,y,scores
0,0,-6.970554
1,0,-6.970554
2,0,-6.970554
3,1,-6.970554
4,1,-5.0693164
5,1,-4.6314535
6,0,-6.970554
7,1,-5.9213467
8,0,-6.970554
9,0,-6.970554
10,1,-6.2684216
11,1,-6.3817587
12,0,-5.526238
13,0,-6.970554
14,1,-2.2308655
15,1,-6.3294563
16,1,-6.5174227
17,1,-6.970554
18,1,-4.0570073
19,1,-3.5219588
20,1,-5.892057
21,0,-6.707737
22,0,-6.707737
23,0,-6.707737
24,0,-6.3727283
25,0,-6.970554
26,1,-6.4805408
27,1,-3.542161
28,1,-3.773511
29,0,-6.970554
30,1,-5.5053377
31,1,-1.507425
32,0,-6.970554
33,0,-5.4381375
34,0,-5.4381375
35,1,-5.7496033
36,1,-0.6596104
37,0,-6.0515866
38,0,-6.970554
39,1,5.005527
40,1,-4.733319
41,0,-6.970554
42,1,-5.9463673
43,1,-6.970554
44,0,-6.970554
45,1,-6.970554
46,0,-4.331323
47,1,-1.1886593
48,1,-6.970554
49,1,-5.088654
50,1,-1.7858492
51,1,-4.1491084
52,1,-6.840049
53,1,-4.367187
54,0,-2.7481241
55,0,-6.970554
56,0,-5.5304036
57,0,-6.970554
58,1,-1.9611479
59,1,-3.9387176
60,1,-3.3102033
61,1,-5.682028
62,1,-6.970554
63,1,-5.2995343
64,0,-6.822328
65,1,-2.6543348
66,1,-4.8498197
67,1,-3.9938312
68,1,-6.970554
69,1,-5.812435
70,1,-2.5239635
71,0,-6.0536575
72,1,-5.631692
73,0,-6.797054
74,1,-6.4528027
75,1,-6.5472445
76,0,-6.970554
77,1,-3.4295428
78,1,-6.970554
79,1,-4.1979966
80,1,-4.0522504
81,1,-3.2881308
82,0,-6.970554
83,0,-6.970554
84,1,-4.3488035
85,0,-4.3488035
86,0,-6.970554
87,0,-6.970554
88,0,-6.970554
89,0,-6.970554
90,0,-6.970554
91,0,-6.970554
92,0,-6.970554
93,0,-6.970554
94,0,-6.970554
95,0,-6.970554
96,0,-6.970554
97,0,-6.970554
98,0,-6.970554
99,0,-6.970554
100,0,-6.970554
101,0,-6.970554
102,1,-6.970554
103,1,-6.970554
104,1,-6.970554
105,0,-6.970554
106,1,-4.8062453
107,0,-6.970554
108,0,-6.970554
109,0,-6.970554
110,1,-3.8236988
111,1,-3.3705404
112,1,-6.3727283
113,0,-6.970554
114,0,-6.970554
115,1,-6.970554
116,1,-2.0490837
117,1,-5.7746162
118,0,-6.970554
119,0,-6.970554
120,1,-2.4550984
121,1,-5.633648
122,0,-5.8498178
123,0,-5.8498178
124,1,-6.970554
125,0,-6.970554
126,0,-6.970554
127,0,-6.970554
128,1,-3.5405905
129,0,-6.970554
130,0,-6.970554
131,1,-3.8325284
132,0,-6.970554
133,1,-4.3466477
134,1,-4.320308
135,1,4.9864044
136,1,4.9864044
137,0,-6.8904796
138,1,-3.3538282
139,0,-6.970554
140,0,-6.970554
141,0,-6.779002
142,0,-6.970554
143,1,-5.4274774
144,1,-5.50168
145,1,-6.0221457
146,1,-5.1901655
147,0,-6.7090607
148,0,-6.970554
149,0,-6.970554
150,0,-6.970554
151,1,-6.3726983
152,1,-1.942182
153,0,-6.970554
154,0,-6.970554
155,0,-6.970554
156,0,-6.970554
157,0,-6.970554
158,1,-1.513704
159,0,-1.513704
160,0,-4.2675824
161,0,-5.082561
162,1,-5.082561
163,0,-6.970554
164,1,-3.5746396
165,1,-6.9310718
166,1,-3.5192423
167,1,-4.6270504
168,1,-5.111218
169,0,-6.970554
170,1,-6.7054825
171,1,-5.2811875
172,1,-5.7545133
173,1,-6.970554
174,1,-6.5063004
175,0,-4.2246547
176,1,-2.7545462
177,1,-3.6780624
178,1,-5.3223333
179,0,-6.970554
180,1,-5.9038205
181,0,-6.970554
182,1,-4.906709
183,0,-6.970554
184,1,-4.419097
185,1,-6.534683
186,0,-6.970554
187,1,-1.3719156
188,0,-6.970554
189,0,-6.970554
190,1,-4.337561
191,1,-1.3800831
192,0,-1.3800831
193,1,-4.8036275
194,1,-4.6900797
195,1,-4.468639
196,1,-3.373207
197,1,-6.267917
198,1,-4.9686646
199,1,-6.233475
200,1,-5.021681
201,0,-5.021681
202,1,-4.2136006
203,1,-6.6378245
204,0,-5.2286115
205,1,-3.4392998
206,1,-5.7448745
207,1,-5.1437106
208,1,-5.1437106
209,0,-6.003041
210,1,-6.329887
211,1,-1.4277066
212,1,-6.020225
213,1,-1.9352143
214,1,-5.082624
215,1,-1.125893
216,1,-2.0887773
217,1,-1.7966164
218,1,-2.8855577
219,1,-4.446028
220,0,-6.970554
221,1,-6.1661234
222,1,-4.3064103
223,0,-6.970554
224,0,-6.631729
225,1,-3.169489
226,1,-6.970554
227,1,-0.69017416
228,0,-6.109521
229,1,-3.177689
230,1,-6.0967627
231,1,-3.110721
232,1,-1.4668368
233,1,-5.0772815
234,1,-5.0772815
235,0,-6.2970715
236,0,-5.253913
237,1,-2.4178064
238,0,-5.015266
239,1,-5.015266
240,0,-6.970554
241,1,-6.970554
242,1,-2.1009245
243,1,-3.789003
244,1,-3.789003
245,0,-6.970554
246,0,-5.539276
247,1,-3.7258506
248,0,-6.970554
249,0,-6.970554
250,0,-4.4658875
251,0,-6.970554
252,0,-6.970554
253,0,-4.9804306
254,0,-4.9804306
255,0,-4.9804306
256,0,-4.9804306
257,1,-6.970554
258,1,-6.1418705
259,1,-5.5837555
260,0,-6.2693233
261,1,-4.6837907
262,1,-6.970554
263,1,-3.2278311
264,1,-6.970554
265,1,-4.1347265
266,1,-2.54357
267,1,-4.3279405
268,1,-4.232309
269,0,-6.970554
270,1,-4.9825983
271,1,-6.4146824
272,1,-6.4146824
273,1,-6.970554
274,1,-5.45486
275,1,-2.555583
276,1,-1.9109377
277,1,-4.320272
278,0,-6.7054825
279,1,-6.970554
280,0,-6.970554
281,1,-1.5834138
282,1,-4.0512013
283,0,-6.970554
284,1,-4.5960426
285,1,-6.7054825
286,1,-4.1762037
287,1,-5.1163716
288,1,-5.1163716
289,1,-4.0375023
290,1,-3.2478762
291,0,-3.2478762
292,0,-3.2478762
293,0,-6.970554
294,1,-5.38354
295,1,-7.112543
296,0,-7.112543
297,0,-6.970554
298,0,-6.7054825
299,1,-3.287451
300,0,-3.287451
301,0,-6.7054825
302,0,-6.7054825
303,1,-3.0671678
304,1,-0.9718096
305,1,-5.3082404
306,1,-5.962564
307,1,-0.96209115
308,0,-6.6814594
309,0,-6.970554
310,0,-6.970554
311,0,-6.970554
312,0,-6.970554
313,0,-6.970554
314,1,-3.3227139
315,1,-3.6026883
316,0,-3.6026883
317,1,-6.970554
318,1,-2.0683763
319,1,-5.9895935
320,1,-2.1345181
321,1,-6.166269
322,1,-6.0129585
323,1,-5.57619
324,1,-6.058949
325,0,-6.058949
326,0,-6.970554
327,1,-5.434054
328,1,-5.023802
329,0,-5.554495
330,1,-3.5545244
331,1,-4.6218696
332,0,-4.6218696
333,0,-4.6218696
334,0,-4.6218696
335,0,-4.6218696
336,1,-5.8922677
337,1,-5.8922677
338,1,1.6370928
339,0,-6.970554
340,0,-6.970554
341,1,-5.1977015
342,1,-2.8888094
343,1,-5.207912
344,1,-5.2477474
345,1,-1.5146658
346,1,-6.970554
347,0,-6.970554
348,1,-6.970554
349,0,-6.970554
350,0,-6.970554
351,1,-2.2424774
352,1,-2.2424774
353,1,-3.4398398
354,0,-6.970554
355,0,-6.970554
356,0,-6.970554
357,0,-6.970554
358,0,-6.970554
359,0,-6.970554
360,1,-4.00708
361,0,-6.970554
362,0,-6.970554
363,1,-2.9453592
364,0,-6.970554
365,1,-6.3393154
366,0,-6.970554
367,1,-5.4381375
368,0,-6.8476286
369,1,-6.970554
370,1,-3.4761026
371,1,-5.048605
372,1,-0.8484253
373,1,-5.9618134
374,0,-6.3727283
375,1,-3.946807
376,0,-6.970554
377,1,-5.947048
378,0,-6.822328
379,1,-5.027088
380,0,-5.0437512
381,0,-6.970554
382,1,-6.3727283
383,1,-3.8573616
384,1,-4.2955074
385,1,-6.970554
386,1,-2.9552958
387,1,-6.970554
388,0,-6.970554
389,0,-6.970554
390,0,-6.970554
391,1,-3.6878748
392,1,-2.4603524
393,1,-4.5007424
394,0,-6.970554
395,1,-4.3511353
396,1,-2.4451115
397,1,-6.970554
398,1,-3.905614
399,0,-6.970554
400,1,-2.2286012
401,1,-3.7510862
402,1,-4.5720644
403,0,-6.970554
404,1,-4.8588834
405,1,-4.8588834
406,1,-4.8588834
407,1,-3.9087284
408,0,-6.055549
409,0,-6.970554
410,0,-6.970554
411,1,-5.146191
412,1,-6.9211845
413,1,-6.970554
414,1,-2.9889638
415,0,-6.970554
416,0,-6.970554
417,0,-6.970554
418,0,-6.970554
419,1,-2.6696863
420,0,-6.970554
421,1,-6.970554
422,1,-6.427661
423,0,-6.970554
424,0,-6.970554
425,0,-6.970554
426,1,-6.970554
427,1,-5.0151167
428,1,-1.8338186
429,0,-6.970554
430,1,-4.3732724
431,1,-5.278628
432,1,-4.492019
433,0,-6.970554
434,1,-2.673518
435,1,-2.673518
436,0,-6.65626
437,0,-6.970554
438,0,-6.970554
439,1,-5.36039
440,0,-4.794864
441,1,-4.794864
442,1,-4.0915785
443,0,-6.970554
444,0,-6.970554
445,0,-6.970554
446,1,-6.970554
447,1,-4.284948
448,0,-5.578006
449,0,-6.970554
450,1,-3.3145194
451,0,-3.3145194
452,0,-3.3145194
453,0,-6.970554
454,1,-4.307539
455,0,-6.970554
456,0,-6.970554
457,0,-6.970554
458,1,-3.2273662
459,1,-1.5609056
460,0,-1.5609056
461,1,-4.1549745
462,1,-2.5704978
463,0,-6.970554
464,0,-6.970554
465,1,-4.699368
466,0,-5.8317523
467,1,-6.356241
468,1,-5.864713
469,1,-5.87241
470,0,-6.970554
471,0,-6.970554
472,0,-5.414656
473,0,-6.9367414
474,1,-6.9367414
475,1,-4.0070753
476,0,-4.0070753
477,0,-4.0070753
478,1,-0.6748729
479,1,-4.010973
480,1,-4.010973
481,1,-1.9718246
482,1,-0.9697282
483,0,-0.9697282
484,0,-0.9697282
485,1,-3.5523837
486,1,-2.29356
487,1,-3.1815505
488,1,-2.025485
489,1,-5.663178
490,0,-6.970554
491,0,-6.970554
492,1,-3.3282385
493,1,-6.0105147
494,1,-3.837703
495,1,-0.7991962
496,1,-2.5923226
497,0,-2.5923226
498,1,-6.970554
499,0,-6.970554
500,0,-6.970554
501,1,-2.8206878
502,1,-2.4923825
503,0,-6.8476286
504,0,-6.970554
505,1,-4.798499
506,0,-4.798499
507,0,-4.798499
508,0,-4.798499
509,1,-3.0731592
510,0,-6.970554
511,0,-6.970554
512,0,-6.6393623
513,1,-4.458812
514,0,-6.970554
515,1,-4.7893786
516,0,-6.153805
517,1,-6.153805
518,1,-6.306528
519,0,-6.970554
520,1,-4.466691
521,1,-6.822328
522,0,-6.884992
523,0,-5.688695
524,1,-6.10935
525,0,-6.970554
526,1,-6.970554
527,1,-6.970554
528,1,-6.439791
529,1,-6.625408
530,0,-6.625408
531,0,-6.970554
532,0,-6.970554
533,1,-5.160829
534,1,-4.7317667
535,1,-6.7054825
536,0,-6.7054825
537,0,-6.970554
538,0,-6.970554
539,0,-6.8366814
540,1,-3.9870296
541,0,-5.5147185
542,0,-6.970554
543,0,-6.970554
544,1,-5.436235
545,0,-6.970554
546,0,-6.970554
547,0,-6.6743116
548,0,-4.814781
549,1,-4.814781
550,0,-6.970554
551,0,-6.970554
552,1,-6.970554
553,1,-5.9972363
554,1,-3.2889154
555,0,-6.970554
556,1,-6.5148835
557,1,-6.92961
558,0,-6.970554
559,0,-3.5312467
560,1,-3.5312467
561,1,-2.593915
562,1,-3.1269138
563,1,-3.9605503
564,1,1.4091704
565,1,-6.080638
566,0,-6.970554
567,0,-6.970554
568,1,-4.0496244
569,1,-3.8213425
570,1,-3.814952
571,1,-6.1977844
572,1,-5.6400223
573,0,-6.970554
574,1,-2.850046
575,0,-6.970554
576,1,-4.2263975
577,0,-4.2263975
578,1,-3.0953546
579,0,-4.823355
580,1,-1.7072982
581,1,-3.8498342
582,0,-6.970554
583,0,-6.970554
584,0,-6.970554
585,0,-4.711967
586,0,-4.711967
587,1,-6.970554
588,1,-6.970554
589,0,-6.3727283
590,0,-6.970554
591,1,-4.0349236
592,0,-4.4282537
593,0,-6.970554
594,1,-2.1525097
595,0,-6.8282247
596,1,-4.9421964
597,1,-5.443674
598,0,-6.7054825
599,1,-5.8860693
600,1,-5.8860693
601,1,-0.21962908
602,0,-6.970554
603,1,-1.4483417
604,1,-4.5381727
605,1,-6.970554
606,0,-6.970554
607,0,-6.3711877
608,1,-2.160364
609,0,-6.970554
610,0,-6.970554
611,0,-6.970554
612,0,-6.970554
613,0,-6.970554
614,0,-6.970554
615,1,-6.970554
616,0,-6.970554
617,0,-6.970554
618,0,-6.779955
619,0,-6.970554
620,1,-4.097193
621,1,-4.6630006
622,1,-6.2208304
623,1,-5.372842
624,0,-4.4914007
625,0,-4.4914007
626,0,-4.4914007
627,1,-1.9132501
628,1,-4.362014
629,1,-6.3130355
630,1,-4.0434313
631,1,-2.51243
632,0,-2.51243
633,1,-4.689609
634,1,-6.5047607
635,1,-5.4413757
636,1,-6.970554
637,0,-6.35668
638,0,-6.35668
639,0,-5.829076
640,0,-6.970554
641,1,-6.970554
642,0,-6.970554
643,1,-2.884914
644,1,-2.3892565
645,1,-5.7510166
646,1,-6.970554
647,1,-1.2053549
648,0,-7.068046
649,1,-4.479527
650,0,-4.479527
651,1,-5.075486
652,0,-6.970554
653,1,-5.7652597
654,1,-4.7389026
655,0,-4.481975
656,0,-6.970554
657,0,-6.970554
658,0,-6.970554
659,0,-6.970554
660,0,-6.970554
661,0,-6.970554
662,0,-6.970554
663,0,-6.970554
664,0,-6.970554
665,0,-6.970554
666,0,-6.970554
667,0,-6.970554
668,0,-6.970554
669,0,-6.970554
670,0,-6.970554
671,0,-6.970554
672,0,-6.970554
673,0,-6.970554
674,0,-6.970554
675,0,-6.970554
676,0,-6.970554
677,0,-6.970554
678,0,-6.970554
679,0,-6.970554
680,0,-6.970554
681,0,-6.970554
682,0,-6.970554
683,0,-6.970554
684,0,-6.970554
685,0,-6.970554
686,1,-6.970554
687,0,-6.970554
688,0,-5.70943
689,1,-4.768178
690,1,-4.768178
691,1,-4.0176973
692,0,-7.024411
693,1,-3.566746
694,1,-6.3727283
695,1,-4.991217
696,1,-3.6386414
697,1,-4.2995343
698,0,-6.970554
699,1,-4.072022
700,1,-5.3995905
701,0,-6.970554
702,0,-6.970554
703,1,-6.970554
704,0,-6.970554
705,1,-5.6512566
706,1,-4.1647606
707,0,-6.970554
708,1,-3.4928095
709,1,-6.009985
710,1,-6.009985
711,1,-0.35665897
712,0,-4.748759
713,1,-5.886685
714,1,-5.986094
715,1,-1.5703285
716,1,-1.5703285
717,0,-5.3772163
718,1,-5.3772163
719,1,-5.8772755
720,1,-5.8772755
721,0,-5.8772755
722,0,-5.599905
723,0,-4.5620494
724,1,-1.747992
725,0,-6.970554
726,1,-3.6086528
727,0,-6.779955
728,1,-5.842768
729,1,-5.842768
730,0,-4.7006903
731,1,-4.7006903
732,0,-6.970554
733,1,-5.7024007
734,0,-6.970554
735,1,-6.970554
736,1,-6.040435
737,1,-6.1196113
738,0,-6.970554
739,0,-6.970554
740,0,-6.970554
741,0,-6.1499147
742,0,-6.1499147
743,0,-6.970554
744,0,-6.970554
745,0,-6.970554
746,0,-6.970554
747,0,-6.970554
748,0,-6.970554
749,0,-6.970554
750,0,-6.970554
751,0,-6.970554
752,0,-6.970554
753,0,-6.970554
754,0,-6.970554
755,0,-6.970554
756,0,-6.970554
757,0,-6.970554
758,1,-6.970554
759,0,-6.970554
760,0,-6.970554
761,0,-6.970554
762,0,-6.970554
763,0,-6.970554
764,0,-6.970554
765,0,-6.970554
766,0,-6.970554
767,0,-6.970554
768,1,-5.7720795
769,0,-4.282796
770,1,-4.282796
771,0,-6.970554
772,0,-6.822328
773,0,-6.970554
774,0,-6.970554
775,1,-4.77871
776,1,-4.28386
777,1,-4.28386
778,1,-7.093296
779,1,-5.030849
780,1,-6.970554
781,1,-6.970554
782,1,-2.971928
783,0,-6.970554
784,1,-2.8660004
785,0,-6.970554
786,0,-6.822328
787,0,-6.970554
788,0,-6.970554
789,0,-6.970554
790,0,-6.970554
791,0,-6.970554
792,1,-4.4401894
793,1,-5.4059167
794,1,-5.0947275
795,0,-5.0947275
796,1,-5.3386636
797,1,-3.0429397
798,0,-6.970554
799,1,-5.9519324
800,0,-6.970554
801,1,-3.0665076
802,0,-6.970554
803,0,-6.970554
804,1,-5.328626
805,0,-5.975053
806,0,-4.799235
807,1,-4.799235
808,1,-0.60671556
809,0,-6.970554
810,0,-6.970554
811,1,-3.5894353
812,0,-6.970554
813,1,-5.9227853
814,1,-6.531152
815,1,-4.707174
816,1,-4.823352
817,1,-6.970554
818,1,-6.4147215
819,1,-5.4311523
820,1,-6.970554
821,0,-6.970554
822,0,-6.970554
823,1,-5.1163254
824,0,-6.970554
825,0,-6.970554
826,0,-6.970554
827,0,-6.970554
828,0,-6.970554
829,0,-6.970554
830,0,-6.970554
831,1,-3.8246999
832,1,-1.0580271
833,0,-6.970554
834,0,-6.970554
835,0,-6.970554
836,1,-4.6606135
837,0,-6.970554
838,1,0.3431341
839,0,-6.970554
840,0,-6.970554
841,1,-4.893173
842,1,-3.7468493
843,1,-3.682853
844,0,-3.682853
845,1,-5.183101
846,0,-6.970554
847,0,-6.970554
848,0,-6.970554
849,1,-3.7687957
850,0,-6.970554
851,0,-6.970554
852,1,-4.5013657
853,1,-4.8610244
854,1,-5.333444
855,1,-5.631318
856,0,-4.36653
857,0,-6.970554
858,0,-6.970554
859,1,-5.9863935
860,1,-4.178701
861,1,-4.3443418
862,0,-7.192238
863,1,-4.171813
864,0,-6.970554
865,1,-5.0361547
866,1,-5.909774
867,0,-6.970554
868,0,-6.970554
869,0,-6.2048087
870,1,-4.3409376
871,1,-5.253271
872,0,-6.970554
873,1,-6.1943088
874,1,-4.944545
875,1,-3.2913203
876,0,-6.7054825
877,1,-4.9767895
878,1,-0.6791918
879,0,-6.970554
880,0,-6.970554
881,1,-6.970554
882,1,-6.970554
883,0,-6.970554
884,0,-6.970554
885,0,-6.970554
886,0,-6.970554
887,0,-6.970554
888,0,-6.8904796
889,1,-4.4300404
890,1,-4.4657593
891,0,-4.4657593
892,1,-6.970554
893,0,-6.970554
894,1,-6.970554
895,0,-6.970554
896,1,-6.970554
897,0,-6.970554
898,0,-3.137158
899,1,-3.9973037
900,0,-6.970554
901,1,0.15190387
902,0,-6.970554
903,0,-6.92961
904,1,-3.4656873
905,0,-6.970554
906,1,-5.6805267
907,0,-6.970554
908,0,-6.970554
909,0,-6.970554
910,0,-6.970554
911,0,-6.970554
912,1,-3.3316417
913,1,-1.9955796
914,1,-4.6699047
915,1,-6.970554
916,0,-6.970554
917,0,-6.970554
918,1,-5.7886662
919,0,-6.970554
920,1,-3.617044
921,0,-6.557439
922,0,-6.841844
923,1,-3.1308367
924,0,-6.970554
925,0,-6.970554
926,0,-6.970554
927,1,-6.970554
928,0,-6.970554
929,0,-6.970554
930,1,-4.947903
931,1,-0.6073368
932,1,-4.5966372
933,1,-3.3132153
934,0,-6.970554
935,0,-6.970554
936,0,-6.698151
937,0,-6.970554
938,1,-5.0983067
939,0,-6.970554
940,0,-6.148662
941,0,-6.2186413
942,1,-5.9782915
943,0,-6.8476286
944,0,-6.970554
945,1,-6.970554
946,1,-3.2192771
947,0,-6.970554
948,0,-5.942286
949,1,-5.5670333
950,0,-6.970554
951,0,-6.970554
952,0,-6.970554
953,1,-6.52508
954,1,-4.8441854
955,1,-3.53647
956,1,-3.3120728
957,0,-7.172637
958,0,-6.970554
959,0,-6.970554
960,1,0.84198684
961,0,-6.970554
962,0,-6.970554
963,1,-6.970554
964,0,-6.970554
965,1,-5.613493
966,0,-6.970554
967,0,-6.970554
968,1,-5.4510183
969,1,-6.3188105
970,0,-5.749353
971,1,-5.5142326
972,0,-5.5142326
973,1,-1.8509566
974,0,-1.8509566
975,1,-5.2024646
976,1,-6.970554
977,0,-6.970554
978,1,-3.6185892
979,1,-3.030231
980,0,-6.3553557
981,1,-5.788354
982,1,-4.424416
983,1,-2.4146876
984,1,-4.7415743
985,0,-6.970554
986,1,0.18699071
987,0,-6.1763783
988,1,-5.1431265
989,0,-6.582557
990,1,-3.170369
991,1,-6.183921
992,0,-6.970554
993,1,-4.4557686
994,1,-1.6261089
995,1,-1.6261089
996,0,-6.970554
997,1,-3.7199605
998,1,-4.3232365
999,1,-4.3232365
1000,0,-6.970554
1001,1,-4.2909985
1002,0,-4.2909985
1003,0,-6.970554
1004,1,-6.970554
1005,1,-4.3338323
1006,1,-6.970554
1007,1,-5.5445943
1008,1,-6.970554
1009,0,-4.675
1010,1,-6.970554
1011,0,-0.5533047
1012,1,-4.6906376
1013,1,-4.902844
1014,1,-4.9202275
1015,1,-5.7937846
1016,0,-6.970554
1017,1,-5.929018
1018,1,-6.970554
1019,1,-5.621473
1020,1,-5.898508
1021,0,-6.970554
1022,0,-6.970554
1023,1,-3.3082485
1024,0,-3.3082485
1025,1,-5.631273
1026,0,-2.537319
1027,1,-3.0962744
1028,0,-6.970554
1029,0,-4.694704
1030,0,-6.970554
1031,1,-2.5951455
1032,1,-6.4920444
1033,1,-3.3002899
1034,0,-4.041154
1035,1,-4.5198126
1036,1,-6.970554
1037,1,-2.6263502
1038,0,-6.970554
1039,1,-5.699191
1040,0,-6.970554
1041,1,-0.4398497
1042,1,-4.6497555
1043,1,-3.942054
1044,0,-6.970554
1045,1,-5.4975033
1046,0,-6.970554
1047,0,-6.970554
1048,0,-6.970554
1049,1,-2.002141
1050,1,-2.7249818
1051,1,-3.0289695
1052,0,-6.970554
1053,0,-6.970554
1054,1,-6.970554
1055,0,-6.970554
1056,1,-4.5935464
1057,0,-6.970554
1058,0,-6.970554
1059,0,-6.970554
1060,0,-6.970554
1061,0,-6.7054825
1062,0,-6.4046583
1063,0,-6.970554
1064,1,-4.141408
1065,1,-2.3235538
1066,1,-6.970554
1067,0,-6.970554
1068,0,-6.970554
1069,1,-4.706308
1070,1,-0.08358022
1071,1,-5.214096
1072,0,-5.5938296
1073,1,-4.1736474
1074,1,-4.574407
1075,0,-6.970554
1076,0,-6.970554
1077,0,-6.970554
1078,0,-6.970554
1079,0,-6.970554
1080,0,-6.970554
1081,0,-6.970554
1082,0,-6.970554
1083,0,-6.970554
1084,0,-6.970554
1085,0,-6.970554
1086,0,-6.970554
1087,0,-6.970554
1088,0,-6.970554
1089,0,-6.970554
1090,0,-6.970554
1091,0,-6.970554
1092,0,-6.970554
1093,0,-6.970554
1094,0,-6.970554
1095,0,-6.970554
1096,0,-6.970554
1097,0,-6.970554
1098,0,-6.970554
1099,0,-5.4227896
1100,1,-6.1659403
1101,1,-2.904469
1102,0,-6.970554
1103,1,-6.970554
1104,0,-6.970554
1105,1,-6.970554
1106,0,-6.970554
1107,1,-2.0558484
1108,0,-6.970554
1109,1,-5.4549117
1110,0,-6.970554
1111,0,-6.970554
1112,1,-5.9213467
1113,0,-5.9213467
1114,0,-6.970554
1115,1,-4.134539
1116,1,-6.2684216
1117,1,-6.2684216
1118,1,-5.526238
1119,1,-6.970554
1120,1,-4.833722
1121,1,-2.2308655
1122,1,-2.2308655
1123,1,-6.389396
1124,1,-6.5174227
1125,0,-4.0570073
1126,0,-3.5219588
1127,0,-3.5219588
1128,0,-6.970554
1129,1,-5.366527
1130,1,-6.5220737
1131,1,-6.707737
1132,1,-6.707737
1133,1,-6.970554
1134,1,-5.224572
1135,1,-4.997395
1136,0,-6.970554
1137,0,-6.970554
1138,0,-6.970554
1139,0,-6.970554
1140,1,-6.4805408
1141,0,-6.970554
1142,1,-1.7496532
1143,1,-3.773511
1144,0,-6.970554
1145,1,-6.970554
1146,0,-6.970554
1147,1,-5.5053377
1148,1,-1.507425
1149,1,-5.4381375
1150,1,-5.7496033
1151,1,-6.970554
1152,0,-6.970554
1153,1,-6.0515866
1154,1,-6.0515866
1155,1,5.005527
1156,1,-3.7589872
1157,1,-0.5748549
1158,1,-5.9463673
1159,0,-6.970554
1160,1,-6.970554
1161,1,-6.970554
1162,0,-6.970554
1163,1,-6.970554
1164,0,-6.970554
1165,0,-6.970554
1166,1,-6.970554
1167,1,-4.331323
1168,1,-6.970554
1169,1,-5.088654
1170,0,-6.970554
1171,0,-6.970554
1172,1,-2.7481241
1173,1,-5.822075
1174,1,-5.5304036
1175,0,-6.970554
1176,0,-6.970554
1177,1,-6.164068
1178,0,-6.970554
1179,1,-6.970554
1180,1,-4.0052357
1181,0,-4.0052357
1182,1,-5.2995343
1183,1,-6.2682633
1184,1,-6.970554
1185,0,-6.970554
1186,1,-2.5239635
1187,1,-5.139012
1188,1,-5.6104493
1189,1,-6.0536575
1190,1,-6.4528027
1191,1,-6.970554
1192,1,-6.970554
1193,0,-6.970554
1194,0,-6.970554
1195,1,-6.779955
1196,1,-2.1590967
1197,0,-6.970554
1198,0,-6.970554
1199,0,-6.970554
1200,0,-6.970554
1201,0,-6.970554
1202,0,-6.970554
1203,0,-6.970554
1204,0,-6.970554
1205,0,-6.970554
1206,0,-6.970554
1207,0,-6.970554
1208,0,-6.970554
1209,0,-6.970554
1210,0,-6.970554
1211,0,-6.970554
1212,1,-6.970554
1213,1,-3.8236988
1214,0,-6.970554
1215,1,-2.0490837
1216,1,-2.0490837
1217,0,-6.970554
1218,0,-6.970554
1219,1,-4.993509
1220,0,-6.970554
1221,0,-6.970554
1222,1,-5.6585298
1223,0,-2.4550984
1224,1,-5.8498178
1225,1,-6.970554
1226,0,-6.970554
1227,0,-6.970554
1228,0,-6.582557
1229,1,-5.794132
1230,1,-5.1823926
1231,0,-6.970554
1232,1,-5.322262
1233,0,-6.970554
1234,1,-6.970554
1235,1,-6.970554
1236,1,-4.3466477
1237,0,-6.970554
1238,1,-3.8438978
1239,1,-3.6565735
1240,1,-3.1854122
1241,0,-6.8136253
1242,0,-5.1761413
1243,1,-5.0403175
1244,0,-6.970554
1245,0,-6.970554
1246,1,-4.8099895
1247,1,-6.01029
1248,1,-6.0221457
1249,1,-6.1237993
1250,1,-5.6945233
1251,1,-6.779955
1252,1,-5.378546
1253,1,-2.9643843
1254,1,-5.9446516
1255,1,-6.970554
1256,0,-6.970554
1257,0,-6.970554
1258,1,-1.513704
1259,0,-6.970554
1260,1,-5.769326
1261,1,-5.769326
1262,1,-4.2675824
1263,1,-5.082561
1264,1,-5.5685167
1265,1,-5.3304033
1266,1,-4.4277496
1267,1,-6.9310718
1268,1,-5.622548
1269,1,-6.541831
1270,1,-5.143535
1271,0,-5.111218
1272,1,-6.465661
1273,1,-6.970554
1274,1,-6.234451
1275,1,-6.057676
1276,1,-6.970554
1277,1,-5.2811875
1278,0,-6.970554
1279,1,-4.825646
1280,1,-4.2246547
1281,0,-2.7545462
1282,1,-5.9038205
1283,1,-5.9038205
1284,1,-6.074085
1285,1,-6.5148835
1286,1,-4.9173207
1287,0,-6.970554
1288,0,-6.970554
1289,1,-6.970554
1290,0,-6.970554
1291,0,-6.970554
1292,0,-4.337561
1293,1,-5.6692505
1294,1,-6.267917
1295,1,-5.956286
1296,0,-6.663308
1297,1,-6.970554
1298,0,-5.7109222
1299,0,-6.970554
1300,0,-6.970554
1301,1,-4.935984
1302,1,-5.2286115
1303,0,-6.970554
1304,1,-6.7860503
1305,1,-5.0252643
1306,1,-5.2366505
1307,0,-6.970554
1308,1,-6.3727283
1309,1,-2.0887773
1310,0,-2.0887773
1311,1,-1.7966164
1312,1,-6.1661234
1313,1,-4.970453
1314,1,-6.970554
1315,0,-6.970554
1316,1,-6.970554
1317,0,-6.6743116
1318,1,-6.631729
1319,0,-6.631729
1320,0,-6.631729
1321,0,-6.631729
1322,0,-6.970554
1323,1,-2.9203951
1324,0,-3.169489
1325,1,-6.109521
1326,1,-5.544291
1327,0,-6.5258307
1328,0,-6.5258307
1329,0,-6.4528027
1330,1,-6.65626
1331,1,-5.0772815
1332,0,-5.0772815
1333,1,-5.7153845
1334,0,-5.015266
1335,1,-5.015266
1336,1,-5.015266
1337,0,-3.994916
1338,1,-3.994916
1339,1,-2.1009245
1340,1,-3.789003
1341,0,-6.970554
1342,1,-6.970554
1343,1,-3.003035
1344,1,-4.4998546
1345,1,-6.7054825
1346,1,-6.970554
1347,0,-6.970554
1348,1,-4.9804306
1349,0,-6.9271665
1350,1,-3.4755127
1351,1,-3.4755127
1352,1,-6.779955
1353,1,-5.5837555
1354,1,-4.524978
1355,0,-6.970554
1356,1,-6.962791
1357,0,-6.437279
1358,1,-6.970554
1359,1,-4.3279405
1360,1,-4.448869
1361,1,-5.7452183
1362,0,-5.9191275
1363,1,-4.854161
1364,1,-6.3432026
1365,0,-6.970554
1366,0,-4.232309
1367,1,-6.4971576
1368,1,-6.08286
1369,1,-6.970554
1370,0,-6.970554
1371,1,-5.057428
1372,0,-6.970554
1373,1,-6.4146824
1374,1,-6.4146824
1375,1,-5.777932
1376,1,-6.840049
1377,0,-5.9230065
1378,1,-5.45486
1379,0,-6.7054825
1380,1,-6.779955
1381,0,-6.779955
1382,0,-6.970554
1383,0,-6.970554
1384,0,-6.970554
1385,0,-6.970554
1386,0,-6.970554
1387,1,-6.7054825
1388,0,-6.779955
1389,1,-6.779955
1390,1,-6.5148835
1391,1,-5.1163716
1392,1,-6.6393247
1393,1,-3.2478762
1394,1,-6.779955
1395,0,-5.38354
1396,1,-7.112543
1397,0,-6.970554
1398,0,-6.7054825
1399,0,-6.970554
1400,1,-5.245484
1401,0,-1.37336
1402,1,-3.287451
1403,1,-5.7884946
1404,1,-5.9378057
1405,1,-5.962564
1406,1,-6.6814594
1407,1,-6.970554
1408,0,-6.3457093
1409,1,-5.0382586
1410,1,-3.6026883
1411,0,-3.6026883
1412,0,-2.0683763
1413,0,-5.9895935
1414,0,-2.1345181
1415,1,-6.058949
1416,1,-6.0850835
1417,0,-5.023802
1418,1,-6.7350445
1419,1,-6.970554
1420,0,-5.8922677
1421,0,-5.8922677
1422,1,-5.986094
1423,1,-2.0620184
1424,1,-6.970554
1425,1,-5.1977015
1426,1,-5.1977015
1427,1,-2.2933974
1428,1,-2.8888094
1429,0,-6.970554
1430,1,-1.5146658
1431,0,-1.5146658
1432,1,-1.5146658
1433,1,-6.970554
1434,1,-6.970554
1435,1,-2.2424774
1436,0,-6.970554
1437,1,-6.0325546
1438,1,-6.0325546
1439,1,-6.970554
1440,1,-5.888727
1441,0,-6.970554
1442,0,-1.5777291
1443,0,-6.970554
1444,1,-5.7307477
1445,1,-6.970554
1446,0,-6.9691043
1447,0,-6.970554
1448,0,-6.805651
1449,0,-6.970554
1450,0,-6.970554
1451,0,-6.970554
1452,1,-5.6420465
1453,0,-6.8476286
1454,1,-6.8904796
1455,1,-6.970554
1456,1,-6.970554
1457,1,-3.4761026
1458,1,-3.4761026
1459,1,-5.048605
1460,1,-0.8484253
1461,1,-5.0072985
1462,1,-5.1349664
1463,1,-6.970554
1464,0,-6.970554
1465,1,-5.027088
1466,1,-5.0437512
1467,1,-6.151281
1468,0,-6.970554
1469,1,-5.382321
1470,1,-6.3727283
1471,1,-3.8573616
1472,1,-6.5749774
1473,1,-4.2955074
1474,0,-6.437279
1475,1,-3.550058
1476,1,-6.970554
1477,1,-2.9552958
1478,1,-4.9191046
1479,0,-6.970554
1480,1,-3.8888648
1481,1,-3.6878748
1482,1,-2.4603524
1483,1,-5.221242
1484,1,-6.0276995
1485,0,-4.6744313
1486,1,-4.6744313
1487,0,-6.970554
1488,1,-6.970554
1489,1,-4.4359627
1490,1,-6.970554
1491,0,-6.970554
1492,1,-4.7215557
1493,1,-5.246346
1494,1,-3.7510862
1495,0,-6.970554
1496,1,-4.8588834
1497,1,-5.146191
1498,0,-5.146191
1499,0,-6.970554
1500,0,-2.6696863
1501,1,-5.7312446
1502,0,-6.970554
1503,1,-4.8375783
1504,0,-6.300113
1505,0,-6.970554
1506,0,-6.970554
1507,0,-6.970554
1508,0,-6.970554
1509,1,-6.779955
1510,1,-6.970554
1511,1,-5.0151167
1512,0,-6.970554
1513,1,-4.3732724
1514,0,-4.3732724
1515,0,-5.97933
1516,0,-5.167548
1517,0,-6.970554
1518,1,-4.492019
1519,1,-6.970554
1520,0,-6.970554
1521,1,-6.682726
1522,1,-6.970554
1523,1,-5.3103156
1524,1,-4.794864
1525,0,-6.970554
1526,0,-6.970554
1527,0,-5.812435
1528,0,-5.578006
1529,1,-3.3145194
1530,1,-3.3145194
1531,0,-6.970554
1532,1,-5.7275176
1533,0,-6.970554
1534,0,-6.970554
1535,0,-6.970554
1536,1,-3.0308065
1537,1,-5.8412724
1538,1,-6.779955
1539,1,-6.970554
1540,1,-4.408013
1541,0,-6.970554
1542,0,-6.970554
1543,1,-0.8631882
1544,1,-3.4721763
1545,1,-5.649383
1546,0,-6.970554
1547,0,-6.0794926
1548,1,-6.970554
1549,0,-6.970554
1550,0,-6.970554
1551,0,-6.970554
1552,0,-5.864713
1553,0,-6.970554
1554,1,-3.2539337
1555,0,-6.8904796
1556,1,-6.970554
1557,1,-6.9367414
1558,1,-5.2286115
1559,1,-6.970554
1560,1,-3.3889418
1561,1,-4.010973
1562,1,-4.010973
1563,1,-0.9697282
1564,1,-5.9363055
1565,1,-5.859321
1566,0,-4.6632967
1567,1,-6.970554
1568,1,-5.441036
1569,0,-2.29356
1570,1,-2.5482128
1571,1,-5.7884674
1572,0,-3.1815505
1573,1,-6.762067
1574,0,-6.970554
1575,1,-3.3282385
1576,1,-0.4890288
1577,1,-0.7991962
1578,0,-2.5923226
1579,1,-3.278694
1580,1,-2.4923825
1581,0,-6.970554
1582,0,-6.970554
1583,0,-4.798499
1584,1,-7.172637
1585,1,-6.779955
1586,0,-6.970554
1587,0,-6.970554
1588,0,-6.153805
1589,1,-6.153805
1590,1,-6.9696374
1591,1,-6.319923
1592,0,-6.970554
1593,1,-4.72648
1594,0,-6.324584
1595,1,-5.551537
1596,1,-4.589538
1597,0,-5.6180253
1598,0,-6.970554
1599,1,-6.970554
1600,1,-6.970554
1601,0,-6.7054825
1602,0,-6.7054825
1603,0,-3.9870296
1604,1,-3.9870296
1605,1,-5.5147185
1606,0,-6.970554
1607,0,-6.970554
1608,0,-6.822328
1609,1,-5.1105304
1610,1,-5.436235
1611,0,-5.436235
1612,0,-6.970554
1613,1,-4.814781
1614,0,-6.970554
1615,0,-6.970554
1616,1,-5.9972363
1617,0,-6.970554
1618,0,-3.2889154
1619,1,-6.970554
1620,1,-6.92961
1621,0,-6.970554
1622,1,-3.5312467
1623,0,-3.5312467
1624,1,-6.633225
1625,1,-4.7297845
1626,0,-6.970554
1627,0,-6.970554
1628,1,-3.9605503
1629,0,-6.970554
1630,1,-4.157762
1631,1,-6.3667064
1632,0,-6.970554
1633,0,-6.970554
1634,1,-3.0149627
1635,1,-6.2684216
1636,0,-6.970554
1637,0,-6.970554
1638,0,-6.970554
1639,0,-6.970554
1640,1,-6.1977844
1641,1,-5.6400223
1642,0,-6.970554
1643,0,-4.2263975
1644,1,-6.2684216
1645,0,-6.970554
1646,1,-1.7072982
1647,0,-1.7072982
1648,1,-6.970554
1649,1,-3.8498342
1650,1,-4.711967
1651,1,-6.970554
1652,0,-6.970554
1653,0,-6.970554
1654,1,-6.3081903
1655,0,-6.970554
1656,0,-6.970554
1657,1,-6.715857
1658,0,-6.970554
1659,0,-6.970554
1660,0,-6.970554
1661,0,-6.3727283
1662,1,-6.970554
1663,1,-6.8282247
1664,1,-4.9421964
1665,1,-5.8860693
1666,0,-5.926864
1667,1,-5.7053175
1668,0,-6.970554
1669,1,-1.4483417
1670,1,-1.4483417
1671,1,-4.913956
1672,0,-6.970554
1673,0,-6.970554
1674,0,-6.970554
1675,0,-6.970554
1676,0,-6.970554
1677,0,-6.970554
1678,0,-6.970554
1679,0,-6.970554
1680,0,-4.3030357
1681,1,-6.779955
1682,0,-6.970554
1683,1,-2.509539
1684,0,-5.5583205
1685,1,-6.970554
1686,1,-4.9818172
1687,1,-6.2208304
1688,0,-6.2208304
1689,1,-6.535189
1690,1,-4.4914007
1691,0,-2.51243
1692,0,-2.51243
1693,1,-5.935153
1694,1,-6.43567
1695,1,-6.8653913
1696,0,-6.970554
1697,0,-6.970554
1698,1,-6.970554
1699,1,-5.7325716
1700,1,-6.5047607
1701,1,-6.970554
1702,0,-5.829076
1703,1,-6.970554
1704,1,-6.970554
1705,1,-5.7510166
1706,1,-6.970554
1707,1,-6.3727283
1708,1,-6.342736
1709,0,-6.970554
1710,1,-5.7652597
1711,1,-5.7652597
1712,0,-6.970554
1713,1,-6.970554
1714,0,-4.481975
1715,0,-4.481975
1716,1,-5.989691
1717,1,-4.993509
1718,1,-5.2551727
1719,0,-5.2551727
1720,0,-6.970554
1721,0,-6.970554
1722,0,-6.970554
1723,0,-6.970554
1724,0,-6.970554
1725,0,-6.970554
1726,0,-6.970554
1727,0,-6.970554
1728,0,-6.970554
1729,0,-6.970554
1730,0,-6.970554
1731,0,-6.970554
1732,0,-6.970554
1733,0,-6.970554
1734,0,-6.970554
1735,0,-6.970554
1736,0,-6.970554
1737,0,-6.970554
1738,0,-6.970554
1739,0,-6.970554
1740,0,-6.970554
1741,0,-6.970554
1742,0,-6.970554
1743,0,-6.970554
1744,0,-6.970554
1745,1,-5.6212378
1746,1,-6.970554
1747,1,-6.970554
1748,0,-5.70943
1749,1,-4.9735284
1750,1,-6.970554
1751,1,-4.768178
1752,1,-1.8642975
1753,1,-2.6838539
1754,1,-5.232189
1755,1,-6.3727283
1756,1,-6.3727283
1757,0,-6.970554
1758,1,-6.7054825
1759,0,-6.7054825
1760,0,-6.970554
1761,1,-3.6386414
1762,0,-6.970554
1763,1,-5.428411
1764,1,-3.3076262
1765,0,-6.970554
1766,1,-4.9671516
1767,1,-6.0691695
1768,1,-6.970554
1769,0,-6.970554
1770,0,-6.970554
1771,1,-5.589176
1772,1,-4.748759
1773,0,-6.970554
1774,0,-5.886685
1775,0,-5.886685
1776,1,-6.970554
1777,1,-3.991814
1778,1,-5.986094
1779,1,-1.5703285
1780,0,-1.5703285
1781,1,-5.3772163
1782,1,-5.8772755
1783,1,-5.8772755
1784,1,-5.4208403
1785,0,-5.4208403
1786,0,-5.4208403
1787,1,-6.970554
1788,1,-4.9609
1789,1,-4.1614966
1790,1,-0.4787264
1791,1,-5.842768
1792,1,-5.842768
1793,0,-6.970554
1794,1,-4.7006903
1795,0,-6.970554
1796,0,-6.970554
1797,1,-5.7384887
1798,1,-5.929007
1799,1,-3.4930983
1800,1,-6.970554
1801,1,-6.779955
1802,0,-6.894335
1803,1,-6.040435
1804,1,-6.9138274
1805,0,-6.970554
1806,0,-6.970554
1807,1,-6.008523
1808,0,-6.008523
1809,0,-6.970554
1810,1,-6.1499147
1811,0,-6.970554
1812,0,-6.970554
1813,0,-6.970554
1814,0,-6.970554
1815,0,-6.970554
1816,0,-6.970554
1817,0,-6.970554
1818,0,-6.970554
1819,0,-6.970554
1820,0,-6.970554
1821,0,-6.970554
1822,0,-6.970554
1823,0,-6.970554
1824,0,-6.970554
1825,0,-6.970554
1826,0,-6.970554
1827,0,-6.970554
1828,0,-6.970554
1829,0,-6.970554
1830,0,-6.970554
1831,0,-6.970554
1832,0,-6.970554
1833,1,-6.970554
1834,0,-6.970554
1835,0,-6.970554
1836,1,-6.779955
1837,0,-6.970554
1838,0,-6.970554
1839,1,-3.6229298
1840,1,-6.2618985
1841,1,-5.771724
1842,1,-5.2302413
1843,1,-5.2302413
1844,1,-4.282796
1845,0,-6.970554
1846,0,-6.970554
1847,0,-6.970554
1848,0,-6.970554
1849,0,-6.970554
1850,0,-6.970554
1851,0,-6.970554
1852,1,-6.7324944
1853,1,-6.970554
1854,1,-6.970554
1855,1,-4.28386
1856,1,-4.28386
1857,1,-5.030849
1858,0,-6.4528027
1859,1,-6.970554
1860,1,-2.971928
1861,1,-6.970554
1862,1,-2.8660004
1863,0,-6.970554
1864,0,-6.970554
1865,0,-7.192238
1866,0,-5.0947275
1867,0,-6.970554
1868,0,-6.970554
1869,1,-3.0665076
1870,0,-6.970554
1871,0,-6.970554
1872,0,-6.970554
1873,1,-5.975053
1874,1,-4.799235
1875,0,-6.437237
1876,0,-6.437237
1877,1,-5.9606557
1878,0,-7.172637
1879,0,-6.970554
1880,0,-6.970554
1881,1,-6.8159556
1882,0,-6.970554
1883,1,-6.531152
1884,0,-6.7054825
1885,1,-4.823352
1886,0,-6.970554
1887,0,-6.970554
1888,0,-6.970554
1889,1,-6.4147215
1890,0,-5.4311523
1891,0,-5.4311523
1892,1,-4.544575
1893,1,-4.5325837
1894,0,-6.970554
1895,0,-6.970554
1896,0,-6.970554
1897,1,-6.970554
1898,1,-6.970554
1899,1,-6.970554
1900,0,-6.970554
1901,0,-5.1163254
1902,0,-5.1163254
1903,0,-6.970554
1904,0,-6.970554
1905,0,-6.970554
1906,0,-6.970554
1907,1,-7.172637
1908,0,-6.970554
1909,0,-6.970554
1910,1,-6.970554
1911,0,-6.970554
1912,1,-6.970554
1913,0,-6.970554
1914,0,-6.970554
1915,1,-3.7468493
1916,1,-3.7468493
1917,0,-3.7468493
1918,1,-3.7468493
1919,1,-3.7468493
1920,0,-3.7468493
1921,0,-3.7468493
1922,0,-3.7468493
1923,0,-3.7468493
1924,0,-3.7468493
1925,0,-3.7468493
1926,1,-3.6045654
1927,1,-5.094786
1928,1,-5.183101
1929,0,-6.187731
1930,0,-6.970554
1931,1,-2.0503986
1932,0,-2.0503986
1933,0,-6.970554
1934,0,-6.970554
1935,1,-6.970554
1936,0,-3.7687957
1937,1,-4.5013657
1938,1,-6.970554
1939,0,-4.36653
1940,1,-4.5136356
1941,1,-7.192238
1942,0,-7.192238
1943,0,-6.970554
1944,1,-6.970554
1945,0,-6.970554
1946,1,-4.2634654
1947,0,-6.970554
1948,0,-6.7054825
1949,0,-6.970554
1950,0,-6.970554
1951,0,-6.970554
1952,0,-6.970554
1953,0,-6.1943088
1954,1,-4.320244
1955,0,-4.944545
1956,1,-4.8668556
1957,1,-4.305242
1958,0,-6.5957355
1959,1,-0.6791918
1960,1,-4.222536
1961,0,-6.970554
1962,1,-6.970554
1963,0,-6.970554
1964,0,-6.970554
1965,0,-6.970554
1966,1,-6.970554
1967,1,-6.970554
1968,1,-4.4300404
1969,1,-4.4300404
1970,0,-4.4657593
1971,0,-4.4657593
1972,0,-6.970554
1973,0,-6.970554
1974,0,-6.970554
1975,1,-5.433411
1976,1,-5.988561
1977,1,-4.4614477
1978,0,-6.970554
1979,1,-6.277514
1980,1,-5.1936126
1981,1,-6.5747814
1982,0,-6.636446
1983,0,-6.970554
1984,0,-6.970554
1985,0,-6.970554
1986,1,-5.8852124
1987,0,-6.970554
1988,1,-3.2999494
1989,0,-6.970554
1990,1,-4.7571425
1991,1,-6.970554
1992,0,-6.970554
1993,1,-4.6699047
1994,1,-6.970554
1995,0,-6.970554
1996,1,-6.1377583
1997,0,-5.7886662
1998,1,-6.970554
1999,1,-5.7053175
2000,1,-6.970554
2001,1,-6.5299144
2002,1,-4.835301
2003,0,-3.617044
2004,0,-3.617044
2005,0,-6.970554
2006,1,-6.970554
2007,0,-6.970554
2008,0,-6.8393865
2009,0,-6.970554
2010,1,-6.707737
2011,0,-6.970554
2012,0,-6.970554
2013,1,-5.1594496
2014,1,-4.672169
2015,0,-4.672169
2016,1,-6.0291047
2017,1,-4.9598107
2018,0,-6.970554
2019,1,-6.970554
2020,1,-6.8904796
2021,0,-6.1379166
2022,0,-6.970554
2023,0,-6.970554
2024,0,-6.970554
2025,0,-6.970554
2026,1,-6.148662
2027,1,-6.779955
2028,1,-5.5206113
2029,1,-5.614713
2030,1,-6.2186413
2031,0,-6.2186413
2032,0,-6.970554
2033,1,-5.1257353
2034,1,-6.840049
2035,0,-6.970554
2036,0,-6.970554
2037,0,-6.970554
2038,0,-6.970554
2039,0,-5.6616707
2040,1,-5.4592977
2041,0,-6.970554
2042,1,-5.559678
2043,0,-6.970554
2044,0,-6.970554
2045,0,-6.970554
2046,0,-6.970554
2047,0,-6.970554
2048,0,-6.970554
2049,1,-2.6875112
2050,1,-4.778667
2051,1,-4.2629056
2052,1,-5.5142326
2053,1,-4.438855
2054,0,-5.1314692
2055,1,-4.5456247
2056,0,-6.970554
2057,1,-3.030231
2058,1,-5.648591
2059,0,-4.424416
2060,0,-2.4146876
2061,1,-4.806796
2062,0,-6.970554
2063,0,-6.970554
2064,1,-6.2453437
2065,1,-6.970554
2066,1,-4.226202
2067,1,-6.183921
2068,0,-6.183921
2069,0,-6.183921
2070,1,-5.87996
2071,0,-5.87996
2072,0,-5.87996
2073,0,-1.6261089
2074,1,-4.0874133
2075,0,-6.0691695
2076,1,-3.7199605
2077,1,-4.3232365
2078,0,-6.6743116
2079,0,-6.970554
2080,0,-6.970554
2081,1,-4.379802
2082,1,-4.305126
2083,0,-4.305126
2084,1,-6.970554
2085,0,-4.675
2086,0,-6.970554
2087,1,-4.997395
2088,1,-0.5533047
2089,1,-4.902844
2090,0,-6.970554
2091,1,-5.6256175
2092,0,-6.44226
2093,1,-6.24201
2094,1,-0.19118634
2095,1,-6.779955
2096,1,-6.1314626
2097,0,-6.7054825
2098,1,-4.6248426
2099,1,-5.898508
2100,0,-7.0694957
2101,1,-6.970554
2102,0,-5.631273
2103,0,-5.117864
2104,0,-6.970554
2105,1,-4.694704
2106,0,-6.970554
2107,0,-6.970554
2108,1,-3.3002899
2109,1,-6.970554
2110,1,-4.041154
2111,1,-3.8382888
2112,1,-4.5198126
2113,0,-5.7209234
2114,1,-4.4405184
2115,1,-4.8816223
2116,1,-5.699191
2117,0,-4.7949057
2118,1,-0.4398497
2119,1,-4.6497555
2120,1,-6.970554
2121,0,-3.942054
2122,0,-3.942054
2123,0,-6.970554
2124,0,-5.4975033
2125,1,-2.002141
2126,1,-6.0778227
2127,1,-6.496102
2128,1,-3.741091
2129,0,-3.741091
2130,1,-4.969247
2131,1,-0.45068863
2132,1,-3.0289695
2133,1,-5.987943
2134,1,-6.970554
2135,0,-6.970554
2136,1,-5.6076417
2137,0,-6.970554
2138,0,-6.970554
2139,1,-6.970554
2140,0,-6.970554
2141,0,-6.970554
2142,0,-6.7054825
2143,1,-6.1379166
2144,1,-6.4046583
2145,0,-6.970554
2146,0,-6.970554
2147,1,-2.3235538
2148,0,-2.3235538
2149,1,-6.0778227
2150,1,-0.08358022
2151,0,-5.214096
2152,1,-6.5044127
2153,1,-4.1736474
2154,1,-7.0583653
2155,1,-6.779955
2156,1,-2.671033
2157,1,-5.6409116
2158,0,-4.797789
2159,1,-6.970554
2160,1,-1.0104733
2161,0,-6.970554
2162,0,-6.970554
2163,0,-6.970554
2164,0,-6.970554
2165,0,-6.970554
2166,0,-6.970554
2167,0,-6.970554
2168,0,-6.970554
2169,0,-6.970554
2170,0,-6.970554
2171,0,-6.970554
2172,0,-6.970554
2173,0,-6.970554
2174,0,-6.970554
2175,0,-6.970554
2176,0,-6.970554
2177,0,-6.970554
2178,0,-6.970554
2179,1,-5.4227896
2180,1,-3.8147864
2181,0,-6.970554
2182,0,-5.4549117
2183,0,-4.9903827
2184,0,-6.970554
2185,0,-6.970554
2186,0,-6.970554
2187,0,-1.7858492
2188,0,-2.7481241
2189,0,-6.970554
2190,0,-4.2246547
2191,0,-2.8855577
2192,0,-6.970554
2193,1,-5.015266
2194,0,-6.970554
2195,0,-6.970554
2196,0,-3.994916
2197,0,-6.970554
2198,0,-6.962791
2199,0,-3.2278311
2200,0,-1.5834138
2201,0,-5.1163716
2202,0,-7.112543
2203,0,-3.287451
2204,0,-6.970554
2205,0,-4.2955074
2206,0,-4.6744313
2207,0,-4.6744313
2208,0,-6.970554
2209,0,-3.9087284
2210,0,-5.146191
2211,0,-6.970554
2212,0,-5.0151167
2213,0,-5.0151167
2214,0,-4.794864
2215,0,-4.794864
2216,0,-4.794864
2217,0,-4.794864
2218,0,-0.9697282
2219,0,-0.9697282
2220,0,-6.970554
2221,0,-2.29356
2222,0,-2.025485
2223,0,-3.837703
2224,0,-7.172637
2225,0,-6.970554
2226,0,-6.8366814
2227,0,-2.593915
2228,1,-5.6400223
2229,0,-3.8498342
2230,0,-6.970554
2231,0,-4.9421964
2232,0,-4.207714
2233,0,-6.2208304
2234,0,-6.2208304
2235,0,-6.2208304
2236,1,-6.43567
2237,0,-6.6273923
2238,0,-5.8772755
2239,0,-5.8772755
2240,0,-6.970554
2241,0,-6.970554
2242,0,-6.970554
2243,0,-3.6086528
2244,0,-3.6086528
2245,0,-3.6086528
2246,0,-4.379711
2247,0,-6.970554
2248,0,-4.28386
2249,0,-6.437237
2250,0,-6.970554
2251,0,-6.970554
2252,0,-6.970554
2253,0,-6.970554
2254,0,-6.970554
2255,0,-4.675
2256,0,-4.675
2257,0,-6.970554
2258,0,-3.3002899
2259,0,-3.3002899
2260,0,-6.970554
2261,0,-6.970554
2262,1,-5.8735366
2263,1,-4.7781734
2264,0,-4.7375917
2265,1,-1.2592213
2266,1,-1.2592213
2267,1,-1.2592213
2268,0,-6.970554
2269,0,-6.970554
2270,1,-6.970554
2271,0,-6.970554
2272,1,-6.970554
2273,1,-6.970554
2274,0,-6.970554
2275,0,-6.970554
2276,1,-4.1107554
2277,0,-6.970554
2278,1,-5.69552
2279,1,-2.90728
2280,1,-5.8412724
2281,1,-4.3891826
2282,1,-6.970554
2283,0,-6.970554
2284,1,-5.9974313
2285,1,-1.1429455
2286,1,-3.9525366
2287,1,-6.503645
2288,0,-6.970554
2289,0,-6.970554
2290,0,-6.740798
2291,1,-3.1242745
2292,1,-5.818777
2293,1,-5.042721
2294,1,-5.042721
2295,0,-6.970554
2296,1,-6.178303
2297,1,-5.6508684
2298,1,-5.6508684
2299,0,-6.970554
2300,0,-6.970554
2301,1,-4.0381856
2302,1,-3.427035
2303,0,-3.9708366
2304,0,-6.970554
2305,1,-3.5991523
2306,1,-6.2609344
2307,0,-6.970554
2308,0,-6.970554
2309,1,-3.6369321
2310,0,-6.970554
2311,0,-6.970554
2312,0,-6.970554
2313,0,-6.970554
2314,0,-6.970554
2315,0,-6.970554
2316,0,-6.970554
2317,0,-6.970554
2318,1,-6.970554
2319,1,-6.970554
2320,0,-6.970554
2321,1,-4.7053814
2322,1,-4.9503045
2323,1,-6.188576
2324,0,-6.970554
2325,0,-6.970554
2326,1,-3.471243
2327,0,-6.970554
2328,1,-3.9494524
2329,1,-6.970554
2330,0,-6.970554
2331,0,-6.970554
2332,1,-5.3220825
2333,0,-6.970554
2334,0,-6.970554
2335,0,-6.970554
2336,0,-6.970554
2337,1,-1.4287583
2338,1,-5.1730437
2339,1,-2.2928653
2340,1,-6.7536063
2341,1,-4.3521366
2342,0,-6.970554
2343,0,-6.970554
2344,1,-6.970554
2345,1,-4.57433
2346,1,-5.876426
2347,0,-6.0187974
2348,0,-6.044272
2349,1,-4.8368034
2350,1,-6.970554
2351,0,-6.970554
2352,0,-6.970554
2353,1,-3.5915143
2354,1,-5.024523
2355,0,-6.970554
2356,1,-3.8666224
2357,0,-6.970554
2358,1,-3.5627956
2359,0,-6.970554
2360,0,-3.3838358
2361,1,-5.669454
2362,1,-6.070559
2363,0,-6.070559
2364,0,-6.970554
2365,1,-3.261696
2366,0,-3.261696
2367,0,-6.970554
2368,1,-5.8618436
2369,0,-6.8904796
2370,0,-6.970554
2371,0,-6.970554
2372,0,-6.970554
2373,0,-6.970554
2374,0,-6.970554
2375,0,-6.970554
2376,0,-6.970554
2377,0,-6.970554
2378,0,-6.636446
2379,1,-5.4643064
2380,0,-6.970554
2381,0,-6.970554
2382,0,-6.970554
2383,0,-6.970554
2384,0,-6.970554
2385,0,-6.970554
2386,1,-2.0415921
2387,1,-6.970554
2388,1,-6.616606
2389,0,-4.914859
2390,1,-5.2807975
2391,0,-5.708821
2392,0,-5.708821
2393,0,-5.708821
2394,1,-0.3551296
2395,0,-6.970554
2396,1,-5.5362267
2397,1,-5.109764
2398,1,-2.2969782
2399,0,-3.9421391
2400,0,-3.9421391
2401,1,-0.4213282
2402,1,-4.9502497
2403,0,-6.970554
2404,1,-3.0219693
2405,0,-6.970554
2406,1,1.4063383
2407,1,-3.0138028
2408,1,-4.9544196
2409,1,-4.9544196
2410,0,-6.970554
2411,1,-5.1863484
2412,0,-6.970554
2413,1,-5.57415
2414,1,-3.4568584
2415,1,-5.7168403
2416,0,-5.7168403
2417,1,-4.4389257
2418,1,-3.178493
2419,1,-3.265627
2420,1,-3.6910331
2421,0,-6.970554
2422,1,-5.407361
2423,1,-2.4246676
2424,1,-4.5100107
2425,0,-6.970554
2426,1,-7.044012
2427,1,-6.884992
2428,0,-6.970554
2429,1,-3.3959107
2430,0,-3.0740924
2431,1,-4.670373
2432,0,-6.970554
2433,0,-6.970554
2434,1,-4.5264187
2435,0,-6.970554
2436,1,-4.7619114
2437,0,-6.970554
2438,1,-4.1269665
2439,1,-6.57161
2440,1,-1.2546444
2441,1,-4.7951593
2442,1,-6.970554
2443,1,-3.0400648
2444,1,-3.0400648
2445,0,-4.664393
2446,1,-5.760653
2447,1,-3.8042665
2448,1,-6.970554
2449,1,-1.7829129
2450,1,-1.442558
2451,1,-5.8027697
2452,1,-5.8315024
2453,1,-5.0813007
2454,1,-5.9853334
2455,0,-6.970554
2456,1,-6.970554
2457,0,-5.3262906
2458,1,-5.756181
2459,1,-5.7139554
2460,1,-4.017716
2461,0,-6.970554
2462,0,-6.970554
2463,1,-6.970554
2464,0,-6.970554
2465,1,-6.970554
2466,1,-4.2838097
2467,0,-5.882584
2468,0,-6.740798
2469,1,-5.069877
2470,1,-4.7946615
2471,0,-4.7946615
2472,0,-6.970554
2473,0,-6.970554
2474,1,-5.3200655
2475,0,-6.970554
2476,0,-6.970554
2477,0,-6.970554
2478,1,-3.9668567
2479,0,-6.970554
2480,0,-6.970554
2481,1,1.6201192
2482,0,-6.970554
2483,0,-6.970554
2484,0,-6.970554
2485,1,-4.263088
2486,0,-6.970554
2487,1,-6.970554
2488,0,-6.970554
2489,1,-4.4888663
2490,0,-4.262099
2491,0,-6.894852
2492,1,-4.7085304
2493,0,-6.970554
2494,0,-6.970554
2495,0,-6.970554
2496,0,-6.970554
2497,0,-6.970554
2498,0,-5.0661144
2499,1,-5.0661144
2500,0,-5.3824196
2501,1,-5.3824196
2502,0,-5.3824196
2503,1,-5.3824196
2504,1,-5.3824196
2505,1,-6.218105
2506,1,-4.6907377
2507,1,-4.1782703
2508,1,-3.9743533
2509,1,-4.1308827
2510,1,-4.7887564
2511,1,-0.7258517
2512,1,-6.5049205
2513,1,-6.0626807
2514,1,-6.970554
2515,0,-6.970554
2516,0,-6.6743116
2517,1,-3.0689206
2518,0,-6.970554
2519,0,-6.970554
2520,0,-6.970554
2521,1,-5.6614714
2522,0,-6.7054825
2523,1,-4.9574046
2524,1,-4.5045166
2525,0,-6.970554
2526,0,-6.970554
2527,1,-6.970554
2528,0,-6.970554
2529,1,-6.970554
2530,0,-6.970554
2531,0,-6.970554
2532,0,-6.970554
2533,1,-4.420479
2534,0,-6.970554
2535,1,-1.9943234
2536,1,-4.219541
2537,1,-2.5247972
2538,1,-1.7760656
2539,1,-4.63087
2540,0,-6.970554
2541,1,-6.010574
2542,0,-6.010574
2543,1,-5.868755
2544,0,-6.970554
2545,1,-3.8486693
2546,0,-6.970554
2547,1,-3.8767233
2548,1,-5.34776
2549,0,-6.970554
2550,1,-2.2252488
2551,1,-2.2252488
2552,1,-4.21859
2553,0,-4.6025796
2554,1,-4.637365
2555,0,-6.970554
2556,1,-3.8687427
2557,0,-6.970554
2558,1,-5.412013
2559,1,-5.731959
2560,0,-5.731959
2561,1,-5.731959
2562,1,-6.088063
2563,1,-6.088063
2564,1,-4.3692627
2565,0,-7.172637
2566,0,-6.970554
2567,1,-5.3211775
2568,1,-5.486858
2569,0,-4.5043125
2570,1,-4.8808417
2571,1,-3.9160192
2572,1,-5.258846
2573,0,-6.970554
2574,1,-5.330445
2575,1,-4.5469394
2576,1,-5.343241
2577,1,-5.806036
2578,1,-6.4180202
2579,1,-4.8449225
2580,1,-3.8806195
2581,1,-2.6367154
2582,1,-3.6374993
2583,1,-5.0115557
2584,1,-1.7737082
2585,0,-6.970554
2586,0,-6.970554
2587,1,-5.642358
2588,1,-3.115745
2589,0,-6.970554
2590,1,-1.0549676
2591,1,-5.1621504
2592,1,-6.970554
2593,0,-6.970554
2594,0,-6.970554
2595,1,-6.970554
2596,1,-4.8380513
2597,1,-6.970554
2598,1,-2.1390796
2599,0,-6.970554
2600,1,-5.6491523
2601,1,-2.6437485
2602,0,-6.970554
2603,1,-6.970554
2604,1,-6.721306
2605,1,0.09328928
2606,0,0.09328928
2607,1,-4.620364
2608,0,-6.970554
2609,1,-5.1755104
2610,0,-6.970554
2611,1,-2.9642882
2612,0,-6.970554
2613,0,-6.970554
2614,0,-6.970554
2615,1,-3.701174
2616,1,-3.7705522
2617,0,-6.8044243
2618,0,-6.970554
2619,0,-6.970554
2620,0,-6.970554
2621,0,-6.970554
2622,0,-5.6957603
2623,0,-5.6957603
2624,0,-5.6957603
2625,0,-5.6957603
2626,0,-6.970554
2627,1,-6.970554
2628,0,-6.970554
2629,0,-5.41716
2630,1,-4.9169126
2631,1,-4.47664
2632,1,-4.468824
2633,1,-4.378962
2634,1,-3.5140257
2635,1,-5.45857
2636,0,-6.970554
2637,1,-5.194423
2638,0,-5.1245985
2639,1,-6.92961
2640,1,-6.970554
2641,1,-3.886029
2642,0,-3.886029
2643,0,-6.970554
2644,0,-6.970554
2645,0,-6.970554
2646,0,-5.3282566
2647,1,-5.3282566
2648,0,-6.970554
2649,1,-5.7908416
2650,1,-0.068965964
2651,0,-6.970554
2652,0,-6.970554
2653,1,-5.100068
2654,0,-6.970554
2655,1,-5.964224
2656,1,-3.3282053
2657,1,-6.970554
2658,0,-6.970554
2659,0,-1.67521
2660,1,-1.67521
2661,1,-3.5330484
2662,0,-3.5330484
2663,1,-4.5496697
2664,0,-6.970554
2665,0,-6.970554
2666,0,-6.8959956
2667,1,-6.0348315
2668,1,-2.1042628
2669,1,-6.970554
2670,0,-6.970554
2671,1,-6.7054825
2672,1,-3.9344456
2673,1,-5.9293528
2674,0,-6.970554
2675,1,-5.5202947
2676,0,-6.970554
2677,0,-6.5319824
2678,0,-6.970554
2679,0,-6.970554
2680,1,-6.970554
2681,0,-5.9697046
2682,1,-5.9697046
2683,0,-5.115071
2684,1,-6.970554
2685,0,-6.970554
2686,1,-6.970554
2687,0,-6.970554
2688,1,-4.7781734
2689,1,-4.7375917
2690,1,-1.2592213
2691,1,-1.2592213
2692,0,-6.970554
2693,1,-6.970554
2694,1,-4.5943327
2695,0,-6.970554
2696,1,-6.970554
2697,0,-6.970554
2698,0,-6.970554
2699,0,-6.970554
2700,1,-4.6183486
2701,1,-5.69552
2702,1,-2.90728
2703,0,-6.1076565
2704,0,-6.970554
2705,0,-5.9974313
2706,0,-6.840049
2707,1,-4.0675254
2708,1,-1.1429455
2709,0,-6.970554
2710,1,-6.606118
2711,0,-3.1242745
2712,1,-5.697858
2713,1,-5.042721
2714,0,-4.063889
2715,0,-6.970554
2716,1,-6.779955
2717,1,-4.5619783
2718,1,-5.956007
2719,0,-5.6508684
2720,1,-6.970554
2721,0,-4.0381856
2722,1,-3.427035
2723,1,-6.582557
2724,0,-3.5991523
2725,1,-3.5991523
2726,0,-3.5991523
2727,1,-6.779955
2728,0,-6.970554
2729,1,-5.3350067
2730,0,-6.2609344
2731,1,-6.1233544
2732,0,-6.970554
2733,0,-4.438855
2734,0,-6.970554
2735,0,-6.970554
2736,1,-4.9197993
2737,0,-3.6369321
2738,0,-3.6369321
2739,0,-6.970554
2740,1,-6.970554
2741,0,-6.970554
2742,0,-6.7054825
2743,0,-6.7054825
2744,1,-5.4208403
2745,0,-5.4208403
2746,0,-2.5508256
2747,1,-5.7595415
2748,0,-6.970554
2749,0,-6.970554
2750,1,-4.458834
2751,0,-6.970554
2752,1,-4.164663
2753,0,-6.970554
2754,0,-6.0247283
2755,0,-6.970554
2756,1,-1.4287583
2757,1,-4.6500144
2758,1,-5.1730437
2759,1,-4.564169
2760,0,-6.970554
2761,0,-6.970554
2762,0,-6.970554
2763,1,-6.970554
2764,1,-6.7536063
2765,1,-6.970554
2766,0,-6.970554
2767,1,-6.970554
2768,0,-6.970554
2769,0,-6.970554
2770,0,-6.970554
2771,1,-6.970554
2772,0,-6.970554
2773,0,-6.970554
2774,0,-6.3342404
2775,1,-5.876426
2776,1,-2.2270477
2777,1,-4.327186
2778,1,-2.9555228
2779,1,-6.044272
2780,1,-6.7608004
2781,1,-6.31486
2782,1,-5.417864
2783,0,-6.500887
2784,0,-6.970554
2785,1,-6.5354753
2786,1,-5.834802
2787,1,-5.8543468
2788,0,-7.093296
2789,1,-6.34896
2790,0,-6.970554
2791,1,-6.070559
2792,0,-6.970554
2793,0,-6.970554
2794,1,-3.261696
2795,1,-3.261696
2796,0,-6.970554
2797,1,-5.512861
2798,1,-5.925533
2799,0,-6.970554
2800,0,-6.970554
2801,1,-6.8904796
2802,0,-6.970554
2803,0,-6.970554
2804,0,-6.970554
2805,0,-6.970554
2806,0,-6.970554
2807,0,-6.970554
2808,0,-6.970554
2809,0,-6.970554
2810,0,-6.970554
2811,0,-6.1076565
2812,0,-6.970554
2813,0,-6.970554
2814,0,-6.970554
2815,0,-6.970554
2816,0,-6.970554
2817,1,-6.3121915
2818,1,-4.507467
2819,1,-6.970554
2820,0,-6.970554
2821,1,-6.26638
2822,0,-6.616606
2823,1,-6.970554
2824,1,-4.914859
2825,1,-5.2807975
2826,1,-5.708821
2827,0,-5.708821
2828,0,-0.3551296
2829,1,-6.8136253
2830,0,-6.970554
2831,1,-4.9131427
2832,1,-5.48359
2833,1,-0.4213282
2834,0,-6.970554
2835,1,-3.2280397
2836,0,-6.970554
2837,0,-6.970554
2838,0,-6.970554
2839,1,-4.842058
2840,0,-6.970554
2841,1,-5.6788926
2842,0,-6.970554
2843,1,-4.9544196
2844,0,-4.9544196
2845,0,-6.970554
2846,1,-6.970554
2847,1,-5.8276243
2848,0,-6.7090607
2849,1,-5.57415
2850,1,-5.57415
2851,1,-4.698328
2852,1,-5.5201344
2853,0,-6.970554
2854,0,-6.970554
2855,1,-3.3959107
2856,1,-6.970554
2857,1,-3.0740924
2858,1,-6.254166
2859,0,-6.970554
2860,1,-5.9115095
2861,0,-6.970554
2862,0,-6.970554
2863,0,-6.970554
2864,1,-4.5264187
2865,0,-6.970554
2866,0,-6.970554
2867,1,-5.147002
2868,1,-6.2622037
2869,1,-6.57161
2870,1,-5.434644
2871,0,-5.1928716
2872,1,-5.1928716
2873,1,-5.751514
2874,1,-5.1033964
2875,1,-3.0400648
2876,1,-3.0400648
2877,1,-3.0400648
2878,0,-6.970554
2879,1,-5.7307477
2880,1,-4.664393
2881,0,-6.4892254
2882,0,-6.970554
2883,0,-6.970554
2884,1,-5.760653
2885,1,-3.8042665
2886,1,-3.8042665
2887,1,-6.6641526
2888,0,-6.970554
2889,1,-1.8979162
2890,0,-1.442558
2891,0,-6.970554
2892,1,-6.779955
2893,1,-5.0813007
2894,1,-5.9853334
2895,0,-6.970554
2896,1,-5.3262906
2897,1,-4.776964
2898,1,-3.946105
2899,0,-6.970554
2900,1,-6.970554
2901,0,-6.7054825
2902,0,-4.2838097
2903,1,-4.7736964
2904,1,-4.574717
2905,0,-6.740798
2906,0,-4.7946615
2907,0,-6.970554
2908,0,-6.970554
2909,0,-6.970554
2910,0,-6.970554
2911,1,-4.863157
2912,0,-6.970554
2913,1,-1.6503705
2914,1,-6.970554
2915,1,-6.894852
2916,0,-4.7085304
2917,1,-4.7085304
2918,0,-6.970554
2919,0,-6.970554
2920,1,-5.0661144
2921,0,-5.666836
2922,1,-5.3824196
2923,0,-6.970554
2924,1,-5.372109
2925,0,-5.372109
2926,0,-6.9271665
2927,1,-6.5148835
2928,0,-3.9743533
2929,1,-5.2753496
2930,1,-6.779955
2931,0,-4.7887564
2932,1,-3.8433533
2933,0,-6.970554
2934,1,-6.970554
2935,1,-6.970554
2936,0,-6.7054825
2937,1,-6.7054825
2938,0,-6.7054825
2939,1,-6.970554
2940,1,-5.3939624
2941,1,-6.1061773
2942,1,-5.458671
2943,1,-5.1033964
2944,1,-6.970554
2945,0,-6.970554
2946,0,-6.970554
2947,0,-6.631704
2948,1,-6.779955
2949,1,-6.2829175
2950,0,-6.970554
2951,1,-6.970554
2952,1,-4.8531823
2953,1,-6.1076565
2954,1,-1.7760656
2955,1,-4.20398
2956,1,-6.010574
2957,1,-2.7606654
2958,0,-6.970554
2959,0,-6.7054825
2960,0,-6.970554
2961,1,-4.354781
2962,1,-5.102798
2963,0,-6.970554
2964,1,-1.4875293
2965,1,-5.7523932
2966,1,-2.2252488
2967,1,-4.6025796
2968,1,-5.2308445
2969,1,-6.970554
2970,1,-5.773121
2971,0,-5.773121
2972,1,-4.183011
2973,0,-6.970554
2974,0,-6.970554
2975,1,-6.3910055
2976,1,-5.731959
2977,0,-6.088063
2978,0,-7.172637
2979,0,-6.970554
2980,1,-5.486858
2981,0,-5.486858
2982,1,-5.512861
2983,0,-6.970554
2984,1,-3.4316084
2985,1,-4.5043125
2986,0,-4.5043125
2987,1,-4.241416
2988,1,-6.636446
2989,0,-6.526667
2990,0,-5.343241
2991,1,-4.5620494
2992,1,-5.806036
2993,1,-6.0776644
2994,1,-1.9535283
2995,0,-6.970554
2996,1,-1.7737082
2997,1,-5.2655635
2998,1,-5.642358
2999,0,-3.115745
3000,0,-6.970554
3001,1,-4.5813937
3002,1,-4.7995453
3003,0,-6.970554
3004,0,-5.673818
3005,0,-5.673818
3006,1,-6.970554
3007,1,-6.970554
3008,0,-6.970554
3009,1,-4.7037706
3010,0,-6.970554
3011,1,-5.159785
3012,0,-6.970554
3013,1,-3.0657
3014,1,-5.6491523
3015,1,-5.6491523
3016,0,-2.6437485
3017,1,-6.970554
3018,0,-6.970554
3019,1,0.09328928
3020,0,-6.970554
3021,1,-2.9642882
3022,1,-5.0910435
3023,0,-6.970554
3024,1,-5.5009146
3025,0,-6.970554
3026,0,-6.970554
3027,1,-5.6692505
3028,1,-5.636799
3029,1,-5.6957603
3030,0,-6.970554
3031,0,-6.970554
3032,1,-6.970554
3033,0,-6.970554
3034,1,-5.41716
3035,1,-5.126462
3036,0,-6.970554
3037,1,-5.2286115
3038,1,-4.9169126
3039,0,-4.9169126
3040,1,-4.2898498
3041,1,-5.0722213
3042,1,-6.7448273
3043,1,-6.355246
3044,1,-5.45857
3045,0,-5.194423
3046,0,-6.970554
3047,1,-5.1245985
3048,1,-5.4913707
3049,0,-6.970554
3050,1,-5.3282566
3051,1,-5.7908416
3052,1,-6.1377583
3053,0,-6.970554
3054,1,-7.172637
3055,1,-5.5423164
3056,0,-6.970554
3057,1,-3.5952928
3058,0,-6.970554
3059,0,-6.970554
3060,0,-6.970554
3061,0,-1.67521
3062,0,-6.970554
3063,1,0.8683401
3064,1,-3.5330484
3065,0,-6.970554
3066,0,-6.970554
3067,0,-4.5496697
3068,0,-4.5496697
3069,0,-6.970554
3070,1,-5.6123624
3071,0,-6.970554
3072,0,-6.970554
3073,0,-6.970554
3074,0,-6.970554
3075,1,-6.970554
3076,1,-2.635464
3077,1,-2.635464
3078,0,-6.970554
3079,0,-6.970554
3080,1,-6.970554
3081,0,-5.9697046
3082,1,-5.9697046
3083,1,-5.184108
3084,0,-5.184108
3085,1,-6.970554
3086,0,-6.970554
3087,0,-6.970554
3088,0,-6.970554
3089,0,-6.970554
3090,0,-6.970554
3091,0,-6.970554
3092,0,-6.178303
3093,0,-6.779955
3094,0,-6.970554
3095,0,-6.970554
3096,0,-6.3342404
3097,0,-6.970554
3098,0,-6.970554
3099,0,-3.5915143
3100,0,-6.970554
3101,0,-6.970554
3102,0,-6.1076565
3103,0,-6.970554
3104,0,-5.5362267
3105,0,-6.970554
3106,0,-6.970554
3107,0,-4.7946615
3108,0,-6.970554
3109,0,-6.970554
3110,0,-5.0661144
3111,0,-5.6614714
3112,0,-3.8687427
3113,1,-6.970554
3114,1,-6.970554
3115,1,-6.970554
3116,1,-6.970554
3117,1,-6.970554
3118,1,-6.970554
3119,0,-4.468824
3120,0,-6.970554
3121,0,-6.970554
3122,0,-6.92961
3123,0,-6.970554
3124,0,-3.8980908
3125,0,-3.8980908
3126,1,-3.8980908
3127,1,-5.120018
3128,0,-6.970554
3129,1,-6.3276587
3130,1,-5.1067586
3131,0,-5.1067586
3132,1,-4.5248804
3133,1,-6.970554
3134,1,-6.6271477
3135,0,-6.970554
3136,0,-6.970554
3137,0,-6.970554
3138,1,-4.8629556
3139,1,-5.7166185
3140,0,-6.970554
3141,1,-4.2362123
3142,1,-2.4002175
3143,1,-2.4002175
3144,0,-5.7743545
3145,0,-5.7743545
3146,1,-4.491807
3147,1,-4.491807
3148,1,-6.3309054
3149,1,-6.055549
3150,1,-5.119845
3151,1,-4.454868
3152,0,-6.970554
3153,0,-6.970554
3154,0,-6.970554
3155,0,-6.970554
3156,0,-6.970554
3157,0,-6.970554
3158,0,-6.970554
3159,0,-6.970554
3160,0,-6.970554
3161,0,-6.970554
3162,0,-6.970554
3163,0,-6.970554
3164,0,-6.970554
3165,0,-6.970554
3166,0,-6.970554
3167,1,-4.170294
3168,0,-6.970554
3169,0,-6.970554
3170,0,-6.970554
3171,1,-4.015712
3172,0,-4.015712
3173,0,-6.970554
3174,1,-5.458502
3175,0,-6.970554
3176,0,-6.970554
3177,1,-4.892624
3178,1,-5.060244
3179,1,-1.1410428
3180,0,-6.970554
3181,0,-6.970554
3182,0,-6.970554
3183,0,-6.970554
3184,0,-6.970554
3185,0,-6.970554
3186,0,-6.970554
3187,0,-6.970554
3188,0,-6.970554
3189,0,-6.970554
3190,0,-6.970554
3191,0,-6.970554
3192,0,-6.970554
3193,0,-6.970554
3194,0,-6.970554
3195,0,-6.970554
3196,0,-6.970554
3197,0,-6.970554
3198,0,-6.970554
3199,0,-6.970554
3200,0,-6.970554
3201,1,-6.970554
3202,0,-6.970554
3203,0,-6.970554
3204,0,-6.970554
3205,0,-6.970554
3206,0,-6.970554
3207,0,-6.970554
3208,0,-6.970554
3209,0,-6.970554
3210,0,-4.1942906
3211,0,-6.970554
3212,1,-5.8648853
3213,1,-6.8476286
3214,1,-3.5131667
3215,1,-3.5131667
3216,0,-6.970554
3217,0,-6.970554
3218,0,-6.970554
3219,0,-6.970554
3220,0,-6.970554
3221,0,-6.970554
3222,0,-6.3691497
3223,0,-6.970554
3224,0,-6.970554
3225,0,-6.970554
3226,1,-4.901548
3227,0,-6.970554
3228,0,-6.970554
3229,1,-6.970554
3230,1,-6.970554
3231,1,-6.970554
3232,0,-6.970554
3233,0,-6.970554
3234,1,-4.3767467
3235,0,-6.970554
3236,1,-4.816475
3237,0,-4.816475
3238,1,-4.9891486
3239,1,-5.7665396
3240,1,-4.3634133
3241,1,-3.6379712
3242,1,-1.8782066
3243,0,-6.970554
3244,0,-6.970554
3245,1,-4.0982733
3246,1,-5.813118
3247,1,-4.036742
3248,0,-6.970554
3249,0,-6.970554
3250,1,-6.8957973
3251,1,-5.0626082
3252,1,-6.846362
3253,0,-6.970554
3254,0,-6.970554
3255,1,-5.7949567
3256,0,-6.970554
3257,0,-6.970554
3258,1,-5.5309153
3259,1,-4.9503393
3260,1,-3.2460496
3261,1,-5.2596664
3262,0,-6.970554
3263,0,-6.970554
3264,0,-6.5430293
3265,0,-6.970554
3266,0,-6.970554
3267,1,-6.970554
3268,1,-1.5487354
3269,1,-4.653268
3270,0,-6.970554
3271,0,-6.970554
3272,1,-5.2500353
3273,0,-6.970554
3274,1,-5.584734
3275,1,-6.970554
3276,0,-6.970554
3277,1,-5.1132355
3278,0,-6.970554
3279,0,-6.970554
3280,0,-6.2890534
3281,0,-6.970554
3282,1,-3.5504477
3283,0,-6.970554
3284,0,-6.970554
3285,0,-6.970554
3286,0,-6.970554
3287,0,-6.970554
3288,0,-4.809286
3289,1,-4.809286
3290,0,-6.970554
3291,1,-5.230236
3292,1,-5.409061
3293,1,-5.409061
3294,0,-5.409061
3295,1,-5.130484
3296,0,-6.7054825
3297,1,-2.8261395
3298,0,-6.8442817
3299,1,-4.8222632
3300,1,-4.2976103
3301,1,-3.4949188
3302,1,-3.4949188
3303,0,-6.2648435
3304,1,-5.3632774
3305,0,-6.970554
3306,1,-3.1804812
3307,1,-4.60046
3308,1,-3.92595
3309,0,-6.624256
3310,1,-2.4876156
3311,0,-6.970554
3312,0,-6.170996
3313,1,-4.057874
3314,0,-6.970554
3315,0,-6.970554
3316,0,-6.406989
3317,1,-6.406989
3318,1,-1.9021115
3319,1,-4.190437
3320,0,-6.970554
3321,0,-6.970554
3322,1,-6.970554
3323,1,-4.83548
3324,0,-4.83548
3325,0,-6.970554
3326,0,-6.970554
3327,0,-6.8393865
3328,1,-6.549969
3329,0,-5.5492945
3330,0,-6.970554
3331,1,-6.970554
3332,0,-6.682909
3333,1,-5.6810846
3334,1,-4.8501983
3335,1,-6.970554
3336,1,-4.741273
3337,0,-6.970554
3338,1,-6.970554
3339,0,-3.0399504
3340,1,-5.515904
3341,1,-1.980181
3342,1,-4.2393303
3343,0,-5.4663563
3344,1,-6.884992
3345,1,-2.9259534
3346,1,-2.9259534
3347,1,-5.6357503
3348,0,-6.970554
3349,1,-1.7143997
3350,1,-1.7143997
3351,0,-6.970554
3352,0,-5.8330126
3353,0,-6.970554
3354,0,-6.970554
3355,0,-6.970554
3356,0,-6.970554
3357,0,-6.970554
3358,0,-6.970554
3359,0,-6.970554
3360,0,-6.970554
3361,0,-6.970554
3362,0,-6.970554
3363,0,-6.970554
3364,0,-6.970554
3365,0,-6.970554
3366,0,-6.970554
3367,0,-6.970554
3368,0,-6.970554
3369,0,-6.970554
3370,0,-6.970554
3371,0,-6.970554
3372,0,-6.970554
3373,0,-6.970554
3374,0,-6.970554
3375,0,-6.970554
3376,0,-6.970554
3377,0,-6.970554
3378,0,-6.970554
3379,0,-6.970554
3380,0,-6.970554
3381,0,-6.970554
3382,0,-6.970554
3383,0,-6.970554
3384,0,-6.970554
3385,0,-6.970554
3386,0,-6.970554
3387,0,-6.970554
3388,0,-6.970554
3389,0,-6.970554
3390,0,-6.970554
3391,0,-6.970554
3392,1,-5.442391
3393,0,-5.0423627
3394,1,-4.6025333
3395,0,-6.970554
3396,0,-6.970554
3397,1,-6.970554
3398,1,-4.4890804
3399,1,-4.1944456
3400,0,-6.970554
3401,0,-6.970554
3402,0,-6.970554
3403,0,-6.970554
3404,1,-5.0313296
3405,0,-6.970554
3406,1,-5.1022286
3407,1,-6.173158
3408,1,-5.5405426
3409,0,-6.970554
3410,0,-6.970554
3411,0,-6.970554
3412,0,-6.970554
3413,0,-6.970554
3414,0,-6.970554
3415,1,-6.970554
3416,0,-6.970554
3417,0,-6.970554
3418,0,-6.970554
3419,0,-6.970554
3420,0,-6.970554
3421,0,-6.970554
3422,0,-6.970554
3423,0,-6.970554
3424,0,-6.970554
3425,0,-6.970554
3426,0,-6.970554
3427,0,-6.970554
3428,0,-6.970554
3429,0,-6.970554
3430,1,-3.2612474
3431,0,-6.970554
3432,1,-6.970554
3433,1,-5.976775
3434,0,-6.970554
3435,0,-6.970554
3436,0,-6.970554
3437,0,-6.970554
3438,0,-6.970554
3439,1,-6.970554
3440,1,-6.970554
3441,1,-4.974539
3442,1,-6.5251517
3443,0,-6.5251517
3444,0,-6.970554
3445,0,-5.805451
3446,1,-6.69828
3447,1,-3.0911412
3448,1,-3.6567557
3449,1,-5.154015
3450,0,-5.565343
3451,1,-4.4594283
3452,0,-6.970554
3453,0,-6.970554
3454,0,-6.970554
3455,0,-6.970554
3456,1,-4.973223
3457,0,-6.970554
3458,0,-6.970554
3459,0,-6.0776644
3460,1,-4.051042
3461,0,-6.970554
3462,1,-6.970554
3463,1,-6.707737
3464,1,-1.7914344
3465,1,-4.186505
3466,0,-6.970554
3467,1,-6.970554
3468,0,-6.970554
3469,0,-6.5442243
3470,1,-3.0648258
3471,1,-2.6604383
3472,1,-5.1980157
3473,1,-3.0686867
3474,1,-5.42096
3475,1,-5.2213564
3476,0,-5.2213564
3477,0,-5.2213564
3478,1,-6.6303806
3479,0,-6.970554
3480,1,-6.970554
3481,1,-6.970554
3482,1,-5.3650503
3483,0,-2.9822612
3484,1,-2.9822612
3485,1,-3.9557471
3486,0,-5.917165
3487,1,-6.970554
3488,1,-6.970554
3489,0,-6.970554
3490,1,-4.976839
3491,0,-4.976839
3492,0,-5.0293846
3493,0,-6.970554
3494,1,-5.135273
3495,1,-6.186739
3496,1,-3.0144238
3497,1,-4.061708
3498,1,-6.970554
3499,1,-4.826912
3500,0,-5.7460155
3501,1,-2.6224413
3502,1,-4.4121866
3503,1,-5.5475845
3504,1,-5.3883266
3505,1,-6.707737
3506,1,-4.652359
3507,0,-5.33863
3508,1,-5.0984015
3509,1,-4.2477274
3510,1,-5.3712015
3511,1,-3.129084
3512,1,-6.1660028
3513,1,-6.4087973
3514,0,-6.970554
3515,0,-6.9138274
3516,1,-6.9138274
3517,0,-6.970554
3518,1,-5.8548355
3519,1,-6.100717
3520,1,-3.8611972
3521,1,-1.0630952
3522,0,-6.970554
3523,0,-6.970554
3524,1,-6.0626807
3525,1,-2.4433575
3526,1,-4.6367216
3527,1,-1.5557965
3528,0,-6.970554
3529,1,-2.8615654
3530,0,-6.970554
3531,1,-6.1246166
3532,1,-6.970554
3533,1,-4.9219527
3534,1,-0.04534541
3535,1,-4.582764
3536,1,-4.582764
3537,0,-6.970554
3538,0,-6.970554
3539,1,-6.884992
3540,1,-2.21028
3541,1,-4.220621
3542,1,-0.9917482
3543,1,-6.970554
3544,0,-6.8476286
3545,0,-6.8476286
3546,1,-3.4981015
3547,0,-6.970554
3548,1,-6.2712526
3549,1,-6.970554
3550,1,-5.6486893
3551,1,-6.970554
3552,1,-4.0198793
3553,1,-5.5885825
3554,1,-2.8977566
3555,0,-6.970554
3556,1,-3.731818
3557,1,-3.851937
3558,0,-6.970554
3559,1,-3.1718678
3560,0,-6.970554
3561,1,-4.967061
3562,1,-4.053587
3563,0,-4.053587
3564,1,-4.053587
3565,0,-5.3015065
3566,1,-4.8737793
3567,0,-5.2732854
3568,0,-6.970554
3569,0,-6.822328
3570,0,-6.970554
3571,1,-5.447582
3572,0,-6.970554
3573,1,0.11438718
3574,1,0.11438718
3575,0,-6.970554
3576,0,-6.970554
3577,0,-6.970554
3578,1,-3.4759367
3579,0,-5.167581
3580,0,-5.167581
3581,1,-3.3786728
3582,1,-2.3243754
3583,0,-6.970554
3584,1,-4.5907545
3585,1,-4.655894
3586,1,-6.970554
3587,1,-4.519822
3588,1,-4.945461
3589,0,-6.970554
3590,1,-0.65659964
3591,0,-7.093296
3592,1,-6.970554
3593,1,-6.0592666
3594,1,-3.9009552
3595,1,-5.939342
3596,1,-6.970554
3597,0,-5.34873
3598,1,-3.3752317
3599,1,-3.3752317
3600,1,-3.3752317
3601,0,-3.3752317
3602,1,-4.7070856
3603,1,-6.9367414
3604,1,-6.970554
3605,1,-5.0472255
3606,1,-2.824054
3607,1,-2.3336496
3608,1,-5.8412175
3609,1,-5.7236624
3610,0,-6.970554
3611,0,-5.9327245
3612,0,-5.9327245
3613,1,-5.833351
3614,1,-4.3806186
3615,1,-5.096198
3616,0,-1.7979252
3617,1,-3.6605508
3618,1,-6.970554
3619,1,-1.7144988
3620,0,-1.7144988
3621,1,-4.172719
3622,1,-3.44673
3623,0,-6.025726
3624,1,-5.9298224
3625,1,-5.1801786
3626,0,-6.970554
3627,0,-6.970554
3628,0,-6.970554
3629,0,-6.970554
3630,1,-1.6102494
3631,0,-6.970554
3632,0,-6.970554
3633,0,-6.970554
3634,1,-6.970554
3635,0,-6.970554
3636,0,-6.970554
3637,0,-6.970554
3638,1,-5.1276493
3639,1,-5.1276493
3640,1,-5.1276493
3641,0,-6.970554
3642,1,-3.18456
3643,0,-6.970554
3644,1,-5.630242
3645,0,-5.630242
3646,0,-6.945085
3647,0,-6.945085
3648,0,-6.970554
3649,0,-3.540453
3650,0,-6.970554
3651,1,-6.372288
3652,1,-5.01126
3653,1,-4.9673142
3654,1,-3.086984
3655,0,-6.970554
3656,1,-6.822328
3657,0,-6.970554
3658,1,-6.970554
3659,0,-6.970554
3660,1,-2.0231953
3661,1,-6.7054825
3662,1,-0.8541278
3663,0,-6.970554
3664,0,-6.970554
3665,0,-6.970554
3666,0,-6.970554
3667,0,-6.499921
3668,1,-4.2791758
3669,0,-5.6895585
3670,0,-5.6895585
3671,0,-6.970554
3672,1,-4.88732
3673,1,-4.232728
3674,1,-2.2619605
3675,1,-5.0074005
3676,0,-6.970554
3677,1,-5.9827433
3678,1,-3.742764
3679,0,-6.970554
3680,1,-6.970554
3681,0,-6.970554
3682,0,-6.970554
3683,1,-5.1908555
3684,1,-4.6396465
3685,1,-5.284358
3686,1,-5.7525744
3687,1,-5.2704077
3688,1,-5.2704077
3689,1,-5.5273604
3690,0,-5.5894866
3691,0,-5.5894866
3692,1,-4.971837
3693,0,-4.971837
3694,0,-6.970554
3695,1,-3.6168208
3696,0,-6.970554
3697,0,-6.970554
3698,0,-6.970554
3699,0,-6.970554
3700,0,-6.970554
3701,1,-6.970554
3702,1,-5.527497
3703,1,-2.51578
3704,0,-6.970554
3705,1,-5.7691903
3706,0,-6.2684216
3707,1,-4.421201
3708,1,-3.7093682
3709,1,-4.847651
3710,1,-4.4221644
3711,0,-6.970554
3712,0,-6.970554
3713,0,-6.970554
3714,0,-6.970554
3715,1,-2.636724
3716,1,-2.2312093
3717,1,-6.970554
3718,1,-4.1402187
3719,1,-6.970554
3720,0,-6.970554
3721,0,-6.704033
3722,0,-6.970554
3723,1,-4.303081
3724,1,-4.0287127
3725,1,-6.0609474
3726,1,-5.921317
3727,1,-6.8904796
3728,1,-4.1908536
3729,0,-6.195765
3730,1,-6.970554
3731,0,-6.970554
3732,1,-6.4556265
3733,1,-4.81607
3734,1,-6.970554
3735,1,-2.7087817
3736,0,-6.970554
3737,1,-6.1199784
3738,1,-5.598436
3739,0,-6.970554
3740,1,-3.8183641
3741,0,-6.970554
3742,1,-5.101876
3743,1,-4.233114
3744,1,-4.1597295
3745,0,-6.970554
3746,0,-6.970554
3747,0,-6.970554
3748,0,-6.970554
3749,0,-6.970554
3750,0,-6.970554
3751,0,-6.970554
3752,0,-6.970554
3753,0,-6.9450703
3754,0,-6.970554
3755,0,-6.970554
3756,0,-6.970554
3757,1,-3.9975142
3758,1,-6.970554
3759,0,-6.970554
3760,0,-5.0556674
3761,1,-5.0556674
3762,0,-6.970554
3763,0,-4.0210505
3764,1,-5.7743545
3765,1,-6.3018985
3766,0,-6.846362
3767,1,-5.4596486
3768,1,-4.7197104
3769,1,-4.7197104
3770,0,-6.970554
3771,0,-6.970554
3772,0,-6.970554
3773,0,-6.970554
3774,0,-5.868913
3775,1,-3.471276
3776,1,-3.8963208
3777,1,-4.7830844
3778,1,-5.9363055
3779,1,-1.0619773
3780,0,-6.970554
3781,0,-6.970554
3782,0,-6.970554
3783,1,-5.590377
3784,0,-3.674234
3785,1,-6.970554
3786,0,-6.970554
3787,0,-6.970554
3788,0,-6.970554
3789,1,-7.093296
3790,1,-7.093296
3791,1,-4.505598
3792,0,-6.970554
3793,0,-6.970554
3794,1,-3.8980908
3795,1,-3.8980908
3796,0,-6.970554
3797,0,-6.970554
3798,1,-6.3093433
3799,0,-6.109514
3800,1,-6.8476286
3801,1,-6.8904796
3802,1,-6.970554
3803,0,-6.970554
3804,0,-5.7166185
3805,0,-5.3564763
3806,0,-6.970554
3807,1,-4.2362123
3808,1,-2.4002175
3809,0,-6.970554
3810,1,-5.7743545
3811,1,-5.7743545
3812,1,-6.055549
3813,1,-5.119845
3814,0,-6.970554
3815,1,-5.714473
3816,1,-6.970554
3817,1,-6.970554
3818,0,-6.970554
3819,0,-6.970554
3820,0,-6.970554
3821,0,-6.970554
3822,0,-6.970554
3823,0,-6.970554
3824,1,-6.970554
3825,0,-6.970554
3826,1,-4.170294
3827,1,-6.970554
3828,0,-6.970554
3829,0,-6.970554
3830,0,-6.970554
3831,0,-6.970554
3832,0,-6.970554
3833,0,-6.970554
3834,1,-6.970554
3835,0,-6.970554
3836,0,-5.458502
3837,1,-4.9583817
3838,1,-2.810822
3839,0,-2.810822
3840,1,-4.9651704
3841,0,-6.970554
3842,0,-6.970554
3843,0,-6.970554
3844,1,-6.37745
3845,0,-5.886817
3846,0,-6.970554
3847,1,-4.892624
3848,1,-3.7506847
3849,0,-6.970554
3850,1,-6.1395864
3851,0,-6.970554
3852,0,-6.970554
3853,0,-6.970554
3854,0,-6.970554
3855,0,-6.970554
3856,0,-6.970554
3857,0,-6.970554
3858,0,-6.970554
3859,0,-6.970554
3860,0,-6.970554
3861,0,-6.970554
3862,0,-6.970554
3863,0,-6.970554
3864,0,-6.970554
3865,0,-6.970554
3866,0,-6.970554
3867,0,-6.970554
3868,0,-6.970554
3869,0,-6.970554
3870,0,-6.970554
3871,0,-6.970554
3872,0,-6.970554
3873,0,-6.970554
3874,0,-6.970554
3875,0,-6.970554
3876,0,-6.970554
3877,0,-6.970554
3878,1,-6.970554
3879,0,-6.970554
3880,0,-6.970554
3881,0,-6.970554
3882,0,-6.970554
3883,0,-6.970554
3884,0,-6.970554
3885,0,-6.970554
3886,0,-6.970554
3887,0,-6.970554
3888,1,-6.970554
3889,0,-6.970554
3890,0,-6.3727283
3891,1,-6.970554
3892,1,-6.8476286
3893,1,-6.8476286
3894,1,-3.5131667
3895,1,-3.5131667
3896,0,-6.970554
3897,1,-5.893395
3898,0,-6.970554
3899,0,-6.970554
3900,0,-6.970554
3901,0,-6.1076565
3902,0,-6.970554
3903,0,-6.970554
3904,0,-6.970554
3905,0,-6.970554
3906,0,-6.970554
3907,0,-6.970554
3908,0,-6.970554
3909,0,-6.970554
3910,0,-6.970554
3911,1,-6.10042
3912,1,-6.970554
3913,1,-4.529343
3914,0,-4.3767467
3915,0,-6.970554
3916,1,-4.883522
3917,0,-6.3553557
3918,0,-6.970554
3919,1,-4.066162
3920,1,-4.9738207
3921,1,-1.3769747
3922,0,-3.6379712
3923,1,-3.6379712
3924,0,-1.8782066
3925,1,-6.970554
3926,1,-6.188189
3927,0,-6.970554
3928,0,-6.970554
3929,1,-4.9200716
3930,0,-4.9200716
3931,1,-5.813118
3932,1,-6.970554
3933,0,-4.036742
3934,0,-6.970554
3935,1,-3.5257218
3936,0,-6.970554
3937,1,-6.970554
3938,1,-5.2507286
3939,1,-5.7949567
3940,0,-5.861253
3941,0,-6.970554
3942,0,-5.5309153
3943,1,-4.9503393
3944,1,-4.3463287
3945,1,-5.2906337
3946,0,-6.0030117
3947,0,-6.970554
3948,0,-6.970554
3949,1,-4.445746
3950,1,-6.2682633
3951,1,-4.3230367
3952,1,-1.5487354
3953,1,-6.970554
3954,1,-5.2500353
3955,1,-5.7457066
3956,0,-6.970554
3957,0,-6.970554
3958,0,-6.970554
3959,0,-6.970554
3960,0,-6.970554
3961,1,-6.5148835
3962,0,-6.970554
3963,0,-6.970554
3964,0,-6.970554
3965,1,-4.3553224
3966,1,-3.5504477
3967,0,-6.970554
3968,1,-6.970554
3969,0,-6.970554
3970,0,-6.970554
3971,1,-6.970554
3972,1,-6.0778227
3973,1,-4.259617
3974,0,-6.970554
3975,1,-4.809286
3976,0,-6.970554
3977,0,-6.970554
3978,0,-6.2973495
3979,0,-6.2973495
3980,1,-5.409061
3981,0,-5.409061
3982,0,-6.7054825
3983,1,-2.8261395
3984,1,-3.4949188
3985,1,-6.391164
3986,1,-4.972085
3987,0,-6.970554
3988,1,-4.60046
3989,0,-6.0680594
3990,1,-2.4876156
3991,1,-6.970554
3992,0,-6.970554
3993,1,-5.984731
3994,1,-5.4607863
3995,0,-6.406989
3996,0,-6.970554
3997,0,-6.970554
3998,0,-4.83548
3999,0,-6.549969
4000,0,-6.970554
4001,0,-6.970554
4002,0,-6.970554
4003,0,-6.970554
4004,1,-6.970554
4005,1,-4.741273
4006,0,-6.970554
4007,1,-3.0399504
4008,0,-3.0399504
4009,1,-5.515904
4010,1,-2.9963791
4011,1,-4.2393303
4012,0,-4.2393303
4013,1,-5.4663563
4014,1,-6.884992
4015,1,-2.9259534
4016,0,-6.970554
4017,0,-6.970554
4018,1,-4.331476
4019,0,-6.970554
4020,1,-1.7143997
4021,1,-1.7143997
4022,0,-6.3727283
4023,1,-5.3542128
4024,0,-5.3065457
4025,1,-2.5932734
4026,1,-3.3848283
4027,0,-6.970554
4028,0,-6.970554
4029,0,-6.970554
4030,0,-6.970554
4031,0,-6.970554
4032,0,-6.970554
4033,0,-6.970554
4034,0,-6.970554
4035,0,-6.970554
4036,0,-6.970554
4037,0,-6.970554
4038,0,-6.970554
4039,0,-6.970554
4040,0,-6.970554
4041,0,-6.970554
4042,0,-6.970554
4043,0,-6.970554
4044,0,-6.970554
4045,0,-6.970554
4046,0,-6.970554
4047,0,-6.970554
4048,0,-6.970554
4049,1,-4.4369493
4050,1,-4.36541
4051,0,-6.970554
4052,0,-6.970554
4053,0,-6.970554
4054,1,-4.017306
4055,1,-5.0423627
4056,1,-5.6440597
4057,0,-6.970554
4058,1,-4.1944456
4059,0,-4.1944456
4060,0,-6.970554
4061,0,-6.970554
4062,0,-6.970554
4063,0,-6.970554
4064,0,-6.970554
4065,0,-6.970554
4066,0,-6.970554
4067,0,-6.970554
4068,0,-6.970554
4069,1,-5.0313296
4070,0,-6.970554
4071,0,-6.970554
4072,0,-6.970554
4073,0,-5.1022286
4074,0,-5.5405426
4075,0,-6.970554
4076,1,-4.2072206
4077,0,-4.2072206
4078,1,-3.2777345
4079,0,-6.970554
4080,1,-5.115071
4081,0,-6.970554
4082,0,-6.970554
4083,0,-6.970554
4084,1,-3.2612474
4085,1,-6.711558
4086,0,-5.976775
4087,1,-6.6112432
4088,1,-5.858868
4089,1,-6.970554
4090,1,-6.970554
4091,1,-5.85785
4092,0,-5.805451
4093,0,-3.0911412
4094,1,-3.6567557
4095,1,-5.154015
4096,0,-5.154015
4097,1,-6.779955
4098,1,-6.970554
4099,1,-5.565343
4100,0,-6.970554
4101,0,-6.970554
4102,1,-6.970554
4103,1,-5.7053175
4104,1,-6.0776644
4105,1,-5.3427696
4106,1,-5.8058004
4107,1,-6.7052994
4108,1,-4.051042
4109,1,-3.871578
4110,0,-6.970554
4111,1,-6.970554
4112,1,-6.3144946
4113,1,-1.7914344
4114,1,-5.323984
4115,0,-6.970554
4116,0,-6.970554
4117,0,-6.970554
4118,0,-6.970554
4119,0,-6.970554
4120,0,-6.970554
4121,0,-6.970554
4122,0,-6.970554
4123,1,-6.970554
4124,0,-6.970554
4125,1,-3.0648258
4126,1,-5.296153
4127,1,-5.2213564
4128,1,-6.970554
4129,1,-2.9822612
4130,1,-3.9557471
4131,1,-6.970554
4132,0,-6.970554
4133,0,-6.970554
4134,0,-6.970554
4135,1,-5.6728077
4136,1,-6.970554
4137,1,-6.9138274
4138,1,-7.033202
4139,1,-6.7054825
4140,1,-5.1356535
4141,1,-5.135273
4142,0,-6.970554
4143,1,-6.7054825
4144,1,-3.0144238
4145,0,-3.0152369
4146,1,-3.0152369
4147,1,-6.970554
4148,1,-4.826912
4149,1,-4.826912
4150,1,-2.6224413
4151,1,-6.520959
4152,1,-5.0984015
4153,0,-6.970554
4154,1,-3.129084
4155,1,-6.1660028
4156,1,-6.4087973
4157,1,-5.736187
4158,1,-6.9138274
4159,1,-6.9138274
4160,1,-6.970554
4161,1,-5.4509325
4162,1,-4.5835137
4163,1,-1.0630952
4164,0,-6.970554
4165,0,-6.970554
4166,0,-2.4433575
4167,1,-1.5557965
4168,0,-6.740798
4169,1,-5.7457066
4170,1,-6.6232677
4171,1,-2.8615654
4172,1,-5.2402124
4173,1,-6.1246166
4174,0,-6.1246166
4175,0,-6.1246166
4176,1,-6.970554
4177,0,-6.970554
4178,0,-4.9219527
4179,1,-0.04534541
4180,0,-6.4417644
4181,1,-4.582764
4182,1,-6.970554
4183,0,-6.970554
4184,1,-6.970554
4185,1,-6.970554
4186,0,-6.970554
4187,1,-5.0216856
4188,1,-6.3093433
4189,1,-6.970554
4190,0,-6.970554
4191,1,-3.36304
4192,0,-6.970554
4193,1,-6.9450703
4194,0,-6.970554
4195,1,-6.779955
4196,1,-6.970554
4197,1,-4.0198793
4198,1,-5.6778893
4199,1,-2.8126326
4200,0,-6.5333347
4201,1,-6.970554
4202,1,-3.731818
4203,0,-6.970554
4204,0,-6.970554
4205,0,-3.851937
4206,0,-3.851937
4207,1,-3.1718678
4208,0,-6.970554
4209,0,-6.970554
4210,0,-6.970554
4211,0,-4.053587
4212,1,-5.3015065
4213,0,-5.3015065
4214,1,-4.8737793
4215,0,-6.970554
4216,0,-5.447582
4217,1,-6.970554
4218,1,0.11438718
4219,0,0.11438718
4220,1,0.11438718
4221,1,0.11438718
4222,0,-3.4759367
4223,1,-6.711558
4224,0,-6.970554
4225,0,-6.970554
4226,1,-5.167581
4227,1,-3.3786728
4228,1,-3.7038531
4229,1,-4.8816223
4230,1,-4.945461
4231,1,-5.7567477
4232,0,-6.970554
4233,1,-0.9843425
4234,0,-6.970554
4235,0,-4.3938813
4236,0,-6.970554
4237,1,-7.093296
4238,0,-6.970554
4239,1,-6.0592666
4240,0,-6.970554
4241,1,-3.936169
4242,0,-3.936169
4243,0,-3.3752317
4244,0,-3.3752317
4245,1,-5.333715
4246,0,-6.970554
4247,0,-6.5749774
4248,1,-2.824054
4249,1,-2.3336496
4250,0,-6.970554
4251,0,-5.8412175
4252,0,-5.8412175
4253,0,-6.970554
4254,0,-6.970554
4255,1,-4.3806186
4256,1,-5.207177
4257,0,-5.096198
4258,1,-5.096198
4259,1,-6.970554
4260,1,-1.7979252
4261,1,-2.876078
4262,1,-3.6605508
4263,1,-3.6605508
4264,1,-1.0465786
4265,0,-6.970554
4266,0,-6.970554
4267,0,-6.8476286
4268,1,-6.970554
4269,1,-3.30878
4270,0,-3.30878
4271,0,-1.7144988
4272,1,-3.7784495
4273,0,-3.7717097
4274,1,-6.582557
4275,0,-6.970554
4276,0,-6.8476286
4277,1,-4.993509
4278,0,-6.970554
4279,1,-6.970554
4280,0,-6.970554
4281,1,-0.683715
4282,0,-6.970554
4283,0,-6.970554
4284,0,-6.970554
4285,0,-6.970554
4286,0,-6.970554
4287,1,-4.360678
4288,1,-5.5481367
4289,1,-6.779955
4290,1,-5.1276493
4291,0,-6.970554
4292,0,-6.970554
4293,0,-6.970554
4294,1,-5.630242
4295,1,-4.044794
4296,0,-6.840049
4297,1,-5.01126
4298,1,-5.01126
4299,1,-4.9673142
4300,1,-4.54179
4301,0,-6.970554
4302,0,-6.970554
4303,0,-6.970554
4304,0,-6.970554
4305,1,-6.970554
4306,0,-6.970554
4307,0,-6.970554
4308,0,-6.970554
4309,0,-6.970554
4310,0,-6.970554
4311,0,-6.970554
4312,1,-6.970554
4313,0,-6.970554
4314,1,-6.1401067
4315,0,-6.970554
4316,0,-6.970554
4317,1,-4.077163
4318,0,-6.970554
4319,1,-6.970554
4320,0,-6.970554
4321,0,-6.970554
4322,1,-6.499921
4323,0,-4.2791758
4324,0,-6.970554
4325,1,-6.1133695
4326,1,-4.924472
4327,0,-6.970554
4328,1,-6.970554
4329,1,-0.9709394
4330,0,-5.013958
4331,1,-3.394236
4332,0,-6.91046
4333,0,-5.5998683
4334,1,-5.5998683
4335,0,-6.970554
4336,0,-6.970554
4337,0,-6.970554
4338,0,-6.970554
4339,1,-5.1908555
4340,0,-4.6396465
4341,0,-5.284358
4342,1,-5.2704077
4343,1,-5.2704077
4344,1,-5.5894866
4345,1,-4.971837
4346,0,-4.971837
4347,0,-6.970554
4348,0,-6.970554
4349,0,-6.970554
4350,0,-6.970554
4351,0,-6.970554
4352,0,-6.970554
4353,1,-3.264126
4354,1,-5.090313
4355,1,-5.163331
4356,0,-6.970554
4357,0,-6.970554
4358,1,-6.779955
4359,1,-5.991218
4360,1,-5.250076
4361,1,-6.3342404
4362,1,-6.2684216
4363,1,-6.13383
4364,0,-3.7093682
4365,1,-3.7093682
4366,1,-4.847651
4367,0,-6.970554
4368,1,-6.970554
4369,0,-6.970554
4370,0,-6.970554
4371,0,-6.970554
4372,0,-6.970554
4373,1,-6.970554
4374,1,-5.7452183
4375,0,-6.970554
4376,1,-6.970554
4377,0,-6.970554
4378,1,-2.752257
4379,1,-6.970554
4380,1,-4.303081
4381,1,-4.303081
4382,1,-0.84369844
4383,1,-4.331594
4384,1,-5.921317
4385,0,-6.970554
4386,1,-6.970554
4387,0,-6.970554
4388,1,-4.991533
4389,0,-6.970554
4390,1,-5.9871683
4391,0,-4.0087996
4392,1,-6.970554
4393,0,-6.970554
4394,0,-6.970554
4395,0,-6.970554
4396,0,-6.970554
4397,0,-6.970554
4398,0,-6.970554
4399,1,-3.7879384
4400,0,-6.970554
4401,0,-6.970554
4402,1,-5.6575747
4403,0,-6.970554
4404,0,-6.970554
4405,0,-6.970554
4406,0,-6.970554
4407,0,-6.970554
4408,0,-6.970554
4409,0,-6.970554
4410,0,-6.970554
4411,0,-6.970554
4412,0,-6.970554
4413,0,-6.970554
4414,0,-6.970554
4415,0,-6.970554
4416,1,-3.9975142
4417,1,-6.970554
4418,1,-5.0556674
4419,1,-5.0556674
4420,0,-6.970554
4421,1,-4.0210505
4422,1,-5.8679605
4423,0,-6.970554
4424,0,-4.7197104
4425,0,-6.970554
4426,1,-6.970554
4427,1,-6.779955
4428,1,-3.471276
4429,1,-3.471276
4430,0,-5.9363055
4431,0,-5.9363055
4432,0,-1.0619773
4433,0,-1.0619773
4434,0,-6.970554
4435,0,-6.970554
4436,0,-6.970554
4437,0,-6.970554
4438,1,-3.6456397
4439,1,-6.0923557
4440,1,-3.674234
4441,1,-5.015495
4442,0,-6.970554
4443,0,-6.970554
4444,0,-6.970554
4445,0,-6.970554
4446,0,-6.970554
4447,1,-7.093296
4448,1,-6.356966
4449,0,-6.970554
4450,0,-6.3093433
4451,0,-6.970554
4452,0,-6.6271477
4453,0,-6.970554
4454,0,-4.170294
4455,0,-6.970554
4456,0,-6.970554
4457,0,-4.529343
4458,0,-6.970554
4459,0,-4.9503393
4460,0,-3.2460496
4461,0,-3.2460496
4462,0,-3.2460496
4463,0,-5.2500353
4464,0,-3.5504477
4465,0,-6.970554
4466,0,-6.970554
4467,0,-6.970554
4468,0,-6.970554
4469,0,-6.970554
4470,0,-5.1022286
4471,0,-6.5251517
4472,0,-5.2213564
4473,0,-3.0152369
4474,0,-4.4121866
4475,0,-5.33863
4476,0,-6.4417644
4477,0,-6.4417644
4478,0,-6.970554
4479,0,-3.3786728
4480,0,-5.939342
4481,0,-5.939342
4482,0,-6.970554
4483,0,-6.582557
4484,0,-6.970554
4485,0,-6.970554
4486,0,-6.970554
4487,0,-6.970554
4488,0,-6.970554
4489,0,-6.970554
4490,0,-6.970554
4491,0,-6.499921
4492,1,-6.970554
4493,0,-5.5998683
4494,0,-5.1908555
4495,0,-3.6168208
4496,0,-6.970554
4497,0,-6.970554
4498,0,-6.704033
4499,0,-6.8904796
4500,0,-4.0087996
4501,0,-4.0087996
4502,0,-4.0087996
4503,0,-4.0087996
4504,0,-4.0087996
4505,0,-6.970554
4506,1,-3.6456397
4507,0,-6.970554
4508,0,-6.970554
4509,1,-3.3392315
4510,0,-6.822328
4511,1,-2.7216337
4512,1,-2.7216337
4513,0,-6.970554
4514,1,-6.970554
4515,0,-6.970554
4516,0,-6.970554
4517,0,-6.970554
4518,1,-5.655761
4519,1,-2.3897235
4520,1,-2.3897235
4521,1,-4.164306
4522,1,-2.6850636
4523,1,-5.1996636
4524,0,-6.970554
4525,0,-6.970554
4526,1,-3.0732503
4527,1,-4.8052125
4528,1,-6.437279
4529,1,-5.242424
4530,0,-6.970554
4531,0,-6.970554
4532,0,-6.970554
4533,0,-6.970554
4534,0,-6.970554
4535,0,-6.970554
4536,1,-5.6063566
4537,1,-5.8144774
4538,1,-6.970554
4539,1,-6.970554
4540,0,-6.970554
4541,1,-5.04
4542,0,-5.04
4543,1,-4.9166207
4544,1,-4.574746
4545,1,-6.1811996
4546,0,-6.970554
4547,0,-6.970554
4548,0,-6.970554
4549,1,-6.970554
4550,1,-6.970554
4551,1,-5.3534284
4552,1,-5.3534284
4553,1,-3.2414021
4554,1,-6.970554
4555,1,-6.822328
4556,0,-6.779955
4557,0,-6.779955
4558,0,-6.779955
4559,1,-6.779955
4560,1,-6.970554
4561,1,-4.5736246
4562,1,-5.779719
4563,0,-6.970554
4564,0,-6.970554
4565,0,-6.970554
4566,0,-6.970554
4567,1,-5.1405993
4568,1,-5.194183
4569,0,-6.970554
4570,0,-6.970554
4571,0,-6.970554
4572,0,-6.970554
4573,0,-6.970554
4574,0,-6.970554
4575,0,-6.970554
4576,1,-6.970554
4577,0,-3.2111068
4578,0,-5.322262
4579,0,-6.970554
4580,0,-6.970554
4581,0,-6.970554
4582,0,-6.970554
4583,0,-6.970554
4584,0,-6.970554
4585,0,-6.970554
4586,1,-4.6494436
4587,0,-6.970554
4588,0,-6.970554
4589,0,-3.642153
4590,0,-3.642153
4591,1,-3.642153
4592,1,-4.7465243
4593,0,-6.970554
4594,0,-6.970554
4595,1,-3.725809
4596,1,-3.6506882
4597,1,-6.970554
4598,0,-5.858868
4599,0,-5.858868
4600,1,-5.858868
4601,0,-6.682909
4602,1,-6.970554
4603,1,-5.0859733
4604,0,-6.970554
4605,1,-6.970554
4606,1,-4.5579286
4607,0,-5.330291
4608,1,-5.039292
4609,0,-6.970554
4610,0,-6.970554
4611,1,-3.3224819
4612,1,-5.7136617
4613,1,-4.901161
4614,0,-4.901161
4615,0,-6.970554
4616,0,-6.970554
4617,1,-4.8580737
4618,1,-6.970554
4619,0,-6.970554
4620,0,-6.970554
4621,0,-6.970554
4622,0,-6.970554
4623,0,-6.970554
4624,0,-6.970554
4625,1,-4.551422
4626,1,-5.46932
4627,0,-6.970554
4628,0,-6.970554
4629,1,-5.3853498
4630,1,-4.2702107
4631,0,-2.326869
4632,0,-6.970554
4633,1,-6.2281466
4634,1,-6.864996
4635,0,-6.970554
4636,1,-3.8494377
4637,1,-6.1211524
4638,1,-6.265584
4639,1,-4.812116
4640,0,-6.970554
4641,1,-4.5241547
4642,1,-0.7640014
4643,1,-3.1600995
4644,1,-6.970554
4645,0,-6.970554
4646,0,-6.970554
4647,0,-6.970554
4648,1,-0.9187267
4649,0,-6.3727283
4650,0,-6.3727283
4651,0,-6.970554
4652,1,-4.306989
4653,1,-4.333084
4654,1,-6.437237
4655,1,-4.537495
4656,1,-5.5112267
4657,1,-4.5807004
4658,0,-6.840049
4659,0,-6.970554
4660,0,-6.970554
4661,0,-6.970554
4662,0,-6.970554
4663,0,-6.970554
4664,0,-6.970554
4665,1,-4.8927484
4666,1,-3.804925
4667,1,-3.9306238
4668,1,-4.492346
4669,1,-2.1547725
4670,0,-6.970554
4671,0,-5.8008356
4672,1,-6.970554
4673,1,-5.936247
4674,0,-6.1910896
4675,0,-6.970554
4676,0,-6.970554
4677,0,-6.970554
4678,0,-6.970554
4679,0,-6.970554
4680,0,-6.970554
4681,0,-5.897862
4682,0,-5.4206343
4683,0,-6.0964932
4684,1,-6.7054825
4685,0,-6.970554
4686,1,-2.3788698
4687,1,-6.970554
4688,1,-6.2084737
4689,0,-6.2084737
4690,0,-6.970554
4691,0,-6.970554
4692,0,-4.272992
4693,1,-6.3112593
4694,0,-3.898399
4695,0,-6.970554
4696,0,-6.970554
4697,0,-6.970554
4698,0,-6.970554
4699,0,-6.3530293
4700,1,-5.284385
4701,1,-6.6684875
4702,1,-6.970554
4703,1,-3.0795286
4704,1,-0.6950212
4705,0,-6.970554
4706,1,-6.0626807
4707,0,-6.970554
4708,1,-2.8601546
4709,1,-5.812134
4710,1,-5.812134
4711,0,-6.840049
4712,0,-7.044012
4713,0,-6.970554
4714,0,-6.970554
4715,1,-5.2318544
4716,1,-6.437279
4717,1,-6.221491
4718,1,-5.159626
4719,0,-6.970554
4720,0,-6.970554
4721,1,-3.5281422
4722,1,-5.8552675
4723,1,-5.8552675
4724,1,-5.6584716
4725,1,-4.678789
4726,1,-5.805138
4727,1,-6.028902
4728,1,-6.13219
4729,1,-4.9448314
4730,1,-5.9069657
4731,0,-6.970554
4732,1,-2.123095
4733,1,-3.1066325
4734,1,-3.1066325
4735,0,-6.970554
4736,0,-6.970554
4737,0,-6.970554
4738,0,-6.970554
4739,0,-6.970554
4740,0,-6.970554
4741,1,-5.471697
4742,1,-5.561131
4743,0,-5.561131
4744,0,-6.970554
4745,0,-6.970554
4746,0,-6.970554
4747,0,-6.970554
4748,0,-6.970554
4749,0,-6.970554
4750,0,-6.970554
4751,0,-6.970554
4752,0,-6.970554
4753,0,-6.970554
4754,0,-6.970554
4755,0,-6.970554
4756,0,-6.970554
4757,0,-6.970554
4758,0,-6.970554
4759,0,-6.970554
4760,1,-5.4077253
4761,1,-5.4077253
4762,0,-6.020604
4763,1,-6.970554
4764,0,-6.970554
4765,1,-6.91046
4766,1,-5.7092557
4767,1,-5.713323
4768,1,-4.7581778
4769,1,-6.5299144
4770,1,-2.3848042
4771,1,-3.7380111
4772,1,-6.970554
4773,1,-5.8658347
4774,1,-6.893127
4775,1,-2.2920551
4776,1,-4.246535
4777,1,-5.6055613
4778,0,-5.0075893
4779,0,-6.970554
4780,1,-4.86689
4781,0,-6.5572567
4782,1,-6.970554
4783,0,-6.970554
4784,1,-0.30804628
4785,1,-6.970554
4786,0,-6.970554
4787,0,-6.7054825
4788,1,-5.0535855
4789,1,-6.970554
4790,1,-6.91046
4791,0,-6.1231756
4792,1,-5.345462
4793,1,-2.4469037
4794,1,-6.372288
4795,1,-6.3106008
4796,1,-4.561943
4797,1,-5.7422094
4798,0,-6.970554
4799,1,-5.308019
4800,1,-6.970554
4801,1,-6.970554
4802,1,-6.970554
4803,1,-6.970554
4804,1,-4.122572
4805,1,-6.762067
4806,1,-6.970554
4807,1,-3.7499542
4808,0,-4.128348
4809,1,-4.99329
4810,1,-4.3675504
4811,1,-5.2091503
4812,1,-5.1496153
4813,1,-3.2908444
4814,0,-6.970554
4815,1,-4.7536664
4816,1,-5.897862
4817,1,-3.7719445
4818,0,-5.833879
4819,0,-5.7436576
4820,0,-6.970554
4821,0,-5.331944
4822,1,-3.8019369
4823,1,-4.377548
4824,1,-4.649557
4825,1,-4.2309375
4826,1,-5.9156003
4827,1,-4.9161506
4828,1,-3.328474
4829,1,-5.034222
4830,1,-5.8769464
4831,1,-4.9903636
4832,1,-4.3894777
4833,1,-5.319708
4834,0,-6.970554
4835,1,-2.5922472
4836,1,-4.928089
4837,1,-6.970554
4838,0,-6.970554
4839,1,-5.0722213
4840,1,-6.970554
4841,1,-6.970554
4842,1,-3.8519301
4843,1,-3.3019447
4844,0,-6.970554
4845,0,-6.970554
4846,1,-4.6947813
4847,0,-6.970554
4848,0,-6.970554
4849,1,-6.804241
4850,1,-5.1003757
4851,0,-6.970554
4852,0,-6.970554
4853,0,-6.970554
4854,0,-6.970554
4855,0,-4.954666
4856,0,-6.970554
4857,0,-6.970554
4858,0,-6.970554
4859,0,-6.970554
4860,1,-5.319145
4861,1,-3.818188
4862,1,-6.970554
4863,1,-5.814144
4864,0,-5.2832656
4865,0,-6.970554
4866,0,-6.970554
4867,0,-6.970554
4868,1,-6.970554
4869,1,-5.951689
4870,0,-5.56133
4871,0,-4.440396
4872,0,-6.970554
4873,0,-6.822328
4874,0,-6.970554
4875,1,-3.8691468
4876,1,-2.988948
4877,1,-6.0440593
4878,1,-6.0594597
4879,1,-3.0184548
4880,1,-1.4402688
4881,1,-2.425157
4882,1,-3.9396334
4883,1,-2.4459808
4884,1,-5.154308
4885,0,-7.192238
4886,0,-7.192238
4887,1,-4.1638927
4888,1,-3.5335243
4889,1,-5.1087384
4890,0,-5.1087384
4891,1,-4.5604954
4892,0,-4.5604954
4893,0,-6.0858164
4894,0,-6.0858164
4895,1,-6.0858164
4896,1,-6.0858164
4897,0,-6.970554
4898,1,-4.788061
4899,1,-4.631336
4900,0,-6.970554
4901,1,-6.1041727
4902,0,-6.970554
4903,0,-6.970554
4904,1,-5.4122887
4905,1,-3.815218
4906,1,-1.4566228
4907,0,-6.970554
4908,0,-6.970554
4909,1,-1.688625
4910,1,-1.688625
4911,1,-2.8882763
4912,1,-5.812435
4913,0,-5.812435
4914,0,-6.970554
4915,0,-6.970554
4916,1,-3.6229477
4917,1,-5.6718135
4918,1,-6.1805496
4919,0,-6.779955
4920,1,-6.779955
4921,1,-4.53117
4922,0,-5.825781
4923,1,-5.825781
4924,1,-2.8651185
4925,1,-4.197563
4926,1,-3.5060658
4927,0,-6.970554
4928,0,-6.970554
4929,1,-3.7513835
4930,1,-2.7254813
4931,1,-6.779955
4932,1,-6.970554
4933,1,-2.8641105
4934,1,-3.579207
4935,0,-6.970554
4936,1,-3.777954
4937,1,-4.010131
4938,1,-2.576953
4939,1,-2.8875172
4940,1,-5.2857323
4941,1,-5.5086412
4942,1,-4.1540523
4943,1,-6.126946
4944,0,-5.8412724
4945,1,-7.024411
4946,0,-6.970554
4947,0,-6.970554
4948,1,-4.4043217
4949,1,-2.4932797
4950,1,-6.970554
4951,1,-3.6682446
4952,1,-1.8768544
4953,1,-3.088058
4954,1,-5.738327
4955,0,-6.970554
4956,1,-7.192238
4957,1,-3.6727407
4958,0,-6.822328
4959,0,-6.970554
4960,0,-6.970554
4961,1,-6.970554
4962,1,-5.671136
4963,1,-6.7054825
4964,1,-6.970554
4965,1,-6.970554
4966,1,-5.710251
4967,1,-4.376584
4968,0,-6.970554
4969,1,-6.970554
4970,1,-6.1163445
4971,1,-5.5567737
4972,0,-6.970554
4973,0,-6.970554
4974,0,-6.970554
4975,0,-6.970554
4976,1,-5.3501906
4977,1,-6.682726
4978,1,-6.1211524
4979,1,-5.0400286
4980,1,-5.6962814
4981,1,-5.8530316
4982,1,-3.7450123
4983,0,-5.7209234
4984,1,-5.405163
4985,1,-5.1665373
4986,1,-6.3342404
4987,1,-6.970554
4988,0,-6.970554
4989,1,-5.326457
4990,1,-3.9563801
4991,1,-4.8627343
4992,1,-2.9000623
4993,1,-2.9000623
4994,1,-3.5762017
4995,0,-3.639881
4996,1,-6.970554
4997,1,-1.8728338
4998,0,-6.970554
4999,0,-4.2577376
5000,1,-4.2269287
5001,1,-5.9626436
5002,1,-6.76225
5003,1,-4.9173207
5004,0,-6.2552085
5005,1,-6.970554
5006,0,-6.215505
5007,1,-5.043389
5008,1,-5.499037
5009,0,-5.499037
5010,0,-5.499037
5011,0,-5.499037
5012,1,-1.2379068
5013,1,-6.487014
5014,1,-3.2613027
5015,1,-6.76225
5016,1,-1.7413105
5017,0,-6.970554
5018,1,-5.826028
5019,0,-4.4941654
5020,1,-4.2840304
5021,1,-4.7110434
5022,0,-6.970554
5023,0,-6.970554
5024,0,-6.970554
5025,0,-6.970554
5026,0,-6.970554
5027,0,-6.970554
5028,1,-1.5940058
5029,0,-6.970554
5030,1,-2.751138
5031,0,-6.0567636
5032,1,-6.4395967
5033,1,-2.7043417
5034,1,-5.9045954
5035,0,-5.9045954
5036,1,-6.2079396
5037,1,-6.151643
5038,0,-6.970554
5039,1,-6.049467
5040,0,-6.970554
5041,1,-6.4114294
5042,1,-3.918506
5043,0,-4.291376
5044,1,-3.0465229
5045,1,-6.236979
5046,1,-6.3726983
5047,1,-4.5482554
5048,1,-5.9927406
5049,0,-6.970554
5050,1,-6.3727283
5051,0,-6.822328
5052,1,-3.3392315
5053,0,-6.970554
5054,1,-2.7216337
5055,1,-6.970554
5056,1,-6.970554
5057,1,-5.2797804
5058,0,-2.3897235
5059,1,-2.3897235
5060,0,-2.6850636
5061,0,-6.970554
5062,1,-4.7787766
5063,0,-6.970554
5064,0,-6.970554
5065,1,-3.6940966
5066,0,-5.242424
5067,0,-6.970554
5068,0,-6.970554
5069,1,-5.1033964
5070,1,-6.970554
5071,1,-6.970554
5072,1,-6.970554
5073,1,-5.04
5074,1,-6.779955
5075,1,-5.6046414
5076,0,-5.6046414
5077,0,-6.970554
5078,0,-6.970554
5079,1,-5.984731
5080,1,-5.895878
5081,0,-6.970554
5082,1,-6.1811996
5083,1,-6.970554
5084,1,-5.3534284
5085,0,-6.970554
5086,1,-6.779955
5087,1,-6.779955
5088,1,-6.779955
5089,1,-6.970554
5090,1,-4.5736246
5091,1,-4.5736246
5092,0,-6.970554
5093,0,-6.970554
5094,0,-6.970554
5095,0,-6.970554
5096,0,-6.970554
5097,1,-5.9633827
5098,1,-6.319388
5099,0,-6.970554
5100,0,-6.970554
5101,0,-6.970554
5102,0,-6.970554
5103,0,-6.970554
5104,0,-6.970554
5105,1,-6.970554
5106,1,-5.322262
5107,0,-6.970554
5108,0,-6.970554
5109,0,-6.970554
5110,0,-6.970554
5111,0,-6.970554
5112,0,-6.970554
5113,0,-6.970554
5114,0,-6.970554
5115,0,-6.970554
5116,0,-6.970554
5117,0,-6.970554
5118,0,-6.970554
5119,0,-6.970554
5120,1,-5.088874
5121,0,-6.970554
5122,1,-5.9260187
5123,0,-6.970554
5124,0,-6.970554
5125,0,-6.970554
5126,0,-3.642153
5127,1,-3.642153
5128,0,-3.642153
5129,0,-3.642153
5130,0,-3.642153
5131,0,-3.642153
5132,0,-3.642153
5133,0,-3.642153
5134,0,-3.642153
5135,0,-3.642153
5136,0,-3.642153
5137,0,-6.970554
5138,0,-6.970554
5139,0,-6.970554
5140,0,-6.970554
5141,0,-6.970554
5142,1,-6.970554
5143,1,-6.2684216
5144,0,-4.2058477
5145,1,-5.85349
5146,0,-5.1660056
5147,0,-6.970554
5148,1,-6.970554
5149,0,-5.0859733
5150,0,-6.970554
5151,0,-6.970554
5152,0,-6.970554
5153,0,-6.970554
5154,1,-6.2918673
5155,1,-5.330291
5156,0,-5.039292
5157,1,-5.039292
5158,0,-5.039292
5159,1,-6.970554
5160,0,-6.970554
5161,0,-6.970554
5162,0,-6.970554
5163,1,-3.3224819
5164,0,-6.970554
5165,0,-4.901161
5166,0,-6.970554
5167,0,-6.970554
5168,0,-6.970554
5169,1,-4.551422
5170,0,-6.970554
5171,1,-6.970554
5172,0,-6.970554
5173,1,-6.970554
5174,0,-6.970554
5175,1,-6.779955
5176,1,-2.326869
5177,1,-6.3432026
5178,0,-6.3432026
5179,0,-6.970554
5180,0,-6.970554
5181,1,-6.2281466
5182,0,-6.970554
5183,0,-6.864996
5184,0,-5.6473007
5185,1,-5.130037
5186,1,-1.9195551
5187,1,-4.9669023
5188,0,-6.970554
5189,0,-6.970554
5190,0,-6.970554
5191,0,-6.970554
5192,1,-6.970554
5193,0,-6.970554
5194,0,-6.970554
5195,1,-5.035882
5196,1,-6.081313
5197,1,-0.9187267
5198,0,-0.9187267
5199,1,-6.3727283
5200,1,-6.1558394
5201,1,-6.970554
5202,0,-6.970554
5203,1,-4.537495
5204,1,-5.4807587
5205,0,-6.970554
5206,1,-6.840049
5207,1,-4.607633
5208,0,-6.884992
5209,1,-6.970554
5210,1,-5.5448527
5211,1,-5.239658
5212,1,-4.8927484
5213,0,-4.8927484
5214,0,-6.970554
5215,1,-3.804925
5216,1,-6.8856845
5217,0,-6.970554
5218,0,-6.970554
5219,0,-4.492346
5220,0,-4.492346
5221,1,-5.965961
5222,1,-6.970554
5223,1,-5.6634173
5224,1,-6.970554
5225,0,-6.970554
5226,0,-6.970554
5227,1,-5.8008356
5228,0,-5.8008356
5229,0,-6.970554
5230,1,-6.970554
5231,0,-6.970554
5232,1,-6.970554
5233,1,-6.1910896
5234,1,-6.970554
5235,0,-6.970554
5236,1,-6.5333347
5237,0,-6.970554
5238,1,-6.12343
5239,0,-6.12343
5240,0,-6.12343
5241,0,-6.12343
5242,1,-5.3021016
5243,1,-4.117531
5244,1,-6.648756
5245,1,-5.095421
5246,1,-5.4206343
5247,0,-6.970554
5248,0,-5.6352353
5249,1,-5.4163713
5250,0,-6.7054825
5251,0,-6.970554
5252,1,-3.810228
5253,1,-6.243409
5254,0,-6.970554
5255,0,-6.970554
5256,1,-6.970554
5257,0,-6.970554
5258,0,-4.272992
5259,1,-3.898399
5260,1,-3.898399
5261,0,-6.970554
5262,0,-6.970554
5263,1,-6.970554
5264,1,-4.104239
5265,1,-4.5653253
5266,0,-4.5653253
5267,0,-6.970554
5268,1,-6.970554
5269,1,-5.9213467
5270,1,-4.788458
5271,0,-2.175326
5272,1,-5.812134
5273,0,-6.970554
5274,0,-6.970554
5275,0,-6.840049
5276,0,-6.970554
5277,0,-6.970554
5278,0,-6.970554
5279,0,-6.970554
5280,0,-6.970554
5281,0,-6.970554
5282,0,-6.970554
5283,0,-6.970554
5284,0,-6.970554
5285,0,-6.970554
5286,0,-6.970554
5287,0,-6.970554
5288,0,-6.970554
5289,0,-6.970554
5290,0,-6.970554
5291,0,-6.970554
5292,0,-6.970554
5293,0,-6.970554
5294,0,-6.970554
5295,0,-6.970554
5296,0,-6.970554
5297,0,-6.970554
5298,0,-6.970554
5299,1,-3.5281422
5300,1,-5.8552675
5301,1,-5.8552675
5302,1,-5.805138
5303,0,-5.805138
5304,0,-6.779955
5305,1,-2.3440642
5306,0,-6.8476286
5307,0,-3.1066325
5308,1,-4.107244
5309,1,-6.970554
5310,1,-6.046188
5311,0,-6.970554
5312,0,-6.970554
5313,0,-6.970554
5314,1,-6.3727283
5315,1,-5.5743747
5316,1,-4.7491627
5317,0,-6.970554
5318,1,-6.970554
5319,0,-6.324584
5320,0,-6.970554
5321,0,-6.970554
5322,0,-6.970554
5323,0,-6.970554
5324,0,-6.970554
5325,0,-6.970554
5326,0,-6.970554
5327,0,-6.970554
5328,0,-5.4077253
5329,1,-5.4077253
5330,1,-6.020604
5331,1,-6.970554
5332,0,-6.970554
5333,1,-6.91046
5334,0,-6.91046
5335,1,-2.2920551
5336,1,-4.246535
5337,1,-4.246535
5338,1,-4.4444613
5339,1,-5.0075893
5340,1,-5.6467066
5341,1,-4.6183486
5342,1,-4.292448
5343,1,-4.86689
5344,1,-6.5572567
5345,1,-5.109023
5346,0,-5.109023
5347,0,-5.109023
5348,1,-4.842979
5349,1,-6.970554
5350,0,-6.970554
5351,0,-6.970554
5352,1,-5.003255
5353,0,-6.970554
5354,1,-6.970554
5355,1,-6.7683086
5356,1,-0.30804628
5357,0,-5.0535855
5358,0,-6.970554
5359,1,-6.970554
5360,0,-6.1231756
5361,1,-5.345462
5362,1,-2.4469037
5363,1,-6.970554
5364,0,-6.970554
5365,1,-6.970554
5366,1,-6.970554
5367,1,-6.970554
5368,1,-5.9363055
5369,0,-5.9363055
5370,1,-5.4663563
5371,0,-6.970554
5372,0,-6.970554
5373,0,-4.128348
5374,1,-4.8816223
5375,0,-6.970554
5376,0,-6.970554
5377,1,-5.0868735
5378,0,-6.970554
5379,0,-3.2908444
5380,1,-3.3966367
5381,0,-6.970554
5382,0,-3.7719445
5383,1,-5.833879
5384,1,-5.7436576
5385,0,-5.331944
5386,0,-6.970554
5387,0,-6.970554
5388,0,-6.970554
5389,1,-6.7052994
5390,0,-4.649557
5391,0,-4.2309375
5392,1,-4.9161506
5393,0,-6.970554
5394,0,-3.328474
5395,0,-6.970554
5396,0,-6.970554
5397,0,-2.5922472
5398,0,-6.970554
5399,0,-6.970554
5400,1,-5.0722213
5401,1,-6.970554
5402,0,-3.3019447
5403,0,-6.970554
5404,0,-6.970554
5405,0,-6.970554
5406,1,-6.804241
5407,1,-6.970554
5408,1,-6.211695
5409,1,-6.125754
5410,1,-5.523161
5411,1,-5.3959413
5412,1,-5.3588195
5413,1,-5.6330495
5414,1,-4.954666
5415,1,-5.319145
5416,0,-5.319145
5417,0,-5.319145
5418,0,-6.970554
5419,1,-5.814144
5420,0,-6.970554
5421,0,-6.970554
5422,0,-6.970554
5423,0,-6.970554
5424,0,-6.92961
5425,1,-6.970554
5426,1,-6.970554
5427,1,-5.0243626
5428,1,-5.56133
5429,1,-4.440396
5430,0,-6.970554
5431,0,-6.970554
5432,0,-6.970554
5433,0,-6.970554
5434,0,-6.970554
5435,0,-6.970554
5436,1,-6.970554
5437,0,-6.970554
5438,1,-6.556748
5439,1,-5.7940636
5440,0,-6.0440593
5441,1,-3.0184548
5442,0,-6.970554
5443,1,-5.438021
5444,1,-6.2684216
5445,1,-1.4402688
5446,0,-6.970554
5447,1,-5.1829486
5448,0,-3.9396334
5449,0,-6.482466
5450,1,-6.970554
5451,1,-6.970554
5452,0,-3.5335243
5453,1,-4.1266937
5454,0,-4.5604954
5455,1,-5.262467
5456,1,-6.0858164
5457,1,-6.0858164
5458,0,-6.970554
5459,1,-3.9789445
5460,1,-5.4122887
5461,1,-3.815218
5462,1,-1.4566228
5463,1,-1.4566228
5464,0,-6.970554
5465,1,-6.970554
5466,0,-6.970554
5467,1,-6.970554
5468,0,-3.9544158
5469,1,-1.688625
5470,0,-1.688625
5471,1,-6.584995
5472,1,-7.1159105
5473,1,-3.6229477
5474,1,-6.2004066
5475,0,-4.4838324
5476,1,-6.779955
5477,1,-2.8651185
5478,1,-5.0850596
5479,1,-4.0522747
5480,0,-6.970554
5481,1,-3.7513835
5482,0,-6.970554
5483,0,-6.970554
5484,1,-3.989593
5485,1,-4.999585
5486,0,-6.970554
5487,1,-6.970554
5488,0,-7.172637
5489,1,-6.970554
5490,1,-4.010131
5491,0,-2.576953
5492,1,-5.9489875
5493,1,-5.321654
5494,1,-2.8875172
5495,1,-6.970554
5496,1,-2.398672
5497,1,-4.924472
5498,1,-6.126946
5499,1,-5.8412724
5500,1,-6.779955
5501,0,-7.024411
5502,0,-7.024411
5503,1,-5.49436
5504,0,-6.970554
5505,1,-4.5312233
5506,1,-4.4043217
5507,1,-3.4722474
5508,1,-3.6682446
5509,1,-1.8768544
5510,1,-3.3327677
5511,1,-3.853309
5512,1,-5.738327
5513,0,-6.970554
5514,1,-6.970554
5515,0,-5.7196364
5516,1,-5.671136
5517,0,-6.7054825
5518,0,-6.970554
5519,0,-6.970554
5520,1,-5.612524
5521,0,-6.970554
5522,1,-5.321603
5523,1,-1.9676425
5524,0,-1.9676425
5525,1,-5.1552544
5526,0,-6.2048087
5527,0,-4.376584
5528,1,-4.9339995
5529,1,-6.970554
5530,0,-6.970554
5531,0,-6.970554
5532,1,-6.970554
5533,1,-3.2897263
5534,1,-6.0248475
5535,1,-5.3501906
5536,1,-5.068926
5537,1,-5.114094
5538,1,0.41245672
5539,1,-5.625243
5540,0,-6.970554
5541,0,-6.7054825
5542,1,-5.6962814
5543,1,-5.6962814
5544,1,-3.7450123
5545,1,-5.3026686
5546,1,-5.5837555
5547,1,-6.970554
5548,1,-6.970554
5549,0,-6.7054825
5550,1,-6.5769553
5551,1,-3.6267025
5552,1,-3.9563801
5553,0,-6.64554
5554,1,-2.9000623
5555,1,-6.970554
5556,0,-6.970554
5557,1,-7.172637
5558,1,-4.2577376
5559,1,-1.6505059
5560,1,-5.519349
5561,1,-0.7119275
5562,0,-5.5117426
5563,0,-5.5117426
5564,0,-5.5117426
5565,1,-5.448376
5566,1,-4.9173207
5567,1,-6.2552085
5568,0,-6.2552085
5569,1,-6.970554
5570,1,-6.970554
5571,1,-6.5333347
5572,1,-6.215505
5573,1,-5.0714245
5574,1,-5.499037
5575,0,-6.487014
5576,1,-3.2613027
5577,1,-6.970554
5578,1,-4.9583664
5579,1,-6.970554
5580,1,-5.308822
5581,1,-5.8252926
5582,0,-4.2840304
5583,1,-3.6118875
5584,0,-6.970554
5585,0,-6.970554
5586,1,-5.589176
5587,0,-6.970554
5588,1,-6.2079396
5589,0,-6.970554
5590,1,-6.4114294
5591,1,-4.745177
5592,1,-4.4420495
5593,1,-4.291376
5594,0,-6.236979
5595,1,-6.236979
5596,1,-4.5482554
5597,0,-6.970554
5598,0,-2.3897235
5599,0,-4.7787766
5600,0,-6.437279
5601,0,-6.437279
5602,0,-6.437279
5603,0,-6.970554
5604,0,-6.970554
5605,0,-5.6046414
5606,0,-5.6046414
5607,0,-5.9633827
5608,0,-5.858868
5609,0,-6.970554
5610,0,-4.901161
5611,0,-6.970554
5612,0,-0.9187267
5613,0,-4.537495
5614,0,-5.965961
5615,0,-5.897862
5616,0,-6.7054825
5617,0,-6.7054825
5618,0,-6.840049
5619,0,-6.970554
5620,0,-6.970554
5621,0,-6.970554
5622,0,-6.970554
5623,0,-6.970554
5624,0,-3.5281422
5625,0,-6.970554
5626,0,-6.970554
5627,0,-6.970554
5628,0,-6.5299144
5629,0,-6.5299144
5630,0,-6.5299144
5631,0,-6.893127
5632,0,-5.9156003
5633,0,-5.9156003
5634,0,-6.970554
5635,0,-3.818188
5636,0,-5.0243626
5637,0,-5.042897
5638,0,-5.812435
5639,0,-6.779955
5640,0,-4.1540523
5641,0,-6.2048087
5642,0,-1.8728338
5643,0,-4.4941654
5644,0,-4.4941654
5645,0,-4.4941654
5646,0,-6.2079396
5647,0,-4.4420495
5648,0,-6.970554
5649,1,-4.3524494
5650,1,1.192966
5651,1,-4.5749736
5652,1,-5.555788
5653,1,1.2363468
5654,1,-1.8876299
5655,0,-6.840049
5656,0,-6.970554
5657,1,-4.5653973
5658,0,-6.059512
5659,0,-6.059512
5660,1,-6.970554
5661,0,-6.970554
5662,0,-6.970554
5663,0,-6.970554
5664,0,-6.970554
5665,0,-6.970554
5666,1,-4.8874264
5667,0,-6.970554
5668,1,-4.5491486
5669,1,-4.8824205
5670,1,-4.8317876
5671,0,-4.8317876
5672,1,-4.8317876
5673,1,-6.0626807
5674,1,-4.304415
5675,1,-4.6220336
5676,0,-6.970554
5677,0,-6.207526
5678,0,-6.970554
5679,1,-5.3564076
5680,1,-3.9479935
5681,0,-6.970554
5682,1,-0.7536309
5683,1,-6.970554
5684,0,-6.970554
5685,0,-6.970554
5686,1,-5.3414936
5687,0,-6.970554
5688,1,-0.83950156
5689,1,-4.652559
5690,1,-5.444185
5691,0,-6.970554
5692,1,-3.6817012
5693,1,-3.1745052
5694,0,-6.970554
5695,0,-6.970554
5696,1,-2.7829406
5697,1,-6.1302853
5698,1,-2.4714677
5699,0,-6.970554
5700,1,-4.873516
5701,1,-4.176339
5702,1,-3.386187
5703,1,-2.2828412
5704,1,-5.1765275
5705,0,-5.1765275
5706,1,-5.3916707
5707,0,-6.822328
5708,0,-6.1737137
5709,1,-6.1835313
5710,0,-6.970554
5711,0,-6.970554
5712,1,-3.762542
5713,1,-4.721385
5714,0,-6.970554
5715,1,-5.073265
5716,0,-5.073265
5717,1,-4.769154
5718,1,-5.528473
5719,1,-1.4670519
5720,1,-4.6880536
5721,0,-6.970554
5722,0,-5.3422284
5723,0,-6.3727283
5724,1,-5.8726516
5725,1,-6.787078
5726,0,-5.1634903
5727,1,-0.9360925
5728,1,1.4288961
5729,0,-6.970554
5730,1,-4.1384425
5731,0,-6.7054825
5732,1,-3.8180478
5733,1,0.28530592
5734,0,-6.970554
5735,1,-6.970554
5736,1,-6.970554
5737,1,-4.9537134
5738,0,-4.9537134
5739,0,-4.9537134
5740,1,-4.855501
5741,0,-6.9271665
5742,0,-6.970554
5743,0,-5.57292
5744,1,-4.385478
5745,0,-6.970554
5746,1,-4.818456
5747,1,-5.2637634
5748,1,-3.0832
5749,1,-2.2765625
5750,0,-6.970554
5751,0,-6.970554
5752,0,-6.970554
5753,0,-6.970554
5754,0,-6.970554
5755,0,-6.970554
5756,0,-6.633601
5757,1,-3.7003908
5758,0,-6.970554
5759,1,-3.7545922
5760,1,-3.7545922
5761,1,-6.970554
5762,1,-4.7381034
5763,1,-4.7381034
5764,1,-6.970554
5765,0,-6.970554
5766,0,-6.2873893
5767,1,-5.440029
5768,1,-5.3018823
5769,0,-6.970554
5770,0,-6.970554
5771,0,-6.970554
5772,1,-4.5198917
5773,0,-7.192238
5774,0,-6.970554
5775,1,-2.1100914
5776,0,-6.970554
5777,1,-6.302974
5778,1,-1.7557437
5779,1,-6.970554
5780,1,-3.4905627
5781,0,-3.4905627
5782,1,-4.377549
5783,0,-4.377549
5784,0,-4.377549
5785,1,0.3848133
5786,1,-6.5365453
5787,0,-6.5365453
5788,0,-6.779955
5789,1,-2.8535671
5790,0,-6.970554
5791,0,-6.970554
5792,1,-3.8366728
5793,1,-4.9034424
5794,0,-6.970554
5795,0,-5.4786515
5796,1,-3.1264632
5797,0,-6.970554
5798,0,-6.970554
5799,0,-6.970554
5800,1,-1.6236079
5801,1,-5.649159
5802,1,-7.192238
5803,0,-6.970554
5804,0,-6.970554
5805,0,-6.970554
5806,0,-6.970554
5807,1,-2.6512585
5808,1,-3.1177528
5809,0,-3.1177528
5810,1,-4.4588614
5811,1,2.042936
5812,1,-6.049467
5813,1,-6.049467
5814,1,5.207706
5815,1,-5.195056
5816,1,-5.681855
5817,0,-6.970554
5818,0,-5.915255
5819,1,-3.4192169
5820,1,0.1074038
5821,1,-4.4516883
5822,0,-6.970554
5823,0,-6.970554
5824,1,-4.3524494
5825,1,-6.8904796
5826,0,-6.970554
5827,0,-6.7054825
5828,0,-6.970554
5829,1,-4.1554475
5830,1,-5.555788
5831,1,-3.7275808
5832,1,-5.8458896
5833,1,-1.8876299
5834,1,-5.7053175
5835,1,-5.57292
5836,1,-6.8476286
5837,1,-6.059512
5838,0,-6.059512
5839,1,-4.9943566
5840,1,-5.0583825
5841,0,-6.970554
5842,1,-6.8904796
5843,0,-5.366963
5844,1,-4.743941
5845,0,-4.5491486
5846,0,-6.970554
5847,1,-6.822623
5848,1,-4.304415
5849,1,-4.6220336
5850,0,-6.970554
5851,0,-6.91046
5852,0,-6.970554
5853,0,-5.3564076
5854,0,-6.970554
5855,0,-6.970554
5856,1,-5.322262
5857,1,-4.3230367
5858,1,-5.26819
5859,1,-0.7536309
5860,1,-6.2465773
5861,0,-4.652559
5862,1,-4.880038
5863,0,-4.880038
5864,1,-6.970554
5865,0,-3.1745052
5866,0,-3.1745052
5867,0,-6.582557
5868,1,-6.970554
5869,1,-5.7307477
5870,1,-1.999675
5871,1,-6.1302853
5872,0,-6.970554
5873,0,-6.970554
5874,0,-6.970554
5875,0,-6.970554
5876,1,-4.594051
5877,0,-6.648756
5878,0,-4.176339
5879,1,-1.15315
5880,1,-6.884992
5881,1,-3.386187
5882,1,-2.2828412
5883,1,-4.0383053
5884,1,-5.1765275
5885,1,-5.1765275
5886,1,-3.11502
5887,0,-6.699403
5888,0,-6.970554
5889,1,-4.721385
5890,1,-5.073265
5891,1,-4.769154
5892,0,-5.528473
5893,0,-5.528473
5894,1,-1.4670519
5895,1,-1.4670519
5896,1,-5.370993
5897,0,-6.970554
5898,0,-6.970554
5899,1,-5.3422284
5900,1,-6.4528027
5901,0,-6.970554
5902,1,-3.5663939
5903,0,-6.970554
5904,1,-6.787078
5905,1,-5.1634903
5906,1,1.4288961
5907,1,-5.806091
5908,1,-3.8180478
5909,1,0.28530592
5910,1,-3.9834907
5911,1,-5.081684
5912,1,-7.093296
5913,1,-2.38576
5914,1,-6.970554
5915,0,-6.970554
5916,0,-6.970554
5917,0,-6.970554
5918,0,-4.9537134
5919,0,-4.855501
5920,1,-6.970554
5921,1,-5.8567104
5922,1,-5.298028
5923,0,-6.648756
5924,1,-6.2856154
5925,0,-6.970554
5926,1,-6.711558
5927,0,-6.970554
5928,0,-6.970554
5929,1,-4.1723194
5930,0,-6.970554
5931,0,-6.034375
5932,0,-6.970554
5933,0,-6.970554
5934,1,-3.669639
5935,1,-3.7545922
5936,0,-6.5866294
5937,1,-4.8238454
5938,1,-4.7381034
5939,0,-4.7381034
5940,0,-4.7381034
5941,0,-6.970554
5942,1,-6.970554
5943,1,-6.1379166
5944,0,-6.2873893
5945,0,-6.970554
5946,1,-6.970554
5947,1,-4.03005
5948,1,-5.440029
5949,1,-2.5162442
5950,0,-6.970554
5951,0,-6.970554
5952,0,-6.970554
5953,0,-6.970554
5954,1,-5.0380125
5955,0,-6.970554
5956,1,-6.4028296
5957,1,-6.970554
5958,1,-3.90059
5959,0,-6.3727283
5960,0,-3.4905627
5961,1,-5.245484
5962,0,-6.970554
5963,0,-5.63008
5964,0,-4.377549
5965,0,-4.377549
5966,0,-4.377549
5967,0,0.3848133
5968,0,-6.779955
5969,1,-2.8535671
5970,1,-4.5875406
5971,0,-6.970554
5972,0,-6.970554
5973,0,-6.970554
5974,0,-6.970554
5975,0,-6.970554
5976,0,-6.8366814
5977,1,-4.9034424
5978,0,-6.970554
5979,0,-6.246101
5980,1,-5.4786515
5981,0,-6.970554
5982,1,-3.0516822
5983,0,-5.409775
5984,0,-6.970554
5985,1,-4.598685
5986,1,-1.6236079
5987,0,-6.822328
5988,1,-5.7466955
5989,1,-6.3342404
5990,1,-3.1177528
5991,0,-3.1177528
5992,1,2.042936
5993,1,-6.049467
5994,1,5.207706
5995,0,-6.970554
5996,1,-5.195056
5997,0,-6.970554
5998,0,-6.970554
5999,0,-6.970554
6000,0,-6.059512
6001,0,-6.059512
6002,0,-6.4528027
6003,0,-4.9537134
6004,0,-4.9537134
6005,0,-4.9537134
6006,0,-6.970554
6007,0,-4.7381034
6008,0,-6.4028296
6009,0,-5.245484
6010,0,-3.1177528
6011,0,-3.1177528
6012,0,-6.970554
6013,0,-6.970554
6014,0,-6.970554
6015,0,-6.970554
6016,0,-6.970554
6017,0,-6.970554
6018,0,-6.970554
6019,0,-6.970554
6020,0,-6.970554
6021,0,-6.970554
6022,0,-6.970554
6023,0,-6.970554
6024,0,-6.970554
6025,0,-6.970554
6026,0,-6.970554
6027,1,-5.2956395
6028,0,-6.970554
6029,1,-3.4981759
6030,1,-4.867034
6031,0,-6.970554
6032,1,0.364936
6033,0,-6.970554
6034,0,-6.970554
6035,0,-6.970554
6036,0,-6.970554
6037,0,-6.970554
6038,1,-4.420831
6039,0,-6.970554
6040,0,-3.068143
6041,0,-3.068143
6042,0,-3.068143
6043,1,-3.068143
6044,0,-3.068143
6045,0,-6.970554
6046,1,-3.1476111
6047,0,-6.970554
6048,1,-4.2331667
6049,1,-4.052645
6050,1,-6.4439163
6051,1,-4.509766
6052,0,-6.970554
6053,0,-6.970554
6054,1,-5.4424148
6055,0,-6.970554
6056,0,-5.797099
6057,1,-5.797099
6058,0,-6.970554
6059,1,-6.970554
6060,0,-6.970554
6061,0,-6.970554
6062,1,-5.679455
6063,1,-5.786031
6064,1,-5.786031
6065,1,-6.970554
6066,1,-6.970554
6067,0,-6.582557
6068,0,-6.970554
6069,1,-3.9768198
6070,1,-3.9768198
6071,1,-6.970554
6072,1,-5.3335843
6073,1,-3.9403284
6074,0,-6.970554
6075,1,-4.507467
6076,1,-4.507467
6077,1,-6.970554
6078,1,-6.970554
6079,1,-6.970554
6080,0,-5.073237
6081,0,-6.4031606
6082,1,-4.500029
6083,0,-6.970554
6084,0,-6.970554
6085,0,-6.970554
6086,0,-6.970554
6087,1,-0.44425023
6088,1,-3.2540333
6089,1,-3.4370549
6090,1,-3.4370549
6091,0,-4.3821287
6092,0,-4.3821287
6093,0,-4.3821287
6094,0,-4.3821287
6095,0,-4.3821287
6096,1,-6.970554
6097,1,-4.5794854
6098,1,-5.4236207
6099,0,-6.970554
6100,0,-6.970554
6101,0,-1.254306
6102,1,-1.254306
6103,1,-5.0126796
6104,1,-5.0126796
6105,1,-3.2919545
6106,0,-6.9271665
6107,1,-4.019506
6108,0,-6.970554
6109,0,-6.970554
6110,1,-6.970554
6111,1,-4.0599484
6112,1,-6.970554
6113,1,-2.6592174
6114,0,-6.970554
6115,1,-6.3342404
6116,1,-0.7740667
6117,1,-6.970554
6118,0,-6.970554
6119,1,-2.2302437
6120,1,-6.970554
6121,1,-3.9026735
6122,0,-3.9026735
6123,1,-4.8218055
6124,1,-2.9517267
6125,1,-4.1489563
6126,0,-6.805651
6127,1,-4.897954
6128,1,-3.0062785
6129,1,-5.031871
6130,0,-6.648756
6131,0,-5.241954
6132,1,-5.6614265
6133,1,-6.970554
6134,0,-6.970554
6135,1,-2.8664026
6136,0,-6.970554
6137,0,-6.970554
6138,1,-5.33359
6139,1,-5.3531814
6140,1,-5.2567267
6141,1,-3.3896239
6142,1,-5.4086037
6143,1,-4.5074825
6144,1,-3.2807891
6145,1,-1.91081
6146,1,-6.970554
6147,1,-4.434791
6148,1,-6.970554
6149,0,-5.9517193
6150,1,-6.970554
6151,1,-2.398705
6152,1,-5.6732903
6153,0,-6.970554
6154,1,-4.575119
6155,1,-4.575119
6156,1,-5.0117774
6157,0,-5.7801366
6158,1,-5.7801366
6159,0,-6.970554
6160,1,-1.1392976
6161,1,-6.2245026
6162,0,-6.222784
6163,1,-2.6171336
6164,1,-6.970554
6165,0,-6.970554
6166,0,-6.970554
6167,1,-3.7993517
6168,1,-1.8350066
6169,0,-6.970554
6170,0,-6.970554
6171,1,-4.9494877
6172,1,-3.6194766
6173,0,-6.970554
6174,0,-6.894852
6175,1,-5.493478
6176,1,-1.038824
6177,1,-5.2912116
6178,1,-5.2912116
6179,0,-6.970554
6180,0,-6.970554
6181,1,-4.933895
6182,1,-5.7308216
6183,1,-6.970554
6184,1,-4.741206
6185,0,-6.970554
6186,1,-4.618665
6187,1,-4.618665
6188,1,-6.779955
6189,1,-6.433065
6190,0,-6.970554
6191,1,-5.807809
6192,1,-5.518166
6193,0,-6.6581936
6194,1,-3.6731029
6195,0,-6.970554
6196,1,-3.3680243
6197,1,-6.970554
6198,1,-6.970554
6199,0,-6.970554
6200,0,-5.016767
6201,1,-2.0918245
6202,1,-3.2341764
6203,1,-5.9156623
6204,0,-5.9156623
6205,0,-5.9156623
6206,0,-6.970554
6207,0,-6.0976415
6208,1,-4.584104
6209,1,-2.4876645
6210,1,-3.7180798
6211,0,-5.9153986
6212,0,-6.970554
6213,1,-6.970554
6214,1,-6.970554
6215,1,-5.61156
6216,0,-6.970554
6217,0,-6.970554
6218,1,-6.4899473
6219,1,-3.9511578
6220,1,-3.9511578
6221,0,-3.9511578
6222,1,-3.4476843
6223,0,-6.970554
6224,0,-4.902566
6225,1,-6.970554
6226,1,-4.276198
6227,1,-2.7670338
6228,0,-2.7670338
6229,1,-5.370637
6230,1,-3.138282
6231,1,-5.744089
6232,1,-6.945085
6233,1,-3.5256982
6234,0,-6.970554
6235,1,-4.8639317
6236,1,-4.8639317
6237,0,-6.970554
6238,1,-4.8009295
6239,0,-6.970554
6240,0,-6.8904796
6241,0,-6.970554
6242,1,-2.3404033
6243,0,-2.0221784
6244,0,-6.970554
6245,1,-2.773506
6246,0,-3.89628
6247,1,-3.0704947
6248,1,-2.189555
6249,0,-2.189555
6250,1,-4.606735
6251,0,-6.970554
6252,0,-6.970554
6253,0,-6.970554
6254,0,-6.970554
6255,0,-6.970554
6256,1,-5.0126796
6257,1,-6.002518
6258,1,-5.9279532
6259,1,-6.167776
6260,0,-6.167776
6261,1,-4.8100276
6262,0,-6.507553
6263,1,-3.806535
6264,1,-5.1362166
6265,1,-5.903572
6266,0,-5.903572
6267,1,-3.9730113
6268,0,-6.970554
6269,1,-2.0548646
6270,1,-2.0367405
6271,0,-6.970554
6272,0,-6.049467
6273,1,-3.6129992
6274,1,-3.5056567
6275,0,-4.790954
6276,0,-4.790954
6277,0,-6.970554
6278,1,-3.396843
6279,1,-5.988435
6280,0,-6.970554
6281,1,-6.970554
6282,1,-6.889327
6283,1,-6.889327
6284,1,-4.4747996
6285,1,-5.135093
6286,1,-5.135093
6287,0,-6.6743116
6288,1,-4.4668784
6289,0,-6.970554
6290,0,-7.172637
6291,0,-6.970554
6292,0,-6.970554
6293,1,-4.76327
6294,0,-6.9307446
6295,1,-5.6256714
6296,1,-5.0850134
6297,0,-5.0850134
6298,0,-6.970554
6299,1,-4.997836
6300,0,-6.970554
6301,0,-6.970554
6302,0,-6.6743116
6303,1,-5.0535855
6304,1,-4.5187883
6305,1,-6.970554
6306,1,-6.902697
6307,1,-5.9895935
6308,0,-6.970554
6309,0,-6.970554
6310,0,-6.970554
6311,0,-6.970554
6312,0,-6.970554
6313,0,-6.970554
6314,0,-6.970554
6315,0,-6.970554
6316,0,-6.970554
6317,1,-3.4094286
6318,1,-5.4849977
6319,1,-2.1510904
6320,1,-5.8458457
6321,1,-2.1764228
6322,1,-3.212991
6323,1,-3.0852232
6324,1,-4.6188135
6325,1,-4.7800255
6326,0,-6.970554
6327,1,-5.869744
6328,0,-5.869744
6329,1,-3.3167257
6330,1,-3.9158416
6331,1,-2.6242163
6332,1,-5.202913
6333,1,-4.448557
6334,0,-6.970554
6335,0,-6.970554
6336,0,-6.970554
6337,0,-6.970554
6338,1,-5.6747785
6339,1,-4.0581517
6340,1,-4.0581517
6341,1,-4.671909
6342,1,-2.4730566
6343,0,-6.970554
6344,0,-6.292356
6345,0,-6.970554
6346,1,-6.970554
6347,0,-3.957298
6348,1,-3.957298
6349,1,-6.970554
6350,0,-6.3727283
6351,1,-6.3727283
6352,1,-6.3727283
6353,1,-3.7214692
6354,0,-6.970554
6355,0,-6.970554
6356,0,-6.970554
6357,0,-6.970554
6358,1,-6.1076565
6359,1,-4.5439262
6360,0,-4.5439262
6361,1,-6.1822543
6362,0,-6.970554
6363,1,-5.4577856
6364,1,-5.8198
6365,0,-6.970554
6366,0,-5.6642094
6367,0,-6.970554
6368,0,-6.970554
6369,1,-4.420831
6370,1,-3.068143
6371,0,-3.068143
6372,1,-3.068143
6373,0,-6.970554
6374,1,-4.7506194
6375,1,-6.970554
6376,0,-6.970554
6377,0,-6.970554
6378,1,-3.1476111
6379,1,-3.1476111
6380,1,-6.652334
6381,0,-6.970554
6382,0,-6.970554
6383,1,-6.970554
6384,0,-6.4439163
6385,0,-6.970554
6386,1,-4.302053
6387,1,-5.4424148
6388,1,-2.469851
6389,1,-5.4232426
6390,1,-5.1748533
6391,0,-5.797099
6392,1,-5.797099
6393,0,-6.970554
6394,0,-6.970554
6395,1,-6.970554
6396,1,-6.970554
6397,0,-6.970554
6398,0,-6.970554
6399,0,-6.970554
6400,0,-6.970554
6401,0,-6.970554
6402,0,-6.970554
6403,0,-5.786031
6404,1,-5.786031
6405,1,-6.970554
6406,1,-3.9768198
6407,1,-5.3335843
6408,1,-3.9403284
6409,1,-6.970554
6410,1,-4.507467
6411,1,-4.507467
6412,1,-6.970554
6413,1,-6.970554
6414,0,-6.970554
6415,0,-6.970554
6416,0,-4.500029
6417,1,-4.500029
6418,0,-6.970554
6419,0,-6.970554
6420,0,-6.970554
6421,0,-6.970554
6422,1,-5.465825
6423,0,-5.603244
6424,0,-6.970554
6425,0,-6.970554
6426,1,-3.4370549
6427,1,-3.4370549
6428,0,-3.4370549
6429,1,-3.8447988
6430,1,-5.4855833
6431,1,-4.3821287
6432,1,-5.4236207
6433,0,-6.1468587
6434,1,-6.1468587
6435,1,-4.187115
6436,1,-3.1187394
6437,1,-4.481883
6438,1,-4.8816223
6439,1,-1.254306
6440,1,-5.0126796
6441,1,-2.4536972
6442,0,-2.4536972
6443,1,-4.5567555
6444,1,-5.6625957
6445,0,-6.970554
6446,0,-6.970554
6447,0,-6.970554
6448,1,-6.970554
6449,1,-6.970554
6450,0,-6.970554
6451,1,-6.970554
6452,1,-3.9144156
6453,1,-4.803756
6454,0,-6.970554
6455,0,-2.2302437
6456,1,-6.970554
6457,1,-3.9026735
6458,1,-3.036273
6459,0,-6.970554
6460,0,-6.970554
6461,1,-2.9517267
6462,1,-4.1489563
6463,1,-6.970554
6464,1,-4.9651704
6465,1,-4.897954
6466,0,-5.5372
6467,0,-6.970554
6468,1,-4.7035856
6469,1,-5.031871
6470,1,-5.031871
6471,1,-6.648756
6472,1,-6.648756
6473,1,-4.2866693
6474,1,-5.241954
6475,0,-6.7054825
6476,0,-6.970554
6477,0,-2.8664026
6478,1,-4.1340346
6479,1,-4.3661566
6480,1,-5.2567267
6481,1,-6.779955
6482,1,-5.9633827
6483,1,-6.970554
6484,1,-6.970554
6485,1,-3.8449998
6486,1,-5.053522
6487,0,-5.053522
6488,1,-4.931961
6489,1,-5.500116
6490,1,-4.733818
6491,0,-6.970554
6492,1,-6.970554
6493,0,-6.970554
6494,1,-2.398705
6495,0,-6.970554
6496,0,-6.970554
6497,0,-4.575119
6498,1,-4.575119
6499,1,-5.7801366
6500,1,-6.2245026
6501,0,-6.2245026
6502,0,-6.970554
6503,1,-2.6171336
6504,0,-6.970554
6505,1,-6.970554
6506,1,-5.825781
6507,1,-1.8350066
6508,0,-6.970554
6509,0,-6.970554
6510,1,-4.9494877
6511,0,-6.970554
6512,1,-4.0937247
6513,1,-4.9486847
6514,1,-6.118716
6515,0,-4.770636
6516,0,-1.038824
6517,0,-5.2912116
6518,1,-5.2912116
6519,0,-4.933895
6520,1,-5.7308216
6521,1,-5.7308216
6522,0,-6.970554
6523,1,-4.618665
6524,0,-6.970554
6525,0,-6.779955
6526,1,-6.779955
6527,1,-6.433065
6528,1,-4.446586
6529,0,-5.807809
6530,1,-5.9363055
6531,1,-5.6592283
6532,1,-6.465478
6533,1,-3.6731029
6534,0,-6.970554
6535,0,-6.970554
6536,1,-6.970554
6537,0,-6.970554
6538,0,-6.970554
6539,1,-4.8531523
6540,1,-6.059512
6541,0,-6.970554
6542,1,-6.5979276
6543,1,-2.0918245
6544,0,-6.0976415
6545,1,-6.855905
6546,1,-5.9153986
6547,0,-6.970554
6548,0,-6.970554
6549,1,-6.9138274
6550,1,-6.970554
6551,1,-3.9511578
6552,1,-3.9511578
6553,1,-3.9511578
6554,1,-5.8051724
6555,0,-6.970554
6556,0,-6.970554
6557,1,-6.970554
6558,0,-6.1836014
6559,1,-4.276198
6560,0,-2.7670338
6561,1,-5.697858
6562,1,-2.8636723
6563,1,-4.6610622
6564,1,-5.744089
6565,1,-5.686779
6566,1,-5.956208
6567,0,-3.5256982
6568,1,-4.8639317
6569,0,-6.970554
6570,1,-6.8904796
6571,1,-6.2684216
6572,0,-2.0221784
6573,0,-6.970554
6574,1,-2.773506
6575,1,-3.89628
6576,1,-6.970554
6577,1,-4.338491
6578,1,-5.5748124
6579,1,-2.0997605
6580,1,-2.189555
6581,0,-6.970554
6582,1,-6.970554
6583,0,-6.970554
6584,1,-5.5907083
6585,0,-5.5907083
6586,1,-4.974404
6587,1,-4.0332465
6588,0,-6.970554
6589,0,-6.970554
6590,1,-5.0126796
6591,0,-6.002518
6592,1,-6.167776
6593,1,-1.3312509
6594,1,-5.6370254
6595,0,-6.4489923
6596,0,-6.4475093
6597,1,-5.903572
6598,0,-6.8476286
6599,1,-2.263487
6600,1,-6.1407614
6601,0,-6.9138274
6602,0,-6.970554
6603,0,-6.970554
6604,0,-6.7054825
6605,1,-6.130971
6606,1,-5.7499194
6607,1,-3.9730113
6608,1,-4.8081775
6609,1,-6.049467
6610,1,-3.6129992
6611,1,-3.5056567
6612,1,-5.448305
6613,1,-5.0676727
6614,0,-6.970554
6615,0,-6.970554
6616,1,-5.9317083
6617,1,-6.970554
6618,1,-6.970554
6619,1,-5.8198
6620,1,-6.970554
6621,1,-4.8839436
6622,0,-6.970554
6623,1,-6.889327
6624,0,-6.7054825
6625,1,-6.6743116
6626,0,-6.6743116
6627,1,-3.6857657
6628,1,-6.970554
6629,1,-4.4668784
6630,0,-6.970554
6631,0,-6.970554
6632,1,-4.76327
6633,1,-5.6256714
6634,0,-6.970554
6635,0,-5.7329597
6636,1,-3.0031729
6637,1,-4.997836
6638,0,-5.0535855
6639,1,-3.4868033
6640,1,-6.902697
6641,0,-6.970554
6642,0,-6.970554
6643,1,-5.2953644
6644,0,-2.1510904
6645,1,-6.582557
6646,1,-5.8458457
6647,1,-4.0725613
6648,1,-4.6188135
6649,1,-6.970554
6650,1,-2.6242163
6651,1,-5.202913
6652,1,-4.448557
6653,1,-6.970554
6654,0,-6.970554
6655,1,-4.0581517
6656,1,-4.0581517
6657,0,-4.671909
6658,0,-6.7054825
6659,1,-6.292356
6660,0,-6.970554
6661,0,-6.970554
6662,1,-6.4528027
6663,1,-6.970554
6664,0,-6.970554
6665,0,-3.957298
6666,0,-6.1076565
6667,0,-6.4439163
6668,1,-2.469851
6669,0,-6.970554
6670,0,-5.679455
6671,0,-5.679455
6672,0,-5.679455
6673,0,-3.9768198
6674,0,-6.970554
6675,1,-6.970554
6676,0,-6.970554
6677,1,-6.970554
6678,0,-6.970554
6679,1,-6.970554
6680,0,-4.5794854
6681,0,-1.254306
6682,0,-1.254306
6683,1,-1.254306
6684,0,-3.2919545
6685,0,-3.2919545
6686,0,-6.970554
6687,0,-6.970554
6688,1,-6.970554
6689,0,-2.6592174
6690,0,-6.970554
6691,0,-6.970554
6692,0,-6.779955
6693,0,-4.434791
6694,0,-4.434791
6695,0,-4.434791
6696,0,-4.575119
6697,0,-6.2245026
6698,0,-6.2245026
6699,0,-6.970554
6700,0,-6.970554
6701,0,-5.2912116
6702,0,-5.2912116
6703,0,-5.7308216
6704,0,-6.779955
6705,0,-5.807809
6706,0,-5.807809
6707,0,-5.807809
6708,0,-4.276198
6709,0,-4.276198
6710,0,-4.276198
6711,0,-6.970554
6712,0,-3.5056567
6713,0,-3.5056567
6714,0,-3.5056567
6715,0,-3.5056567
6716,0,-4.3246956
6717,0,-6.970554
6718,0,-6.970554
6719,0,-6.970554
6720,0,-6.970554
6721,1,-4.7800255
6722,0,-4.7800255
6723,0,-5.202913
6724,0,-5.202913
6725,0,-5.202913
6726,0,-6.970554
6727,0,-6.970554
6728,0,-6.970554
6729,1,-1.7355218
6730,1,-4.9467044
6731,0,-6.970554
6732,1,-4.5979576
6733,0,-6.970554
6734,1,-6.970554
6735,1,-5.293162
6736,0,-5.293162
6737,0,-5.293162
6738,0,-5.293162
6739,0,-5.293162
6740,0,-5.293162
6741,0,-5.293162
6742,0,-5.293162
6743,0,-5.293162
6744,0,-5.293162
6745,0,-5.293162
6746,0,-5.293162
6747,0,-5.293162
6748,0,-5.293162
6749,0,-5.293162
6750,0,-5.293162
6751,0,-5.293162
6752,0,-5.293162
6753,0,-5.293162
6754,0,-5.293162
6755,0,-5.293162
6756,0,-5.293162
6757,0,-5.293162
6758,0,-5.293162
6759,0,-6.970554
6760,0,-6.970554
6761,0,-6.970554
6762,0,-5.4907327
6763,0,-6.055549
6764,0,-6.970554
6765,0,-6.970554
6766,1,-6.970554
6767,0,-6.970554
6768,1,-4.6843047
6769,1,-5.58001
6770,0,-6.7090607
6771,1,-4.2314544
6772,0,-6.970554
6773,0,-6.970554
6774,0,-6.970554
6775,1,-3.6267793
6776,1,-2.8805387
6777,0,-5.0574546
6778,0,-4.7064734
6779,1,-4.5067506
6780,0,-6.970554
6781,1,-4.8524017
6782,1,-3.7698245
6783,0,-6.970554
6784,0,-6.970554
6785,1,-1.4595312
6786,1,-6.0643845
6787,1,-4.0670223
6788,0,-6.970554
6789,0,-6.76225
6790,1,-6.3780456
6791,1,-6.08088
6792,1,-5.789248
6793,1,-5.063892
6794,1,-5.3696747
6795,1,-4.8488617
6796,1,-0.1885546
6797,1,-3.2531624
6798,0,-3.2531624
6799,1,-3.2531624
6800,1,-6.5572567
6801,1,-3.844417
6802,0,-6.970554
6803,0,-6.3342404
6804,1,-3.371364
6805,1,-4.6846743
6806,1,-4.6846743
6807,1,-6.970554
6808,1,-6.171798
6809,1,-6.0964932
6810,1,-6.2751007
6811,0,-6.2751007
6812,1,-4.2134843
6813,1,-4.40379
6814,0,-4.40379
6815,1,-1.7656593
6816,1,-4.679082
6817,1,-4.679082
6818,1,-6.0258384
6819,0,-4.147142
6820,1,-6.970554
6821,1,-4.0758743
6822,1,-3.4209452
6823,0,-5.7083154
6824,0,-6.970554
6825,1,-6.970554
6826,0,-6.970554
6827,1,-6.970554
6828,1,-5.8038697
6829,1,-1.6701089
6830,1,-1.3035889
6831,1,-2.7843826
6832,1,-5.7055907
6833,1,-4.170152
6834,0,-4.170152
6835,0,-6.970554
6836,1,-4.3975086
6837,0,-6.970554
6838,0,-6.970554
6839,0,-6.970554
6840,0,-3.0787995
6841,1,-3.0787995
6842,0,-6.970554
6843,0,-6.822328
6844,1,-2.8991776
6845,1,0.6669628
6846,0,-6.970554
6847,0,-6.970554
6848,0,-6.970554
6849,0,-6.970554
6850,1,-4.295824
6851,1,-6.970554
6852,1,-3.4719932
6853,0,-3.4719932
6854,0,-3.4719932
6855,1,-1.7719654
6856,1,-5.0644574
6857,1,-6.5363235
6858,1,-0.23822847
6859,1,-6.2630486
6860,0,-6.2630486
6861,0,-7.0694957
6862,0,-6.970554
6863,0,-6.970554
6864,1,-3.6913733
6865,1,-6.970554
6866,0,-6.970554
6867,0,-6.970554
6868,1,-5.1493583
6869,0,-5.1493583
6870,1,-1.8647147
6871,1,-4.887076
6872,1,-6.338529
6873,1,-6.970554
6874,0,-6.970554
6875,1,-6.970554
6876,1,-2.6856194
6877,1,-5.6774383
6878,1,-1.9017384
6879,0,-4.053296
6880,0,-4.053296
6881,0,-5.382167
6882,1,-6.049467
6883,0,-6.970554
6884,1,-6.970554
6885,0,-6.970554
6886,1,-2.5892467
6887,0,-2.5892467
6888,1,-1.9969378
6889,1,-2.5703733
6890,1,-4.178038
6891,0,-5.7195196
6892,1,-3.0984168
6893,0,-3.0984168
6894,1,-4.1983232
6895,0,-5.205425
6896,1,-5.585024
6897,1,-5.446623
6898,1,-2.7295082
6899,0,-2.7295082
6900,1,-5.946548
6901,0,-6.970554
6902,1,-5.136605
6903,1,-3.839771
6904,1,-6.970554
6905,0,-6.970554
6906,1,-4.849314
6907,1,-3.115475
6908,1,-6.970554
6909,1,-6.4331822
6910,1,-5.620417
6911,0,-6.779955
6912,1,-6.779955
6913,1,-3.0159917
6914,0,-6.970554
6915,1,-3.835337
6916,1,-3.1110752
6917,0,-6.970554
6918,0,-6.970554
6919,0,-1.5565193
6920,0,-1.5565193
6921,0,-1.5565193
6922,1,-1.5565193
6923,0,-6.8763947
6924,1,-5.939453
6925,1,-1.6592596
6926,0,-6.5553107
6927,0,-6.970554
6928,1,-6.742254
6929,0,-6.970554
6930,0,-6.3134794
6931,0,-6.970554
6932,1,-6.2942677
6933,0,-6.970554
6934,1,-4.20669
6935,1,-6.970554
6936,1,-6.0305376
6937,0,-6.970554
6938,1,-5.296909
6939,0,-6.970554
6940,0,-6.970554
6941,1,-4.206583
6942,0,-6.970554
6943,0,-6.970554
6944,0,-6.970554
6945,1,-5.2270126
6946,1,-5.7768135
6947,0,-6.970554
6948,1,-5.051738
6949,0,-6.970554
6950,0,-6.970554
6951,1,-4.8167796
6952,1,-6.5853796
6953,1,-4.0347457
6954,1,-6.970554
6955,0,-6.970554
6956,0,-6.970554
6957,1,-4.0725245
6958,1,-5.889675
6959,1,-5.9881983
6960,0,-6.970554
6961,1,-6.2972674
6962,1,-5.0624986
6963,0,-6.970554
6964,1,-2.9498122
6965,1,-4.007951
6966,0,-6.970554
6967,1,-5.078244
6968,0,-6.2684216
6969,1,-3.852144
6970,0,-6.970554
6971,0,-6.970554
6972,1,-5.960688
6973,1,-4.213474
6974,1,-3.8124266
6975,1,-5.5128374
6976,1,-4.627782
6977,0,-6.970554
6978,1,-5.2488704
6979,0,-5.2488704
6980,0,-6.970554
6981,1,-5.95436
6982,1,-3.1617124
6983,1,-5.5451407
6984,0,-6.636446
6985,1,-6.970554
6986,1,-5.115905
6987,1,-3.5279508
6988,0,-6.970554
6989,0,-6.970554
6990,0,-6.970554
6991,0,-6.970554
6992,0,-6.970554
6993,0,-6.1733127
6994,0,-6.970554
6995,0,-6.970554
6996,1,-6.970554
6997,0,-6.970554
6998,1,-4.1226707
6999,1,-4.678367
7000,0,-6.970554
7001,0,-6.970554
7002,0,-6.970554
7003,0,-3.760921
7004,1,-6.203533
7005,1,-3.5507224
7006,1,-1.1080972
7007,0,-6.970554
7008,0,-6.970554
7009,1,-5.0539865
7010,1,-6.318056
7011,0,-6.970554
7012,1,-4.969958
7013,1,-3.2601647
7014,1,-6.970554
7015,0,-6.970554
7016,1,-6.641965
7017,1,-3.9977696
7018,1,-4.3146844
7019,0,-5.0361547
7020,0,-6.970554
7021,1,-5.412793
7022,1,-6.970554
7023,1,-3.147739
7024,0,-6.74989
7025,1,-6.6271477
7026,0,-6.3553705
7027,1,-4.3606753
7028,1,-2.5401568
7029,1,-5.4452295
7030,1,-6.970554
7031,1,-5.3800654
7032,1,-5.66999
7033,1,-5.0567613
7034,1,-2.3036427
7035,1,-6.379442
7036,0,-5.1034875
7037,0,-6.970554
7038,0,-6.970554
7039,0,-6.970554
7040,0,-6.970554
7041,0,-4.2274303
7042,0,-4.2274303
7043,0,-4.2274303
7044,1,-3.5779562
7045,0,-3.5779562
7046,0,-5.1835256
7047,1,-5.9895935
7048,0,-5.9895935
7049,0,-6.970554
7050,1,-6.970554
7051,1,-5.774032
7052,1,-6.970554
7053,1,-6.970554
7054,1,-6.970554
7055,0,-5.6212378
7056,0,-5.6212378
7057,1,-4.8595276
7058,0,-6.970554
7059,0,-6.970554
7060,0,-6.970554
7061,0,-6.970554
7062,0,-6.970554
7063,0,-6.970554
7064,0,-6.970554
7065,0,-6.970554
7066,1,-4.9467044
7067,1,-6.970554
7068,1,-6.970554
7069,0,-6.970554
7070,0,-6.970554
7071,1,-5.68205
7072,0,-6.970554
7073,0,-6.970554
7074,0,-6.7054825
7075,1,-6.371978
7076,0,-6.970554
7077,0,-6.970554
7078,1,-6.970554
7079,1,-6.970554
7080,0,-6.970554
7081,1,-4.6843047
7082,0,-6.970554
7083,0,-6.970554
7084,0,-7.024411
7085,0,-6.970554
7086,1,-6.970554
7087,1,-5.7669086
7088,1,-5.498654
7089,1,-2.8805387
7090,1,-5.9213467
7091,1,-3.9552946
7092,1,-6.970554
7093,0,-6.970554
7094,1,-6.970554
7095,0,-6.970554
7096,0,-6.970554
7097,0,-6.970554
7098,1,-5.332918
7099,1,-5.012743
7100,1,-4.7064734
7101,0,-4.7064734
7102,0,-4.5067506
7103,1,-1.8028607
7104,0,-6.970554
7105,0,-5.147124
7106,0,-6.691823
7107,1,-6.0643845
7108,1,-5.579962
7109,0,-4.0670223
7110,0,-6.970554
7111,0,-6.970554
7112,1,-4.7765193
7113,1,-5.9213467
7114,1,-0.1885546
7115,1,-5.4786515
7116,1,-3.2531624
7117,0,-4.217335
7118,0,-6.7054825
7119,1,-5.3520265
7120,0,-3.340496
7121,1,-4.6846743
7122,1,-5.988095
7123,1,-6.171798
7124,0,-6.970554
7125,1,-6.7054825
7126,1,-4.40379
7127,0,-4.40379
7128,0,-6.970554
7129,0,-6.970554
7130,0,-6.970554
7131,1,-6.391958
7132,0,-6.391958
7133,1,-1.7656593
7134,1,-5.8970213
7135,1,-4.679082
7136,1,-5.101645
7137,1,-4.147142
7138,1,-5.192252
7139,0,-6.970554
7140,0,-6.970554
7141,0,-6.970554
7142,1,-4.0758743
7143,1,-3.4209452
7144,1,-3.4209452
7145,1,-6.970554
7146,0,-6.970554
7147,0,-6.970554
7148,1,-6.970554
7149,1,-6.970554
7150,0,-6.970554
7151,1,-6.970554
7152,1,-5.5837555
7153,1,-6.682909
7154,0,-6.682909
7155,1,-2.7843826
7156,0,-5.7055907
7157,0,-6.970554
7158,0,-6.970554
7159,1,-4.743609
7160,1,-3.0787995
7161,0,-6.822328
7162,1,-6.970554
7163,0,-6.2140594
7164,1,-5.456958
7165,0,-6.970554
7166,1,-4.598612
7167,1,-3.4719932
7168,1,-3.4719932
7169,0,-5.0644574
7170,0,-6.970554
7171,1,-6.5363235
7172,1,-6.5363235
7173,0,-0.23822847
7174,1,-4.7455206
7175,1,-1.8662314
7176,1,-6.970554
7177,1,-6.970554
7178,1,-6.2686443
7179,0,-6.970554
7180,0,-3.6913733
7181,0,-3.6913733
7182,1,-3.6913733
7183,0,-6.970554
7184,1,-6.970554
7185,1,-4.3831306
7186,0,-4.3831306
7187,1,-5.4894805
7188,1,-6.779955
7189,1,-6.970554
7190,1,-5.9363055
7191,0,-6.970554
7192,1,-3.44119
7193,1,-5.1493583
7194,1,-5.1493583
7195,1,-5.1493583
7196,0,-5.1493583
7197,0,-5.1493583
7198,0,-6.3727283
7199,1,-2.5977266
7200,1,-2.251413
7201,1,-5.337364
7202,1,-1.8647147
7203,1,-4.887076
7204,0,-4.887076
7205,0,-6.970554
7206,0,-6.970554
7207,0,-6.970554
7208,0,-6.970554
7209,1,-3.2732475
7210,0,-3.2732475
7211,1,-2.6856194
7212,1,-5.6774383
7213,1,-4.053296
7214,0,-4.053296
7215,1,-6.049467
7216,1,-5.9524317
7217,1,-4.6026244
7218,1,-5.4518704
7219,1,-6.970554
7220,1,-4.9249544
7221,0,-6.970554
7222,0,-2.5892467
7223,1,-4.6696267
7224,0,-6.970554
7225,1,-3.0984168
7226,1,-6.456249
7227,0,-6.970554
7228,1,-3.9435694
7229,1,-5.205425
7230,1,-5.662114
7231,1,-6.970554
7232,1,-5.0469136
7233,1,-3.577372
7234,0,-7.172637
7235,0,-7.172637
7236,1,-5.8710213
7237,0,-2.7295082
7238,0,-2.7295082
7239,1,-6.1468587
7240,1,-5.2939954
7241,0,-5.946548
7242,0,-6.970554
7243,1,-6.437237
7244,1,-6.394396
7245,0,-6.970554
7246,1,-5.2952056
7247,1,-4.8205633
7248,0,-5.7023954
7249,1,-6.8904796
7250,1,-3.839771
7251,1,-3.839771
7252,0,-6.970554
7253,1,-4.849314
7254,0,-4.849314
7255,1,-3.115475
7256,0,-3.115475
7257,0,-3.115475
7258,1,-6.970554
7259,1,-6.779955
7260,1,-6.779955
7261,1,-3.835337
7262,0,-3.1110752
7263,1,-4.485381
7264,0,-4.485381
7265,0,-4.485381
7266,1,-5.081213
7267,0,-5.081213
7268,1,-4.5389123
7269,1,-6.822328
7270,0,-6.5553107
7271,0,-6.970554
7272,1,-6.742254
7273,0,-6.7054825
7274,1,-6.2005897
7275,0,-6.970554
7276,0,-6.970554
7277,1,-6.3134794
7278,0,-4.624851
7279,1,-6.970554
7280,0,-6.970554
7281,1,-6.970554
7282,0,-6.970554
7283,0,-6.970554
7284,1,-4.2878966
7285,0,-6.970554
7286,0,-6.970554
7287,0,-6.970554
7288,0,-6.970554
7289,1,-6.8904796
7290,0,-5.7768135
7291,1,-5.7768135
7292,1,-4.996084
7293,1,-3.0363069
7294,1,-4.8167796
7295,1,-5.7457066
7296,0,-4.6110544
7297,0,-5.889675
7298,1,-5.889675
7299,1,-4.5101843
7300,1,-5.7307477
7301,1,-5.9881983
7302,0,-6.5035815
7303,0,-5.7166595
7304,1,-5.0624986
7305,1,-5.0624986
7306,1,-6.970554
7307,0,-6.970554
7308,1,-3.240009
7309,1,-6.970554
7310,1,-5.078244
7311,0,-5.078244
7312,0,-6.970554
7313,0,-6.970554
7314,0,-6.0379214
7315,1,-6.0379214
7316,0,-6.2684216
7317,0,-3.852144
7318,0,-6.970554
7319,1,-4.886032
7320,0,-5.5128374
7321,0,-6.970554
7322,0,-5.7406797
7323,1,-6.970554
7324,0,-6.970554
7325,1,-5.95436
7326,0,-6.970554
7327,0,-5.5451407
7328,0,-5.115905
7329,1,-5.115905
7330,0,-6.970554
7331,0,-6.970554
7332,0,-6.058275
7333,1,-6.452052
7334,0,-6.970554
7335,0,-6.970554
7336,0,-6.970554
7337,0,-6.970554
7338,0,-6.970554
7339,0,-6.970554
7340,0,-6.970554
7341,1,-6.970554
7342,0,-6.970554
7343,1,-4.678367
7344,1,-4.678367
7345,1,-2.688717
7346,0,-6.970554
7347,0,-6.970554
7348,1,-3.5507224
7349,1,-5.6297064
7350,1,-4.9386477
7351,1,-6.5333347
7352,0,-6.5333347
7353,0,-6.970554
7354,1,-3.8882513
7355,1,-5.0091915
7356,0,-6.970554
7357,1,-6.6453886
7358,0,-6.822328
7359,1,-3.9977696
7360,0,-6.970554
7361,1,-4.3146844
7362,0,-6.970554
7363,1,-5.0361547
7364,0,-6.970554
7365,1,-5.430639
7366,1,-5.458945
7367,1,-5.412793
7368,1,-5.588952
7369,0,-6.6271477
7370,0,-6.970554
7371,1,-5.0567613
7372,1,-6.379442
7373,1,-5.1034875
7374,0,-4.2274303
7375,0,-4.2274303
7376,0,-6.779955
7377,0,-6.970554
7378,0,-6.7069855
7379,0,-6.970554
7380,0,-6.970554
7381,1,-6.970554
7382,1,-5.0756164
7383,0,-5.6212378
7384,0,-6.970554
7385,0,-6.970554
7386,0,-4.8595276
7387,0,-4.8595276
7388,1,-4.8595276
7389,0,-6.970554
7390,1,-6.970554
7391,1,-5.3368335
7392,1,-3.5871556
7393,1,-6.970554
7394,0,-6.970554
7395,1,-4.019438
7396,0,-6.970554
7397,0,-4.5979576
7398,1,-5.293162
7399,0,-5.4907327
7400,0,-6.970554
7401,0,-6.970554
7402,0,-6.08088
7403,0,-5.9213467
7404,0,-1.7719654
7405,0,-5.1493583
7406,1,-5.6774383
7407,0,-5.382167
7408,0,-5.382167
7409,0,-4.6696267
7410,0,-6.970554
7411,0,-6.970554
7412,0,-6.970554
7413,0,-6.8904796
7414,0,-6.8904796
7415,0,-4.0347457
7416,0,-6.970554
7417,0,-6.0379214
7418,0,-3.852144
7419,0,-5.2488704
7420,0,-5.5451407
7421,0,-5.5451407
7422,0,-6.970554
7423,0,-6.74989
7424,0,-6.379442
7425,0,-4.2274303
7426,0,-4.2274303
7427,0,-5.9059834
7428,0,-4.8595276
7429,0,-5.2717466
7430,1,-6.364331
7431,1,-3.1889486
7432,0,-6.970554
7433,0,-6.970554
7434,0,-6.970554
7435,0,-6.970554
7436,1,-5.2560186
7437,1,-4.7172775
7438,0,-6.970554
7439,1,-6.970554
7440,1,-5.642358
7441,1,-5.642358
7442,1,-2.455702
7443,0,-2.455702
7444,0,-6.970554
7445,1,-6.970554
7446,1,-4.58722
7447,1,-4.3028693
7448,1,-2.7194245
7449,1,-6.0940757
7450,1,-6.0940757
7451,0,-5.0810084
7452,0,-6.970554
7453,1,-0.44881538
7454,0,-6.970554
7455,0,-6.5148835
7456,1,-6.970554
7457,0,-6.970554
7458,0,-6.970554
7459,1,-6.970554
7460,0,-6.970554
7461,0,-6.970554
7462,1,-6.970554
7463,0,-5.1522746
7464,1,-6.3727283
7465,1,-6.3836546
7466,0,-6.3836546
7467,1,-6.3836546
7468,1,-6.970554
7469,1,-1.6699209
7470,0,-1.6699209
7471,1,-1.6699209
7472,1,-4.7632895
7473,0,-3.8735821
7474,1,-3.8735821
7475,1,-5.583259
7476,1,-5.3347154
7477,0,-5.3347154
7478,0,-6.970554
7479,1,-5.3930936
7480,1,-5.3930936
7481,1,-4.669518
7482,1,-3.670604
7483,1,-6.0964932
7484,1,-5.5097995
7485,1,-6.970554
7486,1,-2.4504867
7487,1,-6.649272
7488,1,-6.6273923
7489,0,-5.666722
7490,1,-0.76742077
7491,1,-5.1734815
7492,1,-5.841298
7493,1,-6.970554
7494,1,-5.502228
7495,1,-6.5812907
7496,0,-6.5812907
7497,1,-4.0271893
7498,1,-2.9756415
7499,0,-6.970554
7500,0,-6.3342404
7501,1,-5.6438785
7502,1,-5.2612505
7503,1,-5.142237
7504,0,-6.970554
7505,1,-5.39709
7506,1,-5.39709
7507,0,-5.39709
7508,0,-6.5749774
7509,1,-6.5749774
7510,1,-5.6903663
7511,1,-6.9015174
7512,0,-6.723401
7513,0,-6.970554
7514,0,-5.7555003
7515,1,-5.7555003
7516,0,-5.7555003
7517,0,-6.970554
7518,1,-3.1149013
7519,1,-3.1149013
7520,1,-5.600666
7521,1,-5.1421065
7522,1,-6.616606
7523,1,-6.970554
7524,1,-4.7469854
7525,1,-6.970554
7526,0,-6.970554
7527,1,-5.8780146
7528,0,-5.4153566
7529,0,-6.7090607
7530,1,-6.1436415
7531,0,-6.970554
7532,0,-6.5329885
7533,1,-6.5329885
7534,0,-6.970554
7535,1,-5.0802665
7536,1,-2.2196786
7537,1,-0.41059083
7538,1,-1.487989
7539,1,-6.970554
7540,1,-5.1980815
7541,0,-6.970554
7542,1,-6.289011
7543,1,-6.970554
7544,0,-6.970554
7545,1,-6.3647013
7546,0,-3.7435548
7547,1,-3.7435548
7548,1,-6.970554
7549,1,-4.7212706
7550,1,-4.506536
7551,1,-4.506536
7552,0,-4.506536
7553,0,-4.506536
7554,1,-3.3911912
7555,1,-6.636446
7556,1,-6.970554
7557,1,-5.146191
7558,1,-5.146191
7559,1,-5.146191
7560,0,-5.146191
7561,1,-3.8334904
7562,0,-3.8334904
7563,1,-3.5134008
7564,1,-5.36195
7565,1,-6.7054825
7566,1,-6.970554
7567,1,-5.696705
7568,1,-4.9653497
7569,1,-4.037009
7570,0,-4.523892
7571,0,-6.970554
7572,0,-6.970554
7573,1,-3.3716764
7574,1,-6.3457093
7575,1,-6.3457093
7576,1,-5.1761217
7577,1,-5.4523354
7578,1,-6.970554
7579,1,-6.970554
7580,1,-2.954322
7581,0,-6.059512
7582,0,-6.059512
7583,1,-6.059512
7584,1,-4.8449893
7585,0,-6.970554
7586,1,-6.970554
7587,0,-6.970554
7588,1,-3.1133723
7589,1,-4.6754766
7590,0,-6.970554
7591,1,-4.874886
7592,1,-3.9969425
7593,1,-5.6593575
7594,1,-6.970554
7595,0,-6.970554
7596,0,-6.970554
7597,0,-6.970554
7598,1,-6.970554
7599,1,-3.2379832
7600,0,-6.970554
7601,0,-6.970554
7602,0,-6.970554
7603,1,-6.970554
7604,1,-3.1957395
7605,1,-6.482466
7606,1,-3.6679292
7607,0,-3.6679292
7608,1,-6.970554
7609,0,-6.970554
7610,1,-3.302683
7611,0,-3.302683
7612,1,-4.53964
7613,0,-6.970554
7614,1,-4.4319043
7615,0,-4.4013653
7616,0,-6.970554
7617,1,-5.193416
7618,0,-5.193416
7619,1,-6.970554
7620,1,-3.428009
7621,1,-4.095015
7622,0,-6.582557
7623,1,-3.0446398
7624,0,-6.970554
7625,0,-6.970554
7626,0,-7.172637
7627,1,-7.093296
7628,0,-6.970554
7629,1,-3.8315554
7630,0,-3.447866
7631,1,-4.929277
7632,1,-6.970554
7633,1,-4.8062625
7634,1,-5.3208513
7635,0,-6.970554
7636,1,-6.884992
7637,1,-3.6399252
7638,0,-6.970554
7639,1,-5.15419
7640,0,-7.172637
7641,1,-2.593722
7642,0,-6.970554
7643,1,-1.8765007
7644,1,-5.6912146
7645,0,-6.970554
7646,0,-5.998547
7647,1,-5.12147
7648,1,-3.9143028
7649,1,-3.5864718
7650,0,-3.5864718
7651,0,-6.970554
7652,0,-6.970554
7653,0,-6.4536476
7654,1,-3.4959464
7655,1,-3.838535
7656,1,-6.208148
7657,1,-5.3173833
7658,1,-6.3457093
7659,1,-6.970554
7660,1,-2.1066968
7661,0,-6.1821294
7662,0,-6.970554
7663,0,-6.970554
7664,0,-6.970554
7665,0,-6.970554
7666,1,-5.837809
7667,0,-5.007029
7668,0,-6.970554
7669,0,-6.970554
7670,1,-4.4178576
7671,1,-2.853727
7672,0,-6.970554
7673,0,-6.970554
7674,1,-3.0245297
7675,1,-1.8299915
7676,1,-6.970554
7677,1,-6.970554
7678,0,-6.970554
7679,1,-6.0964932
7680,1,-3.8354747
7681,1,-4.1192803
7682,1,-3.891137
7683,1,-2.7204287
7684,0,-6.23851
7685,1,-4.6007204
7686,1,-0.3000376
7687,1,-5.090018
7688,1,-5.298243
7689,0,-4.4139123
7690,0,-6.970554
7691,0,-6.970554
7692,1,-6.970554
7693,0,-6.970554
7694,0,-6.970554
7695,0,-6.75934
7696,0,-6.75934
7697,1,-4.7183027
7698,0,-6.970554
7699,0,-6.970554
7700,1,1.9603511
7701,1,-4.461745
7702,1,-4.461745
7703,0,-4.461745
7704,1,-4.461745
7705,0,-4.461745
7706,1,-4.461745
7707,0,-4.461745
7708,1,-6.5021
7709,1,-4.6650877
7710,0,-6.970554
7711,1,-0.61898685
7712,0,-6.970554
7713,1,-5.0865254
7714,1,-5.6998606
7715,1,-1.3020052
7716,1,-5.894972
7717,0,-6.970554
7718,1,-4.29356
7719,0,-6.970554
7720,1,-4.045945
7721,0,-6.970554
7722,1,-6.970554
7723,1,-5.4326267
7724,0,-6.970554
7725,1,-3.251638
7726,0,-5.792176
7727,0,-6.970554
7728,1,-5.5850506
7729,1,-2.0974398
7730,0,-6.970554
7731,1,-6.970554
7732,1,-5.9313574
7733,1,-4.8595743
7734,0,-6.970554
7735,0,-6.9075656
7736,1,-4.434778
7737,0,-6.970554
7738,1,-5.6443167
7739,0,-6.970554
7740,1,-6.970554
7741,1,-4.6242003
7742,1,-5.7708435
7743,0,-6.970554
7744,1,-2.5375314
7745,1,-1.5185436
7746,1,-5.6488667
7747,1,-4.648198
7748,1,-4.9222713
7749,0,-4.9222713
7750,1,-5.8078275
7751,0,-6.582557
7752,1,-3.295239
7753,1,-6.970554
7754,1,-6.970554
7755,1,-3.9624286
7756,0,-6.522798
7757,1,-5.4390473
7758,1,-3.895069
7759,0,-5.074222
7760,1,-5.074222
7761,1,-5.155442
7762,1,-4.4156876
7763,1,-6.4489923
7764,1,-6.4489923
7765,1,-5.683726
7766,1,-4.285613
7767,1,-4.285613
7768,1,-6.2829175
7769,0,-6.970554
7770,1,-5.326019
7771,1,-4.9180403
7772,0,-6.437237
7773,1,-6.437237
7774,1,-5.903653
7775,1,-6.970554
7776,1,-6.970554
7777,1,-5.0530343
7778,1,-4.778037
7779,1,-6.0057898
7780,0,-6.0057898
7781,0,-6.1613064
7782,1,-6.4556265
7783,0,-6.970554
7784,1,-4.6182537
7785,1,-7.192238
7786,1,-5.722592
7787,1,-0.5383295
7788,0,-0.5383295
7789,0,-0.5383295
7790,0,-6.822328
7791,0,-6.3222976
7792,0,-6.3222976
7793,0,-6.970554
7794,0,-5.947255
7795,0,-6.970554
7796,1,-5.2146964
7797,1,-2.0270324
7798,1,-5.7439137
7799,1,-5.7053175
7800,1,-5.7053175
7801,1,-5.7053175
7802,1,-6.970554
7803,1,-3.2827568
7804,1,-6.970554
7805,1,-5.3454075
7806,1,-5.938421
7807,0,-6.6743116
7808,0,-6.970554
7809,1,-4.4226627
7810,1,-2.1569142
7811,0,-6.970554
7812,0,-6.970554
7813,1,-1.1046027
7814,1,-4.3541417
7815,0,-6.970554
7816,0,-6.970554
7817,0,-6.970554
7818,1,-4.8876457
7819,0,-6.970554
7820,1,-6.970554
7821,1,-5.943763
7822,0,-7.093296
7823,1,-3.462095
7824,1,-3.2554958
7825,0,-6.970554
7826,1,-5.1922846
7827,0,-6.970554
7828,0,-6.970554
7829,1,-4.9594545
7830,1,-4.671303
7831,1,-6.970554
7832,0,-5.2862325
7833,0,-6.970554
7834,0,-6.970554
7835,0,-6.970554
7836,1,-4.382835
7837,1,-0.56672966
7838,0,-6.970554
7839,1,-5.346792
7840,1,-6.970554
7841,1,-6.970554
7842,1,-3.3234885
7843,0,-6.970554
7844,0,-6.840049
7845,0,-4.3972273
7846,0,-4.3972273
7847,0,-6.970554
7848,0,-6.7054825
7849,1,-2.6917624
7850,0,-6.970554
7851,1,-6.142577
7852,0,-6.970554
7853,1,-2.984806
7854,1,-2.5737202
7855,0,-6.970554
7856,1,-6.8476286
7857,1,-6.049171
7858,1,-6.753241
7859,1,-4.870363
7860,1,-6.970554
7861,1,-6.970554
7862,1,-6.8959956
7863,1,-4.2944193
7864,1,-3.6775274
7865,1,-3.6775274
7866,1,-3.4170141
7867,0,-3.4170141
7868,1,-6.970554
7869,1,-3.962904
7870,1,-6.970554
7871,1,-5.067515
7872,1,-5.067515
7873,1,-5.067515
7874,1,-5.067515
7875,1,-5.067515
7876,0,-5.990564
7877,1,-1.4222622
7878,1,-5.748859
7879,1,-3.1889486
7880,1,-5.6160398
7881,0,-4.7172775
7882,1,-3.8146367
7883,1,-5.57292
7884,1,-2.455702
7885,0,-2.455702
7886,0,-2.455702
7887,1,-4.7086697
7888,1,-2.7194245
7889,0,-6.0940757
7890,1,-6.0940757
7891,0,-6.970554
7892,1,-1.3875865
7893,0,-0.44881538
7894,1,-6.636446
7895,1,-6.970554
7896,0,-6.970554
7897,0,-6.970554
7898,1,-5.1522746
7899,1,-6.3727283
7900,1,-6.970554
7901,0,-6.970554
7902,1,-6.2682633
7903,0,-6.970554
7904,1,-6.3836546
7905,1,-1.6699209
7906,1,-1.6699209
7907,1,-4.7632895
7908,1,-3.8735821
7909,0,-3.8735821
7910,0,-6.970554
7911,0,-6.970554
7912,1,-4.6610622
7913,1,-5.3347154
7914,1,-5.3347154
7915,1,-5.3347154
7916,0,-5.3930936
7917,1,-3.2434084
7918,1,-5.5097995
7919,1,-5.5097995
7920,0,-5.5097995
7921,1,-2.4504867
7922,0,-2.4504867
7923,1,-2.4504867
7924,1,-6.649272
7925,1,-6.6273923
7926,1,-5.666722
7927,0,-6.840049
7928,0,-5.841298
7929,0,-5.502228
7930,1,-5.502228
7931,0,-6.5338674
7932,0,-2.9756415
7933,1,-2.9756415
7934,0,-6.970554
7935,0,-6.3342404
7936,0,-6.723401
7937,1,-5.142237
7938,1,-5.39709
7939,1,-5.39709
7940,0,-5.39709
7941,0,-6.5749774
7942,0,-6.970554
7943,0,-5.6903663
7944,1,-6.9015174
7945,1,-6.779955
7946,0,-6.970554
7947,0,-5.7555003
7948,0,-3.1149013
7949,1,-3.1149013
7950,1,-3.1149013
7951,0,-6.970554
7952,0,-5.600666
7953,1,-5.1421065
7954,1,-5.1421065
7955,1,-4.994681
7956,1,-5.810565
7957,0,-6.970554
7958,1,-2.2255766
7959,1,-6.616606
7960,1,-6.970554
7961,1,-6.970554
7962,1,-6.970554
7963,1,-6.970554
7964,1,-5.4153566
7965,1,-4.8368654
7966,0,-6.7090607
7967,1,-6.1436415
7968,1,-6.1436415
7969,1,-3.699379
7970,0,-6.5329885
7971,1,-6.5329885
7972,0,-6.970554
7973,1,-0.41059083
7974,1,-0.41059083
7975,1,-5.9213467
7976,0,-6.970554
7977,1,-5.539016
7978,0,-6.970554
7979,0,-5.1980815
7980,1,-6.970554
7981,1,-6.970554
7982,0,-6.970554
7983,0,-6.970554
7984,0,-6.970554
7985,0,-6.970554
7986,0,-6.970554
7987,0,-6.970554
7988,0,-6.970554
7989,0,-6.970554
7990,0,-6.970554
7991,0,-6.970554
7992,1,-6.970554
7993,1,-6.3647013
7994,1,-2.6289947
7995,1,-0.31635195
7996,1,-5.7121096
7997,1,-4.9203367
7998,0,-4.506536
7999,0,-4.506536
8000,1,-3.7283766
8001,0,-6.970554
8002,1,-5.146191
8003,1,-5.146191
8004,0,-3.8334904
8005,1,-6.76225
8006,0,-3.5134008
8007,1,-5.439817
8008,1,-4.6679745
8009,0,-6.970554
8010,1,-6.6998806
8011,1,-5.4557133
8012,1,-5.54945
8013,1,-2.615619
8014,1,-5.696705
8015,0,-4.9653497
8016,1,-5.2646775
8017,1,-6.3457093
8018,0,-6.970554
8019,0,-6.970554
8020,0,-6.970554
8021,0,-6.970554
8022,0,-6.970554
8023,1,-5.937878
8024,1,-6.970554
8025,1,-6.970554
8026,1,-6.970554
8027,1,-2.954322
8028,0,-6.059512
8029,0,-6.970554
8030,0,-4.8449893
8031,0,-6.970554
8032,1,-6.970554
8033,0,-6.970554
8034,0,-6.970554
8035,1,-3.1133723
8036,1,-3.1133723
8037,0,-6.970554
8038,1,-5.6593575
8039,1,-5.6593575
8040,1,-5.2411613
8041,1,-5.8982205
8042,1,-6.970554
8043,1,-6.970554
8044,1,-5.758862
8045,1,-3.2379832
8046,0,-3.2379832
8047,1,-6.049467
8048,0,-3.6679292
8049,1,-3.6679292
8050,0,-6.970554
8051,1,-1.7889466
8052,1,-3.302683
8053,0,-6.970554
8054,1,-4.1070027
8055,0,-6.970554
8056,1,-5.5262713
8057,0,-6.970554
8058,1,-6.970554
8059,0,-6.6743116
8060,1,-3.9596279
8061,1,-5.193416
8062,1,-6.970554
8063,1,-4.095015
8064,0,-4.095015
8065,1,-4.095015
8066,0,-6.970554
8067,0,-6.970554
8068,0,-6.970554
8069,1,-3.447866
8070,1,-3.4928255
8071,1,-4.929277
8072,1,-5.3208513
8073,1,-5.3208513
8074,0,-6.970554
8075,0,-5.821937
8076,1,-5.9343214
8077,1,-6.970554
8078,0,-7.172637
8079,0,-7.172637
8080,0,-6.970554
8081,1,-2.593722
8082,1,-1.8765007
8083,1,-5.6912146
8084,1,-4.315588
8085,0,-6.970554
8086,0,-6.970554
8087,1,-5.6868277
8088,1,-5.998547
8089,1,-5.566393
8090,1,-6.5148835
8091,0,-6.970554
8092,1,-6.970554
8093,0,-3.5864718
8094,1,-3.2071254
8095,0,-6.970554
8096,0,-6.970554
8097,1,-6.970554
8098,1,-3.4959464
8099,1,-6.970554
8100,1,-5.3173833
8101,1,-5.3173833
8102,1,-6.582557
8103,0,-6.970554
8104,1,-6.1821294
8105,0,-6.970554
8106,0,-6.970554
8107,0,-6.970554
8108,0,-5.837809
8109,0,-5.007029
8110,1,-6.970554
8111,0,-6.970554
8112,1,-5.0722213
8113,1,-3.0245297
8114,0,-6.970554
8115,1,-5.0722213
8116,1,-5.474787
8117,1,-6.3910055
8118,1,-6.970554
8119,0,-6.970554
8120,0,-6.970554
8121,1,-6.970554
8122,1,-6.970554
8123,0,-6.970554
8124,0,-6.970554
8125,1,-3.891137
8126,0,-6.970554
8127,1,0.56544733
8128,1,-6.2682633
8129,1,-5.090018
8130,1,-5.298243
8131,1,-4.4139123
8132,1,-5.070069
8133,0,-6.970554
8134,0,-6.75934
8135,1,-5.434535
8136,1,-4.7183027
8137,1,-4.9671183
8138,1,-4.461745
8139,1,0.05953902
8140,1,-5.894972
8141,1,-4.045945
8142,1,-4.045945
8143,0,-5.4827538
8144,0,-6.970554
8145,1,-5.792176
8146,0,-6.970554
8147,1,-4.404962
8148,1,-5.573922
8149,1,-4.6135235
8150,0,-6.970554
8151,0,-5.9313574
8152,1,-4.8595743
8153,0,-4.8595743
8154,0,-4.8595743
8155,1,-5.6634116
8156,1,-5.9842224
8157,0,-6.970554
8158,0,-6.970554
8159,0,-6.970554
8160,1,-4.434778
8161,1,-5.387321
8162,1,-5.825781
8163,0,-6.970554
8164,1,-6.970554
8165,0,-6.970554
8166,1,-6.7054825
8167,1,-4.6242003
8168,1,-1.5185436
8169,1,-1.5185436
8170,1,-5.6488667
8171,1,-5.6488667
8172,0,-4.648198
8173,1,-4.9222713
8174,1,-4.9222713
8175,0,-5.8078275
8176,0,-6.970554
8177,1,-3.295239
8178,0,-6.970554
8179,0,-6.970554
8180,0,-6.970554
8181,1,-6.522798
8182,1,-3.895069
8183,1,-5.815543
8184,1,-5.063835
8185,1,-5.074222
8186,0,-4.4156876
8187,1,-2.444817
8188,0,-6.970554
8189,0,-6.970554
8190,1,-6.4489923
8191,1,-6.4489923
8192,1,-4.285613
8193,0,-4.285613
8194,1,-6.437237
8195,1,-6.970554
8196,1,-6.970554
8197,1,-6.970554
8198,0,-4.778037
8199,1,-5.3876305
8200,1,-5.1634903
8201,0,-6.970554
8202,1,-6.740798
8203,1,-5.9363055
8204,1,-4.6182537
8205,1,-7.192238
8206,1,-5.722592
8207,1,-4.845556
8208,1,-6.3222976
8209,0,-6.970554
8210,1,-4.8816223
8211,1,-6.8904796
8212,0,-5.947255
8213,1,-6.970554
8214,1,-5.9170575
8215,0,-5.9170575
8216,1,-4.354781
8217,0,-4.354781
8218,1,-2.0270324
8219,0,-2.0270324
8220,1,-5.7053175
8221,0,-6.970554
8222,1,-6.970554
8223,0,-3.2827568
8224,0,-6.970554
8225,1,-2.861413
8226,1,-3.0788934
8227,1,-5.405853
8228,0,-6.7054825
8229,1,-5.3454075
8230,1,-5.3454075
8231,0,-6.970554
8232,1,-6.970554
8233,1,-4.4325156
8234,1,-5.398577
8235,0,-6.6609163
8236,0,-6.970554
8237,1,-6.970554
8238,1,-5.3983016
8239,1,-2.1569142
8240,0,-6.970554
8241,0,-6.970554
8242,0,-6.682909
8243,1,-6.970554
8244,1,-4.2235236
8245,1,-5.147002
8246,0,-6.970554
8247,1,-6.418793
8248,0,-6.970554
8249,0,-6.970554
8250,1,-5.467068
8251,1,-4.373688
8252,1,-5.2862325
8253,0,-6.970554
8254,1,-6.970554
8255,1,-6.582557
8256,1,-3.719112
8257,0,-6.970554
8258,0,-6.970554
8259,0,-6.970554
8260,1,-6.970554
8261,0,-6.970554
8262,0,-6.970554
8263,1,-3.3234885
8264,0,-6.840049
8265,1,-4.3972273
8266,1,-2.6917624
8267,1,-2.6917624
8268,1,-6.970554
8269,1,-6.089407
8270,1,-5.8960433
8271,1,-1.788402
8272,0,-6.8476286
8273,1,-5.370177
8274,1,-6.049171
8275,1,-4.870363
8276,0,-6.970554
8277,0,-6.970554
8278,1,-6.970554
8279,1,-4.2944193
8280,0,-3.6775274
8281,1,-3.962904
8282,0,-6.970554
8283,1,-6.970554
8284,1,-5.067515
8285,1,-5.067515
8286,0,-5.067515
8287,1,-5.067515
8288,1,-5.067515
8289,1,-5.067515
8290,1,-5.067515
8291,0,-5.067515
8292,0,-4.8526673
8293,0,-3.670604
8294,0,-6.0964932
8295,0,-3.1149013
8296,0,-3.1149013
8297,0,-5.1421065
8298,0,-5.810565
8299,0,-6.970554
8300,0,-6.970554
8301,0,-5.6593575
8302,0,-5.6593575
8303,0,-5.6593575
8304,0,-5.6593575
8305,0,-6.970554
8306,0,-6.6743116
8307,0,-6.970554
8308,0,-4.095015
8309,0,-4.095015
8310,0,-6.970554
8311,0,-6.970554
8312,0,-6.970554
8313,0,-5.792176
8314,0,-6.970554
8315,0,-6.970554
8316,0,-6.970554
8317,0,-6.970554
8318,1,-5.0722213
8319,0,-6.970554
8320,0,-6.970554
8321,0,-6.970554
8322,0,-6.970554
8323,0,-6.970554
8324,0,-6.970554
8325,0,-6.970554
8326,0,-6.970554
8327,0,-6.970554
8328,0,-6.970554
8329,0,-6.970554
8330,0,-6.970554
8331,0,-6.970554
8332,0,-6.970554
8333,0,-6.970554
8334,0,-6.970554
8335,0,-6.970554
8336,1,-6.970554
8337,0,-6.970554
8338,0,-6.970554
8339,0,-3.6775274
8340,0,-3.4170141
8341,0,-3.4170141
8342,0,-3.4170141
8343,0,-5.067515
8344,0,-5.970121
8345,0,-5.8672075
8346,1,-3.9481544
8347,0,-6.970554
8348,1,-3.6086583
8349,1,-6.3309054
8350,0,-6.970554
8351,0,-6.970554
8352,1,-7.001639
8353,1,-5.0046215
8354,1,-1.9274299
8355,1,-4.56034
8356,1,-4.56034
8357,1,-6.4994326
8358,0,-6.649272
8359,1,-5.842974
8360,1,-3.9980724
8361,1,-4.6685443
8362,0,-6.970554
8363,0,-6.970554
8364,1,-6.4417644
8365,0,-6.970554
8366,0,-6.970554
8367,0,-6.970554
8368,0,-6.970554
8369,1,-6.970554
8370,1,-6.08286
8371,1,-5.9661036
8372,1,-5.013958
8373,0,-6.970554
8374,0,-6.970554
8375,0,-6.970554
8376,1,-5.4478197
8377,1,-3.5951996
8378,0,-5.781422
8379,1,-4.1432476
8380,1,-6.970554
8381,1,-6.1683245
8382,1,-6.2366824
8383,1,-3.7401154
8384,0,-3.7401154
8385,0,-6.970554
8386,1,-4.089727
8387,1,-5.2565913
8388,1,-5.020673
8389,0,-6.970554
8390,1,-6.970554
8391,0,-6.970554
8392,0,-6.970554
8393,1,-2.633526
8394,1,-2.633526
8395,1,-6.833812
8396,0,-6.970554
8397,1,-5.3852534
8398,1,-5.3870378
8399,1,-5.3870378
8400,1,-3.7485042
8401,0,-6.970554
8402,1,-2.8588674
8403,1,-2.8588674
8404,1,-2.8588674
8405,0,-6.970554
8406,1,-2.0379581
8407,0,-4.63683
8408,1,-4.781976
8409,1,-5.095507
8410,1,-4.2794514
8411,1,-6.3457093
8412,0,-6.970554
8413,0,-6.970554
8414,1,-5.8485165
8415,1,-6.779955
8416,0,-6.970554
8417,0,-6.970554
8418,1,-5.8740587
8419,1,-3.4269972
8420,0,-2.5851572
8421,1,-1.5789907
8422,1,-6.76225
8423,0,-6.76225
8424,1,-6.76225
8425,1,-6.76225
8426,0,-6.76225
8427,1,-6.76225
8428,0,-6.6743116
8429,0,-6.0527534
8430,0,-6.0527534
8431,0,-6.0527534
8432,1,-6.970554
8433,1,-6.204746
8434,1,-6.204746
8435,0,-6.204746
8436,1,-6.970554
8437,0,-6.970554
8438,0,-6.970554
8439,1,-4.338767
8440,1,-6.884992
8441,0,-6.970554
8442,0,-6.970554
8443,1,-6.970554
8444,0,-6.8282247
8445,0,-6.4383874
8446,0,-4.6800246
8447,0,-6.970554
8448,1,-6.970554
8449,0,-3.1620965
8450,0,-6.970554
8451,0,-6.970554
8452,1,-4.216741
8453,0,-4.216741
8454,0,-6.970554
8455,1,-6.67438
8456,1,-3.8598766
8457,1,-6.2233686
8458,1,-6.2233686
8459,1,-6.319923
8460,0,-6.319923
8461,1,-6.9310718
8462,1,-4.8409557
8463,1,-6.9138274
8464,0,-6.9138274
8465,1,-4.479088
8466,1,-4.9913306
8467,1,-7.093296
8468,0,-7.093296
8469,0,-7.093296
8470,0,-6.970554
8471,0,-6.970554
8472,0,-6.970554
8473,1,-5.456595
8474,0,-5.337459
8475,1,-5.8299665
8476,1,-5.676281
8477,1,-6.970554
8478,1,-4.069733
8479,1,-2.2179964
8480,0,-6.970554
8481,1,-2.6191442
8482,1,-0.65368336
8483,1,-4.4314704
8484,1,-2.940348
8485,0,-6.0331254
8486,0,-6.970554
8487,1,-5.313326
8488,1,-5.948882
8489,1,-6.970554
8490,1,-6.970554
8491,0,-6.970554
8492,1,-6.970554
8493,1,-6.097013
8494,0,-6.970554
8495,1,-6.970554
8496,0,-6.970554
8497,1,-4.3391676
8498,1,-5.499007
8499,0,-6.970554
8500,1,-6.970554
8501,1,-6.970554
8502,1,-3.3314178
8503,0,-6.970554
8504,1,-6.970554
8505,1,-2.090906
8506,1,-1.4378154
8507,0,-6.970554
8508,1,-5.0594993
8509,1,-5.1150603
8510,1,-6.3456798
8511,1,-6.3456798
8512,0,-4.8463006
8513,0,-6.970554
8514,0,-6.970554
8515,0,-6.970554
8516,1,-5.121122
8517,1,-5.3971934
8518,0,-5.3971934
8519,1,-5.3971934
8520,0,-5.3971934
8521,0,-5.3971934
8522,1,-5.3971934
8523,1,-5.3322115
8524,1,-5.1113935
8525,0,-6.970554
8526,1,-1.2535034
8527,1,-2.3281956
8528,1,-6.970554
8529,0,-5.2726016
8530,1,-6.8957973
8531,0,-3.6216075
8532,1,-4.7427278
8533,1,-5.1965594
8534,0,-6.92961
8535,0,-6.92961
8536,1,-5.5880427
8537,0,-5.5880427
8538,1,-2.3835838
8539,0,-2.9351466
8540,0,-6.970554
8541,0,-6.970554
8542,1,-1.9169964
8543,1,-6.970554
8544,0,-6.970554
8545,1,-2.6534874
8546,1,-5.404038
8547,0,-5.404038
8548,1,-6.779955
8549,0,-6.970554
8550,1,-2.9840784
8551,1,-4.838668
8552,1,-4.710462
8553,1,-5.8163652
8554,0,-6.970554
8555,0,-6.970554
8556,0,-6.970554
8557,0,-6.970554
8558,0,-6.970554
8559,0,-6.970554
8560,0,-6.970554
8561,1,-6.2366824
8562,1,-6.2366824
8563,0,-6.970554
8564,0,-6.970554
8565,0,-6.9643173
8566,1,-4.38941
8567,0,-4.38941
8568,1,-5.649883
8569,1,-4.8543925
8570,0,-6.970554
8571,1,-3.4182103
8572,0,-5.20326
8573,0,-6.970554
8574,0,-6.970554
8575,0,-6.970554
8576,0,-6.970554
8577,1,-4.659152
8578,1,-4.659152
8579,1,-5.9340215
8580,1,-1.4733405
8581,1,-1.4283243
8582,0,-6.970554
8583,1,-5.872234
8584,0,-5.872234
8585,0,-3.0161867
8586,1,-3.1469295
8587,1,-0.645438
8588,0,-1.4590967
8589,0,-6.970554
8590,1,-1.8478415
8591,1,-4.7707024
8592,0,-6.970554
8593,1,-1.4848213
8594,1,-5.556714
8595,1,-3.4017336
8596,0,-4.9024625
8597,1,-2.6224442
8598,1,-3.2712724
8599,0,-3.2712724
8600,0,-6.970554
8601,1,-4.9069486
8602,0,-6.945085
8603,1,-6.970554
8604,1,-2.6867247
8605,0,-6.970554
8606,0,-6.970554
8607,0,-6.970554
8608,0,-6.970554
8609,0,-6.970554
8610,1,-5.1115503
8611,0,-6.970554
8612,0,-6.970554
8613,1,-6.970554
8614,1,-1.0426804
8615,1,-4.562348
8616,1,-6.970554
8617,1,-2.9082928
8618,1,-5.309162
8619,1,-6.3722453
8620,1,-5.3884153
8621,1,-6.970554
8622,0,-6.970554
8623,0,-6.970554
8624,0,-6.970554
8625,0,-6.970554
8626,0,-6.970554
8627,0,-6.970554
8628,0,-6.970554
8629,0,-6.970554
8630,0,-6.970554
8631,1,-5.9319305
8632,0,-5.9319305
8633,0,-5.9319305
8634,1,-1.3073721
8635,0,-3.9974482
8636,1,-2.1368861
8637,1,-2.1368861
8638,0,-5.435431
8639,0,-4.9792027
8640,1,-5.3339143
8641,1,-3.9935286
8642,1,-6.970554
8643,1,-6.1254463
8644,1,-6.032974
8645,1,-5.625243
8646,1,-5.3618393
8647,1,-6.779955
8648,1,-6.970554
8649,1,-4.6398215
8650,0,-6.1223435
8651,1,-2.8901265
8652,1,-6.3752413
8653,1,-5.7383327
8654,1,-5.622012
8655,0,-6.970554
8656,1,-3.436761
8657,1,-4.356079
8658,1,-4.769525
8659,1,-3.9618134
8660,0,-6.970554
8661,0,-6.970554
8662,1,-6.970554
8663,0,-6.970554
8664,1,-4.3662987
8665,1,-5.9747696
8666,1,-6.295956
8667,0,-6.377875
8668,1,-4.290787
8669,0,-6.970554
8670,0,-4.8341126
8671,1,-5.6088986
8672,0,-6.840049
8673,0,-6.970554
8674,1,-4.176193
8675,0,-6.822328
8676,0,-6.970554
8677,0,-3.4562037
8678,1,-5.098548
8679,1,-6.0723863
8680,1,-5.030149
8681,1,-5.0067487
8682,1,-6.970554
8683,1,-6.970554
8684,0,-6.970554
8685,0,-6.970554
8686,1,-6.970554
8687,0,-6.970554
8688,0,-6.970554
8689,0,-7.093296
8690,0,-6.970554
8691,0,-6.970554
8692,1,-6.970554
8693,0,-6.970554
8694,1,-5.2764773
8695,0,-6.970554
8696,0,-7.192238
8697,1,-7.192238
8698,0,-7.192238
8699,1,-6.970554
8700,1,-1.3645905
8701,1,-3.816742
8702,0,-6.970554
8703,0,-6.5749774
8704,1,-2.9289167
8705,1,-4.351501
8706,1,-6.970554
8707,1,-3.8818777
8708,1,-6.970554
8709,0,-6.970554
8710,0,-6.970554
8711,1,-5.492964
8712,1,-5.585803
8713,1,-3.821313
8714,1,-3.3913083
8715,0,-6.177239
8716,0,-6.970554
8717,0,-6.970554
8718,0,-6.19748
8719,1,-5.0536027
8720,0,-7.0693126
8721,0,-7.192238
8722,1,-5.2656646
8723,0,-6.970554
8724,0,-6.970554
8725,1,-2.2754135
8726,1,-2.3504539
8727,1,-0.7558624
8728,1,-3.8873959
8729,0,-6.970554
8730,1,-6.970554
8731,1,-5.260913
8732,0,-6.970554
8733,1,-4.4176555
8734,1,-2.7824054
8735,0,-6.970554
8736,0,-6.1293283
8737,1,-3.9537582
8738,1,-1.9763361
8739,0,-6.970554
8740,1,-6.699854
8741,1,-6.699854
8742,1,-5.0281835
8743,1,-4.609156
8744,0,-6.970554
8745,0,-6.970554
8746,0,-6.7054825
8747,1,-6.970554
8748,1,-6.2736883
8749,1,-5.748297
8750,1,-5.8009663
8751,1,-1.0132324
8752,0,-6.970554
8753,0,-6.970554
8754,0,-6.970554
8755,0,-5.6692986
8756,0,-6.970554
8757,1,-3.1220112
8758,0,-5.6903176
8759,1,-2.5918438
8760,1,-6.970554
8761,1,-2.5548165
8762,1,-1.5017993
8763,1,-6.0820613
8764,1,0.7516095
8765,1,-1.1468705
8766,1,-2.6843905
8767,0,-6.970554
8768,0,-6.970554
8769,0,-5.6997466
8770,1,-2.4929075
8771,1,-4.4569383
8772,1,-2.9538903
8773,0,-5.2375813
8774,0,-6.970554
8775,0,-6.970554
8776,1,-4.1956344
8777,1,-6.970554
8778,0,-6.970554
8779,0,-6.970554
8780,0,-6.970554
8781,0,-6.970554
8782,0,-6.970554
8783,1,-2.8340716
8784,1,-4.4354563
8785,1,-4.2247615
8786,0,-6.970554
8787,1,-6.970554
8788,1,-6.970554
8789,0,-6.3553557
8790,1,-4.7997184
8791,0,-6.970554
8792,1,-6.779955
8793,0,-6.970554
8794,1,-3.8807704
8795,0,-3.8807704
8796,0,-6.970554
8797,0,-7.172637
8798,0,-6.970554
8799,1,-2.4950545
8800,1,-4.234745
8801,1,-2.2611558
8802,0,-2.2611558
8803,1,-1.329023
8804,1,-4.5012035
8805,1,-2.6293063
8806,1,-6.970554
8807,1,-4.0577154
8808,1,-6.7282543
8809,0,-6.970554
8810,0,-6.970554
8811,0,-6.970554
8812,1,-2.0420804
8813,0,-6.970554
8814,1,-4.3924084
8815,1,-4.3924084
8816,1,-4.767555
8817,0,-4.767555
8818,0,-6.970554
8819,0,-6.970554
8820,0,-6.970554
8821,1,-6.970554
8822,0,-6.970554
8823,0,-6.970554
8824,0,-6.970554
8825,1,-4.757651
8826,1,-4.677726
8827,0,-6.970554
8828,0,-6.970554
8829,1,-4.1082397
8830,1,-4.4252405
8831,1,-6.92961
8832,1,-4.59878
8833,1,-1.3143847
8834,1,-4.845556
8835,1,-5.365004
8836,1,-6.970554
8837,1,-5.9216766
8838,1,-5.261916
8839,1,-6.970554
8840,0,-6.970554
8841,1,-6.970554
8842,1,-4.8848352
8843,1,-6.3958445
8844,1,-5.2939954
8845,1,-3.9195962
8846,1,-4.630437
8847,0,-4.630437
8848,0,-6.4528027
8849,1,-6.0964932
8850,1,-1.3062673
8851,1,-1.3062673
8852,0,-6.0776644
8853,1,-6.285406
8854,1,-6.285406
8855,1,-6.285406
8856,0,-6.285406
8857,0,-6.285406
8858,0,-6.285406
8859,0,-5.1018705
8860,1,-4.1121655
8861,1,-4.1121655
8862,0,-6.970554
8863,1,-6.6743116
8864,1,-6.649272
8865,1,-6.970554
8866,0,-6.970554
8867,0,-6.970554
8868,1,-3.8422067
8869,1,-1.2241578
8870,1,-3.9386137
8871,0,-6.970554
8872,1,-6.0845437
8873,0,-3.3569934
8874,1,-5.700362
8875,0,-5.780816
8876,1,-3.6741197
8877,1,-3.4783092
8878,1,-4.104913
8879,0,-6.970554
8880,1,-6.970554
8881,1,-4.8327184
8882,1,-4.8327184
8883,1,-2.9015813
8884,1,-4.4579945
8885,1,-3.8102648
8886,0,-3.8102648
8887,0,-3.8102648
8888,1,-2.6435177
8889,1,-4.993672
8890,0,-6.970554
8891,0,-6.970554
8892,1,-6.970554
8893,1,-1.4377654
8894,1,-3.0552733
8895,0,-4.725242
8896,1,-4.285196
8897,1,-6.970554
8898,1,-5.25843
8899,1,-5.2461905
8900,1,-2.873246
8901,1,-3.8616748
8902,1,-6.0642967
8903,1,-6.970554
8904,0,-6.970554
8905,1,-5.8138824
8906,1,-3.1413758
8907,1,-1.8416488
8908,1,-5.552406
8909,1,-5.0217266
8910,1,-3.6566832
8911,1,-6.3091726
8912,0,-6.970554
8913,1,-5.970121
8914,1,-6.970554
8915,1,-6.970554
8916,1,-3.9481544
8917,1,-3.6086583
8918,1,-6.6580496
8919,1,-6.3309054
8920,0,-6.3309054
8921,1,-5.779522
8922,1,-6.970554
8923,1,-6.391958
8924,1,-3.9943826
8925,1,-7.001639
8926,1,-4.655652
8927,1,-6.970554
8928,1,-4.5609865
8929,1,-6.049467
8930,1,-4.56034
8931,0,-6.970554
8932,1,-5.842974
8933,1,-5.842974
8934,0,-5.842974
8935,0,-5.842974
8936,1,-5.498231
8937,0,-3.314921
8938,1,-3.314921
8939,1,-6.970554
8940,0,-6.970554
8941,0,-6.970554
8942,0,-6.970554
8943,0,-6.970554
8944,0,-6.970554
8945,0,-6.970554
8946,0,-6.970554
8947,0,-6.970554
8948,0,-6.970554
8949,1,-6.970554
8950,0,-6.970554
8951,1,-6.970554
8952,0,-6.08286
8953,1,-5.9661036
8954,1,-5.3823557
8955,0,-6.970554
8956,0,-6.970554
8957,0,-6.970554
8958,1,-5.013958
8959,1,-2.7512205
8960,1,-6.0778227
8961,1,-6.970554
8962,0,-6.970554
8963,1,-4.3569727
8964,1,-3.5951996
8965,0,-6.970554
8966,0,-3.7401154
8967,1,-4.089727
8968,1,-5.2565913
8969,1,-5.020673
8970,0,-6.970554
8971,1,-6.970554
8972,1,-6.970554
8973,0,-6.970554
8974,0,-6.970554
8975,0,-6.970554
8976,0,-6.970554
8977,1,-2.633526
8978,1,-2.633526
8979,1,-6.970554
8980,1,-6.833812
8981,1,-6.6743116
8982,0,-6.970554
8983,0,-5.3852534
8984,1,-5.3870378
8985,1,-5.3870378
8986,1,-6.1468587
8987,0,-6.970554
8988,1,-2.8588674
8989,0,-2.0379581
8990,0,-6.970554
8991,1,-4.63683
8992,1,-3.4367385
8993,0,-4.781976
8994,0,-4.781976
8995,1,-4.781976
8996,1,-5.095507
8997,0,-5.095507
8998,0,-4.2794514
8999,1,-6.3457093
9000,1,-5.8485165
9001,1,-3.806136
9002,1,-2.5851572
9003,1,-6.76225
9004,1,-6.76225
9005,0,-6.76225
9006,1,-6.204746
9007,1,-6.970554
9008,0,-6.970554
9009,0,-6.7171235
9010,0,-6.970554
9011,1,-6.889327
9012,1,-3.7862947
9013,1,-5.9747696
9014,1,-6.970554
9015,1,-5.693767
9016,1,-3.0895114
9017,1,-6.884992
9018,0,-6.970554
9019,1,-5.949461
9020,1,-1.6616751
9021,0,-6.970554
9022,1,-6.970554
9023,0,-5.897862
9024,0,-6.970554
9025,0,-6.970554
9026,0,-6.970554
9027,0,-6.970554
9028,1,-6.1468587
9029,0,-6.970554
9030,0,-6.970554
9031,0,-6.970554
9032,0,-6.970554
9033,0,-6.970554
9034,0,-6.970554
9035,0,-6.970554
9036,0,-6.970554
9037,1,-6.970554
9038,0,-3.1620965
9039,0,-6.970554
9040,1,-4.7140107
9041,1,-6.67438
9042,0,-7.172637
9043,1,-3.8598766
9044,0,-6.970554
9045,1,-6.970554
9046,0,-6.970554
9047,1,-6.970554
9048,0,-6.970554
9049,1,-6.970554
9050,1,-4.8409557
9051,1,-4.8409557
9052,1,-6.9138274
9053,0,-7.093296
9054,0,-7.093296
9055,0,-7.093296
9056,0,-6.970554
9057,0,-5.332918
9058,0,-6.970554
9059,1,-5.456595
9060,1,-5.456595
9061,1,-6.2004066
9062,1,-6.3885307
9063,1,-2.128706
9064,0,-5.676281
9065,1,-5.676281
9066,0,-5.676281
9067,1,-6.663308
9068,1,-4.069733
9069,1,-0.65368336
9070,1,-2.940348
9071,1,-2.940348
9072,0,-6.970554
9073,0,-6.970554
9074,0,-6.970554
9075,1,-6.970554
9076,1,-6.970554
9077,1,-6.970554
9078,0,-6.970554
9079,1,-6.097013
9080,0,-6.097013
9081,0,-6.097013
9082,0,-4.3391676
9083,0,-6.970554
9084,0,-6.970554
9085,1,-6.342736
9086,0,-6.970554
9087,1,-6.970554
9088,1,-6.970554
9089,1,-5.3454614
9090,0,-6.7943892
9091,1,-6.970554
9092,0,-6.970554
9093,0,-6.3466225
9094,1,-5.1150603
9095,1,-6.3456798
9096,0,-4.8463006
9097,1,-4.8463006
9098,1,-4.8463006
9099,1,-6.970554
9100,1,-6.970554
9101,1,-6.970554
9102,1,-6.970554
9103,1,-5.121122
9104,0,-6.8366814
9105,0,-6.970554
9106,1,-5.3971934
9107,1,-5.3322115
9108,1,-4.109103
9109,1,-6.3457246
9110,0,-5.1113935
9111,1,-6.120196
9112,1,-5.9734693
9113,1,-2.3281956
9114,1,-6.970554
9115,0,-6.970554
9116,1,-5.2726016
9117,0,-6.8957973
9118,1,-6.970554
9119,1,-3.6216075
9120,0,-6.970554
9121,1,-5.5880427
9122,1,-2.3835838
9123,0,-1.9169964
9124,0,-1.9169964
9125,1,-6.8904796
9126,1,-5.854226
9127,0,-6.779955
9128,1,-2.9840784
9129,1,-6.2736793
9130,0,-6.970554
9131,0,-6.970554
9132,0,-6.970554
9133,0,-6.970554
9134,0,-6.2366824
9135,1,-3.496624
9136,1,-6.970554
9137,1,-6.970554
9138,0,-6.970554
9139,0,-6.9643173
9140,0,-6.970554
9141,0,-6.970554
9142,0,-6.970554
9143,0,-6.970554
9144,0,-6.970554
9145,1,-4.38941
9146,0,-4.8543925
9147,0,-6.970554
9148,0,-3.4182103
9149,0,-6.970554
9150,0,-6.970554
9151,0,-6.970554
9152,1,-5.364114
9153,1,-5.20326
9154,0,-5.20326
9155,0,-6.970554
9156,0,-6.970554
9157,0,-6.970554
9158,0,-6.970554
9159,0,-6.970554
9160,0,-6.970554
9161,1,-4.659152
9162,0,-5.9340215
9163,0,-6.970554
9164,1,-3.0161867
9165,1,-4.62308
9166,1,-5.929007
9167,0,-1.4590967
9168,0,-6.970554
9169,1,-6.970554
9170,0,-6.970554
9171,1,-5.102466
9172,1,-5.000728
9173,1,-1.4848213
9174,1,-6.779955
9175,1,-4.8480177
9176,0,-6.970554
9177,1,-3.6623526
9178,0,-3.6623526
9179,0,-6.970554
9180,0,-4.9024625
9181,0,-6.970554
9182,0,-5.789334
9183,0,-6.970554
9184,1,-5.6692505
9185,1,-6.4562607
9186,0,-6.970554
9187,1,-6.970554
9188,1,-4.679158
9189,0,-6.970554
9190,1,-6.970554
9191,1,-6.970554
9192,1,-6.970554
9193,1,-6.970554
9194,1,-5.2955966
9195,0,-5.3884153
9196,1,-6.970554
9197,0,-6.970554
9198,1,-4.837622
9199,0,-6.970554
9200,0,-6.970554
9201,0,-6.970554
9202,0,-6.970554
9203,0,-6.970554
9204,0,-6.970554
9205,1,-6.970554
9206,0,-6.970554
9207,0,-6.970554
9208,1,-6.2422233
9209,0,-6.970554
9210,0,-6.970554
9211,0,-6.970554
9212,0,-6.970554
9213,1,-6.970554
9214,0,-6.970554
9215,0,-6.970554
9216,0,-6.970554
9217,0,-6.970554
9218,0,-6.970554
9219,0,-5.457048
9220,0,-6.970554
9221,0,-6.970554
9222,0,-6.970554
9223,0,-6.970554
9224,0,-6.970554
9225,0,-6.970554
9226,0,-6.970554
9227,0,-6.970554
9228,0,-6.970554
9229,0,-6.970554
9230,0,-6.970554
9231,0,-6.970554
9232,0,-6.970554
9233,0,-6.970554
9234,0,-6.970554
9235,0,-6.970554
9236,0,-6.970554
9237,0,-6.970554
9238,0,-6.970554
9239,0,-6.970554
9240,0,-6.970554
9241,0,-6.970554
9242,1,-6.44709
9243,0,-6.970554
9244,0,-6.970554
9245,0,-6.970554
9246,0,-6.970554
9247,0,-5.9319305
9248,0,-5.9319305
9249,1,-5.9319305
9250,1,-1.3073721
9251,1,-5.078292
9252,1,-4.8989487
9253,1,-4.8876476
9254,1,-2.1368861
9255,1,-2.1368861
9256,0,-6.970554
9257,1,-6.7054825
9258,1,-6.5333347
9259,1,-5.435431
9260,0,-6.970554
9261,1,-6.0903645
9262,1,-4.5588207
9263,1,-4.837733
9264,1,-5.383736
9265,1,-6.032974
9266,1,-5.625243
9267,1,-5.246346
9268,0,-6.779955
9269,1,-6.01638
9270,0,-6.970554
9271,1,-5.943256
9272,1,-6.1223435
9273,1,-5.7383327
9274,1,-6.970554
9275,1,-1.5265356
9276,1,-3.436761
9277,1,-4.356079
9278,1,-3.9618134
9279,0,-6.970554
9280,0,-6.970554
9281,1,-5.369123
9282,0,-6.582557
9283,0,-6.970554
9284,0,-6.970554
9285,0,-4.3662987
9286,1,-6.970554
9287,1,-6.970554
9288,1,-5.9747696
9289,1,-6.377875
9290,1,-4.290787
9291,1,-6.841844
9292,0,-6.970554
9293,0,-6.970554
9294,1,-4.8341126
9295,0,-6.059512
9296,0,-6.970554
9297,1,-3.145199
9298,1,-6.970554
9299,0,-6.779955
9300,1,-6.970554
9301,0,-6.970554
9302,1,-6.0343437
9303,0,-6.970554
9304,1,-5.9405813
9305,1,-6.0723863
9306,0,-6.970554
9307,0,-6.970554
9308,1,-6.970554
9309,1,-3.8291416
9310,0,-6.970554
9311,1,-7.093296
9312,0,-6.970554
9313,1,-6.970554
9314,0,-6.970554
9315,1,-6.970554
9316,0,-5.2764773
9317,0,-5.2764773
9318,1,-5.2764773
9319,1,-5.0930924
9320,0,-7.192238
9321,0,-7.192238
9322,1,-5.9213467
9323,1,-6.582557
9324,1,-6.5749774
9325,0,-6.970554
9326,1,-2.9289167
9327,0,-2.9289167
9328,0,-2.9289167
9329,0,-6.970554
9330,0,-6.1076565
9331,0,-6.1076565
9332,1,-4.366356
9333,0,-6.970554
9334,0,-6.970554
9335,0,-6.970554
9336,0,-6.970554
9337,0,-6.970554
9338,0,-6.970554
9339,0,-6.970554
9340,0,-6.970554
9341,0,-6.970554
9342,0,-6.970554
9343,0,-6.970554
9344,0,-6.970554
9345,1,-3.821313
9346,1,-6.970554
9347,0,-3.3913083
9348,0,-6.970554
9349,0,-6.884992
9350,1,-4.3230367
9351,1,-6.970554
9352,1,-4.507467
9353,1,-6.779955
9354,1,-5.0536027
9355,0,-6.970554
9356,0,-6.970554
9357,0,-7.192238
9358,0,-5.2656646
9359,1,-4.8912463
9360,0,-6.970554
9361,0,-6.970554
9362,0,-6.970554
9363,1,-2.3504539
9364,1,-2.3504539
9365,0,-0.7558624
9366,1,-5.0058055
9367,1,-6.1293283
9368,1,-3.1851125
9369,1,-1.9763361
9370,0,-6.970554
9371,1,-6.699854
9372,1,-6.2626615
9373,0,-6.7054825
9374,0,-6.970554
9375,0,-6.970554
9376,1,-2.4984303
9377,1,-6.7054825
9378,0,-5.8009663
9379,1,-5.8009663
9380,1,-6.451856
9381,1,-6.336619
9382,1,-5.910198
9383,1,-5.5161934
9384,0,-6.970554
9385,0,-6.970554
9386,1,-4.63683
9387,0,-6.970554
9388,1,-2.971917
9389,0,-6.970554
9390,0,-6.970554
9391,0,-4.3975058
9392,0,-3.1220112
9393,0,-3.1220112
9394,1,-5.6903176
9395,1,-2.5918438
9396,0,-2.5918438
9397,0,-2.5918438
9398,1,-1.1468705
9399,1,-1.056721
9400,1,-6.970554
9401,1,-6.0346804
9402,1,-6.779955
9403,0,-6.779955
9404,1,-4.5539975
9405,0,-4.4569383
9406,1,-2.9538903
9407,0,-6.970554
9408,1,-4.898098
9409,1,-4.901124
9410,1,-5.0606084
9411,0,-6.970554
9412,0,-6.970554
9413,1,-6.636446
9414,1,-4.2247615
9415,1,-2.3622468
9416,1,-6.970554
9417,1,-6.970554
9418,1,-5.1920342
9419,0,-6.970554
9420,0,-6.970554
9421,0,-6.970554
9422,0,-6.970554
9423,0,-6.970554
9424,0,-6.970554
9425,0,-6.970554
9426,1,-6.3553557
9427,1,-6.779955
9428,1,-4.7997184
9429,1,-5.5357876
9430,1,-6.779955
9431,1,-2.342556
9432,0,-4.603596
9433,1,-5.9734693
9434,1,-6.0778227
9435,0,-6.970554
9436,1,-6.970554
9437,1,-2.4950545
9438,1,-4.4315443
9439,1,-5.1793437
9440,1,-6.970554
9441,1,-6.970554
9442,1,-4.0577154
9443,0,-6.970554
9444,0,-6.970554
9445,0,-6.970554
9446,1,-6.970554
9447,0,-6.970554
9448,1,-5.6506734
9449,1,-4.3924084
9450,0,-4.3924084
9451,1,-2.7028272
9452,0,-6.970554
9453,0,-4.767555
9454,0,-6.970554
9455,0,-6.970554
9456,0,-6.970554
9457,0,-6.970554
9458,0,-6.970554
9459,0,-6.970554
9460,1,-4.2317047
9461,0,-6.970554
9462,1,-0.6569701
9463,1,-6.970554
9464,0,-6.970554
9465,0,-6.385038
9466,1,-6.92961
9467,1,-4.59878
9468,1,-6.970554
9469,1,-6.970554
9470,1,-4.845556
9471,1,-4.845556
9472,1,-5.365004
9473,1,-4.837217
9474,1,-6.970554
9475,1,-6.970554
9476,1,-6.3958445
9477,1,-5.2939954
9478,0,-5.2939954
9479,1,-5.5837555
9480,1,-5.2358437
9481,1,-6.631729
9482,1,-5.7743545
9483,1,-6.970554
9484,1,-6.970554
9485,1,-3.9195962
9486,1,-4.77566
9487,1,-4.100174
9488,1,-4.630437
9489,0,-6.970554
9490,0,-6.4528027
9491,1,-6.970554
9492,1,-6.2422233
9493,1,-4.291559
9494,1,-6.285406
9495,0,-6.285406
9496,0,-6.970554
9497,1,-5.1018705
9498,1,-4.2862105
9499,1,-4.1121655
9500,0,-6.649272
9501,0,-6.970554
9502,1,-6.970554
9503,1,-3.8422067
9504,0,-3.9386137
9505,0,-6.6800137
9506,1,-6.0845437
9507,1,-4.0174665
9508,1,-6.970554
9509,1,-5.326514
9510,1,-1.4691817
9511,1,-3.9129736
9512,1,-3.3569934
9513,0,-6.970554
9514,1,-6.176693
9515,1,-6.2605004
9516,1,-2.0995257
9517,0,-3.4783092
9518,1,-1.3064744
9519,0,-6.970554
9520,1,-6.970554
9521,0,-4.8327184
9522,0,-4.8327184
9523,0,-4.8327184
9524,0,-4.8327184
9525,1,-4.8327184
9526,0,-4.8327184
9527,0,-6.970554
9528,1,-3.8102648
9529,0,-3.8102648
9530,0,-3.8102648
9531,1,-3.8102648
9532,1,-2.6435177
9533,1,-4.6104145
9534,0,-6.9138274
9535,0,-4.993672
9536,1,-6.970554
9537,1,-6.970554
9538,1,-6.970554
9539,1,-6.970554
9540,1,-3.684661
9541,1,-3.0552733
9542,1,-2.7555614
9543,1,-3.0169697
9544,1,-4.1397595
9545,1,-4.285196
9546,1,-4.285196
9547,1,-6.970554
9548,1,-6.970554
9549,0,-6.970554
9550,1,-5.8973584
9551,1,-5.25843
9552,1,-5.25843
9553,1,-5.2461905
9554,1,-6.6998806
9555,1,-2.873246
9556,1,-2.873246
9557,1,-6.399462
9558,1,-3.8616748
9559,1,-6.0642967
9560,1,-5.8138824
9561,1,-5.8138824
9562,0,-3.1413758
9563,1,-1.8416488
9564,1,-6.384946
9565,0,-3.6566832
9566,1,-3.6566832
9567,0,-5.970121
9568,0,-6.970554
9569,0,-6.970554
9570,0,-6.970554
9571,0,-6.970554
9572,0,-2.8588674
9573,0,-4.63683
9574,0,-6.699958
9575,0,-6.970554
9576,0,-6.970554
9577,0,-6.204746
9578,0,-6.970554
9579,0,-6.9138274
9580,0,-5.456595
9581,0,-6.097013
9582,0,-6.970554
9583,0,-6.970554
9584,0,-6.970554
9585,0,-6.970554
9586,0,-6.970554
9587,0,-6.970554
9588,0,-5.5880427
9589,0,-5.5880427
9590,1,-2.9840784
9591,0,-2.9840784
9592,0,-2.9840784
9593,0,-2.9840784
9594,0,-2.9840784
9595,0,-2.9840784
9596,0,-6.2366824
9597,0,-6.2366824
9598,0,-6.970554
9599,0,-6.970554
9600,0,-6.970554
9601,0,-4.9024625
9602,0,-4.9024625
9603,0,-3.2712724
9604,0,-3.2712724
9605,0,-3.2712724
9606,0,-4.8876476
9607,0,-6.970554
9608,0,-6.970554
9609,0,-6.970554
9610,0,-6.970554
9611,0,-6.970554
9612,0,-5.2764773
9613,0,-5.2764773
9614,0,-5.2764773
9615,0,-6.970554
9616,0,-5.0536027
9617,0,-6.970554
9618,0,-2.6293063
9619,0,-4.630437
9620,0,-4.630437
9621,0,-4.630437
9622,0,-6.649272
9623,0,-6.970554
9624,0,-6.970554
9625,0,-6.970554
9626,0,-3.8102648
9627,0,-6.970554
9628,0,-6.970554
9629,0,-6.970554
9630,1,-5.8973584
9631,0,-5.25843
9632,1,-4.915626
9633,0,-6.970554
9634,0,-6.970554
9635,1,-6.970554
9636,0,-6.970554
9637,1,-4.3562346
9638,1,-1.4099299
9639,1,-6.970554
9640,1,-2.1447203
9641,1,-4.835158
9642,1,-6.970554
9643,1,-6.970554
9644,0,-6.970554
9645,0,-6.970554
9646,0,-6.970554
9647,0,-6.970554
9648,1,-5.276858
9649,1,-4.5208163
9650,1,-4.7352095
9651,1,-2.934143
9652,1,-5.3630886
9653,1,-4.112835
9654,1,-2.9575038
9655,0,-6.6743116
9656,1,-5.764448
9657,0,-6.970554
9658,1,-5.238273
9659,0,-5.172943
9660,1,-5.389181
9661,0,-7.192238
9662,1,-7.192238
9663,1,-3.7705798
9664,0,-6.970554
9665,1,-6.0247283
9666,1,-6.970554
9667,1,-6.399462
9668,1,-4.9800897
9669,1,-4.82614
9670,1,-5.1713176
9671,1,-3.5723472
9672,0,-6.970554
9673,0,-6.970554
9674,0,-6.970554
9675,0,-6.970554
9676,1,-5.0361547
9677,0,-4.3794627
9678,1,-5.3415747
9679,1,-5.709458
9680,1,-6.970554
9681,1,-6.925484
9682,1,-5.233234
9683,1,-5.0894184
9684,1,-6.970554
9685,1,-6.970554
9686,1,-6.822328
9687,0,-6.822328
9688,1,-6.2973495
9689,0,-6.970554
9690,0,-6.970554
9691,0,-5.831565
9692,0,-6.970554
9693,0,-4.291376
9694,0,-6.970554
9695,0,-6.970554
9696,0,-6.970554
9697,1,-4.172616
9698,1,-6.482466
9699,0,-5.9499974
9700,1,-4.4487615
9701,0,-3.8392577
9702,0,-6.970554
9703,1,-4.94125
9704,1,-4.026082
9705,1,-3.934304
9706,1,-3.934304
9707,1,-5.0416107
9708,1,-5.242745
9709,1,-6.1119595
9710,1,-2.9486227
9711,0,-6.970554
9712,1,-6.970554
9713,0,-6.5362067
9714,1,-3.1865206
9715,0,-6.779955
9716,0,-6.970554
9717,0,-6.970554
9718,0,-6.970554
9719,1,-5.332357
9720,1,-4.668741
9721,0,-6.970554
9722,0,-5.8814445
9723,1,-5.2985907
9724,0,-5.9462442
9725,1,-6.970554
9726,1,-6.970554
9727,0,-6.970554
9728,1,-3.9866939
9729,0,-6.9691043
9730,1,-5.883276
9731,1,-5.630567
9732,1,-6.110962
9733,0,-6.970554
9734,1,-4.231098
9735,1,-3.895072
9736,0,-6.970554
9737,0,-6.970554
9738,1,-6.884992
9739,0,-6.970554
9740,0,-6.970554
9741,1,-6.610293
9742,1,-6.5243807
9743,1,-2.1524909
9744,0,-6.970554
9745,1,-2.1011055
9746,0,-6.970554
9747,1,-4.0460677
9748,0,-6.970554
9749,1,-4.44172
9750,0,-6.970554
9751,1,-3.2899022
9752,1,-4.36368
9753,1,-2.38126
9754,1,-6.8904796
9755,0,-6.970554
9756,0,-6.970554
9757,0,-6.970554
9758,0,-6.970554
9759,0,-6.970554
9760,0,-6.970554
9761,0,-6.970554
9762,0,-6.970554
9763,0,-6.970554
9764,1,-5.7457066
9765,1,-2.7824976
9766,1,-4.403739
9767,1,-2.6299467
9768,0,-6.699958
9769,1,-4.6736155
9770,0,-6.970554
9771,1,-3.6176388
9772,1,-6.1828837
9773,0,-1.7822329
9774,0,-5.611683
9775,1,-2.760378
9776,0,-6.970554
9777,0,-6.970554
9778,1,-6.4805408
9779,0,-6.970554
9780,1,-4.738575
9781,0,-6.970554
9782,1,-5.311241
9783,1,-5.56854
9784,1,-5.8679805
9785,1,-5.8679805
9786,0,-5.8679805
9787,1,-4.915626
9788,0,-6.970554
9789,1,-6.970554
9790,1,-6.970554
9791,1,-5.277136
9792,1,-4.3562346
9793,1,-4.4292426
9794,0,-4.4292426
9795,0,-6.970554
9796,0,-2.1447203
9797,0,-6.970554
9798,0,-6.970554
9799,1,-6.970554
9800,0,-6.970554
9801,0,-6.970554
9802,1,-5.425441
9803,0,-5.425441
9804,0,-6.970554
9805,0,-5.276858
9806,0,-4.7352095
9807,0,-4.7352095
9808,0,-5.3630886
9809,1,-6.6743116
9810,1,-4.1509805
9811,1,-7.192238
9812,1,-6.0247283
9813,1,-5.184108
9814,1,-6.399462
9815,1,-6.970554
9816,1,-3.5723472
9817,0,-6.970554
9818,1,-5.3861117
9819,0,-6.970554
9820,0,-6.970554
9821,1,-5.155437
9822,1,-5.0361547
9823,1,-4.3794627
9824,0,-5.3415747
9825,0,-5.3415747
9826,0,-6.970554
9827,0,-6.970554
9828,1,-5.4476056
9829,1,-5.0894184
9830,0,-6.0974126
9831,0,-6.822328
9832,0,-6.636446
9833,1,-4.0131965
9834,1,-6.840049
9835,0,-6.970554
9836,1,-6.970554
9837,1,-4.743385
9838,0,-6.5513864
9839,1,-4.291376
9840,0,-6.970554
9841,1,-6.0110865
9842,0,-6.970554
9843,1,-6.970554
9844,1,-3.8392577
9845,1,-6.840049
9846,0,-6.970554
9847,0,-6.970554
9848,1,-4.94125
9849,1,-3.934304
9850,1,-6.1192694
9851,0,-6.3222976
9852,1,-4.5219183
9853,1,-5.494738
9854,1,-6.1119595
9855,1,-2.9486227
9856,1,-6.970554
9857,0,-6.970554
9858,0,-6.970554
9859,0,-6.970554
9860,0,-6.779955
9861,1,-6.005047
9862,0,-6.1076565
9863,1,-5.332357
9864,0,-6.970554
9865,0,-6.970554
9866,0,-6.970554
9867,1,-6.970554
9868,0,-5.8814445
9869,0,-5.8814445
9870,0,-5.8814445
9871,0,-5.8814445
9872,1,-5.8814445
9873,1,-6.068722
9874,1,-6.209609
9875,0,-6.970554
9876,1,-2.312847
9877,1,-5.5147185
9878,1,-5.9462442
9879,0,-5.9462442
9880,0,-5.9462442
9881,1,-1.83844
9882,1,-6.970554
9883,0,-6.970554
9884,1,-6.970554
9885,1,-6.970554
9886,0,-6.970554
9887,1,-6.970554
9888,1,-6.970554
9889,0,-6.970554
9890,0,-3.895072
9891,1,-4.5136356
9892,0,-6.970554
9893,1,-6.884992
9894,1,-5.025108
9895,1,-5.7330794
9896,1,-6.5243807
9897,0,-6.970554
9898,0,-2.1011055
9899,0,-6.970554
9900,0,-6.970554
9901,1,-6.5148835
9902,0,-6.970554
9903,0,-6.970554
9904,0,-6.7054825
9905,1,-5.038629
9906,0,-5.349854
9907,1,-4.6877503
9908,1,-6.05703
9909,0,-6.970554
9910,0,-6.970554
9911,0,-6.970554
9912,0,-6.970554
9913,1,-5.7457066
9914,0,-6.970554
9915,1,-6.361078
9916,1,-4.403739
9917,0,-6.970554
9918,0,-6.970554
9919,0,-6.970554
9920,0,-6.970554
9921,0,-4.3065834
9922,1,-4.4767327
9923,0,-6.970554
9924,1,-3.6176388
9925,1,-4.1154265
9926,0,-6.970554
9927,1,-5.327194
9928,0,-2.760378
9929,1,-6.636446
9930,0,-6.4805408
9931,0,-6.970554
9932,1,-4.738575
9933,1,-6.970554
9934,1,-5.311241
9935,1,-5.8679805
9936,0,-6.970554
9937,0,-5.3861117
9938,0,-6.970554
9939,0,-6.970554
9940,0,-5.0416107
9941,0,-6.110962
9942,0,-4.36368
9943,0,-6.970554
9944,0,-6.970554
9945,0,-5.56854
9946,0,-6.970554
9947,0,-4.8800325
9948,1,-4.53161
9949,1,-2.6261244
9950,0,-6.970554
9951,1,-5.642358
9952,0,-6.970554
9953,0,-6.970554
9954,1,-6.884992
9955,1,-3.7078383
9956,0,-6.8767915
9957,1,-5.3372245
9958,0,-5.3372245
9959,0,-6.970554
9960,0,-6.970554
9961,0,-6.970554
9962,1,-6.025443
9963,1,-6.3342404
9964,1,-0.83531296
9965,1,-5.4383264
9966,0,-6.0182524
9967,1,-5.041014
9968,1,-6.042077
9969,1,-4.4523196
9970,1,-6.970554
9971,1,-6.506189
9972,1,-6.2178507
9973,1,-6.049467
9974,1,-5.72908
9975,1,-5.72908
9976,1,-2.955898
9977,1,-1.4779551
9978,1,-5.017251
9979,1,-6.970554
9980,1,-5.1386976
9981,0,-6.970554
9982,0,-6.970554
9983,0,-4.9670773
9984,0,-5.505515
9985,1,-4.920205
9986,1,-5.717433
9987,0,-5.2108045
9988,1,-6.0247283
9989,1,-6.0247283
9990,1,-5.548127
9991,1,-6.409143
9992,1,-6.970554
9993,1,-2.7161908
9994,1,-3.7704666
9995,1,-6.157638
9996,0,-4.8532634
9997,1,-3.7712846
9998,1,-4.8289385
9999,0,-6.541607
10000,1,-3.2757964
10001,0,-6.970554
10002,0,-5.565343
10003,0,-5.565343
10004,1,-3.390538
10005,0,-6.970554
10006,1,-4.043699
10007,1,-2.1776807
10008,1,-6.970554
10009,0,-6.970554
10010,1,-5.4651556
10011,1,-5.6861215
10012,0,-6.970554
10013,0,-6.970554
10014,1,-2.548707
10015,1,-6.7332206
10016,0,-6.2684216
10017,0,-6.970554
10018,1,-5.869894
10019,0,-7.172637
10020,0,-6.970554
10021,1,-5.669514
10022,1,-5.3583107
10023,1,-4.1494994
10024,1,2.3080618
10025,1,-5.6656117
10026,1,-3.8019695
10027,0,-6.970554
10028,1,-4.1939383
10029,1,-6.970554
10030,0,-4.722015
10031,1,-6.970554
10032,1,-6.3129826
10033,0,-6.155706
10034,1,-5.0651603
10035,1,-6.472359
10036,1,-6.2216396
10037,0,-5.3819447
10038,1,-5.57292
10039,0,-6.970554
10040,0,-6.970554
10041,0,-6.970554
10042,0,-6.970554
10043,1,-4.058339
10044,1,-6.970554
10045,0,-6.970554
10046,1,-6.970554
10047,1,-4.8646555
10048,1,-4.2075715
10049,1,-5.4576135
10050,1,-5.4576135
10051,0,-6.970554
10052,0,-6.970554
10053,1,-6.970554
10054,0,-6.970554
10055,1,-5.767059
10056,1,-5.5118527
10057,1,-3.2245765
10058,1,-5.939085
10059,1,-3.5744646
10060,0,-6.970554
10061,1,-6.970554
10062,1,-1.5381399
10063,0,-5.938489
10064,1,-6.1809072
10065,1,-5.0973554
10066,1,-6.0611444
10067,0,-6.970554
10068,0,-6.838529
10069,0,-6.970554
10070,1,-5.4859734
10071,0,-6.970554
10072,0,-6.970554
10073,1,-5.9390364
10074,1,-3.8806796
10075,1,-3.666657
10076,1,-6.357896
10077,0,-6.970554
10078,1,-3.5779576
10079,1,-3.9894614
10080,0,-3.9894614
10081,0,-3.9894614
10082,0,-6.840049
10083,1,-4.408065
10084,1,-1.2393183
10085,0,-5.419384
10086,0,-6.970554
10087,1,-5.512861
10088,1,-6.6800137
10089,0,-6.6800137
10090,1,-5.644474
10091,1,-2.9246647
10092,1,-3.8925946
10093,1,-4.750726
10094,0,-4.750726
10095,0,-4.9963923
10096,1,-5.87218
10097,1,-5.87218
10098,1,-2.9997227
10099,1,-5.5948052
10100,1,-5.9835906
10101,0,-6.970554
10102,0,-6.970554
10103,1,-6.6051383
10104,1,-4.8363132
10105,1,-5.604805
10106,0,-6.970554
10107,1,-3.872241
10108,1,-3.7343893
10109,0,-6.970554
10110,1,-4.6089945
10111,1,-5.8505783
10112,1,-4.2413707
10113,1,-4.2413707
10114,1,-6.15089
10115,1,-5.6578465
10116,1,-5.005481
10117,1,-4.7436953
10118,1,-6.5513864
10119,1,-3.1776795
10120,1,-5.936089
10121,0,-6.970554
10122,0,-6.970554
10123,1,-6.970554
10124,1,-6.970554
10125,0,-6.970554
10126,1,-6.0281954
10127,1,-6.108088
10128,1,-5.277927
10129,0,-6.4520392
10130,1,-4.385535
10131,1,-5.7327943
10132,1,-1.8293009
10133,1,-4.863715
10134,1,-5.6219893
10135,0,-1.2166065
10136,0,-6.970554
10137,0,-6.970554
10138,0,-6.970554
10139,1,-5.483359
10140,1,-5.7153597
10141,0,-5.7153597
10142,0,-6.970554
10143,1,-5.1723986
10144,1,-5.0722213
10145,0,-6.649272
10146,1,-6.0220532
10147,1,-4.4996266
10148,0,-5.28339
10149,1,-6.3342404
10150,0,-6.970554
10151,1,-6.259507
10152,0,-6.970554
10153,0,-6.970554
10154,0,-6.970554
10155,0,-6.970554
10156,1,-5.404856
10157,0,-6.3727283
10158,0,-6.970554
10159,1,-3.393514
10160,1,-3.7157347
10161,0,-6.970554
10162,0,-6.970554
10163,0,-6.970554
10164,0,-6.970554
10165,1,-6.970554
10166,1,-4.666538
10167,1,-3.9173737
10168,1,-4.910918
10169,0,-6.4092402
10170,1,-4.1769524
10171,0,-4.1769524
10172,1,-5.166676
10173,0,-6.970554
10174,1,-5.4208345
10175,0,-6.970554
10176,1,-1.5862683
10177,1,-1.5862683
10178,1,-3.2354178
10179,1,-6.8476286
10180,0,-6.8476286
10181,1,-6.2684216
10182,1,-6.2684216
10183,1,-6.2684216
10184,1,-1.0866528
10185,0,-1.0866528
10186,0,-5.228015
10187,1,1.1790156
10188,0,-6.970554
10189,1,-3.8910015
10190,1,-5.614925
10191,0,-6.92127
10192,1,-4.933614
10193,1,-4.6679325
10194,0,-4.6679325
10195,0,-6.970554
10196,1,-4.076396
10197,0,-6.970554
10198,1,-4.6525216
10199,1,-6.840049
10200,1,-3.2692583
10201,1,-5.3767467
10202,1,-5.6729693
10203,1,-6.970554
10204,0,-6.970554
10205,1,-4.940601
10206,1,-4.7918396
10207,1,-4.6865406
10208,1,-6.970554
10209,1,-6.970554
10210,1,-6.437237
10211,1,-5.9338927
10212,1,-2.6827157
10213,1,-6.970554
10214,1,-5.93147
10215,1,-4.01781
10216,1,-5.4487925
10217,0,-6.970554
10218,1,-4.2675915
10219,1,-5.0154943
10220,1,-5.0919504
10221,0,-6.970554
10222,1,-4.8181214
10223,0,-6.970554
10224,1,-5.8645706
10225,0,-6.5429306
10226,1,-3.1885986
10227,0,-3.6370275
10228,1,-3.32979
10229,1,-6.2780414
10230,1,-5.5044417
10231,1,-6.5363235
10232,0,-4.3922653
10233,1,-5.279688
10234,0,-6.970554
10235,0,-6.970554
10236,0,-5.568117
10237,0,-5.568117
10238,0,-6.970554
10239,0,-6.970554
10240,0,-6.970554
10241,0,-6.970554
10242,1,-6.970554
10243,0,-6.970554
10244,0,-6.970554
10245,0,-6.970554
10246,1,-6.970554
10247,0,-6.970554
10248,1,-6.970554
10249,1,-4.80381
10250,1,-4.9386477
10251,1,-6.970554
10252,0,-6.840049
10253,1,-3.3995101
10254,1,-3.1766553
10255,1,-3.4776032
10256,0,-6.840049
10257,1,-6.925484
10258,0,-6.970554
10259,1,-6.7169666
10260,1,-4.6805935
10261,1,-6.970554
10262,1,-6.779955
10263,1,-5.0891566
10264,0,-6.970554
10265,1,-6.3374577
10266,1,-2.4841392
10267,1,-6.3120527
10268,1,-5.0855947
10269,1,-6.970554
10270,1,-4.8966064
10271,1,-6.781384
10272,0,-6.970554
10273,1,-3.8687265
10274,1,-6.60669
10275,1,-6.7054825
10276,1,-6.582557
10277,0,-6.970554
10278,1,-6.970554
10279,0,-6.970554
10280,0,-6.970554
10281,1,-2.944362
10282,1,-4.983261
10283,1,-6.3457093
10284,0,-6.970554
10285,0,-6.970554
10286,0,-6.970554
10287,0,-6.970554
10288,0,-6.970554
10289,1,-6.970554
10290,1,-5.305694
10291,1,-4.1647577
10292,0,-6.970554
10293,1,-5.415786
10294,0,-6.970554
10295,0,-6.970554
10296,0,-6.970554
10297,1,-2.8960512
10298,1,-2.8960512
10299,1,-5.744458
10300,1,-4.031682
10301,0,-6.92961
10302,0,-6.7054825
10303,1,-6.7054825
10304,0,-6.92961
10305,1,-5.268143
10306,1,-4.6994853
10307,1,-6.970554
10308,0,-6.970554
10309,1,-6.970554
10310,1,-4.8045893
10311,1,-6.970554
10312,1,-5.1278734
10313,0,-4.072243
10314,1,-4.072243
10315,1,-5.7151375
10316,0,-5.6207047
10317,0,-5.6207047
10318,0,-3.0689428
10319,1,-6.970554
10320,1,-5.2813287
10321,1,-6.970554
10322,1,-6.4529696
10323,1,-5.620267
10324,0,-6.970554
10325,0,-6.970554
10326,0,-6.970554
10327,1,-3.6333725
10328,0,-6.970554
10329,1,-6.970554
10330,0,-6.970554
10331,0,-5.6063566
10332,1,-3.84031
10333,0,-6.970554
10334,1,-6.2829175
10335,0,-6.970554
10336,1,-1.6736635
10337,1,-3.5136595
10338,0,-5.6677403
10339,1,-4.254106
10340,1,-6.970554
10341,0,-6.970554
10342,1,-5.2419524
10343,0,-6.970554
10344,0,-6.970554
10345,0,-6.970554
10346,1,-4.3254085
10347,1,-4.3254085
10348,1,-4.232867
10349,1,-5.3578067
10350,1,-3.174518
10351,1,-4.470611
10352,0,-7.093296
10353,0,-6.027875
10354,0,-6.970554
10355,0,-6.970554
10356,0,-6.970554
10357,0,-6.970554
10358,1,-3.1574175
10359,0,-6.970554
10360,1,-5.4885917
10361,1,-3.9997988
10362,0,-6.277364
10363,1,-5.3883004
10364,0,-6.970554
10365,1,-4.2295938
10366,1,-4.2295938
10367,1,-6.970554
10368,1,-4.2119493
10369,0,-6.970554
10370,0,-6.970554
10371,0,-6.970554
10372,0,-6.970554
10373,1,-6.1464524
10374,0,-5.713135
10375,1,-5.9357243
10376,1,-3.5042574
10377,1,-6.3418508
10378,1,-6.6743116
10379,0,-6.970554
10380,0,-6.970554
10381,0,-6.970554
10382,0,-6.970554
10383,0,-6.970554
10384,1,-4.6411963
10385,0,-6.970554
10386,1,-4.3386807
10387,1,-6.970554
10388,0,-6.970554
10389,1,-5.1709323
10390,1,-5.2346992
10391,1,-6.970554
10392,0,-6.822328
10393,1,-4.2267904
10394,0,-6.970554
10395,0,-6.970554
10396,0,-6.970554
10397,0,-6.970554
10398,0,-6.970554
10399,0,-4.6112356
10400,0,-4.6112356
10401,1,-3.3704555
10402,1,-5.139901
10403,0,-6.970554
10404,1,-5.693671
10405,1,-6.2375317
10406,0,-6.970554
10407,1,-2.797954
10408,1,-5.002805
10409,1,-5.0435157
10410,1,-5.0435157
10411,0,-3.0998178
10412,1,-3.0998178
10413,1,-4.01365
10414,1,-3.84705
10415,1,-6.049467
10416,0,-6.582557
10417,1,-6.1979723
10418,1,-4.5276093
10419,0,-6.970554
10420,0,-6.970554
10421,1,-5.1354795
10422,1,-5.0341206
10423,1,-4.0862594
10424,1,-3.084269
10425,1,-6.3457093
10426,1,-4.672724
10427,1,-4.648075
10428,1,-6.970554
10429,1,-4.6594214
10430,1,-6.931185
10431,1,-6.323135
10432,1,-5.4718146
10433,1,-5.6778355
10434,1,-5.6778355
10435,0,-6.970554
10436,1,-1.7373407
10437,0,-1.7373407
10438,0,-6.970554
10439,1,-4.0366077
10440,0,-6.970554
10441,0,-6.3781447
10442,0,-6.3781447
10443,1,-6.331631
10444,1,-5.6107383
10445,1,-5.220603
10446,0,-5.220603
10447,0,-6.970554
10448,0,-6.970554
10449,0,-6.970554
10450,0,-6.970554
10451,1,-6.453325
10452,1,-5.037609
10453,1,-5.9213467
10454,1,-6.970554
10455,0,-5.9233904
10456,1,-5.2052026
10457,0,-6.970554
10458,1,-5.9219065
10459,0,-6.711558
10460,0,-6.970554
10461,1,-6.2959003
10462,0,-4.7389026
10463,1,-6.295956
10464,0,-6.970554
10465,1,-6.0083117
10466,1,-6.0083117
10467,1,-5.0798545
10468,0,-6.970554
10469,0,-6.970554
10470,1,-5.4137316
10471,0,-6.3727283
10472,1,-6.3727283
10473,1,-6.970554
10474,0,-6.3393154
10475,1,-6.8476286
10476,1,-6.970554
10477,0,-6.970554
10478,0,-6.970554
10479,1,-6.970554
10480,0,-6.584995
10481,0,-6.8476286
10482,0,-4.8218274
10483,0,-6.970554
10484,1,-3.2918787
10485,1,-5.5787582
10486,1,-4.162623
10487,1,-0.5232473
10488,1,-0.19048849
10489,0,-6.970554
10490,0,-6.970554
10491,0,-6.970554
10492,1,-1.9419423
10493,1,-5.468087
10494,1,-2.8760426
10495,1,-5.8183727
10496,0,-6.970554
10497,0,-0.11774765
10498,0,-6.970554
10499,0,-6.970554
10500,1,-5.889612
10501,0,-6.970554
10502,1,-1.3090942
10503,0,-1.3090942
10504,0,-1.3090942
10505,0,-1.3090942
10506,0,-1.3090942
10507,1,-5.1586685
10508,0,-5.1586685
10509,1,-6.970554
10510,1,-5.4478765
10511,1,-4.365108
10512,1,-5.327741
10513,1,-6.740798
10514,0,-6.970554
10515,1,-4.447736
10516,1,-5.0158935
10517,1,-5.4931784
10518,1,-6.970554
10519,1,-4.588096
10520,1,-4.3686438
10521,0,-6.013341
10522,1,-6.970554
10523,1,-5.1070495
10524,1,-3.774372
10525,0,-6.970554
10526,0,-6.300113
10527,0,-6.970554
10528,0,-6.970554
10529,0,-6.970554
10530,0,-6.970554
10531,0,-6.970554
10532,0,-6.970554
10533,0,-6.970554
10534,0,-6.970554
10535,0,-6.970554
10536,0,-6.970554
10537,0,-6.970554
10538,0,-6.970554
10539,0,-6.7968593
10540,0,-6.970554
10541,0,-6.970554
10542,0,-7.192238
10543,0,-5.9833655
10544,0,-5.9833655
10545,1,-6.1790414
10546,1,-3.5022657
10547,1,-4.495548
10548,0,-4.495548
10549,1,-3.59938
10550,0,-6.1761174
10551,0,-6.970554
10552,1,-6.3119683
10553,0,-6.970554
10554,0,-6.970554
10555,1,-3.3238692
10556,1,-6.970554
10557,0,-4.5567555
10558,0,-6.970554
10559,0,-6.2890534
10560,0,-6.970554
10561,1,-5.902178
10562,1,-6.970554
10563,1,-6.970554
10564,1,-6.970554
10565,1,-5.7837005
10566,0,-6.970554
10567,1,-2.3672638
10568,0,-6.663308
10569,0,-6.970554
10570,0,-6.970554
10571,0,-6.3222976
10572,1,-5.1159563
10573,1,-5.1159563
10574,1,-5.177973
10575,1,-5.177973
10576,1,-2.6314073
10577,1,-4.6393976
10578,1,-3.1757715
10579,0,-6.970554
10580,0,-6.970554
10581,0,-6.970554
10582,0,-6.970554
10583,0,-6.970554
10584,0,-6.970554
10585,0,-6.970554
10586,0,-6.970554
10587,0,-6.970554
10588,0,-6.970554
10589,0,-6.970554
10590,0,-6.970554
10591,0,-6.970554
10592,0,-6.970554
10593,0,-6.970554
10594,0,-6.6743116
10595,0,-6.970554
10596,0,-6.970554
10597,0,-6.970554
10598,1,-3.9662373
10599,1,-6.970554
10600,1,-6.970554
10601,1,-4.7322617
10602,0,-6.970554
10603,1,-6.970554
10604,1,-4.8345256
10605,1,-6.1150546
10606,1,-5.2055335
10607,1,-4.9434514
10608,0,-6.970554
10609,0,-6.970554
10610,0,-6.970554
10611,0,-6.970554
10612,1,-6.970554
10613,0,-6.970554
10614,1,-5.5488896
10615,0,-5.5488896
10616,1,-6.970554
10617,0,-6.970554
10618,0,-6.970554
10619,0,-6.970554
10620,0,-6.970554
10621,1,-5.9386477
10622,0,-6.970554
10623,0,-5.7179217
10624,1,-5.7179217
10625,0,-6.970554
10626,1,-4.5649667
10627,0,-6.970554
10628,1,-2.2695663
10629,1,1.0184616
10630,1,-4.606773
10631,1,-5.8134356
10632,1,-2.165567
10633,1,-5.1391144
10634,1,-5.1391144
10635,1,-5.1391144
10636,1,-5.5851774
10637,1,-6.970554
10638,1,-6.280682
10639,1,-4.838293
10640,1,-6.970554
10641,1,-6.970554
10642,1,-4.8293157
10643,1,-3.6499696
10644,1,-6.970554
10645,1,-5.398577
10646,0,-6.970554
10647,0,-6.970554
10648,1,-2.8066
10649,1,-4.7719626
10650,1,-4.7719626
10651,0,-2.2282753
10652,0,-6.2682633
10653,1,-3.4733915
10654,0,-6.970554
10655,1,-5.7360673
10656,0,-6.5758953
10657,1,-5.9139695
10658,0,-6.970554
10659,1,-4.3090177
10660,0,-6.7054825
10661,0,-6.970554
10662,1,-5.6018667
10663,0,-6.970554
10664,0,-6.970554
10665,1,-4.9468117
10666,0,-6.970554
10667,0,-4.8800325
10668,0,-5.642358
10669,1,-6.970554
10670,1,-6.970554
10671,0,-6.970554
10672,0,-5.3372245
10673,1,-6.025443
10674,1,-5.1004705
10675,1,-6.0182524
10676,1,-6.042077
10677,1,-6.011088
10678,1,-6.970554
10679,0,-6.049467
10680,0,-6.049467
10681,0,-2.955898
10682,1,-4.481975
10683,1,-6.970554
10684,0,-5.3971934
10685,0,-6.970554
10686,1,-6.779955
10687,1,-5.8970213
10688,1,-4.364127
10689,1,-6.0108666
10690,0,-4.580849
10691,1,-4.9670773
10692,1,-6.3500357
10693,1,-5.505515
10694,0,-5.717433
10695,0,-5.717433
10696,1,-6.970554
10697,0,-6.970554
10698,1,-6.1454
10699,1,-6.779955
10700,1,-6.0247283
10701,1,-6.0247283
10702,0,-6.0247283
10703,0,-6.0247283
10704,0,-5.548127
10705,0,-6.970554
10706,1,-6.409143
10707,1,-6.970554
10708,1,-6.636446
10709,0,-6.634221
10710,1,-6.2422233
10711,1,-4.8088527
10712,1,-5.3496523
10713,0,-6.970554
10714,1,-5.7307477
10715,1,-6.582557
10716,1,-4.8477745
10717,1,-2.1776807
10718,0,-5.025063
10719,1,-4.0917816
10720,1,-5.129867
10721,1,-5.4651556
10722,0,-6.970554
10723,0,-6.970554
10724,0,-6.970554
10725,1,-6.0648055
10726,0,-6.0648055
10727,1,-5.7153845
10728,0,-5.7153845
10729,1,-5.180077
10730,1,-6.239275
10731,1,-4.2401457
10732,0,-6.970554
10733,1,-5.669514
10734,1,-5.669514
10735,1,-5.3583107
10736,1,-4.1494994
10737,1,-6.9015174
10738,1,-3.2946007
10739,1,-6.970554
10740,1,-4.6954927
10741,1,-5.7743545
10742,1,-5.727655
10743,1,-4.8746433
10744,0,-6.970554
10745,1,-5.503681
10746,1,-4.1939383
10747,1,-6.970554
10748,1,-6.970554
10749,1,-6.970554
10750,1,-6.970554
10751,0,-6.970554
10752,0,-5.309881
10753,1,-5.309881
10754,1,-6.3129826
10755,0,-6.155706
10756,0,-6.155706
10757,1,-6.6998806
10758,0,-6.970554
10759,1,-6.970554
10760,1,-6.3393154
10761,0,-6.970554
10762,1,-6.2216396
10763,1,-6.2216396
10764,0,-6.970554
10765,0,-6.970554
10766,0,-6.970554
10767,1,-5.9343214
10768,1,-5.9343214
10769,0,-6.582557
10770,0,-6.970554
10771,0,-6.970554
10772,1,-5.5387454
10773,0,-6.970554
10774,1,-3.1793404
10775,0,-5.4576135
10776,0,-6.970554
10777,0,-6.970554
10778,0,-6.970554
10779,0,-6.7054825
10780,0,-6.970554
10781,1,-3.2705245
10782,1,-6.0070753
10783,0,-6.763784
10784,1,-3.6372573
10785,0,-1.5381399
10786,1,-6.1809072
10787,0,-6.970554
10788,1,-5.9268866
10789,0,-6.970554
10790,0,-6.278735
10791,0,-6.970554
10792,1,-6.804241
10793,0,-6.970554
10794,0,-6.970554
10795,0,-6.970554
10796,0,-6.970554
10797,0,-6.970554
10798,0,-5.6618195
10799,1,-5.3566623
10800,1,-3.8404224
10801,1,-4.0841274
10802,1,-3.8806796
10803,0,-6.970554
10804,1,-6.970554
10805,1,-3.6598468
10806,0,-6.582557
10807,0,-6.970554
10808,1,-3.5779576
10809,1,-3.9894614
10810,1,-6.840049
10811,0,-6.840049
10812,1,-6.970554
10813,1,-3.6947882
10814,1,-6.970554
10815,1,-5.9059834
10816,0,-6.7054825
10817,1,-6.6800137
10818,1,-5.73654
10819,1,-6.970554
10820,1,-2.9246647
10821,0,-3.8925946
10822,0,-4.750726
10823,1,-4.750726
10824,1,-5.87218
10825,1,-4.9752364
10826,1,-5.4575186
10827,1,-5.9835906
10828,1,-6.970554
10829,1,-6.6051383
10830,1,-4.8363132
10831,0,-5.604805
10832,0,-6.970554
10833,1,-7.093296
10834,1,-5.8954535
10835,1,-3.872241
10836,1,-6.6526566
10837,1,-6.15089
10838,1,-6.970554
10839,1,-5.005481
10840,0,-3.8542569
10841,1,-3.8542569
10842,1,-4.8430524
10843,1,-4.2062664
10844,0,-5.4208403
10845,1,-2.8666961
10846,0,-6.970554
10847,1,-6.970554
10848,1,-3.1776795
10849,1,-6.584995
10850,1,-6.584995
10851,1,-5.625243
10852,1,-6.970554
10853,1,-6.970554
10854,0,-6.970554
10855,1,-6.9310718
10856,0,-6.970554
10857,0,-6.0281954
10858,1,-5.37606
10859,1,-5.277927
10860,0,-4.385535
10861,1,-5.7327943
10862,1,-1.8293009
10863,0,-6.970554
10864,0,-5.483359
10865,0,-5.7153597
10866,1,-5.7153597
10867,1,-6.970554
10868,1,-6.2178507
10869,1,-4.8280926
10870,0,-6.649272
10871,1,-6.3374577
10872,0,-6.437279
10873,1,-5.28339
10874,1,-6.3342404
10875,0,-6.3342404
10876,1,-5.784546
10877,0,-6.259507
10878,0,-5.427796
10879,0,-6.970554
10880,0,-6.970554
10881,0,-6.970554
10882,0,-6.970554
10883,0,-6.970554
10884,1,-5.404856
10885,0,-6.970554
10886,0,-6.970554
10887,1,-6.0991044
10888,1,-4.966442
10889,1,-4.8668556
10890,1,-6.3727283
10891,0,-6.970554
10892,0,-6.970554
10893,0,-6.970554
10894,1,-6.8476286
10895,1,-5.283284
10896,0,-6.970554
10897,1,-4.493788
10898,0,-5.4071846
10899,1,-4.1769524
10900,1,-4.1769524
10901,1,-5.166676
10902,0,-6.970554
10903,1,-1.775416
10904,1,-6.6604757
10905,0,-6.970554
10906,1,-6.2684216
10907,1,-6.2684216
10908,0,-6.970554
10909,1,-0.04953352
10910,0,-1.0866528
10911,0,-6.970554
10912,0,-6.970554
10913,0,-6.970554
10914,0,-6.579995
10915,0,-6.840049
10916,1,-5.3767467
10917,1,-6.970554
10918,0,-6.970554
10919,0,-6.970554
10920,1,-2.8726337
10921,1,-5.8058004
10922,0,-6.970554
10923,1,-4.940601
10924,1,-6.342736
10925,1,-6.970554
10926,0,-6.970554
10927,1,-5.2939954
10928,1,-4.3617964
10929,1,-6.970554
10930,1,-5.93147
10931,1,-4.3661566
10932,1,-5.4487925
10933,1,-5.4487925
10934,0,-6.970554
10935,1,-4.455776
10936,1,-4.2675915
10937,0,-5.0919504
10938,0,-6.970554
10939,0,-6.970554
10940,1,-5.5186124
10941,1,-5.9871683
10942,1,-6.3727283
10943,1,-6.970554
10944,1,-6.582557
10945,1,-5.879785
10946,1,-4.451742
10947,1,-5.147002
10948,1,-5.568117
10949,1,-6.3432026
10950,0,-6.970554
10951,0,-6.970554
10952,0,-6.970554
10953,0,-6.970554
10954,0,-6.970554
10955,0,-6.970554
10956,0,-6.970554
10957,1,-6.0776644
10958,1,-4.8647537
10959,1,-4.8989487
10960,0,-6.970554
10961,1,-6.970554
10962,1,-4.915358
10963,0,-5.6809583
10964,0,-5.9010644
10965,1,-6.840049
10966,1,-6.294678
10967,1,-6.884992
10968,1,-6.7169666
10969,0,-6.970554
10970,0,-6.779955
10971,1,-5.3591557
10972,1,-6.2444987
10973,0,-6.970554
10974,1,-5.151499
10975,1,-2.4376922
10976,0,-6.7054825
10977,0,-6.582557
10978,1,-6.582557
10979,0,-6.970554
10980,0,-6.970554
10981,0,-6.970554
10982,1,-6.6273923
10983,0,-6.970554
10984,1,-6.970554
10985,0,-6.970554
10986,0,-6.970554
10987,1,-2.8960512
10988,0,-5.744458
10989,1,-6.280731
10990,0,-6.7054825
10991,0,-6.970554
10992,0,-6.970554
10993,1,-4.481975
10994,1,-6.970554
10995,1,-6.970554
10996,0,-6.970554
10997,0,-6.970554
10998,1,-4.07135
10999,1,-3.4041934
11000,1,-5.1278734
11001,1,-4.563875
11002,1,-4.072243
11003,0,-4.5590725
11004,0,-5.7151375
11005,1,-5.1337037
11006,1,-5.6207047
11007,0,-3.0689428
11008,1,-6.7054825
11009,0,-6.7054825
11010,0,-6.970554
11011,1,-5.620267
11012,0,-6.970554
11013,0,-6.970554
11014,1,-4.160214
11015,1,-4.160214
11016,1,-6.488398
11017,1,-6.970554
11018,0,-4.0996966
11019,1,-6.970554
11020,0,-6.970554
11021,1,-6.970554
11022,0,-7.093296
11023,0,-6.2829175
11024,0,-3.2853465
11025,1,-3.5136595
11026,0,-6.970554
11027,1,-6.970554
11028,1,-6.970554
11029,1,-2.950207
11030,1,-4.254106
11031,0,-6.970554
11032,1,-6.970554
11033,1,-6.970554
11034,0,-6.970554
11035,0,-6.970554
11036,0,-6.970554
11037,0,-6.970554
11038,0,-4.3254085
11039,1,-4.3254085
11040,1,-5.9206767
11041,1,-4.9671183
11042,1,-6.5299144
11043,0,-6.970554
11044,1,-6.970554
11045,1,-6.970554
11046,1,-5.7122025
11047,0,-6.970554
11048,0,-5.159297
11049,1,-6.0025625
11050,0,-6.0025625
11051,1,-3.9997988
11052,0,-2.5106769
11053,0,-6.970554
11054,1,-4.9038568
11055,1,-6.482466
11056,1,-4.985429
11057,1,-6.970554
11058,1,-4.2295938
11059,0,-4.2119493
11060,0,-4.2119493
11061,0,-4.2119493
11062,0,-6.970554
11063,1,-3.5042574
11064,1,-6.3418508
11065,1,-6.3418508
11066,1,-6.779955
11067,0,-6.970554
11068,0,-6.970554
11069,0,-6.970554
11070,0,-4.3386807
11071,1,-4.4262505
11072,0,-6.970554
11073,0,-6.970554
11074,0,-6.970554
11075,0,-6.970554
11076,1,-5.882898
11077,1,-5.1709323
11078,1,-6.970554
11079,0,-6.970554
11080,0,-6.970554
11081,0,-6.970554
11082,1,-6.970554
11083,0,-6.970554
11084,0,-6.970554
11085,0,-6.970554
11086,0,-6.970554
11087,0,-6.970554
11088,0,-6.970554
11089,0,-6.970554
11090,0,-6.970554
11091,0,-6.970554
11092,0,-6.970554
11093,0,-6.970554
11094,0,-6.970554
11095,0,-6.970554
11096,1,-5.7153845
11097,1,-4.6112356
11098,1,-6.970554
11099,1,-5.139901
11100,0,-6.7054825
11101,1,-5.4075527
11102,0,-6.8476286
11103,0,-5.688174
11104,0,-5.442391
11105,1,-5.442391
11106,1,-5.9112864
11107,0,-6.970554
11108,0,-5.0435157
11109,0,-5.0435157
11110,0,-5.0435157
11111,1,-3.0998178
11112,1,-6.582557
11113,1,-6.970554
11114,0,-6.7054825
11115,0,-6.970554
11116,1,-6.0691695
11117,0,-6.970554
11118,1,-5.430952
11119,0,-5.6778355
11120,1,-5.6778355
11121,0,-5.6778355
11122,0,-6.846362
11123,1,-6.970554
11124,0,-1.7373407
11125,1,-1.7373407
11126,1,-6.970554
11127,1,-4.0366077
11128,0,-6.970554
11129,1,-6.970554
11130,0,-6.970554
11131,0,-6.3781447
11132,1,-6.331631
11133,1,-4.9671183
11134,1,-4.725371
11135,0,-6.970554
11136,1,-3.3980665
11137,1,-3.131021
11138,1,-3.131021
11139,0,-6.970554
11140,0,-6.970554
11141,0,-5.220603
11142,0,-7.0226893
11143,0,-7.0226893
11144,0,-6.970554
11145,0,-6.970554
11146,0,-6.970554
11147,0,-6.970554
11148,0,-3.4671898
11149,0,-3.4671898
11150,0,-6.970554
11151,0,-6.970554
11152,0,-6.970554
11153,1,-3.4385767
11154,0,-3.4385767
11155,1,-5.9213467
11156,1,-3.382924
11157,1,-5.8058004
11158,0,-5.8058004
11159,1,-5.9233904
11160,1,-6.5333347
11161,1,-6.970554
11162,0,-6.970554
11163,0,-6.970554
11164,1,-4.7389026
11165,1,-4.1383276
11166,0,-6.970554
11167,0,-6.970554
11168,1,-5.5075674
11169,0,-6.970554
11170,0,-6.970554
11171,0,-6.970554
11172,1,-5.4137316
11173,1,-6.3727283
11174,0,-6.970554
11175,1,-6.970554
11176,1,-6.779955
11177,0,-6.8476286
11178,0,-7.093296
11179,0,-6.970554
11180,1,-6.970554
11181,0,-6.970554
11182,1,-6.970554
11183,0,-6.584995
11184,0,-6.584995
11185,0,-6.8476286
11186,1,-2.7028708
11187,0,-6.970554
11188,0,-5.4491787
11189,1,-6.970554
11190,0,-6.92961
11191,0,-5.5787582
11192,1,-0.5232473
11193,0,-0.19048849
11194,0,-6.970554
11195,0,-6.970554
11196,0,-6.970554
11197,0,-6.970554
11198,0,-6.970554
11199,1,-1.9419423
11200,0,-5.468087
11201,1,-5.468087
11202,1,-6.970554
11203,0,-6.970554
11204,0,-6.970554
11205,1,-6.970554
11206,0,-6.970554
11207,0,-6.92961
11208,1,-5.889612
11209,0,-6.970554
11210,1,-5.4478765
11211,1,-4.8351216
11212,1,-5.327741
11213,0,-6.970554
11214,0,-4.447736
11215,1,-5.4931784
11216,1,-6.970554
11217,1,-4.588096
11218,0,-6.970554
11219,1,-4.3686438
11220,0,-6.970554
11221,1,-5.1634917
11222,0,-5.1070495
11223,0,-6.970554
11224,1,-6.2682633
11225,0,-6.970554
11226,0,-6.970554
11227,0,-6.970554
11228,1,-5.3765516
11229,0,-5.3765516
11230,1,-5.3765516
11231,0,-6.970554
11232,0,-6.970554
11233,0,-6.970554
11234,0,-6.970554
11235,0,-6.970554
11236,0,-6.970554
11237,0,-6.970554
11238,0,-6.970554
11239,0,-6.970554
11240,0,-6.970554
11241,0,-6.970554
11242,0,-6.970554
11243,0,-6.970554
11244,1,-6.13109
11245,1,-6.970554
11246,0,-6.7968593
11247,0,-6.970554
11248,0,-6.970554
11249,0,-6.970554
11250,0,-6.970554
11251,0,-6.970554
11252,0,-6.970554
11253,0,-7.192238
11254,0,-6.970554
11255,0,-6.970554
11256,0,-6.970554
11257,0,-5.9833655
11258,1,-6.970554
11259,1,-5.2677965
11260,1,-4.851252
11261,1,-6.970554
11262,1,-5.4786515
11263,0,-6.582557
11264,1,-4.5567555
11265,1,-4.733702
11266,1,-6.5333347
11267,1,-4.417214
11268,1,-5.793101
11269,0,-6.970554
11270,0,-5.121119
11271,0,-6.970554
11272,0,-6.970554
11273,0,-6.970554
11274,0,-6.970554
11275,0,-6.970554
11276,0,-6.970554
11277,0,-6.970554
11278,0,-6.970554
11279,0,-5.1159563
11280,1,-5.1159563
11281,1,-5.177973
11282,0,-2.6314073
11283,0,-2.6314073
11284,0,-2.6314073
11285,0,-6.970554
11286,0,-6.970554
11287,0,-6.970554
11288,0,-6.970554
11289,0,-6.970554
11290,0,-6.970554
11291,1,-3.1757715
11292,1,-3.1757715
11293,1,-3.1757715
11294,0,-6.970554
11295,0,-6.970554
11296,0,-6.970554
11297,1,-6.970554
11298,1,-6.3058476
11299,0,-6.970554
11300,0,-6.970554
11301,0,-6.970554
11302,0,-6.970554
11303,1,-5.1557693
11304,1,-6.711558
11305,1,-5.8391795
11306,1,-6.970554
11307,0,-6.840049
11308,0,-6.970554
11309,1,-6.970554
11310,1,-2.8481421
11311,0,-6.970554
11312,1,-5.74447
11313,0,-6.970554
11314,0,-5.8709807
11315,1,-5.6628494
11316,1,-6.970554
11317,0,-4.8345256
11318,0,-4.8345256
11319,1,-6.970554
11320,0,-4.9434514
11321,0,-4.9434514
11322,0,-3.8593361
11323,0,-3.8593361
11324,0,-6.970554
11325,0,-6.970554
11326,1,-4.36834
11327,0,-6.970554
11328,1,-5.5488896
11329,1,-5.5488896
11330,0,-6.970554
11331,0,-6.970554
11332,1,-5.7179217
11333,0,-6.970554
11334,0,-6.970554
11335,0,-5.1391144
11336,1,-5.1391144
11337,1,-5.5851774
11338,1,-6.4528027
11339,0,-4.8293157
11340,0,-4.8293157
11341,0,-4.8293157
11342,0,-3.6499696
11343,0,-3.6499696
11344,1,-6.970554
11345,0,-6.970554
11346,0,-6.970554
11347,1,-6.211537
11348,0,-6.970554
11349,1,-6.3445644
11350,0,-6.970554
11351,1,-5.398577
11352,0,-6.970554
11353,1,-5.459045
11354,0,-4.7719626
11355,1,-2.2282753
11356,1,-6.2682633
11357,0,-6.2682633
11358,0,-5.57292
11359,0,-5.7360673
11360,0,-5.7360673
11361,1,-6.711558
11362,1,-6.970554
11363,1,-6.7054825
11364,1,-6.7054825
11365,1,-4.8800325
11366,0,-4.8800325
11367,0,-5.72908
11368,0,-5.72908
11369,0,-6.970554
11370,0,-6.970554
11371,0,-6.970554
11372,0,-6.763784
11373,0,-6.763784
11374,0,-3.872241
11375,0,-3.8542569
11376,0,-3.8542569
11377,0,-3.8542569
11378,0,-6.970554
11379,0,-2.8666961
11380,0,-1.0866528
11381,0,-6.970554
11382,0,-6.970554
11383,0,-6.970554
11384,0,-6.970554
11385,0,-4.8989487
11386,1,-6.970554
11387,0,-6.840049
11388,0,-6.970554
11389,0,-6.781384
11390,0,-6.970554
11391,0,-3.4041934
11392,0,-3.4041934
11393,0,-5.2813287
11394,1,-4.3254085
11395,0,-6.970554
11396,0,-4.2119493
11397,0,-6.970554
11398,0,-4.3386807
11399,0,-6.970554
11400,0,-6.970554
11401,0,-6.970554
11402,0,-6.970554
11403,0,-3.84705
11404,0,-6.970554
11405,0,-6.970554
11406,0,-6.970554
11407,0,-2.7028708
11408,0,-6.5333347
11409,0,-5.1391144
11410,0,-6.970554
11411,0,-4.7719626
11412,0,-5.7360673
11413,0,-6.711558
11414,1,-6.779955
11415,0,-6.970554
11416,0,-6.970554
11417,0,-6.970554
11418,1,-4.6130395
11419,1,-4.188072
11420,1,-6.970554
11421,0,-6.91046
11422,0,-6.970554
11423,0,-6.970554
11424,0,-6.2923675
11425,1,-5.500509
11426,1,-5.9073253
11427,1,-5.699161
11428,1,-5.699161
11429,1,-5.0340266
11430,1,-6.970554
11431,1,-4.8533483
11432,1,-1.5108062
11433,1,-6.970554
11434,1,-1.4976562
11435,0,-7.024411
11436,0,-6.6743116
11437,0,-5.8123007
11438,1,-4.918384
11439,1,-6.3457093
11440,1,-6.970554
11441,1,-6.970554
11442,0,-5.6473007
11443,0,-5.6473007
11444,0,-6.970554
11445,1,-6.098365
11446,0,-6.970554
11447,1,1.1101451
11448,1,-6.970554
11449,0,-6.970554
11450,0,-6.945085
11451,0,-6.391501
11452,1,-4.1779532
11453,1,-3.1120243
11454,1,-4.805942
11455,0,-6.970554
11456,0,-6.970554
11457,1,-4.5280023
11458,0,-6.970554
11459,1,-6.970554
11460,0,-4.5620494
11461,0,-4.752126
11462,1,-5.757678
11463,1,-3.9787872
11464,0,-5.7241673
11465,1,-2.8863356
11466,0,-6.682909
11467,1,-4.9995203
11468,1,-4.404279
11469,0,-6.970554
11470,0,-6.970554
11471,0,-6.970554
11472,1,-2.3699076
11473,1,-1.9024112
11474,0,-6.970554
11475,0,-6.970554
11476,1,-4.3228827
11477,1,-6.970554
11478,1,-5.551191
11479,1,-4.575532
11480,0,-5.849718
11481,0,-6.970554
11482,1,-5.2997003
11483,0,-6.970554
11484,0,-6.482466
11485,1,-6.482466
11486,0,-6.970554
11487,1,-1.3478779
11488,1,-5.3526206
11489,1,-6.254166
11490,1,-6.970554
11491,1,-0.1523273
11492,1,-0.1523273
11493,1,-3.1542811
11494,1,-3.1542811
11495,0,-3.1542811
11496,1,-3.8672786
11497,0,-6.970554
11498,1,-3.1062617
11499,0,-6.970554
11500,1,-2.9467075
11501,0,-2.9467075
11502,0,-2.9467075
11503,0,-6.970554
11504,0,-6.970554
11505,1,-4.738084
11506,0,-6.970554
11507,1,-5.116832
11508,0,-6.970554
11509,1,-2.77643
11510,1,-2.324966
11511,1,-2.7654905
11512,1,-4.6233435
11513,0,-4.6233435
11514,1,-5.2053227
11515,0,-6.5587173
11516,0,-6.970554
11517,1,-5.4594154
11518,0,-6.970554
11519,1,-5.954934
11520,1,-3.8211203
11521,1,-3.6585376
11522,0,-6.925484
11523,1,-6.470202
11524,1,-4.1324806
11525,1,-4.909616
11526,1,-6.220732
11527,0,-6.220732
11528,1,-3.629087
11529,0,-6.0217366
11530,1,-0.18506467
11531,1,-4.499483
11532,1,-2.6082597
11533,0,-5.903463
11534,0,-5.891454
11535,1,-5.2835727
11536,1,2.2913797
11537,1,-6.3090987
11538,0,-6.970554
11539,1,-6.970554
11540,0,-6.970554
11541,1,-3.006927
11542,1,-6.970554
11543,0,-6.970554
11544,1,-4.5445824
11545,1,-3.4255261
11546,1,-2.6696377
11547,0,-6.970554
11548,0,-6.970554
11549,1,-4.364893
11550,0,-6.970554
11551,1,-4.698404
11552,0,-4.698404
11553,1,-3.8937998
11554,1,-6.970554
11555,1,-1.6303183
11556,1,-5.294476
11557,1,-6.970554
11558,1,-6.970554
11559,0,-6.970554
11560,1,-4.3517756
11561,1,-4.153014
11562,1,-4.153014
11563,0,-5.59519
11564,1,-1.4744582
11565,0,-1.4744582
11566,1,-2.4734988
11567,1,0.42708948
11568,1,-3.4845102
11569,0,-6.970554
11570,1,-6.970554
11571,1,-3.0622566
11572,1,-1.2945913
11573,1,-1.2945913
11574,1,-5.3385835
11575,1,-5.3385835
11576,1,-0.632905
11577,1,-5.5035715
11578,1,-1.9495811
11579,1,-6.970554
11580,1,-3.0084898
11581,1,-6.970554
11582,1,-3.7491066
11583,1,-2.7082083
11584,1,0.343704
11585,1,-5.0743804
11586,1,0.058658898
11587,1,-3.174943
11588,1,-2.5677164
11589,1,-4.549484
11590,1,-6.970554
11591,0,-6.970554
11592,1,-5.157634
11593,0,-6.8476286
11594,0,-6.970554
11595,0,-6.970554
11596,1,-4.7983866
11597,0,-4.7983866
11598,0,-6.970554
11599,1,-3.6628044
11600,1,-1.9056945
11601,1,-4.7644916
11602,1,-6.970554
11603,1,-6.970554
11604,1,-3.7528212
11605,1,-4.6294284
11606,0,-6.970554
11607,0,-6.1551104
11608,1,-6.970554
11609,1,-0.2700865
11610,1,-6.970554
11611,0,-6.970554
11612,1,-5.207649
11613,0,-3.5763488
11614,0,-6.970554
11615,1,-4.1086335
11616,1,-4.337119
11617,1,-4.5494704
11618,0,-6.9138274
11619,1,-5.1769958
11620,0,-6.970554
11621,1,-4.8423862
11622,1,-6.970554
11623,1,-5.7371397
11624,0,-5.7371397
11625,1,-6.7054825
11626,1,-6.970554
11627,1,-5.332484
11628,1,-5.332484
11629,1,-5.751309
11630,1,-6.5333347
11631,1,-2.5890055
11632,0,-2.5890055
11633,1,-6.442665
11634,1,-2.9335976
11635,1,-5.4347258
11636,1,-3.1024144
11637,0,-6.970554
11638,0,-6.970554
11639,0,-6.970554
11640,0,-6.970554
11641,1,-5.587333
11642,1,-2.797534
11643,0,-6.7054825
11644,1,-2.0954738
11645,0,-2.5020797
11646,1,-4.5737557
11647,1,-4.2256937
11648,1,-5.802783
11649,1,-5.072326
11650,1,-6.396042
11651,1,-4.7732806
11652,0,-6.970554
11653,0,-6.970554
11654,1,-2.8549652
11655,0,-2.8549652
11656,1,-5.8166485
11657,1,-6.9367414
11658,1,-4.9888415
11659,0,-6.970554
11660,0,-6.970554
11661,0,-6.970554
11662,0,-6.970554
11663,0,-6.970554
11664,0,-2.9970248
11665,1,-2.2443233
11666,0,-6.970554
11667,0,-6.970554
11668,1,-6.970554
11669,0,-6.970554
11670,0,-6.970554
11671,1,-5.387196
11672,0,-6.970554
11673,0,-6.970554
11674,1,-5.1541
11675,1,-5.0832334
11676,1,-3.7278159
11677,1,-3.4730062
11678,1,-6.531788
11679,0,-6.531788
11680,1,-0.68479633
11681,1,-3.1809125
11682,1,-4.092923
11683,0,-6.6743116
11684,0,-6.970554
11685,0,-6.970554
11686,1,-2.8884306
11687,1,-0.33168596
11688,1,-4.8282776
11689,1,-5.5018787
11690,1,-6.970554
11691,0,-6.970554
11692,1,-5.280277
11693,1,-1.9889411
11694,1,-4.1731486
11695,1,-4.1731486
11696,1,-4.070822
11697,1,-5.043409
11698,1,-6.970554
11699,1,-5.2267056
11700,0,-6.970554
11701,0,-6.970554
11702,0,-6.970554
11703,0,-6.970554
11704,0,-6.970554
11705,0,-6.970554
11706,1,-5.334191
11707,0,-6.970554
11708,1,-4.4148507
11709,0,-6.970554
11710,1,-3.436246
11711,1,-3.360858
11712,0,-6.970554
11713,0,-6.970554
11714,0,-6.970554
11715,0,-6.970554
11716,1,-6.970554
11717,0,-6.3342404
11718,1,-4.521381
11719,1,-3.3901567
11720,1,-4.9186
11721,1,-3.7942111
11722,0,-6.970554
11723,1,-2.193104
11724,0,-6.970554
11725,0,-6.970554
11726,0,-6.970554
11727,1,-5.84164
11728,0,-5.3670754
11729,1,-5.4638114
11730,1,-3.1444101
11731,0,-5.844541
11732,0,-3.8159
11733,1,-4.429831
11734,1,-4.429831
11735,1,-4.740244
11736,1,-6.970554
11737,0,-6.970554
11738,0,-6.970554
11739,0,-6.970554
11740,0,-6.970554
11741,0,-6.970554
11742,0,-6.970554
11743,1,-6.970554
11744,1,-5.3956146
11745,0,-5.3956146
11746,0,-5.3956146
11747,1,-5.3956146
11748,0,-6.970554
11749,0,-3.7515469
11750,1,-4.0727243
11751,0,-6.970554
11752,1,-5.3967204
11753,1,-1.4633273
11754,0,-6.970554
11755,1,-3.564674
11756,1,-3.2383919
11757,1,-6.970554
11758,0,-6.970554
11759,0,-7.093296
11760,1,-3.3259964
11761,1,-5.048198
11762,1,-4.2040796
11763,1,-6.7054825
11764,0,-6.35668
11765,0,-6.76225
11766,0,-1.4781799
11767,1,-1.4781799
11768,0,-5.4004674
11769,1,-4.5528693
11770,0,-6.970554
11771,0,-6.970554
11772,1,-6.6998806
11773,1,-4.635787
11774,0,-6.970554
11775,0,-6.970554
11776,1,-5.6073656
11777,1,-4.4046216
11778,0,-6.970554
11779,0,-6.4267516
11780,1,-3.8637319
11781,1,-3.3957973
11782,1,-4.4405336
11783,0,-6.970554
11784,0,-6.970554
11785,0,-6.970554
11786,0,-6.970554
11787,0,-6.970554
11788,1,-4.4308395
11789,0,-4.4308395
11790,0,-4.4308395
11791,0,-4.4308395
11792,0,-1.9424676
11793,1,-1.9424676
11794,0,-6.5836315
11795,1,-6.970554
11796,0,-6.894289
11797,1,-4.4721828
11798,0,-4.4721828
11799,0,-6.970554
11800,1,-6.970554
11801,1,-3.776413
11802,1,-1.8085814
11803,0,-1.8085814
11804,1,-4.5268707
11805,0,-6.970554
11806,0,-6.970554
11807,1,-0.7822901
11808,1,-0.91033053
11809,1,-4.042982
11810,0,-6.970554
11811,1,-0.29837108
11812,1,-0.29837108
11813,1,-6.258036
11814,0,-6.970554
11815,0,-6.232488
11816,0,-5.8738275
11817,0,-6.970554
11818,0,-6.970554
11819,1,-4.358602
11820,1,-5.290846
11821,1,-5.290846
11822,1,-6.1219177
11823,0,-6.970554
11824,0,-6.970554
11825,0,-6.970554
11826,0,-5.1428056
11827,1,-5.324096
11828,0,-6.970554
11829,1,-3.3817286
11830,1,-6.6998806
11831,1,-1.3699257
11832,1,-6.970554
11833,1,-0.6324899
11834,0,-6.970554
11835,0,-6.970554
11836,1,-3.4960737
11837,1,-6.970554
11838,1,-6.970554
11839,0,-6.970554
11840,0,-6.970554
11841,0,-6.970554
11842,0,-6.970554
11843,0,-6.970554
11844,1,-3.307432
11845,0,-6.970554
11846,0,-6.970554
11847,0,-6.970554
11848,1,-5.558575
11849,0,-5.558575
11850,1,-4.178077
11851,1,-4.6475425
11852,1,-6.970554
11853,1,-3.9391174
11854,0,-6.970554
11855,0,-3.7977412
11856,1,-3.7977412
11857,1,-6.970554
11858,0,-6.970554
11859,1,-4.93155
11860,1,-5.777932
11861,0,-4.9289885
11862,1,-4.594681
11863,1,-5.3116403
11864,1,-5.3116403
11865,0,-5.578413
11866,1,-4.9820085
11867,1,-4.67567
11868,0,-6.467713
11869,1,-5.9138584
11870,1,-2.4276476
11871,0,-6.970554
11872,1,-3.6534238
11873,0,-6.970554
11874,0,-6.970554
11875,0,-6.970554
11876,0,-6.970554
11877,0,-7.024411
11878,1,-7.024411
11879,1,-3.8334916
11880,1,-3.0294917
11881,1,-3.9766846
11882,1,-4.9278007
11883,0,-6.7054825
11884,1,-6.7054825
11885,1,-6.7054825
11886,0,-6.7054825
11887,1,-6.7054825
11888,1,-6.7054825
11889,1,-6.7054825
11890,0,-6.970554
11891,1,-6.970554
11892,0,-6.970554
11893,1,-4.8131013
11894,0,-6.970554
11895,1,-4.6368527
11896,1,-6.2411537
11897,1,-6.970554
11898,0,-6.614024
11899,0,-6.9450703
11900,1,0.2623997
11901,1,1.002969
11902,0,-7.172637
11903,0,-6.970554
11904,0,-7.093296
11905,0,-7.093296
11906,0,-6.970554
11907,0,-6.970554
11908,1,-3.8973527
11909,1,-5.508092
11910,1,-5.950238
11911,1,-2.450512
11912,1,-6.970554
11913,1,-4.046699
11914,1,-5.70901
11915,1,-6.970554
11916,1,-2.3110611
11917,1,-5.7191105
11918,1,-4.4790087
11919,0,-6.970554
11920,1,-6.970554
11921,1,-5.0396233
11922,1,-4.9632807
11923,1,-4.291376
11924,1,-4.291376
11925,1,-6.970554
11926,0,-6.970554
11927,0,-6.822328
11928,0,-6.970554
11929,1,-1.7938224
11930,1,-1.7938224
11931,1,-2.944182
11932,1,-6.970554
11933,1,-6.604027
11934,1,-6.517773
11935,1,-2.5274262
11936,1,-3.5013003
11937,1,-4.136277
11938,1,-5.829953
11939,1,-4.640777
11940,1,-6.970554
11941,0,-6.970554
11942,0,-6.176693
11943,0,-6.970554
11944,0,-6.970554
11945,1,-2.505171
11946,0,-2.505171
11947,0,-2.505171
11948,0,-2.505171
11949,1,-6.226454
11950,1,-3.0550058
11951,1,-3.6544743
11952,1,-3.6544743
11953,1,-0.95472234
11954,1,-0.47356355
11955,0,-6.970554
11956,0,-6.970554
11957,0,-6.970554
11958,0,-6.0030203
11959,0,-5.9914923
11960,1,-1.1837041
11961,0,-1.1837041
11962,0,-1.1837041
11963,0,-4.0051723
11964,0,-6.686031
11965,1,-2.9384356
11966,0,-6.970554
11967,1,-2.1529682
11968,1,-3.5867884
11969,1,-4.9712944
11970,1,-4.9712944
11971,0,-6.970554
11972,0,-6.7054825
11973,0,-6.970554
11974,1,-4.9721203
11975,0,-4.9721203
11976,1,-5.9130225
11977,0,-5.9130225
11978,1,-3.750684
11979,0,-6.970554
11980,0,-6.970554
11981,1,-4.805744
11982,0,-3.8906627
11983,1,-6.970554
11984,1,-5.9468246
11985,1,-5.1080155
11986,1,-4.9387145
11987,1,-6.970554
11988,0,-6.970554
11989,0,-6.970554
11990,0,-6.970554
11991,1,0.87338394
11992,0,-6.970554
11993,1,-3.5014172
11994,0,-6.2351537
11995,1,-6.970554
11996,0,-6.970554
11997,1,-2.9606001
11998,1,-2.9606001
11999,0,-6.970554
12000,1,-6.970554
12001,1,-6.1468587
12002,1,-4.020874
12003,1,-3.1886587
12004,0,-6.970554
12005,0,-6.970554
12006,0,-6.970554
12007,1,-5.0251884
12008,1,-6.970554
12009,1,-6.970554
12010,1,-5.381068
12011,1,-5.381068
12012,1,-6.4630175
12013,0,-6.970554
12014,0,-6.970554
12015,1,-6.970554
12016,0,-6.970554
12017,1,-5.339483
12018,1,-6.970554
12019,1,-1.8992114
12020,0,-6.3289614
12021,0,-6.970554
12022,0,-6.970554
12023,1,-4.691948
12024,1,-5.518476
12025,0,-6.970554
12026,1,-5.504438
12027,0,-6.970554
12028,0,-5.097915
12029,1,-5.5885825
12030,0,-6.970554
12031,1,-3.0246205
12032,1,-6.5951014
12033,1,-1.808236
12034,0,-6.970554
12035,1,-4.291376
12036,0,-6.970554
12037,1,-6.970554
12038,1,-4.058339
12039,1,-4.5246854
12040,1,-5.0843086
12041,0,-6.970554
12042,1,-4.493791
12043,1,-4.1702557
12044,1,-6.2861204
12045,0,-6.970554
12046,0,-6.970554
12047,1,-4.9229417
12048,1,-4.9880276
12049,1,-3.4168892
12050,0,-6.970554
12051,0,-6.970554
12052,0,-6.970554
12053,0,-6.970554
12054,0,-6.970554
12055,0,-6.970554
12056,1,-5.2132664
12057,0,-6.049467
12058,1,-4.219796
12059,0,-6.970554
12060,1,-5.7657743
12061,1,-6.970554
12062,0,-6.970554
12063,0,-6.970554
12064,0,-6.970554
12065,1,-1.6253265
12066,1,-6.970554
12067,0,-6.970554
12068,0,-6.970554
12069,0,-6.970554
12070,1,-4.3517413
12071,1,-2.1497214
12072,0,-6.970554
12073,1,-4.7937183
12074,0,-6.970554
12075,0,-6.970554
12076,0,-5.3951364
12077,1,-5.2227073
12078,0,-5.2227073
12079,0,-6.970554
12080,1,-4.739264
12081,1,2.0615678
12082,0,-6.970554
12083,0,-6.2890534
12084,0,-6.7772584
12085,1,-5.426878
12086,1,-4.8065915
12087,0,-6.8476286
12088,0,-6.707737
12089,1,-5.8663883
12090,0,-5.8663883
12091,1,-6.779955
12092,1,-6.779955
12093,1,-5.9696555
12094,1,-5.9696555
12095,0,-6.970554
12096,1,-5.9737654
12097,0,-5.0462575
12098,1,-5.9766927
12099,1,-6.970554
12100,1,-5.6898255
12101,1,-4.279857
12102,1,-4.2782545
12103,1,-1.8730776
12104,1,-3.945589
12105,1,-0.07302759
12106,1,-3.675364
12107,1,-6.970554
12108,0,-6.970554
12109,1,-6.970554
12110,0,-6.286315
12111,1,-6.779955
12112,0,-6.779955
12113,1,-6.255871
12114,0,-6.970554
12115,0,-6.970554
12116,0,-6.970554
12117,1,-4.715332
12118,1,-5.7307477
12119,1,-6.970554
12120,0,-6.7599745
12121,0,-5.500509
12122,0,-5.9073253
12123,1,-4.8088527
12124,0,-6.970554
12125,1,-5.699161
12126,1,-5.699161
12127,1,-4.980444
12128,0,-4.8533483
12129,0,-6.970554
12130,0,-6.970554
12131,0,-1.4976562
12132,1,-1.4381129
12133,0,-1.4381129
12134,1,-3.0715566
12135,0,-7.024411
12136,1,-7.024411
12137,1,-6.970554
12138,1,-5.399973
12139,0,-6.970554
12140,1,-4.492812
12141,0,-6.970554
12142,0,-6.970554
12143,0,-6.6393247
12144,1,-6.970554
12145,1,-5.7317343
12146,0,-5.3297234
12147,1,-4.578963
12148,1,-6.391501
12149,1,-4.1779532
12150,1,-5.093158
12151,1,-3.2091436
12152,1,-6.6998806
12153,1,-5.6053147
12154,1,-5.6053147
12155,1,-4.805942
12156,1,-4.683146
12157,1,-4.6966505
12158,1,-6.970554
12159,1,-6.970554
12160,0,-4.5620494
12161,1,-6.01638
12162,1,-3.9787872
12163,1,-3.9787872
12164,1,-3.2971969
12165,0,-6.970554
12166,1,-6.579995
12167,0,-6.579995
12168,1,-6.970554
12169,1,-4.06124
12170,1,-5.195683
12171,1,-0.9240416
12172,0,-4.404279
12173,0,-6.970554
12174,0,-6.970554
12175,1,-6.970554
12176,1,-4.575532
12177,1,-5.849718
12178,0,-6.970554
12179,1,-5.2997003
12180,0,-6.970554
12181,1,-6.482466
12182,1,-6.970554
12183,1,-1.8667253
12184,1,-5.4661837
12185,0,-5.4661837
12186,1,-5.3526206
12187,1,-6.254166
12188,1,-0.1523273
12189,1,-0.1523273
12190,1,-3.1542811
12191,0,-3.8672786
12192,1,-6.970554
12193,0,-6.970554
12194,0,-6.970554
12195,0,-6.970554
12196,0,-6.970554
12197,0,-7.192238
12198,0,-6.970554
12199,1,-6.0642967
12200,1,-3.976624
12201,0,-2.324966
12202,0,-4.6233435
12203,1,-5.0743575
12204,1,-6.970554
12205,1,-6.970554
12206,1,-4.8373327
12207,1,-5.954934
12208,0,-3.8211203
12209,1,-3.8211203
12210,1,-3.6585376
12211,0,-6.970554
12212,0,-6.470202
12213,1,-5.809654
12214,1,-6.342736
12215,1,-5.299836
12216,1,-6.1548963
12217,0,-6.220732
12218,1,-4.6824384
12219,0,-6.779955
12220,1,-3.629087
12221,1,-5.9616246
12222,0,-6.970554
12223,0,-4.499483
12224,0,-4.499483
12225,1,-6.970554
12226,1,-2.6082597
12227,1,-6.970554
12228,1,-4.263446
12229,0,-5.903463
12230,1,-5.903463
12231,1,-5.903463
12232,0,-5.891454
12233,1,2.2913797
12234,1,-1.8172194
12235,1,-6.970554
12236,0,-6.970554
12237,1,-5.1361003
12238,1,-6.970554
12239,0,-4.5445824
12240,1,-4.5445824
12241,1,-4.364893
12242,0,-6.970554
12243,1,-2.745821
12244,0,-3.8937998
12245,1,-6.970554
12246,0,-5.294476
12247,0,-6.970554
12248,0,-6.970554
12249,1,-6.970554
12250,1,-4.3517756
12251,0,-4.153014
12252,1,-6.324584
12253,1,0.42708948
12254,1,0.42708948
12255,1,-6.1127024
12256,1,-5.1557693
12257,1,-5.202413
12258,0,-6.970554
12259,1,-6.970554
12260,0,-5.392335
12261,1,-1.2945913
12262,1,-5.3385835
12263,1,-0.632905
12264,0,-0.632905
12265,1,-3.9135342
12266,1,-4.4658175
12267,1,-3.9933202
12268,0,-6.970554
12269,1,-6.970554
12270,1,-6.970554
12271,1,-3.2440362
12272,1,-5.4390473
12273,1,-2.2425425
12274,1,0.058658898
12275,1,-5.7804356
12276,1,-6.970554
12277,1,0.12104159
12278,1,-6.970554
12279,0,-6.970554
12280,0,-5.3780055
12281,0,-6.970554
12282,0,-6.970554
12283,1,-2.4156532
12284,1,-2.4260626
12285,1,-6.970554
12286,0,-6.970554
12287,1,-6.970554
12288,1,-0.9280489
12289,1,-0.9280489
12290,1,-5.310944
12291,1,-5.589176
12292,1,-4.101746
12293,0,-6.970554
12294,0,-6.970554
12295,0,-6.970554
12296,0,-6.970554
12297,0,-6.970554
12298,1,-6.1551104
12299,1,-0.4564164
12300,0,-6.970554
12301,0,-5.3041396
12302,1,-5.7936234
12303,1,-6.970554
12304,1,-6.970554
12305,1,-5.2905116
12306,1,-5.1439095
12307,0,-6.7054825
12308,1,-6.0063987
12309,1,-6.096336
12310,1,-4.4205065
12311,0,-4.8423862
12312,1,-3.1413674
12313,1,-4.925112
12314,1,-5.7371397
12315,0,-6.7054825
12316,1,-6.7054825
12317,1,-4.602315
12318,1,-5.332484
12319,1,-5.332484
12320,1,-5.332484
12321,1,-5.203859
12322,1,-2.5890055
12323,1,-2.5890055
12324,0,-6.970554
12325,1,-5.4347258
12326,0,-6.970554
12327,0,-6.429258
12328,1,-6.429258
12329,1,-3.1024144
12330,0,-6.970554
12331,0,-6.970554
12332,0,-6.970554
12333,0,-6.970554
12334,0,-6.970554
12335,1,-5.3304076
12336,0,-5.587333
12337,1,-6.1137934
12338,1,-3.2353122
12339,1,-2.0954738
12340,1,-4.5737557
12341,1,-6.396042
12342,1,-4.7732806
12343,0,-6.970554
12344,1,-6.328202
12345,1,-2.8549652
12346,1,-4.8822246
12347,0,-5.8166485
12348,1,-4.9888415
12349,0,-6.3691497
12350,0,-6.970554
12351,0,-6.970554
12352,0,-6.970554
12353,1,-4.970363
12354,1,-5.177703
12355,1,-2.9970248
12356,0,-6.970554
12357,1,-6.970554
12358,1,-6.970554
12359,0,-5.0847125
12360,1,-5.0847125
12361,1,-5.0847125
12362,0,-6.970554
12363,0,-6.320147
12364,0,-6.970554
12365,0,-6.970554
12366,1,-4.9222274
12367,1,-5.1541
12368,1,-5.1541
12369,1,-6.970554
12370,1,-6.01029
12371,1,-0.68479633
12372,1,-6.4417644
12373,0,-6.970554
12374,1,-6.806679
12375,1,-5.8497205
12376,1,-4.6137342
12377,0,-6.970554
12378,1,-0.33168596
12379,1,-5.812084
12380,0,-6.822328
12381,1,-4.8282776
12382,1,-5.5018787
12383,0,-5.5018787
12384,0,-5.5018787
12385,1,-5.5018787
12386,1,-6.970554
12387,0,-6.970554
12388,0,-6.970554
12389,1,-2.71601
12390,0,-1.9889411
12391,1,-4.1731486
12392,1,-5.1692796
12393,1,-5.1692796
12394,0,-6.7054825
12395,0,-6.970554
12396,1,-5.334191
12397,1,-4.4148507
12398,1,-5.694542
12399,1,-3.436246
12400,1,-6.970554
12401,1,-6.0463576
12402,0,-6.970554
12403,0,-6.970554
12404,1,-4.521381
12405,0,-6.970554
12406,0,-6.970554
12407,0,-6.970554
12408,0,-6.970554
12409,1,-2.193104
12410,0,-6.970554
12411,1,-6.6743116
12412,0,-6.970554
12413,0,-6.970554
12414,1,-4.805443
12415,1,-5.3670754
12416,1,-5.882199
12417,0,-6.970554
12418,0,-4.740244
12419,1,-6.970554
12420,0,-6.970554
12421,0,-6.970554
12422,0,-6.970554
12423,0,-5.3956146
12424,1,-5.3956146
12425,1,-3.7515469
12426,1,-2.2122154
12427,0,-4.0727243
12428,0,-4.0727243
12429,0,-6.970554
12430,1,-4.5726852
12431,0,-6.970554
12432,0,-6.970554
12433,1,-3.564674
12434,1,-3.2383919
12435,0,-6.970554
12436,1,-6.4798317
12437,0,-4.5269504
12438,0,-6.970554
12439,1,-1.4781799
12440,1,-5.4004674
12441,0,-6.970554
12442,0,-6.7054825
12443,1,-3.6063485
12444,1,-6.6998806
12445,1,-4.635787
12446,1,-5.768683
12447,1,-6.970554
12448,1,-5.6073656
12449,1,-5.920232
12450,1,-4.987981
12451,1,-6.3273277
12452,1,-6.10458
12453,0,-6.970554
12454,0,-5.9549384
12455,0,-6.4267516
12456,1,-3.8637319
12457,0,-6.970554
12458,1,-0.062155724
12459,0,-6.970554
12460,0,-6.970554
12461,1,-4.4660068
12462,1,-1.9424676
12463,0,-7.035683
12464,1,-6.970554
12465,1,-6.970554
12466,0,-6.894289
12467,0,-6.970554
12468,0,-6.970554
12469,1,-6.970554
12470,0,-6.970554
12471,0,-4.575863
12472,1,-4.575863
12473,0,-6.970554
12474,1,-5.7452183
12475,1,-6.970554
12476,0,-6.970554
12477,1,-0.91033053
12478,0,-6.970554
12479,0,-6.7054825
12480,1,-5.3623405
12481,0,-6.7054825
12482,1,-0.29837108
12483,1,-5.620861
12484,0,-6.970554
12485,0,-5.9213467
12486,1,-6.1692886
12487,0,-4.358602
12488,1,-4.3945165
12489,1,-6.970554
12490,1,-4.6263957
12491,1,-5.290846
12492,0,-6.970554
12493,0,-6.970554
12494,0,-6.5333347
12495,0,-6.970554
12496,0,-6.970554
12497,0,-6.6743116
12498,1,-2.8006573
12499,0,-5.324096
12500,0,-4.0421557
12501,1,-5.2736397
12502,1,-6.6998806
12503,1,-1.3699257
12504,0,-6.970554
12505,0,-6.970554
12506,1,-2.8156393
12507,1,-6.970554
12508,1,-5.2302413
12509,0,-6.970554
12510,0,-6.970554
12511,1,-3.5386953
12512,0,-3.4960737
12513,1,-3.5734768
12514,1,-5.772639
12515,0,-6.970554
12516,1,-6.970554
12517,0,-6.970554
12518,1,-6.970554
12519,0,-6.970554
12520,0,-6.970554
12521,1,-4.683364
12522,1,-6.970554
12523,1,-5.1976604
12524,0,-6.970554
12525,1,-5.0502353
12526,1,-3.307432
12527,1,-6.970554
12528,0,-6.970554
12529,0,-6.970554
12530,1,-5.601081
12531,0,-4.6475425
12532,1,-6.970554
12533,1,-3.7977412
12534,1,-6.970554
12535,1,-5.777932
12536,1,-5.3116403
12537,0,-6.970554
12538,0,-6.467713
12539,0,-5.9138584
12540,0,-5.9138584
12541,1,-4.4677706
12542,1,-3.8012934
12543,1,-3.620117
12544,0,-3.6534238
12545,0,-6.970554
12546,0,-6.970554
12547,1,-6.582557
12548,1,-4.6495695
12549,0,-4.6495695
12550,1,-6.970554
12551,1,-6.383716
12552,0,-6.970554
12553,0,-7.024411
12554,1,-7.024411
12555,1,-3.9766846
12556,0,-3.9766846
12557,1,-3.9766846
12558,1,-3.3334773
12559,1,-5.984731
12560,1,-6.970554
12561,1,-6.7054825
12562,1,-6.7054825
12563,0,-6.7054825
12564,0,-6.970554
12565,1,-4.640377
12566,1,-6.970554
12567,0,-6.970554
12568,1,-4.7862353
12569,0,-6.970554
12570,0,-6.970554
12571,0,-6.970554
12572,0,-6.6654863
12573,1,-5.7457066
12574,0,-6.970554
12575,0,-6.970554
12576,1,-6.970554
12577,0,-6.970554
12578,0,-6.970554
12579,0,-6.970554
12580,1,-6.970554
12581,1,-5.950238
12582,1,-2.450512
12583,0,-6.970554
12584,1,-6.970554
12585,1,-5.70901
12586,1,-2.3110611
12587,0,-6.840049
12588,1,-5.5009146
12589,0,-6.970554
12590,0,-6.970554
12591,1,-6.970554
12592,0,-6.840049
12593,0,-5.0396233
12594,1,-5.0396233
12595,0,-6.970554
12596,1,-5.986094
12597,0,-6.970554
12598,1,-5.016377
12599,1,-4.291376
12600,0,-6.970554
12601,0,-6.970554
12602,1,-6.970554
12603,0,-5.99526
12604,1,-1.7938224
12605,1,-6.970554
12606,0,-6.517773
12607,1,-4.3673983
12608,1,-2.5274262
12609,1,-3.65991
12610,1,-1.8913993
12611,0,-6.970554
12612,1,-2.0342727
12613,0,-6.970554
12614,1,-5.9552054
12615,0,-6.970554
12616,1,-5.1963325
12617,0,-6.970554
12618,1,-3.048162
12619,1,-5.991027
12620,1,-3.6544743
12621,1,-0.47356355
12622,1,-4.1838593
12623,1,-1.1837041
12624,0,-6.970554
12625,0,-6.970554
12626,0,-2.9384356
12627,0,-2.9384356
12628,1,-5.8728447
12629,0,-5.8728447
12630,1,-2.1529682
12631,1,-3.5867884
12632,1,-4.6367426
12633,0,-6.970554
12634,0,-6.2073855
12635,0,-6.970554
12636,0,-6.970554
12637,0,-6.970554
12638,1,-4.9712944
12639,1,-4.9721203
12640,0,-6.970554
12641,0,-6.970554
12642,1,-5.9130225
12643,0,-6.840049
12644,0,-6.840049
12645,0,-6.970554
12646,1,-5.232527
12647,0,-6.970554
12648,1,-3.8906627
12649,1,-6.970554
12650,0,-6.970554
12651,0,-6.970554
12652,0,-6.970554
12653,0,-6.970554
12654,0,-6.970554
12655,0,-6.970554
12656,0,-6.970554
12657,1,-4.061586
12658,1,-3.5014172
12659,1,-2.9606001
12660,1,-6.970554
12661,1,-6.1468587
12662,0,-6.970554
12663,0,-6.970554
12664,0,-6.970554
12665,0,-6.970554
12666,0,-6.0976415
12667,0,-6.0976415
12668,1,-5.512861
12669,1,-6.970554
12670,1,-6.970554
12671,1,-5.381068
12672,0,-6.970554
12673,0,-6.970554
12674,0,-6.970554
12675,1,-6.970554
12676,1,-5.339483
12677,0,-5.339483
12678,1,-5.339483
12679,0,-6.970554
12680,0,-6.970554
12681,0,-6.970554
12682,1,-5.6973825
12683,0,-6.970554
12684,1,-6.1821294
12685,1,-5.398577
12686,1,-6.2678576
12687,0,-6.970554
12688,1,-5.2991495
12689,0,-6.970554
12690,1,-5.097915
12691,0,-6.970554
12692,0,-6.970554
12693,0,-6.970554
12694,0,-6.970554
12695,0,-5.087392
12696,0,-6.970554
12697,0,-6.970554
12698,0,-6.970554
12699,1,-4.291376
12700,0,-6.970554
12701,1,-6.970554
12702,0,-6.970554
12703,0,-4.1702557
12704,1,-6.970554
12705,0,-6.970554
12706,0,-6.970554
12707,0,-6.970554
12708,0,-6.970554
12709,1,-4.9880276
12710,0,-6.840049
12711,0,-6.970554
12712,1,-3.3196847
12713,0,-4.219796
12714,1,-4.219796
12715,0,-5.7657743
12716,1,-4.7765193
12717,0,-6.970554
12718,1,-5.1392794
12719,0,-6.970554
12720,0,-6.970554
12721,0,-6.970554
12722,0,-6.970554
12723,0,-6.970554
12724,1,-5.3951364
12725,1,-5.0520334
12726,0,-6.970554
12727,1,-5.4663563
12728,1,-6.840049
12729,1,-6.707737
12730,0,-6.707737
12731,0,-2.9530416
12732,0,-2.9530416
12733,1,-2.9530416
12734,0,-6.970554
12735,0,-6.970554
12736,0,-6.970554
12737,1,-6.5769553
12738,0,-6.970554
12739,0,-5.8663883
12740,1,-6.779955
12741,1,-5.9696555
12742,1,-5.9696555
12743,0,-5.9696555
12744,0,-6.970554
12745,0,-6.970554
12746,1,-6.970554
12747,1,-6.970554
12748,1,-5.0462575
12749,1,-5.9766927
12750,1,-5.6898255
12751,1,-6.970554
12752,0,-4.2782545
12753,1,-1.8730776
12754,1,-1.8730776
12755,1,-3.945589
12756,0,-6.970554
12757,0,-6.970554
12758,0,-6.2923675
12759,0,-5.500509
12760,0,-4.8088527
12761,0,-6.6998806
12762,0,-5.6053147
12763,0,-6.970554
12764,0,-2.568431
12765,0,-2.568431
12766,0,-3.1542811
12767,0,-3.1542811
12768,0,-3.1542811
12769,0,-3.1542811
12770,0,-3.1542811
12771,0,-6.0642967
12772,1,-6.0642967
12773,1,-3.629087
12774,1,-3.629087
12775,0,-3.629087
12776,0,-6.970554
12777,0,-6.970554
12778,0,-5.903463
12779,0,-6.970554
12780,1,-5.294476
12781,0,-4.153014
12782,0,-4.153014
12783,0,-6.970554
12784,0,-6.970554
12785,0,-5.1439095
12786,0,-5.4347258
12787,0,-5.4347258
12788,0,-0.68479633
12789,0,-4.708606
12790,0,-6.970554
12791,0,-6.76225
12792,0,-6.76225
12793,0,-5.768683
12794,0,-6.10458
12795,0,-4.4308395
12796,0,-4.4308395
12797,0,-4.4308395
12798,0,-4.575863
12799,0,-0.91033053
12800,0,-0.91033053
12801,0,-0.91033053
12802,0,-0.91033053
12803,0,-6.5333347
12804,0,-6.5333347
12805,0,-5.1428056
12806,0,-5.7843966
12807,0,-6.970554
12808,0,-4.67567
12809,0,-4.67567
12810,0,-4.67567
12811,0,-7.024411
12812,0,-3.9766846
12813,0,-6.970554
12814,0,-6.970554
12815,0,-4.6368527
12816,0,-4.6368527
12817,0,-4.6368527
12818,0,-5.7457066
12819,0,-4.046699
12820,0,-4.9747324
12821,0,-6.970554
12822,0,-2.8736997
12823,0,-2.8736997
12824,0,-4.9387145
12825,0,-4.9387145
12826,0,-6.970554
12827,0,-6.970554
12828,0,-6.970554
12829,0,-6.970554
12830,0,-6.970554
12831,0,-4.058339
12832,0,-6.970554
12833,0,-2.9530416
12834,0,-6.779955
12835,0,-5.9696555
12836,0,-6.970554
12837,0,-6.970554
12838,0,-6.970554
12839,0,-6.970554
12840,0,-6.970554
12841,0,-6.970554
12842,1,-5.433766
12843,1,-3.0189526
12844,1,-3.0189526
12845,1,-4.8030195
12846,1,-5.8233857
12847,1,-6.970554
12848,0,-6.970554
12849,0,-6.5770397
12850,0,-6.5770397
12851,1,-4.4623027
12852,1,-5.458917
12853,0,-6.970554
12854,0,-6.970554
12855,0,-6.970554
12856,1,-3.198633
12857,0,-3.198633
12858,0,-3.198633
12859,0,-3.198633
12860,0,-3.198633
12861,0,-6.165158
12862,0,-6.970554
12863,0,-6.970554
12864,1,-4.7904625
12865,0,-6.970554
12866,1,-4.36093
12867,1,-3.7563438
12868,1,-6.970554
12869,1,-6.8904796
12870,1,-3.063451
12871,1,-4.136348
12872,1,-4.19904
12873,0,-4.19904
12874,1,-6.970554
12875,1,-5.5787582
12876,0,-6.970554
12877,1,-5.079831
12878,1,-5.079831
12879,1,-4.17879
12880,0,-6.970554
12881,1,-3.4538162
12882,1,-1.6437844
12883,0,-6.970554
12884,1,-1.7161545
12885,0,-6.970554
12886,0,-6.970554
12887,1,-6.970554
12888,0,-6.970554
12889,0,-6.970554
12890,1,-3.1938202
12891,1,-5.9157867
12892,1,-3.603446
12893,1,-6.5747943
12894,1,-3.5720088
12895,0,-5.9771514
12896,1,-4.3581343
12897,0,-6.970554
12898,0,-6.970554
12899,1,-5.1474805
12900,0,-6.970554
12901,1,-4.587638
12902,0,-6.970554
12903,1,-3.8429947
12904,1,-1.4865787
12905,1,-4.4873796
12906,0,-4.4873796
12907,1,-3.646814
12908,1,-5.446172
12909,0,-6.970554
12910,0,-6.970554
12911,1,-6.970554
12912,1,-5.829953
12913,0,-5.829953
12914,0,-6.970554
12915,1,-4.877195
12916,0,-6.970554
12917,0,-6.970554
12918,0,-6.970554
12919,1,-6.970554
12920,1,-2.4122858
12921,0,-6.970554
12922,0,-6.970554
12923,1,-6.970554
12924,0,-6.970554
12925,0,-6.970554
12926,1,-4.510256
12927,1,-4.742715
12928,1,-2.5086873
12929,1,-2.7331495
12930,0,-2.7331495
12931,1,-4.410197
12932,0,-6.970554
12933,0,-6.970554
12934,0,-6.970554
12935,0,-6.970554
12936,1,-4.478472
12937,1,-4.478472
12938,1,-4.478472
12939,1,0.473587
12940,0,-6.970554
12941,1,-6.3393154
12942,1,-2.9094167
12943,0,-6.970554
12944,0,-6.970554
12945,0,-6.970554
12946,0,-6.970554
12947,0,-6.970554
12948,1,-3.8727658
12949,1,-3.4914308
12950,1,-5.781885
12951,1,-5.045662
12952,0,-6.6232677
12953,0,-6.970554
12954,1,-3.2939463
12955,1,-3.907273
12956,1,-2.3493469
12957,0,-6.970554
12958,0,-6.970554
12959,0,-6.970554
12960,0,-6.970554
12961,0,-6.970554
12962,0,-6.970554
12963,0,-6.970554
12964,1,-3.5953403
12965,0,-3.5953403
12966,0,-3.5953403
12967,0,-5.9340215
12968,1,-3.2846045
12969,1,-3.6893663
12970,0,-6.970554
12971,1,-3.263293
12972,0,-3.263293
12973,0,-6.970554
12974,1,-5.7667
12975,1,-5.138424
12976,0,-6.970554
12977,0,-6.970554
12978,0,-6.970554
12979,1,-2.7428563
12980,1,-5.8985505
12981,1,-3.3760707
12982,1,-6.970554
12983,1,-6.83829
12984,0,-6.970554
12985,1,-6.92961
12986,1,-2.8376784
12987,1,-6.970554
12988,1,-6.970554
12989,1,-2.1827128
12990,1,-6.314354
12991,1,-5.0157228
12992,1,-2.6958954
12993,1,-4.0534945
12994,0,-3.7383728
12995,0,-3.7383728
12996,1,-3.7383728
12997,1,-4.5223866
12998,0,-7.093296
12999,1,-0.390964
13000,0,-6.970554
13001,0,-6.970554
13002,0,-6.970554
13003,1,-5.305304
13004,0,-6.970554
13005,0,-6.970554
13006,0,-6.970554
13007,1,-5.70797
13008,0,-6.970554
13009,1,-3.8179836
13010,1,-5.2310057
13011,1,-0.47403947
13012,1,-3.9673042
13013,1,-5.6126323
13014,1,-0.44593024
13015,1,-6.049467
13016,1,-4.4277496
13017,1,-5.5241456
13018,1,-6.225483
13019,0,-6.970554
13020,0,-6.970554
13021,0,-6.970554
13022,1,-4.029207
13023,0,-4.029207
13024,1,-4.648065
13025,1,-4.1220818
13026,0,-6.970554
13027,0,-6.970554
13028,1,0.6925452
13029,1,-4.844973
13030,1,-3.9092326
13031,0,-6.970554
13032,0,-6.970554
13033,0,-6.970554
13034,0,-6.970554
13035,1,-5.6473007
13036,1,-6.707737
13037,0,-6.970554
13038,0,-6.970554
13039,0,-6.970554
13040,0,-6.970554
13041,1,-4.149963
13042,1,-2.9341364
13043,1,-3.4689956
13044,1,-6.0119495
13045,1,-6.0119495
13046,1,-3.2403789
13047,0,-6.970554
13048,1,-4.5672207
13049,1,-6.1470523
13050,1,-4.9022985
13051,0,-6.970554
13052,0,-6.970554
13053,0,-3.653246
13054,1,-1.8137686
13055,1,-1.6914295
13056,1,-0.72449654
13057,1,-1.1573298
13058,1,-1.2591612
13059,0,-1.2591612
13060,0,-1.2591612
13061,1,-4.947782
13062,1,-1.8434259
13063,1,-5.9766994
13064,1,-3.0732536
13065,1,-3.2160096
13066,0,-6.970554
13067,1,-3.0380561
13068,1,-5.513434
13069,0,-6.2682633
13070,1,-2.6456544
13071,0,-6.970554
13072,1,-3.5221798
13073,0,-6.970554
13074,0,-6.970554
13075,1,-4.412459
13076,1,-2.1278768
13077,0,-6.4489923
13078,1,-5.812573
13079,0,-5.812573
13080,0,-6.970554
13081,0,-6.970554
13082,0,-6.970554
13083,1,-4.202204
13084,1,-4.833563
13085,1,-6.970554
13086,0,-6.970554
13087,0,-6.970554
13088,1,-3.2254775
13089,1,-4.653221
13090,0,-6.970554
13091,0,-6.970554
13092,1,-1.8501834
13093,1,-1.262381
13094,1,-6.970554
13095,1,-5.0647607
13096,1,-5.0647607
13097,0,-6.970554
13098,0,-6.970554
13099,0,-6.970554
13100,1,-7.172637
13101,0,-6.970554
13102,0,-6.970554
13103,0,-6.970554
13104,1,-1.5206025
13105,1,-4.0616875
13106,1,-5.4106116
13107,1,-6.1212564
13108,1,-2.264919
13109,0,-6.970554
13110,0,-6.970554
13111,0,-4.336265
13112,1,-4.336265
13113,0,-4.3594837
13114,0,-6.970554
13115,1,-6.1436415
13116,1,-6.1436415
13117,1,-5.884743
13118,1,-5.884743
13119,1,1.002136
13120,1,-3.7152252
13121,0,-6.970554
13122,0,-6.970554
13123,0,-2.0863554
13124,1,-2.0863554
13125,0,-2.0863554
13126,0,-6.970554
13127,1,-4.200616
13128,0,-5.882312
13129,0,-5.366963
13130,1,-1.3966824
13131,1,-4.513904
13132,1,-4.513904
13133,1,-6.970554
13134,1,-3.178854
13135,1,-4.725532
13136,0,-4.725532
13137,0,-4.725532
13138,0,-4.725532
13139,0,-1.9878373
13140,0,-1.9878373
13141,0,-6.92961
13142,1,-6.92961
13143,1,-6.1581182
13144,0,-4.59508
13145,0,-6.970554
13146,0,-6.970554
13147,1,-5.111858
13148,1,-5.111858
13149,0,-6.970554
13150,1,-4.5136356
13151,1,-3.0189526
13152,1,-4.8816223
13153,1,-3.5443032
13154,0,-6.970554
13155,1,-4.479877
13156,0,-6.970554
13157,0,-6.970554
13158,0,-6.970554
13159,0,-6.970554
13160,1,-6.970554
13161,1,-6.711558
13162,1,-6.970554
13163,0,-6.970554
13164,0,-6.970554
13165,0,-6.970554
13166,0,-6.970554
13167,0,-6.970554
13168,1,-3.6507928
13169,0,-3.6507928
13170,1,-4.043125
13171,1,-3.198633
13172,0,-6.970554
13173,1,-4.7904625
13174,0,-6.970554
13175,1,-5.7212057
13176,1,-2.7823737
13177,1,-4.5528693
13178,1,-5.697222
13179,1,-1.8553236
13180,0,-6.970554
13181,0,-6.970554
13182,0,-6.970554
13183,1,-6.19451
13184,0,-6.970554
13185,1,-5.184108
13186,0,-4.19904
13187,1,-4.19904
13188,0,-6.813903
13189,0,-6.970554
13190,0,-6.970554
13191,1,-6.0723863
13192,1,-5.622184
13193,1,-5.079831
13194,0,-6.970554
13195,1,-3.9327004
13196,1,-3.8293295
13197,0,-1.6437844
13198,1,-3.9612706
13199,0,-6.970554
13200,1,-5.1557693
13201,0,-6.970554
13202,0,-6.970554
13203,0,-6.970554
13204,1,-6.970554
13205,1,-3.3091238
13206,1,-2.9703715
13207,1,-6.3097396
13208,1,-3.5720088
13209,0,-5.9771514
13210,0,-5.9771514
13211,0,-5.9771514
13212,1,-4.75259
13213,0,-5.1474805
13214,0,-5.1474805
13215,0,-5.1474805
13216,1,-6.6536584
13217,1,-4.587638
13218,1,-4.587638
13219,0,-6.970554
13220,0,-4.4873796
13221,1,-5.6692505
13222,0,-6.970554
13223,1,-5.829953
13224,1,-4.693596
13225,0,-6.970554
13226,0,-6.970554
13227,1,-5.1033964
13228,0,-6.970554
13229,0,-6.970554
13230,1,-2.4122858
13231,0,-6.970554
13232,0,-6.970554
13233,0,-6.970554
13234,1,-6.779955
13235,0,-6.970554
13236,0,-6.970554
13237,0,-6.970554
13238,0,-6.970554
13239,0,-6.970554
13240,1,-6.970554
13241,1,-6.8414235
13242,0,-6.970554
13243,1,-4.510256
13244,0,-4.510256
13245,1,-4.742715
13246,1,-2.5086873
13247,1,-2.7331495
13248,0,-6.970554
13249,0,-6.970554
13250,1,-4.410197
13251,0,-6.970554
13252,0,-6.970554
13253,0,-6.970554
13254,0,-6.970554
13255,0,-4.478472
13256,1,-6.3393154
13257,0,-6.970554
13258,0,-6.970554
13259,1,-6.970554
13260,1,-3.4914308
13261,1,-6.6232677
13262,1,-4.3661566
13263,0,-6.970554
13264,1,-6.059512
13265,1,-6.3190966
13266,1,-3.5953403
13267,0,-6.970554
13268,0,-5.9340215
13269,1,-3.6893663
13270,1,-5.6447043
13271,1,-5.8520274
13272,1,-5.7667
13273,1,-6.2924476
13274,1,-5.138424
13275,1,-6.970554
13276,1,-6.970554
13277,1,-6.970554
13278,0,-6.970554
13279,1,-4.8986044
13280,0,-6.91046
13281,0,-6.970554
13282,1,-4.849385
13283,1,-6.970554
13284,1,-0.8497075
13285,1,-6.970554
13286,0,-6.970554
13287,0,-6.970554
13288,1,-2.1827128
13289,1,-4.735858
13290,1,-4.705409
13291,1,-5.674431
13292,1,-6.314354
13293,1,-4.1874843
13294,0,-5.0157228
13295,0,-6.970554
13296,1,-3.7383728
13297,1,-0.390964
13298,1,-6.970554
13299,0,-6.970554
13300,0,-6.169741
13301,1,-3.9673042
13302,0,-5.6126323
13303,1,-5.0711913
13304,0,-6.970554
13305,0,-6.970554
13306,0,-6.970554
13307,1,-2.0172026
13308,1,-5.7452183
13309,1,-4.029207
13310,1,-4.648065
13311,1,-4.1220818
13312,0,-6.970554
13313,0,-6.970554
13314,1,-4.844973
13315,0,-6.970554
13316,0,-6.970554
13317,0,-6.970554
13318,0,-6.970554
13319,0,-6.970554
13320,1,-5.9059834
13321,0,-5.6473007
13322,0,-6.970554
13323,0,-6.970554
13324,0,-6.970554
13325,0,-6.970554
13326,0,-6.970554
13327,0,-6.970554
13328,0,-4.149963
13329,1,-2.9341364
13330,1,-2.9341364
13331,1,-6.0119495
13332,1,-6.0119495
13333,1,-4.378196
13334,0,-4.5672207
13335,1,-5.507259
13336,0,-6.7054825
13337,1,-6.6495924
13338,1,-6.970554
13339,1,-6.2682633
13340,0,-6.970554
13341,1,-6.970554
13342,1,-3.653246
13343,1,-1.8137686
13344,0,-7.172637
13345,1,-6.779955
13346,1,-1.2591612
13347,0,-6.970554
13348,0,-6.970554
13349,1,-5.5257134
13350,1,-4.2231984
13351,1,-6.7054825
13352,0,-6.970554
13353,1,-6.2682633
13354,1,-6.2682633
13355,0,-6.970554
13356,1,-6.7054825
13357,0,-6.7054825
13358,1,-5.1033964
13359,0,-6.779955
13360,1,-6.970554
13361,1,-6.970554
13362,0,-6.970554
13363,1,-4.326022
13364,0,-6.970554
13365,1,-2.1278768
13366,0,-5.812573
13367,0,-6.970554
13368,0,-4.202204
13369,1,-4.202204
13370,0,-4.202204
13371,0,-6.970554
13372,0,-6.970554
13373,0,-6.970554
13374,0,-5.0843086
13375,0,-6.970554
13376,0,-6.970554
13377,0,-5.0647607
13378,1,-5.0647607
13379,1,-5.184108
13380,0,-7.172637
13381,1,-7.172637
13382,0,-6.970554
13383,0,-5.3642187
13384,1,-5.3642187
13385,1,-2.91422
13386,0,-6.970554
13387,1,-6.1212564
13388,1,-2.264919
13389,0,-6.970554
13390,0,-6.970554
13391,0,-6.970554
13392,0,-4.336265
13393,0,-4.3594837
13394,0,-4.3594837
13395,1,-6.1436415
13396,1,-5.884743
13397,1,1.002136
13398,0,-6.970554
13399,1,-4.9549446
13400,0,-2.0863554
13401,0,-6.970554
13402,0,-6.970554
13403,0,-6.970554
13404,0,-4.200616
13405,0,-5.882312
13406,1,-4.3248253
13407,1,-1.3966824
13408,1,-4.8647323
13409,1,-4.513904
13410,1,-4.513904
13411,1,-1.9878373
13412,1,-1.9878373
13413,1,-6.92961
13414,1,-6.92961
13415,1,-5.5422273
13416,0,-4.59508
13417,0,-6.970554
13418,0,-5.8233857
13419,0,-6.970554
13420,0,-4.043125
13421,0,-2.7823737
13422,0,-6.8904796
13423,0,-6.970554
13424,0,-6.970554
13425,0,-6.970554
13426,0,-3.3091238
13427,0,-6.3097396
13428,0,-6.970554
13429,0,-6.970554
13430,0,-2.2831657
13431,0,-6.970554
13432,0,-6.970554
13433,0,-6.970554
13434,0,-2.7331495
13435,0,-6.970554
13436,0,-6.970554
13437,0,-6.970554
13438,0,-6.970554
13439,0,-6.970554
13440,0,-6.970554
13441,0,-6.970554
13442,0,-6.970554
13443,0,-1.262381
13444,0,-5.3642187
13445,0,-4.3594837
13446,0,-6.1581182
13447,0,-6.970554
13448,0,-6.970554
13449,0,-6.970554
13450,0,-6.970554
13451,0,-7.192238
13452,1,-4.923868
13453,0,-6.970554
13454,1,-5.219071
13455,0,-6.970554
13456,0,-6.822328
13457,0,-5.8472924
13458,1,-3.8545797
13459,1,-1.0004941
13460,0,-6.970554
13461,0,-6.970554
13462,1,-6.970554
13463,0,-6.970554
13464,0,-6.970554
13465,0,-6.970554
13466,0,-6.970554
13467,0,-6.970554
13468,0,-6.970554
13469,0,-6.970554
13470,0,-6.970554
13471,0,-6.970554
13472,0,-6.970554
13473,0,-6.970554
13474,0,-6.970554
13475,1,-5.0092325
13476,1,-5.5231786
13477,0,-6.970554
13478,1,-4.775248
13479,0,-7.192238
13480,0,-4.382243
13481,1,-5.624466
13482,0,-4.0896363
13483,0,-6.970554
13484,0,-6.970554
13485,1,-4.889532
13486,1,-4.889532
13487,1,-5.4555106
13488,1,-5.1628094
13489,1,-5.415711
13490,1,-6.970554
13491,1,-6.92961
13492,0,-6.970554
13493,1,-4.476619
13494,0,-6.970554
13495,0,-6.970554
13496,0,-6.970554
13497,1,-6.3457093
13498,0,-5.5477476
13499,1,-5.770716
13500,1,-3.00894
13501,1,-3.00894
13502,0,-6.970554
13503,0,-5.733084
13504,0,-5.717225
13505,1,-3.720552
13506,0,-6.902697
13507,0,-6.902697
13508,1,-6.4127035
13509,0,-6.970554
13510,0,-6.970554
13511,0,-6.970554
13512,1,-6.175632
13513,0,-6.584995
13514,1,-5.2194266
13515,1,-4.9109936
13516,0,-4.9109936
13517,0,-4.9007425
13518,0,-6.970554
13519,0,-6.970554
13520,0,-6.970554
13521,0,-6.970554
13522,1,-6.970554
13523,1,-6.970554
13524,1,-5.1317887
13525,0,-5.64491
13526,0,-6.970554
13527,0,-6.970554
13528,0,-6.970554
13529,0,-6.4325686
13530,1,-5.984707
13531,1,-2.740648
13532,1,-2.0482864
13533,1,-5.9685235
13534,1,-6.5203223
13535,1,-5.609425
13536,1,-5.353098
13537,1,-4.807602
13538,1,-5.0715156
13539,1,0.21796533
13540,1,-5.1686754
13541,0,-6.970554
13542,0,-6.970554
13543,1,-3.1401339
13544,0,-6.970554
13545,1,-4.6784096
13546,1,-6.970554
13547,0,-6.970554
13548,0,-6.970554
13549,0,-6.970554
13550,0,-6.970554
13551,0,-6.970554
13552,0,-6.970554
13553,0,-6.970554
13554,0,-6.970554
13555,0,-2.9239728
13556,0,-2.9239728
13557,0,-5.3081627
13558,1,-5.3081627
13559,1,-6.5668774
13560,1,-5.3467774
13561,0,-6.970554
13562,1,-5.75911
13563,0,-6.970554
13564,0,-4.4615355
13565,1,-4.4615355
13566,1,-4.4615355
13567,1,-4.253536
13568,1,-1.176161
13569,1,-4.9661927
13570,0,-6.970554
13571,0,-6.970554
13572,0,-6.970554
13573,0,-6.970554
13574,1,-4.7484055
13575,0,-6.970554
13576,1,-4.0624766
13577,1,-5.219071
13578,1,-5.219071
13579,1,-5.280813
13580,0,-6.970554
13581,1,-4.9806995
13582,1,-3.8545797
13583,1,-6.6998806
13584,0,-6.970554
13585,0,-6.970554
13586,0,-6.970554
13587,1,-5.7053175
13588,1,-5.694634
13589,1,-3.3482206
13590,1,-3.6931875
13591,0,-6.970554
13592,0,-6.970554
13593,0,-6.970554
13594,0,-6.970554
13595,0,-6.970554
13596,0,-6.970554
13597,0,-6.970554
13598,0,-6.970554
13599,0,-6.970554
13600,0,-6.970554
13601,0,-6.970554
13602,0,-6.970554
13603,0,-6.970554
13604,0,-6.970554
13605,0,-6.970554
13606,0,-6.970554
13607,0,-6.970554
13608,0,-6.970554
13609,0,-6.970554
13610,0,-6.970554
13611,0,-6.970554
13612,0,-6.970554
13613,0,-6.970554
13614,0,-6.970554
13615,0,-6.970554
13616,0,-6.970554
13617,0,-6.970554
13618,1,-5.0092325
13619,1,-3.3987803
13620,1,-6.970554
13621,0,-6.970554
13622,0,-6.970554
13623,1,-3.3307679
13624,1,-4.382243
13625,1,-5.624466
13626,0,-4.0896363
13627,0,-6.970554
13628,0,-4.889532
13629,1,-5.1628094
13630,1,-6.7054825
13631,1,-5.415711
13632,1,-5.415711
13633,1,-6.970554
13634,0,-4.476619
13635,0,-4.476619
13636,0,-6.970554
13637,1,-7.042132
13638,1,-6.970554
13639,0,-6.970554
13640,0,-6.970554
13641,1,-6.970554
13642,0,-5.5477476
13643,0,-6.970554
13644,1,-5.733084
13645,1,-3.720552
13646,1,-6.902697
13647,0,-6.970554
13648,0,-6.970554
13649,0,-6.970554
13650,1,-6.584995
13651,1,-5.2194266
13652,0,-4.9109936
13653,0,-6.970554
13654,0,-6.970554
13655,0,-6.970554
13656,0,-6.970554
13657,1,-6.1468587
13658,1,-5.8293476
13659,1,-5.1015954
13660,1,-5.64491
13661,0,-6.970554
13662,1,-6.437279
13663,0,-6.970554
13664,0,-6.970554
13665,1,-6.970554
13666,0,-6.945085
13667,1,-5.3451886
13668,1,-6.970554
13669,1,-2.1110668
13670,0,-5.9685235
13671,1,-6.6998806
13672,0,-6.5203223
13673,1,-4.8821282
13674,1,-5.353098
13675,0,-5.353098
13676,1,-2.229476
13677,0,-6.970554
13678,1,-3.1401339
13679,0,-6.970554
13680,1,-6.970554
13681,0,-6.970554
13682,0,-6.970554
13683,0,-6.970554
13684,0,-6.970554
13685,0,-6.970554
13686,0,-6.970554
13687,0,-6.970554
13688,0,-6.970554
13689,1,-2.9239728
13690,1,-6.8476286
13691,1,-6.394396
13692,1,-5.3081627
13693,0,-5.3081627
13694,0,-6.970554
13695,1,-6.1928678
13696,0,-5.3467774
13697,1,-5.3467774
13698,1,-3.7481775
13699,1,-6.2879
13700,1,-5.168966
13701,1,-4.4615355
13702,1,-4.253536
13703,0,-6.970554
13704,0,-6.970554
13705,0,-6.970554
13706,0,-6.970554
13707,0,-6.970554
13708,0,-5.219071
13709,0,-6.970554
13710,0,-6.970554
13711,0,-6.970554
13712,0,-6.970554
13713,0,-6.970554
13714,0,-6.4127035
13715,0,-6.970554
13716,0,-2.740648
13717,1,-4.547904
13718,0,-6.970554
13719,0,-6.970554
13720,0,-6.970554
13721,0,-6.970554
13722,1,-5.995038
13723,1,-3.4053166
13724,0,-3.4053166
13725,1,-2.8408563
13726,0,-6.970554
13727,0,-5.589184
13728,0,-5.589184
13729,1,-5.026001
13730,1,-5.026001
13731,0,-6.6743116
13732,0,-6.593972
13733,0,-3.8241901
13734,1,-2.9722369
13735,1,-6.024605
13736,0,-6.024605
13737,1,-0.21559945
13738,1,-0.21559945
13739,1,-6.970554
13740,1,-5.690183
13741,0,-2.0478876
13742,1,-0.038974117
13743,1,-6.8967752
13744,1,-6.8967752
13745,1,-3.5624158
13746,1,-6.381676
13747,0,-6.381676
13748,0,-6.970554
13749,0,-6.970554
13750,0,-6.970554
13751,1,-6.0360813
13752,1,-6.970554
13753,0,-6.970554
13754,1,-2.0014741
13755,0,-5.893594
13756,0,-5.893594
13757,1,-5.893594
13758,0,-6.970554
13759,0,-6.970554
13760,0,-6.970554
13761,0,-6.970554
13762,1,-6.970554
13763,0,-6.970554
13764,1,-3.514592
13765,0,-3.514592
13766,0,-6.970554
13767,0,-6.970554
13768,1,-6.970554
13769,1,-4.9095345
13770,1,-4.3569045
13771,1,-3.3065214
13772,1,-6.970554
13773,1,-6.970554
13774,0,-6.970554
13775,1,-3.9531255
13776,1,-5.831073
13777,1,-3.6737857
13778,0,-6.970554
13779,1,-3.790929
13780,0,-6.970554
13781,0,-6.970554
13782,1,-3.612937
13783,0,-6.970554
13784,0,-6.970554
13785,1,-2.7539237
13786,0,-6.970554
13787,0,-6.970554
13788,0,-6.6393247
13789,1,-4.785334
13790,0,-6.970554
13791,1,-5.7053175
13792,0,-5.7053175
13793,1,-5.9247713
13794,1,-4.3790107
13795,1,-4.71393
13796,1,-4.737262
13797,0,-6.014833
13798,1,-3.2020729
13799,1,-4.478945
13800,0,-6.970554
13801,0,-6.970554
13802,1,-5.144768
13803,0,-6.970554
13804,1,-6.970554
13805,1,-4.427066
13806,0,-6.970554
13807,1,-6.253013
13808,1,-6.970554
13809,0,-6.319923
13810,0,-6.5613327
13811,0,-6.5613327
13812,1,-6.5587173
13813,0,-6.5587173
13814,1,-5.7861204
13815,1,-5.7861204
13816,1,-5.5683637
13817,0,-5.756806
13818,1,-4.2683153
13819,1,-2.2743108
13820,1,-3.1629736
13821,1,-3.1629736
13822,1,-4.9919524
13823,1,-5.3505874
13824,0,-6.970554
13825,0,-5.686974
13826,0,-6.970554
13827,1,-4.3464932
13828,0,-5.752357
13829,0,-5.752357
13830,0,-5.752357
13831,1,-5.752357
13832,0,-5.2412486
13833,1,-3.5798855
13834,1,-4.845734
13835,0,-4.845734
13836,1,-5.7092557
13837,1,-3.1319923
13838,0,-6.970554
13839,1,-4.742258
13840,0,-6.970554
13841,0,-6.0778227
13842,1,-3.2786248
13843,0,-5.538137
13844,0,-6.970554
13845,0,-6.970554
13846,1,-2.6311233
13847,1,-6.6743116
13848,0,-6.970554
13849,1,-3.678318
13850,1,-4.3725104
13851,1,-6.970554
13852,1,-6.970554
13853,1,-4.752121
13854,1,-6.970554
13855,1,-6.970554
13856,1,-1.4610682
13857,1,-6.0417027
13858,1,-4.6267567
13859,1,-6.584995
13860,1,-4.534548
13861,1,-6.339748
13862,1,-6.970554
13863,1,-5.5214067
13864,1,-6.0643845
13865,1,-5.2393713
13866,1,-6.2888656
13867,1,-6.970554
13868,1,-5.0157866
13869,0,-4.0120115
13870,1,-5.1337953
13871,0,-6.0957694
13872,0,-6.3457093
13873,0,-6.840049
13874,0,-6.582557
13875,1,-0.87839395
13876,0,-6.970554
13877,1,-6.970554
13878,1,-5.5504546
13879,0,-6.970554
13880,0,-6.970554
13881,0,-6.970554
13882,0,-6.970554
13883,1,-3.4076035
13884,1,-1.4985446
13885,0,-6.331344
13886,1,-5.7941136
13887,1,-5.7941136
13888,1,-5.3599067
13889,1,-2.1212666
13890,1,-6.3556404
13891,1,-5.816828
13892,1,-6.970554
13893,1,-4.987025
13894,0,-6.894289
13895,1,-2.376295
13896,1,-6.970554
13897,0,-6.970554
13898,1,0.06455757
13899,1,-2.360785
13900,0,-2.360785
13901,0,-7.172637
13902,0,-6.970554
13903,1,-6.970554
13904,1,-4.786459
13905,0,-4.786459
13906,1,-6.8476286
13907,0,-4.7036076
13908,1,-4.7036076
13909,0,-3.1566043
13910,0,-4.734319
13911,0,-6.1470523
13912,1,-4.3457913
13913,0,-6.970554
13914,0,-6.970554
13915,1,-4.483802
13916,1,-4.483802
13917,0,-3.5715516
13918,0,-6.970554
13919,1,-7.093296
13920,1,-0.73989534
13921,1,-6.970554
13922,1,-6.4112244
13923,0,-6.822328
13924,1,-5.4208345
13925,1,0.075559355
13926,0,-6.970554
13927,0,-6.970554
13928,0,-6.970554
13929,0,-6.970554
13930,1,-2.983365
13931,1,-3.355825
13932,1,-1.977562
13933,1,-6.970554
13934,1,-6.970554
13935,1,-1.7630631
13936,1,-6.970554
13937,0,-6.970554
13938,1,-2.878838
13939,1,-2.3808646
13940,1,-0.5723037
13941,0,-6.970554
13942,1,-6.970554
13943,1,-5.394386
13944,1,-2.2597702
13945,1,-4.861539
13946,1,-4.4788566
13947,1,-6.7374587
13948,0,-6.970554
13949,1,-6.970554
13950,1,-6.7054825
13951,1,-6.0964932
13952,0,-6.970554
13953,1,-6.1482487
13954,0,-6.1482487
13955,0,-6.970554
13956,0,-6.970554
13957,0,-6.970554
13958,0,-6.970554
13959,0,-6.970554
13960,0,-6.970554
13961,0,-6.970554
13962,0,-6.970554
13963,1,-5.7531514
13964,1,-5.0740786
13965,0,-5.0740786
13966,1,-6.324584
13967,0,-6.324584
13968,1,-6.970554
13969,1,-4.5649157
13970,0,-4.5649157
13971,1,-5.589184
13972,0,-6.970554
13973,1,-6.311752
13974,1,-5.026001
13975,1,-5.026001
13976,0,-6.970554
13977,1,-3.8241901
13978,1,-2.9722369
13979,1,-2.9722369
13980,1,-0.21559945
13981,0,-6.970554
13982,0,-6.970554
13983,1,-5.4542937
13984,0,-6.970554
13985,1,-5.6692505
13986,1,-2.0478876
13987,1,-6.8967752
13988,1,-6.381676
13989,0,-6.381676
13990,0,-6.970554
13991,0,-6.970554
13992,1,-5.9213467
13993,0,-5.893594
13994,0,-5.893594
13995,1,-4.6085196
13996,1,-6.295763
13997,1,-5.9213467
13998,1,-6.779955
13999,1,-6.625408
14000,0,-6.970554
14001,0,-6.970554
14002,0,-6.970554
14003,0,-6.970554
14004,0,-6.970554
14005,0,-6.970554
14006,1,-6.970554
14007,1,-6.7846403
14008,0,-6.970554
14009,1,-6.970554
14010,0,-4.3569045
14011,0,-3.3065214
14012,0,-6.970554
14013,0,-6.970554
14014,0,-6.970554
14015,1,-6.970554
14016,1,-5.4163713
14017,0,-6.970554
14018,0,-3.6737857
14019,1,-3.790929
14020,1,-3.790929
14021,0,-6.970554
14022,0,-6.970554
14023,1,-4.426799
14024,1,-3.8313553
14025,1,-4.785334
14026,1,-6.970554
14027,0,-6.970554
14028,0,-6.970554
14029,0,-6.884992
14030,1,-5.7053175
14031,0,-5.7053175
14032,1,-5.7053175
14033,1,-5.9247713
14034,1,-4.834962
14035,1,-4.71393
14036,0,-6.970554
14037,1,-3.2020729
14038,0,-6.970554
14039,1,-6.970554
14040,0,-6.970554
14041,0,-6.970554
14042,0,-6.970554
14043,1,-6.779955
14044,1,-6.970554
14045,1,-6.19745
14046,1,-4.4802394
14047,0,-6.970554
14048,0,-5.9168744
14049,1,-6.970554
14050,1,-6.253013
14051,1,-6.253013
14052,0,-6.970554
14053,0,-6.970554
14054,0,-6.0314155
14055,0,-6.970554
14056,1,-6.3910055
14057,1,-6.5613327
14058,1,-5.7861204
14059,1,-6.970554
14060,0,-6.970554
14061,1,-4.2683153
14062,1,-2.2743108
14063,1,-3.1629736
14064,1,-3.1629736
14065,1,-4.867479
14066,0,-5.3505874
14067,0,-6.970554
14068,0,-5.686974
14069,0,-5.686974
14070,0,-6.970554
14071,1,-5.757404
14072,0,-6.970554
14073,1,-5.752357
14074,1,-6.2386446
14075,0,-4.845734
14076,0,-6.970554
14077,1,-4.365032
14078,1,-6.970554
14079,0,-6.970554
14080,1,-6.0778227
14081,1,-5.538137
14082,1,-6.3432026
14083,1,-4.2604322
14084,1,-4.2445297
14085,0,-6.970554
14086,0,-6.970554
14087,0,-6.970554
14088,0,-6.970554
14089,1,-2.5459895
14090,1,-6.6743116
14091,0,-6.970554
14092,1,-5.1812716
14093,0,-6.970554
14094,0,-6.970554
14095,0,-6.970554
14096,1,-6.970554
14097,1,-3.678318
14098,0,-6.970554
14099,1,-1.0710751
14100,0,-1.0710751
14101,0,-6.584995
14102,0,-6.0220532
14103,0,-6.339748
14104,0,-6.970554
14105,1,-2.7243898
14106,1,-6.970554
14107,1,-5.108866
14108,1,-2.7536018
14109,1,-2.7536018
14110,0,-6.894335
14111,1,-5.5214067
14112,0,-6.754703
14113,0,-6.0643845
14114,1,-5.184108
14115,1,-6.2888656
14116,1,-6.582557
14117,1,-7.0195174
14118,1,-5.8408375
14119,0,-6.0030203
14120,1,-6.840049
14121,1,-4.3230367
14122,0,-4.3230367
14123,0,-4.3230367
14124,0,-4.3230367
14125,1,-5.147002
14126,0,-6.970554
14127,1,-1.4985446
14128,1,-5.30644
14129,1,-5.7941136
14130,0,-5.7941136
14131,1,-6.3556404
14132,1,-4.35147
14133,1,-0.8537747
14134,1,-4.53615
14135,1,-4.987025
14136,1,-6.894289
14137,1,-2.5244591
14138,1,-6.970554
14139,0,-6.970554
14140,0,-6.286315
14141,1,-5.15695
14142,1,-6.970554
14143,1,-4.786459
14144,1,-4.786459
14145,1,-6.8476286
14146,0,-6.970554
14147,1,-4.7036076
14148,1,-3.1566043
14149,1,-4.734319
14150,0,-4.734319
14151,0,-6.1285486
14152,1,-6.8366814
14153,1,-5.1579547
14154,0,-6.3342404
14155,1,-6.1470523
14156,1,-3.1617937
14157,0,-6.970554
14158,0,-6.970554
14159,0,-6.970554
14160,0,-6.970554
14161,0,-6.970554
14162,0,-6.970554
14163,0,-6.970554
14164,1,-0.73989534
14165,1,-6.540383
14166,0,-6.540383
14167,0,-6.4112244
14168,0,-7.093296
14169,0,-6.970554
14170,0,-6.970554
14171,1,-4.757964
14172,0,-6.970554
14173,0,-6.970554
14174,1,-3.970694
14175,0,-6.970554
14176,0,-6.970554
14177,0,-6.970554
14178,1,-4.5976377
14179,1,-5.601678
14180,0,-6.970554
14181,0,-6.970554
14182,0,-6.970554
14183,0,-5.394386
14184,1,-2.2597702
14185,0,-6.970554
14186,1,-6.6998806
14187,0,-5.691324
14188,1,-4.861539
14189,1,-4.76679
14190,1,-6.7374587
14191,0,-5.4174294
14192,1,-6.970554
14193,1,-4.612025
14194,1,-6.1482487
14195,0,-3.4053166
14196,0,-3.4053166
14197,0,-3.4053166
14198,0,-3.4053166
14199,0,-6.970554
14200,0,-6.970554
14201,0,-0.038974117
14202,0,-4.4802394
14203,0,-4.4802394
14204,0,-4.4802394
14205,0,-4.4802394
14206,0,-4.4802394
14207,0,-6.2386446
14208,0,-6.970554
14209,0,-6.970554
14210,0,-6.970554
14211,0,-6.0417027
14212,0,-6.0417027
14213,0,-6.582557
14214,1,-1.4985446
14215,0,-6.8476286
14216,0,-6.970554
14217,0,-6.970554
14218,0,-6.970554
14219,0,-1.7630631
14220,0,-6.970554
14221,0,-6.970554
14222,0,-6.970554
14223,0,-6.970554
14224,0,-6.582557
14225,1,-4.418345
14226,0,-4.7172403
14227,1,-4.7172403
14228,1,-4.8862367
14229,1,-2.7206218
14230,1,-4.549999
14231,1,-1.8423264
14232,0,-6.970554
14233,1,-5.115071
14234,0,-6.970554
14235,1,-2.6338453
14236,1,-2.6338453
14237,1,-2.1839058
14238,0,-5.6473007
14239,1,-5.8648853
14240,1,-0.7332791
14241,1,-0.7332791
14242,1,-5.512303
14243,1,-4.572072
14244,1,-6.1823664
14245,1,-6.1823664
14246,1,-6.1823664
14247,1,-5.2098804
14248,1,-5.430685
14249,1,-5.3272815
14250,1,-6.070144
14251,1,-4.6122727
14252,1,-1.2360177
14253,0,-6.970554
14254,0,-6.970554
14255,1,-6.410104
14256,0,-6.970554
14257,1,-5.3756814
14258,1,-2.0713868
14259,1,-6.970554
14260,0,-6.970554
14261,1,-2.6901581
14262,0,-6.970554
14263,0,-6.970554
14264,1,-5.2156663
14265,1,-3.5952792
14266,1,-1.151581
14267,1,-3.6363127
14268,0,-6.970554
14269,0,-6.970554
14270,1,-4.1397285
14271,1,-5.869246
14272,0,-5.869246
14273,1,-6.970554
14274,1,-3.7358348
14275,0,-6.970554
14276,1,-4.5822105
14277,0,-6.970554
14278,0,-6.740798
14279,0,-6.970554
14280,0,-6.779955
14281,1,-2.2306037
14282,0,-4.8710833
14283,0,-6.970554
14284,0,-5.4303684
14285,1,-5.619172
14286,1,-5.619172
14287,1,-6.5333347
14288,1,-5.1647277
14289,0,-6.970554
14290,1,-5.992486
14291,0,-6.970554
14292,1,-5.3994455
14293,0,-5.3994455
14294,0,-6.970554
14295,1,-4.677662
14296,1,-4.229385
14297,0,-6.884992
14298,1,-6.196035
14299,1,-0.8535201
14300,1,-5.9688725
14301,1,-4.874373
14302,1,-3.5275466
14303,0,-6.970554
14304,1,-7.093296
14305,0,-5.477555
14306,0,-3.428595
14307,1,-4.3977685
14308,0,-6.970554
14309,0,-6.970554
14310,0,-6.970554
14311,0,-6.970554
14312,1,-2.873911
14313,1,-3.7893367
14314,0,-6.970554
14315,0,-6.970554
14316,1,-3.0180871
14317,0,-3.0180871
14318,0,-6.379442
14319,0,-6.970554
14320,1,-4.7642984
14321,1,-2.7365446
14322,0,-6.970554
14323,0,-6.970554
14324,1,-3.6257792
14325,1,-6.2647347
14326,1,-6.472359
14327,1,-3.3744755
14328,0,-3.3744755
14329,0,-6.970554
14330,1,-4.413183
14331,1,-3.1464107
14332,1,-3.1464107
14333,0,-3.1464107
14334,0,-6.970554
14335,0,-7.192238
14336,1,-7.192238
14337,0,-6.970554
14338,1,-3.449545
14339,1,-5.5071197
14340,1,-6.138972
14341,1,-6.970554
14342,1,-2.4020712
14343,0,-6.970554
14344,1,-6.19451
14345,1,-6.19451
14346,0,-4.287091
14347,0,-6.970554
14348,0,-5.3251657
14349,0,-6.970554
14350,0,-6.970554
14351,0,-6.970554
14352,1,-3.8684263
14353,1,-4.888927
14354,0,-6.970554
14355,1,-5.195217
14356,1,-4.9977903
14357,1,-6.146402
14358,1,-6.970554
14359,0,-6.970554
14360,1,-5.477373
14361,1,-3.174736
14362,1,-3.174736
14363,0,-6.970554
14364,1,-0.5811448
14365,0,-5.2558885
14366,1,-3.3800046
14367,1,-6.970554
14368,1,-2.9068706
14369,0,-6.970554
14370,0,-6.1379166
14371,0,-6.970554
14372,0,-6.970554
14373,0,-6.970554
14374,0,-6.970554
14375,0,-6.970554
14376,0,-5.493682
14377,1,-5.493682
14378,0,-6.970554
14379,0,-6.970554
14380,0,-5.596732
14381,1,-6.970554
14382,1,-4.546503
14383,1,-4.546503
14384,1,-2.8074996
14385,1,-4.9621105
14386,0,-4.9621105
14387,0,-6.970554
14388,1,-5.727836
14389,0,-6.970554
14390,1,-4.9785385
14391,1,-5.9462442
14392,0,-4.6337457
14393,1,-4.6337457
14394,1,-4.1682215
14395,1,-6.970554
14396,1,-6.970554
14397,1,-4.29126
14398,0,-6.970554
14399,0,-6.970554
14400,1,-4.56241
14401,1,-5.1387115
14402,1,-4.285641
14403,1,0.084661245
14404,1,0.084661245
14405,0,-6.582557
14406,1,-6.794185
14407,1,-5.352438
14408,1,-4.5491548
14409,0,-6.970554
14410,1,-6.92961
14411,0,-6.92961
14412,0,-6.970554
14413,0,-6.970554
14414,1,-6.0367455
14415,0,-5.305003
14416,1,-6.779955
14417,0,-4.953477
14418,1,-4.953477
14419,0,-6.970554
14420,1,-1.9568154
14421,1,-5.625881
14422,1,-6.970554
14423,1,-6.970554
14424,0,-6.970554
14425,0,-6.970554
14426,0,-6.970554
14427,1,-3.809428
14428,0,-6.970554
14429,1,-6.970554
14430,1,-4.240253
14431,1,-4.3389087
14432,1,-6.7054825
14433,0,-6.970554
14434,1,-3.27017
14435,1,-5.2305193
14436,0,-6.522798
14437,1,-6.522798
14438,1,-3.7373989
14439,1,-3.7373989
14440,0,-3.7373989
14441,0,-3.7373989
14442,0,-3.7373989
14443,1,-3.7373989
14444,1,-6.970554
14445,1,-3.5945349
14446,0,-6.6743116
14447,1,-6.970554
14448,0,-6.970554
14449,1,-6.970554
14450,0,-6.970554
14451,1,-3.7984974
14452,0,-4.228713
14453,1,-6.0626807
14454,1,-0.81729853
14455,1,-4.3106117
14456,1,-4.0784063
14457,1,-1.8459625
14458,1,-4.8940797
14459,1,-5.111434
14460,1,-4.8059454
14461,1,-1.8259959
14462,0,-6.970554
14463,0,-6.970554
14464,0,-6.970554
14465,0,-6.970554
14466,1,-5.8736978
14467,0,-6.970554
14468,0,-6.970554
14469,1,-6.970554
14470,1,-5.897862
14471,0,-6.970554
14472,1,-3.2358098
14473,0,-6.4571824
14474,0,-6.840049
14475,1,-3.9364276
14476,1,-3.9364276
14477,0,-6.970554
14478,0,-6.970554
14479,0,-6.970554
14480,0,-6.970554
14481,0,-6.7054825
14482,1,-3.9971156
14483,0,-6.970554
14484,1,-1.5582962
14485,1,-1.5582962
14486,0,-6.970554
14487,1,-5.864042
14488,1,-4.1769586
14489,0,-6.970554
14490,1,-6.361893
14491,1,-5.801654
14492,0,-6.970554
14493,0,-6.970554
14494,0,-6.970554
14495,0,-6.970554
14496,0,-6.970554
14497,0,-6.970554
14498,0,-6.970554
14499,0,-6.970554
14500,0,-6.970554
14501,0,-6.970554
14502,1,-5.5546193
14503,0,-5.5546193
14504,0,-5.5546193
14505,1,-5.5332584
14506,0,-6.970554
14507,1,-6.970554
14508,0,-6.970554
14509,1,-3.614983
14510,1,-4.1330743
14511,1,-5.532505
14512,1,-6.112629
14513,0,-6.970554
14514,1,-5.3971934
14515,1,-4.9678764
14516,1,-4.8643517
14517,1,-5.22225
14518,1,-5.8137503
14519,1,-5.761823
14520,0,-6.970554
14521,1,-4.4407597
14522,0,-6.970554
14523,1,-3.7398486
14524,0,-6.970554
14525,1,-1.882008
14526,0,-6.970554
14527,0,-6.970554
14528,1,-4.5399504
14529,1,-4.5399504
14530,0,-6.970554
14531,1,-4.8264375
14532,1,-5.16424
14533,0,-6.970554
14534,1,-6.970554
14535,0,-6.970554
14536,0,-6.970554
14537,1,-3.3447497
14538,1,-5.9450493
14539,0,-6.92961
14540,0,-7.172637
14541,1,-4.4198318
14542,0,-6.970554
14543,1,-5.769557
14544,1,-5.769557
14545,0,-6.970554
14546,0,-6.970554
14547,0,-6.970554
14548,0,-6.970554
14549,0,-6.970554
14550,0,-6.970554
14551,0,-6.9450703
14552,1,-5.415267
14553,1,-2.9392557
14554,0,-6.0167146
14555,0,-6.970554
14556,0,-6.970554
14557,1,-6.970554
14558,1,-4.390374
14559,1,-4.9671316
14560,0,-6.970554
14561,0,-6.970554
14562,0,-6.970554
14563,1,-4.085287
14564,0,-6.970554
14565,0,-6.970554
14566,0,-6.970554
14567,1,-6.3457093
14568,1,-5.09903
14569,0,-5.5387454
14570,0,-5.5387454
14571,1,-3.120512
14572,1,-6.970554
14573,1,-4.5039487
14574,1,-5.359534
14575,1,-2.6626847
14576,1,-2.6626847
14577,1,-4.2060895
14578,1,-6.970554
14579,1,-4.5916452
14580,0,-6.970554
14581,0,-6.970554
14582,0,-6.970554
14583,1,-0.47940505
14584,1,-5.599244
14585,1,-6.970554
14586,1,-6.6864243
14587,1,-4.783693
14588,1,-4.2026405
14589,0,-6.970554
14590,1,-4.2094965
14591,1,-7.172637
14592,0,-7.172637
14593,1,-6.970554
14594,1,-4.559362
14595,1,-2.8648524
14596,0,-6.0217366
14597,0,-6.970554
14598,1,-3.922426
14599,1,-6.305066
14600,0,-5.403355
14601,1,-5.6347103
14602,0,-6.970554
14603,0,-6.970554
14604,0,-6.029421
14605,0,-6.970554
14606,0,-6.970554
14607,0,-6.970554
14608,1,-6.970554
14609,0,-6.970554
14610,1,-4.0365686
14611,0,-6.970554
14612,1,-3.48698
14613,0,-5.432439
14614,1,-5.432439
14615,0,-4.3621902
14616,0,-6.970554
14617,0,-6.970554
14618,1,-5.975475
14619,1,-4.575404
14620,1,-6.970554
14621,1,-5.40963
14622,0,-6.970554
14623,0,-6.0563674
14624,1,-6.063645
14625,1,-5.245306
14626,1,-5.245306
14627,0,-6.970554
14628,0,-6.970554
14629,0,-6.970554
14630,1,-4.527026
14631,1,-6.4357777
14632,1,-6.0064793
14633,1,-4.6709113
14634,0,-6.970554
14635,0,-6.970554
14636,1,-6.970554
14637,0,-6.970554
14638,0,-6.970554
14639,0,-6.970554
14640,1,-2.7234538
14641,0,-6.970554
14642,1,-6.970554
14643,1,-6.970554
14644,1,-4.586514
14645,1,-3.8782954
14646,0,-6.970554
14647,1,-4.4855337
14648,1,-4.4925904
14649,1,-3.580729
14650,0,-6.342736
14651,1,-6.342736
14652,0,-6.970554
14653,1,-6.448122
14654,0,-6.970554
14655,0,-6.970554
14656,0,-6.970554
14657,0,-6.970554
14658,1,-3.7192729
14659,1,-4.266797
14660,0,-4.495051
14661,0,-6.970554
14662,1,-6.970554
14663,1,-6.970554
14664,1,-4.089442
14665,1,-3.2985213
14666,1,-3.2985213
14667,0,-3.7619305
14668,0,-6.970554
14669,0,-5.604966
14670,0,-6.970554
14671,0,-6.970554
14672,0,-6.970554
14673,1,-6.970554
14674,0,-6.970554
14675,1,-6.970554
14676,0,-6.970554
14677,1,-3.336934
14678,0,-6.970554
14679,1,-5.483862
14680,0,-6.970554
14681,1,-5.9886327
14682,0,-6.970554
14683,1,-6.35668
14684,0,-5.287246
14685,0,-6.970554
14686,0,-6.970554
14687,1,-6.970554
14688,0,-6.970554
14689,1,-5.8967247
14690,1,-6.970554
14691,0,-6.970554
14692,0,-6.970554
14693,0,-5.333837
14694,0,-6.5812907
14695,1,-6.0110865
14696,0,-6.0110865
14697,0,-6.0110865
14698,0,-4.637404
14699,0,-6.970554
14700,0,-6.7052994
14701,1,-6.970554
14702,0,-6.970554
14703,1,-2.7270255
14704,1,-4.3436613
14705,0,-6.970554
14706,0,-6.970554
14707,1,-5.415253
14708,1,-3.8249207
14709,1,-4.249887
14710,1,-6.4325686
14711,1,-6.7054825
14712,0,-6.7054825
14713,1,-6.049467
14714,1,-6.008523
14715,1,-5.1463113
14716,0,-6.970554
14717,0,-6.970554
14718,0,-6.970554
14719,0,-6.970554
14720,0,-6.970554
14721,1,-4.350352
14722,1,-3.825317
14723,1,-3.3562148
14724,1,-4.223085
14725,1,-4.915526
14726,1,-5.3710203
14727,1,-0.982506
14728,1,-6.970554
14729,0,-5.749353
14730,0,-5.749353
14731,1,-5.108866
14732,0,-6.7054825
14733,1,-5.215713
14734,1,-4.8773565
14735,0,-6.3342404
14736,0,-6.970554
14737,0,-6.970554
14738,0,-6.970554
14739,1,-4.705407
14740,1,-4.705407
14741,1,-4.705407
14742,1,-4.705407
14743,0,-4.705407
14744,0,-4.705407
14745,1,-4.705407
14746,1,-4.705407
14747,1,-4.705407
14748,0,-4.705407
14749,1,-4.705407
14750,1,-4.705407
14751,1,-4.705407
14752,0,-4.705407
14753,1,-2.5003083
14754,1,-6.641965
14755,1,-4.9648566
14756,0,-4.9648566
14757,1,-6.970554
14758,0,-5.349248
14759,0,-5.349248
14760,1,-4.747986
14761,1,-4.4745345
14762,1,-6.970554
14763,1,-6.970554
14764,1,-4.5885534
14765,1,-6.472359
14766,0,-6.472359
14767,1,-6.472359
14768,1,-6.472359
14769,0,-6.970554
14770,1,-5.9248166
14771,0,-6.970554
14772,0,-6.3551726
14773,0,-6.970554
14774,1,-5.206425
14775,0,-5.206425
14776,0,-6.970554
14777,0,-6.970554
14778,0,-6.970554
14779,0,-6.970554
14780,0,-5.0367103
14781,1,-2.8120534
14782,0,-6.970554
14783,0,-6.970554
14784,1,-5.0722213
14785,1,-6.970554
14786,0,-6.970554
14787,0,-6.970554
14788,0,-6.970554
14789,1,-5.3348956
14790,1,-5.483345
14791,0,-6.1851387
14792,1,-5.444613
14793,1,-5.845334
14794,0,-3.739798
14795,0,-6.970554
14796,1,-6.970554
14797,1,-6.970554
14798,0,-4.910367
14799,1,-5.0408974
14800,0,-6.9450703
14801,1,-6.6743116
14802,1,-5.149795
14803,1,-3.6439536
14804,0,-5.8007617
14805,1,-6.3916245
14806,1,-4.0233765
14807,1,-4.0233765
14808,0,-6.437237
14809,0,-5.193755
14810,1,-4.418345
14811,1,-4.7172403
14812,0,-4.8862367
14813,0,-5.115071
14814,1,-6.970554
14815,0,-6.970554
14816,1,-6.575188
14817,0,-2.6338453
14818,1,-2.6338453
14819,0,-6.970554
14820,1,-0.7332791
14821,1,-0.7332791
14822,1,-0.7332791
14823,1,-6.970554
14824,1,-6.970554
14825,1,-6.1823664
14826,0,-6.1823664
14827,1,-5.2098804
14828,0,-5.2098804
14829,0,-4.6122727
14830,0,-4.6122727
14831,1,-6.1526036
14832,1,-6.970554
14833,0,-6.970554
14834,1,-6.410104
14835,1,-4.6182537
14836,0,-6.970554
14837,0,-2.0713868
14838,1,-6.970554
14839,0,-6.970554
14840,1,-6.970554
14841,1,-6.970554
14842,1,-4.943945
14843,0,-6.970554
14844,1,-5.2659388
14845,1,-6.970554
14846,0,-1.151581
14847,0,-6.970554
14848,1,-4.1397285
14849,1,-4.1397285
14850,1,-5.767739
14851,0,-5.869246
14852,1,-6.970554
14853,0,-6.970554
14854,0,-6.970554
14855,1,-3.7358348
14856,1,-2.824441
14857,1,-5.6111665
14858,0,-4.5822105
14859,0,-6.970554
14860,1,-6.740798
14861,0,-6.740798
14862,0,-3.522658
14863,0,-2.2306037
14864,1,-5.107373
14865,0,-6.970554
14866,1,-5.619172
14867,1,-5.1647277
14868,1,-6.031569
14869,1,-6.270518
14870,0,-6.970554
14871,1,-6.1285486
14872,1,-5.216478
14873,0,-6.779955
14874,1,-5.3994455
14875,0,-6.970554
14876,1,-6.884992
14877,1,-5.9688725
14878,1,-5.1628957
14879,1,-5.404261
14880,0,-6.970554
14881,1,-5.477555
14882,0,-3.428595
14883,1,-4.8588166
14884,0,-6.970554
14885,0,-6.970554
14886,1,-2.3363955
14887,1,-2.873911
14888,0,-6.970554
14889,1,-6.134802
14890,1,-6.970554
14891,0,-6.2647347
14892,0,-6.970554
14893,0,-6.970554
14894,0,-6.970554
14895,1,-3.3744755
14896,1,-6.5518637
14897,0,-6.970554
14898,0,-6.970554
14899,0,-7.192238
14900,0,-6.970554
14901,1,-6.970554
14902,0,-6.970554
14903,0,-6.970554
14904,0,-6.970554
14905,1,-6.19451
14906,0,-6.970554
14907,0,-6.970554
14908,1,-5.7864823
14909,0,-5.3251657
14910,1,-6.2615952
14911,1,-3.8684263
14912,1,-3.8684263
14913,1,-4.9977903
14914,1,-3.6545033
14915,0,-6.970554
14916,1,-2.4369795
14917,1,-0.5811448
14918,0,-6.970554
14919,0,-6.970554
14920,0,-3.3800046
14921,1,-6.970554
14922,0,-6.970554
14923,1,-6.970554
14924,1,-6.1379166
14925,0,-6.970554
14926,0,-6.970554
14927,0,-6.970554
14928,0,-6.970554
14929,0,-5.493682
14930,0,-6.970554
14931,0,-6.970554
14932,0,-6.970554
14933,0,-6.970554
14934,0,-5.596732
14935,1,-6.970554
14936,1,-4.546503
14937,0,-4.546503
14938,1,-2.8074996
14939,1,-5.440029
14940,0,-6.970554
14941,1,-6.160852
14942,1,-6.779955
14943,1,-5.61941
14944,1,-5.727836
14945,0,-6.970554
14946,1,-6.970554
14947,1,-4.9785385
14948,1,-5.9394145
14949,1,-6.840049
14950,1,-6.970554
14951,0,-6.970554
14952,1,-4.6337457
14953,1,-4.639833
14954,1,-7.172637
14955,1,-5.0460224
14956,0,-4.1682215
14957,1,-4.1682215
14958,1,-4.1682215
14959,0,-4.1682215
14960,1,-6.970554
14961,0,-6.970554
14962,0,-6.970554
14963,1,-6.970554
14964,1,-5.5161934
14965,1,-4.963707
14966,1,-4.429784
14967,0,-6.970554
14968,1,-6.970554
14969,1,-4.5043545
14970,1,-4.56241
14971,1,-4.4473767
14972,1,0.084661245
14973,1,0.084661245
14974,0,-6.970554
14975,1,-6.970554
14976,1,-6.4343314
14977,0,-6.970554
14978,0,-6.584995
14979,1,-6.794185
14980,1,-5.352438
14981,1,-5.352438
14982,1,-6.970554
14983,1,-6.379442
14984,1,-4.747774
14985,1,-6.970554
14986,0,-6.970554
14987,1,-6.0367455
14988,1,-5.512303
14989,0,-5.305003
14990,0,-6.779955
14991,0,-6.4800014
14992,1,-5.625881
14993,0,-6.970554
14994,0,-6.970554
14995,0,-6.970554
14996,1,-4.4839478
14997,1,-6.970554
14998,1,-5.4374633
14999,1,-6.042633
15000,0,-6.970554
15001,1,-4.450739
15002,0,-4.678686
15003,1,-4.678686
15004,1,-6.7054825
15005,0,-6.7054825
15006,0,-6.7054825
15007,1,-6.970554
15008,1,-6.970554
15009,1,-6.970554
15010,1,-6.522798
15011,1,-3.7373989
15012,1,-3.7373989
15013,1,-3.7373989
15014,1,-6.6743116
15015,1,-6.5299144
15016,0,-6.970554
15017,1,-6.970554
15018,1,-5.434644
15019,1,-5.494629
15020,1,-6.970554
15021,1,-6.970554
15022,1,-4.527991
15023,1,-6.970554
15024,0,-6.970554
15025,0,-6.970554
15026,0,-6.7074604
15027,0,-6.7074604
15028,0,-6.7074604
15029,1,-3.7984974
15030,1,-4.228713
15031,0,-6.4046583
15032,0,-6.4046583
15033,0,-6.0626807
15034,0,-6.0626807
15035,0,-6.970554
15036,1,-5.040121
15037,1,-6.8904796
15038,0,-6.970554
15039,1,-6.7054825
15040,1,-6.579995
15041,0,-6.970554
15042,0,-6.970554
15043,0,-6.970554
15044,1,-4.897839
15045,0,-1.8259959
15046,0,-1.8259959
15047,0,-6.970554
15048,0,-6.970554
15049,1,-6.970554
15050,1,-5.8736978
15051,0,-6.970554
15052,0,-6.970554
15053,1,-3.4629858
15054,1,-6.970554
15055,1,-4.929649
15056,1,-6.970554
15057,1,-5.5147185
15058,0,-5.5147185
15059,1,-4.5822473
15060,0,-6.970554
15061,0,-6.970554
15062,1,-4.0608315
15063,0,-4.0608315
15064,0,-6.840049
15065,0,-6.970554
15066,1,-5.7743545
15067,1,-6.970554
15068,0,-6.970554
15069,0,-6.970554
15070,0,-6.970554
15071,0,-6.970554
15072,0,-6.970554
15073,1,-6.970554
15074,1,-6.2202773
15075,0,-6.970554
15076,0,-6.970554
15077,0,-6.970554
15078,0,-6.970554
15079,1,-1.5582962
15080,1,-5.5059814
15081,0,-5.864042
15082,1,-4.1769586
15083,1,-5.801654
15084,1,-5.5546193
15085,1,-5.858744
15086,1,-5.5332584
15087,0,-6.970554
15088,1,-6.970554
15089,0,-6.970554
15090,1,-5.532505
15091,0,-6.970554
15092,0,-6.970554
15093,1,-3.5762396
15094,1,-5.22225
15095,1,-5.9513893
15096,1,-6.2626615
15097,1,-6.1822543
15098,1,-6.300113
15099,0,-6.970554
15100,1,-1.882008
15101,0,-6.970554
15102,0,-6.970554
15103,0,-6.970554
15104,0,-6.970554
15105,0,-6.970554
15106,0,-6.970554
15107,0,-6.970554
15108,0,-6.970554
15109,0,-6.970554
15110,0,-6.970554
15111,0,-6.970554
15112,1,-3.3447497
15113,0,-6.970554
15114,0,-6.970554
15115,0,-6.970554
15116,1,-5.9450493
15117,1,-6.92961
15118,1,-4.0483775
15119,1,-0.5744546
15120,0,-5.769557
15121,0,-6.970554
15122,0,-6.970554
15123,1,-3.2847147
15124,1,-6.970554
15125,0,-6.970554
15126,0,-6.970554
15127,1,-6.970554
15128,1,-6.9450703
15129,0,-2.9392557
15130,0,-6.970554
15131,1,-6.3227553
15132,1,-2.5164292
15133,0,-6.970554
15134,1,-5.004356
15135,0,-6.970554
15136,1,-4.824834
15137,1,-4.9671316
15138,1,-4.4888806
15139,0,-6.970554
15140,1,-5.8474665
15141,1,-5.207341
15142,0,-6.970554
15143,1,-3.926938
15144,1,-5.09903
15145,1,-5.5387454
15146,1,-3.120512
15147,1,-3.909679
15148,0,-6.970554
15149,0,-6.970554
15150,1,-4.2060895
15151,1,-4.2060895
15152,1,-6.396042
15153,0,-6.970554
15154,0,-6.970554
15155,1,-6.4028296
15156,0,-6.970554
15157,1,-5.3106837
15158,0,-6.970554
15159,1,-6.970554
15160,1,-6.6403446
15161,1,-2.8661077
15162,0,-6.970554
15163,1,-6.970554
15164,1,-6.970554
15165,1,-4.9134345
15166,1,-4.509127
15167,0,-5.7514653
15168,0,-6.970554
15169,1,-6.01638
15170,1,-6.468605
15171,0,-6.970554
15172,1,-7.172637
15173,0,-6.970554
15174,1,-6.970554
15175,0,-6.970554
15176,1,-5.8023143
15177,0,-2.8648524
15178,0,-6.0217366
15179,0,-6.0217366
15180,1,-6.5430293
15181,1,-3.0894415
15182,1,-4.350589
15183,1,-5.403355
15184,0,-6.7054825
15185,1,-5.6347103
15186,1,-4.8525925
15187,1,-6.029421
15188,1,-4.0911345
15189,1,-6.970554
15190,1,-5.7452183
15191,0,-5.7452183
15192,0,-6.970554
15193,1,-5.432439
15194,1,-4.3621902
15195,1,-6.0234623
15196,0,-6.970554
15197,0,-6.970554
15198,0,-6.970554
15199,1,-5.1557693
15200,1,-6.00335
15201,1,-5.40963
15202,0,-6.970554
15203,1,-6.0110865
15204,1,-6.063645
15205,1,-5.245306
15206,0,-6.970554
15207,0,-6.970554
15208,1,-6.323561
15209,0,-4.527026
15210,0,-4.527026
15211,1,-3.8445697
15212,1,-4.8069353
15213,0,-7.093296
15214,0,-6.970554
15215,0,-6.970554
15216,0,-6.970554
15217,0,-6.970554
15218,0,-6.970554
15219,1,-6.970554
15220,0,-6.970554
15221,1,-6.970554
15222,1,-6.970554
15223,1,-5.8205824
15224,1,-3.9750743
15225,1,-5.4052825
15226,1,-5.2096157
15227,0,-6.6232677
15228,1,-5.0221467
15229,1,-6.342736
15230,1,-6.342736
15231,0,-6.970554
15232,1,-6.970554
15233,0,-6.582557
15234,0,-6.970554
15235,1,-5.2735567
15236,0,-6.970554
15237,0,-6.970554
15238,1,-5.5412517
15239,1,-4.266797
15240,0,-6.970554
15241,1,-4.495051
15242,0,-4.495051
15243,1,-6.970554
15244,1,-6.582557
15245,0,-6.970554
15246,1,-6.970554
15247,1,-3.2985213
15248,0,-3.7619305
15249,1,-4.000726
15250,0,-6.970554
15251,0,-5.604966
15252,0,-5.604966
15253,0,-5.604966
15254,0,-5.604966
15255,0,-5.604966
15256,0,-5.604966
15257,0,-6.970554
15258,0,-6.970554
15259,1,-4.652426
15260,0,-6.970554
15261,0,-4.2977266
15262,1,-5.5748124
15263,1,-3.849911
15264,1,-6.970554
15265,0,-6.970554
15266,0,-6.35668
15267,1,-4.924472
15268,0,-6.970554
15269,0,-6.840049
15270,1,-6.970554
15271,0,-5.8967247
15272,0,-5.8967247
15273,1,-6.0110865
15274,0,-6.0110865
15275,1,-4.637404
15276,1,-4.637404
15277,0,-6.970554
15278,0,-6.5749774
15279,0,-6.970554
15280,0,-6.970554
15281,0,-6.970554
15282,0,-6.970554
15283,0,-6.970554
15284,0,-6.970554
15285,1,-0.6209626
15286,1,-4.514646
15287,0,-6.5563717
15288,0,-6.778592
15289,0,-4.3436613
15290,0,-6.970554
15291,0,-5.415253
15292,1,-3.8249207
15293,0,-6.7054825
15294,0,-6.7054825
15295,1,-4.3841753
15296,1,-6.2569103
15297,1,-6.5749774
15298,0,-6.7054825
15299,0,-6.7054825
15300,1,-6.625408
15301,0,-6.970554
15302,1,-4.5136356
15303,1,-4.4353976
15304,0,-6.970554
15305,0,-6.970554
15306,1,-6.075337
15307,0,-6.970554
15308,1,-6.342736
15309,1,-4.350352
15310,0,-3.3562148
15311,1,-4.915526
15312,0,-6.970554
15313,0,-6.970554
15314,1,-0.982506
15315,0,-6.970554
15316,0,-6.970554
15317,1,-4.686662
15318,1,-6.970554
15319,1,-6.970554
15320,0,-6.970554
15321,0,-6.7054825
15322,0,-6.970554
15323,1,-6.970554
15324,1,-6.3342404
15325,1,-4.705407
15326,0,-4.705407
15327,1,-4.705407
15328,1,-4.705407
15329,1,-6.9894214
15330,1,-6.9138274
15331,1,-6.641965
15332,1,-4.9648566
15333,0,-6.970554
15334,1,-5.349248
15335,1,-4.8635225
15336,1,-6.582557
15337,1,-6.970554
15338,1,-6.970554
15339,1,-6.472359
15340,0,-6.970554
15341,0,-6.970554
15342,1,-4.0186453
15343,0,-6.970554
15344,0,-6.970554
15345,1,-6.970554
15346,0,-5.206425
15347,0,-6.970554
15348,0,-6.970554
15349,1,-5.434644
15350,0,-6.970554
15351,0,-6.970554
15352,0,-5.0722213
15353,0,-6.970554
15354,1,-6.5749774
15355,0,-6.970554
15356,0,-5.3348956
15357,1,-5.781455
15358,0,-6.970554
15359,0,-6.970554
15360,1,-6.1851387
15361,1,-5.444613
15362,1,-5.2071104
15363,1,-3.739798
15364,1,-5.0740786
15365,1,-3.813684
15366,0,-6.970554
15367,0,-6.970554
15368,1,-6.970554
15369,0,-3.568815
15370,1,-3.568815
15371,0,-6.970554
15372,1,-6.970554
15373,1,-4.910367
15374,1,-4.862122
15375,1,-5.693014
15376,0,-6.970554
15377,1,-5.0408974
15378,0,-6.6743116
15379,1,-3.6439536
15380,1,-1.9333518
15381,1,-5.8007617
15382,1,-4.074188
15383,1,-5.703938
15384,1,-6.3916245
15385,1,-4.0233765
15386,0,-4.7172403
15387,0,-4.7172403
15388,0,-4.7172403
15389,0,-6.970554
15390,0,-2.6338453
15391,0,-2.6338453
15392,0,-2.6338453
15393,0,-6.970554
15394,0,-6.1823664
15395,0,-6.1823664
15396,0,-6.1823664
15397,0,-6.1823664
15398,0,-6.970554
15399,0,-6.970554
15400,0,-6.740798
15401,0,-6.740798
15402,0,-6.970554
15403,0,-6.970554
15404,0,-5.9688725
15405,0,-5.9688725
15406,0,-6.472359
15407,0,-5.5071197
15408,0,-5.5071197
15409,0,-4.888927
15410,0,-4.888927
15411,0,-6.970554
15412,0,-5.493682
15413,0,-5.727836
15414,0,-6.970554
15415,0,-6.970554
15416,0,-6.970554
15417,0,-6.970554
15418,0,-6.970554
15419,0,-6.970554
15420,0,-6.970554
15421,0,-3.9364276
15422,0,-6.970554
15423,0,-6.970554
15424,0,-6.970554
15425,0,-6.970554
15426,0,-6.970554
15427,0,-6.970554
15428,0,-6.970554
15429,0,-2.2369955
15430,0,-2.2369955
15431,0,-5.5546193
15432,0,-5.5546193
15433,0,-6.970554
15434,0,-6.970554
15435,0,-4.2060895
15436,0,-6.970554
15437,0,-7.172637
15438,0,-5.8023143
15439,0,-6.0217366
15440,0,-6.970554
15441,0,-6.970554
15442,0,-6.582557
15443,0,-6.582557
15444,0,-4.089442
15445,0,-4.000726
15446,0,-6.970554
15447,0,-6.970554
15448,0,-6.970554
15449,0,-6.7054825
15450,0,-6.970554
15451,0,-6.970554
15452,0,-6.970554
15453,0,-6.970554
15454,0,-6.970554
15455,0,-4.705407
15456,0,-6.970554
15457,0,-6.970554
15458,0,-6.970554
15459,0,-6.970554
15460,0,-6.970554
15461,0,-6.970554
15462,0,-6.970554
15463,0,-6.970554
15464,0,-6.970554
15465,0,-6.970554
15466,0,-6.970554
15467,0,-5.3348956
15468,0,-6.970554
15469,0,-6.970554
15470,0,-6.970554
15471,0,-6.970554
15472,0,-6.970554
15473,0,-6.970554
15474,0,-5.8007617
15475,0,-5.8007617
15476,0,-6.970554
15477,0,-6.970554
15478,0,-6.970554
15479,1,-5.2545414
15480,0,-6.970554
15481,1,-3.6411667
15482,1,-6.397397
15483,0,-6.970554
15484,1,-7.001639
15485,1,-6.584995
15486,1,-5.2148757
15487,1,-2.7779531
15488,1,-4.3849998
15489,1,-4.6613183
15490,1,-7.172637
15491,1,-5.080986
15492,1,-6.1444254
15493,0,-6.1444254
15494,1,-6.6814594
15495,1,-6.0964932
15496,0,-6.970554
15497,1,-6.166269
15498,1,-6.166269
15499,1,-4.7440658
15500,1,-2.050715
15501,1,-0.48530692
15502,1,-0.48530692
15503,1,-5.827496
15504,0,-6.970554
15505,1,-5.406574
15506,1,-3.4890926
15507,0,-5.908567
15508,1,-6.902697
15509,1,-2.0829809
15510,0,-6.970554
15511,0,-5.6640115
15512,1,-4.5123224
15513,0,-6.970554
15514,0,-6.970554
15515,1,-5.300007
15516,1,-6.34601
15517,1,-5.713186
15518,1,-5.1392307
15519,1,-1.6570227
15520,1,-3.4130468
15521,1,-6.970554
15522,1,-5.6205273
15523,0,-5.6205273
15524,1,-5.6205273
15525,1,-6.970554
15526,0,-6.970554
15527,0,-6.970554
15528,1,-6.970554
15529,1,-6.970554
15530,0,-6.822328
15531,1,-6.970554
15532,0,-6.970554
15533,0,-6.970554
15534,0,-6.970554
15535,0,-6.970554
15536,0,-6.970554
15537,0,-6.970554
15538,0,-6.970554
15539,0,-6.970554
15540,0,-6.970554
15541,0,-6.970554
15542,0,-6.970554
15543,0,-6.970554
15544,0,-6.970554
15545,0,-6.970554
15546,1,-5.0372343
15547,0,-6.970554
15548,1,-6.970554
15549,1,-5.112274
15550,0,-7.192238
15551,0,-5.773121
15552,1,-4.860995
15553,0,-6.970554
15554,1,-5.390731
15555,1,-3.5122669
15556,1,-0.2892564
15557,0,-6.970554
15558,0,-6.970554
15559,1,-6.970554
15560,0,-6.970554
15561,1,-1.5877724
15562,1,-1.24947
15563,1,-3.461583
15564,1,-2.919843
15565,0,-6.970554
15566,1,-6.5747814
15567,1,-6.970554
15568,1,-6.970554
15569,1,-5.3292637
15570,0,-6.970554
15571,0,-6.970554
15572,0,-6.970554
15573,0,-6.970554
15574,1,-4.3152175
15575,1,-6.1998124
15576,0,-6.1998124
15577,1,-4.420241
15578,1,-2.9889388
15579,0,-2.9889388
15580,1,-4.8821826
15581,1,-4.5952525
15582,1,-5.4699206
15583,1,-5.4699206
15584,0,-4.3013053
15585,0,-4.3013053
15586,1,-3.094931
15587,1,-4.5460944
15588,0,-5.6494575
15589,0,-6.970554
15590,0,-6.970554
15591,0,-5.366963
15592,0,-6.970554
15593,1,-1.4491887
15594,0,-6.970554
15595,1,-3.8672326
15596,0,-3.8672326
15597,0,-6.970554
15598,0,-6.970554
15599,1,-0.62914264
15600,0,-6.970554
15601,1,-5.780567
15602,1,-5.037013
15603,1,-3.3005884
15604,0,-6.970554
15605,0,-6.970554
15606,1,-6.970554
15607,0,-6.970554
15608,1,-5.6740136
15609,1,-4.767013
15610,1,-6.970554
15611,0,-6.970554
15612,0,-6.582557
15613,1,-5.845334
15614,0,-5.845334
15615,0,-5.845334
15616,0,-6.970554
15617,1,-6.4805408
15618,1,-4.2241344
15619,1,-6.3645754
15620,1,-3.6436174
15621,1,-6.970554
15622,1,-2.6283298
15623,1,-2.7917433
15624,0,-6.970554
15625,1,-4.708384
15626,1,-2.9351707
15627,0,-2.9351707
15628,0,-6.9015174
15629,0,-6.970554
15630,0,-6.970554
15631,1,-3.9738731
15632,0,-6.970554
15633,0,-6.970554
15634,1,-4.2550793
15635,1,-4.4086347
15636,0,-6.970554
15637,0,-6.970554
15638,0,-6.970554
15639,0,-6.970554
15640,0,-6.970554
15641,0,-6.970554
15642,0,-6.970554
15643,1,-6.970554
15644,0,-6.970554
15645,0,-6.970554
15646,0,-6.970554
15647,0,-6.970554
15648,0,-6.970554
15649,0,-6.970554
15650,0,-6.970554
15651,0,-6.970554
15652,0,-6.970554
15653,0,-6.970554
15654,1,-3.0813067
15655,1,-5.5101595
15656,1,-3.1649826
15657,1,-3.1649826
15658,0,-6.970554
15659,0,-6.970554
15660,1,-6.970554
15661,1,-6.0314155
15662,1,-6.970554
15663,1,-6.970554
15664,0,-6.970554
15665,0,-6.970554
15666,0,-6.970554
15667,1,-6.970554
15668,0,-6.970554
15669,0,-6.970554
15670,0,-6.970554
15671,0,-6.970554
15672,0,-6.970554
15673,1,-5.8473487
15674,0,-6.970554
15675,1,-4.263736
15676,0,-5.8804245
15677,0,-6.970554
15678,1,-2.5331314
15679,0,-6.970554
15680,1,-3.519031
15681,1,-4.987075
15682,0,-6.970554
15683,1,-1.6731418
15684,1,-0.3617374
15685,1,-5.749353
15686,1,0.63665396
15687,0,-6.970554
15688,0,-6.970554
15689,0,-6.970554
15690,0,-6.970554
15691,1,-3.7736914
15692,1,-5.438016
15693,1,-5.909037
15694,1,-2.2144961
15695,1,-3.4540968
15696,1,-3.915469
15697,0,-5.552154
15698,0,-6.970554
15699,0,-6.970554
15700,1,-3.2989662
15701,1,-5.946466
15702,0,-6.970554
15703,0,-6.970554
15704,0,-6.970554
15705,0,-6.970554
15706,1,-5.8734727
15707,1,-5.7190948
15708,0,-5.60162
15709,0,-6.970554
15710,1,-6.970554
15711,1,-6.970554
15712,0,-6.970554
15713,0,-6.682909
15714,0,-6.970554
15715,0,-6.970554
15716,1,-4.2582293
15717,1,-1.6837339
15718,0,-6.8476286
15719,0,-6.970554
15720,1,-4.369885
15721,1,-4.032112
15722,0,-4.032112
15723,1,-1.5367987
15724,0,-6.970554
15725,1,-3.6997626
15726,0,-6.970554
15727,0,-6.970554
15728,1,-5.192866
15729,0,-6.970554
15730,1,-2.981472
15731,1,-3.048544
15732,1,-4.90349
15733,0,-6.970554
15734,1,-6.970554
15735,0,-6.5749774
15736,1,-6.970554
15737,0,-4.675612
15738,1,-5.1559286
15739,1,-4.445333
15740,0,-6.648756
15741,1,-4.357324
15742,1,-5.0473366
15743,1,-1.9006912
15744,1,-4.614373
15745,1,-3.1849363
15746,0,-6.970554
15747,0,-6.970554
15748,0,-6.970554
15749,0,-6.970554
15750,1,-5.934656
15751,1,-1.7840128
15752,0,-4.940636
15753,1,-4.9605894
15754,1,-6.3553557
15755,0,-6.3553557
15756,0,-6.970554
15757,0,-6.970554
15758,0,-6.970554
15759,0,-6.970554
15760,1,-1.9328202
15761,0,-6.970554
15762,0,-6.970554
15763,1,-2.9784005
15764,1,-6.840049
15765,0,-6.970554
15766,1,-5.4924254
15767,1,-5.3405366
15768,0,-6.970554
15769,0,-5.3587713
15770,0,-5.366963
15771,1,-5.366963
15772,1,-6.0391874
15773,0,-6.8366814
15774,1,-6.970554
15775,0,-6.970554
15776,1,-5.744848
15777,1,-2.7906027
15778,1,-5.3789883
15779,1,-3.0169215
15780,1,-4.7383943
15781,1,-4.7383943
15782,0,-6.970554
15783,1,-0.636218
15784,1,-6.970554
15785,1,-6.0997005
15786,1,-3.0106118
15787,1,-6.970554
15788,1,-5.5273023
15789,1,-5.709829
15790,0,-6.509409
15791,1,-4.556044
15792,1,-1.2010293
15793,1,-5.1259813
15794,0,-6.970554
15795,1,-4.6814337
15796,1,-7.131693
15797,0,-5.7981086
15798,0,-6.970554
15799,1,-6.082424
15800,0,-6.970554
15801,0,-6.970554
15802,1,-4.025171
15803,0,-6.4054117
15804,0,-6.970554
15805,0,-5.371991
15806,1,-2.539287
15807,0,-2.539287
15808,0,-5.448376
15809,0,-2.7550073
15810,1,-3.6242645
15811,1,-3.7136462
15812,0,-5.643614
15813,1,-6.649272
15814,1,-3.7422328
15815,1,-4.493798
15816,0,-6.970554
15817,1,-6.970554
15818,0,-6.970554
15819,0,-6.970554
15820,0,-6.970554
15821,0,-6.740798
15822,0,-6.970554
15823,1,-6.970554
15824,0,-6.6019087
15825,0,-6.970554
15826,1,-5.825781
15827,0,-6.970554
15828,1,-6.5197496
15829,1,-5.3884044
15830,1,-3.3299577
15831,0,-6.970554
15832,1,-4.826874
15833,0,-6.970554
15834,0,-6.970554
15835,1,-5.69428
15836,1,-2.8454714
15837,1,-6.970554
15838,0,-6.970554
15839,0,-6.970554
15840,0,-6.970554
15841,1,-6.970554
15842,1,-6.582557
15843,0,-6.970554
15844,0,-5.559794
15845,1,-4.5181913
15846,1,-5.3028584
15847,0,-6.970554
15848,0,-6.970554
15849,1,-2.684292
15850,1,-5.85293
15851,0,-6.970554
15852,0,-6.0626807
15853,0,-6.0626807
15854,1,-1.5964193
15855,1,-2.3855007
15856,1,-3.8787813
15857,1,-3.041494
15858,0,-6.970554
15859,1,-5.228799
15860,0,-6.970554
15861,1,-6.213653
15862,0,-4.8164573
15863,1,-4.8164573
15864,0,-6.1030283
15865,0,-4.817281
15866,0,-6.8476286
15867,0,-6.740798
15868,1,0.45185602
15869,0,-6.970554
15870,1,-3.8845513
15871,0,-6.970554
15872,0,-6.970554
15873,1,-5.85838
15874,0,-6.970554
15875,0,-6.970554
15876,0,-6.970554
15877,0,-6.970554
15878,0,-6.970554
15879,0,-6.970554
15880,0,-6.970554
15881,0,-6.970554
15882,0,-6.970554
15883,0,-6.970554
15884,0,-6.970554
15885,0,-6.970554
15886,1,-5.2545414
15887,1,-3.6411667
15888,0,-3.6411667
15889,0,-6.970554
15890,1,-7.001639
15891,1,-7.001639
15892,1,-6.584995
15893,0,-5.2148757
15894,0,-6.970554
15895,1,-6.970554
15896,1,-2.7779531
15897,0,-6.7054825
15898,1,-7.172637
15899,1,-4.824237
15900,1,-5.6621947
15901,1,-5.1593614
15902,1,-4.8485785
15903,0,-6.85813
15904,1,-5.433814
15905,1,-0.48530692
15906,1,-6.4532604
15907,0,-6.970554
15908,1,-2.0950963
15909,1,-2.58757
15910,1,-6.970554
15911,0,-6.970554
15912,0,-6.970554
15913,0,-5.300007
15914,0,-6.970554
15915,0,-6.34601
15916,0,-6.970554
15917,1,-6.12343
15918,1,-5.6205273
15919,0,-5.6205273
15920,1,-6.66368
15921,0,-6.970554
15922,1,-6.970554
15923,0,-4.9610667
15924,1,-2.0024254
15925,0,-6.970554
15926,1,-6.970554
15927,1,-6.0172706
15928,0,-6.0172706
15929,0,-6.970554
15930,0,-6.970554
15931,0,-6.970554
15932,1,-4.796741
15933,0,-6.582557
15934,1,-4.7099233
15935,1,-5.112274
15936,0,-6.970554
15937,0,-6.970554
15938,1,-6.970554
15939,1,-5.773121
15940,0,-6.970554
15941,1,-4.860995
15942,0,-3.5122669
15943,1,-3.803534
15944,1,-0.2892564
15945,0,-6.970554
15946,0,-6.970554
15947,1,-5.577685
15948,1,-6.970554
15949,0,-5.986206
15950,1,-5.986206
15951,0,-6.970554
15952,0,-6.970554
15953,1,-1.5877724
15954,0,-6.970554
15955,0,-6.970554
15956,0,-6.970554
15957,0,-6.5935106
15958,1,-6.970554
15959,0,-4.420241
15960,0,-6.970554
15961,0,-6.970554
15962,0,-6.970554
15963,0,-6.970554
15964,1,-1.1635714
15965,1,-5.4699206
15966,1,-4.6931295
15967,1,-4.3013053
15968,1,-4.8522673
15969,0,-4.5460944
15970,1,-6.970554
15971,1,-6.970554
15972,0,-6.970554
15973,0,-6.970554
15974,1,-4.193103
15975,0,-6.970554
15976,0,-0.62914264
15977,1,-0.62914264
15978,0,-6.970554
15979,0,-6.970554
15980,0,-6.970554
15981,0,-6.970554
15982,1,-4.438855
15983,0,-6.779955
15984,1,-5.332482
15985,0,-5.037013
15986,0,-6.970554
15987,0,-6.582557
15988,1,-6.236979
15989,0,-6.970554
15990,0,-6.970554
15991,1,-6.3727283
15992,1,-3.528995
15993,1,-6.295371
15994,1,-5.845334
15995,0,-5.845334
15996,1,-5.845334
15997,0,-6.970554
15998,1,-4.2241344
15999,0,-6.970554
16000,0,-6.970554
16001,1,-3.421237
16002,1,-2.6283298
16003,0,-6.970554
16004,0,-6.970554
16005,1,-2.9351707
16006,1,-2.9351707
16007,0,-6.9015174
16008,0,-6.9015174
16009,0,-6.970554
16010,0,-6.970554
16011,1,-6.6998806
16012,1,-3.9738731
16013,0,-6.970554
16014,0,-6.970554
16015,0,-6.970554
16016,0,-6.970554
16017,0,-6.970554
16018,0,-6.970554
16019,0,-6.970554
16020,1,-5.425441
16021,0,-6.970554
16022,0,-6.970554
16023,1,-5.4436502
16024,0,-6.970554
16025,1,-6.970554
16026,0,-6.970554
16027,0,-6.970554
16028,1,-6.624256
16029,0,-6.970554
16030,0,-6.970554
16031,1,-6.970554
16032,1,-6.970554
16033,0,-6.970554
16034,1,-5.7308726
16035,1,-2.049994
16036,0,-6.970554
16037,0,-6.970554
16038,0,-6.970554
16039,0,-6.8476286
16040,0,-6.822328
16041,0,-6.8476286
16042,0,-6.970554
16043,0,-6.582557
16044,1,-5.8473487
16045,0,-6.970554
16046,1,-4.263736
16047,0,-6.970554
16048,1,-6.779955
16049,1,-5.8804245
16050,0,-6.970554
16051,0,-6.970554
16052,0,-6.970554
16053,1,-4.773336
16054,1,-4.958159
16055,0,-6.970554
16056,0,-7.048445
16057,1,-3.369818
16058,1,-5.498303
16059,1,0.63665396
16060,0,-6.970554
16061,0,-6.970554
16062,1,-6.970554
16063,0,-6.970554
16064,0,-6.970554
16065,0,-6.970554
16066,1,-2.9480677
16067,1,-2.035888
16068,0,-6.779955
16069,0,-6.970554
16070,0,-6.970554
16071,1,-5.438016
16072,1,-5.438016
16073,1,-4.670255
16074,1,-6.970554
16075,1,-6.0356483
16076,0,-6.970554
16077,1,-2.2144961
16078,1,-2.2144961
16079,0,-6.970554
16080,1,-5.552154
16081,0,-6.970554
16082,0,-6.970554
16083,0,-3.2989662
16084,1,-3.2989662
16085,1,-6.970554
16086,0,-6.970554
16087,1,-5.0417323
16088,0,-6.970554
16089,1,-6.970554
16090,1,-6.31893
16091,0,-5.60162
16092,0,-5.60162
16093,1,-5.000146
16094,1,-6.970554
16095,0,-6.970554
16096,0,-6.970554
16097,0,-6.970554
16098,0,-6.682909
16099,0,-6.970554
16100,0,-6.970554
16101,0,-5.841164
16102,0,-6.970554
16103,1,-6.970554
16104,1,-1.5367987
16105,1,-1.5367987
16106,1,-3.4060848
16107,1,-6.970554
16108,1,-6.970554
16109,0,-6.970554
16110,1,-6.0778227
16111,1,-5.617147
16112,1,-4.1545987
16113,1,-6.4200916
16114,0,-6.970554
16115,0,-6.970554
16116,1,-5.192866
16117,0,-5.8970213
16118,1,-4.1801515
16119,1,-2.4818666
16120,1,-3.048544
16121,1,-6.970554
16122,0,-6.970554
16123,0,-6.782846
16124,0,-6.782846
16125,1,-5.5257134
16126,1,-6.970554
16127,1,-6.970554
16128,0,-6.970554
16129,1,-5.1159687
16130,0,-4.675612
16131,0,-5.1559286
16132,0,-6.648756
16133,1,-6.5333347
16134,0,-6.970554
16135,1,-4.614373
16136,1,-4.614373
16137,1,-4.7448654
16138,1,-4.7083497
16139,0,-6.970554
16140,1,-5.009634
16141,0,-6.970554
16142,1,-4.9605894
16143,0,-4.9605894
16144,0,-4.9605894
16145,0,-4.9605894
16146,0,-4.9605894
16147,0,-4.9605894
16148,1,-3.451186
16149,0,-6.970554
16150,0,-6.970554
16151,0,-6.970554
16152,0,-6.822328
16153,1,-6.970554
16154,0,-2.9784005
16155,1,-6.970554
16156,1,-6.970554
16157,1,-6.840049
16158,1,-1.2183007
16159,0,-6.970554
16160,0,-6.970554
16161,0,-6.970554
16162,0,-6.970554
16163,1,-5.546408
16164,0,-6.970554
16165,1,-5.4924254
16166,0,-6.970554
16167,0,-6.970554
16168,0,-6.970554
16169,1,-5.366963
16170,1,-4.8043566
16171,1,-5.3789883
16172,1,-5.6692505
16173,1,-4.7383943
16174,0,-6.970554
16175,0,-6.970554
16176,1,-5.3153825
16177,1,-4.344411
16178,1,-6.970554
16179,0,-6.0997005
16180,0,-6.970554
16181,0,-6.970554
16182,0,-3.0106118
16183,1,-6.970554
16184,1,-4.4865656
16185,0,-6.970554
16186,1,-4.0801597
16187,0,-6.970554
16188,0,-6.970554
16189,1,-5.1259813
16190,0,-6.970554
16191,0,-6.970554
16192,0,-6.970554
16193,0,-6.970554
16194,0,-6.970554
16195,1,-4.6814337
16196,1,-4.456203
16197,1,-7.131693
16198,1,-6.970554
16199,1,-1.0207083
16200,0,-6.970554
16201,1,-4.025171
16202,0,-6.884992
16203,1,-5.371991
16204,1,-5.448376
16205,1,-6.044089
16206,1,-3.6242645
16207,0,-3.6242645
16208,0,-6.8476286
16209,0,-3.1975262
16210,0,-6.649272
16211,0,-6.649272
16212,0,-6.970554
16213,0,-6.970554
16214,0,-6.970554
16215,1,-5.000146
16216,1,-5.86462
16217,1,-5.7346344
16218,0,-6.970554
16219,0,-6.970554
16220,0,-6.582557
16221,1,-2.8736324
16222,1,-5.825781
16223,1,-6.5197496
16224,1,-6.5197496
16225,0,-5.3884044
16226,0,-3.3299577
16227,0,-6.970554
16228,1,-4.8892975
16229,0,-6.970554
16230,0,-6.970554
16231,1,-4.826874
16232,0,-4.826874
16233,0,-6.970554
16234,1,-5.69428
16235,0,-5.69428
16236,0,-6.970554
16237,0,-6.582557
16238,0,-6.970554
16239,1,-5.608149
16240,1,-3.559065
16241,1,-6.582557
16242,1,-6.396076
16243,0,-6.970554
16244,1,-6.970554
16245,0,-6.970554
16246,0,-5.559794
16247,1,-6.49231
16248,0,-4.5181913
16249,0,-6.970554
16250,0,-6.970554
16251,1,-5.3028584
16252,0,-6.5749774
16253,0,-6.970554
16254,0,-6.970554
16255,0,-6.970554
16256,0,-6.970554
16257,0,-6.970554
16258,1,-4.641983
16259,0,-6.0626807
16260,1,-5.648591
16261,0,-1.5964193
16262,0,-1.5964193
16263,0,-6.970554
16264,0,-3.8787813
16265,1,-3.041494
16266,0,-6.970554
16267,1,-1.213683
16268,1,-6.127552
16269,1,-5.228799
16270,1,-6.2622037
16271,0,-6.2622037
16272,1,-4.8164573
16273,0,-4.8164573
16274,1,-6.1030283
16275,0,-4.817281
16276,1,-5.3951783
16277,1,-6.970554
16278,1,0.45185602
16279,0,0.45185602
16280,0,-6.970554
16281,1,-3.8845513
16282,0,-6.970554
16283,1,-3.9142895
16284,0,-6.970554
16285,0,-6.970554
16286,0,-6.970554
16287,0,-6.166269
16288,0,-6.970554
16289,0,-5.112274
16290,0,-5.577685
16291,0,-6.970554
16292,0,-6.970554
16293,0,-4.8821826
16294,0,-6.970554
16295,0,-6.970554
16296,0,-5.845334
16297,0,-5.845334
16298,0,-5.845334
16299,0,-6.9015174
16300,0,-6.9015174
16301,0,-6.970554
16302,0,-3.519031
16303,0,-6.970554
16304,0,-6.970554
16305,0,-6.970554
16306,0,-6.970554
16307,0,-5.2606487
16308,0,-6.970554
16309,0,-6.970554
16310,0,-6.970554
16311,0,-6.970554
16312,0,-6.970554
16313,0,-6.970554
16314,0,-6.970554
16315,0,-6.970554
16316,0,-6.970554
16317,0,-3.0169215
16318,0,-4.344411
16319,0,-6.970554
16320,0,-6.970554
16321,0,-5.825781
16322,0,-4.8892975
16323,0,-4.8892975
16324,0,-6.0626807
16325,0,-6.970554
16326,0,-6.970554
16327,1,-4.6373453
16328,1,-2.518827
16329,1,-4.9638543
16330,0,-6.970554
16331,1,-5.322657
16332,0,-6.970554
16333,1,-6.970554
16334,1,-6.648843
16335,0,-6.970554
16336,0,-6.970554
16337,1,-6.7569633
16338,0,-6.970554
16339,0,-6.970554
16340,0,-6.970554
16341,0,-6.970554
16342,1,-6.92961
16343,0,-6.970554
16344,1,-4.2459435
16345,1,-7.093296
16346,0,-6.970554
16347,0,-6.840049
16348,1,-6.840049
16349,1,-1.1067383
16350,1,-4.1554837
16351,0,-6.1639843
16352,0,-6.970554
16353,0,-6.970554
16354,1,-6.1554112
16355,0,-5.967658
16356,1,-1.3396808
16357,0,-6.970554
16358,0,-6.970554
16359,0,-6.970554
16360,0,-6.970554
16361,0,-6.0642967
16362,0,-6.970554
16363,1,0.78952473
16364,0,-6.970554
16365,1,-2.893867
16366,1,-2.893867
16367,0,-6.970554
16368,1,-4.4847126
16369,0,-6.970554
16370,1,-4.8981304
16371,0,-5.3358736
16372,1,-5.3358736
16373,1,-5.7599087
16374,1,-5.7681556
16375,0,-6.970554
16376,1,-3.3711915
16377,0,-6.970554
16378,1,-2.3699226
16379,1,-6.212263
16380,0,-3.5081441
16381,0,-6.970554
16382,0,-6.970554
16383,1,1.2318354
16384,0,-6.682909
16385,0,-5.7874885
16386,0,-6.175632
16387,1,-3.3915455
16388,1,-4.0506344
16389,0,-6.970554
16390,1,-6.970554
16391,1,-6.970554
16392,0,-5.3970428
16393,1,-5.3970428
16394,1,-6.125082
16395,0,-6.970554
16396,1,-3.8250985
16397,1,-4.682011
16398,0,-6.76225
16399,0,-6.6743116
16400,1,-5.052628
16401,1,-3.3188386
16402,1,-5.48365
16403,1,-0.47557217
16404,1,-4.7404513
16405,0,-6.970554
16406,1,-7.172637
16407,0,-6.970554
16408,0,-6.970554
16409,0,-6.76225
16410,1,-3.307
16411,0,-6.970554
16412,0,-6.970554
16413,1,-6.970554
16414,1,-5.186713
16415,1,-4.4592233
16416,0,-6.970554
16417,0,-7.093296
16418,1,-6.970554
16419,1,-3.7855058
16420,0,-4.713383
16421,0,-4.713383
16422,0,-4.713383
16423,1,-5.438021
16424,0,-6.970554
16425,1,-5.5050197
16426,1,-5.5050197
16427,0,-5.5050197
16428,0,-6.822328
16429,0,-6.970554
16430,0,-6.970554
16431,1,-3.5882413
16432,1,-4.0673814
16433,1,-4.0673814
16434,1,-5.6712346
16435,1,-5.3641434
16436,1,-6.970554
16437,1,-6.970554
16438,1,-2.6519454
16439,1,-4.580369
16440,1,-4.4141927
16441,1,-4.6042757
16442,1,-5.9822493
16443,1,-6.046734
16444,1,-6.3595214
16445,1,-4.8727317
16446,1,-4.0824165
16447,1,-2.4565399
16448,0,-6.970554
16449,1,-6.2458873
16450,0,-6.970554
16451,1,-6.970554
16452,1,-3.6287344
16453,1,-3.874473
16454,0,-6.970554
16455,1,-6.3202224
16456,1,-5.3562775
16457,1,-4.7108827
16458,1,-0.90646625
16459,0,-7.093296
16460,0,-6.970554
16461,1,0.8157319
16462,1,-4.6488833
16463,1,-2.181693
16464,1,-4.9244394
16465,1,-4.33192
16466,1,-5.7586536
16467,1,-5.4844933
16468,1,-6.6743116
16469,0,-6.2798657
16470,0,-6.970554
16471,1,-5.1674175
16472,1,-5.5987954
16473,1,-5.956731
16474,0,-6.970554
16475,0,-6.970554
16476,1,-6.970554
16477,1,-1.8989718
16478,0,-6.970554
16479,1,-3.3180208
16480,1,-3.3632712
16481,1,-3.3632712
16482,1,-2.594657
16483,1,-3.2521467
16484,0,-6.8476286
16485,0,-5.9363055
16486,0,-6.970554
16487,1,-4.9122024
16488,0,-4.9122024
16489,1,-6.451785
16490,1,-4.0090356
16491,0,-4.0090356
16492,1,-4.0090356
16493,1,-4.3588357
16494,1,-4.3588357
16495,0,-6.7675543
16496,1,-5.1498885
16497,1,-6.970554
16498,1,-5.592398
16499,0,-5.592398
16500,1,0.3058947
16501,1,-5.927423
16502,1,-5.269398
16503,0,-4.4569383
16504,0,-4.2149935
16505,1,-6.1235795
16506,1,-5.632608
16507,0,-6.970554
16508,1,-4.855409
16509,0,-6.3144946
16510,0,-6.7830853
16511,1,-6.970554
16512,1,-6.970554
16513,1,-6.970554
16514,1,-3.2415829
16515,1,-3.2415829
16516,0,-6.970554
16517,1,-6.1721535
16518,1,-6.970554
16519,1,-5.230421
16520,1,-4.3098884
16521,1,-1.179398
16522,1,-3.811716
16523,1,-5.8612013
16524,1,-5.4064217
16525,0,-6.970554
16526,1,-6.5811076
16527,0,-6.970554
16528,1,-5.3730197
16529,0,-6.682909
16530,0,-4.1511903
16531,0,-6.970554
16532,1,-5.866667
16533,0,-5.866667
16534,0,-5.866667
16535,0,-5.866667
16536,1,-3.575843
16537,1,-6.970554
16538,1,-0.5734833
16539,1,-3.4711998
16540,0,-6.682909
16541,1,-3.2722905
16542,0,-6.970554
16543,0,-6.970554
16544,1,-5.4931784
16545,1,-5.1040335
16546,0,-6.925484
16547,1,-6.970554
16548,1,-4.661908
16549,1,-4.681112
16550,0,-4.681112
16551,0,-6.970554
16552,0,-6.970554
16553,1,-4.4255667
16554,0,-6.970554
16555,0,-6.970554
16556,0,-6.357063
16557,1,-3.1907496
16558,1,-6.970554
16559,0,-5.974081
16560,1,-5.147286
16561,1,-6.970554
16562,1,-5.6057844
16563,0,-6.970554
16564,1,-4.468448
16565,0,-6.970554
16566,1,-4.7277308
16567,0,-6.970554
16568,1,-3.7582238
16569,0,-6.92961
16570,1,-2.7263165
16571,0,-6.970554
16572,1,-6.970554
16573,1,-6.636446
16574,1,-6.970554
16575,0,-6.970554
16576,0,-6.970554
16577,1,-6.970554
16578,0,-6.970554
16579,0,-6.970554
16580,1,-2.298213
16581,0,-5.0733376
16582,1,-3.799324
16583,0,-6.970554
16584,0,-6.970554
16585,0,-6.970554
16586,0,-6.049467
16587,1,-5.413104
16588,1,-4.567371
16589,1,-6.8066845
16590,1,-2.99518
16591,1,-4.818441
16592,1,-5.140152
16593,1,-5.2994103
16594,1,-6.2411537
16595,1,-5.993387
16596,1,-5.993387
16597,1,-5.9863935
16598,1,-0.91917294
16599,1,-5.717891
16600,0,-5.717891
16601,0,-6.970554
16602,1,-6.970554
16603,1,-4.428397
16604,1,-4.634095
16605,0,-6.970554
16606,0,-6.970554
16607,0,-6.970554
16608,0,-6.970554
16609,1,-2.9280205
16610,1,-4.8930945
16611,1,-5.0544405
16612,1,-5.173479
16613,1,-3.782184
16614,1,-5.164474
16615,1,-5.804725
16616,1,-5.804725
16617,1,-5.686974
16618,1,-0.71343035
16619,1,-6.970554
16620,0,-6.970554
16621,1,-4.139132
16622,1,-4.6054482
16623,0,-6.970554
16624,1,-2.581435
16625,1,-6.970554
16626,1,-4.95807
16627,1,-4.95807
16628,1,-3.941781
16629,1,-3.941781
16630,0,-6.970554
16631,0,-6.970554
16632,1,-6.241833
16633,0,-6.241833
16634,0,-6.241833
16635,0,-6.241833
16636,0,-6.241833
16637,0,-6.241833
16638,0,-6.241833
16639,0,-6.970554
16640,0,-6.437279
16641,0,-6.970554
16642,1,-6.6743116
16643,0,-6.6743116
16644,1,-3.6369147
16645,1,-5.100519
16646,1,-4.3714504
16647,1,-5.30833
16648,1,-5.2849283
16649,1,-3.2690616
16650,0,-6.970554
16651,0,-4.8088527
16652,1,-3.8501132
16653,1,-3.2594101
16654,0,-3.2594101
16655,1,-3.7205012
16656,0,-6.970554
16657,0,-6.970554
16658,0,-6.970554
16659,0,-6.970554
16660,0,-6.970554
16661,0,-6.970554
16662,0,-6.970554
16663,0,-6.970554
16664,1,-2.3831384
16665,0,-6.636446
16666,1,-6.099945
16667,0,-6.822328
16668,1,-2.6296334
16669,0,-6.92127
16670,0,-6.4837127
16671,0,-3.5675266
16672,1,-5.190715
16673,1,-5.190715
16674,0,-6.970554
16675,0,-6.970554
16676,1,-3.1647103
16677,1,-1.21805
16678,0,-6.970554
16679,0,-6.970554
16680,1,-5.0494423
16681,0,-6.970554
16682,1,-4.690636
16683,0,-5.7107673
16684,1,-6.970554
16685,1,-6.970554
16686,1,-3.7570486
16687,0,-6.970554
16688,1,-5.000387
16689,1,-4.8202853
16690,1,-3.415824
16691,1,-6.787078
16692,0,-3.6116235
16693,1,-3.6116235
16694,1,-5.117554
16695,0,-6.970554
16696,0,-6.970554
16697,0,-6.970554
16698,0,-4.5923276
16699,1,-5.749353
16700,0,-6.8282247
16701,0,-6.970554
16702,1,-6.74989
16703,1,-3.4800687
16704,1,-5.7008753
16705,0,-6.970554
16706,1,-3.5518725
16707,0,-6.159259
16708,1,-5.242948
16709,0,-6.970554
16710,0,-6.970554
16711,0,-6.970554
16712,1,-3.2282758
16713,1,-1.384403
16714,1,-7.093296
16715,0,-6.970554
16716,1,-3.490217
16717,1,-3.8451486
16718,0,-6.970554
16719,0,-4.797448
16720,1,-5.5871153
16721,0,-6.970554
16722,0,-6.970554
16723,0,-6.970554
16724,0,-6.970554
16725,0,-6.970554
16726,0,-6.970554
16727,0,-6.970554
16728,1,-5.4016247
16729,0,-6.663308
16730,0,-6.970554
16731,0,-6.4343314
16732,1,-0.7752839
16733,1,-5.257917
16734,1,-4.386325
16735,0,-4.386325
16736,1,-5.0264144
16737,1,-5.9774084
16738,1,-4.971729
16739,0,-6.6155496
16740,0,-6.970554
16741,0,-6.970554
16742,1,-6.970554
16743,0,-6.970554
16744,1,-6.35668
16745,0,-6.970554
16746,0,-6.970554
16747,1,-6.7054825
16748,0,-6.6743116
16749,1,-6.6743116
16750,1,-0.63417155
16751,1,-5.3891587
16752,0,-6.970554
16753,1,-3.62383
16754,0,-6.9075656
16755,1,-2.7758064
16756,1,-3.2206194
16757,0,-6.970554
16758,1,-6.8366814
16759,1,-6.970554
16760,0,-3.409321
16761,1,-6.3439426
16762,1,-6.3439426
16763,1,-4.699387
16764,1,-2.7232628
16765,0,-6.970554
16766,0,-6.970554
16767,1,-5.4350786
16768,1,-5.484454
16769,1,-5.9453464
16770,0,-5.508203
16771,0,-6.970554
16772,0,-6.0691695
16773,0,-6.970554
16774,1,-2.6264904
16775,1,-3.6011395
16776,1,-4.3133926
16777,0,-4.3133926
16778,1,-6.902697
16779,1,-6.902697
16780,1,-4.0903907
16781,0,-6.970554
16782,0,-6.970554
16783,0,-6.970554
16784,0,-6.970554
16785,1,-4.9482403
16786,1,-3.2602582
16787,1,-6.9138274
16788,1,-6.9138274
16789,0,-6.970554
16790,1,-4.6373453
16791,0,-2.518827
16792,0,-2.518827
16793,0,-2.518827
16794,1,-4.118497
16795,1,-4.9638543
16796,0,-6.970554
16797,0,-5.322657
16798,1,-6.970554
16799,1,-5.492686
16800,1,-6.970554
16801,1,-2.247467
16802,0,-6.970554
16803,1,-5.8055677
16804,1,-6.7569633
16805,0,-6.970554
16806,0,-6.970554
16807,0,-6.92961
16808,1,-4.876831
16809,1,-3.32528
16810,0,-6.4528027
16811,1,-6.840049
16812,0,-6.970554
16813,0,-6.970554
16814,0,-6.970554
16815,1,-1.9308008
16816,1,-4.845556
16817,0,-4.1554837
16818,1,-6.0603313
16819,0,-6.970554
16820,0,-6.970554
16821,1,-1.3396808
16822,0,-6.970554
16823,1,-4.4492373
16824,0,-6.970554
16825,1,-6.5599837
16826,0,-6.970554
16827,0,-6.970554
16828,0,-6.970554
16829,0,-6.970554
16830,0,-6.970554
16831,1,-1.8455906
16832,0,-6.970554
16833,1,-5.8321443
16834,1,-4.9721937
16835,1,-5.9433336
16836,0,-6.970554
16837,0,-6.970554
16838,1,-4.8398023
16839,0,-6.970554
16840,0,-6.970554
16841,0,-5.3358736
16842,1,-5.3358736
16843,0,-6.970554
16844,1,-6.8366814
16845,0,-6.970554
16846,0,-6.970554
16847,0,-6.6743116
16848,1,-3.3711915
16849,0,-3.3711915
16850,1,-5.788637
16851,0,-6.970554
16852,1,-2.3699226
16853,0,-2.3699226
16854,0,-2.3699226
16855,1,-5.5119643
16856,1,-5.0740786
16857,0,-3.5081441
16858,0,-6.970554
16859,1,-6.970554
16860,0,-6.970554
16861,1,1.2318354
16862,0,-6.970554
16863,1,-6.7090607
16864,1,-6.7090607
16865,1,-4.3650765
16866,1,-3.366755
16867,1,-5.253052
16868,0,-5.253052
16869,0,-6.970554
16870,1,-6.970554
16871,0,-6.970554
16872,1,-6.5599837
16873,1,-6.970554
16874,1,-5.3970428
16875,0,-5.3970428
16876,1,-5.8572874
16877,0,-6.6743116
16878,1,-6.1416316
16879,1,-4.9834924
16880,1,-6.8476286
16881,1,-3.8250985
16882,0,-6.970554
16883,0,-4.682011
16884,0,-6.970554
16885,0,-6.970554
16886,0,-6.6743116
16887,1,-5.48365
16888,1,-5.1683745
16889,0,-5.1683745
16890,0,-6.970554
16891,0,-6.76225
16892,0,-6.76225
16893,0,-6.76225
16894,0,-6.76225
16895,0,-6.7054825
16896,0,-6.67167
16897,1,-3.3831887
16898,1,-3.307
16899,0,-3.307
16900,1,-6.970554
16901,1,-3.224879
16902,1,-6.970554
16903,1,-4.3661566
16904,1,-5.186713
16905,0,-6.970554
16906,1,-2.9508965
16907,1,-6.970554
16908,1,-5.3662615
16909,1,-5.6692505
16910,1,-3.7855058
16911,1,-4.713383
16912,1,-5.5050197
16913,0,-6.970554
16914,1,-6.970554
16915,0,-6.6890054
16916,1,-4.0673814
16917,1,-4.0673814
16918,1,-4.0673814
16919,0,-5.3641434
16920,0,-5.3641434
16921,0,-6.970554
16922,1,-4.193712
16923,1,-6.3595214
16924,1,-6.970554
16925,0,-6.970554
16926,1,-5.3562775
16927,0,-6.970554
16928,0,-6.884992
16929,1,-4.6488833
16930,1,-4.9244394
16931,1,-4.33192
16932,1,-5.7586536
16933,0,-6.970554
16934,0,-5.3546767
16935,1,-6.6743116
16936,1,-6.970554
16937,0,-5.1674175
16938,0,-5.1674175
16939,1,-1.8989718
16940,0,-1.8989718
16941,1,-6.970554
16942,0,-6.970554
16943,1,-6.970554
16944,1,-3.2497263
16945,1,-3.3180208
16946,1,-6.970554
16947,1,-5.587333
16948,1,-3.3632712
16949,0,-3.3632712
16950,1,-4.5725517
16951,1,-5.4299703
16952,1,-4.8793383
16953,1,-4.9122024
16954,0,-6.7054825
16955,1,-6.451785
16956,1,-6.451785
16957,1,-4.0090356
16958,0,-4.0090356
16959,0,-4.0090356
16960,1,-4.3588357
16961,0,-6.7675543
16962,1,-5.1498885
16963,0,-5.1498885
16964,0,-6.970554
16965,0,-6.970554
16966,1,0.3058947
16967,1,-5.927423
16968,0,-6.970554
16969,1,-4.5833106
16970,1,-5.269398
16971,1,-5.9277163
16972,1,-4.2149935
16973,1,-3.5594757
16974,0,-3.5594757
16975,0,-5.632608
16976,0,-6.232803
16977,1,-4.6804566
16978,0,-6.7830853
16979,0,-6.7830853
16980,1,-6.970554
16981,1,-4.316868
16982,0,-6.970554
16983,1,-6.970554
16984,0,-6.970554
16985,1,-6.970554
16986,0,-6.1721535
16987,1,-6.970554
16988,0,-6.970554
16989,1,-6.3355026
16990,0,-6.970554
16991,1,-1.179398
16992,1,-6.735418
16993,0,-6.970554
16994,1,-5.882862
16995,0,-5.8612013
16996,1,-2.3451314
16997,0,-6.5811076
16998,1,-4.1511903
16999,1,-6.970554
17000,0,-5.866667
17001,1,-2.9605172
17002,1,-6.840049
17003,0,-6.840049
17004,0,-6.970554
17005,1,-4.1810718
17006,1,-5.6692505
17007,1,-5.1756783
17008,1,-4.4940257
17009,1,-6.5258307
17010,1,-5.1040335
17011,1,-6.925484
17012,1,-4.4255667
17013,0,-6.357063
17014,1,-6.970554
17015,0,-5.974081
17016,1,-5.072918
17017,0,-6.5749774
17018,1,-2.7408872
17019,1,-4.6682215
17020,1,-4.5510116
17021,1,-3.7582238
17022,0,-6.970554
17023,0,-6.970554
17024,1,-6.636446
17025,1,-0.7991366
17026,1,-5.270728
17027,0,-6.7054825
17028,1,-6.970554
17029,0,-6.970554
17030,0,-6.970554
17031,0,-6.970554
17032,0,-6.970554
17033,1,-6.392285
17034,0,-3.799324
17035,0,-3.799324
17036,0,-3.799324
17037,1,-6.840049
17038,1,-6.970554
17039,1,-6.254166
17040,0,-5.413104
17041,1,-5.413104
17042,1,-2.860997
17043,0,-6.970554
17044,0,-6.970554
17045,1,-3.3434973
17046,1,-6.2623153
17047,1,-3.019125
17048,1,-2.99518
17049,0,-4.818441
17050,1,-5.574656
17051,1,-5.2994103
17052,0,-0.91917294
17053,1,-5.717891
17054,1,-5.717891
17055,0,-6.970554
17056,0,-6.970554
17057,0,-6.970554
17058,0,-6.970554
17059,0,-6.970554
17060,0,-6.970554
17061,0,-4.428397
17062,0,-4.634095
17063,0,-6.970554
17064,0,-6.970554
17065,0,-6.840049
17066,0,-6.840049
17067,1,-4.3563113
17068,0,-6.970554
17069,1,-6.970554
17070,0,-6.970554
17071,1,-2.9280205
17072,1,-2.9280205
17073,0,-6.7054825
17074,1,-4.8930945
17075,1,-5.129253
17076,1,-4.763958
17077,0,-4.763958
17078,0,-5.164474
17079,1,-5.804725
17080,1,-5.686974
17081,1,-6.970554
17082,1,-6.970554
17083,0,-6.970554
17084,1,-6.8476286
17085,0,-6.822328
17086,0,-4.139132
17087,1,-4.6054482
17088,0,-6.251291
17089,1,-5.547428
17090,1,-6.970554
17091,1,-4.95807
17092,1,-3.941781
17093,0,-6.970554
17094,1,-6.4798317
17095,1,-5.5147185
17096,1,-3.6020536
17097,1,-3.6369147
17098,0,-6.970554
17099,0,-6.840049
17100,0,-5.100519
17101,0,-5.100519
17102,0,-4.3714504
17103,1,-5.8392873
17104,1,-5.2849283
17105,0,-6.970554
17106,1,-6.9298434
17107,1,-5.6438494
17108,1,-4.848908
17109,0,-6.970554
17110,0,-3.8501132
17111,0,-3.8501132
17112,1,-6.970554
17113,0,-6.970554
17114,0,-6.970554
17115,0,-6.970554
17116,0,-6.970554
17117,1,-6.970554
17118,0,-6.970554
17119,0,-6.970554
17120,0,-6.970554
17121,1,-6.970554
17122,1,-3.7390172
17123,0,-6.970554
17124,0,-5.190715
17125,0,-6.970554
17126,1,-6.970554
17127,0,-6.970554
17128,1,-6.970554
17129,1,-4.664966
17130,1,-3.0834377
17131,1,-5.620844
17132,1,-6.123661
17133,1,-6.970554
17134,1,-6.970554
17135,1,-4.5285916
17136,1,-5.7107673
17137,0,-6.970554
17138,0,-6.970554
17139,0,-6.970554
17140,1,-6.7054825
17141,1,-3.7570486
17142,0,-6.970554
17143,0,-6.970554
17144,1,-5.000387
17145,0,-6.970554
17146,1,-3.6116235
17147,1,-4.7505407
17148,0,-6.970554
17149,0,-6.1015954
17150,0,-4.32889
17151,1,-4.32889
17152,0,-4.5923276
17153,0,-5.749353
17154,0,-6.8282247
17155,0,-6.970554
17156,1,-4.995561
17157,0,-6.970554
17158,1,-5.8412724
17159,0,-5.3331504
17160,1,-6.970554
17161,1,-6.8476286
17162,0,-6.970554
17163,1,-5.465639
17164,1,-5.903463
17165,0,-6.970554
17166,0,-6.970554
17167,1,2.1079195
17168,0,-6.970554
17169,1,-4.797448
17170,0,-4.797448
17171,0,-6.970554
17172,0,-6.970554
17173,0,-6.970554
17174,0,-6.970554
17175,0,-6.970554
17176,0,-6.970554
17177,1,-5.144524
17178,1,-2.0389268
17179,1,-4.8127823
17180,1,-5.7148824
17181,1,-4.8622417
17182,0,-5.257917
17183,0,-6.3222976
17184,1,-1.7009895
17185,1,-5.5387454
17186,0,-6.970554
17187,1,-6.970554
17188,1,-6.7054825
17189,1,-6.6743116
17190,1,-6.6743116
17191,1,-5.3891587
17192,1,-5.3891587
17193,0,-6.970554
17194,0,-6.970554
17195,0,-6.9075656
17196,1,-2.7758064
17197,1,-3.375125
17198,1,-6.8366814
17199,1,-4.2705727
17200,0,-6.970554
17201,1,-6.970554
17202,0,-6.3439426
17203,1,-6.970554
17204,1,-5.561182
17205,1,-6.970554
17206,0,-6.970554
17207,0,-6.970554
17208,1,-5.4350786
17209,1,-5.484454
17210,0,-6.970554
17211,1,-6.970554
17212,1,-6.5333347
17213,0,-6.970554
17214,1,-6.970554
17215,1,-6.840049
17216,0,-6.970554
17217,0,-6.970554
17218,0,-3.6011395
17219,0,-4.3133926
17220,1,-6.902697
17221,0,-6.902697
17222,1,-6.902697
17223,1,-6.902697
17224,1,-6.779955
17225,0,-6.779955
17226,0,-6.970554
17227,1,-5.475809
17228,0,-6.7054825
17229,0,-6.970554
17230,0,-6.970554
17231,0,-6.970554
17232,1,-6.970554
17233,1,-6.0425057
17234,1,-4.9482403
17235,1,-6.9138274
17236,0,-6.9138274
17237,0,-6.9138274
17238,1,-6.9138274
17239,0,-6.970554
17240,0,-6.970554
17241,0,-6.970554
17242,0,-6.970554
17243,0,-6.970554
17244,0,-6.970554
17245,0,-6.970554
17246,0,-6.970554
17247,0,-6.970554
17248,0,-6.970554
17249,0,-5.3970428
17250,0,-5.3970428
17251,0,-5.3970428
17252,0,-6.125082
17253,0,-6.125082
17254,0,-6.125082
17255,0,-6.125082
17256,0,-4.3661566
17257,0,-4.3661566
17258,0,-4.3661566
17259,0,-7.093296
17260,0,-7.093296
17261,0,-6.970554
17262,0,-6.970554
17263,0,-3.3632712
17264,0,-5.9363055
17265,0,-5.9363055
17266,0,-5.9363055
17267,0,-5.9363055
17268,0,-6.451785
17269,0,-5.927423
17270,0,-4.2149935
17271,0,-6.232803
17272,0,-6.970554
17273,0,-1.179398
17274,0,-5.4931784
17275,0,-4.4255667
17276,0,-5.0733376
17277,0,-5.0733376
17278,0,-5.115071
17279,0,-5.115071
17280,0,-3.019125
17281,0,-2.99518
17282,0,-5.717891
17283,0,-5.717891
17284,0,-4.428397
17285,0,-0.71343035
17286,0,-5.2849283
17287,0,-5.2849283
17288,0,-5.2849283
17289,0,-6.970554
17290,0,-6.636446
17291,0,-6.636446
17292,0,-6.636446
17293,0,-6.636446
17294,0,-6.636446
17295,0,-6.4837127
17296,0,-6.970554
17297,0,-6.970554
17298,0,-4.8202853
17299,0,-4.8202853
17300,0,-6.970554
17301,0,-6.35668
17302,0,-6.970554
17303,0,-6.3439426
17304,0,-6.840049
17305,0,-4.3133926
17306,0,-4.3133926
17307,0,-6.779955
17308,0,-6.779955
17309,0,-6.779955
17310,1,-6.9138274
17311,1,-3.908889
17312,0,-6.970554
17313,1,-4.9018364
17314,0,-6.970554
17315,1,-4.7322083
17316,1,-4.1900353
17317,1,-3.6343794
17318,0,-5.3632774
17319,1,-5.3632774
17320,1,-5.6870475
17321,1,-2.7458127
17322,1,-6.506891
17323,0,-6.970554
17324,1,-4.7693524
17325,0,-6.970554
17326,1,-6.970554
17327,1,-6.970554
17328,1,-4.1693377
17329,1,-6.833753
17330,1,-1.1527679
17331,0,-6.970554
17332,1,-0.6208114
17333,1,-6.4012394
17334,1,-4.3974876
17335,1,-3.4437697
17336,0,-6.970554
17337,0,-6.970554
17338,0,-6.970554
17339,0,-6.970554
17340,1,-6.970554
17341,1,-3.192184
17342,1,-6.0836544
17343,1,-5.3530912
17344,1,-5.3530912
17345,0,-4.6162972
17346,1,-3.6720927
17347,1,-5.363166
17348,1,-5.0988617
17349,0,-6.92961
17350,0,-6.970554
17351,1,-4.2906637
17352,0,-5.897862
17353,1,-6.5570736
17354,1,-5.57292
17355,1,-4.9218597
17356,0,-5.5665827
17357,1,-2.9340258
17358,0,-6.970554
17359,1,-3.2302964
17360,1,-5.4263678
17361,1,-4.645874
17362,1,-3.4218345
17363,1,-6.970554
17364,1,-5.3503036
17365,1,-3.922374
17366,1,-5.606726
17367,1,-5.2281623
17368,0,-6.970554
17369,0,-6.970554
17370,1,-4.2413445
17371,1,-5.052868
17372,1,-6.251088
17373,1,-3.0847468
17374,1,-2.0315406
17375,1,-2.9180691
17376,1,-6.970554
17377,0,-6.970554
17378,0,-6.970554
17379,1,-5.4783487
17380,0,-6.0996804
17381,0,-4.9493103
17382,0,-5.037508
17383,1,-5.1409826
17384,0,-5.3853498
17385,1,-1.1784961
17386,1,-3.0319514
17387,0,-3.0319514
17388,0,-3.0319514
17389,1,-5.5234027
17390,1,-4.553448
17391,1,-6.1468587
17392,0,-6.970554
17393,0,-6.5749774
17394,0,-5.3852086
17395,1,-5.6734266
17396,1,-5.6734266
17397,1,-5.680275
17398,1,-3.2322373
17399,0,-6.970554
17400,1,-4.1143036
17401,1,-2.3783479
17402,0,-0.94637
17403,0,-3.620554
17404,0,-6.970554
17405,0,-6.970554
17406,0,-6.970554
17407,0,-6.682909
17408,1,-4.1343427
17409,0,-6.7054825
17410,0,-4.7290325
17411,0,-5.386282
17412,1,-0.4251431
17413,0,-5.991187
17414,1,-1.483708
17415,1,-5.1531153
17416,1,-6.2712526
17417,1,-5.951689
17418,1,-4.5239034
17419,0,-6.970554
17420,1,-5.416336
17421,1,-6.1200376
17422,0,-6.970554
17423,0,-6.1123147
17424,0,-6.970554
17425,0,-6.970554
17426,0,-6.970554
17427,0,-6.970554
17428,0,-6.970554
17429,0,-6.970554
17430,0,-6.970554
17431,0,-6.970554
17432,0,-6.970554
17433,0,-6.970554
17434,0,-6.970554
17435,0,-6.970554
17436,0,-6.970554
17437,1,-6.7447705
17438,0,-6.7447705
17439,1,-6.970554
17440,1,-6.970554
17441,1,-3.6721866
17442,1,-6.970554
17443,0,-6.970554
17444,1,-6.970554
17445,1,-0.5934135
17446,1,-0.5934135
17447,1,-5.4262314
17448,1,-4.18669
17449,0,-4.18669
17450,1,-6.5769553
17451,1,-5.1440415
17452,1,-5.727117
17453,1,-6.92961
17454,1,-5.8072767
17455,0,-6.970554
17456,0,-6.970554
17457,0,-6.970554
17458,0,-6.970554
17459,0,-6.970554
17460,1,-4.488235
17461,0,-0.5417612
17462,1,-2.0491025
17463,1,-5.4265785
17464,0,-6.970554
17465,1,-6.970554
17466,1,-6.711558
17467,0,-6.970554
17468,0,-6.970554
17469,0,-6.970554
17470,0,-5.595472
17471,1,-0.9808534
17472,0,-0.9808534
17473,1,-3.3764982
17474,1,-3.3764982
17475,1,-5.45076
17476,0,-6.970554
17477,0,-6.970554
17478,0,-6.970554
17479,1,-7.093296
17480,1,-5.2213235
17481,1,-6.049467
17482,1,-1.4828084
17483,1,-4.965934
17484,1,-4.965934
17485,1,-4.965934
17486,1,-4.4391303
17487,0,-6.970554
17488,1,-6.970554
17489,0,-6.970554
17490,1,-2.1234634
17491,1,-5.560173
17492,0,-6.970554
17493,0,-6.970554
17494,0,-6.970554
17495,0,-6.970554
17496,0,-6.970554
17497,0,-5.812751
17498,1,-5.3528557
17499,1,-2.3149815
17500,0,-6.970554
17501,1,-4.2165904
17502,1,-4.4194236
17503,0,-3.0635238
17504,1,-3.1823845
17505,0,-6.970554
17506,1,-3.588621
17507,1,-4.3610544
17508,0,-6.970554
17509,1,-5.5171795
17510,0,-6.970554
17511,0,-5.740634
17512,1,-5.740634
17513,1,-5.0399675
17514,0,-6.970554
17515,1,-1.8952264
17516,1,-0.29352358
17517,1,-5.4868503
17518,0,-6.4092402
17519,1,-5.6641035
17520,1,-5.297882
17521,1,-4.6284013
17522,1,-5.456579
17523,1,-2.6999304
17524,0,-6.970554
17525,0,-6.970554
17526,0,-6.970554
17527,0,-6.970554
17528,1,-3.636877
17529,1,-6.970554
17530,1,-2.9856856
17531,0,-6.970554
17532,1,-3.7669053
17533,1,-0.7575905
17534,1,-2.2142947
17535,1,-6.970554
17536,0,-6.970554
17537,0,-6.970554
17538,1,-4.380803
17539,1,-4.8086452
17540,1,-3.3382096
17541,1,-2.8883069
17542,1,-1.9285557
17543,0,-6.970554
17544,0,-6.970554
17545,0,-6.970554
17546,0,-6.136169
17547,0,-6.970554
17548,1,-6.970554
17549,0,-6.970554
17550,0,-6.970554
17551,1,-1.2529074
17552,0,-6.970554
17553,1,-4.978959
17554,1,-2.3360999
17555,1,-5.556796
17556,0,-6.970554
17557,0,-5.1643786
17558,1,-4.4413757
17559,1,-5.006985
17560,1,-3.4072218
17561,0,-6.970554
17562,1,-6.970554
17563,1,-6.840049
17564,1,-4.50504
17565,1,-4.641757
17566,1,-6.3432026
17567,1,-3.52144
17568,1,-5.81146
17569,0,-6.970554
17570,1,-6.970554
17571,1,-5.0044045
17572,1,-5.1726637
17573,1,-6.4180202
17574,1,-6.4180202
17575,1,-6.4180202
17576,0,-6.970554
17577,1,-3.9352117
17578,0,-6.970554
17579,1,-4.3805766
17580,0,-6.970554
17581,1,-6.136485
17582,1,-1.7660033
17583,0,-6.970554
17584,0,-6.970554
17585,1,-2.5165138
17586,0,-5.566418
17587,0,-6.970554
17588,0,-6.970554
17589,0,-6.970554
17590,0,-6.970554
17591,0,-6.970554
17592,1,-2.117946
17593,0,-6.970554
17594,0,-6.970554
17595,0,-6.970554
17596,1,-3.6039486
17597,0,-6.970554
17598,0,-6.740798
17599,0,-6.970554
17600,0,-6.970554
17601,0,-6.970554
17602,1,-5.678129
17603,1,-5.060184
17604,1,-5.602659
17605,1,-6.970554
17606,0,-4.5567555
17607,1,-0.644008
17608,0,-6.970554
17609,0,-6.6743116
17610,0,-6.970554
17611,0,-6.970554
17612,0,-6.970554
17613,0,-3.0878928
17614,0,-1.5622139
17615,1,-6.319923
17616,1,-6.970554
17617,1,-3.714205
17618,1,-6.970554
17619,1,-6.970554
17620,1,-5.88536
17621,1,-4.0786195
17622,0,-4.0786195
17623,0,-6.970554
17624,0,-6.970554
17625,1,-3.838816
17626,1,-5.8382344
17627,1,-3.4043295
17628,1,-6.3144946
17629,0,-6.7054825
17630,0,-6.7054825
17631,0,-6.970554
17632,0,-6.970554
17633,0,-6.970554
17634,0,-6.970554
17635,1,-3.8954718
17636,1,-5.190745
17637,1,-5.8403354
17638,1,-3.8204887
17639,1,-6.0335298
17640,1,-5.166341
17641,0,-5.172433
17642,1,-4.79715
17643,1,-5.5945306
17644,1,-5.5425963
17645,0,-4.2493434
17646,1,-5.110231
17647,1,-5.110231
17648,0,-6.970554
17649,0,-6.970554
17650,1,-4.785529
17651,0,-6.6602745
17652,1,-3.1265256
17653,0,-6.970554
17654,1,-6.970554
17655,1,-6.970554
17656,0,-4.735297
17657,0,-6.5472445
17658,1,-6.3130355
17659,1,-3.0390422
17660,0,-6.970554
17661,1,-4.264787
17662,1,-5.2427626
17663,0,-6.526086
17664,0,-6.970554
17665,1,-4.2435465
17666,0,-6.970554
17667,1,-5.0338225
17668,0,-6.970554
17669,0,-5.823367
17670,0,-6.7054825
17671,1,-4.4777927
17672,0,-4.4777927
17673,1,-4.5606437
17674,0,-6.970554
17675,0,-6.970554
17676,1,-3.3090744
17677,0,-6.7052994
17678,0,-6.970554
17679,1,-5.8332486
17680,1,-2.2858055
17681,1,-4.8709044
17682,1,-5.13142
17683,0,-6.970554
17684,1,-3.0620995
17685,1,-5.392373
17686,1,-6.5366077
17687,1,-3.9253778
17688,1,-6.1346917
17689,1,-5.4541245
17690,0,-6.970554
17691,1,-3.0809705
17692,1,-6.1436415
17693,1,-4.4631658
17694,1,-4.403383
17695,1,-1.8834585
17696,1,-4.3974547
17697,1,-5.478544
17698,1,-4.825655
17699,0,-7.093296
17700,1,-7.093296
17701,0,-6.970554
17702,0,-6.970554
17703,1,-4.777798
17704,0,-6.970554
17705,0,-5.0845394
17706,1,-5.0176196
17707,1,-4.6702747
17708,0,-4.6702747
17709,0,-6.970554
17710,0,-6.970554
17711,0,-6.970554
17712,1,-1.9931929
17713,0,-1.9931929
17714,0,-6.970554
17715,1,-4.130208
17716,0,-6.970554
17717,0,-6.970554
17718,1,-4.7340317
17719,0,-4.7340317
17720,1,-0.23671523
17721,0,-6.970554
17722,0,-6.970554
17723,0,-6.970554
17724,1,-4.997395
17725,1,-6.970554
17726,1,-4.2289276
17727,0,-3.7448213
17728,0,-6.970554
17729,1,-5.029265
17730,0,-6.970554
17731,0,-6.970554
17732,0,-6.970554
17733,0,-2.306867
17734,0,-6.970554
17735,0,-6.419089
17736,1,-4.813869
17737,1,-3.6600795
17738,1,-5.5119967
17739,1,-5.364394
17740,0,-6.970554
17741,1,-5.072225
17742,0,-6.970554
17743,0,-6.970554
17744,0,-6.970554
17745,0,-6.970554
17746,1,-5.5476394
17747,1,-5.100519
17748,1,-6.5430293
17749,1,-5.0361547
17750,1,-3.5455613
17751,0,-6.970554
17752,0,-6.970554
17753,1,-0.8119838
17754,0,-0.8119838
17755,0,-0.8119838
17756,0,-0.8119838
17757,0,-6.970554
17758,0,-6.970554
17759,1,-4.0450616
17760,0,-6.970554
17761,0,-4.363113
17762,0,-6.970554
17763,0,-6.970554
17764,0,-6.970554
17765,1,-0.3800398
17766,0,-2.4031014
17767,1,-5.7783694
17768,1,-5.7783694
17769,1,-4.8237557
17770,0,-6.723401
17771,1,-5.936207
17772,0,-5.469697
17773,1,-4.2735147
17774,1,-4.2708406
17775,1,-2.5538929
17776,1,-3.6660528
17777,1,-3.3112242
17778,1,-6.970554
17779,0,-6.970554
17780,0,-6.7054825
17781,1,-3.0814655
17782,0,-4.5801105
17783,0,-4.5801105
17784,0,-6.970554
17785,1,-1.7948155
17786,0,-6.970554
17787,1,-5.5217853
17788,0,-6.970554
17789,1,-6.970554
17790,1,-6.970554
17791,0,-6.970554
17792,1,-6.970554
17793,0,-6.970554
17794,1,-4.22974
17795,1,-6.4561357
17796,1,-3.4232943
17797,1,-6.5148835
17798,0,-6.970554
17799,0,-6.970554
17800,0,-6.970554
17801,0,-6.970554
17802,0,-6.970554
17803,1,-3.399097
17804,1,-5.023802
17805,1,-0.76855606
17806,1,-1.8174024
17807,0,-6.970554
17808,0,-6.970554
17809,0,-6.970554
17810,0,-6.970554
17811,0,-6.970554
17812,0,-6.970554
17813,1,-5.162153
17814,0,-6.970554
17815,0,-6.970554
17816,1,-4.0999017
17817,1,-2.0745952
17818,0,-2.0745952
17819,1,-4.0571322
17820,1,-2.4135704
17821,1,-4.12854
17822,1,-6.970554
17823,1,-4.786917
17824,0,-6.970554
17825,0,-6.970554
17826,0,-6.970554
17827,1,-3.5008347
17828,1,-3.5008347
17829,1,0.255025
17830,0,-6.970554
17831,0,-6.970554
17832,1,-3.5675251
17833,1,-3.5675251
17834,1,-6.970554
17835,1,-2.7835186
17836,1,-6.970554
17837,1,-3.7210538
17838,0,-5.5876417
17839,1,-4.0145802
17840,0,-6.970554
17841,1,-2.004788
17842,1,-6.970554
17843,0,-6.970554
17844,1,-6.970554
17845,0,-6.970554
17846,1,-2.893129
17847,0,-6.970554
17848,0,-6.970554
17849,0,-6.970554
17850,0,-2.6330068
17851,0,-2.6330068
17852,1,-3.3169134
17853,1,-2.7536392
17854,1,-6.7054825
17855,1,-5.156306
17856,1,-5.5056515
17857,0,-5.5056515
17858,0,-6.970554
17859,1,-4.1900353
17860,0,-6.970554
17861,0,-6.970554
17862,1,-6.3565536
17863,1,-6.802559
17864,1,-6.1436415
17865,1,-5.3632774
17866,1,-5.3632774
17867,0,-5.3632774
17868,1,-5.620267
17869,1,-6.7052994
17870,1,-6.506891
17871,1,-6.7319975
17872,0,-6.970554
17873,1,-6.970554
17874,1,-4.1693377
17875,1,-2.3622334
17876,0,-2.3622334
17877,0,-6.6981363
17878,0,-6.970554
17879,0,-6.970554
17880,1,-6.4012394
17881,0,-6.4012394
17882,1,-6.970554
17883,1,-6.970554
17884,1,-4.3184943
17885,0,-6.970554
17886,0,-3.192184
17887,1,-5.3530912
17888,0,-4.6162972
17889,0,-4.6162972
17890,0,-4.6162972
17891,1,-4.988068
17892,0,-3.6720927
17893,1,-6.970554
17894,0,-6.970554
17895,1,-6.970554
17896,0,-6.970554
17897,1,-6.16893
17898,0,-4.2906637
17899,1,-4.2906637
17900,1,-4.735067
17901,0,-5.57292
17902,1,-5.868913
17903,1,-2.9340258
17904,1,-2.7006836
17905,1,-4.94277
17906,0,-6.970554
17907,1,-4.9448314
17908,1,-3.4218345
17909,0,-7.192238
17910,0,-6.970554
17911,1,-4.2413445
17912,1,-5.052868
17913,1,-6.251088
17914,0,-6.970554
17915,1,-3.0847468
17916,1,-3.0847468
17917,0,-6.970554
17918,0,-6.970554
17919,0,-6.970554
17920,0,-6.970554
17921,1,-5.6542296
17922,0,-6.970554
17923,0,-6.1395864
17924,0,-3.216038
17925,0,-5.7651987
17926,0,-5.3092465
17927,1,-4.7261453
17928,0,-6.970554
17929,1,-0.97979873
17930,0,-1.1784961
17931,1,-3.0319514
17932,0,-3.0319514
17933,1,-4.553448
17934,0,-6.1468587
17935,0,-6.1468587
17936,0,-6.970554
17937,0,-6.5749774
17938,0,-5.326019
17939,1,-3.195092
17940,1,-3.2322373
17941,0,-3.2322373
17942,1,-6.75934
17943,1,-0.94637
17944,1,-6.970554
17945,0,-6.2461095
17946,0,-6.682909
17947,1,-3.8662608
17948,1,-3.8655968
17949,1,-4.1343427
17950,0,-4.1343427
17951,0,-6.970554
17952,0,-5.386282
17953,1,-0.4251431
17954,0,-1.218075
17955,0,-5.0349965
17956,0,-6.970554
17957,0,-6.970554
17958,0,-3.2389393
17959,1,-3.2389393
17960,0,-1.483708
17961,0,-5.1531153
17962,1,-6.2712526
17963,0,-4.5239034
17964,0,-4.5239034
17965,1,-6.970554
17966,1,-6.1200376
17967,1,-5.5350523
17968,1,-6.2814417
17969,0,-6.970554
17970,1,-6.970554
17971,1,-4.3435154
17972,0,-6.970554
17973,0,-6.970554
17974,0,-6.970554
17975,0,-6.970554
17976,0,-6.970554
17977,0,-6.970554
17978,0,-6.970554
17979,1,-4.6975355
17980,0,-6.970554
17981,0,-6.970554
17982,1,-6.7447705
17983,0,-6.7447705
17984,0,-6.7447705
17985,0,-6.7447705
17986,0,-6.7447705
17987,1,-6.970554
17988,0,-6.970554
17989,0,-3.6721866
17990,0,-6.970554
17991,1,-6.970554
17992,1,-2.7630138
17993,1,-0.5934135
17994,1,-5.4262314
17995,1,-6.5769553
17996,1,-5.1440415
17997,1,-4.4757566
17998,1,-5.727117
17999,1,-0.8573272
18000,0,-6.970554
18001,0,-6.970554
18002,0,-6.970554
18003,0,-6.970554
18004,1,-4.1396213
18005,1,-4.488235
18006,1,-4.9000974
18007,0,-2.0491025
18008,1,-6.970554
18009,0,-6.970554
18010,0,-6.970554
18011,0,-6.970554
18012,0,-6.970554
18013,1,-2.9248037
18014,1,-3.3764982
18015,0,-6.970554
18016,1,-4.099231
18017,0,-6.970554
18018,0,-6.970554
18019,1,-5.0740786
18020,0,-7.093296
18021,1,-5.1033964
18022,1,-5.2646775
18023,0,-5.2213235
18024,1,-1.4828084
18025,1,-4.6327553
18026,1,-2.9783576
18027,1,-4.965934
18028,1,-4.965934
18029,0,-4.965934
18030,1,-4.965934
18031,0,-6.970554
18032,0,-6.970554
18033,1,-6.970554
18034,1,-6.242384
18035,0,-2.1234634
18036,1,-2.1234634
18037,1,-5.560173
18038,0,-6.970554
18039,0,-6.970554
18040,0,-6.970554
18041,0,-6.970554
18042,1,-6.970554
18043,1,-5.812751
18044,1,-5.812751
18045,0,-6.970554
18046,0,-6.970554
18047,0,-6.970554
18048,0,-6.970554
18049,0,-6.970554
18050,1,-4.2165904
18051,0,-3.0635238
18052,1,-3.0635238
18053,1,-6.970554
18054,1,-3.588621
18055,1,-6.970554
18056,1,-4.3610544
18057,1,-4.8088527
18058,0,-6.970554
18059,0,-6.970554
18060,1,-5.740634
18061,1,-6.970554
18062,1,-4.9354672
18063,0,-6.970554
18064,0,-6.970554
18065,1,-5.969393
18066,1,-6.1696305
18067,1,-5.4208403
18068,0,-6.970554
18069,1,-6.7247243
18070,1,-0.29352358
18071,0,-6.970554
18072,1,-3.152225
18073,0,-6.970554
18074,1,-6.5148835
18075,0,-6.970554
18076,1,-6.970554
18077,0,-6.970554
18078,0,-6.970554
18079,0,-6.1076565
18080,0,-3.7669053
18081,1,-5.131962
18082,0,-0.7575905
18083,0,-6.582557
18084,1,-5.0536027
18085,1,-6.970554
18086,0,-4.8086452
18087,1,-6.0642967
18088,0,-6.7054825
18089,0,-6.1028433
18090,1,-6.452052
18091,1,-5.935069
18092,0,-6.970554
18093,0,-6.970554
18094,0,-6.970554
18095,0,-6.970554
18096,1,-6.970554
18097,0,-6.970554
18098,1,-6.136169
18099,1,-6.970554
18100,0,-6.970554
18101,1,-6.970554
18102,0,-6.970554
18103,0,-6.970554
18104,1,-1.2529074
18105,1,-6.970554
18106,1,-6.970554
18107,1,-4.978959
18108,1,-4.978959
18109,1,-6.3627477
18110,1,-5.7153845
18111,0,-6.970554
18112,1,-5.490534
18113,0,-5.1643786
18114,0,-6.970554
18115,1,-5.006985
18116,0,-3.4072218
18117,1,-3.4072218
18118,1,-6.840049
18119,1,-4.50504
18120,1,-6.3432026
18121,1,-5.81146
18122,1,-6.970554
18123,1,-6.779955
18124,0,-5.0044045
18125,0,-6.7599745
18126,1,-6.4180202
18127,1,-6.4180202
18128,1,-6.4180202
18129,1,-6.970554
18130,1,-4.0444264
18131,1,-6.4028296
18132,1,-6.970554
18133,1,-5.566418
18134,0,-5.566418
18135,0,-5.566418
18136,0,-6.970554
18137,0,-6.970554
18138,0,-6.7054825
18139,0,-7.0694957
18140,0,-6.970554
18141,0,-6.970554
18142,0,-6.970554
18143,1,-4.5801034
18144,1,-6.970554
18145,1,-3.6039486
18146,0,-6.970554
18147,0,-6.970554
18148,0,-6.970554
18149,0,-6.970554
18150,0,-6.970554
18151,0,-6.970554
18152,0,-6.970554
18153,0,-6.970554
18154,0,-6.970554
18155,0,-6.970554
18156,0,-6.970554
18157,0,-6.970554
18158,1,-5.1167264
18159,1,-5.060184
18160,1,-6.970554
18161,1,-6.970554
18162,0,-6.970554
18163,0,-6.970554
18164,1,-2.6872659
18165,1,-5.368092
18166,0,-6.970554
18167,1,-6.4249506
18168,1,-4.5567555
18169,0,-6.970554
18170,0,-6.970554
18171,0,-6.970554
18172,0,-6.970554
18173,1,-3.0878928
18174,1,-3.714205
18175,0,-6.970554
18176,0,-6.970554
18177,0,-4.0786195
18178,1,-5.2757573
18179,0,-6.970554
18180,0,-3.4043295
18181,0,-6.970554
18182,0,-6.970554
18183,0,-6.970554
18184,0,-6.970554
18185,0,-6.970554
18186,0,-6.970554
18187,0,-6.970554
18188,0,-6.970554
18189,1,-5.190745
18190,1,-3.7158477
18191,0,-6.970554
18192,1,-6.970554
18193,0,-6.970554
18194,0,-6.970554
18195,0,-6.970554
18196,1,-5.166341
18197,1,-5.172433
18198,1,-5.6966276
18199,0,-6.970554
18200,1,-5.41945
18201,1,-5.7375274
18202,1,-6.5333347
18203,1,-5.110231
18204,0,-6.970554
18205,0,-6.970554
18206,1,-4.3553805
18207,0,-6.970554
18208,1,-3.4036703
18209,1,-6.970554
18210,0,-6.970554
18211,0,-6.970554
18212,1,-0.7472543
18213,1,-4.99005
18214,1,-4.99005
18215,0,-6.970554
18216,1,-5.9050283
18217,1,-6.822328
18218,0,-6.970554
18219,0,-6.970554
18220,1,-5.4052825
18221,0,-7.192238
18222,1,-6.526086
18223,1,-5.4250607
18224,0,-6.970554
18225,1,-3.5589166
18226,0,-6.970554
18227,0,-6.224154
18228,1,-5.52708
18229,0,-5.823367
18230,1,-5.823367
18231,1,-5.0380125
18232,0,-6.970554
18233,1,-4.6744313
18234,1,-4.4777927
18235,1,-4.4777927
18236,1,-3.3791373
18237,0,-6.970554
18238,0,-6.970554
18239,1,-3.2034628
18240,1,-6.2684216
18241,0,-3.3090744
18242,1,-6.194079
18243,0,-6.7052994
18244,1,-4.460609
18245,1,-4.971371
18246,1,-2.2858055
18247,1,-3.8625429
18248,1,-4.878989
18249,0,-6.970554
18250,1,-6.656077
18251,1,-6.970554
18252,1,-3.7962742
18253,1,-5.5624166
18254,0,-3.9253778
18255,1,-4.8854923
18256,0,-6.1346917
18257,1,-6.1346917
18258,1,-6.970554
18259,1,-5.9524317
18260,1,-2.0409665
18261,0,-3.0809705
18262,1,-5.175315
18263,0,-6.970554
18264,1,-6.1436415
18265,1,-4.825655
18266,1,-4.825655
18267,1,-6.840049
18268,1,-7.093296
18269,0,-6.970554
18270,1,-6.970554
18271,0,-6.970554
18272,0,-6.970554
18273,1,-2.9673812
18274,1,-5.0845394
18275,0,-5.0176196
18276,1,-4.5623426
18277,1,-4.6702747
18278,0,-6.970554
18279,1,-5.7452183
18280,0,-6.7054825
18281,0,-6.970554
18282,0,-6.970554
18283,1,-4.7340317
18284,1,-6.970554
18285,1,-4.997395
18286,1,-6.970554
18287,0,-6.970554
18288,1,-5.673056
18289,1,-6.1857076
18290,1,-4.454592
18291,0,-6.970554
18292,0,-2.306867
18293,1,-5.2286115
18294,1,-5.072225
18295,0,-6.970554
18296,0,-6.970554
18297,1,-3.5572493
18298,0,-6.970554
18299,1,-4.694363
18300,0,-6.970554
18301,0,-6.8653913
18302,1,-5.5476394
18303,1,-6.5430293
18304,0,-5.0361547
18305,0,-5.0361547
18306,1,-6.3393154
18307,0,-6.7054825
18308,1,-6.0463924
18309,0,-6.970554
18310,0,-6.970554
18311,0,-6.970554
18312,1,-6.970554
18313,0,-6.970554
18314,0,-6.970554
18315,1,-5.9521956
18316,0,-6.970554
18317,0,-4.0450616
18318,1,-6.970554
18319,1,-6.970554
18320,1,-6.970554
18321,0,-6.970554
18322,1,-4.363113
18323,0,-6.970554
18324,1,-5.69014
18325,1,-3.588515
18326,0,-6.7054825
18327,0,-7.172637
18328,0,-6.970554
18329,0,-6.970554
18330,1,-4.9564033
18331,0,-6.970554
18332,0,-0.3800398
18333,1,-5.9716115
18334,0,-2.4031014
18335,1,-5.7783694
18336,0,-5.7783694
18337,1,-4.8237557
18338,1,-6.723401
18339,0,-6.970554
18340,1,-2.1755655
18341,0,-6.970554
18342,1,-1.0277557
18343,1,-3.7052672
18344,1,-5.678737
18345,0,-3.3112242
18346,0,-6.286315
18347,1,-4.2608547
18348,1,-4.5029573
18349,1,-1.4729902
18350,1,-4.5801105
18351,0,-6.970554
18352,0,-5.5217853
18353,1,-4.7691526
18354,1,-3.5753913
18355,1,-6.4561357
18356,1,-5.0607185
18357,1,-3.4232943
18358,1,-6.5148835
18359,0,-6.5148835
18360,0,-6.5148835
18361,0,-6.970554
18362,0,-6.970554
18363,1,-4.980726
18364,1,-0.13641176
18365,1,-6.970554
18366,1,-5.922601
18367,0,-6.11628
18368,0,-6.970554
18369,1,-4.4648924
18370,1,-6.970554
18371,0,-6.970554
18372,1,-3.696597
18373,1,-4.624455
18374,1,-5.71376
18375,0,-6.970554
18376,1,-5.931472
18377,1,-6.119687
18378,0,-6.970554
18379,1,-3.5008347
18380,1,-3.5008347
18381,1,-3.5008347
18382,1,-3.5008347
18383,0,-3.5008347
18384,0,-3.5675251
18385,0,-6.970554
18386,0,-6.970554
18387,0,-6.970554
18388,0,-6.970554
18389,0,-5.5876417
18390,0,-5.5876417
18391,0,-6.970554
18392,0,-6.970554
18393,0,-6.970554
18394,0,-6.970554
18395,0,-6.3958445
18396,1,-4.817049
18397,1,-2.6525574
18398,0,-6.970554
18399,0,-6.970554
18400,1,-2.004788
18401,0,-6.970554
18402,0,-6.970554
18403,0,-6.970554
18404,0,-6.970554
18405,0,-6.970554
18406,1,-6.970554
18407,0,-6.970554
18408,0,-6.970554
18409,1,-2.6330068
18410,1,-3.3169134
18411,0,-2.7536392
18412,0,-6.970554
18413,1,-5.3952627
18414,1,-6.2290783
18415,0,-4.1900353
18416,0,-4.1900353
18417,0,-4.1900353
18418,0,-6.970554
18419,0,-6.833753
18420,0,-6.833753
18421,0,-6.833753
18422,0,-0.6208114
18423,0,-6.4012394
18424,0,-6.970554
18425,0,-6.970554
18426,0,-6.970554
18427,0,-6.2712526
18428,0,-6.7447705
18429,0,-6.7447705
18430,0,-6.7447705
18431,0,-6.7447705
18432,0,-6.7447705
18433,0,-0.7575905
18434,0,-6.136169
18435,0,-1.2529074
18436,0,-5.556796
18437,0,-4.5567555
18438,0,-4.5567555
18439,0,-6.970554
18440,0,-6.7054825
18441,0,-6.970554
18442,0,-6.970554
18443,0,-6.970554
18444,0,-6.970554
18445,0,-6.970554
18446,0,-5.166341
18447,0,-5.166341
18448,0,-5.166341
18449,0,-5.166341
18450,0,-5.5425963
18451,0,-6.970554
18452,0,-3.3090744
18453,0,-3.0620995
18454,0,-5.478544
18455,0,-5.478544
18456,0,-6.970554
18457,0,-2.9673812
18458,0,-2.9673812
18459,0,-2.9673812
18460,0,-1.9931929
18461,0,-2.306867
18462,0,-6.419089
18463,0,-5.5119967
18464,0,-5.5119967
18465,0,-6.970554
18466,0,-6.970554
18467,0,-6.970554
18468,0,-6.5148835
18469,0,-6.5148835
18470,0,-6.970554
18471,0,-6.970554
18472,0,-4.4648924
18473,0,-5.162153
18474,0,-5.162153
18475,0,-6.970554
18476,0,-6.970554
18477,0,-3.696597
18478,0,-3.696597
18479,0,-3.5008347
18480,0,-6.970554
18481,0,-2.004788
18482,0,-2.004788
18483,0,-6.970554
18484,0,-6.970554
18485,0,-6.7054825
18486,1,-6.0342264
18487,0,-6.970554
18488,1,-6.822328
18489,1,-6.049467
18490,1,-6.049467
18491,1,-3.9725702
18492,0,-5.0134516
18493,1,-5.0134516
18494,1,-6.437279
18495,0,-6.970554
18496,1,-5.547571
18497,0,-5.147002
18498,1,-6.970554
18499,1,-2.374084
18500,1,-3.0439115
18501,1,-1.1005646
18502,0,-6.970554
18503,0,-4.964942
18504,1,-6.125082
18505,0,-6.970554
18506,0,-4.4811487
18507,1,-6.970554
18508,1,-2.6651382
18509,1,-6.970554
18510,1,-6.970554
18511,0,-6.970554
18512,1,-5.487772
18513,1,-6.970554
18514,0,-3.4934206
18515,1,-5.5340657
18516,0,-6.970554
18517,1,-6.92961
18518,1,-4.098299
18519,1,-2.2122822
18520,1,-3.6733706
18521,1,-4.4886804
18522,1,-4.1740966
18523,0,-6.970554
18524,1,-5.5926375
18525,1,-5.257577
18526,1,-6.970554
18527,1,-2.6113894
18528,0,-6.5749774
18529,0,-6.970554
18530,1,-1.23102
18531,1,-3.6650848
18532,0,-6.970554
18533,1,-5.6630616
18534,0,-6.970554
18535,1,-3.3883088
18536,1,-5.941965
18537,1,-5.527497
18538,0,-6.970554
18539,0,-6.970554
18540,0,-6.970554
18541,1,-2.4552965
18542,0,-6.970554
18543,0,-6.970554
18544,0,-6.970554
18545,1,-3.7819548
18546,1,-6.970554
18547,1,-6.91046
18548,1,-4.130116
18549,1,-3.0543983
18550,0,-6.970554
18551,0,-6.970554
18552,0,-6.970554
18553,1,-5.2123127
18554,1,-4.59911
18555,1,-4.9405937
18556,1,-3.2447386
18557,0,-6.970554
18558,1,-6.970554
18559,1,-6.970554
18560,0,-6.970554
18561,0,-6.970554
18562,0,-6.5749774
18563,0,-6.970554
18564,1,-4.529481
18565,0,-4.529481
18566,0,-6.970554
18567,1,-5.3452897
18568,1,-5.3452897
18569,0,-6.396335
18570,1,-5.442651
18571,1,-5.9902315
18572,1,-6.0305376
18573,0,-6.0305376
18574,0,-6.970554
18575,1,-6.970554
18576,0,-6.970554
18577,0,-6.970554
18578,0,-6.970554
18579,0,-6.970554
18580,0,-6.970554
18581,0,-6.970554
18582,1,-3.8435662
18583,1,-3.8435662
18584,0,-3.8435662
18585,0,-3.8435662
18586,1,-3.8435662
18587,1,-4.013696
18588,0,-6.970554
18589,0,-6.970554
18590,0,-6.970554
18591,1,-6.970554
18592,1,-3.0372012
18593,1,-2.5812678
18594,1,-4.8108997
18595,0,-6.970554
18596,0,-6.970554
18597,0,-6.970554
18598,1,-6.970554
18599,1,-3.4687116
18600,0,-6.970554
18601,1,-5.3558183
18602,1,-1.2206951
18603,1,-6.2630486
18604,1,-4.669956
18605,0,-6.970554
18606,1,-0.73435396
18607,0,-6.970554
18608,0,-6.970554
18609,1,-6.8901277
18610,1,-4.2158194
18611,1,-5.9020963
18612,0,-5.9020963
18613,1,-4.046745
18614,0,-4.046745
18615,0,-6.970554
18616,1,-3.9573095
18617,1,-3.196002
18618,1,-3.513254
18619,1,-2.4115555
18620,1,-5.269551
18621,0,-6.970554
18622,0,-5.0743837
18623,1,-1.9513164
18624,0,-6.970554
18625,0,-6.7054825
18626,0,-6.970554
18627,1,-3.996812
18628,0,-6.970554
18629,0,-6.970554
18630,0,-6.970554
18631,0,-6.970554
18632,0,-5.5735893
18633,0,-6.970554
18634,0,-6.970554
18635,1,-4.498128
18636,1,-5.3783007
18637,1,-6.189879
18638,1,-6.189879
18639,1,-5.4746385
18640,1,-2.858642
18641,0,-2.858642
18642,0,-6.970554
18643,0,-6.970554
18644,0,-6.970554
18645,0,-6.970554
18646,0,-6.970554
18647,1,-5.2700443
18648,1,-5.514899
18649,1,-6.970554
18650,0,-4.446231
18651,1,-4.446231
18652,1,-3.4173472
18653,0,-6.970554
18654,1,-6.970554
18655,1,-5.6246676
18656,1,-2.920219
18657,1,-6.970554
18658,1,-5.8299103
18659,1,-5.4652357
18660,1,-5.4652357
18661,1,-2.7642825
18662,1,-4.493858
18663,0,-6.2653394
18664,0,-6.970554
18665,0,-6.970554
18666,1,-2.346517
18667,1,-2.346517
18668,0,-6.970554
18669,0,-6.7054825
18670,1,-2.6706197
18671,1,-0.3198734
18672,0,-3.4138384
18673,0,-3.4138384
18674,1,-6.970554
18675,0,-6.970554
18676,0,-6.970554
18677,1,-4.7878027
18678,1,-4.164989
18679,0,-4.164989
18680,0,-6.970554
18681,1,-5.129207
18682,1,-4.1438494
18683,1,-3.226182
18684,0,-6.970554
18685,0,-6.8904796
18686,0,-6.970554
18687,1,-6.970554
18688,1,-4.3129735
18689,1,-6.970554
18690,1,-6.970554
18691,0,-6.970554
18692,1,-6.970554
18693,0,-6.636446
18694,1,-4.7899795
18695,1,-6.1377583
18696,1,-5.0437813
18697,0,-6.970554
18698,1,-6.970554
18699,0,-6.970554
18700,0,-6.473188
18701,0,-6.473188
18702,1,-2.2532341
18703,1,-3.5467856
18704,1,-5.57185
18705,0,-2.7071438
18706,1,-2.7071438
18707,1,-6.35668
18708,1,-6.970554
18709,0,-6.970554
18710,1,-2.827215
18711,1,-5.067892
18712,0,-6.970554
18713,1,-2.7732644
18714,1,-6.460803
18715,0,-6.970554
18716,1,-6.0669866
18717,1,-6.970554
18718,1,-6.190303
18719,1,-6.970554
18720,1,-6.970554
18721,0,-6.970554
18722,1,-5.7219806
18723,1,-1.3447007
18724,1,-1.4893931
18725,1,-2.7539756
18726,1,-2.6545534
18727,1,-6.056067
18728,0,-6.970554
18729,0,-6.970554
18730,0,-6.3745723
18731,1,-6.970554
18732,1,-5.585138
18733,1,-2.778853
18734,1,-3.4103758
18735,0,-6.4213805
18736,0,-6.822328
18737,1,-1.6288155
18738,1,-6.644576
18739,0,-6.970554
18740,1,-5.472069
18741,1,-6.184293
18742,0,-4.5911946
18743,1,-4.5911946
18744,0,-6.970554
18745,1,-6.781384
18746,0,-6.781384
18747,1,-3.5137353
18748,1,-3.5137353
18749,1,-3.5137353
18750,1,-3.5137353
18751,1,-3.0481544
18752,1,-4.3043213
18753,1,-2.2142572
18754,0,-0.82031596
18755,1,-5.0044985
18756,1,-3.4782023
18757,1,-5.064826
18758,0,-4.8944635
18759,1,-4.369477
18760,1,-6.6998806
18761,1,-6.6998806
18762,1,-4.2074256
18763,1,-4.134708
18764,1,-6.582557
18765,0,-6.970554
18766,1,-6.970554
18767,1,-1.9534996
18768,0,-6.970554
18769,1,-5.1003547
18770,0,-6.970554
18771,1,-6.92127
18772,1,-1.8912411
18773,1,-4.8027577
18774,1,-1.2938472
18775,1,-4.4541564
18776,1,-6.006076
18777,0,-6.970554
18778,0,-6.970554
18779,0,-6.970554
18780,0,-6.970554
18781,0,-6.970554
18782,1,-4.7797666
18783,1,-4.658986
18784,1,-5.177755
18785,1,-6.571776
18786,1,-4.968752
18787,1,-5.914833
18788,0,-6.970554
18789,0,-6.970554
18790,1,-3.8174667
18791,1,-4.9335985
18792,1,-4.9335985
18793,0,-5.6692505
18794,0,-6.970554
18795,1,-5.00196
18796,0,-5.00196
18797,1,-5.00196
18798,1,-4.013668
18799,1,-4.013668
18800,0,-6.970554
18801,1,-3.4415562
18802,1,-4.7351484
18803,1,-2.446528
18804,0,-1.83548
18805,0,-6.970554
18806,0,-7.093296
18807,1,-3.6502495
18808,0,-3.6502495
18809,1,-3.6502495
18810,0,-6.6273923
18811,1,-1.4138533
18812,1,-6.237173
18813,1,-1.5884311
18814,0,-5.387152
18815,1,-4.0633245
18816,1,-5.046309
18817,0,-6.970554
18818,0,-6.970554
18819,0,-6.3553557
18820,1,-5.5129933
18821,0,-6.970554
18822,0,-7.093296
18823,1,-3.4936066
18824,1,-5.1279826
18825,1,-5.1279826
18826,1,-4.9354553
18827,0,-6.970554
18828,1,-2.9972649
18829,0,-6.970554
18830,0,-6.970554
18831,1,-4.632521
18832,1,-7.093296
18833,0,-6.970554
18834,0,-6.742254
18835,0,-6.236979
18836,0,-6.7054825
18837,0,-6.970554
18838,0,-6.970554
18839,0,-6.970554
18840,0,-6.970554
18841,0,-5.5241456
18842,1,-6.970554
18843,0,-6.970554
18844,1,-5.7111163
18845,0,-5.7111163
18846,0,-5.7111163
18847,0,-6.970554
18848,1,-4.3009043
18849,1,-2.3703513
18850,0,-6.970554
18851,0,-6.970554
18852,1,-2.8090317
18853,0,-5.2522283
18854,0,-6.970554
18855,1,-5.3954287
18856,1,-6.575662
18857,1,-6.822328
18858,1,-0.41437355
18859,1,-3.3381598
18860,1,-3.9740114
18861,0,-6.822328
18862,1,-3.5951307
18863,1,-3.836724
18864,0,-6.970554
18865,0,-6.970554
18866,0,-6.970554
18867,0,-6.970554
18868,0,-5.926542
18869,1,-5.8735085
18870,0,-5.8735085
18871,1,-4.9836855
18872,1,-4.9836855
18873,1,-5.026423
18874,0,-7.172637
18875,1,-3.7002163
18876,0,-6.6743116
18877,1,-3.51964
18878,1,-6.970554
18879,1,-4.666366
18880,1,-3.6279013
18881,0,-6.970554
18882,1,-3.3301954
18883,1,-4.339064
18884,0,-6.970554
18885,0,-6.970554
18886,1,-4.1356945
18887,1,-5.422213
18888,0,-6.970554
18889,1,-6.7569633
18890,1,-5.3733206
18891,1,-6.970554
18892,1,-4.856967
18893,0,-6.970554
18894,1,-3.6391017
18895,0,-6.970554
18896,1,-6.2511654
18897,1,-5.7305117
18898,0,-6.970554
18899,1,-5.766119
18900,0,-6.970554
18901,1,-3.348263
18902,0,-3.348263
18903,0,-3.348263
18904,0,-3.348263
18905,0,-6.970554
18906,0,-6.970554
18907,0,-6.970554
18908,0,-6.970554
18909,0,-6.970554
18910,0,-6.970554
18911,0,-6.840049
18912,0,-6.970554
18913,0,-6.970554
18914,0,-6.970554
18915,0,-6.970554
18916,0,-6.970554
18917,1,-6.970554
18918,1,-6.970554
18919,0,-6.970554
18920,1,-4.5408883
18921,0,-4.5408883
18922,0,-4.5408883
18923,0,-4.5408883
18924,0,-6.970554
18925,0,-6.970554
18926,0,-6.970554
18927,0,-6.970554
18928,0,-6.970554
18929,0,-6.970554
18930,0,-6.970554
18931,0,-6.970554
18932,0,-6.970554
18933,0,-6.970554
18934,0,-6.970554
18935,0,-6.970554
18936,0,-6.970554
18937,0,-6.970554
18938,0,-6.970554
18939,0,-6.970554
18940,0,-6.970554
18941,1,-5.7981086
18942,1,-2.5712087
18943,1,-4.456369
18944,1,-3.714205
18945,1,-4.639082
18946,1,-4.1230035
18947,0,-6.740798
18948,1,-6.740798
18949,1,-5.0132337
18950,1,-6.3390613
18951,1,-5.247932
18952,0,-6.970554
18953,0,-6.970554
18954,0,-6.970554
18955,0,-6.945085
18956,0,-6.970554
18957,0,-6.970554
18958,0,-6.970554
18959,0,-6.970554
18960,1,-6.970554
18961,1,-5.632791
18962,1,-5.632791
18963,1,-6.970554
18964,1,-4.4071894
18965,1,-5.7073107
18966,0,-5.3505645
18967,0,-6.452052
18968,0,-6.970554
18969,1,-5.257576
18970,1,-3.9994066
18971,0,-6.970554
18972,1,-6.114249
18973,1,-6.114249
18974,0,-6.970554
18975,0,-6.970554
18976,0,-6.970554
18977,1,-5.5147185
18978,1,-5.6438494
18979,1,-6.970554
18980,1,-4.001987
18981,0,-5.0449114
18982,1,-2.1773398
18983,1,-6.970554
18984,0,-6.894852
18985,1,-5.0238485
18986,0,-5.0238485
18987,0,-6.970554
18988,1,-6.822328
18989,1,-6.970554
18990,1,-6.1870794
18991,1,-5.0134516
18992,0,-5.0134516
18993,1,-6.437279
18994,1,-5.0084033
18995,1,-6.970554
18996,1,-5.547571
18997,1,-5.147002
18998,1,-5.625243
18999,1,-2.374084
19000,1,-3.0439115
19001,1,-6.2684216
19002,1,-6.970554
19003,0,-6.970554
19004,0,-6.970554
19005,0,-6.970554
19006,0,-6.970554
19007,1,-6.970554
19008,1,-3.4934206
19009,0,-3.4934206
19010,1,-6.970554
19011,1,-6.970554
19012,1,-5.146694
19013,0,-6.970554
19014,1,-3.6760607
19015,1,-4.098299
19016,1,-6.0939975
19017,1,-4.3821287
19018,1,-6.840049
19019,1,-6.840049
19020,0,-6.970554
19021,1,-6.342736
19022,0,-6.970554
19023,1,-6.970554
19024,0,-6.970554
19025,0,-5.257577
19026,1,-6.970554
19027,0,-2.6113894
19028,0,-6.5749774
19029,1,-3.3024874
19030,0,-6.970554
19031,0,-6.970554
19032,0,-6.970554
19033,0,-6.970554
19034,0,-6.970554
19035,0,-6.970554
19036,0,-3.6366901
19037,0,-6.970554
19038,1,-1.6951249
19039,1,-6.970554
19040,0,-6.970554
19041,1,-4.0680685
19042,0,-6.970554
19043,0,-6.970554
19044,0,-6.970554
19045,1,-5.195664
19046,0,-5.195664
19047,0,-6.970554
19048,0,-6.970554
19049,0,-6.840049
19050,1,-6.970554
19051,1,-5.028163
19052,0,-6.970554
19053,0,-6.970554
19054,1,-4.8086886
19055,1,-5.6692505
19056,1,-4.130116
19057,1,-3.060012
19058,1,-6.970554
19059,1,-6.779955
19060,1,-6.095343
19061,1,-6.146547
19062,0,-6.970554
19063,1,-4.59911
19064,0,-6.970554
19065,1,-6.970554
19066,0,-6.5426874
19067,1,-6.970554
19068,1,-6.970554
19069,1,-6.970554
19070,0,-6.970554
19071,0,-6.970554
19072,0,-6.5749774
19073,0,-6.428212
19074,1,-5.5837555
19075,0,-4.529481
19076,1,-5.3452897
19077,1,-5.3452897
19078,1,-6.342736
19079,1,-6.428172
19080,0,-4.334252
19081,1,-6.970554
19082,1,-6.970554
19083,0,-6.970554
19084,0,-6.970554
19085,0,-6.970554
19086,0,-6.970554
19087,1,-5.0877814
19088,0,-3.8435662
19089,1,-3.8435662
19090,1,-3.8435662
19091,1,-3.8435662
19092,1,-6.735418
19093,1,-6.970554
19094,1,-6.779955
19095,0,-6.970554
19096,1,-5.4191422
19097,1,-3.0372012
19098,1,-4.8108997
19099,0,-6.970554
19100,0,-6.970554
19101,0,-6.970554
19102,0,-6.970554
19103,0,-6.970554
19104,0,-6.970554
19105,1,-6.970554
19106,0,-6.970554
19107,1,-1.1247194
19108,0,-6.970554
19109,0,-6.970554
19110,1,-5.236215
19111,1,-0.66820997
19112,0,-6.970554
19113,1,-6.8901277
19114,1,-5.7457066
19115,1,-5.9020963
19116,1,-5.9020963
19117,0,-4.046745
19118,1,-4.6646113
19119,1,-6.8366814
19120,0,-6.970554
19121,0,-6.970554
19122,0,-6.970554
19123,1,-4.2274036
19124,1,-4.3691635
19125,1,-6.779955
19126,1,-4.1720634
19127,1,-3.4068766
19128,0,-6.970554
19129,0,-5.269551
19130,0,-6.970554
19131,1,-6.2342057
19132,0,-6.2342057
19133,1,-6.2342057
19134,0,-6.2342057
19135,0,-6.970554
19136,1,-6.779955
19137,0,-6.7054825
19138,1,-6.7054825
19139,0,-6.970554
19140,0,-6.970554
19141,0,-6.970554
19142,1,-5.1875725
19143,1,-5.5735893
19144,1,-6.982038
19145,1,-6.682909
19146,1,-5.640064
19147,1,-4.498128
19148,0,-4.498128
19149,0,-4.498128
19150,1,-6.342736
19151,0,-6.970554
19152,1,-2.858642
19153,0,-6.970554
19154,1,-6.466434
19155,0,-6.970554
19156,0,-6.970554
19157,0,-6.970554
19158,1,-4.957096
19159,1,-4.446231
19160,1,-6.970554
19161,1,-2.8545845
19162,1,-5.8299103
19163,0,-5.4652357
19164,1,-5.4652357
19165,1,-4.2161713
19166,0,-6.970554
19167,0,-6.970554
19168,1,-2.346517
19169,1,-6.970554
19170,1,-6.1725793
19171,1,-6.970554
19172,1,-5.1353683
19173,1,-6.3374577
19174,1,-5.2939954
19175,1,-5.9363055
19176,1,-0.3198734
19177,1,-3.4138384
19178,1,-4.803601
19179,0,-6.970554
19180,1,-4.423293
19181,1,-5.7409625
19182,1,-3.226182
19183,1,-6.970554
19184,1,-6.5299144
19185,1,-6.34601
19186,1,-4.3129735
19187,1,-5.147594
19188,0,-6.970554
19189,0,-6.970554
19190,1,-6.970554
19191,1,-4.0293016
19192,1,-6.1377583
19193,0,-5.0437813
19194,0,-5.0437813
19195,1,-6.970554
19196,0,-6.473188
19197,0,-6.473188
19198,1,-6.473188
19199,1,-3.5467856
19200,0,-3.5467856
19201,1,-5.57185
19202,0,-2.7071438
19203,0,-6.970554
19204,0,-6.970554
19205,0,-6.970554
19206,0,-6.970554
19207,0,-6.7054825
19208,0,-6.970554
19209,0,-6.970554
19210,0,-6.970554
19211,1,-6.970554
19212,0,-2.827215
19213,1,-2.827215
19214,1,-6.970554
19215,1,-6.970554
19216,1,-2.7732644
19217,0,-6.970554
19218,0,-6.970554
19219,0,-6.970554
19220,0,-6.970554
19221,1,-6.2685757
19222,1,-1.3447007
19223,0,-6.8476286
19224,1,-1.4893931
19225,1,-2.7539756
19226,1,-4.6058474
19227,1,-3.803045
19228,0,-6.9450703
19229,0,-6.970554
19230,0,-6.970554
19231,0,-6.970554
19232,0,-6.970554
19233,0,-6.970554
19234,0,-6.970554
19235,0,-5.0986385
19236,1,-5.0986385
19237,1,-0.40188807
19238,1,-3.5381968
19239,1,-3.5381968
19240,1,-4.8374977
19241,0,-7.093296
19242,1,-5.648349
19243,0,-5.648349
19244,0,-5.184108
19245,0,-5.184108
19246,0,-5.184108
19247,1,-5.184108
19248,1,-1.6288155
19249,0,-6.970554
19250,1,-6.2834263
19251,0,-6.970554
19252,1,-6.184293
19253,1,-4.5911946
19254,0,-6.970554
19255,1,-6.781384
19256,0,-6.970554
19257,1,-3.5137353
19258,1,-3.5137353
19259,1,-3.0481544
19260,1,-2.2142572
19261,1,-5.0044985
19262,1,-6.970554
19263,1,-6.970554
19264,0,-6.970554
19265,1,-5.9253716
19266,0,-6.636446
19267,1,-5.942734
19268,1,-4.8944635
19269,1,-6.6998806
19270,0,-6.6998806
19271,0,-6.6998806
19272,0,-6.6998806
19273,1,-6.6998806
19274,1,-4.134708
19275,0,-6.7054825
19276,0,-6.7054825
19277,1,-6.582557
19278,1,-6.970554
19279,0,-1.9534996
19280,1,-6.1526036
19281,0,-6.970554
19282,1,-4.9671183
19283,0,-6.970554
19284,1,-5.1003547
19285,1,-4.9651704
19286,0,-6.970554
19287,1,-6.970554
19288,1,-6.006076
19289,1,-6.006076
19290,0,-6.970554
19291,0,-6.970554
19292,0,-5.177755
19293,0,-6.970554
19294,1,-4.852644
19295,1,-6.571776
19296,1,-6.970554
19297,1,-4.968752
19298,0,-6.970554
19299,1,-4.9335985
19300,1,-4.9335985
19301,0,-5.6692505
19302,0,-6.970554
19303,1,-6.970554
19304,0,-5.00196
19305,1,-5.00196
19306,0,-5.00196
19307,1,-4.013668
19308,0,-4.013668
19309,1,-1.6729716
19310,1,-3.8132448
19311,0,-6.970554
19312,0,-6.970554
19313,1,-3.4415562
19314,0,-3.4415562
19315,1,-3.4415562
19316,1,-5.766489
19317,1,-4.7351484
19318,1,-2.446528
19319,1,-3.0236187
19320,1,-6.8904796
19321,0,-6.582557
19322,1,-3.6502495
19323,0,-4.907186
19324,0,-6.6273923
19325,0,-6.970554
19326,1,-6.237173
19327,0,-6.970554
19328,0,-6.5749774
19329,1,-3.998788
19330,1,-3.998788
19331,0,-6.970554
19332,1,-5.387152
19333,1,-4.3707266
19334,1,-1.8082644
19335,1,-4.7642336
19336,0,-6.8967752
19337,1,-6.8282247
19338,0,-6.970554
19339,0,-6.970554
19340,0,-6.970554
19341,0,-6.970554
19342,0,-6.970554
19343,0,-4.9354553
19344,0,-4.9354553
19345,0,-6.970554
19346,0,-6.970554
19347,0,-6.970554
19348,0,-6.2511654
19349,1,-6.742254
19350,1,-5.803218
19351,0,-6.7054825
19352,1,-6.779955
19353,0,-6.779955
19354,0,-6.779955
19355,0,-6.970554
19356,0,-6.970554
19357,0,-6.970554
19358,1,-6.1468587
19359,1,-5.179672
19360,0,-6.970554
19361,0,-6.970554
19362,1,-5.5241456
19363,0,-6.236979
19364,0,-6.236979
19365,1,-6.970554
19366,1,-6.970554
19367,0,-6.970554
19368,0,-5.7111163
19369,0,-5.7111163
19370,1,-6.5148835
19371,0,-6.7054825
19372,1,-5.3041487
19373,0,-2.8090317
19374,1,-4.044437
19375,0,-3.5951307
19376,1,-5.8805814
19377,1,-4.9196267
19378,1,-6.970554
19379,1,-6.970554
19380,0,-5.8735085
19381,1,-5.8735085
19382,0,-7.192238
19383,1,-4.9836855
19384,0,-4.9836855
19385,0,-4.9836855
19386,1,-4.9836855
19387,0,-6.970554
19388,0,-6.970554
19389,1,-5.6346936
19390,1,-5.270043
19391,1,-4.99005
19392,0,-4.666366
19393,1,-3.6279013
19394,1,-6.76225
19395,1,-4.979391
19396,0,-4.339064
19397,0,-6.970554
19398,1,-6.452052
19399,0,-6.970554
19400,0,-6.970554
19401,1,-4.5626245
19402,0,-6.970554
19403,0,-6.970554
19404,1,-6.970554
19405,1,-5.8051724
19406,1,-5.6421123
19407,1,-4.856967
19408,0,-6.970554
19409,1,-3.6391017
19410,1,-6.3374577
19411,1,-3.8037791
19412,1,-6.970554
19413,1,-5.2939954
19414,0,-6.2511654
19415,0,-5.7305117
19416,1,-6.970554
19417,1,-5.5147185
19418,1,-5.766119
19419,0,-6.970554
19420,0,-6.970554
19421,0,-6.970554
19422,0,-6.970554
19423,0,-6.970554
19424,0,-6.970554
19425,0,-6.970554
19426,0,-6.970554
19427,0,-6.970554
19428,0,-6.970554
19429,1,-4.5408883
19430,0,-6.970554
19431,1,-4.9406686
19432,0,-6.970554
19433,0,-6.970554
19434,0,-6.970554
19435,0,-6.970554
19436,0,-6.970554
19437,0,-6.970554
19438,0,-6.203585
19439,0,-6.970554
19440,0,-6.970554
19441,0,-6.970554
19442,1,-4.665811
19443,1,-5.021344
19444,1,-6.2178507
19445,0,-2.800858
19446,1,-4.1192403
19447,1,-3.2244613
19448,0,-6.970554
19449,0,-6.740798
19450,0,-5.0132337
19451,1,-5.0132337
19452,0,-6.970554
19453,1,-6.970554
19454,0,-6.5572567
19455,0,-6.970554
19456,1,-5.632791
19457,1,-5.632791
19458,0,-6.970554
19459,0,-6.970554
19460,1,-5.088644
19461,0,-4.4071894
19462,0,-5.3505645
19463,0,-6.970554
19464,0,-6.970554
19465,1,-6.3374577
19466,1,-6.452052
19467,1,-5.440261
19468,1,-5.32775
19469,1,-6.114249
19470,0,-6.7054825
19471,1,-5.5147185
19472,0,-6.970554
19473,0,-6.970554
19474,0,-6.970554
19475,1,-6.970554
19476,1,-5.0449114
19477,1,-6.894852
19478,0,-6.894852
19479,0,-6.894852
19480,1,-3.2721024
19481,1,-5.6692505
19482,0,-6.970554
19483,1,-6.942411
19484,0,-3.4934206
19485,0,-6.970554
19486,0,-5.5926375
19487,0,-3.6650848
19488,0,-6.970554
19489,0,-5.028163
19490,0,-6.970554
19491,0,-6.970554
19492,0,-6.970554
19493,0,-6.970554
19494,0,-6.970554
19495,0,-6.970554
19496,0,-6.970554
19497,0,-6.0305376
19498,0,-6.970554
19499,0,-6.970554
19500,0,-6.970554
19501,0,-6.970554
19502,0,-6.970554
19503,0,-6.970554
19504,0,-3.8435662
19505,0,-6.970554
19506,0,-6.189879
19507,0,-6.970554
19508,0,-4.7899795
19509,0,-4.7899795
19510,0,-6.970554
19511,1,-6.970554
19512,0,-6.970554
19513,0,-6.970554
19514,0,-6.2685757
19515,0,-6.970554
19516,0,-6.970554
19517,0,-6.970554
19518,0,-6.970554
19519,0,-6.970554
19520,0,-5.0986385
19521,0,-5.0986385
19522,0,-5.184108
19523,0,-5.184108
19524,0,-5.184108
19525,0,-4.5911946
19526,0,-3.5137353
19527,1,-3.5137353
19528,0,-6.006076
19529,0,-5.2885504
19530,0,-2.446528
19531,0,-1.83548
19532,1,-5.1279826
19533,0,-5.5241456
19534,0,-4.9836855
19535,1,-4.9836855
19536,0,-3.348263
19537,0,-3.348263
19538,0,-3.348263
19539,0,-3.348263
19540,0,-5.0132337
19541,0,-5.0132337
19542,0,-5.0449114
19543,0,-5.0449114
19544,0,-6.970554
19545,0,-3.2721024
19546,0,-5.0238485
19547,0,-5.794903
19548,1,-5.5343485
19549,0,-6.970554
19550,1,-7.093296
19551,0,-6.970554
19552,0,-6.7054825
19553,0,-6.970554
19554,1,-3.0146062
19555,1,-2.6043615
19556,0,-6.970554
19557,0,-6.970554
19558,0,-6.970554
19559,0,-6.970554
19560,0,-6.970554
19561,0,-6.970554
19562,0,-6.970554
19563,0,-6.970554
19564,0,-6.7054825
19565,1,-6.92961
19566,0,-6.970554
19567,1,-5.125103
19568,0,-5.125103
19569,1,-4.516799
19570,0,-6.970554
19571,0,-6.970554
19572,1,-5.69538
19573,0,-6.970554
19574,0,-6.970554
19575,0,-6.970554
19576,1,-6.970554
19577,1,-4.577194
19578,1,-6.448495
19579,0,-6.970554
19580,0,-6.970554
19581,0,-6.970554
19582,1,-6.970554
19583,0,-6.970554
19584,0,-6.779955
19585,0,-6.970554
19586,0,-6.970554
19587,0,-6.970554
19588,1,-3.814019
19589,1,-4.710943
19590,1,-4.710943
19591,1,-4.5115027
19592,1,-4.8212843
19593,0,-4.8212843
19594,1,-5.6023526
19595,1,-6.970554
19596,0,-6.970554
19597,1,-5.5777473
19598,1,-5.0684075
19599,0,-6.970554
19600,1,-4.5957294
19601,1,0.36114183
19602,1,-4.7414017
19603,1,-6.847092
19604,1,-4.0041566
19605,0,-6.3958445
19606,1,-5.567423
19607,1,-4.626977
19608,0,-6.970554
19609,1,-2.3696077
19610,1,-3.1343606
19611,1,-6.970554
19612,1,-6.096501
19613,1,-6.2697945
19614,1,-3.885048
19615,1,-2.0413666
19616,1,-6.970554
19617,1,-6.970554
19618,1,-6.0626807
19619,0,-6.970554
19620,0,-6.970554
19621,0,-6.970554
19622,0,-6.970554
19623,1,-0.71153206
19624,1,-6.616281
19625,1,-4.9538198
19626,1,-5.23915
19627,1,-6.970554
19628,1,-4.829702
19629,1,-3.059675
19630,1,-5.8045692
19631,1,-3.723627
19632,1,-6.970554
19633,0,-6.970554
19634,1,-3.8376267
19635,1,-6.970554
19636,1,-3.6938794
19637,1,-5.107375
19638,1,-5.107375
19639,1,-4.0156126
19640,1,-4.7004423
19641,0,-6.970554
19642,1,-4.7669535
19643,0,-6.970554
19644,0,-6.970554
19645,1,-4.397834
19646,1,-2.9204855
19647,1,-4.6008463
19648,0,-6.740798
19649,1,-4.17376
19650,1,-2.899856
19651,1,-2.0093153
19652,1,-6.970554
19653,0,-6.805651
19654,1,-6.970554
19655,1,-4.431032
19656,0,-6.970554
19657,1,-4.36485
19658,0,-6.970554
19659,0,-6.970554
19660,0,-6.970554
19661,0,-6.970554
19662,1,-5.4970875
19663,1,-4.9855638
19664,1,-4.609512
19665,1,-5.3745394
19666,1,-1.6472368
19667,1,-5.6885962
19668,1,-5.309597
19669,1,-5.0382333
19670,1,-2.748252
19671,0,-6.970554
19672,1,-5.200625
19673,1,-6.970554
19674,1,-3.134889
19675,1,-5.7563715
19676,1,-4.665161
19677,1,-5.6128974
19678,1,-6.3640733
19679,0,-6.970554
19680,0,-6.970554
19681,0,-6.970554
19682,0,-6.970554
19683,1,-4.8583016
19684,0,-6.970554
19685,0,-6.970554
19686,0,-6.970554
19687,1,-1.0247872
19688,1,-3.9018257
19689,1,-2.9046822
19690,0,-5.8314223
19691,1,-5.264764
19692,1,-5.403625
19693,0,-6.8476286
19694,1,-5.0482397
19695,1,-6.970554
19696,0,-6.970554
19697,0,-6.7054825
19698,0,-6.7054825
19699,1,-1.7008235
19700,0,-6.970554
19701,1,-2.5225468
19702,0,-6.970554
19703,0,-6.970554
19704,1,-0.91953874
19705,0,-4.925796
19706,0,-6.970554
19707,1,-2.0732682
19708,0,-6.970554
19709,1,-6.970554
19710,0,-6.2048087
19711,0,-6.970554
19712,0,-6.970554
19713,1,-5.184108
19714,0,-6.970554
19715,0,-6.970554
19716,1,-1.7908627
19717,1,-4.599233
19718,1,-4.168287
19719,1,-6.9450703
19720,1,-6.846362
19721,0,-6.970554
19722,0,-6.970554
19723,0,-6.970554
19724,0,-6.970554
19725,1,-0.43340698
19726,0,-6.970554
19727,0,-7.172637
19728,1,-5.3474813
19729,0,-6.970554
19730,1,-5.377574
19731,1,-5.490712
19732,1,-5.6506734
19733,0,-6.4054117
19734,1,-5.239134
19735,1,-5.1199484
19736,1,-5.1199484
19737,0,-6.970554
19738,0,-6.582557
19739,0,-6.970554
19740,0,-6.970554
19741,1,-4.9793777
19742,1,-6.970554
19743,0,-6.970554
19744,1,-3.8973541
19745,1,-5.6551337
19746,1,-6.970554
19747,0,-6.970554
19748,1,-1.7169572
19749,0,-6.970554
19750,1,-6.970554
19751,1,-6.970554
19752,1,-6.8461432
19753,1,-6.970554
19754,0,-6.970554
19755,1,-3.5740023
19756,1,-6.970554
19757,1,-6.970554
19758,1,-5.279098
19759,0,-5.279098
19760,1,-5.184435
19761,1,-1.5344588
19762,1,-5.034479
19763,1,-1.576534
19764,1,-1.3271457
19765,1,-4.456838
19766,0,-6.7860503
19767,0,-6.8012924
19768,1,-4.8861523
19769,0,-6.970554
19770,1,-4.890087
19771,1,-4.268642
19772,1,-4.4493656
19773,1,-7.172637
19774,0,-6.970554
19775,1,-6.1629467
19776,0,-6.970554
19777,0,-6.970554
19778,1,-4.741768
19779,0,-6.970554
19780,0,-6.970554
19781,1,-6.055549
19782,1,-3.8169463
19783,1,-3.610013
19784,0,-6.970554
19785,0,-6.970554
19786,0,-6.970554
19787,1,-6.3116426
19788,1,-5.403836
19789,0,-6.970554
19790,1,-4.5587063
19791,0,-6.526086
19792,1,-5.5098233
19793,0,-6.970554
19794,1,-6.685796
19795,0,-2.5739193
19796,0,-6.970554
19797,0,-6.970554
19798,1,-4.4396815
19799,0,-6.970554
19800,1,-6.970554
19801,0,-7.172637
19802,0,-6.5332336
19803,0,-6.970554
19804,1,-5.0121274
19805,1,-4.938349
19806,0,-6.970554
19807,1,-3.5675163
19808,1,-6.049467
19809,0,-6.970554
19810,1,-4.161317
19811,1,-0.95344275
19812,0,-6.970554
19813,1,-6.093046
19814,1,-3.006694
19815,1,-3.006694
19816,1,-4.294294
19817,1,-4.4728336
19818,1,-4.237999
19819,1,-4.943373
19820,0,-6.970554
19821,1,-2.7625263
19822,1,-6.970554
19823,0,-6.970554
19824,0,-6.970554
19825,0,-6.970554
19826,1,-3.604924
19827,1,-4.5169725
19828,0,-6.970554
19829,0,-6.970554
19830,0,-6.1365924
19831,1,-4.23275
19832,1,-0.45735845
19833,0,-6.970554
19834,1,-5.701197
19835,0,-6.970554
19836,0,-6.2005897
19837,0,-6.970554
19838,1,-0.6027411
19839,1,-5.9363055
19840,0,-6.970554
19841,1,-6.4146824
19842,0,-5.0318346
19843,0,-6.970554
19844,1,-5.634167
19845,1,-6.0217366
19846,0,-4.6575775
19847,0,-6.575662
19848,1,-5.792457
19849,1,-5.6506734
19850,1,-5.6506734
19851,1,-5.087946
19852,1,-3.8976817
19853,0,-6.970554
19854,0,-6.970554
19855,1,-6.970554
19856,0,-6.970554
19857,1,-4.5894556
19858,1,-6.31856
19859,1,-6.970554
19860,0,-6.970554
19861,0,-6.970554
19862,1,-6.970554
19863,0,-6.970554
19864,0,-6.970554
19865,0,-4.404621
19866,1,5.174291
19867,1,-6.970554
19868,1,-6.649272
19869,0,-3.815885
19870,1,-2.716667
19871,1,-5.547934
19872,1,-5.547934
19873,1,-3.9950478
19874,1,-4.9839196
19875,0,-4.9839196
19876,1,-2.9537828
19877,0,-6.970554
19878,1,-5.794903
19879,1,-5.5343485
19880,1,-6.970554
19881,0,-6.970554
19882,0,-7.093296
19883,0,-6.970554
19884,1,-3.0146062
19885,0,-3.0146062
19886,0,-3.0146062
19887,0,-6.970554
19888,0,-6.970554
19889,0,-6.970554
19890,0,-6.970554
19891,0,-6.970554
19892,0,-6.970554
19893,0,-6.970554
19894,0,-6.970554
19895,0,-6.970554
19896,0,-6.970554
19897,0,-6.970554
19898,0,-6.970554
19899,0,-6.970554
19900,0,-6.970554
19901,0,-6.970554
19902,1,-3.9666479
19903,1,-5.3716846
19904,0,-6.970554
19905,0,-6.970554
19906,0,-6.970554
19907,0,-5.552808
19908,1,-5.552808
19909,0,-5.552808
19910,0,-6.970554
19911,0,-6.970554
19912,0,-6.970554
19913,0,-6.970554
19914,1,-6.779955
19915,0,-6.970554
19916,0,-6.970554
19917,0,-6.970554
19918,0,-6.970554
19919,0,-6.970554
19920,0,-4.478576
19921,0,-6.970554
19922,0,-6.970554
19923,0,-6.970554
19924,0,-6.970554
19925,1,-6.779955
19926,0,-6.779955
19927,1,-6.970554
19928,0,-6.970554
19929,0,-6.970554
19930,0,-6.970554
19931,0,-6.970554
19932,0,-6.8967752
19933,1,-4.710943
19934,1,-4.710943
19935,1,-4.8212843
19936,1,-6.970554
19937,1,-4.792383
19938,1,-6.970554
19939,0,-5.5777473
19940,0,-5.7743545
19941,0,-6.970554
19942,0,-6.970554
19943,0,-6.970554
19944,0,-6.970554
19945,1,-4.0041566
19946,0,-6.970554
19947,1,-4.481975
19948,0,-6.3727283
19949,0,-6.970554
19950,0,-4.626977
19951,1,-6.096501
19952,0,-6.096501
19953,0,-5.614036
19954,0,-6.2697945
19955,1,-6.2697945
19956,1,-6.0110683
19957,1,-2.0413666
19958,0,-6.970554
19959,1,-4.881561
19960,1,-5.909853
19961,0,-6.970554
19962,0,-6.970554
19963,1,-6.970554
19964,0,-6.970554
19965,0,-5.23915
19966,0,-5.23915
19967,0,-6.970554
19968,0,-6.970554
19969,1,-4.293624
19970,0,-6.970554
19971,1,-5.8058004
19972,1,-5.6847425
19973,1,-3.723627
19974,0,-6.970554
19975,0,-6.970554
19976,0,-6.970554
19977,1,-6.65626
19978,0,-6.970554
19979,0,-3.8376267
19980,0,-6.970554
19981,1,-1.2898264
19982,1,-6.5299144
19983,0,-6.6182384
19984,1,-4.55301
19985,1,-5.107375
19986,0,-4.0156126
19987,1,-5.1392794
19988,1,-4.997395
19989,1,-6.970554
19990,0,-6.970554
19991,0,-4.7004423
19992,1,-4.656706
19993,1,-4.7669535
19994,1,-6.0776644
19995,0,-6.970554
19996,0,-2.9204855
19997,1,-6.740798
19998,1,-6.2684216
19999,0,-6.970554
20000,0,-6.970554
20001,1,-2.899856
20002,1,-2.0093153
20003,1,-6.970554
20004,1,-6.805651
20005,0,-6.8476286
20006,1,-5.393992
20007,0,-6.970554
20008,0,-6.970554
20009,0,-6.970554
20010,0,-4.609512
20011,0,-6.970554
20012,0,-6.76225
20013,0,-6.76225
20014,1,-4.445569
20015,0,-6.970554
20016,1,-6.382816
20017,1,-2.748252
20018,0,-6.970554
20019,1,-6.528004
20020,1,-5.200625
20021,1,-4.665161
20022,1,-5.6128974
20023,0,-6.970554
20024,0,-6.970554
20025,0,-6.970554
20026,1,-2.6318526
20027,0,-6.970554
20028,0,-6.970554
20029,1,-6.970554
20030,0,-6.970554
20031,1,-5.434644
20032,1,-5.413104
20033,1,-5.5147185
20034,0,-6.970554
20035,0,-6.970554
20036,1,-1.0247872
20037,1,-5.274084
20038,0,-5.274084
20039,0,-6.970554
20040,1,-1.9874016
20041,0,-6.970554
20042,0,-6.970554
20043,1,-6.1430306
20044,0,-6.970554
20045,1,-5.858868
20046,0,-6.8476286
20047,0,-6.970554
20048,1,-6.970554
20049,1,-4.6312904
20050,1,-4.657729
20051,0,-6.6743116
20052,1,-6.7054825
20053,1,-2.5225468
20054,0,-6.970554
20055,1,-5.9552054
20056,1,-3.3578405
20057,0,-2.0732682
20058,1,-6.970554
20059,0,-6.970554
20060,0,-6.970554
20061,0,-6.970554
20062,1,-6.970554
20063,1,-5.4955673
20064,0,-6.970554
20065,0,-6.779955
20066,0,-6.970554
20067,1,-4.2459455
20068,1,-6.779955
20069,1,-4.777487
20070,0,-6.970554
20071,0,-6.970554
20072,0,-6.970554
20073,0,-6.970554
20074,1,-4.599233
20075,1,-5.9363055
20076,1,-4.2155085
20077,1,-5.2598596
20078,0,-6.682909
20079,0,-6.970554
20080,1,-5.2286115
20081,0,-5.8204875
20082,1,-5.8204875
20083,1,-3.5762491
20084,0,-3.5762491
20085,1,-5.4824805
20086,1,-6.970554
20087,1,-6.970554
20088,0,-6.6232677
20089,0,-6.970554
20090,0,-6.970554
20091,0,-6.970554
20092,0,-6.970554
20093,1,-5.8762116
20094,1,-6.970554
20095,1,-5.6506734
20096,1,-6.9138274
20097,1,-5.1199484
20098,0,-6.970554
20099,0,-6.970554
20100,0,-6.970554
20101,0,-6.970554
20102,0,-6.970554
20103,0,-6.970554
20104,0,-6.970554
20105,0,-4.9793777
20106,1,-4.9793777
20107,0,-6.970554
20108,0,-6.970554
20109,0,-6.7054825
20110,1,-3.8973541
20111,1,-6.970554
20112,0,-6.970554
20113,1,-6.970554
20114,0,-6.970554
20115,1,-4.09389
20116,0,-6.970554
20117,1,-6.970554
20118,0,-6.970554
20119,1,-6.970554
20120,0,-6.970554
20121,0,-6.7054825
20122,1,-5.368427
20123,1,-2.1179774
20124,1,-6.970554
20125,1,-6.970554
20126,0,-5.279098
20127,1,-4.2069297
20128,0,-7.172637
20129,1,-5.0732236
20130,1,-0.04886677
20131,0,-6.970554
20132,1,-5.504751
20133,1,-5.504751
20134,1,-3.9079778
20135,1,-5.2393713
20136,1,-6.970554
20137,0,-6.970554
20138,0,-4.268642
20139,0,-4.268642
20140,1,-4.268642
20141,0,-6.970554
20142,1,-6.2682633
20143,1,-7.172637
20144,1,-5.5387454
20145,0,-5.604811
20146,1,-5.9012413
20147,1,-6.01638
20148,1,-5.802197
20149,0,-6.970554
20150,1,-4.683109
20151,1,-6.1629467
20152,1,-4.2421136
20153,1,-6.970554
20154,0,-6.970554
20155,0,-6.970554
20156,1,-3.610013
20157,0,-6.970554
20158,1,-6.76225
20159,0,-6.970554
20160,0,-6.970554
20161,0,-6.970554
20162,0,-6.970554
20163,1,-6.970554
20164,0,-6.970554
20165,1,-4.5587063
20166,1,-4.928358
20167,0,-6.970554
20168,0,-6.970554
20169,0,-6.970554
20170,0,-6.970554
20171,1,-6.685796
20172,1,-2.5739193
20173,1,-5.18834
20174,0,-6.5329885
20175,0,-6.7054825
20176,1,-6.8967752
20177,1,-5.441642
20178,1,-6.4386954
20179,1,-5.0121274
20180,1,-4.938349
20181,0,-6.970554
20182,1,-5.184108
20183,0,-6.970554
20184,1,-5.373244
20185,1,-6.970554
20186,1,-3.214566
20187,0,-5.7046957
20188,0,-6.970554
20189,0,-6.970554
20190,1,-5.660525
20191,1,-3.006694
20192,1,-3.006694
20193,1,-4.237999
20194,1,-5.973435
20195,0,-2.7625263
20196,0,-6.970554
20197,0,-6.970554
20198,0,-6.970554
20199,0,-6.970554
20200,1,-6.091161
20201,1,-5.887845
20202,0,-5.887845
20203,0,-6.970554
20204,0,-6.970554
20205,0,-6.970554
20206,0,-6.970554
20207,0,-7.093296
20208,0,-6.970554
20209,0,-6.970554
20210,1,-6.970554
20211,1,-3.2122822
20212,1,-6.1365924
20213,0,-6.970554
20214,0,-6.970554
20215,0,-6.970554
20216,0,-6.970554
20217,1,-6.7054825
20218,1,-6.3917236
20219,1,-5.589176
20220,0,-6.970554
20221,0,-6.970554
20222,0,-6.970554
20223,1,-4.202556
20224,0,-6.970554
20225,0,-6.2005897
20226,0,-6.970554
20227,0,-6.970554
20228,0,-6.970554
20229,0,-5.9363055
20230,1,-6.8904796
20231,0,-6.970554
20232,0,-6.970554
20233,0,-6.4146824
20234,0,-6.970554
20235,1,-6.970554
20236,0,-4.6575775
20237,0,-6.575662
20238,1,-5.792457
20239,1,-5.6506734
20240,1,-5.6506734
20241,1,-4.1807384
20242,0,-3.8976817
20243,1,-6.970554
20244,1,-6.970554
20245,1,-6.970554
20246,1,-5.057689
20247,1,-6.9075656
20248,0,-6.9075656
20249,1,-6.970554
20250,1,-6.970554
20251,1,-6.970554
20252,1,-4.404621
20253,1,5.174291
20254,0,-5.6473007
20255,1,-6.970554
20256,1,-6.649272
20257,0,-6.649272
20258,1,-3.815885
20259,1,-5.3214455
20260,1,-2.716667
20261,1,-5.547934
20262,1,-5.547934
20263,1,-4.6997056
20264,1,-5.9213467
20265,1,-3.0819614
20266,1,-3.9950478
20267,1,-4.9839196
20268,1,-3.4056706
20269,1,-4.191992
20270,0,-5.5343485
20271,0,-5.5343485
20272,0,-6.970554
20273,0,-6.970554
20274,0,-6.970554
20275,0,-3.0146062
20276,1,-3.9666479
20277,0,-6.970554
20278,0,-6.970554
20279,0,-6.970554
20280,0,-6.970554
20281,0,-6.970554
20282,0,-6.2697945
20283,1,-3.885048
20284,0,-4.881561
20285,0,-5.23915
20286,0,-4.7669535
20287,0,-6.970554
20288,0,-6.970554
20289,0,-6.779955
20290,0,-6.970554
20291,0,-6.970554
20292,0,-6.970554
20293,0,-6.970554
20294,0,-6.970554
20295,0,-6.970554
20296,0,-6.970554
20297,0,-4.9793777
20298,0,-6.970554
20299,0,-6.970554
20300,0,-6.970554
20301,0,-1.7169572
20302,0,-6.970554
20303,0,-5.279098
20304,0,-6.970554
20305,0,-6.970554
20306,0,-6.1629467
20307,0,-6.970554
20308,0,-6.970554
20309,0,-6.970554
20310,0,-6.970554
20311,0,-6.970554
20312,0,-6.970554
20313,0,-6.970554
20314,0,-4.161317
20315,0,-4.161317
20316,0,-4.161317
20317,0,-4.161317
20318,1,-6.970554
20319,0,-6.575662
20320,0,-5.792457
20321,0,-3.8976817
20322,0,-3.8976817
20323,0,-3.8976817
20324,0,-6.970554
20325,0,-6.970554
20326,0,-6.779955
20327,0,-4.521248
20328,1,-4.521248
20329,0,-6.970554
20330,0,-6.970554
20331,0,-6.723401
20332,1,-2.6588352
20333,1,-3.704255
20334,0,-6.970554
20335,0,-6.970554
20336,0,-6.970554
20337,1,-6.582557
20338,1,-1.0516032
20339,1,-2.594735
20340,0,-2.594735
20341,1,-2.011069
20342,0,-6.970554
20343,0,-6.970554
20344,0,-6.970554
20345,1,-4.6947813
20346,0,-6.1395864
20347,0,-6.970554
20348,0,-6.970554
20349,1,-3.9849238
20350,1,-6.970554
20351,0,-6.970554
20352,1,-6.970554
20353,1,-2.9191806
20354,0,-5.8538885
20355,1,-5.0943084
20356,0,-6.970554
20357,0,-6.970554
20358,0,-6.970554
20359,1,-0.63239586
20360,1,-3.0655968
20361,1,-6.3405766
20362,1,-6.970554
20363,0,-6.970554
20364,0,-6.970554
20365,0,-6.970554
20366,1,-3.738335
20367,0,-3.738335
20368,0,-3.738335
20369,0,-6.970554
20370,1,-6.604475
20371,0,-6.970554
20372,0,-6.7054825
20373,1,-6.157638
20374,1,-5.8785706
20375,0,-6.970554
20376,1,-3.1577601
20377,0,-6.970554
20378,1,-4.0396953
20379,1,-2.9615386
20380,0,-6.970554
20381,0,-6.970554
20382,1,-4.0313134
20383,0,-4.8126698
20384,1,-1.9952431
20385,1,-4.577019
20386,0,-5.3145614
20387,0,-6.970554
20388,1,-3.003035
20389,0,-6.970554
20390,1,-6.5572567
20391,0,-6.970554
20392,1,-3.1885452
20393,1,-0.20950842
20394,1,-2.134663
20395,1,-5.4981465
20396,0,-6.970554
20397,1,-4.1814275
20398,1,-4.1814275
20399,1,-6.970554
20400,1,-4.826116
20401,0,-6.92961
20402,1,-5.4671783
20403,0,-7.093296
20404,0,-6.970554
20405,1,-4.008593
20406,0,-4.008593
20407,0,-4.008593
20408,1,-4.7413754
20409,1,-3.6978734
20410,1,-3.1730502
20411,1,-1.4125491
20412,0,-3.487274
20413,1,-3.487274
20414,1,-3.487274
20415,1,-4.3576183
20416,1,-6.970554
20417,0,-6.970554
20418,0,-6.970554
20419,0,-6.970554
20420,0,-6.970554
20421,0,-6.970554
20422,0,-6.970554
20423,0,-6.970554
20424,0,-6.970554
20425,0,-6.970554
20426,0,-6.970554
20427,0,-6.7054825
20428,0,-6.970554
20429,0,-6.970554
20430,0,-6.970554
20431,0,-6.970554
20432,0,-6.970554
20433,0,-6.970554
20434,1,-4.6509075
20435,1,-4.6509075
20436,1,-6.0626807
20437,1,-3.8351426
20438,0,-6.970554
20439,0,-6.970554
20440,0,-6.970554
20441,1,0.35771823
20442,0,-6.970554
20443,1,-4.5624485
20444,0,-6.970554
20445,0,-6.970554
20446,1,-6.970554
20447,0,-6.970554
20448,1,-1.1636298
20449,0,-5.5906167
20450,0,-6.970554
20451,0,-6.970554
20452,0,-6.970554
20453,1,-4.4034195
20454,1,-3.9194853
20455,1,-2.5537057
20456,0,-5.4383426
20457,0,-6.970554
20458,0,-6.970554
20459,1,-5.7027216
20460,1,-4.9945893
20461,0,-6.970554
20462,1,-1.0035945
20463,0,-6.970554
20464,1,-5.5503516
20465,1,-5.82229
20466,0,-6.970554
20467,1,-3.7840338
20468,0,-6.970554
20469,0,-6.846362
20470,1,-3.4307528
20471,0,-3.4307528
20472,1,-5.0437813
20473,0,-5.0437813
20474,0,-6.970554
20475,0,-6.970554
20476,0,-6.970554
20477,1,-3.1623213
20478,0,-3.1623213
20479,0,-6.6743116
20480,1,-6.636446
20481,1,-3.795862
20482,1,-3.6020157
20483,1,-6.5148835
20484,1,-4.027461
20485,1,-5.344715
20486,1,-4.185398
20487,1,-2.8024075
20488,1,-6.970554
20489,1,-6.188576
20490,0,-6.188576
20491,0,-6.188576
20492,0,-6.188576
20493,0,-6.188576
20494,0,-6.7054825
20495,1,-0.62089115
20496,1,-4.0538383
20497,0,-6.7052994
20498,0,-5.9734693
20499,0,-3.8904703
20500,1,-4.3465443
20501,0,-6.6273923
20502,1,-6.6273923
20503,0,-6.970554
20504,1,-3.9429004
20505,1,-3.772514
20506,0,-6.970554
20507,0,-6.970554
20508,1,-6.3144946
20509,1,-2.6217632
20510,0,-6.970554
20511,1,-4.429417
20512,1,-4.02126
20513,1,-5.83942
20514,1,-2.8880777
20515,1,-2.175765
20516,0,-5.230306
20517,1,-4.8755083
20518,0,-6.970554
20519,1,-1.7660463
20520,0,-6.970554
20521,0,-6.970554
20522,0,-6.970554
20523,1,-4.757651
20524,0,-6.054497
20525,1,-5.438917
20526,1,-5.740634
20527,1,-6.170903
20528,0,-6.970554
20529,1,-3.6860392
20530,0,-6.970554
20531,1,-1.9620355
20532,0,-6.970554
20533,1,-3.4496388
20534,1,-6.970554
20535,0,-6.970554
20536,1,-5.276571
20537,1,-5.276571
20538,0,-5.276571
20539,1,-3.843043
20540,1,-6.1120334
20541,1,-5.319173
20542,1,-5.827837
20543,1,-2.067172
20544,1,-4.370637
20545,1,-2.038339
20546,1,-4.72974
20547,0,-7.093296
20548,0,-5.0723686
20549,1,-6.970554
20550,0,-5.7575297
20551,1,-3.920342
20552,0,-3.920342
20553,1,-4.990463
20554,1,-0.16365421
20555,1,-6.452737
20556,0,-6.970554
20557,0,-6.970554
20558,0,-6.970554
20559,1,-6.970554
20560,0,-6.970554
20561,1,-4.2987795
20562,1,-2.8247705
20563,1,-3.964135
20564,1,-6.970554
20565,1,-6.970554
20566,0,-5.229053
20567,1,-2.7146084
20568,0,-6.3043656
20569,0,-6.970554
20570,0,-6.970554
20571,0,-6.970554
20572,0,-6.970554
20573,0,-6.970554
20574,0,-6.970554
20575,0,-6.970554
20576,0,-6.970554
20577,0,-6.970554
20578,0,-4.6994586
20579,1,-5.7424555
20580,1,-4.2967443
20581,0,-4.2967443
20582,0,-6.970554
20583,0,-6.970554
20584,1,-5.010885
20585,0,-6.970554
20586,0,-2.7855937
20587,0,-2.7855937
20588,0,-7.044012
20589,0,-6.970554
20590,1,-3.4943602
20591,1,-0.6425387
20592,1,-2.6326668
20593,1,-6.1253247
20594,1,-5.025151
20595,0,-6.970554
20596,1,-1.1332916
20597,1,-5.1269855
20598,1,-5.906866
20599,1,-6.869559
20600,1,-4.061205
20601,1,-2.212178
20602,1,-2.212178
20603,1,-3.8880694
20604,0,-6.970554
20605,0,-6.970554
20606,1,-2.6420417
20607,1,-6.970554
20608,1,-5.2338696
20609,0,-4.7467
20610,1,-6.970554
20611,1,-5.9686446
20612,0,-6.7054825
20613,1,-5.253864
20614,1,-5.9106054
20615,1,-6.0582213
20616,1,-3.8606005
20617,1,-6.970554
20618,1,-7.0285516
20619,1,-6.6380367
20620,1,-5.0157485
20621,1,-4.5019073
20622,1,-4.7280107
20623,1,-6.6998806
20624,1,-6.1535573
20625,1,-5.982616
20626,1,-4.995646
20627,1,-6.92961
20628,1,-6.970554
20629,1,-2.714289
20630,1,-4.2734833
20631,1,-2.3658507
20632,1,-5.9088736
20633,0,-6.970554
20634,1,-5.200625
20635,1,-6.016378
20636,1,-5.277869
20637,1,-6.2344203
20638,1,-3.4389853
20639,1,-4.7578535
20640,0,-6.970554
20641,1,-3.5213442
20642,1,-5.697858
20643,0,-6.970554
20644,1,-6.925484
20645,1,-2.439045
20646,0,-6.3553557
20647,1,-3.28685
20648,0,-3.28685
20649,0,-3.28685
20650,1,-2.992648
20651,0,-7.192238
20652,0,-6.970554
20653,0,-6.970554
20654,1,-3.63246
20655,0,-7.033202
20656,0,-5.115071
20657,1,-4.7109265
20658,1,-5.7982507
20659,1,-4.889706
20660,0,-4.889706
20661,0,-4.889706
20662,0,-4.889706
20663,0,-4.889706
20664,1,-5.19613
20665,0,-4.703767
20666,0,-4.703767
20667,1,-5.1165752
20668,1,-6.970554
20669,0,-6.970554
20670,1,-6.787078
20671,1,-6.7054825
20672,1,-6.970554
20673,0,-6.970554
20674,0,-6.970554
20675,0,-6.970554
20676,1,-6.92961
20677,1,-5.417506
20678,0,-6.970554
20679,0,-6.970554
20680,1,-6.970554
20681,0,-6.970554
20682,0,-6.970554
20683,0,-6.031386
20684,0,-6.031386
20685,0,-6.682909
20686,1,-4.9203215
20687,0,-6.970554
20688,0,-6.970554
20689,0,-6.970554
20690,1,-5.897564
20691,0,-6.970554
20692,1,-6.0236597
20693,0,-6.0236597
20694,1,-6.1218243
20695,1,-6.751812
20696,0,-4.8384376
20697,0,-6.970554
20698,0,-6.970554
20699,1,-4.8139935
20700,0,-6.970554
20701,1,-6.7708373
20702,1,-2.590943
20703,0,-6.970554
20704,1,-6.168249
20705,1,-6.055549
20706,1,-5.565343
20707,1,-5.681399
20708,1,-6.970554
20709,1,-0.14612216
20710,1,-2.9560664
20711,0,-6.982038
20712,1,-5.5945597
20713,1,-5.6128974
20714,1,-5.6128974
20715,0,-5.6128974
20716,0,-5.8456197
20717,0,-6.970554
20718,0,-6.970554
20719,1,-6.970554
20720,0,-6.779955
20721,0,-2.6588352
20722,0,-3.704255
20723,1,-4.8529162
20724,1,-2.266945
20725,0,-6.970554
20726,1,-6.582557
20727,1,-5.1040335
20728,0,-6.970554
20729,0,-6.970554
20730,0,-6.970554
20731,1,-6.6800137
20732,1,-4.6947813
20733,0,-6.1395864
20734,1,-6.1395864
20735,1,-5.975204
20736,1,-1.9316314
20737,1,-6.970554
20738,0,-6.970554
20739,0,-6.970554
20740,0,-6.970554
20741,1,-5.7743545
20742,0,-6.970554
20743,1,-5.0574546
20744,0,-6.970554
20745,1,-6.970554
20746,1,-4.6044908
20747,1,-2.9191806
20748,0,-6.970554
20749,0,-6.970554
20750,1,-4.1498857
20751,0,-4.1498857
20752,1,-6.970554
20753,1,-3.0655968
20754,0,-6.970554
20755,1,-3.850706
20756,0,-6.970554
20757,0,-6.970554
20758,0,-6.970554
20759,0,-6.970554
20760,0,-6.970554
20761,0,-6.970554
20762,0,-6.970554
20763,0,-6.970554
20764,0,-6.970554
20765,0,-6.970554
20766,0,-6.970554
20767,1,-5.688492
20768,0,-6.970554
20769,0,-6.970554
20770,0,-6.970554
20771,0,-6.970554
20772,0,-6.970554
20773,0,-6.970554
20774,1,-3.738335
20775,1,-3.738335
20776,0,-6.970554
20777,0,-6.970554
20778,1,-5.9240994
20779,1,-6.604475
20780,0,-6.604475
20781,0,-6.970554
20782,0,-6.7054825
20783,1,-6.0939975
20784,0,-6.970554
20785,0,-6.157638
20786,1,-6.157638
20787,1,-5.8785706
20788,1,-6.187039
20789,0,-6.970554
20790,1,-3.1577601
20791,1,-4.7704983
20792,1,-4.2770495
20793,1,-4.091596
20794,0,-5.6247845
20795,1,-5.6247845
20796,1,-6.970554
20797,1,-5.168696
20798,1,-4.8126698
20799,0,-4.8126698
20800,1,-5.126066
20801,1,-1.9952431
20802,1,-6.054242
20803,0,-6.970554
20804,1,-6.1821294
20805,0,-6.8476286
20806,0,-6.970554
20807,1,-4.6831255
20808,1,-6.582557
20809,0,-6.382795
20810,1,-4.54667
20811,0,-3.003035
20812,0,-6.970554
20813,0,-6.970554
20814,0,-6.970554
20815,1,-6.970554
20816,1,-4.860995
20817,1,-5.578505
20818,0,-0.20950842
20819,0,-2.134663
20820,0,-6.8476286
20821,1,-5.4981465
20822,1,-5.5115404
20823,1,-4.1814275
20824,1,-4.1814275
20825,1,-4.1814275
20826,0,-6.970554
20827,1,-7.1121635
20828,0,-4.826116
20829,0,-6.970554
20830,0,-6.970554
20831,1,-4.008593
20832,1,-2.979529
20833,0,-7.192238
20834,1,-3.1730502
20835,1,-1.4125491
20836,1,-6.970554
20837,1,-3.487274
20838,1,-3.487274
20839,1,-3.487274
20840,0,-6.970554
20841,1,-6.970554
20842,0,-6.970554
20843,0,-6.970554
20844,0,-6.970554
20845,0,-6.76225
20846,0,-6.970554
20847,0,-6.970554
20848,0,-6.970554
20849,0,-6.970554
20850,0,-6.970554
20851,0,-6.970554
20852,0,-6.970554
20853,0,-6.970554
20854,0,-6.970554
20855,1,-6.970554
20856,0,-6.970554
20857,0,-6.158259
20858,0,-6.970554
20859,0,-5.6978235
20860,1,-4.9880095
20861,0,-6.970554
20862,1,-5.184108
20863,0,-6.970554
20864,0,-6.970554
20865,1,-6.970554
20866,1,-6.534494
20867,0,-6.970554
20868,1,-5.832213
20869,1,-6.970554
20870,0,-6.7054825
20871,1,-4.777285
20872,1,-6.779955
20873,1,-1.1636298
20874,0,-5.5906167
20875,1,-5.162138
20876,0,-6.970554
20877,0,-4.4034195
20878,0,-6.970554
20879,1,-3.0600264
20880,1,-4.715579
20881,0,-6.970554
20882,1,-3.0679398
20883,1,-5.216943
20884,1,-6.970554
20885,0,-5.512019
20886,1,-4.433869
20887,1,-4.8494577
20888,0,-4.8494577
20889,0,-6.970554
20890,1,-5.104635
20891,1,-1.0035945
20892,0,-6.970554
20893,1,-4.4870863
20894,1,-5.9249935
20895,0,-7.192238
20896,0,-6.970554
20897,0,-6.35668
20898,0,-5.0437813
20899,0,-6.970554
20900,1,-4.418974
20901,1,-6.372376
20902,0,-6.970554
20903,0,-6.970554
20904,1,-6.673736
20905,1,-5.5851626
20906,1,-5.5851626
20907,1,-3.1623213
20908,0,-3.1623213
20909,0,-3.1623213
20910,0,-3.1623213
20911,0,-3.1623213
20912,1,-3.1623213
20913,1,-5.455369
20914,1,-5.9213467
20915,1,-4.558466
20916,0,-3.6020157
20917,1,-6.5148835
20918,0,-6.970554
20919,0,-6.970554
20920,0,-6.970554
20921,0,-6.970554
20922,1,-6.188576
20923,1,-6.2670975
20924,0,-6.7054825
20925,1,-0.62089115
20926,0,-0.62089115
20927,0,-6.970554
20928,1,-3.2308085
20929,1,-4.3918943
20930,0,-4.0538383
20931,1,-6.779955
20932,1,-5.0693035
20933,1,-6.7052994
20934,1,-5.9734693
20935,1,-6.91046
20936,1,-3.8904703
20937,1,-6.6273923
20938,1,-6.6273923
20939,1,-4.932385
20940,0,-6.970554
20941,1,-3.772514
20942,1,-3.446518
20943,1,-4.2452087
20944,0,-6.970554
20945,1,-6.779955
20946,1,-2.6217632
20947,1,-5.0841026
20948,1,-4.02126
20949,1,-6.970554
20950,1,-2.175765
20951,1,-6.970554
20952,0,-5.230306
20953,0,-6.970554
20954,0,-6.970554
20955,0,-6.970554
20956,0,-6.970554
20957,0,-6.970554
20958,0,-6.970554
20959,0,-6.970554
20960,1,-4.5200496
20961,0,-6.970554
20962,0,-6.970554
20963,0,-6.970554
20964,0,-6.582557
20965,0,-6.970554
20966,1,-3.4496388
20967,1,-4.6104794
20968,1,-4.9651704
20969,0,-4.9651704
20970,0,-6.970554
20971,1,-6.970554
20972,1,-2.5981932
20973,0,-6.970554
20974,1,-2.0526547
20975,0,-6.970554
20976,0,-6.970554
20977,0,-6.970554
20978,0,-6.970554
20979,1,-5.7960434
20980,1,-5.276571
20981,0,-6.970554
20982,0,-4.544026
20983,1,-4.544026
20984,1,-4.544026
20985,1,-5.9886475
20986,0,-2.067172
20987,1,-6.614024
20988,1,-4.370637
20989,1,-4.72974
20990,0,-6.970554
20991,0,-5.903538
20992,1,-6.130986
20993,1,-6.15089
20994,1,-5.0723686
20995,1,-3.9482365
20996,1,-6.238419
20997,0,-3.920342
20998,1,-4.990463
20999,1,-7.0693126
21000,0,-6.970554
21001,0,-6.970554
21002,0,-6.970554
21003,1,-6.970554
21004,0,-6.970554
21005,0,-6.970554
21006,0,-6.970554
21007,0,-6.970554
21008,1,-6.0778227
21009,1,-4.610718
21010,1,-4.2987795
21011,1,-2.8247705
21012,1,-6.8005667
21013,0,-3.5904505
21014,1,-3.964135
21015,1,-6.970554
21016,1,-4.8989487
21017,1,-6.7054825
21018,1,-5.0714245
21019,0,-6.970554
21020,1,-2.7146084
21021,0,-6.970554
21022,0,-6.970554
21023,0,-6.970554
21024,0,-6.970554
21025,1,-4.6994586
21026,1,-5.1341724
21027,0,-5.1341724
21028,1,-5.8520274
21029,1,-5.7424555
21030,0,-4.2967443
21031,1,-5.452577
21032,1,-6.970554
21033,0,-6.970554
21034,1,-5.010885
21035,0,-6.970554
21036,1,-2.3702133
21037,1,-2.7855937
21038,1,-6.970554
21039,1,-6.970554
21040,1,-4.914505
21041,1,-4.2360797
21042,1,-5.5357876
21043,0,-5.906866
21044,0,-5.906866
21045,1,-2.212178
21046,0,-2.212178
21047,1,-5.9894285
21048,0,-3.8880694
21049,0,-3.8880694
21050,1,-6.970554
21051,1,-6.970554
21052,0,-6.970554
21053,0,-6.970554
21054,1,-3.876206
21055,1,-6.970554
21056,1,-4.957625
21057,0,-6.970554
21058,1,-6.8366814
21059,1,-5.2338696
21060,1,-4.299994
21061,1,-6.7054825
21062,0,-6.7054825
21063,0,-6.7054825
21064,0,-6.7054825
21065,0,-6.7054825
21066,1,-1.5693778
21067,1,-5.9106054
21068,1,-5.0157485
21069,1,-4.7280107
21070,1,-6.6998806
21071,1,-5.982616
21072,1,-6.970554
21073,1,-6.970554
21074,1,-2.3658507
21075,1,-6.5333347
21076,0,-5.9088736
21077,1,-5.9088736
21078,0,-6.970554
21079,1,-5.200625
21080,1,-6.016378
21081,1,-5.3841143
21082,0,-4.7578535
21083,0,-6.970554
21084,0,-6.970554
21085,1,-6.970554
21086,0,-5.897862
21087,1,-2.992648
21088,1,-6.91046
21089,1,-5.386466
21090,1,-6.4038134
21091,1,-6.199227
21092,1,-3.63246
21093,0,-7.033202
21094,1,-4.1583395
21095,1,-6.970554
21096,0,-6.970554
21097,0,-6.970554
21098,1,-4.8821273
21099,1,-3.903553
21100,1,-4.889706
21101,1,-5.0668035
21102,1,-4.703767
21103,1,-5.1165752
21104,0,-6.970554
21105,0,-6.970554
21106,1,-6.970554
21107,1,-3.0252168
21108,1,-6.787078
21109,0,-6.970554
21110,0,-6.970554
21111,0,-6.92961
21112,1,-5.417506
21113,1,-5.417506
21114,0,-6.970554
21115,0,-6.970554
21116,1,-5.3971934
21117,1,-5.5147185
21118,1,-6.1436415
21119,1,-6.031386
21120,0,-6.970554
21121,1,-5.6692505
21122,0,-6.970554
21123,1,-5.601081
21124,1,-4.8632174
21125,1,-5.434546
21126,1,-6.0776644
21127,1,-6.970554
21128,0,-5.75256
21129,1,-6.5563717
21130,1,-5.897564
21131,0,-6.970554
21132,0,-6.970554
21133,0,-6.970554
21134,1,-6.91046
21135,1,-6.0236597
21136,1,-5.1564274
21137,1,-6.751812
21138,1,-6.314354
21139,1,-6.970554
21140,0,-6.970554
21141,1,-6.575545
21142,1,-2.2135978
21143,1,-6.7830853
21144,1,-2.590943
21145,0,-2.590943
21146,0,-6.970554
21147,0,-6.970554
21148,0,-6.970554
21149,1,-6.168249
21150,1,-6.055549
21151,1,-5.565343
21152,0,-5.681399
21153,0,-6.970554
21154,0,-6.970554
21155,0,-6.970554
21156,0,-6.342736
21157,1,-1.598922
21158,0,-2.9560664
21159,1,-6.982038
21160,1,-5.9039063
21161,1,-5.760269
21162,1,-5.6128974
21163,0,-4.521248
21164,0,-4.8529162
21165,0,-4.8529162
21166,0,-4.8529162
21167,0,-4.8529162
21168,0,-2.594735
21169,0,-6.970554
21170,0,-6.970554
21171,1,-4.6044908
21172,1,-4.6044908
21173,0,-4.6044908
21174,0,-6.970554
21175,0,-6.970554
21176,0,-3.1577601
21177,0,-4.008593
21178,0,-3.487274
21179,0,-3.487274
21180,0,-3.487274
21181,0,-4.5624485
21182,0,-4.5624485
21183,0,-4.5624485
21184,0,-5.5906167
21185,0,-6.7052994
21186,0,-6.7052994
21187,0,-6.7052994
21188,0,-5.9734693
21189,0,-3.772514
21190,0,-6.970554
21191,0,-2.067172
21192,0,-6.238419
21193,0,-6.238419
21194,0,-6.970554
21195,0,-3.964135
21196,0,-3.4943602
21197,0,-6.970554
21198,0,-5.5147185
21199,0,-6.031386
21200,0,-6.1218243
21201,0,-6.1218243
21202,1,-5.5945597
21203,0,-6.970554
21204,0,-6.970554
21205,0,-6.970554
21206,0,-6.970554
21207,0,-6.970554
21208,0,-6.970554
21209,0,-6.970554
21210,0,-6.970554
21211,0,-6.970554
21212,1,-4.524478
21213,0,-6.970554
21214,0,-6.970554
21215,0,-6.970554
21216,1,-7.0387645
21217,0,-6.970554
21218,0,-6.970554
21219,1,-4.6270165
21220,1,-5.7636456
21221,0,-6.970554
21222,1,-5.6128063
21223,1,-5.5833926
21224,1,-5.972486
21225,0,-6.970554
21226,1,-5.413957
21227,0,-6.970554
21228,1,-6.970554
21229,0,-6.970554
21230,0,-6.970554
21231,1,-6.4805408
21232,0,-6.970554
21233,0,-5.6101093
21234,1,-4.333419
21235,1,-6.76225
21236,0,-6.970554
21237,1,-4.947309
21238,0,-6.970554
21239,0,-6.970554
21240,1,-6.970554
21241,1,-5.7600703
21242,0,-6.970554
21243,0,-5.0722213
21244,1,-4.524529
21245,1,-4.0488887
21246,0,-6.970554
21247,0,-6.970554
21248,1,-6.794185
21249,1,-6.049467
21250,0,-6.243409
21251,0,-6.573654
21252,1,-6.005446
21253,0,-6.970554
21254,1,-5.0471063
21255,1,-5.0471063
21256,1,-6.92961
21257,0,-6.970554
21258,0,-6.970554
21259,0,-6.970554
21260,0,-6.970554
21261,1,-6.970554
21262,1,-4.5088863
21263,0,-5.5696282
21264,1,-4.506978
21265,1,-6.970554
21266,1,-6.3726983
21267,1,-6.1147895
21268,0,-6.1147895
21269,0,-6.970554
21270,0,-6.970554
21271,0,-6.970554
21272,0,-6.970554
21273,0,-6.970554
21274,0,-6.970554
21275,0,-6.970554
21276,0,-6.970554
21277,1,-2.0496647
21278,0,-6.970554
21279,0,-6.970554
21280,0,-6.970554
21281,0,-6.970554
21282,0,-6.970554
21283,0,-6.970554
21284,1,-6.202465
21285,0,-5.3124857
21286,0,-5.3124857
21287,0,-5.3124857
21288,0,-5.3124857
21289,0,-5.3124857
21290,1,-5.3124857
21291,1,-6.30916
21292,1,-5.679312
21293,1,-5.9951844
21294,1,-6.1203623
21295,1,-6.01638
21296,0,-6.970554
21297,0,-6.5158663
21298,0,-6.5158663
21299,1,-5.363032
21300,0,-6.970554
21301,1,-6.970554
21302,1,-5.5445943
21303,1,-5.009934
21304,1,-5.0657787
21305,1,-6.92961
21306,1,-4.1668763
21307,1,-6.1557713
21308,1,-4.524253
21309,1,-6.1619835
21310,1,-4.9670773
21311,0,-6.970554
21312,0,-6.970554
21313,1,-2.5736191
21314,1,-4.978516
21315,1,-4.978516
21316,1,-6.970554
21317,1,-4.8128667
21318,0,-4.8128667
21319,0,-6.970554
21320,0,-6.970554
21321,0,-6.970554
21322,0,-6.970554
21323,1,-5.190745
21324,1,-5.47181
21325,1,-6.682909
21326,1,-6.1839895
21327,1,-6.329872
21328,0,-4.7188344
21329,1,-6.0305376
21330,0,-6.049467
21331,0,-6.970554
21332,1,-3.79869
21333,0,-6.970554
21334,1,-6.2751718
21335,1,-6.970554
21336,0,-6.970554
21337,1,-4.2657022
21338,0,-6.779955
21339,0,-6.970554
21340,0,-6.970554
21341,0,-6.970554
21342,0,-6.970554
21343,0,-6.970554
21344,0,-6.970554
21345,0,-6.970554
21346,0,-6.970554
21347,0,-6.970554
21348,0,-6.970554
21349,1,-5.642358
21350,1,-5.456317
21351,0,-5.456317
21352,0,-5.456317
21353,0,-5.456317
21354,0,-5.456317
21355,0,-5.456317
21356,0,-5.456317
21357,0,-5.456317
21358,0,-5.456317
21359,0,-6.970554
21360,0,-6.970554
21361,0,-6.970554
21362,0,-6.970554
21363,0,-6.970554
21364,1,-6.76225
21365,0,-6.970554
21366,0,-6.970554
21367,0,-6.970554
21368,0,-6.970554
21369,0,-6.970554
21370,0,-6.970554
21371,0,-6.970554
21372,0,-6.970554
21373,1,-5.7053175
21374,0,-6.070559
21375,1,-6.945085
21376,1,-4.348557
21377,1,-5.9153
21378,0,-5.9153
21379,1,-5.901681
21380,1,-4.0917153
21381,0,-6.970554
21382,0,-6.970554
21383,0,-6.970554
21384,1,-6.531788
21385,0,-6.970554
21386,1,-3.3415139
21387,0,-6.970554
21388,1,-3.6071951
21389,1,-5.7726865
21390,1,-5.9894285
21391,0,-6.970554
21392,0,-6.970554
21393,0,-6.970554
21394,0,-6.970554
21395,0,-6.970554
21396,1,-5.5433054
21397,0,-6.970554
21398,1,-6.0626807
21399,1,-6.616606
21400,1,-6.92961
21401,0,-6.92961
21402,0,-6.970554
21403,1,-4.904679
21404,0,-6.970554
21405,0,-6.970554
21406,0,-6.970554
21407,0,-6.970554
21408,1,-5.0551476
21409,0,-6.970554
21410,1,-6.970554
21411,1,-4.8434205
21412,1,-6.4583654
21413,0,-6.970554
21414,1,-5.95194
21415,1,-5.95194
21416,0,-5.95194
21417,1,-5.95194
21418,1,-5.95194
21419,0,-5.95194
21420,0,-5.95194
21421,0,-6.970554
21422,1,-6.970554
21423,1,-4.1999917
21424,0,-6.970554
21425,0,-6.970554
21426,0,-6.970554
21427,0,-6.970554
21428,0,-6.970554
21429,0,-6.970554
21430,0,-6.634221
21431,1,-5.7619205
21432,1,-5.575596
21433,1,-3.9878097
21434,0,-6.970554
21435,1,-5.1388927
21436,1,-6.0835786
21437,1,-6.970554
21438,0,-6.970554
21439,0,-6.970554
21440,0,-6.970554
21441,0,-6.970554
21442,0,-6.970554
21443,1,-6.166165
21444,0,-6.970554
21445,0,-6.970554
21446,1,-3.5814579
21447,1,-5.372161
21448,0,-6.970554
21449,0,-6.970554
21450,0,-6.970554
21451,0,-6.970554
21452,0,-6.970554
21453,0,-6.970554
21454,0,-6.7054825
21455,1,-5.3755546
21456,0,-5.3755546
21457,0,-6.970554
21458,0,-6.970554
21459,1,-5.9176083
21460,0,-6.970554
21461,0,-6.970554
21462,1,-6.634221
21463,0,-6.970554
21464,1,-5.2608128
21465,0,-6.970554
21466,0,-6.970554
21467,1,-6.077244
21468,0,-6.970554
21469,0,-6.970554
21470,1,-3.4209554
21471,0,-3.4209554
21472,1,-6.970554
21473,0,-6.970554
21474,0,-6.970554
21475,0,-6.970554
21476,1,-4.607978
21477,1,-6.049467
21478,0,-6.970554
21479,1,-6.970554
21480,0,-6.970554
21481,1,-6.970554
21482,0,-5.7053175
21483,0,-6.970554
21484,0,-6.970554
21485,0,-6.6743116
21486,0,-6.6743116
21487,0,-6.6743116
21488,1,-5.57292
21489,0,-6.970554
21490,0,-6.970554
21491,0,-6.970554
21492,1,-5.253295
21493,1,-6.656077
21494,1,-4.264058
21495,0,-6.77385
21496,0,-6.324584
21497,0,-6.970554
21498,1,-4.1728344
21499,0,-6.970554
21500,0,-6.970554
21501,1,-6.317267
21502,1,-5.6227517
21503,1,-6.0964932
21504,1,-4.1440163
21505,0,-6.970554
21506,0,-6.970554
21507,1,-6.970554
21508,0,-6.970554
21509,0,-6.970554
21510,0,-6.970554
21511,0,-6.970554
21512,0,-6.970554
21513,0,-6.970554
21514,0,-6.970554
21515,0,-6.970554
21516,0,-6.970554
21517,0,-6.970554
21518,0,-6.970554
21519,0,-6.970554
21520,1,-4.9677787
21521,0,-6.970554
21522,1,-5.627237
21523,1,-5.28841
21524,0,-5.28841
21525,0,-6.970554
21526,1,-5.7743545
21527,0,-6.970554
21528,1,-5.6500587
21529,0,-6.970554
21530,1,-5.641429
21531,1,-6.0150976
21532,1,-5.0169106
21533,1,-3.4902115
21534,0,-6.523164
21535,0,-5.861253
21536,1,-3.9076068
21537,0,-6.970554
21538,0,-6.970554
21539,1,-5.578046
21540,0,-6.970554
21541,1,-6.970554
21542,1,-6.970554
21543,0,-6.970554
21544,1,-7.172637
21545,1,-5.6331263
21546,0,-5.6331263
21547,0,-6.970554
21548,1,-5.938315
21549,0,-4.740701
21550,0,-6.970554
21551,1,-2.6980236
21552,1,-5.8935924
21553,0,-4.519327
21554,0,-6.76225
21555,1,-4.360678
21556,1,-4.780634
21557,0,-6.970554
21558,0,-6.970554
21559,1,-5.4381375
21560,0,-6.779955
21561,0,-6.970554
21562,1,-5.8582444
21563,1,-4.5116806
21564,0,-4.438855
21565,0,-6.970554
21566,0,-6.970554
21567,0,-6.970554
21568,1,-6.9691043
21569,1,-6.133208
21570,0,-6.970554
21571,0,-6.970554
21572,0,-6.970554
21573,0,-6.970554
21574,1,-5.7083535
21575,0,-6.970554
21576,0,-6.970554
21577,0,-6.970554
21578,1,-2.6007497
21579,0,-6.970554
21580,0,-6.970554
21581,0,-6.970554
21582,0,-6.970554
21583,0,-6.970554
21584,0,-6.970554
21585,0,-6.970554
21586,0,-6.970554
21587,0,-6.970554
21588,0,-6.970554
21589,0,-6.970554
21590,0,-6.970554
21591,0,-6.970554
21592,0,-6.970554
21593,0,-6.970554
21594,0,-6.970554
21595,0,-6.970554
21596,1,-4.777165
21597,0,-6.970554
21598,0,-6.970554
21599,1,-5.7743545
21600,0,-6.970554
21601,0,-6.970554
21602,0,-6.970554
21603,0,-6.970554
21604,0,-5.170691
21605,0,-6.970554
21606,1,-6.055549
21607,1,-6.497943
21608,1,-6.970554
21609,0,-6.841844
21610,1,-4.8886833
21611,0,-6.970554
21612,0,-6.970554
21613,0,-6.970554
21614,0,-6.970554
21615,0,-6.970554
21616,0,-6.970554
21617,0,-6.970554
21618,0,-6.970554
21619,0,-6.970554
21620,0,-6.970554
21621,1,-4.5895696
21622,0,-6.970554
21623,0,-6.970554
21624,0,-6.970554
21625,1,-5.3526206
21626,0,-6.970554
21627,0,-6.970554
21628,0,-6.970554
21629,1,-6.970554
21630,1,-5.4063616
21631,1,-3.78333
21632,1,-1.8803638
21633,1,-5.7562227
21634,1,-5.7562227
21635,0,-6.970554
21636,0,-6.970554
21637,1,-5.707263
21638,0,-5.707263
21639,0,-6.970554
21640,0,-6.970554
21641,0,-6.970554
21642,0,-6.970554
21643,1,-6.715857
21644,1,-6.970554
21645,1,-6.970554
21646,1,-6.970554
21647,1,-5.051335
21648,1,-7.172637
21649,1,-5.4656568
21650,1,-3.8147662
21651,1,-5.5055146
21652,0,-5.5055146
21653,0,-5.5055146
21654,0,-5.5055146
21655,1,-5.1610017
21656,0,-5.1610017
21657,0,-5.1610017
21658,0,-4.386618
21659,1,-4.386618
21660,1,-4.386618
21661,1,-6.970554
21662,1,-6.970554
21663,0,-6.970554
21664,0,-6.970554
21665,0,-6.970554
21666,0,-6.970554
21667,0,-6.970554
21668,0,-6.970554
21669,0,-6.970554
21670,0,-6.970554
21671,0,-6.970554
21672,0,-6.970554
21673,0,-6.970554
21674,0,-6.970554
21675,0,-6.970554
21676,1,-6.3342404
21677,1,-6.970554
21678,0,-6.970554
21679,0,-6.970554
21680,1,-5.57292
21681,0,-6.970554
21682,0,-6.970554
21683,1,-7.0387645
21684,1,-7.093296
21685,0,-6.970554
21686,0,-6.7054825
21687,0,-6.970554
21688,0,-6.970554
21689,0,-5.938315
21690,0,-6.970554
21691,0,-6.970554
21692,0,-6.970554
21693,0,-6.970554
21694,0,-6.970554
21695,1,-6.5391164
21696,0,-6.76225
21697,1,-5.044411
21698,1,-4.4736657
21699,1,-6.970554
21700,0,-6.970554
21701,1,-5.7528324
21702,0,-6.970554
21703,1,-5.625243
21704,1,-6.970554
21705,0,-6.970554
21706,0,-6.970554
21707,1,-5.6362596
21708,0,-6.970554
21709,0,-6.970554
21710,1,-5.0722213
21711,1,-4.0488887
21712,0,-6.970554
21713,0,-6.970554
21714,1,-5.8978753
21715,0,-6.049467
21716,1,-6.573654
21717,0,-6.970554
21718,1,-6.005446
21719,1,-5.2455287
21720,1,-6.970554
21721,0,-6.970554
21722,1,-5.4062624
21723,0,-5.4062624
21724,1,-5.2939954
21725,0,-5.2939954
21726,1,-6.970554
21727,0,-6.970554
21728,1,-6.970554
21729,0,-6.970554
21730,1,-6.970554
21731,0,-4.5088863
21732,1,-5.5696282
21733,1,-6.970554
21734,1,-5.070133
21735,0,-6.970554
21736,0,-6.970554
21737,0,-6.970554
21738,0,-6.970554
21739,1,-6.970554
21740,0,-6.970554
21741,1,-6.970554
21742,0,-6.970554
21743,0,-6.970554
21744,1,-5.3124857
21745,0,-5.3124857
21746,1,-5.3124857
21747,0,-6.30916
21748,1,-6.970554
21749,1,-6.970554
21750,1,-5.9951844
21751,1,-6.5158663
21752,1,-6.970554
21753,0,-6.970554
21754,0,-6.970554
21755,1,-5.8053007
21756,0,-6.970554
21757,0,-5.5445943
21758,0,-1.425873
21759,1,-5.009934
21760,0,-6.970554
21761,1,-6.1557713
21762,1,-2.5736191
21763,0,-4.978516
21764,0,-6.8476286
21765,1,-6.970554
21766,1,-4.8128667
21767,0,-6.970554
21768,0,-6.970554
21769,0,-6.970554
21770,0,-6.970554
21771,1,-6.241189
21772,1,-6.711339
21773,1,-6.2751718
21774,1,-6.2751718
21775,1,-6.8624263
21776,1,-6.5203223
21777,1,-6.970554
21778,1,-5.679601
21779,1,-6.970554
21780,1,-6.723401
21781,1,-6.970554
21782,1,-6.482466
21783,0,-6.970554
21784,0,-4.2657022
21785,0,-6.970554
21786,0,-6.970554
21787,0,-6.970554
21788,0,-6.970554
21789,0,-6.970554
21790,0,-6.970554
21791,0,-6.970554
21792,0,-6.970554
21793,0,-6.970554
21794,0,-6.970554
21795,0,-6.970554
21796,0,-6.970554
21797,0,-6.970554
21798,0,-6.970554
21799,0,-6.970554
21800,0,-6.4397817
21801,1,-4.1401215
21802,0,-6.970554
21803,1,-6.2331047
21804,1,-6.970554
21805,1,-6.2069526
21806,0,-6.2069526
21807,0,-6.2069526
21808,1,-6.970554
21809,1,-4.836572
21810,0,-6.970554
21811,0,-6.945085
21812,0,-6.970554
21813,1,-5.901681
21814,0,-4.0917153
21815,1,-5.327783
21816,1,-6.970554
21817,0,-6.970554
21818,0,-6.970554
21819,1,-6.970554
21820,0,-6.970554
21821,1,-5.6616707
21822,0,-6.970554
21823,1,-6.473047
21824,0,-6.970554
21825,0,-6.970554
21826,1,-5.5243216
21827,1,-6.779955
21828,0,-6.970554
21829,1,-4.83748
21830,1,-6.707737
21831,1,-6.970554
21832,0,-6.970554
21833,0,-6.970554
21834,1,-6.970554
21835,0,-6.970554
21836,0,-6.970554
21837,1,-6.084035
21838,0,-6.970554
21839,0,-6.970554
21840,1,-5.95194
21841,1,-5.95194
21842,0,-5.95194
21843,0,-5.95194
21844,0,-5.95194
21845,0,-6.970554
21846,1,-4.1999917
21847,1,-4.1999917
21848,0,-4.1999917
21849,1,-6.3374577
21850,1,-5.9421387
21851,0,-6.970554
21852,0,-6.970554
21853,0,-6.970554
21854,0,-6.970554
21855,0,-6.970554
21856,0,-6.970554
21857,0,-6.970554
21858,1,-5.9363055
21859,0,-6.970554
21860,1,-6.3393154
21861,0,-6.970554
21862,0,-6.970554
21863,1,-7.042132
21864,1,-5.8900595
21865,0,-6.0835786
21866,1,-6.970554
21867,0,-6.970554
21868,0,-6.970554
21869,0,-6.970554
21870,1,-4.859177
21871,0,-6.166165
21872,0,-6.970554
21873,0,-6.970554
21874,0,-3.5814579
21875,0,-6.970554
21876,1,-5.333715
21877,0,-6.970554
21878,0,-5.3755546
21879,0,-6.970554
21880,1,-6.970554
21881,0,-6.970554
21882,0,-5.9176083
21883,0,-6.970554
21884,1,-6.970554
21885,0,-6.970554
21886,1,-6.4837127
21887,0,-6.970554
21888,1,-5.2608128
21889,1,-6.840049
21890,0,-6.970554
21891,0,-6.970554
21892,0,-6.970554
21893,0,-6.970554
21894,0,-6.970554
21895,0,-6.970554
21896,0,-6.970554
21897,1,-6.970554
21898,0,-6.970554
21899,1,-5.777932
21900,0,-6.970554
21901,0,-6.970554
21902,0,-6.970554
21903,1,-5.7053175
21904,0,-6.970554
21905,0,-6.970554
21906,0,-6.6743116
21907,0,-6.6743116
21908,0,-6.6743116
21909,0,-6.970554
21910,0,-6.970554
21911,1,-3.5399532
21912,0,-6.77385
21913,1,-6.77385
21914,1,-6.2682633
21915,1,-6.970554
21916,0,-6.970554
21917,1,-6.1238956
21918,1,-4.5066543
21919,0,-6.970554
21920,0,-6.970554
21921,0,-6.970554
21922,1,-4.484298
21923,1,-6.970554
21924,0,-6.970554
21925,0,-6.970554
21926,0,-6.970554
21927,0,-6.970554
21928,0,-6.970554
21929,0,-6.970554
21930,0,-6.970554
21931,0,-6.970554
21932,0,-6.970554
21933,0,-6.970554
21934,0,-6.970554
21935,0,-6.970554
21936,0,-6.970554
21937,0,-5.0169106
21938,1,-6.7054825
21939,1,-5.465849
21940,1,-4.805016
21941,0,-4.805016
21942,1,-4.098725
21943,1,-4.098725
21944,1,-5.861253
21945,1,-3.9076068
21946,1,-6.3845663
21947,0,-6.970554
21948,0,-6.970554
21949,0,-6.970554
21950,1,-5.2646775
21951,1,-6.970554
21952,1,-5.3951073
21953,0,-6.970554
21954,0,-6.970554
21955,0,-6.970554
21956,0,-6.970554
21957,0,-6.970554
21958,0,-6.970554
21959,0,-6.970554
21960,0,-6.970554
21961,0,-6.970554
21962,0,-6.970554
21963,0,-6.970554
21964,0,-6.970554
21965,1,-5.787474
21966,0,-5.6331263
21967,0,-5.6331263
21968,0,-6.970554
21969,0,-6.970554
21970,0,-6.970554
21971,1,-5.184108
21972,0,-6.970554
21973,1,-5.7307477
21974,1,-6.9310718
21975,1,-4.519327
21976,1,-5.6570153
21977,0,-6.699958
21978,1,-6.970554
21979,1,-6.970554
21980,0,-6.970554
21981,0,-6.970554
21982,0,-6.970554
21983,1,-6.779955
21984,1,-6.779955
21985,0,-6.970554
21986,0,-6.970554
21987,0,-6.970554
21988,0,-6.970554
21989,1,-5.0966487
21990,0,-6.970554
21991,1,-4.438855
21992,1,-6.779955
21993,0,-6.970554
21994,0,-6.9691043
21995,0,-6.970554
21996,0,-6.970554
21997,1,-6.133208
21998,0,-6.970554
21999,0,-6.970554
22000,0,-6.970554
22001,1,-6.779955
22002,0,-6.970554
22003,0,-6.970554
22004,1,-4.7765193
22005,0,-4.7765193
22006,0,-6.970554
22007,0,-6.970554
22008,0,-6.970554
22009,0,-6.970554
22010,1,-6.970554
22011,0,-6.970554
22012,0,-6.970554
22013,0,-6.970554
22014,0,-6.970554
22015,0,-6.970554
22016,0,-6.970554
22017,0,-6.970554
22018,0,-6.970554
22019,0,-6.970554
22020,0,-6.970554
22021,0,-6.970554
22022,0,-6.970554
22023,0,-6.970554
22024,0,-4.777165
22025,1,-6.970554
22026,0,-6.970554
22027,0,-6.970554
22028,0,-6.970554
22029,1,-5.9771514
22030,1,-5.170691
22031,1,-6.631729
22032,1,-5.882862
22033,0,-6.970554
22034,0,-6.970554
22035,0,-6.970554
22036,0,-6.970554
22037,0,-6.970554
22038,0,-6.970554
22039,0,-6.970554
22040,0,-6.970554
22041,0,-6.970554
22042,1,-5.183564
22043,0,-6.970554
22044,0,-6.970554
22045,0,-6.970554
22046,1,-6.4417644
22047,1,-6.970554
22048,0,-3.78333
22049,1,-1.8803638
22050,1,-5.7562227
22051,0,-6.970554
22052,0,-6.970554
22053,0,-6.970554
22054,1,-6.7332206
22055,1,-5.5885625
22056,0,-5.707263
22057,1,-6.0776644
22058,0,-6.970554
22059,1,-6.970554
22060,1,-6.970554
22061,1,-6.9138274
22062,1,-6.970554
22063,1,-6.179623
22064,1,-5.575619
22065,1,-5.5055146
22066,0,-5.5055146
22067,0,-5.5055146
22068,0,-6.970554
22069,0,-6.970554
22070,1,-6.970554
22071,0,-6.970554
22072,0,-4.386618
22073,0,-4.386618
22074,1,-6.970554
22075,0,-6.970554
22076,0,-6.970554
22077,1,-6.970554
22078,0,-6.970554
22079,0,-6.970554
22080,0,-6.970554
22081,0,-6.970554
22082,0,-6.92961
22083,0,-6.970554
22084,0,-5.3124857
22085,0,-4.7188344
22086,0,-6.970554
22087,0,-6.970554
22088,0,-6.970554
22089,0,-6.6743116
22090,0,-6.970554
22091,0,-4.484298
22092,0,-4.484298
22093,0,-4.1440163
22094,0,-6.970554
22095,0,-6.970554
22096,0,-6.970554
22097,0,-5.6331263
22098,0,-5.6331263
22099,0,-5.7307477
22100,0,-4.7765193
22101,0,-6.970554
22102,0,-4.8886833
22103,0,-3.78333
22104,0,-3.78333
22105,0,-6.970554
22106,1,-5.1577077
22107,1,-5.590368
22108,0,-6.970554
22109,0,-6.970554
22110,0,-6.970554
22111,1,-6.8282247
22112,0,-6.970554
22113,0,-6.970554
22114,1,-5.4990244
22115,1,-6.575438
22116,0,-6.3054504
22117,0,-6.970554
22118,1,-6.970554
22119,0,-6.970554
22120,0,-6.970554
22121,0,-6.970554
22122,1,-6.970554
22123,1,-2.1387541
22124,0,-6.970554
22125,0,-6.970554
22126,0,-6.970554
22127,0,-6.970554
22128,0,-6.970554
22129,0,-6.970554
22130,0,-6.970554
22131,0,-6.970554
22132,0,-6.970554
22133,0,-6.970554
22134,1,-6.970554
22135,0,-6.970554
22136,0,-6.970554
22137,0,-6.970554
22138,0,-6.970554
22139,0,-6.970554
22140,0,-6.970554
22141,0,-6.970554
22142,0,-6.970554
22143,0,-6.970554
22144,0,-6.970554
22145,1,-4.8813195
22146,0,-6.970554
22147,0,-6.970554
22148,0,-6.970554
22149,0,-6.970554
22150,0,-6.970554
22151,0,-6.970554
22152,0,-6.970554
22153,0,-6.970554
