gene_id,H3K9ac_wc,H3K9me3_wc,H3K4me3_wc,H3K27ac_wc,H3K27me3_wc,E118
ENSG00000145192,48,0,44,69,10,16876.5
ENSG00000163631,16,0,2,44,0,10195.4
ENSG00000081051,45,0,2,75,0,6424.55
ENSG00000158874,87,0,74,94,37,6207.16
ENSG00000111640,55,0,54,61,19,4943.83
ENSG00000175899,57,0,22,62,14,4716.25
ENSG00000091583,0,0,0,0,0,4258.92
ENSG00000147257,81,0,55,96,19,3420.67
ENSG00000197249,71,0,62,94,25,3264.79
ENSG00000135744,65,0,59,60,20,2614.3
ENSG00000106927,78,0,58,77,22,2491.27
ENSG00000087086,64,0,70,71,30,2313.59
ENSG00000106366,78,0,59,79,24,2132.93
ENSG00000091513,79,0,66,87,28,1963.89
ENSG00000125730,45,5,43,49,0,1864.08
ENSG00000115414,62,0,47,58,25,1846.18
ENSG00000132386,38,0,34,38,8,1805.06
ENSG00000156508,60,0,49,58,13,1778.65
ENSG00000118137,61,0,56,73,15,1648.48
ENSG00000118705,40,0,38,36,25,1503.77
ENSG00000084674,66,0,62,69,29,1502.69
ENSG00000151655,83,0,34,96,8,1471.99
ENSG00000090382,38,0,30,66,3,1470.22
ENSG00000167658,56,0,65,38,15,1439.34
ENSG00000078898,52,0,55,56,16,1336.01
ENSG00000234906,37,0,36,48,16,1302.23
ENSG00000074800,69,0,65,68,24,1259.34
ENSG00000130203,37,0,44,35,3,1069.5
ENSG00000096384,59,0,56,42,22,1068.63
ENSG00000150991,95,0,78,89,30,969.594
ENSG00000146678,70,0,50,95,16,955.596
ENSG00000149925,23,0,20,0,23,927.462
ENSG00000196230,0,0,0,0,0,885.604
ENSG00000179218,52,0,43,38,15,885.425
ENSG00000130208,40,0,50,53,4,862.629
ENSG00000109472,0,0,0,3,0,823.608
ENSG00000105379,75,0,60,76,27,817.527
ENSG00000184009,18,0,38,0,82,814.814
ENSG00000133112,47,0,30,37,16,805.126
ENSG00000211445,35,0,45,23,9,796.054
ENSG00000167711,37,0,40,36,14,781.071
ENSG00000141505,64,0,60,62,21,769.665
ENSG00000196136,60,5,47,47,7,749.419
ENSG00000204444,0,0,0,0,0,746.76
ENSG00000110955,28,0,21,28,8,718.496
ENSG00000180210,51,0,48,69,16,702.457
ENSG00000128272,43,0,49,33,21,688.821
ENSG00000131143,44,0,33,32,17,681.236
ENSG00000197746,38,0,34,29,17,670.258
ENSG00000204628,69,0,63,60,36,652.638
ENSG00000172270,49,0,62,46,25,645.058
ENSG00000258818,91,0,87,82,63,625.156
ENSG00000099194,76,0,78,73,41,616.071
ENSG00000169908,73,0,46,86,35,611.856
ENSG00000229314,27,0,29,29,0,590.915
ENSG00000161944,53,0,53,46,20,576.958
ENSG00000213719,0,0,0,0,0,574.861
ENSG00000169100,0,0,0,0,0,572.354
ENSG00000067225,49,0,56,46,17,564.384
ENSG00000075624,18,0,25,16,13,563.826
ENSG00000111669,34,0,51,26,11,563.041
ENSG00000183255,69,0,64,83,27,562.476
ENSG00000138207,47,0,40,40,13,553.965
ENSG00000249141,74,0,74,53,10,532.254
ENSG00000228278,33,0,32,33,3,525.471
ENSG00000134294,72,0,56,71,25,523.013
ENSG00000152558,0,6,0,5,0,519.949
ENSG00000163993,80,0,78,81,26,516.781
ENSG00000108518,62,0,59,65,18,514.616
ENSG00000224916,22,0,22,54,12,512.367
ENSG00000116285,74,0,64,77,48,500.531
ENSG00000167468,56,5,52,59,0,500.05
ENSG00000130066,46,0,26,46,4,497.104
ENSG00000170315,29,0,32,16,7,495.928
ENSG00000243678,35,0,30,25,12,490.09
ENSG00000123416,31,0,28,22,9,486.562
ENSG00000100867,32,16,26,29,0,485.317
ENSG00000102144,0,9,0,0,0,479.534
ENSG00000171557,45,0,7,42,0,473.157
ENSG00000118271,28,0,9,38,0,467.774
ENSG00000161960,39,0,35,38,11,459.105
ENSG00000115009,57,0,32,65,14,458.049
ENSG00000162267,41,0,34,30,7,445.31
ENSG00000206503,0,0,0,0,0,445.203
ENSG00000240972,41,0,41,36,11,432.893
ENSG00000244255,0,0,0,0,0,432.307
ENSG00000034510,26,6,27,14,40,430.575
ENSG00000171560,22,0,10,39,4,425.229
ENSG00000023839,68,0,39,83,18,421.667
ENSG00000110245,73,0,73,93,5,415.366
ENSG00000169242,85,0,80,77,52,413.797
ENSG00000250722,0,0,0,0,0,413.493
ENSG00000166598,44,0,28,32,24,406.55
ENSG00000117450,43,0,40,41,19,403.443
ENSG00000068697,49,0,27,34,29,403.214
ENSG00000169567,23,0,24,16,14,403.043
ENSG00000166794,44,0,32,31,15,402.955
ENSG00000129562,38,0,24,24,37,397.324
ENSG00000100804,24,0,23,19,14,392.955
ENSG00000099937,69,0,50,68,4,385.269
ENSG00000104904,61,0,79,32,10,385.13
ENSG00000108654,44,0,38,35,20,376.498
ENSG00000179091,44,0,32,37,7,376.38
ENSG00000141526,78,0,83,43,15,376.265
ENSG00000089220,53,0,59,70,15,376.206
ENSG00000047457,91,0,50,98,20,373.28
ENSG00000118523,43,0,29,69,22,372.566
ENSG00000244038,39,0,26,21,19,362.902
ENSG00000100097,21,0,30,5,4,361.199
ENSG00000134333,33,0,44,33,20,359.092
ENSG00000123561,41,0,18,32,0,348.087
ENSG00000167244,0,0,5,0,43,345.31
ENSG00000242372,50,0,51,38,29,341.443
ENSG00000254772,44,0,38,27,17,340.672
ENSG00000164733,49,0,57,46,28,340.511
ENSG00000147872,24,0,3,42,0,338.35
ENSG00000101444,22,0,29,9,3,335.577
ENSG00000214274,92,0,87,82,62,327.849
ENSG00000163399,47,0,48,44,15,327.682
ENSG00000138293,78,0,63,85,14,326.401
ENSG00000130513,35,0,8,65,0,326.104
ENSG00000101439,59,0,72,49,14,323.336
ENSG00000125835,33,0,31,22,18,323.294
ENSG00000257017,18,0,0,16,0,321.952
ENSG00000167553,3,0,15,0,21,318.411
ENSG00000254870,0,0,0,0,0,318.084
ENSG00000115524,60,0,46,32,24,314.889
ENSG00000143870,3,16,7,0,62,312.407
ENSG00000005022,24,0,27,25,2,308.007
ENSG00000188488,16,14,24,9,0,307.245
ENSG00000114942,50,0,40,37,22,302.006
ENSG00000108294,66,0,63,27,28,300.602
ENSG00000176153,38,0,37,55,6,299.524
ENSG00000257529,16,0,13,10,6,299.475
ENSG00000109971,43,0,35,32,16,296.952
ENSG00000116133,65,0,52,70,28,295.673
ENSG00000170099,40,0,36,48,7,293.154
ENSG00000155463,29,11,22,16,8,291.624
ENSG00000125995,41,0,30,33,19,290.333
ENSG00000126247,33,0,41,18,13,290.325
ENSG00000243649,0,0,0,0,0,283.6
ENSG00000130173,64,0,65,57,4,282.93
ENSG00000182117,19,0,19,14,16,282.925
ENSG00000117394,94,0,94,81,24,281.299
ENSG00000255439,20,2,30,24,16,280.354
ENSG00000084234,48,0,46,36,9,280.017
ENSG00000258643,58,0,55,34,21,279.141
ENSG00000126432,37,0,38,30,15,278.885
ENSG00000189060,64,0,68,56,15,278.66
ENSG00000059804,33,0,33,28,25,278.564
ENSG00000143924,57,0,50,57,39,277.227
ENSG00000104635,80,0,66,84,35,275.041
ENSG00000096088,4,0,3,1,0,271.576
ENSG00000175832,23,0,20,34,0,269.717
ENSG00000163586,48,0,41,60,22,269.703
ENSG00000152234,17,0,13,9,5,269.239
ENSG00000006016,68,0,94,40,17,269.225
ENSG00000224389,0,0,0,0,0,268.588
ENSG00000130829,53,0,68,50,3,268.441
ENSG00000140740,40,0,32,26,27,266.393
ENSG00000100129,54,0,43,42,12,264.218
ENSG00000101182,58,0,63,48,9,262.808
ENSG00000118785,8,0,8,3,0,259.298
ENSG00000141485,48,7,44,43,13,258.664
ENSG00000011052,35,0,30,25,12,258.477
ENSG00000242265,61,7,39,68,6,256.775
ENSG00000215021,39,0,28,36,16,256.715
ENSG00000155660,43,0,31,27,9,256.239
ENSG00000142507,13,0,18,12,9,254.931
ENSG00000163597,55,0,38,29,17,254.746
ENSG00000166595,41,0,46,32,23,254.326
ENSG00000051523,35,0,36,31,5,248.963
ENSG00000105202,49,0,30,24,21,248.23
ENSG00000144381,32,0,17,29,13,247.137
ENSG00000185559,22,0,28,9,11,244.888
ENSG00000010256,26,0,27,33,6,244.694
ENSG00000141756,52,0,45,38,15,244.091
ENSG00000131475,39,0,18,39,10,241.078
ENSG00000169738,31,0,34,19,6,239.477
ENSG00000143878,71,0,31,62,17,239.193
ENSG00000125968,71,0,50,78,28,237.651
ENSG00000100219,71,0,46,53,16,237.334
ENSG00000169976,27,0,30,18,21,235.57
ENSG00000165672,31,0,24,36,6,233.762
ENSG00000214736,35,0,36,16,15,233.268
ENSG00000244731,0,0,0,0,0,231.682
ENSG00000126267,48,0,52,38,13,231.185
ENSG00000259399,45,0,47,44,20,227.751
ENSG00000235878,0,0,0,0,0,223.62
ENSG00000188229,57,0,69,32,9,223.597
ENSG00000165507,69,0,63,88,19,223.578
ENSG00000149923,41,0,44,37,9,223.513
ENSG00000169714,46,0,37,35,17,221.295
ENSG00000105707,53,0,51,48,14,220.686
ENSG00000168906,50,0,35,36,25,219.24
ENSG00000183010,5,0,26,4,34,219.136
ENSG00000250644,23,0,28,22,7,216.175
ENSG00000136810,59,0,39,63,27,215.955
ENSG00000111885,64,0,60,61,36,215.903
ENSG00000105669,32,0,36,25,22,215.338
ENSG00000044574,46,0,37,27,17,214.022
ENSG00000249209,21,0,17,13,8,212.285
ENSG00000100823,38,0,27,24,14,211.376
ENSG00000070756,49,0,35,28,8,210.186
ENSG00000115738,65,18,62,62,33,209.366
ENSG00000205544,32,0,38,20,10,209.065
ENSG00000089006,99,0,78,91,35,207.954
ENSG00000135069,53,0,48,63,16,207.782
ENSG00000184110,0,0,0,0,0,206.873
ENSG00000008018,57,0,46,42,30,206.297
ENSG00000171552,65,0,65,52,35,205.305
ENSG00000184840,16,0,22,9,13,205.077
ENSG00000104823,22,0,21,27,4,204.727
ENSG00000135940,29,0,23,21,7,204.553
ENSG00000143621,32,0,32,24,16,202.95
ENSG00000163513,74,0,59,90,35,202.524
ENSG00000101608,51,1,49,48,27,202.02
ENSG00000198300,66,16,58,60,14,201.864
ENSG00000168894,44,0,42,41,13,201.839
ENSG00000132475,41,0,28,31,15,201.549
ENSG00000170540,36,0,33,27,17,201.132
ENSG00000109062,73,0,90,50,43,200.517
ENSG00000100836,37,0,31,34,13,200.197
ENSG00000159423,44,0,38,46,4,198.913
ENSG00000204387,0,0,0,0,0,198.318
ENSG00000125743,33,0,32,33,21,195.739
ENSG00000226976,0,0,0,0,13,193.308
ENSG00000083444,41,0,34,29,12,192.004
ENSG00000143742,27,0,27,18,11,191.721
ENSG00000196139,0,43,0,0,0,190.644
ENSG00000089597,31,0,24,30,9,187.591
ENSG00000103512,11,0,10,4,0,186.068
ENSG00000198563,0,0,0,0,0,185.865
ENSG00000166710,27,0,26,23,12,185.568
ENSG00000111057,69,0,66,73,16,185.423
ENSG00000168653,27,7,26,23,16,184.824
ENSG00000239264,0,0,0,0,0,184.35
ENSG00000108828,32,0,55,20,11,184.315
ENSG00000147162,39,0,28,24,18,184.304
ENSG00000105438,34,0,56,14,45,183.924
ENSG00000166278,0,0,0,0,0,183.731
ENSG00000126218,28,0,37,19,8,183.596
ENSG00000148248,49,0,53,23,7,183.316
ENSG00000132646,32,0,28,23,11,182.789
ENSG00000165283,26,0,22,19,15,182.518
ENSG00000101474,36,0,31,25,14,181.242
ENSG00000108924,51,0,52,51,41,180.956
ENSG00000198258,27,0,25,23,18,180.834
ENSG00000074842,29,0,29,32,9,180.467
ENSG00000136156,54,0,26,38,7,179.178
ENSG00000204525,0,0,0,0,0,179.066
ENSG00000108946,60,0,39,52,20,179.018
ENSG00000131910,59,0,50,76,23,178.48
ENSG00000258674,22,0,24,16,9,178.315
ENSG00000198931,32,0,39,18,9,177.392
ENSG00000101255,47,0,38,54,8,175.883
ENSG00000148672,73,0,49,62,24,175.687
ENSG00000178952,29,0,27,22,13,175.422
ENSG00000157593,29,0,26,23,10,174.731
ENSG00000161547,53,0,42,39,19,174.712
ENSG00000166123,66,0,65,74,33,174.319
ENSG00000120708,29,0,24,29,19,174.266
ENSG00000117984,28,0,35,22,32,173.755
ENSG00000108953,43,0,33,21,13,173.705
ENSG00000255526,44,0,31,27,24,172.565
ENSG00000117289,63,0,46,41,32,172.271
ENSG00000135624,55,0,34,21,27,172.092
ENSG00000113924,58,0,32,66,28,171.838
ENSG00000143761,50,0,46,29,22,171.81
ENSG00000181163,46,0,35,26,14,171.711
ENSG00000167996,63,0,60,54,19,171.652
ENSG00000109072,31,0,38,34,0,171.547
ENSG00000084623,35,0,24,29,12,171.075
ENSG00000100991,34,0,27,27,9,171.044
ENSG00000142192,50,0,27,44,31,170.85
ENSG00000068366,59,0,49,74,15,169.828
ENSG00000104964,30,0,34,21,0,169.636
ENSG00000132031,46,0,34,38,9,169.589
ENSG00000187134,0,0,0,0,0,169.328
ENSG00000089063,43,0,23,36,15,169.318
ENSG00000072778,44,0,69,29,23,168.247
ENSG00000099341,25,0,27,19,19,168.177
ENSG00000100201,47,0,23,29,8,167.233
ENSG00000189056,48,0,36,39,10,166.836
ENSG00000111780,22,0,24,18,8,166.573
ENSG00000115307,47,0,49,43,21,165.518
ENSG00000123144,66,0,57,48,16,165.041
ENSG00000101194,49,0,55,55,18,164.845
ENSG00000128050,67,0,52,46,21,164.787
ENSG00000145741,32,0,22,30,21,164.536
ENSG00000118680,55,0,41,73,14,164.284
ENSG00000101150,39,0,41,35,17,164.236
ENSG00000103226,6,0,5,7,0,164.162
ENSG00000167085,23,4,24,24,15,162.822
ENSG00000126602,36,0,32,32,13,162.75
ENSG00000168385,74,0,43,52,23,162.208
ENSG00000196262,39,0,34,32,15,161.812
ENSG00000165629,45,0,30,29,15,161.526
ENSG00000100889,29,0,29,34,12,161.116
ENSG00000105401,16,0,48,6,70,160.74
ENSG00000062716,42,0,36,40,20,160.299
ENSG00000090861,31,0,27,31,10,160.063
ENSG00000169439,52,0,42,47,21,159.923
ENSG00000106804,53,0,22,50,9,158.85
ENSG00000123975,58,0,34,50,15,158.325
ENSG00000120889,74,0,72,60,19,158.241
ENSG00000184076,43,0,33,55,16,158.061
ENSG00000173812,31,0,30,33,18,157.597
ENSG00000213246,33,0,26,34,12,157.469
ENSG00000138074,61,0,44,57,18,157.393
ENSG00000166347,51,0,45,51,15,157.144
ENSG00000176340,21,0,26,11,3,156.992
ENSG00000214078,48,0,20,35,14,156.645
ENSG00000135929,41,15,37,34,18,156.641
ENSG00000111859,0,5,0,0,0,156.397
ENSG00000188612,30,0,23,23,16,155.911
ENSG00000172057,67,0,64,67,23,155.86
ENSG00000100462,33,0,31,22,19,155.681
ENSG00000139644,7,0,13,0,3,155.076
ENSG00000106153,24,9,22,18,6,155.045
ENSG00000163902,12,0,14,9,0,154.502
ENSG00000143612,49,0,30,33,18,154.12
ENSG00000101084,37,0,31,41,14,154.087
ENSG00000159377,21,0,21,23,5,153.56
ENSG00000165802,72,0,77,64,4,153.396
ENSG00000051108,48,0,39,45,23,153.376
ENSG00000127022,43,0,34,48,3,152.643
ENSG00000205403,36,7,12,36,5,152.457
ENSG00000160014,41,12,44,38,21,152.366
ENSG00000184117,20,0,22,32,5,151.985
ENSG00000138085,51,0,35,51,19,151.839
ENSG00000130309,19,0,19,16,7,151.52
ENSG00000179918,49,0,38,68,13,151.458
ENSG00000181019,57,0,53,68,4,151.431
ENSG00000135916,22,0,29,0,33,151.191
ENSG00000173726,52,0,48,55,21,150.523
ENSG00000104341,36,0,30,17,6,149.88
ENSG00000182378,0,0,0,0,0,149.832
ENSG00000030582,23,0,28,7,21,149.146
ENSG00000175130,42,0,44,11,15,148.286
ENSG00000082641,58,0,61,55,20,148.277
ENSG00000185269,86,0,75,85,16,148.154
ENSG00000104760,98,0,75,100,66,148.02
ENSG00000136240,48,0,38,29,13,148.002
ENSG00000144785,27,0,27,26,10,147.616
ENSG00000056736,77,0,69,70,26,147.567
ENSG00000108960,63,0,34,62,19,147.485
ENSG00000149806,33,0,27,28,15,147.098
ENSG00000106682,48,0,26,36,12,147.074
ENSG00000170421,68,0,65,70,15,146.498
ENSG00000102934,37,0,54,42,11,145.91
ENSG00000110321,37,0,34,26,24,145.711
ENSG00000080824,32,0,24,11,15,145.089
ENSG00000122884,43,0,36,33,21,145.012
ENSG00000168374,59,0,47,49,19,144.674
ENSG00000198848,11,0,15,15,7,144.674
ENSG00000162736,43,0,21,25,16,144.62
ENSG00000130332,48,0,63,29,18,144.435
ENSG00000169696,33,19,29,37,4,144.416
ENSG00000253368,76,0,75,70,22,143.617
ENSG00000101337,27,0,16,18,41,143.505
ENSG00000141101,22,0,30,23,10,142.925
ENSG00000169564,51,0,42,67,26,142.824
ENSG00000257411,28,0,24,25,12,142.469
ENSG00000156976,50,0,32,27,24,142.433
ENSG00000152291,53,0,48,54,27,142.422
ENSG00000105398,35,0,21,39,3,142.221
ENSG00000254999,23,0,19,17,12,142.002
ENSG00000251357,22,0,16,10,7,141.76
ENSG00000184640,58,0,61,55,20,141.754
ENSG00000177106,48,0,39,28,0,141.321
ENSG00000165678,30,0,20,22,12,141.132
ENSG00000114378,9,4,0,17,0,140.917
ENSG00000108679,39,0,37,21,3,140.867
ENSG00000100528,38,0,16,33,7,140.67
ENSG00000167397,20,8,30,23,16,140.497
ENSG00000171564,0,0,0,18,0,140.491
ENSG00000186910,46,10,42,72,11,140.445
ENSG00000125149,55,0,47,61,13,140.167
ENSG00000123983,60,0,46,48,30,139.613
ENSG00000100934,23,0,12,11,6,139.603
ENSG00000259112,44,0,42,59,6,139.389
ENSG00000090339,35,0,47,21,0,138.933
ENSG00000179761,50,0,50,39,26,138.291
ENSG00000138413,44,0,32,26,13,138.112
ENSG00000058262,46,0,28,31,15,138.017
ENSG00000108561,0,0,0,0,0,137.704
ENSG00000013306,26,0,41,15,6,137.474
ENSG00000131473,19,0,15,18,5,137.202
ENSG00000130726,37,0,35,25,16,137.081
ENSG00000178035,19,0,17,19,3,136.877
ENSG00000101365,20,0,21,18,26,136.818
ENSG00000059573,30,4,20,23,10,136.626
ENSG00000171314,43,0,35,31,14,136.607
ENSG00000004779,41,0,30,29,10,136.382
ENSG00000204128,48,0,30,66,9,136.197
ENSG00000111843,54,17,41,42,12,136.012
ENSG00000065978,56,0,38,25,13,135.854
ENSG00000132341,34,0,27,23,5,135.288
ENSG00000088832,39,0,44,16,30,135.007
ENSG00000105677,27,0,29,22,15,134.948
ENSG00000171490,47,0,38,36,19,134.734
ENSG00000230989,17,0,26,14,21,134.563
ENSG00000142484,41,0,37,48,7,134.549
ENSG00000112414,72,0,37,87,14,134.282
ENSG00000079385,0,12,0,6,20,133.876
ENSG00000112473,0,0,0,0,0,133.585
ENSG00000099795,24,0,23,11,10,133.494
ENSG00000111775,22,0,24,18,8,133.363
ENSG00000110492,37,0,41,18,4,133.27
ENSG00000163468,64,0,66,57,20,132.131
ENSG00000169562,28,0,36,44,9,131.788
ENSG00000176171,59,0,63,33,19,131.677
ENSG00000128595,41,0,18,19,31,131.524
ENSG00000103091,61,0,50,51,15,131.291
ENSG00000065361,62,0,55,58,25,131.268
ENSG00000117601,25,0,26,20,0,131.211
ENSG00000089351,51,0,55,53,31,131.07
ENSG00000171867,29,0,28,13,26,130.843
ENSG00000109046,40,0,38,33,10,130.118
ENSG00000167460,25,0,27,11,3,130.016
ENSG00000092841,49,0,48,37,7,129.628
ENSG00000112378,35,0,30,23,16,129.453
ENSG00000107223,29,2,27,16,6,129.445
ENSG00000074695,34,0,17,14,9,129.379
ENSG00000125629,80,0,43,82,26,129.326
ENSG00000141580,37,0,47,20,16,129.15
ENSG00000213983,46,0,52,12,19,128.969
ENSG00000125991,28,0,30,17,5,128.871
ENSG00000188060,37,0,34,44,6,128.794
ENSG00000185201,31,0,30,9,0,128.398
ENSG00000221978,51,0,45,42,12,127.774
ENSG00000205609,8,0,2,3,0,127.182
ENSG00000108639,28,0,32,10,4,127.147
ENSG00000102978,19,0,15,16,8,126.795
ENSG00000137331,0,0,0,0,0,126.494
ENSG00000086598,65,0,31,39,21,126.436
ENSG00000123989,46,0,47,46,14,126.076
ENSG00000122218,43,0,22,25,16,125.891
ENSG00000148175,49,0,34,61,4,125.834
ENSG00000105281,49,0,51,47,27,125.672
ENSG00000181061,45,3,32,40,19,125.664
ENSG00000182199,42,0,63,24,43,125.311
ENSG00000169021,25,0,20,18,20,125.3
ENSG00000146433,17,0,21,0,0,123.393
ENSG00000173531,40,0,40,31,17,123.268
ENSG00000170296,57,0,54,48,13,122.983
ENSG00000247596,38,0,41,30,9,122.506
ENSG00000065427,54,0,59,26,33,122.438
ENSG00000172037,27,0,29,23,10,122.106
ENSG00000124562,25,0,27,20,10,122.072
ENSG00000167780,41,0,54,40,9,121.879
ENSG00000116685,57,0,36,56,11,121.387
ENSG00000249319,0,0,0,0,0,121.38
ENSG00000120885,49,0,57,30,3,121.277
ENSG00000068078,63,0,68,46,24,121.25
ENSG00000169813,65,0,56,66,11,120.16
ENSG00000142168,34,0,29,26,6,120.156
ENSG00000146066,35,0,29,25,16,120.037
ENSG00000075785,29,0,25,24,14,119.958
ENSG00000187840,40,0,36,31,15,119.806
ENSG00000078369,49,0,65,21,9,119.552
ENSG00000099804,45,0,54,51,5,119.357
ENSG00000011304,75,0,77,45,11,119.295
ENSG00000180398,37,0,39,32,14,118.918
ENSG00000140319,33,0,29,34,12,118.855
ENSG00000170348,35,0,29,30,14,118.486
ENSG00000072274,38,0,34,23,7,118.381
ENSG00000069702,0,0,0,0,0,118.08
ENSG00000112335,27,0,32,19,9,118.051
ENSG00000134440,33,0,24,18,9,117.928
ENSG00000063046,46,0,42,33,17,117.529
ENSG00000104419,13,12,15,11,50,117.101
ENSG00000173660,62,0,61,44,20,117.099
ENSG00000136930,32,0,30,11,9,117.014
ENSG00000070061,47,0,32,33,16,116.904
ENSG00000147140,38,0,16,32,3,116.679
ENSG00000124193,31,0,32,27,25,116.368
ENSG00000103363,36,0,31,22,22,116.352
ENSG00000132824,22,0,21,16,23,116.099
ENSG00000164096,23,0,22,22,12,116.084
ENSG00000183978,29,0,19,24,10,115.654
ENSG00000161921,29,0,31,0,18,115.63
ENSG00000151715,44,0,37,25,3,115.597
ENSG00000101464,25,0,20,21,14,115.561
ENSG00000158104,30,0,24,34,4,115.23
ENSG00000143153,60,0,52,68,25,115.215
ENSG00000124208,45,0,32,30,13,115.037
ENSG00000172053,33,0,23,23,8,114.903
ENSG00000103485,13,0,36,0,3,114.808
ENSG00000113732,24,0,20,15,8,114.793
ENSG00000255072,22,0,18,16,8,114.465
ENSG00000138674,40,0,31,36,15,114.129
ENSG00000115677,82,0,48,47,23,113.751
ENSG00000095139,27,0,21,16,18,113.647
ENSG00000125378,45,0,39,45,27,113.615
ENSG00000129474,62,0,59,61,47,113.588
ENSG00000100353,31,0,22,22,5,113.527
ENSG00000182087,55,0,56,35,9,113.329
ENSG00000112118,34,0,23,30,13,113.298
ENSG00000115718,62,0,44,83,4,112.605
ENSG00000105583,42,0,43,32,22,112.52
ENSG00000137267,35,0,39,15,14,112.024
ENSG00000130821,61,0,79,36,5,111.67
ENSG00000105701,28,0,27,8,7,111.446
ENSG00000127540,33,0,28,24,5,111.398
ENSG00000108465,36,0,28,15,10,111.281
ENSG00000126457,46,0,48,33,0,111.04
ENSG00000174231,21,0,21,19,5,110.999
ENSG00000106066,62,0,30,61,7,110.615
ENSG00000087460,0,0,0,0,82,110.568
ENSG00000125356,34,0,35,26,15,110.543
ENSG00000169223,51,5,32,32,14,110.166
ENSG00000141543,48,0,37,22,22,110.049
ENSG00000213614,35,0,20,18,8,109.776
ENSG00000130811,18,0,19,12,8,109.653
ENSG00000124214,54,0,48,52,25,109.294
ENSG00000188643,61,0,54,47,3,109.214
ENSG00000131791,74,0,42,65,27,109.21
ENSG00000060762,46,0,35,62,14,108.876
ENSG00000125148,55,0,54,49,17,108.631
ENSG00000138073,33,0,32,22,28,107.835
ENSG00000138069,37,0,39,29,17,107.789
ENSG00000174886,48,0,44,47,16,107.521
ENSG00000169230,33,0,31,18,6,107.355
ENSG00000080618,47,0,19,79,10,106.987
ENSG00000064601,37,0,35,25,4,106.948
ENSG00000117592,67,0,44,51,12,106.701
ENSG00000172893,47,0,47,27,8,106.653
ENSG00000133872,24,0,18,14,6,106.376
ENSG00000165119,46,0,32,43,19,106.219
ENSG00000131236,40,0,33,29,7,106.093
ENSG00000168036,16,0,14,15,5,105.53
ENSG00000006042,22,0,24,17,11,105.361
ENSG00000132002,27,0,20,17,7,105.156
ENSG00000178982,24,0,25,18,9,104.822
ENSG00000108773,16,0,17,9,0,104.778
ENSG00000128524,22,0,20,8,18,104.491
ENSG00000142089,39,0,23,33,0,104.283
ENSG00000132613,70,0,70,65,10,103.999
ENSG00000100243,58,0,64,52,12,103.989
ENSG00000123843,27,0,16,30,10,103.759
ENSG00000125970,59,0,48,40,16,103.639
ENSG00000118640,38,0,32,43,11,103.285
ENSG00000104872,51,0,44,41,13,103.041
ENSG00000115484,35,0,35,16,15,102.764
ENSG00000198856,33,0,18,21,12,102.763
ENSG00000158435,44,0,38,47,16,102.479
ENSG00000149932,15,0,15,12,6,102.403
ENSG00000079459,21,0,13,17,0,102.391
ENSG00000148834,18,11,16,14,5,102.29
ENSG00000127184,20,9,15,14,10,102.038
ENSG00000115216,37,0,43,31,8,101.928
ENSG00000198814,87,0,32,92,9,101.712
ENSG00000132507,42,0,36,24,5,101.432
ENSG00000123562,36,0,20,40,7,101.129
ENSG00000167815,36,0,38,28,16,100.956
ENSG00000091947,0,0,0,0,0,100.872
ENSG00000134308,35,0,34,21,55,100.765
ENSG00000125826,62,0,40,80,22,100.292
ENSG00000096696,56,0,56,62,17,99.984
ENSG00000115758,46,0,42,34,6,99.498
ENSG00000125304,61,0,50,57,25,99.346
ENSG00000166579,11,0,12,0,4,99.245
ENSG00000182022,68,10,68,41,51,98.635
ENSG00000257767,0,0,0,0,0,98.41
ENSG00000155876,37,0,32,32,19,98.233
ENSG00000167863,35,0,29,23,15,98.224
ENSG00000141458,46,0,44,42,14,98.137
ENSG00000105373,35,0,39,11,0,97.939
ENSG00000159399,48,0,51,41,26,97.798
ENSG00000087191,30,0,27,20,17,97.797
ENSG00000138867,85,0,50,66,28,97.773
ENSG00000067560,45,0,26,36,13,97.256
ENSG00000143418,72,0,66,66,18,97.18
ENSG00000143727,74,0,39,71,12,97.035
ENSG00000108829,35,10,29,20,20,96.957
ENSG00000088992,36,0,51,19,12,96.819
ENSG00000003989,42,0,42,34,30,96.7
ENSG00000101577,73,0,56,59,5,96.664
ENSG00000174903,28,0,28,22,15,96.65
ENSG00000124098,27,0,28,19,19,96.469
ENSG00000103811,12,0,17,5,3,96.441
ENSG00000182149,32,0,21,18,12,96.353
ENSG00000106105,43,0,31,32,27,96.276
ENSG00000082781,30,0,22,18,3,96.085
ENSG00000225663,39,0,36,17,6,95.906
ENSG00000134363,69,0,55,85,27,95.887
ENSG00000154518,28,0,16,22,18,95.808
ENSG00000113083,30,0,24,31,19,95.772
ENSG00000111897,31,0,26,15,15,95.522
ENSG00000171227,98,0,91,86,32,95.369
ENSG00000108179,39,0,35,22,13,95.361
ENSG00000244187,49,0,69,55,0,95.333
ENSG00000137207,40,0,31,32,21,95.288
ENSG00000164032,58,0,46,50,25,95.265
ENSG00000160752,60,0,62,70,16,95.072
ENSG00000168528,19,0,23,14,49,94.999
ENSG00000160862,33,0,41,24,4,94.448
ENSG00000174574,41,0,44,54,15,94.438
ENSG00000123505,65,0,57,49,19,94.273
ENSG00000123131,19,0,11,14,0,94.079
ENSG00000159346,33,0,20,19,8,93.972
ENSG00000140807,55,0,54,55,17,93.845
ENSG00000160213,36,0,45,8,0,93.819
ENSG00000103381,36,0,27,35,16,93.788
ENSG00000150093,16,0,14,14,21,93.763
ENSG00000258466,22,0,10,26,4,93.578
ENSG00000171345,32,0,35,29,28,93.396
ENSG00000197894,54,0,46,48,24,93.378
ENSG00000115806,48,10,29,35,15,93.311
ENSG00000088682,31,0,25,19,15,93.284
ENSG00000204386,0,0,0,0,0,93.282
ENSG00000233276,32,0,24,26,0,93.255
ENSG00000148180,0,0,0,0,0,93.228
ENSG00000166582,33,0,24,28,6,93.222
ENSG00000131051,51,0,50,39,26,93.215
ENSG00000165475,27,2,34,28,3,93.193
ENSG00000185813,24,0,36,35,5,93.115
ENSG00000254692,39,0,35,30,17,92.972
ENSG00000134910,34,0,23,28,21,92.945
ENSG00000125844,43,13,54,41,40,92.484
ENSG00000197594,32,5,18,13,12,92.484
ENSG00000095539,45,0,41,51,16,92.463
ENSG00000170412,28,0,22,26,0,92.296
ENSG00000141552,45,0,38,29,10,92.04
ENSG00000142949,1,0,0,0,12,92.009
ENSG00000065911,28,0,24,23,7,91.821
ENSG00000070540,31,0,26,27,8,91.821
ENSG00000198276,55,0,46,37,5,91.631
ENSG00000100138,30,0,27,25,6,91.612
ENSG00000102316,29,0,33,14,11,91.572
ENSG00000102038,62,0,32,67,9,91.482
ENSG00000092199,58,0,51,44,17,91.335
ENSG00000173530,48,0,39,31,15,91.318
ENSG00000026297,73,0,75,49,10,91.183
ENSG00000105700,25,0,23,18,4,91.091
ENSG00000117335,44,0,30,32,9,91.037
ENSG00000099797,77,0,62,91,18,90.99
ENSG00000112715,78,0,91,60,32,90.891
ENSG00000135506,22,0,18,9,9,90.644
ENSG00000104408,0,0,0,0,0,90.423
ENSG00000225697,51,0,61,41,17,90.392
ENSG00000144579,82,0,91,67,32,90.239
ENSG00000197586,31,0,27,18,24,90.167
ENSG00000137288,23,0,16,12,0,90.066
ENSG00000164111,35,2,30,28,28,89.995
ENSG00000124762,56,0,54,49,24,89.947
ENSG00000088930,34,0,27,24,23,89.926
ENSG00000006327,47,0,68,35,11,89.915
ENSG00000101104,24,0,26,27,13,89.864
ENSG00000109181,0,0,0,0,0,89.674
ENSG00000204310,0,0,0,3,0,89.632
ENSG00000144028,31,0,25,22,12,89.625
ENSG00000182054,20,0,30,8,0,89.336
ENSG00000254536,21,0,21,14,6,89.272
ENSG00000100234,42,0,43,25,10,89.259
ENSG00000204592,0,0,0,0,0,89.15
ENSG00000188554,42,0,35,40,25,89.146
ENSG00000143321,38,0,27,28,17,89.028
ENSG00000115128,15,0,23,8,10,88.88
ENSG00000115884,35,0,40,20,2,88.753
ENSG00000179632,44,0,44,26,13,88.449
ENSG00000100906,51,0,46,36,17,88.232
ENSG00000137193,60,0,58,40,21,88.138
ENSG00000112245,80,0,11,99,0,88.124
ENSG00000259371,15,0,8,3,0,87.847
ENSG00000167004,27,0,25,24,6,87.817
ENSG00000099956,44,0,34,38,6,87.754
ENSG00000113013,27,0,21,27,13,87.596
ENSG00000114786,26,0,30,20,14,87.495
ENSG00000044446,47,0,44,44,10,87.44
ENSG00000108604,49,0,41,37,10,87.137
ENSG00000182481,32,0,20,24,9,87.127
ENSG00000112695,0,0,0,0,3,87.058
ENSG00000101361,41,0,36,33,17,86.906
ENSG00000110092,63,0,65,58,14,86.867
ENSG00000137309,28,0,28,17,7,86.753
ENSG00000135535,60,0,36,41,39,86.371
ENSG00000240849,45,0,31,28,13,86.274
ENSG00000009307,38,0,21,27,9,86.199
ENSG00000125977,53,0,31,29,19,86.138
ENSG00000198211,75,0,77,71,17,85.953
ENSG00000205250,33,0,33,17,27,85.897
ENSG00000161542,68,0,68,65,17,85.894
ENSG00000103257,72,0,64,64,23,85.862
ENSG00000165389,40,0,23,25,18,85.787
ENSG00000141076,39,0,27,22,13,85.375
ENSG00000104852,34,0,26,22,10,85.312
ENSG00000006210,37,0,34,35,14,85.29
ENSG00000130402,54,0,45,50,27,85.067
ENSG00000167775,27,0,26,28,0,84.838
ENSG00000115866,28,0,20,30,4,84.472
ENSG00000089280,45,0,45,35,20,84.464
ENSG00000052802,66,4,56,60,30,84.354
ENSG00000164405,25,0,18,36,10,83.697
ENSG00000089289,25,0,25,23,8,83.52
ENSG00000179271,24,0,23,17,0,83.319
ENSG00000058600,38,0,26,19,16,82.898
ENSG00000090863,38,0,27,21,18,82.884
ENSG00000154473,22,0,39,23,48,82.791
ENSG00000068120,48,0,51,50,15,82.434
ENSG00000105058,29,0,31,16,11,82.153
ENSG00000127831,30,0,44,28,12,81.98
ENSG00000176170,41,0,34,54,5,81.928
ENSG00000065308,57,0,48,48,19,81.925
ENSG00000004059,41,0,43,23,18,81.86
ENSG00000116478,25,0,29,18,7,81.815
ENSG00000107104,19,0,19,4,4,81.752
ENSG00000134248,28,0,23,20,13,81.738
ENSG00000165516,46,0,45,58,14,81.686
ENSG00000080031,51,5,43,53,5,81.663
ENSG00000112081,60,0,61,40,29,81.392
ENSG00000198189,53,0,45,37,25,81.356
ENSG00000085871,64,0,52,85,25,81.27
ENSG00000126261,35,0,31,18,6,81.244
ENSG00000092010,59,0,54,31,17,81.234
ENSG00000130985,31,0,35,12,6,81.155
ENSG00000110711,24,0,21,11,0,81.123
ENSG00000084754,48,0,41,39,22,81.085
ENSG00000160867,45,0,46,56,13,80.835
ENSG00000165280,38,0,35,33,8,80.816
ENSG00000177697,43,0,57,11,3,80.727
ENSG00000115275,23,0,23,17,13,80.693
ENSG00000169180,26,0,28,17,12,80.633
ENSG00000100938,45,0,31,27,24,80.316
ENSG00000014641,36,0,23,23,20,80.098
ENSG00000103495,57,0,51,45,0,80.09
ENSG00000099817,48,4,46,61,10,80.063
ENSG00000141002,28,0,27,23,7,79.949
ENSG00000046604,27,0,25,14,8,79.902
ENSG00000100342,67,0,43,68,14,79.883
ENSG00000259132,65,0,62,64,52,79.819
ENSG00000166825,35,4,36,33,9,79.779
ENSG00000172531,11,0,29,0,18,79.663
ENSG00000124702,46,0,30,24,10,79.581
ENSG00000181788,73,0,44,82,23,79.534
ENSG00000116016,22,0,24,14,37,79.475
ENSG00000184232,50,0,44,35,9,79.457
ENSG00000137312,0,0,0,0,0,79.445
ENSG00000057608,16,0,14,9,3,79.383
ENSG00000105854,25,0,18,42,3,79.3
ENSG00000104824,62,0,58,53,17,78.99
ENSG00000250799,21,0,19,21,13,78.794
ENSG00000103423,33,0,27,31,12,78.759
ENSG00000054148,40,0,52,32,9,78.721
ENSG00000132670,0,0,0,0,0,78.68
ENSG00000117362,27,0,20,21,8,78.65
ENSG00000173786,42,0,43,21,28,78.546
ENSG00000107159,27,0,31,11,6,78.46
ENSG00000108774,27,0,29,26,16,78.416
ENSG00000086061,58,0,32,31,15,78.402
ENSG00000173915,33,0,29,24,16,78.335
ENSG00000073849,23,0,26,10,17,78.304
ENSG00000166557,21,0,21,12,14,78.259
ENSG00000103353,59,0,32,46,16,78.163
ENSG00000074696,32,0,25,44,6,78.06
ENSG00000115694,44,0,40,22,0,77.845
ENSG00000136888,49,0,35,41,16,77.792
ENSG00000109814,67,31,63,65,37,77.77
ENSG00000169689,55,0,52,21,13,77.75
ENSG00000157045,53,0,50,31,7,77.637
ENSG00000153066,54,0,40,55,15,77.63
ENSG00000198171,44,0,45,44,28,77.596
ENSG00000104886,68,0,63,48,0,77.574
ENSG00000129559,44,0,31,28,24,77.43
ENSG00000171236,21,0,29,21,5,77.265
ENSG00000091136,31,0,36,27,12,77.229
ENSG00000137642,62,0,60,44,36,77.025
ENSG00000116209,38,0,26,25,12,76.972
ENSG00000129965,0,0,0,0,51,76.627
ENSG00000125170,44,5,53,24,23,76.616
ENSG00000168003,63,0,43,56,26,76.563
ENSG00000069956,0,0,0,0,0,76.256
ENSG00000116754,43,0,30,30,12,76.129
ENSG00000146731,53,0,46,66,14,76.102
ENSG00000167747,41,0,40,27,14,76.069
ENSG00000130202,56,0,55,45,15,75.902
ENSG00000099875,50,0,54,17,3,75.887
ENSG00000111674,29,0,33,22,4,75.887
ENSG00000185825,60,0,58,54,0,75.714
ENSG00000134153,26,0,20,21,13,75.683
ENSG00000118816,37,0,25,24,6,75.642
ENSG00000075415,37,0,32,29,11,75.635
ENSG00000117519,63,0,54,50,23,75.385
ENSG00000116044,53,0,28,57,9,75.313
ENSG00000119777,38,0,31,19,19,75.303
ENSG00000108883,26,0,24,20,16,75.275
ENSG00000103264,65,0,35,61,9,75.266
ENSG00000197930,48,0,33,40,5,74.94
ENSG00000001036,17,0,21,15,13,74.928
ENSG00000003436,0,0,0,3,0,74.852
ENSG00000101367,30,5,30,29,9,74.828
ENSG00000177731,59,0,57,36,15,74.811
ENSG00000105698,33,0,40,20,0,74.787
ENSG00000135446,46,0,48,34,16,74.778
ENSG00000063241,35,0,38,28,7,74.77
ENSG00000168268,62,0,62,63,21,74.726
ENSG00000135821,52,0,42,44,18,74.698
ENSG00000116962,26,0,26,25,4,74.662
ENSG00000141551,61,0,46,41,5,74.631
ENSG00000248643,39,0,32,35,18,74.583
ENSG00000108861,28,0,34,25,35,74.579
ENSG00000158604,26,0,27,25,18,74.504
ENSG00000115306,50,0,39,33,14,74.412
ENSG00000131482,40,0,37,29,0,74.307
ENSG00000139292,57,31,36,46,19,74.25
ENSG00000143543,34,0,36,26,14,74.161
ENSG00000147255,0,0,0,0,0,74.117
ENSG00000159352,19,0,20,16,11,74.079
ENSG00000102898,73,0,55,60,22,74.045
ENSG00000134243,56,0,27,51,9,74.008
ENSG00000135404,27,0,37,22,0,73.776
ENSG00000105404,21,0,22,7,11,73.735
ENSG00000170266,35,0,32,27,15,73.725
ENSG00000150753,39,0,36,32,15,73.68
ENSG00000111275,24,0,25,12,5,73.64
ENSG00000044090,49,0,40,30,9,73.613
ENSG00000100897,46,0,37,39,16,73.422
ENSG00000140264,22,0,26,17,9,73.416
ENSG00000166226,18,0,16,15,11,73.32
ENSG00000140743,13,0,13,10,3,73.31
ENSG00000185043,33,0,25,19,0,73.278
ENSG00000143106,30,0,30,30,9,73.226
ENSG00000107438,41,0,25,39,14,73.211
ENSG00000101161,53,0,50,27,23,73.191
ENSG00000160285,49,0,55,41,6,73.045
ENSG00000100911,48,0,35,29,24,73.042
ENSG00000129351,44,0,41,41,17,72.878
ENSG00000106803,41,0,39,27,17,72.809
ENSG00000204256,0,0,0,0,0,72.74
ENSG00000179889,37,0,33,34,10,72.723
ENSG00000101076,39,0,34,43,14,72.693
ENSG00000113583,38,0,22,42,3,72.59
ENSG00000166847,36,0,36,32,18,72.543
ENSG00000157020,41,0,27,41,14,72.357
ENSG00000116001,43,0,53,33,24,72.159
ENSG00000103202,38,0,39,23,4,72.135
ENSG00000125107,41,0,33,34,8,72.04
ENSG00000089693,44,0,51,34,7,72.036
ENSG00000181789,29,0,29,22,19,71.925
ENSG00000186010,22,0,24,17,9,71.913
ENSG00000196419,38,0,30,38,20,71.91
ENSG00000129226,52,0,39,57,1,71.839
ENSG00000198925,41,0,40,31,21,71.829
ENSG00000163479,24,0,18,12,10,71.821
ENSG00000120129,100,0,74,97,19,71.786
ENSG00000101310,27,0,24,20,22,71.722
ENSG00000140497,35,2,23,17,22,71.675
ENSG00000068912,45,0,38,32,22,71.508
ENSG00000115541,75,0,50,59,25,71.504
ENSG00000130706,46,0,45,37,11,71.451
ENSG00000196683,17,0,19,13,7,71.441
ENSG00000182890,0,0,0,0,0,71.418
ENSG00000152767,58,0,56,51,11,71.343
ENSG00000152952,38,0,31,37,16,71.236
ENSG00000111678,57,0,45,41,6,71.058
ENSG00000095059,16,0,18,14,8,71.01
ENSG00000104979,20,0,19,13,4,70.957
ENSG00000067365,19,0,27,16,29,70.822
ENSG00000108424,32,0,32,24,8,70.807
ENSG00000175826,47,0,41,45,15,70.757
ENSG00000160691,76,0,63,78,16,70.679
ENSG00000132635,28,0,28,18,7,70.574
ENSG00000138030,67,0,60,34,11,70.564
ENSG00000167969,26,0,25,23,7,70.248
ENSG00000178252,33,0,42,16,6,70.219
ENSG00000124155,20,0,18,12,11,70.162
ENSG00000002834,70,0,75,59,30,70.159
ENSG00000114956,27,0,12,13,14,70.123
ENSG00000131462,45,0,30,18,13,70.052
ENSG00000088812,40,0,29,24,16,70.036
ENSG00000100632,55,0,42,35,26,70.009
ENSG00000103429,49,0,47,44,22,69.971
ENSG00000100220,29,0,23,20,25,69.876
ENSG00000071127,52,0,35,48,3,69.802
ENSG00000138801,36,0,22,23,12,69.531
ENSG00000142186,54,0,51,31,13,69.503
ENSG00000105699,32,0,33,29,7,69.502
ENSG00000149428,31,0,28,29,2,69.36
ENSG00000198561,0,0,0,0,0,69.293
ENSG00000120053,43,0,42,22,17,69.275
ENSG00000092148,46,0,30,47,24,69.197
ENSG00000136450,39,0,32,28,19,69.186
ENSG00000118418,17,0,15,13,0,69.02
ENSG00000119318,43,0,29,42,20,68.99
ENSG00000131238,10,3,14,3,7,68.861
ENSG00000086232,34,0,26,39,12,68.805
ENSG00000131781,67,0,25,75,15,68.751
ENSG00000149150,38,0,32,35,15,68.713
ENSG00000168264,98,0,79,97,48,68.702
ENSG00000180817,25,0,24,26,11,68.556
ENSG00000105355,39,0,36,51,16,68.54
ENSG00000086696,25,0,26,8,11,68.521
ENSG00000198911,35,0,28,55,12,68.32
ENSG00000205937,38,0,37,14,11,68.194
ENSG00000168386,0,0,0,0,0,67.986
ENSG00000145623,43,0,37,37,19,67.945
ENSG00000197157,46,0,32,21,11,67.866
ENSG00000079246,47,0,32,31,10,67.832
ENSG00000172765,27,0,23,31,9,67.815
ENSG00000256235,48,0,47,35,15,67.807
ENSG00000183207,46,0,41,27,19,67.789
ENSG00000155368,39,0,37,27,17,67.751
ENSG00000116288,15,0,14,12,16,67.58
ENSG00000164946,32,0,17,26,9,67.469
ENSG00000034713,30,0,24,9,11,67.465
ENSG00000166165,50,0,78,37,0,67.427
ENSG00000174804,62,0,48,49,15,67.42
ENSG00000167774,41,0,40,28,17,67.396
ENSG00000116791,47,0,25,40,13,67.375
ENSG00000129636,31,0,32,26,18,67.235
ENSG00000049759,64,0,53,61,25,67.192
ENSG00000152082,51,0,44,36,20,67.08
ENSG00000100239,26,0,35,10,0,66.94
ENSG00000123838,0,1,0,12,0,66.916
ENSG00000141349,44,0,37,40,17,66.793
ENSG00000168710,42,0,26,25,11,66.758
ENSG00000241837,22,0,17,13,9,66.686
ENSG00000117448,35,0,21,26,7,66.638
ENSG00000103460,51,0,48,39,28,66.613
ENSG00000170275,16,0,20,7,4,66.607
ENSG00000165478,53,0,35,60,15,66.578
ENSG00000123179,22,0,26,28,7,66.457
ENSG00000132823,45,0,35,52,22,66.397
ENSG00000027697,40,0,32,39,22,66.341
ENSG00000100348,21,0,20,17,8,66.336
ENSG00000197111,27,0,23,20,5,66.268
ENSG00000124145,55,0,54,39,32,66.239
ENSG00000070087,0,0,0,0,18,66.23
ENSG00000234745,0,0,0,0,0,66.23
ENSG00000215902,5,0,0,5,0,66.2
ENSG00000182871,53,7,61,30,40,66.171
ENSG00000186184,47,1,38,32,19,66.13
ENSG00000049245,24,0,18,8,5,66.129
ENSG00000196177,43,0,24,39,20,65.967
ENSG00000173482,33,0,33,0,19,65.899
ENSG00000047634,55,0,40,54,0,65.872
ENSG00000185624,74,0,64,49,17,65.872
ENSG00000181038,36,0,40,34,9,65.735
ENSG00000198231,50,0,43,41,15,65.665
ENSG00000117862,45,0,35,36,25,65.627
ENSG00000114268,44,0,47,18,3,65.6
ENSG00000075234,32,10,32,27,5,65.588
ENSG00000183048,51,0,45,34,13,65.535
ENSG00000005893,26,0,24,29,0,65.528
ENSG00000124422,42,0,38,26,7,65.462
ENSG00000179010,34,0,26,22,12,65.431
ENSG00000113739,66,0,70,58,25,65.395
ENSG00000162337,62,0,54,81,25,65.362
ENSG00000063854,68,0,61,52,8,65.224
ENSG00000143384,60,0,38,58,31,65.187
ENSG00000140983,28,0,26,14,0,65.022
ENSG00000140943,36,0,32,22,17,64.862
ENSG00000108278,21,0,33,11,14,64.788
ENSG00000241360,47,0,49,47,27,64.734
ENSG00000124181,65,0,60,47,6,64.697
ENSG00000239672,36,0,30,25,12,64.627
ENSG00000183291,61,0,50,43,21,64.601
ENSG00000139679,0,0,0,0,0,64.599
ENSG00000129083,26,0,18,19,12,64.452
ENSG00000127948,10,0,3,11,0,64.401
ENSG00000016391,78,0,71,71,26,64.371
ENSG00000100926,39,0,35,30,17,64.354
ENSG00000116771,24,0,23,20,3,64.345
ENSG00000105393,26,0,26,12,11,64.342
ENSG00000100813,45,0,31,24,17,64.285
ENSG00000137168,26,0,17,20,26,64.279
ENSG00000134644,41,0,34,34,9,64.275
ENSG00000119986,63,0,54,54,18,64.204
ENSG00000171617,59,0,55,64,30,64.203
ENSG00000159128,39,0,30,36,16,64.174
ENSG00000085231,45,0,33,34,16,64.076
ENSG00000159202,38,0,23,32,5,64.072
ENSG00000172757,54,0,53,46,26,64.072
ENSG00000176986,36,0,25,28,13,63.874
ENSG00000174021,43,0,25,33,6,63.836
ENSG00000134825,32,0,29,27,18,63.748
ENSG00000089248,39,0,36,31,13,63.666
ENSG00000105254,38,0,37,22,9,63.648
ENSG00000128739,0,70,0,0,0,63.481
ENSG00000198356,66,0,56,49,15,63.41
ENSG00000065150,0,0,0,0,21,63.349
ENSG00000126088,42,0,39,27,14,63.344
ENSG00000131778,71,0,26,79,14,63.307
ENSG00000164171,59,0,42,62,20,63.267
ENSG00000167881,30,0,45,10,47,63.253
ENSG00000111481,27,0,23,37,3,63.248
ENSG00000102996,46,0,47,15,8,63.148
ENSG00000124006,64,0,52,50,3,63.027
ENSG00000105063,60,0,53,48,21,62.986
ENSG00000102225,43,0,36,33,4,62.98
ENSG00000135220,0,0,0,0,0,62.952
ENSG00000148965,19,0,0,24,0,62.882
ENSG00000164258,17,7,16,10,11,62.882
ENSG00000173113,37,0,38,30,15,62.88
ENSG00000006125,23,0,18,18,7,62.871
ENSG00000141562,37,0,37,36,14,62.848
ENSG00000137409,30,0,29,19,37,62.827
ENSG00000144045,47,0,51,43,21,62.813
ENSG00000000419,40,0,35,25,25,62.811
ENSG00000113328,37,0,20,28,14,62.807
ENSG00000124733,45,0,31,23,11,62.78
ENSG00000166851,42,0,37,25,13,62.78
ENSG00000136997,65,0,66,57,40,62.761
ENSG00000100650,11,0,14,0,11,62.704
ENSG00000101158,27,4,24,20,7,62.702
ENSG00000129925,10,0,17,11,0,62.7
ENSG00000204308,0,0,0,3,0,62.607
ENSG00000127837,45,0,44,23,18,62.556
ENSG00000104870,0,0,10,0,0,62.553
ENSG00000176890,31,0,32,34,3,62.441
ENSG00000088986,29,0,30,32,7,62.424
ENSG00000138629,31,0,27,30,8,62.297
ENSG00000101040,100,0,91,99,42,62.211
ENSG00000100665,17,13,24,9,0,62.167
ENSG00000258941,51,0,23,26,5,62.16
ENSG00000173221,72,0,65,54,16,62.099
ENSG00000067048,41,0,21,19,17,62.093
ENSG00000115504,0,0,0,0,0,62.083
ENSG00000136238,37,0,41,21,11,62.063
ENSG00000103502,37,0,38,19,7,62.037
ENSG00000076770,73,0,23,91,4,61.964
ENSG00000150540,62,0,44,69,21,61.901
ENSG00000132591,20,0,25,16,12,61.792
ENSG00000091542,60,0,58,47,11,61.78
ENSG00000130958,56,0,38,67,14,61.76
ENSG00000061656,46,0,49,33,23,61.757
ENSG00000169020,43,0,51,21,0,61.744
ENSG00000215252,22,0,17,7,6,61.723
ENSG00000130204,33,0,36,29,7,61.681
ENSG00000114867,33,0,34,26,4,61.563
ENSG00000106351,61,0,51,60,16,61.547
ENSG00000141759,33,0,31,23,9,61.535
ENSG00000142230,65,0,45,66,23,61.511
ENSG00000101189,46,0,57,27,33,61.499
ENSG00000163466,32,0,23,20,16,61.43
ENSG00000144677,41,0,45,35,16,61.401
ENSG00000118985,62,0,50,60,26,61.392
ENSG00000101294,31,0,33,27,14,61.376
ENSG00000125656,20,0,24,4,6,61.202
ENSG00000197142,40,0,33,47,15,61.199
ENSG00000099622,59,0,62,59,9,61.193
ENSG00000108788,60,0,62,67,23,61.019
ENSG00000163527,61,0,39,44,11,61.011
ENSG00000013275,28,0,26,28,8,60.988
ENSG00000123349,31,0,29,35,16,60.968
ENSG00000204463,0,0,0,0,0,60.824
ENSG00000115594,13,25,4,50,0,60.691
ENSG00000168646,78,0,75,91,28,60.686
ENSG00000063244,54,0,54,34,18,60.497
ENSG00000004487,30,11,31,26,14,60.406
ENSG00000100445,26,0,24,22,18,60.391
ENSG00000121691,25,0,23,20,7,60.362
ENSG00000130164,60,0,50,59,16,60.355
ENSG00000185164,25,0,19,22,0,60.345
ENSG00000073060,13,0,24,33,0,60.328
ENSG00000136068,51,0,41,30,24,60.122
ENSG00000204389,0,0,0,0,0,60.079
ENSG00000178719,46,0,55,11,11,60.038
ENSG00000142627,63,0,64,62,31,59.924
ENSG00000101162,15,0,24,17,0,59.922
ENSG00000114383,30,0,33,34,3,59.914
ENSG00000112514,0,0,0,0,0,59.899
ENSG00000124767,13,8,12,10,9,59.88
ENSG00000153048,76,0,75,65,18,59.879
ENSG00000090013,25,0,36,15,32,59.831
ENSG00000139318,90,0,69,90,58,59.817
ENSG00000104915,67,0,66,64,26,59.655
ENSG00000102931,22,0,20,17,0,59.654
ENSG00000143952,52,0,45,62,7,59.633
ENSG00000164050,90,0,71,94,9,59.631
ENSG00000062485,51,0,43,43,17,59.607
ENSG00000114993,61,0,59,50,27,59.597
ENSG00000185432,51,0,39,49,18,59.582
ENSG00000134574,26,8,34,27,11,59.562
ENSG00000189043,31,0,24,21,15,59.495
ENSG00000119408,45,0,57,43,19,59.446
ENSG00000008517,33,0,34,27,12,59.415
ENSG00000128989,33,0,24,19,9,59.407
ENSG00000124226,46,0,37,27,19,59.394
ENSG00000162496,71,0,72,64,37,59.256
ENSG00000175265,22,0,17,7,6,59.252
ENSG00000105697,25,0,37,35,0,59.188
ENSG00000156261,38,0,29,25,15,59.094
ENSG00000139684,23,0,19,21,4,59.089
ENSG00000124299,18,0,33,11,30,59.015
ENSG00000122203,26,0,32,12,18,58.999
ENSG00000142864,53,0,36,25,16,58.948
ENSG00000152102,33,0,33,28,11,58.866
ENSG00000071553,21,0,21,9,0,58.86
ENSG00000130005,36,0,38,15,0,58.796
ENSG00000141524,38,0,79,22,4,58.774
ENSG00000130303,35,0,38,33,20,58.7
ENSG00000189067,27,0,27,0,30,58.668
ENSG00000183077,58,0,64,37,9,58.637
ENSG00000144224,33,0,17,24,9,58.542
ENSG00000124222,44,0,32,30,19,58.472
ENSG00000135862,47,0,28,43,13,58.47
ENSG00000160710,22,15,20,22,4,58.432
ENSG00000108840,38,0,38,28,20,58.384
ENSG00000131653,62,0,82,50,22,58.364
ENSG00000141367,55,0,36,40,24,58.362
ENSG00000031698,43,0,24,29,25,58.258
ENSG00000105568,37,0,26,30,6,58.218
ENSG00000169045,3,0,6,0,0,58.147
ENSG00000115875,37,0,28,36,21,58.144
ENSG00000185000,42,0,47,15,24,58.139
ENSG00000197006,40,0,27,23,25,58.046
ENSG00000109758,33,0,33,20,0,57.944
ENSG00000170515,31,0,25,27,12,57.922
ENSG00000159593,3,0,17,0,13,57.894
ENSG00000121057,53,0,33,38,10,57.856
ENSG00000167986,5,0,0,0,0,57.781
ENSG00000172831,42,0,47,32,22,57.739
ENSG00000173744,31,0,20,14,4,57.703
ENSG00000095564,26,9,19,20,10,57.582
ENSG00000166333,58,0,42,60,22,57.53
ENSG00000172336,31,0,27,24,5,57.497
ENSG00000143499,54,0,38,59,11,57.489
ENSG00000105518,21,5,27,10,4,57.388
ENSG00000116005,30,0,26,20,11,57.375
ENSG00000141738,53,0,56,59,21,57.369
ENSG00000117479,61,0,34,46,25,57.361
ENSG00000196365,35,0,37,34,13,57.358
ENSG00000100902,0,0,0,0,0,57.341
ENSG00000130520,46,0,38,55,5,57.318
ENSG00000104763,42,0,27,37,14,57.3
ENSG00000100266,37,0,36,34,5,57.291
ENSG00000170608,57,0,61,53,27,57.199
ENSG00000204388,0,0,0,0,0,57.145
ENSG00000092758,55,0,51,30,3,57.072
ENSG00000105755,30,0,28,24,13,57.072
ENSG00000114779,33,0,38,40,7,57.02
ENSG00000167005,36,0,30,26,18,57.008
ENSG00000166913,36,0,26,19,24,56.954
ENSG00000100983,25,0,26,13,25,56.897
ENSG00000143891,28,0,29,27,18,56.882
ENSG00000129084,65,0,40,48,14,56.866
ENSG00000124839,41,0,55,21,6,56.801
ENSG00000138095,30,0,25,32,17,56.624
ENSG00000161203,23,0,24,20,8,56.619
ENSG00000250067,22,0,24,16,9,56.616
ENSG00000174851,40,0,54,24,39,56.614
ENSG00000143575,19,0,17,12,9,56.607
ENSG00000084090,45,0,31,34,9,56.586
ENSG00000055917,56,0,41,33,19,56.532
ENSG00000101193,66,0,42,40,18,56.502
ENSG00000169727,42,0,46,28,6,56.477
ENSG00000157399,14,0,14,17,4,56.464
ENSG00000151224,52,0,24,53,4,56.338
ENSG00000124172,43,0,20,25,14,56.322
ENSG00000132589,42,0,39,25,3,56.301
ENSG00000101199,35,0,40,20,24,56.292
ENSG00000144895,40,0,29,31,16,56.235
ENSG00000135926,75,0,56,69,21,56.212
ENSG00000067167,32,0,28,37,7,56.211
ENSG00000031823,63,0,59,70,13,56.12
ENSG00000144043,42,0,35,20,15,56.112
ENSG00000169718,33,0,29,14,7,56.088
ENSG00000116017,51,0,55,49,0,56.047
ENSG00000182512,66,0,53,60,30,56.022
ENSG00000005194,31,0,25,19,15,56.003
ENSG00000116661,37,0,38,25,6,55.975
ENSG00000100441,43,0,53,14,9,55.967
ENSG00000072042,33,0,17,41,7,55.818
ENSG00000100075,58,0,60,45,7,55.812
ENSG00000176720,29,0,40,14,3,55.649
ENSG00000196502,0,0,4,0,13,55.612
ENSG00000072506,16,0,15,5,0,55.611
ENSG00000104805,29,0,37,18,9,55.609
ENSG00000197122,57,0,63,44,20,55.596
ENSG00000155380,63,0,53,32,15,55.519
ENSG00000152795,65,0,53,45,22,55.472
ENSG00000186298,53,0,36,20,19,55.437
ENSG00000169733,43,0,47,33,6,55.354
ENSG00000136295,87,0,86,83,15,55.35
ENSG00000138029,49,0,41,39,21,55.308
ENSG00000213585,64,0,63,62,17,55.224
ENSG00000163938,29,0,12,40,0,55.185
ENSG00000089057,4,0,9,0,0,55.141
ENSG00000073350,31,0,30,4,5,55.117
ENSG00000068001,65,0,65,59,11,55.009
ENSG00000130707,25,11,33,3,5,55.007
ENSG00000104529,50,0,50,21,9,54.942
ENSG00000112759,51,0,63,0,31,54.879
ENSG00000083857,75,0,59,75,29,54.842
ENSG00000109107,20,0,13,5,0,54.764
ENSG00000125841,35,5,39,36,9,54.739
ENSG00000214530,30,0,28,24,4,54.679
ENSG00000155229,52,0,32,17,15,54.617
ENSG00000204335,94,0,84,87,57,54.601
ENSG00000164062,44,0,30,35,2,54.557
ENSG00000172482,20,0,28,17,0,54.519
ENSG00000134107,71,0,73,68,34,54.447
ENSG00000140374,35,0,35,38,3,54.442
ENSG00000154269,25,0,16,10,6,54.374
ENSG00000157827,43,0,35,29,44,54.351
ENSG00000160408,20,0,21,3,0,54.303
ENSG00000178127,63,0,26,58,15,54.29
ENSG00000102882,22,0,19,17,0,54.283
ENSG00000179958,28,0,22,14,8,54.222
ENSG00000145337,21,0,18,15,7,54.218
ENSG00000168397,63,0,51,38,12,54.201
ENSG00000134970,6,0,5,6,0,54.198
ENSG00000101266,32,7,27,16,22,54.186
ENSG00000130024,52,0,40,38,12,54.184
ENSG00000116459,39,0,24,36,10,54.157
ENSG00000170876,50,0,33,39,23,54.151
ENSG00000130175,27,0,25,9,6,54.117
ENSG00000168286,59,0,47,50,16,54.116
ENSG00000140650,0,0,0,0,0,54.115
ENSG00000257727,27,0,26,25,11,54.103
ENSG00000185896,38,0,32,30,15,54.102
ENSG00000165732,37,0,35,29,21,54.063
ENSG00000168701,26,0,34,13,20,53.944
ENSG00000136247,45,0,33,53,4,53.926
ENSG00000011009,43,0,26,34,11,53.919
ENSG00000185359,41,0,39,35,19,53.905
ENSG00000144021,57,0,50,59,13,53.893
ENSG00000060971,82,0,74,77,31,53.855
ENSG00000179222,0,0,5,0,0,53.822
ENSG00000070610,47,0,47,39,24,53.816
ENSG00000074319,33,0,23,32,13,53.79
ENSG00000115425,58,0,44,55,9,53.782
ENSG00000087586,52,0,33,34,27,53.644
ENSG00000115073,34,0,31,28,15,53.623
ENSG00000172432,42,0,42,43,14,53.601
ENSG00000119139,35,0,30,38,15,53.596
ENSG00000107984,27,0,22,14,21,53.565
ENSG00000159596,55,0,46,43,24,53.553
ENSG00000196704,23,0,24,15,13,53.494
ENSG00000146109,30,0,38,11,18,53.489
ENSG00000250349,21,0,19,19,0,53.48
ENSG00000153395,38,0,48,30,8,53.462
ENSG00000125520,61,0,79,48,9,53.431
ENSG00000184983,26,0,23,20,8,53.384
ENSG00000196141,67,0,40,71,17,53.371
ENSG00000131174,49,0,29,38,12,53.327
ENSG00000178381,53,0,49,54,26,53.321
ENSG00000136689,0,0,0,0,30,53.301
ENSG00000160113,69,0,77,70,4,53.27
ENSG00000166986,4,0,22,0,74,53.254
ENSG00000101152,37,0,30,15,9,53.207
ENSG00000070761,36,0,27,37,10,53.173
ENSG00000166228,21,0,27,7,3,53.164
ENSG00000166619,38,0,34,29,21,53.144
ENSG00000077152,29,0,16,15,12,53.133
ENSG00000124067,55,0,45,46,35,53.087
ENSG00000137216,69,0,42,44,10,53.066
ENSG00000119782,61,0,34,52,24,52.852
ENSG00000141985,68,0,36,40,13,52.819
ENSG00000110243,46,0,52,47,12,52.752
ENSG00000138279,29,0,25,17,8,52.74
ENSG00000116521,21,0,13,23,6,52.737
ENSG00000100439,27,0,27,19,35,52.727
ENSG00000161939,61,0,50,39,23,52.696
ENSG00000175215,30,0,41,25,36,52.696
ENSG00000103064,57,0,40,60,5,52.65
ENSG00000150779,34,0,24,19,19,52.63
ENSG00000119227,38,0,55,48,0,52.587
ENSG00000114850,29,0,21,19,12,52.544
ENSG00000213462,57,0,39,56,12,52.541
ENSG00000171425,36,0,42,16,12,52.408
ENSG00000243989,26,0,30,20,14,52.209
ENSG00000178764,54,0,43,37,13,52.203
ENSG00000087088,30,0,34,34,7,52.191
ENSG00000163660,40,0,26,31,10,52.038
ENSG00000198736,50,0,46,46,17,52.032
ENSG00000130383,44,0,41,44,15,51.952
ENSG00000111540,28,0,22,27,12,51.946
ENSG00000168615,58,0,49,60,22,51.935
ENSG00000135486,70,0,46,42,16,51.923
ENSG00000178741,24,0,28,12,8,51.835
ENSG00000146376,43,0,34,34,19,51.819
ENSG00000165092,0,0,0,0,0,51.8
ENSG00000166136,24,0,16,11,10,51.773
ENSG00000168209,43,0,44,57,22,51.773
ENSG00000164442,52,0,40,48,21,51.733
ENSG00000147853,39,0,36,32,12,51.565
ENSG00000115234,45,0,31,36,17,51.516
ENSG00000130396,50,0,34,42,15,51.499
ENSG00000131165,41,0,33,20,15,51.477
ENSG00000102317,29,0,25,22,9,51.405
ENSG00000105402,44,0,41,26,14,51.354
ENSG00000106538,30,0,29,6,9,51.332
ENSG00000108479,24,0,30,11,0,51.328
ENSG00000242247,32,0,23,32,7,51.308
ENSG00000112658,52,0,48,52,12,51.26
ENSG00000023734,32,0,24,20,17,51.206
ENSG00000119689,44,0,30,29,17,51.169
ENSG00000137876,37,6,24,24,10,51.158
ENSG00000002549,33,0,27,33,11,51.132
ENSG00000100504,26,0,25,34,5,51.126
ENSG00000143570,49,0,46,43,17,51.113
ENSG00000167695,38,0,27,19,4,51.108
ENSG00000108848,57,0,48,30,14,51.098
ENSG00000254788,47,0,38,39,9,51.068
ENSG00000197905,66,0,67,59,19,51.057
ENSG00000165030,63,0,60,62,31,51.022
ENSG00000101421,47,0,40,30,13,50.992
ENSG00000176454,27,0,25,13,4,50.987
ENSG00000130147,41,0,46,30,30,50.934
ENSG00000177764,40,0,41,26,37,50.931
ENSG00000131724,39,0,18,46,0,50.912
ENSG00000166340,18,0,22,11,45,50.911
ENSG00000168288,33,0,23,27,23,50.891
ENSG00000088766,27,0,30,22,12,50.804
ENSG00000061676,40,0,25,15,31,50.767
ENSG00000182534,33,0,40,4,6,50.756
ENSG00000145919,37,0,21,12,6,50.75
ENSG00000141736,28,0,24,22,12,50.746
ENSG00000169228,32,0,31,19,6,50.729
ENSG00000177885,30,0,37,15,19,50.673
ENSG00000119335,40,0,41,32,9,50.671
ENSG00000164919,30,0,23,11,17,50.614
ENSG00000142453,33,0,33,25,0,50.542
ENSG00000088448,47,0,38,52,20,50.478
ENSG00000108344,27,0,24,17,44,50.446
ENSG00000100941,49,0,37,47,16,50.435
ENSG00000134291,15,1,13,0,20,50.435
ENSG00000198758,29,0,37,24,10,50.416
ENSG00000177700,58,0,53,43,5,50.4
ENSG00000244687,60,0,54,42,16,50.396
ENSG00000151923,43,8,29,27,13,50.348
ENSG00000221857,35,0,44,27,9,50.253
ENSG00000184674,36,0,37,20,15,50.249
ENSG00000005075,0,0,6,0,0,50.234
ENSG00000167283,34,0,29,22,10,50.226
ENSG00000159069,38,0,59,36,0,50.18
ENSG00000151366,46,0,44,56,6,50.169
ENSG00000187514,70,0,69,56,7,50.119
ENSG00000183283,26,0,25,21,14,50.016
ENSG00000187244,43,0,53,42,3,50.011
ENSG00000000003,15,0,9,11,4,49.983
ENSG00000106261,46,0,23,63,8,49.981
ENSG00000136868,46,0,31,38,26,49.969
ENSG00000158769,41,0,33,35,13,49.929
ENSG00000127863,42,0,11,58,0,49.909
ENSG00000099203,23,0,20,18,0,49.885
ENSG00000159322,27,0,42,23,33,49.855
ENSG00000164924,57,0,42,39,27,49.814
ENSG00000135047,21,0,16,0,13,49.81
ENSG00000155366,42,0,35,30,58,49.734
ENSG00000042445,37,0,34,22,23,49.705
ENSG00000143256,40,0,32,27,14,49.689
ENSG00000125755,57,0,61,52,27,49.628
ENSG00000167978,51,0,45,41,22,49.485
ENSG00000168090,19,0,16,15,5,49.422
ENSG00000204634,43,0,36,48,16,49.401
ENSG00000134779,31,0,23,20,12,49.353
ENSG00000108439,31,0,22,31,9,49.302
ENSG00000146701,39,0,27,23,14,49.153
ENSG00000141698,23,0,20,12,7,49.128
ENSG00000023228,50,0,41,37,22,49.108
ENSG00000182934,34,0,29,25,22,49.053
ENSG00000213593,42,0,30,24,12,49.052
ENSG00000100292,69,0,55,54,6,48.987
ENSG00000137124,44,0,22,46,9,48.941
ENSG00000197043,26,0,29,15,13,48.931
ENSG00000099219,48,0,24,55,8,48.904
ENSG00000196576,77,0,88,46,3,48.899
ENSG00000128309,63,0,70,61,10,48.872
ENSG00000131148,43,0,32,31,17,48.855
ENSG00000141753,23,0,44,3,31,48.79
ENSG00000134884,37,0,21,20,14,48.783
ENSG00000124198,58,0,50,49,17,48.778
ENSG00000125870,21,12,19,14,26,48.759
ENSG00000177951,54,0,50,41,20,48.749
ENSG00000156968,43,0,35,49,11,48.674
ENSG00000165943,34,0,29,21,6,48.624
ENSG00000120437,39,0,37,45,14,48.557
ENSG00000196924,45,0,63,24,8,48.528
ENSG00000123143,27,0,30,6,0,48.526
ENSG00000077312,58,0,51,53,13,48.497
ENSG00000065154,23,0,25,5,30,48.494
ENSG00000100242,17,0,11,8,20,48.474
ENSG00000167193,0,0,4,3,0,48.447
ENSG00000158109,37,0,29,14,4,48.409
ENSG00000099783,40,0,34,38,6,48.398
ENSG00000140479,34,0,16,41,3,48.375
ENSG00000101138,51,0,33,34,27,48.343
ENSG00000106327,24,0,30,14,32,48.325
ENSG00000165792,24,0,24,14,6,48.23
ENSG00000150938,60,0,43,43,27,48.224
ENSG00000147274,28,0,17,22,4,48.204
ENSG00000042753,18,0,22,13,9,48.2
ENSG00000176871,53,0,36,57,14,48.088
ENSG00000035141,18,0,18,14,18,48.05
ENSG00000197451,28,0,28,11,11,48.041
ENSG00000214265,30,62,33,28,17,48.032
ENSG00000065057,28,0,29,13,14,48.022
ENSG00000175582,38,0,22,24,11,47.98
ENSG00000072110,54,0,54,52,3,47.938
ENSG00000255863,0,0,0,6,0,47.805
ENSG00000168610,25,0,20,22,11,47.722
ENSG00000197061,19,0,15,24,6,47.674
ENSG00000206053,32,0,29,24,5,47.623
ENSG00000037042,12,0,13,8,10,47.587
ENSG00000255730,39,0,39,22,15,47.563
ENSG00000131747,40,0,33,37,5,47.558
ENSG00000147123,39,0,37,28,0,47.536
ENSG00000085662,14,9,20,5,4,47.529
ENSG00000103018,29,0,28,21,11,47.449
ENSG00000241468,42,0,35,36,11,47.441
ENSG00000112655,34,0,35,27,8,47.44
ENSG00000079785,27,0,25,20,10,47.421
ENSG00000100196,31,0,38,3,14,47.408
ENSG00000081181,40,0,19,36,4,47.361
ENSG00000128699,38,0,24,23,15,47.331
ENSG00000138363,26,0,22,23,4,47.319
ENSG00000100410,45,0,28,30,20,47.312
ENSG00000131467,20,0,19,14,9,47.275
ENSG00000182196,80,0,75,62,18,47.254
ENSG00000117834,30,0,25,26,5,47.235
ENSG00000196821,37,0,30,25,21,47.235
ENSG00000135829,31,0,28,16,10,47.177
ENSG00000141568,57,0,52,58,9,47.11
ENSG00000119760,31,0,27,22,19,47.082
ENSG00000142546,32,0,34,20,5,47.071
ENSG00000130741,45,0,32,32,9,47.065
ENSG00000163516,42,0,40,32,20,47.024
ENSG00000184500,18,0,19,19,8,47.02
ENSG00000159461,38,0,20,18,4,46.992
ENSG00000134352,49,0,23,43,12,46.977
ENSG00000118579,34,0,30,27,15,46.969
ENSG00000112972,57,0,34,61,15,46.958
ENSG00000104549,62,0,55,53,37,46.95
ENSG00000129515,22,0,23,18,8,46.943
ENSG00000174684,81,0,61,74,10,46.938
ENSG00000117118,22,0,19,12,13,46.908
ENSG00000143252,34,0,25,19,13,46.891
ENSG00000117410,52,0,62,37,17,46.84
ENSG00000070831,36,0,37,29,10,46.835
ENSG00000204392,0,0,0,0,0,46.791
ENSG00000126067,53,0,31,41,15,46.697
ENSG00000086289,0,0,0,0,0,46.687
ENSG00000105223,29,0,26,20,13,46.678
ENSG00000182944,54,0,44,41,15,46.675
ENSG00000146733,51,0,45,65,14,46.654
ENSG00000173762,44,0,64,19,0,46.633
ENSG00000103274,21,0,15,16,7,46.613
ENSG00000258465,19,0,14,12,6,46.592
ENSG00000100065,59,0,58,27,17,46.59
ENSG00000128311,63,0,70,61,10,46.582
ENSG00000141503,45,0,34,32,9,46.578
ENSG00000197956,20,0,33,7,16,46.538
ENSG00000171135,26,0,16,28,8,46.526
ENSG00000177728,4,0,4,5,0,46.52
ENSG00000076604,42,0,47,50,13,46.413
ENSG00000108963,19,0,34,9,30,46.413
ENSG00000125971,49,0,30,49,14,46.376
ENSG00000125734,60,0,72,53,20,46.361
ENSG00000184575,30,0,28,24,12,46.337
ENSG00000078668,28,0,19,14,9,46.33
ENSG00000100473,15,0,20,0,33,46.289
ENSG00000129187,32,0,24,24,7,46.276
ENSG00000129473,34,0,36,27,10,46.262
ENSG00000169174,41,0,50,27,11,46.234
ENSG00000182768,37,0,32,38,10,46.222
ENSG00000141232,56,0,44,37,10,46.136
ENSG00000115207,59,0,51,58,19,46.05
ENSG00000228532,0,0,0,0,10,46.048
ENSG00000100422,52,0,57,43,6,46.042
ENSG00000165410,22,0,18,12,17,46.03
ENSG00000066322,35,0,33,20,0,46.022
ENSG00000130522,59,0,52,37,16,46.019
ENSG00000147677,38,6,17,17,20,45.967
ENSG00000137161,37,0,39,23,10,45.961
ENSG00000196961,38,0,32,33,7,45.953
ENSG00000064666,44,0,47,42,7,45.949
ENSG00000171456,71,0,57,71,14,45.921
ENSG00000180767,59,0,50,61,3,45.862
ENSG00000136305,40,0,30,23,5,45.861
ENSG00000101363,36,0,30,18,10,45.829
ENSG00000122566,71,0,47,42,31,45.829
ENSG00000182446,7,8,15,0,10,45.81
ENSG00000140688,30,0,31,20,26,45.768
ENSG00000198818,44,0,25,28,17,45.766
ENSG00000150527,38,0,24,38,16,45.748
ENSG00000168899,40,0,26,27,4,45.676
ENSG00000138768,45,0,28,29,12,45.641
ENSG00000100949,28,0,17,13,10,45.638
ENSG00000253719,37,0,27,25,7,45.581
ENSG00000213619,26,0,20,16,7,45.511
ENSG00000198952,34,0,27,26,14,45.505
ENSG00000130159,14,0,17,12,4,45.479
ENSG00000148824,20,0,21,15,6,45.477
ENSG00000122705,33,0,22,23,9,45.448
ENSG00000224877,40,0,42,18,15,45.423
ENSG00000163347,52,0,33,40,9,45.407
ENSG00000160282,39,0,42,35,11,45.379
ENSG00000104960,40,0,32,13,7,45.359
ENSG00000130731,45,0,51,26,7,45.336
ENSG00000091640,45,0,44,39,12,45.324
ENSG00000174990,48,0,51,32,21,45.306
ENSG00000183426,0,0,0,0,0,45.28
ENSG00000101856,23,0,24,16,4,45.279
ENSG00000084733,47,0,47,26,37,45.226
ENSG00000071054,55,0,47,47,31,45.203
ENSG00000145495,38,0,23,31,13,45.157
ENSG00000170915,37,0,29,24,19,45.118
ENSG00000103152,37,0,62,19,21,45.017
ENSG00000136485,39,0,35,33,22,45.015
ENSG00000159199,33,0,25,33,9,44.999
ENSG00000072210,52,0,40,64,9,44.966
ENSG00000126756,15,0,12,17,0,44.963
ENSG00000175166,25,0,19,22,13,44.939
ENSG00000116455,39,0,24,35,11,44.901
ENSG00000134686,4,0,15,0,23,44.901
ENSG00000104969,51,0,37,37,17,44.868
ENSG00000156642,42,0,27,31,15,44.852
ENSG00000103194,33,0,21,19,15,44.848
ENSG00000134809,30,0,18,19,11,44.827
ENSG00000120265,51,0,50,36,22,44.815
ENSG00000131495,25,0,22,20,14,44.812
ENSG00000168890,58,0,45,72,14,44.737
ENSG00000124802,31,0,24,30,9,44.736
ENSG00000163882,52,0,43,39,14,44.723
ENSG00000136271,28,0,25,31,13,44.687
ENSG00000165916,42,0,39,36,18,44.555
ENSG00000147684,30,0,24,24,8,44.406
ENSG00000165661,37,0,31,25,48,44.399
ENSG00000136718,42,0,37,29,23,44.39
ENSG00000203879,14,0,20,0,0,44.352
ENSG00000125753,51,0,51,54,17,44.286
ENSG00000161013,57,0,49,50,0,44.276
ENSG00000144567,41,0,39,34,13,44.275
ENSG00000213213,59,0,76,46,4,44.231
ENSG00000126522,22,0,25,17,15,44.194
ENSG00000116906,59,0,25,60,20,44.191
ENSG00000165819,35,0,25,23,9,44.172
ENSG00000126581,35,0,19,29,15,44.158
ENSG00000115446,61,0,30,29,21,44.13
ENSG00000017483,40,0,41,40,4,44.072
ENSG00000183889,0,0,0,0,0,44.062
ENSG00000105426,21,0,23,3,0,44.01
ENSG00000137285,24,0,50,0,96,43.98
ENSG00000147155,23,0,24,24,0,43.972
ENSG00000217930,13,0,15,7,6,43.894
ENSG00000214022,33,0,38,32,11,43.887
ENSG00000103342,51,0,34,40,21,43.851
ENSG00000112699,54,0,41,52,19,43.827
ENSG00000162729,51,0,36,15,6,43.782
ENSG00000198728,40,0,52,8,12,43.776
ENSG00000135387,46,0,31,34,11,43.743
ENSG00000141480,41,0,35,26,0,43.73
ENSG00000184216,32,0,32,35,0,43.721
ENSG00000104853,56,0,42,41,13,43.682
ENSG00000256340,23,0,21,20,0,43.673
ENSG00000141741,16,0,17,12,5,43.646
ENSG00000124783,0,7,4,4,0,43.618
ENSG00000071626,58,0,62,47,12,43.601
ENSG00000033011,49,0,50,50,15,43.571
ENSG00000100814,32,0,18,22,8,43.562
ENSG00000136193,37,0,38,38,16,43.561
ENSG00000143486,16,0,16,13,8,43.557
ENSG00000100380,57,0,36,50,18,43.551
ENSG00000021355,42,0,34,51,4,43.382
ENSG00000171206,79,0,81,60,8,43.326
ENSG00000154639,62,0,55,56,13,43.313
ENSG00000105197,29,0,22,18,11,43.301
ENSG00000153786,40,0,27,24,16,43.299
ENSG00000118508,29,0,26,11,7,43.275
ENSG00000178078,59,0,49,36,11,43.261
ENSG00000007202,33,0,23,30,6,43.243
ENSG00000148308,29,0,30,19,14,43.211
ENSG00000065268,45,0,50,30,6,43.182
ENSG00000166197,24,0,20,26,12,43.176
ENSG00000138823,23,0,25,21,13,43.158
ENSG00000158552,7,0,0,13,0,43.131
ENSG00000157557,69,0,47,75,18,43.13
ENSG00000108588,52,0,42,42,16,43.113
ENSG00000129250,38,0,37,29,5,43.105
ENSG00000168872,32,0,30,28,11,43.103
ENSG00000129472,34,0,25,26,17,43.086
ENSG00000130733,37,0,32,15,14,43.062
ENSG00000103051,47,0,41,37,26,43.022
ENSG00000250151,34,0,30,23,15,42.995
ENSG00000196781,63,0,47,43,22,42.989
ENSG00000074964,22,0,25,0,13,42.977
ENSG00000088888,42,0,26,30,12,42.955
ENSG00000119888,44,0,37,41,3,42.919
ENSG00000178623,42,0,37,23,7,42.913
ENSG00000197977,33,0,27,26,13,42.909
ENSG00000118707,46,0,47,43,19,42.89
ENSG00000176407,55,0,32,41,21,42.875
ENSG00000173209,58,0,49,34,10,42.871
ENSG00000134057,31,0,23,17,4,42.844
ENSG00000116977,22,0,0,52,0,42.833
ENSG00000172216,74,0,78,64,22,42.833
ENSG00000092036,21,0,19,15,8,42.818
ENSG00000016864,43,0,41,41,12,42.766
ENSG00000070770,20,0,21,8,30,42.698
ENSG00000107833,29,0,42,14,16,42.654
ENSG00000159335,44,0,51,33,6,42.634
ENSG00000102908,62,0,47,55,30,42.567
ENSG00000149257,33,0,37,29,11,42.548
ENSG00000110721,72,0,61,81,13,42.499
ENSG00000115762,40,0,33,47,21,42.476
ENSG00000124593,28,0,29,6,7,42.44
ENSG00000105341,21,0,27,10,0,42.391
ENSG00000183044,52,0,34,44,11,42.391
ENSG00000140931,33,0,39,19,19,42.363
ENSG00000003756,31,0,28,19,12,42.361
ENSG00000205339,43,0,20,34,9,42.356
ENSG00000187608,24,0,26,17,5,42.335
ENSG00000056097,29,0,27,17,14,42.284
ENSG00000125877,43,0,47,40,31,42.271
ENSG00000135390,12,0,16,12,12,42.236
ENSG00000176619,34,0,33,35,5,42.218
ENSG00000141380,30,0,22,16,11,42.203
ENSG00000124535,50,0,46,37,14,42.169
ENSG00000103479,31,10,21,22,21,42.131
ENSG00000111328,32,0,39,24,5,42.118
ENSG00000197712,35,0,23,26,4,42.056
ENSG00000079616,34,0,25,25,17,41.981
ENSG00000100345,43,0,34,31,8,41.972
ENSG00000162433,40,0,42,26,6,41.971
ENSG00000108582,59,0,37,33,14,41.96
ENSG00000108349,30,0,25,25,6,41.934
ENSG00000112078,43,0,38,37,18,41.918
ENSG00000197081,42,0,32,24,14,41.908
ENSG00000089154,44,0,41,32,12,41.904
ENSG00000115649,40,0,39,34,14,41.863
ENSG00000178913,13,58,15,13,8,41.83
ENSG00000169710,77,0,88,83,8,41.817
ENSG00000100227,43,0,36,27,13,41.779
ENSG00000116489,43,0,27,28,14,41.774
ENSG00000217555,47,0,38,38,10,41.757
ENSG00000099977,0,0,0,0,0,41.752
ENSG00000167508,54,0,56,37,5,41.746
ENSG00000196739,54,0,53,54,15,41.653
ENSG00000184900,21,19,29,10,0,41.631
ENSG00000213625,39,0,33,26,5,41.614
ENSG00000170581,55,0,38,53,4,41.603
ENSG00000127483,45,0,50,44,12,41.551
ENSG00000072736,76,0,56,63,16,41.535
ENSG00000131941,33,0,34,13,8,41.516
ENSG00000204227,0,0,0,0,0,41.509
ENSG00000172164,77,0,32,78,12,41.495
ENSG00000134049,20,0,19,14,14,41.478
ENSG00000078808,35,0,56,16,6,41.475
ENSG00000065000,55,0,60,59,4,41.446
ENSG00000140990,48,0,51,25,16,41.432
ENSG00000140263,29,0,29,22,0,41.332
ENSG00000214290,32,0,28,28,0,41.321
ENSG00000112308,51,0,51,41,12,41.304
ENSG00000197879,50,0,49,28,7,41.257
ENSG00000135632,41,0,37,26,19,41.248
ENSG00000133243,3,0,8,0,19,41.234
ENSG00000162735,21,0,14,12,7,41.22
ENSG00000170027,34,0,27,29,15,41.133
ENSG00000101447,36,0,44,33,29,41.091
ENSG00000166260,54,0,35,57,22,41.053
ENSG00000186715,20,0,17,21,4,41.04
ENSG00000119471,58,0,52,65,12,41.019
ENSG00000110719,49,0,39,44,3,40.996
ENSG00000135677,25,0,21,17,12,40.934
ENSG00000112096,43,0,39,53,14,40.871
ENSG00000129518,35,0,29,27,18,40.855
ENSG00000112977,25,0,27,19,4,40.833
ENSG00000113719,42,0,32,40,10,40.833
ENSG00000125046,0,0,0,0,14,40.829
ENSG00000156875,41,0,34,40,17,40.795
ENSG00000125863,42,0,35,48,18,40.76
ENSG00000130935,32,0,25,23,16,40.748
ENSG00000139182,45,0,47,47,10,40.728
ENSG00000108389,66,0,68,44,22,40.684
ENSG00000177156,35,0,29,22,12,40.661
ENSG00000188599,0,0,0,0,0,40.652
ENSG00000151729,29,0,27,8,13,40.649
ENSG00000182108,72,0,62,27,18,40.615
ENSG00000109205,7,7,0,24,0,40.588
ENSG00000151552,38,0,36,9,8,40.577
ENSG00000179933,44,0,31,24,19,40.569
ENSG00000160200,31,0,43,14,5,40.55
ENSG00000100600,20,0,19,7,7,40.547
ENSG00000101187,46,0,65,8,32,40.497
ENSG00000111058,47,0,26,44,11,40.496
ENSG00000051620,27,0,28,16,16,40.479
ENSG00000111652,29,0,20,18,0,40.476
ENSG00000106636,20,0,16,8,11,40.443
ENSG00000102024,30,0,24,25,6,40.435
ENSG00000149547,27,0,21,9,6,40.417
ENSG00000131669,52,0,55,35,30,40.396
ENSG00000108010,32,0,34,28,20,40.393
ENSG00000090372,27,0,27,20,8,40.385
ENSG00000103266,54,0,53,23,0,40.366
ENSG00000100030,38,0,32,26,5,40.324
ENSG00000173933,39,0,32,35,18,40.305
ENSG00000155093,62,2,52,68,11,40.301
ENSG00000100031,26,0,20,32,0,40.289
ENSG00000113273,44,0,34,52,11,40.273
ENSG00000139540,32,0,29,23,13,40.263
ENSG00000148584,36,0,10,46,3,40.263
ENSG00000146674,14,0,36,0,54,40.256
ENSG00000196290,39,0,35,31,19,40.249
ENSG00000079999,25,0,26,38,11,40.227
ENSG00000168591,44,0,32,41,11,40.215
ENSG00000141582,50,0,68,35,11,40.132
ENSG00000165443,85,0,39,82,10,40.117
ENSG00000108244,24,0,17,23,0,40.116
ENSG00000168303,32,0,25,21,18,40.09
ENSG00000120948,31,0,25,21,8,40.082
ENSG00000143569,48,0,29,35,17,40.081
ENSG00000100216,19,0,20,18,8,40.057
ENSG00000131069,51,0,54,23,14,40.017
ENSG00000239779,46,0,42,30,17,39.999
ENSG00000153774,31,0,37,24,11,39.992
ENSG00000151348,20,0,17,0,3,39.953
ENSG00000153208,36,0,32,23,19,39.924
ENSG00000161533,70,0,50,72,13,39.916
ENSG00000104687,71,0,68,56,12,39.911
ENSG00000141696,52,0,46,38,15,39.872
ENSG00000116688,46,0,40,42,11,39.837
ENSG00000182473,0,0,21,0,11,39.828
ENSG00000158864,47,0,44,20,0,39.827
ENSG00000148677,26,0,9,32,0,39.8
ENSG00000130313,52,0,29,57,0,39.799
ENSG00000103507,35,0,39,29,4,39.743
ENSG00000115392,28,2,14,22,16,39.717
ENSG00000117385,44,0,32,23,18,39.674
ENSG00000092964,0,0,14,0,68,39.66
ENSG00000120054,17,0,13,12,7,39.649
ENSG00000170542,28,0,31,9,32,39.617
ENSG00000181924,30,0,23,24,8,39.612
ENSG00000131471,43,0,46,28,0,39.604
ENSG00000166508,42,0,34,30,4,39.574
ENSG00000064607,40,0,28,23,13,39.541
ENSG00000100225,39,0,32,32,28,39.53
ENSG00000004455,16,0,18,0,0,39.516
ENSG00000160678,55,0,49,49,4,39.515
ENSG00000103005,38,0,32,15,9,39.438
ENSG00000120306,34,0,23,36,10,39.423
ENSG00000157106,41,0,31,29,11,39.414
ENSG00000099942,53,0,55,40,20,39.381
ENSG00000163932,16,0,32,20,41,39.375
ENSG00000006007,52,0,49,27,25,39.365
ENSG00000136270,46,0,29,22,13,39.333
ENSG00000213923,37,0,34,13,5,39.332
ENSG00000136026,30,0,28,27,10,39.307
ENSG00000173402,56,0,45,47,8,39.307
ENSG00000176946,63,0,52,37,11,39.298
ENSG00000130724,62,0,55,44,13,39.294
ENSG00000101457,19,0,18,12,26,39.239
ENSG00000167862,29,0,23,18,20,39.239
ENSG00000170855,35,0,28,20,14,39.234
ENSG00000102893,30,0,32,26,19,39.166
ENSG00000116863,36,0,37,18,13,39.132
ENSG00000136111,52,0,41,61,13,39.109
ENSG00000133135,34,0,0,31,0,39.079
ENSG00000143933,46,0,33,39,31,39.066
ENSG00000141522,34,0,36,32,10,39.027
ENSG00000106628,21,0,19,8,3,39.016
ENSG00000025772,24,0,18,13,5,39.011
ENSG00000131043,21,0,21,17,11,38.984
ENSG00000149600,27,0,29,6,15,38.967
ENSG00000132305,59,0,45,39,22,38.931
ENSG00000111266,61,0,31,51,15,38.907
ENSG00000120705,61,0,34,39,23,38.884
ENSG00000180879,35,0,36,22,6,38.864
ENSG00000112186,27,0,19,26,31,38.852
ENSG00000204991,78,0,72,69,16,38.801
ENSG00000080189,25,0,27,20,12,38.795
ENSG00000164346,37,0,25,35,17,38.778
ENSG00000215301,65,0,55,50,13,38.749
ENSG00000124207,37,0,29,29,24,38.738
ENSG00000204560,0,0,0,0,0,38.698
ENSG00000164713,32,0,31,25,15,38.657
ENSG00000148468,31,0,29,17,15,38.603
ENSG00000136045,43,0,43,39,15,38.602
ENSG00000120438,49,0,40,35,15,38.557
ENSG00000178896,57,0,59,31,21,38.521
ENSG00000187446,22,0,21,15,0,38.518
ENSG00000182220,18,0,14,6,3,38.493
ENSG00000241685,33,0,25,19,11,38.492
ENSG00000136802,67,0,57,63,22,38.483
ENSG00000233024,0,0,0,0,0,38.477
ENSG00000167552,3,0,15,0,22,38.464
ENSG00000133275,40,0,48,28,12,38.428
ENSG00000215251,63,0,45,38,14,38.422
ENSG00000214967,0,0,0,0,0,38.406
ENSG00000123992,0,0,0,0,54,38.376
ENSG00000073921,49,0,37,42,18,38.36
ENSG00000085449,27,0,27,21,12,38.352
ENSG00000140995,26,0,34,6,28,38.318
ENSG00000102699,30,0,26,30,9,38.313
ENSG00000132677,71,0,70,71,20,38.312
ENSG00000254673,0,0,0,0,0,38.305
ENSG00000112337,36,0,5,41,0,38.285
ENSG00000100567,66,0,50,48,14,38.267
ENSG00000128654,18,0,17,12,21,38.208
ENSG00000189091,46,0,42,36,26,38.197
ENSG00000113615,48,0,26,51,17,38.181
ENSG00000160783,21,0,18,26,6,38.148
ENSG00000179304,0,0,0,0,0,38.144
ENSG00000139178,22,10,22,16,8,38.12
ENSG00000114023,47,0,31,28,14,38.086
ENSG00000182158,46,0,34,39,14,38.085
ENSG00000204713,0,0,0,0,0,38.083
ENSG00000067082,71,0,67,69,38,38.078
ENSG00000196363,45,0,66,29,10,38.073
ENSG00000157224,0,0,0,0,0,38.057
ENSG00000109065,39,0,27,29,11,38.01
ENSG00000204370,34,0,23,19,18,38.007
ENSG00000092820,30,0,30,12,10,37.994
ENSG00000003249,57,0,57,36,15,37.98
ENSG00000167965,21,0,32,17,12,37.977
ENSG00000100591,40,0,30,22,18,37.937
ENSG00000142657,27,0,27,25,5,37.919
ENSG00000104835,2,0,0,0,0,37.904
ENSG00000177889,39,0,32,29,17,37.885
ENSG00000155508,57,0,46,55,16,37.873
ENSG00000204304,0,0,0,0,0,37.774
ENSG00000239900,32,0,26,17,13,37.763
ENSG00000213339,16,0,17,12,10,37.752
ENSG00000154845,46,0,21,27,4,37.713
ENSG00000171759,0,0,13,0,88,37.703
ENSG00000110880,52,0,34,59,9,37.692
ENSG00000198218,34,0,28,26,13,37.675
ENSG00000141959,51,0,83,49,26,37.672
ENSG00000149658,40,0,27,16,43,37.667
ENSG00000124688,42,0,43,43,13,37.658
ENSG00000165175,56,0,47,55,9,37.632
ENSG00000169189,46,0,28,75,9,37.63
ENSG00000107819,26,0,41,11,8,37.614
ENSG00000006831,35,0,30,29,14,37.593
ENSG00000115310,8,0,14,0,17,37.588
ENSG00000119523,41,0,38,27,17,37.574
ENSG00000175063,14,0,21,21,7,37.563
ENSG00000090661,34,0,37,26,18,37.542
ENSG00000109501,58,0,44,55,4,37.532
ENSG00000167680,0,0,0,0,0,37.524
ENSG00000133935,40,0,23,29,6,37.499
ENSG00000184227,31,0,35,31,3,37.49
ENSG00000065548,58,0,30,49,18,37.453
ENSG00000173334,78,0,77,79,21,37.453
ENSG00000127774,35,0,33,32,19,37.443
ENSG00000125967,44,0,34,36,15,37.439
ENSG00000182952,51,0,45,32,18,37.433
ENSG00000141664,71,0,55,66,13,37.426
ENSG00000126698,55,0,44,34,20,37.416
ENSG00000129625,18,0,22,13,11,37.361
ENSG00000170043,35,0,27,15,13,37.347
ENSG00000105819,25,0,12,9,5,37.333
ENSG00000077942,41,0,48,37,3,37.318
ENSG00000106049,30,0,26,26,7,37.273
ENSG00000196532,34,0,27,34,17,37.269
ENSG00000153944,45,0,35,23,4,37.264
ENSG00000146416,40,0,23,61,12,37.246
ENSG00000180198,60,0,51,54,27,37.191
ENSG00000139641,46,0,41,47,16,37.117
ENSG00000132182,22,0,29,15,3,37.116
ENSG00000185787,0,0,26,0,56,37.114
ENSG00000169715,20,0,23,4,51,37.075
ENSG00000125875,28,8,25,19,10,37.068
ENSG00000168002,25,0,24,9,9,37.063
ENSG00000150403,59,0,36,45,12,37.061
ENSG00000108961,35,0,24,15,0,37.057
ENSG00000168237,71,0,52,83,18,37.025
ENSG00000065518,23,0,14,8,10,37.013
ENSG00000018408,0,0,0,0,0,36.994
ENSG00000137513,48,0,32,45,16,36.961
ENSG00000122779,60,0,46,65,15,36.955
ENSG00000064115,35,0,28,32,10,36.951
ENSG00000165912,62,0,41,68,5,36.942
ENSG00000106554,28,0,20,10,11,36.933
ENSG00000146425,25,0,20,13,33,36.933
ENSG00000140829,44,0,34,29,20,36.898
ENSG00000143183,34,0,31,25,17,36.888
ENSG00000160058,32,0,27,25,15,36.876
ENSG00000167315,40,11,27,34,3,36.861
ENSG00000128335,36,11,41,22,16,36.809
ENSG00000152818,48,0,35,35,22,36.8
ENSG00000159720,53,0,36,22,15,36.786
ENSG00000099800,24,0,28,25,0,36.783
ENSG00000101290,32,0,27,22,12,36.782
ENSG00000167461,14,0,20,19,6,36.77
ENSG00000163032,65,0,61,61,44,36.713
ENSG00000078269,66,0,67,56,24,36.686
ENSG00000099377,16,0,20,10,0,36.671
ENSG00000174780,35,0,29,26,14,36.664
ENSG00000100221,79,0,69,58,17,36.657
ENSG00000196531,0,0,0,0,0,36.637
ENSG00000104980,25,0,27,18,9,36.586
ENSG00000116857,23,0,12,25,4,36.562
ENSG00000214940,0,0,0,0,0,36.552
ENSG00000105185,24,0,20,13,9,36.535
ENSG00000132661,37,0,31,35,9,36.477
ENSG00000204619,0,0,0,0,0,36.43
ENSG00000105220,37,0,36,41,0,36.425
ENSG00000169032,31,0,27,19,10,36.417
ENSG00000160789,49,0,45,27,7,36.388
ENSG00000168497,40,0,24,31,14,36.38
ENSG00000118503,72,0,61,61,23,36.334
ENSG00000053254,26,0,31,23,14,36.322
ENSG00000125124,17,0,21,7,7,36.264
ENSG00000104907,60,0,50,44,15,36.232
ENSG00000108523,41,0,34,33,10,36.231
ENSG00000122378,45,0,45,33,13,36.228
ENSG00000213281,22,0,18,17,8,36.222
ENSG00000137955,56,0,36,34,14,36.208
ENSG00000130340,33,0,33,16,29,36.197
ENSG00000092203,34,0,26,26,16,36.188
ENSG00000105576,48,0,43,31,21,36.16
ENSG00000054118,40,0,30,38,18,36.139
ENSG00000161011,57,0,49,48,0,36.13
ENSG00000119673,37,0,40,37,13,36.115
ENSG00000168439,48,0,48,27,7,36.11
ENSG00000171720,35,0,31,20,12,36.068
ENSG00000136448,26,0,26,28,14,36.05
ENSG00000158201,25,0,22,19,7,36.041
ENSG00000115365,31,0,26,20,8,36.035
ENSG00000214253,27,0,25,12,14,36.025
ENSG00000143653,24,0,23,32,4,36.005
ENSG00000107566,39,0,28,28,17,35.998
ENSG00000113068,29,0,16,26,18,35.991
ENSG00000109084,44,0,49,22,7,35.99
ENSG00000111667,49,0,38,40,4,35.976
ENSG00000213465,30,0,23,11,0,35.957
ENSG00000198961,50,10,31,38,14,35.95
ENSG00000170291,48,0,42,43,16,35.937
ENSG00000167770,29,0,29,14,0,35.921
ENSG00000198937,12,0,16,0,9,35.902
ENSG00000111786,29,0,31,31,7,35.896
ENSG00000050130,37,0,31,35,17,35.891
ENSG00000104884,29,0,21,21,0,35.849
ENSG00000119421,18,0,12,10,9,35.848
ENSG00000167671,28,0,29,20,6,35.848
ENSG00000164379,74,0,64,66,23,35.843
ENSG00000106367,14,0,18,10,1,35.833
ENSG00000092108,38,0,26,21,19,35.778
ENSG00000168306,17,0,21,25,7,35.743
ENSG00000166974,36,0,33,35,14,35.715
ENSG00000183336,0,0,0,0,0,35.714
ENSG00000022277,32,0,17,17,12,35.705
ENSG00000175197,68,0,64,60,29,35.649
ENSG00000196235,54,0,46,35,8,35.646
ENSG00000114988,24,0,19,10,8,35.63
ENSG00000179262,32,0,19,21,4,35.626
ENSG00000167900,55,0,64,37,9,35.59
ENSG00000125450,30,0,33,22,16,35.564
ENSG00000185262,38,0,27,19,0,35.542
ENSG00000180596,74,0,51,72,32,35.525
ENSG00000109920,40,0,35,26,12,35.518
ENSG00000129255,46,0,40,44,5,35.516
ENSG00000010292,39,0,28,26,12,35.505
ENSG00000089486,28,16,29,25,7,35.491
ENSG00000115657,23,0,26,31,4,35.459
ENSG00000143222,22,0,17,19,10,35.458
ENSG00000131652,52,0,60,46,13,35.436
ENSG00000075975,46,0,33,28,17,35.421
ENSG00000162545,68,0,56,61,10,35.4
ENSG00000179335,15,0,19,11,0,35.398
ENSG00000093010,52,0,42,50,19,35.396
ENSG00000092201,30,0,21,23,16,35.395
ENSG00000205213,60,0,42,69,17,35.39
ENSG00000164104,38,0,30,29,8,35.385
ENSG00000180573,74,0,50,74,33,35.363
ENSG00000115966,30,0,24,26,18,35.353
ENSG00000077147,40,0,31,29,20,35.338
ENSG00000088899,57,0,45,31,25,35.325
ENSG00000182004,26,0,21,18,15,35.314
ENSG00000084652,39,0,36,33,5,35.313
ENSG00000038358,30,0,22,17,8,35.298
ENSG00000182718,46,0,24,57,3,35.284
ENSG00000138107,55,0,43,26,16,35.255
ENSG00000113712,39,0,39,36,15,35.183
ENSG00000109111,45,0,20,21,16,35.155
ENSG00000067836,34,0,34,15,4,35.154
ENSG00000141378,41,0,36,40,18,35.142
ENSG00000163811,40,0,24,28,13,35.127
ENSG00000087302,30,0,18,16,17,35.097
ENSG00000117308,40,0,32,42,8,35.081
ENSG00000160932,27,0,48,4,3,35.054
ENSG00000165689,35,0,27,16,15,35.042
ENSG00000078403,41,0,31,32,12,35.04
ENSG00000113384,45,0,39,42,21,35.006
ENSG00000188603,20,0,16,13,69,34.987
ENSG00000139269,36,0,34,39,9,34.981
ENSG00000204610,0,0,0,0,0,34.944
ENSG00000115274,46,0,43,30,17,34.934
ENSG00000132581,45,0,20,22,16,34.934
ENSG00000112640,38,0,34,19,10,34.886
ENSG00000105176,4,0,5,0,5,34.874
ENSG00000175938,31,0,32,37,10,34.853
ENSG00000183605,25,0,19,16,0,34.828
ENSG00000143549,22,0,13,0,21,34.824
ENSG00000154723,43,0,37,33,24,34.794
ENSG00000109079,44,0,33,32,17,34.772
ENSG00000113575,44,0,31,31,19,34.768
ENSG00000103415,45,0,38,33,0,34.736
ENSG00000165006,30,0,30,26,13,34.733
ENSG00000096063,60,0,44,44,23,34.728
ENSG00000162407,33,0,25,29,10,34.728
ENSG00000138442,48,0,23,28,19,34.707
ENSG00000108219,49,0,51,26,15,34.698
ENSG00000021300,24,0,34,35,6,34.689
ENSG00000127990,62,7,38,69,7,34.659
ENSG00000136463,24,0,21,22,9,34.605
ENSG00000103121,0,0,0,0,0,34.587
ENSG00000168495,26,0,30,20,12,34.543
ENSG00000180901,46,0,52,29,40,34.503
ENSG00000111906,21,10,15,10,11,34.463
ENSG00000163348,30,0,28,38,11,34.457
ENSG00000175906,53,0,37,21,8,34.435
ENSG00000257103,37,0,32,29,16,34.424
ENSG00000173692,57,0,31,51,16,34.387
ENSG00000167699,31,0,28,21,19,34.371
ENSG00000141424,48,0,43,21,18,34.356
ENSG00000012660,28,0,22,12,31,34.355
ENSG00000206527,40,6,28,33,15,34.313
ENSG00000163931,55,0,48,38,12,34.298
ENSG00000003056,34,7,22,26,12,34.292
ENSG00000064995,52,0,45,32,21,34.227
ENSG00000164068,40,0,40,31,17,34.221
ENSG00000029639,39,2,26,42,6,34.215
ENSG00000120727,30,0,20,12,8,34.189
ENSG00000197694,38,0,26,23,7,34.177
ENSG00000126524,39,0,36,32,14,34.157
ENSG00000137414,32,0,29,35,16,34.148
ENSG00000204231,0,0,0,0,0,34.145
ENSG00000168434,27,0,22,16,16,34.129
ENSG00000092621,0,0,0,0,7,34.11
ENSG00000184924,41,0,24,24,18,34.096
ENSG00000183684,42,0,38,29,10,34.079
ENSG00000178585,50,0,28,53,13,34.076
ENSG00000197324,28,0,27,24,12,34.059
ENSG00000169627,3,0,3,0,0,34.058
ENSG00000162517,28,0,21,22,12,34.049
ENSG00000015413,0,0,11,0,40,34.044
ENSG00000121410,16,0,19,9,3,34.016
ENSG00000065485,29,0,29,22,23,33.993
ENSG00000072958,48,0,41,41,11,33.979
ENSG00000069849,37,0,30,20,3,33.975
ENSG00000123191,56,0,32,51,22,33.974
ENSG00000196305,35,0,30,26,21,33.972
ENSG00000115241,56,0,35,41,11,33.971
ENSG00000125458,28,0,25,25,7,33.955
ENSG00000175203,29,0,34,10,38,33.925
ENSG00000087152,37,0,39,25,8,33.895
ENSG00000135720,33,0,22,22,12,33.895
ENSG00000198858,43,0,48,25,5,33.868
ENSG00000103365,0,0,0,3,0,33.867
ENSG00000092531,37,0,34,34,14,33.795
ENSG00000132466,48,0,34,34,15,33.794
ENSG00000101079,27,0,19,12,5,33.776
ENSG00000168291,22,0,18,19,6,33.774
ENSG00000183258,30,0,24,20,17,33.745
ENSG00000125447,48,0,29,30,19,33.739
ENSG00000069275,41,0,24,27,10,33.717
ENSG00000108932,35,0,31,25,15,33.69
ENSG00000086062,48,0,50,40,9,33.673
ENSG00000116096,20,0,27,15,10,33.668
ENSG00000101384,60,0,55,57,30,33.665
ENSG00000164091,74,0,59,76,18,33.642
ENSG00000166747,36,0,30,27,20,33.642
ENSG00000173894,32,0,38,16,4,33.626
ENSG00000184489,20,0,35,5,32,33.617
ENSG00000138071,34,0,25,25,18,33.604
ENSG00000104765,27,4,24,21,7,33.583
ENSG00000126226,50,0,39,42,5,33.58
ENSG00000004534,21,0,24,18,9,33.551
ENSG00000119431,54,0,42,56,3,33.551
ENSG00000099860,43,0,48,17,13,33.544
ENSG00000139668,36,0,25,44,19,33.514
ENSG00000101346,58,0,32,31,17,33.495
ENSG00000155130,67,0,63,58,42,33.495
ENSG00000183726,29,0,24,13,9,33.482
ENSG00000135018,36,0,29,31,11,33.475
ENSG00000136933,38,0,31,42,5,33.469
ENSG00000185721,42,0,34,29,16,33.425
ENSG00000130227,39,0,33,21,5,33.42
ENSG00000189241,50,0,38,31,23,33.375
ENSG00000168802,39,0,26,22,14,33.367
ENSG00000245848,76,0,82,45,7,33.365
ENSG00000090060,40,0,27,34,15,33.323
ENSG00000084693,0,0,0,0,0,33.32
ENSG00000163481,22,0,22,17,15,33.32
ENSG00000084734,34,0,33,22,12,33.304
ENSG00000126456,42,0,34,32,22,33.272
ENSG00000156298,24,0,21,6,0,33.224
ENSG00000164054,16,0,26,0,19,33.173
ENSG00000124795,46,0,37,34,16,33.17
ENSG00000258429,52,0,50,53,0,33.142
ENSG00000165458,46,0,41,4,20,33.137
ENSG00000140992,50,0,48,38,0,33.134
ENSG00000244005,41,0,30,33,19,33.133
ENSG00000065135,46,0,32,27,11,33.124
ENSG00000085721,30,0,32,21,15,33.113
ENSG00000161956,61,0,64,24,8,33.11
ENSG00000100387,31,0,27,24,10,33.088
ENSG00000116030,26,0,24,17,24,33.08
ENSG00000146535,40,0,22,24,0,33.04
ENSG00000136205,26,0,28,37,3,33.036
ENSG00000162961,19,0,19,11,6,33.026
ENSG00000185619,34,0,50,13,23,32.986
ENSG00000106609,35,0,22,24,14,32.985
ENSG00000167107,62,0,43,68,11,32.983
ENSG00000073578,37,0,31,25,9,32.971
ENSG00000167088,29,0,27,30,8,32.969
ENSG00000169241,78,0,85,75,22,32.968
ENSG00000173418,32,0,26,24,10,32.958
ENSG00000198959,21,0,48,0,8,32.925
ENSG00000114503,47,0,49,67,28,32.904
ENSG00000198843,25,0,25,22,3,32.895
ENSG00000144354,30,0,27,20,4,32.881
ENSG00000144580,53,0,31,40,19,32.868
ENSG00000163162,63,0,46,50,21,32.85
ENSG00000147130,39,0,34,18,3,32.832
ENSG00000153827,48,0,41,36,28,32.825
ENSG00000091262,20,0,17,15,4,32.808
ENSG00000166295,32,0,31,30,4,32.775
ENSG00000119655,37,0,32,23,17,32.766
ENSG00000170759,60,0,38,66,7,32.751
ENSG00000233404,0,0,0,0,0,32.734
ENSG00000034677,8,0,0,14,0,32.717
ENSG00000155506,16,0,17,15,0,32.703
ENSG00000168488,53,5,38,44,16,32.666
ENSG00000153904,50,0,55,27,31,32.644
ENSG00000147804,45,0,43,42,0,32.632
ENSG00000138448,32,0,24,25,11,32.625
ENSG00000144136,58,0,28,34,15,32.625
ENSG00000184014,43,0,42,30,14,32.616
ENSG00000175224,40,0,22,28,15,32.615
ENSG00000049860,59,0,62,68,30,32.603
ENSG00000149136,23,0,27,13,23,32.564
ENSG00000214239,3,0,0,0,0,32.541
ENSG00000205629,37,0,34,14,15,32.532
ENSG00000181029,17,0,22,6,17,32.524
ENSG00000160209,42,0,43,21,10,32.522
ENSG00000117399,31,0,27,22,16,32.511
ENSG00000141258,46,0,36,30,20,32.503
ENSG00000169855,0,0,0,0,16,32.495
ENSG00000178980,50,0,36,50,9,32.484
ENSG00000197635,31,14,19,21,14,32.483
ENSG00000144659,34,0,23,19,3,32.479
ENSG00000168243,37,0,35,47,10,32.474
ENSG00000153187,71,0,49,53,21,32.472
ENSG00000077238,32,0,39,23,32,32.455
ENSG00000135048,0,0,0,0,0,32.455
ENSG00000129460,14,0,19,14,8,32.442
ENSG00000182600,30,0,0,66,0,32.424
ENSG00000115944,0,0,0,0,0,32.422
ENSG00000162613,58,0,41,43,23,32.416
ENSG00000130813,13,0,22,3,0,32.406
ENSG00000100028,88,0,55,67,28,32.399
ENSG00000143627,39,0,36,47,6,32.388
ENSG00000129514,21,0,28,28,11,32.379
ENSG00000164638,0,0,3,0,20,32.352
ENSG00000130414,39,0,30,18,23,32.34
ENSG00000244405,52,0,40,31,21,32.326
ENSG00000187741,63,0,56,54,15,32.304
ENSG00000161920,21,0,19,22,6,32.29
ENSG00000131779,31,0,27,16,19,32.286
ENSG00000138802,39,0,25,25,11,32.269
ENSG00000134287,22,0,21,10,22,32.255
ENSG00000053371,47,0,33,22,7,32.251
ENSG00000188706,33,0,31,14,3,32.228
ENSG00000177733,37,0,31,34,29,32.208
ENSG00000105722,50,0,52,37,4,32.201
ENSG00000055044,49,0,52,31,26,32.197
ENSG00000163703,27,0,30,23,3,32.174
ENSG00000167766,20,49,17,12,0,32.172
ENSG00000109332,32,0,25,25,10,32.167
ENSG00000141699,43,0,30,18,14,32.165
ENSG00000179163,26,0,24,3,5,32.165
ENSG00000156711,46,0,63,28,4,32.084
ENSG00000165688,33,0,28,16,14,32.077
ENSG00000179115,37,0,36,31,14,32.077
ENSG00000055208,0,0,0,0,22,32.076
ENSG00000114120,35,0,17,28,8,32.047
ENSG00000099624,87,0,98,53,12,32.04
ENSG00000166562,37,0,26,38,19,32.036
ENSG00000248098,10,0,14,4,4,32.032
ENSG00000158470,27,0,26,24,10,32.008
ENSG00000091527,37,0,26,23,5,31.984
ENSG00000113407,44,0,37,38,27,31.976
ENSG00000169957,34,0,31,19,4,31.953
ENSG00000060491,34,0,34,21,2,31.947
ENSG00000141429,24,0,20,5,8,31.944
ENSG00000224712,0,0,0,0,0,31.93
ENSG00000013441,44,0,35,33,27,31.918
ENSG00000142910,53,0,53,33,22,31.909
ENSG00000011243,26,5,24,14,13,31.906
ENSG00000132300,45,0,29,24,19,31.906
ENSG00000127884,35,0,36,14,8,31.89
ENSG00000168159,47,0,34,37,0,31.851
ENSG00000213398,22,0,29,26,0,31.825
ENSG00000141627,22,0,21,11,9,31.819
ENSG00000079739,21,0,26,26,16,31.817
ENSG00000107404,57,0,60,21,4,31.81
ENSG00000120992,25,0,23,23,4,31.806
ENSG00000077348,38,0,30,16,18,31.799
ENSG00000085063,30,0,29,17,8,31.798
ENSG00000178988,39,0,27,24,14,31.791
ENSG00000141198,23,0,22,9,8,31.729
ENSG00000111684,26,0,21,24,9,31.728
ENSG00000130489,51,0,62,32,0,31.699
ENSG00000187838,33,0,37,20,11,31.687
ENSG00000176046,31,0,29,26,8,31.681
ENSG00000167772,32,0,38,20,4,31.669
ENSG00000133835,18,0,14,16,6,31.66
ENSG00000176444,25,0,24,13,8,31.643
ENSG00000134318,37,0,25,56,15,31.628
ENSG00000188157,35,0,46,20,0,31.627
ENSG00000152256,37,0,38,34,20,31.576
ENSG00000120137,39,0,40,35,11,31.56
ENSG00000198225,0,24,0,0,0,31.551
ENSG00000164896,48,0,55,37,18,31.547
ENSG00000125954,20,0,17,17,10,31.543
ENSG00000250232,18,0,17,20,0,31.525
ENSG00000119718,24,7,17,16,12,31.5
ENSG00000173457,60,0,86,30,6,31.472
ENSG00000189171,50,0,44,50,3,31.432
ENSG00000254505,39,0,35,30,17,31.426
ENSG00000178761,28,0,27,18,10,31.41
ENSG00000198794,26,0,34,0,54,31.404
ENSG00000173163,35,0,35,17,14,31.398
ENSG00000100522,50,0,25,33,17,31.386
ENSG00000102897,39,0,26,29,17,31.345
ENSG00000140859,26,0,11,20,0,31.343
ENSG00000147955,33,0,27,14,14,31.311
ENSG00000109606,33,0,25,19,4,31.301
ENSG00000109929,33,0,22,29,35,31.3
ENSG00000175756,46,0,38,27,6,31.29
ENSG00000103549,35,0,30,15,12,31.255
ENSG00000213780,0,0,0,0,0,31.236
ENSG00000110104,33,0,42,39,12,31.221
ENSG00000153879,39,0,31,36,11,31.207
ENSG00000132155,38,0,44,39,16,31.202
ENSG00000163956,19,0,26,9,17,31.193
ENSG00000113161,64,0,39,60,20,31.152
ENSG00000109861,23,0,20,21,9,31.121
ENSG00000171097,61,0,52,60,22,31.12
ENSG00000104331,43,0,22,13,18,31.11
ENSG00000168118,46,10,43,56,11,31.103
ENSG00000112667,16,0,20,7,30,31.071
ENSG00000170892,51,0,46,44,3,31.066
ENSG00000223501,0,0,0,0,0,31.061
ENSG00000168883,55,0,47,70,13,31.059
ENSG00000126254,22,0,23,19,12,31.001
ENSG00000138075,42,0,38,35,5,30.987
ENSG00000144283,42,0,35,34,9,30.977
ENSG00000102901,62,0,44,52,19,30.97
ENSG00000167792,26,6,29,6,29,30.96
ENSG00000171302,30,22,27,22,24,30.959
ENSG00000139832,49,0,41,46,11,30.952
ENSG00000071655,34,0,36,32,12,30.918
ENSG00000130826,33,0,26,25,0,30.886
ENSG00000092330,40,0,28,28,6,30.874
ENSG00000138614,44,0,32,39,19,30.863
ENSG00000109919,25,0,22,26,6,30.858
ENSG00000141425,32,0,23,35,8,30.848
ENSG00000188243,23,0,18,14,9,30.827
ENSG00000140854,37,0,30,29,15,30.823
ENSG00000073111,30,0,19,11,0,30.814
ENSG00000070669,21,0,17,11,8,30.789
ENSG00000163930,38,0,34,26,14,30.77
ENSG00000131748,43,0,31,17,31,30.749
ENSG00000125818,6,0,3,2,0,30.74
ENSG00000163251,59,0,49,52,13,30.731
ENSG00000172731,15,0,20,0,29,30.72
ENSG00000081791,27,0,23,12,0,30.718
ENSG00000130517,35,0,52,19,0,30.712
ENSG00000163374,34,0,33,27,16,30.712
ENSG00000058673,23,0,17,15,7,30.707
ENSG00000176101,34,0,39,23,9,30.691
ENSG00000174917,21,0,24,15,7,30.679
ENSG00000149187,26,0,20,17,9,30.666
ENSG00000138760,35,0,22,24,10,30.662
ENSG00000182646,27,0,28,15,14,30.661
ENSG00000023330,25,0,28,13,7,30.646
ENSG00000105810,61,0,52,61,30,30.645
ENSG00000248235,27,0,41,22,7,30.639
ENSG00000112282,25,0,16,11,6,30.637
ENSG00000136720,66,0,77,30,16,30.624
ENSG00000184432,38,0,28,32,16,30.609
ENSG00000172428,26,0,33,6,54,30.587
ENSG00000166471,46,0,41,31,14,30.572
ENSG00000008838,28,0,43,8,62,30.564
ENSG00000162817,23,0,23,9,12,30.562
ENSG00000165801,37,0,36,27,21,30.535
ENSG00000167136,20,0,20,7,0,30.532
ENSG00000124541,27,0,23,22,6,30.51
ENSG00000072682,26,0,26,14,5,30.505
ENSG00000229833,30,0,29,25,18,30.505
ENSG00000175334,36,0,33,25,16,30.503
ENSG00000074201,29,22,28,26,14,30.492
ENSG00000143774,45,0,44,33,21,30.479
ENSG00000141179,14,0,15,9,6,30.473
ENSG00000163950,49,0,32,32,9,30.467
ENSG00000142208,71,0,75,30,17,30.465
ENSG00000071073,62,0,34,69,15,30.454
ENSG00000067064,57,0,48,39,18,30.42
ENSG00000041357,23,0,22,17,14,30.4
ENSG00000108671,26,0,24,14,12,30.389
ENSG00000120742,26,0,26,22,3,30.388
ENSG00000156171,43,0,27,42,16,30.375
ENSG00000144591,26,0,41,19,55,30.361
ENSG00000152127,39,0,37,20,9,30.361
ENSG00000011566,72,1,48,49,27,30.319
ENSG00000115084,32,0,26,25,25,30.314
ENSG00000167977,24,0,24,16,0,30.303
ENSG00000162174,24,0,25,27,34,30.292
ENSG00000131446,28,0,28,8,3,30.239
ENSG00000120256,49,0,51,37,11,30.224
ENSG00000047315,58,14,68,46,28,30.223
ENSG00000090097,23,0,38,19,0,30.219
ENSG00000136731,48,0,29,30,16,30.199
ENSG00000104738,40,0,29,27,4,30.189
ENSG00000167992,58,0,44,70,15,30.157
ENSG00000172366,54,0,55,44,0,30.156
ENSG00000248167,0,0,0,0,0,30.142
ENSG00000137411,0,0,0,0,0,30.135
ENSG00000213639,39,0,33,27,14,30.12
ENSG00000084110,13,0,16,10,0,30.118
ENSG00000077549,47,0,38,26,6,30.104
ENSG00000146700,17,0,25,17,10,30.103
ENSG00000168887,55,0,29,49,12,30.1
ENSG00000103510,23,0,23,21,6,30.095
ENSG00000111666,54,0,35,41,12,30.093
ENSG00000244462,48,0,20,35,14,30.085
ENSG00000179195,41,0,31,23,13,30.061
ENSG00000134882,33,0,26,23,13,30.059
ENSG00000167985,39,0,31,24,6,30.054
ENSG00000140400,26,0,26,28,6,30.052
ENSG00000114631,7,0,17,0,4,30.045
ENSG00000064545,19,0,21,9,5,30.039
ENSG00000196943,50,0,25,24,19,30.037
ENSG00000108272,24,0,22,18,5,29.958
ENSG00000165828,26,0,27,16,0,29.943
ENSG00000132680,43,0,33,19,12,29.934
ENSG00000168175,27,0,19,21,8,29.914
ENSG00000178772,16,0,15,14,3,29.887
ENSG00000102900,38,0,21,16,16,29.864
ENSG00000013364,59,0,54,47,14,29.853
ENSG00000181817,47,0,37,33,16,29.848
ENSG00000131067,56,0,60,30,19,29.834
ENSG00000158941,29,0,28,17,5,29.803
ENSG00000130177,17,0,17,13,28,29.796
ENSG00000125912,34,0,33,17,11,29.782
ENSG00000149823,14,0,12,7,5,29.754
ENSG00000077232,33,0,20,19,12,29.745
ENSG00000188986,48,0,56,19,8,29.738
ENSG00000076924,30,0,30,25,18,29.7
ENSG00000115368,33,0,26,20,16,29.7
ENSG00000159063,32,0,26,26,11,29.694
ENSG00000204351,0,0,0,0,0,29.672
ENSG00000168763,62,0,60,51,22,29.652
ENSG00000141385,31,0,36,29,13,29.642
ENSG00000115350,22,0,19,15,4,29.63
ENSG00000164406,42,0,22,64,14,29.603
ENSG00000168994,43,0,47,34,7,29.596
ENSG00000079308,0,0,5,0,73,29.592
ENSG00000173456,21,0,26,15,10,29.586
ENSG00000087157,32,0,34,16,12,29.582
ENSG00000184787,44,0,27,23,17,29.563
ENSG00000175573,35,0,44,16,8,29.558
ENSG00000198369,71,0,75,59,17,29.554
ENSG00000101843,27,0,20,18,9,29.531
ENSG00000069329,52,0,43,44,22,29.496
ENSG00000082153,43,0,26,23,15,29.47
ENSG00000112062,40,0,35,28,13,29.457
ENSG00000048828,44,0,43,39,19,29.444
ENSG00000187109,23,0,27,20,5,29.443
ENSG00000099821,32,0,28,24,7,29.424
ENSG00000167657,30,0,27,34,7,29.396
ENSG00000154945,33,0,27,26,18,29.382
ENSG00000188895,45,0,41,36,18,29.371
ENSG00000100401,43,0,40,51,5,29.346
ENSG00000138381,19,0,18,16,11,29.34
ENSG00000138131,35,0,52,25,7,29.298
ENSG00000256591,39,0,32,24,7,29.293
ENSG00000120509,24,0,17,18,3,29.277
ENSG00000110330,35,0,24,29,15,29.272
ENSG00000132716,19,0,14,12,6,29.259
ENSG00000009844,26,0,16,11,5,29.248
ENSG00000206557,82,0,72,88,50,29.245
ENSG00000172354,27,0,34,19,16,29.239
ENSG00000165029,49,0,36,31,18,29.229
ENSG00000164828,41,0,47,14,10,29.224
ENSG00000160877,60,0,50,45,16,29.195
ENSG00000133027,38,0,37,23,14,29.186
ENSG00000204356,0,0,0,0,0,29.181
ENSG00000073008,27,0,26,24,5,29.157
ENSG00000068308,52,0,38,30,0,29.155
ENSG00000196411,55,0,58,50,17,29.144
ENSG00000106263,49,0,41,31,12,29.143
ENSG00000137076,52,0,48,51,13,29.141
ENSG00000165527,45,0,33,26,4,29.138
ENSG00000009950,23,0,24,22,4,29.115
ENSG00000107263,33,0,45,21,0,29.104
ENSG00000215305,31,0,28,18,7,29.082
ENSG00000133026,46,0,36,49,3,29.075
ENSG00000132640,24,0,25,20,13,29.048
ENSG00000198648,46,0,29,35,6,29.045
ENSG00000184897,29,0,33,25,4,29.044
ENSG00000124789,39,0,34,40,9,29.042
ENSG00000091483,29,0,17,13,5,29.037
ENSG00000095787,39,0,29,28,9,29.01
ENSG00000149657,42,0,64,17,25,29.001
ENSG00000119801,28,0,23,10,0,28.971
ENSG00000088325,38,0,34,29,24,28.965
ENSG00000077380,26,0,18,16,24,28.96
ENSG00000177383,27,0,27,19,8,28.952
ENSG00000122126,18,0,14,14,0,28.951
ENSG00000198612,34,0,24,21,11,28.951
ENSG00000215621,17,0,7,4,0,28.944
ENSG00000103222,46,0,36,24,17,28.93
ENSG00000146072,45,0,39,35,40,28.927
ENSG00000181026,45,0,42,38,6,28.916
ENSG00000125633,31,0,26,15,22,28.899
ENSG00000139793,70,0,43,73,30,28.895
ENSG00000161202,38,0,31,28,12,28.895
ENSG00000100442,52,0,41,30,15,28.869
ENSG00000172175,50,0,40,43,12,28.856
ENSG00000198492,55,0,37,32,12,28.855
ENSG00000025434,35,0,28,31,15,28.845
ENSG00000138600,29,0,26,30,5,28.841
ENSG00000161526,34,0,25,19,19,28.838
ENSG00000132612,22,0,25,23,6,28.836
ENSG00000124151,37,0,33,32,15,28.833
ENSG00000102531,37,11,24,29,15,28.828
ENSG00000115486,37,0,33,43,11,28.828
ENSG00000178307,43,0,35,24,10,28.801
ENSG00000173207,72,0,58,76,15,28.793
ENSG00000177917,44,0,35,31,20,28.786
ENSG00000131100,33,0,25,28,11,28.776
ENSG00000125834,41,0,37,33,24,28.756
ENSG00000205531,53,0,34,39,22,28.631
ENSG00000113916,86,0,64,83,31,28.63
ENSG00000178802,26,0,22,10,10,28.624
ENSG00000134070,31,0,36,18,6,28.623
ENSG00000149476,72,0,60,61,27,28.612
ENSG00000100241,42,0,28,10,7,28.611
ENSG00000169919,21,0,24,11,0,28.601
ENSG00000088356,24,0,13,15,10,28.585
ENSG00000158195,37,0,30,23,5,28.585
ENSG00000171067,42,0,37,37,15,28.585
ENSG00000227057,0,0,0,0,0,28.578
ENSG00000100890,32,0,28,25,16,28.577
ENSG00000141027,54,0,42,45,22,28.577
ENSG00000101558,36,0,30,40,14,28.574
ENSG00000157456,21,0,16,15,10,28.572
ENSG00000100593,50,0,40,53,16,28.551
ENSG00000170881,48,0,30,40,19,28.55
ENSG00000147224,24,0,17,11,3,28.546
ENSG00000258947,77,0,90,57,17,28.545
ENSG00000126062,37,0,44,17,34,28.501
ENSG00000130427,41,0,52,12,3,28.5
ENSG00000132485,35,0,24,25,12,28.48
ENSG00000107798,21,0,21,13,7,28.459
ENSG00000100908,69,0,60,42,27,28.443
ENSG00000136536,36,0,29,28,21,28.401
ENSG00000058056,37,0,24,26,7,28.399
ENSG00000111642,34,0,31,11,7,28.395
ENSG00000068745,23,0,25,13,0,28.387
ENSG00000129219,21,0,23,8,0,28.384
ENSG00000106384,33,0,40,26,6,28.375
ENSG00000172009,50,0,41,40,17,28.372
ENSG00000254996,58,0,50,58,20,28.339
ENSG00000157916,44,0,38,31,5,28.331
ENSG00000119977,18,8,19,12,8,28.329
ENSG00000122490,47,0,49,36,8,28.311
ENSG00000136451,48,0,27,35,18,28.307
ENSG00000103035,33,8,22,23,11,28.304
ENSG00000114698,9,6,14,0,11,28.256
ENSG00000146859,38,0,35,37,5,28.255
ENSG00000149485,31,0,26,15,4,28.25
ENSG00000211460,30,0,30,12,37,28.244
ENSG00000163346,36,0,30,34,12,28.241
ENSG00000090238,31,17,32,17,3,28.237
ENSG00000063245,47,0,38,39,12,28.235
ENSG00000136830,17,0,23,28,0,28.227
ENSG00000170144,53,0,43,45,16,28.222
ENSG00000204237,37,0,36,24,14,28.214
ENSG00000196449,30,0,29,23,8,28.199
ENSG00000106392,42,22,4,38,8,28.198
ENSG00000135912,20,0,18,15,5,28.198
ENSG00000159579,49,0,45,44,27,28.191
ENSG00000066084,42,1,40,45,10,28.186
ENSG00000102910,37,0,24,28,11,28.178
ENSG00000176624,0,0,0,0,0,28.164
ENSG00000008282,21,0,19,16,7,28.163
ENSG00000105135,35,0,25,28,13,28.162
ENSG00000196465,28,0,27,27,13,28.162
ENSG00000177606,47,0,44,33,40,28.156
ENSG00000175745,74,0,76,42,35,28.148
ENSG00000136931,62,0,58,47,6,28.131
ENSG00000114416,0,0,4,0,20,28.12
ENSG00000141556,19,0,24,10,6,28.12
ENSG00000145912,31,0,27,5,7,28.117
ENSG00000213672,30,0,29,14,6,28.111
ENSG00000080819,22,0,19,4,2,28.1
ENSG00000141140,52,0,32,40,21,28.09
ENSG00000155367,18,0,37,0,65,28.061
ENSG00000080822,16,0,17,12,7,28.054
ENSG00000104324,28,6,17,21,4,28.036
ENSG00000132676,35,0,35,28,15,28.021
ENSG00000130770,49,0,42,34,21,28.01
ENSG00000103174,48,0,49,50,15,27.994
ENSG00000100664,39,0,40,29,14,27.974
ENSG00000168758,46,0,43,32,51,27.974
ENSG00000164024,40,0,28,30,9,27.967
ENSG00000136859,22,0,19,11,8,27.962
ENSG00000104695,40,0,24,22,10,27.953
ENSG00000155363,24,0,19,22,13,27.945
ENSG00000151062,0,0,0,0,48,27.934
ENSG00000175216,29,9,21,12,0,27.929
ENSG00000136152,31,1,28,29,13,27.915
ENSG00000011105,33,0,31,8,3,27.909
ENSG00000161326,51,0,33,52,16,27.905
ENSG00000085733,39,0,38,43,12,27.889
ENSG00000221988,0,0,0,0,0,27.863
ENSG00000130638,32,0,20,21,7,27.855
ENSG00000115760,31,0,26,31,17,27.852
ENSG00000136628,22,0,20,19,6,27.851
ENSG00000115419,48,0,38,36,23,27.832
ENSG00000183011,44,0,51,15,25,27.811
ENSG00000159217,83,0,57,76,34,27.793
ENSG00000113643,31,0,16,14,5,27.764
ENSG00000178445,43,0,41,24,16,27.762
ENSG00000170558,47,0,38,26,5,27.746
ENSG00000142494,0,0,0,0,25,27.739
ENSG00000125686,58,0,47,63,7,27.731
ENSG00000162889,30,0,28,17,12,27.728
ENSG00000002586,0,0,0,0,0,27.716
ENSG00000162236,35,0,26,29,17,27.711
ENSG00000006712,29,0,29,20,8,27.707
ENSG00000105887,25,0,16,9,18,27.701
ENSG00000032389,57,0,46,46,26,27.67
ENSG00000112763,24,0,22,14,10,27.653
ENSG00000136098,64,0,18,65,4,27.637
ENSG00000160803,36,0,33,29,20,27.613
ENSG00000004864,24,0,16,25,0,27.61
ENSG00000102103,24,0,25,22,5,27.61
ENSG00000187555,59,0,55,37,14,27.61
ENSG00000101220,52,0,31,13,4,27.588
ENSG00000204219,33,0,30,30,0,27.587
ENSG00000055130,41,0,29,26,4,27.569
ENSG00000139289,50,0,41,50,30,27.567
ENSG00000129422,77,0,57,72,20,27.565
ENSG00000156411,0,0,0,0,3,27.54
ENSG00000197912,48,0,41,30,10,27.537
ENSG00000162521,54,0,36,31,6,27.511
ENSG00000214655,58,0,50,31,19,27.509
ENSG00000132361,42,0,48,35,5,27.5
ENSG00000010803,26,0,23,31,0,27.499
ENSG00000125871,99,0,76,91,33,27.492
ENSG00000171202,22,0,17,14,11,27.478
ENSG00000140391,4,0,12,0,9,27.476
ENSG00000013375,43,0,33,30,16,27.47
ENSG00000117143,30,0,27,28,18,27.45
ENSG00000131503,58,0,51,58,20,27.442
ENSG00000188186,24,0,22,15,8,27.441
ENSG00000143398,53,0,51,50,12,27.434
ENSG00000203880,31,0,25,19,9,27.409
ENSG00000090857,22,0,14,11,7,27.407
ENSG00000196497,27,0,22,14,5,27.407
ENSG00000101412,27,0,27,10,0,27.397
ENSG00000147383,39,0,27,37,5,27.393
ENSG00000135956,57,0,51,59,13,27.375
ENSG00000088247,36,0,28,21,5,27.372
ENSG00000106484,11,2,15,6,0,27.356
ENSG00000213853,33,9,42,17,40,27.311
ENSG00000187778,24,0,29,18,15,27.305
ENSG00000008130,55,0,66,16,4,27.3
ENSG00000119314,45,0,22,65,3,27.287
ENSG00000127399,34,0,36,31,12,27.268
ENSG00000175193,31,0,29,16,12,27.254
ENSG00000196504,44,0,34,31,20,27.248
ENSG00000096433,35,0,40,8,32,27.247
ENSG00000110958,56,0,55,54,13,27.245
ENSG00000188760,46,0,47,45,13,27.235
ENSG00000166888,63,0,60,48,0,27.227
ENSG00000204435,0,0,0,0,0,27.211
ENSG00000240303,30,0,29,34,17,27.195
ENSG00000133393,32,0,20,22,10,27.166
ENSG00000166326,28,22,21,18,36,27.166
ENSG00000068489,51,0,36,43,10,27.158
ENSG00000134962,59,0,33,55,8,27.156
ENSG00000113282,30,0,20,14,4,27.094
ENSG00000184988,43,0,30,53,9,27.092
ENSG00000141504,46,0,45,24,9,27.058
ENSG00000171603,28,0,43,0,20,27.046
ENSG00000187049,22,8,23,13,10,27.038
ENSG00000103160,30,0,31,7,12,27.026
ENSG00000177119,38,0,22,32,11,27.019
ENSG00000132286,44,0,25,31,16,27.016
ENSG00000156413,41,0,35,29,13,26.983
ENSG00000086475,41,0,43,18,7,26.972
ENSG00000112511,0,0,0,0,0,26.972
ENSG00000168259,48,0,45,59,24,26.972
ENSG00000258664,0,0,0,0,0,26.963
ENSG00000196182,41,0,32,44,20,26.95
ENSG00000130764,26,0,28,18,24,26.945
ENSG00000198901,42,0,26,38,7,26.921
ENSG00000130725,70,0,56,49,15,26.918
ENSG00000163257,51,0,32,31,17,26.916
ENSG00000115363,31,0,16,43,4,26.909
ENSG00000159792,37,0,22,24,7,26.9
ENSG00000232112,26,0,28,27,10,26.898
ENSG00000106771,60,0,41,20,14,26.897
ENSG00000162368,38,0,34,31,12,26.823
ENSG00000136758,55,0,40,43,27,26.8
ENSG00000100994,35,0,27,16,28,26.793
ENSG00000160293,44,0,57,32,0,26.78
ENSG00000219200,61,0,51,37,23,26.773
ENSG00000112739,61,0,50,61,30,26.755
ENSG00000179820,63,0,61,77,23,26.742
ENSG00000204099,42,0,47,32,14,26.733
ENSG00000175336,54,0,36,59,4,26.73
ENSG00000124571,51,0,39,36,21,26.727
ENSG00000173757,31,0,29,18,20,26.716
ENSG00000177666,37,0,36,24,7,26.693
ENSG00000151718,51,0,45,68,10,26.666
ENSG00000125651,25,0,24,20,15,26.642
ENSG00000145287,9,28,0,19,0,26.618
ENSG00000087263,36,0,30,26,17,26.617
ENSG00000081154,33,0,22,23,17,26.616
ENSG00000108176,26,10,6,11,0,26.615
ENSG00000103066,25,0,29,0,12,26.609
ENSG00000066027,50,0,43,38,18,26.598
ENSG00000170340,52,0,41,42,13,26.589
ENSG00000213380,37,0,32,28,14,26.574
ENSG00000105671,31,0,35,26,22,26.569
ENSG00000133657,49,0,17,56,0,26.567
ENSG00000137845,47,0,29,26,17,26.557
ENSG00000073050,13,0,7,10,0,26.556
ENSG00000172775,48,0,44,44,27,26.55
ENSG00000173020,34,0,45,14,4,26.541
ENSG00000180628,57,0,24,58,11,26.54
ENSG00000196792,47,0,33,44,28,26.534
ENSG00000170035,0,0,0,0,0,26.53
ENSG00000156802,52,0,26,53,12,26.514
ENSG00000114544,0,7,0,0,0,26.506
ENSG00000151465,46,0,34,30,26,26.499
ENSG00000152894,56,0,30,52,24,26.483
ENSG00000055070,33,0,27,35,11,26.481
ENSG00000136048,24,0,24,25,8,26.481
ENSG00000119383,36,0,38,25,20,26.474
ENSG00000116786,34,0,35,10,3,26.451
ENSG00000116350,48,0,29,62,11,26.442
ENSG00000111371,36,0,35,25,16,26.441
ENSG00000033627,26,0,14,18,8,26.44
ENSG00000138018,0,0,0,0,66,26.437
ENSG00000197713,51,0,16,17,12,26.41
ENSG00000142751,23,0,23,20,8,26.396
ENSG00000176142,31,0,24,20,7,26.389
ENSG00000162704,40,0,22,49,6,26.388
ENSG00000086065,35,0,32,25,21,26.378
ENSG00000127418,37,4,61,0,31,26.378
ENSG00000196476,19,0,19,9,45,26.378
ENSG00000108292,68,0,69,62,32,26.356
ENSG00000123124,46,0,35,37,18,26.347
ENSG00000219438,0,0,0,0,42,26.342
ENSG00000176953,39,0,42,18,4,26.333
ENSG00000164897,72,0,80,53,23,26.298
ENSG00000090054,21,0,20,15,19,26.292
ENSG00000148334,53,0,61,42,4,26.291
ENSG00000143641,0,10,0,0,18,26.266
ENSG00000197165,28,0,32,27,3,26.244
ENSG00000249590,0,0,0,0,0,26.221
ENSG00000101442,25,0,20,12,27,26.205
ENSG00000114354,24,0,25,22,19,26.184
ENSG00000100258,35,0,33,17,11,26.182
ENSG00000123159,31,0,36,19,0,26.178
ENSG00000165997,48,0,34,41,18,26.174
ENSG00000147164,19,0,19,12,7,26.153
ENSG00000071564,31,0,49,19,10,26.145
ENSG00000075420,59,0,49,62,13,26.13
ENSG00000221869,46,0,47,52,8,26.114
ENSG00000203813,71,0,58,60,23,26.105
ENSG00000187837,38,0,27,39,9,26.085
ENSG00000090432,22,0,19,11,19,26.081
ENSG00000133169,6,0,12,0,0,26.051
ENSG00000132170,43,0,29,21,11,26.049
ENSG00000106305,36,0,24,26,7,26.048
ENSG00000128245,35,0,32,33,7,26.047
ENSG00000117318,91,0,46,98,8,26.043
ENSG00000198721,31,0,26,22,13,26.043
ENSG00000140632,42,0,35,32,18,26.025
ENSG00000117411,57,0,66,46,11,26.019
ENSG00000223496,25,0,23,18,4,26.012
ENSG00000057593,17,0,20,21,5,26.005
ENSG00000160221,35,0,31,27,12,25.996
ENSG00000103356,55,0,31,47,17,25.991
ENSG00000187231,42,0,21,38,8,25.983
ENSG00000132405,47,0,45,46,12,25.967
ENSG00000066455,51,13,24,37,13,25.965
ENSG00000111144,0,0,6,0,48,25.959
ENSG00000163050,0,0,0,0,0,25.958
ENSG00000257949,68,0,49,71,14,25.934
ENSG00000095906,34,0,34,15,6,25.903
ENSG00000100084,26,0,24,22,5,25.9
ENSG00000066117,42,0,39,53,5,25.898
ENSG00000137171,0,0,0,0,0,25.892
ENSG00000161057,47,0,43,43,18,25.862
ENSG00000166685,32,0,28,27,11,25.856
ENSG00000131828,28,0,22,16,9,25.851
ENSG00000145386,30,0,23,15,13,25.841
ENSG00000136699,49,0,44,36,20,25.832
ENSG00000119927,0,2,0,4,0,25.806
ENSG00000104522,32,0,34,19,7,25.794
ENSG00000109686,50,0,25,63,8,25.788
ENSG00000071894,26,0,27,20,13,25.784
ENSG00000115211,45,0,31,35,17,25.783
ENSG00000108100,0,0,0,0,0,25.759
ENSG00000177337,52,0,48,57,13,25.759
ENSG00000140941,76,0,60,86,30,25.756
ENSG00000240344,39,0,35,31,19,25.75
ENSG00000138297,11,0,6,7,0,25.747
ENSG00000167685,9,0,0,6,0,25.744
ENSG00000162576,50,0,49,35,0,25.733
ENSG00000135473,23,0,24,20,9,25.715
ENSG00000157259,20,0,22,14,8,25.69
ENSG00000089737,50,0,30,28,11,25.688
ENSG00000123136,27,0,28,24,3,25.678
ENSG00000167118,28,0,27,23,16,25.673
ENSG00000132963,36,0,22,22,16,25.657
ENSG00000112578,54,0,42,31,28,25.649
ENSG00000249884,30,0,23,24,3,25.624
ENSG00000105221,53,0,36,42,12,25.613
ENSG00000169682,20,0,27,17,12,25.604
ENSG00000067704,47,0,39,37,20,25.603
ENSG00000107338,67,0,65,61,36,25.591
ENSG00000015479,51,0,38,34,17,25.59
ENSG00000133316,53,0,49,44,21,25.585
ENSG00000022840,66,0,60,55,15,25.581
ENSG00000144118,12,7,21,7,28,25.58
ENSG00000159140,62,0,37,36,27,25.561
ENSG00000132394,34,0,23,36,0,25.553
ENSG00000168137,79,0,52,61,27,25.54
ENSG00000007520,35,0,39,5,17,25.529
ENSG00000106397,40,0,41,33,11,25.514
ENSG00000174695,30,0,19,23,13,25.508
ENSG00000166848,52,0,56,27,32,25.505
ENSG00000259347,57,0,44,69,18,25.5
ENSG00000068394,18,0,16,16,5,25.487
ENSG00000198876,36,0,28,23,13,25.485
ENSG00000173366,4,0,3,0,0,25.468
ENSG00000106052,34,0,31,35,16,25.467
ENSG00000109787,61,0,40,60,8,25.465
ENSG00000126768,24,0,24,23,5,25.452
ENSG00000182173,48,0,60,21,11,25.451
ENSG00000132522,24,0,28,18,3,25.45
ENSG00000138430,37,0,26,26,7,25.448
ENSG00000189266,0,0,0,0,0,25.41
ENSG00000185009,49,0,27,28,14,25.404
ENSG00000056661,82,0,85,52,30,25.397
ENSG00000164403,40,0,28,35,6,25.396
ENSG00000132793,12,0,23,9,34,25.377
ENSG00000155906,45,0,42,35,14,25.373
ENSG00000100092,59,0,60,52,0,25.367
ENSG00000089053,26,0,21,20,11,25.366
ENSG00000090581,38,0,38,5,16,25.361
ENSG00000152022,44,0,46,9,28,25.36
ENSG00000197448,3,0,0,0,0,25.341
ENSG00000142178,70,0,38,53,17,25.305
ENSG00000179403,87,0,90,76,9,25.298
ENSG00000186187,62,0,50,56,14,25.296
ENSG00000135318,44,0,25,37,13,25.294
ENSG00000167645,18,0,34,14,47,25.276
ENSG00000166797,64,0,47,43,34,25.27
ENSG00000145050,45,0,33,26,21,25.255
ENSG00000101413,43,4,30,28,21,25.233
ENSG00000137106,44,0,42,29,5,25.213
ENSG00000158296,28,24,11,54,0,25.213
ENSG00000147471,23,0,22,16,3,25.208
ENSG00000145020,23,0,17,35,4,25.205
ENSG00000106211,29,0,35,4,0,25.191
ENSG00000197343,53,0,25,35,18,25.172
ENSG00000107581,42,0,32,29,13,25.163
ENSG00000165795,37,0,36,27,20,25.158
ENSG00000142687,33,0,26,25,5,25.152
ENSG00000198355,79,0,84,55,14,25.136
ENSG00000107745,23,0,13,14,6,25.134
ENSG00000060237,63,0,56,36,12,25.125
ENSG00000135164,34,0,25,23,10,25.122
ENSG00000169764,52,0,46,40,26,25.121
ENSG00000173262,39,0,25,40,4,25.121
ENSG00000100417,33,0,33,30,15,25.103
ENSG00000185236,62,0,40,60,2,25.099
ENSG00000078804,55,0,56,49,19,25.082
ENSG00000058799,29,0,31,17,5,25.049
ENSG00000186522,67,0,52,43,15,25.049
ENSG00000108559,39,0,32,28,17,25.032
ENSG00000174938,43,0,48,27,16,25.019
ENSG00000111641,21,0,20,16,8,25.008
ENSG00000137880,32,0,35,32,3,24.989
ENSG00000111142,34,0,24,21,14,24.986
ENSG00000110911,57,0,48,41,10,24.98
ENSG00000066583,23,0,19,17,11,24.953
ENSG00000179295,35,0,21,29,9,24.946
ENSG00000144802,15,0,9,7,0,24.942
ENSG00000164754,31,8,22,19,8,24.908
ENSG00000091651,51,0,43,44,22,24.901
ENSG00000170175,30,0,34,14,26,24.9
ENSG00000166889,32,0,22,23,3,24.887
ENSG00000088926,20,0,17,32,0,24.882
ENSG00000147533,25,0,22,11,11,24.882
ENSG00000196642,52,0,52,39,5,24.882
ENSG00000139835,31,0,36,9,29,24.869
ENSG00000169660,22,5,16,17,5,24.866
ENSG00000180448,15,0,42,0,0,24.841
ENSG00000169217,35,0,39,28,17,24.834
ENSG00000173848,19,1,15,6,16,24.811
ENSG00000170142,34,0,31,15,7,24.804
ENSG00000130766,42,0,45,29,10,24.796
ENSG00000004478,22,0,20,8,6,24.78
ENSG00000182400,49,0,34,40,17,24.766
ENSG00000116337,36,0,26,23,16,24.724
ENSG00000160182,0,0,13,0,18,24.713
ENSG00000099204,19,0,10,16,0,24.698
ENSG00000166681,9,0,16,0,0,24.696
ENSG00000128602,32,0,25,12,13,24.683
ENSG00000106588,42,0,31,26,20,24.652
ENSG00000149357,32,0,16,24,10,24.65
ENSG00000168575,51,0,34,47,9,24.65
ENSG00000148229,28,0,26,22,14,24.638
ENSG00000179085,38,0,42,35,23,24.636
ENSG00000164898,29,0,30,30,13,24.621
ENSG00000143363,75,0,57,78,18,24.614
ENSG00000248919,41,0,34,33,11,24.601
ENSG00000108433,31,0,19,16,17,24.599
ENSG00000204843,25,0,19,15,10,24.599
ENSG00000136938,45,0,41,40,7,24.595
ENSG00000131844,41,0,26,29,13,24.584
ENSG00000114650,33,0,33,20,9,24.576
ENSG00000162290,31,0,22,31,13,24.573
ENSG00000084774,30,0,23,21,11,24.57
ENSG00000136003,49,0,47,44,31,24.566
ENSG00000198833,32,0,25,20,8,24.565
ENSG00000127481,41,0,36,41,18,24.564
ENSG00000243749,18,0,18,7,4,24.563
ENSG00000076382,29,0,25,23,15,24.541
ENSG00000156110,47,0,28,28,14,24.528
ENSG00000126945,38,0,23,29,11,24.522
ENSG00000076043,19,0,16,15,3,24.521
ENSG00000145817,20,0,16,10,11,24.503
ENSG00000216490,12,0,19,0,0,24.496
ENSG00000162032,21,15,23,10,0,24.495
ENSG00000184752,16,15,14,12,8,24.492
ENSG00000110436,0,0,7,0,46,24.481
ENSG00000197457,33,0,40,7,3,24.479
ENSG00000086758,54,0,34,32,6,24.463
ENSG00000076928,44,0,46,27,18,24.456
ENSG00000182827,34,0,22,24,17,24.451
ENSG00000198142,67,0,55,43,14,24.444
ENSG00000136636,43,0,31,33,12,24.442
ENSG00000198546,24,0,29,18,7,24.431
ENSG00000171612,52,0,47,56,10,24.43
ENSG00000177971,76,0,70,41,25,24.424
ENSG00000108592,30,0,27,19,18,24.417
ENSG00000104889,30,0,33,19,8,24.414
ENSG00000100079,0,0,7,0,14,24.392
ENSG00000132481,42,0,36,43,14,24.384
ENSG00000198380,46,0,33,27,7,24.367
ENSG00000049656,30,0,27,19,10,24.366
ENSG00000047410,40,0,31,33,14,24.365
ENSG00000101350,19,0,17,15,18,24.337
ENSG00000179151,29,0,18,18,14,24.331
ENSG00000064419,32,0,26,22,18,24.323
ENSG00000100023,30,0,32,16,12,24.321
ENSG00000124942,30,0,9,49,3,24.317
ENSG00000116717,44,0,35,43,15,24.309
ENSG00000203812,23,0,8,20,4,24.306
ENSG00000166164,31,5,35,12,7,24.305
ENSG00000092929,33,0,52,38,4,24.294
ENSG00000108669,38,0,35,31,3,24.284
ENSG00000090273,30,0,19,31,10,24.281
ENSG00000101191,68,0,43,42,18,24.277
ENSG00000108528,42,0,34,35,9,24.277
ENSG00000089685,20,0,18,11,5,24.27
ENSG00000079332,45,0,37,36,11,24.267
ENSG00000070614,31,0,37,33,15,24.251
ENSG00000085998,3,0,12,0,0,24.214
ENSG00000226742,33,0,32,21,4,24.213
ENSG00000133193,19,0,22,19,18,24.182
ENSG00000187713,53,0,46,45,16,24.178
ENSG00000184990,42,0,50,27,8,24.176
ENSG00000029364,55,0,43,34,25,24.166
ENSG00000137801,41,0,36,28,23,24.161
ENSG00000139726,29,0,18,13,5,24.156
ENSG00000168517,36,0,31,47,14,24.146
ENSG00000156599,34,0,37,33,18,24.141
ENSG00000108375,51,0,43,55,39,24.137
ENSG00000116560,37,0,40,32,17,24.125
ENSG00000138757,45,0,27,29,12,24.111
ENSG00000117906,22,0,15,17,9,24.104
ENSG00000198522,23,0,19,18,19,24.095
ENSG00000114902,42,0,41,38,12,24.094
ENSG00000120063,34,0,30,18,10,24.092
ENSG00000168393,40,0,33,35,17,24.09
ENSG00000163161,23,0,20,12,13,24.084
ENSG00000218739,21,0,25,17,13,24.083
ENSG00000110435,41,0,33,39,15,24.073
ENSG00000119705,44,0,25,33,26,24.061
ENSG00000232838,26,0,18,23,6,24.053
ENSG00000198734,48,0,20,59,8,24.05
ENSG00000123104,59,0,53,47,27,24.048
ENSG00000132254,42,0,25,31,16,24.027
ENSG00000152926,57,0,39,57,12,24.017
ENSG00000129946,36,0,38,12,16,24.016
ENSG00000132819,42,0,47,11,0,24.008
ENSG00000160233,40,0,48,40,7,23.973
ENSG00000127947,44,0,44,40,13,23.969
ENSG00000115317,48,0,52,43,22,23.959
ENSG00000134109,48,0,42,42,12,23.939
ENSG00000241370,0,0,0,0,0,23.925
ENSG00000179833,34,0,26,18,22,23.914
ENSG00000172992,35,0,23,22,16,23.907
ENSG00000124693,40,0,31,56,16,23.903
ENSG00000214160,33,0,34,23,14,23.901
ENSG00000162415,25,0,25,20,0,23.899
ENSG00000143815,35,0,30,26,19,23.89
ENSG00000164466,28,0,24,18,37,23.885
ENSG00000139146,46,0,39,37,20,23.881
ENSG00000065054,45,0,64,0,19,23.86
ENSG00000119013,48,0,26,28,13,23.858
ENSG00000162928,48,0,40,56,21,23.849
ENSG00000137693,57,0,39,60,9,23.84
ENSG00000139921,17,0,14,11,9,23.833
ENSG00000104812,46,0,42,26,19,23.832
ENSG00000243207,29,0,31,13,14,23.829
ENSG00000117751,33,0,25,25,13,23.819
ENSG00000126934,31,0,24,17,0,23.816
ENSG00000153130,5,0,11,0,5,23.803
ENSG00000126249,16,0,16,9,0,23.799
ENSG00000243943,30,6,18,15,10,23.789
ENSG00000102977,32,0,32,17,6,23.768
ENSG00000105723,45,0,38,36,13,23.73
ENSG00000162813,50,0,46,38,21,23.721
ENSG00000112893,50,0,47,33,12,23.716
ENSG00000132128,62,0,61,44,20,23.713
ENSG00000129235,40,0,33,27,11,23.662
ENSG00000157625,4,0,0,12,0,23.645
ENSG00000105258,45,0,47,32,9,23.613
ENSG00000237441,0,0,0,0,0,23.568
ENSG00000164611,62,0,47,27,18,23.553
ENSG00000137575,24,0,16,10,12,23.55
ENSG00000063322,29,0,29,20,8,23.541
ENSG00000139725,94,0,90,84,10,23.541
ENSG00000172725,22,0,21,15,0,23.511
ENSG00000175768,36,0,39,19,10,23.488
ENSG00000198646,27,0,21,19,21,23.488
ENSG00000100029,8,0,15,0,29,23.463
ENSG00000011478,33,0,31,33,20,23.448
ENSG00000137563,33,0,22,22,0,23.446
ENSG00000242259,27,0,23,23,4,23.436
ENSG00000139842,49,0,39,43,5,23.424
ENSG00000125944,50,0,34,39,7,23.413
ENSG00000113811,29,0,18,21,17,23.396
ENSG00000070423,45,9,59,46,12,23.377
ENSG00000164109,45,0,24,22,14,23.365
ENSG00000085415,37,0,28,30,6,23.357
ENSG00000153485,35,0,30,22,6,23.353
ENSG00000198791,55,0,32,34,16,23.349
ENSG00000130429,31,0,37,29,0,23.339
ENSG00000250021,20,0,23,0,4,23.334
ENSG00000168274,31,0,36,26,6,23.333
ENSG00000070404,40,0,70,12,7,23.332
ENSG00000100083,33,0,35,26,22,23.329
ENSG00000140612,36,0,23,18,17,23.329
ENSG00000071859,13,0,20,6,0,23.32
ENSG00000204574,0,0,0,0,0,23.32
ENSG00000198518,37,0,35,38,20,23.319
ENSG00000127838,43,0,44,22,18,23.318
ENSG00000138942,28,0,19,15,9,23.296
ENSG00000153406,2,0,0,0,0,23.26
ENSG00000126231,31,8,28,25,0,23.255
ENSG00000158850,27,0,21,18,10,23.237
ENSG00000116120,41,0,28,29,17,23.234
ENSG00000123395,38,0,33,29,22,23.227
ENSG00000010244,38,0,42,23,26,23.226
ENSG00000158887,59,0,43,30,9,23.225
ENSG00000067596,40,0,19,44,11,23.221
ENSG00000166454,19,5,19,10,10,23.221
ENSG00000148498,40,0,39,20,3,23.209
ENSG00000115282,38,0,37,26,21,23.2
ENSG00000137804,41,0,37,29,9,23.194
ENSG00000143162,9,0,15,0,5,23.17
ENSG00000166887,19,0,14,15,10,23.166
ENSG00000151632,0,0,0,12,0,23.155
ENSG00000011405,43,0,30,30,19,23.133
ENSG00000119041,16,0,18,9,7,23.133
ENSG00000213995,40,0,30,29,23,23.123
ENSG00000148123,30,0,27,9,20,23.106
ENSG00000075239,26,0,19,14,5,23.105
ENSG00000065060,33,0,30,27,20,23.099
ENSG00000160007,0,0,0,5,0,23.094
ENSG00000253729,40,0,29,27,4,23.07
ENSG00000118046,8,0,2,0,0,23.069
ENSG00000076108,41,0,40,29,11,23.067
ENSG00000135372,25,0,24,24,8,23.052
ENSG00000187688,26,0,31,27,3,23.034
ENSG00000111237,29,0,20,17,5,23.026
ENSG00000135211,35,0,32,20,21,23.024
ENSG00000125733,59,0,72,54,20,23.021
ENSG00000139344,36,0,29,29,9,23.02
ENSG00000186193,31,0,49,8,0,23.004
ENSG00000012061,13,0,21,8,26,23.0
ENSG00000010322,52,0,58,19,9,22.996
ENSG00000197417,35,0,35,42,10,22.99
ENSG00000171307,31,0,26,16,8,22.985
ENSG00000146007,25,0,16,21,8,22.972
ENSG00000179051,36,0,37,16,23,22.96
ENSG00000105968,39,0,32,26,10,22.949
ENSG00000182979,43,0,53,19,5,22.936
ENSG00000126012,36,0,33,20,15,22.932
ENSG00000159592,51,0,46,43,24,22.929
ENSG00000175711,41,6,45,41,35,22.924
ENSG00000112312,66,0,38,81,18,22.923
ENSG00000214087,41,0,39,35,19,22.906
ENSG00000068878,40,0,42,39,18,22.905
ENSG00000136827,20,0,18,8,0,22.905
ENSG00000175931,23,0,23,8,12,22.902
ENSG00000231925,0,0,0,0,0,22.901
ENSG00000161654,50,0,43,46,16,22.884
ENSG00000115561,30,0,23,24,3,22.88
ENSG00000118939,23,0,18,13,9,22.869
ENSG00000101004,25,0,23,17,6,22.865
ENSG00000101407,43,4,31,27,20,22.835
ENSG00000168060,12,0,20,0,0,22.833
ENSG00000166949,80,0,71,88,30,22.824
ENSG00000213676,0,0,0,0,0,22.816
ENSG00000112592,57,0,46,41,28,22.809
ENSG00000107742,25,0,31,0,24,22.804
ENSG00000184454,56,0,40,42,8,22.765
ENSG00000123064,32,0,34,32,7,22.758
ENSG00000138834,37,0,37,21,8,22.728
ENSG00000102390,22,0,15,14,0,22.711
ENSG00000117419,20,0,19,15,4,22.705
ENSG00000205581,43,0,33,30,21,22.686
ENSG00000109917,52,0,54,35,12,22.681
ENSG00000053372,38,0,34,38,14,22.677
ENSG00000169902,36,0,27,9,12,22.665
ENSG00000122376,79,0,49,66,24,22.66
ENSG00000114491,38,0,25,29,15,22.658
ENSG00000113141,29,0,22,25,15,22.654
ENSG00000148335,45,0,56,56,0,22.65
ENSG00000172046,28,0,24,25,7,22.642
ENSG00000149100,32,0,22,18,13,22.635
ENSG00000178927,23,0,23,16,7,22.619
ENSG00000132768,22,0,29,11,5,22.606
ENSG00000174498,27,0,27,25,9,22.601
ENSG00000037474,37,0,26,14,9,22.599
ENSG00000125457,32,0,37,24,9,22.592
ENSG00000186566,52,0,35,31,20,22.592
ENSG00000242114,57,0,46,47,9,22.578
ENSG00000168936,44,0,40,20,4,22.573
ENSG00000177239,31,0,31,30,5,22.572
ENSG00000132471,36,0,34,28,19,22.569
ENSG00000029363,40,0,44,32,20,22.566
ENSG00000095319,38,0,25,23,15,22.561
ENSG00000168256,11,0,4,13,0,22.561
ENSG00000171453,19,0,20,0,14,22.554
ENSG00000127452,28,0,26,23,18,22.539
ENSG00000125676,23,0,19,21,4,22.52
ENSG00000169246,0,0,0,0,0,22.515
ENSG00000116514,31,0,34,25,16,22.514
ENSG00000163191,11,0,15,14,9,22.491
ENSG00000155393,29,0,23,17,11,22.486
ENSG00000171471,0,0,11,0,0,22.479
ENSG00000127526,43,0,34,25,14,22.475
ENSG00000225921,34,0,24,29,18,22.455
ENSG00000015520,68,0,72,51,12,22.454
ENSG00000106605,22,0,23,15,11,22.449
ENSG00000177830,32,0,38,25,5,22.43
ENSG00000101400,25,0,29,0,19,22.428
ENSG00000059588,32,0,22,13,15,22.424
ENSG00000142409,46,0,46,44,6,22.416
ENSG00000140848,19,0,25,0,33,22.392
ENSG00000060656,27,0,37,18,38,22.388
ENSG00000166012,36,0,34,20,13,22.374
ENSG00000172955,16,0,10,20,9,22.374
ENSG00000014216,34,0,33,8,5,22.359
ENSG00000170248,24,0,23,20,5,22.354
ENSG00000172269,26,0,26,29,6,22.352
ENSG00000147416,20,0,22,9,14,22.343
ENSG00000091317,30,0,24,21,13,22.34
ENSG00000182272,22,0,48,16,30,22.309
ENSG00000050426,27,0,22,19,8,22.293
ENSG00000148290,31,0,31,8,4,22.252
ENSG00000111110,40,0,33,21,14,22.245
ENSG00000170322,27,0,18,16,11,22.245
ENSG00000162927,48,5,38,56,20,22.223
ENSG00000256632,41,0,36,15,0,22.218
ENSG00000143811,25,0,17,14,10,22.21
ENSG00000168795,51,0,43,44,19,22.209
ENSG00000102265,8,0,13,0,6,22.208
ENSG00000121060,50,0,46,36,20,22.206
ENSG00000144120,28,0,29,15,30,22.203
ENSG00000172936,70,0,63,65,28,22.2
ENSG00000145901,7,0,13,0,0,22.177
ENSG00000103275,43,0,58,15,11,22.156
ENSG00000197226,23,0,27,2,7,22.148
ENSG00000144231,35,0,35,12,12,22.139
ENSG00000164967,20,0,26,13,8,22.108
ENSG00000067182,63,0,65,59,23,22.106
ENSG00000198265,57,0,52,54,24,22.101
ENSG00000171234,61,0,16,62,4,22.096
ENSG00000136813,39,0,34,30,21,22.091
ENSG00000198363,45,0,26,39,5,22.091
ENSG00000183431,22,0,19,12,8,22.082
ENSG00000103888,10,0,31,0,15,22.081
ENSG00000119787,49,0,44,32,16,22.072
ENSG00000178449,40,0,41,39,8,22.071
ENSG00000025800,21,0,23,21,14,22.061
ENSG00000170638,30,0,38,5,0,22.051
ENSG00000120686,23,0,20,15,10,22.038
ENSG00000042286,29,0,24,34,15,22.036
ENSG00000141720,44,0,30,29,5,22.023
ENSG00000104131,36,0,32,30,10,22.017
ENSG00000169504,45,0,51,39,11,22.016
ENSG00000162734,18,0,19,5,7,21.997
ENSG00000183098,52,0,27,58,18,21.994
ENSG00000163482,22,0,23,17,15,21.99
ENSG00000110713,28,0,25,21,10,21.976
ENSG00000081721,22,0,20,13,9,21.975
ENSG00000052841,29,0,21,17,16,21.973
ENSG00000078061,21,0,18,15,3,21.968
ENSG00000171155,17,0,11,13,0,21.94
ENSG00000105655,27,0,44,7,0,21.933
ENSG00000114125,32,0,17,17,8,21.926
ENSG00000149541,20,0,18,20,5,21.921
ENSG00000102100,30,0,22,21,10,21.91
ENSG00000100296,22,0,17,19,4,21.887
ENSG00000196655,46,0,43,53,21,21.887
ENSG00000160570,57,0,52,42,24,21.877
ENSG00000112494,26,0,8,31,0,21.869
ENSG00000179526,29,0,37,19,8,21.861
ENSG00000079805,31,0,24,12,9,21.846
ENSG00000096092,19,0,21,9,3,21.844
ENSG00000132600,37,0,36,42,22,21.834
ENSG00000174567,19,0,21,15,4,21.832
ENSG00000018510,53,0,29,57,9,21.827
ENSG00000100979,23,0,31,16,18,21.804
ENSG00000185627,36,0,29,24,16,21.799
ENSG00000005486,0,0,0,0,4,21.786
ENSG00000044115,6,0,14,0,28,21.78
ENSG00000196998,28,0,24,32,0,21.776
ENSG00000074276,67,0,58,24,13,21.773
ENSG00000160445,22,0,25,20,11,21.763
ENSG00000085563,0,0,0,0,0,21.758
ENSG00000128789,18,0,28,0,4,21.751
ENSG00000258890,44,0,38,35,20,21.734
ENSG00000120253,52,0,48,36,22,21.72
ENSG00000164305,36,0,27,25,17,21.712
ENSG00000094880,25,0,21,8,6,21.694
ENSG00000115464,45,0,38,33,15,21.69
ENSG00000177479,33,0,32,24,16,21.685
ENSG00000105323,54,0,47,46,17,21.682
ENSG00000167130,60,0,40,20,6,21.682
ENSG00000105186,24,0,45,6,16,21.67
ENSG00000136816,17,0,19,7,3,21.667
ENSG00000185803,22,0,29,18,16,21.661
ENSG00000078140,50,0,33,44,13,21.657
ENSG00000197063,52,0,55,41,6,21.655
ENSG00000108784,52,0,44,56,9,21.648
ENSG00000111845,37,0,29,22,17,21.645
ENSG00000115652,35,0,30,18,16,21.644
ENSG00000111450,21,0,24,8,4,21.643
ENSG00000224470,32,0,21,18,12,21.636
ENSG00000114388,25,0,32,14,12,21.63
ENSG00000254986,22,0,21,32,3,21.614
ENSG00000100644,47,0,30,30,8,21.613
ENSG00000130762,62,0,66,60,8,21.602
ENSG00000136478,27,0,34,22,13,21.6
ENSG00000105647,45,0,39,41,4,21.596
ENSG00000099953,46,0,47,41,4,21.593
ENSG00000102081,49,0,19,35,0,21.584
ENSG00000198176,9,0,29,0,0,21.553
ENSG00000135766,35,0,30,41,20,21.543
ENSG00000186470,30,0,27,21,11,21.535
ENSG00000182319,59,0,57,59,33,21.532
ENSG00000124570,18,0,19,8,22,21.519
ENSG00000184402,61,0,65,48,8,21.514
ENSG00000103769,0,0,0,0,0,21.506
ENSG00000255112,44,0,30,37,13,21.499
ENSG00000115548,32,35,22,22,11,21.496
ENSG00000101019,20,0,15,16,11,21.492
ENSG00000117500,39,0,33,35,11,21.491
ENSG00000094631,41,0,29,29,3,21.483
ENSG00000174238,38,0,50,6,4,21.471
ENSG00000198677,30,0,24,18,13,21.468
ENSG00000115904,59,0,50,59,18,21.457
ENSG00000109083,44,0,33,33,17,21.444
ENSG00000157870,34,0,46,15,0,21.435
ENSG00000131795,25,0,22,22,7,21.431
ENSG00000165526,27,0,19,16,11,21.43
ENSG00000198431,0,0,7,11,0,21.427
ENSG00000134851,38,0,35,28,8,21.407
ENSG00000182606,30,0,29,20,8,21.393
ENSG00000108262,30,0,57,10,41,21.387
ENSG00000113845,36,0,22,16,10,21.381
ENSG00000184160,26,0,50,0,0,21.377
ENSG00000078618,40,0,38,38,21,21.368
ENSG00000160813,37,0,34,47,5,21.356
ENSG00000198732,18,0,12,24,4,21.348
ENSG00000133313,34,12,25,30,16,21.342
ENSG00000033800,30,0,24,14,0,21.327
ENSG00000076685,30,0,23,27,10,21.311
ENSG00000088298,5,0,0,4,0,21.311
ENSG00000182670,46,0,31,47,14,21.299
ENSG00000133265,23,0,27,6,16,21.298
ENSG00000203546,31,0,25,20,14,21.296
ENSG00000156587,24,0,25,3,6,21.295
ENSG00000257218,34,0,28,21,14,21.289
ENSG00000173598,69,0,46,46,22,21.276
ENSG00000175550,35,0,45,16,7,21.275
ENSG00000242616,19,0,20,0,16,21.275
ENSG00000099849,36,0,53,26,6,21.274
ENSG00000120798,16,0,21,13,6,21.27
ENSG00000166908,23,0,20,11,4,21.252
ENSG00000066248,21,0,28,20,9,21.247
ENSG00000167635,32,0,23,25,17,21.23
ENSG00000187189,38,0,23,30,7,21.217
ENSG00000157349,30,0,27,32,9,21.207
ENSG00000114554,14,0,16,0,0,21.2
ENSG00000130158,30,0,34,5,0,21.199
ENSG00000169692,15,0,35,0,59,21.195
ENSG00000065559,31,0,19,20,13,21.193
ENSG00000158373,49,0,41,46,17,21.18
ENSG00000179950,54,8,40,29,10,21.172
ENSG00000102054,36,0,29,24,5,21.17
ENSG00000122729,27,0,21,12,8,21.169
ENSG00000117691,18,0,16,0,12,21.167
ENSG00000185651,0,0,0,0,0,21.166
ENSG00000162191,36,0,31,18,6,21.157
ENSG00000116212,35,0,32,16,8,21.15
ENSG00000144744,39,0,22,18,10,21.145
ENSG00000168310,42,0,37,39,16,21.134
ENSG00000205423,20,0,18,15,11,21.121
ENSG00000167543,40,0,44,10,18,21.119
ENSG00000137692,29,0,25,12,8,21.117
ENSG00000107341,56,0,34,39,7,21.108
ENSG00000153561,27,0,24,26,4,21.1
ENSG00000204469,0,0,0,0,0,21.088
ENSG00000171940,0,0,0,0,0,21.052
ENSG00000241553,33,0,30,23,15,21.047
ENSG00000054793,31,0,28,17,20,21.046
ENSG00000114573,64,0,41,48,22,21.04
ENSG00000131981,3,0,8,0,15,21.04
ENSG00000017797,32,0,32,20,16,21.026
ENSG00000135245,27,0,29,15,9,21.009
ENSG00000149948,68,0,45,63,18,21.0
ENSG00000103335,45,0,70,28,0,20.995
ENSG00000107854,43,0,25,34,16,20.985
ENSG00000197976,0,0,0,0,0,20.98
ENSG00000182327,39,0,24,46,3,20.973
ENSG00000136560,0,0,5,0,0,20.957
ENSG00000145348,33,0,14,28,11,20.949
ENSG00000089050,21,0,17,6,11,20.944
ENSG00000090905,34,0,20,30,18,20.933
ENSG00000196396,37,0,23,18,17,20.933
ENSG00000115204,38,0,32,39,20,20.928
ENSG00000164251,17,0,22,13,6,20.92
ENSG00000087916,28,0,11,27,0,20.91
ENSG00000143799,25,0,28,10,8,20.9
ENSG00000077235,42,0,28,28,22,20.896
ENSG00000106868,37,0,25,25,4,20.896
ENSG00000102158,47,0,26,38,11,20.893
ENSG00000121064,16,0,18,0,35,20.893
ENSG00000136518,23,0,22,16,5,20.876
ENSG00000186529,25,0,35,23,0,20.873
ENSG00000088836,21,0,41,0,44,20.869
ENSG00000173272,55,0,57,34,17,20.869
ENSG00000156709,36,0,22,26,6,20.86
ENSG00000123091,45,0,43,29,28,20.853
ENSG00000180228,28,0,23,25,7,20.852
ENSG00000139579,33,0,35,23,15,20.844
ENSG00000144711,0,0,0,0,0,20.834
ENSG00000125850,0,0,29,0,78,20.826
ENSG00000126746,40,0,31,22,13,20.804
ENSG00000079462,13,0,13,7,3,20.787
ENSG00000040633,78,0,64,64,16,20.781
ENSG00000134690,46,0,48,29,25,20.773
ENSG00000178921,36,0,31,32,18,20.77
ENSG00000124103,0,20,0,0,0,20.761
ENSG00000256500,39,0,35,34,12,20.761
ENSG00000133678,24,0,22,14,14,20.739
ENSG00000135521,29,0,20,24,16,20.732
ENSG00000152683,32,0,26,20,14,20.717
ENSG00000117868,44,0,38,42,6,20.713
ENSG00000154174,49,0,54,41,19,20.713
ENSG00000198951,20,0,18,10,0,20.712
ENSG00000073067,39,0,42,47,2,20.706
ENSG00000163382,19,0,17,15,0,20.695
ENSG00000100883,46,0,45,36,29,20.694
ENSG00000167196,29,0,25,19,8,20.68
ENSG00000164402,20,0,15,46,6,20.677
ENSG00000162434,29,0,29,14,7,20.668
ENSG00000108474,59,0,47,50,21,20.665
ENSG00000117523,28,0,22,22,18,20.658
ENSG00000179604,48,0,53,39,47,20.63
ENSG00000182749,34,0,44,39,5,20.626
ENSG00000107929,47,0,35,32,6,20.619
ENSG00000255432,41,0,31,28,10,20.596
ENSG00000150712,44,0,32,49,10,20.595
ENSG00000196975,46,0,37,36,17,20.593
ENSG00000177963,55,0,50,41,19,20.592
ENSG00000130684,19,15,20,17,14,20.586
ENSG00000155287,44,0,32,30,6,20.586
ENSG00000111605,37,0,22,15,11,20.58
ENSG00000101052,22,0,21,19,6,20.57
ENSG00000119402,35,0,24,26,16,20.567
ENSG00000163166,37,7,34,26,36,20.567
ENSG00000090539,41,0,45,31,22,20.564
ENSG00000125166,26,0,22,14,14,20.561
ENSG00000100403,36,0,26,27,8,20.547
ENSG00000172939,40,0,29,30,3,20.53
ENSG00000049239,47,0,34,38,15,20.51
ENSG00000088205,22,0,12,17,9,20.507
ENSG00000198752,35,0,33,8,0,20.507
ENSG00000126214,39,0,35,34,11,20.505
ENSG00000172081,38,0,38,16,0,20.49
ENSG00000129055,37,0,28,27,5,20.474
ENSG00000143819,36,0,36,44,0,20.467
ENSG00000114480,30,0,24,29,3,20.461
ENSG00000198917,16,0,20,13,3,20.453
ENSG00000148187,34,0,18,21,14,20.451
ENSG00000079950,26,0,17,20,7,20.45
ENSG00000149809,37,0,39,18,7,20.446
ENSG00000244509,16,0,27,12,9,20.446
ENSG00000141560,32,0,42,19,10,20.441
ENSG00000128283,64,0,55,54,7,20.425
ENSG00000099246,23,0,21,15,15,20.419
ENSG00000259066,34,0,30,22,5,20.418
ENSG00000084092,58,3,68,45,28,20.417
ENSG00000170899,28,0,26,19,5,20.407
ENSG00000067829,35,0,36,22,6,20.405
ENSG00000141030,34,0,21,20,11,20.405
ENSG00000131016,5,0,20,0,34,20.403
ENSG00000163872,35,0,32,10,5,20.401
ENSG00000108846,41,0,35,32,34,20.4
ENSG00000095321,37,0,38,26,20,20.374
ENSG00000155561,17,0,17,13,10,20.358
ENSG00000131149,52,0,64,42,0,20.347
ENSG00000187097,37,0,26,64,5,20.332
ENSG00000058804,16,15,19,17,6,20.324
ENSG00000111276,58,0,56,57,34,20.322
ENSG00000204264,0,0,0,0,0,20.319
ENSG00000113194,33,0,30,25,15,20.31
ENSG00000165915,35,0,37,18,9,20.306
ENSG00000159674,24,0,23,12,0,20.288
ENSG00000137221,28,0,18,14,4,20.27
ENSG00000109736,28,0,40,24,9,20.269
ENSG00000115661,45,0,44,37,14,20.269
ENSG00000106348,31,0,47,0,31,20.26
ENSG00000124380,30,7,19,13,12,20.25
ENSG00000160679,52,0,44,52,3,20.244
ENSG00000243509,6,0,13,0,0,20.242
ENSG00000175854,38,0,30,21,13,20.233
ENSG00000164414,18,0,17,11,10,20.23
ENSG00000064490,29,0,30,23,14,20.224
ENSG00000072803,35,0,30,29,23,20.213
ENSG00000117640,43,0,35,35,17,20.207
ENSG00000176907,49,0,13,65,9,20.204
ENSG00000114738,16,0,27,3,8,20.203
ENSG00000115109,36,0,38,33,17,20.203
ENSG00000142945,42,0,27,28,11,20.185
ENSG00000112146,5,6,0,16,0,20.184
ENSG00000171792,29,0,27,27,13,20.184
ENSG00000128928,24,0,23,12,4,20.18
ENSG00000007080,20,0,22,16,8,20.179
ENSG00000181904,30,0,18,18,0,20.178
ENSG00000214717,0,0,0,0,0,20.174
ENSG00000241973,34,0,30,15,10,20.166
ENSG00000197102,60,0,52,21,9,20.154
ENSG00000076944,22,0,22,6,0,20.148
ENSG00000147535,27,0,24,27,13,20.141
ENSG00000248487,47,0,53,38,13,20.141
ENSG00000069345,31,0,26,31,8,20.14
ENSG00000174243,27,0,29,14,14,20.138
ENSG00000140157,29,0,29,20,7,20.132
ENSG00000130528,33,0,50,3,0,20.125
ENSG00000064726,33,0,27,13,3,20.124
ENSG00000127054,33,0,32,15,3,20.121
ENSG00000124228,29,0,30,19,9,20.114
ENSG00000166946,17,0,16,13,6,20.084
ENSG00000010017,51,0,37,41,20,20.078
ENSG00000073969,0,0,0,0,0,20.076
ENSG00000146729,18,0,28,11,7,20.075
ENSG00000152492,38,0,30,30,16,20.07
ENSG00000176014,11,6,29,0,38,20.044
ENSG00000147526,8,0,6,0,0,20.042
ENSG00000137504,24,0,25,0,20,20.016
ENSG00000122786,0,0,0,0,0,20.011
ENSG00000005187,34,0,39,0,9,20.004
ENSG00000183723,25,0,23,6,19,20.002
ENSG00000153560,53,0,37,35,11,19.992
ENSG00000164056,57,0,47,56,31,19.99
ENSG00000047932,29,5,18,20,8,19.984
ENSG00000143753,0,0,0,0,0,19.955
ENSG00000147669,34,0,24,15,13,19.955
ENSG00000156873,29,0,21,28,0,19.95
ENSG00000011275,19,0,19,14,3,19.944
ENSG00000100852,47,0,34,38,28,19.942
ENSG00000050820,59,0,71,36,4,19.941
ENSG00000169410,31,0,26,24,15,19.93
ENSG00000180530,63,0,40,50,19,19.928
ENSG00000136436,16,0,18,10,11,19.924
ENSG00000130511,46,0,59,15,3,19.923
ENSG00000125398,71,0,66,46,29,19.914
ENSG00000185475,45,0,45,28,8,19.91
ENSG00000115053,8,0,11,0,31,19.906
ENSG00000076513,55,0,36,44,11,19.892
ENSG00000258728,32,0,29,36,11,19.878
ENSG00000166507,23,0,17,11,7,19.877
ENSG00000137942,36,0,32,22,13,19.872
ENSG00000115226,36,0,33,25,13,19.871
ENSG00000114854,55,0,58,19,9,19.859
ENSG00000198715,37,0,29,33,4,19.845
ENSG00000125821,17,0,17,5,3,19.841
ENSG00000213347,37,0,33,16,0,19.841
ENSG00000213977,35,0,33,31,18,19.839
ENSG00000075618,34,0,53,0,11,19.829
ENSG00000152382,21,0,28,22,7,19.817
ENSG00000213648,0,0,0,0,0,19.804
ENSG00000135698,20,0,18,11,29,19.785
ENSG00000085719,0,0,0,0,0,19.778
ENSG00000159023,33,0,33,31,4,19.777
ENSG00000255835,25,0,17,14,10,19.776
ENSG00000018699,14,0,19,11,7,19.761
ENSG00000100418,38,0,32,39,21,19.761
ENSG00000167930,25,0,31,19,11,19.761
ENSG00000134824,31,0,27,27,17,19.759
ENSG00000123472,0,0,0,0,0,19.758
ENSG00000125503,32,0,33,16,8,19.757
ENSG00000155090,65,0,51,47,22,19.748
ENSG00000159692,41,19,51,27,6,19.745
ENSG00000171148,32,0,32,23,14,19.728
ENSG00000165782,27,0,19,15,7,19.727
ENSG00000173171,36,0,33,23,17,19.727
ENSG00000175970,23,0,22,10,8,19.695
ENSG00000205155,64,0,64,46,17,19.695
ENSG00000132383,33,0,24,21,10,19.693
ENSG00000164741,0,0,0,0,13,19.681
ENSG00000111802,39,16,25,23,14,19.68
ENSG00000100284,34,0,27,33,11,19.673
ENSG00000155304,30,0,21,22,13,19.669
ENSG00000168283,58,0,56,24,16,19.668
ENSG00000184007,10,0,14,2,0,19.668
ENSG00000148358,22,0,25,20,7,19.66
ENSG00000183513,60,0,30,29,20,19.656
ENSG00000183793,0,0,0,0,0,19.649
ENSG00000007866,38,0,41,21,37,19.642
ENSG00000165704,22,0,17,7,0,19.641
ENSG00000178026,43,0,36,22,0,19.64
ENSG00000168884,30,0,34,19,10,19.636
ENSG00000012504,44,0,23,39,0,19.634
ENSG00000167693,38,0,39,17,0,19.626
ENSG00000120008,25,8,18,11,11,19.618
ENSG00000136527,55,0,28,30,16,19.607
ENSG00000104613,30,0,22,29,3,19.601
ENSG00000156026,34,0,15,17,6,19.595
ENSG00000092871,31,0,26,24,11,19.594
ENSG00000143970,40,0,24,39,12,19.593
ENSG00000145730,21,0,25,7,21,19.591
ENSG00000033100,37,0,37,16,24,19.586
ENSG00000173473,45,0,37,37,22,19.563
ENSG00000163026,62,0,36,50,24,19.534
ENSG00000136848,0,0,0,0,72,19.533
ENSG00000151491,32,0,25,20,16,19.532
ENSG00000117054,35,0,26,33,4,19.531
ENSG00000134202,18,0,17,9,6,19.53
ENSG00000168411,29,0,26,20,5,19.527
ENSG00000015532,22,0,27,5,25,19.523
ENSG00000135945,39,0,31,23,19,19.523
ENSG00000088280,24,0,28,12,4,19.518
ENSG00000129493,36,0,22,26,16,19.518
ENSG00000116698,43,0,35,37,16,19.515
ENSG00000158806,26,0,25,32,10,19.507
ENSG00000100116,58,0,58,50,16,19.503
ENSG00000244274,19,10,22,0,14,19.497
ENSG00000162298,32,0,37,26,13,19.492
ENSG00000035403,34,0,25,22,3,19.49
ENSG00000073417,47,0,45,32,26,19.489
ENSG00000138449,23,0,23,10,18,19.487
ENSG00000110422,45,0,28,30,21,19.485
ENSG00000170425,33,0,45,10,13,19.479
ENSG00000162836,25,0,20,15,7,19.473
ENSG00000095380,32,0,29,41,5,19.465
ENSG00000057019,32,0,22,19,10,19.453
ENSG00000138434,36,0,22,24,15,19.436
ENSG00000258315,60,0,51,38,22,19.419
ENSG00000234127,0,0,0,0,0,19.416
ENSG00000011260,56,0,42,36,22,19.413
ENSG00000163110,41,0,31,44,14,19.403
ENSG00000160633,71,0,41,41,23,19.399
ENSG00000105639,28,0,27,18,0,19.397
ENSG00000113649,24,0,16,16,9,19.39
ENSG00000172586,55,0,44,33,19,19.389
ENSG00000161574,20,0,21,33,10,19.381
ENSG00000082898,47,0,36,44,21,19.372
ENSG00000177576,51,0,33,32,7,19.371
ENSG00000257315,23,0,18,15,8,19.359
ENSG00000258472,0,0,0,0,0,19.353
ENSG00000134058,24,0,23,24,16,19.34
ENSG00000001629,42,0,27,24,20,19.331
ENSG00000241258,40,0,23,35,6,19.324
ENSG00000180758,30,0,36,16,12,19.322
ENSG00000102287,39,0,44,42,12,19.319
ENSG00000138660,34,0,27,27,10,19.311
ENSG00000167515,29,0,29,8,7,19.307
ENSG00000172466,34,0,27,28,10,19.304
ENSG00000092020,31,0,28,25,17,19.293
ENSG00000148200,54,0,42,31,23,19.277
ENSG00000164331,35,0,21,23,17,19.277
ENSG00000075426,75,0,64,69,49,19.26
ENSG00000164022,72,0,37,71,23,19.234
ENSG00000185127,42,0,23,23,19,19.232
ENSG00000101452,21,0,18,16,9,19.231
ENSG00000099901,53,0,45,28,13,19.23
ENSG00000110871,61,0,53,48,11,19.23
ENSG00000148572,24,0,22,27,6,19.23
ENSG00000100603,29,0,21,20,13,19.229
ENSG00000012822,18,0,16,6,10,19.217
ENSG00000186591,46,0,41,51,21,19.212
ENSG00000163536,39,0,31,26,11,19.205
ENSG00000060339,21,0,20,20,10,19.185
ENSG00000124529,42,0,27,47,13,19.176
ENSG00000143393,32,0,24,21,11,19.17
ENSG00000127995,42,0,27,43,5,19.16
ENSG00000162066,71,0,63,51,2,19.151
ENSG00000105325,32,0,39,29,8,19.146
ENSG00000213886,0,0,0,0,0,19.144
ENSG00000167112,34,0,30,26,18,19.14
ENSG00000094914,47,0,44,28,22,19.139
ENSG00000132879,37,0,38,25,7,19.133
ENSG00000068079,31,0,17,49,7,19.127
ENSG00000151332,27,0,20,21,15,19.118
ENSG00000150459,28,0,25,21,6,19.114
ENSG00000117139,56,0,55,26,20,19.099
ENSG00000103404,36,0,32,17,26,19.097
ENSG00000169750,19,0,19,2,0,19.096
ENSG00000169599,24,0,21,18,12,19.078
ENSG00000213928,18,0,15,23,7,19.076
ENSG00000160131,31,0,21,26,3,19.06
ENSG00000136371,25,0,17,24,6,19.056
ENSG00000244115,42,0,38,21,16,19.051
ENSG00000141219,33,0,36,30,24,19.045
ENSG00000214113,35,0,31,27,17,19.04
ENSG00000161513,34,0,32,19,13,19.035
ENSG00000107185,47,0,46,41,25,19.029
ENSG00000107672,24,9,19,19,5,19.028
ENSG00000136159,22,0,17,19,10,19.025
ENSG00000259024,17,0,12,11,0,19.024
ENSG00000198816,20,0,18,8,2,19.02
ENSG00000144867,0,0,0,0,0,19.016
ENSG00000197858,57,0,57,29,21,19.012
ENSG00000007255,41,0,43,22,10,19.007
ENSG00000090621,44,0,40,31,14,18.984
ENSG00000160310,28,0,18,18,10,18.98
ENSG00000110536,26,0,19,16,7,18.973
ENSG00000102743,44,0,32,42,11,18.97
ENSG00000171566,21,0,13,17,4,18.965
ENSG00000256950,30,0,17,30,6,18.958
ENSG00000019582,19,0,23,18,9,18.956
ENSG00000181625,0,0,0,0,0,18.95
ENSG00000129103,12,0,15,33,5,18.949
ENSG00000171105,26,0,29,15,21,18.934
ENSG00000111358,28,0,22,18,13,18.927
ENSG00000125868,35,0,24,22,5,18.915
ENSG00000130810,29,0,33,13,15,18.905
ENSG00000116679,45,0,27,37,12,18.904
ENSG00000166275,37,0,28,45,3,18.898
ENSG00000117543,24,0,16,19,12,18.893
ENSG00000171729,48,4,48,41,3,18.893
ENSG00000008324,24,0,17,14,6,18.891
ENSG00000167615,47,0,38,32,23,18.891
ENSG00000084070,0,4,4,0,0,18.89
ENSG00000117859,0,0,0,0,5,18.884
ENSG00000006453,38,0,28,12,3,18.878
ENSG00000096070,31,0,28,19,8,18.873
ENSG00000144959,35,0,22,23,15,18.865
ENSG00000171298,25,0,35,10,34,18.858
ENSG00000171161,31,0,27,21,4,18.841
ENSG00000204348,0,0,0,0,0,18.839
ENSG00000123607,45,0,17,20,5,18.836
ENSG00000143977,41,0,32,30,12,18.83
ENSG00000134986,0,0,0,0,0,18.816
ENSG00000126858,28,0,19,12,12,18.791
ENSG00000131871,25,0,23,15,10,18.772
ENSG00000134452,39,0,41,27,12,18.772
ENSG00000177105,30,0,25,8,5,18.762
ENSG00000188976,40,0,45,9,9,18.756
ENSG00000185246,36,0,24,13,12,18.751
ENSG00000076248,43,0,39,23,3,18.736
ENSG00000167447,36,0,25,17,10,18.721
ENSG00000198815,40,0,26,33,23,18.72
ENSG00000108506,23,0,16,14,10,18.704
ENSG00000169062,36,0,30,25,6,18.701
ENSG00000102974,48,0,32,34,13,18.7
ENSG00000170779,44,0,34,30,9,18.699
ENSG00000155097,29,0,18,20,12,18.694
ENSG00000104081,45,0,58,35,9,18.691
ENSG00000242612,61,0,65,50,3,18.686
ENSG00000145191,28,0,25,17,14,18.684
ENSG00000196950,0,0,0,0,0,18.683
ENSG00000134375,22,0,18,16,8,18.682
ENSG00000110107,36,0,25,19,7,18.681
ENSG00000100288,0,0,22,0,5,18.675
ENSG00000075651,60,0,37,56,6,18.669
ENSG00000066651,34,0,15,31,13,18.668
ENSG00000101132,29,3,23,17,36,18.656
ENSG00000115091,48,0,27,60,10,18.654
ENSG00000114054,40,0,21,23,0,18.652
ENSG00000204070,53,0,52,33,9,18.651
ENSG00000179294,34,0,39,5,16,18.639
ENSG00000182985,57,0,49,49,23,18.638
ENSG00000006282,58,0,63,43,10,18.635
ENSG00000124641,53,0,41,32,27,18.63
ENSG00000170473,41,0,45,24,12,18.594
ENSG00000103550,31,0,30,17,21,18.593
ENSG00000168101,23,0,28,11,0,18.585
ENSG00000100344,40,0,40,30,7,18.558
ENSG00000139514,29,0,23,16,8,18.549
ENSG00000162878,58,0,53,38,53,18.544
ENSG00000163719,25,0,17,5,0,18.529
ENSG00000186635,31,0,26,24,4,18.529
ENSG00000189403,54,0,21,41,16,18.529
ENSG00000102572,47,0,32,35,9,18.522
ENSG00000120709,35,0,29,14,13,18.52
ENSG00000181513,61,0,72,49,10,18.517
ENSG00000186918,6,0,21,4,22,18.515
ENSG00000124486,62,0,44,45,2,18.509
ENSG00000119048,50,0,38,43,17,18.503
ENSG00000166822,33,0,22,18,6,18.499
ENSG00000107862,52,0,44,11,32,18.49
ENSG00000116957,29,0,21,14,6,18.49
ENSG00000188211,37,0,29,29,10,18.487
ENSG00000135974,38,0,25,37,19,18.478
ENSG00000149743,41,0,51,25,9,18.473
ENSG00000187735,42,0,25,45,11,18.465
ENSG00000124160,28,0,21,18,9,18.459
ENSG00000114767,37,0,30,26,6,18.456
ENSG00000138175,35,0,35,30,6,18.444
ENSG00000159228,13,9,11,7,0,18.43
ENSG00000160180,10,0,29,9,5,18.427
ENSG00000196187,53,0,59,43,12,18.415
ENSG00000197771,43,0,30,41,7,18.412
ENSG00000144524,40,0,34,23,12,18.411
ENSG00000136908,27,0,23,15,8,18.41
ENSG00000066136,41,0,19,30,9,18.392
ENSG00000188153,30,0,27,13,8,18.378
ENSG00000137478,45,0,35,52,14,18.375
ENSG00000205138,26,0,27,21,5,18.37
ENSG00000116237,19,0,22,11,0,18.369
ENSG00000054116,36,0,43,10,6,18.365
ENSG00000213699,28,0,29,16,9,18.361
ENSG00000082996,24,0,24,27,14,18.359
ENSG00000108510,42,0,24,23,13,18.358
ENSG00000119638,27,0,24,27,6,18.355
ENSG00000086666,37,0,26,30,7,18.352
ENSG00000057757,50,0,24,36,7,18.34
ENSG00000112983,32,0,24,26,21,18.335
ENSG00000196730,30,0,26,25,18,18.331
ENSG00000110011,64,0,79,25,11,18.305
ENSG00000139180,27,0,21,13,14,18.291
ENSG00000113716,37,0,29,35,13,18.288
ENSG00000049089,37,0,43,39,14,18.28
ENSG00000148300,50,0,47,28,16,18.277
ENSG00000100526,24,0,20,21,8,18.272
ENSG00000137038,0,47,0,0,0,18.271
ENSG00000132388,31,0,32,21,4,18.26
ENSG00000122971,23,0,20,8,4,18.243
ENSG00000122642,21,0,23,23,5,18.227
ENSG00000136444,28,0,21,17,3,18.218
ENSG00000204220,0,0,0,0,0,18.211
ENSG00000165609,46,0,34,30,26,18.204
ENSG00000140416,34,0,30,30,11,18.203
ENSG00000166575,47,0,33,44,15,18.203
ENSG00000185591,20,0,21,21,0,18.184
ENSG00000168005,37,0,31,15,0,18.171
ENSG00000175283,38,0,26,23,15,18.171
ENSG00000162601,22,0,12,13,10,18.16
ENSG00000204228,0,0,0,0,0,18.159
ENSG00000088256,55,0,56,31,8,18.157
ENSG00000140961,19,0,51,10,15,18.157
ENSG00000148730,32,0,28,19,7,18.149
ENSG00000116649,28,0,28,18,13,18.148
ENSG00000172339,36,0,18,47,10,18.144
ENSG00000171604,64,0,73,40,8,18.131
ENSG00000055483,43,0,42,31,7,18.13
ENSG00000136840,27,0,42,5,6,18.125
ENSG00000028528,64,0,47,43,34,18.097
ENSG00000128829,17,0,24,14,11,18.079
ENSG00000140093,41,0,33,69,6,18.078
ENSG00000197409,65,0,56,67,30,18.067
ENSG00000100364,48,0,46,11,0,18.058
ENSG00000139637,45,0,34,40,21,18.049
ENSG00000159147,31,0,25,27,9,18.028
ENSG00000167264,27,0,15,0,25,18.017
ENSG00000161904,26,0,24,16,18,18.004
ENSG00000258210,21,0,16,17,5,18.002
ENSG00000171634,35,0,40,10,40,17.999
ENSG00000186222,30,0,24,15,9,17.969
ENSG00000101109,34,0,22,18,14,17.959
ENSG00000130956,36,0,29,28,13,17.957
ENSG00000126107,42,0,38,27,15,17.947
ENSG00000077809,66,0,53,75,16,17.945
ENSG00000176658,20,0,21,0,3,17.94
ENSG00000164182,31,0,25,23,16,17.933
ENSG00000105612,18,17,32,0,9,17.931
ENSG00000151093,31,0,21,16,0,17.928
ENSG00000111412,36,0,26,30,11,17.925
ENSG00000258366,45,0,45,18,14,17.912
ENSG00000155189,48,0,31,34,6,17.896
ENSG00000187243,0,0,0,0,0,17.878
ENSG00000110917,57,0,39,49,8,17.87
ENSG00000104946,49,0,42,45,20,17.861
ENSG00000060688,34,0,31,20,18,17.86
ENSG00000188486,36,0,39,22,4,17.852
ENSG00000226232,0,0,0,0,0,17.852
ENSG00000102226,28,0,16,33,5,17.85
ENSG00000132780,37,0,37,20,10,17.845
ENSG00000076242,51,0,31,37,17,17.843
ENSG00000104671,34,0,33,28,18,17.841
ENSG00000070413,30,0,37,13,32,17.84
ENSG00000121774,40,0,29,27,13,17.837
ENSG00000198408,53,0,43,44,22,17.823
ENSG00000086589,27,0,16,16,15,17.822
ENSG00000117616,29,0,24,15,10,17.82
ENSG00000132207,3,0,3,0,0,17.818
ENSG00000108406,11,0,13,5,7,17.813
ENSG00000154582,55,0,47,42,20,17.811
ENSG00000107816,51,0,46,57,19,17.806
ENSG00000241399,23,0,14,6,5,17.803
ENSG00000133895,17,0,21,13,0,17.796
ENSG00000136738,42,0,25,44,17,17.794
ENSG00000138386,30,0,28,15,13,17.794
ENSG00000154545,0,0,0,0,0,17.792
ENSG00000121644,31,0,21,16,12,17.788
ENSG00000164163,31,19,26,26,19,17.783
ENSG00000073536,14,0,17,7,16,17.781
ENSG00000072310,71,0,75,82,0,17.775
ENSG00000102886,11,0,19,8,0,17.775
ENSG00000067955,36,0,29,25,13,17.77
ENSG00000169432,46,0,20,39,12,17.77
ENSG00000014824,31,0,26,22,19,17.768
ENSG00000187017,0,0,26,0,80,17.748
ENSG00000104859,28,0,20,16,12,17.737
ENSG00000132153,27,0,25,18,11,17.729
ENSG00000122257,58,0,43,33,15,17.723
ENSG00000137767,19,3,18,7,5,17.722
ENSG00000134590,13,0,17,0,3,17.721
ENSG00000183751,29,0,29,18,9,17.721
ENSG00000079819,53,0,39,42,8,17.72
ENSG00000132142,32,0,26,23,9,17.72
ENSG00000100982,30,0,30,25,15,17.713
ENSG00000055211,27,0,28,9,12,17.7
ENSG00000117748,12,0,17,8,4,17.698
ENSG00000120942,50,0,23,44,10,17.689
ENSG00000065802,39,10,35,31,16,17.686
ENSG00000178401,29,0,66,16,47,17.673
ENSG00000122557,32,0,25,21,12,17.67
ENSG00000128645,44,0,34,32,22,17.669
ENSG00000164631,49,0,32,22,8,17.661
ENSG00000106723,28,0,26,13,3,17.657
ENSG00000008513,49,0,49,36,7,17.641
ENSG00000167110,38,0,32,21,13,17.639
ENSG00000112234,35,2,19,29,9,17.635
ENSG00000157954,28,5,24,11,5,17.622
ENSG00000136231,88,0,79,87,36,17.616
ENSG00000116752,20,0,15,19,7,17.606
ENSG00000105618,25,0,28,16,12,17.599
ENSG00000205571,5,0,5,0,0,17.598
ENSG00000163320,32,0,22,18,9,17.595
ENSG00000107968,64,0,57,55,24,17.589
ENSG00000166855,39,0,32,30,9,17.587
ENSG00000124532,36,0,27,14,10,17.586
ENSG00000109016,21,0,20,12,15,17.579
ENSG00000138759,47,0,38,39,29,17.574
ENSG00000048162,36,0,30,26,17,17.571
ENSG00000152684,35,0,18,36,11,17.568
ENSG00000134717,45,0,34,36,25,17.567
ENSG00000151012,50,0,35,35,16,17.563
ENSG00000198780,50,0,35,61,12,17.562
ENSG00000240230,74,0,65,87,20,17.56
ENSG00000110442,13,0,18,6,29,17.552
ENSG00000110717,39,0,31,29,4,17.55
ENSG00000135111,63,0,59,59,32,17.534
ENSG00000025770,35,0,33,17,11,17.532
ENSG00000185298,37,0,35,25,14,17.525
ENSG00000177879,56,0,34,40,15,17.517
ENSG00000177469,27,0,31,11,7,17.512
ENSG00000204160,37,0,31,11,9,17.508
ENSG00000164329,28,14,26,22,10,17.494
ENSG00000105976,26,0,21,18,12,17.49
ENSG00000162959,36,0,41,44,6,17.487
ENSG00000151500,24,0,20,6,6,17.486
ENSG00000129128,38,0,21,19,12,17.47
ENSG00000178537,29,0,31,21,10,17.466
ENSG00000158717,53,0,42,25,12,17.459
ENSG00000134759,48,0,42,22,18,17.456
ENSG00000171824,25,0,17,14,10,17.451
ENSG00000183527,32,0,23,30,7,17.449
ENSG00000257365,20,0,17,17,10,17.449
ENSG00000239857,26,0,29,31,0,17.446
ENSG00000063978,3,0,21,0,38,17.44
ENSG00000170802,40,0,33,41,12,17.433
ENSG00000092445,26,0,28,3,21,17.432
ENSG00000163541,32,0,20,21,17,17.415
ENSG00000132432,36,0,27,22,31,17.406
ENSG00000171570,27,0,28,27,6,17.406
ENSG00000135317,32,0,28,27,11,17.4
ENSG00000166140,22,0,22,18,15,17.393
ENSG00000011485,28,0,25,13,9,17.386
ENSG00000164978,31,0,26,29,5,17.385
ENSG00000118518,35,0,23,24,16,17.378
ENSG00000176422,26,0,20,11,8,17.377
ENSG00000119326,28,0,22,26,13,17.375
ENSG00000007392,29,0,25,15,14,17.373
ENSG00000105856,39,0,26,35,10,17.373
ENSG00000164125,53,0,41,48,0,17.371
ENSG00000198663,22,0,17,19,13,17.364
ENSG00000127511,26,0,25,6,13,17.362
ENSG00000171163,45,0,43,24,16,17.361
ENSG00000169251,0,0,0,0,0,17.351
ENSG00000165264,26,0,13,16,9,17.348
ENSG00000144746,38,0,26,13,6,17.341
ENSG00000146085,33,0,19,23,17,17.34
ENSG00000162300,33,0,25,18,12,17.34
ENSG00000113387,26,0,12,38,0,17.321
ENSG00000132382,34,0,27,18,3,17.319
ENSG00000119396,0,0,0,0,5,17.318
ENSG00000149573,27,0,26,0,21,17.307
ENSG00000198722,32,0,18,16,12,17.307
ENSG00000103067,41,0,47,41,18,17.305
ENSG00000184384,52,0,51,42,18,17.305
ENSG00000173039,32,0,30,26,13,17.299
ENSG00000180370,26,0,22,29,15,17.288
ENSG00000145703,38,0,36,47,3,17.283
ENSG00000134086,37,0,36,25,4,17.279
ENSG00000249915,32,0,30,11,0,17.273
ENSG00000165699,34,0,24,20,8,17.259
ENSG00000120896,10,0,12,10,0,17.247
ENSG00000116260,49,0,33,21,51,17.245
ENSG00000256269,26,0,19,23,11,17.244
ENSG00000165355,41,0,33,31,29,17.229
ENSG00000106635,34,0,28,20,9,17.227
ENSG00000213160,26,0,18,17,11,17.226
ENSG00000162882,46,0,48,53,16,17.221
ENSG00000204371,0,0,0,0,0,17.219
ENSG00000005007,38,0,33,34,13,17.216
ENSG00000122952,24,0,26,13,10,17.212
ENSG00000106080,61,0,36,38,18,17.21
ENSG00000164647,18,0,15,12,2,17.201
ENSG00000112531,72,0,49,61,18,17.199
ENSG00000149742,27,0,14,28,5,17.195
ENSG00000125652,20,0,22,17,0,17.191
ENSG00000068097,25,0,23,8,13,17.189
ENSG00000102178,34,0,41,16,0,17.18
ENSG00000009335,31,0,34,16,5,17.168
ENSG00000116670,0,0,11,0,63,17.151
ENSG00000139675,24,0,21,13,13,17.15
ENSG00000166803,20,0,19,15,10,17.147
ENSG00000167258,58,0,54,34,21,17.145
ENSG00000213782,15,0,17,10,11,17.138
ENSG00000137509,0,0,0,0,0,17.135
ENSG00000198099,9,9,0,37,0,17.135
ENSG00000071994,26,2,23,18,16,17.129
ENSG00000240857,29,4,20,19,4,17.118
ENSG00000092208,29,0,21,9,11,17.116
ENSG00000174307,25,0,37,19,26,17.114
ENSG00000023041,27,0,23,22,18,17.094
ENSG00000189143,0,0,0,0,5,17.085
ENSG00000184979,28,0,27,29,7,17.076
ENSG00000181852,33,0,37,23,14,17.074
ENSG00000149930,28,0,30,30,14,17.051
ENSG00000103043,23,13,18,9,8,17.035
ENSG00000155975,55,0,32,33,15,17.034
ENSG00000204427,0,0,0,0,0,17.034
ENSG00000164244,26,0,19,16,15,17.032
ENSG00000168394,0,0,0,0,0,17.026
ENSG00000171130,29,0,25,18,7,17.026
ENSG00000130560,23,0,28,5,23,17.023
ENSG00000169188,22,0,18,15,3,17.016
ENSG00000114021,17,0,22,12,3,17.011
ENSG00000087365,30,0,34,19,54,17.01
ENSG00000153339,0,0,0,0,0,17.009
ENSG00000162972,40,0,35,30,18,17.006
ENSG00000137054,30,0,27,18,7,17.001
ENSG00000121579,63,0,41,50,22,16.988
ENSG00000135596,0,0,0,0,0,16.983
ENSG00000204569,0,0,0,0,0,16.971
ENSG00000108106,19,0,29,13,4,16.97
ENSG00000008294,55,0,44,30,27,16.96
ENSG00000241878,28,0,32,24,16,16.959
ENSG00000034152,56,0,56,50,34,16.946
ENSG00000187990,31,0,35,26,6,16.944
ENSG00000168092,32,0,27,24,10,16.934
ENSG00000213599,3,0,3,0,0,16.922
ENSG00000100297,30,0,27,39,0,16.919
ENSG00000228049,0,0,0,0,0,16.917
ENSG00000129968,39,0,34,9,11,16.905
ENSG00000197323,55,0,40,37,15,16.897
ENSG00000155256,24,0,20,14,25,16.896
ENSG00000187736,19,0,17,6,0,16.894
ENSG00000117153,20,0,17,15,12,16.888
ENSG00000100811,57,0,43,41,8,16.884
ENSG00000090565,36,0,46,10,16,16.882
ENSG00000182704,50,1,52,41,4,16.855
ENSG00000121073,32,0,19,16,10,16.851
ENSG00000137947,44,0,35,31,12,16.851
ENSG00000133315,24,0,30,20,5,16.823
ENSG00000141084,31,0,29,26,17,16.823
ENSG00000062822,22,0,21,13,7,16.82
ENSG00000136146,34,0,19,27,12,16.817
ENSG00000141279,4,0,0,0,0,16.799
ENSG00000033050,32,0,30,14,16,16.796
ENSG00000100697,34,0,25,22,5,16.795
ENSG00000090266,0,0,0,0,0,16.794
ENSG00000175221,17,0,22,13,0,16.792
ENSG00000072401,19,0,16,10,14,16.779
ENSG00000167674,45,0,42,32,2,16.779
ENSG00000189339,12,0,15,3,5,16.769
ENSG00000172594,43,0,29,44,31,16.761
ENSG00000197114,35,0,35,27,14,16.749
ENSG00000113504,30,0,46,27,47,16.745
ENSG00000126003,58,0,32,33,17,16.745
ENSG00000006652,17,0,3,18,0,16.744
ENSG00000148337,8,0,28,0,32,16.73
ENSG00000182500,36,0,33,24,3,16.725
ENSG00000148218,38,0,31,35,4,16.724
ENSG00000030066,27,0,17,20,14,16.723
ENSG00000013523,4,0,12,9,3,16.722
ENSG00000168958,36,18,22,24,13,16.712
ENSG00000004897,29,0,19,14,11,16.708
ENSG00000140382,41,0,28,31,17,16.708
ENSG00000213079,41,0,38,23,12,16.708
ENSG00000198793,33,0,28,32,4,16.7
ENSG00000146282,46,0,36,35,21,16.698
ENSG00000162384,20,7,19,16,10,16.69
ENSG00000255398,13,0,11,18,0,16.68
ENSG00000115540,33,0,18,29,13,16.669
ENSG00000164548,44,0,37,29,14,16.662
ENSG00000132792,26,0,20,8,10,16.647
ENSG00000168216,19,0,14,11,7,16.637
ENSG00000164307,25,0,20,17,8,16.634
ENSG00000173548,68,0,63,41,25,16.622
ENSG00000024048,31,0,33,19,18,16.621
ENSG00000144485,34,0,45,13,0,16.617
ENSG00000158773,26,5,19,22,12,16.612
ENSG00000123933,33,0,36,16,31,16.611
ENSG00000128185,28,0,28,10,0,16.61
ENSG00000134108,26,0,27,24,9,16.601
ENSG00000172115,25,0,24,22,14,16.599
ENSG00000123384,64,0,57,45,0,16.597
ENSG00000161573,14,0,17,20,6,16.593
ENSG00000101782,24,0,16,10,2,16.592
ENSG00000120805,36,0,28,26,15,16.59
ENSG00000167470,94,0,94,91,3,16.588
ENSG00000107960,31,13,28,24,10,16.585
ENSG00000197705,52,0,42,48,18,16.583
ENSG00000107551,48,0,56,51,13,16.578
ENSG00000143889,60,0,41,55,23,16.576
ENSG00000239704,0,0,0,0,0,16.573
ENSG00000041880,36,0,30,26,6,16.563
ENSG00000163517,51,0,42,43,10,16.561
ENSG00000183579,60,0,35,58,14,16.56
ENSG00000171988,31,0,23,29,14,16.556
ENSG00000198668,27,0,31,3,16,16.551
ENSG00000136715,33,15,28,17,15,16.543
ENSG00000101126,27,0,27,22,6,16.536
ENSG00000066654,23,7,24,18,11,16.532
ENSG00000167703,37,0,36,7,12,16.53
ENSG00000133961,30,0,23,31,4,16.524
ENSG00000077782,42,0,53,11,25,16.518
ENSG00000139496,23,0,18,16,6,16.514
ENSG00000170310,16,0,15,13,3,16.514
ENSG00000119616,28,0,23,17,14,16.512
ENSG00000125895,45,0,37,31,13,16.507
ENSG00000163870,31,0,19,12,0,16.502
ENSG00000160208,30,0,21,21,7,16.498
ENSG00000184465,42,0,23,22,18,16.493
ENSG00000163349,51,0,30,40,24,16.477
ENSG00000091409,31,0,30,24,23,16.474
ENSG00000169047,43,0,62,33,0,16.469
ENSG00000143442,20,0,27,17,14,16.462
ENSG00000114978,32,0,29,14,15,16.458
ENSG00000119899,30,0,21,24,7,16.455
ENSG00000007168,32,0,28,24,13,16.454
ENSG00000213029,7,0,0,20,0,16.438
ENSG00000085760,20,0,19,19,9,16.42
ENSG00000091140,22,0,16,17,8,16.385
ENSG00000187961,40,0,45,9,10,16.375
ENSG00000155111,37,0,30,35,15,16.372
ENSG00000255152,0,0,0,0,0,16.344
ENSG00000204856,40,0,33,32,8,16.343
ENSG00000168066,38,0,31,30,9,16.337
ENSG00000241962,28,0,23,21,4,16.329
ENSG00000258839,8,0,9,16,0,16.325
ENSG00000104774,47,0,47,33,24,16.322
ENSG00000198113,36,0,37,17,7,16.322
ENSG00000123739,24,0,13,15,7,16.312
ENSG00000143179,34,0,31,25,16,16.292
ENSG00000119414,33,0,33,21,12,16.285
ENSG00000137200,23,0,21,17,12,16.282
ENSG00000184857,46,0,44,31,24,16.276
ENSG00000141644,32,0,31,16,9,16.274
ENSG00000196700,43,0,71,21,9,16.267
ENSG00000117133,19,20,17,11,18,16.265
ENSG00000174177,52,0,42,26,12,16.264
ENSG00000198700,13,0,12,9,7,16.263
ENSG00000122299,49,0,41,48,21,16.252
ENSG00000114784,29,0,21,22,3,16.251
ENSG00000181472,57,0,36,40,12,16.241
ENSG00000249624,0,0,0,8,0,16.239
ENSG00000068724,51,0,40,41,22,16.237
ENSG00000121931,39,9,20,21,13,16.236
ENSG00000123999,45,0,37,30,3,16.227
ENSG00000167967,24,0,26,16,6,16.223
ENSG00000067606,46,0,66,25,8,16.211
ENSG00000170312,25,0,13,17,16,16.211
ENSG00000048991,43,0,31,29,20,16.203
ENSG00000140365,20,0,16,10,13,16.203
ENSG00000131002,42,0,24,34,0,16.192
ENSG00000163714,24,0,24,7,11,16.183
ENSG00000172062,0,0,0,0,0,16.183
ENSG00000160948,45,0,42,42,7,16.178
ENSG00000170584,45,0,41,41,18,16.176
ENSG00000183624,24,0,21,18,6,16.17
ENSG00000019186,18,0,26,7,0,16.166
ENSG00000134222,39,0,25,34,13,16.164
ENSG00000175309,30,0,29,21,9,16.163
ENSG00000214063,56,0,52,40,5,16.163
ENSG00000146278,51,0,40,36,27,16.157
ENSG00000182307,30,0,29,23,15,16.15
ENSG00000108296,30,0,21,22,12,16.129
ENSG00000166224,18,0,22,10,11,16.125
ENSG00000122565,71,0,46,43,32,16.119
ENSG00000138796,31,0,23,21,4,16.116
ENSG00000243646,12,0,19,9,3,16.113
ENSG00000100105,68,0,69,57,10,16.111
ENSG00000104472,37,0,36,33,3,16.107
ENSG00000173153,40,0,50,25,13,16.104
ENSG00000180185,68,0,60,51,9,16.098
ENSG00000064687,17,0,23,6,5,16.097
ENSG00000123240,32,0,35,19,20,16.097
ENSG00000142330,57,0,42,33,21,16.081
ENSG00000134265,33,0,27,26,10,16.08
ENSG00000129245,36,0,21,16,5,16.073
ENSG00000196715,15,0,14,8,4,16.07
ENSG00000177225,33,0,32,21,0,16.065
ENSG00000068438,28,0,20,21,8,16.061
ENSG00000115255,34,0,42,24,0,16.058
ENSG00000167114,18,0,20,5,6,16.058
ENSG00000132356,37,0,20,19,6,16.055
ENSG00000129158,34,0,28,23,16,16.05
ENSG00000168275,31,0,22,27,13,16.042
ENSG00000148444,28,0,28,16,20,16.041
ENSG00000107789,58,0,29,46,13,16.029
ENSG00000126709,14,0,20,4,0,16.029
ENSG00000078674,68,0,35,71,25,16.015
ENSG00000085978,0,0,0,0,16,16.014
ENSG00000233822,46,0,38,41,26,16.014
ENSG00000137210,33,0,26,25,10,16.01
ENSG00000151065,25,0,16,19,9,16.009
ENSG00000037757,26,0,24,15,3,16.004
ENSG00000076864,33,0,38,24,3,15.999
ENSG00000178999,48,0,42,37,6,15.993
ENSG00000243716,0,0,0,0,0,15.991
ENSG00000174652,26,0,19,19,17,15.988
ENSG00000156381,35,0,48,29,8,15.976
ENSG00000166233,40,0,35,30,23,15.976
ENSG00000141295,42,0,50,15,17,15.974
ENSG00000166391,39,0,42,38,19,15.968
ENSG00000136213,39,0,53,19,9,15.961
ENSG00000122882,24,0,21,17,11,15.957
ENSG00000196083,43,0,29,19,11,15.956
ENSG00000166016,45,0,50,18,28,15.951
ENSG00000183891,45,0,28,27,18,15.949
ENSG00000009954,42,0,33,32,6,15.945
ENSG00000254852,0,0,0,0,0,15.931
ENSG00000163581,45,0,21,42,0,15.93
ENSG00000156471,39,0,28,26,21,15.924
ENSG00000172845,58,0,36,65,15,15.924
ENSG00000131508,66,0,46,66,16,15.921
ENSG00000167962,38,0,38,24,7,15.914
ENSG00000100605,33,0,34,0,17,15.903
ENSG00000143420,29,0,24,28,6,15.9
ENSG00000100997,23,0,20,16,5,15.898
ENSG00000166833,0,0,0,0,32,15.895
ENSG00000157823,18,0,19,15,11,15.894
ENSG00000244694,0,0,0,0,0,15.888
ENSG00000131876,39,0,31,32,22,15.887
ENSG00000145354,32,0,26,25,12,15.873
ENSG00000171492,40,0,23,42,4,15.869
ENSG00000111581,28,0,18,23,11,15.861
ENSG00000087074,62,0,64,57,22,15.856
ENSG00000140105,26,0,29,21,4,15.852
ENSG00000182621,30,0,24,21,6,15.851
ENSG00000128294,0,0,0,0,14,15.842
ENSG00000113119,33,0,28,47,9,15.84
ENSG00000151693,33,0,28,6,9,15.84
ENSG00000091732,13,0,17,11,9,15.839
ENSG00000131242,0,0,6,0,46,15.838
ENSG00000204564,0,0,0,0,0,15.838
ENSG00000116641,74,0,46,70,14,15.837
ENSG00000138668,58,0,47,36,23,15.833
ENSG00000164211,45,0,23,33,12,15.818
ENSG00000095637,44,0,46,13,8,15.815
ENSG00000122390,27,0,19,20,4,15.802
ENSG00000128641,31,0,26,26,13,15.8
ENSG00000011258,55,0,42,37,21,15.794
ENSG00000155115,25,0,19,23,3,15.774
ENSG00000143515,22,0,26,16,26,15.773
ENSG00000146281,24,0,20,19,5,15.77
ENSG00000165471,72,0,17,98,0,15.769
ENSG00000114353,24,0,47,14,4,15.767
ENSG00000105127,42,0,40,36,10,15.765
ENSG00000140199,33,0,30,14,13,15.764
ENSG00000121766,34,0,30,20,16,15.761
ENSG00000074582,24,0,23,14,14,15.758
ENSG00000036054,43,0,30,28,19,15.754
ENSG00000132164,52,0,24,66,0,15.745
ENSG00000100373,37,0,31,43,0,15.732
ENSG00000105137,23,9,21,13,3,15.73
ENSG00000173120,53,0,39,23,15,15.729
ENSG00000108515,63,0,59,64,19,15.727
ENSG00000203896,36,0,56,32,6,15.724
ENSG00000005700,37,0,33,36,18,15.707
ENSG00000213066,47,0,42,37,10,15.706
ENSG00000140396,47,0,39,36,19,15.7
ENSG00000163602,35,0,27,23,18,15.691
ENSG00000154832,23,0,23,13,12,15.684
ENSG00000134996,56,0,44,45,6,15.681
ENSG00000185189,13,9,25,3,4,15.678
ENSG00000172977,21,0,21,15,5,15.674
ENSG00000114374,9,0,0,37,0,15.668
ENSG00000110344,18,0,17,16,10,15.665
ENSG00000197965,41,0,37,15,15,15.665
ENSG00000129933,33,0,35,28,13,15.664
ENSG00000167106,62,0,58,41,11,15.663
ENSG00000196123,25,0,30,8,12,15.659
ENSG00000138385,0,0,7,0,0,15.658
ENSG00000145604,32,0,28,39,16,15.657
ENSG00000168246,37,0,30,39,15,15.649
ENSG00000160741,61,0,50,50,16,15.645
ENSG00000127952,40,0,27,23,14,15.644
ENSG00000007923,25,0,20,16,19,15.618
ENSG00000147649,40,0,30,20,14,15.616
ENSG00000159921,0,0,0,0,0,15.616
ENSG00000112697,46,0,28,27,12,15.611
ENSG00000112237,27,0,14,18,5,15.595
ENSG00000136158,65,0,64,45,23,15.594
ENSG00000068650,55,0,54,51,22,15.591
ENSG00000146476,45,0,41,34,14,15.59
ENSG00000100335,47,0,38,26,15,15.585
ENSG00000170271,57,0,46,55,16,15.583
ENSG00000135441,29,0,29,19,11,15.581
ENSG00000138399,14,0,15,9,15,15.568
ENSG00000181396,23,8,16,17,6,15.564
ENSG00000151353,34,0,31,16,7,15.55
ENSG00000113558,41,0,34,29,16,15.548
ENSG00000106789,25,0,29,17,0,15.546
ENSG00000148700,0,0,0,0,0,15.544
ENSG00000168040,25,17,27,15,3,15.542
ENSG00000205476,65,0,74,60,8,15.539
ENSG00000160305,40,0,29,21,11,15.531
ENSG00000166200,34,0,23,24,17,15.531
ENSG00000171467,21,0,23,8,3,15.52
ENSG00000101391,28,0,26,23,16,15.515
ENSG00000198805,24,0,23,12,13,15.513
ENSG00000215271,34,0,35,26,11,15.513
ENSG00000105953,30,0,26,20,9,15.511
ENSG00000135334,59,0,45,39,18,15.511
ENSG00000163832,28,0,23,24,8,15.51
ENSG00000214021,0,0,0,0,0,15.504
ENSG00000100564,18,0,12,14,6,15.502
ENSG00000111707,58,0,52,45,16,15.5
ENSG00000148803,44,0,47,42,0,15.498
ENSG00000148943,32,0,28,18,18,15.497
ENSG00000141858,28,9,38,10,0,15.494
ENSG00000160075,37,0,43,25,28,15.492
ENSG00000162076,26,0,29,12,5,15.477
ENSG00000161179,16,0,26,11,0,15.475
ENSG00000145715,30,0,25,15,14,15.461
ENSG00000172500,57,0,54,33,22,15.453
ENSG00000120254,26,0,24,11,8,15.452
ENSG00000136925,52,0,30,35,18,15.44
ENSG00000052723,16,0,12,12,8,15.438
ENSG00000113140,5,0,11,0,3,15.433
ENSG00000125352,34,0,34,27,16,15.423
ENSG00000114857,31,0,18,25,6,15.422
ENSG00000189308,53,0,36,46,15,15.422
ENSG00000214517,38,0,28,27,19,15.416
ENSG00000124370,55,0,45,43,26,15.412
ENSG00000088367,3,0,20,0,58,15.411
ENSG00000145494,39,0,36,32,10,15.41
ENSG00000116062,0,0,0,0,22,15.404
ENSG00000005100,51,0,41,49,12,15.395
ENSG00000170439,16,0,21,7,12,15.393
ENSG00000125037,22,0,41,14,9,15.391
ENSG00000093217,35,5,31,20,11,15.387
ENSG00000143093,30,0,16,14,14,15.386
ENSG00000171606,22,74,29,20,13,15.374
ENSG00000162073,35,0,45,17,5,15.371
ENSG00000182544,24,0,27,18,8,15.368
ENSG00000103249,38,0,26,17,10,15.36
ENSG00000160202,45,0,46,41,8,15.36
ENSG00000163634,35,0,26,25,16,15.356
ENSG00000073169,31,0,30,21,6,15.351
ENSG00000109180,0,0,4,0,9,15.351
ENSG00000165233,42,0,43,17,6,15.349
ENSG00000107372,52,0,33,48,6,15.348
ENSG00000172239,32,0,20,23,10,15.347
ENSG00000123268,46,0,30,40,10,15.324
ENSG00000133318,26,0,22,15,22,15.324
ENSG00000138604,31,0,24,18,21,15.322
ENSG00000005955,51,0,32,41,21,15.32
ENSG00000167779,32,0,43,14,14,15.32
ENSG00000140876,23,0,25,25,9,15.312
ENSG00000057935,58,0,36,18,20,15.299
ENSG00000143412,44,0,41,38,0,15.297
ENSG00000106462,36,0,30,27,3,15.295
ENSG00000237649,0,0,0,0,0,15.294
ENSG00000003400,50,15,47,38,16,15.291
ENSG00000165271,28,0,24,17,10,15.289
ENSG00000100226,58,0,48,44,14,15.268
ENSG00000060138,43,0,27,25,23,15.267
ENSG00000116199,36,0,20,29,5,15.252
ENSG00000167323,43,0,31,19,6,15.247
ENSG00000256060,23,0,19,19,10,15.246
ENSG00000152804,48,0,48,41,25,15.245
ENSG00000116586,37,0,33,27,19,15.242
ENSG00000170293,30,16,33,23,3,15.241
ENSG00000175792,37,0,23,36,0,15.239
ENSG00000087470,31,0,23,17,6,15.238
ENSG00000173465,43,0,60,29,13,15.233
ENSG00000108021,22,0,22,16,5,15.232
ENSG00000125630,36,0,30,20,19,15.232
ENSG00000153714,37,0,26,39,20,15.23
ENSG00000158019,31,0,24,22,18,15.228
ENSG00000113758,15,0,21,0,0,15.225
ENSG00000119929,0,0,0,0,0,15.224
ENSG00000215695,0,0,0,0,0,15.223
ENSG00000143013,47,0,45,27,19,15.222
ENSG00000165118,30,0,25,31,6,15.221
ENSG00000179134,38,0,27,18,9,15.212
ENSG00000150768,23,0,20,21,7,15.21
ENSG00000142188,29,0,30,14,15,15.209
ENSG00000110075,52,0,55,29,11,15.2
ENSG00000137996,28,0,19,29,12,15.197
ENSG00000169359,41,0,44,30,22,15.197
ENSG00000132952,54,0,21,41,16,15.184
ENSG00000068793,30,0,27,8,11,15.176
ENSG00000120675,24,0,19,20,10,15.176
ENSG00000183648,26,0,26,23,14,15.174
ENSG00000035499,27,0,22,20,8,15.17
ENSG00000158796,33,0,29,19,10,15.17
ENSG00000122873,56,0,38,53,11,15.162
ENSG00000145293,65,0,53,49,23,15.162
ENSG00000140564,21,0,28,0,69,15.161
ENSG00000171103,47,0,30,16,14,15.156
ENSG00000075188,32,0,22,24,14,15.155
ENSG00000185090,19,0,27,2,14,15.154
ENSG00000176853,39,0,29,19,11,15.151
ENSG00000047849,37,0,30,35,12,15.15
ENSG00000174485,52,0,35,52,12,15.139
ENSG00000165322,57,0,35,42,9,15.137
ENSG00000198420,62,0,31,80,9,15.129
ENSG00000134602,42,0,28,28,4,15.126
ENSG00000187678,61,0,63,54,30,15.119
ENSG00000153815,66,0,77,53,57,15.116
ENSG00000099330,30,0,30,19,6,15.107
ENSG00000152240,17,0,13,8,5,15.105
ENSG00000078747,32,0,33,19,9,15.104
ENSG00000122034,30,0,31,19,5,15.103
ENSG00000137497,33,0,26,26,10,15.103
ENSG00000115641,0,0,0,0,12,15.1
ENSG00000092098,57,0,43,38,29,15.096
ENSG00000112208,38,0,24,39,7,15.094
ENSG00000135040,43,0,31,33,15,15.092
ENSG00000107021,25,10,22,17,7,15.091
ENSG00000130669,22,0,29,18,0,15.088
ENSG00000137075,35,0,30,20,20,15.088
ENSG00000198909,26,0,27,6,17,15.086
ENSG00000121390,25,0,27,26,16,15.085
ENSG00000080608,42,0,25,32,12,15.08
ENSG00000111737,39,0,32,43,10,15.079
ENSG00000185883,51,0,50,35,10,15.067
ENSG00000140443,54,0,50,47,15,15.059
ENSG00000115020,44,0,32,26,13,15.057
ENSG00000143416,12,0,20,7,13,15.057
ENSG00000117266,28,0,43,17,14,15.044
ENSG00000157191,27,0,21,14,9,15.036
ENSG00000163344,56,0,36,59,4,15.035
ENSG00000130299,47,0,50,20,12,15.034
ENSG00000105011,32,0,33,23,3,15.022
ENSG00000230055,31,0,29,24,11,15.02
ENSG00000164904,42,0,22,26,7,15.014
ENSG00000177150,42,0,37,29,19,15.008
ENSG00000163959,16,0,33,9,6,15.004
ENSG00000068383,26,0,38,6,11,14.999
ENSG00000104067,0,11,0,0,4,14.998
ENSG00000131269,16,0,11,14,4,14.988
ENSG00000101246,36,0,35,27,13,14.981
ENSG00000143158,52,0,33,42,18,14.981
ENSG00000162441,37,0,27,29,16,14.979
ENSG00000185361,44,0,46,21,14,14.979
ENSG00000116574,32,0,31,31,19,14.978
ENSG00000157873,24,0,35,15,9,14.976
ENSG00000176894,38,0,37,16,0,14.974
ENSG00000100124,50,0,39,36,12,14.96
ENSG00000160685,66,0,55,62,18,14.957
ENSG00000151665,30,0,25,21,19,14.954
ENSG00000059378,24,18,21,13,0,14.953
ENSG00000132406,29,0,21,16,14,14.948
ENSG00000086300,18,0,20,7,7,14.936
ENSG00000182872,38,0,38,28,0,14.931
ENSG00000180964,17,0,18,10,3,14.925
ENSG00000108091,44,0,31,23,17,14.914
ENSG00000135686,20,0,22,0,29,14.912
ENSG00000161204,30,0,25,23,13,14.912
ENSG00000092931,53,0,42,39,19,14.902
ENSG00000160410,11,0,17,0,0,14.897
ENSG00000196352,22,0,17,10,9,14.892
ENSG00000117593,27,0,25,21,14,14.889
ENSG00000150347,45,0,45,40,28,14.884
ENSG00000241058,37,0,28,29,14,14.883
ENSG00000167291,35,0,31,24,6,14.871
ENSG00000115415,18,0,16,15,25,14.867
ENSG00000086015,0,0,0,0,0,14.865
ENSG00000107679,34,0,34,31,12,14.861
ENSG00000121152,29,0,25,20,13,14.851
ENSG00000198860,22,0,17,15,11,14.849
ENSG00000077044,30,0,32,6,10,14.846
ENSG00000163874,64,0,72,55,16,14.844
ENSG00000134684,52,0,42,42,9,14.835
ENSG00000100014,30,0,33,20,10,14.83
ENSG00000097021,33,0,28,16,5,14.828
ENSG00000134901,33,0,30,13,10,14.827
ENSG00000214706,33,0,27,24,4,14.814
ENSG00000146576,31,0,27,31,0,14.811
ENSG00000198830,27,0,24,15,7,14.81
ENSG00000118217,29,0,19,26,5,14.802
ENSG00000153574,28,0,28,22,14,14.798
ENSG00000168214,0,0,0,0,0,14.793
ENSG00000158615,59,0,48,50,25,14.792
ENSG00000123485,42,0,29,25,20,14.777
ENSG00000168734,32,0,31,21,12,14.776
ENSG00000176105,41,0,32,34,5,14.775
ENSG00000184508,59,0,67,33,11,14.77
ENSG00000250264,0,0,0,0,0,14.767
ENSG00000135679,84,0,82,84,21,14.763
ENSG00000119707,37,0,30,26,16,14.758
ENSG00000127663,38,0,49,21,11,14.752
ENSG00000176108,48,0,66,8,45,14.751
ENSG00000119328,46,0,33,33,17,14.745
ENSG00000197183,41,0,60,19,51,14.741
ENSG00000186815,33,0,29,33,7,14.737
ENSG00000158555,47,0,52,42,11,14.731
ENSG00000107874,50,0,54,37,11,14.723
ENSG00000114209,39,0,31,25,11,14.708
ENSG00000161091,20,0,22,9,0,14.706
ENSG00000075914,35,0,32,21,18,14.702
ENSG00000113971,29,0,23,14,10,14.7
ENSG00000103496,25,0,24,16,14,14.681
ENSG00000125817,37,0,34,6,22,14.681
ENSG00000188290,56,0,67,47,0,14.681
ENSG00000240053,0,0,0,0,0,14.68
ENSG00000160194,32,0,27,28,13,14.678
ENSG00000103042,19,0,23,14,19,14.677
ENSG00000178188,29,0,27,22,13,14.677
ENSG00000204152,3,0,5,0,0,14.676
ENSG00000129480,31,0,25,21,14,14.662
ENSG00000156869,22,0,18,23,5,14.659
ENSG00000111653,19,0,9,15,8,14.656
ENSG00000168564,44,0,26,32,14,14.656
ENSG00000154710,29,0,25,32,5,14.653
ENSG00000153107,26,0,24,17,15,14.652
ENSG00000175220,54,0,37,33,13,14.648
ENSG00000140830,44,0,33,29,22,14.644
ENSG00000104957,18,0,15,21,5,14.641
ENSG00000109390,38,0,29,30,20,14.633
ENSG00000104442,38,0,29,26,18,14.61
ENSG00000250506,34,0,40,59,0,14.6
ENSG00000070018,34,0,27,28,21,14.59
ENSG00000086102,35,0,30,45,7,14.589
ENSG00000101473,24,0,25,11,8,14.58
ENSG00000103126,37,0,48,13,0,14.58
ENSG00000183864,55,0,55,57,26,14.58
ENSG00000204775,0,0,0,0,0,14.578
ENSG00000197622,2,0,11,0,0,14.574
ENSG00000148341,26,0,33,3,0,14.564
ENSG00000153250,46,0,33,40,18,14.563
ENSG00000103319,38,0,33,11,7,14.561
ENSG00000068305,0,0,10,0,20,14.559
ENSG00000178425,20,14,20,19,12,14.552
ENSG00000148090,34,0,25,17,17,14.538
ENSG00000221995,0,0,0,0,0,14.537
ENSG00000134072,22,0,27,19,9,14.533
ENSG00000257390,50,0,38,41,10,14.525
ENSG00000112679,31,0,27,23,31,14.523
ENSG00000075336,28,0,32,19,23,14.513
ENSG00000114999,33,0,31,23,14,14.508
ENSG00000069535,8,0,16,16,0,14.502
ENSG00000244754,24,0,21,15,10,14.502
ENSG00000130734,20,0,20,9,8,14.493
ENSG00000164850,21,0,12,22,0,14.475
ENSG00000139546,39,0,45,23,4,14.474
ENSG00000141127,0,0,0,0,0,14.467
ENSG00000169814,30,8,23,29,14,14.463
ENSG00000162851,41,0,28,31,19,14.462
ENSG00000136807,25,0,27,11,0,14.454
ENSG00000143553,21,0,28,16,6,14.443
ENSG00000186834,53,0,37,40,24,14.441
ENSG00000065243,37,0,26,26,14,14.422
ENSG00000184363,34,0,60,6,15,14.422
ENSG00000137656,25,0,18,18,0,14.421
ENSG00000204209,0,0,0,0,0,14.416
ENSG00000185909,40,0,43,15,4,14.413
ENSG00000128973,0,0,6,0,8,14.412
ENSG00000196236,57,0,37,48,18,14.407
ENSG00000127554,32,0,36,20,6,14.395
ENSG00000197329,37,0,17,28,8,14.393
ENSG00000101940,11,0,5,21,0,14.386
ENSG00000135341,32,0,24,17,17,14.386
ENSG00000159210,23,0,26,19,14,14.384
ENSG00000110025,25,0,27,20,6,14.383
ENSG00000069248,38,0,23,28,19,14.379
ENSG00000108599,16,0,21,16,6,14.379
ENSG00000068028,29,0,38,24,10,14.374
ENSG00000072364,37,0,33,29,0,14.371
ENSG00000164347,36,0,24,35,17,14.37
ENSG00000146963,29,0,30,30,13,14.364
ENSG00000143373,40,0,34,41,8,14.356
ENSG00000166181,28,0,24,9,9,14.351
ENSG00000132970,11,8,19,21,3,14.349
ENSG00000062598,0,0,0,0,30,14.347
ENSG00000072864,42,0,29,42,18,14.347
ENSG00000100568,30,0,20,20,8,14.344
ENSG00000130021,16,0,19,8,0,14.344
ENSG00000119711,37,0,26,29,14,14.342
ENSG00000127445,20,0,22,5,6,14.331
ENSG00000139131,34,0,20,19,8,14.327
ENSG00000103260,28,0,32,4,13,14.323
ENSG00000088854,37,0,33,23,16,14.321
ENSG00000085982,18,0,14,15,7,14.303
ENSG00000124356,19,0,16,16,9,14.297
ENSG00000152990,36,0,25,38,8,14.279
ENSG00000148840,32,0,37,19,15,14.271
ENSG00000090487,23,0,20,16,15,14.267
ENSG00000175643,9,0,16,0,6,14.259
ENSG00000124383,55,0,44,43,26,14.252
ENSG00000186204,21,0,16,20,0,14.249
ENSG00000102172,20,0,19,3,0,14.239
ENSG00000121716,21,0,24,15,0,14.236
ENSG00000158856,24,0,50,5,41,14.235
ENSG00000011021,58,0,47,42,9,14.225
ENSG00000179912,46,0,36,43,9,14.223
ENSG00000134575,41,0,32,37,15,14.22
ENSG00000100142,37,0,30,21,15,14.217
ENSG00000102393,38,0,23,29,12,14.213
ENSG00000060642,42,0,29,55,20,14.21
ENSG00000001630,0,5,0,0,0,14.207
ENSG00000181704,24,0,18,22,10,14.203
ENSG00000124588,36,0,35,35,25,14.202
ENSG00000107651,45,0,27,43,7,14.199
ENSG00000116761,33,0,33,25,18,14.199
ENSG00000104660,55,0,32,51,10,14.197
ENSG00000100280,0,0,0,0,5,14.194
ENSG00000130382,21,0,27,16,4,14.182
ENSG00000149182,39,0,33,36,14,14.175
ENSG00000025156,24,0,19,10,9,14.172
ENSG00000163435,41,0,50,22,10,14.166
ENSG00000030110,28,0,25,11,8,14.164
ENSG00000112290,42,0,34,27,14,14.154
ENSG00000163701,52,0,38,51,12,14.151
ENSG00000151239,27,0,18,14,4,14.15
ENSG00000111361,27,0,22,18,14,14.143
ENSG00000144426,47,0,23,28,20,14.14
ENSG00000135469,20,0,18,15,5,14.129
ENSG00000158669,30,0,22,13,11,14.127
ENSG00000162402,57,0,37,50,15,14.127
ENSG00000156639,54,0,41,41,8,14.123
ENSG00000189306,26,0,30,32,6,14.118
ENSG00000183558,22,0,5,11,4,14.117
ENSG00000125454,34,0,28,26,5,14.114
ENSG00000121104,23,0,20,14,3,14.113
ENSG00000143862,13,0,28,0,51,14.108
ENSG00000108039,24,0,22,13,35,14.103
ENSG00000143437,38,0,31,26,7,14.101
ENSG00000072849,35,0,27,23,18,14.099
ENSG00000130640,21,0,25,19,6,14.093
ENSG00000140284,21,0,23,14,11,14.092
ENSG00000204149,0,0,0,0,0,14.091
ENSG00000170606,54,0,39,55,15,14.081
ENSG00000181045,22,0,28,9,0,14.08
ENSG00000105447,33,0,39,18,15,14.077
ENSG00000131979,25,0,26,18,5,14.066
ENSG00000139990,37,0,33,26,4,14.065
ENSG00000175416,24,0,19,3,0,14.055
ENSG00000119185,45,0,39,24,16,14.049
ENSG00000167272,29,0,36,5,22,14.044
ENSG00000010818,48,0,44,43,34,14.043
ENSG00000125430,84,0,88,69,59,14.023
ENSG00000112033,20,0,17,10,11,14.02
ENSG00000118689,80,0,67,59,20,14.015
ENSG00000100412,45,0,28,30,20,14.012
ENSG00000011376,24,0,20,17,10,14.008
ENSG00000213551,67,0,39,48,18,14.007
ENSG00000075292,0,0,11,0,39,14.006
ENSG00000165416,36,0,24,36,5,14.004
ENSG00000205765,32,0,23,19,12,13.992
ENSG00000142871,50,0,54,27,31,13.991
ENSG00000132199,16,0,23,12,9,13.986
ENSG00000147457,18,0,17,13,0,13.986
ENSG00000108799,24,0,25,12,3,13.982
ENSG00000072135,30,0,32,8,8,13.979
ENSG00000172943,23,0,19,29,0,13.977
ENSG00000147364,16,0,19,8,0,13.974
ENSG00000182093,42,0,31,32,14,13.974
ENSG00000135631,0,5,9,0,59,13.964
ENSG00000185022,36,0,41,17,7,13.95
ENSG00000135932,30,0,38,15,17,13.94
ENSG00000173327,74,0,72,65,18,13.935
ENSG00000008952,28,0,26,14,21,13.928
ENSG00000118246,23,0,19,14,15,13.912
ENSG00000198863,28,0,28,24,14,13.905
ENSG00000131584,56,0,57,35,9,13.902
ENSG00000186660,52,0,36,40,11,13.9
ENSG00000079134,34,0,27,24,19,13.886
ENSG00000186185,25,0,28,14,11,13.879
ENSG00000129197,40,0,32,29,16,13.874
ENSG00000175482,48,0,45,31,5,13.872
ENSG00000152518,70,0,59,63,8,13.87
ENSG00000111711,35,0,26,19,16,13.869
ENSG00000123066,34,0,28,17,34,13.868
ENSG00000132694,39,0,31,22,3,13.866
ENSG00000151445,39,0,28,22,18,13.86
ENSG00000160917,30,0,30,27,11,13.849
ENSG00000034693,35,0,25,23,16,13.844
ENSG00000082146,0,0,0,0,0,13.842
ENSG00000163041,42,0,31,31,13,13.841
ENSG00000173914,22,0,24,17,8,13.839
ENSG00000114520,25,0,23,15,9,13.838
ENSG00000116691,22,0,19,7,3,13.835
ENSG00000100722,28,0,19,16,4,13.828
ENSG00000139636,28,0,27,15,16,13.825
ENSG00000106992,18,0,31,7,3,13.821
ENSG00000136877,4,0,4,0,0,13.819
ENSG00000175602,58,0,55,34,21,13.818
ENSG00000083896,0,0,0,0,0,13.813
ENSG00000163132,34,0,30,25,17,13.813
ENSG00000102710,27,0,27,11,24,13.811
ENSG00000164975,24,0,18,23,6,13.811
ENSG00000166477,40,0,31,40,7,13.81
ENSG00000162413,44,0,45,14,0,13.808
ENSG00000173992,37,0,25,35,6,13.808
ENSG00000120697,48,0,39,41,20,13.807
ENSG00000143376,28,0,23,14,5,13.804
ENSG00000103168,24,0,19,8,6,13.803
ENSG00000157014,32,20,31,33,14,13.802
ENSG00000156970,31,0,25,18,11,13.797
ENSG00000144035,28,11,29,14,23,13.789
ENSG00000119950,48,0,55,22,49,13.788
ENSG00000162604,22,0,20,14,7,13.781
ENSG00000095015,43,0,35,34,17,13.777
ENSG00000169398,39,2,41,28,13,13.777
ENSG00000040487,47,0,34,21,7,13.776
ENSG00000006459,47,12,42,33,11,13.772
ENSG00000144560,27,0,28,8,23,13.769
ENSG00000145907,45,0,37,35,13,13.769
ENSG00000100376,42,0,32,33,5,13.763
ENSG00000157131,21,0,0,46,4,13.759
ENSG00000138041,50,0,49,33,23,13.746
ENSG00000104976,44,0,57,20,11,13.745
ENSG00000010270,17,0,15,14,11,13.741
ENSG00000197070,51,0,56,23,17,13.739
ENSG00000174437,58,0,29,25,0,13.736
ENSG00000106404,14,0,12,15,0,13.73
ENSG00000107537,38,0,40,38,3,13.728
ENSG00000181035,34,0,24,17,3,13.722
ENSG00000176393,18,0,23,12,7,13.72
ENSG00000114745,25,0,24,15,11,13.715
ENSG00000122692,32,0,17,13,6,13.715
ENSG00000121892,35,0,24,23,4,13.714
ENSG00000133398,26,0,23,10,10,13.714
ENSG00000164323,43,0,31,38,14,13.714
ENSG00000198496,30,0,32,31,21,13.71
ENSG00000090971,26,0,40,8,4,13.705
ENSG00000162980,30,0,21,25,11,13.701
ENSG00000177674,19,0,21,9,10,13.699
ENSG00000136143,22,0,18,18,11,13.697
ENSG00000205808,34,0,24,30,6,13.684
ENSG00000162104,59,0,62,54,26,13.668
ENSG00000157379,50,0,26,25,20,13.664
ENSG00000166971,37,0,30,11,12,13.663
ENSG00000129657,31,0,28,27,18,13.655
ENSG00000243335,34,0,29,16,3,13.655
ENSG00000062725,36,0,25,24,19,13.652
ENSG00000168282,36,0,32,29,18,13.644
ENSG00000176095,25,0,23,26,5,13.642
ENSG00000135966,34,0,32,32,8,13.64
ENSG00000125354,31,0,41,18,6,13.633
ENSG00000186352,39,0,21,28,0,13.632
ENSG00000101654,42,0,37,29,19,13.628
ENSG00000163605,42,0,18,32,12,13.628
ENSG00000126453,42,0,33,33,22,13.624
ENSG00000135070,24,0,22,17,5,13.624
ENSG00000146858,18,0,20,10,0,13.622
ENSG00000124920,71,0,89,51,3,13.62
ENSG00000170852,52,0,38,44,9,13.62
ENSG00000233224,44,0,45,42,27,13.619
ENSG00000025796,58,0,51,35,14,13.618
ENSG00000138750,31,0,21,24,16,13.618
ENSG00000197496,30,9,29,19,11,13.615
ENSG00000140948,68,0,75,45,17,13.606
ENSG00000143258,31,0,21,20,5,13.602
ENSG00000167513,25,0,27,18,0,13.589
ENSG00000132541,34,0,24,19,12,13.584
ENSG00000137486,45,0,44,33,21,13.579
ENSG00000196743,6,0,5,4,0,13.578
ENSG00000160953,57,0,77,33,9,13.577
ENSG00000172301,17,0,19,5,8,13.573
ENSG00000213463,15,0,12,7,7,13.569
ENSG00000170017,54,0,47,43,27,13.568
ENSG00000129484,28,0,27,30,10,13.565
ENSG00000169016,28,0,30,15,7,13.561
ENSG00000075151,31,0,25,24,2,13.555
ENSG00000115233,32,0,25,18,12,13.547
ENSG00000107521,21,0,18,14,3,13.545
ENSG00000120690,63,0,50,50,20,13.542
ENSG00000090615,34,0,26,26,9,13.539
ENSG00000064393,37,0,39,32,8,13.526
ENSG00000175189,41,0,33,34,10,13.526
ENSG00000161999,33,0,32,15,0,13.524
ENSG00000108622,8,0,13,0,8,13.523
ENSG00000147324,54,0,53,16,8,13.522
ENSG00000124275,16,0,25,0,27,13.52
ENSG00000131080,19,0,16,15,5,13.52
ENSG00000164976,53,0,56,36,21,13.518
ENSG00000171848,62,0,49,48,11,13.518
ENSG00000154640,30,0,28,24,9,13.513
ENSG00000132912,37,0,23,23,10,13.502
ENSG00000169756,59,0,38,60,12,13.499
ENSG00000180190,27,13,28,9,21,13.499
ENSG00000101972,57,0,40,50,19,13.496
ENSG00000167113,34,0,31,26,18,13.488
ENSG00000168140,53,0,58,41,7,13.482
ENSG00000197136,70,0,72,63,19,13.479
ENSG00000255767,0,0,0,0,0,13.474
ENSG00000147382,23,0,26,3,8,13.472
ENSG00000105711,18,0,25,3,8,13.47
ENSG00000120685,59,0,31,33,9,13.467
ENSG00000143149,15,0,18,6,9,13.465
ENSG00000101190,25,0,27,0,19,13.45
ENSG00000107669,42,0,39,54,16,13.444
ENSG00000148450,27,18,17,24,0,13.441
ENSG00000128463,27,0,24,22,15,13.438
ENSG00000196208,9,0,4,57,0,13.438
ENSG00000105767,51,0,48,16,7,13.437
ENSG00000213930,33,0,28,14,14,13.435
ENSG00000132463,25,0,29,20,6,13.434
ENSG00000134313,15,0,22,7,9,13.432
ENSG00000203667,49,0,33,53,11,13.421
ENSG00000158457,0,0,17,0,24,13.42
ENSG00000136574,0,0,5,0,51,13.418
ENSG00000178149,60,0,61,40,18,13.416
ENSG00000106266,50,0,40,31,12,13.413
ENSG00000133028,35,0,28,24,12,13.412
ENSG00000166886,38,0,45,31,6,13.41
ENSG00000113319,48,0,26,51,13,13.409
ENSG00000143033,39,8,18,23,11,13.406
ENSG00000151208,27,0,31,14,3,13.406
ENSG00000138375,11,0,15,9,19,13.404
ENSG00000171223,63,0,65,50,6,13.404
ENSG00000052344,38,0,42,10,22,13.403
ENSG00000137944,36,0,27,25,14,13.399
ENSG00000139405,32,0,35,33,7,13.392
ENSG00000184939,30,8,33,0,4,13.387
ENSG00000204516,0,0,0,0,0,13.381
ENSG00000120733,26,0,23,18,7,13.373
ENSG00000163104,28,6,15,17,8,13.37
ENSG00000038382,55,0,49,33,7,13.367
ENSG00000164038,0,0,0,0,0,13.363
ENSG00000118482,43,0,27,19,13,13.362
ENSG00000114742,22,0,19,15,6,13.361
ENSG00000119938,25,0,18,23,11,13.358
ENSG00000167925,18,0,19,9,10,13.354
ENSG00000105676,39,0,28,23,13,13.345
ENSG00000182919,77,0,65,73,18,13.341
ENSG00000142677,24,0,29,11,14,13.337
ENSG00000162769,53,0,46,37,16,13.336
ENSG00000126562,53,0,40,49,16,13.333
ENSG00000135999,31,0,27,16,34,13.333
ENSG00000130703,39,0,37,13,35,13.324
ENSG00000182551,42,5,44,29,5,13.317
ENSG00000090520,57,0,48,41,24,13.313
ENSG00000111725,33,0,25,26,8,13.311
ENSG00000104517,48,0,32,47,5,13.309
ENSG00000142327,64,0,65,42,28,13.309
ENSG00000077254,27,0,22,16,7,13.308
ENSG00000187079,53,0,32,39,3,13.307
ENSG00000090316,58,5,43,22,13,13.305
ENSG00000165406,39,0,18,16,8,13.299
ENSG00000119392,22,0,19,13,8,13.285
ENSG00000118961,20,0,20,18,8,13.278
ENSG00000145740,22,0,22,16,0,13.275
ENSG00000197238,19,0,17,23,5,13.274
ENSG00000101166,16,0,20,9,19,13.273
ENSG00000172340,22,0,17,38,8,13.271
ENSG00000132603,36,0,32,28,16,13.267
ENSG00000135847,24,0,24,16,14,13.266
ENSG00000164715,62,6,38,44,3,13.257
ENSG00000197170,36,0,26,29,12,13.257
ENSG00000104388,35,0,28,25,0,13.25
ENSG00000183856,17,0,17,3,21,13.25
ENSG00000136754,39,0,18,27,14,13.248
ENSG00000136710,40,0,37,28,23,13.247
ENSG00000087237,0,0,7,4,34,13.239
ENSG00000109270,23,0,20,15,9,13.239
ENSG00000135540,28,0,24,0,17,13.239
ENSG00000111530,43,10,27,33,17,13.217
ENSG00000116984,31,0,29,15,14,13.205
ENSG00000160049,45,0,40,30,17,13.201
ENSG00000173486,43,0,59,42,5,13.192
ENSG00000013374,24,0,31,3,0,13.188
ENSG00000133195,31,0,35,34,42,13.184
ENSG00000186198,15,0,14,24,0,13.184
ENSG00000169403,3,0,30,0,3,13.175
ENSG00000100207,0,0,3,0,41,13.174
ENSG00000147475,20,0,20,14,9,13.173
ENSG00000128159,42,0,54,30,20,13.171
ENSG00000169375,58,0,63,52,23,13.165
ENSG00000103187,11,0,22,0,11,13.162
ENSG00000178028,21,0,20,9,7,13.159
ENSG00000166669,12,0,4,29,0,13.158
ENSG00000112624,46,0,30,32,6,13.157
ENSG00000141401,35,0,46,34,0,13.151
ENSG00000130988,36,0,31,42,0,13.145
ENSG00000066379,0,0,0,0,0,13.139
ENSG00000158882,73,0,64,80,36,13.138
ENSG00000114315,100,0,76,82,12,13.137
ENSG00000101849,51,0,50,36,6,13.136
ENSG00000175376,36,0,33,25,16,13.135
ENSG00000073605,31,0,30,44,0,13.126
ENSG00000103326,48,0,47,35,11,13.124
ENSG00000086712,26,0,29,4,0,13.122
ENSG00000163812,35,0,33,21,17,13.122
ENSG00000011143,20,0,18,13,18,13.118
ENSG00000153989,38,0,24,22,15,13.115
ENSG00000197982,31,0,29,23,8,13.114
ENSG00000118363,38,0,26,22,13,13.111
ENSG00000112685,23,0,18,7,28,13.109
ENSG00000181104,19,0,24,0,0,13.109
ENSG00000100324,20,0,21,15,21,13.108
ENSG00000121940,25,0,22,16,9,13.098
ENSG00000120029,34,0,31,28,10,13.093
ENSG00000089022,41,0,39,28,13,13.088
ENSG00000141013,57,0,56,36,15,13.083
ENSG00000173852,34,0,27,16,15,13.078
ENSG00000180917,17,13,13,13,5,13.078
ENSG00000178057,61,0,61,41,16,13.077
ENSG00000186501,24,0,21,14,21,13.073
ENSG00000172828,12,0,24,0,12,13.068
ENSG00000243364,18,0,23,8,0,13.068
ENSG00000010165,24,0,19,17,12,13.065
ENSG00000165724,31,0,27,11,0,13.064
ENSG00000130165,29,0,29,15,6,13.062
ENSG00000122965,25,0,23,12,24,13.061
ENSG00000115163,28,0,29,16,9,13.057
ENSG00000002919,37,0,36,25,14,13.055
ENSG00000183844,0,0,0,0,3,13.046
ENSG00000110237,54,0,65,30,6,13.043
ENSG00000112294,24,0,20,13,6,13.041
ENSG00000075399,40,0,37,29,6,13.031
ENSG00000153443,72,0,74,71,12,13.029
ENSG00000125735,0,0,0,0,0,13.026
ENSG00000203485,46,0,57,37,7,13.019
ENSG00000137822,32,0,25,16,18,13.01
ENSG00000100714,29,0,25,23,5,13.009
ENSG00000143164,51,0,33,42,17,13.005
ENSG00000205302,37,0,17,21,14,13.001
ENSG00000109320,43,0,25,44,9,13.0
ENSG00000151364,23,0,13,17,2,12.994
ENSG00000156052,47,0,33,30,7,12.991
ENSG00000188223,58,0,61,42,18,12.989
ENSG00000115902,49,0,35,22,25,12.987
ENSG00000160325,27,0,38,22,7,12.985
ENSG00000119541,27,0,21,18,20,12.971
ENSG00000159388,34,0,35,24,37,12.966
ENSG00000125952,23,0,24,11,0,12.946
ENSG00000182831,51,0,38,30,22,12.934
ENSG00000183020,54,0,48,28,4,12.926
ENSG00000150907,56,0,47,39,7,12.924
ENSG00000101997,19,0,20,11,0,12.923
ENSG00000131899,36,0,34,8,10,12.921
ENSG00000167536,20,0,25,16,0,12.914
ENSG00000107164,39,0,24,18,11,12.911
ENSG00000183888,26,0,23,16,0,12.91
ENSG00000125505,53,0,45,44,2,12.907
ENSG00000112855,24,0,21,15,15,12.9
ENSG00000135108,20,0,22,7,12,12.9
ENSG00000140474,18,0,17,3,4,12.899
ENSG00000099284,27,0,25,14,5,12.897
ENSG00000171204,36,0,25,16,22,12.896
ENSG00000196510,28,0,22,19,4,12.896
ENSG00000141026,16,0,19,16,24,12.885
ENSG00000185885,33,0,40,5,0,12.885
ENSG00000111875,46,0,26,43,17,12.877
ENSG00000181031,37,0,40,3,10,12.877
ENSG00000109667,0,0,0,0,0,12.876
ENSG00000197498,29,0,23,26,11,12.873
ENSG00000145029,21,0,24,14,4,12.864
ENSG00000087338,41,0,30,21,20,12.86
ENSG00000168078,24,0,15,8,25,12.855
ENSG00000130713,44,0,43,26,10,12.847
ENSG00000143624,20,0,17,22,11,12.836
ENSG00000106615,32,0,30,22,19,12.829
ENSG00000077097,37,0,28,20,16,12.813
ENSG00000144655,39,0,44,42,26,12.808
ENSG00000126458,47,0,46,28,17,12.797
ENSG00000177352,34,0,36,20,13,12.793
ENSG00000153214,32,0,33,22,15,12.792
ENSG00000211450,21,0,16,16,0,12.783
ENSG00000006744,31,0,20,20,10,12.782
ENSG00000164938,46,0,27,25,5,12.781
ENSG00000128266,47,0,35,38,23,12.778
ENSG00000159884,35,0,24,35,5,12.773
ENSG00000177425,71,0,46,62,29,12.767
ENSG00000179361,31,0,28,15,4,12.764
ENSG00000124659,39,0,41,31,24,12.761
ENSG00000126001,44,0,34,22,15,12.759
ENSG00000114026,28,0,23,20,8,12.758
ENSG00000100104,68,0,32,59,9,12.757
ENSG00000054523,40,0,26,25,11,12.755
ENSG00000101224,39,0,32,5,24,12.745
ENSG00000076662,12,0,21,7,8,12.737
ENSG00000174915,65,0,61,37,7,12.732
ENSG00000168538,30,0,23,15,11,12.728
ENSG00000178605,0,0,0,0,0,12.727
ENSG00000160888,66,0,66,64,25,12.726
ENSG00000130822,61,0,79,35,4,12.719
ENSG00000107829,23,0,24,21,5,12.708
ENSG00000128228,29,0,25,17,0,12.7
ENSG00000151692,21,0,32,8,16,12.695
ENSG00000127527,35,8,24,12,3,12.689
ENSG00000196747,56,0,43,47,21,12.687
ENSG00000159086,40,0,25,26,7,12.685
ENSG00000106638,24,0,28,14,15,12.682
ENSG00000136381,44,0,21,26,12,12.677
ENSG00000065183,36,0,29,30,18,12.675
ENSG00000197714,50,0,31,52,17,12.671
ENSG00000100320,26,0,21,17,7,12.669
ENSG00000143303,50,0,41,24,16,12.668
ENSG00000169679,45,0,22,20,25,12.666
ENSG00000157637,32,0,32,16,30,12.662
ENSG00000114019,30,0,33,22,31,12.657
ENSG00000164808,18,0,18,10,3,12.657
ENSG00000205560,25,0,27,16,4,12.655
ENSG00000163444,40,0,26,34,9,12.654
ENSG00000213920,39,0,35,30,17,12.65
ENSG00000127314,34,0,27,24,7,12.648
ENSG00000166035,0,0,0,0,0,12.646
ENSG00000177868,23,0,19,16,13,12.643
ENSG00000140553,48,0,51,33,8,12.638
ENSG00000151135,43,0,32,24,10,12.629
ENSG00000187772,44,0,25,50,16,12.628
ENSG00000171222,13,0,9,10,5,12.627
ENSG00000076351,22,0,24,15,6,12.624
ENSG00000181555,40,0,33,28,9,12.623
ENSG00000107779,51,0,32,43,21,12.62
ENSG00000196866,64,0,56,66,26,12.617
ENSG00000078902,43,13,54,29,0,12.613
ENSG00000164889,49,0,57,25,25,12.608
ENSG00000187742,52,0,19,49,6,12.608
ENSG00000158290,0,0,0,0,0,12.605
ENSG00000197914,29,0,15,32,5,12.599
ENSG00000125814,24,0,28,16,5,12.597
ENSG00000134748,33,0,25,23,15,12.596
ENSG00000135924,34,0,32,14,10,12.595
ENSG00000138592,26,0,27,24,9,12.591
ENSG00000117528,59,0,32,55,15,12.585
ENSG00000186951,46,0,56,11,13,12.581
ENSG00000156469,40,0,28,26,21,12.579
ENSG00000166398,21,0,27,17,0,12.57
ENSG00000131504,26,0,15,21,7,12.568
ENSG00000196923,34,0,40,16,30,12.568
ENSG00000110931,33,0,35,22,13,12.566
ENSG00000102879,16,0,24,0,3,12.562
ENSG00000053501,27,0,21,20,8,12.556
ENSG00000167700,45,0,42,27,0,12.556
ENSG00000198898,37,0,0,48,0,12.551
ENSG00000250317,0,0,20,0,54,12.55
ENSG00000137145,40,0,26,31,21,12.548
ENSG00000258555,31,0,34,20,11,12.548
ENSG00000123374,27,0,19,10,7,12.545
ENSG00000251201,39,0,24,24,22,12.543
ENSG00000109819,3,0,0,0,0,12.539
ENSG00000139651,42,0,26,23,10,12.53
ENSG00000140350,63,0,56,57,27,12.528
ENSG00000109775,22,0,20,18,12,12.527
ENSG00000144048,30,0,32,12,11,12.527
ENSG00000138758,39,0,35,23,8,12.526
ENSG00000100299,24,0,27,14,8,12.524
ENSG00000204673,51,0,44,46,19,12.524
ENSG00000159842,0,0,19,0,49,12.52
ENSG00000137522,37,0,30,25,20,12.518
ENSG00000162458,19,0,40,0,43,12.514
ENSG00000151779,30,0,28,17,29,12.509
ENSG00000196296,0,0,0,0,0,12.507
ENSG00000011007,28,0,23,21,8,12.504
ENSG00000113742,56,0,46,42,8,12.498
ENSG00000148926,77,0,72,71,27,12.494
ENSG00000105771,29,0,23,21,3,12.485
ENSG00000117305,11,0,15,0,9,12.473
ENSG00000140939,34,0,55,19,45,12.467
ENSG00000108468,24,0,20,11,4,12.465
ENSG00000109519,34,0,38,27,26,12.464
ENSG00000010278,21,0,25,3,57,12.461
ENSG00000129691,51,0,39,35,16,12.459
ENSG00000078699,26,0,21,21,9,12.457
ENSG00000127241,30,0,10,17,14,12.457
ENSG00000137842,14,0,13,19,10,12.452
ENSG00000078304,24,0,23,5,31,12.45
ENSG00000164932,19,0,23,11,0,12.446
ENSG00000115816,39,0,31,25,21,12.436
ENSG00000105705,34,0,36,27,13,12.435
ENSG00000015171,30,0,28,27,3,12.433
ENSG00000164087,24,0,23,18,3,12.433
ENSG00000149636,23,0,18,17,13,12.43
ENSG00000103197,26,0,29,13,14,12.427
ENSG00000095002,36,0,29,21,13,12.422
ENSG00000197747,21,0,31,12,9,12.422
ENSG00000177732,61,0,58,43,25,12.416
ENSG00000157778,30,0,31,20,14,12.413
ENSG00000087111,39,0,35,11,4,12.401
ENSG00000203760,22,0,16,9,14,12.394
ENSG00000164615,22,0,14,13,8,12.391
ENSG00000159873,23,0,20,29,6,12.385
ENSG00000014919,32,0,16,21,11,12.384
ENSG00000144320,37,0,28,20,20,12.381
ENSG00000130881,24,0,36,10,29,12.372
ENSG00000161395,50,0,45,50,16,12.363
ENSG00000059728,27,0,19,13,9,12.362
ENSG00000143374,26,0,16,12,7,12.357
ENSG00000135336,45,0,36,34,21,12.347
ENSG00000166816,35,9,27,20,0,12.343
ENSG00000137815,9,0,3,0,0,12.341
ENSG00000160972,29,0,34,10,0,12.338
ENSG00000119682,28,0,23,17,13,12.335
ENSG00000153046,0,0,0,0,26,12.333
ENSG00000100330,18,0,23,9,10,12.331
ENSG00000100575,30,0,26,22,3,12.331
ENSG00000102753,35,0,27,31,8,12.331
ENSG00000166526,48,0,40,48,7,12.328
ENSG00000083312,22,0,18,3,8,12.316
ENSG00000105939,43,0,34,39,18,12.316
ENSG00000071537,26,0,17,21,5,12.313
ENSG00000071051,23,0,27,0,38,12.312
ENSG00000196436,0,0,0,0,5,12.305
ENSG00000144827,17,0,17,11,5,12.302
ENSG00000051009,21,0,22,14,18,12.3
ENSG00000205352,27,0,24,20,5,12.296
ENSG00000214046,39,0,32,21,14,12.296
ENSG00000072134,0,0,0,0,0,12.294
ENSG00000130119,28,0,18,16,5,12.294
ENSG00000096746,62,0,28,34,15,12.29
ENSG00000171530,0,0,0,0,29,12.29
ENSG00000182372,13,0,14,0,25,12.279
ENSG00000153391,24,0,25,19,4,12.274
ENSG00000188559,36,0,24,31,12,12.274
ENSG00000213024,28,0,29,21,10,12.27
ENSG00000159166,38,0,41,43,8,12.269
ENSG00000139531,26,0,23,24,7,12.265
ENSG00000107036,35,0,30,21,12,12.26
ENSG00000067445,13,0,17,0,7,12.259
ENSG00000097007,37,0,32,14,16,12.259
ENSG00000105607,15,0,25,9,26,12.25
ENSG00000178904,29,0,26,27,7,12.244
ENSG00000056998,20,0,26,0,0,12.241
ENSG00000138035,17,0,16,7,9,12.241
ENSG00000141994,17,0,22,17,6,12.239
ENSG00000176974,21,0,16,9,6,12.233
ENSG00000213949,35,0,18,38,10,12.233
ENSG00000105443,25,0,25,10,5,12.223
ENSG00000112079,31,0,27,15,12,12.223
ENSG00000120725,38,0,35,29,14,12.217
ENSG00000087274,30,5,28,23,7,12.207
ENSG00000066044,35,0,39,20,4,12.204
ENSG00000178691,28,0,16,13,0,12.199
ENSG00000214753,59,0,54,43,28,12.189
ENSG00000101986,60,0,59,55,0,12.187
ENSG00000133226,0,0,0,0,3,12.187
ENSG00000088876,17,0,18,4,53,12.185
ENSG00000162377,28,0,23,26,4,12.179
ENSG00000149262,24,0,18,18,6,12.175
ENSG00000171853,57,0,46,46,26,12.174
ENSG00000177030,79,0,69,81,8,12.173
ENSG00000107957,47,0,45,37,13,12.172
ENSG00000164164,47,0,37,34,17,12.167
ENSG00000155438,30,0,30,13,35,12.164
ENSG00000187147,35,0,46,28,32,12.156
ENSG00000170113,0,0,0,0,2,12.151
ENSG00000100916,30,0,21,16,9,12.146
ENSG00000104231,30,0,20,21,15,12.146
ENSG00000145982,35,0,31,27,17,12.142
ENSG00000169992,32,0,37,20,12,12.138
ENSG00000003509,39,0,30,25,20,12.136
ENSG00000171928,15,0,10,10,0,12.13
ENSG00000118162,18,0,16,11,8,12.128
ENSG00000119535,26,0,26,37,5,12.123
ENSG00000182810,37,0,33,25,11,12.12
ENSG00000236104,0,0,0,0,0,12.117
ENSG00000134186,42,0,25,23,20,12.115
ENSG00000143379,19,0,23,13,3,12.115
ENSG00000146833,34,0,22,17,11,12.111
ENSG00000226784,0,0,0,0,0,12.111
ENSG00000141646,23,11,16,10,7,12.109
ENSG00000138092,39,0,24,24,16,12.105
ENSG00000148843,33,0,29,24,16,12.104
ENSG00000105173,18,0,22,0,0,12.098
ENSG00000255154,0,0,0,0,0,12.097
ENSG00000148484,23,10,22,14,15,12.095
ENSG00000135269,12,0,14,8,9,12.089
ENSG00000256525,33,0,27,17,10,12.081
ENSG00000107625,30,0,18,20,8,12.075
ENSG00000122033,34,0,29,24,9,12.071
ENSG00000124523,21,0,21,20,3,12.071
ENSG00000102096,20,0,24,21,0,12.066
ENSG00000139370,31,7,29,17,0,12.056
ENSG00000116157,25,0,22,13,6,12.051
ENSG00000138663,33,0,25,21,12,12.049
ENSG00000157985,36,6,40,14,32,12.047
ENSG00000149532,39,0,31,24,7,12.044
ENSG00000173545,36,0,27,19,10,12.043
ENSG00000106245,49,0,28,35,18,12.04
ENSG00000141971,36,0,39,33,21,12.039
ENSG00000131373,33,8,23,35,14,12.038
ENSG00000110619,32,0,30,14,19,12.037
ENSG00000138081,51,0,33,38,23,12.026
ENSG00000198604,35,0,27,31,9,12.025
ENSG00000133812,33,0,31,30,10,12.016
ENSG00000172780,55,0,50,57,15,12.016
ENSG00000160606,53,0,46,50,11,12.011
ENSG00000173349,28,0,25,24,6,12.005
ENSG00000089876,16,46,15,0,0,12.003
ENSG00000138028,29,0,30,3,50,12.001
ENSG00000170522,46,0,41,46,26,11.989
ENSG00000173653,33,0,31,20,14,11.981
ENSG00000110048,40,0,25,32,10,11.978
ENSG00000198146,31,0,28,29,20,11.977
ENSG00000024862,22,0,16,15,15,11.972
ENSG00000130193,29,0,29,8,15,11.969
ENSG00000180329,26,0,23,21,16,11.964
ENSG00000099617,60,0,78,36,10,11.962
ENSG00000117899,29,0,21,19,11,11.956
ENSG00000167842,34,0,27,23,18,11.954
ENSG00000163528,48,0,32,39,24,11.953
ENSG00000103978,56,0,31,52,23,11.948
ENSG00000186063,37,0,32,29,22,11.946
ENSG00000115514,40,0,35,31,23,11.938
ENSG00000114439,42,0,40,23,21,11.937
ENSG00000113312,25,0,22,11,10,11.936
ENSG00000170619,46,8,46,45,12,11.935
ENSG00000170873,48,0,44,50,16,11.931
ENSG00000178202,20,0,16,11,5,11.927
ENSG00000204599,0,0,0,0,0,11.926
ENSG00000163875,27,0,20,27,8,11.924
ENSG00000106344,25,0,17,16,13,11.923
ENSG00000136856,46,0,40,52,10,11.922
ENSG00000220205,50,0,44,24,10,11.919
ENSG00000021852,17,6,6,32,0,11.916
ENSG00000157184,27,0,23,22,8,11.905
ENSG00000196072,33,0,21,16,16,11.903
ENSG00000160294,45,0,31,21,9,11.898
ENSG00000155252,25,0,21,15,11,11.891
ENSG00000167280,21,0,28,7,31,11.887
ENSG00000115756,41,0,46,31,6,11.883
ENSG00000170037,35,0,28,16,14,11.883
ENSG00000177370,26,0,20,15,12,11.883
ENSG00000177946,52,0,40,31,18,11.882
ENSG00000186866,27,0,31,3,0,11.88
ENSG00000115998,43,0,52,32,26,11.879
ENSG00000023697,12,0,12,10,6,11.873
ENSG00000136935,4,0,0,8,0,11.867
ENSG00000166734,36,0,22,23,8,11.863
ENSG00000160216,44,0,57,33,22,11.852
ENSG00000196284,28,0,20,19,19,11.843
ENSG00000259305,7,0,0,5,0,11.839
ENSG00000140521,26,0,31,12,27,11.836
ENSG00000120662,18,16,14,17,5,11.835
ENSG00000073712,39,0,27,19,16,11.832
ENSG00000166783,42,0,29,42,19,11.831
ENSG00000130816,14,0,21,0,9,11.83
ENSG00000129667,56,0,60,44,19,11.829
ENSG00000078246,29,0,28,26,14,11.823
ENSG00000162881,3,0,0,0,0,11.823
ENSG00000169550,0,0,0,0,0,11.821
ENSG00000100325,22,0,20,14,5,11.816
ENSG00000213494,20,0,21,35,10,11.813
ENSG00000087266,66,0,66,34,4,11.8
ENSG00000115129,29,0,28,24,13,11.8
ENSG00000130723,41,0,44,28,9,11.8
ENSG00000169018,53,0,34,38,18,11.798
ENSG00000108666,38,0,41,23,27,11.789
ENSG00000198837,27,0,21,11,3,11.787
ENSG00000107937,34,0,29,41,19,11.785
ENSG00000075413,36,0,37,17,22,11.779
ENSG00000077463,40,0,47,12,10,11.776
ENSG00000108578,27,0,18,0,7,11.775
ENSG00000101752,25,0,22,18,6,11.772
ENSG00000166938,33,0,24,24,8,11.768
ENSG00000171109,29,0,24,17,9,11.757
ENSG00000175155,43,0,37,32,17,11.755
ENSG00000142684,23,0,23,9,15,11.754
ENSG00000178567,50,0,31,36,17,11.753
ENSG00000152332,25,0,22,10,9,11.751
ENSG00000158710,35,0,33,21,41,11.751
ENSG00000167302,40,0,43,18,16,11.722
ENSG00000162623,46,0,26,41,12,11.717
ENSG00000144749,40,0,27,12,23,11.715
ENSG00000171150,40,0,33,26,22,11.713
ENSG00000139620,34,0,31,12,9,11.709
ENSG00000114346,32,0,22,38,12,11.706
ENSG00000177181,11,0,17,0,9,11.706
ENSG00000143155,22,0,20,15,10,11.703
ENSG00000107175,53,0,48,52,12,11.7
ENSG00000197265,31,0,32,29,16,11.7
ENSG00000143368,21,0,22,17,9,11.697
ENSG00000138382,49,0,46,27,21,11.696
ENSG00000167186,23,0,20,20,12,11.689
ENSG00000203985,29,0,24,11,6,11.688
ENSG00000134900,49,0,36,23,16,11.678
ENSG00000174775,33,0,63,11,16,11.675
ENSG00000140575,24,0,25,14,8,11.669
ENSG00000100038,15,0,16,11,6,11.668
ENSG00000173599,23,0,20,4,0,11.655
ENSG00000198792,31,0,40,8,14,11.654
ENSG00000235194,60,0,60,47,30,11.649
ENSG00000112984,32,0,24,26,22,11.647
ENSG00000084073,23,0,23,20,11,11.646
ENSG00000119844,38,0,32,37,19,11.636
ENSG00000211452,34,0,35,22,5,11.636
ENSG00000159658,27,0,24,20,7,11.623
ENSG00000110514,39,0,31,23,0,11.615
ENSG00000188529,0,0,0,0,0,11.607
ENSG00000165934,26,0,26,22,14,11.604
ENSG00000136144,40,0,18,31,3,11.6
ENSG00000115947,51,0,33,34,25,11.597
ENSG00000118515,0,0,5,0,22,11.595
ENSG00000136883,14,15,16,9,0,11.588
ENSG00000099290,17,0,15,6,0,11.576
ENSG00000174109,20,0,39,0,26,11.572
ENSG00000144647,7,0,17,0,0,11.57
ENSG00000128563,14,0,17,15,0,11.568
ENSG00000037897,32,0,27,24,22,11.567
ENSG00000158985,0,12,0,0,0,11.565
ENSG00000156502,29,0,26,19,18,11.564
ENSG00000198301,23,0,19,14,10,11.56
ENSG00000137968,14,0,18,0,6,11.551
ENSG00000104518,45,0,43,20,0,11.55
ENSG00000121022,0,0,0,0,0,11.549
ENSG00000120699,48,0,39,41,20,11.548
ENSG00000139112,28,0,25,25,7,11.547
ENSG00000171861,31,0,28,20,20,11.547
ENSG00000177508,39,0,43,27,5,11.536
ENSG00000119446,33,0,18,21,16,11.533
ENSG00000132604,19,0,7,31,0,11.529
ENSG00000156990,16,0,19,10,10,11.524
ENSG00000112305,28,0,20,16,12,11.522
ENSG00000173801,16,0,18,2,9,11.52
ENSG00000163785,38,0,25,14,6,11.519
ENSG00000099331,56,0,53,40,21,11.517
ENSG00000117505,54,0,39,32,16,11.483
ENSG00000134987,25,0,18,11,9,11.483
ENSG00000157911,39,0,37,30,37,11.478
ENSG00000072422,35,0,18,26,7,11.469
ENSG00000117408,29,0,31,12,5,11.464
ENSG00000188257,34,0,6,43,4,11.46
ENSG00000117602,32,0,32,21,11,11.458
ENSG00000170265,36,0,43,18,10,11.458
ENSG00000075826,24,0,16,11,10,11.457
ENSG00000119487,25,0,19,10,14,11.457
ENSG00000169084,0,0,0,0,0,11.457
ENSG00000076826,31,0,43,20,12,11.454
ENSG00000163558,21,0,18,14,7,11.452
ENSG00000177565,43,0,25,33,13,11.436
ENSG00000109436,27,1,21,17,3,11.435
ENSG00000178301,37,0,33,42,12,11.431
ENSG00000124333,0,0,0,0,0,11.428
ENSG00000155959,0,0,0,0,0,11.427
ENSG00000114904,36,0,32,35,0,11.424
ENSG00000101057,15,0,19,0,3,11.413
ENSG00000188938,45,0,42,41,18,11.412
ENSG00000123130,0,0,0,5,0,11.401
ENSG00000160447,21,0,20,12,0,11.4
ENSG00000136709,50,0,37,30,19,11.399
ENSG00000170677,44,0,40,49,9,11.395
ENSG00000153179,38,0,39,31,14,11.393
ENSG00000165282,19,0,18,14,0,11.39
ENSG00000174373,34,0,23,39,14,11.39
ENSG00000089818,28,0,20,19,12,11.389
ENSG00000249967,25,0,21,15,11,11.388
ENSG00000171055,10,10,6,15,0,11.387
ENSG00000152700,48,0,26,52,17,11.382
ENSG00000115271,20,0,18,16,16,11.38
ENSG00000139697,34,0,33,30,9,11.376
ENSG00000140525,30,9,25,7,31,11.376
ENSG00000101493,63,0,61,53,23,11.374
ENSG00000132424,29,0,28,22,16,11.369
ENSG00000133119,29,0,17,17,7,11.368
ENSG00000148399,30,0,25,18,3,11.368
ENSG00000130305,14,0,18,3,5,11.363
ENSG00000006695,31,0,18,16,14,11.361
ENSG00000185130,56,0,43,47,21,11.359
ENSG00000035687,30,0,19,12,8,11.355
ENSG00000130311,51,0,61,48,9,11.355
ENSG00000052795,29,0,30,16,9,11.352
ENSG00000142252,47,0,48,28,10,11.352
ENSG00000102967,11,0,21,7,11,11.345
ENSG00000133606,28,0,26,7,8,11.344
ENSG00000164855,21,0,13,7,3,11.343
ENSG00000101665,74,0,75,69,36,11.342
ENSG00000102921,16,0,17,3,29,11.342
ENSG00000141337,0,0,0,0,0,11.34
ENSG00000163686,24,0,31,6,23,11.335
ENSG00000253626,0,0,0,0,10,11.33
ENSG00000146463,29,0,18,11,10,11.329
ENSG00000165886,53,0,31,17,16,11.329
ENSG00000133612,72,0,83,54,13,11.327
ENSG00000101343,19,0,16,14,15,11.325
ENSG00000074935,21,0,16,11,11,11.324
ENSG00000004399,62,0,73,15,11,11.321
ENSG00000105726,39,0,41,43,12,11.319
ENSG00000162923,45,0,33,37,13,11.318
ENSG00000108591,18,0,21,19,8,11.316
ENSG00000122545,35,0,30,26,11,11.315
ENSG00000137825,49,0,47,40,0,11.312
ENSG00000136237,62,4,42,60,14,11.301
ENSG00000204410,0,0,0,0,0,11.3
ENSG00000198056,14,0,16,15,7,11.298
ENSG00000182541,50,0,28,69,12,11.295
ENSG00000170832,5,0,15,0,10,11.294
ENSG00000101596,40,0,32,36,18,11.281
ENSG00000136937,51,0,30,34,19,11.281
ENSG00000182885,26,0,24,20,0,11.278
ENSG00000171466,26,0,18,32,15,11.276
ENSG00000185122,44,0,32,18,16,11.274
ENSG00000198954,24,0,20,11,5,11.267
ENSG00000197296,24,0,23,17,15,11.265
ENSG00000189050,19,0,19,9,10,11.263
ENSG00000117114,0,47,0,0,0,11.262
ENSG00000158828,20,0,18,7,0,11.26
ENSG00000115946,33,0,22,29,15,11.257
ENSG00000170653,38,0,19,31,14,11.257
ENSG00000139645,23,0,22,10,0,11.255
ENSG00000100304,29,11,29,18,3,11.254
ENSG00000115239,0,0,7,0,0,11.253
ENSG00000023191,32,0,26,18,4,11.251
ENSG00000138640,22,10,18,30,13,11.25
ENSG00000165996,21,0,23,19,21,11.244
ENSG00000175606,57,0,50,43,17,11.243
ENSG00000105053,43,0,45,46,14,11.241
ENSG00000145012,37,0,37,42,10,11.24
ENSG00000196660,4,0,0,3,3,11.239
ENSG00000137343,0,0,0,0,0,11.232
ENSG00000183576,50,0,42,31,17,11.231
ENSG00000247077,30,0,22,22,0,11.23
ENSG00000149084,0,0,0,0,71,11.227
ENSG00000112144,54,0,42,34,13,11.223
ENSG00000100359,13,0,11,5,3,11.22
ENSG00000148362,24,4,35,2,10,11.22
ENSG00000130717,21,0,24,3,25,11.218
ENSG00000116704,28,0,21,25,7,11.21
ENSG00000168395,34,13,34,21,8,11.209
ENSG00000198478,18,0,20,18,5,11.2
ENSG00000019995,0,0,0,0,0,11.197
ENSG00000110497,51,0,45,58,7,11.191
ENSG00000135503,37,0,26,11,26,11.191
ENSG00000101811,16,0,12,10,3,11.187
ENSG00000131966,23,0,17,15,14,11.187
ENSG00000097033,38,0,26,23,14,11.186
ENSG00000157326,33,7,25,14,19,11.186
ENSG00000137364,31,0,25,18,11,11.181
ENSG00000189221,27,0,23,23,7,11.174
ENSG00000171159,21,0,20,10,3,11.169
ENSG00000168569,39,0,41,30,8,11.168
ENSG00000188647,27,0,16,39,10,11.163
ENSG00000143409,74,0,56,78,18,11.162
ENSG00000161888,23,0,22,10,7,11.162
ENSG00000163463,21,0,26,10,7,11.161
ENSG00000143751,40,0,28,27,13,11.149
ENSG00000160712,38,0,46,22,36,11.149
ENSG00000100294,18,0,19,9,15,11.147
ENSG00000137713,28,0,20,22,12,11.145
ENSG00000077150,33,0,36,24,19,11.14
ENSG00000135776,35,0,33,12,13,11.14
ENSG00000101216,41,0,43,34,14,11.139
ENSG00000204120,43,0,23,23,11,11.138
ENSG00000131626,28,0,22,10,11,11.131
ENSG00000213722,0,0,0,0,0,11.131
ENSG00000186088,47,0,23,57,6,11.129
ENSG00000243414,38,0,23,22,22,11.127
ENSG00000109445,17,0,16,13,6,11.12
ENSG00000165487,17,0,21,11,16,11.117
ENSG00000188026,31,0,30,11,0,11.116
ENSG00000188997,55,0,46,37,12,11.115
ENSG00000214855,39,0,32,69,0,11.113
ENSG00000137166,55,0,50,43,17,11.11
ENSG00000095574,44,0,24,39,19,11.109
ENSG00000198246,22,0,24,15,3,11.104
ENSG00000100151,20,0,33,9,16,11.099
ENSG00000256349,20,0,12,24,7,11.092
ENSG00000138078,32,0,28,23,22,11.089
ENSG00000147421,51,0,31,34,23,11.084
ENSG00000172660,30,0,29,24,13,11.082
ENSG00000132842,24,0,25,17,19,11.079
ENSG00000173226,26,0,20,20,10,11.079
ENSG00000198324,25,0,30,21,6,11.077
ENSG00000033178,33,2,23,25,7,11.076
ENSG00000147400,40,0,27,37,5,11.076
ENSG00000086848,24,0,13,15,4,11.071
ENSG00000117707,28,0,19,26,0,11.071
ENSG00000096401,32,0,22,19,11,11.07
ENSG00000232119,0,0,0,0,0,11.07
ENSG00000164597,31,0,19,20,11,11.066
ENSG00000127463,38,0,33,38,15,11.065
ENSG00000186665,42,0,46,13,29,11.064
ENSG00000139687,35,0,20,23,18,11.063
ENSG00000102471,21,0,16,16,7,11.061
ENSG00000132294,23,0,23,10,11,11.053
ENSG00000114982,12,0,14,9,42,11.052
ENSG00000162231,28,0,19,19,7,11.049
ENSG00000180884,32,5,40,22,27,11.047
ENSG00000177192,29,0,30,19,7,11.037
ENSG00000113721,9,0,6,0,52,11.035
ENSG00000198900,46,0,36,29,7,11.031
ENSG00000134030,38,0,35,27,12,11.029
ENSG00000103037,27,0,26,12,5,11.028
ENSG00000135953,32,0,27,22,18,11.023
ENSG00000105556,43,0,46,23,6,11.022
ENSG00000166167,20,0,20,10,16,11.019
ENSG00000010319,38,0,42,6,7,11.018
ENSG00000046651,35,0,17,19,5,11.012
ENSG00000181392,35,0,33,28,8,11.01
ENSG00000103932,18,0,21,13,0,11.008
ENSG00000172315,32,0,31,25,17,11.006
ENSG00000164366,37,0,30,23,8,11.002
ENSG00000170345,46,0,50,40,47,11.0
ENSG00000080546,39,0,32,19,10,10.999
ENSG00000197785,29,0,36,15,4,10.995
ENSG00000163655,39,0,26,30,8,10.994
ENSG00000184277,32,0,24,23,5,10.993
ENSG00000119812,27,0,21,19,13,10.992
ENSG00000112992,32,0,24,24,5,10.989
ENSG00000135622,15,0,16,0,9,10.984
ENSG00000124164,27,0,22,18,5,10.976
ENSG00000169683,55,0,52,27,13,10.973
ENSG00000136051,27,0,26,19,15,10.972
ENSG00000007376,30,0,30,5,6,10.966
ENSG00000012817,21,0,13,18,0,10.966
ENSG00000214050,36,0,31,10,33,10.956
ENSG00000162694,42,6,30,31,20,10.943
ENSG00000085788,0,0,0,0,0,10.94
ENSG00000162775,82,0,51,73,13,10.939
ENSG00000149311,48,0,31,39,27,10.936
ENSG00000148606,41,0,32,36,12,10.934
ENSG00000147854,32,0,22,19,14,10.93
ENSG00000054277,0,4,0,0,3,10.929
ENSG00000109790,53,0,26,44,3,10.928
ENSG00000132196,41,0,8,32,0,10.928
ENSG00000051596,0,0,0,0,0,10.926
ENSG00000101003,33,23,18,15,11,10.925
ENSG00000120913,20,0,27,0,6,10.925
ENSG00000082701,71,0,43,44,16,10.924
ENSG00000077721,23,0,23,17,0,10.914
ENSG00000107443,29,0,21,24,11,10.907
ENSG00000186792,60,0,61,56,14,10.904
ENSG00000168476,26,0,40,16,16,10.903
ENSG00000005156,28,0,23,25,0,10.899
ENSG00000006704,39,0,36,37,10,10.899
ENSG00000139343,22,0,24,15,13,10.896
ENSG00000115839,38,0,31,26,14,10.895
ENSG00000140395,37,0,33,15,14,10.889
ENSG00000130695,28,0,24,22,11,10.887
ENSG00000168496,32,0,28,27,18,10.887
ENSG00000185864,0,0,0,0,0,10.884
ENSG00000145860,49,0,33,36,19,10.883
ENSG00000154813,41,0,24,36,15,10.883
ENSG00000099940,35,0,30,16,11,10.882
ENSG00000129315,33,21,38,23,10,10.882
ENSG00000136950,37,0,34,25,15,10.88
ENSG00000106244,49,0,28,35,18,10.879
ENSG00000125798,51,0,56,42,39,10.875
ENSG00000145833,28,0,14,12,5,10.872
ENSG00000149196,21,0,13,10,9,10.872
ENSG00000006451,39,0,28,28,4,10.868
ENSG00000188352,0,0,0,0,11,10.868
ENSG00000119280,30,4,26,16,4,10.866
ENSG00000171497,21,0,23,18,9,10.859
ENSG00000139194,52,0,56,54,11,10.856
ENSG00000119231,29,0,26,21,5,10.855
ENSG00000153885,29,0,32,17,19,10.853
ENSG00000197386,39,0,34,26,10,10.853
ENSG00000177984,23,0,44,8,8,10.852
ENSG00000176102,28,0,25,23,6,10.851
ENSG00000124831,17,0,33,0,54,10.85
ENSG00000126903,34,0,39,16,0,10.843
ENSG00000155980,25,0,34,9,36,10.841
ENSG00000151502,34,0,33,17,16,10.833
ENSG00000099385,40,0,42,19,0,10.83
ENSG00000198839,51,0,40,62,26,10.826
ENSG00000144285,22,0,6,33,0,10.823
ENSG00000156853,18,0,9,0,24,10.823
ENSG00000137133,40,0,38,29,5,10.822
ENSG00000178498,13,0,15,0,10,10.817
ENSG00000127337,20,0,18,20,0,10.815
ENSG00000051382,37,0,35,28,11,10.81
ENSG00000113648,26,0,27,12,3,10.808
ENSG00000160271,0,0,0,0,9,10.807
ENSG00000112304,39,16,25,23,14,10.799
ENSG00000143771,18,0,15,7,3,10.798
ENSG00000132017,15,0,20,7,4,10.796
ENSG00000124257,37,0,35,23,3,10.791
ENSG00000140262,29,0,24,21,8,10.789
ENSG00000175213,53,0,37,31,13,10.789
ENSG00000156928,59,0,35,60,10,10.787
ENSG00000062650,43,0,34,26,16,10.783
ENSG00000068400,16,0,14,16,5,10.783
ENSG00000256073,41,0,24,15,15,10.783
ENSG00000131375,31,0,20,22,7,10.782
ENSG00000091127,22,0,25,19,11,10.781
ENSG00000160094,42,0,46,39,15,10.778
ENSG00000078043,24,0,25,5,4,10.768
ENSG00000063587,14,0,18,6,0,10.762
ENSG00000169299,30,0,24,3,0,10.759
ENSG00000168255,6,0,7,5,4,10.758
ENSG00000134371,27,0,25,15,6,10.757
ENSG00000059769,41,0,38,21,17,10.752
ENSG00000169964,16,0,17,13,0,10.745
ENSG00000151893,31,0,28,14,23,10.731
ENSG00000108950,34,0,27,27,15,10.726
ENSG00000120694,46,0,22,39,17,10.726
ENSG00000167920,27,0,15,17,16,10.726
ENSG00000158792,30,0,38,26,0,10.721
ENSG00000137266,52,0,46,19,24,10.718
ENSG00000141569,52,0,52,16,9,10.715
ENSG00000161980,25,0,24,19,9,10.703
ENSG00000095739,47,0,39,29,50,10.7
ENSG00000109103,14,0,18,0,2,10.699
ENSG00000115685,34,0,34,13,17,10.699
ENSG00000140750,37,0,28,24,19,10.697
ENSG00000113790,21,0,18,14,13,10.694
ENSG00000186141,17,0,22,14,9,10.688
ENSG00000184281,34,0,39,22,23,10.681
ENSG00000142634,23,0,30,0,40,10.678
ENSG00000143622,18,0,16,15,0,10.665
ENSG00000056586,31,0,20,26,10,10.662
ENSG00000237190,57,0,41,53,8,10.66
ENSG00000008394,29,0,24,28,3,10.659
ENSG00000085832,21,0,17,20,12,10.659
ENSG00000155329,31,0,30,30,8,10.659
ENSG00000166135,24,0,16,11,10,10.656
ENSG00000171017,29,0,30,32,12,10.648
ENSG00000158805,40,0,37,29,6,10.646
ENSG00000084463,32,0,18,21,15,10.644
ENSG00000162078,5,0,17,0,57,10.641
ENSG00000147852,17,0,29,0,36,10.638
ENSG00000188522,46,0,51,39,11,10.637
ENSG00000089902,46,0,44,24,5,10.635
ENSG00000115761,32,0,25,15,18,10.633
ENSG00000131408,59,0,70,27,3,10.632
ENSG00000051128,22,0,31,5,0,10.63
ENSG00000135637,37,0,37,24,18,10.62
ENSG00000158526,26,0,17,8,5,10.62
ENSG00000196422,21,0,27,8,0,10.61
ENSG00000114302,36,0,31,18,3,10.608
ENSG00000128585,70,0,55,55,19,10.606
ENSG00000115919,35,0,6,60,0,10.596
ENSG00000131873,28,0,27,7,16,10.592
ENSG00000133997,22,0,20,9,6,10.59
ENSG00000187630,20,0,16,12,3,10.584
ENSG00000116095,53,0,46,34,21,10.582
ENSG00000110696,0,0,14,0,63,10.581
ENSG00000122133,0,0,6,0,44,10.581
ENSG00000113269,26,7,27,9,27,10.578
ENSG00000243317,22,0,25,18,12,10.575
ENSG00000205542,0,0,15,0,7,10.574
ENSG00000136881,4,15,0,21,0,10.573
ENSG00000163702,38,0,40,37,9,10.57
ENSG00000138443,35,0,25,18,15,10.565
ENSG00000165304,31,0,24,18,12,10.562
ENSG00000137274,36,0,23,29,5,10.547
ENSG00000140694,48,0,46,44,21,10.544
ENSG00000057252,24,0,27,20,4,10.542
ENSG00000062194,70,0,60,45,13,10.54
ENSG00000113249,13,0,5,18,0,10.539
ENSG00000082258,46,5,31,28,23,10.537
ENSG00000088833,21,0,15,4,46,10.535
ENSG00000169499,20,0,44,3,8,10.527
ENSG00000102401,23,0,24,20,0,10.526
ENSG00000166272,15,0,17,16,8,10.522
ENSG00000168067,24,0,37,9,4,10.519
ENSG00000008869,28,0,19,17,14,10.517
ENSG00000013392,43,0,34,29,17,10.514
ENSG00000197696,35,0,36,16,5,10.501
ENSG00000250479,48,0,49,42,6,10.492
ENSG00000119979,35,0,27,11,0,10.491
ENSG00000180694,0,0,0,0,22,10.489
ENSG00000048028,33,0,24,16,12,10.488
ENSG00000111321,73,0,76,39,25,10.488
ENSG00000189190,11,10,19,7,0,10.487
ENSG00000150977,19,0,20,12,3,10.486
ENSG00000205220,32,0,35,25,19,10.484
ENSG00000117697,38,0,25,50,14,10.48
ENSG00000166037,49,0,37,37,27,10.479
ENSG00000103061,37,0,37,41,22,10.474
ENSG00000171241,19,0,23,9,3,10.474
ENSG00000186001,17,0,23,16,4,10.474
ENSG00000145022,45,0,26,35,13,10.463
ENSG00000188242,29,0,36,5,33,10.461
ENSG00000015676,24,0,15,15,6,10.457
ENSG00000180098,23,0,17,13,7,10.454
ENSG00000181192,17,0,17,14,0,10.452
ENSG00000189079,76,0,59,66,11,10.451
ENSG00000100311,51,0,53,43,6,10.45
ENSG00000108379,0,0,0,0,5,10.446
ENSG00000118564,42,0,24,52,9,10.445
ENSG00000174111,47,0,32,14,10,10.44
ENSG00000064961,19,0,22,9,0,10.439
ENSG00000127616,42,0,35,28,6,10.433
ENSG00000165494,53,0,35,28,27,10.433
ENSG00000164284,25,0,22,16,14,10.431
ENSG00000164105,41,0,41,21,16,10.428
ENSG00000171700,22,0,65,4,23,10.428
ENSG00000122042,35,0,29,30,11,10.427
ENSG00000204520,0,0,0,0,0,10.425
ENSG00000123352,39,0,34,24,11,10.423
ENSG00000172830,26,0,27,11,0,10.423
ENSG00000184677,33,0,26,38,9,10.416
ENSG00000164039,16,0,11,0,3,10.414
ENSG00000185722,28,0,28,16,12,10.414
ENSG00000172954,25,0,16,9,17,10.412
ENSG00000162385,22,0,24,16,14,10.409
ENSG00000134480,29,0,18,20,11,10.405
ENSG00000212734,49,0,44,29,19,10.401
ENSG00000175866,38,0,55,11,19,10.4
ENSG00000163170,29,0,31,18,16,10.393
ENSG00000104164,41,0,23,31,12,10.391
ENSG00000052749,20,0,22,18,12,10.39
ENSG00000081377,52,0,47,34,24,10.39
ENSG00000099974,0,0,0,0,0,10.39
ENSG00000239305,44,0,34,37,8,10.389
ENSG00000161981,24,0,24,18,9,10.38
ENSG00000152944,17,0,24,9,23,10.372
ENSG00000172932,32,0,29,28,4,10.37
ENSG00000159079,26,0,29,22,16,10.369
ENSG00000142102,15,0,36,0,41,10.366
ENSG00000177426,0,0,0,0,5,10.366
ENSG00000143921,42,0,38,35,4,10.362
ENSG00000179409,29,0,27,20,6,10.359
ENSG00000173846,38,0,31,38,3,10.356
ENSG00000180425,33,0,22,22,15,10.356
ENSG00000133103,16,0,17,10,11,10.348
ENSG00000119820,28,0,26,19,14,10.345
ENSG00000185222,17,0,15,10,6,10.344
ENSG00000181523,23,0,27,9,0,10.339
ENSG00000160688,27,0,18,15,3,10.338
ENSG00000173674,34,0,20,12,4,10.338
ENSG00000008323,17,0,20,18,7,10.333
ENSG00000196954,24,15,18,17,21,10.331
ENSG00000180776,17,0,17,12,8,10.329
ENSG00000182325,49,0,40,43,3,10.328
ENSG00000140259,29,0,27,18,9,10.318
ENSG00000148331,22,0,23,10,14,10.317
ENSG00000144589,32,0,25,35,5,10.316
ENSG00000188785,24,0,17,23,10,10.313
ENSG00000130598,8,0,8,11,14,10.305
ENSG00000136504,22,0,20,14,3,10.305
ENSG00000112183,14,0,16,8,6,10.302
ENSG00000135002,36,0,31,29,10,10.302
ENSG00000172922,21,0,22,0,4,10.297
ENSG00000258653,29,0,29,24,3,10.297
ENSG00000099785,11,0,10,2,0,10.296
ENSG00000205323,39,0,26,24,15,10.296
ENSG00000164081,0,0,0,0,0,10.283
ENSG00000054965,26,0,27,10,13,10.282
ENSG00000123684,23,0,22,14,3,10.279
ENSG00000148459,27,0,26,16,15,10.277
ENSG00000164051,26,0,28,27,10,10.277
ENSG00000173821,53,0,54,35,13,10.275
ENSG00000126790,37,0,31,35,17,10.267
ENSG00000144233,36,0,31,17,2,10.262
ENSG00000012963,32,0,25,18,9,10.26
ENSG00000114062,34,0,26,36,7,10.258
ENSG00000109762,49,0,30,53,9,10.257
ENSG00000141965,35,0,33,5,3,10.257
ENSG00000154229,41,0,39,35,9,10.254
ENSG00000204576,0,0,0,0,0,10.252
ENSG00000108854,36,0,36,15,18,10.25
ENSG00000133858,34,0,25,34,22,10.248
ENSG00000072062,40,0,44,30,9,10.247
ENSG00000131943,31,0,27,23,8,10.242
ENSG00000198841,27,0,20,46,12,10.241
ENSG00000149483,33,0,26,20,10,10.236
ENSG00000173575,63,0,33,49,10,10.236
ENSG00000008382,51,0,41,28,11,10.235
ENSG00000182858,31,0,30,12,0,10.234
ENSG00000094916,70,0,46,40,17,10.232
ENSG00000149761,38,0,47,23,6,10.23
ENSG00000017260,0,0,0,0,6,10.229
ENSG00000170727,44,0,32,18,16,10.228
ENSG00000214194,11,0,9,0,15,10.226
ENSG00000164543,47,0,32,46,14,10.225
ENSG00000134001,44,0,31,25,18,10.223
ENSG00000101624,55,0,34,44,18,10.212
ENSG00000186432,34,0,26,22,7,10.21
ENSG00000100731,38,0,29,25,9,10.207
ENSG00000150961,33,0,25,24,12,10.204
ENSG00000163249,46,0,37,33,11,10.203
ENSG00000171608,0,0,11,0,51,10.203
ENSG00000120314,24,0,21,18,12,10.201
ENSG00000125885,36,0,22,18,15,10.2
ENSG00000172878,21,0,14,12,7,10.196
ENSG00000144566,45,0,32,25,7,10.194
ENSG00000166478,35,0,31,41,12,10.193
ENSG00000132964,33,0,22,15,14,10.191
ENSG00000140463,27,0,28,16,22,10.18
ENSG00000185515,34,0,24,16,5,10.18
ENSG00000196199,24,0,27,19,11,10.18
ENSG00000175311,24,0,18,13,10,10.177
ENSG00000214435,20,0,16,12,0,10.176
ENSG00000121039,55,0,42,47,21,10.175
ENSG00000105248,14,8,18,21,4,10.174
ENSG00000154122,33,0,37,6,0,10.168
ENSG00000196712,29,0,22,19,6,10.168
ENSG00000106524,42,0,39,30,14,10.167
ENSG00000162869,21,0,19,16,22,10.163
ENSG00000146067,24,0,29,12,4,10.159
ENSG00000166450,40,0,32,12,14,10.159
ENSG00000174173,30,0,30,16,15,10.159
ENSG00000075643,33,0,31,24,10,10.158
ENSG00000157181,40,0,30,33,13,10.158
ENSG00000133030,33,0,47,8,13,10.156
ENSG00000153936,59,0,51,43,21,10.152
ENSG00000153317,30,0,28,13,3,10.148
ENSG00000162714,32,0,32,7,9,10.147
ENSG00000099949,39,0,38,31,15,10.146
ENSG00000137710,41,0,22,12,7,10.146
ENSG00000032444,29,0,30,23,9,10.145
ENSG00000178397,12,0,19,4,4,10.144
ENSG00000039650,43,0,48,34,5,10.142
ENSG00000106246,42,0,35,33,10,10.14
ENSG00000113838,58,0,49,41,26,10.137
ENSG00000164040,53,0,40,38,25,10.137
ENSG00000087995,22,0,21,9,14,10.133
ENSG00000065491,29,0,20,14,11,10.128
ENSG00000196636,18,0,14,10,16,10.127
ENSG00000168566,25,0,17,13,5,10.126
ENSG00000175354,5,0,0,3,4,10.126
ENSG00000101557,38,0,30,14,15,10.124
ENSG00000138688,20,0,16,7,17,10.124
ENSG00000163684,33,0,26,20,17,10.123
ENSG00000169093,0,0,0,0,0,10.121
ENSG00000185928,61,0,69,30,27,10.121
ENSG00000176994,53,0,49,27,16,10.119
ENSG00000176731,36,0,23,28,10,10.118
ENSG00000001167,60,0,37,42,17,10.116
ENSG00000070785,21,0,17,16,8,10.113
ENSG00000125846,30,36,29,21,18,10.112
ENSG00000046647,21,0,12,12,0,10.105
ENSG00000157350,40,0,45,37,16,10.103
ENSG00000169203,0,0,0,0,0,10.102
ENSG00000005882,23,0,27,15,41,10.096
ENSG00000087087,37,0,28,19,13,10.094
ENSG00000159479,34,0,25,24,13,10.093
ENSG00000115942,37,0,26,26,17,10.089
ENSG00000126777,0,0,0,0,0,10.083
ENSG00000172296,23,0,20,22,5,10.083
ENSG00000164465,0,0,3,0,6,10.08
ENSG00000057663,25,0,16,19,27,10.079
ENSG00000119688,28,0,26,24,4,10.079
ENSG00000157540,53,0,35,41,12,10.079
ENSG00000164933,50,0,31,23,17,10.075
ENSG00000166548,47,0,38,39,9,10.074
ENSG00000138080,46,0,42,8,33,10.068
ENSG00000120860,14,0,15,23,10,10.067
ENSG00000001084,24,0,4,42,3,10.065
ENSG00000184203,56,0,45,42,21,10.057
ENSG00000180900,21,0,22,6,0,10.056
ENSG00000146830,25,0,33,9,7,10.055
ENSG00000163788,49,0,35,44,24,10.055
ENSG00000121067,25,0,14,21,9,10.054
ENSG00000172292,33,16,31,17,11,10.051
ENSG00000177200,32,0,34,56,11,10.049
ENSG00000081913,61,0,43,38,4,10.047
ENSG00000120071,0,0,7,0,0,10.046
ENSG00000148429,43,1,18,27,6,10.046
ENSG00000153201,33,0,26,16,7,10.044
ENSG00000174943,27,0,26,9,14,10.042
ENSG00000146083,70,0,65,41,24,10.038
ENSG00000163806,0,0,0,0,0,10.038
ENSG00000176973,63,0,79,27,16,10.038
ENSG00000215012,45,0,37,37,13,10.038
ENSG00000170270,33,0,25,18,11,10.035
ENSG00000181915,38,0,26,19,4,10.034
ENSG00000137275,30,0,37,20,18,10.023
ENSG00000092094,37,0,27,25,14,10.021
ENSG00000163960,35,0,33,19,16,10.021
ENSG00000174233,27,0,28,4,8,10.02
ENSG00000182484,0,0,0,0,0,10.018
ENSG00000070495,37,0,41,33,9,10.015
ENSG00000198625,23,0,21,19,14,10.003
ENSG00000107949,36,0,27,24,14,10.002
ENSG00000131374,0,0,8,0,35,10.001
ENSG00000101311,27,0,19,18,7,10.0
ENSG00000166483,89,0,52,88,13,9.999
ENSG00000066557,44,0,30,30,12,9.997
ENSG00000100888,34,0,27,20,13,9.996
ENSG00000135597,33,0,25,22,13,9.995
ENSG00000164266,0,0,0,0,31,9.993
ENSG00000197563,44,0,32,23,26,9.992
ENSG00000141428,28,5,24,22,12,9.989
ENSG00000134508,51,0,41,49,21,9.988
ENSG00000166716,49,0,46,53,20,9.986
ENSG00000154864,37,0,44,9,16,9.985
ENSG00000197217,31,0,18,23,15,9.985
ENSG00000002330,36,0,31,17,5,9.977
ENSG00000166411,9,0,15,0,11,9.977
ENSG00000133639,48,0,29,18,17,9.972
ENSG00000161267,21,18,12,34,0,9.971
ENSG00000165637,39,0,29,24,10,9.97
ENSG00000074356,22,0,18,9,4,9.962
ENSG00000094975,46,0,26,27,19,9.96
ENSG00000101544,60,0,48,19,4,9.957
ENSG00000181827,44,0,37,27,11,9.956
ENSG00000243452,14,0,13,9,8,9.952
ENSG00000130244,15,0,21,3,16,9.951
ENSG00000163781,26,0,17,18,11,9.948
ENSG00000116584,11,0,19,3,0,9.947
ENSG00000091009,35,0,24,22,7,9.945
ENSG00000146409,17,4,16,7,4,9.944
ENSG00000188021,33,0,30,20,4,9.944
ENSG00000121310,32,0,27,23,10,9.942
ENSG00000119203,44,0,40,23,16,9.941
ENSG00000166337,30,0,19,29,3,9.938
ENSG00000100034,17,0,19,4,0,9.937
ENSG00000110888,31,0,25,18,9,9.937
ENSG00000167702,54,0,67,28,8,9.937
ENSG00000110583,22,0,26,13,6,9.934
ENSG00000173273,43,0,28,32,10,9.927
ENSG00000164695,29,0,20,22,14,9.926
ENSG00000100109,37,0,20,21,13,9.925
ENSG00000206418,29,0,31,9,28,9.925
ENSG00000254290,75,0,74,70,22,9.924
ENSG00000258474,16,0,14,19,4,9.922
ENSG00000011132,35,0,27,28,9,9.921
ENSG00000149231,26,13,18,18,5,9.92
ENSG00000258289,20,0,17,18,10,9.919
ENSG00000139168,35,0,20,30,14,9.917
ENSG00000131116,23,0,22,21,5,9.909
ENSG00000160551,33,0,23,20,12,9.905
ENSG00000170471,31,0,20,16,20,9.904
ENSG00000168765,17,0,23,0,3,9.903
ENSG00000169105,22,0,25,10,12,9.903
ENSG00000175470,0,0,0,0,0,9.901
ENSG00000157110,48,0,41,39,11,9.898
ENSG00000160256,39,0,45,17,8,9.894
ENSG00000198064,0,0,0,0,0,9.889
ENSG00000163900,27,0,20,20,10,9.883
ENSG00000254858,27,0,33,15,5,9.872
ENSG00000130827,22,0,28,5,0,9.871
ENSG00000143294,79,0,67,79,31,9.871
ENSG00000103111,22,0,27,20,13,9.87
ENSG00000110811,32,0,30,14,11,9.869
ENSG00000171100,56,0,38,57,3,9.867
ENSG00000103653,53,0,60,17,4,9.864
ENSG00000160211,60,0,60,51,10,9.864
ENSG00000108395,29,0,22,16,12,9.863
ENSG00000164576,37,0,29,14,9,9.855
ENSG00000168298,50,0,41,47,16,9.849
ENSG00000148339,45,0,36,32,10,9.843
ENSG00000023318,28,0,25,21,15,9.842
ENSG00000109805,52,0,33,31,17,9.841
ENSG00000132024,13,0,18,9,3,9.841
ENSG00000141873,10,0,14,0,3,9.84
ENSG00000205133,0,0,0,0,0,9.84
ENSG00000028203,31,0,27,25,11,9.839
ENSG00000011454,32,0,21,27,8,9.835
ENSG00000055957,17,0,15,43,0,9.834
ENSG00000196372,14,0,20,8,20,9.834
ENSG00000171865,33,0,24,21,6,9.826
ENSG00000123297,20,0,16,10,9,9.825
ENSG00000178821,56,0,70,14,7,9.818
ENSG00000127191,36,0,44,29,3,9.817
ENSG00000181222,61,0,57,49,17,9.812
ENSG00000177646,40,0,25,25,21,9.811
ENSG00000083093,36,0,36,32,19,9.798
ENSG00000156795,52,0,26,55,12,9.796
ENSG00000163013,23,0,25,4,16,9.795
ENSG00000101146,21,0,20,14,10,9.794
ENSG00000113360,43,0,33,35,7,9.79
ENSG00000123815,71,0,67,55,21,9.786
ENSG00000215114,21,0,13,12,11,9.781
ENSG00000139197,20,0,23,15,12,9.778
ENSG00000139624,38,0,25,41,9,9.77
ENSG00000157538,28,0,24,20,4,9.77
ENSG00000144357,55,0,46,27,22,9.769
ENSG00000139517,47,4,38,31,18,9.767
ENSG00000180357,22,0,21,11,0,9.766
ENSG00000185155,14,0,26,3,4,9.761
ENSG00000162627,30,0,30,16,3,9.759
ENSG00000094804,32,0,21,17,7,9.751
ENSG00000253797,11,0,6,25,0,9.746
ENSG00000131153,17,0,29,5,47,9.743
ENSG00000167778,18,0,18,16,8,9.738
ENSG00000085377,26,0,24,15,7,9.734
ENSG00000125744,19,0,48,0,0,9.732
ENSG00000103024,44,0,45,20,10,9.723
ENSG00000163933,24,0,26,18,6,9.722
ENSG00000186625,24,0,24,14,8,9.722
ENSG00000067113,21,0,20,2,10,9.721
ENSG00000130787,19,0,37,4,4,9.72
ENSG00000170191,37,0,32,29,13,9.715
ENSG00000221963,30,0,34,36,10,9.715
ENSG00000101751,16,0,18,14,0,9.711
ENSG00000138138,0,0,0,14,0,9.711
ENSG00000151276,52,0,50,44,27,9.711
ENSG00000213064,24,7,19,16,4,9.709
ENSG00000128059,69,0,51,48,21,9.702
ENSG00000161544,42,0,32,37,4,9.7
ENSG00000111726,16,0,12,8,8,9.698
ENSG00000125779,54,0,44,46,17,9.698
ENSG00000136861,30,0,23,26,9,9.694
ENSG00000100519,28,0,21,20,14,9.692
ENSG00000090447,41,0,39,27,11,9.69
ENSG00000172840,21,0,32,12,11,9.69
ENSG00000135365,35,0,38,9,3,9.688
ENSG00000170485,47,0,40,46,10,9.685
ENSG00000055332,32,0,27,16,12,9.682
ENSG00000169740,14,0,16,2,23,9.682
ENSG00000144026,31,0,22,17,16,9.68
ENSG00000172890,43,0,44,25,8,9.677
ENSG00000158467,33,0,21,12,7,9.673
ENSG00000086544,70,0,66,55,20,9.672
ENSG00000164073,33,0,29,30,10,9.671
ENSG00000180089,23,0,19,26,0,9.669
ENSG00000103855,29,0,24,9,25,9.666
ENSG00000124209,19,0,23,12,7,9.666
ENSG00000132854,21,0,34,14,3,9.665
ENSG00000143319,51,0,40,22,18,9.665
ENSG00000105514,22,5,26,10,5,9.662
ENSG00000174744,60,0,53,50,12,9.66
ENSG00000108797,48,0,43,18,14,9.649
ENSG00000166133,44,0,36,22,6,9.645
ENSG00000153551,21,0,24,10,8,9.644
ENSG00000215041,29,0,30,18,16,9.64
ENSG00000102804,27,0,29,17,8,9.631
ENSG00000204954,36,0,30,26,14,9.631
ENSG00000154380,44,0,32,31,3,9.63
ENSG00000054611,41,0,33,37,12,9.629
ENSG00000160602,74,0,62,65,14,9.627
ENSG00000157315,16,0,9,10,0,9.626
ENSG00000174840,41,0,38,27,13,9.623
ENSG00000213145,92,0,88,39,37,9.616
ENSG00000132773,52,0,31,66,12,9.609
ENSG00000198624,17,0,25,11,16,9.605
ENSG00000100060,28,0,48,3,16,9.604
ENSG00000167771,43,0,62,13,12,9.601
ENSG00000166881,38,0,46,34,6,9.6
ENSG00000115289,57,0,61,35,25,9.597
ENSG00000170633,25,0,22,21,12,9.597
ENSG00000103145,52,0,63,45,17,9.595
ENSG00000108270,16,0,23,12,40,9.593
ENSG00000137269,46,0,37,40,17,9.593
ENSG00000157303,25,0,51,10,24,9.591
ENSG00000142556,30,42,28,32,16,9.589
ENSG00000102119,43,0,41,18,0,9.581
ENSG00000132763,37,0,41,48,25,9.578
ENSG00000108423,43,0,33,33,14,9.576
ENSG00000198642,23,0,18,14,7,9.573
ENSG00000149016,38,0,24,46,6,9.567
ENSG00000176919,45,0,65,41,0,9.567
ENSG00000117632,21,0,23,13,6,9.565
ENSG00000140367,23,0,23,3,15,9.565
ENSG00000100077,27,0,23,12,7,9.555
ENSG00000070214,37,0,25,15,10,9.551
ENSG00000124177,32,0,28,16,16,9.544
ENSG00000148985,28,0,25,21,9,9.542
ENSG00000180957,35,0,24,23,14,9.536
ENSG00000141456,42,0,25,23,9,9.53
ENSG00000240682,35,0,28,29,16,9.53
ENSG00000095203,27,0,36,4,8,9.529
ENSG00000139597,39,0,30,38,6,9.528
ENSG00000179837,40,0,45,20,2,9.528
ENSG00000137731,11,0,22,13,36,9.527
ENSG00000124587,36,0,33,25,14,9.526
ENSG00000075240,54,15,69,20,20,9.524
ENSG00000164535,48,0,36,29,13,9.522
ENSG00000115808,37,0,24,17,15,9.521
ENSG00000107290,31,0,25,20,7,9.518
ENSG00000135723,40,0,48,23,37,9.517
ENSG00000057294,40,0,25,49,8,9.516
ENSG00000123353,37,0,26,24,16,9.515
ENSG00000133422,49,0,26,23,7,9.515
ENSG00000137074,57,0,33,29,15,9.515
ENSG00000103426,30,0,28,23,6,9.512
ENSG00000136100,33,0,33,24,5,9.511
ENSG00000184182,28,16,31,8,34,9.51
ENSG00000048392,42,0,28,33,7,9.508
ENSG00000069943,27,0,19,15,13,9.507
ENSG00000129195,16,0,22,6,4,9.507
ENSG00000158158,47,0,54,4,37,9.507
ENSG00000107140,37,0,39,20,12,9.506
ENSG00000158402,39,0,30,28,14,9.505
ENSG00000158480,55,0,26,56,19,9.505
ENSG00000196547,20,0,24,8,6,9.502
ENSG00000103254,35,0,37,17,4,9.501
ENSG00000128833,20,0,16,20,4,9.5
ENSG00000081803,29,0,25,15,10,9.499
ENSG00000165832,20,0,12,11,9,9.496
ENSG00000151743,23,0,21,26,11,9.493
ENSG00000204899,40,0,29,22,13,9.493
ENSG00000103994,36,0,33,32,14,9.488
ENSG00000090686,32,0,37,25,11,9.486
ENSG00000173950,33,0,32,17,5,9.485
ENSG00000157483,26,0,25,16,0,9.484
ENSG00000132478,48,0,31,40,17,9.483
ENSG00000108064,30,0,26,18,15,9.482
ENSG00000155096,0,0,0,0,7,9.481
ENSG00000120802,41,0,36,32,13,9.48
ENSG00000107796,27,0,22,14,15,9.479
ENSG00000141510,54,0,43,42,33,9.476
ENSG00000244165,15,0,17,10,10,9.476
ENSG00000110244,24,0,21,35,0,9.475
ENSG00000110063,19,0,17,17,8,9.473
ENSG00000001631,43,0,27,23,20,9.471
ENSG00000164930,21,0,15,3,27,9.47
ENSG00000120526,44,0,32,25,12,9.466
ENSG00000124787,22,0,16,21,3,9.463
ENSG00000204178,37,0,29,23,8,9.46
ENSG00000119559,36,0,21,26,0,9.456
ENSG00000159110,43,0,23,24,10,9.454
ENSG00000100099,67,0,34,58,10,9.451
ENSG00000152147,36,0,28,36,21,9.45
ENSG00000125695,0,0,0,0,0,9.447
ENSG00000158122,22,0,20,20,7,9.447
ENSG00000197021,27,0,29,24,4,9.445
ENSG00000100802,37,0,28,34,8,9.442
ENSG00000135617,55,0,34,22,26,9.442
ENSG00000015475,43,0,49,18,7,9.441
ENSG00000020426,22,0,12,12,10,9.437
ENSG00000062282,5,0,0,5,0,9.437
ENSG00000214176,18,0,29,10,0,9.437
ENSG00000174196,0,0,0,0,0,9.436
ENSG00000029725,24,0,19,3,3,9.435
ENSG00000157796,25,0,22,7,5,9.435
ENSG00000155545,0,0,0,0,19,9.433
ENSG00000163159,55,0,53,49,9,9.433
ENSG00000146457,45,0,36,34,12,9.424
ENSG00000109133,36,0,40,30,22,9.419
ENSG00000177125,31,0,29,12,14,9.412
ENSG00000134014,29,0,20,33,6,9.408
ENSG00000146834,45,0,48,39,5,9.402
ENSG00000124074,32,0,34,10,4,9.394
ENSG00000112297,37,0,37,16,16,9.391
ENSG00000180011,62,0,62,40,16,9.39
ENSG00000130714,22,0,28,0,6,9.387
ENSG00000160714,43,0,32,24,9,9.385
ENSG00000214941,29,0,24,19,11,9.384
ENSG00000100796,38,0,30,32,11,9.383
ENSG00000164609,64,0,47,27,18,9.38
ENSG00000104885,51,0,58,55,4,9.379
ENSG00000122359,38,0,39,23,19,9.377
ENSG00000109572,23,0,15,12,9,9.373
ENSG00000082213,42,0,32,37,6,9.372
ENSG00000179041,54,0,55,45,16,9.371
ENSG00000165804,47,0,46,34,11,9.369
ENSG00000185100,33,0,45,13,10,9.365
ENSG00000106069,0,0,0,0,0,9.363
ENSG00000149313,35,0,22,26,14,9.362
ENSG00000133731,13,0,10,8,5,9.359
ENSG00000040531,34,0,35,42,10,9.357
ENSG00000183172,27,0,23,15,13,9.355
ENSG00000176248,34,0,39,23,9,9.351
ENSG00000143390,19,5,17,13,6,9.342
ENSG00000152942,44,0,33,34,15,9.338
ENSG00000173875,28,0,24,22,20,9.335
ENSG00000182712,33,0,25,14,6,9.333
ENSG00000143842,37,0,36,36,19,9.329
ENSG00000139433,29,0,23,10,21,9.328
ENSG00000145349,44,0,35,44,15,9.326
ENSG00000067369,12,0,24,10,4,9.324
ENSG00000243789,19,0,18,4,5,9.323
ENSG00000181467,57,0,43,41,26,9.322
ENSG00000187994,17,0,18,9,0,9.321
ENSG00000013810,43,0,40,20,4,9.316
ENSG00000186260,26,0,25,18,19,9.315
ENSG00000115042,31,0,30,23,18,9.314
ENSG00000196968,41,0,39,27,6,9.307
ENSG00000038002,27,0,21,19,6,9.304
ENSG00000106546,45,0,23,35,14,9.304
ENSG00000068903,29,0,20,19,7,9.302
ENSG00000068971,33,0,30,17,10,9.302
ENSG00000204498,0,0,0,0,0,9.298
ENSG00000204438,0,0,0,0,0,9.297
ENSG00000107815,47,0,30,34,14,9.283
ENSG00000112200,14,0,13,10,7,9.282
ENSG00000095261,29,0,26,23,17,9.281
ENSG00000169925,38,0,45,15,52,9.28
ENSG00000196331,44,0,44,42,27,9.28
ENSG00000104064,49,0,33,47,22,9.275
ENSG00000143537,34,0,26,11,0,9.272
ENSG00000154920,32,0,19,32,13,9.269
ENSG00000171823,34,0,33,5,17,9.269
ENSG00000065029,30,0,27,25,14,9.268
ENSG00000135823,32,0,21,11,12,9.264
ENSG00000133983,19,0,18,12,13,9.261
ENSG00000134697,26,0,23,13,25,9.26
ENSG00000183747,9,13,0,4,0,9.258
ENSG00000198836,16,0,26,12,13,9.257
ENSG00000108055,35,0,20,41,31,9.255
ENSG00000178607,27,0,26,28,8,9.252
ENSG00000163683,40,0,28,31,19,9.249
ENSG00000184056,23,0,17,9,12,9.241
ENSG00000107897,50,0,42,40,25,9.24
ENSG00000196151,22,0,25,19,12,9.238
ENSG00000170445,24,0,21,15,15,9.229
ENSG00000174939,42,0,48,29,15,9.225
ENSG00000123427,32,0,27,24,22,9.224
ENSG00000100281,23,0,20,21,4,9.221
ENSG00000173230,31,0,23,26,16,9.218
ENSG00000122958,30,0,23,20,7,9.216
ENSG00000172661,18,0,17,10,0,9.211
ENSG00000109184,32,0,35,18,0,9.21
ENSG00000136243,30,0,26,18,14,9.209
ENSG00000108384,19,0,13,9,7,9.208
ENSG00000125843,39,0,34,28,17,9.206
ENSG00000185033,11,0,16,14,0,9.199
ENSG00000111052,47,0,26,44,11,9.194
ENSG00000143971,13,0,18,11,10,9.193
ENSG00000144034,20,7,15,9,11,9.192
ENSG00000147419,42,0,34,30,24,9.19
ENSG00000149634,36,0,34,25,4,9.187
ENSG00000172888,22,0,20,17,7,9.178
ENSG00000143578,51,0,49,45,17,9.176
ENSG00000106608,25,0,16,14,3,9.175
ENSG00000064102,48,0,25,24,17,9.171
ENSG00000100601,43,0,25,34,26,9.171
ENSG00000109118,50,0,50,37,27,9.171
ENSG00000033867,39,0,33,28,9,9.168
ENSG00000110074,34,0,29,25,22,9.167
ENSG00000167565,32,0,28,28,12,9.167
ENSG00000166166,62,0,64,59,12,9.163
ENSG00000185115,15,0,20,6,25,9.163
ENSG00000127220,48,0,59,42,10,9.161
ENSG00000171469,23,0,20,28,16,9.158
ENSG00000167670,63,0,36,38,14,9.154
ENSG00000188493,58,0,51,58,14,9.151
ENSG00000168807,39,0,29,22,9,9.146
ENSG00000113522,29,0,27,25,11,9.145
ENSG00000198455,43,0,16,43,0,9.142
ENSG00000187193,17,12,21,0,32,9.136
ENSG00000111206,29,0,27,26,14,9.134
ENSG00000148296,28,0,25,16,7,9.132
ENSG00000166912,34,0,27,39,12,9.128
ENSG00000186283,28,0,26,20,6,9.115
ENSG00000168522,0,0,0,0,0,9.114
ENSG00000150457,28,0,28,22,9,9.113
ENSG00000128512,50,0,40,60,26,9.111
ENSG00000110218,31,0,31,21,13,9.107
ENSG00000134709,30,0,21,19,3,9.103
ENSG00000163428,28,0,27,16,12,9.103
ENSG00000164934,51,0,30,22,15,9.1
ENSG00000099899,51,0,43,26,13,9.094
ENSG00000168056,43,0,58,18,4,9.093
ENSG00000138698,34,0,25,27,16,9.092
ENSG00000164292,0,0,0,0,13,9.084
ENSG00000112851,51,0,34,46,18,9.082
ENSG00000039123,45,0,23,23,11,9.074
ENSG00000141012,28,0,29,8,8,9.074
ENSG00000101347,36,0,42,39,10,9.073
ENSG00000136490,13,0,25,0,0,9.068
ENSG00000175390,0,0,0,0,8,9.067
ENSG00000143324,26,0,16,13,11,9.066
ENSG00000093144,35,0,27,29,19,9.065
ENSG00000143493,40,0,23,40,13,9.065
ENSG00000158161,27,0,19,15,9,9.062
ENSG00000196227,0,0,10,0,0,9.059
ENSG00000239306,40,0,33,35,18,9.058
ENSG00000110057,25,0,43,2,0,9.054
ENSG00000198055,13,0,17,0,9,9.049
ENSG00000071462,42,0,33,29,10,9.048
ENSG00000139428,42,0,28,41,4,9.047
ENSG00000170145,32,0,29,17,6,9.044
ENSG00000111665,49,0,38,40,3,9.04
ENSG00000146872,0,0,0,0,8,9.035
ENSG00000215712,32,0,24,17,11,9.035
ENSG00000198589,44,0,41,31,18,9.033
ENSG00000172493,45,0,45,48,18,9.032
ENSG00000102580,49,0,25,28,6,9.03
ENSG00000124788,51,0,46,43,22,9.028
ENSG00000100393,56,0,39,33,4,9.027
ENSG00000127870,27,0,20,19,23,9.02
ENSG00000141150,18,0,21,4,0,9.02
ENSG00000188739,27,0,25,25,7,9.019
ENSG00000149474,26,0,17,21,5,9.013
ENSG00000177706,35,0,60,26,16,9.01
ENSG00000149577,31,0,28,19,8,9.007
ENSG00000110367,43,0,41,29,23,9.006
ENSG00000130590,52,0,51,28,22,9.005
ENSG00000198074,16,0,12,12,0,9.005
ENSG00000128708,32,0,25,24,11,9.004
ENSG00000115840,21,0,14,11,6,9.003
ENSG00000138623,23,0,30,11,0,9.003
ENSG00000100209,42,0,27,39,17,8.99
ENSG00000003402,62,0,48,51,30,8.988
ENSG00000010295,31,0,24,14,10,8.988
ENSG00000111231,40,0,32,32,8,8.987
ENSG00000182217,0,0,0,0,0,8.986
ENSG00000169592,31,0,24,15,11,8.98
ENSG00000204580,0,0,0,0,0,8.979
ENSG00000130338,0,0,0,4,0,8.978
ENSG00000136943,14,6,14,0,13,8.976
ENSG00000167325,25,0,22,22,12,8.974
ENSG00000148154,28,0,25,16,7,8.972
ENSG00000139218,55,0,37,33,17,8.97
ENSG00000136783,27,0,18,9,6,8.964
ENSG00000168952,16,0,20,0,28,8.962
ENSG00000118894,39,0,31,17,12,8.961
ENSG00000113812,20,0,19,22,11,8.959
ENSG00000148935,28,0,18,23,7,8.953
ENSG00000155957,17,16,16,14,14,8.95
ENSG00000105650,0,0,0,0,27,8.947
ENSG00000169955,44,0,42,33,18,8.947
ENSG00000131558,12,0,15,10,3,8.944
ENSG00000174446,25,0,16,16,6,8.944
ENSG00000188313,32,0,15,27,5,8.944
ENSG00000070159,33,0,32,0,15,8.942
ENSG00000168000,13,0,17,6,0,8.942
ENSG00000090470,32,16,27,20,11,8.94
ENSG00000028839,34,0,25,12,19,8.939
ENSG00000064932,43,0,48,33,7,8.939
ENSG00000184371,35,0,28,17,46,8.939
ENSG00000160799,30,0,41,13,5,8.929
ENSG00000124608,14,0,16,10,26,8.925
ENSG00000197822,31,0,28,26,18,8.925
ENSG00000102871,37,0,52,10,36,8.923
ENSG00000116213,36,0,43,3,8,8.918
ENSG00000168970,19,0,18,4,5,8.916
ENSG00000026950,21,0,20,12,5,8.907
ENSG00000166130,40,0,34,28,22,8.906
ENSG00000243725,20,0,17,9,13,8.906
ENSG00000001497,19,0,20,12,7,8.902
ENSG00000196470,0,0,15,0,18,8.902
ENSG00000187288,21,0,9,9,0,8.901
ENSG00000119333,16,0,16,17,0,8.9
ENSG00000066813,6,18,0,6,0,8.899
ENSG00000180035,26,0,37,23,5,8.892
ENSG00000099917,26,0,29,18,12,8.883
ENSG00000128298,24,0,44,8,0,8.883
ENSG00000171960,24,0,18,15,13,8.881
ENSG00000204394,0,0,0,0,0,8.881
ENSG00000093009,42,0,31,21,12,8.878
ENSG00000152904,74,0,51,61,27,8.878
ENSG00000166126,16,5,27,6,0,8.876
ENSG00000100347,34,0,32,25,14,8.875
ENSG00000158863,18,0,21,7,7,8.871
ENSG00000161653,49,0,55,31,4,8.87
ENSG00000162222,58,0,54,44,28,8.87
ENSG00000117395,6,0,13,0,27,8.868
ENSG00000157617,18,0,38,4,0,8.867
ENSG00000107242,35,0,30,25,12,8.851
ENSG00000120159,33,13,29,31,15,8.848
ENSG00000221968,20,0,26,0,5,8.834
ENSG00000182179,13,0,13,6,0,8.829
ENSG00000157450,29,0,30,39,7,8.828
ENSG00000123415,8,0,13,6,15,8.817
ENSG00000122547,61,10,54,41,28,8.816
ENSG00000147050,46,0,38,39,9,8.816
ENSG00000166896,22,0,21,14,4,8.816
ENSG00000187164,0,0,3,0,39,8.816
ENSG00000138308,28,0,31,19,4,8.815
ENSG00000145782,56,0,35,40,12,8.815
ENSG00000172638,22,0,37,3,10,8.81
ENSG00000167123,5,0,12,3,16,8.809
ENSG00000103876,28,4,31,35,5,8.808
ENSG00000117000,33,0,20,21,12,8.806
ENSG00000138356,12,0,15,3,9,8.798
ENSG00000205981,16,0,21,13,13,8.793
ENSG00000104679,0,0,0,0,2,8.792
ENSG00000004961,29,0,23,26,4,8.79
ENSG00000173559,23,0,22,18,15,8.79
ENSG00000173890,11,0,21,0,3,8.79
ENSG00000109220,41,0,24,32,0,8.784
ENSG00000007384,43,0,69,20,21,8.783
ENSG00000149480,39,0,28,29,8,8.783
ENSG00000164151,36,0,31,28,11,8.783
ENSG00000105852,30,0,25,17,9,8.781
ENSG00000117682,23,0,23,16,12,8.78
ENSG00000180182,31,0,21,20,0,8.78
ENSG00000164885,62,0,70,36,24,8.778
ENSG00000173889,28,0,23,16,15,8.772
ENSG00000090674,21,0,20,6,6,8.767
ENSG00000117298,31,0,47,6,17,8.764
ENSG00000186908,32,0,23,18,18,8.762
ENSG00000136261,41,0,38,30,14,8.757
ENSG00000219545,36,0,29,23,15,8.75
ENSG00000143401,33,0,32,33,14,8.748
ENSG00000136875,33,0,23,33,9,8.743
ENSG00000140465,46,0,28,44,0,8.741
ENSG00000158813,23,0,23,14,0,8.738
ENSG00000100865,33,0,25,17,14,8.736
ENSG00000173905,41,0,27,18,9,8.735
ENSG00000145996,21,0,13,14,8,8.733
ENSG00000251184,15,0,2,3,0,8.731
ENSG00000084093,38,0,32,20,18,8.727
ENSG00000125812,71,0,49,50,22,8.722
ENSG00000112039,24,0,20,0,26,8.721
ENSG00000049541,35,0,24,22,16,8.72
ENSG00000157077,30,0,20,19,15,8.719
ENSG00000064313,24,0,23,21,11,8.716
ENSG00000122863,38,0,40,47,11,8.715
ENSG00000158528,30,0,21,22,4,8.707
ENSG00000112031,36,0,33,29,17,8.706
ENSG00000087095,20,0,28,7,6,8.704
ENSG00000129071,34,0,27,18,8,8.703
ENSG00000104731,32,0,23,19,13,8.7
ENSG00000114744,20,0,12,8,14,8.7
ENSG00000131389,29,0,43,26,21,8.699
ENSG00000124253,57,0,55,47,6,8.696
ENSG00000166451,41,0,46,38,25,8.695
ENSG00000196116,29,0,22,26,4,8.694
ENSG00000213563,19,0,20,5,0,8.693
ENSG00000177595,53,0,48,40,17,8.69
ENSG00000143036,30,0,24,17,11,8.687
ENSG00000257093,17,0,20,0,18,8.687
ENSG00000118804,10,0,14,0,10,8.683
ENSG00000149131,11,0,20,0,4,8.683
ENSG00000154359,50,0,33,34,8,8.682
ENSG00000198873,45,0,40,30,12,8.673
ENSG00000181929,26,0,17,17,8,8.672
ENSG00000156603,42,0,30,24,13,8.671
ENSG00000105829,28,0,14,13,20,8.67
ENSG00000140526,29,0,22,16,4,8.67
ENSG00000213903,40,0,31,22,5,8.67
ENSG00000158793,39,0,32,27,15,8.668
ENSG00000143845,23,0,25,6,12,8.663
ENSG00000105732,3,0,0,0,51,8.662
ENSG00000153113,0,0,0,0,4,8.661
ENSG00000163946,22,0,19,13,0,8.651
ENSG00000103642,21,13,17,16,0,8.648
ENSG00000154978,30,0,29,17,23,8.648
ENSG00000169446,21,0,14,11,8,8.647
ENSG00000183941,0,0,0,0,0,8.643
ENSG00000165424,29,0,35,0,27,8.642
ENSG00000160087,37,0,43,21,6,8.641
ENSG00000198890,21,0,21,12,14,8.641
ENSG00000101911,12,0,18,0,5,8.64
ENSG00000123545,27,0,18,18,8,8.639
ENSG00000020256,0,0,0,0,0,8.631
ENSG00000107362,51,0,36,31,7,8.631
ENSG00000053770,39,0,28,28,8,8.628
ENSG00000173706,36,0,27,22,30,8.624
ENSG00000172732,59,0,56,53,30,8.623
ENSG00000164190,58,0,40,42,30,8.62
ENSG00000146477,30,0,31,23,19,8.619
ENSG00000196535,53,0,52,42,23,8.619
ENSG00000099994,13,0,16,0,0,8.617
ENSG00000119599,28,0,28,22,11,8.617
ENSG00000108733,23,0,18,18,7,8.615
ENSG00000159256,37,0,36,24,11,8.615
ENSG00000163807,28,0,24,18,14,8.612
ENSG00000050748,25,0,29,9,4,8.609
ENSG00000174928,17,0,18,19,0,8.609
ENSG00000197948,12,0,16,0,10,8.609
ENSG00000148660,22,0,26,0,4,8.606
ENSG00000069509,15,0,14,14,0,8.602
ENSG00000198315,38,0,24,20,15,8.601
ENSG00000116171,32,0,27,23,10,8.596
ENSG00000122481,30,0,21,39,7,8.593
ENSG00000152601,7,0,6,5,0,8.59
ENSG00000162885,35,0,29,27,14,8.59
ENSG00000213901,3,0,8,0,0,8.589
ENSG00000164610,19,0,23,9,12,8.588
ENSG00000085224,40,0,28,28,3,8.586
ENSG00000143337,48,0,44,39,21,8.586
ENSG00000100211,25,0,24,15,15,8.584
ENSG00000113368,37,0,37,33,17,8.581
ENSG00000130772,21,0,22,17,9,8.581
ENSG00000136870,53,12,36,50,27,8.581
ENSG00000174456,3,0,8,0,0,8.579
ENSG00000171208,10,0,30,0,40,8.577
ENSG00000101236,25,0,19,2,16,8.575
ENSG00000198169,36,0,27,24,13,8.574
ENSG00000154767,38,0,19,22,15,8.571
ENSG00000160214,30,0,26,18,5,8.571
ENSG00000152782,47,10,22,47,3,8.57
ENSG00000157869,27,8,25,14,4,8.57
ENSG00000225190,0,0,3,0,0,8.565
ENSG00000130545,35,0,39,11,0,8.563
ENSG00000186106,33,0,29,25,22,8.563
ENSG00000243056,12,0,12,14,0,8.563
ENSG00000082269,29,0,25,25,11,8.56
ENSG00000204590,0,0,0,0,0,8.556
ENSG00000184162,22,0,18,11,19,8.55
ENSG00000133597,8,0,19,0,3,8.543
ENSG00000068323,42,0,34,38,9,8.542
ENSG00000164168,18,0,18,14,9,8.542
ENSG00000173535,26,0,23,18,20,8.539
ENSG00000172409,6,0,16,0,47,8.538
ENSG00000137073,38,0,27,27,10,8.537
ENSG00000152484,28,0,26,7,9,8.537
ENSG00000155330,31,0,26,18,3,8.537
ENSG00000228716,27,0,21,16,4,8.537
ENSG00000151292,25,0,23,25,16,8.531
ENSG00000140905,19,0,24,22,3,8.526
ENSG00000176623,16,0,13,5,9,8.526
ENSG00000156096,0,6,0,0,0,8.525
ENSG00000117713,92,0,62,79,3,8.52
ENSG00000160446,23,0,24,0,8,8.516
ENSG00000083807,37,4,49,51,4,8.514
ENSG00000144674,36,0,31,31,17,8.51
ENSG00000156973,43,0,29,31,18,8.51
ENSG00000110090,49,0,60,28,33,8.509
ENSG00000111247,33,0,16,15,11,8.507
ENSG00000188811,59,0,31,33,10,8.507
ENSG00000204267,0,0,0,0,0,8.505
ENSG00000198933,24,0,27,6,3,8.504
ENSG00000101901,0,0,0,0,0,8.498
ENSG00000177311,0,0,0,0,0,8.498
ENSG00000104133,28,0,20,15,13,8.497
ENSG00000143198,23,0,24,16,22,8.493
ENSG00000107863,53,0,43,40,15,8.491
ENSG00000110851,37,0,20,9,8,8.49
ENSG00000154079,15,0,16,11,4,8.489
ENSG00000100121,0,0,0,0,0,8.488
ENSG00000240771,16,0,28,0,21,8.487
ENSG00000142731,22,0,23,19,8,8.486
ENSG00000114316,24,0,23,20,5,8.482
ENSG00000003393,29,0,24,20,22,8.478
ENSG00000119669,70,0,67,66,0,8.477
ENSG00000128951,29,0,24,16,3,8.477
ENSG00000121417,16,0,15,7,4,8.474
ENSG00000131171,19,0,10,4,6,8.474
ENSG00000198740,34,0,32,23,12,8.469
ENSG00000124574,27,0,20,18,9,8.468
ENSG00000164494,31,0,23,18,12,8.468
ENSG00000198912,35,10,28,38,14,8.459
ENSG00000014123,28,0,17,18,11,8.458
ENSG00000119285,21,0,20,12,11,8.458
ENSG00000145781,24,0,19,17,9,8.455
ENSG00000177943,39,0,43,31,8,8.455
ENSG00000189159,0,0,0,0,0,8.453
ENSG00000139746,49,0,27,31,15,8.451
ENSG00000111676,39,0,44,14,6,8.447
ENSG00000164749,31,0,27,28,7,8.444
ENSG00000150593,35,0,20,34,3,8.442
ENSG00000174827,30,0,23,31,4,8.442
ENSG00000088451,28,0,18,14,12,8.441
ENSG00000144228,43,0,31,38,15,8.441
ENSG00000070759,22,0,20,14,8,8.44
ENSG00000112249,25,0,15,18,9,8.439
ENSG00000177548,7,0,27,5,9,8.439
ENSG00000136986,34,0,29,21,5,8.435
ENSG00000121690,42,0,36,39,12,8.429
ENSG00000174227,24,1,23,20,14,8.427
ENSG00000204613,0,0,0,0,0,8.425
ENSG00000204682,36,0,36,28,12,8.424
ENSG00000070476,53,0,54,47,22,8.423
ENSG00000134324,7,0,30,0,46,8.416
ENSG00000165898,37,0,31,22,16,8.415
ENSG00000167202,32,0,38,18,0,8.415
ENSG00000151176,22,0,22,3,6,8.414
ENSG00000169826,22,0,27,6,16,8.414
ENSG00000084676,32,0,30,7,28,8.409
ENSG00000128513,12,0,11,9,5,8.408
ENSG00000164880,32,0,38,20,7,8.408
ENSG00000171703,55,0,79,31,8,8.407
ENSG00000007944,26,0,23,9,48,8.406
ENSG00000112299,0,0,0,0,0,8.406
ENSG00000118900,41,0,33,32,18,8.402
ENSG00000111269,27,0,26,27,5,8.4
ENSG00000172071,46,0,32,28,18,8.398
ENSG00000204876,23,0,29,27,11,8.398
ENSG00000135093,0,0,3,0,0,8.396
ENSG00000111912,18,0,11,14,10,8.387
ENSG00000109911,39,0,19,26,12,8.38
ENSG00000197312,37,0,35,35,15,8.378
ENSG00000125249,38,0,29,25,9,8.377
ENSG00000104756,51,0,31,32,11,8.375
ENSG00000161800,0,0,6,0,0,8.372
ENSG00000165905,48,0,61,27,18,8.372
ENSG00000118965,30,0,19,14,13,8.371
ENSG00000174282,62,0,59,50,16,8.371
ENSG00000023287,0,0,0,5,0,8.37
ENSG00000182782,0,0,0,0,3,8.368
ENSG00000146038,47,0,19,42,10,8.36
ENSG00000143184,0,0,0,0,0,8.357
ENSG00000037749,27,0,23,17,11,8.354
ENSG00000103245,23,0,23,15,7,8.354
ENSG00000189046,43,0,36,18,2,8.35
ENSG00000120158,25,0,24,16,13,8.348
ENSG00000168612,11,0,12,9,6,8.341
ENSG00000154511,34,0,28,28,12,8.338
ENSG00000120800,16,0,18,12,10,8.336
ENSG00000168918,51,0,53,46,22,8.33
ENSG00000128590,43,0,31,28,16,8.325
ENSG00000152726,0,0,0,0,0,8.325
ENSG00000130803,33,12,29,14,9,8.322
ENSG00000146232,35,0,41,21,33,8.322
ENSG00000149782,42,0,61,12,3,8.321
ENSG00000127804,25,0,22,18,12,8.314
ENSG00000205236,0,0,0,0,0,8.314
ENSG00000138398,30,0,24,28,16,8.31
ENSG00000205639,12,0,13,3,0,8.31
ENSG00000155827,19,0,15,15,12,8.309
ENSG00000110906,31,0,31,23,15,8.308
ENSG00000151006,14,0,18,21,14,8.308
ENSG00000159314,0,0,22,0,0,8.306
ENSG00000164944,39,0,31,24,16,8.301
ENSG00000188342,32,0,21,21,16,8.3
ENSG00000196850,39,0,39,28,7,8.296
ENSG00000165775,25,0,17,20,3,8.288
ENSG00000105486,21,0,27,20,6,8.285
ENSG00000144791,0,0,0,0,0,8.277
ENSG00000162676,35,0,40,19,14,8.272
ENSG00000137177,26,0,27,17,11,8.271
ENSG00000110013,0,0,0,0,0,8.263
ENSG00000142669,22,0,20,12,0,8.261
ENSG00000072518,57,0,45,20,21,8.26
ENSG00000151806,31,0,21,24,14,8.257
ENSG00000149735,18,0,19,4,7,8.255
ENSG00000197969,30,0,28,14,26,8.255
ENSG00000115355,39,0,30,21,23,8.252
ENSG00000116539,38,0,30,29,22,8.249
ENSG00000075568,52,0,30,19,18,8.248
ENSG00000196678,39,0,26,30,17,8.244
ENSG00000151148,31,0,30,24,15,8.243
ENSG00000174374,23,0,18,18,6,8.243
ENSG00000169926,43,0,48,23,0,8.238
ENSG00000143207,39,0,30,31,21,8.237
ENSG00000197724,43,5,48,10,7,8.235
ENSG00000157881,30,0,62,11,40,8.234
ENSG00000165060,17,1,22,20,4,8.232
ENSG00000139613,39,0,29,14,6,8.231
ENSG00000153310,15,0,23,0,22,8.228
ENSG00000041802,25,0,25,11,15,8.226
ENSG00000163795,23,0,16,21,4,8.226
ENSG00000172059,19,0,30,11,43,8.225
ENSG00000106299,44,0,28,34,15,8.22
ENSG00000114098,25,0,25,20,23,8.22
ENSG00000121741,28,0,26,16,6,8.216
ENSG00000215193,37,0,27,19,21,8.216
ENSG00000170088,25,0,33,8,13,8.212
ENSG00000156256,41,0,30,33,6,8.208
ENSG00000159055,27,0,23,16,7,8.208
ENSG00000162408,29,0,29,21,8,8.208
ENSG00000173409,29,0,21,9,8,8.208
ENSG00000197045,24,0,22,21,7,8.206
ENSG00000110108,15,0,14,10,0,8.205
ENSG00000078967,24,0,17,14,3,8.204
ENSG00000158545,34,0,25,16,15,8.203
ENSG00000064012,40,0,27,28,13,8.202
ENSG00000196689,0,0,0,0,0,8.2
ENSG00000162430,18,0,19,0,13,8.197
ENSG00000176542,34,0,22,31,8,8.196
ENSG00000134283,26,0,21,24,8,8.194
ENSG00000137413,25,0,42,10,8,8.193
ENSG00000005889,46,0,25,41,0,8.192
ENSG00000137770,41,0,27,29,17,8.191
ENSG00000162702,25,0,21,24,0,8.187
ENSG00000247626,33,0,31,18,29,8.186
ENSG00000183155,23,0,18,14,0,8.185
ENSG00000166510,18,0,17,10,10,8.181
ENSG00000251369,23,45,24,9,10,8.181
ENSG00000111077,64,0,66,63,15,8.178
ENSG00000001617,48,0,54,5,19,8.177
ENSG00000148110,17,0,19,6,0,8.177
ENSG00000160201,49,0,34,32,13,8.174
ENSG00000109381,38,0,36,30,11,8.173
ENSG00000132846,24,0,20,13,6,8.169
ENSG00000154144,23,0,17,16,33,8.167
ENSG00000145545,38,0,27,15,9,8.16
ENSG00000172667,37,0,23,21,25,8.158
ENSG00000101966,33,0,23,31,0,8.155
ENSG00000198690,16,0,14,11,4,8.152
ENSG00000198742,31,0,35,22,6,8.149
ENSG00000113300,23,0,27,19,6,8.147
ENSG00000137824,28,0,24,21,4,8.146
ENSG00000075711,41,0,33,33,16,8.144
ENSG00000258311,29,0,29,19,11,8.143
ENSG00000153975,38,0,22,11,29,8.142
ENSG00000111319,52,0,51,15,25,8.139
ENSG00000196367,31,0,29,13,14,8.138
ENSG00000185338,60,0,71,26,8,8.136
ENSG00000165533,21,0,13,11,4,8.134
ENSG00000156467,28,0,15,17,7,8.13
ENSG00000106028,29,0,22,22,10,8.127
ENSG00000100395,13,0,15,13,10,8.126
ENSG00000113621,20,0,19,20,6,8.126
ENSG00000204344,0,0,0,0,0,8.124
ENSG00000102760,16,0,19,0,15,8.123
ENSG00000182224,38,0,37,34,14,8.117
ENSG00000108576,19,0,24,0,0,8.116
ENSG00000113569,35,0,20,14,10,8.115
ENSG00000181826,28,0,27,20,8,8.113
ENSG00000133111,31,0,22,12,11,8.112
ENSG00000145780,47,13,35,32,6,8.107
ENSG00000152620,43,0,28,41,3,8.101
ENSG00000137185,20,0,15,8,11,8.098
ENSG00000184207,39,0,43,19,4,8.098
ENSG00000102606,0,0,20,0,58,8.095
ENSG00000222033,96,0,88,94,57,8.093
ENSG00000006530,19,0,17,0,8,8.091
ENSG00000165660,31,0,31,18,9,8.09
ENSG00000183549,14,0,7,10,0,8.086
ENSG00000156831,24,0,18,16,15,8.085
ENSG00000110046,33,0,30,17,10,8.078
ENSG00000176261,54,0,35,31,6,8.075
ENSG00000198799,28,0,25,15,5,8.073
ENSG00000198825,48,0,35,37,7,8.073
ENSG00000116406,29,0,22,19,8,8.069
ENSG00000074219,32,0,34,15,12,8.068
ENSG00000150787,31,0,26,27,10,8.068
ENSG00000140691,45,0,53,27,15,8.066
ENSG00000108306,31,0,27,22,10,8.06
ENSG00000144597,34,0,24,14,15,8.06
ENSG00000169905,51,0,39,48,16,8.053
ENSG00000082212,24,0,22,10,9,8.043
ENSG00000152242,43,0,37,15,6,8.037
ENSG00000152939,18,0,14,16,4,8.035
ENSG00000198517,37,0,45,27,33,8.033
ENSG00000178502,29,0,26,17,14,8.032
ENSG00000184992,31,0,35,13,9,8.031
ENSG00000133740,30,0,25,21,4,8.028
ENSG00000162437,20,0,21,12,6,8.027
ENSG00000166046,30,0,27,28,8,8.027
ENSG00000124217,40,0,35,26,25,8.024
ENSG00000105875,28,0,25,13,10,8.023
ENSG00000234631,0,0,0,0,0,8.016
ENSG00000106355,47,0,34,46,13,8.015
ENSG00000167797,53,0,56,23,10,8.015
ENSG00000104147,41,0,37,28,7,8.013
ENSG00000181666,5,28,23,1,3,8.01
ENSG00000119403,25,0,35,25,7,8.004
ENSG00000167807,15,0,16,9,3,8.002
ENSG00000137491,0,0,0,0,18,8.001
ENSG00000128607,37,0,25,34,4,7.998
ENSG00000165806,28,0,27,11,16,7.991
ENSG00000167491,44,0,30,28,0,7.991
ENSG00000096717,31,0,30,14,6,7.987
ENSG00000119138,65,0,56,45,40,7.987
ENSG00000135049,36,0,26,12,22,7.987
ENSG00000103540,53,0,51,25,26,7.984
ENSG00000205060,20,0,18,10,19,7.982
ENSG00000116809,23,0,23,14,3,7.979
ENSG00000167740,45,0,30,26,14,7.978
ENSG00000100263,54,0,44,41,15,7.975
ENSG00000102870,38,0,33,31,23,7.972
ENSG00000007545,71,0,63,40,13,7.971
ENSG00000177807,32,0,19,13,5,7.969
ENSG00000160191,15,0,29,0,25,7.968
ENSG00000177685,40,0,48,16,0,7.968
ENSG00000122741,40,0,29,24,9,7.966
ENSG00000120533,44,0,32,26,13,7.964
ENSG00000182208,0,0,0,0,0,7.958
ENSG00000117586,54,0,10,50,0,7.957
ENSG00000177042,45,0,39,26,0,7.95
ENSG00000162695,42,5,30,31,21,7.948
ENSG00000147454,26,0,33,10,7,7.944
ENSG00000101546,32,0,31,23,9,7.943
ENSG00000171311,31,0,27,16,9,7.942
ENSG00000187954,56,0,67,27,10,7.941
ENSG00000102030,18,0,20,7,0,7.937
ENSG00000112242,44,0,43,33,16,7.934
ENSG00000144935,23,0,20,17,6,7.934
ENSG00000133884,29,0,21,14,4,7.931
ENSG00000099889,50,0,51,11,16,7.93
ENSG00000133121,0,0,0,0,0,7.93
ENSG00000169221,54,0,47,28,11,7.926
ENSG00000120656,40,0,25,21,14,7.921
ENSG00000168297,34,0,33,20,10,7.921
ENSG00000141098,27,0,24,15,15,7.917
ENSG00000161813,27,0,16,27,0,7.917
ENSG00000167522,49,0,41,30,10,7.916
ENSG00000119537,32,7,29,27,15,7.905
ENSG00000134278,18,0,28,0,4,7.905
ENSG00000188130,17,0,34,0,30,7.903
ENSG00000152464,33,0,29,25,17,7.902
ENSG00000070047,65,0,76,47,17,7.9
ENSG00000100319,45,0,34,56,16,7.897
ENSG00000249115,15,9,18,7,5,7.894
ENSG00000154930,21,0,30,4,43,7.892
ENSG00000076003,9,0,20,7,0,7.887
ENSG00000182957,0,0,11,0,49,7.886
ENSG00000102786,41,5,33,32,9,7.885
ENSG00000182973,26,0,20,16,0,7.883
ENSG00000110628,31,0,33,19,18,7.882
ENSG00000122687,32,0,24,16,10,7.88
ENSG00000128342,33,0,48,15,4,7.877
ENSG00000114859,52,0,44,39,13,7.874
ENSG00000038274,42,0,37,25,10,7.873
ENSG00000140950,0,0,9,0,43,7.87
ENSG00000087253,15,7,23,0,0,7.868
ENSG00000107821,69,0,54,48,21,7.866
ENSG00000196455,35,0,29,11,6,7.865
ENSG00000178971,35,0,31,32,19,7.864
ENSG00000132359,7,0,21,0,10,7.863
ENSG00000160753,36,0,40,14,8,7.863
ENSG00000170734,49,0,37,37,22,7.862
ENSG00000170871,31,0,43,16,5,7.862
ENSG00000179364,32,0,36,19,12,7.862
ENSG00000047230,19,0,19,19,0,7.852
ENSG00000137404,0,0,0,0,0,7.852
ENSG00000161558,10,0,16,18,0,7.849
ENSG00000073009,55,0,55,51,11,7.847
ENSG00000160563,20,0,18,9,14,7.843
ENSG00000142002,46,0,52,26,15,7.841
ENSG00000108256,41,0,30,28,16,7.84
ENSG00000117151,25,0,17,16,16,7.837
ENSG00000151503,35,0,33,17,18,7.837
ENSG00000080603,35,0,30,28,19,7.823
ENSG00000102125,30,0,31,26,0,7.823
ENSG00000106400,38,0,40,35,12,7.823
ENSG00000111832,34,0,24,19,19,7.822
ENSG00000121274,55,0,49,41,13,7.822
ENSG00000131507,21,0,21,5,25,7.822
ENSG00000025293,40,0,34,16,7,7.813
ENSG00000196323,20,0,13,7,3,7.812
ENSG00000176912,31,0,31,30,4,7.808
ENSG00000185101,26,0,38,11,0,7.805
ENSG00000121058,17,0,17,11,6,7.8
ENSG00000066926,19,0,16,0,5,7.798
ENSG00000110841,27,0,22,18,7,7.798
ENSG00000172613,27,0,22,11,15,7.797
ENSG00000023516,24,10,18,16,4,7.795
ENSG00000175287,30,0,20,46,3,7.787
ENSG00000115993,30,0,25,18,16,7.786
ENSG00000165288,32,0,23,26,0,7.786
ENSG00000072501,26,0,21,18,5,7.782
ENSG00000198060,29,0,25,19,17,7.781
ENSG00000100485,35,0,24,23,4,7.78
ENSG00000157978,20,0,26,5,13,7.775
ENSG00000136273,15,0,15,5,4,7.769
ENSG00000205534,16,0,17,16,0,7.768
ENSG00000108061,41,0,29,37,7,7.766
ENSG00000111364,27,0,25,33,17,7.766
ENSG00000162522,46,0,44,31,7,7.76
ENSG00000105619,25,0,28,16,12,7.758
ENSG00000117360,19,0,16,18,8,7.758
ENSG00000221823,31,0,25,26,14,7.755
ENSG00000165959,25,0,34,8,34,7.754
ENSG00000108651,17,0,17,10,8,7.751
ENSG00000119723,22,0,22,19,0,7.75
ENSG00000148384,28,0,32,8,3,7.75
ENSG00000050393,24,0,16,14,4,7.748
ENSG00000119686,32,0,26,19,21,7.744
ENSG00000146670,35,0,26,18,13,7.741
ENSG00000135930,29,13,23,23,12,7.74
ENSG00000008710,18,0,32,0,0,7.739
ENSG00000186575,22,0,20,13,4,7.739
ENSG00000108312,58,0,57,33,23,7.737
ENSG00000112029,49,0,32,31,9,7.736
ENSG00000140545,15,0,22,0,4,7.736
ENSG00000065883,59,0,50,41,21,7.735
ENSG00000134077,25,0,23,22,5,7.733
ENSG00000049618,57,0,40,38,10,7.73
ENSG00000120693,27,0,27,19,3,7.728
ENSG00000132953,34,0,25,24,10,7.721
ENSG00000134755,29,0,28,35,5,7.72
ENSG00000131023,33,0,26,24,14,7.719
ENSG00000231887,4,0,0,0,0,7.716
ENSG00000170836,51,0,48,46,29,7.709
ENSG00000173511,51,0,71,18,8,7.708
ENSG00000118520,10,0,0,35,0,7.705
ENSG00000096093,30,0,20,24,14,7.703
ENSG00000126106,35,0,25,31,0,7.698
ENSG00000095209,25,0,23,9,15,7.696
ENSG00000119912,35,0,28,18,21,7.688
ENSG00000148396,12,0,13,10,9,7.684
ENSG00000152520,42,0,38,32,11,7.682
ENSG00000188234,0,0,0,0,0,7.682
ENSG00000133706,31,0,27,22,9,7.68
ENSG00000105928,0,0,0,0,0,7.677
ENSG00000113851,25,0,13,13,15,7.677
ENSG00000100612,9,0,11,6,5,7.676
ENSG00000123453,45,0,38,35,7,7.676
ENSG00000188428,23,0,17,22,7,7.676
ENSG00000204922,60,0,45,38,18,7.675
ENSG00000186205,28,0,30,22,4,7.672
ENSG00000161714,56,0,64,41,9,7.67
ENSG00000136867,13,0,20,10,4,7.669
ENSG00000126246,52,0,51,33,11,7.666
ENSG00000164849,35,0,29,46,6,7.666
ENSG00000198089,34,0,24,19,4,7.664
ENSG00000198018,25,0,23,29,12,7.661
ENSG00000087053,35,0,17,23,14,7.66
ENSG00000163754,21,0,20,0,11,7.659
ENSG00000148153,18,0,20,14,4,7.65
ENSG00000040199,23,0,22,7,17,7.649
ENSG00000083520,36,0,24,18,9,7.648
ENSG00000113272,14,0,12,8,6,7.647
ENSG00000170448,32,0,28,14,17,7.647
ENSG00000111325,42,0,39,27,17,7.646
ENSG00000167785,16,39,17,11,0,7.639
ENSG00000092439,24,0,25,17,16,7.638
ENSG00000008311,23,0,21,10,13,7.636
ENSG00000076706,40,0,57,5,13,7.635
ENSG00000158006,19,0,21,14,7,7.63
ENSG00000118298,44,0,51,28,13,7.628
ENSG00000104221,21,0,21,16,11,7.626
ENSG00000021488,14,0,20,7,9,7.624
ENSG00000174032,29,0,33,21,9,7.619
ENSG00000157764,33,0,22,20,13,7.618
ENSG00000137814,37,0,27,21,9,7.616
ENSG00000204138,39,0,29,24,5,7.609
ENSG00000213762,15,12,15,9,9,7.601
ENSG00000140406,28,0,27,16,4,7.598
ENSG00000122085,31,0,27,21,16,7.595
ENSG00000116191,35,0,22,35,0,7.594
ENSG00000170190,51,0,59,26,18,7.591
ENSG00000162194,41,0,26,26,8,7.59
ENSG00000181458,17,0,20,13,25,7.587
ENSG00000198586,0,0,0,0,9,7.584
ENSG00000174442,39,0,31,23,19,7.583
ENSG00000115107,19,0,31,4,14,7.582
ENSG00000142166,23,0,24,17,0,7.582
ENSG00000168818,38,0,25,31,10,7.58
ENSG00000082516,46,0,32,31,16,7.578
ENSG00000164327,43,0,26,33,15,7.577
ENSG00000132664,30,0,23,16,14,7.567
ENSG00000102763,26,0,23,18,11,7.566
ENSG00000135249,32,0,23,21,16,7.564
ENSG00000100350,34,0,27,30,0,7.557
ENSG00000137040,23,0,19,17,9,7.556
ENSG00000043514,20,0,16,18,8,7.552
ENSG00000107959,13,0,25,3,7,7.547
ENSG00000164758,21,5,14,15,27,7.547
ENSG00000140299,30,0,28,24,9,7.54
ENSG00000198919,35,0,27,25,10,7.54
ENSG00000008083,60,0,58,43,27,7.538
ENSG00000134255,42,0,25,42,17,7.534
ENSG00000184986,23,0,37,12,11,7.534
ENSG00000138032,42,4,34,37,11,7.53
ENSG00000125746,9,0,36,0,11,7.527
ENSG00000135451,26,0,22,19,15,7.526
ENSG00000103671,20,0,18,14,9,7.525
ENSG00000152253,0,0,0,0,46,7.524
ENSG00000116830,26,0,24,14,11,7.518
ENSG00000125247,24,0,27,8,12,7.518
ENSG00000166171,17,0,32,0,50,7.516
ENSG00000177302,53,0,49,27,16,7.516
ENSG00000166169,26,0,24,16,16,7.515
ENSG00000142892,20,0,16,11,5,7.514
ENSG00000111445,19,0,19,5,11,7.51
ENSG00000165097,31,0,24,20,12,7.51
ENSG00000164237,16,0,22,8,13,7.509
ENSG00000071794,16,0,18,4,6,7.506
ENSG00000241945,21,0,25,15,4,7.505
ENSG00000100647,32,0,28,10,13,7.5
ENSG00000196517,35,0,46,19,0,7.498
ENSG00000031691,32,0,18,24,18,7.497
ENSG00000168438,42,0,33,26,15,7.49
ENSG00000151413,0,0,3,0,20,7.484
ENSG00000009413,50,0,33,39,13,7.482
ENSG00000124786,25,0,15,14,8,7.48
ENSG00000228300,39,0,41,24,4,7.48
ENSG00000090889,23,0,17,17,4,7.476
ENSG00000162409,33,0,25,29,10,7.472
ENSG00000184368,13,0,15,0,0,7.472
ENSG00000165733,21,0,20,18,8,7.47
ENSG00000135968,24,0,21,26,13,7.467
ENSG00000217128,32,0,27,28,11,7.466
ENSG00000049167,30,0,25,23,15,7.463
ENSG00000161010,24,0,25,15,4,7.462
ENSG00000140987,28,0,25,21,11,7.455
ENSG00000035928,39,6,26,29,11,7.452
ENSG00000204536,0,0,0,0,0,7.451
ENSG00000093183,30,0,18,25,7,7.45
ENSG00000165417,35,0,29,35,7,7.45
ENSG00000173295,12,0,16,0,0,7.45
ENSG00000148411,41,0,56,12,28,7.449
ENSG00000157426,28,0,24,18,13,7.445
ENSG00000111731,23,0,24,16,3,7.441
ENSG00000170525,0,0,36,0,66,7.44
ENSG00000105397,21,0,25,18,6,7.438
ENSG00000122068,26,0,25,9,6,7.436
ENSG00000149929,31,0,25,16,12,7.436
ENSG00000151726,20,0,19,3,13,7.434
ENSG00000071539,41,0,36,37,7,7.432
ENSG00000085511,22,0,19,12,24,7.431
ENSG00000126775,28,0,15,13,6,7.424
ENSG00000160255,20,0,63,0,5,7.423
ENSG00000138160,55,0,40,30,17,7.422
ENSG00000084444,14,0,16,0,34,7.42
ENSG00000118873,27,0,17,13,9,7.417
ENSG00000139192,22,0,24,18,12,7.416
ENSG00000156671,23,0,27,0,3,7.415
ENSG00000088826,3,0,0,0,19,7.414
ENSG00000125827,22,0,18,16,0,7.414
ENSG00000229644,0,0,0,0,0,7.414
ENSG00000111252,42,0,50,14,7,7.411
ENSG00000152193,32,0,29,23,30,7.411
ENSG00000188707,5,0,6,3,0,7.411
ENSG00000136891,43,5,19,20,7,7.406
ENSG00000126821,35,0,20,10,10,7.404
ENSG00000167721,46,0,36,29,20,7.404
ENSG00000196865,33,0,27,24,21,7.398
ENSG00000126391,44,0,46,42,8,7.392
ENSG00000163798,31,0,27,21,19,7.39
ENSG00000235098,45,0,42,21,3,7.39
ENSG00000100426,36,0,56,24,21,7.387
ENSG00000123473,35,0,25,22,7,7.387
ENSG00000244045,33,0,20,27,13,7.386
ENSG00000166860,23,0,17,5,9,7.385
ENSG00000021574,41,0,42,29,12,7.384
ENSG00000184428,5,0,10,0,59,7.383
ENSG00000171448,35,0,25,21,15,7.381
ENSG00000185085,24,0,21,23,5,7.38
ENSG00000048140,19,0,23,0,18,7.379
ENSG00000135124,16,0,19,9,7,7.377
ENSG00000005471,9,0,10,2,0,7.375
ENSG00000172469,28,0,22,22,10,7.375
ENSG00000184708,23,0,16,7,9,7.372
ENSG00000154655,40,0,25,25,10,7.369
ENSG00000221821,36,0,28,20,0,7.366
ENSG00000146842,23,0,18,16,9,7.364
ENSG00000121897,48,0,32,30,23,7.363
ENSG00000243955,0,0,0,4,0,7.363
ENSG00000106610,25,0,26,17,3,7.356
ENSG00000114861,53,0,42,59,7,7.353
ENSG00000169118,23,0,18,22,7,7.351
ENSG00000012174,21,0,14,13,0,7.349
ENSG00000103248,22,0,22,13,16,7.349
ENSG00000104312,36,0,23,27,12,7.349
ENSG00000176387,41,0,43,26,25,7.346
ENSG00000133818,2,0,2,0,2,7.344
ENSG00000166479,24,0,17,16,9,7.344
ENSG00000151414,47,0,35,34,15,7.343
ENSG00000134905,73,0,65,65,29,7.342
ENSG00000198556,54,0,41,43,9,7.34
ENSG00000143228,0,0,0,0,0,7.333
ENSG00000156398,35,0,35,30,6,7.328
ENSG00000182326,6,0,0,9,0,7.325
ENSG00000181274,47,0,43,36,7,7.318
ENSG00000180574,0,0,0,0,12,7.312
ENSG00000134461,40,0,43,28,11,7.311
ENSG00000185900,43,0,36,32,7,7.311
ENSG00000150867,25,0,26,3,15,7.309
ENSG00000160785,28,7,15,23,9,7.308
ENSG00000103707,37,0,29,14,5,7.307
ENSG00000159348,29,0,21,10,3,7.307
ENSG00000172465,22,0,19,18,0,7.307
ENSG00000101181,43,0,24,30,8,7.303
ENSG00000106799,24,0,27,3,4,7.303
ENSG00000114735,31,0,38,9,31,7.302
ENSG00000240720,9,0,10,3,0,7.302
ENSG00000005206,48,0,63,29,18,7.295
ENSG00000178935,39,0,30,33,6,7.293
ENSG00000111011,53,0,35,34,15,7.289
ENSG00000156510,29,0,32,19,6,7.289
ENSG00000205730,44,0,45,28,3,7.289
ENSG00000146540,24,0,23,20,8,7.288
ENSG00000156304,42,0,32,25,11,7.287
ENSG00000064933,38,0,24,23,15,7.285
ENSG00000132323,32,0,25,21,36,7.285
ENSG00000198373,24,0,17,20,6,7.284
ENSG00000069667,0,0,25,0,56,7.281
ENSG00000169612,22,0,20,12,11,7.281
ENSG00000196693,25,0,19,28,0,7.279
ENSG00000135148,25,0,30,16,3,7.278
ENSG00000176903,24,0,26,7,11,7.275
ENSG00000161958,30,0,42,7,20,7.274
ENSG00000099910,27,0,29,18,10,7.271
ENSG00000060069,45,0,38,33,13,7.27
ENSG00000131263,23,0,17,20,10,7.27
ENSG00000215067,60,0,51,39,22,7.263
ENSG00000006625,0,0,0,0,0,7.261
ENSG00000132840,24,0,20,17,8,7.258
ENSG00000139998,16,0,22,0,0,7.258
ENSG00000085491,17,0,16,7,21,7.257
ENSG00000116497,52,0,42,43,8,7.257
ENSG00000251322,12,0,39,0,24,7.257
ENSG00000118369,56,0,46,37,12,7.253
ENSG00000214491,14,0,17,0,52,7.253
ENSG00000105329,40,0,40,21,14,7.252
ENSG00000159363,21,0,29,0,14,7.251
ENSG00000134897,34,0,30,13,11,7.248
ENSG00000135845,21,0,16,10,4,7.242
ENSG00000112486,0,0,5,0,56,7.239
ENSG00000171119,25,0,32,23,4,7.233
ENSG00000168876,32,0,21,19,10,7.231
ENSG00000117481,34,0,33,32,17,7.229
ENSG00000105298,24,0,22,18,8,7.225
ENSG00000147044,34,0,26,17,13,7.224
ENSG00000108590,49,0,45,28,18,7.222
ENSG00000143630,35,0,33,19,12,7.22
ENSG00000184886,35,0,24,27,10,7.22
ENSG00000166529,17,0,18,14,5,7.219
ENSG00000131381,25,0,28,22,15,7.218
ENSG00000176410,43,0,33,29,9,7.216
ENSG00000187091,18,0,30,3,39,7.213
ENSG00000092847,0,0,0,0,0,7.211
ENSG00000198026,28,0,31,19,25,7.205
ENSG00000112852,11,0,12,5,0,7.199
ENSG00000167378,40,0,35,28,16,7.193
ENSG00000069869,24,0,18,19,6,7.187
ENSG00000111229,19,0,18,24,4,7.185
ENSG00000115827,43,0,33,40,10,7.185
ENSG00000138785,4,0,21,0,40,7.185
ENSG00000162607,52,0,43,39,12,7.185
ENSG00000099364,41,0,35,19,5,7.184
ENSG00000109756,46,0,40,29,24,7.175
ENSG00000136521,28,0,28,17,10,7.175
ENSG00000164684,25,9,22,13,27,7.175
ENSG00000166387,28,0,31,5,15,7.175
ENSG00000180891,41,0,39,25,42,7.17
ENSG00000103150,21,0,22,11,18,7.169
ENSG00000184260,48,0,41,40,10,7.169
ENSG00000119953,33,0,19,22,8,7.165
ENSG00000166900,0,0,0,0,0,7.165
ENSG00000196966,21,0,19,17,9,7.163
ENSG00000162772,7,0,6,0,22,7.162
ENSG00000106460,26,0,21,19,9,7.161
ENSG00000157193,30,0,35,28,34,7.159
ENSG00000116663,13,0,14,0,0,7.157
ENSG00000164180,38,10,20,18,11,7.157
ENSG00000081307,5,0,4,11,1,7.154
ENSG00000117791,24,0,25,9,27,7.149
ENSG00000135316,56,0,39,36,11,7.141
ENSG00000081177,18,0,15,8,0,7.138
ENSG00000153721,42,0,36,40,14,7.135
ENSG00000164961,24,0,18,16,14,7.133
ENSG00000172663,40,0,41,26,12,7.132
ENSG00000050405,19,0,20,13,13,7.129
ENSG00000123728,39,0,33,31,4,7.125
ENSG00000095932,4,0,24,0,0,7.123
ENSG00000156273,0,0,0,2,0,7.117
ENSG00000130254,70,0,41,41,23,7.113
ENSG00000119640,43,0,31,34,8,7.111
ENSG00000037637,33,0,27,35,11,7.11
ENSG00000183765,45,0,28,44,16,7.11
ENSG00000164252,16,14,23,10,18,7.105
ENSG00000182611,43,0,27,39,12,7.105
ENSG00000140265,32,0,25,16,18,7.095
ENSG00000162642,25,0,18,6,10,7.092
ENSG00000164117,33,0,23,22,19,7.09
ENSG00000198252,19,0,23,19,4,7.088
ENSG00000101197,10,0,29,0,76,7.087
ENSG00000118898,12,0,29,7,39,7.084
ENSG00000203827,0,0,0,0,0,7.082
ENSG00000243708,19,0,18,4,5,7.082
ENSG00000138794,21,0,24,5,0,7.081
ENSG00000166965,21,0,22,18,0,7.08
ENSG00000197562,52,0,52,27,14,7.08
ENSG00000123908,32,0,50,13,17,7.079
ENSG00000108641,34,0,26,22,11,7.075
ENSG00000164751,33,0,21,25,12,7.072
ENSG00000181896,39,0,41,42,10,7.071
ENSG00000076984,33,0,34,32,8,7.07
ENSG00000175387,42,0,23,23,9,7.07
ENSG00000118242,0,0,0,0,0,7.067
ENSG00000126878,10,0,19,0,41,7.061
ENSG00000198053,36,0,34,0,21,7.061
ENSG00000123595,23,0,14,9,4,7.055
ENSG00000111752,16,0,19,4,4,7.054
ENSG00000124171,65,0,58,57,16,7.048
ENSG00000146802,38,0,29,29,9,7.045
ENSG00000206052,35,0,32,18,16,7.045
ENSG00000151327,32,0,24,26,12,7.037
ENSG00000066135,40,0,27,23,10,7.03
ENSG00000198783,28,0,20,17,18,7.03
ENSG00000139372,36,0,30,26,14,7.026
ENSG00000174194,3,0,5,0,0,7.025
ENSG00000123737,31,0,14,34,12,7.022
ENSG00000197037,31,0,22,19,13,7.02
ENSG00000197444,9,0,18,0,11,7.019
ENSG00000196914,55,0,45,48,27,7.016
ENSG00000215717,42,0,31,31,6,7.015
ENSG00000120756,26,0,26,13,8,7.014
ENSG00000162129,30,0,24,37,4,7.013
ENSG00000184445,53,0,33,35,17,7.012
ENSG00000070010,42,0,31,21,12,7.009
ENSG00000160796,53,0,60,35,12,7.004
ENSG00000176386,32,0,21,34,8,7.004
ENSG00000137337,0,0,0,0,0,7.003
ENSG00000091039,27,0,20,23,15,7.002
ENSG00000120832,19,0,14,11,5,7.001
ENSG00000135870,40,0,27,20,18,6.999
ENSG00000165476,38,0,21,29,4,6.998
ENSG00000180921,26,0,45,13,3,6.997
ENSG00000073614,43,0,29,25,22,6.994
ENSG00000104325,20,0,18,16,11,6.993
ENSG00000175137,47,0,33,32,13,6.99
ENSG00000122497,0,0,0,0,0,6.987
ENSG00000197780,35,0,17,20,10,6.986
ENSG00000189007,35,0,25,23,16,6.985
ENSG00000021776,18,0,24,15,6,6.983
ENSG00000095485,25,0,25,13,8,6.982
ENSG00000067992,19,0,20,0,4,6.98
ENSG00000092140,37,0,31,22,23,6.98
ENSG00000164300,50,0,45,58,11,6.98
ENSG00000080986,40,0,27,31,20,6.978
ENSG00000144741,0,4,0,0,4,6.973
ENSG00000104142,26,0,32,12,8,6.968
ENSG00000119878,30,0,25,21,19,6.967
ENSG00000198960,19,0,17,13,3,6.962
ENSG00000213204,15,0,14,3,8,6.961
ENSG00000137496,0,0,0,0,0,6.957
ENSG00000153914,22,0,16,16,9,6.957
ENSG00000167377,18,0,15,14,7,6.955
ENSG00000156675,44,0,48,16,11,6.946
ENSG00000174106,35,0,28,16,12,6.946
ENSG00000183520,51,0,48,34,17,6.946
ENSG00000232098,39,0,34,22,18,6.944
ENSG00000167705,28,0,27,15,6,6.943
ENSG00000126216,20,7,18,18,7,6.942
ENSG00000126838,0,0,0,0,0,6.935
ENSG00000013573,23,0,20,15,9,6.932
ENSG00000182197,60,0,51,48,33,6.93
ENSG00000145920,4,0,18,0,7,6.929
ENSG00000086189,33,0,19,13,10,6.928
ENSG00000138744,16,0,21,12,0,6.926
ENSG00000203993,33,0,32,20,4,6.925
ENSG00000159685,23,7,20,0,6,6.924
ENSG00000206560,26,0,26,19,0,6.924
ENSG00000197223,0,0,0,0,12,6.923
ENSG00000125089,0,0,5,0,27,6.918
ENSG00000148737,66,0,53,49,12,6.916
ENSG00000104412,26,0,18,19,14,6.915
ENSG00000138777,28,0,22,21,5,6.913
ENSG00000180902,29,0,27,20,6,6.913
ENSG00000075856,52,0,47,45,30,6.912
ENSG00000197530,48,0,39,23,8,6.912
ENSG00000139631,43,0,26,23,11,6.911
ENSG00000148297,40,0,35,27,15,6.91
ENSG00000121671,33,0,24,24,6,6.906
ENSG00000173193,27,0,30,12,8,6.906
ENSG00000114395,26,0,34,13,12,6.904
ENSG00000036549,46,0,36,55,9,6.902
ENSG00000144040,23,0,23,22,13,6.902
ENSG00000130304,34,0,41,6,14,6.901
ENSG00000132467,37,0,24,21,14,6.901
ENSG00000039068,46,0,40,30,21,6.9
ENSG00000071889,32,0,34,24,0,6.898
ENSG00000035115,62,0,33,53,11,6.897
ENSG00000172113,28,0,23,20,9,6.895
ENSG00000108551,14,0,24,4,39,6.888
ENSG00000242110,26,0,21,34,6,6.886
ENSG00000089195,36,0,23,18,15,6.885
ENSG00000167716,55,0,45,50,12,6.878
ENSG00000149503,25,0,28,14,13,6.874
ENSG00000185504,33,0,31,17,19,6.872
ENSG00000114933,46,0,37,45,17,6.867
ENSG00000175348,37,0,26,18,12,6.865
ENSG00000123444,30,0,23,21,12,6.863
ENSG00000102221,23,0,24,12,0,6.862
ENSG00000158623,22,0,17,0,14,6.861
ENSG00000157500,26,0,19,11,3,6.86
ENSG00000185829,0,0,0,0,0,6.86
ENSG00000184517,16,29,17,7,0,6.859
ENSG00000134597,18,0,17,12,0,6.857
ENSG00000172086,34,0,23,27,10,6.857
ENSG00000108094,32,7,22,16,11,6.855
ENSG00000104825,28,0,21,18,7,6.853
ENSG00000175324,61,0,48,55,22,6.847
ENSG00000198042,38,0,29,25,11,6.845
ENSG00000183475,38,0,28,28,20,6.844
ENSG00000136021,34,0,24,26,9,6.834
ENSG00000138002,27,0,21,18,9,6.834
ENSG00000156162,26,0,25,22,16,6.832
ENSG00000163877,28,0,23,15,8,6.832
ENSG00000140718,24,0,19,12,13,6.83
ENSG00000145725,38,0,25,27,16,6.828
ENSG00000126804,53,0,48,37,16,6.827
ENSG00000060749,40,0,27,23,14,6.82
ENSG00000197579,43,0,34,32,23,6.82
ENSG00000078142,23,0,16,9,13,6.817
ENSG00000125741,4,0,10,0,58,6.817
ENSG00000163918,27,0,15,15,8,6.813
ENSG00000128242,6,0,32,4,0,6.81
ENSG00000047056,60,0,48,39,18,6.807
ENSG00000160193,33,0,27,27,13,6.8
ENSG00000107643,19,0,18,3,5,6.798
ENSG00000006025,19,0,20,0,5,6.797
ENSG00000146918,37,4,37,9,4,6.795
ENSG00000251349,0,0,0,0,0,6.791
ENSG00000107077,18,0,18,16,8,6.79
ENSG00000170222,35,0,29,23,13,6.79
ENSG00000068654,45,0,29,24,19,6.788
ENSG00000065882,0,0,12,0,26,6.787
ENSG00000005812,29,0,25,8,10,6.786
ENSG00000130779,41,0,39,34,13,6.785
ENSG00000104228,34,0,30,14,4,6.783
ENSG00000157353,23,0,20,17,10,6.783
ENSG00000079277,24,0,28,5,16,6.781
ENSG00000116198,36,0,34,9,12,6.776
ENSG00000189334,30,0,25,16,0,6.775
ENSG00000204632,0,0,0,0,0,6.775
ENSG00000164620,34,0,31,19,12,6.771
ENSG00000215769,8,0,8,0,0,6.771
ENSG00000140451,25,0,22,25,12,6.769
ENSG00000078070,0,0,11,0,35,6.767
ENSG00000114770,14,0,16,7,9,6.767
ENSG00000073584,30,0,24,24,18,6.766
ENSG00000107771,36,0,31,22,7,6.764
ENSG00000186395,27,0,15,17,16,6.763
ENSG00000067177,14,0,16,0,0,6.762
ENSG00000115526,17,0,16,4,11,6.759
ENSG00000050344,28,0,25,7,28,6.758
ENSG00000142039,25,0,26,20,13,6.757
ENSG00000142227,15,0,22,10,4,6.755
ENSG00000110047,42,0,50,23,7,6.754
ENSG00000196226,33,0,28,34,17,6.753
ENSG00000176018,29,0,19,21,15,6.752
ENSG00000234545,29,0,23,29,32,6.749
ENSG00000121848,18,0,22,14,9,6.746
ENSG00000166348,30,0,23,24,14,6.745
ENSG00000035862,28,0,43,10,41,6.744
ENSG00000105327,48,0,44,52,24,6.744
ENSG00000114030,20,0,27,12,4,6.744
ENSG00000129347,38,0,37,26,0,6.744
ENSG00000177542,30,0,41,21,10,6.744
ENSG00000205436,56,0,89,43,14,6.744
ENSG00000148356,45,0,37,36,16,6.742
ENSG00000132109,11,0,13,0,10,6.741
ENSG00000081692,37,0,40,17,12,6.74
ENSG00000143224,28,0,24,19,0,6.74
ENSG00000065600,18,0,22,0,17,6.737
ENSG00000159459,29,0,19,20,14,6.736
ENSG00000159840,34,0,35,15,7,6.733
ENSG00000100764,20,0,20,12,18,6.731
ENSG00000176783,32,0,31,16,5,6.731
ENSG00000168077,24,0,27,42,5,6.724
ENSG00000185513,10,0,15,0,20,6.723
ENSG00000161217,35,0,30,30,15,6.722
ENSG00000169641,11,0,14,0,15,6.72
ENSG00000114648,35,0,33,29,20,6.719
ENSG00000224113,0,0,0,0,0,6.719
ENSG00000106009,47,0,47,18,0,6.716
ENSG00000159131,62,0,37,36,27,6.714
ENSG00000167257,33,0,28,21,10,6.714
ENSG00000251246,18,0,22,8,0,6.713
ENSG00000139219,5,0,42,3,45,6.708
ENSG00000160949,28,0,26,18,0,6.705
ENSG00000132437,15,0,25,19,0,6.703
ENSG00000112773,54,0,40,32,14,6.697
ENSG00000213588,0,0,0,0,0,6.696
ENSG00000129646,0,0,0,0,0,6.687
ENSG00000008405,34,11,23,24,10,6.685
ENSG00000010404,0,0,0,0,0,6.685
ENSG00000168924,41,0,33,20,6,6.684
ENSG00000114796,30,0,32,24,0,6.682
ENSG00000198650,30,0,5,34,0,6.682
ENSG00000137962,0,0,0,0,3,6.679
ENSG00000171903,14,7,16,14,3,6.679
ENSG00000148925,28,0,19,17,15,6.678
ENSG00000129566,32,0,16,14,11,6.677
ENSG00000153922,41,0,33,37,16,6.674
ENSG00000105696,64,0,91,40,14,6.668
ENSG00000136279,26,0,25,18,8,6.663
ENSG00000167173,35,8,39,12,12,6.661
ENSG00000198105,40,14,30,25,11,6.661
ENSG00000116874,28,0,21,23,10,6.658
ENSG00000171970,30,0,29,31,3,6.654
ENSG00000072954,39,0,32,21,14,6.65
ENSG00000106290,30,0,32,27,14,6.649
ENSG00000118777,6,0,0,0,7,6.648
ENSG00000168301,38,0,37,16,11,6.648
ENSG00000176531,24,0,27,29,8,6.647
ENSG00000106459,37,0,37,29,12,6.646
ENSG00000132744,3,0,11,0,0,6.646
ENSG00000257921,33,0,27,24,21,6.645
ENSG00000182628,51,0,36,43,10,6.644
ENSG00000160703,24,0,30,9,30,6.642
ENSG00000023572,28,0,17,41,6,6.639
ENSG00000186716,51,0,53,27,11,6.639
ENSG00000162227,22,0,19,16,9,6.637
ENSG00000166788,24,0,16,15,7,6.634
ENSG00000177427,62,0,57,37,15,6.633
ENSG00000101974,0,0,0,0,0,6.632
ENSG00000182472,4,0,0,0,0,6.631
ENSG00000132004,23,0,20,8,7,6.63
ENSG00000033327,31,0,28,20,9,6.629
ENSG00000174132,26,17,15,13,11,6.629
ENSG00000137492,39,0,32,23,11,6.628
ENSG00000150760,24,0,26,10,0,6.628
ENSG00000111670,22,0,15,2,12,6.627
ENSG00000138336,39,0,37,17,3,6.627
ENSG00000196812,19,0,11,10,11,6.627
ENSG00000047578,43,0,28,29,23,6.624
ENSG00000144401,34,0,39,33,21,6.624
ENSG00000160767,30,0,37,28,0,6.624
ENSG00000175895,27,0,26,15,7,6.614
ENSG00000213523,25,0,19,19,16,6.609
ENSG00000130939,29,0,25,15,9,6.608
ENSG00000174953,26,0,20,19,9,6.607
ENSG00000163002,0,0,0,0,11,6.604
ENSG00000100596,18,0,19,9,5,6.603
ENSG00000116815,19,0,23,8,15,6.603
ENSG00000091164,21,0,19,10,6,6.6
ENSG00000164941,6,0,9,0,3,6.6
ENSG00000160392,27,0,27,20,13,6.598
ENSG00000119401,22,9,23,15,10,6.595
ENSG00000110921,43,0,28,41,3,6.594
ENSG00000244486,34,0,41,0,0,6.593
ENSG00000119906,36,0,21,28,4,6.59
ENSG00000136044,25,0,19,17,8,6.59
ENSG00000255468,85,0,60,77,12,6.59
ENSG00000168803,28,0,27,21,16,6.586
ENSG00000029993,21,0,24,3,7,6.585
ENSG00000177854,60,0,72,59,12,6.581
ENSG00000227624,0,0,0,0,27,6.579
ENSG00000254206,0,0,0,0,0,6.574
ENSG00000168813,23,0,14,18,7,6.572
ENSG00000122482,38,0,27,49,13,6.569
ENSG00000189376,21,0,15,12,5,6.569
ENSG00000099810,31,0,23,16,0,6.565
ENSG00000204604,12,17,14,5,6,6.565
ENSG00000165506,49,0,53,44,17,6.564
ENSG00000181090,33,0,32,20,4,6.563
ENSG00000221890,20,0,36,4,17,6.562
ENSG00000163029,0,0,0,0,4,6.557
ENSG00000186806,49,0,40,53,0,6.557
ENSG00000128923,38,0,40,30,14,6.553
ENSG00000235162,26,0,19,16,8,6.552
ENSG00000198087,39,0,23,26,15,6.551
ENSG00000117625,53,0,46,29,14,6.548
ENSG00000170385,47,0,38,47,10,6.547
ENSG00000163512,31,0,22,22,10,6.545
ENSG00000134744,41,0,36,39,12,6.544
ENSG00000169490,56,0,49,62,23,6.541
ENSG00000120925,42,0,30,34,7,6.537
ENSG00000104880,39,0,33,27,9,6.536
ENSG00000154305,22,0,26,9,5,6.528
ENSG00000083123,13,0,10,6,6,6.526
ENSG00000198746,30,0,19,32,11,6.525
ENSG00000171723,34,0,36,26,19,6.524
ENSG00000105849,25,0,18,14,8,6.521
ENSG00000104897,60,0,54,40,0,6.52
ENSG00000105171,25,0,22,14,27,6.52
ENSG00000033030,33,0,34,35,7,6.519
ENSG00000178209,44,0,63,0,11,6.517
ENSG00000103966,21,0,19,8,7,6.516
ENSG00000137960,58,0,42,48,23,6.515
ENSG00000130283,10,0,21,0,0,6.514
ENSG00000170854,22,0,18,16,3,6.513
ENSG00000163389,29,0,22,19,7,6.512
ENSG00000006715,0,0,0,0,3,6.51
ENSG00000153207,30,0,28,21,3,6.51
ENSG00000163625,25,0,23,15,5,6.51
ENSG00000129355,38,0,37,26,0,6.509
ENSG00000148719,29,0,25,24,11,6.507
ENSG00000106785,19,0,20,18,0,6.505
ENSG00000133874,28,0,26,29,6,6.503
ENSG00000148842,53,0,49,43,20,6.503
ENSG00000175691,39,0,35,27,17,6.503
ENSG00000100416,12,0,9,9,0,6.501
ENSG00000100726,24,0,29,17,16,6.5
ENSG00000177082,54,0,41,53,6,6.5
ENSG00000011426,62,0,28,66,11,6.499
ENSG00000143387,0,0,0,0,0,6.497
ENSG00000171621,25,16,47,0,6,6.497
ENSG00000187325,16,0,16,0,0,6.497
ENSG00000183963,17,0,6,10,0,6.496
ENSG00000198874,40,0,36,35,14,6.495
ENSG00000027847,25,0,21,10,7,6.493
ENSG00000151092,25,0,12,17,4,6.489
ENSG00000170545,27,0,19,4,2,6.489
ENSG00000111596,33,0,26,28,20,6.488
ENSG00000188419,26,0,12,19,8,6.488
ENSG00000135185,18,0,26,10,20,6.481
ENSG00000120688,62,0,50,50,19,6.48
ENSG00000113734,13,0,11,7,4,6.479
ENSG00000153132,22,0,23,19,8,6.478
ENSG00000254726,47,0,46,24,7,6.477
ENSG00000127580,25,0,42,7,22,6.475
ENSG00000119004,36,0,24,21,8,6.468
ENSG00000141452,23,0,26,11,12,6.467
ENSG00000164830,5,0,22,0,36,6.463
ENSG00000116127,25,0,21,14,25,6.458
ENSG00000089123,18,0,17,9,15,6.457
ENSG00000099991,59,0,43,52,8,6.456
ENSG00000166689,31,0,35,28,5,6.456
ENSG00000130748,16,0,24,5,0,6.454
ENSG00000105246,18,0,32,11,12,6.453
ENSG00000188735,30,0,29,23,12,6.453
ENSG00000127980,30,0,19,22,15,6.45
ENSG00000131732,42,0,33,26,17,6.45
ENSG00000066739,36,0,31,23,18,6.449
ENSG00000113580,4,0,0,0,10,6.446
ENSG00000143756,23,0,16,13,15,6.446
ENSG00000147548,64,0,56,47,19,6.446
ENSG00000021826,31,0,26,19,9,6.444
ENSG00000106443,33,0,21,23,6,6.44
ENSG00000171365,24,0,15,14,4,6.44
ENSG00000175707,21,0,33,7,5,6.44
ENSG00000241404,0,0,0,0,0,6.438
ENSG00000111615,21,0,23,13,16,6.436
ENSG00000109618,44,0,26,49,10,6.431
ENSG00000109576,13,0,16,3,5,6.428
ENSG00000227345,0,0,0,0,0,6.428
ENSG00000187531,42,0,40,25,0,6.425
ENSG00000211456,35,0,33,18,11,6.425
ENSG00000213337,43,0,34,61,5,6.425
ENSG00000138050,37,0,35,11,22,6.421
ENSG00000112343,19,30,18,10,6,6.419
ENSG00000156858,22,0,25,13,5,6.419
ENSG00000184436,31,0,39,27,11,6.419
ENSG00000100918,0,0,0,4,0,6.418
ENSG00000150764,30,0,16,45,0,6.415
ENSG00000109466,26,0,32,7,14,6.414
ENSG00000128791,15,0,20,0,5,6.414
ENSG00000188611,10,0,0,4,0,6.414
ENSG00000196233,52,0,31,42,10,6.413
ENSG00000158092,33,0,24,23,7,6.412
ENSG00000145041,38,0,31,19,0,6.411
ENSG00000138593,30,2,17,18,7,6.41
ENSG00000163947,23,0,25,11,34,6.41
ENSG00000110395,22,0,21,8,4,6.409
ENSG00000149300,20,0,19,23,0,6.408
ENSG00000175467,37,0,27,22,9,6.404
ENSG00000154803,34,0,34,21,14,6.403
ENSG00000196591,0,0,0,0,11,6.403
ENSG00000058063,25,0,23,16,23,6.399
ENSG00000059691,17,0,16,9,21,6.399
ENSG00000140398,24,0,27,12,10,6.399
ENSG00000142549,0,21,0,0,17,6.398
ENSG00000103449,55,0,59,35,45,6.394
ENSG00000136770,23,0,19,12,13,6.391
ENSG00000121775,23,0,18,12,7,6.389
ENSG00000142279,20,0,28,0,0,6.389
ENSG00000235173,0,0,0,0,0,6.389
ENSG00000196976,8,0,8,0,0,6.388
ENSG00000144747,30,0,25,23,9,6.387
ENSG00000108771,18,0,21,0,4,6.384
ENSG00000153147,30,0,24,20,18,6.384
ENSG00000115459,37,0,34,22,22,6.383
ENSG00000170430,30,0,34,57,0,6.383
ENSG00000165102,32,0,31,28,15,6.38
ENSG00000172007,58,0,29,34,13,6.375
ENSG00000204366,0,0,0,0,0,6.374
ENSG00000255823,0,0,0,0,0,6.374
ENSG00000082438,37,0,28,45,10,6.373
ENSG00000163884,24,0,45,34,38,6.372
ENSG00000168228,17,0,20,8,8,6.372
ENSG00000085840,33,0,25,23,15,6.369
ENSG00000100429,20,0,26,5,0,6.366
ENSG00000013563,31,0,31,25,0,6.364
ENSG00000138246,33,0,22,26,18,6.364
ENSG00000166199,16,8,15,7,20,6.36
ENSG00000185650,56,1,51,48,22,6.359
ENSG00000112584,3,0,23,0,92,6.358
ENSG00000106399,0,0,0,0,0,6.351
ENSG00000118260,34,0,37,30,10,6.349
ENSG00000236287,33,0,26,25,25,6.346
ENSG00000108587,26,0,21,15,13,6.345
ENSG00000117222,37,0,25,21,11,6.345
ENSG00000162063,31,0,28,10,30,6.344
ENSG00000214013,56,0,30,52,23,6.344
ENSG00000146909,23,0,37,12,11,6.343
ENSG00000162378,30,0,21,10,10,6.342
ENSG00000075407,24,0,21,13,14,6.338
ENSG00000112130,23,0,20,10,6,6.338
ENSG00000139163,50,0,21,42,11,6.336
ENSG00000122591,25,0,16,7,8,6.335
ENSG00000197153,44,0,45,43,27,6.334
ENSG00000168300,43,0,27,32,17,6.331
ENSG00000134769,20,0,18,9,0,6.326
ENSG00000051825,0,5,0,0,0,6.325
ENSG00000203797,27,0,23,27,9,6.324
ENSG00000178826,23,0,20,19,0,6.323
ENSG00000107758,30,0,22,18,8,6.322
ENSG00000142444,37,0,32,16,15,6.315
ENSG00000156735,61,0,48,55,22,6.315
ENSG00000117614,25,0,23,19,7,6.311
ENSG00000132801,24,0,25,11,8,6.31
ENSG00000170458,10,6,17,27,0,6.307
ENSG00000104936,13,0,32,0,0,6.306
ENSG00000153487,66,0,64,61,29,6.302
ENSG00000158156,18,0,21,0,6,6.3
ENSG00000105983,24,0,23,18,10,6.296
ENSG00000006118,17,0,24,0,0,6.294
ENSG00000164902,38,0,31,23,8,6.293
ENSG00000177981,0,0,0,0,45,6.287
ENSG00000108175,71,0,78,67,15,6.286
ENSG00000161249,26,0,30,12,39,6.286
ENSG00000135100,50,0,43,69,14,6.285
ENSG00000157107,31,0,26,26,8,6.285
ENSG00000076554,4,0,0,3,0,6.283
ENSG00000186019,20,0,18,6,13,6.281
ENSG00000115286,23,0,21,11,6,6.278
ENSG00000049449,0,0,51,0,96,6.277
ENSG00000176390,36,0,32,15,5,6.276
ENSG00000168061,28,0,28,18,0,6.272
ENSG00000224051,32,0,34,16,3,6.272
ENSG00000144455,18,0,15,13,7,6.271
ENSG00000248751,0,0,0,0,0,6.268
ENSG00000102858,75,0,75,70,12,6.266
ENSG00000167306,27,0,29,6,24,6.265
ENSG00000172650,0,0,0,0,0,6.265
ENSG00000099308,12,0,25,0,10,6.264
ENSG00000173715,16,6,23,5,3,6.259
ENSG00000128731,9,0,3,0,0,6.257
ENSG00000110925,21,0,16,0,3,6.251
ENSG00000070367,39,0,28,29,8,6.248
ENSG00000182095,100,0,100,99,35,6.244
ENSG00000118496,41,0,26,29,11,6.241
ENSG00000005436,32,0,18,24,4,6.238
ENSG00000170906,24,0,28,12,6,6.238
ENSG00000143382,40,0,47,10,5,6.236
ENSG00000141376,24,0,22,14,6,6.233
ENSG00000141979,42,0,28,26,14,6.228
ENSG00000020129,33,0,25,25,4,6.227
ENSG00000184697,59,0,67,45,13,6.227
ENSG00000103343,28,0,25,23,12,6.224
ENSG00000080815,25,0,27,22,11,6.223
ENSG00000138468,23,0,19,21,6,6.221
ENSG00000070882,42,0,37,22,18,6.219
ENSG00000113889,4,0,0,0,9,6.219
ENSG00000185019,63,0,45,38,14,6.218
ENSG00000087269,36,0,35,13,9,6.215
ENSG00000185800,18,0,14,14,17,6.215
ENSG00000163125,44,0,28,29,21,6.212
ENSG00000145916,22,0,24,11,12,6.208
ENSG00000183337,47,0,41,47,0,6.208
ENSG00000115825,29,0,29,5,29,6.207
ENSG00000171503,31,0,30,19,5,6.207
ENSG00000099904,38,0,46,8,0,6.203
ENSG00000125375,26,8,25,20,4,6.203
ENSG00000134330,20,0,21,4,0,6.203
ENSG00000126070,41,0,25,27,11,6.201
ENSG00000171862,70,0,53,44,28,6.2
ENSG00000118058,50,0,46,30,15,6.189
ENSG00000134698,22,0,23,6,12,6.189
ENSG00000087206,33,0,25,24,16,6.188
ENSG00000179979,0,2,0,0,0,6.188
ENSG00000173638,35,0,45,6,41,6.187
ENSG00000120963,41,0,31,34,8,6.186
ENSG00000115539,25,0,24,19,16,6.185
ENSG00000146648,19,0,30,0,27,6.182
ENSG00000119321,46,0,30,39,25,6.181
ENSG00000111961,0,0,0,0,0,6.18
ENSG00000163608,21,0,14,14,11,6.177
ENSG00000127125,22,0,23,15,11,6.176
ENSG00000183718,39,0,35,30,20,6.175
ENSG00000122783,51,0,58,39,19,6.174
ENSG00000170502,34,0,18,25,11,6.174
ENSG00000177084,40,0,36,15,0,6.172
ENSG00000099968,33,0,25,28,12,6.166
ENSG00000147121,26,0,24,20,0,6.162
ENSG00000196839,24,7,26,0,55,6.162
ENSG00000183309,34,0,33,19,8,6.161
ENSG00000205659,37,0,26,29,14,6.159
ENSG00000154556,0,0,0,0,6,6.158
ENSG00000183474,16,0,16,13,0,6.156
ENSG00000119729,15,0,32,5,14,6.153
ENSG00000171475,24,0,20,16,6,6.151
ENSG00000183597,52,0,53,13,19,6.151
ENSG00000142082,36,0,29,24,16,6.15
ENSG00000176058,66,0,62,50,15,6.148
ENSG00000197608,22,65,17,17,9,6.145
ENSG00000105778,45,0,32,47,11,6.142
ENSG00000115750,21,0,19,15,6,6.142
ENSG00000112167,17,0,16,7,8,6.137
ENSG00000174093,5,0,0,0,0,6.133
ENSG00000149679,37,0,58,7,32,6.128
ENSG00000170456,34,0,29,27,5,6.128
ENSG00000129521,40,0,24,26,18,6.126
ENSG00000065809,0,0,0,0,19,6.122
ENSG00000134815,28,0,24,18,9,6.115
ENSG00000166311,13,0,17,0,4,6.115
ENSG00000100580,27,0,21,13,6,6.112
ENSG00000121481,23,0,20,12,11,6.112
ENSG00000122912,26,0,16,23,11,6.112
ENSG00000196937,22,0,16,14,10,6.109
ENSG00000169967,41,0,23,31,11,6.108
ENSG00000109685,48,0,28,37,0,6.106
ENSG00000147010,27,0,24,16,0,6.105
ENSG00000155158,30,0,24,18,3,6.104
ENSG00000187266,29,0,48,6,6,6.103
ENSG00000214827,0,0,0,0,0,6.097
ENSG00000128191,43,0,46,35,10,6.095
ENSG00000175455,14,0,16,8,13,6.09
ENSG00000253313,17,0,18,4,12,6.088
ENSG00000112339,0,0,0,0,3,6.082
ENSG00000216588,46,0,26,59,6,6.082
ENSG00000106665,47,0,57,36,10,6.081
ENSG00000139350,28,0,18,16,14,6.081
ENSG00000169635,9,0,6,3,0,6.077
ENSG00000119862,29,0,29,17,9,6.073
ENSG00000126773,43,0,28,50,19,6.073
ENSG00000102595,17,0,13,13,5,6.071
ENSG00000089048,44,0,36,44,14,6.069
ENSG00000151461,37,0,17,27,14,6.066
ENSG00000186350,5,0,25,0,57,6.064
ENSG00000165863,17,6,15,14,0,6.063
ENSG00000007047,46,0,48,28,9,6.06
ENSG00000248592,28,0,19,0,5,6.06
ENSG00000130755,36,0,27,17,9,6.058
ENSG00000150776,23,0,15,14,12,6.058
ENSG00000153015,30,0,22,23,20,6.058
ENSG00000100744,36,0,31,22,19,6.057
ENSG00000132781,50,0,31,58,12,6.057
ENSG00000145014,17,17,19,9,4,6.057
ENSG00000148343,30,0,33,6,8,6.054
ENSG00000031003,14,0,7,0,3,6.051
ENSG00000198894,30,0,24,17,9,6.051
ENSG00000114126,28,0,20,14,4,6.048
ENSG00000136819,30,0,24,14,7,6.048
ENSG00000135801,39,0,24,16,15,6.046
ENSG00000102984,52,0,59,37,28,6.045
ENSG00000120837,19,0,19,9,6,6.045
ENSG00000161265,61,0,61,43,17,6.044
ENSG00000183386,50,0,45,33,8,6.043
ENSG00000115145,34,12,28,17,21,6.038
ENSG00000163235,47,0,42,36,15,6.038
ENSG00000184634,17,0,19,9,0,6.037
ENSG00000159267,31,0,16,43,0,6.036
ENSG00000163636,22,0,17,14,9,6.035
ENSG00000162852,41,0,28,30,20,6.031
ENSG00000080345,23,0,22,15,11,6.029
ENSG00000138439,34,0,32,22,12,6.027
ENSG00000143590,18,0,22,8,0,6.025
ENSG00000153767,30,2,24,26,16,6.025
ENSG00000107186,18,0,20,3,0,6.023
ENSG00000164308,14,0,15,11,9,6.022
ENSG00000103199,48,0,45,36,15,6.021
ENSG00000184205,15,0,18,10,0,6.018
ENSG00000144645,13,0,11,4,31,6.016
ENSG00000083457,42,0,7,72,0,6.015
ENSG00000117650,29,0,21,22,11,6.014
ENSG00000167987,30,0,24,30,13,6.013
ENSG00000121680,50,0,61,26,17,6.009
ENSG00000215790,20,0,21,15,0,6.008
ENSG00000119509,28,0,25,21,15,6.006
ENSG00000169762,50,0,32,47,12,6.004
ENSG00000127603,8,0,27,0,28,6.001
ENSG00000184481,18,0,20,12,10,6.0
ENSG00000156983,31,0,28,10,9,5.998
ENSG00000086827,21,0,22,13,16,5.997
ENSG00000120910,31,0,31,19,4,5.995
ENSG00000116273,49,0,45,14,0,5.993
ENSG00000143514,29,0,25,20,19,5.993
ENSG00000082196,0,0,0,0,0,5.992
ENSG00000198743,23,0,28,16,6,5.992
ENSG00000177034,19,0,17,7,4,5.99
ENSG00000132330,37,0,30,40,14,5.989
ENSG00000006757,21,0,17,15,3,5.987
ENSG00000165650,59,0,46,31,26,5.987
ENSG00000166266,41,0,18,18,10,5.986
ENSG00000173137,42,0,45,14,8,5.986
ENSG00000047346,11,0,12,0,6,5.984
ENSG00000129214,36,0,21,16,5,5.983
ENSG00000134046,22,0,19,0,5,5.982
ENSG00000157800,3,0,9,0,16,5.982
ENSG00000070961,42,0,37,31,7,5.975
ENSG00000105229,40,0,28,19,9,5.975
ENSG00000128944,18,0,22,12,9,5.974
ENSG00000171160,16,0,17,8,3,5.97
ENSG00000258512,20,0,23,26,10,5.97
ENSG00000176485,3,0,11,0,0,5.968
ENSG00000221829,23,0,24,17,5,5.967
ENSG00000178974,25,0,21,19,7,5.965
ENSG00000226479,16,0,26,0,44,5.964
ENSG00000143702,45,0,32,34,20,5.962
ENSG00000148773,31,0,30,26,5,5.962
ENSG00000064999,51,0,45,33,21,5.961
ENSG00000119772,14,0,37,3,30,5.961
ENSG00000067900,40,0,28,14,19,5.956
ENSG00000166263,55,0,36,55,22,5.955
ENSG00000198887,52,0,40,32,18,5.954
ENSG00000100372,25,0,18,12,6,5.952
ENSG00000188725,32,0,18,20,14,5.952
ENSG00000177169,34,0,40,20,16,5.949
ENSG00000130702,69,0,81,47,3,5.948
ENSG00000147180,12,0,18,7,7,5.946
ENSG00000168234,0,0,0,0,0,5.943
ENSG00000133131,11,0,13,0,0,5.94
ENSG00000160124,47,0,30,29,15,5.94
ENSG00000116353,20,0,12,7,33,5.937
ENSG00000134899,31,0,32,26,16,5.935
ENSG00000111880,29,0,27,24,9,5.933
ENSG00000179913,41,0,45,35,18,5.933
ENSG00000117280,17,0,16,0,12,5.932
ENSG00000132549,27,0,24,20,19,5.928
ENSG00000213906,38,0,21,25,6,5.928
ENSG00000079974,10,0,13,0,0,5.926
ENSG00000163867,22,12,19,15,6,5.926
ENSG00000179965,18,0,23,14,7,5.921
ENSG00000170604,57,0,64,54,3,5.92
ENSG00000173145,21,0,14,11,9,5.92
ENSG00000184270,48,0,40,39,9,5.919
ENSG00000100246,17,0,12,8,18,5.915
ENSG00000121851,43,0,43,8,30,5.906
ENSG00000184602,17,0,35,0,39,5.904
ENSG00000153044,22,0,20,22,14,5.903
ENSG00000158286,28,0,28,16,0,5.902
ENSG00000184863,36,14,28,26,17,5.899
ENSG00000076650,29,0,20,15,16,5.892
ENSG00000153037,27,0,20,22,12,5.891
ENSG00000125459,10,0,11,7,0,5.887
ENSG00000139116,44,0,25,26,12,5.887
ENSG00000135457,26,0,27,20,9,5.886
ENSG00000186020,22,0,19,16,12,5.886
ENSG00000189180,28,0,19,19,3,5.885
ENSG00000047579,16,0,17,6,13,5.883
ENSG00000113810,58,0,35,52,13,5.882
ENSG00000183955,40,0,40,25,0,5.877
ENSG00000077713,22,0,19,10,0,5.875
ENSG00000143126,30,0,41,10,25,5.875
ENSG00000162065,49,0,61,13,10,5.874
ENSG00000101928,19,0,16,5,4,5.872
ENSG00000080845,0,0,15,0,57,5.87
ENSG00000159788,42,0,45,20,6,5.87
ENSG00000117620,23,0,17,19,13,5.868
ENSG00000100711,35,0,33,11,5,5.866
ENSG00000073910,32,0,18,31,6,5.861
ENSG00000074527,33,0,26,0,13,5.861
ENSG00000106692,19,13,13,7,11,5.857
ENSG00000186115,11,0,13,0,0,5.857
ENSG00000085999,33,0,27,35,11,5.855
ENSG00000198162,48,0,28,28,15,5.854
ENSG00000221914,30,0,21,36,3,5.852
ENSG00000163755,29,0,20,19,6,5.851
ENSG00000156239,17,0,12,9,9,5.846
ENSG00000197077,30,0,35,20,8,5.846
ENSG00000214456,24,0,36,9,5,5.843
ENSG00000134758,31,0,24,20,10,5.84
ENSG00000158406,21,0,21,18,20,5.84
ENSG00000163486,0,0,0,0,0,5.84
ENSG00000160183,0,5,0,0,7,5.837
ENSG00000176715,0,0,20,0,63,5.837
ENSG00000147592,13,0,9,10,4,5.834
ENSG00000101888,20,0,12,15,3,5.832
ENSG00000108469,33,0,25,20,20,5.832
ENSG00000139266,48,0,50,34,16,5.83
ENSG00000156860,45,0,43,39,13,5.83
ENSG00000179152,28,0,17,25,5,5.83
ENSG00000137204,34,0,18,42,0,5.824
ENSG00000196505,36,0,29,30,18,5.824
ENSG00000167601,22,0,28,10,9,5.819
ENSG00000004700,35,0,26,20,16,5.818
ENSG00000136153,0,0,0,0,0,5.816
ENSG00000006194,34,0,48,19,6,5.815
ENSG00000023892,16,0,15,0,3,5.81
ENSG00000101773,0,0,0,0,0,5.81
ENSG00000109534,30,0,23,21,10,5.809
ENSG00000177485,26,0,16,12,3,5.808
ENSG00000185420,19,0,21,0,0,5.805
ENSG00000100139,21,0,22,8,4,5.803
ENSG00000234769,0,0,4,0,0,5.803
ENSG00000183354,31,0,24,20,10,5.801
ENSG00000155008,18,0,20,11,7,5.796
ENSG00000072609,0,0,0,0,0,5.795
ENSG00000182809,38,0,43,22,8,5.794
ENSG00000002016,41,0,28,23,14,5.791
ENSG00000160818,21,0,20,15,13,5.787
ENSG00000120738,47,0,50,25,7,5.786
ENSG00000188566,52,0,47,44,15,5.785
ENSG00000138621,29,0,13,11,7,5.784
ENSG00000243477,60,0,62,57,13,5.784
ENSG00000114423,47,0,29,45,17,5.779
ENSG00000111790,48,0,25,25,19,5.778
ENSG00000145217,44,0,63,30,11,5.777
ENSG00000166321,17,0,15,19,3,5.766
ENSG00000060982,34,0,21,18,20,5.765
ENSG00000138606,49,0,39,31,26,5.764
ENSG00000122386,25,0,25,12,5,5.763
ENSG00000198399,27,0,23,14,10,5.763
ENSG00000005448,10,0,17,4,13,5.759
ENSG00000120519,33,0,23,22,21,5.758
ENSG00000214193,20,0,25,20,4,5.756
ENSG00000083168,45,0,35,24,8,5.755
ENSG00000178125,18,0,5,5,3,5.753
ENSG00000120616,34,0,20,27,18,5.752
ENSG00000214944,42,0,34,44,12,5.752
ENSG00000169371,20,0,17,15,6,5.751
ENSG00000102890,8,0,5,0,0,5.749
ENSG00000145868,31,4,15,23,4,5.749
ENSG00000147874,34,0,26,21,10,5.749
ENSG00000164002,22,0,19,14,4,5.746
ENSG00000144036,17,0,16,8,20,5.744
ENSG00000110697,52,0,56,23,9,5.743
ENSG00000196586,20,0,24,9,16,5.742
ENSG00000121486,35,0,26,21,15,5.741
ENSG00000166439,31,0,22,19,20,5.74
ENSG00000198924,33,0,28,24,20,5.738
ENSG00000198075,23,0,21,15,4,5.735
ENSG00000111647,22,0,21,20,11,5.733
ENSG00000060566,8,0,28,10,3,5.732
ENSG00000122643,31,15,23,29,17,5.731
ENSG00000143457,21,0,9,11,7,5.731
ENSG00000068796,23,0,24,11,4,5.73
ENSG00000061936,27,16,28,15,17,5.729
ENSG00000168096,26,0,26,13,20,5.729
ENSG00000087448,26,0,25,21,7,5.726
ENSG00000151553,21,0,18,15,4,5.723
ENSG00000107331,18,0,41,0,7,5.722
ENSG00000133142,0,0,0,0,0,5.722
ENSG00000134215,0,0,15,0,34,5.721
ENSG00000142207,41,0,24,15,15,5.716
ENSG00000160072,30,0,30,11,5,5.715
ENSG00000167286,4,0,6,0,26,5.713
ENSG00000122435,35,0,23,27,8,5.709
ENSG00000126217,33,0,47,19,26,5.709
ENSG00000164506,36,0,38,26,20,5.709
ENSG00000110066,67,0,63,40,13,5.708
ENSG00000110801,29,0,17,30,6,5.708
ENSG00000011114,52,10,29,39,9,5.704
ENSG00000085274,41,0,37,27,23,5.703
ENSG00000009724,18,0,17,17,0,5.702
ENSG00000112701,36,0,30,26,10,5.702
ENSG00000164086,33,0,37,11,42,5.701
ENSG00000072121,42,0,37,28,21,5.7
ENSG00000178685,0,0,0,0,68,5.699
ENSG00000222009,44,0,39,59,11,5.699
ENSG00000169019,13,0,11,4,6,5.696
ENSG00000151233,25,0,20,16,9,5.695
ENSG00000186153,21,0,23,13,13,5.693
ENSG00000136682,9,0,11,6,0,5.692
ENSG00000177045,47,0,53,35,3,5.69
ENSG00000183762,32,0,39,0,4,5.688
ENSG00000181938,0,0,0,0,37,5.683
ENSG00000028116,0,0,0,0,0,5.681
ENSG00000145979,23,0,16,18,20,5.681
ENSG00000176209,52,0,34,48,9,5.681
ENSG00000136141,38,0,37,20,22,5.679
ENSG00000175782,29,0,24,21,16,5.678
ENSG00000163681,45,0,39,29,22,5.675
ENSG00000166261,27,0,22,10,16,5.674
ENSG00000054267,80,0,50,63,27,5.672
ENSG00000183486,20,0,17,10,0,5.672
ENSG00000119725,31,0,26,25,4,5.671
ENSG00000198824,25,0,23,19,8,5.667
ENSG00000155868,0,0,0,0,24,5.666
ENSG00000184470,52,0,42,50,19,5.665
ENSG00000004866,36,0,28,26,13,5.664
ENSG00000139719,26,0,20,19,15,5.661
ENSG00000183735,29,0,22,22,0,5.661
ENSG00000081870,35,0,33,17,9,5.658
ENSG00000089177,42,0,37,18,9,5.658
ENSG00000137078,35,0,39,9,19,5.658
ENSG00000182459,18,0,28,0,0,5.657
ENSG00000150401,58,0,35,44,12,5.656
ENSG00000119969,33,0,29,18,10,5.655
ENSG00000147912,33,0,30,19,8,5.652
ENSG00000159259,15,0,16,4,0,5.652
ENSG00000239887,0,0,0,0,0,5.652
ENSG00000165392,21,3,33,14,20,5.651
ENSG00000198382,49,0,34,42,13,5.649
ENSG00000100162,31,0,41,16,0,5.647
ENSG00000163626,27,0,19,24,9,5.647
ENSG00000174996,25,0,23,6,8,5.642
ENSG00000238227,39,0,49,35,8,5.642
ENSG00000139436,54,0,36,44,12,5.637
ENSG00000198862,32,0,17,20,8,5.637
ENSG00000007062,16,0,21,3,34,5.634
ENSG00000159433,21,0,22,7,0,5.634
ENSG00000188917,10,0,12,9,0,5.634
ENSG00000103253,18,0,25,0,10,5.632
ENSG00000164209,20,0,18,16,4,5.625
ENSG00000121578,22,0,17,16,4,5.62
ENSG00000141564,26,0,33,18,17,5.618
ENSG00000165525,25,0,26,18,18,5.618
ENSG00000242028,37,0,31,34,16,5.616
ENSG00000161618,50,0,43,42,12,5.613
ENSG00000125648,22,0,25,11,0,5.609
ENSG00000008300,30,0,36,27,4,5.605
ENSG00000107938,31,0,26,18,5,5.604
ENSG00000185049,0,0,24,0,25,5.604
ENSG00000078237,28,0,28,17,13,5.603
ENSG00000164970,22,0,23,0,8,5.602
ENSG00000124243,20,0,29,0,0,5.598
ENSG00000184047,22,0,25,13,5,5.598
ENSG00000185808,46,0,31,47,14,5.597
ENSG00000106683,19,0,25,6,5,5.595
ENSG00000123600,43,0,33,40,9,5.591
ENSG00000089127,11,9,7,7,0,5.585
ENSG00000112419,17,0,27,0,44,5.585
ENSG00000174839,21,0,18,10,3,5.585
ENSG00000113441,47,0,31,30,6,5.584
ENSG00000058668,12,0,21,0,42,5.583
ENSG00000187045,17,0,26,6,3,5.583
ENSG00000104689,28,0,26,15,4,5.581
ENSG00000133703,23,0,21,4,19,5.581
ENSG00000162783,42,0,30,33,15,5.577
ENSG00000086506,9,0,16,0,11,5.575
ENSG00000166225,27,0,28,9,5,5.573
ENSG00000198429,35,0,32,26,10,5.573
ENSG00000173065,20,0,23,16,12,5.571
ENSG00000213533,28,0,20,0,6,5.57
ENSG00000241839,35,0,39,8,6,5.57
ENSG00000014164,50,0,48,45,0,5.566
ENSG00000138709,35,0,32,38,5,5.563
ENSG00000106144,51,0,52,40,9,5.56
ENSG00000128849,23,0,18,0,21,5.557
ENSG00000006837,51,0,38,44,18,5.556
ENSG00000111339,37,0,21,36,6,5.555
ENSG00000242802,39,0,29,24,17,5.552
ENSG00000188215,39,0,26,29,15,5.551
ENSG00000083223,40,0,23,26,17,5.547
ENSG00000204217,54,0,42,36,24,5.546
ENSG00000117569,31,0,18,22,4,5.544
ENSG00000223802,11,0,21,0,0,5.544
ENSG00000166002,21,0,21,11,6,5.542
ENSG00000055163,22,0,22,0,13,5.54
ENSG00000157693,18,0,20,8,6,5.54
ENSG00000198692,32,0,18,20,7,5.54
ENSG00000167232,31,0,23,20,0,5.537
ENSG00000141655,28,0,31,0,22,5.536
ENSG00000168010,32,0,33,26,5,5.535
ENSG00000169220,18,5,18,14,25,5.526
ENSG00000114626,22,0,27,6,5,5.525
ENSG00000075303,49,0,24,32,5,5.524
ENSG00000136811,23,0,28,6,24,5.519
ENSG00000141577,28,0,29,2,10,5.519
ENSG00000167840,0,0,0,0,7,5.518
ENSG00000100147,32,0,22,22,10,5.517
ENSG00000158987,62,0,37,67,15,5.516
ENSG00000176155,46,0,48,27,3,5.509
ENSG00000228727,0,0,0,0,0,5.505
ENSG00000160439,0,0,12,0,42,5.504
ENSG00000163939,46,0,22,54,7,5.496
ENSG00000196154,7,0,15,8,24,5.495
ENSG00000116138,45,0,43,32,10,5.491
ENSG00000079313,32,0,31,33,5,5.49
ENSG00000127334,42,0,39,16,14,5.49
ENSG00000138594,18,0,14,14,0,5.49
ENSG00000184164,32,0,29,12,0,5.488
ENSG00000158715,21,0,47,5,12,5.484
ENSG00000198964,47,0,43,42,7,5.483
ENSG00000136878,29,0,25,13,7,5.479
ENSG00000160828,10,0,12,8,0,5.478
ENSG00000125848,17,0,6,0,7,5.477
ENSG00000074603,33,0,25,19,13,5.476
ENSG00000063601,20,0,21,3,0,5.475
ENSG00000080503,47,0,42,14,48,5.474
ENSG00000173085,22,0,16,10,9,5.472
ENSG00000204859,46,0,45,41,4,5.472
ENSG00000179387,23,0,12,12,4,5.468
ENSG00000042088,49,0,35,27,15,5.464
ENSG00000139977,39,0,25,22,14,5.463
ENSG00000040933,25,0,26,4,14,5.461
ENSG00000179119,28,0,22,16,13,5.461
ENSG00000138231,20,0,21,11,0,5.46
ENSG00000198585,21,0,22,11,10,5.457
ENSG00000152270,64,0,40,48,15,5.456
ENSG00000111271,32,0,23,26,16,5.454
ENSG00000164332,20,9,16,14,16,5.453
ENSG00000121858,20,0,13,12,0,5.451
ENSG00000177628,12,0,10,5,0,5.451
ENSG00000156222,30,0,37,21,10,5.448
ENSG00000118454,35,0,24,24,10,5.445
ENSG00000072415,36,0,28,28,12,5.438
ENSG00000204977,28,0,18,11,0,5.437
ENSG00000150990,20,0,29,8,3,5.436
ENSG00000185104,32,0,21,18,12,5.435
ENSG00000165156,48,0,34,29,13,5.433
ENSG00000230567,0,0,0,0,0,5.43
ENSG00000131351,53,0,53,40,18,5.429
ENSG00000145214,28,0,42,12,18,5.426
ENSG00000179598,33,0,33,8,3,5.424
ENSG00000153157,34,0,25,24,10,5.422
ENSG00000137474,44,0,53,18,20,5.42
ENSG00000197119,28,0,47,5,6,5.419
ENSG00000144362,28,0,18,17,9,5.416
ENSG00000058272,47,0,27,24,20,5.411
ENSG00000204282,0,0,0,0,0,5.405
ENSG00000039523,8,0,10,4,18,5.401
ENSG00000081087,3,0,11,0,51,5.4
ENSG00000138303,32,0,32,29,4,5.4
ENSG00000128694,23,0,18,18,9,5.397
ENSG00000151914,9,0,25,0,31,5.397
ENSG00000069011,42,0,38,35,0,5.396
ENSG00000122696,28,0,25,24,13,5.396
ENSG00000176834,54,0,58,70,14,5.395
ENSG00000093000,55,0,43,57,16,5.394
ENSG00000137100,13,0,14,2,6,5.39
ENSG00000079387,29,0,20,20,12,5.389
ENSG00000185436,29,0,31,22,10,5.388
ENSG00000172530,61,0,55,44,7,5.382
ENSG00000136631,28,0,16,19,9,5.381
ENSG00000236624,37,0,40,48,21,5.379
ENSG00000241127,24,0,17,13,14,5.378
ENSG00000105663,50,0,51,35,18,5.376
ENSG00000176022,40,0,55,16,6,5.375
ENSG00000143367,31,0,29,14,8,5.374
ENSG00000183763,22,0,24,3,36,5.374
ENSG00000184831,21,0,13,14,0,5.373
ENSG00000007516,34,4,49,15,50,5.372
ENSG00000101639,31,0,22,27,12,5.365
ENSG00000140307,19,6,16,13,5,5.365
ENSG00000156931,14,0,15,5,7,5.364
ENSG00000165644,23,0,34,11,9,5.364
ENSG00000036257,43,0,35,18,15,5.363
ENSG00000181315,22,0,19,13,25,5.363
ENSG00000131477,19,0,24,0,16,5.356
ENSG00000112941,53,0,63,23,14,5.354
ENSG00000140455,72,0,56,53,12,5.352
ENSG00000099326,39,0,43,39,12,5.35
ENSG00000142784,21,0,25,0,4,5.35
ENSG00000087842,20,0,14,19,0,5.348
ENSG00000165272,17,0,37,0,46,5.348
ENSG00000172262,47,0,36,38,23,5.348
ENSG00000080839,19,0,19,15,7,5.344
ENSG00000164045,41,0,35,19,0,5.344
ENSG00000074054,54,0,37,45,27,5.341
ENSG00000188868,42,0,30,44,16,5.341
ENSG00000129282,30,0,25,30,12,5.338
ENSG00000123575,30,0,17,15,0,5.337
ENSG00000185163,32,0,33,7,11,5.336
ENSG00000185404,21,7,27,13,11,5.336
ENSG00000140326,22,0,23,15,0,5.335
ENSG00000231852,0,0,0,0,0,5.335
ENSG00000074755,45,0,29,25,15,5.332
ENSG00000012983,3,0,15,0,39,5.331
ENSG00000133424,37,0,43,0,38,5.331
ENSG00000147459,52,0,50,51,15,5.329
ENSG00000166821,22,0,17,6,7,5.326
ENSG00000164291,31,0,23,18,14,5.319
ENSG00000180815,9,0,25,0,0,5.319
ENSG00000089159,28,0,38,11,6,5.318
ENSG00000126787,22,0,18,10,7,5.314
ENSG00000160844,34,0,33,26,0,5.313
ENSG00000129353,19,0,28,0,23,5.31
ENSG00000163635,36,0,25,27,17,5.308
ENSG00000066697,28,0,19,33,3,5.307
ENSG00000119242,41,0,30,23,13,5.305
ENSG00000112561,53,0,38,41,8,5.302
ENSG00000095951,63,0,62,52,24,5.298
ENSG00000137806,27,0,24,11,7,5.298
ENSG00000177051,21,0,18,16,9,5.294
ENSG00000241697,0,0,0,0,0,5.292
ENSG00000181588,16,0,28,0,3,5.29
ENSG00000110660,0,0,0,0,9,5.289
ENSG00000078177,41,0,35,32,3,5.287
ENSG00000137218,35,0,40,17,16,5.283
ENSG00000237651,20,0,19,16,3,5.283
ENSG00000134532,49,0,28,46,22,5.279
ENSG00000145734,22,0,23,15,17,5.279
ENSG00000162599,0,0,0,0,14,5.278
ENSG00000068885,58,0,35,52,13,5.276
ENSG00000118960,26,0,27,12,26,5.273
ENSG00000157227,20,0,20,4,0,5.272
ENSG00000186532,34,0,25,20,9,5.272
ENSG00000179021,32,0,23,19,8,5.268
ENSG00000198035,0,0,0,0,0,5.268
ENSG00000165209,23,0,29,0,17,5.264
ENSG00000213015,31,0,38,16,12,5.264
ENSG00000171763,41,0,33,32,21,5.263
ENSG00000100271,13,0,19,5,0,5.259
ENSG00000198185,13,0,9,6,25,5.259
ENSG00000158079,24,6,19,16,8,5.258
ENSG00000140836,56,0,45,38,12,5.257
ENSG00000077458,49,0,36,37,27,5.255
ENSG00000107262,36,0,32,25,21,5.249
ENSG00000103472,0,0,0,0,0,5.248
ENSG00000174483,21,0,12,23,7,5.248
ENSG00000006015,32,0,32,24,8,5.247
ENSG00000122550,31,0,27,20,14,5.246
ENSG00000205918,0,0,0,0,0,5.239
ENSG00000116747,42,0,35,30,16,5.237
ENSG00000111846,0,0,0,0,29,5.235
ENSG00000197841,29,0,34,20,17,5.234
ENSG00000151725,29,0,23,26,0,5.232
ENSG00000169155,26,0,19,24,9,5.224
ENSG00000155313,34,0,20,19,27,5.223
ENSG00000168806,28,0,26,21,15,5.219
ENSG00000165185,52,0,26,50,9,5.218
ENSG00000174013,32,0,22,17,7,5.216
ENSG00000142798,43,0,48,34,19,5.212
ENSG00000069493,0,0,0,0,0,5.209
ENSG00000168487,22,0,30,0,50,5.206
ENSG00000184661,51,0,31,31,11,5.206
ENSG00000160326,13,0,22,3,27,5.203
ENSG00000089234,33,0,24,26,16,5.201
ENSG00000157654,0,0,12,0,19,5.2
ENSG00000079432,45,0,36,36,8,5.199
ENSG00000101882,27,0,27,19,0,5.197
ENSG00000126351,35,0,47,8,77,5.196
ENSG00000160746,14,0,17,8,0,5.196
ENSG00000156253,40,0,29,35,0,5.194
ENSG00000163728,27,0,18,17,14,5.193
ENSG00000132906,46,0,43,34,10,5.192
ENSG00000196814,24,12,24,20,0,5.192
ENSG00000125485,30,0,24,22,10,5.191
ENSG00000167895,46,0,84,26,4,5.191
ENSG00000168172,43,0,32,33,6,5.191
ENSG00000020922,33,0,22,19,9,5.19
ENSG00000179941,20,0,17,14,7,5.186
ENSG00000124357,19,0,19,15,41,5.182
ENSG00000127080,31,0,29,19,9,5.18
ENSG00000105429,31,0,28,7,21,5.178
ENSG00000141867,44,0,38,39,14,5.178
ENSG00000196757,29,0,34,24,13,5.178
ENSG00000103490,10,0,29,0,48,5.177
ENSG00000139291,28,0,26,16,4,5.176
ENSG00000162062,24,0,29,9,0,5.175
ENSG00000197961,38,0,23,14,13,5.175
ENSG00000164818,30,5,28,9,7,5.173
ENSG00000072444,0,0,0,0,0,5.172
ENSG00000107872,39,0,55,18,45,5.172
ENSG00000176428,51,0,52,25,12,5.17
ENSG00000163322,0,13,0,0,0,5.168
ENSG00000163214,23,0,19,14,14,5.167
ENSG00000116750,42,0,35,29,15,5.164
ENSG00000189114,38,0,40,22,10,5.163
ENSG00000075218,24,0,28,16,8,5.162
ENSG00000160959,29,0,32,17,4,5.161
ENSG00000166452,19,0,24,12,6,5.161
ENSG00000165055,18,0,15,16,5,5.16
ENSG00000113460,45,0,36,31,12,5.159
ENSG00000135913,53,0,30,39,19,5.159
ENSG00000105656,55,0,60,51,13,5.156
ENSG00000169914,25,0,15,14,15,5.156
ENSG00000151689,22,0,17,9,4,5.146
ENSG00000138101,17,0,24,2,8,5.145
ENSG00000158747,14,0,30,0,22,5.144
ENSG00000197846,67,0,59,69,28,5.143
ENSG00000142528,44,0,45,46,14,5.14
ENSG00000157933,66,0,66,51,23,5.137
ENSG00000145388,29,0,18,12,12,5.135
ENSG00000131188,20,0,24,16,0,5.133
ENSG00000011523,32,0,23,24,12,5.132
ENSG00000110768,55,0,27,25,8,5.132
ENSG00000167074,17,0,27,0,0,5.132
ENSG00000104866,28,0,28,30,11,5.127
ENSG00000099995,32,0,27,25,15,5.123
ENSG00000141391,0,0,3,0,19,5.12
ENSG00000181027,27,0,27,20,9,5.118
ENSG00000196313,16,0,16,13,0,5.118
ENSG00000148516,39,0,36,26,21,5.117
ENSG00000111300,47,0,47,40,16,5.116
ENSG00000116918,29,0,23,19,11,5.116
ENSG00000130699,46,0,50,19,4,5.115
ENSG00000100554,46,0,32,25,18,5.112
ENSG00000111199,10,0,22,0,8,5.11
ENSG00000160588,20,0,11,16,8,5.11
ENSG00000118855,0,6,0,0,0,5.106
ENSG00000163510,19,0,20,15,12,5.106
ENSG00000150054,0,0,0,0,0,5.103
ENSG00000170791,37,0,32,25,14,5.101
ENSG00000012232,4,0,0,0,17,5.1
ENSG00000104219,30,0,20,0,4,5.093
ENSG00000241978,0,0,11,0,18,5.092
ENSG00000227500,56,0,55,31,0,5.09
ENSG00000083750,21,0,14,12,0,5.089
ENSG00000131013,50,0,33,25,27,5.089
ENSG00000143353,21,0,21,30,8,5.083
ENSG00000002822,40,0,28,21,0,5.08
ENSG00000256061,0,0,0,0,0,5.076
ENSG00000129003,24,0,17,17,3,5.074
ENSG00000164162,32,17,26,26,19,5.073
ENSG00000213445,21,0,20,5,0,5.073
ENSG00000166024,20,13,16,15,5,5.07
ENSG00000131480,0,0,0,0,0,5.063
ENSG00000167524,0,0,0,0,0,5.063
ENSG00000141542,21,17,38,0,23,5.062
ENSG00000198466,18,0,16,15,7,5.062
ENSG00000116473,0,0,0,0,0,5.059
ENSG00000122674,7,0,8,3,0,5.058
ENSG00000214114,0,0,0,0,0,5.058
ENSG00000105879,34,0,29,23,18,5.057
ENSG00000189319,48,0,41,38,0,5.055
ENSG00000187257,70,0,55,42,21,5.049
ENSG00000129354,0,0,7,0,27,5.047
ENSG00000138152,0,0,5,3,0,5.047
ENSG00000143190,40,0,31,31,6,5.043
ENSG00000197019,35,0,35,32,12,5.039
ENSG00000116580,46,0,44,19,11,5.037
ENSG00000128534,32,0,24,24,13,5.036
ENSG00000166925,35,0,48,6,19,5.036
ENSG00000108825,28,0,28,23,13,5.035
ENSG00000215298,0,0,0,0,5,5.035
ENSG00000154589,12,0,13,6,4,5.034
ENSG00000221926,20,0,16,3,8,5.03
ENSG00000104381,0,0,18,0,35,5.029
ENSG00000129317,27,0,24,18,11,5.029
ENSG00000221909,54,0,25,37,18,5.028
ENSG00000054690,22,0,19,3,33,5.025
ENSG00000131931,29,0,19,20,3,5.024
ENSG00000038219,28,0,27,22,12,5.023
ENSG00000101574,40,0,27,31,20,5.021
ENSG00000081760,26,0,24,5,8,5.019
ENSG00000121989,39,0,35,33,35,5.018
ENSG00000146574,8,0,5,5,0,5.014
ENSG00000169895,21,0,25,19,0,5.014
ENSG00000152413,56,0,37,32,15,5.013
ENSG00000158711,36,0,28,32,10,5.012
ENSG00000170469,18,0,21,17,3,5.011
ENSG00000102181,10,0,22,0,11,5.01
ENSG00000185219,41,0,30,34,17,5.009
ENSG00000076053,32,0,22,22,15,5.005
ENSG00000170325,57,0,42,59,5,5.005
ENSG00000196843,34,0,39,0,48,5.004
ENSG00000127561,34,0,49,12,10,5.003
ENSG00000136169,50,0,32,43,9,5.003
ENSG00000137992,18,0,17,12,13,5.002
ENSG00000185963,44,0,35,23,31,4.998
ENSG00000186166,25,0,23,23,16,4.996
ENSG00000117597,17,0,18,10,6,4.994
ENSG00000134285,7,0,17,5,0,4.994
ENSG00000198081,53,0,39,52,5,4.994
ENSG00000090776,20,0,47,0,0,4.993
ENSG00000169139,19,0,20,17,4,4.992
ENSG00000196458,0,0,0,0,0,4.992
ENSG00000257594,42,0,34,37,16,4.992
ENSG00000143322,19,0,26,19,8,4.991
ENSG00000125386,3,0,0,0,0,4.99
ENSG00000059122,18,0,24,9,8,4.988
ENSG00000067141,26,0,25,0,13,4.986
ENSG00000095066,0,0,0,0,0,4.986
ENSG00000197933,26,0,26,24,5,4.986
ENSG00000118007,50,0,33,47,6,4.985
ENSG00000135587,24,0,25,18,7,4.984
ENSG00000151694,33,0,30,24,14,4.984
ENSG00000148291,31,0,31,9,4,4.982
ENSG00000076321,20,0,19,13,9,4.98
ENSG00000136940,28,0,25,12,10,4.978
ENSG00000196453,24,0,26,10,11,4.978
ENSG00000166128,23,0,25,8,10,4.977
ENSG00000139190,19,0,19,13,0,4.972
ENSG00000174405,37,0,30,21,15,4.969
ENSG00000205643,24,0,22,16,0,4.969
ENSG00000182263,39,0,29,26,22,4.968
ENSG00000154222,42,0,40,25,15,4.966
ENSG00000123358,32,0,54,6,10,4.965
ENSG00000157741,35,0,23,27,7,4.962
ENSG00000171984,15,0,17,12,4,4.962
ENSG00000102575,8,0,10,0,0,4.961
ENSG00000114127,35,0,21,18,17,4.948
ENSG00000139263,36,0,24,26,4,4.937
ENSG00000158636,33,0,28,31,14,4.934
ENSG00000181856,23,0,30,17,7,4.932
ENSG00000112367,19,0,21,8,3,4.928
ENSG00000120915,39,12,16,45,0,4.924
ENSG00000213654,0,0,0,0,0,4.924
ENSG00000117724,22,0,17,17,6,4.921
ENSG00000135452,5,0,47,0,58,4.921
ENSG00000253710,49,0,26,42,22,4.918
ENSG00000149115,37,0,36,18,3,4.916
ENSG00000197798,27,0,20,16,11,4.916
ENSG00000106537,14,0,20,0,14,4.915
ENSG00000242252,13,0,13,0,0,4.914
ENSG00000130348,26,0,16,19,8,4.913
ENSG00000204524,28,0,28,22,10,4.91
ENSG00000146247,44,0,25,32,6,4.907
ENSG00000100578,30,0,27,21,3,4.906
ENSG00000149582,36,0,41,14,7,4.906
ENSG00000119522,31,0,28,26,5,4.905
ENSG00000004975,69,0,52,45,13,4.903
ENSG00000155903,34,0,24,20,0,4.902
ENSG00000180354,21,0,23,0,5,4.899
ENSG00000176476,20,0,23,8,10,4.894
ENSG00000198730,22,0,18,17,8,4.894
ENSG00000176371,29,0,30,15,11,4.892
ENSG00000100815,41,8,21,27,14,4.89
ENSG00000120868,40,0,34,28,23,4.889
ENSG00000175106,18,0,13,11,0,4.889
ENSG00000172000,34,0,27,18,6,4.888
ENSG00000112159,33,0,26,21,13,4.887
ENSG00000134909,32,0,32,6,3,4.887
ENSG00000151532,27,0,23,22,18,4.886
ENSG00000228696,0,0,0,0,0,4.884
ENSG00000123643,0,0,0,0,0,4.883
ENSG00000132326,63,0,66,46,11,4.88
ENSG00000135837,29,0,25,17,13,4.88
ENSG00000197056,0,0,0,0,0,4.88
ENSG00000176915,29,0,30,25,5,4.875
ENSG00000011638,16,0,23,0,23,4.872
ENSG00000134317,10,0,27,4,2,4.871
ENSG00000142765,25,0,26,17,14,4.871
ENSG00000185973,0,0,0,0,0,4.87
ENSG00000205758,43,0,37,34,7,4.869
ENSG00000138190,0,0,0,0,3,4.864
ENSG00000213341,27,0,21,17,12,4.864
ENSG00000175198,31,0,27,15,8,4.863
ENSG00000116266,15,0,15,9,15,4.862
ENSG00000136108,34,0,28,25,0,4.862
ENSG00000142156,17,0,27,0,43,4.862
ENSG00000179922,11,0,16,6,5,4.862
ENSG00000137574,44,8,32,26,18,4.859
ENSG00000006756,24,0,19,19,0,4.857
ENSG00000165868,25,0,39,0,32,4.855
ENSG00000173436,27,0,22,26,10,4.854
ENSG00000248871,16,0,36,0,10,4.854
ENSG00000113456,40,0,34,26,13,4.851
ENSG00000104213,32,11,23,7,10,4.847
ENSG00000171316,37,0,31,22,10,4.846
ENSG00000105287,42,0,45,37,13,4.843
ENSG00000144848,37,0,25,22,16,4.843
ENSG00000188994,32,0,22,22,17,4.843
ENSG00000100379,9,0,22,0,13,4.841
ENSG00000128000,24,22,17,13,11,4.84
ENSG00000165626,28,0,27,21,4,4.84
ENSG00000173442,45,0,65,7,7,4.839
ENSG00000163975,22,0,25,0,8,4.837
ENSG00000110200,22,0,20,18,29,4.835
ENSG00000259075,42,0,34,37,16,4.835
ENSG00000159445,18,14,17,14,6,4.833
ENSG00000214413,39,0,28,37,8,4.833
ENSG00000103269,35,0,40,21,0,4.832
ENSG00000149499,26,0,29,9,9,4.831
ENSG00000161692,24,0,20,17,14,4.831
ENSG00000163866,22,0,17,14,15,4.824
ENSG00000171793,25,0,22,18,0,4.822
ENSG00000179456,32,0,30,7,10,4.822
ENSG00000213516,36,0,27,25,14,4.822
ENSG00000129932,24,0,34,24,12,4.818
ENSG00000034063,2,0,1,0,0,4.815
ENSG00000112210,22,0,17,15,14,4.815
ENSG00000168116,14,0,9,7,9,4.815
ENSG00000073792,65,0,45,63,13,4.814
ENSG00000183876,0,0,0,0,18,4.813
ENSG00000090989,19,0,22,7,12,4.812
ENSG00000113240,31,0,20,42,12,4.811
ENSG00000166402,0,0,13,0,47,4.811
ENSG00000053900,33,0,18,31,8,4.809
ENSG00000170242,39,0,23,24,13,4.808
ENSG00000164253,0,0,0,0,0,4.804
ENSG00000133114,33,0,34,19,10,4.803
ENSG00000134453,23,0,25,11,17,4.802
ENSG00000102805,19,0,18,9,30,4.799
ENSG00000075702,51,0,40,56,12,4.798
ENSG00000196312,13,0,18,6,0,4.797
ENSG00000109689,59,0,46,30,27,4.789
ENSG00000115318,16,0,27,0,67,4.787
ENSG00000118197,26,0,20,17,0,4.785
ENSG00000152078,49,0,18,36,9,4.785
ENSG00000154727,43,0,37,34,25,4.784
ENSG00000143476,40,0,22,38,12,4.78
ENSG00000168614,0,0,0,0,0,4.78
ENSG00000089775,53,0,48,37,16,4.778
ENSG00000183530,60,0,39,44,19,4.778
ENSG00000032219,50,0,36,33,20,4.777
ENSG00000166436,0,0,0,0,0,4.777
ENSG00000070501,18,0,17,12,16,4.776
ENSG00000184895,19,0,13,15,8,4.773
ENSG00000112659,18,0,13,15,9,4.771
ENSG00000169972,56,0,57,35,10,4.771
ENSG00000140598,20,0,16,15,15,4.769
ENSG00000070718,15,0,23,0,3,4.768
ENSG00000107882,54,0,43,26,15,4.762
ENSG00000138463,32,0,27,24,2,4.761
ENSG00000131848,22,33,15,14,0,4.76
ENSG00000173213,8,0,11,0,0,4.76
ENSG00000170482,52,0,54,33,20,4.758
ENSG00000102109,14,0,23,14,5,4.757
ENSG00000165572,40,0,21,22,5,4.755
ENSG00000104365,24,0,29,8,3,4.754
ENSG00000133943,25,0,27,9,3,4.754
ENSG00000255529,0,0,7,0,50,4.752
ENSG00000203724,20,0,15,14,0,4.75
ENSG00000149554,30,0,21,22,11,4.744
ENSG00000087502,30,0,19,16,15,4.742
ENSG00000020577,62,4,51,39,8,4.738
ENSG00000120539,55,0,40,43,25,4.733
ENSG00000009830,40,0,28,47,3,4.731
ENSG00000124784,38,0,20,18,12,4.731
ENSG00000142655,45,0,39,31,17,4.731
ENSG00000022976,87,0,88,67,26,4.73
ENSG00000169607,37,4,24,38,10,4.727
ENSG00000102230,18,0,12,26,0,4.725
ENSG00000124508,14,0,11,9,0,4.723
ENSG00000172534,60,0,73,60,11,4.722
ENSG00000178297,8,0,5,11,9,4.722
ENSG00000187801,27,36,23,17,11,4.72
ENSG00000135250,6,0,0,5,0,4.719
ENSG00000134852,38,0,26,25,16,4.715
ENSG00000187522,32,0,30,26,18,4.714
ENSG00000167220,26,0,23,22,12,4.712
ENSG00000173960,45,0,33,26,18,4.711
ENSG00000198198,34,0,25,24,13,4.711
ENSG00000005801,19,0,13,10,17,4.709
ENSG00000141068,52,0,55,34,32,4.709
ENSG00000142599,48,0,29,33,8,4.705
ENSG00000246705,60,0,44,50,25,4.705
ENSG00000100425,38,0,38,17,13,4.701
ENSG00000138686,16,0,16,10,10,4.701
ENSG00000023909,28,0,21,13,3,4.7
ENSG00000205517,15,0,59,0,31,4.698
ENSG00000010810,21,0,23,0,34,4.695
ENSG00000109099,13,0,32,0,82,4.695
ENSG00000164011,24,0,19,11,11,4.695
ENSG00000140107,29,0,46,0,4,4.694
ENSG00000165630,14,0,18,5,14,4.693
ENSG00000198467,17,0,28,6,0,4.691
ENSG00000157212,36,0,32,22,10,4.69
ENSG00000125962,20,0,17,14,5,4.689
ENSG00000147905,25,0,17,14,4,4.689
ENSG00000177556,44,0,37,36,12,4.688
ENSG00000185658,0,0,0,0,0,4.688
ENSG00000140853,12,0,22,0,45,4.686
ENSG00000152223,23,0,21,9,10,4.682
ENSG00000145632,30,0,19,39,7,4.681
ENSG00000148158,43,0,24,22,12,4.68
ENSG00000186577,25,0,22,14,5,4.679
ENSG00000039560,30,0,28,3,11,4.678
ENSG00000080371,29,0,20,23,10,4.677
ENSG00000183655,22,0,27,15,15,4.676
ENSG00000204305,0,0,0,0,0,4.672
ENSG00000069966,0,0,0,0,0,4.67
ENSG00000135775,24,0,20,17,6,4.669
ENSG00000239382,33,0,24,23,5,4.668
ENSG00000204084,25,0,36,14,7,4.667
ENSG00000142046,40,0,40,21,14,4.666
ENSG00000119946,9,0,23,0,0,4.664
ENSG00000125319,40,0,36,30,3,4.661
ENSG00000181690,39,0,32,25,14,4.661
ENSG00000196405,26,0,33,5,39,4.661
ENSG00000116161,40,0,30,35,17,4.658
ENSG00000187535,70,0,64,43,13,4.657
ENSG00000005189,49,0,33,47,21,4.655
ENSG00000134874,20,0,23,0,4,4.654
ENSG00000138617,61,0,40,41,5,4.654
ENSG00000157216,0,0,11,0,45,4.651
ENSG00000196911,22,0,26,13,19,4.651
ENSG00000106328,17,0,20,13,8,4.65
ENSG00000196155,27,0,25,0,3,4.65
ENSG00000162139,22,0,12,10,4,4.645
ENSG00000152443,22,0,18,13,11,4.644
ENSG00000135423,11,0,20,0,4,4.641
ENSG00000103047,16,0,16,7,11,4.638
ENSG00000083937,24,0,19,12,13,4.636
ENSG00000137338,16,0,13,0,4,4.634
ENSG00000135919,22,0,25,0,54,4.633
ENSG00000164144,28,0,28,21,10,4.632
ENSG00000140543,7,0,11,6,0,4.631
ENSG00000113761,33,0,24,24,16,4.629
ENSG00000152409,48,0,52,39,7,4.629
ENSG00000172171,23,0,26,18,15,4.627
ENSG00000102218,23,0,15,27,8,4.626
ENSG00000042429,35,0,33,19,12,4.624
ENSG00000151498,24,0,20,6,6,4.622
ENSG00000146587,18,10,14,14,4,4.618
ENSG00000188971,0,0,0,0,0,4.617
ENSG00000113594,0,0,0,0,5,4.616
ENSG00000154124,36,0,31,21,3,4.605
ENSG00000186814,29,0,20,18,16,4.6
ENSG00000205362,0,0,16,0,77,4.6
ENSG00000205670,34,0,18,18,4,4.599
ENSG00000137310,0,0,0,0,0,4.598
ENSG00000139826,37,0,30,20,15,4.594
ENSG00000005175,23,0,20,19,14,4.593
ENSG00000109171,42,0,27,22,9,4.589
ENSG00000109323,19,0,22,11,16,4.587
ENSG00000144554,29,0,25,19,13,4.587
ENSG00000196652,46,0,40,36,23,4.585
ENSG00000126970,19,0,17,8,4,4.579
ENSG00000152042,0,0,0,0,0,4.577
ENSG00000160218,39,0,31,20,8,4.577
ENSG00000134716,17,0,14,6,8,4.576
ENSG00000232457,0,0,4,0,0,4.576
ENSG00000084112,31,0,35,7,17,4.574
ENSG00000224420,0,0,0,0,0,4.574
ENSG00000144724,48,0,49,33,26,4.571
ENSG00000135722,34,0,52,10,33,4.569
ENSG00000122787,46,0,32,38,15,4.568
ENSG00000151422,25,0,23,12,19,4.567
ENSG00000153575,19,0,16,17,0,4.566
ENSG00000174197,20,0,15,17,0,4.566
ENSG00000213139,0,0,0,0,0,4.566
ENSG00000138814,39,0,41,22,10,4.565
ENSG00000185252,17,0,24,0,16,4.564
ENSG00000119630,64,0,61,58,11,4.563
ENSG00000169991,48,0,48,14,4,4.563
ENSG00000111452,22,0,32,9,16,4.561
ENSG00000188786,28,0,20,17,18,4.559
ENSG00000162105,57,0,53,48,5,4.558
ENSG00000182912,11,0,12,3,0,4.557
ENSG00000143776,44,0,35,26,32,4.551
ENSG00000089163,11,0,15,6,4,4.55
ENSG00000124104,25,0,21,12,0,4.549
ENSG00000101017,16,0,20,0,58,4.547
ENSG00000108264,33,0,26,21,10,4.545
ENSG00000129911,64,0,64,55,8,4.545
ENSG00000169136,28,0,30,28,11,4.543
ENSG00000188092,12,0,9,4,5,4.543
ENSG00000115170,23,0,25,0,16,4.54
ENSG00000188690,36,0,27,24,14,4.54
ENSG00000203668,32,0,18,17,12,4.537
ENSG00000158062,8,0,0,0,0,4.533
ENSG00000152465,38,0,35,19,8,4.532
ENSG00000104998,12,0,28,0,20,4.53
ENSG00000139154,6,0,6,0,3,4.528
ENSG00000167393,0,0,0,0,0,4.527
ENSG00000135213,15,0,18,7,0,4.524
ENSG00000107371,39,0,29,24,9,4.521
ENSG00000171443,36,0,30,38,6,4.521
ENSG00000125637,16,0,17,7,9,4.52
ENSG00000138166,7,0,27,0,68,4.52
ENSG00000175556,32,0,42,18,21,4.518
ENSG00000143740,16,6,27,3,0,4.514
ENSG00000145194,33,0,34,23,14,4.513
ENSG00000174738,33,0,24,15,19,4.513
ENSG00000175662,23,0,20,4,15,4.512
ENSG00000099999,58,0,51,74,11,4.511
ENSG00000172456,28,0,17,25,5,4.509
ENSG00000145220,32,0,27,21,24,4.508
ENSG00000149639,37,0,53,11,25,4.508
ENSG00000186318,25,0,33,22,6,4.507
ENSG00000131323,39,0,38,17,5,4.506
ENSG00000117480,17,8,18,0,12,4.505
ENSG00000161677,21,0,31,8,6,4.504
ENSG00000162929,23,0,17,14,5,4.499
ENSG00000066422,39,0,28,19,0,4.496
ENSG00000163848,36,0,21,20,17,4.493
ENSG00000008853,7,0,27,0,4,4.492
ENSG00000127914,33,0,19,16,6,4.488
ENSG00000100479,37,0,38,17,5,4.487
ENSG00000146215,17,0,19,0,0,4.487
ENSG00000216895,36,13,28,27,18,4.483
ENSG00000035681,29,0,19,20,8,4.48
ENSG00000099814,38,0,40,22,3,4.48
ENSG00000121864,41,0,29,22,12,4.48
ENSG00000068354,15,0,14,13,0,4.479
ENSG00000184178,23,0,20,8,10,4.475
ENSG00000132740,28,0,28,17,20,4.474
ENSG00000120458,33,0,23,27,13,4.472
ENSG00000104320,20,0,19,16,10,4.469
ENSG00000138433,29,0,23,20,17,4.465
ENSG00000168404,23,0,22,13,11,4.462
ENSG00000155858,21,0,20,0,6,4.461
ENSG00000137807,26,0,16,13,6,4.46
ENSG00000170949,20,35,27,13,0,4.454
ENSG00000122335,23,0,23,20,7,4.452
ENSG00000109536,22,38,15,13,4,4.448
ENSG00000127824,35,0,34,14,10,4.447
ENSG00000144909,47,0,39,36,12,4.447
ENSG00000049192,31,0,24,18,11,4.444
ENSG00000147654,28,0,20,17,10,4.443
ENSG00000104299,52,0,30,35,20,4.442
ENSG00000055609,45,0,35,22,8,4.441
ENSG00000143801,11,0,19,0,19,4.44
ENSG00000163156,0,0,0,0,0,4.44
ENSG00000174705,21,0,31,3,16,4.433
ENSG00000156958,34,0,23,24,17,4.432
ENSG00000038532,61,0,53,25,19,4.431
ENSG00000117758,28,0,14,13,5,4.428
ENSG00000134490,22,0,23,8,12,4.428
ENSG00000226174,25,0,29,17,4,4.428
ENSG00000140577,21,0,26,0,13,4.425
ENSG00000198885,35,0,38,0,33,4.424
ENSG00000107281,10,0,24,0,24,4.423
ENSG00000169951,30,0,38,20,9,4.422
ENSG00000168917,22,0,27,17,4,4.421
ENSG00000155324,5,0,0,0,0,4.42
ENSG00000106034,8,0,18,0,10,4.418
ENSG00000156697,18,0,13,15,0,4.412
ENSG00000119737,0,0,6,0,0,4.411
ENSG00000241935,25,0,21,14,11,4.411
ENSG00000180953,26,19,31,26,12,4.409
ENSG00000222019,16,0,19,0,0,4.409
ENSG00000186654,3,0,17,0,23,4.403
ENSG00000213999,29,0,30,23,13,4.403
ENSG00000119684,10,0,14,8,0,4.401
ENSG00000064309,22,0,22,10,4,4.4
ENSG00000072571,46,0,41,40,17,4.4
ENSG00000185946,28,0,16,12,9,4.394
ENSG00000170667,0,0,0,0,0,4.393
ENSG00000101247,44,0,36,44,14,4.391
ENSG00000151131,26,0,16,7,7,4.391
ENSG00000136824,28,0,23,20,6,4.388
ENSG00000147316,31,0,24,20,8,4.387
ENSG00000118762,14,0,19,0,36,4.384
ENSG00000204406,51,0,34,33,25,4.384
ENSG00000175575,30,0,24,24,7,4.381
ENSG00000170537,14,0,11,4,29,4.378
ENSG00000090534,42,0,44,30,21,4.377
ENSG00000143643,29,0,21,9,8,4.377
ENSG00000138180,20,0,18,5,20,4.374
ENSG00000154839,24,15,19,16,8,4.374
ENSG00000196214,20,9,19,13,11,4.373
ENSG00000090924,73,0,68,55,17,4.372
ENSG00000106089,20,0,29,12,10,4.372
ENSG00000174720,28,0,22,20,12,4.372
ENSG00000164687,16,0,25,0,4,4.369
ENSG00000164066,4,0,15,0,22,4.368
ENSG00000177707,46,0,31,25,15,4.368
ENSG00000131788,22,0,23,3,13,4.365
ENSG00000180389,0,0,0,0,5,4.361
ENSG00000169609,26,0,18,15,7,4.357
ENSG00000066855,33,0,29,20,9,4.353
ENSG00000165219,31,0,17,21,5,4.352
ENSG00000154001,39,0,33,22,7,4.351
ENSG00000178074,38,4,29,25,16,4.351
ENSG00000012048,29,0,33,30,20,4.348
ENSG00000118096,27,0,21,16,18,4.343
ENSG00000112742,22,0,18,9,16,4.341
ENSG00000163539,28,0,22,20,11,4.339
ENSG00000102878,38,0,46,10,48,4.337
ENSG00000139209,0,0,0,0,31,4.335
ENSG00000198130,22,0,17,8,4,4.335
ENSG00000182552,30,0,23,15,9,4.334
ENSG00000124279,38,0,20,21,14,4.333
ENSG00000142661,32,0,41,24,10,4.333
ENSG00000102078,17,0,16,12,4,4.331
ENSG00000156017,33,0,21,20,6,4.331
ENSG00000163126,43,0,33,60,6,4.331
ENSG00000138459,36,0,26,22,15,4.329
ENSG00000173517,40,0,28,30,17,4.326
ENSG00000153982,24,0,23,17,12,4.318
ENSG00000136874,26,0,18,10,5,4.317
ENSG00000103227,3,0,40,0,64,4.315
ENSG00000105357,0,0,0,0,23,4.315
ENSG00000134152,18,0,18,15,8,4.315
ENSG00000254402,19,0,20,5,0,4.315
ENSG00000108509,22,0,32,5,0,4.314
ENSG00000125351,22,0,20,17,0,4.314
ENSG00000198000,33,0,21,21,20,4.313
ENSG00000204169,15,0,14,3,15,4.311
ENSG00000174718,24,0,17,14,0,4.308
ENSG00000107902,16,0,16,9,15,4.303
ENSG00000106733,59,0,46,46,7,4.301
ENSG00000138286,25,0,21,17,12,4.301
ENSG00000196550,11,0,19,3,0,4.301
ENSG00000088305,27,0,30,0,17,4.299
ENSG00000100150,56,0,40,45,20,4.299
ENSG00000125945,43,0,33,32,22,4.298
ENSG00000049246,8,0,17,5,0,4.296
ENSG00000090975,26,0,29,10,7,4.296
ENSG00000116922,47,0,48,29,25,4.296
ENSG00000163386,0,0,0,0,0,4.293
ENSG00000175115,27,0,24,13,2,4.287
ENSG00000143217,0,0,0,0,42,4.286
ENSG00000156232,40,0,28,26,19,4.286
ENSG00000166352,12,0,9,8,17,4.286
ENSG00000239697,17,0,36,0,11,4.283
ENSG00000250741,0,4,0,0,0,4.28
ENSG00000170860,37,0,19,22,16,4.278
ENSG00000104129,22,0,22,18,15,4.274
ENSG00000222001,21,0,28,21,9,4.274
ENSG00000179750,0,0,20,0,0,4.268
ENSG00000183479,12,0,17,3,4,4.268
ENSG00000087301,32,0,33,6,9,4.266
ENSG00000221944,29,13,22,22,13,4.26
ENSG00000136040,48,0,46,33,12,4.258
ENSG00000213918,37,0,28,30,16,4.258
ENSG00000151136,39,0,44,12,40,4.256
ENSG00000064225,28,0,25,23,10,4.255
ENSG00000164877,65,0,58,52,5,4.252
ENSG00000182362,45,0,31,20,10,4.248
ENSG00000105963,42,0,46,22,0,4.247
ENSG00000176148,34,0,18,18,4,4.247
ENSG00000018610,14,0,7,7,4,4.246
ENSG00000086200,32,0,19,12,11,4.246
ENSG00000158411,34,0,30,30,13,4.241
ENSG00000204271,20,0,14,14,3,4.24
ENSG00000014138,23,0,23,13,9,4.237
ENSG00000151657,45,0,30,29,15,4.235
ENSG00000166377,24,5,20,8,10,4.233
ENSG00000175066,16,0,17,12,0,4.232
ENSG00000161682,17,0,23,0,28,4.231
ENSG00000163071,23,0,20,12,6,4.226
ENSG00000164053,26,0,24,25,4,4.224
ENSG00000254706,0,0,0,0,0,4.224
ENSG00000114331,29,0,25,18,15,4.222
ENSG00000105835,30,0,25,22,21,4.216
ENSG00000146755,14,0,29,0,19,4.216
ENSG00000155099,18,0,14,10,15,4.216
ENSG00000175793,40,0,35,8,7,4.216
ENSG00000176533,12,0,17,4,3,4.216
ENSG00000082068,19,0,12,5,3,4.215
ENSG00000167380,20,0,23,13,5,4.215
ENSG00000198131,25,65,21,14,0,4.21
ENSG00000103591,20,0,20,9,7,4.209
ENSG00000151881,23,0,19,23,9,4.209
ENSG00000197619,18,32,17,15,10,4.209
ENSG00000065923,20,0,21,0,0,4.208
ENSG00000114739,36,0,35,26,8,4.208
ENSG00000083099,26,0,18,19,14,4.207
ENSG00000163069,12,0,14,0,7,4.205
ENSG00000214595,29,0,30,12,16,4.205
ENSG00000259363,3,0,10,0,0,4.2
ENSG00000170365,23,0,22,20,8,4.197
ENSG00000155592,43,0,42,22,16,4.195
ENSG00000167548,49,0,54,30,27,4.195
ENSG00000066279,28,0,18,14,10,4.194
ENSG00000197818,23,4,22,21,16,4.193
ENSG00000104047,25,8,16,22,6,4.191
ENSG00000105821,52,0,43,41,18,4.19
ENSG00000163743,28,0,21,20,17,4.19
ENSG00000163945,33,0,40,24,10,4.19
ENSG00000107560,25,0,20,17,5,4.188
ENSG00000155755,22,0,19,14,12,4.187
ENSG00000116194,16,0,0,13,0,4.186
ENSG00000147262,0,0,0,3,0,4.185
ENSG00000059758,41,0,29,32,13,4.183
ENSG00000165195,19,0,17,10,4,4.18
ENSG00000104983,21,0,18,11,4,4.179
ENSG00000174989,22,0,16,11,0,4.174
ENSG00000117010,31,0,16,53,15,4.172
ENSG00000132256,0,0,0,0,13,4.172
ENSG00000130818,25,9,19,15,11,4.171
ENSG00000177303,49,0,60,20,11,4.169
ENSG00000185238,27,0,22,18,12,4.169
ENSG00000214106,19,9,21,12,13,4.163
ENSG00000198477,20,11,16,10,9,4.161
ENSG00000092295,13,0,0,0,0,4.159
ENSG00000127946,30,0,34,11,13,4.158
ENSG00000166589,10,0,20,0,25,4.156
ENSG00000182903,24,1,22,20,14,4.152
ENSG00000213971,24,0,18,20,11,4.152
ENSG00000123213,29,0,25,15,10,4.15
ENSG00000013503,32,0,19,29,3,4.143
ENSG00000183808,39,0,28,22,7,4.143
ENSG00000214331,24,0,21,13,7,4.142
ENSG00000214871,0,0,0,0,0,4.141
ENSG00000164338,35,0,21,23,16,4.14
ENSG00000176020,24,0,26,21,0,4.136
ENSG00000127419,31,0,30,25,12,4.132
ENSG00000039319,38,0,28,29,10,4.13
ENSG00000132950,30,0,28,15,5,4.13
ENSG00000135655,29,0,28,28,17,4.13
ENSG00000144635,26,0,22,15,13,4.13
ENSG00000117525,23,0,22,16,12,4.128
ENSG00000164080,30,0,22,33,9,4.128
ENSG00000164172,32,0,23,30,7,4.128
ENSG00000085433,25,0,25,7,14,4.127
ENSG00000174796,28,0,21,19,17,4.127
ENSG00000178295,46,0,22,53,8,4.124
ENSG00000156504,12,0,15,0,0,4.123
ENSG00000197681,0,0,0,0,7,4.119
ENSG00000125999,13,0,27,9,5,4.117
ENSG00000133466,42,0,39,31,3,4.117
ENSG00000203836,0,0,0,0,0,4.117
ENSG00000151748,32,0,20,17,0,4.114
ENSG00000159200,18,0,20,0,20,4.112
ENSG00000089820,17,0,21,7,0,4.111
ENSG00000087884,35,0,34,23,17,4.11
ENSG00000197355,17,0,31,0,0,4.11
ENSG00000224543,0,0,0,0,0,4.109
ENSG00000047249,26,0,18,15,9,4.108
ENSG00000131470,31,0,22,19,14,4.106
ENSG00000159556,50,0,61,28,13,4.106
ENSG00000164007,24,0,40,0,4,4.104
ENSG00000165716,6,0,24,0,46,4.102
ENSG00000165480,34,0,31,23,16,4.1
ENSG00000144182,29,0,23,20,13,4.096
ENSG00000167701,48,0,45,41,8,4.096
ENSG00000070814,21,0,22,19,14,4.095
ENSG00000142694,27,0,29,10,0,4.095
ENSG00000177058,0,0,0,0,0,4.095
ENSG00000101082,33,0,5,50,0,4.094
ENSG00000188582,22,0,25,6,13,4.094
ENSG00000163312,30,0,26,25,20,4.093
ENSG00000106330,30,0,32,18,9,4.089
ENSG00000128165,26,0,39,9,4,4.089
ENSG00000181894,25,66,32,21,9,4.089
ENSG00000182318,42,0,24,19,15,4.089
ENSG00000188191,30,0,31,16,7,4.086
ENSG00000143315,27,0,23,16,9,4.084
ENSG00000173011,33,0,33,15,14,4.081
ENSG00000164463,36,0,26,20,3,4.079
ENSG00000132434,35,0,34,23,10,4.078
ENSG00000150526,45,0,21,27,4,4.077
ENSG00000038210,42,0,27,49,9,4.076
ENSG00000133704,24,0,25,14,8,4.076
ENSG00000138764,29,0,29,19,10,4.075
ENSG00000198689,24,0,14,0,0,4.075
ENSG00000137714,22,0,18,14,8,4.073
ENSG00000156136,26,0,26,17,6,4.073
ENSG00000136010,5,0,16,0,6,4.072
ENSG00000100614,32,0,31,28,8,4.071
ENSG00000106077,36,0,37,21,0,4.064
ENSG00000144852,20,0,19,11,5,4.063
ENSG00000169857,20,0,18,10,6,4.063
ENSG00000180008,33,0,21,22,8,4.062
ENSG00000090612,21,66,24,20,9,4.056
ENSG00000135241,43,0,31,28,16,4.052
ENSG00000253251,38,0,22,27,15,4.051
ENSG00000172728,33,0,29,26,3,4.049
ENSG00000138036,13,0,14,9,9,4.048
ENSG00000173210,23,0,18,12,28,4.048
ENSG00000171045,34,0,34,34,44,4.044
ENSG00000196670,21,0,17,9,4,4.042
ENSG00000145685,0,0,0,0,14,4.041
ENSG00000144468,28,0,21,29,5,4.035
ENSG00000068137,66,0,58,33,22,4.032
ENSG00000120696,22,0,16,8,4,4.03
ENSG00000177663,18,0,21,0,0,4.03
ENSG00000065457,18,0,17,12,6,4.028
ENSG00000105519,34,0,28,43,0,4.028
ENSG00000164048,17,0,16,8,5,4.027
ENSG00000158571,32,0,32,29,3,4.025
ENSG00000181264,15,0,14,3,30,4.025
ENSG00000198270,40,0,37,31,15,4.025
ENSG00000185220,24,0,20,21,15,4.022
ENSG00000197555,34,0,25,17,6,4.02
ENSG00000027001,25,0,16,8,9,4.017
ENSG00000198826,31,0,24,25,0,4.017
ENSG00000006432,34,0,35,19,8,4.015
ENSG00000138495,16,0,14,12,4,4.013
ENSG00000187650,55,0,52,54,16,4.013
ENSG00000197860,30,0,25,15,11,4.012
ENSG00000130844,13,5,14,16,4,4.011
ENSG00000205208,32,0,30,19,5,4.011
ENSG00000189337,0,0,0,0,47,4.01
ENSG00000159899,0,0,0,0,0,4.008
ENSG00000110060,15,0,12,7,10,4.002
ENSG00000122515,29,0,24,9,4,4.0
ENSG00000132849,28,0,26,19,6,4.0
ENSG00000164654,28,0,17,11,0,3.995
ENSG00000171174,31,0,24,23,17,3.995
ENSG00000152642,19,0,18,0,17,3.994
ENSG00000178950,31,0,29,25,12,3.994
ENSG00000165861,23,0,15,6,4,3.993
ENSG00000168938,9,0,20,0,3,3.989
ENSG00000184348,46,0,38,41,26,3.987
ENSG00000109066,38,0,26,29,12,3.986
ENSG00000177463,36,0,28,27,15,3.986
ENSG00000101049,35,0,31,38,10,3.976
ENSG00000067334,35,0,19,18,14,3.975
ENSG00000172889,0,0,23,0,88,3.975
ENSG00000197857,30,0,25,35,8,3.97
ENSG00000111215,32,0,18,20,8,3.969
ENSG00000116954,31,0,33,16,11,3.968
ENSG00000168827,18,0,16,7,7,3.967
ENSG00000040341,33,0,30,14,9,3.966
ENSG00000124444,40,0,35,28,17,3.965
ENSG00000154370,40,0,45,27,7,3.965
ENSG00000154889,27,0,21,13,4,3.962
ENSG00000102007,0,0,3,0,0,3.96
ENSG00000143157,23,0,21,14,17,3.959
ENSG00000144134,17,0,17,3,0,3.959
ENSG00000160908,49,0,39,39,20,3.959
ENSG00000196917,21,0,33,14,4,3.958
ENSG00000203705,38,0,26,52,12,3.958
ENSG00000006607,60,0,42,33,7,3.956
ENSG00000122512,36,0,24,27,8,3.956
ENSG00000110315,17,0,18,9,12,3.955
ENSG00000130962,22,0,19,18,0,3.955
ENSG00000103657,26,0,19,14,4,3.953
ENSG00000119547,36,0,52,0,27,3.953
ENSG00000163820,18,0,18,10,25,3.953
ENSG00000122484,30,0,18,14,3,3.95
ENSG00000110756,55,0,27,25,8,3.945
ENSG00000130559,38,0,34,7,0,3.945
ENSG00000138767,47,0,35,38,10,3.945
ENSG00000162688,19,0,15,12,4,3.939
ENSG00000198182,19,0,17,11,7,3.934
ENSG00000102359,19,0,0,22,0,3.927
ENSG00000064652,35,0,24,36,4,3.926
ENSG00000113070,19,0,27,0,13,3.926
ENSG00000204130,31,0,22,34,11,3.925
ENSG00000161847,45,0,44,40,23,3.923
ENSG00000171766,41,0,33,32,21,3.922
ENSG00000043143,50,0,49,39,11,3.92
ENSG00000167720,20,0,25,18,11,3.92
ENSG00000007541,52,0,70,6,31,3.915
ENSG00000084072,0,0,16,0,63,3.914
ENSG00000164574,18,0,23,0,17,3.914
ENSG00000160352,16,0,17,14,5,3.911
ENSG00000143545,42,0,36,38,12,3.91
ENSG00000197782,27,0,18,23,11,3.91
ENSG00000180855,24,0,22,23,7,3.909
ENSG00000042493,41,0,43,39,8,3.908
ENSG00000070371,30,0,25,13,11,3.908
ENSG00000152455,40,0,27,20,11,3.907
ENSG00000166189,27,0,29,11,0,3.907
ENSG00000117877,51,0,41,29,23,3.905
ENSG00000139233,26,0,17,17,15,3.905
ENSG00000221874,26,33,22,9,5,3.904
ENSG00000176396,18,0,13,11,11,3.903
ENSG00000196152,46,0,40,25,16,3.903
ENSG00000070081,43,0,31,31,20,3.899
ENSG00000145439,29,0,20,22,10,3.899
ENSG00000149591,0,0,0,0,0,3.899
ENSG00000070915,35,0,44,3,3,3.897
ENSG00000082805,41,0,28,24,14,3.895
ENSG00000074211,0,0,14,0,85,3.892
ENSG00000127993,30,0,20,22,16,3.89
ENSG00000164134,39,0,29,31,20,3.89
ENSG00000005810,44,0,35,9,16,3.887
ENSG00000069974,26,0,20,15,12,3.886
ENSG00000079150,53,0,48,33,22,3.885
ENSG00000204519,24,13,25,13,8,3.884
ENSG00000081019,37,0,24,28,9,3.883
ENSG00000013288,15,8,25,3,31,3.88
ENSG00000142675,13,0,17,0,0,3.875
ENSG00000152359,23,0,19,26,7,3.874
ENSG00000051180,31,0,31,24,20,3.872
ENSG00000154265,23,0,25,8,9,3.872
ENSG00000105072,29,0,17,63,5,3.871
ENSG00000128039,17,0,18,10,0,3.871
ENSG00000147439,32,7,26,9,24,3.87
ENSG00000165169,16,0,12,4,0,3.87
ENSG00000126368,61,0,54,49,11,3.868
ENSG00000171953,36,0,31,12,11,3.867
ENSG00000180104,31,0,27,17,20,3.867
ENSG00000141141,23,0,14,15,3,3.866
ENSG00000125611,35,0,30,30,18,3.864
ENSG00000172273,27,0,21,20,9,3.864
ENSG00000169372,23,0,19,21,4,3.862
ENSG00000256771,32,5,29,19,7,3.861
ENSG00000135763,39,0,24,16,15,3.86
ENSG00000167625,54,0,50,41,24,3.858
ENSG00000106780,54,0,42,16,15,3.857
ENSG00000130589,24,0,43,4,39,3.854
ENSG00000168556,39,0,38,32,10,3.854
ENSG00000166866,0,0,13,0,0,3.851
ENSG00000176438,0,0,0,0,0,3.851
ENSG00000116604,54,0,56,23,23,3.848
ENSG00000135392,45,0,39,28,10,3.846
ENSG00000119698,0,0,4,0,3,3.845
ENSG00000104427,25,0,19,9,16,3.844
ENSG00000136147,23,0,20,13,0,3.844
ENSG00000237765,43,0,25,53,9,3.844
ENSG00000124615,15,0,15,0,4,3.843
ENSG00000185129,28,0,28,16,8,3.842
ENSG00000158815,17,0,19,3,61,3.84
ENSG00000164603,24,0,22,14,9,3.838
ENSG00000197565,30,0,26,13,8,3.837
ENSG00000048707,24,0,22,13,9,3.835
ENSG00000198551,28,0,29,15,6,3.835
ENSG00000084731,16,0,26,0,10,3.834
ENSG00000137831,23,0,20,19,14,3.834
ENSG00000173818,34,0,34,14,21,3.833
ENSG00000232671,40,0,34,40,8,3.833
ENSG00000108352,0,0,0,13,0,3.828
ENSG00000110429,18,0,20,7,36,3.827
ENSG00000179832,0,0,0,0,0,3.826
ENSG00000166068,33,0,38,33,17,3.824
ENSG00000113369,59,0,46,52,28,3.82
ENSG00000115520,48,0,42,43,24,3.82
ENSG00000187595,0,0,6,0,17,3.819
ENSG00000205269,26,0,23,17,12,3.819
ENSG00000137776,43,0,23,26,14,3.816
ENSG00000250571,34,0,38,18,4,3.815
ENSG00000142273,9,0,12,0,0,3.813
ENSG00000179532,0,0,0,0,0,3.813
ENSG00000137500,22,0,17,24,13,3.811
ENSG00000163155,34,0,27,19,19,3.805
ENSG00000106086,60,0,36,39,18,3.804
ENSG00000173540,25,0,26,21,0,3.803
ENSG00000185158,26,0,25,0,11,3.802
ENSG00000100399,11,0,13,0,0,3.799
ENSG00000184967,32,0,33,8,11,3.799
ENSG00000149798,25,0,34,9,0,3.797
ENSG00000166997,31,0,33,27,14,3.797
ENSG00000169057,19,0,23,10,0,3.797
ENSG00000183060,27,0,24,13,9,3.796
ENSG00000173928,28,0,31,23,3,3.795
ENSG00000164142,27,0,28,20,10,3.793
ENSG00000127366,0,0,0,0,0,3.792
ENSG00000154814,41,0,24,37,15,3.791
ENSG00000121957,20,0,20,12,3,3.787
ENSG00000177380,40,0,45,9,3,3.787
ENSG00000137869,0,0,11,0,23,3.786
ENSG00000148950,39,0,19,26,12,3.786
ENSG00000173214,26,0,26,13,0,3.786
ENSG00000183086,3,0,5,0,0,3.784
ENSG00000148426,26,0,24,11,8,3.783
ENSG00000160199,38,0,35,23,8,3.783
ENSG00000162909,0,0,0,0,48,3.783
ENSG00000186787,15,0,12,13,0,3.783
ENSG00000011451,11,0,29,0,0,3.782
ENSG00000212901,11,10,0,7,0,3.781
ENSG00000196544,63,0,60,42,36,3.779
ENSG00000149564,31,0,53,0,28,3.777
ENSG00000115568,24,0,23,14,15,3.776
ENSG00000137878,0,0,7,0,48,3.775
ENSG00000186073,15,0,14,11,4,3.773
ENSG00000165752,48,0,44,32,7,3.77
ENSG00000213865,67,0,47,46,24,3.768
ENSG00000189227,28,0,21,20,4,3.767
ENSG00000120341,5,0,5,5,0,3.766
ENSG00000065615,16,0,15,10,21,3.765
ENSG00000197275,24,0,20,12,5,3.765
ENSG00000143365,30,0,28,11,9,3.764
ENSG00000181744,42,0,32,27,12,3.764
ENSG00000173064,28,0,25,13,11,3.762
ENSG00000173614,37,0,27,28,17,3.754
ENSG00000180822,23,0,54,0,96,3.754
ENSG00000147536,18,0,17,6,3,3.752
ENSG00000178184,10,0,22,3,4,3.745
ENSG00000080802,32,0,28,14,22,3.743
ENSG00000186376,41,0,33,25,11,3.743
ENSG00000187601,4,0,13,0,2,3.742
ENSG00000164985,21,0,21,9,10,3.74
ENSG00000256053,39,0,35,34,12,3.737
ENSG00000188987,15,0,14,12,4,3.734
ENSG00000153140,32,0,22,24,17,3.733
ENSG00000175536,15,0,17,11,5,3.732
ENSG00000167799,51,0,54,40,4,3.728
ENSG00000100532,22,0,15,10,19,3.727
ENSG00000165983,10,0,13,2,0,3.727
ENSG00000132423,12,0,13,7,4,3.724
ENSG00000066427,29,0,37,25,7,3.722
ENSG00000137812,46,0,46,12,15,3.722
ENSG00000140297,10,0,7,17,0,3.722
ENSG00000047188,20,0,15,14,6,3.72
ENSG00000146828,48,0,53,44,16,3.719
ENSG00000136603,32,0,30,24,9,3.716
ENSG00000259431,51,0,36,26,23,3.715
ENSG00000065613,35,0,39,18,15,3.714
ENSG00000179627,57,0,70,21,9,3.714
ENSG00000137720,23,0,21,20,13,3.713
ENSG00000183773,39,0,42,23,0,3.71
ENSG00000177669,25,29,19,13,4,3.709
ENSG00000114270,5,0,13,0,0,3.708
ENSG00000186130,24,0,19,19,7,3.708
ENSG00000136104,19,0,17,10,7,3.707
ENSG00000148835,26,0,21,8,10,3.707
ENSG00000175600,32,0,25,21,17,3.706
ENSG00000155621,52,0,36,31,7,3.705
ENSG00000162341,33,0,40,14,14,3.705
ENSG00000204946,18,0,17,0,0,3.704
ENSG00000138641,22,0,18,16,8,3.701
ENSG00000102098,10,0,20,0,4,3.7
ENSG00000183421,70,0,71,52,25,3.698
ENSG00000113638,22,0,16,16,9,3.697
ENSG00000131711,20,0,25,0,23,3.697
ENSG00000072840,12,9,25,0,8,3.694
ENSG00000187626,0,0,0,0,26,3.694
ENSG00000113593,31,0,23,16,16,3.692
ENSG00000074855,45,0,50,22,12,3.69
ENSG00000172869,0,0,0,0,0,3.69
ENSG00000159403,8,0,11,0,21,3.683
ENSG00000205707,22,0,15,13,7,3.678
ENSG00000043093,8,0,12,0,3,3.674
ENSG00000131845,26,0,20,12,7,3.673
ENSG00000215440,0,0,0,0,0,3.673
ENSG00000111602,16,0,20,13,10,3.671
ENSG00000174353,0,0,3,0,0,3.671
ENSG00000189157,34,0,22,22,11,3.67
ENSG00000105993,27,0,29,20,20,3.668
ENSG00000071189,37,0,19,27,14,3.664
ENSG00000123080,32,0,21,18,13,3.664
ENSG00000124120,21,0,20,12,13,3.664
ENSG00000116205,38,0,26,25,12,3.663
ENSG00000128881,30,0,25,4,13,3.66
ENSG00000140153,32,0,24,11,15,3.66
ENSG00000185379,15,0,20,8,4,3.66
ENSG00000126883,34,0,29,38,14,3.659
ENSG00000188483,52,0,65,29,25,3.658
ENSG00000070950,44,0,20,40,9,3.657
ENSG00000121749,18,0,13,14,10,3.656
ENSG00000119397,19,0,16,10,3,3.654
ENSG00000100625,37,0,38,28,0,3.653
ENSG00000058729,26,0,17,22,5,3.652
ENSG00000095794,26,0,25,23,3,3.652
ENSG00000161036,30,0,26,10,13,3.648
ENSG00000174151,18,0,18,3,5,3.647
ENSG00000174165,22,0,33,0,18,3.647
ENSG00000108984,19,0,11,0,16,3.645
ENSG00000163808,28,0,23,19,16,3.645
ENSG00000137135,18,0,30,0,6,3.644
ENSG00000069424,30,0,38,10,3,3.643
ENSG00000172183,28,0,26,31,5,3.643
ENSG00000107951,0,0,0,0,29,3.642
ENSG00000167578,27,0,28,27,7,3.642
ENSG00000168944,25,0,17,19,11,3.642
ENSG00000196663,32,0,25,17,13,3.642
ENSG00000174606,16,0,14,13,5,3.64
ENSG00000173581,64,0,73,32,10,3.638
ENSG00000196562,15,0,30,0,64,3.637
ENSG00000124596,0,0,0,0,0,3.635
ENSG00000178338,16,0,14,9,0,3.635
ENSG00000187951,39,0,18,17,4,3.635
ENSG00000169598,36,0,33,9,14,3.632
ENSG00000241852,38,0,37,46,0,3.632
ENSG00000024526,26,0,15,11,9,3.631
ENSG00000174292,19,6,19,0,4,3.63
ENSG00000048471,34,0,31,11,18,3.628
ENSG00000146904,9,0,19,0,6,3.624
ENSG00000165655,75,0,74,60,30,3.618
ENSG00000182287,16,0,23,5,8,3.618
ENSG00000198920,40,0,33,28,12,3.617
ENSG00000154781,21,0,21,16,16,3.616
ENSG00000197147,24,0,20,19,8,3.616
ENSG00000145476,36,0,27,22,17,3.614
ENSG00000163697,51,0,44,22,32,3.614
ENSG00000171121,0,0,0,0,2,3.614
ENSG00000130023,41,0,21,31,13,3.611
ENSG00000171224,6,0,15,0,4,3.611
ENSG00000198554,32,0,21,21,8,3.611
ENSG00000148120,16,5,14,12,8,3.605
ENSG00000010318,38,0,33,25,14,3.604
ENSG00000187607,15,0,11,0,0,3.602
ENSG00000135476,19,0,21,0,4,3.599
ENSG00000183688,5,0,0,0,0,3.598
ENSG00000123219,32,0,24,16,17,3.597
ENSG00000145675,39,23,33,22,14,3.596
ENSG00000163964,7,0,19,0,72,3.596
ENSG00000163913,34,0,27,19,8,3.593
ENSG00000101745,49,0,40,47,18,3.59
ENSG00000125449,21,0,22,7,17,3.59
ENSG00000232560,25,0,5,26,0,3.59
ENSG00000188801,0,4,0,0,0,3.589
ENSG00000168273,63,0,60,63,19,3.586
ENSG00000152219,21,0,14,14,7,3.584
ENSG00000175048,37,0,36,12,13,3.584
ENSG00000061987,37,16,32,18,11,3.583
ENSG00000112293,23,0,20,14,7,3.582
ENSG00000143344,40,0,23,49,6,3.581
ENSG00000154114,16,0,16,10,8,3.58
ENSG00000143466,25,0,25,0,8,3.578
ENSG00000146112,0,0,0,0,0,3.578
ENSG00000152454,18,41,18,8,7,3.575
ENSG00000066777,28,0,24,17,10,3.573
ENSG00000025708,61,0,64,33,4,3.569
ENSG00000164983,31,0,24,7,29,3.568
ENSG00000013561,5,0,4,0,36,3.566
ENSG00000113552,18,0,15,15,12,3.566
ENSG00000161021,33,0,33,31,7,3.565
ENSG00000213996,14,0,18,0,0,3.565
ENSG00000102981,34,0,33,18,6,3.564
ENSG00000172766,36,0,24,24,12,3.564
ENSG00000154217,36,0,35,3,20,3.563
ENSG00000160226,24,0,21,17,5,3.563
ENSG00000163633,48,0,45,52,18,3.563
ENSG00000068024,30,0,32,25,13,3.562
ENSG00000143869,40,0,46,11,55,3.559
ENSG00000168781,0,0,0,0,0,3.558
ENSG00000134444,43,0,31,23,26,3.557
ENSG00000204385,0,0,0,0,0,3.557
ENSG00000125772,21,0,18,10,9,3.556
ENSG00000160299,47,0,49,34,13,3.556
ENSG00000124766,30,0,47,0,43,3.552
ENSG00000161277,50,0,41,55,12,3.551
ENSG00000134780,34,0,58,27,11,3.545
ENSG00000166289,22,0,34,3,28,3.545
ENSG00000137055,34,0,28,21,12,3.544
ENSG00000117036,34,0,25,19,12,3.541
ENSG00000158169,29,0,36,22,7,3.54
ENSG00000163067,30,0,22,18,17,3.539
ENSG00000140006,34,0,26,21,5,3.536
ENSG00000005339,45,0,41,7,7,3.535
ENSG00000023608,22,0,23,18,7,3.533
ENSG00000104973,30,0,24,26,7,3.531
ENSG00000072786,36,0,34,6,9,3.529
ENSG00000164088,11,0,17,0,0,3.529
ENSG00000213123,24,0,18,25,3,3.527
ENSG00000017373,49,0,63,16,0,3.525
ENSG00000143748,34,0,23,18,14,3.525
ENSG00000105085,42,0,28,26,14,3.524
ENSG00000177054,14,0,19,0,18,3.524
ENSG00000110031,52,0,36,38,11,3.521
ENSG00000160145,0,0,0,0,13,3.52
ENSG00000164916,18,6,15,9,0,3.52
ENSG00000176593,23,48,24,16,12,3.516
ENSG00000163624,20,0,21,0,23,3.513
ENSG00000163659,31,0,26,23,0,3.513
ENSG00000163815,0,0,0,5,0,3.511
ENSG00000197903,10,5,22,9,22,3.51
ENSG00000188747,32,0,24,12,5,3.509
ENSG00000205572,0,0,0,0,0,3.509
ENSG00000121879,42,0,30,24,18,3.508
ENSG00000162600,19,0,15,11,8,3.508
ENSG00000132376,29,0,28,18,12,3.506
ENSG00000165821,13,10,13,0,29,3.506
ENSG00000077157,22,0,19,36,7,3.505
ENSG00000099250,29,0,39,3,44,3.502
ENSG00000041988,23,0,21,19,3,3.501
ENSG00000109189,23,12,29,14,5,3.501
ENSG00000147099,16,0,12,10,6,3.5
ENSG00000240065,0,0,0,0,0,3.5
ENSG00000170632,26,0,22,14,6,3.498
ENSG00000149308,46,0,33,42,26,3.497
ENSG00000005238,43,0,44,5,12,3.487
ENSG00000255737,8,0,16,0,19,3.482
ENSG00000102189,35,0,19,23,3,3.479
ENSG00000158417,53,0,45,37,23,3.479
ENSG00000104863,35,0,36,8,3,3.477
ENSG00000122966,18,0,15,7,8,3.477
ENSG00000164031,63,0,52,54,24,3.476
ENSG00000100253,28,0,45,9,0,3.475
ENSG00000105643,34,0,43,0,4,3.475
ENSG00000148688,20,11,17,8,8,3.475
ENSG00000122678,22,0,17,9,15,3.473
ENSG00000110080,39,0,42,26,10,3.47
ENSG00000145555,0,0,17,0,42,3.462
ENSG00000115421,22,0,17,11,13,3.461
ENSG00000040275,19,0,16,10,8,3.458
ENSG00000100592,31,0,31,22,29,3.458
ENSG00000113595,38,0,23,27,16,3.456
ENSG00000173566,51,0,59,50,10,3.456
ENSG00000206535,49,0,54,41,19,3.454
ENSG00000133247,31,0,35,19,9,3.453
ENSG00000211455,22,0,18,14,5,3.453
ENSG00000085382,17,0,16,5,12,3.452
ENSG00000118263,43,0,36,30,29,3.449
ENSG00000141446,34,0,29,30,13,3.449
ENSG00000156521,25,0,23,17,0,3.449
ENSG00000184731,10,0,29,0,33,3.449
ENSG00000242498,21,0,22,0,5,3.449
ENSG00000067208,0,0,0,0,0,3.448
ENSG00000140450,0,17,0,0,3,3.448
ENSG00000169856,45,7,49,33,28,3.448
ENSG00000186230,31,0,26,19,14,3.447
ENSG00000154553,18,0,15,8,43,3.444
ENSG00000151576,0,0,0,0,0,3.443
ENSG00000119965,12,0,18,7,7,3.441
ENSG00000143850,23,0,25,15,4,3.438
ENSG00000059145,23,0,27,18,4,3.434
ENSG00000075089,39,0,37,23,17,3.431
ENSG00000113318,27,0,20,18,4,3.431
ENSG00000187239,28,0,27,14,3,3.431
ENSG00000205084,15,0,21,0,27,3.431
ENSG00000255423,0,0,0,0,0,3.43
ENSG00000198160,35,0,29,26,22,3.421
ENSG00000106603,27,0,21,18,12,3.42
ENSG00000171462,18,0,35,0,3,3.419
ENSG00000005302,22,0,24,10,6,3.418
ENSG00000034533,20,0,14,17,6,3.416
ENSG00000196922,32,0,25,15,13,3.416
ENSG00000116883,28,0,28,9,0,3.415
ENSG00000138780,32,0,26,21,17,3.415
ENSG00000147642,9,0,16,0,16,3.415
ENSG00000214670,28,0,23,17,14,3.412
ENSG00000149531,20,53,17,7,14,3.41
ENSG00000095397,46,0,46,27,33,3.409
ENSG00000100068,44,0,62,42,32,3.408
ENSG00000157992,0,0,0,0,0,3.407
ENSG00000122707,14,0,23,3,7,3.404
ENSG00000087008,38,0,23,21,14,3.403
ENSG00000100056,17,0,24,9,41,3.403
ENSG00000159176,25,0,30,0,12,3.402
ENSG00000180979,37,0,27,21,9,3.401
ENSG00000089094,33,0,43,13,11,3.398
ENSG00000076555,41,0,35,42,4,3.396
ENSG00000128271,6,0,16,0,0,3.395
ENSG00000204842,56,0,44,58,17,3.394
ENSG00000165948,51,0,29,29,11,3.393
ENSG00000134262,24,0,25,21,15,3.391
ENSG00000232637,0,0,0,0,0,3.39
ENSG00000255284,32,0,32,22,0,3.39
ENSG00000147133,33,0,32,28,10,3.388
ENSG00000172986,31,6,31,7,20,3.388
ENSG00000183779,32,0,43,22,45,3.386
ENSG00000167861,16,0,27,0,59,3.385
ENSG00000150995,30,0,27,14,6,3.383
ENSG00000018189,38,0,25,31,12,3.382
ENSG00000187605,6,0,13,0,0,3.382
ENSG00000102796,27,0,22,18,4,3.378
ENSG00000171813,28,0,32,0,19,3.378
ENSG00000196684,0,0,0,0,0,3.376
ENSG00000204740,0,0,0,0,0,3.376
ENSG00000000460,0,0,0,0,3,3.373
ENSG00000146063,46,0,62,25,17,3.371
ENSG00000119778,45,0,33,26,18,3.37
ENSG00000080200,0,0,0,0,0,3.368
ENSG00000162664,30,0,28,22,11,3.364
ENSG00000132205,0,0,17,0,77,3.359
ENSG00000049883,28,0,19,16,10,3.358
ENSG00000161955,58,0,64,24,8,3.358
ENSG00000188315,0,0,0,0,0,3.356
ENSG00000152133,28,0,19,17,14,3.354
ENSG00000100483,19,0,16,13,7,3.352
ENSG00000132470,16,0,24,0,60,3.352
ENSG00000188542,30,0,19,21,3,3.352
ENSG00000074621,44,0,31,39,17,3.35
ENSG00000085872,39,0,39,34,16,3.349
ENSG00000140320,47,0,59,0,53,3.346
ENSG00000188610,4,0,13,4,0,3.346
ENSG00000133065,7,0,21,0,33,3.344
ENSG00000170185,44,0,26,28,15,3.343
ENSG00000161914,20,0,22,14,3,3.34
ENSG00000163794,4,0,3,4,8,3.34
ENSG00000164074,33,0,30,30,10,3.333
ENSG00000099381,61,0,53,49,13,3.331
ENSG00000126767,14,0,15,0,0,3.33
ENSG00000136932,29,0,16,17,10,3.325
ENSG00000154856,26,0,25,10,31,3.325
ENSG00000111801,13,0,5,0,5,3.324
ENSG00000160584,50,0,30,38,13,3.321
ENSG00000106993,41,0,22,34,16,3.32
ENSG00000178951,64,0,69,40,3,3.32
ENSG00000143633,58,0,26,60,20,3.319
ENSG00000117174,28,0,20,22,15,3.318
ENSG00000126870,29,0,15,4,3,3.315
ENSG00000166188,38,0,32,15,9,3.313
ENSG00000185344,29,0,27,22,4,3.313
ENSG00000145016,29,0,30,11,14,3.312
ENSG00000257923,48,0,45,12,7,3.308
ENSG00000150455,22,0,25,19,7,3.305
ENSG00000094841,19,0,15,8,5,3.304
ENSG00000075539,38,0,29,21,15,3.303
ENSG00000140548,63,0,54,45,3,3.303
ENSG00000205726,43,0,37,34,8,3.303
ENSG00000143507,42,0,38,28,19,3.301
ENSG00000185015,35,0,23,29,9,3.297
ENSG00000004766,18,0,16,12,13,3.296
ENSG00000205212,0,0,0,0,0,3.296
ENSG00000180233,44,0,30,30,5,3.294
ENSG00000101945,32,0,31,16,3,3.292
ENSG00000130349,10,0,11,9,2,3.292
ENSG00000111203,26,0,15,20,10,3.291
ENSG00000111911,31,0,15,18,11,3.291
ENSG00000100413,39,0,27,23,4,3.288
ENSG00000135297,25,0,22,18,7,3.288
ENSG00000164124,0,0,0,0,0,3.288
ENSG00000186907,30,0,53,9,28,3.288
ENSG00000083842,30,13,27,19,16,3.287
ENSG00000198853,34,0,32,26,5,3.283
ENSG00000145216,32,0,15,11,0,3.281
ENSG00000159588,0,0,0,0,0,3.281
ENSG00000167528,18,0,21,14,3,3.279
ENSG00000221986,15,0,16,32,0,3.279
ENSG00000144824,36,0,20,39,4,3.277
ENSG00000090512,0,0,3,0,0,3.275
ENSG00000130758,20,0,29,6,12,3.274
ENSG00000092421,29,0,35,29,18,3.273
ENSG00000132563,23,0,25,0,7,3.272
ENSG00000141298,32,0,28,29,12,3.272
ENSG00000198947,0,0,0,0,0,3.272
ENSG00000198538,12,18,15,5,7,3.271
ENSG00000010219,0,0,7,0,7,3.27
ENSG00000184675,34,0,33,29,5,3.268
ENSG00000105136,12,0,15,9,3,3.267
ENSG00000158186,26,0,28,7,3,3.266
ENSG00000172058,0,0,0,0,0,3.263
ENSG00000010626,40,0,53,22,11,3.262
ENSG00000134982,31,0,23,13,12,3.262
ENSG00000196741,27,0,25,22,3,3.261
ENSG00000133773,30,0,28,16,13,3.26
ENSG00000151090,38,0,30,31,9,3.259
ENSG00000164008,44,0,33,23,19,3.255
ENSG00000184545,44,0,48,0,21,3.255
ENSG00000205593,32,0,37,27,7,3.255
ENSG00000165188,12,0,9,0,7,3.254
ENSG00000198498,27,0,17,20,12,3.254
ENSG00000136319,14,0,9,6,6,3.253
ENSG00000187866,28,0,20,27,4,3.25
ENSG00000120549,0,0,0,0,20,3.249
ENSG00000141034,35,0,31,11,10,3.249
ENSG00000180257,26,34,22,9,5,3.249
ENSG00000163840,19,0,19,10,0,3.248
ENSG00000166170,39,0,36,34,12,3.248
ENSG00000204315,0,0,0,0,0,3.247
ENSG00000227921,0,0,0,0,0,3.247
ENSG00000136492,28,0,15,28,8,3.244
ENSG00000163521,46,0,45,35,14,3.241
ENSG00000213965,25,0,19,5,10,3.24
ENSG00000130347,26,0,16,19,8,3.238
ENSG00000124713,22,0,25,0,8,3.235
ENSG00000158825,8,0,18,0,12,3.235
ENSG00000173218,24,13,22,7,10,3.234
ENSG00000075790,21,0,15,15,5,3.233
ENSG00000133789,21,0,20,14,22,3.231
ENSG00000120647,43,0,28,26,22,3.229
ENSG00000165501,52,0,43,44,11,3.227
ENSG00000147576,54,0,54,47,19,3.219
ENSG00000054179,26,0,49,16,7,3.214
ENSG00000168152,41,0,31,37,15,3.214
ENSG00000197951,17,36,17,5,5,3.214
ENSG00000117475,25,0,20,14,16,3.213
ENSG00000124602,18,0,24,22,0,3.211
ENSG00000167104,0,0,0,0,60,3.211
ENSG00000102554,22,0,16,3,16,3.209
ENSG00000253506,0,0,0,0,21,3.207
ENSG00000082458,0,0,0,0,16,3.206
ENSG00000174327,51,0,49,47,13,3.206
ENSG00000165138,14,5,17,0,10,3.205
ENSG00000100307,12,0,22,4,34,3.204
ENSG00000178234,19,0,16,0,3,3.204
ENSG00000104343,30,0,21,25,9,3.203
ENSG00000047644,34,0,27,30,0,3.201
ENSG00000147894,31,3,20,15,10,3.201
ENSG00000115290,18,0,18,0,12,3.2
ENSG00000113391,22,11,13,13,5,3.199
ENSG00000184678,48,0,41,40,10,3.199
ENSG00000112379,19,0,24,0,45,3.193
ENSG00000132623,0,0,0,0,0,3.193
ENSG00000122507,27,0,20,16,8,3.191
ENSG00000144840,31,0,24,26,16,3.191
ENSG00000146757,24,0,20,13,6,3.189
ENSG00000184557,25,0,55,13,60,3.188
ENSG00000029153,24,0,22,0,10,3.186
ENSG00000144331,3,0,19,0,49,3.186
ENSG00000100354,31,0,27,19,10,3.185
ENSG00000103942,22,0,20,12,11,3.185
ENSG00000154059,9,6,14,4,12,3.185
ENSG00000124782,45,0,39,37,5,3.184
ENSG00000155640,0,0,0,0,0,3.184
ENSG00000205595,0,0,0,0,0,3.184
ENSG00000011347,13,0,29,0,41,3.183
ENSG00000243279,1,0,0,3,0,3.183
ENSG00000135437,30,0,28,16,0,3.182
ENSG00000186687,27,0,24,17,14,3.182
ENSG00000147144,16,0,13,6,0,3.181
ENSG00000197381,25,0,27,6,10,3.18
ENSG00000180667,47,0,38,38,22,3.179
ENSG00000056277,16,0,11,4,0,3.178
ENSG00000167395,43,0,36,32,25,3.178
ENSG00000206562,0,0,0,0,0,3.178
ENSG00000197892,25,0,18,16,9,3.174
ENSG00000157837,45,0,50,13,8,3.172
ENSG00000138835,0,0,0,0,0,3.171
ENSG00000155100,26,0,23,26,12,3.169
ENSG00000197459,32,0,21,12,38,3.169
ENSG00000184381,35,0,39,17,7,3.167
ENSG00000205307,45,0,46,37,0,3.167
ENSG00000181191,13,0,11,4,0,3.166
ENSG00000001461,35,0,42,14,5,3.164
ENSG00000255103,51,0,33,44,5,3.164
ENSG00000033170,29,0,27,14,9,3.161
ENSG00000105371,34,0,54,10,11,3.161
ENSG00000119720,22,0,20,15,3,3.157
ENSG00000122644,41,0,19,28,4,3.156
ENSG00000163006,25,0,16,23,10,3.156
ENSG00000128886,21,0,25,16,9,3.153
ENSG00000077616,16,0,8,12,0,3.151
ENSG00000203791,24,0,27,18,15,3.149
ENSG00000163864,14,0,13,6,0,3.148
ENSG00000111331,18,0,17,0,8,3.147
ENSG00000105483,24,0,26,22,7,3.146
ENSG00000221886,20,0,13,14,4,3.146
ENSG00000164167,19,0,14,10,3,3.145
ENSG00000167182,33,0,25,25,17,3.145
ENSG00000156030,34,0,33,31,8,3.142
ENSG00000254685,14,0,12,13,4,3.14
ENSG00000109881,26,0,14,22,3,3.135
ENSG00000056050,15,0,15,4,11,3.134
ENSG00000111679,48,0,36,32,6,3.132
ENSG00000108448,12,0,11,3,9,3.129
ENSG00000174579,62,0,44,50,19,3.129
ENSG00000136122,39,0,28,23,13,3.127
ENSG00000130856,35,0,32,22,8,3.126
ENSG00000133460,28,0,21,14,6,3.125
ENSG00000138496,19,0,19,11,0,3.123
ENSG00000205047,0,0,6,0,0,3.121
ENSG00000129596,18,0,19,3,37,3.118
ENSG00000149089,42,0,33,39,15,3.118
ENSG00000176225,27,0,18,11,10,3.118
ENSG00000083838,27,0,22,22,8,3.114
ENSG00000134250,14,0,15,0,3,3.111
ENSG00000156374,22,0,23,13,6,3.11
ENSG00000167800,2,0,0,0,9,3.11
ENSG00000133138,18,0,14,12,5,3.109
ENSG00000180773,17,0,14,9,8,3.104
ENSG00000065665,16,0,19,7,6,3.102
ENSG00000167566,28,0,25,18,11,3.096
ENSG00000197576,28,0,22,28,0,3.096
ENSG00000104205,24,0,22,13,6,3.094
ENSG00000174306,30,0,21,12,20,3.093
ENSG00000180525,17,0,19,22,3,3.093
ENSG00000089060,22,0,22,2,5,3.091
ENSG00000179943,55,0,50,53,15,3.091
ENSG00000175893,16,0,16,2,8,3.089
ENSG00000102034,8,0,32,5,3,3.087
ENSG00000174842,31,0,17,14,3,3.086
ENSG00000182405,26,0,20,21,12,3.086
ENSG00000144214,0,0,0,0,0,3.085
ENSG00000154429,30,0,34,25,43,3.085
ENSG00000168826,32,0,27,22,23,3.084
ENSG00000131115,17,23,18,10,6,3.082
ENSG00000139132,17,0,20,0,14,3.082
ENSG00000005483,88,0,49,69,39,3.08
ENSG00000205583,3,0,3,0,0,3.077
ENSG00000197405,8,0,10,14,0,3.076
ENSG00000168792,40,0,44,10,17,3.074
ENSG00000157600,13,0,24,0,0,3.071
ENSG00000185527,29,0,30,24,13,3.071
ENSG00000136280,30,0,28,15,0,3.07
ENSG00000184925,41,0,58,36,0,3.07
ENSG00000143793,52,0,53,38,15,3.067
ENSG00000102312,14,0,17,4,0,3.064
ENSG00000170464,7,0,7,2,24,3.064
ENSG00000142961,23,0,29,4,14,3.063
ENSG00000076067,14,0,9,0,4,3.062
ENSG00000180535,9,0,11,6,0,3.061
ENSG00000006114,24,0,25,21,9,3.06
ENSG00000163644,34,0,28,17,7,3.06
ENSG00000061273,0,0,6,0,43,3.059
ENSG00000197702,17,0,17,10,6,3.054
ENSG00000185818,6,0,35,0,10,3.053
ENSG00000138756,39,0,30,17,14,3.05
ENSG00000198150,0,0,0,0,0,3.049
ENSG00000143614,39,0,33,19,11,3.048
ENSG00000129534,43,7,26,27,9,3.043
ENSG00000100003,21,0,36,0,7,3.042
ENSG00000163904,24,0,23,20,11,3.04
ENSG00000173166,33,0,24,21,14,3.04
ENSG00000013583,23,0,36,6,6,3.038
ENSG00000104714,0,10,7,0,54,3.038
ENSG00000100749,21,0,15,13,9,3.037
ENSG00000163001,25,0,23,14,13,3.037
ENSG00000226137,39,0,55,9,18,3.037
ENSG00000147437,0,0,0,0,0,3.035
ENSG00000166004,17,0,13,10,13,3.032
ENSG00000147119,26,0,32,0,0,3.031
ENSG00000110274,25,0,33,19,6,3.03
ENSG00000139505,18,0,20,7,32,3.029
ENSG00000006062,0,0,0,0,0,3.028
ENSG00000141497,29,0,31,0,18,3.026
ENSG00000151247,40,0,28,25,13,3.024
ENSG00000075391,29,0,20,25,5,3.023
ENSG00000113645,32,0,41,3,8,3.022
ENSG00000073803,20,0,18,13,12,3.021
ENSG00000175182,24,0,21,26,8,3.021
ENSG00000185761,9,0,26,0,9,3.021
ENSG00000099864,29,0,39,18,0,3.02
ENSG00000141499,54,0,41,43,34,3.02
ENSG00000006576,35,0,33,21,21,3.019
ENSG00000143847,5,0,20,0,18,3.019
ENSG00000148481,17,0,16,10,12,3.017
ENSG00000256087,21,66,17,17,10,3.017
ENSG00000186275,0,0,2,0,0,3.016
ENSG00000151929,37,0,25,27,5,3.014
ENSG00000162924,36,0,29,24,7,3.011
ENSG00000214425,0,0,0,0,0,3.009
ENSG00000136828,19,0,27,12,4,3.008
ENSG00000162819,37,0,31,30,21,3.006
ENSG00000164070,34,0,21,24,7,3.006
ENSG00000171126,58,0,36,18,19,3.003
ENSG00000139574,9,0,0,0,0,3.001
ENSG00000139438,57,0,63,22,0,3.0
ENSG00000163507,34,0,29,24,11,3.0
ENSG00000123405,28,0,22,36,2,2.996
ENSG00000163961,59,7,53,56,28,2.994
ENSG00000186272,21,0,19,17,9,2.988
ENSG00000134569,30,0,32,12,24,2.987
ENSG00000167904,44,7,31,27,17,2.984
ENSG00000198040,0,0,0,0,0,2.984
ENSG00000125484,31,0,24,23,10,2.983
ENSG00000135045,29,0,27,26,15,2.982
ENSG00000100154,21,0,19,8,6,2.981
ENSG00000105559,40,0,43,33,18,2.98
ENSG00000239282,30,0,30,0,8,2.979
ENSG00000096060,46,0,58,20,15,2.977
ENSG00000254004,30,31,22,18,16,2.973
ENSG00000173212,32,0,22,27,8,2.972
ENSG00000196584,19,0,23,11,5,2.971
ENSG00000154743,30,0,28,16,7,2.97
ENSG00000032742,23,9,20,29,3,2.967
ENSG00000185947,35,0,46,29,32,2.967
ENSG00000184209,15,0,14,16,4,2.966
ENSG00000162396,20,0,16,9,12,2.965
ENSG00000186111,16,0,25,3,6,2.963
ENSG00000254901,29,0,30,23,13,2.963
ENSG00000172795,41,0,26,31,16,2.958
ENSG00000157895,14,0,12,8,3,2.957
ENSG00000183696,32,0,32,20,0,2.957
ENSG00000185798,33,0,23,17,7,2.956
ENSG00000104611,21,0,22,7,10,2.953
ENSG00000212127,32,0,17,20,8,2.953
ENSG00000117016,15,0,24,0,10,2.952
ENSG00000153006,30,0,22,23,20,2.952
ENSG00000156531,26,0,14,19,3,2.95
ENSG00000115970,25,0,21,17,13,2.947
ENSG00000118200,31,0,28,6,19,2.945
ENSG00000151846,0,0,6,0,20,2.944
ENSG00000121542,20,0,18,14,6,2.943
ENSG00000248405,18,0,22,10,0,2.942
ENSG00000170903,12,0,18,6,5,2.935
ENSG00000248835,0,0,0,0,0,2.934
ENSG00000103494,24,0,18,13,13,2.931
ENSG00000197837,66,0,49,50,25,2.931
ENSG00000113163,34,0,30,17,18,2.928
ENSG00000071282,38,0,25,50,0,2.927
ENSG00000148841,30,0,31,0,33,2.925
ENSG00000110987,22,10,38,13,29,2.924
ENSG00000151116,36,0,28,23,10,2.924
ENSG00000197766,19,0,20,0,0,2.924
ENSG00000225373,0,0,0,0,0,2.923
ENSG00000186973,0,2,0,0,0,2.922
ENSG00000139914,23,0,16,12,5,2.921
ENSG00000182511,12,0,25,0,0,2.921
ENSG00000141252,11,0,11,0,0,2.92
ENSG00000162144,33,0,26,20,10,2.919
ENSG00000186416,28,0,23,18,3,2.919
ENSG00000128915,27,0,20,23,7,2.918
ENSG00000161996,52,0,42,31,3,2.916
ENSG00000005469,21,0,16,15,6,2.915
ENSG00000072756,23,0,22,22,0,2.915
ENSG00000163378,19,0,20,8,0,2.914
ENSG00000169519,55,0,37,41,20,2.914
ENSG00000109458,29,0,28,26,0,2.912
ENSG00000010704,20,2,16,12,8,2.91
ENSG00000105808,0,0,3,0,0,2.909
ENSG00000119574,17,0,24,4,3,2.909
ENSG00000146676,46,0,26,24,16,2.909
ENSG00000215784,5,0,14,6,0,2.905
ENSG00000197375,25,0,29,8,0,2.904
ENSG00000085465,7,0,8,0,0,2.902
ENSG00000121406,16,0,20,9,3,2.902
ENSG00000104881,51,0,41,29,23,2.901
ENSG00000173275,41,0,33,24,10,2.899
ENSG00000139324,22,0,18,13,8,2.898
ENSG00000134247,6,0,17,0,41,2.897
ENSG00000173480,20,0,20,11,4,2.897
ENSG00000228594,8,0,49,0,32,2.897
ENSG00000205189,53,0,39,43,6,2.891
ENSG00000134398,0,21,0,0,13,2.889
ENSG00000170100,26,0,23,18,14,2.889
ENSG00000105866,25,0,27,13,0,2.888
ENSG00000125257,23,0,27,6,5,2.885
ENSG00000176134,0,0,0,0,0,2.885
ENSG00000165675,13,0,14,7,0,2.884
ENSG00000163607,23,0,15,14,7,2.882
ENSG00000163818,0,0,0,0,0,2.881
ENSG00000167733,21,0,24,15,7,2.881
ENSG00000158869,37,0,14,40,0,2.879
ENSG00000130150,12,0,18,9,3,2.878
ENSG00000153071,0,0,0,0,0,2.878
ENSG00000095752,30,0,54,0,32,2.877
ENSG00000123810,27,0,21,24,12,2.877
ENSG00000158106,35,0,56,7,36,2.873
ENSG00000197971,29,0,36,3,50,2.87
ENSG00000153029,18,0,11,7,0,2.868
ENSG00000180346,22,5,18,30,12,2.868
ENSG00000233527,30,10,26,21,15,2.866
ENSG00000127423,39,0,35,42,14,2.864
ENSG00000146410,23,0,18,10,13,2.863
ENSG00000186132,40,0,37,27,17,2.861
ENSG00000204172,0,0,0,0,0,2.856
ENSG00000197121,38,0,29,22,21,2.853
ENSG00000135090,61,0,52,46,20,2.849
ENSG00000111785,24,0,20,21,13,2.847
ENSG00000196810,42,14,51,28,5,2.846
ENSG00000077684,42,0,38,35,14,2.845
ENSG00000103351,14,0,18,7,0,2.845
ENSG00000156172,26,0,24,22,12,2.843
ENSG00000129696,43,0,43,17,9,2.841
ENSG00000179562,5,0,10,5,5,2.839
ENSG00000204147,19,0,16,10,10,2.839
ENSG00000083844,22,29,24,11,15,2.837
ENSG00000115085,7,0,18,0,53,2.834
ENSG00000197321,31,0,31,9,28,2.834
ENSG00000144306,29,0,24,20,17,2.833
ENSG00000131730,14,0,13,12,0,2.832
ENSG00000186364,10,0,15,0,0,2.832
ENSG00000213859,32,0,44,24,12,2.829
ENSG00000149091,0,0,15,0,84,2.828
ENSG00000171843,25,0,43,14,29,2.828
ENSG00000224531,36,0,29,27,10,2.828
ENSG00000115137,29,0,26,25,16,2.826
ENSG00000126461,48,0,47,28,16,2.824
ENSG00000138658,28,0,21,20,12,2.824
ENSG00000198482,22,27,21,21,10,2.822
ENSG00000219607,48,0,43,49,0,2.82
ENSG00000104093,26,0,18,8,14,2.819
ENSG00000198796,0,0,4,0,18,2.818
ENSG00000111816,48,0,33,34,12,2.815
ENSG00000163362,46,0,67,43,5,2.815
ENSG00000088179,56,0,26,36,17,2.814
ENSG00000056972,29,0,39,26,10,2.812
ENSG00000177335,34,0,40,15,7,2.811
ENSG00000155636,18,0,16,12,9,2.81
ENSG00000127564,36,0,43,15,13,2.809
ENSG00000181773,21,0,24,0,14,2.809
ENSG00000164663,21,0,19,7,5,2.808
ENSG00000196533,39,0,36,41,11,2.807
ENSG00000243696,9,0,24,0,0,2.807
ENSG00000124201,76,0,60,70,28,2.806
ENSG00000078124,18,0,18,6,8,2.803
ENSG00000166343,0,0,0,0,0,2.803
ENSG00000162994,35,0,31,32,22,2.801
ENSG00000196387,0,0,0,0,0,2.8
ENSG00000179476,27,0,22,21,4,2.799
ENSG00000147394,4,0,10,0,0,2.796
ENSG00000165238,47,0,56,5,34,2.794
ENSG00000177076,22,0,29,8,16,2.792
ENSG00000185670,33,0,27,10,0,2.792
ENSG00000151014,34,0,30,25,5,2.791
ENSG00000066933,37,0,35,25,15,2.789
ENSG00000089916,22,10,16,11,15,2.788
ENSG00000146414,26,0,17,24,12,2.787
ENSG00000175727,48,0,48,10,9,2.786
ENSG00000123154,48,0,48,32,23,2.783
ENSG00000083799,22,0,21,0,13,2.78
ENSG00000133059,18,0,19,10,21,2.777
ENSG00000162572,14,0,17,4,0,2.777
ENSG00000165684,28,0,24,10,0,2.777
ENSG00000128908,30,0,25,23,14,2.772
ENSG00000168724,21,0,17,12,5,2.772
ENSG00000113494,12,0,15,5,4,2.771
ENSG00000125618,17,0,16,20,0,2.771
ENSG00000222011,17,0,21,7,0,2.771
ENSG00000165874,0,0,0,0,0,2.77
ENSG00000198718,62,0,50,35,20,2.768
ENSG00000205268,32,18,26,25,8,2.768
ENSG00000160055,34,0,24,30,12,2.766
ENSG00000165269,14,0,13,0,31,2.766
ENSG00000157036,9,0,10,6,4,2.765
ENSG00000203778,21,0,17,11,11,2.765
ENSG00000181409,27,0,30,12,0,2.763
ENSG00000149716,31,0,26,32,8,2.762
ENSG00000196418,0,0,3,0,8,2.762
ENSG00000100100,28,0,26,11,11,2.76
ENSG00000162645,0,0,0,0,0,2.76
ENSG00000165275,15,0,16,3,5,2.759
ENSG00000213397,0,0,38,0,0,2.759
ENSG00000167394,43,0,35,32,25,2.758
ENSG00000145390,33,0,25,24,11,2.757
ENSG00000151458,25,0,22,15,7,2.755
ENSG00000093167,0,0,0,0,0,2.754
ENSG00000256683,16,63,16,11,9,2.751
ENSG00000170364,16,0,13,12,6,2.749
ENSG00000204611,31,55,22,18,9,2.749
ENSG00000139722,44,0,37,47,10,2.748
ENSG00000164169,26,0,19,17,15,2.748
ENSG00000138346,21,0,16,7,0,2.747
ENSG00000137936,30,20,31,33,13,2.743
ENSG00000143443,17,0,18,8,4,2.742
ENSG00000165244,59,0,41,62,11,2.742
ENSG00000146826,22,0,21,20,17,2.741
ENSG00000131759,17,0,20,3,9,2.739
ENSG00000174010,28,0,19,21,5,2.739
ENSG00000106004,26,0,25,17,0,2.738
ENSG00000008128,17,0,18,11,0,2.737
ENSG00000079689,0,0,6,0,3,2.734
ENSG00000102781,22,0,17,10,7,2.732
ENSG00000196466,17,0,26,22,3,2.732
ENSG00000111850,15,0,12,6,10,2.73
ENSG00000169629,25,0,45,6,23,2.729
ENSG00000111696,34,0,30,15,7,2.728
ENSG00000175592,29,0,35,26,7,2.727
ENSG00000178917,29,0,24,23,5,2.727
ENSG00000206190,9,0,25,4,25,2.727
ENSG00000064703,25,0,20,22,7,2.726
ENSG00000144736,0,0,0,0,6,2.725
ENSG00000132669,47,0,26,30,26,2.724
ENSG00000089505,0,0,0,0,0,2.721
ENSG00000164077,26,0,30,11,8,2.721
ENSG00000184313,0,24,0,0,0,2.721
ENSG00000105520,10,0,12,0,3,2.719
ENSG00000142867,40,0,27,20,11,2.719
ENSG00000155984,11,0,21,3,0,2.719
ENSG00000139083,48,0,31,26,0,2.717
ENSG00000107020,22,0,17,11,12,2.716
ENSG00000173542,25,0,22,16,10,2.716
ENSG00000134955,16,0,18,0,9,2.715
ENSG00000091073,3,0,3,0,0,2.714
ENSG00000189298,20,0,13,14,7,2.714
ENSG00000151835,7,0,10,0,21,2.713
ENSG00000100197,4,0,14,5,0,2.71
ENSG00000163577,10,12,18,0,5,2.71
ENSG00000197885,32,0,24,16,18,2.709
ENSG00000141854,43,0,43,16,14,2.704
ENSG00000167964,8,0,15,0,12,2.704
ENSG00000104218,61,0,44,45,21,2.701
ENSG00000162946,22,0,26,16,13,2.701
ENSG00000168904,48,0,31,29,8,2.701
ENSG00000162971,39,0,35,30,18,2.7
ENSG00000149179,11,0,13,10,0,2.698
ENSG00000019102,9,0,14,0,45,2.697
ENSG00000048405,0,0,0,0,0,2.697
ENSG00000105668,0,0,0,0,3,2.696
ENSG00000232387,0,8,0,0,0,2.696
ENSG00000130830,0,0,0,0,0,2.695
ENSG00000168769,27,0,27,12,13,2.695
ENSG00000176024,19,41,22,22,13,2.695
ENSG00000067646,38,0,28,25,3,2.694
ENSG00000112394,25,0,23,4,4,2.694
ENSG00000143067,27,0,22,15,29,2.691
ENSG00000188015,14,0,21,13,20,2.691
ENSG00000228998,0,0,0,0,0,2.689
ENSG00000185917,7,0,7,3,0,2.688
ENSG00000213658,0,0,0,0,0,2.688
ENSG00000148908,0,0,17,0,48,2.687
ENSG00000113597,37,0,22,27,16,2.686
ENSG00000123552,15,0,15,14,8,2.686
ENSG00000177000,58,0,48,42,9,2.685
ENSG00000159164,13,0,14,0,3,2.684
ENSG00000198464,18,16,21,13,9,2.684
ENSG00000105997,24,0,63,7,50,2.681
ENSG00000170417,32,0,27,22,19,2.681
ENSG00000183340,26,14,18,18,5,2.681
ENSG00000132275,58,0,43,60,22,2.679
ENSG00000115590,0,0,13,0,67,2.678
ENSG00000168778,14,0,14,3,3,2.677
ENSG00000147687,30,0,24,25,8,2.675
ENSG00000198001,27,0,24,18,11,2.675
ENSG00000118193,22,0,24,13,5,2.674
ENSG00000077454,31,0,39,10,20,2.673
ENSG00000151229,21,0,23,8,12,2.671
ENSG00000126091,29,0,25,20,11,2.67
ENSG00000145332,7,26,11,0,3,2.668
ENSG00000048649,35,0,34,23,18,2.661
ENSG00000184903,21,0,15,11,3,2.661
ENSG00000169507,3,0,7,0,0,2.66
ENSG00000185128,0,0,0,0,0,2.658
ENSG00000160993,30,0,25,11,14,2.656
ENSG00000123836,46,0,38,38,21,2.652
ENSG00000197256,16,0,19,10,3,2.651
ENSG00000256977,0,0,0,0,0,2.651
ENSG00000130449,41,0,46,11,40,2.647
ENSG00000000457,27,0,29,20,15,2.646
ENSG00000077514,14,0,17,12,5,2.645
ENSG00000179981,62,0,63,40,17,2.641
ENSG00000188010,22,0,19,15,15,2.636
ENSG00000166987,68,0,65,59,30,2.635
ENSG00000214401,11,0,18,6,0,2.635
ENSG00000183054,0,0,0,0,0,2.634
ENSG00000127578,25,0,27,13,3,2.633
ENSG00000188321,19,43,21,12,6,2.632
ENSG00000170260,23,0,19,11,18,2.631
ENSG00000198610,4,8,0,25,0,2.631
ENSG00000171169,45,0,36,32,10,2.628
ENSG00000259120,25,0,14,26,0,2.626
ENSG00000089723,44,0,44,20,5,2.625
ENSG00000188283,20,1,19,16,15,2.625
ENSG00000142856,21,0,26,27,17,2.62
ENSG00000180626,14,0,16,8,7,2.618
ENSG00000144161,24,0,25,11,6,2.617
ENSG00000147789,77,0,70,53,18,2.617
ENSG00000147996,0,0,0,0,0,2.617
ENSG00000213366,11,0,14,0,0,2.615
ENSG00000185418,22,0,20,8,5,2.613
ENSG00000065526,53,0,41,40,17,2.612
ENSG00000130054,16,0,37,9,0,2.612
ENSG00000140044,34,0,34,9,27,2.609
ENSG00000188295,26,11,19,17,3,2.607
ENSG00000153933,29,0,28,0,17,2.604
ENSG00000151151,55,0,37,53,11,2.601
ENSG00000156170,33,0,32,15,3,2.601
ENSG00000173264,49,0,48,41,5,2.601
ENSG00000089682,19,0,13,9,0,2.6
ENSG00000138376,36,0,32,25,9,2.6
ENSG00000144908,0,49,0,0,0,2.599
ENSG00000148634,29,0,14,17,8,2.598
ENSG00000169604,11,0,20,0,42,2.598
ENSG00000112877,33,0,39,14,3,2.597
ENSG00000167588,30,0,20,27,4,2.597
ENSG00000196644,0,0,0,0,0,2.597
ENSG00000176182,31,0,32,14,6,2.596
ENSG00000023902,25,0,25,0,5,2.594
ENSG00000160870,0,0,0,5,0,2.592
ENSG00000144559,24,0,20,14,22,2.589
ENSG00000141956,23,0,21,17,0,2.587
ENSG00000145819,34,0,26,13,14,2.587
ENSG00000154447,35,0,30,17,8,2.586
ENSG00000102384,24,0,14,13,5,2.585
ENSG00000126953,27,0,19,19,0,2.585
ENSG00000152439,12,0,12,5,0,2.585
ENSG00000172478,6,0,32,0,11,2.584
ENSG00000108239,33,0,33,17,5,2.581
ENSG00000005020,0,0,0,0,0,2.58
ENSG00000142544,18,0,20,10,18,2.579
ENSG00000151849,39,0,31,15,3,2.577
ENSG00000163113,25,0,20,22,10,2.577
ENSG00000163935,19,0,21,9,10,2.576
ENSG00000185551,31,0,27,21,16,2.575
ENSG00000127586,30,0,30,5,5,2.574
ENSG00000151240,19,0,30,0,27,2.573
ENSG00000204396,0,0,0,0,0,2.573
ENSG00000184909,30,0,47,21,13,2.57
ENSG00000164181,17,0,21,0,17,2.569
ENSG00000167081,14,0,30,0,9,2.567
ENSG00000103148,24,0,37,9,0,2.565
ENSG00000129991,4,0,18,0,24,2.565
ENSG00000166435,38,0,25,21,14,2.563
ENSG00000136379,0,9,0,0,4,2.559
ENSG00000143434,25,0,29,7,8,2.558
ENSG00000092529,0,0,0,0,0,2.548
ENSG00000107201,25,0,23,17,14,2.548
ENSG00000163291,16,0,14,3,23,2.548
ENSG00000127922,26,17,15,19,8,2.547
ENSG00000147408,17,0,23,5,27,2.546
ENSG00000139865,45,0,48,50,24,2.543
ENSG00000100106,0,0,0,0,0,2.542
ENSG00000170634,40,0,43,39,18,2.542
ENSG00000116871,52,0,53,5,0,2.541
ENSG00000145241,26,0,13,16,4,2.538
ENSG00000158691,18,0,18,11,13,2.538
ENSG00000254531,39,0,41,22,11,2.538
ENSG00000167619,17,0,41,0,23,2.537
ENSG00000253598,38,12,15,26,16,2.536
ENSG00000115183,27,0,30,0,43,2.535
ENSG00000150756,39,0,36,32,13,2.535
ENSG00000107554,36,0,17,9,9,2.534
ENSG00000172331,26,0,25,17,13,2.534
ENSG00000083642,36,0,27,19,13,2.533
ENSG00000184619,39,0,21,18,10,2.533
ENSG00000092607,0,0,0,0,0,2.53
ENSG00000128578,18,0,21,3,15,2.53
ENSG00000165246,24,0,23,17,4,2.53
ENSG00000178229,37,0,26,12,14,2.53
ENSG00000198750,3,0,7,3,0,2.528
ENSG00000120937,0,0,9,0,30,2.527
ENSG00000154328,24,0,24,7,3,2.526
ENSG00000121988,43,0,31,28,20,2.525
ENSG00000109670,48,5,32,25,7,2.524
ENSG00000213096,23,0,24,19,9,2.523
ENSG00000116128,3,0,13,0,5,2.522
ENSG00000197978,0,0,0,0,0,2.522
ENSG00000160323,33,0,29,28,17,2.518
ENSG00000111012,45,0,46,25,33,2.517
ENSG00000144504,53,0,58,30,25,2.516
ENSG00000108753,57,0,50,47,14,2.512
ENSG00000221838,42,0,34,29,4,2.512
ENSG00000183161,28,0,18,23,7,2.51
ENSG00000155666,34,0,22,23,8,2.508
ENSG00000166484,35,0,26,22,13,2.506
ENSG00000177602,31,0,25,28,13,2.502
ENSG00000187796,19,0,19,3,5,2.501
ENSG00000169871,21,0,20,11,8,2.497
ENSG00000130479,31,0,25,13,7,2.496
ENSG00000116903,69,0,50,34,25,2.494
ENSG00000175054,32,0,32,21,22,2.494
ENSG00000147679,38,6,17,17,20,2.493
ENSG00000088543,31,0,38,13,29,2.492
ENSG00000196705,22,0,16,17,4,2.489
ENSG00000142197,22,0,24,2,12,2.487
ENSG00000175104,28,0,20,13,15,2.487
ENSG00000135454,14,0,18,0,0,2.485
ENSG00000125703,28,0,24,10,14,2.483
ENSG00000158483,28,0,26,20,0,2.482
ENSG00000196388,38,0,37,29,4,2.481
ENSG00000104177,13,0,10,0,4,2.48
ENSG00000164118,33,0,23,22,19,2.476
ENSG00000135976,18,0,19,15,6,2.474
ENSG00000170085,0,0,9,0,3,2.473
ENSG00000099260,34,0,17,28,9,2.472
ENSG00000106258,5,6,0,9,0,2.472
ENSG00000204653,22,0,30,8,8,2.472
ENSG00000162591,0,0,17,0,83,2.469
ENSG00000141086,32,0,32,24,19,2.468
ENSG00000167880,30,0,42,19,8,2.467
ENSG00000180061,25,0,20,19,6,2.465
ENSG00000213390,31,0,19,22,0,2.465
ENSG00000185112,8,0,32,0,27,2.463
ENSG00000129173,18,0,21,9,5,2.462
ENSG00000172375,43,0,37,29,23,2.461
ENSG00000176401,18,0,17,7,7,2.461
ENSG00000196557,0,0,17,0,73,2.461
ENSG00000198093,14,44,18,15,9,2.461
ENSG00000093100,0,0,0,0,0,2.46
ENSG00000117262,12,0,7,6,0,2.46
ENSG00000196417,7,18,6,5,4,2.46
ENSG00000204681,0,0,0,0,0,2.459
ENSG00000074266,35,0,22,22,12,2.458
ENSG00000238035,0,0,0,0,0,2.458
ENSG00000167550,20,0,16,0,3,2.454
ENSG00000150456,20,0,21,17,10,2.452
ENSG00000132688,34,0,32,0,39,2.451
ENSG00000140332,60,0,66,33,19,2.451
ENSG00000178105,32,0,17,26,3,2.451
ENSG00000054282,44,0,32,32,19,2.45
ENSG00000227184,26,0,39,9,36,2.449
ENSG00000206344,0,0,0,0,0,2.448
ENSG00000109321,0,0,0,0,0,2.445
ENSG00000197429,24,0,20,30,9,2.445
ENSG00000122008,34,0,29,16,18,2.436
ENSG00000147601,18,0,21,8,15,2.435
ENSG00000104856,25,0,22,9,0,2.434
ENSG00000132436,15,0,15,4,0,2.433
ENSG00000164649,0,0,8,0,11,2.433
ENSG00000214756,43,0,30,29,10,2.433
ENSG00000164823,20,0,20,14,3,2.432
ENSG00000147118,16,0,13,10,0,2.431
ENSG00000198346,22,0,21,19,4,2.431
ENSG00000131437,17,0,13,0,3,2.429
ENSG00000182134,25,0,22,13,9,2.428
ENSG00000109674,14,0,13,5,5,2.427
ENSG00000131725,36,0,23,18,8,2.427
ENSG00000160613,33,0,28,21,10,2.427
ENSG00000011422,14,0,30,0,32,2.425
ENSG00000136161,25,0,19,16,3,2.424
ENSG00000123178,33,0,23,9,6,2.418
ENSG00000015568,0,0,0,0,0,2.416
ENSG00000107130,0,0,22,0,32,2.414
ENSG00000166444,20,0,25,12,6,2.413
ENSG00000196456,33,0,38,32,11,2.408
ENSG00000197620,23,0,31,18,6,2.408
ENSG00000104361,26,0,16,18,3,2.406
ENSG00000128581,24,0,26,14,4,2.406
ENSG00000080298,44,0,36,38,21,2.405
ENSG00000110844,24,0,28,17,15,2.405
ENSG00000167363,30,20,34,29,0,2.405
ENSG00000196378,44,0,43,27,12,2.402
ENSG00000131187,16,0,19,0,6,2.4
ENSG00000088808,29,0,37,6,5,2.397
ENSG00000128609,20,0,13,10,9,2.397
ENSG00000182162,0,0,0,0,0,2.397
ENSG00000126814,32,0,24,27,12,2.394
ENSG00000115687,34,0,35,13,17,2.393
ENSG00000183323,28,0,34,21,0,2.393
ENSG00000196935,38,0,24,19,4,2.386
ENSG00000009780,33,0,22,26,0,2.383
ENSG00000105219,18,0,26,11,0,2.383
ENSG00000197774,43,0,46,20,9,2.381
ENSG00000224186,42,0,37,34,0,2.381
ENSG00000140534,43,0,32,30,23,2.378
ENSG00000123106,0,0,0,0,5,2.375
ENSG00000196428,61,0,47,35,31,2.373
ENSG00000063761,14,0,15,12,4,2.372
ENSG00000076201,34,0,32,43,16,2.371
ENSG00000102309,27,0,19,15,3,2.371
ENSG00000155744,46,0,27,28,13,2.37
ENSG00000254093,22,0,19,10,9,2.37
ENSG00000144199,6,0,13,0,8,2.367
ENSG00000171914,34,0,33,22,14,2.367
ENSG00000099282,12,0,16,2,10,2.365
ENSG00000198753,19,0,28,7,0,2.363
ENSG00000008256,17,0,24,0,42,2.362
ENSG00000101844,27,0,19,17,8,2.362
ENSG00000170234,16,0,21,11,0,2.361
ENSG00000173611,20,0,18,2,6,2.36
ENSG00000131773,35,0,33,7,28,2.359
ENSG00000159753,11,0,38,0,50,2.359
ENSG00000170631,25,0,24,18,5,2.359
ENSG00000011198,14,0,18,8,0,2.356
ENSG00000070366,20,0,26,18,11,2.356
ENSG00000149346,44,0,35,37,18,2.356
ENSG00000155629,6,0,17,0,27,2.356
ENSG00000198910,0,0,0,0,6,2.356
ENSG00000171735,32,0,31,23,6,2.355
ENSG00000133627,24,0,18,19,5,2.354
ENSG00000070269,0,0,0,0,0,2.353
ENSG00000164306,36,0,27,25,18,2.353
ENSG00000167981,28,0,19,21,4,2.353
ENSG00000106268,31,0,24,16,11,2.352
ENSG00000119943,14,0,17,9,0,2.352
ENSG00000196981,26,0,25,17,15,2.352
ENSG00000152778,21,0,20,12,6,2.35
ENSG00000097046,14,0,14,9,3,2.349
ENSG00000172785,0,0,0,0,0,2.348
ENSG00000139323,40,0,33,35,16,2.347
ENSG00000145365,26,0,26,4,17,2.343
ENSG00000180432,9,0,6,19,0,2.343
ENSG00000238083,0,0,0,0,0,2.341
ENSG00000081923,36,0,31,14,31,2.339
ENSG00000164690,28,0,52,26,53,2.339
ENSG00000197932,0,0,0,0,0,2.339
ENSG00000065970,31,0,30,11,7,2.338
ENSG00000204352,0,0,0,0,11,2.338
ENSG00000110169,4,0,5,0,0,2.337
ENSG00000100628,0,0,3,0,68,2.336
ENSG00000147799,32,0,33,18,7,2.336
ENSG00000163293,32,0,28,13,17,2.335
ENSG00000090554,22,0,32,2,0,2.334
ENSG00000254979,0,0,9,0,14,2.334
ENSG00000125482,23,0,37,3,41,2.331
ENSG00000183145,21,0,42,0,9,2.329
ENSG00000105552,19,0,29,24,8,2.326
ENSG00000154127,18,0,22,4,26,2.325
ENSG00000179348,40,0,46,18,0,2.323
ENSG00000243449,0,0,24,0,23,2.322
ENSG00000130751,3,0,25,0,8,2.321
ENSG00000157087,0,0,0,0,43,2.321
ENSG00000119685,0,0,0,0,0,2.32
ENSG00000064651,36,0,29,13,8,2.318
ENSG00000148655,0,0,0,5,0,2.318
ENSG00000171574,27,0,24,19,3,2.317
ENSG00000127328,22,0,22,12,18,2.314
ENSG00000197362,22,0,24,23,15,2.314
ENSG00000167236,0,0,0,0,0,2.313
ENSG00000196605,24,0,37,5,0,2.313
ENSG00000065989,10,6,35,6,50,2.312
ENSG00000186666,20,0,22,16,14,2.312
ENSG00000173930,26,0,16,14,9,2.31
ENSG00000179094,58,0,48,47,0,2.31
ENSG00000120088,0,0,9,0,0,2.307
ENSG00000088035,17,0,15,8,9,2.306
ENSG00000114115,7,0,19,6,38,2.303
ENSG00000096654,30,0,26,17,7,2.302
ENSG00000150281,42,0,47,18,0,2.302
ENSG00000198168,18,0,9,13,6,2.302
ENSG00000174628,33,0,32,18,22,2.301
ENSG00000196967,13,47,13,5,5,2.299
ENSG00000160961,17,0,15,9,0,2.297
ENSG00000115977,3,0,5,0,0,2.296
ENSG00000143632,0,0,12,0,15,2.296
ENSG00000204852,17,0,15,7,4,2.296
ENSG00000140471,38,0,28,29,21,2.291
ENSG00000176532,30,0,40,34,16,2.289
ENSG00000095383,25,0,23,11,7,2.287
ENSG00000111181,21,0,35,3,26,2.286
ENSG00000106333,16,0,32,0,7,2.285
ENSG00000054392,16,0,20,5,6,2.283
ENSG00000168062,24,0,30,21,8,2.28
ENSG00000213057,32,0,48,20,12,2.279
ENSG00000163083,0,0,45,0,75,2.276
ENSG00000111224,27,0,20,14,12,2.275
ENSG00000164542,61,1,27,66,11,2.274
ENSG00000197128,21,0,18,11,7,2.274
ENSG00000116731,0,11,0,0,18,2.271
ENSG00000019144,17,0,37,0,5,2.27
ENSG00000198835,29,0,30,21,0,2.27
ENSG00000099840,38,0,39,16,0,2.269
ENSG00000137070,52,0,50,36,22,2.268
ENSG00000172159,23,0,26,10,6,2.267
ENSG00000165813,28,9,21,9,17,2.266
ENSG00000185753,26,0,23,10,0,2.266
ENSG00000154957,17,0,18,16,10,2.263
ENSG00000047621,33,0,17,16,12,2.261
ENSG00000164362,3,0,18,0,34,2.261
ENSG00000119596,37,0,19,16,7,2.259
ENSG00000154080,0,0,13,0,18,2.259
ENSG00000126653,26,0,19,17,13,2.258
ENSG00000104626,16,0,17,12,6,2.254
ENSG00000152527,17,0,22,0,26,2.25
ENSG00000168661,12,0,13,0,0,2.25
ENSG00000185684,26,0,22,12,5,2.25
ENSG00000083097,43,0,30,19,6,2.249
ENSG00000139437,26,0,18,15,11,2.246
ENSG00000083544,37,0,27,26,10,2.245
ENSG00000124568,38,5,23,36,8,2.244
ENSG00000100577,40,0,28,47,3,2.238
ENSG00000081059,22,0,31,0,33,2.237
ENSG00000116793,31,0,27,22,13,2.237
ENSG00000121900,0,0,13,0,54,2.237
ENSG00000109089,17,0,33,0,16,2.236
ENSG00000121653,4,0,10,0,0,2.234
ENSG00000140832,13,0,19,0,5,2.232
ENSG00000175785,8,0,29,0,32,2.231
ENSG00000178150,21,0,27,18,6,2.231
ENSG00000163535,18,0,18,9,19,2.23
ENSG00000081014,31,0,32,29,15,2.228
ENSG00000179588,47,0,53,23,50,2.228
ENSG00000108557,44,0,45,30,30,2.227
ENSG00000149218,18,0,22,0,9,2.227
ENSG00000181284,22,0,28,6,11,2.227
ENSG00000106701,36,0,29,23,8,2.224
ENSG00000135127,5,0,24,0,22,2.224
ENSG00000112425,23,0,19,20,4,2.222
ENSG00000135931,23,7,21,10,23,2.22
ENSG00000131152,0,0,0,0,0,2.217
ENSG00000160345,33,0,42,11,6,2.214
ENSG00000162616,58,0,42,45,23,2.214
ENSG00000008086,22,0,21,15,5,2.209
ENSG00000130529,29,0,35,0,0,2.208
ENSG00000145908,15,70,14,10,7,2.204
ENSG00000213240,18,0,17,0,15,2.204
ENSG00000197568,36,0,23,25,10,2.203
ENSG00000155850,18,0,19,4,0,2.202
ENSG00000142552,0,0,0,0,0,2.201
ENSG00000145040,30,0,29,7,2,2.201
ENSG00000180071,28,10,33,8,3,2.201
ENSG00000148690,30,0,17,13,8,2.2
ENSG00000183134,6,0,19,3,3,2.2
ENSG00000249087,45,0,32,33,21,2.199
ENSG00000114841,0,0,0,0,0,2.195
ENSG00000010539,27,0,21,15,12,2.193
ENSG00000111664,0,0,0,2,0,2.193
ENSG00000188266,22,0,22,5,9,2.192
ENSG00000133056,21,0,24,7,38,2.189
ENSG00000165171,16,0,16,0,10,2.188
ENSG00000067221,48,0,47,12,24,2.185
ENSG00000121211,20,0,18,6,6,2.185
ENSG00000163611,30,0,22,22,18,2.184
ENSG00000175764,18,0,21,8,16,2.184
ENSG00000127989,20,0,17,9,13,2.183
ENSG00000112818,0,0,0,0,0,2.182
ENSG00000139354,23,0,20,15,16,2.182
ENSG00000176055,27,0,23,19,6,2.182
ENSG00000182685,36,0,47,18,4,2.182
ENSG00000184792,0,0,16,0,44,2.178
ENSG00000185480,32,0,22,25,14,2.176
ENSG00000203832,0,0,0,0,0,2.176
ENSG00000203883,53,0,80,28,9,2.176
ENSG00000188167,32,0,32,21,16,2.174
ENSG00000105321,41,0,42,31,9,2.173
ENSG00000167600,13,0,18,0,24,2.173
ENSG00000251247,27,21,24,19,17,2.173
ENSG00000111879,0,0,0,12,0,2.172
ENSG00000180488,13,0,12,4,6,2.172
ENSG00000213799,18,9,23,8,5,2.172
ENSG00000106346,36,0,36,22,11,2.171
ENSG00000162383,22,9,17,23,3,2.17
ENSG00000168675,40,0,38,0,13,2.17
ENSG00000197302,19,0,24,13,10,2.169
ENSG00000242384,0,0,0,0,0,2.168
ENSG00000067533,23,9,17,12,19,2.166
ENSG00000145882,7,0,20,0,5,2.165
ENSG00000152061,25,0,20,9,13,2.164
ENSG00000152154,3,0,21,0,53,2.163
ENSG00000103316,20,0,17,5,0,2.157
ENSG00000106948,21,0,20,23,0,2.155
ENSG00000121068,46,0,51,18,7,2.153
ENSG00000136936,31,0,15,19,13,2.153
ENSG00000063176,43,0,41,32,8,2.152
ENSG00000141384,18,0,19,0,5,2.151
ENSG00000178385,20,0,14,14,4,2.151
ENSG00000185730,35,0,29,17,6,2.151
ENSG00000058453,0,0,0,0,0,2.15
ENSG00000253953,0,30,5,0,0,2.149
ENSG00000218891,28,0,36,26,4,2.148
ENSG00000088881,7,0,31,0,88,2.147
ENSG00000135541,26,0,18,22,8,2.146
ENSG00000063660,8,0,24,0,63,2.145
ENSG00000164867,4,0,8,0,43,2.144
ENSG00000081026,64,0,38,50,26,2.142
ENSG00000171806,25,0,19,17,11,2.142
ENSG00000151876,19,0,15,20,11,2.14
ENSG00000142875,22,0,20,15,12,2.139
ENSG00000036672,39,0,35,47,9,2.138
ENSG00000156535,10,0,15,0,14,2.138
ENSG00000196873,0,0,0,0,0,2.138
ENSG00000215375,41,0,46,20,0,2.138
ENSG00000139133,17,0,13,8,7,2.136
ENSG00000088038,43,9,39,18,6,2.134
ENSG00000155542,31,0,28,31,10,2.133
ENSG00000159885,17,0,14,6,12,2.132
ENSG00000171291,10,0,23,0,11,2.132
ENSG00000198088,13,0,11,0,0,2.132
ENSG00000204439,0,0,0,0,0,2.132
ENSG00000163297,0,0,0,0,0,2.131
ENSG00000080823,21,0,16,21,10,2.13
ENSG00000138182,40,0,24,27,10,2.128
ENSG00000187676,18,0,22,4,13,2.128
ENSG00000169131,8,1,12,0,0,2.123
ENSG00000186026,19,0,18,8,9,2.122
ENSG00000141441,35,0,28,4,10,2.117
ENSG00000197044,27,0,22,20,13,2.115
ENSG00000133250,33,0,34,16,0,2.114
ENSG00000070778,18,0,13,4,0,2.113
ENSG00000105662,26,0,24,7,11,2.112
ENSG00000177989,34,0,39,16,3,2.11
ENSG00000160766,15,0,15,10,0,2.108
ENSG00000130270,23,0,31,15,0,2.107
ENSG00000186868,0,0,14,0,0,2.107
ENSG00000204104,26,0,27,0,20,2.107
ENSG00000121552,0,0,0,0,0,2.106
ENSG00000163138,15,0,15,4,4,2.105
ENSG00000124143,15,0,22,4,65,2.104
ENSG00000162585,40,0,47,12,0,2.102
ENSG00000130749,60,0,45,61,23,2.1
ENSG00000150433,20,0,18,11,7,2.097
ENSG00000188375,0,0,0,0,0,2.095
ENSG00000197024,38,12,29,34,17,2.095
ENSG00000198417,11,0,20,0,39,2.093
ENSG00000068784,24,0,17,15,10,2.092
ENSG00000159625,19,0,16,9,0,2.092
ENSG00000163738,0,0,0,0,0,2.092
ENSG00000110400,25,0,31,0,19,2.091
ENSG00000134013,9,0,0,19,0,2.09
ENSG00000153094,45,0,52,33,31,2.09
ENSG00000121621,54,0,35,41,20,2.089
ENSG00000166455,20,0,20,16,9,2.086
ENSG00000176909,45,0,57,31,11,2.083
ENSG00000118655,25,0,25,21,14,2.082
ENSG00000146555,17,0,27,0,8,2.081
ENSG00000185522,36,0,55,27,7,2.081
ENSG00000055147,26,0,23,17,11,2.079
ENSG00000120594,0,0,20,0,28,2.077
ENSG00000156011,0,0,0,0,27,2.076
ENSG00000156876,35,0,23,27,9,2.075
ENSG00000167971,12,0,38,0,31,2.073
ENSG00000187815,17,33,18,7,5,2.073
ENSG00000206483,0,0,0,0,0,2.073
ENSG00000173451,47,0,34,46,21,2.071
ENSG00000237149,73,0,74,59,30,2.07
ENSG00000189042,25,41,22,17,12,2.069
ENSG00000196648,0,0,0,0,0,2.067
ENSG00000065328,22,0,19,3,0,2.061
ENSG00000105617,32,0,30,21,9,2.06
ENSG00000164659,6,0,15,0,13,2.059
ENSG00000081386,15,0,12,5,0,2.058
ENSG00000206532,0,0,0,0,0,2.058
ENSG00000106078,34,0,45,20,20,2.057
ENSG00000101096,17,0,28,0,78,2.054
ENSG00000117472,11,0,12,0,26,2.051
ENSG00000182150,35,0,27,24,13,2.051
ENSG00000145331,23,0,24,21,12,2.047
ENSG00000259471,10,0,4,12,0,2.047
ENSG00000167614,28,5,34,14,0,2.046
ENSG00000175073,71,0,48,45,24,2.045
ENSG00000215883,32,0,23,24,10,2.045
ENSG00000138772,15,0,10,0,8,2.044
ENSG00000124459,18,14,16,6,9,2.043
ENSG00000177842,19,0,14,11,4,2.043
ENSG00000162976,15,0,38,0,62,2.041
ENSG00000084636,23,0,34,27,14,2.04
ENSG00000133104,0,0,0,0,0,2.04
ENSG00000153896,15,0,16,5,11,2.039
ENSG00000196150,38,0,34,22,39,2.037
ENSG00000215462,51,0,32,43,9,2.036
ENSG00000214367,30,0,17,11,9,2.035
ENSG00000162520,7,0,23,0,53,2.034
ENSG00000142065,18,0,18,19,4,2.033
ENSG00000064300,0,0,32,0,84,2.031
ENSG00000165714,27,0,18,12,5,2.031
ENSG00000198756,6,0,19,0,59,2.03
ENSG00000114107,21,5,21,14,12,2.025
ENSG00000127743,5,0,24,0,15,2.025
ENSG00000175787,10,0,22,7,7,2.025
ENSG00000164187,33,0,29,39,17,2.023
ENSG00000186767,12,0,13,5,0,2.023
ENSG00000115257,33,0,42,22,0,2.021
ENSG00000120370,27,0,22,15,10,2.019
ENSG00000083817,22,26,20,9,10,2.013
ENSG00000160298,48,0,49,35,15,2.013
ENSG00000197548,22,0,17,10,10,2.009
ENSG00000165669,14,0,14,9,0,2.008
ENSG00000007341,42,0,28,31,15,2.007
ENSG00000179454,0,7,0,0,0,2.006
ENSG00000104450,16,0,13,11,4,2.004
ENSG00000011295,30,0,25,19,9,2.001
ENSG00000160318,56,0,52,50,42,2.001
ENSG00000178996,37,0,31,9,0,2.001
ENSG00000166801,15,0,14,7,3,1.999
ENSG00000249709,41,0,39,27,13,1.999
ENSG00000181638,13,0,21,10,8,1.997
ENSG00000172006,15,0,17,10,0,1.996
ENSG00000172915,20,0,23,0,8,1.996
ENSG00000075945,0,0,0,0,0,1.994
ENSG00000130584,20,0,51,0,34,1.994
ENSG00000143919,32,0,28,23,22,1.994
ENSG00000196526,21,0,26,0,4,1.994
ENSG00000135747,28,0,24,34,12,1.992
ENSG00000179029,39,0,38,22,7,1.992
ENSG00000215421,35,0,30,31,18,1.991
ENSG00000225830,19,0,22,6,34,1.991
ENSG00000160223,44,0,47,19,4,1.99
ENSG00000182700,0,0,0,0,0,1.99
ENSG00000204618,0,0,0,0,0,1.988
ENSG00000102048,11,0,9,15,0,1.986
ENSG00000243660,29,0,24,35,14,1.986
ENSG00000170909,24,0,29,12,6,1.983
ENSG00000131037,0,0,14,0,46,1.979
ENSG00000186300,37,3,29,46,0,1.979
ENSG00000125740,43,0,42,31,17,1.978
ENSG00000152433,24,0,19,20,11,1.977
ENSG00000165879,25,0,33,18,13,1.977
ENSG00000139173,18,0,14,11,4,1.976
ENSG00000111196,28,0,26,21,13,1.974
ENSG00000198553,0,0,0,0,0,1.974
ENSG00000085514,0,0,0,0,0,1.972
ENSG00000187808,30,0,37,20,0,1.969
ENSG00000111727,22,0,20,7,16,1.968
ENSG00000184584,10,0,12,0,6,1.968
ENSG00000179862,22,0,32,0,28,1.967
ENSG00000137802,25,0,19,16,10,1.965
ENSG00000153832,48,0,41,36,28,1.964
ENSG00000079393,44,0,43,28,12,1.962
ENSG00000155275,19,0,12,17,8,1.959
ENSG00000174428,3,0,3,3,0,1.959
ENSG00000125775,43,0,37,44,12,1.956
ENSG00000130812,27,0,27,14,15,1.955
ENSG00000136457,0,0,0,0,0,1.954
ENSG00000008735,0,0,22,0,5,1.952
ENSG00000173080,48,0,54,65,5,1.952
ENSG00000196374,41,0,25,38,13,1.951
ENSG00000105793,0,0,0,0,5,1.95
ENSG00000165730,14,0,21,8,5,1.95
ENSG00000106070,9,8,20,0,34,1.949
ENSG00000139974,31,0,25,27,12,1.949
ENSG00000175595,28,0,25,14,10,1.946
ENSG00000105738,25,0,27,12,4,1.945
ENSG00000121964,21,0,21,9,17,1.945
ENSG00000197008,24,0,13,10,11,1.944
ENSG00000204790,0,0,0,0,0,1.944
ENSG00000254614,35,0,33,8,6,1.942
ENSG00000122121,4,0,20,3,0,1.941
ENSG00000140682,11,0,25,0,15,1.941
ENSG00000129535,46,0,37,39,16,1.94
ENSG00000065534,0,0,15,0,17,1.938
ENSG00000171262,22,0,14,13,11,1.936
ENSG00000118600,17,0,16,8,0,1.933
ENSG00000121210,15,0,24,0,15,1.933
ENSG00000125246,23,0,20,20,6,1.933
ENSG00000181830,40,0,43,14,30,1.933
ENSG00000196345,11,5,11,6,35,1.932
ENSG00000167644,7,0,21,4,3,1.93
ENSG00000172244,24,0,16,14,6,1.928
ENSG00000128394,16,0,26,7,0,1.926
ENSG00000138111,31,0,29,2,0,1.924
ENSG00000174371,20,0,15,10,11,1.924
ENSG00000181220,30,0,27,7,39,1.924
ENSG00000159650,27,0,30,20,0,1.923
ENSG00000164815,29,5,24,17,10,1.923
ENSG00000188033,10,0,11,0,0,1.923
ENSG00000161835,28,0,28,15,0,1.92
ENSG00000105708,16,26,20,11,11,1.919
ENSG00000176978,30,0,38,14,0,1.917
ENSG00000234972,0,0,0,0,0,1.916
ENSG00000176087,16,0,16,0,21,1.914
ENSG00000067248,45,0,24,24,12,1.913
ENSG00000121281,15,0,34,0,41,1.912
ENSG00000157214,0,0,0,0,0,1.912
ENSG00000221916,43,0,47,8,3,1.911
ENSG00000106853,26,0,34,15,15,1.91
ENSG00000248672,0,0,5,0,4,1.909
ENSG00000012211,23,0,24,8,0,1.908
ENSG00000203666,38,0,26,38,5,1.907
ENSG00000132837,48,0,50,39,8,1.906
ENSG00000249437,0,0,0,0,0,1.905
ENSG00000135736,14,0,23,0,41,1.903
ENSG00000234719,34,0,31,11,18,1.903
ENSG00000136197,20,0,16,14,5,1.902
ENSG00000139988,7,0,0,8,0,1.902
ENSG00000142733,18,0,27,0,13,1.902
ENSG00000152104,23,0,26,14,19,1.901
ENSG00000153976,7,0,14,0,37,1.901
ENSG00000067066,33,0,34,20,21,1.899
ENSG00000145088,26,0,20,20,10,1.896
ENSG00000205041,3,0,0,0,0,1.896
ENSG00000112365,13,0,15,12,4,1.895
ENSG00000174136,35,0,42,4,26,1.893
ENSG00000188171,26,86,37,26,0,1.893
ENSG00000110172,35,4,21,20,18,1.891
ENSG00000137760,19,0,24,10,21,1.89
ENSG00000186812,24,0,16,15,9,1.89
ENSG00000171295,24,0,21,10,14,1.888
ENSG00000183495,25,0,24,13,4,1.888
ENSG00000215915,8,0,11,0,21,1.886
ENSG00000065621,0,0,0,5,0,1.885
ENSG00000131944,18,0,19,13,11,1.879
ENSG00000155970,26,0,19,18,7,1.878
ENSG00000174749,14,0,17,6,6,1.878
ENSG00000144535,29,0,23,20,4,1.877
ENSG00000166813,13,0,20,0,11,1.877
ENSG00000182156,27,0,37,17,0,1.876
ENSG00000155893,14,5,20,0,5,1.875
ENSG00000258838,19,0,22,6,34,1.875
ENSG00000086619,20,0,20,0,29,1.867
ENSG00000126561,12,0,22,0,43,1.867
ENSG00000135917,16,0,16,4,15,1.867
ENSG00000161640,0,0,0,0,12,1.864
ENSG00000123636,33,0,20,29,18,1.863
ENSG00000120784,16,0,16,13,5,1.859
ENSG00000129292,21,0,13,13,4,1.857
ENSG00000178177,38,0,31,23,27,1.857
ENSG00000137834,41,0,49,24,8,1.856
ENSG00000087299,26,9,24,20,5,1.854
ENSG00000162825,0,0,0,0,0,1.854
ENSG00000159261,0,0,0,0,30,1.851
ENSG00000112787,35,0,53,11,53,1.846
ENSG00000185278,42,0,26,26,16,1.845
ENSG00000213759,0,0,0,0,0,1.845
ENSG00000259658,0,0,3,0,0,1.842
ENSG00000167555,21,77,18,14,8,1.835
ENSG00000214029,21,66,24,20,9,1.835
ENSG00000173621,11,0,22,6,0,1.833
ENSG00000197150,16,0,19,8,31,1.833
ENSG00000224226,0,0,0,0,0,1.832
ENSG00000249240,36,0,39,8,5,1.831
ENSG00000137259,30,0,25,41,13,1.83
ENSG00000177683,43,0,31,28,17,1.83
ENSG00000099984,0,0,0,0,0,1.829
ENSG00000144395,14,0,14,6,9,1.828
ENSG00000204920,0,85,0,0,0,1.828
ENSG00000119042,0,0,14,0,87,1.827
ENSG00000135083,5,0,7,0,23,1.827
ENSG00000229387,28,0,19,22,6,1.826
ENSG00000197763,19,10,15,0,15,1.825
ENSG00000099992,27,0,23,10,3,1.823
ENSG00000146205,5,0,19,0,47,1.823
ENSG00000177613,13,0,17,13,10,1.822
ENSG00000071243,31,0,21,18,4,1.821
ENSG00000111145,13,0,30,3,15,1.821
ENSG00000163281,23,0,17,9,13,1.82
ENSG00000124466,29,0,22,9,13,1.819
ENSG00000164241,14,0,16,5,5,1.818
ENSG00000203817,0,0,0,0,0,1.817
ENSG00000101935,0,0,0,0,0,1.815
ENSG00000197852,26,0,20,21,7,1.814
ENSG00000147124,27,0,25,22,4,1.811
ENSG00000185561,26,0,37,21,5,1.811
ENSG00000221883,34,0,32,25,15,1.81
ENSG00000135740,12,0,0,15,0,1.808
ENSG00000148057,30,0,26,36,0,1.808
ENSG00000169193,19,0,15,11,6,1.808
ENSG00000179988,11,0,17,7,7,1.808
ENSG00000100336,18,10,23,0,7,1.806
ENSG00000125657,15,0,25,6,20,1.805
ENSG00000140386,27,0,20,11,0,1.805
ENSG00000196268,18,7,13,10,8,1.805
ENSG00000073464,17,0,8,15,0,1.801
ENSG00000006377,32,0,30,27,0,1.8
ENSG00000075131,31,0,26,20,10,1.8
ENSG00000151304,27,0,21,20,7,1.8
ENSG00000171840,6,0,11,0,38,1.8
ENSG00000138162,10,10,11,0,0,1.797
ENSG00000178934,0,0,0,0,0,1.797
ENSG00000184716,15,0,11,13,5,1.796
ENSG00000126822,23,0,50,2,26,1.795
ENSG00000196118,35,0,29,14,12,1.795
ENSG00000197291,19,0,25,0,15,1.795
ENSG00000115457,0,0,30,0,55,1.794
ENSG00000197603,19,4,22,10,9,1.794
ENSG00000178096,48,0,40,40,10,1.792
ENSG00000149292,13,0,16,10,10,1.791
ENSG00000164683,27,0,37,9,17,1.791
ENSG00000204860,28,10,33,10,3,1.791
ENSG00000104953,15,0,38,3,49,1.786
ENSG00000141933,25,0,30,17,6,1.785
ENSG00000165591,13,0,25,4,4,1.785
ENSG00000167994,16,0,38,12,46,1.785
ENSG00000168014,38,0,28,27,19,1.784
ENSG00000054967,24,0,27,8,22,1.783
ENSG00000131697,29,0,38,9,3,1.783
ENSG00000245680,20,0,19,15,15,1.783
ENSG00000173276,30,0,29,24,6,1.78
ENSG00000102854,10,0,23,0,26,1.777
ENSG00000132535,37,0,59,25,23,1.775
ENSG00000135119,37,0,26,30,11,1.775
ENSG00000161583,0,0,0,0,0,1.773
ENSG00000183401,29,3,32,10,5,1.773
ENSG00000123200,25,0,20,14,8,1.772
ENSG00000143079,33,0,28,20,8,1.772
ENSG00000229809,28,0,30,18,13,1.772
ENSG00000181873,31,0,36,22,0,1.77
ENSG00000142459,18,0,32,0,3,1.768
ENSG00000139734,28,0,19,17,10,1.766
ENSG00000170946,16,0,15,9,11,1.765
ENSG00000114446,20,0,13,6,3,1.764
ENSG00000248727,29,2,25,37,4,1.763
ENSG00000153446,8,0,16,0,21,1.761
ENSG00000116668,35,0,26,21,15,1.76
ENSG00000117155,27,0,26,10,7,1.759
ENSG00000162650,18,0,21,6,33,1.757
ENSG00000167664,9,0,19,0,18,1.756
ENSG00000205464,34,0,29,20,12,1.756
ENSG00000180263,32,0,27,25,12,1.754
ENSG00000220201,3,0,2,0,0,1.754
ENSG00000051341,23,0,18,14,12,1.753
ENSG00000105865,31,0,19,20,10,1.751
ENSG00000136854,27,0,36,10,21,1.751
ENSG00000204642,0,0,0,0,0,1.751
ENSG00000160404,10,0,15,4,19,1.749
ENSG00000152404,18,0,16,14,5,1.747
ENSG00000104537,4,0,0,5,0,1.746
ENSG00000160781,13,0,12,0,0,1.746
ENSG00000172687,12,0,13,5,3,1.746
ENSG00000213020,17,25,20,17,4,1.746
ENSG00000138678,17,0,22,3,33,1.743
ENSG00000167676,40,0,37,30,0,1.743
ENSG00000165632,32,0,22,17,13,1.742
ENSG00000186615,35,0,28,24,17,1.74
ENSG00000212864,69,0,82,35,6,1.74
ENSG00000150477,31,0,24,20,12,1.738
ENSG00000101000,16,0,15,5,0,1.736
ENSG00000099869,71,0,70,27,48,1.734
ENSG00000125898,13,0,17,5,12,1.733
ENSG00000152192,8,0,22,0,50,1.732
ENSG00000169231,37,0,34,22,14,1.732
ENSG00000166145,11,0,30,0,15,1.731
ENSG00000211584,1,0,5,0,61,1.73
ENSG00000128016,67,0,64,68,16,1.728
ENSG00000178386,14,0,14,8,7,1.727
ENSG00000186314,25,0,25,11,6,1.727
ENSG00000137103,40,0,38,29,5,1.726
ENSG00000134253,19,0,20,0,10,1.724
ENSG00000122035,15,0,18,0,6,1.721
ENSG00000100523,30,0,25,3,9,1.718
ENSG00000130307,5,0,8,0,0,1.718
ENSG00000104808,5,0,12,0,13,1.716
ENSG00000113448,0,0,0,0,0,1.716
ENSG00000172794,0,0,0,0,4,1.716
ENSG00000183741,20,0,24,0,35,1.714
ENSG00000178093,22,0,24,16,9,1.712
ENSG00000124216,32,0,37,5,36,1.708
ENSG00000121350,15,0,14,11,6,1.707
ENSG00000106477,16,0,10,9,6,1.706
ENSG00000130475,18,0,42,3,0,1.706
ENSG00000170004,43,0,50,15,26,1.702
ENSG00000197191,55,0,85,21,4,1.702
ENSG00000165923,19,0,13,12,5,1.701
ENSG00000089356,3,0,39,0,4,1.7
ENSG00000105245,0,0,0,0,0,1.7
ENSG00000239713,15,0,26,7,0,1.7
ENSG00000122970,11,0,12,10,6,1.698
ENSG00000175105,0,0,0,0,0,1.698
ENSG00000168038,23,0,22,17,22,1.696
ENSG00000100478,47,0,33,44,28,1.695
ENSG00000100503,27,0,25,0,24,1.695
ENSG00000169249,18,0,17,17,4,1.695
ENSG00000215126,0,0,0,0,0,1.695
ENSG00000159761,32,0,34,10,4,1.693
ENSG00000241484,19,0,23,11,0,1.693
ENSG00000105613,19,0,62,0,30,1.692
ENSG00000187609,32,0,25,12,6,1.692
ENSG00000203815,0,0,0,0,0,1.692
ENSG00000101868,22,0,14,5,5,1.691
ENSG00000205336,10,0,11,4,35,1.691
ENSG00000104356,34,0,24,18,11,1.687
ENSG00000137871,29,0,24,22,7,1.687
ENSG00000175395,18,0,14,9,7,1.687
ENSG00000170965,0,0,0,0,0,1.686
ENSG00000198590,0,0,0,0,0,1.685
ENSG00000186567,0,0,0,0,0,1.683
ENSG00000185615,0,0,26,0,31,1.681
ENSG00000079335,0,0,5,0,0,1.68
ENSG00000171680,0,0,0,0,0,1.679
ENSG00000181240,0,0,0,0,0,1.678
ENSG00000145414,28,0,20,21,4,1.675
ENSG00000178409,34,0,33,16,3,1.675
ENSG00000147202,25,0,21,6,4,1.671
ENSG00000180376,23,0,20,15,23,1.665
ENSG00000180423,39,0,22,26,16,1.664
ENSG00000103375,0,0,0,0,8,1.663
ENSG00000144815,12,0,16,0,7,1.663
ENSG00000169213,3,0,17,0,45,1.663
ENSG00000177888,39,0,18,16,7,1.663
ENSG00000183814,23,0,25,11,12,1.663
ENSG00000092978,27,0,18,20,11,1.662
ENSG00000178201,0,5,0,0,0,1.662
ENSG00000168672,22,0,25,0,8,1.661
ENSG00000010072,70,0,51,34,24,1.66
ENSG00000132510,88,0,82,87,27,1.659
ENSG00000165113,0,0,0,0,0,1.659
ENSG00000134802,0,0,9,3,9,1.658
ENSG00000174586,21,0,21,15,0,1.658
ENSG00000258744,0,0,0,0,7,1.658
ENSG00000174206,20,0,17,12,7,1.657
ENSG00000179528,77,0,88,56,30,1.657
ENSG00000145246,18,0,13,0,11,1.655
ENSG00000140563,20,0,18,3,14,1.654
ENSG00000136982,23,0,18,8,4,1.652
ENSG00000101670,12,0,29,0,31,1.651
ENSG00000176092,70,0,39,75,0,1.651
ENSG00000141519,35,0,27,24,6,1.647
ENSG00000116039,10,0,23,0,3,1.645
ENSG00000167595,29,0,26,16,5,1.644
ENSG00000203865,51,0,22,42,8,1.643
ENSG00000083635,34,0,34,19,11,1.642
ENSG00000179886,51,0,52,20,10,1.642
ENSG00000176244,24,0,26,6,8,1.64
ENSG00000004660,21,0,30,0,24,1.639
ENSG00000131061,27,15,31,16,7,1.639
ENSG00000182923,38,0,28,28,4,1.637
ENSG00000196459,36,0,17,20,5,1.637
ENSG00000015133,22,0,30,4,0,1.634
ENSG00000196381,16,0,16,13,4,1.634
ENSG00000101470,25,0,20,13,0,1.633
ENSG00000116035,39,0,42,15,58,1.631
ENSG00000131746,8,0,24,0,26,1.631
ENSG00000130921,40,0,30,32,16,1.629
ENSG00000156650,36,0,41,35,7,1.628
ENSG00000165490,35,0,35,28,18,1.627
ENSG00000215187,10,0,8,0,0,1.623
ENSG00000126215,34,0,33,11,5,1.622
ENSG00000141574,46,0,51,33,0,1.622
ENSG00000183657,61,0,37,63,7,1.622
ENSG00000110777,0,0,12,0,40,1.62
ENSG00000163792,10,0,16,0,8,1.62
ENSG00000171649,22,31,15,9,10,1.62
ENSG00000173727,15,0,17,4,4,1.62
ENSG00000126264,27,0,40,11,14,1.618
ENSG00000179455,13,7,17,7,4,1.616
ENSG00000096872,33,0,28,22,12,1.613
ENSG00000167523,42,0,33,19,15,1.613
ENSG00000154309,17,0,15,9,8,1.611
ENSG00000123146,9,0,19,0,17,1.609
ENSG00000151612,34,0,41,7,6,1.606
ENSG00000166704,23,53,24,16,13,1.606
ENSG00000169379,17,0,16,7,0,1.606
ENSG00000182141,18,8,13,12,8,1.605
ENSG00000159917,17,14,11,6,7,1.603
ENSG00000197372,18,0,13,13,4,1.603
ENSG00000091436,26,0,20,12,31,1.601
ENSG00000183828,0,0,20,0,68,1.601
ENSG00000133641,23,0,11,7,6,1.6
ENSG00000153902,36,0,37,21,14,1.6
ENSG00000131233,0,0,0,0,0,1.599
ENSG00000153558,14,7,15,0,0,1.599
ENSG00000184220,25,0,18,15,7,1.595
ENSG00000138778,23,0,17,10,5,1.594
ENSG00000243667,33,0,21,29,14,1.593
ENSG00000161048,18,0,14,12,6,1.592
ENSG00000131484,0,0,0,0,0,1.591
ENSG00000158315,14,0,21,36,4,1.591
ENSG00000163393,0,0,18,0,18,1.591
ENSG00000026103,27,0,22,14,16,1.588
ENSG00000090061,50,0,42,31,17,1.587
ENSG00000169087,32,0,26,23,3,1.587
ENSG00000229729,38,0,26,25,14,1.587
ENSG00000127585,0,0,0,0,71,1.585
ENSG00000135636,3,0,11,0,24,1.585
ENSG00000235109,18,0,13,10,6,1.584
ENSG00000132570,23,0,21,21,0,1.583
ENSG00000139055,0,0,0,0,0,1.583
ENSG00000258920,36,0,32,35,3,1.583
ENSG00000006634,48,0,24,32,6,1.58
ENSG00000137601,23,0,15,12,9,1.579
ENSG00000137764,28,0,27,21,10,1.576
ENSG00000184985,0,0,10,0,71,1.576
ENSG00000105289,12,0,23,12,0,1.575
ENSG00000186017,25,8,19,17,15,1.575
ENSG00000004777,20,0,35,0,0,1.572
ENSG00000117425,12,0,16,0,4,1.572
ENSG00000174516,21,0,25,0,13,1.57
ENSG00000119632,0,0,14,0,23,1.568
ENSG00000204839,23,0,26,0,0,1.568
ENSG00000164010,23,0,19,16,14,1.566
ENSG00000173588,23,0,18,14,6,1.565
ENSG00000124635,20,13,23,26,28,1.564
ENSG00000228672,0,0,0,0,0,1.564
ENSG00000196247,11,0,12,7,3,1.559
ENSG00000156050,22,0,23,19,0,1.558
ENSG00000137393,0,0,0,0,7,1.557
ENSG00000144445,32,0,25,26,10,1.557
ENSG00000145431,36,0,26,18,15,1.557
ENSG00000257028,27,19,30,27,11,1.557
ENSG00000134504,5,0,20,0,40,1.556
ENSG00000145743,47,0,33,30,5,1.555
ENSG00000157429,26,18,17,27,8,1.554
ENSG00000176490,4,0,40,0,51,1.554
ENSG00000181751,18,0,26,0,12,1.553
ENSG00000197927,3,0,0,8,0,1.552
ENSG00000165312,23,0,25,2,4,1.551
ENSG00000221990,32,0,27,17,21,1.551
ENSG00000028310,41,0,37,36,8,1.549
ENSG00000167755,0,0,8,0,23,1.549
ENSG00000250765,0,0,0,0,0,1.549
ENSG00000187187,0,23,0,0,0,1.548
ENSG00000151687,16,8,18,9,5,1.543
ENSG00000187024,4,0,5,0,14,1.543
ENSG00000214597,30,0,37,24,15,1.541
ENSG00000138380,36,0,36,31,21,1.54
ENSG00000133433,0,0,0,0,0,1.535
ENSG00000251503,20,0,22,15,3,1.533
ENSG00000087076,13,0,16,0,0,1.532
ENSG00000161551,0,72,0,0,0,1.531
ENSG00000175279,20,0,22,15,3,1.531
ENSG00000176208,27,0,24,15,9,1.529
ENSG00000105926,26,0,25,0,34,1.527
ENSG00000203814,6,0,2,0,0,1.527
ENSG00000109193,0,0,0,7,0,1.526
ENSG00000141682,12,0,18,5,2,1.526
ENSG00000257591,35,0,25,18,0,1.525
ENSG00000148019,20,0,18,18,5,1.524
ENSG00000154016,0,0,0,0,0,1.523
ENSG00000160051,33,0,34,6,8,1.522
ENSG00000166192,28,0,26,16,14,1.521
ENSG00000014914,19,0,23,9,4,1.518
ENSG00000157368,6,0,5,0,19,1.518
ENSG00000144891,11,0,14,0,29,1.517
ENSG00000169684,14,0,18,0,5,1.517
ENSG00000058866,8,0,23,0,50,1.513
ENSG00000143498,23,5,21,15,14,1.513
ENSG00000108852,9,0,26,0,83,1.512
ENSG00000163449,57,0,43,57,9,1.508
ENSG00000189362,24,26,19,19,8,1.504
ENSG00000228835,57,0,47,53,17,1.503
ENSG00000241186,1,0,0,10,0,1.503
ENSG00000196275,0,0,0,0,0,1.5
ENSG00000160360,0,0,30,0,72,1.497
ENSG00000112874,17,0,12,7,4,1.496
ENSG00000137449,51,0,45,33,13,1.494
ENSG00000188038,0,0,0,9,0,1.494
ENSG00000097096,33,0,25,21,12,1.492
ENSG00000231274,33,0,48,12,15,1.492
ENSG00000124003,25,0,20,19,11,1.49
ENSG00000143554,11,0,19,9,0,1.487
ENSG00000087116,0,0,2,0,73,1.486
ENSG00000205356,32,0,31,25,14,1.485
ENSG00000070444,67,0,73,66,17,1.484
ENSG00000142920,15,0,18,0,0,1.481
ENSG00000167618,0,0,0,0,16,1.479
ENSG00000182866,43,0,41,33,3,1.479
ENSG00000128536,39,0,30,26,16,1.477
ENSG00000147465,14,0,28,0,0,1.477
ENSG00000212670,0,0,0,0,0,1.476
ENSG00000174791,17,0,20,20,0,1.475
ENSG00000187118,25,0,20,19,6,1.475
ENSG00000130544,16,11,16,7,7,1.474
ENSG00000089639,15,0,19,0,4,1.47
ENSG00000111261,21,0,12,9,0,1.469
ENSG00000130363,23,0,22,18,13,1.469
ENSG00000142794,30,0,33,0,20,1.468
ENSG00000258708,16,0,16,9,23,1.468
ENSG00000189283,25,0,26,16,10,1.467
ENSG00000136052,24,0,22,3,4,1.466
ENSG00000149289,27,0,25,12,25,1.464
ENSG00000061938,24,0,50,0,29,1.463
ENSG00000160472,32,0,51,0,6,1.462
ENSG00000176124,61,0,44,55,14,1.46
ENSG00000189144,0,44,0,0,0,1.46
ENSG00000109654,3,0,14,0,35,1.457
ENSG00000052126,31,8,23,8,3,1.456
ENSG00000156509,38,0,33,13,12,1.453
ENSG00000123411,20,0,16,30,5,1.452
ENSG00000196646,34,0,26,12,5,1.452
ENSG00000145990,36,0,37,14,23,1.451
ENSG00000112576,27,0,45,10,8,1.45
ENSG00000159216,0,0,0,3,0,1.45
ENSG00000114853,28,0,38,4,8,1.449
ENSG00000189057,22,0,18,0,3,1.449
ENSG00000100027,10,0,12,0,39,1.448
ENSG00000188878,14,0,15,9,4,1.447
ENSG00000165891,13,0,15,3,5,1.445
ENSG00000131591,12,12,24,0,37,1.444
ENSG00000156787,32,0,30,21,5,1.444
ENSG00000129007,6,0,9,13,0,1.443
ENSG00000170776,32,0,23,20,21,1.443
ENSG00000104643,22,29,23,13,23,1.44
ENSG00000134184,0,0,0,0,0,1.439
ENSG00000184343,0,0,9,0,0,1.439
ENSG00000197013,0,80,0,0,0,1.439
ENSG00000114166,34,0,28,3,18,1.438
ENSG00000167034,18,0,22,3,0,1.437
ENSG00000196859,0,8,0,0,0,1.437
ENSG00000256671,0,0,0,0,0,1.437
ENSG00000152422,31,0,18,22,14,1.429
ENSG00000245317,24,0,24,13,4,1.428
ENSG00000181135,29,0,32,15,7,1.427
ENSG00000083535,36,0,25,18,9,1.426
ENSG00000170379,0,0,0,0,0,1.426
ENSG00000249853,39,0,30,21,12,1.426
ENSG00000104290,36,0,32,10,34,1.425
ENSG00000120334,27,0,25,22,15,1.425
ENSG00000165240,23,0,16,7,2,1.424
ENSG00000160117,5,0,8,0,0,1.421
ENSG00000185621,31,0,14,18,7,1.421
ENSG00000132274,9,0,6,6,0,1.42
ENSG00000156463,23,0,25,7,0,1.419
ENSG00000161243,8,0,23,6,11,1.419
ENSG00000186174,74,0,86,58,15,1.419
ENSG00000247121,46,0,31,30,7,1.417
ENSG00000102003,8,0,22,0,0,1.413
ENSG00000125347,32,0,35,21,3,1.413
ENSG00000125731,13,0,25,0,5,1.413
ENSG00000116774,9,0,23,7,5,1.411
ENSG00000143942,18,0,15,12,13,1.411
ENSG00000100599,24,0,25,13,6,1.409
ENSG00000069399,38,0,43,28,5,1.408
ENSG00000129654,19,0,30,11,33,1.408
ENSG00000196357,0,10,0,0,0,1.408
ENSG00000147813,0,0,0,0,0,1.407
ENSG00000162482,0,0,0,0,0,1.407
ENSG00000135899,0,7,10,0,13,1.402
ENSG00000179636,20,0,25,13,8,1.401
ENSG00000196604,8,0,15,0,6,1.4
ENSG00000102547,51,0,32,42,9,1.399
ENSG00000105497,10,0,11,0,6,1.399
ENSG00000176402,10,0,15,0,15,1.399
ENSG00000124657,0,0,0,0,0,1.398
ENSG00000125534,16,0,25,0,59,1.398
ENSG00000175548,18,0,10,7,3,1.397
ENSG00000008441,18,0,25,0,0,1.396
ENSG00000105370,28,0,28,10,0,1.396
ENSG00000143156,25,0,20,14,16,1.393
ENSG00000147889,0,0,24,0,25,1.393
ENSG00000185347,75,0,86,30,15,1.393
ENSG00000076356,15,0,35,0,30,1.392
ENSG00000143127,0,0,3,4,0,1.392
ENSG00000146426,0,0,0,0,0,1.39
ENSG00000218537,28,0,31,27,7,1.39
ENSG00000056558,13,0,17,0,17,1.389
ENSG00000170647,0,0,0,0,0,1.388
ENSG00000205664,0,0,0,0,0,1.387
ENSG00000198393,0,0,0,0,0,1.385
ENSG00000064547,0,0,0,0,0,1.382
ENSG00000105948,20,0,15,3,9,1.382
ENSG00000118557,0,0,0,0,0,1.381
ENSG00000232040,0,0,0,0,0,1.381
ENSG00000173662,29,0,30,21,9,1.38
ENSG00000147883,13,0,15,0,11,1.377
ENSG00000176681,0,0,0,0,0,1.376
ENSG00000001460,37,0,41,14,4,1.375
ENSG00000144451,28,0,19,13,11,1.373
ENSG00000198521,8,71,14,9,0,1.373
ENSG00000169548,9,0,16,0,0,1.372
ENSG00000241635,0,0,0,0,3,1.372
ENSG00000116014,35,0,36,14,5,1.37
ENSG00000150782,0,0,0,0,0,1.367
ENSG00000118507,23,0,18,16,5,1.366
ENSG00000118420,44,0,31,19,6,1.365
ENSG00000148219,0,0,9,0,34,1.364
ENSG00000139410,14,0,21,0,0,1.363
ENSG00000102032,5,0,9,20,0,1.361
ENSG00000165028,10,0,17,7,7,1.36
ENSG00000240891,35,0,22,14,19,1.358
ENSG00000162542,17,0,18,5,30,1.357
ENSG00000132003,28,0,36,12,7,1.356
ENSG00000119699,19,0,41,0,20,1.354
ENSG00000132010,25,0,22,17,12,1.353
ENSG00000139718,86,0,82,75,10,1.353
ENSG00000178700,27,11,23,23,14,1.353
ENSG00000176076,0,0,0,0,0,1.352
ENSG00000117533,27,0,22,13,12,1.349
ENSG00000164219,20,0,14,15,8,1.348
ENSG00000021461,29,0,0,39,0,1.347
ENSG00000105516,51,0,51,29,7,1.347
ENSG00000166845,24,0,19,6,11,1.346
ENSG00000104524,29,0,28,15,7,1.345
ENSG00000136167,0,0,8,0,32,1.34
ENSG00000206082,0,0,0,0,0,1.34
ENSG00000101115,20,0,26,8,46,1.339
ENSG00000145779,19,0,20,15,11,1.338
ENSG00000155729,0,16,0,0,43,1.337
ENSG00000185875,23,0,19,21,0,1.336
ENSG00000197020,17,0,14,9,6,1.336
ENSG00000213793,24,0,20,11,7,1.335
ENSG00000176749,24,0,27,0,0,1.333
ENSG00000137502,44,0,36,26,9,1.331
ENSG00000132825,22,0,26,17,13,1.329
ENSG00000253304,28,0,32,5,12,1.329
ENSG00000198707,22,0,19,12,8,1.328
ENSG00000118620,16,0,16,6,7,1.327
ENSG00000137441,0,0,0,0,0,1.327
ENSG00000254221,5,17,8,0,3,1.327
ENSG00000069020,0,0,20,0,44,1.326
ENSG00000198929,34,5,27,18,13,1.326
ENSG00000146707,15,0,13,13,0,1.324
ENSG00000198720,43,0,73,9,17,1.321
ENSG00000243251,19,0,22,6,34,1.32
ENSG00000133619,18,23,26,0,3,1.319
ENSG00000167371,68,0,80,36,17,1.319
ENSG00000176714,23,0,20,18,19,1.315
ENSG00000196132,0,7,4,0,66,1.315
ENSG00000166173,17,0,19,0,14,1.314
ENSG00000133475,0,0,0,0,0,1.313
ENSG00000183665,0,0,12,0,0,1.313
ENSG00000152056,22,0,24,0,9,1.312
ENSG00000154914,13,0,22,6,13,1.312
ENSG00000166780,0,0,19,0,27,1.312
ENSG00000178104,0,0,11,0,49,1.312
ENSG00000197471,13,0,36,0,3,1.312
ENSG00000127364,0,8,0,0,0,1.31
ENSG00000179240,39,0,31,24,12,1.31
ENSG00000101335,14,0,22,0,0,1.306
ENSG00000187773,0,0,7,0,62,1.305
ENSG00000184083,37,0,22,13,0,1.302
ENSG00000038427,4,0,38,19,37,1.301
ENSG00000178809,0,0,2,0,0,1.301
ENSG00000196498,21,0,40,9,28,1.3
ENSG00000206150,10,0,7,0,8,1.297
ENSG00000157343,24,0,21,33,4,1.296
ENSG00000173156,28,0,38,10,24,1.295
ENSG00000134146,20,0,17,16,0,1.293
ENSG00000133794,19,0,28,0,39,1.292
ENSG00000165512,19,0,8,26,0,1.291
ENSG00000162419,23,0,23,18,12,1.29
ENSG00000106100,20,0,27,3,28,1.288
ENSG00000174501,17,0,20,11,7,1.288
ENSG00000155428,0,0,0,0,0,1.285
ENSG00000257704,26,0,33,16,0,1.284
ENSG00000092853,18,0,20,5,4,1.283
ENSG00000110171,25,0,20,3,4,1.281
ENSG00000112320,64,0,50,51,19,1.281
ENSG00000171428,6,0,0,0,0,1.281
ENSG00000239332,0,0,0,0,23,1.281
ENSG00000102543,21,0,19,17,15,1.279
ENSG00000104497,18,0,22,14,35,1.278
ENSG00000243135,0,0,0,0,39,1.278
ENSG00000067057,0,0,9,0,7,1.276
ENSG00000136059,3,0,18,0,29,1.276
ENSG00000116678,39,0,33,26,6,1.275
ENSG00000155792,15,0,14,3,10,1.271
ENSG00000233280,30,0,25,15,23,1.271
ENSG00000140464,49,0,48,13,24,1.269
ENSG00000114805,49,0,29,34,14,1.264
ENSG00000196826,40,0,40,27,14,1.264
ENSG00000073150,17,0,30,0,13,1.263
ENSG00000259642,27,19,30,27,12,1.263
ENSG00000107890,22,0,23,14,5,1.262
ENSG00000127324,57,11,34,46,20,1.262
ENSG00000083812,23,0,25,4,0,1.261
ENSG00000089091,30,0,22,15,16,1.261
ENSG00000127955,24,0,23,0,8,1.261
ENSG00000160062,12,0,14,0,22,1.261
ENSG00000174099,6,0,18,0,7,1.258
ENSG00000135205,19,0,12,13,0,1.257
ENSG00000159882,21,0,24,12,11,1.257
ENSG00000013297,16,0,20,0,8,1.256
ENSG00000123243,17,0,25,0,45,1.256
ENSG00000175087,33,0,25,19,7,1.253
ENSG00000196167,14,0,11,17,0,1.253
ENSG00000212719,0,0,0,0,4,1.252
ENSG00000204314,0,0,0,0,0,1.251
ENSG00000108813,10,0,42,0,96,1.25
ENSG00000186280,21,0,15,12,12,1.249
ENSG00000256223,21,67,24,20,9,1.248
ENSG00000187260,21,0,31,15,51,1.246
ENSG00000099998,11,0,48,0,4,1.245
ENSG00000101353,38,0,39,36,25,1.245
ENSG00000163453,0,0,15,0,28,1.243
ENSG00000188277,8,0,12,6,0,1.24
ENSG00000128284,0,0,0,0,16,1.237
ENSG00000253910,3,62,6,0,0,1.235
ENSG00000171827,40,18,31,28,18,1.234
ENSG00000122870,41,0,26,20,16,1.232
ENSG00000149968,0,0,0,0,0,1.23
ENSG00000197779,22,0,12,8,0,1.23
ENSG00000169570,21,0,14,8,3,1.228
ENSG00000185305,27,0,29,0,18,1.226
ENSG00000158234,20,0,16,14,6,1.225
ENSG00000174276,48,0,42,40,21,1.225
ENSG00000133665,0,0,0,0,3,1.224
ENSG00000170264,26,0,29,15,15,1.223
ENSG00000146243,21,0,15,12,4,1.222
ENSG00000203811,22,0,6,11,4,1.222
ENSG00000135709,17,0,19,4,34,1.22
ENSG00000154642,24,0,18,12,18,1.218
ENSG00000173926,21,0,31,7,4,1.218
ENSG00000232938,0,0,0,0,0,1.217
ENSG00000146263,21,0,17,12,10,1.216
ENSG00000184154,33,0,26,27,10,1.215
ENSG00000111554,21,0,13,0,5,1.214
ENSG00000215595,0,0,0,0,49,1.214
ENSG00000105339,0,0,16,0,80,1.213
ENSG00000174951,16,0,5,10,0,1.213
ENSG00000155016,21,0,19,0,4,1.212
ENSG00000197181,0,0,0,0,7,1.212
ENSG00000149548,22,0,16,18,8,1.211
ENSG00000175898,3,0,0,0,0,1.209
ENSG00000160999,21,0,31,5,20,1.208
ENSG00000169583,33,0,46,3,0,1.207
ENSG00000148225,20,0,21,8,11,1.205
ENSG00000182359,38,0,21,25,15,1.205
ENSG00000115267,20,0,18,15,15,1.204
ENSG00000025423,14,0,16,15,8,1.198
ENSG00000166592,12,0,13,0,28,1.198
ENSG00000121318,0,0,0,0,0,1.197
ENSG00000244067,0,11,0,0,0,1.194
ENSG00000122711,0,0,3,0,33,1.192
ENSG00000255121,25,0,23,24,15,1.192
ENSG00000121270,37,0,24,27,11,1.19
ENSG00000213888,62,0,63,52,12,1.19
ENSG00000131398,43,0,43,17,0,1.189
ENSG00000005981,13,0,9,14,0,1.188
ENSG00000159224,26,0,26,24,0,1.186
ENSG00000125144,5,0,20,0,58,1.185
ENSG00000182909,32,0,33,33,0,1.185
ENSG00000198374,33,0,28,17,39,1.185
ENSG00000213689,9,0,0,17,0,1.185
ENSG00000140488,0,0,0,0,0,1.182
ENSG00000159082,29,0,24,20,15,1.182
ENSG00000105270,0,0,0,0,0,1.181
ENSG00000154529,0,0,0,0,4,1.181
ENSG00000243156,7,0,18,0,20,1.181
ENSG00000128274,8,0,18,0,72,1.179
ENSG00000134864,20,0,9,0,0,1.179
ENSG00000258724,23,0,19,9,9,1.179
ENSG00000172345,23,0,18,8,4,1.178
ENSG00000055955,12,0,54,0,0,1.177
ENSG00000176654,38,0,26,38,4,1.176
ENSG00000181007,19,30,17,12,0,1.176
ENSG00000213402,9,0,8,2,0,1.176
ENSG00000175538,0,0,0,0,3,1.175
ENSG00000127311,12,0,18,6,7,1.173
ENSG00000142303,18,0,22,4,8,1.17
ENSG00000150967,75,0,61,50,8,1.17
ENSG00000203852,22,0,8,18,3,1.168
ENSG00000204311,28,0,24,24,6,1.164
ENSG00000163093,21,0,16,0,8,1.163
ENSG00000240224,0,0,0,0,18,1.162
ENSG00000205129,21,0,21,17,12,1.161
ENSG00000174891,14,0,50,11,67,1.16
ENSG00000175463,38,0,47,18,7,1.16
ENSG00000186638,29,0,26,26,5,1.156
ENSG00000148795,0,17,0,0,0,1.152
ENSG00000136425,9,0,16,0,12,1.149
ENSG00000212643,0,0,0,0,0,1.149
ENSG00000143178,0,0,0,0,0,1.147
ENSG00000160991,16,0,31,0,0,1.147
ENSG00000251569,21,0,16,0,8,1.147
ENSG00000172671,19,0,17,14,4,1.146
ENSG00000174529,0,0,0,0,0,1.146
ENSG00000213185,18,0,18,3,10,1.146
ENSG00000244411,7,0,20,13,0,1.146
ENSG00000106483,0,0,0,0,0,1.145
ENSG00000197813,3,0,3,0,0,1.145
ENSG00000241119,0,0,0,0,0,1.145
ENSG00000162755,11,0,15,0,15,1.144
ENSG00000203721,24,0,0,55,0,1.144
ENSG00000054219,0,0,5,0,3,1.143
ENSG00000253731,0,68,0,0,0,1.143
ENSG00000158859,63,0,60,36,7,1.142
ENSG00000178199,16,0,15,15,0,1.142
ENSG00000165338,26,0,23,16,20,1.141
ENSG00000197859,9,0,27,0,44,1.141
ENSG00000162998,11,0,18,4,20,1.138
ENSG00000167562,0,97,0,0,0,1.138
ENSG00000186197,0,0,0,0,4,1.138
ENSG00000243709,0,0,5,0,16,1.138
ENSG00000142959,43,0,45,12,23,1.137
ENSG00000168502,7,0,40,0,37,1.137
ENSG00000135502,3,0,28,0,48,1.135
ENSG00000156384,24,0,20,22,12,1.135
ENSG00000185880,39,0,24,30,6,1.135
ENSG00000120899,34,0,30,15,5,1.134
ENSG00000182389,0,0,23,0,80,1.134
ENSG00000142149,22,0,35,0,20,1.133
ENSG00000185324,0,39,0,0,0,1.132
ENSG00000242366,0,2,0,0,75,1.132
ENSG00000176845,4,0,34,0,84,1.131
ENSG00000255302,3,0,8,0,13,1.131
ENSG00000118276,22,0,23,3,7,1.129
ENSG00000134138,59,0,60,40,13,1.128
ENSG00000183150,16,0,14,10,0,1.128
ENSG00000101210,0,0,25,0,88,1.127
ENSG00000197299,26,0,16,14,9,1.125
ENSG00000019485,0,0,0,0,24,1.124
ENSG00000188807,26,0,32,14,0,1.124
ENSG00000185664,32,0,22,26,12,1.119
ENSG00000127081,15,0,11,12,8,1.118
ENSG00000244474,0,0,0,0,28,1.117
ENSG00000151338,18,0,15,12,7,1.116
ENSG00000160284,16,0,28,4,9,1.116
ENSG00000175911,0,0,16,0,59,1.116
ENSG00000188641,19,0,15,9,7,1.116
ENSG00000246922,0,0,0,0,0,1.115
ENSG00000204531,0,0,0,0,0,1.113
ENSG00000114541,0,0,0,0,30,1.112
ENSG00000140043,29,0,28,23,4,1.112
ENSG00000185666,32,0,33,22,6,1.112
ENSG00000214725,36,0,37,18,8,1.112
ENSG00000242852,0,5,0,0,0,1.112
ENSG00000164296,37,0,28,34,12,1.111
ENSG00000167487,12,0,29,6,11,1.111
ENSG00000175591,13,0,23,0,33,1.111
ENSG00000167065,10,0,18,0,22,1.109
ENSG00000119703,39,0,27,28,17,1.108
ENSG00000172771,29,0,29,0,3,1.108
ENSG00000217075,0,0,0,0,0,1.107
ENSG00000048342,0,0,3,0,14,1.103
ENSG00000139926,0,0,0,0,11,1.102
ENSG00000255798,0,0,0,0,0,1.102
ENSG00000008283,6,0,17,0,42,1.101
ENSG00000122194,0,0,0,8,0,1.101
ENSG00000175567,32,0,26,27,0,1.101
ENSG00000240038,0,0,0,0,0,1.101
ENSG00000116741,12,0,14,0,4,1.1
ENSG00000135778,22,0,18,15,15,1.099
ENSG00000078401,4,0,13,0,40,1.098
ENSG00000165895,16,0,14,0,3,1.097
ENSG00000152457,33,0,27,20,9,1.094
ENSG00000178694,28,11,22,22,14,1.092
ENSG00000259511,0,0,7,0,0,1.092
ENSG00000256628,38,0,29,19,0,1.091
ENSG00000151640,0,0,20,0,33,1.09
ENSG00000015153,26,0,21,25,8,1.088
ENSG00000182010,27,0,16,12,10,1.088
ENSG00000197461,17,0,53,0,58,1.088
ENSG00000059377,37,0,38,36,7,1.085
ENSG00000111671,18,0,11,29,0,1.084
ENSG00000128891,37,0,35,22,6,1.083
ENSG00000188474,15,7,17,7,0,1.081
ENSG00000087245,0,0,0,0,10,1.08
ENSG00000185697,27,0,24,6,10,1.08
ENSG00000183396,33,12,14,74,0,1.076
ENSG00000124406,22,0,23,7,12,1.074
ENSG00000161298,22,0,20,15,12,1.074
ENSG00000196081,18,0,14,7,0,1.074
ENSG00000180938,22,29,17,20,11,1.073
ENSG00000145723,38,0,25,27,16,1.071
ENSG00000162444,5,6,16,0,13,1.071
ENSG00000165376,9,0,0,26,0,1.071
ENSG00000197535,6,0,21,0,40,1.071
ENSG00000149269,21,0,18,0,28,1.07
ENSG00000054654,25,0,23,3,7,1.069
ENSG00000106003,2,0,29,0,75,1.069
ENSG00000102053,0,0,0,0,0,1.067
ENSG00000251537,0,0,0,0,0,1.067
ENSG00000187792,20,0,20,11,4,1.064
ENSG00000119913,3,0,0,33,0,1.062
ENSG00000176125,29,0,36,14,15,1.061
ENSG00000172602,19,0,20,11,4,1.06
ENSG00000182518,18,5,15,13,0,1.058
ENSG00000149177,11,0,26,0,19,1.057
ENSG00000256453,0,0,0,0,0,1.057
ENSG00000197647,21,0,19,12,6,1.056
ENSG00000212123,0,0,0,0,0,1.055
ENSG00000096968,28,0,27,19,0,1.052
ENSG00000164951,0,0,0,0,0,1.051
ENSG00000163009,0,0,0,0,0,1.049
ENSG00000169429,0,0,0,0,0,1.048
ENSG00000185340,24,0,37,3,6,1.047
ENSG00000197557,18,0,16,17,11,1.046
ENSG00000198203,7,0,13,10,4,1.046
ENSG00000183647,15,0,14,0,0,1.045
ENSG00000188508,9,0,7,0,0,1.044
ENSG00000223547,9,0,26,5,0,1.043
ENSG00000127720,30,0,28,16,13,1.042
ENSG00000118004,9,0,8,0,0,1.041
ENSG00000176473,26,0,29,19,4,1.039
ENSG00000162999,15,0,15,7,34,1.038
ENSG00000186446,15,58,15,5,6,1.038
ENSG00000155034,30,0,27,22,17,1.035
ENSG00000182185,42,0,37,28,21,1.034
ENSG00000214578,4,0,14,0,0,1.033
ENSG00000074590,22,0,34,4,12,1.032
ENSG00000173991,16,0,33,0,28,1.032
ENSG00000109063,0,0,0,0,0,1.03
ENSG00000168679,3,0,0,0,0,1.03
ENSG00000225996,40,0,49,10,5,1.03
ENSG00000100300,8,0,24,0,51,1.029
ENSG00000214646,38,0,36,39,3,1.029
ENSG00000067191,45,0,55,21,15,1.028
ENSG00000176273,14,0,16,0,3,1.028
ENSG00000198832,16,0,16,0,38,1.028
ENSG00000171488,10,0,21,0,43,1.027
ENSG00000185633,30,0,66,0,61,1.027
ENSG00000105376,37,0,61,10,14,1.025
ENSG00000213988,13,75,13,3,4,1.025
ENSG00000130876,0,20,14,0,24,1.024
ENSG00000121289,18,0,19,11,10,1.023
ENSG00000196437,41,34,31,27,18,1.022
ENSG00000243811,16,0,26,12,9,1.022
ENSG00000145384,0,0,0,0,0,1.02
ENSG00000173681,0,0,0,0,0,1.018
ENSG00000186448,22,0,13,6,9,1.018
ENSG00000171124,4,0,0,0,0,1.017
ENSG00000173702,0,0,0,0,0,1.017
ENSG00000204956,15,10,16,0,29,1.016
ENSG00000149260,18,8,26,0,58,1.015
ENSG00000139880,20,0,25,0,8,1.013
ENSG00000105048,0,10,15,0,15,1.012
ENSG00000112599,0,0,0,10,0,1.012
ENSG00000145736,0,0,0,0,0,1.011
ENSG00000253485,4,54,5,0,0,1.011
ENSG00000092470,28,0,25,18,8,1.01
ENSG00000196787,20,13,23,26,27,1.01
ENSG00000197808,19,43,19,11,5,1.009
ENSG00000100228,27,0,24,29,0,1.004
ENSG00000139278,9,0,6,0,4,1.004
ENSG00000129810,33,0,18,19,14,1.003
ENSG00000160050,23,0,24,0,0,1.003
ENSG00000237172,12,0,31,0,5,1.003
ENSG00000005961,18,0,19,0,23,1.002
ENSG00000099365,0,0,9,0,60,1.002
ENSG00000065357,61,0,54,36,9,1.001
ENSG00000177721,40,0,44,22,20,1.0
ENSG00000183615,37,0,46,22,3,1.0
ENSG00000140022,12,0,18,0,16,0.999
ENSG00000116990,22,0,37,0,56,0.998
ENSG00000213638,58,0,53,30,0,0.996
ENSG00000128604,17,0,54,0,48,0.995
ENSG00000135643,19,0,26,0,20,0.994
ENSG00000213047,23,0,19,13,9,0.994
ENSG00000114737,16,0,30,3,10,0.993
ENSG00000101846,6,0,0,5,0,0.992
ENSG00000196796,0,0,0,0,0,0.992
ENSG00000184012,0,0,0,0,0,0.989
ENSG00000213221,21,0,10,0,0,0.989
ENSG00000114923,6,0,32,0,91,0.984
ENSG00000141448,15,0,34,10,43,0.984
ENSG00000181649,10,0,31,0,16,0.981
ENSG00000079691,16,0,21,0,21,0.979
ENSG00000101342,24,0,32,8,5,0.979
ENSG00000165914,11,0,16,0,32,0.978
ENSG00000170917,30,0,26,17,17,0.977
ENSG00000175183,17,0,22,0,20,0.977
ENSG00000141905,28,0,40,0,7,0.976
ENSG00000136895,23,0,26,4,14,0.974
ENSG00000062370,0,24,0,0,2,0.973
ENSG00000121903,16,0,12,5,10,0.972
ENSG00000183569,10,13,19,0,0,0.972
ENSG00000242515,0,0,0,0,16,0.97
ENSG00000160181,0,0,5,0,19,0.968
ENSG00000196588,36,0,31,27,14,0.967
ENSG00000256436,0,0,0,0,0,0.967
ENSG00000137494,34,0,24,28,24,0.964
ENSG00000164879,0,0,0,0,0,0.964
ENSG00000173567,44,0,38,44,21,0.964
ENSG00000182963,12,0,19,0,33,0.964
ENSG00000188827,38,0,29,30,15,0.964
ENSG00000078487,45,0,48,39,5,0.963
ENSG00000106991,18,1,23,0,8,0.962
ENSG00000160593,0,0,0,0,0,0.962
ENSG00000172738,29,0,20,14,11,0.961
ENSG00000130653,22,9,33,13,5,0.959
ENSG00000196666,14,0,16,0,0,0.959
ENSG00000204923,23,0,21,14,5,0.959
ENSG00000171681,0,0,7,0,0,0.958
ENSG00000107738,5,0,12,0,62,0.957
ENSG00000180611,21,0,24,3,34,0.957
ENSG00000180644,0,0,0,0,0,0.957
ENSG00000091482,0,0,0,0,0,0.954
ENSG00000105290,0,0,20,0,0,0.953
ENSG00000167604,27,0,39,12,12,0.952
ENSG00000182253,4,0,8,0,63,0.951
ENSG00000111817,38,0,23,30,7,0.95
ENSG00000101605,3,0,0,15,0,0.949
ENSG00000173918,38,0,44,22,4,0.944
ENSG00000164953,19,0,13,17,9,0.942
ENSG00000135482,46,0,39,49,16,0.941
ENSG00000255561,23,0,20,21,13,0.939
ENSG00000091157,21,0,19,11,6,0.938
ENSG00000130768,9,0,13,0,5,0.938
ENSG00000162086,0,0,0,0,0,0.938
ENSG00000211451,33,0,27,16,20,0.935
ENSG00000158008,14,0,38,0,34,0.934
ENSG00000167384,20,39,24,9,10,0.934
ENSG00000197472,19,21,21,12,0,0.933
ENSG00000177432,9,0,13,0,0,0.932
ENSG00000181016,0,0,0,0,0,0.932
ENSG00000256294,20,0,17,6,13,0.932
ENSG00000166922,0,0,0,0,0,0.931
ENSG00000171877,0,0,19,0,26,0.931
ENSG00000187726,31,0,32,32,17,0.93
ENSG00000101695,19,0,25,19,17,0.929
ENSG00000133302,29,0,18,17,14,0.929
ENSG00000131055,10,0,18,0,31,0.928
ENSG00000203326,11,0,16,5,5,0.928
ENSG00000204514,0,0,0,0,0,0.927
ENSG00000154548,14,0,16,0,4,0.926
ENSG00000106829,17,0,36,5,31,0.924
ENSG00000164344,0,19,0,0,0,0.923
ENSG00000157734,34,0,31,9,0,0.922
ENSG00000171219,24,0,43,13,4,0.922
ENSG00000198944,18,0,12,28,0,0.922
ENSG00000072071,7,0,30,4,19,0.92
ENSG00000162366,43,0,32,34,5,0.917
ENSG00000116675,0,0,0,0,0,0.916
ENSG00000008277,9,0,18,0,12,0.915
ENSG00000140025,49,0,34,28,16,0.915
ENSG00000205309,12,0,20,0,4,0.914
ENSG00000223474,43,0,35,37,18,0.914
ENSG00000050327,0,0,0,0,0,0.913
ENSG00000156515,0,0,0,0,0,0.912
ENSG00000187790,52,0,42,30,15,0.912
ENSG00000251192,27,0,18,29,8,0.912
ENSG00000184307,3,0,16,0,23,0.911
ENSG00000143369,0,0,0,4,0,0.909
ENSG00000204390,0,0,0,0,0,0.909
ENSG00000181450,16,16,16,10,3,0.907
ENSG00000188343,30,0,27,7,0,0.907
ENSG00000013588,6,0,15,0,71,0.906
ENSG00000145375,29,0,26,16,17,0.906
ENSG00000090020,0,0,0,0,3,0.904
ENSG00000110881,0,0,20,0,42,0.904
ENSG00000177692,15,0,16,10,8,0.904
ENSG00000157601,19,0,15,3,7,0.902
ENSG00000168453,4,0,35,0,48,0.9
ENSG00000122778,19,0,26,0,34,0.897
ENSG00000121895,4,0,0,11,0,0.895
ENSG00000183137,39,0,32,20,10,0.895
ENSG00000205978,15,0,27,0,67,0.895
ENSG00000130940,0,0,36,0,43,0.894
ENSG00000087903,29,0,18,42,6,0.892
ENSG00000100053,0,0,0,0,0,0.892
ENSG00000128655,10,0,12,10,8,0.891
ENSG00000133488,8,0,4,18,0,0.891
ENSG00000168124,10,10,12,8,6,0.889
ENSG00000205821,0,0,0,0,0,0.889
ENSG00000113966,22,0,15,11,13,0.888
ENSG00000187210,12,0,0,23,0,0.887
ENSG00000126778,12,0,19,4,26,0.886
ENSG00000163694,0,0,8,0,33,0.883
ENSG00000184304,0,59,0,0,0,0.883
ENSG00000042317,18,0,15,9,16,0.882
ENSG00000005421,30,0,25,17,9,0.879
ENSG00000139044,10,0,22,0,35,0.879
ENSG00000142632,4,0,15,0,47,0.879
ENSG00000175305,34,0,32,14,3,0.876
ENSG00000257108,52,0,70,6,31,0.875
ENSG00000125388,37,0,35,13,9,0.874
ENSG00000185745,16,0,8,6,0,0.874
ENSG00000116151,45,0,38,29,5,0.873
ENSG00000010310,19,0,37,0,19,0.872
ENSG00000125434,24,0,24,9,0,0.872
ENSG00000108417,0,0,0,0,0,0.869
ENSG00000139899,43,0,52,15,9,0.869
ENSG00000198298,10,8,12,0,6,0.869
ENSG00000137868,9,0,25,3,18,0.868
ENSG00000183208,34,0,24,19,0,0.868
ENSG00000197816,26,2,18,18,9,0.868
ENSG00000109680,0,0,0,0,3,0.866
ENSG00000053108,0,0,8,0,43,0.863
ENSG00000104375,40,0,49,8,70,0.861
ENSG00000163472,34,0,27,26,14,0.861
ENSG00000213953,3,0,0,0,0,0.861
ENSG00000107864,30,0,25,19,17,0.86
ENSG00000120262,27,0,29,25,17,0.858
ENSG00000130701,0,0,0,0,80,0.857
ENSG00000176222,13,77,13,0,0,0.857
ENSG00000187775,0,0,0,0,0,0.857
ENSG00000206159,0,0,15,0,0,0.857
ENSG00000105227,16,0,18,2,21,0.855
ENSG00000169239,0,0,0,0,0,0.855
ENSG00000174788,44,0,44,28,17,0.855
ENSG00000171433,7,0,9,0,0,0.854
ENSG00000214999,8,0,17,0,46,0.854
ENSG00000254087,11,0,17,0,17,0.853
ENSG00000149418,11,0,11,8,4,0.851
ENSG00000099625,48,0,59,17,13,0.85
ENSG00000175329,25,0,25,23,8,0.85
ENSG00000180834,0,0,0,0,0,0.85
ENSG00000237440,15,53,12,14,4,0.85
ENSG00000064199,22,0,18,22,7,0.848
ENSG00000224975,0,0,0,12,0,0.848
ENSG00000161133,16,0,23,0,22,0.847
ENSG00000172379,3,0,20,0,40,0.847
ENSG00000103647,0,0,15,0,61,0.846
ENSG00000173825,25,0,35,12,0,0.845
ENSG00000186642,0,0,0,0,43,0.845
ENSG00000151470,30,0,20,14,5,0.844
ENSG00000183114,21,0,32,14,0,0.844
ENSG00000124224,18,0,22,13,8,0.843
ENSG00000204186,18,0,16,0,52,0.843
ENSG00000189410,18,0,42,4,23,0.842
ENSG00000162757,7,10,11,4,3,0.84
ENSG00000128656,0,0,16,0,46,0.839
ENSG00000184206,0,0,0,0,0,0.839
ENSG00000188032,46,0,56,27,7,0.836
ENSG00000074660,31,0,39,14,15,0.835
ENSG00000118922,31,0,41,8,21,0.835
ENSG00000188763,12,0,37,0,4,0.835
ENSG00000214309,34,0,44,39,7,0.835
ENSG00000187144,25,0,23,13,11,0.834
ENSG00000198331,11,0,13,8,9,0.834
ENSG00000197050,0,90,0,0,0,0.833
ENSG00000149043,6,0,28,5,0,0.831
ENSG00000105427,5,0,11,0,49,0.83
ENSG00000118971,0,0,28,0,62,0.829
ENSG00000144792,0,0,0,0,0,0.829
ENSG00000197283,0,0,0,0,0,0.829
ENSG00000125409,0,0,0,0,24,0.828
ENSG00000172167,29,0,22,16,12,0.827
ENSG00000179630,22,0,19,9,4,0.827
ENSG00000124613,9,0,12,0,11,0.826
ENSG00000119636,37,0,26,64,5,0.825
ENSG00000167637,13,5,13,0,4,0.824
ENSG00000198444,0,0,0,0,0,0.824
ENSG00000196776,5,0,17,0,10,0.821
ENSG00000139117,23,0,26,10,16,0.82
ENSG00000177873,17,0,18,6,12,0.82
ENSG00000198945,0,0,4,0,23,0.82
ENSG00000137819,0,0,16,0,61,0.819
ENSG00000140368,0,0,3,0,52,0.819
ENSG00000184208,30,0,28,25,7,0.819
ENSG00000187372,0,0,0,0,0,0.818
ENSG00000187867,21,0,20,25,0,0.817
ENSG00000144152,18,0,23,6,9,0.816
ENSG00000106006,24,0,53,7,42,0.815
ENSG00000174564,0,0,0,0,0,0.815
ENSG00000100461,4,0,0,0,0,0.813
ENSG00000166313,7,0,14,0,43,0.813
ENSG00000253537,0,6,4,0,0,0.813
ENSG00000104903,11,0,13,4,0,0.812
ENSG00000206530,9,0,7,8,0,0.809
ENSG00000113356,27,0,23,20,6,0.808
ENSG00000103034,0,0,21,0,70,0.807
ENSG00000163545,36,0,48,19,16,0.806
ENSG00000173041,10,0,17,26,9,0.806
ENSG00000187959,23,0,20,20,7,0.806
ENSG00000204701,0,0,0,0,0,0.806
ENSG00000124334,0,0,0,0,0,0.805
ENSG00000172927,20,0,20,12,3,0.805
ENSG00000119661,19,0,13,9,5,0.804
ENSG00000081853,0,29,0,0,0,0.803
ENSG00000131650,19,0,39,0,20,0.803
ENSG00000034053,0,0,24,0,29,0.802
ENSG00000146776,39,0,30,25,17,0.802
ENSG00000185838,46,0,38,39,13,0.802
ENSG00000139714,13,0,22,0,10,0.801
ENSG00000063438,0,0,0,0,0,0.8
ENSG00000177025,0,96,0,0,0,0.8
ENSG00000144648,46,0,33,42,18,0.799
ENSG00000198855,18,0,21,14,6,0.797
ENSG00000187068,9,0,14,0,23,0.796
ENSG00000114771,26,18,0,34,0,0.795
ENSG00000120555,24,0,24,24,0,0.794
ENSG00000132329,0,0,22,0,76,0.792
ENSG00000148832,17,0,25,8,8,0.791
ENSG00000166153,35,0,24,27,8,0.789
ENSG00000203443,0,0,0,5,0,0.789
ENSG00000251359,51,0,46,68,10,0.789
ENSG00000163596,15,0,18,0,4,0.788
ENSG00000105204,0,0,0,0,0,0.787
ENSG00000099812,6,7,25,4,0,0.786
ENSG00000143995,37,0,35,13,23,0.786
ENSG00000144278,0,0,20,0,16,0.785
ENSG00000254122,0,46,3,0,0,0.785
ENSG00000167656,4,0,12,0,55,0.784
ENSG00000163141,0,0,0,0,0,0.783
ENSG00000197937,14,75,19,0,0,0.783
ENSG00000066468,0,0,33,0,31,0.782
ENSG00000153165,0,0,0,0,0,0.78
ENSG00000197279,23,0,21,21,16,0.78
ENSG00000135537,26,0,27,23,20,0.779
ENSG00000174799,30,0,18,18,9,0.779
ENSG00000196963,6,6,11,0,0,0.777
ENSG00000253305,0,19,0,0,0,0.777
ENSG00000126705,42,0,57,17,1,0.776
ENSG00000175505,16,0,38,0,21,0.776
ENSG00000185990,0,0,0,0,0,0.776
ENSG00000183621,17,0,19,14,13,0.775
ENSG00000133136,0,0,0,0,0,0.773
ENSG00000258365,0,0,0,0,0,0.773
ENSG00000152556,30,0,19,20,11,0.772
ENSG00000125510,22,0,67,4,25,0.77
ENSG00000162390,18,0,19,13,0,0.77
ENSG00000185215,0,0,33,0,54,0.77
ENSG00000091592,0,0,0,0,8,0.769
ENSG00000179776,0,0,13,0,74,0.768
ENSG00000018280,12,0,25,0,31,0.767
ENSG00000126243,37,0,42,0,10,0.767
ENSG00000256316,31,0,23,11,45,0.766
ENSG00000172819,0,0,20,0,42,0.765
ENSG00000177455,7,0,16,4,12,0.763
ENSG00000188177,23,0,22,19,10,0.763
ENSG00000158220,5,0,13,0,6,0.762
ENSG00000155085,19,0,21,7,3,0.76
ENSG00000179698,33,0,41,23,12,0.76
ENSG00000253767,0,60,2,0,0,0.76
ENSG00000196597,10,0,10,8,0,0.759
ENSG00000253846,0,14,3,0,0,0.759
ENSG00000240184,0,0,11,0,8,0.758
ENSG00000170835,0,0,2,7,0,0.757
ENSG00000254827,32,0,39,19,15,0.757
ENSG00000164221,11,0,12,0,6,0.756
ENSG00000180096,48,0,38,28,9,0.756
ENSG00000188613,21,0,29,0,30,0.755
ENSG00000166682,4,14,3,9,0,0.754
ENSG00000163467,30,0,26,23,14,0.752
ENSG00000203684,34,0,38,22,0,0.751
ENSG00000108405,3,0,0,0,46,0.749
ENSG00000118495,14,0,17,0,62,0.749
ENSG00000254245,0,35,0,0,0,0.747
ENSG00000185920,4,0,26,0,50,0.746
ENSG00000214189,15,7,17,7,0,0.746
ENSG00000081320,2,0,8,0,29,0.745
ENSG00000127415,29,0,43,13,18,0.745
ENSG00000182504,25,0,22,6,9,0.744
ENSG00000228120,24,0,0,33,0,0.744
ENSG00000250210,0,0,0,0,0,0.744
ENSG00000148346,27,0,47,0,53,0.742
ENSG00000242419,0,0,5,0,44,0.742
ENSG00000090920,0,0,0,0,16,0.741
ENSG00000103995,17,0,17,8,28,0.74
ENSG00000160207,31,0,21,22,6,0.74
ENSG00000226763,40,0,36,28,17,0.74
ENSG00000187997,16,0,47,0,37,0.739
ENSG00000085644,22,0,20,14,8,0.738
ENSG00000105649,25,0,30,12,5,0.738
ENSG00000187583,18,0,34,0,3,0.738
ENSG00000066827,24,0,29,21,5,0.737
ENSG00000105255,12,0,12,0,16,0.736
ENSG00000106541,0,0,0,0,5,0.735
ENSG00000146373,21,0,20,0,14,0.735
ENSG00000196159,20,0,28,8,7,0.735
ENSG00000104951,28,0,30,22,10,0.734
ENSG00000092096,0,0,14,0,90,0.733
ENSG00000204709,0,0,0,0,0,0.732
ENSG00000175322,16,0,12,0,3,0.731
ENSG00000006740,2,0,17,0,26,0.73
ENSG00000253159,0,29,0,0,0,0.729
ENSG00000253873,0,42,3,0,0,0.729
ENSG00000240764,0,0,6,0,50,0.728
ENSG00000253819,8,0,6,9,0,0.728
ENSG00000136286,0,0,0,0,13,0.727
ENSG00000166546,16,0,30,0,69,0.726
ENSG00000079482,21,0,17,5,0,0.725
ENSG00000135951,28,0,22,20,14,0.725
ENSG00000158865,8,0,23,6,0,0.724
ENSG00000184786,42,0,21,30,14,0.723
ENSG00000133805,63,0,61,61,20,0.722
ENSG00000196267,20,0,22,3,8,0.722
ENSG00000206199,39,0,36,37,13,0.722
ENSG00000127362,0,0,0,0,0,0.721
ENSG00000103522,0,0,0,0,53,0.719
ENSG00000171282,57,0,63,27,64,0.719
ENSG00000171132,20,0,34,0,21,0.717
ENSG00000161647,8,8,19,0,36,0.716
ENSG00000186871,10,0,11,5,0,0.716
ENSG00000197385,31,0,26,16,8,0.714
ENSG00000197863,26,19,25,18,17,0.714
ENSG00000204472,0,0,0,0,0,0.714
ENSG00000227450,83,0,85,53,29,0.714
ENSG00000125650,1,0,3,1,0,0.71
ENSG00000182687,30,0,45,10,62,0.709
ENSG00000188629,19,46,21,10,6,0.709
ENSG00000253200,0,0,0,0,0,0.709
ENSG00000215014,37,0,42,25,28,0.707
ENSG00000254469,35,0,29,26,20,0.707
ENSG00000106852,0,0,14,0,90,0.706
ENSG00000198435,8,0,71,0,54,0.705
ENSG00000082512,11,0,21,0,44,0.704
ENSG00000119915,7,0,33,0,33,0.704
ENSG00000146950,28,0,28,9,0,0.704
ENSG00000146386,11,0,17,0,29,0.703
ENSG00000175489,15,0,25,0,12,0.702
ENSG00000196993,0,0,0,0,0,0.702
ENSG00000132718,46,0,44,20,12,0.701
ENSG00000104432,34,0,32,25,19,0.7
ENSG00000162148,0,0,6,0,43,0.7
ENSG00000166401,15,0,15,0,0,0.7
ENSG00000205744,0,0,7,0,19,0.699
ENSG00000125122,25,0,35,14,20,0.698
ENSG00000203942,13,0,10,14,0,0.698
ENSG00000110318,18,0,15,10,10,0.697
ENSG00000115525,25,0,29,0,47,0.697
ENSG00000170011,14,0,24,9,28,0.697
ENSG00000079263,0,0,0,0,0,0.695
ENSG00000111877,24,0,19,13,7,0.695
ENSG00000204257,0,0,0,0,0,0.693
ENSG00000215749,0,0,0,0,0,0.693
ENSG00000108556,0,0,5,0,0,0.692
ENSG00000170681,0,0,0,0,0,0.692
ENSG00000143278,0,0,0,3,0,0.69
ENSG00000213760,0,0,0,0,0,0.69
ENSG00000161082,0,0,5,0,27,0.689
ENSG00000164398,0,0,16,0,48,0.689
ENSG00000232774,0,0,0,3,0,0.689
ENSG00000242220,8,0,10,0,0,0.689
ENSG00000132005,36,0,26,34,3,0.687
ENSG00000167968,0,0,14,0,0,0.687
ENSG00000174669,15,0,20,7,8,0.686
ENSG00000180532,13,0,14,4,4,0.685
ENSG00000156313,20,0,16,14,3,0.683
ENSG00000115507,31,0,35,18,10,0.68
ENSG00000167972,8,0,19,0,32,0.68
ENSG00000171320,43,0,33,30,24,0.68
ENSG00000231672,0,4,0,0,29,0.68
ENSG00000257446,20,0,34,11,24,0.679
ENSG00000163687,0,0,7,4,0,0.678
ENSG00000205930,41,0,25,26,6,0.677
ENSG00000120327,3,5,7,0,4,0.676
ENSG00000157514,0,0,17,0,24,0.676
ENSG00000196600,0,0,6,7,0,0.676
ENSG00000078687,0,0,0,0,0,0.675
ENSG00000105499,8,0,15,8,7,0.674
ENSG00000159214,36,0,28,20,0,0.674
ENSG00000172458,16,0,26,0,3,0.673
ENSG00000109265,0,0,0,0,0,0.672
ENSG00000239827,18,0,11,9,6,0.671
ENSG00000178404,4,0,0,3,0,0.67
ENSG00000106479,12,0,13,0,4,0.669
ENSG00000185024,28,0,37,0,0,0.669
ENSG00000188501,12,0,24,0,0,0.669
ENSG00000140459,13,0,17,8,26,0.668
ENSG00000141642,22,11,16,9,6,0.666
ENSG00000203965,28,0,16,21,15,0.665
ENSG00000112406,11,0,16,0,43,0.664
ENSG00000198892,11,0,18,0,54,0.664
ENSG00000044459,15,11,13,4,0,0.663
ENSG00000141576,12,0,20,0,53,0.663
ENSG00000165555,0,18,0,0,0,0.663
ENSG00000242689,0,0,0,0,0,0.663
ENSG00000189164,16,51,13,14,9,0.662
ENSG00000180479,19,28,19,9,9,0.661
ENSG00000151365,13,0,10,15,0,0.66
ENSG00000237198,0,0,0,0,0,0.66
ENSG00000092377,16,0,31,0,0,0.656
ENSG00000196862,0,5,0,0,0,0.656
ENSG00000244122,0,0,0,0,0,0.654
ENSG00000110002,7,0,9,0,0,0.653
ENSG00000181722,32,0,27,16,3,0.653
ENSG00000245248,38,0,32,46,8,0.653
ENSG00000166086,0,0,10,0,36,0.651
ENSG00000183826,21,0,21,6,16,0.648
ENSG00000214562,0,0,0,0,0,0.648
ENSG00000233232,0,0,0,0,0,0.648
ENSG00000250565,14,0,31,5,13,0.648
ENSG00000196659,21,1,18,20,10,0.647
ENSG00000146350,11,0,14,6,9,0.646
ENSG00000183801,0,0,8,0,10,0.646
ENSG00000149489,27,0,30,10,9,0.645
ENSG00000175003,0,5,0,8,0,0.643
ENSG00000151746,18,0,22,8,17,0.641
ENSG00000004139,10,0,16,25,0,0.639
ENSG00000117122,4,0,35,0,27,0.639
ENSG00000167874,36,0,36,34,15,0.639
ENSG00000164061,17,0,24,6,8,0.637
ENSG00000186417,0,0,11,0,32,0.637
ENSG00000197599,7,0,13,0,21,0.636
ENSG00000122483,39,0,32,37,11,0.635
ENSG00000167767,3,0,0,0,17,0.634
ENSG00000129028,13,0,17,8,11,0.632
ENSG00000189292,8,0,30,0,18,0.632
ENSG00000131435,14,0,28,0,33,0.631
ENSG00000104879,0,0,29,0,35,0.63
ENSG00000135226,0,0,0,0,0,0.63
ENSG00000166924,28,0,46,5,52,0.63
ENSG00000105792,22,0,22,9,11,0.629
ENSG00000166863,0,0,0,0,0,0.629
ENSG00000237102,26,0,33,14,21,0.629
ENSG00000187860,33,0,27,25,14,0.628
ENSG00000197124,12,39,10,5,0,0.625
ENSG00000162636,12,0,17,0,11,0.624
ENSG00000170049,35,0,28,16,14,0.624
ENSG00000112936,7,0,0,4,0,0.622
ENSG00000137843,0,0,0,0,0,0.622
ENSG00000196176,30,0,23,29,12,0.621
ENSG00000205791,28,0,19,12,5,0.621
ENSG00000168065,5,4,18,14,9,0.62
ENSG00000156453,0,0,50,0,54,0.618
ENSG00000186732,0,0,6,0,36,0.618
ENSG00000112276,9,0,16,0,15,0.617
ENSG00000152475,35,0,37,25,1,0.617
ENSG00000182795,8,0,13,3,0,0.617
ENSG00000184923,0,0,0,0,0,0.617
ENSG00000185133,16,0,16,0,37,0.617
ENSG00000186912,0,0,0,1,0,0.615
ENSG00000140067,4,0,4,0,0,0.614
ENSG00000106415,22,0,22,0,14,0.613
ENSG00000115841,43,0,20,57,9,0.613
ENSG00000154240,16,0,22,4,5,0.61
ENSG00000196559,0,0,0,0,0,0.61
ENSG00000113248,0,99,6,0,5,0.609
ENSG00000135407,8,0,6,9,0,0.608
ENSG00000171056,23,0,19,9,9,0.608
ENSG00000176809,16,0,20,6,0,0.608
ENSG00000176236,32,0,29,26,16,0.607
ENSG00000197363,45,0,33,31,3,0.607
ENSG00000076716,0,0,13,0,23,0.605
ENSG00000139629,6,0,18,0,31,0.605
ENSG00000159915,0,35,0,8,0,0.604
ENSG00000168461,5,0,18,0,61,0.604
ENSG00000168477,0,0,0,0,0,0.604
ENSG00000165434,20,0,18,3,7,0.603
ENSG00000010610,7,0,8,0,26,0.601
ENSG00000115828,6,0,15,0,37,0.601
ENSG00000185168,20,0,25,3,46,0.601
ENSG00000164089,9,0,12,0,12,0.6
ENSG00000178226,0,0,10,0,54,0.6
ENSG00000220032,62,0,62,53,22,0.6
ENSG00000083720,11,0,20,0,16,0.599
ENSG00000173898,0,0,21,0,49,0.599
ENSG00000183496,19,0,35,3,30,0.597
ENSG00000162241,47,0,66,43,9,0.596
ENSG00000205710,0,0,0,0,0,0.596
ENSG00000251695,24,0,14,28,0,0.596
ENSG00000147231,10,0,10,0,5,0.595
ENSG00000118690,19,0,17,0,22,0.594
ENSG00000135338,25,0,20,18,6,0.594
ENSG00000166743,0,0,0,0,0,0.592
ENSG00000099769,22,23,23,10,0,0.591
ENSG00000149927,0,0,12,0,76,0.591
ENSG00000164023,32,0,23,5,22,0.591
ENSG00000182247,6,0,20,0,35,0.591
ENSG00000196408,32,0,36,19,6,0.591
ENSG00000181754,8,0,18,0,21,0.589
ENSG00000198156,0,0,0,0,0,0.589
ENSG00000255633,0,100,0,0,3,0.589
ENSG00000146094,15,0,8,5,5,0.588
ENSG00000163617,24,0,18,14,14,0.588
ENSG00000166664,0,0,0,0,0,0.588
ENSG00000147168,0,0,0,0,3,0.587
ENSG00000090932,3,0,24,0,49,0.585
ENSG00000197208,26,0,25,14,5,0.585
ENSG00000231880,30,0,22,21,14,0.585
ENSG00000126785,11,0,5,5,0,0.584
ENSG00000214226,17,0,17,0,6,0.582
ENSG00000173258,17,0,15,4,8,0.58
ENSG00000119125,0,0,0,0,0,0.578
ENSG00000174721,17,0,21,3,6,0.578
ENSG00000212124,0,7,0,0,0,0.578
ENSG00000176204,0,0,0,0,0,0.577
ENSG00000171444,8,21,18,0,36,0.576
ENSG00000130675,33,0,53,24,41,0.575
ENSG00000173267,0,0,29,0,72,0.575
ENSG00000103852,48,0,31,30,9,0.573
ENSG00000170498,0,0,0,0,19,0.573
ENSG00000184451,35,0,30,5,4,0.573
ENSG00000140104,21,0,25,0,42,0.572
ENSG00000166143,7,0,16,0,4,0.572
ENSG00000167165,0,0,0,0,0,0.572
ENSG00000139737,0,0,21,0,17,0.571
ENSG00000143994,23,0,26,0,54,0.57
ENSG00000163491,16,0,12,39,4,0.57
ENSG00000185686,4,0,6,0,4,0.57
ENSG00000230797,0,0,0,0,0,0.57
ENSG00000144355,18,0,58,0,80,0.569
ENSG00000203872,0,0,0,0,0,0.569
ENSG00000147166,0,0,0,5,0,0.568
ENSG00000185614,45,0,37,3,27,0.568
ENSG00000152348,24,0,20,16,8,0.566
ENSG00000162723,0,0,0,0,17,0.566
ENSG00000244242,0,0,12,0,9,0.565
ENSG00000126460,38,0,23,7,7,0.562
ENSG00000143951,0,0,0,5,0,0.562
ENSG00000181577,7,0,40,0,14,0.562
ENSG00000139618,24,0,17,16,9,0.561
ENSG00000171786,0,0,0,0,0,0.561
ENSG00000152217,6,0,17,0,25,0.56
ENSG00000171016,18,0,19,0,21,0.56
ENSG00000173261,0,0,0,0,0,0.56
ENSG00000184825,10,5,23,8,23,0.56
ENSG00000120049,0,0,16,0,0,0.559
ENSG00000163157,0,0,0,0,0,0.559
ENSG00000182324,0,0,0,0,0,0.559
ENSG00000163406,0,0,0,0,0,0.558
ENSG00000187391,50,0,32,46,19,0.558
ENSG00000255837,0,0,0,0,0,0.558
ENSG00000116525,3,0,21,0,7,0.557
ENSG00000162512,0,0,23,0,41,0.557
ENSG00000105538,8,0,20,7,0,0.556
ENSG00000135074,3,0,15,0,33,0.556
ENSG00000142173,3,0,16,0,60,0.556
ENSG00000105146,0,0,0,0,4,0.555
ENSG00000133739,17,0,14,0,7,0.555
ENSG00000157510,0,13,24,0,22,0.555
ENSG00000165215,3,0,16,0,5,0.554
ENSG00000214188,36,0,28,26,12,0.554
ENSG00000083828,0,0,0,0,0,0.553
ENSG00000088727,35,0,33,30,20,0.553
ENSG00000125787,27,0,31,21,4,0.553
ENSG00000198908,0,0,2,0,0,0.553
ENSG00000083454,0,11,19,0,41,0.552
ENSG00000114670,20,0,14,17,6,0.551
ENSG00000135315,16,0,16,11,11,0.55
ENSG00000143375,27,0,38,8,15,0.55
ENSG00000186648,12,0,20,0,91,0.55
ENSG00000160469,23,0,31,6,29,0.549
ENSG00000130775,16,0,31,0,17,0.548
ENSG00000145850,0,0,0,0,0,0.548
ENSG00000196409,0,0,0,0,0,0.548
ENSG00000018869,10,87,11,6,0,0.546
ENSG00000066056,3,0,0,0,22,0.546
ENSG00000141570,28,0,69,6,86,0.546
ENSG00000102241,26,0,17,10,5,0.545
ENSG00000110042,6,0,36,0,8,0.545
ENSG00000183250,40,0,46,17,8,0.545
ENSG00000152503,0,0,12,0,44,0.544
ENSG00000156500,12,0,15,0,0,0.544
ENSG00000147059,0,0,0,0,0,0.543
ENSG00000175170,23,5,47,0,87,0.543
ENSG00000166984,0,0,10,3,73,0.542
ENSG00000174514,0,0,5,0,62,0.542
ENSG00000177675,0,0,0,0,2,0.542
ENSG00000163220,0,0,0,0,12,0.541
ENSG00000128487,8,0,19,0,35,0.54
ENSG00000197566,15,0,14,5,10,0.54
ENSG00000204614,0,0,0,0,0,0.54
ENSG00000187889,25,0,27,32,11,0.539
ENSG00000146856,41,0,20,46,7,0.538
ENSG00000188219,0,5,0,0,0,0.538
ENSG00000255062,18,0,17,16,8,0.538
ENSG00000110693,32,0,29,26,23,0.534
ENSG00000205076,4,0,0,0,0,0.533
ENSG00000244617,0,0,14,0,26,0.532
ENSG00000132514,0,0,0,0,4,0.531
ENSG00000214279,0,5,0,0,0,0.53
ENSG00000107614,26,0,16,7,0,0.529
ENSG00000118514,7,0,13,0,0,0.529
ENSG00000135324,10,0,14,0,33,0.529
ENSG00000165115,21,0,20,19,3,0.529
ENSG00000181544,12,0,18,9,3,0.529
ENSG00000181619,21,0,19,7,0,0.529
ENSG00000114790,19,0,25,0,34,0.528
ENSG00000138294,3,0,0,0,8,0.528
ENSG00000167995,14,0,10,9,15,0.528
ENSG00000135439,29,0,51,19,52,0.525
ENSG00000135077,24,0,23,19,7,0.523
ENSG00000154040,3,0,12,0,4,0.523
ENSG00000153790,20,0,18,4,3,0.522
ENSG00000119917,17,0,4,13,0,0.521
ENSG00000156127,3,0,4,0,11,0.52
ENSG00000204947,37,11,29,34,17,0.52
ENSG00000139971,50,0,36,35,19,0.519
ENSG00000145002,9,0,11,7,0,0.519
ENSG00000071575,14,0,33,0,48,0.518
ENSG00000127666,25,0,20,7,5,0.518
ENSG00000152705,3,0,6,9,0,0.518
ENSG00000172572,0,0,5,0,21,0.517
ENSG00000222014,0,0,0,0,32,0.516
ENSG00000007968,24,0,30,0,3,0.515
ENSG00000129910,3,0,44,0,88,0.515
ENSG00000136866,16,58,18,10,11,0.515
ENSG00000161328,33,0,61,11,16,0.515
ENSG00000173406,18,0,15,11,8,0.515
ENSG00000142611,22,0,41,0,21,0.514
ENSG00000163354,4,0,10,0,49,0.514
ENSG00000257513,0,0,0,0,0,0.514
ENSG00000135702,0,0,0,0,9,0.513
ENSG00000132016,12,0,19,9,4,0.512
ENSG00000103184,13,0,29,8,36,0.511
ENSG00000118596,12,0,17,0,6,0.51
ENSG00000165548,0,0,0,0,0,0.51
ENSG00000198205,0,0,0,0,0,0.51
ENSG00000172382,23,0,28,3,27,0.509
ENSG00000145362,0,0,6,0,9,0.508
ENSG00000012124,20,0,19,25,0,0.506
ENSG00000112149,10,0,15,0,16,0.506
ENSG00000130413,10,0,12,0,0,0.504
ENSG00000179564,0,0,0,4,0,0.504
ENSG00000132530,23,0,14,18,0,0.503
ENSG00000157240,5,0,24,0,17,0.503
ENSG00000198342,23,0,20,19,7,0.503
ENSG00000228146,12,0,28,0,33,0.503
ENSG00000106526,34,0,36,31,12,0.502
ENSG00000132965,0,0,0,0,22,0.502
ENSG00000178665,18,0,19,10,7,0.502
ENSG00000160097,14,0,27,0,17,0.501
ENSG00000182492,0,0,39,0,0,0.501
ENSG00000205078,0,0,0,0,0,0.501
ENSG00000187627,0,0,0,0,0,0.5
ENSG00000085185,37,0,60,0,3,0.499
ENSG00000148814,53,0,46,35,6,0.499
ENSG00000167183,16,0,15,1,10,0.499
ENSG00000054598,13,0,57,0,54,0.498
ENSG00000169258,6,0,16,0,8,0.498
ENSG00000215788,0,0,0,0,0,0.498
ENSG00000125804,0,0,0,0,0,0.497
ENSG00000222020,30,0,32,25,10,0.495
ENSG00000178966,46,0,33,43,21,0.494
ENSG00000185467,35,7,16,44,0,0.494
ENSG00000196876,12,0,18,0,4,0.494
ENSG00000224474,44,0,35,31,14,0.494
ENSG00000138161,18,0,17,3,10,0.493
ENSG00000196110,9,14,13,8,0,0.493
ENSG00000138134,12,0,16,8,20,0.492
ENSG00000159905,12,37,11,6,7,0.492
ENSG00000155760,11,0,28,0,45,0.491
ENSG00000164776,0,0,0,0,0,0.491
ENSG00000151033,0,0,0,0,0,0.49
ENSG00000198691,28,0,18,25,0,0.49
ENSG00000174672,4,0,19,0,46,0.489
ENSG00000188176,6,0,27,0,47,0.489
ENSG00000130997,29,0,17,11,8,0.487
ENSG00000131018,0,0,8,0,45,0.487
ENSG00000157335,0,0,0,0,0,0.487
ENSG00000049130,20,6,28,0,11,0.486
ENSG00000135414,14,0,44,2,17,0.486
ENSG00000142449,4,0,37,3,36,0.486
ENSG00000151287,8,0,9,0,0,0.486
ENSG00000198440,10,92,11,5,0,0.486
ENSG00000135549,31,0,26,15,15,0.485
ENSG00000188549,19,0,29,3,6,0.485
ENSG00000183038,0,0,0,0,0,0.481
ENSG00000255150,0,0,0,0,0,0.481
ENSG00000141540,9,0,20,0,10,0.479
ENSG00000184378,46,0,43,33,22,0.479
ENSG00000114529,3,0,11,0,4,0.478
ENSG00000106012,46,0,46,19,0,0.477
ENSG00000163827,4,0,0,15,0,0.477
ENSG00000167207,25,0,31,0,42,0.477
ENSG00000174007,18,0,20,16,12,0.477
ENSG00000221953,51,0,53,21,0,0.477
ENSG00000100033,0,0,6,0,33,0.476
ENSG00000168242,20,0,18,0,35,0.476
ENSG00000185087,0,0,3,0,17,0.475
ENSG00000147862,0,0,0,0,4,0.474
ENSG00000005844,8,0,8,0,21,0.473
ENSG00000116783,14,0,11,13,4,0.473
ENSG00000132122,15,13,16,5,4,0.473
ENSG00000134240,14,0,3,8,0,0.473
ENSG00000154134,0,0,20,0,72,0.473
ENSG00000196754,24,0,21,19,0,0.473
ENSG00000106624,18,0,25,8,38,0.472
ENSG00000197483,30,0,24,14,4,0.472
ENSG00000204262,0,0,0,0,0,0.472
ENSG00000170890,14,0,20,0,5,0.471
ENSG00000063127,0,0,0,0,4,0.47
ENSG00000186862,26,0,41,11,8,0.47
ENSG00000204710,35,0,19,30,0,0.47
ENSG00000214954,0,0,0,8,0,0.47
ENSG00000163377,0,0,13,0,33,0.467
ENSG00000203871,0,0,0,0,0,0.466
ENSG00000255524,0,0,0,0,0,0.466
ENSG00000102302,13,0,21,0,0,0.465
ENSG00000151690,5,4,17,0,56,0.465
ENSG00000249222,28,0,29,61,0,0.464
ENSG00000143110,0,0,0,0,0,0.463
ENSG00000255394,0,0,0,0,0,0.463
ENSG00000163666,26,0,18,11,3,0.462
ENSG00000167617,11,0,19,0,9,0.462
ENSG00000204807,6,0,5,0,3,0.462
ENSG00000091138,0,0,0,0,4,0.461
ENSG00000167642,7,0,5,0,7,0.461
ENSG00000184357,33,0,28,16,42,0.461
ENSG00000179292,34,0,54,24,49,0.46
ENSG00000185842,0,5,0,0,4,0.46
ENSG00000213889,17,0,27,3,0,0.46
ENSG00000166819,0,0,3,3,0,0.459
ENSG00000189409,6,0,9,0,0,0.458
ENSG00000215906,10,9,19,5,0,0.458
ENSG00000100290,10,0,19,0,45,0.457
ENSG00000101230,8,6,25,0,41,0.457
ENSG00000163803,0,0,0,0,9,0.457
ENSG00000167525,19,0,23,16,18,0.454
ENSG00000168071,7,0,29,0,26,0.453
ENSG00000187664,0,0,4,0,6,0.453
ENSG00000249471,15,24,16,3,0,0.449
ENSG00000063180,10,0,19,0,10,0.448
ENSG00000119681,16,0,25,0,10,0.448
ENSG00000135218,0,7,0,0,0,0.448
ENSG00000152137,0,0,7,0,23,0.448
ENSG00000163376,15,0,16,0,0,0.448
ENSG00000145692,9,0,28,0,16,0.447
ENSG00000189233,4,0,0,11,0,0.447
ENSG00000197093,14,0,30,0,36,0.447
ENSG00000198133,19,0,18,3,28,0.447
ENSG00000234284,13,44,14,0,0,0.447
ENSG00000113205,0,14,0,0,0,0.446
ENSG00000184922,3,0,21,0,75,0.446
ENSG00000136960,6,0,19,0,36,0.445
ENSG00000145506,0,0,35,0,44,0.445
ENSG00000150722,10,0,9,0,0,0.445
ENSG00000198106,0,0,3,0,55,0.445
ENSG00000104901,31,0,33,16,12,0.444
ENSG00000128340,0,0,0,0,35,0.444
ENSG00000206561,0,0,0,0,5,0.444
ENSG00000196366,35,0,45,30,34,0.443
ENSG00000100218,27,0,24,29,0,0.442
ENSG00000175344,0,0,17,0,31,0.442
ENSG00000248485,0,13,14,0,16,0.442
ENSG00000005243,9,0,18,0,50,0.441
ENSG00000125966,0,0,12,0,53,0.441
ENSG00000179930,0,0,0,0,9,0.44
ENSG00000115325,21,0,26,0,57,0.439
ENSG00000185187,8,0,30,0,7,0.439
ENSG00000256229,7,91,11,0,0,0.437
ENSG00000183072,25,0,44,0,80,0.436
ENSG00000076641,0,0,13,0,17,0.435
ENSG00000103044,5,0,20,0,44,0.435
ENSG00000137817,0,0,0,0,0,0.435
ENSG00000165698,18,0,21,7,17,0.435
ENSG00000223551,18,0,20,5,7,0.434
ENSG00000235249,0,0,0,0,0,0.434
ENSG00000089041,3,0,9,3,6,0.433
ENSG00000102057,0,0,10,0,0,0.433
ENSG00000167311,13,0,21,0,36,0.433
ENSG00000236029,0,0,0,0,0,0.433
ENSG00000101871,0,0,0,0,0,0.432
ENSG00000169621,22,0,21,14,5,0.432
ENSG00000183032,17,0,16,9,20,0.432
ENSG00000256188,0,0,0,0,0,0.429
ENSG00000100321,4,0,21,0,25,0.428
ENSG00000146013,4,0,10,0,16,0.428
ENSG00000147003,0,0,0,0,0,0.428
ENSG00000166147,0,0,22,0,28,0.428
ENSG00000126464,33,0,33,19,5,0.427
ENSG00000163958,15,0,33,8,5,0.427
ENSG00000170276,0,0,17,0,12,0.427
ENSG00000183785,5,0,17,0,31,0.427
ENSG00000185345,12,0,13,3,0,0.427
ENSG00000187642,15,0,54,0,51,0.427
ENSG00000077585,3,0,23,0,58,0.426
ENSG00000158301,8,0,15,0,0,0.426
ENSG00000133985,4,0,21,0,66,0.424
ENSG00000159714,11,0,15,0,30,0.424
ENSG00000178773,12,0,13,4,4,0.424
ENSG00000154133,13,0,31,9,63,0.423
ENSG00000213937,21,0,51,7,18,0.423
ENSG00000011332,0,0,16,0,26,0.422
ENSG00000161860,0,0,0,0,0,0.42
ENSG00000180914,0,0,20,0,11,0.42
ENSG00000186523,3,0,8,3,0,0.42
ENSG00000153291,0,0,13,0,22,0.419
ENSG00000132141,28,0,23,26,0,0.418
ENSG00000182575,19,0,33,0,73,0.418
ENSG00000188312,33,0,20,20,17,0.418
ENSG00000105088,0,0,14,0,22,0.417
ENSG00000225930,5,0,8,0,0,0.417
ENSG00000169903,7,0,0,8,0,0.416
ENSG00000069712,0,0,0,0,0,0.415
ENSG00000165046,51,0,49,40,11,0.415
ENSG00000232434,36,0,57,35,9,0.415
ENSG00000116985,6,0,15,0,0,0.413
ENSG00000122986,0,0,8,0,3,0.413
ENSG00000084764,3,0,15,0,58,0.412
ENSG00000116396,0,0,26,0,53,0.412
ENSG00000149212,10,0,26,0,33,0.412
ENSG00000198870,47,0,52,24,7,0.412
ENSG00000133321,4,0,10,0,12,0.411
ENSG00000135424,29,0,28,19,11,0.41
ENSG00000145949,0,0,0,0,0,0.41
ENSG00000104055,0,0,0,0,33,0.409
ENSG00000106560,6,0,0,0,0,0.409
ENSG00000160539,10,0,20,0,19,0.409
ENSG00000187486,4,0,22,0,29,0.409
ENSG00000121577,0,0,0,0,0,0.408
ENSG00000138613,19,0,15,0,10,0.408
ENSG00000113296,20,0,17,8,4,0.406
ENSG00000177191,22,0,23,5,0,0.406
ENSG00000198513,38,6,23,15,11,0.406
ENSG00000213420,0,0,11,0,15,0.406
ENSG00000230267,0,0,0,0,0,0.405
ENSG00000232653,0,0,0,0,0,0.404
ENSG00000259030,14,0,11,13,4,0.404
ENSG00000172748,26,6,11,15,5,0.403
ENSG00000004838,25,0,42,13,12,0.401
ENSG00000007237,0,17,0,0,8,0.401
ENSG00000106714,0,0,0,0,0,0.4
ENSG00000143768,8,0,13,0,14,0.4
ENSG00000163328,15,0,19,0,19,0.4
ENSG00000214397,0,0,0,0,0,0.4
ENSG00000235961,0,0,0,0,0,0.4
ENSG00000090006,0,0,8,0,10,0.399
ENSG00000116117,18,0,18,0,22,0.399
ENSG00000103544,8,0,13,6,0,0.398
ENSG00000110799,0,0,0,0,43,0.396
ENSG00000162004,17,0,24,0,11,0.396
ENSG00000068985,0,0,0,0,0,0.395
ENSG00000113108,2,0,0,0,4,0.395
ENSG00000136872,0,0,0,26,0,0.395
ENSG00000164742,3,0,23,0,77,0.395
ENSG00000198039,0,0,0,0,84,0.395
ENSG00000049769,30,0,27,20,8,0.394
ENSG00000184060,23,0,26,17,15,0.394
ENSG00000114473,30,0,15,18,8,0.391
ENSG00000133800,0,0,0,0,12,0.391
ENSG00000183508,11,0,22,0,33,0.391
ENSG00000204978,21,0,28,10,0,0.391
ENSG00000244752,0,0,0,0,28,0.391
ENSG00000145107,6,0,8,3,0,0.39
ENSG00000149527,0,26,0,0,37,0.39
ENSG00000168811,10,5,15,0,4,0.39
ENSG00000182368,5,0,8,0,3,0.39
ENSG00000213186,12,0,11,0,5,0.39
ENSG00000158292,5,0,25,0,14,0.388
ENSG00000184898,11,0,12,0,25,0.388
ENSG00000162641,25,0,22,16,9,0.387
ENSG00000176928,0,0,0,0,4,0.387
ENSG00000167549,10,0,26,0,49,0.386
ENSG00000198598,4,0,56,0,58,0.386
ENSG00000257327,35,0,32,14,7,0.386
ENSG00000177103,24,0,35,11,6,0.385
ENSG00000232070,44,0,42,29,11,0.385
ENSG00000185483,5,0,22,0,20,0.382
ENSG00000101307,0,4,0,0,12,0.381
ENSG00000115194,0,0,0,0,62,0.381
ENSG00000187800,2,0,10,0,55,0.381
ENSG00000187824,15,0,18,0,8,0.381
ENSG00000204003,0,15,0,0,62,0.38
ENSG00000213413,0,0,0,0,0,0.379
ENSG00000230185,52,0,27,51,10,0.379
ENSG00000005513,4,0,36,0,64,0.378
ENSG00000134551,0,0,0,0,0,0.378
ENSG00000170262,0,0,0,0,0,0.378
ENSG00000106823,0,0,0,0,0,0.377
ENSG00000129749,0,0,0,0,0,0.377
ENSG00000132357,16,0,1,0,10,0.377
ENSG00000177599,20,0,23,3,11,0.377
ENSG00000142182,0,0,5,0,5,0.376
ENSG00000186994,12,0,27,0,11,0.376
ENSG00000238269,0,0,0,0,0,0.376
ENSG00000110944,13,0,11,11,6,0.375
ENSG00000162460,13,0,37,0,3,0.375
ENSG00000176269,0,0,0,0,0,0.374
ENSG00000137462,0,0,0,0,0,0.373
ENSG00000185097,0,0,0,0,0,0.373
ENSG00000146242,7,0,20,0,27,0.372
ENSG00000104371,4,0,7,0,0,0.371
ENSG00000116885,13,0,13,0,0,0.371
ENSG00000144061,14,0,11,7,7,0.371
ENSG00000234432,71,9,71,72,21,0.371
ENSG00000040608,0,0,0,0,39,0.37
ENSG00000162511,0,0,0,0,31,0.37
ENSG00000185437,21,0,17,13,8,0.37
ENSG00000151466,30,0,20,14,5,0.368
ENSG00000168961,0,0,7,0,0,0.368
ENSG00000170684,46,0,48,28,9,0.368
ENSG00000175894,0,0,3,0,58,0.368
ENSG00000239998,0,0,0,0,22,0.368
ENSG00000104826,18,0,24,0,29,0.367
ENSG00000187546,0,70,0,0,0,0.367
ENSG00000203709,13,0,17,0,21,0.367
ENSG00000205267,35,0,39,26,6,0.367
ENSG00000116819,20,0,33,10,18,0.366
ENSG00000121966,0,0,16,0,63,0.366
ENSG00000147223,10,0,0,25,0,0.366
ENSG00000102904,31,0,29,26,16,0.365
ENSG00000130176,15,0,25,0,10,0.364
ENSG00000136826,10,0,26,0,38,0.364
ENSG00000171431,0,0,0,0,18,0.364
ENSG00000188818,26,0,23,2,28,0.364
ENSG00000099834,13,0,19,0,0,0.363
ENSG00000123094,13,0,19,0,16,0.363
ENSG00000126353,9,12,10,0,67,0.363
ENSG00000153531,20,0,22,18,9,0.363
ENSG00000119411,3,0,12,0,32,0.362
ENSG00000184949,25,0,24,16,15,0.361
ENSG00000065717,11,0,13,0,14,0.356
ENSG00000142686,0,0,0,0,0,0.356
ENSG00000144834,0,0,15,0,38,0.356
ENSG00000146521,0,0,0,0,0,0.356
ENSG00000196188,0,0,3,0,36,0.356
ENSG00000122477,0,0,0,0,0,0.355
ENSG00000163710,4,0,16,0,46,0.355
ENSG00000232431,0,0,0,0,0,0.355
ENSG00000024422,0,8,11,0,22,0.354
ENSG00000149922,55,3,66,17,3,0.354
ENSG00000178053,0,0,8,0,11,0.354
ENSG00000198932,0,0,0,0,0,0.353
ENSG00000139187,34,7,22,25,12,0.352
ENSG00000163879,27,0,26,18,8,0.352
ENSG00000144488,0,0,0,0,34,0.35
ENSG00000185267,32,0,29,26,18,0.35
ENSG00000241563,0,0,0,0,0,0.35
ENSG00000143185,0,0,0,0,0,0.348
ENSG00000197723,16,0,17,8,0,0.347
ENSG00000118094,13,0,15,8,7,0.346
ENSG00000253459,51,0,42,44,11,0.346
ENSG00000168916,40,0,17,33,26,0.345
ENSG00000189152,0,0,0,0,0,0.345
ENSG00000187922,4,0,25,0,78,0.344
ENSG00000231360,0,0,0,0,0,0.344
ENSG00000087085,26,0,36,0,28,0.343
ENSG00000179826,3,0,0,12,0,0.343
ENSG00000226180,0,0,0,0,18,0.343
ENSG00000143867,24,0,47,0,65,0.342
ENSG00000215183,27,0,18,23,6,0.342
ENSG00000232956,0,0,0,0,6,0.342
ENSG00000140678,0,0,0,0,40,0.341
ENSG00000178462,0,6,0,0,8,0.341
ENSG00000119900,5,0,18,0,10,0.34
ENSG00000126603,5,0,58,0,23,0.34
ENSG00000127084,8,0,10,0,60,0.34
ENSG00000167191,10,0,23,0,54,0.34
ENSG00000196391,7,0,17,0,12,0.34
ENSG00000196507,0,0,0,0,0,0.34
ENSG00000188051,11,0,19,0,0,0.339
ENSG00000005059,21,0,18,3,7,0.338
ENSG00000163885,0,0,1,0,52,0.338
ENSG00000106686,33,0,24,32,6,0.337
ENSG00000124215,0,0,0,0,0,0.337
ENSG00000122861,8,0,24,0,30,0.336
ENSG00000106976,8,0,28,0,26,0.335
ENSG00000167476,62,0,78,31,11,0.335
ENSG00000167632,28,0,22,9,6,0.335
ENSG00000176274,22,0,19,14,0,0.335
ENSG00000072163,0,0,7,0,69,0.334
ENSG00000140274,3,0,22,0,71,0.334
ENSG00000149596,16,0,26,0,64,0.334
ENSG00000237276,0,0,0,0,10,0.334
ENSG00000134245,0,0,14,0,14,0.333
ENSG00000185339,7,0,16,0,27,0.333
ENSG00000234776,0,0,0,0,0,0.333
ENSG00000118194,0,0,0,0,22,0.332
ENSG00000177483,0,0,0,0,16,0.332
ENSG00000111729,0,0,0,0,0,0.331
ENSG00000128965,3,0,6,0,48,0.331
ENSG00000139625,38,0,45,23,3,0.331
ENSG00000180592,48,0,39,45,8,0.331
ENSG00000187987,8,0,15,0,20,0.331
ENSG00000100629,3,0,12,0,25,0.33
ENSG00000188686,0,0,0,0,0,0.33
ENSG00000198108,11,0,30,0,13,0.33
ENSG00000091106,20,0,10,7,0,0.329
ENSG00000104888,8,0,36,4,49,0.329
ENSG00000143669,0,0,0,0,7,0.329
ENSG00000212128,0,14,0,0,0,0.329
ENSG00000120322,5,0,5,0,4,0.328
ENSG00000078900,36,0,45,3,7,0.327
ENSG00000171747,0,0,0,0,0,0.327
ENSG00000185453,21,0,27,20,6,0.327
ENSG00000248099,0,0,0,0,0,0.327
ENSG00000187461,36,0,38,14,16,0.326
ENSG00000204957,45,0,39,38,13,0.326
ENSG00000091428,0,0,15,0,42,0.325
ENSG00000198865,0,0,0,0,8,0.325
ENSG00000212126,0,6,0,0,0,0.325
ENSG00000155465,24,0,22,13,11,0.324
ENSG00000187186,18,0,22,9,7,0.324
ENSG00000103742,15,0,26,0,58,0.323
ENSG00000133134,0,0,8,0,0,0.323
ENSG00000187682,0,0,0,0,0,0.322
ENSG00000023445,24,0,17,0,6,0.321
ENSG00000188959,0,0,0,0,0,0.321
ENSG00000184502,0,0,0,0,61,0.32
ENSG00000259243,0,0,0,0,0,0.32
ENSG00000108786,39,0,16,44,1,0.319
ENSG00000146411,4,0,9,0,17,0.319
ENSG00000184492,5,0,19,0,15,0.319
ENSG00000085741,18,0,41,0,50,0.318
ENSG00000233438,0,0,0,0,0,0.318
ENSG00000105750,8,52,11,7,0,0.317
ENSG00000118257,0,0,12,0,41,0.317
ENSG00000164920,40,0,57,8,68,0.317
ENSG00000181004,16,3,14,17,9,0.317
ENSG00000182950,19,0,10,10,0,0.317
ENSG00000250091,0,0,0,0,5,0.317
ENSG00000164404,25,0,18,37,9,0.316
ENSG00000181418,33,0,49,0,31,0.316
ENSG00000223953,1,0,13,0,46,0.316
ENSG00000176945,0,0,3,0,2,0.315
ENSG00000064787,6,0,18,3,0,0.314
ENSG00000158163,18,0,19,3,12,0.314
ENSG00000183598,7,0,2,0,0,0.314
ENSG00000141404,0,0,13,0,16,0.313
ENSG00000166578,31,0,27,32,7,0.313
ENSG00000145244,16,7,19,4,0,0.312
ENSG00000165917,0,0,0,0,0,0.312
ENSG00000161992,25,0,57,0,44,0.311
ENSG00000170075,0,0,3,0,48,0.311
ENSG00000258572,32,0,35,22,5,0.311
ENSG00000146166,0,0,0,0,0,0.31
ENSG00000253190,30,0,27,20,22,0.31
ENSG00000255559,32,0,25,15,13,0.31
ENSG00000154252,51,13,53,30,0,0.308
ENSG00000168026,25,0,24,15,11,0.308
ENSG00000197054,29,0,34,24,13,0.308
ENSG00000153666,0,0,0,0,0,0.307
ENSG00000235718,1,0,13,0,46,0.307
ENSG00000128606,0,0,0,0,0,0.306
ENSG00000151611,25,5,18,20,6,0.306
ENSG00000166558,4,0,17,0,45,0.306
ENSG00000230178,0,0,0,0,0,0.306
ENSG00000119650,0,0,0,0,0,0.305
ENSG00000185669,13,0,36,0,85,0.305
ENSG00000101160,20,0,43,14,21,0.304
ENSG00000150773,22,0,15,14,12,0.304
ENSG00000179104,14,0,27,0,20,0.303
ENSG00000143512,8,0,25,0,4,0.302
ENSG00000146267,0,0,15,0,30,0.302
ENSG00000185304,0,0,0,0,0,0.302
ENSG00000053747,0,0,9,0,11,0.3
ENSG00000073670,3,0,18,0,58,0.3
ENSG00000136114,0,0,9,0,24,0.3
ENSG00000149328,0,0,15,0,42,0.299
ENSG00000092850,23,0,27,8,10,0.298
ENSG00000178206,0,0,0,0,0,0.298
ENSG00000111644,10,0,12,0,9,0.297
ENSG00000137101,30,0,37,9,17,0.297
ENSG00000137434,37,0,29,22,17,0.297
ENSG00000186231,16,0,15,4,7,0.297
ENSG00000130592,0,0,0,0,95,0.296
ENSG00000188833,6,0,8,0,17,0.296
ENSG00000205111,16,0,14,6,5,0.296
ENSG00000134830,7,0,20,0,21,0.295
ENSG00000161896,9,0,34,0,47,0.295
ENSG00000169918,4,0,18,0,25,0.295
ENSG00000203286,0,0,0,0,0,0.295
ENSG00000075275,16,0,21,0,33,0.294
ENSG00000178081,0,0,4,0,0,0.292
ENSG00000204377,0,0,0,0,10,0.292
ENSG00000005884,0,0,21,0,79,0.291
ENSG00000092200,0,0,0,0,15,0.291
ENSG00000105369,0,0,2,0,5,0.291
ENSG00000143248,34,0,23,18,8,0.291
ENSG00000163704,15,0,8,4,0,0.291
ENSG00000176896,21,0,14,10,0,0.291
ENSG00000183798,3,0,20,0,64,0.291
ENSG00000058335,0,0,14,0,59,0.29
ENSG00000091622,0,0,17,0,53,0.29
ENSG00000136235,0,0,0,0,43,0.29
ENSG00000161791,7,0,14,0,3,0.29
ENSG00000167554,12,76,16,4,0,0.29
ENSG00000169122,9,0,18,0,12,0.289
ENSG00000219665,14,0,21,8,4,0.289
ENSG00000203876,0,0,0,0,0,0.288
ENSG00000143320,6,0,24,0,77,0.287
ENSG00000146592,0,0,0,0,0,0.287
ENSG00000174469,0,11,0,0,0,0.286
ENSG00000196371,6,0,11,0,5,0.286
ENSG00000101850,29,0,28,9,0,0.285
ENSG00000169989,29,0,28,20,11,0.285
ENSG00000196542,0,0,19,0,31,0.285
ENSG00000253633,5,9,11,0,0,0.285
ENSG00000147174,0,0,0,0,0,0.282
ENSG00000249242,4,0,17,0,31,0.282
ENSG00000086730,0,0,0,0,0,0.281
ENSG00000089692,21,0,22,15,2,0.281
ENSG00000132881,20,0,27,0,6,0.281
ENSG00000133687,0,0,18,0,22,0.281
ENSG00000142609,0,0,9,0,72,0.281
ENSG00000151320,0,0,0,0,0,0.281
ENSG00000091704,9,16,18,0,26,0.28
ENSG00000156042,17,5,11,8,5,0.28
ENSG00000231145,11,0,5,4,1,0.28
ENSG00000134470,0,1,18,0,44,0.278
ENSG00000157322,0,0,6,0,0,0.278
ENSG00000165949,2,0,0,0,0,0.278
ENSG00000172346,21,0,32,0,29,0.278
ENSG00000214773,0,0,0,0,0,0.278
ENSG00000143479,12,0,20,0,3,0.277
ENSG00000255046,78,0,65,81,22,0.277
ENSG00000147509,0,0,0,0,0,0.276
ENSG00000196611,0,0,0,0,11,0.276
ENSG00000227471,0,0,4,0,41,0.275
ENSG00000143494,2,0,11,0,0,0.274
ENSG00000158270,0,0,22,0,29,0.274
ENSG00000161642,0,0,0,0,6,0.274
ENSG00000128218,21,0,21,11,4,0.273
ENSG00000167723,0,0,21,0,34,0.273
ENSG00000203392,13,0,18,0,33,0.273
ENSG00000206177,0,0,0,0,55,0.273
ENSG00000111348,0,0,0,0,3,0.272
ENSG00000050555,0,0,16,0,60,0.271
ENSG00000116032,0,0,36,0,57,0.271
ENSG00000213199,0,0,0,0,10,0.271
ENSG00000135378,12,0,12,0,9,0.27
ENSG00000162733,0,0,0,0,0,0.269
ENSG00000167103,10,0,31,0,31,0.269
ENSG00000184999,0,0,0,0,11,0.269
ENSG00000203804,37,0,27,36,0,0.269
ENSG00000204815,19,0,15,18,5,0.269
ENSG00000123609,13,0,11,0,22,0.268
ENSG00000129167,0,0,6,0,4,0.267
ENSG00000137561,5,0,12,0,27,0.267
ENSG00000143028,10,0,19,0,57,0.267
ENSG00000164294,3,0,0,0,10,0.267
ENSG00000198515,26,0,24,19,8,0.267
ENSG00000204963,5,5,8,0,0,0.267
ENSG00000105996,0,0,0,0,0,0.266
ENSG00000174807,31,0,45,19,5,0.266
ENSG00000184635,11,99,10,0,0,0.266
ENSG00000186496,15,0,16,0,8,0.266
ENSG00000196196,18,0,33,0,20,0.266
ENSG00000198939,11,51,12,3,0,0.266
ENSG00000204700,0,0,0,0,0,0.266
ENSG00000224201,0,0,0,0,0,0.266
ENSG00000258989,20,0,0,40,0,0.266
ENSG00000154237,0,0,0,0,59,0.265
ENSG00000164674,8,0,6,0,45,0.265
ENSG00000131089,0,0,0,0,0,0.264
ENSG00000153495,0,8,0,0,0,0.264
ENSG00000163898,0,0,0,0,0,0.264
ENSG00000186889,0,0,0,0,0,0.264
ENSG00000186104,0,0,12,0,3,0.263
ENSG00000130234,0,0,0,12,0,0.262
ENSG00000164199,29,0,20,19,13,0.262
ENSG00000189269,0,0,0,4,0,0.262
ENSG00000005001,0,17,18,0,6,0.261
ENSG00000168743,4,0,21,0,39,0.261
ENSG00000172803,0,0,0,0,32,0.261
ENSG00000221843,0,26,0,0,0,0.261
ENSG00000118292,26,0,21,22,7,0.26
ENSG00000205838,16,0,14,12,0,0.26
ENSG00000176399,0,0,14,0,23,0.259
ENSG00000205177,27,0,21,23,3,0.259
ENSG00000152380,32,0,30,21,10,0.258
ENSG00000180999,0,0,0,0,0,0.258
ENSG00000162009,0,0,11,0,49,0.257
ENSG00000170509,0,0,0,0,0,0.257
ENSG00000179241,7,0,15,0,39,0.257
ENSG00000205281,0,0,0,0,0,0.257
ENSG00000205359,0,0,0,0,0,0.257
ENSG00000013016,0,0,9,0,30,0.256
ENSG00000059915,39,0,52,18,26,0.256
ENSG00000180155,7,0,9,0,21,0.256
ENSG00000188672,40,0,31,23,8,0.256
ENSG00000109625,2,0,14,0,58,0.255
ENSG00000175449,17,0,15,9,0,0.255
ENSG00000197272,14,0,18,0,14,0.255
ENSG00000226761,0,0,0,0,0,0.255
ENSG00000171885,0,0,7,0,45,0.254
ENSG00000180720,25,0,58,4,43,0.254
ENSG00000179256,0,0,0,0,0,0.253
ENSG00000088387,7,0,29,0,39,0.252
ENSG00000159208,11,0,0,0,5,0.252
ENSG00000157833,5,0,26,0,67,0.251
ENSG00000166762,0,0,0,0,0,0.251
ENSG00000231213,6,0,0,0,0,0.251
ENSG00000165140,0,0,5,0,41,0.25
ENSG00000185482,0,0,0,0,0,0.25
ENSG00000099866,56,0,66,36,8,0.249
ENSG00000106336,30,0,34,10,14,0.249
ENSG00000188825,51,4,27,43,8,0.249
ENSG00000074181,0,0,23,0,36,0.248
ENSG00000087077,0,0,0,0,0,0.248
ENSG00000089847,39,0,47,11,10,0.248
ENSG00000120057,0,0,21,0,29,0.248
ENSG00000124731,0,0,0,0,57,0.248
ENSG00000140675,13,0,15,2,36,0.248
ENSG00000188322,5,0,21,0,51,0.248
ENSG00000257088,0,0,0,0,0,0.248
ENSG00000035664,0,0,0,15,0,0.247
ENSG00000117245,3,0,25,0,32,0.247
ENSG00000142235,4,0,22,0,29,0.247
ENSG00000182118,3,11,23,0,37,0.247
ENSG00000228570,0,0,0,0,0,0.247
ENSG00000025039,0,0,21,0,48,0.246
ENSG00000140839,0,0,0,0,0,0.246
ENSG00000167613,0,0,0,0,0,0.246
ENSG00000175497,0,0,0,0,0,0.246
ENSG00000221955,0,0,0,0,0,0.246
ENSG00000154537,0,5,0,0,3,0.245
ENSG00000163131,5,1,0,0,0,0.245
ENSG00000100490,0,0,0,0,0,0.244
ENSG00000164484,0,0,18,0,16,0.244
ENSG00000204176,7,0,21,0,57,0.244
ENSG00000244607,0,0,0,0,0,0.244
ENSG00000131019,0,0,10,0,41,0.243
ENSG00000221994,0,0,10,0,0,0.243
ENSG00000148082,18,0,29,12,42,0.242
ENSG00000162391,0,0,12,0,7,0.242
ENSG00000243566,10,0,22,4,0,0.242
ENSG00000066185,22,0,23,15,11,0.241
ENSG00000125726,0,0,0,0,0,0.241
ENSG00000151651,0,0,12,0,12,0.241
ENSG00000169085,3,0,0,14,0,0.241
ENSG00000179397,30,0,18,12,7,0.241
ENSG00000085831,7,0,13,0,33,0.24
ENSG00000099139,13,0,29,0,39,0.24
ENSG00000112212,18,0,26,22,0,0.24
ENSG00000173947,13,0,13,3,4,0.24
ENSG00000111860,0,0,0,0,48,0.239
ENSG00000117461,13,0,17,0,23,0.239
ENSG00000181074,0,0,0,0,0,0.239
ENSG00000128567,0,0,21,0,59,0.238
ENSG00000166482,13,0,16,0,9,0.238
ENSG00000188394,0,0,0,0,0,0.238
ENSG00000213132,0,0,0,4,0,0.238
ENSG00000213714,0,0,0,0,15,0.238
ENSG00000214841,0,0,0,3,0,0.238
ENSG00000255641,0,0,0,0,0,0.238
ENSG00000119715,0,0,0,0,0,0.237
ENSG00000130477,0,0,0,0,11,0.237
ENSG00000171388,0,0,19,0,27,0.237
ENSG00000185386,0,0,32,0,23,0.237
ENSG00000039537,0,4,0,0,0,0.236
ENSG00000136653,0,0,28,0,21,0.236
ENSG00000168925,12,0,30,0,51,0.236
ENSG00000171346,11,0,20,3,20,0.236
ENSG00000213931,0,0,0,0,33,0.236
ENSG00000084710,11,0,24,0,63,0.235
ENSG00000105991,11,0,16,0,13,0.235
ENSG00000112053,31,0,29,22,17,0.235
ENSG00000167077,9,0,13,0,0,0.235
ENSG00000189366,7,0,7,0,0,0.235
ENSG00000222038,0,0,0,0,0,0.235
ENSG00000108187,62,0,27,33,14,0.234
ENSG00000136531,0,0,0,0,0,0.234
ENSG00000100626,0,0,33,0,33,0.233
ENSG00000153237,42,0,36,34,9,0.233
ENSG00000205853,0,0,0,0,0,0.233
ENSG00000219626,14,0,23,8,10,0.233
ENSG00000095596,7,0,40,0,53,0.232
ENSG00000117226,0,0,0,0,0,0.232
ENSG00000168993,0,0,26,0,56,0.232
ENSG00000219435,30,0,41,9,54,0.232
ENSG00000236279,0,0,12,0,58,0.232
ENSG00000128285,13,0,20,0,29,0.231
ENSG00000140092,13,0,19,3,25,0.231
ENSG00000108947,3,0,15,0,36,0.23
ENSG00000168785,0,0,15,0,51,0.23
ENSG00000204248,0,0,0,0,0,0.23
ENSG00000120833,15,0,29,1,22,0.229
ENSG00000153060,0,0,0,0,22,0.229
ENSG00000169442,8,0,0,0,0,0.229
ENSG00000181781,0,0,1,0,40,0.229
ENSG00000183971,38,0,37,24,7,0.229
ENSG00000221887,0,0,4,0,3,0.229
ENSG00000138378,0,0,11,0,30,0.228
ENSG00000105419,0,0,11,0,59,0.227
ENSG00000163254,12,0,3,6,0,0.226
ENSG00000171962,23,0,20,5,18,0.226
ENSG00000182993,32,0,18,22,13,0.226
ENSG00000131096,49,0,55,31,4,0.225
ENSG00000162068,53,0,79,8,24,0.225
ENSG00000179023,11,0,19,3,0,0.225
ENSG00000183628,0,0,0,0,19,0.224
ENSG00000221946,29,0,30,14,14,0.224
ENSG00000125931,0,0,37,0,52,0.223
ENSG00000139890,0,0,3,0,61,0.223
ENSG00000161570,0,0,3,0,9,0.223
ENSG00000196338,3,0,9,0,0,0.223
ENSG00000120875,13,0,38,0,86,0.222
ENSG00000146216,9,6,28,0,68,0.222
ENSG00000155749,4,0,0,0,0,0.222
ENSG00000179314,0,0,0,0,0,0.222
ENSG00000180998,32,0,34,6,9,0.222
ENSG00000186212,10,7,24,0,37,0.222
ENSG00000255874,17,0,24,6,42,0.222
ENSG00000089327,0,0,20,0,79,0.221
ENSG00000122304,35,0,5,78,0,0.221
ENSG00000232850,53,0,61,41,4,0.221
ENSG00000134594,9,0,18,3,6,0.219
ENSG00000166262,25,9,15,21,6,0.219
ENSG00000171817,0,97,0,0,0,0.219
ENSG00000177688,0,0,0,0,0,0.219
ENSG00000123329,26,0,19,19,9,0.218
ENSG00000178878,51,0,33,56,8,0.218
ENSG00000183196,9,0,22,0,27,0.218
ENSG00000128917,4,0,63,0,63,0.217
ENSG00000152213,12,0,20,10,0,0.217
ENSG00000175806,25,0,20,11,9,0.217
ENSG00000188396,50,0,42,61,11,0.217
ENSG00000241043,6,0,0,1,0,0.217
ENSG00000105131,0,0,0,0,0,0.216
ENSG00000108785,30,0,6,49,0,0.216
ENSG00000254671,35,0,24,30,19,0.216
ENSG00000123892,0,0,0,0,0,0.215
ENSG00000160951,6,0,11,0,0,0.215
ENSG00000049540,0,0,0,0,59,0.214
ENSG00000161031,0,0,0,0,19,0.214
ENSG00000075213,0,0,0,0,4,0.213
ENSG00000107593,0,0,0,0,36,0.213
ENSG00000130720,3,0,37,0,68,0.213
ENSG00000152582,13,0,13,7,6,0.213
ENSG00000188199,0,0,0,0,0,0.213
ENSG00000214960,22,0,19,11,7,0.213
ENSG00000102128,0,0,0,0,0,0.212
ENSG00000135374,5,0,14,0,6,0.212
ENSG00000143595,15,7,17,6,29,0.212
ENSG00000157653,28,0,26,22,15,0.212
ENSG00000129116,0,0,0,0,0,0.211
ENSG00000156804,3,0,25,0,49,0.211
ENSG00000169981,0,5,0,0,0,0.211
ENSG00000170476,18,0,21,5,2,0.211
ENSG00000171931,8,0,4,15,0,0.211
ENSG00000185955,0,0,0,0,0,0.211
ENSG00000126882,7,0,38,0,70,0.21
ENSG00000182612,23,0,27,13,6,0.21
ENSG00000212724,21,0,0,26,0,0.21
ENSG00000253320,38,0,32,31,8,0.21
ENSG00000104814,24,0,25,18,9,0.209
ENSG00000186451,3,0,8,5,0,0.209
ENSG00000126259,0,0,21,0,59,0.208
ENSG00000182902,4,0,6,0,9,0.208
ENSG00000100557,0,0,0,0,0,0.207
ENSG00000108309,0,0,24,0,31,0.207
ENSG00000136717,6,0,27,0,72,0.206
ENSG00000179431,5,0,17,0,29,0.206
ENSG00000179546,0,0,0,0,0,0.206
ENSG00000198569,53,0,76,9,3,0.206
ENSG00000213215,0,0,0,6,0,0.206
ENSG00000124374,0,0,16,0,31,0.205
ENSG00000171812,4,0,21,0,50,0.205
ENSG00000205809,0,0,0,0,0,0.205
ENSG00000063169,37,0,32,21,5,0.204
ENSG00000164972,0,0,0,0,0,0.204
ENSG00000168621,0,0,24,0,64,0.204
ENSG00000185198,0,0,3,0,21,0.204
ENSG00000198520,35,0,25,32,0,0.204
ENSG00000215244,0,0,0,0,0,0.204
ENSG00000072952,0,0,0,0,48,0.203
ENSG00000099338,14,0,22,9,0,0.203
ENSG00000159167,0,0,0,0,18,0.203
ENSG00000172425,27,0,29,14,7,0.203
ENSG00000204301,0,0,0,0,0,0.203
ENSG00000242173,3,0,21,0,49,0.203
ENSG00000027869,13,0,15,0,44,0.202
ENSG00000104723,0,1,0,0,0,0.202
ENSG00000115339,0,0,17,0,31,0.202
ENSG00000143257,4,0,13,9,0,0.202
ENSG00000169962,18,0,20,0,3,0.202
ENSG00000182759,9,4,33,0,52,0.202
ENSG00000183979,16,0,18,0,0,0.202
ENSG00000184271,27,0,25,9,5,0.202
ENSG00000256043,11,0,12,5,0,0.202
ENSG00000103740,0,0,0,0,3,0.201
ENSG00000160161,4,0,11,0,13,0.201
ENSG00000164078,3,0,21,0,0,0.201
ENSG00000229974,38,0,35,37,5,0.201
ENSG00000257743,0,0,0,0,0,0.201
ENSG00000061455,0,0,30,0,80,0.2
ENSG00000073331,26,0,26,4,17,0.2
ENSG00000108387,0,0,0,0,35,0.2
ENSG00000110887,31,4,35,8,16,0.2
ENSG00000178597,0,0,13,0,33,0.2
ENSG00000254997,6,0,25,0,0,0.2
ENSG00000197502,0,0,0,0,0,0.199
ENSG00000240021,0,0,0,0,39,0.199
ENSG00000017621,9,0,9,7,0,0.197
ENSG00000135052,0,0,13,0,85,0.197
ENSG00000183653,0,0,0,0,0,0.197
ENSG00000206172,8,0,16,0,19,0.197
ENSG00000232859,9,0,9,0,0,0.197
ENSG00000117228,11,0,0,0,0,0.196
ENSG00000137460,0,0,29,0,48,0.196
ENSG00000144730,11,0,16,0,29,0.196
ENSG00000159337,5,0,22,0,34,0.196
ENSG00000174137,11,0,18,0,0,0.196
ENSG00000183248,28,0,58,14,3,0.196
ENSG00000183840,8,0,14,0,23,0.196
ENSG00000187812,7,0,4,12,6,0.196
ENSG00000103546,0,0,19,0,32,0.195
ENSG00000126016,0,0,12,0,6,0.195
ENSG00000129988,13,0,14,0,0,0.195
ENSG00000137752,0,0,0,0,0,0.195
ENSG00000162461,17,0,34,0,0,0.195
ENSG00000020633,0,0,0,0,45,0.194
ENSG00000109771,39,0,22,30,0,0.194
ENSG00000165197,0,0,0,0,0,0.194
ENSG00000198754,4,0,5,0,0,0.194
ENSG00000135638,23,0,43,0,80,0.193
ENSG00000137094,16,0,24,0,11,0.193
ENSG00000152229,8,0,15,0,36,0.193
ENSG00000177679,3,0,14,0,0,0.193
ENSG00000213190,28,0,29,18,12,0.193
ENSG00000100078,0,0,0,0,58,0.192
ENSG00000100652,0,0,5,18,0,0.192
ENSG00000125551,0,0,0,0,0,0.192
ENSG00000175175,7,0,17,0,48,0.192
ENSG00000187786,0,0,0,0,0,0.192
ENSG00000234188,0,0,0,0,0,0.192
ENSG00000158246,3,0,20,0,24,0.191
ENSG00000169330,0,0,14,0,62,0.191
ENSG00000184574,18,0,29,0,46,0.191
ENSG00000203737,0,0,0,0,0,0.191
ENSG00000070731,11,0,20,0,46,0.19
ENSG00000123901,4,0,10,3,36,0.19
ENSG00000137098,40,0,38,30,5,0.19
ENSG00000138587,7,0,16,0,0,0.19
ENSG00000159958,7,0,17,0,11,0.19
ENSG00000165972,36,0,29,29,9,0.19
ENSG00000129038,0,0,20,0,59,0.189
ENSG00000147650,9,0,21,0,22,0.189
ENSG00000197580,5,0,0,0,0,0.189
ENSG00000212993,0,0,0,0,0,0.189
ENSG00000065325,0,0,0,0,16,0.188
ENSG00000128422,0,0,4,0,61,0.188
ENSG00000132855,0,0,0,0,0,0.188
ENSG00000147065,0,0,0,0,0,0.188
ENSG00000164342,5,0,4,0,4,0.188
ENSG00000255374,0,0,0,0,0,0.188
ENSG00000142606,3,11,31,0,47,0.187
ENSG00000151948,0,0,6,0,34,0.187
ENSG00000152672,8,0,5,0,51,0.187
ENSG00000162620,13,0,12,13,4,0.187
ENSG00000171790,0,0,0,0,0,0.187
ENSG00000172201,17,0,18,16,10,0.187
ENSG00000179715,0,0,7,0,35,0.187
ENSG00000183251,0,0,0,0,0,0.187
ENSG00000185442,50,0,34,68,12,0.187
ENSG00000186998,15,0,31,0,38,0.187
ENSG00000198948,0,0,0,0,10,0.187
ENSG00000221813,0,3,0,0,0,0.187
ENSG00000255986,6,0,24,0,88,0.187
ENSG00000105550,17,0,5,11,0,0.186
ENSG00000128573,0,0,33,0,22,0.186
ENSG00000134871,0,0,0,0,74,0.186
ENSG00000142583,0,0,0,0,62,0.186
ENSG00000188626,11,0,7,7,0,0.186
ENSG00000198934,7,0,13,0,0,0.186
ENSG00000124140,17,0,23,4,3,0.185
ENSG00000143061,0,0,14,0,34,0.185
ENSG00000180176,0,0,3,0,75,0.185
ENSG00000197697,7,0,7,5,2,0.185
ENSG00000198339,0,0,0,0,0,0.185
ENSG00000203690,0,0,0,0,20,0.185
ENSG00000147869,0,0,0,0,12,0.184
ENSG00000198555,0,0,0,0,0,0.184
ENSG00000106617,0,0,28,0,29,0.183
ENSG00000141744,26,0,43,0,56,0.183
ENSG00000173237,11,18,20,8,0,0.183
ENSG00000185523,0,7,0,0,0,0.183
ENSG00000071246,0,0,17,0,44,0.182
ENSG00000104368,4,0,0,0,46,0.182
ENSG00000107807,0,0,20,0,44,0.182
ENSG00000174130,0,0,0,0,0,0.182
ENSG00000177098,0,0,19,0,85,0.182
ENSG00000187492,37,0,43,4,22,0.182
ENSG00000074771,0,0,0,0,0,0.181
ENSG00000075290,0,0,0,0,17,0.181
ENSG00000084628,0,0,15,0,51,0.181
ENSG00000140323,0,0,16,0,34,0.181
ENSG00000143450,24,0,18,14,16,0.181
ENSG00000149506,0,0,4,0,25,0.181
ENSG00000122136,0,0,0,0,29,0.18
ENSG00000145911,0,0,19,0,75,0.18
ENSG00000179938,0,0,0,0,0,0.18
ENSG00000186765,5,18,25,0,66,0.18
ENSG00000245017,39,0,44,29,21,0.18
ENSG00000103528,0,0,16,0,62,0.179
ENSG00000111886,4,0,17,0,6,0.179
ENSG00000128510,0,0,0,0,11,0.179
ENSG00000189195,17,0,12,5,9,0.179
ENSG00000255854,0,0,0,0,0,0.179
ENSG00000069696,0,0,0,0,0,0.178
ENSG00000100312,0,0,0,0,18,0.178
ENSG00000110328,4,0,17,0,46,0.178
ENSG00000151623,12,0,42,0,41,0.178
ENSG00000154102,0,0,16,0,77,0.178
ENSG00000064886,0,0,1,0,4,0.177
ENSG00000101188,0,0,0,0,83,0.177
ENSG00000155846,11,0,34,0,30,0.177
ENSG00000197536,22,0,20,18,5,0.177
ENSG00000204421,0,0,0,0,0,0.177
ENSG00000236882,8,0,0,3,0,0.177
ENSG00000253958,7,0,11,0,11,0.177
ENSG00000104892,0,0,1,0,23,0.176
ENSG00000116031,0,10,0,0,46,0.176
ENSG00000139193,0,0,0,0,6,0.176
ENSG00000120664,13,0,15,12,0,0.175
ENSG00000162069,6,0,7,0,71,0.175
ENSG00000174599,5,0,8,0,0,0.175
ENSG00000197943,0,0,7,0,36,0.175
ENSG00000215644,0,0,32,0,70,0.175
ENSG00000120903,0,0,6,0,15,0.174
ENSG00000134343,0,0,0,0,0,0.174
ENSG00000142405,0,0,4,0,3,0.174
ENSG00000197172,0,0,0,0,0,0.174
ENSG00000198682,3,0,12,0,28,0.174
ENSG00000217702,0,0,0,0,0,0.174
ENSG00000259207,0,0,14,0,8,0.174
ENSG00000169026,17,0,25,4,21,0.173
ENSG00000214353,0,0,0,5,0,0.173
ENSG00000124743,0,0,3,0,19,0.172
ENSG00000010379,0,0,3,0,7,0.171
ENSG00000146857,0,0,0,0,0,0.171
ENSG00000174871,7,0,11,0,7,0.171
ENSG00000187699,0,0,0,0,0,0.171
ENSG00000204904,0,0,8,0,0,0.171
ENSG00000135902,7,0,45,0,82,0.17
ENSG00000168016,0,18,0,0,0,0.17
ENSG00000188368,13,0,12,7,3,0.17
ENSG00000226650,0,0,0,0,35,0.17
ENSG00000072818,0,0,9,0,11,0.169
ENSG00000130035,0,0,0,0,27,0.169
ENSG00000139160,0,0,0,0,7,0.169
ENSG00000071967,11,0,22,0,65,0.168
ENSG00000103534,0,0,9,0,48,0.168
ENSG00000110455,0,0,10,0,15,0.168
ENSG00000155269,0,0,0,0,4,0.168
ENSG00000173338,0,0,0,0,0,0.168
ENSG00000003987,0,0,0,0,6,0.167
ENSG00000010327,17,0,17,0,30,0.167
ENSG00000074410,3,0,12,0,54,0.167
ENSG00000143882,0,0,14,0,90,0.167
ENSG00000158525,0,0,0,0,9,0.167
ENSG00000161638,0,0,13,0,47,0.167
ENSG00000168874,5,0,25,0,63,0.167
ENSG00000181408,26,0,24,10,9,0.167
ENSG00000128310,7,0,15,0,0,0.166
ENSG00000160471,7,0,22,0,61,0.166
ENSG00000162738,0,0,16,0,74,0.166
ENSG00000091490,0,0,21,0,69,0.165
ENSG00000161040,25,0,21,14,6,0.165
ENSG00000166750,12,0,18,0,21,0.165
ENSG00000089199,0,0,10,0,7,0.164
ENSG00000106025,4,0,19,0,12,0.164
ENSG00000130700,9,0,28,0,51,0.164
ENSG00000179817,0,0,0,0,15,0.164
ENSG00000182676,32,0,41,17,6,0.164
ENSG00000188755,0,0,0,0,0,0.164
ENSG00000254967,0,0,3,0,0,0.164
ENSG00000174236,6,0,3,14,0,0.163
ENSG00000187550,0,0,16,0,0,0.163
ENSG00000197734,28,0,22,19,13,0.163
ENSG00000214708,29,0,19,12,13,0.163
ENSG00000258929,8,0,0,20,3,0.163
ENSG00000070729,0,0,0,0,32,0.162
ENSG00000124440,13,0,29,10,3,0.162
ENSG00000128346,36,0,29,23,15,0.162
ENSG00000153162,0,0,28,0,78,0.162
ENSG00000162931,6,0,11,0,13,0.162
ENSG00000120318,0,0,17,0,24,0.161
ENSG00000126262,0,0,0,0,23,0.161
ENSG00000136449,4,0,18,0,18,0.161
ENSG00000149050,9,0,13,5,6,0.161
ENSG00000151575,43,0,38,25,11,0.161
ENSG00000172361,9,0,13,0,6,0.161
ENSG00000173876,3,0,16,0,0,0.161
ENSG00000183682,4,0,14,0,26,0.16
ENSG00000186825,8,0,16,0,4,0.159
ENSG00000205850,0,0,0,0,3,0.159
ENSG00000115295,0,6,0,0,49,0.158
ENSG00000126803,6,0,11,4,3,0.158
ENSG00000133328,4,0,0,4,3,0.158
ENSG00000165643,0,0,11,0,69,0.158
ENSG00000170122,0,0,17,0,10,0.158
ENSG00000196834,0,0,0,0,0,0.158
ENSG00000214900,21,0,17,17,6,0.158
ENSG00000222005,0,0,0,0,24,0.158
ENSG00000086159,0,0,28,0,64,0.157
ENSG00000125864,36,0,23,23,5,0.157
ENSG00000163263,0,0,0,3,0,0.157
ENSG00000185674,0,6,0,0,5,0.157
ENSG00000125872,8,0,33,0,23,0.156
ENSG00000187242,0,0,0,0,19,0.156
ENSG00000188981,0,0,0,0,0,0.156
ENSG00000116852,0,0,18,0,33,0.155
ENSG00000186847,0,0,0,0,45,0.155
ENSG00000224997,24,0,22,6,0,0.155
ENSG00000259649,0,0,0,0,0,0.155
ENSG00000130656,0,0,0,0,52,0.154
ENSG00000168350,0,2,30,0,28,0.154
ENSG00000186340,0,4,0,0,91,0.154
ENSG00000205147,0,0,0,0,0,0.154
ENSG00000205669,10,0,16,6,0,0.154
ENSG00000248712,4,0,4,0,12,0.154
ENSG00000064201,5,0,21,0,12,0.153
ENSG00000075461,0,0,19,0,74,0.153
ENSG00000112357,0,0,4,0,8,0.153
ENSG00000130948,0,0,0,0,0,0.153
ENSG00000170209,0,0,0,0,11,0.153
ENSG00000172782,0,0,12,0,76,0.153
ENSG00000100558,0,0,3,0,3,0.152
ENSG00000150636,24,0,17,16,9,0.152
ENSG00000128918,0,0,0,0,0,0.151
ENSG00000130487,3,0,21,0,30,0.151
ENSG00000162975,0,0,14,0,74,0.151
ENSG00000164309,0,0,10,0,0,0.151
ENSG00000172137,5,0,10,0,64,0.151
ENSG00000187753,0,0,0,0,0,0.151
ENSG00000128564,0,0,40,0,50,0.15
ENSG00000134954,0,0,0,0,8,0.15
ENSG00000139908,0,5,0,0,0,0.15
ENSG00000142347,0,0,3,0,27,0.15
ENSG00000170367,0,0,0,0,5,0.15
ENSG00000174992,0,0,0,0,38,0.15
ENSG00000204669,0,0,0,0,5,0.15
ENSG00000239732,38,0,41,30,9,0.15
ENSG00000079557,0,0,0,2,0,0.149
ENSG00000129951,0,0,25,0,29,0.149
ENSG00000135409,8,0,15,0,6,0.149
ENSG00000137501,0,0,12,0,19,0.149
ENSG00000144837,0,0,9,0,10,0.149
ENSG00000149781,0,0,0,0,0,0.149
ENSG00000165702,34,0,24,19,11,0.149
ENSG00000183281,0,0,0,0,0,0.149
ENSG00000204913,4,0,7,0,37,0.149
ENSG00000140057,25,0,24,3,4,0.148
ENSG00000155962,0,0,0,0,0,0.148
ENSG00000162526,47,0,20,41,0,0.148
ENSG00000197601,0,0,0,0,0,0.148
ENSG00000101955,0,0,10,0,21,0.147
ENSG00000151773,22,0,19,9,4,0.147
ENSG00000154620,5,0,13,0,0,0.147
ENSG00000162669,11,0,11,0,12,0.147
ENSG00000166268,0,0,0,0,0,0.147
ENSG00000182379,0,0,21,0,62,0.147
ENSG00000196632,0,0,12,0,15,0.147
ENSG00000198003,28,0,25,9,6,0.147
ENSG00000198157,19,0,10,4,6,0.147
ENSG00000215304,0,0,0,0,0,0.147
ENSG00000104833,0,0,9,0,38,0.146
ENSG00000196220,24,0,23,22,6,0.146
ENSG00000204052,27,0,24,3,13,0.146
ENSG00000251606,0,0,0,0,0,0.146
ENSG00000258588,0,0,0,0,0,0.146
ENSG00000072201,11,0,12,0,13,0.145
ENSG00000153253,0,0,0,0,0,0.145
ENSG00000167261,10,0,4,16,7,0.145
ENSG00000173805,8,0,32,0,78,0.145
ENSG00000183111,39,0,39,36,15,0.145
ENSG00000187720,0,0,0,0,4,0.145
ENSG00000203902,0,0,0,0,0,0.145
ENSG00000213214,0,0,3,0,0,0.145
ENSG00000221947,14,0,9,10,4,0.145
ENSG00000229474,28,0,26,22,12,0.145
ENSG00000091879,16,0,0,28,0,0.144
ENSG00000116652,0,0,0,0,0,0.144
ENSG00000137463,0,4,0,0,0,0.144
ENSG00000137699,30,0,40,42,0,0.144
ENSG00000152463,0,0,0,0,4,0.144
ENSG00000186105,0,0,0,0,0,0.144
ENSG00000188687,0,0,0,0,18,0.144
ENSG00000204428,0,0,0,0,0,0.144
ENSG00000205913,51,0,44,41,23,0.144
ENSG00000236334,0,6,0,0,0,0.144
ENSG00000134548,0,5,10,0,26,0.143
ENSG00000145832,0,5,15,0,43,0.143
ENSG00000149599,13,0,23,0,44,0.143
ENSG00000172380,0,0,18,0,33,0.143
ENSG00000227908,47,0,24,41,13,0.143
ENSG00000103710,3,0,0,0,5,0.142
ENSG00000104783,8,0,11,0,4,0.142
ENSG00000168280,0,0,24,0,38,0.142
ENSG00000189377,22,0,13,40,0,0.142
ENSG00000196355,66,0,40,65,10,0.142
ENSG00000004776,30,0,25,16,4,0.141
ENSG00000101200,0,0,33,0,63,0.141
ENSG00000105784,6,0,21,0,16,0.141
ENSG00000168939,0,0,0,0,0,0.141
ENSG00000101638,0,0,0,0,34,0.14
ENSG00000137821,17,0,19,0,13,0.14
ENSG00000138642,8,0,12,0,11,0.14
ENSG00000164989,14,0,19,9,18,0.14
ENSG00000181085,0,0,21,0,28,0.14
ENSG00000187185,44,0,63,42,5,0.14
ENSG00000214248,33,0,34,32,8,0.14
ENSG00000257335,0,0,0,0,0,0.14
ENSG00000141449,0,0,23,0,27,0.139
ENSG00000152284,0,0,22,0,49,0.139
ENSG00000182931,0,0,0,0,18,0.139
ENSG00000213471,7,0,14,5,0,0.139
ENSG00000234949,42,0,53,50,7,0.139
ENSG00000243244,12,0,16,0,10,0.139
ENSG00000087589,12,0,11,8,4,0.138
ENSG00000140279,3,0,23,0,68,0.138
ENSG00000164076,6,0,24,3,43,0.138
ENSG00000167910,0,0,0,0,4,0.138
ENSG00000173597,0,0,0,0,0,0.138
ENSG00000214447,26,0,24,20,16,0.138
ENSG00000253414,0,0,0,0,7,0.138
ENSG00000142789,11,0,0,18,0,0.137
ENSG00000146049,46,0,18,41,10,0.137
ENSG00000163430,0,0,10,0,49,0.137
ENSG00000164949,0,0,9,0,42,0.137
ENSG00000167646,10,0,20,5,6,0.137
ENSG00000182013,0,0,9,0,29,0.137
ENSG00000214314,27,0,27,27,11,0.137
ENSG00000224153,0,0,0,0,24,0.137
ENSG00000047365,6,0,14,0,0,0.136
ENSG00000103021,0,0,1,0,27,0.136
ENSG00000128383,0,0,0,0,36,0.136
ENSG00000172901,0,0,12,0,40,0.136
ENSG00000227782,10,0,0,50,0,0.136
ENSG00000066629,0,0,0,0,68,0.135
ENSG00000088386,0,0,10,0,26,0.135
ENSG00000105374,19,0,15,13,24,0.135
ENSG00000167131,27,0,24,20,16,0.135
ENSG00000203863,29,0,27,27,9,0.135
ENSG00000230510,41,12,44,38,23,0.135
ENSG00000100360,0,9,0,0,49,0.134
ENSG00000105889,0,0,0,0,0,0.134
ENSG00000109991,23,0,31,13,40,0.134
ENSG00000214357,13,0,12,0,52,0.134
ENSG00000149435,0,0,0,0,11,0.133
ENSG00000168421,19,0,20,16,4,0.133
ENSG00000186517,25,0,25,14,0,0.133
ENSG00000204828,0,0,0,0,0,0.133
ENSG00000243444,0,0,0,0,41,0.133
ENSG00000003096,0,0,12,0,6,0.132
ENSG00000160868,0,0,0,0,0,0.132
ENSG00000162551,5,0,11,0,52,0.132
ENSG00000164841,4,0,10,0,17,0.132
ENSG00000183087,0,4,10,0,11,0.132
ENSG00000205810,0,0,0,0,0,0.132
ENSG00000042062,0,0,11,0,60,0.131
ENSG00000066923,0,0,11,0,15,0.131
ENSG00000157999,0,0,0,0,0,0.131
ENSG00000163331,0,0,0,0,26,0.131
ENSG00000164512,0,0,0,0,42,0.131
ENSG00000185332,28,0,53,0,91,0.131
ENSG00000133816,0,0,0,0,0,0.13
ENSG00000165457,2,0,0,0,28,0.13
ENSG00000170054,34,24,27,43,0,0.13
ENSG00000188779,0,0,0,0,30,0.13
ENSG00000204103,4,0,32,0,43,0.13
ENSG00000221949,28,0,20,22,7,0.13
ENSG00000258659,0,0,0,0,0,0.13
ENSG00000101443,9,0,23,0,41,0.129
ENSG00000102383,0,9,0,0,0,0.129
ENSG00000105929,0,0,0,0,13,0.129
ENSG00000168787,0,0,0,0,0,0.129
ENSG00000185978,0,0,0,0,0,0.129
ENSG00000204616,0,0,0,0,0,0.129
ENSG00000136378,0,0,25,0,56,0.128
ENSG00000165935,0,0,0,0,5,0.128
ENSG00000170373,0,0,0,0,38,0.128
ENSG00000187862,11,0,17,0,40,0.128
ENSG00000196511,14,0,16,0,4,0.128
ENSG00000238283,0,0,0,0,0,0.128
ENSG00000248993,0,0,0,0,0,0.128
ENSG00000101265,0,0,18,0,64,0.127
ENSG00000107317,5,0,25,0,47,0.127
ENSG00000138119,9,0,6,0,19,0.127
ENSG00000164708,0,0,0,0,0,0.127
ENSG00000241233,8,0,8,25,0,0.127
ENSG00000058091,7,19,0,0,0,0.126
ENSG00000110195,0,0,0,0,0,0.126
ENSG00000111254,26,0,19,14,14,0.126
ENSG00000170324,0,0,0,0,3,0.126
ENSG00000182557,0,0,1,0,22,0.126
ENSG00000188996,0,0,0,0,0,0.126
ENSG00000213904,0,0,10,0,47,0.126
ENSG00000081818,0,3,0,0,5,0.125
ENSG00000105664,0,0,24,0,59,0.125
ENSG00000112559,0,0,15,0,77,0.125
ENSG00000136367,50,0,34,27,21,0.125
ENSG00000163590,15,0,29,0,34,0.125
ENSG00000163995,6,0,21,0,50,0.125
ENSG00000168356,0,0,0,0,2,0.125
ENSG00000188112,21,0,32,5,14,0.125
ENSG00000189045,12,0,13,0,9,0.125
ENSG00000204572,0,0,4,0,38,0.125
ENSG00000049323,0,0,19,0,40,0.124
ENSG00000091129,0,0,20,0,22,0.124
ENSG00000187240,9,0,12,0,5,0.124
ENSG00000196091,0,0,0,0,0,0.124
ENSG00000196872,0,0,14,0,72,0.124
ENSG00000216937,17,5,15,9,4,0.124
ENSG00000238045,68,0,81,35,17,0.124
ENSG00000018625,0,0,15,2,7,0.123
ENSG00000043355,0,0,41,0,64,0.123
ENSG00000100024,0,0,0,0,0,0.123
ENSG00000121769,8,0,12,0,0,0.123
ENSG00000143226,0,0,10,0,0,0.123
ENSG00000144550,0,0,13,0,4,0.123
ENSG00000170801,3,0,14,0,66,0.123
ENSG00000180806,4,0,15,0,66,0.123
ENSG00000076258,0,0,0,0,0,0.122
ENSG00000116701,0,0,0,0,13,0.122
ENSG00000145321,0,55,0,0,0,0.122
ENSG00000180475,0,0,0,0,0,0.122
ENSG00000181982,0,0,0,0,25,0.122
ENSG00000237289,0,0,0,0,0,0.122
ENSG00000125910,3,0,9,0,5,0.121
ENSG00000138316,0,0,0,0,31,0.121
ENSG00000154146,0,0,14,0,66,0.121
ENSG00000163814,0,8,4,0,38,0.121
ENSG00000165799,24,0,6,13,0,0.121
ENSG00000166415,0,0,7,0,0,0.121
ENSG00000167970,26,0,24,23,7,0.121
ENSG00000170954,0,55,3,0,0,0.121
ENSG00000187479,0,0,0,16,0,0.121
ENSG00000188766,3,0,33,0,22,0.121
ENSG00000198797,0,0,0,0,9,0.121
ENSG00000223572,0,0,0,0,0,0.121
ENSG00000128045,0,4,9,0,8,0.12
ENSG00000130643,0,0,23,0,61,0.12
ENSG00000171873,4,0,21,0,33,0.12
ENSG00000179363,0,0,0,0,0,0.12
ENSG00000256762,0,0,3,0,0,0.12
ENSG00000071205,5,0,21,0,34,0.119
ENSG00000109927,0,0,0,0,0,0.119
ENSG00000113600,30,0,21,15,5,0.119
ENSG00000170215,4,0,4,4,3,0.119
ENSG00000187624,15,0,18,19,0,0.119
ENSG00000255038,28,0,24,13,3,0.119
ENSG00000087494,4,0,19,0,63,0.118
ENSG00000103196,0,0,12,0,77,0.118
ENSG00000111704,0,0,0,0,19,0.118
ENSG00000166033,0,0,20,0,83,0.118
ENSG00000183317,0,0,5,0,21,0.118
ENSG00000183578,0,0,0,0,0,0.118
ENSG00000204793,0,0,0,0,0,0.118
ENSG00000214860,4,7,11,0,9,0.118
ENSG00000107731,0,0,22,0,72,0.117
ENSG00000110446,9,0,14,0,31,0.117
ENSG00000111490,0,6,15,0,29,0.117
ENSG00000162344,36,0,40,30,0,0.117
ENSG00000111834,13,0,13,0,7,0.116
ENSG00000125355,0,0,23,0,16,0.116
ENSG00000166979,14,0,23,0,34,0.116
ENSG00000198576,0,0,14,0,55,0.116
ENSG00000253133,31,0,21,14,11,0.116
ENSG00000070985,19,0,16,0,47,0.115
ENSG00000122694,0,0,17,0,62,0.115
ENSG00000163576,46,0,33,26,8,0.115
ENSG00000168490,0,0,13,0,55,0.115
ENSG00000186409,12,0,11,10,0,0.115
ENSG00000188050,4,0,0,14,0,0.115
ENSG00000206077,0,0,0,0,20,0.115
ENSG00000213002,0,0,0,0,0,0.115
ENSG00000214842,11,0,10,0,15,0.115
ENSG00000249751,0,0,5,0,42,0.115
ENSG00000105464,38,0,71,14,51,0.114
ENSG00000105479,15,0,23,10,4,0.114
ENSG00000112303,0,0,5,0,0,0.114
ENSG00000138100,7,0,4,0,30,0.114
ENSG00000165474,0,0,20,0,47,0.114
ENSG00000179841,17,0,17,0,0,0.114
ENSG00000204620,28,0,26,22,9,0.114
ENSG00000259215,18,0,18,13,1,0.114
ENSG00000068976,0,0,12,0,18,0.113
ENSG00000129194,1,0,1,0,0,0.113
ENSG00000134007,0,6,0,0,0,0.113
ENSG00000138400,23,0,19,13,15,0.113
ENSG00000143786,57,0,32,47,14,0.113
ENSG00000204695,0,0,0,0,0,0.113
ENSG00000130649,6,27,11,0,4,0.112
ENSG00000132749,0,0,9,0,0,0.112
ENSG00000146005,0,0,6,0,66,0.112
ENSG00000160190,8,0,17,0,25,0.112
ENSG00000166839,0,0,12,0,40,0.112
ENSG00000171643,0,0,0,0,4,0.112
ENSG00000173826,7,0,24,18,60,0.112
ENSG00000176472,30,0,27,25,12,0.112
ENSG00000104140,4,0,14,0,28,0.111
ENSG00000140379,0,0,0,10,0,0.111
ENSG00000171847,0,0,0,0,16,0.111
ENSG00000230453,4,8,15,0,11,0.111
ENSG00000248472,0,0,0,0,0,0.111
ENSG00000026652,0,0,0,0,22,0.11
ENSG00000138821,10,0,8,6,0,0.11
ENSG00000167535,18,0,42,0,46,0.11
ENSG00000197140,0,0,0,0,0,0.11
ENSG00000204532,0,0,0,0,0,0.11
ENSG00000256040,0,0,0,0,0,0.11
ENSG00000109846,42,0,24,57,0,0.109
ENSG00000132026,16,0,62,0,24,0.109
ENSG00000135114,4,0,10,0,11,0.109
ENSG00000146221,0,0,11,0,11,0.109
ENSG00000148604,0,0,10,0,23,0.109
ENSG00000171116,0,0,0,0,0,0.109
ENSG00000183560,0,0,0,0,7,0.109
ENSG00000218819,0,0,0,0,0,0.109
ENSG00000254550,0,0,0,0,3,0.109
ENSG00000019505,0,0,0,0,38,0.108
ENSG00000103056,2,0,17,0,0,0.108
ENSG00000107719,0,0,12,0,83,0.108
ENSG00000173110,4,0,17,0,4,0.108
ENSG00000182853,38,0,23,45,4,0.108
ENSG00000184163,3,0,11,3,0,0.108
ENSG00000186051,0,0,0,0,21,0.108
ENSG00000206127,0,0,0,0,0,0.108
ENSG00000249931,0,0,0,0,0,0.108
ENSG00000101222,42,0,45,4,35,0.107
ENSG00000102362,3,0,12,0,0,0.107
ENSG00000134531,0,0,0,0,39,0.107
ENSG00000166831,0,0,19,0,43,0.107
ENSG00000172940,0,0,0,0,0,0.107
ENSG00000180245,0,0,0,0,0,0.107
ENSG00000197604,0,0,0,0,0,0.107
ENSG00000204381,0,0,17,0,50,0.107
ENSG00000205413,3,0,0,0,0,0.107
ENSG00000227507,0,0,0,0,0,0.107
ENSG00000255182,73,0,69,59,9,0.107
ENSG00000092067,8,0,14,0,92,0.106
ENSG00000109705,11,0,40,0,51,0.106
ENSG00000120324,0,13,0,0,0,0.106
ENSG00000124575,14,0,17,0,32,0.106
ENSG00000124882,0,0,4,0,18,0.106
ENSG00000138031,0,0,19,0,86,0.106
ENSG00000139874,0,0,20,0,35,0.106
ENSG00000160973,30,0,34,9,0,0.106
ENSG00000167765,12,0,17,0,3,0.106
ENSG00000174171,3,0,25,0,48,0.106
ENSG00000184659,0,0,0,0,0,0.106
ENSG00000136383,15,0,22,10,0,0.105
ENSG00000144130,10,0,20,0,49,0.105
ENSG00000164037,16,0,15,12,6,0.105
ENSG00000166159,12,0,26,5,45,0.105
ENSG00000167741,15,0,11,3,1,0.105
ENSG00000182752,0,0,13,0,39,0.105
ENSG00000197980,17,0,13,15,15,0.105
ENSG00000125531,3,0,23,0,68,0.104
ENSG00000165388,9,5,13,0,32,0.104
ENSG00000007001,23,0,24,0,15,0.103
ENSG00000028277,0,6,0,0,3,0.103
ENSG00000131379,10,1,2,23,0,0.103
ENSG00000134668,7,0,15,0,14,0.103
ENSG00000166359,0,0,5,0,0,0.103
ENSG00000076344,4,0,41,0,71,0.102
ENSG00000132958,0,0,0,0,0,0.102
ENSG00000137673,0,0,3,0,11,0.102
ENSG00000148798,0,0,14,0,32,0.102
ENSG00000170091,0,0,0,0,0,0.102
ENSG00000180209,55,0,47,29,11,0.102
ENSG00000182264,0,0,2,0,0,0.102
ENSG00000182986,0,44,0,0,0,0.102
ENSG00000217442,16,0,17,10,23,0.102
ENSG00000100298,4,0,0,0,24,0.101
ENSG00000148702,0,0,0,0,15,0.101
ENSG00000150750,0,0,0,0,19,0.101
ENSG00000163412,0,0,3,0,44,0.101
ENSG00000163888,0,0,31,0,33,0.101
ENSG00000205090,0,0,0,0,0,0.101
ENSG00000214645,0,7,0,0,0,0.101
ENSG00000256050,25,0,44,8,0,0.101
ENSG00000111907,0,0,4,0,15,0.1
ENSG00000133069,0,0,22,0,50,0.1
ENSG00000151023,23,0,19,21,0,0.1
ENSG00000161180,14,0,32,10,7,0.1
ENSG00000174792,0,0,5,0,9,0.1
ENSG00000176732,20,0,15,4,0,0.1
ENSG00000178075,0,0,0,4,0,0.1
ENSG00000212743,0,0,0,0,20,0.1
ENSG00000214946,0,0,0,0,0,0.1
ENSG00000126467,32,0,29,23,10,0.099
ENSG00000180875,0,0,10,0,19,0.099
ENSG00000186007,6,0,17,4,65,0.099
ENSG00000255963,0,0,0,0,0,0.099
ENSG00000256097,0,0,3,0,63,0.099
ENSG00000103089,5,0,18,0,55,0.098
ENSG00000111981,0,0,7,0,56,0.098
ENSG00000113946,53,0,34,41,9,0.098
ENSG00000130052,0,0,8,0,6,0.098
ENSG00000135773,7,0,28,10,0,0.098
ENSG00000152315,0,0,32,0,45,0.098
ENSG00000163508,0,0,21,0,76,0.098
ENSG00000185010,26,0,17,20,4,0.098
ENSG00000250673,0,0,0,0,9,0.098
ENSG00000101445,0,0,16,0,67,0.097
ENSG00000137225,14,0,15,23,5,0.097
ENSG00000156299,0,0,0,0,20,0.097
ENSG00000169247,0,0,4,3,0,0.097
ENSG00000249679,11,0,20,0,49,0.097
ENSG00000006606,0,0,0,0,15,0.096
ENSG00000065675,16,0,17,0,36,0.096
ENSG00000092051,24,0,19,31,4,0.096
ENSG00000125571,0,0,0,0,33,0.096
ENSG00000135605,10,0,16,0,13,0.096
ENSG00000146938,0,0,0,0,0,0.096
ENSG00000165194,0,0,5,0,3,0.096
ENSG00000175518,0,0,0,0,6,0.096
ENSG00000164488,5,6,14,0,14,0.095
ENSG00000165071,0,0,0,0,0,0.095
ENSG00000166532,0,0,0,0,6,0.095
ENSG00000173013,33,0,33,15,14,0.095
ENSG00000197520,0,0,0,0,0,0.095
ENSG00000215186,0,0,0,0,0,0.095
ENSG00000244291,0,0,0,0,0,0.095
ENSG00000020181,15,0,20,0,36,0.094
ENSG00000062038,0,0,0,0,4,0.094
ENSG00000130518,25,0,31,18,2,0.094
ENSG00000162804,5,2,32,0,66,0.094
ENSG00000171357,13,0,23,7,11,0.094
ENSG00000186399,0,0,0,0,0,0.094
ENSG00000205864,20,0,12,20,32,0.094
ENSG00000214212,23,0,21,19,0,0.094
ENSG00000243480,0,0,0,0,0,0.094
ENSG00000028137,0,0,3,0,36,0.093
ENSG00000102524,0,0,0,0,0,0.093
ENSG00000134627,7,0,11,0,5,0.093
ENSG00000140505,4,0,0,0,0,0.093
ENSG00000171129,0,0,0,0,0,0.093
ENSG00000171798,0,0,21,0,31,0.093
ENSG00000204688,0,0,0,0,0,0.093
ENSG00000214511,0,0,0,0,0,0.093
ENSG00000250584,0,0,10,0,81,0.093
ENSG00000006047,18,0,28,0,18,0.092
ENSG00000111087,57,0,66,27,33,0.092
ENSG00000132698,2,0,3,0,0,0.092
ENSG00000175564,3,0,4,0,0,0.092
ENSG00000183473,3,0,16,0,46,0.092
ENSG00000196878,0,0,4,0,13,0.092
ENSG00000204397,0,0,0,0,0,0.092
ENSG00000259495,3,0,20,0,45,0.092
ENSG00000116833,3,0,13,0,26,0.091
ENSG00000138115,0,0,0,0,0,0.091
ENSG00000141294,26,0,20,14,9,0.091
ENSG00000156966,8,0,27,0,76,0.091
ENSG00000219073,8,0,0,22,0,0.091
ENSG00000049283,6,0,16,0,38,0.09
ENSG00000105675,0,0,0,0,16,0.09
ENSG00000169059,0,21,0,0,0,0.09
ENSG00000181634,0,0,3,0,0,0.09
ENSG00000188389,0,0,13,0,89,0.09
ENSG00000204595,0,0,0,13,0,0.09
ENSG00000213265,0,18,0,0,0,0.09
ENSG00000214167,0,0,0,0,57,0.09
ENSG00000030419,13,0,15,0,12,0.089
ENSG00000145391,0,0,0,0,19,0.089
ENSG00000167105,0,0,15,0,81,0.089
ENSG00000173281,7,6,12,0,38,0.089
ENSG00000183807,0,0,15,0,43,0.089
ENSG00000250588,0,0,0,0,0,0.089
ENSG00000019549,0,0,12,0,13,0.088
ENSG00000166073,9,0,20,0,30,0.088
ENSG00000180279,0,0,0,0,45,0.088
ENSG00000185272,0,0,8,0,4,0.088
ENSG00000196433,0,0,0,0,0,0.088
ENSG00000198915,0,0,14,0,46,0.088
ENSG00000221858,0,0,0,0,0,0.088
ENSG00000235631,0,0,0,0,0,0.088
ENSG00000241106,0,0,0,0,0,0.088
ENSG00000242715,11,4,12,0,8,0.088
ENSG00000254106,0,0,0,0,0,0.088
ENSG00000122122,0,0,0,6,5,0.087
ENSG00000133256,0,0,4,0,63,0.087
ENSG00000136514,8,0,9,0,3,0.087
ENSG00000148156,0,0,0,0,0,0.087
ENSG00000170703,3,0,25,0,27,0.087
ENSG00000173862,0,0,0,0,0,0.087
ENSG00000180616,0,0,25,0,92,0.087
ENSG00000182632,3,0,12,0,5,0.087
ENSG00000183542,0,0,5,0,3,0.087
ENSG00000184702,0,0,28,0,79,0.087
ENSG00000186471,0,0,0,0,0,0.087
ENSG00000259426,27,0,16,14,6,0.087
ENSG00000082014,0,0,8,0,71,0.086
ENSG00000117407,20,0,41,0,3,0.086
ENSG00000152580,0,0,0,0,28,0.086
ENSG00000160111,0,0,4,0,37,0.086
ENSG00000178852,13,7,14,0,3,0.086
ENSG00000186510,18,0,48,0,87,0.086
ENSG00000227268,73,0,53,46,30,0.086
ENSG00000007952,0,0,0,0,0,0.085
ENSG00000105825,0,0,9,0,17,0.085
ENSG00000126500,7,0,10,5,0,0.085
ENSG00000129048,0,0,0,0,0,0.085
ENSG00000131459,0,0,20,0,76,0.085
ENSG00000131771,4,0,32,0,71,0.085
ENSG00000187559,0,0,0,0,0,0.085
ENSG00000196415,0,0,15,0,56,0.085
ENSG00000206559,31,0,22,22,9,0.085
ENSG00000122728,0,0,0,0,26,0.084
ENSG00000154917,0,0,17,0,60,0.084
ENSG00000166394,0,0,10,0,46,0.084
ENSG00000172476,0,0,0,0,0,0.084
ENSG00000180340,7,0,24,0,73,0.084
ENSG00000198049,3,13,29,0,0,0.084
ENSG00000235865,50,0,31,60,0,0.084
ENSG00000107611,0,0,0,0,0,0.083
ENSG00000117148,0,44,0,0,3,0.083
ENSG00000188042,0,0,17,0,36,0.083
ENSG00000189120,1,0,9,0,71,0.083
ENSG00000197361,34,0,43,19,7,0.083
ENSG00000205420,0,0,0,0,32,0.083
ENSG00000239961,0,0,0,0,39,0.083
ENSG00000001561,0,0,0,0,4,0.082
ENSG00000068781,10,0,17,0,15,0.082
ENSG00000102001,20,0,22,11,0,0.082
ENSG00000125266,0,0,21,0,19,0.082
ENSG00000169885,25,0,40,1,33,0.082
ENSG00000178115,0,0,0,0,0,0.082
ENSG00000181333,0,0,0,0,0,0.082
ENSG00000184194,0,0,5,0,0,0.082
ENSG00000187122,0,0,11,0,94,0.082
ENSG00000212998,39,0,28,22,7,0.082
ENSG00000255568,32,0,30,25,9,0.082
ENSG00000165202,0,0,0,0,4,0.081
ENSG00000167608,0,0,10,0,0,0.081
ENSG00000175874,4,0,16,0,77,0.081
ENSG00000186191,0,0,0,0,32,0.081
ENSG00000233493,44,0,42,34,15,0.081
ENSG00000233608,0,0,17,0,70,0.081
ENSG00000099957,1,0,9,0,0,0.08
ENSG00000131094,12,0,30,0,86,0.08
ENSG00000140522,5,0,9,0,12,0.08
ENSG00000162039,0,0,0,0,8,0.08
ENSG00000179044,33,0,41,16,25,0.08
ENSG00000183379,0,0,5,0,19,0.08
ENSG00000185519,7,0,14,0,70,0.08
ENSG00000197748,18,11,16,14,5,0.08
ENSG00000007908,0,0,3,0,0,0.079
ENSG00000103154,0,0,7,0,27,0.079
ENSG00000104267,0,0,15,0,12,0.079
ENSG00000114646,0,0,23,0,28,0.079
ENSG00000115468,10,0,12,0,24,0.079
ENSG00000138079,0,0,0,0,0,0.079
ENSG00000154734,0,0,27,0,36,0.079
ENSG00000158023,0,0,0,0,0,0.079
ENSG00000159263,10,0,39,0,84,0.079
ENSG00000168427,8,0,31,0,59,0.079
ENSG00000181039,41,0,43,8,31,0.079
ENSG00000196620,0,0,0,0,0,0.079
ENSG00000215504,10,0,10,8,0,0.079
ENSG00000257242,51,0,29,22,19,0.079
ENSG00000077800,13,0,32,0,20,0.078
ENSG00000088726,0,0,0,0,19,0.078
ENSG00000091137,0,0,17,0,40,0.078
ENSG00000102385,0,0,0,0,4,0.078
ENSG00000135222,0,0,0,0,0,0.078
ENSG00000139626,0,0,0,0,20,0.078
ENSG00000161905,0,0,13,0,34,0.078
ENSG00000163462,22,0,24,10,6,0.078
ENSG00000178460,4,0,7,0,0,0.078
ENSG00000224689,0,0,0,0,30,0.078
ENSG00000234469,0,0,0,0,0,0.078
ENSG00000120451,0,0,0,0,0,0.077
ENSG00000124557,5,0,8,0,16,0.077
ENSG00000131370,0,0,0,0,0,0.077
ENSG00000135828,3,0,7,0,3,0.077
ENSG00000139946,0,0,23,0,41,0.077
ENSG00000156006,0,0,0,0,0,0.077
ENSG00000159289,0,0,0,0,0,0.077
ENSG00000179002,0,0,0,0,25,0.077
ENSG00000179774,8,0,14,0,28,0.077
ENSG00000197408,0,0,0,0,20,0.077
ENSG00000205364,6,0,15,0,79,0.077
ENSG00000069812,0,0,28,0,80,0.076
ENSG00000093134,0,0,0,0,0,0.076
ENSG00000109424,0,0,17,0,51,0.076
ENSG00000115963,0,14,0,0,0,0.076
ENSG00000130201,0,0,5,0,37,0.076
ENSG00000132561,4,0,16,0,30,0.076
ENSG00000138615,0,0,3,0,53,0.076
ENSG00000153563,14,0,22,0,22,0.076
ENSG00000159713,25,0,33,0,62,0.076
ENSG00000167080,8,16,13,0,58,0.076
ENSG00000173641,14,0,40,0,86,0.076
ENSG00000197182,0,0,6,0,85,0.076
ENSG00000215845,0,0,0,0,0,0.076
ENSG00000229619,44,0,23,35,3,0.076
ENSG00000237613,0,0,0,0,0,0.076
ENSG00000251209,0,0,3,0,4,0.076
ENSG00000124610,18,0,15,17,10,0.075
ENSG00000140478,0,0,0,0,0,0.075
ENSG00000152292,42,0,43,39,8,0.075
ENSG00000152763,35,0,29,26,22,0.075
ENSG00000155530,6,0,12,0,4,0.075
ENSG00000171451,3,0,17,0,28,0.075
ENSG00000171954,0,0,8,0,25,0.075
ENSG00000172824,4,0,13,0,22,0.075
ENSG00000182791,38,0,24,34,6,0.075
ENSG00000186226,0,0,0,0,0,0.075
ENSG00000188677,0,0,0,0,0,0.075
ENSG00000197213,0,0,0,0,0,0.075
ENSG00000107831,4,0,29,0,47,0.074
ENSG00000110484,0,0,7,0,21,0.074
ENSG00000123500,0,0,0,0,0,0.074
ENSG00000124785,0,0,24,0,65,0.074
ENSG00000148671,4,0,26,0,54,0.074
ENSG00000156959,0,0,11,0,37,0.074
ENSG00000167037,4,0,12,0,46,0.074
ENSG00000174460,0,0,8,0,9,0.074
ENSG00000176383,3,0,36,0,54,0.074
ENSG00000178828,5,0,19,4,22,0.074
ENSG00000183668,0,0,0,0,0,0.074
ENSG00000187733,0,0,0,0,0,0.074
ENSG00000188897,0,0,0,0,40,0.074
ENSG00000197467,0,0,0,0,67,0.074
ENSG00000203697,0,0,0,0,28,0.074
ENSG00000221852,0,0,0,0,0,0.074
ENSG00000230493,0,0,0,0,0,0.074
ENSG00000027075,8,0,10,0,12,0.073
ENSG00000073711,3,6,13,0,21,0.073
ENSG00000088002,8,0,28,5,24,0.073
ENSG00000130783,0,0,16,0,0,0.073
ENSG00000135299,0,0,13,0,12,0.073
ENSG00000135406,0,0,24,0,63,0.073
ENSG00000136630,6,0,16,0,17,0.073
ENSG00000162614,16,0,18,0,3,0.073
ENSG00000168081,3,0,10,0,49,0.073
ENSG00000176007,0,0,0,0,10,0.073
ENSG00000177294,0,0,0,0,15,0.073
ENSG00000181350,0,0,16,0,73,0.073
ENSG00000183397,0,0,0,0,0,0.073
ENSG00000186480,0,0,0,0,27,0.073
ENSG00000187456,0,0,10,0,7,0.073
ENSG00000203818,0,0,0,0,0,0.073
ENSG00000242180,0,0,0,0,4,0.073
ENSG00000113231,0,0,16,0,38,0.072
ENSG00000121075,0,0,6,0,0,0.072
ENSG00000130711,0,0,28,0,72,0.072
ENSG00000137392,0,0,0,0,23,0.072
ENSG00000137674,4,0,0,4,0,0.072
ENSG00000151917,7,0,24,0,30,0.072
ENSG00000163501,4,0,35,0,59,0.072
ENSG00000170921,0,0,0,0,0,0.072
ENSG00000196860,18,0,17,14,0,0.072
ENSG00000198573,0,0,0,0,0,0.072
ENSG00000228313,27,0,27,19,28,0.072
ENSG00000250709,11,4,12,0,8,0.072
ENSG00000259752,0,72,0,0,0,0.072
ENSG00000105695,0,0,15,0,50,0.071
ENSG00000107099,6,0,13,0,22,0.071
ENSG00000123685,8,0,27,0,68,0.071
ENSG00000135835,0,0,14,0,37,0.071
ENSG00000149201,0,0,0,0,0,0.071
ENSG00000153823,0,0,9,0,29,0.071
ENSG00000169340,17,0,14,4,0,0.071
ENSG00000178531,4,0,24,2,0,0.071
ENSG00000179855,5,0,11,0,15,0.071
ENSG00000198673,0,0,0,0,0,0.071
ENSG00000198711,0,0,0,3,0,0.071
ENSG00000203618,4,0,39,0,70,0.071
ENSG00000242866,0,0,0,0,3,0.071
ENSG00000096996,12,0,25,0,11,0.07
ENSG00000126583,23,0,26,0,26,0.07
ENSG00000140623,6,0,25,0,0,0.07
ENSG00000159708,7,0,17,0,16,0.07
ENSG00000162543,5,0,8,0,54,0.07
ENSG00000169884,6,0,25,0,76,0.07
ENSG00000114113,0,0,0,0,0,0.069
ENSG00000122877,0,0,4,0,5,0.069
ENSG00000124469,0,0,0,0,44,0.069
ENSG00000137265,0,0,4,0,63,0.069
ENSG00000158352,0,0,21,0,11,0.069
ENSG00000188385,0,0,0,0,26,0.069
ENSG00000188859,6,0,27,0,30,0.069
ENSG00000259517,3,0,9,0,0,0.069
ENSG00000007372,0,0,22,0,74,0.068
ENSG00000008226,0,0,0,0,33,0.068
ENSG00000105278,0,0,8,0,35,0.068
ENSG00000113209,0,15,0,0,0,0.068
ENSG00000122592,4,0,34,0,35,0.068
ENSG00000141665,27,0,32,19,25,0.068
ENSG00000150783,0,0,0,0,0,0.068
ENSG00000165695,18,0,21,7,17,0.068
ENSG00000165757,0,0,0,0,3,0.068
ENSG00000170959,16,0,14,8,12,0.068
ENSG00000176563,29,0,19,25,10,0.068
ENSG00000184224,26,7,28,6,28,0.068
ENSG00000197233,0,0,0,0,4,0.068
ENSG00000215527,18,0,27,0,5,0.068
ENSG00000248905,0,0,0,0,3,0.068
ENSG00000011600,4,0,7,0,13,0.067
ENSG00000111424,3,0,8,0,15,0.067
ENSG00000115297,19,0,24,5,6,0.067
ENSG00000139985,0,0,0,0,0,0.067
ENSG00000162814,26,0,17,19,12,0.067
ENSG00000239474,0,0,0,0,0,0.067
ENSG00000050165,0,0,13,0,34,0.066
ENSG00000101213,11,0,52,0,62,0.066
ENSG00000105523,28,0,32,22,9,0.066
ENSG00000109743,0,9,0,12,0,0.066
ENSG00000115461,0,0,5,0,68,0.066
ENSG00000129295,11,0,14,0,5,0.066
ENSG00000136869,0,15,0,0,0,0.066
ENSG00000148400,3,0,33,0,30,0.066
ENSG00000167889,0,0,10,0,68,0.066
ENSG00000170396,0,0,13,0,35,0.066
ENSG00000172073,0,0,0,0,12,0.066
ENSG00000175318,0,0,14,3,22,0.066
ENSG00000177374,18,0,57,0,27,0.066
ENSG00000180988,0,0,0,0,0,0.066
ENSG00000205318,0,7,0,0,5,0.066
ENSG00000253831,0,0,0,0,14,0.066
ENSG00000104804,29,0,36,17,9,0.065
ENSG00000124107,0,0,0,0,34,0.065
ENSG00000141255,0,0,0,0,0,0.065
ENSG00000146233,0,0,13,0,22,0.065
ENSG00000150672,36,0,24,16,21,0.065
ENSG00000151164,30,0,20,17,6,0.065
ENSG00000170956,0,0,0,0,15,0.065
ENSG00000182450,6,0,20,0,50,0.065
ENSG00000187474,0,50,3,0,0,0.065
ENSG00000187764,0,0,12,0,68,0.065
ENSG00000196189,10,0,23,0,0,0.065
ENSG00000197168,12,0,16,0,0,0.065
ENSG00000198453,13,95,15,7,6,0.065
ENSG00000204393,25,0,40,8,72,0.065
ENSG00000204869,8,0,12,0,3,0.065
ENSG00000123560,0,0,0,0,21,0.064
ENSG00000136274,3,0,17,0,33,0.064
ENSG00000136688,0,0,0,0,27,0.064
ENSG00000151360,23,0,27,14,28,0.064
ENSG00000175294,9,0,11,0,29,0.064
ENSG00000184916,0,0,14,0,72,0.064
ENSG00000185950,0,8,12,0,4,0.064
ENSG00000204183,14,0,34,0,30,0.064
ENSG00000213171,0,0,0,0,5,0.064
ENSG00000104044,3,0,44,0,86,0.063
ENSG00000105971,0,0,0,0,0,0.063
ENSG00000125998,12,0,28,0,77,0.063
ENSG00000133048,0,0,0,0,20,0.063
ENSG00000141437,0,0,0,0,21,0.063
ENSG00000144031,12,0,18,4,4,0.063
ENSG00000145569,6,0,17,0,68,0.063
ENSG00000151376,6,0,12,0,70,0.063
ENSG00000158428,28,8,33,15,6,0.063
ENSG00000159239,11,0,17,5,12,0.063
ENSG00000161594,23,0,20,11,8,0.063
ENSG00000164175,0,0,0,0,0,0.063
ENSG00000165794,0,0,0,0,18,0.063
ENSG00000166923,0,0,23,0,57,0.063
ENSG00000172236,0,0,0,0,18,0.063
ENSG00000178573,0,0,35,0,27,0.063
ENSG00000179921,0,0,2,0,0,0.063
ENSG00000255472,0,0,0,0,9,0.063
ENSG00000015285,34,0,28,33,5,0.062
ENSG00000100276,0,0,14,0,27,0.062
ENSG00000105974,0,0,23,0,59,0.062
ENSG00000109738,0,0,12,0,17,0.062
ENSG00000116299,0,0,15,0,33,0.062
ENSG00000116882,0,0,0,0,0,0.062
ENSG00000122176,0,0,0,0,3,0.062
ENSG00000129862,0,0,0,0,0,0.062
ENSG00000131095,13,0,20,0,40,0.062
ENSG00000139537,3,0,6,0,0,0.062
ENSG00000148483,0,0,0,0,0,0.062
ENSG00000154928,0,0,0,0,46,0.062
ENSG00000175984,9,0,16,0,26,0.062
ENSG00000186190,0,0,0,0,56,0.062
ENSG00000188536,0,0,0,0,35,0.062
ENSG00000224383,0,0,34,0,50,0.062
ENSG00000241322,0,0,0,0,0,0.062
ENSG00000256018,21,0,19,0,32,0.062
ENSG00000036473,0,0,0,0,0,0.061
ENSG00000073146,0,7,0,0,40,0.061
ENSG00000095303,0,0,6,0,21,0.061
ENSG00000149305,0,0,0,0,3,0.061
ENSG00000151474,0,0,0,0,8,0.061
ENSG00000183813,0,0,0,0,0,0.061
ENSG00000185869,13,93,14,7,6,0.061
ENSG00000204511,0,0,0,0,0,0.061
ENSG00000215306,27,0,40,0,12,0.061
ENSG00000258811,0,0,0,0,8,0.061
ENSG00000010438,3,0,0,0,9,0.06
ENSG00000064270,0,0,0,0,59,0.06
ENSG00000103313,4,0,13,0,46,0.06
ENSG00000107736,0,0,6,0,57,0.06
ENSG00000147606,5,0,0,8,0,0.06
ENSG00000175029,0,0,26,0,56,0.06
ENSG00000175065,0,0,0,0,0,0.06
ENSG00000182035,5,0,7,12,0,0.06
ENSG00000187105,0,10,0,2,0,0.06
ENSG00000221996,0,0,0,0,6,0.06
ENSG00000248050,37,0,22,24,18,0.06
ENSG00000022267,0,0,11,0,9,0.059
ENSG00000124126,0,0,14,0,87,0.059
ENSG00000124194,0,0,0,0,2,0.059
ENSG00000127951,0,0,0,0,0,0.059
ENSG00000128596,8,0,17,0,36,0.059
ENSG00000146021,4,0,12,0,33,0.059
ENSG00000150637,0,0,0,0,0,0.059
ENSG00000165953,3,0,7,21,0,0.059
ENSG00000185989,0,0,8,0,54,0.059
ENSG00000203867,0,0,14,0,35,0.059
ENSG00000239590,0,0,0,0,0,0.059
ENSG00000057468,0,0,0,0,0,0.058
ENSG00000101440,0,0,0,0,42,0.058
ENSG00000101441,0,0,0,0,41,0.058
ENSG00000102935,0,0,43,0,75,0.058
ENSG00000110876,5,0,14,0,64,0.058
ENSG00000129204,12,0,11,11,14,0.058
ENSG00000135914,0,0,0,0,0,0.058
ENSG00000154263,0,0,0,0,0,0.058
ENSG00000171368,4,0,20,0,19,0.058
ENSG00000187175,0,0,0,0,35,0.058
ENSG00000187944,0,0,0,0,0,0.058
ENSG00000197134,0,88,7,0,0,0.058
ENSG00000197776,31,0,29,16,5,0.058
ENSG00000204001,9,0,12,0,27,0.058
ENSG00000204306,0,0,13,0,71,0.058
ENSG00000204577,0,0,0,0,29,0.058
ENSG00000088882,0,0,12,0,89,0.057
ENSG00000100351,0,0,0,0,20,0.057
ENSG00000125508,0,0,13,0,80,0.057
ENSG00000138646,0,0,12,0,33,0.057
ENSG00000170962,0,0,12,0,9,0.057
ENSG00000177283,0,0,27,0,32,0.057
ENSG00000197540,0,0,0,0,5,0.057
ENSG00000215018,0,0,0,0,0,0.057
ENSG00000105251,0,0,13,0,49,0.056
ENSG00000111700,0,7,0,0,0,0.056
ENSG00000119922,12,4,12,0,14,0.056
ENSG00000123689,0,0,10,0,35,0.056
ENSG00000124749,5,14,0,13,0,0.056
ENSG00000124772,18,0,30,0,57,0.056
ENSG00000171631,0,0,7,0,59,0.056
ENSG00000182240,0,0,17,0,44,0.056
ENSG00000188888,0,0,0,0,27,0.056
ENSG00000198082,0,0,0,0,0,0.056
ENSG00000198307,0,0,0,0,0,0.056
ENSG00000237330,3,0,44,0,62,0.056
ENSG00000105672,33,0,35,29,6,0.055
ENSG00000113525,29,0,25,25,11,0.055
ENSG00000123342,0,0,7,0,31,0.055
ENSG00000126010,0,0,0,0,0,0.055
ENSG00000149646,0,7,0,0,0,0.055
ENSG00000159197,0,0,0,0,4,0.055
ENSG00000169891,0,0,17,0,3,0.055
ENSG00000185567,9,0,43,0,84,0.055
ENSG00000197993,0,0,0,0,5,0.055
ENSG00000203727,0,0,30,0,51,0.055
ENSG00000203972,0,0,0,0,0,0.055
ENSG00000256812,0,0,0,5,0,0.055
ENSG00000022567,0,4,0,0,45,0.054
ENSG00000085117,0,0,19,0,36,0.054
ENSG00000085276,0,0,26,0,87,0.054
ENSG00000115596,4,0,26,0,85,0.054
ENSG00000115844,34,0,66,0,50,0.054
ENSG00000157111,0,0,11,0,73,0.054
ENSG00000159723,49,0,35,21,14,0.054
ENSG00000163793,0,0,0,0,64,0.054
ENSG00000165807,0,0,0,0,7,0.054
ENSG00000167195,0,0,0,0,0,0.054
ENSG00000174348,0,0,11,0,21,0.054
ENSG00000177752,30,0,21,23,14,0.054
ENSG00000108342,4,0,17,0,0,0.053
ENSG00000114656,5,0,11,0,39,0.053
ENSG00000123612,4,0,18,0,20,0.053
ENSG00000131183,27,0,17,28,4,0.053
ENSG00000134762,8,0,11,0,22,0.053
ENSG00000157388,0,0,31,0,35,0.053
ENSG00000164136,0,0,15,0,20,0.053
ENSG00000166323,21,0,20,17,6,0.053
ENSG00000170236,0,0,0,0,0,0.053
ENSG00000177363,0,0,0,0,0,0.053
ENSG00000179846,15,0,32,0,48,0.053
ENSG00000185261,29,0,17,16,14,0.053
ENSG00000188784,60,0,0,70,0,0.053
ENSG00000196326,0,27,0,0,0,0.053
ENSG00000204702,0,0,0,0,0,0.053
ENSG00000213626,0,0,23,0,83,0.053
ENSG00000214732,0,0,0,0,46,0.053
ENSG00000223638,0,0,0,0,19,0.053
ENSG00000070019,0,0,0,0,3,0.052
ENSG00000074370,3,0,29,0,72,0.052
ENSG00000111291,0,0,0,0,0,0.052
ENSG00000116690,0,0,0,0,0,0.052
ENSG00000127249,16,0,26,13,12,0.052
ENSG00000127507,0,0,6,0,12,0.052
ENSG00000128011,2,0,6,0,14,0.052
ENSG00000138735,10,0,29,0,28,0.052
ENSG00000147100,4,0,34,0,10,0.052
ENSG00000153707,0,0,10,0,12,0.052
ENSG00000154025,0,0,16,0,39,0.052
ENSG00000162894,3,0,0,0,12,0.052
ENSG00000166920,6,0,10,0,0,0.052
ENSG00000170615,0,0,12,0,17,0.052
ENSG00000172367,4,0,11,0,8,0.052
ENSG00000204961,0,4,0,0,0,0.052
ENSG00000205683,9,0,33,0,54,0.052
ENSG00000213316,26,0,23,7,0,0.052
ENSG00000224838,0,0,0,0,0,0.052
ENSG00000239605,0,0,0,0,0,0.052
ENSG00000007314,0,0,0,0,74,0.051
ENSG00000102539,7,0,14,0,3,0.051
ENSG00000121101,19,0,13,9,12,0.051
ENSG00000138795,0,0,30,0,56,0.051
ENSG00000143147,2,0,22,0,38,0.051
ENSG00000146530,0,0,10,0,11,0.051
ENSG00000147485,0,0,0,0,0,0.051
ENSG00000159733,9,0,35,0,81,0.051
ENSG00000162367,0,0,6,0,89,0.051
ENSG00000166246,26,0,26,13,21,0.051
ENSG00000186081,0,0,0,0,28,0.051
ENSG00000187013,33,0,43,12,6,0.051
ENSG00000188372,19,0,18,17,0,0.051
ENSG00000197241,0,7,0,0,12,0.051
ENSG00000100583,26,0,21,14,7,0.05
ENSG00000101890,0,0,0,0,9,0.05
ENSG00000123165,0,27,0,0,0,0.05
ENSG00000135604,0,0,17,0,49,0.05
ENSG00000143318,11,0,18,4,44,0.05
ENSG00000160808,4,0,25,0,70,0.05
ENSG00000167483,0,0,0,0,7,0.05
ENSG00000172247,17,0,31,0,44,0.05
ENSG00000185479,0,0,0,0,7,0.05
ENSG00000197775,0,9,0,6,0,0.05
ENSG00000203859,0,0,0,0,10,0.05
ENSG00000100968,19,4,35,0,42,0.049
ENSG00000109832,14,0,12,7,10,0.049
ENSG00000117013,5,0,14,0,11,0.049
ENSG00000117560,0,0,0,0,9,0.049
ENSG00000133863,0,0,0,0,0,0.049
ENSG00000174125,0,0,0,0,0,0.049
ENSG00000181803,0,0,0,0,11,0.049
ENSG00000198161,0,0,0,0,0,0.049
ENSG00000214919,48,0,30,28,10,0.049
ENSG00000240386,0,0,0,0,0,0.049
ENSG00000258083,0,0,0,0,0,0.049
ENSG00000100036,9,0,17,0,15,0.048
ENSG00000104043,21,0,23,15,11,0.048
ENSG00000104755,0,0,0,0,4,0.048
ENSG00000108830,33,0,54,19,12,0.048
ENSG00000117643,7,0,27,0,47,0.048
ENSG00000144893,0,0,26,0,40,0.048
ENSG00000145283,0,0,0,0,7,0.048
ENSG00000148680,0,0,17,0,45,0.048
ENSG00000151967,0,0,0,0,0,0.048
ENSG00000164120,0,0,13,0,31,0.048
ENSG00000171502,0,0,0,0,21,0.048
ENSG00000175471,4,0,19,0,34,0.048
ENSG00000184750,0,0,0,0,0,0.048
ENSG00000185250,24,0,25,18,6,0.048
ENSG00000187098,3,0,15,0,34,0.048
ENSG00000197632,0,0,0,0,0,0.048
ENSG00000198286,0,0,6,0,13,0.048
ENSG00000204779,0,5,0,0,0,0.048
ENSG00000221923,0,90,0,0,0,0.048
ENSG00000253161,21,0,40,4,13,0.048
ENSG00000258130,0,0,3,0,0,0.048
ENSG00000258405,0,100,0,0,0,0.048
ENSG00000104899,13,0,22,0,0,0.047
ENSG00000112619,0,0,0,0,12,0.047
ENSG00000136842,6,0,25,0,48,0.047
ENSG00000157017,0,0,3,18,0,0.047
ENSG00000162510,8,0,11,6,3,0.047
ENSG00000166503,0,0,14,0,34,0.047
ENSG00000172817,7,0,10,0,3,0.047
ENSG00000174502,0,0,0,0,69,0.047
ENSG00000179399,0,0,12,0,28,0.047
ENSG00000181381,0,0,0,0,5,0.047
ENSG00000182463,0,0,18,0,39,0.047
ENSG00000203630,0,0,0,0,0,0.047
ENSG00000203780,16,45,15,0,0,0.047
ENSG00000213927,18,0,21,9,7,0.047
ENSG00000214702,0,0,4,0,0,0.047
ENSG00000224854,6,0,13,0,32,0.047
ENSG00000258150,0,0,3,0,0,0.047
ENSG00000054356,0,0,0,0,32,0.046
ENSG00000055118,0,0,34,0,66,0.046
ENSG00000058404,0,0,0,0,29,0.046
ENSG00000089558,12,0,32,0,41,0.046
ENSG00000099337,18,0,33,14,63,0.046
ENSG00000123095,3,0,38,0,78,0.046
ENSG00000131378,0,0,15,0,66,0.046
ENSG00000132429,0,0,13,0,32,0.046
ENSG00000135547,24,0,40,0,57,0.046
ENSG00000139970,3,0,14,0,29,0.046
ENSG00000155961,0,0,10,0,0,0.046
ENSG00000161055,0,0,18,0,50,0.046
ENSG00000165553,0,0,4,0,35,0.046
ENSG00000175646,27,0,5,54,0,0.046
ENSG00000177614,0,0,14,0,36,0.046
ENSG00000178718,26,0,34,0,58,0.046
ENSG00000182308,0,0,0,0,0,0.046
ENSG00000184040,0,0,0,0,0,0.046
ENSG00000185056,24,0,22,35,4,0.046
ENSG00000187695,0,0,0,0,28,0.046
ENSG00000236438,0,0,0,0,4,0.046
ENSG00000006638,10,0,37,0,27,0.045
ENSG00000100314,0,0,16,0,55,0.045
ENSG00000101951,0,0,0,0,0,0.045
ENSG00000114349,25,0,23,18,0,0.045
ENSG00000116254,0,0,12,0,31,0.045
ENSG00000129673,23,0,23,7,12,0.045
ENSG00000139547,9,11,8,0,7,0.045
ENSG00000139800,0,0,23,0,37,0.045
ENSG00000162849,4,0,44,0,43,0.045
ENSG00000167914,4,0,8,0,53,0.045
ENSG00000168260,0,0,0,0,5,0.045
ENSG00000174697,0,23,0,0,45,0.045
ENSG00000183784,6,0,13,0,24,0.045
ENSG00000186827,0,0,0,0,31,0.045
ENSG00000215045,0,0,0,0,10,0.045
ENSG00000226979,0,0,0,0,0,0.045
ENSG00000003137,0,8,42,0,97,0.044
ENSG00000007264,0,0,0,0,35,0.044
ENSG00000008516,0,0,14,0,69,0.044
ENSG00000064205,0,0,7,0,66,0.044
ENSG00000070388,3,0,13,0,0,0.044
ENSG00000094796,0,0,0,0,15,0.044
ENSG00000100453,0,0,0,0,0,0.044
ENSG00000109586,0,0,23,0,39,0.044
ENSG00000115604,0,0,0,0,6,0.044
ENSG00000135097,0,0,20,0,43,0.044
ENSG00000143125,0,0,0,0,44,0.044
ENSG00000147251,0,0,14,0,9,0.044
ENSG00000167359,0,0,0,0,5,0.044
ENSG00000169347,0,0,0,0,12,0.044
ENSG00000171051,0,71,4,20,0,0.044
ENSG00000175946,5,0,15,2,8,0.044
ENSG00000179071,23,0,24,0,17,0.044
ENSG00000183775,20,0,15,11,11,0.044
ENSG00000185303,0,0,6,0,37,0.044
ENSG00000186919,30,0,45,10,40,0.044
ENSG00000188163,23,0,36,1,21,0.044
ENSG00000204086,0,0,0,0,0,0.044
ENSG00000206044,0,0,0,5,0,0.044
ENSG00000215428,0,0,4,0,14,0.044
ENSG00000102780,0,0,23,0,36,0.043
ENSG00000105261,23,0,29,16,8,0.043
ENSG00000142185,0,0,1,0,48,0.043
ENSG00000148541,0,0,13,0,30,0.043
ENSG00000162746,4,0,9,0,37,0.043
ENSG00000163040,0,0,14,0,6,0.043
ENSG00000165449,0,0,0,0,0,0.043
ENSG00000196503,0,0,11,0,4,0.043
ENSG00000204110,0,0,0,0,27,0.043
ENSG00000205832,0,0,0,0,10,0.043
ENSG00000228157,0,0,0,0,0,0.043
ENSG00000258792,7,0,0,0,0,0.043
ENSG00000009694,0,0,0,0,0,0.042
ENSG00000065320,0,0,16,0,47,0.042
ENSG00000100505,6,0,16,0,16,0.042
ENSG00000108849,3,0,9,0,87,0.042
ENSG00000113905,0,0,0,0,5,0.042
ENSG00000119614,0,0,0,0,43,0.042
ENSG00000123171,0,0,0,0,0,0.042
ENSG00000125845,0,0,15,0,23,0.042
ENSG00000128203,0,0,17,0,44,0.042
ENSG00000129682,0,0,0,0,0,0.042
ENSG00000132259,21,0,22,14,17,0.042
ENSG00000134326,4,0,19,0,34,0.042
ENSG00000137142,0,0,8,0,60,0.042
ENSG00000178804,3,0,8,0,6,0.042
ENSG00000186652,0,0,0,0,26,0.042
ENSG00000189052,0,0,0,0,11,0.042
ENSG00000196565,0,0,0,0,0,0.042
ENSG00000196782,5,0,46,0,51,0.042
ENSG00000198336,0,0,0,0,15,0.042
ENSG00000203734,0,0,0,0,0,0.042
ENSG00000204962,0,0,7,0,0,0.042
ENSG00000224132,0,0,0,0,24,0.042
ENSG00000244482,0,0,0,0,30,0.042
ENSG00000257046,0,5,0,0,0,0.042
ENSG00000110427,0,0,0,0,37,0.041
ENSG00000120669,11,4,12,0,8,0.041
ENSG00000128268,0,0,6,0,45,0.041
ENSG00000134760,0,0,0,0,0,0.041
ENSG00000135346,0,0,0,0,6,0.041
ENSG00000138379,0,0,0,0,0,0.041
ENSG00000141293,0,0,0,0,61,0.041
ENSG00000160349,0,0,0,0,48,0.041
ENSG00000161664,20,0,22,0,0,0.041
ENSG00000168412,0,0,12,0,41,0.041
ENSG00000177300,0,0,0,0,0,0.041
ENSG00000177465,0,0,7,0,0,0.041
ENSG00000178021,0,0,0,4,0,0.041
ENSG00000187556,28,0,37,13,21,0.041
ENSG00000188000,0,0,0,0,0,0.041
ENSG00000196074,0,0,10,0,0,0.041
ENSG00000205334,13,0,27,0,43,0.041
ENSG00000205795,9,0,20,0,76,0.041
ENSG00000212710,0,0,0,0,0,0.041
ENSG00000213922,44,0,46,26,8,0.041
ENSG00000254415,0,0,0,0,12,0.041
ENSG00000116544,0,0,19,0,51,0.04
ENSG00000129993,0,0,0,0,81,0.04
ENSG00000130055,0,0,0,0,0,0.04
ENSG00000140511,0,0,14,0,25,0.04
ENSG00000152779,0,0,0,0,0,0.04
ENSG00000165078,5,0,4,0,7,0.04
ENSG00000166349,27,0,21,13,18,0.04
ENSG00000168928,0,0,5,0,76,0.04
ENSG00000169169,0,0,0,0,0,0.04
ENSG00000175352,7,0,16,0,54,0.04
ENSG00000215529,0,0,0,0,0,0.04
ENSG00000233812,0,0,0,0,0,0.04
ENSG00000250510,7,0,15,0,28,0.04
ENSG00000010361,30,0,24,26,7,0.039
ENSG00000068831,5,0,36,0,59,0.039
ENSG00000111913,0,0,0,0,4,0.039
ENSG00000113073,7,0,30,0,1,0.039
ENSG00000133067,13,0,29,7,39,0.039
ENSG00000158517,0,0,0,0,0,0.039
ENSG00000172543,0,0,0,0,0,0.039
ENSG00000177340,47,0,39,37,19,0.039
ENSG00000204188,17,0,34,11,13,0.039
ENSG00000224982,0,0,12,0,41,0.039
ENSG00000225485,6,0,14,0,73,0.039
ENSG00000006659,0,0,0,0,24,0.038
ENSG00000010282,0,0,0,0,21,0.038
ENSG00000079101,6,0,16,0,0,0.038
ENSG00000099822,4,0,32,0,61,0.038
ENSG00000101306,0,0,6,0,39,0.038
ENSG00000101336,0,0,6,0,73,0.038
ENSG00000109610,0,12,1,0,0,0.038
ENSG00000117983,0,0,9,0,55,0.038
ENSG00000128408,4,0,10,0,6,0.038
ENSG00000143839,0,30,0,0,26,0.038
ENSG00000145491,12,0,18,0,27,0.038
ENSG00000154310,0,0,27,0,54,0.038
ENSG00000166257,0,0,16,0,27,0.038
ENSG00000171385,0,0,25,0,75,0.038
ENSG00000176723,4,0,13,0,20,0.038
ENSG00000176842,0,7,0,0,33,0.038
ENSG00000178602,0,0,19,0,74,0.038
ENSG00000186838,5,0,19,0,38,0.038
ENSG00000188107,0,0,0,0,0,0.038
ENSG00000188120,0,0,0,0,0,0.038
ENSG00000196946,0,0,0,0,0,0.038
ENSG00000203943,11,0,14,0,27,0.038
ENSG00000221933,0,0,0,0,0,0.038
ENSG00000235568,0,0,0,0,72,0.038
ENSG00000243137,0,0,0,0,0,0.038
ENSG00000077522,0,7,0,0,13,0.037
ENSG00000113100,0,6,0,0,0,0.037
ENSG00000113657,0,0,0,0,22,0.037
ENSG00000119508,62,0,65,15,66,0.037
ENSG00000134183,11,0,4,0,0,0.037
ENSG00000142319,0,0,0,0,63,0.037
ENSG00000156427,0,0,21,0,20,0.037
ENSG00000163606,0,0,0,0,3,0.037
ENSG00000171004,0,0,5,0,13,0.037
ENSG00000172362,0,0,4,0,0,0.037
ENSG00000177182,0,0,0,0,21,0.037
ENSG00000178257,16,0,0,61,0,0.037
ENSG00000179168,3,0,33,0,21,0.037
ENSG00000179580,45,0,45,28,21,0.037
ENSG00000197921,19,0,52,7,73,0.037
ENSG00000205642,0,0,0,0,0,0.037
ENSG00000205740,33,0,29,40,19,0.037
ENSG00000214694,0,0,0,0,10,0.037
ENSG00000227051,0,5,15,0,40,0.037
ENSG00000237763,0,0,0,0,0,0.037
ENSG00000065618,0,0,0,0,13,0.036
ENSG00000091536,3,0,0,0,0,0.036
ENSG00000100167,0,0,12,0,73,0.036
ENSG00000110665,4,0,19,0,13,0.036
ENSG00000115266,12,0,28,0,42,0.036
ENSG00000120055,26,0,28,24,5,0.036
ENSG00000127329,0,0,0,0,0,0.036
ENSG00000137571,0,0,25,0,41,0.036
ENSG00000142513,0,0,6,0,3,0.036
ENSG00000144410,0,0,0,0,0,0.036
ENSG00000150687,0,0,0,0,27,0.036
ENSG00000150873,25,0,47,0,57,0.036
ENSG00000153303,0,0,11,0,78,0.036
ENSG00000156395,0,0,5,0,42,0.036
ENSG00000157927,3,0,17,0,33,0.036
ENSG00000162373,0,5,11,0,22,0.036
ENSG00000163810,0,0,0,0,0,0.036
ENSG00000164385,0,0,8,0,70,0.036
ENSG00000166670,0,0,0,0,0,0.036
ENSG00000168032,0,0,0,0,0,0.036
ENSG00000168913,3,0,14,0,45,0.036
ENSG00000188404,5,9,0,0,3,0.036
ENSG00000205143,0,0,16,0,30,0.036
ENSG00000235028,5,11,0,19,0,0.036
ENSG00000244623,0,0,0,0,0,0.036
ENSG00000053918,0,0,0,0,59,0.035
ENSG00000104941,0,0,0,0,0,0.035
ENSG00000118245,10,0,4,11,4,0.035
ENSG00000120215,20,0,13,27,0,0.035
ENSG00000127528,12,0,12,0,18,0.035
ENSG00000133454,3,0,5,0,7,0.035
ENSG00000135436,0,0,0,0,0,0.035
ENSG00000149452,3,0,12,0,12,0.035
ENSG00000154358,0,0,1,0,42,0.035
ENSG00000157150,0,0,10,0,50,0.035
ENSG00000160179,0,0,0,0,23,0.035
ENSG00000160401,0,0,8,0,14,0.035
ENSG00000163072,0,0,0,0,0,0.035
ENSG00000167383,0,95,4,0,0,0.035
ENSG00000169314,24,0,14,30,4,0.035
ENSG00000174080,0,0,0,0,21,0.035
ENSG00000174640,0,0,0,0,22,0.035
ENSG00000176381,3,0,29,0,52,0.035
ENSG00000178412,45,0,37,34,14,0.035
ENSG00000186832,0,0,0,0,62,0.035
ENSG00000205944,0,0,0,0,0,0.035
ENSG00000230301,0,1,0,0,0,0.035
ENSG00000233630,0,0,0,0,0,0.035
ENSG00000235863,0,0,0,0,0,0.035
ENSG00000078814,0,0,4,0,35,0.034
ENSG00000079337,21,0,20,0,8,0.034
ENSG00000101977,0,0,0,0,0,0.034
ENSG00000104728,0,0,0,0,29,0.034
ENSG00000118156,0,0,0,0,11,0.034
ENSG00000118702,0,0,0,0,75,0.034
ENSG00000120328,0,0,0,0,0,0.034
ENSG00000121898,0,0,0,0,29,0.034
ENSG00000124102,0,0,0,0,22,0.034
ENSG00000129990,0,0,15,0,29,0.034
ENSG00000135046,0,0,0,0,0,0.034
ENSG00000141040,0,0,6,0,28,0.034
ENSG00000152076,0,0,24,0,25,0.034
ENSG00000169551,0,0,0,0,0,0.034
ENSG00000171992,0,0,0,0,37,0.034
ENSG00000179284,13,0,15,0,4,0.034
ENSG00000180861,0,0,0,0,10,0.034
ENSG00000181495,0,0,0,0,0,0.034
ENSG00000182393,0,0,0,0,14,0.034
ENSG00000183246,0,0,0,0,4,0.034
ENSG00000185940,0,0,3,0,88,0.034
ENSG00000197261,3,0,9,0,20,0.034
ENSG00000205923,46,0,38,37,0,0.034
ENSG00000212747,0,0,5,0,0,0.034
ENSG00000007312,0,0,12,0,86,0.033
ENSG00000084207,6,0,11,0,9,0.033
ENSG00000101098,0,0,11,0,56,0.033
ENSG00000117020,0,0,19,0,21,0.033
ENSG00000120162,3,0,16,0,21,0.033
ENSG00000121743,0,0,10,0,36,0.033
ENSG00000131737,0,10,0,0,26,0.033
ENSG00000137033,0,0,0,0,0,0.033
ENSG00000140280,0,0,14,0,56,0.033
ENSG00000140527,22,0,17,6,7,0.033
ENSG00000146453,0,0,0,0,0,0.033
ENSG00000148600,0,0,10,0,71,0.033
ENSG00000156009,0,0,0,0,0,0.033
ENSG00000167653,18,0,21,13,15,0.033
ENSG00000170231,3,0,10,0,9,0.033
ENSG00000170929,0,0,0,0,0,0.033
ENSG00000171714,9,0,14,0,13,0.033
ENSG00000185739,3,0,9,0,78,0.033
ENSG00000212935,0,0,0,0,10,0.033
ENSG00000218416,11,0,50,0,62,0.033
ENSG00000218839,0,0,0,0,0,0.033
ENSG00000250120,0,0,0,0,0,0.033
ENSG00000258053,0,0,0,0,0,0.033
ENSG00000092054,15,0,18,0,80,0.032
ENSG00000104490,0,0,9,0,44,0.032
ENSG00000116329,0,0,13,0,62,0.032
ENSG00000132622,0,0,9,0,78,0.032
ENSG00000135272,0,0,17,0,25,0.032
ENSG00000138669,0,0,0,0,10,0.032
ENSG00000142233,0,11,15,0,27,0.032
ENSG00000142539,0,0,0,3,0,0.032
ENSG00000147614,0,0,0,0,3,0.032
ENSG00000161509,0,0,26,0,34,0.032
ENSG00000168481,0,0,18,0,83,0.032
ENSG00000174844,6,0,6,0,0,0.032
ENSG00000183873,0,0,13,0,60,0.032
ENSG00000198633,0,97,0,0,0,0.032
ENSG00000205085,0,0,0,0,0,0.032
ENSG00000239810,0,0,0,0,0,0.032
ENSG00000249158,0,0,6,0,0,0.032
ENSG00000004809,0,0,0,0,13,0.031
ENSG00000011677,0,0,0,0,0,0.031
ENSG00000088053,0,0,0,0,0,0.031
ENSG00000100450,0,0,0,0,5,0.031
ENSG00000115556,0,0,0,0,26,0.031
ENSG00000121314,0,0,0,0,6,0.031
ENSG00000121381,0,0,0,0,5,0.031
ENSG00000121764,4,0,12,0,54,0.031
ENSG00000124251,18,0,22,0,15,0.031
ENSG00000133636,0,0,0,0,0,0.031
ENSG00000134256,0,0,0,0,0,0.031
ENSG00000134827,0,0,0,0,0,0.031
ENSG00000135362,0,0,0,0,28,0.031
ENSG00000145248,0,0,9,0,29,0.031
ENSG00000148204,3,0,37,0,50,0.031
ENSG00000155307,0,0,0,0,0,0.031
ENSG00000164796,0,0,4,0,38,0.031
ENSG00000168907,0,0,17,0,29,0.031
ENSG00000171310,0,0,23,0,59,0.031
ENSG00000172653,0,0,0,0,4,0.031
ENSG00000175414,25,0,31,12,18,0.031
ENSG00000178187,0,98,0,0,0,0.031
ENSG00000186777,0,84,0,0,0,0.031
ENSG00000188487,0,0,0,0,11,0.031
ENSG00000188958,37,0,29,30,16,0.031
ENSG00000189058,0,1,0,0,10,0.031
ENSG00000198283,0,0,0,0,0,0.031
ENSG00000243710,16,0,15,13,25,0.031
ENSG00000251664,0,0,0,0,0,0.031
ENSG00000257115,0,0,0,0,0,0.031
ENSG00000258256,17,0,13,13,5,0.031
ENSG00000258735,30,0,36,6,6,0.031
ENSG00000049768,15,0,13,14,8,0.03
ENSG00000099985,5,0,10,0,46,0.03
ENSG00000101331,0,0,0,0,74,0.03
ENSG00000103599,20,0,20,9,6,0.03
ENSG00000117281,13,0,17,9,0,0.03
ENSG00000124564,0,0,0,0,0,0.03
ENSG00000125538,0,0,0,0,4,0.03
ENSG00000137270,0,0,0,0,0,0.03
ENSG00000137875,21,0,0,30,0,0.03
ENSG00000145945,0,0,0,0,0,0.03
ENSG00000157470,26,0,25,16,0,0.03
ENSG00000157657,0,0,12,0,26,0.03
ENSG00000163599,0,0,0,0,35,0.03
ENSG00000164304,38,0,20,19,12,0.03
ENSG00000164825,0,0,0,0,20,0.03
ENSG00000179299,0,0,11,0,0,0.03
ENSG00000180549,8,0,38,0,4,0.03
ENSG00000186326,25,0,45,6,15,0.03
ENSG00000187566,3,0,11,0,4,0.03
ENSG00000188227,0,98,10,0,0,0.03
ENSG00000214575,0,0,10,0,17,0.03
ENSG00000221932,0,0,0,0,0,0.03
ENSG00000226600,0,0,0,0,0,0.03
ENSG00000236756,52,0,26,34,13,0.03
ENSG00000239389,0,10,0,0,0,0.03
ENSG00000248383,0,0,0,0,19,0.03
ENSG00000062524,0,0,12,9,5,0.029
ENSG00000081148,0,0,0,0,0,0.029
ENSG00000102145,0,0,0,0,8,0.029
ENSG00000106436,0,6,0,0,53,0.029
ENSG00000111335,4,0,17,0,11,0.029
ENSG00000112761,5,0,9,0,16,0.029
ENSG00000120051,10,0,6,4,28,0.029
ENSG00000124116,19,0,18,12,26,0.029
ENSG00000131386,0,0,0,0,59,0.029
ENSG00000134443,0,0,0,0,39,0.029
ENSG00000143107,0,0,0,0,21,0.029
ENSG00000143797,0,0,15,0,34,0.029
ENSG00000157578,20,0,17,12,7,0.029
ENSG00000157856,0,0,0,0,0,0.029
ENSG00000160716,0,0,11,0,25,0.029
ENSG00000160883,0,0,0,0,8,0.029
ENSG00000163395,0,0,0,0,39,0.029
ENSG00000163825,0,0,0,0,3,0.029
ENSG00000168389,0,0,13,0,41,0.029
ENSG00000169245,0,0,0,0,3,0.029
ENSG00000171360,0,0,0,0,11,0.029
ENSG00000171401,0,0,0,0,83,0.029
ENSG00000176920,3,0,15,3,0,0.029
ENSG00000180043,0,0,5,0,24,0.029
ENSG00000184730,21,0,15,14,64,0.029
ENSG00000186310,0,0,9,0,12,0.029
ENSG00000187634,0,0,42,0,83,0.029
ENSG00000215912,0,0,0,0,47,0.029
ENSG00000221880,0,0,0,0,0,0.029
ENSG00000227706,0,51,0,0,0,0.029
ENSG00000255552,0,0,0,0,0,0.029
ENSG00000012779,0,0,17,0,55,0.028
ENSG00000075340,4,0,13,0,67,0.028
ENSG00000102174,0,0,0,0,0,0.028
ENSG00000105679,5,0,7,0,20,0.028
ENSG00000107249,0,0,0,0,0,0.028
ENSG00000108602,3,0,12,0,3,0.028
ENSG00000114812,0,0,0,0,10,0.028
ENSG00000118729,5,0,6,0,5,0.028
ENSG00000132000,15,0,20,7,4,0.028
ENSG00000134339,0,0,0,0,7,0.028
ENSG00000139910,0,0,18,0,18,0.028
ENSG00000141338,0,0,0,0,0,0.028
ENSG00000146385,0,0,0,0,0,0.028
ENSG00000147647,0,0,9,0,26,0.028
ENSG00000151572,0,0,10,0,46,0.028
ENSG00000155087,0,0,0,0,20,0.028
ENSG00000158486,16,0,23,0,24,0.028
ENSG00000166025,0,0,0,0,0,0.028
ENSG00000172264,4,28,17,0,15,0.028
ENSG00000172724,0,0,19,0,0,0.028
ENSG00000172733,21,2,33,13,21,0.028
ENSG00000173335,7,0,7,0,33,0.028
ENSG00000175084,0,0,0,0,36,0.028
ENSG00000183423,0,0,0,0,8,0.028
ENSG00000185585,14,0,32,0,27,0.028
ENSG00000186897,0,0,20,0,56,0.028
ENSG00000189037,0,0,0,0,0,0.028
ENSG00000206538,0,0,12,0,19,0.028
ENSG00000254740,60,0,59,71,0,0.028
ENSG00000075142,0,7,0,0,16,0.027
ENSG00000091844,9,0,20,0,48,0.027
ENSG00000101323,0,10,0,0,0,0.027
ENSG00000105383,0,0,0,0,13,0.027
ENSG00000113211,5,0,10,0,7,0.027
ENSG00000117400,0,0,3,2,5,0.027
ENSG00000130038,0,0,0,0,0,0.027
ENSG00000133878,3,0,8,0,0,0.027
ENSG00000134201,0,8,0,0,34,0.027
ENSG00000138172,3,0,14,0,44,0.027
ENSG00000144843,9,0,12,0,12,0.027
ENSG00000155890,0,0,0,0,7,0.027
ENSG00000162779,15,0,15,10,0,0.027
ENSG00000163520,0,5,0,0,53,0.027
ENSG00000164430,0,0,0,0,0,0.027
ENSG00000170006,0,0,7,0,39,0.027
ENSG00000170426,0,0,4,0,19,0.027
ENSG00000171496,0,0,0,0,0,0.027
ENSG00000181790,3,4,14,0,34,0.027
ENSG00000189350,4,0,22,9,11,0.027
ENSG00000196361,0,0,21,0,33,0.027
ENSG00000198829,0,0,0,0,0,0.027
ENSG00000204624,5,0,13,0,35,0.027
ENSG00000214872,0,0,4,0,51,0.027
ENSG00000219492,0,0,0,0,0,0.027
ENSG00000080561,0,0,14,0,23,0.026
ENSG00000081041,4,0,12,0,10,0.026
ENSG00000112218,0,0,11,0,42,0.026
ENSG00000115956,0,0,0,0,24,0.026
ENSG00000118491,0,0,0,0,0,0.026
ENSG00000119514,0,0,7,0,40,0.026
ENSG00000120217,11,0,9,0,3,0.026
ENSG00000120471,0,0,0,0,33,0.026
ENSG00000132702,0,0,4,0,31,0.026
ENSG00000138798,0,0,0,0,29,0.026
ENSG00000151117,0,0,0,0,14,0.026
ENSG00000151468,32,0,35,20,20,0.026
ENSG00000152377,0,0,0,0,31,0.026
ENSG00000152669,3,0,35,0,72,0.026
ENSG00000154262,0,0,0,0,0,0.026
ENSG00000154783,0,0,0,0,35,0.026
ENSG00000155719,0,0,0,0,0,0.026
ENSG00000160460,25,0,36,15,32,0.026
ENSG00000163762,0,0,0,0,0,0.026
ENSG00000165617,0,0,15,0,41,0.026
ENSG00000165694,0,0,0,0,0,0.026
ENSG00000166341,0,0,7,0,90,0.026
ENSG00000167759,0,0,3,0,9,0.026
ENSG00000175920,0,0,29,0,72,0.026
ENSG00000176884,0,0,0,0,77,0.026
ENSG00000178015,6,0,21,0,52,0.026
ENSG00000180336,0,0,0,0,0,0.026
ENSG00000180658,0,0,0,0,0,0.026
ENSG00000181464,18,0,11,11,0,0.026
ENSG00000185271,0,0,0,0,29,0.026
ENSG00000205445,0,9,3,0,9,0.026
ENSG00000246366,32,0,28,36,7,0.026
ENSG00000254528,0,0,4,0,38,0.026
ENSG00000004799,0,0,11,0,20,0.025
ENSG00000005073,3,0,39,0,89,0.025
ENSG00000064195,7,0,26,0,83,0.025
ENSG00000072195,0,0,0,0,74,0.025
ENSG00000102962,4,0,6,0,45,0.025
ENSG00000104938,0,27,0,0,9,0.025
ENSG00000109061,0,0,0,0,22,0.025
ENSG00000113212,0,0,0,0,5,0.025
ENSG00000114450,0,0,12,0,32,0.025
ENSG00000120658,0,0,19,0,25,0.025
ENSG00000121454,0,0,43,0,80,0.025
ENSG00000132821,0,0,15,0,55,0.025
ENSG00000133958,53,10,28,40,9,0.025
ENSG00000135519,4,0,43,0,54,0.025
ENSG00000137648,0,0,3,0,58,0.025
ENSG00000140470,0,0,14,0,34,0.025
ENSG00000150076,0,0,0,0,0,0.025
ENSG00000157851,0,0,19,0,82,0.025
ENSG00000162896,0,8,0,0,21,0.025
ENSG00000163645,18,0,16,12,4,0.025
ENSG00000168995,0,0,0,0,65,0.025
ENSG00000169248,0,0,0,0,0,0.025
ENSG00000171136,12,0,28,0,20,0.025
ENSG00000171811,4,0,14,0,41,0.025
ENSG00000172016,0,0,0,0,0,0.025
ENSG00000176692,0,0,0,0,57,0.025
ENSG00000177453,12,0,18,0,16,0.025
ENSG00000179477,0,0,0,0,57,0.025
ENSG00000181444,4,0,29,0,55,0.025
ENSG00000183091,0,0,0,0,23,0.025
ENSG00000186810,9,0,23,0,0,0.025
ENSG00000187475,16,0,15,22,6,0.025
ENSG00000187955,0,0,0,0,0,0.025
ENSG00000189167,25,0,18,16,10,0.025
ENSG00000196622,0,0,9,0,3,0.025
ENSG00000198471,0,0,0,0,3,0.025
ENSG00000204540,0,0,0,0,0,0.025
ENSG00000258875,0,0,0,0,26,0.025
ENSG00000039139,0,0,0,0,9,0.024
ENSG00000047617,0,0,8,0,42,0.024
ENSG00000064989,0,0,0,0,0,0.024
ENSG00000079112,0,0,0,0,47,0.024
ENSG00000079435,7,0,16,0,19,0.024
ENSG00000100385,10,0,13,3,33,0.024
ENSG00000101680,0,0,15,0,21,0.024
ENSG00000108370,0,0,10,0,47,0.024
ENSG00000115598,0,0,0,3,0,0.024
ENSG00000121207,0,0,8,0,31,0.024
ENSG00000135373,0,0,0,0,0,0.024
ENSG00000136014,0,6,13,0,21,0.024
ENSG00000137757,0,0,0,0,0,0.024
ENSG00000140795,16,18,13,7,3,0.024
ENSG00000146039,0,0,0,1,0,0.024
ENSG00000147206,0,0,0,0,0,0.024
ENSG00000150471,0,0,12,0,22,0.024
ENSG00000154479,27,0,19,17,9,0.024
ENSG00000154768,9,0,23,0,20,0.024
ENSG00000156194,0,4,0,0,4,0.024
ENSG00000158516,0,0,0,0,16,0.024
ENSG00000158748,0,0,17,0,60,0.024
ENSG00000159398,0,0,0,0,3,0.024
ENSG00000166840,0,0,4,0,15,0.024
ENSG00000169252,0,0,14,0,12,0.024
ENSG00000169783,0,0,10,0,49,0.024
ENSG00000171195,0,0,0,0,0,0.024
ENSG00000173546,13,0,15,0,40,0.024
ENSG00000176049,0,0,0,0,0,0.024
ENSG00000177504,0,0,0,0,0,0.024
ENSG00000182271,17,0,10,19,0,0.024
ENSG00000182793,0,16,0,0,3,0.024
ENSG00000186564,21,0,23,0,16,0.024
ENSG00000187180,0,0,0,0,8,0.024
ENSG00000196431,0,0,0,0,35,0.024
ENSG00000196569,0,0,5,0,11,0.024
ENSG00000197410,0,0,16,0,7,0.024
ENSG00000197768,50,0,63,19,24,0.024
ENSG00000204967,0,40,0,0,0,0.024
ENSG00000204970,0,72,0,0,0,0.024
ENSG00000205755,0,0,0,0,0,0.024
ENSG00000206474,0,0,0,0,0,0.024
ENSG00000221826,0,0,0,0,0,0.024
ENSG00000228259,0,0,0,0,31,0.024
ENSG00000232196,0,0,0,0,0,0.024
ENSG00000237693,0,0,0,0,17,0.024
ENSG00000249992,0,0,22,0,72,0.024
ENSG00000258386,3,0,2,17,8,0.024
ENSG00000259224,68,0,77,61,21,0.024
ENSG00000100987,0,0,9,0,88,0.023
ENSG00000104415,0,0,0,0,41,0.023
ENSG00000107295,0,0,6,0,17,0.023
ENSG00000118160,0,0,3,0,32,0.023
ENSG00000123570,0,0,9,0,21,0.023
ENSG00000127377,0,0,5,0,50,0.023
ENSG00000137507,0,0,7,0,58,0.023
ENSG00000143199,0,14,0,16,0,0.023
ENSG00000144712,0,0,0,0,27,0.023
ENSG00000151834,0,0,0,0,0,0.023
ENSG00000159123,0,0,0,0,0,0.023
ENSG00000159648,0,0,0,0,32,0.023
ENSG00000163352,0,0,0,0,0,0.023
ENSG00000167851,6,0,7,0,24,0.023
ENSG00000169184,0,0,15,0,45,0.023
ENSG00000169435,3,0,7,0,8,0.023
ENSG00000171522,0,0,17,0,18,0.023
ENSG00000171791,21,0,27,3,26,0.023
ENSG00000172116,0,0,0,0,0,0.023
ENSG00000172818,0,0,25,0,81,0.023
ENSG00000175202,27,0,28,17,23,0.023
ENSG00000176788,0,0,0,0,0,0.023
ENSG00000177627,0,0,0,0,13,0.023
ENSG00000178473,3,2,12,0,62,0.023
ENSG00000178752,0,0,36,0,82,0.023
ENSG00000179165,43,0,39,37,18,0.023
ENSG00000179178,6,0,12,0,29,0.023
ENSG00000180044,0,0,22,0,40,0.023
ENSG00000182636,3,0,3,9,3,0.023
ENSG00000185038,0,11,0,0,50,0.023
ENSG00000186952,21,0,18,17,4,0.023
ENSG00000188993,0,0,0,0,0,0.023
ENSG00000198881,0,0,0,0,0,0.023
ENSG00000205217,0,0,0,0,0,0.023
ENSG00000226929,0,0,0,0,0,0.023
ENSG00000255098,0,0,7,0,22,0.023
ENSG00000255408,0,32,0,0,0,0.023
ENSG00000258691,3,0,14,0,3,0.023
ENSG00000070808,3,0,6,0,35,0.022
ENSG00000078081,0,0,7,0,20,0.022
ENSG00000081842,0,4,0,0,0,0.022
ENSG00000107282,0,0,19,0,47,0.022
ENSG00000109101,0,0,0,0,74,0.022
ENSG00000115648,0,1,0,0,64,0.022
ENSG00000116176,0,0,0,0,32,0.022
ENSG00000119121,7,0,14,0,4,0.022
ENSG00000120278,0,0,16,0,45,0.022
ENSG00000122862,0,0,0,0,28,0.022
ENSG00000125965,44,0,34,23,14,0.022
ENSG00000133055,0,0,0,0,6,0.022
ENSG00000134545,0,12,0,0,0,0.022
ENSG00000134940,0,0,0,0,0,0.022
ENSG00000135480,0,0,0,0,47,0.022
ENSG00000137877,4,0,25,0,38,0.022
ENSG00000138639,0,0,11,0,3,0.022
ENSG00000141314,0,0,18,0,71,0.022
ENSG00000143196,0,0,0,0,20,0.022
ENSG00000144668,0,0,9,0,55,0.022
ENSG00000145536,0,0,16,4,11,0.022
ENSG00000145757,0,0,0,0,9,0.022
ENSG00000162981,0,0,20,0,34,0.022
ENSG00000163053,0,0,19,0,49,0.022
ENSG00000164509,0,0,0,0,0,0.022
ENSG00000166569,0,0,0,0,0,0.022
ENSG00000171695,16,0,57,3,61,0.022
ENSG00000172232,0,0,24,0,26,0.022
ENSG00000179388,21,0,36,0,58,0.022
ENSG00000182568,0,0,8,0,33,0.022
ENSG00000187066,14,0,11,6,5,0.022
ENSG00000188064,5,0,36,0,52,0.022
ENSG00000188659,20,0,17,15,14,0.022
ENSG00000189127,0,0,18,0,57,0.022
ENSG00000197701,0,87,0,0,16,0.022
ENSG00000204965,0,0,0,0,0,0.022
ENSG00000234602,0,0,24,0,71,0.022
ENSG00000251692,21,0,30,15,46,0.022
ENSG00000255181,0,13,6,0,11,0.022
ENSG00000077092,0,4,0,0,0,0.021
ENSG00000101981,0,0,0,0,0,0.021
ENSG00000110203,22,0,20,18,31,0.021
ENSG00000112041,0,0,0,0,53,0.021
ENSG00000113492,0,0,0,0,0,0.021
ENSG00000113722,4,0,10,0,25,0.021
ENSG00000129675,0,0,0,0,0,0.021
ENSG00000140254,0,0,0,0,13,0.021
ENSG00000151882,0,0,6,0,3,0.021
ENSG00000151883,6,0,20,0,29,0.021
ENSG00000159339,0,0,0,0,3,0.021
ENSG00000162426,15,0,32,11,6,0.021
ENSG00000163637,0,0,7,0,46,0.021
ENSG00000164334,0,0,0,0,0,0.021
ENSG00000167100,16,0,29,0,30,0.021
ENSG00000167612,0,0,5,3,15,0.021
ENSG00000168509,0,0,0,0,0,0.021
ENSG00000168843,0,0,6,0,0,0.021
ENSG00000170279,0,0,0,0,20,0.021
ENSG00000170290,0,0,0,0,9,0.021
ENSG00000174015,0,0,0,0,6,0.021
ENSG00000175267,5,0,4,0,24,0.021
ENSG00000179520,0,0,7,0,15,0.021
ENSG00000184911,0,0,0,0,0,0.021
ENSG00000188306,0,0,0,0,14,0.021
ENSG00000188581,0,10,0,0,0,0.021
ENSG00000196358,0,0,16,0,85,0.021
ENSG00000196724,0,72,0,0,0,0.021
ENSG00000198028,0,49,0,0,0,0.021
ENSG00000198125,7,0,8,3,11,0.021
ENSG00000229292,0,0,0,0,21,0.021
ENSG00000258973,4,0,23,0,90,0.021
ENSG00000037965,4,0,29,0,93,0.02
ENSG00000075073,3,0,8,3,3,0.02
ENSG00000083814,0,24,0,0,0,0.02
ENSG00000115607,0,0,0,0,29,0.02
ENSG00000123584,0,0,0,0,0,0.02
ENSG00000126550,0,3,0,0,0,0.02
ENSG00000128805,7,0,20,0,29,0.02
ENSG00000128872,0,0,14,0,54,0.02
ENSG00000131142,0,0,22,0,12,0.02
ENSG00000134538,0,43,0,0,0,0.02
ENSG00000141371,32,0,27,26,16,0.02
ENSG00000144671,0,0,0,0,34,0.02
ENSG00000144821,0,0,0,0,0,0.02
ENSG00000145198,4,0,23,0,77,0.02
ENSG00000146054,23,0,54,8,59,0.02
ENSG00000146910,0,0,13,0,83,0.02
ENSG00000147573,3,0,7,8,3,0.02
ENSG00000150656,0,0,0,0,7,0.02
ENSG00000153234,6,0,20,0,35,0.02
ENSG00000154898,0,0,5,0,0,0.02
ENSG00000156218,4,0,4,0,27,0.02
ENSG00000167157,0,0,11,0,45,0.02
ENSG00000170571,0,21,0,0,0,0.02
ENSG00000173269,4,0,26,0,56,0.02
ENSG00000174898,35,0,37,34,12,0.02
ENSG00000176746,0,11,0,0,0,0.02
ENSG00000184709,0,0,28,0,45,0.02
ENSG00000186714,0,0,0,0,7,0.02
ENSG00000187581,0,7,0,0,9,0.02
ENSG00000187730,0,0,5,0,87,0.02
ENSG00000197959,0,0,0,0,4,0.02
ENSG00000204969,0,28,0,0,0,0.02
ENSG00000243232,0,0,7,0,12,0.02
ENSG00000007129,0,10,0,0,47,0.019
ENSG00000072182,0,0,20,0,82,0.019
ENSG00000075223,7,0,12,0,13,0.019
ENSG00000080573,0,0,0,0,36,0.019
ENSG00000092969,7,0,23,0,37,0.019
ENSG00000095917,0,0,8,0,41,0.019
ENSG00000100985,0,0,8,0,94,0.019
ENSG00000101405,9,0,24,0,20,0.019
ENSG00000105642,7,0,36,0,60,0.019
ENSG00000117595,0,0,0,0,23,0.019
ENSG00000130300,5,5,7,0,12,0.019
ENSG00000137860,0,0,0,0,0,0.019
ENSG00000137941,7,0,13,0,28,0.019
ENSG00000137959,0,0,0,0,0,0.019
ENSG00000140481,0,0,3,0,13,0.019
ENSG00000145879,0,0,0,0,0,0.019
ENSG00000146383,0,0,0,0,0,0.019
ENSG00000149403,0,0,12,0,67,0.019
ENSG00000162891,0,0,0,0,5,0.019
ENSG00000163357,4,0,11,0,48,0.019
ENSG00000164082,0,0,6,0,15,0.019
ENSG00000166104,0,0,0,0,42,0.019
ENSG00000168398,4,0,15,0,3,0.019
ENSG00000169894,6,6,9,0,58,0.019
ENSG00000170161,0,0,3,0,0,0.019
ENSG00000171481,0,6,0,0,0,0.019
ENSG00000172717,10,0,3,0,0,0.019
ENSG00000175697,0,0,7,0,39,0.019
ENSG00000176716,0,0,0,0,3,0.019
ENSG00000179148,36,0,59,9,71,0.019
ENSG00000180739,0,0,28,0,68,0.019
ENSG00000182583,0,0,0,0,0,0.019
ENSG00000183019,10,0,16,6,31,0.019
ENSG00000183154,21,0,20,13,9,0.019
ENSG00000185002,0,0,13,0,31,0.019
ENSG00000187758,0,15,0,0,0,0.019
ENSG00000196793,0,0,0,0,0,0.019
ENSG00000197497,6,66,18,4,0,0.019
ENSG00000204195,0,0,0,0,3,0.019
ENSG00000205209,3,19,0,15,0,0.019
ENSG00000205693,0,0,0,0,0,0.019
ENSG00000205916,0,0,0,0,0,0.019
ENSG00000225940,0,1,0,0,19,0.019
ENSG00000232268,0,0,0,0,8,0.019
ENSG00000253509,0,0,4,0,5,0.019
ENSG00000255804,0,0,0,0,16,0.019
ENSG00000256374,0,0,0,0,0,0.019
ENSG00000256618,0,20,0,0,0,0.019
ENSG00000058085,0,0,0,0,8,0.018
ENSG00000067840,0,0,4,0,32,0.018
ENSG00000102043,0,4,3,0,0,0.018
ENSG00000102387,0,0,0,0,0,0.018
ENSG00000107165,0,0,0,0,0,0.018
ENSG00000107623,0,0,6,0,43,0.018
ENSG00000110375,77,0,87,62,17,0.018
ENSG00000115602,0,0,0,0,5,0.018
ENSG00000120440,3,0,0,7,0,0.018
ENSG00000121933,0,0,0,0,0,0.018
ENSG00000124159,3,0,10,0,57,0.018
ENSG00000124664,6,0,18,0,73,0.018
ENSG00000126856,0,6,0,0,5,0.018
ENSG00000129864,0,0,0,0,0,0.018
ENSG00000132498,0,0,4,0,0,0.018
ENSG00000133710,0,0,0,0,0,0.018
ENSG00000133808,0,0,0,0,4,0.018
ENSG00000135838,3,0,10,0,30,0.018
ENSG00000138271,0,0,0,0,0,0.018
ENSG00000139549,0,0,35,0,53,0.018
ENSG00000142973,0,0,0,0,0,0.018
ENSG00000145147,4,0,16,0,10,0.018
ENSG00000145700,18,0,15,13,10,0.018
ENSG00000154274,4,0,10,0,28,0.018
ENSG00000154721,0,0,16,0,33,0.018
ENSG00000160396,3,0,0,0,21,0.018
ENSG00000163295,0,0,0,0,75,0.018
ENSG00000163909,0,0,9,0,49,0.018
ENSG00000169418,5,0,21,0,56,0.018
ENSG00000171102,0,0,0,0,19,0.018
ENSG00000173320,0,0,0,0,3,0.018
ENSG00000175773,20,0,13,7,3,0.018
ENSG00000180929,0,0,0,0,0,0.018
ENSG00000184515,0,0,0,0,0,0.018
ENSG00000185176,0,0,2,0,33,0.018
ENSG00000189064,0,0,0,0,0,0.018
ENSG00000198807,0,0,27,0,87,0.018
ENSG00000205300,0,0,0,0,25,0.018
ENSG00000205867,0,0,0,0,32,0.018
ENSG00000213809,0,0,0,0,0,0.018
ENSG00000213934,0,0,0,0,8,0.018
ENSG00000221836,0,0,0,0,8,0.018
ENSG00000232941,0,17,0,0,0,0.018
ENSG00000254873,35,0,29,23,9,0.018
ENSG00000039600,0,6,3,0,0,0.017
ENSG00000049249,0,0,0,0,55,0.017
ENSG00000068615,0,0,15,0,59,0.017
ENSG00000089116,0,0,11,0,67,0.017
ENSG00000108821,0,0,15,0,66,0.017
ENSG00000115221,11,0,14,0,0,0.017
ENSG00000116729,0,0,0,0,21,0.017
ENSG00000118434,0,0,0,0,0,0.017
ENSG00000121380,0,6,0,0,12,0.017
ENSG00000124313,0,0,11,0,35,0.017
ENSG00000130287,0,0,0,0,27,0.017
ENSG00000131044,13,0,22,0,44,0.017
ENSG00000141434,0,8,0,0,0,0.017
ENSG00000144476,0,0,5,0,57,0.017
ENSG00000152784,5,0,18,0,49,0.017
ENSG00000158423,26,0,22,19,4,0.017
ENSG00000161270,0,0,20,0,0,0.017
ENSG00000163746,0,0,0,0,0,0.017
ENSG00000164675,18,0,21,6,8,0.017
ENSG00000164707,3,0,10,0,56,0.017
ENSG00000166741,0,0,8,0,26,0.017
ENSG00000167751,0,0,0,0,29,0.017
ENSG00000172318,12,5,4,34,0,0.017
ENSG00000172426,0,0,0,0,12,0.017
ENSG00000173728,0,0,0,0,33,0.017
ENSG00000175356,0,0,0,6,0,0.017
ENSG00000178342,0,0,0,0,64,0.017
ENSG00000178726,0,0,0,0,32,0.017
ENSG00000178965,0,13,4,0,15,0.017
ENSG00000180424,0,0,0,0,28,0.017
ENSG00000182983,0,0,0,0,20,0.017
ENSG00000183018,0,0,17,0,60,0.017
ENSG00000183943,0,0,4,0,0,0.017
ENSG00000196337,7,0,25,0,46,0.017
ENSG00000196734,0,0,0,0,5,0.017
ENSG00000203870,0,0,0,0,0,0.017
ENSG00000205089,0,0,0,0,0,0.017
ENSG00000217455,2,0,3,4,0,0.017
ENSG00000222028,3,0,5,0,50,0.017
ENSG00000231256,28,0,35,25,34,0.017
ENSG00000243440,0,0,0,0,0,0.017
ENSG00000253276,0,0,14,0,9,0.017
ENSG00000255622,0,8,1,0,14,0.017
ENSG00000259384,0,0,0,0,44,0.017
ENSG00000023171,0,0,0,0,27,0.016
ENSG00000048052,0,11,14,0,21,0.016
ENSG00000054938,8,0,7,12,47,0.016
ENSG00000065413,2,0,19,0,65,0.016
ENSG00000101282,0,0,0,0,34,0.016
ENSG00000101333,0,0,20,0,29,0.016
ENSG00000104154,2,0,15,0,44,0.016
ENSG00000109511,0,27,0,0,0,0.016
ENSG00000113389,0,11,0,0,0,0.016
ENSG00000124225,0,0,11,0,82,0.016
ENSG00000126759,0,0,0,0,10,0.016
ENSG00000134463,0,0,0,0,0,0.016
ENSG00000135248,0,0,0,0,17,0.016
ENSG00000138185,0,0,0,0,9,0.016
ENSG00000144481,0,0,0,0,6,0.016
ENSG00000145826,0,0,0,0,0,0.016
ENSG00000152595,0,0,4,0,3,0.016
ENSG00000155026,0,0,0,0,0,0.016
ENSG00000171483,0,0,0,0,0,0.016
ENSG00000174332,0,0,8,0,83,0.016
ENSG00000176927,32,0,27,28,11,0.016
ENSG00000181800,0,0,0,0,53,0.016
ENSG00000183662,0,0,0,0,0,0.016
ENSG00000183734,7,0,14,0,35,0.016
ENSG00000183760,0,0,0,0,20,0.016
ENSG00000183853,0,0,4,0,17,0.016
ENSG00000186335,0,0,0,0,51,0.016
ENSG00000187012,0,0,0,0,43,0.016
ENSG00000189051,0,0,5,0,40,0.016
ENSG00000197380,0,0,14,0,26,0.016
ENSG00000197653,9,0,19,0,13,0.016
ENSG00000197880,10,0,0,0,6,0.016
ENSG00000197888,0,0,0,0,0,0.016
ENSG00000203808,9,0,16,0,15,0.016
ENSG00000205890,13,0,38,0,70,0.016
ENSG00000215277,0,0,4,0,57,0.016
ENSG00000215431,0,0,0,0,0,0.016
ENSG00000222046,18,0,19,5,7,0.016
ENSG00000225399,0,0,5,0,0,0.016
ENSG00000226800,10,0,37,0,27,0.016
ENSG00000228075,0,0,0,0,3,0.016
ENSG00000241598,0,0,0,0,49,0.016
ENSG00000255164,0,36,0,0,0,0.016
ENSG00000062096,0,0,0,0,0,0.015
ENSG00000085552,3,0,9,0,58,0.015
ENSG00000102409,0,0,0,0,0,0.015
ENSG00000108242,0,8,0,0,0,0.015
ENSG00000109113,46,0,37,35,28,0.015
ENSG00000111716,0,18,0,0,0,0.015
ENSG00000112280,0,0,0,0,2,0.015
ENSG00000112530,14,0,13,4,0,0.015
ENSG00000112902,0,0,6,0,16,0.015
ENSG00000126950,0,0,0,0,3,0.015
ENSG00000128652,0,0,17,0,91,0.015
ENSG00000129277,0,0,0,0,3,0.015
ENSG00000129437,0,0,0,0,40,0.015
ENSG00000129467,4,0,30,0,94,0.015
ENSG00000130222,4,0,26,0,45,0.015
ENSG00000130612,0,0,0,0,26,0.015
ENSG00000136002,0,0,9,0,71,0.015
ENSG00000136732,0,0,5,0,53,0.015
ENSG00000145687,7,0,24,0,29,0.015
ENSG00000146090,0,0,14,0,35,0.015
ENSG00000148344,0,0,11,0,71,0.015
ENSG00000149575,6,0,24,0,9,0.015
ENSG00000150045,0,0,0,0,0,0.015
ENSG00000155254,1,0,0,1,15,0.015
ENSG00000155714,12,0,15,7,13,0.015
ENSG00000155849,0,0,15,0,36,0.015
ENSG00000158683,0,0,0,0,11,0.015
ENSG00000162771,0,0,0,0,4,0.015
ENSG00000166008,0,0,0,0,0,0.015
ENSG00000167419,20,0,18,13,18,0.015
ENSG00000171611,14,0,26,0,11,0.015
ENSG00000172399,3,0,0,0,8,0.015
ENSG00000172461,0,0,9,0,25,0.015
ENSG00000176771,0,0,0,0,8,0.015
ENSG00000182545,0,0,0,0,4,0.015
ENSG00000183305,0,0,0,0,0,0.015
ENSG00000183831,0,0,7,0,29,0.015
ENSG00000184530,0,0,14,0,22,0.015
ENSG00000184908,0,0,0,0,50,0.015
ENSG00000185055,0,0,0,0,9,0.015
ENSG00000186854,26,6,28,14,30,0.015
ENSG00000188580,0,0,12,0,23,0.015
ENSG00000196218,0,0,0,0,13,0.015
ENSG00000196420,14,0,14,12,11,0.015
ENSG00000197301,0,0,0,8,0,0.015
ENSG00000197753,0,0,9,0,5,0.015
ENSG00000204173,41,0,38,20,16,0.015
ENSG00000204323,11,0,18,9,0,0.015
ENSG00000205015,0,0,24,0,80,0.015
ENSG00000205863,0,0,0,0,19,0.015
ENSG00000216560,0,0,23,0,31,0.015
ENSG00000004939,0,0,0,0,64,0.014
ENSG00000060558,0,0,0,0,14,0.014
ENSG00000061492,0,0,0,0,0,0.014
ENSG00000066336,0,0,0,0,18,0.014
ENSG00000069764,0,0,0,0,0,0.014
ENSG00000074706,0,0,0,0,3,0.014
ENSG00000081479,3,0,35,0,71,0.014
ENSG00000104883,12,0,21,4,3,0.014
ENSG00000105737,1,0,0,0,49,0.014
ENSG00000107859,36,0,47,11,68,0.014
ENSG00000107954,0,0,17,0,77,0.014
ENSG00000111837,20,6,18,8,28,0.014
ENSG00000117009,14,0,4,0,0,0.014
ENSG00000120337,0,0,0,0,0,0.014
ENSG00000132517,0,0,5,0,0,0.014
ENSG00000138685,0,0,16,0,42,0.014
ENSG00000147873,0,0,0,0,0,0.014
ENSG00000153294,0,0,0,0,0,0.014
ENSG00000154065,4,0,12,0,37,0.014
ENSG00000154277,3,0,10,0,50,0.014
ENSG00000155282,0,0,0,0,0,0.014
ENSG00000157168,0,0,12,0,21,0.014
ENSG00000161671,0,0,0,0,7,0.014
ENSG00000165568,0,0,0,0,7,0.014
ENSG00000169896,0,0,0,0,34,0.014
ENSG00000172497,0,0,14,0,18,0.014
ENSG00000176515,6,0,4,7,0,0.014
ENSG00000177238,5,0,13,0,65,0.014
ENSG00000177990,0,0,9,0,8,0.014
ENSG00000179008,4,0,11,0,29,0.014
ENSG00000184724,0,89,0,0,0,0.014
ENSG00000184828,0,0,25,0,44,0.014
ENSG00000185105,0,0,4,0,3,0.014
ENSG00000186329,60,0,0,87,0,0.014
ENSG00000186472,0,0,12,0,0,0.014
ENSG00000188001,0,0,0,0,0,0.014
ENSG00000205754,0,6,0,0,0,0.014
ENSG00000234068,0,0,0,0,0,0.014
ENSG00000236022,0,0,0,0,0,0.014
ENSG00000253327,31,7,22,18,8,0.014
ENSG00000258729,0,17,0,0,0,0.014
ENSG00000003147,0,0,15,0,40,0.013
ENSG00000005249,0,0,13,0,31,0.013
ENSG00000006468,0,1,24,0,4,0.013
ENSG00000006611,0,0,0,0,3,0.013
ENSG00000040731,0,0,0,0,0,0.013
ENSG00000055732,0,0,12,0,35,0.013
ENSG00000063015,0,0,0,0,49,0.013
ENSG00000077420,0,0,4,0,13,0.013
ENSG00000092068,0,0,4,0,62,0.013
ENSG00000105509,0,0,0,0,34,0.013
ENSG00000106631,0,0,0,0,11,0.013
ENSG00000112309,0,0,20,0,34,0.013
ENSG00000115138,0,0,13,0,65,0.013
ENSG00000116711,0,0,0,0,0,0.013
ENSG00000116991,0,0,0,0,3,0.013
ENSG00000122574,3,0,19,0,63,0.013
ENSG00000125861,20,0,29,4,57,0.013
ENSG00000128683,0,0,25,0,57,0.013
ENSG00000130377,0,0,0,0,0,0.013
ENSG00000133392,5,0,10,0,71,0.013
ENSG00000134571,9,0,25,0,39,0.013
ENSG00000135697,8,0,13,0,29,0.013
ENSG00000136546,0,0,0,0,14,0.013
ENSG00000137251,0,0,0,0,0,0.013
ENSG00000137273,0,0,23,0,93,0.013
ENSG00000138347,0,0,0,0,0,0.013
ENSG00000143458,3,0,12,0,0,0.013
ENSG00000150594,0,0,15,0,37,0.013
ENSG00000152670,0,0,0,0,0,0.013
ENSG00000159307,0,0,4,0,41,0.013
ENSG00000163092,0,0,0,0,0,0.013
ENSG00000163285,0,0,0,0,0,0.013
ENSG00000164626,0,0,9,0,22,0.013
ENSG00000165072,0,3,10,0,54,0.013
ENSG00000166446,0,0,15,0,30,0.013
ENSG00000166793,5,0,16,0,48,0.013
ENSG00000169194,4,0,5,0,10,0.013
ENSG00000169385,0,12,0,0,12,0.013
ENSG00000169495,0,0,0,0,0,0.013
ENSG00000169752,0,0,17,0,29,0.013
ENSG00000173227,7,0,8,0,18,0.013
ENSG00000177464,4,0,10,0,59,0.013
ENSG00000177468,4,0,19,0,78,0.013
ENSG00000178803,10,0,12,0,0,0.013
ENSG00000179954,26,0,40,8,32,0.013
ENSG00000181378,0,0,0,0,57,0.013
ENSG00000182580,0,0,12,0,62,0.013
ENSG00000182771,0,0,24,0,67,0.013
ENSG00000182836,0,0,5,0,7,0.013
ENSG00000186831,0,0,0,0,0,0.013
ENSG00000187672,0,0,12,0,28,0.013
ENSG00000188761,0,0,0,0,0,0.013
ENSG00000189325,12,0,22,0,64,0.013
ENSG00000196376,0,0,16,0,30,0.013
ENSG00000196934,0,0,0,0,0,0.013
ENSG00000197614,0,0,0,0,19,0.013
ENSG00000197665,0,0,0,0,0,0.013
ENSG00000197872,0,0,11,0,50,0.013
ENSG00000198670,0,0,0,0,0,0.013
ENSG00000213085,0,0,0,0,3,0.013
ENSG00000215182,0,0,0,0,56,0.013
ENSG00000221867,0,0,0,0,0,0.013
ENSG00000233198,57,0,82,24,3,0.013
ENSG00000233611,0,0,38,0,84,0.013
ENSG00000240747,13,0,14,15,5,0.013
ENSG00000250424,0,0,0,0,3,0.013
ENSG00000253293,9,0,34,0,84,0.013
ENSG00000255027,9,0,24,0,6,0.013
ENSG00000256045,0,0,0,0,0,0.013
ENSG00000259518,0,0,0,0,32,0.013
ENSG00000005108,0,0,10,0,14,0.012
ENSG00000005379,0,0,10,0,56,0.012
ENSG00000007171,0,0,0,0,0,0.012
ENSG00000007216,0,0,5,0,15,0.012
ENSG00000009765,0,0,0,0,2,0.012
ENSG00000042832,0,0,0,0,30,0.012
ENSG00000048545,0,0,0,0,45,0.012
ENSG00000067798,0,0,0,0,0,0.012
ENSG00000080493,0,0,17,0,32,0.012
ENSG00000082074,0,0,0,0,0,0.012
ENSG00000099399,0,0,0,0,0,0.012
ENSG00000102069,0,62,0,0,0,0.012
ENSG00000102271,0,0,0,0,0,0.012
ENSG00000110675,0,0,18,0,34,0.012
ENSG00000112964,0,0,18,0,28,0.012
ENSG00000114654,4,0,12,0,33,0.012
ENSG00000116183,0,0,0,0,0,0.012
ENSG00000118307,22,0,16,14,7,0.012
ENSG00000124678,0,0,0,0,11,0.012
ENSG00000129244,3,0,16,0,17,0.012
ENSG00000130950,0,0,7,0,0,0.012
ENSG00000133106,7,0,12,0,31,0.012
ENSG00000133216,0,0,18,0,46,0.012
ENSG00000135577,0,0,0,0,6,0.012
ENSG00000135749,0,0,4,0,15,0.012
ENSG00000137965,0,29,0,0,0,0.012
ENSG00000139211,0,0,7,0,37,0.012
ENSG00000140009,15,0,19,5,3,0.012
ENSG00000141527,0,0,0,0,57,0.012
ENSG00000143195,3,0,13,0,43,0.012
ENSG00000143851,5,0,0,0,68,0.012
ENSG00000144366,0,0,12,0,21,0.012
ENSG00000146469,0,0,0,0,0,0.012
ENSG00000151079,0,0,0,0,21,0.012
ENSG00000151490,0,0,9,0,13,0.012
ENSG00000153930,0,0,0,0,0,0.012
ENSG00000157211,0,0,5,0,0,0.012
ENSG00000162753,0,0,0,0,4,0.012
ENSG00000166869,0,0,10,0,28,0.012
ENSG00000168772,3,0,22,0,17,0.012
ENSG00000169994,0,0,0,0,67,0.012
ENSG00000170927,4,0,0,0,0,0.012
ENSG00000172197,4,0,12,0,35,0.012
ENSG00000172985,0,0,21,0,41,0.012
ENSG00000174876,0,0,0,0,0,0.012
ENSG00000175520,0,0,0,0,31,0.012
ENSG00000177694,5,0,12,0,14,0.012
ENSG00000179111,47,0,79,6,52,0.012
ENSG00000181449,0,0,14,0,37,0.012
ENSG00000183117,0,0,0,0,27,0.012
ENSG00000184774,0,0,0,0,10,0.012
ENSG00000185924,4,0,37,1,60,0.012
ENSG00000188037,0,0,0,0,0,0.012
ENSG00000189134,0,0,0,0,26,0.012
ENSG00000198354,0,24,0,0,0,0.012
ENSG00000205786,0,0,6,0,0,0.012
ENSG00000215372,0,0,0,0,0,0.012
ENSG00000228032,0,0,0,0,28,0.012
ENSG00000230197,0,0,0,0,0,0.012
ENSG00000232810,0,0,0,0,0,0.012
ENSG00000258292,0,0,0,10,0,0.012
ENSG00000259003,24,0,25,0,48,0.012
ENSG00000011201,0,0,9,0,9,0.011
ENSG00000050767,0,18,7,0,28,0.011
ENSG00000057657,0,0,7,0,53,0.011
ENSG00000072858,5,0,12,0,43,0.011
ENSG00000078579,5,0,22,0,28,0.011
ENSG00000079156,4,0,21,0,64,0.011
ENSG00000082684,0,0,29,0,58,0.011
ENSG00000087303,0,0,18,0,40,0.011
ENSG00000089101,20,0,16,13,15,0.011
ENSG00000100365,0,0,0,0,34,0.011
ENSG00000101276,0,0,0,0,58,0.011
ENSG00000105894,0,0,0,0,9,0.011
ENSG00000117477,7,10,9,0,3,0.011
ENSG00000120659,0,62,0,0,0,0.011
ENSG00000124092,5,0,10,0,41,0.011
ENSG00000124701,12,0,0,21,0,0.011
ENSG00000125815,0,0,0,0,22,0.011
ENSG00000130182,4,0,22,0,11,0.011
ENSG00000130294,0,0,3,0,65,0.011
ENSG00000131196,0,0,22,0,66,0.011
ENSG00000133101,0,0,0,0,20,0.011
ENSG00000133246,16,0,23,0,21,0.011
ENSG00000133661,0,0,15,0,41,0.011
ENSG00000135517,25,0,21,11,8,0.011
ENSG00000135925,0,0,25,0,80,0.011
ENSG00000137261,6,0,15,0,14,0.011
ENSG00000138068,21,0,25,17,13,0.011
ENSG00000142698,0,0,5,0,32,0.011
ENSG00000144452,0,0,0,0,12,0.011
ENSG00000146147,0,0,0,0,0,0.011
ENSG00000147082,0,0,0,0,0,0.011
ENSG00000147432,0,0,6,0,20,0.011
ENSG00000148357,0,0,0,0,56,0.011
ENSG00000148377,0,0,0,0,0,0.011
ENSG00000154153,0,0,15,0,44,0.011
ENSG00000156049,0,0,10,0,26,0.011
ENSG00000156265,20,0,19,19,17,0.011
ENSG00000158321,5,0,33,0,26,0.011
ENSG00000160219,0,0,7,0,32,0.011
ENSG00000162594,0,0,0,0,0,0.011
ENSG00000163565,0,6,0,0,0,0.011
ENSG00000163600,0,0,0,0,0,0.011
ENSG00000163735,0,0,0,0,31,0.011
ENSG00000164197,5,0,12,0,26,0.011
ENSG00000166407,0,0,8,0,68,0.011
ENSG00000166501,0,0,7,0,52,0.011
ENSG00000169402,0,0,0,0,0,0.011
ENSG00000171951,0,0,0,0,0,0.011
ENSG00000173088,12,0,16,9,0,0.011
ENSG00000173389,0,18,0,0,15,0.011
ENSG00000174175,0,17,0,0,18,0.011
ENSG00000174945,0,0,9,0,36,0.011
ENSG00000176641,0,0,18,0,35,0.011
ENSG00000177459,0,0,12,0,44,0.011
ENSG00000178997,22,0,21,15,0,0.011
ENSG00000179873,0,0,0,0,9,0.011
ENSG00000183850,0,90,3,0,0,0.011
ENSG00000183960,0,0,13,0,7,0.011
ENSG00000185052,0,0,15,0,60,0.011
ENSG00000185507,0,0,0,0,0,0.011
ENSG00000185640,0,0,0,0,46,0.011
ENSG00000188152,0,0,0,0,0,0.011
ENSG00000189253,0,0,0,0,0,0.011
ENSG00000196890,0,0,2,0,6,0.011
ENSG00000198879,0,0,12,0,19,0.011
ENSG00000204252,0,0,0,0,0,0.011
ENSG00000204918,0,4,0,0,0,0.011
ENSG00000204919,0,23,0,0,0,0.011
ENSG00000206262,0,0,31,0,87,0.011
ENSG00000214376,0,0,11,0,40,0.011
ENSG00000227164,0,0,0,0,0,0.011
ENSG00000237515,0,0,0,0,53,0.011
ENSG00000240583,0,0,0,0,3,0.011
ENSG00000243978,0,0,0,0,0,0.011
ENSG00000253787,0,0,0,0,0,0.011
ENSG00000257545,24,0,20,20,12,0.011
ENSG00000006283,0,0,28,0,52,0.01
ENSG00000026508,0,0,5,0,39,0.01
ENSG00000064042,0,0,13,0,42,0.01
ENSG00000071909,0,0,0,0,2,0.01
ENSG00000080572,13,0,12,0,0,0.01
ENSG00000089335,3,19,0,16,0,0.01
ENSG00000105717,0,0,0,0,7,0.01
ENSG00000110900,0,0,11,0,69,0.01
ENSG00000119771,0,0,20,0,64,0.01
ENSG00000120211,0,11,0,0,10,0.01
ENSG00000121753,0,0,34,0,53,0.01
ENSG00000124496,0,0,22,0,79,0.01
ENSG00000131914,0,0,8,0,45,0.01
ENSG00000132932,0,0,13,0,56,0.01
ENSG00000137745,0,0,0,0,0,0.01
ENSG00000138670,0,0,7,0,37,0.01
ENSG00000140506,7,0,15,0,10,0.01
ENSG00000144681,0,0,4,0,18,0.01
ENSG00000149294,0,0,13,0,27,0.01
ENSG00000151778,0,0,4,0,13,0.01
ENSG00000153086,0,11,0,0,0,0.01
ENSG00000154099,26,0,31,7,13,0.01
ENSG00000157093,0,0,0,0,37,0.01
ENSG00000159374,0,0,0,0,15,0.01
ENSG00000159618,0,0,0,0,63,0.01
ENSG00000159640,0,0,25,0,76,0.01
ENSG00000162631,0,0,11,0,25,0.01
ENSG00000162643,0,0,4,0,25,0.01
ENSG00000164176,0,0,17,0,34,0.01
ENSG00000164185,0,0,0,0,0,0.01
ENSG00000164761,0,0,9,0,14,0.01
ENSG00000165623,0,0,4,0,8,0.01
ENSG00000165805,22,0,12,7,6,0.01
ENSG00000166426,0,0,0,0,60,0.01
ENSG00000167011,0,0,27,0,40,0.01
ENSG00000169554,0,0,4,0,38,0.01
ENSG00000170465,0,0,0,0,3,0.01
ENSG00000170579,0,0,6,0,13,0.01
ENSG00000170775,0,15,0,11,0,0.01
ENSG00000171209,0,0,0,0,0,0.01
ENSG00000171533,0,0,20,0,47,0.01
ENSG00000173809,0,0,0,0,0,0.01
ENSG00000174255,0,0,0,0,22,0.01
ENSG00000175877,0,0,0,0,11,0.01
ENSG00000178690,0,0,0,0,0,0.01
ENSG00000178732,14,0,14,3,9,0.01
ENSG00000183148,0,0,0,0,0,0.01
ENSG00000184571,0,0,0,0,24,0.01
ENSG00000184788,0,0,0,0,0,0.01
ENSG00000186136,0,0,0,0,0,0.01
ENSG00000186143,9,0,10,4,29,0.01
ENSG00000187123,0,0,18,0,37,0.01
ENSG00000187553,0,0,6,0,3,0.01
ENSG00000188505,0,0,16,0,60,0.01
ENSG00000197479,0,36,0,0,0,0.01
ENSG00000198366,18,0,16,19,10,0.01
ENSG00000204866,0,0,0,0,9,0.01
ENSG00000204941,0,0,0,0,0,0.01
ENSG00000205414,0,0,0,20,0,0.01
ENSG00000222004,0,0,0,0,8,0.01
ENSG00000223519,0,9,0,0,3,0.01
ENSG00000228208,0,27,0,0,0,0.01
ENSG00000229665,0,0,0,0,0,0.01
ENSG00000233828,0,0,0,0,0,0.01
ENSG00000244588,12,0,20,0,32,0.01
ENSG00000247270,0,5,5,0,34,0.01
ENSG00000257184,9,0,32,0,83,0.01
ENSG00000258804,0,0,0,0,6,0.01
ENSG00000029534,0,0,12,0,42,0.009
ENSG00000034971,0,0,6,0,0,0.009
ENSG00000044524,0,0,6,0,12,0.009
ENSG00000081665,0,83,0,0,0,0.009
ENSG00000091128,0,0,0,0,20,0.009
ENSG00000096006,0,0,0,0,0,0.009
ENSG00000100842,0,0,8,0,96,0.009
ENSG00000103569,0,0,0,0,26,0.009
ENSG00000106302,0,0,0,0,0,0.009
ENSG00000115523,0,0,0,0,38,0.009
ENSG00000118473,0,0,4,0,3,0.009
ENSG00000118513,0,0,32,0,65,0.009
ENSG00000121377,0,0,0,0,3,0.009
ENSG00000124134,4,0,10,0,43,0.009
ENSG00000124391,4,0,18,0,37,0.009
ENSG00000129757,0,0,6,0,39,0.009
ENSG00000132185,0,0,0,0,1,0.009
ENSG00000132334,0,0,14,0,48,0.009
ENSG00000135116,0,0,31,0,68,0.009
ENSG00000136573,0,18,0,0,47,0.009
ENSG00000138109,0,5,0,0,0,0.009
ENSG00000139364,0,0,18,0,57,0.009
ENSG00000142700,0,0,21,0,72,0.009
ENSG00000143816,0,0,25,0,70,0.009
ENSG00000146955,3,0,10,0,16,0.009
ENSG00000146966,8,0,20,0,3,0.009
ENSG00000147443,7,0,16,3,51,0.009
ENSG00000150361,0,0,0,0,0,0.009
ENSG00000151067,0,0,0,0,0,0.009
ENSG00000152661,0,0,0,0,21,0.009
ENSG00000154258,0,21,0,0,0,0.009
ENSG00000155886,0,0,0,0,3,0.009
ENSG00000158553,5,7,12,0,23,0.009
ENSG00000159409,3,0,22,0,36,0.009
ENSG00000163207,0,0,0,0,8,0.009
ENSG00000163359,0,0,0,0,90,0.009
ENSG00000164627,8,0,14,0,3,0.009
ENSG00000165556,4,0,16,0,61,0.009
ENSG00000165646,0,0,15,0,62,0.009
ENSG00000165816,0,0,6,0,79,0.009
ENSG00000166106,0,0,10,0,43,0.009
ENSG00000166432,0,0,9,0,0,0.009
ENSG00000166963,12,0,25,11,6,0.009
ENSG00000168676,8,0,18,0,18,0.009
ENSG00000170160,0,0,0,0,0,0.009
ENSG00000171246,0,0,33,0,96,0.009
ENSG00000171402,0,0,0,0,0,0.009
ENSG00000171942,0,0,0,0,5,0.009
ENSG00000172349,0,0,0,0,11,0.009
ENSG00000172519,0,0,0,0,6,0.009
ENSG00000174837,0,0,0,0,3,0.009
ENSG00000175206,3,0,0,11,0,0.009
ENSG00000175544,0,0,5,0,72,0.009
ENSG00000178467,0,0,0,0,0,0.009
ENSG00000179583,0,0,11,0,66,0.009
ENSG00000181885,18,0,6,23,0,0.009
ENSG00000181903,0,62,0,0,0,0.009
ENSG00000182578,0,0,0,0,22,0.009
ENSG00000183036,0,18,0,0,0,0.009
ENSG00000183303,0,0,0,0,3,0.009
ENSG00000183638,0,0,0,0,28,0.009
ENSG00000183780,0,0,0,0,7,0.009
ENSG00000184292,0,0,4,0,8,0.009
ENSG00000184937,0,0,17,0,73,0.009
ENSG00000184945,0,0,0,0,29,0.009
ENSG00000185760,0,0,0,0,20,0.009
ENSG00000185774,0,0,12,0,24,0.009
ENSG00000186453,0,0,0,0,13,0.009
ENSG00000186723,0,0,0,0,9,0.009
ENSG00000187833,23,0,23,12,14,0.009
ENSG00000188279,0,0,0,0,0,0.009
ENSG00000188620,3,0,52,0,84,0.009
ENSG00000188732,0,0,0,0,3,0.009
ENSG00000196166,6,0,13,0,13,0.009
ENSG00000198580,0,60,0,0,0,0.009
ENSG00000204365,0,17,0,0,22,0.009
ENSG00000205038,4,0,10,0,23,0.009
ENSG00000205649,0,0,0,0,0,0.009
ENSG00000213416,0,0,0,0,0,0.009
ENSG00000213578,0,0,4,0,58,0.009
ENSG00000214700,0,0,0,0,0,0.009
ENSG00000224236,0,0,0,0,0,0.009
ENSG00000225899,0,0,0,0,0,0.009
ENSG00000225932,0,0,0,0,0,0.009
ENSG00000233932,0,0,0,0,0,0.009
ENSG00000240505,0,0,0,0,39,0.009
ENSG00000240654,0,0,0,0,0,0.009
ENSG00000242732,0,0,4,0,14,0.009
ENSG00000243130,0,0,0,0,0,0.009
ENSG00000244414,0,0,3,0,0,0.009
ENSG00000255470,0,0,0,0,5,0.009
ENSG00000000938,0,0,0,0,36,0.008
ENSG00000046889,0,0,11,0,26,0.008
ENSG00000077274,0,0,0,0,2,0.008
ENSG00000079215,0,0,0,0,22,0.008
ENSG00000080910,0,0,3,0,0,0.008
ENSG00000086967,15,0,20,0,40,0.008
ENSG00000090376,0,0,0,0,8,0.008
ENSG00000091010,0,0,0,0,52,0.008
ENSG00000095587,4,0,24,0,24,0.008
ENSG00000103241,0,0,13,0,79,0.008
ENSG00000104972,0,0,0,0,23,0.008
ENSG00000105409,0,0,7,0,52,0.008
ENSG00000106031,0,0,30,0,70,0.008
ENSG00000106278,0,0,12,0,19,0.008
ENSG00000107014,0,0,0,0,5,0.008
ENSG00000112981,0,0,0,0,3,0.008
ENSG00000115112,0,0,14,0,89,0.008
ENSG00000120279,0,0,0,0,0,0.008
ENSG00000120332,0,0,0,0,7,0.008
ENSG00000121297,0,0,28,0,42,0.008
ENSG00000121797,0,0,0,0,24,0.008
ENSG00000125084,3,0,38,0,72,0.008
ENSG00000127124,0,0,18,0,33,0.008
ENSG00000128254,35,0,32,33,6,0.008
ENSG00000129595,0,0,13,0,27,0.008
ENSG00000130045,0,0,11,0,7,0.008
ENSG00000131400,7,0,7,0,4,0.008
ENSG00000132915,0,0,0,0,6,0.008
ENSG00000133401,0,0,15,0,64,0.008
ENSG00000134853,0,0,45,0,70,0.008
ENSG00000135903,0,0,12,0,98,0.008
ENSG00000137841,0,0,5,0,45,0.008
ENSG00000140932,0,0,0,0,11,0.008
ENSG00000140955,11,0,12,8,40,0.008
ENSG00000143333,0,0,3,0,20,0.008
ENSG00000147246,0,0,0,0,12,0.008
ENSG00000149609,26,0,23,16,10,0.008
ENSG00000150676,9,0,11,7,0,0.008
ENSG00000151388,0,0,0,0,22,0.008
ENSG00000152402,0,0,20,0,28,0.008
ENSG00000152689,0,0,0,0,12,0.008
ENSG00000153064,0,0,0,0,0,0.008
ENSG00000158113,0,0,4,0,13,0.008
ENSG00000160185,0,11,0,0,4,0.008
ENSG00000160654,0,0,0,0,33,0.008
ENSG00000162399,0,0,3,0,45,0.008
ENSG00000163286,0,0,0,0,42,0.008
ENSG00000163915,0,0,0,13,0,0.008
ENSG00000164651,4,0,32,0,51,0.008
ENSG00000165120,24,0,18,16,9,0.008
ENSG00000165259,0,0,10,0,0,0.008
ENSG00000166823,5,0,14,0,44,0.008
ENSG00000167984,0,0,10,0,4,0.008
ENSG00000169306,0,0,0,0,0,0.008
ENSG00000171403,0,0,0,0,45,0.008
ENSG00000171450,0,0,26,0,74,0.008
ENSG00000171916,0,0,0,0,0,0.008
ENSG00000172987,0,0,0,0,49,0.008
ENSG00000176635,0,0,0,0,9,0.008
ENSG00000177096,28,0,26,14,4,0.008
ENSG00000177558,0,0,0,0,15,0.008
ENSG00000178734,5,0,8,0,18,0.008
ENSG00000178776,0,0,0,0,0,0.008
ENSG00000179066,4,4,3,13,3,0.008
ENSG00000180539,17,0,44,0,7,0.008
ENSG00000180745,0,0,0,0,0,0.008
ENSG00000180881,0,0,6,0,0,0.008
ENSG00000181778,0,0,0,0,6,0.008
ENSG00000182183,9,0,11,0,12,0.008
ENSG00000182521,0,0,0,0,18,0.008
ENSG00000182776,0,0,0,0,0,0.008
ENSG00000182896,27,0,35,23,11,0.008
ENSG00000184254,0,0,7,0,42,0.008
ENSG00000184811,0,0,0,0,55,0.008
ENSG00000185634,0,0,12,0,51,0.008
ENSG00000185681,18,0,12,10,9,0.008
ENSG00000187658,0,7,4,0,0,0.008
ENSG00000188155,10,0,7,16,0,0.008
ENSG00000188931,4,0,0,17,0,0.008
ENSG00000196711,0,0,15,0,48,0.008
ENSG00000197991,0,0,0,0,0,0.008
ENSG00000204019,0,0,0,0,0,0.008
ENSG00000204021,0,0,0,0,0,0.008
ENSG00000204482,0,0,0,0,0,0.008
ENSG00000204538,0,0,0,0,0,0.008
ENSG00000205086,0,0,0,0,52,0.008
ENSG00000205592,0,11,0,0,0,0.008
ENSG00000205922,0,0,17,0,45,0.008
ENSG00000214102,0,0,0,0,14,0.008
ENSG00000214546,0,0,25,0,58,0.008
ENSG00000219410,19,0,9,15,8,0.008
ENSG00000224940,4,0,19,0,77,0.008
ENSG00000230594,0,0,0,0,0,0.008
ENSG00000240510,0,0,3,0,14,0.008
ENSG00000241123,0,23,0,0,5,0.008
ENSG00000000971,0,0,0,0,0,0.007
ENSG00000013619,0,0,36,0,36,0.007
ENSG00000018236,0,0,0,0,0,0.007
ENSG00000053438,10,0,3,2,0,0.007
ENSG00000073598,15,0,20,8,4,0.007
ENSG00000079931,0,0,16,0,41,0.007
ENSG00000080709,0,0,4,0,8,0.007
ENSG00000100739,0,0,0,0,33,0.007
ENSG00000102837,0,0,0,0,0,0.007
ENSG00000107187,0,0,0,0,35,0.007
ENSG00000113430,0,0,0,0,45,0.007
ENSG00000113520,6,0,10,0,30,0.007
ENSG00000113763,0,0,20,0,67,0.007
ENSG00000114279,0,0,0,0,0,0.007
ENSG00000115165,0,0,0,0,0,0.007
ENSG00000120329,0,62,0,0,0,0.007
ENSG00000121236,0,0,0,0,0,0.007
ENSG00000124205,0,0,0,0,66,0.007
ENSG00000124249,4,0,20,0,90,0.007
ENSG00000128591,9,0,25,0,27,0.007
ENSG00000128710,0,0,16,0,85,0.007
ENSG00000129221,3,15,0,0,12,0.007
ENSG00000129450,0,0,0,0,40,0.007
ENSG00000134020,11,0,27,3,0,0.007
ENSG00000136110,3,6,13,0,28,0.007
ENSG00000136155,0,0,0,0,4,0.007
ENSG00000137709,0,0,0,0,71,0.007
ENSG00000138771,0,0,0,0,0,0.007
ENSG00000140873,0,0,0,0,37,0.007
ENSG00000140945,0,0,0,0,50,0.007
ENSG00000144369,8,0,13,0,48,0.007
ENSG00000144619,0,0,16,0,7,0.007
ENSG00000145708,0,0,0,0,45,0.007
ENSG00000145965,0,0,0,0,1,0.007
ENSG00000146285,0,0,4,0,52,0.007
ENSG00000147434,0,0,0,0,0,0.007
ENSG00000148408,0,0,0,0,22,0.007
ENSG00000148735,0,0,0,0,6,0.007
ENSG00000149243,7,0,12,0,33,0.007
ENSG00000149295,0,0,0,0,27,0.007
ENSG00000149380,0,3,8,0,14,0.007
ENSG00000150667,16,0,13,6,7,0.007
ENSG00000151812,0,0,0,0,22,0.007
ENSG00000152128,0,0,16,0,71,0.007
ENSG00000152954,0,0,9,0,0,0.007
ENSG00000155875,0,0,0,0,19,0.007
ENSG00000156206,0,0,8,0,0,0.007
ENSG00000157782,0,0,19,0,64,0.007
ENSG00000158055,0,0,4,0,27,0.007
ENSG00000159189,0,0,0,0,40,0.007
ENSG00000162571,3,0,15,0,66,0.007
ENSG00000163485,0,14,0,0,21,0.007
ENSG00000163739,0,0,8,0,19,0.007
ENSG00000164236,0,0,14,0,30,0.007
ENSG00000165621,0,0,0,0,15,0.007
ENSG00000165671,0,0,5,0,5,0.007
ENSG00000165841,0,8,0,0,0,0.007
ENSG00000168491,11,0,21,0,46,0.007
ENSG00000168542,0,0,0,0,4,0.007
ENSG00000169509,0,0,0,0,47,0.007
ENSG00000169758,0,0,18,0,29,0.007
ENSG00000169777,0,5,0,0,0,0.007
ENSG00000170166,0,0,10,0,94,0.007
ENSG00000171033,4,0,7,0,28,0.007
ENSG00000172508,8,0,25,0,55,0.007
ENSG00000173124,0,0,0,0,0,0.007
ENSG00000173200,0,14,0,0,0,0.007
ENSG00000173714,4,0,28,0,96,0.007
ENSG00000174358,0,0,11,0,42,0.007
ENSG00000174776,0,0,0,0,0,0.007
ENSG00000175928,0,0,0,0,23,0.007
ENSG00000177710,0,24,0,0,0,0.007
ENSG00000178233,3,0,17,2,61,0.007
ENSG00000179300,0,0,0,0,0,0.007
ENSG00000180251,0,0,0,0,0,0.007
ENSG00000180537,0,0,14,0,50,0.007
ENSG00000181291,0,0,7,0,54,0.007
ENSG00000183166,0,0,7,0,41,0.007
ENSG00000183625,0,4,0,0,0,0.007
ENSG00000183778,0,0,0,0,10,0.007
ENSG00000184347,0,0,0,0,21,0.007
ENSG00000185177,0,100,0,0,0,0.007
ENSG00000186377,0,0,0,0,0,0.007
ENSG00000187908,0,0,0,0,17,0.007
ENSG00000188089,0,0,0,0,5,0.007
ENSG00000188984,0,0,0,0,8,0.007
ENSG00000197162,2,0,3,0,0,0.007
ENSG00000198400,13,0,16,0,37,0.007
ENSG00000198723,17,0,12,4,0,0.007
ENSG00000203722,15,0,33,0,76,0.007
ENSG00000204174,0,0,0,0,47,0.007
ENSG00000204661,0,0,0,0,42,0.007
ENSG00000205452,0,0,0,0,0,0.007
ENSG00000212900,5,0,0,13,0,0.007
ENSG00000215218,0,0,8,0,29,0.007
ENSG00000217825,0,10,0,0,19,0.007
ENSG00000221845,0,0,0,0,0,0.007
ENSG00000222036,0,0,0,0,0,0.007
ENSG00000226685,0,0,0,0,0,0.007
ENSG00000226974,0,0,0,0,0,0.007
ENSG00000233788,0,0,0,0,0,0.007
ENSG00000240694,0,0,15,0,69,0.007
ENSG00000254349,0,0,0,0,0,0.007
ENSG00000254578,60,0,66,29,10,0.007
ENSG00000006075,0,0,0,0,7,0.006
ENSG00000012223,0,0,5,0,0,0.006
ENSG00000026025,0,0,0,0,3,0.006
ENSG00000056487,0,0,4,0,60,0.006
ENSG00000070526,0,0,5,0,0,0.006
ENSG00000082126,0,0,0,0,12,0.006
ENSG00000083290,5,0,12,0,16,0.006
ENSG00000088827,0,0,0,0,49,0.006
ENSG00000101203,0,0,6,0,59,0.006
ENSG00000101842,0,0,0,0,0,0.006
ENSG00000102243,0,0,0,0,0,0.006
ENSG00000102349,0,0,0,0,0,0.006
ENSG00000104313,0,0,7,0,10,0.006
ENSG00000104970,0,0,0,0,17,0.006
ENSG00000105122,0,0,3,0,0,0.006
ENSG00000106236,0,0,7,0,26,0.006
ENSG00000110324,0,0,11,0,63,0.006
ENSG00000111713,0,0,0,0,0,0.006
ENSG00000112182,4,0,25,0,64,0.006
ENSG00000113263,23,0,22,18,6,0.006
ENSG00000118308,0,0,0,0,0,0.006
ENSG00000118402,0,0,16,0,27,0.006
ENSG00000119283,0,0,14,0,15,0.006
ENSG00000121413,0,96,0,0,0,0.006
ENSG00000122733,0,0,14,0,36,0.006
ENSG00000124467,0,0,0,0,0,0.006
ENSG00000125810,0,0,0,0,41,0.006
ENSG00000128253,3,0,27,0,11,0.006
ENSG00000130558,0,0,0,0,51,0.006
ENSG00000130943,11,10,10,10,2,0.006
ENSG00000132139,0,0,22,0,63,0.006
ENSG00000134539,0,0,0,0,0,0.006
ENSG00000136535,8,0,34,0,62,0.006
ENSG00000138411,6,0,17,0,62,0.006
ENSG00000139515,0,0,29,0,37,0.006
ENSG00000141639,0,13,22,0,52,0.006
ENSG00000141934,3,0,21,0,44,0.006
ENSG00000143341,5,0,11,0,18,0.006
ENSG00000144857,0,0,17,0,51,0.006
ENSG00000147041,0,0,0,0,0,0.006
ENSG00000149488,10,0,11,0,81,0.006
ENSG00000152049,0,0,7,0,52,0.006
ENSG00000152583,0,0,0,0,0,0.006
ENSG00000152749,4,0,9,0,4,0.006
ENSG00000153283,0,0,0,0,0,0.006
ENSG00000156097,4,0,9,0,39,0.006
ENSG00000156738,0,0,0,0,0,0.006
ENSG00000157445,0,0,0,0,46,0.006
ENSG00000158955,0,0,0,0,6,0.006
ENSG00000159784,0,0,10,0,64,0.006
ENSG00000160188,8,0,17,0,24,0.006
ENSG00000162692,0,7,0,0,0,0.006
ENSG00000163638,0,0,23,0,42,0.006
ENSG00000164049,0,0,0,0,31,0.006
ENSG00000164556,0,0,0,0,8,0.006
ENSG00000165059,0,0,0,0,0,0.006
ENSG00000165511,15,0,8,21,0,0.006
ENSG00000165985,0,0,12,0,25,0.006
ENSG00000166157,0,93,0,0,0,0.006
ENSG00000166897,0,0,7,0,60,0.006
ENSG00000167754,0,0,0,0,16,0.006
ENSG00000167858,6,0,9,0,20,0.006
ENSG00000168779,21,0,52,14,69,0.006
ENSG00000169116,0,0,12,0,25,0.006
ENSG00000169860,0,0,5,0,0,0.006
ENSG00000169876,0,0,10,0,56,0.006
ENSG00000170153,0,0,0,0,0,0.006
ENSG00000170369,0,0,0,0,20,0.006
ENSG00000171303,0,0,4,0,75,0.006
ENSG00000174226,7,0,10,0,11,0.006
ENSG00000176040,0,0,0,0,9,0.006
ENSG00000176349,6,0,0,3,0,0.006
ENSG00000177291,0,7,0,0,10,0.006
ENSG00000177791,3,0,13,0,18,0.006
ENSG00000177994,18,17,18,6,11,0.006
ENSG00000178084,0,0,0,0,46,0.006
ENSG00000178796,0,0,3,0,14,0.006
ENSG00000180458,0,95,0,0,0,0.006
ENSG00000180871,0,16,0,0,49,0.006
ENSG00000181965,0,0,6,0,48,0.006
ENSG00000182489,0,0,11,0,3,0.006
ENSG00000183128,7,0,6,0,13,0.006
ENSG00000183160,4,0,7,0,31,0.006
ENSG00000183439,0,0,0,0,0,0.006
ENSG00000183571,0,0,6,0,28,0.006
ENSG00000183742,19,0,4,28,0,0.006
ENSG00000183837,0,0,0,0,3,0.006
ENSG00000184226,7,0,15,0,29,0.006
ENSG00000184860,0,38,0,0,13,0.006
ENSG00000184984,0,0,0,0,0,0.006
ENSG00000185291,0,0,0,0,0,0.006
ENSG00000185532,0,0,17,0,43,0.006
ENSG00000186150,0,0,0,0,57,0.006
ENSG00000186509,0,0,0,0,0,0.006
ENSG00000187010,3,0,5,3,0,0.006
ENSG00000188086,0,0,0,0,7,0.006
ENSG00000188822,0,0,0,0,0,0.006
ENSG00000197889,27,0,27,19,1,0.006
ENSG00000198223,0,0,0,0,0,0.006
ENSG00000203685,0,0,22,0,61,0.006
ENSG00000203989,0,0,0,0,0,0.006
ENSG00000204347,0,0,4,0,78,0.006
ENSG00000204882,0,0,0,0,57,0.006
ENSG00000205363,0,0,10,0,42,0.006
ENSG00000206043,0,7,0,15,0,0.006
ENSG00000212768,0,0,0,0,0,0.006
ENSG00000215910,0,0,4,0,35,0.006
ENSG00000223510,0,0,0,0,0,0.006
ENSG00000225556,8,0,19,0,19,0.006
ENSG00000225950,0,0,10,0,46,0.006
ENSG00000232478,0,0,0,0,0,0.006
ENSG00000236371,0,0,0,0,0,0.006
ENSG00000237452,21,0,18,15,9,0.006
ENSG00000005381,0,0,10,0,81,0.005
ENSG00000011028,0,0,20,0,59,0.005
ENSG00000029559,0,0,0,0,0,0.005
ENSG00000055813,0,0,13,0,40,0.005
ENSG00000064655,0,0,0,0,55,0.005
ENSG00000075884,0,0,0,0,0,0.005
ENSG00000078596,0,0,0,0,0,0.005
ENSG00000078725,0,0,0,0,0,0.005
ENSG00000078795,0,0,0,0,4,0.005
ENSG00000086548,0,0,0,0,33,0.005
ENSG00000099954,0,0,0,0,19,0.005
ENSG00000100055,0,0,0,0,31,0.005
ENSG00000100678,0,0,20,0,61,0.005
ENSG00000100884,5,0,12,0,66,0.005
ENSG00000101144,0,0,7,0,87,0.005
ENSG00000104327,0,0,4,0,3,0.005
ENSG00000104827,6,0,7,0,32,0.005
ENSG00000105501,0,0,0,0,12,0.005
ENSG00000105855,0,0,24,0,31,0.005
ENSG00000106633,20,0,16,8,15,0.005
ENSG00000106688,0,0,14,0,40,0.005
ENSG00000110076,0,0,15,0,42,0.005
ENSG00000110723,5,0,16,0,21,0.005
ENSG00000111186,0,0,25,0,75,0.005
ENSG00000111249,0,0,0,0,35,0.005
ENSG00000111799,0,0,7,0,54,0.005
ENSG00000112273,0,83,0,0,0,0.005
ENSG00000114948,0,0,15,0,53,0.005
ENSG00000115008,0,0,0,0,0,0.005
ENSG00000115423,5,5,8,0,20,0.005
ENSG00000125462,0,0,2,0,75,0.005
ENSG00000127412,0,0,0,0,16,0.005
ENSG00000128322,0,0,0,0,47,0.005
ENSG00000134376,39,0,17,15,6,0.005
ENSG00000134817,0,0,0,0,20,0.005
ENSG00000135678,0,0,0,0,5,0.005
ENSG00000136928,0,0,10,0,34,0.005
ENSG00000136944,0,0,48,0,89,0.005
ENSG00000137558,0,0,0,0,0,0.005
ENSG00000138061,0,0,0,0,20,0.005
ENSG00000138193,0,0,11,0,16,0.005
ENSG00000138722,0,0,0,0,0,0.005
ENSG00000139220,0,0,0,0,18,0.005
ENSG00000141096,10,0,7,0,36,0.005
ENSG00000141161,0,0,0,0,33,0.005
ENSG00000143032,0,0,0,0,57,0.005
ENSG00000143631,0,0,0,0,0,0.005
ENSG00000145864,0,0,11,0,31,0.005
ENSG00000147689,0,10,4,0,32,0.005
ENSG00000151962,0,0,0,0,5,0.005
ENSG00000152785,0,0,0,0,10,0.005
ENSG00000152932,6,0,17,0,6,0.005
ENSG00000153789,0,0,0,0,68,0.005
ENSG00000154330,0,0,0,0,0,0.005
ENSG00000154451,0,0,0,0,0,0.005
ENSG00000154485,6,0,6,0,0,0.005
ENSG00000154645,0,0,0,0,0,0.005
ENSG00000155974,0,0,0,0,5,0.005
ENSG00000157103,0,0,0,0,35,0.005
ENSG00000157680,3,0,13,0,30,0.005
ENSG00000158445,0,0,12,0,40,0.005
ENSG00000160801,3,0,12,0,73,0.005
ENSG00000160886,0,0,0,0,27,0.005
ENSG00000163116,12,10,11,3,4,0.005
ENSG00000163171,0,0,0,0,0,0.005
ENSG00000163515,0,0,0,0,0,0.005
ENSG00000163661,0,0,9,0,20,0.005
ENSG00000164393,0,0,0,0,19,0.005
ENSG00000164451,0,0,0,0,7,0.005
ENSG00000164591,8,0,15,0,44,0.005
ENSG00000164853,0,0,11,0,55,0.005
ENSG00000165091,0,0,0,0,1,0.005
ENSG00000165105,0,0,0,0,3,0.005
ENSG00000165182,21,0,14,14,0,0.005
ENSG00000165359,0,0,0,0,2,0.005
ENSG00000165837,0,0,0,0,24,0.005
ENSG00000165929,0,0,0,0,5,0.005
ENSG00000166509,0,0,0,0,27,0.005
ENSG00000166676,0,0,0,0,36,0.005
ENSG00000166800,0,0,0,0,3,0.005
ENSG00000167046,42,0,58,9,25,0.005
ENSG00000169704,0,0,0,0,48,0.005
ENSG00000170370,0,0,11,0,77,0.005
ENSG00000170893,8,0,12,0,28,0.005
ENSG00000173376,0,0,12,0,34,0.005
ENSG00000173678,0,0,0,0,0,0.005
ENSG00000173988,0,0,8,0,31,0.005
ENSG00000174059,0,0,0,0,30,0.005
ENSG00000174946,14,0,0,27,0,0.005
ENSG00000176984,8,0,13,0,35,0.005
ENSG00000177108,0,0,23,0,57,0.005
ENSG00000177932,0,91,0,0,0,0.005
ENSG00000178055,0,0,0,0,6,0.005
ENSG00000178343,0,0,0,0,39,0.005
ENSG00000179869,0,0,0,0,0,0.005
ENSG00000180264,0,0,12,0,44,0.005
ENSG00000183034,3,0,11,0,76,0.005
ENSG00000183169,0,0,0,0,0,0.005
ENSG00000183186,0,0,7,0,71,0.005
ENSG00000183748,0,0,0,0,0,0.005
ENSG00000185972,0,0,8,0,53,0.005
ENSG00000186790,3,0,6,0,18,0.005
ENSG00000186891,0,0,7,0,62,0.005
ENSG00000187498,0,0,0,0,72,0.005
ENSG00000187537,0,0,0,0,0,0.005
ENSG00000188175,2,0,0,0,1,0.005
ENSG00000189001,0,0,0,0,33,0.005
ENSG00000196090,0,0,0,0,33,0.005
ENSG00000196616,0,5,0,0,0,0.005
ENSG00000196639,0,0,0,0,14,0.005
ENSG00000196664,0,0,0,0,0,0.005
ENSG00000197616,0,0,0,0,100,0.005
ENSG00000198542,0,0,8,0,15,0.005
ENSG00000204277,0,0,4,0,76,0.005
ENSG00000204403,0,0,0,0,0,0.005
ENSG00000204752,0,0,0,0,3,0.005
ENSG00000204889,0,0,0,0,0,0.005
ENSG00000205426,0,0,0,0,18,0.005
ENSG00000212999,0,0,0,0,0,0.005
ENSG00000213401,0,0,0,0,0,0.005
ENSG00000214510,0,0,0,0,0,0.005
ENSG00000218336,0,0,13,0,48,0.005
ENSG00000221866,0,5,0,0,15,0.005
ENSG00000227115,0,0,0,0,0,0.005
ENSG00000238244,8,0,17,0,21,0.005
ENSG00000242221,0,0,0,0,0,0.005
ENSG00000242550,0,0,0,0,0,0.005
ENSG00000249868,0,0,0,0,30,0.005
ENSG00000253138,0,0,0,0,0,0.005
ENSG00000257599,0,0,0,0,0,0.005
ENSG00000008118,0,0,0,0,11,0.004
ENSG00000021645,0,0,0,0,6,0.004
ENSG00000026559,0,0,10,0,90,0.004
ENSG00000042980,0,0,0,0,0,0.004
ENSG00000047662,0,0,13,0,25,0.004
ENSG00000050628,0,0,14,0,24,0.004
ENSG00000054983,9,6,0,13,3,0.004
ENSG00000070886,0,0,5,0,70,0.004
ENSG00000072694,0,0,0,0,0,0.004
ENSG00000073861,0,0,16,0,86,0.004
ENSG00000077080,0,0,5,0,13,0.004
ENSG00000078399,0,0,17,0,22,0.004
ENSG00000089012,0,0,0,0,16,0.004
ENSG00000089472,0,11,0,0,0,0.004
ENSG00000100170,0,0,0,0,41,0.004
ENSG00000104332,0,0,0,0,47,0.004
ENSG00000105507,0,0,0,0,23,0.004
ENSG00000106689,0,0,20,0,78,0.004
ENSG00000107562,0,0,5,0,1,0.004
ENSG00000108381,18,0,0,15,0,0.004
ENSG00000109944,0,0,9,0,26,0.004
ENSG00000111405,0,0,0,0,0,0.004
ENSG00000113361,0,0,0,0,22,0.004
ENSG00000115155,0,0,11,0,91,0.004
ENSG00000115935,0,0,16,0,62,0.004
ENSG00000116983,0,0,15,0,65,0.004
ENSG00000117152,0,0,0,0,4,0.004
ENSG00000120563,0,0,0,0,0,0.004
ENSG00000120586,0,0,0,0,0,0.004
ENSG00000121361,0,0,7,0,0,0.004
ENSG00000123977,0,0,6,0,51,0.004
ENSG00000125414,0,0,0,0,35,0.004
ENSG00000127472,0,0,0,0,18,0.004
ENSG00000129159,0,0,13,0,26,0.004
ENSG00000130957,0,0,0,0,23,0.004
ENSG00000132464,0,0,0,0,0,0.004
ENSG00000134533,0,0,0,0,0,0.004
ENSG00000135063,0,0,15,0,68,0.004
ENSG00000135525,0,0,16,0,30,0.004
ENSG00000136999,0,0,10,0,34,0.004
ENSG00000137198,0,0,18,0,72,0.004
ENSG00000137857,0,0,0,0,13,0.004
ENSG00000138315,0,0,0,0,0,0.004
ENSG00000139351,0,0,0,0,0,0.004
ENSG00000140403,0,0,0,0,23,0.004
ENSG00000140798,0,0,5,0,68,0.004
ENSG00000141622,0,0,0,0,23,0.004
ENSG00000141748,0,0,8,0,32,0.004
ENSG00000144407,0,5,0,0,0,0.004
ENSG00000145113,0,0,0,0,74,0.004
ENSG00000146122,0,0,6,0,25,0.004
ENSG00000146192,0,0,0,0,79,0.004
ENSG00000146250,0,0,6,0,10,0.004
ENSG00000156076,0,0,0,0,0,0.004
ENSG00000157502,0,0,0,0,0,0.004
ENSG00000160838,0,0,19,0,61,0.004
ENSG00000162188,14,0,16,6,0,0.004
ENSG00000162639,0,0,0,0,10,0.004
ENSG00000162739,0,0,0,0,0,0.004
ENSG00000162989,0,0,10,0,17,0.004
ENSG00000163499,0,0,19,0,98,0.004
ENSG00000163734,0,0,12,0,29,0.004
ENSG00000163817,0,0,8,0,62,0.004
ENSG00000164099,3,0,13,0,36,0.004
ENSG00000164746,0,0,12,0,23,0.004
ENSG00000165973,0,0,3,0,52,0.004
ENSG00000166736,0,0,0,0,54,0.004
ENSG00000167094,23,0,38,4,26,0.004
ENSG00000167941,0,0,6,0,53,0.004
ENSG00000168447,0,0,0,0,8,0.004
ENSG00000168631,0,0,0,0,0,0.004
ENSG00000170074,0,0,0,0,0,0.004
ENSG00000170454,0,0,0,0,23,0.004
ENSG00000170500,0,12,3,0,23,0.004
ENSG00000171595,0,0,0,0,75,0.004
ENSG00000172031,3,0,13,0,42,0.004
ENSG00000172123,0,0,0,0,19,0.004
ENSG00000172155,0,0,0,0,0,0.004
ENSG00000172260,0,0,29,0,37,0.004
ENSG00000173083,0,0,10,0,43,0.004
ENSG00000173868,6,0,21,0,50,0.004
ENSG00000175264,0,0,16,0,74,0.004
ENSG00000175985,0,0,17,0,68,0.004
ENSG00000176083,0,0,0,0,15,0.004
ENSG00000176435,0,0,0,0,6,0.004
ENSG00000177570,3,0,16,0,29,0.004
ENSG00000178562,0,0,0,0,0,0.004
ENSG00000179028,0,0,0,0,0,0.004
ENSG00000179172,0,10,0,0,11,0.004
ENSG00000179673,0,0,11,0,0,0.004
ENSG00000180353,0,0,0,0,0,0.004
ENSG00000180818,4,0,13,0,34,0.004
ENSG00000182218,0,0,3,0,10,0.004
ENSG00000183049,0,0,25,0,45,0.004
ENSG00000183067,0,0,0,0,5,0.004
ENSG00000183307,0,0,13,0,26,0.004
ENSG00000183753,0,0,0,0,0,0.004
ENSG00000185499,13,0,29,0,65,0.004
ENSG00000185630,0,30,12,0,9,0.004
ENSG00000186354,0,0,8,0,22,0.004
ENSG00000186462,0,0,8,0,5,0.004
ENSG00000187258,4,0,0,7,0,0.004
ENSG00000188158,0,0,8,0,14,0.004
ENSG00000188517,0,0,0,0,8,0.004
ENSG00000189375,0,46,0,0,0,0.004
ENSG00000196126,0,0,0,0,0,0.004
ENSG00000197595,0,0,0,0,44,0.004
ENSG00000198502,0,0,0,0,0,0.004
ENSG00000203301,28,0,34,0,5,0.004
ENSG00000203805,0,0,15,0,44,0.004
ENSG00000203995,0,0,6,0,0,0.004
ENSG00000204060,5,0,18,0,32,0.004
ENSG00000204116,0,0,3,0,0,0.004
ENSG00000204518,0,21,0,0,31,0.004
ENSG00000205002,0,0,0,0,5,0.004
ENSG00000205126,0,0,0,0,12,0.004
ENSG00000214140,27,0,49,16,10,0.004
ENSG00000214688,0,0,0,0,44,0.004
ENSG00000217236,9,0,52,0,93,0.004
ENSG00000226023,0,0,0,0,0,0.004
ENSG00000226074,0,0,0,0,7,0.004
ENSG00000227124,0,85,3,0,0,0.004
ENSG00000227392,4,4,2,13,1,0.004
ENSG00000229924,0,0,0,0,6,0.004
ENSG00000231824,0,0,0,0,10,0.004
ENSG00000236126,0,0,0,0,0,0.004
ENSG00000242362,0,0,0,0,0,0.004
ENSG00000244693,0,0,0,0,0,0.004
ENSG00000253896,0,0,0,0,0,0.004
ENSG00000256980,0,0,0,0,21,0.004
ENSG00000006788,0,0,0,0,0,0.003
ENSG00000007402,0,0,8,0,60,0.003
ENSG00000015592,0,0,0,0,9,0.003
ENSG00000042781,0,0,0,0,0,0.003
ENSG00000046653,0,0,5,0,15,0.003
ENSG00000050030,0,0,12,0,3,0.003
ENSG00000060709,0,0,0,0,64,0.003
ENSG00000064692,0,0,13,0,23,0.003
ENSG00000074966,0,0,0,0,0,0.003
ENSG00000075886,0,0,0,0,0,0.003
ENSG00000078018,12,0,13,0,9,0.003
ENSG00000082397,0,0,15,0,36,0.003
ENSG00000083067,0,0,10,0,22,0.003
ENSG00000086570,0,0,0,0,37,0.003
ENSG00000087258,0,0,17,0,41,0.003
ENSG00000090530,0,0,12,0,37,0.003
ENSG00000095464,0,0,0,0,0,0.003
ENSG00000095713,0,0,0,0,40,0.003
ENSG00000099715,0,0,0,0,0,0.003
ENSG00000100206,9,0,14,0,6,0.003
ENSG00000100767,8,0,15,0,75,0.003
ENSG00000101460,6,0,8,0,0,0.003
ENSG00000102239,0,0,0,0,0,0.003
ENSG00000104112,0,0,0,0,0,0.003
ENSG00000105366,0,0,7,0,73,0.003
ENSG00000105605,0,0,3,0,47,0.003
ENSG00000106113,0,0,0,0,19,0.003
ENSG00000107518,0,0,20,0,17,0.003
ENSG00000108018,0,0,10,0,17,0.003
ENSG00000111344,0,0,4,0,8,0.003
ENSG00000111728,0,0,0,0,0,0.003
ENSG00000112137,0,0,0,0,4,0.003
ENSG00000112782,0,0,0,0,0,0.003
ENSG00000114200,0,0,0,0,0,0.003
ENSG00000114248,0,0,0,0,0,0.003
ENSG00000115616,0,0,15,0,55,0.003
ENSG00000115705,0,0,0,0,84,0.003
ENSG00000116667,0,0,18,0,41,0.003
ENSG00000116785,0,0,0,0,0,0.003
ENSG00000119714,0,0,14,0,57,0.003
ENSG00000119865,0,0,10,0,39,0.003
ENSG00000120820,22,0,20,7,15,0.003
ENSG00000120949,0,0,0,0,60,0.003
ENSG00000122223,0,0,4,0,7,0.003
ENSG00000124343,0,0,0,0,0,0.003
ENSG00000126545,0,0,0,0,0,0.003
ENSG00000128276,0,0,0,0,5,0.003
ENSG00000129451,0,0,13,0,55,0.003
ENSG00000129465,0,0,0,0,66,0.003
ENSG00000130508,0,0,0,0,55,0.003
ENSG00000130635,0,0,4,0,65,0.003
ENSG00000131203,0,0,0,0,3,0.003
ENSG00000131738,0,0,0,0,6,0.003
ENSG00000133019,0,21,0,0,0,0.003
ENSG00000133477,0,0,6,0,27,0.003
ENSG00000134193,0,0,0,12,0,0.003
ENSG00000134369,0,0,0,0,24,0.003
ENSG00000135472,0,0,0,0,35,0.003
ENSG00000137628,7,0,9,0,5,0.003
ENSG00000137766,0,0,0,0,7,0.003
ENSG00000137872,0,55,0,0,0,0.003
ENSG00000138311,0,0,10,0,40,0.003
ENSG00000139200,7,0,24,0,64,0.003
ENSG00000141447,0,0,8,0,33,0.003
ENSG00000143603,0,0,11,0,46,0.003
ENSG00000144063,7,0,7,0,5,0.003
ENSG00000144460,0,0,0,0,0,0.003
ENSG00000144644,0,0,6,0,18,0.003
ENSG00000145103,0,0,8,0,0,0.003
ENSG00000145863,0,0,10,0,31,0.003
ENSG00000146276,0,0,0,0,0,0.003
ENSG00000148482,0,0,0,0,18,0.003
ENSG00000152822,0,0,0,0,3,0.003
ENSG00000153093,0,0,12,0,74,0.003
ENSG00000153404,0,0,0,0,36,0.003
ENSG00000156475,0,0,0,0,0,0.003
ENSG00000157404,0,0,21,0,43,0.003
ENSG00000157703,0,0,0,0,23,0.003
ENSG00000158966,0,0,15,0,50,0.003
ENSG00000161381,36,0,60,8,58,0.003
ENSG00000162598,0,0,0,0,10,0.003
ENSG00000162873,0,0,0,0,32,0.003
ENSG00000162913,0,0,12,0,20,0.003
ENSG00000163017,4,0,6,0,52,0.003
ENSG00000163564,0,71,0,0,0,0.003
ENSG00000164123,0,0,0,0,10,0.003
ENSG00000164188,3,0,0,0,0,0.003
ENSG00000164418,0,0,2,0,45,0.003
ENSG00000164520,5,0,10,0,65,0.003
ENSG00000164619,0,0,16,0,36,0.003
ENSG00000164692,0,0,0,0,0,0.003
ENSG00000165731,0,0,3,0,45,0.003
ENSG00000165970,0,0,0,0,61,0.003
ENSG00000166105,0,0,7,0,43,0.003
ENSG00000167098,37,0,46,42,25,0.003
ENSG00000168143,0,0,0,0,16,0.003
ENSG00000168334,0,0,0,0,27,0.003
ENSG00000169862,0,0,12,0,26,0.003
ENSG00000170180,0,0,0,0,0,0.003
ENSG00000170214,0,0,9,0,53,0.003
ENSG00000170745,0,0,23,0,66,0.003
ENSG00000170777,0,0,0,0,16,0.003
ENSG00000170786,0,0,0,0,19,0.003
ENSG00000172005,0,0,0,0,85,0.003
ENSG00000172061,0,0,0,0,80,0.003
ENSG00000172322,0,0,0,0,0,0.003
ENSG00000172348,0,0,18,0,38,0.003
ENSG00000173175,3,0,17,0,24,0.003
ENSG00000173391,0,0,0,0,0,0.003
ENSG00000173404,0,0,40,0,89,0.003
ENSG00000174600,0,0,0,0,32,0.003
ENSG00000175766,0,0,13,0,84,0.003
ENSG00000176595,0,0,8,0,29,0.003
ENSG00000176971,0,0,0,0,8,0.003
ENSG00000178568,0,0,22,0,47,0.003
ENSG00000178636,35,0,23,25,11,0.003
ENSG00000179058,15,0,24,3,14,0.003
ENSG00000179270,0,0,0,0,66,0.003
ENSG00000180113,0,0,0,0,0,0.003
ENSG00000180438,0,0,0,0,30,0.003
ENSG00000180613,0,0,24,0,83,0.003
ENSG00000181656,0,0,10,0,16,0.003
ENSG00000182040,3,0,12,0,75,0.003
ENSG00000183230,0,0,2,0,0,0.003
ENSG00000183607,0,0,0,0,35,0.003
ENSG00000184058,0,0,19,0,81,0.003
ENSG00000184349,0,0,18,0,34,0.003
ENSG00000184647,0,0,0,0,52,0.003
ENSG00000184743,0,0,0,0,0,0.003
ENSG00000185070,0,18,4,0,44,0.003
ENSG00000185231,0,0,0,0,56,0.003
ENSG00000185477,0,0,8,0,18,0.003
ENSG00000185933,0,0,0,0,46,0.003
ENSG00000186094,0,0,9,0,4,0.003
ENSG00000186265,0,0,0,0,0,0.003
ENSG00000186710,0,0,9,0,42,0.003
ENSG00000187783,0,0,8,0,65,0.003
ENSG00000188778,0,0,5,0,28,0.003
ENSG00000188800,0,0,0,0,0,0.003
ENSG00000189275,0,0,0,0,4,0.003
ENSG00000196653,0,44,0,0,7,0.003
ENSG00000196774,0,0,0,0,0,0.003
ENSG00000196987,10,0,10,12,8,0.003
ENSG00000197046,0,0,0,0,18,0.003
ENSG00000197245,7,0,18,0,75,0.003
ENSG00000197851,0,0,0,0,0,0.003
ENSG00000197891,0,10,6,0,3,0.003
ENSG00000198719,1,0,20,0,91,0.003
ENSG00000198788,0,0,8,0,38,0.003
ENSG00000204193,0,0,0,0,0,0.003
ENSG00000204278,0,0,14,0,64,0.003
ENSG00000205148,0,0,0,0,0,0.003
ENSG00000206075,0,0,0,0,18,0.003
ENSG00000212928,0,0,0,0,0,0.003
ENSG00000213030,0,0,0,0,14,0.003
ENSG00000214262,0,0,0,0,0,0.003
ENSG00000214300,0,0,0,0,0,0.003
ENSG00000214814,0,0,0,0,10,0.003
ENSG00000215033,0,0,0,0,0,0.003
ENSG00000215356,0,0,0,0,0,0.003
ENSG00000215853,0,0,0,0,0,0.003
ENSG00000229676,0,85,0,0,0,0.003
ENSG00000231389,0,0,0,0,0,0.003
ENSG00000237541,0,0,0,0,0,0.003
ENSG00000241644,0,0,3,0,17,0.003
ENSG00000255482,4,3,0,25,0,0.003
ENSG00000259034,0,0,0,0,0,0.003
ENSG00000259128,0,0,0,0,0,0.003
ENSG00000007174,0,0,8,0,14,0.002
ENSG00000014257,0,0,0,0,4,0.002
ENSG00000022355,0,0,0,0,8,0.002
ENSG00000026751,0,15,0,0,3,0.002
ENSG00000031081,6,0,17,0,52,0.002
ENSG00000036565,0,0,0,0,22,0.002
ENSG00000036828,0,0,6,0,22,0.002
ENSG00000041515,0,37,0,0,0,0.002
ENSG00000047597,0,0,6,0,0,0.002
ENSG00000060718,0,0,6,0,12,0.002
ENSG00000061337,0,0,7,0,29,0.002
ENSG00000070182,0,0,18,0,49,0.002
ENSG00000072832,0,0,0,0,27,0.002
ENSG00000075043,0,0,3,0,88,0.002
ENSG00000075891,0,0,21,0,90,0.002
ENSG00000080166,0,0,0,0,11,0.002
ENSG00000081237,0,0,0,0,0,0.002
ENSG00000081985,0,0,0,0,6,0.002
ENSG00000082556,0,0,3,0,9,0.002
ENSG00000083307,0,0,0,0,21,0.002
ENSG00000086991,0,0,0,0,0,0.002
ENSG00000091656,0,0,23,0,62,0.002
ENSG00000091831,0,5,0,0,0,0.002
ENSG00000100156,0,0,0,0,0,0.002
ENSG00000101292,0,0,8,0,64,0.002
ENSG00000101425,0,0,12,0,38,0.002
ENSG00000101746,0,0,21,0,32,0.002
ENSG00000102755,0,0,0,0,28,0.002
ENSG00000105967,0,0,0,0,9,0.002
ENSG00000105982,0,0,0,0,0,0.002
ENSG00000106123,0,0,17,0,37,0.002
ENSG00000106125,3,0,10,0,14,0.002
ENSG00000111962,0,0,16,0,66,0.002
ENSG00000112139,4,0,33,0,72,0.002
ENSG00000112541,0,0,0,0,51,0.002
ENSG00000112812,0,0,14,0,41,0.002
ENSG00000112837,0,0,15,0,52,0.002
ENSG00000114405,0,0,0,0,0,0.002
ENSG00000114757,0,0,5,0,14,0.002
ENSG00000117090,0,0,0,0,9,0.002
ENSG00000118432,0,0,21,0,55,0.002
ENSG00000120156,0,0,0,0,3,0.002
ENSG00000121005,0,0,10,0,14,0.002
ENSG00000122735,23,0,24,0,8,0.002
ENSG00000123307,0,0,0,0,0,0.002
ENSG00000123364,0,0,0,0,81,0.002
ENSG00000124507,0,0,17,0,47,0.002
ENSG00000125337,0,0,0,0,46,0.002
ENSG00000127074,0,0,0,0,0,0.002
ENSG00000127152,0,0,38,0,27,0.002
ENSG00000130538,0,0,0,0,0,0.002
ENSG00000131668,0,0,15,0,88,0.002
ENSG00000131969,14,0,5,22,0,0.002
ENSG00000132554,0,0,0,0,0,0.002
ENSG00000132972,0,0,0,0,0,0.002
ENSG00000133561,0,0,0,0,0,0.002
ENSG00000134321,3,1,18,0,33,0.002
ENSG00000134775,3,0,21,0,56,0.002
ENSG00000135447,0,0,8,0,58,0.002
ENSG00000136160,0,27,0,0,0,0.002
ENSG00000136267,0,16,0,0,0,0.002
ENSG00000137809,0,0,6,0,32,0.002
ENSG00000137975,0,0,0,0,3,0.002
ENSG00000138675,0,0,5,0,39,0.002
ENSG00000138696,0,0,12,0,43,0.002
ENSG00000138769,0,0,0,0,3,0.002
ENSG00000138829,0,50,0,0,0,0.002
ENSG00000139155,0,0,0,0,0,0.002
ENSG00000139304,0,0,0,0,1,0.002
ENSG00000139767,0,0,0,0,6,0.002
ENSG00000140090,0,0,3,0,70,0.002
ENSG00000140287,0,0,0,0,7,0.002
ENSG00000142623,0,0,0,0,0,0.002
ENSG00000143355,0,0,32,0,64,0.002
ENSG00000143552,0,0,0,0,0,0.002
ENSG00000144649,0,18,9,0,61,0.002
ENSG00000147036,0,0,0,0,0,0.002
ENSG00000147402,0,0,0,0,12,0.002
ENSG00000147488,0,0,0,0,0,0.002
ENSG00000147926,0,0,0,0,0,0.002
ENSG00000149256,0,0,5,0,31,0.002
ENSG00000149557,0,0,10,0,21,0.002
ENSG00000149633,0,0,12,0,37,0.002
ENSG00000150051,7,0,32,0,38,0.002
ENSG00000150510,3,0,14,0,62,0.002
ENSG00000151790,0,22,0,0,0,0.002
ENSG00000153002,0,6,0,0,0,0.002
ENSG00000153012,0,0,16,0,55,0.002
ENSG00000153292,1,0,0,1,16,0.002
ENSG00000154096,0,0,5,0,3,0.002
ENSG00000154493,0,7,0,0,33,0.002
ENSG00000154736,0,70,0,0,0,0.002
ENSG00000154760,0,0,7,0,35,0.002
ENSG00000155066,0,0,0,0,50,0.002
ENSG00000157551,0,0,0,0,0,0.002
ENSG00000158560,0,0,11,0,16,0.002
ENSG00000158786,0,0,4,0,25,0.002
ENSG00000159173,0,0,0,0,49,0.002
ENSG00000159251,0,0,10,0,69,0.002
ENSG00000159495,0,0,0,0,33,0.002
ENSG00000162006,13,0,14,0,34,0.002
ENSG00000162654,0,0,0,0,15,0.002
ENSG00000162687,0,0,7,0,13,0.002
ENSG00000162711,0,0,8,0,45,0.002
ENSG00000162843,0,0,0,0,10,0.002
ENSG00000162949,0,7,0,0,29,0.002
ENSG00000163098,0,72,0,3,2,0.002
ENSG00000163749,0,0,0,0,4,0.002
ENSG00000164287,6,0,25,0,43,0.002
ENSG00000164318,0,0,22,0,38,0.002
ENSG00000165125,0,0,0,0,25,0.002
ENSG00000165390,0,0,0,0,0,0.002
ENSG00000165521,0,0,18,0,17,0.002
ENSG00000165633,0,0,0,0,22,0.002
ENSG00000166049,0,0,0,0,0,0.002
ENSG00000166405,0,0,0,0,17,0.002
ENSG00000168405,0,8,0,0,0,0.002
ENSG00000168594,0,14,0,0,0,0.002
ENSG00000168619,0,0,0,0,0,0.002
ENSG00000168685,0,1,0,0,0,0.002
ENSG00000168824,0,0,0,0,12,0.002
ENSG00000169744,0,0,0,0,11,0.002
ENSG00000171435,0,7,12,0,62,0.002
ENSG00000171495,0,0,0,0,0,0.002
ENSG00000171804,25,0,28,11,4,0.002
ENSG00000172575,0,0,15,0,36,0.002
ENSG00000172578,5,0,5,0,7,0.002
ENSG00000172716,0,0,6,0,20,0.002
ENSG00000172752,0,0,0,0,15,0.002
ENSG00000172969,0,5,0,0,0,0.002
ENSG00000173157,0,0,0,0,17,0.002
ENSG00000173208,0,0,5,0,0,0.002
ENSG00000174145,0,0,0,0,18,0.002
ENSG00000174885,0,0,8,0,52,0.002
ENSG00000175426,0,0,0,0,0,0.002
ENSG00000176165,0,11,0,0,29,0.002
ENSG00000176597,0,0,16,0,70,0.002
ENSG00000176769,0,0,0,0,13,0.002
ENSG00000177398,0,0,0,0,84,0.002
ENSG00000178695,0,0,15,0,24,0.002
ENSG00000179344,0,0,0,0,5,0.002
ENSG00000180066,25,0,27,8,5,0.002
ENSG00000180777,0,0,0,0,0,0.002
ENSG00000180787,0,0,0,0,4,0.002
ENSG00000182223,0,0,8,0,6,0.002
ENSG00000182230,0,0,0,0,0,0.002
ENSG00000182329,0,0,0,0,13,0.002
ENSG00000182870,0,0,0,0,69,0.002
ENSG00000183090,0,0,3,0,13,0.002
ENSG00000183484,0,0,3,0,36,0.002
ENSG00000183878,0,7,0,0,0,0.002
ENSG00000183977,0,0,0,0,0,0.002
ENSG00000184361,0,0,0,0,18,0.002
ENSG00000184611,0,0,0,0,8,0.002
ENSG00000184613,0,0,0,0,5,0.002
ENSG00000184956,0,0,9,0,69,0.002
ENSG00000185046,0,0,14,0,25,0.002
ENSG00000185668,0,0,29,0,63,0.002
ENSG00000186526,0,0,0,0,7,0.002
ENSG00000186807,0,0,0,0,0,0.002
ENSG00000187048,0,0,0,0,0,0.002
ENSG00000187268,0,0,0,0,0,0.002
ENSG00000187323,0,0,0,0,17,0.002
ENSG00000187554,0,0,4,0,6,0.002
ENSG00000187912,0,0,0,0,0,0.002
ENSG00000187942,0,0,0,0,12,0.002
ENSG00000188039,0,0,3,0,0,0.002
ENSG00000188282,0,0,12,0,70,0.002
ENSG00000188636,0,0,0,0,0,0.002
ENSG00000197406,0,0,10,0,47,0.002
ENSG00000197641,0,0,0,0,0,0.002
ENSG00000197893,0,0,0,0,7,0.002
ENSG00000198062,0,0,0,0,0,0.002
ENSG00000198574,0,0,0,0,14,0.002
ENSG00000205238,0,0,0,0,0,0.002
ENSG00000213694,0,0,8,0,22,0.002
ENSG00000214215,4,5,6,0,3,0.002
ENSG00000214338,0,0,14,0,23,0.002
ENSG00000215066,0,0,0,0,0,0.002
ENSG00000215217,16,0,25,0,24,0.002
ENSG00000226321,6,0,18,0,69,0.002
ENSG00000228927,0,0,0,0,0,0.002
ENSG00000229549,0,0,0,0,0,0.002
ENSG00000249428,0,0,5,0,40,0.002
ENSG00000250305,0,0,0,0,22,0.002
ENSG00000250493,0,0,0,0,10,0.002
ENSG00000256574,0,12,0,0,0,0.002
ENSG00000001626,0,0,0,0,0,0.001
ENSG00000004846,0,0,0,0,0,0.001
ENSG00000006071,0,0,10,0,49,0.001
ENSG00000006555,0,0,0,0,0,0.001
ENSG00000009790,0,0,0,0,10,0.001
ENSG00000017427,0,0,0,0,0,0.001
ENSG00000021762,0,0,0,0,89,0.001
ENSG00000022556,0,0,0,0,9,0.001
ENSG00000033122,0,0,11,0,19,0.001
ENSG00000036530,12,0,25,0,23,0.001
ENSG00000037280,0,0,6,0,72,0.001
ENSG00000047936,0,0,0,0,4,0.001
ENSG00000048740,0,0,0,0,7,0.001
ENSG00000050438,5,0,19,0,31,0.001
ENSG00000053524,3,0,13,0,59,0.001
ENSG00000057704,0,0,14,0,19,0.001
ENSG00000066032,0,32,0,0,0,0.001
ENSG00000069431,0,9,4,0,31,0.001
ENSG00000070748,0,0,3,0,35,0.001
ENSG00000074416,0,0,0,0,30,0.001
ENSG00000074803,0,0,0,0,0,0.001
ENSG00000078114,0,5,20,0,55,0.001
ENSG00000078328,0,0,0,0,14,0.001
ENSG00000081189,0,0,0,0,0,0.001
ENSG00000086205,0,0,4,0,3,0.001
ENSG00000089250,0,0,0,0,3,0.001
ENSG00000101204,0,0,8,0,53,0.001
ENSG00000101251,4,28,16,0,15,0.001
ENSG00000104059,0,0,12,0,28,0.001
ENSG00000104237,0,0,0,0,0,0.001
ENSG00000104447,0,0,0,0,0,0.001
ENSG00000105388,0,0,5,0,35,0.001
ENSG00000105877,0,0,7,0,22,0.001
ENSG00000106536,0,0,0,0,5,0.001
ENSG00000106772,0,0,5,0,26,0.001
ENSG00000107147,0,0,10,0,67,0.001
ENSG00000109794,0,0,11,0,35,0.001
ENSG00000109851,0,0,11,0,76,0.001
ENSG00000109956,0,0,0,0,50,0.001
ENSG00000110651,0,0,0,0,55,0.001
ENSG00000110786,0,0,0,0,22,0.001
ENSG00000112769,0,0,11,0,30,0.001
ENSG00000115896,0,0,15,0,43,0.001
ENSG00000121904,0,0,4,0,38,0.001
ENSG00000122367,0,0,0,0,80,0.001
ENSG00000124813,0,0,0,0,0,0.001
ENSG00000125975,0,0,0,0,3,0.001
ENSG00000126733,0,0,13,0,19,0.001
ENSG00000127954,0,0,0,0,11,0.001
ENSG00000130226,0,0,0,0,0,0.001
ENSG00000132692,3,0,0,0,32,0.001
ENSG00000132746,0,0,0,0,3,0.001
ENSG00000133083,0,0,4,0,25,0.001
ENSG00000133980,29,0,27,25,5,0.001
ENSG00000134121,0,0,0,0,12,0.001
ENSG00000134516,0,0,0,0,0,0.001
ENSG00000136542,0,0,0,0,3,0.001
ENSG00000137808,0,0,0,0,0,0.001
ENSG00000137948,0,0,0,0,11,0.001
ENSG00000138792,0,0,0,0,3,0.001
ENSG00000139287,0,0,0,0,0,0.001
ENSG00000139445,0,0,25,0,76,0.001
ENSG00000140285,0,0,0,0,0,0.001
ENSG00000143772,0,18,18,0,54,0.001
ENSG00000144218,0,0,0,0,6,0.001
ENSG00000144290,0,0,1,0,49,0.001
ENSG00000144642,0,0,0,0,6,0.001
ENSG00000144810,0,0,4,0,23,0.001
ENSG00000145075,0,0,3,0,21,0.001
ENSG00000145416,0,0,0,0,3,0.001
ENSG00000148143,0,0,0,0,47,0.001
ENSG00000150625,0,0,6,0,7,0.001
ENSG00000150893,0,0,0,0,13,0.001
ENSG00000153802,0,0,0,0,0,0.001
ENSG00000155657,0,0,0,0,0,0.001
ENSG00000156103,0,0,13,0,12,0.001
ENSG00000157423,0,25,6,0,0,0.001
ENSG00000157554,0,0,0,0,31,0.001
ENSG00000162490,0,0,11,0,64,0.001
ENSG00000163075,8,0,14,0,38,0.001
ENSG00000163531,0,0,0,0,24,0.001
ENSG00000163689,0,0,6,0,3,0.001
ENSG00000165124,0,0,6,0,25,0.001
ENSG00000165899,0,0,0,0,0,0.001
ENSG00000166535,0,0,0,0,22,0.001
ENSG00000166960,0,0,7,0,12,0.001
ENSG00000167208,0,0,0,0,35,0.001
ENSG00000168658,0,0,0,0,0,0.001
ENSG00000168702,4,0,15,0,27,0.001
ENSG00000169031,0,0,17,0,43,0.001
ENSG00000169282,0,0,0,0,0,0.001
ENSG00000171487,0,0,0,0,6,0.001
ENSG00000172403,0,0,7,0,28,0.001
ENSG00000172995,0,0,7,0,8,0.001
ENSG00000173698,0,0,10,0,0,0.001
ENSG00000174963,0,6,0,0,41,0.001
ENSG00000175161,7,0,19,0,29,0.001
ENSG00000175274,0,0,0,0,26,0.001
ENSG00000175820,0,0,0,0,35,0.001
ENSG00000175868,7,0,14,0,0,0.001
ENSG00000176406,0,0,28,0,4,0.001
ENSG00000176463,0,0,15,0,37,0.001
ENSG00000177409,0,0,0,0,24,0.001
ENSG00000178038,0,0,0,0,20,0.001
ENSG00000178222,0,0,0,0,28,0.001
ENSG00000178662,0,0,0,0,0,0.001
ENSG00000182255,0,5,0,0,5,0.001
ENSG00000183206,0,0,0,0,0,0.001
ENSG00000183914,3,0,19,0,82,0.001
ENSG00000185008,0,27,0,0,0,0.001
ENSG00000185689,0,0,0,0,21,0.001
ENSG00000185811,0,0,6,0,41,0.001
ENSG00000185873,0,0,0,0,0,0.001
ENSG00000185958,30,0,13,44,5,0.001
ENSG00000186047,0,0,0,0,0,0.001
ENSG00000188596,7,0,9,0,17,0.001
ENSG00000188676,0,0,0,0,3,0.001
ENSG00000188738,0,0,8,0,4,0.001
ENSG00000188906,0,0,0,0,0,0.001
ENSG00000196172,0,92,0,0,0,0.001
ENSG00000196440,0,0,0,0,0,0.001
ENSG00000196735,0,0,0,0,0,0.001
ENSG00000197016,0,97,0,0,0,0.001
ENSG00000197177,0,0,0,0,55,0.001
ENSG00000197415,0,0,0,0,0,0.001
ENSG00000197757,4,0,24,0,42,0.001
ENSG00000197953,0,0,0,0,3,0.001
ENSG00000198626,0,0,8,0,27,0.001
ENSG00000204290,0,0,0,0,0,0.001
ENSG00000205277,0,6,13,0,60,0.001
ENSG00000205835,0,28,0,0,0,0.001
ENSG00000213967,0,93,0,0,0,0.001
ENSG00000214402,5,0,21,0,30,0.001
ENSG00000214614,0,0,0,0,0,0.001
ENSG00000218823,0,0,0,0,24,0.001
ENSG00000222040,7,0,13,0,69,0.001
ENSG00000236499,8,0,22,0,68,0.001
ENSG00000240563,0,0,0,0,0,0.001
ENSG00000250699,12,0,14,6,6,0.001
ENSG00000000005,0,0,0,0,0,0.0
ENSG00000002587,0,0,2,0,5,0.0
ENSG00000002726,0,0,0,0,0,0.0
ENSG00000002745,0,0,3,0,20,0.0
ENSG00000002746,0,0,0,0,37,0.0
ENSG00000002933,0,0,0,0,18,0.0
ENSG00000004468,0,0,10,0,46,0.0
ENSG00000004848,0,0,26,0,40,0.0
ENSG00000004948,0,0,7,0,22,0.0
ENSG00000005102,15,0,16,8,44,0.0
ENSG00000006059,0,0,0,0,15,0.0
ENSG00000006074,0,0,0,0,0,0.0
ENSG00000006116,0,0,0,0,9,0.0
ENSG00000006128,0,0,0,0,27,0.0
ENSG00000006747,0,0,0,0,24,0.0
ENSG00000007038,0,0,10,0,60,0.0
ENSG00000007306,0,0,4,0,28,0.0
ENSG00000007350,0,0,0,0,4,0.0
ENSG00000007933,0,0,0,0,0,0.0
ENSG00000008056,0,0,13,0,7,0.0
ENSG00000008196,6,0,4,0,48,0.0
ENSG00000008197,0,0,0,0,41,0.0
ENSG00000008438,0,0,0,0,0,0.0
ENSG00000009709,0,0,0,0,77,0.0
ENSG00000010030,13,0,22,0,66,0.0
ENSG00000010671,3,0,8,2,0,0.0
ENSG00000010932,3,0,10,0,11,0.0
ENSG00000011083,0,0,7,0,50,0.0
ENSG00000011465,0,0,2,0,0,0.0
ENSG00000011590,15,0,14,6,5,0.0
ENSG00000013293,0,0,0,0,3,0.0
ENSG00000013725,0,0,0,0,59,0.0
ENSG00000016082,0,0,0,0,58,0.0
ENSG00000016402,0,0,9,0,45,0.0
ENSG00000016490,0,0,0,0,3,0.0
ENSG00000016602,0,0,0,0,0,0.0
ENSG00000019169,0,0,0,0,0,0.0
ENSG00000019991,0,0,0,0,0,0.0
ENSG00000027644,0,0,24,0,78,0.0
ENSG00000030304,0,0,0,0,0,0.0
ENSG00000031544,0,0,0,0,27,0.0
ENSG00000034239,0,0,0,0,0,0.0
ENSG00000035720,0,0,0,0,0,0.0
ENSG00000036448,0,0,0,0,60,0.0
ENSG00000038295,0,0,8,0,30,0.0
ENSG00000038945,0,0,0,0,0,0.0
ENSG00000039987,0,9,5,0,32,0.0
ENSG00000041353,0,0,0,0,0,0.0
ENSG00000041982,0,0,0,0,6,0.0
ENSG00000042304,0,0,0,0,11,0.0
ENSG00000042813,0,0,0,0,0,0.0
ENSG00000043039,0,0,19,0,81,0.0
ENSG00000043462,0,0,0,0,23,0.0
ENSG00000043591,0,0,14,0,37,0.0
ENSG00000044012,0,0,3,0,40,0.0
ENSG00000046774,0,63,0,0,0,0.0
ENSG00000047648,0,0,9,0,10,0.0
ENSG00000048462,0,0,3,0,33,0.0
ENSG00000048540,6,0,12,0,27,0.0
ENSG00000049247,5,0,7,0,13,0.0
ENSG00000050730,0,0,0,0,0,0.0
ENSG00000052850,0,0,20,0,83,0.0
ENSG00000053328,0,0,0,0,0,0.0
ENSG00000053702,0,0,0,0,0,0.0
ENSG00000054796,0,0,0,0,32,0.0
ENSG00000054803,0,98,0,0,0,0.0
ENSG00000056291,0,0,0,0,5,0.0
ENSG00000057149,0,0,0,0,0,0.0
ENSG00000060140,0,0,9,0,27,0.0
ENSG00000061918,0,0,0,0,0,0.0
ENSG00000063515,0,0,9,0,54,0.0
ENSG00000064218,0,0,0,0,72,0.0
ENSG00000064763,0,0,4,0,11,0.0
ENSG00000064835,0,0,0,0,0,0.0
ENSG00000065371,0,0,0,0,16,0.0
ENSG00000065609,0,0,14,0,9,0.0
ENSG00000065833,0,0,0,0,3,0.0
ENSG00000066230,0,0,0,0,44,0.0
ENSG00000066294,0,0,0,0,0,0.0
ENSG00000066382,0,0,17,0,30,0.0
ENSG00000066405,0,6,0,0,7,0.0
ENSG00000066735,0,0,3,0,52,0.0
ENSG00000067715,0,0,0,0,0,0.0
ENSG00000067842,0,0,0,0,21,0.0
ENSG00000069018,0,0,0,0,6,0.0
ENSG00000069122,0,0,0,0,50,0.0
ENSG00000069188,0,0,12,0,80,0.0
ENSG00000069206,0,0,0,0,0,0.0
ENSG00000069482,0,0,0,0,55,0.0
ENSG00000069998,0,0,0,0,9,0.0
ENSG00000070031,13,0,18,0,0,0.0
ENSG00000070190,0,0,0,0,11,0.0
ENSG00000070193,0,0,10,0,40,0.0
ENSG00000070601,5,0,16,0,77,0.0
ENSG00000071203,0,0,0,0,0,0.0
ENSG00000071677,0,0,0,0,56,0.0
ENSG00000071991,0,0,0,0,0,0.0
ENSG00000072041,0,0,4,0,17,0.0
ENSG00000072080,0,0,0,0,8,0.0
ENSG00000072315,0,0,0,0,7,0.0
ENSG00000072657,0,0,0,0,0,0.0
ENSG00000073282,0,0,0,0,0,0.0
ENSG00000073734,0,0,0,0,0,0.0
ENSG00000073737,0,0,0,0,1,0.0
ENSG00000073754,0,31,0,0,0,0.0
ENSG00000073756,0,0,0,0,3,0.0
ENSG00000074047,0,0,9,0,86,0.0
ENSG00000074317,0,0,13,0,84,0.0
ENSG00000074657,0,0,0,0,27,0.0
ENSG00000075035,0,0,7,0,35,0.0
ENSG00000075388,0,0,0,0,58,0.0
ENSG00000075429,0,0,6,0,67,0.0
ENSG00000075673,0,0,4,0,49,0.0
ENSG00000077009,0,0,0,0,25,0.0
ENSG00000077063,0,0,10,0,37,0.0
ENSG00000077264,0,0,0,0,0,0.0
ENSG00000077279,0,0,0,0,0,0.0
ENSG00000077327,12,0,13,4,16,0.0
ENSG00000077498,0,0,0,0,0,0.0
ENSG00000077935,4,0,9,0,7,0.0
ENSG00000077943,0,0,0,0,52,0.0
ENSG00000077984,0,0,0,0,23,0.0
ENSG00000078053,0,0,3,0,25,0.0
ENSG00000078098,0,0,0,0,0,0.0
ENSG00000078295,0,0,4,0,18,0.0
ENSG00000078549,0,0,0,0,34,0.0
ENSG00000078589,0,0,0,0,0,0.0
ENSG00000079102,0,0,11,0,12,0.0
ENSG00000079257,0,0,0,0,0,0.0
ENSG00000079841,0,0,7,0,24,0.0
ENSG00000080007,0,0,0,0,3,0.0
ENSG00000080224,0,0,15,0,20,0.0
ENSG00000080293,0,0,3,0,64,0.0
ENSG00000080511,0,0,0,0,39,0.0
ENSG00000080644,0,0,16,0,68,0.0
ENSG00000080854,0,0,0,0,56,0.0
ENSG00000081052,0,0,16,0,41,0.0
ENSG00000081138,0,0,0,0,3,0.0
ENSG00000081248,3,0,11,0,31,0.0
ENSG00000081277,0,0,0,0,72,0.0
ENSG00000081800,0,0,0,0,0,0.0
ENSG00000082175,0,0,3,0,7,0.0
ENSG00000082293,0,0,13,0,27,0.0
ENSG00000082482,0,0,0,0,0,0.0
ENSG00000082497,0,0,20,0,58,0.0
ENSG00000082929,0,0,0,0,0,0.0
ENSG00000083782,0,0,0,0,0,0.0
ENSG00000084453,0,0,0,0,0,0.0
ENSG00000085265,0,4,0,0,47,0.0
ENSG00000086288,0,0,0,0,0,0.0
ENSG00000086717,31,0,30,8,0,0.0
ENSG00000087128,0,0,0,0,0,0.0
ENSG00000087250,0,0,0,0,56,0.0
ENSG00000087495,0,0,0,0,72,0.0
ENSG00000087510,0,0,0,0,77,0.0
ENSG00000088320,0,0,4,0,58,0.0
ENSG00000088538,0,0,9,0,64,0.0
ENSG00000088756,0,0,11,0,26,0.0
ENSG00000088782,0,0,0,0,7,0.0
ENSG00000089169,0,0,0,0,6,0.0
ENSG00000089225,0,0,0,0,86,0.0
ENSG00000090104,0,0,0,0,0,0.0
ENSG00000090402,0,0,0,0,0,0.0
ENSG00000090659,0,0,0,0,23,0.0
ENSG00000091181,23,0,22,22,0,0.0
ENSG00000091664,0,0,0,0,27,0.0
ENSG00000091972,0,0,0,0,8,0.0
ENSG00000091986,0,0,0,0,3,0.0
ENSG00000092009,0,0,0,0,8,0.0
ENSG00000092345,0,0,0,0,2,0.0
ENSG00000093072,0,0,0,0,11,0.0
ENSG00000094661,0,0,0,0,43,0.0
ENSG00000094755,0,0,0,0,18,0.0
ENSG00000094963,0,0,0,0,0,0.0
ENSG00000095110,0,0,0,0,0,0.0
ENSG00000095370,0,0,4,0,37,0.0
ENSG00000095585,0,0,0,0,4,0.0
ENSG00000095627,8,0,10,0,10,0.0
ENSG00000095777,0,0,8,0,12,0.0
ENSG00000095970,0,0,0,0,8,0.0
ENSG00000095981,0,0,0,0,34,0.0
ENSG00000096264,0,0,0,0,55,0.0
ENSG00000096395,0,0,0,0,76,0.0
ENSG00000099256,0,0,0,0,0,0.0
ENSG00000099721,0,0,0,0,0,0.0
ENSG00000099958,0,0,0,0,8,0.0
ENSG00000099960,0,0,0,0,44,0.0
ENSG00000100012,0,0,0,0,26,0.0
ENSG00000100095,0,0,9,0,34,0.0
ENSG00000100122,0,0,0,0,33,0.0
ENSG00000100146,0,0,0,0,0,0.0
ENSG00000100191,0,0,0,0,0,0.0
ENSG00000100249,4,0,6,0,0,0.0
ENSG00000100285,0,0,0,0,54,0.0
ENSG00000100302,0,0,19,0,50,0.0
ENSG00000100341,0,0,0,0,45,0.0
ENSG00000100346,0,0,0,0,42,0.0
ENSG00000100362,0,0,0,0,71,0.0
ENSG00000100368,0,0,0,0,25,0.0
ENSG00000100427,0,7,9,0,48,0.0
ENSG00000100433,0,0,14,0,56,0.0
ENSG00000100448,0,0,0,0,43,0.0
ENSG00000100565,4,0,13,9,3,0.0
ENSG00000100604,0,0,7,0,3,0.0
ENSG00000100721,0,0,0,0,45,0.0
ENSG00000101074,0,0,15,0,51,0.0
ENSG00000101134,0,0,0,0,39,0.0
ENSG00000101180,0,0,21,0,91,0.0
ENSG00000101198,36,0,40,20,25,0.0
ENSG00000101280,0,0,0,0,44,0.0
ENSG00000101298,3,0,12,0,50,0.0
ENSG00000101327,0,0,0,0,85,0.0
ENSG00000101349,0,7,14,0,30,0.0
ENSG00000101417,5,0,14,3,0,0.0
ENSG00000101435,0,0,0,0,13,0.0
ENSG00000101438,0,0,3,0,94,0.0
ENSG00000101446,0,0,0,0,5,0.0
ENSG00000101448,0,0,0,0,23,0.0
ENSG00000101463,0,0,0,0,81,0.0
ENSG00000101489,0,0,0,0,33,0.0
ENSG00000101542,0,0,0,0,6,0.0
ENSG00000101812,0,0,0,0,0,0.0
ENSG00000101825,0,0,0,0,0,0.0
ENSG00000101883,0,0,0,0,0,0.0
ENSG00000101892,0,0,0,0,0,0.0
ENSG00000101916,0,0,0,0,3,0.0
ENSG00000101938,0,0,7,0,8,0.0
ENSG00000101958,0,0,0,0,0,0.0
ENSG00000102010,0,0,0,0,0,0.0
ENSG00000102021,0,0,0,0,0,0.0
ENSG00000102076,0,0,0,0,0,0.0
ENSG00000102080,0,0,0,0,0,0.0
ENSG00000102104,31,0,30,8,0,0.0
ENSG00000102195,0,0,9,0,21,0.0
ENSG00000102245,0,0,0,0,0,0.0
ENSG00000102290,0,0,0,0,3,0.0
ENSG00000102313,0,0,0,0,0,0.0
ENSG00000102445,0,0,0,0,6,0.0
ENSG00000102452,0,0,8,0,15,0.0
ENSG00000102466,0,0,0,0,24,0.0
ENSG00000102468,0,0,9,0,23,0.0
ENSG00000102678,0,0,43,0,77,0.0
ENSG00000102683,0,0,0,0,13,0.0
ENSG00000102794,0,0,0,0,4,0.0
ENSG00000102802,3,0,5,0,8,0.0
ENSG00000102891,0,0,0,0,33,0.0
ENSG00000102924,0,0,0,0,68,0.0
ENSG00000102970,0,0,0,0,10,0.0
ENSG00000103023,0,0,0,0,39,0.0
ENSG00000103175,0,0,0,0,90,0.0
ENSG00000103310,0,0,0,0,34,0.0
ENSG00000103355,0,0,14,0,64,0.0
ENSG00000103489,0,0,14,0,87,0.0
ENSG00000103723,0,0,16,0,19,0.0
ENSG00000104321,0,0,0,0,0,0.0
ENSG00000104369,0,0,17,0,35,0.0
ENSG00000104413,0,0,37,0,43,0.0
ENSG00000104435,0,0,0,0,0,0.0
ENSG00000104499,0,0,0,0,46,0.0
ENSG00000104722,0,0,0,0,0,0.0
ENSG00000104818,0,0,0,0,11,0.0
ENSG00000104848,0,0,5,0,23,0.0
ENSG00000104894,0,0,3,0,0,0.0
ENSG00000104918,0,0,7,0,33,0.0
ENSG00000104921,0,0,0,0,22,0.0
ENSG00000104967,0,0,0,0,53,0.0
ENSG00000104974,0,0,0,0,29,0.0
ENSG00000105141,0,0,0,0,10,0.0
ENSG00000105143,0,0,0,0,14,0.0
ENSG00000105198,0,0,0,0,16,0.0
ENSG00000105205,0,0,0,0,12,0.0
ENSG00000105352,0,22,0,0,11,0.0
ENSG00000105392,0,0,0,0,25,0.0
ENSG00000105428,0,0,0,0,0,0.0
ENSG00000105467,9,0,16,18,0,0.0
ENSG00000105472,0,0,10,0,41,0.0
ENSG00000105492,0,0,0,0,16,0.0
ENSG00000105549,0,0,0,0,69,0.0
ENSG00000105609,0,0,0,0,81,0.0
ENSG00000105610,18,17,34,10,31,0.0
ENSG00000105641,3,0,21,0,42,0.0
ENSG00000105694,29,0,19,38,0,0.0
ENSG00000105851,0,0,0,0,3,0.0
ENSG00000105880,14,0,23,0,41,0.0
ENSG00000105954,0,0,0,0,5,0.0
ENSG00000105989,0,0,0,0,43,0.0
ENSG00000106013,0,0,0,0,0,0.0
ENSG00000106018,0,0,0,0,55,0.0
ENSG00000106038,0,0,5,0,71,0.0
ENSG00000106128,0,0,0,0,5,0.0
ENSG00000106178,0,0,0,0,3,0.0
ENSG00000106304,0,0,0,0,0,0.0
ENSG00000106331,0,0,0,0,43,0.0
ENSG00000106341,0,0,0,0,4,0.0
ENSG00000106410,0,0,0,0,9,0.0
ENSG00000106511,0,0,0,0,20,0.0
ENSG00000106565,0,8,0,0,17,0.0
ENSG00000106571,0,0,15,0,53,0.0
ENSG00000106648,0,0,0,0,6,0.0
ENSG00000106809,0,0,0,0,0,0.0
ENSG00000106819,0,0,0,0,0,0.0
ENSG00000106952,0,0,0,0,24,0.0
ENSG00000107018,0,0,3,0,0,0.0
ENSG00000107105,0,0,0,0,9,0.0
ENSG00000107447,0,0,0,0,18,0.0
ENSG00000107485,0,0,18,0,56,0.0
ENSG00000107618,0,0,0,0,24,0.0
ENSG00000108001,0,0,13,0,59,0.0
ENSG00000108231,0,0,0,0,42,0.0
ENSG00000108255,0,0,0,0,0,0.0
ENSG00000108511,0,0,0,0,93,0.0
ENSG00000108684,0,4,0,0,5,0.0
ENSG00000108688,0,0,0,0,0,0.0
ENSG00000108691,0,0,0,0,0,0.0
ENSG00000108700,0,1,0,0,0,0.0
ENSG00000108702,0,0,0,0,6,0.0
ENSG00000108759,0,0,0,0,48,0.0
ENSG00000108798,0,0,0,0,88,0.0
ENSG00000108823,0,0,10,0,73,0.0
ENSG00000108839,0,0,0,0,0,0.0
ENSG00000108878,0,27,0,0,43,0.0
ENSG00000109047,0,0,0,0,16,0.0
ENSG00000109132,0,0,0,0,55,0.0
ENSG00000109158,0,0,3,0,17,0.0
ENSG00000109163,0,0,0,0,0,0.0
ENSG00000109182,0,0,0,0,8,0.0
ENSG00000109208,0,0,0,0,0,0.0
ENSG00000109255,0,0,9,0,47,0.0
ENSG00000109272,0,0,0,0,9,0.0
ENSG00000109339,0,0,10,0,19,0.0
ENSG00000109452,0,0,0,0,16,0.0
ENSG00000109471,4,0,0,0,0,0.0
ENSG00000109684,0,0,0,0,3,0.0
ENSG00000109854,7,0,6,0,6,0.0
ENSG00000109906,0,0,13,0,54,0.0
ENSG00000109943,0,0,0,0,18,0.0
ENSG00000110077,0,0,0,0,5,0.0
ENSG00000110079,0,0,0,0,0,0.0
ENSG00000110148,0,0,0,0,32,0.0
ENSG00000110448,0,16,0,0,21,0.0
ENSG00000110680,0,0,0,0,38,0.0
ENSG00000110848,0,0,0,0,6,0.0
ENSG00000110852,0,0,0,0,0,0.0
ENSG00000110934,0,0,0,0,17,0.0
ENSG00000110975,0,0,0,0,11,0.0
ENSG00000111046,0,0,0,0,0,0.0
ENSG00000111049,0,0,0,0,12,0.0
ENSG00000111218,0,0,0,0,32,0.0
ENSG00000111241,0,0,0,0,65,0.0
ENSG00000111245,0,0,0,0,49,0.0
ENSG00000111262,0,0,2,0,53,0.0
ENSG00000111305,16,4,12,5,46,0.0
ENSG00000111341,0,0,0,0,0,0.0
ENSG00000111404,0,0,0,0,0,0.0
ENSG00000111432,0,0,0,0,23,0.0
ENSG00000111536,0,0,0,0,9,0.0
ENSG00000111537,0,0,0,0,5,0.0
ENSG00000111701,0,0,0,0,7,0.0
ENSG00000111732,0,0,0,0,4,0.0
ENSG00000111783,0,0,11,0,69,0.0
ENSG00000111796,0,0,0,0,0,0.0
ENSG00000111863,0,0,0,0,30,0.0
ENSG00000112038,0,7,0,0,0,0.0
ENSG00000112077,0,0,0,0,0,0.0
ENSG00000112115,0,0,0,0,17,0.0
ENSG00000112116,0,0,0,0,0,0.0
ENSG00000112164,0,0,0,0,59,0.0
ENSG00000112175,0,0,0,0,0,0.0
ENSG00000112195,0,0,0,0,26,0.0
ENSG00000112214,0,0,0,0,9,0.0
ENSG00000112232,0,0,7,0,4,0.0
ENSG00000112238,0,0,13,0,83,0.0
ENSG00000112246,0,0,0,0,47,0.0
ENSG00000112319,0,0,8,0,26,0.0
ENSG00000112333,3,0,11,0,53,0.0
ENSG00000112462,0,0,0,0,0,0.0
ENSG00000112499,0,0,0,0,11,0.0
ENSG00000112539,0,18,0,0,0,0.0
ENSG00000112562,0,0,0,0,73,0.0
ENSG00000112706,0,13,0,0,0,0.0
ENSG00000112796,0,0,6,0,19,0.0
ENSG00000112799,0,0,0,0,36,0.0
ENSG00000113088,0,0,0,0,0,0.0
ENSG00000113196,0,0,13,0,96,0.0
ENSG00000113262,0,29,0,0,4,0.0
ENSG00000113302,4,0,8,0,19,0.0
ENSG00000113303,0,0,0,0,6,0.0
ENSG00000113327,0,0,0,0,0,0.0
ENSG00000113396,5,0,12,0,17,0.0
ENSG00000113532,0,0,0,0,40,0.0
ENSG00000113555,28,0,14,13,4,0.0
ENSG00000113578,0,0,0,0,6,0.0
ENSG00000113749,0,0,0,0,24,0.0
ENSG00000113805,0,0,0,0,0,0.0
ENSG00000114013,0,0,0,0,0,0.0
ENSG00000114124,0,0,0,0,8,0.0
ENSG00000114204,0,0,0,0,0,0.0
ENSG00000114251,0,0,0,0,32,0.0
ENSG00000114455,0,0,0,0,0,0.0
ENSG00000114487,0,0,0,0,0,0.0
ENSG00000114547,0,0,4,0,19,0.0
ENSG00000114638,0,0,0,0,7,0.0
ENSG00000115041,0,0,0,0,51,0.0
ENSG00000115159,0,0,5,0,0,0.0
ENSG00000115232,0,0,5,0,13,0.0
ENSG00000115252,0,0,0,0,0,0.0
ENSG00000115263,0,0,0,0,9,0.0
ENSG00000115353,4,0,15,0,55,0.0
ENSG00000115361,9,0,12,0,37,0.0
ENSG00000115380,0,0,6,0,22,0.0
ENSG00000115386,0,0,0,0,0,0.0
ENSG00000115474,0,0,0,0,0,0.0
ENSG00000115488,0,0,11,0,40,0.0
ENSG00000115592,0,0,17,0,84,0.0
ENSG00000115593,0,0,0,0,26,0.0
ENSG00000115665,0,0,0,0,26,0.0
ENSG00000115850,0,0,0,0,0,0.0
ENSG00000116106,4,0,12,0,48,0.0
ENSG00000116132,0,0,8,0,57,0.0
ENSG00000116141,0,0,16,0,37,0.0
ENSG00000116147,0,0,0,0,3,0.0
ENSG00000116218,0,0,0,0,28,0.0
ENSG00000116703,0,0,0,0,0,0.0
ENSG00000116721,0,0,0,0,3,0.0
ENSG00000116726,0,0,0,0,70,0.0
ENSG00000116745,0,0,0,0,0,0.0
ENSG00000116748,0,0,0,0,3,0.0
ENSG00000116824,0,1,0,0,0,0.0
ENSG00000116981,0,0,11,0,53,0.0
ENSG00000116996,0,67,0,0,0,0.0
ENSG00000117069,0,0,4,0,3,0.0
ENSG00000117091,0,0,0,0,3,0.0
ENSG00000117115,0,0,3,0,11,0.0
ENSG00000117154,0,0,0,0,42,0.0
ENSG00000117215,0,0,0,0,24,0.0
ENSG00000117322,4,0,11,0,32,0.0
ENSG00000117501,0,19,0,0,0,0.0
ENSG00000117507,3,0,0,0,0,0.0
ENSG00000117594,0,0,0,0,0,0.0
ENSG00000117598,0,0,9,0,17,0.0
ENSG00000117600,0,0,9,0,17,0.0
ENSG00000117971,0,0,0,0,14,0.0
ENSG00000118017,0,0,0,0,0,0.0
ENSG00000118113,0,0,0,0,7,0.0
ENSG00000118231,0,0,0,0,0,0.0
ENSG00000118322,0,0,0,0,0,0.0
ENSG00000118407,0,0,0,0,3,0.0
ENSG00000118492,6,0,8,0,3,0.0
ENSG00000118526,0,0,0,0,48,0.0
ENSG00000118733,0,0,0,0,0,0.0
ENSG00000118849,0,7,0,0,0,0.0
ENSG00000118946,0,21,11,0,20,0.0
ENSG00000118972,3,0,0,0,24,0.0
ENSG00000118997,7,6,11,4,0,0.0
ENSG00000119147,0,0,0,0,31,0.0
ENSG00000119457,0,0,10,0,12,0.0
ENSG00000119608,0,0,0,0,7,0.0
ENSG00000119866,0,0,54,0,80,0.0
ENSG00000119919,0,0,20,0,93,0.0
ENSG00000119973,0,0,0,0,17,0.0
ENSG00000120068,0,0,16,0,95,0.0
ENSG00000120075,0,0,6,0,94,0.0
ENSG00000120093,0,0,0,0,93,0.0
ENSG00000120094,0,0,0,0,57,0.0
ENSG00000120149,0,0,0,0,55,0.0
ENSG00000120160,0,0,0,0,12,0.0
ENSG00000120210,0,0,0,0,8,0.0
ENSG00000120235,0,6,0,0,0,0.0
ENSG00000120242,0,0,0,0,5,0.0
ENSG00000120251,0,0,0,0,4,0.0
ENSG00000120280,0,0,0,0,0,0.0
ENSG00000120289,0,0,0,0,2,0.0
ENSG00000120436,0,0,3,0,73,0.0
ENSG00000120457,0,0,11,0,54,0.0
ENSG00000120498,0,0,0,0,0,0.0
ENSG00000120500,0,0,0,0,0,0.0
ENSG00000120645,0,0,3,0,0,0.0
ENSG00000120729,0,0,0,0,3,0.0
ENSG00000120907,0,0,8,0,26,0.0
ENSG00000120952,0,0,0,0,4,0.0
ENSG00000121053,0,0,0,0,79,0.0
ENSG00000121316,0,0,0,0,8,0.0
ENSG00000121335,0,0,0,0,0,0.0
ENSG00000121351,0,0,0,0,7,0.0
ENSG00000121388,0,8,0,0,0,0.0
ENSG00000121440,0,0,13,0,27,0.0
ENSG00000121570,0,0,0,0,0,0.0
ENSG00000121594,0,0,0,0,9,0.0
ENSG00000121634,0,0,0,0,0,0.0
ENSG00000121742,0,0,8,0,25,0.0
ENSG00000121807,0,0,0,0,14,0.0
ENSG00000121853,0,0,0,0,29,0.0
ENSG00000121871,3,0,4,0,34,0.0
ENSG00000121905,0,0,8,0,45,0.0
ENSG00000122012,0,0,0,0,40,0.0
ENSG00000122025,0,0,10,0,50,0.0
ENSG00000122043,0,0,0,0,26,0.0
ENSG00000122145,0,28,0,0,0,0.0
ENSG00000122180,0,0,0,0,31,0.0
ENSG00000122188,4,0,3,3,0,0.0
ENSG00000122224,0,0,0,0,13,0.0
ENSG00000122254,0,0,0,0,5,0.0
ENSG00000122375,0,0,0,0,65,0.0
ENSG00000122417,0,0,6,0,6,0.0
ENSG00000122420,0,0,0,0,0,0.0
ENSG00000122543,0,0,0,0,6,0.0
ENSG00000122548,0,0,0,0,57,0.0
ENSG00000122584,0,0,8,0,30,0.0
ENSG00000122585,0,0,0,0,17,0.0
ENSG00000122641,6,0,18,0,15,0.0
ENSG00000122679,0,0,0,0,42,0.0
ENSG00000122691,0,0,0,0,4,0.0
ENSG00000122718,0,0,0,0,42,0.0
ENSG00000122756,0,0,21,0,77,0.0
ENSG00000122824,0,0,0,0,0,0.0
ENSG00000122852,0,0,0,0,24,0.0
ENSG00000122859,0,0,0,0,46,0.0
ENSG00000123096,4,0,39,0,58,0.0
ENSG00000123119,0,0,0,0,22,0.0
ENSG00000123338,0,0,0,0,2,0.0
ENSG00000123360,0,0,11,0,50,0.0
ENSG00000123388,2,0,15,0,80,0.0
ENSG00000123407,0,0,0,0,93,0.0
ENSG00000123454,0,0,0,0,87,0.0
ENSG00000123496,0,0,0,0,0,0.0
ENSG00000123569,0,0,0,0,0,0.0
ENSG00000123572,0,0,0,0,8,0.0
ENSG00000123576,0,0,0,0,0,0.0
ENSG00000123594,0,0,0,0,0,0.0
ENSG00000123610,0,0,0,0,4,0.0
ENSG00000123700,0,0,14,0,27,0.0
ENSG00000124019,0,12,0,0,30,0.0
ENSG00000124089,0,0,0,0,6,0.0
ENSG00000124091,0,11,0,0,0,0.0
ENSG00000124157,0,0,0,0,16,0.0
ENSG00000124191,0,27,0,0,28,0.0
ENSG00000124196,3,0,6,0,26,0.0
ENSG00000124203,0,0,0,0,73,0.0
ENSG00000124212,0,0,0,0,50,0.0
ENSG00000124227,0,0,0,0,43,0.0
ENSG00000124232,3,0,8,0,51,0.0
ENSG00000124233,0,0,0,0,6,0.0
ENSG00000124237,0,0,0,0,73,0.0
ENSG00000124256,0,7,0,0,72,0.0
ENSG00000124260,0,0,0,0,0,0.0
ENSG00000124302,0,0,11,0,52,0.0
ENSG00000124429,0,0,0,0,0,0.0
ENSG00000124449,0,0,0,0,18,0.0
ENSG00000124479,0,0,0,0,11,0.0
ENSG00000124490,0,3,0,0,3,0.0
ENSG00000124491,0,0,0,0,54,0.0
ENSG00000124493,0,19,7,0,45,0.0
ENSG00000124578,19,0,21,9,34,0.0
ENSG00000124721,0,0,0,0,13,0.0
ENSG00000124780,0,0,0,0,51,0.0
ENSG00000124812,0,0,0,0,0,0.0
ENSG00000124818,0,0,0,0,5,0.0
ENSG00000124827,0,0,6,0,51,0.0
ENSG00000124875,0,0,0,0,6,0.0
ENSG00000124900,0,0,0,0,0,0.0
ENSG00000124935,0,0,0,0,17,0.0
ENSG00000124939,0,0,0,0,19,0.0
ENSG00000125207,0,0,0,0,11,0.0
ENSG00000125245,0,0,0,0,0,0.0
ENSG00000125255,0,0,0,0,0,0.0
ENSG00000125285,0,0,15,0,48,0.0
ENSG00000125363,0,0,0,0,0,0.0
ENSG00000125384,0,0,0,0,0,0.0
ENSG00000125492,0,0,0,0,68,0.0
ENSG00000125498,0,0,0,0,7,0.0
ENSG00000125522,8,0,9,0,91,0.0
ENSG00000125533,5,0,30,0,90,0.0
ENSG00000125675,0,0,0,0,3,0.0
ENSG00000125780,0,0,0,0,40,0.0
ENSG00000125788,0,0,4,0,17,0.0
ENSG00000125813,0,0,7,0,93,0.0
ENSG00000125816,0,0,0,0,0,0.0
ENSG00000125820,0,0,31,0,93,0.0
ENSG00000125823,15,0,18,0,12,0.0
ENSG00000125831,0,0,0,0,44,0.0
ENSG00000125851,0,0,0,0,44,0.0
ENSG00000125869,0,0,0,0,64,0.0
ENSG00000125878,0,0,11,0,77,0.0
ENSG00000125879,0,0,0,0,0,0.0
ENSG00000125888,0,13,0,0,57,0.0
ENSG00000125899,0,0,0,0,0,0.0
ENSG00000125900,0,8,0,0,24,0.0
ENSG00000125903,0,0,0,0,7,0.0
ENSG00000126233,36,0,38,23,6,0.0
ENSG00000126251,0,9,0,0,6,0.0
ENSG00000126266,0,0,0,0,0,0.0
ENSG00000126337,0,0,5,0,47,0.0
ENSG00000126542,0,0,0,0,0,0.0
ENSG00000126549,0,0,0,0,0,0.0
ENSG00000126752,0,0,0,0,0,0.0
ENSG00000126860,0,0,0,0,0,0.0
ENSG00000126861,0,0,0,0,0,0.0
ENSG00000126890,0,0,0,0,14,0.0
ENSG00000126895,0,0,0,0,19,0.0
ENSG00000126947,0,0,0,0,8,0.0
ENSG00000126952,0,0,0,0,0,0.0
ENSG00000127083,0,0,0,0,0,0.0
ENSG00000127129,0,0,0,0,8,0.0
ENSG00000127252,0,0,0,0,4,0.0
ENSG00000127318,0,0,0,0,20,0.0
ENSG00000127325,0,0,0,0,0,0.0
ENSG00000127515,0,0,0,0,0,0.0
ENSG00000127529,0,0,0,0,6,0.0
ENSG00000127530,0,0,0,0,3,0.0
ENSG00000127533,6,0,15,0,11,0.0
ENSG00000127588,0,0,0,0,47,0.0
ENSG00000127780,0,0,0,0,4,0.0
ENSG00000127903,0,44,8,0,0,0.0
ENSG00000127920,0,0,9,0,13,0.0
ENSG00000127928,0,0,0,0,0,0.0
ENSG00000128040,0,0,9,0,44,0.0
ENSG00000128052,0,0,0,0,14,0.0
ENSG00000128250,0,0,0,0,28,0.0
ENSG00000128313,0,5,0,0,0,0.0
ENSG00000128519,0,0,0,0,5,0.0
ENSG00000128594,0,0,0,0,0,0.0
ENSG00000128610,0,0,22,0,86,0.0
ENSG00000128617,0,0,0,0,0,0.0
ENSG00000128709,0,0,3,0,81,0.0
ENSG00000128713,0,0,15,0,88,0.0
ENSG00000128714,6,0,26,0,89,0.0
ENSG00000128802,0,0,0,0,41,0.0
ENSG00000128815,0,0,0,0,12,0.0
ENSG00000129009,0,0,0,0,40,0.0
ENSG00000129151,0,0,0,0,0,0.0
ENSG00000129152,0,11,8,0,55,0.0
ENSG00000129170,0,0,0,0,15,0.0
ENSG00000129270,0,0,12,0,72,0.0
ENSG00000129455,0,0,0,0,16,0.0
ENSG00000129538,0,0,0,0,16,0.0
ENSG00000129680,0,0,0,0,0,0.0
ENSG00000129744,13,0,21,0,30,0.0
ENSG00000129873,0,0,0,0,0,0.0
ENSG00000130032,0,0,0,0,0,0.0
ENSG00000130037,0,0,0,0,23,0.0
ENSG00000130167,0,0,8,0,27,0.0
ENSG00000130224,0,0,3,0,4,0.0
ENSG00000130368,0,0,0,0,67,0.0
ENSG00000130385,0,0,0,0,0,0.0
ENSG00000130433,0,0,11,0,53,0.0
ENSG00000130540,0,0,3,0,36,0.0
ENSG00000130561,0,0,1,0,20,0.0
ENSG00000130595,0,0,0,0,61,0.0
ENSG00000131015,0,0,15,0,70,0.0
ENSG00000131042,0,0,0,0,53,0.0
ENSG00000131050,0,0,0,0,46,0.0
ENSG00000131059,0,0,0,0,18,0.0
ENSG00000131068,0,0,0,0,22,0.0
ENSG00000131097,0,0,0,0,6,0.0
ENSG00000131126,0,0,0,0,0,0.0
ENSG00000131127,0,98,0,0,0,0.0
ENSG00000131264,0,0,0,0,0,0.0
ENSG00000131355,16,0,14,10,0,0.0
ENSG00000131409,0,0,0,0,47,0.0
ENSG00000131620,0,0,0,0,63,0.0
ENSG00000131634,0,0,0,0,0,0.0
ENSG00000131686,0,0,9,0,42,0.0
ENSG00000131721,0,0,0,0,0,0.0
ENSG00000131808,0,12,0,0,0,0.0
ENSG00000131831,0,0,15,0,17,0.0
ENSG00000131849,0,0,0,0,0,0.0
ENSG00000131864,0,62,0,0,0,0.0
ENSG00000131885,0,0,0,0,0,0.0
ENSG00000132130,0,0,50,0,98,0.0
ENSG00000132204,0,0,0,0,0,0.0
ENSG00000132297,0,0,0,0,0,0.0
ENSG00000132321,0,0,0,0,23,0.0
ENSG00000132446,0,4,0,0,0,0.0
ENSG00000132465,0,0,0,0,1,0.0
ENSG00000132518,0,0,0,0,42,0.0
ENSG00000132631,0,0,0,0,19,0.0
ENSG00000132639,0,0,0,0,4,0.0
ENSG00000132671,0,0,0,0,50,0.0
ENSG00000132681,0,0,0,0,5,0.0
ENSG00000132693,0,22,0,0,0,0.0
ENSG00000132703,0,15,0,0,0,0.0
ENSG00000132704,0,0,0,0,0,0.0
ENSG00000132872,0,0,0,0,0,0.0
ENSG00000132874,0,0,0,0,4,0.0
ENSG00000132911,0,0,0,0,0,0.0
ENSG00000132938,0,83,0,0,0,0.0
ENSG00000132975,0,0,0,0,45,0.0
ENSG00000133020,0,0,0,0,3,0.0
ENSG00000133063,0,0,7,0,28,0.0
ENSG00000133105,0,0,0,0,4,0.0
ENSG00000133107,0,0,0,0,24,0.0
ENSG00000133110,0,0,0,0,0,0.0
ENSG00000133115,0,0,0,0,0,0.0
ENSG00000133116,0,0,3,0,25,0.0
ENSG00000133124,0,0,10,0,4,0.0
ENSG00000133149,0,0,0,0,0,0.0
ENSG00000133317,0,0,0,0,34,0.0
ENSG00000133574,0,0,0,0,8,0.0
ENSG00000133640,0,0,5,0,0,0.0
ENSG00000133742,0,0,0,0,0,0.0
ENSG00000133937,0,0,19,0,81,0.0
ENSG00000133962,0,0,0,0,0,0.0
ENSG00000134028,0,4,0,0,0,0.0
ENSG00000134042,0,0,1,0,3,0.0
ENSG00000134061,0,9,0,0,7,0.0
ENSG00000134115,0,95,0,0,0,0.0
ENSG00000134160,21,0,5,33,0,0.0
ENSG00000134198,0,0,10,0,31,0.0
ENSG00000134200,0,0,0,0,0,0.0
ENSG00000134207,0,0,0,0,44,0.0
ENSG00000134216,0,0,0,0,8,0.0
ENSG00000134242,0,0,0,0,0,0.0
ENSG00000134249,0,0,0,0,4,0.0
ENSG00000134258,0,0,0,0,0,0.0
ENSG00000134259,0,0,0,0,10,0.0
ENSG00000134323,0,0,18,0,59,0.0
ENSG00000134365,0,0,0,0,0,0.0
ENSG00000134389,0,0,0,0,0,0.0
ENSG00000134438,0,0,6,0,63,0.0
ENSG00000134460,0,0,0,0,17,0.0
ENSG00000134489,0,0,0,0,3,0.0
ENSG00000134588,0,0,0,0,0,0.0
ENSG00000134595,0,0,0,0,9,0.0
ENSG00000134640,0,0,0,0,19,0.0
ENSG00000134757,0,0,0,0,0,0.0
ENSG00000134765,0,0,0,0,0,0.0
ENSG00000134812,0,0,0,0,0,0.0
ENSG00000134873,0,0,0,0,0,0.0
ENSG00000134917,0,0,4,0,55,0.0
ENSG00000135094,11,0,15,0,3,0.0
ENSG00000135144,0,0,0,0,27,0.0
ENSG00000135175,0,0,0,0,8,0.0
ENSG00000135298,0,0,13,0,7,0.0
ENSG00000135312,0,0,0,0,39,0.0
ENSG00000135314,0,0,4,0,10,0.0
ENSG00000135333,0,0,0,0,3,0.0
ENSG00000135355,0,0,0,0,2,0.0
ENSG00000135363,0,0,0,0,37,0.0
ENSG00000135413,0,0,0,0,17,0.0
ENSG00000135426,0,0,0,0,4,0.0
ENSG00000135443,0,0,0,0,44,0.0
ENSG00000135569,0,0,0,0,0,0.0
ENSG00000135625,0,0,26,0,69,0.0
ENSG00000135750,0,0,0,0,19,0.0
ENSG00000135824,0,0,0,0,25,0.0
ENSG00000135842,0,0,13,0,49,0.0
ENSG00000135898,0,0,0,0,55,0.0
ENSG00000135905,0,0,0,0,31,0.0
ENSG00000135960,4,0,9,0,42,0.0
ENSG00000135973,0,0,0,0,10,0.0
ENSG00000136011,0,0,0,0,0,0.0
ENSG00000136099,4,8,12,0,13,0.0
ENSG00000136206,0,0,0,0,0,0.0
ENSG00000136244,0,0,10,0,43,0.0
ENSG00000136250,0,0,0,0,18,0.0
ENSG00000136275,0,0,0,0,0,0.0
ENSG00000136297,0,0,0,0,17,0.0
ENSG00000136327,0,7,0,0,10,0.0
ENSG00000136352,0,0,21,0,88,0.0
ENSG00000136404,0,0,8,0,43,0.0
ENSG00000136487,0,0,0,0,16,0.0
ENSG00000136488,0,0,0,0,8,0.0
ENSG00000136541,0,0,0,0,0,0.0
ENSG00000136634,0,0,0,0,27,0.0
ENSG00000136694,0,16,0,0,25,0.0
ENSG00000136695,0,23,0,0,29,0.0
ENSG00000136696,0,24,0,0,9,0.0
ENSG00000136697,0,5,0,0,3,0.0
ENSG00000136698,0,0,0,0,3,0.0
ENSG00000136750,0,0,0,0,42,0.0
ENSG00000136834,0,0,0,0,0,0.0
ENSG00000136839,0,0,0,0,0,0.0
ENSG00000136918,8,0,15,0,10,0.0
ENSG00000136929,0,0,0,0,0,0.0
ENSG00000136939,0,51,0,0,0,0.0
ENSG00000137077,0,0,0,0,9,0.0
ENSG00000137080,0,0,0,0,0,0.0
ENSG00000137090,0,0,0,0,32,0.0
ENSG00000137203,0,0,0,0,95,0.0
ENSG00000137252,0,0,0,0,11,0.0
ENSG00000137440,0,0,0,0,23,0.0
ENSG00000137473,0,0,9,0,18,0.0
ENSG00000137573,0,0,0,0,21,0.0
ENSG00000137634,0,0,0,0,0,0.0
ENSG00000137672,0,4,0,1,0,0.0
ENSG00000137675,0,0,0,0,3,0.0
ENSG00000137691,0,0,7,0,11,0.0
ENSG00000137707,0,0,3,0,24,0.0
ENSG00000137726,0,0,0,0,94,0.0
ENSG00000137727,0,0,11,0,31,0.0
ENSG00000137747,0,0,0,0,42,0.0
ENSG00000137976,0,0,0,0,6,0.0
ENSG00000138039,0,0,0,0,27,0.0
ENSG00000138083,10,0,19,0,83,0.0
ENSG00000138135,0,0,19,0,59,0.0
ENSG00000138136,0,0,22,0,90,0.0
ENSG00000138395,0,0,0,0,3,0.0
ENSG00000138435,0,0,0,0,24,0.0
ENSG00000138472,0,0,0,0,0,0.0
ENSG00000138483,0,0,0,0,0,0.0
ENSG00000138622,0,0,11,0,50,0.0
ENSG00000138650,0,0,6,0,14,0.0
ENSG00000138653,0,0,0,0,0,0.0
ENSG00000138684,0,0,0,0,0,0.0
ENSG00000138738,0,2,6,0,14,0.0
ENSG00000138741,0,0,21,0,40,0.0
ENSG00000138755,0,0,0,0,14,0.0
ENSG00000138813,0,0,0,0,0,0.0
ENSG00000138892,0,0,0,0,27,0.0
ENSG00000138944,0,0,0,0,43,0.0
ENSG00000138964,0,0,0,0,16,0.0
ENSG00000139053,0,0,0,0,0,0.0
ENSG00000139144,0,0,0,2,0,0.0
ENSG00000139151,0,24,0,0,0,0.0
ENSG00000139174,0,0,16,0,57,0.0
ENSG00000139223,0,22,0,0,0,0.0
ENSG00000139329,0,0,0,0,0,0.0
ENSG00000139330,0,0,0,0,0,0.0
ENSG00000139352,0,0,14,0,81,0.0
ENSG00000139508,0,0,0,0,3,0.0
ENSG00000139567,0,0,0,0,43,0.0
ENSG00000139572,20,0,17,6,21,0.0
ENSG00000139610,0,0,0,0,6,0.0
ENSG00000139648,0,0,0,0,55,0.0
ENSG00000139656,0,0,0,0,0,0.0
ENSG00000139780,0,13,0,0,39,0.0
ENSG00000139797,14,0,0,27,0,0.0
ENSG00000139915,0,0,16,0,34,0.0
ENSG00000139973,0,0,0,0,0,0.0
ENSG00000140015,0,0,0,0,0,0.0
ENSG00000140030,0,0,0,0,0,0.0
ENSG00000140519,3,0,9,0,53,0.0
ENSG00000140538,0,0,0,0,18,0.0
ENSG00000140557,0,0,0,0,44,0.0
ENSG00000140600,0,0,3,0,17,0.0
ENSG00000140749,0,0,0,4,0,0.0
ENSG00000140835,0,0,0,0,80,0.0
ENSG00000140937,0,0,0,0,12,0.0
ENSG00000140968,0,0,9,0,75,0.0
ENSG00000140993,0,0,0,0,0,0.0
ENSG00000141052,0,0,0,0,47,0.0
ENSG00000141194,0,0,10,0,67,0.0
ENSG00000141200,0,54,0,0,0,0.0
ENSG00000141316,0,0,0,0,0,0.0
ENSG00000141431,0,0,16,0,20,0.0
ENSG00000141433,0,0,4,0,42,0.0
ENSG00000141469,0,0,0,0,6,0.0
ENSG00000141506,0,0,0,0,10,0.0
ENSG00000141579,0,0,0,0,0,0.0
ENSG00000141668,0,0,0,0,0,0.0
ENSG00000141750,0,0,13,0,77,0.0
ENSG00000141837,0,0,0,0,41,0.0
ENSG00000141946,0,8,0,0,7,0.0
ENSG00000141968,0,0,6,0,0,0.0
ENSG00000141977,0,9,0,0,4,0.0
ENSG00000142025,0,0,0,0,13,0.0
ENSG00000142224,0,0,0,0,3,0.0
ENSG00000142408,0,0,0,0,46,0.0
ENSG00000142511,0,0,0,0,18,0.0
ENSG00000142512,0,0,0,0,11,0.0
ENSG00000142515,0,0,0,0,23,0.0
ENSG00000142530,0,0,0,0,11,0.0
ENSG00000142538,0,0,11,0,85,0.0
ENSG00000142615,0,0,0,0,11,0.0
ENSG00000142619,0,0,0,0,37,0.0
ENSG00000142621,0,0,8,0,68,0.0
ENSG00000142748,0,0,0,0,47,0.0
ENSG00000143001,4,0,11,0,66,0.0
ENSG00000143006,0,0,0,0,21,0.0
ENSG00000143105,0,0,0,0,13,0.0
ENSG00000143119,0,6,0,0,4,0.0
ENSG00000143140,0,0,0,0,24,0.0
ENSG00000143167,0,0,0,0,29,0.0
ENSG00000143171,0,0,0,0,11,0.0
ENSG00000143194,0,0,0,0,0,0.0
ENSG00000143297,0,0,0,0,0,0.0
ENSG00000143340,0,0,17,0,51,0.0
ENSG00000143452,0,0,0,0,9,0.0
ENSG00000143469,0,0,0,0,0,0.0
ENSG00000143473,0,0,11,0,15,0.0
ENSG00000143502,0,0,21,0,40,0.0
ENSG00000143520,0,28,0,0,0,0.0
ENSG00000143536,0,0,0,0,11,0.0
ENSG00000143546,0,0,0,0,17,0.0
ENSG00000143556,0,0,0,0,20,0.0
ENSG00000143674,0,0,0,0,0,0.0
ENSG00000143858,0,0,11,0,81,0.0
ENSG00000143954,0,0,0,0,3,0.0
ENSG00000144015,0,0,0,0,2,0.0
ENSG00000144057,0,0,7,0,4,0.0
ENSG00000144115,0,6,0,0,48,0.0
ENSG00000144119,0,0,0,0,66,0.0
ENSG00000144191,0,0,0,0,47,0.0
ENSG00000144227,0,0,17,0,55,0.0
ENSG00000144229,0,0,0,0,31,0.0
ENSG00000144230,13,0,38,0,58,0.0
ENSG00000144339,0,0,13,0,43,0.0
ENSG00000144406,0,0,9,0,0,0.0
ENSG00000144583,0,0,6,0,40,0.0
ENSG00000144771,0,0,0,0,0,0.0
ENSG00000144820,0,0,0,8,0,0.0
ENSG00000144847,0,0,0,0,0,0.0
ENSG00000144868,0,0,0,0,23,0.0
ENSG00000144962,0,0,0,0,0,0.0
ENSG00000145087,0,0,14,0,13,0.0
ENSG00000145242,0,0,8,0,23,0.0
ENSG00000145247,0,0,0,0,0,0.0
ENSG00000145284,0,0,10,0,48,0.0
ENSG00000145309,0,0,0,0,0,0.0
ENSG00000145335,0,0,0,0,21,0.0
ENSG00000145358,0,0,7,0,31,0.0
ENSG00000145423,0,0,0,0,32,0.0
ENSG00000145428,0,0,0,0,27,0.0
ENSG00000145451,0,11,0,0,0,0.0
ENSG00000145526,0,0,0,0,0,0.0
ENSG00000145626,0,0,0,0,0,0.0
ENSG00000145642,0,0,11,0,37,0.0
ENSG00000145649,0,0,0,0,0,0.0
ENSG00000145681,6,0,10,0,14,0.0
ENSG00000145721,0,0,0,0,0,0.0
ENSG00000145777,0,0,7,0,56,0.0
ENSG00000145794,0,0,7,0,19,0.0
ENSG00000145808,0,0,4,0,11,0.0
ENSG00000145824,0,0,0,0,30,0.0
ENSG00000145839,0,0,0,0,14,0.0
ENSG00000145861,0,0,6,0,45,0.0
ENSG00000145888,0,0,0,0,0,0.0
ENSG00000145934,0,0,0,0,0,0.0
ENSG00000145936,0,0,0,0,55,0.0
ENSG00000145975,0,0,0,0,12,0.0
ENSG00000146006,0,0,0,0,0,0.0
ENSG00000146047,0,0,0,0,0,0.0
ENSG00000146070,0,0,14,0,39,0.0
ENSG00000146151,0,0,4,0,10,0.0
ENSG00000146197,0,0,17,0,72,0.0
ENSG00000146352,0,0,4,0,10,0.0
ENSG00000146360,0,0,0,0,0,0.0
ENSG00000146374,0,0,19,0,41,0.0
ENSG00000146378,0,0,0,0,0,0.0
ENSG00000146399,0,0,0,0,0,0.0
ENSG00000146618,0,13,0,0,3,0.0
ENSG00000146809,0,0,0,0,0,0.0
ENSG00000146926,0,0,0,0,50,0.0
ENSG00000147027,0,14,0,0,0,0.0
ENSG00000147081,0,0,0,0,0,0.0
ENSG00000147113,0,0,0,0,0,0.0
ENSG00000147117,0,0,0,0,0,0.0
ENSG00000147127,0,0,0,0,0,0.0
ENSG00000147138,0,0,0,0,0,0.0
ENSG00000147145,0,0,0,0,0,0.0
ENSG00000147160,0,0,0,0,0,0.0
ENSG00000147183,0,0,0,0,0,0.0
ENSG00000147234,0,0,0,0,3,0.0
ENSG00000147256,0,0,0,0,8,0.0
ENSG00000147378,0,0,0,0,0,0.0
ENSG00000147380,0,0,0,0,0,0.0
ENSG00000147381,0,0,0,0,0,0.0
ENSG00000147481,0,36,4,0,4,0.0
ENSG00000147570,0,0,6,0,0,0.0
ENSG00000147571,0,0,10,0,0,0.0
ENSG00000147588,0,0,0,0,0,0.0
ENSG00000147596,0,0,0,0,0,0.0
ENSG00000147613,0,0,0,0,0,0.0
ENSG00000147655,0,0,0,0,15,0.0
ENSG00000147697,0,11,0,0,0,0.0
ENSG00000147724,0,0,0,0,31,0.0
ENSG00000147885,0,0,0,0,0,0.0
ENSG00000147896,0,0,9,0,26,0.0
ENSG00000148053,0,0,0,0,23,0.0
ENSG00000148136,0,0,0,0,0,0.0
ENSG00000148215,0,0,0,0,0,0.0
ENSG00000148288,0,0,0,0,10,0.0
ENSG00000148386,0,0,0,0,55,0.0
ENSG00000148488,0,11,4,0,23,0.0
ENSG00000148513,0,0,0,0,0,0.0
ENSG00000148602,0,0,9,0,40,0.0
ENSG00000148704,0,0,8,0,56,0.0
ENSG00000148734,0,0,13,0,57,0.0
ENSG00000148826,0,0,4,0,20,0.0
ENSG00000148848,0,0,0,0,18,0.0
ENSG00000148942,0,0,0,0,0,0.0
ENSG00000148948,0,0,0,0,5,0.0
ENSG00000149021,0,0,14,0,47,0.0
ENSG00000149054,0,0,0,0,27,0.0
ENSG00000149090,0,0,0,0,19,0.0
ENSG00000149124,0,0,0,0,0,0.0
ENSG00000149133,0,32,0,0,0,0.0
ENSG00000149443,0,0,0,0,18,0.0
ENSG00000149451,0,0,15,0,87,0.0
ENSG00000149507,0,0,0,0,0,0.0
ENSG00000149516,0,0,0,0,19,0.0
ENSG00000149534,0,0,0,0,0,0.0
ENSG00000149571,0,0,0,0,60,0.0
ENSG00000149635,0,0,0,0,24,0.0
ENSG00000149651,0,0,0,0,0,0.0
ENSG00000149654,0,0,24,0,96,0.0
ENSG00000149926,23,0,19,0,25,0.0
ENSG00000149970,0,0,11,0,0,0.0
ENSG00000149972,0,0,10,0,15,0.0
ENSG00000150048,0,0,0,0,7,0.0
ENSG00000150165,0,0,0,0,0,0.0
ENSG00000150201,0,0,0,0,16,0.0
ENSG00000150244,3,61,0,3,7,0.0
ENSG00000150261,0,28,0,0,0,0.0
ENSG00000150269,0,34,0,0,0,0.0
ENSG00000150275,0,0,4,0,5,0.0
ENSG00000150337,0,0,0,0,0,0.0
ENSG00000150394,0,0,0,0,22,0.0
ENSG00000150551,0,0,0,0,44,0.0
ENSG00000150556,0,0,14,0,62,0.0
ENSG00000150627,0,0,0,0,3,0.0
ENSG00000150628,0,0,10,0,9,0.0
ENSG00000150630,0,0,14,0,24,0.0
ENSG00000150681,0,0,0,0,0,0.0
ENSG00000151005,0,0,0,0,8,0.0
ENSG00000151025,0,0,8,0,3,0.0
ENSG00000151150,0,0,15,0,40,0.0
ENSG00000151322,0,0,24,0,71,0.0
ENSG00000151379,0,0,0,0,26,0.0
ENSG00000151418,0,0,0,0,0,0.0
ENSG00000151475,0,0,0,0,0,0.0
ENSG00000151577,0,0,0,0,0,0.0
ENSG00000151615,0,0,0,0,9,0.0
ENSG00000151617,0,0,4,0,22,0.0
ENSG00000151650,0,0,0,0,55,0.0
ENSG00000151702,0,0,0,0,53,0.0
ENSG00000151704,0,0,0,0,13,0.0
ENSG00000151789,0,0,0,0,4,0.0
ENSG00000151838,0,0,0,0,0,0.0
ENSG00000151892,0,0,4,0,21,0.0
ENSG00000151952,0,0,0,0,20,0.0
ENSG00000152034,0,0,0,0,19,0.0
ENSG00000152086,0,0,2,0,0,0.0
ENSG00000152092,0,0,0,0,17,0.0
ENSG00000152093,0,0,0,0,0,0.0
ENSG00000152207,0,0,0,0,0,0.0
ENSG00000152208,0,0,0,0,8,0.0
ENSG00000152214,0,0,0,0,0,0.0
ENSG00000152254,0,0,0,0,8,0.0
ENSG00000152266,0,0,0,0,0,0.0
ENSG00000152430,0,0,0,0,0,0.0
ENSG00000152467,0,69,3,0,0,0.0
ENSG00000152495,0,0,14,0,25,0.0
ENSG00000152578,0,0,0,0,7,0.0
ENSG00000152591,0,0,0,0,0,0.0
ENSG00000152592,0,0,0,0,0,0.0
ENSG00000152611,0,0,0,0,0,0.0
ENSG00000152760,0,0,0,0,0,0.0
ENSG00000152766,0,0,0,0,0,0.0
ENSG00000152910,0,5,0,0,0,0.0
ENSG00000152936,0,0,0,0,3,0.0
ENSG00000152953,0,0,0,0,11,0.0
ENSG00000152969,0,6,11,0,48,0.0
ENSG00000152977,0,0,0,0,21,0.0
ENSG00000153230,0,94,0,0,0,0.0
ENSG00000153233,0,0,3,0,11,0.0
ENSG00000153246,0,2,11,0,38,0.0
ENSG00000153266,0,0,0,0,68,0.0
ENSG00000153347,0,0,0,0,4,0.0
ENSG00000153498,0,0,0,0,28,0.0
ENSG00000153779,0,0,0,0,0,0.0
ENSG00000153814,0,0,17,0,31,0.0
ENSG00000153820,0,0,0,0,9,0.0
ENSG00000153822,0,86,0,0,0,0.0
ENSG00000153898,0,0,5,0,23,0.0
ENSG00000153956,0,0,12,0,11,0.0
ENSG00000153993,0,0,12,0,30,0.0
ENSG00000154007,0,0,0,0,0,0.0
ENSG00000154027,0,0,14,0,51,0.0
ENSG00000154118,0,5,6,0,76,0.0
ENSG00000154143,0,0,0,0,24,0.0
ENSG00000154162,0,0,3,0,0,0.0
ENSG00000154165,0,0,0,0,4,0.0
ENSG00000154175,0,0,0,0,0,0.0
ENSG00000154188,0,0,0,0,12,0.0
ENSG00000154227,0,0,0,0,0,0.0
ENSG00000154319,0,0,0,0,59,0.0
ENSG00000154342,0,0,4,0,58,0.0
ENSG00000154415,0,0,0,0,0,0.0
ENSG00000154438,0,0,0,0,0,0.0
ENSG00000154478,0,0,0,0,29,0.0
ENSG00000154611,0,0,0,0,0,0.0
ENSG00000154646,0,74,0,0,0,0.0
ENSG00000154654,0,0,10,0,13,0.0
ENSG00000154678,0,0,4,0,46,0.0
ENSG00000154764,0,0,8,0,63,0.0
ENSG00000154822,0,0,0,0,6,0.0
ENSG00000154975,0,19,0,0,3,0.0
ENSG00000154997,0,0,0,0,0,0.0
ENSG00000155011,0,0,0,0,0,0.0
ENSG00000155052,0,0,0,0,0,0.0
ENSG00000155249,0,0,0,0,0,0.0
ENSG00000155265,0,0,9,0,33,0.0
ENSG00000155495,0,30,0,0,0,0.0
ENSG00000155511,0,0,0,0,15,0.0
ENSG00000155622,0,0,0,0,0,0.0
ENSG00000155659,0,0,0,0,0,0.0
ENSG00000155754,0,0,0,0,0,0.0
ENSG00000155761,0,0,0,0,0,0.0
ENSG00000155816,0,24,0,0,0,0.0
ENSG00000155833,0,0,0,0,0,0.0
ENSG00000155897,0,0,0,0,9,0.0
ENSG00000155918,0,0,0,0,39,0.0
ENSG00000155926,0,0,0,0,47,0.0
ENSG00000155966,0,0,8,0,13,0.0
ENSG00000156113,0,0,0,0,24,0.0
ENSG00000156140,5,0,18,0,26,0.0
ENSG00000156150,0,0,0,0,39,0.0
ENSG00000156219,0,0,0,0,6,0.0
ENSG00000156234,0,0,0,0,5,0.0
ENSG00000156269,0,0,0,0,0,0.0
ENSG00000156282,0,97,0,0,0,0.0
ENSG00000156284,0,91,0,0,0,0.0
ENSG00000156345,0,0,0,0,0,0.0
ENSG00000156414,0,0,0,0,3,0.0
ENSG00000156466,0,0,16,0,63,0.0
ENSG00000156486,0,0,10,0,39,0.0
ENSG00000156564,0,0,11,0,49,0.0
ENSG00000156574,0,0,0,0,4,0.0
ENSG00000156575,0,0,0,0,3,0.0
ENSG00000156687,0,57,0,0,0,0.0
ENSG00000156689,0,0,4,0,16,0.0
ENSG00000156885,0,0,0,0,13,0.0
ENSG00000156886,0,0,0,0,13,0.0
ENSG00000156920,0,0,0,0,0,0.0
ENSG00000156925,0,0,0,0,3,0.0
ENSG00000157005,0,0,0,0,4,0.0
ENSG00000157060,0,0,0,0,7,0.0
ENSG00000157064,0,0,0,0,10,0.0
ENSG00000157119,0,0,0,0,41,0.0
ENSG00000157219,0,0,0,0,3,0.0
ENSG00000157330,0,23,0,0,5,0.0
ENSG00000157358,0,0,0,0,0,0.0
ENSG00000157542,0,0,3,0,5,0.0
ENSG00000157570,0,0,13,0,39,0.0
ENSG00000157613,0,0,2,0,90,0.0
ENSG00000157765,0,0,10,0,30,0.0
ENSG00000157766,0,0,0,0,47,0.0
ENSG00000157884,0,0,0,0,74,0.0
ENSG00000157890,0,0,19,0,87,0.0
ENSG00000157950,0,0,0,0,0,0.0
ENSG00000158014,0,0,3,0,77,0.0
ENSG00000158022,0,0,0,0,60,0.0
ENSG00000158050,0,0,9,0,72,0.0
ENSG00000158077,9,0,13,4,6,0.0
ENSG00000158089,0,0,0,0,32,0.0
ENSG00000158125,5,13,4,0,6,0.0
ENSG00000158164,0,0,5,0,0,0.0
ENSG00000158258,0,0,12,0,18,0.0
ENSG00000158458,0,0,21,0,55,0.0
ENSG00000158473,0,0,7,0,32,0.0
ENSG00000158477,0,0,0,0,0,0.0
ENSG00000158481,0,83,0,0,0,0.0
ENSG00000158485,0,39,0,0,0,0.0
ENSG00000158488,0,33,0,0,0,0.0
ENSG00000158497,0,0,0,0,15,0.0
ENSG00000158578,0,0,0,0,0,0.0
ENSG00000158639,0,0,0,0,0,0.0
ENSG00000158714,0,0,0,0,32,0.0
ENSG00000158716,0,0,0,0,0,0.0
ENSG00000158764,0,0,0,0,9,0.0
ENSG00000158816,0,0,0,0,55,0.0
ENSG00000158901,0,0,0,0,18,0.0
ENSG00000159182,0,0,4,0,75,0.0
ENSG00000159184,0,0,11,0,89,0.0
ENSG00000159212,0,0,17,0,48,0.0
ENSG00000159231,0,0,15,0,55,0.0
ENSG00000159248,0,0,5,0,38,0.0
ENSG00000159387,0,0,0,0,45,0.0
ENSG00000159450,0,0,10,0,45,0.0
ENSG00000159455,0,0,0,0,8,0.0
ENSG00000159496,0,0,0,0,0,0.0
ENSG00000159516,0,0,0,0,0,0.0
ENSG00000159527,0,0,0,0,10,0.0
ENSG00000159763,0,0,0,0,3,0.0
ENSG00000159871,13,5,13,0,4,0.0
ENSG00000159961,0,0,0,0,6,0.0
ENSG00000160013,0,0,14,0,44,0.0
ENSG00000160224,0,0,0,0,59,0.0
ENSG00000160307,0,0,8,0,50,0.0
ENSG00000160321,0,96,0,0,0,0.0
ENSG00000160339,0,0,0,0,44,0.0
ENSG00000160505,0,0,0,0,9,0.0
ENSG00000160683,0,0,3,0,45,0.0
ENSG00000160791,0,0,0,0,10,0.0
ENSG00000160856,0,0,0,0,3,0.0
ENSG00000160882,0,0,0,0,17,0.0
ENSG00000160994,0,0,0,0,0,0.0
ENSG00000161281,0,0,0,0,0,0.0
ENSG00000161405,0,0,4,0,59,0.0
ENSG00000161572,0,0,5,0,11,0.0
ENSG00000161609,0,0,0,0,13,0.0
ENSG00000161610,12,0,30,0,31,0.0
ENSG00000161634,0,0,0,0,38,0.0
ENSG00000161643,0,0,0,0,12,0.0
ENSG00000161649,0,0,3,0,47,0.0
ENSG00000161652,0,8,0,0,9,0.0
ENSG00000161681,0,0,4,0,57,0.0
ENSG00000161798,0,0,12,0,40,0.0
ENSG00000161807,0,0,0,0,0,0.0
ENSG00000161849,0,0,0,0,34,0.0
ENSG00000161850,0,0,0,0,17,0.0
ENSG00000161911,0,0,0,0,14,0.0
ENSG00000161929,0,3,8,0,35,0.0
ENSG00000161940,26,0,25,0,16,0.0
ENSG00000161973,0,0,19,0,32,0.0
ENSG00000162040,0,0,1,0,79,0.0
ENSG00000162365,0,0,0,0,3,0.0
ENSG00000162374,0,0,0,0,0,0.0
ENSG00000162398,0,0,3,0,3,0.0
ENSG00000162438,0,0,0,0,16,0.0
ENSG00000162456,5,0,10,0,22,0.0
ENSG00000162493,0,0,0,0,57,0.0
ENSG00000162494,0,2,0,0,43,0.0
ENSG00000162552,0,0,11,0,81,0.0
ENSG00000162592,1,0,7,0,65,0.0
ENSG00000162595,0,0,0,0,14,0.0
ENSG00000162618,0,76,0,0,0,0.0
ENSG00000162621,0,0,0,0,0,0.0
ENSG00000162624,0,0,0,0,77,0.0
ENSG00000162630,0,0,0,0,0,0.0
ENSG00000162670,0,0,0,0,33,0.0
ENSG00000162706,0,0,0,0,12,0.0
ENSG00000162722,0,0,0,0,3,0.0
ENSG00000162727,0,97,0,0,0,0.0
ENSG00000162728,4,0,4,0,3,0.0
ENSG00000162745,0,6,14,0,59,0.0
ENSG00000162747,0,0,0,0,0,0.0
ENSG00000162761,0,0,0,0,0,0.0
ENSG00000162763,0,0,0,0,13,0.0
ENSG00000162777,0,0,0,0,0,0.0
ENSG00000162782,0,0,0,0,5,0.0
ENSG00000162877,0,0,0,0,10,0.0
ENSG00000162888,0,0,0,0,0,0.0
ENSG00000162892,0,0,0,0,47,0.0
ENSG00000162897,0,0,0,0,15,0.0
ENSG00000162944,0,0,0,0,0,0.0
ENSG00000162951,0,0,6,0,44,0.0
ENSG00000162992,0,0,0,0,51,0.0
ENSG00000163012,0,0,7,0,23,0.0
ENSG00000163046,0,86,0,0,0,0.0
ENSG00000163060,0,0,3,0,51,0.0
ENSG00000163064,0,0,3,0,88,0.0
ENSG00000163081,0,0,11,0,98,0.0
ENSG00000163082,0,0,0,0,24,0.0
ENSG00000163106,0,0,0,0,0,0.0
ENSG00000163114,0,74,0,0,0,0.0
ENSG00000163145,0,0,0,0,3,0.0
ENSG00000163154,0,0,0,0,0,0.0
ENSG00000163202,0,0,0,0,0,0.0
ENSG00000163206,0,0,0,0,0,0.0
ENSG00000163209,0,0,0,0,0,0.0
ENSG00000163216,0,0,0,0,0,0.0
ENSG00000163217,0,0,0,0,13,0.0
ENSG00000163218,0,0,0,0,23,0.0
ENSG00000163219,0,0,4,0,11,0.0
ENSG00000163221,0,0,0,0,4,0.0
ENSG00000163239,0,7,6,0,28,0.0
ENSG00000163273,4,0,35,0,89,0.0
ENSG00000163283,0,0,0,0,71,0.0
ENSG00000163288,0,0,3,0,17,0.0
ENSG00000163380,0,0,0,0,3,0.0
ENSG00000163394,0,0,0,0,20,0.0
ENSG00000163421,0,0,6,0,44,0.0
ENSG00000163424,0,0,0,0,0,0.0
ENSG00000163431,7,0,18,0,36,0.0
ENSG00000163440,0,0,0,0,5,0.0
ENSG00000163464,0,0,0,0,50,0.0
ENSG00000163492,0,0,0,0,4,0.0
ENSG00000163497,0,0,11,0,91,0.0
ENSG00000163518,0,0,0,0,0,0.0
ENSG00000163519,0,0,0,0,0,0.0
ENSG00000163530,0,0,0,0,0,0.0
ENSG00000163534,0,0,0,0,2,0.0
ENSG00000163554,0,17,0,0,0,0.0
ENSG00000163563,0,76,0,0,0,0.0
ENSG00000163568,0,0,0,0,0,0.0
ENSG00000163618,0,0,0,0,7,0.0
ENSG00000163623,0,0,10,0,69,0.0
ENSG00000163629,0,0,9,0,19,0.0
ENSG00000163630,0,0,0,0,0,0.0
ENSG00000163632,0,0,0,0,0,0.0
ENSG00000163646,0,0,0,0,6,0.0
ENSG00000163673,0,0,0,0,0,0.0
ENSG00000163705,0,0,0,0,0,0.0
ENSG00000163736,0,0,0,0,1,0.0
ENSG00000163737,0,0,0,0,10,0.0
ENSG00000163751,0,0,0,0,7,0.0
ENSG00000163823,0,0,0,0,4,0.0
ENSG00000163833,0,0,0,0,4,0.0
ENSG00000163873,0,0,0,0,42,0.0
ENSG00000163914,0,0,0,0,0,0.0
ENSG00000163982,0,0,19,0,57,0.0
ENSG00000164035,0,0,0,0,0,0.0
ENSG00000164047,6,0,0,0,28,0.0
ENSG00000164093,0,0,0,0,55,0.0
ENSG00000164100,0,0,8,0,22,0.0
ENSG00000164106,0,0,0,0,0,0.0
ENSG00000164107,0,0,0,0,68,0.0
ENSG00000164112,0,0,7,0,51,0.0
ENSG00000164113,0,0,0,0,0,0.0
ENSG00000164114,0,0,0,0,3,0.0
ENSG00000164116,0,0,10,0,21,0.0
ENSG00000164122,0,0,0,0,6,0.0
ENSG00000164128,0,0,0,0,0,0.0
ENSG00000164129,0,0,0,0,0,0.0
ENSG00000164161,0,0,8,0,26,0.0
ENSG00000164220,0,0,0,0,0,0.0
ENSG00000164256,7,0,16,0,8,0.0
ENSG00000164265,0,0,0,0,0,0.0
ENSG00000164270,0,5,0,0,0,0.0
ENSG00000164283,0,0,0,0,0,0.0
ENSG00000164299,0,0,0,0,11,0.0
ENSG00000164303,0,0,0,0,19,0.0
ENSG00000164325,0,0,0,0,23,0.0
ENSG00000164326,0,0,0,0,21,0.0
ENSG00000164330,0,0,0,0,43,0.0
ENSG00000164363,0,0,0,0,64,0.0
ENSG00000164399,0,0,0,0,7,0.0
ENSG00000164400,0,0,3,0,37,0.0
ENSG00000164411,0,0,0,0,0,0.0
ENSG00000164434,0,0,0,0,16,0.0
ENSG00000164438,0,0,8,0,52,0.0
ENSG00000164440,0,0,0,0,7,0.0
ENSG00000164458,0,0,0,0,89,0.0
ENSG00000164483,0,0,18,0,16,0.0
ENSG00000164485,0,9,0,0,30,0.0
ENSG00000164500,0,0,0,0,0,0.0
ENSG00000164508,0,0,0,0,0,0.0
ENSG00000164530,0,0,0,0,53,0.0
ENSG00000164532,0,0,0,0,63,0.0
ENSG00000164588,0,4,0,0,0,0.0
ENSG00000164600,0,0,0,0,3,0.0
ENSG00000164604,3,0,5,0,9,0.0
ENSG00000164645,0,0,0,0,0,0.0
ENSG00000164691,0,0,0,0,65,0.0
ENSG00000164694,0,0,3,0,49,0.0
ENSG00000164729,0,0,0,0,0,0.0
ENSG00000164736,0,0,3,0,17,0.0
ENSG00000164743,0,0,0,0,14,0.0
ENSG00000164744,0,0,0,0,3,0.0
ENSG00000164756,0,0,0,0,16,0.0
ENSG00000164764,0,0,0,0,8,0.0
ENSG00000164778,0,0,0,0,71,0.0
ENSG00000164794,0,0,0,0,15,0.0
ENSG00000164816,0,0,0,0,0,0.0
ENSG00000164821,0,0,0,0,38,0.0
ENSG00000164822,0,4,0,0,27,0.0
ENSG00000164871,0,0,0,0,0,0.0
ENSG00000164893,0,15,5,0,5,0.0
ENSG00000164900,0,0,0,0,37,0.0
ENSG00000164929,0,0,9,0,59,0.0
ENSG00000164935,0,0,0,0,8,0.0
ENSG00000165023,0,0,0,0,3,0.0
ENSG00000165025,0,0,0,0,15,0.0
ENSG00000165061,0,0,0,0,21,0.0
ENSG00000165066,6,0,14,0,69,0.0
ENSG00000165076,0,0,0,0,0,0.0
ENSG00000165084,0,0,4,0,19,0.0
ENSG00000165131,0,0,0,0,40,0.0
ENSG00000165152,19,0,15,15,12,0.0
ENSG00000165164,0,9,0,0,0,0.0
ENSG00000165168,0,0,0,0,0,0.0
ENSG00000165181,0,0,0,0,0,0.0
ENSG00000165186,0,0,0,0,11,0.0
ENSG00000165192,0,0,0,0,0,0.0
ENSG00000165204,0,0,0,0,0,0.0
ENSG00000165300,0,0,21,0,34,0.0
ENSG00000165309,6,0,11,0,13,0.0
ENSG00000165323,0,0,0,0,0,0.0
ENSG00000165325,0,0,0,0,5,0.0
ENSG00000165349,0,0,0,0,35,0.0
ENSG00000165370,0,0,0,0,6,0.0
ENSG00000165379,0,0,16,0,66,0.0
ENSG00000165383,0,0,0,0,24,0.0
ENSG00000165409,3,0,12,0,27,0.0
ENSG00000165462,0,0,1,0,77,0.0
ENSG00000165495,0,0,15,0,70,0.0
ENSG00000165509,0,62,0,0,0,0.0
ENSG00000165566,0,0,0,0,11,0.0
ENSG00000165583,0,0,0,0,0,0.0
ENSG00000165584,0,0,0,0,0,0.0
ENSG00000165588,0,0,0,0,43,0.0
ENSG00000165606,0,0,5,0,49,0.0
ENSG00000165659,4,0,19,0,29,0.0
ENSG00000165682,0,0,0,0,3,0.0
ENSG00000165685,0,0,0,0,0,0.0
ENSG00000165762,0,0,0,0,0,0.0
ENSG00000165810,0,0,0,0,69,0.0
ENSG00000165887,0,0,0,0,0,0.0
ENSG00000165966,0,0,0,0,19,0.0
ENSG00000165995,0,0,9,0,19,0.0
ENSG00000166006,0,0,0,0,17,0.0
ENSG00000166069,0,0,0,0,0,0.0
ENSG00000166090,0,0,0,0,95,0.0
ENSG00000166091,0,0,0,0,88,0.0
ENSG00000166111,0,0,2,0,0,0.0
ENSG00000166118,0,0,0,0,18,0.0
ENSG00000166148,0,0,11,0,19,0.0
ENSG00000166152,0,0,0,0,24,0.0
ENSG00000166160,0,0,0,0,0,0.0
ENSG00000166183,0,0,6,0,33,0.0
ENSG00000166206,0,0,0,0,28,0.0
ENSG00000166211,0,0,0,0,17,0.0
ENSG00000166220,0,0,0,0,19,0.0
ENSG00000166250,0,0,0,0,59,0.0
ENSG00000166265,0,96,0,0,0,0.0
ENSG00000166292,0,0,0,0,12,0.0
ENSG00000166317,0,0,0,0,0,0.0
ENSG00000166329,0,0,0,0,50,0.0
ENSG00000166342,0,0,0,0,0,0.0
ENSG00000166351,0,0,0,0,0,0.0
ENSG00000166363,0,0,0,0,0,0.0
ENSG00000166368,0,0,0,0,0,0.0
ENSG00000166396,0,0,0,0,3,0.0
ENSG00000166428,0,0,3,0,41,0.0
ENSG00000166448,0,0,21,0,17,0.0
ENSG00000166523,0,9,0,0,4,0.0
ENSG00000166527,0,0,0,0,36,0.0
ENSG00000166573,0,0,0,0,20,0.0
ENSG00000166596,16,0,15,13,3,0.0
ENSG00000166603,0,4,0,0,0,0.0
ENSG00000166634,0,0,0,0,0,0.0
ENSG00000166748,0,12,0,0,0,0.0
ENSG00000166770,0,99,0,0,0,0.0
ENSG00000166796,0,0,0,7,0,0.0
ENSG00000166828,0,0,15,0,59,0.0
ENSG00000166856,0,0,0,0,0,0.0
ENSG00000166862,0,0,6,0,35,0.0
ENSG00000166884,0,0,0,0,0,0.0
ENSG00000166926,0,0,0,0,0,0.0
ENSG00000166927,0,0,0,0,12,0.0
ENSG00000166928,0,0,0,0,12,0.0
ENSG00000166930,0,0,0,0,0,0.0
ENSG00000166947,0,0,0,0,6,0.0
ENSG00000166948,0,0,0,0,17,0.0
ENSG00000166959,0,0,0,0,4,0.0
ENSG00000166961,0,0,0,0,45,0.0
ENSG00000167014,0,0,0,0,3,0.0
ENSG00000167083,0,0,0,0,85,0.0
ENSG00000167139,0,0,0,0,8,0.0
ENSG00000167178,0,0,4,0,0,0.0
ENSG00000167194,0,0,12,0,75,0.0
ENSG00000167210,0,0,0,0,0,0.0
ENSG00000167216,23,0,23,5,4,0.0
ENSG00000167230,0,0,0,0,0,0.0
ENSG00000167281,0,0,0,0,0,0.0
ENSG00000167332,0,0,0,0,4,0.0
ENSG00000167333,0,0,0,0,26,0.0
ENSG00000167346,0,0,0,0,9,0.0
ENSG00000167360,0,0,0,0,18,0.0
ENSG00000167414,3,0,23,0,59,0.0
ENSG00000167434,0,0,15,0,90,0.0
ENSG00000167459,0,0,0,0,12,0.0
ENSG00000167531,0,0,0,0,22,0.0
ENSG00000167580,1,0,1,0,41,0.0
ENSG00000167633,0,0,0,0,0,0.0
ENSG00000167634,0,0,0,0,0,0.0
ENSG00000167641,0,0,0,0,21,0.0
ENSG00000167654,0,0,0,0,6,0.0
ENSG00000167748,0,0,0,0,63,0.0
ENSG00000167749,0,0,6,0,33,0.0
ENSG00000167757,0,0,0,0,41,0.0
ENSG00000167768,0,0,0,0,41,0.0
ENSG00000167769,0,0,0,0,10,0.0
ENSG00000167791,0,0,0,0,32,0.0
ENSG00000167822,0,49,0,0,0,0.0
ENSG00000167825,0,5,0,0,0,0.0
ENSG00000167850,0,0,0,0,95,0.0
ENSG00000167916,0,0,0,0,25,0.0
ENSG00000167945,0,0,0,0,67,0.0
ENSG00000168004,0,0,0,0,30,0.0
ENSG00000168070,0,0,0,0,21,0.0
ENSG00000168079,0,0,4,0,12,0.0
ENSG00000168131,0,0,0,0,0,0.0
ENSG00000168135,0,0,23,0,70,0.0
ENSG00000168148,0,0,0,0,14,0.0
ENSG00000168158,0,0,0,0,17,0.0
ENSG00000168229,0,0,0,0,15,0.0
ENSG00000168263,0,0,0,0,0,0.0
ENSG00000168267,2,0,5,2,58,0.0
ENSG00000168269,0,0,0,0,23,0.0
ENSG00000168309,0,0,0,0,41,0.0
ENSG00000168314,0,0,0,0,8,0.0
ENSG00000168329,0,0,6,0,13,0.0
ENSG00000168333,0,0,0,0,0,0.0
ENSG00000168348,0,0,25,0,39,0.0
ENSG00000168367,0,0,0,0,87,0.0
ENSG00000168418,0,0,0,0,60,0.0
ENSG00000168454,0,0,0,0,0,0.0
ENSG00000168484,0,0,16,0,82,0.0
ENSG00000168505,0,0,42,0,86,0.0
ENSG00000168515,0,0,0,0,60,0.0
ENSG00000168530,0,0,0,0,0,0.0
ENSG00000168539,0,0,0,0,28,0.0
ENSG00000168546,0,0,0,0,28,0.0
ENSG00000168582,0,0,0,0,14,0.0
ENSG00000168589,4,11,11,0,11,0.0
ENSG00000168634,0,0,0,0,22,0.0
ENSG00000168671,0,0,5,0,10,0.0
ENSG00000168703,0,0,0,0,29,0.0
ENSG00000168746,13,0,17,14,0,0.0
ENSG00000168748,0,0,17,0,67,0.0
ENSG00000168754,0,0,0,0,6,0.0
ENSG00000168757,0,0,0,0,0,0.0
ENSG00000168828,0,0,0,0,12,0.0
ENSG00000168830,0,0,13,0,11,0.0
ENSG00000168875,0,0,11,0,85,0.0
ENSG00000168878,5,0,5,0,48,0.0
ENSG00000168903,0,0,0,0,0,0.0
ENSG00000168930,0,0,0,0,0,0.0
ENSG00000168955,0,0,0,0,24,0.0
ENSG00000168959,0,0,0,0,0,0.0
ENSG00000169006,0,0,10,0,65,0.0
ENSG00000169035,0,0,0,0,7,0.0
ENSG00000169064,0,0,5,0,0,0.0
ENSG00000169067,0,0,0,0,0,0.0
ENSG00000169071,0,0,12,0,50,0.0
ENSG00000169083,0,0,9,0,22,0.0
ENSG00000169126,5,0,13,0,64,0.0
ENSG00000169129,0,0,12,0,66,0.0
ENSG00000169154,0,0,0,0,17,0.0
ENSG00000169181,0,0,4,0,83,0.0
ENSG00000169208,0,0,0,0,25,0.0
ENSG00000169214,0,86,0,0,0,0.0
ENSG00000169218,0,0,8,0,92,0.0
ENSG00000169224,0,0,0,0,0,0.0
ENSG00000169255,0,0,0,0,0,0.0
ENSG00000169271,0,0,0,0,10,0.0
ENSG00000169291,0,6,6,0,27,0.0
ENSG00000169297,0,0,0,0,0,0.0
ENSG00000169302,0,0,2,0,20,0.0
ENSG00000169313,0,0,0,0,0,0.0
ENSG00000169327,0,0,0,0,1,0.0
ENSG00000169344,0,0,0,0,30,0.0
ENSG00000169393,0,0,0,0,15,0.0
ENSG00000169397,0,0,0,0,27,0.0
ENSG00000169413,0,0,0,0,0,0.0
ENSG00000169427,3,0,12,0,34,0.0
ENSG00000169436,0,0,0,0,37,0.0
ENSG00000169469,0,0,0,0,0,0.0
ENSG00000169474,0,0,0,0,3,0.0
ENSG00000169484,0,10,0,0,0,0.0
ENSG00000169488,0,0,0,0,0,0.0
ENSG00000169508,0,0,0,0,0,0.0
ENSG00000169515,8,0,18,0,5,0.0
ENSG00000169575,0,0,0,0,33,0.0
ENSG00000169594,0,0,0,0,20,0.0
ENSG00000169605,0,0,0,0,33,0.0
ENSG00000169618,4,0,12,0,68,0.0
ENSG00000169676,0,0,0,0,0,0.0
ENSG00000169688,0,0,6,0,54,0.0
ENSG00000169717,0,5,0,0,70,0.0
ENSG00000169760,0,0,0,0,14,0.0
ENSG00000169763,0,0,0,0,0,0.0
ENSG00000169789,0,0,0,0,0,0.0
ENSG00000169800,0,0,0,0,0,0.0
ENSG00000169807,0,0,0,0,0,0.0
ENSG00000169836,0,0,0,0,0,0.0
ENSG00000169840,0,0,24,0,69,0.0
ENSG00000169851,0,6,2,0,31,0.0
ENSG00000169877,0,0,10,0,44,0.0
ENSG00000169900,5,0,12,0,79,0.0
ENSG00000169906,0,0,0,3,0,0.0
ENSG00000169933,0,0,0,0,0,0.0
ENSG00000169946,0,0,15,0,12,0.0
ENSG00000169953,0,0,0,0,0,0.0
ENSG00000170044,0,0,0,0,0,0.0
ENSG00000170128,0,0,0,0,7,0.0
ENSG00000170162,0,0,17,0,65,0.0
ENSG00000170178,0,0,11,0,98,0.0
ENSG00000170255,0,0,0,0,23,0.0
ENSG00000170289,0,0,0,0,0,0.0
ENSG00000170298,0,0,0,0,0,0.0
ENSG00000170323,0,0,0,0,0,0.0
ENSG00000170374,9,0,19,0,42,0.0
ENSG00000170381,0,0,0,0,9,0.0
ENSG00000170382,0,0,0,0,38,0.0
ENSG00000170390,0,0,9,0,14,0.0
ENSG00000170419,0,0,10,0,26,0.0
ENSG00000170423,0,0,0,0,45,0.0
ENSG00000170442,5,0,3,0,48,0.0
ENSG00000170477,0,0,0,0,35,0.0
ENSG00000170484,0,0,0,0,73,0.0
ENSG00000170486,0,0,0,0,38,0.0
ENSG00000170516,0,0,0,0,0,0.0
ENSG00000170523,0,0,0,0,60,0.0
ENSG00000170549,0,0,0,0,10,0.0
ENSG00000170561,0,15,0,0,18,0.0
ENSG00000170577,0,0,20,0,67,0.0
ENSG00000170605,0,0,0,0,0,0.0
ENSG00000170613,0,0,0,0,48,0.0
ENSG00000170616,8,0,39,0,57,0.0
ENSG00000170624,0,0,0,0,0,0.0
ENSG00000170627,0,0,0,0,5,0.0
ENSG00000170683,0,14,0,0,3,0.0
ENSG00000170689,0,0,0,0,95,0.0
ENSG00000170743,0,0,0,0,21,0.0
ENSG00000170748,0,0,0,0,4,0.0
ENSG00000170782,0,0,0,0,0,0.0
ENSG00000170788,0,0,0,0,0,0.0
ENSG00000170790,0,0,0,0,0,0.0
ENSG00000170803,0,0,0,0,0,0.0
ENSG00000170807,0,0,0,0,0,0.0
ENSG00000170819,0,0,0,0,16,0.0
ENSG00000170820,0,5,0,0,0,0.0
ENSG00000170837,0,0,3,0,41,0.0
ENSG00000170848,0,0,0,0,0,0.0
ENSG00000170866,0,0,0,0,20,0.0
ENSG00000170891,0,0,0,0,59,0.0
ENSG00000170920,0,0,0,0,0,0.0
ENSG00000170923,0,5,0,0,0,0.0
ENSG00000170925,0,0,0,0,0,0.0
ENSG00000170935,0,0,17,0,24,0.0
ENSG00000170948,16,39,16,11,0,0.0
ENSG00000170950,0,0,0,0,0,0.0
ENSG00000170953,0,0,0,0,0,0.0
ENSG00000170955,0,0,0,0,32,0.0
ENSG00000170961,0,0,9,0,23,0.0
ENSG00000170967,0,27,0,0,0,0.0
ENSG00000170989,0,0,18,0,28,0.0
ENSG00000171014,0,43,0,0,0,0.0
ENSG00000171044,0,0,0,0,13,0.0
ENSG00000171049,0,10,0,0,3,0.0
ENSG00000171053,0,0,0,0,2,0.0
ENSG00000171054,0,0,0,0,0,0.0
ENSG00000171060,0,0,0,0,0,0.0
ENSG00000171094,0,0,0,0,12,0.0
ENSG00000171101,0,0,0,0,20,0.0
ENSG00000171115,0,0,0,0,56,0.0
ENSG00000171133,0,0,0,0,11,0.0
ENSG00000171180,0,45,0,0,0,0.0
ENSG00000171189,0,15,0,0,10,0.0
ENSG00000171199,0,0,0,0,0,0.0
ENSG00000171201,0,0,0,0,0,0.0
ENSG00000171217,0,0,0,0,0,0.0
ENSG00000171243,0,0,0,0,0,0.0
ENSG00000171396,0,0,0,0,10,0.0
ENSG00000171405,0,0,0,0,3,0.0
ENSG00000171408,0,0,0,0,3,0.0
ENSG00000171446,0,0,7,0,42,0.0
ENSG00000171459,0,1,0,0,0,0.0
ENSG00000171476,0,0,0,0,16,0.0
ENSG00000171478,0,0,0,0,0,0.0
ENSG00000171484,0,0,0,0,0,0.0
ENSG00000171489,15,0,12,10,0,0.0
ENSG00000171501,0,0,0,0,4,0.0
ENSG00000171505,0,0,0,0,8,0.0
ENSG00000171509,0,0,0,0,0,0.0
ENSG00000171517,0,0,0,0,21,0.0
ENSG00000171532,0,0,8,0,82,0.0
ENSG00000171540,0,0,6,0,64,0.0
ENSG00000171551,0,0,9,0,78,0.0
ENSG00000171561,0,0,0,0,9,0.0
ENSG00000171587,0,1,0,0,9,0.0
ENSG00000171596,0,0,11,0,53,0.0
ENSG00000171657,0,0,0,0,0,0.0
ENSG00000171659,0,0,0,0,0,0.0
ENSG00000171711,0,0,0,0,0,0.0
ENSG00000171722,0,0,0,0,0,0.0
ENSG00000171724,0,0,7,0,47,0.0
ENSG00000171757,0,8,13,0,9,0.0
ENSG00000171772,0,21,0,0,0,0.0
ENSG00000171773,0,0,0,0,24,0.0
ENSG00000171777,0,0,0,0,13,0.0
ENSG00000171794,0,0,0,0,58,0.0
ENSG00000171815,0,0,3,0,15,0.0
ENSG00000171819,0,0,0,0,0,0.0
ENSG00000171855,0,0,0,0,3,0.0
ENSG00000171860,0,0,0,0,6,0.0
ENSG00000171864,9,0,12,5,40,0.0
ENSG00000171872,0,0,0,0,25,0.0
ENSG00000171936,0,6,0,0,0,0.0
ENSG00000171944,0,0,0,0,5,0.0
ENSG00000171956,0,0,17,0,78,0.0
ENSG00000171987,0,0,0,0,42,0.0
ENSG00000171989,0,0,0,0,0,0.0
ENSG00000172014,0,0,0,0,0,0.0
ENSG00000172020,0,0,0,0,6,0.0
ENSG00000172023,0,0,0,0,0,0.0
ENSG00000172139,0,0,7,0,0,0.0
ENSG00000172146,0,0,0,0,0,0.0
ENSG00000172148,0,0,0,0,6,0.0
ENSG00000172150,0,7,0,0,7,0.0
ENSG00000172154,0,6,0,0,0,0.0
ENSG00000172156,0,6,0,0,0,0.0
ENSG00000172179,0,32,0,0,0,0.0
ENSG00000172188,0,46,0,0,0,0.0
ENSG00000172199,0,15,0,0,0,0.0
ENSG00000172208,0,9,0,0,0,0.0
ENSG00000172209,0,0,0,0,0,0.0
ENSG00000172215,0,0,0,0,0,0.0
ENSG00000172238,0,0,7,0,42,0.0
ENSG00000172243,0,0,0,0,7,0.0
ENSG00000172283,0,0,0,0,0,0.0
ENSG00000172288,0,0,0,0,0,0.0
ENSG00000172289,0,0,0,0,0,0.0
ENSG00000172320,0,0,0,0,0,0.0
ENSG00000172324,0,0,0,0,0,0.0
ENSG00000172350,0,0,18,0,67,0.0
ENSG00000172352,0,0,0,0,0,0.0
ENSG00000172365,0,0,0,0,0,0.0
ENSG00000172377,0,0,0,0,22,0.0
ENSG00000172381,4,12,0,4,7,0.0
ENSG00000172404,14,0,15,14,11,0.0
ENSG00000172410,0,0,0,0,4,0.0
ENSG00000172421,0,0,0,0,9,0.0
ENSG00000172457,0,0,0,0,0,0.0
ENSG00000172459,0,0,0,0,0,0.0
ENSG00000172464,0,9,0,0,0,0.0
ENSG00000172468,0,0,0,0,0,0.0
ENSG00000172487,0,12,0,0,0,0.0
ENSG00000172489,0,57,0,0,0,0.0
ENSG00000172538,0,0,0,0,31,0.0
ENSG00000172548,0,0,6,0,44,0.0
ENSG00000172551,0,0,0,0,0,0.0
ENSG00000172554,0,0,0,0,40,0.0
ENSG00000172568,0,0,0,0,0,0.0
ENSG00000172640,0,13,0,0,6,0.0
ENSG00000172673,0,0,0,0,0,0.0
ENSG00000172680,0,0,0,0,33,0.0
ENSG00000172689,0,0,0,0,13,0.0
ENSG00000172742,0,0,0,0,6,0.0
ENSG00000172769,0,0,0,0,0,0.0
ENSG00000172772,0,7,0,0,4,0.0
ENSG00000172774,0,0,0,0,0,0.0
ENSG00000172789,0,0,10,0,68,0.0
ENSG00000172867,0,0,0,0,43,0.0
ENSG00000172935,0,0,17,0,57,0.0
ENSG00000172938,0,0,0,0,35,0.0
ENSG00000172967,0,0,4,0,0,0.0
ENSG00000173040,13,0,24,0,9,0.0
ENSG00000173068,0,0,10,0,45,0.0
ENSG00000173077,0,0,0,0,0,0.0
ENSG00000173093,0,0,6,0,52,0.0
ENSG00000173114,0,0,0,0,0,0.0
ENSG00000173198,0,0,0,0,0,0.0
ENSG00000173239,0,0,0,0,0,0.0
ENSG00000173250,0,0,0,0,0,0.0
ENSG00000173253,0,0,6,0,18,0.0
ENSG00000173285,0,58,0,0,0,0.0
ENSG00000173302,0,0,0,0,13,0.0
ENSG00000173369,0,0,0,0,28,0.0
ENSG00000173372,0,0,0,0,43,0.0
ENSG00000173401,8,0,12,0,0,0.0
ENSG00000173421,0,0,0,0,5,0.0
ENSG00000173431,53,0,14,66,0,0.0
ENSG00000173432,0,0,0,0,5,0.0
ENSG00000173452,0,5,0,0,11,0.0
ENSG00000173464,50,0,52,13,22,0.0
ENSG00000173467,0,0,0,0,4,0.0
ENSG00000173557,0,0,12,0,87,0.0
ENSG00000173572,0,0,0,0,34,0.0
ENSG00000173578,0,10,0,0,0,0.0
ENSG00000173585,0,0,0,0,4,0.0
ENSG00000173610,0,0,0,0,0,0.0
ENSG00000173612,0,0,0,0,4,0.0
ENSG00000173626,0,0,0,0,8,0.0
ENSG00000173627,0,0,0,0,0,0.0
ENSG00000173673,0,0,26,2,40,0.0
ENSG00000173679,0,0,0,0,7,0.0
ENSG00000173699,0,0,12,0,51,0.0
ENSG00000173705,0,0,0,0,29,0.0
ENSG00000173769,0,0,0,0,12,0.0
ENSG00000173838,0,0,0,0,57,0.0
ENSG00000173908,0,0,0,0,31,0.0
ENSG00000173917,0,0,6,0,93,0.0
ENSG00000173954,0,10,0,0,0,0.0
ENSG00000173976,0,0,0,0,6,0.0
ENSG00000174004,6,0,19,0,73,0.0
ENSG00000174016,0,0,0,0,0,0.0
ENSG00000174038,0,0,0,0,0,0.0
ENSG00000174123,0,0,0,0,3,0.0
ENSG00000174156,0,0,0,0,3,0.0
ENSG00000174225,0,0,0,0,0,0.0
ENSG00000174279,6,5,27,0,75,0.0
ENSG00000174325,0,0,0,0,0,0.0
ENSG00000174326,33,0,30,30,4,0.0
ENSG00000174339,0,0,0,0,31,0.0
ENSG00000174343,0,0,0,0,25,0.0
ENSG00000174370,0,0,0,0,47,0.0
ENSG00000174407,0,0,9,0,86,0.0
ENSG00000174417,0,0,0,0,0,0.0
ENSG00000174429,0,0,0,0,5,0.0
ENSG00000174448,23,0,20,7,11,0.0
ENSG00000174450,0,0,0,0,11,0.0
ENSG00000174453,0,0,0,0,0,0.0
ENSG00000174473,0,0,0,0,0,0.0
ENSG00000174482,0,0,0,0,0,0.0
ENSG00000174500,0,0,0,0,0,0.0
ENSG00000174521,0,0,8,0,9,0.0
ENSG00000174527,0,0,0,0,3,0.0
ENSG00000174562,12,0,18,0,44,0.0
ENSG00000174576,0,0,0,0,12,0.0
ENSG00000174595,5,0,15,0,46,0.0
ENSG00000174607,0,0,0,0,3,0.0
ENSG00000174611,0,0,0,0,42,0.0
ENSG00000174667,0,12,0,0,5,0.0
ENSG00000174740,0,0,0,0,0,0.0
ENSG00000174808,8,0,15,0,31,0.0
ENSG00000174899,0,8,4,0,0,0.0
ENSG00000174914,0,5,0,0,0,0.0
ENSG00000174937,0,15,0,0,0,0.0
ENSG00000174942,0,14,0,0,0,0.0
ENSG00000174944,0,0,0,0,0,0.0
ENSG00000174948,0,0,0,0,12,0.0
ENSG00000174950,0,0,5,0,41,0.0
ENSG00000174957,0,70,0,0,0,0.0
ENSG00000174970,0,10,0,0,0,0.0
ENSG00000174982,0,56,0,0,0,0.0
ENSG00000175018,0,0,0,0,47,0.0
ENSG00000175040,0,0,12,0,32,0.0
ENSG00000175077,0,0,0,0,12,0.0
ENSG00000175093,0,0,4,0,33,0.0
ENSG00000175097,12,0,9,7,10,0.0
ENSG00000175121,0,0,4,0,50,0.0
ENSG00000175143,0,43,0,0,0,0.0
ENSG00000175229,31,0,37,19,57,0.0
ENSG00000175262,15,0,16,3,16,0.0
ENSG00000175315,0,0,7,0,59,0.0
ENSG00000175325,0,0,0,0,51,0.0
ENSG00000175393,0,0,0,0,8,0.0
ENSG00000175398,0,0,0,0,18,0.0
ENSG00000175445,0,0,0,0,0,0.0
ENSG00000175485,0,0,0,0,4,0.0
ENSG00000175514,0,0,5,0,76,0.0
ENSG00000175535,0,0,0,0,23,0.0
ENSG00000175604,5,0,3,0,0,0.0
ENSG00000175619,0,0,0,0,0,0.0
ENSG00000175664,0,0,0,0,8,0.0
ENSG00000175718,0,0,0,0,0,0.0
ENSG00000175728,0,0,0,0,23,0.0
ENSG00000175746,0,0,0,0,0,0.0
ENSG00000175779,0,0,0,0,0,0.0
ENSG00000175809,0,0,0,0,3,0.0
ENSG00000175857,0,0,0,0,0,0.0
ENSG00000175879,0,0,0,0,65,0.0
ENSG00000176009,0,0,0,0,0,0.0
ENSG00000176029,0,0,0,0,0,0.0
ENSG00000176034,0,0,0,0,0,0.0
ENSG00000176136,0,0,8,0,44,0.0
ENSG00000176160,0,0,0,0,0,0.0
ENSG00000176177,0,0,0,0,10,0.0
ENSG00000176194,0,0,5,0,70,0.0
ENSG00000176198,0,0,0,0,0,0.0
ENSG00000176200,0,0,0,0,0,0.0
ENSG00000176219,0,0,0,0,0,0.0
ENSG00000176230,0,24,0,0,0,0.0
ENSG00000176231,0,27,0,0,0,0.0
ENSG00000176239,0,0,0,0,3,0.0
ENSG00000176246,0,2,0,0,0,0.0
ENSG00000176253,0,0,0,0,0,0.0
ENSG00000176256,0,6,0,0,8,0.0
ENSG00000176281,0,0,0,0,0,0.0
ENSG00000176293,0,67,0,0,0,0.0
ENSG00000176294,0,0,0,0,0,0.0
ENSG00000176299,0,0,0,0,0,0.0
ENSG00000176302,0,0,0,0,3,0.0
ENSG00000176358,15,0,19,0,33,0.0
ENSG00000176495,0,2,0,0,0,0.0
ENSG00000176540,0,32,0,0,0,0.0
ENSG00000176547,0,28,0,0,0,0.0
ENSG00000176555,0,0,0,0,4,0.0
ENSG00000176566,0,63,0,0,0,0.0
ENSG00000176567,0,0,0,0,0,0.0
ENSG00000176571,0,0,0,0,0,0.0
ENSG00000176601,17,0,19,6,10,0.0
ENSG00000176605,0,6,0,0,2,0.0
ENSG00000176659,0,0,0,0,65,0.0
ENSG00000176678,0,0,11,0,87,0.0
ENSG00000176679,0,0,0,0,0,0.0
ENSG00000176695,0,0,0,0,0,0.0
ENSG00000176697,0,0,0,0,38,0.0
ENSG00000176742,0,0,0,0,7,0.0
ENSG00000176753,3,0,15,0,72,0.0
ENSG00000176774,0,5,0,0,0,0.0
ENSG00000176782,0,0,0,0,4,0.0
ENSG00000176787,0,0,0,0,0,0.0
ENSG00000176797,0,0,0,0,0,0.0
ENSG00000176798,0,0,0,0,7,0.0
ENSG00000176879,0,0,0,0,4,0.0
ENSG00000176887,0,0,0,0,15,0.0
ENSG00000176893,0,0,0,0,3,0.0
ENSG00000176895,0,0,0,0,4,0.0
ENSG00000176900,0,0,0,0,4,0.0
ENSG00000176904,0,0,0,0,0,0.0
ENSG00000176922,0,0,0,0,0,0.0
ENSG00000176925,0,0,0,0,10,0.0
ENSG00000176937,0,0,0,0,4,0.0
ENSG00000176956,0,0,0,0,41,0.0
ENSG00000176979,0,0,0,0,0,0.0
ENSG00000176988,0,0,0,0,0,0.0
ENSG00000177023,0,0,0,0,0,0.0
ENSG00000177047,0,0,0,0,0,0.0
ENSG00000177138,0,0,0,0,0,0.0
ENSG00000177143,0,11,0,0,3,0.0
ENSG00000177151,0,0,0,0,0,0.0
ENSG00000177174,0,29,0,0,0,0.0
ENSG00000177186,0,92,0,0,0,0.0
ENSG00000177201,0,54,0,0,0,0.0
ENSG00000177202,4,0,10,0,5,0.0
ENSG00000177212,0,80,0,0,0,0.0
ENSG00000177234,0,4,0,0,12,0.0
ENSG00000177243,0,0,0,0,0,0.0
ENSG00000177257,0,0,0,0,0,0.0
ENSG00000177272,0,0,8,0,17,0.0
ENSG00000177275,0,58,0,0,0,0.0
ENSG00000177301,0,0,0,0,0,0.0
ENSG00000177324,0,0,0,0,0,0.0
ENSG00000177354,0,0,0,0,40,0.0
ENSG00000177414,0,0,0,0,4,0.0
ENSG00000177462,0,13,0,0,0,0.0
ENSG00000177476,0,0,0,0,0,0.0
ENSG00000177489,0,0,0,0,0,0.0
ENSG00000177494,0,0,0,0,7,0.0
ENSG00000177511,0,0,0,0,16,0.0
ENSG00000177519,0,0,19,0,36,0.0
ENSG00000177535,0,0,8,0,44,0.0
ENSG00000177551,0,0,3,0,14,0.0
ENSG00000177575,0,0,0,0,0,0.0
ENSG00000177596,0,16,0,0,0,0.0
ENSG00000177673,0,0,0,0,68,0.0
ENSG00000177684,0,0,0,0,0,0.0
ENSG00000177689,0,0,0,0,0,0.0
ENSG00000177693,0,0,0,0,0,0.0
ENSG00000177800,5,3,12,0,3,0.0
ENSG00000177875,0,0,0,0,49,0.0
ENSG00000177938,0,23,0,0,0,0.0
ENSG00000177947,0,0,0,0,40,0.0
ENSG00000177992,0,0,0,0,47,0.0
ENSG00000178031,0,0,0,0,3,0.0
ENSG00000178033,0,0,0,0,0,0.0
ENSG00000178130,0,4,0,0,0,0.0
ENSG00000178163,0,0,0,0,12,0.0
ENSG00000178171,0,0,11,0,41,0.0
ENSG00000178172,0,0,0,0,0,0.0
ENSG00000178175,0,0,0,0,40,0.0
ENSG00000178217,0,0,0,0,35,0.0
ENSG00000178235,0,0,0,0,21,0.0
ENSG00000178243,0,0,0,0,71,0.0
ENSG00000178279,12,8,0,36,0,0.0
ENSG00000178287,0,0,0,0,0,0.0
ENSG00000178358,0,0,0,0,5,0.0
ENSG00000178363,9,0,9,3,0,0.0
ENSG00000178372,0,0,11,0,44,0.0
ENSG00000178394,0,12,0,0,0,0.0
ENSG00000178395,0,0,0,0,3,0.0
ENSG00000178403,0,0,23,0,62,0.0
ENSG00000178522,0,0,0,0,4,0.0
ENSG00000178538,0,0,6,0,16,0.0
ENSG00000178586,0,0,0,0,71,0.0
ENSG00000178591,0,0,0,0,0,0.0
ENSG00000178645,0,5,0,0,4,0.0
ENSG00000178722,0,0,0,0,11,0.0
ENSG00000178750,0,0,0,0,0,0.0
ENSG00000178789,0,0,0,0,57,0.0
ENSG00000178795,0,0,0,8,1,0.0
ENSG00000178860,0,0,0,0,39,0.0
ENSG00000178882,41,0,30,23,13,0.0
ENSG00000178919,0,0,6,0,34,0.0
ENSG00000178922,0,0,0,0,0,0.0
ENSG00000178928,0,0,0,0,25,0.0
ENSG00000179038,0,0,0,0,0,0.0
ENSG00000179046,0,0,0,0,11,0.0
ENSG00000179055,0,0,0,0,0,0.0
ENSG00000179057,4,0,12,0,47,0.0
ENSG00000179059,0,0,0,0,0,0.0
ENSG00000179083,0,0,10,0,11,0.0
ENSG00000179088,0,0,0,0,7,0.0
ENSG00000179097,0,0,0,0,0,0.0
ENSG00000179133,3,0,5,5,13,0.0
ENSG00000179142,0,0,0,0,41,0.0
ENSG00000179144,0,0,0,0,8,0.0
ENSG00000179213,0,0,0,0,15,0.0
ENSG00000179242,0,0,0,0,76,0.0
ENSG00000179253,0,30,0,0,57,0.0
ENSG00000179331,0,0,0,0,7,0.0
ENSG00000179407,0,0,0,0,82,0.0
ENSG00000179468,0,0,0,0,0,0.0
ENSG00000179542,0,44,0,0,0,0.0
ENSG00000179593,0,0,0,0,15,0.0
ENSG00000179603,0,0,18,0,57,0.0
ENSG00000179615,0,26,0,0,0,0.0
ENSG00000179626,0,7,0,0,0,0.0
ENSG00000179639,0,0,0,0,0,0.0
ENSG00000179674,0,0,0,0,0,0.0
ENSG00000179695,0,0,0,0,0,0.0
ENSG00000179709,0,0,0,0,5,0.0
ENSG00000179751,0,0,2,0,68,0.0
ENSG00000179755,0,90,0,0,0,0.0
ENSG00000179772,0,0,0,0,82,0.0
ENSG00000179796,0,0,0,0,30,0.0
ENSG00000179813,0,5,6,0,0,0.0
ENSG00000179840,0,0,11,0,41,0.0
ENSG00000179902,0,0,14,0,33,0.0
ENSG00000179909,0,0,0,0,0,0.0
ENSG00000179914,0,0,0,0,0,0.0
ENSG00000179915,0,0,0,0,0,0.0
ENSG00000179919,0,0,0,0,0,0.0
ENSG00000179934,0,0,0,0,0,0.0
ENSG00000180016,0,0,0,0,0,0.0
ENSG00000180053,0,0,0,0,49,0.0
ENSG00000180081,0,92,0,0,0,0.0
ENSG00000180083,0,0,0,0,11,0.0
ENSG00000180090,0,0,0,0,4,0.0
ENSG00000180116,0,0,0,0,0,0.0
ENSG00000180138,0,0,0,0,4,0.0
ENSG00000180205,0,0,0,0,7,0.0
ENSG00000180219,0,0,0,0,0,0.0
ENSG00000180259,0,0,0,0,13,0.0
ENSG00000180269,0,3,0,0,52,0.0
ENSG00000180287,0,0,14,0,36,0.0
ENSG00000180305,0,0,0,0,7,0.0
ENSG00000180316,0,0,5,0,0,0.0
ENSG00000180318,0,0,5,0,33,0.0
ENSG00000180332,0,0,0,0,0,0.0
ENSG00000180347,0,0,0,0,0,0.0
ENSG00000180383,0,0,5,0,66,0.0
ENSG00000180386,0,0,0,0,0,0.0
ENSG00000180433,0,13,0,0,0,0.0
ENSG00000180440,0,0,0,0,34,0.0
ENSG00000180447,0,0,21,0,37,0.0
ENSG00000180481,0,0,7,0,0,0.0
ENSG00000180483,0,0,0,0,22,0.0
ENSG00000180509,3,0,0,0,0,0.0
ENSG00000180543,0,0,0,0,0,0.0
ENSG00000180638,4,0,24,0,9,0.0
ENSG00000180660,0,0,9,0,0,0.0
ENSG00000180697,0,0,0,0,30,0.0
ENSG00000180708,0,69,0,0,0,0.0
ENSG00000180730,0,0,9,0,54,0.0
ENSG00000180772,0,0,0,0,0,0.0
ENSG00000180785,0,0,0,0,50,0.0
ENSG00000180801,0,0,9,0,20,0.0
ENSG00000180828,0,0,17,0,60,0.0
ENSG00000180846,0,0,0,0,0,0.0
ENSG00000180869,0,0,0,0,0,0.0
ENSG00000180872,0,0,0,0,0,0.0
ENSG00000180878,0,0,0,0,0,0.0
ENSG00000180909,0,7,0,0,0,0.0
ENSG00000180913,0,0,0,0,0,0.0
ENSG00000180919,0,0,0,0,0,0.0
ENSG00000180934,0,0,0,0,4,0.0
ENSG00000180974,0,0,0,0,0,0.0
ENSG00000181001,0,0,0,0,0,0.0
ENSG00000181009,0,0,0,0,0,0.0
ENSG00000181013,0,0,0,0,27,0.0
ENSG00000181023,0,0,0,0,4,0.0
ENSG00000181036,0,0,0,0,25,0.0
ENSG00000181072,0,0,0,0,5,0.0
ENSG00000181092,0,0,0,0,37,0.0
ENSG00000181143,0,84,0,0,0,0.0
ENSG00000181195,0,0,6,0,6,0.0
ENSG00000181215,0,5,0,0,44,0.0
ENSG00000181218,0,0,3,0,4,0.0
ENSG00000181234,0,0,0,0,20,0.0
ENSG00000181273,0,9,0,0,0,0.0
ENSG00000181322,7,0,12,0,0,0.0
ENSG00000181323,0,0,0,0,8,0.0
ENSG00000181355,0,0,0,0,0,0.0
ENSG00000181371,0,22,0,0,0,0.0
ENSG00000181374,0,0,0,0,0,0.0
ENSG00000181433,0,0,0,0,0,0.0
ENSG00000181481,0,0,0,0,1,0.0
ENSG00000181499,0,27,0,0,0,0.0
ENSG00000181518,0,6,0,0,0,0.0
ENSG00000181541,0,0,0,0,0,0.0
ENSG00000181552,0,0,0,0,6,0.0
ENSG00000181562,0,0,0,0,5,0.0
ENSG00000181585,0,0,0,0,13,0.0
ENSG00000181609,0,0,0,0,0,0.0
ENSG00000181616,0,0,0,0,7,0.0
ENSG00000181617,0,0,0,0,0,0.0
ENSG00000181626,0,4,5,0,5,0.0
ENSG00000181631,0,0,0,0,0,0.0
ENSG00000181689,0,18,0,0,0,0.0
ENSG00000181693,0,19,0,0,0,0.0
ENSG00000181698,0,61,0,0,0,0.0
ENSG00000181718,0,65,0,0,0,0.0
ENSG00000181733,0,4,0,0,12,0.0
ENSG00000181752,0,60,0,0,0,0.0
ENSG00000181761,0,21,0,0,0,0.0
ENSG00000181767,0,25,0,0,0,0.0
ENSG00000181785,0,67,0,0,0,0.0
ENSG00000181786,0,0,0,0,0,0.0
ENSG00000181804,0,0,0,0,0,0.0
ENSG00000181847,0,0,0,0,3,0.0
ENSG00000181867,0,0,0,0,0,0.0
ENSG00000181908,0,0,7,0,54,0.0
ENSG00000181927,0,27,0,0,0,0.0
ENSG00000181935,0,84,0,0,0,0.0
ENSG00000181939,0,83,0,0,0,0.0
ENSG00000181958,0,96,0,0,0,0.0
ENSG00000181961,0,92,0,0,0,0.0
ENSG00000181963,0,0,0,0,22,0.0
ENSG00000182050,0,0,0,0,0,0.0
ENSG00000182053,0,0,0,0,0,0.0
ENSG00000182070,0,0,0,0,0,0.0
ENSG00000182077,0,0,0,0,0,0.0
ENSG00000182083,13,0,12,6,49,0.0
ENSG00000182103,0,0,14,0,35,0.0
ENSG00000182107,0,0,0,0,0,0.0
ENSG00000182111,0,84,0,0,0,0.0
ENSG00000182132,0,0,0,0,28,0.0
ENSG00000182168,0,0,2,0,21,0.0
ENSG00000182170,0,0,0,0,63,0.0
ENSG00000182175,0,0,12,0,65,0.0
ENSG00000182177,0,4,0,0,80,0.0
ENSG00000182187,0,0,0,0,3,0.0
ENSG00000182195,0,0,0,0,0,0.0
ENSG00000182242,0,0,0,0,0,0.0
ENSG00000182256,0,0,0,0,4,0.0
ENSG00000182257,0,0,6,0,84,0.0
ENSG00000182261,0,0,0,0,16,0.0
ENSG00000182315,0,0,0,0,0,0.0
ENSG00000182330,0,0,0,0,0,0.0
ENSG00000182333,0,0,0,0,0,0.0
ENSG00000182334,0,0,0,0,0,0.0
ENSG00000182346,0,57,0,0,0,0.0
ENSG00000182348,0,0,4,0,22,0.0
ENSG00000182352,0,0,0,0,51,0.0
ENSG00000182376,0,0,0,0,0,0.0
ENSG00000182415,0,0,0,0,0,0.0
ENSG00000182447,0,0,0,0,0,0.0
ENSG00000182508,0,0,6,0,0,0.0
ENSG00000182533,0,0,0,0,74,0.0
ENSG00000182566,4,0,0,0,26,0.0
ENSG00000182572,7,0,6,3,23,0.0
ENSG00000182584,30,0,22,19,10,0.0
ENSG00000182585,0,0,0,0,4,0.0
ENSG00000182591,0,97,0,0,0,0.0
ENSG00000182601,0,0,16,0,62,0.0
ENSG00000182613,3,0,5,0,59,0.0
ENSG00000182631,0,0,0,0,8,0.0
ENSG00000182634,0,0,0,0,0,0.0
ENSG00000182645,0,0,0,0,3,0.0
ENSG00000182652,0,4,0,0,0,0.0
ENSG00000182667,0,0,0,0,37,0.0
ENSG00000182674,0,0,6,0,14,0.0
ENSG00000182698,0,0,0,0,37,0.0
ENSG00000182732,0,0,10,0,22,0.0
ENSG00000182742,0,0,0,0,87,0.0
ENSG00000182747,0,0,0,0,51,0.0
ENSG00000182783,0,0,0,0,0,0.0
ENSG00000182798,0,0,0,0,0,0.0
ENSG00000182816,0,68,0,0,0,0.0
ENSG00000182824,0,8,3,0,3,0.0
ENSG00000182851,0,0,0,0,44,0.0
ENSG00000182854,0,0,0,0,0,0.0
ENSG00000182898,0,0,0,0,0,0.0
ENSG00000182901,0,0,11,0,21,0.0
ENSG00000182916,0,0,0,0,0,0.0
ENSG00000182938,0,0,5,0,76,0.0
ENSG00000182968,0,0,0,0,36,0.0
ENSG00000182974,0,0,0,0,0,0.0
ENSG00000183023,0,0,0,0,0,0.0
ENSG00000183024,0,0,0,0,26,0.0
ENSG00000183035,0,0,0,0,0,0.0
ENSG00000183066,0,0,0,0,25,0.0
ENSG00000183092,0,0,9,0,70,0.0
ENSG00000183103,0,0,0,0,12,0.0
ENSG00000183130,0,0,0,0,11,0.0
ENSG00000183146,0,67,0,0,0,0.0
ENSG00000183153,8,0,35,0,15,0.0
ENSG00000183260,49,0,56,35,20,0.0
ENSG00000183269,0,5,0,0,0,0.0
ENSG00000183273,0,0,0,0,10,0.0
ENSG00000183287,0,0,0,0,30,0.0
ENSG00000183292,0,0,0,0,0,0.0
ENSG00000183304,0,0,0,0,0,0.0
ENSG00000183310,0,0,0,0,0,0.0
ENSG00000183313,0,0,0,0,9,0.0
ENSG00000183318,0,0,0,0,62,0.0
ENSG00000183324,0,0,0,0,22,0.0
ENSG00000183346,0,0,6,0,0,0.0
ENSG00000183347,0,0,0,0,10,0.0
ENSG00000183389,0,0,0,0,6,0.0
ENSG00000183395,0,0,0,0,0,0.0
ENSG00000183434,0,0,0,0,0,0.0
ENSG00000183454,0,0,10,0,42,0.0
ENSG00000183461,0,0,0,0,0,0.0
ENSG00000183463,0,0,0,0,5,0.0
ENSG00000183470,0,4,0,0,14,0.0
ENSG00000183476,31,0,39,17,0,0.0
ENSG00000183559,0,0,0,0,4,0.0
ENSG00000183562,53,0,33,38,21,0.0
ENSG00000183570,0,0,0,0,7,0.0
ENSG00000183580,0,0,7,0,13,0.0
ENSG00000183631,0,63,0,0,0,0.0
ENSG00000183632,0,0,0,0,0,0.0
ENSG00000183640,0,97,0,0,0,0.0
ENSG00000183643,0,0,0,0,26,0.0
ENSG00000183644,0,0,2,0,24,0.0
ENSG00000183654,0,0,0,0,0,0.0
ENSG00000183671,0,10,0,0,41,0.0
ENSG00000183675,0,0,0,0,0,0.0
ENSG00000183678,0,0,0,0,0,0.0
ENSG00000183690,0,0,6,0,0,0.0
ENSG00000183691,0,0,26,0,86,0.0
ENSG00000183695,0,0,0,0,15,0.0
ENSG00000183704,0,17,0,0,0,0.0
ENSG00000183706,2,0,7,0,3,0.0
ENSG00000183709,0,0,0,0,7,0.0
ENSG00000183715,0,0,0,0,34,0.0
ENSG00000183722,4,0,16,0,47,0.0
ENSG00000183729,4,0,13,0,20,0.0
ENSG00000183733,0,0,0,0,20,0.0
ENSG00000183770,0,0,31,0,87,0.0
ENSG00000183783,0,0,10,0,0,0.0
ENSG00000183791,0,0,0,0,36,0.0
ENSG00000183795,0,0,0,0,0,0.0
ENSG00000183833,0,0,0,0,0,0.0
ENSG00000183862,0,0,0,0,0,0.0
ENSG00000183908,0,0,0,0,9,0.0
ENSG00000183918,0,0,0,0,0,0.0
ENSG00000183921,3,8,7,0,39,0.0
ENSG00000184005,0,0,9,0,19,0.0
ENSG00000184022,0,13,0,0,0,0.0
ENSG00000184029,0,0,0,0,5,0.0
ENSG00000184032,0,92,0,0,0,0.0
ENSG00000184033,0,0,0,0,0,0.0
ENSG00000184108,0,0,0,0,17,0.0
ENSG00000184113,0,0,0,0,7,0.0
ENSG00000184140,0,0,0,0,14,0.0
ENSG00000184144,0,0,0,0,42,0.0
ENSG00000184148,0,0,0,0,2,0.0
ENSG00000184155,0,71,0,0,0,0.0
ENSG00000184156,0,0,0,0,37,0.0
ENSG00000184166,0,7,0,0,7,0.0
ENSG00000184185,0,0,6,0,53,0.0
ENSG00000184210,0,0,0,0,0,0.0
ENSG00000184221,0,6,0,0,62,0.0
ENSG00000184258,0,0,0,0,0,0.0
ENSG00000184261,0,0,22,0,49,0.0
ENSG00000184276,0,0,0,0,0,0.0
ENSG00000184293,0,0,0,0,14,0.0
ENSG00000184302,0,0,0,0,56,0.0
ENSG00000184305,0,0,8,0,0,0.0
ENSG00000184321,0,0,0,0,5,0.0
ENSG00000184330,0,0,0,0,0,0.0
ENSG00000184344,0,0,0,0,0,0.0
ENSG00000184345,0,0,0,0,5,0.0
ENSG00000184350,0,0,0,0,57,0.0
ENSG00000184351,0,94,0,0,0,0.0
ENSG00000184374,0,0,0,0,0,0.0
ENSG00000184385,0,0,0,0,33,0.0
ENSG00000184388,0,0,0,0,0,0.0
ENSG00000184394,0,0,0,0,0,0.0
ENSG00000184408,0,0,5,0,23,0.0
ENSG00000184434,0,0,0,0,0,0.0
ENSG00000184459,0,0,0,0,32,0.0
ENSG00000184471,1,0,12,0,51,0.0
ENSG00000184478,0,0,0,0,4,0.0
ENSG00000184486,0,0,34,0,63,0.0
ENSG00000184497,6,0,15,0,79,0.0
ENSG00000184507,17,0,19,14,16,0.0
ENSG00000184524,13,0,21,0,0,0.0
ENSG00000184544,0,0,0,0,45,0.0
ENSG00000184560,0,0,0,0,28,0.0
ENSG00000184564,0,0,0,0,0,0.0
ENSG00000184566,0,0,0,0,14,0.0
ENSG00000184588,0,15,0,0,0,0.0
ENSG00000184599,16,0,35,0,48,0.0
ENSG00000184601,0,0,6,0,49,0.0
ENSG00000184608,0,0,0,0,24,0.0
ENSG00000184650,0,0,0,0,20,0.0
ENSG00000184672,0,0,7,0,29,0.0
ENSG00000184682,0,0,0,0,50,0.0
ENSG00000184698,0,0,0,0,0,0.0
ENSG00000184719,0,0,4,0,0,0.0
ENSG00000184735,0,0,0,0,0,0.0
ENSG00000184761,0,0,0,0,0,0.0
ENSG00000184785,0,0,0,0,0,0.0
ENSG00000184809,0,0,0,0,27,0.0
ENSG00000184814,0,0,0,0,0,0.0
ENSG00000184838,0,0,20,0,31,0.0
ENSG00000184845,0,0,0,0,15,0.0
ENSG00000184867,0,0,0,0,4,0.0
ENSG00000184881,0,0,0,0,0,0.0
ENSG00000184887,0,0,0,0,0,0.0
ENSG00000184905,0,0,0,0,6,0.0
ENSG00000184933,0,0,0,0,0,0.0
ENSG00000184954,0,0,0,0,0,0.0
ENSG00000184995,0,0,0,0,0,0.0
ENSG00000185013,0,4,0,0,0,0.0
ENSG00000185028,4,0,3,0,3,0.0
ENSG00000185053,0,0,4,0,0,0.0
ENSG00000185069,0,0,0,0,21,0.0
ENSG00000185149,0,0,0,0,11,0.0
ENSG00000185156,0,0,0,0,70,0.0
ENSG00000185245,8,0,5,0,0,0.0
ENSG00000185247,0,0,0,0,0,0.0
ENSG00000185254,0,0,0,0,3,0.0
ENSG00000185264,0,0,0,0,46,0.0
ENSG00000185274,0,0,0,0,10,0.0
ENSG00000185294,0,0,0,0,0,0.0
ENSG00000185306,4,0,11,0,18,0.0
ENSG00000185313,0,0,0,0,4,0.0
ENSG00000185352,0,0,20,0,31,0.0
ENSG00000185372,0,0,0,0,71,0.0
ENSG00000185385,0,0,0,0,0,0.0
ENSG00000185448,0,18,0,0,0,0.0
ENSG00000185518,0,0,6,0,46,0.0
ENSG00000185554,0,0,0,0,0,0.0
ENSG00000185565,0,0,3,0,0,0.0
ENSG00000185594,0,0,0,0,0,0.0
ENSG00000185610,0,0,11,0,36,0.0
ENSG00000185652,0,0,0,0,37,0.0
ENSG00000185662,0,0,0,0,37,0.0
ENSG00000185736,0,0,0,0,58,0.0
ENSG00000185737,0,0,0,0,0,0.0
ENSG00000185742,0,0,0,0,0,0.0
ENSG00000185751,0,0,0,0,0,0.0
ENSG00000185758,0,4,0,0,0,0.0
ENSG00000185775,0,0,0,0,0,0.0
ENSG00000185792,0,0,0,0,8,0.0
ENSG00000185821,0,0,0,0,0,0.0
ENSG00000185823,0,96,0,0,0,0.0
ENSG00000185860,0,0,0,0,0,0.0
ENSG00000185862,0,0,0,0,0,0.0
ENSG00000185888,0,27,0,0,0,0.0
ENSG00000185894,0,0,0,0,0,0.0
ENSG00000185897,0,0,0,0,13,0.0
ENSG00000185899,0,0,0,0,0,0.0
ENSG00000185905,0,0,4,0,29,0.0
ENSG00000185915,0,0,0,0,0,0.0
ENSG00000185926,0,77,0,0,0,0.0
ENSG00000185942,0,0,15,0,26,0.0
ENSG00000185945,0,0,0,0,0,0.0
ENSG00000185960,0,0,0,0,0,0.0
ENSG00000185962,0,0,0,0,12,0.0
ENSG00000185966,0,1,0,0,3,0.0
ENSG00000185974,0,0,0,0,54,0.0
ENSG00000185982,0,8,0,0,14,0.0
ENSG00000185985,0,0,0,0,0,0.0
ENSG00000186009,0,0,0,0,25,0.0
ENSG00000186038,0,14,0,0,12,0.0
ENSG00000186049,0,0,0,0,56,0.0
ENSG00000186074,0,0,0,0,51,0.0
ENSG00000186075,0,0,4,0,42,0.0
ENSG00000186086,0,0,0,0,0,0.0
ENSG00000186090,0,0,0,0,22,0.0
ENSG00000186092,0,0,0,0,0,0.0
ENSG00000186103,0,0,0,0,0,0.0
ENSG00000186113,0,86,0,0,0,0.0
ENSG00000186117,0,58,0,0,0,0.0
ENSG00000186119,0,42,0,0,0,0.0
ENSG00000186146,0,0,0,0,0,0.0
ENSG00000186160,0,0,0,0,0,0.0
ENSG00000186188,0,0,10,0,44,0.0
ENSG00000186207,0,0,0,0,25,0.0
ENSG00000186235,7,0,7,0,53,0.0
ENSG00000186281,0,0,0,0,0,0.0
ENSG00000186288,0,0,0,0,0,0.0
ENSG00000186297,0,0,0,0,7,0.0
ENSG00000186306,0,30,0,0,0,0.0
ENSG00000186334,0,0,0,0,5,0.0
ENSG00000186393,0,0,0,0,21,0.0
ENSG00000186400,0,56,0,0,0,0.0
ENSG00000186407,0,5,0,0,19,0.0
ENSG00000186431,0,0,0,0,6,0.0
ENSG00000186439,0,0,0,0,0,0.0
ENSG00000186440,0,62,0,0,0,0.0
ENSG00000186442,0,0,0,0,32,0.0
ENSG00000186452,0,7,0,0,3,0.0
ENSG00000186458,0,0,0,0,39,0.0
ENSG00000186469,0,0,0,0,11,0.0
ENSG00000186474,0,0,0,0,15,0.0
ENSG00000186479,0,0,13,0,35,0.0
ENSG00000186487,0,12,0,0,0,0.0
ENSG00000186493,0,14,0,0,12,0.0
ENSG00000186513,0,5,0,0,0,0.0
ENSG00000186562,0,0,0,0,0,0.0
ENSG00000186572,0,0,0,0,0,0.0
ENSG00000186579,0,0,0,0,0,0.0
ENSG00000186583,0,0,0,0,62,0.0
ENSG00000186599,0,0,0,0,0,0.0
ENSG00000186603,0,0,0,0,0,0.0
ENSG00000186628,27,0,28,24,22,0.0
ENSG00000186675,0,0,0,0,0,0.0
ENSG00000186684,0,0,21,0,66,0.0
ENSG00000186766,0,0,0,0,35,0.0
ENSG00000186795,0,0,0,0,28,0.0
ENSG00000186803,0,0,0,0,0,0.0
ENSG00000186818,0,0,0,0,8,0.0
ENSG00000186844,0,0,0,0,0,0.0
ENSG00000186860,0,9,0,0,35,0.0
ENSG00000186867,0,0,0,0,9,0.0
ENSG00000186881,0,0,0,0,0,0.0
ENSG00000186895,0,0,0,0,46,0.0
ENSG00000186924,0,96,0,0,0,0.0
ENSG00000186925,0,97,0,0,0,0.0
ENSG00000186930,0,96,0,0,0,0.0
ENSG00000186943,0,5,0,0,0,0.0
ENSG00000186960,0,10,0,0,20,0.0
ENSG00000186965,0,92,0,0,0,0.0
ENSG00000186967,0,89,0,0,0,0.0
ENSG00000186970,0,91,0,0,0,0.0
ENSG00000186971,0,87,0,0,0,0.0
ENSG00000186976,0,0,0,0,15,0.0
ENSG00000186977,0,98,0,0,0,0.0
ENSG00000186980,0,87,0,0,0,0.0
ENSG00000187003,0,0,0,0,0,0.0
ENSG00000187005,0,100,0,0,0,0.0
ENSG00000187021,0,0,0,0,30,0.0
ENSG00000187026,0,96,0,0,0,0.0
ENSG00000187033,0,0,0,0,8,0.0
ENSG00000187037,0,0,0,0,0,0.0
ENSG00000187054,0,0,0,0,0,0.0
ENSG00000187080,0,67,0,0,0,0.0
ENSG00000187082,0,0,0,0,0,0.0
ENSG00000187094,0,0,0,0,16,0.0
ENSG00000187116,0,0,0,0,27,0.0
ENSG00000187135,0,0,17,0,22,0.0
ENSG00000187140,0,0,16,0,65,0.0
ENSG00000187151,18,0,15,10,10,0.0
ENSG00000187166,0,6,0,0,16,0.0
ENSG00000187170,0,0,0,0,0,0.0
ENSG00000187173,0,1,0,0,2,0.0
ENSG00000187191,0,0,0,0,0,0.0
ENSG00000187223,0,0,0,0,0,0.0
ENSG00000187238,0,0,0,0,0,0.0
ENSG00000187272,0,0,0,0,6,0.0
ENSG00000187398,0,0,8,0,17,0.0
ENSG00000187416,0,0,0,0,34,0.0
ENSG00000187510,0,0,0,0,0,0.0
ENSG00000187513,0,0,0,0,44,0.0
ENSG00000187516,0,0,0,0,0,0.0
ENSG00000187527,0,0,0,0,12,0.0
ENSG00000187533,0,7,0,0,0,0.0
ENSG00000187545,0,0,0,0,0,0.0
ENSG00000187569,0,0,0,0,3,0.0
ENSG00000187600,0,7,0,0,0,0.0
ENSG00000187612,0,9,0,0,0,0.0
ENSG00000187616,0,0,10,0,57,0.0
ENSG00000187689,0,0,0,0,0,0.0
ENSG00000187690,0,0,0,0,0,0.0
ENSG00000187701,0,0,0,0,0,0.0
ENSG00000187714,0,0,3,0,45,0.0
ENSG00000187715,0,0,0,0,17,0.0
ENSG00000187747,0,0,0,0,3,0.0
ENSG00000187754,0,0,0,0,0,0.0
ENSG00000187766,0,28,0,0,27,0.0
ENSG00000187806,4,0,6,0,10,0.0
ENSG00000187811,0,0,0,0,0,0.0
ENSG00000187821,0,0,0,0,71,0.0
ENSG00000187823,0,0,0,0,0,0.0
ENSG00000187848,0,25,0,0,12,0.0
ENSG00000187855,3,0,0,0,25,0.0
ENSG00000187857,0,0,0,0,0,0.0
ENSG00000187871,0,0,0,0,0,0.0
ENSG00000187902,0,0,5,0,43,0.0
ENSG00000187905,0,0,10,0,34,0.0
ENSG00000187918,0,0,0,0,10,0.0
ENSG00000187950,0,0,0,0,3,0.0
ENSG00000187957,0,0,16,0,33,0.0
ENSG00000187969,0,0,0,0,0,0.0
ENSG00000187980,0,0,0,0,17,0.0
ENSG00000188004,0,0,10,0,23,0.0
ENSG00000188011,0,8,0,0,56,0.0
ENSG00000188056,0,0,0,0,40,0.0
ENSG00000188069,0,0,0,0,0,0.0
ENSG00000188076,0,18,6,0,41,0.0
ENSG00000188095,0,0,15,0,25,0.0
ENSG00000188100,0,0,0,0,0,0.0
ENSG00000188124,0,0,0,0,12,0.0
ENSG00000188133,0,0,6,0,35,0.0
ENSG00000188162,0,0,0,0,12,0.0
ENSG00000188263,0,0,0,0,54,0.0
ENSG00000188269,0,0,0,0,0,0.0
ENSG00000188293,0,0,0,0,37,0.0
ENSG00000188305,3,0,12,0,31,0.0
ENSG00000188314,0,0,0,0,0,0.0
ENSG00000188316,7,0,19,0,35,0.0
ENSG00000188324,0,0,0,0,0,0.0
ENSG00000188334,0,0,0,0,24,0.0
ENSG00000188340,0,10,0,0,0,0.0
ENSG00000188373,0,0,5,0,20,0.0
ENSG00000188379,0,0,0,0,0,0.0
ENSG00000188386,0,0,0,0,3,0.0
ENSG00000188393,0,0,0,0,3,0.0
ENSG00000188408,0,24,0,0,0,0.0
ENSG00000188425,0,0,3,0,12,0.0
ENSG00000188452,0,0,0,0,51,0.0
ENSG00000188467,0,0,0,0,5,0.0
ENSG00000188511,0,0,0,0,71,0.0
ENSG00000188523,23,0,37,4,62,0.0
ENSG00000188558,0,9,0,0,0,0.0
ENSG00000188624,0,0,0,0,9,0.0
ENSG00000188649,0,0,5,0,0,0.0
ENSG00000188655,0,0,0,0,3,0.0
ENSG00000188674,0,0,0,0,7,0.0
ENSG00000188694,0,88,0,0,0,0.0
ENSG00000188710,0,0,0,0,20,0.0
ENSG00000188716,0,0,8,0,0,0.0
ENSG00000188729,0,0,0,0,0,0.0
ENSG00000188730,0,0,0,0,17,0.0
ENSG00000188770,0,0,0,0,37,0.0
ENSG00000188771,0,0,0,0,0,0.0
ENSG00000188782,0,0,0,0,19,0.0
ENSG00000188783,0,0,0,0,27,0.0
ENSG00000188803,0,0,0,0,12,0.0
ENSG00000188816,0,0,56,0,94,0.0
ENSG00000188817,0,0,0,0,0,0.0
ENSG00000188820,0,0,7,0,39,0.0
ENSG00000188828,0,0,0,0,18,0.0
ENSG00000188848,0,0,0,0,4,0.0
ENSG00000188869,0,0,0,0,0,0.0
ENSG00000188883,0,0,7,0,51,0.0
ENSG00000188886,0,0,0,0,61,0.0
ENSG00000188909,0,0,0,0,68,0.0
ENSG00000188910,0,0,6,0,38,0.0
ENSG00000188916,0,0,0,0,0,0.0
ENSG00000188921,0,0,0,0,0,0.0
ENSG00000188937,9,0,9,7,0,0.0
ENSG00000188991,0,0,0,0,0,0.0
ENSG00000188992,0,0,0,0,0,0.0
ENSG00000189013,0,0,0,0,0,0.0
ENSG00000189023,0,17,0,0,0,0.0
ENSG00000189068,0,0,0,0,13,0.0
ENSG00000189090,0,0,0,0,0,0.0
ENSG00000189099,0,0,0,0,0,0.0
ENSG00000189108,0,0,0,0,8,0.0
ENSG00000189129,0,0,8,0,29,0.0
ENSG00000189132,0,0,0,0,0,0.0
ENSG00000189139,0,8,0,0,0,0.0
ENSG00000189169,11,16,36,12,0,0.0
ENSG00000189181,0,0,0,0,0,0.0
ENSG00000189182,0,0,0,0,30,0.0
ENSG00000189184,0,0,0,0,6,0.0
ENSG00000189252,0,38,0,0,0,0.0
ENSG00000189280,0,0,0,0,34,0.0
ENSG00000189299,0,0,0,0,0,0.0
ENSG00000189320,0,0,0,0,31,0.0
ENSG00000189326,0,76,0,0,0,0.0
ENSG00000189332,0,0,0,0,3,0.0
ENSG00000189348,0,22,0,0,4,0.0
ENSG00000189367,0,0,0,0,0,0.0
ENSG00000189369,0,0,0,0,0,0.0
ENSG00000189401,0,0,0,0,0,0.0
ENSG00000189430,0,0,0,0,13,0.0
ENSG00000189433,0,0,0,0,43,0.0
ENSG00000196071,0,68,0,0,0,0.0
ENSG00000196092,0,0,28,0,69,0.0
ENSG00000196098,0,0,0,0,0,0.0
ENSG00000196099,0,0,0,0,0,0.0
ENSG00000196104,0,0,7,0,11,0.0
ENSG00000196109,0,99,0,0,0,0.0
ENSG00000196119,0,0,0,0,8,0.0
ENSG00000196131,0,76,0,0,0,0.0
ENSG00000196156,0,0,0,0,4,0.0
ENSG00000196169,0,0,8,0,84,0.0
ENSG00000196171,0,5,0,0,0,0.0
ENSG00000196184,0,95,0,0,0,0.0
ENSG00000196209,0,0,0,0,23,0.0
ENSG00000196224,0,0,0,0,56,0.0
ENSG00000196228,0,15,0,0,0,0.0
ENSG00000196240,0,0,0,0,0,0.0
ENSG00000196242,0,0,0,0,0,0.0
ENSG00000196248,0,16,0,0,0,0.0
ENSG00000196260,0,0,0,0,0,0.0
ENSG00000196263,0,100,0,0,0,0.0
ENSG00000196266,0,26,0,0,0,0.0
ENSG00000196277,0,27,0,0,0,0.0
ENSG00000196329,0,0,0,0,6,0.0
ENSG00000196335,0,13,0,0,0,0.0
ENSG00000196341,0,0,0,0,0,0.0
ENSG00000196344,0,0,0,0,3,0.0
ENSG00000196350,0,84,0,0,0,0.0
ENSG00000196353,0,5,6,0,0,0.0
ENSG00000196364,0,0,8,0,65,0.0
ENSG00000196368,0,0,0,0,0,0.0
ENSG00000196400,0,0,0,0,0,0.0
ENSG00000196406,0,8,0,0,0,0.0
ENSG00000196407,0,0,0,0,37,0.0
ENSG00000196427,0,0,0,0,0,0.0
ENSG00000196460,0,0,7,0,33,0.0
ENSG00000196468,0,0,0,0,0,0.0
ENSG00000196475,0,0,0,0,0,0.0
ENSG00000196482,0,0,7,0,54,0.0
ENSG00000196539,0,4,0,0,0,0.0
ENSG00000196549,0,0,0,0,0,0.0
ENSG00000196570,12,0,16,0,18,0.0
ENSG00000196578,0,0,0,0,0,0.0
ENSG00000196581,0,0,3,0,35,0.0
ENSG00000196589,0,0,0,0,0,0.0
ENSG00000196628,0,91,0,0,0,0.0
ENSG00000196661,0,0,0,0,0,0.0
ENSG00000196748,2,0,11,0,67,0.0
ENSG00000196758,0,17,14,0,29,0.0
ENSG00000196767,0,0,0,0,4,0.0
ENSG00000196772,0,55,0,0,0,0.0
ENSG00000196778,0,0,0,0,0,0.0
ENSG00000196800,0,0,0,0,0,0.0
ENSG00000196805,0,0,0,0,0,0.0
ENSG00000196811,0,8,4,0,25,0.0
ENSG00000196832,0,0,0,0,4,0.0
ENSG00000196844,0,0,0,0,2,0.0
ENSG00000196867,0,91,0,0,0,0.0
ENSG00000196900,0,0,0,0,0,0.0
ENSG00000196932,0,0,0,0,20,0.0
ENSG00000196936,0,89,0,0,0,0.0
ENSG00000196944,0,40,0,0,0,0.0
ENSG00000196960,0,0,0,0,0,0.0
ENSG00000196979,0,0,0,0,9,0.0
ENSG00000196990,0,4,0,0,6,0.0
ENSG00000197057,0,0,0,0,0,0.0
ENSG00000197079,0,0,0,0,38,0.0
ENSG00000197084,0,0,0,0,2,0.0
ENSG00000197106,0,4,0,0,7,0.0
ENSG00000197110,0,0,0,0,4,0.0
ENSG00000197123,0,99,0,0,0,0.0
ENSG00000197125,0,0,0,0,10,0.0
ENSG00000197262,0,0,0,0,0,0.0
ENSG00000197263,0,0,0,0,0,0.0
ENSG00000197273,0,0,15,0,12,0.0
ENSG00000197309,0,0,0,0,0,0.0
ENSG00000197322,0,0,7,0,55,0.0
ENSG00000197353,0,0,13,0,20,0.0
ENSG00000197360,0,97,0,0,0,0.0
ENSG00000197364,0,0,0,0,7,0.0
ENSG00000197376,0,0,0,0,3,0.0
ENSG00000197403,0,37,0,0,0,0.0
ENSG00000197414,0,0,0,0,0,0.0
ENSG00000197416,0,0,0,0,3,0.0
ENSG00000197428,0,0,0,0,55,0.0
ENSG00000197430,0,0,0,0,29,0.0
ENSG00000197437,0,31,0,0,0,0.0
ENSG00000197442,0,0,20,0,56,0.0
ENSG00000197445,3,0,0,0,48,0.0
ENSG00000197446,0,0,0,0,19,0.0
ENSG00000197454,0,80,0,0,0,0.0
ENSG00000197465,0,0,0,0,0,0.0
ENSG00000197476,0,0,0,0,0,0.0
ENSG00000197487,0,0,6,0,15,0.0
ENSG00000197506,0,0,0,0,0,0.0
ENSG00000197532,0,50,0,0,0,0.0
ENSG00000197561,0,0,14,0,49,0.0
ENSG00000197584,0,0,0,0,0,0.0
ENSG00000197587,0,0,0,0,26,0.0
ENSG00000197591,0,4,0,0,0,0.0
ENSG00000197629,0,0,0,0,0,0.0
ENSG00000197646,0,0,0,0,9,0.0
ENSG00000197651,0,0,0,0,0,0.0
ENSG00000197658,0,0,0,0,0,0.0
ENSG00000197674,0,0,0,0,0,0.0
ENSG00000197683,0,99,0,0,0,0.0
ENSG00000197706,0,0,0,0,0,0.0
ENSG00000197721,0,0,0,0,4,0.0
ENSG00000197745,0,0,0,0,23,0.0
ENSG00000197769,0,0,6,0,10,0.0
ENSG00000197786,0,0,0,0,0,0.0
ENSG00000197790,0,0,0,0,15,0.0
ENSG00000197826,6,0,10,0,14,0.0
ENSG00000197838,0,0,0,0,22,0.0
ENSG00000197887,0,6,0,0,0,0.0
ENSG00000197901,0,0,0,0,9,0.0
ENSG00000197910,0,0,0,0,0,0.0
ENSG00000197915,0,16,0,0,0,0.0
ENSG00000197919,0,0,0,0,0,0.0
ENSG00000197928,0,80,0,0,0,0.0
ENSG00000197935,0,0,0,0,0,0.0
ENSG00000197938,0,0,0,0,0,0.0
ENSG00000197992,0,0,0,0,11,0.0
ENSG00000198010,0,0,0,0,51,0.0
ENSG00000198019,0,0,0,0,0,0.0
ENSG00000198021,0,0,0,0,0,0.0
ENSG00000198033,0,8,0,0,0,0.0
ENSG00000198046,0,99,0,0,0,0.0
ENSG00000198054,0,0,0,0,6,0.0
ENSG00000198077,0,0,0,0,0,0.0
ENSG00000198083,0,0,0,0,37,0.0
ENSG00000198090,0,45,0,0,7,0.0
ENSG00000198092,0,2,0,0,0,0.0
ENSG00000198104,0,58,0,0,0,0.0
ENSG00000198121,0,0,17,0,38,0.0
ENSG00000198128,0,97,0,0,0,0.0
ENSG00000198129,0,0,0,0,0,0.0
ENSG00000198153,0,86,0,0,0,0.0
ENSG00000198173,0,0,0,0,0,0.0
ENSG00000198178,0,0,0,0,6,0.0
ENSG00000198183,0,0,0,0,54,0.0
ENSG00000198216,0,0,0,0,22,0.0
ENSG00000198251,0,0,0,0,58,0.0
ENSG00000198271,0,0,0,0,7,0.0
ENSG00000198326,0,6,0,0,62,0.0
ENSG00000198327,1,0,0,0,6,0.0
ENSG00000198353,4,0,18,0,69,0.0
ENSG00000198390,0,85,0,0,0,0.0
ENSG00000198398,0,0,0,0,0,0.0
ENSG00000198443,0,0,0,0,6,0.0
ENSG00000198445,0,0,0,0,0,0.0
ENSG00000198454,0,0,14,0,56,0.0
ENSG00000198483,7,0,21,0,31,0.0
ENSG00000198488,0,0,0,0,58,0.0
ENSG00000198523,0,0,0,0,0,0.0
ENSG00000198535,17,0,27,0,7,0.0
ENSG00000198558,0,0,0,0,18,0.0
ENSG00000198570,0,0,0,0,53,0.0
ENSG00000198597,0,0,25,0,76,0.0
ENSG00000198601,0,86,0,0,0,0.0
ENSG00000198643,0,0,0,0,28,0.0
ENSG00000198657,0,2,0,0,20,0.0
ENSG00000198680,0,21,0,0,0,0.0
ENSG00000198681,0,0,0,0,2,0.0
ENSG00000198685,0,0,2,0,59,0.0
ENSG00000198704,0,0,0,0,0,0.0
ENSG00000198729,0,0,7,0,43,0.0
ENSG00000198738,0,0,0,0,3,0.0
ENSG00000198739,0,0,0,0,12,0.0
ENSG00000198759,0,0,0,0,14,0.0
ENSG00000198765,0,0,0,0,14,0.0
ENSG00000198768,0,0,0,0,71,0.0
ENSG00000198771,0,0,16,0,46,0.0
ENSG00000198774,0,0,0,0,0,0.0
ENSG00000198785,0,0,7,0,17,0.0
ENSG00000198795,0,0,10,0,7,0.0
ENSG00000198798,0,0,0,0,0,0.0
ENSG00000198812,0,0,0,0,5,0.0
ENSG00000198821,0,0,0,0,3,0.0
ENSG00000198822,0,0,0,0,12,0.0
ENSG00000198838,0,0,0,0,15,0.0
ENSG00000198842,0,0,0,0,8,0.0
ENSG00000198844,0,0,1,0,44,0.0
ENSG00000198846,0,0,13,0,27,0.0
ENSG00000198851,0,0,0,0,50,0.0
ENSG00000198854,0,7,0,0,0,0.0
ENSG00000198877,0,92,0,0,0,0.0
ENSG00000198883,0,0,0,0,3,0.0
ENSG00000198889,0,62,0,0,0,0.0
ENSG00000198914,0,0,7,0,65,0.0
ENSG00000198930,0,0,0,0,0,0.0
ENSG00000198946,0,0,0,0,0,0.0
ENSG00000198963,0,0,12,0,32,0.0
ENSG00000198965,0,38,0,0,0,0.0
ENSG00000198967,0,73,0,0,0,0.0
ENSG00000203661,0,0,0,0,0,0.0
ENSG00000203663,0,82,0,0,0,0.0
ENSG00000203691,4,0,3,10,0,0.0
ENSG00000203706,0,0,20,0,60,0.0
ENSG00000203710,0,0,8,0,34,0.0
ENSG00000203711,0,0,0,0,13,0.0
ENSG00000203730,4,6,0,0,0,0.0
ENSG00000203740,0,0,0,0,0,0.0
ENSG00000203747,0,0,0,0,0,0.0
ENSG00000203756,0,0,0,0,0,0.0
ENSG00000203757,0,0,0,0,0,0.0
ENSG00000203772,0,22,0,0,0,0.0
ENSG00000203782,0,0,0,0,48,0.0
ENSG00000203783,0,0,0,0,6,0.0
ENSG00000203784,0,0,0,0,8,0.0
ENSG00000203785,0,5,0,0,0,0.0
ENSG00000203786,0,0,0,0,0,0.0
ENSG00000203795,0,0,0,0,0,0.0
ENSG00000203837,0,0,0,0,0,0.0
ENSG00000203857,0,0,0,0,0,0.0
ENSG00000203864,0,0,0,0,7,0.0
ENSG00000203877,0,0,15,0,33,0.0
ENSG00000203907,0,0,0,0,2,0.0
ENSG00000203908,0,0,0,0,31,0.0
ENSG00000203909,0,0,0,0,12,0.0
ENSG00000203910,0,0,3,0,0,0.0
ENSG00000203923,0,24,0,0,0,0.0
ENSG00000203924,0,25,0,0,0,0.0
ENSG00000203926,0,0,0,0,0,0.0
ENSG00000203930,0,0,0,0,0,0.0
ENSG00000203933,0,0,0,0,0,0.0
ENSG00000203950,0,0,0,0,0,0.0
ENSG00000203952,0,0,10,0,14,0.0
ENSG00000203963,0,0,0,0,0,0.0
ENSG00000203970,0,0,0,0,0,0.0
ENSG00000203987,0,0,4,0,58,0.0
ENSG00000204006,0,0,0,0,0,0.0
ENSG00000204007,0,6,0,0,20,0.0
ENSG00000204010,5,0,0,11,0,0.0
ENSG00000204011,0,0,0,0,19,0.0
ENSG00000204020,0,0,0,0,0,0.0
ENSG00000204022,0,0,4,0,0,0.0
ENSG00000204033,0,0,0,0,3,0.0
ENSG00000204038,0,0,0,0,17,0.0
ENSG00000204049,0,0,0,0,0,0.0
ENSG00000204065,0,0,0,0,4,0.0
ENSG00000204071,0,0,0,0,0,0.0
ENSG00000204118,0,0,0,0,0,0.0
ENSG00000204119,0,0,0,0,0,0.0
ENSG00000204131,0,0,4,0,13,0.0
ENSG00000204140,3,0,10,0,49,0.0
ENSG00000204161,0,0,0,0,18,0.0
ENSG00000204165,4,0,3,0,2,0.0
ENSG00000204175,0,0,0,0,66,0.0
ENSG00000204179,0,0,0,0,0,0.0
ENSG00000204187,0,0,0,0,17,0.0
ENSG00000204246,0,0,0,0,0,0.0
ENSG00000204250,0,0,0,0,0,0.0
ENSG00000204279,0,0,0,0,0,0.0
ENSG00000204283,0,0,3,0,93,0.0
ENSG00000204287,0,0,0,0,0,0.0
ENSG00000204291,0,0,0,0,20,0.0
ENSG00000204293,0,0,0,0,0,0.0
ENSG00000204296,0,0,0,0,0,0.0
ENSG00000204300,0,0,0,0,0,0.0
ENSG00000204334,0,0,0,0,0,0.0
ENSG00000204345,0,0,0,0,33,0.0
ENSG00000204361,0,19,0,0,3,0.0
ENSG00000204363,0,0,0,0,0,0.0
ENSG00000204375,0,0,0,0,0,0.0
ENSG00000204376,0,0,0,0,0,0.0
ENSG00000204379,0,0,0,0,0,0.0
ENSG00000204382,0,0,0,0,0,0.0
ENSG00000204398,0,0,0,0,35,0.0
ENSG00000204414,0,0,0,0,43,0.0
ENSG00000204420,0,0,0,0,0,0.0
ENSG00000204424,0,0,0,0,0,0.0
ENSG00000204442,0,0,7,0,7,0.0
ENSG00000204446,0,0,0,0,55,0.0
ENSG00000204449,0,0,0,0,0,0.0
ENSG00000204464,17,0,3,34,0,0.0
ENSG00000204475,0,0,0,0,0,0.0
ENSG00000204478,0,0,0,0,0,0.0
ENSG00000204479,0,0,0,0,0,0.0
ENSG00000204480,0,0,0,0,0,0.0
ENSG00000204481,0,0,0,0,0,0.0
ENSG00000204486,0,0,0,0,0,0.0
ENSG00000204488,0,0,0,0,0,0.0
ENSG00000204491,0,0,0,0,0,0.0
ENSG00000204495,0,0,0,0,0,0.0
ENSG00000204501,0,0,0,0,0,0.0
ENSG00000204502,0,0,0,0,0,0.0
ENSG00000204503,0,0,0,0,0,0.0
ENSG00000204508,0,0,0,0,0,0.0
ENSG00000204510,0,0,0,0,0,0.0
ENSG00000204513,0,7,0,0,0,0.0
ENSG00000204533,0,0,0,0,0,0.0
ENSG00000204539,0,0,0,0,0,0.0
ENSG00000204542,0,0,0,0,0,0.0
ENSG00000204544,0,0,0,0,0,0.0
ENSG00000204548,0,0,0,0,0,0.0
ENSG00000204566,0,0,0,0,0,0.0
ENSG00000204571,0,0,0,0,8,0.0
ENSG00000204612,0,0,3,0,61,0.0
ENSG00000204640,0,0,0,0,10,0.0
ENSG00000204644,0,0,0,0,0,0.0
ENSG00000204645,0,0,0,0,0,0.0
ENSG00000204648,0,0,0,0,0,0.0
ENSG00000204655,0,0,0,0,0,0.0
ENSG00000204657,0,0,0,0,0,0.0
ENSG00000204659,50,0,33,54,4,0.0
ENSG00000204662,0,0,0,0,22,0.0
ENSG00000204671,0,0,0,0,11,0.0
ENSG00000204677,0,5,0,0,0,0.0
ENSG00000204683,0,0,0,0,29,0.0
ENSG00000204687,0,0,0,0,0,0.0
ENSG00000204694,0,0,0,0,0,0.0
ENSG00000204703,0,0,0,0,0,0.0
ENSG00000204704,0,0,0,0,0,0.0
ENSG00000204711,0,0,0,0,21,0.0
ENSG00000204764,0,28,0,0,0,0.0
ENSG00000204767,0,0,0,0,8,0.0
ENSG00000204814,0,0,0,0,4,0.0
ENSG00000204848,0,0,0,0,0,0.0
ENSG00000204849,0,0,0,0,0,0.0
ENSG00000204850,0,0,0,0,32,0.0
ENSG00000204851,0,0,0,0,24,0.0
ENSG00000204873,0,0,0,0,18,0.0
ENSG00000204880,0,2,0,0,35,0.0
ENSG00000204887,0,0,0,0,0,0.0
ENSG00000204897,0,12,0,0,7,0.0
ENSG00000204909,0,0,9,0,0,0.0
ENSG00000204928,0,0,0,0,0,0.0
ENSG00000204930,18,0,20,4,0,0.0
ENSG00000204933,0,0,0,0,8,0.0
ENSG00000204936,0,0,0,0,3,0.0
ENSG00000204950,0,0,20,0,62,0.0
ENSG00000204952,0,0,0,0,5,0.0
ENSG00000204960,0,0,0,0,22,0.0
ENSG00000204979,0,1,0,0,3,0.0
ENSG00000204983,0,0,0,0,40,0.0
ENSG00000205018,0,0,13,0,86,0.0
ENSG00000205020,0,0,0,0,0,0.0
ENSG00000205021,0,0,0,0,0,0.0
ENSG00000205022,0,0,0,0,59,0.0
ENSG00000205029,0,47,0,0,0,0.0
ENSG00000205030,0,33,0,0,0,0.0
ENSG00000205037,0,16,0,0,39,0.0
ENSG00000205045,0,0,0,0,6,0.0
ENSG00000205057,0,0,0,0,0,0.0
ENSG00000205081,0,13,0,0,0,0.0
ENSG00000205097,0,0,0,0,0,0.0
ENSG00000205106,6,0,10,0,51,0.0
ENSG00000205108,0,0,0,0,17,0.0
ENSG00000205174,0,0,0,0,0,0.0
ENSG00000205176,0,0,0,0,8,0.0
ENSG00000205186,0,0,0,0,0,0.0
ENSG00000205221,0,0,0,0,4,0.0
ENSG00000205279,0,0,0,0,0,0.0
ENSG00000205301,0,0,8,0,24,0.0
ENSG00000205325,0,0,0,0,21,0.0
ENSG00000205327,0,0,0,0,0,0.0
ENSG00000205328,0,0,0,0,0,0.0
ENSG00000205329,0,0,0,0,0,0.0
ENSG00000205330,0,0,0,0,0,0.0
ENSG00000205358,4,0,20,0,67,0.0
ENSG00000205360,0,0,15,0,55,0.0
ENSG00000205409,0,0,0,0,3,0.0
ENSG00000205439,0,10,0,0,16,0.0
ENSG00000205441,0,0,0,0,5,0.0
ENSG00000205442,0,77,0,0,0,0.0
ENSG00000205457,0,0,0,0,0,0.0
ENSG00000205495,0,0,0,0,0,0.0
ENSG00000205496,0,0,0,0,0,0.0
ENSG00000205497,0,0,0,0,0,0.0
ENSG00000205502,0,0,13,0,37,0.0
ENSG00000205549,0,0,0,0,10,0.0
ENSG00000205636,0,18,0,0,0,0.0
ENSG00000205653,0,0,0,0,42,0.0
ENSG00000205667,0,10,0,0,0,0.0
ENSG00000205678,0,0,0,0,0,0.0
ENSG00000205718,0,0,0,0,0,0.0
ENSG00000205745,0,0,0,0,22,0.0
ENSG00000205775,0,0,0,0,0,0.0
ENSG00000205777,0,0,0,0,0,0.0
ENSG00000205784,0,0,0,0,0,0.0
ENSG00000205790,0,0,0,0,0,0.0
ENSG00000205846,0,0,0,0,7,0.0
ENSG00000205856,0,0,0,0,21,0.0
ENSG00000205857,0,0,0,0,14,0.0
ENSG00000205858,0,0,0,0,0,0.0
ENSG00000205869,0,0,0,0,4,0.0
ENSG00000205882,0,0,0,0,24,0.0
ENSG00000205883,0,0,13,0,34,0.0
ENSG00000205884,0,0,0,0,41,0.0
ENSG00000205899,13,0,17,0,30,0.0
ENSG00000205927,0,0,0,0,81,0.0
ENSG00000205929,0,0,0,0,2,0.0
ENSG00000205971,0,0,0,0,17,0.0
ENSG00000206013,6,0,20,0,11,0.0
ENSG00000206026,0,0,0,0,22,0.0
ENSG00000206047,0,0,0,0,5,0.0
ENSG00000206069,0,0,10,0,3,0.0
ENSG00000206073,0,0,0,0,0,0.0
ENSG00000206102,0,81,0,0,0,0.0
ENSG00000206104,0,90,0,0,0,0.0
ENSG00000206105,0,92,0,0,0,0.0
ENSG00000206106,0,89,0,0,0,0.0
ENSG00000206107,0,88,0,0,0,0.0
ENSG00000206129,0,71,0,0,0,0.0
ENSG00000206181,0,0,0,0,40,0.0
ENSG00000206203,0,0,10,0,31,0.0
ENSG00000206260,0,0,0,0,0,0.0
ENSG00000206384,0,0,0,0,1,0.0
ENSG00000206422,0,0,0,0,26,0.0
ENSG00000206432,0,0,26,0,77,0.0
ENSG00000206531,0,27,0,0,0,0.0
ENSG00000206536,0,0,0,0,0,0.0
ENSG00000206549,0,0,0,0,7,0.0
ENSG00000206579,0,0,0,0,0,0.0
ENSG00000211448,0,0,0,0,0,0.0
ENSG00000212122,0,0,2,0,16,0.0
ENSG00000212657,0,0,0,0,39,0.0
ENSG00000212658,0,0,0,0,52,0.0
ENSG00000212659,0,0,0,0,3,0.0
ENSG00000212673,0,0,0,3,0,0.0
ENSG00000212712,0,0,0,0,8,0.0
ENSG00000212717,0,0,0,0,3,0.0
ENSG00000212721,0,4,0,0,26,0.0
ENSG00000212722,0,0,0,0,16,0.0
ENSG00000212725,8,10,0,14,0,0.0
ENSG00000212807,0,0,0,0,0,0.0
ENSG00000212899,0,0,0,0,0,0.0
ENSG00000212916,0,0,0,0,0,0.0
ENSG00000212933,0,12,0,0,24,0.0
ENSG00000212938,0,93,0,0,0,0.0
ENSG00000212997,6,0,0,1,0,0.0
ENSG00000213022,0,0,0,0,14,0.0
ENSG00000213023,0,10,0,0,38,0.0
ENSG00000213077,0,0,0,0,0,0.0
ENSG00000213088,0,0,0,0,12,0.0
ENSG00000213121,0,0,0,0,0,0.0
ENSG00000213203,0,0,0,0,8,0.0
ENSG00000213218,0,0,0,0,5,0.0
ENSG00000213231,0,0,0,0,24,0.0
ENSG00000213417,0,0,0,0,0,0.0
ENSG00000213424,0,0,0,0,20,0.0
ENSG00000213512,0,0,0,0,3,0.0
ENSG00000213822,0,0,0,0,3,0.0
ENSG00000213828,0,0,0,0,0,0.0
ENSG00000213892,23,0,22,20,0,0.0
ENSG00000213908,0,0,0,0,26,0.0
ENSG00000213921,0,0,0,0,18,0.0
ENSG00000213973,0,98,0,0,0,0.0
ENSG00000214042,0,0,0,0,0,0.0
ENSG00000214097,7,0,0,0,33,0.0
ENSG00000214105,0,0,5,0,64,0.0
ENSG00000214107,0,0,0,0,0,0.0
ENSG00000214109,16,0,23,5,7,0.0
ENSG00000214128,0,0,0,0,15,0.0
ENSG00000214216,0,0,0,0,0,0.0
ENSG00000214285,0,0,0,0,8,0.0
ENSG00000214305,0,0,0,0,0,0.0
ENSG00000214306,0,0,0,0,0,0.0
ENSG00000214324,0,18,0,0,3,0.0
ENSG00000214325,0,0,0,0,0,0.0
ENSG00000214360,6,0,11,0,0,0.0
ENSG00000214415,0,0,0,0,0,0.0
ENSG00000214479,14,0,8,10,6,0.0
ENSG00000214513,0,0,5,0,7,0.0
ENSG00000214518,19,0,0,23,0,0.0
ENSG00000214556,15,0,15,0,0,0.0
ENSG00000214581,0,100,0,0,0,0.0
ENSG00000214642,0,0,0,0,0,0.0
ENSG00000214643,0,0,0,0,0,0.0
ENSG00000214681,0,0,0,0,33,0.0
ENSG00000214686,0,0,0,0,3,0.0
ENSG00000214711,0,0,9,0,29,0.0
ENSG00000214782,0,0,0,0,47,0.0
ENSG00000214787,0,0,0,0,0,0.0
ENSG00000214788,0,0,0,0,3,0.0
ENSG00000214819,0,0,0,0,0,0.0
ENSG00000214844,0,0,0,0,0,0.0
ENSG00000214854,0,7,0,0,26,0.0
ENSG00000214866,0,0,0,0,14,0.0
ENSG00000214891,0,0,0,0,0,0.0
ENSG00000214921,0,0,3,0,64,0.0
ENSG00000214929,0,0,0,0,0,0.0
ENSG00000214970,0,0,0,0,3,0.0
ENSG00000214978,0,0,0,0,18,0.0
ENSG00000215009,0,0,0,0,9,0.0
ENSG00000215020,0,0,0,0,0,0.0
ENSG00000215029,0,0,0,0,0,0.0
ENSG00000215046,0,0,0,0,0,0.0
ENSG00000215131,8,0,15,0,18,0.0
ENSG00000215203,0,0,0,0,0,0.0
ENSG00000215262,0,0,0,0,0,0.0
ENSG00000215269,0,0,0,0,0,0.0
ENSG00000215274,0,0,0,0,0,0.0
ENSG00000215343,0,0,0,0,0,0.0
ENSG00000215346,0,0,0,0,18,0.0
ENSG00000215368,0,0,0,0,10,0.0
ENSG00000215397,0,0,9,0,53,0.0
ENSG00000215405,0,0,0,0,0,0.0
ENSG00000215454,9,26,14,3,3,0.0
ENSG00000215455,0,18,0,0,10,0.0
ENSG00000215474,0,0,0,0,20,0.0
ENSG00000215475,0,11,0,0,60,0.0
ENSG00000215545,3,0,0,0,0,0.0
ENSG00000215547,0,0,0,0,0,0.0
ENSG00000215549,0,0,0,0,24,0.0
ENSG00000215568,0,0,0,0,0,0.0
ENSG00000215612,0,0,0,0,38,0.0
ENSG00000215704,0,0,4,0,26,0.0
ENSG00000215811,0,0,0,0,55,0.0
ENSG00000216649,0,0,0,0,0,0.0
ENSG00000216671,0,97,0,0,0,0.0
ENSG00000216921,0,0,0,0,76,0.0
ENSG00000217261,0,0,0,0,4,0.0
ENSG00000218357,0,0,0,0,23,0.0
ENSG00000218672,0,0,10,0,90,0.0
ENSG00000219016,0,4,0,0,71,0.0
ENSG00000219159,0,0,3,0,52,0.0
ENSG00000220008,0,0,14,0,72,0.0
ENSG00000220161,0,0,0,0,0,0.0
ENSG00000220256,0,7,0,0,96,0.0
ENSG00000220575,0,0,0,0,0,0.0
ENSG00000220702,0,0,0,0,66,0.0
ENSG00000220891,3,0,6,0,4,0.0
ENSG00000221818,0,0,0,0,61,0.0
ENSG00000221819,0,0,0,0,0,0.0
ENSG00000221837,0,43,0,0,0,0.0
ENSG00000221840,0,89,0,0,0,0.0
ENSG00000221855,0,0,0,0,3,0.0
ENSG00000221859,0,3,0,0,10,0.0
ENSG00000221864,0,15,0,0,3,0.0
ENSG00000221870,0,0,0,0,0,0.0
ENSG00000221882,0,0,0,0,3,0.0
ENSG00000221888,0,83,0,0,0,0.0
ENSG00000221900,0,76,0,0,0,0.0
ENSG00000221910,0,0,0,0,0,0.0
ENSG00000221931,0,0,0,0,7,0.0
ENSG00000221937,0,0,0,0,6,0.0
ENSG00000221938,0,0,0,0,0,0.0
ENSG00000221954,0,40,0,0,0,0.0
ENSG00000221961,0,0,0,0,55,0.0
ENSG00000221962,0,0,0,0,0,0.0
ENSG00000221970,0,0,0,0,0,0.0
ENSG00000221972,0,0,14,0,40,0.0
ENSG00000221977,0,0,0,0,5,0.0
ENSG00000221989,0,0,0,0,0,0.0
ENSG00000222000,0,0,0,0,17,0.0
ENSG00000222007,0,0,0,0,0,0.0
ENSG00000222012,0,0,0,0,26,0.0
ENSG00000222017,0,0,0,0,0,0.0
ENSG00000222018,0,0,0,0,0,0.0
ENSG00000222022,0,0,0,0,34,0.0
ENSG00000222031,0,0,0,0,0,0.0
ENSG00000222047,0,0,0,0,18,0.0
ENSG00000223443,0,0,0,0,0,0.0
ENSG00000223524,0,0,0,0,0,0.0
ENSG00000223569,0,4,0,0,6,0.0
ENSG00000223609,0,0,0,0,4,0.0
ENSG00000223865,0,0,0,0,0,0.0
ENSG00000223874,9,0,0,19,0,0.0
ENSG00000223931,0,0,0,0,0,0.0
ENSG00000224089,0,0,0,0,0,0.0
ENSG00000224130,0,0,4,0,16,0.0
ENSG00000224336,0,0,0,0,0,0.0
ENSG00000224361,0,0,0,0,62,0.0
ENSG00000224586,0,0,0,0,0,0.0
ENSG00000224659,0,0,0,0,0,0.0
ENSG00000224730,0,0,0,0,17,0.0
ENSG00000224821,0,0,0,0,59,0.0
ENSG00000224867,0,0,0,0,0,0.0
ENSG00000224902,0,0,0,0,0,0.0
ENSG00000224963,11,0,28,0,8,0.0
ENSG00000225212,0,0,0,0,9,0.0
ENSG00000225362,0,0,10,0,34,0.0
ENSG00000225516,0,0,0,0,0,0.0
ENSG00000225597,0,0,0,0,0,0.0
ENSG00000225614,0,0,6,0,86,0.0
ENSG00000225683,0,0,0,0,51,0.0
ENSG00000225781,0,0,0,0,10,0.0
ENSG00000225885,0,0,0,0,0,0.0
ENSG00000226104,12,0,13,0,0,0.0
ENSG00000226209,4,0,0,0,8,0.0
ENSG00000226288,0,0,0,0,0,0.0
ENSG00000226372,0,0,0,0,0,0.0
ENSG00000226397,0,0,0,0,4,0.0
ENSG00000226490,0,0,0,0,28,0.0
ENSG00000226746,18,0,27,0,0,0.0
ENSG00000226757,0,0,8,0,55,0.0
ENSG00000226777,0,0,0,0,9,0.0
ENSG00000226894,0,0,0,0,0,0.0
ENSG00000226907,0,0,0,0,0,0.0
ENSG00000226941,0,16,0,0,0,0.0
ENSG00000227011,0,95,0,0,0,0.0
ENSG00000227059,0,90,0,0,0,0.0
ENSG00000227140,0,0,0,0,0,0.0
ENSG00000227151,0,0,0,0,0,0.0
ENSG00000227234,0,0,0,0,0,0.0
ENSG00000227488,0,0,0,0,0,0.0
ENSG00000227551,0,0,0,0,0,0.0
ENSG00000227717,0,0,0,0,0,0.0
ENSG00000227839,0,35,0,0,0,0.0
ENSG00000228083,0,0,0,0,0,0.0
ENSG00000228198,0,90,0,0,0,0.0
ENSG00000228273,7,7,9,0,61,0.0
ENSG00000228325,0,0,0,0,0,0.0
ENSG00000228368,0,0,0,3,0,0.0
ENSG00000228459,0,0,0,0,0,0.0
ENSG00000228517,0,0,0,0,0,0.0
ENSG00000228537,0,0,0,0,0,0.0
ENSG00000228567,0,64,0,0,0,0.0
ENSG00000228607,0,0,5,0,15,0.0
ENSG00000228768,0,0,7,0,38,0.0
ENSG00000228804,0,0,0,0,4,0.0
ENSG00000228836,0,0,0,0,0,0.0
ENSG00000228856,0,0,0,0,0,0.0
ENSG00000228919,21,0,28,0,3,0.0
ENSG00000229086,0,0,0,0,65,0.0
ENSG00000229183,0,0,0,0,0,0.0
ENSG00000229415,0,0,0,0,87,0.0
ENSG00000229453,0,0,0,0,16,0.0
ENSG00000229544,0,0,21,0,67,0.0
ENSG00000229571,0,0,0,0,0,0.0
ENSG00000229579,0,0,0,0,0,0.0
ENSG00000229615,0,0,0,0,0,0.0
ENSG00000229689,0,0,0,0,19,0.0
ENSG00000229859,0,6,0,0,12,0.0
ENSG00000229937,0,0,0,0,0,0.0
ENSG00000229972,0,0,0,0,12,0.0
ENSG00000230000,0,6,0,0,0,0.0
ENSG00000230347,0,0,0,0,0,0.0
ENSG00000230430,0,0,0,0,0,0.0
ENSG00000230522,0,0,0,0,0,0.0
ENSG00000230610,0,0,0,0,0,0.0
ENSG00000230657,0,0,0,0,0,0.0
ENSG00000230778,0,0,23,0,78,0.0
ENSG00000230891,0,0,0,0,3,0.0
ENSG00000230969,0,0,0,0,19,0.0
ENSG00000231031,0,0,0,0,49,0.0
ENSG00000231051,0,0,0,0,3,0.0
ENSG00000231068,0,98,0,0,0,0.0
ENSG00000231171,0,0,0,0,0,0.0
ENSG00000231192,0,0,0,0,0,0.0
ENSG00000231396,0,0,0,0,18,0.0
ENSG00000231421,0,0,11,0,55,0.0
ENSG00000231637,0,0,0,0,3,0.0
ENSG00000231738,0,0,4,0,0,0.0
ENSG00000231757,0,0,0,0,0,0.0
ENSG00000231850,0,0,0,0,0,0.0
ENSG00000231861,0,0,0,0,0,0.0
ENSG00000231924,0,0,0,0,0,0.0
ENSG00000231997,0,0,0,0,0,0.0
ENSG00000232013,0,0,0,0,0,0.0
ENSG00000232056,0,0,0,0,14,0.0
ENSG00000232125,0,0,0,0,6,0.0
ENSG00000232258,22,0,34,13,18,0.0
ENSG00000232263,0,98,0,0,0,0.0
ENSG00000232264,0,0,0,0,3,0.0
ENSG00000232382,0,4,0,0,0,0.0
ENSG00000232399,0,0,0,0,18,0.0
ENSG00000232417,0,0,0,0,0,0.0
ENSG00000232423,0,0,0,0,0,0.0
ENSG00000232629,0,0,0,0,0,0.0
ENSG00000232748,0,0,0,0,0,0.0
ENSG00000232948,0,0,0,0,0,0.0
ENSG00000233041,0,0,5,0,13,0.0
ENSG00000233050,0,0,0,0,0,0.0
ENSG00000233136,0,0,0,0,4,0.0
ENSG00000233412,0,0,0,0,0,0.0
ENSG00000233436,0,0,0,0,0,0.0
ENSG00000233502,9,0,26,0,73,0.0
ENSG00000233538,0,0,0,0,0,0.0
ENSG00000233539,0,0,0,0,0,0.0
ENSG00000233670,0,0,0,0,3,0.0
ENSG00000233701,0,7,0,0,0,0.0
ENSG00000233732,0,0,0,0,0,0.0
ENSG00000233803,0,0,0,0,0,0.0
ENSG00000233816,0,0,0,0,0,0.0
ENSG00000233863,0,98,0,0,0,0.0
ENSG00000233889,0,0,0,0,0,0.0
ENSG00000234214,0,0,0,0,0,0.0
ENSG00000234224,0,0,13,0,4,0.0
ENSG00000234237,0,0,0,0,0,0.0
ENSG00000234278,0,0,0,0,0,0.0
ENSG00000234298,0,0,0,0,5,0.0
ENSG00000234409,0,0,5,0,16,0.0
ENSG00000234414,0,0,0,0,0,0.0
ENSG00000234438,3,0,0,0,6,0.0
ENSG00000234444,0,96,0,0,0,0.0
ENSG00000234511,0,0,0,0,0,0.0
ENSG00000234560,0,0,0,0,0,0.0
ENSG00000234734,0,0,0,0,0,0.0
ENSG00000234829,0,0,0,0,0,0.0
ENSG00000234965,1,0,32,0,78,0.0
ENSG00000235034,0,0,0,0,0,0.0
ENSG00000235156,0,4,0,0,0,0.0
ENSG00000235268,0,0,0,0,9,0.0
ENSG00000235478,0,0,13,0,27,0.0
ENSG00000235531,0,0,0,0,0,0.0
ENSG00000235604,0,0,0,0,0,0.0
ENSG00000235608,0,0,0,0,7,0.0
ENSG00000235711,0,0,0,0,8,0.0
ENSG00000235780,0,0,0,0,0,0.0
ENSG00000235931,0,0,0,0,0,0.0
ENSG00000235942,0,0,0,0,4,0.0
ENSG00000235978,0,0,0,0,5,0.0
ENSG00000236027,0,0,0,0,3,0.0
ENSG00000236032,0,0,0,0,0,0.0
ENSG00000236249,0,0,0,0,0,0.0
ENSG00000236294,0,0,0,0,0,0.0
ENSG00000236301,0,0,0,0,63,0.0
ENSG00000236320,0,0,0,0,12,0.0
ENSG00000236338,0,0,0,0,0,0.0
ENSG00000236362,0,0,0,0,0,0.0
ENSG00000236396,0,0,0,0,9,0.0
ENSG00000236398,0,0,0,0,3,0.0
ENSG00000236424,0,0,0,0,0,0.0
ENSG00000236446,0,0,0,0,0,0.0
ENSG00000236637,0,0,0,0,0,0.0
ENSG00000236669,0,0,0,0,96,0.0
ENSG00000236699,0,0,0,0,3,0.0
ENSG00000236737,0,0,0,0,0,0.0
ENSG00000236761,0,0,0,0,0,0.0
ENSG00000236827,0,0,0,0,45,0.0
ENSG00000236939,0,0,10,0,55,0.0
ENSG00000236981,0,0,0,0,0,0.0
ENSG00000237136,0,0,0,0,0,0.0
ENSG00000237247,0,0,0,0,0,0.0
ENSG00000237353,0,0,0,0,4,0.0
ENSG00000237388,0,59,0,0,0,0.0
ENSG00000237521,0,36,0,0,0,0.0
ENSG00000237597,0,0,0,0,0,0.0
ENSG00000237671,0,0,0,0,0,0.0
ENSG00000237787,0,0,0,0,0,0.0
ENSG00000237847,4,0,6,0,0,0.0
ENSG00000237850,0,0,0,0,0,0.0
ENSG00000237896,0,0,0,0,0,0.0
ENSG00000237957,0,0,0,0,0,0.0
ENSG00000238091,0,0,0,0,0,0.0
ENSG00000238166,0,0,4,0,22,0.0
ENSG00000238243,0,10,0,0,0,0.0
ENSG00000239388,0,0,0,0,8,0.0
ENSG00000239511,0,0,0,0,0,0.0
ENSG00000239839,0,0,0,0,11,0.0
ENSG00000239886,0,0,0,0,14,0.0
ENSG00000240215,0,0,0,0,17,0.0
ENSG00000240247,0,0,0,0,10,0.0
ENSG00000240257,0,0,0,0,0,0.0
ENSG00000240403,0,0,0,0,0,0.0
ENSG00000240423,0,0,0,0,0,0.0
ENSG00000240432,0,95,0,0,0,0.0
ENSG00000240542,0,0,0,0,9,0.0
ENSG00000240871,0,0,0,0,10,0.0
ENSG00000241128,0,66,0,0,0,0.0
ENSG00000241241,0,0,0,0,22,0.0
ENSG00000241465,0,0,0,0,0,0.0
ENSG00000241476,0,0,0,0,0,0.0
ENSG00000241595,0,0,0,0,18,0.0
ENSG00000241690,0,6,0,0,62,0.0
ENSG00000241794,0,0,0,0,0,0.0
ENSG00000242019,0,0,0,0,0,0.0
ENSG00000242107,0,0,0,0,0,0.0
ENSG00000242185,0,0,0,0,0,0.0
ENSG00000242284,0,0,0,0,0,0.0
ENSG00000242389,0,0,0,0,0,0.0
ENSG00000242441,0,0,0,0,12,0.0
ENSG00000242574,0,0,0,0,0,0.0
ENSG00000242875,0,0,0,0,0,0.0
ENSG00000242950,0,0,0,0,0,0.0
ENSG00000243073,0,0,0,0,0,0.0
ENSG00000243284,0,0,0,0,23,0.0
ENSG00000243489,0,27,0,0,22,0.0
ENSG00000243543,0,0,0,0,31,0.0
ENSG00000243627,0,7,3,0,5,0.0
ENSG00000243729,0,0,0,0,0,0.0
ENSG00000243772,0,0,0,0,0,0.0
ENSG00000243896,0,0,0,0,0,0.0
ENSG00000244025,0,86,0,0,0,0.0
ENSG00000244057,0,0,0,0,0,0.0
ENSG00000244094,0,0,0,0,0,0.0
ENSG00000244355,0,0,0,0,0,0.0
ENSG00000244362,0,86,0,0,0,0.0
ENSG00000244395,0,0,0,0,0,0.0
ENSG00000244476,0,0,0,0,0,0.0
ENSG00000244537,0,0,0,0,37,0.0
ENSG00000244624,0,91,0,0,0,0.0
ENSG00000244734,0,4,0,0,7,0.0
ENSG00000245008,0,0,0,0,52,0.0
ENSG00000245869,0,0,2,0,68,0.0
ENSG00000246223,0,59,0,0,0,0.0
ENSG00000246477,0,0,0,0,0,0.0
ENSG00000247746,0,0,0,0,0,0.0
ENSG00000248369,0,13,0,0,0,0.0
ENSG00000248385,0,17,0,0,0,0.0
ENSG00000248458,0,0,0,0,0,0.0
ENSG00000248469,0,0,0,0,0,0.0
ENSG00000248511,0,0,0,0,8,0.0
ENSG00000248713,0,0,0,0,38,0.0
ENSG00000248789,0,0,0,0,0,0.0
ENSG00000248801,0,0,4,0,19,0.0
ENSG00000248874,0,75,0,0,0,0.0
ENSG00000248920,0,0,0,0,0,0.0
ENSG00000248933,0,0,0,0,2,0.0
ENSG00000249008,0,0,0,0,0,0.0
ENSG00000249016,0,0,0,0,0,0.0
ENSG00000249034,0,0,0,0,0,0.0
ENSG00000249049,0,37,0,0,0,0.0
ENSG00000249104,0,0,0,0,0,0.0
ENSG00000249109,0,0,0,0,0,0.0
ENSG00000249112,0,0,4,0,3,0.0
ENSG00000249139,0,0,0,0,23,0.0
ENSG00000249160,0,0,0,0,16,0.0
ENSG00000249481,0,0,7,0,47,0.0
ENSG00000249581,43,0,36,9,8,0.0
ENSG00000249647,0,0,3,0,0,0.0
ENSG00000249811,0,0,0,0,3,0.0
ENSG00000249852,0,0,0,0,0,0.0
ENSG00000249860,0,0,0,0,0,0.0
ENSG00000249861,0,0,0,0,4,0.0
ENSG00000250038,0,69,0,0,0,0.0
ENSG00000250127,0,3,0,0,0,0.0
ENSG00000250173,0,0,0,0,52,0.0
ENSG00000250254,0,0,0,0,10,0.0
ENSG00000250361,0,0,0,0,0,0.0
ENSG00000250423,0,0,0,0,0,0.0
ENSG00000250486,0,0,0,0,0,0.0
ENSG00000250511,0,0,2,0,0,0.0
ENSG00000250641,0,0,0,0,0,0.0
ENSG00000250685,0,0,3,0,83,0.0
ENSG00000250733,0,0,0,0,0,0.0
ENSG00000250745,0,0,0,0,3,0.0
ENSG00000250844,0,0,0,0,0,0.0
ENSG00000250913,0,0,0,0,3,0.0
ENSG00000251012,0,0,0,0,0,0.0
ENSG00000251139,19,0,14,22,0,0.0
ENSG00000251258,0,0,0,0,9,0.0
ENSG00000251283,0,0,0,0,0,0.0
ENSG00000251380,0,0,0,0,42,0.0
ENSG00000251655,0,0,0,0,0,0.0
ENSG00000253105,0,0,0,0,8,0.0
ENSG00000253110,0,0,0,0,12,0.0
ENSG00000253117,0,0,0,0,0,0.0
ENSG00000253148,0,0,0,0,0,0.0
ENSG00000253206,0,85,0,0,0,0.0
ENSG00000253207,0,26,0,0,0,0.0
ENSG00000253258,0,11,5,0,39,0.0
ENSG00000253308,0,0,5,0,68,0.0
ENSG00000253309,0,0,0,0,2,0.0
ENSG00000253314,0,100,0,0,0,0.0
ENSG00000253350,9,0,21,0,20,0.0
ENSG00000253379,0,0,0,0,0,0.0
ENSG00000253389,0,0,0,0,59,0.0
ENSG00000253396,0,4,0,0,16,0.0
ENSG00000253426,6,6,13,0,38,0.0
ENSG00000253457,0,0,0,0,0,0.0
ENSG00000253548,0,0,0,0,0,0.0
ENSG00000253782,0,0,0,0,3,0.0
ENSG00000253857,0,0,0,0,0,0.0
ENSG00000253903,0,0,0,0,0,0.0
ENSG00000253976,0,0,0,0,0,0.0
ENSG00000254018,0,0,0,0,0,0.0
ENSG00000254019,0,0,4,0,43,0.0
ENSG00000254021,5,0,22,0,36,0.0
ENSG00000254038,0,0,0,0,0,0.0
ENSG00000254081,0,0,0,0,3,0.0
ENSG00000254111,3,0,19,0,0,0.0
ENSG00000254318,0,0,0,0,0,0.0
ENSG00000254377,0,0,0,0,21,0.0
ENSG00000254440,0,0,0,8,0,0.0
ENSG00000254466,0,0,0,0,0,0.0
ENSG00000254521,0,0,0,0,11,0.0
ENSG00000254533,5,14,4,0,0,0.0
ENSG00000254556,0,0,0,0,18,0.0
ENSG00000254585,0,0,0,0,17,0.0
ENSG00000254588,10,0,14,0,20,0.0
ENSG00000254607,0,0,0,0,27,0.0
ENSG00000254636,0,0,0,0,52,0.0
ENSG00000254647,0,0,0,0,51,0.0
ENSG00000254656,0,0,0,0,33,0.0
ENSG00000254667,0,0,5,0,38,0.0
ENSG00000254709,0,0,0,0,5,0.0
ENSG00000254737,0,0,0,0,0,0.0
ENSG00000254774,0,0,4,0,88,0.0
ENSG00000254790,9,0,24,0,5,0.0
ENSG00000254833,52,0,56,43,8,0.0
ENSG00000254834,0,8,0,0,0,0.0
ENSG00000254839,0,0,0,0,39,0.0
ENSG00000254842,5,0,4,4,17,0.0
ENSG00000254932,0,0,9,0,72,0.0
ENSG00000254936,0,0,0,0,25,0.0
ENSG00000254943,0,0,8,0,80,0.0
ENSG00000255012,0,0,0,0,0,0.0
ENSG00000255015,0,16,0,0,0,0.0
ENSG00000255020,0,0,14,0,46,0.0
ENSG00000255085,3,14,3,0,0,0.0
ENSG00000255087,0,0,0,0,7,0.0
ENSG00000255093,0,0,12,0,21,0.0
ENSG00000255124,9,0,24,0,4,0.0
ENSG00000255216,0,0,0,0,54,0.0
ENSG00000255221,0,0,0,0,0,0.0
ENSG00000255223,0,24,0,0,0,0.0
ENSG00000255238,0,0,0,0,13,0.0
ENSG00000255247,4,0,12,8,0,0.0
ENSG00000255251,0,0,0,0,0,0.0
ENSG00000255307,0,4,0,0,5,0.0
ENSG00000255310,0,0,0,0,28,0.0
ENSG00000255317,0,0,0,0,23,0.0
ENSG00000255332,0,24,0,0,0,0.0
ENSG00000255346,0,0,0,0,0,0.0
ENSG00000255354,8,0,14,0,86,0.0
ENSG00000255366,4,0,13,0,23,0.0
ENSG00000255378,0,0,0,0,0,0.0
ENSG00000255384,50,0,46,30,16,0.0
ENSG00000255475,0,0,0,0,51,0.0
ENSG00000255501,0,7,0,0,0,0.0
ENSG00000255537,0,0,10,0,22,0.0
ENSG00000255582,0,0,0,0,0,0.0
ENSG00000255587,0,0,0,0,64,0.0
ENSG00000255692,0,0,0,0,0,0.0
ENSG00000255713,0,0,0,0,35,0.0
ENSG00000255748,0,100,0,0,0,0.0
ENSG00000255800,0,0,0,0,0,0.0
ENSG00000255833,0,0,0,0,40,0.0
ENSG00000255940,0,4,0,0,6,0.0
ENSG00000255974,0,0,0,0,15,0.0
ENSG00000255994,0,0,33,0,58,0.0
ENSG00000256222,0,0,0,0,0,0.0
ENSG00000256391,0,0,0,0,77,0.0
ENSG00000256394,0,38,0,0,0,0.0
ENSG00000256463,0,0,0,0,25,0.0
ENSG00000256515,0,0,0,0,0,0.0
ENSG00000256530,12,0,19,0,14,0.0
ENSG00000256612,0,15,0,0,63,0.0
ENSG00000256642,0,94,0,0,0,0.0
ENSG00000256655,0,0,0,5,0,0.0
ENSG00000256660,0,0,0,0,3,0.0
ENSG00000256713,0,0,0,0,3,0.0
ENSG00000256715,0,59,0,0,0,0.0
ENSG00000256797,0,0,0,0,0,0.0
ENSG00000256870,0,0,0,0,4,0.0
ENSG00000256892,0,0,0,0,0,0.0
ENSG00000257008,0,0,0,0,54,0.0
ENSG00000257019,0,0,0,0,0,0.0
ENSG00000257040,0,0,0,0,20,0.0
ENSG00000257127,0,0,0,0,0,0.0
ENSG00000257138,0,0,5,0,0,0.0
ENSG00000257198,0,0,0,0,4,0.0
ENSG00000257230,0,0,0,0,0,0.0
ENSG00000257482,0,92,0,0,0,0.0
ENSG00000257726,0,0,0,0,4,0.0
ENSG00000257860,0,0,0,0,0,0.0
ENSG00000257955,3,0,12,0,20,0.0
ENSG00000257962,17,0,12,13,5,0.0
ENSG00000257987,0,0,0,0,3,0.0
ENSG00000258171,7,5,0,3,0,0.0
ENSG00000258223,0,0,0,0,4,0.0
ENSG00000258227,0,3,0,0,4,0.0
ENSG00000258231,0,0,0,0,0,0.0
ENSG00000258247,0,0,0,0,8,0.0
ENSG00000258389,0,5,0,0,0,0.0
ENSG00000258417,0,0,0,0,0,0.0
ENSG00000258436,0,0,0,0,15,0.0
ENSG00000258484,63,0,56,56,27,0.0
ENSG00000258582,0,0,0,0,43,0.0
ENSG00000258697,0,0,0,0,0,0.0
ENSG00000258710,0,0,0,0,0,0.0
ENSG00000258713,0,6,0,0,62,0.0
ENSG00000258740,0,0,0,2,39,0.0
ENSG00000258755,0,4,0,0,0,0.0
ENSG00000258817,0,75,0,0,0,0.0
ENSG00000258834,0,5,0,0,0,0.0
ENSG00000258847,0,16,0,0,11,0.0
ENSG00000258850,0,86,0,0,0,0.0
ENSG00000258869,0,85,0,0,0,0.0
ENSG00000258873,11,0,10,0,0,0.0
ENSG00000258910,0,0,12,0,57,0.0
ENSG00000258928,0,0,0,0,7,0.0
ENSG00000258945,0,19,3,0,40,0.0
ENSG00000258986,0,0,4,0,40,0.0
ENSG00000258987,0,0,7,0,0,0.0
ENSG00000258992,0,0,0,0,0,0.0
ENSG00000259063,0,5,0,0,0,0.0
ENSG00000259119,0,0,0,0,12,0.0
ENSG00000259133,0,0,0,0,6,0.0
ENSG00000259176,0,0,0,0,0,0.0
ENSG00000259202,34,0,15,49,0,0.0
ENSG00000259280,0,0,7,0,40,0.0
ENSG00000259289,0,0,0,0,41,0.0
ENSG00000259303,0,13,1,0,4,0.0
ENSG00000259437,0,12,0,0,39,0.0
ENSG00000259455,0,0,0,0,0,0.0
ENSG00000259457,0,0,3,0,70,0.0
ENSG00000259458,0,0,0,0,0,0.0
ENSG00000259532,1,0,5,1,0,0.0
ENSG00000259571,0,0,0,0,0,0.0
ENSG00000259645,0,0,7,0,25,0.0
ENSG00000259664,0,93,0,0,0,0.0
ENSG00000259680,0,0,0,0,0,0.0
ENSG00000259717,0,0,34,0,49,0.0
