Seed: 1011  |  Range: 0-31
Dataset : /group/pmc021/amunif/epi-thesis/workflow/18_Pairwise Ranking HepG2 REMC/dataset
Output  : /group/pmc021/amunif/epi-thesis/workflow/18_Pairwise Ranking HepG2 REMC/output/combined
Using device: cpu
Train :  15716  (80.0%)
Val   :   1964  (10.0%)
Test  :   1965  (10.0%)
No overlap between partitions

======================================================================
000-H3K4me3
======================================================================
Train label distribution:
  Label 0:   4140 (51.7%)
  Label 1:   3860 (48.2%)
Val label distribution:
  Label 0:    553 (55.3%)
  Label 1:    447 (44.7%)
Test label distribution:
  Label 0:    521 (52.1%)
  Label 1:    479 (47.9%)
Saved label distribution: /group/pmc021/amunif/epi-thesis/workflow/18_Pairwise Ranking HepG2 REMC/output/combined/test/000-H3K4me3-seed1011-label-distribution.csv

--- Training DirectRanker ---
Epoch [1/100] [TRAIN] Loss: 0.6538, Accuracy: 70.64%, AUC: 0.77 [VAL] Loss: 0.5432, Accuracy: 74.80%, Precision: 0.69, Recall: 0.79, F1: 0.74, AUC: 0.83
Epoch [2/100] [TRAIN] Loss: 0.6032, Accuracy: 72.24%, AUC: 0.80 [VAL] Loss: 0.5367, Accuracy: 75.40%, Precision: 0.70, Recall: 0.80, F1: 0.74, AUC: 0.84
Epoch [3/100] [TRAIN] Loss: 0.5967, Accuracy: 72.54%, AUC: 0.80 [VAL] Loss: 0.5383, Accuracy: 75.70%, Precision: 0.70, Recall: 0.80, F1: 0.75, AUC: 0.84
Epoch [4/100] [TRAIN] Loss: 0.5831, Accuracy: 72.67%, AUC: 0.81 [VAL] Loss: 0.5373, Accuracy: 75.70%, Precision: 0.70, Recall: 0.80, F1: 0.75, AUC: 0.84
Epoch [5/100] [TRAIN] Loss: 0.5767, Accuracy: 73.05%, AUC: 0.81 [VAL] Loss: 0.5376, Accuracy: 75.50%, Precision: 0.70, Recall: 0.79, F1: 0.74, AUC: 0.84
Epoch [6/100] [TRAIN] Loss: 0.5767, Accuracy: 73.30%, AUC: 0.81 [VAL] Loss: 0.5375, Accuracy: 75.50%, Precision: 0.70, Recall: 0.79, F1: 0.74, AUC: 0.84
Epoch [7/100] [TRAIN] Loss: 0.5773, Accuracy: 73.45%, AUC: 0.81 [VAL] Loss: 0.5381, Accuracy: 75.80%, Precision: 0.70, Recall: 0.80, F1: 0.75, AUC: 0.84
Epoch [8/100] [TRAIN] Loss: 0.5756, Accuracy: 73.26%, AUC: 0.81 [VAL] Loss: 0.5378, Accuracy: 75.20%, Precision: 0.70, Recall: 0.79, F1: 0.74, AUC: 0.84
Epoch [9/100] [TRAIN] Loss: 0.5731, Accuracy: 72.69%, AUC: 0.81 [VAL] Loss: 0.5376, Accuracy: 75.20%, Precision: 0.70, Recall: 0.79, F1: 0.74, AUC: 0.84
Epoch [10/100] [TRAIN] Loss: 0.5761, Accuracy: 73.28%, AUC: 0.81 [VAL] Loss: 0.5378, Accuracy: 75.20%, Precision: 0.70, Recall: 0.79, F1: 0.74, AUC: 0.84
Epoch [11/100] [TRAIN] Loss: 0.5704, Accuracy: 73.47%, AUC: 0.81 [VAL] Loss: 0.5377, Accuracy: 75.20%, Precision: 0.70, Recall: 0.79, F1: 0.74, AUC: 0.84
Epoch [12/100] [TRAIN] Loss: 0.5716, Accuracy: 73.86%, AUC: 0.81 [VAL] Loss: 0.5378, Accuracy: 75.20%, Precision: 0.70, Recall: 0.79, F1: 0.74, AUC: 0.84
  Early stopping at epoch 12 (no val_loss improvement for 10 epochs)
  Antisymmetry score (raw):        0.9220
  Antisymmetry score (confident):  1.0000
  Total violations:                78 / 1000
  Pairs near boundary:             185 (18.5%)
  Avg |prob-0.5| at violation:     0.0000

--- Training baselines (LogisticRegression, RandomForest, SVM) ---

  Training LogisticRegression...
  Val accuracy: 75.20%  |  Val AUC: 0.8226

  [LogisticRegression]  Accuracy: 76.60%  AUC: 0.8425  AUCPRC: 0.8284  Precision: 0.7966  Recall: 0.6868  F1: 0.7377  Antisym: 0.7970

  Training RandomForest...
  Val accuracy: 75.90%  |  Val AUC: 0.8281

  [RandomForest]  Accuracy: 77.20%  AUC: 0.8531  AUCPRC: 0.8381  Precision: 0.7898  Recall: 0.7140  F1: 0.7500  Antisym: 0.7880

  Training SVM_Linear...
  Val accuracy: 75.10%  |  Val AUC: 0.8231

  [SVM_Linear]  Accuracy: 76.80%  AUC: 0.8428  AUCPRC: 0.8286  Precision: 0.7976  Recall: 0.6910  F1: 0.7405  Antisym: 0.7940
Seed: 1011
=== DirectRanker ===
Accuracy:  74.90 %
AUC:       0.8437
AUCPRC:    0.8427
Precision: 0.7218
Recall:    0.7745
F1-Score:  0.7472
Antisymmetry score:  0.9220  (1.0 = perfect, ~0.5 = random)

Detailed Classification Report:
              precision    recall  f1-score   support

           0       0.78      0.73      0.75       521
           1       0.72      0.77      0.75       479

    accuracy                           0.75      1000
   macro avg       0.75      0.75      0.75      1000
weighted avg       0.75      0.75      0.75      1000


Confusion Matrix:
[[378 143]
 [108 371]]

=== LogisticRegression ===
Accuracy:  76.60 %
AUC:       0.8425
AUCPRC:    0.8284
Precision: 0.7966
Recall:    0.6868
F1-Score:  0.7377
Antisymmetry score:  0.7970
Confusion Matrix:
[[437  84]
 [150 329]]

=== RandomForest ===
Accuracy:  77.20 %
AUC:       0.8531
AUCPRC:    0.8381
Precision: 0.7898
Recall:    0.7140
F1-Score:  0.7500
Antisymmetry score:  0.7880
Confusion Matrix:
[[430  91]
 [137 342]]

=== SVM_Linear ===
Accuracy:  76.80 %
AUC:       0.8428
AUCPRC:    0.8286
Precision: 0.7976
Recall:    0.6910
F1-Score:  0.7405
Antisymmetry score:  0.7940
Confusion Matrix:
[[437  84]
 [148 331]]

Saved combined test metrics: /group/pmc021/amunif/epi-thesis/workflow/18_Pairwise Ranking HepG2 REMC/output/combined/test/000-H3K4me3-seed1011-test-metrics.csv
Saved combined ROC plot: /group/pmc021/amunif/epi-thesis/workflow/18_Pairwise Ranking HepG2 REMC/output/combined/img/roc/000-H3K4me3-seed1011-roc-combined.png
Saved combined PRC plot: /group/pmc021/amunif/epi-thesis/workflow/18_Pairwise Ranking HepG2 REMC/output/combined/img/prc/000-H3K4me3-seed1011-prc-combined.png

Finished 000-H3K4me3 (seed 1011)

======================================================================
001-H3K9ac
======================================================================
Train label distribution:
  Label 0:   4140 (51.7%)
  Label 1:   3860 (48.2%)
Val label distribution:
  Label 0:    553 (55.3%)
  Label 1:    447 (44.7%)
Test label distribution:
  Label 0:    521 (52.1%)
  Label 1:    479 (47.9%)
Saved label distribution: /group/pmc021/amunif/epi-thesis/workflow/18_Pairwise Ranking HepG2 REMC/output/combined/test/001-H3K9ac-seed1011-label-distribution.csv

--- Training DirectRanker ---
Epoch [1/100] [TRAIN] Loss: 0.5990, Accuracy: 73.46%, AUC: 0.81 [VAL] Loss: 0.5288, Accuracy: 75.30%, Precision: 0.68, Recall: 0.83, F1: 0.75, AUC: 0.85
Epoch [2/100] [TRAIN] Loss: 0.5661, Accuracy: 74.88%, AUC: 0.83 [VAL] Loss: 0.5270, Accuracy: 75.30%, Precision: 0.68, Recall: 0.83, F1: 0.75, AUC: 0.85
Epoch [3/100] [TRAIN] Loss: 0.5579, Accuracy: 75.58%, AUC: 0.83 [VAL] Loss: 0.5269, Accuracy: 75.40%, Precision: 0.68, Recall: 0.83, F1: 0.75, AUC: 0.85
Epoch [4/100] [TRAIN] Loss: 0.5499, Accuracy: 76.29%, AUC: 0.84 [VAL] Loss: 0.5245, Accuracy: 75.30%, Precision: 0.68, Recall: 0.83, F1: 0.75, AUC: 0.85
Epoch [5/100] [TRAIN] Loss: 0.5497, Accuracy: 75.76%, AUC: 0.84 [VAL] Loss: 0.5245, Accuracy: 75.20%, Precision: 0.68, Recall: 0.83, F1: 0.75, AUC: 0.85
Epoch [6/100] [TRAIN] Loss: 0.5459, Accuracy: 75.39%, AUC: 0.84 [VAL] Loss: 0.5236, Accuracy: 75.20%, Precision: 0.68, Recall: 0.84, F1: 0.75, AUC: 0.85
Epoch [7/100] [TRAIN] Loss: 0.5489, Accuracy: 75.36%, AUC: 0.83 [VAL] Loss: 0.5246, Accuracy: 75.50%, Precision: 0.68, Recall: 0.84, F1: 0.75, AUC: 0.85
Epoch [8/100] [TRAIN] Loss: 0.5424, Accuracy: 75.97%, AUC: 0.84 [VAL] Loss: 0.5232, Accuracy: 75.40%, Precision: 0.68, Recall: 0.84, F1: 0.75, AUC: 0.85
Epoch [9/100] [TRAIN] Loss: 0.5402, Accuracy: 75.84%, AUC: 0.84 [VAL] Loss: 0.5218, Accuracy: 75.80%, Precision: 0.69, Recall: 0.84, F1: 0.76, AUC: 0.85
Epoch [10/100] [TRAIN] Loss: 0.5426, Accuracy: 75.83%, AUC: 0.84 [VAL] Loss: 0.5225, Accuracy: 75.90%, Precision: 0.69, Recall: 0.84, F1: 0.76, AUC: 0.85
Epoch [11/100] [TRAIN] Loss: 0.5365, Accuracy: 76.46%, AUC: 0.84 [VAL] Loss: 0.5215, Accuracy: 75.70%, Precision: 0.69, Recall: 0.84, F1: 0.75, AUC: 0.85
Epoch [12/100] [TRAIN] Loss: 0.5368, Accuracy: 75.78%, AUC: 0.84 [VAL] Loss: 0.5210, Accuracy: 75.90%, Precision: 0.69, Recall: 0.84, F1: 0.76, AUC: 0.85
Epoch [13/100] [TRAIN] Loss: 0.5414, Accuracy: 75.83%, AUC: 0.84 [VAL] Loss: 0.5209, Accuracy: 75.80%, Precision: 0.69, Recall: 0.84, F1: 0.76, AUC: 0.85
Epoch [14/100] [TRAIN] Loss: 0.5355, Accuracy: 76.15%, AUC: 0.84 [VAL] Loss: 0.5201, Accuracy: 75.60%, Precision: 0.69, Recall: 0.84, F1: 0.75, AUC: 0.85
Epoch [15/100] [TRAIN] Loss: 0.5350, Accuracy: 76.06%, AUC: 0.84 [VAL] Loss: 0.5206, Accuracy: 75.50%, Precision: 0.69, Recall: 0.83, F1: 0.75, AUC: 0.85
Epoch [16/100] [TRAIN] Loss: 0.5345, Accuracy: 76.39%, AUC: 0.84 [VAL] Loss: 0.5194, Accuracy: 75.50%, Precision: 0.69, Recall: 0.83, F1: 0.75, AUC: 0.85
Epoch [17/100] [TRAIN] Loss: 0.5383, Accuracy: 76.04%, AUC: 0.84 [VAL] Loss: 0.5207, Accuracy: 75.30%, Precision: 0.68, Recall: 0.83, F1: 0.75, AUC: 0.85
Epoch [18/100] [TRAIN] Loss: 0.5401, Accuracy: 75.92%, AUC: 0.84 [VAL] Loss: 0.5213, Accuracy: 75.30%, Precision: 0.68, Recall: 0.83, F1: 0.75, AUC: 0.85
Epoch [19/100] [TRAIN] Loss: 0.5342, Accuracy: 75.91%, AUC: 0.84 [VAL] Loss: 0.5198, Accuracy: 75.10%, Precision: 0.68, Recall: 0.83, F1: 0.75, AUC: 0.85
Epoch [20/100] [TRAIN] Loss: 0.5345, Accuracy: 76.31%, AUC: 0.84 [VAL] Loss: 0.5197, Accuracy: 75.20%, Precision: 0.68, Recall: 0.83, F1: 0.75, AUC: 0.85
Epoch [21/100] [TRAIN] Loss: 0.5319, Accuracy: 76.16%, AUC: 0.84 [VAL] Loss: 0.5193, Accuracy: 75.40%, Precision: 0.69, Recall: 0.83, F1: 0.75, AUC: 0.85
Epoch [22/100] [TRAIN] Loss: 0.5350, Accuracy: 75.51%, AUC: 0.84 [VAL] Loss: 0.5192, Accuracy: 75.40%, Precision: 0.69, Recall: 0.83, F1: 0.75, AUC: 0.85
Epoch [23/100] [TRAIN] Loss: 0.5313, Accuracy: 76.60%, AUC: 0.85 [VAL] Loss: 0.5184, Accuracy: 75.40%, Precision: 0.69, Recall: 0.83, F1: 0.75, AUC: 0.85
Epoch [24/100] [TRAIN] Loss: 0.5312, Accuracy: 76.04%, AUC: 0.84 [VAL] Loss: 0.5186, Accuracy: 75.30%, Precision: 0.68, Recall: 0.83, F1: 0.75, AUC: 0.85
Epoch [25/100] [TRAIN] Loss: 0.5306, Accuracy: 76.05%, AUC: 0.84 [VAL] Loss: 0.5181, Accuracy: 75.10%, Precision: 0.68, Recall: 0.83, F1: 0.75, AUC: 0.85
Epoch [26/100] [TRAIN] Loss: 0.5323, Accuracy: 76.10%, AUC: 0.84 [VAL] Loss: 0.5178, Accuracy: 75.00%, Precision: 0.68, Recall: 0.83, F1: 0.75, AUC: 0.85
Epoch [27/100] [TRAIN] Loss: 0.5318, Accuracy: 76.22%, AUC: 0.84 [VAL] Loss: 0.5184, Accuracy: 75.00%, Precision: 0.68, Recall: 0.83, F1: 0.75, AUC: 0.85
Epoch [28/100] [TRAIN] Loss: 0.5317, Accuracy: 76.28%, AUC: 0.84 [VAL] Loss: 0.5184, Accuracy: 74.80%, Precision: 0.68, Recall: 0.83, F1: 0.75, AUC: 0.85
Epoch [29/100] [TRAIN] Loss: 0.5292, Accuracy: 76.24%, AUC: 0.85 [VAL] Loss: 0.5174, Accuracy: 75.00%, Precision: 0.68, Recall: 0.83, F1: 0.75, AUC: 0.85
Epoch [30/100] [TRAIN] Loss: 0.5283, Accuracy: 76.14%, AUC: 0.85 [VAL] Loss: 0.5174, Accuracy: 74.70%, Precision: 0.68, Recall: 0.82, F1: 0.74, AUC: 0.85
Epoch [31/100] [TRAIN] Loss: 0.5242, Accuracy: 75.94%, AUC: 0.85 [VAL] Loss: 0.5165, Accuracy: 74.90%, Precision: 0.68, Recall: 0.82, F1: 0.75, AUC: 0.85
Epoch [32/100] [TRAIN] Loss: 0.5255, Accuracy: 75.94%, AUC: 0.85 [VAL] Loss: 0.5172, Accuracy: 74.70%, Precision: 0.68, Recall: 0.82, F1: 0.74, AUC: 0.85
Epoch [33/100] [TRAIN] Loss: 0.5291, Accuracy: 76.16%, AUC: 0.84 [VAL] Loss: 0.5161, Accuracy: 75.00%, Precision: 0.68, Recall: 0.83, F1: 0.75, AUC: 0.85
Epoch [34/100] [TRAIN] Loss: 0.5284, Accuracy: 75.97%, AUC: 0.84 [VAL] Loss: 0.5167, Accuracy: 74.70%, Precision: 0.68, Recall: 0.82, F1: 0.74, AUC: 0.85
Epoch [35/100] [TRAIN] Loss: 0.5256, Accuracy: 76.36%, AUC: 0.85 [VAL] Loss: 0.5160, Accuracy: 75.00%, Precision: 0.68, Recall: 0.83, F1: 0.75, AUC: 0.85
Epoch [36/100] [TRAIN] Loss: 0.5291, Accuracy: 76.56%, AUC: 0.85 [VAL] Loss: 0.5164, Accuracy: 74.80%, Precision: 0.68, Recall: 0.83, F1: 0.75, AUC: 0.85
Epoch [37/100] [TRAIN] Loss: 0.5307, Accuracy: 76.03%, AUC: 0.84 [VAL] Loss: 0.5174, Accuracy: 74.70%, Precision: 0.68, Recall: 0.82, F1: 0.74, AUC: 0.85
Epoch [38/100] [TRAIN] Loss: 0.5316, Accuracy: 75.47%, AUC: 0.84 [VAL] Loss: 0.5169, Accuracy: 74.80%, Precision: 0.68, Recall: 0.82, F1: 0.74, AUC: 0.85
Epoch [39/100] [TRAIN] Loss: 0.5257, Accuracy: 75.95%, AUC: 0.85 [VAL] Loss: 0.5161, Accuracy: 74.80%, Precision: 0.68, Recall: 0.82, F1: 0.74, AUC: 0.85
Epoch [40/100] [TRAIN] Loss: 0.5279, Accuracy: 75.97%, AUC: 0.85 [VAL] Loss: 0.5156, Accuracy: 74.80%, Precision: 0.68, Recall: 0.82, F1: 0.74, AUC: 0.85
Epoch [41/100] [TRAIN] Loss: 0.5264, Accuracy: 75.80%, AUC: 0.85 [VAL] Loss: 0.5161, Accuracy: 74.70%, Precision: 0.68, Recall: 0.82, F1: 0.74, AUC: 0.85
Epoch [42/100] [TRAIN] Loss: 0.5243, Accuracy: 76.28%, AUC: 0.85 [VAL] Loss: 0.5158, Accuracy: 74.70%, Precision: 0.68, Recall: 0.82, F1: 0.74, AUC: 0.85
Epoch [43/100] [TRAIN] Loss: 0.5250, Accuracy: 76.09%, AUC: 0.85 [VAL] Loss: 0.5164, Accuracy: 74.90%, Precision: 0.68, Recall: 0.82, F1: 0.75, AUC: 0.85
Epoch [44/100] [TRAIN] Loss: 0.5248, Accuracy: 76.56%, AUC: 0.85 [VAL] Loss: 0.5160, Accuracy: 74.90%, Precision: 0.68, Recall: 0.82, F1: 0.75, AUC: 0.85
Epoch [45/100] [TRAIN] Loss: 0.5313, Accuracy: 76.11%, AUC: 0.84 [VAL] Loss: 0.5167, Accuracy: 74.90%, Precision: 0.68, Recall: 0.82, F1: 0.75, AUC: 0.85
Epoch [46/100] [TRAIN] Loss: 0.5241, Accuracy: 76.24%, AUC: 0.85 [VAL] Loss: 0.5156, Accuracy: 74.80%, Precision: 0.68, Recall: 0.83, F1: 0.75, AUC: 0.85
Epoch [47/100] [TRAIN] Loss: 0.5228, Accuracy: 76.40%, AUC: 0.85 [VAL] Loss: 0.5158, Accuracy: 74.70%, Precision: 0.68, Recall: 0.82, F1: 0.74, AUC: 0.85
Epoch [48/100] [TRAIN] Loss: 0.5257, Accuracy: 75.95%, AUC: 0.85 [VAL] Loss: 0.5161, Accuracy: 74.60%, Precision: 0.68, Recall: 0.82, F1: 0.74, AUC: 0.85
Epoch [49/100] [TRAIN] Loss: 0.5235, Accuracy: 76.29%, AUC: 0.85 [VAL] Loss: 0.5160, Accuracy: 74.60%, Precision: 0.68, Recall: 0.82, F1: 0.74, AUC: 0.85
Epoch [50/100] [TRAIN] Loss: 0.5256, Accuracy: 75.88%, AUC: 0.85 [VAL] Loss: 0.5164, Accuracy: 74.40%, Precision: 0.68, Recall: 0.82, F1: 0.74, AUC: 0.85
  Early stopping at epoch 50 (no val_loss improvement for 10 epochs)
  Antisymmetry score (raw):        0.8570
  Antisymmetry score (confident):  1.0000
  Total violations:                143 / 1000
  Pairs near boundary:             209 (20.9%)
  Avg |prob-0.5| at violation:     0.0000

--- Training baselines (LogisticRegression, RandomForest, SVM) ---

  Training LogisticRegression...
  Val accuracy: 76.60%  |  Val AUC: 0.8369

  [LogisticRegression]  Accuracy: 76.10%  AUC: 0.8411  AUCPRC: 0.8295  Precision: 0.8061  Recall: 0.6597  F1: 0.7256  Antisym: 0.7520

  Training RandomForest...
  Val accuracy: 78.10%  |  Val AUC: 0.8610

  [RandomForest]  Accuracy: 79.60%  AUC: 0.8837  AUCPRC: 0.8694  Precision: 0.8395  Recall: 0.7098  F1: 0.7692  Antisym: 0.7640

  Training SVM_Linear...
  Val accuracy: 76.50%  |  Val AUC: 0.8385

  [SVM_Linear]  Accuracy: 76.70%  AUC: 0.8426  AUCPRC: 0.8312  Precision: 0.8154  Recall: 0.6639  F1: 0.7319  Antisym: 0.7470
Seed: 1011
=== DirectRanker ===
Accuracy:  75.00 %
AUC:       0.8627
AUCPRC:    0.8600
Precision: 0.7086
Recall:    0.8121
F1-Score:  0.7568
Antisymmetry score:  0.8570  (1.0 = perfect, ~0.5 = random)

Detailed Classification Report:
              precision    recall  f1-score   support

           0       0.80      0.69      0.74       521
           1       0.71      0.81      0.76       479

    accuracy                           0.75      1000
   macro avg       0.75      0.75      0.75      1000
weighted avg       0.76      0.75      0.75      1000


Confusion Matrix:
[[361 160]
 [ 90 389]]

=== LogisticRegression ===
Accuracy:  76.10 %
AUC:       0.8411
AUCPRC:    0.8295
Precision: 0.8061
Recall:    0.6597
F1-Score:  0.7256
Antisymmetry score:  0.7520
Confusion Matrix:
[[445  76]
 [163 316]]

=== RandomForest ===
Accuracy:  79.60 %
AUC:       0.8837
AUCPRC:    0.8694
Precision: 0.8395
Recall:    0.7098
F1-Score:  0.7692
Antisymmetry score:  0.7640
Confusion Matrix:
[[456  65]
 [139 340]]

=== SVM_Linear ===
Accuracy:  76.70 %
AUC:       0.8426
AUCPRC:    0.8312
Precision: 0.8154
Recall:    0.6639
F1-Score:  0.7319
Antisymmetry score:  0.7470
Confusion Matrix:
[[449  72]
 [161 318]]

Saved combined test metrics: /group/pmc021/amunif/epi-thesis/workflow/18_Pairwise Ranking HepG2 REMC/output/combined/test/001-H3K9ac-seed1011-test-metrics.csv
Saved combined ROC plot: /group/pmc021/amunif/epi-thesis/workflow/18_Pairwise Ranking HepG2 REMC/output/combined/img/roc/001-H3K9ac-seed1011-roc-combined.png
Saved combined PRC plot: /group/pmc021/amunif/epi-thesis/workflow/18_Pairwise Ranking HepG2 REMC/output/combined/img/prc/001-H3K9ac-seed1011-prc-combined.png

Finished 001-H3K9ac (seed 1011)

======================================================================
002-H3K9me3
======================================================================
Train label distribution:
  Label 0:   4140 (51.7%)
  Label 1:   3860 (48.2%)
Val label distribution:
  Label 0:    553 (55.3%)
  Label 1:    447 (44.7%)
Test label distribution:
  Label 0:    521 (52.1%)
  Label 1:    479 (47.9%)
Saved label distribution: /group/pmc021/amunif/epi-thesis/workflow/18_Pairwise Ranking HepG2 REMC/output/combined/test/002-H3K9me3-seed1011-label-distribution.csv

--- Training DirectRanker ---
Epoch [1/100] [TRAIN] Loss: 0.7304, Accuracy: 49.29%, AUC: 0.49 [VAL] Loss: 0.7275, Accuracy: 44.70%, Precision: 0.44, Recall: 0.92, F1: 0.60, AUC: 0.50
Epoch [2/100] [TRAIN] Loss: 0.7288, Accuracy: 49.01%, AUC: 0.48 [VAL] Loss: 0.7263, Accuracy: 45.00%, Precision: 0.44, Recall: 0.91, F1: 0.60, AUC: 0.50
Epoch [3/100] [TRAIN] Loss: 0.7272, Accuracy: 49.77%, AUC: 0.49 [VAL] Loss: 0.7254, Accuracy: 45.30%, Precision: 0.45, Recall: 0.92, F1: 0.60, AUC: 0.51
Epoch [4/100] [TRAIN] Loss: 0.7259, Accuracy: 50.45%, AUC: 0.51 [VAL] Loss: 0.7246, Accuracy: 45.60%, Precision: 0.45, Recall: 0.93, F1: 0.60, AUC: 0.51
Epoch [5/100] [TRAIN] Loss: 0.7246, Accuracy: 50.77%, AUC: 0.52 [VAL] Loss: 0.7239, Accuracy: 46.00%, Precision: 0.45, Recall: 0.94, F1: 0.61, AUC: 0.52
Epoch [6/100] [TRAIN] Loss: 0.7242, Accuracy: 51.15%, AUC: 0.52 [VAL] Loss: 0.7233, Accuracy: 45.80%, Precision: 0.45, Recall: 0.93, F1: 0.61, AUC: 0.52
Epoch [7/100] [TRAIN] Loss: 0.7240, Accuracy: 50.41%, AUC: 0.51 [VAL] Loss: 0.7228, Accuracy: 45.70%, Precision: 0.45, Recall: 0.93, F1: 0.61, AUC: 0.52
Epoch [8/100] [TRAIN] Loss: 0.7233, Accuracy: 50.71%, AUC: 0.51 [VAL] Loss: 0.7223, Accuracy: 45.80%, Precision: 0.45, Recall: 0.94, F1: 0.61, AUC: 0.52
Epoch [9/100] [TRAIN] Loss: 0.7228, Accuracy: 51.39%, AUC: 0.52 [VAL] Loss: 0.7219, Accuracy: 46.20%, Precision: 0.45, Recall: 0.94, F1: 0.61, AUC: 0.53
Epoch [10/100] [TRAIN] Loss: 0.7219, Accuracy: 50.81%, AUC: 0.52 [VAL] Loss: 0.7216, Accuracy: 46.50%, Precision: 0.45, Recall: 0.94, F1: 0.61, AUC: 0.53
Epoch [11/100] [TRAIN] Loss: 0.7214, Accuracy: 51.17%, AUC: 0.52 [VAL] Loss: 0.7212, Accuracy: 46.70%, Precision: 0.45, Recall: 0.94, F1: 0.61, AUC: 0.53
Epoch [12/100] [TRAIN] Loss: 0.7211, Accuracy: 51.84%, AUC: 0.53 [VAL] Loss: 0.7209, Accuracy: 46.70%, Precision: 0.45, Recall: 0.94, F1: 0.61, AUC: 0.53
Epoch [13/100] [TRAIN] Loss: 0.7211, Accuracy: 51.85%, AUC: 0.52 [VAL] Loss: 0.7206, Accuracy: 46.80%, Precision: 0.45, Recall: 0.94, F1: 0.61, AUC: 0.54
Epoch [14/100] [TRAIN] Loss: 0.7212, Accuracy: 50.61%, AUC: 0.51 [VAL] Loss: 0.7203, Accuracy: 46.70%, Precision: 0.45, Recall: 0.94, F1: 0.61, AUC: 0.53
Epoch [15/100] [TRAIN] Loss: 0.7204, Accuracy: 51.60%, AUC: 0.53 [VAL] Loss: 0.7200, Accuracy: 46.70%, Precision: 0.45, Recall: 0.94, F1: 0.61, AUC: 0.53
Epoch [16/100] [TRAIN] Loss: 0.7198, Accuracy: 51.33%, AUC: 0.53 [VAL] Loss: 0.7198, Accuracy: 46.70%, Precision: 0.45, Recall: 0.94, F1: 0.61, AUC: 0.53
Epoch [17/100] [TRAIN] Loss: 0.7197, Accuracy: 52.16%, AUC: 0.53 [VAL] Loss: 0.7195, Accuracy: 46.70%, Precision: 0.45, Recall: 0.94, F1: 0.61, AUC: 0.53
Epoch [18/100] [TRAIN] Loss: 0.7197, Accuracy: 51.05%, AUC: 0.52 [VAL] Loss: 0.7193, Accuracy: 46.70%, Precision: 0.45, Recall: 0.94, F1: 0.61, AUC: 0.53
Epoch [19/100] [TRAIN] Loss: 0.7186, Accuracy: 51.90%, AUC: 0.54 [VAL] Loss: 0.7191, Accuracy: 46.70%, Precision: 0.45, Recall: 0.94, F1: 0.61, AUC: 0.53
Epoch [20/100] [TRAIN] Loss: 0.7182, Accuracy: 51.99%, AUC: 0.53 [VAL] Loss: 0.7189, Accuracy: 46.80%, Precision: 0.45, Recall: 0.94, F1: 0.61, AUC: 0.53
Epoch [21/100] [TRAIN] Loss: 0.7187, Accuracy: 51.33%, AUC: 0.52 [VAL] Loss: 0.7187, Accuracy: 46.80%, Precision: 0.45, Recall: 0.94, F1: 0.61, AUC: 0.53
Epoch [22/100] [TRAIN] Loss: 0.7191, Accuracy: 51.39%, AUC: 0.53 [VAL] Loss: 0.7186, Accuracy: 46.80%, Precision: 0.45, Recall: 0.94, F1: 0.61, AUC: 0.53
Epoch [23/100] [TRAIN] Loss: 0.7174, Accuracy: 52.88%, AUC: 0.55 [VAL] Loss: 0.7184, Accuracy: 46.80%, Precision: 0.45, Recall: 0.94, F1: 0.61, AUC: 0.53
Epoch [24/100] [TRAIN] Loss: 0.7181, Accuracy: 51.89%, AUC: 0.53 [VAL] Loss: 0.7183, Accuracy: 46.80%, Precision: 0.45, Recall: 0.94, F1: 0.61, AUC: 0.53
Epoch [25/100] [TRAIN] Loss: 0.7174, Accuracy: 51.92%, AUC: 0.53 [VAL] Loss: 0.7182, Accuracy: 46.80%, Precision: 0.45, Recall: 0.94, F1: 0.61, AUC: 0.53
Epoch [26/100] [TRAIN] Loss: 0.7182, Accuracy: 51.09%, AUC: 0.52 [VAL] Loss: 0.7180, Accuracy: 46.80%, Precision: 0.45, Recall: 0.94, F1: 0.61, AUC: 0.53
Epoch [27/100] [TRAIN] Loss: 0.7175, Accuracy: 51.90%, AUC: 0.53 [VAL] Loss: 0.7179, Accuracy: 46.80%, Precision: 0.45, Recall: 0.94, F1: 0.61, AUC: 0.53
Epoch [28/100] [TRAIN] Loss: 0.7181, Accuracy: 51.79%, AUC: 0.53 [VAL] Loss: 0.7178, Accuracy: 46.80%, Precision: 0.45, Recall: 0.94, F1: 0.61, AUC: 0.53
Epoch [29/100] [TRAIN] Loss: 0.7175, Accuracy: 52.52%, AUC: 0.54 [VAL] Loss: 0.7177, Accuracy: 46.80%, Precision: 0.45, Recall: 0.94, F1: 0.61, AUC: 0.53
Epoch [30/100] [TRAIN] Loss: 0.7175, Accuracy: 52.02%, AUC: 0.54 [VAL] Loss: 0.7176, Accuracy: 46.80%, Precision: 0.45, Recall: 0.94, F1: 0.61, AUC: 0.53
Epoch [31/100] [TRAIN] Loss: 0.7172, Accuracy: 51.64%, AUC: 0.53 [VAL] Loss: 0.7175, Accuracy: 46.80%, Precision: 0.45, Recall: 0.94, F1: 0.61, AUC: 0.53
Epoch [32/100] [TRAIN] Loss: 0.7169, Accuracy: 52.49%, AUC: 0.54 [VAL] Loss: 0.7174, Accuracy: 46.80%, Precision: 0.45, Recall: 0.94, F1: 0.61, AUC: 0.53
Epoch [33/100] [TRAIN] Loss: 0.7170, Accuracy: 51.29%, AUC: 0.53 [VAL] Loss: 0.7174, Accuracy: 46.80%, Precision: 0.45, Recall: 0.94, F1: 0.61, AUC: 0.53
Epoch [34/100] [TRAIN] Loss: 0.7170, Accuracy: 51.62%, AUC: 0.53 [VAL] Loss: 0.7173, Accuracy: 46.80%, Precision: 0.45, Recall: 0.94, F1: 0.61, AUC: 0.53
Epoch [35/100] [TRAIN] Loss: 0.7169, Accuracy: 52.01%, AUC: 0.54 [VAL] Loss: 0.7172, Accuracy: 46.80%, Precision: 0.45, Recall: 0.94, F1: 0.61, AUC: 0.53
Epoch [36/100] [TRAIN] Loss: 0.7168, Accuracy: 51.21%, AUC: 0.53 [VAL] Loss: 0.7171, Accuracy: 46.80%, Precision: 0.45, Recall: 0.94, F1: 0.61, AUC: 0.53
Epoch [37/100] [TRAIN] Loss: 0.7166, Accuracy: 52.05%, AUC: 0.53 [VAL] Loss: 0.7171, Accuracy: 46.80%, Precision: 0.45, Recall: 0.94, F1: 0.61, AUC: 0.53
Epoch [38/100] [TRAIN] Loss: 0.7165, Accuracy: 52.23%, AUC: 0.54 [VAL] Loss: 0.7170, Accuracy: 46.80%, Precision: 0.45, Recall: 0.94, F1: 0.61, AUC: 0.53
Epoch [39/100] [TRAIN] Loss: 0.7159, Accuracy: 51.40%, AUC: 0.53 [VAL] Loss: 0.7169, Accuracy: 46.80%, Precision: 0.45, Recall: 0.94, F1: 0.61, AUC: 0.53
Epoch [40/100] [TRAIN] Loss: 0.7173, Accuracy: 50.66%, AUC: 0.52 [VAL] Loss: 0.7169, Accuracy: 46.80%, Precision: 0.45, Recall: 0.94, F1: 0.61, AUC: 0.53
Epoch [41/100] [TRAIN] Loss: 0.7162, Accuracy: 51.62%, AUC: 0.53 [VAL] Loss: 0.7168, Accuracy: 46.80%, Precision: 0.45, Recall: 0.94, F1: 0.61, AUC: 0.53
Epoch [42/100] [TRAIN] Loss: 0.7159, Accuracy: 51.75%, AUC: 0.53 [VAL] Loss: 0.7168, Accuracy: 46.80%, Precision: 0.45, Recall: 0.94, F1: 0.61, AUC: 0.53
Epoch [43/100] [TRAIN] Loss: 0.7164, Accuracy: 51.64%, AUC: 0.53 [VAL] Loss: 0.7167, Accuracy: 46.80%, Precision: 0.45, Recall: 0.94, F1: 0.61, AUC: 0.53
Epoch [44/100] [TRAIN] Loss: 0.7160, Accuracy: 51.89%, AUC: 0.54 [VAL] Loss: 0.7167, Accuracy: 46.80%, Precision: 0.45, Recall: 0.94, F1: 0.61, AUC: 0.53
Epoch [45/100] [TRAIN] Loss: 0.7167, Accuracy: 51.19%, AUC: 0.53 [VAL] Loss: 0.7166, Accuracy: 46.80%, Precision: 0.45, Recall: 0.94, F1: 0.61, AUC: 0.53
Epoch [46/100] [TRAIN] Loss: 0.7163, Accuracy: 51.60%, AUC: 0.53 [VAL] Loss: 0.7166, Accuracy: 46.80%, Precision: 0.45, Recall: 0.94, F1: 0.61, AUC: 0.53
Epoch [47/100] [TRAIN] Loss: 0.7159, Accuracy: 51.33%, AUC: 0.53 [VAL] Loss: 0.7165, Accuracy: 46.80%, Precision: 0.45, Recall: 0.94, F1: 0.61, AUC: 0.53
Epoch [48/100] [TRAIN] Loss: 0.7162, Accuracy: 52.84%, AUC: 0.55 [VAL] Loss: 0.7165, Accuracy: 46.80%, Precision: 0.45, Recall: 0.94, F1: 0.61, AUC: 0.53
Epoch [49/100] [TRAIN] Loss: 0.7163, Accuracy: 50.77%, AUC: 0.53 [VAL] Loss: 0.7164, Accuracy: 46.80%, Precision: 0.45, Recall: 0.94, F1: 0.61, AUC: 0.53
Epoch [50/100] [TRAIN] Loss: 0.7160, Accuracy: 51.64%, AUC: 0.54 [VAL] Loss: 0.7164, Accuracy: 46.80%, Precision: 0.45, Recall: 0.94, F1: 0.61, AUC: 0.53
Epoch [51/100] [TRAIN] Loss: 0.7160, Accuracy: 52.05%, AUC: 0.54 [VAL] Loss: 0.7164, Accuracy: 46.80%, Precision: 0.45, Recall: 0.94, F1: 0.61, AUC: 0.53
Epoch [52/100] [TRAIN] Loss: 0.7153, Accuracy: 50.95%, AUC: 0.53 [VAL] Loss: 0.7163, Accuracy: 46.80%, Precision: 0.45, Recall: 0.94, F1: 0.61, AUC: 0.53
Epoch [53/100] [TRAIN] Loss: 0.7158, Accuracy: 51.71%, AUC: 0.54 [VAL] Loss: 0.7163, Accuracy: 46.80%, Precision: 0.45, Recall: 0.94, F1: 0.61, AUC: 0.53
Epoch [54/100] [TRAIN] Loss: 0.7155, Accuracy: 51.51%, AUC: 0.53 [VAL] Loss: 0.7162, Accuracy: 46.80%, Precision: 0.45, Recall: 0.94, F1: 0.61, AUC: 0.53
Epoch [55/100] [TRAIN] Loss: 0.7163, Accuracy: 51.92%, AUC: 0.54 [VAL] Loss: 0.7162, Accuracy: 46.80%, Precision: 0.45, Recall: 0.94, F1: 0.61, AUC: 0.53
Epoch [56/100] [TRAIN] Loss: 0.7158, Accuracy: 52.06%, AUC: 0.53 [VAL] Loss: 0.7162, Accuracy: 46.80%, Precision: 0.45, Recall: 0.94, F1: 0.61, AUC: 0.53
Epoch [57/100] [TRAIN] Loss: 0.7149, Accuracy: 52.25%, AUC: 0.54 [VAL] Loss: 0.7161, Accuracy: 46.80%, Precision: 0.45, Recall: 0.94, F1: 0.61, AUC: 0.53
Epoch [58/100] [TRAIN] Loss: 0.7143, Accuracy: 52.20%, AUC: 0.54 [VAL] Loss: 0.7161, Accuracy: 46.80%, Precision: 0.45, Recall: 0.94, F1: 0.61, AUC: 0.53
Epoch [59/100] [TRAIN] Loss: 0.7154, Accuracy: 51.96%, AUC: 0.54 [VAL] Loss: 0.7161, Accuracy: 46.80%, Precision: 0.45, Recall: 0.94, F1: 0.61, AUC: 0.53
Epoch [60/100] [TRAIN] Loss: 0.7156, Accuracy: 52.27%, AUC: 0.54 [VAL] Loss: 0.7160, Accuracy: 46.80%, Precision: 0.45, Recall: 0.94, F1: 0.61, AUC: 0.53
Epoch [61/100] [TRAIN] Loss: 0.7159, Accuracy: 52.09%, AUC: 0.54 [VAL] Loss: 0.7160, Accuracy: 46.80%, Precision: 0.45, Recall: 0.94, F1: 0.61, AUC: 0.53
Epoch [62/100] [TRAIN] Loss: 0.7159, Accuracy: 51.35%, AUC: 0.53 [VAL] Loss: 0.7160, Accuracy: 46.80%, Precision: 0.45, Recall: 0.94, F1: 0.61, AUC: 0.53
Epoch [63/100] [TRAIN] Loss: 0.7152, Accuracy: 51.74%, AUC: 0.53 [VAL] Loss: 0.7160, Accuracy: 46.80%, Precision: 0.45, Recall: 0.94, F1: 0.61, AUC: 0.53
Epoch [64/100] [TRAIN] Loss: 0.7152, Accuracy: 52.89%, AUC: 0.55 [VAL] Loss: 0.7159, Accuracy: 46.80%, Precision: 0.45, Recall: 0.94, F1: 0.61, AUC: 0.53
Epoch [65/100] [TRAIN] Loss: 0.7151, Accuracy: 51.39%, AUC: 0.53 [VAL] Loss: 0.7159, Accuracy: 46.80%, Precision: 0.45, Recall: 0.94, F1: 0.61, AUC: 0.53
Epoch [66/100] [TRAIN] Loss: 0.7157, Accuracy: 52.05%, AUC: 0.54 [VAL] Loss: 0.7159, Accuracy: 46.80%, Precision: 0.45, Recall: 0.94, F1: 0.61, AUC: 0.53
Epoch [67/100] [TRAIN] Loss: 0.7151, Accuracy: 51.66%, AUC: 0.53 [VAL] Loss: 0.7159, Accuracy: 46.80%, Precision: 0.45, Recall: 0.94, F1: 0.61, AUC: 0.53
Epoch [68/100] [TRAIN] Loss: 0.7152, Accuracy: 52.08%, AUC: 0.54 [VAL] Loss: 0.7158, Accuracy: 46.80%, Precision: 0.45, Recall: 0.94, F1: 0.61, AUC: 0.53
Epoch [69/100] [TRAIN] Loss: 0.7157, Accuracy: 51.69%, AUC: 0.53 [VAL] Loss: 0.7158, Accuracy: 46.80%, Precision: 0.45, Recall: 0.94, F1: 0.61, AUC: 0.53
Epoch [70/100] [TRAIN] Loss: 0.7155, Accuracy: 51.74%, AUC: 0.53 [VAL] Loss: 0.7158, Accuracy: 46.80%, Precision: 0.45, Recall: 0.94, F1: 0.61, AUC: 0.53
Epoch [71/100] [TRAIN] Loss: 0.7156, Accuracy: 52.54%, AUC: 0.54 [VAL] Loss: 0.7158, Accuracy: 46.80%, Precision: 0.45, Recall: 0.94, F1: 0.61, AUC: 0.53
Epoch [72/100] [TRAIN] Loss: 0.7157, Accuracy: 51.85%, AUC: 0.53 [VAL] Loss: 0.7157, Accuracy: 46.80%, Precision: 0.45, Recall: 0.94, F1: 0.61, AUC: 0.53
Epoch [73/100] [TRAIN] Loss: 0.7151, Accuracy: 51.48%, AUC: 0.53 [VAL] Loss: 0.7157, Accuracy: 46.80%, Precision: 0.45, Recall: 0.94, F1: 0.61, AUC: 0.53
Epoch [74/100] [TRAIN] Loss: 0.7152, Accuracy: 50.94%, AUC: 0.53 [VAL] Loss: 0.7157, Accuracy: 46.80%, Precision: 0.45, Recall: 0.94, F1: 0.61, AUC: 0.53
Epoch [75/100] [TRAIN] Loss: 0.7147, Accuracy: 52.05%, AUC: 0.54 [VAL] Loss: 0.7157, Accuracy: 46.80%, Precision: 0.45, Recall: 0.94, F1: 0.61, AUC: 0.53
Epoch [76/100] [TRAIN] Loss: 0.7148, Accuracy: 51.84%, AUC: 0.54 [VAL] Loss: 0.7157, Accuracy: 46.80%, Precision: 0.45, Recall: 0.94, F1: 0.61, AUC: 0.53
Epoch [77/100] [TRAIN] Loss: 0.7158, Accuracy: 50.81%, AUC: 0.52 [VAL] Loss: 0.7156, Accuracy: 46.80%, Precision: 0.45, Recall: 0.94, F1: 0.61, AUC: 0.53
Epoch [78/100] [TRAIN] Loss: 0.7145, Accuracy: 52.99%, AUC: 0.55 [VAL] Loss: 0.7156, Accuracy: 46.80%, Precision: 0.45, Recall: 0.94, F1: 0.61, AUC: 0.53
Epoch [79/100] [TRAIN] Loss: 0.7144, Accuracy: 52.04%, AUC: 0.55 [VAL] Loss: 0.7156, Accuracy: 46.80%, Precision: 0.45, Recall: 0.94, F1: 0.61, AUC: 0.53
Epoch [80/100] [TRAIN] Loss: 0.7150, Accuracy: 52.24%, AUC: 0.54 [VAL] Loss: 0.7156, Accuracy: 46.80%, Precision: 0.45, Recall: 0.94, F1: 0.61, AUC: 0.53
Epoch [81/100] [TRAIN] Loss: 0.7142, Accuracy: 52.77%, AUC: 0.55 [VAL] Loss: 0.7155, Accuracy: 46.80%, Precision: 0.45, Recall: 0.94, F1: 0.61, AUC: 0.53
Epoch [82/100] [TRAIN] Loss: 0.7149, Accuracy: 51.81%, AUC: 0.53 [VAL] Loss: 0.7155, Accuracy: 46.80%, Precision: 0.45, Recall: 0.94, F1: 0.61, AUC: 0.53
Epoch [83/100] [TRAIN] Loss: 0.7148, Accuracy: 51.42%, AUC: 0.53 [VAL] Loss: 0.7155, Accuracy: 46.80%, Precision: 0.45, Recall: 0.94, F1: 0.61, AUC: 0.53
Epoch [84/100] [TRAIN] Loss: 0.7152, Accuracy: 52.00%, AUC: 0.53 [VAL] Loss: 0.7155, Accuracy: 46.80%, Precision: 0.45, Recall: 0.94, F1: 0.61, AUC: 0.53
Epoch [85/100] [TRAIN] Loss: 0.7147, Accuracy: 52.58%, AUC: 0.55 [VAL] Loss: 0.7155, Accuracy: 46.80%, Precision: 0.45, Recall: 0.94, F1: 0.61, AUC: 0.53
Epoch [86/100] [TRAIN] Loss: 0.7149, Accuracy: 51.31%, AUC: 0.54 [VAL] Loss: 0.7154, Accuracy: 46.80%, Precision: 0.45, Recall: 0.94, F1: 0.61, AUC: 0.53
Epoch [87/100] [TRAIN] Loss: 0.7149, Accuracy: 51.12%, AUC: 0.53 [VAL] Loss: 0.7154, Accuracy: 46.80%, Precision: 0.45, Recall: 0.94, F1: 0.61, AUC: 0.53
Epoch [88/100] [TRAIN] Loss: 0.7151, Accuracy: 51.98%, AUC: 0.53 [VAL] Loss: 0.7154, Accuracy: 46.80%, Precision: 0.45, Recall: 0.94, F1: 0.61, AUC: 0.53
Epoch [89/100] [TRAIN] Loss: 0.7146, Accuracy: 51.38%, AUC: 0.53 [VAL] Loss: 0.7154, Accuracy: 46.80%, Precision: 0.45, Recall: 0.94, F1: 0.61, AUC: 0.53
Epoch [90/100] [TRAIN] Loss: 0.7150, Accuracy: 51.17%, AUC: 0.53 [VAL] Loss: 0.7154, Accuracy: 46.80%, Precision: 0.45, Recall: 0.94, F1: 0.61, AUC: 0.53
Epoch [91/100] [TRAIN] Loss: 0.7139, Accuracy: 52.08%, AUC: 0.54 [VAL] Loss: 0.7153, Accuracy: 46.80%, Precision: 0.45, Recall: 0.94, F1: 0.61, AUC: 0.53
Epoch [92/100] [TRAIN] Loss: 0.7137, Accuracy: 51.89%, AUC: 0.54 [VAL] Loss: 0.7153, Accuracy: 46.80%, Precision: 0.45, Recall: 0.94, F1: 0.61, AUC: 0.53
Epoch [93/100] [TRAIN] Loss: 0.7143, Accuracy: 52.16%, AUC: 0.54 [VAL] Loss: 0.7153, Accuracy: 46.80%, Precision: 0.45, Recall: 0.94, F1: 0.61, AUC: 0.53
Epoch [94/100] [TRAIN] Loss: 0.7147, Accuracy: 51.61%, AUC: 0.54 [VAL] Loss: 0.7153, Accuracy: 46.80%, Precision: 0.45, Recall: 0.94, F1: 0.61, AUC: 0.53
Epoch [95/100] [TRAIN] Loss: 0.7148, Accuracy: 51.48%, AUC: 0.53 [VAL] Loss: 0.7153, Accuracy: 46.80%, Precision: 0.45, Recall: 0.94, F1: 0.61, AUC: 0.53
Epoch [96/100] [TRAIN] Loss: 0.7138, Accuracy: 52.94%, AUC: 0.54 [VAL] Loss: 0.7152, Accuracy: 46.80%, Precision: 0.45, Recall: 0.94, F1: 0.61, AUC: 0.53
Epoch [97/100] [TRAIN] Loss: 0.7138, Accuracy: 52.66%, AUC: 0.54 [VAL] Loss: 0.7152, Accuracy: 46.80%, Precision: 0.45, Recall: 0.94, F1: 0.61, AUC: 0.53
Epoch [98/100] [TRAIN] Loss: 0.7143, Accuracy: 51.90%, AUC: 0.53 [VAL] Loss: 0.7152, Accuracy: 46.80%, Precision: 0.45, Recall: 0.94, F1: 0.61, AUC: 0.53
Epoch [99/100] [TRAIN] Loss: 0.7132, Accuracy: 51.42%, AUC: 0.53 [VAL] Loss: 0.7152, Accuracy: 46.80%, Precision: 0.45, Recall: 0.94, F1: 0.61, AUC: 0.53
Epoch [100/100] [TRAIN] Loss: 0.7146, Accuracy: 51.27%, AUC: 0.53 [VAL] Loss: 0.7152, Accuracy: 46.80%, Precision: 0.45, Recall: 0.94, F1: 0.61, AUC: 0.53
  Antisymmetry score (raw):        0.1780
  Antisymmetry score (confident):  1.0000
  Total violations:                822 / 1000
  Pairs near boundary:             900 (90.0%)
  Avg |prob-0.5| at violation:     0.0000

--- Training baselines (LogisticRegression, RandomForest, SVM) ---

  Training LogisticRegression...
  Val accuracy: 55.30%  |  Val AUC: 0.5035

  [LogisticRegression]  Accuracy: 52.30%  AUC: 0.5235  AUCPRC: 0.4968  Precision: 0.5111  Recall: 0.0960  F1: 0.1617  Antisym: 0.1020

  Training RandomForest...
  Val accuracy: 55.70%  |  Val AUC: 0.5136

  [RandomForest]  Accuracy: 52.10%  AUC: 0.5224  AUCPRC: 0.4991  Precision: 0.5000  Recall: 0.0939  F1: 0.1582  Antisym: 0.1190

  Training SVM_Linear...
  Val accuracy: 55.60%  |  Val AUC: 0.5092

  [SVM_Linear]  Accuracy: 52.30%  AUC: 0.5363  AUCPRC: 0.5007  Precision: 0.5156  Recall: 0.0689  F1: 0.1215  Antisym: 0.1070
Seed: 1011
=== DirectRanker ===
Accuracy:  52.30 %
AUC:       0.5593
AUCPRC:    0.5228
Precision: 0.5011
Recall:    0.9582
F1-Score:  0.6581
Antisymmetry score:  0.1780  (1.0 = perfect, ~0.5 = random)

Detailed Classification Report:
              precision    recall  f1-score   support

           0       0.76      0.12      0.21       521
           1       0.50      0.96      0.66       479

    accuracy                           0.52      1000
   macro avg       0.63      0.54      0.43      1000
weighted avg       0.64      0.52      0.43      1000


Confusion Matrix:
[[ 64 457]
 [ 20 459]]

=== LogisticRegression ===
Accuracy:  52.30 %
AUC:       0.5235
AUCPRC:    0.4968
Precision: 0.5111
Recall:    0.0960
F1-Score:  0.1617
Antisymmetry score:  0.1020
Confusion Matrix:
[[477  44]
 [433  46]]

=== RandomForest ===
Accuracy:  52.10 %
AUC:       0.5224
AUCPRC:    0.4991
Precision: 0.5000
Recall:    0.0939
F1-Score:  0.1582
Antisymmetry score:  0.1190
Confusion Matrix:
[[476  45]
 [434  45]]

=== SVM_Linear ===
Accuracy:  52.30 %
AUC:       0.5363
AUCPRC:    0.5007
Precision: 0.5156
Recall:    0.0689
F1-Score:  0.1215
Antisymmetry score:  0.1070
Confusion Matrix:
[[490  31]
 [446  33]]

Saved combined test metrics: /group/pmc021/amunif/epi-thesis/workflow/18_Pairwise Ranking HepG2 REMC/output/combined/test/002-H3K9me3-seed1011-test-metrics.csv
Saved combined ROC plot: /group/pmc021/amunif/epi-thesis/workflow/18_Pairwise Ranking HepG2 REMC/output/combined/img/roc/002-H3K9me3-seed1011-roc-combined.png
Saved combined PRC plot: /group/pmc021/amunif/epi-thesis/workflow/18_Pairwise Ranking HepG2 REMC/output/combined/img/prc/002-H3K9me3-seed1011-prc-combined.png

Finished 002-H3K9me3 (seed 1011)

======================================================================
003-H3K27ac
======================================================================
Train label distribution:
  Label 0:   4140 (51.7%)
  Label 1:   3860 (48.2%)
Val label distribution:
  Label 0:    553 (55.3%)
  Label 1:    447 (44.7%)
Test label distribution:
  Label 0:    521 (52.1%)
  Label 1:    479 (47.9%)
Saved label distribution: /group/pmc021/amunif/epi-thesis/workflow/18_Pairwise Ranking HepG2 REMC/output/combined/test/003-H3K27ac-seed1011-label-distribution.csv

--- Training DirectRanker ---
Epoch [1/100] [TRAIN] Loss: 0.6384, Accuracy: 70.41%, AUC: 0.77 [VAL] Loss: 0.5965, Accuracy: 72.40%, Precision: 0.65, Recall: 0.83, F1: 0.73, AUC: 0.81
Epoch [2/100] [TRAIN] Loss: 0.6110, Accuracy: 72.84%, AUC: 0.80 [VAL] Loss: 0.5955, Accuracy: 72.40%, Precision: 0.65, Recall: 0.83, F1: 0.73, AUC: 0.81
Epoch [3/100] [TRAIN] Loss: 0.6108, Accuracy: 73.33%, AUC: 0.81 [VAL] Loss: 0.5932, Accuracy: 72.50%, Precision: 0.65, Recall: 0.83, F1: 0.73, AUC: 0.81
Epoch [4/100] [TRAIN] Loss: 0.5996, Accuracy: 73.59%, AUC: 0.81 [VAL] Loss: 0.5924, Accuracy: 72.60%, Precision: 0.65, Recall: 0.84, F1: 0.73, AUC: 0.81
Epoch [5/100] [TRAIN] Loss: 0.5987, Accuracy: 73.56%, AUC: 0.81 [VAL] Loss: 0.5912, Accuracy: 72.40%, Precision: 0.65, Recall: 0.84, F1: 0.73, AUC: 0.81
Epoch [6/100] [TRAIN] Loss: 0.5949, Accuracy: 73.94%, AUC: 0.81 [VAL] Loss: 0.5904, Accuracy: 72.20%, Precision: 0.65, Recall: 0.83, F1: 0.73, AUC: 0.81
Epoch [7/100] [TRAIN] Loss: 0.5933, Accuracy: 73.97%, AUC: 0.81 [VAL] Loss: 0.5897, Accuracy: 72.20%, Precision: 0.65, Recall: 0.83, F1: 0.73, AUC: 0.81
Epoch [8/100] [TRAIN] Loss: 0.5899, Accuracy: 72.99%, AUC: 0.81 [VAL] Loss: 0.5890, Accuracy: 72.00%, Precision: 0.65, Recall: 0.83, F1: 0.73, AUC: 0.81
Epoch [9/100] [TRAIN] Loss: 0.5907, Accuracy: 73.66%, AUC: 0.81 [VAL] Loss: 0.5882, Accuracy: 71.80%, Precision: 0.64, Recall: 0.83, F1: 0.72, AUC: 0.81
Epoch [10/100] [TRAIN] Loss: 0.5912, Accuracy: 73.20%, AUC: 0.81 [VAL] Loss: 0.5876, Accuracy: 71.70%, Precision: 0.64, Recall: 0.83, F1: 0.72, AUC: 0.81
Epoch [11/100] [TRAIN] Loss: 0.5898, Accuracy: 73.50%, AUC: 0.81 [VAL] Loss: 0.5870, Accuracy: 71.80%, Precision: 0.64, Recall: 0.83, F1: 0.72, AUC: 0.81
Epoch [12/100] [TRAIN] Loss: 0.5890, Accuracy: 73.64%, AUC: 0.81 [VAL] Loss: 0.5863, Accuracy: 71.70%, Precision: 0.64, Recall: 0.83, F1: 0.72, AUC: 0.81
Epoch [13/100] [TRAIN] Loss: 0.5815, Accuracy: 73.66%, AUC: 0.82 [VAL] Loss: 0.5864, Accuracy: 71.80%, Precision: 0.64, Recall: 0.83, F1: 0.72, AUC: 0.81
Epoch [14/100] [TRAIN] Loss: 0.5819, Accuracy: 73.80%, AUC: 0.81 [VAL] Loss: 0.5856, Accuracy: 71.70%, Precision: 0.64, Recall: 0.83, F1: 0.72, AUC: 0.81
Epoch [15/100] [TRAIN] Loss: 0.5806, Accuracy: 73.78%, AUC: 0.82 [VAL] Loss: 0.5846, Accuracy: 71.60%, Precision: 0.64, Recall: 0.83, F1: 0.72, AUC: 0.81
Epoch [16/100] [TRAIN] Loss: 0.5823, Accuracy: 74.00%, AUC: 0.82 [VAL] Loss: 0.5841, Accuracy: 71.50%, Precision: 0.64, Recall: 0.83, F1: 0.72, AUC: 0.81
Epoch [17/100] [TRAIN] Loss: 0.5808, Accuracy: 73.97%, AUC: 0.81 [VAL] Loss: 0.5834, Accuracy: 71.50%, Precision: 0.64, Recall: 0.83, F1: 0.72, AUC: 0.81
Epoch [18/100] [TRAIN] Loss: 0.5823, Accuracy: 73.41%, AUC: 0.81 [VAL] Loss: 0.5829, Accuracy: 71.60%, Precision: 0.64, Recall: 0.83, F1: 0.72, AUC: 0.81
Epoch [19/100] [TRAIN] Loss: 0.5753, Accuracy: 73.24%, AUC: 0.82 [VAL] Loss: 0.5827, Accuracy: 71.60%, Precision: 0.64, Recall: 0.83, F1: 0.72, AUC: 0.81
Epoch [20/100] [TRAIN] Loss: 0.5780, Accuracy: 73.08%, AUC: 0.81 [VAL] Loss: 0.5820, Accuracy: 71.50%, Precision: 0.64, Recall: 0.82, F1: 0.72, AUC: 0.81
Epoch [21/100] [TRAIN] Loss: 0.5799, Accuracy: 73.67%, AUC: 0.81 [VAL] Loss: 0.5812, Accuracy: 71.40%, Precision: 0.64, Recall: 0.82, F1: 0.72, AUC: 0.81
Epoch [22/100] [TRAIN] Loss: 0.5808, Accuracy: 73.69%, AUC: 0.81 [VAL] Loss: 0.5805, Accuracy: 71.40%, Precision: 0.64, Recall: 0.82, F1: 0.72, AUC: 0.81
Epoch [23/100] [TRAIN] Loss: 0.5775, Accuracy: 74.01%, AUC: 0.82 [VAL] Loss: 0.5804, Accuracy: 71.40%, Precision: 0.64, Recall: 0.82, F1: 0.72, AUC: 0.81
Epoch [24/100] [TRAIN] Loss: 0.5749, Accuracy: 74.24%, AUC: 0.82 [VAL] Loss: 0.5800, Accuracy: 71.30%, Precision: 0.64, Recall: 0.82, F1: 0.72, AUC: 0.81
Epoch [25/100] [TRAIN] Loss: 0.5775, Accuracy: 73.42%, AUC: 0.81 [VAL] Loss: 0.5795, Accuracy: 71.30%, Precision: 0.64, Recall: 0.82, F1: 0.72, AUC: 0.81
Epoch [26/100] [TRAIN] Loss: 0.5729, Accuracy: 74.49%, AUC: 0.82 [VAL] Loss: 0.5790, Accuracy: 71.40%, Precision: 0.64, Recall: 0.82, F1: 0.72, AUC: 0.81
Epoch [27/100] [TRAIN] Loss: 0.5752, Accuracy: 73.66%, AUC: 0.82 [VAL] Loss: 0.5783, Accuracy: 71.00%, Precision: 0.64, Recall: 0.81, F1: 0.71, AUC: 0.81
Epoch [28/100] [TRAIN] Loss: 0.5775, Accuracy: 74.03%, AUC: 0.82 [VAL] Loss: 0.5780, Accuracy: 71.20%, Precision: 0.64, Recall: 0.82, F1: 0.72, AUC: 0.81
Epoch [29/100] [TRAIN] Loss: 0.5769, Accuracy: 73.01%, AUC: 0.81 [VAL] Loss: 0.5778, Accuracy: 71.30%, Precision: 0.64, Recall: 0.82, F1: 0.72, AUC: 0.81
Epoch [30/100] [TRAIN] Loss: 0.5763, Accuracy: 73.61%, AUC: 0.82 [VAL] Loss: 0.5774, Accuracy: 71.10%, Precision: 0.64, Recall: 0.81, F1: 0.72, AUC: 0.81
Epoch [31/100] [TRAIN] Loss: 0.5752, Accuracy: 73.72%, AUC: 0.82 [VAL] Loss: 0.5772, Accuracy: 70.90%, Precision: 0.64, Recall: 0.81, F1: 0.71, AUC: 0.81
Epoch [32/100] [TRAIN] Loss: 0.5738, Accuracy: 73.36%, AUC: 0.82 [VAL] Loss: 0.5767, Accuracy: 70.80%, Precision: 0.64, Recall: 0.81, F1: 0.71, AUC: 0.81
Epoch [33/100] [TRAIN] Loss: 0.5730, Accuracy: 74.21%, AUC: 0.82 [VAL] Loss: 0.5766, Accuracy: 71.00%, Precision: 0.64, Recall: 0.81, F1: 0.71, AUC: 0.81
Epoch [34/100] [TRAIN] Loss: 0.5705, Accuracy: 73.89%, AUC: 0.82 [VAL] Loss: 0.5766, Accuracy: 70.80%, Precision: 0.64, Recall: 0.81, F1: 0.71, AUC: 0.81
Epoch [35/100] [TRAIN] Loss: 0.5751, Accuracy: 73.41%, AUC: 0.82 [VAL] Loss: 0.5763, Accuracy: 71.00%, Precision: 0.64, Recall: 0.81, F1: 0.72, AUC: 0.81
Epoch [36/100] [TRAIN] Loss: 0.5691, Accuracy: 74.08%, AUC: 0.82 [VAL] Loss: 0.5761, Accuracy: 70.90%, Precision: 0.64, Recall: 0.81, F1: 0.71, AUC: 0.81
Epoch [37/100] [TRAIN] Loss: 0.5668, Accuracy: 73.36%, AUC: 0.82 [VAL] Loss: 0.5760, Accuracy: 70.90%, Precision: 0.64, Recall: 0.81, F1: 0.71, AUC: 0.81
Epoch [38/100] [TRAIN] Loss: 0.5690, Accuracy: 73.92%, AUC: 0.82 [VAL] Loss: 0.5754, Accuracy: 70.90%, Precision: 0.64, Recall: 0.81, F1: 0.71, AUC: 0.81
Epoch [39/100] [TRAIN] Loss: 0.5714, Accuracy: 73.99%, AUC: 0.82 [VAL] Loss: 0.5751, Accuracy: 70.90%, Precision: 0.64, Recall: 0.81, F1: 0.71, AUC: 0.81
Epoch [40/100] [TRAIN] Loss: 0.5720, Accuracy: 73.75%, AUC: 0.82 [VAL] Loss: 0.5750, Accuracy: 70.90%, Precision: 0.64, Recall: 0.81, F1: 0.71, AUC: 0.81
Epoch [41/100] [TRAIN] Loss: 0.5643, Accuracy: 74.51%, AUC: 0.82 [VAL] Loss: 0.5747, Accuracy: 70.90%, Precision: 0.64, Recall: 0.81, F1: 0.71, AUC: 0.81
Epoch [42/100] [TRAIN] Loss: 0.5674, Accuracy: 73.89%, AUC: 0.82 [VAL] Loss: 0.5744, Accuracy: 70.90%, Precision: 0.64, Recall: 0.81, F1: 0.71, AUC: 0.81
Epoch [43/100] [TRAIN] Loss: 0.5677, Accuracy: 73.84%, AUC: 0.82 [VAL] Loss: 0.5742, Accuracy: 70.90%, Precision: 0.64, Recall: 0.81, F1: 0.71, AUC: 0.81
Epoch [44/100] [TRAIN] Loss: 0.5686, Accuracy: 74.05%, AUC: 0.82 [VAL] Loss: 0.5736, Accuracy: 70.90%, Precision: 0.64, Recall: 0.81, F1: 0.71, AUC: 0.81
Epoch [45/100] [TRAIN] Loss: 0.5702, Accuracy: 73.61%, AUC: 0.82 [VAL] Loss: 0.5734, Accuracy: 70.80%, Precision: 0.64, Recall: 0.81, F1: 0.71, AUC: 0.81
Epoch [46/100] [TRAIN] Loss: 0.5692, Accuracy: 73.46%, AUC: 0.82 [VAL] Loss: 0.5730, Accuracy: 70.80%, Precision: 0.64, Recall: 0.81, F1: 0.71, AUC: 0.81
Epoch [47/100] [TRAIN] Loss: 0.5656, Accuracy: 74.28%, AUC: 0.82 [VAL] Loss: 0.5731, Accuracy: 70.70%, Precision: 0.63, Recall: 0.81, F1: 0.71, AUC: 0.81
Epoch [48/100] [TRAIN] Loss: 0.5670, Accuracy: 73.60%, AUC: 0.82 [VAL] Loss: 0.5730, Accuracy: 70.60%, Precision: 0.63, Recall: 0.81, F1: 0.71, AUC: 0.81
Epoch [49/100] [TRAIN] Loss: 0.5659, Accuracy: 74.14%, AUC: 0.82 [VAL] Loss: 0.5728, Accuracy: 70.70%, Precision: 0.63, Recall: 0.81, F1: 0.71, AUC: 0.81
Epoch [50/100] [TRAIN] Loss: 0.5633, Accuracy: 73.62%, AUC: 0.82 [VAL] Loss: 0.5726, Accuracy: 70.60%, Precision: 0.63, Recall: 0.81, F1: 0.71, AUC: 0.81
Epoch [51/100] [TRAIN] Loss: 0.5666, Accuracy: 73.94%, AUC: 0.82 [VAL] Loss: 0.5722, Accuracy: 70.60%, Precision: 0.63, Recall: 0.81, F1: 0.71, AUC: 0.81
Epoch [52/100] [TRAIN] Loss: 0.5622, Accuracy: 74.22%, AUC: 0.82 [VAL] Loss: 0.5721, Accuracy: 70.60%, Precision: 0.63, Recall: 0.81, F1: 0.71, AUC: 0.81
Epoch [53/100] [TRAIN] Loss: 0.5633, Accuracy: 74.22%, AUC: 0.82 [VAL] Loss: 0.5718, Accuracy: 70.60%, Precision: 0.63, Recall: 0.81, F1: 0.71, AUC: 0.81
Epoch [54/100] [TRAIN] Loss: 0.5671, Accuracy: 74.03%, AUC: 0.82 [VAL] Loss: 0.5712, Accuracy: 70.60%, Precision: 0.63, Recall: 0.81, F1: 0.71, AUC: 0.81
Epoch [55/100] [TRAIN] Loss: 0.5651, Accuracy: 74.11%, AUC: 0.82 [VAL] Loss: 0.5710, Accuracy: 70.50%, Precision: 0.63, Recall: 0.81, F1: 0.71, AUC: 0.81
Epoch [56/100] [TRAIN] Loss: 0.5671, Accuracy: 73.65%, AUC: 0.82 [VAL] Loss: 0.5707, Accuracy: 70.60%, Precision: 0.63, Recall: 0.81, F1: 0.71, AUC: 0.81
Epoch [57/100] [TRAIN] Loss: 0.5634, Accuracy: 73.58%, AUC: 0.82 [VAL] Loss: 0.5706, Accuracy: 70.60%, Precision: 0.63, Recall: 0.81, F1: 0.71, AUC: 0.81
Epoch [58/100] [TRAIN] Loss: 0.5647, Accuracy: 74.20%, AUC: 0.82 [VAL] Loss: 0.5700, Accuracy: 70.70%, Precision: 0.64, Recall: 0.81, F1: 0.71, AUC: 0.81
Epoch [59/100] [TRAIN] Loss: 0.5597, Accuracy: 74.00%, AUC: 0.82 [VAL] Loss: 0.5696, Accuracy: 70.80%, Precision: 0.64, Recall: 0.81, F1: 0.71, AUC: 0.81
Epoch [60/100] [TRAIN] Loss: 0.5636, Accuracy: 73.34%, AUC: 0.82 [VAL] Loss: 0.5696, Accuracy: 70.80%, Precision: 0.64, Recall: 0.81, F1: 0.71, AUC: 0.81
Epoch [61/100] [TRAIN] Loss: 0.5621, Accuracy: 73.38%, AUC: 0.82 [VAL] Loss: 0.5692, Accuracy: 70.70%, Precision: 0.64, Recall: 0.81, F1: 0.71, AUC: 0.81
Epoch [62/100] [TRAIN] Loss: 0.5584, Accuracy: 73.69%, AUC: 0.82 [VAL] Loss: 0.5689, Accuracy: 70.70%, Precision: 0.64, Recall: 0.81, F1: 0.71, AUC: 0.81
Epoch [63/100] [TRAIN] Loss: 0.5616, Accuracy: 74.22%, AUC: 0.82 [VAL] Loss: 0.5686, Accuracy: 70.80%, Precision: 0.64, Recall: 0.81, F1: 0.71, AUC: 0.81
Epoch [64/100] [TRAIN] Loss: 0.5619, Accuracy: 73.36%, AUC: 0.82 [VAL] Loss: 0.5685, Accuracy: 70.60%, Precision: 0.63, Recall: 0.81, F1: 0.71, AUC: 0.81
Epoch [65/100] [TRAIN] Loss: 0.5602, Accuracy: 74.00%, AUC: 0.82 [VAL] Loss: 0.5684, Accuracy: 70.50%, Precision: 0.63, Recall: 0.81, F1: 0.71, AUC: 0.81
Epoch [66/100] [TRAIN] Loss: 0.5586, Accuracy: 73.99%, AUC: 0.82 [VAL] Loss: 0.5685, Accuracy: 70.60%, Precision: 0.63, Recall: 0.81, F1: 0.71, AUC: 0.81
Epoch [67/100] [TRAIN] Loss: 0.5600, Accuracy: 73.91%, AUC: 0.82 [VAL] Loss: 0.5682, Accuracy: 70.40%, Precision: 0.63, Recall: 0.80, F1: 0.71, AUC: 0.81
Epoch [68/100] [TRAIN] Loss: 0.5563, Accuracy: 74.05%, AUC: 0.82 [VAL] Loss: 0.5681, Accuracy: 70.40%, Precision: 0.63, Recall: 0.80, F1: 0.71, AUC: 0.81
Epoch [69/100] [TRAIN] Loss: 0.5564, Accuracy: 73.99%, AUC: 0.83 [VAL] Loss: 0.5679, Accuracy: 70.30%, Precision: 0.63, Recall: 0.80, F1: 0.71, AUC: 0.81
Epoch [70/100] [TRAIN] Loss: 0.5603, Accuracy: 74.00%, AUC: 0.82 [VAL] Loss: 0.5678, Accuracy: 70.30%, Precision: 0.63, Recall: 0.80, F1: 0.71, AUC: 0.81
Epoch [71/100] [TRAIN] Loss: 0.5596, Accuracy: 73.99%, AUC: 0.82 [VAL] Loss: 0.5678, Accuracy: 70.40%, Precision: 0.63, Recall: 0.80, F1: 0.71, AUC: 0.81
Epoch [72/100] [TRAIN] Loss: 0.5574, Accuracy: 73.85%, AUC: 0.82 [VAL] Loss: 0.5673, Accuracy: 70.40%, Precision: 0.63, Recall: 0.80, F1: 0.71, AUC: 0.81
Epoch [73/100] [TRAIN] Loss: 0.5574, Accuracy: 74.00%, AUC: 0.82 [VAL] Loss: 0.5672, Accuracy: 70.40%, Precision: 0.63, Recall: 0.80, F1: 0.71, AUC: 0.81
Epoch [74/100] [TRAIN] Loss: 0.5570, Accuracy: 73.88%, AUC: 0.82 [VAL] Loss: 0.5669, Accuracy: 70.50%, Precision: 0.63, Recall: 0.81, F1: 0.71, AUC: 0.81
Epoch [75/100] [TRAIN] Loss: 0.5561, Accuracy: 73.58%, AUC: 0.82 [VAL] Loss: 0.5668, Accuracy: 70.50%, Precision: 0.63, Recall: 0.81, F1: 0.71, AUC: 0.81
Epoch [76/100] [TRAIN] Loss: 0.5603, Accuracy: 74.09%, AUC: 0.82 [VAL] Loss: 0.5666, Accuracy: 70.50%, Precision: 0.63, Recall: 0.81, F1: 0.71, AUC: 0.81
Epoch [77/100] [TRAIN] Loss: 0.5547, Accuracy: 73.96%, AUC: 0.83 [VAL] Loss: 0.5662, Accuracy: 70.60%, Precision: 0.63, Recall: 0.81, F1: 0.71, AUC: 0.81
Epoch [78/100] [TRAIN] Loss: 0.5535, Accuracy: 73.70%, AUC: 0.82 [VAL] Loss: 0.5663, Accuracy: 70.50%, Precision: 0.63, Recall: 0.81, F1: 0.71, AUC: 0.81
Epoch [79/100] [TRAIN] Loss: 0.5536, Accuracy: 73.83%, AUC: 0.83 [VAL] Loss: 0.5662, Accuracy: 70.50%, Precision: 0.63, Recall: 0.81, F1: 0.71, AUC: 0.81
Epoch [80/100] [TRAIN] Loss: 0.5572, Accuracy: 74.00%, AUC: 0.82 [VAL] Loss: 0.5660, Accuracy: 70.40%, Precision: 0.63, Recall: 0.81, F1: 0.71, AUC: 0.81
Epoch [81/100] [TRAIN] Loss: 0.5532, Accuracy: 73.94%, AUC: 0.83 [VAL] Loss: 0.5658, Accuracy: 70.40%, Precision: 0.63, Recall: 0.81, F1: 0.71, AUC: 0.81
Epoch [82/100] [TRAIN] Loss: 0.5533, Accuracy: 73.91%, AUC: 0.83 [VAL] Loss: 0.5655, Accuracy: 70.40%, Precision: 0.63, Recall: 0.81, F1: 0.71, AUC: 0.81
Epoch [83/100] [TRAIN] Loss: 0.5559, Accuracy: 73.85%, AUC: 0.82 [VAL] Loss: 0.5650, Accuracy: 70.30%, Precision: 0.63, Recall: 0.80, F1: 0.71, AUC: 0.81
Epoch [84/100] [TRAIN] Loss: 0.5556, Accuracy: 73.45%, AUC: 0.82 [VAL] Loss: 0.5650, Accuracy: 70.30%, Precision: 0.63, Recall: 0.80, F1: 0.71, AUC: 0.81
Epoch [85/100] [TRAIN] Loss: 0.5540, Accuracy: 74.09%, AUC: 0.83 [VAL] Loss: 0.5652, Accuracy: 70.30%, Precision: 0.63, Recall: 0.80, F1: 0.71, AUC: 0.81
Epoch [86/100] [TRAIN] Loss: 0.5495, Accuracy: 74.09%, AUC: 0.83 [VAL] Loss: 0.5648, Accuracy: 70.20%, Precision: 0.63, Recall: 0.80, F1: 0.71, AUC: 0.81
Epoch [87/100] [TRAIN] Loss: 0.5516, Accuracy: 73.95%, AUC: 0.83 [VAL] Loss: 0.5646, Accuracy: 70.10%, Precision: 0.63, Recall: 0.80, F1: 0.71, AUC: 0.81
Epoch [88/100] [TRAIN] Loss: 0.5498, Accuracy: 74.35%, AUC: 0.83 [VAL] Loss: 0.5643, Accuracy: 70.20%, Precision: 0.63, Recall: 0.80, F1: 0.71, AUC: 0.81
Epoch [89/100] [TRAIN] Loss: 0.5548, Accuracy: 73.85%, AUC: 0.82 [VAL] Loss: 0.5638, Accuracy: 70.10%, Precision: 0.63, Recall: 0.80, F1: 0.71, AUC: 0.81
Epoch [90/100] [TRAIN] Loss: 0.5511, Accuracy: 74.33%, AUC: 0.83 [VAL] Loss: 0.5634, Accuracy: 70.20%, Precision: 0.63, Recall: 0.80, F1: 0.71, AUC: 0.81
Epoch [91/100] [TRAIN] Loss: 0.5525, Accuracy: 74.15%, AUC: 0.83 [VAL] Loss: 0.5634, Accuracy: 70.20%, Precision: 0.63, Recall: 0.80, F1: 0.71, AUC: 0.81
Epoch [92/100] [TRAIN] Loss: 0.5514, Accuracy: 73.91%, AUC: 0.83 [VAL] Loss: 0.5632, Accuracy: 70.20%, Precision: 0.63, Recall: 0.80, F1: 0.71, AUC: 0.81
Epoch [93/100] [TRAIN] Loss: 0.5502, Accuracy: 74.08%, AUC: 0.83 [VAL] Loss: 0.5630, Accuracy: 70.20%, Precision: 0.63, Recall: 0.80, F1: 0.71, AUC: 0.81
Epoch [94/100] [TRAIN] Loss: 0.5468, Accuracy: 74.00%, AUC: 0.83 [VAL] Loss: 0.5630, Accuracy: 70.20%, Precision: 0.63, Recall: 0.80, F1: 0.71, AUC: 0.81
Epoch [95/100] [TRAIN] Loss: 0.5484, Accuracy: 73.81%, AUC: 0.83 [VAL] Loss: 0.5629, Accuracy: 70.20%, Precision: 0.63, Recall: 0.80, F1: 0.71, AUC: 0.81
Epoch [96/100] [TRAIN] Loss: 0.5504, Accuracy: 74.04%, AUC: 0.83 [VAL] Loss: 0.5625, Accuracy: 70.10%, Precision: 0.63, Recall: 0.80, F1: 0.71, AUC: 0.81
Epoch [97/100] [TRAIN] Loss: 0.5486, Accuracy: 73.61%, AUC: 0.83 [VAL] Loss: 0.5626, Accuracy: 70.10%, Precision: 0.63, Recall: 0.80, F1: 0.71, AUC: 0.81
Epoch [98/100] [TRAIN] Loss: 0.5483, Accuracy: 74.15%, AUC: 0.83 [VAL] Loss: 0.5622, Accuracy: 70.10%, Precision: 0.63, Recall: 0.80, F1: 0.71, AUC: 0.81
Epoch [99/100] [TRAIN] Loss: 0.5532, Accuracy: 73.72%, AUC: 0.82 [VAL] Loss: 0.5620, Accuracy: 70.20%, Precision: 0.63, Recall: 0.80, F1: 0.71, AUC: 0.81
Epoch [100/100] [TRAIN] Loss: 0.5483, Accuracy: 74.04%, AUC: 0.83 [VAL] Loss: 0.5621, Accuracy: 70.10%, Precision: 0.63, Recall: 0.80, F1: 0.71, AUC: 0.81
  Antisymmetry score (raw):        0.7720
  Antisymmetry score (confident):  1.0000
  Total violations:                228 / 1000
  Pairs near boundary:             290 (29.0%)
  Avg |prob-0.5| at violation:     0.0000

--- Training baselines (LogisticRegression, RandomForest, SVM) ---

  Training LogisticRegression...
  Val accuracy: 74.30%  |  Val AUC: 0.7866

  [LogisticRegression]  Accuracy: 74.00%  AUC: 0.7884  AUCPRC: 0.7553  Precision: 0.7951  Recall: 0.6159  F1: 0.6941  Antisym: 0.6820

  Training RandomForest...
  Val accuracy: 75.30%  |  Val AUC: 0.8266

  [RandomForest]  Accuracy: 76.00%  AUC: 0.8469  AUCPRC: 0.8300  Precision: 0.8056  Recall: 0.6576  F1: 0.7241  Antisym: 0.7060

  Training SVM_Linear...
  Val accuracy: 74.30%  |  Val AUC: 0.7858

  [SVM_Linear]  Accuracy: 74.40%  AUC: 0.7927  AUCPRC: 0.7597  Precision: 0.8005  Recall: 0.6200  F1: 0.6988  Antisym: 0.6780
Seed: 1011
=== DirectRanker ===
Accuracy:  69.30 %
AUC:       0.8206
AUCPRC:    0.8017
Precision: 0.6433
Recall:    0.8058
F1-Score:  0.7155
Antisymmetry score:  0.7720  (1.0 = perfect, ~0.5 = random)

Detailed Classification Report:
              precision    recall  f1-score   support

           0       0.77      0.59      0.67       521
           1       0.64      0.81      0.72       479

    accuracy                           0.69      1000
   macro avg       0.71      0.70      0.69      1000
weighted avg       0.71      0.69      0.69      1000


Confusion Matrix:
[[307 214]
 [ 93 386]]

=== LogisticRegression ===
Accuracy:  74.00 %
AUC:       0.7884
AUCPRC:    0.7553
Precision: 0.7951
Recall:    0.6159
F1-Score:  0.6941
Antisymmetry score:  0.6820
Confusion Matrix:
[[445  76]
 [184 295]]

=== RandomForest ===
Accuracy:  76.00 %
AUC:       0.8469
AUCPRC:    0.8300
Precision: 0.8056
Recall:    0.6576
F1-Score:  0.7241
Antisymmetry score:  0.7060
Confusion Matrix:
[[445  76]
 [164 315]]

=== SVM_Linear ===
Accuracy:  74.40 %
AUC:       0.7927
AUCPRC:    0.7597
Precision: 0.8005
Recall:    0.6200
F1-Score:  0.6988
Antisymmetry score:  0.6780
Confusion Matrix:
[[447  74]
 [182 297]]

Saved combined test metrics: /group/pmc021/amunif/epi-thesis/workflow/18_Pairwise Ranking HepG2 REMC/output/combined/test/003-H3K27ac-seed1011-test-metrics.csv
Saved combined ROC plot: /group/pmc021/amunif/epi-thesis/workflow/18_Pairwise Ranking HepG2 REMC/output/combined/img/roc/003-H3K27ac-seed1011-roc-combined.png
Saved combined PRC plot: /group/pmc021/amunif/epi-thesis/workflow/18_Pairwise Ranking HepG2 REMC/output/combined/img/prc/003-H3K27ac-seed1011-prc-combined.png

Finished 003-H3K27ac (seed 1011)

======================================================================
004-H3K27me3
======================================================================
Train label distribution:
  Label 0:   4140 (51.7%)
  Label 1:   3860 (48.2%)
Val label distribution:
  Label 0:    553 (55.3%)
  Label 1:    447 (44.7%)
Test label distribution:
  Label 0:    521 (52.1%)
  Label 1:    479 (47.9%)
Saved label distribution: /group/pmc021/amunif/epi-thesis/workflow/18_Pairwise Ranking HepG2 REMC/output/combined/test/004-H3K27me3-seed1011-label-distribution.csv

--- Training DirectRanker ---
Epoch [1/100] [TRAIN] Loss: 0.7224, Accuracy: 53.75%, AUC: 0.56 [VAL] Loss: 0.7175, Accuracy: 54.30%, Precision: 0.49, Recall: 0.60, F1: 0.54, AUC: 0.58
Epoch [2/100] [TRAIN] Loss: 0.7184, Accuracy: 55.23%, AUC: 0.58 [VAL] Loss: 0.7147, Accuracy: 56.50%, Precision: 0.51, Recall: 0.61, F1: 0.56, AUC: 0.60
Epoch [3/100] [TRAIN] Loss: 0.7165, Accuracy: 55.27%, AUC: 0.58 [VAL] Loss: 0.7123, Accuracy: 57.20%, Precision: 0.52, Recall: 0.60, F1: 0.56, AUC: 0.61
Epoch [4/100] [TRAIN] Loss: 0.7147, Accuracy: 56.23%, AUC: 0.59 [VAL] Loss: 0.7101, Accuracy: 57.80%, Precision: 0.52, Recall: 0.61, F1: 0.56, AUC: 0.62
Epoch [5/100] [TRAIN] Loss: 0.7117, Accuracy: 57.35%, AUC: 0.61 [VAL] Loss: 0.7080, Accuracy: 58.20%, Precision: 0.53, Recall: 0.62, F1: 0.57, AUC: 0.62
Epoch [6/100] [TRAIN] Loss: 0.7094, Accuracy: 58.14%, AUC: 0.62 [VAL] Loss: 0.7061, Accuracy: 57.90%, Precision: 0.52, Recall: 0.62, F1: 0.57, AUC: 0.63
Epoch [7/100] [TRAIN] Loss: 0.7078, Accuracy: 58.99%, AUC: 0.62 [VAL] Loss: 0.7042, Accuracy: 58.30%, Precision: 0.53, Recall: 0.62, F1: 0.57, AUC: 0.63
Epoch [8/100] [TRAIN] Loss: 0.7066, Accuracy: 57.91%, AUC: 0.62 [VAL] Loss: 0.7025, Accuracy: 59.00%, Precision: 0.54, Recall: 0.63, F1: 0.58, AUC: 0.64
Epoch [9/100] [TRAIN] Loss: 0.7060, Accuracy: 58.56%, AUC: 0.62 [VAL] Loss: 0.7010, Accuracy: 59.70%, Precision: 0.54, Recall: 0.63, F1: 0.58, AUC: 0.64
Epoch [10/100] [TRAIN] Loss: 0.7019, Accuracy: 59.96%, AUC: 0.64 [VAL] Loss: 0.6995, Accuracy: 59.80%, Precision: 0.54, Recall: 0.63, F1: 0.58, AUC: 0.64
Epoch [11/100] [TRAIN] Loss: 0.6998, Accuracy: 59.71%, AUC: 0.64 [VAL] Loss: 0.6978, Accuracy: 60.00%, Precision: 0.55, Recall: 0.63, F1: 0.59, AUC: 0.65
Epoch [12/100] [TRAIN] Loss: 0.6989, Accuracy: 59.83%, AUC: 0.64 [VAL] Loss: 0.6965, Accuracy: 60.40%, Precision: 0.55, Recall: 0.64, F1: 0.59, AUC: 0.65
Epoch [13/100] [TRAIN] Loss: 0.6968, Accuracy: 60.76%, AUC: 0.65 [VAL] Loss: 0.6951, Accuracy: 60.80%, Precision: 0.55, Recall: 0.64, F1: 0.59, AUC: 0.65
Epoch [14/100] [TRAIN] Loss: 0.6982, Accuracy: 60.74%, AUC: 0.65 [VAL] Loss: 0.6940, Accuracy: 61.00%, Precision: 0.56, Recall: 0.64, F1: 0.60, AUC: 0.65
Epoch [15/100] [TRAIN] Loss: 0.6952, Accuracy: 60.65%, AUC: 0.65 [VAL] Loss: 0.6928, Accuracy: 61.30%, Precision: 0.56, Recall: 0.64, F1: 0.60, AUC: 0.66
Epoch [16/100] [TRAIN] Loss: 0.6927, Accuracy: 61.02%, AUC: 0.66 [VAL] Loss: 0.6916, Accuracy: 61.40%, Precision: 0.56, Recall: 0.64, F1: 0.60, AUC: 0.66
Epoch [17/100] [TRAIN] Loss: 0.6909, Accuracy: 61.79%, AUC: 0.66 [VAL] Loss: 0.6905, Accuracy: 61.30%, Precision: 0.56, Recall: 0.64, F1: 0.60, AUC: 0.66
Epoch [18/100] [TRAIN] Loss: 0.6881, Accuracy: 62.25%, AUC: 0.67 [VAL] Loss: 0.6893, Accuracy: 61.30%, Precision: 0.56, Recall: 0.64, F1: 0.60, AUC: 0.66
Epoch [19/100] [TRAIN] Loss: 0.6914, Accuracy: 61.50%, AUC: 0.66 [VAL] Loss: 0.6884, Accuracy: 61.00%, Precision: 0.56, Recall: 0.64, F1: 0.59, AUC: 0.66
Epoch [20/100] [TRAIN] Loss: 0.6891, Accuracy: 61.92%, AUC: 0.67 [VAL] Loss: 0.6874, Accuracy: 60.90%, Precision: 0.55, Recall: 0.64, F1: 0.59, AUC: 0.66
Epoch [21/100] [TRAIN] Loss: 0.6857, Accuracy: 62.54%, AUC: 0.67 [VAL] Loss: 0.6865, Accuracy: 61.20%, Precision: 0.56, Recall: 0.64, F1: 0.60, AUC: 0.66
Epoch [22/100] [TRAIN] Loss: 0.6867, Accuracy: 62.11%, AUC: 0.67 [VAL] Loss: 0.6856, Accuracy: 60.80%, Precision: 0.55, Recall: 0.64, F1: 0.59, AUC: 0.66
Epoch [23/100] [TRAIN] Loss: 0.6874, Accuracy: 62.02%, AUC: 0.67 [VAL] Loss: 0.6848, Accuracy: 60.90%, Precision: 0.55, Recall: 0.63, F1: 0.59, AUC: 0.66
Epoch [24/100] [TRAIN] Loss: 0.6843, Accuracy: 63.05%, AUC: 0.67 [VAL] Loss: 0.6840, Accuracy: 60.50%, Precision: 0.55, Recall: 0.63, F1: 0.59, AUC: 0.67
Epoch [25/100] [TRAIN] Loss: 0.6842, Accuracy: 62.86%, AUC: 0.67 [VAL] Loss: 0.6833, Accuracy: 60.50%, Precision: 0.55, Recall: 0.63, F1: 0.59, AUC: 0.67
Epoch [26/100] [TRAIN] Loss: 0.6825, Accuracy: 62.58%, AUC: 0.68 [VAL] Loss: 0.6825, Accuracy: 61.10%, Precision: 0.56, Recall: 0.64, F1: 0.59, AUC: 0.67
Epoch [27/100] [TRAIN] Loss: 0.6806, Accuracy: 63.46%, AUC: 0.68 [VAL] Loss: 0.6818, Accuracy: 61.50%, Precision: 0.56, Recall: 0.64, F1: 0.60, AUC: 0.67
Epoch [28/100] [TRAIN] Loss: 0.6810, Accuracy: 63.04%, AUC: 0.68 [VAL] Loss: 0.6811, Accuracy: 61.60%, Precision: 0.56, Recall: 0.64, F1: 0.60, AUC: 0.67
Epoch [29/100] [TRAIN] Loss: 0.6825, Accuracy: 62.86%, AUC: 0.68 [VAL] Loss: 0.6806, Accuracy: 61.90%, Precision: 0.56, Recall: 0.64, F1: 0.60, AUC: 0.67
Epoch [30/100] [TRAIN] Loss: 0.6840, Accuracy: 62.98%, AUC: 0.68 [VAL] Loss: 0.6800, Accuracy: 62.20%, Precision: 0.57, Recall: 0.65, F1: 0.60, AUC: 0.67
Epoch [31/100] [TRAIN] Loss: 0.6783, Accuracy: 63.02%, AUC: 0.68 [VAL] Loss: 0.6794, Accuracy: 62.40%, Precision: 0.57, Recall: 0.65, F1: 0.61, AUC: 0.67
Epoch [32/100] [TRAIN] Loss: 0.6799, Accuracy: 63.49%, AUC: 0.68 [VAL] Loss: 0.6788, Accuracy: 62.30%, Precision: 0.57, Recall: 0.65, F1: 0.61, AUC: 0.67
Epoch [33/100] [TRAIN] Loss: 0.6798, Accuracy: 63.14%, AUC: 0.68 [VAL] Loss: 0.6783, Accuracy: 62.30%, Precision: 0.57, Recall: 0.65, F1: 0.61, AUC: 0.68
Epoch [34/100] [TRAIN] Loss: 0.6766, Accuracy: 63.86%, AUC: 0.69 [VAL] Loss: 0.6777, Accuracy: 62.40%, Precision: 0.57, Recall: 0.65, F1: 0.61, AUC: 0.68
Epoch [35/100] [TRAIN] Loss: 0.6788, Accuracy: 63.02%, AUC: 0.68 [VAL] Loss: 0.6771, Accuracy: 62.30%, Precision: 0.57, Recall: 0.64, F1: 0.60, AUC: 0.68
Epoch [36/100] [TRAIN] Loss: 0.6766, Accuracy: 64.05%, AUC: 0.69 [VAL] Loss: 0.6765, Accuracy: 62.50%, Precision: 0.57, Recall: 0.64, F1: 0.61, AUC: 0.68
Epoch [37/100] [TRAIN] Loss: 0.6760, Accuracy: 63.56%, AUC: 0.69 [VAL] Loss: 0.6761, Accuracy: 62.40%, Precision: 0.57, Recall: 0.64, F1: 0.60, AUC: 0.68
Epoch [38/100] [TRAIN] Loss: 0.6762, Accuracy: 63.48%, AUC: 0.69 [VAL] Loss: 0.6756, Accuracy: 62.60%, Precision: 0.57, Recall: 0.64, F1: 0.61, AUC: 0.68
Epoch [39/100] [TRAIN] Loss: 0.6723, Accuracy: 64.14%, AUC: 0.69 [VAL] Loss: 0.6751, Accuracy: 62.60%, Precision: 0.57, Recall: 0.64, F1: 0.61, AUC: 0.68
Epoch [40/100] [TRAIN] Loss: 0.6723, Accuracy: 63.94%, AUC: 0.69 [VAL] Loss: 0.6747, Accuracy: 62.60%, Precision: 0.57, Recall: 0.64, F1: 0.61, AUC: 0.68
Epoch [41/100] [TRAIN] Loss: 0.6736, Accuracy: 64.15%, AUC: 0.69 [VAL] Loss: 0.6742, Accuracy: 62.50%, Precision: 0.57, Recall: 0.64, F1: 0.60, AUC: 0.68
Epoch [42/100] [TRAIN] Loss: 0.6733, Accuracy: 63.85%, AUC: 0.69 [VAL] Loss: 0.6739, Accuracy: 62.60%, Precision: 0.57, Recall: 0.64, F1: 0.61, AUC: 0.68
Epoch [43/100] [TRAIN] Loss: 0.6725, Accuracy: 64.36%, AUC: 0.69 [VAL] Loss: 0.6735, Accuracy: 62.80%, Precision: 0.57, Recall: 0.65, F1: 0.61, AUC: 0.68
Epoch [44/100] [TRAIN] Loss: 0.6739, Accuracy: 64.12%, AUC: 0.69 [VAL] Loss: 0.6732, Accuracy: 63.00%, Precision: 0.58, Recall: 0.65, F1: 0.61, AUC: 0.68
Epoch [45/100] [TRAIN] Loss: 0.6704, Accuracy: 64.34%, AUC: 0.70 [VAL] Loss: 0.6727, Accuracy: 63.10%, Precision: 0.58, Recall: 0.65, F1: 0.61, AUC: 0.68
Epoch [46/100] [TRAIN] Loss: 0.6690, Accuracy: 64.44%, AUC: 0.70 [VAL] Loss: 0.6723, Accuracy: 63.20%, Precision: 0.58, Recall: 0.65, F1: 0.61, AUC: 0.68
Epoch [47/100] [TRAIN] Loss: 0.6693, Accuracy: 64.21%, AUC: 0.70 [VAL] Loss: 0.6719, Accuracy: 63.30%, Precision: 0.58, Recall: 0.65, F1: 0.61, AUC: 0.68
Epoch [48/100] [TRAIN] Loss: 0.6707, Accuracy: 64.04%, AUC: 0.69 [VAL] Loss: 0.6716, Accuracy: 63.20%, Precision: 0.58, Recall: 0.65, F1: 0.61, AUC: 0.68
Epoch [49/100] [TRAIN] Loss: 0.6675, Accuracy: 63.95%, AUC: 0.70 [VAL] Loss: 0.6712, Accuracy: 63.10%, Precision: 0.58, Recall: 0.65, F1: 0.61, AUC: 0.68
Epoch [50/100] [TRAIN] Loss: 0.6704, Accuracy: 64.10%, AUC: 0.70 [VAL] Loss: 0.6709, Accuracy: 63.10%, Precision: 0.58, Recall: 0.65, F1: 0.61, AUC: 0.69
Epoch [51/100] [TRAIN] Loss: 0.6682, Accuracy: 64.75%, AUC: 0.70 [VAL] Loss: 0.6706, Accuracy: 63.30%, Precision: 0.58, Recall: 0.65, F1: 0.61, AUC: 0.69
Epoch [52/100] [TRAIN] Loss: 0.6677, Accuracy: 65.06%, AUC: 0.70 [VAL] Loss: 0.6702, Accuracy: 63.40%, Precision: 0.58, Recall: 0.66, F1: 0.62, AUC: 0.69
Epoch [53/100] [TRAIN] Loss: 0.6676, Accuracy: 64.91%, AUC: 0.70 [VAL] Loss: 0.6699, Accuracy: 63.30%, Precision: 0.58, Recall: 0.66, F1: 0.61, AUC: 0.69
Epoch [54/100] [TRAIN] Loss: 0.6668, Accuracy: 64.94%, AUC: 0.70 [VAL] Loss: 0.6696, Accuracy: 63.40%, Precision: 0.58, Recall: 0.66, F1: 0.62, AUC: 0.69
Epoch [55/100] [TRAIN] Loss: 0.6641, Accuracy: 64.83%, AUC: 0.71 [VAL] Loss: 0.6693, Accuracy: 63.40%, Precision: 0.58, Recall: 0.66, F1: 0.62, AUC: 0.69
Epoch [56/100] [TRAIN] Loss: 0.6675, Accuracy: 65.00%, AUC: 0.70 [VAL] Loss: 0.6689, Accuracy: 63.40%, Precision: 0.58, Recall: 0.66, F1: 0.62, AUC: 0.69
Epoch [57/100] [TRAIN] Loss: 0.6681, Accuracy: 64.61%, AUC: 0.70 [VAL] Loss: 0.6686, Accuracy: 63.60%, Precision: 0.58, Recall: 0.66, F1: 0.62, AUC: 0.69
Epoch [58/100] [TRAIN] Loss: 0.6660, Accuracy: 64.74%, AUC: 0.70 [VAL] Loss: 0.6684, Accuracy: 63.60%, Precision: 0.58, Recall: 0.66, F1: 0.62, AUC: 0.69
Epoch [59/100] [TRAIN] Loss: 0.6670, Accuracy: 64.84%, AUC: 0.70 [VAL] Loss: 0.6681, Accuracy: 63.70%, Precision: 0.58, Recall: 0.66, F1: 0.62, AUC: 0.69
Epoch [60/100] [TRAIN] Loss: 0.6650, Accuracy: 64.94%, AUC: 0.70 [VAL] Loss: 0.6679, Accuracy: 63.80%, Precision: 0.58, Recall: 0.66, F1: 0.62, AUC: 0.69
Epoch [61/100] [TRAIN] Loss: 0.6649, Accuracy: 65.41%, AUC: 0.70 [VAL] Loss: 0.6676, Accuracy: 64.00%, Precision: 0.59, Recall: 0.67, F1: 0.62, AUC: 0.69
Epoch [62/100] [TRAIN] Loss: 0.6623, Accuracy: 64.64%, AUC: 0.71 [VAL] Loss: 0.6673, Accuracy: 64.00%, Precision: 0.59, Recall: 0.66, F1: 0.62, AUC: 0.69
Epoch [63/100] [TRAIN] Loss: 0.6659, Accuracy: 64.41%, AUC: 0.70 [VAL] Loss: 0.6670, Accuracy: 64.00%, Precision: 0.59, Recall: 0.67, F1: 0.62, AUC: 0.69
Epoch [64/100] [TRAIN] Loss: 0.6646, Accuracy: 64.49%, AUC: 0.70 [VAL] Loss: 0.6668, Accuracy: 63.90%, Precision: 0.58, Recall: 0.66, F1: 0.62, AUC: 0.69
Epoch [65/100] [TRAIN] Loss: 0.6644, Accuracy: 64.92%, AUC: 0.70 [VAL] Loss: 0.6665, Accuracy: 64.00%, Precision: 0.59, Recall: 0.66, F1: 0.62, AUC: 0.69
Epoch [66/100] [TRAIN] Loss: 0.6669, Accuracy: 64.42%, AUC: 0.70 [VAL] Loss: 0.6663, Accuracy: 64.00%, Precision: 0.59, Recall: 0.66, F1: 0.62, AUC: 0.69
Epoch [67/100] [TRAIN] Loss: 0.6633, Accuracy: 65.05%, AUC: 0.71 [VAL] Loss: 0.6661, Accuracy: 64.20%, Precision: 0.59, Recall: 0.67, F1: 0.63, AUC: 0.69
Epoch [68/100] [TRAIN] Loss: 0.6635, Accuracy: 65.22%, AUC: 0.71 [VAL] Loss: 0.6658, Accuracy: 64.20%, Precision: 0.59, Recall: 0.67, F1: 0.63, AUC: 0.69
Epoch [69/100] [TRAIN] Loss: 0.6633, Accuracy: 64.92%, AUC: 0.71 [VAL] Loss: 0.6656, Accuracy: 64.40%, Precision: 0.59, Recall: 0.67, F1: 0.63, AUC: 0.69
Epoch [70/100] [TRAIN] Loss: 0.6637, Accuracy: 65.19%, AUC: 0.71 [VAL] Loss: 0.6653, Accuracy: 64.40%, Precision: 0.59, Recall: 0.67, F1: 0.63, AUC: 0.69
Epoch [71/100] [TRAIN] Loss: 0.6638, Accuracy: 65.51%, AUC: 0.71 [VAL] Loss: 0.6651, Accuracy: 64.40%, Precision: 0.59, Recall: 0.67, F1: 0.63, AUC: 0.69
Epoch [72/100] [TRAIN] Loss: 0.6636, Accuracy: 64.71%, AUC: 0.71 [VAL] Loss: 0.6649, Accuracy: 64.30%, Precision: 0.59, Recall: 0.67, F1: 0.63, AUC: 0.69
Epoch [73/100] [TRAIN] Loss: 0.6592, Accuracy: 65.35%, AUC: 0.71 [VAL] Loss: 0.6647, Accuracy: 64.30%, Precision: 0.59, Recall: 0.67, F1: 0.63, AUC: 0.69
Epoch [74/100] [TRAIN] Loss: 0.6599, Accuracy: 65.20%, AUC: 0.71 [VAL] Loss: 0.6644, Accuracy: 64.60%, Precision: 0.59, Recall: 0.67, F1: 0.63, AUC: 0.70
Epoch [75/100] [TRAIN] Loss: 0.6612, Accuracy: 65.50%, AUC: 0.71 [VAL] Loss: 0.6642, Accuracy: 64.70%, Precision: 0.59, Recall: 0.67, F1: 0.63, AUC: 0.70
Epoch [76/100] [TRAIN] Loss: 0.6583, Accuracy: 66.01%, AUC: 0.71 [VAL] Loss: 0.6640, Accuracy: 64.60%, Precision: 0.59, Recall: 0.67, F1: 0.63, AUC: 0.70
Epoch [77/100] [TRAIN] Loss: 0.6595, Accuracy: 65.38%, AUC: 0.71 [VAL] Loss: 0.6638, Accuracy: 64.60%, Precision: 0.59, Recall: 0.67, F1: 0.63, AUC: 0.70
Epoch [78/100] [TRAIN] Loss: 0.6599, Accuracy: 65.91%, AUC: 0.71 [VAL] Loss: 0.6636, Accuracy: 64.50%, Precision: 0.59, Recall: 0.67, F1: 0.63, AUC: 0.70
Epoch [79/100] [TRAIN] Loss: 0.6587, Accuracy: 65.79%, AUC: 0.71 [VAL] Loss: 0.6634, Accuracy: 64.40%, Precision: 0.59, Recall: 0.67, F1: 0.63, AUC: 0.70
Epoch [80/100] [TRAIN] Loss: 0.6593, Accuracy: 65.28%, AUC: 0.71 [VAL] Loss: 0.6633, Accuracy: 64.40%, Precision: 0.59, Recall: 0.67, F1: 0.63, AUC: 0.70
Epoch [81/100] [TRAIN] Loss: 0.6611, Accuracy: 65.09%, AUC: 0.71 [VAL] Loss: 0.6631, Accuracy: 64.40%, Precision: 0.59, Recall: 0.67, F1: 0.63, AUC: 0.70
Epoch [82/100] [TRAIN] Loss: 0.6601, Accuracy: 66.00%, AUC: 0.71 [VAL] Loss: 0.6629, Accuracy: 64.40%, Precision: 0.59, Recall: 0.67, F1: 0.63, AUC: 0.70
Epoch [83/100] [TRAIN] Loss: 0.6579, Accuracy: 65.88%, AUC: 0.71 [VAL] Loss: 0.6627, Accuracy: 64.50%, Precision: 0.59, Recall: 0.67, F1: 0.63, AUC: 0.70
Epoch [84/100] [TRAIN] Loss: 0.6605, Accuracy: 65.54%, AUC: 0.71 [VAL] Loss: 0.6625, Accuracy: 64.50%, Precision: 0.59, Recall: 0.67, F1: 0.63, AUC: 0.70
Epoch [85/100] [TRAIN] Loss: 0.6591, Accuracy: 65.74%, AUC: 0.71 [VAL] Loss: 0.6624, Accuracy: 64.50%, Precision: 0.59, Recall: 0.67, F1: 0.63, AUC: 0.70
Epoch [86/100] [TRAIN] Loss: 0.6573, Accuracy: 66.04%, AUC: 0.71 [VAL] Loss: 0.6622, Accuracy: 64.60%, Precision: 0.59, Recall: 0.67, F1: 0.63, AUC: 0.70
Epoch [87/100] [TRAIN] Loss: 0.6552, Accuracy: 66.11%, AUC: 0.72 [VAL] Loss: 0.6620, Accuracy: 64.50%, Precision: 0.59, Recall: 0.67, F1: 0.63, AUC: 0.70
Epoch [88/100] [TRAIN] Loss: 0.6595, Accuracy: 65.51%, AUC: 0.71 [VAL] Loss: 0.6618, Accuracy: 64.70%, Precision: 0.59, Recall: 0.67, F1: 0.63, AUC: 0.70
Epoch [89/100] [TRAIN] Loss: 0.6581, Accuracy: 65.58%, AUC: 0.71 [VAL] Loss: 0.6617, Accuracy: 64.80%, Precision: 0.59, Recall: 0.67, F1: 0.63, AUC: 0.70
Epoch [90/100] [TRAIN] Loss: 0.6586, Accuracy: 65.56%, AUC: 0.71 [VAL] Loss: 0.6615, Accuracy: 64.80%, Precision: 0.59, Recall: 0.67, F1: 0.63, AUC: 0.70
Epoch [91/100] [TRAIN] Loss: 0.6572, Accuracy: 65.97%, AUC: 0.72 [VAL] Loss: 0.6614, Accuracy: 64.80%, Precision: 0.59, Recall: 0.67, F1: 0.63, AUC: 0.70
Epoch [92/100] [TRAIN] Loss: 0.6585, Accuracy: 65.71%, AUC: 0.71 [VAL] Loss: 0.6613, Accuracy: 64.80%, Precision: 0.59, Recall: 0.67, F1: 0.63, AUC: 0.70
Epoch [93/100] [TRAIN] Loss: 0.6548, Accuracy: 66.42%, AUC: 0.72 [VAL] Loss: 0.6612, Accuracy: 64.80%, Precision: 0.59, Recall: 0.67, F1: 0.63, AUC: 0.70
Epoch [94/100] [TRAIN] Loss: 0.6594, Accuracy: 65.53%, AUC: 0.71 [VAL] Loss: 0.6610, Accuracy: 64.80%, Precision: 0.59, Recall: 0.67, F1: 0.63, AUC: 0.70
Epoch [95/100] [TRAIN] Loss: 0.6534, Accuracy: 65.89%, AUC: 0.72 [VAL] Loss: 0.6609, Accuracy: 64.80%, Precision: 0.59, Recall: 0.67, F1: 0.63, AUC: 0.70
Epoch [96/100] [TRAIN] Loss: 0.6545, Accuracy: 66.29%, AUC: 0.72 [VAL] Loss: 0.6608, Accuracy: 64.90%, Precision: 0.59, Recall: 0.67, F1: 0.63, AUC: 0.70
Epoch [97/100] [TRAIN] Loss: 0.6546, Accuracy: 65.91%, AUC: 0.72 [VAL] Loss: 0.6607, Accuracy: 64.90%, Precision: 0.59, Recall: 0.68, F1: 0.63, AUC: 0.70
Epoch [98/100] [TRAIN] Loss: 0.6543, Accuracy: 65.46%, AUC: 0.72 [VAL] Loss: 0.6605, Accuracy: 64.90%, Precision: 0.59, Recall: 0.68, F1: 0.63, AUC: 0.70
Epoch [99/100] [TRAIN] Loss: 0.6558, Accuracy: 66.09%, AUC: 0.72 [VAL] Loss: 0.6604, Accuracy: 64.80%, Precision: 0.59, Recall: 0.67, F1: 0.63, AUC: 0.70
Epoch [100/100] [TRAIN] Loss: 0.6554, Accuracy: 66.20%, AUC: 0.72 [VAL] Loss: 0.6603, Accuracy: 64.90%, Precision: 0.59, Recall: 0.67, F1: 0.63, AUC: 0.70
  Antisymmetry score (raw):        0.9330
  Antisymmetry score (confident):  1.0000
  Total violations:                67 / 1000
  Pairs near boundary:             269 (26.9%)
  Avg |prob-0.5| at violation:     0.0000

--- Training baselines (LogisticRegression, RandomForest, SVM) ---

  Training LogisticRegression...
  Val accuracy: 62.00%  |  Val AUC: 0.6491

  [LogisticRegression]  Accuracy: 64.40%  AUC: 0.6950  AUCPRC: 0.6466  Precision: 0.6401  Recall: 0.5866  F1: 0.6122  Antisym: 0.7500

  Training RandomForest...
  Val accuracy: 66.50%  |  Val AUC: 0.7157

  [RandomForest]  Accuracy: 69.20%  AUC: 0.7543  AUCPRC: 0.7280  Precision: 0.6948  Recall: 0.6367  F1: 0.6645  Antisym: 0.7830

  Training SVM_Linear...
  Val accuracy: 62.00%  |  Val AUC: 0.6494

  [SVM_Linear]  Accuracy: 65.00%  AUC: 0.6966  AUCPRC: 0.6496  Precision: 0.6547  Recall: 0.5699  F1: 0.6094  Antisym: 0.7310
Seed: 1011
=== DirectRanker ===
Accuracy:  68.70 %
AUC:       0.7501
AUCPRC:    0.7234
Precision: 0.6566
Recall:    0.7265
F1-Score:  0.6898
Antisymmetry score:  0.9330  (1.0 = perfect, ~0.5 = random)

Detailed Classification Report:
              precision    recall  f1-score   support

           0       0.72      0.65      0.68       521
           1       0.66      0.73      0.69       479

    accuracy                           0.69      1000
   macro avg       0.69      0.69      0.69      1000
weighted avg       0.69      0.69      0.69      1000


Confusion Matrix:
[[339 182]
 [131 348]]

=== LogisticRegression ===
Accuracy:  64.40 %
AUC:       0.6950
AUCPRC:    0.6466
Precision: 0.6401
Recall:    0.5866
F1-Score:  0.6122
Antisymmetry score:  0.7500
Confusion Matrix:
[[363 158]
 [198 281]]

=== RandomForest ===
Accuracy:  69.20 %
AUC:       0.7543
AUCPRC:    0.7280
Precision: 0.6948
Recall:    0.6367
F1-Score:  0.6645
Antisymmetry score:  0.7830
Confusion Matrix:
[[387 134]
 [174 305]]

=== SVM_Linear ===
Accuracy:  65.00 %
AUC:       0.6966
AUCPRC:    0.6496
Precision: 0.6547
Recall:    0.5699
F1-Score:  0.6094
Antisymmetry score:  0.7310
Confusion Matrix:
[[377 144]
 [206 273]]

Saved combined test metrics: /group/pmc021/amunif/epi-thesis/workflow/18_Pairwise Ranking HepG2 REMC/output/combined/test/004-H3K27me3-seed1011-test-metrics.csv
Saved combined ROC plot: /group/pmc021/amunif/epi-thesis/workflow/18_Pairwise Ranking HepG2 REMC/output/combined/img/roc/004-H3K27me3-seed1011-roc-combined.png
Saved combined PRC plot: /group/pmc021/amunif/epi-thesis/workflow/18_Pairwise Ranking HepG2 REMC/output/combined/img/prc/004-H3K27me3-seed1011-prc-combined.png

Finished 004-H3K27me3 (seed 1011)

======================================================================
005-H3K4me3-H3K9ac
======================================================================
Train label distribution:
  Label 0:   4140 (51.7%)
  Label 1:   3860 (48.2%)
Val label distribution:
  Label 0:    553 (55.3%)
  Label 1:    447 (44.7%)
Test label distribution:
  Label 0:    521 (52.1%)
  Label 1:    479 (47.9%)
Saved label distribution: /group/pmc021/amunif/epi-thesis/workflow/18_Pairwise Ranking HepG2 REMC/output/combined/test/005-H3K4me3-H3K9ac-seed1011-label-distribution.csv

--- Training DirectRanker ---
Epoch [1/100] [TRAIN] Loss: 0.6233, Accuracy: 71.75%, AUC: 0.79 [VAL] Loss: 0.5221, Accuracy: 76.80%, Precision: 0.71, Recall: 0.81, F1: 0.76, AUC: 0.85
Epoch [2/100] [TRAIN] Loss: 0.5748, Accuracy: 74.81%, AUC: 0.82 [VAL] Loss: 0.5184, Accuracy: 77.20%, Precision: 0.72, Recall: 0.81, F1: 0.76, AUC: 0.85
Epoch [3/100] [TRAIN] Loss: 0.5630, Accuracy: 73.88%, AUC: 0.82 [VAL] Loss: 0.5131, Accuracy: 77.70%, Precision: 0.72, Recall: 0.82, F1: 0.77, AUC: 0.86
Epoch [4/100] [TRAIN] Loss: 0.5613, Accuracy: 74.80%, AUC: 0.82 [VAL] Loss: 0.5134, Accuracy: 77.70%, Precision: 0.72, Recall: 0.82, F1: 0.77, AUC: 0.86
Epoch [5/100] [TRAIN] Loss: 0.5534, Accuracy: 74.65%, AUC: 0.83 [VAL] Loss: 0.5127, Accuracy: 77.60%, Precision: 0.72, Recall: 0.82, F1: 0.77, AUC: 0.86
Epoch [6/100] [TRAIN] Loss: 0.5481, Accuracy: 75.09%, AUC: 0.83 [VAL] Loss: 0.5103, Accuracy: 77.40%, Precision: 0.72, Recall: 0.82, F1: 0.76, AUC: 0.86
Epoch [7/100] [TRAIN] Loss: 0.5459, Accuracy: 75.46%, AUC: 0.83 [VAL] Loss: 0.5123, Accuracy: 77.40%, Precision: 0.72, Recall: 0.82, F1: 0.76, AUC: 0.86
Epoch [8/100] [TRAIN] Loss: 0.5454, Accuracy: 74.97%, AUC: 0.83 [VAL] Loss: 0.5106, Accuracy: 77.50%, Precision: 0.72, Recall: 0.82, F1: 0.76, AUC: 0.86
Epoch [9/100] [TRAIN] Loss: 0.5448, Accuracy: 74.72%, AUC: 0.83 [VAL] Loss: 0.5103, Accuracy: 77.50%, Precision: 0.72, Recall: 0.82, F1: 0.76, AUC: 0.86
Epoch [10/100] [TRAIN] Loss: 0.5438, Accuracy: 75.39%, AUC: 0.83 [VAL] Loss: 0.5087, Accuracy: 77.50%, Precision: 0.72, Recall: 0.82, F1: 0.76, AUC: 0.86
Epoch [11/100] [TRAIN] Loss: 0.5438, Accuracy: 75.15%, AUC: 0.83 [VAL] Loss: 0.5106, Accuracy: 77.50%, Precision: 0.72, Recall: 0.82, F1: 0.76, AUC: 0.86
Epoch [12/100] [TRAIN] Loss: 0.5379, Accuracy: 75.60%, AUC: 0.84 [VAL] Loss: 0.5088, Accuracy: 77.20%, Precision: 0.71, Recall: 0.82, F1: 0.76, AUC: 0.86
Epoch [13/100] [TRAIN] Loss: 0.5385, Accuracy: 75.46%, AUC: 0.84 [VAL] Loss: 0.5087, Accuracy: 77.30%, Precision: 0.72, Recall: 0.82, F1: 0.76, AUC: 0.86
Epoch [14/100] [TRAIN] Loss: 0.5361, Accuracy: 75.22%, AUC: 0.84 [VAL] Loss: 0.5083, Accuracy: 77.50%, Precision: 0.72, Recall: 0.82, F1: 0.76, AUC: 0.86
Epoch [15/100] [TRAIN] Loss: 0.5361, Accuracy: 75.95%, AUC: 0.84 [VAL] Loss: 0.5094, Accuracy: 77.20%, Precision: 0.71, Recall: 0.82, F1: 0.76, AUC: 0.86
Epoch [16/100] [TRAIN] Loss: 0.5305, Accuracy: 76.16%, AUC: 0.84 [VAL] Loss: 0.5092, Accuracy: 77.30%, Precision: 0.71, Recall: 0.82, F1: 0.76, AUC: 0.86
Epoch [17/100] [TRAIN] Loss: 0.5335, Accuracy: 76.12%, AUC: 0.84 [VAL] Loss: 0.5085, Accuracy: 77.20%, Precision: 0.71, Recall: 0.82, F1: 0.76, AUC: 0.86
Epoch [18/100] [TRAIN] Loss: 0.5341, Accuracy: 75.62%, AUC: 0.84 [VAL] Loss: 0.5084, Accuracy: 77.30%, Precision: 0.71, Recall: 0.82, F1: 0.76, AUC: 0.86
Epoch [19/100] [TRAIN] Loss: 0.5311, Accuracy: 75.40%, AUC: 0.84 [VAL] Loss: 0.5096, Accuracy: 77.20%, Precision: 0.71, Recall: 0.82, F1: 0.76, AUC: 0.86
Epoch [20/100] [TRAIN] Loss: 0.5314, Accuracy: 75.72%, AUC: 0.84 [VAL] Loss: 0.5083, Accuracy: 77.30%, Precision: 0.71, Recall: 0.82, F1: 0.76, AUC: 0.86
Epoch [21/100] [TRAIN] Loss: 0.5297, Accuracy: 75.74%, AUC: 0.84 [VAL] Loss: 0.5085, Accuracy: 77.30%, Precision: 0.71, Recall: 0.82, F1: 0.76, AUC: 0.86
Epoch [22/100] [TRAIN] Loss: 0.5330, Accuracy: 75.81%, AUC: 0.84 [VAL] Loss: 0.5087, Accuracy: 77.30%, Precision: 0.71, Recall: 0.82, F1: 0.76, AUC: 0.86
Epoch [23/100] [TRAIN] Loss: 0.5260, Accuracy: 75.96%, AUC: 0.84 [VAL] Loss: 0.5088, Accuracy: 77.30%, Precision: 0.71, Recall: 0.82, F1: 0.76, AUC: 0.86
Epoch [24/100] [TRAIN] Loss: 0.5258, Accuracy: 75.83%, AUC: 0.84 [VAL] Loss: 0.5089, Accuracy: 77.30%, Precision: 0.71, Recall: 0.82, F1: 0.76, AUC: 0.86
  Early stopping at epoch 24 (no val_loss improvement for 10 epochs)
  Antisymmetry score (raw):        0.9250
  Antisymmetry score (confident):  1.0000
  Total violations:                75 / 1000
  Pairs near boundary:             182 (18.2%)
  Avg |prob-0.5| at violation:     0.0000

--- Training baselines (LogisticRegression, RandomForest, SVM) ---

  Training LogisticRegression...
  Val accuracy: 77.10%  |  Val AUC: 0.8332

  [LogisticRegression]  Accuracy: 77.10%  AUC: 0.8448  AUCPRC: 0.8349  Precision: 0.8019  Recall: 0.6931  F1: 0.7436  Antisym: 0.7530

  Training RandomForest...
  Val accuracy: 77.90%  |  Val AUC: 0.8547

  [RandomForest]  Accuracy: 78.40%  AUC: 0.8784  AUCPRC: 0.8666  Precision: 0.8124  Recall: 0.7140  F1: 0.7600  Antisym: 0.7980

  Training SVM_Linear...
  Val accuracy: 77.10%  |  Val AUC: 0.8323

  [SVM_Linear]  Accuracy: 77.30%  AUC: 0.8477  AUCPRC: 0.8367  Precision: 0.8088  Recall: 0.6889  F1: 0.7441  Antisym: 0.7600
Seed: 1011
=== DirectRanker ===
Accuracy:  75.70 %
AUC:       0.8550
AUCPRC:    0.8582
Precision: 0.7305
Recall:    0.7808
F1-Score:  0.7548
Antisymmetry score:  0.9250  (1.0 = perfect, ~0.5 = random)

Detailed Classification Report:
              precision    recall  f1-score   support

           0       0.78      0.74      0.76       521
           1       0.73      0.78      0.75       479

    accuracy                           0.76      1000
   macro avg       0.76      0.76      0.76      1000
weighted avg       0.76      0.76      0.76      1000


Confusion Matrix:
[[383 138]
 [105 374]]

=== LogisticRegression ===
Accuracy:  77.10 %
AUC:       0.8448
AUCPRC:    0.8349
Precision: 0.8019
Recall:    0.6931
F1-Score:  0.7436
Antisymmetry score:  0.7530
Confusion Matrix:
[[439  82]
 [147 332]]

=== RandomForest ===
Accuracy:  78.40 %
AUC:       0.8784
AUCPRC:    0.8666
Precision: 0.8124
Recall:    0.7140
F1-Score:  0.7600
Antisymmetry score:  0.7980
Confusion Matrix:
[[442  79]
 [137 342]]

=== SVM_Linear ===
Accuracy:  77.30 %
AUC:       0.8477
AUCPRC:    0.8367
Precision: 0.8088
Recall:    0.6889
F1-Score:  0.7441
Antisymmetry score:  0.7600
Confusion Matrix:
[[443  78]
 [149 330]]

Saved combined test metrics: /group/pmc021/amunif/epi-thesis/workflow/18_Pairwise Ranking HepG2 REMC/output/combined/test/005-H3K4me3-H3K9ac-seed1011-test-metrics.csv
Saved combined ROC plot: /group/pmc021/amunif/epi-thesis/workflow/18_Pairwise Ranking HepG2 REMC/output/combined/img/roc/005-H3K4me3-H3K9ac-seed1011-roc-combined.png
Saved combined PRC plot: /group/pmc021/amunif/epi-thesis/workflow/18_Pairwise Ranking HepG2 REMC/output/combined/img/prc/005-H3K4me3-H3K9ac-seed1011-prc-combined.png

Finished 005-H3K4me3-H3K9ac (seed 1011)

======================================================================
006-H3K4me3-H3K9me3
======================================================================
Train label distribution:
  Label 0:   4140 (51.7%)
  Label 1:   3860 (48.2%)
Val label distribution:
  Label 0:    553 (55.3%)
  Label 1:    447 (44.7%)
Test label distribution:
  Label 0:    521 (52.1%)
  Label 1:    479 (47.9%)
Saved label distribution: /group/pmc021/amunif/epi-thesis/workflow/18_Pairwise Ranking HepG2 REMC/output/combined/test/006-H3K4me3-H3K9me3-seed1011-label-distribution.csv

--- Training DirectRanker ---
Epoch [1/100] [TRAIN] Loss: 0.6420, Accuracy: 69.38%, AUC: 0.76 [VAL] Loss: 0.5399, Accuracy: 74.40%, Precision: 0.69, Recall: 0.78, F1: 0.73, AUC: 0.83
Epoch [2/100] [TRAIN] Loss: 0.5905, Accuracy: 72.72%, AUC: 0.80 [VAL] Loss: 0.5355, Accuracy: 74.50%, Precision: 0.69, Recall: 0.79, F1: 0.73, AUC: 0.84
Epoch [3/100] [TRAIN] Loss: 0.5862, Accuracy: 72.88%, AUC: 0.80 [VAL] Loss: 0.5340, Accuracy: 75.00%, Precision: 0.69, Recall: 0.79, F1: 0.74, AUC: 0.84
Epoch [4/100] [TRAIN] Loss: 0.5773, Accuracy: 73.06%, AUC: 0.81 [VAL] Loss: 0.5327, Accuracy: 75.20%, Precision: 0.70, Recall: 0.79, F1: 0.74, AUC: 0.84
Epoch [5/100] [TRAIN] Loss: 0.5701, Accuracy: 72.62%, AUC: 0.81 [VAL] Loss: 0.5310, Accuracy: 75.10%, Precision: 0.69, Recall: 0.79, F1: 0.74, AUC: 0.84
Epoch [6/100] [TRAIN] Loss: 0.5674, Accuracy: 73.22%, AUC: 0.81 [VAL] Loss: 0.5319, Accuracy: 75.00%, Precision: 0.69, Recall: 0.79, F1: 0.74, AUC: 0.84
Epoch [7/100] [TRAIN] Loss: 0.5664, Accuracy: 72.42%, AUC: 0.81 [VAL] Loss: 0.5316, Accuracy: 75.30%, Precision: 0.70, Recall: 0.79, F1: 0.74, AUC: 0.84
Epoch [8/100] [TRAIN] Loss: 0.5632, Accuracy: 73.44%, AUC: 0.82 [VAL] Loss: 0.5300, Accuracy: 75.10%, Precision: 0.69, Recall: 0.79, F1: 0.74, AUC: 0.84
Epoch [9/100] [TRAIN] Loss: 0.5650, Accuracy: 73.11%, AUC: 0.81 [VAL] Loss: 0.5300, Accuracy: 75.00%, Precision: 0.69, Recall: 0.79, F1: 0.74, AUC: 0.84
Epoch [10/100] [TRAIN] Loss: 0.5597, Accuracy: 73.96%, AUC: 0.82 [VAL] Loss: 0.5302, Accuracy: 74.90%, Precision: 0.69, Recall: 0.79, F1: 0.74, AUC: 0.84
Epoch [11/100] [TRAIN] Loss: 0.5594, Accuracy: 73.10%, AUC: 0.82 [VAL] Loss: 0.5302, Accuracy: 75.20%, Precision: 0.69, Recall: 0.79, F1: 0.74, AUC: 0.84
Epoch [12/100] [TRAIN] Loss: 0.5571, Accuracy: 73.99%, AUC: 0.82 [VAL] Loss: 0.5304, Accuracy: 75.20%, Precision: 0.70, Recall: 0.79, F1: 0.74, AUC: 0.84
Epoch [13/100] [TRAIN] Loss: 0.5546, Accuracy: 73.99%, AUC: 0.82 [VAL] Loss: 0.5295, Accuracy: 75.30%, Precision: 0.70, Recall: 0.79, F1: 0.74, AUC: 0.84
Epoch [14/100] [TRAIN] Loss: 0.5579, Accuracy: 73.71%, AUC: 0.82 [VAL] Loss: 0.5294, Accuracy: 75.20%, Precision: 0.70, Recall: 0.79, F1: 0.74, AUC: 0.84
Epoch [15/100] [TRAIN] Loss: 0.5563, Accuracy: 73.42%, AUC: 0.82 [VAL] Loss: 0.5289, Accuracy: 75.50%, Precision: 0.70, Recall: 0.79, F1: 0.74, AUC: 0.84
Epoch [16/100] [TRAIN] Loss: 0.5533, Accuracy: 73.39%, AUC: 0.82 [VAL] Loss: 0.5279, Accuracy: 75.40%, Precision: 0.70, Recall: 0.79, F1: 0.74, AUC: 0.84
Epoch [17/100] [TRAIN] Loss: 0.5535, Accuracy: 73.40%, AUC: 0.82 [VAL] Loss: 0.5281, Accuracy: 75.50%, Precision: 0.70, Recall: 0.79, F1: 0.74, AUC: 0.84
Epoch [18/100] [TRAIN] Loss: 0.5556, Accuracy: 73.08%, AUC: 0.82 [VAL] Loss: 0.5292, Accuracy: 75.50%, Precision: 0.70, Recall: 0.79, F1: 0.74, AUC: 0.84
Epoch [19/100] [TRAIN] Loss: 0.5524, Accuracy: 73.65%, AUC: 0.82 [VAL] Loss: 0.5291, Accuracy: 75.60%, Precision: 0.70, Recall: 0.79, F1: 0.74, AUC: 0.84
Epoch [20/100] [TRAIN] Loss: 0.5499, Accuracy: 73.88%, AUC: 0.82 [VAL] Loss: 0.5278, Accuracy: 75.60%, Precision: 0.70, Recall: 0.79, F1: 0.74, AUC: 0.84
Epoch [21/100] [TRAIN] Loss: 0.5525, Accuracy: 73.34%, AUC: 0.82 [VAL] Loss: 0.5280, Accuracy: 75.70%, Precision: 0.70, Recall: 0.79, F1: 0.74, AUC: 0.84
Epoch [22/100] [TRAIN] Loss: 0.5497, Accuracy: 74.10%, AUC: 0.82 [VAL] Loss: 0.5282, Accuracy: 75.30%, Precision: 0.70, Recall: 0.79, F1: 0.74, AUC: 0.84
Epoch [23/100] [TRAIN] Loss: 0.5481, Accuracy: 73.84%, AUC: 0.82 [VAL] Loss: 0.5275, Accuracy: 75.20%, Precision: 0.70, Recall: 0.79, F1: 0.74, AUC: 0.84
Epoch [24/100] [TRAIN] Loss: 0.5505, Accuracy: 73.56%, AUC: 0.82 [VAL] Loss: 0.5284, Accuracy: 75.20%, Precision: 0.70, Recall: 0.79, F1: 0.74, AUC: 0.84
Epoch [25/100] [TRAIN] Loss: 0.5492, Accuracy: 74.33%, AUC: 0.82 [VAL] Loss: 0.5284, Accuracy: 75.20%, Precision: 0.70, Recall: 0.79, F1: 0.74, AUC: 0.84
Epoch [26/100] [TRAIN] Loss: 0.5458, Accuracy: 73.66%, AUC: 0.83 [VAL] Loss: 0.5256, Accuracy: 75.30%, Precision: 0.70, Recall: 0.79, F1: 0.74, AUC: 0.84
Epoch [27/100] [TRAIN] Loss: 0.5468, Accuracy: 73.95%, AUC: 0.82 [VAL] Loss: 0.5282, Accuracy: 75.20%, Precision: 0.70, Recall: 0.79, F1: 0.74, AUC: 0.84
Epoch [28/100] [TRAIN] Loss: 0.5529, Accuracy: 73.90%, AUC: 0.82 [VAL] Loss: 0.5290, Accuracy: 75.10%, Precision: 0.70, Recall: 0.79, F1: 0.74, AUC: 0.84
Epoch [29/100] [TRAIN] Loss: 0.5508, Accuracy: 73.31%, AUC: 0.82 [VAL] Loss: 0.5289, Accuracy: 75.30%, Precision: 0.70, Recall: 0.79, F1: 0.74, AUC: 0.84
Epoch [30/100] [TRAIN] Loss: 0.5455, Accuracy: 73.88%, AUC: 0.83 [VAL] Loss: 0.5282, Accuracy: 75.30%, Precision: 0.70, Recall: 0.79, F1: 0.74, AUC: 0.84
Epoch [31/100] [TRAIN] Loss: 0.5478, Accuracy: 73.84%, AUC: 0.82 [VAL] Loss: 0.5278, Accuracy: 75.20%, Precision: 0.70, Recall: 0.79, F1: 0.74, AUC: 0.84
Epoch [32/100] [TRAIN] Loss: 0.5511, Accuracy: 74.14%, AUC: 0.82 [VAL] Loss: 0.5277, Accuracy: 75.20%, Precision: 0.70, Recall: 0.79, F1: 0.74, AUC: 0.84
Epoch [33/100] [TRAIN] Loss: 0.5473, Accuracy: 74.10%, AUC: 0.82 [VAL] Loss: 0.5276, Accuracy: 75.20%, Precision: 0.70, Recall: 0.79, F1: 0.74, AUC: 0.84
Epoch [34/100] [TRAIN] Loss: 0.5446, Accuracy: 74.26%, AUC: 0.83 [VAL] Loss: 0.5274, Accuracy: 75.20%, Precision: 0.70, Recall: 0.79, F1: 0.74, AUC: 0.84
Epoch [35/100] [TRAIN] Loss: 0.5494, Accuracy: 74.00%, AUC: 0.82 [VAL] Loss: 0.5276, Accuracy: 75.20%, Precision: 0.70, Recall: 0.79, F1: 0.74, AUC: 0.84
Epoch [36/100] [TRAIN] Loss: 0.5474, Accuracy: 73.88%, AUC: 0.82 [VAL] Loss: 0.5276, Accuracy: 75.20%, Precision: 0.70, Recall: 0.79, F1: 0.74, AUC: 0.84
  Early stopping at epoch 36 (no val_loss improvement for 10 epochs)
  Antisymmetry score (raw):        0.9490
  Antisymmetry score (confident):  1.0000
  Total violations:                51 / 1000
  Pairs near boundary:             180 (18.0%)
  Avg |prob-0.5| at violation:     0.0000

--- Training baselines (LogisticRegression, RandomForest, SVM) ---

  Training LogisticRegression...
  Val accuracy: 74.10%  |  Val AUC: 0.8033

  [LogisticRegression]  Accuracy: 76.00%  AUC: 0.8258  AUCPRC: 0.7980  Precision: 0.7747  Recall: 0.7035  F1: 0.7374  Antisym: 0.8010

  Training RandomForest...
  Val accuracy: 75.30%  |  Val AUC: 0.8282

  [RandomForest]  Accuracy: 76.70%  AUC: 0.8550  AUCPRC: 0.8417  Precision: 0.7783  Recall: 0.7182  F1: 0.7470  Antisym: 0.8020

  Training SVM_Linear...
  Val accuracy: 73.50%  |  Val AUC: 0.7974

  [SVM_Linear]  Accuracy: 74.70%  AUC: 0.8171  AUCPRC: 0.7877  Precision: 0.7580  Recall: 0.6931  F1: 0.7241  Antisym: 0.7910
Seed: 1011
=== DirectRanker ===
Accuracy:  75.00 %
AUC:       0.8465
AUCPRC:    0.8422
Precision: 0.7198
Recall:    0.7829
F1-Score:  0.7500
Antisymmetry score:  0.9490  (1.0 = perfect, ~0.5 = random)

Detailed Classification Report:
              precision    recall  f1-score   support

           0       0.78      0.72      0.75       521
           1       0.72      0.78      0.75       479

    accuracy                           0.75      1000
   macro avg       0.75      0.75      0.75      1000
weighted avg       0.75      0.75      0.75      1000


Confusion Matrix:
[[375 146]
 [104 375]]

=== LogisticRegression ===
Accuracy:  76.00 %
AUC:       0.8258
AUCPRC:    0.7980
Precision: 0.7747
Recall:    0.7035
F1-Score:  0.7374
Antisymmetry score:  0.8010
Confusion Matrix:
[[423  98]
 [142 337]]

=== RandomForest ===
Accuracy:  76.70 %
AUC:       0.8550
AUCPRC:    0.8417
Precision: 0.7783
Recall:    0.7182
F1-Score:  0.7470
Antisymmetry score:  0.8020
Confusion Matrix:
[[423  98]
 [135 344]]

=== SVM_Linear ===
Accuracy:  74.70 %
AUC:       0.8171
AUCPRC:    0.7877
Precision: 0.7580
Recall:    0.6931
F1-Score:  0.7241
Antisymmetry score:  0.7910
Confusion Matrix:
[[415 106]
 [147 332]]

Saved combined test metrics: /group/pmc021/amunif/epi-thesis/workflow/18_Pairwise Ranking HepG2 REMC/output/combined/test/006-H3K4me3-H3K9me3-seed1011-test-metrics.csv
Saved combined ROC plot: /group/pmc021/amunif/epi-thesis/workflow/18_Pairwise Ranking HepG2 REMC/output/combined/img/roc/006-H3K4me3-H3K9me3-seed1011-roc-combined.png
Saved combined PRC plot: /group/pmc021/amunif/epi-thesis/workflow/18_Pairwise Ranking HepG2 REMC/output/combined/img/prc/006-H3K4me3-H3K9me3-seed1011-prc-combined.png

Finished 006-H3K4me3-H3K9me3 (seed 1011)

======================================================================
007-H3K4me3-H3K27ac
======================================================================
Train label distribution:
  Label 0:   4140 (51.7%)
  Label 1:   3860 (48.2%)
Val label distribution:
  Label 0:    553 (55.3%)
  Label 1:    447 (44.7%)
Test label distribution:
  Label 0:    521 (52.1%)
  Label 1:    479 (47.9%)
Saved label distribution: /group/pmc021/amunif/epi-thesis/workflow/18_Pairwise Ranking HepG2 REMC/output/combined/test/007-H3K4me3-H3K27ac-seed1011-label-distribution.csv

--- Training DirectRanker ---
Epoch [1/100] [TRAIN] Loss: 0.6638, Accuracy: 68.62%, AUC: 0.75 [VAL] Loss: 0.5416, Accuracy: 73.00%, Precision: 0.68, Recall: 0.76, F1: 0.72, AUC: 0.83
Epoch [2/100] [TRAIN] Loss: 0.5839, Accuracy: 73.14%, AUC: 0.81 [VAL] Loss: 0.5313, Accuracy: 74.30%, Precision: 0.69, Recall: 0.78, F1: 0.73, AUC: 0.84
Epoch [3/100] [TRAIN] Loss: 0.5782, Accuracy: 73.78%, AUC: 0.81 [VAL] Loss: 0.5303, Accuracy: 74.50%, Precision: 0.69, Recall: 0.78, F1: 0.73, AUC: 0.84
Epoch [4/100] [TRAIN] Loss: 0.5613, Accuracy: 74.97%, AUC: 0.82 [VAL] Loss: 0.5250, Accuracy: 75.50%, Precision: 0.70, Recall: 0.79, F1: 0.74, AUC: 0.84
Epoch [5/100] [TRAIN] Loss: 0.5643, Accuracy: 74.70%, AUC: 0.82 [VAL] Loss: 0.5262, Accuracy: 76.10%, Precision: 0.71, Recall: 0.79, F1: 0.75, AUC: 0.84
Epoch [6/100] [TRAIN] Loss: 0.5550, Accuracy: 74.92%, AUC: 0.83 [VAL] Loss: 0.5255, Accuracy: 75.60%, Precision: 0.70, Recall: 0.79, F1: 0.74, AUC: 0.84
Epoch [7/100] [TRAIN] Loss: 0.5550, Accuracy: 74.40%, AUC: 0.83 [VAL] Loss: 0.5248, Accuracy: 75.30%, Precision: 0.70, Recall: 0.79, F1: 0.74, AUC: 0.84
Epoch [8/100] [TRAIN] Loss: 0.5526, Accuracy: 75.17%, AUC: 0.83 [VAL] Loss: 0.5235, Accuracy: 75.50%, Precision: 0.70, Recall: 0.79, F1: 0.74, AUC: 0.84
Epoch [9/100] [TRAIN] Loss: 0.5464, Accuracy: 74.97%, AUC: 0.83 [VAL] Loss: 0.5240, Accuracy: 75.50%, Precision: 0.70, Recall: 0.79, F1: 0.74, AUC: 0.84
Epoch [10/100] [TRAIN] Loss: 0.5445, Accuracy: 75.01%, AUC: 0.83 [VAL] Loss: 0.5232, Accuracy: 75.60%, Precision: 0.70, Recall: 0.79, F1: 0.74, AUC: 0.84
Epoch [11/100] [TRAIN] Loss: 0.5473, Accuracy: 75.08%, AUC: 0.83 [VAL] Loss: 0.5235, Accuracy: 75.80%, Precision: 0.70, Recall: 0.79, F1: 0.75, AUC: 0.84
Epoch [12/100] [TRAIN] Loss: 0.5410, Accuracy: 75.44%, AUC: 0.83 [VAL] Loss: 0.5226, Accuracy: 75.70%, Precision: 0.70, Recall: 0.79, F1: 0.74, AUC: 0.84
Epoch [13/100] [TRAIN] Loss: 0.5426, Accuracy: 75.16%, AUC: 0.83 [VAL] Loss: 0.5227, Accuracy: 75.80%, Precision: 0.70, Recall: 0.79, F1: 0.75, AUC: 0.84
Epoch [14/100] [TRAIN] Loss: 0.5400, Accuracy: 75.03%, AUC: 0.83 [VAL] Loss: 0.5222, Accuracy: 75.60%, Precision: 0.70, Recall: 0.79, F1: 0.74, AUC: 0.84
Epoch [15/100] [TRAIN] Loss: 0.5370, Accuracy: 75.44%, AUC: 0.84 [VAL] Loss: 0.5220, Accuracy: 75.70%, Precision: 0.70, Recall: 0.79, F1: 0.74, AUC: 0.84
Epoch [16/100] [TRAIN] Loss: 0.5402, Accuracy: 75.53%, AUC: 0.84 [VAL] Loss: 0.5211, Accuracy: 75.60%, Precision: 0.70, Recall: 0.79, F1: 0.74, AUC: 0.84
Epoch [17/100] [TRAIN] Loss: 0.5394, Accuracy: 75.51%, AUC: 0.84 [VAL] Loss: 0.5208, Accuracy: 75.50%, Precision: 0.70, Recall: 0.79, F1: 0.74, AUC: 0.84
Epoch [18/100] [TRAIN] Loss: 0.5383, Accuracy: 74.84%, AUC: 0.83 [VAL] Loss: 0.5207, Accuracy: 75.40%, Precision: 0.70, Recall: 0.79, F1: 0.74, AUC: 0.84
Epoch [19/100] [TRAIN] Loss: 0.5300, Accuracy: 76.08%, AUC: 0.84 [VAL] Loss: 0.5205, Accuracy: 75.50%, Precision: 0.70, Recall: 0.79, F1: 0.74, AUC: 0.84
Epoch [20/100] [TRAIN] Loss: 0.5345, Accuracy: 75.11%, AUC: 0.84 [VAL] Loss: 0.5197, Accuracy: 75.50%, Precision: 0.70, Recall: 0.79, F1: 0.74, AUC: 0.84
Epoch [21/100] [TRAIN] Loss: 0.5356, Accuracy: 75.49%, AUC: 0.84 [VAL] Loss: 0.5194, Accuracy: 75.60%, Precision: 0.70, Recall: 0.79, F1: 0.74, AUC: 0.84
Epoch [22/100] [TRAIN] Loss: 0.5330, Accuracy: 75.22%, AUC: 0.84 [VAL] Loss: 0.5196, Accuracy: 75.40%, Precision: 0.70, Recall: 0.79, F1: 0.74, AUC: 0.84
Epoch [23/100] [TRAIN] Loss: 0.5374, Accuracy: 75.15%, AUC: 0.84 [VAL] Loss: 0.5203, Accuracy: 75.50%, Precision: 0.70, Recall: 0.79, F1: 0.74, AUC: 0.84
Epoch [24/100] [TRAIN] Loss: 0.5326, Accuracy: 75.22%, AUC: 0.84 [VAL] Loss: 0.5198, Accuracy: 75.70%, Precision: 0.70, Recall: 0.79, F1: 0.74, AUC: 0.84
Epoch [25/100] [TRAIN] Loss: 0.5330, Accuracy: 75.36%, AUC: 0.84 [VAL] Loss: 0.5197, Accuracy: 75.60%, Precision: 0.70, Recall: 0.79, F1: 0.74, AUC: 0.85
Epoch [26/100] [TRAIN] Loss: 0.5283, Accuracy: 75.62%, AUC: 0.84 [VAL] Loss: 0.5186, Accuracy: 75.50%, Precision: 0.70, Recall: 0.79, F1: 0.74, AUC: 0.85
Epoch [27/100] [TRAIN] Loss: 0.5346, Accuracy: 75.44%, AUC: 0.84 [VAL] Loss: 0.5198, Accuracy: 76.00%, Precision: 0.70, Recall: 0.80, F1: 0.75, AUC: 0.85
Epoch [28/100] [TRAIN] Loss: 0.5302, Accuracy: 75.60%, AUC: 0.84 [VAL] Loss: 0.5183, Accuracy: 75.40%, Precision: 0.70, Recall: 0.79, F1: 0.74, AUC: 0.84
Epoch [29/100] [TRAIN] Loss: 0.5332, Accuracy: 75.64%, AUC: 0.84 [VAL] Loss: 0.5192, Accuracy: 75.60%, Precision: 0.70, Recall: 0.79, F1: 0.74, AUC: 0.85
Epoch [30/100] [TRAIN] Loss: 0.5265, Accuracy: 76.06%, AUC: 0.84 [VAL] Loss: 0.5183, Accuracy: 75.70%, Precision: 0.70, Recall: 0.79, F1: 0.75, AUC: 0.85
Epoch [31/100] [TRAIN] Loss: 0.5318, Accuracy: 75.78%, AUC: 0.84 [VAL] Loss: 0.5196, Accuracy: 75.70%, Precision: 0.70, Recall: 0.79, F1: 0.74, AUC: 0.84
Epoch [32/100] [TRAIN] Loss: 0.5302, Accuracy: 75.60%, AUC: 0.84 [VAL] Loss: 0.5189, Accuracy: 75.70%, Precision: 0.70, Recall: 0.79, F1: 0.74, AUC: 0.84
Epoch [33/100] [TRAIN] Loss: 0.5247, Accuracy: 76.33%, AUC: 0.84 [VAL] Loss: 0.5184, Accuracy: 75.60%, Precision: 0.70, Recall: 0.79, F1: 0.74, AUC: 0.85
Epoch [34/100] [TRAIN] Loss: 0.5276, Accuracy: 75.09%, AUC: 0.84 [VAL] Loss: 0.5188, Accuracy: 75.70%, Precision: 0.70, Recall: 0.79, F1: 0.74, AUC: 0.85
Epoch [35/100] [TRAIN] Loss: 0.5310, Accuracy: 75.74%, AUC: 0.84 [VAL] Loss: 0.5187, Accuracy: 75.80%, Precision: 0.70, Recall: 0.79, F1: 0.75, AUC: 0.85
Epoch [36/100] [TRAIN] Loss: 0.5227, Accuracy: 76.21%, AUC: 0.84 [VAL] Loss: 0.5186, Accuracy: 75.80%, Precision: 0.70, Recall: 0.79, F1: 0.75, AUC: 0.85
Epoch [37/100] [TRAIN] Loss: 0.5276, Accuracy: 75.86%, AUC: 0.84 [VAL] Loss: 0.5186, Accuracy: 75.80%, Precision: 0.70, Recall: 0.79, F1: 0.75, AUC: 0.85
Epoch [38/100] [TRAIN] Loss: 0.5324, Accuracy: 75.30%, AUC: 0.84 [VAL] Loss: 0.5186, Accuracy: 75.80%, Precision: 0.70, Recall: 0.79, F1: 0.75, AUC: 0.85
  Early stopping at epoch 38 (no val_loss improvement for 10 epochs)
  Antisymmetry score (raw):        0.9250
  Antisymmetry score (confident):  1.0000
  Total violations:                75 / 1000
  Pairs near boundary:             182 (18.2%)
  Avg |prob-0.5| at violation:     0.0000

--- Training baselines (LogisticRegression, RandomForest, SVM) ---

  Training LogisticRegression...
  Val accuracy: 74.90%  |  Val AUC: 0.8220

  [LogisticRegression]  Accuracy: 75.70%  AUC: 0.8305  AUCPRC: 0.8159  Precision: 0.7837  Recall: 0.6806  F1: 0.7285  Antisym: 0.7820

  Training RandomForest...
  Val accuracy: 76.40%  |  Val AUC: 0.8436

  [RandomForest]  Accuracy: 77.20%  AUC: 0.8685  AUCPRC: 0.8616  Precision: 0.7885  Recall: 0.7161  F1: 0.7505  Antisym: 0.8160

  Training SVM_Linear...
  Val accuracy: 75.10%  |  Val AUC: 0.8254

  [SVM_Linear]  Accuracy: 75.70%  AUC: 0.8328  AUCPRC: 0.8198  Precision: 0.7850  Recall: 0.6785  F1: 0.7279  Antisym: 0.7720
Seed: 1011
=== DirectRanker ===
Accuracy:  75.30 %
AUC:       0.8479
AUCPRC:    0.8504
Precision: 0.7257
Recall:    0.7787
F1-Score:  0.7513
Antisymmetry score:  0.9250  (1.0 = perfect, ~0.5 = random)

Detailed Classification Report:
              precision    recall  f1-score   support

           0       0.78      0.73      0.75       521
           1       0.73      0.78      0.75       479

    accuracy                           0.75      1000
   macro avg       0.75      0.75      0.75      1000
weighted avg       0.75      0.75      0.75      1000


Confusion Matrix:
[[380 141]
 [106 373]]

=== LogisticRegression ===
Accuracy:  75.70 %
AUC:       0.8305
AUCPRC:    0.8159
Precision: 0.7837
Recall:    0.6806
F1-Score:  0.7285
Antisymmetry score:  0.7820
Confusion Matrix:
[[431  90]
 [153 326]]

=== RandomForest ===
Accuracy:  77.20 %
AUC:       0.8685
AUCPRC:    0.8616
Precision: 0.7885
Recall:    0.7161
F1-Score:  0.7505
Antisymmetry score:  0.8160
Confusion Matrix:
[[429  92]
 [136 343]]

=== SVM_Linear ===
Accuracy:  75.70 %
AUC:       0.8328
AUCPRC:    0.8198
Precision: 0.7850
Recall:    0.6785
F1-Score:  0.7279
Antisymmetry score:  0.7720
Confusion Matrix:
[[432  89]
 [154 325]]

Saved combined test metrics: /group/pmc021/amunif/epi-thesis/workflow/18_Pairwise Ranking HepG2 REMC/output/combined/test/007-H3K4me3-H3K27ac-seed1011-test-metrics.csv
Saved combined ROC plot: /group/pmc021/amunif/epi-thesis/workflow/18_Pairwise Ranking HepG2 REMC/output/combined/img/roc/007-H3K4me3-H3K27ac-seed1011-roc-combined.png
Saved combined PRC plot: /group/pmc021/amunif/epi-thesis/workflow/18_Pairwise Ranking HepG2 REMC/output/combined/img/prc/007-H3K4me3-H3K27ac-seed1011-prc-combined.png

Finished 007-H3K4me3-H3K27ac (seed 1011)

======================================================================
008-H3K4me3-H3K27me3
======================================================================
Train label distribution:
  Label 0:   4140 (51.7%)
  Label 1:   3860 (48.2%)
Val label distribution:
  Label 0:    553 (55.3%)
  Label 1:    447 (44.7%)
Test label distribution:
  Label 0:    521 (52.1%)
  Label 1:    479 (47.9%)
Saved label distribution: /group/pmc021/amunif/epi-thesis/workflow/18_Pairwise Ranking HepG2 REMC/output/combined/test/008-H3K4me3-H3K27me3-seed1011-label-distribution.csv

--- Training DirectRanker ---
Epoch [1/100] [TRAIN] Loss: 0.6377, Accuracy: 70.14%, AUC: 0.77 [VAL] Loss: 0.5408, Accuracy: 75.80%, Precision: 0.71, Recall: 0.78, F1: 0.74, AUC: 0.83
Epoch [2/100] [TRAIN] Loss: 0.5969, Accuracy: 72.88%, AUC: 0.80 [VAL] Loss: 0.5353, Accuracy: 75.60%, Precision: 0.71, Recall: 0.77, F1: 0.74, AUC: 0.84
Epoch [3/100] [TRAIN] Loss: 0.5786, Accuracy: 73.53%, AUC: 0.81 [VAL] Loss: 0.5326, Accuracy: 76.90%, Precision: 0.72, Recall: 0.79, F1: 0.75, AUC: 0.84
Epoch [4/100] [TRAIN] Loss: 0.5736, Accuracy: 73.49%, AUC: 0.81 [VAL] Loss: 0.5301, Accuracy: 78.00%, Precision: 0.73, Recall: 0.80, F1: 0.76, AUC: 0.84
Epoch [5/100] [TRAIN] Loss: 0.5648, Accuracy: 74.17%, AUC: 0.82 [VAL] Loss: 0.5266, Accuracy: 77.70%, Precision: 0.73, Recall: 0.79, F1: 0.76, AUC: 0.84
Epoch [6/100] [TRAIN] Loss: 0.5614, Accuracy: 73.47%, AUC: 0.82 [VAL] Loss: 0.5243, Accuracy: 77.90%, Precision: 0.74, Recall: 0.79, F1: 0.76, AUC: 0.85
Epoch [7/100] [TRAIN] Loss: 0.5582, Accuracy: 73.88%, AUC: 0.82 [VAL] Loss: 0.5235, Accuracy: 77.50%, Precision: 0.73, Recall: 0.78, F1: 0.76, AUC: 0.85
Epoch [8/100] [TRAIN] Loss: 0.5557, Accuracy: 74.05%, AUC: 0.82 [VAL] Loss: 0.5226, Accuracy: 77.70%, Precision: 0.74, Recall: 0.78, F1: 0.76, AUC: 0.85
Epoch [9/100] [TRAIN] Loss: 0.5531, Accuracy: 74.39%, AUC: 0.82 [VAL] Loss: 0.5218, Accuracy: 77.90%, Precision: 0.74, Recall: 0.79, F1: 0.76, AUC: 0.85
Epoch [10/100] [TRAIN] Loss: 0.5555, Accuracy: 73.45%, AUC: 0.82 [VAL] Loss: 0.5206, Accuracy: 77.90%, Precision: 0.74, Recall: 0.79, F1: 0.76, AUC: 0.85
Epoch [11/100] [TRAIN] Loss: 0.5502, Accuracy: 73.96%, AUC: 0.82 [VAL] Loss: 0.5202, Accuracy: 77.70%, Precision: 0.74, Recall: 0.78, F1: 0.76, AUC: 0.85
Epoch [12/100] [TRAIN] Loss: 0.5505, Accuracy: 73.88%, AUC: 0.82 [VAL] Loss: 0.5186, Accuracy: 77.70%, Precision: 0.74, Recall: 0.78, F1: 0.76, AUC: 0.85
Epoch [13/100] [TRAIN] Loss: 0.5478, Accuracy: 74.33%, AUC: 0.83 [VAL] Loss: 0.5186, Accuracy: 77.80%, Precision: 0.74, Recall: 0.79, F1: 0.76, AUC: 0.85
Epoch [14/100] [TRAIN] Loss: 0.5435, Accuracy: 74.66%, AUC: 0.83 [VAL] Loss: 0.5177, Accuracy: 77.80%, Precision: 0.74, Recall: 0.78, F1: 0.76, AUC: 0.85
Epoch [15/100] [TRAIN] Loss: 0.5464, Accuracy: 74.26%, AUC: 0.83 [VAL] Loss: 0.5181, Accuracy: 77.70%, Precision: 0.74, Recall: 0.78, F1: 0.76, AUC: 0.85
Epoch [16/100] [TRAIN] Loss: 0.5465, Accuracy: 74.36%, AUC: 0.83 [VAL] Loss: 0.5181, Accuracy: 77.60%, Precision: 0.73, Recall: 0.78, F1: 0.76, AUC: 0.85
Epoch [17/100] [TRAIN] Loss: 0.5412, Accuracy: 74.26%, AUC: 0.83 [VAL] Loss: 0.5162, Accuracy: 77.70%, Precision: 0.74, Recall: 0.78, F1: 0.76, AUC: 0.85
Epoch [18/100] [TRAIN] Loss: 0.5468, Accuracy: 73.78%, AUC: 0.83 [VAL] Loss: 0.5172, Accuracy: 77.70%, Precision: 0.74, Recall: 0.78, F1: 0.76, AUC: 0.85
Epoch [19/100] [TRAIN] Loss: 0.5434, Accuracy: 74.22%, AUC: 0.83 [VAL] Loss: 0.5174, Accuracy: 77.80%, Precision: 0.74, Recall: 0.78, F1: 0.76, AUC: 0.85
Epoch [20/100] [TRAIN] Loss: 0.5436, Accuracy: 74.30%, AUC: 0.83 [VAL] Loss: 0.5167, Accuracy: 77.70%, Precision: 0.74, Recall: 0.78, F1: 0.76, AUC: 0.85
Epoch [21/100] [TRAIN] Loss: 0.5423, Accuracy: 74.19%, AUC: 0.83 [VAL] Loss: 0.5154, Accuracy: 77.70%, Precision: 0.74, Recall: 0.78, F1: 0.76, AUC: 0.85
Epoch [22/100] [TRAIN] Loss: 0.5408, Accuracy: 75.00%, AUC: 0.83 [VAL] Loss: 0.5156, Accuracy: 77.80%, Precision: 0.74, Recall: 0.78, F1: 0.76, AUC: 0.85
Epoch [23/100] [TRAIN] Loss: 0.5392, Accuracy: 74.20%, AUC: 0.83 [VAL] Loss: 0.5147, Accuracy: 77.80%, Precision: 0.74, Recall: 0.78, F1: 0.76, AUC: 0.85
Epoch [24/100] [TRAIN] Loss: 0.5369, Accuracy: 74.53%, AUC: 0.83 [VAL] Loss: 0.5140, Accuracy: 77.40%, Precision: 0.73, Recall: 0.77, F1: 0.75, AUC: 0.85
Epoch [25/100] [TRAIN] Loss: 0.5397, Accuracy: 74.70%, AUC: 0.83 [VAL] Loss: 0.5140, Accuracy: 77.50%, Precision: 0.74, Recall: 0.78, F1: 0.76, AUC: 0.85
Epoch [26/100] [TRAIN] Loss: 0.5436, Accuracy: 74.00%, AUC: 0.83 [VAL] Loss: 0.5146, Accuracy: 77.60%, Precision: 0.74, Recall: 0.78, F1: 0.76, AUC: 0.85
Epoch [27/100] [TRAIN] Loss: 0.5401, Accuracy: 74.38%, AUC: 0.83 [VAL] Loss: 0.5155, Accuracy: 77.30%, Precision: 0.73, Recall: 0.78, F1: 0.75, AUC: 0.85
Epoch [28/100] [TRAIN] Loss: 0.5391, Accuracy: 74.24%, AUC: 0.83 [VAL] Loss: 0.5147, Accuracy: 77.40%, Precision: 0.73, Recall: 0.78, F1: 0.75, AUC: 0.85
Epoch [29/100] [TRAIN] Loss: 0.5406, Accuracy: 74.42%, AUC: 0.83 [VAL] Loss: 0.5146, Accuracy: 77.20%, Precision: 0.73, Recall: 0.78, F1: 0.75, AUC: 0.85
Epoch [30/100] [TRAIN] Loss: 0.5388, Accuracy: 74.84%, AUC: 0.83 [VAL] Loss: 0.5150, Accuracy: 77.20%, Precision: 0.73, Recall: 0.78, F1: 0.75, AUC: 0.85
Epoch [31/100] [TRAIN] Loss: 0.5372, Accuracy: 74.76%, AUC: 0.83 [VAL] Loss: 0.5148, Accuracy: 77.20%, Precision: 0.73, Recall: 0.78, F1: 0.75, AUC: 0.85
Epoch [32/100] [TRAIN] Loss: 0.5380, Accuracy: 74.83%, AUC: 0.83 [VAL] Loss: 0.5147, Accuracy: 77.20%, Precision: 0.73, Recall: 0.78, F1: 0.75, AUC: 0.85
Epoch [33/100] [TRAIN] Loss: 0.5345, Accuracy: 74.53%, AUC: 0.83 [VAL] Loss: 0.5146, Accuracy: 77.20%, Precision: 0.73, Recall: 0.78, F1: 0.75, AUC: 0.85
Epoch [34/100] [TRAIN] Loss: 0.5373, Accuracy: 74.54%, AUC: 0.83 [VAL] Loss: 0.5145, Accuracy: 77.20%, Precision: 0.73, Recall: 0.78, F1: 0.75, AUC: 0.85
  Early stopping at epoch 34 (no val_loss improvement for 10 epochs)
  Antisymmetry score (raw):        0.9740
  Antisymmetry score (confident):  1.0000
  Total violations:                26 / 1000
  Pairs near boundary:             151 (15.1%)
  Avg |prob-0.5| at violation:     0.0000

--- Training baselines (LogisticRegression, RandomForest, SVM) ---

  Training LogisticRegression...
  Val accuracy: 75.00%  |  Val AUC: 0.8238

  [LogisticRegression]  Accuracy: 76.10%  AUC: 0.8486  AUCPRC: 0.8362  Precision: 0.7778  Recall: 0.7015  F1: 0.7377  Antisym: 0.7930

  Training RandomForest...
  Val accuracy: 75.80%  |  Val AUC: 0.8384

  [RandomForest]  Accuracy: 77.90%  AUC: 0.8705  AUCPRC: 0.8627  Precision: 0.7892  Recall: 0.7349  F1: 0.7611  Antisym: 0.7920

  Training SVM_Linear...
  Val accuracy: 75.20%  |  Val AUC: 0.8234

  [SVM_Linear]  Accuracy: 75.90%  AUC: 0.8471  AUCPRC: 0.8367  Precision: 0.7780  Recall: 0.6952  F1: 0.7343  Antisym: 0.7880
Seed: 1011
=== DirectRanker ===
Accuracy:  75.90 %
AUC:       0.8562
AUCPRC:    0.8542
Precision: 0.7449
Recall:    0.7557
F1-Score:  0.7503
Antisymmetry score:  0.9740  (1.0 = perfect, ~0.5 = random)

Detailed Classification Report:
              precision    recall  f1-score   support

           0       0.77      0.76      0.77       521
           1       0.74      0.76      0.75       479

    accuracy                           0.76      1000
   macro avg       0.76      0.76      0.76      1000
weighted avg       0.76      0.76      0.76      1000


Confusion Matrix:
[[397 124]
 [117 362]]

=== LogisticRegression ===
Accuracy:  76.10 %
AUC:       0.8486
AUCPRC:    0.8362
Precision: 0.7778
Recall:    0.7015
F1-Score:  0.7377
Antisymmetry score:  0.7930
Confusion Matrix:
[[425  96]
 [143 336]]

=== RandomForest ===
Accuracy:  77.90 %
AUC:       0.8705
AUCPRC:    0.8627
Precision: 0.7892
Recall:    0.7349
F1-Score:  0.7611
Antisymmetry score:  0.7920
Confusion Matrix:
[[427  94]
 [127 352]]

=== SVM_Linear ===
Accuracy:  75.90 %
AUC:       0.8471
AUCPRC:    0.8367
Precision: 0.7780
Recall:    0.6952
F1-Score:  0.7343
Antisymmetry score:  0.7880
Confusion Matrix:
[[426  95]
 [146 333]]

Saved combined test metrics: /group/pmc021/amunif/epi-thesis/workflow/18_Pairwise Ranking HepG2 REMC/output/combined/test/008-H3K4me3-H3K27me3-seed1011-test-metrics.csv
Saved combined ROC plot: /group/pmc021/amunif/epi-thesis/workflow/18_Pairwise Ranking HepG2 REMC/output/combined/img/roc/008-H3K4me3-H3K27me3-seed1011-roc-combined.png
Saved combined PRC plot: /group/pmc021/amunif/epi-thesis/workflow/18_Pairwise Ranking HepG2 REMC/output/combined/img/prc/008-H3K4me3-H3K27me3-seed1011-prc-combined.png

Finished 008-H3K4me3-H3K27me3 (seed 1011)

======================================================================
009-H3K9ac-H3K9me3
======================================================================
Train label distribution:
  Label 0:   4140 (51.7%)
  Label 1:   3860 (48.2%)
Val label distribution:
  Label 0:    553 (55.3%)
  Label 1:    447 (44.7%)
Test label distribution:
  Label 0:    521 (52.1%)
  Label 1:    479 (47.9%)
Saved label distribution: /group/pmc021/amunif/epi-thesis/workflow/18_Pairwise Ranking HepG2 REMC/output/combined/test/009-H3K9ac-H3K9me3-seed1011-label-distribution.csv

--- Training DirectRanker ---
Epoch [1/100] [TRAIN] Loss: 0.6141, Accuracy: 71.28%, AUC: 0.78 [VAL] Loss: 0.5339, Accuracy: 75.50%, Precision: 0.69, Recall: 0.82, F1: 0.75, AUC: 0.85
Epoch [2/100] [TRAIN] Loss: 0.5778, Accuracy: 74.30%, AUC: 0.82 [VAL] Loss: 0.5289, Accuracy: 75.20%, Precision: 0.69, Recall: 0.82, F1: 0.75, AUC: 0.85
Epoch [3/100] [TRAIN] Loss: 0.5712, Accuracy: 74.35%, AUC: 0.82 [VAL] Loss: 0.5270, Accuracy: 75.40%, Precision: 0.69, Recall: 0.83, F1: 0.75, AUC: 0.85
Epoch [4/100] [TRAIN] Loss: 0.5669, Accuracy: 75.24%, AUC: 0.82 [VAL] Loss: 0.5261, Accuracy: 75.40%, Precision: 0.69, Recall: 0.83, F1: 0.75, AUC: 0.85
Epoch [5/100] [TRAIN] Loss: 0.5590, Accuracy: 74.88%, AUC: 0.83 [VAL] Loss: 0.5247, Accuracy: 75.60%, Precision: 0.69, Recall: 0.83, F1: 0.75, AUC: 0.85
Epoch [6/100] [TRAIN] Loss: 0.5564, Accuracy: 75.31%, AUC: 0.83 [VAL] Loss: 0.5233, Accuracy: 75.50%, Precision: 0.69, Recall: 0.82, F1: 0.75, AUC: 0.85
Epoch [7/100] [TRAIN] Loss: 0.5556, Accuracy: 75.72%, AUC: 0.83 [VAL] Loss: 0.5230, Accuracy: 75.50%, Precision: 0.69, Recall: 0.82, F1: 0.75, AUC: 0.85
Epoch [8/100] [TRAIN] Loss: 0.5542, Accuracy: 75.39%, AUC: 0.83 [VAL] Loss: 0.5232, Accuracy: 75.70%, Precision: 0.69, Recall: 0.82, F1: 0.75, AUC: 0.85
Epoch [9/100] [TRAIN] Loss: 0.5512, Accuracy: 75.46%, AUC: 0.83 [VAL] Loss: 0.5214, Accuracy: 75.60%, Precision: 0.69, Recall: 0.82, F1: 0.75, AUC: 0.85
Epoch [10/100] [TRAIN] Loss: 0.5461, Accuracy: 75.06%, AUC: 0.83 [VAL] Loss: 0.5204, Accuracy: 75.60%, Precision: 0.69, Recall: 0.82, F1: 0.75, AUC: 0.85
Epoch [11/100] [TRAIN] Loss: 0.5433, Accuracy: 75.54%, AUC: 0.84 [VAL] Loss: 0.5195, Accuracy: 75.80%, Precision: 0.69, Recall: 0.83, F1: 0.75, AUC: 0.85
Epoch [12/100] [TRAIN] Loss: 0.5416, Accuracy: 75.40%, AUC: 0.84 [VAL] Loss: 0.5188, Accuracy: 75.70%, Precision: 0.69, Recall: 0.83, F1: 0.75, AUC: 0.85
Epoch [13/100] [TRAIN] Loss: 0.5424, Accuracy: 75.65%, AUC: 0.84 [VAL] Loss: 0.5182, Accuracy: 76.00%, Precision: 0.69, Recall: 0.83, F1: 0.76, AUC: 0.85
Epoch [14/100] [TRAIN] Loss: 0.5376, Accuracy: 76.04%, AUC: 0.84 [VAL] Loss: 0.5174, Accuracy: 76.10%, Precision: 0.69, Recall: 0.83, F1: 0.76, AUC: 0.85
Epoch [15/100] [TRAIN] Loss: 0.5395, Accuracy: 76.36%, AUC: 0.84 [VAL] Loss: 0.5176, Accuracy: 76.10%, Precision: 0.69, Recall: 0.83, F1: 0.76, AUC: 0.85
Epoch [16/100] [TRAIN] Loss: 0.5373, Accuracy: 75.83%, AUC: 0.84 [VAL] Loss: 0.5171, Accuracy: 76.00%, Precision: 0.69, Recall: 0.83, F1: 0.76, AUC: 0.85
Epoch [17/100] [TRAIN] Loss: 0.5377, Accuracy: 76.20%, AUC: 0.84 [VAL] Loss: 0.5162, Accuracy: 76.00%, Precision: 0.69, Recall: 0.83, F1: 0.76, AUC: 0.85
Epoch [18/100] [TRAIN] Loss: 0.5394, Accuracy: 76.22%, AUC: 0.84 [VAL] Loss: 0.5160, Accuracy: 76.00%, Precision: 0.69, Recall: 0.83, F1: 0.75, AUC: 0.85
Epoch [19/100] [TRAIN] Loss: 0.5371, Accuracy: 75.91%, AUC: 0.84 [VAL] Loss: 0.5156, Accuracy: 75.70%, Precision: 0.69, Recall: 0.82, F1: 0.75, AUC: 0.85
Epoch [20/100] [TRAIN] Loss: 0.5346, Accuracy: 76.21%, AUC: 0.84 [VAL] Loss: 0.5153, Accuracy: 76.00%, Precision: 0.69, Recall: 0.83, F1: 0.75, AUC: 0.85
Epoch [21/100] [TRAIN] Loss: 0.5341, Accuracy: 76.01%, AUC: 0.84 [VAL] Loss: 0.5144, Accuracy: 75.90%, Precision: 0.69, Recall: 0.82, F1: 0.75, AUC: 0.85
Epoch [22/100] [TRAIN] Loss: 0.5297, Accuracy: 76.08%, AUC: 0.84 [VAL] Loss: 0.5138, Accuracy: 75.80%, Precision: 0.69, Recall: 0.82, F1: 0.75, AUC: 0.85
Epoch [23/100] [TRAIN] Loss: 0.5319, Accuracy: 75.89%, AUC: 0.84 [VAL] Loss: 0.5140, Accuracy: 75.60%, Precision: 0.69, Recall: 0.82, F1: 0.75, AUC: 0.85
Epoch [24/100] [TRAIN] Loss: 0.5327, Accuracy: 76.41%, AUC: 0.84 [VAL] Loss: 0.5138, Accuracy: 75.60%, Precision: 0.69, Recall: 0.81, F1: 0.75, AUC: 0.85
Epoch [25/100] [TRAIN] Loss: 0.5264, Accuracy: 76.22%, AUC: 0.85 [VAL] Loss: 0.5129, Accuracy: 75.60%, Precision: 0.69, Recall: 0.82, F1: 0.75, AUC: 0.85
Epoch [26/100] [TRAIN] Loss: 0.5266, Accuracy: 76.22%, AUC: 0.84 [VAL] Loss: 0.5126, Accuracy: 75.60%, Precision: 0.69, Recall: 0.82, F1: 0.75, AUC: 0.85
Epoch [27/100] [TRAIN] Loss: 0.5277, Accuracy: 76.36%, AUC: 0.84 [VAL] Loss: 0.5124, Accuracy: 75.70%, Precision: 0.69, Recall: 0.82, F1: 0.75, AUC: 0.85
Epoch [28/100] [TRAIN] Loss: 0.5277, Accuracy: 76.36%, AUC: 0.84 [VAL] Loss: 0.5120, Accuracy: 75.90%, Precision: 0.70, Recall: 0.82, F1: 0.75, AUC: 0.85
Epoch [29/100] [TRAIN] Loss: 0.5225, Accuracy: 76.49%, AUC: 0.85 [VAL] Loss: 0.5114, Accuracy: 76.00%, Precision: 0.70, Recall: 0.82, F1: 0.75, AUC: 0.86
Epoch [30/100] [TRAIN] Loss: 0.5283, Accuracy: 76.29%, AUC: 0.84 [VAL] Loss: 0.5110, Accuracy: 75.90%, Precision: 0.70, Recall: 0.82, F1: 0.75, AUC: 0.86
Epoch [31/100] [TRAIN] Loss: 0.5264, Accuracy: 76.22%, AUC: 0.84 [VAL] Loss: 0.5108, Accuracy: 76.00%, Precision: 0.70, Recall: 0.82, F1: 0.75, AUC: 0.86
Epoch [32/100] [TRAIN] Loss: 0.5279, Accuracy: 76.12%, AUC: 0.84 [VAL] Loss: 0.5105, Accuracy: 76.10%, Precision: 0.70, Recall: 0.82, F1: 0.75, AUC: 0.86
Epoch [33/100] [TRAIN] Loss: 0.5231, Accuracy: 76.24%, AUC: 0.85 [VAL] Loss: 0.5101, Accuracy: 76.00%, Precision: 0.70, Recall: 0.82, F1: 0.75, AUC: 0.86
Epoch [34/100] [TRAIN] Loss: 0.5208, Accuracy: 76.45%, AUC: 0.85 [VAL] Loss: 0.5098, Accuracy: 75.90%, Precision: 0.70, Recall: 0.82, F1: 0.75, AUC: 0.86
Epoch [35/100] [TRAIN] Loss: 0.5235, Accuracy: 76.16%, AUC: 0.85 [VAL] Loss: 0.5098, Accuracy: 76.00%, Precision: 0.70, Recall: 0.82, F1: 0.75, AUC: 0.86
Epoch [36/100] [TRAIN] Loss: 0.5249, Accuracy: 76.34%, AUC: 0.84 [VAL] Loss: 0.5093, Accuracy: 76.00%, Precision: 0.70, Recall: 0.82, F1: 0.75, AUC: 0.86
Epoch [37/100] [TRAIN] Loss: 0.5217, Accuracy: 76.29%, AUC: 0.85 [VAL] Loss: 0.5089, Accuracy: 76.00%, Precision: 0.70, Recall: 0.82, F1: 0.75, AUC: 0.86
Epoch [38/100] [TRAIN] Loss: 0.5194, Accuracy: 76.71%, AUC: 0.85 [VAL] Loss: 0.5085, Accuracy: 75.70%, Precision: 0.69, Recall: 0.81, F1: 0.75, AUC: 0.86
Epoch [39/100] [TRAIN] Loss: 0.5196, Accuracy: 76.88%, AUC: 0.85 [VAL] Loss: 0.5082, Accuracy: 76.00%, Precision: 0.70, Recall: 0.82, F1: 0.75, AUC: 0.86
Epoch [40/100] [TRAIN] Loss: 0.5216, Accuracy: 76.45%, AUC: 0.85 [VAL] Loss: 0.5083, Accuracy: 75.90%, Precision: 0.70, Recall: 0.82, F1: 0.75, AUC: 0.86
Epoch [41/100] [TRAIN] Loss: 0.5226, Accuracy: 76.40%, AUC: 0.85 [VAL] Loss: 0.5083, Accuracy: 75.90%, Precision: 0.70, Recall: 0.82, F1: 0.75, AUC: 0.86
Epoch [42/100] [TRAIN] Loss: 0.5237, Accuracy: 76.22%, AUC: 0.85 [VAL] Loss: 0.5082, Accuracy: 75.90%, Precision: 0.70, Recall: 0.82, F1: 0.75, AUC: 0.86
Epoch [43/100] [TRAIN] Loss: 0.5212, Accuracy: 76.35%, AUC: 0.85 [VAL] Loss: 0.5083, Accuracy: 75.90%, Precision: 0.70, Recall: 0.82, F1: 0.75, AUC: 0.86
Epoch [44/100] [TRAIN] Loss: 0.5199, Accuracy: 76.54%, AUC: 0.85 [VAL] Loss: 0.5078, Accuracy: 75.90%, Precision: 0.70, Recall: 0.82, F1: 0.75, AUC: 0.86
Epoch [45/100] [TRAIN] Loss: 0.5173, Accuracy: 77.10%, AUC: 0.85 [VAL] Loss: 0.5076, Accuracy: 75.90%, Precision: 0.70, Recall: 0.82, F1: 0.75, AUC: 0.86
Epoch [46/100] [TRAIN] Loss: 0.5120, Accuracy: 77.06%, AUC: 0.85 [VAL] Loss: 0.5074, Accuracy: 75.70%, Precision: 0.70, Recall: 0.81, F1: 0.75, AUC: 0.86
Epoch [47/100] [TRAIN] Loss: 0.5167, Accuracy: 76.56%, AUC: 0.85 [VAL] Loss: 0.5072, Accuracy: 75.70%, Precision: 0.70, Recall: 0.81, F1: 0.75, AUC: 0.86
Epoch [48/100] [TRAIN] Loss: 0.5160, Accuracy: 76.44%, AUC: 0.85 [VAL] Loss: 0.5073, Accuracy: 75.80%, Precision: 0.70, Recall: 0.81, F1: 0.75, AUC: 0.86
Epoch [49/100] [TRAIN] Loss: 0.5167, Accuracy: 76.66%, AUC: 0.85 [VAL] Loss: 0.5071, Accuracy: 75.60%, Precision: 0.69, Recall: 0.81, F1: 0.75, AUC: 0.86
Epoch [50/100] [TRAIN] Loss: 0.5146, Accuracy: 76.83%, AUC: 0.85 [VAL] Loss: 0.5063, Accuracy: 75.80%, Precision: 0.70, Recall: 0.81, F1: 0.75, AUC: 0.86
Epoch [51/100] [TRAIN] Loss: 0.5142, Accuracy: 76.25%, AUC: 0.85 [VAL] Loss: 0.5065, Accuracy: 75.70%, Precision: 0.70, Recall: 0.81, F1: 0.75, AUC: 0.86
Epoch [52/100] [TRAIN] Loss: 0.5196, Accuracy: 76.38%, AUC: 0.85 [VAL] Loss: 0.5067, Accuracy: 75.70%, Precision: 0.70, Recall: 0.81, F1: 0.75, AUC: 0.86
Epoch [53/100] [TRAIN] Loss: 0.5180, Accuracy: 76.34%, AUC: 0.85 [VAL] Loss: 0.5066, Accuracy: 75.80%, Precision: 0.70, Recall: 0.81, F1: 0.75, AUC: 0.86
Epoch [54/100] [TRAIN] Loss: 0.5160, Accuracy: 76.66%, AUC: 0.85 [VAL] Loss: 0.5059, Accuracy: 75.80%, Precision: 0.70, Recall: 0.81, F1: 0.75, AUC: 0.86
Epoch [55/100] [TRAIN] Loss: 0.5133, Accuracy: 76.46%, AUC: 0.85 [VAL] Loss: 0.5056, Accuracy: 75.60%, Precision: 0.69, Recall: 0.81, F1: 0.75, AUC: 0.86
Epoch [56/100] [TRAIN] Loss: 0.5130, Accuracy: 77.25%, AUC: 0.85 [VAL] Loss: 0.5058, Accuracy: 75.70%, Precision: 0.70, Recall: 0.81, F1: 0.75, AUC: 0.86
Epoch [57/100] [TRAIN] Loss: 0.5144, Accuracy: 75.99%, AUC: 0.85 [VAL] Loss: 0.5057, Accuracy: 75.60%, Precision: 0.69, Recall: 0.81, F1: 0.75, AUC: 0.86
Epoch [58/100] [TRAIN] Loss: 0.5170, Accuracy: 76.54%, AUC: 0.85 [VAL] Loss: 0.5059, Accuracy: 75.40%, Precision: 0.69, Recall: 0.81, F1: 0.75, AUC: 0.86
Epoch [59/100] [TRAIN] Loss: 0.5157, Accuracy: 76.09%, AUC: 0.85 [VAL] Loss: 0.5061, Accuracy: 75.70%, Precision: 0.70, Recall: 0.81, F1: 0.75, AUC: 0.86
Epoch [60/100] [TRAIN] Loss: 0.5145, Accuracy: 76.00%, AUC: 0.85 [VAL] Loss: 0.5057, Accuracy: 75.70%, Precision: 0.70, Recall: 0.81, F1: 0.75, AUC: 0.86
Epoch [61/100] [TRAIN] Loss: 0.5106, Accuracy: 76.72%, AUC: 0.85 [VAL] Loss: 0.5052, Accuracy: 75.70%, Precision: 0.70, Recall: 0.81, F1: 0.75, AUC: 0.86
Epoch [62/100] [TRAIN] Loss: 0.5084, Accuracy: 76.56%, AUC: 0.85 [VAL] Loss: 0.5054, Accuracy: 75.70%, Precision: 0.70, Recall: 0.81, F1: 0.75, AUC: 0.86
Epoch [63/100] [TRAIN] Loss: 0.5139, Accuracy: 76.01%, AUC: 0.85 [VAL] Loss: 0.5050, Accuracy: 75.70%, Precision: 0.70, Recall: 0.81, F1: 0.75, AUC: 0.86
Epoch [64/100] [TRAIN] Loss: 0.5110, Accuracy: 76.29%, AUC: 0.85 [VAL] Loss: 0.5050, Accuracy: 75.70%, Precision: 0.70, Recall: 0.81, F1: 0.75, AUC: 0.86
Epoch [65/100] [TRAIN] Loss: 0.5113, Accuracy: 76.67%, AUC: 0.85 [VAL] Loss: 0.5052, Accuracy: 75.50%, Precision: 0.69, Recall: 0.81, F1: 0.75, AUC: 0.86
Epoch [66/100] [TRAIN] Loss: 0.5118, Accuracy: 76.67%, AUC: 0.85 [VAL] Loss: 0.5050, Accuracy: 75.50%, Precision: 0.69, Recall: 0.81, F1: 0.75, AUC: 0.86
Epoch [67/100] [TRAIN] Loss: 0.5136, Accuracy: 76.22%, AUC: 0.85 [VAL] Loss: 0.5050, Accuracy: 75.40%, Precision: 0.69, Recall: 0.81, F1: 0.75, AUC: 0.86
Epoch [68/100] [TRAIN] Loss: 0.5109, Accuracy: 77.40%, AUC: 0.85 [VAL] Loss: 0.5051, Accuracy: 75.60%, Precision: 0.69, Recall: 0.81, F1: 0.75, AUC: 0.86
Epoch [69/100] [TRAIN] Loss: 0.5069, Accuracy: 77.19%, AUC: 0.86 [VAL] Loss: 0.5046, Accuracy: 75.40%, Precision: 0.69, Recall: 0.80, F1: 0.74, AUC: 0.86
Epoch [70/100] [TRAIN] Loss: 0.5106, Accuracy: 77.04%, AUC: 0.85 [VAL] Loss: 0.5046, Accuracy: 75.40%, Precision: 0.69, Recall: 0.80, F1: 0.74, AUC: 0.86
Epoch [71/100] [TRAIN] Loss: 0.5086, Accuracy: 77.04%, AUC: 0.85 [VAL] Loss: 0.5042, Accuracy: 75.40%, Precision: 0.69, Recall: 0.81, F1: 0.75, AUC: 0.86
Epoch [72/100] [TRAIN] Loss: 0.5095, Accuracy: 76.30%, AUC: 0.85 [VAL] Loss: 0.5046, Accuracy: 75.30%, Precision: 0.69, Recall: 0.80, F1: 0.74, AUC: 0.86
Epoch [73/100] [TRAIN] Loss: 0.5094, Accuracy: 76.47%, AUC: 0.85 [VAL] Loss: 0.5046, Accuracy: 75.20%, Precision: 0.69, Recall: 0.80, F1: 0.74, AUC: 0.86
Epoch [74/100] [TRAIN] Loss: 0.5092, Accuracy: 76.91%, AUC: 0.85 [VAL] Loss: 0.5042, Accuracy: 75.30%, Precision: 0.69, Recall: 0.81, F1: 0.74, AUC: 0.86
Epoch [75/100] [TRAIN] Loss: 0.5090, Accuracy: 76.53%, AUC: 0.85 [VAL] Loss: 0.5040, Accuracy: 75.20%, Precision: 0.69, Recall: 0.80, F1: 0.74, AUC: 0.86
Epoch [76/100] [TRAIN] Loss: 0.5087, Accuracy: 77.00%, AUC: 0.85 [VAL] Loss: 0.5039, Accuracy: 75.30%, Precision: 0.69, Recall: 0.80, F1: 0.74, AUC: 0.86
Epoch [77/100] [TRAIN] Loss: 0.5117, Accuracy: 76.35%, AUC: 0.85 [VAL] Loss: 0.5039, Accuracy: 75.20%, Precision: 0.69, Recall: 0.80, F1: 0.74, AUC: 0.86
Epoch [78/100] [TRAIN] Loss: 0.5071, Accuracy: 77.09%, AUC: 0.86 [VAL] Loss: 0.5039, Accuracy: 75.20%, Precision: 0.69, Recall: 0.80, F1: 0.74, AUC: 0.86
Epoch [79/100] [TRAIN] Loss: 0.5044, Accuracy: 77.12%, AUC: 0.86 [VAL] Loss: 0.5039, Accuracy: 75.20%, Precision: 0.69, Recall: 0.80, F1: 0.74, AUC: 0.86
Epoch [80/100] [TRAIN] Loss: 0.5070, Accuracy: 76.64%, AUC: 0.85 [VAL] Loss: 0.5041, Accuracy: 75.20%, Precision: 0.69, Recall: 0.80, F1: 0.74, AUC: 0.86
Epoch [81/100] [TRAIN] Loss: 0.5076, Accuracy: 77.16%, AUC: 0.86 [VAL] Loss: 0.5039, Accuracy: 75.30%, Precision: 0.69, Recall: 0.80, F1: 0.74, AUC: 0.86
Epoch [82/100] [TRAIN] Loss: 0.5077, Accuracy: 76.80%, AUC: 0.85 [VAL] Loss: 0.5041, Accuracy: 75.30%, Precision: 0.69, Recall: 0.80, F1: 0.74, AUC: 0.86
Epoch [83/100] [TRAIN] Loss: 0.5098, Accuracy: 76.47%, AUC: 0.85 [VAL] Loss: 0.5041, Accuracy: 75.30%, Precision: 0.69, Recall: 0.80, F1: 0.74, AUC: 0.86
Epoch [84/100] [TRAIN] Loss: 0.5052, Accuracy: 76.36%, AUC: 0.86 [VAL] Loss: 0.5041, Accuracy: 75.20%, Precision: 0.69, Recall: 0.80, F1: 0.74, AUC: 0.86
Epoch [85/100] [TRAIN] Loss: 0.5058, Accuracy: 77.10%, AUC: 0.86 [VAL] Loss: 0.5040, Accuracy: 75.20%, Precision: 0.69, Recall: 0.80, F1: 0.74, AUC: 0.86
Epoch [86/100] [TRAIN] Loss: 0.5052, Accuracy: 76.99%, AUC: 0.86 [VAL] Loss: 0.5040, Accuracy: 75.20%, Precision: 0.69, Recall: 0.80, F1: 0.74, AUC: 0.86
  Early stopping at epoch 86 (no val_loss improvement for 10 epochs)
  Antisymmetry score (raw):        0.8990
  Antisymmetry score (confident):  1.0000
  Total violations:                101 / 1000
  Pairs near boundary:             181 (18.1%)
  Avg |prob-0.5| at violation:     0.0000

--- Training baselines (LogisticRegression, RandomForest, SVM) ---

  Training LogisticRegression...
  Val accuracy: 75.70%  |  Val AUC: 0.8214

  [LogisticRegression]  Accuracy: 75.70%  AUC: 0.8293  AUCPRC: 0.8027  Precision: 0.7796  Recall: 0.6868  F1: 0.7303  Antisym: 0.7640

  Training RandomForest...
  Val accuracy: 78.40%  |  Val AUC: 0.8582

  [RandomForest]  Accuracy: 79.30%  AUC: 0.8824  AUCPRC: 0.8681  Precision: 0.8192  Recall: 0.7286  F1: 0.7713  Antisym: 0.7960

  Training SVM_Linear...
  Val accuracy: 75.00%  |  Val AUC: 0.8202

  [SVM_Linear]  Accuracy: 74.80%  AUC: 0.8222  AUCPRC: 0.7944  Precision: 0.7696  Recall: 0.6764  F1: 0.7200  Antisym: 0.7580
Seed: 1011
=== DirectRanker ===
Accuracy:  75.40 %
AUC:       0.8682
AUCPRC:    0.8699
Precision: 0.7145
Recall:    0.8100
F1-Score:  0.7593
Antisymmetry score:  0.8990  (1.0 = perfect, ~0.5 = random)

Detailed Classification Report:
              precision    recall  f1-score   support

           0       0.80      0.70      0.75       521
           1       0.71      0.81      0.76       479

    accuracy                           0.75      1000
   macro avg       0.76      0.76      0.75      1000
weighted avg       0.76      0.75      0.75      1000


Confusion Matrix:
[[366 155]
 [ 91 388]]

=== LogisticRegression ===
Accuracy:  75.70 %
AUC:       0.8293
AUCPRC:    0.8027
Precision: 0.7796
Recall:    0.6868
F1-Score:  0.7303
Antisymmetry score:  0.7640
Confusion Matrix:
[[428  93]
 [150 329]]

=== RandomForest ===
Accuracy:  79.30 %
AUC:       0.8824
AUCPRC:    0.8681
Precision: 0.8192
Recall:    0.7286
F1-Score:  0.7713
Antisymmetry score:  0.7960
Confusion Matrix:
[[444  77]
 [130 349]]

=== SVM_Linear ===
Accuracy:  74.80 %
AUC:       0.8222
AUCPRC:    0.7944
Precision: 0.7696
Recall:    0.6764
F1-Score:  0.7200
Antisymmetry score:  0.7580
Confusion Matrix:
[[424  97]
 [155 324]]

Saved combined test metrics: /group/pmc021/amunif/epi-thesis/workflow/18_Pairwise Ranking HepG2 REMC/output/combined/test/009-H3K9ac-H3K9me3-seed1011-test-metrics.csv
Saved combined ROC plot: /group/pmc021/amunif/epi-thesis/workflow/18_Pairwise Ranking HepG2 REMC/output/combined/img/roc/009-H3K9ac-H3K9me3-seed1011-roc-combined.png
Saved combined PRC plot: /group/pmc021/amunif/epi-thesis/workflow/18_Pairwise Ranking HepG2 REMC/output/combined/img/prc/009-H3K9ac-H3K9me3-seed1011-prc-combined.png

Finished 009-H3K9ac-H3K9me3 (seed 1011)

======================================================================
010-H3K9ac-H3K27ac
======================================================================
Train label distribution:
  Label 0:   4140 (51.7%)
  Label 1:   3860 (48.2%)
Val label distribution:
  Label 0:    553 (55.3%)
  Label 1:    447 (44.7%)
Test label distribution:
  Label 0:    521 (52.1%)
  Label 1:    479 (47.9%)
Saved label distribution: /group/pmc021/amunif/epi-thesis/workflow/18_Pairwise Ranking HepG2 REMC/output/combined/test/010-H3K9ac-H3K27ac-seed1011-label-distribution.csv

--- Training DirectRanker ---
Epoch [1/100] [TRAIN] Loss: 0.6487, Accuracy: 67.91%, AUC: 0.74 [VAL] Loss: 0.5402, Accuracy: 75.10%, Precision: 0.68, Recall: 0.82, F1: 0.75, AUC: 0.84
Epoch [2/100] [TRAIN] Loss: 0.5841, Accuracy: 74.72%, AUC: 0.81 [VAL] Loss: 0.5348, Accuracy: 75.50%, Precision: 0.69, Recall: 0.83, F1: 0.75, AUC: 0.84
Epoch [3/100] [TRAIN] Loss: 0.5717, Accuracy: 75.20%, AUC: 0.82 [VAL] Loss: 0.5313, Accuracy: 75.80%, Precision: 0.69, Recall: 0.83, F1: 0.75, AUC: 0.84
Epoch [4/100] [TRAIN] Loss: 0.5654, Accuracy: 74.81%, AUC: 0.83 [VAL] Loss: 0.5294, Accuracy: 76.00%, Precision: 0.69, Recall: 0.83, F1: 0.76, AUC: 0.85
Epoch [5/100] [TRAIN] Loss: 0.5560, Accuracy: 75.62%, AUC: 0.83 [VAL] Loss: 0.5271, Accuracy: 75.80%, Precision: 0.69, Recall: 0.83, F1: 0.75, AUC: 0.85
Epoch [6/100] [TRAIN] Loss: 0.5510, Accuracy: 75.79%, AUC: 0.84 [VAL] Loss: 0.5252, Accuracy: 75.70%, Precision: 0.69, Recall: 0.83, F1: 0.75, AUC: 0.85
Epoch [7/100] [TRAIN] Loss: 0.5522, Accuracy: 75.84%, AUC: 0.83 [VAL] Loss: 0.5248, Accuracy: 75.80%, Precision: 0.69, Recall: 0.83, F1: 0.75, AUC: 0.85
Epoch [8/100] [TRAIN] Loss: 0.5518, Accuracy: 75.60%, AUC: 0.83 [VAL] Loss: 0.5237, Accuracy: 75.80%, Precision: 0.69, Recall: 0.83, F1: 0.75, AUC: 0.85
Epoch [9/100] [TRAIN] Loss: 0.5419, Accuracy: 76.15%, AUC: 0.84 [VAL] Loss: 0.5224, Accuracy: 76.00%, Precision: 0.69, Recall: 0.84, F1: 0.76, AUC: 0.85
Epoch [10/100] [TRAIN] Loss: 0.5434, Accuracy: 75.89%, AUC: 0.84 [VAL] Loss: 0.5212, Accuracy: 75.50%, Precision: 0.69, Recall: 0.83, F1: 0.75, AUC: 0.85
Epoch [11/100] [TRAIN] Loss: 0.5392, Accuracy: 76.64%, AUC: 0.84 [VAL] Loss: 0.5197, Accuracy: 75.70%, Precision: 0.69, Recall: 0.83, F1: 0.75, AUC: 0.85
Epoch [12/100] [TRAIN] Loss: 0.5456, Accuracy: 76.25%, AUC: 0.83 [VAL] Loss: 0.5198, Accuracy: 75.60%, Precision: 0.69, Recall: 0.83, F1: 0.75, AUC: 0.85
Epoch [13/100] [TRAIN] Loss: 0.5389, Accuracy: 75.44%, AUC: 0.84 [VAL] Loss: 0.5186, Accuracy: 75.60%, Precision: 0.69, Recall: 0.83, F1: 0.75, AUC: 0.85
Epoch [14/100] [TRAIN] Loss: 0.5360, Accuracy: 76.38%, AUC: 0.84 [VAL] Loss: 0.5178, Accuracy: 75.60%, Precision: 0.69, Recall: 0.83, F1: 0.75, AUC: 0.85
Epoch [15/100] [TRAIN] Loss: 0.5363, Accuracy: 76.29%, AUC: 0.84 [VAL] Loss: 0.5170, Accuracy: 75.60%, Precision: 0.69, Recall: 0.83, F1: 0.75, AUC: 0.85
Epoch [16/100] [TRAIN] Loss: 0.5356, Accuracy: 75.79%, AUC: 0.84 [VAL] Loss: 0.5168, Accuracy: 75.60%, Precision: 0.69, Recall: 0.83, F1: 0.75, AUC: 0.85
Epoch [17/100] [TRAIN] Loss: 0.5362, Accuracy: 76.46%, AUC: 0.84 [VAL] Loss: 0.5162, Accuracy: 75.50%, Precision: 0.69, Recall: 0.83, F1: 0.75, AUC: 0.85
Epoch [18/100] [TRAIN] Loss: 0.5338, Accuracy: 75.75%, AUC: 0.84 [VAL] Loss: 0.5156, Accuracy: 75.40%, Precision: 0.69, Recall: 0.83, F1: 0.75, AUC: 0.85
Epoch [19/100] [TRAIN] Loss: 0.5320, Accuracy: 76.01%, AUC: 0.84 [VAL] Loss: 0.5157, Accuracy: 75.30%, Precision: 0.68, Recall: 0.83, F1: 0.75, AUC: 0.85
Epoch [20/100] [TRAIN] Loss: 0.5292, Accuracy: 76.19%, AUC: 0.84 [VAL] Loss: 0.5143, Accuracy: 75.20%, Precision: 0.68, Recall: 0.83, F1: 0.75, AUC: 0.85
Epoch [21/100] [TRAIN] Loss: 0.5319, Accuracy: 75.58%, AUC: 0.84 [VAL] Loss: 0.5144, Accuracy: 75.30%, Precision: 0.68, Recall: 0.83, F1: 0.75, AUC: 0.85
Epoch [22/100] [TRAIN] Loss: 0.5306, Accuracy: 76.03%, AUC: 0.84 [VAL] Loss: 0.5138, Accuracy: 75.30%, Precision: 0.68, Recall: 0.83, F1: 0.75, AUC: 0.85
Epoch [23/100] [TRAIN] Loss: 0.5293, Accuracy: 76.24%, AUC: 0.84 [VAL] Loss: 0.5135, Accuracy: 75.30%, Precision: 0.68, Recall: 0.83, F1: 0.75, AUC: 0.85
Epoch [24/100] [TRAIN] Loss: 0.5288, Accuracy: 76.33%, AUC: 0.84 [VAL] Loss: 0.5127, Accuracy: 75.20%, Precision: 0.68, Recall: 0.83, F1: 0.75, AUC: 0.85
Epoch [25/100] [TRAIN] Loss: 0.5255, Accuracy: 76.61%, AUC: 0.85 [VAL] Loss: 0.5122, Accuracy: 75.30%, Precision: 0.68, Recall: 0.83, F1: 0.75, AUC: 0.85
Epoch [26/100] [TRAIN] Loss: 0.5327, Accuracy: 76.06%, AUC: 0.84 [VAL] Loss: 0.5127, Accuracy: 75.30%, Precision: 0.68, Recall: 0.83, F1: 0.75, AUC: 0.85
Epoch [27/100] [TRAIN] Loss: 0.5244, Accuracy: 76.00%, AUC: 0.84 [VAL] Loss: 0.5118, Accuracy: 75.20%, Precision: 0.68, Recall: 0.83, F1: 0.75, AUC: 0.85
Epoch [28/100] [TRAIN] Loss: 0.5226, Accuracy: 76.16%, AUC: 0.85 [VAL] Loss: 0.5109, Accuracy: 75.20%, Precision: 0.68, Recall: 0.83, F1: 0.75, AUC: 0.85
Epoch [29/100] [TRAIN] Loss: 0.5224, Accuracy: 76.30%, AUC: 0.85 [VAL] Loss: 0.5109, Accuracy: 75.20%, Precision: 0.68, Recall: 0.83, F1: 0.75, AUC: 0.85
Epoch [30/100] [TRAIN] Loss: 0.5215, Accuracy: 77.09%, AUC: 0.85 [VAL] Loss: 0.5103, Accuracy: 75.40%, Precision: 0.69, Recall: 0.83, F1: 0.75, AUC: 0.85
Epoch [31/100] [TRAIN] Loss: 0.5227, Accuracy: 76.20%, AUC: 0.85 [VAL] Loss: 0.5103, Accuracy: 75.20%, Precision: 0.68, Recall: 0.83, F1: 0.75, AUC: 0.85
Epoch [32/100] [TRAIN] Loss: 0.5239, Accuracy: 76.28%, AUC: 0.85 [VAL] Loss: 0.5101, Accuracy: 75.20%, Precision: 0.68, Recall: 0.83, F1: 0.75, AUC: 0.85
Epoch [33/100] [TRAIN] Loss: 0.5198, Accuracy: 76.97%, AUC: 0.85 [VAL] Loss: 0.5092, Accuracy: 75.40%, Precision: 0.69, Recall: 0.83, F1: 0.75, AUC: 0.86
Epoch [34/100] [TRAIN] Loss: 0.5245, Accuracy: 76.59%, AUC: 0.85 [VAL] Loss: 0.5092, Accuracy: 75.30%, Precision: 0.68, Recall: 0.83, F1: 0.75, AUC: 0.86
Epoch [35/100] [TRAIN] Loss: 0.5206, Accuracy: 77.16%, AUC: 0.85 [VAL] Loss: 0.5086, Accuracy: 75.30%, Precision: 0.68, Recall: 0.83, F1: 0.75, AUC: 0.86
Epoch [36/100] [TRAIN] Loss: 0.5216, Accuracy: 76.00%, AUC: 0.85 [VAL] Loss: 0.5084, Accuracy: 75.40%, Precision: 0.69, Recall: 0.83, F1: 0.75, AUC: 0.86
Epoch [37/100] [TRAIN] Loss: 0.5221, Accuracy: 76.21%, AUC: 0.85 [VAL] Loss: 0.5086, Accuracy: 75.30%, Precision: 0.68, Recall: 0.83, F1: 0.75, AUC: 0.86
Epoch [38/100] [TRAIN] Loss: 0.5201, Accuracy: 76.30%, AUC: 0.85 [VAL] Loss: 0.5081, Accuracy: 75.40%, Precision: 0.69, Recall: 0.83, F1: 0.75, AUC: 0.86
Epoch [39/100] [TRAIN] Loss: 0.5213, Accuracy: 76.19%, AUC: 0.85 [VAL] Loss: 0.5079, Accuracy: 75.40%, Precision: 0.69, Recall: 0.83, F1: 0.75, AUC: 0.86
Epoch [40/100] [TRAIN] Loss: 0.5223, Accuracy: 76.00%, AUC: 0.85 [VAL] Loss: 0.5080, Accuracy: 75.50%, Precision: 0.69, Recall: 0.83, F1: 0.75, AUC: 0.86
Epoch [41/100] [TRAIN] Loss: 0.5223, Accuracy: 76.08%, AUC: 0.85 [VAL] Loss: 0.5074, Accuracy: 75.50%, Precision: 0.69, Recall: 0.83, F1: 0.75, AUC: 0.86
Epoch [42/100] [TRAIN] Loss: 0.5199, Accuracy: 76.21%, AUC: 0.85 [VAL] Loss: 0.5070, Accuracy: 75.50%, Precision: 0.69, Recall: 0.83, F1: 0.75, AUC: 0.86
Epoch [43/100] [TRAIN] Loss: 0.5204, Accuracy: 76.10%, AUC: 0.85 [VAL] Loss: 0.5066, Accuracy: 75.50%, Precision: 0.69, Recall: 0.83, F1: 0.75, AUC: 0.86
Epoch [44/100] [TRAIN] Loss: 0.5197, Accuracy: 76.01%, AUC: 0.85 [VAL] Loss: 0.5067, Accuracy: 75.60%, Precision: 0.69, Recall: 0.83, F1: 0.75, AUC: 0.86
Epoch [45/100] [TRAIN] Loss: 0.5204, Accuracy: 76.34%, AUC: 0.85 [VAL] Loss: 0.5063, Accuracy: 75.60%, Precision: 0.69, Recall: 0.83, F1: 0.75, AUC: 0.86
Epoch [46/100] [TRAIN] Loss: 0.5155, Accuracy: 76.38%, AUC: 0.85 [VAL] Loss: 0.5057, Accuracy: 75.50%, Precision: 0.69, Recall: 0.83, F1: 0.75, AUC: 0.86
Epoch [47/100] [TRAIN] Loss: 0.5135, Accuracy: 76.66%, AUC: 0.85 [VAL] Loss: 0.5055, Accuracy: 75.50%, Precision: 0.69, Recall: 0.83, F1: 0.75, AUC: 0.86
Epoch [48/100] [TRAIN] Loss: 0.5200, Accuracy: 76.53%, AUC: 0.85 [VAL] Loss: 0.5061, Accuracy: 75.60%, Precision: 0.69, Recall: 0.83, F1: 0.75, AUC: 0.86
Epoch [49/100] [TRAIN] Loss: 0.5169, Accuracy: 76.58%, AUC: 0.85 [VAL] Loss: 0.5055, Accuracy: 75.50%, Precision: 0.69, Recall: 0.83, F1: 0.75, AUC: 0.86
Epoch [50/100] [TRAIN] Loss: 0.5134, Accuracy: 76.75%, AUC: 0.85 [VAL] Loss: 0.5049, Accuracy: 75.70%, Precision: 0.69, Recall: 0.83, F1: 0.75, AUC: 0.86
Epoch [51/100] [TRAIN] Loss: 0.5188, Accuracy: 76.17%, AUC: 0.85 [VAL] Loss: 0.5052, Accuracy: 75.40%, Precision: 0.69, Recall: 0.83, F1: 0.75, AUC: 0.86
Epoch [52/100] [TRAIN] Loss: 0.5148, Accuracy: 76.69%, AUC: 0.85 [VAL] Loss: 0.5047, Accuracy: 75.30%, Precision: 0.69, Recall: 0.83, F1: 0.75, AUC: 0.86
Epoch [53/100] [TRAIN] Loss: 0.5107, Accuracy: 77.05%, AUC: 0.85 [VAL] Loss: 0.5043, Accuracy: 75.30%, Precision: 0.69, Recall: 0.83, F1: 0.75, AUC: 0.86
Epoch [54/100] [TRAIN] Loss: 0.5158, Accuracy: 76.01%, AUC: 0.85 [VAL] Loss: 0.5047, Accuracy: 75.50%, Precision: 0.69, Recall: 0.83, F1: 0.75, AUC: 0.86
Epoch [55/100] [TRAIN] Loss: 0.5146, Accuracy: 75.94%, AUC: 0.85 [VAL] Loss: 0.5046, Accuracy: 75.40%, Precision: 0.69, Recall: 0.83, F1: 0.75, AUC: 0.86
Epoch [56/100] [TRAIN] Loss: 0.5119, Accuracy: 76.60%, AUC: 0.85 [VAL] Loss: 0.5040, Accuracy: 75.30%, Precision: 0.69, Recall: 0.83, F1: 0.75, AUC: 0.86
Epoch [57/100] [TRAIN] Loss: 0.5101, Accuracy: 76.65%, AUC: 0.85 [VAL] Loss: 0.5037, Accuracy: 75.30%, Precision: 0.69, Recall: 0.83, F1: 0.75, AUC: 0.86
Epoch [58/100] [TRAIN] Loss: 0.5108, Accuracy: 76.80%, AUC: 0.85 [VAL] Loss: 0.5035, Accuracy: 75.30%, Precision: 0.69, Recall: 0.83, F1: 0.75, AUC: 0.86
Epoch [59/100] [TRAIN] Loss: 0.5122, Accuracy: 76.03%, AUC: 0.85 [VAL] Loss: 0.5031, Accuracy: 75.10%, Precision: 0.68, Recall: 0.83, F1: 0.75, AUC: 0.86
Epoch [60/100] [TRAIN] Loss: 0.5138, Accuracy: 76.26%, AUC: 0.85 [VAL] Loss: 0.5038, Accuracy: 75.30%, Precision: 0.69, Recall: 0.83, F1: 0.75, AUC: 0.86
Epoch [61/100] [TRAIN] Loss: 0.5134, Accuracy: 76.96%, AUC: 0.85 [VAL] Loss: 0.5037, Accuracy: 75.30%, Precision: 0.69, Recall: 0.82, F1: 0.75, AUC: 0.86
Epoch [62/100] [TRAIN] Loss: 0.5126, Accuracy: 76.42%, AUC: 0.85 [VAL] Loss: 0.5031, Accuracy: 75.50%, Precision: 0.69, Recall: 0.83, F1: 0.75, AUC: 0.86
Epoch [63/100] [TRAIN] Loss: 0.5085, Accuracy: 76.45%, AUC: 0.85 [VAL] Loss: 0.5025, Accuracy: 75.40%, Precision: 0.69, Recall: 0.82, F1: 0.75, AUC: 0.86
Epoch [64/100] [TRAIN] Loss: 0.5126, Accuracy: 76.54%, AUC: 0.85 [VAL] Loss: 0.5026, Accuracy: 75.40%, Precision: 0.69, Recall: 0.83, F1: 0.75, AUC: 0.86
Epoch [65/100] [TRAIN] Loss: 0.5129, Accuracy: 76.42%, AUC: 0.85 [VAL] Loss: 0.5026, Accuracy: 75.30%, Precision: 0.69, Recall: 0.82, F1: 0.75, AUC: 0.86
Epoch [66/100] [TRAIN] Loss: 0.5119, Accuracy: 76.22%, AUC: 0.85 [VAL] Loss: 0.5027, Accuracy: 75.50%, Precision: 0.69, Recall: 0.82, F1: 0.75, AUC: 0.86
Epoch [67/100] [TRAIN] Loss: 0.5098, Accuracy: 76.60%, AUC: 0.85 [VAL] Loss: 0.5029, Accuracy: 75.40%, Precision: 0.69, Recall: 0.82, F1: 0.75, AUC: 0.86
Epoch [68/100] [TRAIN] Loss: 0.5104, Accuracy: 76.40%, AUC: 0.85 [VAL] Loss: 0.5026, Accuracy: 75.40%, Precision: 0.69, Recall: 0.82, F1: 0.75, AUC: 0.86
Epoch [69/100] [TRAIN] Loss: 0.5096, Accuracy: 76.60%, AUC: 0.85 [VAL] Loss: 0.5025, Accuracy: 75.60%, Precision: 0.69, Recall: 0.83, F1: 0.75, AUC: 0.86
Epoch [70/100] [TRAIN] Loss: 0.5061, Accuracy: 77.21%, AUC: 0.86 [VAL] Loss: 0.5024, Accuracy: 75.60%, Precision: 0.69, Recall: 0.83, F1: 0.75, AUC: 0.86
Epoch [71/100] [TRAIN] Loss: 0.5099, Accuracy: 76.78%, AUC: 0.85 [VAL] Loss: 0.5024, Accuracy: 75.60%, Precision: 0.69, Recall: 0.83, F1: 0.75, AUC: 0.86
Epoch [72/100] [TRAIN] Loss: 0.5122, Accuracy: 76.10%, AUC: 0.85 [VAL] Loss: 0.5024, Accuracy: 75.60%, Precision: 0.69, Recall: 0.83, F1: 0.75, AUC: 0.86
Epoch [73/100] [TRAIN] Loss: 0.5095, Accuracy: 76.67%, AUC: 0.85 [VAL] Loss: 0.5024, Accuracy: 75.60%, Precision: 0.69, Recall: 0.83, F1: 0.75, AUC: 0.86
  Early stopping at epoch 73 (no val_loss improvement for 10 epochs)
  Antisymmetry score (raw):        0.8600
  Antisymmetry score (confident):  1.0000
  Total violations:                140 / 1000
  Pairs near boundary:             195 (19.5%)
  Avg |prob-0.5| at violation:     0.0000

--- Training baselines (LogisticRegression, RandomForest, SVM) ---

  Training LogisticRegression...
  Val accuracy: 76.20%  |  Val AUC: 0.8230

  [LogisticRegression]  Accuracy: 76.80%  AUC: 0.8328  AUCPRC: 0.8139  Precision: 0.8095  Recall: 0.6743  F1: 0.7358  Antisym: 0.7360

  Training RandomForest...
  Val accuracy: 77.70%  |  Val AUC: 0.8557

  [RandomForest]  Accuracy: 79.10%  AUC: 0.8818  AUCPRC: 0.8663  Precision: 0.8325  Recall: 0.7056  F1: 0.7638  Antisym: 0.7830

  Training SVM_Linear...
  Val accuracy: 76.00%  |  Val AUC: 0.8268

  [SVM_Linear]  Accuracy: 76.50%  AUC: 0.8372  AUCPRC: 0.8179  Precision: 0.8112  Recall: 0.6639  F1: 0.7302  Antisym: 0.7320
Seed: 1011
=== DirectRanker ===
Accuracy:  74.70 %
AUC:       0.8637
AUCPRC:    0.8636
Precision: 0.7055
Recall:    0.8100
F1-Score:  0.7541
Antisymmetry score:  0.8600  (1.0 = perfect, ~0.5 = random)

Detailed Classification Report:
              precision    recall  f1-score   support

           0       0.80      0.69      0.74       521
           1       0.71      0.81      0.75       479

    accuracy                           0.75      1000
   macro avg       0.75      0.75      0.75      1000
weighted avg       0.75      0.75      0.75      1000


Confusion Matrix:
[[359 162]
 [ 91 388]]

=== LogisticRegression ===
Accuracy:  76.80 %
AUC:       0.8328
AUCPRC:    0.8139
Precision: 0.8095
Recall:    0.6743
F1-Score:  0.7358
Antisymmetry score:  0.7360
Confusion Matrix:
[[445  76]
 [156 323]]

=== RandomForest ===
Accuracy:  79.10 %
AUC:       0.8818
AUCPRC:    0.8663
Precision: 0.8325
Recall:    0.7056
F1-Score:  0.7638
Antisymmetry score:  0.7830
Confusion Matrix:
[[453  68]
 [141 338]]

=== SVM_Linear ===
Accuracy:  76.50 %
AUC:       0.8372
AUCPRC:    0.8179
Precision: 0.8112
Recall:    0.6639
F1-Score:  0.7302
Antisymmetry score:  0.7320
Confusion Matrix:
[[447  74]
 [161 318]]

Saved combined test metrics: /group/pmc021/amunif/epi-thesis/workflow/18_Pairwise Ranking HepG2 REMC/output/combined/test/010-H3K9ac-H3K27ac-seed1011-test-metrics.csv
Saved combined ROC plot: /group/pmc021/amunif/epi-thesis/workflow/18_Pairwise Ranking HepG2 REMC/output/combined/img/roc/010-H3K9ac-H3K27ac-seed1011-roc-combined.png
Saved combined PRC plot: /group/pmc021/amunif/epi-thesis/workflow/18_Pairwise Ranking HepG2 REMC/output/combined/img/prc/010-H3K9ac-H3K27ac-seed1011-prc-combined.png

Finished 010-H3K9ac-H3K27ac (seed 1011)

======================================================================
011-H3K9ac-H3K27me3
======================================================================
Train label distribution:
  Label 0:   4140 (51.7%)
  Label 1:   3860 (48.2%)
Val label distribution:
  Label 0:    553 (55.3%)
  Label 1:    447 (44.7%)
Test label distribution:
  Label 0:    521 (52.1%)
  Label 1:    479 (47.9%)
Saved label distribution: /group/pmc021/amunif/epi-thesis/workflow/18_Pairwise Ranking HepG2 REMC/output/combined/test/011-H3K9ac-H3K27me3-seed1011-label-distribution.csv

--- Training DirectRanker ---
Epoch [1/100] [TRAIN] Loss: 0.6383, Accuracy: 68.54%, AUC: 0.76 [VAL] Loss: 0.5542, Accuracy: 75.70%, Precision: 0.71, Recall: 0.78, F1: 0.74, AUC: 0.84
Epoch [2/100] [TRAIN] Loss: 0.5768, Accuracy: 73.56%, AUC: 0.81 [VAL] Loss: 0.5258, Accuracy: 76.90%, Precision: 0.72, Recall: 0.78, F1: 0.75, AUC: 0.85
Epoch [3/100] [TRAIN] Loss: 0.5664, Accuracy: 74.05%, AUC: 0.82 [VAL] Loss: 0.5195, Accuracy: 76.70%, Precision: 0.72, Recall: 0.78, F1: 0.75, AUC: 0.85
Epoch [4/100] [TRAIN] Loss: 0.5641, Accuracy: 73.79%, AUC: 0.82 [VAL] Loss: 0.5165, Accuracy: 77.30%, Precision: 0.73, Recall: 0.78, F1: 0.75, AUC: 0.85
Epoch [5/100] [TRAIN] Loss: 0.5613, Accuracy: 74.62%, AUC: 0.82 [VAL] Loss: 0.5155, Accuracy: 77.80%, Precision: 0.74, Recall: 0.79, F1: 0.76, AUC: 0.85
Epoch [6/100] [TRAIN] Loss: 0.5523, Accuracy: 75.10%, AUC: 0.83 [VAL] Loss: 0.5139, Accuracy: 77.70%, Precision: 0.74, Recall: 0.78, F1: 0.76, AUC: 0.85
Epoch [7/100] [TRAIN] Loss: 0.5493, Accuracy: 74.86%, AUC: 0.83 [VAL] Loss: 0.5126, Accuracy: 77.70%, Precision: 0.73, Recall: 0.79, F1: 0.76, AUC: 0.85
Epoch [8/100] [TRAIN] Loss: 0.5454, Accuracy: 75.01%, AUC: 0.83 [VAL] Loss: 0.5109, Accuracy: 77.70%, Precision: 0.73, Recall: 0.79, F1: 0.76, AUC: 0.85
Epoch [9/100] [TRAIN] Loss: 0.5451, Accuracy: 75.20%, AUC: 0.83 [VAL] Loss: 0.5102, Accuracy: 77.80%, Precision: 0.73, Recall: 0.79, F1: 0.76, AUC: 0.86
Epoch [10/100] [TRAIN] Loss: 0.5452, Accuracy: 75.34%, AUC: 0.83 [VAL] Loss: 0.5108, Accuracy: 77.10%, Precision: 0.73, Recall: 0.78, F1: 0.75, AUC: 0.86
Epoch [11/100] [TRAIN] Loss: 0.5444, Accuracy: 74.71%, AUC: 0.83 [VAL] Loss: 0.5105, Accuracy: 77.30%, Precision: 0.73, Recall: 0.78, F1: 0.76, AUC: 0.86
Epoch [12/100] [TRAIN] Loss: 0.5390, Accuracy: 75.28%, AUC: 0.84 [VAL] Loss: 0.5085, Accuracy: 77.40%, Precision: 0.73, Recall: 0.79, F1: 0.76, AUC: 0.86
Epoch [13/100] [TRAIN] Loss: 0.5417, Accuracy: 75.35%, AUC: 0.84 [VAL] Loss: 0.5086, Accuracy: 77.30%, Precision: 0.73, Recall: 0.79, F1: 0.76, AUC: 0.86
Epoch [14/100] [TRAIN] Loss: 0.5387, Accuracy: 75.08%, AUC: 0.83 [VAL] Loss: 0.5086, Accuracy: 77.30%, Precision: 0.73, Recall: 0.79, F1: 0.76, AUC: 0.86
Epoch [15/100] [TRAIN] Loss: 0.5377, Accuracy: 75.15%, AUC: 0.84 [VAL] Loss: 0.5079, Accuracy: 77.30%, Precision: 0.73, Recall: 0.79, F1: 0.76, AUC: 0.86
Epoch [16/100] [TRAIN] Loss: 0.5359, Accuracy: 75.19%, AUC: 0.84 [VAL] Loss: 0.5075, Accuracy: 77.20%, Precision: 0.73, Recall: 0.79, F1: 0.75, AUC: 0.86
Epoch [17/100] [TRAIN] Loss: 0.5360, Accuracy: 75.31%, AUC: 0.84 [VAL] Loss: 0.5069, Accuracy: 77.20%, Precision: 0.73, Recall: 0.79, F1: 0.75, AUC: 0.86
Epoch [18/100] [TRAIN] Loss: 0.5350, Accuracy: 75.24%, AUC: 0.84 [VAL] Loss: 0.5069, Accuracy: 77.40%, Precision: 0.73, Recall: 0.79, F1: 0.76, AUC: 0.86
Epoch [19/100] [TRAIN] Loss: 0.5292, Accuracy: 75.36%, AUC: 0.84 [VAL] Loss: 0.5059, Accuracy: 77.40%, Precision: 0.73, Recall: 0.79, F1: 0.76, AUC: 0.86
Epoch [20/100] [TRAIN] Loss: 0.5302, Accuracy: 75.46%, AUC: 0.84 [VAL] Loss: 0.5064, Accuracy: 77.70%, Precision: 0.73, Recall: 0.79, F1: 0.76, AUC: 0.86
Epoch [21/100] [TRAIN] Loss: 0.5311, Accuracy: 75.64%, AUC: 0.84 [VAL] Loss: 0.5061, Accuracy: 77.60%, Precision: 0.73, Recall: 0.79, F1: 0.76, AUC: 0.86
Epoch [22/100] [TRAIN] Loss: 0.5293, Accuracy: 75.79%, AUC: 0.84 [VAL] Loss: 0.5052, Accuracy: 77.40%, Precision: 0.73, Recall: 0.79, F1: 0.76, AUC: 0.86
Epoch [23/100] [TRAIN] Loss: 0.5313, Accuracy: 75.45%, AUC: 0.84 [VAL] Loss: 0.5059, Accuracy: 77.10%, Precision: 0.72, Recall: 0.79, F1: 0.75, AUC: 0.86
Epoch [24/100] [TRAIN] Loss: 0.5305, Accuracy: 75.55%, AUC: 0.84 [VAL] Loss: 0.5054, Accuracy: 77.10%, Precision: 0.72, Recall: 0.79, F1: 0.75, AUC: 0.86
Epoch [25/100] [TRAIN] Loss: 0.5275, Accuracy: 75.62%, AUC: 0.84 [VAL] Loss: 0.5055, Accuracy: 77.10%, Precision: 0.72, Recall: 0.79, F1: 0.75, AUC: 0.86
Epoch [26/100] [TRAIN] Loss: 0.5289, Accuracy: 75.85%, AUC: 0.84 [VAL] Loss: 0.5058, Accuracy: 77.10%, Precision: 0.72, Recall: 0.79, F1: 0.75, AUC: 0.86
Epoch [27/100] [TRAIN] Loss: 0.5281, Accuracy: 75.85%, AUC: 0.84 [VAL] Loss: 0.5049, Accuracy: 77.10%, Precision: 0.72, Recall: 0.79, F1: 0.75, AUC: 0.86
Epoch [28/100] [TRAIN] Loss: 0.5233, Accuracy: 75.97%, AUC: 0.84 [VAL] Loss: 0.5055, Accuracy: 77.00%, Precision: 0.72, Recall: 0.79, F1: 0.75, AUC: 0.86
Epoch [29/100] [TRAIN] Loss: 0.5227, Accuracy: 75.88%, AUC: 0.85 [VAL] Loss: 0.5051, Accuracy: 77.00%, Precision: 0.72, Recall: 0.79, F1: 0.75, AUC: 0.86
Epoch [30/100] [TRAIN] Loss: 0.5250, Accuracy: 75.67%, AUC: 0.84 [VAL] Loss: 0.5053, Accuracy: 77.30%, Precision: 0.73, Recall: 0.79, F1: 0.76, AUC: 0.86
Epoch [31/100] [TRAIN] Loss: 0.5219, Accuracy: 76.00%, AUC: 0.84 [VAL] Loss: 0.5051, Accuracy: 77.20%, Precision: 0.72, Recall: 0.79, F1: 0.76, AUC: 0.86
Epoch [32/100] [TRAIN] Loss: 0.5248, Accuracy: 75.67%, AUC: 0.84 [VAL] Loss: 0.5048, Accuracy: 77.10%, Precision: 0.72, Recall: 0.79, F1: 0.76, AUC: 0.86
Epoch [33/100] [TRAIN] Loss: 0.5251, Accuracy: 76.01%, AUC: 0.84 [VAL] Loss: 0.5049, Accuracy: 77.20%, Precision: 0.72, Recall: 0.79, F1: 0.76, AUC: 0.86
Epoch [34/100] [TRAIN] Loss: 0.5215, Accuracy: 75.94%, AUC: 0.84 [VAL] Loss: 0.5044, Accuracy: 77.10%, Precision: 0.72, Recall: 0.79, F1: 0.76, AUC: 0.86
Epoch [35/100] [TRAIN] Loss: 0.5270, Accuracy: 74.80%, AUC: 0.84 [VAL] Loss: 0.5054, Accuracy: 77.10%, Precision: 0.72, Recall: 0.79, F1: 0.76, AUC: 0.86
Epoch [36/100] [TRAIN] Loss: 0.5210, Accuracy: 75.56%, AUC: 0.84 [VAL] Loss: 0.5051, Accuracy: 77.00%, Precision: 0.72, Recall: 0.79, F1: 0.75, AUC: 0.86
Epoch [37/100] [TRAIN] Loss: 0.5227, Accuracy: 75.92%, AUC: 0.84 [VAL] Loss: 0.5053, Accuracy: 77.00%, Precision: 0.72, Recall: 0.79, F1: 0.75, AUC: 0.86
Epoch [38/100] [TRAIN] Loss: 0.5214, Accuracy: 75.91%, AUC: 0.85 [VAL] Loss: 0.5052, Accuracy: 77.20%, Precision: 0.73, Recall: 0.79, F1: 0.76, AUC: 0.86
Epoch [39/100] [TRAIN] Loss: 0.5250, Accuracy: 75.24%, AUC: 0.84 [VAL] Loss: 0.5050, Accuracy: 77.30%, Precision: 0.73, Recall: 0.79, F1: 0.76, AUC: 0.86
Epoch [40/100] [TRAIN] Loss: 0.5226, Accuracy: 76.31%, AUC: 0.84 [VAL] Loss: 0.5057, Accuracy: 77.00%, Precision: 0.72, Recall: 0.79, F1: 0.75, AUC: 0.86
Epoch [41/100] [TRAIN] Loss: 0.5207, Accuracy: 76.06%, AUC: 0.85 [VAL] Loss: 0.5055, Accuracy: 77.10%, Precision: 0.72, Recall: 0.79, F1: 0.75, AUC: 0.86
Epoch [42/100] [TRAIN] Loss: 0.5193, Accuracy: 75.95%, AUC: 0.85 [VAL] Loss: 0.5054, Accuracy: 77.00%, Precision: 0.72, Recall: 0.79, F1: 0.75, AUC: 0.86
Epoch [43/100] [TRAIN] Loss: 0.5230, Accuracy: 75.97%, AUC: 0.84 [VAL] Loss: 0.5053, Accuracy: 77.00%, Precision: 0.72, Recall: 0.79, F1: 0.75, AUC: 0.86
Epoch [44/100] [TRAIN] Loss: 0.5180, Accuracy: 76.17%, AUC: 0.85 [VAL] Loss: 0.5052, Accuracy: 77.00%, Precision: 0.72, Recall: 0.79, F1: 0.75, AUC: 0.86
  Early stopping at epoch 44 (no val_loss improvement for 10 epochs)
  Antisymmetry score (raw):        0.9670
  Antisymmetry score (confident):  1.0000
  Total violations:                33 / 1000
  Pairs near boundary:             155 (15.5%)
  Avg |prob-0.5| at violation:     0.0000

--- Training baselines (LogisticRegression, RandomForest, SVM) ---

  Training LogisticRegression...
  Val accuracy: 75.40%  |  Val AUC: 0.8318

  [LogisticRegression]  Accuracy: 74.70%  AUC: 0.8360  AUCPRC: 0.8294  Precision: 0.7653  Recall: 0.6806  F1: 0.7204  Antisym: 0.7800

  Training RandomForest...
  Val accuracy: 76.80%  |  Val AUC: 0.8545

  [RandomForest]  Accuracy: 78.20%  AUC: 0.8768  AUCPRC: 0.8710  Precision: 0.8115  Recall: 0.7098  F1: 0.7572  Antisym: 0.7920

  Training SVM_Linear...
  Val accuracy: 75.10%  |  Val AUC: 0.8316

  [SVM_Linear]  Accuracy: 75.30%  AUC: 0.8371  AUCPRC: 0.8319  Precision: 0.7736  Recall: 0.6848  F1: 0.7265  Antisym: 0.7790
Seed: 1011
=== DirectRanker ===
Accuracy:  76.00 %
AUC:       0.8572
AUCPRC:    0.8642
Precision: 0.7414
Recall:    0.7662
F1-Score:  0.7536
Antisymmetry score:  0.9670  (1.0 = perfect, ~0.5 = random)

Detailed Classification Report:
              precision    recall  f1-score   support

           0       0.78      0.75      0.77       521
           1       0.74      0.77      0.75       479

    accuracy                           0.76      1000
   macro avg       0.76      0.76      0.76      1000
weighted avg       0.76      0.76      0.76      1000


Confusion Matrix:
[[393 128]
 [112 367]]

=== LogisticRegression ===
Accuracy:  74.70 %
AUC:       0.8360
AUCPRC:    0.8294
Precision: 0.7653
Recall:    0.6806
F1-Score:  0.7204
Antisymmetry score:  0.7800
Confusion Matrix:
[[421 100]
 [153 326]]

=== RandomForest ===
Accuracy:  78.20 %
AUC:       0.8768
AUCPRC:    0.8710
Precision: 0.8115
Recall:    0.7098
F1-Score:  0.7572
Antisymmetry score:  0.7920
Confusion Matrix:
[[442  79]
 [139 340]]

=== SVM_Linear ===
Accuracy:  75.30 %
AUC:       0.8371
AUCPRC:    0.8319
Precision: 0.7736
Recall:    0.6848
F1-Score:  0.7265
Antisymmetry score:  0.7790
Confusion Matrix:
[[425  96]
 [151 328]]

Saved combined test metrics: /group/pmc021/amunif/epi-thesis/workflow/18_Pairwise Ranking HepG2 REMC/output/combined/test/011-H3K9ac-H3K27me3-seed1011-test-metrics.csv
Saved combined ROC plot: /group/pmc021/amunif/epi-thesis/workflow/18_Pairwise Ranking HepG2 REMC/output/combined/img/roc/011-H3K9ac-H3K27me3-seed1011-roc-combined.png
Saved combined PRC plot: /group/pmc021/amunif/epi-thesis/workflow/18_Pairwise Ranking HepG2 REMC/output/combined/img/prc/011-H3K9ac-H3K27me3-seed1011-prc-combined.png

Finished 011-H3K9ac-H3K27me3 (seed 1011)

======================================================================
012-H3K9me3-H3K27ac
======================================================================
Train label distribution:
  Label 0:   4140 (51.7%)
  Label 1:   3860 (48.2%)
Val label distribution:
  Label 0:    553 (55.3%)
  Label 1:    447 (44.7%)
Test label distribution:
  Label 0:    521 (52.1%)
  Label 1:    479 (47.9%)
Saved label distribution: /group/pmc021/amunif/epi-thesis/workflow/18_Pairwise Ranking HepG2 REMC/output/combined/test/012-H3K9me3-H3K27ac-seed1011-label-distribution.csv

--- Training DirectRanker ---
Epoch [1/100] [TRAIN] Loss: 0.6531, Accuracy: 68.24%, AUC: 0.75 [VAL] Loss: 0.6108, Accuracy: 72.10%, Precision: 0.66, Recall: 0.78, F1: 0.72, AUC: 0.80
Epoch [2/100] [TRAIN] Loss: 0.6087, Accuracy: 72.16%, AUC: 0.80 [VAL] Loss: 0.5979, Accuracy: 72.60%, Precision: 0.66, Recall: 0.80, F1: 0.72, AUC: 0.81
Epoch [3/100] [TRAIN] Loss: 0.6011, Accuracy: 73.11%, AUC: 0.80 [VAL] Loss: 0.5954, Accuracy: 72.50%, Precision: 0.66, Recall: 0.81, F1: 0.72, AUC: 0.81
Epoch [4/100] [TRAIN] Loss: 0.6010, Accuracy: 73.53%, AUC: 0.80 [VAL] Loss: 0.5938, Accuracy: 72.70%, Precision: 0.66, Recall: 0.81, F1: 0.73, AUC: 0.81
Epoch [5/100] [TRAIN] Loss: 0.5950, Accuracy: 73.20%, AUC: 0.81 [VAL] Loss: 0.5927, Accuracy: 72.70%, Precision: 0.66, Recall: 0.81, F1: 0.73, AUC: 0.81
Epoch [6/100] [TRAIN] Loss: 0.5935, Accuracy: 73.21%, AUC: 0.81 [VAL] Loss: 0.5914, Accuracy: 72.60%, Precision: 0.66, Recall: 0.81, F1: 0.73, AUC: 0.81
Epoch [7/100] [TRAIN] Loss: 0.5912, Accuracy: 73.78%, AUC: 0.81 [VAL] Loss: 0.5902, Accuracy: 72.50%, Precision: 0.66, Recall: 0.81, F1: 0.72, AUC: 0.81
Epoch [8/100] [TRAIN] Loss: 0.5919, Accuracy: 73.44%, AUC: 0.81 [VAL] Loss: 0.5890, Accuracy: 72.20%, Precision: 0.65, Recall: 0.80, F1: 0.72, AUC: 0.81
Epoch [9/100] [TRAIN] Loss: 0.5874, Accuracy: 73.65%, AUC: 0.81 [VAL] Loss: 0.5880, Accuracy: 72.00%, Precision: 0.65, Recall: 0.80, F1: 0.72, AUC: 0.81
Epoch [10/100] [TRAIN] Loss: 0.5826, Accuracy: 74.12%, AUC: 0.81 [VAL] Loss: 0.5873, Accuracy: 72.00%, Precision: 0.65, Recall: 0.80, F1: 0.72, AUC: 0.81
Epoch [11/100] [TRAIN] Loss: 0.5835, Accuracy: 74.08%, AUC: 0.81 [VAL] Loss: 0.5867, Accuracy: 72.20%, Precision: 0.65, Recall: 0.80, F1: 0.72, AUC: 0.81
Epoch [12/100] [TRAIN] Loss: 0.5865, Accuracy: 73.95%, AUC: 0.81 [VAL] Loss: 0.5859, Accuracy: 72.20%, Precision: 0.65, Recall: 0.80, F1: 0.72, AUC: 0.81
Epoch [13/100] [TRAIN] Loss: 0.5815, Accuracy: 74.33%, AUC: 0.82 [VAL] Loss: 0.5850, Accuracy: 72.20%, Precision: 0.65, Recall: 0.80, F1: 0.72, AUC: 0.81
Epoch [14/100] [TRAIN] Loss: 0.5826, Accuracy: 73.55%, AUC: 0.81 [VAL] Loss: 0.5843, Accuracy: 72.20%, Precision: 0.65, Recall: 0.80, F1: 0.72, AUC: 0.81
Epoch [15/100] [TRAIN] Loss: 0.5800, Accuracy: 73.80%, AUC: 0.81 [VAL] Loss: 0.5835, Accuracy: 72.20%, Precision: 0.65, Recall: 0.80, F1: 0.72, AUC: 0.81
Epoch [16/100] [TRAIN] Loss: 0.5803, Accuracy: 74.29%, AUC: 0.82 [VAL] Loss: 0.5829, Accuracy: 72.20%, Precision: 0.65, Recall: 0.80, F1: 0.72, AUC: 0.81
Epoch [17/100] [TRAIN] Loss: 0.5807, Accuracy: 73.89%, AUC: 0.81 [VAL] Loss: 0.5822, Accuracy: 72.10%, Precision: 0.65, Recall: 0.80, F1: 0.72, AUC: 0.81
Epoch [18/100] [TRAIN] Loss: 0.5793, Accuracy: 74.01%, AUC: 0.81 [VAL] Loss: 0.5817, Accuracy: 72.20%, Precision: 0.65, Recall: 0.80, F1: 0.72, AUC: 0.81
Epoch [19/100] [TRAIN] Loss: 0.5759, Accuracy: 74.51%, AUC: 0.82 [VAL] Loss: 0.5810, Accuracy: 72.10%, Precision: 0.65, Recall: 0.80, F1: 0.72, AUC: 0.81
Epoch [20/100] [TRAIN] Loss: 0.5810, Accuracy: 73.90%, AUC: 0.81 [VAL] Loss: 0.5801, Accuracy: 72.10%, Precision: 0.65, Recall: 0.80, F1: 0.72, AUC: 0.81
Epoch [21/100] [TRAIN] Loss: 0.5760, Accuracy: 74.10%, AUC: 0.82 [VAL] Loss: 0.5795, Accuracy: 72.00%, Precision: 0.65, Recall: 0.80, F1: 0.72, AUC: 0.81
Epoch [22/100] [TRAIN] Loss: 0.5724, Accuracy: 74.34%, AUC: 0.82 [VAL] Loss: 0.5792, Accuracy: 71.90%, Precision: 0.65, Recall: 0.80, F1: 0.72, AUC: 0.81
Epoch [23/100] [TRAIN] Loss: 0.5764, Accuracy: 74.06%, AUC: 0.81 [VAL] Loss: 0.5784, Accuracy: 71.80%, Precision: 0.65, Recall: 0.80, F1: 0.72, AUC: 0.81
Epoch [24/100] [TRAIN] Loss: 0.5731, Accuracy: 73.81%, AUC: 0.81 [VAL] Loss: 0.5778, Accuracy: 71.80%, Precision: 0.65, Recall: 0.80, F1: 0.72, AUC: 0.81
Epoch [25/100] [TRAIN] Loss: 0.5741, Accuracy: 74.06%, AUC: 0.82 [VAL] Loss: 0.5770, Accuracy: 71.90%, Precision: 0.65, Recall: 0.80, F1: 0.72, AUC: 0.81
Epoch [26/100] [TRAIN] Loss: 0.5717, Accuracy: 74.33%, AUC: 0.82 [VAL] Loss: 0.5765, Accuracy: 71.80%, Precision: 0.65, Recall: 0.79, F1: 0.72, AUC: 0.81
Epoch [27/100] [TRAIN] Loss: 0.5685, Accuracy: 74.56%, AUC: 0.82 [VAL] Loss: 0.5760, Accuracy: 71.80%, Precision: 0.65, Recall: 0.79, F1: 0.72, AUC: 0.81
Epoch [28/100] [TRAIN] Loss: 0.5684, Accuracy: 74.39%, AUC: 0.82 [VAL] Loss: 0.5755, Accuracy: 71.70%, Precision: 0.65, Recall: 0.79, F1: 0.71, AUC: 0.81
Epoch [29/100] [TRAIN] Loss: 0.5671, Accuracy: 74.28%, AUC: 0.82 [VAL] Loss: 0.5749, Accuracy: 71.70%, Precision: 0.65, Recall: 0.79, F1: 0.71, AUC: 0.81
Epoch [30/100] [TRAIN] Loss: 0.5646, Accuracy: 74.12%, AUC: 0.82 [VAL] Loss: 0.5745, Accuracy: 71.80%, Precision: 0.65, Recall: 0.79, F1: 0.72, AUC: 0.81
Epoch [31/100] [TRAIN] Loss: 0.5675, Accuracy: 74.54%, AUC: 0.82 [VAL] Loss: 0.5738, Accuracy: 71.90%, Precision: 0.65, Recall: 0.80, F1: 0.72, AUC: 0.81
Epoch [32/100] [TRAIN] Loss: 0.5668, Accuracy: 74.61%, AUC: 0.82 [VAL] Loss: 0.5732, Accuracy: 71.90%, Precision: 0.65, Recall: 0.80, F1: 0.72, AUC: 0.81
Epoch [33/100] [TRAIN] Loss: 0.5626, Accuracy: 74.33%, AUC: 0.82 [VAL] Loss: 0.5723, Accuracy: 72.10%, Precision: 0.65, Recall: 0.80, F1: 0.72, AUC: 0.81
Epoch [34/100] [TRAIN] Loss: 0.5693, Accuracy: 73.79%, AUC: 0.82 [VAL] Loss: 0.5714, Accuracy: 72.00%, Precision: 0.65, Recall: 0.80, F1: 0.72, AUC: 0.81
Epoch [35/100] [TRAIN] Loss: 0.5671, Accuracy: 74.17%, AUC: 0.82 [VAL] Loss: 0.5710, Accuracy: 71.90%, Precision: 0.65, Recall: 0.80, F1: 0.72, AUC: 0.81
Epoch [36/100] [TRAIN] Loss: 0.5647, Accuracy: 73.90%, AUC: 0.82 [VAL] Loss: 0.5703, Accuracy: 71.90%, Precision: 0.65, Recall: 0.80, F1: 0.72, AUC: 0.81
Epoch [37/100] [TRAIN] Loss: 0.5671, Accuracy: 73.78%, AUC: 0.82 [VAL] Loss: 0.5696, Accuracy: 71.90%, Precision: 0.65, Recall: 0.80, F1: 0.72, AUC: 0.81
Epoch [38/100] [TRAIN] Loss: 0.5637, Accuracy: 74.21%, AUC: 0.82 [VAL] Loss: 0.5693, Accuracy: 72.00%, Precision: 0.65, Recall: 0.80, F1: 0.72, AUC: 0.81
Epoch [39/100] [TRAIN] Loss: 0.5664, Accuracy: 74.28%, AUC: 0.82 [VAL] Loss: 0.5687, Accuracy: 71.70%, Precision: 0.65, Recall: 0.79, F1: 0.72, AUC: 0.81
Epoch [40/100] [TRAIN] Loss: 0.5622, Accuracy: 74.06%, AUC: 0.82 [VAL] Loss: 0.5683, Accuracy: 71.80%, Precision: 0.65, Recall: 0.80, F1: 0.72, AUC: 0.81
Epoch [41/100] [TRAIN] Loss: 0.5630, Accuracy: 74.56%, AUC: 0.82 [VAL] Loss: 0.5678, Accuracy: 71.60%, Precision: 0.65, Recall: 0.79, F1: 0.71, AUC: 0.81
Epoch [42/100] [TRAIN] Loss: 0.5608, Accuracy: 74.45%, AUC: 0.82 [VAL] Loss: 0.5676, Accuracy: 71.60%, Precision: 0.65, Recall: 0.80, F1: 0.71, AUC: 0.81
Epoch [43/100] [TRAIN] Loss: 0.5649, Accuracy: 74.00%, AUC: 0.82 [VAL] Loss: 0.5669, Accuracy: 71.60%, Precision: 0.65, Recall: 0.79, F1: 0.71, AUC: 0.81
Epoch [44/100] [TRAIN] Loss: 0.5582, Accuracy: 74.50%, AUC: 0.82 [VAL] Loss: 0.5666, Accuracy: 71.60%, Precision: 0.65, Recall: 0.79, F1: 0.71, AUC: 0.81
Epoch [45/100] [TRAIN] Loss: 0.5596, Accuracy: 74.61%, AUC: 0.82 [VAL] Loss: 0.5660, Accuracy: 71.80%, Precision: 0.65, Recall: 0.80, F1: 0.72, AUC: 0.81
Epoch [46/100] [TRAIN] Loss: 0.5613, Accuracy: 74.46%, AUC: 0.82 [VAL] Loss: 0.5657, Accuracy: 71.80%, Precision: 0.65, Recall: 0.80, F1: 0.72, AUC: 0.81
Epoch [47/100] [TRAIN] Loss: 0.5584, Accuracy: 74.51%, AUC: 0.82 [VAL] Loss: 0.5657, Accuracy: 71.40%, Precision: 0.65, Recall: 0.79, F1: 0.71, AUC: 0.81
Epoch [48/100] [TRAIN] Loss: 0.5606, Accuracy: 74.69%, AUC: 0.82 [VAL] Loss: 0.5651, Accuracy: 71.00%, Precision: 0.64, Recall: 0.79, F1: 0.71, AUC: 0.81
Epoch [49/100] [TRAIN] Loss: 0.5597, Accuracy: 74.71%, AUC: 0.82 [VAL] Loss: 0.5645, Accuracy: 71.20%, Precision: 0.65, Recall: 0.79, F1: 0.71, AUC: 0.81
Epoch [50/100] [TRAIN] Loss: 0.5591, Accuracy: 74.96%, AUC: 0.82 [VAL] Loss: 0.5639, Accuracy: 71.10%, Precision: 0.64, Recall: 0.79, F1: 0.71, AUC: 0.81
Epoch [51/100] [TRAIN] Loss: 0.5583, Accuracy: 74.19%, AUC: 0.82 [VAL] Loss: 0.5634, Accuracy: 71.00%, Precision: 0.64, Recall: 0.79, F1: 0.71, AUC: 0.81
Epoch [52/100] [TRAIN] Loss: 0.5577, Accuracy: 73.91%, AUC: 0.82 [VAL] Loss: 0.5628, Accuracy: 71.10%, Precision: 0.64, Recall: 0.79, F1: 0.71, AUC: 0.81
Epoch [53/100] [TRAIN] Loss: 0.5573, Accuracy: 74.25%, AUC: 0.82 [VAL] Loss: 0.5626, Accuracy: 71.10%, Precision: 0.64, Recall: 0.79, F1: 0.71, AUC: 0.81
Epoch [54/100] [TRAIN] Loss: 0.5541, Accuracy: 74.47%, AUC: 0.83 [VAL] Loss: 0.5621, Accuracy: 71.20%, Precision: 0.64, Recall: 0.79, F1: 0.71, AUC: 0.81
Epoch [55/100] [TRAIN] Loss: 0.5548, Accuracy: 74.49%, AUC: 0.83 [VAL] Loss: 0.5617, Accuracy: 71.10%, Precision: 0.64, Recall: 0.79, F1: 0.71, AUC: 0.81
Epoch [56/100] [TRAIN] Loss: 0.5539, Accuracy: 74.24%, AUC: 0.82 [VAL] Loss: 0.5615, Accuracy: 71.20%, Precision: 0.64, Recall: 0.79, F1: 0.71, AUC: 0.81
Epoch [57/100] [TRAIN] Loss: 0.5548, Accuracy: 74.10%, AUC: 0.82 [VAL] Loss: 0.5610, Accuracy: 71.20%, Precision: 0.65, Recall: 0.79, F1: 0.71, AUC: 0.81
Epoch [58/100] [TRAIN] Loss: 0.5569, Accuracy: 74.53%, AUC: 0.82 [VAL] Loss: 0.5609, Accuracy: 71.40%, Precision: 0.65, Recall: 0.79, F1: 0.71, AUC: 0.81
Epoch [59/100] [TRAIN] Loss: 0.5520, Accuracy: 74.51%, AUC: 0.83 [VAL] Loss: 0.5603, Accuracy: 71.20%, Precision: 0.64, Recall: 0.79, F1: 0.71, AUC: 0.81
Epoch [60/100] [TRAIN] Loss: 0.5506, Accuracy: 74.76%, AUC: 0.83 [VAL] Loss: 0.5601, Accuracy: 70.90%, Precision: 0.64, Recall: 0.79, F1: 0.71, AUC: 0.81
Epoch [61/100] [TRAIN] Loss: 0.5532, Accuracy: 74.47%, AUC: 0.83 [VAL] Loss: 0.5596, Accuracy: 70.80%, Precision: 0.64, Recall: 0.78, F1: 0.71, AUC: 0.81
Epoch [62/100] [TRAIN] Loss: 0.5516, Accuracy: 73.83%, AUC: 0.83 [VAL] Loss: 0.5591, Accuracy: 70.90%, Precision: 0.64, Recall: 0.79, F1: 0.71, AUC: 0.81
Epoch [63/100] [TRAIN] Loss: 0.5538, Accuracy: 73.64%, AUC: 0.82 [VAL] Loss: 0.5586, Accuracy: 71.00%, Precision: 0.64, Recall: 0.79, F1: 0.71, AUC: 0.81
Epoch [64/100] [TRAIN] Loss: 0.5505, Accuracy: 74.62%, AUC: 0.83 [VAL] Loss: 0.5585, Accuracy: 71.00%, Precision: 0.64, Recall: 0.79, F1: 0.71, AUC: 0.81
Epoch [65/100] [TRAIN] Loss: 0.5513, Accuracy: 74.55%, AUC: 0.83 [VAL] Loss: 0.5581, Accuracy: 71.10%, Precision: 0.64, Recall: 0.79, F1: 0.71, AUC: 0.81
Epoch [66/100] [TRAIN] Loss: 0.5501, Accuracy: 74.60%, AUC: 0.83 [VAL] Loss: 0.5578, Accuracy: 71.10%, Precision: 0.64, Recall: 0.79, F1: 0.71, AUC: 0.81
Epoch [67/100] [TRAIN] Loss: 0.5520, Accuracy: 74.25%, AUC: 0.83 [VAL] Loss: 0.5574, Accuracy: 71.10%, Precision: 0.64, Recall: 0.79, F1: 0.71, AUC: 0.81
Epoch [68/100] [TRAIN] Loss: 0.5519, Accuracy: 74.29%, AUC: 0.83 [VAL] Loss: 0.5570, Accuracy: 71.00%, Precision: 0.64, Recall: 0.79, F1: 0.71, AUC: 0.81
Epoch [69/100] [TRAIN] Loss: 0.5497, Accuracy: 75.00%, AUC: 0.83 [VAL] Loss: 0.5570, Accuracy: 71.10%, Precision: 0.64, Recall: 0.79, F1: 0.71, AUC: 0.81
Epoch [70/100] [TRAIN] Loss: 0.5477, Accuracy: 74.51%, AUC: 0.83 [VAL] Loss: 0.5564, Accuracy: 70.90%, Precision: 0.64, Recall: 0.79, F1: 0.71, AUC: 0.81
Epoch [71/100] [TRAIN] Loss: 0.5488, Accuracy: 74.21%, AUC: 0.83 [VAL] Loss: 0.5560, Accuracy: 70.90%, Precision: 0.64, Recall: 0.79, F1: 0.71, AUC: 0.81
Epoch [72/100] [TRAIN] Loss: 0.5480, Accuracy: 74.41%, AUC: 0.83 [VAL] Loss: 0.5557, Accuracy: 70.90%, Precision: 0.64, Recall: 0.79, F1: 0.71, AUC: 0.81
Epoch [73/100] [TRAIN] Loss: 0.5478, Accuracy: 74.76%, AUC: 0.83 [VAL] Loss: 0.5556, Accuracy: 70.90%, Precision: 0.64, Recall: 0.79, F1: 0.71, AUC: 0.81
Epoch [74/100] [TRAIN] Loss: 0.5521, Accuracy: 74.22%, AUC: 0.82 [VAL] Loss: 0.5552, Accuracy: 70.90%, Precision: 0.64, Recall: 0.79, F1: 0.71, AUC: 0.82
Epoch [75/100] [TRAIN] Loss: 0.5471, Accuracy: 74.01%, AUC: 0.83 [VAL] Loss: 0.5550, Accuracy: 70.90%, Precision: 0.64, Recall: 0.79, F1: 0.71, AUC: 0.82
Epoch [76/100] [TRAIN] Loss: 0.5449, Accuracy: 74.54%, AUC: 0.83 [VAL] Loss: 0.5550, Accuracy: 70.80%, Precision: 0.64, Recall: 0.79, F1: 0.71, AUC: 0.81
Epoch [77/100] [TRAIN] Loss: 0.5479, Accuracy: 74.45%, AUC: 0.83 [VAL] Loss: 0.5545, Accuracy: 70.80%, Precision: 0.64, Recall: 0.79, F1: 0.71, AUC: 0.82
Epoch [78/100] [TRAIN] Loss: 0.5484, Accuracy: 74.33%, AUC: 0.83 [VAL] Loss: 0.5542, Accuracy: 70.80%, Precision: 0.64, Recall: 0.79, F1: 0.71, AUC: 0.82
Epoch [79/100] [TRAIN] Loss: 0.5486, Accuracy: 74.34%, AUC: 0.83 [VAL] Loss: 0.5538, Accuracy: 70.70%, Precision: 0.64, Recall: 0.78, F1: 0.70, AUC: 0.82
Epoch [80/100] [TRAIN] Loss: 0.5497, Accuracy: 74.09%, AUC: 0.83 [VAL] Loss: 0.5534, Accuracy: 70.70%, Precision: 0.64, Recall: 0.78, F1: 0.70, AUC: 0.82
Epoch [81/100] [TRAIN] Loss: 0.5482, Accuracy: 74.66%, AUC: 0.83 [VAL] Loss: 0.5532, Accuracy: 70.70%, Precision: 0.64, Recall: 0.78, F1: 0.70, AUC: 0.82
Epoch [82/100] [TRAIN] Loss: 0.5430, Accuracy: 74.84%, AUC: 0.83 [VAL] Loss: 0.5532, Accuracy: 70.70%, Precision: 0.64, Recall: 0.78, F1: 0.70, AUC: 0.82
Epoch [83/100] [TRAIN] Loss: 0.5453, Accuracy: 74.16%, AUC: 0.83 [VAL] Loss: 0.5528, Accuracy: 70.70%, Precision: 0.64, Recall: 0.78, F1: 0.70, AUC: 0.82
Epoch [84/100] [TRAIN] Loss: 0.5458, Accuracy: 74.16%, AUC: 0.83 [VAL] Loss: 0.5524, Accuracy: 70.90%, Precision: 0.64, Recall: 0.79, F1: 0.71, AUC: 0.82
Epoch [85/100] [TRAIN] Loss: 0.5448, Accuracy: 74.44%, AUC: 0.83 [VAL] Loss: 0.5521, Accuracy: 70.70%, Precision: 0.64, Recall: 0.78, F1: 0.70, AUC: 0.82
Epoch [86/100] [TRAIN] Loss: 0.5439, Accuracy: 74.60%, AUC: 0.83 [VAL] Loss: 0.5517, Accuracy: 70.70%, Precision: 0.64, Recall: 0.78, F1: 0.70, AUC: 0.82
Epoch [87/100] [TRAIN] Loss: 0.5446, Accuracy: 74.17%, AUC: 0.83 [VAL] Loss: 0.5514, Accuracy: 70.70%, Precision: 0.64, Recall: 0.78, F1: 0.70, AUC: 0.82
Epoch [88/100] [TRAIN] Loss: 0.5446, Accuracy: 74.08%, AUC: 0.83 [VAL] Loss: 0.5507, Accuracy: 70.70%, Precision: 0.64, Recall: 0.78, F1: 0.70, AUC: 0.82
Epoch [89/100] [TRAIN] Loss: 0.5431, Accuracy: 74.65%, AUC: 0.83 [VAL] Loss: 0.5506, Accuracy: 70.50%, Precision: 0.64, Recall: 0.78, F1: 0.70, AUC: 0.82
Epoch [90/100] [TRAIN] Loss: 0.5465, Accuracy: 73.85%, AUC: 0.83 [VAL] Loss: 0.5505, Accuracy: 70.50%, Precision: 0.64, Recall: 0.78, F1: 0.70, AUC: 0.82
Epoch [91/100] [TRAIN] Loss: 0.5402, Accuracy: 74.24%, AUC: 0.83 [VAL] Loss: 0.5499, Accuracy: 70.50%, Precision: 0.64, Recall: 0.78, F1: 0.70, AUC: 0.82
Epoch [92/100] [TRAIN] Loss: 0.5408, Accuracy: 74.15%, AUC: 0.83 [VAL] Loss: 0.5496, Accuracy: 70.50%, Precision: 0.64, Recall: 0.78, F1: 0.70, AUC: 0.82
Epoch [93/100] [TRAIN] Loss: 0.5415, Accuracy: 74.42%, AUC: 0.83 [VAL] Loss: 0.5498, Accuracy: 70.60%, Precision: 0.64, Recall: 0.78, F1: 0.70, AUC: 0.82
Epoch [94/100] [TRAIN] Loss: 0.5401, Accuracy: 74.19%, AUC: 0.83 [VAL] Loss: 0.5496, Accuracy: 70.60%, Precision: 0.64, Recall: 0.78, F1: 0.70, AUC: 0.82
Epoch [95/100] [TRAIN] Loss: 0.5383, Accuracy: 75.15%, AUC: 0.83 [VAL] Loss: 0.5495, Accuracy: 70.70%, Precision: 0.64, Recall: 0.78, F1: 0.70, AUC: 0.82
Epoch [96/100] [TRAIN] Loss: 0.5390, Accuracy: 74.58%, AUC: 0.83 [VAL] Loss: 0.5491, Accuracy: 70.70%, Precision: 0.64, Recall: 0.78, F1: 0.70, AUC: 0.82
Epoch [97/100] [TRAIN] Loss: 0.5385, Accuracy: 75.19%, AUC: 0.83 [VAL] Loss: 0.5490, Accuracy: 70.70%, Precision: 0.64, Recall: 0.78, F1: 0.70, AUC: 0.82
Epoch [98/100] [TRAIN] Loss: 0.5381, Accuracy: 74.38%, AUC: 0.83 [VAL] Loss: 0.5490, Accuracy: 70.80%, Precision: 0.64, Recall: 0.79, F1: 0.71, AUC: 0.82
Epoch [99/100] [TRAIN] Loss: 0.5389, Accuracy: 75.12%, AUC: 0.83 [VAL] Loss: 0.5486, Accuracy: 70.60%, Precision: 0.64, Recall: 0.78, F1: 0.70, AUC: 0.82
Epoch [100/100] [TRAIN] Loss: 0.5406, Accuracy: 73.99%, AUC: 0.83 [VAL] Loss: 0.5485, Accuracy: 70.60%, Precision: 0.64, Recall: 0.79, F1: 0.70, AUC: 0.82
  Antisymmetry score (raw):        0.8370
  Antisymmetry score (confident):  1.0000
  Total violations:                163 / 1000
  Pairs near boundary:             248 (24.8%)
  Avg |prob-0.5| at violation:     0.0000

--- Training baselines (LogisticRegression, RandomForest, SVM) ---

  Training LogisticRegression...
  Val accuracy: 73.50%  |  Val AUC: 0.7645

  [LogisticRegression]  Accuracy: 73.10%  AUC: 0.7789  AUCPRC: 0.7347  Precision: 0.7586  Recall: 0.6430  F1: 0.6960  Antisym: 0.6920

  Training RandomForest...
  Val accuracy: 75.20%  |  Val AUC: 0.8299

  [RandomForest]  Accuracy: 74.90%  AUC: 0.8544  AUCPRC: 0.8321  Precision: 0.7727  Recall: 0.6743  F1: 0.7202  Antisym: 0.7580

  Training SVM_Linear...
  Val accuracy: 72.60%  |  Val AUC: 0.7622

  [SVM_Linear]  Accuracy: 71.90%  AUC: 0.7747  AUCPRC: 0.7267  Precision: 0.7538  Recall: 0.6138  F1: 0.6766  Antisym: 0.6860
Seed: 1011
=== DirectRanker ===
Accuracy:  72.60 %
AUC:       0.8332
AUCPRC:    0.8177
Precision: 0.6758
Recall:    0.8225
F1-Score:  0.7420
Antisymmetry score:  0.8370  (1.0 = perfect, ~0.5 = random)

Detailed Classification Report:
              precision    recall  f1-score   support

           0       0.80      0.64      0.71       521
           1       0.68      0.82      0.74       479

    accuracy                           0.73      1000
   macro avg       0.74      0.73      0.72      1000
weighted avg       0.74      0.73      0.72      1000


Confusion Matrix:
[[332 189]
 [ 85 394]]

=== LogisticRegression ===
Accuracy:  73.10 %
AUC:       0.7789
AUCPRC:    0.7347
Precision: 0.7586
Recall:    0.6430
F1-Score:  0.6960
Antisymmetry score:  0.6920
Confusion Matrix:
[[423  98]
 [171 308]]

=== RandomForest ===
Accuracy:  74.90 %
AUC:       0.8544
AUCPRC:    0.8321
Precision: 0.7727
Recall:    0.6743
F1-Score:  0.7202
Antisymmetry score:  0.7580
Confusion Matrix:
[[426  95]
 [156 323]]

=== SVM_Linear ===
Accuracy:  71.90 %
AUC:       0.7747
AUCPRC:    0.7267
Precision: 0.7538
Recall:    0.6138
F1-Score:  0.6766
Antisymmetry score:  0.6860
Confusion Matrix:
[[425  96]
 [185 294]]

Saved combined test metrics: /group/pmc021/amunif/epi-thesis/workflow/18_Pairwise Ranking HepG2 REMC/output/combined/test/012-H3K9me3-H3K27ac-seed1011-test-metrics.csv
Saved combined ROC plot: /group/pmc021/amunif/epi-thesis/workflow/18_Pairwise Ranking HepG2 REMC/output/combined/img/roc/012-H3K9me3-H3K27ac-seed1011-roc-combined.png
Saved combined PRC plot: /group/pmc021/amunif/epi-thesis/workflow/18_Pairwise Ranking HepG2 REMC/output/combined/img/prc/012-H3K9me3-H3K27ac-seed1011-prc-combined.png

Finished 012-H3K9me3-H3K27ac (seed 1011)

======================================================================
013-H3K9me3-H3K27me3
======================================================================
Train label distribution:
  Label 0:   4140 (51.7%)
  Label 1:   3860 (48.2%)
Val label distribution:
  Label 0:    553 (55.3%)
  Label 1:    447 (44.7%)
Test label distribution:
  Label 0:    521 (52.1%)
  Label 1:    479 (47.9%)
Saved label distribution: /group/pmc021/amunif/epi-thesis/workflow/18_Pairwise Ranking HepG2 REMC/output/combined/test/013-H3K9me3-H3K27me3-seed1011-label-distribution.csv

--- Training DirectRanker ---
Epoch [1/100] [TRAIN] Loss: 0.7269, Accuracy: 53.46%, AUC: 0.53 [VAL] Loss: 0.7202, Accuracy: 56.00%, Precision: 0.51, Recall: 0.59, F1: 0.55, AUC: 0.55
Epoch [2/100] [TRAIN] Loss: 0.7194, Accuracy: 54.52%, AUC: 0.55 [VAL] Loss: 0.7127, Accuracy: 57.20%, Precision: 0.52, Recall: 0.60, F1: 0.56, AUC: 0.60
Epoch [3/100] [TRAIN] Loss: 0.7127, Accuracy: 55.91%, AUC: 0.59 [VAL] Loss: 0.7077, Accuracy: 59.00%, Precision: 0.54, Recall: 0.62, F1: 0.57, AUC: 0.62
Epoch [4/100] [TRAIN] Loss: 0.7082, Accuracy: 57.81%, AUC: 0.61 [VAL] Loss: 0.7038, Accuracy: 60.30%, Precision: 0.55, Recall: 0.64, F1: 0.59, AUC: 0.63
Epoch [5/100] [TRAIN] Loss: 0.7049, Accuracy: 59.10%, AUC: 0.62 [VAL] Loss: 0.7005, Accuracy: 60.60%, Precision: 0.55, Recall: 0.65, F1: 0.59, AUC: 0.64
Epoch [6/100] [TRAIN] Loss: 0.7007, Accuracy: 59.71%, AUC: 0.63 [VAL] Loss: 0.6974, Accuracy: 61.40%, Precision: 0.56, Recall: 0.65, F1: 0.60, AUC: 0.65
Epoch [7/100] [TRAIN] Loss: 0.6961, Accuracy: 61.14%, AUC: 0.65 [VAL] Loss: 0.6945, Accuracy: 61.70%, Precision: 0.56, Recall: 0.65, F1: 0.60, AUC: 0.65
Epoch [8/100] [TRAIN] Loss: 0.6954, Accuracy: 61.04%, AUC: 0.65 [VAL] Loss: 0.6920, Accuracy: 61.80%, Precision: 0.56, Recall: 0.65, F1: 0.60, AUC: 0.65
Epoch [9/100] [TRAIN] Loss: 0.6915, Accuracy: 61.71%, AUC: 0.66 [VAL] Loss: 0.6896, Accuracy: 61.90%, Precision: 0.56, Recall: 0.65, F1: 0.60, AUC: 0.66
Epoch [10/100] [TRAIN] Loss: 0.6900, Accuracy: 61.42%, AUC: 0.66 [VAL] Loss: 0.6875, Accuracy: 62.30%, Precision: 0.57, Recall: 0.65, F1: 0.61, AUC: 0.66
Epoch [11/100] [TRAIN] Loss: 0.6871, Accuracy: 61.76%, AUC: 0.66 [VAL] Loss: 0.6856, Accuracy: 62.00%, Precision: 0.57, Recall: 0.64, F1: 0.60, AUC: 0.66
Epoch [12/100] [TRAIN] Loss: 0.6847, Accuracy: 61.98%, AUC: 0.67 [VAL] Loss: 0.6838, Accuracy: 61.60%, Precision: 0.56, Recall: 0.64, F1: 0.60, AUC: 0.66
Epoch [13/100] [TRAIN] Loss: 0.6819, Accuracy: 62.58%, AUC: 0.67 [VAL] Loss: 0.6822, Accuracy: 61.80%, Precision: 0.56, Recall: 0.64, F1: 0.60, AUC: 0.66
Epoch [14/100] [TRAIN] Loss: 0.6804, Accuracy: 62.89%, AUC: 0.67 [VAL] Loss: 0.6808, Accuracy: 61.50%, Precision: 0.56, Recall: 0.64, F1: 0.60, AUC: 0.67
Epoch [15/100] [TRAIN] Loss: 0.6778, Accuracy: 63.17%, AUC: 0.68 [VAL] Loss: 0.6796, Accuracy: 61.90%, Precision: 0.56, Recall: 0.64, F1: 0.60, AUC: 0.67
Epoch [16/100] [TRAIN] Loss: 0.6763, Accuracy: 63.11%, AUC: 0.68 [VAL] Loss: 0.6784, Accuracy: 61.80%, Precision: 0.56, Recall: 0.64, F1: 0.60, AUC: 0.67
Epoch [17/100] [TRAIN] Loss: 0.6761, Accuracy: 63.16%, AUC: 0.68 [VAL] Loss: 0.6773, Accuracy: 62.20%, Precision: 0.57, Recall: 0.65, F1: 0.61, AUC: 0.67
Epoch [18/100] [TRAIN] Loss: 0.6742, Accuracy: 63.38%, AUC: 0.68 [VAL] Loss: 0.6764, Accuracy: 62.30%, Precision: 0.57, Recall: 0.65, F1: 0.61, AUC: 0.67
Epoch [19/100] [TRAIN] Loss: 0.6734, Accuracy: 63.04%, AUC: 0.68 [VAL] Loss: 0.6756, Accuracy: 62.30%, Precision: 0.57, Recall: 0.65, F1: 0.61, AUC: 0.67
Epoch [20/100] [TRAIN] Loss: 0.6744, Accuracy: 63.21%, AUC: 0.68 [VAL] Loss: 0.6748, Accuracy: 62.40%, Precision: 0.57, Recall: 0.64, F1: 0.61, AUC: 0.67
Epoch [21/100] [TRAIN] Loss: 0.6710, Accuracy: 63.46%, AUC: 0.69 [VAL] Loss: 0.6740, Accuracy: 62.30%, Precision: 0.57, Recall: 0.65, F1: 0.61, AUC: 0.67
Epoch [22/100] [TRAIN] Loss: 0.6710, Accuracy: 63.71%, AUC: 0.69 [VAL] Loss: 0.6734, Accuracy: 62.20%, Precision: 0.57, Recall: 0.64, F1: 0.60, AUC: 0.67
Epoch [23/100] [TRAIN] Loss: 0.6712, Accuracy: 63.65%, AUC: 0.68 [VAL] Loss: 0.6728, Accuracy: 62.10%, Precision: 0.57, Recall: 0.64, F1: 0.60, AUC: 0.68
Epoch [24/100] [TRAIN] Loss: 0.6660, Accuracy: 64.31%, AUC: 0.69 [VAL] Loss: 0.6722, Accuracy: 62.10%, Precision: 0.57, Recall: 0.64, F1: 0.60, AUC: 0.68
Epoch [25/100] [TRAIN] Loss: 0.6714, Accuracy: 63.79%, AUC: 0.69 [VAL] Loss: 0.6716, Accuracy: 62.40%, Precision: 0.57, Recall: 0.64, F1: 0.60, AUC: 0.68
Epoch [26/100] [TRAIN] Loss: 0.6681, Accuracy: 64.08%, AUC: 0.69 [VAL] Loss: 0.6711, Accuracy: 62.30%, Precision: 0.57, Recall: 0.64, F1: 0.60, AUC: 0.68
Epoch [27/100] [TRAIN] Loss: 0.6647, Accuracy: 64.01%, AUC: 0.69 [VAL] Loss: 0.6705, Accuracy: 62.40%, Precision: 0.57, Recall: 0.64, F1: 0.60, AUC: 0.68
Epoch [28/100] [TRAIN] Loss: 0.6660, Accuracy: 64.00%, AUC: 0.69 [VAL] Loss: 0.6700, Accuracy: 62.50%, Precision: 0.57, Recall: 0.64, F1: 0.60, AUC: 0.68
Epoch [29/100] [TRAIN] Loss: 0.6655, Accuracy: 64.14%, AUC: 0.69 [VAL] Loss: 0.6695, Accuracy: 62.50%, Precision: 0.57, Recall: 0.64, F1: 0.60, AUC: 0.68
Epoch [30/100] [TRAIN] Loss: 0.6615, Accuracy: 64.70%, AUC: 0.70 [VAL] Loss: 0.6691, Accuracy: 62.50%, Precision: 0.57, Recall: 0.63, F1: 0.60, AUC: 0.68
Epoch [31/100] [TRAIN] Loss: 0.6642, Accuracy: 64.20%, AUC: 0.69 [VAL] Loss: 0.6686, Accuracy: 62.80%, Precision: 0.58, Recall: 0.64, F1: 0.60, AUC: 0.68
Epoch [32/100] [TRAIN] Loss: 0.6655, Accuracy: 64.12%, AUC: 0.69 [VAL] Loss: 0.6681, Accuracy: 62.80%, Precision: 0.58, Recall: 0.64, F1: 0.60, AUC: 0.68
Epoch [33/100] [TRAIN] Loss: 0.6629, Accuracy: 64.38%, AUC: 0.70 [VAL] Loss: 0.6677, Accuracy: 62.70%, Precision: 0.58, Recall: 0.63, F1: 0.60, AUC: 0.68
Epoch [34/100] [TRAIN] Loss: 0.6618, Accuracy: 64.41%, AUC: 0.70 [VAL] Loss: 0.6673, Accuracy: 62.90%, Precision: 0.58, Recall: 0.63, F1: 0.60, AUC: 0.68
Epoch [35/100] [TRAIN] Loss: 0.6605, Accuracy: 65.09%, AUC: 0.70 [VAL] Loss: 0.6669, Accuracy: 63.00%, Precision: 0.58, Recall: 0.64, F1: 0.61, AUC: 0.68
Epoch [36/100] [TRAIN] Loss: 0.6604, Accuracy: 65.05%, AUC: 0.70 [VAL] Loss: 0.6664, Accuracy: 63.10%, Precision: 0.58, Recall: 0.64, F1: 0.61, AUC: 0.68
Epoch [37/100] [TRAIN] Loss: 0.6601, Accuracy: 64.90%, AUC: 0.70 [VAL] Loss: 0.6660, Accuracy: 63.20%, Precision: 0.58, Recall: 0.64, F1: 0.61, AUC: 0.69
Epoch [38/100] [TRAIN] Loss: 0.6588, Accuracy: 64.65%, AUC: 0.70 [VAL] Loss: 0.6656, Accuracy: 63.10%, Precision: 0.58, Recall: 0.64, F1: 0.61, AUC: 0.69
Epoch [39/100] [TRAIN] Loss: 0.6598, Accuracy: 64.96%, AUC: 0.70 [VAL] Loss: 0.6652, Accuracy: 63.30%, Precision: 0.58, Recall: 0.64, F1: 0.61, AUC: 0.69
Epoch [40/100] [TRAIN] Loss: 0.6592, Accuracy: 64.71%, AUC: 0.70 [VAL] Loss: 0.6648, Accuracy: 63.40%, Precision: 0.58, Recall: 0.64, F1: 0.61, AUC: 0.69
Epoch [41/100] [TRAIN] Loss: 0.6575, Accuracy: 65.03%, AUC: 0.71 [VAL] Loss: 0.6644, Accuracy: 63.50%, Precision: 0.58, Recall: 0.64, F1: 0.61, AUC: 0.69
Epoch [42/100] [TRAIN] Loss: 0.6555, Accuracy: 64.84%, AUC: 0.71 [VAL] Loss: 0.6640, Accuracy: 63.40%, Precision: 0.58, Recall: 0.64, F1: 0.61, AUC: 0.69
Epoch [43/100] [TRAIN] Loss: 0.6575, Accuracy: 64.91%, AUC: 0.71 [VAL] Loss: 0.6636, Accuracy: 63.50%, Precision: 0.58, Recall: 0.64, F1: 0.61, AUC: 0.69
Epoch [44/100] [TRAIN] Loss: 0.6580, Accuracy: 65.06%, AUC: 0.71 [VAL] Loss: 0.6633, Accuracy: 63.50%, Precision: 0.58, Recall: 0.64, F1: 0.61, AUC: 0.69
Epoch [45/100] [TRAIN] Loss: 0.6573, Accuracy: 64.95%, AUC: 0.71 [VAL] Loss: 0.6629, Accuracy: 63.50%, Precision: 0.58, Recall: 0.64, F1: 0.61, AUC: 0.69
Epoch [46/100] [TRAIN] Loss: 0.6562, Accuracy: 65.36%, AUC: 0.71 [VAL] Loss: 0.6626, Accuracy: 63.40%, Precision: 0.58, Recall: 0.64, F1: 0.61, AUC: 0.69
Epoch [47/100] [TRAIN] Loss: 0.6581, Accuracy: 65.16%, AUC: 0.71 [VAL] Loss: 0.6622, Accuracy: 63.70%, Precision: 0.58, Recall: 0.65, F1: 0.62, AUC: 0.69
Epoch [48/100] [TRAIN] Loss: 0.6550, Accuracy: 65.20%, AUC: 0.71 [VAL] Loss: 0.6618, Accuracy: 63.80%, Precision: 0.59, Recall: 0.65, F1: 0.62, AUC: 0.69
Epoch [49/100] [TRAIN] Loss: 0.6536, Accuracy: 65.26%, AUC: 0.71 [VAL] Loss: 0.6614, Accuracy: 63.90%, Precision: 0.59, Recall: 0.65, F1: 0.62, AUC: 0.69
Epoch [50/100] [TRAIN] Loss: 0.6528, Accuracy: 65.33%, AUC: 0.71 [VAL] Loss: 0.6611, Accuracy: 64.00%, Precision: 0.59, Recall: 0.65, F1: 0.62, AUC: 0.69
Epoch [51/100] [TRAIN] Loss: 0.6543, Accuracy: 65.47%, AUC: 0.71 [VAL] Loss: 0.6607, Accuracy: 63.90%, Precision: 0.59, Recall: 0.65, F1: 0.62, AUC: 0.69
Epoch [52/100] [TRAIN] Loss: 0.6540, Accuracy: 65.55%, AUC: 0.71 [VAL] Loss: 0.6604, Accuracy: 63.90%, Precision: 0.59, Recall: 0.65, F1: 0.62, AUC: 0.69
Epoch [53/100] [TRAIN] Loss: 0.6528, Accuracy: 65.65%, AUC: 0.71 [VAL] Loss: 0.6601, Accuracy: 63.90%, Precision: 0.59, Recall: 0.65, F1: 0.62, AUC: 0.69
Epoch [54/100] [TRAIN] Loss: 0.6523, Accuracy: 65.69%, AUC: 0.71 [VAL] Loss: 0.6597, Accuracy: 63.80%, Precision: 0.59, Recall: 0.65, F1: 0.62, AUC: 0.69
Epoch [55/100] [TRAIN] Loss: 0.6539, Accuracy: 65.76%, AUC: 0.71 [VAL] Loss: 0.6594, Accuracy: 63.90%, Precision: 0.59, Recall: 0.65, F1: 0.62, AUC: 0.70
Epoch [56/100] [TRAIN] Loss: 0.6521, Accuracy: 65.74%, AUC: 0.71 [VAL] Loss: 0.6591, Accuracy: 64.00%, Precision: 0.59, Recall: 0.65, F1: 0.62, AUC: 0.70
Epoch [57/100] [TRAIN] Loss: 0.6519, Accuracy: 65.59%, AUC: 0.71 [VAL] Loss: 0.6587, Accuracy: 64.20%, Precision: 0.59, Recall: 0.66, F1: 0.62, AUC: 0.70
Epoch [58/100] [TRAIN] Loss: 0.6506, Accuracy: 65.96%, AUC: 0.72 [VAL] Loss: 0.6584, Accuracy: 64.00%, Precision: 0.59, Recall: 0.65, F1: 0.62, AUC: 0.70
Epoch [59/100] [TRAIN] Loss: 0.6524, Accuracy: 65.67%, AUC: 0.71 [VAL] Loss: 0.6581, Accuracy: 64.00%, Precision: 0.59, Recall: 0.65, F1: 0.62, AUC: 0.70
Epoch [60/100] [TRAIN] Loss: 0.6485, Accuracy: 66.10%, AUC: 0.72 [VAL] Loss: 0.6579, Accuracy: 64.20%, Precision: 0.59, Recall: 0.66, F1: 0.62, AUC: 0.70
Epoch [61/100] [TRAIN] Loss: 0.6504, Accuracy: 65.83%, AUC: 0.71 [VAL] Loss: 0.6576, Accuracy: 64.20%, Precision: 0.59, Recall: 0.66, F1: 0.62, AUC: 0.70
Epoch [62/100] [TRAIN] Loss: 0.6509, Accuracy: 65.66%, AUC: 0.71 [VAL] Loss: 0.6573, Accuracy: 64.20%, Precision: 0.59, Recall: 0.66, F1: 0.62, AUC: 0.70
Epoch [63/100] [TRAIN] Loss: 0.6493, Accuracy: 66.10%, AUC: 0.72 [VAL] Loss: 0.6570, Accuracy: 64.10%, Precision: 0.59, Recall: 0.65, F1: 0.62, AUC: 0.70
Epoch [64/100] [TRAIN] Loss: 0.6516, Accuracy: 65.86%, AUC: 0.72 [VAL] Loss: 0.6567, Accuracy: 64.10%, Precision: 0.59, Recall: 0.66, F1: 0.62, AUC: 0.70
Epoch [65/100] [TRAIN] Loss: 0.6488, Accuracy: 65.38%, AUC: 0.72 [VAL] Loss: 0.6565, Accuracy: 64.10%, Precision: 0.59, Recall: 0.66, F1: 0.62, AUC: 0.70
Epoch [66/100] [TRAIN] Loss: 0.6489, Accuracy: 65.78%, AUC: 0.72 [VAL] Loss: 0.6563, Accuracy: 64.00%, Precision: 0.59, Recall: 0.66, F1: 0.62, AUC: 0.70
Epoch [67/100] [TRAIN] Loss: 0.6490, Accuracy: 66.09%, AUC: 0.72 [VAL] Loss: 0.6560, Accuracy: 63.90%, Precision: 0.59, Recall: 0.65, F1: 0.62, AUC: 0.70
Epoch [68/100] [TRAIN] Loss: 0.6489, Accuracy: 66.19%, AUC: 0.72 [VAL] Loss: 0.6557, Accuracy: 64.00%, Precision: 0.59, Recall: 0.65, F1: 0.62, AUC: 0.70
Epoch [69/100] [TRAIN] Loss: 0.6485, Accuracy: 66.11%, AUC: 0.72 [VAL] Loss: 0.6555, Accuracy: 64.00%, Precision: 0.59, Recall: 0.65, F1: 0.62, AUC: 0.70
Epoch [70/100] [TRAIN] Loss: 0.6480, Accuracy: 66.12%, AUC: 0.72 [VAL] Loss: 0.6552, Accuracy: 64.10%, Precision: 0.59, Recall: 0.65, F1: 0.62, AUC: 0.70
Epoch [71/100] [TRAIN] Loss: 0.6495, Accuracy: 65.96%, AUC: 0.72 [VAL] Loss: 0.6549, Accuracy: 64.20%, Precision: 0.59, Recall: 0.65, F1: 0.62, AUC: 0.70
Epoch [72/100] [TRAIN] Loss: 0.6485, Accuracy: 65.64%, AUC: 0.72 [VAL] Loss: 0.6547, Accuracy: 64.20%, Precision: 0.59, Recall: 0.65, F1: 0.62, AUC: 0.70
Epoch [73/100] [TRAIN] Loss: 0.6475, Accuracy: 66.03%, AUC: 0.72 [VAL] Loss: 0.6545, Accuracy: 64.20%, Precision: 0.59, Recall: 0.65, F1: 0.62, AUC: 0.70
Epoch [74/100] [TRAIN] Loss: 0.6486, Accuracy: 65.83%, AUC: 0.72 [VAL] Loss: 0.6543, Accuracy: 64.20%, Precision: 0.59, Recall: 0.65, F1: 0.62, AUC: 0.70
Epoch [75/100] [TRAIN] Loss: 0.6485, Accuracy: 66.19%, AUC: 0.72 [VAL] Loss: 0.6540, Accuracy: 64.20%, Precision: 0.59, Recall: 0.65, F1: 0.62, AUC: 0.70
Epoch [76/100] [TRAIN] Loss: 0.6474, Accuracy: 66.20%, AUC: 0.72 [VAL] Loss: 0.6537, Accuracy: 64.20%, Precision: 0.59, Recall: 0.65, F1: 0.62, AUC: 0.70
Epoch [77/100] [TRAIN] Loss: 0.6478, Accuracy: 66.12%, AUC: 0.72 [VAL] Loss: 0.6536, Accuracy: 64.20%, Precision: 0.59, Recall: 0.65, F1: 0.62, AUC: 0.70
Epoch [78/100] [TRAIN] Loss: 0.6480, Accuracy: 66.12%, AUC: 0.72 [VAL] Loss: 0.6533, Accuracy: 64.20%, Precision: 0.59, Recall: 0.65, F1: 0.62, AUC: 0.70
Epoch [79/100] [TRAIN] Loss: 0.6458, Accuracy: 66.25%, AUC: 0.72 [VAL] Loss: 0.6531, Accuracy: 64.10%, Precision: 0.59, Recall: 0.65, F1: 0.62, AUC: 0.70
Epoch [80/100] [TRAIN] Loss: 0.6458, Accuracy: 66.35%, AUC: 0.72 [VAL] Loss: 0.6530, Accuracy: 64.20%, Precision: 0.59, Recall: 0.66, F1: 0.62, AUC: 0.70
Epoch [81/100] [TRAIN] Loss: 0.6444, Accuracy: 66.49%, AUC: 0.72 [VAL] Loss: 0.6528, Accuracy: 64.20%, Precision: 0.59, Recall: 0.66, F1: 0.62, AUC: 0.70
Epoch [82/100] [TRAIN] Loss: 0.6446, Accuracy: 66.38%, AUC: 0.72 [VAL] Loss: 0.6527, Accuracy: 64.30%, Precision: 0.59, Recall: 0.66, F1: 0.62, AUC: 0.70
Epoch [83/100] [TRAIN] Loss: 0.6457, Accuracy: 66.51%, AUC: 0.72 [VAL] Loss: 0.6525, Accuracy: 64.10%, Precision: 0.59, Recall: 0.65, F1: 0.62, AUC: 0.70
Epoch [84/100] [TRAIN] Loss: 0.6434, Accuracy: 66.44%, AUC: 0.72 [VAL] Loss: 0.6524, Accuracy: 64.40%, Precision: 0.59, Recall: 0.66, F1: 0.62, AUC: 0.70
Epoch [85/100] [TRAIN] Loss: 0.6451, Accuracy: 67.06%, AUC: 0.72 [VAL] Loss: 0.6522, Accuracy: 64.30%, Precision: 0.59, Recall: 0.66, F1: 0.62, AUC: 0.70
Epoch [86/100] [TRAIN] Loss: 0.6421, Accuracy: 66.81%, AUC: 0.73 [VAL] Loss: 0.6521, Accuracy: 64.30%, Precision: 0.59, Recall: 0.66, F1: 0.62, AUC: 0.70
Epoch [87/100] [TRAIN] Loss: 0.6454, Accuracy: 65.90%, AUC: 0.72 [VAL] Loss: 0.6519, Accuracy: 64.30%, Precision: 0.59, Recall: 0.66, F1: 0.62, AUC: 0.70
Epoch [88/100] [TRAIN] Loss: 0.6460, Accuracy: 66.47%, AUC: 0.72 [VAL] Loss: 0.6518, Accuracy: 64.40%, Precision: 0.59, Recall: 0.66, F1: 0.62, AUC: 0.70
Epoch [89/100] [TRAIN] Loss: 0.6435, Accuracy: 66.30%, AUC: 0.73 [VAL] Loss: 0.6517, Accuracy: 64.40%, Precision: 0.59, Recall: 0.66, F1: 0.62, AUC: 0.70
Epoch [90/100] [TRAIN] Loss: 0.6447, Accuracy: 66.34%, AUC: 0.72 [VAL] Loss: 0.6516, Accuracy: 64.50%, Precision: 0.59, Recall: 0.66, F1: 0.62, AUC: 0.70
Epoch [91/100] [TRAIN] Loss: 0.6418, Accuracy: 66.67%, AUC: 0.73 [VAL] Loss: 0.6514, Accuracy: 64.50%, Precision: 0.59, Recall: 0.66, F1: 0.62, AUC: 0.70
Epoch [92/100] [TRAIN] Loss: 0.6442, Accuracy: 66.70%, AUC: 0.73 [VAL] Loss: 0.6513, Accuracy: 64.50%, Precision: 0.59, Recall: 0.66, F1: 0.62, AUC: 0.70
Epoch [93/100] [TRAIN] Loss: 0.6424, Accuracy: 66.14%, AUC: 0.72 [VAL] Loss: 0.6511, Accuracy: 64.40%, Precision: 0.59, Recall: 0.66, F1: 0.62, AUC: 0.70
Epoch [94/100] [TRAIN] Loss: 0.6421, Accuracy: 66.38%, AUC: 0.73 [VAL] Loss: 0.6510, Accuracy: 64.40%, Precision: 0.59, Recall: 0.66, F1: 0.62, AUC: 0.71
Epoch [95/100] [TRAIN] Loss: 0.6454, Accuracy: 66.38%, AUC: 0.72 [VAL] Loss: 0.6508, Accuracy: 64.40%, Precision: 0.59, Recall: 0.66, F1: 0.62, AUC: 0.71
Epoch [96/100] [TRAIN] Loss: 0.6415, Accuracy: 66.86%, AUC: 0.73 [VAL] Loss: 0.6507, Accuracy: 64.30%, Precision: 0.59, Recall: 0.66, F1: 0.62, AUC: 0.71
Epoch [97/100] [TRAIN] Loss: 0.6438, Accuracy: 66.53%, AUC: 0.72 [VAL] Loss: 0.6506, Accuracy: 64.20%, Precision: 0.59, Recall: 0.66, F1: 0.62, AUC: 0.71
Epoch [98/100] [TRAIN] Loss: 0.6419, Accuracy: 66.44%, AUC: 0.73 [VAL] Loss: 0.6505, Accuracy: 64.40%, Precision: 0.59, Recall: 0.66, F1: 0.62, AUC: 0.71
Epoch [99/100] [TRAIN] Loss: 0.6425, Accuracy: 66.70%, AUC: 0.73 [VAL] Loss: 0.6504, Accuracy: 64.60%, Precision: 0.59, Recall: 0.66, F1: 0.63, AUC: 0.71
Epoch [100/100] [TRAIN] Loss: 0.6408, Accuracy: 66.95%, AUC: 0.73 [VAL] Loss: 0.6503, Accuracy: 64.90%, Precision: 0.60, Recall: 0.67, F1: 0.63, AUC: 0.71
  Antisymmetry score (raw):        0.9550
  Antisymmetry score (confident):  1.0000
  Total violations:                45 / 1000
  Pairs near boundary:             249 (24.9%)
  Avg |prob-0.5| at violation:     0.0000

--- Training baselines (LogisticRegression, RandomForest, SVM) ---

  Training LogisticRegression...
  Val accuracy: 62.70%  |  Val AUC: 0.6488

  [LogisticRegression]  Accuracy: 64.30%  AUC: 0.6903  AUCPRC: 0.6307  Precision: 0.6338  Recall: 0.6033  F1: 0.6182  Antisym: 0.7390

  Training RandomForest...
  Val accuracy: 65.80%  |  Val AUC: 0.7126

  [RandomForest]  Accuracy: 68.70%  AUC: 0.7559  AUCPRC: 0.7129  Precision: 0.6836  Recall: 0.6451  F1: 0.6638  Antisym: 0.7940

  Training SVM_Linear...
  Val accuracy: 61.30%  |  Val AUC: 0.6442

  [SVM_Linear]  Accuracy: 63.90%  AUC: 0.6851  AUCPRC: 0.6224  Precision: 0.6418  Recall: 0.5574  F1: 0.5966  Antisym: 0.7140
Seed: 1011
=== DirectRanker ===
Accuracy:  68.20 %
AUC:       0.7507
AUCPRC:    0.7247
Precision: 0.6551
Recall:    0.7098
F1-Score:  0.6814
Antisymmetry score:  0.9550  (1.0 = perfect, ~0.5 = random)

Detailed Classification Report:
              precision    recall  f1-score   support

           0       0.71      0.66      0.68       521
           1       0.66      0.71      0.68       479

    accuracy                           0.68      1000
   macro avg       0.68      0.68      0.68      1000
weighted avg       0.68      0.68      0.68      1000


Confusion Matrix:
[[342 179]
 [139 340]]

=== LogisticRegression ===
Accuracy:  64.30 %
AUC:       0.6903
AUCPRC:    0.6307
Precision: 0.6338
Recall:    0.6033
F1-Score:  0.6182
Antisymmetry score:  0.7390
Confusion Matrix:
[[354 167]
 [190 289]]

=== RandomForest ===
Accuracy:  68.70 %
AUC:       0.7559
AUCPRC:    0.7129
Precision: 0.6836
Recall:    0.6451
F1-Score:  0.6638
Antisymmetry score:  0.7940
Confusion Matrix:
[[378 143]
 [170 309]]

=== SVM_Linear ===
Accuracy:  63.90 %
AUC:       0.6851
AUCPRC:    0.6224
Precision: 0.6418
Recall:    0.5574
F1-Score:  0.5966
Antisymmetry score:  0.7140
Confusion Matrix:
[[372 149]
 [212 267]]

Saved combined test metrics: /group/pmc021/amunif/epi-thesis/workflow/18_Pairwise Ranking HepG2 REMC/output/combined/test/013-H3K9me3-H3K27me3-seed1011-test-metrics.csv
Saved combined ROC plot: /group/pmc021/amunif/epi-thesis/workflow/18_Pairwise Ranking HepG2 REMC/output/combined/img/roc/013-H3K9me3-H3K27me3-seed1011-roc-combined.png
Saved combined PRC plot: /group/pmc021/amunif/epi-thesis/workflow/18_Pairwise Ranking HepG2 REMC/output/combined/img/prc/013-H3K9me3-H3K27me3-seed1011-prc-combined.png

Finished 013-H3K9me3-H3K27me3 (seed 1011)

======================================================================
014-H3K27ac-H3K27me3
======================================================================
Train label distribution:
  Label 0:   4140 (51.7%)
  Label 1:   3860 (48.2%)
Val label distribution:
  Label 0:    553 (55.3%)
  Label 1:    447 (44.7%)
Test label distribution:
  Label 0:    521 (52.1%)
  Label 1:    479 (47.9%)
Saved label distribution: /group/pmc021/amunif/epi-thesis/workflow/18_Pairwise Ranking HepG2 REMC/output/combined/test/014-H3K27ac-H3K27me3-seed1011-label-distribution.csv

--- Training DirectRanker ---
Epoch [1/100] [TRAIN] Loss: 0.7147, Accuracy: 57.34%, AUC: 0.61 [VAL] Loss: 0.6198, Accuracy: 71.70%, Precision: 0.67, Recall: 0.73, F1: 0.70, AUC: 0.78
Epoch [2/100] [TRAIN] Loss: 0.6284, Accuracy: 70.08%, AUC: 0.77 [VAL] Loss: 0.5996, Accuracy: 72.80%, Precision: 0.68, Recall: 0.75, F1: 0.71, AUC: 0.80
Epoch [3/100] [TRAIN] Loss: 0.6131, Accuracy: 71.49%, AUC: 0.79 [VAL] Loss: 0.5951, Accuracy: 72.80%, Precision: 0.68, Recall: 0.75, F1: 0.71, AUC: 0.80
Epoch [4/100] [TRAIN] Loss: 0.6068, Accuracy: 72.21%, AUC: 0.79 [VAL] Loss: 0.5922, Accuracy: 73.00%, Precision: 0.68, Recall: 0.76, F1: 0.71, AUC: 0.80
Epoch [5/100] [TRAIN] Loss: 0.5974, Accuracy: 72.80%, AUC: 0.80 [VAL] Loss: 0.5900, Accuracy: 73.00%, Precision: 0.68, Recall: 0.76, F1: 0.71, AUC: 0.80
Epoch [6/100] [TRAIN] Loss: 0.5951, Accuracy: 72.92%, AUC: 0.80 [VAL] Loss: 0.5878, Accuracy: 73.00%, Precision: 0.68, Recall: 0.75, F1: 0.71, AUC: 0.80
Epoch [7/100] [TRAIN] Loss: 0.5952, Accuracy: 73.05%, AUC: 0.80 [VAL] Loss: 0.5863, Accuracy: 72.90%, Precision: 0.68, Recall: 0.75, F1: 0.71, AUC: 0.80
Epoch [8/100] [TRAIN] Loss: 0.5883, Accuracy: 73.20%, AUC: 0.80 [VAL] Loss: 0.5853, Accuracy: 73.10%, Precision: 0.68, Recall: 0.75, F1: 0.71, AUC: 0.80
Epoch [9/100] [TRAIN] Loss: 0.5926, Accuracy: 73.42%, AUC: 0.80 [VAL] Loss: 0.5838, Accuracy: 73.00%, Precision: 0.68, Recall: 0.75, F1: 0.71, AUC: 0.80
Epoch [10/100] [TRAIN] Loss: 0.5859, Accuracy: 73.15%, AUC: 0.80 [VAL] Loss: 0.5830, Accuracy: 73.00%, Precision: 0.68, Recall: 0.75, F1: 0.71, AUC: 0.80
Epoch [11/100] [TRAIN] Loss: 0.5855, Accuracy: 72.78%, AUC: 0.80 [VAL] Loss: 0.5815, Accuracy: 73.10%, Precision: 0.68, Recall: 0.75, F1: 0.71, AUC: 0.80
Epoch [12/100] [TRAIN] Loss: 0.5848, Accuracy: 72.86%, AUC: 0.80 [VAL] Loss: 0.5807, Accuracy: 73.10%, Precision: 0.68, Recall: 0.75, F1: 0.71, AUC: 0.80
Epoch [13/100] [TRAIN] Loss: 0.5831, Accuracy: 72.47%, AUC: 0.80 [VAL] Loss: 0.5801, Accuracy: 73.30%, Precision: 0.68, Recall: 0.76, F1: 0.72, AUC: 0.80
Epoch [14/100] [TRAIN] Loss: 0.5851, Accuracy: 72.92%, AUC: 0.80 [VAL] Loss: 0.5792, Accuracy: 73.30%, Precision: 0.68, Recall: 0.76, F1: 0.72, AUC: 0.80
Epoch [15/100] [TRAIN] Loss: 0.5809, Accuracy: 73.15%, AUC: 0.81 [VAL] Loss: 0.5784, Accuracy: 73.40%, Precision: 0.68, Recall: 0.76, F1: 0.72, AUC: 0.80
Epoch [16/100] [TRAIN] Loss: 0.5800, Accuracy: 73.29%, AUC: 0.81 [VAL] Loss: 0.5776, Accuracy: 73.50%, Precision: 0.68, Recall: 0.76, F1: 0.72, AUC: 0.80
Epoch [17/100] [TRAIN] Loss: 0.5785, Accuracy: 73.15%, AUC: 0.81 [VAL] Loss: 0.5771, Accuracy: 73.50%, Precision: 0.68, Recall: 0.76, F1: 0.72, AUC: 0.80
Epoch [18/100] [TRAIN] Loss: 0.5787, Accuracy: 72.90%, AUC: 0.81 [VAL] Loss: 0.5765, Accuracy: 73.50%, Precision: 0.68, Recall: 0.76, F1: 0.72, AUC: 0.80
Epoch [19/100] [TRAIN] Loss: 0.5780, Accuracy: 73.16%, AUC: 0.81 [VAL] Loss: 0.5761, Accuracy: 73.50%, Precision: 0.68, Recall: 0.76, F1: 0.72, AUC: 0.80
Epoch [20/100] [TRAIN] Loss: 0.5770, Accuracy: 73.45%, AUC: 0.81 [VAL] Loss: 0.5755, Accuracy: 73.50%, Precision: 0.68, Recall: 0.76, F1: 0.72, AUC: 0.81
Epoch [21/100] [TRAIN] Loss: 0.5772, Accuracy: 73.44%, AUC: 0.81 [VAL] Loss: 0.5751, Accuracy: 73.50%, Precision: 0.68, Recall: 0.76, F1: 0.72, AUC: 0.81
Epoch [22/100] [TRAIN] Loss: 0.5752, Accuracy: 73.61%, AUC: 0.81 [VAL] Loss: 0.5748, Accuracy: 73.40%, Precision: 0.68, Recall: 0.76, F1: 0.72, AUC: 0.81
Epoch [23/100] [TRAIN] Loss: 0.5727, Accuracy: 72.90%, AUC: 0.81 [VAL] Loss: 0.5743, Accuracy: 73.60%, Precision: 0.68, Recall: 0.76, F1: 0.72, AUC: 0.81
Epoch [24/100] [TRAIN] Loss: 0.5711, Accuracy: 73.35%, AUC: 0.81 [VAL] Loss: 0.5739, Accuracy: 73.50%, Precision: 0.68, Recall: 0.76, F1: 0.72, AUC: 0.81
Epoch [25/100] [TRAIN] Loss: 0.5737, Accuracy: 73.29%, AUC: 0.81 [VAL] Loss: 0.5731, Accuracy: 73.50%, Precision: 0.68, Recall: 0.76, F1: 0.72, AUC: 0.81
Epoch [26/100] [TRAIN] Loss: 0.5701, Accuracy: 73.64%, AUC: 0.81 [VAL] Loss: 0.5725, Accuracy: 73.60%, Precision: 0.68, Recall: 0.76, F1: 0.72, AUC: 0.81
Epoch [27/100] [TRAIN] Loss: 0.5672, Accuracy: 73.50%, AUC: 0.81 [VAL] Loss: 0.5721, Accuracy: 73.70%, Precision: 0.69, Recall: 0.76, F1: 0.72, AUC: 0.81
Epoch [28/100] [TRAIN] Loss: 0.5689, Accuracy: 73.89%, AUC: 0.81 [VAL] Loss: 0.5717, Accuracy: 73.90%, Precision: 0.69, Recall: 0.76, F1: 0.72, AUC: 0.81
Epoch [29/100] [TRAIN] Loss: 0.5716, Accuracy: 73.40%, AUC: 0.81 [VAL] Loss: 0.5714, Accuracy: 73.70%, Precision: 0.69, Recall: 0.76, F1: 0.72, AUC: 0.81
Epoch [30/100] [TRAIN] Loss: 0.5677, Accuracy: 73.08%, AUC: 0.81 [VAL] Loss: 0.5713, Accuracy: 73.80%, Precision: 0.69, Recall: 0.76, F1: 0.72, AUC: 0.81
Epoch [31/100] [TRAIN] Loss: 0.5678, Accuracy: 73.61%, AUC: 0.81 [VAL] Loss: 0.5710, Accuracy: 73.80%, Precision: 0.69, Recall: 0.76, F1: 0.72, AUC: 0.81
Epoch [32/100] [TRAIN] Loss: 0.5659, Accuracy: 73.50%, AUC: 0.81 [VAL] Loss: 0.5706, Accuracy: 73.70%, Precision: 0.69, Recall: 0.76, F1: 0.72, AUC: 0.81
Epoch [33/100] [TRAIN] Loss: 0.5667, Accuracy: 73.29%, AUC: 0.81 [VAL] Loss: 0.5703, Accuracy: 73.80%, Precision: 0.69, Recall: 0.76, F1: 0.72, AUC: 0.81
Epoch [34/100] [TRAIN] Loss: 0.5697, Accuracy: 73.62%, AUC: 0.81 [VAL] Loss: 0.5698, Accuracy: 73.90%, Precision: 0.69, Recall: 0.76, F1: 0.72, AUC: 0.81
Epoch [35/100] [TRAIN] Loss: 0.5650, Accuracy: 73.39%, AUC: 0.81 [VAL] Loss: 0.5692, Accuracy: 73.80%, Precision: 0.69, Recall: 0.76, F1: 0.72, AUC: 0.81
Epoch [36/100] [TRAIN] Loss: 0.5655, Accuracy: 74.10%, AUC: 0.82 [VAL] Loss: 0.5687, Accuracy: 73.80%, Precision: 0.69, Recall: 0.76, F1: 0.72, AUC: 0.81
Epoch [37/100] [TRAIN] Loss: 0.5632, Accuracy: 73.79%, AUC: 0.82 [VAL] Loss: 0.5682, Accuracy: 73.90%, Precision: 0.69, Recall: 0.76, F1: 0.72, AUC: 0.81
Epoch [38/100] [TRAIN] Loss: 0.5614, Accuracy: 73.67%, AUC: 0.82 [VAL] Loss: 0.5683, Accuracy: 73.90%, Precision: 0.69, Recall: 0.76, F1: 0.72, AUC: 0.81
Epoch [39/100] [TRAIN] Loss: 0.5653, Accuracy: 73.76%, AUC: 0.81 [VAL] Loss: 0.5677, Accuracy: 73.90%, Precision: 0.69, Recall: 0.76, F1: 0.72, AUC: 0.81
Epoch [40/100] [TRAIN] Loss: 0.5633, Accuracy: 73.62%, AUC: 0.82 [VAL] Loss: 0.5672, Accuracy: 73.80%, Precision: 0.69, Recall: 0.75, F1: 0.72, AUC: 0.81
Epoch [41/100] [TRAIN] Loss: 0.5636, Accuracy: 73.94%, AUC: 0.82 [VAL] Loss: 0.5664, Accuracy: 73.80%, Precision: 0.69, Recall: 0.75, F1: 0.72, AUC: 0.81
Epoch [42/100] [TRAIN] Loss: 0.5644, Accuracy: 73.49%, AUC: 0.82 [VAL] Loss: 0.5660, Accuracy: 73.80%, Precision: 0.69, Recall: 0.75, F1: 0.72, AUC: 0.81
Epoch [43/100] [TRAIN] Loss: 0.5585, Accuracy: 74.17%, AUC: 0.82 [VAL] Loss: 0.5659, Accuracy: 73.80%, Precision: 0.69, Recall: 0.76, F1: 0.72, AUC: 0.81
Epoch [44/100] [TRAIN] Loss: 0.5628, Accuracy: 73.65%, AUC: 0.81 [VAL] Loss: 0.5657, Accuracy: 73.70%, Precision: 0.69, Recall: 0.75, F1: 0.72, AUC: 0.81
Epoch [45/100] [TRAIN] Loss: 0.5603, Accuracy: 73.75%, AUC: 0.82 [VAL] Loss: 0.5652, Accuracy: 73.60%, Precision: 0.69, Recall: 0.76, F1: 0.72, AUC: 0.81
Epoch [46/100] [TRAIN] Loss: 0.5596, Accuracy: 73.95%, AUC: 0.82 [VAL] Loss: 0.5650, Accuracy: 73.60%, Precision: 0.69, Recall: 0.76, F1: 0.72, AUC: 0.81
Epoch [47/100] [TRAIN] Loss: 0.5620, Accuracy: 73.56%, AUC: 0.82 [VAL] Loss: 0.5650, Accuracy: 73.40%, Precision: 0.68, Recall: 0.75, F1: 0.72, AUC: 0.81
Epoch [48/100] [TRAIN] Loss: 0.5597, Accuracy: 73.81%, AUC: 0.82 [VAL] Loss: 0.5645, Accuracy: 73.40%, Precision: 0.68, Recall: 0.75, F1: 0.72, AUC: 0.81
Epoch [49/100] [TRAIN] Loss: 0.5582, Accuracy: 73.61%, AUC: 0.82 [VAL] Loss: 0.5643, Accuracy: 73.40%, Precision: 0.68, Recall: 0.75, F1: 0.72, AUC: 0.81
Epoch [50/100] [TRAIN] Loss: 0.5593, Accuracy: 73.79%, AUC: 0.82 [VAL] Loss: 0.5639, Accuracy: 73.50%, Precision: 0.68, Recall: 0.75, F1: 0.72, AUC: 0.81
Epoch [51/100] [TRAIN] Loss: 0.5606, Accuracy: 73.62%, AUC: 0.82 [VAL] Loss: 0.5637, Accuracy: 73.50%, Precision: 0.68, Recall: 0.75, F1: 0.72, AUC: 0.81
Epoch [52/100] [TRAIN] Loss: 0.5577, Accuracy: 73.91%, AUC: 0.82 [VAL] Loss: 0.5631, Accuracy: 73.80%, Precision: 0.69, Recall: 0.76, F1: 0.72, AUC: 0.81
Epoch [53/100] [TRAIN] Loss: 0.5569, Accuracy: 73.72%, AUC: 0.82 [VAL] Loss: 0.5629, Accuracy: 73.60%, Precision: 0.69, Recall: 0.75, F1: 0.72, AUC: 0.81
Epoch [54/100] [TRAIN] Loss: 0.5565, Accuracy: 73.74%, AUC: 0.82 [VAL] Loss: 0.5628, Accuracy: 73.60%, Precision: 0.69, Recall: 0.75, F1: 0.72, AUC: 0.81
Epoch [55/100] [TRAIN] Loss: 0.5567, Accuracy: 74.26%, AUC: 0.82 [VAL] Loss: 0.5626, Accuracy: 73.40%, Precision: 0.69, Recall: 0.75, F1: 0.72, AUC: 0.81
Epoch [56/100] [TRAIN] Loss: 0.5549, Accuracy: 73.80%, AUC: 0.82 [VAL] Loss: 0.5622, Accuracy: 73.40%, Precision: 0.69, Recall: 0.75, F1: 0.72, AUC: 0.81
Epoch [57/100] [TRAIN] Loss: 0.5548, Accuracy: 73.83%, AUC: 0.82 [VAL] Loss: 0.5620, Accuracy: 73.20%, Precision: 0.68, Recall: 0.75, F1: 0.71, AUC: 0.81
Epoch [58/100] [TRAIN] Loss: 0.5561, Accuracy: 73.92%, AUC: 0.82 [VAL] Loss: 0.5616, Accuracy: 73.30%, Precision: 0.68, Recall: 0.75, F1: 0.72, AUC: 0.81
Epoch [59/100] [TRAIN] Loss: 0.5519, Accuracy: 74.39%, AUC: 0.82 [VAL] Loss: 0.5612, Accuracy: 73.20%, Precision: 0.68, Recall: 0.75, F1: 0.71, AUC: 0.81
Epoch [60/100] [TRAIN] Loss: 0.5500, Accuracy: 74.22%, AUC: 0.82 [VAL] Loss: 0.5608, Accuracy: 73.20%, Precision: 0.68, Recall: 0.75, F1: 0.71, AUC: 0.81
Epoch [61/100] [TRAIN] Loss: 0.5533, Accuracy: 74.16%, AUC: 0.82 [VAL] Loss: 0.5605, Accuracy: 73.30%, Precision: 0.68, Recall: 0.75, F1: 0.72, AUC: 0.81
Epoch [62/100] [TRAIN] Loss: 0.5539, Accuracy: 74.45%, AUC: 0.82 [VAL] Loss: 0.5601, Accuracy: 73.10%, Precision: 0.68, Recall: 0.75, F1: 0.71, AUC: 0.81
Epoch [63/100] [TRAIN] Loss: 0.5513, Accuracy: 74.09%, AUC: 0.82 [VAL] Loss: 0.5598, Accuracy: 73.00%, Precision: 0.68, Recall: 0.75, F1: 0.71, AUC: 0.81
Epoch [64/100] [TRAIN] Loss: 0.5470, Accuracy: 74.34%, AUC: 0.83 [VAL] Loss: 0.5594, Accuracy: 72.80%, Precision: 0.68, Recall: 0.75, F1: 0.71, AUC: 0.81
Epoch [65/100] [TRAIN] Loss: 0.5518, Accuracy: 74.05%, AUC: 0.82 [VAL] Loss: 0.5590, Accuracy: 73.00%, Precision: 0.68, Recall: 0.75, F1: 0.71, AUC: 0.81
Epoch [66/100] [TRAIN] Loss: 0.5463, Accuracy: 74.59%, AUC: 0.83 [VAL] Loss: 0.5587, Accuracy: 73.00%, Precision: 0.68, Recall: 0.75, F1: 0.71, AUC: 0.81
Epoch [67/100] [TRAIN] Loss: 0.5516, Accuracy: 73.71%, AUC: 0.82 [VAL] Loss: 0.5584, Accuracy: 72.90%, Precision: 0.68, Recall: 0.75, F1: 0.71, AUC: 0.81
Epoch [68/100] [TRAIN] Loss: 0.5471, Accuracy: 74.16%, AUC: 0.83 [VAL] Loss: 0.5582, Accuracy: 72.90%, Precision: 0.68, Recall: 0.75, F1: 0.71, AUC: 0.81
Epoch [69/100] [TRAIN] Loss: 0.5462, Accuracy: 74.46%, AUC: 0.83 [VAL] Loss: 0.5583, Accuracy: 73.10%, Precision: 0.68, Recall: 0.75, F1: 0.71, AUC: 0.81
Epoch [70/100] [TRAIN] Loss: 0.5508, Accuracy: 73.94%, AUC: 0.82 [VAL] Loss: 0.5580, Accuracy: 73.10%, Precision: 0.68, Recall: 0.74, F1: 0.71, AUC: 0.81
Epoch [71/100] [TRAIN] Loss: 0.5458, Accuracy: 74.44%, AUC: 0.83 [VAL] Loss: 0.5576, Accuracy: 72.90%, Precision: 0.68, Recall: 0.74, F1: 0.71, AUC: 0.81
Epoch [72/100] [TRAIN] Loss: 0.5474, Accuracy: 73.75%, AUC: 0.82 [VAL] Loss: 0.5572, Accuracy: 72.80%, Precision: 0.68, Recall: 0.74, F1: 0.71, AUC: 0.81
Epoch [73/100] [TRAIN] Loss: 0.5470, Accuracy: 74.15%, AUC: 0.82 [VAL] Loss: 0.5569, Accuracy: 72.70%, Precision: 0.68, Recall: 0.74, F1: 0.71, AUC: 0.81
Epoch [74/100] [TRAIN] Loss: 0.5481, Accuracy: 74.15%, AUC: 0.82 [VAL] Loss: 0.5564, Accuracy: 72.70%, Precision: 0.68, Recall: 0.74, F1: 0.71, AUC: 0.81
Epoch [75/100] [TRAIN] Loss: 0.5470, Accuracy: 74.20%, AUC: 0.83 [VAL] Loss: 0.5560, Accuracy: 72.60%, Precision: 0.68, Recall: 0.74, F1: 0.71, AUC: 0.81
Epoch [76/100] [TRAIN] Loss: 0.5466, Accuracy: 74.28%, AUC: 0.83 [VAL] Loss: 0.5559, Accuracy: 72.60%, Precision: 0.68, Recall: 0.74, F1: 0.71, AUC: 0.81
Epoch [77/100] [TRAIN] Loss: 0.5435, Accuracy: 74.55%, AUC: 0.83 [VAL] Loss: 0.5559, Accuracy: 72.80%, Precision: 0.68, Recall: 0.74, F1: 0.71, AUC: 0.81
Epoch [78/100] [TRAIN] Loss: 0.5412, Accuracy: 74.86%, AUC: 0.83 [VAL] Loss: 0.5556, Accuracy: 72.80%, Precision: 0.68, Recall: 0.74, F1: 0.71, AUC: 0.81
Epoch [79/100] [TRAIN] Loss: 0.5454, Accuracy: 74.35%, AUC: 0.83 [VAL] Loss: 0.5553, Accuracy: 72.80%, Precision: 0.68, Recall: 0.74, F1: 0.71, AUC: 0.82
Epoch [80/100] [TRAIN] Loss: 0.5461, Accuracy: 74.00%, AUC: 0.82 [VAL] Loss: 0.5550, Accuracy: 72.60%, Precision: 0.68, Recall: 0.74, F1: 0.71, AUC: 0.82
Epoch [81/100] [TRAIN] Loss: 0.5463, Accuracy: 73.99%, AUC: 0.83 [VAL] Loss: 0.5549, Accuracy: 72.80%, Precision: 0.68, Recall: 0.73, F1: 0.71, AUC: 0.82
Epoch [82/100] [TRAIN] Loss: 0.5443, Accuracy: 74.45%, AUC: 0.83 [VAL] Loss: 0.5545, Accuracy: 72.50%, Precision: 0.68, Recall: 0.73, F1: 0.70, AUC: 0.82
Epoch [83/100] [TRAIN] Loss: 0.5426, Accuracy: 74.30%, AUC: 0.83 [VAL] Loss: 0.5544, Accuracy: 72.50%, Precision: 0.68, Recall: 0.73, F1: 0.70, AUC: 0.82
Epoch [84/100] [TRAIN] Loss: 0.5436, Accuracy: 74.25%, AUC: 0.83 [VAL] Loss: 0.5543, Accuracy: 72.60%, Precision: 0.68, Recall: 0.73, F1: 0.70, AUC: 0.82
Epoch [85/100] [TRAIN] Loss: 0.5407, Accuracy: 74.41%, AUC: 0.83 [VAL] Loss: 0.5540, Accuracy: 72.50%, Precision: 0.68, Recall: 0.73, F1: 0.70, AUC: 0.82
Epoch [86/100] [TRAIN] Loss: 0.5409, Accuracy: 74.29%, AUC: 0.83 [VAL] Loss: 0.5537, Accuracy: 72.50%, Precision: 0.68, Recall: 0.73, F1: 0.70, AUC: 0.82
Epoch [87/100] [TRAIN] Loss: 0.5391, Accuracy: 74.34%, AUC: 0.83 [VAL] Loss: 0.5534, Accuracy: 72.40%, Precision: 0.68, Recall: 0.73, F1: 0.70, AUC: 0.82
Epoch [88/100] [TRAIN] Loss: 0.5418, Accuracy: 74.22%, AUC: 0.83 [VAL] Loss: 0.5532, Accuracy: 72.40%, Precision: 0.68, Recall: 0.73, F1: 0.70, AUC: 0.82
Epoch [89/100] [TRAIN] Loss: 0.5397, Accuracy: 74.51%, AUC: 0.83 [VAL] Loss: 0.5532, Accuracy: 72.60%, Precision: 0.68, Recall: 0.73, F1: 0.70, AUC: 0.82
Epoch [90/100] [TRAIN] Loss: 0.5421, Accuracy: 74.58%, AUC: 0.83 [VAL] Loss: 0.5527, Accuracy: 72.60%, Precision: 0.68, Recall: 0.73, F1: 0.70, AUC: 0.82
Epoch [91/100] [TRAIN] Loss: 0.5402, Accuracy: 74.55%, AUC: 0.83 [VAL] Loss: 0.5525, Accuracy: 72.40%, Precision: 0.68, Recall: 0.72, F1: 0.70, AUC: 0.82
Epoch [92/100] [TRAIN] Loss: 0.5391, Accuracy: 74.25%, AUC: 0.83 [VAL] Loss: 0.5524, Accuracy: 72.50%, Precision: 0.68, Recall: 0.73, F1: 0.70, AUC: 0.82
Epoch [93/100] [TRAIN] Loss: 0.5394, Accuracy: 74.55%, AUC: 0.83 [VAL] Loss: 0.5523, Accuracy: 72.40%, Precision: 0.68, Recall: 0.72, F1: 0.70, AUC: 0.82
Epoch [94/100] [TRAIN] Loss: 0.5356, Accuracy: 74.91%, AUC: 0.83 [VAL] Loss: 0.5522, Accuracy: 72.40%, Precision: 0.68, Recall: 0.72, F1: 0.70, AUC: 0.82
Epoch [95/100] [TRAIN] Loss: 0.5365, Accuracy: 74.67%, AUC: 0.83 [VAL] Loss: 0.5519, Accuracy: 72.40%, Precision: 0.68, Recall: 0.72, F1: 0.70, AUC: 0.82
Epoch [96/100] [TRAIN] Loss: 0.5348, Accuracy: 75.31%, AUC: 0.83 [VAL] Loss: 0.5515, Accuracy: 72.40%, Precision: 0.68, Recall: 0.72, F1: 0.70, AUC: 0.82
Epoch [97/100] [TRAIN] Loss: 0.5365, Accuracy: 74.31%, AUC: 0.83 [VAL] Loss: 0.5514, Accuracy: 72.30%, Precision: 0.68, Recall: 0.72, F1: 0.70, AUC: 0.82
Epoch [98/100] [TRAIN] Loss: 0.5388, Accuracy: 73.70%, AUC: 0.83 [VAL] Loss: 0.5512, Accuracy: 72.60%, Precision: 0.68, Recall: 0.73, F1: 0.70, AUC: 0.82
Epoch [99/100] [TRAIN] Loss: 0.5378, Accuracy: 74.49%, AUC: 0.83 [VAL] Loss: 0.5509, Accuracy: 72.40%, Precision: 0.68, Recall: 0.72, F1: 0.70, AUC: 0.82
Epoch [100/100] [TRAIN] Loss: 0.5343, Accuracy: 74.74%, AUC: 0.84 [VAL] Loss: 0.5504, Accuracy: 72.50%, Precision: 0.68, Recall: 0.73, F1: 0.70, AUC: 0.82
  Antisymmetry score (raw):        0.9580
  Antisymmetry score (confident):  1.0000
  Total violations:                42 / 1000
  Pairs near boundary:             196 (19.6%)
  Avg |prob-0.5| at violation:     0.0000

--- Training baselines (LogisticRegression, RandomForest, SVM) ---

  Training LogisticRegression...
  Val accuracy: 70.60%  |  Val AUC: 0.7719

  [LogisticRegression]  Accuracy: 71.90%  AUC: 0.7895  AUCPRC: 0.7629  Precision: 0.7281  Recall: 0.6597  F1: 0.6922  Antisym: 0.7550

  Training RandomForest...
  Val accuracy: 74.80%  |  Val AUC: 0.8241

  [RandomForest]  Accuracy: 74.30%  AUC: 0.8447  AUCPRC: 0.8359  Precision: 0.7721  Recall: 0.6576  F1: 0.7103  Antisym: 0.7500

  Training SVM_Linear...
  Val accuracy: 69.90%  |  Val AUC: 0.7712

  [SVM_Linear]  Accuracy: 72.30%  AUC: 0.7900  AUCPRC: 0.7665  Precision: 0.7405  Recall: 0.6493  F1: 0.6919  Antisym: 0.7510
Seed: 1011
=== DirectRanker ===
Accuracy:  74.20 %
AUC:       0.8351
AUCPRC:    0.8376
Precision: 0.7171
Recall:    0.7620
F1-Score:  0.7389
Antisymmetry score:  0.9580  (1.0 = perfect, ~0.5 = random)

Detailed Classification Report:
              precision    recall  f1-score   support

           0       0.77      0.72      0.75       521
           1       0.72      0.76      0.74       479

    accuracy                           0.74      1000
   macro avg       0.74      0.74      0.74      1000
weighted avg       0.74      0.74      0.74      1000


Confusion Matrix:
[[377 144]
 [114 365]]

=== LogisticRegression ===
Accuracy:  71.90 %
AUC:       0.7895
AUCPRC:    0.7629
Precision: 0.7281
Recall:    0.6597
F1-Score:  0.6922
Antisymmetry score:  0.7550
Confusion Matrix:
[[403 118]
 [163 316]]

=== RandomForest ===
Accuracy:  74.30 %
AUC:       0.8447
AUCPRC:    0.8359
Precision: 0.7721
Recall:    0.6576
F1-Score:  0.7103
Antisymmetry score:  0.7500
Confusion Matrix:
[[428  93]
 [164 315]]

=== SVM_Linear ===
Accuracy:  72.30 %
AUC:       0.7900
AUCPRC:    0.7665
Precision: 0.7405
Recall:    0.6493
F1-Score:  0.6919
Antisymmetry score:  0.7510
Confusion Matrix:
[[412 109]
 [168 311]]

Saved combined test metrics: /group/pmc021/amunif/epi-thesis/workflow/18_Pairwise Ranking HepG2 REMC/output/combined/test/014-H3K27ac-H3K27me3-seed1011-test-metrics.csv
Saved combined ROC plot: /group/pmc021/amunif/epi-thesis/workflow/18_Pairwise Ranking HepG2 REMC/output/combined/img/roc/014-H3K27ac-H3K27me3-seed1011-roc-combined.png
Saved combined PRC plot: /group/pmc021/amunif/epi-thesis/workflow/18_Pairwise Ranking HepG2 REMC/output/combined/img/prc/014-H3K27ac-H3K27me3-seed1011-prc-combined.png

Finished 014-H3K27ac-H3K27me3 (seed 1011)

======================================================================
015-H3K4me3-H3K9ac-H3K9me3
======================================================================
Train label distribution:
  Label 0:   4140 (51.7%)
  Label 1:   3860 (48.2%)
Val label distribution:
  Label 0:    553 (55.3%)
  Label 1:    447 (44.7%)
Test label distribution:
  Label 0:    521 (52.1%)
  Label 1:    479 (47.9%)
Saved label distribution: /group/pmc021/amunif/epi-thesis/workflow/18_Pairwise Ranking HepG2 REMC/output/combined/test/015-H3K4me3-H3K9ac-H3K9me3-seed1011-label-distribution.csv

--- Training DirectRanker ---
Epoch [1/100] [TRAIN] Loss: 0.6044, Accuracy: 71.84%, AUC: 0.79 [VAL] Loss: 0.5166, Accuracy: 76.60%, Precision: 0.72, Recall: 0.79, F1: 0.75, AUC: 0.85
Epoch [2/100] [TRAIN] Loss: 0.5700, Accuracy: 73.92%, AUC: 0.82 [VAL] Loss: 0.5120, Accuracy: 77.20%, Precision: 0.72, Recall: 0.79, F1: 0.76, AUC: 0.85
Epoch [3/100] [TRAIN] Loss: 0.5591, Accuracy: 74.30%, AUC: 0.82 [VAL] Loss: 0.5084, Accuracy: 77.40%, Precision: 0.73, Recall: 0.80, F1: 0.76, AUC: 0.86
Epoch [4/100] [TRAIN] Loss: 0.5539, Accuracy: 75.08%, AUC: 0.83 [VAL] Loss: 0.5116, Accuracy: 77.40%, Precision: 0.72, Recall: 0.80, F1: 0.76, AUC: 0.86
Epoch [5/100] [TRAIN] Loss: 0.5498, Accuracy: 74.39%, AUC: 0.83 [VAL] Loss: 0.5066, Accuracy: 77.30%, Precision: 0.72, Recall: 0.81, F1: 0.76, AUC: 0.86
Epoch [6/100] [TRAIN] Loss: 0.5397, Accuracy: 75.26%, AUC: 0.83 [VAL] Loss: 0.5055, Accuracy: 76.90%, Precision: 0.71, Recall: 0.81, F1: 0.76, AUC: 0.86
Epoch [7/100] [TRAIN] Loss: 0.5430, Accuracy: 74.94%, AUC: 0.83 [VAL] Loss: 0.5064, Accuracy: 76.80%, Precision: 0.71, Recall: 0.81, F1: 0.76, AUC: 0.86
Epoch [8/100] [TRAIN] Loss: 0.5392, Accuracy: 75.05%, AUC: 0.83 [VAL] Loss: 0.5057, Accuracy: 77.10%, Precision: 0.72, Recall: 0.81, F1: 0.76, AUC: 0.86
Epoch [9/100] [TRAIN] Loss: 0.5371, Accuracy: 75.38%, AUC: 0.84 [VAL] Loss: 0.5059, Accuracy: 77.00%, Precision: 0.71, Recall: 0.81, F1: 0.76, AUC: 0.86
Epoch [10/100] [TRAIN] Loss: 0.5362, Accuracy: 75.34%, AUC: 0.84 [VAL] Loss: 0.5040, Accuracy: 77.10%, Precision: 0.72, Recall: 0.81, F1: 0.76, AUC: 0.86
Epoch [11/100] [TRAIN] Loss: 0.5367, Accuracy: 74.83%, AUC: 0.83 [VAL] Loss: 0.5047, Accuracy: 77.10%, Precision: 0.71, Recall: 0.81, F1: 0.76, AUC: 0.86
Epoch [12/100] [TRAIN] Loss: 0.5311, Accuracy: 75.17%, AUC: 0.84 [VAL] Loss: 0.5031, Accuracy: 77.00%, Precision: 0.71, Recall: 0.81, F1: 0.76, AUC: 0.86
Epoch [13/100] [TRAIN] Loss: 0.5323, Accuracy: 74.84%, AUC: 0.84 [VAL] Loss: 0.5027, Accuracy: 77.10%, Precision: 0.71, Recall: 0.81, F1: 0.76, AUC: 0.86
Epoch [14/100] [TRAIN] Loss: 0.5317, Accuracy: 75.45%, AUC: 0.84 [VAL] Loss: 0.5031, Accuracy: 77.20%, Precision: 0.72, Recall: 0.81, F1: 0.76, AUC: 0.86
Epoch [15/100] [TRAIN] Loss: 0.5295, Accuracy: 75.25%, AUC: 0.84 [VAL] Loss: 0.5037, Accuracy: 77.10%, Precision: 0.71, Recall: 0.81, F1: 0.76, AUC: 0.86
Epoch [16/100] [TRAIN] Loss: 0.5300, Accuracy: 75.74%, AUC: 0.84 [VAL] Loss: 0.5033, Accuracy: 77.20%, Precision: 0.72, Recall: 0.81, F1: 0.76, AUC: 0.86
Epoch [17/100] [TRAIN] Loss: 0.5311, Accuracy: 75.49%, AUC: 0.84 [VAL] Loss: 0.5044, Accuracy: 77.00%, Precision: 0.71, Recall: 0.81, F1: 0.76, AUC: 0.86
Epoch [18/100] [TRAIN] Loss: 0.5293, Accuracy: 75.51%, AUC: 0.84 [VAL] Loss: 0.5061, Accuracy: 76.90%, Precision: 0.71, Recall: 0.81, F1: 0.76, AUC: 0.86
Epoch [19/100] [TRAIN] Loss: 0.5317, Accuracy: 75.47%, AUC: 0.84 [VAL] Loss: 0.5041, Accuracy: 76.90%, Precision: 0.71, Recall: 0.81, F1: 0.76, AUC: 0.86
Epoch [20/100] [TRAIN] Loss: 0.5261, Accuracy: 75.80%, AUC: 0.84 [VAL] Loss: 0.5038, Accuracy: 76.90%, Precision: 0.71, Recall: 0.81, F1: 0.76, AUC: 0.86
Epoch [21/100] [TRAIN] Loss: 0.5287, Accuracy: 75.25%, AUC: 0.84 [VAL] Loss: 0.5036, Accuracy: 76.90%, Precision: 0.71, Recall: 0.81, F1: 0.76, AUC: 0.86
Epoch [22/100] [TRAIN] Loss: 0.5290, Accuracy: 75.45%, AUC: 0.84 [VAL] Loss: 0.5035, Accuracy: 76.90%, Precision: 0.71, Recall: 0.81, F1: 0.76, AUC: 0.86
Epoch [23/100] [TRAIN] Loss: 0.5290, Accuracy: 75.76%, AUC: 0.84 [VAL] Loss: 0.5032, Accuracy: 76.90%, Precision: 0.71, Recall: 0.81, F1: 0.76, AUC: 0.86
  Early stopping at epoch 23 (no val_loss improvement for 10 epochs)
  Antisymmetry score (raw):        0.9510
  Antisymmetry score (confident):  1.0000
  Total violations:                49 / 1000
  Pairs near boundary:             186 (18.6%)
  Avg |prob-0.5| at violation:     0.0000

--- Training baselines (LogisticRegression, RandomForest, SVM) ---

  Training LogisticRegression...
  Val accuracy: 76.40%  |  Val AUC: 0.8173

  [LogisticRegression]  Accuracy: 76.30%  AUC: 0.8329  AUCPRC: 0.8064  Precision: 0.7775  Recall: 0.7077  F1: 0.7410  Antisym: 0.7740

  Training RandomForest...
  Val accuracy: 76.90%  |  Val AUC: 0.8545

  [RandomForest]  Accuracy: 77.90%  AUC: 0.8805  AUCPRC: 0.8686  Precision: 0.7986  Recall: 0.7203  F1: 0.7574  Antisym: 0.8170

  Training SVM_Linear...
  Val accuracy: 75.50%  |  Val AUC: 0.8110

  [SVM_Linear]  Accuracy: 75.90%  AUC: 0.8234  AUCPRC: 0.7971  Precision: 0.7729  Recall: 0.7035  F1: 0.7366  Antisym: 0.7570
Seed: 1011
=== DirectRanker ===
Accuracy:  75.50 %
AUC:       0.8561
AUCPRC:    0.8615
Precision: 0.7340
Recall:    0.7662
F1-Score:  0.7497
Antisymmetry score:  0.9510  (1.0 = perfect, ~0.5 = random)

Detailed Classification Report:
              precision    recall  f1-score   support

           0       0.78      0.74      0.76       521
           1       0.73      0.77      0.75       479

    accuracy                           0.76      1000
   macro avg       0.76      0.76      0.75      1000
weighted avg       0.76      0.76      0.76      1000


Confusion Matrix:
[[388 133]
 [112 367]]

=== LogisticRegression ===
Accuracy:  76.30 %
AUC:       0.8329
AUCPRC:    0.8064
Precision: 0.7775
Recall:    0.7077
F1-Score:  0.7410
Antisymmetry score:  0.7740
Confusion Matrix:
[[424  97]
 [140 339]]

=== RandomForest ===
Accuracy:  77.90 %
AUC:       0.8805
AUCPRC:    0.8686
Precision: 0.7986
Recall:    0.7203
F1-Score:  0.7574
Antisymmetry score:  0.8170
Confusion Matrix:
[[434  87]
 [134 345]]

=== SVM_Linear ===
Accuracy:  75.90 %
AUC:       0.8234
AUCPRC:    0.7971
Precision: 0.7729
Recall:    0.7035
F1-Score:  0.7366
Antisymmetry score:  0.7570
Confusion Matrix:
[[422  99]
 [142 337]]

Saved combined test metrics: /group/pmc021/amunif/epi-thesis/workflow/18_Pairwise Ranking HepG2 REMC/output/combined/test/015-H3K4me3-H3K9ac-H3K9me3-seed1011-test-metrics.csv
Saved combined ROC plot: /group/pmc021/amunif/epi-thesis/workflow/18_Pairwise Ranking HepG2 REMC/output/combined/img/roc/015-H3K4me3-H3K9ac-H3K9me3-seed1011-roc-combined.png
Saved combined PRC plot: /group/pmc021/amunif/epi-thesis/workflow/18_Pairwise Ranking HepG2 REMC/output/combined/img/prc/015-H3K4me3-H3K9ac-H3K9me3-seed1011-prc-combined.png

Finished 015-H3K4me3-H3K9ac-H3K9me3 (seed 1011)

======================================================================
016-H3K4me3-H3K9ac-H3K27ac
======================================================================
Train label distribution:
  Label 0:   4140 (51.7%)
  Label 1:   3860 (48.2%)
Val label distribution:
  Label 0:    553 (55.3%)
  Label 1:    447 (44.7%)
Test label distribution:
  Label 0:    521 (52.1%)
  Label 1:    479 (47.9%)
Saved label distribution: /group/pmc021/amunif/epi-thesis/workflow/18_Pairwise Ranking HepG2 REMC/output/combined/test/016-H3K4me3-H3K9ac-H3K27ac-seed1011-label-distribution.csv

--- Training DirectRanker ---
Epoch [1/100] [TRAIN] Loss: 0.6288, Accuracy: 70.28%, AUC: 0.77 [VAL] Loss: 0.5237, Accuracy: 74.90%, Precision: 0.69, Recall: 0.79, F1: 0.74, AUC: 0.84
Epoch [2/100] [TRAIN] Loss: 0.5694, Accuracy: 73.45%, AUC: 0.82 [VAL] Loss: 0.5176, Accuracy: 76.00%, Precision: 0.71, Recall: 0.79, F1: 0.75, AUC: 0.85
Epoch [3/100] [TRAIN] Loss: 0.5495, Accuracy: 74.91%, AUC: 0.83 [VAL] Loss: 0.5137, Accuracy: 76.30%, Precision: 0.71, Recall: 0.80, F1: 0.75, AUC: 0.85
Epoch [4/100] [TRAIN] Loss: 0.5476, Accuracy: 74.91%, AUC: 0.83 [VAL] Loss: 0.5129, Accuracy: 76.80%, Precision: 0.72, Recall: 0.80, F1: 0.75, AUC: 0.85
Epoch [5/100] [TRAIN] Loss: 0.5431, Accuracy: 75.30%, AUC: 0.83 [VAL] Loss: 0.5122, Accuracy: 77.00%, Precision: 0.72, Recall: 0.80, F1: 0.76, AUC: 0.85
Epoch [6/100] [TRAIN] Loss: 0.5405, Accuracy: 75.25%, AUC: 0.83 [VAL] Loss: 0.5102, Accuracy: 76.90%, Precision: 0.72, Recall: 0.80, F1: 0.76, AUC: 0.85
Epoch [7/100] [TRAIN] Loss: 0.5347, Accuracy: 75.41%, AUC: 0.84 [VAL] Loss: 0.5092, Accuracy: 76.90%, Precision: 0.71, Recall: 0.81, F1: 0.76, AUC: 0.85
Epoch [8/100] [TRAIN] Loss: 0.5322, Accuracy: 76.01%, AUC: 0.84 [VAL] Loss: 0.5082, Accuracy: 76.90%, Precision: 0.71, Recall: 0.81, F1: 0.76, AUC: 0.85
Epoch [9/100] [TRAIN] Loss: 0.5371, Accuracy: 75.69%, AUC: 0.83 [VAL] Loss: 0.5091, Accuracy: 77.20%, Precision: 0.72, Recall: 0.81, F1: 0.76, AUC: 0.86
Epoch [10/100] [TRAIN] Loss: 0.5291, Accuracy: 75.47%, AUC: 0.84 [VAL] Loss: 0.5081, Accuracy: 77.00%, Precision: 0.71, Recall: 0.81, F1: 0.76, AUC: 0.85
Epoch [11/100] [TRAIN] Loss: 0.5272, Accuracy: 75.69%, AUC: 0.84 [VAL] Loss: 0.5073, Accuracy: 77.00%, Precision: 0.71, Recall: 0.81, F1: 0.76, AUC: 0.86
Epoch [12/100] [TRAIN] Loss: 0.5303, Accuracy: 75.78%, AUC: 0.84 [VAL] Loss: 0.5068, Accuracy: 77.10%, Precision: 0.72, Recall: 0.81, F1: 0.76, AUC: 0.86
Epoch [13/100] [TRAIN] Loss: 0.5279, Accuracy: 75.70%, AUC: 0.84 [VAL] Loss: 0.5074, Accuracy: 77.00%, Precision: 0.71, Recall: 0.81, F1: 0.76, AUC: 0.86
Epoch [14/100] [TRAIN] Loss: 0.5295, Accuracy: 76.14%, AUC: 0.84 [VAL] Loss: 0.5075, Accuracy: 76.90%, Precision: 0.71, Recall: 0.81, F1: 0.76, AUC: 0.86
Epoch [15/100] [TRAIN] Loss: 0.5278, Accuracy: 75.78%, AUC: 0.84 [VAL] Loss: 0.5077, Accuracy: 77.30%, Precision: 0.72, Recall: 0.81, F1: 0.76, AUC: 0.86
Epoch [16/100] [TRAIN] Loss: 0.5240, Accuracy: 75.96%, AUC: 0.84 [VAL] Loss: 0.5068, Accuracy: 77.30%, Precision: 0.72, Recall: 0.81, F1: 0.76, AUC: 0.86
Epoch [17/100] [TRAIN] Loss: 0.5290, Accuracy: 75.62%, AUC: 0.84 [VAL] Loss: 0.5069, Accuracy: 77.50%, Precision: 0.72, Recall: 0.82, F1: 0.76, AUC: 0.86
Epoch [18/100] [TRAIN] Loss: 0.5196, Accuracy: 75.95%, AUC: 0.85 [VAL] Loss: 0.5059, Accuracy: 77.40%, Precision: 0.72, Recall: 0.81, F1: 0.76, AUC: 0.86
Epoch [19/100] [TRAIN] Loss: 0.5255, Accuracy: 75.79%, AUC: 0.84 [VAL] Loss: 0.5058, Accuracy: 77.40%, Precision: 0.72, Recall: 0.81, F1: 0.76, AUC: 0.86
Epoch [20/100] [TRAIN] Loss: 0.5237, Accuracy: 75.79%, AUC: 0.84 [VAL] Loss: 0.5062, Accuracy: 77.40%, Precision: 0.72, Recall: 0.81, F1: 0.76, AUC: 0.86
Epoch [21/100] [TRAIN] Loss: 0.5213, Accuracy: 76.16%, AUC: 0.84 [VAL] Loss: 0.5055, Accuracy: 77.10%, Precision: 0.72, Recall: 0.81, F1: 0.76, AUC: 0.86
Epoch [22/100] [TRAIN] Loss: 0.5193, Accuracy: 75.94%, AUC: 0.84 [VAL] Loss: 0.5054, Accuracy: 76.90%, Precision: 0.71, Recall: 0.81, F1: 0.76, AUC: 0.86
Epoch [23/100] [TRAIN] Loss: 0.5207, Accuracy: 76.11%, AUC: 0.84 [VAL] Loss: 0.5055, Accuracy: 77.10%, Precision: 0.72, Recall: 0.81, F1: 0.76, AUC: 0.86
Epoch [24/100] [TRAIN] Loss: 0.5238, Accuracy: 75.66%, AUC: 0.84 [VAL] Loss: 0.5058, Accuracy: 77.00%, Precision: 0.71, Recall: 0.81, F1: 0.76, AUC: 0.86
Epoch [25/100] [TRAIN] Loss: 0.5168, Accuracy: 76.30%, AUC: 0.85 [VAL] Loss: 0.5049, Accuracy: 77.00%, Precision: 0.72, Recall: 0.81, F1: 0.76, AUC: 0.86
Epoch [26/100] [TRAIN] Loss: 0.5197, Accuracy: 76.25%, AUC: 0.84 [VAL] Loss: 0.5046, Accuracy: 76.90%, Precision: 0.71, Recall: 0.81, F1: 0.76, AUC: 0.86
Epoch [27/100] [TRAIN] Loss: 0.5153, Accuracy: 76.29%, AUC: 0.85 [VAL] Loss: 0.5042, Accuracy: 76.80%, Precision: 0.71, Recall: 0.81, F1: 0.76, AUC: 0.86
Epoch [28/100] [TRAIN] Loss: 0.5158, Accuracy: 76.08%, AUC: 0.85 [VAL] Loss: 0.5046, Accuracy: 76.80%, Precision: 0.71, Recall: 0.81, F1: 0.76, AUC: 0.86
Epoch [29/100] [TRAIN] Loss: 0.5212, Accuracy: 75.89%, AUC: 0.84 [VAL] Loss: 0.5041, Accuracy: 76.70%, Precision: 0.71, Recall: 0.81, F1: 0.76, AUC: 0.86
Epoch [30/100] [TRAIN] Loss: 0.5193, Accuracy: 76.50%, AUC: 0.85 [VAL] Loss: 0.5038, Accuracy: 76.70%, Precision: 0.71, Recall: 0.81, F1: 0.76, AUC: 0.86
Epoch [31/100] [TRAIN] Loss: 0.5161, Accuracy: 76.15%, AUC: 0.85 [VAL] Loss: 0.5041, Accuracy: 76.90%, Precision: 0.71, Recall: 0.81, F1: 0.76, AUC: 0.86
Epoch [32/100] [TRAIN] Loss: 0.5196, Accuracy: 75.41%, AUC: 0.84 [VAL] Loss: 0.5042, Accuracy: 76.80%, Precision: 0.71, Recall: 0.80, F1: 0.76, AUC: 0.86
Epoch [33/100] [TRAIN] Loss: 0.5157, Accuracy: 76.16%, AUC: 0.85 [VAL] Loss: 0.5036, Accuracy: 76.80%, Precision: 0.71, Recall: 0.81, F1: 0.76, AUC: 0.86
Epoch [34/100] [TRAIN] Loss: 0.5167, Accuracy: 76.30%, AUC: 0.85 [VAL] Loss: 0.5035, Accuracy: 76.50%, Precision: 0.71, Recall: 0.80, F1: 0.75, AUC: 0.86
Epoch [35/100] [TRAIN] Loss: 0.5151, Accuracy: 76.04%, AUC: 0.85 [VAL] Loss: 0.5032, Accuracy: 76.50%, Precision: 0.71, Recall: 0.80, F1: 0.75, AUC: 0.86
Epoch [36/100] [TRAIN] Loss: 0.5151, Accuracy: 76.36%, AUC: 0.85 [VAL] Loss: 0.5034, Accuracy: 76.40%, Precision: 0.71, Recall: 0.81, F1: 0.75, AUC: 0.86
Epoch [37/100] [TRAIN] Loss: 0.5172, Accuracy: 75.83%, AUC: 0.85 [VAL] Loss: 0.5036, Accuracy: 76.60%, Precision: 0.71, Recall: 0.81, F1: 0.76, AUC: 0.86
Epoch [38/100] [TRAIN] Loss: 0.5140, Accuracy: 76.16%, AUC: 0.85 [VAL] Loss: 0.5040, Accuracy: 76.70%, Precision: 0.71, Recall: 0.81, F1: 0.76, AUC: 0.86
Epoch [39/100] [TRAIN] Loss: 0.5158, Accuracy: 76.31%, AUC: 0.85 [VAL] Loss: 0.5038, Accuracy: 76.80%, Precision: 0.71, Recall: 0.81, F1: 0.76, AUC: 0.86
Epoch [40/100] [TRAIN] Loss: 0.5130, Accuracy: 76.71%, AUC: 0.85 [VAL] Loss: 0.5022, Accuracy: 76.80%, Precision: 0.71, Recall: 0.81, F1: 0.76, AUC: 0.86
Epoch [41/100] [TRAIN] Loss: 0.5102, Accuracy: 76.62%, AUC: 0.85 [VAL] Loss: 0.5028, Accuracy: 77.10%, Precision: 0.72, Recall: 0.81, F1: 0.76, AUC: 0.86
Epoch [42/100] [TRAIN] Loss: 0.5145, Accuracy: 75.92%, AUC: 0.85 [VAL] Loss: 0.5025, Accuracy: 76.70%, Precision: 0.71, Recall: 0.81, F1: 0.76, AUC: 0.86
Epoch [43/100] [TRAIN] Loss: 0.5138, Accuracy: 76.51%, AUC: 0.85 [VAL] Loss: 0.5026, Accuracy: 76.80%, Precision: 0.71, Recall: 0.81, F1: 0.76, AUC: 0.86
Epoch [44/100] [TRAIN] Loss: 0.5135, Accuracy: 76.74%, AUC: 0.85 [VAL] Loss: 0.5024, Accuracy: 76.60%, Precision: 0.71, Recall: 0.81, F1: 0.76, AUC: 0.86
Epoch [45/100] [TRAIN] Loss: 0.5133, Accuracy: 76.44%, AUC: 0.85 [VAL] Loss: 0.5024, Accuracy: 76.50%, Precision: 0.71, Recall: 0.81, F1: 0.75, AUC: 0.86
Epoch [46/100] [TRAIN] Loss: 0.5131, Accuracy: 76.86%, AUC: 0.85 [VAL] Loss: 0.5017, Accuracy: 76.60%, Precision: 0.71, Recall: 0.81, F1: 0.76, AUC: 0.86
Epoch [47/100] [TRAIN] Loss: 0.5129, Accuracy: 76.08%, AUC: 0.85 [VAL] Loss: 0.5024, Accuracy: 76.60%, Precision: 0.71, Recall: 0.81, F1: 0.75, AUC: 0.86
Epoch [48/100] [TRAIN] Loss: 0.5100, Accuracy: 75.85%, AUC: 0.85 [VAL] Loss: 0.5025, Accuracy: 76.40%, Precision: 0.71, Recall: 0.81, F1: 0.75, AUC: 0.86
Epoch [49/100] [TRAIN] Loss: 0.5126, Accuracy: 76.39%, AUC: 0.85 [VAL] Loss: 0.5020, Accuracy: 76.50%, Precision: 0.71, Recall: 0.81, F1: 0.75, AUC: 0.86
Epoch [50/100] [TRAIN] Loss: 0.5127, Accuracy: 76.20%, AUC: 0.85 [VAL] Loss: 0.5015, Accuracy: 76.40%, Precision: 0.71, Recall: 0.81, F1: 0.75, AUC: 0.86
Epoch [51/100] [TRAIN] Loss: 0.5098, Accuracy: 76.65%, AUC: 0.85 [VAL] Loss: 0.5016, Accuracy: 76.50%, Precision: 0.71, Recall: 0.81, F1: 0.75, AUC: 0.86
Epoch [52/100] [TRAIN] Loss: 0.5117, Accuracy: 76.17%, AUC: 0.85 [VAL] Loss: 0.5011, Accuracy: 76.50%, Precision: 0.71, Recall: 0.81, F1: 0.75, AUC: 0.86
Epoch [53/100] [TRAIN] Loss: 0.5109, Accuracy: 76.66%, AUC: 0.85 [VAL] Loss: 0.5011, Accuracy: 76.70%, Precision: 0.71, Recall: 0.81, F1: 0.76, AUC: 0.86
Epoch [54/100] [TRAIN] Loss: 0.5096, Accuracy: 76.47%, AUC: 0.85 [VAL] Loss: 0.5016, Accuracy: 76.50%, Precision: 0.71, Recall: 0.81, F1: 0.75, AUC: 0.86
Epoch [55/100] [TRAIN] Loss: 0.5093, Accuracy: 76.51%, AUC: 0.85 [VAL] Loss: 0.5006, Accuracy: 76.30%, Precision: 0.71, Recall: 0.81, F1: 0.75, AUC: 0.86
Epoch [56/100] [TRAIN] Loss: 0.5101, Accuracy: 76.64%, AUC: 0.85 [VAL] Loss: 0.5011, Accuracy: 76.20%, Precision: 0.70, Recall: 0.81, F1: 0.75, AUC: 0.86
Epoch [57/100] [TRAIN] Loss: 0.5095, Accuracy: 76.39%, AUC: 0.85 [VAL] Loss: 0.5008, Accuracy: 76.30%, Precision: 0.71, Recall: 0.81, F1: 0.75, AUC: 0.86
Epoch [58/100] [TRAIN] Loss: 0.5090, Accuracy: 76.35%, AUC: 0.85 [VAL] Loss: 0.5011, Accuracy: 76.00%, Precision: 0.70, Recall: 0.80, F1: 0.75, AUC: 0.86
Epoch [59/100] [TRAIN] Loss: 0.5093, Accuracy: 76.54%, AUC: 0.85 [VAL] Loss: 0.5005, Accuracy: 76.20%, Precision: 0.70, Recall: 0.81, F1: 0.75, AUC: 0.86
Epoch [60/100] [TRAIN] Loss: 0.5113, Accuracy: 76.41%, AUC: 0.85 [VAL] Loss: 0.5006, Accuracy: 76.40%, Precision: 0.71, Recall: 0.81, F1: 0.75, AUC: 0.86
Epoch [61/100] [TRAIN] Loss: 0.5077, Accuracy: 76.95%, AUC: 0.85 [VAL] Loss: 0.5005, Accuracy: 76.40%, Precision: 0.71, Recall: 0.81, F1: 0.75, AUC: 0.86
Epoch [62/100] [TRAIN] Loss: 0.5098, Accuracy: 76.49%, AUC: 0.85 [VAL] Loss: 0.5006, Accuracy: 76.40%, Precision: 0.71, Recall: 0.81, F1: 0.75, AUC: 0.86
Epoch [63/100] [TRAIN] Loss: 0.5098, Accuracy: 76.25%, AUC: 0.85 [VAL] Loss: 0.5001, Accuracy: 76.50%, Precision: 0.71, Recall: 0.81, F1: 0.75, AUC: 0.86
Epoch [64/100] [TRAIN] Loss: 0.5043, Accuracy: 76.49%, AUC: 0.85 [VAL] Loss: 0.4998, Accuracy: 76.70%, Precision: 0.71, Recall: 0.81, F1: 0.76, AUC: 0.86
Epoch [65/100] [TRAIN] Loss: 0.5078, Accuracy: 76.50%, AUC: 0.85 [VAL] Loss: 0.5002, Accuracy: 76.80%, Precision: 0.71, Recall: 0.81, F1: 0.76, AUC: 0.86
Epoch [66/100] [TRAIN] Loss: 0.5078, Accuracy: 76.96%, AUC: 0.85 [VAL] Loss: 0.4997, Accuracy: 76.50%, Precision: 0.71, Recall: 0.81, F1: 0.75, AUC: 0.86
Epoch [67/100] [TRAIN] Loss: 0.5092, Accuracy: 76.31%, AUC: 0.85 [VAL] Loss: 0.4999, Accuracy: 76.80%, Precision: 0.71, Recall: 0.81, F1: 0.76, AUC: 0.86
Epoch [68/100] [TRAIN] Loss: 0.5039, Accuracy: 76.78%, AUC: 0.85 [VAL] Loss: 0.5004, Accuracy: 76.40%, Precision: 0.71, Recall: 0.81, F1: 0.75, AUC: 0.86
Epoch [69/100] [TRAIN] Loss: 0.5055, Accuracy: 76.61%, AUC: 0.85 [VAL] Loss: 0.4992, Accuracy: 76.50%, Precision: 0.71, Recall: 0.81, F1: 0.75, AUC: 0.86
Epoch [70/100] [TRAIN] Loss: 0.5076, Accuracy: 76.45%, AUC: 0.85 [VAL] Loss: 0.4994, Accuracy: 76.50%, Precision: 0.71, Recall: 0.81, F1: 0.76, AUC: 0.86
Epoch [71/100] [TRAIN] Loss: 0.5068, Accuracy: 76.45%, AUC: 0.85 [VAL] Loss: 0.4993, Accuracy: 76.50%, Precision: 0.71, Recall: 0.81, F1: 0.76, AUC: 0.86
Epoch [72/100] [TRAIN] Loss: 0.5088, Accuracy: 76.56%, AUC: 0.85 [VAL] Loss: 0.5006, Accuracy: 76.20%, Precision: 0.70, Recall: 0.81, F1: 0.75, AUC: 0.86
Epoch [73/100] [TRAIN] Loss: 0.5050, Accuracy: 76.88%, AUC: 0.85 [VAL] Loss: 0.5002, Accuracy: 76.40%, Precision: 0.70, Recall: 0.81, F1: 0.75, AUC: 0.86
Epoch [74/100] [TRAIN] Loss: 0.5074, Accuracy: 76.56%, AUC: 0.85 [VAL] Loss: 0.4993, Accuracy: 76.70%, Precision: 0.71, Recall: 0.82, F1: 0.76, AUC: 0.86
Epoch [75/100] [TRAIN] Loss: 0.5034, Accuracy: 76.35%, AUC: 0.85 [VAL] Loss: 0.4996, Accuracy: 76.50%, Precision: 0.71, Recall: 0.81, F1: 0.76, AUC: 0.86
Epoch [76/100] [TRAIN] Loss: 0.5063, Accuracy: 76.70%, AUC: 0.85 [VAL] Loss: 0.4996, Accuracy: 76.50%, Precision: 0.71, Recall: 0.81, F1: 0.76, AUC: 0.86
Epoch [77/100] [TRAIN] Loss: 0.5049, Accuracy: 76.92%, AUC: 0.85 [VAL] Loss: 0.4996, Accuracy: 76.30%, Precision: 0.70, Recall: 0.81, F1: 0.75, AUC: 0.86
Epoch [78/100] [TRAIN] Loss: 0.5032, Accuracy: 76.84%, AUC: 0.85 [VAL] Loss: 0.4995, Accuracy: 76.40%, Precision: 0.70, Recall: 0.81, F1: 0.75, AUC: 0.86
Epoch [79/100] [TRAIN] Loss: 0.5031, Accuracy: 76.30%, AUC: 0.85 [VAL] Loss: 0.4994, Accuracy: 76.40%, Precision: 0.70, Recall: 0.81, F1: 0.75, AUC: 0.86
  Early stopping at epoch 79 (no val_loss improvement for 10 epochs)
  Antisymmetry score (raw):        0.9270
  Antisymmetry score (confident):  1.0000
  Total violations:                73 / 1000
  Pairs near boundary:             168 (16.8%)
  Avg |prob-0.5| at violation:     0.0000

--- Training baselines (LogisticRegression, RandomForest, SVM) ---

  Training LogisticRegression...
  Val accuracy: 74.50%  |  Val AUC: 0.8190

  [LogisticRegression]  Accuracy: 76.80%  AUC: 0.8341  AUCPRC: 0.8200  Precision: 0.7947  Recall: 0.6952  F1: 0.7416  Antisym: 0.7470

  Training RandomForest...
  Val accuracy: 76.90%  |  Val AUC: 0.8525

  [RandomForest]  Accuracy: 77.30%  AUC: 0.8773  AUCPRC: 0.8676  Precision: 0.7958  Recall: 0.7077  F1: 0.7492  Antisym: 0.8100

  Training SVM_Linear...
  Val accuracy: 75.00%  |  Val AUC: 0.8217

  [SVM_Linear]  Accuracy: 77.00%  AUC: 0.8369  AUCPRC: 0.8235  Precision: 0.8015  Recall: 0.6910  F1: 0.7422  Antisym: 0.7520
Seed: 1011
=== DirectRanker ===
Accuracy:  75.70 %
AUC:       0.8612
AUCPRC:    0.8662
Precision: 0.7332
Recall:    0.7745
F1-Score:  0.7533
Antisymmetry score:  0.9270  (1.0 = perfect, ~0.5 = random)

Detailed Classification Report:
              precision    recall  f1-score   support

           0       0.78      0.74      0.76       521
           1       0.73      0.77      0.75       479

    accuracy                           0.76      1000
   macro avg       0.76      0.76      0.76      1000
weighted avg       0.76      0.76      0.76      1000


Confusion Matrix:
[[386 135]
 [108 371]]

=== LogisticRegression ===
Accuracy:  76.80 %
AUC:       0.8341
AUCPRC:    0.8200
Precision: 0.7947
Recall:    0.6952
F1-Score:  0.7416
Antisymmetry score:  0.7470
Confusion Matrix:
[[435  86]
 [146 333]]

=== RandomForest ===
Accuracy:  77.30 %
AUC:       0.8773
AUCPRC:    0.8676
Precision: 0.7958
Recall:    0.7077
F1-Score:  0.7492
Antisymmetry score:  0.8100
Confusion Matrix:
[[434  87]
 [140 339]]

=== SVM_Linear ===
Accuracy:  77.00 %
AUC:       0.8369
AUCPRC:    0.8235
Precision: 0.8015
Recall:    0.6910
F1-Score:  0.7422
Antisymmetry score:  0.7520
Confusion Matrix:
[[439  82]
 [148 331]]

Saved combined test metrics: /group/pmc021/amunif/epi-thesis/workflow/18_Pairwise Ranking HepG2 REMC/output/combined/test/016-H3K4me3-H3K9ac-H3K27ac-seed1011-test-metrics.csv
Saved combined ROC plot: /group/pmc021/amunif/epi-thesis/workflow/18_Pairwise Ranking HepG2 REMC/output/combined/img/roc/016-H3K4me3-H3K9ac-H3K27ac-seed1011-roc-combined.png
Saved combined PRC plot: /group/pmc021/amunif/epi-thesis/workflow/18_Pairwise Ranking HepG2 REMC/output/combined/img/prc/016-H3K4me3-H3K9ac-H3K27ac-seed1011-prc-combined.png

Finished 016-H3K4me3-H3K9ac-H3K27ac (seed 1011)

======================================================================
017-H3K4me3-H3K9ac-H3K27me3
======================================================================
Train label distribution:
  Label 0:   4140 (51.7%)
  Label 1:   3860 (48.2%)
Val label distribution:
  Label 0:    553 (55.3%)
  Label 1:    447 (44.7%)
Test label distribution:
  Label 0:    521 (52.1%)
  Label 1:    479 (47.9%)
Saved label distribution: /group/pmc021/amunif/epi-thesis/workflow/18_Pairwise Ranking HepG2 REMC/output/combined/test/017-H3K4me3-H3K9ac-H3K27me3-seed1011-label-distribution.csv

--- Training DirectRanker ---
Epoch [1/100] [TRAIN] Loss: 0.6426, Accuracy: 67.78%, AUC: 0.75 [VAL] Loss: 0.5290, Accuracy: 76.90%, Precision: 0.72, Recall: 0.79, F1: 0.75, AUC: 0.85
Epoch [2/100] [TRAIN] Loss: 0.5742, Accuracy: 73.97%, AUC: 0.81 [VAL] Loss: 0.5158, Accuracy: 77.90%, Precision: 0.73, Recall: 0.80, F1: 0.76, AUC: 0.86
Epoch [3/100] [TRAIN] Loss: 0.5589, Accuracy: 74.76%, AUC: 0.82 [VAL] Loss: 0.5124, Accuracy: 77.90%, Precision: 0.73, Recall: 0.80, F1: 0.76, AUC: 0.86
Epoch [4/100] [TRAIN] Loss: 0.5500, Accuracy: 75.01%, AUC: 0.83 [VAL] Loss: 0.5105, Accuracy: 78.00%, Precision: 0.73, Recall: 0.80, F1: 0.77, AUC: 0.86
Epoch [5/100] [TRAIN] Loss: 0.5428, Accuracy: 75.21%, AUC: 0.83 [VAL] Loss: 0.5072, Accuracy: 77.70%, Precision: 0.73, Recall: 0.80, F1: 0.76, AUC: 0.86
Epoch [6/100] [TRAIN] Loss: 0.5418, Accuracy: 75.34%, AUC: 0.83 [VAL] Loss: 0.5068, Accuracy: 78.00%, Precision: 0.73, Recall: 0.80, F1: 0.76, AUC: 0.86
Epoch [7/100] [TRAIN] Loss: 0.5411, Accuracy: 75.12%, AUC: 0.83 [VAL] Loss: 0.5066, Accuracy: 78.20%, Precision: 0.74, Recall: 0.80, F1: 0.77, AUC: 0.86
Epoch [8/100] [TRAIN] Loss: 0.5405, Accuracy: 75.41%, AUC: 0.84 [VAL] Loss: 0.5051, Accuracy: 78.30%, Precision: 0.74, Recall: 0.80, F1: 0.77, AUC: 0.86
Epoch [9/100] [TRAIN] Loss: 0.5384, Accuracy: 75.03%, AUC: 0.84 [VAL] Loss: 0.5034, Accuracy: 78.50%, Precision: 0.74, Recall: 0.80, F1: 0.77, AUC: 0.86
Epoch [10/100] [TRAIN] Loss: 0.5318, Accuracy: 75.59%, AUC: 0.84 [VAL] Loss: 0.5022, Accuracy: 78.30%, Precision: 0.74, Recall: 0.80, F1: 0.77, AUC: 0.86
Epoch [11/100] [TRAIN] Loss: 0.5356, Accuracy: 75.61%, AUC: 0.84 [VAL] Loss: 0.5029, Accuracy: 78.40%, Precision: 0.74, Recall: 0.80, F1: 0.77, AUC: 0.86
Epoch [12/100] [TRAIN] Loss: 0.5302, Accuracy: 75.79%, AUC: 0.84 [VAL] Loss: 0.5003, Accuracy: 78.40%, Precision: 0.74, Recall: 0.80, F1: 0.77, AUC: 0.86
Epoch [13/100] [TRAIN] Loss: 0.5289, Accuracy: 75.78%, AUC: 0.84 [VAL] Loss: 0.5003, Accuracy: 78.50%, Precision: 0.74, Recall: 0.80, F1: 0.77, AUC: 0.86
Epoch [14/100] [TRAIN] Loss: 0.5324, Accuracy: 75.76%, AUC: 0.84 [VAL] Loss: 0.5013, Accuracy: 78.50%, Precision: 0.74, Recall: 0.80, F1: 0.77, AUC: 0.86
Epoch [15/100] [TRAIN] Loss: 0.5301, Accuracy: 76.01%, AUC: 0.84 [VAL] Loss: 0.5001, Accuracy: 78.60%, Precision: 0.74, Recall: 0.80, F1: 0.77, AUC: 0.86
Epoch [16/100] [TRAIN] Loss: 0.5298, Accuracy: 76.26%, AUC: 0.84 [VAL] Loss: 0.5004, Accuracy: 78.70%, Precision: 0.74, Recall: 0.80, F1: 0.77, AUC: 0.86
Epoch [17/100] [TRAIN] Loss: 0.5269, Accuracy: 75.72%, AUC: 0.84 [VAL] Loss: 0.4996, Accuracy: 78.50%, Precision: 0.74, Recall: 0.80, F1: 0.77, AUC: 0.86
Epoch [18/100] [TRAIN] Loss: 0.5269, Accuracy: 75.67%, AUC: 0.84 [VAL] Loss: 0.4995, Accuracy: 78.60%, Precision: 0.74, Recall: 0.80, F1: 0.77, AUC: 0.86
Epoch [19/100] [TRAIN] Loss: 0.5240, Accuracy: 75.49%, AUC: 0.84 [VAL] Loss: 0.4986, Accuracy: 78.70%, Precision: 0.74, Recall: 0.80, F1: 0.77, AUC: 0.86
Epoch [20/100] [TRAIN] Loss: 0.5218, Accuracy: 76.30%, AUC: 0.85 [VAL] Loss: 0.4982, Accuracy: 78.50%, Precision: 0.74, Recall: 0.80, F1: 0.77, AUC: 0.86
Epoch [21/100] [TRAIN] Loss: 0.5199, Accuracy: 75.95%, AUC: 0.85 [VAL] Loss: 0.4971, Accuracy: 78.80%, Precision: 0.74, Recall: 0.80, F1: 0.77, AUC: 0.86
Epoch [22/100] [TRAIN] Loss: 0.5204, Accuracy: 75.54%, AUC: 0.85 [VAL] Loss: 0.4980, Accuracy: 78.70%, Precision: 0.74, Recall: 0.80, F1: 0.77, AUC: 0.86
Epoch [23/100] [TRAIN] Loss: 0.5200, Accuracy: 75.92%, AUC: 0.85 [VAL] Loss: 0.4968, Accuracy: 78.60%, Precision: 0.74, Recall: 0.80, F1: 0.77, AUC: 0.86
Epoch [24/100] [TRAIN] Loss: 0.5168, Accuracy: 75.88%, AUC: 0.85 [VAL] Loss: 0.4971, Accuracy: 78.60%, Precision: 0.74, Recall: 0.80, F1: 0.77, AUC: 0.86
Epoch [25/100] [TRAIN] Loss: 0.5180, Accuracy: 76.46%, AUC: 0.85 [VAL] Loss: 0.4971, Accuracy: 78.60%, Precision: 0.74, Recall: 0.80, F1: 0.77, AUC: 0.86
Epoch [26/100] [TRAIN] Loss: 0.5173, Accuracy: 75.64%, AUC: 0.85 [VAL] Loss: 0.4970, Accuracy: 78.50%, Precision: 0.74, Recall: 0.80, F1: 0.77, AUC: 0.86
Epoch [27/100] [TRAIN] Loss: 0.5170, Accuracy: 76.28%, AUC: 0.85 [VAL] Loss: 0.4962, Accuracy: 78.50%, Precision: 0.74, Recall: 0.80, F1: 0.77, AUC: 0.86
Epoch [28/100] [TRAIN] Loss: 0.5140, Accuracy: 76.38%, AUC: 0.85 [VAL] Loss: 0.4950, Accuracy: 78.60%, Precision: 0.74, Recall: 0.80, F1: 0.77, AUC: 0.86
Epoch [29/100] [TRAIN] Loss: 0.5165, Accuracy: 76.29%, AUC: 0.85 [VAL] Loss: 0.4960, Accuracy: 78.50%, Precision: 0.74, Recall: 0.80, F1: 0.77, AUC: 0.86
Epoch [30/100] [TRAIN] Loss: 0.5186, Accuracy: 76.40%, AUC: 0.85 [VAL] Loss: 0.4965, Accuracy: 78.30%, Precision: 0.74, Recall: 0.80, F1: 0.77, AUC: 0.86
Epoch [31/100] [TRAIN] Loss: 0.5174, Accuracy: 76.21%, AUC: 0.85 [VAL] Loss: 0.4964, Accuracy: 78.30%, Precision: 0.74, Recall: 0.80, F1: 0.77, AUC: 0.86
Epoch [32/100] [TRAIN] Loss: 0.5152, Accuracy: 76.45%, AUC: 0.85 [VAL] Loss: 0.4958, Accuracy: 78.20%, Precision: 0.74, Recall: 0.80, F1: 0.77, AUC: 0.86
Epoch [33/100] [TRAIN] Loss: 0.5170, Accuracy: 75.92%, AUC: 0.85 [VAL] Loss: 0.4964, Accuracy: 78.10%, Precision: 0.73, Recall: 0.80, F1: 0.77, AUC: 0.86
Epoch [34/100] [TRAIN] Loss: 0.5135, Accuracy: 76.12%, AUC: 0.85 [VAL] Loss: 0.4952, Accuracy: 78.20%, Precision: 0.74, Recall: 0.80, F1: 0.77, AUC: 0.86
Epoch [35/100] [TRAIN] Loss: 0.5185, Accuracy: 75.78%, AUC: 0.84 [VAL] Loss: 0.4955, Accuracy: 78.20%, Precision: 0.74, Recall: 0.80, F1: 0.77, AUC: 0.86
Epoch [36/100] [TRAIN] Loss: 0.5163, Accuracy: 76.47%, AUC: 0.85 [VAL] Loss: 0.4956, Accuracy: 78.20%, Precision: 0.74, Recall: 0.80, F1: 0.77, AUC: 0.86
Epoch [37/100] [TRAIN] Loss: 0.5151, Accuracy: 76.22%, AUC: 0.85 [VAL] Loss: 0.4957, Accuracy: 78.20%, Precision: 0.74, Recall: 0.80, F1: 0.77, AUC: 0.86
Epoch [38/100] [TRAIN] Loss: 0.5149, Accuracy: 75.88%, AUC: 0.85 [VAL] Loss: 0.4957, Accuracy: 78.20%, Precision: 0.74, Recall: 0.80, F1: 0.77, AUC: 0.86
  Early stopping at epoch 38 (no val_loss improvement for 10 epochs)
  Antisymmetry score (raw):        0.9740
  Antisymmetry score (confident):  1.0000
  Total violations:                26 / 1000
  Pairs near boundary:             155 (15.5%)
  Avg |prob-0.5| at violation:     0.0000

--- Training baselines (LogisticRegression, RandomForest, SVM) ---

  Training LogisticRegression...
  Val accuracy: 75.60%  |  Val AUC: 0.8310

  [LogisticRegression]  Accuracy: 76.10%  AUC: 0.8434  AUCPRC: 0.8384  Precision: 0.7817  Recall: 0.6952  F1: 0.7359  Antisym: 0.7680

  Training RandomForest...
  Val accuracy: 77.80%  |  Val AUC: 0.8584

  [RandomForest]  Accuracy: 77.90%  AUC: 0.8804  AUCPRC: 0.8770  Precision: 0.8014  Recall: 0.7161  F1: 0.7563  Antisym: 0.8120

  Training SVM_Linear...
  Val accuracy: 75.40%  |  Val AUC: 0.8299

  [SVM_Linear]  Accuracy: 76.70%  AUC: 0.8434  AUCPRC: 0.8380  Precision: 0.7929  Recall: 0.6952  F1: 0.7408  Antisym: 0.7610
Seed: 1011
=== DirectRanker ===
Accuracy:  75.90 %
AUC:       0.8585
AUCPRC:    0.8652
Precision: 0.7449
Recall:    0.7557
F1-Score:  0.7503
Antisymmetry score:  0.9740  (1.0 = perfect, ~0.5 = random)

Detailed Classification Report:
              precision    recall  f1-score   support

           0       0.77      0.76      0.77       521
           1       0.74      0.76      0.75       479

    accuracy                           0.76      1000
   macro avg       0.76      0.76      0.76      1000
weighted avg       0.76      0.76      0.76      1000


Confusion Matrix:
[[397 124]
 [117 362]]

=== LogisticRegression ===
Accuracy:  76.10 %
AUC:       0.8434
AUCPRC:    0.8384
Precision: 0.7817
Recall:    0.6952
F1-Score:  0.7359
Antisymmetry score:  0.7680
Confusion Matrix:
[[428  93]
 [146 333]]

=== RandomForest ===
Accuracy:  77.90 %
AUC:       0.8804
AUCPRC:    0.8770
Precision: 0.8014
Recall:    0.7161
F1-Score:  0.7563
Antisymmetry score:  0.8120
Confusion Matrix:
[[436  85]
 [136 343]]

=== SVM_Linear ===
Accuracy:  76.70 %
AUC:       0.8434
AUCPRC:    0.8380
Precision: 0.7929
Recall:    0.6952
F1-Score:  0.7408
Antisymmetry score:  0.7610
Confusion Matrix:
[[434  87]
 [146 333]]

Saved combined test metrics: /group/pmc021/amunif/epi-thesis/workflow/18_Pairwise Ranking HepG2 REMC/output/combined/test/017-H3K4me3-H3K9ac-H3K27me3-seed1011-test-metrics.csv
Saved combined ROC plot: /group/pmc021/amunif/epi-thesis/workflow/18_Pairwise Ranking HepG2 REMC/output/combined/img/roc/017-H3K4me3-H3K9ac-H3K27me3-seed1011-roc-combined.png
Saved combined PRC plot: /group/pmc021/amunif/epi-thesis/workflow/18_Pairwise Ranking HepG2 REMC/output/combined/img/prc/017-H3K4me3-H3K9ac-H3K27me3-seed1011-prc-combined.png

Finished 017-H3K4me3-H3K9ac-H3K27me3 (seed 1011)

======================================================================
018-H3K4me3-H3K9me3-H3K27ac
======================================================================
Train label distribution:
  Label 0:   4140 (51.7%)
  Label 1:   3860 (48.2%)
Val label distribution:
  Label 0:    553 (55.3%)
  Label 1:    447 (44.7%)
Test label distribution:
  Label 0:    521 (52.1%)
  Label 1:    479 (47.9%)
Saved label distribution: /group/pmc021/amunif/epi-thesis/workflow/18_Pairwise Ranking HepG2 REMC/output/combined/test/018-H3K4me3-H3K9me3-H3K27ac-seed1011-label-distribution.csv

--- Training DirectRanker ---
Epoch [1/100] [TRAIN] Loss: 0.6036, Accuracy: 71.86%, AUC: 0.79 [VAL] Loss: 0.5234, Accuracy: 75.50%, Precision: 0.70, Recall: 0.79, F1: 0.74, AUC: 0.84
Epoch [2/100] [TRAIN] Loss: 0.5722, Accuracy: 73.89%, AUC: 0.82 [VAL] Loss: 0.5201, Accuracy: 75.80%, Precision: 0.70, Recall: 0.79, F1: 0.75, AUC: 0.85
Epoch [3/100] [TRAIN] Loss: 0.5598, Accuracy: 74.22%, AUC: 0.82 [VAL] Loss: 0.5185, Accuracy: 75.30%, Precision: 0.70, Recall: 0.79, F1: 0.74, AUC: 0.85
Epoch [4/100] [TRAIN] Loss: 0.5611, Accuracy: 74.17%, AUC: 0.82 [VAL] Loss: 0.5170, Accuracy: 75.60%, Precision: 0.70, Recall: 0.80, F1: 0.74, AUC: 0.85
Epoch [5/100] [TRAIN] Loss: 0.5539, Accuracy: 74.84%, AUC: 0.83 [VAL] Loss: 0.5187, Accuracy: 75.60%, Precision: 0.70, Recall: 0.79, F1: 0.74, AUC: 0.85
Epoch [6/100] [TRAIN] Loss: 0.5473, Accuracy: 74.47%, AUC: 0.83 [VAL] Loss: 0.5160, Accuracy: 76.00%, Precision: 0.70, Recall: 0.80, F1: 0.75, AUC: 0.85
Epoch [7/100] [TRAIN] Loss: 0.5463, Accuracy: 74.45%, AUC: 0.83 [VAL] Loss: 0.5158, Accuracy: 76.00%, Precision: 0.70, Recall: 0.80, F1: 0.75, AUC: 0.85
Epoch [8/100] [TRAIN] Loss: 0.5499, Accuracy: 74.20%, AUC: 0.83 [VAL] Loss: 0.5168, Accuracy: 75.90%, Precision: 0.70, Recall: 0.80, F1: 0.75, AUC: 0.85
Epoch [9/100] [TRAIN] Loss: 0.5443, Accuracy: 75.17%, AUC: 0.83 [VAL] Loss: 0.5162, Accuracy: 76.50%, Precision: 0.71, Recall: 0.81, F1: 0.75, AUC: 0.85
Epoch [10/100] [TRAIN] Loss: 0.5442, Accuracy: 75.34%, AUC: 0.83 [VAL] Loss: 0.5162, Accuracy: 76.80%, Precision: 0.71, Recall: 0.81, F1: 0.76, AUC: 0.85
Epoch [11/100] [TRAIN] Loss: 0.5423, Accuracy: 75.47%, AUC: 0.83 [VAL] Loss: 0.5160, Accuracy: 76.70%, Precision: 0.71, Recall: 0.81, F1: 0.76, AUC: 0.85
Epoch [12/100] [TRAIN] Loss: 0.5421, Accuracy: 75.17%, AUC: 0.83 [VAL] Loss: 0.5148, Accuracy: 76.30%, Precision: 0.71, Recall: 0.81, F1: 0.75, AUC: 0.85
Epoch [13/100] [TRAIN] Loss: 0.5415, Accuracy: 74.97%, AUC: 0.83 [VAL] Loss: 0.5149, Accuracy: 76.40%, Precision: 0.71, Recall: 0.81, F1: 0.75, AUC: 0.85
Epoch [14/100] [TRAIN] Loss: 0.5396, Accuracy: 74.84%, AUC: 0.83 [VAL] Loss: 0.5149, Accuracy: 76.40%, Precision: 0.71, Recall: 0.81, F1: 0.75, AUC: 0.85
Epoch [15/100] [TRAIN] Loss: 0.5393, Accuracy: 75.34%, AUC: 0.83 [VAL] Loss: 0.5147, Accuracy: 76.40%, Precision: 0.71, Recall: 0.81, F1: 0.75, AUC: 0.85
Epoch [16/100] [TRAIN] Loss: 0.5385, Accuracy: 74.55%, AUC: 0.83 [VAL] Loss: 0.5145, Accuracy: 76.70%, Precision: 0.71, Recall: 0.81, F1: 0.76, AUC: 0.85
Epoch [17/100] [TRAIN] Loss: 0.5344, Accuracy: 75.89%, AUC: 0.84 [VAL] Loss: 0.5149, Accuracy: 76.60%, Precision: 0.71, Recall: 0.81, F1: 0.76, AUC: 0.85
Epoch [18/100] [TRAIN] Loss: 0.5299, Accuracy: 75.91%, AUC: 0.84 [VAL] Loss: 0.5140, Accuracy: 76.60%, Precision: 0.71, Recall: 0.81, F1: 0.76, AUC: 0.85
Epoch [19/100] [TRAIN] Loss: 0.5363, Accuracy: 75.15%, AUC: 0.84 [VAL] Loss: 0.5151, Accuracy: 76.40%, Precision: 0.71, Recall: 0.80, F1: 0.75, AUC: 0.85
Epoch [20/100] [TRAIN] Loss: 0.5304, Accuracy: 75.65%, AUC: 0.84 [VAL] Loss: 0.5143, Accuracy: 76.30%, Precision: 0.71, Recall: 0.81, F1: 0.75, AUC: 0.85
Epoch [21/100] [TRAIN] Loss: 0.5330, Accuracy: 75.60%, AUC: 0.84 [VAL] Loss: 0.5147, Accuracy: 76.20%, Precision: 0.71, Recall: 0.80, F1: 0.75, AUC: 0.85
Epoch [22/100] [TRAIN] Loss: 0.5299, Accuracy: 75.62%, AUC: 0.84 [VAL] Loss: 0.5140, Accuracy: 76.40%, Precision: 0.71, Recall: 0.81, F1: 0.75, AUC: 0.85
Epoch [23/100] [TRAIN] Loss: 0.5284, Accuracy: 75.72%, AUC: 0.84 [VAL] Loss: 0.5134, Accuracy: 76.40%, Precision: 0.71, Recall: 0.81, F1: 0.75, AUC: 0.85
Epoch [24/100] [TRAIN] Loss: 0.5310, Accuracy: 75.25%, AUC: 0.84 [VAL] Loss: 0.5135, Accuracy: 76.30%, Precision: 0.71, Recall: 0.80, F1: 0.75, AUC: 0.85
Epoch [25/100] [TRAIN] Loss: 0.5303, Accuracy: 75.85%, AUC: 0.84 [VAL] Loss: 0.5138, Accuracy: 76.30%, Precision: 0.71, Recall: 0.80, F1: 0.75, AUC: 0.85
Epoch [26/100] [TRAIN] Loss: 0.5291, Accuracy: 75.91%, AUC: 0.84 [VAL] Loss: 0.5143, Accuracy: 76.30%, Precision: 0.71, Recall: 0.81, F1: 0.75, AUC: 0.85
Epoch [27/100] [TRAIN] Loss: 0.5269, Accuracy: 75.50%, AUC: 0.84 [VAL] Loss: 0.5133, Accuracy: 76.30%, Precision: 0.71, Recall: 0.81, F1: 0.75, AUC: 0.85
Epoch [28/100] [TRAIN] Loss: 0.5261, Accuracy: 76.00%, AUC: 0.84 [VAL] Loss: 0.5136, Accuracy: 76.40%, Precision: 0.71, Recall: 0.81, F1: 0.75, AUC: 0.85
Epoch [29/100] [TRAIN] Loss: 0.5293, Accuracy: 75.55%, AUC: 0.84 [VAL] Loss: 0.5146, Accuracy: 76.50%, Precision: 0.71, Recall: 0.81, F1: 0.75, AUC: 0.85
Epoch [30/100] [TRAIN] Loss: 0.5294, Accuracy: 75.53%, AUC: 0.84 [VAL] Loss: 0.5144, Accuracy: 76.30%, Precision: 0.71, Recall: 0.81, F1: 0.75, AUC: 0.85
Epoch [31/100] [TRAIN] Loss: 0.5289, Accuracy: 75.62%, AUC: 0.84 [VAL] Loss: 0.5139, Accuracy: 76.30%, Precision: 0.71, Recall: 0.81, F1: 0.75, AUC: 0.85
Epoch [32/100] [TRAIN] Loss: 0.5273, Accuracy: 75.75%, AUC: 0.84 [VAL] Loss: 0.5135, Accuracy: 76.20%, Precision: 0.71, Recall: 0.80, F1: 0.75, AUC: 0.85
Epoch [33/100] [TRAIN] Loss: 0.5260, Accuracy: 76.21%, AUC: 0.84 [VAL] Loss: 0.5135, Accuracy: 76.50%, Precision: 0.71, Recall: 0.81, F1: 0.75, AUC: 0.85
Epoch [34/100] [TRAIN] Loss: 0.5261, Accuracy: 75.75%, AUC: 0.84 [VAL] Loss: 0.5135, Accuracy: 76.50%, Precision: 0.71, Recall: 0.81, F1: 0.75, AUC: 0.85
Epoch [35/100] [TRAIN] Loss: 0.5236, Accuracy: 75.71%, AUC: 0.84 [VAL] Loss: 0.5135, Accuracy: 76.60%, Precision: 0.71, Recall: 0.81, F1: 0.76, AUC: 0.85
Epoch [36/100] [TRAIN] Loss: 0.5266, Accuracy: 75.42%, AUC: 0.84 [VAL] Loss: 0.5134, Accuracy: 76.40%, Precision: 0.71, Recall: 0.81, F1: 0.75, AUC: 0.85
Epoch [37/100] [TRAIN] Loss: 0.5282, Accuracy: 76.04%, AUC: 0.84 [VAL] Loss: 0.5134, Accuracy: 76.50%, Precision: 0.71, Recall: 0.81, F1: 0.75, AUC: 0.85
  Early stopping at epoch 37 (no val_loss improvement for 10 epochs)
  Antisymmetry score (raw):        0.9500
  Antisymmetry score (confident):  1.0000
  Total violations:                50 / 1000
  Pairs near boundary:             169 (16.9%)
  Avg |prob-0.5| at violation:     0.0000

--- Training baselines (LogisticRegression, RandomForest, SVM) ---

  Training LogisticRegression...
  Val accuracy: 74.00%  |  Val AUC: 0.8045

  [LogisticRegression]  Accuracy: 74.70%  AUC: 0.8201  AUCPRC: 0.7912  Precision: 0.7580  Recall: 0.6931  F1: 0.7241  Antisym: 0.7830

  Training RandomForest...
  Val accuracy: 75.80%  |  Val AUC: 0.8412

  [RandomForest]  Accuracy: 76.60%  AUC: 0.8673  AUCPRC: 0.8618  Precision: 0.7790  Recall: 0.7140  F1: 0.7451  Antisym: 0.8190

  Training SVM_Linear...
  Val accuracy: 74.10%  |  Val AUC: 0.7991

  [SVM_Linear]  Accuracy: 74.30%  AUC: 0.8126  AUCPRC: 0.7853  Precision: 0.7558  Recall: 0.6848  F1: 0.7185  Antisym: 0.7620
Seed: 1011
=== DirectRanker ===
Accuracy:  75.70 %
AUC:       0.8518
AUCPRC:    0.8546
Precision: 0.7351
Recall:    0.7704
F1-Score:  0.7523
Antisymmetry score:  0.9500  (1.0 = perfect, ~0.5 = random)

Detailed Classification Report:
              precision    recall  f1-score   support

           0       0.78      0.74      0.76       521
           1       0.74      0.77      0.75       479

    accuracy                           0.76      1000
   macro avg       0.76      0.76      0.76      1000
weighted avg       0.76      0.76      0.76      1000


Confusion Matrix:
[[388 133]
 [110 369]]

=== LogisticRegression ===
Accuracy:  74.70 %
AUC:       0.8201
AUCPRC:    0.7912
Precision: 0.7580
Recall:    0.6931
F1-Score:  0.7241
Antisymmetry score:  0.7830
Confusion Matrix:
[[415 106]
 [147 332]]

=== RandomForest ===
Accuracy:  76.60 %
AUC:       0.8673
AUCPRC:    0.8618
Precision: 0.7790
Recall:    0.7140
F1-Score:  0.7451
Antisymmetry score:  0.8190
Confusion Matrix:
[[424  97]
 [137 342]]

=== SVM_Linear ===
Accuracy:  74.30 %
AUC:       0.8126
AUCPRC:    0.7853
Precision: 0.7558
Recall:    0.6848
F1-Score:  0.7185
Antisymmetry score:  0.7620
Confusion Matrix:
[[415 106]
 [151 328]]

Saved combined test metrics: /group/pmc021/amunif/epi-thesis/workflow/18_Pairwise Ranking HepG2 REMC/output/combined/test/018-H3K4me3-H3K9me3-H3K27ac-seed1011-test-metrics.csv
Saved combined ROC plot: /group/pmc021/amunif/epi-thesis/workflow/18_Pairwise Ranking HepG2 REMC/output/combined/img/roc/018-H3K4me3-H3K9me3-H3K27ac-seed1011-roc-combined.png
Saved combined PRC plot: /group/pmc021/amunif/epi-thesis/workflow/18_Pairwise Ranking HepG2 REMC/output/combined/img/prc/018-H3K4me3-H3K9me3-H3K27ac-seed1011-prc-combined.png

Finished 018-H3K4me3-H3K9me3-H3K27ac (seed 1011)

======================================================================
019-H3K4me3-H3K9me3-H3K27me3
======================================================================
Train label distribution:
  Label 0:   4140 (51.7%)
  Label 1:   3860 (48.2%)
Val label distribution:
  Label 0:    553 (55.3%)
  Label 1:    447 (44.7%)
Test label distribution:
  Label 0:    521 (52.1%)
  Label 1:    479 (47.9%)
Saved label distribution: /group/pmc021/amunif/epi-thesis/workflow/18_Pairwise Ranking HepG2 REMC/output/combined/test/019-H3K4me3-H3K9me3-H3K27me3-seed1011-label-distribution.csv

--- Training DirectRanker ---
Epoch [1/100] [TRAIN] Loss: 0.6291, Accuracy: 69.06%, AUC: 0.76 [VAL] Loss: 0.5368, Accuracy: 76.70%, Precision: 0.73, Recall: 0.77, F1: 0.75, AUC: 0.84
Epoch [2/100] [TRAIN] Loss: 0.5814, Accuracy: 72.78%, AUC: 0.81 [VAL] Loss: 0.5321, Accuracy: 76.90%, Precision: 0.73, Recall: 0.77, F1: 0.75, AUC: 0.84
Epoch [3/100] [TRAIN] Loss: 0.5805, Accuracy: 73.19%, AUC: 0.80 [VAL] Loss: 0.5277, Accuracy: 77.00%, Precision: 0.73, Recall: 0.77, F1: 0.75, AUC: 0.84
Epoch [4/100] [TRAIN] Loss: 0.5708, Accuracy: 73.28%, AUC: 0.81 [VAL] Loss: 0.5255, Accuracy: 77.20%, Precision: 0.73, Recall: 0.78, F1: 0.75, AUC: 0.84
Epoch [5/100] [TRAIN] Loss: 0.5618, Accuracy: 73.67%, AUC: 0.82 [VAL] Loss: 0.5218, Accuracy: 77.40%, Precision: 0.73, Recall: 0.78, F1: 0.75, AUC: 0.85
Epoch [6/100] [TRAIN] Loss: 0.5618, Accuracy: 73.90%, AUC: 0.82 [VAL] Loss: 0.5209, Accuracy: 77.30%, Precision: 0.73, Recall: 0.79, F1: 0.76, AUC: 0.85
Epoch [7/100] [TRAIN] Loss: 0.5551, Accuracy: 74.08%, AUC: 0.82 [VAL] Loss: 0.5194, Accuracy: 77.40%, Precision: 0.73, Recall: 0.78, F1: 0.76, AUC: 0.85
Epoch [8/100] [TRAIN] Loss: 0.5542, Accuracy: 74.21%, AUC: 0.82 [VAL] Loss: 0.5175, Accuracy: 77.40%, Precision: 0.73, Recall: 0.79, F1: 0.76, AUC: 0.85
Epoch [9/100] [TRAIN] Loss: 0.5548, Accuracy: 74.60%, AUC: 0.82 [VAL] Loss: 0.5177, Accuracy: 77.50%, Precision: 0.73, Recall: 0.79, F1: 0.76, AUC: 0.85
Epoch [10/100] [TRAIN] Loss: 0.5539, Accuracy: 74.04%, AUC: 0.82 [VAL] Loss: 0.5160, Accuracy: 77.70%, Precision: 0.73, Recall: 0.79, F1: 0.76, AUC: 0.85
Epoch [11/100] [TRAIN] Loss: 0.5447, Accuracy: 73.88%, AUC: 0.83 [VAL] Loss: 0.5142, Accuracy: 77.80%, Precision: 0.73, Recall: 0.79, F1: 0.76, AUC: 0.85
Epoch [12/100] [TRAIN] Loss: 0.5439, Accuracy: 74.81%, AUC: 0.83 [VAL] Loss: 0.5132, Accuracy: 77.80%, Precision: 0.73, Recall: 0.79, F1: 0.76, AUC: 0.85
Epoch [13/100] [TRAIN] Loss: 0.5462, Accuracy: 74.49%, AUC: 0.83 [VAL] Loss: 0.5134, Accuracy: 77.40%, Precision: 0.73, Recall: 0.78, F1: 0.76, AUC: 0.85
Epoch [14/100] [TRAIN] Loss: 0.5464, Accuracy: 74.17%, AUC: 0.83 [VAL] Loss: 0.5142, Accuracy: 77.30%, Precision: 0.73, Recall: 0.79, F1: 0.76, AUC: 0.85
Epoch [15/100] [TRAIN] Loss: 0.5445, Accuracy: 74.50%, AUC: 0.83 [VAL] Loss: 0.5130, Accuracy: 77.40%, Precision: 0.73, Recall: 0.79, F1: 0.76, AUC: 0.85
Epoch [16/100] [TRAIN] Loss: 0.5413, Accuracy: 74.66%, AUC: 0.83 [VAL] Loss: 0.5116, Accuracy: 77.30%, Precision: 0.73, Recall: 0.79, F1: 0.76, AUC: 0.85
Epoch [17/100] [TRAIN] Loss: 0.5448, Accuracy: 74.51%, AUC: 0.83 [VAL] Loss: 0.5117, Accuracy: 77.10%, Precision: 0.73, Recall: 0.78, F1: 0.75, AUC: 0.85
Epoch [18/100] [TRAIN] Loss: 0.5405, Accuracy: 74.62%, AUC: 0.83 [VAL] Loss: 0.5112, Accuracy: 77.00%, Precision: 0.72, Recall: 0.78, F1: 0.75, AUC: 0.85
Epoch [19/100] [TRAIN] Loss: 0.5379, Accuracy: 74.85%, AUC: 0.83 [VAL] Loss: 0.5120, Accuracy: 77.20%, Precision: 0.73, Recall: 0.78, F1: 0.75, AUC: 0.85
Epoch [20/100] [TRAIN] Loss: 0.5384, Accuracy: 74.69%, AUC: 0.83 [VAL] Loss: 0.5106, Accuracy: 76.90%, Precision: 0.72, Recall: 0.78, F1: 0.75, AUC: 0.85
Epoch [21/100] [TRAIN] Loss: 0.5376, Accuracy: 74.88%, AUC: 0.83 [VAL] Loss: 0.5089, Accuracy: 77.20%, Precision: 0.73, Recall: 0.78, F1: 0.75, AUC: 0.85
Epoch [22/100] [TRAIN] Loss: 0.5358, Accuracy: 74.85%, AUC: 0.83 [VAL] Loss: 0.5092, Accuracy: 77.40%, Precision: 0.73, Recall: 0.78, F1: 0.76, AUC: 0.85
Epoch [23/100] [TRAIN] Loss: 0.5361, Accuracy: 75.03%, AUC: 0.83 [VAL] Loss: 0.5088, Accuracy: 77.50%, Precision: 0.73, Recall: 0.79, F1: 0.76, AUC: 0.85
Epoch [24/100] [TRAIN] Loss: 0.5312, Accuracy: 74.81%, AUC: 0.84 [VAL] Loss: 0.5082, Accuracy: 77.50%, Precision: 0.73, Recall: 0.79, F1: 0.76, AUC: 0.85
Epoch [25/100] [TRAIN] Loss: 0.5354, Accuracy: 74.97%, AUC: 0.83 [VAL] Loss: 0.5091, Accuracy: 77.40%, Precision: 0.73, Recall: 0.78, F1: 0.76, AUC: 0.85
Epoch [26/100] [TRAIN] Loss: 0.5347, Accuracy: 74.81%, AUC: 0.83 [VAL] Loss: 0.5077, Accuracy: 77.70%, Precision: 0.73, Recall: 0.79, F1: 0.76, AUC: 0.85
Epoch [27/100] [TRAIN] Loss: 0.5327, Accuracy: 74.81%, AUC: 0.84 [VAL] Loss: 0.5074, Accuracy: 77.50%, Precision: 0.73, Recall: 0.79, F1: 0.76, AUC: 0.85
Epoch [28/100] [TRAIN] Loss: 0.5345, Accuracy: 75.22%, AUC: 0.83 [VAL] Loss: 0.5071, Accuracy: 77.50%, Precision: 0.73, Recall: 0.78, F1: 0.76, AUC: 0.85
Epoch [29/100] [TRAIN] Loss: 0.5327, Accuracy: 75.31%, AUC: 0.84 [VAL] Loss: 0.5075, Accuracy: 77.20%, Precision: 0.73, Recall: 0.78, F1: 0.75, AUC: 0.85
Epoch [30/100] [TRAIN] Loss: 0.5336, Accuracy: 74.65%, AUC: 0.83 [VAL] Loss: 0.5088, Accuracy: 77.20%, Precision: 0.73, Recall: 0.79, F1: 0.75, AUC: 0.85
Epoch [31/100] [TRAIN] Loss: 0.5308, Accuracy: 75.21%, AUC: 0.84 [VAL] Loss: 0.5067, Accuracy: 77.30%, Precision: 0.73, Recall: 0.78, F1: 0.76, AUC: 0.85
Epoch [32/100] [TRAIN] Loss: 0.5315, Accuracy: 75.20%, AUC: 0.84 [VAL] Loss: 0.5067, Accuracy: 77.40%, Precision: 0.73, Recall: 0.79, F1: 0.76, AUC: 0.85
Epoch [33/100] [TRAIN] Loss: 0.5336, Accuracy: 74.96%, AUC: 0.83 [VAL] Loss: 0.5077, Accuracy: 77.50%, Precision: 0.73, Recall: 0.79, F1: 0.76, AUC: 0.85
Epoch [34/100] [TRAIN] Loss: 0.5308, Accuracy: 75.15%, AUC: 0.84 [VAL] Loss: 0.5061, Accuracy: 77.40%, Precision: 0.73, Recall: 0.79, F1: 0.76, AUC: 0.85
Epoch [35/100] [TRAIN] Loss: 0.5329, Accuracy: 74.51%, AUC: 0.83 [VAL] Loss: 0.5059, Accuracy: 77.50%, Precision: 0.73, Recall: 0.79, F1: 0.76, AUC: 0.85
Epoch [36/100] [TRAIN] Loss: 0.5295, Accuracy: 74.88%, AUC: 0.84 [VAL] Loss: 0.5068, Accuracy: 77.50%, Precision: 0.73, Recall: 0.79, F1: 0.76, AUC: 0.85
Epoch [37/100] [TRAIN] Loss: 0.5292, Accuracy: 75.20%, AUC: 0.84 [VAL] Loss: 0.5056, Accuracy: 77.30%, Precision: 0.73, Recall: 0.79, F1: 0.76, AUC: 0.85
Epoch [38/100] [TRAIN] Loss: 0.5311, Accuracy: 75.17%, AUC: 0.84 [VAL] Loss: 0.5058, Accuracy: 77.20%, Precision: 0.73, Recall: 0.78, F1: 0.75, AUC: 0.85
Epoch [39/100] [TRAIN] Loss: 0.5264, Accuracy: 75.19%, AUC: 0.84 [VAL] Loss: 0.5045, Accuracy: 77.30%, Precision: 0.73, Recall: 0.78, F1: 0.75, AUC: 0.85
Epoch [40/100] [TRAIN] Loss: 0.5248, Accuracy: 75.09%, AUC: 0.84 [VAL] Loss: 0.5044, Accuracy: 77.50%, Precision: 0.73, Recall: 0.79, F1: 0.76, AUC: 0.85
Epoch [41/100] [TRAIN] Loss: 0.5274, Accuracy: 74.97%, AUC: 0.84 [VAL] Loss: 0.5047, Accuracy: 77.30%, Precision: 0.73, Recall: 0.78, F1: 0.76, AUC: 0.85
Epoch [42/100] [TRAIN] Loss: 0.5253, Accuracy: 74.83%, AUC: 0.84 [VAL] Loss: 0.5041, Accuracy: 77.30%, Precision: 0.73, Recall: 0.79, F1: 0.76, AUC: 0.85
Epoch [43/100] [TRAIN] Loss: 0.5256, Accuracy: 75.25%, AUC: 0.84 [VAL] Loss: 0.5042, Accuracy: 77.50%, Precision: 0.73, Recall: 0.79, F1: 0.76, AUC: 0.85
Epoch [44/100] [TRAIN] Loss: 0.5272, Accuracy: 74.90%, AUC: 0.84 [VAL] Loss: 0.5046, Accuracy: 77.40%, Precision: 0.73, Recall: 0.79, F1: 0.76, AUC: 0.85
Epoch [45/100] [TRAIN] Loss: 0.5256, Accuracy: 74.99%, AUC: 0.84 [VAL] Loss: 0.5044, Accuracy: 77.70%, Precision: 0.73, Recall: 0.79, F1: 0.76, AUC: 0.85
Epoch [46/100] [TRAIN] Loss: 0.5290, Accuracy: 75.14%, AUC: 0.84 [VAL] Loss: 0.5043, Accuracy: 77.50%, Precision: 0.73, Recall: 0.79, F1: 0.76, AUC: 0.85
Epoch [47/100] [TRAIN] Loss: 0.5249, Accuracy: 75.46%, AUC: 0.84 [VAL] Loss: 0.5040, Accuracy: 77.50%, Precision: 0.73, Recall: 0.79, F1: 0.76, AUC: 0.85
Epoch [48/100] [TRAIN] Loss: 0.5303, Accuracy: 74.74%, AUC: 0.84 [VAL] Loss: 0.5045, Accuracy: 77.50%, Precision: 0.73, Recall: 0.79, F1: 0.76, AUC: 0.85
Epoch [49/100] [TRAIN] Loss: 0.5260, Accuracy: 74.88%, AUC: 0.84 [VAL] Loss: 0.5041, Accuracy: 77.60%, Precision: 0.73, Recall: 0.79, F1: 0.76, AUC: 0.85
Epoch [50/100] [TRAIN] Loss: 0.5293, Accuracy: 75.05%, AUC: 0.84 [VAL] Loss: 0.5043, Accuracy: 77.70%, Precision: 0.73, Recall: 0.79, F1: 0.76, AUC: 0.85
Epoch [51/100] [TRAIN] Loss: 0.5269, Accuracy: 74.90%, AUC: 0.84 [VAL] Loss: 0.5035, Accuracy: 77.60%, Precision: 0.73, Recall: 0.79, F1: 0.76, AUC: 0.85
Epoch [52/100] [TRAIN] Loss: 0.5237, Accuracy: 75.35%, AUC: 0.84 [VAL] Loss: 0.5033, Accuracy: 77.60%, Precision: 0.73, Recall: 0.79, F1: 0.76, AUC: 0.85
Epoch [53/100] [TRAIN] Loss: 0.5168, Accuracy: 75.66%, AUC: 0.84 [VAL] Loss: 0.5030, Accuracy: 77.60%, Precision: 0.73, Recall: 0.79, F1: 0.76, AUC: 0.85
Epoch [54/100] [TRAIN] Loss: 0.5243, Accuracy: 75.04%, AUC: 0.84 [VAL] Loss: 0.5044, Accuracy: 77.60%, Precision: 0.73, Recall: 0.79, F1: 0.76, AUC: 0.85
Epoch [55/100] [TRAIN] Loss: 0.5213, Accuracy: 75.60%, AUC: 0.84 [VAL] Loss: 0.5030, Accuracy: 77.70%, Precision: 0.73, Recall: 0.79, F1: 0.76, AUC: 0.85
Epoch [56/100] [TRAIN] Loss: 0.5218, Accuracy: 75.45%, AUC: 0.84 [VAL] Loss: 0.5031, Accuracy: 77.70%, Precision: 0.73, Recall: 0.79, F1: 0.76, AUC: 0.85
Epoch [57/100] [TRAIN] Loss: 0.5231, Accuracy: 75.06%, AUC: 0.84 [VAL] Loss: 0.5032, Accuracy: 77.50%, Precision: 0.73, Recall: 0.79, F1: 0.76, AUC: 0.85
Epoch [58/100] [TRAIN] Loss: 0.5207, Accuracy: 75.75%, AUC: 0.84 [VAL] Loss: 0.5031, Accuracy: 77.40%, Precision: 0.73, Recall: 0.79, F1: 0.76, AUC: 0.85
Epoch [59/100] [TRAIN] Loss: 0.5202, Accuracy: 75.41%, AUC: 0.84 [VAL] Loss: 0.5021, Accuracy: 77.40%, Precision: 0.73, Recall: 0.79, F1: 0.76, AUC: 0.85
Epoch [60/100] [TRAIN] Loss: 0.5233, Accuracy: 75.11%, AUC: 0.84 [VAL] Loss: 0.5037, Accuracy: 77.60%, Precision: 0.73, Recall: 0.79, F1: 0.76, AUC: 0.85
Epoch [61/100] [TRAIN] Loss: 0.5241, Accuracy: 75.10%, AUC: 0.84 [VAL] Loss: 0.5033, Accuracy: 77.50%, Precision: 0.73, Recall: 0.79, F1: 0.76, AUC: 0.85
Epoch [62/100] [TRAIN] Loss: 0.5194, Accuracy: 75.91%, AUC: 0.84 [VAL] Loss: 0.5024, Accuracy: 77.20%, Precision: 0.73, Recall: 0.79, F1: 0.75, AUC: 0.85
Epoch [63/100] [TRAIN] Loss: 0.5209, Accuracy: 75.34%, AUC: 0.84 [VAL] Loss: 0.5023, Accuracy: 77.10%, Precision: 0.73, Recall: 0.78, F1: 0.75, AUC: 0.85
Epoch [64/100] [TRAIN] Loss: 0.5220, Accuracy: 75.09%, AUC: 0.84 [VAL] Loss: 0.5029, Accuracy: 77.10%, Precision: 0.73, Recall: 0.78, F1: 0.75, AUC: 0.85
Epoch [65/100] [TRAIN] Loss: 0.5221, Accuracy: 75.11%, AUC: 0.84 [VAL] Loss: 0.5028, Accuracy: 77.20%, Precision: 0.73, Recall: 0.79, F1: 0.75, AUC: 0.85
Epoch [66/100] [TRAIN] Loss: 0.5202, Accuracy: 75.39%, AUC: 0.84 [VAL] Loss: 0.5028, Accuracy: 77.10%, Precision: 0.73, Recall: 0.78, F1: 0.75, AUC: 0.85
Epoch [67/100] [TRAIN] Loss: 0.5227, Accuracy: 75.28%, AUC: 0.84 [VAL] Loss: 0.5028, Accuracy: 77.10%, Precision: 0.73, Recall: 0.78, F1: 0.75, AUC: 0.85
Epoch [68/100] [TRAIN] Loss: 0.5209, Accuracy: 75.28%, AUC: 0.84 [VAL] Loss: 0.5028, Accuracy: 77.10%, Precision: 0.73, Recall: 0.78, F1: 0.75, AUC: 0.85
Epoch [69/100] [TRAIN] Loss: 0.5195, Accuracy: 75.40%, AUC: 0.84 [VAL] Loss: 0.5028, Accuracy: 77.10%, Precision: 0.73, Recall: 0.78, F1: 0.75, AUC: 0.85
  Early stopping at epoch 69 (no val_loss improvement for 10 epochs)
  Antisymmetry score (raw):        0.9850
  Antisymmetry score (confident):  1.0000
  Total violations:                15 / 1000
  Pairs near boundary:             126 (12.6%)
  Avg |prob-0.5| at violation:     0.0000

--- Training baselines (LogisticRegression, RandomForest, SVM) ---

  Training LogisticRegression...
  Val accuracy: 73.80%  |  Val AUC: 0.8113

  [LogisticRegression]  Accuracy: 76.30%  AUC: 0.8364  AUCPRC: 0.8087  Precision: 0.7701  Recall: 0.7203  F1: 0.7443  Antisym: 0.8020

  Training RandomForest...
  Val accuracy: 76.00%  |  Val AUC: 0.8412

  [RandomForest]  Accuracy: 77.40%  AUC: 0.8741  AUCPRC: 0.8659  Precision: 0.7817  Recall: 0.7328  F1: 0.7565  Antisym: 0.8030

  Training SVM_Linear...
  Val accuracy: 73.30%  |  Val AUC: 0.8056

  [SVM_Linear]  Accuracy: 75.00%  AUC: 0.8249  AUCPRC: 0.7965  Precision: 0.7596  Recall: 0.6994  F1: 0.7283  Antisym: 0.7860
Seed: 1011
=== DirectRanker ===
Accuracy:  76.30 %
AUC:       0.8587
AUCPRC:    0.8562
Precision: 0.7430
Recall:    0.7724
F1-Score:  0.7574
Antisymmetry score:  0.9850  (1.0 = perfect, ~0.5 = random)

Detailed Classification Report:
              precision    recall  f1-score   support

           0       0.78      0.75      0.77       521
           1       0.74      0.77      0.76       479

    accuracy                           0.76      1000
   macro avg       0.76      0.76      0.76      1000
weighted avg       0.76      0.76      0.76      1000


Confusion Matrix:
[[393 128]
 [109 370]]

=== LogisticRegression ===
Accuracy:  76.30 %
AUC:       0.8364
AUCPRC:    0.8087
Precision: 0.7701
Recall:    0.7203
F1-Score:  0.7443
Antisymmetry score:  0.8020
Confusion Matrix:
[[418 103]
 [134 345]]

=== RandomForest ===
Accuracy:  77.40 %
AUC:       0.8741
AUCPRC:    0.8659
Precision: 0.7817
Recall:    0.7328
F1-Score:  0.7565
Antisymmetry score:  0.8030
Confusion Matrix:
[[423  98]
 [128 351]]

=== SVM_Linear ===
Accuracy:  75.00 %
AUC:       0.8249
AUCPRC:    0.7965
Precision: 0.7596
Recall:    0.6994
F1-Score:  0.7283
Antisymmetry score:  0.7860
Confusion Matrix:
[[415 106]
 [144 335]]

Saved combined test metrics: /group/pmc021/amunif/epi-thesis/workflow/18_Pairwise Ranking HepG2 REMC/output/combined/test/019-H3K4me3-H3K9me3-H3K27me3-seed1011-test-metrics.csv
Saved combined ROC plot: /group/pmc021/amunif/epi-thesis/workflow/18_Pairwise Ranking HepG2 REMC/output/combined/img/roc/019-H3K4me3-H3K9me3-H3K27me3-seed1011-roc-combined.png
Saved combined PRC plot: /group/pmc021/amunif/epi-thesis/workflow/18_Pairwise Ranking HepG2 REMC/output/combined/img/prc/019-H3K4me3-H3K9me3-H3K27me3-seed1011-prc-combined.png

Finished 019-H3K4me3-H3K9me3-H3K27me3 (seed 1011)

======================================================================
020-H3K4me3-H3K27ac-H3K27me3
======================================================================
Train label distribution:
  Label 0:   4140 (51.7%)
  Label 1:   3860 (48.2%)
Val label distribution:
  Label 0:    553 (55.3%)
  Label 1:    447 (44.7%)
Test label distribution:
  Label 0:    521 (52.1%)
  Label 1:    479 (47.9%)
Saved label distribution: /group/pmc021/amunif/epi-thesis/workflow/18_Pairwise Ranking HepG2 REMC/output/combined/test/020-H3K4me3-H3K27ac-H3K27me3-seed1011-label-distribution.csv

--- Training DirectRanker ---
Epoch [1/100] [TRAIN] Loss: 0.6067, Accuracy: 70.94%, AUC: 0.78 [VAL] Loss: 0.5289, Accuracy: 75.90%, Precision: 0.71, Recall: 0.78, F1: 0.74, AUC: 0.84
Epoch [2/100] [TRAIN] Loss: 0.5699, Accuracy: 73.10%, AUC: 0.81 [VAL] Loss: 0.5194, Accuracy: 76.10%, Precision: 0.71, Recall: 0.78, F1: 0.74, AUC: 0.85
Epoch [3/100] [TRAIN] Loss: 0.5600, Accuracy: 74.10%, AUC: 0.82 [VAL] Loss: 0.5189, Accuracy: 76.30%, Precision: 0.71, Recall: 0.79, F1: 0.75, AUC: 0.85
Epoch [4/100] [TRAIN] Loss: 0.5505, Accuracy: 74.31%, AUC: 0.83 [VAL] Loss: 0.5153, Accuracy: 76.50%, Precision: 0.72, Recall: 0.78, F1: 0.75, AUC: 0.85
Epoch [5/100] [TRAIN] Loss: 0.5491, Accuracy: 75.10%, AUC: 0.83 [VAL] Loss: 0.5142, Accuracy: 76.70%, Precision: 0.72, Recall: 0.78, F1: 0.75, AUC: 0.85
Epoch [6/100] [TRAIN] Loss: 0.5476, Accuracy: 74.44%, AUC: 0.83 [VAL] Loss: 0.5141, Accuracy: 76.70%, Precision: 0.72, Recall: 0.78, F1: 0.75, AUC: 0.85
Epoch [7/100] [TRAIN] Loss: 0.5450, Accuracy: 74.94%, AUC: 0.83 [VAL] Loss: 0.5133, Accuracy: 76.80%, Precision: 0.72, Recall: 0.79, F1: 0.75, AUC: 0.85
Epoch [8/100] [TRAIN] Loss: 0.5410, Accuracy: 75.05%, AUC: 0.83 [VAL] Loss: 0.5120, Accuracy: 77.40%, Precision: 0.73, Recall: 0.79, F1: 0.76, AUC: 0.85
Epoch [9/100] [TRAIN] Loss: 0.5370, Accuracy: 75.16%, AUC: 0.83 [VAL] Loss: 0.5120, Accuracy: 77.40%, Precision: 0.73, Recall: 0.79, F1: 0.76, AUC: 0.85
Epoch [10/100] [TRAIN] Loss: 0.5377, Accuracy: 75.34%, AUC: 0.84 [VAL] Loss: 0.5124, Accuracy: 76.90%, Precision: 0.72, Recall: 0.78, F1: 0.75, AUC: 0.85
Epoch [11/100] [TRAIN] Loss: 0.5352, Accuracy: 75.31%, AUC: 0.84 [VAL] Loss: 0.5101, Accuracy: 77.00%, Precision: 0.72, Recall: 0.79, F1: 0.75, AUC: 0.85
Epoch [12/100] [TRAIN] Loss: 0.5338, Accuracy: 75.59%, AUC: 0.84 [VAL] Loss: 0.5116, Accuracy: 77.30%, Precision: 0.73, Recall: 0.79, F1: 0.76, AUC: 0.85
Epoch [13/100] [TRAIN] Loss: 0.5327, Accuracy: 75.46%, AUC: 0.84 [VAL] Loss: 0.5088, Accuracy: 76.90%, Precision: 0.72, Recall: 0.78, F1: 0.75, AUC: 0.85
Epoch [14/100] [TRAIN] Loss: 0.5258, Accuracy: 75.59%, AUC: 0.84 [VAL] Loss: 0.5077, Accuracy: 76.80%, Precision: 0.72, Recall: 0.78, F1: 0.75, AUC: 0.85
Epoch [15/100] [TRAIN] Loss: 0.5306, Accuracy: 75.69%, AUC: 0.84 [VAL] Loss: 0.5084, Accuracy: 77.20%, Precision: 0.73, Recall: 0.78, F1: 0.75, AUC: 0.85
Epoch [16/100] [TRAIN] Loss: 0.5303, Accuracy: 75.50%, AUC: 0.84 [VAL] Loss: 0.5090, Accuracy: 77.00%, Precision: 0.73, Recall: 0.78, F1: 0.75, AUC: 0.85
Epoch [17/100] [TRAIN] Loss: 0.5255, Accuracy: 75.49%, AUC: 0.84 [VAL] Loss: 0.5077, Accuracy: 77.00%, Precision: 0.73, Recall: 0.78, F1: 0.75, AUC: 0.85
Epoch [18/100] [TRAIN] Loss: 0.5288, Accuracy: 75.19%, AUC: 0.84 [VAL] Loss: 0.5075, Accuracy: 77.30%, Precision: 0.73, Recall: 0.78, F1: 0.76, AUC: 0.85
Epoch [19/100] [TRAIN] Loss: 0.5263, Accuracy: 75.91%, AUC: 0.84 [VAL] Loss: 0.5066, Accuracy: 77.20%, Precision: 0.73, Recall: 0.78, F1: 0.75, AUC: 0.85
Epoch [20/100] [TRAIN] Loss: 0.5236, Accuracy: 75.84%, AUC: 0.84 [VAL] Loss: 0.5066, Accuracy: 77.50%, Precision: 0.73, Recall: 0.79, F1: 0.76, AUC: 0.85
Epoch [21/100] [TRAIN] Loss: 0.5289, Accuracy: 75.56%, AUC: 0.84 [VAL] Loss: 0.5076, Accuracy: 77.10%, Precision: 0.73, Recall: 0.78, F1: 0.75, AUC: 0.85
Epoch [22/100] [TRAIN] Loss: 0.5242, Accuracy: 76.05%, AUC: 0.84 [VAL] Loss: 0.5059, Accuracy: 77.10%, Precision: 0.73, Recall: 0.78, F1: 0.75, AUC: 0.85
Epoch [23/100] [TRAIN] Loss: 0.5220, Accuracy: 75.86%, AUC: 0.84 [VAL] Loss: 0.5055, Accuracy: 77.10%, Precision: 0.73, Recall: 0.78, F1: 0.75, AUC: 0.85
Epoch [24/100] [TRAIN] Loss: 0.5231, Accuracy: 75.72%, AUC: 0.84 [VAL] Loss: 0.5054, Accuracy: 77.10%, Precision: 0.73, Recall: 0.78, F1: 0.75, AUC: 0.85
Epoch [25/100] [TRAIN] Loss: 0.5205, Accuracy: 75.70%, AUC: 0.85 [VAL] Loss: 0.5046, Accuracy: 77.20%, Precision: 0.73, Recall: 0.78, F1: 0.75, AUC: 0.85
Epoch [26/100] [TRAIN] Loss: 0.5226, Accuracy: 75.90%, AUC: 0.84 [VAL] Loss: 0.5046, Accuracy: 77.10%, Precision: 0.73, Recall: 0.78, F1: 0.75, AUC: 0.85
Epoch [27/100] [TRAIN] Loss: 0.5213, Accuracy: 76.40%, AUC: 0.85 [VAL] Loss: 0.5039, Accuracy: 77.10%, Precision: 0.73, Recall: 0.78, F1: 0.75, AUC: 0.85
Epoch [28/100] [TRAIN] Loss: 0.5215, Accuracy: 75.70%, AUC: 0.84 [VAL] Loss: 0.5052, Accuracy: 77.20%, Precision: 0.73, Recall: 0.78, F1: 0.75, AUC: 0.85
Epoch [29/100] [TRAIN] Loss: 0.5218, Accuracy: 75.69%, AUC: 0.84 [VAL] Loss: 0.5043, Accuracy: 77.20%, Precision: 0.73, Recall: 0.78, F1: 0.75, AUC: 0.85
Epoch [30/100] [TRAIN] Loss: 0.5210, Accuracy: 76.04%, AUC: 0.84 [VAL] Loss: 0.5035, Accuracy: 77.20%, Precision: 0.73, Recall: 0.78, F1: 0.75, AUC: 0.85
Epoch [31/100] [TRAIN] Loss: 0.5202, Accuracy: 76.11%, AUC: 0.85 [VAL] Loss: 0.5032, Accuracy: 77.20%, Precision: 0.73, Recall: 0.78, F1: 0.75, AUC: 0.85
Epoch [32/100] [TRAIN] Loss: 0.5172, Accuracy: 75.85%, AUC: 0.85 [VAL] Loss: 0.5030, Accuracy: 76.90%, Precision: 0.73, Recall: 0.77, F1: 0.75, AUC: 0.85
Epoch [33/100] [TRAIN] Loss: 0.5179, Accuracy: 76.17%, AUC: 0.85 [VAL] Loss: 0.5031, Accuracy: 77.20%, Precision: 0.73, Recall: 0.78, F1: 0.75, AUC: 0.85
Epoch [34/100] [TRAIN] Loss: 0.5164, Accuracy: 76.54%, AUC: 0.85 [VAL] Loss: 0.5027, Accuracy: 77.00%, Precision: 0.73, Recall: 0.77, F1: 0.75, AUC: 0.85
Epoch [35/100] [TRAIN] Loss: 0.5132, Accuracy: 75.66%, AUC: 0.85 [VAL] Loss: 0.5023, Accuracy: 77.00%, Precision: 0.73, Recall: 0.77, F1: 0.75, AUC: 0.85
Epoch [36/100] [TRAIN] Loss: 0.5147, Accuracy: 76.21%, AUC: 0.85 [VAL] Loss: 0.5020, Accuracy: 77.30%, Precision: 0.73, Recall: 0.78, F1: 0.75, AUC: 0.85
Epoch [37/100] [TRAIN] Loss: 0.5138, Accuracy: 76.00%, AUC: 0.85 [VAL] Loss: 0.5017, Accuracy: 77.30%, Precision: 0.73, Recall: 0.78, F1: 0.75, AUC: 0.85
Epoch [38/100] [TRAIN] Loss: 0.5191, Accuracy: 75.91%, AUC: 0.85 [VAL] Loss: 0.5019, Accuracy: 77.40%, Precision: 0.73, Recall: 0.78, F1: 0.75, AUC: 0.85
Epoch [39/100] [TRAIN] Loss: 0.5165, Accuracy: 76.40%, AUC: 0.85 [VAL] Loss: 0.5016, Accuracy: 77.30%, Precision: 0.73, Recall: 0.77, F1: 0.75, AUC: 0.85
Epoch [40/100] [TRAIN] Loss: 0.5154, Accuracy: 76.11%, AUC: 0.85 [VAL] Loss: 0.5023, Accuracy: 77.20%, Precision: 0.73, Recall: 0.78, F1: 0.75, AUC: 0.85
Epoch [41/100] [TRAIN] Loss: 0.5136, Accuracy: 76.28%, AUC: 0.85 [VAL] Loss: 0.5019, Accuracy: 77.10%, Precision: 0.73, Recall: 0.77, F1: 0.75, AUC: 0.85
Epoch [42/100] [TRAIN] Loss: 0.5129, Accuracy: 76.40%, AUC: 0.85 [VAL] Loss: 0.5015, Accuracy: 77.00%, Precision: 0.73, Recall: 0.77, F1: 0.75, AUC: 0.85
Epoch [43/100] [TRAIN] Loss: 0.5153, Accuracy: 76.25%, AUC: 0.85 [VAL] Loss: 0.5020, Accuracy: 77.00%, Precision: 0.73, Recall: 0.77, F1: 0.75, AUC: 0.85
Epoch [44/100] [TRAIN] Loss: 0.5125, Accuracy: 75.99%, AUC: 0.85 [VAL] Loss: 0.5008, Accuracy: 77.10%, Precision: 0.73, Recall: 0.78, F1: 0.75, AUC: 0.85
Epoch [45/100] [TRAIN] Loss: 0.5132, Accuracy: 76.49%, AUC: 0.85 [VAL] Loss: 0.5015, Accuracy: 77.20%, Precision: 0.73, Recall: 0.78, F1: 0.75, AUC: 0.86
Epoch [46/100] [TRAIN] Loss: 0.5134, Accuracy: 76.12%, AUC: 0.85 [VAL] Loss: 0.5012, Accuracy: 77.10%, Precision: 0.73, Recall: 0.78, F1: 0.75, AUC: 0.86
Epoch [47/100] [TRAIN] Loss: 0.5149, Accuracy: 76.42%, AUC: 0.85 [VAL] Loss: 0.5003, Accuracy: 77.20%, Precision: 0.73, Recall: 0.78, F1: 0.75, AUC: 0.86
Epoch [48/100] [TRAIN] Loss: 0.5124, Accuracy: 76.41%, AUC: 0.85 [VAL] Loss: 0.5008, Accuracy: 77.20%, Precision: 0.73, Recall: 0.78, F1: 0.75, AUC: 0.86
Epoch [49/100] [TRAIN] Loss: 0.5131, Accuracy: 76.03%, AUC: 0.85 [VAL] Loss: 0.5011, Accuracy: 77.20%, Precision: 0.73, Recall: 0.78, F1: 0.75, AUC: 0.86
Epoch [50/100] [TRAIN] Loss: 0.5090, Accuracy: 76.16%, AUC: 0.85 [VAL] Loss: 0.4994, Accuracy: 77.20%, Precision: 0.73, Recall: 0.78, F1: 0.75, AUC: 0.86
Epoch [51/100] [TRAIN] Loss: 0.5101, Accuracy: 76.41%, AUC: 0.85 [VAL] Loss: 0.5009, Accuracy: 77.10%, Precision: 0.73, Recall: 0.77, F1: 0.75, AUC: 0.86
Epoch [52/100] [TRAIN] Loss: 0.5093, Accuracy: 76.20%, AUC: 0.85 [VAL] Loss: 0.5010, Accuracy: 77.10%, Precision: 0.73, Recall: 0.77, F1: 0.75, AUC: 0.86
Epoch [53/100] [TRAIN] Loss: 0.5095, Accuracy: 76.39%, AUC: 0.85 [VAL] Loss: 0.5003, Accuracy: 77.30%, Precision: 0.73, Recall: 0.78, F1: 0.75, AUC: 0.86
Epoch [54/100] [TRAIN] Loss: 0.5111, Accuracy: 76.06%, AUC: 0.85 [VAL] Loss: 0.4999, Accuracy: 77.10%, Precision: 0.73, Recall: 0.78, F1: 0.75, AUC: 0.86
Epoch [55/100] [TRAIN] Loss: 0.5108, Accuracy: 76.47%, AUC: 0.85 [VAL] Loss: 0.5002, Accuracy: 77.00%, Precision: 0.73, Recall: 0.77, F1: 0.75, AUC: 0.85
Epoch [56/100] [TRAIN] Loss: 0.5092, Accuracy: 75.89%, AUC: 0.85 [VAL] Loss: 0.4998, Accuracy: 77.00%, Precision: 0.73, Recall: 0.77, F1: 0.75, AUC: 0.86
Epoch [57/100] [TRAIN] Loss: 0.5124, Accuracy: 76.10%, AUC: 0.85 [VAL] Loss: 0.4999, Accuracy: 77.00%, Precision: 0.73, Recall: 0.77, F1: 0.75, AUC: 0.86
Epoch [58/100] [TRAIN] Loss: 0.5118, Accuracy: 76.74%, AUC: 0.85 [VAL] Loss: 0.5000, Accuracy: 77.00%, Precision: 0.73, Recall: 0.77, F1: 0.75, AUC: 0.86
Epoch [59/100] [TRAIN] Loss: 0.5100, Accuracy: 76.28%, AUC: 0.85 [VAL] Loss: 0.5000, Accuracy: 77.00%, Precision: 0.73, Recall: 0.77, F1: 0.75, AUC: 0.86
Epoch [60/100] [TRAIN] Loss: 0.5073, Accuracy: 76.79%, AUC: 0.85 [VAL] Loss: 0.4999, Accuracy: 77.00%, Precision: 0.73, Recall: 0.77, F1: 0.75, AUC: 0.86
  Early stopping at epoch 60 (no val_loss improvement for 10 epochs)
  Antisymmetry score (raw):        0.9740
  Antisymmetry score (confident):  1.0000
  Total violations:                26 / 1000
  Pairs near boundary:             148 (14.8%)
  Avg |prob-0.5| at violation:     0.0000

--- Training baselines (LogisticRegression, RandomForest, SVM) ---

  Training LogisticRegression...
  Val accuracy: 74.70%  |  Val AUC: 0.8230

  [LogisticRegression]  Accuracy: 76.10%  AUC: 0.8344  AUCPRC: 0.8193  Precision: 0.7817  Recall: 0.6952  F1: 0.7359  Antisym: 0.7850

  Training RandomForest...
  Val accuracy: 76.50%  |  Val AUC: 0.8493

  [RandomForest]  Accuracy: 75.90%  AUC: 0.8712  AUCPRC: 0.8718  Precision: 0.7755  Recall: 0.6994  F1: 0.7355  Antisym: 0.8130

  Training SVM_Linear...
  Val accuracy: 74.90%  |  Val AUC: 0.8253

  [SVM_Linear]  Accuracy: 75.80%  AUC: 0.8354  AUCPRC: 0.8241  Precision: 0.7855  Recall: 0.6806  F1: 0.7293  Antisym: 0.7680
Seed: 1011
=== DirectRanker ===
Accuracy:  76.10 %
AUC:       0.8618
AUCPRC:    0.8646
Precision: 0.7429
Recall:    0.7662
F1-Score:  0.7544
Antisymmetry score:  0.9740  (1.0 = perfect, ~0.5 = random)

Detailed Classification Report:
              precision    recall  f1-score   support

           0       0.78      0.76      0.77       521
           1       0.74      0.77      0.75       479

    accuracy                           0.76      1000
   macro avg       0.76      0.76      0.76      1000
weighted avg       0.76      0.76      0.76      1000


Confusion Matrix:
[[394 127]
 [112 367]]

=== LogisticRegression ===
Accuracy:  76.10 %
AUC:       0.8344
AUCPRC:    0.8193
Precision: 0.7817
Recall:    0.6952
F1-Score:  0.7359
Antisymmetry score:  0.7850
Confusion Matrix:
[[428  93]
 [146 333]]

=== RandomForest ===
Accuracy:  75.90 %
AUC:       0.8712
AUCPRC:    0.8718
Precision: 0.7755
Recall:    0.6994
F1-Score:  0.7355
Antisymmetry score:  0.8130
Confusion Matrix:
[[424  97]
 [144 335]]

=== SVM_Linear ===
Accuracy:  75.80 %
AUC:       0.8354
AUCPRC:    0.8241
Precision: 0.7855
Recall:    0.6806
F1-Score:  0.7293
Antisymmetry score:  0.7680
Confusion Matrix:
[[432  89]
 [153 326]]

Saved combined test metrics: /group/pmc021/amunif/epi-thesis/workflow/18_Pairwise Ranking HepG2 REMC/output/combined/test/020-H3K4me3-H3K27ac-H3K27me3-seed1011-test-metrics.csv
Saved combined ROC plot: /group/pmc021/amunif/epi-thesis/workflow/18_Pairwise Ranking HepG2 REMC/output/combined/img/roc/020-H3K4me3-H3K27ac-H3K27me3-seed1011-roc-combined.png
Saved combined PRC plot: /group/pmc021/amunif/epi-thesis/workflow/18_Pairwise Ranking HepG2 REMC/output/combined/img/prc/020-H3K4me3-H3K27ac-H3K27me3-seed1011-prc-combined.png

Finished 020-H3K4me3-H3K27ac-H3K27me3 (seed 1011)

======================================================================
021-H3K9ac-H3K9me3-H3K27ac
======================================================================
Train label distribution:
  Label 0:   4140 (51.7%)
  Label 1:   3860 (48.2%)
Val label distribution:
  Label 0:    553 (55.3%)
  Label 1:    447 (44.7%)
Test label distribution:
  Label 0:    521 (52.1%)
  Label 1:    479 (47.9%)
Saved label distribution: /group/pmc021/amunif/epi-thesis/workflow/18_Pairwise Ranking HepG2 REMC/output/combined/test/021-H3K9ac-H3K9me3-H3K27ac-seed1011-label-distribution.csv

--- Training DirectRanker ---
Epoch [1/100] [TRAIN] Loss: 0.6191, Accuracy: 71.10%, AUC: 0.78 [VAL] Loss: 0.5492, Accuracy: 74.60%, Precision: 0.68, Recall: 0.81, F1: 0.74, AUC: 0.84
Epoch [2/100] [TRAIN] Loss: 0.5709, Accuracy: 75.06%, AUC: 0.82 [VAL] Loss: 0.5349, Accuracy: 74.70%, Precision: 0.68, Recall: 0.81, F1: 0.74, AUC: 0.84
Epoch [3/100] [TRAIN] Loss: 0.5592, Accuracy: 75.58%, AUC: 0.83 [VAL] Loss: 0.5292, Accuracy: 75.50%, Precision: 0.69, Recall: 0.82, F1: 0.75, AUC: 0.85
Epoch [4/100] [TRAIN] Loss: 0.5557, Accuracy: 75.44%, AUC: 0.83 [VAL] Loss: 0.5264, Accuracy: 75.70%, Precision: 0.69, Recall: 0.82, F1: 0.75, AUC: 0.85
Epoch [5/100] [TRAIN] Loss: 0.5494, Accuracy: 75.88%, AUC: 0.83 [VAL] Loss: 0.5243, Accuracy: 75.50%, Precision: 0.69, Recall: 0.82, F1: 0.75, AUC: 0.85
Epoch [6/100] [TRAIN] Loss: 0.5490, Accuracy: 75.72%, AUC: 0.83 [VAL] Loss: 0.5226, Accuracy: 75.50%, Precision: 0.69, Recall: 0.82, F1: 0.75, AUC: 0.85
Epoch [7/100] [TRAIN] Loss: 0.5457, Accuracy: 75.97%, AUC: 0.83 [VAL] Loss: 0.5207, Accuracy: 75.40%, Precision: 0.69, Recall: 0.81, F1: 0.75, AUC: 0.85
Epoch [8/100] [TRAIN] Loss: 0.5441, Accuracy: 76.08%, AUC: 0.84 [VAL] Loss: 0.5190, Accuracy: 75.30%, Precision: 0.69, Recall: 0.81, F1: 0.75, AUC: 0.85
Epoch [9/100] [TRAIN] Loss: 0.5426, Accuracy: 76.62%, AUC: 0.84 [VAL] Loss: 0.5187, Accuracy: 75.40%, Precision: 0.69, Recall: 0.81, F1: 0.75, AUC: 0.85
Epoch [10/100] [TRAIN] Loss: 0.5402, Accuracy: 76.26%, AUC: 0.84 [VAL] Loss: 0.5170, Accuracy: 75.40%, Precision: 0.69, Recall: 0.82, F1: 0.75, AUC: 0.85
Epoch [11/100] [TRAIN] Loss: 0.5393, Accuracy: 75.79%, AUC: 0.84 [VAL] Loss: 0.5166, Accuracy: 75.30%, Precision: 0.69, Recall: 0.81, F1: 0.75, AUC: 0.85
Epoch [12/100] [TRAIN] Loss: 0.5400, Accuracy: 75.97%, AUC: 0.84 [VAL] Loss: 0.5167, Accuracy: 75.40%, Precision: 0.69, Recall: 0.82, F1: 0.75, AUC: 0.85
Epoch [13/100] [TRAIN] Loss: 0.5335, Accuracy: 76.33%, AUC: 0.84 [VAL] Loss: 0.5156, Accuracy: 75.40%, Precision: 0.69, Recall: 0.82, F1: 0.75, AUC: 0.85
Epoch [14/100] [TRAIN] Loss: 0.5314, Accuracy: 76.88%, AUC: 0.84 [VAL] Loss: 0.5147, Accuracy: 75.40%, Precision: 0.69, Recall: 0.82, F1: 0.75, AUC: 0.85
Epoch [15/100] [TRAIN] Loss: 0.5298, Accuracy: 75.99%, AUC: 0.84 [VAL] Loss: 0.5137, Accuracy: 75.40%, Precision: 0.69, Recall: 0.82, F1: 0.75, AUC: 0.85
Epoch [16/100] [TRAIN] Loss: 0.5287, Accuracy: 76.64%, AUC: 0.84 [VAL] Loss: 0.5128, Accuracy: 75.30%, Precision: 0.69, Recall: 0.81, F1: 0.75, AUC: 0.85
Epoch [17/100] [TRAIN] Loss: 0.5302, Accuracy: 75.92%, AUC: 0.84 [VAL] Loss: 0.5123, Accuracy: 75.20%, Precision: 0.69, Recall: 0.81, F1: 0.75, AUC: 0.85
Epoch [18/100] [TRAIN] Loss: 0.5298, Accuracy: 76.50%, AUC: 0.84 [VAL] Loss: 0.5115, Accuracy: 75.10%, Precision: 0.69, Recall: 0.81, F1: 0.74, AUC: 0.85
Epoch [19/100] [TRAIN] Loss: 0.5277, Accuracy: 76.34%, AUC: 0.84 [VAL] Loss: 0.5108, Accuracy: 75.20%, Precision: 0.69, Recall: 0.81, F1: 0.75, AUC: 0.85
Epoch [20/100] [TRAIN] Loss: 0.5247, Accuracy: 76.83%, AUC: 0.85 [VAL] Loss: 0.5100, Accuracy: 75.50%, Precision: 0.69, Recall: 0.82, F1: 0.75, AUC: 0.85
Epoch [21/100] [TRAIN] Loss: 0.5261, Accuracy: 76.67%, AUC: 0.84 [VAL] Loss: 0.5100, Accuracy: 75.30%, Precision: 0.69, Recall: 0.82, F1: 0.75, AUC: 0.86
Epoch [22/100] [TRAIN] Loss: 0.5252, Accuracy: 76.79%, AUC: 0.85 [VAL] Loss: 0.5096, Accuracy: 75.30%, Precision: 0.69, Recall: 0.82, F1: 0.75, AUC: 0.86
Epoch [23/100] [TRAIN] Loss: 0.5277, Accuracy: 76.21%, AUC: 0.84 [VAL] Loss: 0.5089, Accuracy: 75.40%, Precision: 0.69, Recall: 0.82, F1: 0.75, AUC: 0.86
Epoch [24/100] [TRAIN] Loss: 0.5247, Accuracy: 76.10%, AUC: 0.84 [VAL] Loss: 0.5081, Accuracy: 75.40%, Precision: 0.69, Recall: 0.82, F1: 0.75, AUC: 0.86
Epoch [25/100] [TRAIN] Loss: 0.5238, Accuracy: 76.20%, AUC: 0.84 [VAL] Loss: 0.5074, Accuracy: 75.40%, Precision: 0.69, Recall: 0.82, F1: 0.75, AUC: 0.86
Epoch [26/100] [TRAIN] Loss: 0.5223, Accuracy: 76.53%, AUC: 0.85 [VAL] Loss: 0.5070, Accuracy: 75.40%, Precision: 0.69, Recall: 0.82, F1: 0.75, AUC: 0.86
Epoch [27/100] [TRAIN] Loss: 0.5197, Accuracy: 77.03%, AUC: 0.85 [VAL] Loss: 0.5062, Accuracy: 75.30%, Precision: 0.69, Recall: 0.82, F1: 0.75, AUC: 0.86
Epoch [28/100] [TRAIN] Loss: 0.5238, Accuracy: 76.56%, AUC: 0.84 [VAL] Loss: 0.5061, Accuracy: 75.30%, Precision: 0.69, Recall: 0.82, F1: 0.75, AUC: 0.86
Epoch [29/100] [TRAIN] Loss: 0.5157, Accuracy: 76.86%, AUC: 0.85 [VAL] Loss: 0.5056, Accuracy: 75.20%, Precision: 0.69, Recall: 0.82, F1: 0.75, AUC: 0.86
Epoch [30/100] [TRAIN] Loss: 0.5220, Accuracy: 76.51%, AUC: 0.85 [VAL] Loss: 0.5053, Accuracy: 75.50%, Precision: 0.69, Recall: 0.82, F1: 0.75, AUC: 0.86
Epoch [31/100] [TRAIN] Loss: 0.5214, Accuracy: 76.81%, AUC: 0.85 [VAL] Loss: 0.5051, Accuracy: 75.50%, Precision: 0.69, Recall: 0.82, F1: 0.75, AUC: 0.86
Epoch [32/100] [TRAIN] Loss: 0.5205, Accuracy: 76.53%, AUC: 0.85 [VAL] Loss: 0.5046, Accuracy: 75.50%, Precision: 0.69, Recall: 0.82, F1: 0.75, AUC: 0.86
Epoch [33/100] [TRAIN] Loss: 0.5179, Accuracy: 76.85%, AUC: 0.85 [VAL] Loss: 0.5046, Accuracy: 75.50%, Precision: 0.69, Recall: 0.82, F1: 0.75, AUC: 0.86
Epoch [34/100] [TRAIN] Loss: 0.5132, Accuracy: 77.00%, AUC: 0.85 [VAL] Loss: 0.5035, Accuracy: 75.40%, Precision: 0.69, Recall: 0.82, F1: 0.75, AUC: 0.86
Epoch [35/100] [TRAIN] Loss: 0.5163, Accuracy: 77.06%, AUC: 0.85 [VAL] Loss: 0.5033, Accuracy: 75.60%, Precision: 0.69, Recall: 0.82, F1: 0.75, AUC: 0.86
Epoch [36/100] [TRAIN] Loss: 0.5149, Accuracy: 76.80%, AUC: 0.85 [VAL] Loss: 0.5031, Accuracy: 75.50%, Precision: 0.69, Recall: 0.82, F1: 0.75, AUC: 0.86
Epoch [37/100] [TRAIN] Loss: 0.5205, Accuracy: 76.31%, AUC: 0.85 [VAL] Loss: 0.5032, Accuracy: 75.70%, Precision: 0.69, Recall: 0.82, F1: 0.75, AUC: 0.86
Epoch [38/100] [TRAIN] Loss: 0.5128, Accuracy: 76.55%, AUC: 0.85 [VAL] Loss: 0.5022, Accuracy: 75.50%, Precision: 0.69, Recall: 0.82, F1: 0.75, AUC: 0.86
Epoch [39/100] [TRAIN] Loss: 0.5163, Accuracy: 77.10%, AUC: 0.85 [VAL] Loss: 0.5020, Accuracy: 75.70%, Precision: 0.69, Recall: 0.82, F1: 0.75, AUC: 0.86
Epoch [40/100] [TRAIN] Loss: 0.5150, Accuracy: 76.55%, AUC: 0.85 [VAL] Loss: 0.5020, Accuracy: 75.70%, Precision: 0.69, Recall: 0.82, F1: 0.75, AUC: 0.86
Epoch [41/100] [TRAIN] Loss: 0.5176, Accuracy: 76.61%, AUC: 0.85 [VAL] Loss: 0.5019, Accuracy: 75.50%, Precision: 0.69, Recall: 0.81, F1: 0.75, AUC: 0.86
Epoch [42/100] [TRAIN] Loss: 0.5131, Accuracy: 76.12%, AUC: 0.85 [VAL] Loss: 0.5010, Accuracy: 75.50%, Precision: 0.69, Recall: 0.81, F1: 0.75, AUC: 0.86
Epoch [43/100] [TRAIN] Loss: 0.5130, Accuracy: 76.42%, AUC: 0.85 [VAL] Loss: 0.5008, Accuracy: 75.60%, Precision: 0.69, Recall: 0.81, F1: 0.75, AUC: 0.86
Epoch [44/100] [TRAIN] Loss: 0.5151, Accuracy: 76.53%, AUC: 0.85 [VAL] Loss: 0.5013, Accuracy: 75.50%, Precision: 0.69, Recall: 0.81, F1: 0.75, AUC: 0.86
Epoch [45/100] [TRAIN] Loss: 0.5083, Accuracy: 76.58%, AUC: 0.85 [VAL] Loss: 0.5007, Accuracy: 75.50%, Precision: 0.69, Recall: 0.81, F1: 0.75, AUC: 0.86
Epoch [46/100] [TRAIN] Loss: 0.5061, Accuracy: 76.99%, AUC: 0.86 [VAL] Loss: 0.5003, Accuracy: 75.50%, Precision: 0.69, Recall: 0.81, F1: 0.75, AUC: 0.86
Epoch [47/100] [TRAIN] Loss: 0.5095, Accuracy: 76.92%, AUC: 0.85 [VAL] Loss: 0.5003, Accuracy: 75.60%, Precision: 0.69, Recall: 0.81, F1: 0.75, AUC: 0.86
Epoch [48/100] [TRAIN] Loss: 0.5139, Accuracy: 76.59%, AUC: 0.85 [VAL] Loss: 0.5004, Accuracy: 75.60%, Precision: 0.69, Recall: 0.81, F1: 0.75, AUC: 0.86
Epoch [49/100] [TRAIN] Loss: 0.5116, Accuracy: 76.60%, AUC: 0.85 [VAL] Loss: 0.5001, Accuracy: 75.50%, Precision: 0.69, Recall: 0.81, F1: 0.75, AUC: 0.86
Epoch [50/100] [TRAIN] Loss: 0.5119, Accuracy: 77.21%, AUC: 0.85 [VAL] Loss: 0.5001, Accuracy: 75.50%, Precision: 0.69, Recall: 0.81, F1: 0.75, AUC: 0.86
Epoch [51/100] [TRAIN] Loss: 0.5142, Accuracy: 76.38%, AUC: 0.85 [VAL] Loss: 0.5009, Accuracy: 75.30%, Precision: 0.69, Recall: 0.81, F1: 0.75, AUC: 0.86
Epoch [52/100] [TRAIN] Loss: 0.5103, Accuracy: 76.66%, AUC: 0.85 [VAL] Loss: 0.4997, Accuracy: 75.40%, Precision: 0.69, Recall: 0.81, F1: 0.75, AUC: 0.86
Epoch [53/100] [TRAIN] Loss: 0.5103, Accuracy: 76.76%, AUC: 0.85 [VAL] Loss: 0.4995, Accuracy: 75.40%, Precision: 0.69, Recall: 0.81, F1: 0.75, AUC: 0.86
Epoch [54/100] [TRAIN] Loss: 0.5085, Accuracy: 76.84%, AUC: 0.85 [VAL] Loss: 0.4987, Accuracy: 75.40%, Precision: 0.69, Recall: 0.81, F1: 0.75, AUC: 0.86
Epoch [55/100] [TRAIN] Loss: 0.5110, Accuracy: 76.46%, AUC: 0.85 [VAL] Loss: 0.4993, Accuracy: 75.40%, Precision: 0.69, Recall: 0.81, F1: 0.75, AUC: 0.86
Epoch [56/100] [TRAIN] Loss: 0.5033, Accuracy: 77.08%, AUC: 0.86 [VAL] Loss: 0.4982, Accuracy: 75.40%, Precision: 0.69, Recall: 0.81, F1: 0.75, AUC: 0.86
Epoch [57/100] [TRAIN] Loss: 0.5060, Accuracy: 77.14%, AUC: 0.86 [VAL] Loss: 0.4982, Accuracy: 75.30%, Precision: 0.69, Recall: 0.81, F1: 0.75, AUC: 0.86
Epoch [58/100] [TRAIN] Loss: 0.5072, Accuracy: 76.39%, AUC: 0.85 [VAL] Loss: 0.4985, Accuracy: 75.10%, Precision: 0.69, Recall: 0.80, F1: 0.74, AUC: 0.86
Epoch [59/100] [TRAIN] Loss: 0.5070, Accuracy: 76.90%, AUC: 0.85 [VAL] Loss: 0.4986, Accuracy: 75.30%, Precision: 0.69, Recall: 0.81, F1: 0.75, AUC: 0.86
Epoch [60/100] [TRAIN] Loss: 0.5057, Accuracy: 76.54%, AUC: 0.85 [VAL] Loss: 0.4985, Accuracy: 75.20%, Precision: 0.69, Recall: 0.81, F1: 0.74, AUC: 0.86
Epoch [61/100] [TRAIN] Loss: 0.5053, Accuracy: 76.94%, AUC: 0.85 [VAL] Loss: 0.4981, Accuracy: 75.30%, Precision: 0.69, Recall: 0.81, F1: 0.75, AUC: 0.86
Epoch [62/100] [TRAIN] Loss: 0.5088, Accuracy: 76.86%, AUC: 0.85 [VAL] Loss: 0.4983, Accuracy: 75.40%, Precision: 0.69, Recall: 0.81, F1: 0.75, AUC: 0.86
Epoch [63/100] [TRAIN] Loss: 0.5018, Accuracy: 77.00%, AUC: 0.86 [VAL] Loss: 0.4982, Accuracy: 75.30%, Precision: 0.69, Recall: 0.81, F1: 0.74, AUC: 0.86
Epoch [64/100] [TRAIN] Loss: 0.5077, Accuracy: 76.88%, AUC: 0.85 [VAL] Loss: 0.4982, Accuracy: 75.30%, Precision: 0.69, Recall: 0.81, F1: 0.74, AUC: 0.86
Epoch [65/100] [TRAIN] Loss: 0.5066, Accuracy: 76.66%, AUC: 0.85 [VAL] Loss: 0.4982, Accuracy: 75.30%, Precision: 0.69, Recall: 0.81, F1: 0.74, AUC: 0.86
Epoch [66/100] [TRAIN] Loss: 0.5032, Accuracy: 76.95%, AUC: 0.86 [VAL] Loss: 0.4982, Accuracy: 75.30%, Precision: 0.69, Recall: 0.81, F1: 0.74, AUC: 0.86
  Early stopping at epoch 66 (no val_loss improvement for 10 epochs)
  Antisymmetry score (raw):        0.9010
  Antisymmetry score (confident):  1.0000
  Total violations:                99 / 1000
  Pairs near boundary:             180 (18.0%)
  Avg |prob-0.5| at violation:     0.0000

--- Training baselines (LogisticRegression, RandomForest, SVM) ---

  Training LogisticRegression...
  Val accuracy: 75.10%  |  Val AUC: 0.8104

  [LogisticRegression]  Accuracy: 76.20%  AUC: 0.8253  AUCPRC: 0.7952  Precision: 0.7849  Recall: 0.6931  F1: 0.7361  Antisym: 0.7480

  Training RandomForest...
  Val accuracy: 77.80%  |  Val AUC: 0.8565

  [RandomForest]  Accuracy: 78.20%  AUC: 0.8812  AUCPRC: 0.8693  Precision: 0.8071  Recall: 0.7161  F1: 0.7588  Antisym: 0.8040

  Training SVM_Linear...
  Val accuracy: 74.60%  |  Val AUC: 0.8068

  [SVM_Linear]  Accuracy: 74.90%  AUC: 0.8183  AUCPRC: 0.7862  Precision: 0.7727  Recall: 0.6743  F1: 0.7202  Antisym: 0.7440
Seed: 1011
=== DirectRanker ===
Accuracy:  75.10 %
AUC:       0.8641
AUCPRC:    0.8649
Precision: 0.7146
Recall:    0.7996
F1-Score:  0.7547
Antisymmetry score:  0.9010  (1.0 = perfect, ~0.5 = random)

Detailed Classification Report:
              precision    recall  f1-score   support

           0       0.79      0.71      0.75       521
           1       0.71      0.80      0.75       479

    accuracy                           0.75      1000
   macro avg       0.75      0.75      0.75      1000
weighted avg       0.76      0.75      0.75      1000


Confusion Matrix:
[[368 153]
 [ 96 383]]

=== LogisticRegression ===
Accuracy:  76.20 %
AUC:       0.8253
AUCPRC:    0.7952
Precision: 0.7849
Recall:    0.6931
F1-Score:  0.7361
Antisymmetry score:  0.7480
Confusion Matrix:
[[430  91]
 [147 332]]

=== RandomForest ===
Accuracy:  78.20 %
AUC:       0.8812
AUCPRC:    0.8693
Precision: 0.8071
Recall:    0.7161
F1-Score:  0.7588
Antisymmetry score:  0.8040
Confusion Matrix:
[[439  82]
 [136 343]]

=== SVM_Linear ===
Accuracy:  74.90 %
AUC:       0.8183
AUCPRC:    0.7862
Precision: 0.7727
Recall:    0.6743
F1-Score:  0.7202
Antisymmetry score:  0.7440
Confusion Matrix:
[[426  95]
 [156 323]]

Saved combined test metrics: /group/pmc021/amunif/epi-thesis/workflow/18_Pairwise Ranking HepG2 REMC/output/combined/test/021-H3K9ac-H3K9me3-H3K27ac-seed1011-test-metrics.csv
Saved combined ROC plot: /group/pmc021/amunif/epi-thesis/workflow/18_Pairwise Ranking HepG2 REMC/output/combined/img/roc/021-H3K9ac-H3K9me3-H3K27ac-seed1011-roc-combined.png
Saved combined PRC plot: /group/pmc021/amunif/epi-thesis/workflow/18_Pairwise Ranking HepG2 REMC/output/combined/img/prc/021-H3K9ac-H3K9me3-H3K27ac-seed1011-prc-combined.png

Finished 021-H3K9ac-H3K9me3-H3K27ac (seed 1011)

======================================================================
022-H3K9ac-H3K9me3-H3K27me3
======================================================================
Train label distribution:
  Label 0:   4140 (51.7%)
  Label 1:   3860 (48.2%)
Val label distribution:
  Label 0:    553 (55.3%)
  Label 1:    447 (44.7%)
Test label distribution:
  Label 0:    521 (52.1%)
  Label 1:    479 (47.9%)
Saved label distribution: /group/pmc021/amunif/epi-thesis/workflow/18_Pairwise Ranking HepG2 REMC/output/combined/test/022-H3K9ac-H3K9me3-H3K27me3-seed1011-label-distribution.csv

--- Training DirectRanker ---
Epoch [1/100] [TRAIN] Loss: 0.6080, Accuracy: 70.80%, AUC: 0.78 [VAL] Loss: 0.5473, Accuracy: 73.50%, Precision: 0.68, Recall: 0.76, F1: 0.72, AUC: 0.83
Epoch [2/100] [TRAIN] Loss: 0.5740, Accuracy: 74.12%, AUC: 0.82 [VAL] Loss: 0.5366, Accuracy: 75.00%, Precision: 0.70, Recall: 0.77, F1: 0.73, AUC: 0.84
Epoch [3/100] [TRAIN] Loss: 0.5699, Accuracy: 74.94%, AUC: 0.82 [VAL] Loss: 0.5309, Accuracy: 75.80%, Precision: 0.71, Recall: 0.78, F1: 0.74, AUC: 0.84
Epoch [4/100] [TRAIN] Loss: 0.5552, Accuracy: 75.14%, AUC: 0.83 [VAL] Loss: 0.5265, Accuracy: 75.80%, Precision: 0.71, Recall: 0.78, F1: 0.74, AUC: 0.84
Epoch [5/100] [TRAIN] Loss: 0.5517, Accuracy: 74.92%, AUC: 0.83 [VAL] Loss: 0.5240, Accuracy: 76.20%, Precision: 0.71, Recall: 0.79, F1: 0.75, AUC: 0.85
Epoch [6/100] [TRAIN] Loss: 0.5472, Accuracy: 75.84%, AUC: 0.83 [VAL] Loss: 0.5221, Accuracy: 76.00%, Precision: 0.71, Recall: 0.78, F1: 0.74, AUC: 0.85
Epoch [7/100] [TRAIN] Loss: 0.5469, Accuracy: 75.04%, AUC: 0.83 [VAL] Loss: 0.5210, Accuracy: 76.30%, Precision: 0.71, Recall: 0.78, F1: 0.75, AUC: 0.85
Epoch [8/100] [TRAIN] Loss: 0.5424, Accuracy: 75.51%, AUC: 0.83 [VAL] Loss: 0.5190, Accuracy: 76.50%, Precision: 0.72, Recall: 0.79, F1: 0.75, AUC: 0.85
Epoch [9/100] [TRAIN] Loss: 0.5449, Accuracy: 74.88%, AUC: 0.83 [VAL] Loss: 0.5175, Accuracy: 76.60%, Precision: 0.72, Recall: 0.79, F1: 0.75, AUC: 0.85
Epoch [10/100] [TRAIN] Loss: 0.5354, Accuracy: 75.97%, AUC: 0.84 [VAL] Loss: 0.5157, Accuracy: 76.70%, Precision: 0.72, Recall: 0.79, F1: 0.75, AUC: 0.85
Epoch [11/100] [TRAIN] Loss: 0.5373, Accuracy: 75.22%, AUC: 0.83 [VAL] Loss: 0.5143, Accuracy: 76.80%, Precision: 0.72, Recall: 0.79, F1: 0.75, AUC: 0.85
Epoch [12/100] [TRAIN] Loss: 0.5366, Accuracy: 75.56%, AUC: 0.84 [VAL] Loss: 0.5138, Accuracy: 77.20%, Precision: 0.72, Recall: 0.79, F1: 0.76, AUC: 0.85
Epoch [13/100] [TRAIN] Loss: 0.5346, Accuracy: 75.79%, AUC: 0.84 [VAL] Loss: 0.5123, Accuracy: 77.20%, Precision: 0.73, Recall: 0.79, F1: 0.76, AUC: 0.85
Epoch [14/100] [TRAIN] Loss: 0.5342, Accuracy: 75.35%, AUC: 0.84 [VAL] Loss: 0.5111, Accuracy: 77.20%, Precision: 0.73, Recall: 0.79, F1: 0.76, AUC: 0.85
Epoch [15/100] [TRAIN] Loss: 0.5348, Accuracy: 75.76%, AUC: 0.84 [VAL] Loss: 0.5103, Accuracy: 77.40%, Precision: 0.73, Recall: 0.79, F1: 0.76, AUC: 0.85
Epoch [16/100] [TRAIN] Loss: 0.5276, Accuracy: 76.34%, AUC: 0.84 [VAL] Loss: 0.5094, Accuracy: 77.40%, Precision: 0.73, Recall: 0.79, F1: 0.76, AUC: 0.85
Epoch [17/100] [TRAIN] Loss: 0.5266, Accuracy: 75.46%, AUC: 0.84 [VAL] Loss: 0.5085, Accuracy: 77.50%, Precision: 0.73, Recall: 0.79, F1: 0.76, AUC: 0.85
Epoch [18/100] [TRAIN] Loss: 0.5293, Accuracy: 75.71%, AUC: 0.84 [VAL] Loss: 0.5079, Accuracy: 77.50%, Precision: 0.73, Recall: 0.79, F1: 0.76, AUC: 0.86
Epoch [19/100] [TRAIN] Loss: 0.5260, Accuracy: 75.96%, AUC: 0.84 [VAL] Loss: 0.5071, Accuracy: 77.80%, Precision: 0.73, Recall: 0.79, F1: 0.76, AUC: 0.86
Epoch [20/100] [TRAIN] Loss: 0.5259, Accuracy: 75.47%, AUC: 0.84 [VAL] Loss: 0.5067, Accuracy: 77.90%, Precision: 0.74, Recall: 0.79, F1: 0.76, AUC: 0.86
Epoch [21/100] [TRAIN] Loss: 0.5234, Accuracy: 76.12%, AUC: 0.84 [VAL] Loss: 0.5058, Accuracy: 77.90%, Precision: 0.74, Recall: 0.79, F1: 0.76, AUC: 0.86
Epoch [22/100] [TRAIN] Loss: 0.5241, Accuracy: 76.19%, AUC: 0.84 [VAL] Loss: 0.5053, Accuracy: 78.10%, Precision: 0.74, Recall: 0.79, F1: 0.76, AUC: 0.86
Epoch [23/100] [TRAIN] Loss: 0.5243, Accuracy: 75.88%, AUC: 0.84 [VAL] Loss: 0.5048, Accuracy: 78.00%, Precision: 0.74, Recall: 0.79, F1: 0.76, AUC: 0.86
Epoch [24/100] [TRAIN] Loss: 0.5233, Accuracy: 75.97%, AUC: 0.84 [VAL] Loss: 0.5044, Accuracy: 77.90%, Precision: 0.74, Recall: 0.79, F1: 0.76, AUC: 0.86
Epoch [25/100] [TRAIN] Loss: 0.5248, Accuracy: 75.79%, AUC: 0.84 [VAL] Loss: 0.5041, Accuracy: 77.70%, Precision: 0.74, Recall: 0.78, F1: 0.76, AUC: 0.86
Epoch [26/100] [TRAIN] Loss: 0.5217, Accuracy: 75.88%, AUC: 0.84 [VAL] Loss: 0.5035, Accuracy: 77.60%, Precision: 0.73, Recall: 0.78, F1: 0.76, AUC: 0.86
Epoch [27/100] [TRAIN] Loss: 0.5226, Accuracy: 75.78%, AUC: 0.84 [VAL] Loss: 0.5034, Accuracy: 77.50%, Precision: 0.73, Recall: 0.78, F1: 0.76, AUC: 0.86
Epoch [28/100] [TRAIN] Loss: 0.5187, Accuracy: 76.22%, AUC: 0.85 [VAL] Loss: 0.5029, Accuracy: 77.40%, Precision: 0.73, Recall: 0.78, F1: 0.75, AUC: 0.86
Epoch [29/100] [TRAIN] Loss: 0.5161, Accuracy: 76.19%, AUC: 0.85 [VAL] Loss: 0.5023, Accuracy: 77.40%, Precision: 0.73, Recall: 0.78, F1: 0.76, AUC: 0.86
Epoch [30/100] [TRAIN] Loss: 0.5219, Accuracy: 75.74%, AUC: 0.84 [VAL] Loss: 0.5022, Accuracy: 77.20%, Precision: 0.73, Recall: 0.77, F1: 0.75, AUC: 0.86
Epoch [31/100] [TRAIN] Loss: 0.5178, Accuracy: 76.35%, AUC: 0.85 [VAL] Loss: 0.5019, Accuracy: 77.20%, Precision: 0.73, Recall: 0.77, F1: 0.75, AUC: 0.86
Epoch [32/100] [TRAIN] Loss: 0.5207, Accuracy: 76.10%, AUC: 0.84 [VAL] Loss: 0.5021, Accuracy: 77.20%, Precision: 0.73, Recall: 0.77, F1: 0.75, AUC: 0.86
Epoch [33/100] [TRAIN] Loss: 0.5130, Accuracy: 76.21%, AUC: 0.85 [VAL] Loss: 0.5015, Accuracy: 77.40%, Precision: 0.73, Recall: 0.78, F1: 0.75, AUC: 0.86
Epoch [34/100] [TRAIN] Loss: 0.5153, Accuracy: 76.35%, AUC: 0.85 [VAL] Loss: 0.5014, Accuracy: 77.30%, Precision: 0.73, Recall: 0.77, F1: 0.75, AUC: 0.86
Epoch [35/100] [TRAIN] Loss: 0.5142, Accuracy: 76.11%, AUC: 0.85 [VAL] Loss: 0.5007, Accuracy: 77.30%, Precision: 0.73, Recall: 0.77, F1: 0.75, AUC: 0.86
Epoch [36/100] [TRAIN] Loss: 0.5128, Accuracy: 76.26%, AUC: 0.85 [VAL] Loss: 0.5004, Accuracy: 77.30%, Precision: 0.73, Recall: 0.77, F1: 0.75, AUC: 0.86
Epoch [37/100] [TRAIN] Loss: 0.5113, Accuracy: 76.35%, AUC: 0.85 [VAL] Loss: 0.5002, Accuracy: 77.20%, Precision: 0.73, Recall: 0.77, F1: 0.75, AUC: 0.86
Epoch [38/100] [TRAIN] Loss: 0.5135, Accuracy: 76.09%, AUC: 0.85 [VAL] Loss: 0.5004, Accuracy: 77.00%, Precision: 0.73, Recall: 0.77, F1: 0.75, AUC: 0.86
Epoch [39/100] [TRAIN] Loss: 0.5144, Accuracy: 76.31%, AUC: 0.85 [VAL] Loss: 0.5001, Accuracy: 77.10%, Precision: 0.73, Recall: 0.77, F1: 0.75, AUC: 0.86
Epoch [40/100] [TRAIN] Loss: 0.5137, Accuracy: 76.21%, AUC: 0.85 [VAL] Loss: 0.4998, Accuracy: 76.90%, Precision: 0.73, Recall: 0.77, F1: 0.75, AUC: 0.86
Epoch [41/100] [TRAIN] Loss: 0.5129, Accuracy: 76.26%, AUC: 0.85 [VAL] Loss: 0.4994, Accuracy: 77.00%, Precision: 0.73, Recall: 0.77, F1: 0.75, AUC: 0.86
Epoch [42/100] [TRAIN] Loss: 0.5133, Accuracy: 76.12%, AUC: 0.85 [VAL] Loss: 0.4996, Accuracy: 77.00%, Precision: 0.73, Recall: 0.77, F1: 0.75, AUC: 0.86
Epoch [43/100] [TRAIN] Loss: 0.5110, Accuracy: 76.26%, AUC: 0.85 [VAL] Loss: 0.4989, Accuracy: 77.10%, Precision: 0.73, Recall: 0.77, F1: 0.75, AUC: 0.86
Epoch [44/100] [TRAIN] Loss: 0.5132, Accuracy: 76.14%, AUC: 0.85 [VAL] Loss: 0.4991, Accuracy: 77.00%, Precision: 0.73, Recall: 0.77, F1: 0.75, AUC: 0.86
Epoch [45/100] [TRAIN] Loss: 0.5113, Accuracy: 76.55%, AUC: 0.85 [VAL] Loss: 0.4989, Accuracy: 77.10%, Precision: 0.73, Recall: 0.77, F1: 0.75, AUC: 0.86
Epoch [46/100] [TRAIN] Loss: 0.5095, Accuracy: 76.20%, AUC: 0.85 [VAL] Loss: 0.4985, Accuracy: 77.10%, Precision: 0.73, Recall: 0.77, F1: 0.75, AUC: 0.86
Epoch [47/100] [TRAIN] Loss: 0.5133, Accuracy: 75.89%, AUC: 0.85 [VAL] Loss: 0.4988, Accuracy: 77.20%, Precision: 0.73, Recall: 0.77, F1: 0.75, AUC: 0.86
Epoch [48/100] [TRAIN] Loss: 0.5122, Accuracy: 76.67%, AUC: 0.85 [VAL] Loss: 0.4983, Accuracy: 77.10%, Precision: 0.73, Recall: 0.77, F1: 0.75, AUC: 0.86
Epoch [49/100] [TRAIN] Loss: 0.5064, Accuracy: 76.39%, AUC: 0.85 [VAL] Loss: 0.4980, Accuracy: 77.00%, Precision: 0.73, Recall: 0.77, F1: 0.75, AUC: 0.86
Epoch [50/100] [TRAIN] Loss: 0.5104, Accuracy: 75.71%, AUC: 0.85 [VAL] Loss: 0.4978, Accuracy: 76.90%, Precision: 0.73, Recall: 0.77, F1: 0.75, AUC: 0.86
Epoch [51/100] [TRAIN] Loss: 0.5084, Accuracy: 76.75%, AUC: 0.85 [VAL] Loss: 0.4977, Accuracy: 76.70%, Precision: 0.73, Recall: 0.77, F1: 0.75, AUC: 0.86
Epoch [52/100] [TRAIN] Loss: 0.5058, Accuracy: 76.58%, AUC: 0.85 [VAL] Loss: 0.4973, Accuracy: 76.60%, Precision: 0.72, Recall: 0.77, F1: 0.75, AUC: 0.86
Epoch [53/100] [TRAIN] Loss: 0.5068, Accuracy: 76.79%, AUC: 0.85 [VAL] Loss: 0.4973, Accuracy: 76.60%, Precision: 0.72, Recall: 0.77, F1: 0.75, AUC: 0.86
Epoch [54/100] [TRAIN] Loss: 0.5067, Accuracy: 76.64%, AUC: 0.85 [VAL] Loss: 0.4972, Accuracy: 76.70%, Precision: 0.72, Recall: 0.77, F1: 0.75, AUC: 0.86
Epoch [55/100] [TRAIN] Loss: 0.5092, Accuracy: 76.53%, AUC: 0.85 [VAL] Loss: 0.4969, Accuracy: 77.00%, Precision: 0.73, Recall: 0.77, F1: 0.75, AUC: 0.86
Epoch [56/100] [TRAIN] Loss: 0.5055, Accuracy: 76.99%, AUC: 0.85 [VAL] Loss: 0.4964, Accuracy: 77.10%, Precision: 0.73, Recall: 0.77, F1: 0.75, AUC: 0.86
Epoch [57/100] [TRAIN] Loss: 0.5063, Accuracy: 76.66%, AUC: 0.85 [VAL] Loss: 0.4968, Accuracy: 77.00%, Precision: 0.73, Recall: 0.77, F1: 0.75, AUC: 0.86
Epoch [58/100] [TRAIN] Loss: 0.5072, Accuracy: 76.51%, AUC: 0.85 [VAL] Loss: 0.4967, Accuracy: 77.10%, Precision: 0.73, Recall: 0.77, F1: 0.75, AUC: 0.86
Epoch [59/100] [TRAIN] Loss: 0.5091, Accuracy: 76.60%, AUC: 0.85 [VAL] Loss: 0.4973, Accuracy: 77.10%, Precision: 0.73, Recall: 0.78, F1: 0.75, AUC: 0.86
Epoch [60/100] [TRAIN] Loss: 0.5061, Accuracy: 76.46%, AUC: 0.85 [VAL] Loss: 0.4972, Accuracy: 77.00%, Precision: 0.73, Recall: 0.77, F1: 0.75, AUC: 0.86
Epoch [61/100] [TRAIN] Loss: 0.5029, Accuracy: 76.36%, AUC: 0.85 [VAL] Loss: 0.4963, Accuracy: 77.10%, Precision: 0.73, Recall: 0.77, F1: 0.75, AUC: 0.86
Epoch [62/100] [TRAIN] Loss: 0.5053, Accuracy: 76.65%, AUC: 0.85 [VAL] Loss: 0.4966, Accuracy: 77.20%, Precision: 0.73, Recall: 0.77, F1: 0.75, AUC: 0.86
Epoch [63/100] [TRAIN] Loss: 0.5062, Accuracy: 76.69%, AUC: 0.85 [VAL] Loss: 0.4966, Accuracy: 77.20%, Precision: 0.73, Recall: 0.77, F1: 0.75, AUC: 0.86
Epoch [64/100] [TRAIN] Loss: 0.5021, Accuracy: 76.96%, AUC: 0.86 [VAL] Loss: 0.4966, Accuracy: 77.20%, Precision: 0.73, Recall: 0.77, F1: 0.75, AUC: 0.86
Epoch [65/100] [TRAIN] Loss: 0.5013, Accuracy: 76.92%, AUC: 0.86 [VAL] Loss: 0.4965, Accuracy: 77.20%, Precision: 0.73, Recall: 0.77, F1: 0.75, AUC: 0.86
Epoch [66/100] [TRAIN] Loss: 0.5052, Accuracy: 76.76%, AUC: 0.85 [VAL] Loss: 0.4965, Accuracy: 77.20%, Precision: 0.73, Recall: 0.77, F1: 0.75, AUC: 0.86
  Early stopping at epoch 66 (no val_loss improvement for 10 epochs)
  Antisymmetry score (raw):        0.9810
  Antisymmetry score (confident):  1.0000
  Total violations:                19 / 1000
  Pairs near boundary:             131 (13.1%)
  Avg |prob-0.5| at violation:     0.0000

--- Training baselines (LogisticRegression, RandomForest, SVM) ---

  Training LogisticRegression...
  Val accuracy: 74.90%  |  Val AUC: 0.8218

  [LogisticRegression]  Accuracy: 75.20%  AUC: 0.8281  AUCPRC: 0.8047  Precision: 0.7572  Recall: 0.7098  F1: 0.7328  Antisym: 0.7900

  Training RandomForest...
  Val accuracy: 76.80%  |  Val AUC: 0.8548

  [RandomForest]  Accuracy: 79.70%  AUC: 0.8810  AUCPRC: 0.8757  Precision: 0.8286  Recall: 0.7265  F1: 0.7742  Antisym: 0.7940

  Training SVM_Linear...
  Val accuracy: 74.50%  |  Val AUC: 0.8185

  [SVM_Linear]  Accuracy: 74.40%  AUC: 0.8183  AUCPRC: 0.7951  Precision: 0.7506  Recall: 0.6973  F1: 0.7229  Antisym: 0.7820
Seed: 1011
=== DirectRanker ===
Accuracy:  76.30 %
AUC:       0.8651
AUCPRC:    0.8698
Precision: 0.7490
Recall:    0.7599
F1-Score:  0.7544
Antisymmetry score:  0.9810  (1.0 = perfect, ~0.5 = random)

Detailed Classification Report:
              precision    recall  f1-score   support

           0       0.78      0.77      0.77       521
           1       0.75      0.76      0.75       479

    accuracy                           0.76      1000
   macro avg       0.76      0.76      0.76      1000
weighted avg       0.76      0.76      0.76      1000


Confusion Matrix:
[[399 122]
 [115 364]]

=== LogisticRegression ===
Accuracy:  75.20 %
AUC:       0.8281
AUCPRC:    0.8047
Precision: 0.7572
Recall:    0.7098
F1-Score:  0.7328
Antisymmetry score:  0.7900
Confusion Matrix:
[[412 109]
 [139 340]]

=== RandomForest ===
Accuracy:  79.70 %
AUC:       0.8810
AUCPRC:    0.8757
Precision: 0.8286
Recall:    0.7265
F1-Score:  0.7742
Antisymmetry score:  0.7940
Confusion Matrix:
[[449  72]
 [131 348]]

=== SVM_Linear ===
Accuracy:  74.40 %
AUC:       0.8183
AUCPRC:    0.7951
Precision: 0.7506
Recall:    0.6973
F1-Score:  0.7229
Antisymmetry score:  0.7820
Confusion Matrix:
[[410 111]
 [145 334]]

Saved combined test metrics: /group/pmc021/amunif/epi-thesis/workflow/18_Pairwise Ranking HepG2 REMC/output/combined/test/022-H3K9ac-H3K9me3-H3K27me3-seed1011-test-metrics.csv
Saved combined ROC plot: /group/pmc021/amunif/epi-thesis/workflow/18_Pairwise Ranking HepG2 REMC/output/combined/img/roc/022-H3K9ac-H3K9me3-H3K27me3-seed1011-roc-combined.png
Saved combined PRC plot: /group/pmc021/amunif/epi-thesis/workflow/18_Pairwise Ranking HepG2 REMC/output/combined/img/prc/022-H3K9ac-H3K9me3-H3K27me3-seed1011-prc-combined.png

Finished 022-H3K9ac-H3K9me3-H3K27me3 (seed 1011)

======================================================================
023-H3K9ac-H3K27ac-H3K27me3
======================================================================
Train label distribution:
  Label 0:   4140 (51.7%)
  Label 1:   3860 (48.2%)
Val label distribution:
  Label 0:    553 (55.3%)
  Label 1:    447 (44.7%)
Test label distribution:
  Label 0:    521 (52.1%)
  Label 1:    479 (47.9%)
Saved label distribution: /group/pmc021/amunif/epi-thesis/workflow/18_Pairwise Ranking HepG2 REMC/output/combined/test/023-H3K9ac-H3K27ac-H3K27me3-seed1011-label-distribution.csv

--- Training DirectRanker ---
Epoch [1/100] [TRAIN] Loss: 0.6412, Accuracy: 67.70%, AUC: 0.74 [VAL] Loss: 0.5342, Accuracy: 77.20%, Precision: 0.73, Recall: 0.79, F1: 0.76, AUC: 0.84
Epoch [2/100] [TRAIN] Loss: 0.5622, Accuracy: 74.92%, AUC: 0.83 [VAL] Loss: 0.5271, Accuracy: 77.60%, Precision: 0.73, Recall: 0.79, F1: 0.76, AUC: 0.85
Epoch [3/100] [TRAIN] Loss: 0.5632, Accuracy: 75.03%, AUC: 0.83 [VAL] Loss: 0.5235, Accuracy: 77.70%, Precision: 0.73, Recall: 0.79, F1: 0.76, AUC: 0.85
Epoch [4/100] [TRAIN] Loss: 0.5538, Accuracy: 75.50%, AUC: 0.83 [VAL] Loss: 0.5205, Accuracy: 77.80%, Precision: 0.73, Recall: 0.79, F1: 0.76, AUC: 0.85
Epoch [5/100] [TRAIN] Loss: 0.5509, Accuracy: 75.61%, AUC: 0.83 [VAL] Loss: 0.5180, Accuracy: 77.60%, Precision: 0.73, Recall: 0.79, F1: 0.76, AUC: 0.85
Epoch [6/100] [TRAIN] Loss: 0.5471, Accuracy: 75.70%, AUC: 0.83 [VAL] Loss: 0.5155, Accuracy: 77.30%, Precision: 0.73, Recall: 0.79, F1: 0.76, AUC: 0.85
Epoch [7/100] [TRAIN] Loss: 0.5460, Accuracy: 75.25%, AUC: 0.83 [VAL] Loss: 0.5142, Accuracy: 77.20%, Precision: 0.73, Recall: 0.79, F1: 0.76, AUC: 0.85
Epoch [8/100] [TRAIN] Loss: 0.5407, Accuracy: 75.67%, AUC: 0.84 [VAL] Loss: 0.5124, Accuracy: 77.10%, Precision: 0.73, Recall: 0.78, F1: 0.75, AUC: 0.85
Epoch [9/100] [TRAIN] Loss: 0.5382, Accuracy: 75.42%, AUC: 0.84 [VAL] Loss: 0.5110, Accuracy: 77.00%, Precision: 0.73, Recall: 0.78, F1: 0.75, AUC: 0.85
Epoch [10/100] [TRAIN] Loss: 0.5370, Accuracy: 75.38%, AUC: 0.84 [VAL] Loss: 0.5097, Accuracy: 77.20%, Precision: 0.73, Recall: 0.78, F1: 0.75, AUC: 0.85
Epoch [11/100] [TRAIN] Loss: 0.5388, Accuracy: 75.46%, AUC: 0.84 [VAL] Loss: 0.5092, Accuracy: 77.00%, Precision: 0.73, Recall: 0.78, F1: 0.75, AUC: 0.85
Epoch [12/100] [TRAIN] Loss: 0.5338, Accuracy: 75.60%, AUC: 0.84 [VAL] Loss: 0.5076, Accuracy: 76.90%, Precision: 0.73, Recall: 0.78, F1: 0.75, AUC: 0.85
Epoch [13/100] [TRAIN] Loss: 0.5309, Accuracy: 75.44%, AUC: 0.84 [VAL] Loss: 0.5060, Accuracy: 77.10%, Precision: 0.73, Recall: 0.78, F1: 0.75, AUC: 0.86
Epoch [14/100] [TRAIN] Loss: 0.5297, Accuracy: 75.61%, AUC: 0.84 [VAL] Loss: 0.5065, Accuracy: 76.60%, Precision: 0.72, Recall: 0.78, F1: 0.75, AUC: 0.86
Epoch [15/100] [TRAIN] Loss: 0.5298, Accuracy: 75.69%, AUC: 0.84 [VAL] Loss: 0.5055, Accuracy: 77.10%, Precision: 0.73, Recall: 0.79, F1: 0.75, AUC: 0.86
Epoch [16/100] [TRAIN] Loss: 0.5270, Accuracy: 76.24%, AUC: 0.84 [VAL] Loss: 0.5049, Accuracy: 76.90%, Precision: 0.72, Recall: 0.78, F1: 0.75, AUC: 0.86
Epoch [17/100] [TRAIN] Loss: 0.5232, Accuracy: 76.33%, AUC: 0.85 [VAL] Loss: 0.5037, Accuracy: 76.80%, Precision: 0.72, Recall: 0.78, F1: 0.75, AUC: 0.86
Epoch [18/100] [TRAIN] Loss: 0.5285, Accuracy: 76.11%, AUC: 0.84 [VAL] Loss: 0.5045, Accuracy: 76.90%, Precision: 0.72, Recall: 0.78, F1: 0.75, AUC: 0.86
Epoch [19/100] [TRAIN] Loss: 0.5232, Accuracy: 76.55%, AUC: 0.85 [VAL] Loss: 0.5035, Accuracy: 76.80%, Precision: 0.72, Recall: 0.78, F1: 0.75, AUC: 0.86
Epoch [20/100] [TRAIN] Loss: 0.5240, Accuracy: 75.80%, AUC: 0.84 [VAL] Loss: 0.5033, Accuracy: 77.00%, Precision: 0.73, Recall: 0.78, F1: 0.75, AUC: 0.86
Epoch [21/100] [TRAIN] Loss: 0.5241, Accuracy: 76.01%, AUC: 0.84 [VAL] Loss: 0.5029, Accuracy: 77.10%, Precision: 0.73, Recall: 0.78, F1: 0.75, AUC: 0.86
Epoch [22/100] [TRAIN] Loss: 0.5212, Accuracy: 75.49%, AUC: 0.84 [VAL] Loss: 0.5023, Accuracy: 76.90%, Precision: 0.72, Recall: 0.78, F1: 0.75, AUC: 0.86
Epoch [23/100] [TRAIN] Loss: 0.5233, Accuracy: 75.61%, AUC: 0.84 [VAL] Loss: 0.5015, Accuracy: 76.90%, Precision: 0.72, Recall: 0.78, F1: 0.75, AUC: 0.86
Epoch [24/100] [TRAIN] Loss: 0.5234, Accuracy: 76.34%, AUC: 0.84 [VAL] Loss: 0.5017, Accuracy: 77.00%, Precision: 0.72, Recall: 0.78, F1: 0.75, AUC: 0.86
Epoch [25/100] [TRAIN] Loss: 0.5233, Accuracy: 75.33%, AUC: 0.84 [VAL] Loss: 0.5022, Accuracy: 77.20%, Precision: 0.73, Recall: 0.78, F1: 0.75, AUC: 0.86
Epoch [26/100] [TRAIN] Loss: 0.5197, Accuracy: 76.05%, AUC: 0.85 [VAL] Loss: 0.5019, Accuracy: 77.20%, Precision: 0.73, Recall: 0.78, F1: 0.75, AUC: 0.86
Epoch [27/100] [TRAIN] Loss: 0.5183, Accuracy: 76.14%, AUC: 0.85 [VAL] Loss: 0.5009, Accuracy: 76.70%, Precision: 0.72, Recall: 0.78, F1: 0.75, AUC: 0.86
Epoch [28/100] [TRAIN] Loss: 0.5205, Accuracy: 76.11%, AUC: 0.85 [VAL] Loss: 0.5012, Accuracy: 77.00%, Precision: 0.73, Recall: 0.78, F1: 0.75, AUC: 0.86
Epoch [29/100] [TRAIN] Loss: 0.5167, Accuracy: 76.38%, AUC: 0.85 [VAL] Loss: 0.5012, Accuracy: 77.10%, Precision: 0.73, Recall: 0.78, F1: 0.75, AUC: 0.86
Epoch [30/100] [TRAIN] Loss: 0.5186, Accuracy: 75.89%, AUC: 0.85 [VAL] Loss: 0.4999, Accuracy: 76.90%, Precision: 0.73, Recall: 0.78, F1: 0.75, AUC: 0.86
Epoch [31/100] [TRAIN] Loss: 0.5139, Accuracy: 75.90%, AUC: 0.85 [VAL] Loss: 0.5005, Accuracy: 76.90%, Precision: 0.72, Recall: 0.78, F1: 0.75, AUC: 0.86
Epoch [32/100] [TRAIN] Loss: 0.5193, Accuracy: 75.67%, AUC: 0.85 [VAL] Loss: 0.5008, Accuracy: 77.10%, Precision: 0.73, Recall: 0.78, F1: 0.75, AUC: 0.86
Epoch [33/100] [TRAIN] Loss: 0.5196, Accuracy: 75.65%, AUC: 0.84 [VAL] Loss: 0.5001, Accuracy: 77.10%, Precision: 0.73, Recall: 0.78, F1: 0.75, AUC: 0.86
Epoch [34/100] [TRAIN] Loss: 0.5166, Accuracy: 76.20%, AUC: 0.85 [VAL] Loss: 0.4999, Accuracy: 77.00%, Precision: 0.73, Recall: 0.78, F1: 0.75, AUC: 0.86
Epoch [35/100] [TRAIN] Loss: 0.5182, Accuracy: 75.44%, AUC: 0.84 [VAL] Loss: 0.5003, Accuracy: 77.00%, Precision: 0.73, Recall: 0.78, F1: 0.75, AUC: 0.86
Epoch [36/100] [TRAIN] Loss: 0.5169, Accuracy: 76.16%, AUC: 0.85 [VAL] Loss: 0.4998, Accuracy: 77.00%, Precision: 0.73, Recall: 0.78, F1: 0.75, AUC: 0.86
Epoch [37/100] [TRAIN] Loss: 0.5165, Accuracy: 76.22%, AUC: 0.85 [VAL] Loss: 0.5001, Accuracy: 76.70%, Precision: 0.72, Recall: 0.78, F1: 0.75, AUC: 0.86
Epoch [38/100] [TRAIN] Loss: 0.5070, Accuracy: 76.46%, AUC: 0.85 [VAL] Loss: 0.4995, Accuracy: 76.50%, Precision: 0.72, Recall: 0.78, F1: 0.75, AUC: 0.86
Epoch [39/100] [TRAIN] Loss: 0.5128, Accuracy: 76.14%, AUC: 0.85 [VAL] Loss: 0.4996, Accuracy: 76.80%, Precision: 0.72, Recall: 0.78, F1: 0.75, AUC: 0.86
Epoch [40/100] [TRAIN] Loss: 0.5121, Accuracy: 75.74%, AUC: 0.85 [VAL] Loss: 0.4995, Accuracy: 76.60%, Precision: 0.72, Recall: 0.78, F1: 0.75, AUC: 0.86
Epoch [41/100] [TRAIN] Loss: 0.5110, Accuracy: 76.80%, AUC: 0.85 [VAL] Loss: 0.4996, Accuracy: 76.80%, Precision: 0.72, Recall: 0.78, F1: 0.75, AUC: 0.86
Epoch [42/100] [TRAIN] Loss: 0.5155, Accuracy: 75.72%, AUC: 0.85 [VAL] Loss: 0.4995, Accuracy: 76.90%, Precision: 0.72, Recall: 0.78, F1: 0.75, AUC: 0.86
Epoch [43/100] [TRAIN] Loss: 0.5148, Accuracy: 76.26%, AUC: 0.85 [VAL] Loss: 0.4998, Accuracy: 77.10%, Precision: 0.73, Recall: 0.78, F1: 0.75, AUC: 0.86
Epoch [44/100] [TRAIN] Loss: 0.5110, Accuracy: 76.33%, AUC: 0.85 [VAL] Loss: 0.4985, Accuracy: 77.00%, Precision: 0.73, Recall: 0.78, F1: 0.75, AUC: 0.86
Epoch [45/100] [TRAIN] Loss: 0.5141, Accuracy: 75.85%, AUC: 0.85 [VAL] Loss: 0.4990, Accuracy: 77.40%, Precision: 0.73, Recall: 0.79, F1: 0.76, AUC: 0.86
Epoch [46/100] [TRAIN] Loss: 0.5134, Accuracy: 76.24%, AUC: 0.85 [VAL] Loss: 0.4992, Accuracy: 77.30%, Precision: 0.73, Recall: 0.78, F1: 0.76, AUC: 0.86
Epoch [47/100] [TRAIN] Loss: 0.5133, Accuracy: 75.99%, AUC: 0.85 [VAL] Loss: 0.4995, Accuracy: 77.10%, Precision: 0.73, Recall: 0.78, F1: 0.75, AUC: 0.86
Epoch [48/100] [TRAIN] Loss: 0.5109, Accuracy: 76.61%, AUC: 0.85 [VAL] Loss: 0.4986, Accuracy: 77.00%, Precision: 0.73, Recall: 0.78, F1: 0.75, AUC: 0.86
Epoch [49/100] [TRAIN] Loss: 0.5107, Accuracy: 76.86%, AUC: 0.85 [VAL] Loss: 0.4984, Accuracy: 77.30%, Precision: 0.73, Recall: 0.78, F1: 0.75, AUC: 0.86
Epoch [50/100] [TRAIN] Loss: 0.5138, Accuracy: 75.62%, AUC: 0.85 [VAL] Loss: 0.4984, Accuracy: 77.30%, Precision: 0.73, Recall: 0.78, F1: 0.75, AUC: 0.86
Epoch [51/100] [TRAIN] Loss: 0.5114, Accuracy: 75.91%, AUC: 0.85 [VAL] Loss: 0.4981, Accuracy: 77.10%, Precision: 0.73, Recall: 0.78, F1: 0.75, AUC: 0.86
Epoch [52/100] [TRAIN] Loss: 0.5091, Accuracy: 76.10%, AUC: 0.85 [VAL] Loss: 0.4984, Accuracy: 77.60%, Precision: 0.73, Recall: 0.78, F1: 0.76, AUC: 0.86
Epoch [53/100] [TRAIN] Loss: 0.5091, Accuracy: 76.40%, AUC: 0.85 [VAL] Loss: 0.4984, Accuracy: 77.30%, Precision: 0.73, Recall: 0.78, F1: 0.75, AUC: 0.86
Epoch [54/100] [TRAIN] Loss: 0.5127, Accuracy: 76.33%, AUC: 0.85 [VAL] Loss: 0.4975, Accuracy: 77.40%, Precision: 0.73, Recall: 0.78, F1: 0.76, AUC: 0.86
Epoch [55/100] [TRAIN] Loss: 0.5082, Accuracy: 76.45%, AUC: 0.85 [VAL] Loss: 0.4978, Accuracy: 77.10%, Precision: 0.73, Recall: 0.78, F1: 0.75, AUC: 0.86
Epoch [56/100] [TRAIN] Loss: 0.5039, Accuracy: 76.79%, AUC: 0.86 [VAL] Loss: 0.4978, Accuracy: 77.10%, Precision: 0.73, Recall: 0.78, F1: 0.75, AUC: 0.86
Epoch [57/100] [TRAIN] Loss: 0.5100, Accuracy: 76.21%, AUC: 0.85 [VAL] Loss: 0.4979, Accuracy: 77.10%, Precision: 0.73, Recall: 0.78, F1: 0.75, AUC: 0.86
Epoch [58/100] [TRAIN] Loss: 0.5081, Accuracy: 76.56%, AUC: 0.85 [VAL] Loss: 0.4979, Accuracy: 77.20%, Precision: 0.73, Recall: 0.78, F1: 0.75, AUC: 0.86
Epoch [59/100] [TRAIN] Loss: 0.5102, Accuracy: 76.09%, AUC: 0.85 [VAL] Loss: 0.4986, Accuracy: 77.10%, Precision: 0.73, Recall: 0.78, F1: 0.75, AUC: 0.86
Epoch [60/100] [TRAIN] Loss: 0.5057, Accuracy: 76.71%, AUC: 0.85 [VAL] Loss: 0.4980, Accuracy: 77.20%, Precision: 0.73, Recall: 0.78, F1: 0.75, AUC: 0.86
Epoch [61/100] [TRAIN] Loss: 0.5066, Accuracy: 76.86%, AUC: 0.85 [VAL] Loss: 0.4979, Accuracy: 77.10%, Precision: 0.73, Recall: 0.78, F1: 0.75, AUC: 0.86
Epoch [62/100] [TRAIN] Loss: 0.5070, Accuracy: 76.35%, AUC: 0.85 [VAL] Loss: 0.4979, Accuracy: 77.10%, Precision: 0.73, Recall: 0.78, F1: 0.75, AUC: 0.86
Epoch [63/100] [TRAIN] Loss: 0.5106, Accuracy: 76.25%, AUC: 0.85 [VAL] Loss: 0.4980, Accuracy: 77.10%, Precision: 0.73, Recall: 0.78, F1: 0.75, AUC: 0.86
Epoch [64/100] [TRAIN] Loss: 0.5055, Accuracy: 76.94%, AUC: 0.85 [VAL] Loss: 0.4980, Accuracy: 77.10%, Precision: 0.73, Recall: 0.78, F1: 0.75, AUC: 0.86
  Early stopping at epoch 64 (no val_loss improvement for 10 epochs)
  Antisymmetry score (raw):        0.9670
  Antisymmetry score (confident):  1.0000
  Total violations:                33 / 1000
  Pairs near boundary:             154 (15.4%)
  Avg |prob-0.5| at violation:     0.0000

--- Training baselines (LogisticRegression, RandomForest, SVM) ---

  Training LogisticRegression...
  Val accuracy: 73.30%  |  Val AUC: 0.8162

  [LogisticRegression]  Accuracy: 75.20%  AUC: 0.8295  AUCPRC: 0.8158  Precision: 0.7692  Recall: 0.6889  F1: 0.7269  Antisym: 0.7620

  Training RandomForest...
  Val accuracy: 76.30%  |  Val AUC: 0.8516

  [RandomForest]  Accuracy: 77.80%  AUC: 0.8770  AUCPRC: 0.8717  Precision: 0.8038  Recall: 0.7098  F1: 0.7539  Antisym: 0.8000

  Training SVM_Linear...
  Val accuracy: 74.00%  |  Val AUC: 0.8167

  [SVM_Linear]  Accuracy: 75.60%  AUC: 0.8311  AUCPRC: 0.8184  Precision: 0.7752  Recall: 0.6910  F1: 0.7307  Antisym: 0.7550
Seed: 1011
=== DirectRanker ===
Accuracy:  75.40 %
AUC:       0.8588
AUCPRC:    0.8637
Precision: 0.7335
Recall:    0.7641
F1-Score:  0.7485
Antisymmetry score:  0.9670  (1.0 = perfect, ~0.5 = random)

Detailed Classification Report:
              precision    recall  f1-score   support

           0       0.77      0.74      0.76       521
           1       0.73      0.76      0.75       479

    accuracy                           0.75      1000
   macro avg       0.75      0.75      0.75      1000
weighted avg       0.75      0.75      0.75      1000


Confusion Matrix:
[[388 133]
 [113 366]]

=== LogisticRegression ===
Accuracy:  75.20 %
AUC:       0.8295
AUCPRC:    0.8158
Precision: 0.7692
Recall:    0.6889
F1-Score:  0.7269
Antisymmetry score:  0.7620
Confusion Matrix:
[[422  99]
 [149 330]]

=== RandomForest ===
Accuracy:  77.80 %
AUC:       0.8770
AUCPRC:    0.8717
Precision: 0.8038
Recall:    0.7098
F1-Score:  0.7539
Antisymmetry score:  0.8000
Confusion Matrix:
[[438  83]
 [139 340]]

=== SVM_Linear ===
Accuracy:  75.60 %
AUC:       0.8311
AUCPRC:    0.8184
Precision: 0.7752
Recall:    0.6910
F1-Score:  0.7307
Antisymmetry score:  0.7550
Confusion Matrix:
[[425  96]
 [148 331]]

Saved combined test metrics: /group/pmc021/amunif/epi-thesis/workflow/18_Pairwise Ranking HepG2 REMC/output/combined/test/023-H3K9ac-H3K27ac-H3K27me3-seed1011-test-metrics.csv
Saved combined ROC plot: /group/pmc021/amunif/epi-thesis/workflow/18_Pairwise Ranking HepG2 REMC/output/combined/img/roc/023-H3K9ac-H3K27ac-H3K27me3-seed1011-roc-combined.png
Saved combined PRC plot: /group/pmc021/amunif/epi-thesis/workflow/18_Pairwise Ranking HepG2 REMC/output/combined/img/prc/023-H3K9ac-H3K27ac-H3K27me3-seed1011-prc-combined.png

Finished 023-H3K9ac-H3K27ac-H3K27me3 (seed 1011)

======================================================================
024-H3K9me3-H3K27ac-H3K27me3
======================================================================
Train label distribution:
  Label 0:   4140 (51.7%)
  Label 1:   3860 (48.2%)
Val label distribution:
  Label 0:    553 (55.3%)
  Label 1:    447 (44.7%)
Test label distribution:
  Label 0:    521 (52.1%)
  Label 1:    479 (47.9%)
Saved label distribution: /group/pmc021/amunif/epi-thesis/workflow/18_Pairwise Ranking HepG2 REMC/output/combined/test/024-H3K9me3-H3K27ac-H3K27me3-seed1011-label-distribution.csv

--- Training DirectRanker ---
Epoch [1/100] [TRAIN] Loss: 0.6505, Accuracy: 66.40%, AUC: 0.74 [VAL] Loss: 0.6052, Accuracy: 72.70%, Precision: 0.68, Recall: 0.74, F1: 0.71, AUC: 0.80
Epoch [2/100] [TRAIN] Loss: 0.6139, Accuracy: 71.62%, AUC: 0.79 [VAL] Loss: 0.5955, Accuracy: 73.00%, Precision: 0.68, Recall: 0.75, F1: 0.71, AUC: 0.80
Epoch [3/100] [TRAIN] Loss: 0.6034, Accuracy: 72.76%, AUC: 0.80 [VAL] Loss: 0.5921, Accuracy: 73.00%, Precision: 0.68, Recall: 0.75, F1: 0.71, AUC: 0.80
Epoch [4/100] [TRAIN] Loss: 0.5996, Accuracy: 72.33%, AUC: 0.80 [VAL] Loss: 0.5899, Accuracy: 73.20%, Precision: 0.68, Recall: 0.76, F1: 0.72, AUC: 0.80
Epoch [5/100] [TRAIN] Loss: 0.5945, Accuracy: 72.90%, AUC: 0.80 [VAL] Loss: 0.5881, Accuracy: 73.60%, Precision: 0.68, Recall: 0.76, F1: 0.72, AUC: 0.80
Epoch [6/100] [TRAIN] Loss: 0.5895, Accuracy: 73.44%, AUC: 0.81 [VAL] Loss: 0.5861, Accuracy: 73.90%, Precision: 0.69, Recall: 0.76, F1: 0.72, AUC: 0.80
Epoch [7/100] [TRAIN] Loss: 0.5870, Accuracy: 73.20%, AUC: 0.81 [VAL] Loss: 0.5843, Accuracy: 73.90%, Precision: 0.69, Recall: 0.76, F1: 0.72, AUC: 0.81
Epoch [8/100] [TRAIN] Loss: 0.5858, Accuracy: 73.47%, AUC: 0.81 [VAL] Loss: 0.5827, Accuracy: 73.90%, Precision: 0.69, Recall: 0.76, F1: 0.72, AUC: 0.81
Epoch [9/100] [TRAIN] Loss: 0.5815, Accuracy: 73.15%, AUC: 0.81 [VAL] Loss: 0.5811, Accuracy: 73.60%, Precision: 0.69, Recall: 0.76, F1: 0.72, AUC: 0.81
Epoch [10/100] [TRAIN] Loss: 0.5793, Accuracy: 73.91%, AUC: 0.81 [VAL] Loss: 0.5798, Accuracy: 73.80%, Precision: 0.69, Recall: 0.75, F1: 0.72, AUC: 0.81
Epoch [11/100] [TRAIN] Loss: 0.5804, Accuracy: 73.60%, AUC: 0.81 [VAL] Loss: 0.5786, Accuracy: 73.70%, Precision: 0.69, Recall: 0.75, F1: 0.72, AUC: 0.81
Epoch [12/100] [TRAIN] Loss: 0.5764, Accuracy: 73.55%, AUC: 0.81 [VAL] Loss: 0.5774, Accuracy: 73.70%, Precision: 0.69, Recall: 0.75, F1: 0.72, AUC: 0.81
Epoch [13/100] [TRAIN] Loss: 0.5741, Accuracy: 74.03%, AUC: 0.81 [VAL] Loss: 0.5765, Accuracy: 73.70%, Precision: 0.69, Recall: 0.75, F1: 0.72, AUC: 0.81
Epoch [14/100] [TRAIN] Loss: 0.5745, Accuracy: 73.58%, AUC: 0.81 [VAL] Loss: 0.5752, Accuracy: 73.60%, Precision: 0.69, Recall: 0.75, F1: 0.72, AUC: 0.81
Epoch [15/100] [TRAIN] Loss: 0.5725, Accuracy: 73.59%, AUC: 0.81 [VAL] Loss: 0.5740, Accuracy: 73.70%, Precision: 0.69, Recall: 0.75, F1: 0.72, AUC: 0.81
Epoch [16/100] [TRAIN] Loss: 0.5757, Accuracy: 73.83%, AUC: 0.81 [VAL] Loss: 0.5731, Accuracy: 73.90%, Precision: 0.69, Recall: 0.75, F1: 0.72, AUC: 0.81
Epoch [17/100] [TRAIN] Loss: 0.5700, Accuracy: 74.09%, AUC: 0.81 [VAL] Loss: 0.5721, Accuracy: 73.90%, Precision: 0.69, Recall: 0.75, F1: 0.72, AUC: 0.81
Epoch [18/100] [TRAIN] Loss: 0.5694, Accuracy: 74.24%, AUC: 0.81 [VAL] Loss: 0.5712, Accuracy: 73.90%, Precision: 0.69, Recall: 0.75, F1: 0.72, AUC: 0.81
Epoch [19/100] [TRAIN] Loss: 0.5707, Accuracy: 73.70%, AUC: 0.81 [VAL] Loss: 0.5702, Accuracy: 73.90%, Precision: 0.69, Recall: 0.75, F1: 0.72, AUC: 0.81
Epoch [20/100] [TRAIN] Loss: 0.5690, Accuracy: 74.06%, AUC: 0.81 [VAL] Loss: 0.5698, Accuracy: 73.90%, Precision: 0.69, Recall: 0.75, F1: 0.72, AUC: 0.81
Epoch [21/100] [TRAIN] Loss: 0.5656, Accuracy: 73.74%, AUC: 0.81 [VAL] Loss: 0.5689, Accuracy: 74.00%, Precision: 0.69, Recall: 0.75, F1: 0.72, AUC: 0.81
Epoch [22/100] [TRAIN] Loss: 0.5643, Accuracy: 74.21%, AUC: 0.81 [VAL] Loss: 0.5683, Accuracy: 74.00%, Precision: 0.69, Recall: 0.75, F1: 0.72, AUC: 0.81
Epoch [23/100] [TRAIN] Loss: 0.5682, Accuracy: 73.59%, AUC: 0.81 [VAL] Loss: 0.5675, Accuracy: 73.90%, Precision: 0.69, Recall: 0.75, F1: 0.72, AUC: 0.81
Epoch [24/100] [TRAIN] Loss: 0.5640, Accuracy: 73.91%, AUC: 0.82 [VAL] Loss: 0.5667, Accuracy: 73.90%, Precision: 0.69, Recall: 0.75, F1: 0.72, AUC: 0.81
Epoch [25/100] [TRAIN] Loss: 0.5632, Accuracy: 74.16%, AUC: 0.82 [VAL] Loss: 0.5661, Accuracy: 73.90%, Precision: 0.69, Recall: 0.75, F1: 0.72, AUC: 0.81
Epoch [26/100] [TRAIN] Loss: 0.5670, Accuracy: 74.04%, AUC: 0.81 [VAL] Loss: 0.5652, Accuracy: 74.00%, Precision: 0.69, Recall: 0.75, F1: 0.72, AUC: 0.81
Epoch [27/100] [TRAIN] Loss: 0.5632, Accuracy: 74.17%, AUC: 0.82 [VAL] Loss: 0.5646, Accuracy: 74.10%, Precision: 0.69, Recall: 0.75, F1: 0.72, AUC: 0.81
Epoch [28/100] [TRAIN] Loss: 0.5629, Accuracy: 74.26%, AUC: 0.82 [VAL] Loss: 0.5643, Accuracy: 74.20%, Precision: 0.69, Recall: 0.75, F1: 0.72, AUC: 0.81
Epoch [29/100] [TRAIN] Loss: 0.5601, Accuracy: 74.26%, AUC: 0.82 [VAL] Loss: 0.5637, Accuracy: 74.30%, Precision: 0.70, Recall: 0.75, F1: 0.72, AUC: 0.81
Epoch [30/100] [TRAIN] Loss: 0.5614, Accuracy: 74.55%, AUC: 0.82 [VAL] Loss: 0.5632, Accuracy: 74.20%, Precision: 0.70, Recall: 0.75, F1: 0.72, AUC: 0.81
Epoch [31/100] [TRAIN] Loss: 0.5602, Accuracy: 73.65%, AUC: 0.82 [VAL] Loss: 0.5628, Accuracy: 74.30%, Precision: 0.70, Recall: 0.75, F1: 0.72, AUC: 0.81
Epoch [32/100] [TRAIN] Loss: 0.5607, Accuracy: 74.40%, AUC: 0.82 [VAL] Loss: 0.5618, Accuracy: 74.40%, Precision: 0.70, Recall: 0.75, F1: 0.72, AUC: 0.81
Epoch [33/100] [TRAIN] Loss: 0.5565, Accuracy: 74.35%, AUC: 0.82 [VAL] Loss: 0.5615, Accuracy: 74.60%, Precision: 0.70, Recall: 0.75, F1: 0.73, AUC: 0.81
Epoch [34/100] [TRAIN] Loss: 0.5571, Accuracy: 74.51%, AUC: 0.82 [VAL] Loss: 0.5608, Accuracy: 74.70%, Precision: 0.70, Recall: 0.76, F1: 0.73, AUC: 0.81
Epoch [35/100] [TRAIN] Loss: 0.5578, Accuracy: 74.15%, AUC: 0.82 [VAL] Loss: 0.5602, Accuracy: 74.70%, Precision: 0.70, Recall: 0.76, F1: 0.73, AUC: 0.81
Epoch [36/100] [TRAIN] Loss: 0.5572, Accuracy: 73.91%, AUC: 0.82 [VAL] Loss: 0.5597, Accuracy: 74.80%, Precision: 0.70, Recall: 0.76, F1: 0.73, AUC: 0.81
Epoch [37/100] [TRAIN] Loss: 0.5543, Accuracy: 74.26%, AUC: 0.82 [VAL] Loss: 0.5594, Accuracy: 74.70%, Precision: 0.70, Recall: 0.76, F1: 0.73, AUC: 0.81
Epoch [38/100] [TRAIN] Loss: 0.5563, Accuracy: 74.25%, AUC: 0.82 [VAL] Loss: 0.5589, Accuracy: 74.60%, Precision: 0.70, Recall: 0.76, F1: 0.73, AUC: 0.82
Epoch [39/100] [TRAIN] Loss: 0.5516, Accuracy: 74.67%, AUC: 0.82 [VAL] Loss: 0.5585, Accuracy: 74.50%, Precision: 0.70, Recall: 0.76, F1: 0.73, AUC: 0.82
Epoch [40/100] [TRAIN] Loss: 0.5510, Accuracy: 74.22%, AUC: 0.82 [VAL] Loss: 0.5583, Accuracy: 74.60%, Precision: 0.70, Recall: 0.76, F1: 0.73, AUC: 0.82
Epoch [41/100] [TRAIN] Loss: 0.5539, Accuracy: 74.54%, AUC: 0.82 [VAL] Loss: 0.5578, Accuracy: 74.60%, Precision: 0.70, Recall: 0.76, F1: 0.73, AUC: 0.82
Epoch [42/100] [TRAIN] Loss: 0.5510, Accuracy: 74.62%, AUC: 0.82 [VAL] Loss: 0.5572, Accuracy: 74.60%, Precision: 0.70, Recall: 0.76, F1: 0.73, AUC: 0.82
Epoch [43/100] [TRAIN] Loss: 0.5519, Accuracy: 74.49%, AUC: 0.82 [VAL] Loss: 0.5567, Accuracy: 74.60%, Precision: 0.70, Recall: 0.76, F1: 0.73, AUC: 0.82
Epoch [44/100] [TRAIN] Loss: 0.5537, Accuracy: 74.33%, AUC: 0.82 [VAL] Loss: 0.5563, Accuracy: 74.60%, Precision: 0.70, Recall: 0.76, F1: 0.73, AUC: 0.82
Epoch [45/100] [TRAIN] Loss: 0.5538, Accuracy: 74.54%, AUC: 0.82 [VAL] Loss: 0.5557, Accuracy: 74.60%, Precision: 0.70, Recall: 0.76, F1: 0.73, AUC: 0.82
Epoch [46/100] [TRAIN] Loss: 0.5514, Accuracy: 74.45%, AUC: 0.82 [VAL] Loss: 0.5557, Accuracy: 74.50%, Precision: 0.70, Recall: 0.75, F1: 0.73, AUC: 0.82
Epoch [47/100] [TRAIN] Loss: 0.5517, Accuracy: 74.71%, AUC: 0.82 [VAL] Loss: 0.5553, Accuracy: 74.70%, Precision: 0.70, Recall: 0.76, F1: 0.73, AUC: 0.82
Epoch [48/100] [TRAIN] Loss: 0.5510, Accuracy: 74.22%, AUC: 0.82 [VAL] Loss: 0.5551, Accuracy: 74.50%, Precision: 0.70, Recall: 0.75, F1: 0.73, AUC: 0.82
Epoch [49/100] [TRAIN] Loss: 0.5511, Accuracy: 74.64%, AUC: 0.82 [VAL] Loss: 0.5549, Accuracy: 74.20%, Precision: 0.70, Recall: 0.75, F1: 0.72, AUC: 0.82
Epoch [50/100] [TRAIN] Loss: 0.5509, Accuracy: 74.35%, AUC: 0.82 [VAL] Loss: 0.5544, Accuracy: 74.30%, Precision: 0.70, Recall: 0.75, F1: 0.72, AUC: 0.82
Epoch [51/100] [TRAIN] Loss: 0.5477, Accuracy: 74.79%, AUC: 0.83 [VAL] Loss: 0.5540, Accuracy: 74.30%, Precision: 0.70, Recall: 0.75, F1: 0.72, AUC: 0.82
Epoch [52/100] [TRAIN] Loss: 0.5461, Accuracy: 74.30%, AUC: 0.83 [VAL] Loss: 0.5538, Accuracy: 74.30%, Precision: 0.70, Recall: 0.75, F1: 0.72, AUC: 0.82
Epoch [53/100] [TRAIN] Loss: 0.5502, Accuracy: 74.58%, AUC: 0.82 [VAL] Loss: 0.5534, Accuracy: 74.20%, Precision: 0.70, Recall: 0.75, F1: 0.72, AUC: 0.82
Epoch [54/100] [TRAIN] Loss: 0.5476, Accuracy: 74.62%, AUC: 0.83 [VAL] Loss: 0.5531, Accuracy: 74.30%, Precision: 0.70, Recall: 0.75, F1: 0.72, AUC: 0.82
Epoch [55/100] [TRAIN] Loss: 0.5437, Accuracy: 74.85%, AUC: 0.83 [VAL] Loss: 0.5528, Accuracy: 74.40%, Precision: 0.70, Recall: 0.75, F1: 0.72, AUC: 0.82
Epoch [56/100] [TRAIN] Loss: 0.5479, Accuracy: 74.33%, AUC: 0.82 [VAL] Loss: 0.5523, Accuracy: 74.30%, Precision: 0.70, Recall: 0.75, F1: 0.72, AUC: 0.82
Epoch [57/100] [TRAIN] Loss: 0.5467, Accuracy: 74.40%, AUC: 0.83 [VAL] Loss: 0.5521, Accuracy: 74.30%, Precision: 0.70, Recall: 0.74, F1: 0.72, AUC: 0.82
Epoch [58/100] [TRAIN] Loss: 0.5445, Accuracy: 74.74%, AUC: 0.83 [VAL] Loss: 0.5519, Accuracy: 74.30%, Precision: 0.70, Recall: 0.74, F1: 0.72, AUC: 0.82
Epoch [59/100] [TRAIN] Loss: 0.5431, Accuracy: 74.47%, AUC: 0.83 [VAL] Loss: 0.5516, Accuracy: 74.10%, Precision: 0.70, Recall: 0.74, F1: 0.72, AUC: 0.82
Epoch [60/100] [TRAIN] Loss: 0.5433, Accuracy: 74.30%, AUC: 0.83 [VAL] Loss: 0.5513, Accuracy: 74.20%, Precision: 0.70, Recall: 0.74, F1: 0.72, AUC: 0.82
Epoch [61/100] [TRAIN] Loss: 0.5426, Accuracy: 74.49%, AUC: 0.83 [VAL] Loss: 0.5512, Accuracy: 74.20%, Precision: 0.70, Recall: 0.74, F1: 0.72, AUC: 0.82
Epoch [62/100] [TRAIN] Loss: 0.5410, Accuracy: 74.86%, AUC: 0.83 [VAL] Loss: 0.5509, Accuracy: 74.10%, Precision: 0.70, Recall: 0.74, F1: 0.72, AUC: 0.82
Epoch [63/100] [TRAIN] Loss: 0.5439, Accuracy: 74.61%, AUC: 0.83 [VAL] Loss: 0.5505, Accuracy: 74.20%, Precision: 0.70, Recall: 0.74, F1: 0.72, AUC: 0.82
Epoch [64/100] [TRAIN] Loss: 0.5439, Accuracy: 74.62%, AUC: 0.83 [VAL] Loss: 0.5502, Accuracy: 74.00%, Precision: 0.70, Recall: 0.74, F1: 0.72, AUC: 0.82
Epoch [65/100] [TRAIN] Loss: 0.5426, Accuracy: 74.50%, AUC: 0.83 [VAL] Loss: 0.5502, Accuracy: 74.10%, Precision: 0.70, Recall: 0.74, F1: 0.72, AUC: 0.82
Epoch [66/100] [TRAIN] Loss: 0.5448, Accuracy: 74.71%, AUC: 0.83 [VAL] Loss: 0.5501, Accuracy: 74.00%, Precision: 0.70, Recall: 0.74, F1: 0.72, AUC: 0.82
Epoch [67/100] [TRAIN] Loss: 0.5416, Accuracy: 74.76%, AUC: 0.83 [VAL] Loss: 0.5499, Accuracy: 74.00%, Precision: 0.70, Recall: 0.74, F1: 0.72, AUC: 0.82
Epoch [68/100] [TRAIN] Loss: 0.5415, Accuracy: 74.36%, AUC: 0.83 [VAL] Loss: 0.5495, Accuracy: 73.80%, Precision: 0.69, Recall: 0.74, F1: 0.72, AUC: 0.82
Epoch [69/100] [TRAIN] Loss: 0.5432, Accuracy: 74.55%, AUC: 0.83 [VAL] Loss: 0.5493, Accuracy: 73.80%, Precision: 0.70, Recall: 0.73, F1: 0.71, AUC: 0.82
Epoch [70/100] [TRAIN] Loss: 0.5375, Accuracy: 74.69%, AUC: 0.83 [VAL] Loss: 0.5490, Accuracy: 73.70%, Precision: 0.69, Recall: 0.74, F1: 0.71, AUC: 0.82
Epoch [71/100] [TRAIN] Loss: 0.5361, Accuracy: 75.05%, AUC: 0.83 [VAL] Loss: 0.5486, Accuracy: 73.20%, Precision: 0.69, Recall: 0.73, F1: 0.71, AUC: 0.82
Epoch [72/100] [TRAIN] Loss: 0.5377, Accuracy: 74.38%, AUC: 0.83 [VAL] Loss: 0.5485, Accuracy: 73.40%, Precision: 0.69, Recall: 0.73, F1: 0.71, AUC: 0.82
Epoch [73/100] [TRAIN] Loss: 0.5378, Accuracy: 74.42%, AUC: 0.83 [VAL] Loss: 0.5482, Accuracy: 73.20%, Precision: 0.69, Recall: 0.73, F1: 0.71, AUC: 0.82
Epoch [74/100] [TRAIN] Loss: 0.5382, Accuracy: 74.25%, AUC: 0.83 [VAL] Loss: 0.5480, Accuracy: 73.10%, Precision: 0.69, Recall: 0.73, F1: 0.71, AUC: 0.82
Epoch [75/100] [TRAIN] Loss: 0.5406, Accuracy: 74.61%, AUC: 0.83 [VAL] Loss: 0.5476, Accuracy: 73.20%, Precision: 0.69, Recall: 0.73, F1: 0.71, AUC: 0.82
Epoch [76/100] [TRAIN] Loss: 0.5394, Accuracy: 74.67%, AUC: 0.83 [VAL] Loss: 0.5474, Accuracy: 73.20%, Precision: 0.69, Recall: 0.73, F1: 0.71, AUC: 0.82
Epoch [77/100] [TRAIN] Loss: 0.5357, Accuracy: 75.08%, AUC: 0.83 [VAL] Loss: 0.5470, Accuracy: 73.40%, Precision: 0.69, Recall: 0.74, F1: 0.71, AUC: 0.82
Epoch [78/100] [TRAIN] Loss: 0.5403, Accuracy: 75.12%, AUC: 0.83 [VAL] Loss: 0.5468, Accuracy: 73.50%, Precision: 0.69, Recall: 0.74, F1: 0.71, AUC: 0.82
Epoch [79/100] [TRAIN] Loss: 0.5351, Accuracy: 74.88%, AUC: 0.83 [VAL] Loss: 0.5467, Accuracy: 73.40%, Precision: 0.69, Recall: 0.73, F1: 0.71, AUC: 0.82
Epoch [80/100] [TRAIN] Loss: 0.5342, Accuracy: 74.38%, AUC: 0.83 [VAL] Loss: 0.5465, Accuracy: 73.40%, Precision: 0.69, Recall: 0.73, F1: 0.71, AUC: 0.82
Epoch [81/100] [TRAIN] Loss: 0.5388, Accuracy: 75.01%, AUC: 0.83 [VAL] Loss: 0.5464, Accuracy: 73.50%, Precision: 0.69, Recall: 0.74, F1: 0.71, AUC: 0.82
Epoch [82/100] [TRAIN] Loss: 0.5349, Accuracy: 74.83%, AUC: 0.83 [VAL] Loss: 0.5462, Accuracy: 73.40%, Precision: 0.69, Recall: 0.73, F1: 0.71, AUC: 0.82
Epoch [83/100] [TRAIN] Loss: 0.5367, Accuracy: 74.65%, AUC: 0.83 [VAL] Loss: 0.5460, Accuracy: 73.20%, Precision: 0.69, Recall: 0.73, F1: 0.71, AUC: 0.82
Epoch [84/100] [TRAIN] Loss: 0.5322, Accuracy: 75.17%, AUC: 0.83 [VAL] Loss: 0.5456, Accuracy: 73.50%, Precision: 0.69, Recall: 0.74, F1: 0.71, AUC: 0.82
Epoch [85/100] [TRAIN] Loss: 0.5330, Accuracy: 74.59%, AUC: 0.83 [VAL] Loss: 0.5455, Accuracy: 73.30%, Precision: 0.69, Recall: 0.73, F1: 0.71, AUC: 0.82
Epoch [86/100] [TRAIN] Loss: 0.5319, Accuracy: 75.24%, AUC: 0.84 [VAL] Loss: 0.5453, Accuracy: 73.20%, Precision: 0.69, Recall: 0.73, F1: 0.71, AUC: 0.82
Epoch [87/100] [TRAIN] Loss: 0.5340, Accuracy: 74.67%, AUC: 0.83 [VAL] Loss: 0.5449, Accuracy: 73.50%, Precision: 0.69, Recall: 0.74, F1: 0.71, AUC: 0.82
Epoch [88/100] [TRAIN] Loss: 0.5325, Accuracy: 75.12%, AUC: 0.84 [VAL] Loss: 0.5446, Accuracy: 73.30%, Precision: 0.69, Recall: 0.73, F1: 0.71, AUC: 0.82
Epoch [89/100] [TRAIN] Loss: 0.5327, Accuracy: 75.06%, AUC: 0.83 [VAL] Loss: 0.5445, Accuracy: 73.40%, Precision: 0.69, Recall: 0.74, F1: 0.71, AUC: 0.82
Epoch [90/100] [TRAIN] Loss: 0.5312, Accuracy: 74.99%, AUC: 0.84 [VAL] Loss: 0.5442, Accuracy: 73.40%, Precision: 0.69, Recall: 0.74, F1: 0.71, AUC: 0.82
Epoch [91/100] [TRAIN] Loss: 0.5333, Accuracy: 75.04%, AUC: 0.83 [VAL] Loss: 0.5442, Accuracy: 73.60%, Precision: 0.69, Recall: 0.74, F1: 0.71, AUC: 0.82
Epoch [92/100] [TRAIN] Loss: 0.5331, Accuracy: 75.14%, AUC: 0.83 [VAL] Loss: 0.5440, Accuracy: 73.40%, Precision: 0.69, Recall: 0.73, F1: 0.71, AUC: 0.82
Epoch [93/100] [TRAIN] Loss: 0.5309, Accuracy: 75.09%, AUC: 0.84 [VAL] Loss: 0.5436, Accuracy: 73.20%, Precision: 0.69, Recall: 0.73, F1: 0.71, AUC: 0.82
Epoch [94/100] [TRAIN] Loss: 0.5310, Accuracy: 74.97%, AUC: 0.84 [VAL] Loss: 0.5434, Accuracy: 73.30%, Precision: 0.69, Recall: 0.73, F1: 0.71, AUC: 0.82
Epoch [95/100] [TRAIN] Loss: 0.5288, Accuracy: 74.96%, AUC: 0.84 [VAL] Loss: 0.5434, Accuracy: 73.40%, Precision: 0.69, Recall: 0.73, F1: 0.71, AUC: 0.82
Epoch [96/100] [TRAIN] Loss: 0.5315, Accuracy: 75.54%, AUC: 0.84 [VAL] Loss: 0.5431, Accuracy: 73.50%, Precision: 0.69, Recall: 0.73, F1: 0.71, AUC: 0.82
Epoch [97/100] [TRAIN] Loss: 0.5293, Accuracy: 75.22%, AUC: 0.84 [VAL] Loss: 0.5430, Accuracy: 73.20%, Precision: 0.69, Recall: 0.73, F1: 0.71, AUC: 0.82
Epoch [98/100] [TRAIN] Loss: 0.5307, Accuracy: 75.00%, AUC: 0.84 [VAL] Loss: 0.5430, Accuracy: 73.20%, Precision: 0.69, Recall: 0.72, F1: 0.71, AUC: 0.82
Epoch [99/100] [TRAIN] Loss: 0.5313, Accuracy: 74.96%, AUC: 0.84 [VAL] Loss: 0.5428, Accuracy: 73.40%, Precision: 0.69, Recall: 0.73, F1: 0.71, AUC: 0.82
Epoch [100/100] [TRAIN] Loss: 0.5284, Accuracy: 75.11%, AUC: 0.84 [VAL] Loss: 0.5429, Accuracy: 73.30%, Precision: 0.69, Recall: 0.73, F1: 0.71, AUC: 0.82
  Antisymmetry score (raw):        0.9750
  Antisymmetry score (confident):  1.0000
  Total violations:                25 / 1000
  Pairs near boundary:             155 (15.5%)
  Avg |prob-0.5| at violation:     0.0000

--- Training baselines (LogisticRegression, RandomForest, SVM) ---

  Training LogisticRegression...
  Val accuracy: 70.60%  |  Val AUC: 0.7604

  [LogisticRegression]  Accuracy: 71.60%  AUC: 0.7839  AUCPRC: 0.7423  Precision: 0.7152  Recall: 0.6764  F1: 0.6953  Antisym: 0.7570

  Training RandomForest...
  Val accuracy: 74.50%  |  Val AUC: 0.8258

  [RandomForest]  Accuracy: 75.60%  AUC: 0.8527  AUCPRC: 0.8396  Precision: 0.7791  Recall: 0.6848  F1: 0.7289  Antisym: 0.7810

  Training SVM_Linear...
  Val accuracy: 70.10%  |  Val AUC: 0.7567

  [SVM_Linear]  Accuracy: 70.80%  AUC: 0.7760  AUCPRC: 0.7324  Precision: 0.7149  Recall: 0.6493  F1: 0.6805  Antisym: 0.7480
Seed: 1011
=== DirectRanker ===
Accuracy:  74.00 %
AUC:       0.8359
AUCPRC:    0.8342
Precision: 0.7221
Recall:    0.7432
F1-Score:  0.7325
Antisymmetry score:  0.9750  (1.0 = perfect, ~0.5 = random)

Detailed Classification Report:
              precision    recall  f1-score   support

           0       0.76      0.74      0.75       521
           1       0.72      0.74      0.73       479

    accuracy                           0.74      1000
   macro avg       0.74      0.74      0.74      1000
weighted avg       0.74      0.74      0.74      1000


Confusion Matrix:
[[384 137]
 [123 356]]

=== LogisticRegression ===
Accuracy:  71.60 %
AUC:       0.7839
AUCPRC:    0.7423
Precision: 0.7152
Recall:    0.6764
F1-Score:  0.6953
Antisymmetry score:  0.7570
Confusion Matrix:
[[392 129]
 [155 324]]

=== RandomForest ===
Accuracy:  75.60 %
AUC:       0.8527
AUCPRC:    0.8396
Precision: 0.7791
Recall:    0.6848
F1-Score:  0.7289
Antisymmetry score:  0.7810
Confusion Matrix:
[[428  93]
 [151 328]]

=== SVM_Linear ===
Accuracy:  70.80 %
AUC:       0.7760
AUCPRC:    0.7324
Precision: 0.7149
Recall:    0.6493
F1-Score:  0.6805
Antisymmetry score:  0.7480
Confusion Matrix:
[[397 124]
 [168 311]]

Saved combined test metrics: /group/pmc021/amunif/epi-thesis/workflow/18_Pairwise Ranking HepG2 REMC/output/combined/test/024-H3K9me3-H3K27ac-H3K27me3-seed1011-test-metrics.csv
Saved combined ROC plot: /group/pmc021/amunif/epi-thesis/workflow/18_Pairwise Ranking HepG2 REMC/output/combined/img/roc/024-H3K9me3-H3K27ac-H3K27me3-seed1011-roc-combined.png
Saved combined PRC plot: /group/pmc021/amunif/epi-thesis/workflow/18_Pairwise Ranking HepG2 REMC/output/combined/img/prc/024-H3K9me3-H3K27ac-H3K27me3-seed1011-prc-combined.png

Finished 024-H3K9me3-H3K27ac-H3K27me3 (seed 1011)

======================================================================
025-H3K4me3-H3K9ac-H3K9me3-H3K27ac
======================================================================
Train label distribution:
  Label 0:   4140 (51.7%)
  Label 1:   3860 (48.2%)
Val label distribution:
  Label 0:    553 (55.3%)
  Label 1:    447 (44.7%)
Test label distribution:
  Label 0:    521 (52.1%)
  Label 1:    479 (47.9%)
Saved label distribution: /group/pmc021/amunif/epi-thesis/workflow/18_Pairwise Ranking HepG2 REMC/output/combined/test/025-H3K4me3-H3K9ac-H3K9me3-H3K27ac-seed1011-label-distribution.csv

--- Training DirectRanker ---
Epoch [1/100] [TRAIN] Loss: 0.6313, Accuracy: 68.41%, AUC: 0.76 [VAL] Loss: 0.5331, Accuracy: 75.30%, Precision: 0.70, Recall: 0.78, F1: 0.74, AUC: 0.84
Epoch [2/100] [TRAIN] Loss: 0.5658, Accuracy: 74.51%, AUC: 0.82 [VAL] Loss: 0.5248, Accuracy: 75.60%, Precision: 0.70, Recall: 0.79, F1: 0.74, AUC: 0.84
Epoch [3/100] [TRAIN] Loss: 0.5633, Accuracy: 73.99%, AUC: 0.82 [VAL] Loss: 0.5220, Accuracy: 76.40%, Precision: 0.71, Recall: 0.79, F1: 0.75, AUC: 0.85
Epoch [4/100] [TRAIN] Loss: 0.5520, Accuracy: 75.21%, AUC: 0.83 [VAL] Loss: 0.5176, Accuracy: 76.30%, Precision: 0.71, Recall: 0.79, F1: 0.75, AUC: 0.85
Epoch [5/100] [TRAIN] Loss: 0.5473, Accuracy: 74.97%, AUC: 0.83 [VAL] Loss: 0.5158, Accuracy: 76.60%, Precision: 0.71, Recall: 0.80, F1: 0.75, AUC: 0.85
Epoch [6/100] [TRAIN] Loss: 0.5420, Accuracy: 75.39%, AUC: 0.83 [VAL] Loss: 0.5140, Accuracy: 75.90%, Precision: 0.71, Recall: 0.79, F1: 0.75, AUC: 0.85
Epoch [7/100] [TRAIN] Loss: 0.5382, Accuracy: 75.30%, AUC: 0.83 [VAL] Loss: 0.5149, Accuracy: 76.10%, Precision: 0.71, Recall: 0.80, F1: 0.75, AUC: 0.85
Epoch [8/100] [TRAIN] Loss: 0.5359, Accuracy: 75.71%, AUC: 0.84 [VAL] Loss: 0.5131, Accuracy: 76.00%, Precision: 0.71, Recall: 0.79, F1: 0.75, AUC: 0.85
Epoch [9/100] [TRAIN] Loss: 0.5350, Accuracy: 75.59%, AUC: 0.84 [VAL] Loss: 0.5130, Accuracy: 75.90%, Precision: 0.70, Recall: 0.80, F1: 0.75, AUC: 0.85
Epoch [10/100] [TRAIN] Loss: 0.5315, Accuracy: 76.53%, AUC: 0.84 [VAL] Loss: 0.5124, Accuracy: 76.20%, Precision: 0.71, Recall: 0.80, F1: 0.75, AUC: 0.85
Epoch [11/100] [TRAIN] Loss: 0.5348, Accuracy: 75.64%, AUC: 0.84 [VAL] Loss: 0.5128, Accuracy: 75.90%, Precision: 0.70, Recall: 0.80, F1: 0.75, AUC: 0.85
Epoch [12/100] [TRAIN] Loss: 0.5264, Accuracy: 76.14%, AUC: 0.84 [VAL] Loss: 0.5112, Accuracy: 76.30%, Precision: 0.71, Recall: 0.80, F1: 0.75, AUC: 0.85
Epoch [13/100] [TRAIN] Loss: 0.5289, Accuracy: 76.01%, AUC: 0.84 [VAL] Loss: 0.5108, Accuracy: 76.20%, Precision: 0.71, Recall: 0.80, F1: 0.75, AUC: 0.85
Epoch [14/100] [TRAIN] Loss: 0.5286, Accuracy: 75.85%, AUC: 0.84 [VAL] Loss: 0.5112, Accuracy: 76.10%, Precision: 0.71, Recall: 0.80, F1: 0.75, AUC: 0.85
Epoch [15/100] [TRAIN] Loss: 0.5238, Accuracy: 76.81%, AUC: 0.85 [VAL] Loss: 0.5105, Accuracy: 76.10%, Precision: 0.71, Recall: 0.80, F1: 0.75, AUC: 0.85
Epoch [16/100] [TRAIN] Loss: 0.5264, Accuracy: 76.09%, AUC: 0.84 [VAL] Loss: 0.5094, Accuracy: 76.20%, Precision: 0.71, Recall: 0.80, F1: 0.75, AUC: 0.85
Epoch [17/100] [TRAIN] Loss: 0.5232, Accuracy: 76.22%, AUC: 0.84 [VAL] Loss: 0.5085, Accuracy: 76.60%, Precision: 0.71, Recall: 0.81, F1: 0.75, AUC: 0.85
Epoch [18/100] [TRAIN] Loss: 0.5212, Accuracy: 76.25%, AUC: 0.85 [VAL] Loss: 0.5097, Accuracy: 76.00%, Precision: 0.70, Recall: 0.80, F1: 0.75, AUC: 0.85
Epoch [19/100] [TRAIN] Loss: 0.5234, Accuracy: 76.05%, AUC: 0.84 [VAL] Loss: 0.5093, Accuracy: 75.90%, Precision: 0.70, Recall: 0.80, F1: 0.75, AUC: 0.85
Epoch [20/100] [TRAIN] Loss: 0.5199, Accuracy: 76.50%, AUC: 0.85 [VAL] Loss: 0.5083, Accuracy: 75.80%, Precision: 0.70, Recall: 0.79, F1: 0.75, AUC: 0.85
Epoch [21/100] [TRAIN] Loss: 0.5211, Accuracy: 76.10%, AUC: 0.84 [VAL] Loss: 0.5080, Accuracy: 76.20%, Precision: 0.71, Recall: 0.80, F1: 0.75, AUC: 0.85
Epoch [22/100] [TRAIN] Loss: 0.5218, Accuracy: 76.50%, AUC: 0.84 [VAL] Loss: 0.5078, Accuracy: 76.00%, Precision: 0.70, Recall: 0.80, F1: 0.75, AUC: 0.85
Epoch [23/100] [TRAIN] Loss: 0.5184, Accuracy: 76.29%, AUC: 0.85 [VAL] Loss: 0.5085, Accuracy: 76.00%, Precision: 0.70, Recall: 0.80, F1: 0.75, AUC: 0.85
Epoch [24/100] [TRAIN] Loss: 0.5172, Accuracy: 76.80%, AUC: 0.85 [VAL] Loss: 0.5069, Accuracy: 76.10%, Precision: 0.71, Recall: 0.80, F1: 0.75, AUC: 0.85
Epoch [25/100] [TRAIN] Loss: 0.5184, Accuracy: 76.16%, AUC: 0.85 [VAL] Loss: 0.5076, Accuracy: 76.00%, Precision: 0.70, Recall: 0.80, F1: 0.75, AUC: 0.85
Epoch [26/100] [TRAIN] Loss: 0.5156, Accuracy: 76.76%, AUC: 0.85 [VAL] Loss: 0.5070, Accuracy: 76.10%, Precision: 0.71, Recall: 0.80, F1: 0.75, AUC: 0.85
Epoch [27/100] [TRAIN] Loss: 0.5160, Accuracy: 76.47%, AUC: 0.85 [VAL] Loss: 0.5077, Accuracy: 76.10%, Precision: 0.71, Recall: 0.80, F1: 0.75, AUC: 0.85
Epoch [28/100] [TRAIN] Loss: 0.5162, Accuracy: 76.44%, AUC: 0.85 [VAL] Loss: 0.5070, Accuracy: 76.10%, Precision: 0.71, Recall: 0.80, F1: 0.75, AUC: 0.85
Epoch [29/100] [TRAIN] Loss: 0.5165, Accuracy: 76.30%, AUC: 0.85 [VAL] Loss: 0.5068, Accuracy: 76.30%, Precision: 0.71, Recall: 0.80, F1: 0.75, AUC: 0.85
Epoch [30/100] [TRAIN] Loss: 0.5159, Accuracy: 76.65%, AUC: 0.85 [VAL] Loss: 0.5076, Accuracy: 76.20%, Precision: 0.71, Recall: 0.80, F1: 0.75, AUC: 0.85
Epoch [31/100] [TRAIN] Loss: 0.5149, Accuracy: 76.55%, AUC: 0.85 [VAL] Loss: 0.5062, Accuracy: 76.00%, Precision: 0.70, Recall: 0.80, F1: 0.75, AUC: 0.85
Epoch [32/100] [TRAIN] Loss: 0.5181, Accuracy: 76.38%, AUC: 0.85 [VAL] Loss: 0.5067, Accuracy: 76.00%, Precision: 0.70, Recall: 0.80, F1: 0.75, AUC: 0.85
Epoch [33/100] [TRAIN] Loss: 0.5127, Accuracy: 76.51%, AUC: 0.85 [VAL] Loss: 0.5068, Accuracy: 76.00%, Precision: 0.70, Recall: 0.80, F1: 0.75, AUC: 0.85
Epoch [34/100] [TRAIN] Loss: 0.5088, Accuracy: 76.79%, AUC: 0.85 [VAL] Loss: 0.5060, Accuracy: 76.10%, Precision: 0.71, Recall: 0.80, F1: 0.75, AUC: 0.85
Epoch [35/100] [TRAIN] Loss: 0.5168, Accuracy: 76.19%, AUC: 0.85 [VAL] Loss: 0.5058, Accuracy: 76.00%, Precision: 0.70, Recall: 0.80, F1: 0.75, AUC: 0.85
Epoch [36/100] [TRAIN] Loss: 0.5109, Accuracy: 76.08%, AUC: 0.85 [VAL] Loss: 0.5059, Accuracy: 76.00%, Precision: 0.70, Recall: 0.80, F1: 0.75, AUC: 0.85
Epoch [37/100] [TRAIN] Loss: 0.5133, Accuracy: 76.74%, AUC: 0.85 [VAL] Loss: 0.5060, Accuracy: 76.00%, Precision: 0.70, Recall: 0.80, F1: 0.75, AUC: 0.85
Epoch [38/100] [TRAIN] Loss: 0.5139, Accuracy: 76.62%, AUC: 0.85 [VAL] Loss: 0.5050, Accuracy: 76.20%, Precision: 0.71, Recall: 0.80, F1: 0.75, AUC: 0.85
Epoch [39/100] [TRAIN] Loss: 0.5147, Accuracy: 76.59%, AUC: 0.85 [VAL] Loss: 0.5044, Accuracy: 76.20%, Precision: 0.71, Recall: 0.80, F1: 0.75, AUC: 0.86
Epoch [40/100] [TRAIN] Loss: 0.5129, Accuracy: 76.74%, AUC: 0.85 [VAL] Loss: 0.5034, Accuracy: 76.00%, Precision: 0.70, Recall: 0.80, F1: 0.75, AUC: 0.86
Epoch [41/100] [TRAIN] Loss: 0.5066, Accuracy: 76.79%, AUC: 0.85 [VAL] Loss: 0.5036, Accuracy: 76.00%, Precision: 0.70, Recall: 0.80, F1: 0.75, AUC: 0.86
Epoch [42/100] [TRAIN] Loss: 0.5079, Accuracy: 77.04%, AUC: 0.85 [VAL] Loss: 0.5048, Accuracy: 76.20%, Precision: 0.71, Recall: 0.80, F1: 0.75, AUC: 0.85
Epoch [43/100] [TRAIN] Loss: 0.5083, Accuracy: 76.81%, AUC: 0.85 [VAL] Loss: 0.5045, Accuracy: 76.50%, Precision: 0.71, Recall: 0.80, F1: 0.75, AUC: 0.86
Epoch [44/100] [TRAIN] Loss: 0.5102, Accuracy: 76.76%, AUC: 0.85 [VAL] Loss: 0.5044, Accuracy: 76.20%, Precision: 0.71, Recall: 0.80, F1: 0.75, AUC: 0.86
Epoch [45/100] [TRAIN] Loss: 0.5089, Accuracy: 76.79%, AUC: 0.85 [VAL] Loss: 0.5045, Accuracy: 76.50%, Precision: 0.71, Recall: 0.80, F1: 0.75, AUC: 0.86
Epoch [46/100] [TRAIN] Loss: 0.5089, Accuracy: 76.46%, AUC: 0.85 [VAL] Loss: 0.5061, Accuracy: 76.40%, Precision: 0.71, Recall: 0.80, F1: 0.75, AUC: 0.85
Epoch [47/100] [TRAIN] Loss: 0.5065, Accuracy: 76.84%, AUC: 0.85 [VAL] Loss: 0.5058, Accuracy: 76.50%, Precision: 0.71, Recall: 0.80, F1: 0.75, AUC: 0.86
Epoch [48/100] [TRAIN] Loss: 0.5064, Accuracy: 77.09%, AUC: 0.85 [VAL] Loss: 0.5055, Accuracy: 76.50%, Precision: 0.71, Recall: 0.80, F1: 0.75, AUC: 0.86
Epoch [49/100] [TRAIN] Loss: 0.5087, Accuracy: 76.60%, AUC: 0.85 [VAL] Loss: 0.5052, Accuracy: 76.50%, Precision: 0.71, Recall: 0.80, F1: 0.75, AUC: 0.86
Epoch [50/100] [TRAIN] Loss: 0.5113, Accuracy: 76.39%, AUC: 0.85 [VAL] Loss: 0.5051, Accuracy: 76.50%, Precision: 0.71, Recall: 0.80, F1: 0.75, AUC: 0.86
  Early stopping at epoch 50 (no val_loss improvement for 10 epochs)
  Antisymmetry score (raw):        0.9520
  Antisymmetry score (confident):  1.0000
  Total violations:                48 / 1000
  Pairs near boundary:             166 (16.6%)
  Avg |prob-0.5| at violation:     0.0000

--- Training baselines (LogisticRegression, RandomForest, SVM) ---

  Training LogisticRegression...
  Val accuracy: 74.40%  |  Val AUC: 0.8037

  [LogisticRegression]  Accuracy: 76.60%  AUC: 0.8240  AUCPRC: 0.7960  Precision: 0.7778  Recall: 0.7161  F1: 0.7457  Antisym: 0.7630

  Training RandomForest...
  Val accuracy: 77.20%  |  Val AUC: 0.8544

  [RandomForest]  Accuracy: 77.90%  AUC: 0.8777  AUCPRC: 0.8701  Precision: 0.8000  Recall: 0.7182  F1: 0.7569  Antisym: 0.8180

  Training SVM_Linear...
  Val accuracy: 73.60%  |  Val AUC: 0.7980

  [SVM_Linear]  Accuracy: 75.70%  AUC: 0.8137  AUCPRC: 0.7863  Precision: 0.7670  Recall: 0.7077  F1: 0.7362  Antisym: 0.7440
Seed: 1011
=== DirectRanker ===
Accuracy:  75.90 %
AUC:       0.8585
AUCPRC:    0.8623
Precision: 0.7371
Recall:    0.7724
F1-Score:  0.7543
Antisymmetry score:  0.9520  (1.0 = perfect, ~0.5 = random)

Detailed Classification Report:
              precision    recall  f1-score   support

           0       0.78      0.75      0.76       521
           1       0.74      0.77      0.75       479

    accuracy                           0.76      1000
   macro avg       0.76      0.76      0.76      1000
weighted avg       0.76      0.76      0.76      1000


Confusion Matrix:
[[389 132]
 [109 370]]

=== LogisticRegression ===
Accuracy:  76.60 %
AUC:       0.8240
AUCPRC:    0.7960
Precision: 0.7778
Recall:    0.7161
F1-Score:  0.7457
Antisymmetry score:  0.7630
Confusion Matrix:
[[423  98]
 [136 343]]

=== RandomForest ===
Accuracy:  77.90 %
AUC:       0.8777
AUCPRC:    0.8701
Precision: 0.8000
Recall:    0.7182
F1-Score:  0.7569
Antisymmetry score:  0.8180
Confusion Matrix:
[[435  86]
 [135 344]]

=== SVM_Linear ===
Accuracy:  75.70 %
AUC:       0.8137
AUCPRC:    0.7863
Precision: 0.7670
Recall:    0.7077
F1-Score:  0.7362
Antisymmetry score:  0.7440
Confusion Matrix:
[[418 103]
 [140 339]]

Saved combined test metrics: /group/pmc021/amunif/epi-thesis/workflow/18_Pairwise Ranking HepG2 REMC/output/combined/test/025-H3K4me3-H3K9ac-H3K9me3-H3K27ac-seed1011-test-metrics.csv
Saved combined ROC plot: /group/pmc021/amunif/epi-thesis/workflow/18_Pairwise Ranking HepG2 REMC/output/combined/img/roc/025-H3K4me3-H3K9ac-H3K9me3-H3K27ac-seed1011-roc-combined.png
Saved combined PRC plot: /group/pmc021/amunif/epi-thesis/workflow/18_Pairwise Ranking HepG2 REMC/output/combined/img/prc/025-H3K4me3-H3K9ac-H3K9me3-H3K27ac-seed1011-prc-combined.png

Finished 025-H3K4me3-H3K9ac-H3K9me3-H3K27ac (seed 1011)

======================================================================
026-H3K4me3-H3K9ac-H3K9me3-H3K27me3
======================================================================
Train label distribution:
  Label 0:   4140 (51.7%)
  Label 1:   3860 (48.2%)
Val label distribution:
  Label 0:    553 (55.3%)
  Label 1:    447 (44.7%)
Test label distribution:
  Label 0:    521 (52.1%)
  Label 1:    479 (47.9%)
Saved label distribution: /group/pmc021/amunif/epi-thesis/workflow/18_Pairwise Ranking HepG2 REMC/output/combined/test/026-H3K4me3-H3K9ac-H3K9me3-H3K27me3-seed1011-label-distribution.csv

--- Training DirectRanker ---
Epoch [1/100] [TRAIN] Loss: 0.5931, Accuracy: 72.34%, AUC: 0.80 [VAL] Loss: 0.5164, Accuracy: 76.30%, Precision: 0.71, Recall: 0.79, F1: 0.75, AUC: 0.85
Epoch [2/100] [TRAIN] Loss: 0.5623, Accuracy: 73.85%, AUC: 0.82 [VAL] Loss: 0.5115, Accuracy: 76.80%, Precision: 0.72, Recall: 0.80, F1: 0.75, AUC: 0.85
Epoch [3/100] [TRAIN] Loss: 0.5539, Accuracy: 74.41%, AUC: 0.83 [VAL] Loss: 0.5096, Accuracy: 76.80%, Precision: 0.72, Recall: 0.79, F1: 0.75, AUC: 0.86
Epoch [4/100] [TRAIN] Loss: 0.5456, Accuracy: 75.01%, AUC: 0.83 [VAL] Loss: 0.5076, Accuracy: 77.60%, Precision: 0.73, Recall: 0.79, F1: 0.76, AUC: 0.86
Epoch [5/100] [TRAIN] Loss: 0.5435, Accuracy: 74.69%, AUC: 0.83 [VAL] Loss: 0.5058, Accuracy: 78.10%, Precision: 0.73, Recall: 0.80, F1: 0.77, AUC: 0.86
Epoch [6/100] [TRAIN] Loss: 0.5386, Accuracy: 75.09%, AUC: 0.83 [VAL] Loss: 0.5020, Accuracy: 78.30%, Precision: 0.73, Recall: 0.81, F1: 0.77, AUC: 0.86
Epoch [7/100] [TRAIN] Loss: 0.5322, Accuracy: 75.91%, AUC: 0.84 [VAL] Loss: 0.5019, Accuracy: 78.40%, Precision: 0.74, Recall: 0.80, F1: 0.77, AUC: 0.86
Epoch [8/100] [TRAIN] Loss: 0.5319, Accuracy: 75.62%, AUC: 0.84 [VAL] Loss: 0.5010, Accuracy: 77.90%, Precision: 0.73, Recall: 0.80, F1: 0.76, AUC: 0.86
Epoch [9/100] [TRAIN] Loss: 0.5327, Accuracy: 75.60%, AUC: 0.84 [VAL] Loss: 0.4998, Accuracy: 78.40%, Precision: 0.74, Recall: 0.81, F1: 0.77, AUC: 0.86
Epoch [10/100] [TRAIN] Loss: 0.5284, Accuracy: 75.45%, AUC: 0.84 [VAL] Loss: 0.4968, Accuracy: 78.80%, Precision: 0.74, Recall: 0.81, F1: 0.77, AUC: 0.86
Epoch [11/100] [TRAIN] Loss: 0.5254, Accuracy: 76.04%, AUC: 0.84 [VAL] Loss: 0.4993, Accuracy: 79.00%, Precision: 0.75, Recall: 0.81, F1: 0.77, AUC: 0.86
Epoch [12/100] [TRAIN] Loss: 0.5230, Accuracy: 76.09%, AUC: 0.84 [VAL] Loss: 0.4974, Accuracy: 78.80%, Precision: 0.74, Recall: 0.81, F1: 0.77, AUC: 0.86
Epoch [13/100] [TRAIN] Loss: 0.5246, Accuracy: 75.60%, AUC: 0.84 [VAL] Loss: 0.4974, Accuracy: 78.90%, Precision: 0.74, Recall: 0.81, F1: 0.77, AUC: 0.86
Epoch [14/100] [TRAIN] Loss: 0.5227, Accuracy: 76.38%, AUC: 0.84 [VAL] Loss: 0.4964, Accuracy: 79.10%, Precision: 0.75, Recall: 0.81, F1: 0.78, AUC: 0.86
Epoch [15/100] [TRAIN] Loss: 0.5239, Accuracy: 75.89%, AUC: 0.84 [VAL] Loss: 0.4961, Accuracy: 79.10%, Precision: 0.75, Recall: 0.81, F1: 0.78, AUC: 0.86
Epoch [16/100] [TRAIN] Loss: 0.5201, Accuracy: 76.06%, AUC: 0.85 [VAL] Loss: 0.4945, Accuracy: 79.00%, Precision: 0.74, Recall: 0.81, F1: 0.77, AUC: 0.86
Epoch [17/100] [TRAIN] Loss: 0.5182, Accuracy: 76.25%, AUC: 0.85 [VAL] Loss: 0.4948, Accuracy: 79.10%, Precision: 0.74, Recall: 0.81, F1: 0.78, AUC: 0.86
Epoch [18/100] [TRAIN] Loss: 0.5180, Accuracy: 76.16%, AUC: 0.85 [VAL] Loss: 0.4938, Accuracy: 79.10%, Precision: 0.74, Recall: 0.81, F1: 0.78, AUC: 0.86
Epoch [19/100] [TRAIN] Loss: 0.5160, Accuracy: 76.20%, AUC: 0.85 [VAL] Loss: 0.4945, Accuracy: 78.70%, Precision: 0.74, Recall: 0.81, F1: 0.77, AUC: 0.86
Epoch [20/100] [TRAIN] Loss: 0.5153, Accuracy: 76.97%, AUC: 0.85 [VAL] Loss: 0.4933, Accuracy: 78.40%, Precision: 0.74, Recall: 0.80, F1: 0.77, AUC: 0.86
Epoch [21/100] [TRAIN] Loss: 0.5102, Accuracy: 76.91%, AUC: 0.85 [VAL] Loss: 0.4926, Accuracy: 78.90%, Precision: 0.74, Recall: 0.81, F1: 0.77, AUC: 0.86
Epoch [22/100] [TRAIN] Loss: 0.5144, Accuracy: 76.34%, AUC: 0.85 [VAL] Loss: 0.4939, Accuracy: 78.20%, Precision: 0.74, Recall: 0.80, F1: 0.77, AUC: 0.86
Epoch [23/100] [TRAIN] Loss: 0.5167, Accuracy: 76.51%, AUC: 0.85 [VAL] Loss: 0.4926, Accuracy: 78.40%, Precision: 0.74, Recall: 0.80, F1: 0.77, AUC: 0.86
Epoch [24/100] [TRAIN] Loss: 0.5174, Accuracy: 76.29%, AUC: 0.85 [VAL] Loss: 0.4937, Accuracy: 78.40%, Precision: 0.74, Recall: 0.80, F1: 0.77, AUC: 0.86
Epoch [25/100] [TRAIN] Loss: 0.5123, Accuracy: 76.51%, AUC: 0.85 [VAL] Loss: 0.4920, Accuracy: 78.30%, Precision: 0.74, Recall: 0.80, F1: 0.77, AUC: 0.87
Epoch [26/100] [TRAIN] Loss: 0.5092, Accuracy: 76.65%, AUC: 0.85 [VAL] Loss: 0.4908, Accuracy: 78.30%, Precision: 0.74, Recall: 0.79, F1: 0.77, AUC: 0.87
Epoch [27/100] [TRAIN] Loss: 0.5066, Accuracy: 76.64%, AUC: 0.85 [VAL] Loss: 0.4912, Accuracy: 78.60%, Precision: 0.74, Recall: 0.80, F1: 0.77, AUC: 0.87
Epoch [28/100] [TRAIN] Loss: 0.5189, Accuracy: 76.16%, AUC: 0.84 [VAL] Loss: 0.4926, Accuracy: 79.00%, Precision: 0.75, Recall: 0.80, F1: 0.77, AUC: 0.87
Epoch [29/100] [TRAIN] Loss: 0.5104, Accuracy: 76.38%, AUC: 0.85 [VAL] Loss: 0.4916, Accuracy: 78.50%, Precision: 0.74, Recall: 0.80, F1: 0.77, AUC: 0.87
Epoch [30/100] [TRAIN] Loss: 0.5070, Accuracy: 76.26%, AUC: 0.85 [VAL] Loss: 0.4896, Accuracy: 78.70%, Precision: 0.74, Recall: 0.80, F1: 0.77, AUC: 0.87
Epoch [31/100] [TRAIN] Loss: 0.5088, Accuracy: 76.74%, AUC: 0.85 [VAL] Loss: 0.4913, Accuracy: 78.60%, Precision: 0.74, Recall: 0.80, F1: 0.77, AUC: 0.87
Epoch [32/100] [TRAIN] Loss: 0.5085, Accuracy: 76.54%, AUC: 0.85 [VAL] Loss: 0.4912, Accuracy: 78.80%, Precision: 0.75, Recall: 0.80, F1: 0.77, AUC: 0.87
Epoch [33/100] [TRAIN] Loss: 0.5087, Accuracy: 76.08%, AUC: 0.85 [VAL] Loss: 0.4920, Accuracy: 78.30%, Precision: 0.74, Recall: 0.79, F1: 0.77, AUC: 0.87
Epoch [34/100] [TRAIN] Loss: 0.5070, Accuracy: 76.55%, AUC: 0.85 [VAL] Loss: 0.4902, Accuracy: 78.10%, Precision: 0.74, Recall: 0.79, F1: 0.76, AUC: 0.87
Epoch [35/100] [TRAIN] Loss: 0.5070, Accuracy: 77.00%, AUC: 0.85 [VAL] Loss: 0.4900, Accuracy: 78.10%, Precision: 0.74, Recall: 0.79, F1: 0.76, AUC: 0.87
Epoch [36/100] [TRAIN] Loss: 0.5073, Accuracy: 76.51%, AUC: 0.85 [VAL] Loss: 0.4889, Accuracy: 78.10%, Precision: 0.74, Recall: 0.79, F1: 0.76, AUC: 0.87
Epoch [37/100] [TRAIN] Loss: 0.5066, Accuracy: 77.01%, AUC: 0.85 [VAL] Loss: 0.4901, Accuracy: 78.40%, Precision: 0.74, Recall: 0.79, F1: 0.77, AUC: 0.87
Epoch [38/100] [TRAIN] Loss: 0.5042, Accuracy: 76.55%, AUC: 0.85 [VAL] Loss: 0.4894, Accuracy: 78.30%, Precision: 0.74, Recall: 0.79, F1: 0.77, AUC: 0.87
Epoch [39/100] [TRAIN] Loss: 0.5031, Accuracy: 77.04%, AUC: 0.86 [VAL] Loss: 0.4892, Accuracy: 78.30%, Precision: 0.74, Recall: 0.79, F1: 0.77, AUC: 0.86
Epoch [40/100] [TRAIN] Loss: 0.5011, Accuracy: 77.06%, AUC: 0.86 [VAL] Loss: 0.4896, Accuracy: 77.80%, Precision: 0.73, Recall: 0.79, F1: 0.76, AUC: 0.87
Epoch [41/100] [TRAIN] Loss: 0.5054, Accuracy: 76.92%, AUC: 0.85 [VAL] Loss: 0.4887, Accuracy: 77.80%, Precision: 0.73, Recall: 0.79, F1: 0.76, AUC: 0.87
Epoch [42/100] [TRAIN] Loss: 0.4993, Accuracy: 77.00%, AUC: 0.86 [VAL] Loss: 0.4888, Accuracy: 78.00%, Precision: 0.74, Recall: 0.79, F1: 0.76, AUC: 0.87
Epoch [43/100] [TRAIN] Loss: 0.5038, Accuracy: 76.91%, AUC: 0.85 [VAL] Loss: 0.4885, Accuracy: 77.90%, Precision: 0.74, Recall: 0.79, F1: 0.76, AUC: 0.87
Epoch [44/100] [TRAIN] Loss: 0.5035, Accuracy: 76.97%, AUC: 0.85 [VAL] Loss: 0.4887, Accuracy: 77.90%, Precision: 0.74, Recall: 0.79, F1: 0.76, AUC: 0.87
Epoch [45/100] [TRAIN] Loss: 0.5051, Accuracy: 76.85%, AUC: 0.85 [VAL] Loss: 0.4892, Accuracy: 78.00%, Precision: 0.74, Recall: 0.79, F1: 0.76, AUC: 0.87
Epoch [46/100] [TRAIN] Loss: 0.5017, Accuracy: 76.38%, AUC: 0.85 [VAL] Loss: 0.4884, Accuracy: 78.10%, Precision: 0.74, Recall: 0.79, F1: 0.76, AUC: 0.87
Epoch [47/100] [TRAIN] Loss: 0.5003, Accuracy: 77.04%, AUC: 0.86 [VAL] Loss: 0.4881, Accuracy: 77.70%, Precision: 0.73, Recall: 0.79, F1: 0.76, AUC: 0.87
Epoch [48/100] [TRAIN] Loss: 0.5023, Accuracy: 77.08%, AUC: 0.86 [VAL] Loss: 0.4878, Accuracy: 77.80%, Precision: 0.73, Recall: 0.79, F1: 0.76, AUC: 0.87
Epoch [49/100] [TRAIN] Loss: 0.4968, Accuracy: 77.60%, AUC: 0.86 [VAL] Loss: 0.4878, Accuracy: 78.20%, Precision: 0.74, Recall: 0.79, F1: 0.76, AUC: 0.87
Epoch [50/100] [TRAIN] Loss: 0.5002, Accuracy: 77.00%, AUC: 0.86 [VAL] Loss: 0.4871, Accuracy: 78.30%, Precision: 0.74, Recall: 0.79, F1: 0.77, AUC: 0.87
Epoch [51/100] [TRAIN] Loss: 0.5017, Accuracy: 76.69%, AUC: 0.86 [VAL] Loss: 0.4875, Accuracy: 77.90%, Precision: 0.74, Recall: 0.79, F1: 0.76, AUC: 0.87
Epoch [52/100] [TRAIN] Loss: 0.4978, Accuracy: 77.36%, AUC: 0.86 [VAL] Loss: 0.4870, Accuracy: 78.00%, Precision: 0.73, Recall: 0.79, F1: 0.76, AUC: 0.87
Epoch [53/100] [TRAIN] Loss: 0.5017, Accuracy: 77.01%, AUC: 0.86 [VAL] Loss: 0.4873, Accuracy: 77.90%, Precision: 0.73, Recall: 0.79, F1: 0.76, AUC: 0.87
Epoch [54/100] [TRAIN] Loss: 0.4954, Accuracy: 77.50%, AUC: 0.86 [VAL] Loss: 0.4861, Accuracy: 77.80%, Precision: 0.73, Recall: 0.79, F1: 0.76, AUC: 0.87
Epoch [55/100] [TRAIN] Loss: 0.4975, Accuracy: 76.65%, AUC: 0.86 [VAL] Loss: 0.4861, Accuracy: 77.90%, Precision: 0.73, Recall: 0.79, F1: 0.76, AUC: 0.87
Epoch [56/100] [TRAIN] Loss: 0.4947, Accuracy: 77.14%, AUC: 0.86 [VAL] Loss: 0.4867, Accuracy: 77.90%, Precision: 0.73, Recall: 0.79, F1: 0.76, AUC: 0.87
Epoch [57/100] [TRAIN] Loss: 0.4945, Accuracy: 77.45%, AUC: 0.86 [VAL] Loss: 0.4862, Accuracy: 78.10%, Precision: 0.74, Recall: 0.79, F1: 0.76, AUC: 0.87
Epoch [58/100] [TRAIN] Loss: 0.4945, Accuracy: 77.46%, AUC: 0.86 [VAL] Loss: 0.4856, Accuracy: 78.00%, Precision: 0.74, Recall: 0.79, F1: 0.76, AUC: 0.87
Epoch [59/100] [TRAIN] Loss: 0.4966, Accuracy: 77.21%, AUC: 0.86 [VAL] Loss: 0.4870, Accuracy: 77.70%, Precision: 0.73, Recall: 0.79, F1: 0.76, AUC: 0.87
Epoch [60/100] [TRAIN] Loss: 0.4998, Accuracy: 76.85%, AUC: 0.86 [VAL] Loss: 0.4873, Accuracy: 77.80%, Precision: 0.73, Recall: 0.79, F1: 0.76, AUC: 0.87
Epoch [61/100] [TRAIN] Loss: 0.4993, Accuracy: 77.58%, AUC: 0.86 [VAL] Loss: 0.4858, Accuracy: 78.30%, Precision: 0.74, Recall: 0.80, F1: 0.77, AUC: 0.87
Epoch [62/100] [TRAIN] Loss: 0.4947, Accuracy: 77.06%, AUC: 0.86 [VAL] Loss: 0.4856, Accuracy: 78.10%, Precision: 0.74, Recall: 0.79, F1: 0.76, AUC: 0.87
Epoch [63/100] [TRAIN] Loss: 0.4971, Accuracy: 77.39%, AUC: 0.86 [VAL] Loss: 0.4854, Accuracy: 77.90%, Precision: 0.73, Recall: 0.79, F1: 0.76, AUC: 0.87
Epoch [64/100] [TRAIN] Loss: 0.4939, Accuracy: 77.56%, AUC: 0.86 [VAL] Loss: 0.4844, Accuracy: 77.90%, Precision: 0.74, Recall: 0.79, F1: 0.76, AUC: 0.87
Epoch [65/100] [TRAIN] Loss: 0.4988, Accuracy: 76.85%, AUC: 0.86 [VAL] Loss: 0.4859, Accuracy: 78.00%, Precision: 0.74, Recall: 0.79, F1: 0.76, AUC: 0.87
Epoch [66/100] [TRAIN] Loss: 0.4979, Accuracy: 77.14%, AUC: 0.86 [VAL] Loss: 0.4861, Accuracy: 78.00%, Precision: 0.73, Recall: 0.79, F1: 0.76, AUC: 0.87
Epoch [67/100] [TRAIN] Loss: 0.4925, Accuracy: 77.28%, AUC: 0.86 [VAL] Loss: 0.4846, Accuracy: 77.90%, Precision: 0.73, Recall: 0.79, F1: 0.76, AUC: 0.87
Epoch [68/100] [TRAIN] Loss: 0.4943, Accuracy: 77.59%, AUC: 0.86 [VAL] Loss: 0.4856, Accuracy: 77.90%, Precision: 0.73, Recall: 0.79, F1: 0.76, AUC: 0.87
Epoch [69/100] [TRAIN] Loss: 0.4957, Accuracy: 77.47%, AUC: 0.86 [VAL] Loss: 0.4856, Accuracy: 77.90%, Precision: 0.73, Recall: 0.79, F1: 0.76, AUC: 0.87
Epoch [70/100] [TRAIN] Loss: 0.4947, Accuracy: 77.17%, AUC: 0.86 [VAL] Loss: 0.4863, Accuracy: 78.10%, Precision: 0.74, Recall: 0.79, F1: 0.76, AUC: 0.87
Epoch [71/100] [TRAIN] Loss: 0.4962, Accuracy: 76.96%, AUC: 0.86 [VAL] Loss: 0.4862, Accuracy: 78.00%, Precision: 0.74, Recall: 0.79, F1: 0.76, AUC: 0.87
Epoch [72/100] [TRAIN] Loss: 0.4933, Accuracy: 77.50%, AUC: 0.86 [VAL] Loss: 0.4862, Accuracy: 77.90%, Precision: 0.73, Recall: 0.79, F1: 0.76, AUC: 0.87
Epoch [73/100] [TRAIN] Loss: 0.4905, Accuracy: 77.20%, AUC: 0.86 [VAL] Loss: 0.4860, Accuracy: 77.90%, Precision: 0.73, Recall: 0.79, F1: 0.76, AUC: 0.87
Epoch [74/100] [TRAIN] Loss: 0.4940, Accuracy: 77.40%, AUC: 0.86 [VAL] Loss: 0.4859, Accuracy: 78.00%, Precision: 0.74, Recall: 0.79, F1: 0.76, AUC: 0.87
  Early stopping at epoch 74 (no val_loss improvement for 10 epochs)
  Antisymmetry score (raw):        0.9850
  Antisymmetry score (confident):  1.0000
  Total violations:                15 / 1000
  Pairs near boundary:             116 (11.6%)
  Avg |prob-0.5| at violation:     0.0000

--- Training baselines (LogisticRegression, RandomForest, SVM) ---

  Training LogisticRegression...
  Val accuracy: 75.10%  |  Val AUC: 0.8200

  [LogisticRegression]  Accuracy: 76.00%  AUC: 0.8339  AUCPRC: 0.8097  Precision: 0.7685  Recall: 0.7140  F1: 0.7403  Antisym: 0.7750

  Training RandomForest...
  Val accuracy: 77.70%  |  Val AUC: 0.8602

  [RandomForest]  Accuracy: 78.70%  AUC: 0.8838  AUCPRC: 0.8750  Precision: 0.8065  Recall: 0.7307  F1: 0.7667  Antisym: 0.8250

  Training SVM_Linear...
  Val accuracy: 74.70%  |  Val AUC: 0.8130

  [SVM_Linear]  Accuracy: 75.80%  AUC: 0.8222  AUCPRC: 0.7984  Precision: 0.7616  Recall: 0.7203  F1: 0.7403  Antisym: 0.7710
Seed: 1011
=== DirectRanker ===
Accuracy:  77.30 %
AUC:       0.8705
AUCPRC:    0.8740
Precision: 0.7593
Recall:    0.7704
F1-Score:  0.7648
Antisymmetry score:  0.9850  (1.0 = perfect, ~0.5 = random)

Detailed Classification Report:
              precision    recall  f1-score   support

           0       0.79      0.78      0.78       521
           1       0.76      0.77      0.76       479

    accuracy                           0.77      1000
   macro avg       0.77      0.77      0.77      1000
weighted avg       0.77      0.77      0.77      1000


Confusion Matrix:
[[404 117]
 [110 369]]

=== LogisticRegression ===
Accuracy:  76.00 %
AUC:       0.8339
AUCPRC:    0.8097
Precision: 0.7685
Recall:    0.7140
F1-Score:  0.7403
Antisymmetry score:  0.7750
Confusion Matrix:
[[418 103]
 [137 342]]

=== RandomForest ===
Accuracy:  78.70 %
AUC:       0.8838
AUCPRC:    0.8750
Precision: 0.8065
Recall:    0.7307
F1-Score:  0.7667
Antisymmetry score:  0.8250
Confusion Matrix:
[[437  84]
 [129 350]]

=== SVM_Linear ===
Accuracy:  75.80 %
AUC:       0.8222
AUCPRC:    0.7984
Precision: 0.7616
Recall:    0.7203
F1-Score:  0.7403
Antisymmetry score:  0.7710
Confusion Matrix:
[[413 108]
 [134 345]]

Saved combined test metrics: /group/pmc021/amunif/epi-thesis/workflow/18_Pairwise Ranking HepG2 REMC/output/combined/test/026-H3K4me3-H3K9ac-H3K9me3-H3K27me3-seed1011-test-metrics.csv
Saved combined ROC plot: /group/pmc021/amunif/epi-thesis/workflow/18_Pairwise Ranking HepG2 REMC/output/combined/img/roc/026-H3K4me3-H3K9ac-H3K9me3-H3K27me3-seed1011-roc-combined.png
Saved combined PRC plot: /group/pmc021/amunif/epi-thesis/workflow/18_Pairwise Ranking HepG2 REMC/output/combined/img/prc/026-H3K4me3-H3K9ac-H3K9me3-H3K27me3-seed1011-prc-combined.png

Finished 026-H3K4me3-H3K9ac-H3K9me3-H3K27me3 (seed 1011)

======================================================================
027-H3K4me3-H3K9ac-H3K27ac-H3K27me3
======================================================================
Train label distribution:
  Label 0:   4140 (51.7%)
  Label 1:   3860 (48.2%)
Val label distribution:
  Label 0:    553 (55.3%)
  Label 1:    447 (44.7%)
Test label distribution:
  Label 0:    521 (52.1%)
  Label 1:    479 (47.9%)
Saved label distribution: /group/pmc021/amunif/epi-thesis/workflow/18_Pairwise Ranking HepG2 REMC/output/combined/test/027-H3K4me3-H3K9ac-H3K27ac-H3K27me3-seed1011-label-distribution.csv

--- Training DirectRanker ---
Epoch [1/100] [TRAIN] Loss: 0.6027, Accuracy: 71.99%, AUC: 0.79 [VAL] Loss: 0.5157, Accuracy: 77.80%, Precision: 0.73, Recall: 0.79, F1: 0.76, AUC: 0.86
Epoch [2/100] [TRAIN] Loss: 0.5625, Accuracy: 74.91%, AUC: 0.82 [VAL] Loss: 0.5083, Accuracy: 78.10%, Precision: 0.74, Recall: 0.79, F1: 0.76, AUC: 0.86
Epoch [3/100] [TRAIN] Loss: 0.5483, Accuracy: 75.75%, AUC: 0.83 [VAL] Loss: 0.5044, Accuracy: 77.90%, Precision: 0.74, Recall: 0.79, F1: 0.76, AUC: 0.86
Epoch [4/100] [TRAIN] Loss: 0.5556, Accuracy: 74.53%, AUC: 0.82 [VAL] Loss: 0.5049, Accuracy: 78.00%, Precision: 0.73, Recall: 0.79, F1: 0.76, AUC: 0.86
Epoch [5/100] [TRAIN] Loss: 0.5392, Accuracy: 75.76%, AUC: 0.84 [VAL] Loss: 0.5049, Accuracy: 78.00%, Precision: 0.74, Recall: 0.79, F1: 0.76, AUC: 0.86
Epoch [6/100] [TRAIN] Loss: 0.5345, Accuracy: 75.11%, AUC: 0.84 [VAL] Loss: 0.5028, Accuracy: 78.00%, Precision: 0.74, Recall: 0.79, F1: 0.76, AUC: 0.86
Epoch [7/100] [TRAIN] Loss: 0.5326, Accuracy: 75.42%, AUC: 0.84 [VAL] Loss: 0.5009, Accuracy: 78.20%, Precision: 0.74, Recall: 0.80, F1: 0.77, AUC: 0.86
Epoch [8/100] [TRAIN] Loss: 0.5334, Accuracy: 75.44%, AUC: 0.84 [VAL] Loss: 0.5008, Accuracy: 78.00%, Precision: 0.73, Recall: 0.80, F1: 0.76, AUC: 0.86
Epoch [9/100] [TRAIN] Loss: 0.5299, Accuracy: 75.84%, AUC: 0.84 [VAL] Loss: 0.5007, Accuracy: 78.20%, Precision: 0.74, Recall: 0.80, F1: 0.77, AUC: 0.86
Epoch [10/100] [TRAIN] Loss: 0.5242, Accuracy: 75.85%, AUC: 0.84 [VAL] Loss: 0.4996, Accuracy: 78.40%, Precision: 0.74, Recall: 0.80, F1: 0.77, AUC: 0.86
Epoch [11/100] [TRAIN] Loss: 0.5291, Accuracy: 75.92%, AUC: 0.84 [VAL] Loss: 0.5000, Accuracy: 78.30%, Precision: 0.74, Recall: 0.80, F1: 0.77, AUC: 0.86
Epoch [12/100] [TRAIN] Loss: 0.5207, Accuracy: 76.36%, AUC: 0.85 [VAL] Loss: 0.4985, Accuracy: 77.90%, Precision: 0.73, Recall: 0.79, F1: 0.76, AUC: 0.86
Epoch [13/100] [TRAIN] Loss: 0.5246, Accuracy: 75.81%, AUC: 0.84 [VAL] Loss: 0.4963, Accuracy: 78.30%, Precision: 0.74, Recall: 0.80, F1: 0.77, AUC: 0.86
Epoch [14/100] [TRAIN] Loss: 0.5199, Accuracy: 76.88%, AUC: 0.85 [VAL] Loss: 0.4962, Accuracy: 77.80%, Precision: 0.73, Recall: 0.79, F1: 0.76, AUC: 0.86
Epoch [15/100] [TRAIN] Loss: 0.5209, Accuracy: 76.19%, AUC: 0.85 [VAL] Loss: 0.4951, Accuracy: 77.50%, Precision: 0.73, Recall: 0.79, F1: 0.76, AUC: 0.86
Epoch [16/100] [TRAIN] Loss: 0.5200, Accuracy: 76.41%, AUC: 0.85 [VAL] Loss: 0.4959, Accuracy: 77.60%, Precision: 0.73, Recall: 0.79, F1: 0.76, AUC: 0.86
Epoch [17/100] [TRAIN] Loss: 0.5155, Accuracy: 75.94%, AUC: 0.85 [VAL] Loss: 0.4946, Accuracy: 77.60%, Precision: 0.73, Recall: 0.79, F1: 0.76, AUC: 0.86
Epoch [18/100] [TRAIN] Loss: 0.5173, Accuracy: 76.24%, AUC: 0.85 [VAL] Loss: 0.4938, Accuracy: 77.80%, Precision: 0.73, Recall: 0.79, F1: 0.76, AUC: 0.86
Epoch [19/100] [TRAIN] Loss: 0.5184, Accuracy: 76.06%, AUC: 0.85 [VAL] Loss: 0.4949, Accuracy: 77.90%, Precision: 0.73, Recall: 0.79, F1: 0.76, AUC: 0.86
Epoch [20/100] [TRAIN] Loss: 0.5138, Accuracy: 76.88%, AUC: 0.85 [VAL] Loss: 0.4936, Accuracy: 77.80%, Precision: 0.73, Recall: 0.79, F1: 0.76, AUC: 0.86
Epoch [21/100] [TRAIN] Loss: 0.5182, Accuracy: 76.21%, AUC: 0.85 [VAL] Loss: 0.4947, Accuracy: 77.80%, Precision: 0.73, Recall: 0.79, F1: 0.76, AUC: 0.86
Epoch [22/100] [TRAIN] Loss: 0.5132, Accuracy: 76.46%, AUC: 0.85 [VAL] Loss: 0.4937, Accuracy: 77.80%, Precision: 0.73, Recall: 0.79, F1: 0.76, AUC: 0.86
Epoch [23/100] [TRAIN] Loss: 0.5154, Accuracy: 76.19%, AUC: 0.85 [VAL] Loss: 0.4936, Accuracy: 77.80%, Precision: 0.74, Recall: 0.79, F1: 0.76, AUC: 0.86
Epoch [24/100] [TRAIN] Loss: 0.5127, Accuracy: 75.92%, AUC: 0.85 [VAL] Loss: 0.4930, Accuracy: 77.80%, Precision: 0.73, Recall: 0.79, F1: 0.76, AUC: 0.86
Epoch [25/100] [TRAIN] Loss: 0.5131, Accuracy: 76.51%, AUC: 0.85 [VAL] Loss: 0.4914, Accuracy: 77.90%, Precision: 0.74, Recall: 0.79, F1: 0.76, AUC: 0.86
Epoch [26/100] [TRAIN] Loss: 0.5134, Accuracy: 76.05%, AUC: 0.85 [VAL] Loss: 0.4919, Accuracy: 78.10%, Precision: 0.74, Recall: 0.79, F1: 0.76, AUC: 0.86
Epoch [27/100] [TRAIN] Loss: 0.5101, Accuracy: 76.65%, AUC: 0.85 [VAL] Loss: 0.4913, Accuracy: 78.30%, Precision: 0.74, Recall: 0.79, F1: 0.77, AUC: 0.86
Epoch [28/100] [TRAIN] Loss: 0.5123, Accuracy: 76.21%, AUC: 0.85 [VAL] Loss: 0.4926, Accuracy: 78.00%, Precision: 0.74, Recall: 0.79, F1: 0.76, AUC: 0.86
Epoch [29/100] [TRAIN] Loss: 0.5085, Accuracy: 76.71%, AUC: 0.85 [VAL] Loss: 0.4925, Accuracy: 77.80%, Precision: 0.73, Recall: 0.79, F1: 0.76, AUC: 0.86
Epoch [30/100] [TRAIN] Loss: 0.5128, Accuracy: 76.44%, AUC: 0.85 [VAL] Loss: 0.4927, Accuracy: 78.00%, Precision: 0.74, Recall: 0.79, F1: 0.76, AUC: 0.86
Epoch [31/100] [TRAIN] Loss: 0.5080, Accuracy: 76.53%, AUC: 0.85 [VAL] Loss: 0.4912, Accuracy: 77.80%, Precision: 0.73, Recall: 0.79, F1: 0.76, AUC: 0.86
Epoch [32/100] [TRAIN] Loss: 0.5048, Accuracy: 76.31%, AUC: 0.85 [VAL] Loss: 0.4901, Accuracy: 78.00%, Precision: 0.74, Recall: 0.79, F1: 0.76, AUC: 0.86
Epoch [33/100] [TRAIN] Loss: 0.5103, Accuracy: 76.17%, AUC: 0.85 [VAL] Loss: 0.4909, Accuracy: 78.10%, Precision: 0.74, Recall: 0.79, F1: 0.76, AUC: 0.86
Epoch [34/100] [TRAIN] Loss: 0.5074, Accuracy: 76.78%, AUC: 0.85 [VAL] Loss: 0.4917, Accuracy: 77.90%, Precision: 0.74, Recall: 0.79, F1: 0.76, AUC: 0.86
Epoch [35/100] [TRAIN] Loss: 0.5112, Accuracy: 76.55%, AUC: 0.85 [VAL] Loss: 0.4920, Accuracy: 77.90%, Precision: 0.74, Recall: 0.79, F1: 0.76, AUC: 0.86
Epoch [36/100] [TRAIN] Loss: 0.5046, Accuracy: 77.05%, AUC: 0.85 [VAL] Loss: 0.4899, Accuracy: 78.00%, Precision: 0.74, Recall: 0.79, F1: 0.76, AUC: 0.86
Epoch [37/100] [TRAIN] Loss: 0.5089, Accuracy: 76.44%, AUC: 0.85 [VAL] Loss: 0.4912, Accuracy: 77.90%, Precision: 0.74, Recall: 0.79, F1: 0.76, AUC: 0.86
Epoch [38/100] [TRAIN] Loss: 0.5064, Accuracy: 76.30%, AUC: 0.85 [VAL] Loss: 0.4909, Accuracy: 78.00%, Precision: 0.74, Recall: 0.79, F1: 0.76, AUC: 0.86
Epoch [39/100] [TRAIN] Loss: 0.5051, Accuracy: 76.51%, AUC: 0.85 [VAL] Loss: 0.4910, Accuracy: 78.10%, Precision: 0.74, Recall: 0.79, F1: 0.76, AUC: 0.86
Epoch [40/100] [TRAIN] Loss: 0.5042, Accuracy: 77.33%, AUC: 0.86 [VAL] Loss: 0.4907, Accuracy: 78.10%, Precision: 0.74, Recall: 0.79, F1: 0.76, AUC: 0.86
Epoch [41/100] [TRAIN] Loss: 0.5060, Accuracy: 76.46%, AUC: 0.85 [VAL] Loss: 0.4899, Accuracy: 78.00%, Precision: 0.74, Recall: 0.79, F1: 0.76, AUC: 0.86
Epoch [42/100] [TRAIN] Loss: 0.5012, Accuracy: 76.56%, AUC: 0.86 [VAL] Loss: 0.4902, Accuracy: 77.50%, Precision: 0.73, Recall: 0.78, F1: 0.76, AUC: 0.86
Epoch [43/100] [TRAIN] Loss: 0.5048, Accuracy: 76.25%, AUC: 0.85 [VAL] Loss: 0.4900, Accuracy: 77.50%, Precision: 0.73, Recall: 0.78, F1: 0.76, AUC: 0.86
Epoch [44/100] [TRAIN] Loss: 0.5015, Accuracy: 76.84%, AUC: 0.86 [VAL] Loss: 0.4901, Accuracy: 77.80%, Precision: 0.73, Recall: 0.79, F1: 0.76, AUC: 0.86
Epoch [45/100] [TRAIN] Loss: 0.5011, Accuracy: 76.46%, AUC: 0.86 [VAL] Loss: 0.4900, Accuracy: 77.80%, Precision: 0.73, Recall: 0.79, F1: 0.76, AUC: 0.86
Epoch [46/100] [TRAIN] Loss: 0.5020, Accuracy: 76.96%, AUC: 0.86 [VAL] Loss: 0.4899, Accuracy: 77.90%, Precision: 0.74, Recall: 0.79, F1: 0.76, AUC: 0.86
  Early stopping at epoch 46 (no val_loss improvement for 10 epochs)
  Antisymmetry score (raw):        0.9740
  Antisymmetry score (confident):  1.0000
  Total violations:                26 / 1000
  Pairs near boundary:             139 (13.9%)
  Avg |prob-0.5| at violation:     0.0000

--- Training baselines (LogisticRegression, RandomForest, SVM) ---

  Training LogisticRegression...
  Val accuracy: 74.40%  |  Val AUC: 0.8164

  [LogisticRegression]  Accuracy: 76.40%  AUC: 0.8340  AUCPRC: 0.8238  Precision: 0.7806  Recall: 0.7056  F1: 0.7412  Antisym: 0.7580

  Training RandomForest...
  Val accuracy: 77.40%  |  Val AUC: 0.8563

  [RandomForest]  Accuracy: 77.80%  AUC: 0.8754  AUCPRC: 0.8652  Precision: 0.8009  Recall: 0.7140  F1: 0.7550  Antisym: 0.8070

  Training SVM_Linear...
  Val accuracy: 73.20%  |  Val AUC: 0.8184

  [SVM_Linear]  Accuracy: 77.00%  AUC: 0.8372  AUCPRC: 0.8269  Precision: 0.7902  Recall: 0.7077  F1: 0.7467  Antisym: 0.7500
Seed: 1011
=== DirectRanker ===
Accuracy:  76.70 %
AUC:       0.8654
AUCPRC:    0.8703
Precision: 0.7500
Recall:    0.7704
F1-Score:  0.7600
Antisymmetry score:  0.9740  (1.0 = perfect, ~0.5 = random)

Detailed Classification Report:
              precision    recall  f1-score   support

           0       0.78      0.76      0.77       521
           1       0.75      0.77      0.76       479

    accuracy                           0.77      1000
   macro avg       0.77      0.77      0.77      1000
weighted avg       0.77      0.77      0.77      1000


Confusion Matrix:
[[398 123]
 [110 369]]

=== LogisticRegression ===
Accuracy:  76.40 %
AUC:       0.8340
AUCPRC:    0.8238
Precision: 0.7806
Recall:    0.7056
F1-Score:  0.7412
Antisymmetry score:  0.7580
Confusion Matrix:
[[426  95]
 [141 338]]

=== RandomForest ===
Accuracy:  77.80 %
AUC:       0.8754
AUCPRC:    0.8652
Precision: 0.8009
Recall:    0.7140
F1-Score:  0.7550
Antisymmetry score:  0.8070
Confusion Matrix:
[[436  85]
 [137 342]]

=== SVM_Linear ===
Accuracy:  77.00 %
AUC:       0.8372
AUCPRC:    0.8269
Precision: 0.7902
Recall:    0.7077
F1-Score:  0.7467
Antisymmetry score:  0.7500
Confusion Matrix:
[[431  90]
 [140 339]]

Saved combined test metrics: /group/pmc021/amunif/epi-thesis/workflow/18_Pairwise Ranking HepG2 REMC/output/combined/test/027-H3K4me3-H3K9ac-H3K27ac-H3K27me3-seed1011-test-metrics.csv
Saved combined ROC plot: /group/pmc021/amunif/epi-thesis/workflow/18_Pairwise Ranking HepG2 REMC/output/combined/img/roc/027-H3K4me3-H3K9ac-H3K27ac-H3K27me3-seed1011-roc-combined.png
Saved combined PRC plot: /group/pmc021/amunif/epi-thesis/workflow/18_Pairwise Ranking HepG2 REMC/output/combined/img/prc/027-H3K4me3-H3K9ac-H3K27ac-H3K27me3-seed1011-prc-combined.png

Finished 027-H3K4me3-H3K9ac-H3K27ac-H3K27me3 (seed 1011)

======================================================================
028-H3K4me3-H3K9me3-H3K27ac-H3K27me3
======================================================================
Train label distribution:
  Label 0:   4140 (51.7%)
  Label 1:   3860 (48.2%)
Val label distribution:
  Label 0:    553 (55.3%)
  Label 1:    447 (44.7%)
Test label distribution:
  Label 0:    521 (52.1%)
  Label 1:    479 (47.9%)
Saved label distribution: /group/pmc021/amunif/epi-thesis/workflow/18_Pairwise Ranking HepG2 REMC/output/combined/test/028-H3K4me3-H3K9me3-H3K27ac-H3K27me3-seed1011-label-distribution.csv

--- Training DirectRanker ---
Epoch [1/100] [TRAIN] Loss: 0.6186, Accuracy: 69.47%, AUC: 0.77 [VAL] Loss: 0.5298, Accuracy: 76.00%, Precision: 0.71, Recall: 0.77, F1: 0.74, AUC: 0.84
Epoch [2/100] [TRAIN] Loss: 0.5680, Accuracy: 73.69%, AUC: 0.81 [VAL] Loss: 0.5209, Accuracy: 75.70%, Precision: 0.71, Recall: 0.78, F1: 0.74, AUC: 0.85
Epoch [3/100] [TRAIN] Loss: 0.5518, Accuracy: 74.38%, AUC: 0.83 [VAL] Loss: 0.5163, Accuracy: 76.30%, Precision: 0.72, Recall: 0.78, F1: 0.75, AUC: 0.85
Epoch [4/100] [TRAIN] Loss: 0.5525, Accuracy: 74.08%, AUC: 0.83 [VAL] Loss: 0.5160, Accuracy: 76.40%, Precision: 0.71, Recall: 0.79, F1: 0.75, AUC: 0.85
Epoch [5/100] [TRAIN] Loss: 0.5485, Accuracy: 74.46%, AUC: 0.83 [VAL] Loss: 0.5149, Accuracy: 76.90%, Precision: 0.72, Recall: 0.79, F1: 0.75, AUC: 0.85
Epoch [6/100] [TRAIN] Loss: 0.5384, Accuracy: 74.92%, AUC: 0.83 [VAL] Loss: 0.5127, Accuracy: 77.10%, Precision: 0.72, Recall: 0.79, F1: 0.76, AUC: 0.85
Epoch [7/100] [TRAIN] Loss: 0.5369, Accuracy: 75.01%, AUC: 0.83 [VAL] Loss: 0.5138, Accuracy: 77.00%, Precision: 0.72, Recall: 0.79, F1: 0.75, AUC: 0.85
Epoch [8/100] [TRAIN] Loss: 0.5404, Accuracy: 75.24%, AUC: 0.83 [VAL] Loss: 0.5120, Accuracy: 77.40%, Precision: 0.73, Recall: 0.79, F1: 0.76, AUC: 0.85
Epoch [9/100] [TRAIN] Loss: 0.5349, Accuracy: 75.25%, AUC: 0.84 [VAL] Loss: 0.5111, Accuracy: 77.50%, Precision: 0.73, Recall: 0.79, F1: 0.76, AUC: 0.85
Epoch [10/100] [TRAIN] Loss: 0.5309, Accuracy: 75.14%, AUC: 0.84 [VAL] Loss: 0.5102, Accuracy: 77.50%, Precision: 0.73, Recall: 0.79, F1: 0.76, AUC: 0.85
Epoch [11/100] [TRAIN] Loss: 0.5302, Accuracy: 75.75%, AUC: 0.84 [VAL] Loss: 0.5095, Accuracy: 77.60%, Precision: 0.73, Recall: 0.79, F1: 0.76, AUC: 0.85
Epoch [12/100] [TRAIN] Loss: 0.5290, Accuracy: 75.45%, AUC: 0.84 [VAL] Loss: 0.5076, Accuracy: 77.70%, Precision: 0.73, Recall: 0.79, F1: 0.76, AUC: 0.85
Epoch [13/100] [TRAIN] Loss: 0.5243, Accuracy: 75.50%, AUC: 0.84 [VAL] Loss: 0.5077, Accuracy: 77.50%, Precision: 0.73, Recall: 0.79, F1: 0.76, AUC: 0.85
Epoch [14/100] [TRAIN] Loss: 0.5213, Accuracy: 76.17%, AUC: 0.85 [VAL] Loss: 0.5064, Accuracy: 77.50%, Precision: 0.73, Recall: 0.79, F1: 0.76, AUC: 0.85
Epoch [15/100] [TRAIN] Loss: 0.5223, Accuracy: 75.90%, AUC: 0.84 [VAL] Loss: 0.5071, Accuracy: 77.60%, Precision: 0.73, Recall: 0.79, F1: 0.76, AUC: 0.85
Epoch [16/100] [TRAIN] Loss: 0.5233, Accuracy: 75.60%, AUC: 0.84 [VAL] Loss: 0.5067, Accuracy: 77.30%, Precision: 0.73, Recall: 0.79, F1: 0.76, AUC: 0.85
Epoch [17/100] [TRAIN] Loss: 0.5208, Accuracy: 76.11%, AUC: 0.84 [VAL] Loss: 0.5067, Accuracy: 77.40%, Precision: 0.73, Recall: 0.79, F1: 0.76, AUC: 0.85
Epoch [18/100] [TRAIN] Loss: 0.5203, Accuracy: 75.81%, AUC: 0.85 [VAL] Loss: 0.5063, Accuracy: 77.40%, Precision: 0.73, Recall: 0.79, F1: 0.76, AUC: 0.85
Epoch [19/100] [TRAIN] Loss: 0.5197, Accuracy: 75.79%, AUC: 0.85 [VAL] Loss: 0.5071, Accuracy: 77.10%, Precision: 0.73, Recall: 0.79, F1: 0.75, AUC: 0.85
Epoch [20/100] [TRAIN] Loss: 0.5188, Accuracy: 76.17%, AUC: 0.85 [VAL] Loss: 0.5066, Accuracy: 77.00%, Precision: 0.73, Recall: 0.78, F1: 0.75, AUC: 0.85
Epoch [21/100] [TRAIN] Loss: 0.5175, Accuracy: 76.28%, AUC: 0.85 [VAL] Loss: 0.5054, Accuracy: 77.30%, Precision: 0.73, Recall: 0.78, F1: 0.75, AUC: 0.85
Epoch [22/100] [TRAIN] Loss: 0.5138, Accuracy: 76.16%, AUC: 0.85 [VAL] Loss: 0.5048, Accuracy: 77.50%, Precision: 0.73, Recall: 0.78, F1: 0.76, AUC: 0.85
Epoch [23/100] [TRAIN] Loss: 0.5147, Accuracy: 75.83%, AUC: 0.85 [VAL] Loss: 0.5052, Accuracy: 76.90%, Precision: 0.72, Recall: 0.78, F1: 0.75, AUC: 0.85
Epoch [24/100] [TRAIN] Loss: 0.5135, Accuracy: 76.00%, AUC: 0.85 [VAL] Loss: 0.5052, Accuracy: 77.00%, Precision: 0.73, Recall: 0.78, F1: 0.75, AUC: 0.85
Epoch [25/100] [TRAIN] Loss: 0.5121, Accuracy: 76.38%, AUC: 0.85 [VAL] Loss: 0.5040, Accuracy: 77.00%, Precision: 0.73, Recall: 0.78, F1: 0.75, AUC: 0.85
Epoch [26/100] [TRAIN] Loss: 0.5159, Accuracy: 76.40%, AUC: 0.85 [VAL] Loss: 0.5046, Accuracy: 77.20%, Precision: 0.73, Recall: 0.79, F1: 0.75, AUC: 0.85
Epoch [27/100] [TRAIN] Loss: 0.5116, Accuracy: 76.34%, AUC: 0.85 [VAL] Loss: 0.5033, Accuracy: 77.10%, Precision: 0.73, Recall: 0.78, F1: 0.75, AUC: 0.85
Epoch [28/100] [TRAIN] Loss: 0.5089, Accuracy: 76.10%, AUC: 0.85 [VAL] Loss: 0.5025, Accuracy: 77.30%, Precision: 0.73, Recall: 0.78, F1: 0.75, AUC: 0.85
Epoch [29/100] [TRAIN] Loss: 0.5125, Accuracy: 76.56%, AUC: 0.85 [VAL] Loss: 0.5025, Accuracy: 77.40%, Precision: 0.73, Recall: 0.78, F1: 0.76, AUC: 0.86
Epoch [30/100] [TRAIN] Loss: 0.5111, Accuracy: 76.47%, AUC: 0.85 [VAL] Loss: 0.5034, Accuracy: 77.60%, Precision: 0.73, Recall: 0.78, F1: 0.76, AUC: 0.86
Epoch [31/100] [TRAIN] Loss: 0.5132, Accuracy: 76.42%, AUC: 0.85 [VAL] Loss: 0.5031, Accuracy: 77.10%, Precision: 0.73, Recall: 0.78, F1: 0.75, AUC: 0.86
Epoch [32/100] [TRAIN] Loss: 0.5094, Accuracy: 76.06%, AUC: 0.85 [VAL] Loss: 0.5024, Accuracy: 77.10%, Precision: 0.73, Recall: 0.78, F1: 0.75, AUC: 0.86
Epoch [33/100] [TRAIN] Loss: 0.5085, Accuracy: 76.25%, AUC: 0.85 [VAL] Loss: 0.5018, Accuracy: 77.20%, Precision: 0.73, Recall: 0.78, F1: 0.75, AUC: 0.86
Epoch [34/100] [TRAIN] Loss: 0.5063, Accuracy: 76.38%, AUC: 0.85 [VAL] Loss: 0.5024, Accuracy: 77.60%, Precision: 0.73, Recall: 0.78, F1: 0.76, AUC: 0.86
Epoch [35/100] [TRAIN] Loss: 0.5104, Accuracy: 76.72%, AUC: 0.85 [VAL] Loss: 0.5020, Accuracy: 77.40%, Precision: 0.73, Recall: 0.78, F1: 0.75, AUC: 0.86
Epoch [36/100] [TRAIN] Loss: 0.5093, Accuracy: 76.50%, AUC: 0.85 [VAL] Loss: 0.5020, Accuracy: 77.50%, Precision: 0.73, Recall: 0.78, F1: 0.76, AUC: 0.86
Epoch [37/100] [TRAIN] Loss: 0.5077, Accuracy: 76.29%, AUC: 0.85 [VAL] Loss: 0.5012, Accuracy: 77.40%, Precision: 0.73, Recall: 0.78, F1: 0.75, AUC: 0.86
Epoch [38/100] [TRAIN] Loss: 0.5059, Accuracy: 76.67%, AUC: 0.85 [VAL] Loss: 0.5002, Accuracy: 77.50%, Precision: 0.73, Recall: 0.78, F1: 0.76, AUC: 0.86
Epoch [39/100] [TRAIN] Loss: 0.5075, Accuracy: 76.31%, AUC: 0.85 [VAL] Loss: 0.4999, Accuracy: 77.70%, Precision: 0.73, Recall: 0.79, F1: 0.76, AUC: 0.86
Epoch [40/100] [TRAIN] Loss: 0.5077, Accuracy: 76.56%, AUC: 0.85 [VAL] Loss: 0.5008, Accuracy: 77.60%, Precision: 0.73, Recall: 0.79, F1: 0.76, AUC: 0.86
Epoch [41/100] [TRAIN] Loss: 0.5065, Accuracy: 76.86%, AUC: 0.85 [VAL] Loss: 0.5004, Accuracy: 77.40%, Precision: 0.73, Recall: 0.78, F1: 0.76, AUC: 0.86
Epoch [42/100] [TRAIN] Loss: 0.5061, Accuracy: 76.31%, AUC: 0.85 [VAL] Loss: 0.4995, Accuracy: 77.30%, Precision: 0.73, Recall: 0.78, F1: 0.76, AUC: 0.86
Epoch [43/100] [TRAIN] Loss: 0.5058, Accuracy: 76.50%, AUC: 0.85 [VAL] Loss: 0.4993, Accuracy: 77.30%, Precision: 0.73, Recall: 0.78, F1: 0.76, AUC: 0.86
Epoch [44/100] [TRAIN] Loss: 0.5049, Accuracy: 76.78%, AUC: 0.85 [VAL] Loss: 0.4997, Accuracy: 77.60%, Precision: 0.74, Recall: 0.78, F1: 0.76, AUC: 0.86
Epoch [45/100] [TRAIN] Loss: 0.5036, Accuracy: 76.55%, AUC: 0.85 [VAL] Loss: 0.4991, Accuracy: 77.30%, Precision: 0.73, Recall: 0.78, F1: 0.76, AUC: 0.86
Epoch [46/100] [TRAIN] Loss: 0.4995, Accuracy: 76.88%, AUC: 0.86 [VAL] Loss: 0.4990, Accuracy: 77.20%, Precision: 0.73, Recall: 0.78, F1: 0.75, AUC: 0.86
Epoch [47/100] [TRAIN] Loss: 0.5055, Accuracy: 76.45%, AUC: 0.85 [VAL] Loss: 0.4987, Accuracy: 77.50%, Precision: 0.73, Recall: 0.78, F1: 0.76, AUC: 0.86
Epoch [48/100] [TRAIN] Loss: 0.5002, Accuracy: 76.70%, AUC: 0.86 [VAL] Loss: 0.4978, Accuracy: 76.80%, Precision: 0.73, Recall: 0.77, F1: 0.75, AUC: 0.86
Epoch [49/100] [TRAIN] Loss: 0.5006, Accuracy: 76.95%, AUC: 0.86 [VAL] Loss: 0.4970, Accuracy: 77.40%, Precision: 0.73, Recall: 0.78, F1: 0.76, AUC: 0.86
Epoch [50/100] [TRAIN] Loss: 0.5083, Accuracy: 76.20%, AUC: 0.85 [VAL] Loss: 0.4979, Accuracy: 77.30%, Precision: 0.73, Recall: 0.78, F1: 0.75, AUC: 0.86
Epoch [51/100] [TRAIN] Loss: 0.5034, Accuracy: 76.65%, AUC: 0.85 [VAL] Loss: 0.4983, Accuracy: 77.40%, Precision: 0.73, Recall: 0.78, F1: 0.75, AUC: 0.86
Epoch [52/100] [TRAIN] Loss: 0.5007, Accuracy: 76.65%, AUC: 0.86 [VAL] Loss: 0.4984, Accuracy: 77.20%, Precision: 0.73, Recall: 0.78, F1: 0.75, AUC: 0.86
Epoch [53/100] [TRAIN] Loss: 0.5018, Accuracy: 76.72%, AUC: 0.86 [VAL] Loss: 0.4980, Accuracy: 76.90%, Precision: 0.73, Recall: 0.78, F1: 0.75, AUC: 0.86
Epoch [54/100] [TRAIN] Loss: 0.5035, Accuracy: 76.47%, AUC: 0.85 [VAL] Loss: 0.4973, Accuracy: 76.90%, Precision: 0.73, Recall: 0.77, F1: 0.75, AUC: 0.86
Epoch [55/100] [TRAIN] Loss: 0.5028, Accuracy: 76.92%, AUC: 0.85 [VAL] Loss: 0.4970, Accuracy: 77.00%, Precision: 0.73, Recall: 0.77, F1: 0.75, AUC: 0.86
Epoch [56/100] [TRAIN] Loss: 0.5027, Accuracy: 76.53%, AUC: 0.85 [VAL] Loss: 0.4970, Accuracy: 77.00%, Precision: 0.73, Recall: 0.77, F1: 0.75, AUC: 0.86
Epoch [57/100] [TRAIN] Loss: 0.4992, Accuracy: 76.94%, AUC: 0.86 [VAL] Loss: 0.4970, Accuracy: 77.00%, Precision: 0.73, Recall: 0.77, F1: 0.75, AUC: 0.86
Epoch [58/100] [TRAIN] Loss: 0.5010, Accuracy: 76.95%, AUC: 0.86 [VAL] Loss: 0.4970, Accuracy: 77.00%, Precision: 0.73, Recall: 0.77, F1: 0.75, AUC: 0.86
Epoch [59/100] [TRAIN] Loss: 0.5005, Accuracy: 77.06%, AUC: 0.86 [VAL] Loss: 0.4970, Accuracy: 77.00%, Precision: 0.73, Recall: 0.77, F1: 0.75, AUC: 0.86
  Early stopping at epoch 59 (no val_loss improvement for 10 epochs)
  Antisymmetry score (raw):        0.9850
  Antisymmetry score (confident):  1.0000
  Total violations:                15 / 1000
  Pairs near boundary:             115 (11.5%)
  Avg |prob-0.5| at violation:     0.0000

--- Training baselines (LogisticRegression, RandomForest, SVM) ---

  Training LogisticRegression...
  Val accuracy: 74.30%  |  Val AUC: 0.8096

  [LogisticRegression]  Accuracy: 75.30%  AUC: 0.8263  AUCPRC: 0.7953  Precision: 0.7601  Recall: 0.7077  F1: 0.7330  Antisym: 0.7830

  Training RandomForest...
  Val accuracy: 76.60%  |  Val AUC: 0.8497

  [RandomForest]  Accuracy: 77.20%  AUC: 0.8754  AUCPRC: 0.8739  Precision: 0.7872  Recall: 0.7182  F1: 0.7511  Antisym: 0.8420

  Training SVM_Linear...
  Val accuracy: 73.40%  |  Val AUC: 0.8036

  [SVM_Linear]  Accuracy: 75.20%  AUC: 0.8168  AUCPRC: 0.7888  Precision: 0.7643  Recall: 0.6973  F1: 0.7293  Antisym: 0.7670
Seed: 1011
=== DirectRanker ===
Accuracy:  76.20 %
AUC:       0.8633
AUCPRC:    0.8677
Precision: 0.7454
Recall:    0.7641
F1-Score:  0.7546
Antisymmetry score:  0.9850  (1.0 = perfect, ~0.5 = random)

Detailed Classification Report:
              precision    recall  f1-score   support

           0       0.78      0.76      0.77       521
           1       0.75      0.76      0.75       479

    accuracy                           0.76      1000
   macro avg       0.76      0.76      0.76      1000
weighted avg       0.76      0.76      0.76      1000


Confusion Matrix:
[[396 125]
 [113 366]]

=== LogisticRegression ===
Accuracy:  75.30 %
AUC:       0.8263
AUCPRC:    0.7953
Precision: 0.7601
Recall:    0.7077
F1-Score:  0.7330
Antisymmetry score:  0.7830
Confusion Matrix:
[[414 107]
 [140 339]]

=== RandomForest ===
Accuracy:  77.20 %
AUC:       0.8754
AUCPRC:    0.8739
Precision: 0.7872
Recall:    0.7182
F1-Score:  0.7511
Antisymmetry score:  0.8420
Confusion Matrix:
[[428  93]
 [135 344]]

=== SVM_Linear ===
Accuracy:  75.20 %
AUC:       0.8168
AUCPRC:    0.7888
Precision: 0.7643
Recall:    0.6973
F1-Score:  0.7293
Antisymmetry score:  0.7670
Confusion Matrix:
[[418 103]
 [145 334]]

Saved combined test metrics: /group/pmc021/amunif/epi-thesis/workflow/18_Pairwise Ranking HepG2 REMC/output/combined/test/028-H3K4me3-H3K9me3-H3K27ac-H3K27me3-seed1011-test-metrics.csv
Saved combined ROC plot: /group/pmc021/amunif/epi-thesis/workflow/18_Pairwise Ranking HepG2 REMC/output/combined/img/roc/028-H3K4me3-H3K9me3-H3K27ac-H3K27me3-seed1011-roc-combined.png
Saved combined PRC plot: /group/pmc021/amunif/epi-thesis/workflow/18_Pairwise Ranking HepG2 REMC/output/combined/img/prc/028-H3K4me3-H3K9me3-H3K27ac-H3K27me3-seed1011-prc-combined.png

Finished 028-H3K4me3-H3K9me3-H3K27ac-H3K27me3 (seed 1011)

======================================================================
029-H3K9ac-H3K9me3-H3K27ac-H3K27me3
======================================================================
Train label distribution:
  Label 0:   4140 (51.7%)
  Label 1:   3860 (48.2%)
Val label distribution:
  Label 0:    553 (55.3%)
  Label 1:    447 (44.7%)
Test label distribution:
  Label 0:    521 (52.1%)
  Label 1:    479 (47.9%)
Saved label distribution: /group/pmc021/amunif/epi-thesis/workflow/18_Pairwise Ranking HepG2 REMC/output/combined/test/029-H3K9ac-H3K9me3-H3K27ac-H3K27me3-seed1011-label-distribution.csv

--- Training DirectRanker ---
Epoch [1/100] [TRAIN] Loss: 0.6239, Accuracy: 69.45%, AUC: 0.77 [VAL] Loss: 0.5464, Accuracy: 75.50%, Precision: 0.71, Recall: 0.77, F1: 0.74, AUC: 0.83
Epoch [2/100] [TRAIN] Loss: 0.5685, Accuracy: 74.38%, AUC: 0.82 [VAL] Loss: 0.5362, Accuracy: 76.10%, Precision: 0.71, Recall: 0.78, F1: 0.75, AUC: 0.84
Epoch [3/100] [TRAIN] Loss: 0.5574, Accuracy: 75.04%, AUC: 0.83 [VAL] Loss: 0.5314, Accuracy: 76.40%, Precision: 0.71, Recall: 0.79, F1: 0.75, AUC: 0.84
Epoch [4/100] [TRAIN] Loss: 0.5572, Accuracy: 75.34%, AUC: 0.83 [VAL] Loss: 0.5280, Accuracy: 77.10%, Precision: 0.72, Recall: 0.79, F1: 0.76, AUC: 0.84
Epoch [5/100] [TRAIN] Loss: 0.5510, Accuracy: 75.66%, AUC: 0.83 [VAL] Loss: 0.5256, Accuracy: 76.90%, Precision: 0.72, Recall: 0.79, F1: 0.75, AUC: 0.85
Epoch [6/100] [TRAIN] Loss: 0.5533, Accuracy: 75.17%, AUC: 0.83 [VAL] Loss: 0.5229, Accuracy: 77.10%, Precision: 0.72, Recall: 0.79, F1: 0.75, AUC: 0.85
Epoch [7/100] [TRAIN] Loss: 0.5477, Accuracy: 75.08%, AUC: 0.83 [VAL] Loss: 0.5203, Accuracy: 77.10%, Precision: 0.73, Recall: 0.79, F1: 0.75, AUC: 0.85
Epoch [8/100] [TRAIN] Loss: 0.5435, Accuracy: 75.12%, AUC: 0.83 [VAL] Loss: 0.5181, Accuracy: 76.70%, Precision: 0.72, Recall: 0.77, F1: 0.75, AUC: 0.85
Epoch [9/100] [TRAIN] Loss: 0.5389, Accuracy: 75.80%, AUC: 0.84 [VAL] Loss: 0.5165, Accuracy: 76.80%, Precision: 0.73, Recall: 0.77, F1: 0.75, AUC: 0.85
Epoch [10/100] [TRAIN] Loss: 0.5399, Accuracy: 75.65%, AUC: 0.84 [VAL] Loss: 0.5152, Accuracy: 77.00%, Precision: 0.73, Recall: 0.78, F1: 0.75, AUC: 0.85
Epoch [11/100] [TRAIN] Loss: 0.5340, Accuracy: 75.71%, AUC: 0.84 [VAL] Loss: 0.5134, Accuracy: 77.00%, Precision: 0.73, Recall: 0.78, F1: 0.75, AUC: 0.85
Epoch [12/100] [TRAIN] Loss: 0.5330, Accuracy: 75.95%, AUC: 0.84 [VAL] Loss: 0.5122, Accuracy: 77.00%, Precision: 0.73, Recall: 0.78, F1: 0.75, AUC: 0.85
Epoch [13/100] [TRAIN] Loss: 0.5374, Accuracy: 75.80%, AUC: 0.84 [VAL] Loss: 0.5114, Accuracy: 77.20%, Precision: 0.73, Recall: 0.78, F1: 0.75, AUC: 0.85
Epoch [14/100] [TRAIN] Loss: 0.5298, Accuracy: 75.72%, AUC: 0.84 [VAL] Loss: 0.5102, Accuracy: 77.00%, Precision: 0.73, Recall: 0.77, F1: 0.75, AUC: 0.85
Epoch [15/100] [TRAIN] Loss: 0.5313, Accuracy: 75.78%, AUC: 0.84 [VAL] Loss: 0.5089, Accuracy: 77.10%, Precision: 0.73, Recall: 0.78, F1: 0.75, AUC: 0.85
Epoch [16/100] [TRAIN] Loss: 0.5369, Accuracy: 75.24%, AUC: 0.84 [VAL] Loss: 0.5089, Accuracy: 77.00%, Precision: 0.73, Recall: 0.77, F1: 0.75, AUC: 0.85
Epoch [17/100] [TRAIN] Loss: 0.5303, Accuracy: 75.62%, AUC: 0.84 [VAL] Loss: 0.5080, Accuracy: 77.00%, Precision: 0.73, Recall: 0.77, F1: 0.75, AUC: 0.85
Epoch [18/100] [TRAIN] Loss: 0.5285, Accuracy: 75.56%, AUC: 0.84 [VAL] Loss: 0.5069, Accuracy: 77.00%, Precision: 0.73, Recall: 0.77, F1: 0.75, AUC: 0.85
Epoch [19/100] [TRAIN] Loss: 0.5294, Accuracy: 75.79%, AUC: 0.84 [VAL] Loss: 0.5064, Accuracy: 77.20%, Precision: 0.73, Recall: 0.77, F1: 0.75, AUC: 0.85
Epoch [20/100] [TRAIN] Loss: 0.5260, Accuracy: 75.96%, AUC: 0.84 [VAL] Loss: 0.5056, Accuracy: 77.00%, Precision: 0.73, Recall: 0.77, F1: 0.75, AUC: 0.85
Epoch [21/100] [TRAIN] Loss: 0.5231, Accuracy: 76.45%, AUC: 0.84 [VAL] Loss: 0.5053, Accuracy: 77.20%, Precision: 0.73, Recall: 0.77, F1: 0.75, AUC: 0.85
Epoch [22/100] [TRAIN] Loss: 0.5259, Accuracy: 75.67%, AUC: 0.84 [VAL] Loss: 0.5049, Accuracy: 77.30%, Precision: 0.73, Recall: 0.78, F1: 0.75, AUC: 0.86
Epoch [23/100] [TRAIN] Loss: 0.5258, Accuracy: 75.85%, AUC: 0.84 [VAL] Loss: 0.5052, Accuracy: 77.40%, Precision: 0.73, Recall: 0.78, F1: 0.75, AUC: 0.86
Epoch [24/100] [TRAIN] Loss: 0.5246, Accuracy: 76.10%, AUC: 0.84 [VAL] Loss: 0.5043, Accuracy: 77.50%, Precision: 0.73, Recall: 0.78, F1: 0.76, AUC: 0.86
Epoch [25/100] [TRAIN] Loss: 0.5210, Accuracy: 76.42%, AUC: 0.85 [VAL] Loss: 0.5039, Accuracy: 77.30%, Precision: 0.73, Recall: 0.78, F1: 0.75, AUC: 0.86
Epoch [26/100] [TRAIN] Loss: 0.5196, Accuracy: 75.92%, AUC: 0.84 [VAL] Loss: 0.5035, Accuracy: 77.50%, Precision: 0.73, Recall: 0.78, F1: 0.76, AUC: 0.86
Epoch [27/100] [TRAIN] Loss: 0.5177, Accuracy: 76.28%, AUC: 0.85 [VAL] Loss: 0.5028, Accuracy: 77.40%, Precision: 0.73, Recall: 0.78, F1: 0.75, AUC: 0.86
Epoch [28/100] [TRAIN] Loss: 0.5215, Accuracy: 75.61%, AUC: 0.84 [VAL] Loss: 0.5027, Accuracy: 77.30%, Precision: 0.73, Recall: 0.78, F1: 0.75, AUC: 0.86
Epoch [29/100] [TRAIN] Loss: 0.5178, Accuracy: 76.26%, AUC: 0.85 [VAL] Loss: 0.5024, Accuracy: 77.40%, Precision: 0.73, Recall: 0.78, F1: 0.75, AUC: 0.86
Epoch [30/100] [TRAIN] Loss: 0.5142, Accuracy: 76.21%, AUC: 0.85 [VAL] Loss: 0.5020, Accuracy: 77.50%, Precision: 0.73, Recall: 0.78, F1: 0.76, AUC: 0.86
Epoch [31/100] [TRAIN] Loss: 0.5150, Accuracy: 76.29%, AUC: 0.85 [VAL] Loss: 0.5016, Accuracy: 77.40%, Precision: 0.73, Recall: 0.78, F1: 0.75, AUC: 0.86
Epoch [32/100] [TRAIN] Loss: 0.5175, Accuracy: 76.16%, AUC: 0.84 [VAL] Loss: 0.5011, Accuracy: 77.50%, Precision: 0.74, Recall: 0.77, F1: 0.75, AUC: 0.86
Epoch [33/100] [TRAIN] Loss: 0.5167, Accuracy: 76.44%, AUC: 0.85 [VAL] Loss: 0.5009, Accuracy: 77.50%, Precision: 0.74, Recall: 0.77, F1: 0.75, AUC: 0.86
Epoch [34/100] [TRAIN] Loss: 0.5157, Accuracy: 76.00%, AUC: 0.85 [VAL] Loss: 0.5005, Accuracy: 77.30%, Precision: 0.73, Recall: 0.77, F1: 0.75, AUC: 0.86
Epoch [35/100] [TRAIN] Loss: 0.5204, Accuracy: 76.28%, AUC: 0.84 [VAL] Loss: 0.5005, Accuracy: 77.30%, Precision: 0.73, Recall: 0.77, F1: 0.75, AUC: 0.86
Epoch [36/100] [TRAIN] Loss: 0.5173, Accuracy: 76.29%, AUC: 0.85 [VAL] Loss: 0.5004, Accuracy: 77.40%, Precision: 0.73, Recall: 0.77, F1: 0.75, AUC: 0.86
Epoch [37/100] [TRAIN] Loss: 0.5118, Accuracy: 76.46%, AUC: 0.85 [VAL] Loss: 0.5002, Accuracy: 77.50%, Precision: 0.74, Recall: 0.78, F1: 0.76, AUC: 0.86
Epoch [38/100] [TRAIN] Loss: 0.5138, Accuracy: 76.53%, AUC: 0.85 [VAL] Loss: 0.5002, Accuracy: 77.60%, Precision: 0.74, Recall: 0.78, F1: 0.76, AUC: 0.86
Epoch [39/100] [TRAIN] Loss: 0.5140, Accuracy: 76.42%, AUC: 0.85 [VAL] Loss: 0.5000, Accuracy: 77.40%, Precision: 0.73, Recall: 0.78, F1: 0.75, AUC: 0.86
Epoch [40/100] [TRAIN] Loss: 0.5145, Accuracy: 76.40%, AUC: 0.85 [VAL] Loss: 0.5002, Accuracy: 77.30%, Precision: 0.73, Recall: 0.77, F1: 0.75, AUC: 0.86
Epoch [41/100] [TRAIN] Loss: 0.5125, Accuracy: 76.99%, AUC: 0.85 [VAL] Loss: 0.4996, Accuracy: 77.50%, Precision: 0.74, Recall: 0.77, F1: 0.75, AUC: 0.86
Epoch [42/100] [TRAIN] Loss: 0.5081, Accuracy: 76.84%, AUC: 0.85 [VAL] Loss: 0.4995, Accuracy: 77.50%, Precision: 0.74, Recall: 0.78, F1: 0.76, AUC: 0.86
Epoch [43/100] [TRAIN] Loss: 0.5131, Accuracy: 76.21%, AUC: 0.85 [VAL] Loss: 0.4993, Accuracy: 77.60%, Precision: 0.74, Recall: 0.78, F1: 0.76, AUC: 0.86
Epoch [44/100] [TRAIN] Loss: 0.5133, Accuracy: 76.09%, AUC: 0.85 [VAL] Loss: 0.4993, Accuracy: 77.50%, Precision: 0.74, Recall: 0.78, F1: 0.76, AUC: 0.86
Epoch [45/100] [TRAIN] Loss: 0.5125, Accuracy: 76.61%, AUC: 0.85 [VAL] Loss: 0.4990, Accuracy: 77.50%, Precision: 0.74, Recall: 0.78, F1: 0.76, AUC: 0.86
Epoch [46/100] [TRAIN] Loss: 0.5125, Accuracy: 76.30%, AUC: 0.85 [VAL] Loss: 0.4992, Accuracy: 77.40%, Precision: 0.73, Recall: 0.78, F1: 0.75, AUC: 0.86
Epoch [47/100] [TRAIN] Loss: 0.5107, Accuracy: 76.71%, AUC: 0.85 [VAL] Loss: 0.4989, Accuracy: 77.40%, Precision: 0.73, Recall: 0.78, F1: 0.75, AUC: 0.86
Epoch [48/100] [TRAIN] Loss: 0.5086, Accuracy: 76.88%, AUC: 0.85 [VAL] Loss: 0.4986, Accuracy: 77.40%, Precision: 0.73, Recall: 0.78, F1: 0.75, AUC: 0.86
Epoch [49/100] [TRAIN] Loss: 0.5115, Accuracy: 75.96%, AUC: 0.85 [VAL] Loss: 0.4988, Accuracy: 77.20%, Precision: 0.73, Recall: 0.77, F1: 0.75, AUC: 0.86
Epoch [50/100] [TRAIN] Loss: 0.5127, Accuracy: 76.39%, AUC: 0.85 [VAL] Loss: 0.4988, Accuracy: 77.10%, Precision: 0.73, Recall: 0.77, F1: 0.75, AUC: 0.86
Epoch [51/100] [TRAIN] Loss: 0.5114, Accuracy: 76.44%, AUC: 0.85 [VAL] Loss: 0.4987, Accuracy: 77.10%, Precision: 0.73, Recall: 0.77, F1: 0.75, AUC: 0.86
Epoch [52/100] [TRAIN] Loss: 0.5110, Accuracy: 76.28%, AUC: 0.85 [VAL] Loss: 0.4986, Accuracy: 77.00%, Precision: 0.73, Recall: 0.77, F1: 0.75, AUC: 0.86
Epoch [53/100] [TRAIN] Loss: 0.5080, Accuracy: 76.88%, AUC: 0.85 [VAL] Loss: 0.4983, Accuracy: 77.10%, Precision: 0.73, Recall: 0.77, F1: 0.75, AUC: 0.86
Epoch [54/100] [TRAIN] Loss: 0.5099, Accuracy: 76.11%, AUC: 0.85 [VAL] Loss: 0.4983, Accuracy: 77.00%, Precision: 0.73, Recall: 0.77, F1: 0.75, AUC: 0.86
Epoch [55/100] [TRAIN] Loss: 0.5068, Accuracy: 76.95%, AUC: 0.85 [VAL] Loss: 0.4983, Accuracy: 77.10%, Precision: 0.73, Recall: 0.77, F1: 0.75, AUC: 0.86
Epoch [56/100] [TRAIN] Loss: 0.5100, Accuracy: 76.44%, AUC: 0.85 [VAL] Loss: 0.4978, Accuracy: 77.10%, Precision: 0.73, Recall: 0.77, F1: 0.75, AUC: 0.86
Epoch [57/100] [TRAIN] Loss: 0.5094, Accuracy: 76.39%, AUC: 0.85 [VAL] Loss: 0.4978, Accuracy: 77.30%, Precision: 0.73, Recall: 0.77, F1: 0.75, AUC: 0.86
Epoch [58/100] [TRAIN] Loss: 0.5066, Accuracy: 76.84%, AUC: 0.85 [VAL] Loss: 0.4975, Accuracy: 77.30%, Precision: 0.73, Recall: 0.77, F1: 0.75, AUC: 0.86
Epoch [59/100] [TRAIN] Loss: 0.5019, Accuracy: 76.81%, AUC: 0.86 [VAL] Loss: 0.4972, Accuracy: 77.30%, Precision: 0.73, Recall: 0.77, F1: 0.75, AUC: 0.86
Epoch [60/100] [TRAIN] Loss: 0.5080, Accuracy: 76.88%, AUC: 0.85 [VAL] Loss: 0.4971, Accuracy: 77.20%, Precision: 0.73, Recall: 0.77, F1: 0.75, AUC: 0.86
Epoch [61/100] [TRAIN] Loss: 0.5065, Accuracy: 76.72%, AUC: 0.85 [VAL] Loss: 0.4979, Accuracy: 77.40%, Precision: 0.74, Recall: 0.77, F1: 0.75, AUC: 0.86
Epoch [62/100] [TRAIN] Loss: 0.5091, Accuracy: 76.49%, AUC: 0.85 [VAL] Loss: 0.4978, Accuracy: 77.10%, Precision: 0.73, Recall: 0.77, F1: 0.75, AUC: 0.86
Epoch [63/100] [TRAIN] Loss: 0.5089, Accuracy: 77.14%, AUC: 0.85 [VAL] Loss: 0.4976, Accuracy: 77.10%, Precision: 0.73, Recall: 0.77, F1: 0.75, AUC: 0.86
Epoch [64/100] [TRAIN] Loss: 0.5049, Accuracy: 76.49%, AUC: 0.85 [VAL] Loss: 0.4976, Accuracy: 77.10%, Precision: 0.73, Recall: 0.77, F1: 0.75, AUC: 0.86
Epoch [65/100] [TRAIN] Loss: 0.5078, Accuracy: 76.36%, AUC: 0.85 [VAL] Loss: 0.4976, Accuracy: 77.30%, Precision: 0.73, Recall: 0.78, F1: 0.75, AUC: 0.86
Epoch [66/100] [TRAIN] Loss: 0.5078, Accuracy: 76.26%, AUC: 0.85 [VAL] Loss: 0.4973, Accuracy: 77.00%, Precision: 0.73, Recall: 0.77, F1: 0.75, AUC: 0.86
Epoch [67/100] [TRAIN] Loss: 0.5042, Accuracy: 76.62%, AUC: 0.85 [VAL] Loss: 0.4974, Accuracy: 77.00%, Precision: 0.73, Recall: 0.77, F1: 0.75, AUC: 0.86
Epoch [68/100] [TRAIN] Loss: 0.5044, Accuracy: 77.14%, AUC: 0.85 [VAL] Loss: 0.4974, Accuracy: 77.00%, Precision: 0.73, Recall: 0.77, F1: 0.75, AUC: 0.86
Epoch [69/100] [TRAIN] Loss: 0.5047, Accuracy: 76.74%, AUC: 0.85 [VAL] Loss: 0.4973, Accuracy: 77.00%, Precision: 0.73, Recall: 0.77, F1: 0.75, AUC: 0.86
Epoch [70/100] [TRAIN] Loss: 0.5045, Accuracy: 76.76%, AUC: 0.85 [VAL] Loss: 0.4973, Accuracy: 77.00%, Precision: 0.73, Recall: 0.77, F1: 0.75, AUC: 0.86
  Early stopping at epoch 70 (no val_loss improvement for 10 epochs)
  Antisymmetry score (raw):        0.9810
  Antisymmetry score (confident):  1.0000
  Total violations:                19 / 1000
  Pairs near boundary:             129 (12.9%)
  Avg |prob-0.5| at violation:     0.0000

--- Training baselines (LogisticRegression, RandomForest, SVM) ---

  Training LogisticRegression...
  Val accuracy: 73.20%  |  Val AUC: 0.8073

  [LogisticRegression]  Accuracy: 75.90%  AUC: 0.8249  AUCPRC: 0.7962  Precision: 0.7610  Recall: 0.7244  F1: 0.7422  Antisym: 0.7740

  Training RandomForest...
  Val accuracy: 76.70%  |  Val AUC: 0.8545

  [RandomForest]  Accuracy: 78.40%  AUC: 0.8795  AUCPRC: 0.8730  Precision: 0.7995  Recall: 0.7328  F1: 0.7647  Antisym: 0.8110

  Training SVM_Linear...
  Val accuracy: 73.50%  |  Val AUC: 0.8034

  [SVM_Linear]  Accuracy: 74.60%  AUC: 0.8138  AUCPRC: 0.7858  Precision: 0.7517  Recall: 0.7015  F1: 0.7257  Antisym: 0.7590
Seed: 1011
=== DirectRanker ===
Accuracy:  75.80 %
AUC:       0.8632
AUCPRC:    0.8682
Precision: 0.7404
Recall:    0.7620
F1-Score:  0.7510
Antisymmetry score:  0.9810  (1.0 = perfect, ~0.5 = random)

Detailed Classification Report:
              precision    recall  f1-score   support

           0       0.78      0.75      0.76       521
           1       0.74      0.76      0.75       479

    accuracy                           0.76      1000
   macro avg       0.76      0.76      0.76      1000
weighted avg       0.76      0.76      0.76      1000


Confusion Matrix:
[[393 128]
 [114 365]]

=== LogisticRegression ===
Accuracy:  75.90 %
AUC:       0.8249
AUCPRC:    0.7962
Precision: 0.7610
Recall:    0.7244
F1-Score:  0.7422
Antisymmetry score:  0.7740
Confusion Matrix:
[[412 109]
 [132 347]]

=== RandomForest ===
Accuracy:  78.40 %
AUC:       0.8795
AUCPRC:    0.8730
Precision: 0.7995
Recall:    0.7328
F1-Score:  0.7647
Antisymmetry score:  0.8110
Confusion Matrix:
[[433  88]
 [128 351]]

=== SVM_Linear ===
Accuracy:  74.60 %
AUC:       0.8138
AUCPRC:    0.7858
Precision: 0.7517
Recall:    0.7015
F1-Score:  0.7257
Antisymmetry score:  0.7590
Confusion Matrix:
[[410 111]
 [143 336]]

Saved combined test metrics: /group/pmc021/amunif/epi-thesis/workflow/18_Pairwise Ranking HepG2 REMC/output/combined/test/029-H3K9ac-H3K9me3-H3K27ac-H3K27me3-seed1011-test-metrics.csv
Saved combined ROC plot: /group/pmc021/amunif/epi-thesis/workflow/18_Pairwise Ranking HepG2 REMC/output/combined/img/roc/029-H3K9ac-H3K9me3-H3K27ac-H3K27me3-seed1011-roc-combined.png
Saved combined PRC plot: /group/pmc021/amunif/epi-thesis/workflow/18_Pairwise Ranking HepG2 REMC/output/combined/img/prc/029-H3K9ac-H3K9me3-H3K27ac-H3K27me3-seed1011-prc-combined.png

Finished 029-H3K9ac-H3K9me3-H3K27ac-H3K27me3 (seed 1011)

======================================================================
030-H3K4me3-H3K9ac-H3K9me3-H3K27ac-H3K27me3
======================================================================
Train label distribution:
  Label 0:   4140 (51.7%)
  Label 1:   3860 (48.2%)
Val label distribution:
  Label 0:    553 (55.3%)
  Label 1:    447 (44.7%)
Test label distribution:
  Label 0:    521 (52.1%)
  Label 1:    479 (47.9%)
Saved label distribution: /group/pmc021/amunif/epi-thesis/workflow/18_Pairwise Ranking HepG2 REMC/output/combined/test/030-H3K4me3-H3K9ac-H3K9me3-H3K27ac-H3K27me3-seed1011-label-distribution.csv

--- Training DirectRanker ---
Epoch [1/100] [TRAIN] Loss: 0.5932, Accuracy: 71.95%, AUC: 0.79 [VAL] Loss: 0.5118, Accuracy: 76.20%, Precision: 0.71, Recall: 0.79, F1: 0.75, AUC: 0.85
Epoch [2/100] [TRAIN] Loss: 0.5599, Accuracy: 74.16%, AUC: 0.82 [VAL] Loss: 0.5068, Accuracy: 76.70%, Precision: 0.71, Recall: 0.80, F1: 0.75, AUC: 0.86
Epoch [3/100] [TRAIN] Loss: 0.5492, Accuracy: 74.94%, AUC: 0.83 [VAL] Loss: 0.5060, Accuracy: 76.60%, Precision: 0.71, Recall: 0.79, F1: 0.75, AUC: 0.86
Epoch [4/100] [TRAIN] Loss: 0.5387, Accuracy: 75.17%, AUC: 0.83 [VAL] Loss: 0.5035, Accuracy: 77.30%, Precision: 0.72, Recall: 0.80, F1: 0.76, AUC: 0.86
Epoch [5/100] [TRAIN] Loss: 0.5350, Accuracy: 75.53%, AUC: 0.84 [VAL] Loss: 0.5022, Accuracy: 77.60%, Precision: 0.73, Recall: 0.80, F1: 0.76, AUC: 0.86
Epoch [6/100] [TRAIN] Loss: 0.5326, Accuracy: 75.85%, AUC: 0.84 [VAL] Loss: 0.5005, Accuracy: 78.20%, Precision: 0.73, Recall: 0.80, F1: 0.77, AUC: 0.86
Epoch [7/100] [TRAIN] Loss: 0.5363, Accuracy: 75.40%, AUC: 0.84 [VAL] Loss: 0.5001, Accuracy: 78.00%, Precision: 0.73, Recall: 0.80, F1: 0.76, AUC: 0.86
Epoch [8/100] [TRAIN] Loss: 0.5320, Accuracy: 75.90%, AUC: 0.84 [VAL] Loss: 0.5000, Accuracy: 78.30%, Precision: 0.74, Recall: 0.79, F1: 0.77, AUC: 0.86
Epoch [9/100] [TRAIN] Loss: 0.5276, Accuracy: 75.71%, AUC: 0.84 [VAL] Loss: 0.4989, Accuracy: 78.40%, Precision: 0.74, Recall: 0.79, F1: 0.77, AUC: 0.86
Epoch [10/100] [TRAIN] Loss: 0.5219, Accuracy: 76.17%, AUC: 0.84 [VAL] Loss: 0.4972, Accuracy: 78.50%, Precision: 0.74, Recall: 0.79, F1: 0.77, AUC: 0.86
Epoch [11/100] [TRAIN] Loss: 0.5215, Accuracy: 76.12%, AUC: 0.84 [VAL] Loss: 0.4968, Accuracy: 78.70%, Precision: 0.75, Recall: 0.79, F1: 0.77, AUC: 0.86
Epoch [12/100] [TRAIN] Loss: 0.5212, Accuracy: 76.19%, AUC: 0.84 [VAL] Loss: 0.4940, Accuracy: 78.80%, Precision: 0.75, Recall: 0.79, F1: 0.77, AUC: 0.86
Epoch [13/100] [TRAIN] Loss: 0.5186, Accuracy: 76.26%, AUC: 0.85 [VAL] Loss: 0.4937, Accuracy: 78.60%, Precision: 0.75, Recall: 0.79, F1: 0.77, AUC: 0.86
Epoch [14/100] [TRAIN] Loss: 0.5184, Accuracy: 76.40%, AUC: 0.85 [VAL] Loss: 0.4943, Accuracy: 78.90%, Precision: 0.75, Recall: 0.79, F1: 0.77, AUC: 0.86
Epoch [15/100] [TRAIN] Loss: 0.5163, Accuracy: 76.29%, AUC: 0.85 [VAL] Loss: 0.4923, Accuracy: 78.80%, Precision: 0.75, Recall: 0.79, F1: 0.77, AUC: 0.86
Epoch [16/100] [TRAIN] Loss: 0.5143, Accuracy: 76.30%, AUC: 0.85 [VAL] Loss: 0.4919, Accuracy: 78.80%, Precision: 0.75, Recall: 0.79, F1: 0.77, AUC: 0.86
Epoch [17/100] [TRAIN] Loss: 0.5128, Accuracy: 76.36%, AUC: 0.85 [VAL] Loss: 0.4931, Accuracy: 78.50%, Precision: 0.75, Recall: 0.79, F1: 0.77, AUC: 0.86
Epoch [18/100] [TRAIN] Loss: 0.5132, Accuracy: 76.42%, AUC: 0.85 [VAL] Loss: 0.4920, Accuracy: 78.40%, Precision: 0.75, Recall: 0.79, F1: 0.76, AUC: 0.86
Epoch [19/100] [TRAIN] Loss: 0.5107, Accuracy: 76.84%, AUC: 0.85 [VAL] Loss: 0.4914, Accuracy: 78.70%, Precision: 0.75, Recall: 0.79, F1: 0.77, AUC: 0.86
Epoch [20/100] [TRAIN] Loss: 0.5115, Accuracy: 76.62%, AUC: 0.85 [VAL] Loss: 0.4898, Accuracy: 78.60%, Precision: 0.75, Recall: 0.79, F1: 0.77, AUC: 0.86
Epoch [21/100] [TRAIN] Loss: 0.5157, Accuracy: 76.34%, AUC: 0.85 [VAL] Loss: 0.4911, Accuracy: 78.60%, Precision: 0.75, Recall: 0.79, F1: 0.77, AUC: 0.86
Epoch [22/100] [TRAIN] Loss: 0.5064, Accuracy: 76.71%, AUC: 0.85 [VAL] Loss: 0.4907, Accuracy: 78.60%, Precision: 0.75, Recall: 0.79, F1: 0.77, AUC: 0.86
Epoch [23/100] [TRAIN] Loss: 0.5084, Accuracy: 76.62%, AUC: 0.85 [VAL] Loss: 0.4899, Accuracy: 78.60%, Precision: 0.75, Recall: 0.79, F1: 0.77, AUC: 0.86
Epoch [24/100] [TRAIN] Loss: 0.5098, Accuracy: 76.53%, AUC: 0.85 [VAL] Loss: 0.4892, Accuracy: 78.60%, Precision: 0.75, Recall: 0.79, F1: 0.77, AUC: 0.86
Epoch [25/100] [TRAIN] Loss: 0.5077, Accuracy: 77.17%, AUC: 0.85 [VAL] Loss: 0.4897, Accuracy: 78.40%, Precision: 0.74, Recall: 0.79, F1: 0.77, AUC: 0.86
Epoch [26/100] [TRAIN] Loss: 0.5026, Accuracy: 76.50%, AUC: 0.85 [VAL] Loss: 0.4891, Accuracy: 78.20%, Precision: 0.74, Recall: 0.78, F1: 0.76, AUC: 0.86
Epoch [27/100] [TRAIN] Loss: 0.5021, Accuracy: 77.08%, AUC: 0.86 [VAL] Loss: 0.4898, Accuracy: 78.30%, Precision: 0.74, Recall: 0.78, F1: 0.76, AUC: 0.86
Epoch [28/100] [TRAIN] Loss: 0.5054, Accuracy: 76.67%, AUC: 0.85 [VAL] Loss: 0.4886, Accuracy: 78.30%, Precision: 0.74, Recall: 0.79, F1: 0.76, AUC: 0.86
Epoch [29/100] [TRAIN] Loss: 0.5074, Accuracy: 76.72%, AUC: 0.85 [VAL] Loss: 0.4891, Accuracy: 78.40%, Precision: 0.75, Recall: 0.79, F1: 0.76, AUC: 0.86
Epoch [30/100] [TRAIN] Loss: 0.5011, Accuracy: 77.28%, AUC: 0.86 [VAL] Loss: 0.4875, Accuracy: 78.50%, Precision: 0.75, Recall: 0.79, F1: 0.77, AUC: 0.86
Epoch [31/100] [TRAIN] Loss: 0.5055, Accuracy: 76.56%, AUC: 0.85 [VAL] Loss: 0.4883, Accuracy: 78.20%, Precision: 0.74, Recall: 0.78, F1: 0.76, AUC: 0.86
Epoch [32/100] [TRAIN] Loss: 0.5031, Accuracy: 76.90%, AUC: 0.85 [VAL] Loss: 0.4871, Accuracy: 78.30%, Precision: 0.74, Recall: 0.78, F1: 0.76, AUC: 0.86
Epoch [33/100] [TRAIN] Loss: 0.5037, Accuracy: 77.01%, AUC: 0.85 [VAL] Loss: 0.4877, Accuracy: 78.30%, Precision: 0.74, Recall: 0.79, F1: 0.76, AUC: 0.86
Epoch [34/100] [TRAIN] Loss: 0.5044, Accuracy: 76.54%, AUC: 0.85 [VAL] Loss: 0.4876, Accuracy: 78.20%, Precision: 0.74, Recall: 0.79, F1: 0.76, AUC: 0.86
Epoch [35/100] [TRAIN] Loss: 0.5010, Accuracy: 77.31%, AUC: 0.86 [VAL] Loss: 0.4874, Accuracy: 78.00%, Precision: 0.74, Recall: 0.78, F1: 0.76, AUC: 0.86
Epoch [36/100] [TRAIN] Loss: 0.5001, Accuracy: 76.76%, AUC: 0.86 [VAL] Loss: 0.4873, Accuracy: 78.20%, Precision: 0.74, Recall: 0.79, F1: 0.76, AUC: 0.86
Epoch [37/100] [TRAIN] Loss: 0.4986, Accuracy: 77.06%, AUC: 0.86 [VAL] Loss: 0.4872, Accuracy: 78.10%, Precision: 0.74, Recall: 0.79, F1: 0.76, AUC: 0.86
Epoch [38/100] [TRAIN] Loss: 0.5017, Accuracy: 76.89%, AUC: 0.86 [VAL] Loss: 0.4866, Accuracy: 78.30%, Precision: 0.74, Recall: 0.79, F1: 0.76, AUC: 0.86
Epoch [39/100] [TRAIN] Loss: 0.4979, Accuracy: 77.34%, AUC: 0.86 [VAL] Loss: 0.4863, Accuracy: 78.20%, Precision: 0.74, Recall: 0.79, F1: 0.76, AUC: 0.86
Epoch [40/100] [TRAIN] Loss: 0.4956, Accuracy: 76.96%, AUC: 0.86 [VAL] Loss: 0.4853, Accuracy: 78.40%, Precision: 0.74, Recall: 0.79, F1: 0.77, AUC: 0.87
Epoch [41/100] [TRAIN] Loss: 0.4965, Accuracy: 76.96%, AUC: 0.86 [VAL] Loss: 0.4853, Accuracy: 78.30%, Precision: 0.74, Recall: 0.79, F1: 0.76, AUC: 0.86
Epoch [42/100] [TRAIN] Loss: 0.4933, Accuracy: 77.42%, AUC: 0.86 [VAL] Loss: 0.4861, Accuracy: 77.70%, Precision: 0.74, Recall: 0.78, F1: 0.76, AUC: 0.86
Epoch [43/100] [TRAIN] Loss: 0.4951, Accuracy: 77.20%, AUC: 0.86 [VAL] Loss: 0.4853, Accuracy: 78.40%, Precision: 0.74, Recall: 0.79, F1: 0.77, AUC: 0.87
Epoch [44/100] [TRAIN] Loss: 0.4968, Accuracy: 76.69%, AUC: 0.86 [VAL] Loss: 0.4856, Accuracy: 78.30%, Precision: 0.74, Recall: 0.79, F1: 0.76, AUC: 0.87
Epoch [45/100] [TRAIN] Loss: 0.4985, Accuracy: 77.14%, AUC: 0.86 [VAL] Loss: 0.4859, Accuracy: 78.30%, Precision: 0.74, Recall: 0.79, F1: 0.76, AUC: 0.87
Epoch [46/100] [TRAIN] Loss: 0.4987, Accuracy: 77.12%, AUC: 0.86 [VAL] Loss: 0.4849, Accuracy: 78.10%, Precision: 0.74, Recall: 0.78, F1: 0.76, AUC: 0.87
Epoch [47/100] [TRAIN] Loss: 0.4963, Accuracy: 77.12%, AUC: 0.86 [VAL] Loss: 0.4858, Accuracy: 78.40%, Precision: 0.75, Recall: 0.79, F1: 0.76, AUC: 0.87
Epoch [48/100] [TRAIN] Loss: 0.4950, Accuracy: 76.76%, AUC: 0.86 [VAL] Loss: 0.4854, Accuracy: 78.50%, Precision: 0.74, Recall: 0.79, F1: 0.77, AUC: 0.87
Epoch [49/100] [TRAIN] Loss: 0.4925, Accuracy: 77.21%, AUC: 0.86 [VAL] Loss: 0.4849, Accuracy: 78.70%, Precision: 0.75, Recall: 0.79, F1: 0.77, AUC: 0.87
Epoch [50/100] [TRAIN] Loss: 0.4964, Accuracy: 76.58%, AUC: 0.86 [VAL] Loss: 0.4845, Accuracy: 78.10%, Precision: 0.74, Recall: 0.79, F1: 0.76, AUC: 0.87
Epoch [51/100] [TRAIN] Loss: 0.4928, Accuracy: 77.10%, AUC: 0.86 [VAL] Loss: 0.4846, Accuracy: 78.20%, Precision: 0.74, Recall: 0.79, F1: 0.76, AUC: 0.87
Epoch [52/100] [TRAIN] Loss: 0.4918, Accuracy: 77.05%, AUC: 0.86 [VAL] Loss: 0.4853, Accuracy: 78.10%, Precision: 0.74, Recall: 0.78, F1: 0.76, AUC: 0.87
Epoch [53/100] [TRAIN] Loss: 0.4965, Accuracy: 76.76%, AUC: 0.86 [VAL] Loss: 0.4852, Accuracy: 78.60%, Precision: 0.75, Recall: 0.79, F1: 0.77, AUC: 0.87
Epoch [54/100] [TRAIN] Loss: 0.4942, Accuracy: 77.14%, AUC: 0.86 [VAL] Loss: 0.4853, Accuracy: 78.20%, Precision: 0.74, Recall: 0.79, F1: 0.76, AUC: 0.87
Epoch [55/100] [TRAIN] Loss: 0.4939, Accuracy: 77.25%, AUC: 0.86 [VAL] Loss: 0.4859, Accuracy: 78.40%, Precision: 0.74, Recall: 0.79, F1: 0.77, AUC: 0.87
Epoch [56/100] [TRAIN] Loss: 0.4949, Accuracy: 77.05%, AUC: 0.86 [VAL] Loss: 0.4859, Accuracy: 78.40%, Precision: 0.74, Recall: 0.79, F1: 0.77, AUC: 0.87
Epoch [57/100] [TRAIN] Loss: 0.4921, Accuracy: 77.39%, AUC: 0.86 [VAL] Loss: 0.4856, Accuracy: 78.30%, Precision: 0.74, Recall: 0.79, F1: 0.76, AUC: 0.87
Epoch [58/100] [TRAIN] Loss: 0.4936, Accuracy: 77.30%, AUC: 0.86 [VAL] Loss: 0.4855, Accuracy: 78.30%, Precision: 0.74, Recall: 0.79, F1: 0.76, AUC: 0.87
Epoch [59/100] [TRAIN] Loss: 0.4907, Accuracy: 77.46%, AUC: 0.86 [VAL] Loss: 0.4853, Accuracy: 78.20%, Precision: 0.74, Recall: 0.79, F1: 0.76, AUC: 0.87
Epoch [60/100] [TRAIN] Loss: 0.4914, Accuracy: 77.29%, AUC: 0.86 [VAL] Loss: 0.4852, Accuracy: 78.20%, Precision: 0.74, Recall: 0.79, F1: 0.76, AUC: 0.87
  Early stopping at epoch 60 (no val_loss improvement for 10 epochs)
  Antisymmetry score (raw):        0.9850
  Antisymmetry score (confident):  1.0000
  Total violations:                15 / 1000
  Pairs near boundary:             112 (11.2%)
  Avg |prob-0.5| at violation:     0.0000

--- Training baselines (LogisticRegression, RandomForest, SVM) ---

  Training LogisticRegression...
  Val accuracy: 73.60%  |  Val AUC: 0.8051

  [LogisticRegression]  Accuracy: 76.50%  AUC: 0.8276  AUCPRC: 0.7987  Precision: 0.7699  Recall: 0.7265  F1: 0.7476  Antisym: 0.7690

  Training RandomForest...
  Val accuracy: 77.50%  |  Val AUC: 0.8579

  [RandomForest]  Accuracy: 77.00%  AUC: 0.8795  AUCPRC: 0.8709  Precision: 0.7849  Recall: 0.7161  F1: 0.7489  Antisym: 0.8390

  Training SVM_Linear...
  Val accuracy: 72.50%  |  Val AUC: 0.8003

  [SVM_Linear]  Accuracy: 75.50%  AUC: 0.8156  AUCPRC: 0.7902  Precision: 0.7566  Recall: 0.7203  F1: 0.7380  Antisym: 0.7570
Seed: 1011
=== DirectRanker ===
Accuracy:  76.30 %
AUC:       0.8679
AUCPRC:    0.8725
Precision: 0.7469
Recall:    0.7641
F1-Score:  0.7554
Antisymmetry score:  0.9850  (1.0 = perfect, ~0.5 = random)

Detailed Classification Report:
              precision    recall  f1-score   support

           0       0.78      0.76      0.77       521
           1       0.75      0.76      0.76       479

    accuracy                           0.76      1000
   macro avg       0.76      0.76      0.76      1000
weighted avg       0.76      0.76      0.76      1000


Confusion Matrix:
[[397 124]
 [113 366]]

=== LogisticRegression ===
Accuracy:  76.50 %
AUC:       0.8276
AUCPRC:    0.7987
Precision: 0.7699
Recall:    0.7265
F1-Score:  0.7476
Antisymmetry score:  0.7690
Confusion Matrix:
[[417 104]
 [131 348]]

=== RandomForest ===
Accuracy:  77.00 %
AUC:       0.8795
AUCPRC:    0.8709
Precision: 0.7849
Recall:    0.7161
F1-Score:  0.7489
Antisymmetry score:  0.8390
Confusion Matrix:
[[427  94]
 [136 343]]

=== SVM_Linear ===
Accuracy:  75.50 %
AUC:       0.8156
AUCPRC:    0.7902
Precision: 0.7566
Recall:    0.7203
F1-Score:  0.7380
Antisymmetry score:  0.7570
Confusion Matrix:
[[410 111]
 [134 345]]

Saved combined test metrics: /group/pmc021/amunif/epi-thesis/workflow/18_Pairwise Ranking HepG2 REMC/output/combined/test/030-H3K4me3-H3K9ac-H3K9me3-H3K27ac-H3K27me3-seed1011-test-metrics.csv
Saved combined ROC plot: /group/pmc021/amunif/epi-thesis/workflow/18_Pairwise Ranking HepG2 REMC/output/combined/img/roc/030-H3K4me3-H3K9ac-H3K9me3-H3K27ac-H3K27me3-seed1011-roc-combined.png
Saved combined PRC plot: /group/pmc021/amunif/epi-thesis/workflow/18_Pairwise Ranking HepG2 REMC/output/combined/img/prc/030-H3K4me3-H3K9ac-H3K9me3-H3K27ac-H3K27me3-seed1011-prc-combined.png

Finished 030-H3K4me3-H3K9ac-H3K9me3-H3K27ac-H3K27me3 (seed 1011)

Batch FINISHED!!!

Real-time duration: 3109.200142586 seconds
