y_train,y_train_pred
0.0,0.0
0.0,0.0
0.0,0.0
0.0,0.0
0.0,0.0
0.0,0.0
0.0,0.0
0.0,0.0
0.0,0.0
0.0,0.0
0.0,0.0
0.0,0.0
0.0,0.0
0.0,0.0
0.0,0.0
0.0,0.0
0.0,0.0
0.0,0.0
0.0,0.0
0.0,0.0
0.0,0.0
0.0,0.0
0.0,0.0
0.0,0.0
0.0,0.0
0.0,0.0
0.0,0.0
0.0,0.0
0.0,0.0
0.0,0.0
0.0,0.0
0.0,0.0
0.0,0.0
0.0,0.0
0.0,0.0
0.0,0.0
0.0,0.0
0.0,0.0
0.0,0.0
0.0,0.0
0.0,0.0
0.0,0.0
0.0,0.0
0.0,0.0
0.0,0.0
0.0,0.0
0.0,0.0
0.0,0.0
0.0,0.0
0.0,0.0
0.0,0.0
0.0,0.0
0.0,0.0
0.0,0.0
0.0,0.0
0.0,0.0
0.0,0.0
0.0,0.0
0.0,0.0
0.0,0.0
0.0,0.0
0.0,0.0
0.0,0.0
0.0,0.0
0.0,0.0
0.0,0.0
0.0,0.0
0.0,0.0
0.0,0.0
0.0,0.0
0.0,0.0
0.0,0.0
0.0,0.0
0.0,0.0
0.0,0.0
0.0,0.0
0.0,0.0
0.0,0.0
0.0,0.0
0.0,0.0
0.0,0.0
0.0,0.0
0.0,0.0
0.0,0.0
0.0,0.0
0.0,0.0
0.0,0.0
0.0,0.0
0.0,0.0
0.0,0.0
0.0,0.0
0.0,0.0
0.0,0.0
0.0,0.0
0.0,0.0
0.0,0.0
0.0,0.0
0.0,0.0
0.0,0.0
0.0,0.0
0.0,0.0
0.0,0.0
0.0,0.0
0.0,0.0
0.0,0.0
0.0,0.0
0.0,0.0
0.0,0.0
0.0,0.0
0.0,0.0
0.0,0.0
0.0,0.0
0.0,0.0
0.0,0.0
0.0,0.0
0.0,0.0
0.0,0.0
0.0,0.0
0.0,0.0
0.0,0.0
0.0,0.0
0.0,0.0
0.0,0.0
0.0,0.0
0.0,0.0
0.0,0.0
0.0,0.0
0.0,0.0
0.0,0.0
0.0,0.0
0.0,0.0
0.0,0.0
0.0,0.0
0.0,0.0
0.0,0.0
0.0,0.0
0.0,0.0
0.0,0.0
0.0,0.0
0.0,0.0
0.0,0.0
0.0,0.0
0.0,0.0
0.0,0.0
0.0,0.0
0.0,0.0
0.0,0.0
0.0,0.0
0.0,0.0
0.0,0.0
0.0,0.0
0.0,0.0
0.0,0.0
0.0,0.0
0.0,0.0
0.0,0.0
0.0,0.0
0.0,0.0
0.0,0.0
0.0,0.0
0.0,0.0
0.0,0.0
0.0,0.0
0.0,0.0
0.0,0.0
0.0,0.0
0.0,0.0
0.0,0.0
0.0,0.0
0.0,0.0
0.0,0.0
0.0,0.0
0.0,0.0
0.0,0.0
0.0,0.0
0.0,0.0
0.0,0.0
0.0,0.0
0.0,0.0
0.0,0.0
0.0,0.0
0.0,0.0
0.0,0.0
0.0,0.0
0.0,0.0
0.0,0.0
0.0,0.0
0.0,0.0
0.0,0.0
0.0,0.0
0.0,0.0
0.0,0.0
0.0,0.0
0.0,0.0
0.0,0.0
0.0,0.0
0.0,0.0
0.0,0.0
0.0,0.0
0.0,0.0
0.0,0.0
0.0,0.0
0.0,0.0
0.0,0.0
0.0,0.0
0.0,0.0
0.0,0.0
0.0,0.0
0.0,0.0
0.0,0.0
0.0,0.0
0.0,0.0
0.0,0.0
0.0,0.0
0.0,0.0
0.0,0.0
0.0,0.0
0.0,0.0
0.0,0.0
0.0,0.0
0.0,0.0
0.0,0.0
0.0,0.0
0.0,0.0
0.0,0.0
0.0,0.0
0.0,0.0
0.0,0.0
0.0,0.0
0.0,0.0
0.0,0.0
0.0,0.0
0.0,0.0
0.0,0.0
0.0,0.0
0.0,0.0
0.0,0.0
0.0,0.0
0.0,0.0
0.0,0.0
0.0,0.0
0.0,0.0
0.0,0.0
0.0,0.0
0.0,0.0
0.0,0.0
0.0,0.0
0.0,0.0
0.0,0.0
0.0,0.0
0.0,0.0
0.0,0.0
0.0,0.0
0.0,0.0
0.0,0.0
0.0,0.0
0.0,0.0
0.0,0.0
0.0,0.0
0.0,0.0
0.0,0.0
0.0,0.0
0.0,0.0
0.0,0.0
0.0,0.0
0.0,0.0
0.0,0.0
0.0,0.0
0.0,0.0
0.0,0.0
0.0,0.0
0.0,0.0
0.0,0.0
0.0,0.0
0.0,0.0
0.0,0.0
0.0,0.0
0.0,0.0
0.0,0.0
0.0,0.0
0.0,0.0
0.0,0.0
0.0,0.0
0.0,0.0
0.0,0.0
0.0,0.0
0.0,0.0
0.0,0.0
0.0,0.0
0.0,0.0
0.0,0.0
0.0,0.0
0.0,0.0
0.0,0.0
0.0,0.0
0.0,0.0
0.0,0.0
0.0,0.0
0.0,0.0
0.0,0.0
0.0,0.0
0.0,0.0
0.0,0.0
0.0,0.0
0.0,0.0
0.0,0.0
0.0,0.0
0.0,0.0
0.0,0.0
0.0,0.0
0.0,0.0
0.0,0.0
0.0,0.0
0.0,0.0
0.0,0.0
0.0,0.0
0.0,0.0
0.0,0.0
0.0,0.0
0.0,0.0
0.0,0.0
0.0,0.0
0.0,0.0
0.0,0.0
0.0,0.0
0.0,0.0
0.0,0.0
0.0,0.0
0.0,0.0
0.0,0.0
0.0,0.0
0.0,0.0
0.0,0.0
0.0,0.0
0.0,0.0
0.0,0.0
0.0,0.0
0.0,0.0
0.0,0.0
0.0,0.0
0.0,0.0
0.0,0.0
0.0,0.0
0.0,0.0
0.0,0.0
0.0,0.0
0.0,0.0
0.0,0.0
0.0,0.0
0.0,0.0
0.0,0.0
0.0,0.0
0.0,0.0
0.0,0.0
0.0,0.0
0.0,0.0
0.0,0.0
0.0,0.0
0.0,0.0
0.0,0.0
0.0,0.0
0.0,0.0
0.0,0.0
0.0,0.0
0.0,0.0
0.0,0.0
0.0,0.0
0.0,0.0
0.0,0.0
0.0,0.0
0.0,0.0
0.0,0.0
0.0,0.0
0.0,0.0
0.0,0.0
0.0,0.0
0.0,0.0
0.0,0.0
0.0,0.0
0.0,0.0
0.0,0.0
0.0,0.0
0.0,0.0
0.0,0.0
0.0,0.0
0.0,0.0
0.0,0.0
0.0,0.0
0.0,0.0
0.0,0.0
0.0,0.0
0.0,0.0
0.0,0.0
0.0,0.0
0.0,0.0
0.0,0.0
0.0,0.0
0.0,0.0
0.0,0.0
0.0,0.0
0.0,0.0
0.0,0.0
0.0,0.0
0.0,0.0
0.0,0.0
0.0,0.0
0.0,0.0
0.0,0.0
0.0,0.0
0.0,0.0
0.0,0.0
0.0,0.0
0.0,0.0
0.0,0.0
0.0,0.0
0.0,0.0
0.0,0.0
0.0,0.0
0.0,0.0
0.0,0.0
0.0,0.0
0.0,0.0
0.0,0.0
0.0,0.0
0.0,0.0
0.0,0.0
0.0,0.0
0.0,0.0
0.0,0.0
0.0,0.0
0.0,0.0
0.0,0.0
0.0,0.0
0.0,0.0
0.0,0.0
0.0,0.0
0.0,0.0
0.0,0.0
0.0,0.0
0.0,0.0
0.0,0.0
0.0,0.0
0.0,0.0
0.0,0.0
0.0,0.0
0.0,0.0
0.0,0.0
0.0,0.0
0.0,0.0
0.0,0.0
0.0,0.0
0.0,0.0
0.0,0.0
0.0,0.0
0.0,0.0
0.0,0.0
0.0,0.0
0.0,0.0
0.0,0.0
0.0,0.0
0.0,0.0
0.0,0.0
0.0,0.0
0.0,0.0
0.0,0.0
0.0,0.0
0.0,0.0
0.0,0.0
0.0,0.0
0.0,0.0
0.0,0.0
0.0,0.0
0.0,0.0
0.0,0.0
0.0,0.0
0.0,0.0
0.0,0.0
0.0,0.0
0.0,0.0
0.0,0.0
0.0,0.0
0.0,0.0
0.0,0.0
0.0,0.0
0.0,0.0
0.0,0.0
0.0,0.0
0.0,0.0
0.0,0.0
0.0,0.0
0.0,0.0
0.0,0.0
0.0,0.0
0.0,0.0
0.0,0.0
0.0,0.0
0.0,0.0
0.0,0.0
0.0,0.0
0.0,0.0
0.0,0.0
0.0,0.0
0.0,0.0
0.0,0.0
0.0,0.0
0.0,0.0
0.0,0.0
0.0,0.0
0.0,0.0
0.0,0.0
0.0,0.0
0.0,0.0
0.0,0.0
0.0,0.0
0.0,0.0
0.0,0.0
0.0,0.0
0.0,0.0
0.0,0.0
0.0,0.0
0.0,0.0
0.0,0.0
0.0,0.0
0.0,0.0
0.0,0.0
0.0,0.0
0.0,0.0
0.0,0.0
0.0,0.0
0.0,0.0
0.0,0.0
0.0,0.0
0.0,0.0
0.0,0.0
0.0,0.0
0.0,0.0
0.0,0.0
0.0,0.0
0.0,0.0
0.0,0.0
0.0,0.0
0.0,0.0
0.0,0.0
0.0,0.0
0.0,0.0
0.0,0.0
0.0,0.0
0.0,0.0
0.0,0.0
0.0,0.0
0.0,0.0
0.0,0.0
0.0,0.0
0.0,0.0
0.0,0.0
0.0,0.0
0.0,0.0
0.0,0.0
0.0,0.0
0.0,0.0
0.0,0.0
0.0,0.0
0.0,0.0
0.0,0.0
0.0,0.0
0.0,0.0
0.0,0.0
0.0,0.0
0.0,0.0
0.0,0.0
0.0,0.0
0.0,0.0
0.0,0.0
0.0,0.0
0.0,0.0
0.0,0.0
0.0,0.0
0.0,0.0
0.0,0.0
0.0,0.0
0.0,0.0
0.0,0.0
0.0,0.0
0.0,0.0
0.0,0.0
0.0,0.0
0.0,0.0
0.0,0.0
0.0,0.0
0.0,0.0
0.0,0.0
0.0,0.0
0.0,0.0
0.0,0.0
0.0,0.0
0.0,0.0
0.0,0.0
0.0,0.0
0.0,0.0
0.0,0.0
0.0,0.0
0.0,0.0
0.0,0.0
0.0,0.0
0.0,0.0
0.0,0.0
0.0,0.0
0.0,0.0
0.0,0.0
0.0,0.0
0.0,0.0
0.0,0.0
0.0,0.0
0.0,0.0
0.0,0.0
0.0,0.0
0.0,0.0
0.0,0.0
0.0,0.0
0.0,0.0
0.0,0.0
0.0,0.0
0.0,0.0
0.0,0.0
0.0,0.0
0.0,0.0
0.0,0.0
0.0,0.0
0.0,0.0
0.0,0.0
0.0,0.0
0.0,0.0
0.0,0.0
0.0,0.0
0.0,0.0
0.0,0.0
0.0,0.0
0.0,0.0
0.0,0.0
0.0,0.0
0.0,0.0
0.0,0.0
0.0,0.0
0.0,0.0
0.0,0.0
0.0,0.0
0.0,0.0
0.0,0.0
0.0,0.0
0.0,0.0
0.0,0.0
0.0,0.0
0.0,0.0
0.0,0.0
0.0,0.0
0.0,0.0
0.0,0.0
0.0,0.0
0.0,0.0
0.0,0.0
0.0,0.0
0.0,0.0
0.0,0.0
0.0,0.0
0.0,0.0
0.0,0.0
0.0,0.0
0.0,0.0
0.0,0.0
0.0,0.0
0.0,0.0
0.0,0.0
0.0,0.0
0.0,0.0
0.0,0.0
0.0,0.0
0.0,0.0
0.0,0.0
0.0,0.0
0.0,0.0
0.0,0.0
0.0,0.0
0.0,0.0
0.0,0.0
0.0,0.0
0.0,0.0
0.0,0.0
0.0,0.0
0.0,0.0
0.0,0.0
0.0,0.0
0.0,0.0
0.0,0.0
0.0,0.0
0.0,0.0
0.0,0.0
0.0,0.0
0.0,0.0
0.0,0.0
0.0,0.0
0.0,0.0
0.0,0.0
0.0,0.0
0.0,0.0
0.0,0.0
0.0,0.0
0.0,0.0
0.0,0.0
0.0,0.0
0.0,0.0
0.0,0.0
0.0,0.0
0.0,0.0
0.0,0.0
0.0,0.0
0.0,0.0
0.0,0.0
0.0,0.0
0.0,0.0
0.0,0.0
0.0,0.0
0.0,0.0
0.0,0.0
0.0,0.0
0.0,0.0
0.0,0.0
0.0,0.0
0.0,0.0
0.0,0.0
0.0,0.0
0.0,0.0
0.0,0.0
0.0,0.0
0.0,0.0
0.0,0.0
0.0,0.0
0.0,0.0
0.0,0.0
0.0,0.0
0.0,0.0
0.0,0.0
0.0,0.0
0.0,0.0
0.0,0.0
0.0,0.0
0.0,0.0
0.0,0.0
0.0,0.0
0.0,0.0
0.0,0.0
0.0,0.0
0.0,0.0
0.0,0.0
0.0,0.0
0.0,0.0
0.0,0.0
0.0,0.0
0.0,0.0
0.0,0.0
0.0,0.0
0.0,0.0
0.0,0.0
0.0,0.0
0.0,0.0
0.0,0.0
0.0,0.0
0.0,0.0
0.0,0.0
0.0,0.0
0.0,0.0
0.0,0.0
0.0,0.0
0.0,0.0
0.0,0.0
0.0,0.0
0.0,0.0
0.0,0.0
0.0,0.0
0.0,0.0
0.0,0.0
0.0,0.0
0.0,0.0
0.0,0.0
0.0,0.0
0.0,0.0
0.0,0.0
0.0,0.0
0.0,0.0
0.0,0.0
0.0,0.0
0.0,0.0
0.0,0.0
0.0,0.0
0.0,0.0
0.0,0.0
0.0,0.0
0.0,0.0
0.0,0.0
0.0,0.0
0.0,0.0
0.0,0.0
0.0,0.0
0.0,0.0
0.0,0.0
0.0,0.0
0.0,0.0
0.0,0.0
0.0,0.0
0.0,0.0
0.0,0.0
0.0,0.0
0.0,0.0
0.0,0.0
0.0,0.0
0.0,0.0
0.0,0.0
0.0,0.0
0.0,0.0
0.0,0.0
0.0,0.0
0.0,0.0
0.0,0.0
0.0,0.0
0.0,0.0
0.0,0.0
0.0,0.0
0.0,0.0
0.0,0.0
0.0,0.0
0.0,0.0
0.0,0.0
0.0,0.0
0.0,0.0
0.0,0.0
0.0,0.0
0.0,0.0
0.0,0.0
0.0,0.0
0.0,0.0
0.0,0.0
0.0,0.0
0.0,0.0
0.0,0.0
0.0,0.0
0.0,0.0
0.0,0.0
0.0,0.0
0.0,0.0
0.0,0.0
0.0,0.0
0.0,0.0
0.0,0.0
0.0,0.0
0.0,0.0
0.0,0.0
0.0,0.0
0.0,0.0
0.0,0.0
0.0,0.0
0.0,0.0
0.0,0.0
0.0,0.0
0.0,0.0
0.0,0.0
0.0,0.0
0.0,0.0
0.0,0.0
0.0,0.0
0.0,0.0
0.0,0.0
0.0,0.0
0.0,0.0
0.0,0.0
0.0,0.0
0.0,0.0
0.0,0.0
0.0,0.0
0.0,0.0
0.0,0.0
0.0,0.0
0.0,0.0
0.0,0.0
0.0,0.0
0.0,0.0
0.0,0.0
0.0,0.0
0.0,0.0
0.0,0.0
0.0,0.0
0.0,0.0
0.0,0.0
0.0,0.0
0.0,0.0
0.0,0.0
0.0,0.0
0.0,0.0
0.0,0.0
0.0,0.0
0.0,0.0
0.0,0.0
0.0,0.0
0.0,0.0
0.0,0.0
0.0,0.0
0.0,0.0
0.0,0.0
0.0,0.0
0.0,0.0
0.0,0.0
0.0,0.0
0.0,0.0
0.0,0.0
0.0,0.0
0.0,0.0
0.0,0.0
0.0,0.0
0.0,0.0
0.0,0.0
0.0,0.0
0.0,0.0
0.0,0.0
0.0,0.0
0.0,0.0
0.0,0.0
0.0,0.0
0.0,0.0
0.0,0.0
0.0,0.0
0.0,0.0
0.0,0.0
0.0,0.0
0.0,0.0
0.0,0.0
0.0,0.0
0.0,0.0
0.0,0.0
0.0,0.0
0.0,0.0
0.0,0.0
0.0,0.0
0.0,0.0
0.0,0.0
0.0,0.0
0.0,0.0
0.0,0.0
0.0,0.0
0.0,0.0
0.0,0.0
0.0,0.0
0.0,0.0
0.0,0.0
0.0,0.0
0.0,0.0
0.0,0.0
0.0,0.0
0.0,0.0
0.0,0.0
0.0,0.0
0.0,0.0
0.0,0.0
0.0,0.0
0.0,0.0
0.0,0.0
0.0,0.0
0.0,0.0
0.0,0.0
0.0,0.0
0.0,0.0
0.0,0.0
0.0,0.0
0.0,0.0
0.0,0.0
0.0,0.0
0.0,0.0
0.0,0.0
0.0,0.0
0.0,0.0
0.0,0.0
0.0,0.0
0.0,0.0
0.0,0.0
0.0,0.0
0.0,0.0
0.0,0.0
0.0,0.0
0.0,0.0
0.0,0.0
0.0,0.0
0.0,0.0
0.0,0.0
0.0,0.0
0.0,0.0
0.0,0.0
0.0,0.0
0.0,0.0
0.0,0.0
0.0,0.0
0.0,0.0
0.0,0.0
0.0,0.0
0.0,0.0
0.0,0.0
0.0,0.0
0.0,0.0
0.0,0.0
0.0,0.0
0.0,0.0
0.0,0.0
0.0,0.0
0.0,0.0
0.0,0.0
0.0,0.0
0.0,0.0
0.0,0.0
0.0,0.0
0.0,0.0
0.0,0.0
0.0,0.0
0.0,0.0
0.0,0.0
0.0,0.0
0.0,0.0
0.0,0.0
0.0,0.0
0.0,0.0
0.0,0.0
0.0,0.0
0.0,0.0
0.0,0.0
0.0,0.0
0.0,0.0
0.0,0.0
0.0,0.0
0.0,0.0
0.0,0.0
0.0,0.0
0.0,0.0
0.0,0.0
0.0,0.0
0.0,0.0
0.0,0.0
0.0,0.0
0.0,0.0
0.0,0.0
0.0,0.0
0.0,0.0
0.0,0.0
0.0,0.0
0.0,0.0
0.0,0.0
0.0,0.0
0.0,0.0
0.0,0.0
0.0,0.0
0.0,0.0
0.0,0.0
0.0,0.0
0.0,0.0
0.0,0.0
0.0,0.0
0.0,0.0
0.0,0.0
0.0,0.0
0.0,0.0
0.0,0.0
0.0,0.0
0.0,0.0
0.0,0.0
0.0,0.0
0.0,0.0
0.0,0.0
0.0,0.0
0.0,0.0
0.0,0.0
0.0,0.0
0.0,0.0
0.0,0.0
0.0,0.0
0.0,0.0
0.0,0.0
0.0,0.0
0.0,0.0
0.0,0.0
0.0,0.0
0.0,0.0
0.0,0.0
0.0,0.0
0.0,0.0
0.0,0.0
0.0,0.0
0.0,0.0
0.0,0.0
0.0,0.0
0.0,0.0
0.0,0.0
0.0,0.0
0.0,0.0
0.0,0.0
0.0,0.0
0.0,0.0
0.0,0.0
0.0,0.0
0.0,0.0
0.0,0.0
0.0,0.0
0.0,0.0
0.0,0.0
0.0,0.0
0.0,0.0
0.0,0.0
0.0,0.0
0.0,0.0
0.0,0.0
0.0,0.0
0.0,0.0
0.0,0.0
0.0,0.0
0.0,0.0
0.0,0.0
0.0,0.0
0.0,0.0
0.0,0.0
0.0,0.0
0.0,0.0
0.0,0.0
0.0,0.0
0.0,0.0
0.0,0.0
0.0,0.0
0.0,0.0
0.0,0.0
0.0,0.0
0.0,0.0
0.0,0.0
0.0,0.0
0.0,0.0
0.0,0.0
0.0,0.0
0.0,0.0
0.0,0.0
0.0,0.0
0.0,0.0
0.0,0.0
0.0,0.0
0.0,0.0
0.0,0.0
0.0,0.0
0.0,0.0
0.0,0.0
0.0,0.0
0.0,0.0
0.0,0.0
0.0,0.0
0.0,0.0
0.0,0.0
0.0,0.0
0.0,0.0
0.0,0.0
0.0,0.0
0.0,0.0
0.0,0.0
0.0,0.0
0.0,0.0
0.0,0.0
0.0,0.0
0.0,0.0
0.0,0.0
0.0,0.0
0.0,0.0
0.0,0.0
0.0,0.0
0.0,0.0
0.0,0.0
0.0,0.0
0.0,0.0
0.0,0.0
0.0,0.0
0.0,0.0
0.0,0.0
0.0,0.0
0.0,0.0
0.0,0.0
0.0,0.0
0.0,0.0
0.0,0.0
0.0,0.0
0.0,0.0
0.0,0.0
0.0,0.0
0.0,0.0
0.0,0.0
0.0,0.0
0.0,0.0
0.0,0.0
0.0,0.0
0.0,0.0
0.0,0.0
0.0,0.0
0.0,0.0
0.0,0.0
0.0,0.0
0.0,0.0
0.0,0.0
0.0,0.0
0.0,0.0
0.0,0.0
0.0,0.0
0.0,0.0
0.0,0.0
0.0,0.0
0.0,0.0
0.0,0.0
0.0,0.0
0.0,0.0
0.0,0.0
0.0,0.0
0.0,0.0
0.0,0.0
0.0,0.0
0.0,0.0
0.0,0.0
0.0,0.0
0.0,0.0
0.0,0.0
0.0,0.0
0.0,0.0
0.0,0.0
0.0,0.0
0.0,0.0
0.0,0.0
0.0,0.0
0.0,0.0
0.0,0.0
0.0,0.0
0.0,0.0
0.0,0.0
0.0,0.0
0.0,0.0
0.0,0.0
0.0,0.0
0.0,0.0
0.0,0.0
0.0,0.0
0.0,0.0
0.0,0.0
0.0,0.0
0.0,0.0
0.0,0.0
0.0,0.0
0.0,0.0
0.0,0.0
0.0,0.0
0.0,0.0
0.0,0.0
0.0,0.0
0.0,0.0
0.0,0.0
0.0,0.0
0.0,0.0
0.0,0.0
0.0,0.0
0.0,0.0
0.0,0.0
0.0,0.0
0.0,0.0
0.0,0.0
0.0,0.0
0.0,0.0
0.0,0.0
0.0,0.0
0.0,0.0
0.0,0.0
0.0,0.0
0.0,0.0
0.0,0.0
0.0,0.0
0.0,0.0
0.0,0.0
0.0,0.0
0.0,0.0
0.0,0.0
0.0,0.0
0.0,0.0
0.0,0.0
0.0,0.0
0.0,0.0
0.0,0.0
0.0,0.0
0.0,0.0
0.0,0.0
0.0,0.0
0.0,0.0
0.0,0.0
0.0,0.0
0.0,0.0
0.0,0.0
0.0,0.0
0.0,0.0
0.0,0.0
0.0,0.0
0.0,0.0
0.0,0.0
0.0,0.0
0.0,0.0
0.0,0.0
0.0,0.0
0.0,0.0
0.0,0.0
0.0,0.0
0.0,0.0
0.0,0.0
0.0,0.0
0.0,0.0
0.0,0.0
0.0,0.0
0.0,0.0
0.0,0.0
0.0,0.0
0.0,0.0
0.0,0.0
0.0,0.0
0.0,0.0
0.0,0.0
0.0,0.0
0.0,0.0
0.0,0.0
0.0,0.0
0.0,0.0
0.0,0.0
0.0,0.0
0.0,0.0
0.0,0.0
0.0,0.0
0.0,0.0
0.0,0.0
0.0,0.0
0.0,0.0
0.0,0.0
0.0,0.0
0.0,0.0
0.0,0.0
0.0,0.0
0.0,0.0
0.0,0.0
0.0,0.0
0.0,0.0
0.0,0.0
0.0,0.0
0.0,0.0
0.0,0.0
0.0,0.0
0.0,0.0
0.0,0.0
0.0,0.0
0.0,0.0
0.0,0.0
0.0,0.0
0.0,0.0
0.0,0.0
0.0,0.0
0.0,0.0
0.0,0.0
0.0,0.0
0.0,0.0
0.0,0.0
0.0,0.0
0.0,0.0
0.0,0.0
0.0,0.0
0.0,0.0
0.0,0.0
0.0,0.0
0.0,0.0
0.0,0.0
0.0,0.0
0.0,0.0
0.0,0.0
0.0,0.0
0.0,0.0
0.0,0.0
0.0,0.0
0.0,0.0
0.0,0.0
0.0,0.0
0.0,0.0
0.0,0.0
0.0,0.0
0.0,0.0
0.0,0.0
0.0,0.0
0.0,0.0
0.0,0.0
0.0,0.0
0.0,0.0
0.0,0.0
0.0,0.0
0.0,0.0
0.0,0.0
0.0,0.0
0.0,0.0
0.0,0.0
0.0,0.0
0.0,0.0
0.0,0.0
0.0,0.0
0.0,0.0
0.0,0.0
0.0,0.0
0.0,0.0
0.0,0.0
0.0,0.0
0.0,0.0
0.0,0.0
0.0,0.0
0.0,0.0
0.0,0.0
0.0,0.0
0.0,0.0
0.0,0.0
0.0,0.0
0.0,0.0
0.0,0.0
0.0,0.0
0.0,0.0
0.0,0.0
0.0,0.0
0.0,0.0
0.0,0.0
0.0,0.0
0.0,0.0
0.0,0.0
0.0,0.0
0.0,0.0
0.0,0.0
0.0,0.0
0.0,0.0
0.0,0.0
0.0,0.0
0.0,0.0
0.0,0.0
0.0,0.0
0.0,0.0
0.0,0.0
0.0,0.0
0.0,0.0
0.0,0.0
0.0,0.0
0.0,0.0
0.0,0.0
0.0,0.0
0.0,0.0
0.0,0.0
0.0,0.0
0.0,0.0
0.0,0.0
0.0,0.0
0.0,0.0
0.0,0.0
0.0,0.0
0.0,0.0
0.0,0.0
0.0,0.0
0.0,0.0
0.0,0.0
0.0,0.0
0.0,0.0
0.0,0.0
0.0,0.0
0.0,0.0
0.0,0.0
0.0,0.0
0.0,0.0
0.0,0.0
0.0,0.0
0.0,0.0
0.0,0.0
0.0,0.0
0.0,0.0
0.0,0.0
0.0,0.0
0.0,0.0
0.0,0.0
0.0,0.0
0.0,0.0
0.0,0.0
0.0,0.0
0.0,0.0
0.0,0.0
0.0,0.0
0.0,0.0
0.0,0.0
0.0,0.0
0.0,0.0
0.0,0.0
0.0,0.0
0.0,0.0
0.0,0.0
0.0,0.0
0.0,0.0
0.0,0.0
0.0,0.0
0.0,0.0
0.0,0.0
0.0,0.0
0.0,0.0
0.0,0.0
0.0,0.0
0.0,0.0
0.0,0.0
0.0,0.0
0.0,0.0
0.0,0.0
0.0,0.0
0.0,0.0
0.0,0.0
0.0,0.0
0.0,0.0
0.0,0.0
0.0,0.0
0.0,0.0
0.0,0.0
0.0,0.0
0.0,0.0
0.0,0.0
0.0,0.0
0.0,0.0
0.0,0.0
0.0,0.0
0.0,0.0
0.0,0.0
0.0,0.0
0.0,0.0
0.0,0.0
0.0,0.0
0.0,0.0
0.0,0.0
0.0,0.0
0.0,0.0
0.0,0.0
0.0,0.0
0.0,0.0
0.0,0.0
0.0,0.0
0.0,0.0
0.0,0.0
0.0,0.0
0.0,0.0
0.0,0.0
0.0,0.0
0.0,0.0
0.0,0.0
0.0,0.0
0.0,0.0
0.0,0.0
0.0,0.0
0.0,0.0
0.0,0.0
0.0,0.0
0.0,0.0
0.0,0.0
0.0,0.0
0.0,0.0
0.0,0.0
0.0,0.0
0.0,0.0
0.0,0.0
0.0,0.0
0.0,0.0
0.0,0.0
0.0,0.0
0.0,0.0
0.0,0.0
0.0,0.0
0.0,0.0
0.0,0.0
0.0,0.0
0.0,0.0
0.0,0.0
0.0,0.0
0.0,0.0
0.0,0.0
0.0,0.0
0.0,0.0
0.0,0.0
0.0,0.0
0.0,0.0
0.0,0.0
0.0,0.0
0.0,0.0
0.0,0.0
0.0,0.0
0.0,0.0
0.0,0.0
0.0,0.0
0.0,0.0
0.0,0.0
0.0,0.0
0.0,0.0
0.0,0.0
0.0,0.0
0.0,0.0
0.0,0.0
0.0,0.0
0.0,0.0
0.0,0.0
0.0,0.0
0.0,0.0
0.0,0.0
0.0,0.0
0.0,0.0
0.0,0.0
0.0,0.0
0.0,0.0
0.0,0.0
0.0,0.0
0.0,0.0
0.0,0.0
0.0,0.0
0.0,0.0
0.0,0.0
0.0,0.0
0.0,0.0
0.0,0.0
0.0,0.0
0.0,0.0
0.0,0.0
0.0,0.0
0.0,0.0
0.0,0.0
0.0,0.0
0.0,0.0
0.0,0.0
0.0,0.0
0.0,0.0
0.0,0.0
0.0,0.0
0.0,0.0
0.0,0.0
0.0,0.0
0.0,0.0
0.0,0.0
0.0,0.0
0.0,0.0
0.0,0.0
0.0,0.0
0.0,0.0
0.0,0.0
0.0,0.0
0.0,0.0
0.0,0.0
0.0,0.0
0.0,0.0
0.0,0.0
0.0,0.0
0.0,0.0
0.0,0.0
0.0,0.0
0.0,0.0
0.0,0.0
0.0,0.0
0.0,0.0
0.0,0.0
0.0,0.0
0.0,0.0
0.0,0.0
0.0,0.0
0.0,0.0
0.0,0.0
0.0,0.0
0.0,0.0
0.0,0.0
0.0,0.0
0.0,0.0
0.0,0.0
0.0,0.0
0.0,0.0
0.0,0.0
0.0,0.0
0.0,0.0
0.0,0.0
0.0,0.0
0.0,0.0
0.0,0.0
0.0,0.0
0.0,0.0
0.0,0.0
0.0,0.0
0.0,0.0
0.0,0.0
0.0,0.0
0.0,0.0
0.0,0.0
0.0,0.0
0.0,0.0
0.0,0.0
0.0,0.0
0.0,0.0
0.0,0.0
0.0,0.0
0.0,0.0
0.0,0.0
0.0,0.0
0.0,0.0
0.0,0.0
0.0,0.0
0.0,0.0
0.0,0.0
0.0,0.0
0.0,0.0
0.0,0.0
0.0,0.0
0.0,0.0
0.0,0.0
0.0,0.0
0.0,0.0
0.0,0.0
0.0,0.0
0.0,0.0
0.0,0.0
0.0,0.0
0.0,0.0
0.0,0.0
0.0,0.0
0.0,0.0
0.0,0.0
0.0,0.0
0.0,0.0
0.0,0.0
0.0,0.0
0.0,0.0
0.0,0.0
0.0,0.0
0.0,0.0
0.0,0.0
0.0,0.0
0.0,0.0
0.0,0.0
0.0,0.0
0.0,0.0
0.0,0.0
0.0,0.0
0.0,0.0
0.0,0.0
0.0,0.0
0.0,0.0
0.0,0.0
0.0,0.0
0.0,0.0
0.0,0.0
0.0,0.0
0.0,0.0
0.0,0.0
0.0,0.0
0.0,0.0
0.0,0.0
0.0,0.0
0.0,0.0
0.0,0.0
0.0,0.0
0.0,0.0
0.0,0.0
0.0,0.0
0.0,0.0
0.0,0.0
0.0,0.0
0.0,0.0
0.0,0.0
0.0,0.0
0.0,0.0
0.0,0.0
0.0,0.0
0.0,0.0
0.0,0.0
0.0,0.0
0.0,0.0
0.0,0.0
0.0,0.0
0.0,0.0
0.0,0.0
0.0,0.0
0.0,0.0
0.0,0.0
0.0,0.0
0.0,0.0
0.0,0.0
0.0,0.0
0.0,0.0
0.0,0.0
0.0,0.0
0.0,0.0
0.0,0.0
0.0,0.0
0.0,0.0
0.0,0.0
0.0,0.0
0.0,0.0
0.0,0.0
0.0,0.0
0.0,0.0
0.0,0.0
0.0,0.0
0.0,0.0
0.0,0.0
0.0,0.0
0.0,0.0
0.0,0.0
0.0,0.0
0.0,0.0
0.0,0.0
0.0,0.0
0.0,0.0
0.0,0.0
0.0,0.0
0.0,0.0
0.0,0.0
0.0,0.0
0.0,0.0
0.0,0.0
0.0,0.0
0.0,0.0
0.0,0.0
0.0,0.0
0.0,0.0
0.0,0.0
0.0,0.0
0.0,0.0
0.0,0.0
0.0,0.0
0.0,0.0
0.0,0.0
0.0,0.0
0.0,0.0
0.0,0.0
0.0,0.0
0.0,0.0
0.0,0.0
0.0,0.0
0.0,0.0
0.0,0.0
0.0,0.0
0.0,0.0
0.0,0.0
0.0,0.0
0.0,0.0
0.0,0.0
0.0,0.0
0.0,0.0
0.0,0.0
0.0,0.0
0.0,0.0
0.0,0.0
0.0,0.0
0.0,0.0
0.0,0.0
0.0,0.0
0.0,0.0
0.0,0.0
0.0,0.0
0.0,0.0
0.0,0.0
0.0,0.0
0.0,0.0
0.0,0.0
0.0,0.0
0.0,0.0
0.0,0.0
0.0,0.0
0.0,0.0
0.0,0.0
0.0,0.0
0.0,0.0
0.0,0.0
0.0,0.0
0.0,0.0
0.0,0.0
0.0,0.0
0.0,0.0
0.0,0.0
0.0,0.0
0.0,0.0
0.0,0.0
0.0,0.0
0.0,0.0
0.0,0.0
0.0,0.0
0.0,0.0
0.0,0.0
0.0,0.0
0.0,0.0
0.0,0.0
0.0,0.0
0.0,0.0
0.0,0.0
0.0,0.0
0.0,0.0
0.0,0.0
0.0,0.0
0.0,0.0
0.0,0.0
0.0,0.0
0.0,0.0
0.0,0.0
0.0,0.0
0.0,0.0
0.0,0.0
0.0,0.0
0.0,0.0
0.0,0.0
0.0,0.0
0.0,0.0
0.0,0.0
0.0,0.0
0.0,0.0
0.0,0.0
0.0,0.0
0.0,0.0
0.0,0.0
0.0,0.0
0.0,0.0
0.0,0.0
0.0,0.0
0.0,0.0
0.0,0.0
0.0,0.0
0.0,0.0
0.0,0.0
0.0,0.0
0.0,0.0
0.0,0.0
0.0,0.0
0.0,0.0
0.0,0.0
0.0,0.0
0.0,0.0
0.0,0.0
0.0,0.0
0.0,0.0
0.0,0.0
0.0,0.0
0.0,0.0
0.0,0.0
0.0,0.0
0.0,0.0
0.0,0.0
0.0,0.0
0.0,0.0
0.0,0.0
0.0,0.0
0.0,0.0
0.0,0.0
0.0,0.0
0.0,0.0
0.0,0.0
0.0,0.0
0.0,0.0
0.0,0.0
0.0,0.0
0.0,0.0
0.0,0.0
0.0,0.0
0.0,0.0
0.0,0.0
0.0,0.0
0.0,0.0
0.0,0.0
0.0,0.0
0.0,0.0
0.0,0.0
0.0,0.0
0.0,0.0
0.0,0.0
0.0,0.0
0.0,0.0
0.0,0.0
0.0,0.0
0.0,0.0
0.0,0.0
0.0,0.0
0.0,0.0
0.0,0.0
0.0,0.0
0.0,0.0
0.0,0.0
0.0,0.0
0.0,0.0
0.0,0.0
0.0,0.0
0.0,0.0
0.0,0.0
0.0,0.0
0.0,0.0
0.0,0.0
0.0,0.0
0.0,0.0
0.0,0.0
0.0,0.0
0.0,0.0
0.0,0.0
0.0,0.0
0.0,0.0
0.0,0.0
0.0,0.0
0.0,0.0
0.0,0.0
0.0,0.0
0.0,0.0
0.0,0.0
0.0,0.0
0.0,0.0
0.0,0.0
0.0,0.0
0.0,0.0
0.0,0.0
0.0,0.0
0.0,0.0
0.0,0.0
0.0,0.0
0.0,0.0
0.0,0.0
0.0,0.0
0.0,0.0
0.0,0.0
0.0,0.0
0.0,0.0
0.0,0.0
0.0,0.0
0.0,0.0
0.0,0.0
0.0,0.0
0.0,0.0
0.0,0.0
0.0,0.0
0.0,0.0
0.0,0.0
0.0,0.0
0.0,0.0
0.0,0.0
0.0,0.0
0.0,0.0
0.0,0.0
0.0,0.0
0.0,0.0
0.0,0.0
0.0,0.0
0.0,0.0
0.0,0.0
0.0,0.0
0.0,0.0
0.0,0.0
0.0,0.0
0.0,0.0
0.0,0.0
0.0,0.0
0.0,0.0
0.0,0.0
0.0,0.0
0.0,0.0
0.0,0.0
0.0,0.0
0.0,0.0
0.0,0.0
0.0,0.0
0.0,0.0
0.0,0.0
0.0,0.0
0.0,0.0
0.0,0.0
0.0,0.0
0.0,0.0
0.0,0.0
0.0,0.0
0.0,0.0
0.0,0.0
0.0,0.0
0.0,0.0
0.0,0.0
0.0,0.0
0.0,0.0
0.0,0.0
0.0,0.0
0.0,0.0
0.0,0.0
0.0,0.0
0.0,0.0
0.0,0.0
0.0,0.0
0.0,0.0
0.0,0.0
0.0,0.0
0.0,0.0
0.0,0.0
0.0,0.0
0.0,0.0
0.0,0.0
0.0,0.0
0.0,0.0
0.0,0.0
0.0,0.0
0.0,0.0
0.0,0.0
0.0,0.0
0.0,0.0
0.0,0.0
0.0,0.0
0.0,0.0
0.0,0.0
0.0,0.0
0.0,0.0
0.0,0.0
0.0,0.0
0.0,0.0
0.0,0.0
0.0,0.0
0.0,0.0
0.0,0.0
0.0,0.0
0.0,0.0
0.0,0.0
0.0,0.0
0.0,0.0
0.0,0.0
0.0,0.0
0.0,0.0
0.0,0.0
0.0,0.0
0.0,0.0
0.0,0.0
0.0,0.0
0.0,0.0
0.0,0.0
0.0,0.0
0.0,0.0
0.0,0.0
0.0,0.0
0.0,0.0
0.0,0.0
0.0,0.0
0.0,0.0
0.0,0.0
0.0,0.0
0.0,0.0
0.0,0.0
0.0,0.0
0.0,0.0
0.0,0.0
0.0,0.0
0.0,0.0
0.0,0.0
0.0,0.0
0.0,0.0
0.0,0.0
0.0,0.0
0.0,0.0
0.0,0.0
0.0,0.0
0.0,0.0
0.0,0.0
0.0,0.0
0.0,0.0
0.0,0.0
0.0,0.0
0.0,0.0
0.0,0.0
0.0,0.0
0.0,0.0
0.0,0.0
0.0,0.0
0.0,0.0
0.0,0.0
0.0,0.0
0.0,0.0
0.0,0.0
0.0,0.0
0.0,0.0
0.0,0.0
0.0,0.0
0.0,0.0
0.0,0.0
0.0,0.0
0.0,0.0
0.0,0.0
0.0,0.0
0.0,0.0
0.0,0.0
0.0,0.0
0.0,0.0
0.0,0.0
0.0,0.0
0.0,0.0
0.0,0.0
0.0,0.0
0.0,0.0
0.0,0.0
0.0,0.0
0.0,0.0
0.0,0.0
0.0,0.0
0.0,0.0
0.0,0.0
0.0,0.0
0.0,0.0
0.0,0.0
0.0,0.0
0.0,0.0
0.0,0.0
0.0,0.0
0.0,0.0
0.0,0.0
0.0,0.0
0.0,0.0
0.0,0.0
0.0,0.0
0.0,0.0
0.0,0.0
0.0,0.0
0.0,0.0
0.0,0.0
0.0,0.0
0.0,0.0
0.0,0.0
0.0,0.0
0.0,0.0
0.0,0.0
0.0,0.0
0.0,0.0
0.0,0.0
0.0,0.0
0.0,0.0
0.0,0.0
0.0,0.0
0.0,0.0
0.0,0.0
0.0,0.0
0.0,0.0
0.0,0.0
0.0,0.0
0.0,0.0
0.0,0.0
0.0,0.0
0.0,0.0
0.0,0.0
0.0,0.0
0.0,0.0
0.0,0.0
0.0,0.0
0.0,0.0
0.0,0.0
0.0,0.0
0.0,0.0
0.0,0.0
0.0,0.0
0.0,0.0
0.0,0.0
0.0,0.0
0.0,0.0
0.0,0.0
0.0,0.0
0.0,0.0
0.0,0.0
0.0,0.0
0.0,0.0
0.0,0.0
0.0,0.0
0.0,0.0
0.0,0.0
0.0,0.0
0.0,0.0
0.0,0.0
0.0,0.0
0.0,0.0
0.0,0.0
0.0,0.0
0.0,0.0
0.0,0.0
0.0,0.0
0.0,0.0
0.0,0.0
0.0,0.0
0.0,0.0
0.0,0.0
0.0,0.0
0.0,0.0
0.0,0.0
0.0,0.0
0.0,0.0
0.0,0.0
0.0,0.0
0.0,0.0
0.0,0.0
0.0,0.0
0.0,0.0
0.0,0.0
0.0,0.0
0.0,0.0
0.0,0.0
0.0,0.0
0.0,0.0
0.0,0.0
0.0,0.0
0.0,0.0
0.0,0.0
0.0,0.0
0.0,0.0
0.0,0.0
0.0,0.0
0.0,0.0
0.0,0.0
0.0,0.0
0.0,0.0
0.0,0.0
0.0,0.0
0.0,0.0
0.0,0.0
0.0,0.0
0.0,0.0
0.0,0.0
0.0,0.0
0.0,0.0
0.0,0.0
0.0,0.0
0.0,0.0
0.0,0.0
0.0,0.0
0.0,0.0
0.0,0.0
0.0,0.0
0.0,0.0
0.0,0.0
0.0,0.0
0.0,0.0
0.0,0.0
0.0,0.0
0.0,0.0
0.0,0.0
0.0,0.0
0.0,0.0
0.0,0.0
0.0,0.0
0.0,0.0
0.0,0.0
0.0,0.0
0.0,0.0
0.0,0.0
0.0,0.0
0.0,0.0
0.0,0.0
0.0,0.0
0.0,0.0
0.0,0.0
0.0,0.0
0.0,0.0
0.0,0.0
0.0,0.0
0.0,0.0
0.0,0.0
0.0,0.0
0.0,0.0
0.0,0.0
0.0,0.0
0.0,0.0
0.0,0.0
0.0,0.0
0.0,0.0
0.0,0.0
0.0,0.0
0.0,0.0
0.0,0.0
0.0,0.0
0.0,0.0
0.0,0.0
0.0,0.0
0.0,0.0
0.0,0.0
0.0,0.0
0.0,0.0
0.0,0.0
0.0,0.0
0.0,0.0
0.0,0.0
0.0,0.0
0.0,0.0
0.0,0.0
0.0,0.0
0.0,0.0
0.0,0.0
0.0,0.0
0.0,0.0
0.0,0.0
0.0,0.0
0.0,0.0
0.0,0.0
0.0,0.0
0.0,0.0
0.0,0.0
0.0,0.0
0.0,0.0
0.0,0.0
0.0,0.0
0.0,0.0
0.0,0.0
0.0,0.0
0.0,0.0
0.0,0.0
0.0,0.0
0.0,0.0
0.0,0.0
0.0,0.0
0.0,0.0
0.0,0.0
0.0,0.0
0.0,0.0
0.0,0.0
0.0,0.0
0.0,0.0
0.0,0.0
0.0,0.0
0.0,0.0
0.0,0.0
0.0,0.0
0.0,0.0
0.0,0.0
0.0,0.0
0.0,0.0
0.0,0.0
0.0,0.0
0.0,0.0
0.0,0.0
0.0,0.0
0.0,0.0
0.0,0.0
0.0,0.0
0.0,0.0
0.0,0.0
0.0,0.0
0.0,0.0
0.0,0.0
0.0,0.0
0.0,0.0
0.0,0.0
0.0,0.0
0.0,0.0
0.0,0.0
0.0,0.0
0.0,0.0
0.0,0.0
0.0,0.0
0.0,0.0
0.0,0.0
0.0,0.0
0.0,0.0
0.0,0.0
0.0,0.0
0.0,0.0
0.0,0.0
0.0,0.0
0.0,0.0
0.0,0.0
0.0,0.0
0.0,0.0
0.0,0.0
0.0,0.0
0.0,0.0
0.0,0.0
0.0,0.0
0.0,0.0
0.0,0.0
0.0,0.0
0.0,0.0
0.0,0.0
0.0,0.0
0.0,0.0
0.0,0.0
0.0,0.0
0.0,0.0
0.0,0.0
0.0,0.0
0.0,0.0
0.0,0.0
0.0,0.0
0.0,0.0
0.0,0.0
0.0,0.0
0.0,0.0
0.0,0.0
0.0,0.0
0.0,0.0
0.0,0.0
0.0,0.0
0.0,0.0
0.0,0.0
0.0,0.0
0.0,0.0
0.0,0.0
0.0,0.0
0.0,0.0
0.0,0.0
0.0,0.0
0.0,0.0
0.0,0.0
0.0,0.0
0.0,0.0
0.0,0.0
0.0,0.0
0.0,0.0
0.0,0.0
0.0,0.0
0.0,0.0
0.0,0.0
0.0,0.0
0.0,0.0
0.0,0.0
0.0,0.0
0.0,0.0
0.0,0.0
0.0,0.0
0.0,0.0
0.0,0.0
0.0,0.0
0.0,0.0
0.0,0.0
0.0,0.0
0.0,0.0
0.0,0.0
0.0,0.0
0.0,0.0
0.0,0.0
0.0,0.0
0.0,0.0
0.0,0.0
0.0,0.0
0.0,0.0
0.0,0.0
0.0,0.0
0.0,0.0
0.0,0.0
0.0,0.0
0.0,0.0
0.0,0.0
0.0,0.0
0.0,0.0
0.0,0.0
0.0,0.0
0.0,0.0
0.0,0.0
0.0,0.0
0.0,0.0
0.0,0.0
0.0,0.0
0.0,0.0
0.0,0.0
0.0,0.0
0.0,0.0
0.0,0.0
0.0,0.0
0.0,0.0
0.0,0.0
0.0,0.0
0.0,0.0
0.0,0.0
0.0,0.0
0.0,0.0
0.0,0.0
0.0,0.0
0.0,0.0
0.0,0.0
0.0,0.0
0.0,0.0
0.0,0.0
0.0,0.0
0.0,0.0
0.0,0.0
0.0,0.0
0.0,0.0
0.0,0.0
0.0,0.0
0.0,0.0
0.0,0.0
0.0,0.0
0.0,0.0
0.0,0.0
0.0,0.0
0.0,0.0
0.0,0.0
0.0,0.0
0.0,0.0
0.0,0.0
0.0,0.0
0.0,0.0
0.0,0.0
0.0,0.0
0.0,0.0
0.0,0.0
0.0,0.0
0.0,0.0
0.0,0.0
0.0,0.0
0.0,0.0
0.0,0.0
0.0,0.0
0.0,0.0
0.0,0.0
0.0,0.0
0.0,0.0
0.0,0.0
0.0,0.0
0.0,0.0
0.0,0.0
0.0,0.0
0.0,0.0
0.0,0.0
0.0,0.0
0.0,0.0
0.0,0.0
0.0,0.0
0.0,0.0
0.0,0.0
0.0,0.0
0.0,0.0
0.0,0.0
0.0,0.0
0.0,0.0
0.0,0.0
0.0,0.0
0.0,0.0
0.0,0.0
0.0,0.0
0.0,0.0
0.0,0.0
0.0,0.0
0.0,0.0
0.0,0.0
0.0,0.0
0.0,0.0
0.0,0.0
0.0,0.0
0.0,0.0
0.0,0.0
0.0,0.0
0.0,0.0
0.0,0.0
0.0,0.0
0.0,0.0
0.0,0.0
0.0,0.0
0.0,0.0
0.0,0.0
0.0,0.0
0.0,0.0
0.0,0.0
0.0,0.0
0.0,0.0
0.0,0.0
0.0,0.0
0.0,0.0
0.0,0.0
0.0,0.0
0.0,0.0
0.0,0.0
0.0,0.0
0.0,0.0
0.0,0.0
0.0,0.0
0.0,0.0
0.0,0.0
0.0,0.0
0.0,0.0
0.0,0.0
0.0,0.0
0.0,0.0
0.0,0.0
0.0,0.0
0.0,0.0
0.0,0.0
0.0,0.0
0.0,0.0
0.0,0.0
0.0,0.0
0.0,0.0
0.0,0.0
0.0,0.0
0.0,0.0
0.0,0.0
0.0,0.0
0.0,0.0
0.0,0.0
0.0,0.0
0.0,0.0
0.0,0.0
0.0,0.0
0.0,0.0
0.0,0.0
0.0,0.0
0.0,0.0
0.0,0.0
0.0,0.0
0.0,0.0
0.0,0.0
0.0,0.0
0.0,0.0
0.0,0.0
0.0,0.0
0.0,0.0
0.0,0.0
0.0,0.0
0.0,0.0
0.0,0.0
0.0,0.0
0.0,0.0
0.0,0.0
0.0,0.0
0.0,0.0
0.0,0.0
0.0,0.0
0.0,0.0
0.0,0.0
0.0,0.0
0.0,0.0
0.0,0.0
0.0,0.0
0.0,0.0
0.0,0.0
0.0,0.0
0.0,0.0
0.0,0.0
0.0,0.0
0.0,0.0
0.0,0.0
0.0,0.0
0.0,0.0
0.0,0.0
0.0,0.0
0.0,0.0
0.0,0.0
0.0,0.0
0.0,0.0
0.0,0.0
0.0,0.0
0.0,0.0
0.0,0.0
0.0,0.0
0.0,0.0
0.0,0.0
0.0,0.0
0.0,0.0
0.0,0.0
0.0,0.0
0.0,0.0
0.0,0.0
0.0,0.0
0.0,0.0
0.0,0.0
0.0,0.0
0.0,0.0
0.0,0.0
0.0,0.0
0.0,0.0
0.0,0.0
0.0,0.0
0.0,0.0
0.0,0.0
0.0,0.0
0.0,0.0
0.0,0.0
0.0,0.0
0.0,0.0
0.0,0.0
0.0,0.0
0.0,0.0
0.0,0.0
0.0,0.0
0.0,0.0
0.0,0.0
0.0,0.0
0.0,0.0
0.0,0.0
0.0,0.0
0.0,0.0
0.0,0.0
0.0,0.0
0.0,0.0
0.0,0.0
0.0,0.0
0.0,0.0
0.0,0.0
0.0,0.0
0.0,0.0
0.0,0.0
0.0,0.0
0.0,0.0
0.0,0.0
0.0,0.0
0.0,0.0
0.0,0.0
0.0,0.0
0.0,0.0
0.0,0.0
0.0,0.0
0.0,0.0
0.0,0.0
0.0,0.0
0.0,0.0
0.0,0.0
0.0,0.0
0.0,0.0
0.0,0.0
0.0,0.0
0.0,0.0
0.0,0.0
0.0,0.0
0.0,0.0
0.0,0.0
0.0,0.0
0.0,0.0
0.0,0.0
0.0,0.0
0.0,0.0
0.0,0.0
0.0,0.0
0.0,0.0
0.0,0.0
0.0,0.0
0.0,0.0
0.0,0.0
0.0,0.0
0.0,0.0
0.0,0.0
0.0,0.0
0.0,0.0
0.0,0.0
0.0,0.0
0.0,0.0
0.0,0.0
0.0,0.0
0.0,0.0
0.0,0.0
0.0,0.0
0.0,0.0
0.0,0.0
0.0,0.0
0.0,0.0
0.0,0.0
0.0,0.0
0.0,0.0
0.0,0.0
0.0,0.0
0.0,0.0
0.0,0.0
0.0,0.0
0.0,0.0
0.0,0.0
0.0,0.0
0.0,0.0
0.0,0.0
0.0,0.0
0.0,0.0
0.0,0.0
0.0,0.0
0.0,0.0
0.0,0.0
0.0,0.0
0.0,0.0
0.0,0.0
0.0,0.0
0.0,0.0
0.0,0.0
0.0,0.0
0.0,0.0
0.0,0.0
0.0,0.0
0.0,0.0
0.0,0.0
0.0,0.0
0.0,0.0
0.0,0.0
0.0,0.0
0.0,0.0
0.0,0.0
0.0,0.0
0.0,0.0
0.0,0.0
0.0,0.0
0.0,0.0
0.0,0.0
0.0,0.0
0.0,0.0
0.0,0.0
0.0,0.0
0.0,0.0
0.0,0.0
0.0,0.0
0.0,0.0
0.0,0.0
0.0,0.0
0.0,0.0
0.0,0.0
0.0,0.0
0.0,0.0
0.0,0.0
0.0,0.0
0.0,0.0
0.0,0.0
0.0,0.0
0.0,0.0
0.0,0.0
0.0,0.0
0.0,0.0
0.0,0.0
0.0,0.0
0.0,0.0
0.0,0.0
0.0,0.0
0.0,0.0
0.0,0.0
0.0,0.0
0.0,0.0
0.0,0.0
0.0,0.0
0.0,0.0
0.0,0.0
0.0,0.0
0.0,0.0
0.0,0.0
0.0,0.0
0.0,0.0
0.0,0.0
0.0,0.0
0.0,0.0
0.0,0.0
0.0,0.0
0.0,0.0
0.0,0.0
0.0,0.0
0.0,0.0
0.0,0.0
0.0,0.0
0.0,0.0
0.0,0.0
0.0,0.0
0.0,0.0
0.0,0.0
0.0,0.0
0.0,0.0
0.0,0.0
0.0,0.0
0.0,0.0
0.0,0.0
0.0,0.0
0.0,0.0
0.0,0.0
0.0,0.0
0.0,0.0
0.0,0.0
0.0,0.0
0.0,0.0
0.0,0.0
0.0,0.0
0.0,0.0
0.0,0.0
0.0,0.0
0.0,0.0
0.0,0.0
0.0,0.0
0.0,0.0
0.0,0.0
0.0,0.0
0.0,0.0
0.0,0.0
0.0,0.0
0.0,0.0
0.0,0.0
0.0,0.0
0.0,0.0
0.0,0.0
0.0,0.0
0.0,0.0
0.0,0.0
0.0,0.0
0.0,0.0
0.0,0.0
0.0,0.0
0.0,0.0
0.0,0.0
0.0,0.0
0.0,0.0
0.0,0.0
0.0,0.0
0.0,0.0
0.0,0.0
0.0,0.0
0.0,0.0
0.0,0.0
0.0,0.0
0.0,0.0
0.0,0.0
0.0,0.0
0.0,0.0
0.0,0.0
0.0,0.0
0.0,0.0
0.0,0.0
0.0,0.0
0.0,0.0
0.0,0.0
0.0,0.0
0.0,0.0
0.0,0.0
0.0,0.0
0.0,0.0
0.0,0.0
0.0,0.0
0.0,0.0
0.0,0.0
0.0,0.0
0.0,0.0
0.0,0.0
0.0,0.0
0.0,0.0
0.0,0.0
0.0,0.0
0.0,0.0
0.0,0.0
0.0,0.0
0.0,0.0
0.0,0.0
0.0,0.0
0.0,0.0
0.0,0.0
0.0,0.0
0.0,0.0
0.0,0.0
0.0,0.0
0.0,0.0
0.0,0.0
0.0,0.0
0.0,0.0
0.0,0.0
0.0,0.0
0.0,0.0
0.0,0.0
0.0,0.0
0.0,0.0
0.0,0.0
0.0,0.0
0.0,0.0
0.0,0.0
0.0,0.0
0.0,0.0
0.0,0.0
0.0,0.0
0.0,0.0
0.0,0.0
0.0,0.0
0.0,0.0
0.0,0.0
0.0,0.0
0.0,0.0
0.0,0.0
0.0,0.0
0.0,0.0
0.0,0.0
0.0,0.0
0.0,0.0
0.0,0.0
0.0,0.0
0.0,0.0
0.0,0.0
0.0,0.0
0.0,0.0
0.0,0.0
0.0,0.0
0.0,0.0
0.0,0.0
0.0,0.0
0.0,0.0
0.0,0.0
0.0,0.0
0.0,0.0
0.0,0.0
0.0,0.0
0.0,0.0
0.0,0.0
0.0,0.0
0.0,0.0
0.0,0.0
0.0,0.0
0.0,0.0
0.0,0.0
0.0,0.0
0.0,0.0
0.0,0.0
0.0,0.0
0.0,0.0
0.0,0.0
0.0,0.0
0.0,0.0
0.0,0.0
0.0,0.0
0.0,0.0
0.0,0.0
0.0,0.0
0.0,0.0
0.0,0.0
0.0,0.0
0.0,0.0
0.0,0.0
0.0,0.0
0.0,0.0
0.0,0.0
0.0,0.0
0.0,0.0
0.0,0.0
0.0,0.0
0.0,0.0
0.0,0.0
0.0,0.0
0.0,0.0
0.0,0.0
0.0,0.0
0.0,0.0
0.0,0.0
0.0,0.0
0.0,0.0
0.0,0.0
0.0,0.0
0.0,0.0
0.0,0.0
0.0,0.0
0.0,0.0
0.0,0.0
0.0,0.0
0.0,0.0
0.0,0.0
0.0,0.0
0.0,0.0
0.0,0.0
0.0,0.0
0.0,0.0
0.0,0.0
0.0,0.0
0.0,0.0
0.0,0.0
0.0,0.0
0.0,0.0
0.0,0.0
0.0,0.0
0.0,0.0
0.0,0.0
0.0,0.0
0.0,0.0
0.0,0.0
0.0,0.0
0.0,0.0
0.0,0.0
0.0,0.0
0.0,0.0
0.0,0.0
0.0,0.0
0.0,0.0
0.0,0.0
0.0,0.0
0.0,0.0
0.0,0.0
0.0,0.0
0.0,0.0
0.0,0.0
0.0,0.0
0.0,0.0
0.0,0.0
0.0,0.0
0.0,0.0
0.0,0.0
0.0,0.0
0.0,0.0
0.0,0.0
0.0,0.0
0.0,0.0
0.0,0.0
0.0,0.0
0.0,0.0
0.0,0.0
0.0,0.0
0.0,0.0
0.0,0.0
0.0,0.0
0.0,0.0
0.0,0.0
0.0,0.0
0.0,0.0
0.0,0.0
0.0,0.0
0.0,0.0
0.0,0.0
0.0,0.0
0.0,0.0
0.0,0.0
0.0,0.0
0.0,0.0
0.0,0.0
0.0,0.0
0.0,0.0
0.0,0.0
0.0,0.0
0.0,0.0
0.0,0.0
0.0,0.0
0.0,0.0
0.0,0.0
0.0,0.0
0.0,0.0
0.0,0.0
0.0,0.0
0.0,0.0
0.0,0.0
0.0,0.0
0.0,0.0
0.0,0.0
0.0,0.0
0.0,0.0
0.0,0.0
0.0,0.0
0.0,0.0
0.0,0.0
0.0,0.0
0.0,0.0
0.0,0.0
0.0,0.0
0.0,0.0
0.0,0.0
0.0,0.0
0.0,0.0
0.0,0.0
0.0,0.0
0.0,0.0
0.0,0.0
0.0,0.0
0.0,0.0
0.0,0.0
0.0,0.0
0.0,0.0
0.0,0.0
0.0,0.0
0.0,0.0
0.0,0.0
0.0,0.0
0.0,0.0
0.0,0.0
0.0,0.0
0.0,0.0
0.0,0.0
0.0,0.0
0.0,0.0
0.0,0.0
0.0,0.0
0.0,0.0
0.0,0.0
0.0,0.0
0.0,0.0
0.0,0.0
0.0,0.0
0.0,0.0
0.0,0.0
0.0,0.0
0.0,0.0
0.0,0.0
0.0,0.0
0.0,0.0
0.0,0.0
0.0,0.0
0.0,0.0
0.0,0.0
0.0,0.0
0.0,0.0
0.0,0.0
0.0,0.0
0.0,0.0
0.0,0.0
0.0,0.0
0.0,0.0
0.0,0.0
0.0,0.0
0.0,0.0
0.0,0.0
0.0,0.0
0.0,0.0
0.0,0.0
0.0,0.0
0.0,0.0
0.0,0.0
0.0,0.0
0.0,0.0
0.0,0.0
0.0,0.0
0.0,0.0
0.0,0.0
0.0,0.0
0.0,0.0
0.0,0.0
0.0,0.0
0.0,0.0
0.0,0.0
0.0,0.0
0.0,0.0
0.0,0.0
0.0,0.0
0.0,0.0
0.0,0.0
0.0,0.0
0.0,0.0
0.0,0.0
0.0,0.0
0.0,0.0
0.0,0.0
0.0,0.0
0.0,0.0
0.0,0.0
0.0,0.0
0.0,0.0
0.0,0.0
0.0,0.0
0.0,0.0
0.0,0.0
0.0,0.0
0.0,0.0
0.0,0.0
0.0,0.0
0.0,0.0
0.0,0.0
0.0,0.0
0.0,0.0
0.0,0.0
0.0,0.0
0.0,0.0
0.0,0.0
0.0,0.0
0.0,0.0
0.0,0.0
0.0,0.0
0.0,0.0
0.0,0.0
0.0,0.0
0.0,0.0
0.0,0.0
0.0,0.0
0.0,0.0
0.0,0.0
0.0,0.0
0.0,0.0
0.0,0.0
0.0,0.0
0.0,0.0
0.0,0.0
0.0,0.0
0.0,0.0
0.0,0.0
0.0,0.0
0.0,0.0
0.0,0.0
0.0,0.0
0.0,0.0
0.0,0.0
0.0,0.0
0.0,0.0
0.0,0.0
0.0,0.0
0.0,0.0
0.0,0.0
0.0,0.0
0.0,0.0
0.0,0.0
0.0,0.0
0.0,0.0
0.0,0.0
0.0,0.0
0.0,0.0
0.0,0.0
0.0,0.0
0.0,0.0
0.0,0.0
0.0,0.0
0.0,0.0
0.0,0.0
0.0,0.0
0.0,0.0
0.0,0.0
0.0,0.0
0.0,0.0
0.0,0.0
0.0,0.0
0.0,0.0
0.0,0.0
0.0,0.0
0.0,0.0
0.0,0.0
0.0,0.0
0.0,0.0
0.0,0.0
0.0,0.0
0.0,0.0
0.0,0.0
0.0,0.0
0.0,0.0
0.0,0.0
0.0,0.0
0.0,0.0
0.0,0.0
0.0,0.0
0.0,0.0
0.0,0.0
0.0,0.0
0.0,0.0
0.0,0.0
0.0,0.0
0.0,0.0
0.0,0.0
0.0,0.0
0.0,0.0
0.0,0.0
0.0,0.0
0.0,0.0
0.0,0.0
0.0,0.0
0.0,0.0
0.0,0.0
0.0,0.0
0.0,0.0
0.0,0.0
0.0,0.0
0.0,0.0
0.0,0.0
0.0,0.0
0.0,0.0
0.0,0.0
0.0,0.0
0.0,0.0
0.0,0.0
0.0,0.0
0.0,0.0
0.0,0.0
0.0,0.0
0.0,0.0
0.0,0.0
0.0,0.0
0.0,0.0
0.0,0.0
0.0,0.0
0.0,0.0
0.0,0.0
0.0,0.0
0.0,0.0
0.0,0.0
0.0,0.0
0.0,0.0
0.0,0.0
0.0,0.0
0.0,0.0
0.0,0.0
0.0,0.0
0.0,0.0
0.0,0.0
0.0,0.0
0.0,0.0
0.0,0.0
0.0,0.0
0.0,0.0
0.0,0.0
0.0,0.0
0.0,0.0
0.0,0.0
0.0,0.0
0.0,0.0
0.0,0.0
0.0,0.0
0.0,0.0
0.0,0.0
0.0,0.0
0.0,0.0
0.0,0.0
0.0,0.0
0.0,0.0
0.0,0.0
0.0,0.0
0.0,0.0
0.0,0.0
0.0,0.0
0.0,0.0
0.0,0.0
0.0,0.0
0.0,0.0
0.0,0.0
0.0,0.0
0.0,0.0
0.0,0.0
0.0,0.0
0.0,0.0
0.0,0.0
0.0,0.0
0.0,0.0
0.0,0.0
0.0,0.0
0.0,0.0
0.0,0.0
0.0,0.0
0.0,0.0
0.0,0.0
0.0,0.0
0.0,0.0
0.0,0.0
0.0,0.0
0.0,0.0
0.0,0.0
0.0,0.0
0.0,0.0
0.0,0.0
0.0,0.0
0.0,0.0
0.0,0.0
0.0,0.0
0.0,0.0
0.0,0.0
0.0,0.0
0.0,0.0
0.0,0.0
0.0,0.0
0.0,0.0
0.0,0.0
0.0,0.0
0.0,0.0
0.0,0.0
0.0,0.0
0.0,0.0
0.0,0.0
0.0,0.0
0.0,0.0
0.0,0.0
0.0,0.0
0.0,0.0
0.0,0.0
0.0,0.0
0.0,0.0
0.0,0.0
0.0,0.0
0.0,0.0
0.0,0.0
0.0,0.0
0.0,0.0
0.0,0.0
0.0,0.0
0.0,0.0
0.0,0.0
0.0,0.0
0.0,0.0
0.0,0.0
0.0,0.0
0.0,0.0
0.0,0.0
0.0,0.0
0.0,0.0
0.0,0.0
0.0,0.0
0.0,0.0
0.0,0.0
0.0,0.0
0.0,0.0
0.0,0.0
0.0,0.0
0.0,0.0
0.0,0.0
0.0,0.0
0.0,0.0
0.0,0.0
0.0,0.0
0.0,0.0
0.0,0.0
0.0,0.0
0.0,0.0
0.0,0.0
0.0,0.0
0.0,0.0
0.0,0.0
0.0,0.0
0.0,0.0
0.0,0.0
0.0,0.0
0.0,0.0
0.0,0.0
0.0,0.0
0.0,0.0
0.0,0.0
0.0,0.0
0.0,0.0
0.0,0.0
0.0,0.0
0.0,0.0
0.0,0.0
0.0,0.0
0.0,0.0
0.0,0.0
0.0,0.0
0.0,0.0
0.0,0.0
0.0,0.0
0.0,0.0
0.0,0.0
0.0,0.0
0.0,0.0
0.0,0.0
0.0,0.0
0.0,0.0
0.0,0.0
0.0,0.0
0.0,0.0
0.0,0.0
0.0,0.0
0.0,0.0
0.0,0.0
0.0,0.0
0.0,0.0
0.0,0.0
0.0,0.0
0.0,0.0
0.0,0.0
0.0,0.0
0.0,0.0
0.0,0.0
0.0,0.0
0.0,0.0
0.0,0.0
0.0,0.0
0.0,0.0
0.0,0.0
0.0,0.0
0.0,0.0
0.0,0.0
0.0,0.0
0.0,0.0
0.0,0.0
0.0,0.0
0.0,0.0
0.0,0.0
0.0,0.0
0.0,0.0
0.0,0.0
0.0,0.0
0.0,0.0
0.0,0.0
0.0,0.0
0.0,0.0
0.0,0.0
0.0,0.0
0.0,0.0
0.0,0.0
0.0,0.0
0.0,0.0
0.0,0.0
0.0,0.0
0.0,0.0
0.0,0.0
0.0,0.0
0.0,0.0
0.0,0.0
0.0,0.0
0.0,0.0
0.0,0.0
0.0,0.0
0.0,0.0
0.0,0.0
0.0,0.0
0.0,0.0
0.0,0.0
0.0,0.0
0.0,0.0
0.0,0.0
0.0,0.0
0.0,0.0
0.0,0.0
0.0,0.0
0.0,0.0
0.0,0.0
0.0,0.0
0.0,0.0
0.0,0.0
0.0,0.0
0.0,0.0
0.0,0.0
0.0,0.0
0.0,0.0
0.0,0.0
0.0,0.0
0.0,0.0
0.0,0.0
0.0,0.0
0.0,0.0
0.0,0.0
0.0,0.0
0.0,0.0
0.0,0.0
0.0,0.0
0.0,0.0
0.0,0.0
0.0,0.0
0.0,0.0
0.0,0.0
0.0,0.0
0.0,0.0
0.0,0.0
0.0,0.0
0.0,0.0
0.0,0.0
0.0,0.0
0.0,0.0
0.0,0.0
0.0,0.0
0.0,0.0
0.0,0.0
0.0,0.0
0.0,0.0
0.0,0.0
0.0,0.0
0.0,0.0
0.0,0.0
0.0,0.0
0.0,0.0
0.0,0.0
0.0,0.0
0.0,0.0
0.0,0.0
0.0,0.0
0.0,0.0
0.0,0.0
0.0,0.0
0.0,0.0
0.0,0.0
0.0,0.0
0.0,0.0
0.0,0.0
0.0,0.0
0.0,0.0
0.0,0.0
0.0,0.0
0.0,0.0
0.0,0.0
0.0,0.0
0.0,0.0
0.0,0.0
0.0,0.0
0.0,0.0
0.0,0.0
0.0,0.0
0.0,0.0
0.0,0.0
0.0,0.0
0.0,0.0
0.0,0.0
0.0,0.0
0.0,0.0
0.0,0.0
0.0,0.0
0.0,0.0
0.0,0.0
0.0,0.0
0.0,0.0
0.0,0.0
0.0,0.0
0.0,0.0
0.0,0.0
0.0,0.0
0.0,0.0
0.0,0.0
0.0,0.0
0.0,0.0
0.0,0.0
0.0,0.0
0.0,0.0
0.0,0.0
0.0,0.0
0.0,0.0
0.0,0.0
0.0,0.0
0.0,0.0
0.0,0.0
0.0,0.0
0.0,0.0
0.0,0.0
0.0,0.0
0.0,0.0
0.0,0.0
0.0,0.0
0.0,0.0
0.0,0.0
0.0,0.0
0.0,0.0
0.0,0.0
0.0,0.0
0.0,0.0
0.0,0.0
0.0,0.0
0.0,0.0
0.0,0.0
0.0,0.0
0.0,0.0
0.0,0.0
0.0,0.0
0.0,0.0
0.0,0.0
0.0,0.0
0.0,0.0
0.0,0.0
0.0,0.0
0.0,0.0
0.0,0.0
0.0,0.0
0.0,0.0
0.0,0.0
0.0,0.0
0.0,0.0
0.0,0.0
0.0,0.0
0.0,0.0
0.0,0.0
0.0,0.0
0.0,0.0
0.0,0.0
0.0,0.0
0.0,0.0
0.0,0.0
0.0,0.0
0.0,0.0
0.0,0.0
0.0,0.0
0.0,0.0
0.0,0.0
0.0,0.0
0.0,0.0
0.0,0.0
0.0,0.0
0.0,0.0
0.0,0.0
0.0,0.0
0.0,0.0
0.0,0.0
0.0,0.0
0.0,0.0
0.0,0.0
0.0,0.0
0.0,0.0
0.0,0.0
0.0,0.0
0.0,0.0
0.0,0.0
0.0,0.0
0.0,0.0
0.0,0.0
0.0,0.0
0.0,0.0
0.0,0.0
0.0,0.0
0.0,0.0
0.0,0.0
0.0,0.0
0.0,0.0
0.0,0.0
0.0,0.0
0.0,0.0
0.0,0.0
0.0,0.0
0.0,0.0
0.0,0.0
0.0,0.0
0.0,0.0
0.0,0.0
0.0,0.0
0.0,0.0
0.0,0.0
0.0,0.0
0.0,0.0
0.0,0.0
0.0,0.0
0.0,0.0
0.0,0.0
0.0,0.0
0.0,0.0
0.0,0.0
0.0,0.0
0.0,0.0
0.0,0.0
0.0,0.0
0.0,0.0
0.0,0.0
0.0,0.0
0.0,0.0
0.0,0.0
0.0,0.0
0.0,0.0
0.0,0.0
0.0,0.0
0.0,0.0
0.0,0.0
0.0,0.0
0.0,0.0
0.0,0.0
0.0,0.0
0.0,0.0
0.0,0.0
0.0,0.0
0.0,0.0
0.0,0.0
0.0,0.0
0.0,0.0
0.0,0.0
0.0,0.0
0.0,0.0
0.0,0.0
0.0,0.0
0.0,0.0
0.0,0.0
0.0,0.0
0.0,0.0
0.0,0.0
0.0,0.0
0.0,0.0
0.0,0.0
0.0,0.0
0.0,0.0
0.0,0.0
0.0,0.0
0.0,0.0
0.0,0.0
0.0,0.0
0.0,0.0
0.0,0.0
0.0,0.0
0.0,0.0
0.0,0.0
0.0,0.0
0.0,0.0
0.0,0.0
0.0,0.0
0.0,0.0
0.0,0.0
0.0,0.0
0.0,0.0
0.0,0.0
0.0,0.0
0.0,0.0
0.0,0.0
0.0,0.0
0.0,0.0
0.0,0.0
0.0,0.0
0.0,0.0
0.0,0.0
0.0,0.0
0.0,0.0
0.0,0.0
0.0,0.0
0.0,0.0
0.0,0.0
0.0,0.0
0.0,0.0
0.0,0.0
0.0,0.0
0.0,0.0
0.0,0.0
0.0,0.0
0.0,0.0
0.0,0.0
0.0,0.0
0.0,0.0
0.0,0.0
0.0,0.0
0.0,0.0
0.0,0.0
0.0,0.0
0.0,0.0
0.0,0.0
0.0,0.0
0.0,0.0
0.0,0.0
0.0,0.0
0.0,0.0
0.0,0.0
0.0,0.0
0.0,0.0
0.0,0.0
0.0,0.0
0.0,0.0
0.0,0.0
0.0,0.0
0.0,0.0
0.0,0.0
0.0,0.0
0.0,0.0
0.0,0.0
0.0,0.0
0.0,0.0
0.0,0.0
0.0,0.0
0.0,0.0
0.0,0.0
0.0,0.0
0.0,0.0
0.0,0.0
0.0,0.0
0.0,0.0
0.0,0.0
0.0,0.0
0.0,0.0
0.0,0.0
0.0,0.0
0.0,0.0
0.0,0.0
0.0,0.0
0.0,0.0
0.0,0.0
0.0,0.0
0.0,0.0
0.0,0.0
0.0,0.0
0.0,0.0
0.0,0.0
0.0,0.0
0.0,0.0
0.0,0.0
0.0,0.0
0.0,0.0
0.0,0.0
0.0,0.0
0.0,0.0
0.0,0.0
0.0,0.0
0.0,0.0
0.0,0.0
0.0,0.0
0.0,0.0
0.0,0.0
0.0,0.0
0.0,0.0
0.0,0.0
0.0,0.0
0.0,0.0
0.0,0.0
0.0,0.0
0.0,0.0
0.0,0.0
0.0,0.0
0.0,0.0
0.0,0.0
0.0,0.0
0.0,0.0
0.0,0.0
0.0,0.0
0.0,0.0
0.0,0.0
0.0,0.0
0.0,0.0
0.0,0.0
0.0,0.0
0.0,0.0
0.0,0.0
0.0,0.0
0.0,0.0
0.0,0.0
0.0,0.0
0.0,0.0
0.0,0.0
0.0,0.0
0.0,0.0
0.0,0.0
0.0,0.0
0.0,0.0
0.0,0.0
0.0,0.0
0.0,0.0
0.0,0.0
0.0,0.0
0.0,0.0
0.0,0.0
0.0,0.0
0.0,0.0
0.0,0.0
0.0,0.0
0.0,0.0
0.0,0.0
0.0,0.0
0.0,0.0
0.0,0.0
0.0,0.0
0.0,0.0
0.0,0.0
0.0,0.0
0.0,0.0
0.0,0.0
0.0,0.0
0.0,0.0
0.0,0.0
0.0,0.0
0.0,0.0
0.0,0.0
6.86187e-06,6.86187e-06
4.03233e-05,4.03233e-05
5.1345e-05,5.1345e-05
0.000327993,0.000327993
0.000339296,0.000339296
0.000367701,0.000367701
0.00218881,0.00218881
0.00236083,0.00236083
0.00263626,0.00263626
0.0031855,0.0031855
0.00328886,0.00328886
0.00353253,0.00353253
0.00357453,0.00357453
0.00361873,0.00361873
0.00379472,0.00379472
0.00388787,0.00388787
0.00392943,0.00392943
0.00412802,0.00412802
0.00413217,0.00413217
0.00413612,0.00413612
0.00429083,0.00429083
0.0043153,0.0043153
0.00433382,0.00433382
0.00453811,0.00453811
0.00472057,0.00472057
0.00480986,0.00480986
0.00485317,0.00485317
0.0048556,0.0048556
0.00490303,0.00490303
0.00498756,0.00498756
0.00507226,0.00507226
0.0050737,0.0050737
0.00511306,0.00511306
0.00512238,0.00512238
0.00530669,0.00530669
0.00532618,0.00532618
0.00540989,0.00540989
0.00557799,0.00557799
0.00570185,0.00570185
0.00571813,0.00571813
0.00574544,0.00574544
0.00575578,0.00575578
0.0057677,0.0057677
0.00583353,0.00583353
0.00590337,0.00590337
0.00590605,0.00590605
0.0059639,0.0059639
0.00596473,0.00596473
0.00607313,0.00607313
0.00610409,0.00610409
0.00612407,0.00612407
0.006161,0.006161
0.00635723,0.00635723
0.00636721,0.00636721
0.00641776,0.00641776
0.0065704,0.0065704
0.00668393,0.00668393
0.00669868,0.00669868
0.006789,0.006789
0.00683605,0.00683605
0.00683674,0.00683674
0.00684528,0.00684528
0.00691066,0.00691066
0.00692642,0.00692642
0.00692932,0.00692932
0.00696989,0.00696989
0.00697378,0.00697378
0.0070681,0.0070681
0.00708418,0.00708418
0.00720244,0.00720244
0.00730332,0.00730332
0.00732287,0.00732287
0.00734836,0.00734836
0.00736899,0.00736899
0.00751281,0.00751281
0.00757005,0.00757005
0.0076011,0.0076011
0.00760631,0.00760631
0.00760718,0.00760718
0.00767109,0.00767109
0.00768744,0.00768744
0.00775797,0.00775797
0.00779217,0.00779217
0.00780787,0.00780787
0.00786319,0.00786319
0.0079527,0.0079527
0.00802383,0.00802383
0.00805205,0.00805205
0.00806127,0.00806127
0.00807543,0.00807543
0.00808029,0.00808029
0.00810393,0.00810393
0.00811492,0.00811492
0.0081748,0.0081748
0.00820536,0.00820536
0.00823366,0.00823366
0.00824332,0.00824332
0.00825468,0.00825468
0.00832832,0.00832832
0.00833422,0.00833422
0.00837214,0.00837214
0.0083861,0.0083861
0.00840599,0.00840599
0.00844904,0.00844904
0.008585,0.008585
0.00866662,0.00866662
0.00867621,0.00867621
0.00871303,0.00871303
0.00874122,0.00874122
0.00878863,0.00878863
0.00881279,0.00881279
0.00882739,0.00882739
0.00883951,0.00883951
0.00884019,0.00884019
0.00887881,0.00887881
0.00898059,0.00898059
0.00899176,0.00899176
0.00899691,0.00899691
0.00905393,0.00905393
0.00914135,0.00914135
0.00916474,0.00916474
0.00916865,0.00916865
0.00927739,0.00927739
0.00929197,0.00929197
0.00930226,0.00930226
0.00932824,0.00932824
0.00935215,0.00935215
0.00946479,0.00946479
0.00956374,0.00956374
0.0095824,0.0095824
0.00959419,0.00959419
0.00961352,0.00961352
0.00964664,0.00964664
0.00964872,0.00964872
0.00973541,0.00973541
0.00973858,0.00973858
0.00986553,0.00986553
0.00986858,0.00986858
0.00997185,0.00997185
0.0100121,0.0100121
0.0100148,0.0100148
0.0100227,0.0100227
0.0100411,0.0100411
0.0100428,0.0100428
0.010088,0.010088
0.0101261,0.0101261
0.0101273,0.0101273
0.0101568,0.0101568
0.0102744,0.0102744
0.0103208,0.0103208
0.0103819,0.0103819
0.010401,0.010401
0.0104026,0.0104026
0.0104218,0.0104218
0.0104296,0.0104296
0.0104508,0.0104508
0.0104634,0.0104634
0.0104638,0.0104638
0.0104653,0.0104653
0.0105002,0.0105002
0.0105037,0.0105037
0.0105221,0.0105221
0.010561,0.010561
0.0105662,0.0105662
0.0105764,0.0105764
0.0105817,0.0105817
0.0106149,0.0106149
0.01066,0.01066
0.0107011,0.0107011
0.0107023,0.0107023
0.010742,0.010742
0.0108633,0.0108633
0.0108653,0.0108653
0.0108675,0.0108675
0.0108776,0.0108776
0.0109018,0.0109018
0.0109431,0.0109431
0.0109566,0.0109566
0.0109604,0.0109604
0.0109718,0.0109718
0.0109827,0.0109827
0.0109864,0.0109864
0.0110203,0.0110203
0.0110245,0.0110245
0.0110302,0.0110302
0.0110928,0.0110928
0.011101,0.011101
0.0111464,0.0111464
0.0111792,0.0111792
0.0111961,0.0111961
0.0112075,0.0112075
0.0113768,0.0113768
0.0114603,0.0114603
0.0114788,0.0114788
0.0115303,0.0115303
0.0115644,0.0115644
0.0115695,0.0115695
0.0116914,0.0116914
0.0117334,0.0117334
0.0117433,0.0117433
0.0117752,0.0117752
0.0117757,0.0117757
0.0117783,0.0117783
0.0118156,0.0118156
0.0118743,0.0118743
0.0118779,0.0118779
0.0118933,0.0118933
0.0119285,0.0119285
0.0119841,0.0119841
0.0120224,0.0120224
0.0120289,0.0120289
0.0120871,0.0120871
0.0121537,0.0121537
0.0121924,0.0121924
0.0122253,0.0122253
0.0122363,0.0122363
0.012238,0.012238
0.0122473,0.0122473
0.012278,0.012278
0.0123155,0.0123155
0.0123648,0.0123648
0.0123709,0.0123709
0.0123896,0.0123896
0.0123982,0.0123982
0.0124043,0.0124043
0.0124074,0.0124074
0.0124682,0.0124682
0.0125551,0.0125551
0.0125586,0.0125586
0.0125627,0.0125627
0.0125835,0.0125835
0.0126119,0.0126119
0.01262,0.01262
0.0126236,0.0126236
0.0126407,0.0126407
0.01267,0.01267
0.0126721,0.0126721
0.0126779,0.0126779
0.0126881,0.0126881
0.0126912,0.0126912
0.0126937,0.0126937
0.0126944,0.0126944
0.0127124,0.0127124
0.0127135,0.0127135
0.012716,0.012716
0.012808,0.012808
0.0128129,0.0128129
0.0128726,0.0128726
0.0129072,0.0129072
0.0129305,0.0129305
0.0129911,0.0129911
0.0130207,0.0130207
0.0130336,0.0130336
0.0130588,0.0130588
0.0130855,0.0130855
0.0131004,0.0131004
0.0131354,0.0131354
0.0131487,0.0131487
0.0131697,0.0131697
0.0131872,0.0131872
0.0131925,0.0131925
0.0132117,0.0132117
0.0132588,0.0132588
0.0132794,0.0132794
0.0133143,0.0133143
0.013317,0.013317
0.0134073,0.0134073
0.0134182,0.0134182
0.0134532,0.0134532
0.013454,0.013454
0.0134632,0.0134632
0.0134822,0.0134822
0.013505,0.013505
0.0135177,0.0135177
0.013548,0.013548
0.0136227,0.0136227
0.0136762,0.0136762
0.0136813,0.0136813
0.0137033,0.0137033
0.0137091,0.0137091
0.0137095,0.0137095
0.0137361,0.0137361
0.0137685,0.0137685
0.0138797,0.0138797
0.0139038,0.0139038
0.0139217,0.0139217
0.0139357,0.0139357
0.0139526,0.0139526
0.0140005,0.0140005
0.0140637,0.0140637
0.014177,0.014177
0.0141945,0.0141945
0.0142478,0.0142478
0.014271,0.014271
0.0142892,0.0142892
0.0142934,0.0142934
0.0143126,0.0143126
0.014327,0.014327
0.0143878,0.0143878
0.0143901,0.0143901
0.014401,0.014401
0.0144449,0.0144449
0.014475,0.014475
0.0145016,0.0145016
0.0145047,0.0145047
0.0145336,0.0145336
0.0145706,0.0145706
0.0145785,0.0145785
0.0145899,0.0145899
0.0146014,0.0146014
0.0146036,0.0146036
0.0146069,0.0146069
0.014625,0.014625
0.0146291,0.0146291
0.0146776,0.0146776
0.0147185,0.0147185
0.0147194,0.0147194
0.0148117,0.0148117
0.0148387,0.0148387
0.0148971,0.0148971
0.0149331,0.0149331
0.0149743,0.0149743
0.0149761,0.0149761
0.0149931,0.0149931
0.0150614,0.0150614
0.0150878,0.0150878
0.0151055,0.0151055
0.0151398,0.0151398
0.0151472,0.0151472
0.0151807,0.0151807
0.0153356,0.0153356
0.0153647,0.0153647
0.0153815,0.0153815
0.0153961,0.0153961
0.0153997,0.0153997
0.0154132,0.0154132
0.0154171,0.0154171
0.0154189,0.0154189
0.0155102,0.0155102
0.0155516,0.0155516
0.0155566,0.0155566
0.0155692,0.0155692
0.0155778,0.0155778
0.0155962,0.0155962
0.0156218,0.0156218
0.0156339,0.0156339
0.0156373,0.0156373
0.0156562,0.0156562
0.0156633,0.0156633
0.0156715,0.0156715
0.0157039,0.0157039
0.0157141,0.0157141
0.0158524,0.0158524
0.0158908,0.0158908
0.0158971,0.0158971
0.0159109,0.0159109
0.0159229,0.0159229
0.0159444,0.0159444
0.0159735,0.0159735
0.0160101,0.0160101
0.0160861,0.0160861
0.0161076,0.0161076
0.016118,0.016118
0.0161194,0.0161194
0.0161592,0.0161592
0.0161861,0.0161861
0.0161967,0.0161967
0.0162028,0.0162028
0.0162162,0.0162162
0.0162229,0.0162229
0.0162317,0.0162317
0.0162431,0.0162431
0.0162433,0.0162433
0.0162714,0.0162714
0.0162918,0.0162918
0.0163062,0.0163062
0.0163727,0.0163727
0.0164465,0.0164465
0.0164529,0.0164529
0.0164971,0.0164971
0.0165863,0.0165863
0.0166473,0.0166473
0.0166872,0.0166872
0.0167446,0.0167446
0.0167524,0.0167524
0.0167694,0.0167694
0.0167702,0.0167702
0.0167724,0.0167724
0.016778,0.016778
0.016778,0.016778
0.0168296,0.0168296
0.0168339,0.0168339
0.0168345,0.0168345
0.0168941,0.0168941
0.0169032,0.0169032
0.0169503,0.0169503
0.0169662,0.0169662
0.016984,0.016984
0.0169936,0.0169936
0.0170318,0.0170318
0.0170585,0.0170585
0.0170874,0.0170874
0.0170887,0.0170887
0.0171162,0.0171162
0.0171991,0.0171991
0.0172128,0.0172128
0.0172373,0.0172373
0.0173308,0.0173308
0.0173851,0.0173851
0.0173895,0.0173895
0.0174018,0.0174018
0.0174285,0.0174285
0.0174318,0.0174318
0.0174459,0.0174459
0.017464,0.017464
0.0174847,0.0174847
0.0175253,0.0175253
0.0175394,0.0175394
0.0175443,0.0175443
0.0175958,0.0175958
0.0176207,0.0176207
0.0176443,0.0176443
0.0176474,0.0176474
0.0176487,0.0176487
0.0176532,0.0176532
0.0177207,0.0177207
0.0177495,0.0177495
0.0177513,0.0177513
0.0178473,0.0178473
0.0178514,0.0178514
0.017859,0.017859
0.0179047,0.0179047
0.0179345,0.0179345
0.0179741,0.0179741
0.0179901,0.0179901
0.0180207,0.0180207
0.0180303,0.0180303
0.0180422,0.0180422
0.0180479,0.0180479
0.0180594,0.0180594
0.0180879,0.0180879
0.0181138,0.0181138
0.0181193,0.0181193
0.0182024,0.0182024
0.0182262,0.0182262
0.018257,0.018257
0.018341,0.018341
0.0183421,0.0183421
0.0184333,0.0184333
0.0184449,0.0184449
0.0184641,0.0184641
0.0184828,0.0184828
0.0185188,0.0185188
0.0185423,0.0185423
0.0185577,0.0185577
0.0186081,0.0186081
0.0186084,0.0186084
0.018648,0.018648
0.0186586,0.0186586
0.0186832,0.0186832
0.0186963,0.0186963
0.0187744,0.0187744
0.0187744,0.0187744
0.0188296,0.0188296
0.0188633,0.0188633
0.0189361,0.0189361
0.0189604,0.0189604
0.0189819,0.0189819
0.0190208,0.0190208
0.0190223,0.0190223
0.0190519,0.0190519
0.0192044,0.0192044
0.019213,0.019213
0.0192345,0.0192345
0.0192427,0.0192427
0.0193289,0.0193289
0.0193434,0.0193434
0.0193813,0.0193813
0.0193864,0.0193864
0.0194222,0.0194222
0.0194531,0.0194531
0.0194534,0.0194534
0.0194613,0.0194613
0.0194959,0.0194959
0.0195011,0.0195011
0.0195521,0.0195521
0.019555,0.019555
0.0195763,0.0195763
0.0196105,0.0196105
0.0196267,0.0196267
0.0196327,0.0196327
0.0197545,0.0197545
0.0197567,0.0197567
0.0197874,0.0197874
0.0198062,0.0198062
0.0198133,0.0198133
0.0198191,0.0198191
0.0198202,0.0198202
0.0198227,0.0198227
0.0198446,0.0198446
0.0198536,0.0198536
0.0198657,0.0198657
0.0200258,0.0200258
0.0201361,0.0201361
0.0202203,0.0202203
0.0202205,0.0202205
0.0202461,0.0202461
0.02025,0.02025
0.0202781,0.0202781
0.0203082,0.0203082
0.0203489,0.0203489
0.0203532,0.0203532
0.0203818,0.0203818
0.0205435,0.0205435
0.0205611,0.0205611
0.0206002,0.0206002
0.020618,0.020618
0.0206278,0.0206278
0.0206621,0.0206621
0.0206646,0.0206646
0.0207707,0.0207707
0.0207901,0.0207901
0.0208542,0.0208542
0.0208603,0.0208603
0.0209033,0.0209033
0.0209403,0.0209403
0.0209447,0.0209447
0.0209604,0.0209604
0.0209738,0.0209738
0.0210097,0.0210097
0.0210194,0.0210194
0.0210448,0.0210448
0.0210909,0.0210909
0.0211071,0.0211071
0.0211106,0.0211106
0.021113,0.021113
0.0211649,0.0211649
0.021166,0.021166
0.0211757,0.0211757
0.0212106,0.0212106
0.0212215,0.0212215
0.0212548,0.0212548
0.0212999,0.0212999
0.0213089,0.0213089
0.0213508,0.0213508
0.0213519,0.0213519
0.0213581,0.0213581
0.0214133,0.0214133
0.0214268,0.0214268
0.0214629,0.0214629
0.0214723,0.0214723
0.0214782,0.0214782
0.0214958,0.0214958
0.0215312,0.0215312
0.0215572,0.0215572
0.0215975,0.0215975
0.0216639,0.0216639
0.0216873,0.0216873
0.021705,0.021705
0.0217105,0.0217105
0.0217221,0.0217221
0.0217999,0.0217999
0.0218374,0.0218374
0.0218479,0.0218479
0.0219448,0.0219448
0.0219525,0.0219525
0.0219575,0.0219575
0.021961,0.021961
0.0219642,0.0219642
0.0219655,0.0219655
0.0220269,0.0220269
0.0220372,0.0220372
0.0220383,0.0220383
0.0220421,0.0220421
0.0220725,0.0220725
0.0220776,0.0220776
0.0220891,0.0220891
0.0221142,0.0221142
0.0221229,0.0221229
0.0221257,0.0221257
0.0221484,0.0221484
0.0221529,0.0221529
0.0221842,0.0221842
0.0222064,0.0222064
0.0222134,0.0222134
0.0222204,0.0222204
0.022237,0.022237
0.0222479,0.0222479
0.0222586,0.0222586
0.0222699,0.0222699
0.022313,0.022313
0.0223268,0.0223268
0.022369,0.022369
0.0224526,0.0224526
0.0224547,0.0224547
0.0224556,0.0224556
0.0224868,0.0224868
0.0224938,0.0224938
0.0225315,0.0225315
0.0225444,0.0225444
0.0225525,0.0225525
0.0226111,0.0226111
0.0226374,0.0226374
0.0226403,0.0226403
0.022673,0.022673
0.0226954,0.0226954
0.0227273,0.0227273
0.0227434,0.0227434
0.0228214,0.0228214
0.0228675,0.0228675
0.0228734,0.0228734
0.0228741,0.0228741
0.0229089,0.0229089
0.0229189,0.0229189
0.0229381,0.0229381
0.0229641,0.0229641
0.0229689,0.0229689
0.0230133,0.0230133
0.0230356,0.0230356
0.0230774,0.0230774
0.0230882,0.0230882
0.0231005,0.0231005
0.0231124,0.0231124
0.0231881,0.0231881
0.0231969,0.0231969
0.0232837,0.0232837
0.0232924,0.0232924
0.0234041,0.0234041
0.0234646,0.0234646
0.0235549,0.0235549
0.0235682,0.0235682
0.0236023,0.0236023
0.0236038,0.0236038
0.0236038,0.0236038
0.0236457,0.0236457
0.0236888,0.0236888
0.0237032,0.0237032
0.0237487,0.0237487
0.0237853,0.0237853
0.0238001,0.0238001
0.0238135,0.0238135
0.0238505,0.0238505
0.0238568,0.0238568
0.023882,0.023882
0.0239599,0.0239599
0.0240347,0.0240347
0.0240531,0.0240531
0.0241012,0.0241012
0.0242326,0.0242326
0.0243009,0.0243009
0.0243204,0.0243204
0.024356,0.024356
0.0243693,0.0243693
0.0243736,0.0243736
0.024396,0.024396
0.0244235,0.0244235
0.0244278,0.0244278
0.0244364,0.0244364
0.0244386,0.0244386
0.0244453,0.0244453
0.0244684,0.0244684
0.0244809,0.0244809
0.0245126,0.0245126
0.0245227,0.0245227
0.0245652,0.0245652
0.0246004,0.0246004
0.0246216,0.0246216
0.0246383,0.0246383
0.0247339,0.0247339
0.0247727,0.0247727
0.0248524,0.0248524
0.0249441,0.0249441
0.0250148,0.0250148
0.0250695,0.0250695
0.0250986,0.0250986
0.0251358,0.0251358
0.0251359,0.0251359
0.0251578,0.0251578
0.0251593,0.0251593
0.025222,0.025222
0.0252579,0.0252579
0.0252895,0.0252895
0.0254098,0.0254098
0.0254356,0.0254356
0.0254483,0.0254483
0.0254854,0.0254854
0.0255319,0.0255319
0.0256138,0.0256138
0.0256659,0.0256659
0.0256987,0.0256987
0.0257441,0.0257441
0.0257749,0.0257749
0.0257964,0.0257964
0.0258179,0.0258179
0.0258409,0.0258409
0.0258678,0.0258678
0.0259697,0.0259697
0.0259796,0.0259796
0.0259812,0.0259812
0.0260002,0.0260002
0.0260608,0.0260608
0.0260798,0.0260798
0.0260902,0.0260902
0.0260972,0.0260972
0.0261162,0.0261162
0.0261254,0.0261254
0.0261468,0.0261468
0.0261903,0.0261903
0.0261993,0.0261993
0.0262279,0.0262279
0.0262574,0.0262574
0.0263074,0.0263074
0.0263083,0.0263083
0.0263327,0.0263327
0.0263379,0.0263379
0.0263495,0.0263495
0.0263761,0.0263761
0.0263781,0.0263781
0.0264059,0.0264059
0.0264222,0.0264222
0.0264339,0.0264339
0.0264548,0.0264548
0.0264659,0.0264659
0.0265067,0.0265067
0.0265131,0.0265131
0.0265414,0.0265414
0.0265559,0.0265559
0.0265756,0.0265756
0.0265841,0.0265841
0.0265851,0.0265851
0.0266416,0.0266416
0.0268357,0.0268357
0.0268366,0.0268366
0.0268512,0.0268512
0.026868,0.026868
0.0269443,0.0269443
0.0269707,0.0269707
0.0270327,0.0270327
0.0270571,0.0270571
0.0270743,0.0270743
0.027082,0.027082
0.0271285,0.0271285
0.0271321,0.0271321
0.0271757,0.0271757
0.027219,0.027219
0.0272456,0.0272456
0.0273185,0.0273185
0.0273614,0.0273614
0.0274508,0.0274508
0.0274527,0.0274527
0.027453,0.027453
0.0274811,0.0274811
0.0274851,0.0274851
0.0274872,0.0274872
0.0275434,0.0275434
0.0275588,0.0275588
0.0275719,0.0275719
0.027591,0.027591
0.0276208,0.0276208
0.0276267,0.0276267
0.0276413,0.0276413
0.0276603,0.0276603
0.0278073,0.0278073
0.0278917,0.0278917
0.0279625,0.0279625
0.0279681,0.0279681
0.0279739,0.0279739
0.0279926,0.0279926
0.0280649,0.0280649
0.0281096,0.0281096
0.0281125,0.0281125
0.0281296,0.0281296
0.0281779,0.0281779
0.0282102,0.0282102
0.0283075,0.0283075
0.0283798,0.0283798
0.0283879,0.0283879
0.0284012,0.0284012
0.0284184,0.0284184
0.0284257,0.0284257
0.0284757,0.0284757
0.0285012,0.0285012
0.0285022,0.0285022
0.0285195,0.0285195
0.0285535,0.0285535
0.0285713,0.0285713
0.0285757,0.0285757
0.0286426,0.0286426
0.0287167,0.0287167
0.0287865,0.0287865
0.0288431,0.0288431
0.0289025,0.0289025
0.0289172,0.0289172
0.0289529,0.0289529
0.0289539,0.0289539
0.0289597,0.0289597
0.0290253,0.0290253
0.0290352,0.0290352
0.029057,0.029057
0.0290701,0.0290701
0.0291165,0.0291165
0.0291227,0.0291227
0.0293181,0.0293181
0.0293579,0.0293579
0.0293719,0.0293719
0.0294058,0.0294058
0.0294072,0.0294072
0.0294347,0.0294347
0.0294551,0.0294551
0.0295001,0.0295001
0.0295758,0.0295758
0.0295856,0.0295856
0.0296009,0.0296009
0.0296404,0.0296404
0.0296726,0.0296726
0.0296782,0.0296782
0.0297015,0.0297015
0.0297197,0.0297197
0.0297383,0.0297383
0.0297975,0.0297975
0.029801,0.029801
0.0298017,0.0298017
0.0298213,0.0298213
0.0298953,0.0298953
0.0298962,0.0298962
0.0299033,0.0299033
0.029949,0.029949
0.0299826,0.0299826
0.0300559,0.0300559
0.0300605,0.0300605
0.0300674,0.0300674
0.0301525,0.0301525
0.0301766,0.0301766
0.030252,0.030252
0.0303057,0.0303057
0.0303503,0.0303503
0.0303929,0.0303929
0.0304184,0.0304184
0.0304211,0.0304211
0.0304338,0.0304338
0.0304709,0.0304709
0.0305259,0.0305259
0.0305768,0.0305768
0.0306126,0.0306126
0.0307666,0.0307666
0.030774,0.030774
0.0307897,0.0307897
0.0308131,0.0308131
0.0308414,0.0308414
0.030858,0.030858
0.0308697,0.0308697
0.0308958,0.0308958
0.0309322,0.0309322
0.0309561,0.0309561
0.0309796,0.0309796
0.0309948,0.0309948
0.0310379,0.0310379
0.031047,0.031047
0.0310628,0.0310628
0.0311339,0.0311339
0.0312093,0.0312093
0.0314092,0.0314092
0.031474,0.031474
0.0315748,0.0315748
0.0316807,0.0316807
0.0317196,0.0317196
0.0317417,0.0317417
0.0317711,0.0317711
0.031804,0.031804
0.0318162,0.0318162
0.0318572,0.0318572
0.0319017,0.0319017
0.0319036,0.0319036
0.0319278,0.0319278
0.0319726,0.0319726
0.0319741,0.0319741
0.031998,0.031998
0.0320489,0.0320489
0.0321298,0.0321298
0.0321666,0.0321666
0.0322007,0.0322007
0.0322104,0.0322104
0.0322283,0.0322283
0.0322286,0.0322286
0.0323107,0.0323107
0.0323319,0.0323319
0.0323338,0.0323338
0.0323348,0.0323348
0.0323586,0.0323586
0.0323811,0.0323811
0.0323885,0.0323885
0.0323968,0.0323968
0.0324436,0.0324436
0.0324437,0.0324437
0.0324739,0.0324739
0.0324955,0.0324955
0.0326091,0.0326091
0.0326644,0.0326644
0.0327047,0.0327047
0.0327177,0.0327177
0.0327912,0.0327912
0.0328138,0.0328138
0.0328706,0.0328706
0.0328968,0.0328968
0.0329041,0.0329041
0.0329288,0.0329288
0.0329641,0.0329641
0.0329746,0.0329746
0.0331224,0.0331224
0.0332459,0.0332459
0.0333222,0.0333222
0.0334164,0.0334164
0.0335017,0.0335017
0.0335382,0.0335382
0.0335812,0.0335812
0.0336126,0.0336126
0.0336164,0.0336164
0.0336373,0.0336373
0.0336482,0.0336482
0.0336751,0.0336751
0.0336952,0.0336952
0.0337605,0.0337605
0.0338456,0.0338456
0.0338607,0.0338607
0.0339202,0.0339202
0.033962,0.033962
0.0339982,0.0339982
0.0340256,0.0340256
0.034144,0.034144
0.0342283,0.0342283
0.0342383,0.0342383
0.0342395,0.0342395
0.0342983,0.0342983
0.034299,0.034299
0.0343245,0.0343245
0.0343921,0.0343921
0.0344133,0.0344133
0.0344196,0.0344196
0.0345038,0.0345038
0.0345443,0.0345443
0.0345581,0.0345581
0.0345896,0.0345896
0.0346563,0.0346563
0.0347552,0.0347552
0.0347835,0.0347835
0.0347881,0.0347881
0.0347934,0.0347934
0.0348319,0.0348319
0.0348965,0.0348965
0.0349014,0.0349014
0.0349215,0.0349215
0.0349237,0.0349237
0.0349618,0.0349618
0.0349655,0.0349655
0.0349693,0.0349693
0.0349824,0.0349824
0.0350043,0.0350043
0.035062,0.035062
0.0351588,0.0351588
0.0351924,0.0351924
0.0352722,0.0352722
0.0353766,0.0353766
0.0354006,0.0354006
0.0354119,0.0354119
0.0354723,0.0354723
0.0354768,0.0354768
0.0354778,0.0354778
0.0355143,0.0355143
0.0355344,0.0355344
0.0355729,0.0355729
0.0355736,0.0355736
0.0356115,0.0356115
0.0357039,0.0357039
0.0357071,0.0357071
0.0357724,0.0357724
0.0358678,0.0358678
0.0358715,0.0358715
0.0359843,0.0359843
0.0359983,0.0359983
0.0359998,0.0359998
0.0360348,0.0360348
0.0360482,0.0360482
0.036109,0.036109
0.0361145,0.0361145
0.0361485,0.0361485
0.0361536,0.0361536
0.0361774,0.0361774
0.0362016,0.0362016
0.0362284,0.0362284
0.0362418,0.0362418
0.0362784,0.0362784
0.0362957,0.0362957
0.0363102,0.0363102
0.0363331,0.0363331
0.0363376,0.0363376
0.0363594,0.0363594
0.0363941,0.0363941
0.0364445,0.0364445
0.0365124,0.0365124
0.0365394,0.0365394
0.0367065,0.0367065
0.0367822,0.0367822
0.0367926,0.0367926
0.0368765,0.0368765
0.0368987,0.0368987
0.0370189,0.0370189
0.0370218,0.0370218
0.0370426,0.0370426
0.0371211,0.0371211
0.0372031,0.0372031
0.0372422,0.0372422
0.03728,0.03728
0.0373142,0.0373142
0.0373148,0.0373148
0.0373925,0.0373925
0.0374623,0.0374623
0.0375261,0.0375261
0.0375363,0.0375363
0.0375493,0.0375493
0.037566,0.037566
0.0375974,0.0375974
0.0376099,0.0376099
0.0376121,0.0376121
0.0376408,0.0376408
0.037736,0.037736
0.0378234,0.0378234
0.037876,0.037876
0.037917,0.037917
0.0379598,0.0379598
0.0379612,0.0379612
0.037977,0.037977
0.0381498,0.0381498
0.0382119,0.0382119
0.0382284,0.0382284
0.0382753,0.0382753
0.0383494,0.0383494
0.038365,0.038365
0.0384244,0.0384244
0.0384701,0.0384701
0.0384895,0.0384895
0.0384907,0.0384907
0.0385103,0.0385103
0.0385326,0.0385326
0.0385982,0.0385982
0.0386073,0.0386073
0.03872,0.03872
0.038756,0.038756
0.0388604,0.0388604
0.0388675,0.0388675
0.038988,0.038988
0.0390327,0.0390327
0.0390394,0.0390394
0.0390588,0.0390588
0.0390604,0.0390604
0.0390648,0.0390648
0.0391393,0.0391393
0.0391751,0.0391751
0.0392231,0.0392231
0.0392239,0.0392239
0.0392876,0.0392876
0.0393173,0.0393173
0.0393669,0.0393669
0.0393917,0.0393917
0.0394029,0.0394029
0.0394935,0.0394935
0.0395057,0.0395057
0.0396767,0.0396767
0.0397342,0.0397342
0.0397683,0.0397683
0.0397736,0.0397736
0.0398024,0.0398024
0.0398572,0.0398572
0.0399267,0.0399267
0.039932,0.039932
0.0399496,0.0399496
0.0399567,0.0399567
0.0399717,0.0399717
0.0399721,0.0399721
0.0399908,0.0399908
0.0400535,0.0400535
0.0400613,0.0400613
0.0400971,0.0400971
0.0401409,0.0401409
0.0401582,0.0401582
0.040207,0.040207
0.0402137,0.0402137
0.04027,0.04027
0.0403582,0.0403582
0.0403607,0.0403607
0.0404362,0.0404362
0.0405151,0.0405151
0.0405724,0.0405724
0.0406262,0.0406262
0.0406318,0.0406318
0.0407019,0.0407019
0.040753,0.040753
0.0407668,0.0407668
0.0407804,0.0407804
0.040789,0.040789
0.0408511,0.0408511
0.0408579,0.0408579
0.0409038,0.0409038
0.040904,0.040904
0.040939,0.040939
0.0409444,0.0409444
0.0409998,0.0409998
0.0410295,0.0410295
0.0410429,0.0410429
0.041083,0.041083
0.041158,0.041158
0.0411764,0.0411764
0.0412174,0.0412174
0.0413353,0.0413353
0.0413769,0.0413769
0.0413947,0.0413947
0.041404,0.041404
0.0414705,0.0414705
0.0414775,0.0414775
0.0415193,0.0415193
0.0415295,0.0415295
0.0415461,0.0415461
0.0415572,0.0415572
0.0415987,0.0415987
0.0416263,0.0416263
0.0416267,0.0416267
0.041632,0.041632
0.0416413,0.0416413
0.0416443,0.0416443
0.0416772,0.0416772
0.041683,0.041683
0.041684,0.041684
0.0416894,0.0416894
0.0416929,0.0416929
0.0417007,0.0417007
0.0417134,0.0417134
0.0417242,0.0417242
0.0417447,0.0417447
0.0417562,0.0417562
0.0418147,0.0418147
0.0418957,0.0418957
0.0419033,0.0419033
0.0419176,0.0419176
0.0419589,0.0419589
0.0419795,0.0419795
0.0420161,0.0420161
0.0420308,0.0420308
0.0420607,0.0420607
0.0420718,0.0420718
0.0420966,0.0420966
0.0422013,0.0422013
0.0423201,0.0423201
0.0423925,0.0423925
0.0424993,0.0424993
0.042523,0.042523
0.0425362,0.0425362
0.0426157,0.0426157
0.0426991,0.0426991
0.0427096,0.0427096
0.0427537,0.0427537
0.0428877,0.0428877
0.0429488,0.0429488
0.0429781,0.0429781
0.0430212,0.0430212
0.043094,0.043094
0.0431546,0.0431546
0.043218,0.043218
0.0432428,0.0432428
0.043272,0.043272
0.0434299,0.0434299
0.0434396,0.0434396
0.0434497,0.0434497
0.0435128,0.0435128
0.0435377,0.0435377
0.0435404,0.0435404
0.0436248,0.0436248
0.0436765,0.0436765
0.0436978,0.0436978
0.0437299,0.0437299
0.0437617,0.0437617
0.0438265,0.0438265
0.0438402,0.0438402
0.0438582,0.0438582
0.0438842,0.0438842
0.0439876,0.0439876
0.0439948,0.0439948
0.0440028,0.0440028
0.0441422,0.0441422
0.0441985,0.0441985
0.0442241,0.0442241
0.0443369,0.0443369
0.0443425,0.0443425
0.0444099,0.0444099
0.0444408,0.0444408
0.0445317,0.0445317
0.0445345,0.0445345
0.0446752,0.0446752
0.0446951,0.0446951
0.0447757,0.0447757
0.0447815,0.0447815
0.044806,0.044806
0.0448585,0.0448585
0.0450396,0.0450396
0.0451321,0.0451321
0.0451382,0.0451382
0.0451424,0.0451424
0.0452014,0.0452014
0.0452766,0.0452766
0.0452995,0.0452995
0.0453734,0.0453734
0.0454055,0.0454055
0.0454747,0.0454747
0.0455041,0.0455041
0.0455359,0.0455359
0.0455585,0.0455585
0.0456034,0.0456034
0.0456051,0.0456051
0.0457223,0.0457223
0.0458164,0.0458164
0.0458709,0.0458709
0.0458791,0.0458791
0.0459248,0.0459248
0.0459744,0.0459744
0.0460123,0.0460123
0.0460222,0.0460222
0.0461028,0.0461028
0.0461314,0.0461314
0.0461808,0.0461808
0.0461823,0.0461823
0.0462278,0.0462278
0.0462409,0.0462409
0.0462628,0.0462628
0.0463012,0.0463012
0.0463064,0.0463064
0.0463136,0.0463136
0.0463158,0.0463158
0.046363,0.046363
0.0464147,0.0464147
0.0465212,0.0465212
0.0465395,0.0465395
0.0465422,0.0465422
0.0465449,0.0465449
0.0466087,0.0466087
0.0466107,0.0466107
0.0466202,0.0466202
0.0466771,0.0466771
0.0467859,0.0467859
0.0468538,0.0468538
0.0468583,0.0468583
0.0468832,0.0468832
0.0470516,0.0470516
0.0470562,0.0470562
0.0471651,0.0471651
0.0471666,0.0471666
0.0471679,0.0471679
0.0471918,0.0471918
0.0472131,0.0472131
0.0472499,0.0472499
0.0472634,0.0472634
0.0472666,0.0472666
0.0473213,0.0473213
0.047398,0.047398
0.047446,0.047446
0.0474848,0.0474848
0.0474924,0.0474924
0.0475073,0.0475073
0.0475146,0.0475146
0.0475428,0.0475428
0.0475537,0.0475537
0.047583,0.047583
0.0476354,0.0476354
0.0476741,0.0476741
0.0476784,0.0476784
0.0477186,0.0477186
0.0477354,0.0477354
0.0477546,0.0477546
0.0478168,0.0478168
0.0478445,0.0478445
0.0478645,0.0478645
0.047893,0.047893
0.0479309,0.0479309
0.0479505,0.0479505
0.0479832,0.0479832
0.0480081,0.0480081
0.0480731,0.0480731
0.0481385,0.0481385
0.0482619,0.0482619
0.0482736,0.0482736
0.0482792,0.0482792
0.048295,0.048295
0.0483081,0.0483081
0.0483123,0.0483123
0.0483223,0.0483223
0.0483544,0.0483544
0.048364,0.048364
0.0483931,0.0483931
0.0484034,0.0484034
0.0484491,0.0484491
0.048484,0.048484
0.0484848,0.0484848
0.0485279,0.0485279
0.0486522,0.0486522
0.0486674,0.0486674
0.0486901,0.0486901
0.0487723,0.0487723
0.0487945,0.0487945
0.0487963,0.0487963
0.0488299,0.0488299
0.0488522,0.0488522
0.0488949,0.0488949
0.0489101,0.0489101
0.0489251,0.0489251
0.0489275,0.0489275
0.0489396,0.0489396
0.0490222,0.0490222
0.0490229,0.0490229
0.0490445,0.0490445
0.0490979,0.0490979
0.0491022,0.0491022
0.0492502,0.0492502
0.0493823,0.0493823
0.0493975,0.0493975
0.0494545,0.0494545
0.0494624,0.0494624
0.0495577,0.0495577
0.0495605,0.0495605
0.0496038,0.0496038
0.0496315,0.0496315
0.0496801,0.0496801
0.0497173,0.0497173
0.049749,0.049749
0.0497915,0.0497915
0.0498451,0.0498451
0.0498608,0.0498608
0.0498663,0.0498663
0.0499326,0.0499326
0.0500003,0.0500003
0.0500292,0.0500292
0.0501277,0.0501277
0.0501312,0.0501312
0.0501345,0.0501345
0.0501567,0.0501567
0.0501684,0.0501684
0.050222,0.050222
0.0502341,0.0502341
0.0503214,0.0503214
0.0503692,0.0503692
0.0504889,0.0504889
0.0505051,0.0505051
0.0505199,0.0505199
0.0506413,0.0506413
0.0506707,0.0506707
0.0506756,0.0506756
0.0506962,0.0506962
0.0507444,0.0507444
0.0508101,0.0508101
0.0508685,0.0508685
0.0509011,0.0509011
0.0509695,0.0509695
0.0510638,0.0510638
0.051128,0.051128
0.0511961,0.0511961
0.0512541,0.0512541
0.0513269,0.0513269
0.051393,0.051393
0.0514166,0.0514166
0.0514485,0.0514485
0.0514544,0.0514544
0.0515482,0.0515482
0.0515552,0.0515552
0.051577,0.051577
0.0515978,0.0515978
0.0516347,0.0516347
0.0517443,0.0517443
0.0519234,0.0519234
0.052162,0.052162
0.0521813,0.0521813
0.0522548,0.0522548
0.0522945,0.0522945
0.0525717,0.0525717
0.052677,0.052677
0.0527068,0.0527068
0.0527842,0.0527842
0.052786,0.052786
0.0527945,0.0527945
0.0528512,0.0528512
0.0528929,0.0528929
0.0529374,0.0529374
0.0529511,0.0529511
0.0530535,0.0530535
0.0531086,0.0531086
0.0531188,0.0531188
0.053204,0.053204
0.0533205,0.0533205
0.0533663,0.0533663
0.0534402,0.0534402
0.0535125,0.0535125
0.0535501,0.0535501
0.0536645,0.0536645
0.0537922,0.0537922
0.0537933,0.0537933
0.0538135,0.0538135
0.0538977,0.0538977
0.0539486,0.0539486
0.0539679,0.0539679
0.0540007,0.0540007
0.0540036,0.0540036
0.0541491,0.0541491
0.0542179,0.0542179
0.0542474,0.0542474
0.0543031,0.0543031
0.054314,0.054314
0.0544411,0.0544411
0.0544604,0.0544604
0.0545806,0.0545806
0.0546348,0.0546348
0.0546572,0.0546572
0.0546641,0.0546641
0.0546719,0.0546719
0.0546844,0.0546844
0.0547491,0.0547491
0.0547589,0.0547589
0.0548003,0.0548003
0.0549566,0.0549566
0.0549589,0.0549589
0.0551446,0.0551446
0.0553014,0.0553014
0.0554456,0.0554456
0.0554498,0.0554498
0.0555846,0.0555846
0.0557447,0.0557447
0.0558323,0.0558323
0.0558875,0.0558875
0.0558912,0.0558912
0.055927,0.055927
0.056115,0.056115
0.056117,0.056117
0.0561515,0.0561515
0.0561617,0.0561617
0.0562069,0.0562069
0.0562142,0.0562142
0.0562228,0.0562228
0.0562725,0.0562725
0.0562796,0.0562796
0.0563689,0.0563689
0.0564554,0.0564554
0.0565135,0.0565135
0.0566787,0.0566787
0.0566849,0.0566849
0.056752,0.056752
0.056775,0.056775
0.0568623,0.0568623
0.0568757,0.0568757
0.0569825,0.0569825
0.0569866,0.0569866
0.05699,0.05699
0.0570174,0.0570174
0.0570198,0.0570198
0.0570472,0.0570472
0.0570477,0.0570477
0.057127,0.057127
0.0571336,0.0571336
0.0571442,0.0571442
0.0572271,0.0572271
0.0572617,0.0572617
0.0572685,0.0572685
0.0573931,0.0573931
0.0573953,0.0573953
0.0574451,0.0574451
0.0574517,0.0574517
0.0574586,0.0574586
0.0574672,0.0574672
0.0574949,0.0574949
0.0575151,0.0575151
0.0575503,0.0575503
0.0576456,0.0576456
0.0576515,0.0576515
0.0576959,0.0576959
0.0578393,0.0578393
0.0578544,0.0578544
0.0579628,0.0579628
0.0580166,0.0580166
0.058232,0.058232
0.0582332,0.0582332
0.0583502,0.0583502
0.0584246,0.0584246
0.05843,0.05843
0.0585149,0.0585149
0.0585701,0.0585701
0.058586,0.058586
0.0587131,0.0587131
0.0587597,0.0587597
0.0587993,0.0587993
0.0588203,0.0588203
0.0589891,0.0589891
0.0590997,0.0590997
0.0591327,0.0591327
0.0591538,0.0591538
0.059171,0.059171
0.0592125,0.0592125
0.0593326,0.0593326
0.0594986,0.0594986
0.0595351,0.0595351
0.0595782,0.0595782
0.0596386,0.0596386
0.059642,0.059642
0.0596705,0.0596705
0.059734,0.059734
0.0597723,0.0597723
0.0598564,0.0598564
0.0598996,0.0598996
0.0599045,0.0599045
0.0599783,0.0599783
0.060004,0.060004
0.060059,0.060059
0.0602151,0.0602151
0.0602178,0.0602178
0.0602703,0.0602703
0.0603654,0.0603654
0.0603773,0.0603773
0.0604672,0.0604672
0.0605372,0.0605372
0.0606207,0.0606207
0.0606786,0.0606786
0.0607464,0.0607464
0.0607677,0.0607677
0.0608625,0.0608625
0.0608781,0.0608781
0.0608894,0.0608894
0.0609012,0.0609012
0.0609078,0.0609078
0.0609893,0.0609893
0.0610322,0.0610322
0.0611009,0.0611009
0.0611258,0.0611258
0.0611497,0.0611497
0.0611849,0.0611849
0.0613384,0.0613384
0.0613952,0.0613952
0.0613975,0.0613975
0.0614976,0.0614976
0.0615141,0.0615141
0.0616941,0.0616941
0.0616964,0.0616964
0.0617473,0.0617473
0.0617622,0.0617622
0.0617816,0.0617816
0.0618555,0.0618555
0.0618699,0.0618699
0.0619232,0.0619232
0.0619506,0.0619506
0.0620266,0.0620266
0.0620864,0.0620864
0.0621113,0.0621113
0.0621185,0.0621185
0.0621603,0.0621603
0.0622858,0.0622858
0.0623333,0.0623333
0.0623884,0.0623884
0.0624081,0.0624081
0.0624949,0.0624949
0.0625221,0.0625221
0.0625436,0.0625436
0.0625483,0.0625483
0.0625781,0.0625781
0.062601,0.062601
0.0626457,0.0626457
0.0626555,0.0626555
0.0626684,0.0626684
0.0626873,0.0626873
0.0628139,0.0628139
0.0628861,0.0628861
0.0629288,0.0629288
0.0629534,0.0629534
0.0629815,0.0629815
0.0630355,0.0630355
0.0630506,0.0630506
0.0630541,0.0630541
0.0630775,0.0630775
0.0630869,0.0630869
0.0631601,0.0631601
0.0631732,0.0631732
0.0631791,0.0631791
0.0632257,0.0632257
0.0632911,0.0632911
0.0633444,0.0633444
0.0633712,0.0633712
0.0634393,0.0634393
0.0634421,0.0634421
0.0634949,0.0634949
0.0635215,0.0635215
0.063658,0.063658
0.0639502,0.0639502
0.0639686,0.0639686
0.064029,0.064029
0.0640644,0.0640644
0.0641311,0.0641311
0.06429,0.06429
0.0643091,0.0643091
0.0643209,0.0643209
0.0643545,0.0643545
0.0643914,0.0643914
0.0645255,0.0645255
0.0646905,0.0646905
0.0646986,0.0646986
0.0647448,0.0647448
0.0647753,0.0647753
0.0647959,0.0647959
0.0648047,0.0648047
0.0648115,0.0648115
0.0648194,0.0648194
0.0649161,0.0649161
0.0649567,0.0649567
0.0649995,0.0649995
0.0650252,0.0650252
0.0651201,0.0651201
0.0651436,0.0651436
0.0652121,0.0652121
0.0652343,0.0652343
0.0652797,0.0652797
0.0653095,0.0653095
0.0654067,0.0654067
0.0654664,0.0654664
0.0655249,0.0655249
0.0655596,0.0655596
0.0656044,0.0656044
0.0656227,0.0656227
0.0656892,0.0656892
0.0657912,0.0657912
0.0658262,0.0658262
0.0658842,0.0658842
0.0660491,0.0660491
0.066106,0.066106
0.0661547,0.0661547
0.0662744,0.0662744
0.0662771,0.0662771
0.0663601,0.0663601
0.0663706,0.0663706
0.0664097,0.0664097
0.0664701,0.0664701
0.0664854,0.0664854
0.0665799,0.0665799
0.0665805,0.0665805
0.0666308,0.0666308
0.0666462,0.0666462
0.066715,0.066715
0.0667174,0.0667174
0.0667185,0.0667185
0.0667324,0.0667324
0.0667388,0.0667388
0.0667464,0.0667464
0.0667514,0.0667514
0.0669167,0.0669167
0.0669181,0.0669181
0.0671403,0.0671403
0.0671478,0.0671478
0.0671617,0.0671617
0.0672102,0.0672102
0.0672372,0.0672372
0.0672431,0.0672431
0.0672646,0.0672646
0.0675391,0.0675391
0.0677076,0.0677076
0.0677474,0.0677474
0.0677597,0.0677597
0.0678778,0.0678778
0.067886,0.067886
0.0678891,0.0678891
0.0679036,0.0679036
0.0680564,0.0680564
0.0680603,0.0680603
0.0680929,0.0680929
0.0681677,0.0681677
0.0681974,0.0681974
0.0683683,0.0683683
0.0683726,0.0683726
0.0683736,0.0683736
0.068396,0.068396
0.0683978,0.0683978
0.0684481,0.0684481
0.0685767,0.0685767
0.0686696,0.0686696
0.0686749,0.0686749
0.0688083,0.0688083
0.068853,0.068853
0.0688739,0.0688739
0.0688849,0.0688849
0.0689686,0.0689686
0.0690294,0.0690294
0.0693409,0.0693409
0.069534,0.069534
0.0695749,0.0695749
0.0696402,0.0696402
0.0696567,0.0696567
0.0698193,0.0698193
0.0698245,0.0698245
0.0698277,0.0698277
0.0698491,0.0698491
0.0698696,0.0698696
0.0698697,0.0698697
0.0698833,0.0698833
0.0699702,0.0699702
0.0701992,0.0701992
0.0703373,0.0703373
0.0703554,0.0703554
0.0703577,0.0703577
0.0703977,0.0703977
0.0704166,0.0704166
0.0704301,0.0704301
0.0705002,0.0705002
0.0705845,0.0705845
0.0706443,0.0706443
0.0706942,0.0706942
0.0708425,0.0708425
0.0708511,0.0708511
0.0708623,0.0708623
0.0709231,0.0709231
0.0711096,0.0711096
0.0711453,0.0711453
0.0711728,0.0711728
0.0712764,0.0712764
0.0713469,0.0713469
0.0715582,0.0715582
0.0716554,0.0716554
0.0717444,0.0717444
0.0717698,0.0717698
0.0718349,0.0718349
0.0718414,0.0718414
0.0718751,0.0718751
0.0719362,0.0719362
0.0719707,0.0719707
0.0721641,0.0721641
0.0721948,0.0721948
0.0722183,0.0722183
0.0722253,0.0722253
0.0722256,0.0722256
0.0722331,0.0722331
0.0723138,0.0723138
0.0724267,0.0724267
0.0725011,0.0725011
0.0727032,0.0727032
0.0728872,0.0728872
0.0729982,0.0729982
0.0730304,0.0730304
0.0730475,0.0730475
0.0732745,0.0732745
0.0733279,0.0733279
0.0734236,0.0734236
0.0734416,0.0734416
0.0735366,0.0735366
0.0735709,0.0735709
0.0735725,0.0735725
0.0736532,0.0736532
0.0737387,0.0737387
0.073954,0.073954
0.0742279,0.0742279
0.0742351,0.0742351
0.0742722,0.0742722
0.0743324,0.0743324
0.0744665,0.0744665
0.0745537,0.0745537
0.0746303,0.0746303
0.0746753,0.0746753
0.0747703,0.0747703
0.0749397,0.0749397
0.0750536,0.0750536
0.0751299,0.0751299
0.075198,0.075198
0.0752463,0.0752463
0.0753003,0.0753003
0.0753512,0.0753512
0.0753596,0.0753596
0.0754227,0.0754227
0.0755083,0.0755083
0.0755944,0.0755944
0.0757449,0.0757449
0.0757828,0.0757828
0.0758396,0.0758396
0.0758921,0.0758921
0.075898,0.075898
0.0759343,0.0759343
0.076132,0.076132
0.0762348,0.0762348
0.07625,0.07625
0.0762655,0.0762655
0.0762805,0.0762805
0.0763142,0.0763142
0.076349,0.076349
0.0763682,0.0763682
0.0763863,0.0763863
0.076469,0.076469
0.0764948,0.0764948
0.0764985,0.0764985
0.0766477,0.0766477
0.0767361,0.0767361
0.0767444,0.0767444
0.0768543,0.0768543
0.0769879,0.0769879
0.0770328,0.0770328
0.0770898,0.0770898
0.0771056,0.0771056
0.0772334,0.0772334
0.0773348,0.0773348
0.0774752,0.0774752
0.0774845,0.0774845
0.0775661,0.0775661
0.0776226,0.0776226
0.0776316,0.0776316
0.077815,0.077815
0.0778408,0.0778408
0.0779552,0.0779552
0.0779642,0.0779642
0.0780248,0.0780248
0.0780901,0.0780901
0.0780955,0.0780955
0.0782584,0.0782584
0.0783498,0.0783498
0.0785352,0.0785352
0.0785749,0.0785749
0.0786481,0.0786481
0.0786566,0.0786566
0.0787372,0.0787372
0.0788355,0.0788355
0.0788493,0.0788493
0.0789607,0.0789607
0.0789655,0.0789655
0.0789682,0.0789682
0.0789688,0.0789688
0.0790217,0.0790217
0.0791029,0.0791029
0.0793091,0.0793091
0.0797613,0.0797613
0.0798569,0.0798569
0.079933,0.079933
0.0799965,0.0799965
0.0800517,0.0800517
0.080121,0.080121
0.0802106,0.0802106
0.0803971,0.0803971
0.0805545,0.0805545
0.0806617,0.0806617
0.0806681,0.0806681
0.0806803,0.0806803
0.0807021,0.0807021
0.0811554,0.0811554
0.081201,0.081201
0.0812774,0.0812774
0.0813109,0.0813109
0.0814258,0.0814258
0.081469,0.081469
0.0815587,0.0815587
0.0818045,0.0818045
0.0818218,0.0818218
0.0818675,0.0818675
0.0819501,0.0819501
0.0820103,0.0820103
0.0821856,0.0821856
0.0822271,0.0822271
0.0823188,0.0823188
0.082366,0.082366
0.0824955,0.0824955
0.082622,0.082622
0.0826519,0.0826519
0.0826892,0.0826892
0.0827894,0.0827894
0.0828359,0.0828359
0.0829978,0.0829978
0.0830095,0.0830095
0.0830178,0.0830178
0.0831501,0.0831501
0.0832174,0.0832174
0.0832453,0.0832453
0.0833001,0.0833001
0.0833102,0.0833102
0.0833195,0.0833195
0.0834597,0.0834597
0.0835572,0.0835572
0.0835701,0.0835701
0.0836621,0.0836621
0.083687,0.083687
0.0837063,0.0837063
0.0837542,0.0837542
0.083875,0.083875
0.0839333,0.0839333
0.0839503,0.0839503
0.0840411,0.0840411
0.0840751,0.0840751
0.0841026,0.0841026
0.0841203,0.0841203
0.0841613,0.0841613
0.084263,0.084263
0.0843349,0.0843349
0.0843443,0.0843443
0.0843648,0.0843648
0.0843749,0.0843749
0.0844384,0.0844384
0.0844658,0.0844658
0.0845253,0.0845253
0.0846917,0.0846917
0.0847522,0.0847522
0.0848639,0.0848639
0.0848835,0.0848835
0.0849451,0.0849451
0.0850534,0.0850534
0.0851847,0.0851847
0.0852025,0.0852025
0.0852943,0.0852943
0.0854062,0.0854062
0.0854619,0.0854619
0.085538,0.085538
0.0855931,0.0855931
0.0859299,0.0859299
0.0862949,0.0862949
0.0866043,0.0866043
0.086623,0.086623
0.0866466,0.0866466
0.0866524,0.0866524
0.0867658,0.0867658
0.086773,0.086773
0.0867748,0.0867748
0.0867852,0.0867852
0.0869516,0.0869516
0.0869539,0.0869539
0.0870096,0.0870096
0.0871488,0.0871488
0.0872672,0.0872672
0.0874501,0.0874501
0.0874583,0.0874583
0.0875726,0.0875726
0.0876489,0.0876489
0.0878853,0.0878853
0.0878932,0.0878932
0.0879026,0.0879026
0.0879039,0.0879039
0.0880483,0.0880483
0.0880575,0.0880575
0.088112,0.088112
0.0882927,0.0882927
0.0883291,0.0883291
0.0887113,0.0887113
0.0888452,0.0888452
0.0888941,0.0888941
0.0891279,0.0891279
0.0892249,0.0892249
0.0892583,0.0892583
0.0893227,0.0893227
0.089359,0.089359
0.0894378,0.0894378
0.0894583,0.0894583
0.0895068,0.0895068
0.0895789,0.0895789
0.0896026,0.0896026
0.0896475,0.0896475
0.0896572,0.0896572
0.0897363,0.0897363
0.0898581,0.0898581
0.0898809,0.0898809
0.0899606,0.0899606
0.0900076,0.0900076
0.0900139,0.0900139
0.0900686,0.0900686
0.0903209,0.0903209
0.0903618,0.0903618
0.0903919,0.0903919
0.0905739,0.0905739
0.0906917,0.0906917
0.0907485,0.0907485
0.0908411,0.0908411
0.0909309,0.0909309
0.0911023,0.0911023
0.0911935,0.0911935
0.0912077,0.0912077
0.0912245,0.0912245
0.0913191,0.0913191
0.0915076,0.0915076
0.0916382,0.0916382
0.0916769,0.0916769
0.091749,0.091749
0.091918,0.091918
0.0920335,0.0920335
0.092103,0.092103
0.092315,0.092315
0.092341,0.092341
0.0924077,0.0924077
0.0924357,0.0924357
0.0924405,0.0924405
0.0925541,0.0925541
0.0925756,0.0925756
0.0927242,0.0927242
0.0927253,0.0927253
0.0927349,0.0927349
0.0927682,0.0927682
0.0929124,0.0929124
0.0929784,0.0929784
0.0930278,0.0930278
0.0930758,0.0930758
0.0930992,0.0930992
0.0931813,0.0931813
0.0931994,0.0931994
0.0932137,0.0932137
0.0932878,0.0932878
0.0933876,0.0933876
0.0933923,0.0933923
0.0934376,0.0934376
0.0934583,0.0934583
0.0936598,0.0936598
0.0936641,0.0936641
0.0936892,0.0936892
0.0938033,0.0938033
0.093854,0.093854
0.0939695,0.0939695
0.094123,0.094123
0.0943112,0.0943112
0.0943616,0.0943616
0.0945989,0.0945989
0.0946006,0.0946006
0.0946048,0.0946048
0.0947648,0.0947648
0.0947661,0.0947661
0.0949071,0.0949071
0.0949648,0.0949648
0.095,0.095
0.0950008,0.0950008
0.0950103,0.0950103
0.095025,0.095025
0.0950608,0.0950608
0.095132,0.095132
0.0951838,0.0951838
0.0951988,0.0951988
0.0953341,0.0953341
0.0954404,0.0954404
0.095533,0.095533
0.0955366,0.0955366
0.0958108,0.0958108
0.0958142,0.0958142
0.0959594,0.0959594
0.0961261,0.0961261
0.0962253,0.0962253
0.0962949,0.0962949
0.0963333,0.0963333
0.0963651,0.0963651
0.096392,0.096392
0.0967264,0.0967264
0.0968266,0.0968266
0.0968645,0.0968645
0.0968764,0.0968764
0.096906,0.096906
0.0971092,0.0971092
0.0971393,0.0971393
0.0971885,0.0971885
0.0972054,0.0972054
0.0973819,0.0973819
0.0973958,0.0973958
0.097461,0.097461
0.0976414,0.0976414
0.0976858,0.0976858
0.097734,0.097734
0.0980159,0.0980159
0.0981795,0.0981795
0.0981816,0.0981816
0.0982469,0.0982469
0.0983347,0.0983347
0.0985783,0.0985783
0.0985986,0.0985986
0.0987718,0.0987718
0.0988916,0.0988916
0.0990721,0.0990721
0.0991119,0.0991119
0.0992041,0.0992041
0.099298,0.099298
0.099321,0.099321
0.0993423,0.0993423
0.0995036,0.0995036
0.0995542,0.0995542
0.0995822,0.0995822
0.0995891,0.0995891
0.099631,0.099631
0.0997638,0.0997638
0.0999777,0.0999777
0.0999959,0.0999959
0.0999994,0.0999994
0.100129,0.100129
0.100186,0.100186
0.10036,0.10036
0.100433,0.100433
0.100438,0.100438
0.100648,0.100648
0.100878,0.100878
0.100922,0.100922
0.100945,0.100945
0.100968,0.100968
0.101064,0.101064
0.101169,0.101169
0.101224,0.101224
0.101265,0.101265
0.101407,0.101407
0.101507,0.101507
0.101599,0.101599
0.101655,0.101655
0.10179,0.10179
0.101932,0.101932
0.102074,0.102074
0.10239,0.10239
0.102427,0.102427
0.102661,0.102661
0.102775,0.102775
0.102821,0.102821
0.102832,0.102832
0.102848,0.102848
0.102942,0.102942
0.103001,0.103001
0.103284,0.103284
0.103302,0.103302
0.103364,0.103364
0.10356,0.10356
0.103699,0.103699
0.103711,0.103711
0.103919,0.103919
0.104123,0.104123
0.104211,0.104211
0.104435,0.104435
0.104496,0.104496
0.104511,0.104511
0.104512,0.104512
0.104571,0.104571
0.104588,0.104588
0.104649,0.104649
0.104732,0.104732
0.104833,0.104833
0.105015,0.105015
0.105102,0.105102
0.105575,0.105575
0.105578,0.105578
0.105614,0.105614
0.105636,0.105636
0.105727,0.105727
0.105744,0.105744
0.105792,0.105792
0.105902,0.105902
0.105977,0.105977
0.106008,0.106008
0.106015,0.106015
0.106071,0.106071
0.106513,0.106513
0.106741,0.106741
0.106762,0.106762
0.106873,0.106873
0.107004,0.107004
0.107466,0.107466
0.107545,0.107545
0.107763,0.107763
0.107832,0.107832
0.10815,0.10815
0.108161,0.108161
0.10821,0.10821
0.108294,0.108294
0.108438,0.108438
0.108471,0.108471
0.108517,0.108517
0.10863,0.10863
0.108805,0.108805
0.108835,0.108835
0.108962,0.108962
0.109324,0.109324
0.109414,0.109414
0.109426,0.109426
0.110063,0.110063
0.110107,0.110107
0.110194,0.110194
0.110217,0.110217
0.110268,0.110268
0.110281,0.110281
0.110289,0.110289
0.110526,0.110526
0.110705,0.110705
0.110707,0.110707
0.110797,0.110797
0.110959,0.110959
0.111032,0.111032
0.111054,0.111054
0.111079,0.111079
0.111263,0.111263
0.111391,0.111391
0.111466,0.111466
0.111489,0.111489
0.111489,0.111489
0.111643,0.111643
0.111895,0.111895
0.112039,0.112039
0.112139,0.112139
0.11214,0.11214
0.112467,0.112467
0.11251,0.11251
0.112575,0.112575
0.112592,0.112592
0.112594,0.112594
0.112631,0.112631
0.112871,0.112871
0.113443,0.113443
0.113497,0.113497
0.113706,0.113706
0.113926,0.113926
0.114101,0.114101
0.114256,0.114256
0.114268,0.114268
0.114286,0.114286
0.114294,0.114294
0.114333,0.114333
0.1146,0.1146
0.114664,0.114664
0.114676,0.114676
0.115194,0.115194
0.115261,0.115261
0.115286,0.115286
0.11544,0.11544
0.115462,0.115462
0.115524,0.115524
0.115535,0.115535
0.115769,0.115769
0.115845,0.115845
0.115911,0.115911
0.11602,0.11602
0.116093,0.116093
0.116129,0.116129
0.116267,0.116267
0.116339,0.116339
0.116408,0.116408
0.116517,0.116517
0.116536,0.116536
0.116538,0.116538
0.116567,0.116567
0.116613,0.116613
0.116668,0.116668
0.116934,0.116934
0.117289,0.117289
0.117297,0.117297
0.117386,0.117386
0.117478,0.117478
0.117598,0.117598
0.117825,0.117825
0.117864,0.117864
0.117912,0.117912
0.11797,0.11797
0.11804,0.11804
0.118128,0.118128
0.118146,0.118146
0.118235,0.118235
0.118244,0.118244
0.118257,0.118257
0.11826,0.11826
0.11852,0.11852
0.11857,0.11857
0.118874,0.118874
0.118923,0.118923
0.118923,0.118923
0.11894,0.11894
0.119256,0.119256
0.119557,0.119557
0.119826,0.119826
0.119921,0.119921
0.119966,0.119966
0.120046,0.120046
0.120152,0.120152
0.120171,0.120171
0.120195,0.120195
0.120296,0.120296
0.120309,0.120309
0.120368,0.120368
0.1206,0.1206
0.120609,0.120609
0.120731,0.120731
0.120763,0.120763
0.120855,0.120855
0.120874,0.120874
0.120913,0.120913
0.121057,0.121057
0.121128,0.121128
0.121155,0.121155
0.121209,0.121209
0.121235,0.121235
0.121745,0.121745
0.121756,0.121756
0.121841,0.121841
0.121934,0.121934
0.122034,0.122034
0.122127,0.122127
0.122167,0.122167
0.122288,0.122288
0.122329,0.122329
0.122367,0.122367
0.122466,0.122466
0.122808,0.122808
0.12304,0.12304
0.123055,0.123055
0.123102,0.123102
0.123151,0.123151
0.123167,0.123167
0.123177,0.123177
0.12318,0.12318
0.123251,0.123251
0.123262,0.123262
0.123349,0.123349
0.123353,0.123353
0.123409,0.123409
0.123718,0.123718
0.123922,0.123922
0.124035,0.124035
0.124384,0.124384
0.124475,0.124475
0.124594,0.124594
0.124633,0.124633
0.124658,0.124658
0.124839,0.124839
0.125296,0.125296
0.125433,0.125433
0.125447,0.125447
0.125553,0.125553
0.125561,0.125561
0.125719,0.125719
0.126085,0.126085
0.126115,0.126115
0.126268,0.126268
0.126526,0.126526
0.126606,0.126606
0.12678,0.12678
0.126845,0.126845
0.126856,0.126856
0.126993,0.126993
0.127013,0.127013
0.127043,0.127043
0.127069,0.127069
0.127118,0.127118
0.127198,0.127198
0.127344,0.127344
0.127347,0.127347
0.127449,0.127449
0.127514,0.127514
0.127798,0.127798
0.127812,0.127812
0.127819,0.127819
0.128067,0.128067
0.128262,0.128262
0.128274,0.128274
0.128276,0.128276
0.128343,0.128343
0.128857,0.128857
0.128932,0.128932
0.128938,0.128938
0.128949,0.128949
0.129077,0.129077
0.129086,0.129086
0.129307,0.129307
0.129327,0.129327
0.129493,0.129493
0.129545,0.129545
0.129727,0.129727
0.129814,0.129814
0.129906,0.129906
0.130261,0.130261
0.130512,0.130512
0.130615,0.130615
0.130635,0.130635
0.130971,0.130971
0.131304,0.131304
0.131307,0.131307
0.131368,0.131368
0.131497,0.131497
0.131732,0.131732
0.131823,0.131823
0.131854,0.131854
0.131985,0.131985
0.132043,0.132043
0.132108,0.132108
0.132162,0.132162
0.132181,0.132181
0.13219,0.13219
0.132209,0.132209
0.132425,0.132425
0.132446,0.132446
0.132486,0.132486
0.13272,0.13272
0.132738,0.132738
0.132861,0.132861
0.133054,0.133054
0.133226,0.133226
0.133619,0.133619
0.133702,0.133702
0.133724,0.133724
0.133733,0.133733
0.133885,0.133885
0.133934,0.133934
0.133999,0.133999
0.134026,0.134026
0.134219,0.134219
0.134373,0.134373
0.134488,0.134488
0.134716,0.134716
0.134779,0.134779
0.1349,0.1349
0.1352,0.1352
0.135243,0.135243
0.135286,0.135286
0.135358,0.135358
0.135389,0.135389
0.135684,0.135684
0.136005,0.136005
0.136099,0.136099
0.136145,0.136145
0.136345,0.136345
0.136366,0.136366
0.136463,0.136463
0.136663,0.136663
0.136691,0.136691
0.136849,0.136849
0.136922,0.136922
0.137186,0.137186
0.13732,0.13732
0.137409,0.137409
0.137923,0.137923
0.137929,0.137929
0.137947,0.137947
0.138095,0.138095
0.138341,0.138341
0.138402,0.138402
0.138583,0.138583
0.138812,0.138812
0.138839,0.138839
0.138878,0.138878
0.138911,0.138911
0.138989,0.138989
0.139076,0.139076
0.139393,0.139393
0.139548,0.139548
0.139701,0.139701
0.139822,0.139822
0.139843,0.139843
0.140106,0.140106
0.140155,0.140155
0.140634,0.140634
0.140637,0.140637
0.140705,0.140705
0.140786,0.140786
0.140811,0.140811
0.140937,0.140937
0.141056,0.141056
0.141132,0.141132
0.14122,0.14122
0.141317,0.141317
0.141358,0.141358
0.141624,0.141624
0.141628,0.141628
0.1417,0.1417
0.141802,0.141802
0.14193,0.14193
0.141931,0.141931
0.142039,0.142039
0.142285,0.142285
0.142322,0.142322
0.142337,0.142337
0.142337,0.142337
0.142361,0.142361
0.142454,0.142454
0.14248,0.14248
0.142605,0.142605
0.142904,0.142904
0.142952,0.142952
0.143082,0.143082
0.143328,0.143328
0.143557,0.143557
0.143577,0.143577
0.143909,0.143909
0.144016,0.144016
0.144043,0.144043
0.144133,0.144133
0.14419,0.14419
0.144603,0.144603
0.144666,0.144666
0.144784,0.144784
0.144828,0.144828
0.145035,0.145035
0.145084,0.145084
0.146158,0.146158
0.146168,0.146168
0.146254,0.146254
0.146473,0.146473
0.146754,0.146754
0.146831,0.146831
0.146855,0.146855
0.147224,0.147224
0.147257,0.147257
0.147353,0.147353
0.147409,0.147409
0.147625,0.147625
0.147712,0.147712
0.147898,0.147898
0.148011,0.148011
0.148227,0.148227
0.148432,0.148432
0.148443,0.148443
0.148445,0.148445
0.14872,0.14872
0.1488,0.1488
0.14881,0.14881
0.148812,0.148812
0.148869,0.148869
0.149176,0.149176
0.149271,0.149271
0.149583,0.149583
0.149628,0.149628
0.149659,0.149659
0.149789,0.149789
0.149905,0.149905
0.14997,0.14997
0.150105,0.150105
0.150147,0.150147
0.150163,0.150163
0.150165,0.150165
0.150548,0.150548
0.150726,0.150726
0.150791,0.150791
0.150812,0.150812
0.151262,0.151262
0.151282,0.151282
0.151285,0.151285
0.151452,0.151452
0.151476,0.151476
0.151593,0.151593
0.151706,0.151706
0.151734,0.151734
0.151779,0.151779
0.151835,0.151835
0.151923,0.151923
0.152073,0.152073
0.152078,0.152078
0.152325,0.152325
0.152411,0.152411
0.152526,0.152526
0.15257,0.15257
0.152606,0.152606
0.152698,0.152698
0.152947,0.152947
0.152976,0.152976
0.152976,0.152976
0.153088,0.153088
0.153151,0.153151
0.153207,0.153207
0.153342,0.153342
0.153509,0.153509
0.153703,0.153703
0.153963,0.153963
0.154152,0.154152
0.154268,0.154268
0.154276,0.154276
0.154562,0.154562
0.154661,0.154661
0.154753,0.154753
0.154914,0.154914
0.154952,0.154952
0.155339,0.155339
0.155355,0.155355
0.155749,0.155749
0.155883,0.155883
0.15596,0.15596
0.15626,0.15626
0.156385,0.156385
0.156531,0.156531
0.156968,0.156968
0.157173,0.157173
0.158261,0.158261
0.158329,0.158329
0.158467,0.158467
0.15862,0.15862
0.158723,0.158723
0.158854,0.158854
0.158875,0.158875
0.158944,0.158944
0.158946,0.158946
0.158987,0.158987
0.159075,0.159075
0.159222,0.159222
0.15934,0.15934
0.159707,0.159707
0.160283,0.160283
0.160392,0.160392
0.160412,0.160412
0.160502,0.160502
0.160508,0.160508
0.160588,0.160588
0.160788,0.160788
0.16082,0.16082
0.160959,0.160959
0.160974,0.160974
0.161006,0.161006
0.161061,0.161061
0.161673,0.161673
0.162101,0.162101
0.162591,0.162591
0.162755,0.162755
0.163484,0.163484
0.163732,0.163732
0.164074,0.164074
0.164277,0.164277
0.164642,0.164642
0.164682,0.164682
0.165161,0.165161
0.165477,0.165477
0.165725,0.165725
0.165792,0.165792
0.165811,0.165811
0.166315,0.166315
0.166568,0.166568
0.166682,0.166682
0.166735,0.166735
0.166754,0.166754
0.16686,0.16686
0.16687,0.16687
0.167075,0.167075
0.16748,0.16748
0.167496,0.167496
0.167532,0.167532
0.167537,0.167537
0.167659,0.167659
0.168091,0.168091
0.168411,0.168411
0.168429,0.168429
0.168757,0.168757
0.168847,0.168847
0.168847,0.168847
0.169072,0.169072
0.169266,0.169266
0.169539,0.169539
0.169663,0.169663
0.169721,0.169721
0.169722,0.169722
0.169882,0.169882
0.170266,0.170266
0.170468,0.170468
0.170752,0.170752
0.170798,0.170798
0.170908,0.170908
0.171129,0.171129
0.171301,0.171301
0.17135,0.17135
0.171564,0.171564
0.171902,0.171902
0.172042,0.172042
0.172067,0.172067
0.172092,0.172092
0.172226,0.172226
0.172268,0.172268
0.172309,0.172309
0.172337,0.172337
0.172357,0.172357
0.172369,0.172369
0.172598,0.172598
0.172772,0.172772
0.172827,0.172827
0.172966,0.172966
0.173097,0.173097
0.173196,0.173196
0.173769,0.173769
0.17381,0.17381
0.173885,0.173885
0.173933,0.173933
0.174282,0.174282
0.17451,0.17451
0.174524,0.174524
0.174824,0.174824
0.174825,0.174825
0.174863,0.174863
0.174932,0.174932
0.175384,0.175384
0.176028,0.176028
0.176318,0.176318
0.176743,0.176743
0.176883,0.176883
0.176936,0.176936
0.177061,0.177061
0.177107,0.177107
0.177122,0.177122
0.177232,0.177232
0.177288,0.177288
0.17736,0.17736
0.177502,0.177502
0.177924,0.177924
0.178045,0.178045
0.17808,0.17808
0.178165,0.178165
0.178206,0.178206
0.178423,0.178423
0.178451,0.178451
0.178569,0.178569
0.17867,0.17867
0.178831,0.178831
0.178941,0.178941
0.179022,0.179022
0.179279,0.179279
0.179327,0.179327
0.179776,0.179776
0.1799,0.1799
0.180045,0.180045
0.180159,0.180159
0.180222,0.180222
0.180282,0.180282
0.180348,0.180348
0.180576,0.180576
0.180957,0.180957
0.181098,0.181098
0.181382,0.181382
0.18146,0.18146
0.181509,0.181509
0.181625,0.181625
0.181682,0.181682
0.181861,0.181861
0.181905,0.181905
0.182317,0.182317
0.182457,0.182457
0.182946,0.182946
0.182954,0.182954
0.183023,0.183023
0.183057,0.183057
0.183172,0.183172
0.183392,0.183392
0.183732,0.183732
0.184329,0.184329
0.184332,0.184332
0.184448,0.184448
0.185022,0.185022
0.185535,0.185535
0.185588,0.185588
0.185664,0.185664
0.185833,0.185833
0.185893,0.185893
0.186204,0.186204
0.186278,0.186278
0.186436,0.186436
0.186552,0.186552
0.186705,0.186705
0.186859,0.186859
0.187095,0.187095
0.187298,0.187298
0.187439,0.187439
0.187467,0.187467
0.187759,0.187759
0.187841,0.187841
0.187912,0.187912
0.188103,0.188103
0.188157,0.188157
0.188263,0.188263
0.188373,0.188373
0.18845,0.18845
0.188515,0.188515
0.18877,0.18877
0.188824,0.188824
0.1889,0.1889
0.189034,0.189034
0.189148,0.189148
0.189262,0.189262
0.189276,0.189276
0.189387,0.189387
0.189405,0.189405
0.189406,0.189406
0.189837,0.189837
0.190232,0.190232
0.190327,0.190327
0.190367,0.190367
0.191336,0.191336
0.191738,0.191738
0.191947,0.191947
0.192025,0.192025
0.192111,0.192111
0.192194,0.192194
0.192432,0.192432
0.192545,0.192545
0.192602,0.192602
0.192688,0.192688
0.192701,0.192701
0.192778,0.192778
0.192862,0.192862
0.193118,0.193118
0.193397,0.193397
0.193428,0.193428
0.193468,0.193468
0.193627,0.193627
0.193732,0.193732
0.193852,0.193852
0.194065,0.194065
0.194115,0.194115
0.194287,0.194287
0.19443,0.19443
0.194572,0.194572
0.194605,0.194605
0.194898,0.194898
0.194923,0.194923
0.1953,0.1953
0.195654,0.195654
0.195798,0.195798
0.195978,0.195978
0.196132,0.196132
0.196355,0.196355
0.196441,0.196441
0.196441,0.196441
0.196651,0.196651
0.196792,0.196792
0.196835,0.196835
0.196911,0.196911
0.196923,0.196923
0.196991,0.196991
0.197082,0.197082
0.197209,0.197209
0.197636,0.197636
0.19791,0.19791
0.197961,0.197961
0.198022,0.198022
0.19891,0.19891
0.199054,0.199054
0.19907,0.19907
0.199794,0.199794
0.200307,0.200307
0.200365,0.200365
0.200673,0.200673
0.2008,0.2008
0.200882,0.200882
0.200949,0.200949
0.201017,0.201017
0.201238,0.201238
0.201254,0.201254
0.201269,0.201269
0.201414,0.201414
0.201956,0.201956
0.201977,0.201977
0.202122,0.202122
0.202455,0.202455
0.202625,0.202625
0.203083,0.203083
0.203133,0.203133
0.203154,0.203154
0.203334,0.203334
0.203546,0.203546
0.203622,0.203622
0.203646,0.203646
0.204867,0.204867
0.205065,0.205065
0.205114,0.205114
0.205315,0.205315
0.205377,0.205377
0.205675,0.205675
0.205817,0.205817
0.20584,0.20584
0.205993,0.205993
0.206309,0.206309
0.206379,0.206379
0.206719,0.206719
0.206783,0.206783
0.206906,0.206906
0.207426,0.207426
0.207439,0.207439
0.207645,0.207645
0.207645,0.207645
0.207673,0.207673
0.207724,0.207724
0.208046,0.208046
0.20808,0.20808
0.20815,0.20815
0.208153,0.208153
0.208775,0.208775
0.208997,0.208997
0.209044,0.209044
0.209202,0.209202
0.209243,0.209243
0.209364,0.209364
0.209847,0.209847
0.209864,0.209864
0.209864,0.209864
0.210108,0.210108
0.210447,0.210447
0.210626,0.210626
0.210659,0.210659
0.210907,0.210907
0.211054,0.211054
0.211365,0.211365
0.211532,0.211532
0.211667,0.211667
0.212028,0.212028
0.212247,0.212247
0.212545,0.212545
0.212623,0.212623
0.212707,0.212707
0.213076,0.213076
0.213089,0.213089
0.21345,0.21345
0.213527,0.213527
0.213782,0.213782
0.213794,0.213794
0.213921,0.213921
0.214164,0.214164
0.21423,0.21423
0.21452,0.21452
0.214522,0.214522
0.214666,0.214666
0.214922,0.214922
0.214949,0.214949
0.215605,0.215605
0.215837,0.215837
0.215874,0.215874
0.215929,0.215929
0.216443,0.216443
0.216623,0.216623
0.21687,0.21687
0.217078,0.217078
0.217171,0.217171
0.217464,0.217464
0.218334,0.218334
0.218525,0.218525
0.21864,0.21864
0.218766,0.218766
0.218858,0.218858
0.21889,0.21889
0.218977,0.218977
0.219048,0.219048
0.219071,0.219071
0.219357,0.219357
0.21938,0.21938
0.219463,0.219463
0.219512,0.219512
0.219814,0.219814
0.220585,0.220585
0.220675,0.220675
0.220822,0.220822
0.220951,0.220951
0.221002,0.221002
0.221133,0.221133
0.221629,0.221629
0.22173,0.22173
0.221825,0.221825
0.222412,0.222412
0.222726,0.222726
0.222788,0.222788
0.222829,0.222829
0.223099,0.223099
0.223276,0.223276
0.223302,0.223302
0.223349,0.223349
0.22357,0.22357
0.223618,0.223618
0.223818,0.223818
0.224041,0.224041
0.224191,0.224191
0.224328,0.224328
0.224348,0.224348
0.224358,0.224358
0.225258,0.225258
0.225282,0.225282
0.2253,0.2253
0.225419,0.225419
0.225534,0.225534
0.22559,0.22559
0.225641,0.225641
0.225858,0.225858
0.225915,0.225915
0.226083,0.226083
0.226189,0.226189
0.226307,0.226307
0.22644,0.22644
0.22646,0.22646
0.226759,0.226759
0.22721,0.22721
0.227358,0.227358
0.227656,0.227656
0.228133,0.228133
0.228174,0.228174
0.228262,0.228262
0.228427,0.228427
0.228483,0.228483
0.22857,0.22857
0.228694,0.228694
0.229093,0.229093
0.229262,0.229262
0.229331,0.229331
0.229345,0.229345
0.229401,0.229401
0.22945,0.22945
0.229501,0.229501
0.229634,0.229634
0.229731,0.229731
0.230268,0.230268
0.230342,0.230342
0.230382,0.230382
0.230925,0.230925
0.231058,0.231058
0.231132,0.231132
0.231219,0.231219
0.231526,0.231526
0.232056,0.232056
0.232203,0.232203
0.232211,0.232211
0.232243,0.232243
0.232397,0.232397
0.232573,0.232573
0.232937,0.232937
0.233062,0.233062
0.233292,0.233292
0.233384,0.233384
0.233531,0.233531
0.233632,0.233632
0.233686,0.233686
0.233734,0.233734
0.233751,0.233751
0.233859,0.233859
0.233901,0.233901
0.234005,0.234005
0.234036,0.234036
0.234061,0.234061
0.234346,0.234346
0.234416,0.234416
0.234589,0.234589
0.234676,0.234676
0.234831,0.234831
0.23493,0.23493
0.234965,0.234965
0.235525,0.235525
0.23567,0.23567
0.235814,0.235814
0.236042,0.236042
0.236506,0.236506
0.236539,0.236539
0.236731,0.236731
0.237581,0.237581
0.238106,0.238106
0.238702,0.238702
0.239188,0.239188
0.239422,0.239422
0.239702,0.239702
0.240016,0.240016
0.24016,0.24016
0.240296,0.240296
0.240335,0.240335
0.240815,0.240815
0.240924,0.240924
0.241039,0.241039
0.241125,0.241125
0.241438,0.241438
0.241659,0.241659
0.241877,0.241877
0.24197,0.24197
0.242017,0.242017
0.242037,0.242037
0.24238,0.24238
0.242381,0.242381
0.242556,0.242556
0.242578,0.242578
0.242725,0.242725
0.24274,0.24274
0.242888,0.242888
0.242942,0.242942
0.243125,0.243125
0.243223,0.243223
0.243541,0.243541
0.243547,0.243547
0.243549,0.243549
0.243653,0.243653
0.243674,0.243674
0.243841,0.243841
0.244037,0.244037
0.244087,0.244087
0.244646,0.244646
0.244997,0.244997
0.245057,0.245057
0.2452,0.2452
0.245768,0.245768
0.246622,0.246622
0.246759,0.246759
0.246802,0.246802
0.247205,0.247205
0.247214,0.247214
0.247339,0.247339
0.247414,0.247414
0.248188,0.248188
0.24865,0.24865
0.249014,0.249014
0.249089,0.249089
0.249144,0.249144
0.249379,0.249379
0.249562,0.249562
0.249567,0.249567
0.249771,0.249771
0.250455,0.250455
0.250793,0.250793
0.251336,0.251336
0.251586,0.251586
0.251745,0.251745
0.251833,0.251833
0.251964,0.251964
0.251966,0.251966
0.252428,0.252428
0.252482,0.252482
0.252591,0.252591
0.252595,0.252595
0.253053,0.253053
0.253116,0.253116
0.253502,0.253502
0.253644,0.253644
0.254045,0.254045
0.254835,0.254835
0.255047,0.255047
0.255049,0.255049
0.255285,0.255285
0.255391,0.255391
0.255764,0.255764
0.255838,0.255838
0.255965,0.255965
0.256118,0.256118
0.256122,0.256122
0.256129,0.256129
0.256742,0.256742
0.256811,0.256811
0.257412,0.257412
0.257527,0.257527
0.257761,0.257761
0.258226,0.258226
0.258242,0.258242
0.258255,0.258255
0.258954,0.258954
0.259034,0.259034
0.259251,0.259251
0.259435,0.259435
0.259471,0.259471
0.259682,0.259682
0.260209,0.260209
0.260317,0.260317
0.26099,0.26099
0.261022,0.261022
0.261291,0.261291
0.261646,0.261646
0.262293,0.262293
0.26233,0.26233
0.262684,0.262684
0.263089,0.263089
0.263235,0.263235
0.26354,0.26354
0.263808,0.263808
0.26425,0.26425
0.264436,0.264436
0.264957,0.264957
0.265004,0.265004
0.265272,0.265272
0.265303,0.265303
0.265696,0.265696
0.265706,0.265706
0.265813,0.265813
0.265853,0.265853
0.265995,0.265995
0.266181,0.266181
0.266448,0.266448
0.266531,0.266531
0.266585,0.266585
0.267008,0.267008
0.267055,0.267055
0.267421,0.267421
0.267529,0.267529
0.267555,0.267555
0.267752,0.267752
0.267838,0.267838
0.267936,0.267936
0.26799,0.26799
0.268027,0.268027
0.268172,0.268172
0.268368,0.268368
0.268393,0.268393
0.268694,0.268694
0.268727,0.268727
0.269066,0.269066
0.26925,0.26925
0.269335,0.269335
0.269418,0.269418
0.270007,0.270007
0.270171,0.270171
0.27023,0.27023
0.27028,0.27028
0.270601,0.270601
0.271209,0.271209
0.271501,0.271501
0.271741,0.271741
0.272188,0.272188
0.272262,0.272262
0.272533,0.272533
0.272564,0.272564
0.272661,0.272661
0.272837,0.272837
0.273117,0.273117
0.273446,0.273446
0.273842,0.273842
0.274148,0.274148
0.274167,0.274167
0.274277,0.274277
0.274289,0.274289
0.274337,0.274337
0.274841,0.274841
0.275205,0.275205
0.275793,0.275793
0.275841,0.275841
0.275945,0.275945
0.275986,0.275986
0.276029,0.276029
0.276085,0.276085
0.276187,0.276187
0.276195,0.276195
0.276459,0.276459
0.276923,0.276923
0.277459,0.277459
0.277669,0.277669
0.277686,0.277686
0.277901,0.277901
0.278055,0.278055
0.278283,0.278283
0.278358,0.278358
0.278361,0.278361
0.278832,0.278832
0.278847,0.278847
0.278884,0.278884
0.27959,0.27959
0.2802,0.2802
0.280316,0.280316
0.280465,0.280465
0.280835,0.280835
0.281248,0.281248
0.281301,0.281301
0.281624,0.281624
0.281834,0.281834
0.281899,0.281899
0.282252,0.282252
0.282667,0.282667
0.282696,0.282696
0.282919,0.282919
0.283477,0.283477
0.283709,0.283709
0.28376,0.28376
0.283806,0.283806
0.283831,0.283831
0.284141,0.284141
0.284236,0.284236
0.284313,0.284313
0.284589,0.284589
0.285233,0.285233
0.285632,0.285632
0.285707,0.285707
0.285904,0.285904
0.285988,0.285988
0.287353,0.287353
0.28766,0.28766
0.287779,0.287779
0.287845,0.287845
0.287893,0.287893
0.288295,0.288295
0.288368,0.288368
0.288601,0.288601
0.288984,0.288984
0.289239,0.289239
0.289385,0.289385
0.289562,0.289562
0.289696,0.289696
0.289861,0.289861
0.291343,0.291343
0.291958,0.291958
0.292027,0.292027
0.292217,0.292217
0.292454,0.292454
0.292612,0.292612
0.292653,0.292653
0.293445,0.293445
0.29347,0.29347
0.2936,0.2936
0.294002,0.294002
0.294638,0.294638
0.29492,0.29492
0.295121,0.295121
0.296376,0.296376
0.297588,0.297588
0.297655,0.297655
0.297972,0.297972
0.298316,0.298316
0.298491,0.298491
0.298523,0.298523
0.298915,0.298915
0.299025,0.299025
0.299778,0.299778
0.300109,0.300109
0.300234,0.300234
0.301423,0.301423
0.301423,0.301423
0.301895,0.301895
0.302032,0.302032
0.302278,0.302278
0.302294,0.302294
0.302419,0.302419
0.302613,0.302613
0.302622,0.302622
0.30269,0.30269
0.303308,0.303308
0.303334,0.303334
0.303486,0.303486
0.303938,0.303938
0.3041,0.3041
0.304523,0.304523
0.304555,0.304555
0.304784,0.304784
0.305266,0.305266
0.305391,0.305391
0.306591,0.306591
0.307538,0.307538
0.307553,0.307553
0.308133,0.308133
0.308465,0.308465
0.308492,0.308492
0.309368,0.309368
0.310498,0.310498
0.310537,0.310537
0.310734,0.310734
0.310782,0.310782
0.310805,0.310805
0.311347,0.311347
0.311463,0.311463
0.311563,0.311563
0.312475,0.312475
0.312514,0.312514
0.312538,0.312538
0.313075,0.313075
0.313107,0.313107
0.31313,0.31313
0.31385,0.31385
0.314487,0.314487
0.314698,0.314698
0.314702,0.314702
0.315423,0.315423
0.315451,0.315451
0.315699,0.315699
0.315714,0.315714
0.316666,0.316666
0.316717,0.316717
0.317493,0.317493
0.317763,0.317763
0.317921,0.317921
0.318027,0.318027
0.318214,0.318214
0.318302,0.318302
0.318429,0.318429
0.319336,0.319336
0.319526,0.319526
0.319865,0.319865
0.320036,0.320036
0.320316,0.320316
0.320538,0.320538
0.320601,0.320601
0.320798,0.320798
0.320957,0.320957
0.321029,0.321029
0.32105,0.32105
0.322154,0.322154
0.322298,0.322298
0.32237,0.32237
0.322485,0.322485
0.322577,0.322577
0.322745,0.322745
0.322766,0.322766
0.323928,0.323928
0.324163,0.324163
0.324248,0.324248
0.324646,0.324646
0.324999,0.324999
0.32573,0.32573
0.32611,0.32611
0.326365,0.326365
0.326769,0.326769
0.326888,0.326888
0.327073,0.327073
0.32721,0.32721
0.327603,0.327603
0.328515,0.328515
0.328567,0.328567
0.328707,0.328707
0.328867,0.328867
0.329182,0.329182
0.329194,0.329194
0.329325,0.329325
0.329496,0.329496
0.330019,0.330019
0.330216,0.330216
0.330469,0.330469
0.330612,0.330612
0.330802,0.330802
0.331106,0.331106
0.331136,0.331136
0.331729,0.331729
0.33244,0.33244
0.332464,0.332464
0.334064,0.334064
0.334225,0.334225
0.334246,0.334246
0.334371,0.334371
0.334616,0.334616
0.334677,0.334677
0.335168,0.335168
0.335708,0.335708
0.335754,0.335754
0.336138,0.336138
0.336227,0.336227
0.336423,0.336423
0.33655,0.33655
0.336721,0.336721
0.336746,0.336746
0.336835,0.336835
0.336886,0.336886
0.337211,0.337211
0.337832,0.337832
0.337834,0.337834
0.337974,0.337974
0.33863,0.33863
0.338708,0.338708
0.338965,0.338965
0.339008,0.339008
0.339197,0.339197
0.339227,0.339227
0.339419,0.339419
0.339582,0.339582
0.340455,0.340455
0.340507,0.340507
0.340687,0.340687
0.340899,0.340899
0.342275,0.342275
0.342478,0.342478
0.343051,0.343051
0.343542,0.343542
0.343606,0.343606
0.344262,0.344262
0.345558,0.345558
0.345654,0.345654
0.346376,0.346376
0.346404,0.346404
0.346506,0.346506
0.346638,0.346638
0.347481,0.347481
0.347883,0.347883
0.347893,0.347893
0.348157,0.348157
0.348219,0.348219
0.348336,0.348336
0.348339,0.348339
0.348459,0.348459
0.348552,0.348552
0.348686,0.348686
0.348908,0.348908
0.349096,0.349096
0.34928,0.34928
0.349331,0.349331
0.350174,0.350174
0.350238,0.350238
0.350268,0.350268
0.350339,0.350339
0.350352,0.350352
0.350372,0.350372
0.351365,0.351365
0.352598,0.352598
0.353103,0.353103
0.353182,0.353182
0.353368,0.353368
0.353415,0.353415
0.353684,0.353684
0.353843,0.353843
0.354263,0.354263
0.35473,0.35473
0.355313,0.355313
0.355747,0.355747
0.35581,0.35581
0.356465,0.356465
0.356682,0.356682
0.356688,0.356688
0.356705,0.356705
0.357055,0.357055
0.357686,0.357686
0.360221,0.360221
0.360438,0.360438
0.361121,0.361121
0.361293,0.361293
0.361531,0.361531
0.362309,0.362309
0.362855,0.362855
0.36302,0.36302
0.363451,0.363451
0.363628,0.363628
0.364178,0.364178
0.3643,0.3643
0.364465,0.364465
0.364658,0.364658
0.365548,0.365548
0.365576,0.365576
0.365904,0.365904
0.36613,0.36613
0.366138,0.366138
0.366329,0.366329
0.368453,0.368453
0.368738,0.368738
0.368776,0.368776
0.369004,0.369004
0.369767,0.369767
0.370004,0.370004
0.370303,0.370303
0.370948,0.370948
0.371223,0.371223
0.371522,0.371522
0.372758,0.372758
0.373143,0.373143
0.373249,0.373249
0.373319,0.373319
0.375037,0.375037
0.375689,0.375689
0.375869,0.375869
0.377013,0.377013
0.377169,0.377169
0.377764,0.377764
0.377773,0.377773
0.377888,0.377888
0.37809,0.37809
0.378116,0.378116
0.378116,0.378116
0.378485,0.378485
0.378827,0.378827
0.379858,0.379858
0.379956,0.379956
0.380775,0.380775
0.38112,0.38112
0.38333,0.38333
0.383809,0.383809
0.384548,0.384548
0.385436,0.385436
0.385499,0.385499
0.386341,0.386341
0.386955,0.386955
0.387361,0.387361
0.387485,0.387485
0.387586,0.387586
0.387816,0.387816
0.38795,0.38795
0.388057,0.388057
0.388369,0.388369
0.388428,0.388428
0.388986,0.388986
0.389173,0.389173
0.389396,0.389396
0.389651,0.389651
0.389699,0.389699
0.389784,0.389784
0.389877,0.389877
0.390164,0.390164
0.390753,0.390753
0.391497,0.391497
0.391616,0.391616
0.391701,0.391701
0.391853,0.391853
0.392236,0.392236
0.392561,0.392561
0.392618,0.392618
0.392746,0.392746
0.393714,0.393714
0.39391,0.39391
0.393913,0.393913
0.394956,0.394956
0.395147,0.395147
0.395412,0.395412
0.395607,0.395607
0.395841,0.395841
0.396267,0.396267
0.396485,0.396485
0.396892,0.396892
0.39754,0.39754
0.39772,0.39772
0.398222,0.398222
0.398474,0.398474
0.398911,0.398911
0.39904,0.39904
0.399107,0.399107
0.39958,0.39958
0.400363,0.400363
0.400856,0.400856
0.401151,0.401151
0.401405,0.401405
0.401692,0.401692
0.401957,0.401957
0.402087,0.402087
0.403308,0.403308
0.403338,0.403338
0.403545,0.403545
0.403624,0.403624
0.404913,0.404913
0.405427,0.405427
0.405692,0.405692
0.405815,0.405815
0.40604,0.40604
0.406212,0.406212
0.406795,0.406795
0.406895,0.406895
0.407326,0.407326
0.40756,0.40756
0.408333,0.408333
0.40842,0.40842
0.40844,0.40844
0.408573,0.408573
0.408575,0.408575
0.408642,0.408642
0.409133,0.409133
0.409423,0.409423
0.409528,0.409528
0.410676,0.410676
0.41089,0.41089
0.41119,0.41119
0.411317,0.411317
0.411539,0.411539
0.411595,0.411595
0.411791,0.411791
0.411793,0.411793
0.412794,0.412794
0.412941,0.412941
0.413002,0.413002
0.413523,0.413523
0.413634,0.413634
0.413686,0.413686
0.413808,0.413808
0.414039,0.414039
0.414388,0.414388
0.415674,0.415674
0.415995,0.415995
0.416043,0.416043
0.416174,0.416174
0.41629,0.41629
0.416637,0.416637
0.418839,0.418839
0.421044,0.421044
0.421923,0.421923
0.422408,0.422408
0.422748,0.422748
0.423012,0.423012
0.423189,0.423189
0.423245,0.423245
0.423672,0.423672
0.423673,0.423673
0.423962,0.423962
0.424285,0.424285
0.424812,0.424812
0.426244,0.426244
0.42647,0.42647
0.427496,0.427496
0.427519,0.427519
0.428425,0.428425
0.428552,0.428552
0.429009,0.429009
0.430106,0.430106
0.430176,0.430176
0.430329,0.430329
0.430411,0.430411
0.430646,0.430646
0.430817,0.430817
0.431052,0.431052
0.431208,0.431208
0.431369,0.431369
0.431742,0.431742
0.431812,0.431812
0.432042,0.432042
0.432255,0.432255
0.432429,0.432429
0.432452,0.432452
0.43253,0.43253
0.433299,0.433299
0.434756,0.434756
0.435624,0.435624
0.4361,0.4361
0.438031,0.438031
0.439564,0.439564
0.440587,0.440587
0.44067,0.44067
0.440753,0.440753
0.440942,0.440942
0.441539,0.441539
0.441843,0.441843
0.442108,0.442108
0.443035,0.443035
0.443184,0.443184
0.443251,0.443251
0.44326,0.44326
0.443624,0.443624
0.443727,0.443727
0.443856,0.443856
0.443889,0.443889
0.444614,0.444614
0.444659,0.444659
0.444903,0.444903
0.445342,0.445342
0.445375,0.445375
0.446527,0.446527
0.446595,0.446595
0.446782,0.446782
0.44707,0.44707
0.4471,0.4471
0.448085,0.448085
0.448151,0.448151
0.448782,0.448782
0.448787,0.448787
0.448809,0.448809
0.449127,0.449127
0.449599,0.449599
0.449709,0.449709
0.449778,0.449778
0.450843,0.450843
0.45102,0.45102
0.451304,0.451304
0.45215,0.45215
0.452873,0.452873
0.45331,0.45331
0.453976,0.453976
0.453997,0.453997
0.454014,0.454014
0.454147,0.454147
0.454176,0.454176
0.454218,0.454218
0.454819,0.454819
0.454844,0.454844
0.455084,0.455084
0.455576,0.455576
0.456012,0.456012
0.456055,0.456055
0.456477,0.456477
0.456626,0.456626
0.456719,0.456719
0.457579,0.457579
0.457679,0.457679
0.457822,0.457822
0.458218,0.458218
0.45884,0.45884
0.459308,0.459308
0.459408,0.459408
0.459812,0.459812
0.459964,0.459964
0.460045,0.460045
0.460054,0.460054
0.460739,0.460739
0.462398,0.462398
0.462434,0.462434
0.462707,0.462707
0.462914,0.462914
0.463098,0.463098
0.464487,0.464487
0.464577,0.464577
0.465037,0.465037
0.465225,0.465225
0.465281,0.465281
0.465516,0.465516
0.465668,0.465668
0.465715,0.465715
0.465762,0.465762
0.46655,0.46655
0.466965,0.466965
0.467997,0.467997
0.468693,0.468693
0.468849,0.468849
0.468912,0.468912
0.469417,0.469417
0.470688,0.470688
0.471161,0.471161
0.472333,0.472333
0.472636,0.472636
0.472967,0.472967
0.473111,0.473111
0.473211,0.473211
0.473766,0.473766
0.474787,0.474787
0.475028,0.475028
0.475835,0.475835
0.476846,0.476846
0.476896,0.476896
0.477112,0.477112
0.477582,0.477582
0.477638,0.477638
0.478407,0.478407
0.479243,0.479243
0.479893,0.479893
0.480086,0.480086
0.482274,0.482274
0.482503,0.482503
0.482859,0.482859
0.482879,0.482879
0.48296,0.48296
0.483763,0.483763
0.484055,0.484055
0.48481,0.48481
0.485347,0.485347
0.485361,0.485361
0.485388,0.485388
0.485488,0.485488
0.485706,0.485706
0.485898,0.485898
0.486084,0.486084
0.486461,0.486461
0.486516,0.486516
0.486588,0.486588
0.487298,0.487298
0.487577,0.487577
0.488226,0.488226
0.488332,0.488332
0.488856,0.488856
0.489444,0.489444
0.489793,0.489793
0.489941,0.489941
0.49026,0.49026
0.490448,0.490448
0.490718,0.490718
0.491228,0.491228
0.491497,0.491497
0.491604,0.491604
0.491759,0.491759
0.49188,0.49188
0.49207,0.49207
0.492848,0.492848
0.493416,0.493416
0.494503,0.494503
0.49452,0.49452
0.494796,0.494796
0.494919,0.494919
0.496241,0.496241
0.496368,0.496368
0.496611,0.496611
0.497355,0.497355
0.497964,0.497964
0.498423,0.498423
0.499043,0.499043
0.501489,0.501489
0.501684,0.501684
0.50208,0.50208
0.502828,0.502828
0.503129,0.503129
0.503463,0.503463
0.503606,0.503606
0.504247,0.504247
0.504286,0.504286
0.505088,0.505088
0.506143,0.506143
0.506249,0.506249
0.506381,0.506381
0.506637,0.506637
0.506804,0.506804
0.506815,0.506815
0.507373,0.507373
0.507476,0.507476
0.507646,0.507646
0.507818,0.507818
0.50889,0.50889
0.509187,0.509187
0.510055,0.510055
0.510894,0.510894
0.511169,0.511169
0.511178,0.511178
0.511384,0.511384
0.511387,0.511387
0.512127,0.512127
0.512462,0.512462
0.512685,0.512685
0.513418,0.513418
0.513482,0.513482
0.514134,0.514134
0.514709,0.514709
0.51474,0.51474
0.515613,0.515613
0.516177,0.516177
0.516436,0.516436
0.51675,0.51675
0.517011,0.517011
0.517194,0.517194
0.518748,0.518748
0.519261,0.519261
0.519642,0.519642
0.519961,0.519961
0.520366,0.520366
0.520391,0.520391
0.520578,0.520578
0.520889,0.520889
0.521266,0.521266
0.521385,0.521385
0.521534,0.521534
0.521975,0.521975
0.522487,0.522487
0.522725,0.522725
0.522738,0.522738
0.52367,0.52367
0.524087,0.524087
0.524165,0.524165
0.525407,0.525407
0.525678,0.525678
0.52827,0.52827
0.528277,0.528277
0.52828,0.52828
0.528306,0.528306
0.528339,0.528339
0.528457,0.528457
0.52848,0.52848
0.529795,0.529795
0.529947,0.529947
0.53003,0.53003
0.530134,0.530134
0.530209,0.530209
0.531273,0.531273
0.531442,0.531442
0.53191,0.53191
0.532481,0.532481
0.532674,0.532674
0.533559,0.533559
0.533856,0.533856
0.534143,0.534143
0.534153,0.534153
0.534861,0.534861
0.53521,0.53521
0.535877,0.535877
0.535877,0.535877
0.536304,0.536304
0.536556,0.536556
0.536697,0.536697
0.536926,0.536926
0.537731,0.537731
0.537825,0.537825
0.53868,0.53868
0.53919,0.53919
0.539552,0.539552
0.539677,0.539677
0.53974,0.53974
0.540725,0.540725
0.540757,0.540757
0.541566,0.541566
0.541657,0.541657
0.541685,0.541685
0.541685,0.541685
0.541712,0.541712
0.542133,0.542133
0.542215,0.542215
0.542303,0.542303
0.542442,0.542442
0.542696,0.542696
0.543378,0.543378
0.544174,0.544174
0.54429,0.54429
0.544372,0.544372
0.544829,0.544829
0.545068,0.545068
0.545211,0.545211
0.5478,0.5478
0.547939,0.547939
0.548447,0.548447
0.54857,0.54857
0.548949,0.548949
0.549006,0.549006
0.549255,0.549255
0.550172,0.550172
0.550185,0.550185
0.550254,0.550254
0.550381,0.550381
0.550677,0.550677
0.550818,0.550818
0.55095,0.55095
0.551099,0.551099
0.55114,0.55114
0.551637,0.551637
0.551782,0.551782
0.552373,0.552373
0.552448,0.552448
0.553034,0.553034
0.553249,0.553249
0.553444,0.553444
0.553941,0.553941
0.555752,0.555752
0.555762,0.555762
0.55637,0.55637
0.556485,0.556485
0.556871,0.556871
0.55758,0.55758
0.55767,0.55767
0.558785,0.558785
0.559306,0.559306
0.559344,0.559344
0.559874,0.559874
0.560839,0.560839
0.561068,0.561068
0.56121,0.56121
0.561594,0.561594
0.562449,0.562449
0.562465,0.562465
0.562541,0.562541
0.563144,0.563144
0.563877,0.563877
0.564027,0.564027
0.564268,0.564268
0.56445,0.56445
0.565411,0.565411
0.56614,0.56614
0.567378,0.567378
0.568515,0.568515
0.569576,0.569576
0.570897,0.570897
0.57093,0.57093
0.571206,0.571206
0.572238,0.572238
0.572394,0.572394
0.572656,0.572656
0.572736,0.572736
0.573467,0.573467
0.573999,0.573999
0.574186,0.574186
0.574434,0.574434
0.575506,0.575506
0.576135,0.576135
0.576551,0.576551
0.577257,0.577257
0.577704,0.577704
0.578254,0.578254
0.578377,0.578377
0.578598,0.578598
0.578748,0.578748
0.579666,0.579666
0.580359,0.580359
0.581551,0.581551
0.583336,0.583336
0.583397,0.583397
0.583561,0.583561
0.584309,0.584309
0.58586,0.58586
0.588782,0.588782
0.589279,0.589279
0.589724,0.589724
0.5899,0.5899
0.592882,0.592882
0.593276,0.593276
0.594853,0.594853
0.595055,0.595055
0.595357,0.595357
0.596911,0.596911
0.597943,0.597943
0.598492,0.598492
0.598544,0.598544
0.599238,0.599238
0.600189,0.600189
0.600728,0.600728
0.601235,0.601235
0.601586,0.601586
0.602037,0.602037
0.603061,0.603061
0.604171,0.604171
0.605035,0.605035
0.60524,0.60524
0.605419,0.605419
0.605655,0.605655
0.605734,0.605734
0.606088,0.606088
0.606232,0.606232
0.607311,0.607311
0.607425,0.607425
0.607479,0.607479
0.608246,0.608246
0.608544,0.608544
0.608552,0.608552
0.608981,0.608981
0.609691,0.609691
0.609934,0.609934
0.610725,0.610725
0.611003,0.611003
0.611213,0.611213
0.611214,0.611214
0.611647,0.611647
0.612735,0.612735
0.612829,0.612829
0.613149,0.613149
0.613162,0.613162
0.613996,0.613996
0.614681,0.614681
0.617716,0.617716
0.618823,0.618823
0.619109,0.619109
0.620032,0.620032
0.620484,0.620484
0.620696,0.620696
0.620922,0.620922
0.620975,0.620975
0.622161,0.622161
0.622454,0.622454
0.623291,0.623291
0.623363,0.623363
0.624098,0.624098
0.624302,0.624302
0.624512,0.624512
0.62544,0.62544
0.625541,0.625541
0.625926,0.625926
0.626267,0.626267
0.626633,0.626633
0.62692,0.62692
0.627129,0.627129
0.627648,0.627648
0.628969,0.628969
0.628994,0.628994
0.629978,0.629978
0.630093,0.630093
0.630119,0.630119
0.630448,0.630448
0.630689,0.630689
0.631495,0.631495
0.632073,0.632073
0.632397,0.632397
0.632517,0.632517
0.632674,0.632674
0.633678,0.633678
0.634217,0.634217
0.634375,0.634375
0.635571,0.635571
0.636412,0.636412
0.638611,0.638611
0.639668,0.639668
0.640135,0.640135
0.64019,0.64019
0.641061,0.641061
0.643,0.643
0.643053,0.643053
0.643576,0.643576
0.643999,0.643999
0.645114,0.645114
0.645649,0.645649
0.647069,0.647069
0.647525,0.647525
0.649396,0.649396
0.649958,0.649958
0.65164,0.65164
0.653924,0.653924
0.654667,0.654667
0.655056,0.655056
0.655482,0.655482
0.65571,0.65571
0.656222,0.656222
0.65625,0.65625
0.656383,0.656383
0.656591,0.656591
0.656998,0.656998
0.657427,0.657427
0.658322,0.658322
0.658449,0.658449
0.659262,0.659262
0.659278,0.659278
0.659772,0.659772
0.66091,0.66091
0.661148,0.661148
0.661411,0.661411
0.661674,0.661674
0.661888,0.661888
0.662044,0.662044
0.662187,0.662187
0.663635,0.663635
0.663786,0.663786
0.665348,0.665348
0.665645,0.665645
0.665659,0.665659
0.665929,0.665929
0.66808,0.66808
0.668389,0.668389
0.668523,0.668523
0.668679,0.668679
0.669699,0.669699
0.670411,0.670411
0.670516,0.670516
0.671246,0.671246
0.671256,0.671256
0.67179,0.67179
0.67191,0.67191
0.67249,0.67249
0.674076,0.674076
0.674769,0.674769
0.675141,0.675141
0.675238,0.675238
0.675582,0.675582
0.67614,0.67614
0.676674,0.676674
0.676883,0.676883
0.677127,0.677127
0.677524,0.677524
0.67797,0.67797
0.678013,0.678013
0.678751,0.678751
0.680079,0.680079
0.680159,0.680159
0.680181,0.680181
0.68053,0.68053
0.681433,0.681433
0.682244,0.682244
0.68252,0.68252
0.683073,0.683073
0.683625,0.683625
0.683661,0.683661
0.684192,0.684192
0.684311,0.684311
0.684517,0.684517
0.684635,0.684635
0.685463,0.685463
0.685917,0.685917
0.685934,0.685934
0.687824,0.687824
0.687833,0.687833
0.68951,0.68951
0.690548,0.690548
0.690993,0.690993
0.692599,0.692599
0.692957,0.692957
0.693186,0.693186
0.693739,0.693739
0.695074,0.695074
0.695331,0.695331
0.695473,0.695473
0.695513,0.695513
0.695579,0.695579
0.695897,0.695897
0.695969,0.695969
0.696408,0.696408
0.697455,0.697455
0.697815,0.697815
0.697837,0.697837
0.698445,0.698445
0.699279,0.699279
0.699426,0.699426
0.699727,0.699727
0.700215,0.700215
0.70041,0.70041
0.700533,0.700533
0.700818,0.700818
0.702268,0.702268
0.703033,0.703033
0.703189,0.703189
0.704781,0.704781
0.705887,0.705887
0.706047,0.706047
0.707836,0.707836
0.707977,0.707977
0.708434,0.708434
0.708758,0.708758
0.709285,0.709285
0.709328,0.709328
0.709929,0.709929
0.710266,0.710266
0.711576,0.711576
0.712285,0.712285
0.712799,0.712799
0.712823,0.712823
0.714812,0.714812
0.715724,0.715724
0.715985,0.715985
0.716183,0.716183
0.716791,0.716791
0.717172,0.717172
0.718058,0.718058
0.718754,0.718754
0.719229,0.719229
0.720367,0.720367
0.72045,0.72045
0.720744,0.720744
0.721388,0.721388
0.722218,0.722218
0.722803,0.722803
0.723186,0.723186
0.723447,0.723447
0.724277,0.724277
0.726586,0.726586
0.727649,0.727649
0.727732,0.727732
0.72781,0.72781
0.728503,0.728503
0.728755,0.728755
0.730022,0.730022
0.730467,0.730467
0.730559,0.730559
0.731401,0.731401
0.731623,0.731623
0.732176,0.732176
0.732386,0.732386
0.73278,0.73278
0.732922,0.732922
0.734255,0.734255
0.734282,0.734282
0.735041,0.735041
0.736154,0.736154
0.736978,0.736978
0.73912,0.73912
0.739425,0.739425
0.739543,0.739543
0.739897,0.739897
0.740174,0.740174
0.740338,0.740338
0.740412,0.740412
0.740986,0.740986
0.741945,0.741945
0.743623,0.743623
0.743794,0.743794
0.74506,0.74506
0.745192,0.745192
0.745703,0.745703
0.745715,0.745715
0.746207,0.746207
0.747373,0.747373
0.747434,0.747434
0.748036,0.748036
0.748226,0.748226
0.748409,0.748409
0.748854,0.748854
0.748912,0.748912
0.749004,0.749004
0.749529,0.749529
0.749724,0.749724
0.749945,0.749945
0.750729,0.750729
0.751467,0.751467
0.751981,0.751981
0.753006,0.753006
0.755116,0.755116
0.755281,0.755281
0.756573,0.756573
0.756778,0.756778
0.756851,0.756851
0.758187,0.758187
0.758408,0.758408
0.758651,0.758651
0.759013,0.759013
0.759184,0.759184
0.759218,0.759218
0.75928,0.75928
0.759499,0.759499
0.759844,0.759844
0.762314,0.762314
0.763187,0.763187
0.763368,0.763368
0.763527,0.763527
0.76367,0.76367
0.763782,0.763782
0.764455,0.764455
0.764589,0.764589
0.766402,0.766402
0.766839,0.766839
0.767151,0.767151
0.769238,0.769238
0.770124,0.770124
0.771571,0.771571
0.772914,0.772914
0.774944,0.774944
0.774973,0.774973
0.775053,0.775053
0.775302,0.775302
0.775893,0.775893
0.778044,0.778044
0.778109,0.778109
0.781791,0.781791
0.783263,0.783263
0.784079,0.784079
0.785863,0.785863
0.785868,0.785868
0.786952,0.786952
0.788297,0.788297
0.788461,0.788461
0.78895,0.78895
0.789675,0.789675
0.789754,0.789754
0.79134,0.79134
0.791812,0.791812
0.792194,0.792194
0.792368,0.792368
0.794245,0.794245
0.795058,0.795058
0.79698,0.79698
0.798725,0.798725
0.798913,0.798913
0.799003,0.799003
0.800464,0.800464
0.800597,0.800597
0.801035,0.801035
0.801671,0.801671
0.802017,0.802017
0.802298,0.802298
0.802453,0.802453
0.803335,0.803335
0.803882,0.803882
0.805096,0.805096
0.805263,0.805263
0.805905,0.805905
0.806729,0.806729
0.807879,0.807879
0.808567,0.808567
0.813,0.813
0.813112,0.813112
0.814752,0.814752
0.816026,0.816026
0.816445,0.816445
0.816466,0.816466
0.817473,0.817473
0.818059,0.818059
0.818171,0.818171
0.818467,0.818467
0.819095,0.819095
0.820461,0.820461
0.820588,0.820588
0.82062,0.82062
0.821226,0.821226
0.821348,0.821348
0.821873,0.821873
0.825249,0.825249
0.825871,0.825871
0.827933,0.827933
0.829006,0.829006
0.830667,0.830667
0.831891,0.831891
0.832978,0.832978
0.833194,0.833194
0.834837,0.834837
0.836064,0.836064
0.838088,0.838088
0.838692,0.838692
0.839438,0.839438
0.839809,0.839809
0.839838,0.839838
0.840924,0.840924
0.841595,0.841595
0.845482,0.845482
0.846912,0.846912
0.847076,0.847076
0.847782,0.847782
0.848197,0.848197
0.848508,0.848508
0.848641,0.848641
0.848893,0.848893
0.8503,0.8503
0.851235,0.851235
0.853314,0.853314
0.855994,0.855994
0.856165,0.856165
0.857712,0.857712
0.858342,0.858342
0.859706,0.859706
0.860148,0.860148
0.861049,0.861049
0.861373,0.861373
0.861853,0.861853
0.862072,0.862072
0.863657,0.863657
0.864738,0.864738
0.865606,0.865606
0.866662,0.866662
0.866823,0.866823
0.867243,0.867243
0.868339,0.868339
0.868527,0.868527
0.868541,0.868541
0.868659,0.868659
0.86867,0.86867
0.869482,0.869482
0.869892,0.869892
0.871594,0.871594
0.872144,0.872144
0.873254,0.873254
0.873668,0.873668
0.873785,0.873785
0.87434,0.87434
0.875072,0.875072
0.875298,0.875298
0.877677,0.877677
0.879977,0.879977
0.881355,0.881355
0.881826,0.881826
0.882688,0.882688
0.882717,0.882717
0.883129,0.883129
0.883593,0.883593
0.884516,0.884516
0.884721,0.884721
0.885176,0.885176
0.885201,0.885201
0.885969,0.885969
0.886132,0.886132
0.886279,0.886279
0.886348,0.886348
0.887909,0.887909
0.890344,0.890344
0.890405,0.890405
0.890727,0.890727
0.891171,0.891171
0.891368,0.891368
0.893226,0.893226
0.893494,0.893494
0.893547,0.893547
0.894353,0.894353
0.895318,0.895318
0.899505,0.899505
0.899801,0.899801
0.900053,0.900053
0.900777,0.900777
0.900948,0.900948
0.901711,0.901711
0.901896,0.901896
0.903647,0.903647
0.904192,0.904192
0.904666,0.904666
0.90495,0.90495
0.904999,0.904999
0.906209,0.906209
0.906743,0.906743
0.907277,0.907277
0.908776,0.908776
0.908825,0.908825
0.908909,0.908909
0.910773,0.910773
0.910812,0.910812
0.910897,0.910897
0.91109,0.91109
0.911307,0.911307
0.912491,0.912491
0.912841,0.912841
0.91286,0.91286
0.913003,0.913003
0.914182,0.914182
0.916004,0.916004
0.916067,0.916067
0.918717,0.918717
0.918818,0.918818
0.919641,0.919641
0.920658,0.920658
0.921524,0.921524
0.922114,0.922114
0.922663,0.922663
0.923137,0.923137
0.923324,0.923324
0.923393,0.923393
0.92519,0.92519
0.926497,0.926497
0.927296,0.927296
0.927898,0.927898
0.930334,0.930334
0.932083,0.932083
0.935476,0.935476
0.937009,0.937009
0.938493,0.938493
0.941932,0.941932
0.942564,0.942564
0.943136,0.943136
0.944647,0.944647
0.947508,0.947508
0.947732,0.947732
0.947894,0.947894
0.948007,0.948007
0.94857,0.94857
0.948706,0.948706
0.948982,0.948982
0.949409,0.949409
0.95085,0.95085
0.951159,0.951159
0.951578,0.951578
0.95158,0.95158
0.951746,0.951746
0.955229,0.955229
0.956825,0.956825
0.957009,0.957009
0.958575,0.958575
0.959853,0.959853
0.963283,0.963283
0.963527,0.963527
0.963904,0.963904
0.964534,0.964534
0.96569,0.96569
0.965795,0.965795
0.966317,0.966317
0.966759,0.966759
0.966778,0.966778
0.967108,0.967108
0.967653,0.967653
0.96875,0.96875
0.968892,0.968892
0.969841,0.969841
0.97247,0.97247
0.974143,0.974143
0.97584,0.97584
0.977622,0.977622
0.978671,0.978671
0.979566,0.979566
0.979962,0.979962
0.981384,0.981384
0.983915,0.983915
0.984085,0.984085
0.985317,0.985317
0.986409,0.986409
0.986962,0.986962
0.989546,0.989546
0.989874,0.989874
0.99009,0.99009
0.990359,0.990359
0.991516,0.991516
0.991837,0.991837
0.993603,0.993603
0.994245,0.994245
0.994498,0.994498
0.995015,0.995015
0.995124,0.995124
0.99531,0.99531
0.995311,0.995311
0.996024,0.996024
0.996847,0.996847
1.00014,1.00014
1.00021,1.00021
1.00034,1.00034
1.001,1.001
1.00168,1.00168
1.00219,1.00219
1.00264,1.00264
1.0029,1.0029
1.00418,1.00418
1.00624,1.00624
1.00624,1.00624
1.00998,1.00998
1.01233,1.01233
1.01309,1.01309
1.01337,1.01337
1.01876,1.01876
1.01885,1.01885
1.01894,1.01894
1.01977,1.01977
1.02023,1.02023
1.0217,1.0217
1.02182,1.02182
1.02282,1.02282
1.02282,1.02282
1.02305,1.02305
1.02494,1.02494
1.02523,1.02523
1.02611,1.02611
1.02616,1.02616
1.02618,1.02618
1.02621,1.02621
1.02745,1.02745
1.02793,1.02793
1.02892,1.02892
1.03112,1.03112
1.03141,1.03141
1.03251,1.03251
1.03293,1.03293
1.03345,1.03345
1.03419,1.03419
1.03622,1.03622
1.03649,1.03649
1.03672,1.03672
1.03783,1.03783
1.03873,1.03873
1.03969,1.03969
1.04382,1.04382
1.04456,1.04456
1.04538,1.04538
1.04575,1.04575
1.04617,1.04617
1.04654,1.04654
1.04923,1.04923
1.04931,1.04931
1.04942,1.04942
1.0497,1.0497
1.04998,1.04998
1.05183,1.05183
1.05371,1.05371
1.05413,1.05413
1.05497,1.05497
1.05518,1.05518
1.05541,1.05541
1.05547,1.05547
1.05581,1.05581
1.05603,1.05603
1.05687,1.05687
1.05912,1.05912
1.0596,1.0596
1.06068,1.06068
1.06105,1.06105
1.06149,1.06149
1.06208,1.06208
1.06258,1.06258
1.06308,1.06308
1.06489,1.06489
1.06649,1.06649
1.06717,1.06717
1.06761,1.06761
1.06837,1.06837
1.07089,1.07089
1.07254,1.07254
1.07367,1.07367
1.07392,1.07392
1.07443,1.07443
1.07475,1.07475
1.07492,1.07492
1.07522,1.07522
1.07539,1.07539
1.07637,1.07637
1.07779,1.07779
1.07943,1.07943
1.08083,1.08083
1.08108,1.08108
1.08185,1.08185
1.08249,1.08249
1.08431,1.08431
1.08471,1.08471
1.08497,1.08497
1.08584,1.08584
1.08685,1.08685
1.09037,1.09037
1.09135,1.09135
1.09633,1.09633
1.09655,1.09655
1.09714,1.09714
1.09908,1.09908
1.10146,1.10146
1.10155,1.10155
1.10175,1.10175
1.10315,1.10315
1.10353,1.10353
1.10382,1.10382
1.10776,1.10776
1.10923,1.10923
1.10934,1.10934
1.11007,1.11007
1.11208,1.11208
1.11255,1.11255
1.11409,1.11409
1.11548,1.11548
1.11565,1.11565
1.11778,1.11778
1.11784,1.11784
1.1188,1.1188
1.1193,1.1193
1.12182,1.12182
1.12282,1.12282
1.12293,1.12293
1.12477,1.12477
1.12501,1.12501
1.12526,1.12526
1.12572,1.12572
1.12575,1.12575
1.12688,1.12688
1.12933,1.12933
1.1301,1.1301
1.13067,1.13067
1.13347,1.13347
1.13365,1.13365
1.13373,1.13373
1.13448,1.13448
1.13456,1.13456
1.13507,1.13507
1.13518,1.13518
1.13553,1.13553
1.13582,1.13582
1.13621,1.13621
1.14091,1.14091
1.14145,1.14145
1.14149,1.14149
1.1419,1.1419
1.14229,1.14229
1.14478,1.14478
1.14596,1.14596
1.14652,1.14652
1.14683,1.14683
1.14724,1.14724
1.14753,1.14753
1.14817,1.14817
1.14865,1.14865
1.14894,1.14894
1.15064,1.15064
1.15144,1.15144
1.15204,1.15204
1.15274,1.15274
1.15678,1.15678
1.15747,1.15747
1.15814,1.15814
1.15891,1.15891
1.15935,1.15935
1.16049,1.16049
1.16189,1.16189
1.16314,1.16314
1.16345,1.16345
1.16358,1.16358
1.16449,1.16449
1.16567,1.16567
1.16603,1.16603
1.17065,1.17065
1.17118,1.17118
1.17584,1.17584
1.17895,1.17895
1.17931,1.17931
1.18146,1.18146
1.18194,1.18194
1.18242,1.18242
1.18342,1.18342
1.18346,1.18346
1.18369,1.18369
1.18396,1.18396
1.18448,1.18448
1.1846,1.1846
1.18738,1.18738
1.18789,1.18789
1.18838,1.18838
1.18983,1.18983
1.19057,1.19057
1.19094,1.19094
1.19245,1.19245
1.1945,1.1945
1.1953,1.1953
1.19533,1.19533
1.19558,1.19558
1.19568,1.19568
1.19575,1.19575
1.19608,1.19608
1.19883,1.19883
1.20008,1.20008
1.20031,1.20031
1.20047,1.20047
1.2005,1.2005
1.20083,1.20083
1.20174,1.20174
1.20238,1.20238
1.20482,1.20482
1.20503,1.20503
1.20603,1.20603
1.20623,1.20623
1.20629,1.20629
1.20655,1.20655
1.20721,1.20721
1.20962,1.20962
1.21027,1.21027
1.21089,1.21089
1.21112,1.21112
1.21113,1.21113
1.21134,1.21134
1.21365,1.21365
1.21483,1.21483
1.21503,1.21503
1.21628,1.21628
1.21839,1.21839
1.21872,1.21872
1.22072,1.22072
1.22246,1.22246
1.22419,1.22419
1.22649,1.22649
1.22844,1.22844
1.23059,1.23059
1.231,1.231
1.23288,1.23288
1.23354,1.23354
1.23407,1.23407
1.23523,1.23523
1.23559,1.23559
1.23575,1.23575
1.23614,1.23614
1.23712,1.23712
1.23733,1.23733
1.23733,1.23733
1.23973,1.23973
1.24093,1.24093
1.24121,1.24121
1.2432,1.2432
1.24407,1.24407
1.2448,1.2448
1.24542,1.24542
1.24629,1.24629
1.24681,1.24681
1.24912,1.24912
1.24915,1.24915
1.25021,1.25021
1.25103,1.25103
1.25105,1.25105
1.25108,1.25108
1.2552,1.2552
1.25588,1.25588
1.25708,1.25708
1.25901,1.25901
1.26098,1.26098
1.26108,1.26108
1.2621,1.2621
1.26219,1.26219
1.2634,1.2634
1.26368,1.26368
1.2655,1.2655
1.26676,1.26676
1.26737,1.26737
1.26889,1.26889
1.26999,1.26999
1.27008,1.27008
1.27604,1.27604
1.27623,1.27623
1.27761,1.27761
1.27897,1.27897
1.27932,1.27932
1.28215,1.28215
1.28297,1.28297
1.28417,1.28417
1.28732,1.28732
1.28817,1.28817
1.28867,1.28867
1.29001,1.29001
1.29351,1.29351
1.29427,1.29427
1.29509,1.29509
1.29594,1.29594
1.29654,1.29654
1.2967,1.2967
1.2981,1.2981
1.30057,1.30057
1.30131,1.30131
1.30381,1.30381
1.30501,1.30501
1.30528,1.30528
1.30596,1.30596
1.30637,1.30637
1.30718,1.30718
1.31178,1.31178
1.31195,1.31195
1.31375,1.31375
1.31465,1.31465
1.3173,1.3173
1.31759,1.31759
1.31869,1.31869
1.3194,1.3194
1.32143,1.32143
1.32176,1.32176
1.32179,1.32179
1.3234,1.3234
1.32434,1.32434
1.3246,1.3246
1.32509,1.32509
1.32575,1.32575
1.32599,1.32599
1.32839,1.32839
1.32923,1.32923
1.33039,1.33039
1.33334,1.33334
1.3366,1.3366
1.33908,1.33908
1.33926,1.33926
1.3402,1.3402
1.34291,1.34291
1.34353,1.34353
1.34405,1.34405
1.34436,1.34436
1.3451,1.3451
1.34871,1.34871
1.34995,1.34995
1.35178,1.35178
1.35218,1.35218
1.35378,1.35378
1.35489,1.35489
1.35864,1.35864
1.35879,1.35879
1.36061,1.36061
1.36133,1.36133
1.36534,1.36534
1.36915,1.36915
1.37012,1.37012
1.37088,1.37088
1.37172,1.37172
1.3719,1.3719
1.37359,1.37359
1.37625,1.37625
1.38185,1.38185
1.3827,1.3827
1.38387,1.38387
1.3851,1.3851
1.38615,1.38615
1.38682,1.38682
1.38707,1.38707
1.38841,1.38841
1.39176,1.39176
1.39405,1.39405
1.39592,1.39592
1.39755,1.39755
1.39764,1.39764
1.39825,1.39825
1.39836,1.39836
1.40205,1.40205
1.40299,1.40299
1.40311,1.40311
1.40437,1.40437
1.40453,1.40453
1.40734,1.40734
1.40809,1.40809
1.41112,1.41112
1.41237,1.41237
1.41397,1.41397
1.41572,1.41572
1.41599,1.41599
1.41837,1.41837
1.4211,1.4211
1.42191,1.42191
1.42227,1.42227
1.42276,1.42276
1.42307,1.42307
1.42316,1.42316
1.42426,1.42426
1.42501,1.42501
1.42503,1.42503
1.4259,1.4259
1.42763,1.42763
1.42782,1.42782
1.42799,1.42799
1.43498,1.43498
1.43546,1.43546
1.43657,1.43657
1.43749,1.43749
1.43776,1.43776
1.43893,1.43893
1.43988,1.43988
1.44105,1.44105
1.4411,1.4411
1.44316,1.44316
1.44363,1.44363
1.44408,1.44408
1.44539,1.44539
1.4467,1.4467
1.44813,1.44813
1.45006,1.45006
1.45047,1.45047
1.45087,1.45087
1.45163,1.45163
1.45235,1.45235
1.4546,1.4546
1.45654,1.45654
1.45705,1.45705
1.46195,1.46195
1.46378,1.46378
1.4638,1.4638
1.46458,1.46458
1.46693,1.46693
1.46995,1.46995
1.47163,1.47163
1.47245,1.47245
1.47614,1.47614
1.47712,1.47712
1.47722,1.47722
1.47732,1.47732
1.48455,1.48455
1.48575,1.48575
1.48847,1.48847
1.49123,1.49123
1.49141,1.49141
1.49221,1.49221
1.49482,1.49482
1.49569,1.49569
1.4983,1.4983
1.49867,1.49867
1.4993,1.4993
1.49973,1.49973
1.49994,1.49994
1.50108,1.50108
1.50345,1.50345
1.5047,1.5047
1.50856,1.50856
1.50972,1.50972
1.50983,1.50983
1.51249,1.51249
1.51445,1.51445
1.51494,1.51494
1.51519,1.51519
1.51571,1.51571
1.51645,1.51645
1.51667,1.51667
1.51676,1.51676
1.51834,1.51834
1.51907,1.51907
1.5193,1.5193
1.51977,1.51977
1.51978,1.51978
1.51984,1.51984
1.52102,1.52102
1.52104,1.52104
1.52268,1.52268
1.52524,1.52524
1.52594,1.52594
1.52665,1.52665
1.52858,1.52858
1.52986,1.52986
1.53261,1.53261
1.535,1.535
1.53508,1.53508
1.53592,1.53592
1.53617,1.53617
1.53704,1.53704
1.53763,1.53763
1.53848,1.53848
1.53964,1.53964
1.53993,1.53993
1.5408,1.5408
1.54195,1.54195
1.54324,1.54324
1.54364,1.54364
1.54603,1.54603
1.55066,1.55066
1.55107,1.55107
1.55233,1.55233
1.55417,1.55417
1.55498,1.55498
1.55502,1.55502
1.55598,1.55598
1.55834,1.55834
1.55855,1.55855
1.55914,1.55914
1.55944,1.55944
1.55968,1.55968
1.56213,1.56213
1.56577,1.56577
1.56624,1.56624
1.57112,1.57112
1.57676,1.57676
1.57767,1.57767
1.57899,1.57899
1.58039,1.58039
1.58275,1.58275
1.58474,1.58474
1.5863,1.5863
1.58639,1.58639
1.58686,1.58686
1.59283,1.59283
1.59439,1.59439
1.59469,1.59469
1.59871,1.59871
1.59969,1.59969
1.59973,1.59973
1.6041,1.6041
1.60828,1.60828
1.61069,1.61069
1.61219,1.61219
1.61403,1.61403
1.61757,1.61757
1.61793,1.61793
1.6185,1.6185
1.61856,1.61856
1.61932,1.61932
1.61978,1.61978
1.62062,1.62062
1.62311,1.62311
1.62329,1.62329
1.62503,1.62503
1.62673,1.62673
1.62773,1.62773
1.62906,1.62906
1.63154,1.63154
1.63192,1.63192
1.63293,1.63293
1.63321,1.63321
1.63338,1.63338
1.6344,1.6344
1.6358,1.6358
1.63731,1.63731
1.63795,1.63795
1.63946,1.63946
1.64018,1.64018
1.64465,1.64465
1.65003,1.65003
1.65636,1.65636
1.65951,1.65951
1.65984,1.65984
1.66053,1.66053
1.66104,1.66104
1.66252,1.66252
1.66338,1.66338
1.6667,1.6667
1.66765,1.66765
1.66843,1.66843
1.66884,1.66884
1.67037,1.67037
1.6711,1.6711
1.67114,1.67114
1.67192,1.67192
1.67202,1.67202
1.6721,1.6721
1.67315,1.67315
1.67337,1.67337
1.67606,1.67606
1.67895,1.67895
1.68002,1.68002
1.68002,1.68002
1.68384,1.68384
1.68421,1.68421
1.68685,1.68685
1.687,1.687
1.68702,1.68702
1.68787,1.68787
1.68959,1.68959
1.69382,1.69382
1.69518,1.69518
1.69539,1.69539
1.69552,1.69552
1.69662,1.69662
1.69762,1.69762
1.69763,1.69763
1.69861,1.69861
1.6993,1.6993
1.69998,1.69998
1.7011,1.7011
1.70305,1.70305
1.70576,1.70576
1.70629,1.70629
1.70883,1.70883
1.71044,1.71044
1.71379,1.71379
1.71656,1.71656
1.71823,1.71823
1.71904,1.71904
1.71906,1.71906
1.72082,1.72082
1.72129,1.72129
1.72367,1.72367
1.72473,1.72473
1.72479,1.72479
1.72593,1.72593
1.72625,1.72625
1.72695,1.72695
1.72756,1.72756
1.72795,1.72795
1.72868,1.72868
1.7297,1.7297
1.73074,1.73074
1.7335,1.7335
1.73356,1.73356
1.73386,1.73386
1.73417,1.73417
1.7343,1.7343
1.73733,1.73733
1.73772,1.73772
1.73916,1.73916
1.73952,1.73952
1.74374,1.74374
1.74564,1.74564
1.74652,1.74652
1.747,1.747
1.74816,1.74816
1.74905,1.74905
1.75124,1.75124
1.75151,1.75151
1.75295,1.75295
1.75401,1.75401
1.7563,1.7563
1.7566,1.7566
1.75888,1.75888
1.76027,1.76027
1.76295,1.76295
1.76326,1.76326
1.76379,1.76379
1.7655,1.7655
1.7662,1.7662
1.76909,1.76909
1.76994,1.76994
1.77507,1.77507
1.77546,1.77546
1.77605,1.77605
1.77621,1.77621
1.77667,1.77667
1.77712,1.77712
1.7788,1.7788
1.78228,1.78228
1.78478,1.78478
1.78563,1.78563
1.78658,1.78658
1.78663,1.78663
1.7917,1.7917
1.79176,1.79176
1.79228,1.79228
1.7973,1.7973
1.80243,1.80243
1.80312,1.80312
1.80422,1.80422
1.8046,1.8046
1.80628,1.80628
1.80725,1.80725
1.80889,1.80889
1.81249,1.81249
1.81373,1.81373
1.81611,1.81611
1.81632,1.81632
1.81658,1.81658
1.81713,1.81713
1.81878,1.81878
1.81888,1.81888
1.82111,1.82111
1.82368,1.82368
1.82685,1.82685
1.83083,1.83083
1.83332,1.83332
1.83406,1.83406
1.83498,1.83498
1.8358,1.8358
1.83627,1.83627
1.83753,1.83753
1.83904,1.83904
1.83906,1.83906
1.83936,1.83936
1.83979,1.83979
1.83996,1.83996
1.84062,1.84062
1.84162,1.84162
1.84214,1.84214
1.84446,1.84446
1.84488,1.84488
1.84584,1.84584
1.84594,1.84594
1.84751,1.84751
1.84949,1.84949
1.85054,1.85054
1.85125,1.85125
1.8528,1.8528
1.85287,1.85287
1.85386,1.85386
1.85569,1.85569
1.85764,1.85764
1.85969,1.85969
1.85998,1.85998
1.86054,1.86054
1.86163,1.86163
1.86713,1.86713
1.87192,1.87192
1.872,1.872
1.87287,1.87287
1.87517,1.87517
1.87587,1.87587
1.87644,1.87644
1.87756,1.87756
1.88285,1.88285
1.88455,1.88455
1.88869,1.88869
1.8901,1.8901
1.89412,1.89412
1.89418,1.89418
1.89442,1.89442
1.9025,1.9025
1.90294,1.90294
1.90354,1.90354
1.90472,1.90472
1.90568,1.90568
1.9069,1.9069
1.90718,1.90718
1.90885,1.90885
1.90898,1.90898
1.90929,1.90929
1.90992,1.90992
1.91025,1.91025
1.91111,1.91111
1.91166,1.91166
1.91167,1.91167
1.91459,1.91459
1.91627,1.91627
1.91787,1.91787
1.92768,1.92768
1.92803,1.92803
1.92986,1.92986
1.93037,1.93037
1.93082,1.93082
1.93182,1.93182
1.9342,1.9342
1.93542,1.93542
1.93985,1.93985
1.94104,1.94104
1.94349,1.94349
1.94488,1.94488
1.94518,1.94518
1.95061,1.95061
1.95134,1.95134
1.95182,1.95182
1.95362,1.95362
1.95569,1.95569
1.95762,1.95762
1.9582,1.9582
1.95883,1.95883
1.96186,1.96186
1.96582,1.96582
1.96747,1.96747
1.96841,1.96841
1.96863,1.96863
1.96872,1.96872
1.97158,1.97158
1.97174,1.97174
1.97282,1.97282
1.97771,1.97771
1.98158,1.98158
1.9817,1.9817
1.98213,1.98213
1.98319,1.98319
1.98659,1.98659
1.98891,1.98891
1.99104,1.99104
1.99144,1.99144
1.99183,1.99183
1.99338,1.99338
1.99681,1.99681
1.99713,1.99713
1.99893,1.99893
1.99981,1.99981
1.99982,1.99982
2.00074,2.00074
2.00082,2.00082
2.00647,2.00647
2.00915,2.00915
2.0112,2.0112
2.01125,2.01125
2.01228,2.01228
2.01249,2.01249
2.01469,2.01469
2.0161,2.0161
2.01911,2.01911
2.01911,2.01911
2.01922,2.01922
2.02097,2.02097
2.02248,2.02248
2.02329,2.02329
2.02436,2.02436
2.02533,2.02533
2.02648,2.02648
2.02652,2.02652
2.03055,2.03055
2.0316,2.0316
2.03315,2.03315
2.03327,2.03327
2.03669,2.03669
2.0369,2.0369
2.04185,2.04185
2.04196,2.04196
2.04502,2.04502
2.0464,2.0464
2.04908,2.04908
2.04957,2.04957
2.05075,2.05075
2.05286,2.05286
2.05356,2.05356
2.0551,2.0551
2.0575,2.0575
2.05754,2.05754
2.05782,2.05782
2.05975,2.05975
2.06,2.06
2.06211,2.06211
2.06445,2.06445
2.06488,2.06488
2.06551,2.06551
2.06789,2.06789
2.0705,2.0705
2.07357,2.07357
2.07538,2.07538
2.07577,2.07577
2.07637,2.07637
2.08579,2.08579
2.08713,2.08713
2.08758,2.08758
2.08826,2.08826
2.09298,2.09298
2.0945,2.0945
2.09519,2.09519
2.09633,2.09633
2.09635,2.09635
2.09735,2.09735
2.09852,2.09852
2.09929,2.09929
2.09998,2.09998
2.10043,2.10043
2.1016,2.1016
2.10384,2.10384
2.1047,2.1047
2.1075,2.1075
2.10857,2.10857
2.11577,2.11577
2.11716,2.11716
2.11834,2.11834
2.11889,2.11889
2.1209,2.1209
2.12103,2.12103
2.12306,2.12306
2.12323,2.12323
2.12334,2.12334
2.12626,2.12626
2.12696,2.12696
2.14041,2.14041
2.14069,2.14069
2.14856,2.14856
2.15237,2.15237
2.15317,2.15317
2.15402,2.15402
2.15454,2.15454
2.15665,2.15665
2.15796,2.15796
2.15888,2.15888
2.15904,2.15904
2.15913,2.15913
2.1598,2.1598
2.16327,2.16327
2.16714,2.16714
2.16773,2.16773
2.1687,2.1687
2.17023,2.17023
2.17231,2.17231
2.17362,2.17362
2.17677,2.17677
2.17836,2.17836
2.17889,2.17889
2.18261,2.18261
2.18394,2.18394
2.18458,2.18458
2.18594,2.18594
2.18856,2.18856
2.18977,2.18977
2.1914,2.1914
2.19219,2.19219
2.19225,2.19225
2.19271,2.19271
2.19305,2.19305
2.19578,2.19578
2.19737,2.19737
2.19793,2.19793
2.20036,2.20036
2.201,2.201
2.20259,2.20259
2.20447,2.20447
2.20574,2.20574
2.20592,2.20592
2.206,2.206
2.20851,2.20851
2.20881,2.20881
2.20978,2.20978
2.2129,2.2129
2.21442,2.21442
2.21819,2.21819
2.22122,2.22122
2.2225,2.2225
2.22738,2.22738
2.23246,2.23246
2.23261,2.23261
2.23442,2.23442
2.23937,2.23937
2.23956,2.23956
2.23965,2.23965
2.24119,2.24119
2.24424,2.24424
2.24531,2.24531
2.25497,2.25497
2.25753,2.25753
2.25972,2.25972
2.2598,2.2598
2.26045,2.26045
2.26295,2.26295
2.26939,2.26939
2.26965,2.26965
2.2757,2.2757
2.27606,2.27606
2.28206,2.28206
2.2827,2.2827
2.2831,2.2831
2.28436,2.28436
2.28587,2.28587
2.29225,2.29225
2.29368,2.29368
2.29405,2.29405
2.29465,2.29465
2.2972,2.2972
2.29823,2.29823
2.29886,2.29886
2.30078,2.30078
2.30086,2.30086
2.30087,2.30087
2.30368,2.30368
2.30452,2.30452
2.30486,2.30486
2.30515,2.30515
2.30733,2.30733
2.30816,2.30816
2.3096,2.3096
2.31454,2.31454
2.31526,2.31526
2.31668,2.31668
2.31757,2.31757
2.32039,2.32039
2.32215,2.32215
2.32304,2.32304
2.3241,2.3241
2.32627,2.32627
2.32633,2.32633
2.32896,2.32896
2.33011,2.33011
2.3316,2.3316
2.33532,2.33532
2.33652,2.33652
2.3424,2.3424
2.34688,2.34688
2.34811,2.34811
2.34971,2.34971
2.35076,2.35076
2.35078,2.35078
2.35286,2.35286
2.35482,2.35482
2.3566,2.3566
2.35672,2.35672
2.35894,2.35894
2.36147,2.36147
2.36245,2.36245
2.36271,2.36271
2.36425,2.36425
2.3696,2.3696
2.36965,2.36965
2.3702,2.3702
2.37096,2.37096
2.37217,2.37217
2.37312,2.37312
2.37321,2.37321
2.37526,2.37526
2.37603,2.37603
2.38073,2.38073
2.38352,2.38352
2.38448,2.38448
2.38651,2.38651
2.38675,2.38675
2.38796,2.38796
2.38815,2.38815
2.3901,2.3901
2.39114,2.39114
2.39287,2.39287
2.39426,2.39426
2.39508,2.39508
2.40333,2.40333
2.40909,2.40909
2.40926,2.40926
2.41063,2.41063
2.41248,2.41248
2.41969,2.41969
2.42329,2.42329
2.42467,2.42467
2.42901,2.42901
2.43496,2.43496
2.43626,2.43626
2.44019,2.44019
2.44671,2.44671
2.44943,2.44943
2.44985,2.44985
2.45039,2.45039
2.45441,2.45441
2.45846,2.45846
2.45947,2.45947
2.46103,2.46103
2.46513,2.46513
2.4657,2.4657
2.46935,2.46935
2.47032,2.47032
2.47101,2.47101
2.47261,2.47261
2.47389,2.47389
2.4747,2.4747
2.47472,2.47472
2.47544,2.47544
2.47569,2.47569
2.47586,2.47586
2.47663,2.47663
2.47703,2.47703
2.47954,2.47954
2.48531,2.48531
2.48554,2.48554
2.48604,2.48604
2.48644,2.48644
2.49262,2.49262
2.49417,2.49417
2.49452,2.49452
2.49564,2.49564
2.49854,2.49854
2.49856,2.49856
2.49885,2.49885
2.50031,2.50031
2.50284,2.50284
2.50621,2.50621
2.50742,2.50742
2.50935,2.50935
2.50971,2.50971
2.51154,2.51154
2.52204,2.52204
2.52536,2.52536
2.52583,2.52583
2.5278,2.5278
2.52886,2.52886
2.53018,2.53018
2.53052,2.53052
2.53575,2.53575
2.53658,2.53658
2.54224,2.54224
2.54738,2.54738
2.55277,2.55277
2.55303,2.55303
2.5589,2.5589
2.55989,2.55989
2.56313,2.56313
2.56399,2.56399
2.56506,2.56506
2.56689,2.56689
2.56798,2.56798
2.56918,2.56918
2.57017,2.57017
2.5717,2.5717
2.57179,2.57179
2.57221,2.57221
2.57335,2.57335
2.57364,2.57364
2.57796,2.57796
2.5831,2.5831
2.58352,2.58352
2.58369,2.58369
2.58875,2.58875
2.58962,2.58962
2.59291,2.59291
2.59677,2.59677
2.59736,2.59736
2.59898,2.59898
2.60344,2.60344
2.60694,2.60694
2.60903,2.60903
2.60916,2.60916
2.61134,2.61134
2.61288,2.61288
2.6129,2.6129
2.61378,2.61378
2.61497,2.61497
2.61823,2.61823
2.61957,2.61957
2.62049,2.62049
2.62229,2.62229
2.62261,2.62261
2.62393,2.62393
2.62438,2.62438
2.62587,2.62587
2.62976,2.62976
2.63101,2.63101
2.638,2.638
2.64016,2.64016
2.64364,2.64364
2.64489,2.64489
2.64494,2.64494
2.64629,2.64629
2.64879,2.64879
2.65738,2.65738
2.66075,2.66075
2.66444,2.66444
2.66554,2.66554
2.66615,2.66615
2.66716,2.66716
2.66844,2.66844
2.66856,2.66856
2.67059,2.67059
2.67242,2.67242
2.67434,2.67434
2.67564,2.67564
2.68025,2.68025
2.68555,2.68555
2.68705,2.68705
2.68787,2.68787
2.68947,2.68947
2.69101,2.69101
2.6963,2.6963
2.69684,2.69684
2.69708,2.69708
2.69787,2.69787
2.70036,2.70036
2.70055,2.70055
2.70275,2.70275
2.70478,2.70478
2.70634,2.70634
2.71024,2.71024
2.7109,2.7109
2.71225,2.71225
2.7153,2.7153
2.71682,2.71682
2.71723,2.71723
2.71777,2.71777
2.71852,2.71852
2.72421,2.72421
2.7244,2.7244
2.72457,2.72457
2.72657,2.72657
2.72712,2.72712
2.72784,2.72784
2.73639,2.73639
2.73722,2.73722
2.738,2.738
2.73968,2.73968
2.73993,2.73993
2.74106,2.74106
2.74169,2.74169
2.74199,2.74199
2.74257,2.74257
2.74466,2.74466
2.74808,2.74808
2.7544,2.7544
2.76298,2.76298
2.76365,2.76365
2.76486,2.76486
2.76739,2.76739
2.76857,2.76857
2.76885,2.76885
2.76975,2.76975
2.7748,2.7748
2.77724,2.77724
2.77731,2.77731
2.77794,2.77794
2.7782,2.7782
2.77831,2.77831
2.77897,2.77897
2.78299,2.78299
2.78856,2.78856
2.79055,2.79055
2.79342,2.79342
2.80295,2.80295
2.8063,2.8063
2.80727,2.80727
2.81172,2.81172
2.8135,2.8135
2.81398,2.81398
2.81423,2.81423
2.8163,2.8163
2.81657,2.81657
2.81786,2.81786
2.81838,2.81838
2.81891,2.81891
2.82707,2.82707
2.83266,2.83266
2.83478,2.83478
2.83586,2.83586
2.83739,2.83739
2.83858,2.83858
2.83872,2.83872
2.84027,2.84027
2.84066,2.84066
2.84146,2.84146
2.84718,2.84718
2.84719,2.84719
2.85089,2.85089
2.85292,2.85292
2.85414,2.85414
2.85588,2.85588
2.85646,2.85646
2.8566,2.8566
2.85747,2.85747
2.86167,2.86167
2.86324,2.86324
2.86485,2.86485
2.87221,2.87221
2.87286,2.87286
2.87548,2.87548
2.87614,2.87614
2.87811,2.87811
2.87896,2.87896
2.8793,2.8793
2.88462,2.88462
2.8854,2.8854
2.88541,2.88541
2.88764,2.88764
2.88805,2.88805
2.88903,2.88903
2.89723,2.89723
2.90269,2.90269
2.90369,2.90369
2.90443,2.90443
2.90743,2.90743
2.90771,2.90771
2.90804,2.90804
2.90855,2.90855
2.91441,2.91441
2.91657,2.91657
2.91784,2.91784
2.91861,2.91861
2.91906,2.91906
2.9214,2.9214
2.92382,2.92382
2.9242,2.9242
2.92561,2.92561
2.92615,2.92615
2.92653,2.92653
2.92734,2.92734
2.93284,2.93284
2.93307,2.93307
2.93367,2.93367
2.93468,2.93468
2.93529,2.93529
2.93695,2.93695
2.94218,2.94218
2.94885,2.94885
2.95128,2.95128
2.95514,2.95514
2.95568,2.95568
2.95585,2.95585
2.95801,2.95801
2.95917,2.95917
2.96133,2.96133
2.96211,2.96211
2.96836,2.96836
2.97301,2.97301
2.97333,2.97333
2.97393,2.97393
2.97576,2.97576
2.97682,2.97682
2.97737,2.97737
2.98028,2.98028
2.98029,2.98029
2.98271,2.98271
2.98409,2.98409
2.98434,2.98434
2.98662,2.98662
2.98937,2.98937
2.9901,2.9901
2.99112,2.99112
2.99172,2.99172
2.99444,2.99444
2.99453,2.99453
3.00013,3.00013
3.00029,3.00029
3.00057,3.00057
3.00101,3.00101
3.00584,3.00584
3.00791,3.00791
3.00803,3.00803
3.01422,3.01422
3.01554,3.01554
3.01708,3.01708
3.01746,3.01746
3.01974,3.01974
3.02061,3.02061
3.02215,3.02215
3.02328,3.02328
3.02366,3.02366
3.02521,3.02521
3.0284,3.0284
3.03049,3.03049
3.03215,3.03215
3.04662,3.04662
3.04928,3.04928
3.04972,3.04972
3.05006,3.05006
3.05303,3.05303
3.05638,3.05638
3.05724,3.05724
3.05758,3.05758
3.06157,3.06157
3.06377,3.06377
3.06707,3.06707
3.07149,3.07149
3.0778,3.0778
3.07933,3.07933
3.08239,3.08239
3.08514,3.08514
3.08665,3.08665
3.08732,3.08732
3.08833,3.08833
3.09189,3.09189
3.09209,3.09209
3.09294,3.09294
3.09643,3.09643
3.09975,3.09975
3.10364,3.10364
3.10796,3.10796
3.10884,3.10884
3.11059,3.11059
3.11227,3.11227
3.11277,3.11277
3.11288,3.11288
3.12054,3.12054
3.12141,3.12141
3.12215,3.12215
3.12729,3.12729
3.1273,3.1273
3.12961,3.12961
3.13552,3.13552
3.13601,3.13601
3.13722,3.13722
3.13777,3.13777
3.14507,3.14507
3.1464,3.1464
3.14913,3.14913
3.15239,3.15239
3.15788,3.15788
3.16409,3.16409
3.16482,3.16482
3.16652,3.16652
3.16723,3.16723
3.16768,3.16768
3.16817,3.16817
3.16878,3.16878
3.17034,3.17034
3.17116,3.17116
3.17315,3.17315
3.17329,3.17329
3.17418,3.17418
3.17463,3.17463
3.17527,3.17527
3.17558,3.17558
3.17647,3.17647
3.1782,3.1782
3.1844,3.1844
3.18997,3.18997
3.19119,3.19119
3.19773,3.19773
3.20005,3.20005
3.20011,3.20011
3.20069,3.20069
3.20072,3.20072
3.20182,3.20182
3.20272,3.20272
3.20294,3.20294
3.20429,3.20429
3.20745,3.20745
3.20897,3.20897
3.21194,3.21194
3.2125,3.2125
3.21485,3.21485
3.21612,3.21612
3.21659,3.21659
3.2192,3.2192
3.22306,3.22306
3.22638,3.22638
3.22674,3.22674
3.22723,3.22723
3.23202,3.23202
3.23312,3.23312
3.23333,3.23333
3.23361,3.23361
3.23535,3.23535
3.23877,3.23877
3.24175,3.24175
3.24267,3.24267
3.24361,3.24361
3.24636,3.24636
3.24694,3.24694
3.2521,3.2521
3.25462,3.25462
3.25487,3.25487
3.25845,3.25845
3.26024,3.26024
3.27086,3.27086
3.27137,3.27137
3.28316,3.28316
3.28324,3.28324
3.28353,3.28353
3.28521,3.28521
3.28557,3.28557
3.29546,3.29546
3.29592,3.29592
3.29747,3.29747
3.298,3.298
3.29977,3.29977
3.30022,3.30022
3.30195,3.30195
3.30789,3.30789
3.30891,3.30891
3.31365,3.31365
3.31658,3.31658
3.31974,3.31974
3.32048,3.32048
3.32243,3.32243
3.32266,3.32266
3.32396,3.32396
3.32649,3.32649
3.32871,3.32871
3.33156,3.33156
3.33394,3.33394
3.33636,3.33636
3.33694,3.33694
3.33722,3.33722
3.33781,3.33781
3.33855,3.33855
3.34189,3.34189
3.34477,3.34477
3.34602,3.34602
3.34602,3.34602
3.34944,3.34944
3.34962,3.34962
3.34965,3.34965
3.35149,3.35149
3.35283,3.35283
3.35623,3.35623
3.3563,3.3563
3.35801,3.35801
3.35923,3.35923
3.36491,3.36491
3.37369,3.37369
3.37412,3.37412
3.37745,3.37745
3.37764,3.37764
3.37819,3.37819
3.37877,3.37877
3.38186,3.38186
3.38529,3.38529
3.38593,3.38593
3.38631,3.38631
3.39072,3.39072
3.39167,3.39167
3.39225,3.39225
3.39264,3.39264
3.39375,3.39375
3.39681,3.39681
3.39824,3.39824
3.39969,3.39969
3.40206,3.40206
3.40233,3.40233
3.40272,3.40272
3.40414,3.40414
3.40454,3.40454
3.40809,3.40809
3.41377,3.41377
3.41602,3.41602
3.41662,3.41662
3.41898,3.41898
3.42239,3.42239
3.42371,3.42371
3.42381,3.42381
3.42946,3.42946
3.43098,3.43098
3.43319,3.43319
3.43723,3.43723
3.44184,3.44184
3.44278,3.44278
3.44411,3.44411
3.44443,3.44443
3.44549,3.44549
3.45025,3.45025
3.4512,3.4512
3.45128,3.45128
3.45245,3.45245
3.45379,3.45379
3.4566,3.4566
3.45729,3.45729
3.45836,3.45836
3.46179,3.46179
3.4621,3.4621
3.46591,3.46591
3.46771,3.46771
3.46905,3.46905
3.47122,3.47122
3.47213,3.47213
3.4731,3.4731
3.47314,3.47314
3.47963,3.47963
3.48153,3.48153
3.48165,3.48165
3.48253,3.48253
3.48496,3.48496
3.48776,3.48776
3.49067,3.49067
3.49189,3.49189
3.49614,3.49614
3.50103,3.50103
3.50366,3.50366
3.50474,3.50474
3.50575,3.50575
3.50671,3.50671
3.5073,3.5073
3.50939,3.50939
3.51106,3.51106
3.51181,3.51181
3.51197,3.51197
3.51397,3.51397
3.51536,3.51536
3.51608,3.51608
3.51618,3.51618
3.5171,3.5171
3.51741,3.51741
3.51908,3.51908
3.51916,3.51916
3.52061,3.52061
3.52096,3.52096
3.52212,3.52212
3.52253,3.52253
3.52898,3.52898
3.53768,3.53768
3.53838,3.53838
3.53949,3.53949
3.54025,3.54025
3.5456,3.5456
3.55067,3.55067
3.55203,3.55203
3.55517,3.55517
3.56139,3.56139
3.56163,3.56163
3.56432,3.56432
3.56676,3.56676
3.567,3.567
3.56969,3.56969
3.57568,3.57568
3.57653,3.57653
3.5795,3.5795
3.58144,3.58144
3.58359,3.58359
3.58947,3.58947
3.59577,3.59577
3.59627,3.59627
3.60053,3.60053
3.60174,3.60174
3.60176,3.60176
3.60266,3.60266
3.60316,3.60316
3.60422,3.60422
3.6055,3.6055
3.60966,3.60966
3.61034,3.61034
3.6108,3.6108
3.61257,3.61257
3.6177,3.6177
3.6194,3.6194
3.62429,3.62429
3.62445,3.62445
3.62923,3.62923
3.6301,3.6301
3.63576,3.63576
3.63816,3.63816
3.64295,3.64295
3.64359,3.64359
3.64526,3.64526
3.64604,3.64604
3.6471,3.6471
3.64803,3.64803
3.6501,3.6501
3.65291,3.65291
3.65365,3.65365
3.65587,3.65587
3.65862,3.65862
3.66146,3.66146
3.6633,3.6633
3.66384,3.66384
3.66676,3.66676
3.67047,3.67047
3.67269,3.67269
3.67492,3.67492
3.67574,3.67574
3.67648,3.67648
3.68034,3.68034
3.68239,3.68239
3.68317,3.68317
3.68665,3.68665
3.6885,3.6885
3.68977,3.68977
3.69482,3.69482
3.69561,3.69561
3.69939,3.69939
3.7021,3.7021
3.70573,3.70573
3.70929,3.70929
3.70947,3.70947
3.71149,3.71149
3.71382,3.71382
3.71386,3.71386
3.71454,3.71454
3.71542,3.71542
3.71846,3.71846
3.71999,3.71999
3.72053,3.72053
3.72328,3.72328
3.72617,3.72617
3.7262,3.7262
3.72968,3.72968
3.72976,3.72976
3.73646,3.73646
3.73777,3.73777
3.73849,3.73849
3.74064,3.74064
3.74306,3.74306
3.74538,3.74538
3.74603,3.74603
3.74741,3.74741
3.7505,3.7505
3.75198,3.75198
3.75554,3.75554
3.76148,3.76148
3.76207,3.76207
3.76422,3.76422
3.7689,3.7689
3.7699,3.7699
3.77036,3.77036
3.77359,3.77359
3.77479,3.77479
3.77784,3.77784
3.77969,3.77969
3.78142,3.78142
3.78233,3.78233
3.78415,3.78415
3.78593,3.78593
3.78793,3.78793
3.7883,3.7883
3.7951,3.7951
3.79542,3.79542
3.79701,3.79701
3.7978,3.7978
3.79819,3.79819
3.80123,3.80123
3.8058,3.8058
3.80604,3.80604
3.80978,3.80978
3.8115,3.8115
3.81358,3.81358
3.81556,3.81556
3.81761,3.81761
3.81985,3.81985
3.82122,3.82122
3.82475,3.82475
3.8263,3.8263
3.82681,3.82681
3.83101,3.83101
3.83202,3.83202
3.83245,3.83245
3.83448,3.83448
3.83721,3.83721
3.84032,3.84032
3.84204,3.84204
3.84355,3.84355
3.8445,3.8445
3.84611,3.84611
3.84675,3.84675
3.84818,3.84818
3.85496,3.85496
3.85518,3.85518
3.8617,3.8617
3.863,3.863
3.86547,3.86547
3.86654,3.86654
3.86845,3.86845
3.87145,3.87145
3.87373,3.87373
3.8769,3.8769
3.87707,3.87707
3.87794,3.87794
3.87993,3.87993
3.88338,3.88338
3.88411,3.88411
3.88447,3.88447
3.90281,3.90281
3.9033,3.9033
3.9038,3.9038
3.90475,3.90475
3.905,3.905
3.90653,3.90653
3.90691,3.90691
3.90843,3.90843
3.91329,3.91329
3.91887,3.91887
3.91957,3.91957
3.92181,3.92181
3.92803,3.92803
3.92858,3.92858
3.92962,3.92962
3.93102,3.93102
3.9313,3.9313
3.93245,3.93245
3.93496,3.93496
3.93618,3.93618
3.93784,3.93784
3.95256,3.95256
3.95405,3.95405
3.95531,3.95531
3.95909,3.95909
3.95929,3.95929
3.95952,3.95952
3.95964,3.95964
3.96255,3.96255
3.96892,3.96892
3.9695,3.9695
3.97178,3.97178
3.97229,3.97229
3.98003,3.98003
3.98025,3.98025
3.98479,3.98479
3.99422,3.99422
3.99544,3.99544
3.99873,3.99873
4.00067,4.00067
4.0058,4.0058
4.00703,4.00703
4.00783,4.00783
4.00784,4.00784
4.00852,4.00852
4.01327,4.01327
4.01408,4.01408
4.01418,4.01418
4.01476,4.01476
4.01735,4.01735
4.02281,4.02281
4.02535,4.02535
4.02724,4.02724
4.03114,4.03114
4.03266,4.03266
4.0341,4.0341
4.03571,4.03571
4.04207,4.04207
4.04668,4.04668
4.04904,4.04904
4.05019,4.05019
4.05046,4.05046
4.05734,4.05734
4.05952,4.05952
4.06206,4.06206
4.06435,4.06435
4.06638,4.06638
4.06891,4.06891
4.0694,4.0694
4.07047,4.07047
4.07168,4.07168
4.07364,4.07364
4.07437,4.07437
4.07825,4.07825
4.07961,4.07961
4.08128,4.08128
4.08251,4.08251
4.08312,4.08312
4.08605,4.08605
4.08792,4.08792
4.0899,4.0899
4.09223,4.09223
4.09336,4.09336
4.09612,4.09612
4.09921,4.09921
4.10174,4.10174
4.10452,4.10452
4.1077,4.1077
4.11243,4.11243
4.11487,4.11487
4.11609,4.11609
4.11632,4.11632
4.11943,4.11943
4.12,4.12
4.12061,4.12061
4.12372,4.12372
4.12438,4.12438
4.13254,4.13254
4.13659,4.13659
4.13915,4.13915
4.1435,4.1435
4.14537,4.14537
4.14734,4.14734
4.14783,4.14783
4.15016,4.15016
4.15212,4.15212
4.15393,4.15393
4.15612,4.15612
4.1573,4.1573
4.16084,4.16084
4.1624,4.1624
4.16804,4.16804
4.16915,4.16915
4.17273,4.17273
4.17482,4.17482
4.17754,4.17754
4.17794,4.17794
4.17803,4.17803
4.18053,4.18053
4.18582,4.18582
4.18634,4.18634
4.18717,4.18717
4.18722,4.18722
4.18824,4.18824
4.1897,4.1897
4.19299,4.19299
4.19618,4.19618
4.19899,4.19899
4.20909,4.20909
4.2116,4.2116
4.21318,4.21318
4.21381,4.21381
4.21561,4.21561
4.21751,4.21751
4.21878,4.21878
4.22201,4.22201
4.2222,4.2222
4.22351,4.22351
4.2247,4.2247
4.22479,4.22479
4.23289,4.23289
4.2338,4.2338
4.23574,4.23574
4.237,4.237
4.23809,4.23809
4.2384,4.2384
4.23913,4.23913
4.23957,4.23957
4.24122,4.24122
4.24278,4.24278
4.24435,4.24435
4.24814,4.24814
4.25166,4.25166
4.252,4.252
4.25273,4.25273
4.25301,4.25301
4.25339,4.25339
4.25521,4.25521
4.25643,4.25643
4.25857,4.25857
4.25879,4.25879
4.26047,4.26047
4.26189,4.26189
4.26574,4.26574
4.27029,4.27029
4.27124,4.27124
4.27692,4.27692
4.27748,4.27748
4.27785,4.27785
4.28139,4.28139
4.28378,4.28378
4.28728,4.28728
4.2875,4.2875
4.28886,4.28886
4.29028,4.29028
4.29701,4.29701
4.2974,4.2974
4.29756,4.29756
4.29872,4.29872
4.29986,4.29986
4.30202,4.30202
4.30371,4.30371
4.30393,4.30393
4.30973,4.30973
4.30973,4.30973
4.31212,4.31212
4.3151,4.3151
4.3151,4.3151
4.31581,4.31581
4.3174,4.3174
4.3179,4.3179
4.32433,4.32433
4.32737,4.32737
4.32753,4.32753
4.32993,4.32993
4.33183,4.33183
4.33373,4.33373
4.33481,4.33481
4.33623,4.33623
4.33643,4.33643
4.33664,4.33664
4.33811,4.33811
4.33894,4.33894
4.34034,4.34034
4.34282,4.34282
4.34322,4.34322
4.34811,4.34811
4.3505,4.3505
4.35703,4.35703
4.35746,4.35746
4.35779,4.35779
4.3583,4.3583
4.3614,4.3614
4.3628,4.3628
4.36892,4.36892
4.36972,4.36972
4.37563,4.37563
4.37901,4.37901
4.37948,4.37948
4.37982,4.37982
4.38561,4.38561
4.38938,4.38938
4.39025,4.39025
4.39261,4.39261
4.39332,4.39332
4.39383,4.39383
4.39582,4.39582
4.39634,4.39634
4.40251,4.40251
4.40377,4.40377
4.40395,4.40395
4.40566,4.40566
4.40845,4.40845
4.41226,4.41226
4.41267,4.41267
4.4131,4.4131
4.41312,4.41312
4.4183,4.4183
4.41878,4.41878
4.41909,4.41909
4.41925,4.41925
4.41998,4.41998
4.42223,4.42223
4.42273,4.42273
4.42522,4.42522
4.42534,4.42534
4.42593,4.42593
4.42681,4.42681
4.42726,4.42726
4.43062,4.43062
4.43243,4.43243
4.43307,4.43307
4.43312,4.43312
4.43543,4.43543
4.43782,4.43782
4.4391,4.4391
4.43939,4.43939
4.44392,4.44392
4.44472,4.44472
4.44541,4.44541
4.44642,4.44642
4.44712,4.44712
4.45024,4.45024
4.45034,4.45034
4.45596,4.45596
4.45751,4.45751
4.45834,4.45834
4.45915,4.45915
4.46237,4.46237
4.46322,4.46322
4.46909,4.46909
4.46939,4.46939
4.47096,4.47096
4.4787,4.4787
4.47958,4.47958
4.48616,4.48616
4.4869,4.4869
4.48861,4.48861
4.49253,4.49253
4.49317,4.49317
4.49545,4.49545
4.49783,4.49783
4.49927,4.49927
4.50001,4.50001
4.50166,4.50166
4.50335,4.50335
4.50339,4.50339
4.50449,4.50449
4.50815,4.50815
4.5089,4.5089
4.50938,4.50938
4.51348,4.51348
4.51862,4.51862
4.52196,4.52196
4.52728,4.52728
4.52907,4.52907
4.52996,4.52996
4.53626,4.53626
4.5382,4.5382
4.53858,4.53858
4.54025,4.54025
4.54029,4.54029
4.54406,4.54406
4.54498,4.54498
4.54514,4.54514
4.54608,4.54608
4.54834,4.54834
4.549,4.549
4.55354,4.55354
4.55654,4.55654
4.55759,4.55759
4.5581,4.5581
4.56064,4.56064
4.56078,4.56078
4.56287,4.56287
4.56516,4.56516
4.56876,4.56876
4.56991,4.56991
4.57112,4.57112
4.57743,4.57743
4.57844,4.57844
4.5796,4.5796
4.58028,4.58028
4.5811,4.5811
4.58285,4.58285
4.58484,4.58484
4.58847,4.58847
4.59297,4.59297
4.59609,4.59609
4.59627,4.59627
4.60054,4.60054
4.60452,4.60452
4.60787,4.60787
4.60872,4.60872
4.61138,4.61138
4.61178,4.61178
4.61561,4.61561
4.61967,4.61967
4.6208,4.6208
4.62182,4.62182
4.62488,4.62488
4.63197,4.63197
4.63381,4.63381
4.63465,4.63465
4.63619,4.63619
4.64032,4.64032
4.64168,4.64168
4.64645,4.64645
4.64846,4.64846
4.64852,4.64852
4.64859,4.64859
4.65032,4.65032
4.6505,4.6505
4.65182,4.65182
4.65611,4.65611
4.66285,4.66285
4.66478,4.66478
4.66513,4.66513
4.66756,4.66756
4.66779,4.66779
4.66919,4.66919
4.67141,4.67141
4.67371,4.67371
4.67639,4.67639
4.67708,4.67708
4.6795,4.6795
4.68189,4.68189
4.68216,4.68216
4.68332,4.68332
4.68415,4.68415
4.68443,4.68443
4.68474,4.68474
4.68552,4.68552
4.68681,4.68681
4.69642,4.69642
4.69669,4.69669
4.69737,4.69737
4.69825,4.69825
4.70115,4.70115
4.70154,4.70154
4.70244,4.70244
4.7026,4.7026
4.7028,4.7028
4.70465,4.70465
4.70495,4.70495
4.70673,4.70673
4.7074,4.7074
4.70951,4.70951
4.70951,4.70951
4.71157,4.71157
4.71745,4.71745
4.71807,4.71807
4.72517,4.72517
4.72532,4.72532
4.7267,4.7267
4.72714,4.72714
4.73185,4.73185
4.73864,4.73864
4.74464,4.74464
4.74509,4.74509
4.74609,4.74609
4.74704,4.74704
4.74741,4.74741
4.74784,4.74784
4.749,4.749
4.74927,4.74927
4.74985,4.74985
4.75134,4.75134
4.75311,4.75311
4.75685,4.75685
4.75915,4.75915
4.76038,4.76038
4.76267,4.76267
4.76564,4.76564
4.76998,4.76998
4.77305,4.77305
4.77687,4.77687
4.78224,4.78224
4.78746,4.78746
4.79656,4.79656
4.79741,4.79741
4.7978,4.7978
4.80261,4.80261
4.80848,4.80848
4.81095,4.81095
4.814,4.814
4.82083,4.82083
4.82437,4.82437
4.82505,4.82505
4.82649,4.82649
4.82734,4.82734
4.82808,4.82808
4.83145,4.83145
4.83247,4.83247
4.83477,4.83477
4.8378,4.8378
4.83942,4.83942
4.84084,4.84084
4.84321,4.84321
4.84406,4.84406
4.8442,4.8442
4.84952,4.84952
4.85005,4.85005
4.85574,4.85574
4.85613,4.85613
4.85685,4.85685
4.8582,4.8582
4.85934,4.85934
4.8625,4.8625
4.86473,4.86473
4.8686,4.8686
4.87128,4.87128
4.87216,4.87216
4.87224,4.87224
4.87503,4.87503
4.87841,4.87841
4.8807,4.8807
4.88125,4.88125
4.88149,4.88149
4.88202,4.88202
4.88341,4.88341
4.88432,4.88432
4.88485,4.88485
4.88734,4.88734
4.88805,4.88805
4.89209,4.89209
4.89267,4.89267
4.89387,4.89387
4.89457,4.89457
4.89894,4.89894
4.90484,4.90484
4.90771,4.90771
4.90947,4.90947
4.90964,4.90964
4.91117,4.91117
4.91134,4.91134
4.91199,4.91199
4.91454,4.91454
4.91671,4.91671
4.91957,4.91957
4.92304,4.92304
4.92315,4.92315
4.92439,4.92439
4.92681,4.92681
4.92908,4.92908
4.93294,4.93294
4.93395,4.93395
4.93655,4.93655
4.93879,4.93879
4.94061,4.94061
4.94236,4.94236
4.94691,4.94691
4.94766,4.94766
4.95081,4.95081
4.9521,4.9521
4.9546,4.9546
4.97182,4.97182
4.97404,4.97404
4.97765,4.97765
4.98242,4.98242
4.98372,4.98372
4.98572,4.98572
4.9864,4.9864
4.98908,4.98908
4.99398,4.99398
4.9949,4.9949
4.99636,4.99636
4.99855,4.99855
4.99998,4.99998
5.0024,5.0024
5.00362,5.00362
5.00489,5.00489
5.00721,5.00721
5.01113,5.01113
5.02079,5.02079
5.02146,5.02146
5.02155,5.02155
5.02841,5.02841
5.03029,5.03029
5.03214,5.03214
5.03248,5.03248
5.03435,5.03435
5.03441,5.03441
5.03882,5.03882
5.04262,5.04262
5.04497,5.04497
5.04497,5.04497
5.04802,5.04802
5.04847,5.04847
5.05006,5.05006
5.05107,5.05107
5.05382,5.05382
5.05657,5.05657
5.05663,5.05663
5.05812,5.05812
5.06028,5.06028
5.06031,5.06031
5.06259,5.06259
5.06316,5.06316
5.06544,5.06544
5.06576,5.06576
5.07241,5.07241
5.07368,5.07368
5.07773,5.07773
5.08053,5.08053
5.0811,5.0811
5.0881,5.0881
5.08968,5.08968
5.09374,5.09374
5.09676,5.09676
5.09829,5.09829
5.09852,5.09852
5.09879,5.09879
5.09901,5.09901
5.09935,5.09935
5.10486,5.10486
5.10657,5.10657
5.11496,5.11496
5.11541,5.11541
5.11873,5.11873
5.13791,5.13791
5.14393,5.14393
5.14796,5.14796
5.14802,5.14802
5.14936,5.14936
5.1526,5.1526
5.1564,5.1564
5.15777,5.15777
5.15785,5.15785
5.15976,5.15976
5.16,5.16
5.16068,5.16068
5.16148,5.16148
5.16169,5.16169
5.16372,5.16372
5.16474,5.16474
5.16475,5.16475
5.16592,5.16592
5.16818,5.16818
5.17359,5.17359
5.17439,5.17439
5.17466,5.17466
5.1809,5.1809
5.18211,5.18211
5.1839,5.1839
5.1868,5.1868
5.18809,5.18809
5.18852,5.18852
5.19077,5.19077
5.19545,5.19545
5.19622,5.19622
5.19642,5.19642
5.19755,5.19755
5.19789,5.19789
5.2016,5.2016
5.20518,5.20518
5.20572,5.20572
5.20674,5.20674
5.20834,5.20834
5.21219,5.21219
5.21572,5.21572
5.21684,5.21684
5.22066,5.22066
5.22253,5.22253
5.22673,5.22673
5.22716,5.22716
5.22876,5.22876
5.23117,5.23117
5.23263,5.23263
5.23652,5.23652
5.23681,5.23681
5.23978,5.23978
5.24318,5.24318
5.24351,5.24351
5.24507,5.24507
5.24548,5.24548
5.24865,5.24865
5.25133,5.25133
5.25244,5.25244
5.25381,5.25381
5.25588,5.25588
5.25648,5.25648
5.25943,5.25943
5.26338,5.26338
5.27482,5.27482
5.27679,5.27679
5.27882,5.27882
5.28153,5.28153
5.28195,5.28195
5.28818,5.28818
5.29064,5.29064
5.29084,5.29084
5.2929,5.2929
5.29795,5.29795
5.29916,5.29916
5.30152,5.30152
5.30159,5.30159
5.30273,5.30273
5.30832,5.30832
5.30943,5.30943
5.31531,5.31531
5.31882,5.31882
5.31905,5.31905
5.31933,5.31933
5.32064,5.32064
5.33008,5.33008
5.33136,5.33136
5.33143,5.33143
5.33359,5.33359
5.33369,5.33369
5.33753,5.33753
5.33864,5.33864
5.33897,5.33897
5.34145,5.34145
5.34161,5.34161
5.34605,5.34605
5.34906,5.34906
5.34971,5.34971
5.35336,5.35336
5.35623,5.35623
5.35847,5.35847
5.3585,5.3585
5.36448,5.36448
5.366,5.366
5.36806,5.36806
5.36827,5.36827
5.3686,5.3686
5.37473,5.37473
5.37614,5.37614
5.38391,5.38391
5.38437,5.38437
5.38459,5.38459
5.38568,5.38568
5.38749,5.38749
5.38804,5.38804
5.38838,5.38838
5.39369,5.39369
5.39701,5.39701
5.39967,5.39967
5.40012,5.40012
5.40823,5.40823
5.40913,5.40913
5.40934,5.40934
5.41036,5.41036
5.4147,5.4147
5.41473,5.41473
5.41597,5.41597
5.42813,5.42813
5.43188,5.43188
5.4348,5.4348
5.43498,5.43498
5.43533,5.43533
5.44464,5.44464
5.44671,5.44671
5.44968,5.44968
5.45051,5.45051
5.45658,5.45658
5.45664,5.45664
5.46058,5.46058
5.46322,5.46322
5.46374,5.46374
5.46635,5.46635
5.46695,5.46695
5.47718,5.47718
5.47819,5.47819
5.47925,5.47925
5.48119,5.48119
5.4827,5.4827
5.48619,5.48619
5.48792,5.48792
5.48977,5.48977
5.49409,5.49409
5.49586,5.49586
5.49693,5.49693
5.49987,5.49987
5.50462,5.50462
5.50663,5.50663
5.52068,5.52068
5.5232,5.5232
5.52528,5.52528
5.5275,5.5275
5.52779,5.52779
5.53049,5.53049
5.5321,5.5321
5.53287,5.53287
5.53621,5.53621
5.53773,5.53773
5.54151,5.54151
5.54165,5.54165
5.54419,5.54419
5.54694,5.54694
5.55314,5.55314
5.55645,5.55645
5.55829,5.55829
5.56243,5.56243
5.56516,5.56516
5.56911,5.56911
5.5742,5.5742
5.5763,5.5763
5.57721,5.57721
5.57806,5.57806
5.57838,5.57838
5.57925,5.57925
5.57955,5.57955
5.58106,5.58106
5.5822,5.5822
5.586,5.586
5.59077,5.59077
5.59104,5.59104
5.59568,5.59568
5.60168,5.60168
5.60303,5.60303
5.60448,5.60448
5.60496,5.60496
5.60711,5.60711
5.61322,5.61322
5.61369,5.61369
5.61467,5.61467
5.61529,5.61529
5.61546,5.61546
5.61638,5.61638
5.62055,5.62055
5.62209,5.62209
5.6241,5.6241
5.62778,5.62778
5.62854,5.62854
5.63198,5.63198
5.63371,5.63371
5.63465,5.63465
5.64259,5.64259
5.64451,5.64451
5.64457,5.64457
5.64675,5.64675
5.647,5.647
5.64726,5.64726
5.64855,5.64855
5.64921,5.64921
5.64923,5.64923
5.65151,5.65151
5.65247,5.65247
5.65307,5.65307
5.6552,5.6552
5.65542,5.65542
5.65579,5.65579
5.65579,5.65579
5.66128,5.66128
5.66335,5.66335
5.66359,5.66359
5.66459,5.66459
5.66807,5.66807
5.66893,5.66893
5.6735,5.6735
5.67526,5.67526
5.67805,5.67805
5.67886,5.67886
5.67906,5.67906
5.68934,5.68934
5.69175,5.69175
5.69351,5.69351
5.69439,5.69439
5.69653,5.69653
5.69682,5.69682
5.69833,5.69833
5.70653,5.70653
5.7069,5.7069
5.70914,5.70914
5.71314,5.71314
5.71485,5.71485
5.71552,5.71552
5.71552,5.71552
5.71592,5.71592
5.71728,5.71728
5.71777,5.71777
5.72192,5.72192
5.72321,5.72321
5.72736,5.72736
5.72966,5.72966
5.73124,5.73124
5.73164,5.73164
5.73377,5.73377
5.73513,5.73513
5.74144,5.74144
5.74481,5.74481
5.74901,5.74901
5.74927,5.74927
5.75467,5.75467
5.75649,5.75649
5.75696,5.75696
5.7573,5.7573
5.75813,5.75813
5.75836,5.75836
5.76368,5.76368
5.76518,5.76518
5.76877,5.76877
5.77299,5.77299
5.77981,5.77981
5.7807,5.7807
5.78529,5.78529
5.78663,5.78663
5.79141,5.79141
5.79172,5.79172
5.79564,5.79564
5.80313,5.80313
5.80315,5.80315
5.80376,5.80376
5.80388,5.80388
5.80644,5.80644
5.80679,5.80679
5.80843,5.80843
5.81057,5.81057
5.8166,5.8166
5.82246,5.82246
5.82288,5.82288
5.82568,5.82568
5.82571,5.82571
5.82818,5.82818
5.83212,5.83212
5.83223,5.83223
5.83404,5.83404
5.83827,5.83827
5.83837,5.83837
5.84167,5.84167
5.8456,5.8456
5.85689,5.85689
5.8578,5.8578
5.85859,5.85859
5.86462,5.86462
5.87057,5.87057
5.87127,5.87127
5.87166,5.87166
5.87248,5.87248
5.87378,5.87378
5.87561,5.87561
5.87804,5.87804
5.87878,5.87878
5.88053,5.88053
5.88866,5.88866
5.89072,5.89072
5.89589,5.89589
5.89798,5.89798
5.8983,5.8983
5.90059,5.90059
5.90117,5.90117
5.9038,5.9038
5.90599,5.90599
5.90696,5.90696
5.90719,5.90719
5.90745,5.90745
5.90823,5.90823
5.91012,5.91012
5.91183,5.91183
5.91556,5.91556
5.93095,5.93095
5.93188,5.93188
5.93282,5.93282
5.94809,5.94809
5.95483,5.95483
5.96252,5.96252
5.97016,5.97016
5.97234,5.97234
5.98023,5.98023
5.98211,5.98211
5.99405,5.99405
6.00051,6.00051
6.00249,6.00249
6.00416,6.00416
6.00461,6.00461
6.00748,6.00748
6.0109,6.0109
6.01256,6.01256
6.01797,6.01797
6.01877,6.01877
6.01968,6.01968
6.02049,6.02049
6.02159,6.02159
6.02408,6.02408
6.0285,6.0285
6.03225,6.03225
6.03289,6.03289
6.03438,6.03438
6.0391,6.0391
6.03972,6.03972
6.04203,6.04203
6.04303,6.04303
6.0441,6.0441
6.04453,6.04453
6.0461,6.0461
6.04806,6.04806
6.04815,6.04815
6.04863,6.04863
6.05584,6.05584
6.05767,6.05767
6.06754,6.06754
6.06853,6.06853
6.07019,6.07019
6.08231,6.08231
6.08398,6.08398
6.0841,6.0841
6.08687,6.08687
6.09032,6.09032
6.09898,6.09898
6.10457,6.10457
6.10479,6.10479
6.10547,6.10547
6.10661,6.10661
6.11013,6.11013
6.1125,6.1125
6.11442,6.11442
6.11547,6.11547
6.11553,6.11553
6.11847,6.11847
6.11862,6.11862
6.1193,6.1193
6.11992,6.11992
6.12048,6.12048
6.12208,6.12208
6.12642,6.12642
6.12865,6.12865
6.13331,6.13331
6.1345,6.1345
6.13584,6.13584
6.14369,6.14369
6.14645,6.14645
6.15346,6.15346
6.15516,6.15516
6.15595,6.15595
6.16726,6.16726
6.16944,6.16944
6.17229,6.17229
6.17248,6.17248
6.17527,6.17527
6.17569,6.17569
6.17769,6.17769
6.17851,6.17851
6.17961,6.17961
6.18135,6.18135
6.18577,6.18577
6.18583,6.18583
6.18605,6.18605
6.19047,6.19047
6.19125,6.19125
6.19468,6.19468
6.1955,6.1955
6.19628,6.19628
6.19839,6.19839
6.2082,6.2082
6.21033,6.21033
6.21198,6.21198
6.2146,6.2146
6.21838,6.21838
6.21952,6.21952
6.22014,6.22014
6.22231,6.22231
6.23221,6.23221
6.23526,6.23526
6.23633,6.23633
6.23975,6.23975
6.24168,6.24168
6.242,6.242
6.2425,6.2425
6.2439,6.2439
6.24448,6.24448
6.25124,6.25124
6.25145,6.25145
6.25644,6.25644
6.26074,6.26074
6.2617,6.2617
6.26213,6.26213
6.26233,6.26233
6.26417,6.26417
6.26558,6.26558
6.26589,6.26589
6.27122,6.27122
6.274,6.274
6.27998,6.27998
6.28008,6.28008
6.28107,6.28107
6.28196,6.28196
6.28347,6.28347
6.29062,6.29062
6.29664,6.29664
6.29693,6.29693
6.30168,6.30168
6.30304,6.30304
6.30318,6.30318
6.30371,6.30371
6.30597,6.30597
6.30736,6.30736
6.30836,6.30836
6.31119,6.31119
6.31294,6.31294
6.3136,6.3136
6.31433,6.31433
6.31843,6.31843
6.31848,6.31848
6.31999,6.31999
6.32009,6.32009
6.3236,6.3236
6.32457,6.32457
6.32595,6.32595
6.32763,6.32763
6.328,6.328
6.32883,6.32883
6.33075,6.33075
6.33224,6.33224
6.33573,6.33573
6.33662,6.33662
6.33747,6.33747
6.3395,6.3395
6.33957,6.33957
6.33973,6.33973
6.3398,6.3398
6.34033,6.34033
6.34268,6.34268
6.3446,6.3446
6.34516,6.34516
6.34684,6.34684
6.34741,6.34741
6.34757,6.34757
6.34788,6.34788
6.35077,6.35077
6.3518,6.3518
6.35224,6.35224
6.35234,6.35234
6.35357,6.35357
6.35632,6.35632
6.36209,6.36209
6.36435,6.36435
6.36949,6.36949
6.37074,6.37074
6.37138,6.37138
6.3749,6.3749
6.37578,6.37578
6.38248,6.38248
6.38249,6.38249
6.3839,6.3839
6.38644,6.38644
6.39055,6.39055
6.39077,6.39077
6.39203,6.39203
6.39901,6.39901
6.40152,6.40152
6.40251,6.40251
6.40323,6.40323
6.40325,6.40325
6.40389,6.40389
6.40439,6.40439
6.40682,6.40682
6.40856,6.40856
6.41138,6.41138
6.41325,6.41325
6.41355,6.41355
6.41431,6.41431
6.41466,6.41466
6.41589,6.41589
6.41804,6.41804
6.42265,6.42265
6.42341,6.42341
6.42487,6.42487
6.4306,6.4306
6.43511,6.43511
6.43549,6.43549
6.43666,6.43666
6.43881,6.43881
6.43899,6.43899
6.43944,6.43944
6.43976,6.43976
6.44031,6.44031
6.44431,6.44431
6.44702,6.44702
6.45017,6.45017
6.46477,6.46477
6.46813,6.46813
6.46877,6.46877
6.46899,6.46899
6.46963,6.46963
6.47026,6.47026
6.48562,6.48562
6.49102,6.49102
6.49117,6.49117
6.49558,6.49558
6.49602,6.49602
6.49621,6.49621
6.49945,6.49945
6.50048,6.50048
6.50048,6.50048
6.50334,6.50334
6.51382,6.51382
6.52047,6.52047
6.52667,6.52667
6.52919,6.52919
6.5294,6.5294
6.5314,6.5314
6.53593,6.53593
6.53673,6.53673
6.53678,6.53678
6.53832,6.53832
6.53838,6.53838
6.5387,6.5387
6.54425,6.54425
6.54572,6.54572
6.54579,6.54579
6.54888,6.54888
6.55775,6.55775
6.55825,6.55825
6.56178,6.56178
6.5619,6.5619
6.56218,6.56218
6.56271,6.56271
6.56907,6.56907
6.57163,6.57163
6.57178,6.57178
6.57556,6.57556
6.57663,6.57663
6.57764,6.57764
6.57803,6.57803
6.58084,6.58084
6.5815,6.5815
6.58302,6.58302
6.58449,6.58449
6.58495,6.58495
6.59443,6.59443
6.60029,6.60029
6.60395,6.60395
6.60592,6.60592
6.60746,6.60746
6.61334,6.61334
6.61385,6.61385
6.61661,6.61661
6.6182,6.6182
6.62001,6.62001
6.62147,6.62147
6.62436,6.62436
6.6255,6.6255
6.62841,6.62841
6.6427,6.6427
6.64375,6.64375
6.64903,6.64903
6.65325,6.65325
6.6637,6.6637
6.66568,6.66568
6.66949,6.66949
6.67038,6.67038
6.6726,6.6726
6.67401,6.67401
6.68065,6.68065
6.68128,6.68128
6.68153,6.68153
6.68171,6.68171
6.68511,6.68511
6.68585,6.68585
6.6886,6.6886
6.69117,6.69117
6.69676,6.69676
6.69756,6.69756
6.70053,6.70053
6.70068,6.70068
6.70156,6.70156
6.70218,6.70218
6.70281,6.70281
6.70289,6.70289
6.70406,6.70406
6.70503,6.70503
6.70987,6.70987
6.71487,6.71487
6.71538,6.71538
6.71604,6.71604
6.71962,6.71962
6.72213,6.72213
6.72896,6.72896
6.72939,6.72939
6.73118,6.73118
6.73429,6.73429
6.73907,6.73907
6.7393,6.7393
6.74059,6.74059
6.74064,6.74064
6.74237,6.74237
6.74333,6.74333
6.74496,6.74496
6.74997,6.74997
6.7555,6.7555
6.75583,6.75583
6.75789,6.75789
6.75941,6.75941
6.76079,6.76079
6.7612,6.7612
6.76546,6.76546
6.76852,6.76852
6.77058,6.77058
6.77123,6.77123
6.77438,6.77438
6.7752,6.7752
6.78202,6.78202
6.78415,6.78415
6.7931,6.7931
6.7961,6.7961
6.7969,6.7969
6.80099,6.80099
6.80195,6.80195
6.80446,6.80446
6.80736,6.80736
6.81054,6.81054
6.81067,6.81067
6.8158,6.8158
6.81923,6.81923
6.82143,6.82143
6.83028,6.83028
6.83092,6.83092
6.83592,6.83592
6.83995,6.83995
6.84802,6.84802
6.84812,6.84812
6.84908,6.84908
6.85099,6.85099
6.8555,6.8555
6.8565,6.8565
6.85774,6.85774
6.85932,6.85932
6.86059,6.86059
6.86182,6.86182
6.86443,6.86443
6.86484,6.86484
6.86558,6.86558
6.86617,6.86617
6.86627,6.86627
6.86665,6.86665
6.86754,6.86754
6.87367,6.87367
6.87519,6.87519
6.87894,6.87894
6.87979,6.87979
6.88691,6.88691
6.8908,6.8908
6.89367,6.89367
6.89499,6.89499
6.89648,6.89648
6.89649,6.89649
6.8974,6.8974
6.90356,6.90356
6.9048,6.9048
6.90639,6.90639
6.90883,6.90883
6.90897,6.90897
6.91163,6.91163
6.91316,6.91316
6.91828,6.91828
6.91961,6.91961
6.92069,6.92069
6.9286,6.9286
6.93167,6.93167
6.93485,6.93485
6.93814,6.93814
6.93851,6.93851
6.93894,6.93894
6.94009,6.94009
6.94055,6.94055
6.94088,6.94088
6.94318,6.94318
6.94553,6.94553
6.94569,6.94569
6.94836,6.94836
6.94991,6.94991
6.95008,6.95008
6.95332,6.95332
6.95374,6.95374
6.95693,6.95693
6.95898,6.95898
6.96005,6.96005
6.96124,6.96124
6.96306,6.96306
6.96378,6.96378
6.96426,6.96426
6.965,6.965
6.96804,6.96804
6.97012,6.97012
6.97555,6.97555
6.98252,6.98252
6.98313,6.98313
6.98566,6.98566
6.98693,6.98693
6.98898,6.98898
6.99417,6.99417
6.99797,6.99797
6.99984,6.99984
7.00081,7.00081
7.00099,7.00099
7.00152,7.00152
7.00254,7.00254
7.00393,7.00393
7.00514,7.00514
7.0129,7.0129
7.01665,7.01665
7.01739,7.01739
7.01913,7.01913
7.02549,7.02549
7.0301,7.0301
7.03447,7.03447
7.03849,7.03849
7.04033,7.04033
7.04217,7.04217
7.04266,7.04266
7.04416,7.04416
7.05002,7.05002
7.05387,7.05387
7.05518,7.05518
7.05572,7.05572
7.05799,7.05799
7.05821,7.05821
7.0598,7.0598
7.06242,7.06242
7.06927,7.06927
7.07182,7.07182
7.07209,7.07209
7.07213,7.07213
7.08188,7.08188
7.09086,7.09086
7.09226,7.09226
7.09675,7.09675
7.09776,7.09776
7.09968,7.09968
7.10038,7.10038
7.10394,7.10394
7.11122,7.11122
7.11456,7.11456
7.11482,7.11482
7.11835,7.11835
7.11917,7.11917
7.12118,7.12118
7.1303,7.1303
7.1311,7.1311
7.13458,7.13458
7.13739,7.13739
7.14585,7.14585
7.15316,7.15316
7.15691,7.15691
7.15902,7.15902
7.15964,7.15964
7.16273,7.16273
7.1688,7.1688
7.17616,7.17616
7.17645,7.17645
7.1822,7.1822
7.18257,7.18257
7.18317,7.18317
7.18403,7.18403
7.18663,7.18663
7.18879,7.18879
7.18911,7.18911
7.20153,7.20153
7.20437,7.20437
7.20484,7.20484
7.20599,7.20599
7.20961,7.20961
7.21241,7.21241
7.22303,7.22303
7.22547,7.22547
7.22575,7.22575
7.22631,7.22631
7.22676,7.22676
7.22851,7.22851
7.2315,7.2315
7.23403,7.23403
7.24354,7.24354
7.24419,7.24419
7.24983,7.24983
7.24983,7.24983
7.25135,7.25135
7.2525,7.2525
7.25476,7.25476
7.25514,7.25514
7.26913,7.26913
7.26956,7.26956
7.27101,7.27101
7.27815,7.27815
7.28034,7.28034
7.28429,7.28429
7.28674,7.28674
7.28812,7.28812
7.28997,7.28997
7.29016,7.29016
7.29843,7.29843
7.30085,7.30085
7.30451,7.30451
7.30478,7.30478
7.30813,7.30813
7.30838,7.30838
7.32235,7.32235
7.32356,7.32356
7.3249,7.3249
7.32787,7.32787
7.33227,7.33227
7.33825,7.33825
7.33933,7.33933
7.33961,7.33961
7.34111,7.34111
7.34176,7.34176
7.34724,7.34724
7.34953,7.34953
7.35593,7.35593
7.36251,7.36251
7.36394,7.36394
7.36454,7.36454
7.36485,7.36485
7.37028,7.37028
7.37073,7.37073
7.37312,7.37312
7.37587,7.37587
7.37765,7.37765
7.38004,7.38004
7.38011,7.38011
7.38183,7.38183
7.38977,7.38977
7.39319,7.39319
7.39755,7.39755
7.39886,7.39886
7.40513,7.40513
7.40914,7.40914
7.41013,7.41013
7.4172,7.4172
7.42049,7.42049
7.42109,7.42109
7.42241,7.42241
7.42519,7.42519
7.42939,7.42939
7.43462,7.43462
7.44047,7.44047
7.44206,7.44206
7.44745,7.44745
7.44957,7.44957
7.45069,7.45069
7.4511,7.4511
7.45222,7.45222
7.45284,7.45284
7.45451,7.45451
7.45762,7.45762
7.45858,7.45858
7.46466,7.46466
7.46475,7.46475
7.46963,7.46963
7.47219,7.47219
7.48506,7.48506
7.49062,7.49062
7.49178,7.49178
7.4921,7.4921
7.49617,7.49617
7.49652,7.49652
7.49834,7.49834
7.50605,7.50605
7.50633,7.50633
7.50714,7.50714
7.50897,7.50897
7.51023,7.51023
7.51125,7.51125
7.51521,7.51521
7.51607,7.51607
7.51723,7.51723
7.52434,7.52434
7.52572,7.52572
7.53429,7.53429
7.53777,7.53777
7.53906,7.53906
7.53906,7.53906
7.53909,7.53909
7.54107,7.54107
7.54142,7.54142
7.54229,7.54229
7.55296,7.55296
7.55648,7.55648
7.56464,7.56464
7.56531,7.56531
7.56588,7.56588
7.5683,7.5683
7.5687,7.5687
7.56916,7.56916
7.577,7.577
7.57905,7.57905
7.58157,7.58157
7.58468,7.58468
7.58571,7.58571
7.58842,7.58842
7.59372,7.59372
7.59408,7.59408
7.59535,7.59535
7.59592,7.59592
7.59991,7.59991
7.60444,7.60444
7.60593,7.60593
7.6085,7.6085
7.60944,7.60944
7.61104,7.61104
7.61384,7.61384
7.61415,7.61415
7.61484,7.61484
7.61602,7.61602
7.62084,7.62084
7.62233,7.62233
7.62257,7.62257
7.62331,7.62331
7.62417,7.62417
7.62724,7.62724
7.62847,7.62847
7.63221,7.63221
7.63438,7.63438
7.63516,7.63516
7.63668,7.63668
7.64859,7.64859
7.65143,7.65143
7.65274,7.65274
7.6544,7.6544
7.66119,7.66119
7.66203,7.66203
7.66674,7.66674
7.67191,7.67191
7.67293,7.67293
7.67605,7.67605
7.6761,7.6761
7.67685,7.67685
7.67703,7.67703
7.68164,7.68164
7.6826,7.6826
7.68314,7.68314
7.68337,7.68337
7.68402,7.68402
7.69518,7.69518
7.69668,7.69668
7.70039,7.70039
7.70166,7.70166
7.70196,7.70196
7.70336,7.70336
7.70401,7.70401
7.70408,7.70408
7.7056,7.7056
7.7064,7.7064
7.70647,7.70647
7.7108,7.7108
7.71256,7.71256
7.71497,7.71497
7.71801,7.71801
7.71846,7.71846
7.71993,7.71993
7.72727,7.72727
7.72854,7.72854
7.73527,7.73527
7.7378,7.7378
7.73854,7.73854
7.74041,7.74041
7.74226,7.74226
7.74843,7.74843
7.75207,7.75207
7.75331,7.75331
7.7561,7.7561
7.75683,7.75683
7.75693,7.75693
7.75804,7.75804
7.76107,7.76107
7.76256,7.76256
7.76466,7.76466
7.76978,7.76978
7.76999,7.76999
7.77374,7.77374
7.77413,7.77413
7.77633,7.77633
7.77801,7.77801
7.77978,7.77978
7.78329,7.78329
7.78391,7.78391
7.79231,7.79231
7.79368,7.79368
7.79452,7.79452
7.79542,7.79542
7.8008,7.8008
7.80756,7.80756
7.80771,7.80771
7.80874,7.80874
7.81001,7.81001
7.81563,7.81563
7.81582,7.81582
7.81638,7.81638
7.8291,7.8291
7.82945,7.82945
7.84117,7.84117
7.84583,7.84583
7.84897,7.84897
7.85233,7.85233
7.86085,7.86085
7.86185,7.86185
7.86536,7.86536
7.86729,7.86729
7.8702,7.8702
7.87052,7.87052
7.87055,7.87055
7.87126,7.87126
7.87421,7.87421
7.88268,7.88268
7.88277,7.88277
7.88314,7.88314
7.88354,7.88354
7.88606,7.88606
7.88806,7.88806
7.88958,7.88958
7.89117,7.89117
7.89414,7.89414
7.89797,7.89797
7.90053,7.90053
7.90092,7.90092
7.90152,7.90152
7.90464,7.90464
7.90477,7.90477
7.90835,7.90835
7.90905,7.90905
7.91285,7.91285
7.91758,7.91758
7.92071,7.92071
7.92102,7.92102
7.9231,7.9231
7.93122,7.93122
7.93339,7.93339
7.93504,7.93504
7.93916,7.93916
7.94594,7.94594
7.94703,7.94703
7.95033,7.95033
7.95061,7.95061
7.95304,7.95304
7.9533,7.9533
7.95512,7.95512
7.95659,7.95659
7.95817,7.95817
7.96072,7.96072
7.96638,7.96638
7.96651,7.96651
7.96671,7.96671
7.9698,7.9698
7.97472,7.97472
7.97993,7.97993
7.98027,7.98027
7.98703,7.98703
7.98787,7.98787
7.99114,7.99114
7.9914,7.9914
8.00468,8.00468
8.00603,8.00603
8.01113,8.01113
8.01408,8.01408
8.02989,8.02989
8.02991,8.02991
8.03045,8.03045
8.0311,8.0311
8.03253,8.03253
8.03788,8.03788
8.04437,8.04437
8.04479,8.04479
8.04668,8.04668
8.04768,8.04768
8.05031,8.05031
8.05382,8.05382
8.05654,8.05654
8.06244,8.06244
8.06367,8.06367
8.06611,8.06611
8.06948,8.06948
8.07476,8.07476
8.07693,8.07693
8.07777,8.07777
8.07923,8.07923
8.08271,8.08271
8.08375,8.08375
8.08582,8.08582
8.08633,8.08633
8.0937,8.0937
8.09437,8.09437
8.0957,8.0957
8.10044,8.10044
8.10299,8.10299
8.10573,8.10573
8.10958,8.10958
8.10981,8.10981
8.11603,8.11603
8.12195,8.12195
8.12274,8.12274
8.12676,8.12676
8.13453,8.13453
8.13458,8.13458
8.13618,8.13618
8.13805,8.13805
8.14611,8.14611
8.14734,8.14734
8.14864,8.14864
8.14893,8.14893
8.15143,8.15143
8.15613,8.15613
8.16196,8.16196
8.16507,8.16507
8.16661,8.16661
8.17035,8.17035
8.17039,8.17039
8.17468,8.17468
8.17572,8.17572
8.18134,8.18134
8.18249,8.18249
8.18259,8.18259
8.18264,8.18264
8.18326,8.18326
8.18514,8.18514
8.18569,8.18569
8.18658,8.18658
8.19347,8.19347
8.19955,8.19955
8.20234,8.20234
8.20516,8.20516
8.2064,8.2064
8.20733,8.20733
8.20827,8.20827
8.21069,8.21069
8.21125,8.21125
8.21892,8.21892
8.21964,8.21964
8.21982,8.21982
8.22002,8.22002
8.22595,8.22595
8.23375,8.23375
8.24029,8.24029
8.24252,8.24252
8.24602,8.24602
8.24685,8.24685
8.24868,8.24868
8.25444,8.25444
8.25545,8.25545
8.25586,8.25586
8.25858,8.25858
8.25999,8.25999
8.26088,8.26088
8.26378,8.26378
8.26712,8.26712
8.26953,8.26953
8.27226,8.27226
8.27624,8.27624
8.28907,8.28907
8.29133,8.29133
8.29571,8.29571
8.30185,8.30185
8.30263,8.30263
8.30396,8.30396
8.30844,8.30844
8.31223,8.31223
8.31722,8.31722
8.31828,8.31828
8.32027,8.32027
8.32161,8.32161
8.32206,8.32206
8.32218,8.32218
8.32285,8.32285
8.32326,8.32326
8.32707,8.32707
8.33002,8.33002
8.33035,8.33035
8.33389,8.33389
8.34417,8.34417
8.34805,8.34805
8.34899,8.34899
8.35015,8.35015
8.35051,8.35051
8.35317,8.35317
8.35819,8.35819
8.36011,8.36011
8.36904,8.36904
8.3715,8.3715
8.37185,8.37185
8.37909,8.37909
8.38179,8.38179
8.38326,8.38326
8.38703,8.38703
8.39085,8.39085
8.39144,8.39144
8.39277,8.39277
8.3931,8.3931
8.39358,8.39358
8.39533,8.39533
8.39789,8.39789
8.40057,8.40057
8.40422,8.40422
8.40584,8.40584
8.40817,8.40817
8.40981,8.40981
8.41119,8.41119
8.41591,8.41591
8.42446,8.42446
8.42815,8.42815
8.42896,8.42896
8.42986,8.42986
8.43547,8.43547
8.43843,8.43843
8.43844,8.43844
8.4425,8.4425
8.44341,8.44341
8.45355,8.45355
8.45952,8.45952
8.46153,8.46153
8.46206,8.46206
8.4627,8.4627
8.46311,8.46311
8.46703,8.46703
8.46759,8.46759
8.47176,8.47176
8.48148,8.48148
8.48155,8.48155
8.48195,8.48195
8.48308,8.48308
8.48562,8.48562
8.4862,8.4862
8.48658,8.48658
8.48875,8.48875
8.49454,8.49454
8.49576,8.49576
8.49618,8.49618
8.49633,8.49633
8.49649,8.49649
8.50068,8.50068
8.5098,8.5098
8.51378,8.51378
8.51503,8.51503
8.51531,8.51531
8.51798,8.51798
8.51827,8.51827
8.51883,8.51883
8.52643,8.52643
8.53085,8.53085
8.53334,8.53334
8.54155,8.54155
8.54713,8.54713
8.54891,8.54891
8.55035,8.55035
8.55417,8.55417
8.55464,8.55464
8.55933,8.55933
8.55962,8.55962
8.56067,8.56067
8.56211,8.56211
8.56412,8.56412
8.56465,8.56465
8.56692,8.56692
8.56891,8.56891
8.56942,8.56942
8.56968,8.56968
8.57336,8.57336
8.57524,8.57524
8.57879,8.57879
8.57974,8.57974
8.58138,8.58138
8.58243,8.58243
8.58381,8.58381
8.58441,8.58441
8.59641,8.59641
8.59654,8.59654
8.597,8.597
8.60132,8.60132
8.60219,8.60219
8.60295,8.60295
8.60684,8.60684
8.61256,8.61256
8.61474,8.61474
8.6157,8.6157
8.61646,8.61646
8.62209,8.62209
8.6239,8.6239
8.62701,8.62701
8.62844,8.62844
8.64048,8.64048
8.64487,8.64487
8.64617,8.64617
8.6469,8.6469
8.64857,8.64857
8.64925,8.64925
8.65113,8.65113
8.65445,8.65445
8.65669,8.65669
8.65835,8.65835
8.65988,8.65988
8.6826,8.6826
8.68537,8.68537
8.68572,8.68572
8.68579,8.68579
8.70036,8.70036
8.70159,8.70159
8.71047,8.71047
8.71239,8.71239
8.71518,8.71518
8.71629,8.71629
8.71757,8.71757
8.72191,8.72191
8.72443,8.72443
8.72667,8.72667
8.73149,8.73149
8.74118,8.74118
8.74247,8.74247
8.74577,8.74577
8.74888,8.74888
8.74897,8.74897
8.7493,8.7493
8.75659,8.75659
8.76273,8.76273
8.76341,8.76341
8.76368,8.76368
8.76414,8.76414
8.76974,8.76974
8.77286,8.77286
8.77471,8.77471
8.78232,8.78232
8.78468,8.78468
8.78718,8.78718
8.7953,8.7953
8.79761,8.79761
8.80066,8.80066
8.80228,8.80228
8.80444,8.80444
8.80649,8.80649
8.81228,8.81228
8.8137,8.8137
8.82057,8.82057
8.82209,8.82209
8.82523,8.82523
8.82809,8.82809
8.83623,8.83623
8.83721,8.83721
8.8373,8.8373
8.83894,8.83894
8.84435,8.84435
8.84532,8.84532
8.84733,8.84733
8.8498,8.8498
8.86203,8.86203
8.86263,8.86263
8.86288,8.86288
8.87468,8.87468
8.87536,8.87536
8.87545,8.87545
8.87547,8.87547
8.87697,8.87697
8.88155,8.88155
8.88295,8.88295
8.883,8.883
8.8921,8.8921
8.89369,8.89369
8.90006,8.90006
8.9007,8.9007
8.90259,8.90259
8.90259,8.90259
8.90497,8.90497
8.90498,8.90498
8.90506,8.90506
8.9115,8.9115
8.91646,8.91646
8.91982,8.91982
8.92297,8.92297
8.92614,8.92614
8.92957,8.92957
8.94172,8.94172
8.94272,8.94272
8.94489,8.94489
8.94576,8.94576
8.94592,8.94592
8.94903,8.94903
8.95032,8.95032
8.96105,8.96105
8.96255,8.96255
8.96462,8.96462
8.96842,8.96842
8.96993,8.96993
8.97576,8.97576
8.98008,8.98008
8.98413,8.98413
8.98726,8.98726
8.98947,8.98947
8.99207,8.99207
8.99378,8.99378
8.99905,8.99905
8.99935,8.99935
9.01243,9.01243
9.01373,9.01373
9.01383,9.01383
9.01874,9.01874
9.02091,9.02091
9.02363,9.02363
9.02842,9.02842
9.03447,9.03447
9.03486,9.03486
9.04326,9.04326
9.04611,9.04611
9.0536,9.0536
9.05828,9.05828
9.06062,9.06062
9.06756,9.06756
9.07091,9.07091
9.0723,9.0723
9.07465,9.07465
9.07694,9.07694
9.07852,9.07852
9.08193,9.08193
9.08381,9.08381
9.08801,9.08801
9.09213,9.09213
9.0938,9.0938
9.09462,9.09462
9.10867,9.10867
9.10983,9.10983
9.11947,9.11947
9.12761,9.12761
9.12907,9.12907
9.13074,9.13074
9.1352,9.1352
9.13831,9.13831
9.14676,9.14676
9.14769,9.14769
9.14964,9.14964
9.15232,9.15232
9.15288,9.15288
9.15476,9.15476
9.15771,9.15771
9.15835,9.15835
9.15854,9.15854
9.1599,9.1599
9.16142,9.16142
9.16203,9.16203
9.16699,9.16699
9.16803,9.16803
9.17232,9.17232
9.17244,9.17244
9.17521,9.17521
9.17563,9.17563
9.18426,9.18426
9.18444,9.18444
9.18705,9.18705
9.19402,9.19402
9.19615,9.19615
9.19894,9.19894
9.19972,9.19972
9.19978,9.19978
9.20186,9.20186
9.20199,9.20199
9.20573,9.20573
9.20815,9.20815
9.21465,9.21465
9.21721,9.21721
9.21908,9.21908
9.21953,9.21953
9.22361,9.22361
9.22489,9.22489
9.22554,9.22554
9.23499,9.23499
9.24052,9.24052
9.24056,9.24056
9.24237,9.24237
9.24975,9.24975
9.25745,9.25745
9.25835,9.25835
9.26149,9.26149
9.26742,9.26742
9.27123,9.27123
9.27441,9.27441
9.28192,9.28192
9.28719,9.28719
9.28763,9.28763
9.28804,9.28804
9.29231,9.29231
9.29626,9.29626
9.30576,9.30576
9.30771,9.30771
9.30776,9.30776
9.30812,9.30812
9.31295,9.31295
9.31774,9.31774
9.31878,9.31878
9.32353,9.32353
9.32373,9.32373
9.33371,9.33371
9.33523,9.33523
9.33566,9.33566
9.33881,9.33881
9.33991,9.33991
9.34477,9.34477
9.34879,9.34879
9.34948,9.34948
9.35985,9.35985
9.36233,9.36233
9.36878,9.36878
9.37305,9.37305
9.37391,9.37391
9.3748,9.3748
9.37498,9.37498
9.37571,9.37571
9.37829,9.37829
9.37947,9.37947
9.38294,9.38294
9.383,9.383
9.38371,9.38371
9.38405,9.38405
9.38623,9.38623
9.38972,9.38972
9.39685,9.39685
9.39694,9.39694
9.40205,9.40205
9.40459,9.40459
9.40501,9.40501
9.40631,9.40631
9.40875,9.40875
9.41098,9.41098
9.4112,9.4112
9.41273,9.41273
9.4149,9.4149
9.41551,9.41551
9.41787,9.41787
9.41833,9.41833
9.41915,9.41915
9.42113,9.42113
9.42161,9.42161
9.42356,9.42356
9.42495,9.42495
9.42536,9.42536
9.43502,9.43502
9.43938,9.43938
9.44222,9.44222
9.45008,9.45008
9.45215,9.45215
9.45225,9.45225
9.45517,9.45517
9.46168,9.46168
9.463,9.463
9.47172,9.47172
9.47558,9.47558
9.47653,9.47653
9.47991,9.47991
9.48126,9.48126
9.49865,9.49865
9.50146,9.50146
9.50393,9.50393
9.50593,9.50593
9.50832,9.50832
9.51699,9.51699
9.51941,9.51941
9.52039,9.52039
9.5224,9.5224
9.52719,9.52719
9.53228,9.53228
9.53719,9.53719
9.53814,9.53814
9.53957,9.53957
9.54167,9.54167
9.54313,9.54313
9.55487,9.55487
9.5574,9.5574
9.55845,9.55845
9.55958,9.55958
9.55987,9.55987
9.56032,9.56032
9.56145,9.56145
9.56222,9.56222
9.56915,9.56915
9.57138,9.57138
9.57486,9.57486
9.57737,9.57737
9.57747,9.57747
9.58086,9.58086
9.58579,9.58579
9.58637,9.58637
9.58822,9.58822
9.58933,9.58933
9.59839,9.59839
9.59899,9.59899
9.5994,9.5994
9.60237,9.60237
9.60521,9.60521
9.60602,9.60602
9.6066,9.6066
9.61983,9.61983
9.62099,9.62099
9.63117,9.63117
9.63148,9.63148
9.63188,9.63188
9.66222,9.66222
9.66503,9.66503
9.66529,9.66529
9.67158,9.67158
9.67349,9.67349
9.68165,9.68165
9.68635,9.68635
9.68664,9.68664
9.6883,9.6883
9.68981,9.68981
9.69132,9.69132
9.70621,9.70621
9.70645,9.70645
9.7083,9.7083
9.71452,9.71452
9.72732,9.72732
9.72921,9.72921
9.73282,9.73282
9.73291,9.73291
9.73844,9.73844
9.75252,9.75252
9.75266,9.75266
9.75531,9.75531
9.75584,9.75584
9.75749,9.75749
9.76031,9.76031
9.7619,9.7619
9.76207,9.76207
9.76235,9.76235
9.76383,9.76383
9.77309,9.77309
9.77443,9.77443
9.77672,9.77672
9.77896,9.77896
9.77936,9.77936
9.78293,9.78293
9.79032,9.79032
9.79371,9.79371
9.79632,9.79632
9.79811,9.79811
9.80748,9.80748
9.80838,9.80838
9.81531,9.81531
9.81804,9.81804
9.81956,9.81956
9.8197,9.8197
9.82064,9.82064
9.8235,9.8235
9.82867,9.82867
9.83226,9.83226
9.8331,9.8331
9.84101,9.84101
9.84642,9.84642
9.84674,9.84674
9.8532,9.8532
9.85407,9.85407
9.85463,9.85463
9.8567,9.8567
9.85834,9.85834
9.86249,9.86249
9.86318,9.86318
9.87826,9.87826
9.8837,9.8837
9.88996,9.88996
9.89016,9.89016
9.89398,9.89398
9.89553,9.89553
9.89773,9.89773
9.9046,9.9046
9.90765,9.90765
9.90804,9.90804
9.91076,9.91076
9.91217,9.91217
9.91896,9.91896
9.9192,9.9192
9.92037,9.92037
9.9227,9.9227
9.92708,9.92708
9.92817,9.92817
9.93428,9.93428
9.93582,9.93582
9.93782,9.93782
9.94256,9.94256
9.95179,9.95179
9.95414,9.95414
9.95706,9.95706
9.95858,9.95858
9.96983,9.96983
9.97059,9.97059
9.97241,9.97241
9.9758,9.9758
9.97712,9.97712
9.98113,9.98113
9.98148,9.98148
9.98215,9.98215
9.99134,9.99134
9.99168,9.99168
9.99394,9.99394
9.99413,9.99413
9.99639,9.99639
9.99949,9.99949
10.0002,10.0002
10.0053,10.0053
10.0081,10.0081
10.009,10.009
10.0094,10.0094
10.0146,10.0146
10.0162,10.0162
10.021,10.021
10.0219,10.0219
10.0255,10.0255
10.0277,10.0277
10.0289,10.0289
10.0397,10.0397
10.04,10.04
10.0536,10.0536
10.0562,10.0562
10.0581,10.0581
10.0626,10.0626
10.0631,10.0631
10.0664,10.0664
10.067,10.067
10.0698,10.0698
10.0699,10.0699
10.0719,10.0719
10.094,10.094
10.0993,10.0993
10.1091,10.1091
10.1206,10.1206
10.126,10.126
10.133,10.133
10.1341,10.1341
10.1365,10.1365
10.1375,10.1375
10.1402,10.1402
10.1422,10.1422
10.143,10.143
10.1436,10.1436
10.1449,10.1449
10.1482,10.1482
10.1484,10.1484
10.1523,10.1523
10.154,10.154
10.163,10.163
10.1635,10.1635
10.1646,10.1646
10.1657,10.1657
10.1682,10.1682
10.1728,10.1728
10.1753,10.1753
10.1766,10.1766
10.183,10.183
10.2079,10.2079
10.2088,10.2088
10.2115,10.2115
10.2132,10.2132
10.2142,10.2142
10.2172,10.2172
10.2187,10.2187
10.2232,10.2232
10.2343,10.2343
10.2388,10.2388
10.2388,10.2388
10.2391,10.2391
10.2463,10.2463
10.2464,10.2464
10.2522,10.2522
10.2525,10.2525
10.2526,10.2526
10.2543,10.2543
10.2576,10.2576
10.2577,10.2577
10.2635,10.2635
10.2689,10.2689
10.2716,10.2716
10.2717,10.2717
10.2772,10.2772
10.278,10.278
10.2839,10.2839
10.2891,10.2891
10.2945,10.2945
10.2968,10.2968
10.3037,10.3037
10.3085,10.3085
10.3114,10.3114
10.3166,10.3166
10.3253,10.3253
10.3259,10.3259
10.341,10.341
10.3419,10.3419
10.3422,10.3422
10.3455,10.3455
10.3477,10.3477
10.3489,10.3489
10.3509,10.3509
10.3538,10.3538
10.3566,10.3566
10.3588,10.3588
10.3601,10.3601
10.3641,10.3641
10.3642,10.3642
10.3662,10.3662
10.3748,10.3748
10.3818,10.3818
10.3826,10.3826
10.3845,10.3845
10.3992,10.3992
10.4018,10.4018
10.4071,10.4071
10.4076,10.4076
10.411,10.411
10.4121,10.4121
10.4129,10.4129
10.416,10.416
10.4197,10.4197
10.4316,10.4316
10.4322,10.4322
10.4332,10.4332
10.4349,10.4349
10.4382,10.4382
10.4383,10.4383
10.4467,10.4467
10.4473,10.4473
10.4508,10.4508
10.4531,10.4531
10.4622,10.4622
10.4682,10.4682
10.4744,10.4744
10.4766,10.4766
10.4811,10.4811
10.4821,10.4821
10.4861,10.4861
10.4902,10.4902
10.4957,10.4957
10.4984,10.4984
10.4987,10.4987
10.4993,10.4993
10.5063,10.5063
10.507,10.507
10.5081,10.5081
10.5121,10.5121
10.5139,10.5139
10.517,10.517
10.5179,10.5179
10.5201,10.5201
10.5207,10.5207
10.5293,10.5293
10.5311,10.5311
10.5353,10.5353
10.5394,10.5394
10.5414,10.5414
10.5478,10.5478
10.5514,10.5514
10.552,10.552
10.5567,10.5567
10.5708,10.5708
10.5713,10.5713
10.5733,10.5733
10.5735,10.5735
10.5758,10.5758
10.5788,10.5788
10.5823,10.5823
10.5932,10.5932
10.5992,10.5992
10.5999,10.5999
10.6051,10.6051
10.6059,10.6059
10.61,10.61
10.6141,10.6141
10.6168,10.6168
10.6249,10.6249
10.6271,10.6271
10.6273,10.6273
10.6293,10.6293
10.6332,10.6332
10.6416,10.6416
10.6428,10.6428
10.6499,10.6499
10.665,10.665
10.6686,10.6686
10.6688,10.6688
10.6699,10.6699
10.6701,10.6701
10.6702,10.6702
10.6758,10.6758
10.6834,10.6834
10.6954,10.6954
10.7009,10.7009
10.7032,10.7032
10.7073,10.7073
10.7075,10.7075
10.7103,10.7103
10.7157,10.7157
10.7163,10.7163
10.7166,10.7166
10.7168,10.7168
10.7205,10.7205
10.723,10.723
10.7295,10.7295
10.7299,10.7299
10.7349,10.7349
10.7399,10.7399
10.7484,10.7484
10.7538,10.7538
10.7553,10.7553
10.7566,10.7566
10.7571,10.7571
10.7625,10.7625
10.7675,10.7675
10.77,10.77
10.775,10.775
10.7759,10.7759
10.7792,10.7792
10.7875,10.7875
10.7882,10.7882
10.7893,10.7893
10.794,10.794
10.7948,10.7948
10.7953,10.7953
10.8023,10.8023
10.8056,10.8056
10.8066,10.8066
10.8077,10.8077
10.8115,10.8115
10.8125,10.8125
10.8127,10.8127
10.8169,10.8169
10.8238,10.8238
10.8283,10.8283
10.8298,10.8298
10.8334,10.8334
10.8361,10.8361
10.8366,10.8366
10.8416,10.8416
10.8471,10.8471
10.8478,10.8478
10.8511,10.8511
10.8517,10.8517
10.8532,10.8532
10.8567,10.8567
10.8599,10.8599
10.8696,10.8696
10.8701,10.8701
10.8702,10.8702
10.8734,10.8734
10.8748,10.8748
10.8751,10.8751
10.8784,10.8784
10.8798,10.8798
10.8847,10.8847
10.8868,10.8868
10.8885,10.8885
10.8913,10.8913
10.8917,10.8917
10.8958,10.8958
10.9029,10.9029
10.9038,10.9038
10.9119,10.9119
10.9141,10.9141
10.917,10.917
10.919,10.919
10.9222,10.9222
10.9226,10.9226
10.9234,10.9234
10.9277,10.9277
10.9279,10.9279
10.9414,10.9414
10.9428,10.9428
10.9476,10.9476
10.9533,10.9533
10.9544,10.9544
10.9545,10.9545
10.9573,10.9573
10.9649,10.9649
10.9669,10.9669
10.9702,10.9702
10.9778,10.9778
10.9794,10.9794
10.9823,10.9823
11.0079,11.0079
11.0104,11.0104
11.0114,11.0114
11.0134,11.0134
11.0146,11.0146
11.0166,11.0166
11.0182,11.0182
11.0315,11.0315
11.0442,11.0442
11.0446,11.0446
11.0476,11.0476
11.048,11.048
11.0758,11.0758
11.0785,11.0785
11.0804,11.0804
11.0852,11.0852
11.0861,11.0861
11.0931,11.0931
11.0956,11.0956
11.0977,11.0977
11.0987,11.0987
11.1026,11.1026
11.104,11.104
11.1051,11.1051
11.114,11.114
11.1251,11.1251
11.1305,11.1305
11.1336,11.1336
11.1346,11.1346
11.144,11.144
11.1484,11.1484
11.1532,11.1532
11.166,11.166
11.1783,11.1783
11.1801,11.1801
11.1811,11.1811
11.1825,11.1825
11.1868,11.1868
11.1947,11.1947
11.1964,11.1964
11.1983,11.1983
11.2032,11.2032
11.2032,11.2032
11.2068,11.2068
11.2215,11.2215
11.2224,11.2224
11.2281,11.2281
11.2284,11.2284
11.2313,11.2313
11.2349,11.2349
11.2391,11.2391
11.2459,11.2459
11.2468,11.2468
11.2472,11.2472
11.2602,11.2602
11.2641,11.2641
11.2695,11.2695
11.2706,11.2706
11.2831,11.2831
11.2831,11.2831
11.3063,11.3063
11.3093,11.3093
11.315,11.315
11.3212,11.3212
11.3264,11.3264
11.3267,11.3267
11.3292,11.3292
11.3336,11.3336
11.3591,11.3591
11.3665,11.3665
11.3712,11.3712
11.3716,11.3716
11.3771,11.3771
11.379,11.379
11.3792,11.3792
11.3807,11.3807
11.3824,11.3824
11.3827,11.3827
11.3833,11.3833
11.3836,11.3836
11.391,11.391
11.3911,11.3911
11.3961,11.3961
11.4008,11.4008
11.4019,11.4019
11.4049,11.4049
11.4053,11.4053
11.4078,11.4078
11.4176,11.4176
11.4277,11.4277
11.4475,11.4475
11.4504,11.4504
11.4533,11.4533
11.4563,11.4563
11.4566,11.4566
11.4622,11.4622
11.4624,11.4624
11.4676,11.4676
11.4688,11.4688
11.4762,11.4762
11.481,11.481
11.4908,11.4908
11.4916,11.4916
11.4922,11.4922
11.4944,11.4944
11.5061,11.5061
11.5065,11.5065
11.511,11.511
11.5154,11.5154
11.5176,11.5176
11.5248,11.5248
11.5258,11.5258
11.5285,11.5285
11.5518,11.5518
11.5564,11.5564
11.5595,11.5595
11.566,11.566
11.5688,11.5688
11.5691,11.5691
11.5717,11.5717
11.5735,11.5735
11.574,11.574
11.5752,11.5752
11.5783,11.5783
11.5803,11.5803
11.5815,11.5815
11.5823,11.5823
11.5865,11.5865
11.5871,11.5871
11.5933,11.5933
11.6058,11.6058
11.6074,11.6074
11.6093,11.6093
11.6126,11.6126
11.6142,11.6142
11.6146,11.6146
11.6152,11.6152
11.6269,11.6269
11.6317,11.6317
11.6389,11.6389
11.6433,11.6433
11.6477,11.6477
11.6495,11.6495
11.6536,11.6536
11.6542,11.6542
11.6618,11.6618
11.6618,11.6618
11.6645,11.6645
11.6648,11.6648
11.684,11.684
11.6922,11.6922
11.6936,11.6936
11.6941,11.6941
11.6972,11.6972
11.7058,11.7058
11.7073,11.7073
11.7135,11.7135
11.715,11.715
11.7178,11.7178
11.7182,11.7182
11.72,11.72
11.726,11.726
11.7261,11.7261
11.7324,11.7324
11.733,11.733
11.7336,11.7336
11.7371,11.7371
11.7411,11.7411
11.7479,11.7479
11.7509,11.7509
11.7533,11.7533
11.754,11.754
11.7559,11.7559
11.7562,11.7562
11.7575,11.7575
11.7618,11.7618
11.7665,11.7665
11.7726,11.7726
11.7739,11.7739
11.7892,11.7892
11.7918,11.7918
11.7977,11.7977
11.8048,11.8048
11.8061,11.8061
11.8123,11.8123
11.8177,11.8177
11.8182,11.8182
11.8289,11.8289
11.8329,11.8329
11.8354,11.8354
11.8383,11.8383
11.8397,11.8397
11.8409,11.8409
11.8427,11.8427
11.8502,11.8502
11.8504,11.8504
11.851,11.851
11.8602,11.8602
11.8606,11.8606
11.8757,11.8757
11.8764,11.8764
11.879,11.879
11.8814,11.8814
11.8825,11.8825
11.89,11.89
11.8978,11.8978
11.9044,11.9044
11.9097,11.9097
11.911,11.911
11.9154,11.9154
11.9164,11.9164
11.9172,11.9172
11.9182,11.9182
11.925,11.925
11.9298,11.9298
11.9307,11.9307
11.9323,11.9323
11.9358,11.9358
11.9414,11.9414
11.948,11.948
11.9492,11.9492
11.9537,11.9537
11.9577,11.9577
11.9631,11.9631
11.9639,11.9639
11.972,11.972
11.9755,11.9755
11.9775,11.9775
11.9902,11.9902
11.9973,11.9973
12.0011,12.0011
12.0095,12.0095
12.011,12.011
12.0114,12.0114
12.012,12.012
12.0132,12.0132
12.0169,12.0169
12.0205,12.0205
12.0326,12.0326
12.0339,12.0339
12.0457,12.0457
12.0488,12.0488
12.0492,12.0492
12.0492,12.0492
12.0519,12.0519
12.0538,12.0538
12.0554,12.0554
12.0573,12.0573
12.0587,12.0587
12.0612,12.0612
12.0674,12.0674
12.0715,12.0715
12.0827,12.0827
12.0858,12.0858
12.0938,12.0938
12.0945,12.0945
12.1094,12.1094
12.1107,12.1107
12.1118,12.1118
12.1121,12.1121
12.115,12.115
12.128,12.128
12.131,12.131
12.1396,12.1396
12.1479,12.1479
12.1506,12.1506
12.1512,12.1512
12.1678,12.1678
12.1818,12.1818
12.186,12.186
12.1932,12.1932
12.1992,12.1992
12.2074,12.2074
12.2163,12.2163
12.2245,12.2245
12.2255,12.2255
12.2311,12.2311
12.2325,12.2325
12.2415,12.2415
12.2543,12.2543
12.2645,12.2645
12.2652,12.2652
12.2663,12.2663
12.2679,12.2679
12.2701,12.2701
12.2738,12.2738
12.2817,12.2817
12.2861,12.2861
12.2866,12.2866
12.2876,12.2876
12.2933,12.2933
12.2934,12.2934
12.3029,12.3029
12.3076,12.3076
12.3079,12.3079
12.3118,12.3118
12.3122,12.3122
12.3135,12.3135
12.3155,12.3155
12.3259,12.3259
12.3308,12.3308
12.3357,12.3357
12.3382,12.3382
12.3409,12.3409
12.3571,12.3571
12.3578,12.3578
12.3591,12.3591
12.3629,12.3629
12.3692,12.3692
12.3736,12.3736
12.3794,12.3794
12.3816,12.3816
12.3831,12.3831
12.3853,12.3853
12.39,12.39
12.3976,12.3976
12.4058,12.4058
12.4077,12.4077
12.4125,12.4125
12.4143,12.4143
12.4201,12.4201
12.4219,12.4219
12.4265,12.4265
12.4298,12.4298
12.4324,12.4324
12.4326,12.4326
12.4334,12.4334
12.4337,12.4337
12.4369,12.4369
12.4414,12.4414
12.4457,12.4457
12.4488,12.4488
12.4505,12.4505
12.4601,12.4601
12.4639,12.4639
12.4692,12.4692
12.4875,12.4875
12.4882,12.4882
12.4884,12.4884
12.5053,12.5053
12.5119,12.5119
12.5134,12.5134
12.5166,12.5166
12.5176,12.5176
12.5184,12.5184
12.5219,12.5219
12.5231,12.5231
12.5238,12.5238
12.5304,12.5304
12.5416,12.5416
12.5438,12.5438
12.5461,12.5461
12.5479,12.5479
12.5512,12.5512
12.5513,12.5513
12.5522,12.5522
12.5545,12.5545
12.5591,12.5591
12.5696,12.5696
12.5698,12.5698
12.5903,12.5903
12.5936,12.5936
12.5945,12.5945
12.6019,12.6019
12.6071,12.6071
12.6332,12.6332
12.6355,12.6355
12.6366,12.6366
12.6388,12.6388
12.64,12.64
12.6408,12.6408
12.6465,12.6465
12.6484,12.6484
12.6518,12.6518
12.6563,12.6563
12.6572,12.6572
12.6625,12.6625
12.6673,12.6673
12.6712,12.6712
12.6742,12.6742
12.6788,12.6788
12.6792,12.6792
12.6811,12.6811
12.6813,12.6813
12.6854,12.6854
12.6888,12.6888
12.6916,12.6916
12.6916,12.6916
12.6931,12.6931
12.6944,12.6944
12.6946,12.6946
12.7134,12.7134
12.7177,12.7177
12.7185,12.7185
12.7202,12.7202
12.7217,12.7217
12.7266,12.7266
12.7342,12.7342
12.7354,12.7354
12.7403,12.7403
12.7498,12.7498
12.751,12.751
12.7565,12.7565
12.7592,12.7592
12.7604,12.7604
12.761,12.761
12.7651,12.7651
12.7705,12.7705
12.7752,12.7752
12.7828,12.7828
12.7851,12.7851
12.7947,12.7947
12.7964,12.7964
12.8011,12.8011
12.8011,12.8011
12.8042,12.8042
12.8124,12.8124
12.8202,12.8202
12.8249,12.8249
12.8269,12.8269
12.8381,12.8381
12.8384,12.8384
12.8419,12.8419
12.8443,12.8443
12.8489,12.8489
12.8546,12.8546
12.8594,12.8594
12.8639,12.8639
12.8677,12.8677
12.8693,12.8693
12.893,12.893
12.8958,12.8958
12.9028,12.9028
12.9033,12.9033
12.9128,12.9128
12.9157,12.9157
12.9182,12.9182
12.921,12.921
12.9212,12.9212
12.9249,12.9249
12.9302,12.9302
12.9352,12.9352
12.9406,12.9406
12.9546,12.9546
12.9585,12.9585
12.9609,12.9609
12.9692,12.9692
12.9819,12.9819
12.9856,12.9856
12.9887,12.9887
12.992,12.992
12.9923,12.9923
12.996,12.996
12.9965,12.9965
12.9989,12.9989
12.9993,12.9993
13.003,13.003
13.0046,13.0046
13.0048,13.0048
13.0079,13.0079
13.0092,13.0092
13.0123,13.0123
13.0144,13.0144
13.0285,13.0285
13.03,13.03
13.033,13.033
13.0362,13.0362
13.0417,13.0417
13.0463,13.0463
13.0464,13.0464
13.0563,13.0563
13.0737,13.0737
13.0813,13.0813
13.0823,13.0823
13.0842,13.0842
13.098,13.098
13.107,13.107
13.1106,13.1106
13.1107,13.1107
13.1196,13.1196
13.1239,13.1239
13.1278,13.1278
13.1318,13.1318
13.1318,13.1318
13.1361,13.1361
13.1413,13.1413
13.1516,13.1516
13.1534,13.1534
13.1553,13.1553
13.1593,13.1593
13.1672,13.1672
13.1679,13.1679
13.1723,13.1723
13.1726,13.1726
13.1755,13.1755
13.176,13.176
13.1792,13.1792
13.1864,13.1864
13.191,13.191
13.1945,13.1945
13.2,13.2
13.2047,13.2047
13.2085,13.2085
13.2089,13.2089
13.2105,13.2105
13.2107,13.2107
13.2118,13.2118
13.2166,13.2166
13.2173,13.2173
13.2253,13.2253
13.233,13.233
13.234,13.234
13.2361,13.2361
13.2386,13.2386
13.2442,13.2442
13.2459,13.2459
13.2472,13.2472
13.2473,13.2473
13.2521,13.2521
13.2567,13.2567
13.2598,13.2598
13.2632,13.2632
13.2664,13.2664
13.2686,13.2686
13.276,13.276
13.2836,13.2836
13.2912,13.2912
13.2975,13.2975
13.3034,13.3034
13.3042,13.3042
13.3117,13.3117
13.3136,13.3136
13.318,13.318
13.3234,13.3234
13.3249,13.3249
13.3256,13.3256
13.3267,13.3267
13.3282,13.3282
13.3312,13.3312
13.3331,13.3331
13.3341,13.3341
13.3506,13.3506
13.3558,13.3558
13.3605,13.3605
13.3634,13.3634
13.3657,13.3657
13.3722,13.3722
13.374,13.374
13.3747,13.3747
13.3779,13.3779
13.3781,13.3781
13.3789,13.3789
13.3823,13.3823
13.3832,13.3832
13.3866,13.3866
13.3899,13.3899
13.3913,13.3913
13.3919,13.3919
13.4059,13.4059
13.4199,13.4199
13.4247,13.4247
13.427,13.427
13.4342,13.4342
13.4395,13.4395
13.443,13.443
13.4446,13.4446
13.4477,13.4477
13.4554,13.4554
13.4592,13.4592
13.4624,13.4624
13.4667,13.4667
13.4712,13.4712
13.4788,13.4788
13.4795,13.4795
13.4815,13.4815
13.4827,13.4827
13.4906,13.4906
13.4915,13.4915
13.4974,13.4974
13.4987,13.4987
13.5086,13.5086
13.509,13.509
13.5279,13.5279
13.5326,13.5326
13.534,13.534
13.536,13.536
13.5394,13.5394
13.5451,13.5451
13.5556,13.5556
13.5651,13.5651
13.5683,13.5683
13.5689,13.5689
13.5696,13.5696
13.5737,13.5737
13.5777,13.5777
13.5788,13.5788
13.5793,13.5793
13.5817,13.5817
13.5836,13.5836
13.5853,13.5853
13.5863,13.5863
13.5865,13.5865
13.5897,13.5897
13.5915,13.5915
13.5943,13.5943
13.5958,13.5958
13.6022,13.6022
13.6032,13.6032
13.6045,13.6045
13.6105,13.6105
13.6142,13.6142
13.6206,13.6206
13.6265,13.6265
13.634,13.634
13.6364,13.6364
13.6438,13.6438
13.6463,13.6463
13.6482,13.6482
13.6542,13.6542
13.6545,13.6545
13.6573,13.6573
13.6658,13.6658
13.6665,13.6665
13.6702,13.6702
13.6702,13.6702
13.6708,13.6708
13.6714,13.6714
13.6716,13.6716
13.6872,13.6872
13.6898,13.6898
13.6915,13.6915
13.6934,13.6934
13.6937,13.6937
13.6953,13.6953
13.6965,13.6965
13.7025,13.7025
13.7046,13.7046
13.7172,13.7172
13.7221,13.7221
13.7272,13.7272
13.7404,13.7404
13.7455,13.7455
13.7472,13.7472
13.7491,13.7491
13.7565,13.7565
13.7581,13.7581
13.7638,13.7638
13.7639,13.7639
13.7664,13.7664
13.7727,13.7727
13.7754,13.7754
13.7814,13.7814
13.7845,13.7845
13.789,13.789
13.791,13.791
13.792,13.792
13.7979,13.7979
13.7987,13.7987
13.801,13.801
13.8031,13.8031
13.8135,13.8135
13.8166,13.8166
13.8269,13.8269
13.8338,13.8338
13.8421,13.8421
13.8431,13.8431
13.8449,13.8449
13.8451,13.8451
13.8527,13.8527
13.8575,13.8575
13.8633,13.8633
13.8709,13.8709
13.8754,13.8754
13.8839,13.8839
13.8882,13.8882
13.8894,13.8894
13.8929,13.8929
13.8933,13.8933
13.8977,13.8977
13.8992,13.8992
13.9068,13.9068
13.9122,13.9122
13.9196,13.9196
13.9204,13.9204
13.9333,13.9333
13.9363,13.9363
13.9365,13.9365
13.9439,13.9439
13.9508,13.9508
13.9607,13.9607
13.9876,13.9876
13.9922,13.9922
14.0008,14.0008
14.0032,14.0032
14.0127,14.0127
14.0131,14.0131
14.0185,14.0185
14.0229,14.0229
14.0233,14.0233
14.0321,14.0321
14.0337,14.0337
14.0341,14.0341
14.0392,14.0392
14.0396,14.0396
14.0477,14.0477
14.0484,14.0484
14.0514,14.0514
14.0774,14.0774
14.0807,14.0807
14.0834,14.0834
14.0851,14.0851
14.0854,14.0854
14.0855,14.0855
14.0894,14.0894
14.0942,14.0942
14.1121,14.1121
14.1155,14.1155
14.1198,14.1198
14.1249,14.1249
14.1253,14.1253
14.1285,14.1285
14.1322,14.1322
14.1483,14.1483
14.1486,14.1486
14.1581,14.1581
14.161,14.161
14.1798,14.1798
14.1949,14.1949
14.1977,14.1977
14.203,14.203
14.2091,14.2091
14.2212,14.2212
14.2265,14.2265
14.2277,14.2277
14.2366,14.2366
14.2376,14.2376
14.2386,14.2386
14.2404,14.2404
14.2453,14.2453
14.2595,14.2595
14.2673,14.2673
14.2894,14.2894
14.2975,14.2975
14.3015,14.3015
14.3171,14.3171
14.3224,14.3224
14.3227,14.3227
14.3333,14.3333
14.3356,14.3356
14.3389,14.3389
14.3418,14.3418
14.3441,14.3441
14.3442,14.3442
14.3497,14.3497
14.363,14.363
14.3642,14.3642
14.3668,14.3668
14.3735,14.3735
14.3782,14.3782
14.3801,14.3801
14.3878,14.3878
14.399,14.399
14.4002,14.4002
14.4061,14.4061
14.4098,14.4098
14.41,14.41
14.4112,14.4112
14.4274,14.4274
14.4278,14.4278
14.4361,14.4361
14.4426,14.4426
14.4473,14.4473
14.449,14.449
14.45,14.45
14.4592,14.4592
14.4625,14.4625
14.4733,14.4733
14.4787,14.4787
14.4805,14.4805
14.4858,14.4858
14.4985,14.4985
14.5101,14.5101
14.5233,14.5233
14.5238,14.5238
14.5324,14.5324
14.5422,14.5422
14.5489,14.5489
14.5494,14.5494
14.5496,14.5496
14.5538,14.5538
14.5572,14.5572
14.5581,14.5581
14.5588,14.5588
14.5591,14.5591
14.564,14.564
14.5641,14.5641
14.5681,14.5681
14.5681,14.5681
14.5686,14.5686
14.5813,14.5813
14.5905,14.5905
14.591,14.591
14.5917,14.5917
14.5926,14.5926
14.599,14.599
14.6146,14.6146
14.6294,14.6294
14.6309,14.6309
14.6375,14.6375
14.6394,14.6394
14.6415,14.6415
14.6462,14.6462
14.6479,14.6479
14.648,14.648
14.6483,14.6483
14.6496,14.6496
14.6555,14.6555
14.6556,14.6556
14.6723,14.6723
14.6737,14.6737
14.6783,14.6783
14.6813,14.6813
14.6851,14.6851
14.6904,14.6904
14.7008,14.7008
14.7019,14.7019
14.7039,14.7039
14.7048,14.7048
14.7134,14.7134
14.7351,14.7351
14.7355,14.7355
14.7455,14.7455
14.7634,14.7634
14.7658,14.7658
14.7671,14.7671
14.7694,14.7694
14.7784,14.7784
14.7816,14.7816
14.7903,14.7903
14.7932,14.7932
14.797,14.797
14.801,14.801
14.8102,14.8102
14.8208,14.8208
14.8286,14.8286
14.8319,14.8319
14.8348,14.8348
14.8363,14.8363
14.8365,14.8365
14.8373,14.8373
14.8394,14.8394
14.8397,14.8397
14.8534,14.8534
14.8558,14.8558
14.8687,14.8687
14.8794,14.8794
14.8846,14.8846
14.8916,14.8916
14.8919,14.8919
14.8922,14.8922
14.8927,14.8927
14.9072,14.9072
14.9119,14.9119
14.9119,14.9119
14.9146,14.9146
14.9189,14.9189
14.9211,14.9211
14.9374,14.9374
14.9387,14.9387
14.9424,14.9424
14.9468,14.9468
14.9497,14.9497
14.9508,14.9508
14.9551,14.9551
14.9617,14.9617
14.9691,14.9691
14.97,14.97
14.9762,14.9762
14.9777,14.9777
14.9817,14.9817
14.9929,14.9929
15.0016,15.0016
15.0039,15.0039
15.0041,15.0041
15.0095,15.0095
15.0214,15.0214
15.0328,15.0328
15.0344,15.0344
15.036,15.036
15.0594,15.0594
15.0677,15.0677
15.07,15.07
15.0793,15.0793
15.0815,15.0815
15.0862,15.0862
15.0893,15.0893
15.0913,15.0913
15.0934,15.0934
15.0968,15.0968
15.1021,15.1021
15.1164,15.1164
15.1311,15.1311
15.1356,15.1356
15.1365,15.1365
15.1374,15.1374
15.1388,15.1388
15.1496,15.1496
15.152,15.152
15.1536,15.1536
15.1559,15.1559
15.1568,15.1568
15.1651,15.1651
15.1728,15.1728
15.1751,15.1751
15.1764,15.1764
15.1876,15.1876
15.1878,15.1878
15.1973,15.1973
15.2036,15.2036
15.2078,15.2078
15.218,15.218
15.2248,15.2248
15.2282,15.2282
15.237,15.237
15.2393,15.2393
15.2422,15.2422
15.2454,15.2454
15.2473,15.2473
15.2572,15.2572
15.2623,15.2623
15.2671,15.2671
15.2823,15.2823
15.2827,15.2827
15.2913,15.2913
15.3078,15.3078
15.3148,15.3148
15.3157,15.3157
15.3164,15.3164
15.3208,15.3208
15.3241,15.3241
15.3245,15.3245
15.3261,15.3261
15.3311,15.3311
15.3317,15.3317
15.332,15.332
15.3326,15.3326
15.3392,15.3392
15.348,15.348
15.3531,15.3531
15.3548,15.3548
15.3617,15.3617
15.3626,15.3626
15.3628,15.3628
15.3903,15.3903
15.3911,15.3911
15.4012,15.4012
15.4015,15.4015
15.4029,15.4029
15.4048,15.4048
15.4126,15.4126
15.4141,15.4141
15.4223,15.4223
15.4229,15.4229
15.4406,15.4406
15.4517,15.4517
15.4525,15.4525
15.4532,15.4532
15.4538,15.4538
15.4582,15.4582
15.4589,15.4589
15.4699,15.4699
15.4757,15.4757
15.4758,15.4758
15.4767,15.4767
15.4771,15.4771
15.4888,15.4888
15.4955,15.4955
15.5078,15.5078
15.5113,15.5113
15.5309,15.5309
15.5361,15.5361
15.5377,15.5377
15.5415,15.5415
15.5552,15.5552
15.5622,15.5622
15.5686,15.5686
15.571,15.571
15.5798,15.5798
15.5808,15.5808
15.5816,15.5816
15.5853,15.5853
15.6064,15.6064
15.6106,15.6106
15.6109,15.6109
15.615,15.615
15.6158,15.6158
15.6223,15.6223
15.6274,15.6274
15.6276,15.6276
15.6276,15.6276
15.6481,15.6481
15.6514,15.6514
15.6565,15.6565
15.6575,15.6575
15.662,15.662
15.6758,15.6758
15.6812,15.6812
15.6852,15.6852
15.6962,15.6962
15.6971,15.6971
15.6978,15.6978
15.7146,15.7146
15.7273,15.7273
15.7275,15.7275
15.7315,15.7315
15.7373,15.7373
15.7413,15.7413
15.7415,15.7415
15.7461,15.7461
15.7497,15.7497
15.7547,15.7547
15.7646,15.7646
15.7724,15.7724
15.7728,15.7728
15.7789,15.7789
15.7833,15.7833
15.7843,15.7843
15.7849,15.7849
15.7858,15.7858
15.7891,15.7891
15.7955,15.7955
15.7976,15.7976
15.801,15.801
15.8102,15.8102
15.8175,15.8175
15.842,15.842
15.843,15.843
15.8446,15.8446
15.8452,15.8452
15.8462,15.8462
15.8502,15.8502
15.8554,15.8554
15.8592,15.8592
15.8642,15.8642
15.8678,15.8678
15.8731,15.8731
15.8812,15.8812
15.8826,15.8826
15.8834,15.8834
15.8859,15.8859
15.89,15.89
15.8911,15.8911
15.892,15.892
15.9023,15.9023
15.91,15.91
15.9103,15.9103
15.9168,15.9168
15.9171,15.9171
15.9303,15.9303
15.9402,15.9402
15.9411,15.9411
15.9415,15.9415
15.9439,15.9439
15.9548,15.9548
15.9549,15.9549
15.9596,15.9596
15.9735,15.9735
15.9772,15.9772
15.9792,15.9792
15.9835,15.9835
15.9863,15.9863
15.99,15.99
15.9952,15.9952
16.0046,16.0046
16.0071,16.0071
16.01,16.01
16.0206,16.0206
16.025,16.025
16.0374,16.0374
16.0441,16.0441
16.0575,16.0575
16.061,16.061
16.0687,16.0687
16.075,16.075
16.0867,16.0867
16.0908,16.0908
16.0916,16.0916
16.0968,16.0968
16.1075,16.1075
16.1268,16.1268
16.1284,16.1284
16.1414,16.1414
16.1426,16.1426
16.1449,16.1449
16.1453,16.1453
16.1467,16.1467
16.1497,16.1497
16.1502,16.1502
16.1526,16.1526
16.1532,16.1532
16.1543,16.1543
16.1733,16.1733
16.1769,16.1769
16.179,16.179
16.1804,16.1804
16.1817,16.1817
16.1925,16.1925
16.2002,16.2002
16.2018,16.2018
16.2102,16.2102
16.2104,16.2104
16.2176,16.2176
16.2207,16.2207
16.2319,16.2319
16.2349,16.2349
16.2353,16.2353
16.2393,16.2393
16.2454,16.2454
16.2455,16.2455
16.2494,16.2494
16.2511,16.2511
16.2541,16.2541
16.2573,16.2573
16.2593,16.2593
16.2678,16.2678
16.2717,16.2717
16.2748,16.2748
16.2816,16.2816
16.2865,16.2865
16.2889,16.2889
16.29,16.29
16.2904,16.2904
16.3086,16.3086
16.3134,16.3134
16.3166,16.3166
16.325,16.325
16.3289,16.3289
16.331,16.331
16.3334,16.3334
16.3343,16.3343
16.3411,16.3411
16.3606,16.3606
16.3631,16.3631
16.3722,16.3722
16.3773,16.3773
16.3869,16.3869
16.3916,16.3916
16.3921,16.3921
16.4003,16.4003
16.4012,16.4012
16.4012,16.4012
16.4061,16.4061
16.4081,16.4081
16.41,16.41
16.4118,16.4118
16.4165,16.4165
16.422,16.422
16.4232,16.4232
16.4297,16.4297
16.4307,16.4307
16.4448,16.4448
16.4477,16.4477
16.4514,16.4514
16.4543,16.4543
16.4671,16.4671
16.4726,16.4726
16.4759,16.4759
16.4794,16.4794
16.4811,16.4811
16.4814,16.4814
16.4896,16.4896
16.4964,16.4964
16.5047,16.5047
16.5063,16.5063
16.5095,16.5095
16.5155,16.5155
16.5249,16.5249
16.5315,16.5315
16.5349,16.5349
16.5368,16.5368
16.5466,16.5466
16.5471,16.5471
16.5481,16.5481
16.5676,16.5676
16.5723,16.5723
16.5806,16.5806
16.5966,16.5966
16.6006,16.6006
16.6061,16.6061
16.6253,16.6253
16.6281,16.6281
16.6398,16.6398
16.643,16.643
16.6469,16.6469
16.6505,16.6505
16.651,16.651
16.652,16.652
16.6541,16.6541
16.6565,16.6565
16.6586,16.6586
16.6598,16.6598
16.6674,16.6674
16.6782,16.6782
16.6807,16.6807
16.7044,16.7044
16.7084,16.7084
16.7217,16.7217
16.7383,16.7383
16.7415,16.7415
16.7424,16.7424
16.7444,16.7444
16.7474,16.7474
16.7526,16.7526
16.7624,16.7624
16.7628,16.7628
16.7667,16.7667
16.767,16.767
16.776,16.776
16.7768,16.7768
16.7901,16.7901
16.8101,16.8101
16.8315,16.8315
16.8498,16.8498
16.8505,16.8505
16.8529,16.8529
16.8602,16.8602
16.8671,16.8671
16.8672,16.8672
16.8988,16.8988
16.9082,16.9082
16.9189,16.9189
16.9197,16.9197
16.9237,16.9237
16.9249,16.9249
16.9259,16.9259
16.9302,16.9302
16.9321,16.9321
16.935,16.935
16.947,16.947
16.9488,16.9488
16.9595,16.9595
16.961,16.961
16.963,16.963
16.9725,16.9725
16.9792,16.9792
16.9793,16.9793
16.9847,16.9847
16.9895,16.9895
16.9918,16.9918
16.9951,16.9951
17.0076,17.0076
17.0115,17.0115
17.0251,17.0251
17.0285,17.0285
17.0288,17.0288
17.0291,17.0291
17.0383,17.0383
17.0624,17.0624
17.0635,17.0635
17.0655,17.0655
17.0709,17.0709
17.0723,17.0723
17.0759,17.0759
17.076,17.076
17.0902,17.0902
17.0974,17.0974
17.1115,17.1115
17.1126,17.1126
17.1144,17.1144
17.1173,17.1173
17.1223,17.1223
17.1412,17.1412
17.1518,17.1518
17.1581,17.1581
17.1591,17.1591
17.1628,17.1628
17.165,17.165
17.1771,17.1771
17.1997,17.1997
17.2072,17.2072
17.2107,17.2107
17.2133,17.2133
17.221,17.221
17.2223,17.2223
17.2254,17.2254
17.237,17.237
17.243,17.243
17.2508,17.2508
17.2564,17.2564
17.2617,17.2617
17.2728,17.2728
17.276,17.276
17.2763,17.2763
17.2767,17.2767
17.2867,17.2867
17.2942,17.2942
17.2999,17.2999
17.3016,17.3016
17.3043,17.3043
17.3229,17.3229
17.3293,17.3293
17.3319,17.3319
17.3342,17.3342
17.3394,17.3394
17.3449,17.3449
17.3573,17.3573
17.3693,17.3693
17.383,17.383
17.4135,17.4135
17.4249,17.4249
17.4265,17.4265
17.4328,17.4328
17.4413,17.4413
17.4509,17.4509
17.4511,17.4511
17.4636,17.4636
17.4652,17.4652
17.47,17.47
17.4721,17.4721
17.4754,17.4754
17.4914,17.4914
17.4919,17.4919
17.4969,17.4969
17.4992,17.4992
17.5005,17.5005
17.5039,17.5039
17.5059,17.5059
17.5213,17.5213
17.5262,17.5262
17.5418,17.5418
17.542,17.542
17.5481,17.5481
17.5491,17.5491
17.5505,17.5505
17.5535,17.5535
17.5554,17.5554
17.5555,17.5555
17.5578,17.5578
17.5639,17.5639
17.5639,17.5639
17.5661,17.5661
17.5689,17.5689
17.5729,17.5729
17.5729,17.5729
17.5919,17.5919
17.5972,17.5972
17.6053,17.6053
17.6175,17.6175
17.6207,17.6207
17.6311,17.6311
17.6432,17.6432
17.6537,17.6537
17.656,17.656
17.6613,17.6613
17.6649,17.6649
17.6696,17.6696
17.6734,17.6734
17.6751,17.6751
17.6764,17.6764
17.6818,17.6818
17.7008,17.7008
17.7085,17.7085
17.7125,17.7125
17.7166,17.7166
17.7248,17.7248
17.7291,17.7291
17.7302,17.7302
17.7397,17.7397
17.757,17.757
17.7602,17.7602
17.7638,17.7638
17.7734,17.7734
17.7742,17.7742
17.7813,17.7813
17.79,17.79
17.7989,17.7989
17.8001,17.8001
17.8058,17.8058
17.8124,17.8124
17.823,17.823
17.827,17.827
17.8305,17.8305
17.8376,17.8376
17.8416,17.8416
17.8586,17.8586
17.865,17.865
17.8849,17.8849
17.8964,17.8964
17.8997,17.8997
17.9177,17.9177
17.9203,17.9203
17.9208,17.9208
17.921,17.921
17.9214,17.9214
17.924,17.924
17.9272,17.9272
17.9337,17.9337
17.9397,17.9397
17.9505,17.9505
17.956,17.956
17.957,17.957
17.9677,17.9677
17.9806,17.9806
17.9842,17.9842
17.9842,17.9842
17.9889,17.9889
17.9953,17.9953
17.997,17.997
18.0264,18.0264
18.0267,18.0267
18.0396,18.0396
18.0689,18.0689
18.0886,18.0886
18.0922,18.0922
18.0932,18.0932
18.1051,18.1051
18.1054,18.1054
18.1137,18.1137
18.1391,18.1391
18.1396,18.1396
18.1553,18.1553
18.1628,18.1628
18.1666,18.1666
18.1698,18.1698
18.179,18.179
18.1801,18.1801
18.1813,18.1813
18.187,18.187
18.189,18.189
18.2166,18.2166
18.2228,18.2228
18.2305,18.2305
18.2317,18.2317
18.2489,18.2489
18.2498,18.2498
18.2564,18.2564
18.2572,18.2572
18.2611,18.2611
18.2676,18.2676
18.2738,18.2738
18.2763,18.2763
18.2853,18.2853
18.2878,18.2878
18.2979,18.2979
18.3019,18.3019
18.3025,18.3025
18.3279,18.3279
18.3374,18.3374
18.3487,18.3487
18.3602,18.3602
18.3613,18.3613
18.3641,18.3641
18.3674,18.3674
18.374,18.374
18.3755,18.3755
18.3818,18.3818
18.3827,18.3827
18.3856,18.3856
18.3977,18.3977
18.3982,18.3982
18.4019,18.4019
18.4152,18.4152
18.4205,18.4205
18.4208,18.4208
18.4372,18.4372
18.4491,18.4491
18.4529,18.4529
18.4566,18.4566
18.4586,18.4586
18.459,18.459
18.4826,18.4826
18.4835,18.4835
18.4886,18.4886
18.492,18.492
18.5139,18.5139
18.514,18.514
18.5261,18.5261
18.53,18.53
18.5308,18.5308
18.5403,18.5403
18.5407,18.5407
18.5499,18.5499
18.5521,18.5521
18.5812,18.5812
18.5823,18.5823
18.5874,18.5874
18.5982,18.5982
18.6081,18.6081
18.6256,18.6256
18.629,18.629
18.6317,18.6317
18.6327,18.6327
18.6484,18.6484
18.6493,18.6493
18.6508,18.6508
18.6611,18.6611
18.6622,18.6622
18.6701,18.6701
18.6755,18.6755
18.6769,18.6769
18.682,18.682
18.6916,18.6916
18.6947,18.6947
18.6984,18.6984
18.7064,18.7064
18.7074,18.7074
18.7132,18.7132
18.7259,18.7259
18.726,18.726
18.727,18.727
18.7348,18.7348
18.7444,18.7444
18.758,18.758
18.7733,18.7733
18.7772,18.7772
18.7782,18.7782
18.7845,18.7845
18.7859,18.7859
18.7877,18.7877
18.7897,18.7897
18.7903,18.7903
18.7978,18.7978
18.7995,18.7995
18.8057,18.8057
18.8186,18.8186
18.8375,18.8375
18.8386,18.8386
18.8441,18.8441
18.8462,18.8462
18.8538,18.8538
18.8552,18.8552
18.8605,18.8605
18.8877,18.8877
18.8897,18.8897
18.8914,18.8914
18.8974,18.8974
18.9092,18.9092
18.9121,18.9121
18.916,18.916
18.9232,18.9232
18.9248,18.9248
18.9302,18.9302
18.9464,18.9464
18.951,18.951
18.9628,18.9628
18.9632,18.9632
18.9754,18.9754
18.978,18.978
18.9817,18.9817
18.9824,18.9824
18.9878,18.9878
18.9926,18.9926
18.9931,18.9931
19.0026,19.0026
19.0224,19.0224
19.0349,19.0349
19.0443,19.0443
19.0584,19.0584
19.0592,19.0592
19.0636,19.0636
19.0693,19.0693
19.0798,19.0798
19.0864,19.0864
19.0873,19.0873
19.0874,19.0874
19.0954,19.0954
19.0957,19.0957
19.1121,19.1121
19.1137,19.1137
19.1274,19.1274
19.1443,19.1443
19.148,19.148
19.1486,19.1486
19.1489,19.1489
19.1565,19.1565
19.1647,19.1647
19.1878,19.1878
19.1982,19.1982
19.2007,19.2007
19.2125,19.2125
19.2181,19.2181
19.2195,19.2195
19.2261,19.2261
19.2374,19.2374
19.2409,19.2409
19.2521,19.2521
19.2652,19.2652
19.2694,19.2694
19.2816,19.2816
19.3001,19.3001
19.325,19.325
19.3428,19.3428
19.3477,19.3477
19.3574,19.3574
19.3636,19.3636
19.3786,19.3786
19.3857,19.3857
19.4052,19.4052
19.4094,19.4094
19.4109,19.4109
19.417,19.417
19.419,19.419
19.4241,19.4241
19.4284,19.4284
19.4359,19.4359
19.4366,19.4366
19.4462,19.4462
19.4541,19.4541
19.4553,19.4553
19.4562,19.4562
19.4589,19.4589
19.4666,19.4666
19.4687,19.4687
19.469,19.469
19.4803,19.4803
19.5009,19.5009
19.5016,19.5016
19.5035,19.5035
19.5134,19.5134
19.5163,19.5163
19.5254,19.5254
19.5475,19.5475
19.5575,19.5575
19.5589,19.5589
19.5696,19.5696
19.5804,19.5804
19.5867,19.5867
19.5991,19.5991
19.6032,19.6032
19.633,19.633
19.6408,19.6408
19.6435,19.6435
19.6522,19.6522
19.6539,19.6539
19.6543,19.6543
19.6644,19.6644
19.6669,19.6669
19.6701,19.6701
19.6733,19.6733
19.6841,19.6841
19.6939,19.6939
19.6955,19.6955
19.6959,19.6959
19.7309,19.7309
19.7321,19.7321
19.736,19.736
19.7392,19.7392
19.7406,19.7406
19.7452,19.7452
19.747,19.747
19.7705,19.7705
19.7741,19.7741
19.7844,19.7844
19.787,19.787
19.7884,19.7884
19.7949,19.7949
19.7997,19.7997
19.8044,19.8044
19.8233,19.8233
19.8622,19.8622
19.8674,19.8674
19.8718,19.8718
19.8769,19.8769
19.8771,19.8771
19.8865,19.8865
19.8915,19.8915
19.9023,19.9023
19.9108,19.9108
19.9112,19.9112
19.9113,19.9113
19.9248,19.9248
19.9456,19.9456
19.9821,19.9821
19.9879,19.9879
19.9884,19.9884
19.9957,19.9957
20.0035,20.0035
20.0163,20.0163
20.0344,20.0344
20.035,20.035
20.0364,20.0364
20.0375,20.0375
20.0597,20.0597
20.0655,20.0655
20.073,20.073
20.089,20.089
20.0894,20.0894
20.0911,20.0911
20.1043,20.1043
20.1098,20.1098
20.1125,20.1125
20.1227,20.1227
20.1235,20.1235
20.1295,20.1295
20.1384,20.1384
20.1486,20.1486
20.1487,20.1487
20.1574,20.1574
20.1595,20.1595
20.1688,20.1688
20.1947,20.1947
20.2039,20.2039
20.2289,20.2289
20.2295,20.2295
20.2321,20.2321
20.2414,20.2414
20.2629,20.2629
20.2765,20.2765
20.2942,20.2942
20.3065,20.3065
20.328,20.328
20.329,20.329
20.3512,20.3512
20.3576,20.3576
20.3765,20.3765
20.3793,20.3793
20.3821,20.3821
20.3935,20.3935
20.3952,20.3952
20.4143,20.4143
20.4388,20.4388
20.4442,20.4442
20.45,20.45
20.4535,20.4535
20.4607,20.4607
20.4727,20.4727
20.4762,20.4762
20.4833,20.4833
20.4947,20.4947
20.4951,20.4951
20.497,20.497
20.4989,20.4989
20.5008,20.5008
20.5078,20.5078
20.5422,20.5422
20.5605,20.5605
20.5721,20.5721
20.5771,20.5771
20.6133,20.6133
20.6152,20.6152
20.6263,20.6263
20.6311,20.6311
20.6422,20.6422
20.65,20.65
20.6573,20.6573
20.6721,20.6721
20.6831,20.6831
20.7012,20.7012
20.7018,20.7018
20.7025,20.7025
20.7045,20.7045
20.7062,20.7062
20.7139,20.7139
20.7197,20.7197
20.7403,20.7403
20.7451,20.7451
20.7484,20.7484
20.7608,20.7608
20.7632,20.7632
20.7792,20.7792
20.7848,20.7848
20.7848,20.7848
20.7926,20.7926
20.7938,20.7938
20.8073,20.8073
20.8086,20.8086
20.8289,20.8289
20.8501,20.8501
20.8518,20.8518
20.8624,20.8624
20.8655,20.8655
20.9025,20.9025
20.9035,20.9035
20.9074,20.9074
20.9098,20.9098
20.9168,20.9168
20.9337,20.9337
20.9428,20.9428
20.9569,20.9569
20.9603,20.9603
20.9668,20.9668
20.9772,20.9772
20.9778,20.9778
20.9896,20.9896
20.995,20.995
21.0274,21.0274
21.0285,21.0285
21.0349,21.0349
21.0467,21.0467
21.0521,21.0521
21.0671,21.0671
21.069,21.069
21.0736,21.0736
21.088,21.088
21.089,21.089
21.0919,21.0919
21.0935,21.0935
21.0959,21.0959
21.1058,21.1058
21.1059,21.1059
21.1112,21.1112
21.1132,21.1132
21.1136,21.1136
21.1172,21.1172
21.1192,21.1192
21.1288,21.1288
21.1507,21.1507
21.1629,21.1629
21.1686,21.1686
21.1792,21.1792
21.1886,21.1886
21.2036,21.2036
21.2165,21.2165
21.2194,21.2194
21.2297,21.2297
21.2419,21.2419
21.2436,21.2436
21.2643,21.2643
21.2758,21.2758
21.2774,21.2774
21.2796,21.2796
21.284,21.284
21.2977,21.2977
21.304,21.304
21.3121,21.3121
21.3148,21.3148
21.3211,21.3211
21.3271,21.3271
21.3327,21.3327
21.3372,21.3372
21.3401,21.3401
21.3463,21.3463
21.3561,21.3561
21.3657,21.3657
21.3658,21.3658
21.3705,21.3705
21.3889,21.3889
21.3943,21.3943
21.3993,21.3993
21.4081,21.4081
21.4101,21.4101
21.411,21.411
21.4206,21.4206
21.4214,21.4214
21.4356,21.4356
21.4388,21.4388
21.4448,21.4448
21.4574,21.4574
21.4696,21.4696
21.4787,21.4787
21.4822,21.4822
21.4862,21.4862
21.4867,21.4867
21.4877,21.4877
21.5002,21.5002
21.5018,21.5018
21.5019,21.5019
21.5036,21.5036
21.5146,21.5146
21.5332,21.5332
21.5373,21.5373
21.5604,21.5604
21.5605,21.5605
21.587,21.587
21.5912,21.5912
21.6066,21.6066
21.6219,21.6219
21.6228,21.6228
21.6367,21.6367
21.6382,21.6382
21.6391,21.6391
21.6437,21.6437
21.654,21.654
21.6632,21.6632
21.6757,21.6757
21.6798,21.6798
21.6855,21.6855
21.69,21.69
21.7016,21.7016
21.7117,21.7117
21.7248,21.7248
21.7269,21.7269
21.7282,21.7282
21.747,21.747
21.7924,21.7924
21.7949,21.7949
21.811,21.811
21.8505,21.8505
21.8581,21.8581
21.8946,21.8946
21.8946,21.8946
21.9001,21.9001
21.9108,21.9108
21.9109,21.9109
21.9267,21.9267
21.9464,21.9464
21.9489,21.9489
21.9489,21.9489
21.9536,21.9536
21.9546,21.9546
21.9604,21.9604
21.9853,21.9853
21.9927,21.9927
22.0068,22.0068
22.0131,22.0131
22.0206,22.0206
22.0285,22.0285
22.0379,22.0379
22.0642,22.0642
22.0781,22.0781
22.0829,22.0829
22.0933,22.0933
22.1118,22.1118
22.1205,22.1205
22.1297,22.1297
22.1392,22.1392
22.1656,22.1656
22.1759,22.1759
22.1781,22.1781
22.1832,22.1832
22.1879,22.1879
22.1999,22.1999
22.2086,22.2086
22.2136,22.2136
22.2207,22.2207
22.2217,22.2217
22.2281,22.2281
22.2375,22.2375
22.2482,22.2482
22.2528,22.2528
22.2555,22.2555
22.2581,22.2581
22.2612,22.2612
22.2662,22.2662
22.2711,22.2711
22.2847,22.2847
22.286,22.286
22.2885,22.2885
22.312,22.312
22.3234,22.3234
22.3261,22.3261
22.3609,22.3609
22.374,22.374
22.3866,22.3866
22.4008,22.4008
22.4126,22.4126
22.4149,22.4149
22.4422,22.4422
22.4517,22.4517
22.4566,22.4566
22.4588,22.4588
22.4624,22.4624
22.4628,22.4628
22.4639,22.4639
22.465,22.465
22.4714,22.4714
22.4832,22.4832
22.4841,22.4841
22.4858,22.4858
22.4915,22.4915
22.4951,22.4951
22.5027,22.5027
22.5174,22.5174
22.5227,22.5227
22.5278,22.5278
22.5331,22.5331
22.5498,22.5498
22.5498,22.5498
22.5511,22.5511
22.5521,22.5521
22.561,22.561
22.5622,22.5622
22.5786,22.5786
22.5788,22.5788
22.5824,22.5824
22.5857,22.5857
22.5886,22.5886
22.6005,22.6005
22.614,22.614
22.6272,22.6272
22.6277,22.6277
22.6392,22.6392
22.6421,22.6421
22.6442,22.6442
22.6518,22.6518
22.6522,22.6522
22.6569,22.6569
22.6966,22.6966
22.7051,22.7051
22.738,22.738
22.7386,22.7386
22.7485,22.7485
22.7498,22.7498
22.7626,22.7626
22.7646,22.7646
22.7661,22.7661
22.7661,22.7661
22.7828,22.7828
22.785,22.785
22.7891,22.7891
22.7969,22.7969
22.8158,22.8158
22.8224,22.8224
22.8231,22.8231
22.8405,22.8405
22.852,22.852
22.869,22.869
22.9224,22.9224
22.9302,22.9302
22.9447,22.9447
22.9634,22.9634
22.9677,22.9677
22.9784,22.9784
22.9901,22.9901
22.9944,22.9944
22.9993,22.9993
23.0025,23.0025
23.0079,23.0079
23.0207,23.0207
23.0211,23.0211
23.0247,23.0247
23.029,23.029
23.0309,23.0309
23.0341,23.0341
23.0388,23.0388
23.0417,23.0417
23.0549,23.0549
23.0604,23.0604
23.062,23.062
23.0654,23.0654
23.0695,23.0695
23.0756,23.0756
23.0829,23.0829
23.0886,23.0886
23.0996,23.0996
23.1255,23.1255
23.1308,23.1308
23.1405,23.1405
23.1502,23.1502
23.161,23.161
23.2056,23.2056
23.2319,23.2319
23.2394,23.2394
23.2438,23.2438
23.2745,23.2745
23.2844,23.2844
23.2925,23.2925
23.2996,23.2996
23.3344,23.3344
23.3398,23.3398
23.342,23.342
23.3515,23.3515
23.3664,23.3664
23.3684,23.3684
23.3703,23.3703
23.3864,23.3864
23.3927,23.3927
23.408,23.408
23.4116,23.4116
23.4233,23.4233
23.4271,23.4271
23.4437,23.4437
23.4515,23.4515
23.4552,23.4552
23.4567,23.4567
23.5049,23.5049
23.5057,23.5057
23.5127,23.5127
23.5138,23.5138
23.5283,23.5283
23.5333,23.5333
23.5343,23.5343
23.5419,23.5419
23.5458,23.5458
23.5602,23.5602
23.5632,23.5632
23.569,23.569
23.5835,23.5835
23.5921,23.5921
23.6092,23.6092
23.6318,23.6318
23.6372,23.6372
23.6532,23.6532
23.6752,23.6752
23.6818,23.6818
23.6853,23.6853
23.6901,23.6901
23.7055,23.7055
23.714,23.714
23.7173,23.7173
23.7218,23.7218
23.7427,23.7427
23.7563,23.7563
23.7573,23.7573
23.7573,23.7573
23.7592,23.7592
23.764,23.764
23.7671,23.7671
23.777,23.777
23.8205,23.8205
23.8417,23.8417
23.8543,23.8543
23.8569,23.8569
23.8673,23.8673
23.8774,23.8774
23.8795,23.8795
23.8908,23.8908
23.896,23.896
23.8998,23.8998
23.9011,23.9011
23.9047,23.9047
23.9091,23.9091
23.9123,23.9123
23.9209,23.9209
23.9789,23.9789
23.9847,23.9847
23.9859,23.9859
24.0067,24.0067
24.0097,24.0097
24.01,24.01
24.0281,24.0281
24.0464,24.0464
24.0587,24.0587
24.0658,24.0658
24.0913,24.0913
24.1137,24.1137
24.1332,24.1332
24.1472,24.1472
24.1555,24.1555
24.1612,24.1612
24.2156,24.2156
24.2237,24.2237
24.2314,24.2314
24.2314,24.2314
24.2557,24.2557
24.2593,24.2593
24.2596,24.2596
24.2703,24.2703
24.2768,24.2768
24.2966,24.2966
24.3026,24.3026
24.3204,24.3204
24.3287,24.3287
24.3312,24.3312
24.3536,24.3536
24.3894,24.3894
24.3914,24.3914
24.4512,24.4512
24.4617,24.4617
24.4709,24.4709
24.4788,24.4788
24.5026,24.5026
24.5276,24.5276
24.5386,24.5386
24.5398,24.5398
24.5419,24.5419
24.5676,24.5676
24.5695,24.5695
24.5835,24.5835
24.5863,24.5863
24.5864,24.5864
24.5878,24.5878
24.6134,24.6134
24.6137,24.6137
24.6299,24.6299
24.6485,24.6485
24.6505,24.6505
24.6517,24.6517
24.6555,24.6555
24.6833,24.6833
24.6944,24.6944
24.6961,24.6961
24.7053,24.7053
24.7055,24.7055
24.7072,24.7072
24.7117,24.7117
24.7128,24.7128
24.7151,24.7151
24.7216,24.7216
24.732,24.732
24.734,24.734
24.758,24.758
24.7744,24.7744
24.7746,24.7746
24.7766,24.7766
24.7885,24.7885
24.7927,24.7927
24.8,24.8
24.8118,24.8118
24.8272,24.8272
24.8285,24.8285
24.8362,24.8362
24.8367,24.8367
24.8391,24.8391
24.8424,24.8424
24.8449,24.8449
24.8548,24.8548
24.8603,24.8603
24.8617,24.8617
24.8651,24.8651
24.8676,24.8676
24.8679,24.8679
24.9014,24.9014
24.9296,24.9296
24.9386,24.9386
24.9477,24.9477
24.9532,24.9532
24.9748,24.9748
24.9983,24.9983
25.0004,25.0004
25.0313,25.0313
25.065,25.065
25.0795,25.0795
25.0851,25.0851
25.0896,25.0896
25.1074,25.1074
25.1162,25.1162
25.1238,25.1238
25.1371,25.1371
25.1421,25.1421
25.1441,25.1441
25.161,25.161
25.1649,25.1649
25.2146,25.2146
25.2295,25.2295
25.2336,25.2336
25.2712,25.2712
25.2743,25.2743
25.2808,25.2808
25.2971,25.2971
25.3389,25.3389
25.3452,25.3452
25.3641,25.3641
25.3766,25.3766
25.3844,25.3844
25.3992,25.3992
25.4138,25.4138
25.4186,25.4186
25.4222,25.4222
25.4244,25.4244
25.4392,25.4392
25.4406,25.4406
25.4797,25.4797
25.4813,25.4813
25.4838,25.4838
25.4868,25.4868
25.4926,25.4926
25.4966,25.4966
25.4982,25.4982
25.5367,25.5367
25.5567,25.5567
25.5852,25.5852
25.6,25.6
25.603,25.603
25.6066,25.6066
25.633,25.633
25.6348,25.6348
25.6392,25.6392
25.6581,25.6581
25.6617,25.6617
25.6693,25.6693
25.6815,25.6815
25.6865,25.6865
25.6866,25.6866
25.6874,25.6874
25.6931,25.6931
25.6997,25.6997
25.7039,25.7039
25.7056,25.7056
25.7537,25.7537
25.7553,25.7553
25.7614,25.7614
25.7777,25.7777
25.7812,25.7812
25.7986,25.7986
25.803,25.803
25.8398,25.8398
25.8401,25.8401
25.8435,25.8435
25.8454,25.8454
25.8512,25.8512
25.8564,25.8564
25.8644,25.8644
25.8735,25.8735
25.8958,25.8958
25.9159,25.9159
25.9174,25.9174
25.9474,25.9474
25.9478,25.9478
25.9484,25.9484
25.9758,25.9758
26.0084,26.0084
26.0107,26.0107
26.0147,26.0147
26.0248,26.0248
26.037,26.037
26.0496,26.0496
26.0499,26.0499
26.0635,26.0635
26.0734,26.0734
26.0752,26.0752
26.0822,26.0822
26.0838,26.0838
26.0933,26.0933
26.1206,26.1206
26.1315,26.1315
26.1317,26.1317
26.1381,26.1381
26.1456,26.1456
26.1466,26.1466
26.1605,26.1605
26.1648,26.1648
26.1681,26.1681
26.1892,26.1892
26.1965,26.1965
26.1972,26.1972
26.215,26.215
26.234,26.234
26.2397,26.2397
26.2397,26.2397
26.2491,26.2491
26.2656,26.2656
26.2714,26.2714
26.2724,26.2724
26.276,26.276
26.2988,26.2988
26.3139,26.3139
26.3241,26.3241
26.3282,26.3282
26.3314,26.3314
26.3396,26.3396
26.343,26.343
26.3449,26.3449
26.3733,26.3733
26.4062,26.4062
26.4164,26.4164
26.4214,26.4214
26.4655,26.4655
26.4746,26.4746
26.4901,26.4901
26.5073,26.5073
26.5145,26.5145
26.5159,26.5159
26.5175,26.5175
26.5298,26.5298
26.5434,26.5434
26.5551,26.5551
26.5595,26.5595
26.5636,26.5636
26.5685,26.5685
26.5832,26.5832
26.589,26.589
26.6045,26.6045
26.6125,26.6125
26.6208,26.6208
26.6253,26.6253
26.6451,26.6451
26.6666,26.6666
26.6728,26.6728
26.6826,26.6826
26.6832,26.6832
26.6879,26.6879
26.7264,26.7264
26.7934,26.7934
26.7938,26.7938
26.8021,26.8021
26.8146,26.8146
26.8252,26.8252
26.885,26.885
26.8874,26.8874
26.8887,26.8887
26.9056,26.9056
26.9294,26.9294
26.9347,26.9347
26.9514,26.9514
26.971,26.971
26.9829,26.9829
26.988,26.988
26.9925,26.9925
26.9954,26.9954
27.025,27.025
27.0281,27.0281
27.0342,27.0342
27.0574,27.0574
27.0746,27.0746
27.0764,27.0764
27.0853,27.0853
27.0957,27.0957
27.114,27.114
27.1174,27.1174
27.1445,27.1445
27.1519,27.1519
27.1532,27.1532
27.1545,27.1545
27.1802,27.1802
27.2008,27.2008
27.2235,27.2235
27.2276,27.2276
27.2294,27.2294
27.2617,27.2617
27.2787,27.2787
27.2798,27.2798
27.3319,27.3319
27.3451,27.3451
27.3583,27.3583
27.3849,27.3849
27.393,27.393
27.3942,27.3942
27.3958,27.3958
27.4056,27.4056
27.4069,27.4069
27.4125,27.4125
27.4184,27.4184
27.4498,27.4498
27.4574,27.4574
27.4744,27.4744
27.4797,27.4797
27.489,27.489
27.5158,27.5158
27.5453,27.5453
27.5933,27.5933
27.6193,27.6193
27.6206,27.6206
27.6481,27.6481
27.6484,27.6484
27.6502,27.6502
27.6598,27.6598
27.6612,27.6612
27.7099,27.7099
27.73,27.73
27.7386,27.7386
27.7434,27.7434
27.7483,27.7483
27.7484,27.7484
27.7688,27.7688
27.7738,27.7738
27.79,27.79
27.8084,27.8084
27.8301,27.8301
27.8376,27.8376
27.8998,27.8998
27.9135,27.9135
27.9249,27.9249
27.9437,27.9437
27.9483,27.9483
27.9783,27.9783
27.9939,27.9939
28.003,28.003
28.0059,28.0059
28.0062,28.0062
28.0353,28.0353
28.0426,28.0426
28.0446,28.0446
28.0828,28.0828
28.0861,28.0861
28.0864,28.0864
28.0886,28.0886
28.1138,28.1138
28.1201,28.1201
28.1241,28.1241
28.1376,28.1376
28.1384,28.1384
28.1427,28.1427
28.1549,28.1549
28.1644,28.1644
28.1987,28.1987
28.2056,28.2056
28.2091,28.2091
28.2392,28.2392
28.244,28.244
28.2562,28.2562
28.2825,28.2825
28.2945,28.2945
28.313,28.313
28.3403,28.3403
28.3531,28.3531
28.3844,28.3844
28.3925,28.3925
28.3986,28.3986
28.4039,28.4039
28.4159,28.4159
28.4392,28.4392
28.47,28.47
28.4723,28.4723
28.4785,28.4785
28.4969,28.4969
28.5036,28.5036
28.5276,28.5276
28.5329,28.5329
28.5582,28.5582
28.5655,28.5655
28.5725,28.5725
28.5913,28.5913
28.5985,28.5985
28.6219,28.6219
28.6617,28.6617
28.6632,28.6632
28.6774,28.6774
28.7081,28.7081
28.7091,28.7091
28.7141,28.7141
28.7327,28.7327
28.7411,28.7411
28.7756,28.7756
28.7765,28.7765
28.7768,28.7768
28.7819,28.7819
28.7911,28.7911
28.8048,28.8048
28.8111,28.8111
28.8132,28.8132
28.8206,28.8206
28.8454,28.8454
28.8634,28.8634
28.8694,28.8694
28.8826,28.8826
28.9225,28.9225
28.9266,28.9266
28.9342,28.9342
28.963,28.963
29.0086,29.0086
29.0263,29.0263
29.0331,29.0331
29.0531,29.0531
29.0844,29.0844
29.0894,29.0894
29.0896,29.0896
29.0917,29.0917
29.102,29.102
29.1051,29.1051
29.1099,29.1099
29.1381,29.1381
29.1706,29.1706
29.1844,29.1844
29.1984,29.1984
29.2068,29.2068
29.2287,29.2287
29.2321,29.2321
29.2335,29.2335
29.2424,29.2424
29.2456,29.2456
29.2461,29.2461
29.2481,29.2481
29.2713,29.2713
29.2788,29.2788
29.3097,29.3097
29.3098,29.3098
29.3158,29.3158
29.3431,29.3431
29.376,29.376
29.3765,29.3765
29.3879,29.3879
29.4072,29.4072
29.4276,29.4276
29.4406,29.4406
29.4407,29.4407
29.4806,29.4806
29.481,29.481
29.4862,29.4862
29.4994,29.4994
29.5061,29.5061
29.5091,29.5091
29.5802,29.5802
29.6076,29.6076
29.6133,29.6133
29.6748,29.6748
29.7185,29.7185
29.7337,29.7337
29.7392,29.7392
29.7447,29.7447
29.7828,29.7828
29.7868,29.7868
29.8042,29.8042
29.8053,29.8053
29.8067,29.8067
29.8283,29.8283
29.8393,29.8393
29.8461,29.8461
29.8626,29.8626
29.9223,29.9223
29.9396,29.9396
29.9595,29.9595
29.9613,29.9613
29.9636,29.9636
29.9857,29.9857
29.9901,29.9901
30.0052,30.0052
30.0073,30.0073
30.019,30.019
30.0261,30.0261
30.0376,30.0376
30.0849,30.0849
30.0933,30.0933
30.096,30.096
30.1167,30.1167
30.128,30.128
30.1359,30.1359
30.161,30.161
30.2157,30.2157
30.2213,30.2213
30.2218,30.2218
30.23,30.23
30.2328,30.2328
30.2375,30.2375
30.2599,30.2599
30.2665,30.2665
30.2674,30.2674
30.2705,30.2705
30.2721,30.2721
30.2754,30.2754
30.2804,30.2804
30.2831,30.2831
30.2846,30.2846
30.2913,30.2913
30.2965,30.2965
30.306,30.306
30.323,30.323
30.329,30.329
30.3364,30.3364
30.345,30.345
30.3527,30.3527
30.3562,30.3562
30.36,30.36
30.362,30.362
30.3704,30.3704
30.3886,30.3886
30.3918,30.3918
30.4005,30.4005
30.4021,30.4021
30.4107,30.4107
30.4192,30.4192
30.4564,30.4564
30.4823,30.4823
30.4835,30.4835
30.4896,30.4896
30.5348,30.5348
30.5452,30.5452
30.5629,30.5629
30.5708,30.5708
30.5715,30.5715
30.5792,30.5792
30.5917,30.5917
30.5976,30.5976
30.6069,30.6069
30.6237,30.6237
30.6646,30.6646
30.6708,30.6708
30.673,30.673
30.6925,30.6925
30.6959,30.6959
30.704,30.704
30.7407,30.7407
30.7603,30.7603
30.7771,30.7771
30.7972,30.7972
30.8101,30.8101
30.8251,30.8251
30.8272,30.8272
30.8501,30.8501
30.8986,30.8986
30.9536,30.9536
30.9983,30.9983
31.0359,31.0359
31.0677,31.0677
31.0696,31.0696
31.1151,31.1151
31.1171,31.1171
31.1224,31.1224
31.1422,31.1422
31.1438,31.1438
31.178,31.178
31.1996,31.1996
31.2011,31.2011
31.2163,31.2163
31.2435,31.2435
31.2788,31.2788
31.2841,31.2841
31.287,31.287
31.3003,31.3003
31.3011,31.3011
31.3292,31.3292
31.3304,31.3304
31.4133,31.4133
31.4353,31.4353
31.4517,31.4517
31.4853,31.4853
31.496,31.496
31.5469,31.5469
31.5581,31.5581
31.5639,31.5639
31.5645,31.5645
31.5704,31.5704
31.5991,31.5991
31.6044,31.6044
31.6061,31.6061
31.6073,31.6073
31.6391,31.6391
31.6466,31.6466
31.6525,31.6525
31.6692,31.6692
31.6701,31.6701
31.688,31.688
31.7079,31.7079
31.7122,31.7122
31.7616,31.7616
31.7677,31.7677
31.7686,31.7686
31.7697,31.7697
31.7944,31.7944
31.7978,31.7978
31.8059,31.8059
31.8142,31.8142
31.8361,31.8361
31.848,31.848
31.8586,31.8586
31.863,31.863
31.889,31.889
31.8925,31.8925
31.8932,31.8932
31.8959,31.8959
31.9031,31.9031
31.9071,31.9071
31.9097,31.9097
31.9153,31.9153
31.9675,31.9675
32.001,32.001
32.0479,32.0479
32.0779,32.0779
32.0812,32.0812
32.1457,32.1457
32.1788,32.1788
32.2113,32.2113
32.2298,32.2298
32.2408,32.2408
32.3011,32.3011
32.3262,32.3262
32.3352,32.3352
32.3678,32.3678
32.3762,32.3762
32.4131,32.4131
32.4171,32.4171
32.4577,32.4577
32.4669,32.4669
32.4943,32.4943
32.4999,32.4999
32.5322,32.5322
32.5446,32.5446
32.5668,32.5668
32.5693,32.5693
32.5781,32.5781
32.5872,32.5872
32.6081,32.6081
32.6121,32.6121
32.6241,32.6241
32.6296,32.6296
32.6342,32.6342
32.6551,32.6551
32.6632,32.6632
32.6742,32.6742
32.7078,32.7078
32.7106,32.7106
32.7516,32.7516
32.7782,32.7782
32.8059,32.8059
32.8444,32.8444
32.8621,32.8621
32.8732,32.8732
32.8748,32.8748
32.883,32.883
32.8867,32.8867
32.8961,32.8961
32.9177,32.9177
32.9203,32.9203
32.9684,32.9684
32.9818,32.9818
33.0052,33.0052
33.0188,33.0188
33.0731,33.0731
33.0915,33.0915
33.0979,33.0979
33.1082,33.1082
33.1188,33.1188
33.1428,33.1428
33.1984,33.1984
33.2004,33.2004
33.2147,33.2147
33.2211,33.2211
33.2331,33.2331
33.2801,33.2801
33.297,33.297
33.324,33.324
33.332,33.332
33.3482,33.3482
33.3841,33.3841
33.3841,33.3841
33.3964,33.3964
33.4083,33.4083
33.4098,33.4098
33.4179,33.4179
33.4182,33.4182
33.4247,33.4247
33.427,33.427
33.4288,33.4288
33.4462,33.4462
33.4795,33.4795
33.4851,33.4851
33.5339,33.5339
33.5807,33.5807
33.6217,33.6217
33.6388,33.6388
33.6491,33.6491
33.6541,33.6541
33.6756,33.6756
33.7368,33.7368
33.7587,33.7587
33.774,33.774
33.7824,33.7824
33.8188,33.8188
33.8268,33.8268
33.8922,33.8922
33.9264,33.9264
34.0234,34.0234
34.0363,34.0363
34.0699,34.0699
34.0732,34.0732
34.0793,34.0793
34.0964,34.0964
34.1081,34.1081
34.1317,34.1317
34.1493,34.1493
34.1565,34.1565
34.1565,34.1565
34.1941,34.1941
34.2337,34.2337
34.2398,34.2398
34.2436,34.2436
34.2882,34.2882
34.3014,34.3014
34.3247,34.3247
34.3395,34.3395
34.3637,34.3637
34.3707,34.3707
34.3778,34.3778
34.3872,34.3872
34.4028,34.4028
34.4245,34.4245
34.4265,34.4265
34.4712,34.4712
34.4804,34.4804
34.49,34.49
34.5353,34.5353
34.5456,34.5456
34.5704,34.5704
34.6075,34.6075
34.6455,34.6455
34.6676,34.6676
34.684,34.684
34.6966,34.6966
34.7107,34.7107
34.7113,34.7113
34.7187,34.7187
34.7652,34.7652
34.7799,34.7799
34.7981,34.7981
34.8138,34.8138
34.8162,34.8162
34.8431,34.8431
34.8729,34.8729
34.9051,34.9051
34.9264,34.9264
34.9475,34.9475
34.9534,34.9534
34.9726,34.9726
34.9735,34.9735
34.9927,34.9927
35.0088,35.0088
35.0479,35.0479
35.0486,35.0486
35.0489,35.0489
35.0679,35.0679
35.2035,35.2035
35.2104,35.2104
35.2418,35.2418
35.2604,35.2604
35.2742,35.2742
35.2887,35.2887
35.3021,35.3021
35.3348,35.3348
35.4043,35.4043
35.4082,35.4082
35.4133,35.4133
35.4243,35.4243
35.4512,35.4512
35.4536,35.4536
35.526,35.526
35.5945,35.5945
35.6027,35.6027
35.6083,35.6083
35.6287,35.6287
35.6337,35.6337
35.6625,35.6625
35.6753,35.6753
35.6942,35.6942
35.6945,35.6945
35.731,35.731
35.7528,35.7528
35.7559,35.7559
35.7609,35.7609
35.7742,35.7742
35.7755,35.7755
35.8308,35.8308
35.8779,35.8779
35.8928,35.8928
35.8973,35.8973
35.9072,35.9072
35.9086,35.9086
35.9123,35.9123
35.9187,35.9187
35.9308,35.9308
35.9871,35.9871
36.03,36.03
36.0404,36.0404
36.0506,36.0506
36.0552,36.0552
36.098,36.098
36.1053,36.1053
36.1094,36.1094
36.112,36.112
36.1329,36.1329
36.1493,36.1493
36.1562,36.1562
36.1719,36.1719
36.1902,36.1902
36.1924,36.1924
36.1941,36.1941
36.2027,36.2027
36.2389,36.2389
36.2399,36.2399
36.2545,36.2545
36.2545,36.2545
36.2651,36.2651
36.267,36.267
36.298,36.298
36.3421,36.3421
36.3686,36.3686
36.3833,36.3833
36.3869,36.3869
36.4117,36.4117
36.4799,36.4799
36.4886,36.4886
36.4909,36.4909
36.5104,36.5104
36.5411,36.5411
36.5504,36.5504
36.5509,36.5509
36.5646,36.5646
36.5753,36.5753
36.5915,36.5915
36.6276,36.6276
36.6277,36.6277
36.7183,36.7183
36.7233,36.7233
36.7901,36.7901
36.8233,36.8233
36.8264,36.8264
36.8322,36.8322
36.8578,36.8578
36.9024,36.9024
36.9073,36.9073
36.9143,36.9143
36.9154,36.9154
37.0203,37.0203
37.09,37.09
37.1141,37.1141
37.1707,37.1707
37.1852,37.1852
37.1884,37.1884
37.1892,37.1892
37.2036,37.2036
37.2427,37.2427
37.2459,37.2459
37.2708,37.2708
37.2775,37.2775
37.2924,37.2924
37.2997,37.2997
37.3457,37.3457
37.3772,37.3772
37.3936,37.3936
37.3958,37.3958
37.431,37.431
37.437,37.437
37.4445,37.4445
37.4649,37.4649
37.4675,37.4675
37.4822,37.4822
37.4822,37.4822
37.4974,37.4974
37.5233,37.5233
37.5261,37.5261
37.5398,37.5398
37.5404,37.5404
37.5751,37.5751
37.578,37.578
37.6281,37.6281
37.6582,37.6582
37.7117,37.7117
37.7165,37.7165
37.7198,37.7198
37.7274,37.7274
37.762,37.762
37.7718,37.7718
37.7856,37.7856
37.8396,37.8396
37.8634,37.8634
37.8767,37.8767
37.888,37.888
37.9475,37.9475
37.9561,37.9561
37.9983,37.9983
38.0027,38.0027
38.0233,38.0233
38.112,38.112
38.1418,38.1418
38.1833,38.1833
38.1888,38.1888
38.1937,38.1937
38.1966,38.1966
38.2069,38.2069
38.255,38.255
38.2598,38.2598
38.2604,38.2604
38.2676,38.2676
38.2788,38.2788
38.3628,38.3628
38.3718,38.3718
38.3782,38.3782
38.3952,38.3952
38.4095,38.4095
38.4211,38.4211
38.4274,38.4274
38.4467,38.4467
38.4839,38.4839
38.4953,38.4953
38.5095,38.5095
38.5247,38.5247
38.5285,38.5285
38.5437,38.5437
38.586,38.586
38.6159,38.6159
38.6802,38.6802
38.6836,38.6836
38.704,38.704
38.7189,38.7189
38.7378,38.7378
38.7644,38.7644
38.8031,38.8031
38.8106,38.8106
38.9082,38.9082
38.9204,38.9204
38.9799,38.9799
38.9811,38.9811
39.0064,39.0064
39.0278,39.0278
39.0449,39.0449
39.0521,39.0521
39.0673,39.0673
39.0798,39.0798
39.1717,39.1717
39.1888,39.1888
39.2153,39.2153
39.2243,39.2243
39.2797,39.2797
39.2862,39.2862
39.4082,39.4082
39.4271,39.4271
39.4421,39.4421
39.4874,39.4874
39.5207,39.5207
39.527,39.527
39.5543,39.5543
39.5552,39.5552
39.572,39.572
39.5829,39.5829
39.5927,39.5927
39.6085,39.6085
39.6299,39.6299
39.6302,39.6302
39.6738,39.6738
39.6997,39.6997
39.7205,39.7205
39.7229,39.7229
39.723,39.723
39.734,39.734
39.7798,39.7798
39.8079,39.8079
39.8347,39.8347
39.8526,39.8526
39.8531,39.8531
39.8546,39.8546
39.9207,39.9207
39.9277,39.9277
39.9574,39.9574
39.9616,39.9616
39.9955,39.9955
40.0021,40.0021
40.0648,40.0648
40.0693,40.0693
40.0706,40.0706
40.133,40.133
40.1471,40.1471
40.1571,40.1571
40.1683,40.1683
40.2077,40.2077
40.2242,40.2242
40.2252,40.2252
40.245,40.245
40.3578,40.3578
40.4184,40.4184
40.4371,40.4371
40.4726,40.4726
40.4993,40.4993
40.5101,40.5101
40.5337,40.5337
40.7176,40.7176
40.7339,40.7339
40.7414,40.7414
40.8006,40.8006
40.8759,40.8759
40.9174,40.9174
40.973,40.973
40.9894,40.9894
40.9999,40.9999
41.0052,41.0052
41.0142,41.0142
41.0443,41.0443
41.0475,41.0475
41.0927,41.0927
41.0959,41.0959
41.1122,41.1122
41.1222,41.1222
41.1289,41.1289
41.1532,41.1532
41.187,41.187
41.1944,41.1944
41.3054,41.3054
41.3198,41.3198
41.3248,41.3248
41.3471,41.3471
41.354,41.354
41.4276,41.4276
41.4786,41.4786
41.5146,41.5146
41.5218,41.5218
41.5569,41.5569
41.5651,41.5651
41.5662,41.5662
41.5746,41.5746
41.5924,41.5924
41.6039,41.6039
41.6634,41.6634
41.7138,41.7138
41.7196,41.7196
41.734,41.734
41.7795,41.7795
41.7868,41.7868
41.8192,41.8192
41.8301,41.8301
41.8721,41.8721
41.923,41.923
41.9392,41.9392
41.9827,41.9827
42.0126,42.0126
42.0697,42.0697
42.0758,42.0758
42.093,42.093
42.1167,42.1167
42.2056,42.2056
42.2534,42.2534
42.256,42.256
42.2843,42.2843
42.3249,42.3249
42.3658,42.3658
42.3893,42.3893
42.4572,42.4572
42.4619,42.4619
42.5468,42.5468
42.6063,42.6063
42.6595,42.6595
42.6816,42.6816
42.6992,42.6992
42.7111,42.7111
42.7133,42.7133
42.7525,42.7525
42.7882,42.7882
42.8351,42.8351
42.8467,42.8467
42.875,42.875
42.9226,42.9226
42.948,42.948
42.9746,42.9746
43.0166,43.0166
43.0485,43.0485
43.0722,43.0722
43.0799,43.0799
43.1164,43.1164
43.1512,43.1512
43.1966,43.1966
43.2114,43.2114
43.2548,43.2548
43.2699,43.2699
43.29,43.29
43.3082,43.3082
43.3216,43.3216
43.3917,43.3917
43.4767,43.4767
43.5479,43.5479
43.5617,43.5617
43.6192,43.6192
43.6351,43.6351
43.6381,43.6381
43.6967,43.6967
43.7384,43.7384
43.7515,43.7515
43.7762,43.7762
43.8021,43.8021
43.8441,43.8441
43.8743,43.8743
43.8842,43.8842
43.9011,43.9011
43.9491,43.9491
44.0179,44.0179
44.0342,44.0342
44.0526,44.0526
44.1062,44.1062
44.1261,44.1261
44.1328,44.1328
44.1377,44.1377
44.1443,44.1443
44.1533,44.1533
44.1879,44.1879
44.2676,44.2676
44.2719,44.2719
44.2817,44.2817
44.2925,44.2925
44.2972,44.2972
44.3257,44.3257
44.3593,44.3593
44.3701,44.3701
44.3795,44.3795
44.3922,44.3922
44.4679,44.4679
44.4718,44.4718
44.5126,44.5126
44.5136,44.5136
44.532,44.532
44.5973,44.5973
44.6306,44.6306
44.6865,44.6865
44.7525,44.7525
44.7672,44.7672
44.7759,44.7759
44.7779,44.7779
44.7793,44.7793
44.8243,44.8243
44.8737,44.8737
44.8789,44.8789
44.8934,44.8934
44.9541,44.9541
44.9703,44.9703
44.9807,44.9807
44.9912,44.9912
45.0017,45.0017
45.0533,45.0533
45.0562,45.0562
45.1028,45.1028
45.1169,45.1169
45.1502,45.1502
45.1614,45.1614
45.1761,45.1761
45.1944,45.1944
45.2152,45.2152
45.3164,45.3164
45.3564,45.3564
45.3697,45.3697
45.3822,45.3822
45.4319,45.4319
45.4482,45.4482
45.4518,45.4518
45.5854,45.5854
45.5907,45.5907
45.6011,45.6011
45.6439,45.6439
45.6497,45.6497
45.6525,45.6525
45.7148,45.7148
45.7509,45.7509
45.7714,45.7714
45.8853,45.8853
45.8977,45.8977
45.9039,45.9039
45.9377,45.9377
45.9497,45.9497
45.9852,45.9852
46.0233,46.0233
46.0528,46.0528
46.1319,46.1319
46.1337,46.1337
46.1403,46.1403
46.1519,46.1519
46.1544,46.1544
46.243,46.243
46.244,46.244
46.2607,46.2607
46.3926,46.3926
46.4183,46.4183
46.435,46.435
46.4472,46.4472
46.4811,46.4811
46.4982,46.4982
46.4994,46.4994
46.546,46.546
46.5779,46.5779
46.5786,46.5786
46.6077,46.6077
46.6668,46.6668
46.6896,46.6896
46.7275,46.7275
46.7516,46.7516
46.7782,46.7782
46.797,46.797
46.899,46.899
46.9033,46.9033
46.9265,46.9265
46.9605,46.9605
46.9646,46.9646
47.0221,47.0221
47.0348,47.0348
47.0487,47.0487
47.0672,47.0672
47.0932,47.0932
47.096,47.096
47.1164,47.1164
47.1187,47.1187
47.1238,47.1238
47.1426,47.1426
47.1499,47.1499
47.2136,47.2136
47.2408,47.2408
47.3053,47.3053
47.3378,47.3378
47.3513,47.3513
47.363,47.363
47.3759,47.3759
47.4039,47.4039
47.424,47.424
47.44,47.44
47.4526,47.4526
47.4767,47.4767
47.5508,47.5508
47.556,47.556
47.5839,47.5839
47.6235,47.6235
47.6269,47.6269
47.6788,47.6788
47.7097,47.7097
47.7185,47.7185
47.7202,47.7202
47.7297,47.7297
47.83,47.83
47.9026,47.9026
47.994,47.994
48.03,48.03
48.0737,48.0737
48.091,48.091
48.0989,48.0989
48.1875,48.1875
48.1896,48.1896
48.2954,48.2954
48.3711,48.3711
48.5175,48.5175
48.5489,48.5489
48.5885,48.5885
48.6022,48.6022
48.6082,48.6082
48.6134,48.6134
48.6605,48.6605
48.6651,48.6651
48.6834,48.6834
48.7147,48.7147
48.8054,48.8054
48.8064,48.8064
48.8124,48.8124
48.8198,48.8198
48.8333,48.8333
48.8738,48.8738
48.918,48.918
48.9331,48.9331
48.9424,48.9424
49.0023,49.0023
49.0036,49.0036
49.0173,49.0173
49.0464,49.0464
49.0936,49.0936
49.1109,49.1109
49.1303,49.1303
49.1713,49.1713
49.1967,49.1967
49.263,49.263
49.2648,49.2648
49.3181,49.3181
49.3187,49.3187
49.3226,49.3226
49.3562,49.3562
49.4155,49.4155
49.503,49.503
49.5124,49.5124
49.5384,49.5384
49.5502,49.5502
49.5637,49.5637
49.5875,49.5875
49.6106,49.6106
49.6245,49.6245
49.6649,49.6649
49.7054,49.7054
49.7093,49.7093
49.7443,49.7443
49.7586,49.7586
49.7618,49.7618
49.7688,49.7688
49.8071,49.8071
49.8482,49.8482
49.8568,49.8568
49.8636,49.8636
49.9266,49.9266
49.9347,49.9347
50.0035,50.0035
50.0059,50.0059
50.0068,50.0068
50.0979,50.0979
50.12,50.12
50.1217,50.1217
50.1667,50.1667
50.1844,50.1844
50.2525,50.2525
50.2784,50.2784
50.4199,50.4199
50.4777,50.4777
50.5521,50.5521
50.5829,50.5829
50.5877,50.5877
50.6105,50.6105
50.6448,50.6448
50.6544,50.6544
50.7006,50.7006
50.7684,50.7684
50.7916,50.7916
50.8004,50.8004
50.821,50.821
50.8703,50.8703
50.8854,50.8854
50.8997,50.8997
50.9429,50.9429
50.9833,50.9833
51.0401,51.0401
51.1107,51.1107
51.1228,51.1228
51.2022,51.2022
51.2023,51.2023
51.2472,51.2472
51.3322,51.3322
51.3355,51.3355
51.3715,51.3715
51.3903,51.3903
51.4147,51.4147
51.4955,51.4955
51.5495,51.5495
51.5995,51.5995
51.638,51.638
51.6794,51.6794
51.6895,51.6895
51.7063,51.7063
51.7546,51.7546
51.7577,51.7577
51.7922,51.7922
51.795,51.795
51.8407,51.8407
51.8625,51.8625
51.8681,51.8681
51.8771,51.8771
51.892,51.892
51.9129,51.9129
51.9438,51.9438
51.9888,51.9888
52.0819,52.0819
52.1683,52.1683
52.2343,52.2343
52.2784,52.2784
52.3008,52.3008
52.3091,52.3091
52.3782,52.3782
52.4294,52.4294
52.43,52.43
52.5079,52.5079
52.5314,52.5314
52.5415,52.5415
52.5621,52.5621
52.5751,52.5751
52.627,52.627
52.7444,52.7444
52.7999,52.7999
52.872,52.872
52.8876,52.8876
52.9384,52.9384
52.9523,52.9523
52.9832,52.9832
53.0008,53.0008
53.0483,53.0483
53.1266,53.1266
53.1485,53.1485
53.1995,53.1995
53.2049,53.2049
53.2121,53.2121
53.2671,53.2671
53.2938,53.2938
53.3053,53.3053
53.3411,53.3411
53.3892,53.3892
53.4941,53.4941
53.5033,53.5033
53.5739,53.5739
53.7064,53.7064
53.8194,53.8194
53.8999,53.8999
53.9085,53.9085
53.9315,53.9315
53.9364,53.9364
53.9537,53.9537
53.9701,53.9701
54.0569,54.0569
54.1045,54.1045
54.2388,54.2388
54.2397,54.2397
54.2424,54.2424
54.3436,54.3436
54.3585,54.3585
54.3593,54.3593
54.4108,54.4108
54.444,54.444
54.4611,54.4611
54.4632,54.4632
54.5966,54.5966
54.64,54.64
54.6645,54.6645
54.668,54.668
54.7379,54.7379
54.7449,54.7449
54.8317,54.8317
54.8596,54.8596
54.8613,54.8613
54.9946,54.9946
55.1473,55.1473
55.1506,55.1506
55.1735,55.1735
55.2129,55.2129
55.234,55.234
55.2513,55.2513
55.2517,55.2517
55.3278,55.3278
55.489,55.489
55.5987,55.5987
55.6031,55.6031
55.6162,55.6162
55.6201,55.6201
55.6461,55.6461
55.6535,55.6535
55.6692,55.6692
55.8033,55.8033
55.8569,55.8569
55.8734,55.8734
56.0883,56.0883
56.11,56.11
56.1216,56.1216
56.1358,56.1358
56.1384,56.1384
56.1528,56.1528
56.3318,56.3318
56.424,56.424
56.4664,56.4664
56.4803,56.4803
56.5219,56.5219
56.6049,56.6049
56.6998,56.6998
56.7611,56.7611
56.9319,56.9319
56.9671,56.9671
56.992,56.992
57.049,57.049
57.0815,57.0815
57.1107,57.1107
57.1242,57.1242
57.1274,57.1274
57.2875,57.2875
57.3792,57.3792
57.5816,57.5816
57.7158,57.7158
57.7565,57.7565
57.7646,57.7646
57.839,57.839
57.891,57.891
57.934,57.934
58.0257,58.0257
58.0344,58.0344
58.0741,58.0741
58.0937,58.0937
58.1103,58.1103
58.1287,58.1287
58.1945,58.1945
58.41,58.41
58.4188,58.4188
58.5731,58.5731
58.6067,58.6067
58.7779,58.7779
58.7983,58.7983
58.8973,58.8973
58.9342,58.9342
58.9585,58.9585
59.1966,59.1966
59.3129,59.3129
59.3466,59.3466
59.4508,59.4508
59.4852,59.4852
59.5203,59.5203
59.5649,59.5649
59.6778,59.6778
59.6986,59.6986
59.7025,59.7025
59.7792,59.7792
59.7882,59.7882
59.797,59.797
60.0277,60.0277
60.042,60.042
60.0505,60.0505
60.0743,60.0743
60.2353,60.2353
60.2629,60.2629
60.282,60.282
60.2843,60.2843
60.3458,60.3458
60.3717,60.3717
60.4128,60.4128
60.4376,60.4376
60.4931,60.4931
60.5251,60.5251
60.5337,60.5337
60.5572,60.5572
60.559,60.559
60.6128,60.6128
60.6501,60.6501
60.665,60.665
60.732,60.732
60.7738,60.7738
60.8617,60.8617
60.8634,60.8634
60.8804,60.8804
60.9055,60.9055
60.9116,60.9116
60.953,60.953
61.019,61.019
61.0389,61.0389
61.1462,61.1462
61.1838,61.1838
61.2009,61.2009
61.2447,61.2447
61.2563,61.2563
61.3033,61.3033
61.3169,61.3169
61.3507,61.3507
61.4332,61.4332
61.6608,61.6608
61.6673,61.6673
61.7468,61.7468
61.77,61.77
61.8037,61.8037
61.8296,61.8296
61.8439,61.8439
61.8835,61.8835
61.8906,61.8906
62.0056,62.0056
62.1057,62.1057
62.1588,62.1588
62.2321,62.2321
62.3171,62.3171
62.408,62.408
62.4155,62.4155
62.5706,62.5706
62.6051,62.6051
62.6168,62.6168
62.6577,62.6577
62.6835,62.6835
62.7458,62.7458
62.859,62.859
62.8833,62.8833
62.9455,62.9455
63.1056,63.1056
63.2181,63.2181
63.2631,63.2631
63.3062,63.3062
63.3518,63.3518
63.3801,63.3801
63.4439,63.4439
63.4931,63.4931
63.5761,63.5761
63.6547,63.6547
63.6629,63.6629
63.6949,63.6949
63.8946,63.8946
63.9287,63.9287
63.9398,63.9398
64.0329,64.0329
64.1014,64.1014
64.152,64.152
64.2521,64.2521
64.329,64.329
64.3365,64.3365
64.4556,64.4556
64.4796,64.4796
64.4972,64.4972
64.5569,64.5569
64.6283,64.6283
64.8136,64.8136
64.8426,64.8426
64.8626,64.8626
64.8804,64.8804
64.9175,64.9175
64.9724,64.9724
64.981,64.981
64.9969,64.9969
65.0731,65.0731
65.0915,65.0915
65.2633,65.2633
65.2974,65.2974
65.3085,65.3085
65.3707,65.3707
65.6107,65.6107
65.6935,65.6935
65.7132,65.7132
65.7185,65.7185
65.7314,65.7314
65.7585,65.7585
65.7671,65.7671
65.8054,65.8054
65.8736,65.8736
65.9041,65.9041
66.0095,66.0095
66.0171,66.0171
66.0182,66.0182
66.0431,66.0431
66.1827,66.1827
66.26,66.26
66.3539,66.3539
66.3909,66.3909
66.41,66.41
66.5085,66.5085
66.5434,66.5434
66.5703,66.5703
66.6478,66.6478
66.723,66.723
66.8678,66.8678
66.8852,66.8852
67.068,67.068
67.1287,67.1287
67.1979,67.1979
67.402,67.402
67.4523,67.4523
67.4814,67.4814
67.483,67.483
67.6368,67.6368
67.6629,67.6629
67.7772,67.7772
67.7779,67.7779
67.7821,67.7821
67.7957,67.7957
67.8708,67.8708
67.9757,67.9757
68.0183,68.0183
68.0966,68.0966
68.4344,68.4344
68.4484,68.4484
68.4984,68.4984
68.5059,68.5059
68.6173,68.6173
68.6615,68.6615
68.7,68.7
68.7626,68.7626
68.9096,68.9096
68.9289,68.9289
68.9565,68.9565
69.2168,69.2168
69.4026,69.4026
69.4129,69.4129
69.457,69.457
69.4708,69.4708
69.5425,69.5425
69.5907,69.5907
69.6041,69.6041
69.7377,69.7377
69.8285,69.8285
69.8534,69.8534
69.8636,69.8636
69.8851,69.8851
69.9618,69.9618
70.0459,70.0459
70.2529,70.2529
70.3369,70.3369
70.3858,70.3858
70.412,70.412
70.5637,70.5637
70.6104,70.6104
70.6236,70.6236
70.6535,70.6535
70.8911,70.8911
70.8937,70.8937
71.0243,71.0243
71.0316,71.0316
71.0728,71.0728
71.1452,71.1452
71.1906,71.1906
71.264,71.264
71.4788,71.4788
71.4958,71.4958
71.5198,71.5198
71.5502,71.5502
71.5702,71.5702
71.6239,71.6239
71.6291,71.6291
71.8546,71.8546
71.9291,71.9291
71.9843,71.9843
72.0507,72.0507
72.0862,72.0862
72.1635,72.1635
72.1885,72.1885
72.1933,72.1933
72.2075,72.2075
72.2247,72.2247
72.3697,72.3697
72.5005,72.5005
72.543,72.543
72.7046,72.7046
72.7336,72.7336
72.8219,72.8219
72.8354,72.8354
72.8693,72.8693
72.9989,72.9989
73.0222,73.0222
73.1544,73.1544
73.2579,73.2579
73.2743,73.2743
73.3151,73.3151
73.3554,73.3554
73.4181,73.4181
73.4655,73.4655
73.5095,73.5095
73.6291,73.6291
73.6452,73.6452
73.6762,73.6762
73.7988,73.7988
73.8157,73.8157
73.8904,73.8904
73.9821,73.9821
73.9944,73.9944
74.0074,74.0074
74.0086,74.0086
74.0368,74.0368
74.0911,74.0911
74.3385,74.3385
74.4413,74.4413
74.4509,74.4509
74.5041,74.5041
74.6795,74.6795
74.8673,74.8673
75.0053,75.0053
75.181,75.181
75.2078,75.2078
75.2892,75.2892
75.3521,75.3521
75.4154,75.4154
75.4415,75.4415
75.4504,75.4504
75.4895,75.4895
75.5545,75.5545
75.5908,75.5908
75.6627,75.6627
75.6708,75.6708
75.7574,75.7574
75.8476,75.8476
75.8743,75.8743
75.9546,75.9546
75.9912,75.9912
76.0644,76.0644
76.1291,76.1291
76.2633,76.2633
76.3843,76.3843
76.4643,76.4643
76.6259,76.6259
76.6305,76.6305
76.7176,76.7176
76.7189,76.7189
76.748,76.748
76.7571,76.7571
76.7712,76.7712
76.8259,76.8259
76.8716,76.8716
76.9481,76.9481
76.9566,76.9566
76.9791,76.9791
76.9977,76.9977
77.0235,77.0235
77.0513,77.0513
77.1389,77.1389
77.2059,77.2059
77.3469,77.3469
77.3501,77.3501
77.4221,77.4221
77.475,77.475
77.4792,77.4792
77.8139,77.8139
77.9646,77.9646
77.9774,77.9774
78.0455,78.0455
78.1824,78.1824
78.2116,78.2116
78.2199,78.2199
78.2679,78.2679
78.3903,78.3903
78.4003,78.4003
78.4567,78.4567
78.7397,78.7397
78.8049,78.8049
78.8296,78.8296
78.8657,78.8657
78.91,78.91
78.935,78.935
79.047,79.047
79.1213,79.1213
79.2286,79.2286
79.2829,79.2829
79.4322,79.4322
79.6712,79.6712
79.7199,79.7199
79.756,79.756
79.8331,79.8331
79.878,79.878
80.0499,80.0499
80.0908,80.0908
80.1346,80.1346
80.2944,80.2944
80.3929,80.3929
80.402,80.402
80.465,80.465
80.5417,80.5417
80.6245,80.6245
80.836,80.836
80.9018,80.9018
80.9437,80.9437
80.9577,80.9577
81.0794,81.0794
81.4655,81.4655
81.4734,81.4734
81.5728,81.5728
81.91,81.91
81.9356,81.9356
81.9856,81.9856
82.0256,82.0256
82.1792,82.1792
82.2596,82.2596
82.3402,82.3402
82.3793,82.3793
82.423,82.423
82.7121,82.7121
82.7146,82.7146
82.9068,82.9068
83.1976,83.1976
83.3878,83.3878
83.9564,83.9564
84.0009,84.0009
84.0093,84.0093
84.2077,84.2077
84.2505,84.2505
84.2655,84.2655
84.3928,84.3928
84.5029,84.5029
84.5784,84.5784
84.5941,84.5941
84.784,84.784
84.9032,84.9032
85.1751,85.1751
85.2224,85.2224
85.2341,85.2341
85.4138,85.4138
85.5253,85.5253
85.5673,85.5673
85.5778,85.5778
85.6142,85.6142
85.7132,85.7132
85.8028,85.8028
85.9824,85.9824
86.0005,86.0005
86.0813,86.0813
86.3551,86.3551
86.6291,86.6291
86.6865,86.6865
86.7006,86.7006
86.7261,86.7261
86.786,86.786
86.7875,86.7875
86.7999,86.7999
86.8072,86.8072
87.0861,87.0861
87.0906,87.0906
87.1245,87.1245
87.6687,87.6687
87.8303,87.8303
87.8799,87.8799
87.9082,87.9082
87.9496,87.9496
88.0255,88.0255
88.0783,88.0783
88.1568,88.1568
88.224,88.224
88.227,88.227
88.2999,88.2999
88.4875,88.4875
88.7445,88.7445
88.8617,88.8617
89.0259,89.0259
89.0827,89.0827
89.2021,89.2021
89.2897,89.2897
89.3986,89.3986
89.6509,89.6509
89.6832,89.6832
89.741,89.741
89.8552,89.8552
89.9161,89.9161
90.0406,90.0406
90.1392,90.1392
90.1506,90.1506
90.1761,90.1761
90.1931,90.1931
90.357,90.357
90.4579,90.4579
90.5104,90.5104
90.8729,90.8729
90.9355,90.9355
90.9479,90.9479
91.0249,91.0249
91.3848,91.3848
91.5828,91.5828
92.0007,92.0007
92.2528,92.2528
92.275,92.275
92.3116,92.3116
92.3816,92.3816
92.5148,92.5148
92.5276,92.5276
92.5575,92.5575
92.574,92.574
93.0426,93.0426
93.0804,93.0804
93.0901,93.0901
93.093,93.093
93.1861,93.1861
93.5895,93.5895
93.9524,93.9524
94.172,94.172
94.2196,94.2196
94.5804,94.5804
94.7963,94.7963
94.8165,94.8165
95.4293,95.4293
95.5694,95.5694
95.6333,95.6333
95.6895,95.6895
95.8946,95.8946
95.9871,95.9871
96.0249,96.0249
96.1279,96.1279
96.1357,96.1357
96.4716,96.4716
96.6188,96.6188
96.7,96.7
96.844,96.844
96.882,96.882
96.9964,96.9964
97.3037,97.3037
97.3386,97.3386
97.4786,97.4786
97.5563,97.5563
97.6646,97.6646
97.7597,97.7597
97.7892,97.7892
97.9946,97.9946
98.0394,98.0394
98.1325,98.1325
98.2181,98.2181
98.2557,98.2557
98.2978,98.2978
98.6757,98.6757
98.7354,98.7354
98.8142,98.8142
99.1143,99.1143
99.3996,99.3996
99.4471,99.4471
99.9679,99.9679
99.9945,99.9945
100.123,100.123
100.183,100.183
100.196,100.196
100.202,100.202
100.21,100.21
100.339,100.339
100.698,100.698
100.959,100.959
101.13,101.13
101.141,101.141
101.15,101.15
101.184,101.184
101.463,101.463
101.479,101.479
101.612,101.612
101.677,101.677
101.91,101.91
101.93,101.93
101.932,101.932
102.047,102.047
102.178,102.178
102.181,102.181
102.405,102.405
102.555,102.555
102.662,102.662
102.929,102.929
103.001,103.001
103.211,103.211
103.289,103.289
103.289,103.289
103.316,103.316
103.714,103.714
103.886,103.886
104.052,104.052
104.993,104.993
105.256,105.256
105.491,105.491
105.606,105.606
105.714,105.714
105.821,105.821
105.929,105.929
106.185,106.185
106.391,106.391
107.268,107.268
107.805,107.805
108.547,108.547
108.82,108.82
108.9,108.9
109.135,109.135
109.221,109.221
109.537,109.537
109.599,109.599
109.847,109.847
109.851,109.851
110.162,110.162
110.199,110.199
110.298,110.298
110.437,110.437
110.437,110.437
110.578,110.578
110.799,110.799
110.84,110.84
110.851,110.851
110.894,110.894
110.913,110.913
111.033,111.033
111.051,111.051
111.058,111.058
111.337,111.337
111.675,111.675
111.689,111.689
111.835,111.835
111.97,111.97
112.036,112.036
112.108,112.108
112.152,112.152
112.357,112.357
112.365,112.365
112.42,112.42
113.123,113.123
113.286,113.286
113.339,113.339
113.424,113.424
113.644,113.644
113.682,113.682
113.928,113.928
113.997,113.997
114.038,114.038
114.282,114.282
114.402,114.402
115.04,115.04
115.068,115.068
115.085,115.085
115.153,115.153
115.353,115.353
115.406,115.406
115.588,115.588
115.609,115.609
115.716,115.716
115.785,115.785
116.041,116.041
116.448,116.448
117.136,117.136
117.876,117.876
118.152,118.152
118.592,118.592
119.268,119.268
119.708,119.708
119.824,119.824
120.06,120.06
120.061,120.061
120.556,120.556
120.835,120.835
121.213,121.213
121.443,121.443
121.756,121.756
122.353,122.353
122.368,122.368
122.545,122.545
122.832,122.832
122.958,122.958
123.002,123.002
123.482,123.482
124.415,124.415
125.046,125.046
125.262,125.262
125.393,125.393
126.004,126.004
126.055,126.055
126.095,126.095
126.18,126.18
126.38,126.38
127.128,127.128
127.151,127.151
127.163,127.163
127.197,127.197
127.302,127.302
128.484,128.484
128.577,128.577
128.636,128.636
128.763,128.763
129.109,129.109
129.2,129.2
129.478,129.478
130.197,130.197
130.435,130.435
130.825,130.825
130.873,130.873
130.99,130.99
131.87,131.87
131.913,131.913
132.356,132.356
132.468,132.468
132.604,132.604
133.142,133.142
133.194,133.194
133.444,133.444
134.398,134.398
134.521,134.521
134.69,134.69
135.162,135.162
135.281,135.281
135.348,135.348
135.507,135.507
135.592,135.592
135.795,135.795
135.8,135.8
136.624,136.624
137.364,137.364
137.719,137.719
137.862,137.862
138.822,138.822
138.915,138.915
138.947,138.947
139.109,139.109
139.129,139.129
139.212,139.212
139.496,139.496
139.989,139.989
140.861,140.861
140.907,140.907
141.18,141.18
141.52,141.52
142.257,142.257
142.414,142.414
142.452,142.452
142.631,142.631
142.75,142.75
142.825,142.825
143.223,143.223
143.229,143.229
143.433,143.433
144.146,144.146
144.223,144.223
144.496,144.496
144.826,144.826
145.306,145.306
145.325,145.325
145.657,145.657
146.296,146.296
146.584,146.584
146.753,146.753
147.485,147.485
147.739,147.739
148.148,148.148
148.512,148.512
148.617,148.617
148.951,148.951
148.964,148.964
149.594,149.594
149.689,149.689
150.081,150.081
151.65,151.65
151.923,151.923
152.448,152.448
152.945,152.945
152.971,152.971
153.647,153.647
153.751,153.751
154.5,154.5
154.571,154.571
154.968,154.968
155.242,155.242
157.205,157.205
157.385,157.385
157.816,157.816
158.364,158.364
158.563,158.563
158.613,158.613
158.891,158.891
159.025,159.025
159.491,159.491
159.582,159.582
159.656,159.656
160.067,160.067
160.161,160.161
160.211,160.211
160.728,160.728
161.324,161.324
162.427,162.427
162.718,162.718
163.165,163.165
163.185,163.185
163.273,163.273
163.699,163.699
163.777,163.777
165.245,165.245
166.055,166.055
166.122,166.122
166.195,166.195
166.297,166.297
166.341,166.341
167.223,167.223
167.45,167.45
167.952,167.952
168.47,168.47
169.019,169.019
169.204,169.204
169.242,169.242
169.356,169.356
169.985,169.985
170.727,170.727
171.61,171.61
171.712,171.712
171.774,171.774
171.987,171.987
172.303,172.303
172.663,172.663
172.866,172.866
173.897,173.897
174.135,174.135
174.296,174.296
174.62,174.62
174.878,174.878
174.927,174.927
175.556,175.556
176.174,176.174
176.34,176.34
176.437,176.437
176.456,176.456
177.36,177.36
177.705,177.705
177.793,177.793
178.517,178.517
179.898,179.898
180.572,180.572
181.115,181.115
181.385,181.385
181.567,181.567
181.813,181.813
182.105,182.105
182.774,182.774
183.037,183.037
183.183,183.183
183.262,183.262
183.352,183.352
183.561,183.561
185.917,185.917
186.208,186.208
186.227,186.227
186.351,186.351
186.492,186.492
186.668,186.668
186.966,186.966
187.407,187.407
187.956,187.956
188.228,188.228
188.328,188.328
189.88,189.88
190.401,190.401
191.015,191.015
191.374,191.374
191.513,191.513
191.818,191.818
192.016,192.016
192.728,192.728
193.914,193.914
194.251,194.251
194.673,194.673
195.418,195.418
196.331,196.331
196.96,196.96
197.497,197.497
200.417,200.417
200.795,200.795
201.008,201.008
201.009,201.009
201.142,201.142
201.331,201.331
201.568,201.568
202.176,202.176
202.187,202.187
202.223,202.223
203.641,203.641
204.063,204.063
204.262,204.262
204.381,204.381
204.465,204.465
206.08,206.08
206.269,206.269
208.249,208.249
208.267,208.267
208.647,208.647
209.235,209.235
210.722,210.722
212.692,212.692
213.647,213.647
214.545,214.545
215.418,215.418
216.012,216.012
216.652,216.652
220.719,220.719
221.717,221.717
221.788,221.788
222.75,222.75
225.715,225.715
226.209,226.209
226.231,226.231
226.274,226.274
226.44,226.44
226.525,226.525
228.807,228.807
229.09,229.09
229.891,229.891
230.492,230.492
230.705,230.705
230.949,230.949
231.91,231.91
233.507,233.507
237.008,237.008
237.319,237.319
238.555,238.555
238.567,238.567
238.573,238.573
238.769,238.769
240.895,240.895
241.021,241.021
242.145,242.145
244.245,244.245
246.5,246.5
246.575,246.575
248.46,248.46
248.611,248.611
248.734,248.734
248.785,248.785
249.498,249.498
251.292,251.292
251.877,251.877
252.603,252.603
254.401,254.401
254.852,254.852
255.378,255.378
256.653,256.653
258.84,258.84
259.033,259.033
260.262,260.262
260.61,260.61
263.279,263.279
263.311,263.311
263.743,263.743
272.117,272.117
272.196,272.196
272.341,272.341
273.984,273.984
274.252,274.252
275.728,275.728
277.795,277.795
279.377,279.377
279.56,279.56
280.112,280.112
282.601,282.601
282.73,282.73
283.186,283.186
284.186,284.186
284.308,284.308
284.399,284.399
286.647,286.647
293.299,293.299
296.948,296.948
302.157,302.157
305.067,305.067
305.136,305.136
307.122,307.122
315.706,315.706
317.826,317.826
321.405,321.405
322.11,322.11
322.841,322.841
323.72,323.72
324.379,324.379
325.882,325.882
325.975,325.975
329.336,329.336
330.216,330.216
333.47,333.47
342.867,342.867
346.061,346.061
349.439,349.439
351.491,351.491
356.985,356.985
357.679,357.679
358.67,358.67
366.363,366.363
371.009,371.009
375.08,375.08
388.687,388.687
390.418,390.418
391.737,391.737
391.774,391.774
392.591,392.591
393.11,393.11
394.63,394.63
396.915,396.915
397.223,397.223
397.601,397.601
400.363,400.363
408.615,408.615
416.106,416.106
418.463,418.463
421.713,421.713
428.302,428.302
433.236,433.236
433.955,433.955
435.101,435.101
447.617,447.617
449.819,449.819
456.247,456.247
461.663,461.663
466.796,466.796
470.192,470.192
484.538,484.538
488.581,488.581
500.572,500.572
501.184,501.184
504.325,504.325
520.227,520.227
526.834,526.834
536.808,536.808
540.622,540.622
540.71,540.71
546.123,546.123
553.543,553.543
557.578,557.578
565.887,565.887
581.751,581.751
586.127,586.127
589.635,589.635
598.347,598.347
600.776,600.776
600.845,600.845
604.396,604.396
616.117,616.117
679.721,679.721
697.199,697.199
699.207,699.207
701.467,701.467
703.416,703.416
715.187,715.187
738.118,738.118
751.657,751.657
755.335,755.335
763.307,763.307
783.773,783.773
789.214,789.214
795.558,795.558
796.297,796.297
801.127,801.127
803.768,803.768
809.832,809.832
830.505,830.505
878.547,878.547
882.552,882.552
891.877,891.877
915.771,915.771
929.506,929.506
933.7,933.7
952.601,952.601
987.415,987.415
992.686,992.686
999.037,999.037
1004.18,1004.18
1010.53,1010.53
1040.91,1040.91
1045.48,1045.48
1063.86,1063.86
1068.37,1068.37
1069.28,1069.28
1083.88,1083.88
1087.84,1087.84
1105.96,1105.96
1113.21,1113.21
1125.9,1125.9
1129.6,1129.6
1146.16,1146.16
1148.4,1148.4
1155.0,1155.0
1155.82,1155.82
1160.7,1160.7
1174.89,1174.89
1180.83,1180.83
1180.95,1180.95
1220.51,1220.51
1225.32,1225.32
1231.18,1231.18
1236.7,1236.7
1265.9,1265.9
1280.87,1280.87
1302.44,1302.44
1310.38,1310.38
1312.28,1312.28
1312.75,1312.75
1374.42,1374.42
1380.35,1380.35
1403.82,1403.82
1453.55,1453.55
1476.22,1476.22
1539.74,1539.74
1571.01,1571.01
1642.55,1642.55
1672.53,1672.53
1685.57,1685.57
1838.42,1838.42
1840.94,1840.94
1904.06,1904.06
2009.94,2009.94
2011.95,2011.95
2036.01,2036.01
2048.89,2048.89
2057.03,2057.03
2109.74,2109.74
2146.5,2146.5
2416.29,2416.29
2429.28,2429.28
2436.39,2436.39
2633.15,2633.15
2662.05,2662.05
2929.39,2929.39
5094.75,5094.75
5475.9,5475.9
8005.12,8005.12
9933.06,9933.06
12870.9,12870.9
