Seed: 1011  |  Range: 0-32
Dataset : /group/pmc021/amunif/epi-thesis/workflow/16_Pairwise Ranking Healthy Liver/dataset/donor_3
Output  : /group/pmc021/amunif/epi-thesis/workflow/16_Pairwise Ranking Healthy Liver/output/donor_3
Using device: cuda
  CUDA device: Tesla V100-PCIE-16GB
Train :  15716  (80.0%)
Val   :   1964  (10.0%)
Test  :   1965  (10.0%)
No overlap between partitions

000-H3K4me3
Train label distribution:
  Label 0:    422 (52.8%)
  Label 1:    378 (47.2%)
Val label distribution:
  Label 0:     52 (52.0%)
  Label 1:     48 (48.0%)
Test label distribution:
  Label 0:     57 (57.0%)
  Label 1:     43 (43.0%)
Epoch [1/100] [TRAIN] Loss: 0.7147, Accuracy: 56.62%, AUC: 0.57 [VAL] Loss: 0.6919, Accuracy: 66.00%, Precision: 0.63, Recall: 0.71, F1: 0.67, AUC: 0.66
Epoch [2/100] [TRAIN] Loss: 0.6944, Accuracy: 63.12%, AUC: 0.63 [VAL] Loss: 0.6767, Accuracy: 67.00%, Precision: 0.64, Recall: 0.73, F1: 0.68, AUC: 0.67
Epoch [3/100] [TRAIN] Loss: 0.6742, Accuracy: 67.88%, AUC: 0.68 [VAL] Loss: 0.6656, Accuracy: 67.00%, Precision: 0.64, Recall: 0.73, F1: 0.68, AUC: 0.67
Epoch [4/100] [TRAIN] Loss: 0.6654, Accuracy: 68.12%, AUC: 0.68 [VAL] Loss: 0.6565, Accuracy: 68.00%, Precision: 0.65, Recall: 0.73, F1: 0.69, AUC: 0.68
Epoch [5/100] [TRAIN] Loss: 0.6475, Accuracy: 67.75%, AUC: 0.68 [VAL] Loss: 0.6483, Accuracy: 68.00%, Precision: 0.64, Recall: 0.75, F1: 0.69, AUC: 0.68
Epoch [6/100] [TRAIN] Loss: 0.6441, Accuracy: 68.62%, AUC: 0.69 [VAL] Loss: 0.6420, Accuracy: 68.00%, Precision: 0.64, Recall: 0.75, F1: 0.69, AUC: 0.68
Epoch [7/100] [TRAIN] Loss: 0.6330, Accuracy: 69.75%, AUC: 0.70 [VAL] Loss: 0.6364, Accuracy: 68.00%, Precision: 0.64, Recall: 0.75, F1: 0.69, AUC: 0.68
Epoch [8/100] [TRAIN] Loss: 0.6296, Accuracy: 70.75%, AUC: 0.71 [VAL] Loss: 0.6322, Accuracy: 68.00%, Precision: 0.64, Recall: 0.75, F1: 0.69, AUC: 0.68
Epoch [9/100] [TRAIN] Loss: 0.6309, Accuracy: 69.00%, AUC: 0.69 [VAL] Loss: 0.6290, Accuracy: 68.00%, Precision: 0.64, Recall: 0.75, F1: 0.69, AUC: 0.68
Epoch [10/100] [TRAIN] Loss: 0.6135, Accuracy: 71.00%, AUC: 0.71 [VAL] Loss: 0.6263, Accuracy: 69.00%, Precision: 0.65, Recall: 0.75, F1: 0.70, AUC: 0.69
Epoch [11/100] [TRAIN] Loss: 0.6263, Accuracy: 69.62%, AUC: 0.70 [VAL] Loss: 0.6239, Accuracy: 68.00%, Precision: 0.64, Recall: 0.75, F1: 0.69, AUC: 0.68
Epoch [12/100] [TRAIN] Loss: 0.6261, Accuracy: 69.00%, AUC: 0.69 [VAL] Loss: 0.6224, Accuracy: 68.00%, Precision: 0.64, Recall: 0.75, F1: 0.69, AUC: 0.68
Epoch [13/100] [TRAIN] Loss: 0.5997, Accuracy: 71.88%, AUC: 0.72 [VAL] Loss: 0.6209, Accuracy: 68.00%, Precision: 0.64, Recall: 0.75, F1: 0.69, AUC: 0.68
Epoch [14/100] [TRAIN] Loss: 0.6121, Accuracy: 70.88%, AUC: 0.71 [VAL] Loss: 0.6196, Accuracy: 68.00%, Precision: 0.64, Recall: 0.75, F1: 0.69, AUC: 0.68
Epoch [15/100] [TRAIN] Loss: 0.6107, Accuracy: 71.50%, AUC: 0.71 [VAL] Loss: 0.6188, Accuracy: 68.00%, Precision: 0.64, Recall: 0.75, F1: 0.69, AUC: 0.68
Epoch [16/100] [TRAIN] Loss: 0.5995, Accuracy: 72.00%, AUC: 0.72 [VAL] Loss: 0.6179, Accuracy: 69.00%, Precision: 0.65, Recall: 0.75, F1: 0.70, AUC: 0.69
Epoch [17/100] [TRAIN] Loss: 0.5972, Accuracy: 70.50%, AUC: 0.70 [VAL] Loss: 0.6170, Accuracy: 69.00%, Precision: 0.65, Recall: 0.75, F1: 0.70, AUC: 0.69
Epoch [18/100] [TRAIN] Loss: 0.6022, Accuracy: 71.75%, AUC: 0.72 [VAL] Loss: 0.6164, Accuracy: 69.00%, Precision: 0.65, Recall: 0.75, F1: 0.70, AUC: 0.69
Epoch [19/100] [TRAIN] Loss: 0.5950, Accuracy: 71.75%, AUC: 0.72 [VAL] Loss: 0.6160, Accuracy: 69.00%, Precision: 0.65, Recall: 0.75, F1: 0.70, AUC: 0.69
Epoch [20/100] [TRAIN] Loss: 0.6095, Accuracy: 72.50%, AUC: 0.72 [VAL] Loss: 0.6156, Accuracy: 69.00%, Precision: 0.65, Recall: 0.75, F1: 0.70, AUC: 0.69
Epoch [21/100] [TRAIN] Loss: 0.6093, Accuracy: 73.12%, AUC: 0.73 [VAL] Loss: 0.6152, Accuracy: 69.00%, Precision: 0.65, Recall: 0.75, F1: 0.70, AUC: 0.69
Epoch [22/100] [TRAIN] Loss: 0.5891, Accuracy: 72.75%, AUC: 0.73 [VAL] Loss: 0.6149, Accuracy: 69.00%, Precision: 0.65, Recall: 0.75, F1: 0.70, AUC: 0.69
Epoch [23/100] [TRAIN] Loss: 0.5806, Accuracy: 72.25%, AUC: 0.72 [VAL] Loss: 0.6147, Accuracy: 69.00%, Precision: 0.65, Recall: 0.75, F1: 0.70, AUC: 0.69
Epoch [24/100] [TRAIN] Loss: 0.5992, Accuracy: 71.75%, AUC: 0.72 [VAL] Loss: 0.6146, Accuracy: 69.00%, Precision: 0.65, Recall: 0.75, F1: 0.70, AUC: 0.69
Epoch [25/100] [TRAIN] Loss: 0.5836, Accuracy: 72.25%, AUC: 0.72 [VAL] Loss: 0.6143, Accuracy: 69.00%, Precision: 0.65, Recall: 0.75, F1: 0.70, AUC: 0.69
Epoch [26/100] [TRAIN] Loss: 0.5979, Accuracy: 71.38%, AUC: 0.71 [VAL] Loss: 0.6140, Accuracy: 69.00%, Precision: 0.65, Recall: 0.75, F1: 0.70, AUC: 0.69
Epoch [27/100] [TRAIN] Loss: 0.5801, Accuracy: 70.75%, AUC: 0.71 [VAL] Loss: 0.6139, Accuracy: 70.00%, Precision: 0.67, Recall: 0.75, F1: 0.71, AUC: 0.70
Epoch [28/100] [TRAIN] Loss: 0.6043, Accuracy: 72.00%, AUC: 0.72 [VAL] Loss: 0.6138, Accuracy: 70.00%, Precision: 0.67, Recall: 0.75, F1: 0.71, AUC: 0.70
Epoch [29/100] [TRAIN] Loss: 0.6047, Accuracy: 70.62%, AUC: 0.71 [VAL] Loss: 0.6134, Accuracy: 70.00%, Precision: 0.67, Recall: 0.75, F1: 0.71, AUC: 0.70
Epoch [30/100] [TRAIN] Loss: 0.5879, Accuracy: 71.75%, AUC: 0.72 [VAL] Loss: 0.6131, Accuracy: 70.00%, Precision: 0.67, Recall: 0.75, F1: 0.71, AUC: 0.70
Epoch [31/100] [TRAIN] Loss: 0.5873, Accuracy: 73.75%, AUC: 0.74 [VAL] Loss: 0.6129, Accuracy: 70.00%, Precision: 0.67, Recall: 0.75, F1: 0.71, AUC: 0.70
Epoch [32/100] [TRAIN] Loss: 0.5816, Accuracy: 72.12%, AUC: 0.72 [VAL] Loss: 0.6128, Accuracy: 70.00%, Precision: 0.67, Recall: 0.75, F1: 0.71, AUC: 0.70
Epoch [33/100] [TRAIN] Loss: 0.5905, Accuracy: 70.50%, AUC: 0.70 [VAL] Loss: 0.6127, Accuracy: 71.00%, Precision: 0.67, Recall: 0.77, F1: 0.72, AUC: 0.71
Epoch [34/100] [TRAIN] Loss: 0.5867, Accuracy: 73.00%, AUC: 0.73 [VAL] Loss: 0.6126, Accuracy: 71.00%, Precision: 0.67, Recall: 0.77, F1: 0.72, AUC: 0.71
Epoch [35/100] [TRAIN] Loss: 0.6085, Accuracy: 71.12%, AUC: 0.71 [VAL] Loss: 0.6123, Accuracy: 71.00%, Precision: 0.67, Recall: 0.77, F1: 0.72, AUC: 0.71
Epoch [36/100] [TRAIN] Loss: 0.5870, Accuracy: 72.12%, AUC: 0.72 [VAL] Loss: 0.6119, Accuracy: 71.00%, Precision: 0.67, Recall: 0.77, F1: 0.72, AUC: 0.71
Epoch [37/100] [TRAIN] Loss: 0.5844, Accuracy: 73.75%, AUC: 0.74 [VAL] Loss: 0.6113, Accuracy: 72.00%, Precision: 0.68, Recall: 0.79, F1: 0.73, AUC: 0.72
Epoch [38/100] [TRAIN] Loss: 0.5923, Accuracy: 70.62%, AUC: 0.70 [VAL] Loss: 0.6108, Accuracy: 72.00%, Precision: 0.68, Recall: 0.79, F1: 0.73, AUC: 0.72
Epoch [39/100] [TRAIN] Loss: 0.5779, Accuracy: 73.75%, AUC: 0.74 [VAL] Loss: 0.6105, Accuracy: 72.00%, Precision: 0.68, Recall: 0.79, F1: 0.73, AUC: 0.72
Epoch [40/100] [TRAIN] Loss: 0.5827, Accuracy: 72.38%, AUC: 0.72 [VAL] Loss: 0.6107, Accuracy: 72.00%, Precision: 0.68, Recall: 0.79, F1: 0.73, AUC: 0.72
Epoch [41/100] [TRAIN] Loss: 0.5777, Accuracy: 71.88%, AUC: 0.72 [VAL] Loss: 0.6107, Accuracy: 72.00%, Precision: 0.68, Recall: 0.79, F1: 0.73, AUC: 0.72
Epoch [42/100] [TRAIN] Loss: 0.5884, Accuracy: 72.50%, AUC: 0.72 [VAL] Loss: 0.6103, Accuracy: 72.00%, Precision: 0.68, Recall: 0.79, F1: 0.73, AUC: 0.72
Epoch [43/100] [TRAIN] Loss: 0.5697, Accuracy: 73.75%, AUC: 0.74 [VAL] Loss: 0.6103, Accuracy: 72.00%, Precision: 0.68, Recall: 0.79, F1: 0.73, AUC: 0.72
Epoch [44/100] [TRAIN] Loss: 0.5750, Accuracy: 73.62%, AUC: 0.74 [VAL] Loss: 0.6103, Accuracy: 72.00%, Precision: 0.68, Recall: 0.79, F1: 0.73, AUC: 0.72
Epoch [45/100] [TRAIN] Loss: 0.5773, Accuracy: 73.12%, AUC: 0.73 [VAL] Loss: 0.6107, Accuracy: 72.00%, Precision: 0.68, Recall: 0.79, F1: 0.73, AUC: 0.72
Epoch [46/100] [TRAIN] Loss: 0.5958, Accuracy: 71.62%, AUC: 0.72 [VAL] Loss: 0.6107, Accuracy: 72.00%, Precision: 0.68, Recall: 0.79, F1: 0.73, AUC: 0.72
Epoch [47/100] [TRAIN] Loss: 0.5700, Accuracy: 72.25%, AUC: 0.72 [VAL] Loss: 0.6105, Accuracy: 72.00%, Precision: 0.68, Recall: 0.79, F1: 0.73, AUC: 0.72
Epoch [48/100] [TRAIN] Loss: 0.5743, Accuracy: 73.00%, AUC: 0.73 [VAL] Loss: 0.6109, Accuracy: 72.00%, Precision: 0.68, Recall: 0.79, F1: 0.73, AUC: 0.72
Epoch [49/100] [TRAIN] Loss: 0.5913, Accuracy: 71.12%, AUC: 0.71 [VAL] Loss: 0.6108, Accuracy: 72.00%, Precision: 0.68, Recall: 0.79, F1: 0.73, AUC: 0.72
Epoch [50/100] [TRAIN] Loss: 0.5738, Accuracy: 72.25%, AUC: 0.72 [VAL] Loss: 0.6108, Accuracy: 72.00%, Precision: 0.68, Recall: 0.79, F1: 0.73, AUC: 0.72
Epoch [51/100] [TRAIN] Loss: 0.5809, Accuracy: 71.75%, AUC: 0.72 [VAL] Loss: 0.6108, Accuracy: 72.00%, Precision: 0.68, Recall: 0.79, F1: 0.73, AUC: 0.72
Epoch [52/100] [TRAIN] Loss: 0.5817, Accuracy: 72.12%, AUC: 0.72 [VAL] Loss: 0.6108, Accuracy: 72.00%, Precision: 0.68, Recall: 0.79, F1: 0.73, AUC: 0.72
  Early stopping at epoch 52 (no val_loss improvement for 10 epochs)
Seed: 1011
Accuracy:  70.00 %
AUC:       0.7083
Precision: 0.6226
Recall:    0.7674
F1-Score:  0.6875

Detailed Classification Report:
              precision    recall  f1-score   support

           0       0.79      0.65      0.71        57
           1       0.62      0.77      0.69        43

    accuracy                           0.70       100
   macro avg       0.70      0.71      0.70       100
weighted avg       0.72      0.70      0.70       100


Confusion Matrix:
[[37 20]
 [10 33]]


001-H3K9ac
Train label distribution:
  Label 0:    422 (52.8%)
  Label 1:    378 (47.2%)
Val label distribution:
  Label 0:     52 (52.0%)
  Label 1:     48 (48.0%)
Test label distribution:
  Label 0:     57 (57.0%)
  Label 1:     43 (43.0%)
Epoch [1/100] [TRAIN] Loss: 0.7176, Accuracy: 56.75%, AUC: 0.57 [VAL] Loss: 0.7248, Accuracy: 53.00%, Precision: 0.51, Recall: 0.65, F1: 0.57, AUC: 0.53
Epoch [2/100] [TRAIN] Loss: 0.7052, Accuracy: 61.00%, AUC: 0.61 [VAL] Loss: 0.7162, Accuracy: 56.00%, Precision: 0.53, Recall: 0.71, F1: 0.61, AUC: 0.57
Epoch [3/100] [TRAIN] Loss: 0.7037, Accuracy: 58.88%, AUC: 0.59 [VAL] Loss: 0.7085, Accuracy: 58.00%, Precision: 0.55, Recall: 0.69, F1: 0.61, AUC: 0.58
Epoch [4/100] [TRAIN] Loss: 0.6929, Accuracy: 63.12%, AUC: 0.63 [VAL] Loss: 0.7014, Accuracy: 58.00%, Precision: 0.55, Recall: 0.71, F1: 0.62, AUC: 0.58
Epoch [5/100] [TRAIN] Loss: 0.6843, Accuracy: 65.50%, AUC: 0.65 [VAL] Loss: 0.6945, Accuracy: 62.00%, Precision: 0.58, Recall: 0.75, F1: 0.65, AUC: 0.62
Epoch [6/100] [TRAIN] Loss: 0.6781, Accuracy: 66.75%, AUC: 0.67 [VAL] Loss: 0.6886, Accuracy: 64.00%, Precision: 0.60, Recall: 0.75, F1: 0.67, AUC: 0.64
Epoch [7/100] [TRAIN] Loss: 0.6766, Accuracy: 65.75%, AUC: 0.66 [VAL] Loss: 0.6828, Accuracy: 65.00%, Precision: 0.61, Recall: 0.75, F1: 0.67, AUC: 0.65
Epoch [8/100] [TRAIN] Loss: 0.6648, Accuracy: 69.62%, AUC: 0.70 [VAL] Loss: 0.6776, Accuracy: 65.00%, Precision: 0.61, Recall: 0.75, F1: 0.67, AUC: 0.65
Epoch [9/100] [TRAIN] Loss: 0.6606, Accuracy: 67.75%, AUC: 0.68 [VAL] Loss: 0.6723, Accuracy: 66.00%, Precision: 0.62, Recall: 0.75, F1: 0.68, AUC: 0.66
Epoch [10/100] [TRAIN] Loss: 0.6677, Accuracy: 67.50%, AUC: 0.67 [VAL] Loss: 0.6678, Accuracy: 68.00%, Precision: 0.64, Recall: 0.75, F1: 0.69, AUC: 0.68
Epoch [11/100] [TRAIN] Loss: 0.6451, Accuracy: 72.25%, AUC: 0.72 [VAL] Loss: 0.6628, Accuracy: 68.00%, Precision: 0.64, Recall: 0.75, F1: 0.69, AUC: 0.68
Epoch [12/100] [TRAIN] Loss: 0.6458, Accuracy: 72.00%, AUC: 0.72 [VAL] Loss: 0.6578, Accuracy: 69.00%, Precision: 0.65, Recall: 0.75, F1: 0.70, AUC: 0.69
Epoch [13/100] [TRAIN] Loss: 0.6422, Accuracy: 71.00%, AUC: 0.71 [VAL] Loss: 0.6535, Accuracy: 69.00%, Precision: 0.65, Recall: 0.75, F1: 0.70, AUC: 0.69
Epoch [14/100] [TRAIN] Loss: 0.6324, Accuracy: 69.38%, AUC: 0.69 [VAL] Loss: 0.6491, Accuracy: 70.00%, Precision: 0.66, Recall: 0.77, F1: 0.71, AUC: 0.70
Epoch [15/100] [TRAIN] Loss: 0.6290, Accuracy: 71.25%, AUC: 0.71 [VAL] Loss: 0.6450, Accuracy: 70.00%, Precision: 0.66, Recall: 0.77, F1: 0.71, AUC: 0.70
Epoch [16/100] [TRAIN] Loss: 0.6332, Accuracy: 70.75%, AUC: 0.71 [VAL] Loss: 0.6407, Accuracy: 70.00%, Precision: 0.66, Recall: 0.77, F1: 0.71, AUC: 0.70
Epoch [17/100] [TRAIN] Loss: 0.6330, Accuracy: 69.88%, AUC: 0.70 [VAL] Loss: 0.6371, Accuracy: 70.00%, Precision: 0.66, Recall: 0.77, F1: 0.71, AUC: 0.70
Epoch [18/100] [TRAIN] Loss: 0.6202, Accuracy: 71.00%, AUC: 0.71 [VAL] Loss: 0.6336, Accuracy: 70.00%, Precision: 0.66, Recall: 0.77, F1: 0.71, AUC: 0.70
Epoch [19/100] [TRAIN] Loss: 0.6200, Accuracy: 71.88%, AUC: 0.72 [VAL] Loss: 0.6305, Accuracy: 70.00%, Precision: 0.66, Recall: 0.77, F1: 0.71, AUC: 0.70
Epoch [20/100] [TRAIN] Loss: 0.6141, Accuracy: 72.25%, AUC: 0.72 [VAL] Loss: 0.6273, Accuracy: 70.00%, Precision: 0.66, Recall: 0.77, F1: 0.71, AUC: 0.70
Epoch [21/100] [TRAIN] Loss: 0.6107, Accuracy: 71.50%, AUC: 0.71 [VAL] Loss: 0.6243, Accuracy: 70.00%, Precision: 0.66, Recall: 0.77, F1: 0.71, AUC: 0.70
Epoch [22/100] [TRAIN] Loss: 0.6108, Accuracy: 72.62%, AUC: 0.73 [VAL] Loss: 0.6218, Accuracy: 70.00%, Precision: 0.66, Recall: 0.77, F1: 0.71, AUC: 0.70
Epoch [23/100] [TRAIN] Loss: 0.6071, Accuracy: 71.62%, AUC: 0.72 [VAL] Loss: 0.6192, Accuracy: 70.00%, Precision: 0.66, Recall: 0.77, F1: 0.71, AUC: 0.70
Epoch [24/100] [TRAIN] Loss: 0.6070, Accuracy: 70.38%, AUC: 0.70 [VAL] Loss: 0.6168, Accuracy: 70.00%, Precision: 0.66, Recall: 0.77, F1: 0.71, AUC: 0.70
Epoch [25/100] [TRAIN] Loss: 0.6072, Accuracy: 71.50%, AUC: 0.71 [VAL] Loss: 0.6149, Accuracy: 70.00%, Precision: 0.66, Recall: 0.77, F1: 0.71, AUC: 0.70
Epoch [26/100] [TRAIN] Loss: 0.6037, Accuracy: 71.75%, AUC: 0.72 [VAL] Loss: 0.6127, Accuracy: 70.00%, Precision: 0.66, Recall: 0.77, F1: 0.71, AUC: 0.70
Epoch [27/100] [TRAIN] Loss: 0.5971, Accuracy: 72.00%, AUC: 0.72 [VAL] Loss: 0.6110, Accuracy: 70.00%, Precision: 0.66, Recall: 0.77, F1: 0.71, AUC: 0.70
Epoch [28/100] [TRAIN] Loss: 0.6058, Accuracy: 72.25%, AUC: 0.72 [VAL] Loss: 0.6091, Accuracy: 71.00%, Precision: 0.67, Recall: 0.77, F1: 0.72, AUC: 0.71
Epoch [29/100] [TRAIN] Loss: 0.6071, Accuracy: 70.75%, AUC: 0.71 [VAL] Loss: 0.6079, Accuracy: 71.00%, Precision: 0.67, Recall: 0.77, F1: 0.72, AUC: 0.71
Epoch [30/100] [TRAIN] Loss: 0.5911, Accuracy: 72.25%, AUC: 0.72 [VAL] Loss: 0.6066, Accuracy: 71.00%, Precision: 0.67, Recall: 0.77, F1: 0.72, AUC: 0.71
Epoch [31/100] [TRAIN] Loss: 0.5941, Accuracy: 73.00%, AUC: 0.73 [VAL] Loss: 0.6050, Accuracy: 71.00%, Precision: 0.67, Recall: 0.77, F1: 0.72, AUC: 0.71
Epoch [32/100] [TRAIN] Loss: 0.5803, Accuracy: 73.25%, AUC: 0.73 [VAL] Loss: 0.6037, Accuracy: 71.00%, Precision: 0.67, Recall: 0.77, F1: 0.72, AUC: 0.71
Epoch [33/100] [TRAIN] Loss: 0.5963, Accuracy: 72.00%, AUC: 0.72 [VAL] Loss: 0.6025, Accuracy: 71.00%, Precision: 0.67, Recall: 0.77, F1: 0.72, AUC: 0.71
Epoch [34/100] [TRAIN] Loss: 0.5936, Accuracy: 71.75%, AUC: 0.72 [VAL] Loss: 0.6014, Accuracy: 71.00%, Precision: 0.67, Recall: 0.77, F1: 0.72, AUC: 0.71
Epoch [35/100] [TRAIN] Loss: 0.5912, Accuracy: 73.12%, AUC: 0.73 [VAL] Loss: 0.6005, Accuracy: 71.00%, Precision: 0.67, Recall: 0.77, F1: 0.72, AUC: 0.71
Epoch [36/100] [TRAIN] Loss: 0.5970, Accuracy: 71.62%, AUC: 0.72 [VAL] Loss: 0.5997, Accuracy: 71.00%, Precision: 0.67, Recall: 0.77, F1: 0.72, AUC: 0.71
Epoch [37/100] [TRAIN] Loss: 0.5808, Accuracy: 71.62%, AUC: 0.72 [VAL] Loss: 0.5988, Accuracy: 71.00%, Precision: 0.67, Recall: 0.77, F1: 0.72, AUC: 0.71
Epoch [38/100] [TRAIN] Loss: 0.5802, Accuracy: 73.38%, AUC: 0.73 [VAL] Loss: 0.5978, Accuracy: 71.00%, Precision: 0.67, Recall: 0.77, F1: 0.72, AUC: 0.71
Epoch [39/100] [TRAIN] Loss: 0.5919, Accuracy: 71.38%, AUC: 0.71 [VAL] Loss: 0.5973, Accuracy: 71.00%, Precision: 0.67, Recall: 0.77, F1: 0.72, AUC: 0.71
Epoch [40/100] [TRAIN] Loss: 0.5808, Accuracy: 71.75%, AUC: 0.72 [VAL] Loss: 0.5965, Accuracy: 71.00%, Precision: 0.67, Recall: 0.77, F1: 0.72, AUC: 0.71
Epoch [41/100] [TRAIN] Loss: 0.5890, Accuracy: 72.12%, AUC: 0.72 [VAL] Loss: 0.5960, Accuracy: 71.00%, Precision: 0.67, Recall: 0.77, F1: 0.72, AUC: 0.71
Epoch [42/100] [TRAIN] Loss: 0.5891, Accuracy: 71.25%, AUC: 0.71 [VAL] Loss: 0.5953, Accuracy: 71.00%, Precision: 0.67, Recall: 0.77, F1: 0.72, AUC: 0.71
Epoch [43/100] [TRAIN] Loss: 0.5879, Accuracy: 71.88%, AUC: 0.72 [VAL] Loss: 0.5947, Accuracy: 71.00%, Precision: 0.67, Recall: 0.77, F1: 0.72, AUC: 0.71
Epoch [44/100] [TRAIN] Loss: 0.5826, Accuracy: 72.62%, AUC: 0.73 [VAL] Loss: 0.5940, Accuracy: 72.00%, Precision: 0.68, Recall: 0.79, F1: 0.73, AUC: 0.72
Epoch [45/100] [TRAIN] Loss: 0.5821, Accuracy: 72.00%, AUC: 0.72 [VAL] Loss: 0.5933, Accuracy: 72.00%, Precision: 0.68, Recall: 0.79, F1: 0.73, AUC: 0.72
Epoch [46/100] [TRAIN] Loss: 0.5850, Accuracy: 72.62%, AUC: 0.73 [VAL] Loss: 0.5929, Accuracy: 72.00%, Precision: 0.68, Recall: 0.79, F1: 0.73, AUC: 0.72
Epoch [47/100] [TRAIN] Loss: 0.5802, Accuracy: 73.38%, AUC: 0.73 [VAL] Loss: 0.5922, Accuracy: 72.00%, Precision: 0.68, Recall: 0.79, F1: 0.73, AUC: 0.72
Epoch [48/100] [TRAIN] Loss: 0.5767, Accuracy: 71.88%, AUC: 0.72 [VAL] Loss: 0.5915, Accuracy: 72.00%, Precision: 0.68, Recall: 0.79, F1: 0.73, AUC: 0.72
Epoch [49/100] [TRAIN] Loss: 0.5812, Accuracy: 73.12%, AUC: 0.73 [VAL] Loss: 0.5910, Accuracy: 72.00%, Precision: 0.68, Recall: 0.79, F1: 0.73, AUC: 0.72
Epoch [50/100] [TRAIN] Loss: 0.5911, Accuracy: 73.00%, AUC: 0.73 [VAL] Loss: 0.5907, Accuracy: 72.00%, Precision: 0.68, Recall: 0.79, F1: 0.73, AUC: 0.72
Epoch [51/100] [TRAIN] Loss: 0.5864, Accuracy: 72.38%, AUC: 0.72 [VAL] Loss: 0.5902, Accuracy: 72.00%, Precision: 0.68, Recall: 0.79, F1: 0.73, AUC: 0.72
Epoch [52/100] [TRAIN] Loss: 0.5752, Accuracy: 73.50%, AUC: 0.73 [VAL] Loss: 0.5896, Accuracy: 72.00%, Precision: 0.68, Recall: 0.79, F1: 0.73, AUC: 0.72
Epoch [53/100] [TRAIN] Loss: 0.5921, Accuracy: 73.00%, AUC: 0.73 [VAL] Loss: 0.5894, Accuracy: 72.00%, Precision: 0.68, Recall: 0.79, F1: 0.73, AUC: 0.72
Epoch [54/100] [TRAIN] Loss: 0.5797, Accuracy: 72.75%, AUC: 0.73 [VAL] Loss: 0.5890, Accuracy: 72.00%, Precision: 0.68, Recall: 0.79, F1: 0.73, AUC: 0.72
Epoch [55/100] [TRAIN] Loss: 0.5956, Accuracy: 72.88%, AUC: 0.73 [VAL] Loss: 0.5888, Accuracy: 72.00%, Precision: 0.68, Recall: 0.79, F1: 0.73, AUC: 0.72
Epoch [56/100] [TRAIN] Loss: 0.5758, Accuracy: 73.50%, AUC: 0.73 [VAL] Loss: 0.5884, Accuracy: 72.00%, Precision: 0.68, Recall: 0.79, F1: 0.73, AUC: 0.72
Epoch [57/100] [TRAIN] Loss: 0.5834, Accuracy: 72.88%, AUC: 0.73 [VAL] Loss: 0.5881, Accuracy: 72.00%, Precision: 0.68, Recall: 0.79, F1: 0.73, AUC: 0.72
Epoch [58/100] [TRAIN] Loss: 0.5791, Accuracy: 72.88%, AUC: 0.73 [VAL] Loss: 0.5879, Accuracy: 72.00%, Precision: 0.68, Recall: 0.79, F1: 0.73, AUC: 0.72
Epoch [59/100] [TRAIN] Loss: 0.5709, Accuracy: 72.88%, AUC: 0.73 [VAL] Loss: 0.5877, Accuracy: 72.00%, Precision: 0.68, Recall: 0.79, F1: 0.73, AUC: 0.72
Epoch [60/100] [TRAIN] Loss: 0.5887, Accuracy: 72.00%, AUC: 0.72 [VAL] Loss: 0.5874, Accuracy: 72.00%, Precision: 0.68, Recall: 0.79, F1: 0.73, AUC: 0.72
Epoch [61/100] [TRAIN] Loss: 0.5840, Accuracy: 72.38%, AUC: 0.72 [VAL] Loss: 0.5872, Accuracy: 72.00%, Precision: 0.68, Recall: 0.79, F1: 0.73, AUC: 0.72
Epoch [62/100] [TRAIN] Loss: 0.5748, Accuracy: 72.38%, AUC: 0.72 [VAL] Loss: 0.5869, Accuracy: 72.00%, Precision: 0.68, Recall: 0.79, F1: 0.73, AUC: 0.72
Epoch [63/100] [TRAIN] Loss: 0.5771, Accuracy: 73.00%, AUC: 0.73 [VAL] Loss: 0.5866, Accuracy: 72.00%, Precision: 0.68, Recall: 0.79, F1: 0.73, AUC: 0.72
Epoch [64/100] [TRAIN] Loss: 0.5728, Accuracy: 72.00%, AUC: 0.72 [VAL] Loss: 0.5863, Accuracy: 72.00%, Precision: 0.68, Recall: 0.79, F1: 0.73, AUC: 0.72
Epoch [65/100] [TRAIN] Loss: 0.5885, Accuracy: 72.62%, AUC: 0.73 [VAL] Loss: 0.5860, Accuracy: 72.00%, Precision: 0.68, Recall: 0.79, F1: 0.73, AUC: 0.72
Epoch [66/100] [TRAIN] Loss: 0.5872, Accuracy: 71.62%, AUC: 0.72 [VAL] Loss: 0.5857, Accuracy: 72.00%, Precision: 0.68, Recall: 0.79, F1: 0.73, AUC: 0.72
Epoch [67/100] [TRAIN] Loss: 0.5958, Accuracy: 72.88%, AUC: 0.73 [VAL] Loss: 0.5853, Accuracy: 72.00%, Precision: 0.68, Recall: 0.79, F1: 0.73, AUC: 0.72
Epoch [68/100] [TRAIN] Loss: 0.5995, Accuracy: 70.88%, AUC: 0.71 [VAL] Loss: 0.5851, Accuracy: 72.00%, Precision: 0.68, Recall: 0.79, F1: 0.73, AUC: 0.72
Epoch [69/100] [TRAIN] Loss: 0.5787, Accuracy: 73.38%, AUC: 0.73 [VAL] Loss: 0.5849, Accuracy: 72.00%, Precision: 0.68, Recall: 0.79, F1: 0.73, AUC: 0.72
Epoch [70/100] [TRAIN] Loss: 0.5808, Accuracy: 72.62%, AUC: 0.73 [VAL] Loss: 0.5846, Accuracy: 72.00%, Precision: 0.68, Recall: 0.79, F1: 0.73, AUC: 0.72
Epoch [71/100] [TRAIN] Loss: 0.5814, Accuracy: 71.00%, AUC: 0.71 [VAL] Loss: 0.5843, Accuracy: 72.00%, Precision: 0.68, Recall: 0.79, F1: 0.73, AUC: 0.72
Epoch [72/100] [TRAIN] Loss: 0.5697, Accuracy: 71.75%, AUC: 0.72 [VAL] Loss: 0.5840, Accuracy: 72.00%, Precision: 0.68, Recall: 0.79, F1: 0.73, AUC: 0.72
Epoch [73/100] [TRAIN] Loss: 0.5915, Accuracy: 71.00%, AUC: 0.71 [VAL] Loss: 0.5837, Accuracy: 72.00%, Precision: 0.68, Recall: 0.79, F1: 0.73, AUC: 0.72
Epoch [74/100] [TRAIN] Loss: 0.5858, Accuracy: 72.12%, AUC: 0.72 [VAL] Loss: 0.5835, Accuracy: 72.00%, Precision: 0.68, Recall: 0.79, F1: 0.73, AUC: 0.72
Epoch [75/100] [TRAIN] Loss: 0.5791, Accuracy: 72.62%, AUC: 0.73 [VAL] Loss: 0.5832, Accuracy: 72.00%, Precision: 0.68, Recall: 0.79, F1: 0.73, AUC: 0.72
Epoch [76/100] [TRAIN] Loss: 0.5865, Accuracy: 70.50%, AUC: 0.71 [VAL] Loss: 0.5830, Accuracy: 72.00%, Precision: 0.68, Recall: 0.79, F1: 0.73, AUC: 0.72
Epoch [77/100] [TRAIN] Loss: 0.5699, Accuracy: 73.50%, AUC: 0.74 [VAL] Loss: 0.5828, Accuracy: 72.00%, Precision: 0.68, Recall: 0.79, F1: 0.73, AUC: 0.72
Epoch [78/100] [TRAIN] Loss: 0.5811, Accuracy: 71.38%, AUC: 0.71 [VAL] Loss: 0.5826, Accuracy: 72.00%, Precision: 0.68, Recall: 0.79, F1: 0.73, AUC: 0.72
Epoch [79/100] [TRAIN] Loss: 0.5790, Accuracy: 73.25%, AUC: 0.73 [VAL] Loss: 0.5825, Accuracy: 72.00%, Precision: 0.68, Recall: 0.79, F1: 0.73, AUC: 0.72
Epoch [80/100] [TRAIN] Loss: 0.5751, Accuracy: 74.00%, AUC: 0.74 [VAL] Loss: 0.5824, Accuracy: 72.00%, Precision: 0.68, Recall: 0.79, F1: 0.73, AUC: 0.72
Epoch [81/100] [TRAIN] Loss: 0.5649, Accuracy: 73.88%, AUC: 0.74 [VAL] Loss: 0.5822, Accuracy: 72.00%, Precision: 0.68, Recall: 0.79, F1: 0.73, AUC: 0.72
Epoch [82/100] [TRAIN] Loss: 0.5840, Accuracy: 72.62%, AUC: 0.73 [VAL] Loss: 0.5821, Accuracy: 72.00%, Precision: 0.68, Recall: 0.79, F1: 0.73, AUC: 0.72
Epoch [83/100] [TRAIN] Loss: 0.5704, Accuracy: 73.75%, AUC: 0.74 [VAL] Loss: 0.5820, Accuracy: 72.00%, Precision: 0.68, Recall: 0.79, F1: 0.73, AUC: 0.72
Epoch [84/100] [TRAIN] Loss: 0.5939, Accuracy: 71.50%, AUC: 0.71 [VAL] Loss: 0.5819, Accuracy: 72.00%, Precision: 0.68, Recall: 0.79, F1: 0.73, AUC: 0.72
Epoch [85/100] [TRAIN] Loss: 0.5691, Accuracy: 74.00%, AUC: 0.74 [VAL] Loss: 0.5818, Accuracy: 72.00%, Precision: 0.68, Recall: 0.79, F1: 0.73, AUC: 0.72
Epoch [86/100] [TRAIN] Loss: 0.5810, Accuracy: 73.25%, AUC: 0.73 [VAL] Loss: 0.5818, Accuracy: 72.00%, Precision: 0.68, Recall: 0.79, F1: 0.73, AUC: 0.72
Epoch [87/100] [TRAIN] Loss: 0.5631, Accuracy: 73.38%, AUC: 0.73 [VAL] Loss: 0.5817, Accuracy: 72.00%, Precision: 0.68, Recall: 0.79, F1: 0.73, AUC: 0.72
Epoch [88/100] [TRAIN] Loss: 0.5863, Accuracy: 71.75%, AUC: 0.72 [VAL] Loss: 0.5816, Accuracy: 72.00%, Precision: 0.68, Recall: 0.79, F1: 0.73, AUC: 0.72
Epoch [89/100] [TRAIN] Loss: 0.5759, Accuracy: 72.75%, AUC: 0.73 [VAL] Loss: 0.5815, Accuracy: 72.00%, Precision: 0.68, Recall: 0.79, F1: 0.73, AUC: 0.72
Epoch [90/100] [TRAIN] Loss: 0.5626, Accuracy: 73.38%, AUC: 0.73 [VAL] Loss: 0.5815, Accuracy: 72.00%, Precision: 0.68, Recall: 0.79, F1: 0.73, AUC: 0.72
Epoch [91/100] [TRAIN] Loss: 0.5772, Accuracy: 73.25%, AUC: 0.73 [VAL] Loss: 0.5813, Accuracy: 71.00%, Precision: 0.67, Recall: 0.77, F1: 0.72, AUC: 0.71
Epoch [92/100] [TRAIN] Loss: 0.5820, Accuracy: 72.38%, AUC: 0.72 [VAL] Loss: 0.5813, Accuracy: 71.00%, Precision: 0.67, Recall: 0.77, F1: 0.72, AUC: 0.71
Epoch [93/100] [TRAIN] Loss: 0.5713, Accuracy: 72.62%, AUC: 0.73 [VAL] Loss: 0.5812, Accuracy: 71.00%, Precision: 0.67, Recall: 0.77, F1: 0.72, AUC: 0.71
Epoch [94/100] [TRAIN] Loss: 0.5827, Accuracy: 72.75%, AUC: 0.73 [VAL] Loss: 0.5812, Accuracy: 71.00%, Precision: 0.67, Recall: 0.77, F1: 0.72, AUC: 0.71
Epoch [95/100] [TRAIN] Loss: 0.5775, Accuracy: 71.50%, AUC: 0.72 [VAL] Loss: 0.5812, Accuracy: 71.00%, Precision: 0.67, Recall: 0.77, F1: 0.72, AUC: 0.71
Epoch [96/100] [TRAIN] Loss: 0.5721, Accuracy: 74.12%, AUC: 0.74 [VAL] Loss: 0.5811, Accuracy: 71.00%, Precision: 0.67, Recall: 0.77, F1: 0.72, AUC: 0.71
Epoch [97/100] [TRAIN] Loss: 0.5826, Accuracy: 71.75%, AUC: 0.72 [VAL] Loss: 0.5810, Accuracy: 71.00%, Precision: 0.67, Recall: 0.77, F1: 0.72, AUC: 0.71
Epoch [98/100] [TRAIN] Loss: 0.5721, Accuracy: 70.88%, AUC: 0.71 [VAL] Loss: 0.5810, Accuracy: 71.00%, Precision: 0.67, Recall: 0.77, F1: 0.72, AUC: 0.71
Epoch [99/100] [TRAIN] Loss: 0.5918, Accuracy: 71.62%, AUC: 0.72 [VAL] Loss: 0.5810, Accuracy: 71.00%, Precision: 0.67, Recall: 0.77, F1: 0.72, AUC: 0.71
Epoch [100/100] [TRAIN] Loss: 0.5725, Accuracy: 72.38%, AUC: 0.72 [VAL] Loss: 0.5809, Accuracy: 71.00%, Precision: 0.67, Recall: 0.77, F1: 0.72, AUC: 0.71
Seed: 1011
Accuracy:  68.00 %
AUC:       0.6907
Precision: 0.6000
Recall:    0.7674
F1-Score:  0.6735

Detailed Classification Report:
              precision    recall  f1-score   support

           0       0.78      0.61      0.69        57
           1       0.60      0.77      0.67        43

    accuracy                           0.68       100
   macro avg       0.69      0.69      0.68       100
weighted avg       0.70      0.68      0.68       100


Confusion Matrix:
[[35 22]
 [10 33]]


002-H3K9me3
Train label distribution:
  Label 0:    422 (52.8%)
  Label 1:    378 (47.2%)
Val label distribution:
  Label 0:     52 (52.0%)
  Label 1:     48 (48.0%)
Test label distribution:
  Label 0:     57 (57.0%)
  Label 1:     43 (43.0%)
Epoch [1/100] [TRAIN] Loss: 0.7274, Accuracy: 50.25%, AUC: 0.50 [VAL] Loss: 0.7270, Accuracy: 49.00%, Precision: 0.48, Recall: 0.96, F1: 0.64, AUC: 0.51
Epoch [2/100] [TRAIN] Loss: 0.7278, Accuracy: 48.38%, AUC: 0.48 [VAL] Loss: 0.7269, Accuracy: 49.00%, Precision: 0.48, Recall: 0.96, F1: 0.64, AUC: 0.51
Epoch [3/100] [TRAIN] Loss: 0.7278, Accuracy: 53.62%, AUC: 0.54 [VAL] Loss: 0.7269, Accuracy: 49.00%, Precision: 0.48, Recall: 0.96, F1: 0.64, AUC: 0.51
Epoch [4/100] [TRAIN] Loss: 0.7272, Accuracy: 50.75%, AUC: 0.51 [VAL] Loss: 0.7268, Accuracy: 49.00%, Precision: 0.48, Recall: 0.96, F1: 0.64, AUC: 0.51
Epoch [5/100] [TRAIN] Loss: 0.7270, Accuracy: 49.12%, AUC: 0.49 [VAL] Loss: 0.7268, Accuracy: 49.00%, Precision: 0.48, Recall: 0.96, F1: 0.64, AUC: 0.51
Epoch [6/100] [TRAIN] Loss: 0.7267, Accuracy: 48.62%, AUC: 0.49 [VAL] Loss: 0.7267, Accuracy: 49.00%, Precision: 0.48, Recall: 0.96, F1: 0.64, AUC: 0.51
Epoch [7/100] [TRAIN] Loss: 0.7270, Accuracy: 51.25%, AUC: 0.51 [VAL] Loss: 0.7267, Accuracy: 49.00%, Precision: 0.48, Recall: 0.96, F1: 0.64, AUC: 0.51
Epoch [8/100] [TRAIN] Loss: 0.7285, Accuracy: 50.62%, AUC: 0.51 [VAL] Loss: 0.7266, Accuracy: 49.00%, Precision: 0.48, Recall: 0.96, F1: 0.64, AUC: 0.51
Epoch [9/100] [TRAIN] Loss: 0.7280, Accuracy: 48.88%, AUC: 0.49 [VAL] Loss: 0.7266, Accuracy: 49.00%, Precision: 0.48, Recall: 0.96, F1: 0.64, AUC: 0.51
Epoch [10/100] [TRAIN] Loss: 0.7280, Accuracy: 49.12%, AUC: 0.49 [VAL] Loss: 0.7265, Accuracy: 49.00%, Precision: 0.48, Recall: 0.96, F1: 0.64, AUC: 0.51
Epoch [11/100] [TRAIN] Loss: 0.7275, Accuracy: 51.62%, AUC: 0.52 [VAL] Loss: 0.7265, Accuracy: 49.00%, Precision: 0.48, Recall: 0.96, F1: 0.64, AUC: 0.51
Epoch [12/100] [TRAIN] Loss: 0.7277, Accuracy: 51.38%, AUC: 0.51 [VAL] Loss: 0.7264, Accuracy: 49.00%, Precision: 0.48, Recall: 0.96, F1: 0.64, AUC: 0.51
Epoch [13/100] [TRAIN] Loss: 0.7275, Accuracy: 49.38%, AUC: 0.49 [VAL] Loss: 0.7264, Accuracy: 49.00%, Precision: 0.48, Recall: 0.96, F1: 0.64, AUC: 0.51
Epoch [14/100] [TRAIN] Loss: 0.7273, Accuracy: 49.75%, AUC: 0.50 [VAL] Loss: 0.7264, Accuracy: 49.00%, Precision: 0.48, Recall: 0.96, F1: 0.64, AUC: 0.51
Epoch [15/100] [TRAIN] Loss: 0.7284, Accuracy: 48.50%, AUC: 0.48 [VAL] Loss: 0.7263, Accuracy: 49.00%, Precision: 0.48, Recall: 0.96, F1: 0.64, AUC: 0.51
Epoch [16/100] [TRAIN] Loss: 0.7283, Accuracy: 48.25%, AUC: 0.48 [VAL] Loss: 0.7263, Accuracy: 49.00%, Precision: 0.48, Recall: 0.96, F1: 0.64, AUC: 0.51
Epoch [17/100] [TRAIN] Loss: 0.7264, Accuracy: 49.62%, AUC: 0.50 [VAL] Loss: 0.7263, Accuracy: 49.00%, Precision: 0.48, Recall: 0.96, F1: 0.64, AUC: 0.51
Epoch [18/100] [TRAIN] Loss: 0.7281, Accuracy: 49.50%, AUC: 0.50 [VAL] Loss: 0.7263, Accuracy: 49.00%, Precision: 0.48, Recall: 0.96, F1: 0.64, AUC: 0.51
Epoch [19/100] [TRAIN] Loss: 0.7259, Accuracy: 51.00%, AUC: 0.51 [VAL] Loss: 0.7262, Accuracy: 49.00%, Precision: 0.48, Recall: 0.96, F1: 0.64, AUC: 0.51
Epoch [20/100] [TRAIN] Loss: 0.7261, Accuracy: 49.50%, AUC: 0.49 [VAL] Loss: 0.7262, Accuracy: 49.00%, Precision: 0.48, Recall: 0.96, F1: 0.64, AUC: 0.51
Epoch [21/100] [TRAIN] Loss: 0.7267, Accuracy: 48.25%, AUC: 0.48 [VAL] Loss: 0.7262, Accuracy: 49.00%, Precision: 0.48, Recall: 0.96, F1: 0.64, AUC: 0.51
Epoch [22/100] [TRAIN] Loss: 0.7266, Accuracy: 50.25%, AUC: 0.50 [VAL] Loss: 0.7262, Accuracy: 49.00%, Precision: 0.48, Recall: 0.96, F1: 0.64, AUC: 0.51
Epoch [23/100] [TRAIN] Loss: 0.7269, Accuracy: 51.12%, AUC: 0.51 [VAL] Loss: 0.7262, Accuracy: 49.00%, Precision: 0.48, Recall: 0.96, F1: 0.64, AUC: 0.51
Epoch [24/100] [TRAIN] Loss: 0.7269, Accuracy: 49.38%, AUC: 0.49 [VAL] Loss: 0.7262, Accuracy: 49.00%, Precision: 0.48, Recall: 0.96, F1: 0.64, AUC: 0.51
Epoch [25/100] [TRAIN] Loss: 0.7262, Accuracy: 51.88%, AUC: 0.52 [VAL] Loss: 0.7261, Accuracy: 49.00%, Precision: 0.48, Recall: 0.96, F1: 0.64, AUC: 0.51
Epoch [26/100] [TRAIN] Loss: 0.7264, Accuracy: 52.38%, AUC: 0.52 [VAL] Loss: 0.7261, Accuracy: 49.00%, Precision: 0.48, Recall: 0.96, F1: 0.64, AUC: 0.51
Epoch [27/100] [TRAIN] Loss: 0.7277, Accuracy: 48.75%, AUC: 0.49 [VAL] Loss: 0.7261, Accuracy: 49.00%, Precision: 0.48, Recall: 0.96, F1: 0.64, AUC: 0.51
Epoch [28/100] [TRAIN] Loss: 0.7274, Accuracy: 50.62%, AUC: 0.51 [VAL] Loss: 0.7261, Accuracy: 49.00%, Precision: 0.48, Recall: 0.96, F1: 0.64, AUC: 0.51
Epoch [29/100] [TRAIN] Loss: 0.7281, Accuracy: 48.38%, AUC: 0.48 [VAL] Loss: 0.7261, Accuracy: 49.00%, Precision: 0.48, Recall: 0.96, F1: 0.64, AUC: 0.51
Epoch [30/100] [TRAIN] Loss: 0.7265, Accuracy: 52.50%, AUC: 0.52 [VAL] Loss: 0.7261, Accuracy: 49.00%, Precision: 0.48, Recall: 0.96, F1: 0.64, AUC: 0.51
Epoch [31/100] [TRAIN] Loss: 0.7263, Accuracy: 50.38%, AUC: 0.50 [VAL] Loss: 0.7260, Accuracy: 49.00%, Precision: 0.48, Recall: 0.96, F1: 0.64, AUC: 0.51
Epoch [32/100] [TRAIN] Loss: 0.7254, Accuracy: 50.62%, AUC: 0.50 [VAL] Loss: 0.7260, Accuracy: 49.00%, Precision: 0.48, Recall: 0.96, F1: 0.64, AUC: 0.51
Epoch [33/100] [TRAIN] Loss: 0.7259, Accuracy: 53.75%, AUC: 0.54 [VAL] Loss: 0.7260, Accuracy: 49.00%, Precision: 0.48, Recall: 0.96, F1: 0.64, AUC: 0.51
Epoch [34/100] [TRAIN] Loss: 0.7261, Accuracy: 51.50%, AUC: 0.52 [VAL] Loss: 0.7260, Accuracy: 49.00%, Precision: 0.48, Recall: 0.96, F1: 0.64, AUC: 0.51
Epoch [35/100] [TRAIN] Loss: 0.7254, Accuracy: 52.25%, AUC: 0.52 [VAL] Loss: 0.7260, Accuracy: 49.00%, Precision: 0.48, Recall: 0.96, F1: 0.64, AUC: 0.51
Epoch [36/100] [TRAIN] Loss: 0.7261, Accuracy: 50.88%, AUC: 0.51 [VAL] Loss: 0.7260, Accuracy: 49.00%, Precision: 0.48, Recall: 0.96, F1: 0.64, AUC: 0.51
Epoch [37/100] [TRAIN] Loss: 0.7264, Accuracy: 52.50%, AUC: 0.53 [VAL] Loss: 0.7259, Accuracy: 49.00%, Precision: 0.48, Recall: 0.96, F1: 0.64, AUC: 0.51
Epoch [38/100] [TRAIN] Loss: 0.7276, Accuracy: 49.00%, AUC: 0.49 [VAL] Loss: 0.7259, Accuracy: 49.00%, Precision: 0.48, Recall: 0.96, F1: 0.64, AUC: 0.51
Epoch [39/100] [TRAIN] Loss: 0.7266, Accuracy: 50.50%, AUC: 0.50 [VAL] Loss: 0.7259, Accuracy: 49.00%, Precision: 0.48, Recall: 0.96, F1: 0.64, AUC: 0.51
Epoch [40/100] [TRAIN] Loss: 0.7274, Accuracy: 45.88%, AUC: 0.46 [VAL] Loss: 0.7259, Accuracy: 49.00%, Precision: 0.48, Recall: 0.96, F1: 0.64, AUC: 0.51
Epoch [41/100] [TRAIN] Loss: 0.7253, Accuracy: 53.00%, AUC: 0.53 [VAL] Loss: 0.7259, Accuracy: 49.00%, Precision: 0.48, Recall: 0.96, F1: 0.64, AUC: 0.51
Epoch [42/100] [TRAIN] Loss: 0.7265, Accuracy: 50.00%, AUC: 0.50 [VAL] Loss: 0.7259, Accuracy: 49.00%, Precision: 0.48, Recall: 0.96, F1: 0.64, AUC: 0.51
Epoch [43/100] [TRAIN] Loss: 0.7257, Accuracy: 51.25%, AUC: 0.51 [VAL] Loss: 0.7258, Accuracy: 49.00%, Precision: 0.48, Recall: 0.96, F1: 0.64, AUC: 0.51
Epoch [44/100] [TRAIN] Loss: 0.7265, Accuracy: 49.50%, AUC: 0.49 [VAL] Loss: 0.7258, Accuracy: 49.00%, Precision: 0.48, Recall: 0.96, F1: 0.64, AUC: 0.51
Epoch [45/100] [TRAIN] Loss: 0.7273, Accuracy: 48.75%, AUC: 0.49 [VAL] Loss: 0.7258, Accuracy: 49.00%, Precision: 0.48, Recall: 0.96, F1: 0.64, AUC: 0.51
Epoch [46/100] [TRAIN] Loss: 0.7258, Accuracy: 53.38%, AUC: 0.53 [VAL] Loss: 0.7258, Accuracy: 49.00%, Precision: 0.48, Recall: 0.96, F1: 0.64, AUC: 0.51
Epoch [47/100] [TRAIN] Loss: 0.7251, Accuracy: 51.25%, AUC: 0.51 [VAL] Loss: 0.7258, Accuracy: 49.00%, Precision: 0.48, Recall: 0.96, F1: 0.64, AUC: 0.51
Epoch [48/100] [TRAIN] Loss: 0.7265, Accuracy: 49.25%, AUC: 0.49 [VAL] Loss: 0.7258, Accuracy: 49.00%, Precision: 0.48, Recall: 0.96, F1: 0.64, AUC: 0.51
Epoch [49/100] [TRAIN] Loss: 0.7262, Accuracy: 50.75%, AUC: 0.51 [VAL] Loss: 0.7258, Accuracy: 49.00%, Precision: 0.48, Recall: 0.96, F1: 0.64, AUC: 0.51
Epoch [50/100] [TRAIN] Loss: 0.7257, Accuracy: 48.00%, AUC: 0.48 [VAL] Loss: 0.7257, Accuracy: 49.00%, Precision: 0.48, Recall: 0.96, F1: 0.64, AUC: 0.51
Epoch [51/100] [TRAIN] Loss: 0.7265, Accuracy: 50.38%, AUC: 0.50 [VAL] Loss: 0.7257, Accuracy: 49.00%, Precision: 0.48, Recall: 0.96, F1: 0.64, AUC: 0.51
Epoch [52/100] [TRAIN] Loss: 0.7268, Accuracy: 49.25%, AUC: 0.49 [VAL] Loss: 0.7257, Accuracy: 49.00%, Precision: 0.48, Recall: 0.96, F1: 0.64, AUC: 0.51
Epoch [53/100] [TRAIN] Loss: 0.7270, Accuracy: 46.25%, AUC: 0.46 [VAL] Loss: 0.7257, Accuracy: 49.00%, Precision: 0.48, Recall: 0.96, F1: 0.64, AUC: 0.51
Epoch [54/100] [TRAIN] Loss: 0.7269, Accuracy: 46.25%, AUC: 0.46 [VAL] Loss: 0.7257, Accuracy: 49.00%, Precision: 0.48, Recall: 0.96, F1: 0.64, AUC: 0.51
Epoch [55/100] [TRAIN] Loss: 0.7259, Accuracy: 49.62%, AUC: 0.50 [VAL] Loss: 0.7257, Accuracy: 49.00%, Precision: 0.48, Recall: 0.96, F1: 0.64, AUC: 0.51
Epoch [56/100] [TRAIN] Loss: 0.7257, Accuracy: 51.88%, AUC: 0.52 [VAL] Loss: 0.7257, Accuracy: 49.00%, Precision: 0.48, Recall: 0.96, F1: 0.64, AUC: 0.51
Epoch [57/100] [TRAIN] Loss: 0.7262, Accuracy: 50.75%, AUC: 0.51 [VAL] Loss: 0.7257, Accuracy: 49.00%, Precision: 0.48, Recall: 0.96, F1: 0.64, AUC: 0.51
Epoch [58/100] [TRAIN] Loss: 0.7265, Accuracy: 47.62%, AUC: 0.47 [VAL] Loss: 0.7256, Accuracy: 48.00%, Precision: 0.48, Recall: 0.96, F1: 0.64, AUC: 0.50
Epoch [59/100] [TRAIN] Loss: 0.7263, Accuracy: 47.88%, AUC: 0.48 [VAL] Loss: 0.7256, Accuracy: 48.00%, Precision: 0.48, Recall: 0.96, F1: 0.64, AUC: 0.50
Epoch [60/100] [TRAIN] Loss: 0.7255, Accuracy: 51.25%, AUC: 0.51 [VAL] Loss: 0.7256, Accuracy: 48.00%, Precision: 0.48, Recall: 0.96, F1: 0.64, AUC: 0.50
Epoch [61/100] [TRAIN] Loss: 0.7257, Accuracy: 50.75%, AUC: 0.51 [VAL] Loss: 0.7256, Accuracy: 48.00%, Precision: 0.48, Recall: 0.96, F1: 0.64, AUC: 0.50
Epoch [62/100] [TRAIN] Loss: 0.7260, Accuracy: 49.12%, AUC: 0.49 [VAL] Loss: 0.7256, Accuracy: 48.00%, Precision: 0.48, Recall: 0.96, F1: 0.64, AUC: 0.50
Epoch [63/100] [TRAIN] Loss: 0.7261, Accuracy: 48.62%, AUC: 0.49 [VAL] Loss: 0.7256, Accuracy: 48.00%, Precision: 0.48, Recall: 0.96, F1: 0.64, AUC: 0.50
Epoch [64/100] [TRAIN] Loss: 0.7253, Accuracy: 50.75%, AUC: 0.51 [VAL] Loss: 0.7256, Accuracy: 48.00%, Precision: 0.48, Recall: 0.96, F1: 0.64, AUC: 0.50
Epoch [65/100] [TRAIN] Loss: 0.7254, Accuracy: 49.50%, AUC: 0.49 [VAL] Loss: 0.7255, Accuracy: 48.00%, Precision: 0.48, Recall: 0.96, F1: 0.64, AUC: 0.50
Epoch [66/100] [TRAIN] Loss: 0.7261, Accuracy: 52.88%, AUC: 0.53 [VAL] Loss: 0.7255, Accuracy: 48.00%, Precision: 0.48, Recall: 0.96, F1: 0.64, AUC: 0.50
Epoch [67/100] [TRAIN] Loss: 0.7260, Accuracy: 49.62%, AUC: 0.50 [VAL] Loss: 0.7255, Accuracy: 48.00%, Precision: 0.48, Recall: 0.96, F1: 0.64, AUC: 0.50
Epoch [68/100] [TRAIN] Loss: 0.7243, Accuracy: 51.00%, AUC: 0.51 [VAL] Loss: 0.7255, Accuracy: 48.00%, Precision: 0.48, Recall: 0.96, F1: 0.64, AUC: 0.50
Epoch [69/100] [TRAIN] Loss: 0.7259, Accuracy: 52.12%, AUC: 0.52 [VAL] Loss: 0.7255, Accuracy: 48.00%, Precision: 0.48, Recall: 0.96, F1: 0.64, AUC: 0.50
Epoch [70/100] [TRAIN] Loss: 0.7250, Accuracy: 52.38%, AUC: 0.52 [VAL] Loss: 0.7255, Accuracy: 48.00%, Precision: 0.48, Recall: 0.96, F1: 0.64, AUC: 0.50
Epoch [71/100] [TRAIN] Loss: 0.7259, Accuracy: 50.50%, AUC: 0.50 [VAL] Loss: 0.7255, Accuracy: 48.00%, Precision: 0.48, Recall: 0.96, F1: 0.64, AUC: 0.50
Epoch [72/100] [TRAIN] Loss: 0.7271, Accuracy: 50.00%, AUC: 0.50 [VAL] Loss: 0.7255, Accuracy: 48.00%, Precision: 0.48, Recall: 0.96, F1: 0.64, AUC: 0.50
Epoch [73/100] [TRAIN] Loss: 0.7261, Accuracy: 52.50%, AUC: 0.52 [VAL] Loss: 0.7254, Accuracy: 48.00%, Precision: 0.48, Recall: 0.96, F1: 0.64, AUC: 0.50
Epoch [74/100] [TRAIN] Loss: 0.7264, Accuracy: 48.50%, AUC: 0.48 [VAL] Loss: 0.7254, Accuracy: 48.00%, Precision: 0.48, Recall: 0.96, F1: 0.64, AUC: 0.50
Epoch [75/100] [TRAIN] Loss: 0.7258, Accuracy: 49.75%, AUC: 0.50 [VAL] Loss: 0.7254, Accuracy: 48.00%, Precision: 0.48, Recall: 0.96, F1: 0.64, AUC: 0.50
Epoch [76/100] [TRAIN] Loss: 0.7251, Accuracy: 51.00%, AUC: 0.51 [VAL] Loss: 0.7254, Accuracy: 48.00%, Precision: 0.48, Recall: 0.96, F1: 0.64, AUC: 0.50
Epoch [77/100] [TRAIN] Loss: 0.7266, Accuracy: 47.25%, AUC: 0.47 [VAL] Loss: 0.7254, Accuracy: 48.00%, Precision: 0.48, Recall: 0.96, F1: 0.64, AUC: 0.50
Epoch [78/100] [TRAIN] Loss: 0.7261, Accuracy: 47.62%, AUC: 0.48 [VAL] Loss: 0.7254, Accuracy: 48.00%, Precision: 0.48, Recall: 0.96, F1: 0.64, AUC: 0.50
Epoch [79/100] [TRAIN] Loss: 0.7257, Accuracy: 50.88%, AUC: 0.51 [VAL] Loss: 0.7254, Accuracy: 48.00%, Precision: 0.48, Recall: 0.96, F1: 0.64, AUC: 0.50
Epoch [80/100] [TRAIN] Loss: 0.7257, Accuracy: 50.25%, AUC: 0.50 [VAL] Loss: 0.7254, Accuracy: 48.00%, Precision: 0.48, Recall: 0.96, F1: 0.64, AUC: 0.50
Epoch [81/100] [TRAIN] Loss: 0.7250, Accuracy: 51.75%, AUC: 0.52 [VAL] Loss: 0.7253, Accuracy: 48.00%, Precision: 0.48, Recall: 0.96, F1: 0.64, AUC: 0.50
Epoch [82/100] [TRAIN] Loss: 0.7252, Accuracy: 51.50%, AUC: 0.52 [VAL] Loss: 0.7253, Accuracy: 48.00%, Precision: 0.48, Recall: 0.96, F1: 0.64, AUC: 0.50
Epoch [83/100] [TRAIN] Loss: 0.7249, Accuracy: 53.25%, AUC: 0.53 [VAL] Loss: 0.7253, Accuracy: 48.00%, Precision: 0.48, Recall: 0.96, F1: 0.64, AUC: 0.50
Epoch [84/100] [TRAIN] Loss: 0.7266, Accuracy: 48.62%, AUC: 0.49 [VAL] Loss: 0.7253, Accuracy: 48.00%, Precision: 0.48, Recall: 0.96, F1: 0.64, AUC: 0.50
Epoch [85/100] [TRAIN] Loss: 0.7255, Accuracy: 47.62%, AUC: 0.47 [VAL] Loss: 0.7253, Accuracy: 48.00%, Precision: 0.48, Recall: 0.96, F1: 0.64, AUC: 0.50
Epoch [86/100] [TRAIN] Loss: 0.7265, Accuracy: 47.25%, AUC: 0.47 [VAL] Loss: 0.7253, Accuracy: 48.00%, Precision: 0.48, Recall: 0.96, F1: 0.64, AUC: 0.50
Epoch [87/100] [TRAIN] Loss: 0.7252, Accuracy: 49.25%, AUC: 0.49 [VAL] Loss: 0.7253, Accuracy: 48.00%, Precision: 0.48, Recall: 0.96, F1: 0.64, AUC: 0.50
Epoch [88/100] [TRAIN] Loss: 0.7278, Accuracy: 46.50%, AUC: 0.47 [VAL] Loss: 0.7253, Accuracy: 48.00%, Precision: 0.48, Recall: 0.96, F1: 0.64, AUC: 0.50
Epoch [89/100] [TRAIN] Loss: 0.7254, Accuracy: 53.00%, AUC: 0.53 [VAL] Loss: 0.7253, Accuracy: 48.00%, Precision: 0.48, Recall: 0.96, F1: 0.64, AUC: 0.50
Epoch [90/100] [TRAIN] Loss: 0.7251, Accuracy: 49.62%, AUC: 0.50 [VAL] Loss: 0.7253, Accuracy: 48.00%, Precision: 0.48, Recall: 0.96, F1: 0.64, AUC: 0.50
Epoch [91/100] [TRAIN] Loss: 0.7250, Accuracy: 51.25%, AUC: 0.51 [VAL] Loss: 0.7253, Accuracy: 48.00%, Precision: 0.48, Recall: 0.96, F1: 0.64, AUC: 0.50
Epoch [92/100] [TRAIN] Loss: 0.7272, Accuracy: 47.75%, AUC: 0.48 [VAL] Loss: 0.7253, Accuracy: 48.00%, Precision: 0.48, Recall: 0.96, F1: 0.64, AUC: 0.50
Epoch [93/100] [TRAIN] Loss: 0.7263, Accuracy: 49.12%, AUC: 0.49 [VAL] Loss: 0.7253, Accuracy: 48.00%, Precision: 0.48, Recall: 0.96, F1: 0.64, AUC: 0.50
Epoch [94/100] [TRAIN] Loss: 0.7266, Accuracy: 48.25%, AUC: 0.48 [VAL] Loss: 0.7253, Accuracy: 48.00%, Precision: 0.48, Recall: 0.96, F1: 0.64, AUC: 0.50
Epoch [95/100] [TRAIN] Loss: 0.7271, Accuracy: 47.75%, AUC: 0.48 [VAL] Loss: 0.7253, Accuracy: 48.00%, Precision: 0.48, Recall: 0.96, F1: 0.64, AUC: 0.50
Epoch [96/100] [TRAIN] Loss: 0.7254, Accuracy: 49.12%, AUC: 0.49 [VAL] Loss: 0.7253, Accuracy: 48.00%, Precision: 0.48, Recall: 0.96, F1: 0.64, AUC: 0.50
Epoch [97/100] [TRAIN] Loss: 0.7254, Accuracy: 50.12%, AUC: 0.50 [VAL] Loss: 0.7253, Accuracy: 48.00%, Precision: 0.48, Recall: 0.96, F1: 0.64, AUC: 0.50
Epoch [98/100] [TRAIN] Loss: 0.7253, Accuracy: 50.88%, AUC: 0.51 [VAL] Loss: 0.7253, Accuracy: 48.00%, Precision: 0.48, Recall: 0.96, F1: 0.64, AUC: 0.50
Epoch [99/100] [TRAIN] Loss: 0.7258, Accuracy: 49.75%, AUC: 0.50 [VAL] Loss: 0.7253, Accuracy: 48.00%, Precision: 0.48, Recall: 0.96, F1: 0.64, AUC: 0.50
Epoch [100/100] [TRAIN] Loss: 0.7251, Accuracy: 50.62%, AUC: 0.51 [VAL] Loss: 0.7253, Accuracy: 48.00%, Precision: 0.48, Recall: 0.96, F1: 0.64, AUC: 0.50
Seed: 1011
Accuracy:  45.00 %
AUC:       0.5175
Precision: 0.4388
Recall:    1.0000
F1-Score:  0.6099

Detailed Classification Report:
              precision    recall  f1-score   support

           0       1.00      0.04      0.07        57
           1       0.44      1.00      0.61        43

    accuracy                           0.45       100
   macro avg       0.72      0.52      0.34       100
weighted avg       0.76      0.45      0.30       100


Confusion Matrix:
[[ 2 55]
 [ 0 43]]


003-H3K27ac
Train label distribution:
  Label 0:    422 (52.8%)
  Label 1:    378 (47.2%)
Val label distribution:
  Label 0:     52 (52.0%)
  Label 1:     48 (48.0%)
Test label distribution:
  Label 0:     57 (57.0%)
  Label 1:     43 (43.0%)
Epoch [1/100] [TRAIN] Loss: 0.8820, Accuracy: 40.62%, AUC: 0.41 [VAL] Loss: 0.7432, Accuracy: 51.00%, Precision: 0.49, Recall: 0.58, F1: 0.53, AUC: 0.51
Epoch [2/100] [TRAIN] Loss: 0.7528, Accuracy: 53.75%, AUC: 0.54 [VAL] Loss: 0.6676, Accuracy: 65.00%, Precision: 0.61, Recall: 0.77, F1: 0.68, AUC: 0.65
Epoch [3/100] [TRAIN] Loss: 0.7001, Accuracy: 62.62%, AUC: 0.62 [VAL] Loss: 0.6353, Accuracy: 73.00%, Precision: 0.70, Recall: 0.77, F1: 0.73, AUC: 0.73
Epoch [4/100] [TRAIN] Loss: 0.6774, Accuracy: 64.50%, AUC: 0.65 [VAL] Loss: 0.6192, Accuracy: 73.00%, Precision: 0.70, Recall: 0.77, F1: 0.73, AUC: 0.73
Epoch [5/100] [TRAIN] Loss: 0.6459, Accuracy: 70.62%, AUC: 0.71 [VAL] Loss: 0.6105, Accuracy: 73.00%, Precision: 0.70, Recall: 0.77, F1: 0.73, AUC: 0.73
Epoch [6/100] [TRAIN] Loss: 0.6454, Accuracy: 70.12%, AUC: 0.70 [VAL] Loss: 0.6056, Accuracy: 73.00%, Precision: 0.70, Recall: 0.77, F1: 0.73, AUC: 0.73
Epoch [7/100] [TRAIN] Loss: 0.6368, Accuracy: 71.50%, AUC: 0.72 [VAL] Loss: 0.6014, Accuracy: 74.00%, Precision: 0.70, Recall: 0.79, F1: 0.75, AUC: 0.74
Epoch [8/100] [TRAIN] Loss: 0.6308, Accuracy: 71.50%, AUC: 0.71 [VAL] Loss: 0.5989, Accuracy: 75.00%, Precision: 0.71, Recall: 0.81, F1: 0.76, AUC: 0.75
Epoch [9/100] [TRAIN] Loss: 0.6227, Accuracy: 73.38%, AUC: 0.73 [VAL] Loss: 0.5972, Accuracy: 75.00%, Precision: 0.71, Recall: 0.81, F1: 0.76, AUC: 0.75
Epoch [10/100] [TRAIN] Loss: 0.6130, Accuracy: 70.88%, AUC: 0.71 [VAL] Loss: 0.5963, Accuracy: 75.00%, Precision: 0.71, Recall: 0.81, F1: 0.76, AUC: 0.75
Epoch [11/100] [TRAIN] Loss: 0.6303, Accuracy: 70.88%, AUC: 0.71 [VAL] Loss: 0.5956, Accuracy: 74.00%, Precision: 0.70, Recall: 0.81, F1: 0.75, AUC: 0.74
Epoch [12/100] [TRAIN] Loss: 0.6146, Accuracy: 72.25%, AUC: 0.72 [VAL] Loss: 0.5953, Accuracy: 74.00%, Precision: 0.70, Recall: 0.81, F1: 0.75, AUC: 0.74
Epoch [13/100] [TRAIN] Loss: 0.6111, Accuracy: 72.62%, AUC: 0.73 [VAL] Loss: 0.5951, Accuracy: 74.00%, Precision: 0.70, Recall: 0.81, F1: 0.75, AUC: 0.74
Epoch [14/100] [TRAIN] Loss: 0.6015, Accuracy: 73.00%, AUC: 0.73 [VAL] Loss: 0.5951, Accuracy: 74.00%, Precision: 0.70, Recall: 0.81, F1: 0.75, AUC: 0.74
Epoch [15/100] [TRAIN] Loss: 0.6170, Accuracy: 73.62%, AUC: 0.74 [VAL] Loss: 0.5952, Accuracy: 74.00%, Precision: 0.70, Recall: 0.81, F1: 0.75, AUC: 0.74
Epoch [16/100] [TRAIN] Loss: 0.5996, Accuracy: 74.25%, AUC: 0.74 [VAL] Loss: 0.5952, Accuracy: 74.00%, Precision: 0.70, Recall: 0.81, F1: 0.75, AUC: 0.74
Epoch [17/100] [TRAIN] Loss: 0.6094, Accuracy: 74.50%, AUC: 0.75 [VAL] Loss: 0.5955, Accuracy: 74.00%, Precision: 0.70, Recall: 0.81, F1: 0.75, AUC: 0.74
Epoch [18/100] [TRAIN] Loss: 0.6015, Accuracy: 75.00%, AUC: 0.75 [VAL] Loss: 0.5957, Accuracy: 74.00%, Precision: 0.70, Recall: 0.81, F1: 0.75, AUC: 0.74
Epoch [19/100] [TRAIN] Loss: 0.6159, Accuracy: 70.75%, AUC: 0.71 [VAL] Loss: 0.5960, Accuracy: 74.00%, Precision: 0.70, Recall: 0.81, F1: 0.75, AUC: 0.74
Epoch [20/100] [TRAIN] Loss: 0.6249, Accuracy: 74.00%, AUC: 0.74 [VAL] Loss: 0.5960, Accuracy: 74.00%, Precision: 0.70, Recall: 0.81, F1: 0.75, AUC: 0.74
Epoch [21/100] [TRAIN] Loss: 0.6106, Accuracy: 74.25%, AUC: 0.74 [VAL] Loss: 0.5960, Accuracy: 74.00%, Precision: 0.70, Recall: 0.81, F1: 0.75, AUC: 0.74
Epoch [22/100] [TRAIN] Loss: 0.6156, Accuracy: 73.38%, AUC: 0.73 [VAL] Loss: 0.5960, Accuracy: 74.00%, Precision: 0.70, Recall: 0.81, F1: 0.75, AUC: 0.74
Epoch [23/100] [TRAIN] Loss: 0.6028, Accuracy: 72.88%, AUC: 0.73 [VAL] Loss: 0.5961, Accuracy: 74.00%, Precision: 0.70, Recall: 0.81, F1: 0.75, AUC: 0.74
Epoch [24/100] [TRAIN] Loss: 0.6125, Accuracy: 73.25%, AUC: 0.73 [VAL] Loss: 0.5961, Accuracy: 74.00%, Precision: 0.70, Recall: 0.81, F1: 0.75, AUC: 0.74
  Early stopping at epoch 24 (no val_loss improvement for 10 epochs)
Seed: 1011
Accuracy:  68.00 %
AUC:       0.6850
Precision: 0.6078
Recall:    0.7209
F1-Score:  0.6596

Detailed Classification Report:
              precision    recall  f1-score   support

           0       0.76      0.65      0.70        57
           1       0.61      0.72      0.66        43

    accuracy                           0.68       100
   macro avg       0.68      0.69      0.68       100
weighted avg       0.69      0.68      0.68       100


Confusion Matrix:
[[37 20]
 [12 31]]


004-H3K27me3
Train label distribution:
  Label 0:    422 (52.8%)
  Label 1:    378 (47.2%)
Val label distribution:
  Label 0:     52 (52.0%)
  Label 1:     48 (48.0%)
Test label distribution:
  Label 0:     57 (57.0%)
  Label 1:     43 (43.0%)
Epoch [1/100] [TRAIN] Loss: 0.7325, Accuracy: 51.12%, AUC: 0.51 [VAL] Loss: 0.7371, Accuracy: 45.00%, Precision: 0.46, Recall: 0.90, F1: 0.61, AUC: 0.47
Epoch [2/100] [TRAIN] Loss: 0.7356, Accuracy: 49.50%, AUC: 0.49 [VAL] Loss: 0.7362, Accuracy: 45.00%, Precision: 0.46, Recall: 0.90, F1: 0.61, AUC: 0.47
Epoch [3/100] [TRAIN] Loss: 0.7281, Accuracy: 51.88%, AUC: 0.52 [VAL] Loss: 0.7353, Accuracy: 45.00%, Precision: 0.46, Recall: 0.90, F1: 0.61, AUC: 0.47
Epoch [4/100] [TRAIN] Loss: 0.7326, Accuracy: 51.00%, AUC: 0.51 [VAL] Loss: 0.7344, Accuracy: 47.00%, Precision: 0.47, Recall: 0.92, F1: 0.62, AUC: 0.49
Epoch [5/100] [TRAIN] Loss: 0.7326, Accuracy: 50.12%, AUC: 0.50 [VAL] Loss: 0.7335, Accuracy: 47.00%, Precision: 0.47, Recall: 0.92, F1: 0.62, AUC: 0.49
Epoch [6/100] [TRAIN] Loss: 0.7325, Accuracy: 49.25%, AUC: 0.49 [VAL] Loss: 0.7326, Accuracy: 47.00%, Precision: 0.47, Recall: 0.92, F1: 0.62, AUC: 0.49
Epoch [7/100] [TRAIN] Loss: 0.7317, Accuracy: 49.00%, AUC: 0.49 [VAL] Loss: 0.7318, Accuracy: 48.00%, Precision: 0.48, Recall: 0.94, F1: 0.63, AUC: 0.50
Epoch [8/100] [TRAIN] Loss: 0.7280, Accuracy: 51.62%, AUC: 0.52 [VAL] Loss: 0.7310, Accuracy: 48.00%, Precision: 0.48, Recall: 0.94, F1: 0.63, AUC: 0.50
Epoch [9/100] [TRAIN] Loss: 0.7277, Accuracy: 50.62%, AUC: 0.51 [VAL] Loss: 0.7302, Accuracy: 49.00%, Precision: 0.48, Recall: 0.94, F1: 0.64, AUC: 0.51
Epoch [10/100] [TRAIN] Loss: 0.7249, Accuracy: 52.38%, AUC: 0.52 [VAL] Loss: 0.7295, Accuracy: 49.00%, Precision: 0.48, Recall: 0.94, F1: 0.64, AUC: 0.51
Epoch [11/100] [TRAIN] Loss: 0.7293, Accuracy: 50.38%, AUC: 0.51 [VAL] Loss: 0.7287, Accuracy: 49.00%, Precision: 0.48, Recall: 0.94, F1: 0.64, AUC: 0.51
Epoch [12/100] [TRAIN] Loss: 0.7267, Accuracy: 50.62%, AUC: 0.50 [VAL] Loss: 0.7281, Accuracy: 50.00%, Precision: 0.49, Recall: 0.96, F1: 0.65, AUC: 0.52
Epoch [13/100] [TRAIN] Loss: 0.7284, Accuracy: 52.75%, AUC: 0.53 [VAL] Loss: 0.7273, Accuracy: 50.00%, Precision: 0.49, Recall: 0.96, F1: 0.65, AUC: 0.52
Epoch [14/100] [TRAIN] Loss: 0.7238, Accuracy: 51.62%, AUC: 0.52 [VAL] Loss: 0.7267, Accuracy: 49.00%, Precision: 0.48, Recall: 0.94, F1: 0.64, AUC: 0.51
Epoch [15/100] [TRAIN] Loss: 0.7267, Accuracy: 52.38%, AUC: 0.53 [VAL] Loss: 0.7260, Accuracy: 49.00%, Precision: 0.48, Recall: 0.94, F1: 0.64, AUC: 0.51
Epoch [16/100] [TRAIN] Loss: 0.7248, Accuracy: 51.62%, AUC: 0.52 [VAL] Loss: 0.7254, Accuracy: 50.00%, Precision: 0.49, Recall: 0.96, F1: 0.65, AUC: 0.52
Epoch [17/100] [TRAIN] Loss: 0.7239, Accuracy: 51.88%, AUC: 0.52 [VAL] Loss: 0.7247, Accuracy: 51.00%, Precision: 0.49, Recall: 0.96, F1: 0.65, AUC: 0.53
Epoch [18/100] [TRAIN] Loss: 0.7267, Accuracy: 51.12%, AUC: 0.51 [VAL] Loss: 0.7240, Accuracy: 51.00%, Precision: 0.49, Recall: 0.96, F1: 0.65, AUC: 0.53
Epoch [19/100] [TRAIN] Loss: 0.7214, Accuracy: 52.88%, AUC: 0.53 [VAL] Loss: 0.7233, Accuracy: 51.00%, Precision: 0.49, Recall: 0.96, F1: 0.65, AUC: 0.53
Epoch [20/100] [TRAIN] Loss: 0.7232, Accuracy: 50.88%, AUC: 0.51 [VAL] Loss: 0.7227, Accuracy: 51.00%, Precision: 0.49, Recall: 0.96, F1: 0.65, AUC: 0.53
Epoch [21/100] [TRAIN] Loss: 0.7240, Accuracy: 51.12%, AUC: 0.51 [VAL] Loss: 0.7220, Accuracy: 52.00%, Precision: 0.50, Recall: 0.96, F1: 0.66, AUC: 0.54
Epoch [22/100] [TRAIN] Loss: 0.7258, Accuracy: 49.62%, AUC: 0.50 [VAL] Loss: 0.7215, Accuracy: 52.00%, Precision: 0.50, Recall: 0.96, F1: 0.66, AUC: 0.54
Epoch [23/100] [TRAIN] Loss: 0.7243, Accuracy: 52.38%, AUC: 0.52 [VAL] Loss: 0.7209, Accuracy: 52.00%, Precision: 0.50, Recall: 0.96, F1: 0.66, AUC: 0.54
Epoch [24/100] [TRAIN] Loss: 0.7220, Accuracy: 48.38%, AUC: 0.48 [VAL] Loss: 0.7203, Accuracy: 51.00%, Precision: 0.49, Recall: 0.94, F1: 0.65, AUC: 0.53
Epoch [25/100] [TRAIN] Loss: 0.7247, Accuracy: 52.38%, AUC: 0.52 [VAL] Loss: 0.7198, Accuracy: 52.00%, Precision: 0.50, Recall: 0.94, F1: 0.65, AUC: 0.54
Epoch [26/100] [TRAIN] Loss: 0.7227, Accuracy: 50.25%, AUC: 0.50 [VAL] Loss: 0.7193, Accuracy: 52.00%, Precision: 0.50, Recall: 0.94, F1: 0.65, AUC: 0.54
Epoch [27/100] [TRAIN] Loss: 0.7224, Accuracy: 50.62%, AUC: 0.51 [VAL] Loss: 0.7188, Accuracy: 52.00%, Precision: 0.50, Recall: 0.94, F1: 0.65, AUC: 0.54
Epoch [28/100] [TRAIN] Loss: 0.7193, Accuracy: 54.62%, AUC: 0.55 [VAL] Loss: 0.7183, Accuracy: 52.00%, Precision: 0.50, Recall: 0.94, F1: 0.65, AUC: 0.54
Epoch [29/100] [TRAIN] Loss: 0.7206, Accuracy: 50.25%, AUC: 0.50 [VAL] Loss: 0.7179, Accuracy: 52.00%, Precision: 0.50, Recall: 0.94, F1: 0.65, AUC: 0.54
Epoch [30/100] [TRAIN] Loss: 0.7191, Accuracy: 53.25%, AUC: 0.53 [VAL] Loss: 0.7174, Accuracy: 52.00%, Precision: 0.50, Recall: 0.94, F1: 0.65, AUC: 0.54
Epoch [31/100] [TRAIN] Loss: 0.7228, Accuracy: 48.62%, AUC: 0.49 [VAL] Loss: 0.7170, Accuracy: 52.00%, Precision: 0.50, Recall: 0.94, F1: 0.65, AUC: 0.54
Epoch [32/100] [TRAIN] Loss: 0.7196, Accuracy: 50.50%, AUC: 0.50 [VAL] Loss: 0.7165, Accuracy: 52.00%, Precision: 0.50, Recall: 0.94, F1: 0.65, AUC: 0.54
Epoch [33/100] [TRAIN] Loss: 0.7177, Accuracy: 55.38%, AUC: 0.55 [VAL] Loss: 0.7161, Accuracy: 52.00%, Precision: 0.50, Recall: 0.94, F1: 0.65, AUC: 0.54
Epoch [34/100] [TRAIN] Loss: 0.7214, Accuracy: 53.50%, AUC: 0.54 [VAL] Loss: 0.7156, Accuracy: 53.00%, Precision: 0.51, Recall: 0.96, F1: 0.66, AUC: 0.55
Epoch [35/100] [TRAIN] Loss: 0.7184, Accuracy: 49.50%, AUC: 0.49 [VAL] Loss: 0.7152, Accuracy: 53.00%, Precision: 0.51, Recall: 0.96, F1: 0.66, AUC: 0.55
Epoch [36/100] [TRAIN] Loss: 0.7184, Accuracy: 51.00%, AUC: 0.51 [VAL] Loss: 0.7148, Accuracy: 53.00%, Precision: 0.51, Recall: 0.96, F1: 0.66, AUC: 0.55
Epoch [37/100] [TRAIN] Loss: 0.7144, Accuracy: 55.12%, AUC: 0.55 [VAL] Loss: 0.7144, Accuracy: 53.00%, Precision: 0.51, Recall: 0.96, F1: 0.66, AUC: 0.55
Epoch [38/100] [TRAIN] Loss: 0.7174, Accuracy: 53.25%, AUC: 0.53 [VAL] Loss: 0.7140, Accuracy: 54.00%, Precision: 0.51, Recall: 0.96, F1: 0.67, AUC: 0.56
Epoch [39/100] [TRAIN] Loss: 0.7184, Accuracy: 52.88%, AUC: 0.53 [VAL] Loss: 0.7135, Accuracy: 54.00%, Precision: 0.51, Recall: 0.96, F1: 0.67, AUC: 0.56
Epoch [40/100] [TRAIN] Loss: 0.7160, Accuracy: 54.25%, AUC: 0.54 [VAL] Loss: 0.7131, Accuracy: 54.00%, Precision: 0.51, Recall: 0.96, F1: 0.67, AUC: 0.56
Epoch [41/100] [TRAIN] Loss: 0.7173, Accuracy: 51.88%, AUC: 0.52 [VAL] Loss: 0.7126, Accuracy: 54.00%, Precision: 0.51, Recall: 0.96, F1: 0.67, AUC: 0.56
Epoch [42/100] [TRAIN] Loss: 0.7154, Accuracy: 53.00%, AUC: 0.53 [VAL] Loss: 0.7122, Accuracy: 54.00%, Precision: 0.51, Recall: 0.96, F1: 0.67, AUC: 0.56
Epoch [43/100] [TRAIN] Loss: 0.7125, Accuracy: 57.00%, AUC: 0.57 [VAL] Loss: 0.7118, Accuracy: 54.00%, Precision: 0.51, Recall: 0.96, F1: 0.67, AUC: 0.56
Epoch [44/100] [TRAIN] Loss: 0.7192, Accuracy: 53.50%, AUC: 0.53 [VAL] Loss: 0.7113, Accuracy: 54.00%, Precision: 0.51, Recall: 0.96, F1: 0.67, AUC: 0.56
Epoch [45/100] [TRAIN] Loss: 0.7174, Accuracy: 52.38%, AUC: 0.52 [VAL] Loss: 0.7110, Accuracy: 54.00%, Precision: 0.51, Recall: 0.96, F1: 0.67, AUC: 0.56
Epoch [46/100] [TRAIN] Loss: 0.7196, Accuracy: 50.00%, AUC: 0.50 [VAL] Loss: 0.7106, Accuracy: 54.00%, Precision: 0.51, Recall: 0.96, F1: 0.67, AUC: 0.56
Epoch [47/100] [TRAIN] Loss: 0.7143, Accuracy: 54.50%, AUC: 0.54 [VAL] Loss: 0.7103, Accuracy: 54.00%, Precision: 0.51, Recall: 0.96, F1: 0.67, AUC: 0.56
Epoch [48/100] [TRAIN] Loss: 0.7176, Accuracy: 50.38%, AUC: 0.50 [VAL] Loss: 0.7099, Accuracy: 54.00%, Precision: 0.51, Recall: 0.96, F1: 0.67, AUC: 0.56
Epoch [49/100] [TRAIN] Loss: 0.7196, Accuracy: 52.88%, AUC: 0.53 [VAL] Loss: 0.7095, Accuracy: 54.00%, Precision: 0.51, Recall: 0.96, F1: 0.67, AUC: 0.56
Epoch [50/100] [TRAIN] Loss: 0.7169, Accuracy: 53.88%, AUC: 0.54 [VAL] Loss: 0.7091, Accuracy: 54.00%, Precision: 0.51, Recall: 0.96, F1: 0.67, AUC: 0.56
Epoch [51/100] [TRAIN] Loss: 0.7173, Accuracy: 53.00%, AUC: 0.53 [VAL] Loss: 0.7088, Accuracy: 54.00%, Precision: 0.51, Recall: 0.96, F1: 0.67, AUC: 0.56
Epoch [52/100] [TRAIN] Loss: 0.7166, Accuracy: 48.88%, AUC: 0.49 [VAL] Loss: 0.7085, Accuracy: 54.00%, Precision: 0.51, Recall: 0.96, F1: 0.67, AUC: 0.56
Epoch [53/100] [TRAIN] Loss: 0.7147, Accuracy: 52.00%, AUC: 0.52 [VAL] Loss: 0.7081, Accuracy: 54.00%, Precision: 0.51, Recall: 0.96, F1: 0.67, AUC: 0.56
Epoch [54/100] [TRAIN] Loss: 0.7140, Accuracy: 55.62%, AUC: 0.56 [VAL] Loss: 0.7079, Accuracy: 54.00%, Precision: 0.51, Recall: 0.96, F1: 0.67, AUC: 0.56
Epoch [55/100] [TRAIN] Loss: 0.7148, Accuracy: 51.75%, AUC: 0.52 [VAL] Loss: 0.7075, Accuracy: 54.00%, Precision: 0.51, Recall: 0.96, F1: 0.67, AUC: 0.56
Epoch [56/100] [TRAIN] Loss: 0.7133, Accuracy: 53.88%, AUC: 0.54 [VAL] Loss: 0.7073, Accuracy: 54.00%, Precision: 0.51, Recall: 0.96, F1: 0.67, AUC: 0.56
Epoch [57/100] [TRAIN] Loss: 0.7151, Accuracy: 53.25%, AUC: 0.53 [VAL] Loss: 0.7070, Accuracy: 54.00%, Precision: 0.51, Recall: 0.96, F1: 0.67, AUC: 0.56
Epoch [58/100] [TRAIN] Loss: 0.7137, Accuracy: 51.50%, AUC: 0.51 [VAL] Loss: 0.7066, Accuracy: 54.00%, Precision: 0.51, Recall: 0.96, F1: 0.67, AUC: 0.56
Epoch [59/100] [TRAIN] Loss: 0.7114, Accuracy: 52.00%, AUC: 0.52 [VAL] Loss: 0.7063, Accuracy: 54.00%, Precision: 0.51, Recall: 0.96, F1: 0.67, AUC: 0.56
Epoch [60/100] [TRAIN] Loss: 0.7105, Accuracy: 54.25%, AUC: 0.54 [VAL] Loss: 0.7061, Accuracy: 54.00%, Precision: 0.51, Recall: 0.96, F1: 0.67, AUC: 0.56
Epoch [61/100] [TRAIN] Loss: 0.7149, Accuracy: 53.25%, AUC: 0.53 [VAL] Loss: 0.7058, Accuracy: 54.00%, Precision: 0.51, Recall: 0.96, F1: 0.67, AUC: 0.56
Epoch [62/100] [TRAIN] Loss: 0.7136, Accuracy: 53.50%, AUC: 0.53 [VAL] Loss: 0.7055, Accuracy: 54.00%, Precision: 0.51, Recall: 0.96, F1: 0.67, AUC: 0.56
Epoch [63/100] [TRAIN] Loss: 0.7121, Accuracy: 55.50%, AUC: 0.55 [VAL] Loss: 0.7052, Accuracy: 54.00%, Precision: 0.51, Recall: 0.96, F1: 0.67, AUC: 0.56
Epoch [64/100] [TRAIN] Loss: 0.7171, Accuracy: 53.88%, AUC: 0.54 [VAL] Loss: 0.7049, Accuracy: 54.00%, Precision: 0.51, Recall: 0.96, F1: 0.67, AUC: 0.56
Epoch [65/100] [TRAIN] Loss: 0.7132, Accuracy: 55.00%, AUC: 0.55 [VAL] Loss: 0.7047, Accuracy: 54.00%, Precision: 0.51, Recall: 0.96, F1: 0.67, AUC: 0.56
Epoch [66/100] [TRAIN] Loss: 0.7158, Accuracy: 51.50%, AUC: 0.51 [VAL] Loss: 0.7045, Accuracy: 54.00%, Precision: 0.51, Recall: 0.96, F1: 0.67, AUC: 0.56
Epoch [67/100] [TRAIN] Loss: 0.7109, Accuracy: 53.38%, AUC: 0.53 [VAL] Loss: 0.7043, Accuracy: 54.00%, Precision: 0.51, Recall: 0.96, F1: 0.67, AUC: 0.56
Epoch [68/100] [TRAIN] Loss: 0.7106, Accuracy: 57.75%, AUC: 0.58 [VAL] Loss: 0.7040, Accuracy: 54.00%, Precision: 0.51, Recall: 0.96, F1: 0.67, AUC: 0.56
Epoch [69/100] [TRAIN] Loss: 0.7124, Accuracy: 53.12%, AUC: 0.53 [VAL] Loss: 0.7037, Accuracy: 55.00%, Precision: 0.52, Recall: 0.96, F1: 0.67, AUC: 0.57
Epoch [70/100] [TRAIN] Loss: 0.7174, Accuracy: 50.88%, AUC: 0.51 [VAL] Loss: 0.7035, Accuracy: 55.00%, Precision: 0.52, Recall: 0.96, F1: 0.67, AUC: 0.57
Epoch [71/100] [TRAIN] Loss: 0.7144, Accuracy: 49.38%, AUC: 0.49 [VAL] Loss: 0.7033, Accuracy: 55.00%, Precision: 0.52, Recall: 0.96, F1: 0.67, AUC: 0.57
Epoch [72/100] [TRAIN] Loss: 0.7123, Accuracy: 53.62%, AUC: 0.54 [VAL] Loss: 0.7030, Accuracy: 55.00%, Precision: 0.52, Recall: 0.96, F1: 0.67, AUC: 0.57
Epoch [73/100] [TRAIN] Loss: 0.7111, Accuracy: 53.88%, AUC: 0.54 [VAL] Loss: 0.7028, Accuracy: 55.00%, Precision: 0.52, Recall: 0.96, F1: 0.67, AUC: 0.57
Epoch [74/100] [TRAIN] Loss: 0.7121, Accuracy: 53.12%, AUC: 0.53 [VAL] Loss: 0.7025, Accuracy: 55.00%, Precision: 0.52, Recall: 0.96, F1: 0.67, AUC: 0.57
Epoch [75/100] [TRAIN] Loss: 0.7092, Accuracy: 52.50%, AUC: 0.52 [VAL] Loss: 0.7023, Accuracy: 55.00%, Precision: 0.52, Recall: 0.96, F1: 0.67, AUC: 0.57
Epoch [76/100] [TRAIN] Loss: 0.7070, Accuracy: 56.00%, AUC: 0.56 [VAL] Loss: 0.7020, Accuracy: 55.00%, Precision: 0.52, Recall: 0.96, F1: 0.67, AUC: 0.57
Epoch [77/100] [TRAIN] Loss: 0.7115, Accuracy: 52.62%, AUC: 0.53 [VAL] Loss: 0.7018, Accuracy: 55.00%, Precision: 0.52, Recall: 0.96, F1: 0.67, AUC: 0.57
Epoch [78/100] [TRAIN] Loss: 0.7111, Accuracy: 53.75%, AUC: 0.54 [VAL] Loss: 0.7016, Accuracy: 55.00%, Precision: 0.52, Recall: 0.96, F1: 0.67, AUC: 0.57
Epoch [79/100] [TRAIN] Loss: 0.7092, Accuracy: 54.25%, AUC: 0.54 [VAL] Loss: 0.7013, Accuracy: 55.00%, Precision: 0.52, Recall: 0.96, F1: 0.67, AUC: 0.57
Epoch [80/100] [TRAIN] Loss: 0.7133, Accuracy: 51.88%, AUC: 0.52 [VAL] Loss: 0.7011, Accuracy: 55.00%, Precision: 0.52, Recall: 0.96, F1: 0.67, AUC: 0.57
Epoch [81/100] [TRAIN] Loss: 0.7092, Accuracy: 52.12%, AUC: 0.52 [VAL] Loss: 0.7008, Accuracy: 55.00%, Precision: 0.52, Recall: 0.96, F1: 0.67, AUC: 0.57
Epoch [82/100] [TRAIN] Loss: 0.7128, Accuracy: 51.00%, AUC: 0.51 [VAL] Loss: 0.7006, Accuracy: 55.00%, Precision: 0.52, Recall: 0.96, F1: 0.67, AUC: 0.57
Epoch [83/100] [TRAIN] Loss: 0.7124, Accuracy: 50.88%, AUC: 0.51 [VAL] Loss: 0.7004, Accuracy: 55.00%, Precision: 0.52, Recall: 0.96, F1: 0.67, AUC: 0.57
Epoch [84/100] [TRAIN] Loss: 0.7105, Accuracy: 55.38%, AUC: 0.55 [VAL] Loss: 0.7001, Accuracy: 55.00%, Precision: 0.52, Recall: 0.96, F1: 0.67, AUC: 0.57
Epoch [85/100] [TRAIN] Loss: 0.7106, Accuracy: 51.62%, AUC: 0.52 [VAL] Loss: 0.6999, Accuracy: 55.00%, Precision: 0.52, Recall: 0.96, F1: 0.67, AUC: 0.57
Epoch [86/100] [TRAIN] Loss: 0.7108, Accuracy: 55.25%, AUC: 0.55 [VAL] Loss: 0.6998, Accuracy: 55.00%, Precision: 0.52, Recall: 0.96, F1: 0.67, AUC: 0.57
Epoch [87/100] [TRAIN] Loss: 0.7117, Accuracy: 53.50%, AUC: 0.53 [VAL] Loss: 0.6995, Accuracy: 55.00%, Precision: 0.52, Recall: 0.96, F1: 0.67, AUC: 0.57
Epoch [88/100] [TRAIN] Loss: 0.7070, Accuracy: 54.25%, AUC: 0.54 [VAL] Loss: 0.6994, Accuracy: 55.00%, Precision: 0.52, Recall: 0.96, F1: 0.67, AUC: 0.57
Epoch [89/100] [TRAIN] Loss: 0.7091, Accuracy: 51.88%, AUC: 0.52 [VAL] Loss: 0.6992, Accuracy: 55.00%, Precision: 0.52, Recall: 0.96, F1: 0.67, AUC: 0.57
Epoch [90/100] [TRAIN] Loss: 0.7080, Accuracy: 57.00%, AUC: 0.57 [VAL] Loss: 0.6990, Accuracy: 55.00%, Precision: 0.52, Recall: 0.96, F1: 0.67, AUC: 0.57
Epoch [91/100] [TRAIN] Loss: 0.7057, Accuracy: 54.12%, AUC: 0.54 [VAL] Loss: 0.6988, Accuracy: 55.00%, Precision: 0.52, Recall: 0.96, F1: 0.67, AUC: 0.57
Epoch [92/100] [TRAIN] Loss: 0.7107, Accuracy: 53.12%, AUC: 0.53 [VAL] Loss: 0.6987, Accuracy: 55.00%, Precision: 0.52, Recall: 0.96, F1: 0.67, AUC: 0.57
Epoch [93/100] [TRAIN] Loss: 0.7073, Accuracy: 55.00%, AUC: 0.55 [VAL] Loss: 0.6984, Accuracy: 55.00%, Precision: 0.52, Recall: 0.96, F1: 0.67, AUC: 0.57
Epoch [94/100] [TRAIN] Loss: 0.7107, Accuracy: 52.38%, AUC: 0.52 [VAL] Loss: 0.6982, Accuracy: 55.00%, Precision: 0.52, Recall: 0.96, F1: 0.67, AUC: 0.57
Epoch [95/100] [TRAIN] Loss: 0.7077, Accuracy: 56.00%, AUC: 0.56 [VAL] Loss: 0.6981, Accuracy: 55.00%, Precision: 0.52, Recall: 0.96, F1: 0.67, AUC: 0.57
Epoch [96/100] [TRAIN] Loss: 0.7118, Accuracy: 52.50%, AUC: 0.52 [VAL] Loss: 0.6979, Accuracy: 55.00%, Precision: 0.52, Recall: 0.96, F1: 0.67, AUC: 0.57
Epoch [97/100] [TRAIN] Loss: 0.7086, Accuracy: 54.12%, AUC: 0.54 [VAL] Loss: 0.6977, Accuracy: 55.00%, Precision: 0.52, Recall: 0.96, F1: 0.67, AUC: 0.57
Epoch [98/100] [TRAIN] Loss: 0.7129, Accuracy: 52.12%, AUC: 0.52 [VAL] Loss: 0.6975, Accuracy: 55.00%, Precision: 0.52, Recall: 0.96, F1: 0.67, AUC: 0.57
Epoch [99/100] [TRAIN] Loss: 0.7087, Accuracy: 56.12%, AUC: 0.56 [VAL] Loss: 0.6974, Accuracy: 55.00%, Precision: 0.52, Recall: 0.96, F1: 0.67, AUC: 0.57
Epoch [100/100] [TRAIN] Loss: 0.7092, Accuracy: 48.75%, AUC: 0.49 [VAL] Loss: 0.6973, Accuracy: 55.00%, Precision: 0.52, Recall: 0.96, F1: 0.67, AUC: 0.57
Seed: 1011
Accuracy:  54.00 %
AUC:       0.5851
Precision: 0.4815
Recall:    0.9070
F1-Score:  0.6290

Detailed Classification Report:
              precision    recall  f1-score   support

           0       0.79      0.26      0.39        57
           1       0.48      0.91      0.63        43

    accuracy                           0.54       100
   macro avg       0.64      0.59      0.51       100
weighted avg       0.66      0.54      0.50       100


Confusion Matrix:
[[15 42]
 [ 4 39]]


005-H3K4me3-H3K9ac
Train label distribution:
  Label 0:    422 (52.8%)
  Label 1:    378 (47.2%)
Val label distribution:
  Label 0:     52 (52.0%)
  Label 1:     48 (48.0%)
Test label distribution:
  Label 0:     57 (57.0%)
  Label 1:     43 (43.0%)
Epoch [1/100] [TRAIN] Loss: 0.7589, Accuracy: 45.75%, AUC: 0.46 [VAL] Loss: 0.7263, Accuracy: 41.00%, Precision: 0.40, Recall: 0.44, F1: 0.42, AUC: 0.41
Epoch [2/100] [TRAIN] Loss: 0.7317, Accuracy: 52.12%, AUC: 0.52 [VAL] Loss: 0.7052, Accuracy: 58.00%, Precision: 0.55, Recall: 0.67, F1: 0.60, AUC: 0.58
Epoch [3/100] [TRAIN] Loss: 0.7142, Accuracy: 52.62%, AUC: 0.53 [VAL] Loss: 0.6875, Accuracy: 69.00%, Precision: 0.65, Recall: 0.77, F1: 0.70, AUC: 0.69
Epoch [4/100] [TRAIN] Loss: 0.6926, Accuracy: 61.75%, AUC: 0.62 [VAL] Loss: 0.6735, Accuracy: 67.00%, Precision: 0.65, Recall: 0.69, F1: 0.67, AUC: 0.67
Epoch [5/100] [TRAIN] Loss: 0.6652, Accuracy: 64.88%, AUC: 0.65 [VAL] Loss: 0.6610, Accuracy: 71.00%, Precision: 0.68, Recall: 0.75, F1: 0.71, AUC: 0.71
Epoch [6/100] [TRAIN] Loss: 0.6594, Accuracy: 69.00%, AUC: 0.69 [VAL] Loss: 0.6513, Accuracy: 71.00%, Precision: 0.67, Recall: 0.77, F1: 0.72, AUC: 0.71
Epoch [7/100] [TRAIN] Loss: 0.6559, Accuracy: 69.00%, AUC: 0.69 [VAL] Loss: 0.6426, Accuracy: 71.00%, Precision: 0.67, Recall: 0.77, F1: 0.72, AUC: 0.71
Epoch [8/100] [TRAIN] Loss: 0.6392, Accuracy: 68.12%, AUC: 0.68 [VAL] Loss: 0.6357, Accuracy: 71.00%, Precision: 0.67, Recall: 0.77, F1: 0.72, AUC: 0.71
Epoch [9/100] [TRAIN] Loss: 0.6293, Accuracy: 69.25%, AUC: 0.69 [VAL] Loss: 0.6290, Accuracy: 71.00%, Precision: 0.67, Recall: 0.77, F1: 0.72, AUC: 0.71
Epoch [10/100] [TRAIN] Loss: 0.6292, Accuracy: 70.00%, AUC: 0.70 [VAL] Loss: 0.6239, Accuracy: 71.00%, Precision: 0.67, Recall: 0.77, F1: 0.72, AUC: 0.71
Epoch [11/100] [TRAIN] Loss: 0.6177, Accuracy: 69.75%, AUC: 0.70 [VAL] Loss: 0.6200, Accuracy: 70.00%, Precision: 0.66, Recall: 0.77, F1: 0.71, AUC: 0.70
Epoch [12/100] [TRAIN] Loss: 0.6257, Accuracy: 70.38%, AUC: 0.70 [VAL] Loss: 0.6162, Accuracy: 70.00%, Precision: 0.66, Recall: 0.77, F1: 0.71, AUC: 0.70
Epoch [13/100] [TRAIN] Loss: 0.6115, Accuracy: 70.50%, AUC: 0.71 [VAL] Loss: 0.6136, Accuracy: 71.00%, Precision: 0.67, Recall: 0.77, F1: 0.72, AUC: 0.71
Epoch [14/100] [TRAIN] Loss: 0.6162, Accuracy: 70.25%, AUC: 0.70 [VAL] Loss: 0.6110, Accuracy: 72.00%, Precision: 0.69, Recall: 0.77, F1: 0.73, AUC: 0.72
Epoch [15/100] [TRAIN] Loss: 0.6184, Accuracy: 72.25%, AUC: 0.72 [VAL] Loss: 0.6087, Accuracy: 72.00%, Precision: 0.69, Recall: 0.77, F1: 0.73, AUC: 0.72
Epoch [16/100] [TRAIN] Loss: 0.6018, Accuracy: 71.88%, AUC: 0.72 [VAL] Loss: 0.6071, Accuracy: 72.00%, Precision: 0.69, Recall: 0.77, F1: 0.73, AUC: 0.72
Epoch [17/100] [TRAIN] Loss: 0.6012, Accuracy: 70.62%, AUC: 0.71 [VAL] Loss: 0.6057, Accuracy: 72.00%, Precision: 0.69, Recall: 0.77, F1: 0.73, AUC: 0.72
Epoch [18/100] [TRAIN] Loss: 0.6166, Accuracy: 71.25%, AUC: 0.71 [VAL] Loss: 0.6046, Accuracy: 72.00%, Precision: 0.69, Recall: 0.77, F1: 0.73, AUC: 0.72
Epoch [19/100] [TRAIN] Loss: 0.5855, Accuracy: 73.62%, AUC: 0.74 [VAL] Loss: 0.6034, Accuracy: 72.00%, Precision: 0.69, Recall: 0.77, F1: 0.73, AUC: 0.72
Epoch [20/100] [TRAIN] Loss: 0.5890, Accuracy: 73.50%, AUC: 0.73 [VAL] Loss: 0.6024, Accuracy: 72.00%, Precision: 0.69, Recall: 0.77, F1: 0.73, AUC: 0.72
Epoch [21/100] [TRAIN] Loss: 0.5917, Accuracy: 71.88%, AUC: 0.72 [VAL] Loss: 0.6017, Accuracy: 72.00%, Precision: 0.69, Recall: 0.77, F1: 0.73, AUC: 0.72
Epoch [22/100] [TRAIN] Loss: 0.5829, Accuracy: 73.38%, AUC: 0.73 [VAL] Loss: 0.6010, Accuracy: 72.00%, Precision: 0.69, Recall: 0.77, F1: 0.73, AUC: 0.72
Epoch [23/100] [TRAIN] Loss: 0.5817, Accuracy: 76.12%, AUC: 0.76 [VAL] Loss: 0.6006, Accuracy: 72.00%, Precision: 0.69, Recall: 0.77, F1: 0.73, AUC: 0.72
Epoch [24/100] [TRAIN] Loss: 0.5892, Accuracy: 73.38%, AUC: 0.73 [VAL] Loss: 0.6003, Accuracy: 72.00%, Precision: 0.69, Recall: 0.77, F1: 0.73, AUC: 0.72
Epoch [25/100] [TRAIN] Loss: 0.5781, Accuracy: 73.38%, AUC: 0.73 [VAL] Loss: 0.5999, Accuracy: 72.00%, Precision: 0.69, Recall: 0.77, F1: 0.73, AUC: 0.72
Epoch [26/100] [TRAIN] Loss: 0.5914, Accuracy: 71.38%, AUC: 0.71 [VAL] Loss: 0.5996, Accuracy: 72.00%, Precision: 0.69, Recall: 0.77, F1: 0.73, AUC: 0.72
Epoch [27/100] [TRAIN] Loss: 0.6093, Accuracy: 69.25%, AUC: 0.69 [VAL] Loss: 0.5995, Accuracy: 72.00%, Precision: 0.69, Recall: 0.77, F1: 0.73, AUC: 0.72
Epoch [28/100] [TRAIN] Loss: 0.5660, Accuracy: 73.88%, AUC: 0.74 [VAL] Loss: 0.5994, Accuracy: 72.00%, Precision: 0.69, Recall: 0.77, F1: 0.73, AUC: 0.72
Epoch [29/100] [TRAIN] Loss: 0.5827, Accuracy: 72.62%, AUC: 0.73 [VAL] Loss: 0.5991, Accuracy: 72.00%, Precision: 0.69, Recall: 0.77, F1: 0.73, AUC: 0.72
Epoch [30/100] [TRAIN] Loss: 0.5708, Accuracy: 73.75%, AUC: 0.74 [VAL] Loss: 0.5990, Accuracy: 72.00%, Precision: 0.69, Recall: 0.77, F1: 0.73, AUC: 0.72
Epoch [31/100] [TRAIN] Loss: 0.5764, Accuracy: 72.00%, AUC: 0.72 [VAL] Loss: 0.5989, Accuracy: 72.00%, Precision: 0.69, Recall: 0.77, F1: 0.73, AUC: 0.72
Epoch [32/100] [TRAIN] Loss: 0.5636, Accuracy: 73.50%, AUC: 0.73 [VAL] Loss: 0.5989, Accuracy: 72.00%, Precision: 0.69, Recall: 0.77, F1: 0.73, AUC: 0.72
Epoch [33/100] [TRAIN] Loss: 0.5715, Accuracy: 73.00%, AUC: 0.73 [VAL] Loss: 0.5989, Accuracy: 72.00%, Precision: 0.69, Recall: 0.77, F1: 0.73, AUC: 0.72
Epoch [34/100] [TRAIN] Loss: 0.5918, Accuracy: 71.12%, AUC: 0.71 [VAL] Loss: 0.5987, Accuracy: 72.00%, Precision: 0.69, Recall: 0.77, F1: 0.73, AUC: 0.72
Epoch [35/100] [TRAIN] Loss: 0.5572, Accuracy: 74.12%, AUC: 0.74 [VAL] Loss: 0.5987, Accuracy: 71.00%, Precision: 0.68, Recall: 0.75, F1: 0.71, AUC: 0.71
Epoch [36/100] [TRAIN] Loss: 0.5809, Accuracy: 73.12%, AUC: 0.73 [VAL] Loss: 0.5988, Accuracy: 72.00%, Precision: 0.69, Recall: 0.77, F1: 0.73, AUC: 0.72
Epoch [37/100] [TRAIN] Loss: 0.5798, Accuracy: 73.00%, AUC: 0.73 [VAL] Loss: 0.5987, Accuracy: 72.00%, Precision: 0.69, Recall: 0.77, F1: 0.73, AUC: 0.72
Epoch [38/100] [TRAIN] Loss: 0.5850, Accuracy: 72.62%, AUC: 0.73 [VAL] Loss: 0.5988, Accuracy: 72.00%, Precision: 0.69, Recall: 0.77, F1: 0.73, AUC: 0.72
Epoch [39/100] [TRAIN] Loss: 0.5748, Accuracy: 72.12%, AUC: 0.72 [VAL] Loss: 0.5988, Accuracy: 72.00%, Precision: 0.69, Recall: 0.77, F1: 0.73, AUC: 0.72
Epoch [40/100] [TRAIN] Loss: 0.5703, Accuracy: 74.50%, AUC: 0.75 [VAL] Loss: 0.5986, Accuracy: 72.00%, Precision: 0.69, Recall: 0.77, F1: 0.73, AUC: 0.72
Epoch [41/100] [TRAIN] Loss: 0.5809, Accuracy: 71.75%, AUC: 0.72 [VAL] Loss: 0.5985, Accuracy: 72.00%, Precision: 0.69, Recall: 0.77, F1: 0.73, AUC: 0.72
Epoch [42/100] [TRAIN] Loss: 0.5822, Accuracy: 72.38%, AUC: 0.72 [VAL] Loss: 0.5984, Accuracy: 72.00%, Precision: 0.69, Recall: 0.77, F1: 0.73, AUC: 0.72
Epoch [43/100] [TRAIN] Loss: 0.5749, Accuracy: 73.12%, AUC: 0.73 [VAL] Loss: 0.5986, Accuracy: 72.00%, Precision: 0.69, Recall: 0.77, F1: 0.73, AUC: 0.72
Epoch [44/100] [TRAIN] Loss: 0.5795, Accuracy: 72.75%, AUC: 0.73 [VAL] Loss: 0.5983, Accuracy: 72.00%, Precision: 0.69, Recall: 0.77, F1: 0.73, AUC: 0.72
Epoch [45/100] [TRAIN] Loss: 0.5712, Accuracy: 74.00%, AUC: 0.74 [VAL] Loss: 0.5981, Accuracy: 72.00%, Precision: 0.69, Recall: 0.77, F1: 0.73, AUC: 0.72
Epoch [46/100] [TRAIN] Loss: 0.5717, Accuracy: 73.12%, AUC: 0.73 [VAL] Loss: 0.5982, Accuracy: 72.00%, Precision: 0.69, Recall: 0.77, F1: 0.73, AUC: 0.72
Epoch [47/100] [TRAIN] Loss: 0.5851, Accuracy: 72.62%, AUC: 0.73 [VAL] Loss: 0.5980, Accuracy: 72.00%, Precision: 0.69, Recall: 0.77, F1: 0.73, AUC: 0.72
Epoch [48/100] [TRAIN] Loss: 0.5709, Accuracy: 73.50%, AUC: 0.73 [VAL] Loss: 0.5980, Accuracy: 72.00%, Precision: 0.69, Recall: 0.77, F1: 0.73, AUC: 0.72
Epoch [49/100] [TRAIN] Loss: 0.5864, Accuracy: 72.88%, AUC: 0.73 [VAL] Loss: 0.5978, Accuracy: 72.00%, Precision: 0.69, Recall: 0.77, F1: 0.73, AUC: 0.72
Epoch [50/100] [TRAIN] Loss: 0.5617, Accuracy: 74.50%, AUC: 0.74 [VAL] Loss: 0.5977, Accuracy: 72.00%, Precision: 0.69, Recall: 0.77, F1: 0.73, AUC: 0.72
Epoch [51/100] [TRAIN] Loss: 0.5788, Accuracy: 73.75%, AUC: 0.74 [VAL] Loss: 0.5977, Accuracy: 72.00%, Precision: 0.69, Recall: 0.77, F1: 0.73, AUC: 0.72
Epoch [52/100] [TRAIN] Loss: 0.5736, Accuracy: 74.12%, AUC: 0.74 [VAL] Loss: 0.5976, Accuracy: 72.00%, Precision: 0.69, Recall: 0.77, F1: 0.73, AUC: 0.72
Epoch [53/100] [TRAIN] Loss: 0.5491, Accuracy: 74.12%, AUC: 0.74 [VAL] Loss: 0.5977, Accuracy: 72.00%, Precision: 0.69, Recall: 0.77, F1: 0.73, AUC: 0.72
Epoch [54/100] [TRAIN] Loss: 0.5670, Accuracy: 73.12%, AUC: 0.73 [VAL] Loss: 0.5978, Accuracy: 72.00%, Precision: 0.69, Recall: 0.77, F1: 0.73, AUC: 0.72
Epoch [55/100] [TRAIN] Loss: 0.5810, Accuracy: 74.62%, AUC: 0.74 [VAL] Loss: 0.5975, Accuracy: 72.00%, Precision: 0.69, Recall: 0.77, F1: 0.73, AUC: 0.72
Epoch [56/100] [TRAIN] Loss: 0.5720, Accuracy: 71.38%, AUC: 0.71 [VAL] Loss: 0.5974, Accuracy: 72.00%, Precision: 0.69, Recall: 0.77, F1: 0.73, AUC: 0.72
Epoch [57/100] [TRAIN] Loss: 0.5806, Accuracy: 73.12%, AUC: 0.73 [VAL] Loss: 0.5972, Accuracy: 72.00%, Precision: 0.69, Recall: 0.77, F1: 0.73, AUC: 0.72
Epoch [58/100] [TRAIN] Loss: 0.5704, Accuracy: 74.12%, AUC: 0.74 [VAL] Loss: 0.5970, Accuracy: 72.00%, Precision: 0.69, Recall: 0.77, F1: 0.73, AUC: 0.72
Epoch [59/100] [TRAIN] Loss: 0.5670, Accuracy: 72.75%, AUC: 0.73 [VAL] Loss: 0.5969, Accuracy: 72.00%, Precision: 0.69, Recall: 0.77, F1: 0.73, AUC: 0.72
Epoch [60/100] [TRAIN] Loss: 0.5781, Accuracy: 72.25%, AUC: 0.72 [VAL] Loss: 0.5967, Accuracy: 72.00%, Precision: 0.69, Recall: 0.77, F1: 0.73, AUC: 0.72
Epoch [61/100] [TRAIN] Loss: 0.5792, Accuracy: 73.62%, AUC: 0.74 [VAL] Loss: 0.5966, Accuracy: 72.00%, Precision: 0.69, Recall: 0.77, F1: 0.73, AUC: 0.72
Epoch [62/100] [TRAIN] Loss: 0.5514, Accuracy: 73.62%, AUC: 0.74 [VAL] Loss: 0.5966, Accuracy: 73.00%, Precision: 0.69, Recall: 0.79, F1: 0.74, AUC: 0.73
Epoch [63/100] [TRAIN] Loss: 0.5647, Accuracy: 74.25%, AUC: 0.74 [VAL] Loss: 0.5966, Accuracy: 73.00%, Precision: 0.69, Recall: 0.79, F1: 0.74, AUC: 0.73
Epoch [64/100] [TRAIN] Loss: 0.5672, Accuracy: 72.50%, AUC: 0.72 [VAL] Loss: 0.5966, Accuracy: 73.00%, Precision: 0.69, Recall: 0.79, F1: 0.74, AUC: 0.73
Epoch [65/100] [TRAIN] Loss: 0.5605, Accuracy: 73.62%, AUC: 0.74 [VAL] Loss: 0.5966, Accuracy: 73.00%, Precision: 0.69, Recall: 0.79, F1: 0.74, AUC: 0.73
Epoch [66/100] [TRAIN] Loss: 0.5632, Accuracy: 72.88%, AUC: 0.73 [VAL] Loss: 0.5963, Accuracy: 73.00%, Precision: 0.69, Recall: 0.79, F1: 0.74, AUC: 0.73
Epoch [67/100] [TRAIN] Loss: 0.5869, Accuracy: 72.38%, AUC: 0.72 [VAL] Loss: 0.5962, Accuracy: 73.00%, Precision: 0.69, Recall: 0.79, F1: 0.74, AUC: 0.73
Epoch [68/100] [TRAIN] Loss: 0.5718, Accuracy: 73.88%, AUC: 0.74 [VAL] Loss: 0.5961, Accuracy: 73.00%, Precision: 0.69, Recall: 0.79, F1: 0.74, AUC: 0.73
Epoch [69/100] [TRAIN] Loss: 0.5644, Accuracy: 73.75%, AUC: 0.74 [VAL] Loss: 0.5958, Accuracy: 73.00%, Precision: 0.69, Recall: 0.79, F1: 0.74, AUC: 0.73
Epoch [70/100] [TRAIN] Loss: 0.5694, Accuracy: 72.75%, AUC: 0.73 [VAL] Loss: 0.5957, Accuracy: 73.00%, Precision: 0.69, Recall: 0.79, F1: 0.74, AUC: 0.73
Epoch [71/100] [TRAIN] Loss: 0.5653, Accuracy: 73.75%, AUC: 0.74 [VAL] Loss: 0.5954, Accuracy: 73.00%, Precision: 0.69, Recall: 0.79, F1: 0.74, AUC: 0.73
Epoch [72/100] [TRAIN] Loss: 0.5566, Accuracy: 72.88%, AUC: 0.73 [VAL] Loss: 0.5956, Accuracy: 73.00%, Precision: 0.69, Recall: 0.79, F1: 0.74, AUC: 0.73
Epoch [73/100] [TRAIN] Loss: 0.5533, Accuracy: 73.25%, AUC: 0.73 [VAL] Loss: 0.5957, Accuracy: 72.00%, Precision: 0.68, Recall: 0.79, F1: 0.73, AUC: 0.72
Epoch [74/100] [TRAIN] Loss: 0.5781, Accuracy: 75.25%, AUC: 0.75 [VAL] Loss: 0.5954, Accuracy: 72.00%, Precision: 0.68, Recall: 0.79, F1: 0.73, AUC: 0.72
Epoch [75/100] [TRAIN] Loss: 0.5736, Accuracy: 71.25%, AUC: 0.71 [VAL] Loss: 0.5952, Accuracy: 72.00%, Precision: 0.68, Recall: 0.79, F1: 0.73, AUC: 0.72
Epoch [76/100] [TRAIN] Loss: 0.5599, Accuracy: 74.75%, AUC: 0.75 [VAL] Loss: 0.5951, Accuracy: 72.00%, Precision: 0.68, Recall: 0.79, F1: 0.73, AUC: 0.72
Epoch [77/100] [TRAIN] Loss: 0.5630, Accuracy: 74.88%, AUC: 0.75 [VAL] Loss: 0.5948, Accuracy: 72.00%, Precision: 0.68, Recall: 0.79, F1: 0.73, AUC: 0.72
Epoch [78/100] [TRAIN] Loss: 0.5602, Accuracy: 74.00%, AUC: 0.74 [VAL] Loss: 0.5949, Accuracy: 72.00%, Precision: 0.68, Recall: 0.79, F1: 0.73, AUC: 0.72
Epoch [79/100] [TRAIN] Loss: 0.5589, Accuracy: 75.25%, AUC: 0.75 [VAL] Loss: 0.5950, Accuracy: 72.00%, Precision: 0.68, Recall: 0.79, F1: 0.73, AUC: 0.72
Epoch [80/100] [TRAIN] Loss: 0.5778, Accuracy: 72.00%, AUC: 0.72 [VAL] Loss: 0.5948, Accuracy: 72.00%, Precision: 0.68, Recall: 0.79, F1: 0.73, AUC: 0.72
Epoch [81/100] [TRAIN] Loss: 0.5763, Accuracy: 74.25%, AUC: 0.74 [VAL] Loss: 0.5946, Accuracy: 72.00%, Precision: 0.68, Recall: 0.79, F1: 0.73, AUC: 0.72
Epoch [82/100] [TRAIN] Loss: 0.5741, Accuracy: 74.62%, AUC: 0.75 [VAL] Loss: 0.5942, Accuracy: 72.00%, Precision: 0.68, Recall: 0.79, F1: 0.73, AUC: 0.72
Epoch [83/100] [TRAIN] Loss: 0.5655, Accuracy: 74.88%, AUC: 0.75 [VAL] Loss: 0.5941, Accuracy: 72.00%, Precision: 0.68, Recall: 0.79, F1: 0.73, AUC: 0.72
Epoch [84/100] [TRAIN] Loss: 0.5621, Accuracy: 74.50%, AUC: 0.74 [VAL] Loss: 0.5940, Accuracy: 72.00%, Precision: 0.68, Recall: 0.79, F1: 0.73, AUC: 0.72
Epoch [85/100] [TRAIN] Loss: 0.5665, Accuracy: 72.12%, AUC: 0.72 [VAL] Loss: 0.5939, Accuracy: 72.00%, Precision: 0.68, Recall: 0.79, F1: 0.73, AUC: 0.72
Epoch [86/100] [TRAIN] Loss: 0.5743, Accuracy: 72.00%, AUC: 0.72 [VAL] Loss: 0.5937, Accuracy: 72.00%, Precision: 0.68, Recall: 0.79, F1: 0.73, AUC: 0.72
Epoch [87/100] [TRAIN] Loss: 0.5532, Accuracy: 73.25%, AUC: 0.73 [VAL] Loss: 0.5937, Accuracy: 72.00%, Precision: 0.68, Recall: 0.79, F1: 0.73, AUC: 0.72
Epoch [88/100] [TRAIN] Loss: 0.5654, Accuracy: 73.50%, AUC: 0.73 [VAL] Loss: 0.5937, Accuracy: 72.00%, Precision: 0.68, Recall: 0.79, F1: 0.73, AUC: 0.72
Epoch [89/100] [TRAIN] Loss: 0.5629, Accuracy: 74.12%, AUC: 0.74 [VAL] Loss: 0.5935, Accuracy: 72.00%, Precision: 0.68, Recall: 0.79, F1: 0.73, AUC: 0.72
Epoch [90/100] [TRAIN] Loss: 0.5476, Accuracy: 77.00%, AUC: 0.77 [VAL] Loss: 0.5935, Accuracy: 72.00%, Precision: 0.68, Recall: 0.79, F1: 0.73, AUC: 0.72
Epoch [91/100] [TRAIN] Loss: 0.5588, Accuracy: 73.88%, AUC: 0.74 [VAL] Loss: 0.5934, Accuracy: 72.00%, Precision: 0.68, Recall: 0.79, F1: 0.73, AUC: 0.72
Epoch [92/100] [TRAIN] Loss: 0.5670, Accuracy: 74.62%, AUC: 0.74 [VAL] Loss: 0.5934, Accuracy: 72.00%, Precision: 0.68, Recall: 0.79, F1: 0.73, AUC: 0.72
Epoch [93/100] [TRAIN] Loss: 0.5606, Accuracy: 73.00%, AUC: 0.73 [VAL] Loss: 0.5934, Accuracy: 72.00%, Precision: 0.68, Recall: 0.79, F1: 0.73, AUC: 0.72
Epoch [94/100] [TRAIN] Loss: 0.5710, Accuracy: 71.88%, AUC: 0.72 [VAL] Loss: 0.5932, Accuracy: 72.00%, Precision: 0.68, Recall: 0.79, F1: 0.73, AUC: 0.72
Epoch [95/100] [TRAIN] Loss: 0.5809, Accuracy: 72.25%, AUC: 0.72 [VAL] Loss: 0.5931, Accuracy: 72.00%, Precision: 0.68, Recall: 0.79, F1: 0.73, AUC: 0.72
Epoch [96/100] [TRAIN] Loss: 0.5515, Accuracy: 73.38%, AUC: 0.73 [VAL] Loss: 0.5929, Accuracy: 72.00%, Precision: 0.68, Recall: 0.79, F1: 0.73, AUC: 0.72
Epoch [97/100] [TRAIN] Loss: 0.5550, Accuracy: 74.38%, AUC: 0.74 [VAL] Loss: 0.5928, Accuracy: 72.00%, Precision: 0.68, Recall: 0.79, F1: 0.73, AUC: 0.72
Epoch [98/100] [TRAIN] Loss: 0.5678, Accuracy: 71.62%, AUC: 0.71 [VAL] Loss: 0.5925, Accuracy: 72.00%, Precision: 0.68, Recall: 0.79, F1: 0.73, AUC: 0.72
Epoch [99/100] [TRAIN] Loss: 0.5505, Accuracy: 73.75%, AUC: 0.74 [VAL] Loss: 0.5925, Accuracy: 72.00%, Precision: 0.68, Recall: 0.79, F1: 0.73, AUC: 0.72
Epoch [100/100] [TRAIN] Loss: 0.5514, Accuracy: 75.25%, AUC: 0.75 [VAL] Loss: 0.5926, Accuracy: 72.00%, Precision: 0.68, Recall: 0.79, F1: 0.73, AUC: 0.72
Seed: 1011
Accuracy:  71.00 %
AUC:       0.7171
Precision: 0.6346
Recall:    0.7674
F1-Score:  0.6947

Detailed Classification Report:
              precision    recall  f1-score   support

           0       0.79      0.67      0.72        57
           1       0.63      0.77      0.69        43

    accuracy                           0.71       100
   macro avg       0.71      0.72      0.71       100
weighted avg       0.72      0.71      0.71       100


Confusion Matrix:
[[38 19]
 [10 33]]


006-H3K4me3-H3K9me3
Train label distribution:
  Label 0:    422 (52.8%)
  Label 1:    378 (47.2%)
Val label distribution:
  Label 0:     52 (52.0%)
  Label 1:     48 (48.0%)
Test label distribution:
  Label 0:     57 (57.0%)
  Label 1:     43 (43.0%)
Epoch [1/100] [TRAIN] Loss: 0.7639, Accuracy: 42.88%, AUC: 0.43 [VAL] Loss: 0.7418, Accuracy: 44.00%, Precision: 0.43, Recall: 0.52, F1: 0.47, AUC: 0.44
Epoch [2/100] [TRAIN] Loss: 0.7241, Accuracy: 49.88%, AUC: 0.50 [VAL] Loss: 0.7210, Accuracy: 58.00%, Precision: 0.55, Recall: 0.69, F1: 0.61, AUC: 0.58
Epoch [3/100] [TRAIN] Loss: 0.7257, Accuracy: 53.38%, AUC: 0.53 [VAL] Loss: 0.7046, Accuracy: 65.00%, Precision: 0.61, Recall: 0.75, F1: 0.67, AUC: 0.65
Epoch [4/100] [TRAIN] Loss: 0.6885, Accuracy: 62.12%, AUC: 0.62 [VAL] Loss: 0.6918, Accuracy: 62.00%, Precision: 0.58, Recall: 0.73, F1: 0.65, AUC: 0.62
Epoch [5/100] [TRAIN] Loss: 0.6780, Accuracy: 60.25%, AUC: 0.60 [VAL] Loss: 0.6817, Accuracy: 66.00%, Precision: 0.62, Recall: 0.73, F1: 0.67, AUC: 0.66
Epoch [6/100] [TRAIN] Loss: 0.6682, Accuracy: 64.75%, AUC: 0.65 [VAL] Loss: 0.6733, Accuracy: 67.00%, Precision: 0.64, Recall: 0.73, F1: 0.68, AUC: 0.67
Epoch [7/100] [TRAIN] Loss: 0.6593, Accuracy: 66.88%, AUC: 0.67 [VAL] Loss: 0.6662, Accuracy: 68.00%, Precision: 0.64, Recall: 0.75, F1: 0.69, AUC: 0.68
Epoch [8/100] [TRAIN] Loss: 0.6531, Accuracy: 68.62%, AUC: 0.69 [VAL] Loss: 0.6606, Accuracy: 68.00%, Precision: 0.64, Recall: 0.75, F1: 0.69, AUC: 0.68
Epoch [9/100] [TRAIN] Loss: 0.6538, Accuracy: 68.62%, AUC: 0.69 [VAL] Loss: 0.6552, Accuracy: 68.00%, Precision: 0.64, Recall: 0.75, F1: 0.69, AUC: 0.68
Epoch [10/100] [TRAIN] Loss: 0.6430, Accuracy: 67.62%, AUC: 0.68 [VAL] Loss: 0.6512, Accuracy: 67.00%, Precision: 0.63, Recall: 0.75, F1: 0.69, AUC: 0.67
Epoch [11/100] [TRAIN] Loss: 0.6254, Accuracy: 71.75%, AUC: 0.71 [VAL] Loss: 0.6473, Accuracy: 68.00%, Precision: 0.64, Recall: 0.77, F1: 0.70, AUC: 0.68
Epoch [12/100] [TRAIN] Loss: 0.6236, Accuracy: 71.25%, AUC: 0.71 [VAL] Loss: 0.6442, Accuracy: 68.00%, Precision: 0.64, Recall: 0.77, F1: 0.70, AUC: 0.68
Epoch [13/100] [TRAIN] Loss: 0.6215, Accuracy: 70.62%, AUC: 0.71 [VAL] Loss: 0.6414, Accuracy: 68.00%, Precision: 0.64, Recall: 0.77, F1: 0.70, AUC: 0.68
Epoch [14/100] [TRAIN] Loss: 0.6262, Accuracy: 71.00%, AUC: 0.71 [VAL] Loss: 0.6392, Accuracy: 68.00%, Precision: 0.64, Recall: 0.77, F1: 0.70, AUC: 0.68
Epoch [15/100] [TRAIN] Loss: 0.6110, Accuracy: 71.62%, AUC: 0.71 [VAL] Loss: 0.6372, Accuracy: 68.00%, Precision: 0.64, Recall: 0.77, F1: 0.70, AUC: 0.68
Epoch [16/100] [TRAIN] Loss: 0.6070, Accuracy: 72.25%, AUC: 0.72 [VAL] Loss: 0.6353, Accuracy: 68.00%, Precision: 0.64, Recall: 0.77, F1: 0.70, AUC: 0.68
Epoch [17/100] [TRAIN] Loss: 0.6017, Accuracy: 74.00%, AUC: 0.74 [VAL] Loss: 0.6338, Accuracy: 68.00%, Precision: 0.64, Recall: 0.77, F1: 0.70, AUC: 0.68
Epoch [18/100] [TRAIN] Loss: 0.5995, Accuracy: 71.12%, AUC: 0.71 [VAL] Loss: 0.6324, Accuracy: 69.00%, Precision: 0.64, Recall: 0.79, F1: 0.71, AUC: 0.69
Epoch [19/100] [TRAIN] Loss: 0.6040, Accuracy: 71.25%, AUC: 0.71 [VAL] Loss: 0.6313, Accuracy: 69.00%, Precision: 0.64, Recall: 0.79, F1: 0.71, AUC: 0.69
Epoch [20/100] [TRAIN] Loss: 0.6035, Accuracy: 72.75%, AUC: 0.73 [VAL] Loss: 0.6304, Accuracy: 69.00%, Precision: 0.64, Recall: 0.79, F1: 0.71, AUC: 0.69
Epoch [21/100] [TRAIN] Loss: 0.6099, Accuracy: 70.62%, AUC: 0.70 [VAL] Loss: 0.6299, Accuracy: 69.00%, Precision: 0.64, Recall: 0.79, F1: 0.71, AUC: 0.69
Epoch [22/100] [TRAIN] Loss: 0.6101, Accuracy: 69.50%, AUC: 0.70 [VAL] Loss: 0.6294, Accuracy: 69.00%, Precision: 0.64, Recall: 0.79, F1: 0.71, AUC: 0.69
Epoch [23/100] [TRAIN] Loss: 0.5955, Accuracy: 72.38%, AUC: 0.72 [VAL] Loss: 0.6291, Accuracy: 69.00%, Precision: 0.64, Recall: 0.79, F1: 0.71, AUC: 0.69
Epoch [24/100] [TRAIN] Loss: 0.6286, Accuracy: 71.00%, AUC: 0.71 [VAL] Loss: 0.6288, Accuracy: 69.00%, Precision: 0.64, Recall: 0.79, F1: 0.71, AUC: 0.69
Epoch [25/100] [TRAIN] Loss: 0.6167, Accuracy: 70.38%, AUC: 0.70 [VAL] Loss: 0.6285, Accuracy: 70.00%, Precision: 0.66, Recall: 0.79, F1: 0.72, AUC: 0.70
Epoch [26/100] [TRAIN] Loss: 0.6243, Accuracy: 70.62%, AUC: 0.70 [VAL] Loss: 0.6284, Accuracy: 70.00%, Precision: 0.66, Recall: 0.79, F1: 0.72, AUC: 0.70
Epoch [27/100] [TRAIN] Loss: 0.5892, Accuracy: 72.88%, AUC: 0.73 [VAL] Loss: 0.6283, Accuracy: 70.00%, Precision: 0.66, Recall: 0.79, F1: 0.72, AUC: 0.70
Epoch [28/100] [TRAIN] Loss: 0.5843, Accuracy: 72.88%, AUC: 0.73 [VAL] Loss: 0.6279, Accuracy: 70.00%, Precision: 0.66, Recall: 0.79, F1: 0.72, AUC: 0.70
Epoch [29/100] [TRAIN] Loss: 0.6041, Accuracy: 70.50%, AUC: 0.71 [VAL] Loss: 0.6277, Accuracy: 70.00%, Precision: 0.66, Recall: 0.79, F1: 0.72, AUC: 0.70
Epoch [30/100] [TRAIN] Loss: 0.6060, Accuracy: 71.00%, AUC: 0.71 [VAL] Loss: 0.6274, Accuracy: 70.00%, Precision: 0.66, Recall: 0.79, F1: 0.72, AUC: 0.70
Epoch [31/100] [TRAIN] Loss: 0.6040, Accuracy: 71.50%, AUC: 0.71 [VAL] Loss: 0.6272, Accuracy: 70.00%, Precision: 0.66, Recall: 0.79, F1: 0.72, AUC: 0.70
Epoch [32/100] [TRAIN] Loss: 0.5979, Accuracy: 72.50%, AUC: 0.72 [VAL] Loss: 0.6270, Accuracy: 71.00%, Precision: 0.67, Recall: 0.79, F1: 0.72, AUC: 0.71
Epoch [33/100] [TRAIN] Loss: 0.6021, Accuracy: 73.62%, AUC: 0.74 [VAL] Loss: 0.6267, Accuracy: 71.00%, Precision: 0.67, Recall: 0.79, F1: 0.72, AUC: 0.71
Epoch [34/100] [TRAIN] Loss: 0.5896, Accuracy: 73.00%, AUC: 0.73 [VAL] Loss: 0.6266, Accuracy: 71.00%, Precision: 0.67, Recall: 0.79, F1: 0.72, AUC: 0.71
Epoch [35/100] [TRAIN] Loss: 0.6022, Accuracy: 72.25%, AUC: 0.72 [VAL] Loss: 0.6262, Accuracy: 71.00%, Precision: 0.67, Recall: 0.79, F1: 0.72, AUC: 0.71
Epoch [36/100] [TRAIN] Loss: 0.5884, Accuracy: 73.50%, AUC: 0.73 [VAL] Loss: 0.6261, Accuracy: 71.00%, Precision: 0.67, Recall: 0.79, F1: 0.72, AUC: 0.71
Epoch [37/100] [TRAIN] Loss: 0.5978, Accuracy: 73.12%, AUC: 0.73 [VAL] Loss: 0.6258, Accuracy: 71.00%, Precision: 0.67, Recall: 0.79, F1: 0.72, AUC: 0.71
Epoch [38/100] [TRAIN] Loss: 0.5818, Accuracy: 72.75%, AUC: 0.73 [VAL] Loss: 0.6255, Accuracy: 71.00%, Precision: 0.67, Recall: 0.79, F1: 0.72, AUC: 0.71
Epoch [39/100] [TRAIN] Loss: 0.5959, Accuracy: 72.00%, AUC: 0.72 [VAL] Loss: 0.6254, Accuracy: 71.00%, Precision: 0.67, Recall: 0.79, F1: 0.72, AUC: 0.71
Epoch [40/100] [TRAIN] Loss: 0.5852, Accuracy: 72.00%, AUC: 0.72 [VAL] Loss: 0.6252, Accuracy: 71.00%, Precision: 0.67, Recall: 0.79, F1: 0.72, AUC: 0.71
Epoch [41/100] [TRAIN] Loss: 0.5981, Accuracy: 71.38%, AUC: 0.71 [VAL] Loss: 0.6248, Accuracy: 71.00%, Precision: 0.67, Recall: 0.79, F1: 0.72, AUC: 0.71
Epoch [42/100] [TRAIN] Loss: 0.5984, Accuracy: 73.62%, AUC: 0.73 [VAL] Loss: 0.6244, Accuracy: 71.00%, Precision: 0.67, Recall: 0.79, F1: 0.72, AUC: 0.71
Epoch [43/100] [TRAIN] Loss: 0.5930, Accuracy: 72.62%, AUC: 0.72 [VAL] Loss: 0.6242, Accuracy: 71.00%, Precision: 0.67, Recall: 0.79, F1: 0.72, AUC: 0.71
Epoch [44/100] [TRAIN] Loss: 0.5902, Accuracy: 74.00%, AUC: 0.74 [VAL] Loss: 0.6239, Accuracy: 71.00%, Precision: 0.67, Recall: 0.79, F1: 0.72, AUC: 0.71
Epoch [45/100] [TRAIN] Loss: 0.5932, Accuracy: 70.88%, AUC: 0.71 [VAL] Loss: 0.6238, Accuracy: 71.00%, Precision: 0.67, Recall: 0.79, F1: 0.72, AUC: 0.71
Epoch [46/100] [TRAIN] Loss: 0.5847, Accuracy: 72.38%, AUC: 0.72 [VAL] Loss: 0.6236, Accuracy: 71.00%, Precision: 0.67, Recall: 0.79, F1: 0.72, AUC: 0.71
Epoch [47/100] [TRAIN] Loss: 0.5860, Accuracy: 71.12%, AUC: 0.71 [VAL] Loss: 0.6233, Accuracy: 71.00%, Precision: 0.67, Recall: 0.79, F1: 0.72, AUC: 0.71
Epoch [48/100] [TRAIN] Loss: 0.5715, Accuracy: 73.62%, AUC: 0.73 [VAL] Loss: 0.6233, Accuracy: 71.00%, Precision: 0.67, Recall: 0.79, F1: 0.72, AUC: 0.71
Epoch [49/100] [TRAIN] Loss: 0.5927, Accuracy: 71.50%, AUC: 0.71 [VAL] Loss: 0.6231, Accuracy: 71.00%, Precision: 0.67, Recall: 0.79, F1: 0.72, AUC: 0.71
Epoch [50/100] [TRAIN] Loss: 0.5814, Accuracy: 74.25%, AUC: 0.74 [VAL] Loss: 0.6229, Accuracy: 71.00%, Precision: 0.67, Recall: 0.79, F1: 0.72, AUC: 0.71
Epoch [51/100] [TRAIN] Loss: 0.5848, Accuracy: 73.62%, AUC: 0.73 [VAL] Loss: 0.6230, Accuracy: 71.00%, Precision: 0.67, Recall: 0.79, F1: 0.72, AUC: 0.71
Epoch [52/100] [TRAIN] Loss: 0.5728, Accuracy: 72.88%, AUC: 0.73 [VAL] Loss: 0.6228, Accuracy: 71.00%, Precision: 0.67, Recall: 0.79, F1: 0.72, AUC: 0.71
Epoch [53/100] [TRAIN] Loss: 0.5785, Accuracy: 72.88%, AUC: 0.73 [VAL] Loss: 0.6227, Accuracy: 71.00%, Precision: 0.67, Recall: 0.79, F1: 0.72, AUC: 0.71
Epoch [54/100] [TRAIN] Loss: 0.5873, Accuracy: 71.50%, AUC: 0.71 [VAL] Loss: 0.6225, Accuracy: 71.00%, Precision: 0.67, Recall: 0.79, F1: 0.72, AUC: 0.71
Epoch [55/100] [TRAIN] Loss: 0.5845, Accuracy: 74.25%, AUC: 0.74 [VAL] Loss: 0.6223, Accuracy: 71.00%, Precision: 0.67, Recall: 0.79, F1: 0.72, AUC: 0.71
Epoch [56/100] [TRAIN] Loss: 0.5836, Accuracy: 71.00%, AUC: 0.71 [VAL] Loss: 0.6221, Accuracy: 71.00%, Precision: 0.67, Recall: 0.79, F1: 0.72, AUC: 0.71
Epoch [57/100] [TRAIN] Loss: 0.5776, Accuracy: 72.38%, AUC: 0.72 [VAL] Loss: 0.6220, Accuracy: 71.00%, Precision: 0.67, Recall: 0.79, F1: 0.72, AUC: 0.71
Epoch [58/100] [TRAIN] Loss: 0.5887, Accuracy: 72.62%, AUC: 0.73 [VAL] Loss: 0.6220, Accuracy: 71.00%, Precision: 0.67, Recall: 0.79, F1: 0.72, AUC: 0.71
Epoch [59/100] [TRAIN] Loss: 0.5923, Accuracy: 72.75%, AUC: 0.73 [VAL] Loss: 0.6216, Accuracy: 71.00%, Precision: 0.67, Recall: 0.79, F1: 0.72, AUC: 0.71
Epoch [60/100] [TRAIN] Loss: 0.5833, Accuracy: 73.75%, AUC: 0.74 [VAL] Loss: 0.6211, Accuracy: 71.00%, Precision: 0.67, Recall: 0.79, F1: 0.72, AUC: 0.71
Epoch [61/100] [TRAIN] Loss: 0.5889, Accuracy: 72.50%, AUC: 0.72 [VAL] Loss: 0.6207, Accuracy: 71.00%, Precision: 0.67, Recall: 0.79, F1: 0.72, AUC: 0.71
Epoch [62/100] [TRAIN] Loss: 0.5680, Accuracy: 72.62%, AUC: 0.72 [VAL] Loss: 0.6207, Accuracy: 71.00%, Precision: 0.67, Recall: 0.79, F1: 0.72, AUC: 0.71
Epoch [63/100] [TRAIN] Loss: 0.5742, Accuracy: 72.38%, AUC: 0.72 [VAL] Loss: 0.6207, Accuracy: 71.00%, Precision: 0.67, Recall: 0.79, F1: 0.72, AUC: 0.71
Epoch [64/100] [TRAIN] Loss: 0.5805, Accuracy: 73.62%, AUC: 0.74 [VAL] Loss: 0.6204, Accuracy: 71.00%, Precision: 0.67, Recall: 0.79, F1: 0.72, AUC: 0.71
Epoch [65/100] [TRAIN] Loss: 0.5862, Accuracy: 71.25%, AUC: 0.71 [VAL] Loss: 0.6201, Accuracy: 71.00%, Precision: 0.67, Recall: 0.79, F1: 0.72, AUC: 0.71
Epoch [66/100] [TRAIN] Loss: 0.5665, Accuracy: 74.25%, AUC: 0.74 [VAL] Loss: 0.6200, Accuracy: 71.00%, Precision: 0.67, Recall: 0.79, F1: 0.72, AUC: 0.71
Epoch [67/100] [TRAIN] Loss: 0.5854, Accuracy: 71.62%, AUC: 0.71 [VAL] Loss: 0.6197, Accuracy: 71.00%, Precision: 0.67, Recall: 0.79, F1: 0.72, AUC: 0.71
Epoch [68/100] [TRAIN] Loss: 0.5760, Accuracy: 73.38%, AUC: 0.73 [VAL] Loss: 0.6195, Accuracy: 71.00%, Precision: 0.67, Recall: 0.79, F1: 0.72, AUC: 0.71
Epoch [69/100] [TRAIN] Loss: 0.5832, Accuracy: 73.25%, AUC: 0.73 [VAL] Loss: 0.6190, Accuracy: 71.00%, Precision: 0.67, Recall: 0.79, F1: 0.72, AUC: 0.71
Epoch [70/100] [TRAIN] Loss: 0.5770, Accuracy: 72.12%, AUC: 0.72 [VAL] Loss: 0.6189, Accuracy: 71.00%, Precision: 0.67, Recall: 0.79, F1: 0.72, AUC: 0.71
Epoch [71/100] [TRAIN] Loss: 0.5565, Accuracy: 74.62%, AUC: 0.75 [VAL] Loss: 0.6188, Accuracy: 71.00%, Precision: 0.67, Recall: 0.79, F1: 0.72, AUC: 0.71
Epoch [72/100] [TRAIN] Loss: 0.5713, Accuracy: 73.88%, AUC: 0.74 [VAL] Loss: 0.6191, Accuracy: 71.00%, Precision: 0.67, Recall: 0.79, F1: 0.72, AUC: 0.71
Epoch [73/100] [TRAIN] Loss: 0.5687, Accuracy: 72.88%, AUC: 0.73 [VAL] Loss: 0.6190, Accuracy: 71.00%, Precision: 0.67, Recall: 0.79, F1: 0.72, AUC: 0.71
Epoch [74/100] [TRAIN] Loss: 0.5729, Accuracy: 72.75%, AUC: 0.73 [VAL] Loss: 0.6188, Accuracy: 71.00%, Precision: 0.67, Recall: 0.79, F1: 0.72, AUC: 0.71
Epoch [75/100] [TRAIN] Loss: 0.5675, Accuracy: 74.00%, AUC: 0.74 [VAL] Loss: 0.6187, Accuracy: 71.00%, Precision: 0.67, Recall: 0.79, F1: 0.72, AUC: 0.71
Epoch [76/100] [TRAIN] Loss: 0.5899, Accuracy: 72.50%, AUC: 0.72 [VAL] Loss: 0.6183, Accuracy: 71.00%, Precision: 0.67, Recall: 0.79, F1: 0.72, AUC: 0.71
Epoch [77/100] [TRAIN] Loss: 0.5538, Accuracy: 75.75%, AUC: 0.76 [VAL] Loss: 0.6184, Accuracy: 71.00%, Precision: 0.67, Recall: 0.79, F1: 0.72, AUC: 0.71
Epoch [78/100] [TRAIN] Loss: 0.5591, Accuracy: 73.50%, AUC: 0.73 [VAL] Loss: 0.6186, Accuracy: 71.00%, Precision: 0.67, Recall: 0.79, F1: 0.72, AUC: 0.71
Epoch [79/100] [TRAIN] Loss: 0.5750, Accuracy: 72.75%, AUC: 0.73 [VAL] Loss: 0.6189, Accuracy: 71.00%, Precision: 0.67, Recall: 0.79, F1: 0.72, AUC: 0.71
Epoch [80/100] [TRAIN] Loss: 0.5825, Accuracy: 73.38%, AUC: 0.73 [VAL] Loss: 0.6180, Accuracy: 71.00%, Precision: 0.67, Recall: 0.79, F1: 0.72, AUC: 0.71
Epoch [81/100] [TRAIN] Loss: 0.5848, Accuracy: 71.50%, AUC: 0.71 [VAL] Loss: 0.6179, Accuracy: 71.00%, Precision: 0.67, Recall: 0.79, F1: 0.72, AUC: 0.71
Epoch [82/100] [TRAIN] Loss: 0.5754, Accuracy: 73.00%, AUC: 0.73 [VAL] Loss: 0.6177, Accuracy: 71.00%, Precision: 0.67, Recall: 0.79, F1: 0.72, AUC: 0.71
Epoch [83/100] [TRAIN] Loss: 0.5840, Accuracy: 73.25%, AUC: 0.73 [VAL] Loss: 0.6173, Accuracy: 72.00%, Precision: 0.67, Recall: 0.81, F1: 0.74, AUC: 0.72
Epoch [84/100] [TRAIN] Loss: 0.5611, Accuracy: 73.00%, AUC: 0.73 [VAL] Loss: 0.6172, Accuracy: 72.00%, Precision: 0.67, Recall: 0.81, F1: 0.74, AUC: 0.72
Epoch [85/100] [TRAIN] Loss: 0.5744, Accuracy: 71.75%, AUC: 0.72 [VAL] Loss: 0.6172, Accuracy: 72.00%, Precision: 0.67, Recall: 0.81, F1: 0.74, AUC: 0.72
Epoch [86/100] [TRAIN] Loss: 0.5701, Accuracy: 74.12%, AUC: 0.74 [VAL] Loss: 0.6167, Accuracy: 72.00%, Precision: 0.67, Recall: 0.81, F1: 0.74, AUC: 0.72
Epoch [87/100] [TRAIN] Loss: 0.5623, Accuracy: 71.88%, AUC: 0.72 [VAL] Loss: 0.6168, Accuracy: 72.00%, Precision: 0.67, Recall: 0.81, F1: 0.74, AUC: 0.72
Epoch [88/100] [TRAIN] Loss: 0.5613, Accuracy: 74.50%, AUC: 0.74 [VAL] Loss: 0.6173, Accuracy: 72.00%, Precision: 0.67, Recall: 0.81, F1: 0.74, AUC: 0.72
Epoch [89/100] [TRAIN] Loss: 0.5686, Accuracy: 73.38%, AUC: 0.73 [VAL] Loss: 0.6175, Accuracy: 72.00%, Precision: 0.67, Recall: 0.81, F1: 0.74, AUC: 0.72
Epoch [90/100] [TRAIN] Loss: 0.5670, Accuracy: 73.88%, AUC: 0.74 [VAL] Loss: 0.6174, Accuracy: 72.00%, Precision: 0.67, Recall: 0.81, F1: 0.74, AUC: 0.72
Epoch [91/100] [TRAIN] Loss: 0.5692, Accuracy: 73.88%, AUC: 0.74 [VAL] Loss: 0.6173, Accuracy: 72.00%, Precision: 0.67, Recall: 0.81, F1: 0.74, AUC: 0.72
Epoch [92/100] [TRAIN] Loss: 0.5742, Accuracy: 73.00%, AUC: 0.73 [VAL] Loss: 0.6169, Accuracy: 72.00%, Precision: 0.67, Recall: 0.81, F1: 0.74, AUC: 0.72
Epoch [93/100] [TRAIN] Loss: 0.5644, Accuracy: 74.75%, AUC: 0.75 [VAL] Loss: 0.6168, Accuracy: 72.00%, Precision: 0.67, Recall: 0.81, F1: 0.74, AUC: 0.72
Epoch [94/100] [TRAIN] Loss: 0.5753, Accuracy: 73.50%, AUC: 0.73 [VAL] Loss: 0.6168, Accuracy: 72.00%, Precision: 0.67, Recall: 0.81, F1: 0.74, AUC: 0.72
Epoch [95/100] [TRAIN] Loss: 0.5711, Accuracy: 72.75%, AUC: 0.73 [VAL] Loss: 0.6168, Accuracy: 72.00%, Precision: 0.67, Recall: 0.81, F1: 0.74, AUC: 0.72
Epoch [96/100] [TRAIN] Loss: 0.5690, Accuracy: 74.75%, AUC: 0.75 [VAL] Loss: 0.6167, Accuracy: 72.00%, Precision: 0.67, Recall: 0.81, F1: 0.74, AUC: 0.72
  Early stopping at epoch 96 (no val_loss improvement for 10 epochs)
Seed: 1011
Accuracy:  71.00 %
AUC:       0.7171
Precision: 0.6346
Recall:    0.7674
F1-Score:  0.6947

Detailed Classification Report:
              precision    recall  f1-score   support

           0       0.79      0.67      0.72        57
           1       0.63      0.77      0.69        43

    accuracy                           0.71       100
   macro avg       0.71      0.72      0.71       100
weighted avg       0.72      0.71      0.71       100


Confusion Matrix:
[[38 19]
 [10 33]]


007-H3K4me3-H3K27ac
Train label distribution:
  Label 0:    422 (52.8%)
  Label 1:    378 (47.2%)
Val label distribution:
  Label 0:     52 (52.0%)
  Label 1:     48 (48.0%)
Test label distribution:
  Label 0:     57 (57.0%)
  Label 1:     43 (43.0%)
Epoch [1/100] [TRAIN] Loss: 0.7385, Accuracy: 53.25%, AUC: 0.53 [VAL] Loss: 0.6835, Accuracy: 69.00%, Precision: 0.65, Recall: 0.75, F1: 0.70, AUC: 0.69
Epoch [2/100] [TRAIN] Loss: 0.7053, Accuracy: 59.12%, AUC: 0.59 [VAL] Loss: 0.6570, Accuracy: 71.00%, Precision: 0.68, Recall: 0.75, F1: 0.71, AUC: 0.71
Epoch [3/100] [TRAIN] Loss: 0.6785, Accuracy: 62.50%, AUC: 0.62 [VAL] Loss: 0.6410, Accuracy: 72.00%, Precision: 0.69, Recall: 0.77, F1: 0.73, AUC: 0.72
Epoch [4/100] [TRAIN] Loss: 0.6578, Accuracy: 67.75%, AUC: 0.68 [VAL] Loss: 0.6305, Accuracy: 73.00%, Precision: 0.70, Recall: 0.77, F1: 0.73, AUC: 0.73
Epoch [5/100] [TRAIN] Loss: 0.6493, Accuracy: 68.00%, AUC: 0.68 [VAL] Loss: 0.6233, Accuracy: 73.00%, Precision: 0.70, Recall: 0.77, F1: 0.73, AUC: 0.73
Epoch [6/100] [TRAIN] Loss: 0.6435, Accuracy: 68.25%, AUC: 0.68 [VAL] Loss: 0.6192, Accuracy: 74.00%, Precision: 0.70, Recall: 0.79, F1: 0.75, AUC: 0.74
Epoch [7/100] [TRAIN] Loss: 0.6234, Accuracy: 70.50%, AUC: 0.71 [VAL] Loss: 0.6154, Accuracy: 74.00%, Precision: 0.70, Recall: 0.79, F1: 0.75, AUC: 0.74
Epoch [8/100] [TRAIN] Loss: 0.6080, Accuracy: 72.50%, AUC: 0.73 [VAL] Loss: 0.6124, Accuracy: 74.00%, Precision: 0.70, Recall: 0.79, F1: 0.75, AUC: 0.74
Epoch [9/100] [TRAIN] Loss: 0.6027, Accuracy: 72.25%, AUC: 0.72 [VAL] Loss: 0.6099, Accuracy: 74.00%, Precision: 0.70, Recall: 0.79, F1: 0.75, AUC: 0.74
Epoch [10/100] [TRAIN] Loss: 0.6260, Accuracy: 70.38%, AUC: 0.70 [VAL] Loss: 0.6084, Accuracy: 73.00%, Precision: 0.70, Recall: 0.77, F1: 0.73, AUC: 0.73
Epoch [11/100] [TRAIN] Loss: 0.6310, Accuracy: 72.62%, AUC: 0.73 [VAL] Loss: 0.6073, Accuracy: 73.00%, Precision: 0.70, Recall: 0.77, F1: 0.73, AUC: 0.73
Epoch [12/100] [TRAIN] Loss: 0.6246, Accuracy: 73.38%, AUC: 0.73 [VAL] Loss: 0.6064, Accuracy: 73.00%, Precision: 0.70, Recall: 0.77, F1: 0.73, AUC: 0.73
Epoch [13/100] [TRAIN] Loss: 0.6003, Accuracy: 72.12%, AUC: 0.72 [VAL] Loss: 0.6055, Accuracy: 74.00%, Precision: 0.70, Recall: 0.79, F1: 0.75, AUC: 0.74
Epoch [14/100] [TRAIN] Loss: 0.5905, Accuracy: 73.38%, AUC: 0.73 [VAL] Loss: 0.6044, Accuracy: 74.00%, Precision: 0.70, Recall: 0.79, F1: 0.75, AUC: 0.74
Epoch [15/100] [TRAIN] Loss: 0.5947, Accuracy: 72.88%, AUC: 0.73 [VAL] Loss: 0.6038, Accuracy: 74.00%, Precision: 0.70, Recall: 0.79, F1: 0.75, AUC: 0.74
Epoch [16/100] [TRAIN] Loss: 0.5830, Accuracy: 75.00%, AUC: 0.75 [VAL] Loss: 0.6034, Accuracy: 73.00%, Precision: 0.70, Recall: 0.77, F1: 0.73, AUC: 0.73
Epoch [17/100] [TRAIN] Loss: 0.5908, Accuracy: 73.00%, AUC: 0.73 [VAL] Loss: 0.6030, Accuracy: 73.00%, Precision: 0.70, Recall: 0.77, F1: 0.73, AUC: 0.73
Epoch [18/100] [TRAIN] Loss: 0.5894, Accuracy: 73.38%, AUC: 0.73 [VAL] Loss: 0.6025, Accuracy: 73.00%, Precision: 0.70, Recall: 0.77, F1: 0.73, AUC: 0.73
Epoch [19/100] [TRAIN] Loss: 0.5978, Accuracy: 72.75%, AUC: 0.73 [VAL] Loss: 0.6023, Accuracy: 73.00%, Precision: 0.70, Recall: 0.77, F1: 0.73, AUC: 0.73
Epoch [20/100] [TRAIN] Loss: 0.5967, Accuracy: 72.38%, AUC: 0.72 [VAL] Loss: 0.6021, Accuracy: 73.00%, Precision: 0.70, Recall: 0.77, F1: 0.73, AUC: 0.73
Epoch [21/100] [TRAIN] Loss: 0.5919, Accuracy: 73.88%, AUC: 0.74 [VAL] Loss: 0.6016, Accuracy: 73.00%, Precision: 0.70, Recall: 0.77, F1: 0.73, AUC: 0.73
Epoch [22/100] [TRAIN] Loss: 0.5935, Accuracy: 71.88%, AUC: 0.72 [VAL] Loss: 0.6015, Accuracy: 73.00%, Precision: 0.70, Recall: 0.77, F1: 0.73, AUC: 0.73
Epoch [23/100] [TRAIN] Loss: 0.6028, Accuracy: 73.38%, AUC: 0.73 [VAL] Loss: 0.6017, Accuracy: 73.00%, Precision: 0.70, Recall: 0.77, F1: 0.73, AUC: 0.73
Epoch [24/100] [TRAIN] Loss: 0.5986, Accuracy: 73.00%, AUC: 0.73 [VAL] Loss: 0.6014, Accuracy: 73.00%, Precision: 0.70, Recall: 0.77, F1: 0.73, AUC: 0.73
Epoch [25/100] [TRAIN] Loss: 0.5833, Accuracy: 73.50%, AUC: 0.74 [VAL] Loss: 0.6013, Accuracy: 73.00%, Precision: 0.70, Recall: 0.77, F1: 0.73, AUC: 0.73
Epoch [26/100] [TRAIN] Loss: 0.5774, Accuracy: 73.12%, AUC: 0.73 [VAL] Loss: 0.6012, Accuracy: 73.00%, Precision: 0.70, Recall: 0.77, F1: 0.73, AUC: 0.73
Epoch [27/100] [TRAIN] Loss: 0.5750, Accuracy: 74.00%, AUC: 0.74 [VAL] Loss: 0.6012, Accuracy: 73.00%, Precision: 0.70, Recall: 0.77, F1: 0.73, AUC: 0.73
Epoch [28/100] [TRAIN] Loss: 0.5926, Accuracy: 73.00%, AUC: 0.73 [VAL] Loss: 0.6010, Accuracy: 73.00%, Precision: 0.70, Recall: 0.77, F1: 0.73, AUC: 0.73
Epoch [29/100] [TRAIN] Loss: 0.5793, Accuracy: 74.62%, AUC: 0.75 [VAL] Loss: 0.6009, Accuracy: 73.00%, Precision: 0.70, Recall: 0.77, F1: 0.73, AUC: 0.73
Epoch [30/100] [TRAIN] Loss: 0.5629, Accuracy: 74.00%, AUC: 0.74 [VAL] Loss: 0.6009, Accuracy: 73.00%, Precision: 0.70, Recall: 0.77, F1: 0.73, AUC: 0.73
Epoch [31/100] [TRAIN] Loss: 0.5768, Accuracy: 73.25%, AUC: 0.73 [VAL] Loss: 0.6009, Accuracy: 73.00%, Precision: 0.70, Recall: 0.77, F1: 0.73, AUC: 0.73
Epoch [32/100] [TRAIN] Loss: 0.5865, Accuracy: 75.38%, AUC: 0.75 [VAL] Loss: 0.6007, Accuracy: 73.00%, Precision: 0.70, Recall: 0.77, F1: 0.73, AUC: 0.73
Epoch [33/100] [TRAIN] Loss: 0.5748, Accuracy: 72.88%, AUC: 0.73 [VAL] Loss: 0.6006, Accuracy: 73.00%, Precision: 0.70, Recall: 0.77, F1: 0.73, AUC: 0.73
Epoch [34/100] [TRAIN] Loss: 0.5965, Accuracy: 73.25%, AUC: 0.73 [VAL] Loss: 0.6004, Accuracy: 73.00%, Precision: 0.70, Recall: 0.77, F1: 0.73, AUC: 0.73
Epoch [35/100] [TRAIN] Loss: 0.5852, Accuracy: 72.50%, AUC: 0.73 [VAL] Loss: 0.6001, Accuracy: 73.00%, Precision: 0.70, Recall: 0.77, F1: 0.73, AUC: 0.73
Epoch [36/100] [TRAIN] Loss: 0.5957, Accuracy: 74.88%, AUC: 0.75 [VAL] Loss: 0.5996, Accuracy: 73.00%, Precision: 0.70, Recall: 0.77, F1: 0.73, AUC: 0.73
Epoch [37/100] [TRAIN] Loss: 0.5763, Accuracy: 73.38%, AUC: 0.73 [VAL] Loss: 0.5993, Accuracy: 72.00%, Precision: 0.69, Recall: 0.75, F1: 0.72, AUC: 0.72
Epoch [38/100] [TRAIN] Loss: 0.5658, Accuracy: 75.38%, AUC: 0.75 [VAL] Loss: 0.5994, Accuracy: 72.00%, Precision: 0.69, Recall: 0.75, F1: 0.72, AUC: 0.72
Epoch [39/100] [TRAIN] Loss: 0.5924, Accuracy: 73.38%, AUC: 0.73 [VAL] Loss: 0.5994, Accuracy: 72.00%, Precision: 0.69, Recall: 0.75, F1: 0.72, AUC: 0.72
Epoch [40/100] [TRAIN] Loss: 0.5859, Accuracy: 74.38%, AUC: 0.74 [VAL] Loss: 0.5993, Accuracy: 72.00%, Precision: 0.69, Recall: 0.75, F1: 0.72, AUC: 0.72
Epoch [41/100] [TRAIN] Loss: 0.5976, Accuracy: 74.50%, AUC: 0.74 [VAL] Loss: 0.5995, Accuracy: 72.00%, Precision: 0.69, Recall: 0.75, F1: 0.72, AUC: 0.72
Epoch [42/100] [TRAIN] Loss: 0.5801, Accuracy: 72.62%, AUC: 0.73 [VAL] Loss: 0.5993, Accuracy: 72.00%, Precision: 0.69, Recall: 0.75, F1: 0.72, AUC: 0.72
Epoch [43/100] [TRAIN] Loss: 0.5854, Accuracy: 73.75%, AUC: 0.74 [VAL] Loss: 0.5989, Accuracy: 72.00%, Precision: 0.69, Recall: 0.75, F1: 0.72, AUC: 0.72
Epoch [44/100] [TRAIN] Loss: 0.5740, Accuracy: 75.00%, AUC: 0.75 [VAL] Loss: 0.5989, Accuracy: 72.00%, Precision: 0.69, Recall: 0.75, F1: 0.72, AUC: 0.72
Epoch [45/100] [TRAIN] Loss: 0.5901, Accuracy: 74.88%, AUC: 0.75 [VAL] Loss: 0.5987, Accuracy: 72.00%, Precision: 0.69, Recall: 0.75, F1: 0.72, AUC: 0.72
Epoch [46/100] [TRAIN] Loss: 0.5620, Accuracy: 75.12%, AUC: 0.75 [VAL] Loss: 0.5986, Accuracy: 72.00%, Precision: 0.69, Recall: 0.75, F1: 0.72, AUC: 0.72
Epoch [47/100] [TRAIN] Loss: 0.5823, Accuracy: 73.25%, AUC: 0.73 [VAL] Loss: 0.5985, Accuracy: 72.00%, Precision: 0.69, Recall: 0.75, F1: 0.72, AUC: 0.72
Epoch [48/100] [TRAIN] Loss: 0.5524, Accuracy: 75.38%, AUC: 0.75 [VAL] Loss: 0.5987, Accuracy: 72.00%, Precision: 0.69, Recall: 0.75, F1: 0.72, AUC: 0.72
Epoch [49/100] [TRAIN] Loss: 0.5474, Accuracy: 76.62%, AUC: 0.77 [VAL] Loss: 0.5990, Accuracy: 72.00%, Precision: 0.69, Recall: 0.75, F1: 0.72, AUC: 0.72
Epoch [50/100] [TRAIN] Loss: 0.5555, Accuracy: 76.50%, AUC: 0.77 [VAL] Loss: 0.5992, Accuracy: 72.00%, Precision: 0.69, Recall: 0.75, F1: 0.72, AUC: 0.72
Epoch [51/100] [TRAIN] Loss: 0.5672, Accuracy: 76.88%, AUC: 0.77 [VAL] Loss: 0.5989, Accuracy: 72.00%, Precision: 0.69, Recall: 0.75, F1: 0.72, AUC: 0.72
Epoch [52/100] [TRAIN] Loss: 0.5541, Accuracy: 76.75%, AUC: 0.77 [VAL] Loss: 0.5990, Accuracy: 72.00%, Precision: 0.69, Recall: 0.75, F1: 0.72, AUC: 0.72
Epoch [53/100] [TRAIN] Loss: 0.5639, Accuracy: 75.38%, AUC: 0.75 [VAL] Loss: 0.5993, Accuracy: 72.00%, Precision: 0.69, Recall: 0.75, F1: 0.72, AUC: 0.72
Epoch [54/100] [TRAIN] Loss: 0.5845, Accuracy: 74.00%, AUC: 0.74 [VAL] Loss: 0.5993, Accuracy: 72.00%, Precision: 0.69, Recall: 0.75, F1: 0.72, AUC: 0.72
Epoch [55/100] [TRAIN] Loss: 0.5721, Accuracy: 73.88%, AUC: 0.74 [VAL] Loss: 0.5992, Accuracy: 72.00%, Precision: 0.69, Recall: 0.75, F1: 0.72, AUC: 0.72
Epoch [56/100] [TRAIN] Loss: 0.5636, Accuracy: 75.75%, AUC: 0.76 [VAL] Loss: 0.5993, Accuracy: 72.00%, Precision: 0.69, Recall: 0.75, F1: 0.72, AUC: 0.72
Epoch [57/100] [TRAIN] Loss: 0.5705, Accuracy: 74.38%, AUC: 0.74 [VAL] Loss: 0.5993, Accuracy: 72.00%, Precision: 0.69, Recall: 0.75, F1: 0.72, AUC: 0.72
  Early stopping at epoch 57 (no val_loss improvement for 10 epochs)
Seed: 1011
Accuracy:  72.00 %
AUC:       0.7201
Precision: 0.6596
Recall:    0.7209
F1-Score:  0.6889

Detailed Classification Report:
              precision    recall  f1-score   support

           0       0.77      0.72      0.75        57
           1       0.66      0.72      0.69        43

    accuracy                           0.72       100
   macro avg       0.72      0.72      0.72       100
weighted avg       0.72      0.72      0.72       100


Confusion Matrix:
[[41 16]
 [12 31]]


008-H3K4me3-H3K27me3
Train label distribution:
  Label 0:    422 (52.8%)
  Label 1:    378 (47.2%)
Val label distribution:
  Label 0:     52 (52.0%)
  Label 1:     48 (48.0%)
Test label distribution:
  Label 0:     57 (57.0%)
  Label 1:     43 (43.0%)
Epoch [1/100] [TRAIN] Loss: 0.7407, Accuracy: 47.25%, AUC: 0.47 [VAL] Loss: 0.7155, Accuracy: 53.00%, Precision: 0.51, Recall: 0.52, F1: 0.52, AUC: 0.53
Epoch [2/100] [TRAIN] Loss: 0.7258, Accuracy: 50.38%, AUC: 0.50 [VAL] Loss: 0.6993, Accuracy: 61.00%, Precision: 0.58, Recall: 0.67, F1: 0.62, AUC: 0.61
Epoch [3/100] [TRAIN] Loss: 0.7048, Accuracy: 56.62%, AUC: 0.57 [VAL] Loss: 0.6853, Accuracy: 67.00%, Precision: 0.64, Recall: 0.71, F1: 0.67, AUC: 0.67
Epoch [4/100] [TRAIN] Loss: 0.6885, Accuracy: 61.50%, AUC: 0.61 [VAL] Loss: 0.6740, Accuracy: 66.00%, Precision: 0.62, Recall: 0.73, F1: 0.67, AUC: 0.66
Epoch [5/100] [TRAIN] Loss: 0.6796, Accuracy: 62.88%, AUC: 0.63 [VAL] Loss: 0.6643, Accuracy: 68.00%, Precision: 0.64, Recall: 0.75, F1: 0.69, AUC: 0.68
Epoch [6/100] [TRAIN] Loss: 0.6689, Accuracy: 66.00%, AUC: 0.66 [VAL] Loss: 0.6555, Accuracy: 69.00%, Precision: 0.65, Recall: 0.75, F1: 0.70, AUC: 0.69
Epoch [7/100] [TRAIN] Loss: 0.6659, Accuracy: 65.62%, AUC: 0.66 [VAL] Loss: 0.6485, Accuracy: 70.00%, Precision: 0.67, Recall: 0.75, F1: 0.71, AUC: 0.70
Epoch [8/100] [TRAIN] Loss: 0.6511, Accuracy: 68.88%, AUC: 0.69 [VAL] Loss: 0.6421, Accuracy: 70.00%, Precision: 0.67, Recall: 0.75, F1: 0.71, AUC: 0.70
Epoch [9/100] [TRAIN] Loss: 0.6471, Accuracy: 68.88%, AUC: 0.69 [VAL] Loss: 0.6366, Accuracy: 70.00%, Precision: 0.67, Recall: 0.75, F1: 0.71, AUC: 0.70
Epoch [10/100] [TRAIN] Loss: 0.6323, Accuracy: 70.00%, AUC: 0.70 [VAL] Loss: 0.6317, Accuracy: 70.00%, Precision: 0.67, Recall: 0.75, F1: 0.71, AUC: 0.70
Epoch [11/100] [TRAIN] Loss: 0.6227, Accuracy: 71.00%, AUC: 0.71 [VAL] Loss: 0.6271, Accuracy: 70.00%, Precision: 0.67, Recall: 0.75, F1: 0.71, AUC: 0.70
Epoch [12/100] [TRAIN] Loss: 0.6265, Accuracy: 69.62%, AUC: 0.70 [VAL] Loss: 0.6237, Accuracy: 70.00%, Precision: 0.67, Recall: 0.75, F1: 0.71, AUC: 0.70
Epoch [13/100] [TRAIN] Loss: 0.6199, Accuracy: 70.12%, AUC: 0.70 [VAL] Loss: 0.6205, Accuracy: 71.00%, Precision: 0.68, Recall: 0.75, F1: 0.71, AUC: 0.71
Epoch [14/100] [TRAIN] Loss: 0.6160, Accuracy: 70.38%, AUC: 0.70 [VAL] Loss: 0.6183, Accuracy: 71.00%, Precision: 0.68, Recall: 0.75, F1: 0.71, AUC: 0.71
Epoch [15/100] [TRAIN] Loss: 0.6017, Accuracy: 72.12%, AUC: 0.72 [VAL] Loss: 0.6161, Accuracy: 72.00%, Precision: 0.69, Recall: 0.75, F1: 0.72, AUC: 0.72
Epoch [16/100] [TRAIN] Loss: 0.6088, Accuracy: 72.00%, AUC: 0.72 [VAL] Loss: 0.6143, Accuracy: 72.00%, Precision: 0.69, Recall: 0.75, F1: 0.72, AUC: 0.72
Epoch [17/100] [TRAIN] Loss: 0.6046, Accuracy: 72.38%, AUC: 0.72 [VAL] Loss: 0.6130, Accuracy: 72.00%, Precision: 0.69, Recall: 0.75, F1: 0.72, AUC: 0.72
Epoch [18/100] [TRAIN] Loss: 0.6002, Accuracy: 71.62%, AUC: 0.72 [VAL] Loss: 0.6121, Accuracy: 72.00%, Precision: 0.69, Recall: 0.75, F1: 0.72, AUC: 0.72
Epoch [19/100] [TRAIN] Loss: 0.6075, Accuracy: 70.75%, AUC: 0.71 [VAL] Loss: 0.6113, Accuracy: 72.00%, Precision: 0.69, Recall: 0.75, F1: 0.72, AUC: 0.72
Epoch [20/100] [TRAIN] Loss: 0.5931, Accuracy: 71.88%, AUC: 0.72 [VAL] Loss: 0.6107, Accuracy: 72.00%, Precision: 0.69, Recall: 0.75, F1: 0.72, AUC: 0.72
Epoch [21/100] [TRAIN] Loss: 0.5918, Accuracy: 71.88%, AUC: 0.72 [VAL] Loss: 0.6102, Accuracy: 72.00%, Precision: 0.69, Recall: 0.75, F1: 0.72, AUC: 0.72
Epoch [22/100] [TRAIN] Loss: 0.6015, Accuracy: 72.50%, AUC: 0.72 [VAL] Loss: 0.6098, Accuracy: 72.00%, Precision: 0.69, Recall: 0.75, F1: 0.72, AUC: 0.72
Epoch [23/100] [TRAIN] Loss: 0.5978, Accuracy: 72.38%, AUC: 0.72 [VAL] Loss: 0.6094, Accuracy: 72.00%, Precision: 0.69, Recall: 0.75, F1: 0.72, AUC: 0.72
Epoch [24/100] [TRAIN] Loss: 0.5937, Accuracy: 72.50%, AUC: 0.72 [VAL] Loss: 0.6091, Accuracy: 72.00%, Precision: 0.69, Recall: 0.75, F1: 0.72, AUC: 0.72
Epoch [25/100] [TRAIN] Loss: 0.5946, Accuracy: 72.62%, AUC: 0.73 [VAL] Loss: 0.6089, Accuracy: 72.00%, Precision: 0.69, Recall: 0.75, F1: 0.72, AUC: 0.72
Epoch [26/100] [TRAIN] Loss: 0.5901, Accuracy: 70.75%, AUC: 0.71 [VAL] Loss: 0.6087, Accuracy: 72.00%, Precision: 0.69, Recall: 0.75, F1: 0.72, AUC: 0.72
Epoch [27/100] [TRAIN] Loss: 0.5984, Accuracy: 72.25%, AUC: 0.72 [VAL] Loss: 0.6083, Accuracy: 72.00%, Precision: 0.69, Recall: 0.75, F1: 0.72, AUC: 0.72
Epoch [28/100] [TRAIN] Loss: 0.5922, Accuracy: 72.62%, AUC: 0.72 [VAL] Loss: 0.6082, Accuracy: 72.00%, Precision: 0.69, Recall: 0.75, F1: 0.72, AUC: 0.72
Epoch [29/100] [TRAIN] Loss: 0.5996, Accuracy: 72.75%, AUC: 0.73 [VAL] Loss: 0.6080, Accuracy: 72.00%, Precision: 0.69, Recall: 0.75, F1: 0.72, AUC: 0.72
Epoch [30/100] [TRAIN] Loss: 0.5821, Accuracy: 72.88%, AUC: 0.73 [VAL] Loss: 0.6079, Accuracy: 72.00%, Precision: 0.69, Recall: 0.75, F1: 0.72, AUC: 0.72
Epoch [31/100] [TRAIN] Loss: 0.5812, Accuracy: 71.88%, AUC: 0.72 [VAL] Loss: 0.6079, Accuracy: 72.00%, Precision: 0.69, Recall: 0.75, F1: 0.72, AUC: 0.72
Epoch [32/100] [TRAIN] Loss: 0.5921, Accuracy: 71.00%, AUC: 0.71 [VAL] Loss: 0.6077, Accuracy: 72.00%, Precision: 0.69, Recall: 0.75, F1: 0.72, AUC: 0.72
Epoch [33/100] [TRAIN] Loss: 0.5896, Accuracy: 73.25%, AUC: 0.73 [VAL] Loss: 0.6076, Accuracy: 72.00%, Precision: 0.69, Recall: 0.75, F1: 0.72, AUC: 0.72
Epoch [34/100] [TRAIN] Loss: 0.5898, Accuracy: 72.50%, AUC: 0.72 [VAL] Loss: 0.6076, Accuracy: 72.00%, Precision: 0.69, Recall: 0.75, F1: 0.72, AUC: 0.72
Epoch [35/100] [TRAIN] Loss: 0.5720, Accuracy: 73.38%, AUC: 0.73 [VAL] Loss: 0.6074, Accuracy: 72.00%, Precision: 0.69, Recall: 0.75, F1: 0.72, AUC: 0.72
Epoch [36/100] [TRAIN] Loss: 0.5827, Accuracy: 72.62%, AUC: 0.73 [VAL] Loss: 0.6073, Accuracy: 72.00%, Precision: 0.69, Recall: 0.75, F1: 0.72, AUC: 0.72
Epoch [37/100] [TRAIN] Loss: 0.5709, Accuracy: 73.12%, AUC: 0.73 [VAL] Loss: 0.6074, Accuracy: 72.00%, Precision: 0.69, Recall: 0.75, F1: 0.72, AUC: 0.72
Epoch [38/100] [TRAIN] Loss: 0.5799, Accuracy: 72.38%, AUC: 0.72 [VAL] Loss: 0.6075, Accuracy: 72.00%, Precision: 0.69, Recall: 0.75, F1: 0.72, AUC: 0.72
Epoch [39/100] [TRAIN] Loss: 0.5858, Accuracy: 72.25%, AUC: 0.72 [VAL] Loss: 0.6074, Accuracy: 72.00%, Precision: 0.69, Recall: 0.75, F1: 0.72, AUC: 0.72
Epoch [40/100] [TRAIN] Loss: 0.5928, Accuracy: 73.50%, AUC: 0.73 [VAL] Loss: 0.6070, Accuracy: 72.00%, Precision: 0.69, Recall: 0.75, F1: 0.72, AUC: 0.72
Epoch [41/100] [TRAIN] Loss: 0.5825, Accuracy: 72.00%, AUC: 0.72 [VAL] Loss: 0.6070, Accuracy: 72.00%, Precision: 0.69, Recall: 0.75, F1: 0.72, AUC: 0.72
Epoch [42/100] [TRAIN] Loss: 0.5813, Accuracy: 73.12%, AUC: 0.73 [VAL] Loss: 0.6066, Accuracy: 72.00%, Precision: 0.69, Recall: 0.75, F1: 0.72, AUC: 0.72
Epoch [43/100] [TRAIN] Loss: 0.5774, Accuracy: 73.00%, AUC: 0.73 [VAL] Loss: 0.6065, Accuracy: 72.00%, Precision: 0.69, Recall: 0.75, F1: 0.72, AUC: 0.72
Epoch [44/100] [TRAIN] Loss: 0.5785, Accuracy: 74.00%, AUC: 0.74 [VAL] Loss: 0.6066, Accuracy: 72.00%, Precision: 0.69, Recall: 0.75, F1: 0.72, AUC: 0.72
Epoch [45/100] [TRAIN] Loss: 0.5741, Accuracy: 72.75%, AUC: 0.73 [VAL] Loss: 0.6065, Accuracy: 72.00%, Precision: 0.69, Recall: 0.75, F1: 0.72, AUC: 0.72
Epoch [46/100] [TRAIN] Loss: 0.5719, Accuracy: 74.75%, AUC: 0.75 [VAL] Loss: 0.6066, Accuracy: 72.00%, Precision: 0.69, Recall: 0.75, F1: 0.72, AUC: 0.72
Epoch [47/100] [TRAIN] Loss: 0.5846, Accuracy: 73.38%, AUC: 0.73 [VAL] Loss: 0.6062, Accuracy: 72.00%, Precision: 0.69, Recall: 0.75, F1: 0.72, AUC: 0.72
Epoch [48/100] [TRAIN] Loss: 0.5768, Accuracy: 72.50%, AUC: 0.72 [VAL] Loss: 0.6061, Accuracy: 72.00%, Precision: 0.69, Recall: 0.75, F1: 0.72, AUC: 0.72
Epoch [49/100] [TRAIN] Loss: 0.5832, Accuracy: 72.12%, AUC: 0.72 [VAL] Loss: 0.6055, Accuracy: 72.00%, Precision: 0.69, Recall: 0.75, F1: 0.72, AUC: 0.72
Epoch [50/100] [TRAIN] Loss: 0.5710, Accuracy: 74.00%, AUC: 0.74 [VAL] Loss: 0.6057, Accuracy: 72.00%, Precision: 0.69, Recall: 0.75, F1: 0.72, AUC: 0.72
Epoch [51/100] [TRAIN] Loss: 0.5737, Accuracy: 72.88%, AUC: 0.73 [VAL] Loss: 0.6053, Accuracy: 71.00%, Precision: 0.68, Recall: 0.75, F1: 0.71, AUC: 0.71
Epoch [52/100] [TRAIN] Loss: 0.5798, Accuracy: 71.62%, AUC: 0.72 [VAL] Loss: 0.6052, Accuracy: 71.00%, Precision: 0.68, Recall: 0.75, F1: 0.71, AUC: 0.71
Epoch [53/100] [TRAIN] Loss: 0.5690, Accuracy: 71.00%, AUC: 0.71 [VAL] Loss: 0.6053, Accuracy: 71.00%, Precision: 0.68, Recall: 0.75, F1: 0.71, AUC: 0.71
Epoch [54/100] [TRAIN] Loss: 0.5739, Accuracy: 73.38%, AUC: 0.73 [VAL] Loss: 0.6053, Accuracy: 71.00%, Precision: 0.68, Recall: 0.75, F1: 0.71, AUC: 0.71
Epoch [55/100] [TRAIN] Loss: 0.5737, Accuracy: 72.88%, AUC: 0.73 [VAL] Loss: 0.6050, Accuracy: 71.00%, Precision: 0.68, Recall: 0.75, F1: 0.71, AUC: 0.71
Epoch [56/100] [TRAIN] Loss: 0.5711, Accuracy: 73.38%, AUC: 0.73 [VAL] Loss: 0.6049, Accuracy: 71.00%, Precision: 0.68, Recall: 0.75, F1: 0.71, AUC: 0.71
Epoch [57/100] [TRAIN] Loss: 0.5807, Accuracy: 73.00%, AUC: 0.73 [VAL] Loss: 0.6046, Accuracy: 71.00%, Precision: 0.68, Recall: 0.75, F1: 0.71, AUC: 0.71
Epoch [58/100] [TRAIN] Loss: 0.5717, Accuracy: 74.62%, AUC: 0.74 [VAL] Loss: 0.6044, Accuracy: 71.00%, Precision: 0.68, Recall: 0.75, F1: 0.71, AUC: 0.71
Epoch [59/100] [TRAIN] Loss: 0.5768, Accuracy: 74.75%, AUC: 0.75 [VAL] Loss: 0.6043, Accuracy: 71.00%, Precision: 0.68, Recall: 0.75, F1: 0.71, AUC: 0.71
Epoch [60/100] [TRAIN] Loss: 0.5689, Accuracy: 72.75%, AUC: 0.73 [VAL] Loss: 0.6044, Accuracy: 71.00%, Precision: 0.68, Recall: 0.75, F1: 0.71, AUC: 0.71
Epoch [61/100] [TRAIN] Loss: 0.5722, Accuracy: 72.38%, AUC: 0.72 [VAL] Loss: 0.6043, Accuracy: 71.00%, Precision: 0.68, Recall: 0.75, F1: 0.71, AUC: 0.71
Epoch [62/100] [TRAIN] Loss: 0.5736, Accuracy: 72.88%, AUC: 0.73 [VAL] Loss: 0.6042, Accuracy: 71.00%, Precision: 0.68, Recall: 0.75, F1: 0.71, AUC: 0.71
Epoch [63/100] [TRAIN] Loss: 0.5810, Accuracy: 73.75%, AUC: 0.74 [VAL] Loss: 0.6039, Accuracy: 71.00%, Precision: 0.68, Recall: 0.75, F1: 0.71, AUC: 0.71
Epoch [64/100] [TRAIN] Loss: 0.5658, Accuracy: 73.88%, AUC: 0.74 [VAL] Loss: 0.6038, Accuracy: 71.00%, Precision: 0.68, Recall: 0.75, F1: 0.71, AUC: 0.71
Epoch [65/100] [TRAIN] Loss: 0.5686, Accuracy: 71.88%, AUC: 0.72 [VAL] Loss: 0.6040, Accuracy: 71.00%, Precision: 0.68, Recall: 0.75, F1: 0.71, AUC: 0.71
Epoch [66/100] [TRAIN] Loss: 0.5524, Accuracy: 73.75%, AUC: 0.74 [VAL] Loss: 0.6040, Accuracy: 71.00%, Precision: 0.68, Recall: 0.75, F1: 0.71, AUC: 0.71
Epoch [67/100] [TRAIN] Loss: 0.5684, Accuracy: 73.25%, AUC: 0.73 [VAL] Loss: 0.6041, Accuracy: 71.00%, Precision: 0.68, Recall: 0.75, F1: 0.71, AUC: 0.71
Epoch [68/100] [TRAIN] Loss: 0.5845, Accuracy: 74.00%, AUC: 0.74 [VAL] Loss: 0.6042, Accuracy: 71.00%, Precision: 0.68, Recall: 0.75, F1: 0.71, AUC: 0.71
Epoch [69/100] [TRAIN] Loss: 0.5703, Accuracy: 73.38%, AUC: 0.73 [VAL] Loss: 0.6035, Accuracy: 71.00%, Precision: 0.68, Recall: 0.75, F1: 0.71, AUC: 0.71
Epoch [70/100] [TRAIN] Loss: 0.5781, Accuracy: 73.62%, AUC: 0.74 [VAL] Loss: 0.6028, Accuracy: 71.00%, Precision: 0.68, Recall: 0.75, F1: 0.71, AUC: 0.71
Epoch [71/100] [TRAIN] Loss: 0.5741, Accuracy: 72.75%, AUC: 0.73 [VAL] Loss: 0.6025, Accuracy: 71.00%, Precision: 0.68, Recall: 0.75, F1: 0.71, AUC: 0.71
Epoch [72/100] [TRAIN] Loss: 0.5796, Accuracy: 72.25%, AUC: 0.72 [VAL] Loss: 0.6022, Accuracy: 70.00%, Precision: 0.67, Recall: 0.73, F1: 0.70, AUC: 0.70
Epoch [73/100] [TRAIN] Loss: 0.5549, Accuracy: 75.62%, AUC: 0.76 [VAL] Loss: 0.6024, Accuracy: 71.00%, Precision: 0.68, Recall: 0.75, F1: 0.71, AUC: 0.71
Epoch [74/100] [TRAIN] Loss: 0.5863, Accuracy: 72.00%, AUC: 0.72 [VAL] Loss: 0.6017, Accuracy: 70.00%, Precision: 0.67, Recall: 0.73, F1: 0.70, AUC: 0.70
Epoch [75/100] [TRAIN] Loss: 0.5799, Accuracy: 73.62%, AUC: 0.73 [VAL] Loss: 0.6012, Accuracy: 70.00%, Precision: 0.67, Recall: 0.73, F1: 0.70, AUC: 0.70
Epoch [76/100] [TRAIN] Loss: 0.5768, Accuracy: 71.88%, AUC: 0.72 [VAL] Loss: 0.6010, Accuracy: 70.00%, Precision: 0.67, Recall: 0.73, F1: 0.70, AUC: 0.70
Epoch [77/100] [TRAIN] Loss: 0.5672, Accuracy: 73.62%, AUC: 0.74 [VAL] Loss: 0.6012, Accuracy: 70.00%, Precision: 0.67, Recall: 0.73, F1: 0.70, AUC: 0.70
Epoch [78/100] [TRAIN] Loss: 0.5601, Accuracy: 72.88%, AUC: 0.73 [VAL] Loss: 0.6011, Accuracy: 70.00%, Precision: 0.67, Recall: 0.73, F1: 0.70, AUC: 0.70
Epoch [79/100] [TRAIN] Loss: 0.5853, Accuracy: 73.25%, AUC: 0.73 [VAL] Loss: 0.6006, Accuracy: 70.00%, Precision: 0.67, Recall: 0.73, F1: 0.70, AUC: 0.70
Epoch [80/100] [TRAIN] Loss: 0.5705, Accuracy: 73.12%, AUC: 0.73 [VAL] Loss: 0.6003, Accuracy: 70.00%, Precision: 0.67, Recall: 0.73, F1: 0.70, AUC: 0.70
Epoch [81/100] [TRAIN] Loss: 0.5627, Accuracy: 71.62%, AUC: 0.72 [VAL] Loss: 0.6003, Accuracy: 70.00%, Precision: 0.67, Recall: 0.73, F1: 0.70, AUC: 0.70
Epoch [82/100] [TRAIN] Loss: 0.5774, Accuracy: 73.00%, AUC: 0.73 [VAL] Loss: 0.6004, Accuracy: 70.00%, Precision: 0.67, Recall: 0.73, F1: 0.70, AUC: 0.70
Epoch [83/100] [TRAIN] Loss: 0.5686, Accuracy: 73.50%, AUC: 0.73 [VAL] Loss: 0.6005, Accuracy: 70.00%, Precision: 0.67, Recall: 0.73, F1: 0.70, AUC: 0.70
Epoch [84/100] [TRAIN] Loss: 0.5666, Accuracy: 75.25%, AUC: 0.75 [VAL] Loss: 0.6005, Accuracy: 70.00%, Precision: 0.67, Recall: 0.73, F1: 0.70, AUC: 0.70
Epoch [85/100] [TRAIN] Loss: 0.5728, Accuracy: 73.38%, AUC: 0.73 [VAL] Loss: 0.6004, Accuracy: 70.00%, Precision: 0.67, Recall: 0.73, F1: 0.70, AUC: 0.70
Epoch [86/100] [TRAIN] Loss: 0.5750, Accuracy: 74.25%, AUC: 0.74 [VAL] Loss: 0.6001, Accuracy: 70.00%, Precision: 0.67, Recall: 0.73, F1: 0.70, AUC: 0.70
Epoch [87/100] [TRAIN] Loss: 0.5625, Accuracy: 73.62%, AUC: 0.73 [VAL] Loss: 0.5997, Accuracy: 70.00%, Precision: 0.67, Recall: 0.73, F1: 0.70, AUC: 0.70
Epoch [88/100] [TRAIN] Loss: 0.5621, Accuracy: 74.25%, AUC: 0.74 [VAL] Loss: 0.6002, Accuracy: 70.00%, Precision: 0.67, Recall: 0.73, F1: 0.70, AUC: 0.70
Epoch [89/100] [TRAIN] Loss: 0.5753, Accuracy: 73.75%, AUC: 0.74 [VAL] Loss: 0.6001, Accuracy: 70.00%, Precision: 0.67, Recall: 0.73, F1: 0.70, AUC: 0.70
Epoch [90/100] [TRAIN] Loss: 0.5703, Accuracy: 75.88%, AUC: 0.76 [VAL] Loss: 0.5996, Accuracy: 70.00%, Precision: 0.67, Recall: 0.73, F1: 0.70, AUC: 0.70
Epoch [91/100] [TRAIN] Loss: 0.5627, Accuracy: 75.00%, AUC: 0.75 [VAL] Loss: 0.5995, Accuracy: 70.00%, Precision: 0.67, Recall: 0.73, F1: 0.70, AUC: 0.70
Epoch [92/100] [TRAIN] Loss: 0.5697, Accuracy: 74.50%, AUC: 0.74 [VAL] Loss: 0.5996, Accuracy: 70.00%, Precision: 0.67, Recall: 0.73, F1: 0.70, AUC: 0.70
Epoch [93/100] [TRAIN] Loss: 0.5700, Accuracy: 73.50%, AUC: 0.73 [VAL] Loss: 0.5994, Accuracy: 70.00%, Precision: 0.67, Recall: 0.73, F1: 0.70, AUC: 0.70
Epoch [94/100] [TRAIN] Loss: 0.5721, Accuracy: 73.00%, AUC: 0.73 [VAL] Loss: 0.5997, Accuracy: 70.00%, Precision: 0.67, Recall: 0.73, F1: 0.70, AUC: 0.70
Epoch [95/100] [TRAIN] Loss: 0.5706, Accuracy: 72.88%, AUC: 0.73 [VAL] Loss: 0.5993, Accuracy: 70.00%, Precision: 0.67, Recall: 0.73, F1: 0.70, AUC: 0.70
Epoch [96/100] [TRAIN] Loss: 0.5650, Accuracy: 74.25%, AUC: 0.74 [VAL] Loss: 0.5990, Accuracy: 70.00%, Precision: 0.67, Recall: 0.73, F1: 0.70, AUC: 0.70
Epoch [97/100] [TRAIN] Loss: 0.5553, Accuracy: 73.62%, AUC: 0.73 [VAL] Loss: 0.5988, Accuracy: 70.00%, Precision: 0.67, Recall: 0.73, F1: 0.70, AUC: 0.70
Epoch [98/100] [TRAIN] Loss: 0.5544, Accuracy: 75.25%, AUC: 0.75 [VAL] Loss: 0.5990, Accuracy: 70.00%, Precision: 0.67, Recall: 0.73, F1: 0.70, AUC: 0.70
Epoch [99/100] [TRAIN] Loss: 0.5701, Accuracy: 73.38%, AUC: 0.73 [VAL] Loss: 0.5989, Accuracy: 70.00%, Precision: 0.67, Recall: 0.73, F1: 0.70, AUC: 0.70
Epoch [100/100] [TRAIN] Loss: 0.5793, Accuracy: 74.25%, AUC: 0.74 [VAL] Loss: 0.5984, Accuracy: 70.00%, Precision: 0.67, Recall: 0.73, F1: 0.70, AUC: 0.70
Seed: 1011
Accuracy:  74.00 %
AUC:       0.7434
Precision: 0.6735
Recall:    0.7674
F1-Score:  0.7174

Detailed Classification Report:
              precision    recall  f1-score   support

           0       0.80      0.72      0.76        57
           1       0.67      0.77      0.72        43

    accuracy                           0.74       100
   macro avg       0.74      0.74      0.74       100
weighted avg       0.75      0.74      0.74       100


Confusion Matrix:
[[41 16]
 [10 33]]


009-H3K9ac-H3K9me3
Train label distribution:
  Label 0:    422 (52.8%)
  Label 1:    378 (47.2%)
Val label distribution:
  Label 0:     52 (52.0%)
  Label 1:     48 (48.0%)
Test label distribution:
  Label 0:     57 (57.0%)
  Label 1:     43 (43.0%)
Epoch [1/100] [TRAIN] Loss: 0.7366, Accuracy: 48.62%, AUC: 0.49 [VAL] Loss: 0.7249, Accuracy: 49.00%, Precision: 0.47, Recall: 0.54, F1: 0.50, AUC: 0.49
Epoch [2/100] [TRAIN] Loss: 0.7286, Accuracy: 51.25%, AUC: 0.51 [VAL] Loss: 0.7159, Accuracy: 56.00%, Precision: 0.54, Recall: 0.58, F1: 0.56, AUC: 0.56
Epoch [3/100] [TRAIN] Loss: 0.7189, Accuracy: 55.50%, AUC: 0.56 [VAL] Loss: 0.7080, Accuracy: 60.00%, Precision: 0.57, Recall: 0.67, F1: 0.62, AUC: 0.60
Epoch [4/100] [TRAIN] Loss: 0.7084, Accuracy: 58.12%, AUC: 0.58 [VAL] Loss: 0.7009, Accuracy: 71.00%, Precision: 0.67, Recall: 0.77, F1: 0.72, AUC: 0.71
Epoch [5/100] [TRAIN] Loss: 0.7072, Accuracy: 60.12%, AUC: 0.60 [VAL] Loss: 0.6939, Accuracy: 72.00%, Precision: 0.68, Recall: 0.79, F1: 0.73, AUC: 0.72
Epoch [6/100] [TRAIN] Loss: 0.6985, Accuracy: 62.25%, AUC: 0.62 [VAL] Loss: 0.6878, Accuracy: 75.00%, Precision: 0.71, Recall: 0.81, F1: 0.76, AUC: 0.75
Epoch [7/100] [TRAIN] Loss: 0.6887, Accuracy: 63.88%, AUC: 0.64 [VAL] Loss: 0.6823, Accuracy: 74.00%, Precision: 0.70, Recall: 0.79, F1: 0.75, AUC: 0.74
Epoch [8/100] [TRAIN] Loss: 0.6808, Accuracy: 65.75%, AUC: 0.66 [VAL] Loss: 0.6768, Accuracy: 73.00%, Precision: 0.70, Recall: 0.77, F1: 0.73, AUC: 0.73
Epoch [9/100] [TRAIN] Loss: 0.6831, Accuracy: 67.50%, AUC: 0.67 [VAL] Loss: 0.6716, Accuracy: 72.00%, Precision: 0.69, Recall: 0.75, F1: 0.72, AUC: 0.72
Epoch [10/100] [TRAIN] Loss: 0.6708, Accuracy: 68.75%, AUC: 0.69 [VAL] Loss: 0.6661, Accuracy: 72.00%, Precision: 0.69, Recall: 0.75, F1: 0.72, AUC: 0.72
Epoch [11/100] [TRAIN] Loss: 0.6685, Accuracy: 66.88%, AUC: 0.67 [VAL] Loss: 0.6612, Accuracy: 71.00%, Precision: 0.68, Recall: 0.75, F1: 0.71, AUC: 0.71
Epoch [12/100] [TRAIN] Loss: 0.6589, Accuracy: 68.88%, AUC: 0.69 [VAL] Loss: 0.6566, Accuracy: 71.00%, Precision: 0.68, Recall: 0.75, F1: 0.71, AUC: 0.71
Epoch [13/100] [TRAIN] Loss: 0.6515, Accuracy: 70.00%, AUC: 0.70 [VAL] Loss: 0.6517, Accuracy: 71.00%, Precision: 0.68, Recall: 0.75, F1: 0.71, AUC: 0.71
Epoch [14/100] [TRAIN] Loss: 0.6487, Accuracy: 69.62%, AUC: 0.70 [VAL] Loss: 0.6474, Accuracy: 70.00%, Precision: 0.67, Recall: 0.75, F1: 0.71, AUC: 0.70
Epoch [15/100] [TRAIN] Loss: 0.6451, Accuracy: 70.12%, AUC: 0.70 [VAL] Loss: 0.6433, Accuracy: 70.00%, Precision: 0.67, Recall: 0.75, F1: 0.71, AUC: 0.70
Epoch [16/100] [TRAIN] Loss: 0.6433, Accuracy: 71.50%, AUC: 0.71 [VAL] Loss: 0.6394, Accuracy: 70.00%, Precision: 0.67, Recall: 0.75, F1: 0.71, AUC: 0.70
Epoch [17/100] [TRAIN] Loss: 0.6384, Accuracy: 71.88%, AUC: 0.72 [VAL] Loss: 0.6352, Accuracy: 70.00%, Precision: 0.67, Recall: 0.75, F1: 0.71, AUC: 0.70
Epoch [18/100] [TRAIN] Loss: 0.6369, Accuracy: 71.00%, AUC: 0.71 [VAL] Loss: 0.6313, Accuracy: 70.00%, Precision: 0.67, Recall: 0.75, F1: 0.71, AUC: 0.70
Epoch [19/100] [TRAIN] Loss: 0.6345, Accuracy: 69.50%, AUC: 0.70 [VAL] Loss: 0.6280, Accuracy: 70.00%, Precision: 0.67, Recall: 0.75, F1: 0.71, AUC: 0.70
Epoch [20/100] [TRAIN] Loss: 0.6284, Accuracy: 72.50%, AUC: 0.72 [VAL] Loss: 0.6245, Accuracy: 70.00%, Precision: 0.67, Recall: 0.75, F1: 0.71, AUC: 0.70
Epoch [21/100] [TRAIN] Loss: 0.6246, Accuracy: 71.25%, AUC: 0.71 [VAL] Loss: 0.6213, Accuracy: 70.00%, Precision: 0.67, Recall: 0.75, F1: 0.71, AUC: 0.70
Epoch [22/100] [TRAIN] Loss: 0.6261, Accuracy: 70.62%, AUC: 0.71 [VAL] Loss: 0.6185, Accuracy: 70.00%, Precision: 0.67, Recall: 0.75, F1: 0.71, AUC: 0.70
Epoch [23/100] [TRAIN] Loss: 0.6150, Accuracy: 71.00%, AUC: 0.71 [VAL] Loss: 0.6156, Accuracy: 70.00%, Precision: 0.67, Recall: 0.75, F1: 0.71, AUC: 0.70
Epoch [24/100] [TRAIN] Loss: 0.6118, Accuracy: 71.62%, AUC: 0.72 [VAL] Loss: 0.6129, Accuracy: 70.00%, Precision: 0.67, Recall: 0.75, F1: 0.71, AUC: 0.70
Epoch [25/100] [TRAIN] Loss: 0.6082, Accuracy: 72.38%, AUC: 0.72 [VAL] Loss: 0.6105, Accuracy: 70.00%, Precision: 0.67, Recall: 0.75, F1: 0.71, AUC: 0.70
Epoch [26/100] [TRAIN] Loss: 0.5967, Accuracy: 72.75%, AUC: 0.73 [VAL] Loss: 0.6080, Accuracy: 71.00%, Precision: 0.68, Recall: 0.75, F1: 0.71, AUC: 0.71
Epoch [27/100] [TRAIN] Loss: 0.6071, Accuracy: 71.12%, AUC: 0.71 [VAL] Loss: 0.6059, Accuracy: 72.00%, Precision: 0.69, Recall: 0.77, F1: 0.73, AUC: 0.72
Epoch [28/100] [TRAIN] Loss: 0.5986, Accuracy: 71.75%, AUC: 0.72 [VAL] Loss: 0.6039, Accuracy: 71.00%, Precision: 0.67, Recall: 0.77, F1: 0.72, AUC: 0.71
Epoch [29/100] [TRAIN] Loss: 0.6017, Accuracy: 71.62%, AUC: 0.72 [VAL] Loss: 0.6023, Accuracy: 71.00%, Precision: 0.67, Recall: 0.77, F1: 0.72, AUC: 0.71
Epoch [30/100] [TRAIN] Loss: 0.5930, Accuracy: 72.62%, AUC: 0.72 [VAL] Loss: 0.6006, Accuracy: 71.00%, Precision: 0.67, Recall: 0.77, F1: 0.72, AUC: 0.71
Epoch [31/100] [TRAIN] Loss: 0.5955, Accuracy: 73.50%, AUC: 0.73 [VAL] Loss: 0.5991, Accuracy: 71.00%, Precision: 0.67, Recall: 0.77, F1: 0.72, AUC: 0.71
Epoch [32/100] [TRAIN] Loss: 0.5889, Accuracy: 72.62%, AUC: 0.73 [VAL] Loss: 0.5979, Accuracy: 70.00%, Precision: 0.66, Recall: 0.77, F1: 0.71, AUC: 0.70
Epoch [33/100] [TRAIN] Loss: 0.5949, Accuracy: 74.00%, AUC: 0.74 [VAL] Loss: 0.5968, Accuracy: 70.00%, Precision: 0.66, Recall: 0.77, F1: 0.71, AUC: 0.70
Epoch [34/100] [TRAIN] Loss: 0.5932, Accuracy: 72.12%, AUC: 0.72 [VAL] Loss: 0.5957, Accuracy: 70.00%, Precision: 0.66, Recall: 0.77, F1: 0.71, AUC: 0.70
Epoch [35/100] [TRAIN] Loss: 0.5803, Accuracy: 74.38%, AUC: 0.74 [VAL] Loss: 0.5948, Accuracy: 70.00%, Precision: 0.66, Recall: 0.77, F1: 0.71, AUC: 0.70
Epoch [36/100] [TRAIN] Loss: 0.5973, Accuracy: 70.50%, AUC: 0.70 [VAL] Loss: 0.5941, Accuracy: 70.00%, Precision: 0.66, Recall: 0.77, F1: 0.71, AUC: 0.70
Epoch [37/100] [TRAIN] Loss: 0.5835, Accuracy: 71.62%, AUC: 0.72 [VAL] Loss: 0.5934, Accuracy: 70.00%, Precision: 0.66, Recall: 0.77, F1: 0.71, AUC: 0.70
Epoch [38/100] [TRAIN] Loss: 0.6077, Accuracy: 71.00%, AUC: 0.71 [VAL] Loss: 0.5928, Accuracy: 70.00%, Precision: 0.66, Recall: 0.77, F1: 0.71, AUC: 0.70
Epoch [39/100] [TRAIN] Loss: 0.5840, Accuracy: 73.62%, AUC: 0.74 [VAL] Loss: 0.5923, Accuracy: 70.00%, Precision: 0.66, Recall: 0.77, F1: 0.71, AUC: 0.70
Epoch [40/100] [TRAIN] Loss: 0.5882, Accuracy: 72.62%, AUC: 0.73 [VAL] Loss: 0.5917, Accuracy: 70.00%, Precision: 0.66, Recall: 0.77, F1: 0.71, AUC: 0.70
Epoch [41/100] [TRAIN] Loss: 0.5862, Accuracy: 72.62%, AUC: 0.73 [VAL] Loss: 0.5911, Accuracy: 70.00%, Precision: 0.66, Recall: 0.77, F1: 0.71, AUC: 0.70
Epoch [42/100] [TRAIN] Loss: 0.5852, Accuracy: 72.25%, AUC: 0.72 [VAL] Loss: 0.5906, Accuracy: 70.00%, Precision: 0.66, Recall: 0.77, F1: 0.71, AUC: 0.70
Epoch [43/100] [TRAIN] Loss: 0.5996, Accuracy: 74.25%, AUC: 0.74 [VAL] Loss: 0.5903, Accuracy: 70.00%, Precision: 0.66, Recall: 0.77, F1: 0.71, AUC: 0.70
Epoch [44/100] [TRAIN] Loss: 0.5773, Accuracy: 72.75%, AUC: 0.73 [VAL] Loss: 0.5897, Accuracy: 70.00%, Precision: 0.66, Recall: 0.77, F1: 0.71, AUC: 0.70
Epoch [45/100] [TRAIN] Loss: 0.5856, Accuracy: 73.88%, AUC: 0.74 [VAL] Loss: 0.5894, Accuracy: 70.00%, Precision: 0.66, Recall: 0.77, F1: 0.71, AUC: 0.70
Epoch [46/100] [TRAIN] Loss: 0.5881, Accuracy: 74.25%, AUC: 0.74 [VAL] Loss: 0.5891, Accuracy: 70.00%, Precision: 0.66, Recall: 0.77, F1: 0.71, AUC: 0.70
Epoch [47/100] [TRAIN] Loss: 0.5913, Accuracy: 73.00%, AUC: 0.73 [VAL] Loss: 0.5888, Accuracy: 70.00%, Precision: 0.66, Recall: 0.77, F1: 0.71, AUC: 0.70
Epoch [48/100] [TRAIN] Loss: 0.5754, Accuracy: 75.00%, AUC: 0.75 [VAL] Loss: 0.5884, Accuracy: 70.00%, Precision: 0.66, Recall: 0.77, F1: 0.71, AUC: 0.70
Epoch [49/100] [TRAIN] Loss: 0.5934, Accuracy: 74.88%, AUC: 0.75 [VAL] Loss: 0.5881, Accuracy: 70.00%, Precision: 0.66, Recall: 0.77, F1: 0.71, AUC: 0.70
Epoch [50/100] [TRAIN] Loss: 0.5816, Accuracy: 74.12%, AUC: 0.74 [VAL] Loss: 0.5879, Accuracy: 70.00%, Precision: 0.66, Recall: 0.77, F1: 0.71, AUC: 0.70
Epoch [51/100] [TRAIN] Loss: 0.5878, Accuracy: 71.38%, AUC: 0.71 [VAL] Loss: 0.5877, Accuracy: 70.00%, Precision: 0.66, Recall: 0.77, F1: 0.71, AUC: 0.70
Epoch [52/100] [TRAIN] Loss: 0.5700, Accuracy: 72.50%, AUC: 0.73 [VAL] Loss: 0.5873, Accuracy: 70.00%, Precision: 0.66, Recall: 0.77, F1: 0.71, AUC: 0.70
Epoch [53/100] [TRAIN] Loss: 0.5949, Accuracy: 71.38%, AUC: 0.71 [VAL] Loss: 0.5871, Accuracy: 70.00%, Precision: 0.66, Recall: 0.77, F1: 0.71, AUC: 0.70
Epoch [54/100] [TRAIN] Loss: 0.5707, Accuracy: 73.50%, AUC: 0.73 [VAL] Loss: 0.5870, Accuracy: 70.00%, Precision: 0.66, Recall: 0.77, F1: 0.71, AUC: 0.70
Epoch [55/100] [TRAIN] Loss: 0.5784, Accuracy: 72.38%, AUC: 0.72 [VAL] Loss: 0.5868, Accuracy: 70.00%, Precision: 0.66, Recall: 0.77, F1: 0.71, AUC: 0.70
Epoch [56/100] [TRAIN] Loss: 0.5845, Accuracy: 72.75%, AUC: 0.73 [VAL] Loss: 0.5867, Accuracy: 70.00%, Precision: 0.66, Recall: 0.77, F1: 0.71, AUC: 0.70
Epoch [57/100] [TRAIN] Loss: 0.5762, Accuracy: 73.38%, AUC: 0.73 [VAL] Loss: 0.5865, Accuracy: 70.00%, Precision: 0.66, Recall: 0.77, F1: 0.71, AUC: 0.70
Epoch [58/100] [TRAIN] Loss: 0.5771, Accuracy: 71.88%, AUC: 0.72 [VAL] Loss: 0.5862, Accuracy: 70.00%, Precision: 0.66, Recall: 0.77, F1: 0.71, AUC: 0.70
Epoch [59/100] [TRAIN] Loss: 0.5707, Accuracy: 75.00%, AUC: 0.75 [VAL] Loss: 0.5861, Accuracy: 70.00%, Precision: 0.66, Recall: 0.77, F1: 0.71, AUC: 0.70
Epoch [60/100] [TRAIN] Loss: 0.5864, Accuracy: 72.62%, AUC: 0.73 [VAL] Loss: 0.5859, Accuracy: 70.00%, Precision: 0.66, Recall: 0.77, F1: 0.71, AUC: 0.70
Epoch [61/100] [TRAIN] Loss: 0.5803, Accuracy: 71.75%, AUC: 0.72 [VAL] Loss: 0.5858, Accuracy: 70.00%, Precision: 0.66, Recall: 0.77, F1: 0.71, AUC: 0.70
Epoch [62/100] [TRAIN] Loss: 0.5916, Accuracy: 75.25%, AUC: 0.75 [VAL] Loss: 0.5857, Accuracy: 70.00%, Precision: 0.66, Recall: 0.77, F1: 0.71, AUC: 0.70
Epoch [63/100] [TRAIN] Loss: 0.5853, Accuracy: 72.75%, AUC: 0.73 [VAL] Loss: 0.5855, Accuracy: 70.00%, Precision: 0.66, Recall: 0.77, F1: 0.71, AUC: 0.70
Epoch [64/100] [TRAIN] Loss: 0.5733, Accuracy: 73.12%, AUC: 0.73 [VAL] Loss: 0.5854, Accuracy: 70.00%, Precision: 0.66, Recall: 0.77, F1: 0.71, AUC: 0.70
Epoch [65/100] [TRAIN] Loss: 0.5803, Accuracy: 73.62%, AUC: 0.74 [VAL] Loss: 0.5852, Accuracy: 70.00%, Precision: 0.66, Recall: 0.77, F1: 0.71, AUC: 0.70
Epoch [66/100] [TRAIN] Loss: 0.5860, Accuracy: 73.25%, AUC: 0.73 [VAL] Loss: 0.5850, Accuracy: 70.00%, Precision: 0.66, Recall: 0.77, F1: 0.71, AUC: 0.70
Epoch [67/100] [TRAIN] Loss: 0.5724, Accuracy: 72.75%, AUC: 0.73 [VAL] Loss: 0.5849, Accuracy: 70.00%, Precision: 0.66, Recall: 0.77, F1: 0.71, AUC: 0.70
Epoch [68/100] [TRAIN] Loss: 0.5649, Accuracy: 74.50%, AUC: 0.74 [VAL] Loss: 0.5847, Accuracy: 70.00%, Precision: 0.66, Recall: 0.77, F1: 0.71, AUC: 0.70
Epoch [69/100] [TRAIN] Loss: 0.5913, Accuracy: 72.38%, AUC: 0.72 [VAL] Loss: 0.5846, Accuracy: 70.00%, Precision: 0.66, Recall: 0.77, F1: 0.71, AUC: 0.70
Epoch [70/100] [TRAIN] Loss: 0.5870, Accuracy: 71.25%, AUC: 0.71 [VAL] Loss: 0.5844, Accuracy: 70.00%, Precision: 0.66, Recall: 0.77, F1: 0.71, AUC: 0.70
Epoch [71/100] [TRAIN] Loss: 0.5836, Accuracy: 72.62%, AUC: 0.73 [VAL] Loss: 0.5843, Accuracy: 70.00%, Precision: 0.66, Recall: 0.77, F1: 0.71, AUC: 0.70
Epoch [72/100] [TRAIN] Loss: 0.5835, Accuracy: 74.25%, AUC: 0.74 [VAL] Loss: 0.5842, Accuracy: 70.00%, Precision: 0.66, Recall: 0.77, F1: 0.71, AUC: 0.70
Epoch [73/100] [TRAIN] Loss: 0.5845, Accuracy: 73.12%, AUC: 0.73 [VAL] Loss: 0.5840, Accuracy: 70.00%, Precision: 0.66, Recall: 0.77, F1: 0.71, AUC: 0.70
Epoch [74/100] [TRAIN] Loss: 0.5837, Accuracy: 71.38%, AUC: 0.71 [VAL] Loss: 0.5839, Accuracy: 70.00%, Precision: 0.66, Recall: 0.77, F1: 0.71, AUC: 0.70
Epoch [75/100] [TRAIN] Loss: 0.5710, Accuracy: 71.62%, AUC: 0.72 [VAL] Loss: 0.5837, Accuracy: 70.00%, Precision: 0.66, Recall: 0.77, F1: 0.71, AUC: 0.70
Epoch [76/100] [TRAIN] Loss: 0.5754, Accuracy: 72.88%, AUC: 0.73 [VAL] Loss: 0.5837, Accuracy: 70.00%, Precision: 0.66, Recall: 0.77, F1: 0.71, AUC: 0.70
Epoch [77/100] [TRAIN] Loss: 0.5880, Accuracy: 73.25%, AUC: 0.73 [VAL] Loss: 0.5837, Accuracy: 70.00%, Precision: 0.66, Recall: 0.77, F1: 0.71, AUC: 0.70
Epoch [78/100] [TRAIN] Loss: 0.5760, Accuracy: 72.12%, AUC: 0.72 [VAL] Loss: 0.5835, Accuracy: 70.00%, Precision: 0.66, Recall: 0.77, F1: 0.71, AUC: 0.70
Epoch [79/100] [TRAIN] Loss: 0.5783, Accuracy: 72.25%, AUC: 0.72 [VAL] Loss: 0.5834, Accuracy: 70.00%, Precision: 0.66, Recall: 0.77, F1: 0.71, AUC: 0.70
Epoch [80/100] [TRAIN] Loss: 0.5667, Accuracy: 73.12%, AUC: 0.73 [VAL] Loss: 0.5834, Accuracy: 70.00%, Precision: 0.66, Recall: 0.77, F1: 0.71, AUC: 0.70
Epoch [81/100] [TRAIN] Loss: 0.5822, Accuracy: 71.88%, AUC: 0.72 [VAL] Loss: 0.5832, Accuracy: 70.00%, Precision: 0.66, Recall: 0.77, F1: 0.71, AUC: 0.70
Epoch [82/100] [TRAIN] Loss: 0.5828, Accuracy: 72.88%, AUC: 0.73 [VAL] Loss: 0.5830, Accuracy: 70.00%, Precision: 0.66, Recall: 0.77, F1: 0.71, AUC: 0.70
Epoch [83/100] [TRAIN] Loss: 0.5690, Accuracy: 74.50%, AUC: 0.74 [VAL] Loss: 0.5829, Accuracy: 70.00%, Precision: 0.66, Recall: 0.77, F1: 0.71, AUC: 0.70
Epoch [84/100] [TRAIN] Loss: 0.5793, Accuracy: 73.88%, AUC: 0.74 [VAL] Loss: 0.5828, Accuracy: 70.00%, Precision: 0.66, Recall: 0.77, F1: 0.71, AUC: 0.70
Epoch [85/100] [TRAIN] Loss: 0.5915, Accuracy: 71.50%, AUC: 0.71 [VAL] Loss: 0.5827, Accuracy: 70.00%, Precision: 0.66, Recall: 0.77, F1: 0.71, AUC: 0.70
Epoch [86/100] [TRAIN] Loss: 0.5769, Accuracy: 73.12%, AUC: 0.73 [VAL] Loss: 0.5827, Accuracy: 70.00%, Precision: 0.66, Recall: 0.77, F1: 0.71, AUC: 0.70
Epoch [87/100] [TRAIN] Loss: 0.5657, Accuracy: 74.50%, AUC: 0.74 [VAL] Loss: 0.5825, Accuracy: 70.00%, Precision: 0.66, Recall: 0.77, F1: 0.71, AUC: 0.70
Epoch [88/100] [TRAIN] Loss: 0.5830, Accuracy: 73.00%, AUC: 0.73 [VAL] Loss: 0.5824, Accuracy: 70.00%, Precision: 0.66, Recall: 0.77, F1: 0.71, AUC: 0.70
Epoch [89/100] [TRAIN] Loss: 0.5785, Accuracy: 71.75%, AUC: 0.72 [VAL] Loss: 0.5821, Accuracy: 70.00%, Precision: 0.66, Recall: 0.77, F1: 0.71, AUC: 0.70
Epoch [90/100] [TRAIN] Loss: 0.5817, Accuracy: 73.00%, AUC: 0.73 [VAL] Loss: 0.5819, Accuracy: 70.00%, Precision: 0.66, Recall: 0.77, F1: 0.71, AUC: 0.70
Epoch [91/100] [TRAIN] Loss: 0.5638, Accuracy: 74.12%, AUC: 0.74 [VAL] Loss: 0.5818, Accuracy: 70.00%, Precision: 0.66, Recall: 0.77, F1: 0.71, AUC: 0.70
Epoch [92/100] [TRAIN] Loss: 0.5709, Accuracy: 72.38%, AUC: 0.72 [VAL] Loss: 0.5817, Accuracy: 70.00%, Precision: 0.66, Recall: 0.77, F1: 0.71, AUC: 0.70
Epoch [93/100] [TRAIN] Loss: 0.5726, Accuracy: 74.00%, AUC: 0.74 [VAL] Loss: 0.5816, Accuracy: 70.00%, Precision: 0.66, Recall: 0.77, F1: 0.71, AUC: 0.70
Epoch [94/100] [TRAIN] Loss: 0.5695, Accuracy: 73.12%, AUC: 0.73 [VAL] Loss: 0.5814, Accuracy: 70.00%, Precision: 0.66, Recall: 0.77, F1: 0.71, AUC: 0.70
Epoch [95/100] [TRAIN] Loss: 0.5799, Accuracy: 73.25%, AUC: 0.73 [VAL] Loss: 0.5813, Accuracy: 70.00%, Precision: 0.66, Recall: 0.77, F1: 0.71, AUC: 0.70
Epoch [96/100] [TRAIN] Loss: 0.5689, Accuracy: 74.25%, AUC: 0.74 [VAL] Loss: 0.5812, Accuracy: 70.00%, Precision: 0.66, Recall: 0.77, F1: 0.71, AUC: 0.70
Epoch [97/100] [TRAIN] Loss: 0.5750, Accuracy: 74.50%, AUC: 0.74 [VAL] Loss: 0.5810, Accuracy: 70.00%, Precision: 0.66, Recall: 0.77, F1: 0.71, AUC: 0.70
Epoch [98/100] [TRAIN] Loss: 0.5740, Accuracy: 73.88%, AUC: 0.74 [VAL] Loss: 0.5809, Accuracy: 70.00%, Precision: 0.66, Recall: 0.77, F1: 0.71, AUC: 0.70
Epoch [99/100] [TRAIN] Loss: 0.5915, Accuracy: 72.62%, AUC: 0.73 [VAL] Loss: 0.5807, Accuracy: 70.00%, Precision: 0.66, Recall: 0.77, F1: 0.71, AUC: 0.70
Epoch [100/100] [TRAIN] Loss: 0.5733, Accuracy: 75.00%, AUC: 0.75 [VAL] Loss: 0.5806, Accuracy: 70.00%, Precision: 0.66, Recall: 0.77, F1: 0.71, AUC: 0.70
Seed: 1011
Accuracy:  71.00 %
AUC:       0.7171
Precision: 0.6346
Recall:    0.7674
F1-Score:  0.6947

Detailed Classification Report:
              precision    recall  f1-score   support

           0       0.79      0.67      0.72        57
           1       0.63      0.77      0.69        43

    accuracy                           0.71       100
   macro avg       0.71      0.72      0.71       100
weighted avg       0.72      0.71      0.71       100


Confusion Matrix:
[[38 19]
 [10 33]]


010-H3K9ac-H3K27ac
Train label distribution:
  Label 0:    422 (52.8%)
  Label 1:    378 (47.2%)
Val label distribution:
  Label 0:     52 (52.0%)
  Label 1:     48 (48.0%)
Test label distribution:
  Label 0:     57 (57.0%)
  Label 1:     43 (43.0%)
Epoch [1/100] [TRAIN] Loss: 0.7575, Accuracy: 49.25%, AUC: 0.49 [VAL] Loss: 0.7022, Accuracy: 62.00%, Precision: 0.60, Recall: 0.62, F1: 0.61, AUC: 0.62
Epoch [2/100] [TRAIN] Loss: 0.7010, Accuracy: 59.62%, AUC: 0.59 [VAL] Loss: 0.6629, Accuracy: 69.00%, Precision: 0.67, Recall: 0.71, F1: 0.69, AUC: 0.69
Epoch [3/100] [TRAIN] Loss: 0.6720, Accuracy: 63.38%, AUC: 0.63 [VAL] Loss: 0.6422, Accuracy: 72.00%, Precision: 0.69, Recall: 0.75, F1: 0.72, AUC: 0.72
Epoch [4/100] [TRAIN] Loss: 0.6516, Accuracy: 65.88%, AUC: 0.66 [VAL] Loss: 0.6292, Accuracy: 73.00%, Precision: 0.70, Recall: 0.77, F1: 0.73, AUC: 0.73
Epoch [5/100] [TRAIN] Loss: 0.6403, Accuracy: 71.00%, AUC: 0.71 [VAL] Loss: 0.6197, Accuracy: 74.00%, Precision: 0.70, Recall: 0.79, F1: 0.75, AUC: 0.74
Epoch [6/100] [TRAIN] Loss: 0.6426, Accuracy: 68.25%, AUC: 0.68 [VAL] Loss: 0.6133, Accuracy: 74.00%, Precision: 0.70, Recall: 0.79, F1: 0.75, AUC: 0.74
Epoch [7/100] [TRAIN] Loss: 0.6257, Accuracy: 71.38%, AUC: 0.71 [VAL] Loss: 0.6083, Accuracy: 74.00%, Precision: 0.70, Recall: 0.79, F1: 0.75, AUC: 0.74
Epoch [8/100] [TRAIN] Loss: 0.6249, Accuracy: 71.75%, AUC: 0.72 [VAL] Loss: 0.6054, Accuracy: 74.00%, Precision: 0.70, Recall: 0.79, F1: 0.75, AUC: 0.74
Epoch [9/100] [TRAIN] Loss: 0.6182, Accuracy: 72.12%, AUC: 0.72 [VAL] Loss: 0.6026, Accuracy: 74.00%, Precision: 0.70, Recall: 0.79, F1: 0.75, AUC: 0.74
Epoch [10/100] [TRAIN] Loss: 0.6126, Accuracy: 72.00%, AUC: 0.72 [VAL] Loss: 0.6012, Accuracy: 74.00%, Precision: 0.70, Recall: 0.79, F1: 0.75, AUC: 0.74
Epoch [11/100] [TRAIN] Loss: 0.6198, Accuracy: 73.12%, AUC: 0.73 [VAL] Loss: 0.6001, Accuracy: 74.00%, Precision: 0.70, Recall: 0.79, F1: 0.75, AUC: 0.74
Epoch [12/100] [TRAIN] Loss: 0.6051, Accuracy: 72.88%, AUC: 0.73 [VAL] Loss: 0.5991, Accuracy: 74.00%, Precision: 0.70, Recall: 0.79, F1: 0.75, AUC: 0.74
Epoch [13/100] [TRAIN] Loss: 0.6082, Accuracy: 73.00%, AUC: 0.73 [VAL] Loss: 0.5983, Accuracy: 75.00%, Precision: 0.71, Recall: 0.81, F1: 0.76, AUC: 0.75
Epoch [14/100] [TRAIN] Loss: 0.6071, Accuracy: 71.62%, AUC: 0.72 [VAL] Loss: 0.5975, Accuracy: 75.00%, Precision: 0.71, Recall: 0.81, F1: 0.76, AUC: 0.75
Epoch [15/100] [TRAIN] Loss: 0.6019, Accuracy: 73.88%, AUC: 0.74 [VAL] Loss: 0.5969, Accuracy: 75.00%, Precision: 0.71, Recall: 0.81, F1: 0.76, AUC: 0.75
Epoch [16/100] [TRAIN] Loss: 0.5944, Accuracy: 73.50%, AUC: 0.74 [VAL] Loss: 0.5961, Accuracy: 75.00%, Precision: 0.71, Recall: 0.81, F1: 0.76, AUC: 0.75
Epoch [17/100] [TRAIN] Loss: 0.6112, Accuracy: 73.75%, AUC: 0.74 [VAL] Loss: 0.5962, Accuracy: 75.00%, Precision: 0.71, Recall: 0.81, F1: 0.76, AUC: 0.75
Epoch [18/100] [TRAIN] Loss: 0.6024, Accuracy: 72.50%, AUC: 0.73 [VAL] Loss: 0.5959, Accuracy: 75.00%, Precision: 0.71, Recall: 0.81, F1: 0.76, AUC: 0.75
Epoch [19/100] [TRAIN] Loss: 0.6003, Accuracy: 71.62%, AUC: 0.72 [VAL] Loss: 0.5955, Accuracy: 75.00%, Precision: 0.71, Recall: 0.81, F1: 0.76, AUC: 0.75
Epoch [20/100] [TRAIN] Loss: 0.6032, Accuracy: 72.38%, AUC: 0.72 [VAL] Loss: 0.5953, Accuracy: 75.00%, Precision: 0.71, Recall: 0.81, F1: 0.76, AUC: 0.75
Epoch [21/100] [TRAIN] Loss: 0.5897, Accuracy: 74.62%, AUC: 0.75 [VAL] Loss: 0.5952, Accuracy: 75.00%, Precision: 0.71, Recall: 0.81, F1: 0.76, AUC: 0.75
Epoch [22/100] [TRAIN] Loss: 0.6030, Accuracy: 71.38%, AUC: 0.71 [VAL] Loss: 0.5950, Accuracy: 75.00%, Precision: 0.71, Recall: 0.81, F1: 0.76, AUC: 0.75
Epoch [23/100] [TRAIN] Loss: 0.6011, Accuracy: 73.62%, AUC: 0.74 [VAL] Loss: 0.5952, Accuracy: 75.00%, Precision: 0.71, Recall: 0.81, F1: 0.76, AUC: 0.75
Epoch [24/100] [TRAIN] Loss: 0.5879, Accuracy: 73.50%, AUC: 0.74 [VAL] Loss: 0.5951, Accuracy: 75.00%, Precision: 0.71, Recall: 0.81, F1: 0.76, AUC: 0.75
Epoch [25/100] [TRAIN] Loss: 0.5846, Accuracy: 74.38%, AUC: 0.74 [VAL] Loss: 0.5946, Accuracy: 75.00%, Precision: 0.71, Recall: 0.81, F1: 0.76, AUC: 0.75
Epoch [26/100] [TRAIN] Loss: 0.6000, Accuracy: 73.12%, AUC: 0.73 [VAL] Loss: 0.5942, Accuracy: 75.00%, Precision: 0.71, Recall: 0.81, F1: 0.76, AUC: 0.75
Epoch [27/100] [TRAIN] Loss: 0.5909, Accuracy: 72.00%, AUC: 0.72 [VAL] Loss: 0.5941, Accuracy: 75.00%, Precision: 0.71, Recall: 0.81, F1: 0.76, AUC: 0.75
Epoch [28/100] [TRAIN] Loss: 0.5971, Accuracy: 72.88%, AUC: 0.73 [VAL] Loss: 0.5941, Accuracy: 75.00%, Precision: 0.71, Recall: 0.81, F1: 0.76, AUC: 0.75
Epoch [29/100] [TRAIN] Loss: 0.5909, Accuracy: 72.38%, AUC: 0.72 [VAL] Loss: 0.5937, Accuracy: 75.00%, Precision: 0.71, Recall: 0.81, F1: 0.76, AUC: 0.75
Epoch [30/100] [TRAIN] Loss: 0.5835, Accuracy: 74.50%, AUC: 0.75 [VAL] Loss: 0.5932, Accuracy: 75.00%, Precision: 0.71, Recall: 0.81, F1: 0.76, AUC: 0.75
Epoch [31/100] [TRAIN] Loss: 0.5936, Accuracy: 74.38%, AUC: 0.74 [VAL] Loss: 0.5929, Accuracy: 75.00%, Precision: 0.71, Recall: 0.81, F1: 0.76, AUC: 0.75
Epoch [32/100] [TRAIN] Loss: 0.5762, Accuracy: 75.75%, AUC: 0.76 [VAL] Loss: 0.5930, Accuracy: 75.00%, Precision: 0.71, Recall: 0.81, F1: 0.76, AUC: 0.75
Epoch [33/100] [TRAIN] Loss: 0.5850, Accuracy: 74.00%, AUC: 0.74 [VAL] Loss: 0.5930, Accuracy: 74.00%, Precision: 0.70, Recall: 0.79, F1: 0.75, AUC: 0.74
Epoch [34/100] [TRAIN] Loss: 0.5903, Accuracy: 72.12%, AUC: 0.72 [VAL] Loss: 0.5930, Accuracy: 74.00%, Precision: 0.70, Recall: 0.79, F1: 0.75, AUC: 0.74
Epoch [35/100] [TRAIN] Loss: 0.5884, Accuracy: 74.50%, AUC: 0.75 [VAL] Loss: 0.5931, Accuracy: 74.00%, Precision: 0.70, Recall: 0.79, F1: 0.75, AUC: 0.74
Epoch [36/100] [TRAIN] Loss: 0.6141, Accuracy: 71.62%, AUC: 0.72 [VAL] Loss: 0.5933, Accuracy: 74.00%, Precision: 0.70, Recall: 0.79, F1: 0.75, AUC: 0.74
Epoch [37/100] [TRAIN] Loss: 0.5688, Accuracy: 76.50%, AUC: 0.77 [VAL] Loss: 0.5931, Accuracy: 74.00%, Precision: 0.70, Recall: 0.79, F1: 0.75, AUC: 0.74
Epoch [38/100] [TRAIN] Loss: 0.5931, Accuracy: 74.00%, AUC: 0.74 [VAL] Loss: 0.5931, Accuracy: 74.00%, Precision: 0.70, Recall: 0.79, F1: 0.75, AUC: 0.74
Epoch [39/100] [TRAIN] Loss: 0.5801, Accuracy: 72.75%, AUC: 0.73 [VAL] Loss: 0.5930, Accuracy: 74.00%, Precision: 0.70, Recall: 0.79, F1: 0.75, AUC: 0.74
Epoch [40/100] [TRAIN] Loss: 0.5770, Accuracy: 73.25%, AUC: 0.73 [VAL] Loss: 0.5930, Accuracy: 74.00%, Precision: 0.70, Recall: 0.79, F1: 0.75, AUC: 0.74
Epoch [41/100] [TRAIN] Loss: 0.5744, Accuracy: 74.62%, AUC: 0.75 [VAL] Loss: 0.5929, Accuracy: 74.00%, Precision: 0.70, Recall: 0.79, F1: 0.75, AUC: 0.74
  Early stopping at epoch 41 (no val_loss improvement for 10 epochs)
Seed: 1011
Accuracy:  69.00 %
AUC:       0.6967
Precision: 0.6154
Recall:    0.7442
F1-Score:  0.6737

Detailed Classification Report:
              precision    recall  f1-score   support

           0       0.77      0.65      0.70        57
           1       0.62      0.74      0.67        43

    accuracy                           0.69       100
   macro avg       0.69      0.70      0.69       100
weighted avg       0.70      0.69      0.69       100


Confusion Matrix:
[[37 20]
 [11 32]]


011-H3K9ac-H3K27me3
Train label distribution:
  Label 0:    422 (52.8%)
  Label 1:    378 (47.2%)
Val label distribution:
  Label 0:     52 (52.0%)
  Label 1:     48 (48.0%)
Test label distribution:
  Label 0:     57 (57.0%)
  Label 1:     43 (43.0%)
Epoch [1/100] [TRAIN] Loss: 0.6890, Accuracy: 64.00%, AUC: 0.64 [VAL] Loss: 0.6892, Accuracy: 68.00%, Precision: 0.65, Recall: 0.71, F1: 0.68, AUC: 0.68
Epoch [2/100] [TRAIN] Loss: 0.6887, Accuracy: 63.25%, AUC: 0.63 [VAL] Loss: 0.6836, Accuracy: 67.00%, Precision: 0.64, Recall: 0.73, F1: 0.68, AUC: 0.67
Epoch [3/100] [TRAIN] Loss: 0.6829, Accuracy: 65.62%, AUC: 0.66 [VAL] Loss: 0.6783, Accuracy: 68.00%, Precision: 0.65, Recall: 0.73, F1: 0.69, AUC: 0.68
Epoch [4/100] [TRAIN] Loss: 0.6731, Accuracy: 67.75%, AUC: 0.68 [VAL] Loss: 0.6731, Accuracy: 69.00%, Precision: 0.65, Recall: 0.75, F1: 0.70, AUC: 0.69
Epoch [5/100] [TRAIN] Loss: 0.6725, Accuracy: 65.50%, AUC: 0.65 [VAL] Loss: 0.6683, Accuracy: 69.00%, Precision: 0.65, Recall: 0.75, F1: 0.70, AUC: 0.69
Epoch [6/100] [TRAIN] Loss: 0.6589, Accuracy: 68.38%, AUC: 0.68 [VAL] Loss: 0.6641, Accuracy: 69.00%, Precision: 0.65, Recall: 0.75, F1: 0.70, AUC: 0.69
Epoch [7/100] [TRAIN] Loss: 0.6566, Accuracy: 67.38%, AUC: 0.67 [VAL] Loss: 0.6599, Accuracy: 69.00%, Precision: 0.65, Recall: 0.75, F1: 0.70, AUC: 0.69
Epoch [8/100] [TRAIN] Loss: 0.6539, Accuracy: 66.62%, AUC: 0.67 [VAL] Loss: 0.6558, Accuracy: 69.00%, Precision: 0.65, Recall: 0.75, F1: 0.70, AUC: 0.69
Epoch [9/100] [TRAIN] Loss: 0.6415, Accuracy: 70.38%, AUC: 0.70 [VAL] Loss: 0.6516, Accuracy: 69.00%, Precision: 0.65, Recall: 0.75, F1: 0.70, AUC: 0.69
Epoch [10/100] [TRAIN] Loss: 0.6414, Accuracy: 71.38%, AUC: 0.71 [VAL] Loss: 0.6476, Accuracy: 69.00%, Precision: 0.65, Recall: 0.75, F1: 0.70, AUC: 0.69
Epoch [11/100] [TRAIN] Loss: 0.6406, Accuracy: 69.88%, AUC: 0.70 [VAL] Loss: 0.6441, Accuracy: 69.00%, Precision: 0.65, Recall: 0.75, F1: 0.70, AUC: 0.69
Epoch [12/100] [TRAIN] Loss: 0.6335, Accuracy: 70.88%, AUC: 0.71 [VAL] Loss: 0.6409, Accuracy: 70.00%, Precision: 0.66, Recall: 0.77, F1: 0.71, AUC: 0.70
Epoch [13/100] [TRAIN] Loss: 0.6270, Accuracy: 70.50%, AUC: 0.70 [VAL] Loss: 0.6376, Accuracy: 69.00%, Precision: 0.65, Recall: 0.77, F1: 0.70, AUC: 0.69
Epoch [14/100] [TRAIN] Loss: 0.6251, Accuracy: 71.62%, AUC: 0.72 [VAL] Loss: 0.6344, Accuracy: 69.00%, Precision: 0.65, Recall: 0.77, F1: 0.70, AUC: 0.69
Epoch [15/100] [TRAIN] Loss: 0.6228, Accuracy: 71.62%, AUC: 0.72 [VAL] Loss: 0.6315, Accuracy: 69.00%, Precision: 0.65, Recall: 0.77, F1: 0.70, AUC: 0.69
Epoch [16/100] [TRAIN] Loss: 0.6250, Accuracy: 70.50%, AUC: 0.70 [VAL] Loss: 0.6290, Accuracy: 69.00%, Precision: 0.65, Recall: 0.77, F1: 0.70, AUC: 0.69
Epoch [17/100] [TRAIN] Loss: 0.6210, Accuracy: 70.38%, AUC: 0.70 [VAL] Loss: 0.6266, Accuracy: 69.00%, Precision: 0.65, Recall: 0.77, F1: 0.70, AUC: 0.69
Epoch [18/100] [TRAIN] Loss: 0.6139, Accuracy: 70.88%, AUC: 0.71 [VAL] Loss: 0.6242, Accuracy: 70.00%, Precision: 0.66, Recall: 0.77, F1: 0.71, AUC: 0.70
Epoch [19/100] [TRAIN] Loss: 0.6081, Accuracy: 71.62%, AUC: 0.72 [VAL] Loss: 0.6221, Accuracy: 70.00%, Precision: 0.66, Recall: 0.77, F1: 0.71, AUC: 0.70
Epoch [20/100] [TRAIN] Loss: 0.6009, Accuracy: 71.12%, AUC: 0.71 [VAL] Loss: 0.6202, Accuracy: 70.00%, Precision: 0.66, Recall: 0.77, F1: 0.71, AUC: 0.70
Epoch [21/100] [TRAIN] Loss: 0.6017, Accuracy: 71.62%, AUC: 0.72 [VAL] Loss: 0.6184, Accuracy: 71.00%, Precision: 0.67, Recall: 0.77, F1: 0.72, AUC: 0.71
Epoch [22/100] [TRAIN] Loss: 0.5983, Accuracy: 71.50%, AUC: 0.71 [VAL] Loss: 0.6167, Accuracy: 71.00%, Precision: 0.67, Recall: 0.77, F1: 0.72, AUC: 0.71
Epoch [23/100] [TRAIN] Loss: 0.6070, Accuracy: 71.50%, AUC: 0.72 [VAL] Loss: 0.6155, Accuracy: 71.00%, Precision: 0.67, Recall: 0.77, F1: 0.72, AUC: 0.71
Epoch [24/100] [TRAIN] Loss: 0.5937, Accuracy: 68.75%, AUC: 0.69 [VAL] Loss: 0.6143, Accuracy: 71.00%, Precision: 0.67, Recall: 0.77, F1: 0.72, AUC: 0.71
Epoch [25/100] [TRAIN] Loss: 0.5982, Accuracy: 70.62%, AUC: 0.71 [VAL] Loss: 0.6131, Accuracy: 71.00%, Precision: 0.67, Recall: 0.77, F1: 0.72, AUC: 0.71
Epoch [26/100] [TRAIN] Loss: 0.5948, Accuracy: 73.00%, AUC: 0.73 [VAL] Loss: 0.6120, Accuracy: 71.00%, Precision: 0.67, Recall: 0.77, F1: 0.72, AUC: 0.71
Epoch [27/100] [TRAIN] Loss: 0.5997, Accuracy: 71.62%, AUC: 0.72 [VAL] Loss: 0.6109, Accuracy: 71.00%, Precision: 0.67, Recall: 0.77, F1: 0.72, AUC: 0.71
Epoch [28/100] [TRAIN] Loss: 0.5981, Accuracy: 71.00%, AUC: 0.71 [VAL] Loss: 0.6099, Accuracy: 72.00%, Precision: 0.68, Recall: 0.79, F1: 0.73, AUC: 0.72
Epoch [29/100] [TRAIN] Loss: 0.5875, Accuracy: 70.88%, AUC: 0.71 [VAL] Loss: 0.6090, Accuracy: 72.00%, Precision: 0.68, Recall: 0.79, F1: 0.73, AUC: 0.72
Epoch [30/100] [TRAIN] Loss: 0.5902, Accuracy: 69.88%, AUC: 0.70 [VAL] Loss: 0.6080, Accuracy: 72.00%, Precision: 0.68, Recall: 0.79, F1: 0.73, AUC: 0.72
Epoch [31/100] [TRAIN] Loss: 0.5947, Accuracy: 72.75%, AUC: 0.73 [VAL] Loss: 0.6073, Accuracy: 72.00%, Precision: 0.68, Recall: 0.79, F1: 0.73, AUC: 0.72
Epoch [32/100] [TRAIN] Loss: 0.5861, Accuracy: 71.50%, AUC: 0.71 [VAL] Loss: 0.6064, Accuracy: 72.00%, Precision: 0.68, Recall: 0.79, F1: 0.73, AUC: 0.72
Epoch [33/100] [TRAIN] Loss: 0.5928, Accuracy: 71.12%, AUC: 0.71 [VAL] Loss: 0.6057, Accuracy: 72.00%, Precision: 0.68, Recall: 0.79, F1: 0.73, AUC: 0.72
Epoch [34/100] [TRAIN] Loss: 0.5783, Accuracy: 72.62%, AUC: 0.73 [VAL] Loss: 0.6051, Accuracy: 72.00%, Precision: 0.68, Recall: 0.79, F1: 0.73, AUC: 0.72
Epoch [35/100] [TRAIN] Loss: 0.5971, Accuracy: 72.12%, AUC: 0.72 [VAL] Loss: 0.6043, Accuracy: 72.00%, Precision: 0.68, Recall: 0.79, F1: 0.73, AUC: 0.72
Epoch [36/100] [TRAIN] Loss: 0.5884, Accuracy: 72.50%, AUC: 0.72 [VAL] Loss: 0.6036, Accuracy: 72.00%, Precision: 0.68, Recall: 0.79, F1: 0.73, AUC: 0.72
Epoch [37/100] [TRAIN] Loss: 0.5786, Accuracy: 73.25%, AUC: 0.73 [VAL] Loss: 0.6028, Accuracy: 73.00%, Precision: 0.69, Recall: 0.79, F1: 0.74, AUC: 0.73
Epoch [38/100] [TRAIN] Loss: 0.5905, Accuracy: 72.12%, AUC: 0.72 [VAL] Loss: 0.6021, Accuracy: 73.00%, Precision: 0.69, Recall: 0.79, F1: 0.74, AUC: 0.73
Epoch [39/100] [TRAIN] Loss: 0.5839, Accuracy: 72.62%, AUC: 0.73 [VAL] Loss: 0.6014, Accuracy: 73.00%, Precision: 0.69, Recall: 0.79, F1: 0.74, AUC: 0.73
Epoch [40/100] [TRAIN] Loss: 0.5957, Accuracy: 70.50%, AUC: 0.70 [VAL] Loss: 0.6010, Accuracy: 73.00%, Precision: 0.69, Recall: 0.79, F1: 0.74, AUC: 0.73
Epoch [41/100] [TRAIN] Loss: 0.5774, Accuracy: 71.50%, AUC: 0.71 [VAL] Loss: 0.6005, Accuracy: 73.00%, Precision: 0.69, Recall: 0.79, F1: 0.74, AUC: 0.73
Epoch [42/100] [TRAIN] Loss: 0.5754, Accuracy: 71.62%, AUC: 0.72 [VAL] Loss: 0.5999, Accuracy: 73.00%, Precision: 0.69, Recall: 0.79, F1: 0.74, AUC: 0.73
Epoch [43/100] [TRAIN] Loss: 0.5788, Accuracy: 73.75%, AUC: 0.74 [VAL] Loss: 0.5994, Accuracy: 73.00%, Precision: 0.69, Recall: 0.79, F1: 0.74, AUC: 0.73
Epoch [44/100] [TRAIN] Loss: 0.5704, Accuracy: 74.38%, AUC: 0.74 [VAL] Loss: 0.5989, Accuracy: 73.00%, Precision: 0.69, Recall: 0.79, F1: 0.74, AUC: 0.73
Epoch [45/100] [TRAIN] Loss: 0.5755, Accuracy: 71.75%, AUC: 0.72 [VAL] Loss: 0.5983, Accuracy: 73.00%, Precision: 0.69, Recall: 0.79, F1: 0.74, AUC: 0.73
Epoch [46/100] [TRAIN] Loss: 0.5847, Accuracy: 71.88%, AUC: 0.72 [VAL] Loss: 0.5976, Accuracy: 73.00%, Precision: 0.69, Recall: 0.79, F1: 0.74, AUC: 0.73
Epoch [47/100] [TRAIN] Loss: 0.5835, Accuracy: 71.62%, AUC: 0.72 [VAL] Loss: 0.5972, Accuracy: 73.00%, Precision: 0.69, Recall: 0.79, F1: 0.74, AUC: 0.73
Epoch [48/100] [TRAIN] Loss: 0.5648, Accuracy: 73.00%, AUC: 0.73 [VAL] Loss: 0.5967, Accuracy: 73.00%, Precision: 0.69, Recall: 0.79, F1: 0.74, AUC: 0.73
Epoch [49/100] [TRAIN] Loss: 0.5840, Accuracy: 72.00%, AUC: 0.72 [VAL] Loss: 0.5962, Accuracy: 73.00%, Precision: 0.69, Recall: 0.79, F1: 0.74, AUC: 0.73
Epoch [50/100] [TRAIN] Loss: 0.5752, Accuracy: 73.12%, AUC: 0.73 [VAL] Loss: 0.5959, Accuracy: 72.00%, Precision: 0.69, Recall: 0.77, F1: 0.73, AUC: 0.72
Epoch [51/100] [TRAIN] Loss: 0.5856, Accuracy: 72.62%, AUC: 0.73 [VAL] Loss: 0.5954, Accuracy: 72.00%, Precision: 0.69, Recall: 0.77, F1: 0.73, AUC: 0.72
Epoch [52/100] [TRAIN] Loss: 0.5735, Accuracy: 72.88%, AUC: 0.73 [VAL] Loss: 0.5952, Accuracy: 72.00%, Precision: 0.69, Recall: 0.77, F1: 0.73, AUC: 0.72
Epoch [53/100] [TRAIN] Loss: 0.5709, Accuracy: 72.25%, AUC: 0.72 [VAL] Loss: 0.5949, Accuracy: 72.00%, Precision: 0.69, Recall: 0.77, F1: 0.73, AUC: 0.72
Epoch [54/100] [TRAIN] Loss: 0.5757, Accuracy: 72.88%, AUC: 0.73 [VAL] Loss: 0.5945, Accuracy: 72.00%, Precision: 0.69, Recall: 0.77, F1: 0.73, AUC: 0.72
Epoch [55/100] [TRAIN] Loss: 0.5856, Accuracy: 73.62%, AUC: 0.74 [VAL] Loss: 0.5941, Accuracy: 72.00%, Precision: 0.69, Recall: 0.77, F1: 0.73, AUC: 0.72
Epoch [56/100] [TRAIN] Loss: 0.5898, Accuracy: 73.00%, AUC: 0.73 [VAL] Loss: 0.5940, Accuracy: 72.00%, Precision: 0.69, Recall: 0.77, F1: 0.73, AUC: 0.72
Epoch [57/100] [TRAIN] Loss: 0.5861, Accuracy: 72.38%, AUC: 0.72 [VAL] Loss: 0.5934, Accuracy: 72.00%, Precision: 0.69, Recall: 0.77, F1: 0.73, AUC: 0.72
Epoch [58/100] [TRAIN] Loss: 0.5732, Accuracy: 71.75%, AUC: 0.72 [VAL] Loss: 0.5930, Accuracy: 72.00%, Precision: 0.69, Recall: 0.77, F1: 0.73, AUC: 0.72
Epoch [59/100] [TRAIN] Loss: 0.5827, Accuracy: 71.50%, AUC: 0.71 [VAL] Loss: 0.5927, Accuracy: 72.00%, Precision: 0.69, Recall: 0.77, F1: 0.73, AUC: 0.72
Epoch [60/100] [TRAIN] Loss: 0.5674, Accuracy: 73.88%, AUC: 0.74 [VAL] Loss: 0.5923, Accuracy: 72.00%, Precision: 0.69, Recall: 0.77, F1: 0.73, AUC: 0.72
Epoch [61/100] [TRAIN] Loss: 0.5853, Accuracy: 72.00%, AUC: 0.72 [VAL] Loss: 0.5919, Accuracy: 72.00%, Precision: 0.69, Recall: 0.77, F1: 0.73, AUC: 0.72
Epoch [62/100] [TRAIN] Loss: 0.5726, Accuracy: 73.12%, AUC: 0.73 [VAL] Loss: 0.5917, Accuracy: 72.00%, Precision: 0.69, Recall: 0.77, F1: 0.73, AUC: 0.72
Epoch [63/100] [TRAIN] Loss: 0.5695, Accuracy: 73.50%, AUC: 0.73 [VAL] Loss: 0.5912, Accuracy: 72.00%, Precision: 0.69, Recall: 0.77, F1: 0.73, AUC: 0.72
Epoch [64/100] [TRAIN] Loss: 0.5714, Accuracy: 73.12%, AUC: 0.73 [VAL] Loss: 0.5908, Accuracy: 72.00%, Precision: 0.69, Recall: 0.77, F1: 0.73, AUC: 0.72
Epoch [65/100] [TRAIN] Loss: 0.5795, Accuracy: 72.62%, AUC: 0.73 [VAL] Loss: 0.5905, Accuracy: 72.00%, Precision: 0.69, Recall: 0.77, F1: 0.73, AUC: 0.72
Epoch [66/100] [TRAIN] Loss: 0.5785, Accuracy: 71.12%, AUC: 0.71 [VAL] Loss: 0.5903, Accuracy: 72.00%, Precision: 0.69, Recall: 0.77, F1: 0.73, AUC: 0.72
Epoch [67/100] [TRAIN] Loss: 0.5741, Accuracy: 72.38%, AUC: 0.72 [VAL] Loss: 0.5901, Accuracy: 72.00%, Precision: 0.69, Recall: 0.77, F1: 0.73, AUC: 0.72
Epoch [68/100] [TRAIN] Loss: 0.5811, Accuracy: 73.38%, AUC: 0.73 [VAL] Loss: 0.5897, Accuracy: 72.00%, Precision: 0.69, Recall: 0.77, F1: 0.73, AUC: 0.72
Epoch [69/100] [TRAIN] Loss: 0.5819, Accuracy: 71.50%, AUC: 0.72 [VAL] Loss: 0.5892, Accuracy: 72.00%, Precision: 0.69, Recall: 0.77, F1: 0.73, AUC: 0.72
Epoch [70/100] [TRAIN] Loss: 0.5602, Accuracy: 74.12%, AUC: 0.74 [VAL] Loss: 0.5890, Accuracy: 72.00%, Precision: 0.69, Recall: 0.77, F1: 0.73, AUC: 0.72
Epoch [71/100] [TRAIN] Loss: 0.5835, Accuracy: 72.38%, AUC: 0.72 [VAL] Loss: 0.5885, Accuracy: 72.00%, Precision: 0.69, Recall: 0.77, F1: 0.73, AUC: 0.72
Epoch [72/100] [TRAIN] Loss: 0.5896, Accuracy: 72.12%, AUC: 0.72 [VAL] Loss: 0.5883, Accuracy: 72.00%, Precision: 0.69, Recall: 0.77, F1: 0.73, AUC: 0.72
Epoch [73/100] [TRAIN] Loss: 0.5820, Accuracy: 71.88%, AUC: 0.72 [VAL] Loss: 0.5880, Accuracy: 72.00%, Precision: 0.69, Recall: 0.77, F1: 0.73, AUC: 0.72
Epoch [74/100] [TRAIN] Loss: 0.5818, Accuracy: 71.25%, AUC: 0.71 [VAL] Loss: 0.5878, Accuracy: 72.00%, Precision: 0.69, Recall: 0.77, F1: 0.73, AUC: 0.72
Epoch [75/100] [TRAIN] Loss: 0.5746, Accuracy: 72.88%, AUC: 0.73 [VAL] Loss: 0.5875, Accuracy: 72.00%, Precision: 0.69, Recall: 0.77, F1: 0.73, AUC: 0.72
Epoch [76/100] [TRAIN] Loss: 0.5766, Accuracy: 73.50%, AUC: 0.74 [VAL] Loss: 0.5872, Accuracy: 72.00%, Precision: 0.69, Recall: 0.77, F1: 0.73, AUC: 0.72
Epoch [77/100] [TRAIN] Loss: 0.5720, Accuracy: 73.12%, AUC: 0.73 [VAL] Loss: 0.5869, Accuracy: 72.00%, Precision: 0.69, Recall: 0.77, F1: 0.73, AUC: 0.72
Epoch [78/100] [TRAIN] Loss: 0.5747, Accuracy: 72.75%, AUC: 0.73 [VAL] Loss: 0.5867, Accuracy: 72.00%, Precision: 0.69, Recall: 0.77, F1: 0.73, AUC: 0.72
Epoch [79/100] [TRAIN] Loss: 0.5793, Accuracy: 71.12%, AUC: 0.71 [VAL] Loss: 0.5864, Accuracy: 72.00%, Precision: 0.69, Recall: 0.77, F1: 0.73, AUC: 0.72
Epoch [80/100] [TRAIN] Loss: 0.5744, Accuracy: 73.88%, AUC: 0.74 [VAL] Loss: 0.5860, Accuracy: 72.00%, Precision: 0.69, Recall: 0.77, F1: 0.73, AUC: 0.72
Epoch [81/100] [TRAIN] Loss: 0.5752, Accuracy: 72.75%, AUC: 0.73 [VAL] Loss: 0.5856, Accuracy: 72.00%, Precision: 0.69, Recall: 0.77, F1: 0.73, AUC: 0.72
Epoch [82/100] [TRAIN] Loss: 0.5709, Accuracy: 73.25%, AUC: 0.73 [VAL] Loss: 0.5855, Accuracy: 72.00%, Precision: 0.69, Recall: 0.77, F1: 0.73, AUC: 0.72
Epoch [83/100] [TRAIN] Loss: 0.5822, Accuracy: 72.75%, AUC: 0.73 [VAL] Loss: 0.5854, Accuracy: 72.00%, Precision: 0.69, Recall: 0.77, F1: 0.73, AUC: 0.72
Epoch [84/100] [TRAIN] Loss: 0.5661, Accuracy: 74.50%, AUC: 0.75 [VAL] Loss: 0.5851, Accuracy: 72.00%, Precision: 0.69, Recall: 0.77, F1: 0.73, AUC: 0.72
Epoch [85/100] [TRAIN] Loss: 0.5744, Accuracy: 73.38%, AUC: 0.73 [VAL] Loss: 0.5849, Accuracy: 72.00%, Precision: 0.69, Recall: 0.77, F1: 0.73, AUC: 0.72
Epoch [86/100] [TRAIN] Loss: 0.5668, Accuracy: 73.12%, AUC: 0.73 [VAL] Loss: 0.5849, Accuracy: 72.00%, Precision: 0.69, Recall: 0.77, F1: 0.73, AUC: 0.72
Epoch [87/100] [TRAIN] Loss: 0.5646, Accuracy: 71.25%, AUC: 0.71 [VAL] Loss: 0.5846, Accuracy: 72.00%, Precision: 0.69, Recall: 0.77, F1: 0.73, AUC: 0.72
Epoch [88/100] [TRAIN] Loss: 0.5677, Accuracy: 72.50%, AUC: 0.73 [VAL] Loss: 0.5843, Accuracy: 72.00%, Precision: 0.69, Recall: 0.77, F1: 0.73, AUC: 0.72
Epoch [89/100] [TRAIN] Loss: 0.5642, Accuracy: 71.62%, AUC: 0.72 [VAL] Loss: 0.5843, Accuracy: 72.00%, Precision: 0.69, Recall: 0.77, F1: 0.73, AUC: 0.72
Epoch [90/100] [TRAIN] Loss: 0.5661, Accuracy: 74.62%, AUC: 0.75 [VAL] Loss: 0.5840, Accuracy: 72.00%, Precision: 0.69, Recall: 0.77, F1: 0.73, AUC: 0.72
Epoch [91/100] [TRAIN] Loss: 0.5785, Accuracy: 72.75%, AUC: 0.73 [VAL] Loss: 0.5838, Accuracy: 72.00%, Precision: 0.69, Recall: 0.77, F1: 0.73, AUC: 0.72
Epoch [92/100] [TRAIN] Loss: 0.5722, Accuracy: 72.75%, AUC: 0.73 [VAL] Loss: 0.5836, Accuracy: 72.00%, Precision: 0.69, Recall: 0.77, F1: 0.73, AUC: 0.72
Epoch [93/100] [TRAIN] Loss: 0.5692, Accuracy: 72.12%, AUC: 0.72 [VAL] Loss: 0.5835, Accuracy: 72.00%, Precision: 0.69, Recall: 0.77, F1: 0.73, AUC: 0.72
Epoch [94/100] [TRAIN] Loss: 0.5756, Accuracy: 72.50%, AUC: 0.72 [VAL] Loss: 0.5832, Accuracy: 72.00%, Precision: 0.69, Recall: 0.77, F1: 0.73, AUC: 0.72
Epoch [95/100] [TRAIN] Loss: 0.5787, Accuracy: 70.88%, AUC: 0.71 [VAL] Loss: 0.5829, Accuracy: 72.00%, Precision: 0.69, Recall: 0.77, F1: 0.73, AUC: 0.72
Epoch [96/100] [TRAIN] Loss: 0.5631, Accuracy: 75.25%, AUC: 0.75 [VAL] Loss: 0.5825, Accuracy: 72.00%, Precision: 0.69, Recall: 0.77, F1: 0.73, AUC: 0.72
Epoch [97/100] [TRAIN] Loss: 0.5708, Accuracy: 72.38%, AUC: 0.72 [VAL] Loss: 0.5823, Accuracy: 72.00%, Precision: 0.69, Recall: 0.77, F1: 0.73, AUC: 0.72
Epoch [98/100] [TRAIN] Loss: 0.5725, Accuracy: 72.50%, AUC: 0.72 [VAL] Loss: 0.5820, Accuracy: 71.00%, Precision: 0.68, Recall: 0.75, F1: 0.71, AUC: 0.71
Epoch [99/100] [TRAIN] Loss: 0.5658, Accuracy: 73.38%, AUC: 0.73 [VAL] Loss: 0.5820, Accuracy: 71.00%, Precision: 0.68, Recall: 0.75, F1: 0.71, AUC: 0.71
Epoch [100/100] [TRAIN] Loss: 0.5636, Accuracy: 74.75%, AUC: 0.75 [VAL] Loss: 0.5817, Accuracy: 71.00%, Precision: 0.68, Recall: 0.75, F1: 0.71, AUC: 0.71
Seed: 1011
Accuracy:  69.00 %
AUC:       0.6967
Precision: 0.6154
Recall:    0.7442
F1-Score:  0.6737

Detailed Classification Report:
              precision    recall  f1-score   support

           0       0.77      0.65      0.70        57
           1       0.62      0.74      0.67        43

    accuracy                           0.69       100
   macro avg       0.69      0.70      0.69       100
weighted avg       0.70      0.69      0.69       100


Confusion Matrix:
[[37 20]
 [11 32]]


012-H3K9me3-H3K27ac
Train label distribution:
  Label 0:    422 (52.8%)
  Label 1:    378 (47.2%)
Val label distribution:
  Label 0:     52 (52.0%)
  Label 1:     48 (48.0%)
Test label distribution:
  Label 0:     57 (57.0%)
  Label 1:     43 (43.0%)
Epoch [1/100] [TRAIN] Loss: 0.7124, Accuracy: 57.62%, AUC: 0.58 [VAL] Loss: 0.6896, Accuracy: 69.00%, Precision: 0.65, Recall: 0.75, F1: 0.70, AUC: 0.69
Epoch [2/100] [TRAIN] Loss: 0.6862, Accuracy: 63.62%, AUC: 0.64 [VAL] Loss: 0.6686, Accuracy: 72.00%, Precision: 0.69, Recall: 0.77, F1: 0.73, AUC: 0.72
Epoch [3/100] [TRAIN] Loss: 0.6596, Accuracy: 67.12%, AUC: 0.67 [VAL] Loss: 0.6534, Accuracy: 73.00%, Precision: 0.70, Recall: 0.77, F1: 0.73, AUC: 0.73
Epoch [4/100] [TRAIN] Loss: 0.6477, Accuracy: 69.75%, AUC: 0.70 [VAL] Loss: 0.6431, Accuracy: 74.00%, Precision: 0.70, Recall: 0.79, F1: 0.75, AUC: 0.74
Epoch [5/100] [TRAIN] Loss: 0.6378, Accuracy: 71.38%, AUC: 0.71 [VAL] Loss: 0.6332, Accuracy: 74.00%, Precision: 0.70, Recall: 0.79, F1: 0.75, AUC: 0.74
Epoch [6/100] [TRAIN] Loss: 0.6359, Accuracy: 70.00%, AUC: 0.70 [VAL] Loss: 0.6272, Accuracy: 74.00%, Precision: 0.71, Recall: 0.77, F1: 0.74, AUC: 0.74
Epoch [7/100] [TRAIN] Loss: 0.6245, Accuracy: 72.12%, AUC: 0.72 [VAL] Loss: 0.6216, Accuracy: 74.00%, Precision: 0.71, Recall: 0.77, F1: 0.74, AUC: 0.74
Epoch [8/100] [TRAIN] Loss: 0.6304, Accuracy: 73.12%, AUC: 0.73 [VAL] Loss: 0.6178, Accuracy: 74.00%, Precision: 0.71, Recall: 0.77, F1: 0.74, AUC: 0.74
Epoch [9/100] [TRAIN] Loss: 0.6350, Accuracy: 71.12%, AUC: 0.71 [VAL] Loss: 0.6148, Accuracy: 74.00%, Precision: 0.71, Recall: 0.77, F1: 0.74, AUC: 0.74
Epoch [10/100] [TRAIN] Loss: 0.6130, Accuracy: 73.50%, AUC: 0.74 [VAL] Loss: 0.6121, Accuracy: 74.00%, Precision: 0.71, Recall: 0.77, F1: 0.74, AUC: 0.74
Epoch [11/100] [TRAIN] Loss: 0.6185, Accuracy: 72.50%, AUC: 0.73 [VAL] Loss: 0.6099, Accuracy: 74.00%, Precision: 0.71, Recall: 0.77, F1: 0.74, AUC: 0.74
Epoch [12/100] [TRAIN] Loss: 0.6124, Accuracy: 72.38%, AUC: 0.72 [VAL] Loss: 0.6081, Accuracy: 74.00%, Precision: 0.71, Recall: 0.77, F1: 0.74, AUC: 0.74
Epoch [13/100] [TRAIN] Loss: 0.6003, Accuracy: 73.88%, AUC: 0.74 [VAL] Loss: 0.6065, Accuracy: 74.00%, Precision: 0.71, Recall: 0.77, F1: 0.74, AUC: 0.74
Epoch [14/100] [TRAIN] Loss: 0.6112, Accuracy: 74.25%, AUC: 0.74 [VAL] Loss: 0.6055, Accuracy: 75.00%, Precision: 0.72, Recall: 0.79, F1: 0.75, AUC: 0.75
Epoch [15/100] [TRAIN] Loss: 0.5978, Accuracy: 72.62%, AUC: 0.73 [VAL] Loss: 0.6040, Accuracy: 75.00%, Precision: 0.72, Recall: 0.79, F1: 0.75, AUC: 0.75
Epoch [16/100] [TRAIN] Loss: 0.6147, Accuracy: 74.00%, AUC: 0.74 [VAL] Loss: 0.6035, Accuracy: 75.00%, Precision: 0.72, Recall: 0.79, F1: 0.75, AUC: 0.75
Epoch [17/100] [TRAIN] Loss: 0.6185, Accuracy: 72.25%, AUC: 0.72 [VAL] Loss: 0.6028, Accuracy: 75.00%, Precision: 0.72, Recall: 0.79, F1: 0.75, AUC: 0.75
Epoch [18/100] [TRAIN] Loss: 0.6076, Accuracy: 74.25%, AUC: 0.74 [VAL] Loss: 0.6022, Accuracy: 75.00%, Precision: 0.72, Recall: 0.79, F1: 0.75, AUC: 0.75
Epoch [19/100] [TRAIN] Loss: 0.6092, Accuracy: 71.88%, AUC: 0.72 [VAL] Loss: 0.6016, Accuracy: 76.00%, Precision: 0.72, Recall: 0.81, F1: 0.76, AUC: 0.76
Epoch [20/100] [TRAIN] Loss: 0.6039, Accuracy: 73.88%, AUC: 0.74 [VAL] Loss: 0.6009, Accuracy: 76.00%, Precision: 0.72, Recall: 0.81, F1: 0.76, AUC: 0.76
Epoch [21/100] [TRAIN] Loss: 0.5869, Accuracy: 73.25%, AUC: 0.73 [VAL] Loss: 0.6002, Accuracy: 76.00%, Precision: 0.72, Recall: 0.81, F1: 0.76, AUC: 0.76
Epoch [22/100] [TRAIN] Loss: 0.6072, Accuracy: 73.25%, AUC: 0.73 [VAL] Loss: 0.5999, Accuracy: 76.00%, Precision: 0.72, Recall: 0.81, F1: 0.76, AUC: 0.76
Epoch [23/100] [TRAIN] Loss: 0.6007, Accuracy: 73.38%, AUC: 0.73 [VAL] Loss: 0.5995, Accuracy: 76.00%, Precision: 0.72, Recall: 0.81, F1: 0.76, AUC: 0.76
Epoch [24/100] [TRAIN] Loss: 0.5990, Accuracy: 74.50%, AUC: 0.75 [VAL] Loss: 0.5993, Accuracy: 76.00%, Precision: 0.72, Recall: 0.81, F1: 0.76, AUC: 0.76
Epoch [25/100] [TRAIN] Loss: 0.5945, Accuracy: 73.50%, AUC: 0.74 [VAL] Loss: 0.5993, Accuracy: 76.00%, Precision: 0.72, Recall: 0.81, F1: 0.76, AUC: 0.76
Epoch [26/100] [TRAIN] Loss: 0.5962, Accuracy: 72.88%, AUC: 0.73 [VAL] Loss: 0.5992, Accuracy: 76.00%, Precision: 0.72, Recall: 0.81, F1: 0.76, AUC: 0.76
Epoch [27/100] [TRAIN] Loss: 0.5992, Accuracy: 74.75%, AUC: 0.75 [VAL] Loss: 0.5990, Accuracy: 75.00%, Precision: 0.72, Recall: 0.79, F1: 0.75, AUC: 0.75
Epoch [28/100] [TRAIN] Loss: 0.6165, Accuracy: 74.12%, AUC: 0.74 [VAL] Loss: 0.5990, Accuracy: 75.00%, Precision: 0.72, Recall: 0.79, F1: 0.75, AUC: 0.75
Epoch [29/100] [TRAIN] Loss: 0.5959, Accuracy: 73.38%, AUC: 0.73 [VAL] Loss: 0.5986, Accuracy: 75.00%, Precision: 0.72, Recall: 0.79, F1: 0.75, AUC: 0.75
Epoch [30/100] [TRAIN] Loss: 0.6082, Accuracy: 73.50%, AUC: 0.74 [VAL] Loss: 0.5982, Accuracy: 75.00%, Precision: 0.72, Recall: 0.79, F1: 0.75, AUC: 0.75
Epoch [31/100] [TRAIN] Loss: 0.5976, Accuracy: 74.12%, AUC: 0.74 [VAL] Loss: 0.5979, Accuracy: 75.00%, Precision: 0.72, Recall: 0.79, F1: 0.75, AUC: 0.75
Epoch [32/100] [TRAIN] Loss: 0.5897, Accuracy: 74.25%, AUC: 0.74 [VAL] Loss: 0.5974, Accuracy: 75.00%, Precision: 0.72, Recall: 0.79, F1: 0.75, AUC: 0.75
Epoch [33/100] [TRAIN] Loss: 0.5918, Accuracy: 74.00%, AUC: 0.74 [VAL] Loss: 0.5972, Accuracy: 75.00%, Precision: 0.72, Recall: 0.79, F1: 0.75, AUC: 0.75
Epoch [34/100] [TRAIN] Loss: 0.5871, Accuracy: 75.88%, AUC: 0.76 [VAL] Loss: 0.5972, Accuracy: 75.00%, Precision: 0.72, Recall: 0.79, F1: 0.75, AUC: 0.75
Epoch [35/100] [TRAIN] Loss: 0.5906, Accuracy: 75.88%, AUC: 0.76 [VAL] Loss: 0.5971, Accuracy: 75.00%, Precision: 0.72, Recall: 0.79, F1: 0.75, AUC: 0.75
Epoch [36/100] [TRAIN] Loss: 0.5890, Accuracy: 73.75%, AUC: 0.74 [VAL] Loss: 0.5969, Accuracy: 75.00%, Precision: 0.72, Recall: 0.79, F1: 0.75, AUC: 0.75
Epoch [37/100] [TRAIN] Loss: 0.5828, Accuracy: 74.88%, AUC: 0.75 [VAL] Loss: 0.5969, Accuracy: 75.00%, Precision: 0.72, Recall: 0.79, F1: 0.75, AUC: 0.75
Epoch [38/100] [TRAIN] Loss: 0.6075, Accuracy: 71.62%, AUC: 0.72 [VAL] Loss: 0.5968, Accuracy: 74.00%, Precision: 0.70, Recall: 0.79, F1: 0.75, AUC: 0.74
Epoch [39/100] [TRAIN] Loss: 0.6010, Accuracy: 74.75%, AUC: 0.75 [VAL] Loss: 0.5966, Accuracy: 74.00%, Precision: 0.70, Recall: 0.79, F1: 0.75, AUC: 0.74
Epoch [40/100] [TRAIN] Loss: 0.6026, Accuracy: 73.50%, AUC: 0.73 [VAL] Loss: 0.5965, Accuracy: 74.00%, Precision: 0.70, Recall: 0.79, F1: 0.75, AUC: 0.74
Epoch [41/100] [TRAIN] Loss: 0.5964, Accuracy: 74.00%, AUC: 0.74 [VAL] Loss: 0.5965, Accuracy: 74.00%, Precision: 0.70, Recall: 0.79, F1: 0.75, AUC: 0.74
Epoch [42/100] [TRAIN] Loss: 0.5876, Accuracy: 74.25%, AUC: 0.74 [VAL] Loss: 0.5966, Accuracy: 74.00%, Precision: 0.70, Recall: 0.79, F1: 0.75, AUC: 0.74
Epoch [43/100] [TRAIN] Loss: 0.6034, Accuracy: 72.62%, AUC: 0.73 [VAL] Loss: 0.5965, Accuracy: 74.00%, Precision: 0.70, Recall: 0.79, F1: 0.75, AUC: 0.74
Epoch [44/100] [TRAIN] Loss: 0.5927, Accuracy: 74.38%, AUC: 0.74 [VAL] Loss: 0.5963, Accuracy: 74.00%, Precision: 0.70, Recall: 0.79, F1: 0.75, AUC: 0.74
Epoch [45/100] [TRAIN] Loss: 0.6000, Accuracy: 75.62%, AUC: 0.76 [VAL] Loss: 0.5962, Accuracy: 74.00%, Precision: 0.70, Recall: 0.79, F1: 0.75, AUC: 0.74
Epoch [46/100] [TRAIN] Loss: 0.6023, Accuracy: 73.62%, AUC: 0.74 [VAL] Loss: 0.5960, Accuracy: 74.00%, Precision: 0.70, Recall: 0.79, F1: 0.75, AUC: 0.74
Epoch [47/100] [TRAIN] Loss: 0.5874, Accuracy: 73.75%, AUC: 0.74 [VAL] Loss: 0.5958, Accuracy: 74.00%, Precision: 0.70, Recall: 0.79, F1: 0.75, AUC: 0.74
Epoch [48/100] [TRAIN] Loss: 0.5963, Accuracy: 73.25%, AUC: 0.73 [VAL] Loss: 0.5957, Accuracy: 74.00%, Precision: 0.70, Recall: 0.79, F1: 0.75, AUC: 0.74
Epoch [49/100] [TRAIN] Loss: 0.6014, Accuracy: 73.88%, AUC: 0.74 [VAL] Loss: 0.5955, Accuracy: 74.00%, Precision: 0.70, Recall: 0.79, F1: 0.75, AUC: 0.74
Epoch [50/100] [TRAIN] Loss: 0.5852, Accuracy: 76.00%, AUC: 0.76 [VAL] Loss: 0.5954, Accuracy: 74.00%, Precision: 0.70, Recall: 0.79, F1: 0.75, AUC: 0.74
Epoch [51/100] [TRAIN] Loss: 0.5979, Accuracy: 72.38%, AUC: 0.72 [VAL] Loss: 0.5954, Accuracy: 74.00%, Precision: 0.70, Recall: 0.79, F1: 0.75, AUC: 0.74
Epoch [52/100] [TRAIN] Loss: 0.5791, Accuracy: 75.38%, AUC: 0.75 [VAL] Loss: 0.5954, Accuracy: 74.00%, Precision: 0.70, Recall: 0.79, F1: 0.75, AUC: 0.74
Epoch [53/100] [TRAIN] Loss: 0.5948, Accuracy: 75.38%, AUC: 0.75 [VAL] Loss: 0.5953, Accuracy: 74.00%, Precision: 0.70, Recall: 0.79, F1: 0.75, AUC: 0.74
Epoch [54/100] [TRAIN] Loss: 0.5909, Accuracy: 76.00%, AUC: 0.76 [VAL] Loss: 0.5952, Accuracy: 74.00%, Precision: 0.70, Recall: 0.79, F1: 0.75, AUC: 0.74
Epoch [55/100] [TRAIN] Loss: 0.5936, Accuracy: 74.25%, AUC: 0.74 [VAL] Loss: 0.5950, Accuracy: 74.00%, Precision: 0.70, Recall: 0.79, F1: 0.75, AUC: 0.74
Epoch [56/100] [TRAIN] Loss: 0.5883, Accuracy: 75.88%, AUC: 0.76 [VAL] Loss: 0.5948, Accuracy: 74.00%, Precision: 0.70, Recall: 0.79, F1: 0.75, AUC: 0.74
Epoch [57/100] [TRAIN] Loss: 0.5935, Accuracy: 74.75%, AUC: 0.75 [VAL] Loss: 0.5948, Accuracy: 74.00%, Precision: 0.70, Recall: 0.79, F1: 0.75, AUC: 0.74
Epoch [58/100] [TRAIN] Loss: 0.5881, Accuracy: 74.00%, AUC: 0.74 [VAL] Loss: 0.5947, Accuracy: 73.00%, Precision: 0.70, Recall: 0.77, F1: 0.73, AUC: 0.73
Epoch [59/100] [TRAIN] Loss: 0.5740, Accuracy: 74.00%, AUC: 0.74 [VAL] Loss: 0.5945, Accuracy: 73.00%, Precision: 0.70, Recall: 0.77, F1: 0.73, AUC: 0.73
Epoch [60/100] [TRAIN] Loss: 0.5746, Accuracy: 74.88%, AUC: 0.75 [VAL] Loss: 0.5944, Accuracy: 73.00%, Precision: 0.70, Recall: 0.77, F1: 0.73, AUC: 0.73
Epoch [61/100] [TRAIN] Loss: 0.5847, Accuracy: 74.25%, AUC: 0.74 [VAL] Loss: 0.5945, Accuracy: 73.00%, Precision: 0.70, Recall: 0.77, F1: 0.73, AUC: 0.73
Epoch [62/100] [TRAIN] Loss: 0.6015, Accuracy: 74.50%, AUC: 0.75 [VAL] Loss: 0.5946, Accuracy: 73.00%, Precision: 0.70, Recall: 0.77, F1: 0.73, AUC: 0.73
Epoch [63/100] [TRAIN] Loss: 0.5861, Accuracy: 74.62%, AUC: 0.75 [VAL] Loss: 0.5944, Accuracy: 73.00%, Precision: 0.70, Recall: 0.77, F1: 0.73, AUC: 0.73
Epoch [64/100] [TRAIN] Loss: 0.5880, Accuracy: 73.88%, AUC: 0.74 [VAL] Loss: 0.5941, Accuracy: 73.00%, Precision: 0.70, Recall: 0.77, F1: 0.73, AUC: 0.73
Epoch [65/100] [TRAIN] Loss: 0.5904, Accuracy: 75.62%, AUC: 0.76 [VAL] Loss: 0.5942, Accuracy: 73.00%, Precision: 0.70, Recall: 0.77, F1: 0.73, AUC: 0.73
Epoch [66/100] [TRAIN] Loss: 0.6021, Accuracy: 73.12%, AUC: 0.73 [VAL] Loss: 0.5941, Accuracy: 73.00%, Precision: 0.70, Recall: 0.77, F1: 0.73, AUC: 0.73
Epoch [67/100] [TRAIN] Loss: 0.5860, Accuracy: 74.50%, AUC: 0.75 [VAL] Loss: 0.5939, Accuracy: 73.00%, Precision: 0.70, Recall: 0.77, F1: 0.73, AUC: 0.73
Epoch [68/100] [TRAIN] Loss: 0.5899, Accuracy: 74.50%, AUC: 0.75 [VAL] Loss: 0.5938, Accuracy: 73.00%, Precision: 0.70, Recall: 0.77, F1: 0.73, AUC: 0.73
Epoch [69/100] [TRAIN] Loss: 0.5807, Accuracy: 75.25%, AUC: 0.75 [VAL] Loss: 0.5935, Accuracy: 73.00%, Precision: 0.70, Recall: 0.77, F1: 0.73, AUC: 0.73
Epoch [70/100] [TRAIN] Loss: 0.5818, Accuracy: 74.75%, AUC: 0.75 [VAL] Loss: 0.5934, Accuracy: 73.00%, Precision: 0.70, Recall: 0.77, F1: 0.73, AUC: 0.73
Epoch [71/100] [TRAIN] Loss: 0.5786, Accuracy: 74.50%, AUC: 0.75 [VAL] Loss: 0.5934, Accuracy: 73.00%, Precision: 0.70, Recall: 0.77, F1: 0.73, AUC: 0.73
Epoch [72/100] [TRAIN] Loss: 0.5825, Accuracy: 73.88%, AUC: 0.74 [VAL] Loss: 0.5937, Accuracy: 73.00%, Precision: 0.70, Recall: 0.77, F1: 0.73, AUC: 0.73
Epoch [73/100] [TRAIN] Loss: 0.5855, Accuracy: 74.38%, AUC: 0.74 [VAL] Loss: 0.5936, Accuracy: 73.00%, Precision: 0.70, Recall: 0.77, F1: 0.73, AUC: 0.73
Epoch [74/100] [TRAIN] Loss: 0.5885, Accuracy: 74.12%, AUC: 0.74 [VAL] Loss: 0.5935, Accuracy: 73.00%, Precision: 0.70, Recall: 0.77, F1: 0.73, AUC: 0.73
Epoch [75/100] [TRAIN] Loss: 0.6049, Accuracy: 73.62%, AUC: 0.74 [VAL] Loss: 0.5936, Accuracy: 73.00%, Precision: 0.70, Recall: 0.77, F1: 0.73, AUC: 0.73
Epoch [76/100] [TRAIN] Loss: 0.5855, Accuracy: 75.88%, AUC: 0.76 [VAL] Loss: 0.5936, Accuracy: 73.00%, Precision: 0.70, Recall: 0.77, F1: 0.73, AUC: 0.73
Epoch [77/100] [TRAIN] Loss: 0.5838, Accuracy: 74.88%, AUC: 0.75 [VAL] Loss: 0.5936, Accuracy: 73.00%, Precision: 0.70, Recall: 0.77, F1: 0.73, AUC: 0.73
Epoch [78/100] [TRAIN] Loss: 0.5949, Accuracy: 74.12%, AUC: 0.74 [VAL] Loss: 0.5935, Accuracy: 73.00%, Precision: 0.70, Recall: 0.77, F1: 0.73, AUC: 0.73
Epoch [79/100] [TRAIN] Loss: 0.5878, Accuracy: 74.12%, AUC: 0.74 [VAL] Loss: 0.5935, Accuracy: 73.00%, Precision: 0.70, Recall: 0.77, F1: 0.73, AUC: 0.73
Epoch [80/100] [TRAIN] Loss: 0.5837, Accuracy: 75.62%, AUC: 0.76 [VAL] Loss: 0.5935, Accuracy: 73.00%, Precision: 0.70, Recall: 0.77, F1: 0.73, AUC: 0.73
  Early stopping at epoch 80 (no val_loss improvement for 10 epochs)
Seed: 1011
Accuracy:  68.00 %
AUC:       0.6850
Precision: 0.6078
Recall:    0.7209
F1-Score:  0.6596

Detailed Classification Report:
              precision    recall  f1-score   support

           0       0.76      0.65      0.70        57
           1       0.61      0.72      0.66        43

    accuracy                           0.68       100
   macro avg       0.68      0.69      0.68       100
weighted avg       0.69      0.68      0.68       100


Confusion Matrix:
[[37 20]
 [12 31]]


013-H3K9me3-H3K27me3
Train label distribution:
  Label 0:    422 (52.8%)
  Label 1:    378 (47.2%)
Val label distribution:
  Label 0:     52 (52.0%)
  Label 1:     48 (48.0%)
Test label distribution:
  Label 0:     57 (57.0%)
  Label 1:     43 (43.0%)
Epoch [1/100] [TRAIN] Loss: 0.7184, Accuracy: 51.50%, AUC: 0.51 [VAL] Loss: 0.7168, Accuracy: 53.00%, Precision: 0.51, Recall: 0.92, F1: 0.65, AUC: 0.54
Epoch [2/100] [TRAIN] Loss: 0.7195, Accuracy: 53.38%, AUC: 0.53 [VAL] Loss: 0.7164, Accuracy: 53.00%, Precision: 0.51, Recall: 0.92, F1: 0.65, AUC: 0.54
Epoch [3/100] [TRAIN] Loss: 0.7176, Accuracy: 52.75%, AUC: 0.53 [VAL] Loss: 0.7161, Accuracy: 53.00%, Precision: 0.51, Recall: 0.92, F1: 0.65, AUC: 0.54
Epoch [4/100] [TRAIN] Loss: 0.7173, Accuracy: 50.38%, AUC: 0.51 [VAL] Loss: 0.7157, Accuracy: 54.00%, Precision: 0.51, Recall: 0.92, F1: 0.66, AUC: 0.55
Epoch [5/100] [TRAIN] Loss: 0.7166, Accuracy: 54.00%, AUC: 0.54 [VAL] Loss: 0.7153, Accuracy: 54.00%, Precision: 0.51, Recall: 0.92, F1: 0.66, AUC: 0.55
Epoch [6/100] [TRAIN] Loss: 0.7184, Accuracy: 50.50%, AUC: 0.51 [VAL] Loss: 0.7150, Accuracy: 54.00%, Precision: 0.51, Recall: 0.92, F1: 0.66, AUC: 0.55
Epoch [7/100] [TRAIN] Loss: 0.7186, Accuracy: 53.00%, AUC: 0.53 [VAL] Loss: 0.7146, Accuracy: 55.00%, Precision: 0.52, Recall: 0.92, F1: 0.66, AUC: 0.56
Epoch [8/100] [TRAIN] Loss: 0.7171, Accuracy: 54.75%, AUC: 0.55 [VAL] Loss: 0.7143, Accuracy: 55.00%, Precision: 0.52, Recall: 0.92, F1: 0.66, AUC: 0.56
Epoch [9/100] [TRAIN] Loss: 0.7171, Accuracy: 51.62%, AUC: 0.52 [VAL] Loss: 0.7140, Accuracy: 55.00%, Precision: 0.52, Recall: 0.92, F1: 0.66, AUC: 0.56
Epoch [10/100] [TRAIN] Loss: 0.7158, Accuracy: 53.50%, AUC: 0.53 [VAL] Loss: 0.7136, Accuracy: 55.00%, Precision: 0.52, Recall: 0.92, F1: 0.66, AUC: 0.56
Epoch [11/100] [TRAIN] Loss: 0.7158, Accuracy: 53.00%, AUC: 0.53 [VAL] Loss: 0.7133, Accuracy: 55.00%, Precision: 0.52, Recall: 0.92, F1: 0.66, AUC: 0.56
Epoch [12/100] [TRAIN] Loss: 0.7181, Accuracy: 51.00%, AUC: 0.51 [VAL] Loss: 0.7130, Accuracy: 55.00%, Precision: 0.52, Recall: 0.92, F1: 0.66, AUC: 0.56
Epoch [13/100] [TRAIN] Loss: 0.7157, Accuracy: 53.25%, AUC: 0.53 [VAL] Loss: 0.7127, Accuracy: 55.00%, Precision: 0.52, Recall: 0.92, F1: 0.66, AUC: 0.56
Epoch [14/100] [TRAIN] Loss: 0.7163, Accuracy: 53.00%, AUC: 0.53 [VAL] Loss: 0.7124, Accuracy: 55.00%, Precision: 0.52, Recall: 0.92, F1: 0.66, AUC: 0.56
Epoch [15/100] [TRAIN] Loss: 0.7167, Accuracy: 53.75%, AUC: 0.54 [VAL] Loss: 0.7121, Accuracy: 55.00%, Precision: 0.52, Recall: 0.92, F1: 0.66, AUC: 0.56
Epoch [16/100] [TRAIN] Loss: 0.7172, Accuracy: 52.25%, AUC: 0.52 [VAL] Loss: 0.7119, Accuracy: 55.00%, Precision: 0.52, Recall: 0.92, F1: 0.66, AUC: 0.56
Epoch [17/100] [TRAIN] Loss: 0.7172, Accuracy: 55.50%, AUC: 0.56 [VAL] Loss: 0.7116, Accuracy: 55.00%, Precision: 0.52, Recall: 0.92, F1: 0.66, AUC: 0.56
Epoch [18/100] [TRAIN] Loss: 0.7169, Accuracy: 50.75%, AUC: 0.51 [VAL] Loss: 0.7113, Accuracy: 55.00%, Precision: 0.52, Recall: 0.92, F1: 0.66, AUC: 0.56
Epoch [19/100] [TRAIN] Loss: 0.7161, Accuracy: 52.25%, AUC: 0.52 [VAL] Loss: 0.7111, Accuracy: 55.00%, Precision: 0.52, Recall: 0.92, F1: 0.66, AUC: 0.56
Epoch [20/100] [TRAIN] Loss: 0.7161, Accuracy: 52.38%, AUC: 0.52 [VAL] Loss: 0.7108, Accuracy: 55.00%, Precision: 0.52, Recall: 0.92, F1: 0.66, AUC: 0.56
Epoch [21/100] [TRAIN] Loss: 0.7152, Accuracy: 51.62%, AUC: 0.52 [VAL] Loss: 0.7105, Accuracy: 54.00%, Precision: 0.51, Recall: 0.90, F1: 0.65, AUC: 0.55
Epoch [22/100] [TRAIN] Loss: 0.7133, Accuracy: 52.25%, AUC: 0.52 [VAL] Loss: 0.7102, Accuracy: 54.00%, Precision: 0.51, Recall: 0.90, F1: 0.65, AUC: 0.55
Epoch [23/100] [TRAIN] Loss: 0.7165, Accuracy: 51.25%, AUC: 0.51 [VAL] Loss: 0.7100, Accuracy: 54.00%, Precision: 0.51, Recall: 0.90, F1: 0.65, AUC: 0.55
Epoch [24/100] [TRAIN] Loss: 0.7152, Accuracy: 49.75%, AUC: 0.50 [VAL] Loss: 0.7097, Accuracy: 54.00%, Precision: 0.51, Recall: 0.90, F1: 0.65, AUC: 0.55
Epoch [25/100] [TRAIN] Loss: 0.7123, Accuracy: 56.25%, AUC: 0.56 [VAL] Loss: 0.7094, Accuracy: 54.00%, Precision: 0.51, Recall: 0.90, F1: 0.65, AUC: 0.55
Epoch [26/100] [TRAIN] Loss: 0.7164, Accuracy: 52.75%, AUC: 0.53 [VAL] Loss: 0.7092, Accuracy: 54.00%, Precision: 0.51, Recall: 0.90, F1: 0.65, AUC: 0.55
Epoch [27/100] [TRAIN] Loss: 0.7130, Accuracy: 53.62%, AUC: 0.54 [VAL] Loss: 0.7090, Accuracy: 54.00%, Precision: 0.51, Recall: 0.90, F1: 0.65, AUC: 0.55
Epoch [28/100] [TRAIN] Loss: 0.7137, Accuracy: 52.00%, AUC: 0.52 [VAL] Loss: 0.7087, Accuracy: 54.00%, Precision: 0.51, Recall: 0.90, F1: 0.65, AUC: 0.55
Epoch [29/100] [TRAIN] Loss: 0.7138, Accuracy: 54.25%, AUC: 0.54 [VAL] Loss: 0.7084, Accuracy: 54.00%, Precision: 0.51, Recall: 0.90, F1: 0.65, AUC: 0.55
Epoch [30/100] [TRAIN] Loss: 0.7145, Accuracy: 52.12%, AUC: 0.52 [VAL] Loss: 0.7082, Accuracy: 54.00%, Precision: 0.51, Recall: 0.90, F1: 0.65, AUC: 0.55
Epoch [31/100] [TRAIN] Loss: 0.7136, Accuracy: 52.75%, AUC: 0.53 [VAL] Loss: 0.7079, Accuracy: 54.00%, Precision: 0.51, Recall: 0.90, F1: 0.65, AUC: 0.55
Epoch [32/100] [TRAIN] Loss: 0.7133, Accuracy: 56.38%, AUC: 0.56 [VAL] Loss: 0.7077, Accuracy: 54.00%, Precision: 0.51, Recall: 0.90, F1: 0.65, AUC: 0.55
Epoch [33/100] [TRAIN] Loss: 0.7132, Accuracy: 54.12%, AUC: 0.54 [VAL] Loss: 0.7075, Accuracy: 54.00%, Precision: 0.51, Recall: 0.90, F1: 0.65, AUC: 0.55
Epoch [34/100] [TRAIN] Loss: 0.7151, Accuracy: 51.88%, AUC: 0.52 [VAL] Loss: 0.7073, Accuracy: 54.00%, Precision: 0.51, Recall: 0.90, F1: 0.65, AUC: 0.55
Epoch [35/100] [TRAIN] Loss: 0.7136, Accuracy: 51.75%, AUC: 0.52 [VAL] Loss: 0.7071, Accuracy: 54.00%, Precision: 0.51, Recall: 0.90, F1: 0.65, AUC: 0.55
Epoch [36/100] [TRAIN] Loss: 0.7123, Accuracy: 51.25%, AUC: 0.51 [VAL] Loss: 0.7068, Accuracy: 54.00%, Precision: 0.51, Recall: 0.90, F1: 0.65, AUC: 0.55
Epoch [37/100] [TRAIN] Loss: 0.7129, Accuracy: 54.75%, AUC: 0.55 [VAL] Loss: 0.7066, Accuracy: 54.00%, Precision: 0.51, Recall: 0.90, F1: 0.65, AUC: 0.55
Epoch [38/100] [TRAIN] Loss: 0.7130, Accuracy: 53.12%, AUC: 0.53 [VAL] Loss: 0.7064, Accuracy: 54.00%, Precision: 0.51, Recall: 0.90, F1: 0.65, AUC: 0.55
Epoch [39/100] [TRAIN] Loss: 0.7147, Accuracy: 53.62%, AUC: 0.53 [VAL] Loss: 0.7061, Accuracy: 54.00%, Precision: 0.51, Recall: 0.90, F1: 0.65, AUC: 0.55
Epoch [40/100] [TRAIN] Loss: 0.7108, Accuracy: 55.25%, AUC: 0.55 [VAL] Loss: 0.7059, Accuracy: 54.00%, Precision: 0.51, Recall: 0.90, F1: 0.65, AUC: 0.55
Epoch [41/100] [TRAIN] Loss: 0.7111, Accuracy: 53.00%, AUC: 0.53 [VAL] Loss: 0.7056, Accuracy: 54.00%, Precision: 0.51, Recall: 0.90, F1: 0.65, AUC: 0.55
Epoch [42/100] [TRAIN] Loss: 0.7137, Accuracy: 53.50%, AUC: 0.54 [VAL] Loss: 0.7054, Accuracy: 54.00%, Precision: 0.51, Recall: 0.90, F1: 0.65, AUC: 0.55
Epoch [43/100] [TRAIN] Loss: 0.7138, Accuracy: 53.00%, AUC: 0.53 [VAL] Loss: 0.7052, Accuracy: 54.00%, Precision: 0.51, Recall: 0.90, F1: 0.65, AUC: 0.55
Epoch [44/100] [TRAIN] Loss: 0.7122, Accuracy: 53.38%, AUC: 0.53 [VAL] Loss: 0.7050, Accuracy: 54.00%, Precision: 0.51, Recall: 0.90, F1: 0.65, AUC: 0.55
Epoch [45/100] [TRAIN] Loss: 0.7124, Accuracy: 50.88%, AUC: 0.51 [VAL] Loss: 0.7048, Accuracy: 54.00%, Precision: 0.51, Recall: 0.90, F1: 0.65, AUC: 0.55
Epoch [46/100] [TRAIN] Loss: 0.7126, Accuracy: 50.12%, AUC: 0.50 [VAL] Loss: 0.7045, Accuracy: 54.00%, Precision: 0.51, Recall: 0.90, F1: 0.65, AUC: 0.55
Epoch [47/100] [TRAIN] Loss: 0.7149, Accuracy: 53.50%, AUC: 0.54 [VAL] Loss: 0.7043, Accuracy: 54.00%, Precision: 0.51, Recall: 0.90, F1: 0.65, AUC: 0.55
Epoch [48/100] [TRAIN] Loss: 0.7120, Accuracy: 52.62%, AUC: 0.53 [VAL] Loss: 0.7041, Accuracy: 54.00%, Precision: 0.51, Recall: 0.90, F1: 0.65, AUC: 0.55
Epoch [49/100] [TRAIN] Loss: 0.7118, Accuracy: 53.12%, AUC: 0.53 [VAL] Loss: 0.7039, Accuracy: 54.00%, Precision: 0.51, Recall: 0.90, F1: 0.65, AUC: 0.55
Epoch [50/100] [TRAIN] Loss: 0.7094, Accuracy: 54.38%, AUC: 0.54 [VAL] Loss: 0.7037, Accuracy: 54.00%, Precision: 0.51, Recall: 0.90, F1: 0.65, AUC: 0.55
Epoch [51/100] [TRAIN] Loss: 0.7108, Accuracy: 50.88%, AUC: 0.51 [VAL] Loss: 0.7034, Accuracy: 54.00%, Precision: 0.51, Recall: 0.90, F1: 0.65, AUC: 0.55
Epoch [52/100] [TRAIN] Loss: 0.7121, Accuracy: 52.50%, AUC: 0.53 [VAL] Loss: 0.7033, Accuracy: 54.00%, Precision: 0.51, Recall: 0.90, F1: 0.65, AUC: 0.55
Epoch [53/100] [TRAIN] Loss: 0.7090, Accuracy: 53.12%, AUC: 0.53 [VAL] Loss: 0.7030, Accuracy: 54.00%, Precision: 0.51, Recall: 0.90, F1: 0.65, AUC: 0.55
Epoch [54/100] [TRAIN] Loss: 0.7105, Accuracy: 52.50%, AUC: 0.52 [VAL] Loss: 0.7028, Accuracy: 54.00%, Precision: 0.51, Recall: 0.90, F1: 0.65, AUC: 0.55
Epoch [55/100] [TRAIN] Loss: 0.7091, Accuracy: 54.38%, AUC: 0.54 [VAL] Loss: 0.7026, Accuracy: 54.00%, Precision: 0.51, Recall: 0.90, F1: 0.65, AUC: 0.55
Epoch [56/100] [TRAIN] Loss: 0.7074, Accuracy: 55.50%, AUC: 0.55 [VAL] Loss: 0.7024, Accuracy: 54.00%, Precision: 0.51, Recall: 0.90, F1: 0.65, AUC: 0.55
Epoch [57/100] [TRAIN] Loss: 0.7097, Accuracy: 55.12%, AUC: 0.55 [VAL] Loss: 0.7022, Accuracy: 54.00%, Precision: 0.51, Recall: 0.90, F1: 0.65, AUC: 0.55
Epoch [58/100] [TRAIN] Loss: 0.7100, Accuracy: 51.62%, AUC: 0.52 [VAL] Loss: 0.7020, Accuracy: 54.00%, Precision: 0.51, Recall: 0.90, F1: 0.65, AUC: 0.55
Epoch [59/100] [TRAIN] Loss: 0.7119, Accuracy: 56.00%, AUC: 0.56 [VAL] Loss: 0.7018, Accuracy: 54.00%, Precision: 0.51, Recall: 0.90, F1: 0.65, AUC: 0.55
Epoch [60/100] [TRAIN] Loss: 0.7075, Accuracy: 54.75%, AUC: 0.55 [VAL] Loss: 0.7016, Accuracy: 54.00%, Precision: 0.51, Recall: 0.90, F1: 0.65, AUC: 0.55
Epoch [61/100] [TRAIN] Loss: 0.7083, Accuracy: 53.50%, AUC: 0.53 [VAL] Loss: 0.7014, Accuracy: 54.00%, Precision: 0.51, Recall: 0.90, F1: 0.65, AUC: 0.55
Epoch [62/100] [TRAIN] Loss: 0.7091, Accuracy: 53.50%, AUC: 0.54 [VAL] Loss: 0.7012, Accuracy: 54.00%, Precision: 0.51, Recall: 0.90, F1: 0.65, AUC: 0.55
Epoch [63/100] [TRAIN] Loss: 0.7127, Accuracy: 54.88%, AUC: 0.55 [VAL] Loss: 0.7010, Accuracy: 54.00%, Precision: 0.51, Recall: 0.90, F1: 0.65, AUC: 0.55
Epoch [64/100] [TRAIN] Loss: 0.7085, Accuracy: 54.25%, AUC: 0.54 [VAL] Loss: 0.7008, Accuracy: 54.00%, Precision: 0.51, Recall: 0.90, F1: 0.65, AUC: 0.55
Epoch [65/100] [TRAIN] Loss: 0.7078, Accuracy: 54.12%, AUC: 0.54 [VAL] Loss: 0.7006, Accuracy: 54.00%, Precision: 0.51, Recall: 0.90, F1: 0.65, AUC: 0.55
Epoch [66/100] [TRAIN] Loss: 0.7084, Accuracy: 54.50%, AUC: 0.54 [VAL] Loss: 0.7004, Accuracy: 54.00%, Precision: 0.51, Recall: 0.90, F1: 0.65, AUC: 0.55
Epoch [67/100] [TRAIN] Loss: 0.7098, Accuracy: 56.12%, AUC: 0.56 [VAL] Loss: 0.7003, Accuracy: 54.00%, Precision: 0.51, Recall: 0.90, F1: 0.65, AUC: 0.55
Epoch [68/100] [TRAIN] Loss: 0.7090, Accuracy: 55.00%, AUC: 0.55 [VAL] Loss: 0.7002, Accuracy: 54.00%, Precision: 0.51, Recall: 0.90, F1: 0.65, AUC: 0.55
Epoch [69/100] [TRAIN] Loss: 0.7093, Accuracy: 55.38%, AUC: 0.55 [VAL] Loss: 0.7000, Accuracy: 54.00%, Precision: 0.51, Recall: 0.90, F1: 0.65, AUC: 0.55
Epoch [70/100] [TRAIN] Loss: 0.7076, Accuracy: 50.75%, AUC: 0.51 [VAL] Loss: 0.6998, Accuracy: 54.00%, Precision: 0.51, Recall: 0.90, F1: 0.65, AUC: 0.55
Epoch [71/100] [TRAIN] Loss: 0.7080, Accuracy: 51.12%, AUC: 0.51 [VAL] Loss: 0.6996, Accuracy: 54.00%, Precision: 0.51, Recall: 0.90, F1: 0.65, AUC: 0.55
Epoch [72/100] [TRAIN] Loss: 0.7041, Accuracy: 55.38%, AUC: 0.55 [VAL] Loss: 0.6994, Accuracy: 54.00%, Precision: 0.51, Recall: 0.90, F1: 0.65, AUC: 0.55
Epoch [73/100] [TRAIN] Loss: 0.7109, Accuracy: 53.62%, AUC: 0.53 [VAL] Loss: 0.6992, Accuracy: 54.00%, Precision: 0.51, Recall: 0.90, F1: 0.65, AUC: 0.55
Epoch [74/100] [TRAIN] Loss: 0.7085, Accuracy: 53.50%, AUC: 0.54 [VAL] Loss: 0.6990, Accuracy: 54.00%, Precision: 0.51, Recall: 0.90, F1: 0.65, AUC: 0.55
Epoch [75/100] [TRAIN] Loss: 0.7050, Accuracy: 55.25%, AUC: 0.55 [VAL] Loss: 0.6988, Accuracy: 54.00%, Precision: 0.51, Recall: 0.90, F1: 0.65, AUC: 0.55
Epoch [76/100] [TRAIN] Loss: 0.7074, Accuracy: 54.62%, AUC: 0.55 [VAL] Loss: 0.6987, Accuracy: 54.00%, Precision: 0.51, Recall: 0.90, F1: 0.65, AUC: 0.55
Epoch [77/100] [TRAIN] Loss: 0.7088, Accuracy: 55.75%, AUC: 0.56 [VAL] Loss: 0.6985, Accuracy: 54.00%, Precision: 0.51, Recall: 0.90, F1: 0.65, AUC: 0.55
Epoch [78/100] [TRAIN] Loss: 0.7081, Accuracy: 52.00%, AUC: 0.52 [VAL] Loss: 0.6983, Accuracy: 54.00%, Precision: 0.51, Recall: 0.90, F1: 0.65, AUC: 0.55
Epoch [79/100] [TRAIN] Loss: 0.7056, Accuracy: 51.88%, AUC: 0.52 [VAL] Loss: 0.6982, Accuracy: 54.00%, Precision: 0.51, Recall: 0.90, F1: 0.65, AUC: 0.55
Epoch [80/100] [TRAIN] Loss: 0.7066, Accuracy: 55.38%, AUC: 0.55 [VAL] Loss: 0.6980, Accuracy: 54.00%, Precision: 0.51, Recall: 0.90, F1: 0.65, AUC: 0.55
Epoch [81/100] [TRAIN] Loss: 0.7070, Accuracy: 54.12%, AUC: 0.54 [VAL] Loss: 0.6979, Accuracy: 54.00%, Precision: 0.51, Recall: 0.90, F1: 0.65, AUC: 0.55
Epoch [82/100] [TRAIN] Loss: 0.7063, Accuracy: 56.00%, AUC: 0.56 [VAL] Loss: 0.6977, Accuracy: 54.00%, Precision: 0.51, Recall: 0.90, F1: 0.65, AUC: 0.55
Epoch [83/100] [TRAIN] Loss: 0.7046, Accuracy: 50.38%, AUC: 0.50 [VAL] Loss: 0.6975, Accuracy: 54.00%, Precision: 0.51, Recall: 0.90, F1: 0.65, AUC: 0.55
Epoch [84/100] [TRAIN] Loss: 0.7045, Accuracy: 55.12%, AUC: 0.55 [VAL] Loss: 0.6974, Accuracy: 54.00%, Precision: 0.51, Recall: 0.90, F1: 0.65, AUC: 0.55
Epoch [85/100] [TRAIN] Loss: 0.7087, Accuracy: 54.50%, AUC: 0.55 [VAL] Loss: 0.6972, Accuracy: 54.00%, Precision: 0.51, Recall: 0.90, F1: 0.65, AUC: 0.55
Epoch [86/100] [TRAIN] Loss: 0.7059, Accuracy: 53.62%, AUC: 0.54 [VAL] Loss: 0.6971, Accuracy: 54.00%, Precision: 0.51, Recall: 0.90, F1: 0.65, AUC: 0.55
Epoch [87/100] [TRAIN] Loss: 0.7062, Accuracy: 53.88%, AUC: 0.54 [VAL] Loss: 0.6969, Accuracy: 54.00%, Precision: 0.51, Recall: 0.90, F1: 0.65, AUC: 0.55
Epoch [88/100] [TRAIN] Loss: 0.7092, Accuracy: 50.88%, AUC: 0.51 [VAL] Loss: 0.6968, Accuracy: 54.00%, Precision: 0.51, Recall: 0.90, F1: 0.65, AUC: 0.55
Epoch [89/100] [TRAIN] Loss: 0.7062, Accuracy: 52.38%, AUC: 0.52 [VAL] Loss: 0.6966, Accuracy: 54.00%, Precision: 0.51, Recall: 0.90, F1: 0.65, AUC: 0.55
Epoch [90/100] [TRAIN] Loss: 0.7065, Accuracy: 53.62%, AUC: 0.54 [VAL] Loss: 0.6965, Accuracy: 54.00%, Precision: 0.51, Recall: 0.90, F1: 0.65, AUC: 0.55
Epoch [91/100] [TRAIN] Loss: 0.7057, Accuracy: 54.25%, AUC: 0.54 [VAL] Loss: 0.6964, Accuracy: 54.00%, Precision: 0.51, Recall: 0.90, F1: 0.65, AUC: 0.55
Epoch [92/100] [TRAIN] Loss: 0.7076, Accuracy: 55.62%, AUC: 0.56 [VAL] Loss: 0.6962, Accuracy: 54.00%, Precision: 0.51, Recall: 0.90, F1: 0.65, AUC: 0.55
Epoch [93/100] [TRAIN] Loss: 0.7072, Accuracy: 53.38%, AUC: 0.53 [VAL] Loss: 0.6961, Accuracy: 54.00%, Precision: 0.51, Recall: 0.90, F1: 0.65, AUC: 0.55
Epoch [94/100] [TRAIN] Loss: 0.7052, Accuracy: 55.38%, AUC: 0.55 [VAL] Loss: 0.6959, Accuracy: 54.00%, Precision: 0.51, Recall: 0.90, F1: 0.65, AUC: 0.55
Epoch [95/100] [TRAIN] Loss: 0.7035, Accuracy: 56.00%, AUC: 0.56 [VAL] Loss: 0.6957, Accuracy: 54.00%, Precision: 0.51, Recall: 0.90, F1: 0.65, AUC: 0.55
Epoch [96/100] [TRAIN] Loss: 0.7075, Accuracy: 53.88%, AUC: 0.54 [VAL] Loss: 0.6956, Accuracy: 54.00%, Precision: 0.51, Recall: 0.90, F1: 0.65, AUC: 0.55
Epoch [97/100] [TRAIN] Loss: 0.7045, Accuracy: 52.00%, AUC: 0.52 [VAL] Loss: 0.6955, Accuracy: 54.00%, Precision: 0.51, Recall: 0.90, F1: 0.65, AUC: 0.55
Epoch [98/100] [TRAIN] Loss: 0.7057, Accuracy: 54.50%, AUC: 0.54 [VAL] Loss: 0.6953, Accuracy: 54.00%, Precision: 0.51, Recall: 0.90, F1: 0.65, AUC: 0.55
Epoch [99/100] [TRAIN] Loss: 0.7043, Accuracy: 53.50%, AUC: 0.53 [VAL] Loss: 0.6952, Accuracy: 54.00%, Precision: 0.51, Recall: 0.90, F1: 0.65, AUC: 0.55
Epoch [100/100] [TRAIN] Loss: 0.7041, Accuracy: 54.88%, AUC: 0.55 [VAL] Loss: 0.6951, Accuracy: 54.00%, Precision: 0.51, Recall: 0.90, F1: 0.65, AUC: 0.55
Seed: 1011
Accuracy:  53.00 %
AUC:       0.5734
Precision: 0.4750
Recall:    0.8837
F1-Score:  0.6179

Detailed Classification Report:
              precision    recall  f1-score   support

           0       0.75      0.26      0.39        57
           1       0.47      0.88      0.62        43

    accuracy                           0.53       100
   macro avg       0.61      0.57      0.50       100
weighted avg       0.63      0.53      0.49       100


Confusion Matrix:
[[15 42]
 [ 5 38]]


014-H3K27ac-H3K27me3
Train label distribution:
  Label 0:    422 (52.8%)
  Label 1:    378 (47.2%)
Val label distribution:
  Label 0:     52 (52.0%)
  Label 1:     48 (48.0%)
Test label distribution:
  Label 0:     57 (57.0%)
  Label 1:     43 (43.0%)
Epoch [1/100] [TRAIN] Loss: 0.7038, Accuracy: 55.38%, AUC: 0.55 [VAL] Loss: 0.6797, Accuracy: 66.00%, Precision: 0.63, Recall: 0.69, F1: 0.66, AUC: 0.66
Epoch [2/100] [TRAIN] Loss: 0.6918, Accuracy: 58.75%, AUC: 0.59 [VAL] Loss: 0.6637, Accuracy: 70.00%, Precision: 0.66, Recall: 0.77, F1: 0.71, AUC: 0.70
Epoch [3/100] [TRAIN] Loss: 0.6755, Accuracy: 63.50%, AUC: 0.64 [VAL] Loss: 0.6509, Accuracy: 74.00%, Precision: 0.70, Recall: 0.79, F1: 0.75, AUC: 0.74
Epoch [4/100] [TRAIN] Loss: 0.6583, Accuracy: 68.38%, AUC: 0.68 [VAL] Loss: 0.6402, Accuracy: 74.00%, Precision: 0.70, Recall: 0.79, F1: 0.75, AUC: 0.74
Epoch [5/100] [TRAIN] Loss: 0.6533, Accuracy: 68.25%, AUC: 0.68 [VAL] Loss: 0.6325, Accuracy: 75.00%, Precision: 0.72, Recall: 0.79, F1: 0.75, AUC: 0.75
Epoch [6/100] [TRAIN] Loss: 0.6400, Accuracy: 68.75%, AUC: 0.69 [VAL] Loss: 0.6251, Accuracy: 75.00%, Precision: 0.72, Recall: 0.79, F1: 0.75, AUC: 0.75
Epoch [7/100] [TRAIN] Loss: 0.6454, Accuracy: 69.00%, AUC: 0.69 [VAL] Loss: 0.6194, Accuracy: 76.00%, Precision: 0.72, Recall: 0.81, F1: 0.76, AUC: 0.76
Epoch [8/100] [TRAIN] Loss: 0.6290, Accuracy: 70.75%, AUC: 0.71 [VAL] Loss: 0.6145, Accuracy: 76.00%, Precision: 0.72, Recall: 0.81, F1: 0.76, AUC: 0.76
Epoch [9/100] [TRAIN] Loss: 0.6326, Accuracy: 71.50%, AUC: 0.72 [VAL] Loss: 0.6109, Accuracy: 76.00%, Precision: 0.72, Recall: 0.81, F1: 0.76, AUC: 0.76
Epoch [10/100] [TRAIN] Loss: 0.6160, Accuracy: 72.00%, AUC: 0.72 [VAL] Loss: 0.6082, Accuracy: 76.00%, Precision: 0.72, Recall: 0.81, F1: 0.76, AUC: 0.76
Epoch [11/100] [TRAIN] Loss: 0.6255, Accuracy: 71.75%, AUC: 0.72 [VAL] Loss: 0.6056, Accuracy: 76.00%, Precision: 0.72, Recall: 0.81, F1: 0.76, AUC: 0.76
Epoch [12/100] [TRAIN] Loss: 0.6217, Accuracy: 71.00%, AUC: 0.71 [VAL] Loss: 0.6041, Accuracy: 76.00%, Precision: 0.72, Recall: 0.81, F1: 0.76, AUC: 0.76
Epoch [13/100] [TRAIN] Loss: 0.6089, Accuracy: 73.12%, AUC: 0.73 [VAL] Loss: 0.6020, Accuracy: 76.00%, Precision: 0.72, Recall: 0.81, F1: 0.76, AUC: 0.76
Epoch [14/100] [TRAIN] Loss: 0.6037, Accuracy: 72.25%, AUC: 0.72 [VAL] Loss: 0.6006, Accuracy: 76.00%, Precision: 0.72, Recall: 0.81, F1: 0.76, AUC: 0.76
Epoch [15/100] [TRAIN] Loss: 0.6123, Accuracy: 72.25%, AUC: 0.72 [VAL] Loss: 0.5994, Accuracy: 76.00%, Precision: 0.72, Recall: 0.81, F1: 0.76, AUC: 0.76
Epoch [16/100] [TRAIN] Loss: 0.6102, Accuracy: 71.88%, AUC: 0.72 [VAL] Loss: 0.5986, Accuracy: 76.00%, Precision: 0.72, Recall: 0.81, F1: 0.76, AUC: 0.76
Epoch [17/100] [TRAIN] Loss: 0.6137, Accuracy: 74.12%, AUC: 0.74 [VAL] Loss: 0.5980, Accuracy: 76.00%, Precision: 0.72, Recall: 0.81, F1: 0.76, AUC: 0.76
Epoch [18/100] [TRAIN] Loss: 0.6267, Accuracy: 71.88%, AUC: 0.72 [VAL] Loss: 0.5974, Accuracy: 76.00%, Precision: 0.72, Recall: 0.81, F1: 0.76, AUC: 0.76
Epoch [19/100] [TRAIN] Loss: 0.6062, Accuracy: 74.75%, AUC: 0.75 [VAL] Loss: 0.5969, Accuracy: 76.00%, Precision: 0.72, Recall: 0.81, F1: 0.76, AUC: 0.76
Epoch [20/100] [TRAIN] Loss: 0.6022, Accuracy: 73.12%, AUC: 0.73 [VAL] Loss: 0.5966, Accuracy: 76.00%, Precision: 0.72, Recall: 0.81, F1: 0.76, AUC: 0.76
Epoch [21/100] [TRAIN] Loss: 0.6055, Accuracy: 72.38%, AUC: 0.72 [VAL] Loss: 0.5962, Accuracy: 76.00%, Precision: 0.72, Recall: 0.81, F1: 0.76, AUC: 0.76
Epoch [22/100] [TRAIN] Loss: 0.5967, Accuracy: 70.88%, AUC: 0.71 [VAL] Loss: 0.5961, Accuracy: 75.00%, Precision: 0.71, Recall: 0.81, F1: 0.76, AUC: 0.75
Epoch [23/100] [TRAIN] Loss: 0.6145, Accuracy: 72.88%, AUC: 0.73 [VAL] Loss: 0.5958, Accuracy: 75.00%, Precision: 0.71, Recall: 0.81, F1: 0.76, AUC: 0.75
Epoch [24/100] [TRAIN] Loss: 0.5957, Accuracy: 75.00%, AUC: 0.75 [VAL] Loss: 0.5958, Accuracy: 75.00%, Precision: 0.71, Recall: 0.81, F1: 0.76, AUC: 0.75
Epoch [25/100] [TRAIN] Loss: 0.6238, Accuracy: 72.00%, AUC: 0.72 [VAL] Loss: 0.5960, Accuracy: 75.00%, Precision: 0.71, Recall: 0.81, F1: 0.76, AUC: 0.75
Epoch [26/100] [TRAIN] Loss: 0.6056, Accuracy: 71.38%, AUC: 0.71 [VAL] Loss: 0.5958, Accuracy: 75.00%, Precision: 0.71, Recall: 0.81, F1: 0.76, AUC: 0.75
Epoch [27/100] [TRAIN] Loss: 0.5992, Accuracy: 73.75%, AUC: 0.74 [VAL] Loss: 0.5958, Accuracy: 75.00%, Precision: 0.71, Recall: 0.81, F1: 0.76, AUC: 0.75
Epoch [28/100] [TRAIN] Loss: 0.6159, Accuracy: 73.25%, AUC: 0.73 [VAL] Loss: 0.5956, Accuracy: 75.00%, Precision: 0.71, Recall: 0.81, F1: 0.76, AUC: 0.75
Epoch [29/100] [TRAIN] Loss: 0.5905, Accuracy: 73.50%, AUC: 0.74 [VAL] Loss: 0.5956, Accuracy: 76.00%, Precision: 0.72, Recall: 0.81, F1: 0.76, AUC: 0.76
Epoch [30/100] [TRAIN] Loss: 0.6084, Accuracy: 72.50%, AUC: 0.72 [VAL] Loss: 0.5954, Accuracy: 76.00%, Precision: 0.72, Recall: 0.81, F1: 0.76, AUC: 0.76
Epoch [31/100] [TRAIN] Loss: 0.6060, Accuracy: 72.00%, AUC: 0.72 [VAL] Loss: 0.5954, Accuracy: 76.00%, Precision: 0.72, Recall: 0.81, F1: 0.76, AUC: 0.76
Epoch [32/100] [TRAIN] Loss: 0.5946, Accuracy: 73.00%, AUC: 0.73 [VAL] Loss: 0.5953, Accuracy: 76.00%, Precision: 0.72, Recall: 0.81, F1: 0.76, AUC: 0.76
Epoch [33/100] [TRAIN] Loss: 0.6046, Accuracy: 72.00%, AUC: 0.72 [VAL] Loss: 0.5951, Accuracy: 76.00%, Precision: 0.72, Recall: 0.81, F1: 0.76, AUC: 0.76
Epoch [34/100] [TRAIN] Loss: 0.6055, Accuracy: 71.50%, AUC: 0.71 [VAL] Loss: 0.5951, Accuracy: 76.00%, Precision: 0.72, Recall: 0.81, F1: 0.76, AUC: 0.76
Epoch [35/100] [TRAIN] Loss: 0.5907, Accuracy: 73.75%, AUC: 0.74 [VAL] Loss: 0.5951, Accuracy: 76.00%, Precision: 0.72, Recall: 0.81, F1: 0.76, AUC: 0.76
Epoch [36/100] [TRAIN] Loss: 0.6114, Accuracy: 72.00%, AUC: 0.72 [VAL] Loss: 0.5950, Accuracy: 76.00%, Precision: 0.72, Recall: 0.81, F1: 0.76, AUC: 0.76
Epoch [37/100] [TRAIN] Loss: 0.6015, Accuracy: 72.12%, AUC: 0.72 [VAL] Loss: 0.5951, Accuracy: 76.00%, Precision: 0.72, Recall: 0.81, F1: 0.76, AUC: 0.76
Epoch [38/100] [TRAIN] Loss: 0.5854, Accuracy: 73.25%, AUC: 0.73 [VAL] Loss: 0.5951, Accuracy: 76.00%, Precision: 0.72, Recall: 0.81, F1: 0.76, AUC: 0.76
Epoch [39/100] [TRAIN] Loss: 0.5932, Accuracy: 74.50%, AUC: 0.74 [VAL] Loss: 0.5951, Accuracy: 76.00%, Precision: 0.72, Recall: 0.81, F1: 0.76, AUC: 0.76
Epoch [40/100] [TRAIN] Loss: 0.5977, Accuracy: 73.50%, AUC: 0.73 [VAL] Loss: 0.5949, Accuracy: 76.00%, Precision: 0.72, Recall: 0.81, F1: 0.76, AUC: 0.76
Epoch [41/100] [TRAIN] Loss: 0.5884, Accuracy: 74.00%, AUC: 0.74 [VAL] Loss: 0.5949, Accuracy: 76.00%, Precision: 0.72, Recall: 0.81, F1: 0.76, AUC: 0.76
Epoch [42/100] [TRAIN] Loss: 0.6000, Accuracy: 72.62%, AUC: 0.73 [VAL] Loss: 0.5948, Accuracy: 76.00%, Precision: 0.72, Recall: 0.81, F1: 0.76, AUC: 0.76
Epoch [43/100] [TRAIN] Loss: 0.6036, Accuracy: 73.38%, AUC: 0.73 [VAL] Loss: 0.5948, Accuracy: 76.00%, Precision: 0.72, Recall: 0.81, F1: 0.76, AUC: 0.76
Epoch [44/100] [TRAIN] Loss: 0.6087, Accuracy: 73.62%, AUC: 0.74 [VAL] Loss: 0.5950, Accuracy: 76.00%, Precision: 0.72, Recall: 0.81, F1: 0.76, AUC: 0.76
Epoch [45/100] [TRAIN] Loss: 0.5876, Accuracy: 74.38%, AUC: 0.75 [VAL] Loss: 0.5951, Accuracy: 76.00%, Precision: 0.72, Recall: 0.81, F1: 0.76, AUC: 0.76
Epoch [46/100] [TRAIN] Loss: 0.5950, Accuracy: 74.12%, AUC: 0.74 [VAL] Loss: 0.5947, Accuracy: 76.00%, Precision: 0.72, Recall: 0.81, F1: 0.76, AUC: 0.76
Epoch [47/100] [TRAIN] Loss: 0.6092, Accuracy: 72.25%, AUC: 0.72 [VAL] Loss: 0.5947, Accuracy: 76.00%, Precision: 0.72, Recall: 0.81, F1: 0.76, AUC: 0.76
Epoch [48/100] [TRAIN] Loss: 0.5873, Accuracy: 75.38%, AUC: 0.75 [VAL] Loss: 0.5944, Accuracy: 76.00%, Precision: 0.72, Recall: 0.81, F1: 0.76, AUC: 0.76
Epoch [49/100] [TRAIN] Loss: 0.5939, Accuracy: 72.88%, AUC: 0.73 [VAL] Loss: 0.5943, Accuracy: 76.00%, Precision: 0.72, Recall: 0.81, F1: 0.76, AUC: 0.76
Epoch [50/100] [TRAIN] Loss: 0.5991, Accuracy: 72.62%, AUC: 0.73 [VAL] Loss: 0.5943, Accuracy: 76.00%, Precision: 0.72, Recall: 0.81, F1: 0.76, AUC: 0.76
Epoch [51/100] [TRAIN] Loss: 0.5901, Accuracy: 74.75%, AUC: 0.75 [VAL] Loss: 0.5944, Accuracy: 76.00%, Precision: 0.72, Recall: 0.81, F1: 0.76, AUC: 0.76
Epoch [52/100] [TRAIN] Loss: 0.5842, Accuracy: 74.25%, AUC: 0.74 [VAL] Loss: 0.5943, Accuracy: 76.00%, Precision: 0.72, Recall: 0.81, F1: 0.76, AUC: 0.76
Epoch [53/100] [TRAIN] Loss: 0.5884, Accuracy: 74.00%, AUC: 0.74 [VAL] Loss: 0.5943, Accuracy: 76.00%, Precision: 0.72, Recall: 0.81, F1: 0.76, AUC: 0.76
Epoch [54/100] [TRAIN] Loss: 0.5889, Accuracy: 73.50%, AUC: 0.74 [VAL] Loss: 0.5943, Accuracy: 76.00%, Precision: 0.72, Recall: 0.81, F1: 0.76, AUC: 0.76
Epoch [55/100] [TRAIN] Loss: 0.5962, Accuracy: 74.38%, AUC: 0.74 [VAL] Loss: 0.5943, Accuracy: 76.00%, Precision: 0.72, Recall: 0.81, F1: 0.76, AUC: 0.76
Epoch [56/100] [TRAIN] Loss: 0.5841, Accuracy: 74.75%, AUC: 0.75 [VAL] Loss: 0.5940, Accuracy: 76.00%, Precision: 0.72, Recall: 0.81, F1: 0.76, AUC: 0.76
Epoch [57/100] [TRAIN] Loss: 0.5948, Accuracy: 74.75%, AUC: 0.75 [VAL] Loss: 0.5938, Accuracy: 76.00%, Precision: 0.72, Recall: 0.81, F1: 0.76, AUC: 0.76
Epoch [58/100] [TRAIN] Loss: 0.5985, Accuracy: 72.88%, AUC: 0.73 [VAL] Loss: 0.5938, Accuracy: 76.00%, Precision: 0.72, Recall: 0.81, F1: 0.76, AUC: 0.76
Epoch [59/100] [TRAIN] Loss: 0.5826, Accuracy: 74.75%, AUC: 0.75 [VAL] Loss: 0.5937, Accuracy: 76.00%, Precision: 0.72, Recall: 0.81, F1: 0.76, AUC: 0.76
Epoch [60/100] [TRAIN] Loss: 0.5919, Accuracy: 74.88%, AUC: 0.75 [VAL] Loss: 0.5940, Accuracy: 76.00%, Precision: 0.72, Recall: 0.81, F1: 0.76, AUC: 0.76
Epoch [61/100] [TRAIN] Loss: 0.5917, Accuracy: 72.88%, AUC: 0.73 [VAL] Loss: 0.5939, Accuracy: 76.00%, Precision: 0.72, Recall: 0.81, F1: 0.76, AUC: 0.76
Epoch [62/100] [TRAIN] Loss: 0.5784, Accuracy: 73.25%, AUC: 0.73 [VAL] Loss: 0.5939, Accuracy: 76.00%, Precision: 0.72, Recall: 0.81, F1: 0.76, AUC: 0.76
Epoch [63/100] [TRAIN] Loss: 0.5905, Accuracy: 73.62%, AUC: 0.74 [VAL] Loss: 0.5938, Accuracy: 75.00%, Precision: 0.71, Recall: 0.81, F1: 0.76, AUC: 0.75
Epoch [64/100] [TRAIN] Loss: 0.5973, Accuracy: 71.75%, AUC: 0.72 [VAL] Loss: 0.5938, Accuracy: 75.00%, Precision: 0.71, Recall: 0.81, F1: 0.76, AUC: 0.75
Epoch [65/100] [TRAIN] Loss: 0.5935, Accuracy: 72.50%, AUC: 0.73 [VAL] Loss: 0.5937, Accuracy: 75.00%, Precision: 0.71, Recall: 0.81, F1: 0.76, AUC: 0.75
Epoch [66/100] [TRAIN] Loss: 0.5921, Accuracy: 73.88%, AUC: 0.74 [VAL] Loss: 0.5937, Accuracy: 75.00%, Precision: 0.71, Recall: 0.81, F1: 0.76, AUC: 0.75
Epoch [67/100] [TRAIN] Loss: 0.5743, Accuracy: 76.62%, AUC: 0.77 [VAL] Loss: 0.5937, Accuracy: 75.00%, Precision: 0.71, Recall: 0.81, F1: 0.76, AUC: 0.75
Epoch [68/100] [TRAIN] Loss: 0.5910, Accuracy: 74.38%, AUC: 0.74 [VAL] Loss: 0.5937, Accuracy: 75.00%, Precision: 0.71, Recall: 0.81, F1: 0.76, AUC: 0.75
Epoch [69/100] [TRAIN] Loss: 0.5690, Accuracy: 73.62%, AUC: 0.74 [VAL] Loss: 0.5937, Accuracy: 75.00%, Precision: 0.71, Recall: 0.81, F1: 0.76, AUC: 0.75
Epoch [70/100] [TRAIN] Loss: 0.5936, Accuracy: 73.12%, AUC: 0.73 [VAL] Loss: 0.5937, Accuracy: 75.00%, Precision: 0.71, Recall: 0.81, F1: 0.76, AUC: 0.75
Epoch [71/100] [TRAIN] Loss: 0.5923, Accuracy: 72.12%, AUC: 0.72 [VAL] Loss: 0.5937, Accuracy: 75.00%, Precision: 0.71, Recall: 0.81, F1: 0.76, AUC: 0.75
Epoch [72/100] [TRAIN] Loss: 0.5863, Accuracy: 73.00%, AUC: 0.73 [VAL] Loss: 0.5937, Accuracy: 75.00%, Precision: 0.71, Recall: 0.81, F1: 0.76, AUC: 0.75
Epoch [73/100] [TRAIN] Loss: 0.5815, Accuracy: 72.62%, AUC: 0.73 [VAL] Loss: 0.5937, Accuracy: 75.00%, Precision: 0.71, Recall: 0.81, F1: 0.76, AUC: 0.75
Epoch [74/100] [TRAIN] Loss: 0.5785, Accuracy: 74.62%, AUC: 0.75 [VAL] Loss: 0.5937, Accuracy: 75.00%, Precision: 0.71, Recall: 0.81, F1: 0.76, AUC: 0.75
Epoch [75/100] [TRAIN] Loss: 0.5814, Accuracy: 74.00%, AUC: 0.74 [VAL] Loss: 0.5937, Accuracy: 75.00%, Precision: 0.71, Recall: 0.81, F1: 0.76, AUC: 0.75
Epoch [76/100] [TRAIN] Loss: 0.5939, Accuracy: 72.75%, AUC: 0.73 [VAL] Loss: 0.5937, Accuracy: 75.00%, Precision: 0.71, Recall: 0.81, F1: 0.76, AUC: 0.75
Epoch [77/100] [TRAIN] Loss: 0.5869, Accuracy: 74.62%, AUC: 0.75 [VAL] Loss: 0.5937, Accuracy: 75.00%, Precision: 0.71, Recall: 0.81, F1: 0.76, AUC: 0.75
Epoch [78/100] [TRAIN] Loss: 0.5809, Accuracy: 73.88%, AUC: 0.74 [VAL] Loss: 0.5937, Accuracy: 75.00%, Precision: 0.71, Recall: 0.81, F1: 0.76, AUC: 0.75
Epoch [79/100] [TRAIN] Loss: 0.5816, Accuracy: 74.12%, AUC: 0.74 [VAL] Loss: 0.5937, Accuracy: 75.00%, Precision: 0.71, Recall: 0.81, F1: 0.76, AUC: 0.75
  Early stopping at epoch 79 (no val_loss improvement for 10 epochs)
Seed: 1011
Accuracy:  71.00 %
AUC:       0.7142
Precision: 0.6400
Recall:    0.7442
F1-Score:  0.6882

Detailed Classification Report:
              precision    recall  f1-score   support

           0       0.78      0.68      0.73        57
           1       0.64      0.74      0.69        43

    accuracy                           0.71       100
   macro avg       0.71      0.71      0.71       100
weighted avg       0.72      0.71      0.71       100


Confusion Matrix:
[[39 18]
 [11 32]]


015-H3K4me3-H3K9ac-H3K9me3
Train label distribution:
  Label 0:    422 (52.8%)
  Label 1:    378 (47.2%)
Val label distribution:
  Label 0:     52 (52.0%)
  Label 1:     48 (48.0%)
Test label distribution:
  Label 0:     57 (57.0%)
  Label 1:     43 (43.0%)
Epoch [1/100] [TRAIN] Loss: 0.7498, Accuracy: 38.25%, AUC: 0.38 [VAL] Loss: 0.7450, Accuracy: 40.00%, Precision: 0.38, Recall: 0.38, F1: 0.38, AUC: 0.40
Epoch [2/100] [TRAIN] Loss: 0.7357, Accuracy: 43.50%, AUC: 0.44 [VAL] Loss: 0.7295, Accuracy: 42.00%, Precision: 0.40, Recall: 0.42, F1: 0.41, AUC: 0.42
Epoch [3/100] [TRAIN] Loss: 0.7139, Accuracy: 50.38%, AUC: 0.51 [VAL] Loss: 0.7168, Accuracy: 46.00%, Precision: 0.44, Recall: 0.44, F1: 0.44, AUC: 0.46
Epoch [4/100] [TRAIN] Loss: 0.7053, Accuracy: 54.38%, AUC: 0.55 [VAL] Loss: 0.7044, Accuracy: 64.00%, Precision: 0.62, Recall: 0.65, F1: 0.63, AUC: 0.64
Epoch [5/100] [TRAIN] Loss: 0.6901, Accuracy: 60.50%, AUC: 0.61 [VAL] Loss: 0.6929, Accuracy: 66.00%, Precision: 0.64, Recall: 0.67, F1: 0.65, AUC: 0.66
Epoch [6/100] [TRAIN] Loss: 0.6812, Accuracy: 64.38%, AUC: 0.64 [VAL] Loss: 0.6825, Accuracy: 71.00%, Precision: 0.69, Recall: 0.73, F1: 0.71, AUC: 0.71
Epoch [7/100] [TRAIN] Loss: 0.6737, Accuracy: 65.25%, AUC: 0.65 [VAL] Loss: 0.6732, Accuracy: 72.00%, Precision: 0.69, Recall: 0.75, F1: 0.72, AUC: 0.72
Epoch [8/100] [TRAIN] Loss: 0.6609, Accuracy: 66.88%, AUC: 0.67 [VAL] Loss: 0.6644, Accuracy: 70.00%, Precision: 0.67, Recall: 0.75, F1: 0.71, AUC: 0.70
Epoch [9/100] [TRAIN] Loss: 0.6528, Accuracy: 69.88%, AUC: 0.70 [VAL] Loss: 0.6563, Accuracy: 70.00%, Precision: 0.67, Recall: 0.75, F1: 0.71, AUC: 0.70
Epoch [10/100] [TRAIN] Loss: 0.6398, Accuracy: 71.25%, AUC: 0.71 [VAL] Loss: 0.6488, Accuracy: 70.00%, Precision: 0.67, Recall: 0.75, F1: 0.71, AUC: 0.70
Epoch [11/100] [TRAIN] Loss: 0.6430, Accuracy: 68.75%, AUC: 0.69 [VAL] Loss: 0.6421, Accuracy: 71.00%, Precision: 0.67, Recall: 0.77, F1: 0.72, AUC: 0.71
Epoch [12/100] [TRAIN] Loss: 0.6267, Accuracy: 71.50%, AUC: 0.71 [VAL] Loss: 0.6360, Accuracy: 70.00%, Precision: 0.67, Recall: 0.75, F1: 0.71, AUC: 0.70
Epoch [13/100] [TRAIN] Loss: 0.6206, Accuracy: 71.38%, AUC: 0.71 [VAL] Loss: 0.6306, Accuracy: 70.00%, Precision: 0.67, Recall: 0.75, F1: 0.71, AUC: 0.70
Epoch [14/100] [TRAIN] Loss: 0.6059, Accuracy: 72.38%, AUC: 0.73 [VAL] Loss: 0.6253, Accuracy: 70.00%, Precision: 0.67, Recall: 0.75, F1: 0.71, AUC: 0.70
Epoch [15/100] [TRAIN] Loss: 0.6086, Accuracy: 72.75%, AUC: 0.73 [VAL] Loss: 0.6208, Accuracy: 71.00%, Precision: 0.67, Recall: 0.77, F1: 0.72, AUC: 0.71
Epoch [16/100] [TRAIN] Loss: 0.6072, Accuracy: 74.25%, AUC: 0.74 [VAL] Loss: 0.6170, Accuracy: 72.00%, Precision: 0.69, Recall: 0.77, F1: 0.73, AUC: 0.72
Epoch [17/100] [TRAIN] Loss: 0.6005, Accuracy: 70.25%, AUC: 0.70 [VAL] Loss: 0.6143, Accuracy: 72.00%, Precision: 0.69, Recall: 0.77, F1: 0.73, AUC: 0.72
Epoch [18/100] [TRAIN] Loss: 0.5983, Accuracy: 71.38%, AUC: 0.71 [VAL] Loss: 0.6117, Accuracy: 72.00%, Precision: 0.69, Recall: 0.77, F1: 0.73, AUC: 0.72
Epoch [19/100] [TRAIN] Loss: 0.5887, Accuracy: 72.00%, AUC: 0.72 [VAL] Loss: 0.6096, Accuracy: 72.00%, Precision: 0.69, Recall: 0.77, F1: 0.73, AUC: 0.72
Epoch [20/100] [TRAIN] Loss: 0.5857, Accuracy: 71.62%, AUC: 0.72 [VAL] Loss: 0.6078, Accuracy: 72.00%, Precision: 0.69, Recall: 0.77, F1: 0.73, AUC: 0.72
Epoch [21/100] [TRAIN] Loss: 0.5901, Accuracy: 72.50%, AUC: 0.72 [VAL] Loss: 0.6061, Accuracy: 72.00%, Precision: 0.69, Recall: 0.77, F1: 0.73, AUC: 0.72
Epoch [22/100] [TRAIN] Loss: 0.5907, Accuracy: 72.38%, AUC: 0.72 [VAL] Loss: 0.6048, Accuracy: 72.00%, Precision: 0.69, Recall: 0.77, F1: 0.73, AUC: 0.72
Epoch [23/100] [TRAIN] Loss: 0.5888, Accuracy: 71.50%, AUC: 0.72 [VAL] Loss: 0.6039, Accuracy: 72.00%, Precision: 0.69, Recall: 0.77, F1: 0.73, AUC: 0.72
Epoch [24/100] [TRAIN] Loss: 0.5686, Accuracy: 72.88%, AUC: 0.73 [VAL] Loss: 0.6031, Accuracy: 72.00%, Precision: 0.69, Recall: 0.77, F1: 0.73, AUC: 0.72
Epoch [25/100] [TRAIN] Loss: 0.5704, Accuracy: 72.88%, AUC: 0.73 [VAL] Loss: 0.6023, Accuracy: 72.00%, Precision: 0.69, Recall: 0.77, F1: 0.73, AUC: 0.72
Epoch [26/100] [TRAIN] Loss: 0.5699, Accuracy: 74.12%, AUC: 0.74 [VAL] Loss: 0.6017, Accuracy: 72.00%, Precision: 0.69, Recall: 0.77, F1: 0.73, AUC: 0.72
Epoch [27/100] [TRAIN] Loss: 0.5886, Accuracy: 73.00%, AUC: 0.73 [VAL] Loss: 0.6013, Accuracy: 72.00%, Precision: 0.69, Recall: 0.77, F1: 0.73, AUC: 0.72
Epoch [28/100] [TRAIN] Loss: 0.5659, Accuracy: 73.38%, AUC: 0.73 [VAL] Loss: 0.6010, Accuracy: 72.00%, Precision: 0.69, Recall: 0.77, F1: 0.73, AUC: 0.72
Epoch [29/100] [TRAIN] Loss: 0.5865, Accuracy: 71.88%, AUC: 0.72 [VAL] Loss: 0.6007, Accuracy: 72.00%, Precision: 0.69, Recall: 0.77, F1: 0.73, AUC: 0.72
Epoch [30/100] [TRAIN] Loss: 0.5929, Accuracy: 71.88%, AUC: 0.72 [VAL] Loss: 0.6004, Accuracy: 72.00%, Precision: 0.69, Recall: 0.77, F1: 0.73, AUC: 0.72
Epoch [31/100] [TRAIN] Loss: 0.5654, Accuracy: 73.00%, AUC: 0.73 [VAL] Loss: 0.6003, Accuracy: 72.00%, Precision: 0.69, Recall: 0.77, F1: 0.73, AUC: 0.72
Epoch [32/100] [TRAIN] Loss: 0.5797, Accuracy: 73.12%, AUC: 0.73 [VAL] Loss: 0.6000, Accuracy: 72.00%, Precision: 0.69, Recall: 0.77, F1: 0.73, AUC: 0.72
Epoch [33/100] [TRAIN] Loss: 0.5783, Accuracy: 72.62%, AUC: 0.73 [VAL] Loss: 0.5997, Accuracy: 72.00%, Precision: 0.69, Recall: 0.77, F1: 0.73, AUC: 0.72
Epoch [34/100] [TRAIN] Loss: 0.5564, Accuracy: 74.62%, AUC: 0.75 [VAL] Loss: 0.5994, Accuracy: 72.00%, Precision: 0.69, Recall: 0.77, F1: 0.73, AUC: 0.72
Epoch [35/100] [TRAIN] Loss: 0.5737, Accuracy: 73.25%, AUC: 0.73 [VAL] Loss: 0.5992, Accuracy: 72.00%, Precision: 0.69, Recall: 0.77, F1: 0.73, AUC: 0.72
Epoch [36/100] [TRAIN] Loss: 0.5821, Accuracy: 74.00%, AUC: 0.74 [VAL] Loss: 0.5989, Accuracy: 72.00%, Precision: 0.69, Recall: 0.77, F1: 0.73, AUC: 0.72
Epoch [37/100] [TRAIN] Loss: 0.5661, Accuracy: 74.00%, AUC: 0.74 [VAL] Loss: 0.5986, Accuracy: 72.00%, Precision: 0.69, Recall: 0.77, F1: 0.73, AUC: 0.72
Epoch [38/100] [TRAIN] Loss: 0.5663, Accuracy: 71.50%, AUC: 0.72 [VAL] Loss: 0.5984, Accuracy: 72.00%, Precision: 0.69, Recall: 0.77, F1: 0.73, AUC: 0.72
Epoch [39/100] [TRAIN] Loss: 0.5810, Accuracy: 72.75%, AUC: 0.73 [VAL] Loss: 0.5982, Accuracy: 72.00%, Precision: 0.69, Recall: 0.77, F1: 0.73, AUC: 0.72
Epoch [40/100] [TRAIN] Loss: 0.5703, Accuracy: 72.62%, AUC: 0.73 [VAL] Loss: 0.5977, Accuracy: 71.00%, Precision: 0.68, Recall: 0.75, F1: 0.71, AUC: 0.71
Epoch [41/100] [TRAIN] Loss: 0.5540, Accuracy: 74.12%, AUC: 0.74 [VAL] Loss: 0.5976, Accuracy: 71.00%, Precision: 0.68, Recall: 0.75, F1: 0.71, AUC: 0.71
Epoch [42/100] [TRAIN] Loss: 0.5688, Accuracy: 73.12%, AUC: 0.73 [VAL] Loss: 0.5975, Accuracy: 71.00%, Precision: 0.68, Recall: 0.75, F1: 0.71, AUC: 0.71
Epoch [43/100] [TRAIN] Loss: 0.5571, Accuracy: 73.50%, AUC: 0.73 [VAL] Loss: 0.5974, Accuracy: 71.00%, Precision: 0.68, Recall: 0.75, F1: 0.71, AUC: 0.71
Epoch [44/100] [TRAIN] Loss: 0.5689, Accuracy: 74.88%, AUC: 0.75 [VAL] Loss: 0.5970, Accuracy: 71.00%, Precision: 0.68, Recall: 0.75, F1: 0.71, AUC: 0.71
Epoch [45/100] [TRAIN] Loss: 0.5812, Accuracy: 72.62%, AUC: 0.73 [VAL] Loss: 0.5968, Accuracy: 71.00%, Precision: 0.68, Recall: 0.75, F1: 0.71, AUC: 0.71
Epoch [46/100] [TRAIN] Loss: 0.5704, Accuracy: 75.00%, AUC: 0.75 [VAL] Loss: 0.5963, Accuracy: 71.00%, Precision: 0.68, Recall: 0.75, F1: 0.71, AUC: 0.71
Epoch [47/100] [TRAIN] Loss: 0.5828, Accuracy: 73.12%, AUC: 0.73 [VAL] Loss: 0.5960, Accuracy: 71.00%, Precision: 0.68, Recall: 0.75, F1: 0.71, AUC: 0.71
Epoch [48/100] [TRAIN] Loss: 0.5664, Accuracy: 74.00%, AUC: 0.74 [VAL] Loss: 0.5957, Accuracy: 71.00%, Precision: 0.68, Recall: 0.75, F1: 0.71, AUC: 0.71
Epoch [49/100] [TRAIN] Loss: 0.5456, Accuracy: 75.25%, AUC: 0.75 [VAL] Loss: 0.5958, Accuracy: 71.00%, Precision: 0.68, Recall: 0.75, F1: 0.71, AUC: 0.71
Epoch [50/100] [TRAIN] Loss: 0.5685, Accuracy: 73.50%, AUC: 0.73 [VAL] Loss: 0.5956, Accuracy: 71.00%, Precision: 0.68, Recall: 0.75, F1: 0.71, AUC: 0.71
Epoch [51/100] [TRAIN] Loss: 0.5799, Accuracy: 71.75%, AUC: 0.72 [VAL] Loss: 0.5953, Accuracy: 71.00%, Precision: 0.68, Recall: 0.75, F1: 0.71, AUC: 0.71
Epoch [52/100] [TRAIN] Loss: 0.5671, Accuracy: 72.88%, AUC: 0.73 [VAL] Loss: 0.5952, Accuracy: 71.00%, Precision: 0.68, Recall: 0.75, F1: 0.71, AUC: 0.71
Epoch [53/100] [TRAIN] Loss: 0.5652, Accuracy: 76.00%, AUC: 0.76 [VAL] Loss: 0.5951, Accuracy: 71.00%, Precision: 0.68, Recall: 0.75, F1: 0.71, AUC: 0.71
Epoch [54/100] [TRAIN] Loss: 0.5914, Accuracy: 71.25%, AUC: 0.71 [VAL] Loss: 0.5945, Accuracy: 71.00%, Precision: 0.68, Recall: 0.75, F1: 0.71, AUC: 0.71
Epoch [55/100] [TRAIN] Loss: 0.5589, Accuracy: 74.00%, AUC: 0.74 [VAL] Loss: 0.5942, Accuracy: 71.00%, Precision: 0.68, Recall: 0.75, F1: 0.71, AUC: 0.71
Epoch [56/100] [TRAIN] Loss: 0.5811, Accuracy: 73.88%, AUC: 0.74 [VAL] Loss: 0.5938, Accuracy: 71.00%, Precision: 0.68, Recall: 0.75, F1: 0.71, AUC: 0.71
Epoch [57/100] [TRAIN] Loss: 0.5484, Accuracy: 74.25%, AUC: 0.74 [VAL] Loss: 0.5936, Accuracy: 71.00%, Precision: 0.68, Recall: 0.75, F1: 0.71, AUC: 0.71
Epoch [58/100] [TRAIN] Loss: 0.5685, Accuracy: 74.00%, AUC: 0.74 [VAL] Loss: 0.5937, Accuracy: 71.00%, Precision: 0.68, Recall: 0.75, F1: 0.71, AUC: 0.71
Epoch [59/100] [TRAIN] Loss: 0.5620, Accuracy: 74.00%, AUC: 0.74 [VAL] Loss: 0.5936, Accuracy: 71.00%, Precision: 0.68, Recall: 0.75, F1: 0.71, AUC: 0.71
Epoch [60/100] [TRAIN] Loss: 0.5798, Accuracy: 72.62%, AUC: 0.73 [VAL] Loss: 0.5932, Accuracy: 71.00%, Precision: 0.68, Recall: 0.75, F1: 0.71, AUC: 0.71
Epoch [61/100] [TRAIN] Loss: 0.5754, Accuracy: 73.38%, AUC: 0.73 [VAL] Loss: 0.5929, Accuracy: 71.00%, Precision: 0.68, Recall: 0.75, F1: 0.71, AUC: 0.71
Epoch [62/100] [TRAIN] Loss: 0.5720, Accuracy: 73.38%, AUC: 0.73 [VAL] Loss: 0.5926, Accuracy: 71.00%, Precision: 0.68, Recall: 0.75, F1: 0.71, AUC: 0.71
Epoch [63/100] [TRAIN] Loss: 0.5642, Accuracy: 74.38%, AUC: 0.74 [VAL] Loss: 0.5925, Accuracy: 71.00%, Precision: 0.68, Recall: 0.75, F1: 0.71, AUC: 0.71
Epoch [64/100] [TRAIN] Loss: 0.5529, Accuracy: 71.75%, AUC: 0.72 [VAL] Loss: 0.5922, Accuracy: 71.00%, Precision: 0.68, Recall: 0.75, F1: 0.71, AUC: 0.71
Epoch [65/100] [TRAIN] Loss: 0.5628, Accuracy: 73.62%, AUC: 0.74 [VAL] Loss: 0.5921, Accuracy: 71.00%, Precision: 0.68, Recall: 0.75, F1: 0.71, AUC: 0.71
Epoch [66/100] [TRAIN] Loss: 0.5781, Accuracy: 74.38%, AUC: 0.74 [VAL] Loss: 0.5918, Accuracy: 71.00%, Precision: 0.68, Recall: 0.75, F1: 0.71, AUC: 0.71
Epoch [67/100] [TRAIN] Loss: 0.5558, Accuracy: 73.88%, AUC: 0.74 [VAL] Loss: 0.5914, Accuracy: 71.00%, Precision: 0.68, Recall: 0.75, F1: 0.71, AUC: 0.71
Epoch [68/100] [TRAIN] Loss: 0.5702, Accuracy: 73.50%, AUC: 0.73 [VAL] Loss: 0.5912, Accuracy: 71.00%, Precision: 0.68, Recall: 0.75, F1: 0.71, AUC: 0.71
Epoch [69/100] [TRAIN] Loss: 0.5572, Accuracy: 74.62%, AUC: 0.75 [VAL] Loss: 0.5909, Accuracy: 71.00%, Precision: 0.68, Recall: 0.75, F1: 0.71, AUC: 0.71
Epoch [70/100] [TRAIN] Loss: 0.5589, Accuracy: 74.25%, AUC: 0.74 [VAL] Loss: 0.5908, Accuracy: 71.00%, Precision: 0.68, Recall: 0.75, F1: 0.71, AUC: 0.71
Epoch [71/100] [TRAIN] Loss: 0.5653, Accuracy: 72.75%, AUC: 0.73 [VAL] Loss: 0.5905, Accuracy: 71.00%, Precision: 0.68, Recall: 0.75, F1: 0.71, AUC: 0.71
Epoch [72/100] [TRAIN] Loss: 0.5377, Accuracy: 74.88%, AUC: 0.75 [VAL] Loss: 0.5907, Accuracy: 71.00%, Precision: 0.68, Recall: 0.75, F1: 0.71, AUC: 0.71
Epoch [73/100] [TRAIN] Loss: 0.5607, Accuracy: 74.12%, AUC: 0.74 [VAL] Loss: 0.5905, Accuracy: 71.00%, Precision: 0.68, Recall: 0.75, F1: 0.71, AUC: 0.71
Epoch [74/100] [TRAIN] Loss: 0.5607, Accuracy: 75.25%, AUC: 0.75 [VAL] Loss: 0.5901, Accuracy: 71.00%, Precision: 0.68, Recall: 0.75, F1: 0.71, AUC: 0.71
Epoch [75/100] [TRAIN] Loss: 0.5685, Accuracy: 72.75%, AUC: 0.73 [VAL] Loss: 0.5899, Accuracy: 71.00%, Precision: 0.68, Recall: 0.75, F1: 0.71, AUC: 0.71
Epoch [76/100] [TRAIN] Loss: 0.5460, Accuracy: 74.00%, AUC: 0.74 [VAL] Loss: 0.5899, Accuracy: 71.00%, Precision: 0.68, Recall: 0.75, F1: 0.71, AUC: 0.71
Epoch [77/100] [TRAIN] Loss: 0.5571, Accuracy: 73.50%, AUC: 0.73 [VAL] Loss: 0.5897, Accuracy: 71.00%, Precision: 0.68, Recall: 0.75, F1: 0.71, AUC: 0.71
Epoch [78/100] [TRAIN] Loss: 0.5690, Accuracy: 72.75%, AUC: 0.73 [VAL] Loss: 0.5893, Accuracy: 71.00%, Precision: 0.68, Recall: 0.75, F1: 0.71, AUC: 0.71
Epoch [79/100] [TRAIN] Loss: 0.5605, Accuracy: 75.75%, AUC: 0.76 [VAL] Loss: 0.5891, Accuracy: 71.00%, Precision: 0.68, Recall: 0.75, F1: 0.71, AUC: 0.71
Epoch [80/100] [TRAIN] Loss: 0.5584, Accuracy: 73.62%, AUC: 0.74 [VAL] Loss: 0.5890, Accuracy: 71.00%, Precision: 0.68, Recall: 0.75, F1: 0.71, AUC: 0.71
Epoch [81/100] [TRAIN] Loss: 0.5487, Accuracy: 75.62%, AUC: 0.76 [VAL] Loss: 0.5890, Accuracy: 71.00%, Precision: 0.68, Recall: 0.75, F1: 0.71, AUC: 0.71
Epoch [82/100] [TRAIN] Loss: 0.5647, Accuracy: 72.38%, AUC: 0.72 [VAL] Loss: 0.5890, Accuracy: 71.00%, Precision: 0.68, Recall: 0.75, F1: 0.71, AUC: 0.71
Epoch [83/100] [TRAIN] Loss: 0.5590, Accuracy: 76.00%, AUC: 0.76 [VAL] Loss: 0.5886, Accuracy: 71.00%, Precision: 0.68, Recall: 0.75, F1: 0.71, AUC: 0.71
Epoch [84/100] [TRAIN] Loss: 0.5604, Accuracy: 73.50%, AUC: 0.74 [VAL] Loss: 0.5882, Accuracy: 71.00%, Precision: 0.68, Recall: 0.75, F1: 0.71, AUC: 0.71
Epoch [85/100] [TRAIN] Loss: 0.5651, Accuracy: 73.25%, AUC: 0.73 [VAL] Loss: 0.5882, Accuracy: 71.00%, Precision: 0.68, Recall: 0.75, F1: 0.71, AUC: 0.71
Epoch [86/100] [TRAIN] Loss: 0.5578, Accuracy: 73.12%, AUC: 0.73 [VAL] Loss: 0.5881, Accuracy: 71.00%, Precision: 0.68, Recall: 0.75, F1: 0.71, AUC: 0.71
Epoch [87/100] [TRAIN] Loss: 0.5515, Accuracy: 75.62%, AUC: 0.76 [VAL] Loss: 0.5879, Accuracy: 71.00%, Precision: 0.68, Recall: 0.75, F1: 0.71, AUC: 0.71
Epoch [88/100] [TRAIN] Loss: 0.5682, Accuracy: 74.62%, AUC: 0.75 [VAL] Loss: 0.5877, Accuracy: 71.00%, Precision: 0.68, Recall: 0.75, F1: 0.71, AUC: 0.71
Epoch [89/100] [TRAIN] Loss: 0.5616, Accuracy: 75.25%, AUC: 0.75 [VAL] Loss: 0.5874, Accuracy: 71.00%, Precision: 0.68, Recall: 0.75, F1: 0.71, AUC: 0.71
Epoch [90/100] [TRAIN] Loss: 0.5464, Accuracy: 73.75%, AUC: 0.74 [VAL] Loss: 0.5875, Accuracy: 71.00%, Precision: 0.68, Recall: 0.75, F1: 0.71, AUC: 0.71
Epoch [91/100] [TRAIN] Loss: 0.5610, Accuracy: 73.50%, AUC: 0.73 [VAL] Loss: 0.5873, Accuracy: 71.00%, Precision: 0.68, Recall: 0.75, F1: 0.71, AUC: 0.71
Epoch [92/100] [TRAIN] Loss: 0.5531, Accuracy: 74.38%, AUC: 0.74 [VAL] Loss: 0.5870, Accuracy: 71.00%, Precision: 0.68, Recall: 0.75, F1: 0.71, AUC: 0.71
Epoch [93/100] [TRAIN] Loss: 0.5561, Accuracy: 74.38%, AUC: 0.74 [VAL] Loss: 0.5869, Accuracy: 71.00%, Precision: 0.68, Recall: 0.75, F1: 0.71, AUC: 0.71
Epoch [94/100] [TRAIN] Loss: 0.5440, Accuracy: 75.50%, AUC: 0.75 [VAL] Loss: 0.5870, Accuracy: 71.00%, Precision: 0.68, Recall: 0.75, F1: 0.71, AUC: 0.71
Epoch [95/100] [TRAIN] Loss: 0.5617, Accuracy: 74.38%, AUC: 0.74 [VAL] Loss: 0.5868, Accuracy: 71.00%, Precision: 0.68, Recall: 0.75, F1: 0.71, AUC: 0.71
Epoch [96/100] [TRAIN] Loss: 0.5555, Accuracy: 75.00%, AUC: 0.75 [VAL] Loss: 0.5867, Accuracy: 71.00%, Precision: 0.68, Recall: 0.75, F1: 0.71, AUC: 0.71
Epoch [97/100] [TRAIN] Loss: 0.5501, Accuracy: 73.25%, AUC: 0.73 [VAL] Loss: 0.5863, Accuracy: 71.00%, Precision: 0.68, Recall: 0.75, F1: 0.71, AUC: 0.71
Epoch [98/100] [TRAIN] Loss: 0.5602, Accuracy: 75.12%, AUC: 0.75 [VAL] Loss: 0.5859, Accuracy: 71.00%, Precision: 0.68, Recall: 0.75, F1: 0.71, AUC: 0.71
Epoch [99/100] [TRAIN] Loss: 0.5481, Accuracy: 75.12%, AUC: 0.75 [VAL] Loss: 0.5860, Accuracy: 71.00%, Precision: 0.68, Recall: 0.75, F1: 0.71, AUC: 0.71
Epoch [100/100] [TRAIN] Loss: 0.5487, Accuracy: 73.75%, AUC: 0.74 [VAL] Loss: 0.5857, Accuracy: 71.00%, Precision: 0.68, Recall: 0.75, F1: 0.71, AUC: 0.71
Seed: 1011
Accuracy:  71.00 %
AUC:       0.7171
Precision: 0.6346
Recall:    0.7674
F1-Score:  0.6947

Detailed Classification Report:
              precision    recall  f1-score   support

           0       0.79      0.67      0.72        57
           1       0.63      0.77      0.69        43

    accuracy                           0.71       100
   macro avg       0.71      0.72      0.71       100
weighted avg       0.72      0.71      0.71       100


Confusion Matrix:
[[38 19]
 [10 33]]


016-H3K4me3-H3K9ac-H3K27ac
Train label distribution:
  Label 0:    422 (52.8%)
  Label 1:    378 (47.2%)
Val label distribution:
  Label 0:     52 (52.0%)
  Label 1:     48 (48.0%)
Test label distribution:
  Label 0:     57 (57.0%)
  Label 1:     43 (43.0%)
Epoch [1/100] [TRAIN] Loss: 0.7687, Accuracy: 45.00%, AUC: 0.45 [VAL] Loss: 0.7413, Accuracy: 45.00%, Precision: 0.44, Recall: 0.56, F1: 0.50, AUC: 0.45
Epoch [2/100] [TRAIN] Loss: 0.7307, Accuracy: 51.12%, AUC: 0.51 [VAL] Loss: 0.6985, Accuracy: 62.00%, Precision: 0.59, Recall: 0.69, F1: 0.63, AUC: 0.62
Epoch [3/100] [TRAIN] Loss: 0.6904, Accuracy: 60.75%, AUC: 0.61 [VAL] Loss: 0.6660, Accuracy: 69.00%, Precision: 0.65, Recall: 0.77, F1: 0.70, AUC: 0.69
Epoch [4/100] [TRAIN] Loss: 0.6522, Accuracy: 67.25%, AUC: 0.67 [VAL] Loss: 0.6422, Accuracy: 71.00%, Precision: 0.67, Recall: 0.79, F1: 0.72, AUC: 0.71
Epoch [5/100] [TRAIN] Loss: 0.6487, Accuracy: 67.50%, AUC: 0.68 [VAL] Loss: 0.6258, Accuracy: 71.00%, Precision: 0.67, Recall: 0.77, F1: 0.72, AUC: 0.71
Epoch [6/100] [TRAIN] Loss: 0.6362, Accuracy: 68.62%, AUC: 0.69 [VAL] Loss: 0.6141, Accuracy: 70.00%, Precision: 0.67, Recall: 0.75, F1: 0.71, AUC: 0.70
Epoch [7/100] [TRAIN] Loss: 0.6235, Accuracy: 70.75%, AUC: 0.71 [VAL] Loss: 0.6066, Accuracy: 71.00%, Precision: 0.67, Recall: 0.77, F1: 0.72, AUC: 0.71
Epoch [8/100] [TRAIN] Loss: 0.5941, Accuracy: 74.00%, AUC: 0.74 [VAL] Loss: 0.5986, Accuracy: 72.00%, Precision: 0.69, Recall: 0.77, F1: 0.73, AUC: 0.72
Epoch [9/100] [TRAIN] Loss: 0.6151, Accuracy: 71.00%, AUC: 0.71 [VAL] Loss: 0.5939, Accuracy: 72.00%, Precision: 0.69, Recall: 0.77, F1: 0.73, AUC: 0.72
Epoch [10/100] [TRAIN] Loss: 0.6127, Accuracy: 72.75%, AUC: 0.73 [VAL] Loss: 0.5906, Accuracy: 74.00%, Precision: 0.70, Recall: 0.79, F1: 0.75, AUC: 0.74
Epoch [11/100] [TRAIN] Loss: 0.5918, Accuracy: 71.38%, AUC: 0.71 [VAL] Loss: 0.5877, Accuracy: 74.00%, Precision: 0.70, Recall: 0.79, F1: 0.75, AUC: 0.74
Epoch [12/100] [TRAIN] Loss: 0.5910, Accuracy: 71.62%, AUC: 0.72 [VAL] Loss: 0.5860, Accuracy: 74.00%, Precision: 0.70, Recall: 0.79, F1: 0.75, AUC: 0.74
Epoch [13/100] [TRAIN] Loss: 0.5893, Accuracy: 74.25%, AUC: 0.74 [VAL] Loss: 0.5842, Accuracy: 74.00%, Precision: 0.70, Recall: 0.79, F1: 0.75, AUC: 0.74
Epoch [14/100] [TRAIN] Loss: 0.5793, Accuracy: 72.50%, AUC: 0.72 [VAL] Loss: 0.5836, Accuracy: 74.00%, Precision: 0.70, Recall: 0.79, F1: 0.75, AUC: 0.74
Epoch [15/100] [TRAIN] Loss: 0.5733, Accuracy: 73.12%, AUC: 0.73 [VAL] Loss: 0.5825, Accuracy: 74.00%, Precision: 0.70, Recall: 0.79, F1: 0.75, AUC: 0.74
Epoch [16/100] [TRAIN] Loss: 0.5824, Accuracy: 73.62%, AUC: 0.74 [VAL] Loss: 0.5817, Accuracy: 74.00%, Precision: 0.70, Recall: 0.79, F1: 0.75, AUC: 0.74
Epoch [17/100] [TRAIN] Loss: 0.5930, Accuracy: 73.00%, AUC: 0.73 [VAL] Loss: 0.5817, Accuracy: 74.00%, Precision: 0.70, Recall: 0.79, F1: 0.75, AUC: 0.74
Epoch [18/100] [TRAIN] Loss: 0.5801, Accuracy: 73.25%, AUC: 0.73 [VAL] Loss: 0.5815, Accuracy: 74.00%, Precision: 0.70, Recall: 0.79, F1: 0.75, AUC: 0.74
Epoch [19/100] [TRAIN] Loss: 0.5711, Accuracy: 75.00%, AUC: 0.75 [VAL] Loss: 0.5812, Accuracy: 74.00%, Precision: 0.70, Recall: 0.79, F1: 0.75, AUC: 0.74
Epoch [20/100] [TRAIN] Loss: 0.5654, Accuracy: 74.88%, AUC: 0.75 [VAL] Loss: 0.5810, Accuracy: 73.00%, Precision: 0.70, Recall: 0.77, F1: 0.73, AUC: 0.73
Epoch [21/100] [TRAIN] Loss: 0.5676, Accuracy: 73.62%, AUC: 0.74 [VAL] Loss: 0.5809, Accuracy: 73.00%, Precision: 0.70, Recall: 0.77, F1: 0.73, AUC: 0.73
Epoch [22/100] [TRAIN] Loss: 0.5760, Accuracy: 74.12%, AUC: 0.74 [VAL] Loss: 0.5807, Accuracy: 73.00%, Precision: 0.70, Recall: 0.77, F1: 0.73, AUC: 0.73
Epoch [23/100] [TRAIN] Loss: 0.5763, Accuracy: 74.25%, AUC: 0.74 [VAL] Loss: 0.5807, Accuracy: 73.00%, Precision: 0.70, Recall: 0.77, F1: 0.73, AUC: 0.73
Epoch [24/100] [TRAIN] Loss: 0.5606, Accuracy: 75.12%, AUC: 0.75 [VAL] Loss: 0.5805, Accuracy: 73.00%, Precision: 0.70, Recall: 0.77, F1: 0.73, AUC: 0.73
Epoch [25/100] [TRAIN] Loss: 0.5669, Accuracy: 75.12%, AUC: 0.75 [VAL] Loss: 0.5805, Accuracy: 73.00%, Precision: 0.70, Recall: 0.77, F1: 0.73, AUC: 0.73
Epoch [26/100] [TRAIN] Loss: 0.5614, Accuracy: 75.00%, AUC: 0.75 [VAL] Loss: 0.5807, Accuracy: 73.00%, Precision: 0.70, Recall: 0.77, F1: 0.73, AUC: 0.73
Epoch [27/100] [TRAIN] Loss: 0.5841, Accuracy: 73.12%, AUC: 0.73 [VAL] Loss: 0.5804, Accuracy: 72.00%, Precision: 0.69, Recall: 0.75, F1: 0.72, AUC: 0.72
Epoch [28/100] [TRAIN] Loss: 0.5712, Accuracy: 73.88%, AUC: 0.74 [VAL] Loss: 0.5800, Accuracy: 71.00%, Precision: 0.68, Recall: 0.75, F1: 0.71, AUC: 0.71
Epoch [29/100] [TRAIN] Loss: 0.5799, Accuracy: 74.50%, AUC: 0.74 [VAL] Loss: 0.5800, Accuracy: 71.00%, Precision: 0.68, Recall: 0.75, F1: 0.71, AUC: 0.71
Epoch [30/100] [TRAIN] Loss: 0.5566, Accuracy: 74.62%, AUC: 0.75 [VAL] Loss: 0.5798, Accuracy: 71.00%, Precision: 0.68, Recall: 0.75, F1: 0.71, AUC: 0.71
Epoch [31/100] [TRAIN] Loss: 0.5576, Accuracy: 73.62%, AUC: 0.74 [VAL] Loss: 0.5800, Accuracy: 71.00%, Precision: 0.68, Recall: 0.75, F1: 0.71, AUC: 0.71
Epoch [32/100] [TRAIN] Loss: 0.5618, Accuracy: 74.00%, AUC: 0.74 [VAL] Loss: 0.5800, Accuracy: 71.00%, Precision: 0.68, Recall: 0.75, F1: 0.71, AUC: 0.71
Epoch [33/100] [TRAIN] Loss: 0.5684, Accuracy: 74.88%, AUC: 0.75 [VAL] Loss: 0.5797, Accuracy: 71.00%, Precision: 0.68, Recall: 0.75, F1: 0.71, AUC: 0.71
Epoch [34/100] [TRAIN] Loss: 0.5640, Accuracy: 74.12%, AUC: 0.74 [VAL] Loss: 0.5796, Accuracy: 71.00%, Precision: 0.68, Recall: 0.75, F1: 0.71, AUC: 0.71
Epoch [35/100] [TRAIN] Loss: 0.5528, Accuracy: 76.38%, AUC: 0.76 [VAL] Loss: 0.5793, Accuracy: 71.00%, Precision: 0.68, Recall: 0.75, F1: 0.71, AUC: 0.71
Epoch [36/100] [TRAIN] Loss: 0.5602, Accuracy: 74.75%, AUC: 0.75 [VAL] Loss: 0.5798, Accuracy: 71.00%, Precision: 0.68, Recall: 0.75, F1: 0.71, AUC: 0.71
Epoch [37/100] [TRAIN] Loss: 0.5733, Accuracy: 72.38%, AUC: 0.72 [VAL] Loss: 0.5799, Accuracy: 71.00%, Precision: 0.68, Recall: 0.75, F1: 0.71, AUC: 0.71
Epoch [38/100] [TRAIN] Loss: 0.5660, Accuracy: 74.75%, AUC: 0.75 [VAL] Loss: 0.5796, Accuracy: 71.00%, Precision: 0.68, Recall: 0.75, F1: 0.71, AUC: 0.71
Epoch [39/100] [TRAIN] Loss: 0.5785, Accuracy: 73.12%, AUC: 0.73 [VAL] Loss: 0.5795, Accuracy: 71.00%, Precision: 0.68, Recall: 0.75, F1: 0.71, AUC: 0.71
Epoch [40/100] [TRAIN] Loss: 0.5588, Accuracy: 75.38%, AUC: 0.75 [VAL] Loss: 0.5794, Accuracy: 71.00%, Precision: 0.68, Recall: 0.75, F1: 0.71, AUC: 0.71
Epoch [41/100] [TRAIN] Loss: 0.5441, Accuracy: 74.88%, AUC: 0.75 [VAL] Loss: 0.5794, Accuracy: 71.00%, Precision: 0.68, Recall: 0.75, F1: 0.71, AUC: 0.71
Epoch [42/100] [TRAIN] Loss: 0.5629, Accuracy: 73.00%, AUC: 0.73 [VAL] Loss: 0.5794, Accuracy: 71.00%, Precision: 0.68, Recall: 0.75, F1: 0.71, AUC: 0.71
Epoch [43/100] [TRAIN] Loss: 0.5643, Accuracy: 74.00%, AUC: 0.74 [VAL] Loss: 0.5794, Accuracy: 71.00%, Precision: 0.68, Recall: 0.75, F1: 0.71, AUC: 0.71
Epoch [44/100] [TRAIN] Loss: 0.5798, Accuracy: 74.25%, AUC: 0.74 [VAL] Loss: 0.5793, Accuracy: 71.00%, Precision: 0.68, Recall: 0.75, F1: 0.71, AUC: 0.71
Epoch [45/100] [TRAIN] Loss: 0.5676, Accuracy: 74.88%, AUC: 0.75 [VAL] Loss: 0.5793, Accuracy: 71.00%, Precision: 0.68, Recall: 0.75, F1: 0.71, AUC: 0.71
  Early stopping at epoch 45 (no val_loss improvement for 10 epochs)
Seed: 1011
Accuracy:  70.00 %
AUC:       0.7026
Precision: 0.6327
Recall:    0.7209
F1-Score:  0.6739

Detailed Classification Report:
              precision    recall  f1-score   support

           0       0.76      0.68      0.72        57
           1       0.63      0.72      0.67        43

    accuracy                           0.70       100
   macro avg       0.70      0.70      0.70       100
weighted avg       0.71      0.70      0.70       100


Confusion Matrix:
[[39 18]
 [12 31]]


017-H3K4me3-H3K9ac-H3K27me3
Train label distribution:
  Label 0:    422 (52.8%)
  Label 1:    378 (47.2%)
Val label distribution:
  Label 0:     52 (52.0%)
  Label 1:     48 (48.0%)
Test label distribution:
  Label 0:     57 (57.0%)
  Label 1:     43 (43.0%)
Epoch [1/100] [TRAIN] Loss: 0.7429, Accuracy: 47.38%, AUC: 0.47 [VAL] Loss: 0.7044, Accuracy: 54.00%, Precision: 0.52, Recall: 0.58, F1: 0.55, AUC: 0.54
Epoch [2/100] [TRAIN] Loss: 0.7034, Accuracy: 59.00%, AUC: 0.59 [VAL] Loss: 0.6805, Accuracy: 60.00%, Precision: 0.57, Recall: 0.65, F1: 0.61, AUC: 0.60
Epoch [3/100] [TRAIN] Loss: 0.6907, Accuracy: 60.62%, AUC: 0.61 [VAL] Loss: 0.6630, Accuracy: 66.00%, Precision: 0.63, Recall: 0.71, F1: 0.67, AUC: 0.66
Epoch [4/100] [TRAIN] Loss: 0.6671, Accuracy: 65.62%, AUC: 0.66 [VAL] Loss: 0.6488, Accuracy: 68.00%, Precision: 0.65, Recall: 0.73, F1: 0.69, AUC: 0.68
Epoch [5/100] [TRAIN] Loss: 0.6528, Accuracy: 67.50%, AUC: 0.68 [VAL] Loss: 0.6387, Accuracy: 71.00%, Precision: 0.67, Recall: 0.77, F1: 0.72, AUC: 0.71
Epoch [6/100] [TRAIN] Loss: 0.6317, Accuracy: 69.25%, AUC: 0.69 [VAL] Loss: 0.6288, Accuracy: 71.00%, Precision: 0.68, Recall: 0.75, F1: 0.71, AUC: 0.71
Epoch [7/100] [TRAIN] Loss: 0.6242, Accuracy: 70.88%, AUC: 0.71 [VAL] Loss: 0.6215, Accuracy: 70.00%, Precision: 0.67, Recall: 0.73, F1: 0.70, AUC: 0.70
Epoch [8/100] [TRAIN] Loss: 0.6149, Accuracy: 71.75%, AUC: 0.72 [VAL] Loss: 0.6153, Accuracy: 69.00%, Precision: 0.66, Recall: 0.73, F1: 0.69, AUC: 0.69
Epoch [9/100] [TRAIN] Loss: 0.5991, Accuracy: 73.25%, AUC: 0.73 [VAL] Loss: 0.6105, Accuracy: 69.00%, Precision: 0.65, Recall: 0.75, F1: 0.70, AUC: 0.69
Epoch [10/100] [TRAIN] Loss: 0.5958, Accuracy: 72.00%, AUC: 0.72 [VAL] Loss: 0.6068, Accuracy: 69.00%, Precision: 0.65, Recall: 0.75, F1: 0.70, AUC: 0.69
Epoch [11/100] [TRAIN] Loss: 0.6067, Accuracy: 72.38%, AUC: 0.72 [VAL] Loss: 0.6040, Accuracy: 69.00%, Precision: 0.65, Recall: 0.75, F1: 0.70, AUC: 0.69
Epoch [12/100] [TRAIN] Loss: 0.5946, Accuracy: 70.62%, AUC: 0.71 [VAL] Loss: 0.6020, Accuracy: 69.00%, Precision: 0.65, Recall: 0.75, F1: 0.70, AUC: 0.69
Epoch [13/100] [TRAIN] Loss: 0.5990, Accuracy: 74.50%, AUC: 0.74 [VAL] Loss: 0.6004, Accuracy: 69.00%, Precision: 0.65, Recall: 0.75, F1: 0.70, AUC: 0.69
Epoch [14/100] [TRAIN] Loss: 0.5923, Accuracy: 74.00%, AUC: 0.74 [VAL] Loss: 0.5993, Accuracy: 69.00%, Precision: 0.65, Recall: 0.75, F1: 0.70, AUC: 0.69
Epoch [15/100] [TRAIN] Loss: 0.5855, Accuracy: 75.25%, AUC: 0.75 [VAL] Loss: 0.5984, Accuracy: 69.00%, Precision: 0.65, Recall: 0.75, F1: 0.70, AUC: 0.69
Epoch [16/100] [TRAIN] Loss: 0.5861, Accuracy: 74.62%, AUC: 0.74 [VAL] Loss: 0.5978, Accuracy: 69.00%, Precision: 0.65, Recall: 0.75, F1: 0.70, AUC: 0.69
Epoch [17/100] [TRAIN] Loss: 0.5898, Accuracy: 72.12%, AUC: 0.72 [VAL] Loss: 0.5971, Accuracy: 69.00%, Precision: 0.65, Recall: 0.75, F1: 0.70, AUC: 0.69
Epoch [18/100] [TRAIN] Loss: 0.5663, Accuracy: 75.75%, AUC: 0.76 [VAL] Loss: 0.5964, Accuracy: 69.00%, Precision: 0.65, Recall: 0.75, F1: 0.70, AUC: 0.69
Epoch [19/100] [TRAIN] Loss: 0.5851, Accuracy: 72.88%, AUC: 0.73 [VAL] Loss: 0.5958, Accuracy: 69.00%, Precision: 0.65, Recall: 0.75, F1: 0.70, AUC: 0.69
Epoch [20/100] [TRAIN] Loss: 0.5739, Accuracy: 74.50%, AUC: 0.74 [VAL] Loss: 0.5955, Accuracy: 69.00%, Precision: 0.65, Recall: 0.75, F1: 0.70, AUC: 0.69
Epoch [21/100] [TRAIN] Loss: 0.5820, Accuracy: 71.75%, AUC: 0.72 [VAL] Loss: 0.5954, Accuracy: 69.00%, Precision: 0.65, Recall: 0.75, F1: 0.70, AUC: 0.69
Epoch [22/100] [TRAIN] Loss: 0.5643, Accuracy: 73.62%, AUC: 0.74 [VAL] Loss: 0.5953, Accuracy: 69.00%, Precision: 0.65, Recall: 0.75, F1: 0.70, AUC: 0.69
Epoch [23/100] [TRAIN] Loss: 0.5744, Accuracy: 74.25%, AUC: 0.74 [VAL] Loss: 0.5948, Accuracy: 69.00%, Precision: 0.65, Recall: 0.75, F1: 0.70, AUC: 0.69
Epoch [24/100] [TRAIN] Loss: 0.5749, Accuracy: 73.75%, AUC: 0.74 [VAL] Loss: 0.5944, Accuracy: 69.00%, Precision: 0.65, Recall: 0.75, F1: 0.70, AUC: 0.69
Epoch [25/100] [TRAIN] Loss: 0.5894, Accuracy: 74.00%, AUC: 0.74 [VAL] Loss: 0.5942, Accuracy: 69.00%, Precision: 0.65, Recall: 0.75, F1: 0.70, AUC: 0.69
Epoch [26/100] [TRAIN] Loss: 0.5766, Accuracy: 74.00%, AUC: 0.74 [VAL] Loss: 0.5941, Accuracy: 69.00%, Precision: 0.65, Recall: 0.75, F1: 0.70, AUC: 0.69
Epoch [27/100] [TRAIN] Loss: 0.5731, Accuracy: 72.75%, AUC: 0.73 [VAL] Loss: 0.5938, Accuracy: 69.00%, Precision: 0.65, Recall: 0.75, F1: 0.70, AUC: 0.69
Epoch [28/100] [TRAIN] Loss: 0.5723, Accuracy: 74.38%, AUC: 0.74 [VAL] Loss: 0.5938, Accuracy: 69.00%, Precision: 0.65, Recall: 0.75, F1: 0.70, AUC: 0.69
Epoch [29/100] [TRAIN] Loss: 0.5760, Accuracy: 73.38%, AUC: 0.73 [VAL] Loss: 0.5936, Accuracy: 69.00%, Precision: 0.65, Recall: 0.75, F1: 0.70, AUC: 0.69
Epoch [30/100] [TRAIN] Loss: 0.5678, Accuracy: 74.62%, AUC: 0.74 [VAL] Loss: 0.5934, Accuracy: 69.00%, Precision: 0.65, Recall: 0.75, F1: 0.70, AUC: 0.69
Epoch [31/100] [TRAIN] Loss: 0.5586, Accuracy: 75.75%, AUC: 0.76 [VAL] Loss: 0.5933, Accuracy: 69.00%, Precision: 0.65, Recall: 0.75, F1: 0.70, AUC: 0.69
Epoch [32/100] [TRAIN] Loss: 0.5764, Accuracy: 75.00%, AUC: 0.75 [VAL] Loss: 0.5933, Accuracy: 69.00%, Precision: 0.65, Recall: 0.75, F1: 0.70, AUC: 0.69
Epoch [33/100] [TRAIN] Loss: 0.5638, Accuracy: 74.00%, AUC: 0.74 [VAL] Loss: 0.5931, Accuracy: 69.00%, Precision: 0.65, Recall: 0.75, F1: 0.70, AUC: 0.69
Epoch [34/100] [TRAIN] Loss: 0.5733, Accuracy: 71.25%, AUC: 0.71 [VAL] Loss: 0.5928, Accuracy: 69.00%, Precision: 0.65, Recall: 0.75, F1: 0.70, AUC: 0.69
Epoch [35/100] [TRAIN] Loss: 0.5734, Accuracy: 75.75%, AUC: 0.76 [VAL] Loss: 0.5926, Accuracy: 69.00%, Precision: 0.65, Recall: 0.75, F1: 0.70, AUC: 0.69
Epoch [36/100] [TRAIN] Loss: 0.5717, Accuracy: 72.62%, AUC: 0.73 [VAL] Loss: 0.5925, Accuracy: 68.00%, Precision: 0.64, Recall: 0.75, F1: 0.69, AUC: 0.68
Epoch [37/100] [TRAIN] Loss: 0.5683, Accuracy: 73.12%, AUC: 0.73 [VAL] Loss: 0.5920, Accuracy: 68.00%, Precision: 0.64, Recall: 0.75, F1: 0.69, AUC: 0.68
Epoch [38/100] [TRAIN] Loss: 0.5849, Accuracy: 74.25%, AUC: 0.74 [VAL] Loss: 0.5915, Accuracy: 68.00%, Precision: 0.64, Recall: 0.75, F1: 0.69, AUC: 0.68
Epoch [39/100] [TRAIN] Loss: 0.5603, Accuracy: 73.25%, AUC: 0.73 [VAL] Loss: 0.5913, Accuracy: 68.00%, Precision: 0.64, Recall: 0.75, F1: 0.69, AUC: 0.68
Epoch [40/100] [TRAIN] Loss: 0.5705, Accuracy: 73.00%, AUC: 0.73 [VAL] Loss: 0.5909, Accuracy: 68.00%, Precision: 0.64, Recall: 0.75, F1: 0.69, AUC: 0.68
Epoch [41/100] [TRAIN] Loss: 0.5750, Accuracy: 74.25%, AUC: 0.74 [VAL] Loss: 0.5903, Accuracy: 69.00%, Precision: 0.65, Recall: 0.75, F1: 0.70, AUC: 0.69
Epoch [42/100] [TRAIN] Loss: 0.5645, Accuracy: 74.75%, AUC: 0.75 [VAL] Loss: 0.5904, Accuracy: 68.00%, Precision: 0.64, Recall: 0.75, F1: 0.69, AUC: 0.68
Epoch [43/100] [TRAIN] Loss: 0.5724, Accuracy: 73.75%, AUC: 0.74 [VAL] Loss: 0.5898, Accuracy: 68.00%, Precision: 0.64, Recall: 0.75, F1: 0.69, AUC: 0.68
Epoch [44/100] [TRAIN] Loss: 0.5641, Accuracy: 74.62%, AUC: 0.75 [VAL] Loss: 0.5896, Accuracy: 69.00%, Precision: 0.65, Recall: 0.75, F1: 0.70, AUC: 0.69
Epoch [45/100] [TRAIN] Loss: 0.5636, Accuracy: 74.25%, AUC: 0.74 [VAL] Loss: 0.5895, Accuracy: 69.00%, Precision: 0.65, Recall: 0.75, F1: 0.70, AUC: 0.69
Epoch [46/100] [TRAIN] Loss: 0.5574, Accuracy: 74.75%, AUC: 0.75 [VAL] Loss: 0.5894, Accuracy: 69.00%, Precision: 0.65, Recall: 0.75, F1: 0.70, AUC: 0.69
Epoch [47/100] [TRAIN] Loss: 0.5795, Accuracy: 74.12%, AUC: 0.74 [VAL] Loss: 0.5889, Accuracy: 69.00%, Precision: 0.65, Recall: 0.75, F1: 0.70, AUC: 0.69
Epoch [48/100] [TRAIN] Loss: 0.5729, Accuracy: 71.62%, AUC: 0.72 [VAL] Loss: 0.5886, Accuracy: 69.00%, Precision: 0.65, Recall: 0.75, F1: 0.70, AUC: 0.69
Epoch [49/100] [TRAIN] Loss: 0.5653, Accuracy: 74.50%, AUC: 0.74 [VAL] Loss: 0.5884, Accuracy: 69.00%, Precision: 0.65, Recall: 0.75, F1: 0.70, AUC: 0.69
Epoch [50/100] [TRAIN] Loss: 0.5515, Accuracy: 76.00%, AUC: 0.76 [VAL] Loss: 0.5881, Accuracy: 69.00%, Precision: 0.65, Recall: 0.75, F1: 0.70, AUC: 0.69
Epoch [51/100] [TRAIN] Loss: 0.5822, Accuracy: 71.88%, AUC: 0.72 [VAL] Loss: 0.5881, Accuracy: 69.00%, Precision: 0.65, Recall: 0.75, F1: 0.70, AUC: 0.69
Epoch [52/100] [TRAIN] Loss: 0.5737, Accuracy: 72.75%, AUC: 0.73 [VAL] Loss: 0.5877, Accuracy: 69.00%, Precision: 0.65, Recall: 0.75, F1: 0.70, AUC: 0.69
Epoch [53/100] [TRAIN] Loss: 0.5502, Accuracy: 77.12%, AUC: 0.77 [VAL] Loss: 0.5876, Accuracy: 69.00%, Precision: 0.65, Recall: 0.75, F1: 0.70, AUC: 0.69
Epoch [54/100] [TRAIN] Loss: 0.5636, Accuracy: 75.12%, AUC: 0.75 [VAL] Loss: 0.5875, Accuracy: 69.00%, Precision: 0.65, Recall: 0.75, F1: 0.70, AUC: 0.69
Epoch [55/100] [TRAIN] Loss: 0.5480, Accuracy: 77.12%, AUC: 0.77 [VAL] Loss: 0.5875, Accuracy: 69.00%, Precision: 0.65, Recall: 0.75, F1: 0.70, AUC: 0.69
Epoch [56/100] [TRAIN] Loss: 0.5596, Accuracy: 76.12%, AUC: 0.76 [VAL] Loss: 0.5872, Accuracy: 69.00%, Precision: 0.65, Recall: 0.75, F1: 0.70, AUC: 0.69
Epoch [57/100] [TRAIN] Loss: 0.5647, Accuracy: 74.75%, AUC: 0.75 [VAL] Loss: 0.5869, Accuracy: 69.00%, Precision: 0.65, Recall: 0.75, F1: 0.70, AUC: 0.69
Epoch [58/100] [TRAIN] Loss: 0.5468, Accuracy: 75.12%, AUC: 0.75 [VAL] Loss: 0.5870, Accuracy: 69.00%, Precision: 0.65, Recall: 0.75, F1: 0.70, AUC: 0.69
Epoch [59/100] [TRAIN] Loss: 0.5536, Accuracy: 75.88%, AUC: 0.76 [VAL] Loss: 0.5869, Accuracy: 69.00%, Precision: 0.65, Recall: 0.75, F1: 0.70, AUC: 0.69
Epoch [60/100] [TRAIN] Loss: 0.5576, Accuracy: 72.62%, AUC: 0.73 [VAL] Loss: 0.5867, Accuracy: 69.00%, Precision: 0.65, Recall: 0.75, F1: 0.70, AUC: 0.69
Epoch [61/100] [TRAIN] Loss: 0.5580, Accuracy: 73.75%, AUC: 0.74 [VAL] Loss: 0.5867, Accuracy: 69.00%, Precision: 0.65, Recall: 0.75, F1: 0.70, AUC: 0.69
Epoch [62/100] [TRAIN] Loss: 0.5637, Accuracy: 73.25%, AUC: 0.73 [VAL] Loss: 0.5865, Accuracy: 69.00%, Precision: 0.65, Recall: 0.75, F1: 0.70, AUC: 0.69
Epoch [63/100] [TRAIN] Loss: 0.5668, Accuracy: 75.25%, AUC: 0.75 [VAL] Loss: 0.5859, Accuracy: 69.00%, Precision: 0.65, Recall: 0.75, F1: 0.70, AUC: 0.69
Epoch [64/100] [TRAIN] Loss: 0.5696, Accuracy: 73.50%, AUC: 0.73 [VAL] Loss: 0.5857, Accuracy: 69.00%, Precision: 0.65, Recall: 0.75, F1: 0.70, AUC: 0.69
Epoch [65/100] [TRAIN] Loss: 0.5503, Accuracy: 74.75%, AUC: 0.75 [VAL] Loss: 0.5854, Accuracy: 69.00%, Precision: 0.65, Recall: 0.75, F1: 0.70, AUC: 0.69
Epoch [66/100] [TRAIN] Loss: 0.5481, Accuracy: 74.75%, AUC: 0.75 [VAL] Loss: 0.5855, Accuracy: 69.00%, Precision: 0.65, Recall: 0.75, F1: 0.70, AUC: 0.69
Epoch [67/100] [TRAIN] Loss: 0.5515, Accuracy: 75.12%, AUC: 0.75 [VAL] Loss: 0.5856, Accuracy: 69.00%, Precision: 0.65, Recall: 0.75, F1: 0.70, AUC: 0.69
Epoch [68/100] [TRAIN] Loss: 0.5567, Accuracy: 73.50%, AUC: 0.74 [VAL] Loss: 0.5854, Accuracy: 69.00%, Precision: 0.65, Recall: 0.75, F1: 0.70, AUC: 0.69
Epoch [69/100] [TRAIN] Loss: 0.5668, Accuracy: 75.00%, AUC: 0.75 [VAL] Loss: 0.5851, Accuracy: 70.00%, Precision: 0.67, Recall: 0.75, F1: 0.71, AUC: 0.70
Epoch [70/100] [TRAIN] Loss: 0.5594, Accuracy: 75.00%, AUC: 0.75 [VAL] Loss: 0.5849, Accuracy: 70.00%, Precision: 0.67, Recall: 0.75, F1: 0.71, AUC: 0.70
Epoch [71/100] [TRAIN] Loss: 0.5504, Accuracy: 75.62%, AUC: 0.75 [VAL] Loss: 0.5845, Accuracy: 70.00%, Precision: 0.67, Recall: 0.75, F1: 0.71, AUC: 0.70
Epoch [72/100] [TRAIN] Loss: 0.5529, Accuracy: 75.62%, AUC: 0.76 [VAL] Loss: 0.5844, Accuracy: 70.00%, Precision: 0.67, Recall: 0.75, F1: 0.71, AUC: 0.70
Epoch [73/100] [TRAIN] Loss: 0.5567, Accuracy: 74.38%, AUC: 0.74 [VAL] Loss: 0.5843, Accuracy: 70.00%, Precision: 0.67, Recall: 0.75, F1: 0.71, AUC: 0.70
Epoch [74/100] [TRAIN] Loss: 0.5596, Accuracy: 73.62%, AUC: 0.74 [VAL] Loss: 0.5840, Accuracy: 70.00%, Precision: 0.67, Recall: 0.75, F1: 0.71, AUC: 0.70
Epoch [75/100] [TRAIN] Loss: 0.5540, Accuracy: 74.00%, AUC: 0.74 [VAL] Loss: 0.5839, Accuracy: 70.00%, Precision: 0.67, Recall: 0.75, F1: 0.71, AUC: 0.70
Epoch [76/100] [TRAIN] Loss: 0.5598, Accuracy: 73.62%, AUC: 0.73 [VAL] Loss: 0.5836, Accuracy: 70.00%, Precision: 0.67, Recall: 0.75, F1: 0.71, AUC: 0.70
Epoch [77/100] [TRAIN] Loss: 0.5609, Accuracy: 73.75%, AUC: 0.74 [VAL] Loss: 0.5832, Accuracy: 70.00%, Precision: 0.67, Recall: 0.75, F1: 0.71, AUC: 0.70
Epoch [78/100] [TRAIN] Loss: 0.5626, Accuracy: 74.88%, AUC: 0.75 [VAL] Loss: 0.5828, Accuracy: 70.00%, Precision: 0.67, Recall: 0.75, F1: 0.71, AUC: 0.70
Epoch [79/100] [TRAIN] Loss: 0.5518, Accuracy: 73.38%, AUC: 0.73 [VAL] Loss: 0.5826, Accuracy: 70.00%, Precision: 0.67, Recall: 0.75, F1: 0.71, AUC: 0.70
Epoch [80/100] [TRAIN] Loss: 0.5526, Accuracy: 74.38%, AUC: 0.74 [VAL] Loss: 0.5828, Accuracy: 70.00%, Precision: 0.67, Recall: 0.75, F1: 0.71, AUC: 0.70
Epoch [81/100] [TRAIN] Loss: 0.5585, Accuracy: 73.62%, AUC: 0.73 [VAL] Loss: 0.5829, Accuracy: 70.00%, Precision: 0.67, Recall: 0.75, F1: 0.71, AUC: 0.70
Epoch [82/100] [TRAIN] Loss: 0.5545, Accuracy: 73.88%, AUC: 0.74 [VAL] Loss: 0.5826, Accuracy: 70.00%, Precision: 0.67, Recall: 0.75, F1: 0.71, AUC: 0.70
Epoch [83/100] [TRAIN] Loss: 0.5647, Accuracy: 73.88%, AUC: 0.74 [VAL] Loss: 0.5825, Accuracy: 70.00%, Precision: 0.67, Recall: 0.75, F1: 0.71, AUC: 0.70
Epoch [84/100] [TRAIN] Loss: 0.5604, Accuracy: 74.62%, AUC: 0.75 [VAL] Loss: 0.5821, Accuracy: 70.00%, Precision: 0.67, Recall: 0.75, F1: 0.71, AUC: 0.70
Epoch [85/100] [TRAIN] Loss: 0.5547, Accuracy: 75.50%, AUC: 0.75 [VAL] Loss: 0.5821, Accuracy: 70.00%, Precision: 0.67, Recall: 0.75, F1: 0.71, AUC: 0.70
Epoch [86/100] [TRAIN] Loss: 0.5566, Accuracy: 73.38%, AUC: 0.73 [VAL] Loss: 0.5819, Accuracy: 70.00%, Precision: 0.67, Recall: 0.75, F1: 0.71, AUC: 0.70
Epoch [87/100] [TRAIN] Loss: 0.5440, Accuracy: 75.38%, AUC: 0.75 [VAL] Loss: 0.5822, Accuracy: 70.00%, Precision: 0.67, Recall: 0.75, F1: 0.71, AUC: 0.70
Epoch [88/100] [TRAIN] Loss: 0.5399, Accuracy: 75.12%, AUC: 0.75 [VAL] Loss: 0.5821, Accuracy: 70.00%, Precision: 0.67, Recall: 0.75, F1: 0.71, AUC: 0.70
Epoch [89/100] [TRAIN] Loss: 0.5586, Accuracy: 75.75%, AUC: 0.76 [VAL] Loss: 0.5823, Accuracy: 70.00%, Precision: 0.67, Recall: 0.75, F1: 0.71, AUC: 0.70
Epoch [90/100] [TRAIN] Loss: 0.5449, Accuracy: 75.62%, AUC: 0.76 [VAL] Loss: 0.5822, Accuracy: 70.00%, Precision: 0.67, Recall: 0.75, F1: 0.71, AUC: 0.70
Epoch [91/100] [TRAIN] Loss: 0.5693, Accuracy: 73.62%, AUC: 0.73 [VAL] Loss: 0.5814, Accuracy: 70.00%, Precision: 0.67, Recall: 0.75, F1: 0.71, AUC: 0.70
Epoch [92/100] [TRAIN] Loss: 0.5478, Accuracy: 74.62%, AUC: 0.75 [VAL] Loss: 0.5812, Accuracy: 70.00%, Precision: 0.67, Recall: 0.75, F1: 0.71, AUC: 0.70
Epoch [93/100] [TRAIN] Loss: 0.5494, Accuracy: 76.00%, AUC: 0.76 [VAL] Loss: 0.5812, Accuracy: 70.00%, Precision: 0.67, Recall: 0.75, F1: 0.71, AUC: 0.70
Epoch [94/100] [TRAIN] Loss: 0.5453, Accuracy: 75.25%, AUC: 0.75 [VAL] Loss: 0.5811, Accuracy: 70.00%, Precision: 0.67, Recall: 0.75, F1: 0.71, AUC: 0.70
Epoch [95/100] [TRAIN] Loss: 0.5443, Accuracy: 74.12%, AUC: 0.74 [VAL] Loss: 0.5813, Accuracy: 70.00%, Precision: 0.67, Recall: 0.75, F1: 0.71, AUC: 0.70
Epoch [96/100] [TRAIN] Loss: 0.5438, Accuracy: 75.00%, AUC: 0.75 [VAL] Loss: 0.5813, Accuracy: 70.00%, Precision: 0.67, Recall: 0.75, F1: 0.71, AUC: 0.70
Epoch [97/100] [TRAIN] Loss: 0.5398, Accuracy: 75.25%, AUC: 0.75 [VAL] Loss: 0.5812, Accuracy: 70.00%, Precision: 0.67, Recall: 0.75, F1: 0.71, AUC: 0.70
Epoch [98/100] [TRAIN] Loss: 0.5513, Accuracy: 73.12%, AUC: 0.73 [VAL] Loss: 0.5810, Accuracy: 70.00%, Precision: 0.67, Recall: 0.75, F1: 0.71, AUC: 0.70
Epoch [99/100] [TRAIN] Loss: 0.5402, Accuracy: 74.75%, AUC: 0.75 [VAL] Loss: 0.5809, Accuracy: 70.00%, Precision: 0.67, Recall: 0.75, F1: 0.71, AUC: 0.70
Epoch [100/100] [TRAIN] Loss: 0.5438, Accuracy: 75.75%, AUC: 0.76 [VAL] Loss: 0.5808, Accuracy: 70.00%, Precision: 0.67, Recall: 0.75, F1: 0.71, AUC: 0.70
Seed: 1011
Accuracy:  70.00 %
AUC:       0.7054
Precision: 0.6275
Recall:    0.7442
F1-Score:  0.6809

Detailed Classification Report:
              precision    recall  f1-score   support

           0       0.78      0.67      0.72        57
           1       0.63      0.74      0.68        43

    accuracy                           0.70       100
   macro avg       0.70      0.71      0.70       100
weighted avg       0.71      0.70      0.70       100


Confusion Matrix:
[[38 19]
 [11 32]]


018-H3K4me3-H3K9me3-H3K27ac
Train label distribution:
  Label 0:    422 (52.8%)
  Label 1:    378 (47.2%)
Val label distribution:
  Label 0:     52 (52.0%)
  Label 1:     48 (48.0%)
Test label distribution:
  Label 0:     57 (57.0%)
  Label 1:     43 (43.0%)
Epoch [1/100] [TRAIN] Loss: 0.6939, Accuracy: 62.50%, AUC: 0.62 [VAL] Loss: 0.6797, Accuracy: 69.00%, Precision: 0.64, Recall: 0.79, F1: 0.71, AUC: 0.69
Epoch [2/100] [TRAIN] Loss: 0.6876, Accuracy: 62.88%, AUC: 0.63 [VAL] Loss: 0.6639, Accuracy: 70.00%, Precision: 0.66, Recall: 0.77, F1: 0.71, AUC: 0.70
Epoch [3/100] [TRAIN] Loss: 0.6676, Accuracy: 65.88%, AUC: 0.66 [VAL] Loss: 0.6507, Accuracy: 75.00%, Precision: 0.72, Recall: 0.79, F1: 0.75, AUC: 0.75
Epoch [4/100] [TRAIN] Loss: 0.6586, Accuracy: 68.12%, AUC: 0.68 [VAL] Loss: 0.6399, Accuracy: 74.00%, Precision: 0.70, Recall: 0.79, F1: 0.75, AUC: 0.74
Epoch [5/100] [TRAIN] Loss: 0.6573, Accuracy: 69.50%, AUC: 0.69 [VAL] Loss: 0.6309, Accuracy: 76.00%, Precision: 0.72, Recall: 0.81, F1: 0.76, AUC: 0.76
Epoch [6/100] [TRAIN] Loss: 0.6282, Accuracy: 71.62%, AUC: 0.72 [VAL] Loss: 0.6240, Accuracy: 74.00%, Precision: 0.71, Recall: 0.77, F1: 0.74, AUC: 0.74
Epoch [7/100] [TRAIN] Loss: 0.6219, Accuracy: 72.50%, AUC: 0.73 [VAL] Loss: 0.6176, Accuracy: 74.00%, Precision: 0.71, Recall: 0.77, F1: 0.74, AUC: 0.74
Epoch [8/100] [TRAIN] Loss: 0.6062, Accuracy: 73.38%, AUC: 0.73 [VAL] Loss: 0.6122, Accuracy: 74.00%, Precision: 0.71, Recall: 0.77, F1: 0.74, AUC: 0.74
Epoch [9/100] [TRAIN] Loss: 0.6063, Accuracy: 74.50%, AUC: 0.74 [VAL] Loss: 0.6074, Accuracy: 74.00%, Precision: 0.71, Recall: 0.77, F1: 0.74, AUC: 0.74
Epoch [10/100] [TRAIN] Loss: 0.6064, Accuracy: 72.50%, AUC: 0.72 [VAL] Loss: 0.6040, Accuracy: 74.00%, Precision: 0.71, Recall: 0.77, F1: 0.74, AUC: 0.74
Epoch [11/100] [TRAIN] Loss: 0.6091, Accuracy: 71.00%, AUC: 0.71 [VAL] Loss: 0.6011, Accuracy: 74.00%, Precision: 0.71, Recall: 0.77, F1: 0.74, AUC: 0.74
Epoch [12/100] [TRAIN] Loss: 0.6056, Accuracy: 74.00%, AUC: 0.74 [VAL] Loss: 0.5995, Accuracy: 74.00%, Precision: 0.71, Recall: 0.77, F1: 0.74, AUC: 0.74
Epoch [13/100] [TRAIN] Loss: 0.6071, Accuracy: 72.00%, AUC: 0.72 [VAL] Loss: 0.5987, Accuracy: 74.00%, Precision: 0.71, Recall: 0.77, F1: 0.74, AUC: 0.74
Epoch [14/100] [TRAIN] Loss: 0.5975, Accuracy: 74.25%, AUC: 0.74 [VAL] Loss: 0.5976, Accuracy: 74.00%, Precision: 0.71, Recall: 0.77, F1: 0.74, AUC: 0.74
Epoch [15/100] [TRAIN] Loss: 0.5960, Accuracy: 74.00%, AUC: 0.74 [VAL] Loss: 0.5966, Accuracy: 74.00%, Precision: 0.71, Recall: 0.77, F1: 0.74, AUC: 0.74
Epoch [16/100] [TRAIN] Loss: 0.5892, Accuracy: 75.75%, AUC: 0.76 [VAL] Loss: 0.5958, Accuracy: 74.00%, Precision: 0.71, Recall: 0.77, F1: 0.74, AUC: 0.74
Epoch [17/100] [TRAIN] Loss: 0.5920, Accuracy: 74.00%, AUC: 0.74 [VAL] Loss: 0.5949, Accuracy: 74.00%, Precision: 0.71, Recall: 0.77, F1: 0.74, AUC: 0.74
Epoch [18/100] [TRAIN] Loss: 0.5875, Accuracy: 74.00%, AUC: 0.74 [VAL] Loss: 0.5947, Accuracy: 74.00%, Precision: 0.71, Recall: 0.77, F1: 0.74, AUC: 0.74
Epoch [19/100] [TRAIN] Loss: 0.5911, Accuracy: 74.88%, AUC: 0.75 [VAL] Loss: 0.5941, Accuracy: 74.00%, Precision: 0.71, Recall: 0.77, F1: 0.74, AUC: 0.74
Epoch [20/100] [TRAIN] Loss: 0.5806, Accuracy: 74.38%, AUC: 0.74 [VAL] Loss: 0.5940, Accuracy: 74.00%, Precision: 0.71, Recall: 0.77, F1: 0.74, AUC: 0.74
Epoch [21/100] [TRAIN] Loss: 0.5916, Accuracy: 73.88%, AUC: 0.74 [VAL] Loss: 0.5936, Accuracy: 74.00%, Precision: 0.71, Recall: 0.77, F1: 0.74, AUC: 0.74
Epoch [22/100] [TRAIN] Loss: 0.5713, Accuracy: 76.25%, AUC: 0.76 [VAL] Loss: 0.5930, Accuracy: 74.00%, Precision: 0.71, Recall: 0.77, F1: 0.74, AUC: 0.74
Epoch [23/100] [TRAIN] Loss: 0.5854, Accuracy: 73.62%, AUC: 0.74 [VAL] Loss: 0.5930, Accuracy: 74.00%, Precision: 0.71, Recall: 0.77, F1: 0.74, AUC: 0.74
Epoch [24/100] [TRAIN] Loss: 0.5765, Accuracy: 74.25%, AUC: 0.74 [VAL] Loss: 0.5929, Accuracy: 74.00%, Precision: 0.71, Recall: 0.77, F1: 0.74, AUC: 0.74
Epoch [25/100] [TRAIN] Loss: 0.5812, Accuracy: 75.12%, AUC: 0.75 [VAL] Loss: 0.5927, Accuracy: 74.00%, Precision: 0.71, Recall: 0.77, F1: 0.74, AUC: 0.74
Epoch [26/100] [TRAIN] Loss: 0.5858, Accuracy: 74.62%, AUC: 0.75 [VAL] Loss: 0.5925, Accuracy: 74.00%, Precision: 0.71, Recall: 0.77, F1: 0.74, AUC: 0.74
Epoch [27/100] [TRAIN] Loss: 0.5703, Accuracy: 74.62%, AUC: 0.75 [VAL] Loss: 0.5924, Accuracy: 74.00%, Precision: 0.71, Recall: 0.77, F1: 0.74, AUC: 0.74
Epoch [28/100] [TRAIN] Loss: 0.5780, Accuracy: 72.50%, AUC: 0.72 [VAL] Loss: 0.5921, Accuracy: 74.00%, Precision: 0.71, Recall: 0.77, F1: 0.74, AUC: 0.74
Epoch [29/100] [TRAIN] Loss: 0.5715, Accuracy: 74.50%, AUC: 0.74 [VAL] Loss: 0.5924, Accuracy: 74.00%, Precision: 0.71, Recall: 0.77, F1: 0.74, AUC: 0.74
Epoch [30/100] [TRAIN] Loss: 0.5800, Accuracy: 72.38%, AUC: 0.72 [VAL] Loss: 0.5925, Accuracy: 74.00%, Precision: 0.71, Recall: 0.77, F1: 0.74, AUC: 0.74
Epoch [31/100] [TRAIN] Loss: 0.5805, Accuracy: 75.12%, AUC: 0.75 [VAL] Loss: 0.5922, Accuracy: 74.00%, Precision: 0.71, Recall: 0.77, F1: 0.74, AUC: 0.74
Epoch [32/100] [TRAIN] Loss: 0.5720, Accuracy: 74.50%, AUC: 0.74 [VAL] Loss: 0.5923, Accuracy: 74.00%, Precision: 0.71, Recall: 0.77, F1: 0.74, AUC: 0.74
Epoch [33/100] [TRAIN] Loss: 0.5849, Accuracy: 76.25%, AUC: 0.76 [VAL] Loss: 0.5921, Accuracy: 74.00%, Precision: 0.71, Recall: 0.77, F1: 0.74, AUC: 0.74
Epoch [34/100] [TRAIN] Loss: 0.5687, Accuracy: 75.12%, AUC: 0.75 [VAL] Loss: 0.5917, Accuracy: 74.00%, Precision: 0.71, Recall: 0.77, F1: 0.74, AUC: 0.74
Epoch [35/100] [TRAIN] Loss: 0.5733, Accuracy: 73.38%, AUC: 0.73 [VAL] Loss: 0.5917, Accuracy: 74.00%, Precision: 0.71, Recall: 0.77, F1: 0.74, AUC: 0.74
Epoch [36/100] [TRAIN] Loss: 0.5792, Accuracy: 74.62%, AUC: 0.75 [VAL] Loss: 0.5917, Accuracy: 74.00%, Precision: 0.71, Recall: 0.77, F1: 0.74, AUC: 0.74
Epoch [37/100] [TRAIN] Loss: 0.5705, Accuracy: 75.62%, AUC: 0.76 [VAL] Loss: 0.5916, Accuracy: 74.00%, Precision: 0.71, Recall: 0.77, F1: 0.74, AUC: 0.74
Epoch [38/100] [TRAIN] Loss: 0.5816, Accuracy: 73.62%, AUC: 0.74 [VAL] Loss: 0.5915, Accuracy: 74.00%, Precision: 0.71, Recall: 0.77, F1: 0.74, AUC: 0.74
Epoch [39/100] [TRAIN] Loss: 0.5617, Accuracy: 75.88%, AUC: 0.76 [VAL] Loss: 0.5913, Accuracy: 74.00%, Precision: 0.71, Recall: 0.77, F1: 0.74, AUC: 0.74
Epoch [40/100] [TRAIN] Loss: 0.5551, Accuracy: 75.25%, AUC: 0.75 [VAL] Loss: 0.5912, Accuracy: 74.00%, Precision: 0.71, Recall: 0.77, F1: 0.74, AUC: 0.74
Epoch [41/100] [TRAIN] Loss: 0.5667, Accuracy: 75.38%, AUC: 0.75 [VAL] Loss: 0.5911, Accuracy: 74.00%, Precision: 0.71, Recall: 0.77, F1: 0.74, AUC: 0.74
Epoch [42/100] [TRAIN] Loss: 0.5670, Accuracy: 73.25%, AUC: 0.73 [VAL] Loss: 0.5908, Accuracy: 74.00%, Precision: 0.71, Recall: 0.77, F1: 0.74, AUC: 0.74
Epoch [43/100] [TRAIN] Loss: 0.5836, Accuracy: 73.62%, AUC: 0.74 [VAL] Loss: 0.5904, Accuracy: 74.00%, Precision: 0.71, Recall: 0.77, F1: 0.74, AUC: 0.74
Epoch [44/100] [TRAIN] Loss: 0.5749, Accuracy: 72.00%, AUC: 0.72 [VAL] Loss: 0.5903, Accuracy: 74.00%, Precision: 0.71, Recall: 0.77, F1: 0.74, AUC: 0.74
Epoch [45/100] [TRAIN] Loss: 0.5769, Accuracy: 73.12%, AUC: 0.73 [VAL] Loss: 0.5901, Accuracy: 74.00%, Precision: 0.71, Recall: 0.77, F1: 0.74, AUC: 0.74
Epoch [46/100] [TRAIN] Loss: 0.5667, Accuracy: 74.88%, AUC: 0.75 [VAL] Loss: 0.5898, Accuracy: 74.00%, Precision: 0.71, Recall: 0.77, F1: 0.74, AUC: 0.74
Epoch [47/100] [TRAIN] Loss: 0.5651, Accuracy: 74.12%, AUC: 0.74 [VAL] Loss: 0.5901, Accuracy: 74.00%, Precision: 0.71, Recall: 0.77, F1: 0.74, AUC: 0.74
Epoch [48/100] [TRAIN] Loss: 0.5575, Accuracy: 75.38%, AUC: 0.75 [VAL] Loss: 0.5899, Accuracy: 74.00%, Precision: 0.71, Recall: 0.77, F1: 0.74, AUC: 0.74
Epoch [49/100] [TRAIN] Loss: 0.5639, Accuracy: 74.50%, AUC: 0.74 [VAL] Loss: 0.5900, Accuracy: 74.00%, Precision: 0.71, Recall: 0.77, F1: 0.74, AUC: 0.74
Epoch [50/100] [TRAIN] Loss: 0.5674, Accuracy: 74.00%, AUC: 0.74 [VAL] Loss: 0.5900, Accuracy: 74.00%, Precision: 0.71, Recall: 0.77, F1: 0.74, AUC: 0.74
Epoch [51/100] [TRAIN] Loss: 0.5513, Accuracy: 75.50%, AUC: 0.75 [VAL] Loss: 0.5900, Accuracy: 74.00%, Precision: 0.71, Recall: 0.77, F1: 0.74, AUC: 0.74
Epoch [52/100] [TRAIN] Loss: 0.5676, Accuracy: 74.38%, AUC: 0.74 [VAL] Loss: 0.5896, Accuracy: 74.00%, Precision: 0.71, Recall: 0.77, F1: 0.74, AUC: 0.74
Epoch [53/100] [TRAIN] Loss: 0.5525, Accuracy: 76.12%, AUC: 0.76 [VAL] Loss: 0.5895, Accuracy: 74.00%, Precision: 0.71, Recall: 0.77, F1: 0.74, AUC: 0.74
Epoch [54/100] [TRAIN] Loss: 0.5409, Accuracy: 75.00%, AUC: 0.75 [VAL] Loss: 0.5896, Accuracy: 74.00%, Precision: 0.71, Recall: 0.77, F1: 0.74, AUC: 0.74
Epoch [55/100] [TRAIN] Loss: 0.5618, Accuracy: 75.12%, AUC: 0.75 [VAL] Loss: 0.5898, Accuracy: 74.00%, Precision: 0.71, Recall: 0.77, F1: 0.74, AUC: 0.74
Epoch [56/100] [TRAIN] Loss: 0.5561, Accuracy: 76.50%, AUC: 0.76 [VAL] Loss: 0.5899, Accuracy: 74.00%, Precision: 0.71, Recall: 0.77, F1: 0.74, AUC: 0.74
Epoch [57/100] [TRAIN] Loss: 0.5476, Accuracy: 75.88%, AUC: 0.76 [VAL] Loss: 0.5899, Accuracy: 74.00%, Precision: 0.71, Recall: 0.77, F1: 0.74, AUC: 0.74
Epoch [58/100] [TRAIN] Loss: 0.5480, Accuracy: 75.62%, AUC: 0.76 [VAL] Loss: 0.5900, Accuracy: 74.00%, Precision: 0.71, Recall: 0.77, F1: 0.74, AUC: 0.74
Epoch [59/100] [TRAIN] Loss: 0.5647, Accuracy: 74.38%, AUC: 0.74 [VAL] Loss: 0.5900, Accuracy: 74.00%, Precision: 0.71, Recall: 0.77, F1: 0.74, AUC: 0.74
Epoch [60/100] [TRAIN] Loss: 0.5457, Accuracy: 76.25%, AUC: 0.76 [VAL] Loss: 0.5900, Accuracy: 74.00%, Precision: 0.71, Recall: 0.77, F1: 0.74, AUC: 0.74
Epoch [61/100] [TRAIN] Loss: 0.5601, Accuracy: 76.25%, AUC: 0.76 [VAL] Loss: 0.5900, Accuracy: 74.00%, Precision: 0.71, Recall: 0.77, F1: 0.74, AUC: 0.74
Epoch [62/100] [TRAIN] Loss: 0.5524, Accuracy: 74.75%, AUC: 0.75 [VAL] Loss: 0.5899, Accuracy: 74.00%, Precision: 0.71, Recall: 0.77, F1: 0.74, AUC: 0.74
Epoch [63/100] [TRAIN] Loss: 0.5576, Accuracy: 74.38%, AUC: 0.74 [VAL] Loss: 0.5900, Accuracy: 74.00%, Precision: 0.71, Recall: 0.77, F1: 0.74, AUC: 0.74
  Early stopping at epoch 63 (no val_loss improvement for 10 epochs)
Seed: 1011
Accuracy:  72.00 %
AUC:       0.7201
Precision: 0.6596
Recall:    0.7209
F1-Score:  0.6889

Detailed Classification Report:
              precision    recall  f1-score   support

           0       0.77      0.72      0.75        57
           1       0.66      0.72      0.69        43

    accuracy                           0.72       100
   macro avg       0.72      0.72      0.72       100
weighted avg       0.72      0.72      0.72       100


Confusion Matrix:
[[41 16]
 [12 31]]


019-H3K4me3-H3K9me3-H3K27me3
Train label distribution:
  Label 0:    422 (52.8%)
  Label 1:    378 (47.2%)
Val label distribution:
  Label 0:     52 (52.0%)
  Label 1:     48 (48.0%)
Test label distribution:
  Label 0:     57 (57.0%)
  Label 1:     43 (43.0%)
Epoch [1/100] [TRAIN] Loss: 0.7655, Accuracy: 39.00%, AUC: 0.39 [VAL] Loss: 0.7461, Accuracy: 31.00%, Precision: 0.29, Recall: 0.29, F1: 0.29, AUC: 0.31
Epoch [2/100] [TRAIN] Loss: 0.7564, Accuracy: 41.38%, AUC: 0.41 [VAL] Loss: 0.7337, Accuracy: 39.00%, Precision: 0.37, Recall: 0.38, F1: 0.37, AUC: 0.39
Epoch [3/100] [TRAIN] Loss: 0.7432, Accuracy: 41.62%, AUC: 0.42 [VAL] Loss: 0.7222, Accuracy: 51.00%, Precision: 0.49, Recall: 0.54, F1: 0.51, AUC: 0.51
Epoch [4/100] [TRAIN] Loss: 0.7322, Accuracy: 48.62%, AUC: 0.49 [VAL] Loss: 0.7131, Accuracy: 55.00%, Precision: 0.52, Recall: 0.67, F1: 0.59, AUC: 0.55
Epoch [5/100] [TRAIN] Loss: 0.7254, Accuracy: 50.25%, AUC: 0.50 [VAL] Loss: 0.7050, Accuracy: 61.00%, Precision: 0.58, Recall: 0.69, F1: 0.63, AUC: 0.61
Epoch [6/100] [TRAIN] Loss: 0.7109, Accuracy: 56.25%, AUC: 0.56 [VAL] Loss: 0.6978, Accuracy: 65.00%, Precision: 0.61, Recall: 0.73, F1: 0.67, AUC: 0.65
Epoch [7/100] [TRAIN] Loss: 0.7074, Accuracy: 55.62%, AUC: 0.55 [VAL] Loss: 0.6905, Accuracy: 69.00%, Precision: 0.65, Recall: 0.75, F1: 0.70, AUC: 0.69
Epoch [8/100] [TRAIN] Loss: 0.6972, Accuracy: 61.00%, AUC: 0.61 [VAL] Loss: 0.6839, Accuracy: 69.00%, Precision: 0.65, Recall: 0.77, F1: 0.70, AUC: 0.69
Epoch [9/100] [TRAIN] Loss: 0.6864, Accuracy: 64.25%, AUC: 0.64 [VAL] Loss: 0.6774, Accuracy: 71.00%, Precision: 0.67, Recall: 0.79, F1: 0.72, AUC: 0.71
Epoch [10/100] [TRAIN] Loss: 0.6783, Accuracy: 64.75%, AUC: 0.65 [VAL] Loss: 0.6714, Accuracy: 71.00%, Precision: 0.67, Recall: 0.79, F1: 0.72, AUC: 0.71
Epoch [11/100] [TRAIN] Loss: 0.6713, Accuracy: 65.88%, AUC: 0.66 [VAL] Loss: 0.6650, Accuracy: 72.00%, Precision: 0.68, Recall: 0.79, F1: 0.73, AUC: 0.72
Epoch [12/100] [TRAIN] Loss: 0.6753, Accuracy: 64.62%, AUC: 0.65 [VAL] Loss: 0.6593, Accuracy: 73.00%, Precision: 0.69, Recall: 0.79, F1: 0.74, AUC: 0.73
Epoch [13/100] [TRAIN] Loss: 0.6607, Accuracy: 67.12%, AUC: 0.67 [VAL] Loss: 0.6541, Accuracy: 73.00%, Precision: 0.69, Recall: 0.79, F1: 0.74, AUC: 0.73
Epoch [14/100] [TRAIN] Loss: 0.6582, Accuracy: 68.38%, AUC: 0.68 [VAL] Loss: 0.6493, Accuracy: 72.00%, Precision: 0.69, Recall: 0.77, F1: 0.73, AUC: 0.72
Epoch [15/100] [TRAIN] Loss: 0.6332, Accuracy: 69.38%, AUC: 0.69 [VAL] Loss: 0.6444, Accuracy: 71.00%, Precision: 0.67, Recall: 0.77, F1: 0.72, AUC: 0.71
Epoch [16/100] [TRAIN] Loss: 0.6393, Accuracy: 71.12%, AUC: 0.71 [VAL] Loss: 0.6398, Accuracy: 71.00%, Precision: 0.67, Recall: 0.77, F1: 0.72, AUC: 0.71
Epoch [17/100] [TRAIN] Loss: 0.6347, Accuracy: 71.12%, AUC: 0.71 [VAL] Loss: 0.6356, Accuracy: 71.00%, Precision: 0.67, Recall: 0.77, F1: 0.72, AUC: 0.71
Epoch [18/100] [TRAIN] Loss: 0.6462, Accuracy: 67.88%, AUC: 0.68 [VAL] Loss: 0.6321, Accuracy: 71.00%, Precision: 0.67, Recall: 0.77, F1: 0.72, AUC: 0.71
Epoch [19/100] [TRAIN] Loss: 0.6328, Accuracy: 70.00%, AUC: 0.70 [VAL] Loss: 0.6293, Accuracy: 71.00%, Precision: 0.67, Recall: 0.77, F1: 0.72, AUC: 0.71
Epoch [20/100] [TRAIN] Loss: 0.6268, Accuracy: 69.38%, AUC: 0.69 [VAL] Loss: 0.6260, Accuracy: 71.00%, Precision: 0.67, Recall: 0.77, F1: 0.72, AUC: 0.71
Epoch [21/100] [TRAIN] Loss: 0.6254, Accuracy: 69.50%, AUC: 0.69 [VAL] Loss: 0.6236, Accuracy: 71.00%, Precision: 0.67, Recall: 0.77, F1: 0.72, AUC: 0.71
Epoch [22/100] [TRAIN] Loss: 0.6222, Accuracy: 69.00%, AUC: 0.69 [VAL] Loss: 0.6214, Accuracy: 71.00%, Precision: 0.67, Recall: 0.77, F1: 0.72, AUC: 0.71
Epoch [23/100] [TRAIN] Loss: 0.6131, Accuracy: 70.38%, AUC: 0.70 [VAL] Loss: 0.6192, Accuracy: 71.00%, Precision: 0.67, Recall: 0.77, F1: 0.72, AUC: 0.71
Epoch [24/100] [TRAIN] Loss: 0.6019, Accuracy: 72.38%, AUC: 0.72 [VAL] Loss: 0.6173, Accuracy: 71.00%, Precision: 0.67, Recall: 0.77, F1: 0.72, AUC: 0.71
Epoch [25/100] [TRAIN] Loss: 0.6028, Accuracy: 71.88%, AUC: 0.72 [VAL] Loss: 0.6153, Accuracy: 71.00%, Precision: 0.67, Recall: 0.77, F1: 0.72, AUC: 0.71
Epoch [26/100] [TRAIN] Loss: 0.6038, Accuracy: 70.38%, AUC: 0.70 [VAL] Loss: 0.6139, Accuracy: 71.00%, Precision: 0.67, Recall: 0.77, F1: 0.72, AUC: 0.71
Epoch [27/100] [TRAIN] Loss: 0.6018, Accuracy: 73.12%, AUC: 0.73 [VAL] Loss: 0.6126, Accuracy: 72.00%, Precision: 0.68, Recall: 0.79, F1: 0.73, AUC: 0.72
Epoch [28/100] [TRAIN] Loss: 0.5989, Accuracy: 71.50%, AUC: 0.71 [VAL] Loss: 0.6114, Accuracy: 72.00%, Precision: 0.68, Recall: 0.79, F1: 0.73, AUC: 0.72
Epoch [29/100] [TRAIN] Loss: 0.5918, Accuracy: 72.38%, AUC: 0.72 [VAL] Loss: 0.6105, Accuracy: 72.00%, Precision: 0.68, Recall: 0.79, F1: 0.73, AUC: 0.72
Epoch [30/100] [TRAIN] Loss: 0.5917, Accuracy: 72.25%, AUC: 0.72 [VAL] Loss: 0.6097, Accuracy: 72.00%, Precision: 0.68, Recall: 0.79, F1: 0.73, AUC: 0.72
Epoch [31/100] [TRAIN] Loss: 0.5889, Accuracy: 73.12%, AUC: 0.73 [VAL] Loss: 0.6091, Accuracy: 72.00%, Precision: 0.68, Recall: 0.79, F1: 0.73, AUC: 0.72
Epoch [32/100] [TRAIN] Loss: 0.5953, Accuracy: 72.50%, AUC: 0.72 [VAL] Loss: 0.6084, Accuracy: 72.00%, Precision: 0.68, Recall: 0.79, F1: 0.73, AUC: 0.72
Epoch [33/100] [TRAIN] Loss: 0.5907, Accuracy: 72.62%, AUC: 0.72 [VAL] Loss: 0.6080, Accuracy: 72.00%, Precision: 0.68, Recall: 0.79, F1: 0.73, AUC: 0.72
Epoch [34/100] [TRAIN] Loss: 0.5866, Accuracy: 72.38%, AUC: 0.72 [VAL] Loss: 0.6074, Accuracy: 71.00%, Precision: 0.67, Recall: 0.77, F1: 0.72, AUC: 0.71
Epoch [35/100] [TRAIN] Loss: 0.5967, Accuracy: 73.25%, AUC: 0.73 [VAL] Loss: 0.6070, Accuracy: 71.00%, Precision: 0.67, Recall: 0.77, F1: 0.72, AUC: 0.71
Epoch [36/100] [TRAIN] Loss: 0.6074, Accuracy: 73.25%, AUC: 0.73 [VAL] Loss: 0.6067, Accuracy: 71.00%, Precision: 0.67, Recall: 0.77, F1: 0.72, AUC: 0.71
Epoch [37/100] [TRAIN] Loss: 0.5966, Accuracy: 72.00%, AUC: 0.72 [VAL] Loss: 0.6065, Accuracy: 71.00%, Precision: 0.67, Recall: 0.77, F1: 0.72, AUC: 0.71
Epoch [38/100] [TRAIN] Loss: 0.5907, Accuracy: 71.62%, AUC: 0.72 [VAL] Loss: 0.6061, Accuracy: 71.00%, Precision: 0.67, Recall: 0.77, F1: 0.72, AUC: 0.71
Epoch [39/100] [TRAIN] Loss: 0.5938, Accuracy: 72.00%, AUC: 0.72 [VAL] Loss: 0.6058, Accuracy: 70.00%, Precision: 0.66, Recall: 0.77, F1: 0.71, AUC: 0.70
Epoch [40/100] [TRAIN] Loss: 0.5858, Accuracy: 73.62%, AUC: 0.73 [VAL] Loss: 0.6055, Accuracy: 70.00%, Precision: 0.66, Recall: 0.77, F1: 0.71, AUC: 0.70
Epoch [41/100] [TRAIN] Loss: 0.5952, Accuracy: 72.38%, AUC: 0.72 [VAL] Loss: 0.6052, Accuracy: 71.00%, Precision: 0.67, Recall: 0.79, F1: 0.72, AUC: 0.71
Epoch [42/100] [TRAIN] Loss: 0.5887, Accuracy: 72.62%, AUC: 0.73 [VAL] Loss: 0.6048, Accuracy: 71.00%, Precision: 0.67, Recall: 0.79, F1: 0.72, AUC: 0.71
Epoch [43/100] [TRAIN] Loss: 0.5870, Accuracy: 73.38%, AUC: 0.73 [VAL] Loss: 0.6045, Accuracy: 70.00%, Precision: 0.66, Recall: 0.77, F1: 0.71, AUC: 0.70
Epoch [44/100] [TRAIN] Loss: 0.5905, Accuracy: 73.00%, AUC: 0.73 [VAL] Loss: 0.6043, Accuracy: 70.00%, Precision: 0.66, Recall: 0.77, F1: 0.71, AUC: 0.70
Epoch [45/100] [TRAIN] Loss: 0.5900, Accuracy: 70.50%, AUC: 0.71 [VAL] Loss: 0.6040, Accuracy: 70.00%, Precision: 0.66, Recall: 0.77, F1: 0.71, AUC: 0.70
Epoch [46/100] [TRAIN] Loss: 0.5832, Accuracy: 74.12%, AUC: 0.74 [VAL] Loss: 0.6034, Accuracy: 70.00%, Precision: 0.66, Recall: 0.77, F1: 0.71, AUC: 0.70
Epoch [47/100] [TRAIN] Loss: 0.5871, Accuracy: 71.25%, AUC: 0.71 [VAL] Loss: 0.6032, Accuracy: 71.00%, Precision: 0.67, Recall: 0.79, F1: 0.72, AUC: 0.71
Epoch [48/100] [TRAIN] Loss: 0.5699, Accuracy: 72.88%, AUC: 0.73 [VAL] Loss: 0.6030, Accuracy: 71.00%, Precision: 0.67, Recall: 0.79, F1: 0.72, AUC: 0.71
Epoch [49/100] [TRAIN] Loss: 0.5863, Accuracy: 72.25%, AUC: 0.72 [VAL] Loss: 0.6030, Accuracy: 71.00%, Precision: 0.67, Recall: 0.79, F1: 0.72, AUC: 0.71
Epoch [50/100] [TRAIN] Loss: 0.5850, Accuracy: 73.75%, AUC: 0.74 [VAL] Loss: 0.6025, Accuracy: 71.00%, Precision: 0.67, Recall: 0.79, F1: 0.72, AUC: 0.71
Epoch [51/100] [TRAIN] Loss: 0.5952, Accuracy: 71.25%, AUC: 0.71 [VAL] Loss: 0.6024, Accuracy: 71.00%, Precision: 0.67, Recall: 0.79, F1: 0.72, AUC: 0.71
Epoch [52/100] [TRAIN] Loss: 0.5797, Accuracy: 73.38%, AUC: 0.73 [VAL] Loss: 0.6023, Accuracy: 71.00%, Precision: 0.67, Recall: 0.79, F1: 0.72, AUC: 0.71
Epoch [53/100] [TRAIN] Loss: 0.5861, Accuracy: 72.38%, AUC: 0.72 [VAL] Loss: 0.6020, Accuracy: 71.00%, Precision: 0.67, Recall: 0.79, F1: 0.72, AUC: 0.71
Epoch [54/100] [TRAIN] Loss: 0.5823, Accuracy: 73.75%, AUC: 0.74 [VAL] Loss: 0.6016, Accuracy: 71.00%, Precision: 0.67, Recall: 0.79, F1: 0.72, AUC: 0.71
Epoch [55/100] [TRAIN] Loss: 0.5698, Accuracy: 73.50%, AUC: 0.73 [VAL] Loss: 0.6012, Accuracy: 71.00%, Precision: 0.67, Recall: 0.79, F1: 0.72, AUC: 0.71
Epoch [56/100] [TRAIN] Loss: 0.5686, Accuracy: 75.12%, AUC: 0.75 [VAL] Loss: 0.6011, Accuracy: 71.00%, Precision: 0.67, Recall: 0.79, F1: 0.72, AUC: 0.71
Epoch [57/100] [TRAIN] Loss: 0.5884, Accuracy: 73.25%, AUC: 0.73 [VAL] Loss: 0.6009, Accuracy: 71.00%, Precision: 0.67, Recall: 0.79, F1: 0.72, AUC: 0.71
Epoch [58/100] [TRAIN] Loss: 0.5627, Accuracy: 74.62%, AUC: 0.74 [VAL] Loss: 0.6008, Accuracy: 71.00%, Precision: 0.67, Recall: 0.79, F1: 0.72, AUC: 0.71
Epoch [59/100] [TRAIN] Loss: 0.5753, Accuracy: 72.38%, AUC: 0.72 [VAL] Loss: 0.6007, Accuracy: 71.00%, Precision: 0.67, Recall: 0.79, F1: 0.72, AUC: 0.71
Epoch [60/100] [TRAIN] Loss: 0.5654, Accuracy: 73.50%, AUC: 0.73 [VAL] Loss: 0.6002, Accuracy: 71.00%, Precision: 0.67, Recall: 0.79, F1: 0.72, AUC: 0.71
Epoch [61/100] [TRAIN] Loss: 0.5698, Accuracy: 73.00%, AUC: 0.73 [VAL] Loss: 0.6000, Accuracy: 71.00%, Precision: 0.67, Recall: 0.79, F1: 0.72, AUC: 0.71
Epoch [62/100] [TRAIN] Loss: 0.5800, Accuracy: 73.38%, AUC: 0.73 [VAL] Loss: 0.5999, Accuracy: 71.00%, Precision: 0.67, Recall: 0.79, F1: 0.72, AUC: 0.71
Epoch [63/100] [TRAIN] Loss: 0.5791, Accuracy: 72.75%, AUC: 0.73 [VAL] Loss: 0.5997, Accuracy: 71.00%, Precision: 0.67, Recall: 0.79, F1: 0.72, AUC: 0.71
Epoch [64/100] [TRAIN] Loss: 0.5790, Accuracy: 74.12%, AUC: 0.74 [VAL] Loss: 0.5991, Accuracy: 71.00%, Precision: 0.67, Recall: 0.79, F1: 0.72, AUC: 0.71
Epoch [65/100] [TRAIN] Loss: 0.5911, Accuracy: 73.38%, AUC: 0.73 [VAL] Loss: 0.5986, Accuracy: 71.00%, Precision: 0.67, Recall: 0.79, F1: 0.72, AUC: 0.71
Epoch [66/100] [TRAIN] Loss: 0.5702, Accuracy: 74.00%, AUC: 0.74 [VAL] Loss: 0.5983, Accuracy: 71.00%, Precision: 0.67, Recall: 0.79, F1: 0.72, AUC: 0.71
Epoch [67/100] [TRAIN] Loss: 0.5718, Accuracy: 73.12%, AUC: 0.73 [VAL] Loss: 0.5982, Accuracy: 71.00%, Precision: 0.67, Recall: 0.79, F1: 0.72, AUC: 0.71
Epoch [68/100] [TRAIN] Loss: 0.5632, Accuracy: 73.88%, AUC: 0.74 [VAL] Loss: 0.5979, Accuracy: 71.00%, Precision: 0.67, Recall: 0.79, F1: 0.72, AUC: 0.71
Epoch [69/100] [TRAIN] Loss: 0.5898, Accuracy: 72.00%, AUC: 0.72 [VAL] Loss: 0.5976, Accuracy: 71.00%, Precision: 0.67, Recall: 0.79, F1: 0.72, AUC: 0.71
Epoch [70/100] [TRAIN] Loss: 0.5744, Accuracy: 73.12%, AUC: 0.73 [VAL] Loss: 0.5975, Accuracy: 71.00%, Precision: 0.67, Recall: 0.79, F1: 0.72, AUC: 0.71
Epoch [71/100] [TRAIN] Loss: 0.5697, Accuracy: 72.62%, AUC: 0.72 [VAL] Loss: 0.5972, Accuracy: 71.00%, Precision: 0.67, Recall: 0.79, F1: 0.72, AUC: 0.71
Epoch [72/100] [TRAIN] Loss: 0.5711, Accuracy: 74.38%, AUC: 0.74 [VAL] Loss: 0.5970, Accuracy: 72.00%, Precision: 0.67, Recall: 0.81, F1: 0.74, AUC: 0.72
Epoch [73/100] [TRAIN] Loss: 0.5797, Accuracy: 73.12%, AUC: 0.73 [VAL] Loss: 0.5971, Accuracy: 72.00%, Precision: 0.67, Recall: 0.81, F1: 0.74, AUC: 0.72
Epoch [74/100] [TRAIN] Loss: 0.5983, Accuracy: 73.00%, AUC: 0.73 [VAL] Loss: 0.5965, Accuracy: 72.00%, Precision: 0.67, Recall: 0.81, F1: 0.74, AUC: 0.72
Epoch [75/100] [TRAIN] Loss: 0.5589, Accuracy: 73.50%, AUC: 0.73 [VAL] Loss: 0.5963, Accuracy: 72.00%, Precision: 0.67, Recall: 0.81, F1: 0.74, AUC: 0.72
Epoch [76/100] [TRAIN] Loss: 0.5835, Accuracy: 71.62%, AUC: 0.71 [VAL] Loss: 0.5962, Accuracy: 72.00%, Precision: 0.67, Recall: 0.81, F1: 0.74, AUC: 0.72
Epoch [77/100] [TRAIN] Loss: 0.5718, Accuracy: 73.12%, AUC: 0.73 [VAL] Loss: 0.5960, Accuracy: 72.00%, Precision: 0.67, Recall: 0.81, F1: 0.74, AUC: 0.72
Epoch [78/100] [TRAIN] Loss: 0.5826, Accuracy: 74.38%, AUC: 0.74 [VAL] Loss: 0.5959, Accuracy: 72.00%, Precision: 0.67, Recall: 0.81, F1: 0.74, AUC: 0.72
Epoch [79/100] [TRAIN] Loss: 0.5551, Accuracy: 74.50%, AUC: 0.74 [VAL] Loss: 0.5957, Accuracy: 72.00%, Precision: 0.67, Recall: 0.81, F1: 0.74, AUC: 0.72
Epoch [80/100] [TRAIN] Loss: 0.5719, Accuracy: 74.00%, AUC: 0.74 [VAL] Loss: 0.5953, Accuracy: 72.00%, Precision: 0.67, Recall: 0.81, F1: 0.74, AUC: 0.72
Epoch [81/100] [TRAIN] Loss: 0.5745, Accuracy: 72.88%, AUC: 0.73 [VAL] Loss: 0.5950, Accuracy: 72.00%, Precision: 0.67, Recall: 0.81, F1: 0.74, AUC: 0.72
Epoch [82/100] [TRAIN] Loss: 0.5620, Accuracy: 73.38%, AUC: 0.73 [VAL] Loss: 0.5951, Accuracy: 72.00%, Precision: 0.67, Recall: 0.81, F1: 0.74, AUC: 0.72
Epoch [83/100] [TRAIN] Loss: 0.5747, Accuracy: 72.38%, AUC: 0.72 [VAL] Loss: 0.5952, Accuracy: 72.00%, Precision: 0.67, Recall: 0.81, F1: 0.74, AUC: 0.72
Epoch [84/100] [TRAIN] Loss: 0.5748, Accuracy: 72.88%, AUC: 0.73 [VAL] Loss: 0.5947, Accuracy: 72.00%, Precision: 0.67, Recall: 0.81, F1: 0.74, AUC: 0.72
Epoch [85/100] [TRAIN] Loss: 0.5694, Accuracy: 73.50%, AUC: 0.73 [VAL] Loss: 0.5949, Accuracy: 72.00%, Precision: 0.67, Recall: 0.81, F1: 0.74, AUC: 0.72
Epoch [86/100] [TRAIN] Loss: 0.5547, Accuracy: 74.50%, AUC: 0.74 [VAL] Loss: 0.5948, Accuracy: 72.00%, Precision: 0.67, Recall: 0.81, F1: 0.74, AUC: 0.72
Epoch [87/100] [TRAIN] Loss: 0.5643, Accuracy: 74.38%, AUC: 0.74 [VAL] Loss: 0.5948, Accuracy: 71.00%, Precision: 0.67, Recall: 0.79, F1: 0.72, AUC: 0.71
Epoch [88/100] [TRAIN] Loss: 0.5664, Accuracy: 74.38%, AUC: 0.74 [VAL] Loss: 0.5946, Accuracy: 71.00%, Precision: 0.67, Recall: 0.79, F1: 0.72, AUC: 0.71
Epoch [89/100] [TRAIN] Loss: 0.5620, Accuracy: 75.75%, AUC: 0.76 [VAL] Loss: 0.5945, Accuracy: 71.00%, Precision: 0.67, Recall: 0.79, F1: 0.72, AUC: 0.71
Epoch [90/100] [TRAIN] Loss: 0.5633, Accuracy: 74.00%, AUC: 0.74 [VAL] Loss: 0.5942, Accuracy: 71.00%, Precision: 0.67, Recall: 0.79, F1: 0.72, AUC: 0.71
Epoch [91/100] [TRAIN] Loss: 0.5734, Accuracy: 72.62%, AUC: 0.73 [VAL] Loss: 0.5940, Accuracy: 71.00%, Precision: 0.67, Recall: 0.79, F1: 0.72, AUC: 0.71
Epoch [92/100] [TRAIN] Loss: 0.5773, Accuracy: 72.75%, AUC: 0.73 [VAL] Loss: 0.5934, Accuracy: 71.00%, Precision: 0.67, Recall: 0.79, F1: 0.72, AUC: 0.71
Epoch [93/100] [TRAIN] Loss: 0.5781, Accuracy: 74.25%, AUC: 0.74 [VAL] Loss: 0.5931, Accuracy: 71.00%, Precision: 0.67, Recall: 0.79, F1: 0.72, AUC: 0.71
Epoch [94/100] [TRAIN] Loss: 0.5716, Accuracy: 73.62%, AUC: 0.73 [VAL] Loss: 0.5931, Accuracy: 71.00%, Precision: 0.67, Recall: 0.79, F1: 0.72, AUC: 0.71
Epoch [95/100] [TRAIN] Loss: 0.5488, Accuracy: 75.38%, AUC: 0.75 [VAL] Loss: 0.5929, Accuracy: 71.00%, Precision: 0.67, Recall: 0.79, F1: 0.72, AUC: 0.71
Epoch [96/100] [TRAIN] Loss: 0.5739, Accuracy: 72.25%, AUC: 0.72 [VAL] Loss: 0.5929, Accuracy: 71.00%, Precision: 0.67, Recall: 0.79, F1: 0.72, AUC: 0.71
Epoch [97/100] [TRAIN] Loss: 0.5564, Accuracy: 74.25%, AUC: 0.74 [VAL] Loss: 0.5930, Accuracy: 71.00%, Precision: 0.67, Recall: 0.79, F1: 0.72, AUC: 0.71
Epoch [98/100] [TRAIN] Loss: 0.5634, Accuracy: 74.88%, AUC: 0.75 [VAL] Loss: 0.5927, Accuracy: 71.00%, Precision: 0.67, Recall: 0.79, F1: 0.72, AUC: 0.71
Epoch [99/100] [TRAIN] Loss: 0.5561, Accuracy: 74.75%, AUC: 0.75 [VAL] Loss: 0.5925, Accuracy: 71.00%, Precision: 0.67, Recall: 0.79, F1: 0.72, AUC: 0.71
Epoch [100/100] [TRAIN] Loss: 0.5640, Accuracy: 73.38%, AUC: 0.73 [VAL] Loss: 0.5925, Accuracy: 71.00%, Precision: 0.67, Recall: 0.79, F1: 0.72, AUC: 0.71
Seed: 1011
Accuracy:  70.00 %
AUC:       0.7026
Precision: 0.6327
Recall:    0.7209
F1-Score:  0.6739

Detailed Classification Report:
              precision    recall  f1-score   support

           0       0.76      0.68      0.72        57
           1       0.63      0.72      0.67        43

    accuracy                           0.70       100
   macro avg       0.70      0.70      0.70       100
weighted avg       0.71      0.70      0.70       100


Confusion Matrix:
[[39 18]
 [12 31]]


020-H3K4me3-H3K27ac-H3K27me3
Train label distribution:
  Label 0:    422 (52.8%)
  Label 1:    378 (47.2%)
Val label distribution:
  Label 0:     52 (52.0%)
  Label 1:     48 (48.0%)
Test label distribution:
  Label 0:     57 (57.0%)
  Label 1:     43 (43.0%)
Epoch [1/100] [TRAIN] Loss: 0.7492, Accuracy: 48.88%, AUC: 0.49 [VAL] Loss: 0.6999, Accuracy: 61.00%, Precision: 0.58, Recall: 0.67, F1: 0.62, AUC: 0.61
Epoch [2/100] [TRAIN] Loss: 0.6932, Accuracy: 58.50%, AUC: 0.59 [VAL] Loss: 0.6656, Accuracy: 73.00%, Precision: 0.70, Recall: 0.77, F1: 0.73, AUC: 0.73
Epoch [3/100] [TRAIN] Loss: 0.6602, Accuracy: 65.75%, AUC: 0.66 [VAL] Loss: 0.6441, Accuracy: 72.00%, Precision: 0.69, Recall: 0.77, F1: 0.73, AUC: 0.72
Epoch [4/100] [TRAIN] Loss: 0.6437, Accuracy: 70.12%, AUC: 0.70 [VAL] Loss: 0.6286, Accuracy: 74.00%, Precision: 0.70, Recall: 0.79, F1: 0.75, AUC: 0.74
Epoch [5/100] [TRAIN] Loss: 0.6246, Accuracy: 71.00%, AUC: 0.71 [VAL] Loss: 0.6183, Accuracy: 74.00%, Precision: 0.70, Recall: 0.79, F1: 0.75, AUC: 0.74
Epoch [6/100] [TRAIN] Loss: 0.6090, Accuracy: 73.50%, AUC: 0.74 [VAL] Loss: 0.6103, Accuracy: 74.00%, Precision: 0.70, Recall: 0.79, F1: 0.75, AUC: 0.74
Epoch [7/100] [TRAIN] Loss: 0.6105, Accuracy: 70.62%, AUC: 0.71 [VAL] Loss: 0.6043, Accuracy: 73.00%, Precision: 0.70, Recall: 0.77, F1: 0.73, AUC: 0.73
Epoch [8/100] [TRAIN] Loss: 0.5962, Accuracy: 72.88%, AUC: 0.73 [VAL] Loss: 0.6011, Accuracy: 73.00%, Precision: 0.70, Recall: 0.77, F1: 0.73, AUC: 0.73
Epoch [9/100] [TRAIN] Loss: 0.6006, Accuracy: 73.50%, AUC: 0.73 [VAL] Loss: 0.5990, Accuracy: 73.00%, Precision: 0.70, Recall: 0.77, F1: 0.73, AUC: 0.73
Epoch [10/100] [TRAIN] Loss: 0.5850, Accuracy: 75.75%, AUC: 0.76 [VAL] Loss: 0.5972, Accuracy: 73.00%, Precision: 0.70, Recall: 0.77, F1: 0.73, AUC: 0.73
Epoch [11/100] [TRAIN] Loss: 0.5891, Accuracy: 73.88%, AUC: 0.74 [VAL] Loss: 0.5964, Accuracy: 73.00%, Precision: 0.70, Recall: 0.77, F1: 0.73, AUC: 0.73
Epoch [12/100] [TRAIN] Loss: 0.5866, Accuracy: 72.50%, AUC: 0.73 [VAL] Loss: 0.5959, Accuracy: 73.00%, Precision: 0.70, Recall: 0.77, F1: 0.73, AUC: 0.73
Epoch [13/100] [TRAIN] Loss: 0.6082, Accuracy: 72.00%, AUC: 0.72 [VAL] Loss: 0.5960, Accuracy: 74.00%, Precision: 0.71, Recall: 0.77, F1: 0.74, AUC: 0.74
Epoch [14/100] [TRAIN] Loss: 0.5669, Accuracy: 74.38%, AUC: 0.74 [VAL] Loss: 0.5958, Accuracy: 74.00%, Precision: 0.71, Recall: 0.77, F1: 0.74, AUC: 0.74
Epoch [15/100] [TRAIN] Loss: 0.5807, Accuracy: 73.38%, AUC: 0.73 [VAL] Loss: 0.5958, Accuracy: 73.00%, Precision: 0.70, Recall: 0.77, F1: 0.73, AUC: 0.73
Epoch [16/100] [TRAIN] Loss: 0.5762, Accuracy: 75.38%, AUC: 0.75 [VAL] Loss: 0.5956, Accuracy: 74.00%, Precision: 0.71, Recall: 0.77, F1: 0.74, AUC: 0.74
Epoch [17/100] [TRAIN] Loss: 0.5653, Accuracy: 76.75%, AUC: 0.77 [VAL] Loss: 0.5959, Accuracy: 74.00%, Precision: 0.71, Recall: 0.77, F1: 0.74, AUC: 0.74
Epoch [18/100] [TRAIN] Loss: 0.5802, Accuracy: 75.00%, AUC: 0.75 [VAL] Loss: 0.5960, Accuracy: 73.00%, Precision: 0.71, Recall: 0.75, F1: 0.73, AUC: 0.73
Epoch [19/100] [TRAIN] Loss: 0.5706, Accuracy: 74.50%, AUC: 0.74 [VAL] Loss: 0.5959, Accuracy: 73.00%, Precision: 0.71, Recall: 0.75, F1: 0.73, AUC: 0.73
Epoch [20/100] [TRAIN] Loss: 0.5650, Accuracy: 75.38%, AUC: 0.75 [VAL] Loss: 0.5963, Accuracy: 73.00%, Precision: 0.71, Recall: 0.75, F1: 0.73, AUC: 0.73
Epoch [21/100] [TRAIN] Loss: 0.5736, Accuracy: 73.88%, AUC: 0.74 [VAL] Loss: 0.5966, Accuracy: 73.00%, Precision: 0.71, Recall: 0.75, F1: 0.73, AUC: 0.73
Epoch [22/100] [TRAIN] Loss: 0.5771, Accuracy: 72.62%, AUC: 0.73 [VAL] Loss: 0.5965, Accuracy: 73.00%, Precision: 0.71, Recall: 0.75, F1: 0.73, AUC: 0.73
Epoch [23/100] [TRAIN] Loss: 0.5642, Accuracy: 77.25%, AUC: 0.77 [VAL] Loss: 0.5965, Accuracy: 73.00%, Precision: 0.71, Recall: 0.75, F1: 0.73, AUC: 0.73
Epoch [24/100] [TRAIN] Loss: 0.5733, Accuracy: 73.75%, AUC: 0.74 [VAL] Loss: 0.5964, Accuracy: 73.00%, Precision: 0.71, Recall: 0.75, F1: 0.73, AUC: 0.73
Epoch [25/100] [TRAIN] Loss: 0.5689, Accuracy: 74.62%, AUC: 0.75 [VAL] Loss: 0.5964, Accuracy: 73.00%, Precision: 0.71, Recall: 0.75, F1: 0.73, AUC: 0.73
Epoch [26/100] [TRAIN] Loss: 0.5711, Accuracy: 74.00%, AUC: 0.74 [VAL] Loss: 0.5964, Accuracy: 73.00%, Precision: 0.71, Recall: 0.75, F1: 0.73, AUC: 0.73
  Early stopping at epoch 26 (no val_loss improvement for 10 epochs)
Seed: 1011
Accuracy:  73.00 %
AUC:       0.7317
Precision: 0.6667
Recall:    0.7442
F1-Score:  0.7033

Detailed Classification Report:
              precision    recall  f1-score   support

           0       0.79      0.72      0.75        57
           1       0.67      0.74      0.70        43

    accuracy                           0.73       100
   macro avg       0.73      0.73      0.73       100
weighted avg       0.74      0.73      0.73       100


Confusion Matrix:
[[41 16]
 [11 32]]


021-H3K9ac-H3K9me3-H3K27ac
Train label distribution:
  Label 0:    422 (52.8%)
  Label 1:    378 (47.2%)
Val label distribution:
  Label 0:     52 (52.0%)
  Label 1:     48 (48.0%)
Test label distribution:
  Label 0:     57 (57.0%)
  Label 1:     43 (43.0%)
Epoch [1/100] [TRAIN] Loss: 0.7375, Accuracy: 47.12%, AUC: 0.47 [VAL] Loss: 0.7187, Accuracy: 48.00%, Precision: 0.47, Recall: 0.56, F1: 0.51, AUC: 0.48
Epoch [2/100] [TRAIN] Loss: 0.7111, Accuracy: 55.50%, AUC: 0.55 [VAL] Loss: 0.7035, Accuracy: 65.00%, Precision: 0.62, Recall: 0.69, F1: 0.65, AUC: 0.65
Epoch [3/100] [TRAIN] Loss: 0.6936, Accuracy: 61.00%, AUC: 0.61 [VAL] Loss: 0.6912, Accuracy: 67.00%, Precision: 0.64, Recall: 0.73, F1: 0.68, AUC: 0.67
Epoch [4/100] [TRAIN] Loss: 0.6874, Accuracy: 62.38%, AUC: 0.62 [VAL] Loss: 0.6814, Accuracy: 69.00%, Precision: 0.66, Recall: 0.73, F1: 0.69, AUC: 0.69
Epoch [5/100] [TRAIN] Loss: 0.6765, Accuracy: 66.12%, AUC: 0.66 [VAL] Loss: 0.6726, Accuracy: 71.00%, Precision: 0.69, Recall: 0.73, F1: 0.71, AUC: 0.71
Epoch [6/100] [TRAIN] Loss: 0.6673, Accuracy: 68.12%, AUC: 0.68 [VAL] Loss: 0.6646, Accuracy: 70.00%, Precision: 0.67, Recall: 0.73, F1: 0.70, AUC: 0.70
Epoch [7/100] [TRAIN] Loss: 0.6574, Accuracy: 70.38%, AUC: 0.70 [VAL] Loss: 0.6572, Accuracy: 70.00%, Precision: 0.67, Recall: 0.73, F1: 0.70, AUC: 0.70
Epoch [8/100] [TRAIN] Loss: 0.6530, Accuracy: 69.62%, AUC: 0.70 [VAL] Loss: 0.6502, Accuracy: 70.00%, Precision: 0.67, Recall: 0.73, F1: 0.70, AUC: 0.70
Epoch [9/100] [TRAIN] Loss: 0.6432, Accuracy: 69.62%, AUC: 0.70 [VAL] Loss: 0.6434, Accuracy: 69.00%, Precision: 0.66, Recall: 0.73, F1: 0.69, AUC: 0.69
Epoch [10/100] [TRAIN] Loss: 0.6501, Accuracy: 70.12%, AUC: 0.70 [VAL] Loss: 0.6377, Accuracy: 70.00%, Precision: 0.67, Recall: 0.75, F1: 0.71, AUC: 0.70
Epoch [11/100] [TRAIN] Loss: 0.6213, Accuracy: 72.75%, AUC: 0.73 [VAL] Loss: 0.6331, Accuracy: 70.00%, Precision: 0.67, Recall: 0.75, F1: 0.71, AUC: 0.70
Epoch [12/100] [TRAIN] Loss: 0.6189, Accuracy: 73.12%, AUC: 0.73 [VAL] Loss: 0.6276, Accuracy: 69.00%, Precision: 0.66, Recall: 0.73, F1: 0.69, AUC: 0.69
Epoch [13/100] [TRAIN] Loss: 0.6073, Accuracy: 72.88%, AUC: 0.73 [VAL] Loss: 0.6240, Accuracy: 69.00%, Precision: 0.66, Recall: 0.73, F1: 0.69, AUC: 0.69
Epoch [14/100] [TRAIN] Loss: 0.6074, Accuracy: 72.88%, AUC: 0.73 [VAL] Loss: 0.6204, Accuracy: 69.00%, Precision: 0.66, Recall: 0.73, F1: 0.69, AUC: 0.69
Epoch [15/100] [TRAIN] Loss: 0.6179, Accuracy: 71.75%, AUC: 0.72 [VAL] Loss: 0.6175, Accuracy: 69.00%, Precision: 0.66, Recall: 0.73, F1: 0.69, AUC: 0.69
Epoch [16/100] [TRAIN] Loss: 0.6083, Accuracy: 72.75%, AUC: 0.73 [VAL] Loss: 0.6154, Accuracy: 70.00%, Precision: 0.67, Recall: 0.73, F1: 0.70, AUC: 0.70
Epoch [17/100] [TRAIN] Loss: 0.6008, Accuracy: 72.25%, AUC: 0.72 [VAL] Loss: 0.6136, Accuracy: 70.00%, Precision: 0.67, Recall: 0.73, F1: 0.70, AUC: 0.70
Epoch [18/100] [TRAIN] Loss: 0.6008, Accuracy: 74.00%, AUC: 0.74 [VAL] Loss: 0.6123, Accuracy: 70.00%, Precision: 0.67, Recall: 0.73, F1: 0.70, AUC: 0.70
Epoch [19/100] [TRAIN] Loss: 0.6084, Accuracy: 72.50%, AUC: 0.73 [VAL] Loss: 0.6108, Accuracy: 70.00%, Precision: 0.67, Recall: 0.73, F1: 0.70, AUC: 0.70
Epoch [20/100] [TRAIN] Loss: 0.5994, Accuracy: 75.12%, AUC: 0.75 [VAL] Loss: 0.6101, Accuracy: 70.00%, Precision: 0.67, Recall: 0.73, F1: 0.70, AUC: 0.70
Epoch [21/100] [TRAIN] Loss: 0.5965, Accuracy: 73.75%, AUC: 0.74 [VAL] Loss: 0.6095, Accuracy: 70.00%, Precision: 0.67, Recall: 0.73, F1: 0.70, AUC: 0.70
Epoch [22/100] [TRAIN] Loss: 0.5986, Accuracy: 75.50%, AUC: 0.75 [VAL] Loss: 0.6087, Accuracy: 69.00%, Precision: 0.66, Recall: 0.73, F1: 0.69, AUC: 0.69
Epoch [23/100] [TRAIN] Loss: 0.5922, Accuracy: 76.00%, AUC: 0.76 [VAL] Loss: 0.6079, Accuracy: 69.00%, Precision: 0.66, Recall: 0.73, F1: 0.69, AUC: 0.69
Epoch [24/100] [TRAIN] Loss: 0.6003, Accuracy: 74.00%, AUC: 0.74 [VAL] Loss: 0.6075, Accuracy: 69.00%, Precision: 0.66, Recall: 0.73, F1: 0.69, AUC: 0.69
Epoch [25/100] [TRAIN] Loss: 0.6137, Accuracy: 73.12%, AUC: 0.73 [VAL] Loss: 0.6073, Accuracy: 69.00%, Precision: 0.66, Recall: 0.73, F1: 0.69, AUC: 0.69
Epoch [26/100] [TRAIN] Loss: 0.5990, Accuracy: 72.62%, AUC: 0.73 [VAL] Loss: 0.6068, Accuracy: 69.00%, Precision: 0.66, Recall: 0.73, F1: 0.69, AUC: 0.69
Epoch [27/100] [TRAIN] Loss: 0.6070, Accuracy: 74.25%, AUC: 0.74 [VAL] Loss: 0.6067, Accuracy: 69.00%, Precision: 0.66, Recall: 0.73, F1: 0.69, AUC: 0.69
Epoch [28/100] [TRAIN] Loss: 0.5995, Accuracy: 73.62%, AUC: 0.74 [VAL] Loss: 0.6065, Accuracy: 69.00%, Precision: 0.66, Recall: 0.73, F1: 0.69, AUC: 0.69
Epoch [29/100] [TRAIN] Loss: 0.5850, Accuracy: 72.88%, AUC: 0.73 [VAL] Loss: 0.6056, Accuracy: 69.00%, Precision: 0.66, Recall: 0.73, F1: 0.69, AUC: 0.69
Epoch [30/100] [TRAIN] Loss: 0.5952, Accuracy: 74.50%, AUC: 0.74 [VAL] Loss: 0.6049, Accuracy: 69.00%, Precision: 0.66, Recall: 0.73, F1: 0.69, AUC: 0.69
Epoch [31/100] [TRAIN] Loss: 0.5757, Accuracy: 75.38%, AUC: 0.75 [VAL] Loss: 0.6044, Accuracy: 69.00%, Precision: 0.66, Recall: 0.73, F1: 0.69, AUC: 0.69
Epoch [32/100] [TRAIN] Loss: 0.5814, Accuracy: 75.88%, AUC: 0.76 [VAL] Loss: 0.6040, Accuracy: 69.00%, Precision: 0.66, Recall: 0.73, F1: 0.69, AUC: 0.69
Epoch [33/100] [TRAIN] Loss: 0.5850, Accuracy: 74.62%, AUC: 0.75 [VAL] Loss: 0.6035, Accuracy: 69.00%, Precision: 0.66, Recall: 0.73, F1: 0.69, AUC: 0.69
Epoch [34/100] [TRAIN] Loss: 0.5949, Accuracy: 73.12%, AUC: 0.73 [VAL] Loss: 0.6036, Accuracy: 69.00%, Precision: 0.66, Recall: 0.73, F1: 0.69, AUC: 0.69
Epoch [35/100] [TRAIN] Loss: 0.5827, Accuracy: 74.12%, AUC: 0.74 [VAL] Loss: 0.6034, Accuracy: 70.00%, Precision: 0.67, Recall: 0.75, F1: 0.71, AUC: 0.70
Epoch [36/100] [TRAIN] Loss: 0.5877, Accuracy: 73.38%, AUC: 0.73 [VAL] Loss: 0.6031, Accuracy: 71.00%, Precision: 0.67, Recall: 0.77, F1: 0.72, AUC: 0.71
Epoch [37/100] [TRAIN] Loss: 0.5964, Accuracy: 73.12%, AUC: 0.73 [VAL] Loss: 0.6030, Accuracy: 71.00%, Precision: 0.67, Recall: 0.77, F1: 0.72, AUC: 0.71
Epoch [38/100] [TRAIN] Loss: 0.5930, Accuracy: 74.75%, AUC: 0.75 [VAL] Loss: 0.6025, Accuracy: 71.00%, Precision: 0.67, Recall: 0.77, F1: 0.72, AUC: 0.71
Epoch [39/100] [TRAIN] Loss: 0.5935, Accuracy: 74.88%, AUC: 0.75 [VAL] Loss: 0.6025, Accuracy: 71.00%, Precision: 0.67, Recall: 0.77, F1: 0.72, AUC: 0.71
Epoch [40/100] [TRAIN] Loss: 0.6010, Accuracy: 72.12%, AUC: 0.72 [VAL] Loss: 0.6025, Accuracy: 71.00%, Precision: 0.67, Recall: 0.77, F1: 0.72, AUC: 0.71
Epoch [41/100] [TRAIN] Loss: 0.5789, Accuracy: 73.38%, AUC: 0.73 [VAL] Loss: 0.6023, Accuracy: 71.00%, Precision: 0.67, Recall: 0.77, F1: 0.72, AUC: 0.71
Epoch [42/100] [TRAIN] Loss: 0.5745, Accuracy: 74.25%, AUC: 0.74 [VAL] Loss: 0.6019, Accuracy: 71.00%, Precision: 0.67, Recall: 0.77, F1: 0.72, AUC: 0.71
Epoch [43/100] [TRAIN] Loss: 0.5817, Accuracy: 75.50%, AUC: 0.75 [VAL] Loss: 0.6018, Accuracy: 71.00%, Precision: 0.67, Recall: 0.77, F1: 0.72, AUC: 0.71
Epoch [44/100] [TRAIN] Loss: 0.5907, Accuracy: 73.25%, AUC: 0.73 [VAL] Loss: 0.6017, Accuracy: 71.00%, Precision: 0.67, Recall: 0.77, F1: 0.72, AUC: 0.71
Epoch [45/100] [TRAIN] Loss: 0.5954, Accuracy: 74.75%, AUC: 0.75 [VAL] Loss: 0.6015, Accuracy: 71.00%, Precision: 0.67, Recall: 0.77, F1: 0.72, AUC: 0.71
Epoch [46/100] [TRAIN] Loss: 0.5889, Accuracy: 74.25%, AUC: 0.74 [VAL] Loss: 0.6012, Accuracy: 71.00%, Precision: 0.67, Recall: 0.77, F1: 0.72, AUC: 0.71
Epoch [47/100] [TRAIN] Loss: 0.5774, Accuracy: 75.50%, AUC: 0.75 [VAL] Loss: 0.6008, Accuracy: 71.00%, Precision: 0.67, Recall: 0.77, F1: 0.72, AUC: 0.71
Epoch [48/100] [TRAIN] Loss: 0.5710, Accuracy: 74.50%, AUC: 0.75 [VAL] Loss: 0.6007, Accuracy: 71.00%, Precision: 0.67, Recall: 0.77, F1: 0.72, AUC: 0.71
Epoch [49/100] [TRAIN] Loss: 0.5788, Accuracy: 74.00%, AUC: 0.74 [VAL] Loss: 0.6005, Accuracy: 71.00%, Precision: 0.67, Recall: 0.77, F1: 0.72, AUC: 0.71
Epoch [50/100] [TRAIN] Loss: 0.5760, Accuracy: 73.88%, AUC: 0.74 [VAL] Loss: 0.6005, Accuracy: 71.00%, Precision: 0.67, Recall: 0.77, F1: 0.72, AUC: 0.71
Epoch [51/100] [TRAIN] Loss: 0.5954, Accuracy: 74.88%, AUC: 0.75 [VAL] Loss: 0.6004, Accuracy: 72.00%, Precision: 0.69, Recall: 0.77, F1: 0.73, AUC: 0.72
Epoch [52/100] [TRAIN] Loss: 0.5681, Accuracy: 74.25%, AUC: 0.74 [VAL] Loss: 0.6000, Accuracy: 71.00%, Precision: 0.67, Recall: 0.77, F1: 0.72, AUC: 0.71
Epoch [53/100] [TRAIN] Loss: 0.5856, Accuracy: 76.00%, AUC: 0.76 [VAL] Loss: 0.5999, Accuracy: 71.00%, Precision: 0.67, Recall: 0.77, F1: 0.72, AUC: 0.71
Epoch [54/100] [TRAIN] Loss: 0.5708, Accuracy: 74.25%, AUC: 0.74 [VAL] Loss: 0.5996, Accuracy: 71.00%, Precision: 0.67, Recall: 0.77, F1: 0.72, AUC: 0.71
Epoch [55/100] [TRAIN] Loss: 0.5835, Accuracy: 74.38%, AUC: 0.74 [VAL] Loss: 0.5997, Accuracy: 71.00%, Precision: 0.67, Recall: 0.77, F1: 0.72, AUC: 0.71
Epoch [56/100] [TRAIN] Loss: 0.5948, Accuracy: 74.38%, AUC: 0.74 [VAL] Loss: 0.5995, Accuracy: 71.00%, Precision: 0.67, Recall: 0.77, F1: 0.72, AUC: 0.71
Epoch [57/100] [TRAIN] Loss: 0.5799, Accuracy: 74.38%, AUC: 0.74 [VAL] Loss: 0.5992, Accuracy: 72.00%, Precision: 0.69, Recall: 0.77, F1: 0.73, AUC: 0.72
Epoch [58/100] [TRAIN] Loss: 0.5666, Accuracy: 72.00%, AUC: 0.72 [VAL] Loss: 0.5989, Accuracy: 72.00%, Precision: 0.69, Recall: 0.77, F1: 0.73, AUC: 0.72
Epoch [59/100] [TRAIN] Loss: 0.5803, Accuracy: 75.25%, AUC: 0.75 [VAL] Loss: 0.5985, Accuracy: 72.00%, Precision: 0.69, Recall: 0.77, F1: 0.73, AUC: 0.72
Epoch [60/100] [TRAIN] Loss: 0.5813, Accuracy: 75.12%, AUC: 0.75 [VAL] Loss: 0.5984, Accuracy: 72.00%, Precision: 0.69, Recall: 0.77, F1: 0.73, AUC: 0.72
Epoch [61/100] [TRAIN] Loss: 0.5819, Accuracy: 73.12%, AUC: 0.73 [VAL] Loss: 0.5983, Accuracy: 72.00%, Precision: 0.69, Recall: 0.77, F1: 0.73, AUC: 0.72
Epoch [62/100] [TRAIN] Loss: 0.5836, Accuracy: 74.25%, AUC: 0.74 [VAL] Loss: 0.5980, Accuracy: 72.00%, Precision: 0.69, Recall: 0.77, F1: 0.73, AUC: 0.72
Epoch [63/100] [TRAIN] Loss: 0.5773, Accuracy: 74.75%, AUC: 0.75 [VAL] Loss: 0.5978, Accuracy: 71.00%, Precision: 0.67, Recall: 0.77, F1: 0.72, AUC: 0.71
Epoch [64/100] [TRAIN] Loss: 0.5704, Accuracy: 75.62%, AUC: 0.76 [VAL] Loss: 0.5977, Accuracy: 72.00%, Precision: 0.69, Recall: 0.77, F1: 0.73, AUC: 0.72
Epoch [65/100] [TRAIN] Loss: 0.5885, Accuracy: 73.38%, AUC: 0.73 [VAL] Loss: 0.5978, Accuracy: 72.00%, Precision: 0.69, Recall: 0.77, F1: 0.73, AUC: 0.72
Epoch [66/100] [TRAIN] Loss: 0.5704, Accuracy: 75.88%, AUC: 0.76 [VAL] Loss: 0.5977, Accuracy: 72.00%, Precision: 0.69, Recall: 0.77, F1: 0.73, AUC: 0.72
Epoch [67/100] [TRAIN] Loss: 0.5707, Accuracy: 75.12%, AUC: 0.75 [VAL] Loss: 0.5974, Accuracy: 71.00%, Precision: 0.67, Recall: 0.77, F1: 0.72, AUC: 0.71
Epoch [68/100] [TRAIN] Loss: 0.5819, Accuracy: 74.62%, AUC: 0.75 [VAL] Loss: 0.5973, Accuracy: 71.00%, Precision: 0.67, Recall: 0.77, F1: 0.72, AUC: 0.71
Epoch [69/100] [TRAIN] Loss: 0.5756, Accuracy: 75.12%, AUC: 0.75 [VAL] Loss: 0.5971, Accuracy: 71.00%, Precision: 0.67, Recall: 0.77, F1: 0.72, AUC: 0.71
Epoch [70/100] [TRAIN] Loss: 0.5817, Accuracy: 73.75%, AUC: 0.74 [VAL] Loss: 0.5974, Accuracy: 71.00%, Precision: 0.67, Recall: 0.77, F1: 0.72, AUC: 0.71
Epoch [71/100] [TRAIN] Loss: 0.5792, Accuracy: 76.12%, AUC: 0.76 [VAL] Loss: 0.5971, Accuracy: 71.00%, Precision: 0.67, Recall: 0.77, F1: 0.72, AUC: 0.71
Epoch [72/100] [TRAIN] Loss: 0.5623, Accuracy: 75.12%, AUC: 0.75 [VAL] Loss: 0.5969, Accuracy: 71.00%, Precision: 0.67, Recall: 0.77, F1: 0.72, AUC: 0.71
Epoch [73/100] [TRAIN] Loss: 0.5695, Accuracy: 76.62%, AUC: 0.77 [VAL] Loss: 0.5967, Accuracy: 71.00%, Precision: 0.67, Recall: 0.77, F1: 0.72, AUC: 0.71
Epoch [74/100] [TRAIN] Loss: 0.5758, Accuracy: 74.75%, AUC: 0.75 [VAL] Loss: 0.5966, Accuracy: 71.00%, Precision: 0.67, Recall: 0.77, F1: 0.72, AUC: 0.71
Epoch [75/100] [TRAIN] Loss: 0.5752, Accuracy: 73.50%, AUC: 0.73 [VAL] Loss: 0.5966, Accuracy: 72.00%, Precision: 0.69, Recall: 0.77, F1: 0.73, AUC: 0.72
Epoch [76/100] [TRAIN] Loss: 0.5816, Accuracy: 73.75%, AUC: 0.74 [VAL] Loss: 0.5964, Accuracy: 72.00%, Precision: 0.69, Recall: 0.77, F1: 0.73, AUC: 0.72
Epoch [77/100] [TRAIN] Loss: 0.5590, Accuracy: 74.62%, AUC: 0.75 [VAL] Loss: 0.5963, Accuracy: 72.00%, Precision: 0.69, Recall: 0.77, F1: 0.73, AUC: 0.72
Epoch [78/100] [TRAIN] Loss: 0.5751, Accuracy: 74.25%, AUC: 0.74 [VAL] Loss: 0.5961, Accuracy: 72.00%, Precision: 0.69, Recall: 0.77, F1: 0.73, AUC: 0.72
Epoch [79/100] [TRAIN] Loss: 0.5675, Accuracy: 74.50%, AUC: 0.74 [VAL] Loss: 0.5963, Accuracy: 72.00%, Precision: 0.69, Recall: 0.77, F1: 0.73, AUC: 0.72
Epoch [80/100] [TRAIN] Loss: 0.5647, Accuracy: 74.50%, AUC: 0.75 [VAL] Loss: 0.5962, Accuracy: 72.00%, Precision: 0.69, Recall: 0.77, F1: 0.73, AUC: 0.72
Epoch [81/100] [TRAIN] Loss: 0.5598, Accuracy: 74.50%, AUC: 0.74 [VAL] Loss: 0.5958, Accuracy: 71.00%, Precision: 0.68, Recall: 0.75, F1: 0.71, AUC: 0.71
Epoch [82/100] [TRAIN] Loss: 0.5724, Accuracy: 74.12%, AUC: 0.74 [VAL] Loss: 0.5959, Accuracy: 71.00%, Precision: 0.68, Recall: 0.75, F1: 0.71, AUC: 0.71
Epoch [83/100] [TRAIN] Loss: 0.5777, Accuracy: 74.00%, AUC: 0.74 [VAL] Loss: 0.5955, Accuracy: 71.00%, Precision: 0.68, Recall: 0.75, F1: 0.71, AUC: 0.71
Epoch [84/100] [TRAIN] Loss: 0.5683, Accuracy: 76.12%, AUC: 0.76 [VAL] Loss: 0.5953, Accuracy: 71.00%, Precision: 0.68, Recall: 0.75, F1: 0.71, AUC: 0.71
Epoch [85/100] [TRAIN] Loss: 0.5727, Accuracy: 74.25%, AUC: 0.74 [VAL] Loss: 0.5950, Accuracy: 72.00%, Precision: 0.69, Recall: 0.77, F1: 0.73, AUC: 0.72
Epoch [86/100] [TRAIN] Loss: 0.5624, Accuracy: 76.00%, AUC: 0.76 [VAL] Loss: 0.5951, Accuracy: 71.00%, Precision: 0.68, Recall: 0.75, F1: 0.71, AUC: 0.71
Epoch [87/100] [TRAIN] Loss: 0.5621, Accuracy: 76.12%, AUC: 0.76 [VAL] Loss: 0.5950, Accuracy: 71.00%, Precision: 0.68, Recall: 0.75, F1: 0.71, AUC: 0.71
Epoch [88/100] [TRAIN] Loss: 0.5632, Accuracy: 75.00%, AUC: 0.75 [VAL] Loss: 0.5949, Accuracy: 71.00%, Precision: 0.68, Recall: 0.75, F1: 0.71, AUC: 0.71
Epoch [89/100] [TRAIN] Loss: 0.5775, Accuracy: 74.50%, AUC: 0.75 [VAL] Loss: 0.5945, Accuracy: 71.00%, Precision: 0.68, Recall: 0.75, F1: 0.71, AUC: 0.71
Epoch [90/100] [TRAIN] Loss: 0.5757, Accuracy: 74.50%, AUC: 0.75 [VAL] Loss: 0.5943, Accuracy: 71.00%, Precision: 0.68, Recall: 0.75, F1: 0.71, AUC: 0.71
Epoch [91/100] [TRAIN] Loss: 0.5706, Accuracy: 74.38%, AUC: 0.74 [VAL] Loss: 0.5943, Accuracy: 71.00%, Precision: 0.68, Recall: 0.75, F1: 0.71, AUC: 0.71
Epoch [92/100] [TRAIN] Loss: 0.5587, Accuracy: 73.25%, AUC: 0.73 [VAL] Loss: 0.5940, Accuracy: 71.00%, Precision: 0.68, Recall: 0.75, F1: 0.71, AUC: 0.71
Epoch [93/100] [TRAIN] Loss: 0.5753, Accuracy: 73.88%, AUC: 0.74 [VAL] Loss: 0.5939, Accuracy: 71.00%, Precision: 0.68, Recall: 0.75, F1: 0.71, AUC: 0.71
Epoch [94/100] [TRAIN] Loss: 0.5560, Accuracy: 76.38%, AUC: 0.76 [VAL] Loss: 0.5939, Accuracy: 71.00%, Precision: 0.68, Recall: 0.75, F1: 0.71, AUC: 0.71
Epoch [95/100] [TRAIN] Loss: 0.5702, Accuracy: 75.12%, AUC: 0.75 [VAL] Loss: 0.5941, Accuracy: 71.00%, Precision: 0.68, Recall: 0.75, F1: 0.71, AUC: 0.71
Epoch [96/100] [TRAIN] Loss: 0.5674, Accuracy: 75.38%, AUC: 0.75 [VAL] Loss: 0.5937, Accuracy: 71.00%, Precision: 0.68, Recall: 0.75, F1: 0.71, AUC: 0.71
Epoch [97/100] [TRAIN] Loss: 0.5560, Accuracy: 75.25%, AUC: 0.75 [VAL] Loss: 0.5937, Accuracy: 71.00%, Precision: 0.68, Recall: 0.75, F1: 0.71, AUC: 0.71
Epoch [98/100] [TRAIN] Loss: 0.5564, Accuracy: 76.12%, AUC: 0.76 [VAL] Loss: 0.5938, Accuracy: 71.00%, Precision: 0.68, Recall: 0.75, F1: 0.71, AUC: 0.71
Epoch [99/100] [TRAIN] Loss: 0.5557, Accuracy: 74.88%, AUC: 0.75 [VAL] Loss: 0.5937, Accuracy: 71.00%, Precision: 0.68, Recall: 0.75, F1: 0.71, AUC: 0.71
Epoch [100/100] [TRAIN] Loss: 0.5595, Accuracy: 76.00%, AUC: 0.76 [VAL] Loss: 0.5938, Accuracy: 71.00%, Precision: 0.68, Recall: 0.75, F1: 0.71, AUC: 0.71
Seed: 1011
Accuracy:  71.00 %
AUC:       0.7113
Precision: 0.6458
Recall:    0.7209
F1-Score:  0.6813

Detailed Classification Report:
              precision    recall  f1-score   support

           0       0.77      0.70      0.73        57
           1       0.65      0.72      0.68        43

    accuracy                           0.71       100
   macro avg       0.71      0.71      0.71       100
weighted avg       0.72      0.71      0.71       100


Confusion Matrix:
[[40 17]
 [12 31]]


022-H3K9ac-H3K9me3-H3K27me3
Train label distribution:
  Label 0:    422 (52.8%)
  Label 1:    378 (47.2%)
Val label distribution:
  Label 0:     52 (52.0%)
  Label 1:     48 (48.0%)
Test label distribution:
  Label 0:     57 (57.0%)
  Label 1:     43 (43.0%)
Epoch [1/100] [TRAIN] Loss: 0.7143, Accuracy: 55.75%, AUC: 0.56 [VAL] Loss: 0.6994, Accuracy: 61.00%, Precision: 0.58, Recall: 0.71, F1: 0.64, AUC: 0.61
Epoch [2/100] [TRAIN] Loss: 0.7022, Accuracy: 60.75%, AUC: 0.61 [VAL] Loss: 0.6937, Accuracy: 66.00%, Precision: 0.62, Recall: 0.75, F1: 0.68, AUC: 0.66
Epoch [3/100] [TRAIN] Loss: 0.6955, Accuracy: 63.12%, AUC: 0.63 [VAL] Loss: 0.6875, Accuracy: 69.00%, Precision: 0.64, Recall: 0.79, F1: 0.71, AUC: 0.69
Epoch [4/100] [TRAIN] Loss: 0.6933, Accuracy: 64.25%, AUC: 0.64 [VAL] Loss: 0.6816, Accuracy: 70.00%, Precision: 0.66, Recall: 0.79, F1: 0.72, AUC: 0.70
Epoch [5/100] [TRAIN] Loss: 0.6782, Accuracy: 66.50%, AUC: 0.66 [VAL] Loss: 0.6759, Accuracy: 70.00%, Precision: 0.66, Recall: 0.79, F1: 0.72, AUC: 0.70
Epoch [6/100] [TRAIN] Loss: 0.6843, Accuracy: 64.38%, AUC: 0.64 [VAL] Loss: 0.6703, Accuracy: 71.00%, Precision: 0.67, Recall: 0.79, F1: 0.72, AUC: 0.71
Epoch [7/100] [TRAIN] Loss: 0.6669, Accuracy: 66.12%, AUC: 0.66 [VAL] Loss: 0.6644, Accuracy: 71.00%, Precision: 0.67, Recall: 0.77, F1: 0.72, AUC: 0.71
Epoch [8/100] [TRAIN] Loss: 0.6650, Accuracy: 68.38%, AUC: 0.68 [VAL] Loss: 0.6588, Accuracy: 71.00%, Precision: 0.67, Recall: 0.77, F1: 0.72, AUC: 0.71
Epoch [9/100] [TRAIN] Loss: 0.6598, Accuracy: 68.12%, AUC: 0.68 [VAL] Loss: 0.6531, Accuracy: 71.00%, Precision: 0.67, Recall: 0.77, F1: 0.72, AUC: 0.71
Epoch [10/100] [TRAIN] Loss: 0.6605, Accuracy: 68.38%, AUC: 0.68 [VAL] Loss: 0.6479, Accuracy: 69.00%, Precision: 0.65, Recall: 0.77, F1: 0.70, AUC: 0.69
Epoch [11/100] [TRAIN] Loss: 0.6578, Accuracy: 68.75%, AUC: 0.69 [VAL] Loss: 0.6428, Accuracy: 71.00%, Precision: 0.67, Recall: 0.77, F1: 0.72, AUC: 0.71
Epoch [12/100] [TRAIN] Loss: 0.6529, Accuracy: 69.38%, AUC: 0.69 [VAL] Loss: 0.6379, Accuracy: 71.00%, Precision: 0.67, Recall: 0.77, F1: 0.72, AUC: 0.71
Epoch [13/100] [TRAIN] Loss: 0.6413, Accuracy: 70.75%, AUC: 0.71 [VAL] Loss: 0.6327, Accuracy: 71.00%, Precision: 0.67, Recall: 0.77, F1: 0.72, AUC: 0.71
Epoch [14/100] [TRAIN] Loss: 0.6363, Accuracy: 69.25%, AUC: 0.69 [VAL] Loss: 0.6280, Accuracy: 71.00%, Precision: 0.67, Recall: 0.77, F1: 0.72, AUC: 0.71
Epoch [15/100] [TRAIN] Loss: 0.6342, Accuracy: 69.50%, AUC: 0.69 [VAL] Loss: 0.6234, Accuracy: 71.00%, Precision: 0.67, Recall: 0.77, F1: 0.72, AUC: 0.71
Epoch [16/100] [TRAIN] Loss: 0.6306, Accuracy: 70.62%, AUC: 0.71 [VAL] Loss: 0.6195, Accuracy: 70.00%, Precision: 0.67, Recall: 0.75, F1: 0.71, AUC: 0.70
Epoch [17/100] [TRAIN] Loss: 0.6198, Accuracy: 72.12%, AUC: 0.72 [VAL] Loss: 0.6160, Accuracy: 70.00%, Precision: 0.67, Recall: 0.75, F1: 0.71, AUC: 0.70
Epoch [18/100] [TRAIN] Loss: 0.6124, Accuracy: 71.50%, AUC: 0.71 [VAL] Loss: 0.6119, Accuracy: 70.00%, Precision: 0.67, Recall: 0.75, F1: 0.71, AUC: 0.70
Epoch [19/100] [TRAIN] Loss: 0.6196, Accuracy: 70.75%, AUC: 0.71 [VAL] Loss: 0.6084, Accuracy: 70.00%, Precision: 0.67, Recall: 0.75, F1: 0.71, AUC: 0.70
Epoch [20/100] [TRAIN] Loss: 0.6202, Accuracy: 70.62%, AUC: 0.71 [VAL] Loss: 0.6056, Accuracy: 70.00%, Precision: 0.67, Recall: 0.75, F1: 0.71, AUC: 0.70
Epoch [21/100] [TRAIN] Loss: 0.6149, Accuracy: 70.00%, AUC: 0.70 [VAL] Loss: 0.6024, Accuracy: 70.00%, Precision: 0.67, Recall: 0.75, F1: 0.71, AUC: 0.70
Epoch [22/100] [TRAIN] Loss: 0.6150, Accuracy: 70.25%, AUC: 0.70 [VAL] Loss: 0.5999, Accuracy: 70.00%, Precision: 0.67, Recall: 0.75, F1: 0.71, AUC: 0.70
Epoch [23/100] [TRAIN] Loss: 0.6110, Accuracy: 70.12%, AUC: 0.70 [VAL] Loss: 0.5975, Accuracy: 70.00%, Precision: 0.67, Recall: 0.75, F1: 0.71, AUC: 0.70
Epoch [24/100] [TRAIN] Loss: 0.6107, Accuracy: 69.25%, AUC: 0.69 [VAL] Loss: 0.5954, Accuracy: 70.00%, Precision: 0.67, Recall: 0.75, F1: 0.71, AUC: 0.70
Epoch [25/100] [TRAIN] Loss: 0.6016, Accuracy: 72.38%, AUC: 0.72 [VAL] Loss: 0.5933, Accuracy: 70.00%, Precision: 0.67, Recall: 0.75, F1: 0.71, AUC: 0.70
Epoch [26/100] [TRAIN] Loss: 0.6002, Accuracy: 71.00%, AUC: 0.71 [VAL] Loss: 0.5914, Accuracy: 70.00%, Precision: 0.67, Recall: 0.75, F1: 0.71, AUC: 0.70
Epoch [27/100] [TRAIN] Loss: 0.5986, Accuracy: 72.25%, AUC: 0.72 [VAL] Loss: 0.5892, Accuracy: 70.00%, Precision: 0.67, Recall: 0.75, F1: 0.71, AUC: 0.70
Epoch [28/100] [TRAIN] Loss: 0.6088, Accuracy: 69.50%, AUC: 0.69 [VAL] Loss: 0.5879, Accuracy: 70.00%, Precision: 0.67, Recall: 0.75, F1: 0.71, AUC: 0.70
Epoch [29/100] [TRAIN] Loss: 0.6019, Accuracy: 72.00%, AUC: 0.72 [VAL] Loss: 0.5864, Accuracy: 70.00%, Precision: 0.67, Recall: 0.75, F1: 0.71, AUC: 0.70
Epoch [30/100] [TRAIN] Loss: 0.5845, Accuracy: 71.62%, AUC: 0.72 [VAL] Loss: 0.5850, Accuracy: 70.00%, Precision: 0.67, Recall: 0.75, F1: 0.71, AUC: 0.70
Epoch [31/100] [TRAIN] Loss: 0.5873, Accuracy: 73.50%, AUC: 0.74 [VAL] Loss: 0.5834, Accuracy: 70.00%, Precision: 0.67, Recall: 0.75, F1: 0.71, AUC: 0.70
Epoch [32/100] [TRAIN] Loss: 0.5848, Accuracy: 73.00%, AUC: 0.73 [VAL] Loss: 0.5823, Accuracy: 70.00%, Precision: 0.67, Recall: 0.75, F1: 0.71, AUC: 0.70
Epoch [33/100] [TRAIN] Loss: 0.5882, Accuracy: 72.50%, AUC: 0.72 [VAL] Loss: 0.5812, Accuracy: 70.00%, Precision: 0.67, Recall: 0.75, F1: 0.71, AUC: 0.70
Epoch [34/100] [TRAIN] Loss: 0.5873, Accuracy: 72.75%, AUC: 0.73 [VAL] Loss: 0.5802, Accuracy: 70.00%, Precision: 0.67, Recall: 0.75, F1: 0.71, AUC: 0.70
Epoch [35/100] [TRAIN] Loss: 0.5883, Accuracy: 71.00%, AUC: 0.71 [VAL] Loss: 0.5793, Accuracy: 70.00%, Precision: 0.67, Recall: 0.75, F1: 0.71, AUC: 0.70
Epoch [36/100] [TRAIN] Loss: 0.5732, Accuracy: 74.38%, AUC: 0.74 [VAL] Loss: 0.5784, Accuracy: 70.00%, Precision: 0.67, Recall: 0.75, F1: 0.71, AUC: 0.70
Epoch [37/100] [TRAIN] Loss: 0.5753, Accuracy: 72.50%, AUC: 0.73 [VAL] Loss: 0.5776, Accuracy: 70.00%, Precision: 0.67, Recall: 0.75, F1: 0.71, AUC: 0.70
Epoch [38/100] [TRAIN] Loss: 0.5888, Accuracy: 70.25%, AUC: 0.70 [VAL] Loss: 0.5769, Accuracy: 70.00%, Precision: 0.67, Recall: 0.75, F1: 0.71, AUC: 0.70
Epoch [39/100] [TRAIN] Loss: 0.5750, Accuracy: 71.88%, AUC: 0.72 [VAL] Loss: 0.5764, Accuracy: 70.00%, Precision: 0.67, Recall: 0.75, F1: 0.71, AUC: 0.70
Epoch [40/100] [TRAIN] Loss: 0.5807, Accuracy: 73.12%, AUC: 0.73 [VAL] Loss: 0.5758, Accuracy: 70.00%, Precision: 0.67, Recall: 0.75, F1: 0.71, AUC: 0.70
Epoch [41/100] [TRAIN] Loss: 0.5787, Accuracy: 72.75%, AUC: 0.73 [VAL] Loss: 0.5753, Accuracy: 70.00%, Precision: 0.67, Recall: 0.75, F1: 0.71, AUC: 0.70
Epoch [42/100] [TRAIN] Loss: 0.5786, Accuracy: 74.25%, AUC: 0.74 [VAL] Loss: 0.5748, Accuracy: 70.00%, Precision: 0.67, Recall: 0.75, F1: 0.71, AUC: 0.70
Epoch [43/100] [TRAIN] Loss: 0.5729, Accuracy: 71.38%, AUC: 0.71 [VAL] Loss: 0.5744, Accuracy: 70.00%, Precision: 0.67, Recall: 0.75, F1: 0.71, AUC: 0.70
Epoch [44/100] [TRAIN] Loss: 0.5812, Accuracy: 73.25%, AUC: 0.73 [VAL] Loss: 0.5740, Accuracy: 70.00%, Precision: 0.67, Recall: 0.75, F1: 0.71, AUC: 0.70
Epoch [45/100] [TRAIN] Loss: 0.5981, Accuracy: 72.00%, AUC: 0.72 [VAL] Loss: 0.5738, Accuracy: 70.00%, Precision: 0.67, Recall: 0.75, F1: 0.71, AUC: 0.70
Epoch [46/100] [TRAIN] Loss: 0.5746, Accuracy: 71.38%, AUC: 0.71 [VAL] Loss: 0.5735, Accuracy: 70.00%, Precision: 0.67, Recall: 0.75, F1: 0.71, AUC: 0.70
Epoch [47/100] [TRAIN] Loss: 0.5666, Accuracy: 73.12%, AUC: 0.73 [VAL] Loss: 0.5732, Accuracy: 70.00%, Precision: 0.67, Recall: 0.75, F1: 0.71, AUC: 0.70
Epoch [48/100] [TRAIN] Loss: 0.5693, Accuracy: 72.62%, AUC: 0.73 [VAL] Loss: 0.5728, Accuracy: 70.00%, Precision: 0.67, Recall: 0.75, F1: 0.71, AUC: 0.70
Epoch [49/100] [TRAIN] Loss: 0.5737, Accuracy: 72.62%, AUC: 0.73 [VAL] Loss: 0.5725, Accuracy: 70.00%, Precision: 0.67, Recall: 0.75, F1: 0.71, AUC: 0.70
Epoch [50/100] [TRAIN] Loss: 0.5634, Accuracy: 71.75%, AUC: 0.72 [VAL] Loss: 0.5722, Accuracy: 70.00%, Precision: 0.67, Recall: 0.75, F1: 0.71, AUC: 0.70
Epoch [51/100] [TRAIN] Loss: 0.5755, Accuracy: 73.12%, AUC: 0.73 [VAL] Loss: 0.5719, Accuracy: 70.00%, Precision: 0.67, Recall: 0.75, F1: 0.71, AUC: 0.70
Epoch [52/100] [TRAIN] Loss: 0.5872, Accuracy: 72.25%, AUC: 0.72 [VAL] Loss: 0.5718, Accuracy: 70.00%, Precision: 0.67, Recall: 0.75, F1: 0.71, AUC: 0.70
Epoch [53/100] [TRAIN] Loss: 0.5932, Accuracy: 71.00%, AUC: 0.71 [VAL] Loss: 0.5717, Accuracy: 70.00%, Precision: 0.67, Recall: 0.75, F1: 0.71, AUC: 0.70
Epoch [54/100] [TRAIN] Loss: 0.5758, Accuracy: 73.25%, AUC: 0.73 [VAL] Loss: 0.5716, Accuracy: 70.00%, Precision: 0.67, Recall: 0.75, F1: 0.71, AUC: 0.70
Epoch [55/100] [TRAIN] Loss: 0.5788, Accuracy: 72.12%, AUC: 0.72 [VAL] Loss: 0.5715, Accuracy: 70.00%, Precision: 0.67, Recall: 0.75, F1: 0.71, AUC: 0.70
Epoch [56/100] [TRAIN] Loss: 0.5824, Accuracy: 72.12%, AUC: 0.72 [VAL] Loss: 0.5713, Accuracy: 70.00%, Precision: 0.67, Recall: 0.75, F1: 0.71, AUC: 0.70
Epoch [57/100] [TRAIN] Loss: 0.5702, Accuracy: 72.00%, AUC: 0.72 [VAL] Loss: 0.5712, Accuracy: 70.00%, Precision: 0.67, Recall: 0.75, F1: 0.71, AUC: 0.70
Epoch [58/100] [TRAIN] Loss: 0.5744, Accuracy: 72.12%, AUC: 0.72 [VAL] Loss: 0.5710, Accuracy: 70.00%, Precision: 0.67, Recall: 0.75, F1: 0.71, AUC: 0.70
Epoch [59/100] [TRAIN] Loss: 0.5756, Accuracy: 74.00%, AUC: 0.74 [VAL] Loss: 0.5709, Accuracy: 70.00%, Precision: 0.67, Recall: 0.75, F1: 0.71, AUC: 0.70
Epoch [60/100] [TRAIN] Loss: 0.5730, Accuracy: 71.25%, AUC: 0.71 [VAL] Loss: 0.5709, Accuracy: 70.00%, Precision: 0.67, Recall: 0.75, F1: 0.71, AUC: 0.70
Epoch [61/100] [TRAIN] Loss: 0.5730, Accuracy: 73.00%, AUC: 0.73 [VAL] Loss: 0.5708, Accuracy: 70.00%, Precision: 0.67, Recall: 0.75, F1: 0.71, AUC: 0.70
Epoch [62/100] [TRAIN] Loss: 0.5650, Accuracy: 75.00%, AUC: 0.75 [VAL] Loss: 0.5707, Accuracy: 70.00%, Precision: 0.67, Recall: 0.75, F1: 0.71, AUC: 0.70
Epoch [63/100] [TRAIN] Loss: 0.5858, Accuracy: 71.62%, AUC: 0.72 [VAL] Loss: 0.5707, Accuracy: 70.00%, Precision: 0.67, Recall: 0.75, F1: 0.71, AUC: 0.70
Epoch [64/100] [TRAIN] Loss: 0.5702, Accuracy: 73.12%, AUC: 0.73 [VAL] Loss: 0.5707, Accuracy: 70.00%, Precision: 0.67, Recall: 0.75, F1: 0.71, AUC: 0.70
Epoch [65/100] [TRAIN] Loss: 0.5642, Accuracy: 73.50%, AUC: 0.73 [VAL] Loss: 0.5706, Accuracy: 70.00%, Precision: 0.67, Recall: 0.75, F1: 0.71, AUC: 0.70
Epoch [66/100] [TRAIN] Loss: 0.5741, Accuracy: 73.12%, AUC: 0.73 [VAL] Loss: 0.5705, Accuracy: 70.00%, Precision: 0.67, Recall: 0.75, F1: 0.71, AUC: 0.70
Epoch [67/100] [TRAIN] Loss: 0.5726, Accuracy: 73.50%, AUC: 0.73 [VAL] Loss: 0.5704, Accuracy: 70.00%, Precision: 0.67, Recall: 0.75, F1: 0.71, AUC: 0.70
Epoch [68/100] [TRAIN] Loss: 0.5836, Accuracy: 70.50%, AUC: 0.70 [VAL] Loss: 0.5704, Accuracy: 70.00%, Precision: 0.67, Recall: 0.75, F1: 0.71, AUC: 0.70
Epoch [69/100] [TRAIN] Loss: 0.5773, Accuracy: 72.88%, AUC: 0.73 [VAL] Loss: 0.5704, Accuracy: 70.00%, Precision: 0.67, Recall: 0.75, F1: 0.71, AUC: 0.70
Epoch [70/100] [TRAIN] Loss: 0.5745, Accuracy: 72.25%, AUC: 0.72 [VAL] Loss: 0.5703, Accuracy: 70.00%, Precision: 0.67, Recall: 0.75, F1: 0.71, AUC: 0.70
Epoch [71/100] [TRAIN] Loss: 0.5725, Accuracy: 72.88%, AUC: 0.73 [VAL] Loss: 0.5703, Accuracy: 70.00%, Precision: 0.67, Recall: 0.75, F1: 0.71, AUC: 0.70
Epoch [72/100] [TRAIN] Loss: 0.5604, Accuracy: 73.00%, AUC: 0.73 [VAL] Loss: 0.5702, Accuracy: 70.00%, Precision: 0.67, Recall: 0.75, F1: 0.71, AUC: 0.70
Epoch [73/100] [TRAIN] Loss: 0.5639, Accuracy: 72.25%, AUC: 0.72 [VAL] Loss: 0.5700, Accuracy: 70.00%, Precision: 0.67, Recall: 0.75, F1: 0.71, AUC: 0.70
Epoch [74/100] [TRAIN] Loss: 0.5641, Accuracy: 72.00%, AUC: 0.72 [VAL] Loss: 0.5700, Accuracy: 70.00%, Precision: 0.67, Recall: 0.75, F1: 0.71, AUC: 0.70
Epoch [75/100] [TRAIN] Loss: 0.5703, Accuracy: 72.50%, AUC: 0.72 [VAL] Loss: 0.5700, Accuracy: 70.00%, Precision: 0.67, Recall: 0.75, F1: 0.71, AUC: 0.70
Epoch [76/100] [TRAIN] Loss: 0.5713, Accuracy: 74.75%, AUC: 0.75 [VAL] Loss: 0.5698, Accuracy: 70.00%, Precision: 0.67, Recall: 0.75, F1: 0.71, AUC: 0.70
Epoch [77/100] [TRAIN] Loss: 0.5766, Accuracy: 72.62%, AUC: 0.73 [VAL] Loss: 0.5698, Accuracy: 70.00%, Precision: 0.67, Recall: 0.75, F1: 0.71, AUC: 0.70
Epoch [78/100] [TRAIN] Loss: 0.5721, Accuracy: 74.00%, AUC: 0.74 [VAL] Loss: 0.5698, Accuracy: 70.00%, Precision: 0.67, Recall: 0.75, F1: 0.71, AUC: 0.70
Epoch [79/100] [TRAIN] Loss: 0.5710, Accuracy: 72.50%, AUC: 0.72 [VAL] Loss: 0.5697, Accuracy: 70.00%, Precision: 0.67, Recall: 0.75, F1: 0.71, AUC: 0.70
Epoch [80/100] [TRAIN] Loss: 0.5716, Accuracy: 73.12%, AUC: 0.73 [VAL] Loss: 0.5695, Accuracy: 70.00%, Precision: 0.67, Recall: 0.75, F1: 0.71, AUC: 0.70
Epoch [81/100] [TRAIN] Loss: 0.5757, Accuracy: 72.88%, AUC: 0.73 [VAL] Loss: 0.5695, Accuracy: 70.00%, Precision: 0.67, Recall: 0.75, F1: 0.71, AUC: 0.70
Epoch [82/100] [TRAIN] Loss: 0.5669, Accuracy: 73.00%, AUC: 0.73 [VAL] Loss: 0.5695, Accuracy: 70.00%, Precision: 0.67, Recall: 0.75, F1: 0.71, AUC: 0.70
Epoch [83/100] [TRAIN] Loss: 0.5428, Accuracy: 74.62%, AUC: 0.75 [VAL] Loss: 0.5693, Accuracy: 70.00%, Precision: 0.67, Recall: 0.75, F1: 0.71, AUC: 0.70
Epoch [84/100] [TRAIN] Loss: 0.5777, Accuracy: 72.50%, AUC: 0.72 [VAL] Loss: 0.5692, Accuracy: 70.00%, Precision: 0.67, Recall: 0.75, F1: 0.71, AUC: 0.70
Epoch [85/100] [TRAIN] Loss: 0.5727, Accuracy: 71.88%, AUC: 0.72 [VAL] Loss: 0.5692, Accuracy: 70.00%, Precision: 0.67, Recall: 0.75, F1: 0.71, AUC: 0.70
Epoch [86/100] [TRAIN] Loss: 0.5569, Accuracy: 74.25%, AUC: 0.74 [VAL] Loss: 0.5691, Accuracy: 70.00%, Precision: 0.67, Recall: 0.75, F1: 0.71, AUC: 0.70
Epoch [87/100] [TRAIN] Loss: 0.5535, Accuracy: 73.62%, AUC: 0.74 [VAL] Loss: 0.5691, Accuracy: 70.00%, Precision: 0.67, Recall: 0.75, F1: 0.71, AUC: 0.70
Epoch [88/100] [TRAIN] Loss: 0.5669, Accuracy: 73.00%, AUC: 0.73 [VAL] Loss: 0.5690, Accuracy: 70.00%, Precision: 0.67, Recall: 0.75, F1: 0.71, AUC: 0.70
Epoch [89/100] [TRAIN] Loss: 0.5684, Accuracy: 71.88%, AUC: 0.72 [VAL] Loss: 0.5688, Accuracy: 70.00%, Precision: 0.67, Recall: 0.75, F1: 0.71, AUC: 0.70
Epoch [90/100] [TRAIN] Loss: 0.5647, Accuracy: 72.25%, AUC: 0.72 [VAL] Loss: 0.5688, Accuracy: 70.00%, Precision: 0.67, Recall: 0.75, F1: 0.71, AUC: 0.70
Epoch [91/100] [TRAIN] Loss: 0.5754, Accuracy: 70.00%, AUC: 0.70 [VAL] Loss: 0.5687, Accuracy: 70.00%, Precision: 0.67, Recall: 0.75, F1: 0.71, AUC: 0.70
Epoch [92/100] [TRAIN] Loss: 0.5592, Accuracy: 73.25%, AUC: 0.73 [VAL] Loss: 0.5687, Accuracy: 70.00%, Precision: 0.67, Recall: 0.75, F1: 0.71, AUC: 0.70
Epoch [93/100] [TRAIN] Loss: 0.5624, Accuracy: 73.62%, AUC: 0.74 [VAL] Loss: 0.5686, Accuracy: 70.00%, Precision: 0.67, Recall: 0.75, F1: 0.71, AUC: 0.70
Epoch [94/100] [TRAIN] Loss: 0.5671, Accuracy: 73.12%, AUC: 0.73 [VAL] Loss: 0.5685, Accuracy: 70.00%, Precision: 0.67, Recall: 0.75, F1: 0.71, AUC: 0.70
Epoch [95/100] [TRAIN] Loss: 0.5492, Accuracy: 73.00%, AUC: 0.73 [VAL] Loss: 0.5686, Accuracy: 70.00%, Precision: 0.67, Recall: 0.75, F1: 0.71, AUC: 0.70
Epoch [96/100] [TRAIN] Loss: 0.5714, Accuracy: 71.88%, AUC: 0.72 [VAL] Loss: 0.5686, Accuracy: 70.00%, Precision: 0.67, Recall: 0.75, F1: 0.71, AUC: 0.70
Epoch [97/100] [TRAIN] Loss: 0.5567, Accuracy: 73.50%, AUC: 0.73 [VAL] Loss: 0.5685, Accuracy: 70.00%, Precision: 0.67, Recall: 0.75, F1: 0.71, AUC: 0.70
Epoch [98/100] [TRAIN] Loss: 0.5631, Accuracy: 74.38%, AUC: 0.74 [VAL] Loss: 0.5685, Accuracy: 70.00%, Precision: 0.67, Recall: 0.75, F1: 0.71, AUC: 0.70
Epoch [99/100] [TRAIN] Loss: 0.5754, Accuracy: 71.62%, AUC: 0.72 [VAL] Loss: 0.5684, Accuracy: 70.00%, Precision: 0.67, Recall: 0.75, F1: 0.71, AUC: 0.70
Epoch [100/100] [TRAIN] Loss: 0.5715, Accuracy: 71.88%, AUC: 0.72 [VAL] Loss: 0.5683, Accuracy: 70.00%, Precision: 0.67, Recall: 0.75, F1: 0.71, AUC: 0.70
Seed: 1011
Accuracy:  70.00 %
AUC:       0.7083
Precision: 0.6226
Recall:    0.7674
F1-Score:  0.6875

Detailed Classification Report:
              precision    recall  f1-score   support

           0       0.79      0.65      0.71        57
           1       0.62      0.77      0.69        43

    accuracy                           0.70       100
   macro avg       0.70      0.71      0.70       100
weighted avg       0.72      0.70      0.70       100


Confusion Matrix:
[[37 20]
 [10 33]]


023-H3K9ac-H3K27ac-H3K27me3
Train label distribution:
  Label 0:    422 (52.8%)
  Label 1:    378 (47.2%)
Val label distribution:
  Label 0:     52 (52.0%)
  Label 1:     48 (48.0%)
Test label distribution:
  Label 0:     57 (57.0%)
  Label 1:     43 (43.0%)
Epoch [1/100] [TRAIN] Loss: 0.7061, Accuracy: 59.00%, AUC: 0.59 [VAL] Loss: 0.6860, Accuracy: 64.00%, Precision: 0.62, Recall: 0.62, F1: 0.62, AUC: 0.64
Epoch [2/100] [TRAIN] Loss: 0.6974, Accuracy: 59.62%, AUC: 0.60 [VAL] Loss: 0.6564, Accuracy: 68.00%, Precision: 0.66, Recall: 0.69, F1: 0.67, AUC: 0.68
Epoch [3/100] [TRAIN] Loss: 0.6599, Accuracy: 66.25%, AUC: 0.66 [VAL] Loss: 0.6381, Accuracy: 70.00%, Precision: 0.67, Recall: 0.75, F1: 0.71, AUC: 0.70
Epoch [4/100] [TRAIN] Loss: 0.6453, Accuracy: 69.00%, AUC: 0.69 [VAL] Loss: 0.6264, Accuracy: 72.00%, Precision: 0.69, Recall: 0.77, F1: 0.73, AUC: 0.72
Epoch [5/100] [TRAIN] Loss: 0.6470, Accuracy: 69.50%, AUC: 0.70 [VAL] Loss: 0.6181, Accuracy: 73.00%, Precision: 0.70, Recall: 0.77, F1: 0.73, AUC: 0.73
Epoch [6/100] [TRAIN] Loss: 0.6338, Accuracy: 72.00%, AUC: 0.72 [VAL] Loss: 0.6113, Accuracy: 73.00%, Precision: 0.70, Recall: 0.77, F1: 0.73, AUC: 0.73
Epoch [7/100] [TRAIN] Loss: 0.6249, Accuracy: 70.50%, AUC: 0.71 [VAL] Loss: 0.6071, Accuracy: 73.00%, Precision: 0.70, Recall: 0.77, F1: 0.73, AUC: 0.73
Epoch [8/100] [TRAIN] Loss: 0.6214, Accuracy: 71.38%, AUC: 0.71 [VAL] Loss: 0.6032, Accuracy: 73.00%, Precision: 0.70, Recall: 0.77, F1: 0.73, AUC: 0.73
Epoch [9/100] [TRAIN] Loss: 0.6177, Accuracy: 72.38%, AUC: 0.72 [VAL] Loss: 0.6005, Accuracy: 72.00%, Precision: 0.69, Recall: 0.77, F1: 0.73, AUC: 0.72
Epoch [10/100] [TRAIN] Loss: 0.6059, Accuracy: 72.75%, AUC: 0.73 [VAL] Loss: 0.5985, Accuracy: 72.00%, Precision: 0.69, Recall: 0.77, F1: 0.73, AUC: 0.72
Epoch [11/100] [TRAIN] Loss: 0.6199, Accuracy: 72.38%, AUC: 0.72 [VAL] Loss: 0.5970, Accuracy: 72.00%, Precision: 0.69, Recall: 0.77, F1: 0.73, AUC: 0.72
Epoch [12/100] [TRAIN] Loss: 0.6145, Accuracy: 71.75%, AUC: 0.72 [VAL] Loss: 0.5961, Accuracy: 72.00%, Precision: 0.69, Recall: 0.77, F1: 0.73, AUC: 0.72
Epoch [13/100] [TRAIN] Loss: 0.5901, Accuracy: 73.38%, AUC: 0.73 [VAL] Loss: 0.5948, Accuracy: 73.00%, Precision: 0.69, Recall: 0.79, F1: 0.74, AUC: 0.73
Epoch [14/100] [TRAIN] Loss: 0.6059, Accuracy: 72.38%, AUC: 0.72 [VAL] Loss: 0.5942, Accuracy: 73.00%, Precision: 0.69, Recall: 0.79, F1: 0.74, AUC: 0.73
Epoch [15/100] [TRAIN] Loss: 0.6016, Accuracy: 74.12%, AUC: 0.74 [VAL] Loss: 0.5934, Accuracy: 73.00%, Precision: 0.69, Recall: 0.79, F1: 0.74, AUC: 0.73
Epoch [16/100] [TRAIN] Loss: 0.5910, Accuracy: 73.88%, AUC: 0.74 [VAL] Loss: 0.5923, Accuracy: 73.00%, Precision: 0.69, Recall: 0.79, F1: 0.74, AUC: 0.73
Epoch [17/100] [TRAIN] Loss: 0.6072, Accuracy: 74.38%, AUC: 0.74 [VAL] Loss: 0.5917, Accuracy: 73.00%, Precision: 0.69, Recall: 0.79, F1: 0.74, AUC: 0.73
Epoch [18/100] [TRAIN] Loss: 0.5987, Accuracy: 73.00%, AUC: 0.73 [VAL] Loss: 0.5912, Accuracy: 73.00%, Precision: 0.69, Recall: 0.79, F1: 0.74, AUC: 0.73
Epoch [19/100] [TRAIN] Loss: 0.5854, Accuracy: 73.50%, AUC: 0.74 [VAL] Loss: 0.5906, Accuracy: 73.00%, Precision: 0.69, Recall: 0.79, F1: 0.74, AUC: 0.73
Epoch [20/100] [TRAIN] Loss: 0.5986, Accuracy: 73.00%, AUC: 0.73 [VAL] Loss: 0.5899, Accuracy: 73.00%, Precision: 0.69, Recall: 0.79, F1: 0.74, AUC: 0.73
Epoch [21/100] [TRAIN] Loss: 0.5961, Accuracy: 75.25%, AUC: 0.75 [VAL] Loss: 0.5894, Accuracy: 73.00%, Precision: 0.69, Recall: 0.79, F1: 0.74, AUC: 0.73
Epoch [22/100] [TRAIN] Loss: 0.5913, Accuracy: 73.75%, AUC: 0.74 [VAL] Loss: 0.5891, Accuracy: 73.00%, Precision: 0.69, Recall: 0.79, F1: 0.74, AUC: 0.73
Epoch [23/100] [TRAIN] Loss: 0.5867, Accuracy: 74.00%, AUC: 0.74 [VAL] Loss: 0.5885, Accuracy: 73.00%, Precision: 0.69, Recall: 0.79, F1: 0.74, AUC: 0.73
Epoch [24/100] [TRAIN] Loss: 0.5762, Accuracy: 74.88%, AUC: 0.75 [VAL] Loss: 0.5881, Accuracy: 73.00%, Precision: 0.69, Recall: 0.79, F1: 0.74, AUC: 0.73
Epoch [25/100] [TRAIN] Loss: 0.5844, Accuracy: 72.50%, AUC: 0.73 [VAL] Loss: 0.5879, Accuracy: 73.00%, Precision: 0.69, Recall: 0.79, F1: 0.74, AUC: 0.73
Epoch [26/100] [TRAIN] Loss: 0.5929, Accuracy: 73.38%, AUC: 0.73 [VAL] Loss: 0.5875, Accuracy: 73.00%, Precision: 0.69, Recall: 0.79, F1: 0.74, AUC: 0.73
Epoch [27/100] [TRAIN] Loss: 0.5922, Accuracy: 74.50%, AUC: 0.74 [VAL] Loss: 0.5871, Accuracy: 73.00%, Precision: 0.69, Recall: 0.79, F1: 0.74, AUC: 0.73
Epoch [28/100] [TRAIN] Loss: 0.5879, Accuracy: 73.38%, AUC: 0.73 [VAL] Loss: 0.5872, Accuracy: 73.00%, Precision: 0.69, Recall: 0.79, F1: 0.74, AUC: 0.73
Epoch [29/100] [TRAIN] Loss: 0.5912, Accuracy: 71.88%, AUC: 0.72 [VAL] Loss: 0.5871, Accuracy: 73.00%, Precision: 0.69, Recall: 0.79, F1: 0.74, AUC: 0.73
Epoch [30/100] [TRAIN] Loss: 0.5714, Accuracy: 75.12%, AUC: 0.75 [VAL] Loss: 0.5868, Accuracy: 73.00%, Precision: 0.69, Recall: 0.79, F1: 0.74, AUC: 0.73
Epoch [31/100] [TRAIN] Loss: 0.5718, Accuracy: 75.88%, AUC: 0.76 [VAL] Loss: 0.5862, Accuracy: 73.00%, Precision: 0.69, Recall: 0.79, F1: 0.74, AUC: 0.73
Epoch [32/100] [TRAIN] Loss: 0.5948, Accuracy: 75.38%, AUC: 0.75 [VAL] Loss: 0.5860, Accuracy: 73.00%, Precision: 0.69, Recall: 0.79, F1: 0.74, AUC: 0.73
Epoch [33/100] [TRAIN] Loss: 0.5890, Accuracy: 73.62%, AUC: 0.74 [VAL] Loss: 0.5858, Accuracy: 73.00%, Precision: 0.69, Recall: 0.79, F1: 0.74, AUC: 0.73
Epoch [34/100] [TRAIN] Loss: 0.5852, Accuracy: 74.50%, AUC: 0.75 [VAL] Loss: 0.5856, Accuracy: 73.00%, Precision: 0.69, Recall: 0.79, F1: 0.74, AUC: 0.73
Epoch [35/100] [TRAIN] Loss: 0.5798, Accuracy: 74.62%, AUC: 0.75 [VAL] Loss: 0.5854, Accuracy: 73.00%, Precision: 0.69, Recall: 0.79, F1: 0.74, AUC: 0.73
Epoch [36/100] [TRAIN] Loss: 0.5838, Accuracy: 73.12%, AUC: 0.73 [VAL] Loss: 0.5852, Accuracy: 73.00%, Precision: 0.69, Recall: 0.79, F1: 0.74, AUC: 0.73
Epoch [37/100] [TRAIN] Loss: 0.5868, Accuracy: 72.25%, AUC: 0.72 [VAL] Loss: 0.5848, Accuracy: 73.00%, Precision: 0.69, Recall: 0.79, F1: 0.74, AUC: 0.73
Epoch [38/100] [TRAIN] Loss: 0.5800, Accuracy: 73.25%, AUC: 0.73 [VAL] Loss: 0.5847, Accuracy: 73.00%, Precision: 0.69, Recall: 0.79, F1: 0.74, AUC: 0.73
Epoch [39/100] [TRAIN] Loss: 0.5657, Accuracy: 74.00%, AUC: 0.74 [VAL] Loss: 0.5844, Accuracy: 73.00%, Precision: 0.69, Recall: 0.79, F1: 0.74, AUC: 0.73
Epoch [40/100] [TRAIN] Loss: 0.5751, Accuracy: 72.75%, AUC: 0.73 [VAL] Loss: 0.5842, Accuracy: 73.00%, Precision: 0.69, Recall: 0.79, F1: 0.74, AUC: 0.73
Epoch [41/100] [TRAIN] Loss: 0.5588, Accuracy: 74.88%, AUC: 0.75 [VAL] Loss: 0.5839, Accuracy: 73.00%, Precision: 0.69, Recall: 0.79, F1: 0.74, AUC: 0.73
Epoch [42/100] [TRAIN] Loss: 0.5730, Accuracy: 73.12%, AUC: 0.73 [VAL] Loss: 0.5839, Accuracy: 73.00%, Precision: 0.69, Recall: 0.79, F1: 0.74, AUC: 0.73
Epoch [43/100] [TRAIN] Loss: 0.5695, Accuracy: 73.50%, AUC: 0.74 [VAL] Loss: 0.5839, Accuracy: 73.00%, Precision: 0.69, Recall: 0.79, F1: 0.74, AUC: 0.73
Epoch [44/100] [TRAIN] Loss: 0.5932, Accuracy: 74.25%, AUC: 0.74 [VAL] Loss: 0.5836, Accuracy: 73.00%, Precision: 0.69, Recall: 0.79, F1: 0.74, AUC: 0.73
Epoch [45/100] [TRAIN] Loss: 0.5757, Accuracy: 73.25%, AUC: 0.73 [VAL] Loss: 0.5830, Accuracy: 73.00%, Precision: 0.69, Recall: 0.79, F1: 0.74, AUC: 0.73
Epoch [46/100] [TRAIN] Loss: 0.5783, Accuracy: 74.00%, AUC: 0.74 [VAL] Loss: 0.5829, Accuracy: 73.00%, Precision: 0.69, Recall: 0.79, F1: 0.74, AUC: 0.73
Epoch [47/100] [TRAIN] Loss: 0.5813, Accuracy: 74.25%, AUC: 0.74 [VAL] Loss: 0.5826, Accuracy: 73.00%, Precision: 0.69, Recall: 0.79, F1: 0.74, AUC: 0.73
Epoch [48/100] [TRAIN] Loss: 0.5589, Accuracy: 74.62%, AUC: 0.75 [VAL] Loss: 0.5823, Accuracy: 73.00%, Precision: 0.69, Recall: 0.79, F1: 0.74, AUC: 0.73
Epoch [49/100] [TRAIN] Loss: 0.5549, Accuracy: 75.88%, AUC: 0.76 [VAL] Loss: 0.5820, Accuracy: 73.00%, Precision: 0.69, Recall: 0.79, F1: 0.74, AUC: 0.73
Epoch [50/100] [TRAIN] Loss: 0.5606, Accuracy: 76.50%, AUC: 0.77 [VAL] Loss: 0.5823, Accuracy: 73.00%, Precision: 0.69, Recall: 0.79, F1: 0.74, AUC: 0.73
Epoch [51/100] [TRAIN] Loss: 0.5731, Accuracy: 74.50%, AUC: 0.74 [VAL] Loss: 0.5823, Accuracy: 73.00%, Precision: 0.69, Recall: 0.79, F1: 0.74, AUC: 0.73
Epoch [52/100] [TRAIN] Loss: 0.5708, Accuracy: 75.00%, AUC: 0.75 [VAL] Loss: 0.5821, Accuracy: 72.00%, Precision: 0.68, Recall: 0.79, F1: 0.73, AUC: 0.72
Epoch [53/100] [TRAIN] Loss: 0.5646, Accuracy: 74.12%, AUC: 0.74 [VAL] Loss: 0.5821, Accuracy: 72.00%, Precision: 0.68, Recall: 0.79, F1: 0.73, AUC: 0.72
Epoch [54/100] [TRAIN] Loss: 0.5682, Accuracy: 74.50%, AUC: 0.75 [VAL] Loss: 0.5821, Accuracy: 72.00%, Precision: 0.68, Recall: 0.79, F1: 0.73, AUC: 0.72
Epoch [55/100] [TRAIN] Loss: 0.5778, Accuracy: 74.38%, AUC: 0.74 [VAL] Loss: 0.5818, Accuracy: 72.00%, Precision: 0.68, Recall: 0.79, F1: 0.73, AUC: 0.72
Epoch [56/100] [TRAIN] Loss: 0.5680, Accuracy: 73.50%, AUC: 0.74 [VAL] Loss: 0.5816, Accuracy: 72.00%, Precision: 0.68, Recall: 0.79, F1: 0.73, AUC: 0.72
Epoch [57/100] [TRAIN] Loss: 0.5754, Accuracy: 74.88%, AUC: 0.75 [VAL] Loss: 0.5815, Accuracy: 72.00%, Precision: 0.68, Recall: 0.79, F1: 0.73, AUC: 0.72
Epoch [58/100] [TRAIN] Loss: 0.5705, Accuracy: 75.62%, AUC: 0.76 [VAL] Loss: 0.5810, Accuracy: 72.00%, Precision: 0.69, Recall: 0.77, F1: 0.73, AUC: 0.72
Epoch [59/100] [TRAIN] Loss: 0.5552, Accuracy: 75.50%, AUC: 0.76 [VAL] Loss: 0.5813, Accuracy: 71.00%, Precision: 0.67, Recall: 0.77, F1: 0.72, AUC: 0.71
Epoch [60/100] [TRAIN] Loss: 0.5550, Accuracy: 74.25%, AUC: 0.74 [VAL] Loss: 0.5809, Accuracy: 72.00%, Precision: 0.69, Recall: 0.77, F1: 0.73, AUC: 0.72
Epoch [61/100] [TRAIN] Loss: 0.5636, Accuracy: 74.12%, AUC: 0.74 [VAL] Loss: 0.5807, Accuracy: 72.00%, Precision: 0.69, Recall: 0.77, F1: 0.73, AUC: 0.72
Epoch [62/100] [TRAIN] Loss: 0.5512, Accuracy: 75.50%, AUC: 0.76 [VAL] Loss: 0.5806, Accuracy: 72.00%, Precision: 0.69, Recall: 0.77, F1: 0.73, AUC: 0.72
Epoch [63/100] [TRAIN] Loss: 0.5739, Accuracy: 75.25%, AUC: 0.75 [VAL] Loss: 0.5806, Accuracy: 72.00%, Precision: 0.69, Recall: 0.77, F1: 0.73, AUC: 0.72
Epoch [64/100] [TRAIN] Loss: 0.5675, Accuracy: 73.25%, AUC: 0.73 [VAL] Loss: 0.5803, Accuracy: 72.00%, Precision: 0.69, Recall: 0.77, F1: 0.73, AUC: 0.72
Epoch [65/100] [TRAIN] Loss: 0.5584, Accuracy: 74.25%, AUC: 0.74 [VAL] Loss: 0.5800, Accuracy: 72.00%, Precision: 0.69, Recall: 0.77, F1: 0.73, AUC: 0.72
Epoch [66/100] [TRAIN] Loss: 0.5457, Accuracy: 74.88%, AUC: 0.75 [VAL] Loss: 0.5800, Accuracy: 72.00%, Precision: 0.69, Recall: 0.77, F1: 0.73, AUC: 0.72
Epoch [67/100] [TRAIN] Loss: 0.5576, Accuracy: 74.75%, AUC: 0.75 [VAL] Loss: 0.5796, Accuracy: 72.00%, Precision: 0.69, Recall: 0.77, F1: 0.73, AUC: 0.72
Epoch [68/100] [TRAIN] Loss: 0.5796, Accuracy: 74.88%, AUC: 0.75 [VAL] Loss: 0.5795, Accuracy: 72.00%, Precision: 0.69, Recall: 0.77, F1: 0.73, AUC: 0.72
Epoch [69/100] [TRAIN] Loss: 0.5744, Accuracy: 74.50%, AUC: 0.75 [VAL] Loss: 0.5791, Accuracy: 72.00%, Precision: 0.69, Recall: 0.77, F1: 0.73, AUC: 0.72
Epoch [70/100] [TRAIN] Loss: 0.5536, Accuracy: 74.25%, AUC: 0.74 [VAL] Loss: 0.5790, Accuracy: 72.00%, Precision: 0.69, Recall: 0.77, F1: 0.73, AUC: 0.72
Epoch [71/100] [TRAIN] Loss: 0.5495, Accuracy: 76.88%, AUC: 0.77 [VAL] Loss: 0.5788, Accuracy: 73.00%, Precision: 0.70, Recall: 0.77, F1: 0.73, AUC: 0.73
Epoch [72/100] [TRAIN] Loss: 0.5619, Accuracy: 75.50%, AUC: 0.76 [VAL] Loss: 0.5784, Accuracy: 72.00%, Precision: 0.69, Recall: 0.77, F1: 0.73, AUC: 0.72
Epoch [73/100] [TRAIN] Loss: 0.5631, Accuracy: 73.75%, AUC: 0.74 [VAL] Loss: 0.5786, Accuracy: 72.00%, Precision: 0.69, Recall: 0.77, F1: 0.73, AUC: 0.72
Epoch [74/100] [TRAIN] Loss: 0.5541, Accuracy: 74.75%, AUC: 0.75 [VAL] Loss: 0.5779, Accuracy: 72.00%, Precision: 0.69, Recall: 0.77, F1: 0.73, AUC: 0.72
Epoch [75/100] [TRAIN] Loss: 0.5463, Accuracy: 76.88%, AUC: 0.77 [VAL] Loss: 0.5779, Accuracy: 73.00%, Precision: 0.70, Recall: 0.77, F1: 0.73, AUC: 0.73
Epoch [76/100] [TRAIN] Loss: 0.5537, Accuracy: 74.75%, AUC: 0.75 [VAL] Loss: 0.5776, Accuracy: 73.00%, Precision: 0.70, Recall: 0.77, F1: 0.73, AUC: 0.73
Epoch [77/100] [TRAIN] Loss: 0.5460, Accuracy: 74.88%, AUC: 0.75 [VAL] Loss: 0.5774, Accuracy: 74.00%, Precision: 0.70, Recall: 0.79, F1: 0.75, AUC: 0.74
Epoch [78/100] [TRAIN] Loss: 0.5560, Accuracy: 75.62%, AUC: 0.76 [VAL] Loss: 0.5774, Accuracy: 74.00%, Precision: 0.70, Recall: 0.79, F1: 0.75, AUC: 0.74
Epoch [79/100] [TRAIN] Loss: 0.5477, Accuracy: 75.62%, AUC: 0.76 [VAL] Loss: 0.5772, Accuracy: 74.00%, Precision: 0.70, Recall: 0.79, F1: 0.75, AUC: 0.74
Epoch [80/100] [TRAIN] Loss: 0.5709, Accuracy: 73.25%, AUC: 0.73 [VAL] Loss: 0.5772, Accuracy: 73.00%, Precision: 0.69, Recall: 0.79, F1: 0.74, AUC: 0.73
Epoch [81/100] [TRAIN] Loss: 0.5499, Accuracy: 75.62%, AUC: 0.76 [VAL] Loss: 0.5775, Accuracy: 72.00%, Precision: 0.68, Recall: 0.79, F1: 0.73, AUC: 0.72
Epoch [82/100] [TRAIN] Loss: 0.5610, Accuracy: 76.38%, AUC: 0.76 [VAL] Loss: 0.5774, Accuracy: 72.00%, Precision: 0.68, Recall: 0.79, F1: 0.73, AUC: 0.72
Epoch [83/100] [TRAIN] Loss: 0.5471, Accuracy: 74.88%, AUC: 0.75 [VAL] Loss: 0.5772, Accuracy: 72.00%, Precision: 0.68, Recall: 0.79, F1: 0.73, AUC: 0.72
Epoch [84/100] [TRAIN] Loss: 0.5664, Accuracy: 77.38%, AUC: 0.77 [VAL] Loss: 0.5775, Accuracy: 72.00%, Precision: 0.68, Recall: 0.79, F1: 0.73, AUC: 0.72
Epoch [85/100] [TRAIN] Loss: 0.5516, Accuracy: 73.88%, AUC: 0.74 [VAL] Loss: 0.5775, Accuracy: 72.00%, Precision: 0.68, Recall: 0.79, F1: 0.73, AUC: 0.72
Epoch [86/100] [TRAIN] Loss: 0.5514, Accuracy: 75.62%, AUC: 0.76 [VAL] Loss: 0.5775, Accuracy: 72.00%, Precision: 0.68, Recall: 0.79, F1: 0.73, AUC: 0.72
Epoch [87/100] [TRAIN] Loss: 0.5539, Accuracy: 73.62%, AUC: 0.74 [VAL] Loss: 0.5775, Accuracy: 72.00%, Precision: 0.68, Recall: 0.79, F1: 0.73, AUC: 0.72
Epoch [88/100] [TRAIN] Loss: 0.5501, Accuracy: 75.50%, AUC: 0.76 [VAL] Loss: 0.5775, Accuracy: 72.00%, Precision: 0.68, Recall: 0.79, F1: 0.73, AUC: 0.72
Epoch [89/100] [TRAIN] Loss: 0.5548, Accuracy: 75.38%, AUC: 0.75 [VAL] Loss: 0.5775, Accuracy: 72.00%, Precision: 0.68, Recall: 0.79, F1: 0.73, AUC: 0.72
  Early stopping at epoch 89 (no val_loss improvement for 10 epochs)
Seed: 1011
Accuracy:  70.00 %
AUC:       0.6997
Precision: 0.6383
Recall:    0.6977
F1-Score:  0.6667

Detailed Classification Report:
              precision    recall  f1-score   support

           0       0.75      0.70      0.73        57
           1       0.64      0.70      0.67        43

    accuracy                           0.70       100
   macro avg       0.70      0.70      0.70       100
weighted avg       0.70      0.70      0.70       100


Confusion Matrix:
[[40 17]
 [13 30]]


024-H3K9me3-H3K27ac-H3K27me3
Train label distribution:
  Label 0:    422 (52.8%)
  Label 1:    378 (47.2%)
Val label distribution:
  Label 0:     52 (52.0%)
  Label 1:     48 (48.0%)
Test label distribution:
  Label 0:     57 (57.0%)
  Label 1:     43 (43.0%)
Epoch [1/100] [TRAIN] Loss: 0.7012, Accuracy: 58.62%, AUC: 0.59 [VAL] Loss: 0.6787, Accuracy: 64.00%, Precision: 0.60, Recall: 0.75, F1: 0.67, AUC: 0.64
Epoch [2/100] [TRAIN] Loss: 0.6811, Accuracy: 61.62%, AUC: 0.62 [VAL] Loss: 0.6553, Accuracy: 70.00%, Precision: 0.67, Recall: 0.75, F1: 0.71, AUC: 0.70
Epoch [3/100] [TRAIN] Loss: 0.6544, Accuracy: 68.25%, AUC: 0.68 [VAL] Loss: 0.6382, Accuracy: 71.00%, Precision: 0.67, Recall: 0.77, F1: 0.72, AUC: 0.71
Epoch [4/100] [TRAIN] Loss: 0.6369, Accuracy: 72.38%, AUC: 0.72 [VAL] Loss: 0.6268, Accuracy: 70.00%, Precision: 0.66, Recall: 0.77, F1: 0.71, AUC: 0.70
Epoch [5/100] [TRAIN] Loss: 0.6388, Accuracy: 70.75%, AUC: 0.71 [VAL] Loss: 0.6192, Accuracy: 70.00%, Precision: 0.66, Recall: 0.77, F1: 0.71, AUC: 0.70
Epoch [6/100] [TRAIN] Loss: 0.6290, Accuracy: 70.88%, AUC: 0.71 [VAL] Loss: 0.6138, Accuracy: 71.00%, Precision: 0.67, Recall: 0.77, F1: 0.72, AUC: 0.71
Epoch [7/100] [TRAIN] Loss: 0.6346, Accuracy: 69.50%, AUC: 0.69 [VAL] Loss: 0.6105, Accuracy: 72.00%, Precision: 0.68, Recall: 0.79, F1: 0.73, AUC: 0.72
Epoch [8/100] [TRAIN] Loss: 0.6110, Accuracy: 71.75%, AUC: 0.72 [VAL] Loss: 0.6072, Accuracy: 73.00%, Precision: 0.69, Recall: 0.79, F1: 0.74, AUC: 0.73
Epoch [9/100] [TRAIN] Loss: 0.6115, Accuracy: 73.38%, AUC: 0.73 [VAL] Loss: 0.6054, Accuracy: 73.00%, Precision: 0.69, Recall: 0.79, F1: 0.74, AUC: 0.73
Epoch [10/100] [TRAIN] Loss: 0.6192, Accuracy: 70.50%, AUC: 0.70 [VAL] Loss: 0.6040, Accuracy: 73.00%, Precision: 0.69, Recall: 0.79, F1: 0.74, AUC: 0.73
Epoch [11/100] [TRAIN] Loss: 0.6231, Accuracy: 71.00%, AUC: 0.71 [VAL] Loss: 0.6031, Accuracy: 73.00%, Precision: 0.69, Recall: 0.79, F1: 0.74, AUC: 0.73
Epoch [12/100] [TRAIN] Loss: 0.6238, Accuracy: 71.12%, AUC: 0.71 [VAL] Loss: 0.6023, Accuracy: 73.00%, Precision: 0.69, Recall: 0.79, F1: 0.74, AUC: 0.73
Epoch [13/100] [TRAIN] Loss: 0.6068, Accuracy: 73.38%, AUC: 0.73 [VAL] Loss: 0.6015, Accuracy: 73.00%, Precision: 0.69, Recall: 0.79, F1: 0.74, AUC: 0.73
Epoch [14/100] [TRAIN] Loss: 0.6149, Accuracy: 72.88%, AUC: 0.73 [VAL] Loss: 0.6008, Accuracy: 73.00%, Precision: 0.69, Recall: 0.79, F1: 0.74, AUC: 0.73
Epoch [15/100] [TRAIN] Loss: 0.6033, Accuracy: 70.88%, AUC: 0.71 [VAL] Loss: 0.6000, Accuracy: 73.00%, Precision: 0.69, Recall: 0.79, F1: 0.74, AUC: 0.73
Epoch [16/100] [TRAIN] Loss: 0.6052, Accuracy: 73.38%, AUC: 0.73 [VAL] Loss: 0.5993, Accuracy: 73.00%, Precision: 0.69, Recall: 0.79, F1: 0.74, AUC: 0.73
Epoch [17/100] [TRAIN] Loss: 0.5980, Accuracy: 73.38%, AUC: 0.73 [VAL] Loss: 0.5986, Accuracy: 73.00%, Precision: 0.69, Recall: 0.79, F1: 0.74, AUC: 0.73
Epoch [18/100] [TRAIN] Loss: 0.6079, Accuracy: 72.88%, AUC: 0.73 [VAL] Loss: 0.5985, Accuracy: 73.00%, Precision: 0.69, Recall: 0.79, F1: 0.74, AUC: 0.73
Epoch [19/100] [TRAIN] Loss: 0.5965, Accuracy: 72.25%, AUC: 0.72 [VAL] Loss: 0.5987, Accuracy: 74.00%, Precision: 0.70, Recall: 0.79, F1: 0.75, AUC: 0.74
Epoch [20/100] [TRAIN] Loss: 0.5877, Accuracy: 74.00%, AUC: 0.74 [VAL] Loss: 0.5986, Accuracy: 74.00%, Precision: 0.70, Recall: 0.79, F1: 0.75, AUC: 0.74
Epoch [21/100] [TRAIN] Loss: 0.6100, Accuracy: 74.50%, AUC: 0.75 [VAL] Loss: 0.5988, Accuracy: 74.00%, Precision: 0.70, Recall: 0.79, F1: 0.75, AUC: 0.74
Epoch [22/100] [TRAIN] Loss: 0.5933, Accuracy: 74.62%, AUC: 0.75 [VAL] Loss: 0.5987, Accuracy: 74.00%, Precision: 0.70, Recall: 0.79, F1: 0.75, AUC: 0.74
Epoch [23/100] [TRAIN] Loss: 0.6060, Accuracy: 74.50%, AUC: 0.74 [VAL] Loss: 0.5986, Accuracy: 74.00%, Precision: 0.70, Recall: 0.79, F1: 0.75, AUC: 0.74
Epoch [24/100] [TRAIN] Loss: 0.6016, Accuracy: 72.25%, AUC: 0.72 [VAL] Loss: 0.5989, Accuracy: 75.00%, Precision: 0.72, Recall: 0.79, F1: 0.75, AUC: 0.75
Epoch [25/100] [TRAIN] Loss: 0.5953, Accuracy: 74.38%, AUC: 0.74 [VAL] Loss: 0.5989, Accuracy: 75.00%, Precision: 0.72, Recall: 0.79, F1: 0.75, AUC: 0.75
Epoch [26/100] [TRAIN] Loss: 0.5982, Accuracy: 72.38%, AUC: 0.72 [VAL] Loss: 0.5989, Accuracy: 75.00%, Precision: 0.72, Recall: 0.79, F1: 0.75, AUC: 0.75
Epoch [27/100] [TRAIN] Loss: 0.6096, Accuracy: 73.25%, AUC: 0.73 [VAL] Loss: 0.5989, Accuracy: 75.00%, Precision: 0.72, Recall: 0.79, F1: 0.75, AUC: 0.75
Epoch [28/100] [TRAIN] Loss: 0.6028, Accuracy: 73.88%, AUC: 0.74 [VAL] Loss: 0.5988, Accuracy: 75.00%, Precision: 0.72, Recall: 0.79, F1: 0.75, AUC: 0.75
  Early stopping at epoch 28 (no val_loss improvement for 10 epochs)
Seed: 1011
Accuracy:  68.00 %
AUC:       0.6822
Precision: 0.6122
Recall:    0.6977
F1-Score:  0.6522

Detailed Classification Report:
              precision    recall  f1-score   support

           0       0.75      0.67      0.70        57
           1       0.61      0.70      0.65        43

    accuracy                           0.68       100
   macro avg       0.68      0.68      0.68       100
weighted avg       0.69      0.68      0.68       100


Confusion Matrix:
[[38 19]
 [13 30]]


025-H3K4me3-H3K9ac-H3K9me3-H3K27ac
Train label distribution:
  Label 0:    422 (52.8%)
  Label 1:    378 (47.2%)
Val label distribution:
  Label 0:     52 (52.0%)
  Label 1:     48 (48.0%)
Test label distribution:
  Label 0:     57 (57.0%)
  Label 1:     43 (43.0%)
Epoch [1/100] [TRAIN] Loss: 0.6677, Accuracy: 66.88%, AUC: 0.67 [VAL] Loss: 0.6455, Accuracy: 70.00%, Precision: 0.67, Recall: 0.75, F1: 0.71, AUC: 0.70
Epoch [2/100] [TRAIN] Loss: 0.6309, Accuracy: 71.62%, AUC: 0.72 [VAL] Loss: 0.6279, Accuracy: 71.00%, Precision: 0.68, Recall: 0.75, F1: 0.71, AUC: 0.71
Epoch [3/100] [TRAIN] Loss: 0.6199, Accuracy: 72.62%, AUC: 0.73 [VAL] Loss: 0.6180, Accuracy: 73.00%, Precision: 0.71, Recall: 0.75, F1: 0.73, AUC: 0.73
Epoch [4/100] [TRAIN] Loss: 0.6083, Accuracy: 72.88%, AUC: 0.73 [VAL] Loss: 0.6115, Accuracy: 72.00%, Precision: 0.69, Recall: 0.75, F1: 0.72, AUC: 0.72
Epoch [5/100] [TRAIN] Loss: 0.6069, Accuracy: 72.62%, AUC: 0.73 [VAL] Loss: 0.6084, Accuracy: 72.00%, Precision: 0.69, Recall: 0.75, F1: 0.72, AUC: 0.72
Epoch [6/100] [TRAIN] Loss: 0.5911, Accuracy: 74.62%, AUC: 0.75 [VAL] Loss: 0.6061, Accuracy: 72.00%, Precision: 0.69, Recall: 0.75, F1: 0.72, AUC: 0.72
Epoch [7/100] [TRAIN] Loss: 0.5928, Accuracy: 74.00%, AUC: 0.74 [VAL] Loss: 0.6044, Accuracy: 71.00%, Precision: 0.69, Recall: 0.73, F1: 0.71, AUC: 0.71
Epoch [8/100] [TRAIN] Loss: 0.5773, Accuracy: 75.88%, AUC: 0.76 [VAL] Loss: 0.6035, Accuracy: 71.00%, Precision: 0.69, Recall: 0.73, F1: 0.71, AUC: 0.71
Epoch [9/100] [TRAIN] Loss: 0.5729, Accuracy: 73.75%, AUC: 0.74 [VAL] Loss: 0.6026, Accuracy: 73.00%, Precision: 0.70, Recall: 0.77, F1: 0.73, AUC: 0.73
Epoch [10/100] [TRAIN] Loss: 0.5777, Accuracy: 75.25%, AUC: 0.75 [VAL] Loss: 0.6019, Accuracy: 73.00%, Precision: 0.70, Recall: 0.77, F1: 0.73, AUC: 0.73
Epoch [11/100] [TRAIN] Loss: 0.5974, Accuracy: 72.88%, AUC: 0.73 [VAL] Loss: 0.6012, Accuracy: 73.00%, Precision: 0.70, Recall: 0.77, F1: 0.73, AUC: 0.73
Epoch [12/100] [TRAIN] Loss: 0.5780, Accuracy: 77.12%, AUC: 0.77 [VAL] Loss: 0.6002, Accuracy: 73.00%, Precision: 0.70, Recall: 0.77, F1: 0.73, AUC: 0.73
Epoch [13/100] [TRAIN] Loss: 0.5780, Accuracy: 76.62%, AUC: 0.76 [VAL] Loss: 0.5996, Accuracy: 73.00%, Precision: 0.70, Recall: 0.77, F1: 0.73, AUC: 0.73
Epoch [14/100] [TRAIN] Loss: 0.5792, Accuracy: 74.62%, AUC: 0.74 [VAL] Loss: 0.5996, Accuracy: 73.00%, Precision: 0.70, Recall: 0.77, F1: 0.73, AUC: 0.73
Epoch [15/100] [TRAIN] Loss: 0.5863, Accuracy: 71.75%, AUC: 0.72 [VAL] Loss: 0.5992, Accuracy: 73.00%, Precision: 0.70, Recall: 0.77, F1: 0.73, AUC: 0.73
Epoch [16/100] [TRAIN] Loss: 0.5679, Accuracy: 74.00%, AUC: 0.74 [VAL] Loss: 0.5991, Accuracy: 73.00%, Precision: 0.70, Recall: 0.77, F1: 0.73, AUC: 0.73
Epoch [17/100] [TRAIN] Loss: 0.5686, Accuracy: 74.62%, AUC: 0.75 [VAL] Loss: 0.5990, Accuracy: 73.00%, Precision: 0.70, Recall: 0.77, F1: 0.73, AUC: 0.73
Epoch [18/100] [TRAIN] Loss: 0.5632, Accuracy: 76.00%, AUC: 0.76 [VAL] Loss: 0.5987, Accuracy: 73.00%, Precision: 0.70, Recall: 0.77, F1: 0.73, AUC: 0.73
Epoch [19/100] [TRAIN] Loss: 0.5711, Accuracy: 75.12%, AUC: 0.75 [VAL] Loss: 0.5986, Accuracy: 73.00%, Precision: 0.70, Recall: 0.77, F1: 0.73, AUC: 0.73
Epoch [20/100] [TRAIN] Loss: 0.5610, Accuracy: 75.25%, AUC: 0.75 [VAL] Loss: 0.5983, Accuracy: 73.00%, Precision: 0.70, Recall: 0.77, F1: 0.73, AUC: 0.73
Epoch [21/100] [TRAIN] Loss: 0.5628, Accuracy: 76.00%, AUC: 0.76 [VAL] Loss: 0.5983, Accuracy: 73.00%, Precision: 0.70, Recall: 0.77, F1: 0.73, AUC: 0.73
Epoch [22/100] [TRAIN] Loss: 0.5541, Accuracy: 76.25%, AUC: 0.76 [VAL] Loss: 0.5981, Accuracy: 73.00%, Precision: 0.70, Recall: 0.77, F1: 0.73, AUC: 0.73
Epoch [23/100] [TRAIN] Loss: 0.5750, Accuracy: 75.38%, AUC: 0.75 [VAL] Loss: 0.5977, Accuracy: 73.00%, Precision: 0.70, Recall: 0.77, F1: 0.73, AUC: 0.73
Epoch [24/100] [TRAIN] Loss: 0.5721, Accuracy: 74.62%, AUC: 0.74 [VAL] Loss: 0.5973, Accuracy: 73.00%, Precision: 0.70, Recall: 0.77, F1: 0.73, AUC: 0.73
Epoch [25/100] [TRAIN] Loss: 0.5719, Accuracy: 77.25%, AUC: 0.77 [VAL] Loss: 0.5971, Accuracy: 73.00%, Precision: 0.70, Recall: 0.77, F1: 0.73, AUC: 0.73
Epoch [26/100] [TRAIN] Loss: 0.5547, Accuracy: 75.75%, AUC: 0.76 [VAL] Loss: 0.5972, Accuracy: 73.00%, Precision: 0.70, Recall: 0.77, F1: 0.73, AUC: 0.73
Epoch [27/100] [TRAIN] Loss: 0.5541, Accuracy: 76.38%, AUC: 0.76 [VAL] Loss: 0.5972, Accuracy: 73.00%, Precision: 0.70, Recall: 0.77, F1: 0.73, AUC: 0.73
Epoch [28/100] [TRAIN] Loss: 0.5598, Accuracy: 74.12%, AUC: 0.74 [VAL] Loss: 0.5969, Accuracy: 73.00%, Precision: 0.70, Recall: 0.77, F1: 0.73, AUC: 0.73
Epoch [29/100] [TRAIN] Loss: 0.5573, Accuracy: 75.75%, AUC: 0.76 [VAL] Loss: 0.5966, Accuracy: 73.00%, Precision: 0.70, Recall: 0.77, F1: 0.73, AUC: 0.73
Epoch [30/100] [TRAIN] Loss: 0.5596, Accuracy: 75.00%, AUC: 0.75 [VAL] Loss: 0.5964, Accuracy: 73.00%, Precision: 0.70, Recall: 0.77, F1: 0.73, AUC: 0.73
Epoch [31/100] [TRAIN] Loss: 0.5692, Accuracy: 74.62%, AUC: 0.75 [VAL] Loss: 0.5959, Accuracy: 73.00%, Precision: 0.70, Recall: 0.77, F1: 0.73, AUC: 0.73
Epoch [32/100] [TRAIN] Loss: 0.5633, Accuracy: 75.88%, AUC: 0.76 [VAL] Loss: 0.5956, Accuracy: 73.00%, Precision: 0.70, Recall: 0.77, F1: 0.73, AUC: 0.73
Epoch [33/100] [TRAIN] Loss: 0.5558, Accuracy: 74.75%, AUC: 0.75 [VAL] Loss: 0.5954, Accuracy: 72.00%, Precision: 0.69, Recall: 0.77, F1: 0.73, AUC: 0.72
Epoch [34/100] [TRAIN] Loss: 0.5406, Accuracy: 76.75%, AUC: 0.77 [VAL] Loss: 0.5955, Accuracy: 72.00%, Precision: 0.69, Recall: 0.77, F1: 0.73, AUC: 0.72
Epoch [35/100] [TRAIN] Loss: 0.5523, Accuracy: 76.38%, AUC: 0.76 [VAL] Loss: 0.5955, Accuracy: 72.00%, Precision: 0.69, Recall: 0.77, F1: 0.73, AUC: 0.72
Epoch [36/100] [TRAIN] Loss: 0.5527, Accuracy: 74.50%, AUC: 0.75 [VAL] Loss: 0.5956, Accuracy: 72.00%, Precision: 0.69, Recall: 0.77, F1: 0.73, AUC: 0.72
Epoch [37/100] [TRAIN] Loss: 0.5595, Accuracy: 75.25%, AUC: 0.75 [VAL] Loss: 0.5953, Accuracy: 72.00%, Precision: 0.69, Recall: 0.77, F1: 0.73, AUC: 0.72
Epoch [38/100] [TRAIN] Loss: 0.5511, Accuracy: 74.75%, AUC: 0.75 [VAL] Loss: 0.5950, Accuracy: 72.00%, Precision: 0.69, Recall: 0.77, F1: 0.73, AUC: 0.72
Epoch [39/100] [TRAIN] Loss: 0.5526, Accuracy: 74.75%, AUC: 0.75 [VAL] Loss: 0.5950, Accuracy: 72.00%, Precision: 0.69, Recall: 0.77, F1: 0.73, AUC: 0.72
Epoch [40/100] [TRAIN] Loss: 0.5523, Accuracy: 76.00%, AUC: 0.76 [VAL] Loss: 0.5947, Accuracy: 72.00%, Precision: 0.69, Recall: 0.77, F1: 0.73, AUC: 0.72
Epoch [41/100] [TRAIN] Loss: 0.5566, Accuracy: 75.00%, AUC: 0.75 [VAL] Loss: 0.5946, Accuracy: 72.00%, Precision: 0.69, Recall: 0.77, F1: 0.73, AUC: 0.72
Epoch [42/100] [TRAIN] Loss: 0.5408, Accuracy: 76.12%, AUC: 0.76 [VAL] Loss: 0.5946, Accuracy: 72.00%, Precision: 0.69, Recall: 0.77, F1: 0.73, AUC: 0.72
Epoch [43/100] [TRAIN] Loss: 0.5628, Accuracy: 75.12%, AUC: 0.75 [VAL] Loss: 0.5944, Accuracy: 72.00%, Precision: 0.69, Recall: 0.77, F1: 0.73, AUC: 0.72
Epoch [44/100] [TRAIN] Loss: 0.5614, Accuracy: 75.12%, AUC: 0.75 [VAL] Loss: 0.5937, Accuracy: 72.00%, Precision: 0.69, Recall: 0.77, F1: 0.73, AUC: 0.72
Epoch [45/100] [TRAIN] Loss: 0.5437, Accuracy: 76.12%, AUC: 0.76 [VAL] Loss: 0.5938, Accuracy: 72.00%, Precision: 0.69, Recall: 0.77, F1: 0.73, AUC: 0.72
Epoch [46/100] [TRAIN] Loss: 0.5495, Accuracy: 74.12%, AUC: 0.74 [VAL] Loss: 0.5937, Accuracy: 72.00%, Precision: 0.69, Recall: 0.77, F1: 0.73, AUC: 0.72
Epoch [47/100] [TRAIN] Loss: 0.5506, Accuracy: 76.00%, AUC: 0.76 [VAL] Loss: 0.5940, Accuracy: 72.00%, Precision: 0.69, Recall: 0.77, F1: 0.73, AUC: 0.72
Epoch [48/100] [TRAIN] Loss: 0.5560, Accuracy: 75.50%, AUC: 0.75 [VAL] Loss: 0.5938, Accuracy: 72.00%, Precision: 0.69, Recall: 0.77, F1: 0.73, AUC: 0.72
Epoch [49/100] [TRAIN] Loss: 0.5353, Accuracy: 77.50%, AUC: 0.77 [VAL] Loss: 0.5940, Accuracy: 72.00%, Precision: 0.69, Recall: 0.77, F1: 0.73, AUC: 0.72
Epoch [50/100] [TRAIN] Loss: 0.5568, Accuracy: 75.50%, AUC: 0.75 [VAL] Loss: 0.5938, Accuracy: 72.00%, Precision: 0.69, Recall: 0.77, F1: 0.73, AUC: 0.72
Epoch [51/100] [TRAIN] Loss: 0.5671, Accuracy: 76.00%, AUC: 0.76 [VAL] Loss: 0.5937, Accuracy: 72.00%, Precision: 0.69, Recall: 0.77, F1: 0.73, AUC: 0.72
Epoch [52/100] [TRAIN] Loss: 0.5501, Accuracy: 76.25%, AUC: 0.76 [VAL] Loss: 0.5937, Accuracy: 72.00%, Precision: 0.69, Recall: 0.77, F1: 0.73, AUC: 0.72
Epoch [53/100] [TRAIN] Loss: 0.5287, Accuracy: 77.50%, AUC: 0.78 [VAL] Loss: 0.5937, Accuracy: 72.00%, Precision: 0.69, Recall: 0.77, F1: 0.73, AUC: 0.72
Epoch [54/100] [TRAIN] Loss: 0.5433, Accuracy: 75.12%, AUC: 0.75 [VAL] Loss: 0.5938, Accuracy: 72.00%, Precision: 0.69, Recall: 0.77, F1: 0.73, AUC: 0.72
  Early stopping at epoch 54 (no val_loss improvement for 10 epochs)
Seed: 1011
Accuracy:  71.00 %
AUC:       0.7113
Precision: 0.6458
Recall:    0.7209
F1-Score:  0.6813

Detailed Classification Report:
              precision    recall  f1-score   support

           0       0.77      0.70      0.73        57
           1       0.65      0.72      0.68        43

    accuracy                           0.71       100
   macro avg       0.71      0.71      0.71       100
weighted avg       0.72      0.71      0.71       100


Confusion Matrix:
[[40 17]
 [12 31]]


026-H3K4me3-H3K9ac-H3K9me3-H3K27me3
Train label distribution:
  Label 0:    422 (52.8%)
  Label 1:    378 (47.2%)
Val label distribution:
  Label 0:     52 (52.0%)
  Label 1:     48 (48.0%)
Test label distribution:
  Label 0:     57 (57.0%)
  Label 1:     43 (43.0%)
Epoch [1/100] [TRAIN] Loss: 0.7033, Accuracy: 57.50%, AUC: 0.58 [VAL] Loss: 0.6890, Accuracy: 66.00%, Precision: 0.62, Recall: 0.75, F1: 0.68, AUC: 0.66
Epoch [2/100] [TRAIN] Loss: 0.6803, Accuracy: 63.00%, AUC: 0.63 [VAL] Loss: 0.6749, Accuracy: 68.00%, Precision: 0.64, Recall: 0.77, F1: 0.70, AUC: 0.68
Epoch [3/100] [TRAIN] Loss: 0.6829, Accuracy: 64.62%, AUC: 0.65 [VAL] Loss: 0.6635, Accuracy: 69.00%, Precision: 0.64, Recall: 0.79, F1: 0.71, AUC: 0.69
Epoch [4/100] [TRAIN] Loss: 0.6579, Accuracy: 67.38%, AUC: 0.67 [VAL] Loss: 0.6534, Accuracy: 70.00%, Precision: 0.66, Recall: 0.79, F1: 0.72, AUC: 0.70
Epoch [5/100] [TRAIN] Loss: 0.6464, Accuracy: 68.75%, AUC: 0.69 [VAL] Loss: 0.6444, Accuracy: 72.00%, Precision: 0.68, Recall: 0.79, F1: 0.73, AUC: 0.72
Epoch [6/100] [TRAIN] Loss: 0.6433, Accuracy: 69.00%, AUC: 0.69 [VAL] Loss: 0.6371, Accuracy: 72.00%, Precision: 0.68, Recall: 0.79, F1: 0.73, AUC: 0.72
Epoch [7/100] [TRAIN] Loss: 0.6215, Accuracy: 70.88%, AUC: 0.71 [VAL] Loss: 0.6307, Accuracy: 72.00%, Precision: 0.68, Recall: 0.79, F1: 0.73, AUC: 0.72
Epoch [8/100] [TRAIN] Loss: 0.6160, Accuracy: 72.38%, AUC: 0.72 [VAL] Loss: 0.6246, Accuracy: 72.00%, Precision: 0.68, Recall: 0.79, F1: 0.73, AUC: 0.72
Epoch [9/100] [TRAIN] Loss: 0.6092, Accuracy: 72.88%, AUC: 0.73 [VAL] Loss: 0.6193, Accuracy: 72.00%, Precision: 0.68, Recall: 0.79, F1: 0.73, AUC: 0.72
Epoch [10/100] [TRAIN] Loss: 0.6046, Accuracy: 71.75%, AUC: 0.72 [VAL] Loss: 0.6157, Accuracy: 71.00%, Precision: 0.67, Recall: 0.77, F1: 0.72, AUC: 0.71
Epoch [11/100] [TRAIN] Loss: 0.6032, Accuracy: 71.62%, AUC: 0.72 [VAL] Loss: 0.6127, Accuracy: 71.00%, Precision: 0.67, Recall: 0.77, F1: 0.72, AUC: 0.71
Epoch [12/100] [TRAIN] Loss: 0.5899, Accuracy: 73.25%, AUC: 0.73 [VAL] Loss: 0.6100, Accuracy: 71.00%, Precision: 0.67, Recall: 0.77, F1: 0.72, AUC: 0.71
Epoch [13/100] [TRAIN] Loss: 0.6010, Accuracy: 71.00%, AUC: 0.71 [VAL] Loss: 0.6079, Accuracy: 70.00%, Precision: 0.66, Recall: 0.77, F1: 0.71, AUC: 0.70
Epoch [14/100] [TRAIN] Loss: 0.5960, Accuracy: 72.00%, AUC: 0.72 [VAL] Loss: 0.6064, Accuracy: 70.00%, Precision: 0.66, Recall: 0.77, F1: 0.71, AUC: 0.70
Epoch [15/100] [TRAIN] Loss: 0.5908, Accuracy: 72.00%, AUC: 0.72 [VAL] Loss: 0.6050, Accuracy: 70.00%, Precision: 0.66, Recall: 0.77, F1: 0.71, AUC: 0.70
Epoch [16/100] [TRAIN] Loss: 0.5764, Accuracy: 73.25%, AUC: 0.73 [VAL] Loss: 0.6037, Accuracy: 70.00%, Precision: 0.66, Recall: 0.77, F1: 0.71, AUC: 0.70
Epoch [17/100] [TRAIN] Loss: 0.5763, Accuracy: 72.88%, AUC: 0.73 [VAL] Loss: 0.6027, Accuracy: 71.00%, Precision: 0.67, Recall: 0.77, F1: 0.72, AUC: 0.71
Epoch [18/100] [TRAIN] Loss: 0.5930, Accuracy: 70.88%, AUC: 0.71 [VAL] Loss: 0.6021, Accuracy: 71.00%, Precision: 0.67, Recall: 0.77, F1: 0.72, AUC: 0.71
Epoch [19/100] [TRAIN] Loss: 0.5986, Accuracy: 71.38%, AUC: 0.71 [VAL] Loss: 0.6013, Accuracy: 71.00%, Precision: 0.67, Recall: 0.77, F1: 0.72, AUC: 0.71
Epoch [20/100] [TRAIN] Loss: 0.5756, Accuracy: 73.62%, AUC: 0.74 [VAL] Loss: 0.6007, Accuracy: 71.00%, Precision: 0.67, Recall: 0.77, F1: 0.72, AUC: 0.71
Epoch [21/100] [TRAIN] Loss: 0.5776, Accuracy: 72.75%, AUC: 0.73 [VAL] Loss: 0.6003, Accuracy: 71.00%, Precision: 0.67, Recall: 0.77, F1: 0.72, AUC: 0.71
Epoch [22/100] [TRAIN] Loss: 0.5800, Accuracy: 73.12%, AUC: 0.73 [VAL] Loss: 0.5997, Accuracy: 71.00%, Precision: 0.67, Recall: 0.77, F1: 0.72, AUC: 0.71
Epoch [23/100] [TRAIN] Loss: 0.5720, Accuracy: 73.62%, AUC: 0.74 [VAL] Loss: 0.5992, Accuracy: 71.00%, Precision: 0.67, Recall: 0.77, F1: 0.72, AUC: 0.71
Epoch [24/100] [TRAIN] Loss: 0.5865, Accuracy: 72.12%, AUC: 0.72 [VAL] Loss: 0.5987, Accuracy: 71.00%, Precision: 0.67, Recall: 0.77, F1: 0.72, AUC: 0.71
Epoch [25/100] [TRAIN] Loss: 0.5755, Accuracy: 73.12%, AUC: 0.73 [VAL] Loss: 0.5985, Accuracy: 71.00%, Precision: 0.67, Recall: 0.77, F1: 0.72, AUC: 0.71
Epoch [26/100] [TRAIN] Loss: 0.5786, Accuracy: 72.50%, AUC: 0.72 [VAL] Loss: 0.5982, Accuracy: 71.00%, Precision: 0.67, Recall: 0.77, F1: 0.72, AUC: 0.71
Epoch [27/100] [TRAIN] Loss: 0.5729, Accuracy: 74.75%, AUC: 0.75 [VAL] Loss: 0.5979, Accuracy: 71.00%, Precision: 0.67, Recall: 0.77, F1: 0.72, AUC: 0.71
Epoch [28/100] [TRAIN] Loss: 0.5759, Accuracy: 72.75%, AUC: 0.73 [VAL] Loss: 0.5973, Accuracy: 71.00%, Precision: 0.67, Recall: 0.77, F1: 0.72, AUC: 0.71
Epoch [29/100] [TRAIN] Loss: 0.5628, Accuracy: 72.88%, AUC: 0.73 [VAL] Loss: 0.5970, Accuracy: 71.00%, Precision: 0.67, Recall: 0.77, F1: 0.72, AUC: 0.71
Epoch [30/100] [TRAIN] Loss: 0.5780, Accuracy: 72.25%, AUC: 0.72 [VAL] Loss: 0.5966, Accuracy: 71.00%, Precision: 0.67, Recall: 0.77, F1: 0.72, AUC: 0.71
Epoch [31/100] [TRAIN] Loss: 0.5782, Accuracy: 72.00%, AUC: 0.72 [VAL] Loss: 0.5962, Accuracy: 71.00%, Precision: 0.67, Recall: 0.77, F1: 0.72, AUC: 0.71
Epoch [32/100] [TRAIN] Loss: 0.5777, Accuracy: 72.75%, AUC: 0.73 [VAL] Loss: 0.5957, Accuracy: 71.00%, Precision: 0.67, Recall: 0.77, F1: 0.72, AUC: 0.71
Epoch [33/100] [TRAIN] Loss: 0.5686, Accuracy: 74.12%, AUC: 0.74 [VAL] Loss: 0.5952, Accuracy: 71.00%, Precision: 0.67, Recall: 0.77, F1: 0.72, AUC: 0.71
Epoch [34/100] [TRAIN] Loss: 0.5577, Accuracy: 72.75%, AUC: 0.73 [VAL] Loss: 0.5951, Accuracy: 71.00%, Precision: 0.67, Recall: 0.77, F1: 0.72, AUC: 0.71
Epoch [35/100] [TRAIN] Loss: 0.5541, Accuracy: 74.88%, AUC: 0.75 [VAL] Loss: 0.5948, Accuracy: 71.00%, Precision: 0.67, Recall: 0.77, F1: 0.72, AUC: 0.71
Epoch [36/100] [TRAIN] Loss: 0.5927, Accuracy: 72.62%, AUC: 0.73 [VAL] Loss: 0.5944, Accuracy: 71.00%, Precision: 0.67, Recall: 0.77, F1: 0.72, AUC: 0.71
Epoch [37/100] [TRAIN] Loss: 0.5608, Accuracy: 74.25%, AUC: 0.74 [VAL] Loss: 0.5942, Accuracy: 71.00%, Precision: 0.67, Recall: 0.77, F1: 0.72, AUC: 0.71
Epoch [38/100] [TRAIN] Loss: 0.5667, Accuracy: 73.50%, AUC: 0.74 [VAL] Loss: 0.5939, Accuracy: 71.00%, Precision: 0.67, Recall: 0.77, F1: 0.72, AUC: 0.71
Epoch [39/100] [TRAIN] Loss: 0.5741, Accuracy: 74.25%, AUC: 0.74 [VAL] Loss: 0.5933, Accuracy: 71.00%, Precision: 0.67, Recall: 0.77, F1: 0.72, AUC: 0.71
Epoch [40/100] [TRAIN] Loss: 0.5621, Accuracy: 73.50%, AUC: 0.74 [VAL] Loss: 0.5926, Accuracy: 71.00%, Precision: 0.67, Recall: 0.77, F1: 0.72, AUC: 0.71
Epoch [41/100] [TRAIN] Loss: 0.5631, Accuracy: 72.38%, AUC: 0.72 [VAL] Loss: 0.5925, Accuracy: 71.00%, Precision: 0.67, Recall: 0.77, F1: 0.72, AUC: 0.71
Epoch [42/100] [TRAIN] Loss: 0.5693, Accuracy: 74.75%, AUC: 0.75 [VAL] Loss: 0.5922, Accuracy: 71.00%, Precision: 0.67, Recall: 0.77, F1: 0.72, AUC: 0.71
Epoch [43/100] [TRAIN] Loss: 0.5688, Accuracy: 73.75%, AUC: 0.74 [VAL] Loss: 0.5922, Accuracy: 71.00%, Precision: 0.67, Recall: 0.77, F1: 0.72, AUC: 0.71
Epoch [44/100] [TRAIN] Loss: 0.5576, Accuracy: 74.00%, AUC: 0.74 [VAL] Loss: 0.5917, Accuracy: 71.00%, Precision: 0.67, Recall: 0.77, F1: 0.72, AUC: 0.71
Epoch [45/100] [TRAIN] Loss: 0.5719, Accuracy: 71.88%, AUC: 0.72 [VAL] Loss: 0.5913, Accuracy: 71.00%, Precision: 0.67, Recall: 0.77, F1: 0.72, AUC: 0.71
Epoch [46/100] [TRAIN] Loss: 0.5610, Accuracy: 74.12%, AUC: 0.74 [VAL] Loss: 0.5911, Accuracy: 71.00%, Precision: 0.67, Recall: 0.77, F1: 0.72, AUC: 0.71
Epoch [47/100] [TRAIN] Loss: 0.5586, Accuracy: 74.50%, AUC: 0.74 [VAL] Loss: 0.5911, Accuracy: 71.00%, Precision: 0.67, Recall: 0.77, F1: 0.72, AUC: 0.71
Epoch [48/100] [TRAIN] Loss: 0.5594, Accuracy: 73.38%, AUC: 0.73 [VAL] Loss: 0.5910, Accuracy: 71.00%, Precision: 0.67, Recall: 0.77, F1: 0.72, AUC: 0.71
Epoch [49/100] [TRAIN] Loss: 0.5608, Accuracy: 74.62%, AUC: 0.75 [VAL] Loss: 0.5908, Accuracy: 71.00%, Precision: 0.67, Recall: 0.77, F1: 0.72, AUC: 0.71
Epoch [50/100] [TRAIN] Loss: 0.5692, Accuracy: 72.62%, AUC: 0.73 [VAL] Loss: 0.5901, Accuracy: 71.00%, Precision: 0.67, Recall: 0.77, F1: 0.72, AUC: 0.71
Epoch [51/100] [TRAIN] Loss: 0.5655, Accuracy: 73.00%, AUC: 0.73 [VAL] Loss: 0.5899, Accuracy: 71.00%, Precision: 0.67, Recall: 0.77, F1: 0.72, AUC: 0.71
Epoch [52/100] [TRAIN] Loss: 0.5615, Accuracy: 73.75%, AUC: 0.74 [VAL] Loss: 0.5896, Accuracy: 71.00%, Precision: 0.67, Recall: 0.77, F1: 0.72, AUC: 0.71
Epoch [53/100] [TRAIN] Loss: 0.5643, Accuracy: 74.12%, AUC: 0.74 [VAL] Loss: 0.5892, Accuracy: 71.00%, Precision: 0.67, Recall: 0.77, F1: 0.72, AUC: 0.71
Epoch [54/100] [TRAIN] Loss: 0.5506, Accuracy: 74.38%, AUC: 0.74 [VAL] Loss: 0.5891, Accuracy: 71.00%, Precision: 0.67, Recall: 0.77, F1: 0.72, AUC: 0.71
Epoch [55/100] [TRAIN] Loss: 0.5670, Accuracy: 74.25%, AUC: 0.74 [VAL] Loss: 0.5887, Accuracy: 71.00%, Precision: 0.67, Recall: 0.77, F1: 0.72, AUC: 0.71
Epoch [56/100] [TRAIN] Loss: 0.5623, Accuracy: 74.50%, AUC: 0.74 [VAL] Loss: 0.5885, Accuracy: 71.00%, Precision: 0.67, Recall: 0.77, F1: 0.72, AUC: 0.71
Epoch [57/100] [TRAIN] Loss: 0.5555, Accuracy: 74.12%, AUC: 0.74 [VAL] Loss: 0.5881, Accuracy: 71.00%, Precision: 0.67, Recall: 0.77, F1: 0.72, AUC: 0.71
Epoch [58/100] [TRAIN] Loss: 0.5606, Accuracy: 73.12%, AUC: 0.73 [VAL] Loss: 0.5877, Accuracy: 71.00%, Precision: 0.67, Recall: 0.77, F1: 0.72, AUC: 0.71
Epoch [59/100] [TRAIN] Loss: 0.5600, Accuracy: 73.88%, AUC: 0.74 [VAL] Loss: 0.5873, Accuracy: 71.00%, Precision: 0.67, Recall: 0.77, F1: 0.72, AUC: 0.71
Epoch [60/100] [TRAIN] Loss: 0.5583, Accuracy: 74.38%, AUC: 0.74 [VAL] Loss: 0.5867, Accuracy: 71.00%, Precision: 0.67, Recall: 0.77, F1: 0.72, AUC: 0.71
Epoch [61/100] [TRAIN] Loss: 0.5545, Accuracy: 75.12%, AUC: 0.75 [VAL] Loss: 0.5869, Accuracy: 71.00%, Precision: 0.67, Recall: 0.77, F1: 0.72, AUC: 0.71
Epoch [62/100] [TRAIN] Loss: 0.5598, Accuracy: 73.62%, AUC: 0.74 [VAL] Loss: 0.5868, Accuracy: 71.00%, Precision: 0.67, Recall: 0.77, F1: 0.72, AUC: 0.71
Epoch [63/100] [TRAIN] Loss: 0.5554, Accuracy: 73.38%, AUC: 0.73 [VAL] Loss: 0.5864, Accuracy: 71.00%, Precision: 0.67, Recall: 0.77, F1: 0.72, AUC: 0.71
Epoch [64/100] [TRAIN] Loss: 0.5678, Accuracy: 74.12%, AUC: 0.74 [VAL] Loss: 0.5862, Accuracy: 71.00%, Precision: 0.67, Recall: 0.77, F1: 0.72, AUC: 0.71
Epoch [65/100] [TRAIN] Loss: 0.5587, Accuracy: 75.12%, AUC: 0.75 [VAL] Loss: 0.5859, Accuracy: 71.00%, Precision: 0.67, Recall: 0.77, F1: 0.72, AUC: 0.71
Epoch [66/100] [TRAIN] Loss: 0.5505, Accuracy: 74.88%, AUC: 0.75 [VAL] Loss: 0.5854, Accuracy: 71.00%, Precision: 0.67, Recall: 0.77, F1: 0.72, AUC: 0.71
Epoch [67/100] [TRAIN] Loss: 0.5485, Accuracy: 73.12%, AUC: 0.73 [VAL] Loss: 0.5851, Accuracy: 71.00%, Precision: 0.67, Recall: 0.77, F1: 0.72, AUC: 0.71
Epoch [68/100] [TRAIN] Loss: 0.5530, Accuracy: 72.38%, AUC: 0.72 [VAL] Loss: 0.5851, Accuracy: 71.00%, Precision: 0.67, Recall: 0.77, F1: 0.72, AUC: 0.71
Epoch [69/100] [TRAIN] Loss: 0.5544, Accuracy: 74.38%, AUC: 0.74 [VAL] Loss: 0.5849, Accuracy: 71.00%, Precision: 0.67, Recall: 0.77, F1: 0.72, AUC: 0.71
Epoch [70/100] [TRAIN] Loss: 0.5581, Accuracy: 73.12%, AUC: 0.73 [VAL] Loss: 0.5844, Accuracy: 71.00%, Precision: 0.67, Recall: 0.77, F1: 0.72, AUC: 0.71
Epoch [71/100] [TRAIN] Loss: 0.5627, Accuracy: 74.50%, AUC: 0.74 [VAL] Loss: 0.5840, Accuracy: 71.00%, Precision: 0.67, Recall: 0.77, F1: 0.72, AUC: 0.71
Epoch [72/100] [TRAIN] Loss: 0.5438, Accuracy: 75.88%, AUC: 0.76 [VAL] Loss: 0.5834, Accuracy: 71.00%, Precision: 0.67, Recall: 0.77, F1: 0.72, AUC: 0.71
Epoch [73/100] [TRAIN] Loss: 0.5495, Accuracy: 75.38%, AUC: 0.75 [VAL] Loss: 0.5834, Accuracy: 71.00%, Precision: 0.67, Recall: 0.77, F1: 0.72, AUC: 0.71
Epoch [74/100] [TRAIN] Loss: 0.5400, Accuracy: 76.75%, AUC: 0.77 [VAL] Loss: 0.5832, Accuracy: 71.00%, Precision: 0.67, Recall: 0.77, F1: 0.72, AUC: 0.71
Epoch [75/100] [TRAIN] Loss: 0.5706, Accuracy: 74.38%, AUC: 0.74 [VAL] Loss: 0.5826, Accuracy: 71.00%, Precision: 0.67, Recall: 0.77, F1: 0.72, AUC: 0.71
Epoch [76/100] [TRAIN] Loss: 0.5683, Accuracy: 74.38%, AUC: 0.74 [VAL] Loss: 0.5820, Accuracy: 71.00%, Precision: 0.67, Recall: 0.77, F1: 0.72, AUC: 0.71
Epoch [77/100] [TRAIN] Loss: 0.5445, Accuracy: 74.88%, AUC: 0.75 [VAL] Loss: 0.5819, Accuracy: 71.00%, Precision: 0.67, Recall: 0.77, F1: 0.72, AUC: 0.71
Epoch [78/100] [TRAIN] Loss: 0.5519, Accuracy: 74.25%, AUC: 0.74 [VAL] Loss: 0.5814, Accuracy: 70.00%, Precision: 0.66, Recall: 0.77, F1: 0.71, AUC: 0.70
Epoch [79/100] [TRAIN] Loss: 0.5433, Accuracy: 76.25%, AUC: 0.76 [VAL] Loss: 0.5812, Accuracy: 70.00%, Precision: 0.66, Recall: 0.77, F1: 0.71, AUC: 0.70
Epoch [80/100] [TRAIN] Loss: 0.5482, Accuracy: 74.62%, AUC: 0.74 [VAL] Loss: 0.5810, Accuracy: 70.00%, Precision: 0.66, Recall: 0.77, F1: 0.71, AUC: 0.70
Epoch [81/100] [TRAIN] Loss: 0.5449, Accuracy: 75.38%, AUC: 0.75 [VAL] Loss: 0.5811, Accuracy: 69.00%, Precision: 0.65, Recall: 0.75, F1: 0.70, AUC: 0.69
Epoch [82/100] [TRAIN] Loss: 0.5612, Accuracy: 73.75%, AUC: 0.74 [VAL] Loss: 0.5807, Accuracy: 69.00%, Precision: 0.65, Recall: 0.75, F1: 0.70, AUC: 0.69
Epoch [83/100] [TRAIN] Loss: 0.5554, Accuracy: 74.25%, AUC: 0.74 [VAL] Loss: 0.5802, Accuracy: 69.00%, Precision: 0.65, Recall: 0.75, F1: 0.70, AUC: 0.69
Epoch [84/100] [TRAIN] Loss: 0.5469, Accuracy: 74.38%, AUC: 0.74 [VAL] Loss: 0.5802, Accuracy: 70.00%, Precision: 0.67, Recall: 0.75, F1: 0.71, AUC: 0.70
Epoch [85/100] [TRAIN] Loss: 0.5501, Accuracy: 73.62%, AUC: 0.74 [VAL] Loss: 0.5797, Accuracy: 69.00%, Precision: 0.65, Recall: 0.75, F1: 0.70, AUC: 0.69
Epoch [86/100] [TRAIN] Loss: 0.5515, Accuracy: 75.25%, AUC: 0.75 [VAL] Loss: 0.5791, Accuracy: 69.00%, Precision: 0.65, Recall: 0.75, F1: 0.70, AUC: 0.69
Epoch [87/100] [TRAIN] Loss: 0.5451, Accuracy: 75.00%, AUC: 0.75 [VAL] Loss: 0.5790, Accuracy: 70.00%, Precision: 0.67, Recall: 0.75, F1: 0.71, AUC: 0.70
Epoch [88/100] [TRAIN] Loss: 0.5404, Accuracy: 75.50%, AUC: 0.75 [VAL] Loss: 0.5791, Accuracy: 70.00%, Precision: 0.67, Recall: 0.75, F1: 0.71, AUC: 0.70
Epoch [89/100] [TRAIN] Loss: 0.5352, Accuracy: 78.25%, AUC: 0.78 [VAL] Loss: 0.5788, Accuracy: 70.00%, Precision: 0.67, Recall: 0.75, F1: 0.71, AUC: 0.70
Epoch [90/100] [TRAIN] Loss: 0.5532, Accuracy: 74.38%, AUC: 0.74 [VAL] Loss: 0.5783, Accuracy: 70.00%, Precision: 0.67, Recall: 0.75, F1: 0.71, AUC: 0.70
Epoch [91/100] [TRAIN] Loss: 0.5614, Accuracy: 74.50%, AUC: 0.74 [VAL] Loss: 0.5785, Accuracy: 70.00%, Precision: 0.67, Recall: 0.75, F1: 0.71, AUC: 0.70
Epoch [92/100] [TRAIN] Loss: 0.5390, Accuracy: 77.25%, AUC: 0.77 [VAL] Loss: 0.5780, Accuracy: 70.00%, Precision: 0.67, Recall: 0.75, F1: 0.71, AUC: 0.70
Epoch [93/100] [TRAIN] Loss: 0.5486, Accuracy: 74.25%, AUC: 0.74 [VAL] Loss: 0.5777, Accuracy: 70.00%, Precision: 0.67, Recall: 0.75, F1: 0.71, AUC: 0.70
Epoch [94/100] [TRAIN] Loss: 0.5430, Accuracy: 74.88%, AUC: 0.75 [VAL] Loss: 0.5776, Accuracy: 70.00%, Precision: 0.67, Recall: 0.75, F1: 0.71, AUC: 0.70
Epoch [95/100] [TRAIN] Loss: 0.5382, Accuracy: 75.25%, AUC: 0.75 [VAL] Loss: 0.5773, Accuracy: 70.00%, Precision: 0.67, Recall: 0.75, F1: 0.71, AUC: 0.70
Epoch [96/100] [TRAIN] Loss: 0.5425, Accuracy: 74.50%, AUC: 0.74 [VAL] Loss: 0.5769, Accuracy: 70.00%, Precision: 0.67, Recall: 0.75, F1: 0.71, AUC: 0.70
Epoch [97/100] [TRAIN] Loss: 0.5452, Accuracy: 75.88%, AUC: 0.76 [VAL] Loss: 0.5769, Accuracy: 71.00%, Precision: 0.68, Recall: 0.75, F1: 0.71, AUC: 0.71
Epoch [98/100] [TRAIN] Loss: 0.5485, Accuracy: 75.00%, AUC: 0.75 [VAL] Loss: 0.5767, Accuracy: 71.00%, Precision: 0.68, Recall: 0.75, F1: 0.71, AUC: 0.71
Epoch [99/100] [TRAIN] Loss: 0.5489, Accuracy: 75.62%, AUC: 0.76 [VAL] Loss: 0.5765, Accuracy: 71.00%, Precision: 0.68, Recall: 0.75, F1: 0.71, AUC: 0.71
Epoch [100/100] [TRAIN] Loss: 0.5386, Accuracy: 76.88%, AUC: 0.77 [VAL] Loss: 0.5763, Accuracy: 71.00%, Precision: 0.68, Recall: 0.75, F1: 0.71, AUC: 0.71
Seed: 1011
Accuracy:  70.00 %
AUC:       0.7054
Precision: 0.6275
Recall:    0.7442
F1-Score:  0.6809

Detailed Classification Report:
              precision    recall  f1-score   support

           0       0.78      0.67      0.72        57
           1       0.63      0.74      0.68        43

    accuracy                           0.70       100
   macro avg       0.70      0.71      0.70       100
weighted avg       0.71      0.70      0.70       100


Confusion Matrix:
[[38 19]
 [11 32]]


027-H3K4me3-H3K9ac-H3K27ac-H3K27me3
Train label distribution:
  Label 0:    422 (52.8%)
  Label 1:    378 (47.2%)
Val label distribution:
  Label 0:     52 (52.0%)
  Label 1:     48 (48.0%)
Test label distribution:
  Label 0:     57 (57.0%)
  Label 1:     43 (43.0%)
Epoch [1/100] [TRAIN] Loss: 0.7993, Accuracy: 34.50%, AUC: 0.34 [VAL] Loss: 0.7689, Accuracy: 29.00%, Precision: 0.27, Recall: 0.27, F1: 0.27, AUC: 0.29
Epoch [2/100] [TRAIN] Loss: 0.7577, Accuracy: 42.50%, AUC: 0.42 [VAL] Loss: 0.7343, Accuracy: 43.00%, Precision: 0.41, Recall: 0.42, F1: 0.41, AUC: 0.43
Epoch [3/100] [TRAIN] Loss: 0.7267, Accuracy: 49.00%, AUC: 0.49 [VAL] Loss: 0.7128, Accuracy: 56.00%, Precision: 0.54, Recall: 0.58, F1: 0.56, AUC: 0.56
Epoch [4/100] [TRAIN] Loss: 0.7036, Accuracy: 56.88%, AUC: 0.57 [VAL] Loss: 0.6966, Accuracy: 64.00%, Precision: 0.62, Recall: 0.67, F1: 0.64, AUC: 0.64
Epoch [5/100] [TRAIN] Loss: 0.6903, Accuracy: 62.00%, AUC: 0.62 [VAL] Loss: 0.6835, Accuracy: 67.00%, Precision: 0.65, Recall: 0.69, F1: 0.67, AUC: 0.67
Epoch [6/100] [TRAIN] Loss: 0.6786, Accuracy: 64.88%, AUC: 0.65 [VAL] Loss: 0.6720, Accuracy: 70.00%, Precision: 0.68, Recall: 0.71, F1: 0.69, AUC: 0.70
Epoch [7/100] [TRAIN] Loss: 0.6598, Accuracy: 68.25%, AUC: 0.68 [VAL] Loss: 0.6605, Accuracy: 70.00%, Precision: 0.67, Recall: 0.73, F1: 0.70, AUC: 0.70
Epoch [8/100] [TRAIN] Loss: 0.6476, Accuracy: 68.12%, AUC: 0.68 [VAL] Loss: 0.6498, Accuracy: 72.00%, Precision: 0.69, Recall: 0.75, F1: 0.72, AUC: 0.72
Epoch [9/100] [TRAIN] Loss: 0.6318, Accuracy: 71.12%, AUC: 0.71 [VAL] Loss: 0.6394, Accuracy: 74.00%, Precision: 0.70, Recall: 0.79, F1: 0.75, AUC: 0.74
Epoch [10/100] [TRAIN] Loss: 0.6346, Accuracy: 70.25%, AUC: 0.70 [VAL] Loss: 0.6285, Accuracy: 74.00%, Precision: 0.70, Recall: 0.79, F1: 0.75, AUC: 0.74
Epoch [11/100] [TRAIN] Loss: 0.6320, Accuracy: 72.12%, AUC: 0.72 [VAL] Loss: 0.6193, Accuracy: 74.00%, Precision: 0.70, Recall: 0.79, F1: 0.75, AUC: 0.74
Epoch [12/100] [TRAIN] Loss: 0.6228, Accuracy: 72.12%, AUC: 0.72 [VAL] Loss: 0.6110, Accuracy: 74.00%, Precision: 0.70, Recall: 0.79, F1: 0.75, AUC: 0.74
Epoch [13/100] [TRAIN] Loss: 0.6129, Accuracy: 70.12%, AUC: 0.70 [VAL] Loss: 0.6046, Accuracy: 74.00%, Precision: 0.70, Recall: 0.79, F1: 0.75, AUC: 0.74
Epoch [14/100] [TRAIN] Loss: 0.6111, Accuracy: 72.62%, AUC: 0.73 [VAL] Loss: 0.5995, Accuracy: 74.00%, Precision: 0.70, Recall: 0.79, F1: 0.75, AUC: 0.74
Epoch [15/100] [TRAIN] Loss: 0.6021, Accuracy: 74.38%, AUC: 0.74 [VAL] Loss: 0.5955, Accuracy: 74.00%, Precision: 0.70, Recall: 0.79, F1: 0.75, AUC: 0.74
Epoch [16/100] [TRAIN] Loss: 0.5940, Accuracy: 74.00%, AUC: 0.74 [VAL] Loss: 0.5926, Accuracy: 74.00%, Precision: 0.70, Recall: 0.79, F1: 0.75, AUC: 0.74
Epoch [17/100] [TRAIN] Loss: 0.5950, Accuracy: 73.00%, AUC: 0.73 [VAL] Loss: 0.5899, Accuracy: 74.00%, Precision: 0.70, Recall: 0.79, F1: 0.75, AUC: 0.74
Epoch [18/100] [TRAIN] Loss: 0.5936, Accuracy: 73.38%, AUC: 0.73 [VAL] Loss: 0.5880, Accuracy: 74.00%, Precision: 0.70, Recall: 0.79, F1: 0.75, AUC: 0.74
Epoch [19/100] [TRAIN] Loss: 0.5934, Accuracy: 71.75%, AUC: 0.72 [VAL] Loss: 0.5860, Accuracy: 74.00%, Precision: 0.70, Recall: 0.79, F1: 0.75, AUC: 0.74
Epoch [20/100] [TRAIN] Loss: 0.5794, Accuracy: 74.50%, AUC: 0.75 [VAL] Loss: 0.5840, Accuracy: 74.00%, Precision: 0.70, Recall: 0.79, F1: 0.75, AUC: 0.74
Epoch [21/100] [TRAIN] Loss: 0.5913, Accuracy: 73.50%, AUC: 0.73 [VAL] Loss: 0.5831, Accuracy: 74.00%, Precision: 0.70, Recall: 0.79, F1: 0.75, AUC: 0.74
Epoch [22/100] [TRAIN] Loss: 0.5896, Accuracy: 73.75%, AUC: 0.74 [VAL] Loss: 0.5823, Accuracy: 74.00%, Precision: 0.70, Recall: 0.79, F1: 0.75, AUC: 0.74
Epoch [23/100] [TRAIN] Loss: 0.5965, Accuracy: 74.12%, AUC: 0.74 [VAL] Loss: 0.5821, Accuracy: 74.00%, Precision: 0.70, Recall: 0.79, F1: 0.75, AUC: 0.74
Epoch [24/100] [TRAIN] Loss: 0.5948, Accuracy: 71.25%, AUC: 0.71 [VAL] Loss: 0.5815, Accuracy: 74.00%, Precision: 0.70, Recall: 0.79, F1: 0.75, AUC: 0.74
Epoch [25/100] [TRAIN] Loss: 0.5865, Accuracy: 74.75%, AUC: 0.75 [VAL] Loss: 0.5806, Accuracy: 74.00%, Precision: 0.70, Recall: 0.79, F1: 0.75, AUC: 0.74
Epoch [26/100] [TRAIN] Loss: 0.5899, Accuracy: 73.12%, AUC: 0.73 [VAL] Loss: 0.5805, Accuracy: 74.00%, Precision: 0.70, Recall: 0.79, F1: 0.75, AUC: 0.74
Epoch [27/100] [TRAIN] Loss: 0.5843, Accuracy: 72.88%, AUC: 0.73 [VAL] Loss: 0.5801, Accuracy: 74.00%, Precision: 0.70, Recall: 0.79, F1: 0.75, AUC: 0.74
Epoch [28/100] [TRAIN] Loss: 0.5638, Accuracy: 73.25%, AUC: 0.73 [VAL] Loss: 0.5798, Accuracy: 74.00%, Precision: 0.70, Recall: 0.79, F1: 0.75, AUC: 0.74
Epoch [29/100] [TRAIN] Loss: 0.5855, Accuracy: 74.00%, AUC: 0.74 [VAL] Loss: 0.5795, Accuracy: 74.00%, Precision: 0.70, Recall: 0.79, F1: 0.75, AUC: 0.74
Epoch [30/100] [TRAIN] Loss: 0.5755, Accuracy: 74.25%, AUC: 0.74 [VAL] Loss: 0.5791, Accuracy: 74.00%, Precision: 0.70, Recall: 0.79, F1: 0.75, AUC: 0.74
Epoch [31/100] [TRAIN] Loss: 0.5592, Accuracy: 74.12%, AUC: 0.74 [VAL] Loss: 0.5788, Accuracy: 74.00%, Precision: 0.70, Recall: 0.79, F1: 0.75, AUC: 0.74
Epoch [32/100] [TRAIN] Loss: 0.5771, Accuracy: 73.62%, AUC: 0.74 [VAL] Loss: 0.5786, Accuracy: 74.00%, Precision: 0.70, Recall: 0.79, F1: 0.75, AUC: 0.74
Epoch [33/100] [TRAIN] Loss: 0.5641, Accuracy: 75.25%, AUC: 0.75 [VAL] Loss: 0.5786, Accuracy: 74.00%, Precision: 0.70, Recall: 0.79, F1: 0.75, AUC: 0.74
Epoch [34/100] [TRAIN] Loss: 0.5754, Accuracy: 73.00%, AUC: 0.73 [VAL] Loss: 0.5784, Accuracy: 74.00%, Precision: 0.70, Recall: 0.79, F1: 0.75, AUC: 0.74
Epoch [35/100] [TRAIN] Loss: 0.5580, Accuracy: 75.75%, AUC: 0.76 [VAL] Loss: 0.5782, Accuracy: 74.00%, Precision: 0.70, Recall: 0.79, F1: 0.75, AUC: 0.74
Epoch [36/100] [TRAIN] Loss: 0.5896, Accuracy: 73.00%, AUC: 0.73 [VAL] Loss: 0.5784, Accuracy: 74.00%, Precision: 0.70, Recall: 0.79, F1: 0.75, AUC: 0.74
Epoch [37/100] [TRAIN] Loss: 0.5667, Accuracy: 74.50%, AUC: 0.74 [VAL] Loss: 0.5784, Accuracy: 74.00%, Precision: 0.70, Recall: 0.79, F1: 0.75, AUC: 0.74
Epoch [38/100] [TRAIN] Loss: 0.5627, Accuracy: 74.25%, AUC: 0.74 [VAL] Loss: 0.5782, Accuracy: 74.00%, Precision: 0.70, Recall: 0.79, F1: 0.75, AUC: 0.74
Epoch [39/100] [TRAIN] Loss: 0.5666, Accuracy: 74.38%, AUC: 0.74 [VAL] Loss: 0.5780, Accuracy: 74.00%, Precision: 0.70, Recall: 0.79, F1: 0.75, AUC: 0.74
Epoch [40/100] [TRAIN] Loss: 0.5652, Accuracy: 75.62%, AUC: 0.76 [VAL] Loss: 0.5780, Accuracy: 74.00%, Precision: 0.70, Recall: 0.79, F1: 0.75, AUC: 0.74
Epoch [41/100] [TRAIN] Loss: 0.5676, Accuracy: 75.62%, AUC: 0.76 [VAL] Loss: 0.5779, Accuracy: 74.00%, Precision: 0.70, Recall: 0.79, F1: 0.75, AUC: 0.74
Epoch [42/100] [TRAIN] Loss: 0.5501, Accuracy: 75.75%, AUC: 0.76 [VAL] Loss: 0.5778, Accuracy: 74.00%, Precision: 0.70, Recall: 0.79, F1: 0.75, AUC: 0.74
Epoch [43/100] [TRAIN] Loss: 0.5664, Accuracy: 74.38%, AUC: 0.74 [VAL] Loss: 0.5775, Accuracy: 74.00%, Precision: 0.70, Recall: 0.79, F1: 0.75, AUC: 0.74
Epoch [44/100] [TRAIN] Loss: 0.5607, Accuracy: 75.75%, AUC: 0.76 [VAL] Loss: 0.5774, Accuracy: 74.00%, Precision: 0.70, Recall: 0.79, F1: 0.75, AUC: 0.74
Epoch [45/100] [TRAIN] Loss: 0.5724, Accuracy: 74.12%, AUC: 0.74 [VAL] Loss: 0.5772, Accuracy: 74.00%, Precision: 0.70, Recall: 0.79, F1: 0.75, AUC: 0.74
Epoch [46/100] [TRAIN] Loss: 0.5490, Accuracy: 75.50%, AUC: 0.76 [VAL] Loss: 0.5770, Accuracy: 74.00%, Precision: 0.70, Recall: 0.79, F1: 0.75, AUC: 0.74
Epoch [47/100] [TRAIN] Loss: 0.5506, Accuracy: 74.50%, AUC: 0.74 [VAL] Loss: 0.5767, Accuracy: 74.00%, Precision: 0.70, Recall: 0.79, F1: 0.75, AUC: 0.74
Epoch [48/100] [TRAIN] Loss: 0.5697, Accuracy: 73.50%, AUC: 0.73 [VAL] Loss: 0.5767, Accuracy: 74.00%, Precision: 0.70, Recall: 0.79, F1: 0.75, AUC: 0.74
Epoch [49/100] [TRAIN] Loss: 0.5650, Accuracy: 72.75%, AUC: 0.73 [VAL] Loss: 0.5767, Accuracy: 74.00%, Precision: 0.70, Recall: 0.79, F1: 0.75, AUC: 0.74
Epoch [50/100] [TRAIN] Loss: 0.5457, Accuracy: 76.38%, AUC: 0.76 [VAL] Loss: 0.5767, Accuracy: 73.00%, Precision: 0.70, Recall: 0.77, F1: 0.73, AUC: 0.73
Epoch [51/100] [TRAIN] Loss: 0.5574, Accuracy: 75.62%, AUC: 0.76 [VAL] Loss: 0.5765, Accuracy: 73.00%, Precision: 0.70, Recall: 0.77, F1: 0.73, AUC: 0.73
Epoch [52/100] [TRAIN] Loss: 0.5702, Accuracy: 73.00%, AUC: 0.73 [VAL] Loss: 0.5766, Accuracy: 73.00%, Precision: 0.70, Recall: 0.77, F1: 0.73, AUC: 0.73
Epoch [53/100] [TRAIN] Loss: 0.5615, Accuracy: 73.75%, AUC: 0.74 [VAL] Loss: 0.5763, Accuracy: 73.00%, Precision: 0.70, Recall: 0.77, F1: 0.73, AUC: 0.73
Epoch [54/100] [TRAIN] Loss: 0.5559, Accuracy: 76.25%, AUC: 0.76 [VAL] Loss: 0.5762, Accuracy: 73.00%, Precision: 0.70, Recall: 0.77, F1: 0.73, AUC: 0.73
Epoch [55/100] [TRAIN] Loss: 0.5402, Accuracy: 76.25%, AUC: 0.76 [VAL] Loss: 0.5759, Accuracy: 73.00%, Precision: 0.70, Recall: 0.77, F1: 0.73, AUC: 0.73
Epoch [56/100] [TRAIN] Loss: 0.5421, Accuracy: 77.12%, AUC: 0.77 [VAL] Loss: 0.5761, Accuracy: 73.00%, Precision: 0.70, Recall: 0.77, F1: 0.73, AUC: 0.73
Epoch [57/100] [TRAIN] Loss: 0.5531, Accuracy: 76.00%, AUC: 0.76 [VAL] Loss: 0.5760, Accuracy: 73.00%, Precision: 0.70, Recall: 0.77, F1: 0.73, AUC: 0.73
Epoch [58/100] [TRAIN] Loss: 0.5438, Accuracy: 76.12%, AUC: 0.76 [VAL] Loss: 0.5762, Accuracy: 73.00%, Precision: 0.70, Recall: 0.77, F1: 0.73, AUC: 0.73
Epoch [59/100] [TRAIN] Loss: 0.5688, Accuracy: 74.00%, AUC: 0.74 [VAL] Loss: 0.5761, Accuracy: 73.00%, Precision: 0.70, Recall: 0.77, F1: 0.73, AUC: 0.73
Epoch [60/100] [TRAIN] Loss: 0.5534, Accuracy: 75.25%, AUC: 0.75 [VAL] Loss: 0.5758, Accuracy: 73.00%, Precision: 0.70, Recall: 0.77, F1: 0.73, AUC: 0.73
Epoch [61/100] [TRAIN] Loss: 0.5503, Accuracy: 74.75%, AUC: 0.75 [VAL] Loss: 0.5756, Accuracy: 73.00%, Precision: 0.70, Recall: 0.77, F1: 0.73, AUC: 0.73
Epoch [62/100] [TRAIN] Loss: 0.5440, Accuracy: 75.12%, AUC: 0.75 [VAL] Loss: 0.5759, Accuracy: 73.00%, Precision: 0.70, Recall: 0.77, F1: 0.73, AUC: 0.73
Epoch [63/100] [TRAIN] Loss: 0.5605, Accuracy: 73.88%, AUC: 0.74 [VAL] Loss: 0.5758, Accuracy: 73.00%, Precision: 0.70, Recall: 0.77, F1: 0.73, AUC: 0.73
Epoch [64/100] [TRAIN] Loss: 0.5653, Accuracy: 75.12%, AUC: 0.75 [VAL] Loss: 0.5758, Accuracy: 73.00%, Precision: 0.70, Recall: 0.77, F1: 0.73, AUC: 0.73
Epoch [65/100] [TRAIN] Loss: 0.5387, Accuracy: 76.62%, AUC: 0.76 [VAL] Loss: 0.5759, Accuracy: 72.00%, Precision: 0.69, Recall: 0.77, F1: 0.73, AUC: 0.72
Epoch [66/100] [TRAIN] Loss: 0.5337, Accuracy: 75.88%, AUC: 0.76 [VAL] Loss: 0.5762, Accuracy: 72.00%, Precision: 0.69, Recall: 0.77, F1: 0.73, AUC: 0.72
Epoch [67/100] [TRAIN] Loss: 0.5548, Accuracy: 74.75%, AUC: 0.75 [VAL] Loss: 0.5761, Accuracy: 72.00%, Precision: 0.69, Recall: 0.77, F1: 0.73, AUC: 0.72
Epoch [68/100] [TRAIN] Loss: 0.5446, Accuracy: 76.88%, AUC: 0.77 [VAL] Loss: 0.5761, Accuracy: 71.00%, Precision: 0.68, Recall: 0.75, F1: 0.71, AUC: 0.71
Epoch [69/100] [TRAIN] Loss: 0.5384, Accuracy: 76.25%, AUC: 0.76 [VAL] Loss: 0.5761, Accuracy: 71.00%, Precision: 0.68, Recall: 0.75, F1: 0.71, AUC: 0.71
Epoch [70/100] [TRAIN] Loss: 0.5447, Accuracy: 75.75%, AUC: 0.76 [VAL] Loss: 0.5761, Accuracy: 71.00%, Precision: 0.68, Recall: 0.75, F1: 0.71, AUC: 0.71
Epoch [71/100] [TRAIN] Loss: 0.5553, Accuracy: 75.38%, AUC: 0.75 [VAL] Loss: 0.5761, Accuracy: 71.00%, Precision: 0.68, Recall: 0.75, F1: 0.71, AUC: 0.71
  Early stopping at epoch 71 (no val_loss improvement for 10 epochs)
Seed: 1011
Accuracy:  72.00 %
AUC:       0.7230
Precision: 0.6531
Recall:    0.7442
F1-Score:  0.6957

Detailed Classification Report:
              precision    recall  f1-score   support

           0       0.78      0.70      0.74        57
           1       0.65      0.74      0.70        43

    accuracy                           0.72       100
   macro avg       0.72      0.72      0.72       100
weighted avg       0.73      0.72      0.72       100


Confusion Matrix:
[[40 17]
 [11 32]]


028-H3K4me3-H3K9me3-H3K27ac-H3K27me3
Train label distribution:
  Label 0:    422 (52.8%)
  Label 1:    378 (47.2%)
Val label distribution:
  Label 0:     52 (52.0%)
  Label 1:     48 (48.0%)
Test label distribution:
  Label 0:     57 (57.0%)
  Label 1:     43 (43.0%)
Epoch [1/100] [TRAIN] Loss: 0.6832, Accuracy: 61.50%, AUC: 0.61 [VAL] Loss: 0.6799, Accuracy: 63.00%, Precision: 0.60, Recall: 0.67, F1: 0.63, AUC: 0.63
Epoch [2/100] [TRAIN] Loss: 0.6618, Accuracy: 66.25%, AUC: 0.66 [VAL] Loss: 0.6624, Accuracy: 71.00%, Precision: 0.68, Recall: 0.75, F1: 0.71, AUC: 0.71
Epoch [3/100] [TRAIN] Loss: 0.6528, Accuracy: 69.25%, AUC: 0.69 [VAL] Loss: 0.6483, Accuracy: 73.00%, Precision: 0.71, Recall: 0.75, F1: 0.73, AUC: 0.73
Epoch [4/100] [TRAIN] Loss: 0.6435, Accuracy: 69.12%, AUC: 0.69 [VAL] Loss: 0.6386, Accuracy: 73.00%, Precision: 0.71, Recall: 0.75, F1: 0.73, AUC: 0.73
Epoch [5/100] [TRAIN] Loss: 0.6358, Accuracy: 69.50%, AUC: 0.70 [VAL] Loss: 0.6313, Accuracy: 71.00%, Precision: 0.68, Recall: 0.75, F1: 0.71, AUC: 0.71
Epoch [6/100] [TRAIN] Loss: 0.6063, Accuracy: 72.25%, AUC: 0.72 [VAL] Loss: 0.6240, Accuracy: 72.00%, Precision: 0.69, Recall: 0.75, F1: 0.72, AUC: 0.72
Epoch [7/100] [TRAIN] Loss: 0.6103, Accuracy: 72.38%, AUC: 0.72 [VAL] Loss: 0.6189, Accuracy: 72.00%, Precision: 0.69, Recall: 0.75, F1: 0.72, AUC: 0.72
Epoch [8/100] [TRAIN] Loss: 0.6042, Accuracy: 73.00%, AUC: 0.73 [VAL] Loss: 0.6145, Accuracy: 72.00%, Precision: 0.69, Recall: 0.75, F1: 0.72, AUC: 0.72
Epoch [9/100] [TRAIN] Loss: 0.6024, Accuracy: 73.62%, AUC: 0.74 [VAL] Loss: 0.6109, Accuracy: 72.00%, Precision: 0.69, Recall: 0.75, F1: 0.72, AUC: 0.72
Epoch [10/100] [TRAIN] Loss: 0.5898, Accuracy: 73.25%, AUC: 0.73 [VAL] Loss: 0.6080, Accuracy: 72.00%, Precision: 0.69, Recall: 0.75, F1: 0.72, AUC: 0.72
Epoch [11/100] [TRAIN] Loss: 0.5869, Accuracy: 72.25%, AUC: 0.72 [VAL] Loss: 0.6057, Accuracy: 73.00%, Precision: 0.70, Recall: 0.77, F1: 0.73, AUC: 0.73
Epoch [12/100] [TRAIN] Loss: 0.5979, Accuracy: 72.00%, AUC: 0.72 [VAL] Loss: 0.6041, Accuracy: 74.00%, Precision: 0.71, Recall: 0.77, F1: 0.74, AUC: 0.74
Epoch [13/100] [TRAIN] Loss: 0.5773, Accuracy: 74.88%, AUC: 0.75 [VAL] Loss: 0.6027, Accuracy: 74.00%, Precision: 0.71, Recall: 0.77, F1: 0.74, AUC: 0.74
Epoch [14/100] [TRAIN] Loss: 0.5794, Accuracy: 73.38%, AUC: 0.73 [VAL] Loss: 0.6014, Accuracy: 74.00%, Precision: 0.71, Recall: 0.77, F1: 0.74, AUC: 0.74
Epoch [15/100] [TRAIN] Loss: 0.5906, Accuracy: 72.75%, AUC: 0.73 [VAL] Loss: 0.6005, Accuracy: 74.00%, Precision: 0.71, Recall: 0.77, F1: 0.74, AUC: 0.74
Epoch [16/100] [TRAIN] Loss: 0.5831, Accuracy: 74.25%, AUC: 0.74 [VAL] Loss: 0.6000, Accuracy: 74.00%, Precision: 0.71, Recall: 0.77, F1: 0.74, AUC: 0.74
Epoch [17/100] [TRAIN] Loss: 0.5747, Accuracy: 74.75%, AUC: 0.75 [VAL] Loss: 0.5994, Accuracy: 74.00%, Precision: 0.71, Recall: 0.77, F1: 0.74, AUC: 0.74
Epoch [18/100] [TRAIN] Loss: 0.5875, Accuracy: 73.88%, AUC: 0.74 [VAL] Loss: 0.5985, Accuracy: 75.00%, Precision: 0.72, Recall: 0.79, F1: 0.75, AUC: 0.75
Epoch [19/100] [TRAIN] Loss: 0.5718, Accuracy: 74.25%, AUC: 0.74 [VAL] Loss: 0.5979, Accuracy: 75.00%, Precision: 0.72, Recall: 0.79, F1: 0.75, AUC: 0.75
Epoch [20/100] [TRAIN] Loss: 0.5643, Accuracy: 74.62%, AUC: 0.75 [VAL] Loss: 0.5971, Accuracy: 75.00%, Precision: 0.72, Recall: 0.79, F1: 0.75, AUC: 0.75
Epoch [21/100] [TRAIN] Loss: 0.5798, Accuracy: 73.50%, AUC: 0.74 [VAL] Loss: 0.5968, Accuracy: 75.00%, Precision: 0.72, Recall: 0.79, F1: 0.75, AUC: 0.75
Epoch [22/100] [TRAIN] Loss: 0.5707, Accuracy: 74.62%, AUC: 0.75 [VAL] Loss: 0.5965, Accuracy: 75.00%, Precision: 0.72, Recall: 0.79, F1: 0.75, AUC: 0.75
Epoch [23/100] [TRAIN] Loss: 0.5655, Accuracy: 74.50%, AUC: 0.74 [VAL] Loss: 0.5960, Accuracy: 75.00%, Precision: 0.72, Recall: 0.79, F1: 0.75, AUC: 0.75
Epoch [24/100] [TRAIN] Loss: 0.5768, Accuracy: 73.75%, AUC: 0.74 [VAL] Loss: 0.5954, Accuracy: 75.00%, Precision: 0.72, Recall: 0.79, F1: 0.75, AUC: 0.75
Epoch [25/100] [TRAIN] Loss: 0.5717, Accuracy: 75.00%, AUC: 0.75 [VAL] Loss: 0.5954, Accuracy: 75.00%, Precision: 0.72, Recall: 0.79, F1: 0.75, AUC: 0.75
Epoch [26/100] [TRAIN] Loss: 0.5684, Accuracy: 75.62%, AUC: 0.76 [VAL] Loss: 0.5951, Accuracy: 75.00%, Precision: 0.72, Recall: 0.79, F1: 0.75, AUC: 0.75
Epoch [27/100] [TRAIN] Loss: 0.5673, Accuracy: 75.25%, AUC: 0.75 [VAL] Loss: 0.5944, Accuracy: 74.00%, Precision: 0.71, Recall: 0.77, F1: 0.74, AUC: 0.74
Epoch [28/100] [TRAIN] Loss: 0.5632, Accuracy: 74.88%, AUC: 0.75 [VAL] Loss: 0.5940, Accuracy: 74.00%, Precision: 0.71, Recall: 0.77, F1: 0.74, AUC: 0.74
Epoch [29/100] [TRAIN] Loss: 0.5769, Accuracy: 74.62%, AUC: 0.75 [VAL] Loss: 0.5934, Accuracy: 74.00%, Precision: 0.71, Recall: 0.77, F1: 0.74, AUC: 0.74
Epoch [30/100] [TRAIN] Loss: 0.5838, Accuracy: 72.62%, AUC: 0.73 [VAL] Loss: 0.5930, Accuracy: 74.00%, Precision: 0.71, Recall: 0.77, F1: 0.74, AUC: 0.74
Epoch [31/100] [TRAIN] Loss: 0.5698, Accuracy: 72.88%, AUC: 0.73 [VAL] Loss: 0.5927, Accuracy: 74.00%, Precision: 0.71, Recall: 0.77, F1: 0.74, AUC: 0.74
Epoch [32/100] [TRAIN] Loss: 0.5754, Accuracy: 74.00%, AUC: 0.74 [VAL] Loss: 0.5927, Accuracy: 74.00%, Precision: 0.71, Recall: 0.77, F1: 0.74, AUC: 0.74
Epoch [33/100] [TRAIN] Loss: 0.5641, Accuracy: 74.12%, AUC: 0.74 [VAL] Loss: 0.5925, Accuracy: 74.00%, Precision: 0.71, Recall: 0.77, F1: 0.74, AUC: 0.74
Epoch [34/100] [TRAIN] Loss: 0.5794, Accuracy: 72.88%, AUC: 0.73 [VAL] Loss: 0.5924, Accuracy: 73.00%, Precision: 0.71, Recall: 0.75, F1: 0.73, AUC: 0.73
Epoch [35/100] [TRAIN] Loss: 0.5838, Accuracy: 72.75%, AUC: 0.73 [VAL] Loss: 0.5923, Accuracy: 73.00%, Precision: 0.71, Recall: 0.75, F1: 0.73, AUC: 0.73
Epoch [36/100] [TRAIN] Loss: 0.5589, Accuracy: 73.88%, AUC: 0.74 [VAL] Loss: 0.5921, Accuracy: 73.00%, Precision: 0.71, Recall: 0.75, F1: 0.73, AUC: 0.73
Epoch [37/100] [TRAIN] Loss: 0.5664, Accuracy: 74.75%, AUC: 0.75 [VAL] Loss: 0.5920, Accuracy: 73.00%, Precision: 0.71, Recall: 0.75, F1: 0.73, AUC: 0.73
Epoch [38/100] [TRAIN] Loss: 0.5709, Accuracy: 73.25%, AUC: 0.73 [VAL] Loss: 0.5918, Accuracy: 72.00%, Precision: 0.69, Recall: 0.75, F1: 0.72, AUC: 0.72
Epoch [39/100] [TRAIN] Loss: 0.5551, Accuracy: 75.88%, AUC: 0.76 [VAL] Loss: 0.5916, Accuracy: 72.00%, Precision: 0.69, Recall: 0.75, F1: 0.72, AUC: 0.72
Epoch [40/100] [TRAIN] Loss: 0.5557, Accuracy: 74.50%, AUC: 0.75 [VAL] Loss: 0.5918, Accuracy: 72.00%, Precision: 0.69, Recall: 0.75, F1: 0.72, AUC: 0.72
Epoch [41/100] [TRAIN] Loss: 0.5474, Accuracy: 75.50%, AUC: 0.75 [VAL] Loss: 0.5918, Accuracy: 72.00%, Precision: 0.69, Recall: 0.75, F1: 0.72, AUC: 0.72
Epoch [42/100] [TRAIN] Loss: 0.5614, Accuracy: 74.50%, AUC: 0.74 [VAL] Loss: 0.5921, Accuracy: 72.00%, Precision: 0.69, Recall: 0.75, F1: 0.72, AUC: 0.72
Epoch [43/100] [TRAIN] Loss: 0.5505, Accuracy: 75.75%, AUC: 0.76 [VAL] Loss: 0.5918, Accuracy: 72.00%, Precision: 0.69, Recall: 0.75, F1: 0.72, AUC: 0.72
Epoch [44/100] [TRAIN] Loss: 0.5595, Accuracy: 74.88%, AUC: 0.75 [VAL] Loss: 0.5923, Accuracy: 72.00%, Precision: 0.69, Recall: 0.75, F1: 0.72, AUC: 0.72
Epoch [45/100] [TRAIN] Loss: 0.5638, Accuracy: 74.00%, AUC: 0.74 [VAL] Loss: 0.5923, Accuracy: 72.00%, Precision: 0.69, Recall: 0.75, F1: 0.72, AUC: 0.72
Epoch [46/100] [TRAIN] Loss: 0.5514, Accuracy: 75.38%, AUC: 0.75 [VAL] Loss: 0.5923, Accuracy: 72.00%, Precision: 0.69, Recall: 0.75, F1: 0.72, AUC: 0.72
Epoch [47/100] [TRAIN] Loss: 0.5501, Accuracy: 76.12%, AUC: 0.76 [VAL] Loss: 0.5923, Accuracy: 72.00%, Precision: 0.69, Recall: 0.75, F1: 0.72, AUC: 0.72
Epoch [48/100] [TRAIN] Loss: 0.5694, Accuracy: 75.00%, AUC: 0.75 [VAL] Loss: 0.5923, Accuracy: 72.00%, Precision: 0.69, Recall: 0.75, F1: 0.72, AUC: 0.72
Epoch [49/100] [TRAIN] Loss: 0.5555, Accuracy: 74.75%, AUC: 0.75 [VAL] Loss: 0.5923, Accuracy: 72.00%, Precision: 0.69, Recall: 0.75, F1: 0.72, AUC: 0.72
  Early stopping at epoch 49 (no val_loss improvement for 10 epochs)
Seed: 1011
Accuracy:  74.00 %
AUC:       0.7405
Precision: 0.6809
Recall:    0.7442
F1-Score:  0.7111

Detailed Classification Report:
              precision    recall  f1-score   support

           0       0.79      0.74      0.76        57
           1       0.68      0.74      0.71        43

    accuracy                           0.74       100
   macro avg       0.74      0.74      0.74       100
weighted avg       0.74      0.74      0.74       100


Confusion Matrix:
[[42 15]
 [11 32]]


029-H3K9ac-H3K9me3-H3K27ac-H3K27me3
Train label distribution:
  Label 0:    422 (52.8%)
  Label 1:    378 (47.2%)
Val label distribution:
  Label 0:     52 (52.0%)
  Label 1:     48 (48.0%)
Test label distribution:
  Label 0:     57 (57.0%)
  Label 1:     43 (43.0%)
Epoch [1/100] [TRAIN] Loss: 0.7051, Accuracy: 57.00%, AUC: 0.57 [VAL] Loss: 0.6795, Accuracy: 66.00%, Precision: 0.65, Recall: 0.65, F1: 0.65, AUC: 0.66
Epoch [2/100] [TRAIN] Loss: 0.6686, Accuracy: 61.75%, AUC: 0.62 [VAL] Loss: 0.6523, Accuracy: 74.00%, Precision: 0.73, Recall: 0.73, F1: 0.73, AUC: 0.74
Epoch [3/100] [TRAIN] Loss: 0.6385, Accuracy: 69.25%, AUC: 0.69 [VAL] Loss: 0.6332, Accuracy: 73.00%, Precision: 0.72, Recall: 0.71, F1: 0.72, AUC: 0.73
Epoch [4/100] [TRAIN] Loss: 0.6230, Accuracy: 72.25%, AUC: 0.72 [VAL] Loss: 0.6215, Accuracy: 72.00%, Precision: 0.71, Recall: 0.71, F1: 0.71, AUC: 0.72
Epoch [5/100] [TRAIN] Loss: 0.6091, Accuracy: 71.75%, AUC: 0.72 [VAL] Loss: 0.6129, Accuracy: 74.00%, Precision: 0.73, Recall: 0.73, F1: 0.73, AUC: 0.74
Epoch [6/100] [TRAIN] Loss: 0.6139, Accuracy: 71.50%, AUC: 0.72 [VAL] Loss: 0.6080, Accuracy: 74.00%, Precision: 0.72, Recall: 0.75, F1: 0.73, AUC: 0.74
Epoch [7/100] [TRAIN] Loss: 0.5975, Accuracy: 70.75%, AUC: 0.71 [VAL] Loss: 0.6048, Accuracy: 74.00%, Precision: 0.72, Recall: 0.75, F1: 0.73, AUC: 0.74
Epoch [8/100] [TRAIN] Loss: 0.5925, Accuracy: 74.25%, AUC: 0.74 [VAL] Loss: 0.6016, Accuracy: 74.00%, Precision: 0.72, Recall: 0.75, F1: 0.73, AUC: 0.74
Epoch [9/100] [TRAIN] Loss: 0.5962, Accuracy: 73.12%, AUC: 0.73 [VAL] Loss: 0.5994, Accuracy: 75.00%, Precision: 0.73, Recall: 0.77, F1: 0.75, AUC: 0.75
Epoch [10/100] [TRAIN] Loss: 0.5948, Accuracy: 72.75%, AUC: 0.73 [VAL] Loss: 0.5982, Accuracy: 75.00%, Precision: 0.73, Recall: 0.77, F1: 0.75, AUC: 0.75
Epoch [11/100] [TRAIN] Loss: 0.5813, Accuracy: 73.50%, AUC: 0.74 [VAL] Loss: 0.5966, Accuracy: 75.00%, Precision: 0.73, Recall: 0.77, F1: 0.75, AUC: 0.75
Epoch [12/100] [TRAIN] Loss: 0.5773, Accuracy: 74.38%, AUC: 0.74 [VAL] Loss: 0.5963, Accuracy: 75.00%, Precision: 0.73, Recall: 0.77, F1: 0.75, AUC: 0.75
Epoch [13/100] [TRAIN] Loss: 0.5844, Accuracy: 71.12%, AUC: 0.71 [VAL] Loss: 0.5958, Accuracy: 75.00%, Precision: 0.73, Recall: 0.77, F1: 0.75, AUC: 0.75
Epoch [14/100] [TRAIN] Loss: 0.5768, Accuracy: 74.00%, AUC: 0.74 [VAL] Loss: 0.5950, Accuracy: 75.00%, Precision: 0.73, Recall: 0.77, F1: 0.75, AUC: 0.75
Epoch [15/100] [TRAIN] Loss: 0.5937, Accuracy: 73.38%, AUC: 0.73 [VAL] Loss: 0.5944, Accuracy: 75.00%, Precision: 0.73, Recall: 0.77, F1: 0.75, AUC: 0.75
Epoch [16/100] [TRAIN] Loss: 0.5650, Accuracy: 73.62%, AUC: 0.74 [VAL] Loss: 0.5941, Accuracy: 75.00%, Precision: 0.73, Recall: 0.77, F1: 0.75, AUC: 0.75
Epoch [17/100] [TRAIN] Loss: 0.5774, Accuracy: 75.75%, AUC: 0.76 [VAL] Loss: 0.5938, Accuracy: 75.00%, Precision: 0.73, Recall: 0.77, F1: 0.75, AUC: 0.75
Epoch [18/100] [TRAIN] Loss: 0.5720, Accuracy: 76.00%, AUC: 0.76 [VAL] Loss: 0.5931, Accuracy: 75.00%, Precision: 0.73, Recall: 0.77, F1: 0.75, AUC: 0.75
Epoch [19/100] [TRAIN] Loss: 0.5872, Accuracy: 76.25%, AUC: 0.76 [VAL] Loss: 0.5926, Accuracy: 75.00%, Precision: 0.73, Recall: 0.77, F1: 0.75, AUC: 0.75
Epoch [20/100] [TRAIN] Loss: 0.5727, Accuracy: 74.62%, AUC: 0.75 [VAL] Loss: 0.5920, Accuracy: 75.00%, Precision: 0.73, Recall: 0.77, F1: 0.75, AUC: 0.75
Epoch [21/100] [TRAIN] Loss: 0.5728, Accuracy: 76.00%, AUC: 0.76 [VAL] Loss: 0.5918, Accuracy: 75.00%, Precision: 0.73, Recall: 0.77, F1: 0.75, AUC: 0.75
Epoch [22/100] [TRAIN] Loss: 0.5726, Accuracy: 75.00%, AUC: 0.75 [VAL] Loss: 0.5914, Accuracy: 75.00%, Precision: 0.73, Recall: 0.77, F1: 0.75, AUC: 0.75
Epoch [23/100] [TRAIN] Loss: 0.5747, Accuracy: 73.75%, AUC: 0.74 [VAL] Loss: 0.5910, Accuracy: 74.00%, Precision: 0.72, Recall: 0.75, F1: 0.73, AUC: 0.74
Epoch [24/100] [TRAIN] Loss: 0.5736, Accuracy: 74.25%, AUC: 0.74 [VAL] Loss: 0.5905, Accuracy: 74.00%, Precision: 0.72, Recall: 0.75, F1: 0.73, AUC: 0.74
Epoch [25/100] [TRAIN] Loss: 0.5725, Accuracy: 73.50%, AUC: 0.74 [VAL] Loss: 0.5898, Accuracy: 74.00%, Precision: 0.72, Recall: 0.75, F1: 0.73, AUC: 0.74
Epoch [26/100] [TRAIN] Loss: 0.5752, Accuracy: 74.50%, AUC: 0.74 [VAL] Loss: 0.5894, Accuracy: 73.00%, Precision: 0.71, Recall: 0.73, F1: 0.72, AUC: 0.73
Epoch [27/100] [TRAIN] Loss: 0.5781, Accuracy: 75.00%, AUC: 0.75 [VAL] Loss: 0.5896, Accuracy: 73.00%, Precision: 0.71, Recall: 0.73, F1: 0.72, AUC: 0.73
Epoch [28/100] [TRAIN] Loss: 0.5494, Accuracy: 75.75%, AUC: 0.76 [VAL] Loss: 0.5891, Accuracy: 73.00%, Precision: 0.71, Recall: 0.73, F1: 0.72, AUC: 0.73
Epoch [29/100] [TRAIN] Loss: 0.5781, Accuracy: 73.88%, AUC: 0.74 [VAL] Loss: 0.5890, Accuracy: 73.00%, Precision: 0.71, Recall: 0.73, F1: 0.72, AUC: 0.73
Epoch [30/100] [TRAIN] Loss: 0.5679, Accuracy: 75.88%, AUC: 0.76 [VAL] Loss: 0.5888, Accuracy: 73.00%, Precision: 0.71, Recall: 0.73, F1: 0.72, AUC: 0.73
Epoch [31/100] [TRAIN] Loss: 0.5796, Accuracy: 75.88%, AUC: 0.76 [VAL] Loss: 0.5883, Accuracy: 73.00%, Precision: 0.71, Recall: 0.73, F1: 0.72, AUC: 0.73
Epoch [32/100] [TRAIN] Loss: 0.5644, Accuracy: 73.12%, AUC: 0.73 [VAL] Loss: 0.5881, Accuracy: 73.00%, Precision: 0.71, Recall: 0.73, F1: 0.72, AUC: 0.73
Epoch [33/100] [TRAIN] Loss: 0.5600, Accuracy: 75.12%, AUC: 0.75 [VAL] Loss: 0.5877, Accuracy: 73.00%, Precision: 0.71, Recall: 0.73, F1: 0.72, AUC: 0.73
Epoch [34/100] [TRAIN] Loss: 0.5704, Accuracy: 72.50%, AUC: 0.73 [VAL] Loss: 0.5877, Accuracy: 74.00%, Precision: 0.72, Recall: 0.75, F1: 0.73, AUC: 0.74
Epoch [35/100] [TRAIN] Loss: 0.5498, Accuracy: 75.12%, AUC: 0.75 [VAL] Loss: 0.5876, Accuracy: 74.00%, Precision: 0.72, Recall: 0.75, F1: 0.73, AUC: 0.74
Epoch [36/100] [TRAIN] Loss: 0.5545, Accuracy: 75.25%, AUC: 0.75 [VAL] Loss: 0.5877, Accuracy: 74.00%, Precision: 0.72, Recall: 0.75, F1: 0.73, AUC: 0.74
Epoch [37/100] [TRAIN] Loss: 0.5698, Accuracy: 74.38%, AUC: 0.74 [VAL] Loss: 0.5875, Accuracy: 74.00%, Precision: 0.72, Recall: 0.75, F1: 0.73, AUC: 0.74
Epoch [38/100] [TRAIN] Loss: 0.5594, Accuracy: 74.75%, AUC: 0.75 [VAL] Loss: 0.5876, Accuracy: 74.00%, Precision: 0.72, Recall: 0.75, F1: 0.73, AUC: 0.74
Epoch [39/100] [TRAIN] Loss: 0.5618, Accuracy: 75.25%, AUC: 0.75 [VAL] Loss: 0.5876, Accuracy: 74.00%, Precision: 0.72, Recall: 0.75, F1: 0.73, AUC: 0.74
Epoch [40/100] [TRAIN] Loss: 0.5652, Accuracy: 74.62%, AUC: 0.75 [VAL] Loss: 0.5875, Accuracy: 74.00%, Precision: 0.72, Recall: 0.75, F1: 0.73, AUC: 0.74
Epoch [41/100] [TRAIN] Loss: 0.5577, Accuracy: 74.62%, AUC: 0.75 [VAL] Loss: 0.5876, Accuracy: 74.00%, Precision: 0.72, Recall: 0.75, F1: 0.73, AUC: 0.74
Epoch [42/100] [TRAIN] Loss: 0.5687, Accuracy: 76.12%, AUC: 0.76 [VAL] Loss: 0.5873, Accuracy: 75.00%, Precision: 0.73, Recall: 0.75, F1: 0.74, AUC: 0.75
Epoch [43/100] [TRAIN] Loss: 0.5674, Accuracy: 73.00%, AUC: 0.73 [VAL] Loss: 0.5868, Accuracy: 74.00%, Precision: 0.72, Recall: 0.75, F1: 0.73, AUC: 0.74
Epoch [44/100] [TRAIN] Loss: 0.5606, Accuracy: 75.75%, AUC: 0.76 [VAL] Loss: 0.5866, Accuracy: 74.00%, Precision: 0.72, Recall: 0.75, F1: 0.73, AUC: 0.74
Epoch [45/100] [TRAIN] Loss: 0.5605, Accuracy: 75.50%, AUC: 0.76 [VAL] Loss: 0.5868, Accuracy: 74.00%, Precision: 0.72, Recall: 0.75, F1: 0.73, AUC: 0.74
Epoch [46/100] [TRAIN] Loss: 0.5628, Accuracy: 77.50%, AUC: 0.78 [VAL] Loss: 0.5863, Accuracy: 73.00%, Precision: 0.71, Recall: 0.75, F1: 0.73, AUC: 0.73
Epoch [47/100] [TRAIN] Loss: 0.5430, Accuracy: 76.12%, AUC: 0.76 [VAL] Loss: 0.5860, Accuracy: 73.00%, Precision: 0.71, Recall: 0.75, F1: 0.73, AUC: 0.73
Epoch [48/100] [TRAIN] Loss: 0.5594, Accuracy: 75.38%, AUC: 0.75 [VAL] Loss: 0.5861, Accuracy: 72.00%, Precision: 0.69, Recall: 0.75, F1: 0.72, AUC: 0.72
Epoch [49/100] [TRAIN] Loss: 0.5626, Accuracy: 76.00%, AUC: 0.76 [VAL] Loss: 0.5862, Accuracy: 72.00%, Precision: 0.69, Recall: 0.75, F1: 0.72, AUC: 0.72
Epoch [50/100] [TRAIN] Loss: 0.5678, Accuracy: 73.88%, AUC: 0.74 [VAL] Loss: 0.5856, Accuracy: 73.00%, Precision: 0.71, Recall: 0.75, F1: 0.73, AUC: 0.73
Epoch [51/100] [TRAIN] Loss: 0.5598, Accuracy: 76.25%, AUC: 0.76 [VAL] Loss: 0.5853, Accuracy: 73.00%, Precision: 0.71, Recall: 0.75, F1: 0.73, AUC: 0.73
Epoch [52/100] [TRAIN] Loss: 0.5505, Accuracy: 76.75%, AUC: 0.77 [VAL] Loss: 0.5852, Accuracy: 73.00%, Precision: 0.71, Recall: 0.75, F1: 0.73, AUC: 0.73
Epoch [53/100] [TRAIN] Loss: 0.5523, Accuracy: 76.12%, AUC: 0.76 [VAL] Loss: 0.5851, Accuracy: 74.00%, Precision: 0.72, Recall: 0.75, F1: 0.73, AUC: 0.74
Epoch [54/100] [TRAIN] Loss: 0.5579, Accuracy: 75.38%, AUC: 0.75 [VAL] Loss: 0.5849, Accuracy: 73.00%, Precision: 0.71, Recall: 0.75, F1: 0.73, AUC: 0.73
Epoch [55/100] [TRAIN] Loss: 0.5576, Accuracy: 76.00%, AUC: 0.76 [VAL] Loss: 0.5842, Accuracy: 72.00%, Precision: 0.69, Recall: 0.75, F1: 0.72, AUC: 0.72
Epoch [56/100] [TRAIN] Loss: 0.5487, Accuracy: 75.88%, AUC: 0.76 [VAL] Loss: 0.5840, Accuracy: 73.00%, Precision: 0.71, Recall: 0.75, F1: 0.73, AUC: 0.73
Epoch [57/100] [TRAIN] Loss: 0.5533, Accuracy: 76.50%, AUC: 0.77 [VAL] Loss: 0.5841, Accuracy: 72.00%, Precision: 0.69, Recall: 0.75, F1: 0.72, AUC: 0.72
Epoch [58/100] [TRAIN] Loss: 0.5722, Accuracy: 76.00%, AUC: 0.76 [VAL] Loss: 0.5840, Accuracy: 72.00%, Precision: 0.69, Recall: 0.75, F1: 0.72, AUC: 0.72
Epoch [59/100] [TRAIN] Loss: 0.5592, Accuracy: 73.62%, AUC: 0.74 [VAL] Loss: 0.5836, Accuracy: 72.00%, Precision: 0.69, Recall: 0.75, F1: 0.72, AUC: 0.72
Epoch [60/100] [TRAIN] Loss: 0.5574, Accuracy: 74.50%, AUC: 0.75 [VAL] Loss: 0.5835, Accuracy: 73.00%, Precision: 0.71, Recall: 0.75, F1: 0.73, AUC: 0.73
Epoch [61/100] [TRAIN] Loss: 0.5510, Accuracy: 76.62%, AUC: 0.77 [VAL] Loss: 0.5832, Accuracy: 72.00%, Precision: 0.69, Recall: 0.75, F1: 0.72, AUC: 0.72
Epoch [62/100] [TRAIN] Loss: 0.5472, Accuracy: 76.00%, AUC: 0.76 [VAL] Loss: 0.5828, Accuracy: 73.00%, Precision: 0.71, Recall: 0.75, F1: 0.73, AUC: 0.73
Epoch [63/100] [TRAIN] Loss: 0.5430, Accuracy: 75.00%, AUC: 0.75 [VAL] Loss: 0.5826, Accuracy: 73.00%, Precision: 0.71, Recall: 0.75, F1: 0.73, AUC: 0.73
Epoch [64/100] [TRAIN] Loss: 0.5490, Accuracy: 76.00%, AUC: 0.76 [VAL] Loss: 0.5825, Accuracy: 73.00%, Precision: 0.71, Recall: 0.75, F1: 0.73, AUC: 0.73
Epoch [65/100] [TRAIN] Loss: 0.5428, Accuracy: 77.00%, AUC: 0.77 [VAL] Loss: 0.5826, Accuracy: 73.00%, Precision: 0.71, Recall: 0.75, F1: 0.73, AUC: 0.73
Epoch [66/100] [TRAIN] Loss: 0.5591, Accuracy: 74.38%, AUC: 0.74 [VAL] Loss: 0.5822, Accuracy: 73.00%, Precision: 0.71, Recall: 0.75, F1: 0.73, AUC: 0.73
Epoch [67/100] [TRAIN] Loss: 0.5514, Accuracy: 74.88%, AUC: 0.75 [VAL] Loss: 0.5821, Accuracy: 72.00%, Precision: 0.69, Recall: 0.75, F1: 0.72, AUC: 0.72
Epoch [68/100] [TRAIN] Loss: 0.5482, Accuracy: 75.62%, AUC: 0.76 [VAL] Loss: 0.5820, Accuracy: 72.00%, Precision: 0.69, Recall: 0.75, F1: 0.72, AUC: 0.72
Epoch [69/100] [TRAIN] Loss: 0.5628, Accuracy: 73.25%, AUC: 0.73 [VAL] Loss: 0.5819, Accuracy: 72.00%, Precision: 0.69, Recall: 0.75, F1: 0.72, AUC: 0.72
Epoch [70/100] [TRAIN] Loss: 0.5430, Accuracy: 75.88%, AUC: 0.76 [VAL] Loss: 0.5815, Accuracy: 72.00%, Precision: 0.69, Recall: 0.75, F1: 0.72, AUC: 0.72
Epoch [71/100] [TRAIN] Loss: 0.5508, Accuracy: 75.12%, AUC: 0.75 [VAL] Loss: 0.5815, Accuracy: 72.00%, Precision: 0.69, Recall: 0.75, F1: 0.72, AUC: 0.72
Epoch [72/100] [TRAIN] Loss: 0.5435, Accuracy: 76.38%, AUC: 0.76 [VAL] Loss: 0.5814, Accuracy: 72.00%, Precision: 0.69, Recall: 0.75, F1: 0.72, AUC: 0.72
Epoch [73/100] [TRAIN] Loss: 0.5664, Accuracy: 74.50%, AUC: 0.74 [VAL] Loss: 0.5815, Accuracy: 72.00%, Precision: 0.69, Recall: 0.75, F1: 0.72, AUC: 0.72
Epoch [74/100] [TRAIN] Loss: 0.5602, Accuracy: 75.38%, AUC: 0.75 [VAL] Loss: 0.5809, Accuracy: 72.00%, Precision: 0.69, Recall: 0.75, F1: 0.72, AUC: 0.72
Epoch [75/100] [TRAIN] Loss: 0.5556, Accuracy: 74.12%, AUC: 0.74 [VAL] Loss: 0.5810, Accuracy: 72.00%, Precision: 0.69, Recall: 0.75, F1: 0.72, AUC: 0.72
Epoch [76/100] [TRAIN] Loss: 0.5465, Accuracy: 75.00%, AUC: 0.75 [VAL] Loss: 0.5811, Accuracy: 72.00%, Precision: 0.69, Recall: 0.75, F1: 0.72, AUC: 0.72
Epoch [77/100] [TRAIN] Loss: 0.5470, Accuracy: 74.38%, AUC: 0.74 [VAL] Loss: 0.5811, Accuracy: 72.00%, Precision: 0.69, Recall: 0.75, F1: 0.72, AUC: 0.72
Epoch [78/100] [TRAIN] Loss: 0.5462, Accuracy: 75.75%, AUC: 0.76 [VAL] Loss: 0.5809, Accuracy: 72.00%, Precision: 0.69, Recall: 0.75, F1: 0.72, AUC: 0.72
Epoch [79/100] [TRAIN] Loss: 0.5546, Accuracy: 74.25%, AUC: 0.74 [VAL] Loss: 0.5803, Accuracy: 72.00%, Precision: 0.69, Recall: 0.75, F1: 0.72, AUC: 0.72
Epoch [80/100] [TRAIN] Loss: 0.5303, Accuracy: 77.25%, AUC: 0.77 [VAL] Loss: 0.5809, Accuracy: 72.00%, Precision: 0.69, Recall: 0.75, F1: 0.72, AUC: 0.72
Epoch [81/100] [TRAIN] Loss: 0.5578, Accuracy: 74.25%, AUC: 0.74 [VAL] Loss: 0.5810, Accuracy: 72.00%, Precision: 0.69, Recall: 0.75, F1: 0.72, AUC: 0.72
Epoch [82/100] [TRAIN] Loss: 0.5510, Accuracy: 75.12%, AUC: 0.75 [VAL] Loss: 0.5808, Accuracy: 72.00%, Precision: 0.69, Recall: 0.75, F1: 0.72, AUC: 0.72
Epoch [83/100] [TRAIN] Loss: 0.5458, Accuracy: 76.00%, AUC: 0.76 [VAL] Loss: 0.5809, Accuracy: 72.00%, Precision: 0.69, Recall: 0.75, F1: 0.72, AUC: 0.72
Epoch [84/100] [TRAIN] Loss: 0.5507, Accuracy: 75.50%, AUC: 0.75 [VAL] Loss: 0.5807, Accuracy: 72.00%, Precision: 0.69, Recall: 0.75, F1: 0.72, AUC: 0.72
Epoch [85/100] [TRAIN] Loss: 0.5464, Accuracy: 74.12%, AUC: 0.74 [VAL] Loss: 0.5811, Accuracy: 72.00%, Precision: 0.69, Recall: 0.75, F1: 0.72, AUC: 0.72
Epoch [86/100] [TRAIN] Loss: 0.5444, Accuracy: 76.38%, AUC: 0.76 [VAL] Loss: 0.5811, Accuracy: 72.00%, Precision: 0.69, Recall: 0.75, F1: 0.72, AUC: 0.72
Epoch [87/100] [TRAIN] Loss: 0.5430, Accuracy: 76.12%, AUC: 0.76 [VAL] Loss: 0.5811, Accuracy: 72.00%, Precision: 0.69, Recall: 0.75, F1: 0.72, AUC: 0.72
Epoch [88/100] [TRAIN] Loss: 0.5465, Accuracy: 76.38%, AUC: 0.76 [VAL] Loss: 0.5811, Accuracy: 72.00%, Precision: 0.69, Recall: 0.75, F1: 0.72, AUC: 0.72
Epoch [89/100] [TRAIN] Loss: 0.5380, Accuracy: 77.12%, AUC: 0.77 [VAL] Loss: 0.5811, Accuracy: 72.00%, Precision: 0.69, Recall: 0.75, F1: 0.72, AUC: 0.72
  Early stopping at epoch 89 (no val_loss improvement for 10 epochs)
Seed: 1011
Accuracy:  71.00 %
AUC:       0.7113
Precision: 0.6458
Recall:    0.7209
F1-Score:  0.6813

Detailed Classification Report:
              precision    recall  f1-score   support

           0       0.77      0.70      0.73        57
           1       0.65      0.72      0.68        43

    accuracy                           0.71       100
   macro avg       0.71      0.71      0.71       100
weighted avg       0.72      0.71      0.71       100


Confusion Matrix:
[[40 17]
 [12 31]]


030-H3K4me3-H3K9ac-H3K9me3-H3K27ac-H3K27me3
Train label distribution:
  Label 0:    422 (52.8%)
  Label 1:    378 (47.2%)
Val label distribution:
  Label 0:     52 (52.0%)
  Label 1:     48 (48.0%)
Test label distribution:
  Label 0:     57 (57.0%)
  Label 1:     43 (43.0%)
Epoch [1/100] [TRAIN] Loss: 0.7686, Accuracy: 40.50%, AUC: 0.41 [VAL] Loss: 0.7415, Accuracy: 42.00%, Precision: 0.39, Recall: 0.35, F1: 0.37, AUC: 0.42
Epoch [2/100] [TRAIN] Loss: 0.7246, Accuracy: 49.38%, AUC: 0.49 [VAL] Loss: 0.7121, Accuracy: 49.00%, Precision: 0.47, Recall: 0.44, F1: 0.45, AUC: 0.49
Epoch [3/100] [TRAIN] Loss: 0.7058, Accuracy: 53.50%, AUC: 0.53 [VAL] Loss: 0.6936, Accuracy: 59.00%, Precision: 0.57, Recall: 0.56, F1: 0.57, AUC: 0.59
Epoch [4/100] [TRAIN] Loss: 0.6884, Accuracy: 61.50%, AUC: 0.61 [VAL] Loss: 0.6814, Accuracy: 67.00%, Precision: 0.67, Recall: 0.62, F1: 0.65, AUC: 0.67
Epoch [5/100] [TRAIN] Loss: 0.6621, Accuracy: 67.88%, AUC: 0.68 [VAL] Loss: 0.6695, Accuracy: 69.00%, Precision: 0.68, Recall: 0.67, F1: 0.67, AUC: 0.69
Epoch [6/100] [TRAIN] Loss: 0.6539, Accuracy: 67.25%, AUC: 0.67 [VAL] Loss: 0.6592, Accuracy: 71.00%, Precision: 0.70, Recall: 0.69, F1: 0.69, AUC: 0.71
Epoch [7/100] [TRAIN] Loss: 0.6455, Accuracy: 69.75%, AUC: 0.70 [VAL] Loss: 0.6499, Accuracy: 71.00%, Precision: 0.70, Recall: 0.69, F1: 0.69, AUC: 0.71
Epoch [8/100] [TRAIN] Loss: 0.6307, Accuracy: 72.62%, AUC: 0.73 [VAL] Loss: 0.6410, Accuracy: 71.00%, Precision: 0.70, Recall: 0.69, F1: 0.69, AUC: 0.71
Epoch [9/100] [TRAIN] Loss: 0.6290, Accuracy: 70.88%, AUC: 0.71 [VAL] Loss: 0.6331, Accuracy: 72.00%, Precision: 0.71, Recall: 0.71, F1: 0.71, AUC: 0.72
Epoch [10/100] [TRAIN] Loss: 0.6232, Accuracy: 70.38%, AUC: 0.70 [VAL] Loss: 0.6268, Accuracy: 72.00%, Precision: 0.71, Recall: 0.71, F1: 0.71, AUC: 0.72
Epoch [11/100] [TRAIN] Loss: 0.6141, Accuracy: 73.00%, AUC: 0.73 [VAL] Loss: 0.6211, Accuracy: 72.00%, Precision: 0.71, Recall: 0.71, F1: 0.71, AUC: 0.72
Epoch [12/100] [TRAIN] Loss: 0.5950, Accuracy: 75.12%, AUC: 0.75 [VAL] Loss: 0.6156, Accuracy: 72.00%, Precision: 0.71, Recall: 0.71, F1: 0.71, AUC: 0.72
Epoch [13/100] [TRAIN] Loss: 0.5992, Accuracy: 72.00%, AUC: 0.72 [VAL] Loss: 0.6114, Accuracy: 72.00%, Precision: 0.71, Recall: 0.71, F1: 0.71, AUC: 0.72
Epoch [14/100] [TRAIN] Loss: 0.6049, Accuracy: 73.00%, AUC: 0.73 [VAL] Loss: 0.6079, Accuracy: 72.00%, Precision: 0.71, Recall: 0.71, F1: 0.71, AUC: 0.72
Epoch [15/100] [TRAIN] Loss: 0.5851, Accuracy: 73.50%, AUC: 0.73 [VAL] Loss: 0.6048, Accuracy: 72.00%, Precision: 0.71, Recall: 0.71, F1: 0.71, AUC: 0.72
Epoch [16/100] [TRAIN] Loss: 0.5895, Accuracy: 72.88%, AUC: 0.73 [VAL] Loss: 0.6021, Accuracy: 72.00%, Precision: 0.71, Recall: 0.71, F1: 0.71, AUC: 0.72
Epoch [17/100] [TRAIN] Loss: 0.5903, Accuracy: 73.75%, AUC: 0.74 [VAL] Loss: 0.6001, Accuracy: 72.00%, Precision: 0.71, Recall: 0.71, F1: 0.71, AUC: 0.72
Epoch [18/100] [TRAIN] Loss: 0.5915, Accuracy: 73.62%, AUC: 0.74 [VAL] Loss: 0.5986, Accuracy: 72.00%, Precision: 0.71, Recall: 0.71, F1: 0.71, AUC: 0.72
Epoch [19/100] [TRAIN] Loss: 0.5781, Accuracy: 74.88%, AUC: 0.75 [VAL] Loss: 0.5977, Accuracy: 72.00%, Precision: 0.71, Recall: 0.71, F1: 0.71, AUC: 0.72
Epoch [20/100] [TRAIN] Loss: 0.5917, Accuracy: 74.50%, AUC: 0.74 [VAL] Loss: 0.5969, Accuracy: 72.00%, Precision: 0.71, Recall: 0.71, F1: 0.71, AUC: 0.72
Epoch [21/100] [TRAIN] Loss: 0.5746, Accuracy: 76.00%, AUC: 0.76 [VAL] Loss: 0.5959, Accuracy: 72.00%, Precision: 0.71, Recall: 0.71, F1: 0.71, AUC: 0.72
Epoch [22/100] [TRAIN] Loss: 0.5841, Accuracy: 73.88%, AUC: 0.74 [VAL] Loss: 0.5953, Accuracy: 72.00%, Precision: 0.71, Recall: 0.71, F1: 0.71, AUC: 0.72
Epoch [23/100] [TRAIN] Loss: 0.5700, Accuracy: 74.50%, AUC: 0.74 [VAL] Loss: 0.5947, Accuracy: 72.00%, Precision: 0.71, Recall: 0.71, F1: 0.71, AUC: 0.72
Epoch [24/100] [TRAIN] Loss: 0.5817, Accuracy: 74.50%, AUC: 0.74 [VAL] Loss: 0.5941, Accuracy: 72.00%, Precision: 0.71, Recall: 0.71, F1: 0.71, AUC: 0.72
Epoch [25/100] [TRAIN] Loss: 0.5663, Accuracy: 73.88%, AUC: 0.74 [VAL] Loss: 0.5936, Accuracy: 72.00%, Precision: 0.71, Recall: 0.71, F1: 0.71, AUC: 0.72
Epoch [26/100] [TRAIN] Loss: 0.5646, Accuracy: 75.00%, AUC: 0.75 [VAL] Loss: 0.5932, Accuracy: 72.00%, Precision: 0.71, Recall: 0.71, F1: 0.71, AUC: 0.72
Epoch [27/100] [TRAIN] Loss: 0.5758, Accuracy: 74.50%, AUC: 0.75 [VAL] Loss: 0.5930, Accuracy: 72.00%, Precision: 0.71, Recall: 0.71, F1: 0.71, AUC: 0.72
Epoch [28/100] [TRAIN] Loss: 0.5781, Accuracy: 74.62%, AUC: 0.75 [VAL] Loss: 0.5928, Accuracy: 72.00%, Precision: 0.71, Recall: 0.71, F1: 0.71, AUC: 0.72
Epoch [29/100] [TRAIN] Loss: 0.5853, Accuracy: 74.75%, AUC: 0.75 [VAL] Loss: 0.5928, Accuracy: 72.00%, Precision: 0.71, Recall: 0.71, F1: 0.71, AUC: 0.72
Epoch [30/100] [TRAIN] Loss: 0.5804, Accuracy: 75.25%, AUC: 0.75 [VAL] Loss: 0.5925, Accuracy: 72.00%, Precision: 0.71, Recall: 0.71, F1: 0.71, AUC: 0.72
Epoch [31/100] [TRAIN] Loss: 0.5637, Accuracy: 76.12%, AUC: 0.76 [VAL] Loss: 0.5923, Accuracy: 72.00%, Precision: 0.71, Recall: 0.71, F1: 0.71, AUC: 0.72
Epoch [32/100] [TRAIN] Loss: 0.5611, Accuracy: 74.50%, AUC: 0.74 [VAL] Loss: 0.5921, Accuracy: 72.00%, Precision: 0.71, Recall: 0.71, F1: 0.71, AUC: 0.72
Epoch [33/100] [TRAIN] Loss: 0.5732, Accuracy: 74.00%, AUC: 0.74 [VAL] Loss: 0.5917, Accuracy: 72.00%, Precision: 0.71, Recall: 0.71, F1: 0.71, AUC: 0.72
Epoch [34/100] [TRAIN] Loss: 0.5722, Accuracy: 74.12%, AUC: 0.74 [VAL] Loss: 0.5916, Accuracy: 72.00%, Precision: 0.71, Recall: 0.71, F1: 0.71, AUC: 0.72
Epoch [35/100] [TRAIN] Loss: 0.5731, Accuracy: 74.25%, AUC: 0.74 [VAL] Loss: 0.5916, Accuracy: 73.00%, Precision: 0.71, Recall: 0.73, F1: 0.72, AUC: 0.73
Epoch [36/100] [TRAIN] Loss: 0.5740, Accuracy: 74.50%, AUC: 0.75 [VAL] Loss: 0.5915, Accuracy: 71.00%, Precision: 0.69, Recall: 0.71, F1: 0.70, AUC: 0.71
Epoch [37/100] [TRAIN] Loss: 0.5695, Accuracy: 73.25%, AUC: 0.73 [VAL] Loss: 0.5913, Accuracy: 71.00%, Precision: 0.69, Recall: 0.71, F1: 0.70, AUC: 0.71
Epoch [38/100] [TRAIN] Loss: 0.5569, Accuracy: 76.25%, AUC: 0.76 [VAL] Loss: 0.5913, Accuracy: 71.00%, Precision: 0.69, Recall: 0.71, F1: 0.70, AUC: 0.71
Epoch [39/100] [TRAIN] Loss: 0.5586, Accuracy: 76.38%, AUC: 0.76 [VAL] Loss: 0.5914, Accuracy: 71.00%, Precision: 0.69, Recall: 0.71, F1: 0.70, AUC: 0.71
Epoch [40/100] [TRAIN] Loss: 0.5617, Accuracy: 74.50%, AUC: 0.74 [VAL] Loss: 0.5913, Accuracy: 71.00%, Precision: 0.69, Recall: 0.71, F1: 0.70, AUC: 0.71
Epoch [41/100] [TRAIN] Loss: 0.5611, Accuracy: 74.62%, AUC: 0.75 [VAL] Loss: 0.5911, Accuracy: 71.00%, Precision: 0.69, Recall: 0.71, F1: 0.70, AUC: 0.71
Epoch [42/100] [TRAIN] Loss: 0.5497, Accuracy: 76.25%, AUC: 0.76 [VAL] Loss: 0.5911, Accuracy: 71.00%, Precision: 0.69, Recall: 0.71, F1: 0.70, AUC: 0.71
Epoch [43/100] [TRAIN] Loss: 0.5614, Accuracy: 75.75%, AUC: 0.76 [VAL] Loss: 0.5911, Accuracy: 70.00%, Precision: 0.69, Recall: 0.69, F1: 0.69, AUC: 0.70
Epoch [44/100] [TRAIN] Loss: 0.5471, Accuracy: 75.38%, AUC: 0.75 [VAL] Loss: 0.5910, Accuracy: 70.00%, Precision: 0.69, Recall: 0.69, F1: 0.69, AUC: 0.70
Epoch [45/100] [TRAIN] Loss: 0.5742, Accuracy: 74.50%, AUC: 0.74 [VAL] Loss: 0.5907, Accuracy: 70.00%, Precision: 0.69, Recall: 0.69, F1: 0.69, AUC: 0.70
Epoch [46/100] [TRAIN] Loss: 0.5490, Accuracy: 76.00%, AUC: 0.76 [VAL] Loss: 0.5908, Accuracy: 70.00%, Precision: 0.69, Recall: 0.69, F1: 0.69, AUC: 0.70
Epoch [47/100] [TRAIN] Loss: 0.5569, Accuracy: 74.88%, AUC: 0.75 [VAL] Loss: 0.5908, Accuracy: 70.00%, Precision: 0.69, Recall: 0.69, F1: 0.69, AUC: 0.70
Epoch [48/100] [TRAIN] Loss: 0.5579, Accuracy: 75.00%, AUC: 0.75 [VAL] Loss: 0.5905, Accuracy: 70.00%, Precision: 0.69, Recall: 0.69, F1: 0.69, AUC: 0.70
Epoch [49/100] [TRAIN] Loss: 0.5532, Accuracy: 76.50%, AUC: 0.76 [VAL] Loss: 0.5903, Accuracy: 69.00%, Precision: 0.68, Recall: 0.67, F1: 0.67, AUC: 0.69
Epoch [50/100] [TRAIN] Loss: 0.5780, Accuracy: 74.50%, AUC: 0.75 [VAL] Loss: 0.5899, Accuracy: 69.00%, Precision: 0.68, Recall: 0.67, F1: 0.67, AUC: 0.69
Epoch [51/100] [TRAIN] Loss: 0.5643, Accuracy: 73.75%, AUC: 0.74 [VAL] Loss: 0.5896, Accuracy: 69.00%, Precision: 0.68, Recall: 0.67, F1: 0.67, AUC: 0.69
Epoch [52/100] [TRAIN] Loss: 0.5625, Accuracy: 74.88%, AUC: 0.75 [VAL] Loss: 0.5897, Accuracy: 68.00%, Precision: 0.67, Recall: 0.67, F1: 0.67, AUC: 0.68
Epoch [53/100] [TRAIN] Loss: 0.5519, Accuracy: 76.88%, AUC: 0.77 [VAL] Loss: 0.5897, Accuracy: 68.00%, Precision: 0.67, Recall: 0.67, F1: 0.67, AUC: 0.68
Epoch [54/100] [TRAIN] Loss: 0.5461, Accuracy: 75.62%, AUC: 0.76 [VAL] Loss: 0.5897, Accuracy: 68.00%, Precision: 0.67, Recall: 0.67, F1: 0.67, AUC: 0.68
Epoch [55/100] [TRAIN] Loss: 0.5557, Accuracy: 75.00%, AUC: 0.75 [VAL] Loss: 0.5897, Accuracy: 68.00%, Precision: 0.67, Recall: 0.67, F1: 0.67, AUC: 0.68
Epoch [56/100] [TRAIN] Loss: 0.5566, Accuracy: 76.00%, AUC: 0.76 [VAL] Loss: 0.5896, Accuracy: 68.00%, Precision: 0.67, Recall: 0.67, F1: 0.67, AUC: 0.68
Epoch [57/100] [TRAIN] Loss: 0.5550, Accuracy: 76.12%, AUC: 0.76 [VAL] Loss: 0.5896, Accuracy: 68.00%, Precision: 0.67, Recall: 0.67, F1: 0.67, AUC: 0.68
Epoch [58/100] [TRAIN] Loss: 0.5488, Accuracy: 75.88%, AUC: 0.76 [VAL] Loss: 0.5896, Accuracy: 68.00%, Precision: 0.67, Recall: 0.67, F1: 0.67, AUC: 0.68
Epoch [59/100] [TRAIN] Loss: 0.5419, Accuracy: 75.75%, AUC: 0.76 [VAL] Loss: 0.5896, Accuracy: 68.00%, Precision: 0.67, Recall: 0.67, F1: 0.67, AUC: 0.68
Epoch [60/100] [TRAIN] Loss: 0.5540, Accuracy: 75.12%, AUC: 0.75 [VAL] Loss: 0.5896, Accuracy: 68.00%, Precision: 0.67, Recall: 0.67, F1: 0.67, AUC: 0.68
Epoch [61/100] [TRAIN] Loss: 0.5380, Accuracy: 77.12%, AUC: 0.77 [VAL] Loss: 0.5896, Accuracy: 68.00%, Precision: 0.67, Recall: 0.67, F1: 0.67, AUC: 0.68
  Early stopping at epoch 61 (no val_loss improvement for 10 epochs)
Seed: 1011
Accuracy:  72.00 %
AUC:       0.7230
Precision: 0.6531
Recall:    0.7442
F1-Score:  0.6957

Detailed Classification Report:
              precision    recall  f1-score   support

           0       0.78      0.70      0.74        57
           1       0.65      0.74      0.70        43

    accuracy                           0.72       100
   macro avg       0.72      0.72      0.72       100
weighted avg       0.73      0.72      0.72       100


Confusion Matrix:
[[40 17]
 [11 32]]


Real-time duration: 529.000339217 seconds
