Seed: 789  |  Range: 0-32
Dataset : /group/pmc021/amunif/epi-thesis/workflow/16_Pairwise Ranking Healthy Liver/dataset/donor_3
Output  : /group/pmc021/amunif/epi-thesis/workflow/16_Pairwise Ranking Healthy Liver/output/10000/donor_3
Using device: cuda
  CUDA device: Tesla V100-PCIE-16GB
Train :  15716  (80.0%)
Val   :   1964  (10.0%)
Test  :   1965  (10.0%)
No overlap between partitions

000-H3K4me3
Train label distribution:
  Label 0:   4077 (51.0%)
  Label 1:   3923 (49.0%)
Val label distribution:
  Label 0:    529 (52.9%)
  Label 1:    471 (47.1%)
Test label distribution:
  Label 0:    497 (49.7%)
  Label 1:    503 (50.3%)
Epoch [1/100] [TRAIN] Loss: 0.6823, Accuracy: 63.89%, AUC: 0.64 [VAL] Loss: 0.6310, Accuracy: 71.90%, Precision: 0.68, Recall: 0.76, F1: 0.72, AUC: 0.72
Epoch [2/100] [TRAIN] Loss: 0.6291, Accuracy: 70.31%, AUC: 0.70 [VAL] Loss: 0.5955, Accuracy: 72.10%, Precision: 0.68, Recall: 0.76, F1: 0.72, AUC: 0.72
Epoch [3/100] [TRAIN] Loss: 0.6092, Accuracy: 71.22%, AUC: 0.71 [VAL] Loss: 0.5835, Accuracy: 72.70%, Precision: 0.69, Recall: 0.78, F1: 0.73, AUC: 0.73
Epoch [4/100] [TRAIN] Loss: 0.6036, Accuracy: 71.29%, AUC: 0.71 [VAL] Loss: 0.5787, Accuracy: 72.40%, Precision: 0.68, Recall: 0.77, F1: 0.72, AUC: 0.73
Epoch [5/100] [TRAIN] Loss: 0.6005, Accuracy: 71.33%, AUC: 0.71 [VAL] Loss: 0.5762, Accuracy: 72.50%, Precision: 0.68, Recall: 0.77, F1: 0.73, AUC: 0.73
Epoch [6/100] [TRAIN] Loss: 0.5961, Accuracy: 71.31%, AUC: 0.71 [VAL] Loss: 0.5742, Accuracy: 72.40%, Precision: 0.68, Recall: 0.77, F1: 0.72, AUC: 0.73
Epoch [7/100] [TRAIN] Loss: 0.5962, Accuracy: 71.61%, AUC: 0.72 [VAL] Loss: 0.5736, Accuracy: 72.20%, Precision: 0.68, Recall: 0.77, F1: 0.72, AUC: 0.72
Epoch [8/100] [TRAIN] Loss: 0.5929, Accuracy: 71.67%, AUC: 0.72 [VAL] Loss: 0.5724, Accuracy: 72.30%, Precision: 0.68, Recall: 0.77, F1: 0.72, AUC: 0.73
Epoch [9/100] [TRAIN] Loss: 0.5915, Accuracy: 72.05%, AUC: 0.72 [VAL] Loss: 0.5717, Accuracy: 72.10%, Precision: 0.68, Recall: 0.77, F1: 0.72, AUC: 0.72
Epoch [10/100] [TRAIN] Loss: 0.5875, Accuracy: 72.59%, AUC: 0.73 [VAL] Loss: 0.5711, Accuracy: 72.20%, Precision: 0.68, Recall: 0.77, F1: 0.72, AUC: 0.72
Epoch [11/100] [TRAIN] Loss: 0.5893, Accuracy: 71.38%, AUC: 0.71 [VAL] Loss: 0.5711, Accuracy: 72.00%, Precision: 0.68, Recall: 0.77, F1: 0.72, AUC: 0.72
Epoch [12/100] [TRAIN] Loss: 0.5888, Accuracy: 72.21%, AUC: 0.72 [VAL] Loss: 0.5702, Accuracy: 72.10%, Precision: 0.68, Recall: 0.77, F1: 0.72, AUC: 0.72
Epoch [13/100] [TRAIN] Loss: 0.5856, Accuracy: 72.17%, AUC: 0.72 [VAL] Loss: 0.5695, Accuracy: 72.00%, Precision: 0.68, Recall: 0.77, F1: 0.72, AUC: 0.72
Epoch [14/100] [TRAIN] Loss: 0.5855, Accuracy: 72.19%, AUC: 0.72 [VAL] Loss: 0.5697, Accuracy: 72.20%, Precision: 0.68, Recall: 0.77, F1: 0.72, AUC: 0.72
Epoch [15/100] [TRAIN] Loss: 0.5852, Accuracy: 72.45%, AUC: 0.72 [VAL] Loss: 0.5692, Accuracy: 72.10%, Precision: 0.68, Recall: 0.77, F1: 0.72, AUC: 0.72
Epoch [16/100] [TRAIN] Loss: 0.5815, Accuracy: 72.45%, AUC: 0.72 [VAL] Loss: 0.5686, Accuracy: 72.20%, Precision: 0.68, Recall: 0.77, F1: 0.72, AUC: 0.72
Epoch [17/100] [TRAIN] Loss: 0.5812, Accuracy: 72.16%, AUC: 0.72 [VAL] Loss: 0.5684, Accuracy: 72.20%, Precision: 0.68, Recall: 0.77, F1: 0.72, AUC: 0.72
Epoch [18/100] [TRAIN] Loss: 0.5822, Accuracy: 72.62%, AUC: 0.73 [VAL] Loss: 0.5685, Accuracy: 72.20%, Precision: 0.68, Recall: 0.77, F1: 0.72, AUC: 0.72
Epoch [19/100] [TRAIN] Loss: 0.5823, Accuracy: 72.46%, AUC: 0.72 [VAL] Loss: 0.5682, Accuracy: 72.20%, Precision: 0.68, Recall: 0.77, F1: 0.72, AUC: 0.72
Epoch [20/100] [TRAIN] Loss: 0.5783, Accuracy: 72.39%, AUC: 0.72 [VAL] Loss: 0.5678, Accuracy: 72.30%, Precision: 0.68, Recall: 0.77, F1: 0.72, AUC: 0.73
Epoch [21/100] [TRAIN] Loss: 0.5830, Accuracy: 72.12%, AUC: 0.72 [VAL] Loss: 0.5677, Accuracy: 72.10%, Precision: 0.68, Recall: 0.77, F1: 0.72, AUC: 0.72
Epoch [22/100] [TRAIN] Loss: 0.5803, Accuracy: 72.67%, AUC: 0.73 [VAL] Loss: 0.5679, Accuracy: 71.80%, Precision: 0.68, Recall: 0.76, F1: 0.72, AUC: 0.72
Epoch [23/100] [TRAIN] Loss: 0.5789, Accuracy: 72.60%, AUC: 0.73 [VAL] Loss: 0.5669, Accuracy: 71.90%, Precision: 0.68, Recall: 0.77, F1: 0.72, AUC: 0.72
Epoch [24/100] [TRAIN] Loss: 0.5772, Accuracy: 72.28%, AUC: 0.72 [VAL] Loss: 0.5669, Accuracy: 71.80%, Precision: 0.68, Recall: 0.77, F1: 0.72, AUC: 0.72
Epoch [25/100] [TRAIN] Loss: 0.5779, Accuracy: 72.91%, AUC: 0.73 [VAL] Loss: 0.5665, Accuracy: 71.80%, Precision: 0.68, Recall: 0.77, F1: 0.72, AUC: 0.72
Epoch [26/100] [TRAIN] Loss: 0.5751, Accuracy: 72.66%, AUC: 0.73 [VAL] Loss: 0.5661, Accuracy: 71.90%, Precision: 0.68, Recall: 0.77, F1: 0.72, AUC: 0.72
Epoch [27/100] [TRAIN] Loss: 0.5783, Accuracy: 72.44%, AUC: 0.72 [VAL] Loss: 0.5662, Accuracy: 72.00%, Precision: 0.68, Recall: 0.77, F1: 0.72, AUC: 0.72
Epoch [28/100] [TRAIN] Loss: 0.5774, Accuracy: 72.51%, AUC: 0.73 [VAL] Loss: 0.5662, Accuracy: 72.00%, Precision: 0.68, Recall: 0.77, F1: 0.72, AUC: 0.72
Epoch [29/100] [TRAIN] Loss: 0.5729, Accuracy: 72.67%, AUC: 0.73 [VAL] Loss: 0.5657, Accuracy: 72.20%, Precision: 0.68, Recall: 0.77, F1: 0.72, AUC: 0.72
Epoch [30/100] [TRAIN] Loss: 0.5778, Accuracy: 72.56%, AUC: 0.73 [VAL] Loss: 0.5655, Accuracy: 72.00%, Precision: 0.68, Recall: 0.77, F1: 0.72, AUC: 0.72
Epoch [31/100] [TRAIN] Loss: 0.5756, Accuracy: 72.78%, AUC: 0.73 [VAL] Loss: 0.5651, Accuracy: 72.00%, Precision: 0.68, Recall: 0.77, F1: 0.72, AUC: 0.72
Epoch [32/100] [TRAIN] Loss: 0.5754, Accuracy: 72.20%, AUC: 0.72 [VAL] Loss: 0.5651, Accuracy: 72.00%, Precision: 0.68, Recall: 0.77, F1: 0.72, AUC: 0.72
Epoch [33/100] [TRAIN] Loss: 0.5787, Accuracy: 72.50%, AUC: 0.73 [VAL] Loss: 0.5654, Accuracy: 71.80%, Precision: 0.68, Recall: 0.77, F1: 0.72, AUC: 0.72
Epoch [34/100] [TRAIN] Loss: 0.5744, Accuracy: 72.59%, AUC: 0.73 [VAL] Loss: 0.5654, Accuracy: 71.90%, Precision: 0.68, Recall: 0.77, F1: 0.72, AUC: 0.72
Epoch [35/100] [TRAIN] Loss: 0.5777, Accuracy: 72.46%, AUC: 0.72 [VAL] Loss: 0.5652, Accuracy: 72.10%, Precision: 0.68, Recall: 0.77, F1: 0.72, AUC: 0.72
Epoch [36/100] [TRAIN] Loss: 0.5759, Accuracy: 72.22%, AUC: 0.72 [VAL] Loss: 0.5651, Accuracy: 72.00%, Precision: 0.68, Recall: 0.77, F1: 0.72, AUC: 0.72
Epoch [37/100] [TRAIN] Loss: 0.5785, Accuracy: 72.16%, AUC: 0.72 [VAL] Loss: 0.5658, Accuracy: 71.80%, Precision: 0.68, Recall: 0.76, F1: 0.72, AUC: 0.72
Epoch [38/100] [TRAIN] Loss: 0.5760, Accuracy: 72.75%, AUC: 0.73 [VAL] Loss: 0.5657, Accuracy: 71.80%, Precision: 0.68, Recall: 0.76, F1: 0.72, AUC: 0.72
Epoch [39/100] [TRAIN] Loss: 0.5747, Accuracy: 72.29%, AUC: 0.72 [VAL] Loss: 0.5656, Accuracy: 71.80%, Precision: 0.68, Recall: 0.76, F1: 0.72, AUC: 0.72
Epoch [40/100] [TRAIN] Loss: 0.5770, Accuracy: 72.80%, AUC: 0.73 [VAL] Loss: 0.5656, Accuracy: 71.80%, Precision: 0.68, Recall: 0.76, F1: 0.72, AUC: 0.72
Epoch [41/100] [TRAIN] Loss: 0.5728, Accuracy: 72.74%, AUC: 0.73 [VAL] Loss: 0.5654, Accuracy: 71.80%, Precision: 0.68, Recall: 0.76, F1: 0.72, AUC: 0.72
Epoch [42/100] [TRAIN] Loss: 0.5756, Accuracy: 71.99%, AUC: 0.72 [VAL] Loss: 0.5654, Accuracy: 71.80%, Precision: 0.68, Recall: 0.76, F1: 0.72, AUC: 0.72
Epoch [43/100] [TRAIN] Loss: 0.5739, Accuracy: 72.72%, AUC: 0.73 [VAL] Loss: 0.5653, Accuracy: 71.90%, Precision: 0.68, Recall: 0.77, F1: 0.72, AUC: 0.72
Epoch [44/100] [TRAIN] Loss: 0.5732, Accuracy: 72.50%, AUC: 0.73 [VAL] Loss: 0.5653, Accuracy: 71.90%, Precision: 0.68, Recall: 0.77, F1: 0.72, AUC: 0.72
Epoch [45/100] [TRAIN] Loss: 0.5711, Accuracy: 73.35%, AUC: 0.73 [VAL] Loss: 0.5653, Accuracy: 71.90%, Precision: 0.68, Recall: 0.77, F1: 0.72, AUC: 0.72
Epoch [46/100] [TRAIN] Loss: 0.5749, Accuracy: 72.53%, AUC: 0.73 [VAL] Loss: 0.5652, Accuracy: 71.90%, Precision: 0.68, Recall: 0.77, F1: 0.72, AUC: 0.72
  Early stopping at epoch 46 (no val_loss improvement for 10 epochs)
Seed: 789
Accuracy:  72.20 %
AUC:       0.7217
Precision: 0.7013
Recall:    0.7793
F1-Score:  0.7382

Detailed Classification Report:
              precision    recall  f1-score   support

           0       0.75      0.66      0.70       497
           1       0.70      0.78      0.74       503

    accuracy                           0.72      1000
   macro avg       0.72      0.72      0.72      1000
weighted avg       0.72      0.72      0.72      1000


Confusion Matrix:
[[330 167]
 [111 392]]


001-H3K9ac
Train label distribution:
  Label 0:   4077 (51.0%)
  Label 1:   3923 (49.0%)
Val label distribution:
  Label 0:    529 (52.9%)
  Label 1:    471 (47.1%)
Test label distribution:
  Label 0:    497 (49.7%)
  Label 1:    503 (50.3%)
Epoch [1/100] [TRAIN] Loss: 0.6806, Accuracy: 65.14%, AUC: 0.65 [VAL] Loss: 0.6466, Accuracy: 69.00%, Precision: 0.64, Recall: 0.77, F1: 0.70, AUC: 0.69
Epoch [2/100] [TRAIN] Loss: 0.6230, Accuracy: 71.29%, AUC: 0.71 [VAL] Loss: 0.6112, Accuracy: 70.60%, Precision: 0.65, Recall: 0.80, F1: 0.72, AUC: 0.71
Epoch [3/100] [TRAIN] Loss: 0.6008, Accuracy: 72.40%, AUC: 0.72 [VAL] Loss: 0.5983, Accuracy: 70.50%, Precision: 0.65, Recall: 0.79, F1: 0.72, AUC: 0.71
Epoch [4/100] [TRAIN] Loss: 0.5953, Accuracy: 72.40%, AUC: 0.72 [VAL] Loss: 0.5943, Accuracy: 70.60%, Precision: 0.65, Recall: 0.80, F1: 0.72, AUC: 0.71
Epoch [5/100] [TRAIN] Loss: 0.5870, Accuracy: 71.91%, AUC: 0.72 [VAL] Loss: 0.5923, Accuracy: 70.70%, Precision: 0.66, Recall: 0.80, F1: 0.72, AUC: 0.71
Epoch [6/100] [TRAIN] Loss: 0.5889, Accuracy: 72.56%, AUC: 0.73 [VAL] Loss: 0.5913, Accuracy: 70.70%, Precision: 0.66, Recall: 0.80, F1: 0.72, AUC: 0.71
Epoch [7/100] [TRAIN] Loss: 0.5837, Accuracy: 72.76%, AUC: 0.73 [VAL] Loss: 0.5904, Accuracy: 70.50%, Precision: 0.65, Recall: 0.79, F1: 0.72, AUC: 0.71
Epoch [8/100] [TRAIN] Loss: 0.5880, Accuracy: 72.11%, AUC: 0.72 [VAL] Loss: 0.5894, Accuracy: 70.50%, Precision: 0.65, Recall: 0.79, F1: 0.72, AUC: 0.71
Epoch [9/100] [TRAIN] Loss: 0.5843, Accuracy: 72.49%, AUC: 0.73 [VAL] Loss: 0.5888, Accuracy: 70.70%, Precision: 0.66, Recall: 0.79, F1: 0.72, AUC: 0.71
Epoch [10/100] [TRAIN] Loss: 0.5842, Accuracy: 72.12%, AUC: 0.72 [VAL] Loss: 0.5880, Accuracy: 70.70%, Precision: 0.66, Recall: 0.79, F1: 0.72, AUC: 0.71
Epoch [11/100] [TRAIN] Loss: 0.5820, Accuracy: 72.90%, AUC: 0.73 [VAL] Loss: 0.5875, Accuracy: 70.90%, Precision: 0.66, Recall: 0.79, F1: 0.72, AUC: 0.71
Epoch [12/100] [TRAIN] Loss: 0.5799, Accuracy: 72.99%, AUC: 0.73 [VAL] Loss: 0.5871, Accuracy: 70.90%, Precision: 0.66, Recall: 0.79, F1: 0.72, AUC: 0.71
Epoch [13/100] [TRAIN] Loss: 0.5807, Accuracy: 72.21%, AUC: 0.72 [VAL] Loss: 0.5867, Accuracy: 71.10%, Precision: 0.66, Recall: 0.80, F1: 0.72, AUC: 0.72
Epoch [14/100] [TRAIN] Loss: 0.5761, Accuracy: 72.41%, AUC: 0.72 [VAL] Loss: 0.5865, Accuracy: 71.00%, Precision: 0.66, Recall: 0.80, F1: 0.72, AUC: 0.71
Epoch [15/100] [TRAIN] Loss: 0.5818, Accuracy: 72.44%, AUC: 0.72 [VAL] Loss: 0.5861, Accuracy: 70.90%, Precision: 0.66, Recall: 0.80, F1: 0.72, AUC: 0.71
Epoch [16/100] [TRAIN] Loss: 0.5761, Accuracy: 72.38%, AUC: 0.72 [VAL] Loss: 0.5858, Accuracy: 70.80%, Precision: 0.66, Recall: 0.79, F1: 0.72, AUC: 0.71
Epoch [17/100] [TRAIN] Loss: 0.5820, Accuracy: 72.29%, AUC: 0.72 [VAL] Loss: 0.5855, Accuracy: 70.80%, Precision: 0.66, Recall: 0.79, F1: 0.72, AUC: 0.71
Epoch [18/100] [TRAIN] Loss: 0.5781, Accuracy: 72.65%, AUC: 0.73 [VAL] Loss: 0.5852, Accuracy: 70.80%, Precision: 0.66, Recall: 0.79, F1: 0.72, AUC: 0.71
Epoch [19/100] [TRAIN] Loss: 0.5773, Accuracy: 72.44%, AUC: 0.72 [VAL] Loss: 0.5849, Accuracy: 70.70%, Precision: 0.66, Recall: 0.79, F1: 0.72, AUC: 0.71
Epoch [20/100] [TRAIN] Loss: 0.5756, Accuracy: 72.35%, AUC: 0.72 [VAL] Loss: 0.5843, Accuracy: 70.60%, Precision: 0.66, Recall: 0.79, F1: 0.72, AUC: 0.71
Epoch [21/100] [TRAIN] Loss: 0.5748, Accuracy: 72.53%, AUC: 0.73 [VAL] Loss: 0.5838, Accuracy: 70.60%, Precision: 0.66, Recall: 0.79, F1: 0.72, AUC: 0.71
Epoch [22/100] [TRAIN] Loss: 0.5735, Accuracy: 73.11%, AUC: 0.73 [VAL] Loss: 0.5835, Accuracy: 70.70%, Precision: 0.66, Recall: 0.79, F1: 0.72, AUC: 0.71
Epoch [23/100] [TRAIN] Loss: 0.5753, Accuracy: 72.42%, AUC: 0.72 [VAL] Loss: 0.5833, Accuracy: 70.50%, Precision: 0.66, Recall: 0.79, F1: 0.72, AUC: 0.71
Epoch [24/100] [TRAIN] Loss: 0.5753, Accuracy: 72.62%, AUC: 0.73 [VAL] Loss: 0.5831, Accuracy: 70.40%, Precision: 0.65, Recall: 0.79, F1: 0.71, AUC: 0.71
Epoch [25/100] [TRAIN] Loss: 0.5725, Accuracy: 72.61%, AUC: 0.73 [VAL] Loss: 0.5830, Accuracy: 70.60%, Precision: 0.66, Recall: 0.79, F1: 0.72, AUC: 0.71
Epoch [26/100] [TRAIN] Loss: 0.5751, Accuracy: 72.56%, AUC: 0.73 [VAL] Loss: 0.5825, Accuracy: 70.60%, Precision: 0.66, Recall: 0.79, F1: 0.72, AUC: 0.71
Epoch [27/100] [TRAIN] Loss: 0.5727, Accuracy: 72.41%, AUC: 0.72 [VAL] Loss: 0.5823, Accuracy: 70.70%, Precision: 0.66, Recall: 0.79, F1: 0.72, AUC: 0.71
Epoch [28/100] [TRAIN] Loss: 0.5701, Accuracy: 72.81%, AUC: 0.73 [VAL] Loss: 0.5820, Accuracy: 70.70%, Precision: 0.66, Recall: 0.79, F1: 0.72, AUC: 0.71
Epoch [29/100] [TRAIN] Loss: 0.5713, Accuracy: 72.47%, AUC: 0.72 [VAL] Loss: 0.5816, Accuracy: 70.70%, Precision: 0.66, Recall: 0.79, F1: 0.72, AUC: 0.71
Epoch [30/100] [TRAIN] Loss: 0.5704, Accuracy: 72.49%, AUC: 0.73 [VAL] Loss: 0.5817, Accuracy: 70.70%, Precision: 0.66, Recall: 0.79, F1: 0.72, AUC: 0.71
Epoch [31/100] [TRAIN] Loss: 0.5713, Accuracy: 72.66%, AUC: 0.73 [VAL] Loss: 0.5815, Accuracy: 70.70%, Precision: 0.66, Recall: 0.79, F1: 0.72, AUC: 0.71
Epoch [32/100] [TRAIN] Loss: 0.5693, Accuracy: 72.94%, AUC: 0.73 [VAL] Loss: 0.5812, Accuracy: 70.80%, Precision: 0.66, Recall: 0.79, F1: 0.72, AUC: 0.71
Epoch [33/100] [TRAIN] Loss: 0.5677, Accuracy: 72.84%, AUC: 0.73 [VAL] Loss: 0.5811, Accuracy: 70.70%, Precision: 0.66, Recall: 0.79, F1: 0.72, AUC: 0.71
Epoch [34/100] [TRAIN] Loss: 0.5670, Accuracy: 72.60%, AUC: 0.73 [VAL] Loss: 0.5810, Accuracy: 70.50%, Precision: 0.66, Recall: 0.78, F1: 0.71, AUC: 0.71
Epoch [35/100] [TRAIN] Loss: 0.5672, Accuracy: 72.80%, AUC: 0.73 [VAL] Loss: 0.5803, Accuracy: 70.70%, Precision: 0.66, Recall: 0.79, F1: 0.72, AUC: 0.71
Epoch [36/100] [TRAIN] Loss: 0.5644, Accuracy: 72.41%, AUC: 0.72 [VAL] Loss: 0.5803, Accuracy: 70.80%, Precision: 0.66, Recall: 0.79, F1: 0.72, AUC: 0.71
Epoch [37/100] [TRAIN] Loss: 0.5668, Accuracy: 72.94%, AUC: 0.73 [VAL] Loss: 0.5800, Accuracy: 70.80%, Precision: 0.66, Recall: 0.79, F1: 0.72, AUC: 0.71
Epoch [38/100] [TRAIN] Loss: 0.5665, Accuracy: 72.69%, AUC: 0.73 [VAL] Loss: 0.5796, Accuracy: 71.10%, Precision: 0.66, Recall: 0.79, F1: 0.72, AUC: 0.72
Epoch [39/100] [TRAIN] Loss: 0.5656, Accuracy: 72.58%, AUC: 0.73 [VAL] Loss: 0.5795, Accuracy: 70.90%, Precision: 0.66, Recall: 0.79, F1: 0.72, AUC: 0.71
Epoch [40/100] [TRAIN] Loss: 0.5664, Accuracy: 72.80%, AUC: 0.73 [VAL] Loss: 0.5797, Accuracy: 70.90%, Precision: 0.66, Recall: 0.79, F1: 0.72, AUC: 0.71
Epoch [41/100] [TRAIN] Loss: 0.5669, Accuracy: 72.46%, AUC: 0.72 [VAL] Loss: 0.5795, Accuracy: 70.90%, Precision: 0.66, Recall: 0.79, F1: 0.72, AUC: 0.71
Epoch [42/100] [TRAIN] Loss: 0.5694, Accuracy: 72.09%, AUC: 0.72 [VAL] Loss: 0.5791, Accuracy: 70.90%, Precision: 0.66, Recall: 0.79, F1: 0.72, AUC: 0.71
Epoch [43/100] [TRAIN] Loss: 0.5655, Accuracy: 73.21%, AUC: 0.73 [VAL] Loss: 0.5786, Accuracy: 70.90%, Precision: 0.66, Recall: 0.79, F1: 0.72, AUC: 0.71
Epoch [44/100] [TRAIN] Loss: 0.5639, Accuracy: 72.55%, AUC: 0.73 [VAL] Loss: 0.5785, Accuracy: 71.10%, Precision: 0.66, Recall: 0.79, F1: 0.72, AUC: 0.72
Epoch [45/100] [TRAIN] Loss: 0.5670, Accuracy: 71.96%, AUC: 0.72 [VAL] Loss: 0.5783, Accuracy: 71.10%, Precision: 0.66, Recall: 0.79, F1: 0.72, AUC: 0.72
Epoch [46/100] [TRAIN] Loss: 0.5662, Accuracy: 72.71%, AUC: 0.73 [VAL] Loss: 0.5782, Accuracy: 71.10%, Precision: 0.66, Recall: 0.79, F1: 0.72, AUC: 0.72
Epoch [47/100] [TRAIN] Loss: 0.5668, Accuracy: 72.75%, AUC: 0.73 [VAL] Loss: 0.5779, Accuracy: 71.10%, Precision: 0.66, Recall: 0.79, F1: 0.72, AUC: 0.72
Epoch [48/100] [TRAIN] Loss: 0.5653, Accuracy: 72.94%, AUC: 0.73 [VAL] Loss: 0.5776, Accuracy: 71.50%, Precision: 0.67, Recall: 0.79, F1: 0.72, AUC: 0.72
Epoch [49/100] [TRAIN] Loss: 0.5635, Accuracy: 72.85%, AUC: 0.73 [VAL] Loss: 0.5775, Accuracy: 71.50%, Precision: 0.67, Recall: 0.79, F1: 0.72, AUC: 0.72
Epoch [50/100] [TRAIN] Loss: 0.5592, Accuracy: 72.41%, AUC: 0.72 [VAL] Loss: 0.5775, Accuracy: 71.40%, Precision: 0.66, Recall: 0.79, F1: 0.72, AUC: 0.72
Epoch [51/100] [TRAIN] Loss: 0.5609, Accuracy: 73.12%, AUC: 0.73 [VAL] Loss: 0.5775, Accuracy: 71.50%, Precision: 0.67, Recall: 0.79, F1: 0.72, AUC: 0.72
Epoch [52/100] [TRAIN] Loss: 0.5577, Accuracy: 73.11%, AUC: 0.73 [VAL] Loss: 0.5776, Accuracy: 71.30%, Precision: 0.66, Recall: 0.79, F1: 0.72, AUC: 0.72
Epoch [53/100] [TRAIN] Loss: 0.5639, Accuracy: 72.85%, AUC: 0.73 [VAL] Loss: 0.5773, Accuracy: 71.30%, Precision: 0.66, Recall: 0.79, F1: 0.72, AUC: 0.72
Epoch [54/100] [TRAIN] Loss: 0.5633, Accuracy: 73.21%, AUC: 0.73 [VAL] Loss: 0.5772, Accuracy: 71.60%, Precision: 0.67, Recall: 0.79, F1: 0.72, AUC: 0.72
Epoch [55/100] [TRAIN] Loss: 0.5607, Accuracy: 72.50%, AUC: 0.73 [VAL] Loss: 0.5771, Accuracy: 71.40%, Precision: 0.67, Recall: 0.79, F1: 0.72, AUC: 0.72
Epoch [56/100] [TRAIN] Loss: 0.5570, Accuracy: 72.59%, AUC: 0.73 [VAL] Loss: 0.5771, Accuracy: 71.50%, Precision: 0.67, Recall: 0.79, F1: 0.72, AUC: 0.72
Epoch [57/100] [TRAIN] Loss: 0.5581, Accuracy: 72.25%, AUC: 0.72 [VAL] Loss: 0.5771, Accuracy: 71.50%, Precision: 0.67, Recall: 0.79, F1: 0.72, AUC: 0.72
Epoch [58/100] [TRAIN] Loss: 0.5604, Accuracy: 72.56%, AUC: 0.73 [VAL] Loss: 0.5769, Accuracy: 71.50%, Precision: 0.67, Recall: 0.79, F1: 0.72, AUC: 0.72
Epoch [59/100] [TRAIN] Loss: 0.5599, Accuracy: 72.47%, AUC: 0.73 [VAL] Loss: 0.5769, Accuracy: 71.40%, Precision: 0.67, Recall: 0.79, F1: 0.72, AUC: 0.72
Epoch [60/100] [TRAIN] Loss: 0.5595, Accuracy: 72.99%, AUC: 0.73 [VAL] Loss: 0.5770, Accuracy: 71.30%, Precision: 0.66, Recall: 0.79, F1: 0.72, AUC: 0.72
Epoch [61/100] [TRAIN] Loss: 0.5603, Accuracy: 73.05%, AUC: 0.73 [VAL] Loss: 0.5768, Accuracy: 71.30%, Precision: 0.66, Recall: 0.79, F1: 0.72, AUC: 0.72
Epoch [62/100] [TRAIN] Loss: 0.5598, Accuracy: 73.35%, AUC: 0.73 [VAL] Loss: 0.5771, Accuracy: 71.00%, Precision: 0.66, Recall: 0.79, F1: 0.72, AUC: 0.71
Epoch [63/100] [TRAIN] Loss: 0.5601, Accuracy: 72.89%, AUC: 0.73 [VAL] Loss: 0.5770, Accuracy: 71.20%, Precision: 0.66, Recall: 0.79, F1: 0.72, AUC: 0.72
Epoch [64/100] [TRAIN] Loss: 0.5591, Accuracy: 72.90%, AUC: 0.73 [VAL] Loss: 0.5764, Accuracy: 71.30%, Precision: 0.66, Recall: 0.79, F1: 0.72, AUC: 0.72
Epoch [65/100] [TRAIN] Loss: 0.5584, Accuracy: 73.05%, AUC: 0.73 [VAL] Loss: 0.5765, Accuracy: 71.40%, Precision: 0.67, Recall: 0.79, F1: 0.72, AUC: 0.72
Epoch [66/100] [TRAIN] Loss: 0.5593, Accuracy: 72.47%, AUC: 0.72 [VAL] Loss: 0.5764, Accuracy: 71.40%, Precision: 0.66, Recall: 0.79, F1: 0.72, AUC: 0.72
Epoch [67/100] [TRAIN] Loss: 0.5614, Accuracy: 73.11%, AUC: 0.73 [VAL] Loss: 0.5762, Accuracy: 71.50%, Precision: 0.67, Recall: 0.79, F1: 0.72, AUC: 0.72
Epoch [68/100] [TRAIN] Loss: 0.5609, Accuracy: 73.24%, AUC: 0.73 [VAL] Loss: 0.5761, Accuracy: 71.40%, Precision: 0.66, Recall: 0.79, F1: 0.72, AUC: 0.72
Epoch [69/100] [TRAIN] Loss: 0.5587, Accuracy: 72.70%, AUC: 0.73 [VAL] Loss: 0.5763, Accuracy: 71.30%, Precision: 0.66, Recall: 0.79, F1: 0.72, AUC: 0.72
Epoch [70/100] [TRAIN] Loss: 0.5586, Accuracy: 72.40%, AUC: 0.72 [VAL] Loss: 0.5761, Accuracy: 71.40%, Precision: 0.66, Recall: 0.79, F1: 0.72, AUC: 0.72
Epoch [71/100] [TRAIN] Loss: 0.5567, Accuracy: 73.01%, AUC: 0.73 [VAL] Loss: 0.5761, Accuracy: 71.30%, Precision: 0.66, Recall: 0.79, F1: 0.72, AUC: 0.72
Epoch [72/100] [TRAIN] Loss: 0.5578, Accuracy: 72.26%, AUC: 0.72 [VAL] Loss: 0.5761, Accuracy: 71.40%, Precision: 0.66, Recall: 0.79, F1: 0.72, AUC: 0.72
Epoch [73/100] [TRAIN] Loss: 0.5586, Accuracy: 72.91%, AUC: 0.73 [VAL] Loss: 0.5760, Accuracy: 71.10%, Precision: 0.66, Recall: 0.79, F1: 0.72, AUC: 0.72
Epoch [74/100] [TRAIN] Loss: 0.5601, Accuracy: 72.78%, AUC: 0.73 [VAL] Loss: 0.5759, Accuracy: 71.20%, Precision: 0.66, Recall: 0.79, F1: 0.72, AUC: 0.72
Epoch [75/100] [TRAIN] Loss: 0.5557, Accuracy: 72.80%, AUC: 0.73 [VAL] Loss: 0.5758, Accuracy: 71.20%, Precision: 0.66, Recall: 0.79, F1: 0.72, AUC: 0.72
Epoch [76/100] [TRAIN] Loss: 0.5574, Accuracy: 72.84%, AUC: 0.73 [VAL] Loss: 0.5758, Accuracy: 71.30%, Precision: 0.66, Recall: 0.79, F1: 0.72, AUC: 0.72
Epoch [77/100] [TRAIN] Loss: 0.5558, Accuracy: 73.42%, AUC: 0.73 [VAL] Loss: 0.5759, Accuracy: 71.30%, Precision: 0.66, Recall: 0.79, F1: 0.72, AUC: 0.72
Epoch [78/100] [TRAIN] Loss: 0.5569, Accuracy: 72.69%, AUC: 0.73 [VAL] Loss: 0.5759, Accuracy: 71.20%, Precision: 0.66, Recall: 0.79, F1: 0.72, AUC: 0.72
Epoch [79/100] [TRAIN] Loss: 0.5592, Accuracy: 73.30%, AUC: 0.73 [VAL] Loss: 0.5756, Accuracy: 71.30%, Precision: 0.66, Recall: 0.79, F1: 0.72, AUC: 0.72
Epoch [80/100] [TRAIN] Loss: 0.5567, Accuracy: 73.21%, AUC: 0.73 [VAL] Loss: 0.5755, Accuracy: 71.40%, Precision: 0.66, Recall: 0.79, F1: 0.72, AUC: 0.72
Epoch [81/100] [TRAIN] Loss: 0.5582, Accuracy: 72.88%, AUC: 0.73 [VAL] Loss: 0.5754, Accuracy: 71.20%, Precision: 0.66, Recall: 0.79, F1: 0.72, AUC: 0.72
Epoch [82/100] [TRAIN] Loss: 0.5535, Accuracy: 73.24%, AUC: 0.73 [VAL] Loss: 0.5756, Accuracy: 71.10%, Precision: 0.66, Recall: 0.79, F1: 0.72, AUC: 0.72
Epoch [83/100] [TRAIN] Loss: 0.5572, Accuracy: 72.70%, AUC: 0.73 [VAL] Loss: 0.5755, Accuracy: 71.20%, Precision: 0.66, Recall: 0.79, F1: 0.72, AUC: 0.72
Epoch [84/100] [TRAIN] Loss: 0.5561, Accuracy: 73.34%, AUC: 0.73 [VAL] Loss: 0.5754, Accuracy: 71.20%, Precision: 0.66, Recall: 0.79, F1: 0.72, AUC: 0.72
Epoch [85/100] [TRAIN] Loss: 0.5565, Accuracy: 72.47%, AUC: 0.72 [VAL] Loss: 0.5755, Accuracy: 71.20%, Precision: 0.66, Recall: 0.79, F1: 0.72, AUC: 0.72
Epoch [86/100] [TRAIN] Loss: 0.5513, Accuracy: 73.16%, AUC: 0.73 [VAL] Loss: 0.5756, Accuracy: 71.10%, Precision: 0.66, Recall: 0.79, F1: 0.72, AUC: 0.72
Epoch [87/100] [TRAIN] Loss: 0.5513, Accuracy: 73.03%, AUC: 0.73 [VAL] Loss: 0.5758, Accuracy: 71.10%, Precision: 0.66, Recall: 0.79, F1: 0.72, AUC: 0.72
Epoch [88/100] [TRAIN] Loss: 0.5564, Accuracy: 72.95%, AUC: 0.73 [VAL] Loss: 0.5755, Accuracy: 71.10%, Precision: 0.66, Recall: 0.79, F1: 0.72, AUC: 0.72
Epoch [89/100] [TRAIN] Loss: 0.5545, Accuracy: 72.80%, AUC: 0.73 [VAL] Loss: 0.5756, Accuracy: 71.10%, Precision: 0.66, Recall: 0.79, F1: 0.72, AUC: 0.72
Epoch [90/100] [TRAIN] Loss: 0.5592, Accuracy: 72.99%, AUC: 0.73 [VAL] Loss: 0.5754, Accuracy: 71.10%, Precision: 0.66, Recall: 0.79, F1: 0.72, AUC: 0.72
Epoch [91/100] [TRAIN] Loss: 0.5534, Accuracy: 73.14%, AUC: 0.73 [VAL] Loss: 0.5754, Accuracy: 71.10%, Precision: 0.66, Recall: 0.79, F1: 0.72, AUC: 0.72
Epoch [92/100] [TRAIN] Loss: 0.5553, Accuracy: 73.05%, AUC: 0.73 [VAL] Loss: 0.5754, Accuracy: 71.10%, Precision: 0.66, Recall: 0.79, F1: 0.72, AUC: 0.72
Epoch [93/100] [TRAIN] Loss: 0.5539, Accuracy: 73.39%, AUC: 0.73 [VAL] Loss: 0.5754, Accuracy: 71.10%, Precision: 0.66, Recall: 0.79, F1: 0.72, AUC: 0.72
Epoch [94/100] [TRAIN] Loss: 0.5544, Accuracy: 72.85%, AUC: 0.73 [VAL] Loss: 0.5754, Accuracy: 71.00%, Precision: 0.66, Recall: 0.79, F1: 0.72, AUC: 0.71
Epoch [95/100] [TRAIN] Loss: 0.5554, Accuracy: 73.06%, AUC: 0.73 [VAL] Loss: 0.5754, Accuracy: 71.10%, Precision: 0.66, Recall: 0.79, F1: 0.72, AUC: 0.72
Epoch [96/100] [TRAIN] Loss: 0.5558, Accuracy: 72.99%, AUC: 0.73 [VAL] Loss: 0.5754, Accuracy: 71.20%, Precision: 0.66, Recall: 0.79, F1: 0.72, AUC: 0.72
Epoch [97/100] [TRAIN] Loss: 0.5548, Accuracy: 73.45%, AUC: 0.73 [VAL] Loss: 0.5754, Accuracy: 71.20%, Precision: 0.66, Recall: 0.79, F1: 0.72, AUC: 0.72
Epoch [98/100] [TRAIN] Loss: 0.5528, Accuracy: 73.58%, AUC: 0.74 [VAL] Loss: 0.5754, Accuracy: 71.20%, Precision: 0.66, Recall: 0.79, F1: 0.72, AUC: 0.72
Epoch [99/100] [TRAIN] Loss: 0.5580, Accuracy: 72.59%, AUC: 0.73 [VAL] Loss: 0.5754, Accuracy: 71.20%, Precision: 0.66, Recall: 0.79, F1: 0.72, AUC: 0.72
Epoch [100/100] [TRAIN] Loss: 0.5557, Accuracy: 72.86%, AUC: 0.73 [VAL] Loss: 0.5754, Accuracy: 71.20%, Precision: 0.66, Recall: 0.79, F1: 0.72, AUC: 0.72
Seed: 789
Accuracy:  73.90 %
AUC:       0.7386
Precision: 0.7108
Recall:    0.8111
F1-Score:  0.7577

Detailed Classification Report:
              precision    recall  f1-score   support

           0       0.78      0.67      0.72       497
           1       0.71      0.81      0.76       503

    accuracy                           0.74      1000
   macro avg       0.74      0.74      0.74      1000
weighted avg       0.74      0.74      0.74      1000


Confusion Matrix:
[[331 166]
 [ 95 408]]


002-H3K9me3
Train label distribution:
  Label 0:   4077 (51.0%)
  Label 1:   3923 (49.0%)
Val label distribution:
  Label 0:    529 (52.9%)
  Label 1:    471 (47.1%)
Test label distribution:
  Label 0:    497 (49.7%)
  Label 1:    503 (50.3%)
Epoch [1/100] [TRAIN] Loss: 0.7276, Accuracy: 50.44%, AUC: 0.50 [VAL] Loss: 0.7260, Accuracy: 47.70%, Precision: 0.47, Recall: 0.98, F1: 0.64, AUC: 0.50
Epoch [2/100] [TRAIN] Loss: 0.7262, Accuracy: 49.80%, AUC: 0.50 [VAL] Loss: 0.7258, Accuracy: 47.80%, Precision: 0.47, Recall: 0.98, F1: 0.64, AUC: 0.51
Epoch [3/100] [TRAIN] Loss: 0.7262, Accuracy: 50.38%, AUC: 0.50 [VAL] Loss: 0.7256, Accuracy: 47.80%, Precision: 0.47, Recall: 0.98, F1: 0.64, AUC: 0.51
Epoch [4/100] [TRAIN] Loss: 0.7259, Accuracy: 50.25%, AUC: 0.50 [VAL] Loss: 0.7255, Accuracy: 47.80%, Precision: 0.47, Recall: 0.98, F1: 0.64, AUC: 0.51
Epoch [5/100] [TRAIN] Loss: 0.7259, Accuracy: 50.41%, AUC: 0.50 [VAL] Loss: 0.7254, Accuracy: 47.80%, Precision: 0.47, Recall: 0.98, F1: 0.64, AUC: 0.51
Epoch [6/100] [TRAIN] Loss: 0.7262, Accuracy: 50.41%, AUC: 0.50 [VAL] Loss: 0.7253, Accuracy: 47.80%, Precision: 0.47, Recall: 0.98, F1: 0.64, AUC: 0.51
Epoch [7/100] [TRAIN] Loss: 0.7256, Accuracy: 49.39%, AUC: 0.49 [VAL] Loss: 0.7252, Accuracy: 47.70%, Precision: 0.47, Recall: 0.98, F1: 0.64, AUC: 0.50
Epoch [8/100] [TRAIN] Loss: 0.7254, Accuracy: 49.80%, AUC: 0.50 [VAL] Loss: 0.7251, Accuracy: 47.80%, Precision: 0.47, Recall: 0.98, F1: 0.64, AUC: 0.51
Epoch [9/100] [TRAIN] Loss: 0.7256, Accuracy: 49.56%, AUC: 0.50 [VAL] Loss: 0.7250, Accuracy: 47.80%, Precision: 0.47, Recall: 0.98, F1: 0.64, AUC: 0.51
Epoch [10/100] [TRAIN] Loss: 0.7259, Accuracy: 49.70%, AUC: 0.50 [VAL] Loss: 0.7250, Accuracy: 47.90%, Precision: 0.47, Recall: 0.98, F1: 0.64, AUC: 0.51
Epoch [11/100] [TRAIN] Loss: 0.7251, Accuracy: 50.70%, AUC: 0.51 [VAL] Loss: 0.7249, Accuracy: 47.80%, Precision: 0.47, Recall: 0.98, F1: 0.64, AUC: 0.51
Epoch [12/100] [TRAIN] Loss: 0.7247, Accuracy: 50.73%, AUC: 0.51 [VAL] Loss: 0.7249, Accuracy: 48.00%, Precision: 0.47, Recall: 0.99, F1: 0.64, AUC: 0.51
Epoch [13/100] [TRAIN] Loss: 0.7252, Accuracy: 50.48%, AUC: 0.51 [VAL] Loss: 0.7248, Accuracy: 48.00%, Precision: 0.47, Recall: 0.99, F1: 0.64, AUC: 0.51
Epoch [14/100] [TRAIN] Loss: 0.7253, Accuracy: 49.56%, AUC: 0.50 [VAL] Loss: 0.7247, Accuracy: 48.00%, Precision: 0.47, Recall: 0.99, F1: 0.64, AUC: 0.51
Epoch [15/100] [TRAIN] Loss: 0.7252, Accuracy: 50.35%, AUC: 0.50 [VAL] Loss: 0.7247, Accuracy: 48.00%, Precision: 0.47, Recall: 0.99, F1: 0.64, AUC: 0.51
Epoch [16/100] [TRAIN] Loss: 0.7249, Accuracy: 49.62%, AUC: 0.50 [VAL] Loss: 0.7246, Accuracy: 47.90%, Precision: 0.47, Recall: 0.99, F1: 0.64, AUC: 0.51
Epoch [17/100] [TRAIN] Loss: 0.7251, Accuracy: 49.77%, AUC: 0.50 [VAL] Loss: 0.7246, Accuracy: 48.00%, Precision: 0.47, Recall: 0.99, F1: 0.64, AUC: 0.51
Epoch [18/100] [TRAIN] Loss: 0.7247, Accuracy: 50.17%, AUC: 0.50 [VAL] Loss: 0.7245, Accuracy: 48.00%, Precision: 0.47, Recall: 0.99, F1: 0.64, AUC: 0.51
Epoch [19/100] [TRAIN] Loss: 0.7247, Accuracy: 50.19%, AUC: 0.50 [VAL] Loss: 0.7245, Accuracy: 48.10%, Precision: 0.48, Recall: 0.99, F1: 0.64, AUC: 0.51
Epoch [20/100] [TRAIN] Loss: 0.7240, Accuracy: 51.04%, AUC: 0.51 [VAL] Loss: 0.7244, Accuracy: 48.10%, Precision: 0.48, Recall: 0.99, F1: 0.64, AUC: 0.51
Epoch [21/100] [TRAIN] Loss: 0.7249, Accuracy: 50.05%, AUC: 0.50 [VAL] Loss: 0.7244, Accuracy: 48.10%, Precision: 0.48, Recall: 0.99, F1: 0.64, AUC: 0.51
Epoch [22/100] [TRAIN] Loss: 0.7243, Accuracy: 50.20%, AUC: 0.50 [VAL] Loss: 0.7243, Accuracy: 48.10%, Precision: 0.48, Recall: 0.99, F1: 0.64, AUC: 0.51
Epoch [23/100] [TRAIN] Loss: 0.7242, Accuracy: 50.83%, AUC: 0.51 [VAL] Loss: 0.7243, Accuracy: 48.10%, Precision: 0.48, Recall: 0.99, F1: 0.64, AUC: 0.51
Epoch [24/100] [TRAIN] Loss: 0.7238, Accuracy: 51.64%, AUC: 0.52 [VAL] Loss: 0.7242, Accuracy: 48.30%, Precision: 0.48, Recall: 0.99, F1: 0.64, AUC: 0.51
Epoch [25/100] [TRAIN] Loss: 0.7249, Accuracy: 50.41%, AUC: 0.50 [VAL] Loss: 0.7242, Accuracy: 48.30%, Precision: 0.48, Recall: 0.99, F1: 0.64, AUC: 0.51
Epoch [26/100] [TRAIN] Loss: 0.7239, Accuracy: 50.45%, AUC: 0.50 [VAL] Loss: 0.7241, Accuracy: 48.30%, Precision: 0.48, Recall: 0.99, F1: 0.64, AUC: 0.51
Epoch [27/100] [TRAIN] Loss: 0.7242, Accuracy: 51.52%, AUC: 0.52 [VAL] Loss: 0.7241, Accuracy: 48.30%, Precision: 0.48, Recall: 0.99, F1: 0.64, AUC: 0.51
Epoch [28/100] [TRAIN] Loss: 0.7246, Accuracy: 49.48%, AUC: 0.49 [VAL] Loss: 0.7241, Accuracy: 48.40%, Precision: 0.48, Recall: 0.99, F1: 0.64, AUC: 0.51
Epoch [29/100] [TRAIN] Loss: 0.7243, Accuracy: 49.54%, AUC: 0.50 [VAL] Loss: 0.7240, Accuracy: 48.40%, Precision: 0.48, Recall: 0.99, F1: 0.64, AUC: 0.51
Epoch [30/100] [TRAIN] Loss: 0.7240, Accuracy: 50.29%, AUC: 0.50 [VAL] Loss: 0.7240, Accuracy: 48.20%, Precision: 0.48, Recall: 0.99, F1: 0.64, AUC: 0.51
Epoch [31/100] [TRAIN] Loss: 0.7245, Accuracy: 49.77%, AUC: 0.50 [VAL] Loss: 0.7239, Accuracy: 48.20%, Precision: 0.48, Recall: 0.99, F1: 0.64, AUC: 0.51
Epoch [32/100] [TRAIN] Loss: 0.7243, Accuracy: 49.36%, AUC: 0.49 [VAL] Loss: 0.7239, Accuracy: 48.20%, Precision: 0.48, Recall: 0.99, F1: 0.64, AUC: 0.51
Epoch [33/100] [TRAIN] Loss: 0.7237, Accuracy: 50.09%, AUC: 0.50 [VAL] Loss: 0.7239, Accuracy: 48.50%, Precision: 0.48, Recall: 0.99, F1: 0.65, AUC: 0.51
Epoch [34/100] [TRAIN] Loss: 0.7238, Accuracy: 50.52%, AUC: 0.51 [VAL] Loss: 0.7238, Accuracy: 48.50%, Precision: 0.48, Recall: 0.99, F1: 0.65, AUC: 0.51
Epoch [35/100] [TRAIN] Loss: 0.7231, Accuracy: 51.40%, AUC: 0.51 [VAL] Loss: 0.7238, Accuracy: 48.50%, Precision: 0.48, Recall: 0.99, F1: 0.65, AUC: 0.51
Epoch [36/100] [TRAIN] Loss: 0.7232, Accuracy: 51.06%, AUC: 0.51 [VAL] Loss: 0.7238, Accuracy: 48.50%, Precision: 0.48, Recall: 0.99, F1: 0.65, AUC: 0.51
Epoch [37/100] [TRAIN] Loss: 0.7237, Accuracy: 49.48%, AUC: 0.49 [VAL] Loss: 0.7237, Accuracy: 48.70%, Precision: 0.48, Recall: 0.99, F1: 0.65, AUC: 0.51
Epoch [38/100] [TRAIN] Loss: 0.7242, Accuracy: 50.45%, AUC: 0.50 [VAL] Loss: 0.7237, Accuracy: 48.70%, Precision: 0.48, Recall: 0.99, F1: 0.65, AUC: 0.51
Epoch [39/100] [TRAIN] Loss: 0.7239, Accuracy: 49.12%, AUC: 0.49 [VAL] Loss: 0.7236, Accuracy: 48.70%, Precision: 0.48, Recall: 0.99, F1: 0.65, AUC: 0.51
Epoch [40/100] [TRAIN] Loss: 0.7232, Accuracy: 49.54%, AUC: 0.50 [VAL] Loss: 0.7236, Accuracy: 48.50%, Precision: 0.48, Recall: 0.99, F1: 0.64, AUC: 0.51
Epoch [41/100] [TRAIN] Loss: 0.7236, Accuracy: 49.91%, AUC: 0.50 [VAL] Loss: 0.7236, Accuracy: 48.50%, Precision: 0.48, Recall: 0.99, F1: 0.64, AUC: 0.51
Epoch [42/100] [TRAIN] Loss: 0.7233, Accuracy: 50.12%, AUC: 0.50 [VAL] Loss: 0.7236, Accuracy: 48.60%, Precision: 0.48, Recall: 0.99, F1: 0.64, AUC: 0.51
Epoch [43/100] [TRAIN] Loss: 0.7229, Accuracy: 51.84%, AUC: 0.52 [VAL] Loss: 0.7235, Accuracy: 48.60%, Precision: 0.48, Recall: 0.99, F1: 0.64, AUC: 0.51
Epoch [44/100] [TRAIN] Loss: 0.7233, Accuracy: 49.24%, AUC: 0.49 [VAL] Loss: 0.7235, Accuracy: 48.60%, Precision: 0.48, Recall: 0.99, F1: 0.64, AUC: 0.51
Epoch [45/100] [TRAIN] Loss: 0.7233, Accuracy: 51.36%, AUC: 0.51 [VAL] Loss: 0.7235, Accuracy: 48.60%, Precision: 0.48, Recall: 0.99, F1: 0.64, AUC: 0.51
Epoch [46/100] [TRAIN] Loss: 0.7231, Accuracy: 50.91%, AUC: 0.51 [VAL] Loss: 0.7234, Accuracy: 48.60%, Precision: 0.48, Recall: 0.99, F1: 0.64, AUC: 0.51
Epoch [47/100] [TRAIN] Loss: 0.7235, Accuracy: 50.40%, AUC: 0.50 [VAL] Loss: 0.7234, Accuracy: 48.60%, Precision: 0.48, Recall: 0.99, F1: 0.64, AUC: 0.51
Epoch [48/100] [TRAIN] Loss: 0.7232, Accuracy: 50.99%, AUC: 0.51 [VAL] Loss: 0.7234, Accuracy: 48.60%, Precision: 0.48, Recall: 0.99, F1: 0.64, AUC: 0.51
Epoch [49/100] [TRAIN] Loss: 0.7229, Accuracy: 51.20%, AUC: 0.51 [VAL] Loss: 0.7234, Accuracy: 48.60%, Precision: 0.48, Recall: 0.99, F1: 0.64, AUC: 0.51
Epoch [50/100] [TRAIN] Loss: 0.7231, Accuracy: 50.69%, AUC: 0.51 [VAL] Loss: 0.7233, Accuracy: 48.60%, Precision: 0.48, Recall: 0.99, F1: 0.64, AUC: 0.51
Epoch [51/100] [TRAIN] Loss: 0.7230, Accuracy: 50.08%, AUC: 0.50 [VAL] Loss: 0.7233, Accuracy: 48.60%, Precision: 0.48, Recall: 0.99, F1: 0.64, AUC: 0.51
Epoch [52/100] [TRAIN] Loss: 0.7228, Accuracy: 50.91%, AUC: 0.51 [VAL] Loss: 0.7233, Accuracy: 48.60%, Precision: 0.48, Recall: 0.99, F1: 0.64, AUC: 0.51
Epoch [53/100] [TRAIN] Loss: 0.7232, Accuracy: 50.79%, AUC: 0.51 [VAL] Loss: 0.7233, Accuracy: 48.60%, Precision: 0.48, Recall: 0.99, F1: 0.64, AUC: 0.51
Epoch [54/100] [TRAIN] Loss: 0.7231, Accuracy: 49.89%, AUC: 0.50 [VAL] Loss: 0.7232, Accuracy: 48.60%, Precision: 0.48, Recall: 0.99, F1: 0.64, AUC: 0.51
Epoch [55/100] [TRAIN] Loss: 0.7228, Accuracy: 51.94%, AUC: 0.52 [VAL] Loss: 0.7232, Accuracy: 48.60%, Precision: 0.48, Recall: 0.99, F1: 0.64, AUC: 0.51
Epoch [56/100] [TRAIN] Loss: 0.7234, Accuracy: 49.59%, AUC: 0.50 [VAL] Loss: 0.7232, Accuracy: 48.60%, Precision: 0.48, Recall: 0.99, F1: 0.64, AUC: 0.51
Epoch [57/100] [TRAIN] Loss: 0.7231, Accuracy: 49.38%, AUC: 0.49 [VAL] Loss: 0.7232, Accuracy: 48.60%, Precision: 0.48, Recall: 0.99, F1: 0.64, AUC: 0.51
Epoch [58/100] [TRAIN] Loss: 0.7224, Accuracy: 51.36%, AUC: 0.51 [VAL] Loss: 0.7231, Accuracy: 48.60%, Precision: 0.48, Recall: 0.99, F1: 0.64, AUC: 0.51
Epoch [59/100] [TRAIN] Loss: 0.7231, Accuracy: 49.99%, AUC: 0.50 [VAL] Loss: 0.7231, Accuracy: 48.60%, Precision: 0.48, Recall: 0.99, F1: 0.64, AUC: 0.51
Epoch [60/100] [TRAIN] Loss: 0.7226, Accuracy: 50.19%, AUC: 0.50 [VAL] Loss: 0.7231, Accuracy: 48.60%, Precision: 0.48, Recall: 0.99, F1: 0.64, AUC: 0.51
Epoch [61/100] [TRAIN] Loss: 0.7226, Accuracy: 50.34%, AUC: 0.50 [VAL] Loss: 0.7231, Accuracy: 48.60%, Precision: 0.48, Recall: 0.99, F1: 0.64, AUC: 0.51
Epoch [62/100] [TRAIN] Loss: 0.7235, Accuracy: 50.36%, AUC: 0.50 [VAL] Loss: 0.7230, Accuracy: 48.60%, Precision: 0.48, Recall: 0.99, F1: 0.64, AUC: 0.51
Epoch [63/100] [TRAIN] Loss: 0.7224, Accuracy: 50.73%, AUC: 0.51 [VAL] Loss: 0.7230, Accuracy: 48.60%, Precision: 0.48, Recall: 0.99, F1: 0.64, AUC: 0.51
Epoch [64/100] [TRAIN] Loss: 0.7222, Accuracy: 50.65%, AUC: 0.51 [VAL] Loss: 0.7230, Accuracy: 48.60%, Precision: 0.48, Recall: 0.99, F1: 0.64, AUC: 0.51
Epoch [65/100] [TRAIN] Loss: 0.7223, Accuracy: 51.35%, AUC: 0.51 [VAL] Loss: 0.7230, Accuracy: 48.60%, Precision: 0.48, Recall: 0.99, F1: 0.64, AUC: 0.51
Epoch [66/100] [TRAIN] Loss: 0.7224, Accuracy: 50.65%, AUC: 0.51 [VAL] Loss: 0.7229, Accuracy: 48.60%, Precision: 0.48, Recall: 0.99, F1: 0.64, AUC: 0.51
Epoch [67/100] [TRAIN] Loss: 0.7227, Accuracy: 50.35%, AUC: 0.50 [VAL] Loss: 0.7229, Accuracy: 48.60%, Precision: 0.48, Recall: 0.99, F1: 0.64, AUC: 0.51
Epoch [68/100] [TRAIN] Loss: 0.7221, Accuracy: 50.41%, AUC: 0.50 [VAL] Loss: 0.7229, Accuracy: 48.60%, Precision: 0.48, Recall: 0.99, F1: 0.64, AUC: 0.51
Epoch [69/100] [TRAIN] Loss: 0.7229, Accuracy: 49.99%, AUC: 0.50 [VAL] Loss: 0.7229, Accuracy: 48.60%, Precision: 0.48, Recall: 0.99, F1: 0.64, AUC: 0.51
Epoch [70/100] [TRAIN] Loss: 0.7224, Accuracy: 50.45%, AUC: 0.50 [VAL] Loss: 0.7229, Accuracy: 48.70%, Precision: 0.48, Recall: 0.99, F1: 0.64, AUC: 0.51
Epoch [71/100] [TRAIN] Loss: 0.7225, Accuracy: 50.92%, AUC: 0.51 [VAL] Loss: 0.7228, Accuracy: 48.70%, Precision: 0.48, Recall: 0.99, F1: 0.64, AUC: 0.51
Epoch [72/100] [TRAIN] Loss: 0.7221, Accuracy: 50.05%, AUC: 0.50 [VAL] Loss: 0.7228, Accuracy: 48.70%, Precision: 0.48, Recall: 0.99, F1: 0.64, AUC: 0.51
Epoch [73/100] [TRAIN] Loss: 0.7225, Accuracy: 49.90%, AUC: 0.50 [VAL] Loss: 0.7228, Accuracy: 48.70%, Precision: 0.48, Recall: 0.99, F1: 0.64, AUC: 0.51
Epoch [74/100] [TRAIN] Loss: 0.7221, Accuracy: 51.12%, AUC: 0.51 [VAL] Loss: 0.7228, Accuracy: 48.70%, Precision: 0.48, Recall: 0.99, F1: 0.64, AUC: 0.51
Epoch [75/100] [TRAIN] Loss: 0.7227, Accuracy: 49.04%, AUC: 0.49 [VAL] Loss: 0.7227, Accuracy: 48.70%, Precision: 0.48, Recall: 0.99, F1: 0.64, AUC: 0.51
Epoch [76/100] [TRAIN] Loss: 0.7222, Accuracy: 50.70%, AUC: 0.51 [VAL] Loss: 0.7227, Accuracy: 48.70%, Precision: 0.48, Recall: 0.99, F1: 0.64, AUC: 0.51
Epoch [77/100] [TRAIN] Loss: 0.7222, Accuracy: 51.33%, AUC: 0.51 [VAL] Loss: 0.7227, Accuracy: 48.70%, Precision: 0.48, Recall: 0.99, F1: 0.64, AUC: 0.51
Epoch [78/100] [TRAIN] Loss: 0.7222, Accuracy: 51.06%, AUC: 0.51 [VAL] Loss: 0.7227, Accuracy: 48.70%, Precision: 0.48, Recall: 0.99, F1: 0.64, AUC: 0.51
Epoch [79/100] [TRAIN] Loss: 0.7225, Accuracy: 50.36%, AUC: 0.50 [VAL] Loss: 0.7227, Accuracy: 48.70%, Precision: 0.48, Recall: 0.99, F1: 0.64, AUC: 0.51
Epoch [80/100] [TRAIN] Loss: 0.7222, Accuracy: 49.89%, AUC: 0.50 [VAL] Loss: 0.7226, Accuracy: 48.70%, Precision: 0.48, Recall: 0.99, F1: 0.64, AUC: 0.51
Epoch [81/100] [TRAIN] Loss: 0.7221, Accuracy: 50.45%, AUC: 0.50 [VAL] Loss: 0.7226, Accuracy: 48.70%, Precision: 0.48, Recall: 0.99, F1: 0.64, AUC: 0.51
Epoch [82/100] [TRAIN] Loss: 0.7224, Accuracy: 50.16%, AUC: 0.50 [VAL] Loss: 0.7226, Accuracy: 48.70%, Precision: 0.48, Recall: 0.99, F1: 0.64, AUC: 0.51
Epoch [83/100] [TRAIN] Loss: 0.7222, Accuracy: 49.33%, AUC: 0.49 [VAL] Loss: 0.7226, Accuracy: 48.70%, Precision: 0.48, Recall: 0.99, F1: 0.64, AUC: 0.51
Epoch [84/100] [TRAIN] Loss: 0.7219, Accuracy: 51.11%, AUC: 0.51 [VAL] Loss: 0.7225, Accuracy: 48.70%, Precision: 0.48, Recall: 0.99, F1: 0.64, AUC: 0.51
Epoch [85/100] [TRAIN] Loss: 0.7223, Accuracy: 51.00%, AUC: 0.51 [VAL] Loss: 0.7225, Accuracy: 48.70%, Precision: 0.48, Recall: 0.99, F1: 0.64, AUC: 0.51
Epoch [86/100] [TRAIN] Loss: 0.7221, Accuracy: 50.60%, AUC: 0.51 [VAL] Loss: 0.7225, Accuracy: 48.70%, Precision: 0.48, Recall: 0.99, F1: 0.64, AUC: 0.51
Epoch [87/100] [TRAIN] Loss: 0.7218, Accuracy: 50.30%, AUC: 0.50 [VAL] Loss: 0.7225, Accuracy: 48.70%, Precision: 0.48, Recall: 0.99, F1: 0.64, AUC: 0.51
Epoch [88/100] [TRAIN] Loss: 0.7218, Accuracy: 50.08%, AUC: 0.50 [VAL] Loss: 0.7225, Accuracy: 48.70%, Precision: 0.48, Recall: 0.99, F1: 0.64, AUC: 0.51
Epoch [89/100] [TRAIN] Loss: 0.7223, Accuracy: 49.04%, AUC: 0.49 [VAL] Loss: 0.7224, Accuracy: 48.70%, Precision: 0.48, Recall: 0.99, F1: 0.64, AUC: 0.51
Epoch [90/100] [TRAIN] Loss: 0.7218, Accuracy: 50.70%, AUC: 0.51 [VAL] Loss: 0.7224, Accuracy: 48.70%, Precision: 0.48, Recall: 0.99, F1: 0.64, AUC: 0.51
Epoch [91/100] [TRAIN] Loss: 0.7223, Accuracy: 49.88%, AUC: 0.50 [VAL] Loss: 0.7224, Accuracy: 48.70%, Precision: 0.48, Recall: 0.99, F1: 0.64, AUC: 0.51
Epoch [92/100] [TRAIN] Loss: 0.7215, Accuracy: 50.08%, AUC: 0.50 [VAL] Loss: 0.7224, Accuracy: 48.70%, Precision: 0.48, Recall: 0.99, F1: 0.64, AUC: 0.51
Epoch [93/100] [TRAIN] Loss: 0.7219, Accuracy: 50.14%, AUC: 0.50 [VAL] Loss: 0.7224, Accuracy: 48.70%, Precision: 0.48, Recall: 0.99, F1: 0.64, AUC: 0.51
Epoch [94/100] [TRAIN] Loss: 0.7214, Accuracy: 50.85%, AUC: 0.51 [VAL] Loss: 0.7223, Accuracy: 48.70%, Precision: 0.48, Recall: 0.99, F1: 0.64, AUC: 0.51
Epoch [95/100] [TRAIN] Loss: 0.7224, Accuracy: 49.52%, AUC: 0.50 [VAL] Loss: 0.7223, Accuracy: 48.70%, Precision: 0.48, Recall: 0.99, F1: 0.64, AUC: 0.51
Epoch [96/100] [TRAIN] Loss: 0.7221, Accuracy: 50.62%, AUC: 0.51 [VAL] Loss: 0.7223, Accuracy: 48.70%, Precision: 0.48, Recall: 0.99, F1: 0.64, AUC: 0.51
Epoch [97/100] [TRAIN] Loss: 0.7219, Accuracy: 50.54%, AUC: 0.51 [VAL] Loss: 0.7223, Accuracy: 48.70%, Precision: 0.48, Recall: 0.99, F1: 0.64, AUC: 0.51
Epoch [98/100] [TRAIN] Loss: 0.7213, Accuracy: 50.83%, AUC: 0.51 [VAL] Loss: 0.7223, Accuracy: 48.70%, Precision: 0.48, Recall: 0.99, F1: 0.64, AUC: 0.51
Epoch [99/100] [TRAIN] Loss: 0.7217, Accuracy: 49.50%, AUC: 0.50 [VAL] Loss: 0.7222, Accuracy: 48.70%, Precision: 0.48, Recall: 0.99, F1: 0.64, AUC: 0.51
Epoch [100/100] [TRAIN] Loss: 0.7216, Accuracy: 50.60%, AUC: 0.51 [VAL] Loss: 0.7222, Accuracy: 48.70%, Precision: 0.48, Recall: 0.99, F1: 0.64, AUC: 0.51
Seed: 789
Accuracy:  50.80 %
AUC:       0.5052
Precision: 0.5056
Recall:    0.9801
F1-Score:  0.6671

Detailed Classification Report:
              precision    recall  f1-score   support

           0       0.60      0.03      0.06       497
           1       0.51      0.98      0.67       503

    accuracy                           0.51      1000
   macro avg       0.55      0.51      0.36      1000
weighted avg       0.55      0.51      0.36      1000


Confusion Matrix:
[[ 15 482]
 [ 10 493]]


003-H3K27ac
Train label distribution:
  Label 0:   4077 (51.0%)
  Label 1:   3923 (49.0%)
Val label distribution:
  Label 0:    529 (52.9%)
  Label 1:    471 (47.1%)
Test label distribution:
  Label 0:    497 (49.7%)
  Label 1:    503 (50.3%)
Epoch [1/100] [TRAIN] Loss: 0.6672, Accuracy: 67.26%, AUC: 0.67 [VAL] Loss: 0.6250, Accuracy: 70.10%, Precision: 0.66, Recall: 0.76, F1: 0.71, AUC: 0.70
Epoch [2/100] [TRAIN] Loss: 0.6296, Accuracy: 71.60%, AUC: 0.72 [VAL] Loss: 0.6224, Accuracy: 70.10%, Precision: 0.66, Recall: 0.77, F1: 0.71, AUC: 0.70
Epoch [3/100] [TRAIN] Loss: 0.6178, Accuracy: 71.78%, AUC: 0.72 [VAL] Loss: 0.6201, Accuracy: 70.30%, Precision: 0.66, Recall: 0.77, F1: 0.71, AUC: 0.71
Epoch [4/100] [TRAIN] Loss: 0.6069, Accuracy: 72.56%, AUC: 0.73 [VAL] Loss: 0.6187, Accuracy: 70.70%, Precision: 0.66, Recall: 0.77, F1: 0.71, AUC: 0.71
Epoch [5/100] [TRAIN] Loss: 0.6064, Accuracy: 72.72%, AUC: 0.73 [VAL] Loss: 0.6165, Accuracy: 70.80%, Precision: 0.66, Recall: 0.77, F1: 0.71, AUC: 0.71
Epoch [6/100] [TRAIN] Loss: 0.6010, Accuracy: 73.25%, AUC: 0.73 [VAL] Loss: 0.6145, Accuracy: 70.70%, Precision: 0.66, Recall: 0.77, F1: 0.71, AUC: 0.71
Epoch [7/100] [TRAIN] Loss: 0.5980, Accuracy: 73.12%, AUC: 0.73 [VAL] Loss: 0.6126, Accuracy: 71.00%, Precision: 0.67, Recall: 0.77, F1: 0.72, AUC: 0.71
Epoch [8/100] [TRAIN] Loss: 0.5984, Accuracy: 73.50%, AUC: 0.74 [VAL] Loss: 0.6113, Accuracy: 71.10%, Precision: 0.67, Recall: 0.77, F1: 0.72, AUC: 0.71
Epoch [9/100] [TRAIN] Loss: 0.5955, Accuracy: 73.33%, AUC: 0.73 [VAL] Loss: 0.6100, Accuracy: 70.70%, Precision: 0.66, Recall: 0.77, F1: 0.71, AUC: 0.71
Epoch [10/100] [TRAIN] Loss: 0.5916, Accuracy: 73.49%, AUC: 0.74 [VAL] Loss: 0.6086, Accuracy: 70.80%, Precision: 0.66, Recall: 0.77, F1: 0.71, AUC: 0.71
Epoch [11/100] [TRAIN] Loss: 0.5921, Accuracy: 73.29%, AUC: 0.73 [VAL] Loss: 0.6077, Accuracy: 70.80%, Precision: 0.66, Recall: 0.77, F1: 0.71, AUC: 0.71
Epoch [12/100] [TRAIN] Loss: 0.5877, Accuracy: 73.75%, AUC: 0.74 [VAL] Loss: 0.6068, Accuracy: 70.90%, Precision: 0.66, Recall: 0.77, F1: 0.71, AUC: 0.71
Epoch [13/100] [TRAIN] Loss: 0.5878, Accuracy: 73.36%, AUC: 0.73 [VAL] Loss: 0.6057, Accuracy: 71.00%, Precision: 0.67, Recall: 0.77, F1: 0.71, AUC: 0.71
Epoch [14/100] [TRAIN] Loss: 0.5878, Accuracy: 73.10%, AUC: 0.73 [VAL] Loss: 0.6054, Accuracy: 71.00%, Precision: 0.67, Recall: 0.77, F1: 0.71, AUC: 0.71
Epoch [15/100] [TRAIN] Loss: 0.5876, Accuracy: 73.67%, AUC: 0.74 [VAL] Loss: 0.6044, Accuracy: 71.20%, Precision: 0.67, Recall: 0.77, F1: 0.72, AUC: 0.72
Epoch [16/100] [TRAIN] Loss: 0.5836, Accuracy: 73.84%, AUC: 0.74 [VAL] Loss: 0.6041, Accuracy: 71.20%, Precision: 0.67, Recall: 0.77, F1: 0.72, AUC: 0.72
Epoch [17/100] [TRAIN] Loss: 0.5848, Accuracy: 73.19%, AUC: 0.73 [VAL] Loss: 0.6038, Accuracy: 71.20%, Precision: 0.67, Recall: 0.77, F1: 0.72, AUC: 0.72
Epoch [18/100] [TRAIN] Loss: 0.5869, Accuracy: 73.42%, AUC: 0.73 [VAL] Loss: 0.6028, Accuracy: 71.40%, Precision: 0.67, Recall: 0.77, F1: 0.72, AUC: 0.72
Epoch [19/100] [TRAIN] Loss: 0.5833, Accuracy: 73.25%, AUC: 0.73 [VAL] Loss: 0.6026, Accuracy: 71.20%, Precision: 0.67, Recall: 0.77, F1: 0.71, AUC: 0.71
Epoch [20/100] [TRAIN] Loss: 0.5830, Accuracy: 73.15%, AUC: 0.73 [VAL] Loss: 0.6023, Accuracy: 71.60%, Precision: 0.67, Recall: 0.77, F1: 0.72, AUC: 0.72
Epoch [21/100] [TRAIN] Loss: 0.5819, Accuracy: 72.92%, AUC: 0.73 [VAL] Loss: 0.6022, Accuracy: 71.60%, Precision: 0.67, Recall: 0.77, F1: 0.72, AUC: 0.72
Epoch [22/100] [TRAIN] Loss: 0.5796, Accuracy: 73.28%, AUC: 0.73 [VAL] Loss: 0.6026, Accuracy: 71.70%, Precision: 0.67, Recall: 0.78, F1: 0.72, AUC: 0.72
Epoch [23/100] [TRAIN] Loss: 0.5817, Accuracy: 73.21%, AUC: 0.73 [VAL] Loss: 0.6023, Accuracy: 71.70%, Precision: 0.67, Recall: 0.77, F1: 0.72, AUC: 0.72
Epoch [24/100] [TRAIN] Loss: 0.5823, Accuracy: 73.35%, AUC: 0.73 [VAL] Loss: 0.6019, Accuracy: 72.00%, Precision: 0.68, Recall: 0.78, F1: 0.72, AUC: 0.72
Epoch [25/100] [TRAIN] Loss: 0.5753, Accuracy: 73.33%, AUC: 0.73 [VAL] Loss: 0.6018, Accuracy: 71.60%, Precision: 0.67, Recall: 0.77, F1: 0.72, AUC: 0.72
Epoch [26/100] [TRAIN] Loss: 0.5780, Accuracy: 73.08%, AUC: 0.73 [VAL] Loss: 0.6010, Accuracy: 71.60%, Precision: 0.67, Recall: 0.77, F1: 0.72, AUC: 0.72
Epoch [27/100] [TRAIN] Loss: 0.5777, Accuracy: 73.49%, AUC: 0.74 [VAL] Loss: 0.6012, Accuracy: 71.80%, Precision: 0.68, Recall: 0.77, F1: 0.72, AUC: 0.72
Epoch [28/100] [TRAIN] Loss: 0.5780, Accuracy: 73.33%, AUC: 0.73 [VAL] Loss: 0.6009, Accuracy: 71.80%, Precision: 0.67, Recall: 0.77, F1: 0.72, AUC: 0.72
Epoch [29/100] [TRAIN] Loss: 0.5798, Accuracy: 73.50%, AUC: 0.74 [VAL] Loss: 0.6006, Accuracy: 72.00%, Precision: 0.68, Recall: 0.78, F1: 0.72, AUC: 0.72
Epoch [30/100] [TRAIN] Loss: 0.5781, Accuracy: 73.62%, AUC: 0.74 [VAL] Loss: 0.6010, Accuracy: 72.00%, Precision: 0.68, Recall: 0.78, F1: 0.72, AUC: 0.72
Epoch [31/100] [TRAIN] Loss: 0.5746, Accuracy: 73.39%, AUC: 0.73 [VAL] Loss: 0.6009, Accuracy: 71.90%, Precision: 0.68, Recall: 0.78, F1: 0.72, AUC: 0.72
Epoch [32/100] [TRAIN] Loss: 0.5738, Accuracy: 73.67%, AUC: 0.74 [VAL] Loss: 0.6009, Accuracy: 71.90%, Precision: 0.67, Recall: 0.78, F1: 0.72, AUC: 0.72
Epoch [33/100] [TRAIN] Loss: 0.5738, Accuracy: 73.55%, AUC: 0.74 [VAL] Loss: 0.6007, Accuracy: 71.80%, Precision: 0.67, Recall: 0.78, F1: 0.72, AUC: 0.72
Epoch [34/100] [TRAIN] Loss: 0.5714, Accuracy: 73.55%, AUC: 0.74 [VAL] Loss: 0.6008, Accuracy: 71.80%, Precision: 0.67, Recall: 0.78, F1: 0.72, AUC: 0.72
Epoch [35/100] [TRAIN] Loss: 0.5770, Accuracy: 73.38%, AUC: 0.73 [VAL] Loss: 0.6000, Accuracy: 71.90%, Precision: 0.68, Recall: 0.78, F1: 0.72, AUC: 0.72
Epoch [36/100] [TRAIN] Loss: 0.5738, Accuracy: 73.55%, AUC: 0.74 [VAL] Loss: 0.6000, Accuracy: 71.80%, Precision: 0.67, Recall: 0.77, F1: 0.72, AUC: 0.72
Epoch [37/100] [TRAIN] Loss: 0.5748, Accuracy: 73.58%, AUC: 0.74 [VAL] Loss: 0.5997, Accuracy: 71.80%, Precision: 0.67, Recall: 0.77, F1: 0.72, AUC: 0.72
Epoch [38/100] [TRAIN] Loss: 0.5737, Accuracy: 73.79%, AUC: 0.74 [VAL] Loss: 0.5996, Accuracy: 71.80%, Precision: 0.67, Recall: 0.77, F1: 0.72, AUC: 0.72
Epoch [39/100] [TRAIN] Loss: 0.5701, Accuracy: 74.19%, AUC: 0.74 [VAL] Loss: 0.5997, Accuracy: 71.80%, Precision: 0.67, Recall: 0.77, F1: 0.72, AUC: 0.72
Epoch [40/100] [TRAIN] Loss: 0.5751, Accuracy: 73.09%, AUC: 0.73 [VAL] Loss: 0.5990, Accuracy: 71.90%, Precision: 0.68, Recall: 0.77, F1: 0.72, AUC: 0.72
Epoch [41/100] [TRAIN] Loss: 0.5723, Accuracy: 73.55%, AUC: 0.74 [VAL] Loss: 0.5997, Accuracy: 72.00%, Precision: 0.68, Recall: 0.78, F1: 0.72, AUC: 0.72
Epoch [42/100] [TRAIN] Loss: 0.5689, Accuracy: 73.62%, AUC: 0.74 [VAL] Loss: 0.5992, Accuracy: 71.80%, Precision: 0.67, Recall: 0.77, F1: 0.72, AUC: 0.72
Epoch [43/100] [TRAIN] Loss: 0.5738, Accuracy: 73.71%, AUC: 0.74 [VAL] Loss: 0.5987, Accuracy: 71.70%, Precision: 0.67, Recall: 0.77, F1: 0.72, AUC: 0.72
Epoch [44/100] [TRAIN] Loss: 0.5720, Accuracy: 73.55%, AUC: 0.74 [VAL] Loss: 0.5989, Accuracy: 71.70%, Precision: 0.67, Recall: 0.77, F1: 0.72, AUC: 0.72
Epoch [45/100] [TRAIN] Loss: 0.5706, Accuracy: 73.75%, AUC: 0.74 [VAL] Loss: 0.5990, Accuracy: 71.60%, Precision: 0.67, Recall: 0.77, F1: 0.72, AUC: 0.72
Epoch [46/100] [TRAIN] Loss: 0.5714, Accuracy: 73.70%, AUC: 0.74 [VAL] Loss: 0.5989, Accuracy: 71.60%, Precision: 0.67, Recall: 0.77, F1: 0.72, AUC: 0.72
Epoch [47/100] [TRAIN] Loss: 0.5653, Accuracy: 73.95%, AUC: 0.74 [VAL] Loss: 0.5986, Accuracy: 71.70%, Precision: 0.67, Recall: 0.77, F1: 0.72, AUC: 0.72
Epoch [48/100] [TRAIN] Loss: 0.5729, Accuracy: 73.50%, AUC: 0.74 [VAL] Loss: 0.5982, Accuracy: 71.60%, Precision: 0.67, Recall: 0.77, F1: 0.72, AUC: 0.72
Epoch [49/100] [TRAIN] Loss: 0.5700, Accuracy: 73.88%, AUC: 0.74 [VAL] Loss: 0.5985, Accuracy: 71.60%, Precision: 0.67, Recall: 0.77, F1: 0.72, AUC: 0.72
Epoch [50/100] [TRAIN] Loss: 0.5717, Accuracy: 73.65%, AUC: 0.74 [VAL] Loss: 0.5987, Accuracy: 71.30%, Precision: 0.67, Recall: 0.77, F1: 0.72, AUC: 0.72
Epoch [51/100] [TRAIN] Loss: 0.5673, Accuracy: 73.46%, AUC: 0.73 [VAL] Loss: 0.5991, Accuracy: 71.10%, Precision: 0.67, Recall: 0.76, F1: 0.71, AUC: 0.71
Epoch [52/100] [TRAIN] Loss: 0.5681, Accuracy: 73.51%, AUC: 0.74 [VAL] Loss: 0.5990, Accuracy: 71.20%, Precision: 0.67, Recall: 0.77, F1: 0.72, AUC: 0.72
Epoch [53/100] [TRAIN] Loss: 0.5667, Accuracy: 73.47%, AUC: 0.73 [VAL] Loss: 0.5982, Accuracy: 71.60%, Precision: 0.67, Recall: 0.77, F1: 0.72, AUC: 0.72
Epoch [54/100] [TRAIN] Loss: 0.5677, Accuracy: 73.67%, AUC: 0.74 [VAL] Loss: 0.5983, Accuracy: 71.50%, Precision: 0.67, Recall: 0.77, F1: 0.72, AUC: 0.72
Epoch [55/100] [TRAIN] Loss: 0.5688, Accuracy: 73.45%, AUC: 0.73 [VAL] Loss: 0.5981, Accuracy: 71.40%, Precision: 0.67, Recall: 0.77, F1: 0.72, AUC: 0.72
Epoch [56/100] [TRAIN] Loss: 0.5678, Accuracy: 73.45%, AUC: 0.73 [VAL] Loss: 0.5978, Accuracy: 71.40%, Precision: 0.67, Recall: 0.77, F1: 0.72, AUC: 0.72
Epoch [57/100] [TRAIN] Loss: 0.5679, Accuracy: 73.44%, AUC: 0.73 [VAL] Loss: 0.5976, Accuracy: 71.50%, Precision: 0.67, Recall: 0.77, F1: 0.72, AUC: 0.72
Epoch [58/100] [TRAIN] Loss: 0.5680, Accuracy: 73.76%, AUC: 0.74 [VAL] Loss: 0.5971, Accuracy: 71.70%, Precision: 0.67, Recall: 0.77, F1: 0.72, AUC: 0.72
Epoch [59/100] [TRAIN] Loss: 0.5688, Accuracy: 73.61%, AUC: 0.74 [VAL] Loss: 0.5970, Accuracy: 71.40%, Precision: 0.67, Recall: 0.77, F1: 0.72, AUC: 0.72
Epoch [60/100] [TRAIN] Loss: 0.5704, Accuracy: 73.44%, AUC: 0.73 [VAL] Loss: 0.5964, Accuracy: 71.50%, Precision: 0.67, Recall: 0.77, F1: 0.72, AUC: 0.72
Epoch [61/100] [TRAIN] Loss: 0.5681, Accuracy: 73.34%, AUC: 0.73 [VAL] Loss: 0.5965, Accuracy: 71.60%, Precision: 0.67, Recall: 0.77, F1: 0.72, AUC: 0.72
Epoch [62/100] [TRAIN] Loss: 0.5628, Accuracy: 73.76%, AUC: 0.74 [VAL] Loss: 0.5968, Accuracy: 71.70%, Precision: 0.67, Recall: 0.77, F1: 0.72, AUC: 0.72
Epoch [63/100] [TRAIN] Loss: 0.5653, Accuracy: 74.25%, AUC: 0.74 [VAL] Loss: 0.5964, Accuracy: 71.70%, Precision: 0.67, Recall: 0.77, F1: 0.72, AUC: 0.72
Epoch [64/100] [TRAIN] Loss: 0.5682, Accuracy: 73.89%, AUC: 0.74 [VAL] Loss: 0.5964, Accuracy: 71.60%, Precision: 0.67, Recall: 0.77, F1: 0.72, AUC: 0.72
Epoch [65/100] [TRAIN] Loss: 0.5652, Accuracy: 73.56%, AUC: 0.74 [VAL] Loss: 0.5961, Accuracy: 71.50%, Precision: 0.67, Recall: 0.77, F1: 0.72, AUC: 0.72
Epoch [66/100] [TRAIN] Loss: 0.5653, Accuracy: 73.61%, AUC: 0.74 [VAL] Loss: 0.5959, Accuracy: 71.80%, Precision: 0.67, Recall: 0.77, F1: 0.72, AUC: 0.72
Epoch [67/100] [TRAIN] Loss: 0.5626, Accuracy: 73.75%, AUC: 0.74 [VAL] Loss: 0.5959, Accuracy: 71.70%, Precision: 0.67, Recall: 0.77, F1: 0.72, AUC: 0.72
Epoch [68/100] [TRAIN] Loss: 0.5691, Accuracy: 73.22%, AUC: 0.73 [VAL] Loss: 0.5958, Accuracy: 71.40%, Precision: 0.67, Recall: 0.77, F1: 0.72, AUC: 0.72
Epoch [69/100] [TRAIN] Loss: 0.5663, Accuracy: 73.39%, AUC: 0.73 [VAL] Loss: 0.5959, Accuracy: 71.60%, Precision: 0.67, Recall: 0.77, F1: 0.72, AUC: 0.72
Epoch [70/100] [TRAIN] Loss: 0.5616, Accuracy: 73.91%, AUC: 0.74 [VAL] Loss: 0.5954, Accuracy: 71.60%, Precision: 0.67, Recall: 0.77, F1: 0.72, AUC: 0.72
Epoch [71/100] [TRAIN] Loss: 0.5659, Accuracy: 73.58%, AUC: 0.74 [VAL] Loss: 0.5950, Accuracy: 71.60%, Precision: 0.67, Recall: 0.77, F1: 0.72, AUC: 0.72
Epoch [72/100] [TRAIN] Loss: 0.5620, Accuracy: 73.78%, AUC: 0.74 [VAL] Loss: 0.5950, Accuracy: 71.70%, Precision: 0.67, Recall: 0.77, F1: 0.72, AUC: 0.72
Epoch [73/100] [TRAIN] Loss: 0.5651, Accuracy: 73.26%, AUC: 0.73 [VAL] Loss: 0.5948, Accuracy: 71.50%, Precision: 0.67, Recall: 0.77, F1: 0.72, AUC: 0.72
Epoch [74/100] [TRAIN] Loss: 0.5620, Accuracy: 73.42%, AUC: 0.73 [VAL] Loss: 0.5946, Accuracy: 71.50%, Precision: 0.67, Recall: 0.77, F1: 0.72, AUC: 0.72
Epoch [75/100] [TRAIN] Loss: 0.5599, Accuracy: 73.44%, AUC: 0.73 [VAL] Loss: 0.5947, Accuracy: 71.70%, Precision: 0.67, Recall: 0.78, F1: 0.72, AUC: 0.72
Epoch [76/100] [TRAIN] Loss: 0.5620, Accuracy: 73.31%, AUC: 0.73 [VAL] Loss: 0.5947, Accuracy: 71.40%, Precision: 0.67, Recall: 0.77, F1: 0.72, AUC: 0.72
Epoch [77/100] [TRAIN] Loss: 0.5608, Accuracy: 73.84%, AUC: 0.74 [VAL] Loss: 0.5945, Accuracy: 71.30%, Precision: 0.67, Recall: 0.77, F1: 0.72, AUC: 0.72
Epoch [78/100] [TRAIN] Loss: 0.5632, Accuracy: 73.83%, AUC: 0.74 [VAL] Loss: 0.5942, Accuracy: 71.40%, Precision: 0.67, Recall: 0.77, F1: 0.72, AUC: 0.72
Epoch [79/100] [TRAIN] Loss: 0.5616, Accuracy: 73.91%, AUC: 0.74 [VAL] Loss: 0.5939, Accuracy: 71.50%, Precision: 0.67, Recall: 0.77, F1: 0.72, AUC: 0.72
Epoch [80/100] [TRAIN] Loss: 0.5641, Accuracy: 73.38%, AUC: 0.73 [VAL] Loss: 0.5938, Accuracy: 71.40%, Precision: 0.67, Recall: 0.77, F1: 0.72, AUC: 0.72
Epoch [81/100] [TRAIN] Loss: 0.5633, Accuracy: 73.26%, AUC: 0.73 [VAL] Loss: 0.5937, Accuracy: 71.50%, Precision: 0.67, Recall: 0.77, F1: 0.72, AUC: 0.72
Epoch [82/100] [TRAIN] Loss: 0.5600, Accuracy: 73.81%, AUC: 0.74 [VAL] Loss: 0.5936, Accuracy: 71.60%, Precision: 0.67, Recall: 0.77, F1: 0.72, AUC: 0.72
Epoch [83/100] [TRAIN] Loss: 0.5617, Accuracy: 73.65%, AUC: 0.74 [VAL] Loss: 0.5937, Accuracy: 71.60%, Precision: 0.67, Recall: 0.77, F1: 0.72, AUC: 0.72
Epoch [84/100] [TRAIN] Loss: 0.5607, Accuracy: 73.99%, AUC: 0.74 [VAL] Loss: 0.5937, Accuracy: 71.30%, Precision: 0.67, Recall: 0.77, F1: 0.72, AUC: 0.72
Epoch [85/100] [TRAIN] Loss: 0.5602, Accuracy: 73.96%, AUC: 0.74 [VAL] Loss: 0.5938, Accuracy: 71.40%, Precision: 0.67, Recall: 0.77, F1: 0.72, AUC: 0.72
Epoch [86/100] [TRAIN] Loss: 0.5587, Accuracy: 74.26%, AUC: 0.74 [VAL] Loss: 0.5934, Accuracy: 71.20%, Precision: 0.67, Recall: 0.77, F1: 0.72, AUC: 0.72
Epoch [87/100] [TRAIN] Loss: 0.5615, Accuracy: 73.74%, AUC: 0.74 [VAL] Loss: 0.5931, Accuracy: 71.20%, Precision: 0.67, Recall: 0.77, F1: 0.72, AUC: 0.72
Epoch [88/100] [TRAIN] Loss: 0.5580, Accuracy: 73.75%, AUC: 0.74 [VAL] Loss: 0.5928, Accuracy: 71.40%, Precision: 0.67, Recall: 0.77, F1: 0.72, AUC: 0.72
Epoch [89/100] [TRAIN] Loss: 0.5591, Accuracy: 73.51%, AUC: 0.74 [VAL] Loss: 0.5926, Accuracy: 71.40%, Precision: 0.67, Recall: 0.77, F1: 0.72, AUC: 0.72
Epoch [90/100] [TRAIN] Loss: 0.5562, Accuracy: 74.14%, AUC: 0.74 [VAL] Loss: 0.5923, Accuracy: 71.50%, Precision: 0.67, Recall: 0.77, F1: 0.72, AUC: 0.72
Epoch [91/100] [TRAIN] Loss: 0.5580, Accuracy: 73.54%, AUC: 0.74 [VAL] Loss: 0.5924, Accuracy: 71.50%, Precision: 0.67, Recall: 0.77, F1: 0.72, AUC: 0.72
Epoch [92/100] [TRAIN] Loss: 0.5589, Accuracy: 73.51%, AUC: 0.74 [VAL] Loss: 0.5924, Accuracy: 71.60%, Precision: 0.67, Recall: 0.77, F1: 0.72, AUC: 0.72
Epoch [93/100] [TRAIN] Loss: 0.5570, Accuracy: 74.04%, AUC: 0.74 [VAL] Loss: 0.5924, Accuracy: 71.50%, Precision: 0.67, Recall: 0.77, F1: 0.72, AUC: 0.72
Epoch [94/100] [TRAIN] Loss: 0.5579, Accuracy: 73.60%, AUC: 0.74 [VAL] Loss: 0.5921, Accuracy: 71.50%, Precision: 0.67, Recall: 0.77, F1: 0.72, AUC: 0.72
Epoch [95/100] [TRAIN] Loss: 0.5612, Accuracy: 73.64%, AUC: 0.74 [VAL] Loss: 0.5918, Accuracy: 71.80%, Precision: 0.67, Recall: 0.77, F1: 0.72, AUC: 0.72
Epoch [96/100] [TRAIN] Loss: 0.5568, Accuracy: 73.75%, AUC: 0.74 [VAL] Loss: 0.5919, Accuracy: 71.40%, Precision: 0.67, Recall: 0.77, F1: 0.72, AUC: 0.72
Epoch [97/100] [TRAIN] Loss: 0.5598, Accuracy: 73.89%, AUC: 0.74 [VAL] Loss: 0.5917, Accuracy: 71.30%, Precision: 0.67, Recall: 0.77, F1: 0.72, AUC: 0.72
Epoch [98/100] [TRAIN] Loss: 0.5563, Accuracy: 73.76%, AUC: 0.74 [VAL] Loss: 0.5914, Accuracy: 71.40%, Precision: 0.67, Recall: 0.77, F1: 0.72, AUC: 0.72
Epoch [99/100] [TRAIN] Loss: 0.5577, Accuracy: 73.72%, AUC: 0.74 [VAL] Loss: 0.5910, Accuracy: 71.60%, Precision: 0.67, Recall: 0.77, F1: 0.72, AUC: 0.72
Epoch [100/100] [TRAIN] Loss: 0.5597, Accuracy: 73.59%, AUC: 0.74 [VAL] Loss: 0.5910, Accuracy: 71.60%, Precision: 0.67, Recall: 0.77, F1: 0.72, AUC: 0.72
Seed: 789
Accuracy:  74.90 %
AUC:       0.7487
Precision: 0.7291
Recall:    0.7972
F1-Score:  0.7616

Detailed Classification Report:
              precision    recall  f1-score   support

           0       0.77      0.70      0.73       497
           1       0.73      0.80      0.76       503

    accuracy                           0.75      1000
   macro avg       0.75      0.75      0.75      1000
weighted avg       0.75      0.75      0.75      1000


Confusion Matrix:
[[348 149]
 [102 401]]


004-H3K27me3
Train label distribution:
  Label 0:   4077 (51.0%)
  Label 1:   3923 (49.0%)
Val label distribution:
  Label 0:    529 (52.9%)
  Label 1:    471 (47.1%)
Test label distribution:
  Label 0:    497 (49.7%)
  Label 1:    503 (50.3%)
Epoch [1/100] [TRAIN] Loss: 0.7185, Accuracy: 53.20%, AUC: 0.53 [VAL] Loss: 0.7151, Accuracy: 54.50%, Precision: 0.51, Recall: 0.92, F1: 0.66, AUC: 0.57
Epoch [2/100] [TRAIN] Loss: 0.7135, Accuracy: 54.66%, AUC: 0.55 [VAL] Loss: 0.7109, Accuracy: 55.20%, Precision: 0.51, Recall: 0.93, F1: 0.66, AUC: 0.57
Epoch [3/100] [TRAIN] Loss: 0.7115, Accuracy: 55.00%, AUC: 0.55 [VAL] Loss: 0.7075, Accuracy: 55.20%, Precision: 0.51, Recall: 0.93, F1: 0.66, AUC: 0.57
Epoch [4/100] [TRAIN] Loss: 0.7099, Accuracy: 55.39%, AUC: 0.55 [VAL] Loss: 0.7048, Accuracy: 55.70%, Precision: 0.52, Recall: 0.94, F1: 0.67, AUC: 0.58
Epoch [5/100] [TRAIN] Loss: 0.7069, Accuracy: 55.75%, AUC: 0.56 [VAL] Loss: 0.7026, Accuracy: 55.60%, Precision: 0.52, Recall: 0.94, F1: 0.67, AUC: 0.58
Epoch [6/100] [TRAIN] Loss: 0.7058, Accuracy: 56.17%, AUC: 0.56 [VAL] Loss: 0.7007, Accuracy: 55.60%, Precision: 0.52, Recall: 0.94, F1: 0.67, AUC: 0.58
Epoch [7/100] [TRAIN] Loss: 0.7034, Accuracy: 56.21%, AUC: 0.56 [VAL] Loss: 0.6991, Accuracy: 55.60%, Precision: 0.52, Recall: 0.94, F1: 0.67, AUC: 0.58
Epoch [8/100] [TRAIN] Loss: 0.7025, Accuracy: 55.58%, AUC: 0.56 [VAL] Loss: 0.6977, Accuracy: 55.60%, Precision: 0.52, Recall: 0.94, F1: 0.67, AUC: 0.58
Epoch [9/100] [TRAIN] Loss: 0.7021, Accuracy: 56.55%, AUC: 0.57 [VAL] Loss: 0.6966, Accuracy: 55.60%, Precision: 0.52, Recall: 0.94, F1: 0.67, AUC: 0.58
Epoch [10/100] [TRAIN] Loss: 0.7021, Accuracy: 55.75%, AUC: 0.56 [VAL] Loss: 0.6957, Accuracy: 55.60%, Precision: 0.52, Recall: 0.94, F1: 0.67, AUC: 0.58
Epoch [11/100] [TRAIN] Loss: 0.7012, Accuracy: 56.29%, AUC: 0.56 [VAL] Loss: 0.6949, Accuracy: 55.60%, Precision: 0.52, Recall: 0.94, F1: 0.67, AUC: 0.58
Epoch [12/100] [TRAIN] Loss: 0.7008, Accuracy: 56.25%, AUC: 0.56 [VAL] Loss: 0.6943, Accuracy: 55.70%, Precision: 0.52, Recall: 0.94, F1: 0.67, AUC: 0.58
Epoch [13/100] [TRAIN] Loss: 0.6987, Accuracy: 56.69%, AUC: 0.57 [VAL] Loss: 0.6937, Accuracy: 55.70%, Precision: 0.52, Recall: 0.94, F1: 0.67, AUC: 0.58
Epoch [14/100] [TRAIN] Loss: 0.7003, Accuracy: 56.25%, AUC: 0.56 [VAL] Loss: 0.6932, Accuracy: 55.80%, Precision: 0.52, Recall: 0.94, F1: 0.67, AUC: 0.58
Epoch [15/100] [TRAIN] Loss: 0.6990, Accuracy: 56.45%, AUC: 0.56 [VAL] Loss: 0.6926, Accuracy: 55.80%, Precision: 0.52, Recall: 0.94, F1: 0.67, AUC: 0.58
Epoch [16/100] [TRAIN] Loss: 0.6996, Accuracy: 56.54%, AUC: 0.57 [VAL] Loss: 0.6923, Accuracy: 55.80%, Precision: 0.52, Recall: 0.94, F1: 0.67, AUC: 0.58
Epoch [17/100] [TRAIN] Loss: 0.6990, Accuracy: 56.17%, AUC: 0.56 [VAL] Loss: 0.6920, Accuracy: 55.80%, Precision: 0.52, Recall: 0.94, F1: 0.67, AUC: 0.58
Epoch [18/100] [TRAIN] Loss: 0.6991, Accuracy: 56.98%, AUC: 0.57 [VAL] Loss: 0.6917, Accuracy: 55.70%, Precision: 0.52, Recall: 0.94, F1: 0.67, AUC: 0.58
Epoch [19/100] [TRAIN] Loss: 0.6994, Accuracy: 55.96%, AUC: 0.56 [VAL] Loss: 0.6914, Accuracy: 55.80%, Precision: 0.52, Recall: 0.94, F1: 0.67, AUC: 0.58
Epoch [20/100] [TRAIN] Loss: 0.6980, Accuracy: 57.20%, AUC: 0.57 [VAL] Loss: 0.6912, Accuracy: 55.80%, Precision: 0.52, Recall: 0.94, F1: 0.67, AUC: 0.58
Epoch [21/100] [TRAIN] Loss: 0.6989, Accuracy: 55.88%, AUC: 0.56 [VAL] Loss: 0.6910, Accuracy: 55.80%, Precision: 0.52, Recall: 0.94, F1: 0.67, AUC: 0.58
Epoch [22/100] [TRAIN] Loss: 0.6974, Accuracy: 57.24%, AUC: 0.57 [VAL] Loss: 0.6908, Accuracy: 55.70%, Precision: 0.52, Recall: 0.94, F1: 0.67, AUC: 0.58
Epoch [23/100] [TRAIN] Loss: 0.6972, Accuracy: 56.69%, AUC: 0.57 [VAL] Loss: 0.6906, Accuracy: 55.70%, Precision: 0.52, Recall: 0.94, F1: 0.67, AUC: 0.58
Epoch [24/100] [TRAIN] Loss: 0.6965, Accuracy: 56.31%, AUC: 0.56 [VAL] Loss: 0.6905, Accuracy: 55.70%, Precision: 0.52, Recall: 0.94, F1: 0.67, AUC: 0.58
Epoch [25/100] [TRAIN] Loss: 0.6971, Accuracy: 56.89%, AUC: 0.57 [VAL] Loss: 0.6903, Accuracy: 55.70%, Precision: 0.52, Recall: 0.94, F1: 0.67, AUC: 0.58
Epoch [26/100] [TRAIN] Loss: 0.6976, Accuracy: 56.50%, AUC: 0.57 [VAL] Loss: 0.6902, Accuracy: 55.70%, Precision: 0.52, Recall: 0.94, F1: 0.67, AUC: 0.58
Epoch [27/100] [TRAIN] Loss: 0.6973, Accuracy: 56.25%, AUC: 0.56 [VAL] Loss: 0.6900, Accuracy: 55.70%, Precision: 0.52, Recall: 0.94, F1: 0.67, AUC: 0.58
Epoch [28/100] [TRAIN] Loss: 0.6967, Accuracy: 56.56%, AUC: 0.57 [VAL] Loss: 0.6898, Accuracy: 55.60%, Precision: 0.52, Recall: 0.93, F1: 0.66, AUC: 0.58
Epoch [29/100] [TRAIN] Loss: 0.6993, Accuracy: 55.91%, AUC: 0.56 [VAL] Loss: 0.6898, Accuracy: 55.60%, Precision: 0.52, Recall: 0.93, F1: 0.66, AUC: 0.58
Epoch [30/100] [TRAIN] Loss: 0.6973, Accuracy: 56.52%, AUC: 0.57 [VAL] Loss: 0.6897, Accuracy: 55.60%, Precision: 0.52, Recall: 0.93, F1: 0.66, AUC: 0.58
Epoch [31/100] [TRAIN] Loss: 0.6968, Accuracy: 56.54%, AUC: 0.57 [VAL] Loss: 0.6895, Accuracy: 55.60%, Precision: 0.52, Recall: 0.93, F1: 0.66, AUC: 0.58
Epoch [32/100] [TRAIN] Loss: 0.6965, Accuracy: 56.69%, AUC: 0.57 [VAL] Loss: 0.6894, Accuracy: 55.60%, Precision: 0.52, Recall: 0.93, F1: 0.66, AUC: 0.58
Epoch [33/100] [TRAIN] Loss: 0.6965, Accuracy: 56.06%, AUC: 0.56 [VAL] Loss: 0.6892, Accuracy: 55.60%, Precision: 0.52, Recall: 0.93, F1: 0.66, AUC: 0.58
Epoch [34/100] [TRAIN] Loss: 0.6977, Accuracy: 56.60%, AUC: 0.57 [VAL] Loss: 0.6891, Accuracy: 55.60%, Precision: 0.52, Recall: 0.93, F1: 0.66, AUC: 0.58
Epoch [35/100] [TRAIN] Loss: 0.6958, Accuracy: 56.83%, AUC: 0.57 [VAL] Loss: 0.6890, Accuracy: 55.60%, Precision: 0.52, Recall: 0.93, F1: 0.66, AUC: 0.58
Epoch [36/100] [TRAIN] Loss: 0.6953, Accuracy: 57.06%, AUC: 0.57 [VAL] Loss: 0.6889, Accuracy: 55.60%, Precision: 0.52, Recall: 0.93, F1: 0.66, AUC: 0.58
Epoch [37/100] [TRAIN] Loss: 0.6953, Accuracy: 55.80%, AUC: 0.56 [VAL] Loss: 0.6887, Accuracy: 55.60%, Precision: 0.52, Recall: 0.93, F1: 0.66, AUC: 0.58
Epoch [38/100] [TRAIN] Loss: 0.6947, Accuracy: 57.08%, AUC: 0.57 [VAL] Loss: 0.6886, Accuracy: 55.60%, Precision: 0.52, Recall: 0.93, F1: 0.66, AUC: 0.58
Epoch [39/100] [TRAIN] Loss: 0.6956, Accuracy: 57.33%, AUC: 0.57 [VAL] Loss: 0.6885, Accuracy: 55.60%, Precision: 0.52, Recall: 0.93, F1: 0.66, AUC: 0.58
Epoch [40/100] [TRAIN] Loss: 0.6968, Accuracy: 56.79%, AUC: 0.57 [VAL] Loss: 0.6884, Accuracy: 55.60%, Precision: 0.52, Recall: 0.93, F1: 0.66, AUC: 0.58
Epoch [41/100] [TRAIN] Loss: 0.6957, Accuracy: 56.49%, AUC: 0.56 [VAL] Loss: 0.6883, Accuracy: 55.60%, Precision: 0.52, Recall: 0.93, F1: 0.66, AUC: 0.58
Epoch [42/100] [TRAIN] Loss: 0.6954, Accuracy: 56.42%, AUC: 0.56 [VAL] Loss: 0.6883, Accuracy: 55.60%, Precision: 0.52, Recall: 0.93, F1: 0.66, AUC: 0.58
Epoch [43/100] [TRAIN] Loss: 0.6952, Accuracy: 56.88%, AUC: 0.57 [VAL] Loss: 0.6882, Accuracy: 55.60%, Precision: 0.52, Recall: 0.93, F1: 0.66, AUC: 0.58
Epoch [44/100] [TRAIN] Loss: 0.6972, Accuracy: 56.48%, AUC: 0.56 [VAL] Loss: 0.6882, Accuracy: 55.60%, Precision: 0.52, Recall: 0.93, F1: 0.66, AUC: 0.58
Epoch [45/100] [TRAIN] Loss: 0.6959, Accuracy: 56.58%, AUC: 0.57 [VAL] Loss: 0.6881, Accuracy: 55.60%, Precision: 0.52, Recall: 0.93, F1: 0.66, AUC: 0.58
Epoch [46/100] [TRAIN] Loss: 0.6959, Accuracy: 56.58%, AUC: 0.57 [VAL] Loss: 0.6880, Accuracy: 55.60%, Precision: 0.52, Recall: 0.93, F1: 0.66, AUC: 0.58
Epoch [47/100] [TRAIN] Loss: 0.6959, Accuracy: 56.60%, AUC: 0.57 [VAL] Loss: 0.6880, Accuracy: 55.60%, Precision: 0.52, Recall: 0.93, F1: 0.66, AUC: 0.58
Epoch [48/100] [TRAIN] Loss: 0.6955, Accuracy: 56.77%, AUC: 0.57 [VAL] Loss: 0.6879, Accuracy: 55.60%, Precision: 0.52, Recall: 0.93, F1: 0.66, AUC: 0.58
Epoch [49/100] [TRAIN] Loss: 0.6945, Accuracy: 56.46%, AUC: 0.56 [VAL] Loss: 0.6878, Accuracy: 55.60%, Precision: 0.52, Recall: 0.93, F1: 0.66, AUC: 0.58
Epoch [50/100] [TRAIN] Loss: 0.6942, Accuracy: 57.00%, AUC: 0.57 [VAL] Loss: 0.6877, Accuracy: 55.60%, Precision: 0.52, Recall: 0.93, F1: 0.66, AUC: 0.58
Epoch [51/100] [TRAIN] Loss: 0.6956, Accuracy: 56.19%, AUC: 0.56 [VAL] Loss: 0.6877, Accuracy: 55.60%, Precision: 0.52, Recall: 0.93, F1: 0.66, AUC: 0.58
Epoch [52/100] [TRAIN] Loss: 0.6976, Accuracy: 56.65%, AUC: 0.57 [VAL] Loss: 0.6877, Accuracy: 55.60%, Precision: 0.52, Recall: 0.93, F1: 0.66, AUC: 0.58
Epoch [53/100] [TRAIN] Loss: 0.6949, Accuracy: 55.71%, AUC: 0.56 [VAL] Loss: 0.6876, Accuracy: 55.60%, Precision: 0.52, Recall: 0.93, F1: 0.66, AUC: 0.58
Epoch [54/100] [TRAIN] Loss: 0.6932, Accuracy: 57.16%, AUC: 0.57 [VAL] Loss: 0.6875, Accuracy: 55.60%, Precision: 0.52, Recall: 0.93, F1: 0.66, AUC: 0.58
Epoch [55/100] [TRAIN] Loss: 0.6945, Accuracy: 56.98%, AUC: 0.57 [VAL] Loss: 0.6874, Accuracy: 55.60%, Precision: 0.52, Recall: 0.93, F1: 0.66, AUC: 0.58
Epoch [56/100] [TRAIN] Loss: 0.6953, Accuracy: 56.88%, AUC: 0.57 [VAL] Loss: 0.6873, Accuracy: 55.60%, Precision: 0.52, Recall: 0.93, F1: 0.66, AUC: 0.58
Epoch [57/100] [TRAIN] Loss: 0.6936, Accuracy: 55.66%, AUC: 0.56 [VAL] Loss: 0.6872, Accuracy: 55.60%, Precision: 0.52, Recall: 0.93, F1: 0.66, AUC: 0.58
Epoch [58/100] [TRAIN] Loss: 0.6939, Accuracy: 57.20%, AUC: 0.57 [VAL] Loss: 0.6871, Accuracy: 55.60%, Precision: 0.52, Recall: 0.93, F1: 0.66, AUC: 0.58
Epoch [59/100] [TRAIN] Loss: 0.6953, Accuracy: 55.70%, AUC: 0.56 [VAL] Loss: 0.6871, Accuracy: 55.60%, Precision: 0.52, Recall: 0.93, F1: 0.66, AUC: 0.58
Epoch [60/100] [TRAIN] Loss: 0.6929, Accuracy: 56.98%, AUC: 0.57 [VAL] Loss: 0.6870, Accuracy: 55.60%, Precision: 0.52, Recall: 0.93, F1: 0.66, AUC: 0.58
Epoch [61/100] [TRAIN] Loss: 0.6932, Accuracy: 57.15%, AUC: 0.57 [VAL] Loss: 0.6869, Accuracy: 55.60%, Precision: 0.52, Recall: 0.93, F1: 0.66, AUC: 0.58
Epoch [62/100] [TRAIN] Loss: 0.6951, Accuracy: 56.55%, AUC: 0.57 [VAL] Loss: 0.6869, Accuracy: 55.60%, Precision: 0.52, Recall: 0.93, F1: 0.66, AUC: 0.58
Epoch [63/100] [TRAIN] Loss: 0.6939, Accuracy: 56.23%, AUC: 0.56 [VAL] Loss: 0.6868, Accuracy: 55.60%, Precision: 0.52, Recall: 0.93, F1: 0.66, AUC: 0.58
Epoch [64/100] [TRAIN] Loss: 0.6934, Accuracy: 56.61%, AUC: 0.57 [VAL] Loss: 0.6867, Accuracy: 55.60%, Precision: 0.52, Recall: 0.93, F1: 0.66, AUC: 0.58
Epoch [65/100] [TRAIN] Loss: 0.6936, Accuracy: 56.44%, AUC: 0.56 [VAL] Loss: 0.6866, Accuracy: 55.60%, Precision: 0.52, Recall: 0.93, F1: 0.66, AUC: 0.58
Epoch [66/100] [TRAIN] Loss: 0.6946, Accuracy: 56.90%, AUC: 0.57 [VAL] Loss: 0.6866, Accuracy: 55.60%, Precision: 0.52, Recall: 0.93, F1: 0.66, AUC: 0.58
Epoch [67/100] [TRAIN] Loss: 0.6936, Accuracy: 56.35%, AUC: 0.56 [VAL] Loss: 0.6865, Accuracy: 55.60%, Precision: 0.52, Recall: 0.93, F1: 0.66, AUC: 0.58
Epoch [68/100] [TRAIN] Loss: 0.6935, Accuracy: 56.26%, AUC: 0.56 [VAL] Loss: 0.6865, Accuracy: 55.60%, Precision: 0.52, Recall: 0.93, F1: 0.66, AUC: 0.58
Epoch [69/100] [TRAIN] Loss: 0.6941, Accuracy: 56.20%, AUC: 0.56 [VAL] Loss: 0.6864, Accuracy: 55.60%, Precision: 0.52, Recall: 0.93, F1: 0.66, AUC: 0.58
Epoch [70/100] [TRAIN] Loss: 0.6940, Accuracy: 57.31%, AUC: 0.57 [VAL] Loss: 0.6864, Accuracy: 55.60%, Precision: 0.52, Recall: 0.93, F1: 0.66, AUC: 0.58
Epoch [71/100] [TRAIN] Loss: 0.6953, Accuracy: 56.36%, AUC: 0.56 [VAL] Loss: 0.6864, Accuracy: 55.60%, Precision: 0.52, Recall: 0.93, F1: 0.66, AUC: 0.58
Epoch [72/100] [TRAIN] Loss: 0.6923, Accuracy: 56.31%, AUC: 0.56 [VAL] Loss: 0.6863, Accuracy: 55.60%, Precision: 0.52, Recall: 0.93, F1: 0.66, AUC: 0.58
Epoch [73/100] [TRAIN] Loss: 0.6942, Accuracy: 56.24%, AUC: 0.56 [VAL] Loss: 0.6862, Accuracy: 55.60%, Precision: 0.52, Recall: 0.93, F1: 0.66, AUC: 0.58
Epoch [74/100] [TRAIN] Loss: 0.6932, Accuracy: 56.45%, AUC: 0.56 [VAL] Loss: 0.6861, Accuracy: 55.60%, Precision: 0.52, Recall: 0.93, F1: 0.66, AUC: 0.58
Epoch [75/100] [TRAIN] Loss: 0.6934, Accuracy: 56.00%, AUC: 0.56 [VAL] Loss: 0.6861, Accuracy: 55.60%, Precision: 0.52, Recall: 0.93, F1: 0.66, AUC: 0.58
Epoch [76/100] [TRAIN] Loss: 0.6912, Accuracy: 56.60%, AUC: 0.57 [VAL] Loss: 0.6859, Accuracy: 55.60%, Precision: 0.52, Recall: 0.93, F1: 0.66, AUC: 0.58
Epoch [77/100] [TRAIN] Loss: 0.6922, Accuracy: 56.15%, AUC: 0.56 [VAL] Loss: 0.6858, Accuracy: 55.60%, Precision: 0.52, Recall: 0.93, F1: 0.66, AUC: 0.58
Epoch [78/100] [TRAIN] Loss: 0.6939, Accuracy: 56.34%, AUC: 0.56 [VAL] Loss: 0.6858, Accuracy: 55.60%, Precision: 0.52, Recall: 0.93, F1: 0.66, AUC: 0.58
Epoch [79/100] [TRAIN] Loss: 0.6930, Accuracy: 56.70%, AUC: 0.57 [VAL] Loss: 0.6857, Accuracy: 55.60%, Precision: 0.52, Recall: 0.93, F1: 0.66, AUC: 0.58
Epoch [80/100] [TRAIN] Loss: 0.6923, Accuracy: 56.90%, AUC: 0.57 [VAL] Loss: 0.6856, Accuracy: 55.60%, Precision: 0.52, Recall: 0.93, F1: 0.66, AUC: 0.58
Epoch [81/100] [TRAIN] Loss: 0.6926, Accuracy: 56.62%, AUC: 0.57 [VAL] Loss: 0.6856, Accuracy: 55.60%, Precision: 0.52, Recall: 0.93, F1: 0.66, AUC: 0.58
Epoch [82/100] [TRAIN] Loss: 0.6926, Accuracy: 56.96%, AUC: 0.57 [VAL] Loss: 0.6855, Accuracy: 55.60%, Precision: 0.52, Recall: 0.93, F1: 0.66, AUC: 0.58
Epoch [83/100] [TRAIN] Loss: 0.6924, Accuracy: 56.45%, AUC: 0.56 [VAL] Loss: 0.6855, Accuracy: 55.60%, Precision: 0.52, Recall: 0.93, F1: 0.66, AUC: 0.58
Epoch [84/100] [TRAIN] Loss: 0.6933, Accuracy: 55.67%, AUC: 0.56 [VAL] Loss: 0.6854, Accuracy: 55.60%, Precision: 0.52, Recall: 0.93, F1: 0.66, AUC: 0.58
Epoch [85/100] [TRAIN] Loss: 0.6924, Accuracy: 56.86%, AUC: 0.57 [VAL] Loss: 0.6853, Accuracy: 55.60%, Precision: 0.52, Recall: 0.93, F1: 0.66, AUC: 0.58
Epoch [86/100] [TRAIN] Loss: 0.6926, Accuracy: 56.64%, AUC: 0.57 [VAL] Loss: 0.6853, Accuracy: 55.60%, Precision: 0.52, Recall: 0.93, F1: 0.66, AUC: 0.58
Epoch [87/100] [TRAIN] Loss: 0.6915, Accuracy: 55.80%, AUC: 0.56 [VAL] Loss: 0.6853, Accuracy: 55.60%, Precision: 0.52, Recall: 0.93, F1: 0.66, AUC: 0.58
Epoch [88/100] [TRAIN] Loss: 0.6915, Accuracy: 57.36%, AUC: 0.57 [VAL] Loss: 0.6852, Accuracy: 55.60%, Precision: 0.52, Recall: 0.93, F1: 0.66, AUC: 0.58
Epoch [89/100] [TRAIN] Loss: 0.6913, Accuracy: 56.33%, AUC: 0.56 [VAL] Loss: 0.6851, Accuracy: 55.60%, Precision: 0.52, Recall: 0.93, F1: 0.66, AUC: 0.58
Epoch [90/100] [TRAIN] Loss: 0.6936, Accuracy: 56.91%, AUC: 0.57 [VAL] Loss: 0.6851, Accuracy: 55.60%, Precision: 0.52, Recall: 0.93, F1: 0.66, AUC: 0.58
Epoch [91/100] [TRAIN] Loss: 0.6924, Accuracy: 56.30%, AUC: 0.56 [VAL] Loss: 0.6850, Accuracy: 55.60%, Precision: 0.52, Recall: 0.93, F1: 0.66, AUC: 0.58
Epoch [92/100] [TRAIN] Loss: 0.6915, Accuracy: 55.67%, AUC: 0.56 [VAL] Loss: 0.6849, Accuracy: 55.60%, Precision: 0.52, Recall: 0.93, F1: 0.66, AUC: 0.58
Epoch [93/100] [TRAIN] Loss: 0.6911, Accuracy: 56.83%, AUC: 0.57 [VAL] Loss: 0.6849, Accuracy: 55.60%, Precision: 0.52, Recall: 0.93, F1: 0.66, AUC: 0.58
Epoch [94/100] [TRAIN] Loss: 0.6932, Accuracy: 56.77%, AUC: 0.57 [VAL] Loss: 0.6849, Accuracy: 55.60%, Precision: 0.52, Recall: 0.93, F1: 0.66, AUC: 0.58
Epoch [95/100] [TRAIN] Loss: 0.6933, Accuracy: 56.55%, AUC: 0.57 [VAL] Loss: 0.6848, Accuracy: 55.60%, Precision: 0.52, Recall: 0.93, F1: 0.66, AUC: 0.58
Epoch [96/100] [TRAIN] Loss: 0.6922, Accuracy: 57.40%, AUC: 0.57 [VAL] Loss: 0.6848, Accuracy: 55.60%, Precision: 0.52, Recall: 0.93, F1: 0.66, AUC: 0.58
Epoch [97/100] [TRAIN] Loss: 0.6913, Accuracy: 57.01%, AUC: 0.57 [VAL] Loss: 0.6848, Accuracy: 55.70%, Precision: 0.52, Recall: 0.94, F1: 0.67, AUC: 0.58
Epoch [98/100] [TRAIN] Loss: 0.6925, Accuracy: 56.20%, AUC: 0.56 [VAL] Loss: 0.6847, Accuracy: 55.70%, Precision: 0.52, Recall: 0.94, F1: 0.67, AUC: 0.58
Epoch [99/100] [TRAIN] Loss: 0.6919, Accuracy: 56.60%, AUC: 0.57 [VAL] Loss: 0.6847, Accuracy: 55.70%, Precision: 0.52, Recall: 0.94, F1: 0.67, AUC: 0.58
Epoch [100/100] [TRAIN] Loss: 0.6920, Accuracy: 56.20%, AUC: 0.56 [VAL] Loss: 0.6847, Accuracy: 55.70%, Precision: 0.52, Recall: 0.94, F1: 0.67, AUC: 0.58
Seed: 789
Accuracy:  55.20 %
AUC:       0.5497
Precision: 0.5312
Recall:    0.9304
F1-Score:  0.6763

Detailed Classification Report:
              precision    recall  f1-score   support

           0       0.71      0.17      0.27       497
           1       0.53      0.93      0.68       503

    accuracy                           0.55      1000
   macro avg       0.62      0.55      0.47      1000
weighted avg       0.62      0.55      0.48      1000


Confusion Matrix:
[[ 84 413]
 [ 35 468]]


005-H3K4me3-H3K9ac
Train label distribution:
  Label 0:   4077 (51.0%)
  Label 1:   3923 (49.0%)
Val label distribution:
  Label 0:    529 (52.9%)
  Label 1:    471 (47.1%)
Test label distribution:
  Label 0:    497 (49.7%)
  Label 1:    503 (50.3%)
Epoch [1/100] [TRAIN] Loss: 0.6547, Accuracy: 67.12%, AUC: 0.67 [VAL] Loss: 0.6043, Accuracy: 72.90%, Precision: 0.69, Recall: 0.78, F1: 0.73, AUC: 0.73
Epoch [2/100] [TRAIN] Loss: 0.5989, Accuracy: 71.61%, AUC: 0.72 [VAL] Loss: 0.5727, Accuracy: 73.60%, Precision: 0.69, Recall: 0.79, F1: 0.74, AUC: 0.74
Epoch [3/100] [TRAIN] Loss: 0.5872, Accuracy: 72.67%, AUC: 0.73 [VAL] Loss: 0.5659, Accuracy: 73.30%, Precision: 0.69, Recall: 0.79, F1: 0.74, AUC: 0.74
Epoch [4/100] [TRAIN] Loss: 0.5840, Accuracy: 72.70%, AUC: 0.73 [VAL] Loss: 0.5647, Accuracy: 73.60%, Precision: 0.69, Recall: 0.79, F1: 0.74, AUC: 0.74
Epoch [5/100] [TRAIN] Loss: 0.5886, Accuracy: 72.45%, AUC: 0.72 [VAL] Loss: 0.5643, Accuracy: 73.80%, Precision: 0.69, Recall: 0.79, F1: 0.74, AUC: 0.74
Epoch [6/100] [TRAIN] Loss: 0.5797, Accuracy: 72.62%, AUC: 0.73 [VAL] Loss: 0.5631, Accuracy: 73.50%, Precision: 0.69, Recall: 0.78, F1: 0.74, AUC: 0.74
Epoch [7/100] [TRAIN] Loss: 0.5764, Accuracy: 72.65%, AUC: 0.73 [VAL] Loss: 0.5623, Accuracy: 73.60%, Precision: 0.69, Recall: 0.79, F1: 0.74, AUC: 0.74
Epoch [8/100] [TRAIN] Loss: 0.5774, Accuracy: 72.70%, AUC: 0.73 [VAL] Loss: 0.5619, Accuracy: 73.90%, Precision: 0.70, Recall: 0.79, F1: 0.74, AUC: 0.74
Epoch [9/100] [TRAIN] Loss: 0.5752, Accuracy: 72.62%, AUC: 0.73 [VAL] Loss: 0.5614, Accuracy: 73.50%, Precision: 0.69, Recall: 0.79, F1: 0.74, AUC: 0.74
Epoch [10/100] [TRAIN] Loss: 0.5747, Accuracy: 72.83%, AUC: 0.73 [VAL] Loss: 0.5611, Accuracy: 73.40%, Precision: 0.69, Recall: 0.79, F1: 0.74, AUC: 0.74
Epoch [11/100] [TRAIN] Loss: 0.5697, Accuracy: 73.31%, AUC: 0.73 [VAL] Loss: 0.5609, Accuracy: 73.40%, Precision: 0.69, Recall: 0.79, F1: 0.74, AUC: 0.74
Epoch [12/100] [TRAIN] Loss: 0.5726, Accuracy: 72.72%, AUC: 0.73 [VAL] Loss: 0.5607, Accuracy: 73.50%, Precision: 0.69, Recall: 0.79, F1: 0.74, AUC: 0.74
Epoch [13/100] [TRAIN] Loss: 0.5680, Accuracy: 73.21%, AUC: 0.73 [VAL] Loss: 0.5602, Accuracy: 73.40%, Precision: 0.69, Recall: 0.79, F1: 0.74, AUC: 0.74
Epoch [14/100] [TRAIN] Loss: 0.5722, Accuracy: 73.03%, AUC: 0.73 [VAL] Loss: 0.5599, Accuracy: 73.30%, Precision: 0.69, Recall: 0.79, F1: 0.74, AUC: 0.74
Epoch [15/100] [TRAIN] Loss: 0.5710, Accuracy: 73.34%, AUC: 0.73 [VAL] Loss: 0.5598, Accuracy: 73.40%, Precision: 0.69, Recall: 0.79, F1: 0.74, AUC: 0.74
Epoch [16/100] [TRAIN] Loss: 0.5631, Accuracy: 73.67%, AUC: 0.74 [VAL] Loss: 0.5589, Accuracy: 73.30%, Precision: 0.69, Recall: 0.79, F1: 0.74, AUC: 0.74
Epoch [17/100] [TRAIN] Loss: 0.5658, Accuracy: 73.51%, AUC: 0.74 [VAL] Loss: 0.5592, Accuracy: 73.40%, Precision: 0.69, Recall: 0.79, F1: 0.74, AUC: 0.74
Epoch [18/100] [TRAIN] Loss: 0.5605, Accuracy: 73.56%, AUC: 0.74 [VAL] Loss: 0.5587, Accuracy: 73.30%, Precision: 0.69, Recall: 0.79, F1: 0.73, AUC: 0.74
Epoch [19/100] [TRAIN] Loss: 0.5679, Accuracy: 72.66%, AUC: 0.73 [VAL] Loss: 0.5583, Accuracy: 73.30%, Precision: 0.69, Recall: 0.79, F1: 0.74, AUC: 0.74
Epoch [20/100] [TRAIN] Loss: 0.5650, Accuracy: 73.83%, AUC: 0.74 [VAL] Loss: 0.5584, Accuracy: 73.30%, Precision: 0.69, Recall: 0.79, F1: 0.74, AUC: 0.74
Epoch [21/100] [TRAIN] Loss: 0.5652, Accuracy: 73.36%, AUC: 0.73 [VAL] Loss: 0.5589, Accuracy: 73.20%, Precision: 0.69, Recall: 0.79, F1: 0.73, AUC: 0.73
Epoch [22/100] [TRAIN] Loss: 0.5627, Accuracy: 73.38%, AUC: 0.73 [VAL] Loss: 0.5584, Accuracy: 73.10%, Precision: 0.69, Recall: 0.78, F1: 0.73, AUC: 0.73
Epoch [23/100] [TRAIN] Loss: 0.5600, Accuracy: 73.50%, AUC: 0.74 [VAL] Loss: 0.5581, Accuracy: 73.10%, Precision: 0.69, Recall: 0.78, F1: 0.73, AUC: 0.73
Epoch [24/100] [TRAIN] Loss: 0.5572, Accuracy: 73.76%, AUC: 0.74 [VAL] Loss: 0.5580, Accuracy: 73.20%, Precision: 0.69, Recall: 0.78, F1: 0.73, AUC: 0.73
Epoch [25/100] [TRAIN] Loss: 0.5631, Accuracy: 73.41%, AUC: 0.73 [VAL] Loss: 0.5579, Accuracy: 73.20%, Precision: 0.69, Recall: 0.78, F1: 0.73, AUC: 0.73
Epoch [26/100] [TRAIN] Loss: 0.5634, Accuracy: 73.28%, AUC: 0.73 [VAL] Loss: 0.5584, Accuracy: 73.10%, Precision: 0.69, Recall: 0.78, F1: 0.73, AUC: 0.73
Epoch [27/100] [TRAIN] Loss: 0.5607, Accuracy: 73.51%, AUC: 0.74 [VAL] Loss: 0.5582, Accuracy: 73.10%, Precision: 0.69, Recall: 0.78, F1: 0.73, AUC: 0.73
Epoch [28/100] [TRAIN] Loss: 0.5611, Accuracy: 73.50%, AUC: 0.74 [VAL] Loss: 0.5581, Accuracy: 73.30%, Precision: 0.69, Recall: 0.79, F1: 0.73, AUC: 0.74
Epoch [29/100] [TRAIN] Loss: 0.5582, Accuracy: 72.96%, AUC: 0.73 [VAL] Loss: 0.5574, Accuracy: 73.20%, Precision: 0.69, Recall: 0.79, F1: 0.73, AUC: 0.73
Epoch [30/100] [TRAIN] Loss: 0.5623, Accuracy: 73.69%, AUC: 0.74 [VAL] Loss: 0.5577, Accuracy: 73.30%, Precision: 0.69, Recall: 0.79, F1: 0.73, AUC: 0.74
Epoch [31/100] [TRAIN] Loss: 0.5577, Accuracy: 73.53%, AUC: 0.74 [VAL] Loss: 0.5574, Accuracy: 73.10%, Precision: 0.69, Recall: 0.78, F1: 0.73, AUC: 0.73
Epoch [32/100] [TRAIN] Loss: 0.5570, Accuracy: 73.88%, AUC: 0.74 [VAL] Loss: 0.5569, Accuracy: 73.30%, Precision: 0.69, Recall: 0.79, F1: 0.73, AUC: 0.74
Epoch [33/100] [TRAIN] Loss: 0.5557, Accuracy: 73.51%, AUC: 0.74 [VAL] Loss: 0.5566, Accuracy: 73.40%, Precision: 0.69, Recall: 0.79, F1: 0.74, AUC: 0.74
Epoch [34/100] [TRAIN] Loss: 0.5612, Accuracy: 73.35%, AUC: 0.73 [VAL] Loss: 0.5568, Accuracy: 73.30%, Precision: 0.69, Recall: 0.79, F1: 0.73, AUC: 0.74
Epoch [35/100] [TRAIN] Loss: 0.5533, Accuracy: 74.35%, AUC: 0.74 [VAL] Loss: 0.5573, Accuracy: 73.10%, Precision: 0.69, Recall: 0.79, F1: 0.73, AUC: 0.73
Epoch [36/100] [TRAIN] Loss: 0.5595, Accuracy: 73.06%, AUC: 0.73 [VAL] Loss: 0.5571, Accuracy: 73.40%, Precision: 0.69, Recall: 0.79, F1: 0.74, AUC: 0.74
Epoch [37/100] [TRAIN] Loss: 0.5540, Accuracy: 73.40%, AUC: 0.73 [VAL] Loss: 0.5565, Accuracy: 73.40%, Precision: 0.69, Recall: 0.79, F1: 0.74, AUC: 0.74
Epoch [38/100] [TRAIN] Loss: 0.5552, Accuracy: 73.65%, AUC: 0.74 [VAL] Loss: 0.5564, Accuracy: 73.40%, Precision: 0.69, Recall: 0.79, F1: 0.74, AUC: 0.74
Epoch [39/100] [TRAIN] Loss: 0.5564, Accuracy: 74.24%, AUC: 0.74 [VAL] Loss: 0.5568, Accuracy: 73.20%, Precision: 0.69, Recall: 0.79, F1: 0.73, AUC: 0.73
Epoch [40/100] [TRAIN] Loss: 0.5530, Accuracy: 73.56%, AUC: 0.74 [VAL] Loss: 0.5571, Accuracy: 73.10%, Precision: 0.69, Recall: 0.79, F1: 0.73, AUC: 0.73
Epoch [41/100] [TRAIN] Loss: 0.5553, Accuracy: 73.89%, AUC: 0.74 [VAL] Loss: 0.5571, Accuracy: 73.20%, Precision: 0.69, Recall: 0.78, F1: 0.73, AUC: 0.73
Epoch [42/100] [TRAIN] Loss: 0.5511, Accuracy: 74.08%, AUC: 0.74 [VAL] Loss: 0.5568, Accuracy: 73.30%, Precision: 0.69, Recall: 0.79, F1: 0.73, AUC: 0.74
Epoch [43/100] [TRAIN] Loss: 0.5518, Accuracy: 73.88%, AUC: 0.74 [VAL] Loss: 0.5565, Accuracy: 73.20%, Precision: 0.69, Recall: 0.78, F1: 0.73, AUC: 0.73
Epoch [44/100] [TRAIN] Loss: 0.5562, Accuracy: 73.28%, AUC: 0.73 [VAL] Loss: 0.5567, Accuracy: 73.10%, Precision: 0.69, Recall: 0.78, F1: 0.73, AUC: 0.73
Epoch [45/100] [TRAIN] Loss: 0.5539, Accuracy: 73.95%, AUC: 0.74 [VAL] Loss: 0.5566, Accuracy: 73.10%, Precision: 0.69, Recall: 0.78, F1: 0.73, AUC: 0.73
Epoch [46/100] [TRAIN] Loss: 0.5527, Accuracy: 74.19%, AUC: 0.74 [VAL] Loss: 0.5567, Accuracy: 73.10%, Precision: 0.69, Recall: 0.78, F1: 0.73, AUC: 0.73
Epoch [47/100] [TRAIN] Loss: 0.5526, Accuracy: 73.67%, AUC: 0.74 [VAL] Loss: 0.5567, Accuracy: 73.10%, Precision: 0.69, Recall: 0.78, F1: 0.73, AUC: 0.73
Epoch [48/100] [TRAIN] Loss: 0.5507, Accuracy: 74.11%, AUC: 0.74 [VAL] Loss: 0.5566, Accuracy: 73.10%, Precision: 0.69, Recall: 0.78, F1: 0.73, AUC: 0.73
  Early stopping at epoch 48 (no val_loss improvement for 10 epochs)
Seed: 789
Accuracy:  74.10 %
AUC:       0.7407
Precision: 0.7186
Recall:    0.7972
F1-Score:  0.7559

Detailed Classification Report:
              precision    recall  f1-score   support

           0       0.77      0.68      0.72       497
           1       0.72      0.80      0.76       503

    accuracy                           0.74      1000
   macro avg       0.74      0.74      0.74      1000
weighted avg       0.74      0.74      0.74      1000


Confusion Matrix:
[[340 157]
 [102 401]]


006-H3K4me3-H3K9me3
Train label distribution:
  Label 0:   4077 (51.0%)
  Label 1:   3923 (49.0%)
Val label distribution:
  Label 0:    529 (52.9%)
  Label 1:    471 (47.1%)
Test label distribution:
  Label 0:    497 (49.7%)
  Label 1:    503 (50.3%)
Epoch [1/100] [TRAIN] Loss: 0.6840, Accuracy: 63.51%, AUC: 0.64 [VAL] Loss: 0.6432, Accuracy: 69.90%, Precision: 0.66, Recall: 0.74, F1: 0.70, AUC: 0.70
Epoch [2/100] [TRAIN] Loss: 0.6304, Accuracy: 69.78%, AUC: 0.70 [VAL] Loss: 0.6019, Accuracy: 70.30%, Precision: 0.67, Recall: 0.73, F1: 0.70, AUC: 0.70
Epoch [3/100] [TRAIN] Loss: 0.6085, Accuracy: 71.40%, AUC: 0.71 [VAL] Loss: 0.5852, Accuracy: 71.10%, Precision: 0.67, Recall: 0.75, F1: 0.71, AUC: 0.71
Epoch [4/100] [TRAIN] Loss: 0.5990, Accuracy: 70.95%, AUC: 0.71 [VAL] Loss: 0.5785, Accuracy: 71.50%, Precision: 0.68, Recall: 0.75, F1: 0.71, AUC: 0.72
Epoch [5/100] [TRAIN] Loss: 0.5927, Accuracy: 71.41%, AUC: 0.71 [VAL] Loss: 0.5752, Accuracy: 71.70%, Precision: 0.68, Recall: 0.76, F1: 0.72, AUC: 0.72
Epoch [6/100] [TRAIN] Loss: 0.5907, Accuracy: 71.50%, AUC: 0.72 [VAL] Loss: 0.5738, Accuracy: 71.80%, Precision: 0.68, Recall: 0.76, F1: 0.72, AUC: 0.72
Epoch [7/100] [TRAIN] Loss: 0.5946, Accuracy: 71.55%, AUC: 0.72 [VAL] Loss: 0.5735, Accuracy: 71.70%, Precision: 0.68, Recall: 0.76, F1: 0.72, AUC: 0.72
Epoch [8/100] [TRAIN] Loss: 0.5818, Accuracy: 72.31%, AUC: 0.72 [VAL] Loss: 0.5718, Accuracy: 72.10%, Precision: 0.68, Recall: 0.77, F1: 0.72, AUC: 0.72
Epoch [9/100] [TRAIN] Loss: 0.5881, Accuracy: 71.61%, AUC: 0.72 [VAL] Loss: 0.5718, Accuracy: 72.00%, Precision: 0.68, Recall: 0.77, F1: 0.72, AUC: 0.72
Epoch [10/100] [TRAIN] Loss: 0.5886, Accuracy: 71.97%, AUC: 0.72 [VAL] Loss: 0.5722, Accuracy: 72.00%, Precision: 0.68, Recall: 0.77, F1: 0.72, AUC: 0.72
Epoch [11/100] [TRAIN] Loss: 0.5799, Accuracy: 72.08%, AUC: 0.72 [VAL] Loss: 0.5703, Accuracy: 71.90%, Precision: 0.68, Recall: 0.76, F1: 0.72, AUC: 0.72
Epoch [12/100] [TRAIN] Loss: 0.5825, Accuracy: 72.21%, AUC: 0.72 [VAL] Loss: 0.5701, Accuracy: 72.00%, Precision: 0.68, Recall: 0.76, F1: 0.72, AUC: 0.72
Epoch [13/100] [TRAIN] Loss: 0.5813, Accuracy: 72.25%, AUC: 0.72 [VAL] Loss: 0.5696, Accuracy: 72.00%, Precision: 0.68, Recall: 0.77, F1: 0.72, AUC: 0.72
Epoch [14/100] [TRAIN] Loss: 0.5826, Accuracy: 71.84%, AUC: 0.72 [VAL] Loss: 0.5694, Accuracy: 72.10%, Precision: 0.68, Recall: 0.77, F1: 0.72, AUC: 0.72
Epoch [15/100] [TRAIN] Loss: 0.5794, Accuracy: 72.29%, AUC: 0.72 [VAL] Loss: 0.5694, Accuracy: 72.20%, Precision: 0.68, Recall: 0.77, F1: 0.72, AUC: 0.72
Epoch [16/100] [TRAIN] Loss: 0.5775, Accuracy: 72.51%, AUC: 0.73 [VAL] Loss: 0.5683, Accuracy: 72.00%, Precision: 0.68, Recall: 0.77, F1: 0.72, AUC: 0.72
Epoch [17/100] [TRAIN] Loss: 0.5783, Accuracy: 72.22%, AUC: 0.72 [VAL] Loss: 0.5681, Accuracy: 71.90%, Precision: 0.68, Recall: 0.77, F1: 0.72, AUC: 0.72
Epoch [18/100] [TRAIN] Loss: 0.5791, Accuracy: 72.21%, AUC: 0.72 [VAL] Loss: 0.5683, Accuracy: 71.90%, Precision: 0.68, Recall: 0.77, F1: 0.72, AUC: 0.72
Epoch [19/100] [TRAIN] Loss: 0.5786, Accuracy: 72.17%, AUC: 0.72 [VAL] Loss: 0.5677, Accuracy: 72.00%, Precision: 0.68, Recall: 0.77, F1: 0.72, AUC: 0.72
Epoch [20/100] [TRAIN] Loss: 0.5744, Accuracy: 72.97%, AUC: 0.73 [VAL] Loss: 0.5671, Accuracy: 71.90%, Precision: 0.68, Recall: 0.77, F1: 0.72, AUC: 0.72
Epoch [21/100] [TRAIN] Loss: 0.5747, Accuracy: 71.97%, AUC: 0.72 [VAL] Loss: 0.5671, Accuracy: 71.80%, Precision: 0.68, Recall: 0.77, F1: 0.72, AUC: 0.72
Epoch [22/100] [TRAIN] Loss: 0.5808, Accuracy: 71.72%, AUC: 0.72 [VAL] Loss: 0.5671, Accuracy: 71.90%, Precision: 0.68, Recall: 0.77, F1: 0.72, AUC: 0.72
Epoch [23/100] [TRAIN] Loss: 0.5754, Accuracy: 72.31%, AUC: 0.72 [VAL] Loss: 0.5668, Accuracy: 72.10%, Precision: 0.68, Recall: 0.77, F1: 0.72, AUC: 0.72
Epoch [24/100] [TRAIN] Loss: 0.5777, Accuracy: 72.64%, AUC: 0.73 [VAL] Loss: 0.5670, Accuracy: 72.00%, Precision: 0.68, Recall: 0.77, F1: 0.72, AUC: 0.72
Epoch [25/100] [TRAIN] Loss: 0.5721, Accuracy: 72.92%, AUC: 0.73 [VAL] Loss: 0.5662, Accuracy: 71.90%, Precision: 0.68, Recall: 0.77, F1: 0.72, AUC: 0.72
Epoch [26/100] [TRAIN] Loss: 0.5723, Accuracy: 72.61%, AUC: 0.73 [VAL] Loss: 0.5658, Accuracy: 71.90%, Precision: 0.68, Recall: 0.77, F1: 0.72, AUC: 0.72
Epoch [27/100] [TRAIN] Loss: 0.5748, Accuracy: 72.29%, AUC: 0.72 [VAL] Loss: 0.5659, Accuracy: 71.90%, Precision: 0.68, Recall: 0.77, F1: 0.72, AUC: 0.72
Epoch [28/100] [TRAIN] Loss: 0.5701, Accuracy: 73.00%, AUC: 0.73 [VAL] Loss: 0.5646, Accuracy: 71.80%, Precision: 0.68, Recall: 0.76, F1: 0.72, AUC: 0.72
Epoch [29/100] [TRAIN] Loss: 0.5744, Accuracy: 72.40%, AUC: 0.72 [VAL] Loss: 0.5652, Accuracy: 71.90%, Precision: 0.68, Recall: 0.77, F1: 0.72, AUC: 0.72
Epoch [30/100] [TRAIN] Loss: 0.5741, Accuracy: 72.31%, AUC: 0.72 [VAL] Loss: 0.5650, Accuracy: 71.80%, Precision: 0.68, Recall: 0.76, F1: 0.72, AUC: 0.72
Epoch [31/100] [TRAIN] Loss: 0.5729, Accuracy: 72.70%, AUC: 0.73 [VAL] Loss: 0.5648, Accuracy: 71.70%, Precision: 0.68, Recall: 0.76, F1: 0.72, AUC: 0.72
Epoch [32/100] [TRAIN] Loss: 0.5693, Accuracy: 72.15%, AUC: 0.72 [VAL] Loss: 0.5645, Accuracy: 71.70%, Precision: 0.68, Recall: 0.76, F1: 0.72, AUC: 0.72
Epoch [33/100] [TRAIN] Loss: 0.5685, Accuracy: 72.33%, AUC: 0.72 [VAL] Loss: 0.5643, Accuracy: 71.80%, Precision: 0.68, Recall: 0.76, F1: 0.72, AUC: 0.72
Epoch [34/100] [TRAIN] Loss: 0.5705, Accuracy: 72.71%, AUC: 0.73 [VAL] Loss: 0.5645, Accuracy: 71.80%, Precision: 0.68, Recall: 0.76, F1: 0.72, AUC: 0.72
Epoch [35/100] [TRAIN] Loss: 0.5696, Accuracy: 72.75%, AUC: 0.73 [VAL] Loss: 0.5641, Accuracy: 71.70%, Precision: 0.68, Recall: 0.76, F1: 0.72, AUC: 0.72
Epoch [36/100] [TRAIN] Loss: 0.5676, Accuracy: 72.79%, AUC: 0.73 [VAL] Loss: 0.5634, Accuracy: 71.70%, Precision: 0.68, Recall: 0.76, F1: 0.72, AUC: 0.72
Epoch [37/100] [TRAIN] Loss: 0.5675, Accuracy: 73.17%, AUC: 0.73 [VAL] Loss: 0.5635, Accuracy: 71.70%, Precision: 0.68, Recall: 0.76, F1: 0.72, AUC: 0.72
Epoch [38/100] [TRAIN] Loss: 0.5686, Accuracy: 72.66%, AUC: 0.73 [VAL] Loss: 0.5627, Accuracy: 71.70%, Precision: 0.68, Recall: 0.76, F1: 0.72, AUC: 0.72
Epoch [39/100] [TRAIN] Loss: 0.5652, Accuracy: 73.15%, AUC: 0.73 [VAL] Loss: 0.5627, Accuracy: 71.80%, Precision: 0.68, Recall: 0.76, F1: 0.72, AUC: 0.72
Epoch [40/100] [TRAIN] Loss: 0.5658, Accuracy: 72.78%, AUC: 0.73 [VAL] Loss: 0.5624, Accuracy: 71.80%, Precision: 0.68, Recall: 0.76, F1: 0.72, AUC: 0.72
Epoch [41/100] [TRAIN] Loss: 0.5664, Accuracy: 72.86%, AUC: 0.73 [VAL] Loss: 0.5623, Accuracy: 71.80%, Precision: 0.68, Recall: 0.76, F1: 0.72, AUC: 0.72
Epoch [42/100] [TRAIN] Loss: 0.5654, Accuracy: 73.03%, AUC: 0.73 [VAL] Loss: 0.5622, Accuracy: 71.90%, Precision: 0.68, Recall: 0.76, F1: 0.72, AUC: 0.72
Epoch [43/100] [TRAIN] Loss: 0.5661, Accuracy: 73.51%, AUC: 0.74 [VAL] Loss: 0.5620, Accuracy: 71.90%, Precision: 0.68, Recall: 0.76, F1: 0.72, AUC: 0.72
Epoch [44/100] [TRAIN] Loss: 0.5691, Accuracy: 72.94%, AUC: 0.73 [VAL] Loss: 0.5621, Accuracy: 71.80%, Precision: 0.68, Recall: 0.76, F1: 0.72, AUC: 0.72
Epoch [45/100] [TRAIN] Loss: 0.5653, Accuracy: 73.12%, AUC: 0.73 [VAL] Loss: 0.5623, Accuracy: 71.90%, Precision: 0.68, Recall: 0.76, F1: 0.72, AUC: 0.72
Epoch [46/100] [TRAIN] Loss: 0.5652, Accuracy: 72.79%, AUC: 0.73 [VAL] Loss: 0.5625, Accuracy: 72.10%, Precision: 0.68, Recall: 0.76, F1: 0.72, AUC: 0.72
Epoch [47/100] [TRAIN] Loss: 0.5645, Accuracy: 73.17%, AUC: 0.73 [VAL] Loss: 0.5621, Accuracy: 72.00%, Precision: 0.68, Recall: 0.76, F1: 0.72, AUC: 0.72
Epoch [48/100] [TRAIN] Loss: 0.5624, Accuracy: 73.22%, AUC: 0.73 [VAL] Loss: 0.5619, Accuracy: 72.00%, Precision: 0.68, Recall: 0.76, F1: 0.72, AUC: 0.72
Epoch [49/100] [TRAIN] Loss: 0.5628, Accuracy: 72.99%, AUC: 0.73 [VAL] Loss: 0.5619, Accuracy: 72.00%, Precision: 0.68, Recall: 0.76, F1: 0.72, AUC: 0.72
Epoch [50/100] [TRAIN] Loss: 0.5619, Accuracy: 73.56%, AUC: 0.74 [VAL] Loss: 0.5617, Accuracy: 72.00%, Precision: 0.68, Recall: 0.76, F1: 0.72, AUC: 0.72
Epoch [51/100] [TRAIN] Loss: 0.5662, Accuracy: 72.88%, AUC: 0.73 [VAL] Loss: 0.5622, Accuracy: 72.20%, Precision: 0.68, Recall: 0.77, F1: 0.72, AUC: 0.72
Epoch [52/100] [TRAIN] Loss: 0.5654, Accuracy: 72.71%, AUC: 0.73 [VAL] Loss: 0.5623, Accuracy: 72.00%, Precision: 0.68, Recall: 0.76, F1: 0.72, AUC: 0.72
Epoch [53/100] [TRAIN] Loss: 0.5622, Accuracy: 73.03%, AUC: 0.73 [VAL] Loss: 0.5618, Accuracy: 72.10%, Precision: 0.68, Recall: 0.76, F1: 0.72, AUC: 0.72
Epoch [54/100] [TRAIN] Loss: 0.5652, Accuracy: 72.67%, AUC: 0.73 [VAL] Loss: 0.5618, Accuracy: 72.10%, Precision: 0.68, Recall: 0.76, F1: 0.72, AUC: 0.72
Epoch [55/100] [TRAIN] Loss: 0.5601, Accuracy: 73.17%, AUC: 0.73 [VAL] Loss: 0.5615, Accuracy: 72.20%, Precision: 0.68, Recall: 0.77, F1: 0.72, AUC: 0.72
Epoch [56/100] [TRAIN] Loss: 0.5635, Accuracy: 72.45%, AUC: 0.72 [VAL] Loss: 0.5614, Accuracy: 72.10%, Precision: 0.68, Recall: 0.76, F1: 0.72, AUC: 0.72
Epoch [57/100] [TRAIN] Loss: 0.5619, Accuracy: 72.94%, AUC: 0.73 [VAL] Loss: 0.5611, Accuracy: 72.00%, Precision: 0.68, Recall: 0.76, F1: 0.72, AUC: 0.72
Epoch [58/100] [TRAIN] Loss: 0.5633, Accuracy: 73.04%, AUC: 0.73 [VAL] Loss: 0.5608, Accuracy: 71.90%, Precision: 0.68, Recall: 0.76, F1: 0.72, AUC: 0.72
Epoch [59/100] [TRAIN] Loss: 0.5624, Accuracy: 73.08%, AUC: 0.73 [VAL] Loss: 0.5612, Accuracy: 72.00%, Precision: 0.68, Recall: 0.76, F1: 0.72, AUC: 0.72
Epoch [60/100] [TRAIN] Loss: 0.5569, Accuracy: 73.22%, AUC: 0.73 [VAL] Loss: 0.5608, Accuracy: 71.90%, Precision: 0.68, Recall: 0.76, F1: 0.72, AUC: 0.72
Epoch [61/100] [TRAIN] Loss: 0.5601, Accuracy: 73.28%, AUC: 0.73 [VAL] Loss: 0.5606, Accuracy: 72.00%, Precision: 0.68, Recall: 0.76, F1: 0.72, AUC: 0.72
Epoch [62/100] [TRAIN] Loss: 0.5609, Accuracy: 73.49%, AUC: 0.74 [VAL] Loss: 0.5608, Accuracy: 72.00%, Precision: 0.68, Recall: 0.76, F1: 0.72, AUC: 0.72
Epoch [63/100] [TRAIN] Loss: 0.5592, Accuracy: 73.33%, AUC: 0.73 [VAL] Loss: 0.5606, Accuracy: 71.90%, Precision: 0.68, Recall: 0.76, F1: 0.72, AUC: 0.72
Epoch [64/100] [TRAIN] Loss: 0.5641, Accuracy: 73.99%, AUC: 0.74 [VAL] Loss: 0.5613, Accuracy: 72.00%, Precision: 0.68, Recall: 0.76, F1: 0.72, AUC: 0.72
Epoch [65/100] [TRAIN] Loss: 0.5649, Accuracy: 72.71%, AUC: 0.73 [VAL] Loss: 0.5612, Accuracy: 72.00%, Precision: 0.68, Recall: 0.76, F1: 0.72, AUC: 0.72
Epoch [66/100] [TRAIN] Loss: 0.5571, Accuracy: 73.31%, AUC: 0.73 [VAL] Loss: 0.5608, Accuracy: 71.90%, Precision: 0.68, Recall: 0.76, F1: 0.72, AUC: 0.72
Epoch [67/100] [TRAIN] Loss: 0.5593, Accuracy: 72.76%, AUC: 0.73 [VAL] Loss: 0.5612, Accuracy: 72.10%, Precision: 0.68, Recall: 0.76, F1: 0.72, AUC: 0.72
Epoch [68/100] [TRAIN] Loss: 0.5603, Accuracy: 73.34%, AUC: 0.73 [VAL] Loss: 0.5612, Accuracy: 72.10%, Precision: 0.68, Recall: 0.76, F1: 0.72, AUC: 0.72
Epoch [69/100] [TRAIN] Loss: 0.5572, Accuracy: 73.14%, AUC: 0.73 [VAL] Loss: 0.5611, Accuracy: 72.10%, Precision: 0.68, Recall: 0.76, F1: 0.72, AUC: 0.72
Epoch [70/100] [TRAIN] Loss: 0.5590, Accuracy: 73.38%, AUC: 0.73 [VAL] Loss: 0.5610, Accuracy: 72.10%, Precision: 0.68, Recall: 0.76, F1: 0.72, AUC: 0.72
Epoch [71/100] [TRAIN] Loss: 0.5605, Accuracy: 73.22%, AUC: 0.73 [VAL] Loss: 0.5610, Accuracy: 72.10%, Precision: 0.68, Recall: 0.76, F1: 0.72, AUC: 0.72
Epoch [72/100] [TRAIN] Loss: 0.5590, Accuracy: 73.40%, AUC: 0.73 [VAL] Loss: 0.5610, Accuracy: 72.10%, Precision: 0.68, Recall: 0.76, F1: 0.72, AUC: 0.72
Epoch [73/100] [TRAIN] Loss: 0.5614, Accuracy: 73.49%, AUC: 0.74 [VAL] Loss: 0.5610, Accuracy: 72.10%, Precision: 0.68, Recall: 0.76, F1: 0.72, AUC: 0.72
  Early stopping at epoch 73 (no val_loss improvement for 10 epochs)
Seed: 789
Accuracy:  71.90 %
AUC:       0.7186
Precision: 0.6961
Recall:    0.7833
F1-Score:  0.7371

Detailed Classification Report:
              precision    recall  f1-score   support

           0       0.75      0.65      0.70       497
           1       0.70      0.78      0.74       503

    accuracy                           0.72      1000
   macro avg       0.72      0.72      0.72      1000
weighted avg       0.72      0.72      0.72      1000


Confusion Matrix:
[[325 172]
 [109 394]]


007-H3K4me3-H3K27ac
Train label distribution:
  Label 0:   4077 (51.0%)
  Label 1:   3923 (49.0%)
Val label distribution:
  Label 0:    529 (52.9%)
  Label 1:    471 (47.1%)
Test label distribution:
  Label 0:    497 (49.7%)
  Label 1:    503 (50.3%)
Epoch [1/100] [TRAIN] Loss: 0.6431, Accuracy: 68.95%, AUC: 0.69 [VAL] Loss: 0.5952, Accuracy: 72.90%, Precision: 0.69, Recall: 0.77, F1: 0.73, AUC: 0.73
Epoch [2/100] [TRAIN] Loss: 0.5945, Accuracy: 72.41%, AUC: 0.72 [VAL] Loss: 0.5839, Accuracy: 72.90%, Precision: 0.69, Recall: 0.77, F1: 0.73, AUC: 0.73
Epoch [3/100] [TRAIN] Loss: 0.5915, Accuracy: 73.17%, AUC: 0.73 [VAL] Loss: 0.5803, Accuracy: 72.40%, Precision: 0.69, Recall: 0.76, F1: 0.72, AUC: 0.73
Epoch [4/100] [TRAIN] Loss: 0.5798, Accuracy: 73.64%, AUC: 0.74 [VAL] Loss: 0.5781, Accuracy: 72.50%, Precision: 0.69, Recall: 0.76, F1: 0.72, AUC: 0.73
Epoch [5/100] [TRAIN] Loss: 0.5781, Accuracy: 73.59%, AUC: 0.74 [VAL] Loss: 0.5761, Accuracy: 72.60%, Precision: 0.69, Recall: 0.76, F1: 0.72, AUC: 0.73
Epoch [6/100] [TRAIN] Loss: 0.5777, Accuracy: 73.64%, AUC: 0.74 [VAL] Loss: 0.5742, Accuracy: 72.70%, Precision: 0.69, Recall: 0.76, F1: 0.72, AUC: 0.73
Epoch [7/100] [TRAIN] Loss: 0.5744, Accuracy: 73.83%, AUC: 0.74 [VAL] Loss: 0.5735, Accuracy: 72.70%, Precision: 0.69, Recall: 0.76, F1: 0.72, AUC: 0.73
Epoch [8/100] [TRAIN] Loss: 0.5783, Accuracy: 73.33%, AUC: 0.73 [VAL] Loss: 0.5734, Accuracy: 72.80%, Precision: 0.69, Recall: 0.76, F1: 0.72, AUC: 0.73
Epoch [9/100] [TRAIN] Loss: 0.5735, Accuracy: 73.35%, AUC: 0.73 [VAL] Loss: 0.5724, Accuracy: 72.70%, Precision: 0.69, Recall: 0.76, F1: 0.72, AUC: 0.73
Epoch [10/100] [TRAIN] Loss: 0.5662, Accuracy: 74.19%, AUC: 0.74 [VAL] Loss: 0.5717, Accuracy: 72.60%, Precision: 0.69, Recall: 0.75, F1: 0.72, AUC: 0.73
Epoch [11/100] [TRAIN] Loss: 0.5685, Accuracy: 73.31%, AUC: 0.73 [VAL] Loss: 0.5712, Accuracy: 72.60%, Precision: 0.69, Recall: 0.75, F1: 0.72, AUC: 0.73
Epoch [12/100] [TRAIN] Loss: 0.5736, Accuracy: 73.42%, AUC: 0.73 [VAL] Loss: 0.5710, Accuracy: 72.60%, Precision: 0.69, Recall: 0.75, F1: 0.72, AUC: 0.73
Epoch [13/100] [TRAIN] Loss: 0.5645, Accuracy: 73.85%, AUC: 0.74 [VAL] Loss: 0.5707, Accuracy: 72.90%, Precision: 0.70, Recall: 0.76, F1: 0.72, AUC: 0.73
Epoch [14/100] [TRAIN] Loss: 0.5682, Accuracy: 73.64%, AUC: 0.74 [VAL] Loss: 0.5699, Accuracy: 72.80%, Precision: 0.69, Recall: 0.76, F1: 0.72, AUC: 0.73
Epoch [15/100] [TRAIN] Loss: 0.5635, Accuracy: 73.83%, AUC: 0.74 [VAL] Loss: 0.5706, Accuracy: 72.80%, Precision: 0.69, Recall: 0.76, F1: 0.72, AUC: 0.73
Epoch [16/100] [TRAIN] Loss: 0.5626, Accuracy: 74.34%, AUC: 0.74 [VAL] Loss: 0.5698, Accuracy: 72.90%, Precision: 0.69, Recall: 0.76, F1: 0.73, AUC: 0.73
Epoch [17/100] [TRAIN] Loss: 0.5580, Accuracy: 74.90%, AUC: 0.75 [VAL] Loss: 0.5689, Accuracy: 73.00%, Precision: 0.70, Recall: 0.76, F1: 0.73, AUC: 0.73
Epoch [18/100] [TRAIN] Loss: 0.5583, Accuracy: 74.26%, AUC: 0.74 [VAL] Loss: 0.5692, Accuracy: 72.90%, Precision: 0.69, Recall: 0.76, F1: 0.73, AUC: 0.73
Epoch [19/100] [TRAIN] Loss: 0.5612, Accuracy: 74.39%, AUC: 0.74 [VAL] Loss: 0.5688, Accuracy: 72.90%, Precision: 0.69, Recall: 0.76, F1: 0.73, AUC: 0.73
Epoch [20/100] [TRAIN] Loss: 0.5569, Accuracy: 74.42%, AUC: 0.74 [VAL] Loss: 0.5689, Accuracy: 72.90%, Precision: 0.69, Recall: 0.76, F1: 0.73, AUC: 0.73
Epoch [21/100] [TRAIN] Loss: 0.5566, Accuracy: 73.64%, AUC: 0.74 [VAL] Loss: 0.5692, Accuracy: 73.00%, Precision: 0.70, Recall: 0.76, F1: 0.73, AUC: 0.73
Epoch [22/100] [TRAIN] Loss: 0.5572, Accuracy: 74.47%, AUC: 0.75 [VAL] Loss: 0.5688, Accuracy: 73.00%, Precision: 0.70, Recall: 0.76, F1: 0.73, AUC: 0.73
Epoch [23/100] [TRAIN] Loss: 0.5572, Accuracy: 74.17%, AUC: 0.74 [VAL] Loss: 0.5687, Accuracy: 73.10%, Precision: 0.70, Recall: 0.76, F1: 0.73, AUC: 0.73
Epoch [24/100] [TRAIN] Loss: 0.5537, Accuracy: 74.65%, AUC: 0.75 [VAL] Loss: 0.5680, Accuracy: 73.20%, Precision: 0.70, Recall: 0.76, F1: 0.73, AUC: 0.73
Epoch [25/100] [TRAIN] Loss: 0.5548, Accuracy: 74.64%, AUC: 0.75 [VAL] Loss: 0.5682, Accuracy: 73.10%, Precision: 0.70, Recall: 0.76, F1: 0.73, AUC: 0.73
Epoch [26/100] [TRAIN] Loss: 0.5558, Accuracy: 73.96%, AUC: 0.74 [VAL] Loss: 0.5680, Accuracy: 73.20%, Precision: 0.70, Recall: 0.76, F1: 0.73, AUC: 0.73
Epoch [27/100] [TRAIN] Loss: 0.5532, Accuracy: 74.05%, AUC: 0.74 [VAL] Loss: 0.5674, Accuracy: 73.10%, Precision: 0.70, Recall: 0.76, F1: 0.73, AUC: 0.73
Epoch [28/100] [TRAIN] Loss: 0.5539, Accuracy: 74.60%, AUC: 0.75 [VAL] Loss: 0.5674, Accuracy: 73.20%, Precision: 0.70, Recall: 0.76, F1: 0.73, AUC: 0.73
Epoch [29/100] [TRAIN] Loss: 0.5533, Accuracy: 74.67%, AUC: 0.75 [VAL] Loss: 0.5671, Accuracy: 73.30%, Precision: 0.70, Recall: 0.76, F1: 0.73, AUC: 0.73
Epoch [30/100] [TRAIN] Loss: 0.5533, Accuracy: 74.56%, AUC: 0.75 [VAL] Loss: 0.5670, Accuracy: 73.30%, Precision: 0.70, Recall: 0.76, F1: 0.73, AUC: 0.73
Epoch [31/100] [TRAIN] Loss: 0.5554, Accuracy: 73.99%, AUC: 0.74 [VAL] Loss: 0.5665, Accuracy: 73.00%, Precision: 0.70, Recall: 0.76, F1: 0.73, AUC: 0.73
Epoch [32/100] [TRAIN] Loss: 0.5528, Accuracy: 74.58%, AUC: 0.75 [VAL] Loss: 0.5667, Accuracy: 73.20%, Precision: 0.70, Recall: 0.76, F1: 0.73, AUC: 0.73
Epoch [33/100] [TRAIN] Loss: 0.5507, Accuracy: 74.53%, AUC: 0.75 [VAL] Loss: 0.5667, Accuracy: 73.00%, Precision: 0.70, Recall: 0.76, F1: 0.73, AUC: 0.73
Epoch [34/100] [TRAIN] Loss: 0.5499, Accuracy: 74.99%, AUC: 0.75 [VAL] Loss: 0.5666, Accuracy: 73.20%, Precision: 0.70, Recall: 0.76, F1: 0.73, AUC: 0.73
Epoch [35/100] [TRAIN] Loss: 0.5465, Accuracy: 74.66%, AUC: 0.75 [VAL] Loss: 0.5666, Accuracy: 73.00%, Precision: 0.70, Recall: 0.76, F1: 0.73, AUC: 0.73
Epoch [36/100] [TRAIN] Loss: 0.5508, Accuracy: 74.46%, AUC: 0.74 [VAL] Loss: 0.5665, Accuracy: 72.90%, Precision: 0.69, Recall: 0.76, F1: 0.72, AUC: 0.73
Epoch [37/100] [TRAIN] Loss: 0.5477, Accuracy: 74.55%, AUC: 0.75 [VAL] Loss: 0.5665, Accuracy: 73.00%, Precision: 0.70, Recall: 0.76, F1: 0.73, AUC: 0.73
Epoch [38/100] [TRAIN] Loss: 0.5510, Accuracy: 74.42%, AUC: 0.74 [VAL] Loss: 0.5663, Accuracy: 73.00%, Precision: 0.70, Recall: 0.76, F1: 0.73, AUC: 0.73
Epoch [39/100] [TRAIN] Loss: 0.5470, Accuracy: 74.75%, AUC: 0.75 [VAL] Loss: 0.5659, Accuracy: 73.00%, Precision: 0.70, Recall: 0.76, F1: 0.73, AUC: 0.73
Epoch [40/100] [TRAIN] Loss: 0.5529, Accuracy: 74.31%, AUC: 0.74 [VAL] Loss: 0.5660, Accuracy: 72.80%, Precision: 0.69, Recall: 0.75, F1: 0.72, AUC: 0.73
Epoch [41/100] [TRAIN] Loss: 0.5480, Accuracy: 74.90%, AUC: 0.75 [VAL] Loss: 0.5659, Accuracy: 73.00%, Precision: 0.70, Recall: 0.76, F1: 0.73, AUC: 0.73
Epoch [42/100] [TRAIN] Loss: 0.5496, Accuracy: 74.67%, AUC: 0.75 [VAL] Loss: 0.5662, Accuracy: 73.00%, Precision: 0.70, Recall: 0.76, F1: 0.73, AUC: 0.73
Epoch [43/100] [TRAIN] Loss: 0.5465, Accuracy: 74.51%, AUC: 0.75 [VAL] Loss: 0.5660, Accuracy: 72.90%, Precision: 0.70, Recall: 0.76, F1: 0.72, AUC: 0.73
Epoch [44/100] [TRAIN] Loss: 0.5466, Accuracy: 74.46%, AUC: 0.74 [VAL] Loss: 0.5653, Accuracy: 73.00%, Precision: 0.70, Recall: 0.76, F1: 0.73, AUC: 0.73
Epoch [45/100] [TRAIN] Loss: 0.5449, Accuracy: 75.00%, AUC: 0.75 [VAL] Loss: 0.5654, Accuracy: 73.10%, Precision: 0.70, Recall: 0.76, F1: 0.73, AUC: 0.73
Epoch [46/100] [TRAIN] Loss: 0.5451, Accuracy: 74.69%, AUC: 0.75 [VAL] Loss: 0.5658, Accuracy: 73.00%, Precision: 0.70, Recall: 0.76, F1: 0.73, AUC: 0.73
Epoch [47/100] [TRAIN] Loss: 0.5471, Accuracy: 74.79%, AUC: 0.75 [VAL] Loss: 0.5653, Accuracy: 73.20%, Precision: 0.70, Recall: 0.76, F1: 0.73, AUC: 0.73
Epoch [48/100] [TRAIN] Loss: 0.5485, Accuracy: 74.74%, AUC: 0.75 [VAL] Loss: 0.5654, Accuracy: 73.20%, Precision: 0.70, Recall: 0.76, F1: 0.73, AUC: 0.73
Epoch [49/100] [TRAIN] Loss: 0.5461, Accuracy: 75.11%, AUC: 0.75 [VAL] Loss: 0.5652, Accuracy: 73.10%, Precision: 0.70, Recall: 0.76, F1: 0.73, AUC: 0.73
Epoch [50/100] [TRAIN] Loss: 0.5463, Accuracy: 74.71%, AUC: 0.75 [VAL] Loss: 0.5651, Accuracy: 73.20%, Precision: 0.70, Recall: 0.76, F1: 0.73, AUC: 0.73
Epoch [51/100] [TRAIN] Loss: 0.5466, Accuracy: 74.75%, AUC: 0.75 [VAL] Loss: 0.5645, Accuracy: 73.10%, Precision: 0.70, Recall: 0.76, F1: 0.73, AUC: 0.73
Epoch [52/100] [TRAIN] Loss: 0.5424, Accuracy: 75.21%, AUC: 0.75 [VAL] Loss: 0.5647, Accuracy: 73.30%, Precision: 0.70, Recall: 0.76, F1: 0.73, AUC: 0.73
Epoch [53/100] [TRAIN] Loss: 0.5445, Accuracy: 75.03%, AUC: 0.75 [VAL] Loss: 0.5641, Accuracy: 73.30%, Precision: 0.70, Recall: 0.76, F1: 0.73, AUC: 0.73
Epoch [54/100] [TRAIN] Loss: 0.5428, Accuracy: 74.88%, AUC: 0.75 [VAL] Loss: 0.5638, Accuracy: 73.20%, Precision: 0.70, Recall: 0.76, F1: 0.73, AUC: 0.73
Epoch [55/100] [TRAIN] Loss: 0.5399, Accuracy: 74.60%, AUC: 0.75 [VAL] Loss: 0.5644, Accuracy: 73.10%, Precision: 0.70, Recall: 0.76, F1: 0.73, AUC: 0.73
Epoch [56/100] [TRAIN] Loss: 0.5387, Accuracy: 74.75%, AUC: 0.75 [VAL] Loss: 0.5644, Accuracy: 73.20%, Precision: 0.70, Recall: 0.76, F1: 0.73, AUC: 0.73
Epoch [57/100] [TRAIN] Loss: 0.5428, Accuracy: 74.54%, AUC: 0.75 [VAL] Loss: 0.5652, Accuracy: 73.30%, Precision: 0.70, Recall: 0.76, F1: 0.73, AUC: 0.73
Epoch [58/100] [TRAIN] Loss: 0.5407, Accuracy: 75.05%, AUC: 0.75 [VAL] Loss: 0.5649, Accuracy: 73.30%, Precision: 0.70, Recall: 0.76, F1: 0.73, AUC: 0.73
Epoch [59/100] [TRAIN] Loss: 0.5434, Accuracy: 74.79%, AUC: 0.75 [VAL] Loss: 0.5647, Accuracy: 73.30%, Precision: 0.70, Recall: 0.76, F1: 0.73, AUC: 0.73
Epoch [60/100] [TRAIN] Loss: 0.5453, Accuracy: 74.49%, AUC: 0.75 [VAL] Loss: 0.5642, Accuracy: 73.20%, Precision: 0.70, Recall: 0.76, F1: 0.73, AUC: 0.73
Epoch [61/100] [TRAIN] Loss: 0.5425, Accuracy: 74.99%, AUC: 0.75 [VAL] Loss: 0.5642, Accuracy: 73.20%, Precision: 0.70, Recall: 0.76, F1: 0.73, AUC: 0.73
Epoch [62/100] [TRAIN] Loss: 0.5416, Accuracy: 75.08%, AUC: 0.75 [VAL] Loss: 0.5641, Accuracy: 73.20%, Precision: 0.70, Recall: 0.76, F1: 0.73, AUC: 0.73
Epoch [63/100] [TRAIN] Loss: 0.5448, Accuracy: 74.50%, AUC: 0.75 [VAL] Loss: 0.5642, Accuracy: 73.20%, Precision: 0.70, Recall: 0.76, F1: 0.73, AUC: 0.73
Epoch [64/100] [TRAIN] Loss: 0.5456, Accuracy: 74.90%, AUC: 0.75 [VAL] Loss: 0.5642, Accuracy: 73.30%, Precision: 0.70, Recall: 0.76, F1: 0.73, AUC: 0.73
  Early stopping at epoch 64 (no val_loss improvement for 10 epochs)
Seed: 789
Accuracy:  75.60 %
AUC:       0.7558
Precision: 0.7394
Recall:    0.7952
F1-Score:  0.7663

Detailed Classification Report:
              precision    recall  f1-score   support

           0       0.78      0.72      0.74       497
           1       0.74      0.80      0.77       503

    accuracy                           0.76      1000
   macro avg       0.76      0.76      0.76      1000
weighted avg       0.76      0.76      0.76      1000


Confusion Matrix:
[[356 141]
 [103 400]]


008-H3K4me3-H3K27me3
Train label distribution:
  Label 0:   4077 (51.0%)
  Label 1:   3923 (49.0%)
Val label distribution:
  Label 0:    529 (52.9%)
  Label 1:    471 (47.1%)
Test label distribution:
  Label 0:    497 (49.7%)
  Label 1:    503 (50.3%)
Epoch [1/100] [TRAIN] Loss: 0.7034, Accuracy: 57.10%, AUC: 0.57 [VAL] Loss: 0.6396, Accuracy: 71.60%, Precision: 0.68, Recall: 0.75, F1: 0.71, AUC: 0.72
Epoch [2/100] [TRAIN] Loss: 0.6340, Accuracy: 69.72%, AUC: 0.70 [VAL] Loss: 0.5984, Accuracy: 72.20%, Precision: 0.69, Recall: 0.74, F1: 0.72, AUC: 0.72
Epoch [3/100] [TRAIN] Loss: 0.6071, Accuracy: 71.05%, AUC: 0.71 [VAL] Loss: 0.5808, Accuracy: 72.60%, Precision: 0.69, Recall: 0.75, F1: 0.72, AUC: 0.73
Epoch [4/100] [TRAIN] Loss: 0.6001, Accuracy: 71.49%, AUC: 0.72 [VAL] Loss: 0.5738, Accuracy: 72.40%, Precision: 0.69, Recall: 0.75, F1: 0.72, AUC: 0.73
Epoch [5/100] [TRAIN] Loss: 0.6015, Accuracy: 71.45%, AUC: 0.71 [VAL] Loss: 0.5712, Accuracy: 72.50%, Precision: 0.69, Recall: 0.76, F1: 0.72, AUC: 0.73
Epoch [6/100] [TRAIN] Loss: 0.5960, Accuracy: 71.12%, AUC: 0.71 [VAL] Loss: 0.5691, Accuracy: 72.60%, Precision: 0.69, Recall: 0.76, F1: 0.72, AUC: 0.73
Epoch [7/100] [TRAIN] Loss: 0.5893, Accuracy: 72.12%, AUC: 0.72 [VAL] Loss: 0.5663, Accuracy: 72.50%, Precision: 0.69, Recall: 0.76, F1: 0.72, AUC: 0.73
Epoch [8/100] [TRAIN] Loss: 0.5889, Accuracy: 71.53%, AUC: 0.72 [VAL] Loss: 0.5650, Accuracy: 72.50%, Precision: 0.69, Recall: 0.76, F1: 0.72, AUC: 0.73
Epoch [9/100] [TRAIN] Loss: 0.5871, Accuracy: 71.39%, AUC: 0.71 [VAL] Loss: 0.5639, Accuracy: 72.50%, Precision: 0.69, Recall: 0.76, F1: 0.72, AUC: 0.73
Epoch [10/100] [TRAIN] Loss: 0.5870, Accuracy: 71.94%, AUC: 0.72 [VAL] Loss: 0.5636, Accuracy: 72.50%, Precision: 0.69, Recall: 0.76, F1: 0.72, AUC: 0.73
Epoch [11/100] [TRAIN] Loss: 0.5841, Accuracy: 72.16%, AUC: 0.72 [VAL] Loss: 0.5624, Accuracy: 72.70%, Precision: 0.69, Recall: 0.76, F1: 0.72, AUC: 0.73
Epoch [12/100] [TRAIN] Loss: 0.5862, Accuracy: 71.84%, AUC: 0.72 [VAL] Loss: 0.5620, Accuracy: 72.50%, Precision: 0.69, Recall: 0.76, F1: 0.72, AUC: 0.73
Epoch [13/100] [TRAIN] Loss: 0.5864, Accuracy: 71.67%, AUC: 0.72 [VAL] Loss: 0.5616, Accuracy: 72.60%, Precision: 0.69, Recall: 0.76, F1: 0.72, AUC: 0.73
Epoch [14/100] [TRAIN] Loss: 0.5803, Accuracy: 71.60%, AUC: 0.72 [VAL] Loss: 0.5604, Accuracy: 72.70%, Precision: 0.69, Recall: 0.76, F1: 0.72, AUC: 0.73
Epoch [15/100] [TRAIN] Loss: 0.5812, Accuracy: 72.24%, AUC: 0.72 [VAL] Loss: 0.5603, Accuracy: 72.60%, Precision: 0.69, Recall: 0.76, F1: 0.72, AUC: 0.73
Epoch [16/100] [TRAIN] Loss: 0.5767, Accuracy: 72.69%, AUC: 0.73 [VAL] Loss: 0.5594, Accuracy: 72.50%, Precision: 0.69, Recall: 0.75, F1: 0.72, AUC: 0.73
Epoch [17/100] [TRAIN] Loss: 0.5776, Accuracy: 72.01%, AUC: 0.72 [VAL] Loss: 0.5589, Accuracy: 72.60%, Precision: 0.69, Recall: 0.76, F1: 0.72, AUC: 0.73
Epoch [18/100] [TRAIN] Loss: 0.5802, Accuracy: 72.34%, AUC: 0.72 [VAL] Loss: 0.5588, Accuracy: 72.60%, Precision: 0.69, Recall: 0.76, F1: 0.72, AUC: 0.73
Epoch [19/100] [TRAIN] Loss: 0.5795, Accuracy: 71.97%, AUC: 0.72 [VAL] Loss: 0.5586, Accuracy: 72.90%, Precision: 0.69, Recall: 0.76, F1: 0.73, AUC: 0.73
Epoch [20/100] [TRAIN] Loss: 0.5806, Accuracy: 72.56%, AUC: 0.73 [VAL] Loss: 0.5584, Accuracy: 72.90%, Precision: 0.69, Recall: 0.76, F1: 0.73, AUC: 0.73
Epoch [21/100] [TRAIN] Loss: 0.5762, Accuracy: 72.12%, AUC: 0.72 [VAL] Loss: 0.5575, Accuracy: 72.90%, Precision: 0.69, Recall: 0.76, F1: 0.73, AUC: 0.73
Epoch [22/100] [TRAIN] Loss: 0.5756, Accuracy: 72.41%, AUC: 0.72 [VAL] Loss: 0.5573, Accuracy: 72.90%, Precision: 0.69, Recall: 0.76, F1: 0.73, AUC: 0.73
Epoch [23/100] [TRAIN] Loss: 0.5724, Accuracy: 72.88%, AUC: 0.73 [VAL] Loss: 0.5567, Accuracy: 72.90%, Precision: 0.69, Recall: 0.76, F1: 0.73, AUC: 0.73
Epoch [24/100] [TRAIN] Loss: 0.5744, Accuracy: 72.40%, AUC: 0.72 [VAL] Loss: 0.5568, Accuracy: 73.00%, Precision: 0.70, Recall: 0.76, F1: 0.73, AUC: 0.73
Epoch [25/100] [TRAIN] Loss: 0.5754, Accuracy: 71.75%, AUC: 0.72 [VAL] Loss: 0.5570, Accuracy: 72.90%, Precision: 0.69, Recall: 0.76, F1: 0.73, AUC: 0.73
Epoch [26/100] [TRAIN] Loss: 0.5723, Accuracy: 71.94%, AUC: 0.72 [VAL] Loss: 0.5563, Accuracy: 73.00%, Precision: 0.70, Recall: 0.76, F1: 0.73, AUC: 0.73
Epoch [27/100] [TRAIN] Loss: 0.5739, Accuracy: 72.01%, AUC: 0.72 [VAL] Loss: 0.5562, Accuracy: 73.00%, Precision: 0.69, Recall: 0.76, F1: 0.73, AUC: 0.73
Epoch [28/100] [TRAIN] Loss: 0.5715, Accuracy: 72.25%, AUC: 0.72 [VAL] Loss: 0.5558, Accuracy: 72.90%, Precision: 0.69, Recall: 0.76, F1: 0.73, AUC: 0.73
Epoch [29/100] [TRAIN] Loss: 0.5675, Accuracy: 72.97%, AUC: 0.73 [VAL] Loss: 0.5550, Accuracy: 72.80%, Precision: 0.69, Recall: 0.76, F1: 0.72, AUC: 0.73
Epoch [30/100] [TRAIN] Loss: 0.5680, Accuracy: 72.47%, AUC: 0.73 [VAL] Loss: 0.5543, Accuracy: 72.90%, Precision: 0.69, Recall: 0.76, F1: 0.72, AUC: 0.73
Epoch [31/100] [TRAIN] Loss: 0.5717, Accuracy: 72.91%, AUC: 0.73 [VAL] Loss: 0.5547, Accuracy: 72.60%, Precision: 0.69, Recall: 0.75, F1: 0.72, AUC: 0.73
Epoch [32/100] [TRAIN] Loss: 0.5668, Accuracy: 72.97%, AUC: 0.73 [VAL] Loss: 0.5543, Accuracy: 73.00%, Precision: 0.70, Recall: 0.76, F1: 0.73, AUC: 0.73
Epoch [33/100] [TRAIN] Loss: 0.5752, Accuracy: 72.10%, AUC: 0.72 [VAL] Loss: 0.5547, Accuracy: 72.80%, Precision: 0.69, Recall: 0.76, F1: 0.72, AUC: 0.73
Epoch [34/100] [TRAIN] Loss: 0.5692, Accuracy: 72.60%, AUC: 0.73 [VAL] Loss: 0.5540, Accuracy: 72.80%, Precision: 0.69, Recall: 0.76, F1: 0.72, AUC: 0.73
Epoch [35/100] [TRAIN] Loss: 0.5653, Accuracy: 72.65%, AUC: 0.73 [VAL] Loss: 0.5533, Accuracy: 72.80%, Precision: 0.69, Recall: 0.76, F1: 0.72, AUC: 0.73
Epoch [36/100] [TRAIN] Loss: 0.5707, Accuracy: 72.44%, AUC: 0.72 [VAL] Loss: 0.5534, Accuracy: 72.90%, Precision: 0.69, Recall: 0.76, F1: 0.73, AUC: 0.73
Epoch [37/100] [TRAIN] Loss: 0.5662, Accuracy: 72.62%, AUC: 0.73 [VAL] Loss: 0.5529, Accuracy: 72.90%, Precision: 0.69, Recall: 0.76, F1: 0.73, AUC: 0.73
Epoch [38/100] [TRAIN] Loss: 0.5661, Accuracy: 72.09%, AUC: 0.72 [VAL] Loss: 0.5532, Accuracy: 72.80%, Precision: 0.69, Recall: 0.76, F1: 0.72, AUC: 0.73
Epoch [39/100] [TRAIN] Loss: 0.5633, Accuracy: 72.51%, AUC: 0.73 [VAL] Loss: 0.5530, Accuracy: 72.80%, Precision: 0.69, Recall: 0.76, F1: 0.72, AUC: 0.73
Epoch [40/100] [TRAIN] Loss: 0.5698, Accuracy: 71.94%, AUC: 0.72 [VAL] Loss: 0.5535, Accuracy: 72.70%, Precision: 0.69, Recall: 0.76, F1: 0.72, AUC: 0.73
Epoch [41/100] [TRAIN] Loss: 0.5631, Accuracy: 72.72%, AUC: 0.73 [VAL] Loss: 0.5527, Accuracy: 72.90%, Precision: 0.69, Recall: 0.76, F1: 0.73, AUC: 0.73
Epoch [42/100] [TRAIN] Loss: 0.5672, Accuracy: 72.53%, AUC: 0.73 [VAL] Loss: 0.5526, Accuracy: 72.90%, Precision: 0.69, Recall: 0.76, F1: 0.73, AUC: 0.73
Epoch [43/100] [TRAIN] Loss: 0.5641, Accuracy: 72.60%, AUC: 0.73 [VAL] Loss: 0.5524, Accuracy: 72.90%, Precision: 0.69, Recall: 0.76, F1: 0.73, AUC: 0.73
Epoch [44/100] [TRAIN] Loss: 0.5638, Accuracy: 72.95%, AUC: 0.73 [VAL] Loss: 0.5527, Accuracy: 72.70%, Precision: 0.69, Recall: 0.76, F1: 0.72, AUC: 0.73
Epoch [45/100] [TRAIN] Loss: 0.5644, Accuracy: 72.80%, AUC: 0.73 [VAL] Loss: 0.5522, Accuracy: 72.70%, Precision: 0.69, Recall: 0.76, F1: 0.72, AUC: 0.73
Epoch [46/100] [TRAIN] Loss: 0.5666, Accuracy: 72.74%, AUC: 0.73 [VAL] Loss: 0.5518, Accuracy: 72.60%, Precision: 0.69, Recall: 0.75, F1: 0.72, AUC: 0.73
Epoch [47/100] [TRAIN] Loss: 0.5641, Accuracy: 73.01%, AUC: 0.73 [VAL] Loss: 0.5518, Accuracy: 72.70%, Precision: 0.69, Recall: 0.76, F1: 0.72, AUC: 0.73
Epoch [48/100] [TRAIN] Loss: 0.5618, Accuracy: 73.04%, AUC: 0.73 [VAL] Loss: 0.5512, Accuracy: 72.70%, Precision: 0.69, Recall: 0.76, F1: 0.72, AUC: 0.73
Epoch [49/100] [TRAIN] Loss: 0.5644, Accuracy: 72.62%, AUC: 0.73 [VAL] Loss: 0.5510, Accuracy: 72.90%, Precision: 0.69, Recall: 0.76, F1: 0.73, AUC: 0.73
Epoch [50/100] [TRAIN] Loss: 0.5636, Accuracy: 72.97%, AUC: 0.73 [VAL] Loss: 0.5513, Accuracy: 72.80%, Precision: 0.69, Recall: 0.76, F1: 0.72, AUC: 0.73
Epoch [51/100] [TRAIN] Loss: 0.5655, Accuracy: 72.62%, AUC: 0.73 [VAL] Loss: 0.5513, Accuracy: 72.70%, Precision: 0.69, Recall: 0.76, F1: 0.72, AUC: 0.73
Epoch [52/100] [TRAIN] Loss: 0.5642, Accuracy: 72.56%, AUC: 0.73 [VAL] Loss: 0.5510, Accuracy: 72.80%, Precision: 0.69, Recall: 0.76, F1: 0.72, AUC: 0.73
Epoch [53/100] [TRAIN] Loss: 0.5652, Accuracy: 72.55%, AUC: 0.73 [VAL] Loss: 0.5508, Accuracy: 72.80%, Precision: 0.69, Recall: 0.76, F1: 0.72, AUC: 0.73
Epoch [54/100] [TRAIN] Loss: 0.5607, Accuracy: 73.41%, AUC: 0.73 [VAL] Loss: 0.5501, Accuracy: 72.90%, Precision: 0.69, Recall: 0.76, F1: 0.72, AUC: 0.73
Epoch [55/100] [TRAIN] Loss: 0.5631, Accuracy: 72.76%, AUC: 0.73 [VAL] Loss: 0.5502, Accuracy: 73.10%, Precision: 0.70, Recall: 0.76, F1: 0.73, AUC: 0.73
Epoch [56/100] [TRAIN] Loss: 0.5588, Accuracy: 73.34%, AUC: 0.73 [VAL] Loss: 0.5497, Accuracy: 73.00%, Precision: 0.69, Recall: 0.76, F1: 0.73, AUC: 0.73
Epoch [57/100] [TRAIN] Loss: 0.5614, Accuracy: 72.17%, AUC: 0.72 [VAL] Loss: 0.5497, Accuracy: 73.00%, Precision: 0.69, Recall: 0.76, F1: 0.73, AUC: 0.73
Epoch [58/100] [TRAIN] Loss: 0.5596, Accuracy: 72.71%, AUC: 0.73 [VAL] Loss: 0.5494, Accuracy: 73.00%, Precision: 0.69, Recall: 0.76, F1: 0.73, AUC: 0.73
Epoch [59/100] [TRAIN] Loss: 0.5614, Accuracy: 72.85%, AUC: 0.73 [VAL] Loss: 0.5492, Accuracy: 73.00%, Precision: 0.69, Recall: 0.76, F1: 0.73, AUC: 0.73
Epoch [60/100] [TRAIN] Loss: 0.5611, Accuracy: 72.99%, AUC: 0.73 [VAL] Loss: 0.5495, Accuracy: 72.90%, Precision: 0.69, Recall: 0.76, F1: 0.73, AUC: 0.73
Epoch [61/100] [TRAIN] Loss: 0.5608, Accuracy: 72.67%, AUC: 0.73 [VAL] Loss: 0.5492, Accuracy: 73.00%, Precision: 0.69, Recall: 0.76, F1: 0.73, AUC: 0.73
Epoch [62/100] [TRAIN] Loss: 0.5616, Accuracy: 72.15%, AUC: 0.72 [VAL] Loss: 0.5491, Accuracy: 73.20%, Precision: 0.70, Recall: 0.76, F1: 0.73, AUC: 0.73
Epoch [63/100] [TRAIN] Loss: 0.5553, Accuracy: 72.79%, AUC: 0.73 [VAL] Loss: 0.5487, Accuracy: 73.00%, Precision: 0.69, Recall: 0.76, F1: 0.73, AUC: 0.73
Epoch [64/100] [TRAIN] Loss: 0.5590, Accuracy: 73.17%, AUC: 0.73 [VAL] Loss: 0.5487, Accuracy: 72.90%, Precision: 0.69, Recall: 0.76, F1: 0.73, AUC: 0.73
Epoch [65/100] [TRAIN] Loss: 0.5605, Accuracy: 73.00%, AUC: 0.73 [VAL] Loss: 0.5489, Accuracy: 72.90%, Precision: 0.69, Recall: 0.76, F1: 0.73, AUC: 0.73
Epoch [66/100] [TRAIN] Loss: 0.5603, Accuracy: 72.85%, AUC: 0.73 [VAL] Loss: 0.5491, Accuracy: 73.00%, Precision: 0.69, Recall: 0.77, F1: 0.73, AUC: 0.73
Epoch [67/100] [TRAIN] Loss: 0.5583, Accuracy: 72.76%, AUC: 0.73 [VAL] Loss: 0.5486, Accuracy: 72.80%, Precision: 0.69, Recall: 0.76, F1: 0.73, AUC: 0.73
Epoch [68/100] [TRAIN] Loss: 0.5546, Accuracy: 73.00%, AUC: 0.73 [VAL] Loss: 0.5482, Accuracy: 73.00%, Precision: 0.69, Recall: 0.77, F1: 0.73, AUC: 0.73
Epoch [69/100] [TRAIN] Loss: 0.5557, Accuracy: 73.31%, AUC: 0.73 [VAL] Loss: 0.5480, Accuracy: 73.00%, Precision: 0.69, Recall: 0.77, F1: 0.73, AUC: 0.73
Epoch [70/100] [TRAIN] Loss: 0.5589, Accuracy: 72.94%, AUC: 0.73 [VAL] Loss: 0.5484, Accuracy: 73.10%, Precision: 0.69, Recall: 0.77, F1: 0.73, AUC: 0.73
Epoch [71/100] [TRAIN] Loss: 0.5620, Accuracy: 72.84%, AUC: 0.73 [VAL] Loss: 0.5488, Accuracy: 73.00%, Precision: 0.69, Recall: 0.76, F1: 0.73, AUC: 0.73
Epoch [72/100] [TRAIN] Loss: 0.5550, Accuracy: 72.84%, AUC: 0.73 [VAL] Loss: 0.5483, Accuracy: 73.10%, Precision: 0.69, Recall: 0.77, F1: 0.73, AUC: 0.73
Epoch [73/100] [TRAIN] Loss: 0.5608, Accuracy: 72.81%, AUC: 0.73 [VAL] Loss: 0.5486, Accuracy: 73.00%, Precision: 0.69, Recall: 0.76, F1: 0.73, AUC: 0.73
Epoch [74/100] [TRAIN] Loss: 0.5548, Accuracy: 72.94%, AUC: 0.73 [VAL] Loss: 0.5485, Accuracy: 73.00%, Precision: 0.69, Recall: 0.76, F1: 0.73, AUC: 0.73
Epoch [75/100] [TRAIN] Loss: 0.5588, Accuracy: 73.19%, AUC: 0.73 [VAL] Loss: 0.5486, Accuracy: 73.10%, Precision: 0.69, Recall: 0.77, F1: 0.73, AUC: 0.73
Epoch [76/100] [TRAIN] Loss: 0.5523, Accuracy: 72.85%, AUC: 0.73 [VAL] Loss: 0.5485, Accuracy: 73.10%, Precision: 0.69, Recall: 0.77, F1: 0.73, AUC: 0.73
Epoch [77/100] [TRAIN] Loss: 0.5576, Accuracy: 72.94%, AUC: 0.73 [VAL] Loss: 0.5485, Accuracy: 73.10%, Precision: 0.69, Recall: 0.77, F1: 0.73, AUC: 0.73
Epoch [78/100] [TRAIN] Loss: 0.5595, Accuracy: 72.40%, AUC: 0.72 [VAL] Loss: 0.5486, Accuracy: 73.00%, Precision: 0.69, Recall: 0.76, F1: 0.73, AUC: 0.73
Epoch [79/100] [TRAIN] Loss: 0.5579, Accuracy: 72.97%, AUC: 0.73 [VAL] Loss: 0.5486, Accuracy: 73.00%, Precision: 0.69, Recall: 0.76, F1: 0.73, AUC: 0.73
  Early stopping at epoch 79 (no val_loss improvement for 10 epochs)
Seed: 789
Accuracy:  71.80 %
AUC:       0.7178
Precision: 0.7050
Recall:    0.7555
F1-Score:  0.7294

Detailed Classification Report:
              precision    recall  f1-score   support

           0       0.73      0.68      0.71       497
           1       0.71      0.76      0.73       503

    accuracy                           0.72      1000
   macro avg       0.72      0.72      0.72      1000
weighted avg       0.72      0.72      0.72      1000


Confusion Matrix:
[[338 159]
 [123 380]]


009-H3K9ac-H3K9me3
Train label distribution:
  Label 0:   4077 (51.0%)
  Label 1:   3923 (49.0%)
Val label distribution:
  Label 0:    529 (52.9%)
  Label 1:    471 (47.1%)
Test label distribution:
  Label 0:    497 (49.7%)
  Label 1:    503 (50.3%)
Epoch [1/100] [TRAIN] Loss: 0.6764, Accuracy: 65.24%, AUC: 0.65 [VAL] Loss: 0.6399, Accuracy: 70.80%, Precision: 0.66, Recall: 0.79, F1: 0.72, AUC: 0.71
Epoch [2/100] [TRAIN] Loss: 0.6225, Accuracy: 70.38%, AUC: 0.70 [VAL] Loss: 0.6022, Accuracy: 71.20%, Precision: 0.66, Recall: 0.79, F1: 0.72, AUC: 0.72
Epoch [3/100] [TRAIN] Loss: 0.6010, Accuracy: 70.95%, AUC: 0.71 [VAL] Loss: 0.5892, Accuracy: 71.00%, Precision: 0.66, Recall: 0.79, F1: 0.72, AUC: 0.71
Epoch [4/100] [TRAIN] Loss: 0.5937, Accuracy: 71.51%, AUC: 0.72 [VAL] Loss: 0.5858, Accuracy: 70.80%, Precision: 0.66, Recall: 0.79, F1: 0.72, AUC: 0.71
Epoch [5/100] [TRAIN] Loss: 0.5834, Accuracy: 72.24%, AUC: 0.72 [VAL] Loss: 0.5847, Accuracy: 70.90%, Precision: 0.66, Recall: 0.80, F1: 0.72, AUC: 0.71
Epoch [6/100] [TRAIN] Loss: 0.5866, Accuracy: 71.78%, AUC: 0.72 [VAL] Loss: 0.5844, Accuracy: 70.80%, Precision: 0.66, Recall: 0.79, F1: 0.72, AUC: 0.71
Epoch [7/100] [TRAIN] Loss: 0.5832, Accuracy: 72.76%, AUC: 0.73 [VAL] Loss: 0.5839, Accuracy: 70.80%, Precision: 0.66, Recall: 0.79, F1: 0.72, AUC: 0.71
Epoch [8/100] [TRAIN] Loss: 0.5829, Accuracy: 72.38%, AUC: 0.72 [VAL] Loss: 0.5834, Accuracy: 70.70%, Precision: 0.66, Recall: 0.79, F1: 0.72, AUC: 0.71
Epoch [9/100] [TRAIN] Loss: 0.5779, Accuracy: 72.15%, AUC: 0.72 [VAL] Loss: 0.5830, Accuracy: 70.80%, Precision: 0.66, Recall: 0.79, F1: 0.72, AUC: 0.71
Epoch [10/100] [TRAIN] Loss: 0.5769, Accuracy: 72.41%, AUC: 0.72 [VAL] Loss: 0.5829, Accuracy: 71.00%, Precision: 0.66, Recall: 0.80, F1: 0.72, AUC: 0.71
Epoch [11/100] [TRAIN] Loss: 0.5801, Accuracy: 72.34%, AUC: 0.72 [VAL] Loss: 0.5829, Accuracy: 71.00%, Precision: 0.66, Recall: 0.80, F1: 0.72, AUC: 0.71
Epoch [12/100] [TRAIN] Loss: 0.5769, Accuracy: 72.45%, AUC: 0.72 [VAL] Loss: 0.5826, Accuracy: 70.80%, Precision: 0.66, Recall: 0.79, F1: 0.72, AUC: 0.71
Epoch [13/100] [TRAIN] Loss: 0.5773, Accuracy: 72.31%, AUC: 0.72 [VAL] Loss: 0.5824, Accuracy: 70.60%, Precision: 0.66, Recall: 0.79, F1: 0.72, AUC: 0.71
Epoch [14/100] [TRAIN] Loss: 0.5763, Accuracy: 72.12%, AUC: 0.72 [VAL] Loss: 0.5821, Accuracy: 70.60%, Precision: 0.66, Recall: 0.79, F1: 0.72, AUC: 0.71
Epoch [15/100] [TRAIN] Loss: 0.5752, Accuracy: 72.70%, AUC: 0.73 [VAL] Loss: 0.5820, Accuracy: 70.50%, Precision: 0.66, Recall: 0.79, F1: 0.72, AUC: 0.71
Epoch [16/100] [TRAIN] Loss: 0.5730, Accuracy: 72.30%, AUC: 0.72 [VAL] Loss: 0.5815, Accuracy: 70.40%, Precision: 0.65, Recall: 0.79, F1: 0.71, AUC: 0.71
Epoch [17/100] [TRAIN] Loss: 0.5743, Accuracy: 72.70%, AUC: 0.73 [VAL] Loss: 0.5812, Accuracy: 70.50%, Precision: 0.66, Recall: 0.79, F1: 0.72, AUC: 0.71
Epoch [18/100] [TRAIN] Loss: 0.5715, Accuracy: 72.62%, AUC: 0.73 [VAL] Loss: 0.5808, Accuracy: 70.60%, Precision: 0.66, Recall: 0.79, F1: 0.72, AUC: 0.71
Epoch [19/100] [TRAIN] Loss: 0.5720, Accuracy: 72.20%, AUC: 0.72 [VAL] Loss: 0.5806, Accuracy: 70.50%, Precision: 0.66, Recall: 0.79, F1: 0.72, AUC: 0.71
Epoch [20/100] [TRAIN] Loss: 0.5686, Accuracy: 72.24%, AUC: 0.72 [VAL] Loss: 0.5804, Accuracy: 70.70%, Precision: 0.66, Recall: 0.79, F1: 0.72, AUC: 0.71
Epoch [21/100] [TRAIN] Loss: 0.5697, Accuracy: 72.22%, AUC: 0.72 [VAL] Loss: 0.5801, Accuracy: 70.60%, Precision: 0.66, Recall: 0.79, F1: 0.72, AUC: 0.71
Epoch [22/100] [TRAIN] Loss: 0.5693, Accuracy: 72.53%, AUC: 0.73 [VAL] Loss: 0.5798, Accuracy: 70.80%, Precision: 0.66, Recall: 0.79, F1: 0.72, AUC: 0.71
Epoch [23/100] [TRAIN] Loss: 0.5685, Accuracy: 72.89%, AUC: 0.73 [VAL] Loss: 0.5798, Accuracy: 70.70%, Precision: 0.66, Recall: 0.79, F1: 0.72, AUC: 0.71
Epoch [24/100] [TRAIN] Loss: 0.5686, Accuracy: 72.06%, AUC: 0.72 [VAL] Loss: 0.5796, Accuracy: 70.70%, Precision: 0.66, Recall: 0.79, F1: 0.72, AUC: 0.71
Epoch [25/100] [TRAIN] Loss: 0.5678, Accuracy: 72.53%, AUC: 0.73 [VAL] Loss: 0.5790, Accuracy: 70.80%, Precision: 0.66, Recall: 0.79, F1: 0.72, AUC: 0.71
Epoch [26/100] [TRAIN] Loss: 0.5666, Accuracy: 72.64%, AUC: 0.73 [VAL] Loss: 0.5786, Accuracy: 71.20%, Precision: 0.66, Recall: 0.80, F1: 0.72, AUC: 0.72
Epoch [27/100] [TRAIN] Loss: 0.5698, Accuracy: 72.08%, AUC: 0.72 [VAL] Loss: 0.5783, Accuracy: 71.20%, Precision: 0.66, Recall: 0.80, F1: 0.72, AUC: 0.72
Epoch [28/100] [TRAIN] Loss: 0.5643, Accuracy: 72.31%, AUC: 0.72 [VAL] Loss: 0.5779, Accuracy: 71.20%, Precision: 0.66, Recall: 0.80, F1: 0.72, AUC: 0.72
Epoch [29/100] [TRAIN] Loss: 0.5617, Accuracy: 72.89%, AUC: 0.73 [VAL] Loss: 0.5776, Accuracy: 71.20%, Precision: 0.66, Recall: 0.80, F1: 0.72, AUC: 0.72
Epoch [30/100] [TRAIN] Loss: 0.5621, Accuracy: 72.76%, AUC: 0.73 [VAL] Loss: 0.5772, Accuracy: 71.30%, Precision: 0.66, Recall: 0.80, F1: 0.72, AUC: 0.72
Epoch [31/100] [TRAIN] Loss: 0.5674, Accuracy: 72.83%, AUC: 0.73 [VAL] Loss: 0.5770, Accuracy: 71.30%, Precision: 0.66, Recall: 0.80, F1: 0.72, AUC: 0.72
Epoch [32/100] [TRAIN] Loss: 0.5619, Accuracy: 72.55%, AUC: 0.73 [VAL] Loss: 0.5769, Accuracy: 71.40%, Precision: 0.66, Recall: 0.80, F1: 0.72, AUC: 0.72
Epoch [33/100] [TRAIN] Loss: 0.5619, Accuracy: 72.56%, AUC: 0.73 [VAL] Loss: 0.5765, Accuracy: 71.40%, Precision: 0.66, Recall: 0.80, F1: 0.72, AUC: 0.72
Epoch [34/100] [TRAIN] Loss: 0.5603, Accuracy: 73.12%, AUC: 0.73 [VAL] Loss: 0.5761, Accuracy: 71.50%, Precision: 0.66, Recall: 0.80, F1: 0.73, AUC: 0.72
Epoch [35/100] [TRAIN] Loss: 0.5613, Accuracy: 73.01%, AUC: 0.73 [VAL] Loss: 0.5758, Accuracy: 71.60%, Precision: 0.67, Recall: 0.80, F1: 0.73, AUC: 0.72
Epoch [36/100] [TRAIN] Loss: 0.5616, Accuracy: 72.59%, AUC: 0.73 [VAL] Loss: 0.5756, Accuracy: 71.60%, Precision: 0.67, Recall: 0.80, F1: 0.73, AUC: 0.72
Epoch [37/100] [TRAIN] Loss: 0.5625, Accuracy: 72.30%, AUC: 0.72 [VAL] Loss: 0.5753, Accuracy: 71.40%, Precision: 0.66, Recall: 0.79, F1: 0.72, AUC: 0.72
Epoch [38/100] [TRAIN] Loss: 0.5589, Accuracy: 72.42%, AUC: 0.72 [VAL] Loss: 0.5754, Accuracy: 71.50%, Precision: 0.66, Recall: 0.80, F1: 0.72, AUC: 0.72
Epoch [39/100] [TRAIN] Loss: 0.5637, Accuracy: 72.45%, AUC: 0.72 [VAL] Loss: 0.5750, Accuracy: 71.40%, Precision: 0.66, Recall: 0.79, F1: 0.72, AUC: 0.72
Epoch [40/100] [TRAIN] Loss: 0.5560, Accuracy: 72.96%, AUC: 0.73 [VAL] Loss: 0.5750, Accuracy: 71.50%, Precision: 0.67, Recall: 0.79, F1: 0.72, AUC: 0.72
Epoch [41/100] [TRAIN] Loss: 0.5600, Accuracy: 72.64%, AUC: 0.73 [VAL] Loss: 0.5748, Accuracy: 71.40%, Precision: 0.66, Recall: 0.79, F1: 0.72, AUC: 0.72
Epoch [42/100] [TRAIN] Loss: 0.5600, Accuracy: 72.65%, AUC: 0.73 [VAL] Loss: 0.5747, Accuracy: 71.40%, Precision: 0.66, Recall: 0.79, F1: 0.72, AUC: 0.72
Epoch [43/100] [TRAIN] Loss: 0.5604, Accuracy: 72.64%, AUC: 0.73 [VAL] Loss: 0.5745, Accuracy: 71.40%, Precision: 0.66, Recall: 0.79, F1: 0.72, AUC: 0.72
Epoch [44/100] [TRAIN] Loss: 0.5583, Accuracy: 73.06%, AUC: 0.73 [VAL] Loss: 0.5743, Accuracy: 71.20%, Precision: 0.66, Recall: 0.79, F1: 0.72, AUC: 0.72
Epoch [45/100] [TRAIN] Loss: 0.5546, Accuracy: 73.17%, AUC: 0.73 [VAL] Loss: 0.5740, Accuracy: 71.10%, Precision: 0.66, Recall: 0.79, F1: 0.72, AUC: 0.72
Epoch [46/100] [TRAIN] Loss: 0.5558, Accuracy: 73.00%, AUC: 0.73 [VAL] Loss: 0.5741, Accuracy: 71.10%, Precision: 0.66, Recall: 0.79, F1: 0.72, AUC: 0.72
Epoch [47/100] [TRAIN] Loss: 0.5550, Accuracy: 73.10%, AUC: 0.73 [VAL] Loss: 0.5741, Accuracy: 70.90%, Precision: 0.66, Recall: 0.79, F1: 0.72, AUC: 0.71
Epoch [48/100] [TRAIN] Loss: 0.5564, Accuracy: 73.04%, AUC: 0.73 [VAL] Loss: 0.5738, Accuracy: 71.00%, Precision: 0.66, Recall: 0.79, F1: 0.72, AUC: 0.71
Epoch [49/100] [TRAIN] Loss: 0.5534, Accuracy: 72.95%, AUC: 0.73 [VAL] Loss: 0.5740, Accuracy: 71.00%, Precision: 0.66, Recall: 0.79, F1: 0.72, AUC: 0.71
Epoch [50/100] [TRAIN] Loss: 0.5575, Accuracy: 72.99%, AUC: 0.73 [VAL] Loss: 0.5736, Accuracy: 71.00%, Precision: 0.66, Recall: 0.79, F1: 0.72, AUC: 0.71
Epoch [51/100] [TRAIN] Loss: 0.5564, Accuracy: 72.54%, AUC: 0.73 [VAL] Loss: 0.5735, Accuracy: 71.10%, Precision: 0.66, Recall: 0.79, F1: 0.72, AUC: 0.72
Epoch [52/100] [TRAIN] Loss: 0.5538, Accuracy: 72.96%, AUC: 0.73 [VAL] Loss: 0.5734, Accuracy: 71.20%, Precision: 0.66, Recall: 0.79, F1: 0.72, AUC: 0.72
Epoch [53/100] [TRAIN] Loss: 0.5564, Accuracy: 73.08%, AUC: 0.73 [VAL] Loss: 0.5733, Accuracy: 71.10%, Precision: 0.66, Recall: 0.79, F1: 0.72, AUC: 0.72
Epoch [54/100] [TRAIN] Loss: 0.5541, Accuracy: 72.60%, AUC: 0.73 [VAL] Loss: 0.5734, Accuracy: 71.00%, Precision: 0.66, Recall: 0.78, F1: 0.72, AUC: 0.71
Epoch [55/100] [TRAIN] Loss: 0.5544, Accuracy: 73.33%, AUC: 0.73 [VAL] Loss: 0.5731, Accuracy: 71.10%, Precision: 0.66, Recall: 0.78, F1: 0.72, AUC: 0.71
Epoch [56/100] [TRAIN] Loss: 0.5554, Accuracy: 73.20%, AUC: 0.73 [VAL] Loss: 0.5730, Accuracy: 71.10%, Precision: 0.66, Recall: 0.78, F1: 0.72, AUC: 0.71
Epoch [57/100] [TRAIN] Loss: 0.5557, Accuracy: 73.05%, AUC: 0.73 [VAL] Loss: 0.5729, Accuracy: 71.10%, Precision: 0.66, Recall: 0.78, F1: 0.72, AUC: 0.71
Epoch [58/100] [TRAIN] Loss: 0.5576, Accuracy: 72.92%, AUC: 0.73 [VAL] Loss: 0.5729, Accuracy: 71.10%, Precision: 0.66, Recall: 0.78, F1: 0.72, AUC: 0.71
Epoch [59/100] [TRAIN] Loss: 0.5551, Accuracy: 73.06%, AUC: 0.73 [VAL] Loss: 0.5728, Accuracy: 71.00%, Precision: 0.66, Recall: 0.78, F1: 0.72, AUC: 0.71
Epoch [60/100] [TRAIN] Loss: 0.5544, Accuracy: 72.88%, AUC: 0.73 [VAL] Loss: 0.5730, Accuracy: 70.90%, Precision: 0.66, Recall: 0.78, F1: 0.72, AUC: 0.71
Epoch [61/100] [TRAIN] Loss: 0.5545, Accuracy: 72.42%, AUC: 0.72 [VAL] Loss: 0.5730, Accuracy: 71.00%, Precision: 0.66, Recall: 0.78, F1: 0.72, AUC: 0.71
Epoch [62/100] [TRAIN] Loss: 0.5545, Accuracy: 73.03%, AUC: 0.73 [VAL] Loss: 0.5729, Accuracy: 71.10%, Precision: 0.66, Recall: 0.78, F1: 0.72, AUC: 0.71
Epoch [63/100] [TRAIN] Loss: 0.5510, Accuracy: 73.38%, AUC: 0.73 [VAL] Loss: 0.5729, Accuracy: 71.00%, Precision: 0.66, Recall: 0.78, F1: 0.72, AUC: 0.71
Epoch [64/100] [TRAIN] Loss: 0.5500, Accuracy: 72.46%, AUC: 0.72 [VAL] Loss: 0.5731, Accuracy: 71.00%, Precision: 0.66, Recall: 0.78, F1: 0.72, AUC: 0.71
Epoch [65/100] [TRAIN] Loss: 0.5509, Accuracy: 72.55%, AUC: 0.73 [VAL] Loss: 0.5728, Accuracy: 71.00%, Precision: 0.66, Recall: 0.78, F1: 0.72, AUC: 0.71
Epoch [66/100] [TRAIN] Loss: 0.5521, Accuracy: 72.83%, AUC: 0.73 [VAL] Loss: 0.5728, Accuracy: 71.00%, Precision: 0.66, Recall: 0.78, F1: 0.72, AUC: 0.71
Epoch [67/100] [TRAIN] Loss: 0.5538, Accuracy: 73.00%, AUC: 0.73 [VAL] Loss: 0.5728, Accuracy: 71.00%, Precision: 0.66, Recall: 0.78, F1: 0.72, AUC: 0.71
Epoch [68/100] [TRAIN] Loss: 0.5494, Accuracy: 72.84%, AUC: 0.73 [VAL] Loss: 0.5728, Accuracy: 71.00%, Precision: 0.66, Recall: 0.78, F1: 0.72, AUC: 0.71
Epoch [69/100] [TRAIN] Loss: 0.5577, Accuracy: 72.41%, AUC: 0.72 [VAL] Loss: 0.5727, Accuracy: 71.00%, Precision: 0.66, Recall: 0.78, F1: 0.72, AUC: 0.71
Epoch [70/100] [TRAIN] Loss: 0.5468, Accuracy: 73.53%, AUC: 0.74 [VAL] Loss: 0.5727, Accuracy: 71.00%, Precision: 0.66, Recall: 0.78, F1: 0.72, AUC: 0.71
Epoch [71/100] [TRAIN] Loss: 0.5542, Accuracy: 72.40%, AUC: 0.72 [VAL] Loss: 0.5727, Accuracy: 71.00%, Precision: 0.66, Recall: 0.78, F1: 0.72, AUC: 0.71
Epoch [72/100] [TRAIN] Loss: 0.5527, Accuracy: 73.09%, AUC: 0.73 [VAL] Loss: 0.5727, Accuracy: 71.00%, Precision: 0.66, Recall: 0.78, F1: 0.72, AUC: 0.71
Epoch [73/100] [TRAIN] Loss: 0.5544, Accuracy: 72.58%, AUC: 0.73 [VAL] Loss: 0.5727, Accuracy: 71.00%, Precision: 0.66, Recall: 0.78, F1: 0.72, AUC: 0.71
Epoch [74/100] [TRAIN] Loss: 0.5561, Accuracy: 73.34%, AUC: 0.73 [VAL] Loss: 0.5727, Accuracy: 71.00%, Precision: 0.66, Recall: 0.78, F1: 0.72, AUC: 0.71
Epoch [75/100] [TRAIN] Loss: 0.5523, Accuracy: 73.24%, AUC: 0.73 [VAL] Loss: 0.5727, Accuracy: 71.00%, Precision: 0.66, Recall: 0.78, F1: 0.72, AUC: 0.71
Epoch [76/100] [TRAIN] Loss: 0.5539, Accuracy: 73.17%, AUC: 0.73 [VAL] Loss: 0.5727, Accuracy: 71.00%, Precision: 0.66, Recall: 0.78, F1: 0.72, AUC: 0.71
Epoch [77/100] [TRAIN] Loss: 0.5526, Accuracy: 72.97%, AUC: 0.73 [VAL] Loss: 0.5727, Accuracy: 71.00%, Precision: 0.66, Recall: 0.78, F1: 0.72, AUC: 0.71
Epoch [78/100] [TRAIN] Loss: 0.5498, Accuracy: 72.75%, AUC: 0.73 [VAL] Loss: 0.5727, Accuracy: 71.00%, Precision: 0.66, Recall: 0.78, F1: 0.72, AUC: 0.71
Epoch [79/100] [TRAIN] Loss: 0.5513, Accuracy: 73.50%, AUC: 0.74 [VAL] Loss: 0.5727, Accuracy: 71.00%, Precision: 0.66, Recall: 0.78, F1: 0.72, AUC: 0.71
Epoch [80/100] [TRAIN] Loss: 0.5520, Accuracy: 72.94%, AUC: 0.73 [VAL] Loss: 0.5727, Accuracy: 71.00%, Precision: 0.66, Recall: 0.78, F1: 0.72, AUC: 0.71
Epoch [81/100] [TRAIN] Loss: 0.5547, Accuracy: 72.42%, AUC: 0.72 [VAL] Loss: 0.5727, Accuracy: 71.00%, Precision: 0.66, Recall: 0.78, F1: 0.72, AUC: 0.71
Epoch [82/100] [TRAIN] Loss: 0.5551, Accuracy: 73.41%, AUC: 0.73 [VAL] Loss: 0.5727, Accuracy: 71.00%, Precision: 0.66, Recall: 0.78, F1: 0.72, AUC: 0.71
Epoch [83/100] [TRAIN] Loss: 0.5583, Accuracy: 72.44%, AUC: 0.72 [VAL] Loss: 0.5727, Accuracy: 71.00%, Precision: 0.66, Recall: 0.78, F1: 0.72, AUC: 0.71
Epoch [84/100] [TRAIN] Loss: 0.5564, Accuracy: 73.00%, AUC: 0.73 [VAL] Loss: 0.5727, Accuracy: 71.00%, Precision: 0.66, Recall: 0.78, F1: 0.72, AUC: 0.71
Epoch [85/100] [TRAIN] Loss: 0.5555, Accuracy: 73.03%, AUC: 0.73 [VAL] Loss: 0.5727, Accuracy: 71.00%, Precision: 0.66, Recall: 0.78, F1: 0.72, AUC: 0.71
Epoch [86/100] [TRAIN] Loss: 0.5525, Accuracy: 72.53%, AUC: 0.73 [VAL] Loss: 0.5727, Accuracy: 71.00%, Precision: 0.66, Recall: 0.78, F1: 0.72, AUC: 0.71
Epoch [87/100] [TRAIN] Loss: 0.5517, Accuracy: 73.05%, AUC: 0.73 [VAL] Loss: 0.5727, Accuracy: 71.00%, Precision: 0.66, Recall: 0.78, F1: 0.72, AUC: 0.71
Epoch [88/100] [TRAIN] Loss: 0.5533, Accuracy: 73.09%, AUC: 0.73 [VAL] Loss: 0.5727, Accuracy: 71.00%, Precision: 0.66, Recall: 0.78, F1: 0.72, AUC: 0.71
Epoch [89/100] [TRAIN] Loss: 0.5545, Accuracy: 72.84%, AUC: 0.73 [VAL] Loss: 0.5727, Accuracy: 71.00%, Precision: 0.66, Recall: 0.78, F1: 0.72, AUC: 0.71
Epoch [90/100] [TRAIN] Loss: 0.5554, Accuracy: 73.11%, AUC: 0.73 [VAL] Loss: 0.5727, Accuracy: 71.00%, Precision: 0.66, Recall: 0.78, F1: 0.72, AUC: 0.71
Epoch [91/100] [TRAIN] Loss: 0.5508, Accuracy: 73.47%, AUC: 0.74 [VAL] Loss: 0.5727, Accuracy: 71.00%, Precision: 0.66, Recall: 0.78, F1: 0.72, AUC: 0.71
Epoch [92/100] [TRAIN] Loss: 0.5562, Accuracy: 72.60%, AUC: 0.73 [VAL] Loss: 0.5727, Accuracy: 71.00%, Precision: 0.66, Recall: 0.78, F1: 0.72, AUC: 0.71
Epoch [93/100] [TRAIN] Loss: 0.5527, Accuracy: 72.65%, AUC: 0.73 [VAL] Loss: 0.5727, Accuracy: 71.00%, Precision: 0.66, Recall: 0.78, F1: 0.72, AUC: 0.71
Epoch [94/100] [TRAIN] Loss: 0.5555, Accuracy: 72.56%, AUC: 0.73 [VAL] Loss: 0.5727, Accuracy: 71.00%, Precision: 0.66, Recall: 0.78, F1: 0.72, AUC: 0.71
Epoch [95/100] [TRAIN] Loss: 0.5498, Accuracy: 73.09%, AUC: 0.73 [VAL] Loss: 0.5727, Accuracy: 71.00%, Precision: 0.66, Recall: 0.78, F1: 0.72, AUC: 0.71
Epoch [96/100] [TRAIN] Loss: 0.5579, Accuracy: 72.94%, AUC: 0.73 [VAL] Loss: 0.5727, Accuracy: 71.00%, Precision: 0.66, Recall: 0.78, F1: 0.72, AUC: 0.71
Epoch [97/100] [TRAIN] Loss: 0.5519, Accuracy: 73.29%, AUC: 0.73 [VAL] Loss: 0.5727, Accuracy: 71.00%, Precision: 0.66, Recall: 0.78, F1: 0.72, AUC: 0.71
Epoch [98/100] [TRAIN] Loss: 0.5540, Accuracy: 72.55%, AUC: 0.73 [VAL] Loss: 0.5727, Accuracy: 71.00%, Precision: 0.66, Recall: 0.78, F1: 0.72, AUC: 0.71
Epoch [99/100] [TRAIN] Loss: 0.5550, Accuracy: 73.46%, AUC: 0.73 [VAL] Loss: 0.5727, Accuracy: 71.00%, Precision: 0.66, Recall: 0.78, F1: 0.72, AUC: 0.71
Epoch [100/100] [TRAIN] Loss: 0.5530, Accuracy: 73.05%, AUC: 0.73 [VAL] Loss: 0.5727, Accuracy: 71.00%, Precision: 0.66, Recall: 0.78, F1: 0.72, AUC: 0.71
Seed: 789
Accuracy:  73.80 %
AUC:       0.7376
Precision: 0.7103
Recall:    0.8091
F1-Score:  0.7565

Detailed Classification Report:
              precision    recall  f1-score   support

           0       0.78      0.67      0.72       497
           1       0.71      0.81      0.76       503

    accuracy                           0.74      1000
   macro avg       0.74      0.74      0.74      1000
weighted avg       0.74      0.74      0.74      1000


Confusion Matrix:
[[331 166]
 [ 96 407]]


010-H3K9ac-H3K27ac
Train label distribution:
  Label 0:   4077 (51.0%)
  Label 1:   3923 (49.0%)
Val label distribution:
  Label 0:    529 (52.9%)
  Label 1:    471 (47.1%)
Test label distribution:
  Label 0:    497 (49.7%)
  Label 1:    503 (50.3%)
Epoch [1/100] [TRAIN] Loss: 0.6433, Accuracy: 68.26%, AUC: 0.68 [VAL] Loss: 0.6127, Accuracy: 70.50%, Precision: 0.66, Recall: 0.77, F1: 0.71, AUC: 0.71
Epoch [2/100] [TRAIN] Loss: 0.6033, Accuracy: 73.25%, AUC: 0.73 [VAL] Loss: 0.6066, Accuracy: 71.10%, Precision: 0.67, Recall: 0.77, F1: 0.72, AUC: 0.71
Epoch [3/100] [TRAIN] Loss: 0.5951, Accuracy: 72.78%, AUC: 0.73 [VAL] Loss: 0.6030, Accuracy: 71.60%, Precision: 0.67, Recall: 0.77, F1: 0.72, AUC: 0.72
Epoch [4/100] [TRAIN] Loss: 0.5854, Accuracy: 73.08%, AUC: 0.73 [VAL] Loss: 0.6000, Accuracy: 71.20%, Precision: 0.67, Recall: 0.76, F1: 0.71, AUC: 0.71
Epoch [5/100] [TRAIN] Loss: 0.5850, Accuracy: 73.49%, AUC: 0.74 [VAL] Loss: 0.5973, Accuracy: 71.60%, Precision: 0.67, Recall: 0.77, F1: 0.72, AUC: 0.72
Epoch [6/100] [TRAIN] Loss: 0.5790, Accuracy: 73.86%, AUC: 0.74 [VAL] Loss: 0.5954, Accuracy: 71.40%, Precision: 0.67, Recall: 0.76, F1: 0.72, AUC: 0.72
Epoch [7/100] [TRAIN] Loss: 0.5770, Accuracy: 74.24%, AUC: 0.74 [VAL] Loss: 0.5936, Accuracy: 71.90%, Precision: 0.68, Recall: 0.77, F1: 0.72, AUC: 0.72
Epoch [8/100] [TRAIN] Loss: 0.5768, Accuracy: 73.86%, AUC: 0.74 [VAL] Loss: 0.5910, Accuracy: 71.70%, Precision: 0.68, Recall: 0.77, F1: 0.72, AUC: 0.72
Epoch [9/100] [TRAIN] Loss: 0.5722, Accuracy: 74.20%, AUC: 0.74 [VAL] Loss: 0.5890, Accuracy: 71.80%, Precision: 0.68, Recall: 0.77, F1: 0.72, AUC: 0.72
Epoch [10/100] [TRAIN] Loss: 0.5659, Accuracy: 73.91%, AUC: 0.74 [VAL] Loss: 0.5880, Accuracy: 71.80%, Precision: 0.67, Recall: 0.77, F1: 0.72, AUC: 0.72
Epoch [11/100] [TRAIN] Loss: 0.5620, Accuracy: 74.56%, AUC: 0.75 [VAL] Loss: 0.5880, Accuracy: 71.60%, Precision: 0.67, Recall: 0.77, F1: 0.72, AUC: 0.72
Epoch [12/100] [TRAIN] Loss: 0.5681, Accuracy: 74.12%, AUC: 0.74 [VAL] Loss: 0.5869, Accuracy: 71.80%, Precision: 0.68, Recall: 0.77, F1: 0.72, AUC: 0.72
Epoch [13/100] [TRAIN] Loss: 0.5644, Accuracy: 74.19%, AUC: 0.74 [VAL] Loss: 0.5862, Accuracy: 71.40%, Precision: 0.67, Recall: 0.77, F1: 0.72, AUC: 0.72
Epoch [14/100] [TRAIN] Loss: 0.5607, Accuracy: 73.84%, AUC: 0.74 [VAL] Loss: 0.5857, Accuracy: 71.40%, Precision: 0.67, Recall: 0.76, F1: 0.72, AUC: 0.72
Epoch [15/100] [TRAIN] Loss: 0.5597, Accuracy: 73.97%, AUC: 0.74 [VAL] Loss: 0.5841, Accuracy: 71.70%, Precision: 0.67, Recall: 0.77, F1: 0.72, AUC: 0.72
Epoch [16/100] [TRAIN] Loss: 0.5623, Accuracy: 74.36%, AUC: 0.74 [VAL] Loss: 0.5835, Accuracy: 71.70%, Precision: 0.67, Recall: 0.77, F1: 0.72, AUC: 0.72
Epoch [17/100] [TRAIN] Loss: 0.5641, Accuracy: 74.65%, AUC: 0.75 [VAL] Loss: 0.5828, Accuracy: 71.60%, Precision: 0.67, Recall: 0.77, F1: 0.72, AUC: 0.72
Epoch [18/100] [TRAIN] Loss: 0.5630, Accuracy: 74.19%, AUC: 0.74 [VAL] Loss: 0.5826, Accuracy: 71.50%, Precision: 0.67, Recall: 0.77, F1: 0.72, AUC: 0.72
Epoch [19/100] [TRAIN] Loss: 0.5566, Accuracy: 74.90%, AUC: 0.75 [VAL] Loss: 0.5820, Accuracy: 71.60%, Precision: 0.67, Recall: 0.77, F1: 0.72, AUC: 0.72
Epoch [20/100] [TRAIN] Loss: 0.5592, Accuracy: 74.30%, AUC: 0.74 [VAL] Loss: 0.5819, Accuracy: 71.60%, Precision: 0.67, Recall: 0.77, F1: 0.72, AUC: 0.72
Epoch [21/100] [TRAIN] Loss: 0.5571, Accuracy: 74.31%, AUC: 0.74 [VAL] Loss: 0.5815, Accuracy: 71.80%, Precision: 0.68, Recall: 0.77, F1: 0.72, AUC: 0.72
Epoch [22/100] [TRAIN] Loss: 0.5574, Accuracy: 74.33%, AUC: 0.74 [VAL] Loss: 0.5809, Accuracy: 71.90%, Precision: 0.68, Recall: 0.77, F1: 0.72, AUC: 0.72
Epoch [23/100] [TRAIN] Loss: 0.5575, Accuracy: 74.80%, AUC: 0.75 [VAL] Loss: 0.5811, Accuracy: 71.80%, Precision: 0.68, Recall: 0.77, F1: 0.72, AUC: 0.72
Epoch [24/100] [TRAIN] Loss: 0.5567, Accuracy: 74.31%, AUC: 0.74 [VAL] Loss: 0.5808, Accuracy: 72.00%, Precision: 0.68, Recall: 0.78, F1: 0.72, AUC: 0.72
Epoch [25/100] [TRAIN] Loss: 0.5559, Accuracy: 74.49%, AUC: 0.75 [VAL] Loss: 0.5802, Accuracy: 71.80%, Precision: 0.68, Recall: 0.77, F1: 0.72, AUC: 0.72
Epoch [26/100] [TRAIN] Loss: 0.5526, Accuracy: 74.03%, AUC: 0.74 [VAL] Loss: 0.5804, Accuracy: 71.90%, Precision: 0.68, Recall: 0.77, F1: 0.72, AUC: 0.72
Epoch [27/100] [TRAIN] Loss: 0.5559, Accuracy: 74.19%, AUC: 0.74 [VAL] Loss: 0.5797, Accuracy: 72.00%, Precision: 0.68, Recall: 0.77, F1: 0.72, AUC: 0.72
Epoch [28/100] [TRAIN] Loss: 0.5506, Accuracy: 74.60%, AUC: 0.75 [VAL] Loss: 0.5795, Accuracy: 71.90%, Precision: 0.68, Recall: 0.77, F1: 0.72, AUC: 0.72
Epoch [29/100] [TRAIN] Loss: 0.5516, Accuracy: 74.34%, AUC: 0.74 [VAL] Loss: 0.5791, Accuracy: 71.70%, Precision: 0.67, Recall: 0.77, F1: 0.72, AUC: 0.72
Epoch [30/100] [TRAIN] Loss: 0.5562, Accuracy: 74.41%, AUC: 0.74 [VAL] Loss: 0.5781, Accuracy: 71.70%, Precision: 0.67, Recall: 0.77, F1: 0.72, AUC: 0.72
Epoch [31/100] [TRAIN] Loss: 0.5501, Accuracy: 74.42%, AUC: 0.74 [VAL] Loss: 0.5781, Accuracy: 71.50%, Precision: 0.67, Recall: 0.77, F1: 0.72, AUC: 0.72
Epoch [32/100] [TRAIN] Loss: 0.5484, Accuracy: 74.31%, AUC: 0.74 [VAL] Loss: 0.5786, Accuracy: 71.60%, Precision: 0.67, Recall: 0.77, F1: 0.72, AUC: 0.72
Epoch [33/100] [TRAIN] Loss: 0.5530, Accuracy: 74.31%, AUC: 0.74 [VAL] Loss: 0.5780, Accuracy: 71.60%, Precision: 0.67, Recall: 0.77, F1: 0.72, AUC: 0.72
Epoch [34/100] [TRAIN] Loss: 0.5515, Accuracy: 73.96%, AUC: 0.74 [VAL] Loss: 0.5780, Accuracy: 71.60%, Precision: 0.67, Recall: 0.77, F1: 0.72, AUC: 0.72
Epoch [35/100] [TRAIN] Loss: 0.5489, Accuracy: 74.36%, AUC: 0.74 [VAL] Loss: 0.5778, Accuracy: 71.70%, Precision: 0.67, Recall: 0.77, F1: 0.72, AUC: 0.72
Epoch [36/100] [TRAIN] Loss: 0.5504, Accuracy: 74.20%, AUC: 0.74 [VAL] Loss: 0.5777, Accuracy: 71.80%, Precision: 0.68, Recall: 0.77, F1: 0.72, AUC: 0.72
Epoch [37/100] [TRAIN] Loss: 0.5502, Accuracy: 74.34%, AUC: 0.74 [VAL] Loss: 0.5780, Accuracy: 71.90%, Precision: 0.68, Recall: 0.77, F1: 0.72, AUC: 0.72
Epoch [38/100] [TRAIN] Loss: 0.5484, Accuracy: 74.66%, AUC: 0.75 [VAL] Loss: 0.5777, Accuracy: 71.80%, Precision: 0.68, Recall: 0.77, F1: 0.72, AUC: 0.72
Epoch [39/100] [TRAIN] Loss: 0.5463, Accuracy: 74.81%, AUC: 0.75 [VAL] Loss: 0.5775, Accuracy: 71.90%, Precision: 0.68, Recall: 0.77, F1: 0.72, AUC: 0.72
Epoch [40/100] [TRAIN] Loss: 0.5506, Accuracy: 74.22%, AUC: 0.74 [VAL] Loss: 0.5773, Accuracy: 72.00%, Precision: 0.68, Recall: 0.77, F1: 0.72, AUC: 0.72
Epoch [41/100] [TRAIN] Loss: 0.5506, Accuracy: 74.50%, AUC: 0.75 [VAL] Loss: 0.5774, Accuracy: 71.80%, Precision: 0.68, Recall: 0.77, F1: 0.72, AUC: 0.72
Epoch [42/100] [TRAIN] Loss: 0.5470, Accuracy: 74.53%, AUC: 0.75 [VAL] Loss: 0.5776, Accuracy: 71.60%, Precision: 0.67, Recall: 0.77, F1: 0.72, AUC: 0.72
Epoch [43/100] [TRAIN] Loss: 0.5479, Accuracy: 74.55%, AUC: 0.75 [VAL] Loss: 0.5776, Accuracy: 71.50%, Precision: 0.67, Recall: 0.77, F1: 0.72, AUC: 0.72
Epoch [44/100] [TRAIN] Loss: 0.5494, Accuracy: 74.17%, AUC: 0.74 [VAL] Loss: 0.5779, Accuracy: 71.50%, Precision: 0.67, Recall: 0.77, F1: 0.72, AUC: 0.72
Epoch [45/100] [TRAIN] Loss: 0.5457, Accuracy: 74.86%, AUC: 0.75 [VAL] Loss: 0.5777, Accuracy: 71.60%, Precision: 0.67, Recall: 0.77, F1: 0.72, AUC: 0.72
Epoch [46/100] [TRAIN] Loss: 0.5477, Accuracy: 74.49%, AUC: 0.75 [VAL] Loss: 0.5775, Accuracy: 71.50%, Precision: 0.67, Recall: 0.77, F1: 0.72, AUC: 0.72
Epoch [47/100] [TRAIN] Loss: 0.5467, Accuracy: 74.79%, AUC: 0.75 [VAL] Loss: 0.5775, Accuracy: 71.50%, Precision: 0.67, Recall: 0.77, F1: 0.72, AUC: 0.72
Epoch [48/100] [TRAIN] Loss: 0.5442, Accuracy: 74.83%, AUC: 0.75 [VAL] Loss: 0.5776, Accuracy: 71.50%, Precision: 0.67, Recall: 0.77, F1: 0.72, AUC: 0.72
Epoch [49/100] [TRAIN] Loss: 0.5427, Accuracy: 74.54%, AUC: 0.75 [VAL] Loss: 0.5776, Accuracy: 71.50%, Precision: 0.67, Recall: 0.77, F1: 0.72, AUC: 0.72
Epoch [50/100] [TRAIN] Loss: 0.5456, Accuracy: 74.69%, AUC: 0.75 [VAL] Loss: 0.5776, Accuracy: 71.50%, Precision: 0.67, Recall: 0.77, F1: 0.72, AUC: 0.72
  Early stopping at epoch 50 (no val_loss improvement for 10 epochs)
Seed: 789
Accuracy:  75.40 %
AUC:       0.7537
Precision: 0.7349
Recall:    0.7992
F1-Score:  0.7657

Detailed Classification Report:
              precision    recall  f1-score   support

           0       0.78      0.71      0.74       497
           1       0.73      0.80      0.77       503

    accuracy                           0.75      1000
   macro avg       0.76      0.75      0.75      1000
weighted avg       0.76      0.75      0.75      1000


Confusion Matrix:
[[352 145]
 [101 402]]


011-H3K9ac-H3K27me3
Train label distribution:
  Label 0:   4077 (51.0%)
  Label 1:   3923 (49.0%)
Val label distribution:
  Label 0:    529 (52.9%)
  Label 1:    471 (47.1%)
Test label distribution:
  Label 0:    497 (49.7%)
  Label 1:    503 (50.3%)
Epoch [1/100] [TRAIN] Loss: 0.6960, Accuracy: 61.27%, AUC: 0.61 [VAL] Loss: 0.6705, Accuracy: 70.40%, Precision: 0.66, Recall: 0.76, F1: 0.71, AUC: 0.71
Epoch [2/100] [TRAIN] Loss: 0.6514, Accuracy: 69.20%, AUC: 0.69 [VAL] Loss: 0.6307, Accuracy: 70.40%, Precision: 0.66, Recall: 0.77, F1: 0.71, AUC: 0.71
Epoch [3/100] [TRAIN] Loss: 0.6191, Accuracy: 71.06%, AUC: 0.71 [VAL] Loss: 0.6041, Accuracy: 71.00%, Precision: 0.67, Recall: 0.77, F1: 0.71, AUC: 0.71
Epoch [4/100] [TRAIN] Loss: 0.6049, Accuracy: 71.94%, AUC: 0.72 [VAL] Loss: 0.5925, Accuracy: 71.10%, Precision: 0.67, Recall: 0.76, F1: 0.71, AUC: 0.71
Epoch [5/100] [TRAIN] Loss: 0.5971, Accuracy: 71.66%, AUC: 0.72 [VAL] Loss: 0.5873, Accuracy: 70.60%, Precision: 0.66, Recall: 0.76, F1: 0.71, AUC: 0.71
Epoch [6/100] [TRAIN] Loss: 0.5913, Accuracy: 72.30%, AUC: 0.72 [VAL] Loss: 0.5853, Accuracy: 70.70%, Precision: 0.66, Recall: 0.76, F1: 0.71, AUC: 0.71
Epoch [7/100] [TRAIN] Loss: 0.5895, Accuracy: 71.54%, AUC: 0.72 [VAL] Loss: 0.5841, Accuracy: 70.40%, Precision: 0.66, Recall: 0.76, F1: 0.71, AUC: 0.71
Epoch [8/100] [TRAIN] Loss: 0.5859, Accuracy: 72.21%, AUC: 0.72 [VAL] Loss: 0.5833, Accuracy: 70.50%, Precision: 0.66, Recall: 0.76, F1: 0.71, AUC: 0.71
Epoch [9/100] [TRAIN] Loss: 0.5853, Accuracy: 72.21%, AUC: 0.72 [VAL] Loss: 0.5829, Accuracy: 70.60%, Precision: 0.67, Recall: 0.76, F1: 0.71, AUC: 0.71
Epoch [10/100] [TRAIN] Loss: 0.5856, Accuracy: 72.47%, AUC: 0.73 [VAL] Loss: 0.5824, Accuracy: 70.60%, Precision: 0.66, Recall: 0.76, F1: 0.71, AUC: 0.71
Epoch [11/100] [TRAIN] Loss: 0.5814, Accuracy: 72.70%, AUC: 0.73 [VAL] Loss: 0.5819, Accuracy: 70.70%, Precision: 0.67, Recall: 0.76, F1: 0.71, AUC: 0.71
Epoch [12/100] [TRAIN] Loss: 0.5826, Accuracy: 71.96%, AUC: 0.72 [VAL] Loss: 0.5816, Accuracy: 70.50%, Precision: 0.66, Recall: 0.76, F1: 0.71, AUC: 0.71
Epoch [13/100] [TRAIN] Loss: 0.5805, Accuracy: 72.08%, AUC: 0.72 [VAL] Loss: 0.5811, Accuracy: 70.50%, Precision: 0.66, Recall: 0.76, F1: 0.71, AUC: 0.71
Epoch [14/100] [TRAIN] Loss: 0.5752, Accuracy: 72.45%, AUC: 0.72 [VAL] Loss: 0.5807, Accuracy: 70.50%, Precision: 0.66, Recall: 0.76, F1: 0.71, AUC: 0.71
Epoch [15/100] [TRAIN] Loss: 0.5825, Accuracy: 72.35%, AUC: 0.72 [VAL] Loss: 0.5803, Accuracy: 70.80%, Precision: 0.67, Recall: 0.76, F1: 0.71, AUC: 0.71
Epoch [16/100] [TRAIN] Loss: 0.5723, Accuracy: 72.88%, AUC: 0.73 [VAL] Loss: 0.5799, Accuracy: 70.90%, Precision: 0.67, Recall: 0.76, F1: 0.71, AUC: 0.71
Epoch [17/100] [TRAIN] Loss: 0.5772, Accuracy: 72.12%, AUC: 0.72 [VAL] Loss: 0.5796, Accuracy: 70.90%, Precision: 0.67, Recall: 0.76, F1: 0.71, AUC: 0.71
Epoch [18/100] [TRAIN] Loss: 0.5737, Accuracy: 72.59%, AUC: 0.73 [VAL] Loss: 0.5794, Accuracy: 71.00%, Precision: 0.67, Recall: 0.76, F1: 0.71, AUC: 0.71
Epoch [19/100] [TRAIN] Loss: 0.5755, Accuracy: 72.06%, AUC: 0.72 [VAL] Loss: 0.5790, Accuracy: 71.00%, Precision: 0.67, Recall: 0.76, F1: 0.71, AUC: 0.71
Epoch [20/100] [TRAIN] Loss: 0.5725, Accuracy: 72.84%, AUC: 0.73 [VAL] Loss: 0.5786, Accuracy: 71.20%, Precision: 0.67, Recall: 0.76, F1: 0.71, AUC: 0.71
Epoch [21/100] [TRAIN] Loss: 0.5720, Accuracy: 72.31%, AUC: 0.72 [VAL] Loss: 0.5784, Accuracy: 71.20%, Precision: 0.67, Recall: 0.76, F1: 0.71, AUC: 0.71
Epoch [22/100] [TRAIN] Loss: 0.5730, Accuracy: 72.84%, AUC: 0.73 [VAL] Loss: 0.5780, Accuracy: 71.30%, Precision: 0.67, Recall: 0.77, F1: 0.72, AUC: 0.72
Epoch [23/100] [TRAIN] Loss: 0.5728, Accuracy: 72.16%, AUC: 0.72 [VAL] Loss: 0.5778, Accuracy: 71.50%, Precision: 0.67, Recall: 0.77, F1: 0.72, AUC: 0.72
Epoch [24/100] [TRAIN] Loss: 0.5724, Accuracy: 72.65%, AUC: 0.73 [VAL] Loss: 0.5776, Accuracy: 71.50%, Precision: 0.67, Recall: 0.77, F1: 0.72, AUC: 0.72
Epoch [25/100] [TRAIN] Loss: 0.5669, Accuracy: 73.22%, AUC: 0.73 [VAL] Loss: 0.5774, Accuracy: 71.50%, Precision: 0.67, Recall: 0.77, F1: 0.72, AUC: 0.72
Epoch [26/100] [TRAIN] Loss: 0.5694, Accuracy: 72.72%, AUC: 0.73 [VAL] Loss: 0.5771, Accuracy: 71.40%, Precision: 0.67, Recall: 0.77, F1: 0.72, AUC: 0.72
Epoch [27/100] [TRAIN] Loss: 0.5677, Accuracy: 73.01%, AUC: 0.73 [VAL] Loss: 0.5768, Accuracy: 71.40%, Precision: 0.67, Recall: 0.77, F1: 0.72, AUC: 0.72
Epoch [28/100] [TRAIN] Loss: 0.5697, Accuracy: 72.41%, AUC: 0.72 [VAL] Loss: 0.5765, Accuracy: 71.30%, Precision: 0.67, Recall: 0.77, F1: 0.72, AUC: 0.72
Epoch [29/100] [TRAIN] Loss: 0.5682, Accuracy: 72.62%, AUC: 0.73 [VAL] Loss: 0.5762, Accuracy: 71.30%, Precision: 0.67, Recall: 0.77, F1: 0.72, AUC: 0.72
Epoch [30/100] [TRAIN] Loss: 0.5632, Accuracy: 73.35%, AUC: 0.73 [VAL] Loss: 0.5760, Accuracy: 71.30%, Precision: 0.67, Recall: 0.77, F1: 0.72, AUC: 0.72
Epoch [31/100] [TRAIN] Loss: 0.5614, Accuracy: 73.24%, AUC: 0.73 [VAL] Loss: 0.5758, Accuracy: 71.20%, Precision: 0.67, Recall: 0.76, F1: 0.71, AUC: 0.71
Epoch [32/100] [TRAIN] Loss: 0.5668, Accuracy: 72.66%, AUC: 0.73 [VAL] Loss: 0.5753, Accuracy: 71.20%, Precision: 0.67, Recall: 0.76, F1: 0.71, AUC: 0.71
Epoch [33/100] [TRAIN] Loss: 0.5678, Accuracy: 72.46%, AUC: 0.72 [VAL] Loss: 0.5752, Accuracy: 71.30%, Precision: 0.67, Recall: 0.76, F1: 0.71, AUC: 0.72
Epoch [34/100] [TRAIN] Loss: 0.5641, Accuracy: 72.58%, AUC: 0.73 [VAL] Loss: 0.5751, Accuracy: 71.30%, Precision: 0.67, Recall: 0.76, F1: 0.71, AUC: 0.72
Epoch [35/100] [TRAIN] Loss: 0.5642, Accuracy: 72.84%, AUC: 0.73 [VAL] Loss: 0.5750, Accuracy: 71.40%, Precision: 0.67, Recall: 0.76, F1: 0.72, AUC: 0.72
Epoch [36/100] [TRAIN] Loss: 0.5641, Accuracy: 72.39%, AUC: 0.72 [VAL] Loss: 0.5747, Accuracy: 71.60%, Precision: 0.68, Recall: 0.76, F1: 0.72, AUC: 0.72
Epoch [37/100] [TRAIN] Loss: 0.5643, Accuracy: 72.83%, AUC: 0.73 [VAL] Loss: 0.5746, Accuracy: 71.60%, Precision: 0.68, Recall: 0.76, F1: 0.72, AUC: 0.72
Epoch [38/100] [TRAIN] Loss: 0.5656, Accuracy: 73.20%, AUC: 0.73 [VAL] Loss: 0.5743, Accuracy: 71.60%, Precision: 0.68, Recall: 0.76, F1: 0.72, AUC: 0.72
Epoch [39/100] [TRAIN] Loss: 0.5677, Accuracy: 72.54%, AUC: 0.73 [VAL] Loss: 0.5741, Accuracy: 71.40%, Precision: 0.67, Recall: 0.76, F1: 0.72, AUC: 0.72
Epoch [40/100] [TRAIN] Loss: 0.5635, Accuracy: 72.84%, AUC: 0.73 [VAL] Loss: 0.5738, Accuracy: 71.40%, Precision: 0.67, Recall: 0.76, F1: 0.72, AUC: 0.72
Epoch [41/100] [TRAIN] Loss: 0.5608, Accuracy: 73.05%, AUC: 0.73 [VAL] Loss: 0.5738, Accuracy: 71.30%, Precision: 0.67, Recall: 0.76, F1: 0.71, AUC: 0.72
Epoch [42/100] [TRAIN] Loss: 0.5644, Accuracy: 72.47%, AUC: 0.72 [VAL] Loss: 0.5736, Accuracy: 71.20%, Precision: 0.67, Recall: 0.76, F1: 0.71, AUC: 0.71
Epoch [43/100] [TRAIN] Loss: 0.5652, Accuracy: 72.62%, AUC: 0.73 [VAL] Loss: 0.5732, Accuracy: 71.20%, Precision: 0.67, Recall: 0.76, F1: 0.71, AUC: 0.71
Epoch [44/100] [TRAIN] Loss: 0.5634, Accuracy: 73.14%, AUC: 0.73 [VAL] Loss: 0.5729, Accuracy: 71.20%, Precision: 0.67, Recall: 0.76, F1: 0.71, AUC: 0.71
Epoch [45/100] [TRAIN] Loss: 0.5633, Accuracy: 73.06%, AUC: 0.73 [VAL] Loss: 0.5728, Accuracy: 71.30%, Precision: 0.67, Recall: 0.76, F1: 0.71, AUC: 0.72
Epoch [46/100] [TRAIN] Loss: 0.5608, Accuracy: 72.40%, AUC: 0.72 [VAL] Loss: 0.5724, Accuracy: 71.40%, Precision: 0.67, Recall: 0.76, F1: 0.72, AUC: 0.72
Epoch [47/100] [TRAIN] Loss: 0.5624, Accuracy: 73.38%, AUC: 0.73 [VAL] Loss: 0.5721, Accuracy: 71.70%, Precision: 0.68, Recall: 0.77, F1: 0.72, AUC: 0.72
Epoch [48/100] [TRAIN] Loss: 0.5610, Accuracy: 73.09%, AUC: 0.73 [VAL] Loss: 0.5720, Accuracy: 71.80%, Precision: 0.68, Recall: 0.77, F1: 0.72, AUC: 0.72
Epoch [49/100] [TRAIN] Loss: 0.5614, Accuracy: 72.65%, AUC: 0.73 [VAL] Loss: 0.5717, Accuracy: 71.80%, Precision: 0.68, Recall: 0.77, F1: 0.72, AUC: 0.72
Epoch [50/100] [TRAIN] Loss: 0.5607, Accuracy: 73.03%, AUC: 0.73 [VAL] Loss: 0.5715, Accuracy: 71.70%, Precision: 0.68, Recall: 0.77, F1: 0.72, AUC: 0.72
Epoch [51/100] [TRAIN] Loss: 0.5601, Accuracy: 73.24%, AUC: 0.73 [VAL] Loss: 0.5714, Accuracy: 71.70%, Precision: 0.68, Recall: 0.77, F1: 0.72, AUC: 0.72
Epoch [52/100] [TRAIN] Loss: 0.5590, Accuracy: 73.03%, AUC: 0.73 [VAL] Loss: 0.5713, Accuracy: 71.60%, Precision: 0.67, Recall: 0.77, F1: 0.72, AUC: 0.72
Epoch [53/100] [TRAIN] Loss: 0.5626, Accuracy: 72.46%, AUC: 0.72 [VAL] Loss: 0.5710, Accuracy: 71.50%, Precision: 0.67, Recall: 0.77, F1: 0.72, AUC: 0.72
Epoch [54/100] [TRAIN] Loss: 0.5602, Accuracy: 73.12%, AUC: 0.73 [VAL] Loss: 0.5709, Accuracy: 71.50%, Precision: 0.67, Recall: 0.77, F1: 0.72, AUC: 0.72
Epoch [55/100] [TRAIN] Loss: 0.5605, Accuracy: 72.85%, AUC: 0.73 [VAL] Loss: 0.5705, Accuracy: 71.70%, Precision: 0.68, Recall: 0.77, F1: 0.72, AUC: 0.72
Epoch [56/100] [TRAIN] Loss: 0.5592, Accuracy: 73.36%, AUC: 0.73 [VAL] Loss: 0.5703, Accuracy: 71.70%, Precision: 0.68, Recall: 0.77, F1: 0.72, AUC: 0.72
Epoch [57/100] [TRAIN] Loss: 0.5543, Accuracy: 73.20%, AUC: 0.73 [VAL] Loss: 0.5702, Accuracy: 71.70%, Precision: 0.68, Recall: 0.77, F1: 0.72, AUC: 0.72
Epoch [58/100] [TRAIN] Loss: 0.5550, Accuracy: 73.20%, AUC: 0.73 [VAL] Loss: 0.5700, Accuracy: 71.70%, Precision: 0.68, Recall: 0.77, F1: 0.72, AUC: 0.72
Epoch [59/100] [TRAIN] Loss: 0.5594, Accuracy: 73.17%, AUC: 0.73 [VAL] Loss: 0.5697, Accuracy: 71.70%, Precision: 0.68, Recall: 0.77, F1: 0.72, AUC: 0.72
Epoch [60/100] [TRAIN] Loss: 0.5602, Accuracy: 73.08%, AUC: 0.73 [VAL] Loss: 0.5697, Accuracy: 71.80%, Precision: 0.68, Recall: 0.77, F1: 0.72, AUC: 0.72
Epoch [61/100] [TRAIN] Loss: 0.5575, Accuracy: 73.00%, AUC: 0.73 [VAL] Loss: 0.5696, Accuracy: 71.80%, Precision: 0.68, Recall: 0.77, F1: 0.72, AUC: 0.72
Epoch [62/100] [TRAIN] Loss: 0.5571, Accuracy: 72.60%, AUC: 0.73 [VAL] Loss: 0.5694, Accuracy: 71.90%, Precision: 0.68, Recall: 0.77, F1: 0.72, AUC: 0.72
Epoch [63/100] [TRAIN] Loss: 0.5570, Accuracy: 73.12%, AUC: 0.73 [VAL] Loss: 0.5691, Accuracy: 72.10%, Precision: 0.68, Recall: 0.77, F1: 0.72, AUC: 0.72
Epoch [64/100] [TRAIN] Loss: 0.5514, Accuracy: 73.22%, AUC: 0.73 [VAL] Loss: 0.5690, Accuracy: 71.90%, Precision: 0.68, Recall: 0.77, F1: 0.72, AUC: 0.72
Epoch [65/100] [TRAIN] Loss: 0.5560, Accuracy: 73.62%, AUC: 0.74 [VAL] Loss: 0.5687, Accuracy: 72.00%, Precision: 0.68, Recall: 0.77, F1: 0.72, AUC: 0.72
Epoch [66/100] [TRAIN] Loss: 0.5590, Accuracy: 72.81%, AUC: 0.73 [VAL] Loss: 0.5686, Accuracy: 72.00%, Precision: 0.68, Recall: 0.77, F1: 0.72, AUC: 0.72
Epoch [67/100] [TRAIN] Loss: 0.5542, Accuracy: 73.39%, AUC: 0.73 [VAL] Loss: 0.5685, Accuracy: 72.00%, Precision: 0.68, Recall: 0.77, F1: 0.72, AUC: 0.72
Epoch [68/100] [TRAIN] Loss: 0.5548, Accuracy: 73.51%, AUC: 0.74 [VAL] Loss: 0.5684, Accuracy: 72.10%, Precision: 0.68, Recall: 0.77, F1: 0.72, AUC: 0.72
Epoch [69/100] [TRAIN] Loss: 0.5544, Accuracy: 73.24%, AUC: 0.73 [VAL] Loss: 0.5682, Accuracy: 72.10%, Precision: 0.68, Recall: 0.77, F1: 0.72, AUC: 0.72
Epoch [70/100] [TRAIN] Loss: 0.5583, Accuracy: 72.86%, AUC: 0.73 [VAL] Loss: 0.5680, Accuracy: 72.20%, Precision: 0.68, Recall: 0.77, F1: 0.72, AUC: 0.72
Epoch [71/100] [TRAIN] Loss: 0.5550, Accuracy: 73.19%, AUC: 0.73 [VAL] Loss: 0.5680, Accuracy: 72.20%, Precision: 0.68, Recall: 0.77, F1: 0.72, AUC: 0.72
Epoch [72/100] [TRAIN] Loss: 0.5525, Accuracy: 73.30%, AUC: 0.73 [VAL] Loss: 0.5679, Accuracy: 72.20%, Precision: 0.68, Recall: 0.77, F1: 0.72, AUC: 0.72
Epoch [73/100] [TRAIN] Loss: 0.5559, Accuracy: 73.44%, AUC: 0.73 [VAL] Loss: 0.5677, Accuracy: 72.20%, Precision: 0.68, Recall: 0.77, F1: 0.72, AUC: 0.72
Epoch [74/100] [TRAIN] Loss: 0.5508, Accuracy: 73.56%, AUC: 0.74 [VAL] Loss: 0.5676, Accuracy: 72.20%, Precision: 0.68, Recall: 0.77, F1: 0.72, AUC: 0.72
Epoch [75/100] [TRAIN] Loss: 0.5531, Accuracy: 73.30%, AUC: 0.73 [VAL] Loss: 0.5676, Accuracy: 72.20%, Precision: 0.68, Recall: 0.77, F1: 0.72, AUC: 0.72
Epoch [76/100] [TRAIN] Loss: 0.5546, Accuracy: 73.11%, AUC: 0.73 [VAL] Loss: 0.5674, Accuracy: 72.10%, Precision: 0.68, Recall: 0.77, F1: 0.72, AUC: 0.72
Epoch [77/100] [TRAIN] Loss: 0.5530, Accuracy: 73.53%, AUC: 0.74 [VAL] Loss: 0.5674, Accuracy: 72.20%, Precision: 0.68, Recall: 0.77, F1: 0.72, AUC: 0.72
Epoch [78/100] [TRAIN] Loss: 0.5530, Accuracy: 73.58%, AUC: 0.74 [VAL] Loss: 0.5673, Accuracy: 72.20%, Precision: 0.68, Recall: 0.77, F1: 0.72, AUC: 0.72
Epoch [79/100] [TRAIN] Loss: 0.5551, Accuracy: 72.91%, AUC: 0.73 [VAL] Loss: 0.5673, Accuracy: 72.10%, Precision: 0.68, Recall: 0.77, F1: 0.72, AUC: 0.72
Epoch [80/100] [TRAIN] Loss: 0.5537, Accuracy: 73.20%, AUC: 0.73 [VAL] Loss: 0.5671, Accuracy: 72.20%, Precision: 0.68, Recall: 0.76, F1: 0.72, AUC: 0.72
Epoch [81/100] [TRAIN] Loss: 0.5541, Accuracy: 72.89%, AUC: 0.73 [VAL] Loss: 0.5671, Accuracy: 71.90%, Precision: 0.68, Recall: 0.76, F1: 0.72, AUC: 0.72
Epoch [82/100] [TRAIN] Loss: 0.5550, Accuracy: 72.78%, AUC: 0.73 [VAL] Loss: 0.5670, Accuracy: 72.20%, Precision: 0.68, Recall: 0.76, F1: 0.72, AUC: 0.72
Epoch [83/100] [TRAIN] Loss: 0.5486, Accuracy: 73.49%, AUC: 0.74 [VAL] Loss: 0.5671, Accuracy: 72.10%, Precision: 0.68, Recall: 0.76, F1: 0.72, AUC: 0.72
Epoch [84/100] [TRAIN] Loss: 0.5504, Accuracy: 73.51%, AUC: 0.74 [VAL] Loss: 0.5670, Accuracy: 72.00%, Precision: 0.68, Recall: 0.76, F1: 0.72, AUC: 0.72
Epoch [85/100] [TRAIN] Loss: 0.5516, Accuracy: 73.42%, AUC: 0.73 [VAL] Loss: 0.5668, Accuracy: 71.90%, Precision: 0.68, Recall: 0.76, F1: 0.72, AUC: 0.72
Epoch [86/100] [TRAIN] Loss: 0.5511, Accuracy: 73.04%, AUC: 0.73 [VAL] Loss: 0.5668, Accuracy: 71.90%, Precision: 0.68, Recall: 0.76, F1: 0.72, AUC: 0.72
Epoch [87/100] [TRAIN] Loss: 0.5514, Accuracy: 73.51%, AUC: 0.74 [VAL] Loss: 0.5667, Accuracy: 71.90%, Precision: 0.68, Recall: 0.76, F1: 0.72, AUC: 0.72
Epoch [88/100] [TRAIN] Loss: 0.5478, Accuracy: 73.39%, AUC: 0.73 [VAL] Loss: 0.5668, Accuracy: 71.70%, Precision: 0.68, Recall: 0.76, F1: 0.72, AUC: 0.72
Epoch [89/100] [TRAIN] Loss: 0.5528, Accuracy: 73.35%, AUC: 0.73 [VAL] Loss: 0.5667, Accuracy: 71.80%, Precision: 0.68, Recall: 0.76, F1: 0.72, AUC: 0.72
Epoch [90/100] [TRAIN] Loss: 0.5512, Accuracy: 73.12%, AUC: 0.73 [VAL] Loss: 0.5665, Accuracy: 71.80%, Precision: 0.68, Recall: 0.76, F1: 0.72, AUC: 0.72
Epoch [91/100] [TRAIN] Loss: 0.5498, Accuracy: 73.44%, AUC: 0.73 [VAL] Loss: 0.5664, Accuracy: 71.80%, Precision: 0.68, Recall: 0.76, F1: 0.72, AUC: 0.72
Epoch [92/100] [TRAIN] Loss: 0.5506, Accuracy: 73.45%, AUC: 0.73 [VAL] Loss: 0.5664, Accuracy: 71.80%, Precision: 0.68, Recall: 0.76, F1: 0.72, AUC: 0.72
Epoch [93/100] [TRAIN] Loss: 0.5500, Accuracy: 73.19%, AUC: 0.73 [VAL] Loss: 0.5663, Accuracy: 71.90%, Precision: 0.68, Recall: 0.76, F1: 0.72, AUC: 0.72
Epoch [94/100] [TRAIN] Loss: 0.5488, Accuracy: 73.74%, AUC: 0.74 [VAL] Loss: 0.5662, Accuracy: 71.90%, Precision: 0.68, Recall: 0.76, F1: 0.72, AUC: 0.72
Epoch [95/100] [TRAIN] Loss: 0.5516, Accuracy: 73.41%, AUC: 0.73 [VAL] Loss: 0.5660, Accuracy: 72.00%, Precision: 0.68, Recall: 0.76, F1: 0.72, AUC: 0.72
Epoch [96/100] [TRAIN] Loss: 0.5485, Accuracy: 73.60%, AUC: 0.74 [VAL] Loss: 0.5660, Accuracy: 72.00%, Precision: 0.68, Recall: 0.76, F1: 0.72, AUC: 0.72
Epoch [97/100] [TRAIN] Loss: 0.5474, Accuracy: 73.76%, AUC: 0.74 [VAL] Loss: 0.5658, Accuracy: 71.90%, Precision: 0.68, Recall: 0.76, F1: 0.72, AUC: 0.72
Epoch [98/100] [TRAIN] Loss: 0.5493, Accuracy: 73.21%, AUC: 0.73 [VAL] Loss: 0.5659, Accuracy: 72.00%, Precision: 0.68, Recall: 0.76, F1: 0.72, AUC: 0.72
Epoch [99/100] [TRAIN] Loss: 0.5470, Accuracy: 73.64%, AUC: 0.74 [VAL] Loss: 0.5659, Accuracy: 72.00%, Precision: 0.68, Recall: 0.76, F1: 0.72, AUC: 0.72
Epoch [100/100] [TRAIN] Loss: 0.5476, Accuracy: 73.86%, AUC: 0.74 [VAL] Loss: 0.5659, Accuracy: 72.10%, Precision: 0.68, Recall: 0.76, F1: 0.72, AUC: 0.72
Seed: 789
Accuracy:  73.80 %
AUC:       0.7378
Precision: 0.7227
Recall:    0.7773
F1-Score:  0.7490

Detailed Classification Report:
              precision    recall  f1-score   support

           0       0.76      0.70      0.73       497
           1       0.72      0.78      0.75       503

    accuracy                           0.74      1000
   macro avg       0.74      0.74      0.74      1000
weighted avg       0.74      0.74      0.74      1000


Confusion Matrix:
[[347 150]
 [112 391]]


012-H3K9me3-H3K27ac
Train label distribution:
  Label 0:   4077 (51.0%)
  Label 1:   3923 (49.0%)
Val label distribution:
  Label 0:    529 (52.9%)
  Label 1:    471 (47.1%)
Test label distribution:
  Label 0:    497 (49.7%)
  Label 1:    503 (50.3%)
Epoch [1/100] [TRAIN] Loss: 0.6597, Accuracy: 67.28%, AUC: 0.67 [VAL] Loss: 0.6266, Accuracy: 70.40%, Precision: 0.66, Recall: 0.77, F1: 0.71, AUC: 0.71
Epoch [2/100] [TRAIN] Loss: 0.6157, Accuracy: 72.41%, AUC: 0.72 [VAL] Loss: 0.6165, Accuracy: 70.70%, Precision: 0.66, Recall: 0.78, F1: 0.71, AUC: 0.71
Epoch [3/100] [TRAIN] Loss: 0.6080, Accuracy: 72.81%, AUC: 0.73 [VAL] Loss: 0.6137, Accuracy: 71.40%, Precision: 0.67, Recall: 0.78, F1: 0.72, AUC: 0.72
Epoch [4/100] [TRAIN] Loss: 0.6032, Accuracy: 72.83%, AUC: 0.73 [VAL] Loss: 0.6124, Accuracy: 71.00%, Precision: 0.67, Recall: 0.77, F1: 0.72, AUC: 0.71
Epoch [5/100] [TRAIN] Loss: 0.5959, Accuracy: 73.15%, AUC: 0.73 [VAL] Loss: 0.6110, Accuracy: 70.90%, Precision: 0.66, Recall: 0.77, F1: 0.71, AUC: 0.71
Epoch [6/100] [TRAIN] Loss: 0.5892, Accuracy: 73.26%, AUC: 0.73 [VAL] Loss: 0.6098, Accuracy: 71.00%, Precision: 0.67, Recall: 0.77, F1: 0.72, AUC: 0.71
Epoch [7/100] [TRAIN] Loss: 0.5951, Accuracy: 73.08%, AUC: 0.73 [VAL] Loss: 0.6088, Accuracy: 70.40%, Precision: 0.66, Recall: 0.76, F1: 0.71, AUC: 0.71
Epoch [8/100] [TRAIN] Loss: 0.5923, Accuracy: 73.31%, AUC: 0.73 [VAL] Loss: 0.6077, Accuracy: 70.30%, Precision: 0.66, Recall: 0.76, F1: 0.71, AUC: 0.71
Epoch [9/100] [TRAIN] Loss: 0.5862, Accuracy: 73.40%, AUC: 0.73 [VAL] Loss: 0.6064, Accuracy: 70.50%, Precision: 0.66, Recall: 0.76, F1: 0.71, AUC: 0.71
Epoch [10/100] [TRAIN] Loss: 0.5860, Accuracy: 73.83%, AUC: 0.74 [VAL] Loss: 0.6058, Accuracy: 70.90%, Precision: 0.67, Recall: 0.77, F1: 0.71, AUC: 0.71
Epoch [11/100] [TRAIN] Loss: 0.5867, Accuracy: 73.45%, AUC: 0.73 [VAL] Loss: 0.6049, Accuracy: 71.00%, Precision: 0.67, Recall: 0.76, F1: 0.71, AUC: 0.71
Epoch [12/100] [TRAIN] Loss: 0.5880, Accuracy: 73.28%, AUC: 0.73 [VAL] Loss: 0.6030, Accuracy: 70.80%, Precision: 0.67, Recall: 0.76, F1: 0.71, AUC: 0.71
Epoch [13/100] [TRAIN] Loss: 0.5835, Accuracy: 73.56%, AUC: 0.74 [VAL] Loss: 0.6024, Accuracy: 71.00%, Precision: 0.67, Recall: 0.76, F1: 0.71, AUC: 0.71
Epoch [14/100] [TRAIN] Loss: 0.5828, Accuracy: 73.60%, AUC: 0.74 [VAL] Loss: 0.6014, Accuracy: 71.20%, Precision: 0.67, Recall: 0.76, F1: 0.71, AUC: 0.71
Epoch [15/100] [TRAIN] Loss: 0.5792, Accuracy: 73.45%, AUC: 0.73 [VAL] Loss: 0.6008, Accuracy: 71.40%, Precision: 0.67, Recall: 0.76, F1: 0.72, AUC: 0.72
Epoch [16/100] [TRAIN] Loss: 0.5762, Accuracy: 73.42%, AUC: 0.73 [VAL] Loss: 0.6008, Accuracy: 71.40%, Precision: 0.67, Recall: 0.76, F1: 0.72, AUC: 0.72
Epoch [17/100] [TRAIN] Loss: 0.5825, Accuracy: 73.66%, AUC: 0.74 [VAL] Loss: 0.6001, Accuracy: 71.50%, Precision: 0.67, Recall: 0.76, F1: 0.72, AUC: 0.72
Epoch [18/100] [TRAIN] Loss: 0.5786, Accuracy: 73.74%, AUC: 0.74 [VAL] Loss: 0.5992, Accuracy: 71.40%, Precision: 0.67, Recall: 0.76, F1: 0.72, AUC: 0.72
Epoch [19/100] [TRAIN] Loss: 0.5798, Accuracy: 73.49%, AUC: 0.74 [VAL] Loss: 0.5991, Accuracy: 71.40%, Precision: 0.67, Recall: 0.76, F1: 0.72, AUC: 0.72
Epoch [20/100] [TRAIN] Loss: 0.5798, Accuracy: 73.42%, AUC: 0.73 [VAL] Loss: 0.5989, Accuracy: 71.40%, Precision: 0.67, Recall: 0.76, F1: 0.72, AUC: 0.72
Epoch [21/100] [TRAIN] Loss: 0.5785, Accuracy: 73.79%, AUC: 0.74 [VAL] Loss: 0.5987, Accuracy: 71.40%, Precision: 0.67, Recall: 0.76, F1: 0.72, AUC: 0.72
Epoch [22/100] [TRAIN] Loss: 0.5732, Accuracy: 73.45%, AUC: 0.73 [VAL] Loss: 0.5989, Accuracy: 71.50%, Precision: 0.67, Recall: 0.76, F1: 0.72, AUC: 0.72
Epoch [23/100] [TRAIN] Loss: 0.5753, Accuracy: 73.39%, AUC: 0.73 [VAL] Loss: 0.5980, Accuracy: 71.40%, Precision: 0.67, Recall: 0.76, F1: 0.71, AUC: 0.72
Epoch [24/100] [TRAIN] Loss: 0.5722, Accuracy: 73.39%, AUC: 0.73 [VAL] Loss: 0.5976, Accuracy: 71.40%, Precision: 0.67, Recall: 0.76, F1: 0.71, AUC: 0.72
Epoch [25/100] [TRAIN] Loss: 0.5711, Accuracy: 73.47%, AUC: 0.74 [VAL] Loss: 0.5974, Accuracy: 71.30%, Precision: 0.67, Recall: 0.76, F1: 0.71, AUC: 0.72
Epoch [26/100] [TRAIN] Loss: 0.5730, Accuracy: 73.44%, AUC: 0.73 [VAL] Loss: 0.5973, Accuracy: 71.20%, Precision: 0.67, Recall: 0.76, F1: 0.71, AUC: 0.71
Epoch [27/100] [TRAIN] Loss: 0.5732, Accuracy: 73.19%, AUC: 0.73 [VAL] Loss: 0.5965, Accuracy: 71.30%, Precision: 0.67, Recall: 0.76, F1: 0.71, AUC: 0.72
Epoch [28/100] [TRAIN] Loss: 0.5719, Accuracy: 73.49%, AUC: 0.74 [VAL] Loss: 0.5967, Accuracy: 71.30%, Precision: 0.67, Recall: 0.76, F1: 0.71, AUC: 0.72
Epoch [29/100] [TRAIN] Loss: 0.5725, Accuracy: 73.25%, AUC: 0.73 [VAL] Loss: 0.5965, Accuracy: 71.20%, Precision: 0.67, Recall: 0.76, F1: 0.71, AUC: 0.71
Epoch [30/100] [TRAIN] Loss: 0.5711, Accuracy: 73.69%, AUC: 0.74 [VAL] Loss: 0.5957, Accuracy: 71.30%, Precision: 0.67, Recall: 0.76, F1: 0.71, AUC: 0.72
Epoch [31/100] [TRAIN] Loss: 0.5728, Accuracy: 73.44%, AUC: 0.73 [VAL] Loss: 0.5956, Accuracy: 71.30%, Precision: 0.67, Recall: 0.76, F1: 0.71, AUC: 0.72
Epoch [32/100] [TRAIN] Loss: 0.5728, Accuracy: 73.55%, AUC: 0.74 [VAL] Loss: 0.5952, Accuracy: 71.20%, Precision: 0.67, Recall: 0.76, F1: 0.71, AUC: 0.71
Epoch [33/100] [TRAIN] Loss: 0.5719, Accuracy: 73.71%, AUC: 0.74 [VAL] Loss: 0.5948, Accuracy: 71.20%, Precision: 0.67, Recall: 0.76, F1: 0.71, AUC: 0.71
Epoch [34/100] [TRAIN] Loss: 0.5717, Accuracy: 73.26%, AUC: 0.73 [VAL] Loss: 0.5944, Accuracy: 71.20%, Precision: 0.67, Recall: 0.76, F1: 0.71, AUC: 0.71
Epoch [35/100] [TRAIN] Loss: 0.5653, Accuracy: 73.74%, AUC: 0.74 [VAL] Loss: 0.5946, Accuracy: 71.30%, Precision: 0.67, Recall: 0.76, F1: 0.71, AUC: 0.72
Epoch [36/100] [TRAIN] Loss: 0.5687, Accuracy: 73.65%, AUC: 0.74 [VAL] Loss: 0.5946, Accuracy: 71.10%, Precision: 0.67, Recall: 0.76, F1: 0.71, AUC: 0.71
Epoch [37/100] [TRAIN] Loss: 0.5715, Accuracy: 73.64%, AUC: 0.74 [VAL] Loss: 0.5937, Accuracy: 71.00%, Precision: 0.67, Recall: 0.76, F1: 0.71, AUC: 0.71
Epoch [38/100] [TRAIN] Loss: 0.5666, Accuracy: 73.79%, AUC: 0.74 [VAL] Loss: 0.5945, Accuracy: 71.10%, Precision: 0.67, Recall: 0.76, F1: 0.71, AUC: 0.71
Epoch [39/100] [TRAIN] Loss: 0.5698, Accuracy: 73.58%, AUC: 0.74 [VAL] Loss: 0.5942, Accuracy: 70.90%, Precision: 0.67, Recall: 0.76, F1: 0.71, AUC: 0.71
Epoch [40/100] [TRAIN] Loss: 0.5681, Accuracy: 73.79%, AUC: 0.74 [VAL] Loss: 0.5942, Accuracy: 70.80%, Precision: 0.67, Recall: 0.76, F1: 0.71, AUC: 0.71
Epoch [41/100] [TRAIN] Loss: 0.5673, Accuracy: 73.90%, AUC: 0.74 [VAL] Loss: 0.5941, Accuracy: 70.90%, Precision: 0.67, Recall: 0.76, F1: 0.71, AUC: 0.71
Epoch [42/100] [TRAIN] Loss: 0.5678, Accuracy: 73.89%, AUC: 0.74 [VAL] Loss: 0.5939, Accuracy: 70.90%, Precision: 0.67, Recall: 0.76, F1: 0.71, AUC: 0.71
Epoch [43/100] [TRAIN] Loss: 0.5658, Accuracy: 73.88%, AUC: 0.74 [VAL] Loss: 0.5941, Accuracy: 70.90%, Precision: 0.67, Recall: 0.76, F1: 0.71, AUC: 0.71
Epoch [44/100] [TRAIN] Loss: 0.5659, Accuracy: 74.17%, AUC: 0.74 [VAL] Loss: 0.5941, Accuracy: 70.90%, Precision: 0.67, Recall: 0.76, F1: 0.71, AUC: 0.71
Epoch [45/100] [TRAIN] Loss: 0.5673, Accuracy: 74.17%, AUC: 0.74 [VAL] Loss: 0.5940, Accuracy: 70.90%, Precision: 0.67, Recall: 0.76, F1: 0.71, AUC: 0.71
Epoch [46/100] [TRAIN] Loss: 0.5650, Accuracy: 73.80%, AUC: 0.74 [VAL] Loss: 0.5940, Accuracy: 70.90%, Precision: 0.67, Recall: 0.76, F1: 0.71, AUC: 0.71
Epoch [47/100] [TRAIN] Loss: 0.5659, Accuracy: 74.06%, AUC: 0.74 [VAL] Loss: 0.5939, Accuracy: 70.90%, Precision: 0.67, Recall: 0.76, F1: 0.71, AUC: 0.71
  Early stopping at epoch 47 (no val_loss improvement for 10 epochs)
Seed: 789
Accuracy:  74.70 %
AUC:       0.7468
Precision: 0.7306
Recall:    0.7873
F1-Score:  0.7579

Detailed Classification Report:
              precision    recall  f1-score   support

           0       0.77      0.71      0.74       497
           1       0.73      0.79      0.76       503

    accuracy                           0.75      1000
   macro avg       0.75      0.75      0.75      1000
weighted avg       0.75      0.75      0.75      1000


Confusion Matrix:
[[351 146]
 [107 396]]


013-H3K9me3-H3K27me3
Train label distribution:
  Label 0:   4077 (51.0%)
  Label 1:   3923 (49.0%)
Val label distribution:
  Label 0:    529 (52.9%)
  Label 1:    471 (47.1%)
Test label distribution:
  Label 0:    497 (49.7%)
  Label 1:    503 (50.3%)
Epoch [1/100] [TRAIN] Loss: 0.7169, Accuracy: 53.64%, AUC: 0.54 [VAL] Loss: 0.7147, Accuracy: 55.80%, Precision: 0.52, Recall: 0.92, F1: 0.66, AUC: 0.58
Epoch [2/100] [TRAIN] Loss: 0.7127, Accuracy: 55.90%, AUC: 0.56 [VAL] Loss: 0.7117, Accuracy: 56.10%, Precision: 0.52, Recall: 0.93, F1: 0.67, AUC: 0.58
Epoch [3/100] [TRAIN] Loss: 0.7111, Accuracy: 55.94%, AUC: 0.56 [VAL] Loss: 0.7090, Accuracy: 56.20%, Precision: 0.52, Recall: 0.92, F1: 0.67, AUC: 0.58
Epoch [4/100] [TRAIN] Loss: 0.7083, Accuracy: 56.31%, AUC: 0.56 [VAL] Loss: 0.7068, Accuracy: 56.20%, Precision: 0.52, Recall: 0.92, F1: 0.67, AUC: 0.58
Epoch [5/100] [TRAIN] Loss: 0.7058, Accuracy: 56.00%, AUC: 0.56 [VAL] Loss: 0.7046, Accuracy: 56.60%, Precision: 0.52, Recall: 0.93, F1: 0.67, AUC: 0.59
Epoch [6/100] [TRAIN] Loss: 0.7046, Accuracy: 56.40%, AUC: 0.56 [VAL] Loss: 0.7027, Accuracy: 56.60%, Precision: 0.52, Recall: 0.93, F1: 0.67, AUC: 0.59
Epoch [7/100] [TRAIN] Loss: 0.7030, Accuracy: 56.19%, AUC: 0.56 [VAL] Loss: 0.7009, Accuracy: 56.60%, Precision: 0.52, Recall: 0.93, F1: 0.67, AUC: 0.59
Epoch [8/100] [TRAIN] Loss: 0.7019, Accuracy: 56.73%, AUC: 0.57 [VAL] Loss: 0.6994, Accuracy: 56.50%, Precision: 0.52, Recall: 0.93, F1: 0.67, AUC: 0.58
Epoch [9/100] [TRAIN] Loss: 0.7018, Accuracy: 56.16%, AUC: 0.56 [VAL] Loss: 0.6982, Accuracy: 56.50%, Precision: 0.52, Recall: 0.93, F1: 0.67, AUC: 0.58
Epoch [10/100] [TRAIN] Loss: 0.7004, Accuracy: 55.88%, AUC: 0.56 [VAL] Loss: 0.6970, Accuracy: 56.50%, Precision: 0.52, Recall: 0.93, F1: 0.67, AUC: 0.58
Epoch [11/100] [TRAIN] Loss: 0.6990, Accuracy: 56.75%, AUC: 0.57 [VAL] Loss: 0.6959, Accuracy: 56.50%, Precision: 0.52, Recall: 0.93, F1: 0.67, AUC: 0.58
Epoch [12/100] [TRAIN] Loss: 0.6990, Accuracy: 56.73%, AUC: 0.57 [VAL] Loss: 0.6948, Accuracy: 56.50%, Precision: 0.52, Recall: 0.93, F1: 0.67, AUC: 0.58
Epoch [13/100] [TRAIN] Loss: 0.6976, Accuracy: 56.73%, AUC: 0.57 [VAL] Loss: 0.6940, Accuracy: 56.50%, Precision: 0.52, Recall: 0.93, F1: 0.67, AUC: 0.58
Epoch [14/100] [TRAIN] Loss: 0.6967, Accuracy: 56.92%, AUC: 0.57 [VAL] Loss: 0.6931, Accuracy: 56.50%, Precision: 0.52, Recall: 0.93, F1: 0.67, AUC: 0.58
Epoch [15/100] [TRAIN] Loss: 0.6970, Accuracy: 56.20%, AUC: 0.56 [VAL] Loss: 0.6925, Accuracy: 56.50%, Precision: 0.52, Recall: 0.93, F1: 0.67, AUC: 0.58
Epoch [16/100] [TRAIN] Loss: 0.6949, Accuracy: 56.79%, AUC: 0.57 [VAL] Loss: 0.6918, Accuracy: 56.50%, Precision: 0.52, Recall: 0.93, F1: 0.67, AUC: 0.58
Epoch [17/100] [TRAIN] Loss: 0.6960, Accuracy: 56.67%, AUC: 0.57 [VAL] Loss: 0.6913, Accuracy: 56.50%, Precision: 0.52, Recall: 0.93, F1: 0.67, AUC: 0.58
Epoch [18/100] [TRAIN] Loss: 0.6950, Accuracy: 56.34%, AUC: 0.56 [VAL] Loss: 0.6908, Accuracy: 56.50%, Precision: 0.52, Recall: 0.93, F1: 0.67, AUC: 0.58
Epoch [19/100] [TRAIN] Loss: 0.6944, Accuracy: 57.41%, AUC: 0.57 [VAL] Loss: 0.6904, Accuracy: 56.50%, Precision: 0.52, Recall: 0.93, F1: 0.67, AUC: 0.58
Epoch [20/100] [TRAIN] Loss: 0.6943, Accuracy: 57.00%, AUC: 0.57 [VAL] Loss: 0.6900, Accuracy: 56.50%, Precision: 0.52, Recall: 0.93, F1: 0.67, AUC: 0.58
Epoch [21/100] [TRAIN] Loss: 0.6937, Accuracy: 57.45%, AUC: 0.57 [VAL] Loss: 0.6896, Accuracy: 56.50%, Precision: 0.52, Recall: 0.93, F1: 0.67, AUC: 0.58
Epoch [22/100] [TRAIN] Loss: 0.6952, Accuracy: 56.59%, AUC: 0.57 [VAL] Loss: 0.6894, Accuracy: 56.50%, Precision: 0.52, Recall: 0.93, F1: 0.67, AUC: 0.58
Epoch [23/100] [TRAIN] Loss: 0.6936, Accuracy: 56.96%, AUC: 0.57 [VAL] Loss: 0.6891, Accuracy: 56.50%, Precision: 0.52, Recall: 0.93, F1: 0.67, AUC: 0.58
Epoch [24/100] [TRAIN] Loss: 0.6937, Accuracy: 57.19%, AUC: 0.57 [VAL] Loss: 0.6888, Accuracy: 56.50%, Precision: 0.52, Recall: 0.93, F1: 0.67, AUC: 0.58
Epoch [25/100] [TRAIN] Loss: 0.6938, Accuracy: 57.21%, AUC: 0.57 [VAL] Loss: 0.6885, Accuracy: 56.50%, Precision: 0.52, Recall: 0.93, F1: 0.67, AUC: 0.58
Epoch [26/100] [TRAIN] Loss: 0.6942, Accuracy: 56.85%, AUC: 0.57 [VAL] Loss: 0.6883, Accuracy: 56.50%, Precision: 0.52, Recall: 0.93, F1: 0.67, AUC: 0.58
Epoch [27/100] [TRAIN] Loss: 0.6942, Accuracy: 56.71%, AUC: 0.57 [VAL] Loss: 0.6881, Accuracy: 56.50%, Precision: 0.52, Recall: 0.93, F1: 0.67, AUC: 0.58
Epoch [28/100] [TRAIN] Loss: 0.6953, Accuracy: 56.64%, AUC: 0.57 [VAL] Loss: 0.6880, Accuracy: 56.50%, Precision: 0.52, Recall: 0.93, F1: 0.67, AUC: 0.58
Epoch [29/100] [TRAIN] Loss: 0.6928, Accuracy: 56.81%, AUC: 0.57 [VAL] Loss: 0.6877, Accuracy: 56.50%, Precision: 0.52, Recall: 0.93, F1: 0.67, AUC: 0.58
Epoch [30/100] [TRAIN] Loss: 0.6929, Accuracy: 56.27%, AUC: 0.56 [VAL] Loss: 0.6875, Accuracy: 56.50%, Precision: 0.52, Recall: 0.93, F1: 0.67, AUC: 0.58
Epoch [31/100] [TRAIN] Loss: 0.6940, Accuracy: 57.19%, AUC: 0.57 [VAL] Loss: 0.6873, Accuracy: 56.50%, Precision: 0.52, Recall: 0.93, F1: 0.67, AUC: 0.58
Epoch [32/100] [TRAIN] Loss: 0.6914, Accuracy: 57.77%, AUC: 0.58 [VAL] Loss: 0.6871, Accuracy: 56.50%, Precision: 0.52, Recall: 0.93, F1: 0.67, AUC: 0.58
Epoch [33/100] [TRAIN] Loss: 0.6931, Accuracy: 56.73%, AUC: 0.57 [VAL] Loss: 0.6870, Accuracy: 56.50%, Precision: 0.52, Recall: 0.93, F1: 0.67, AUC: 0.58
Epoch [34/100] [TRAIN] Loss: 0.6928, Accuracy: 57.06%, AUC: 0.57 [VAL] Loss: 0.6868, Accuracy: 56.50%, Precision: 0.52, Recall: 0.93, F1: 0.67, AUC: 0.58
Epoch [35/100] [TRAIN] Loss: 0.6913, Accuracy: 57.31%, AUC: 0.57 [VAL] Loss: 0.6866, Accuracy: 56.50%, Precision: 0.52, Recall: 0.93, F1: 0.67, AUC: 0.58
Epoch [36/100] [TRAIN] Loss: 0.6916, Accuracy: 57.69%, AUC: 0.58 [VAL] Loss: 0.6864, Accuracy: 56.50%, Precision: 0.52, Recall: 0.93, F1: 0.67, AUC: 0.58
Epoch [37/100] [TRAIN] Loss: 0.6930, Accuracy: 56.61%, AUC: 0.57 [VAL] Loss: 0.6863, Accuracy: 56.50%, Precision: 0.52, Recall: 0.93, F1: 0.67, AUC: 0.58
Epoch [38/100] [TRAIN] Loss: 0.6921, Accuracy: 57.42%, AUC: 0.57 [VAL] Loss: 0.6861, Accuracy: 56.50%, Precision: 0.52, Recall: 0.93, F1: 0.67, AUC: 0.58
Epoch [39/100] [TRAIN] Loss: 0.6908, Accuracy: 57.41%, AUC: 0.57 [VAL] Loss: 0.6859, Accuracy: 56.50%, Precision: 0.52, Recall: 0.93, F1: 0.67, AUC: 0.58
Epoch [40/100] [TRAIN] Loss: 0.6919, Accuracy: 57.08%, AUC: 0.57 [VAL] Loss: 0.6858, Accuracy: 56.50%, Precision: 0.52, Recall: 0.93, F1: 0.67, AUC: 0.58
Epoch [41/100] [TRAIN] Loss: 0.6920, Accuracy: 57.52%, AUC: 0.58 [VAL] Loss: 0.6857, Accuracy: 56.50%, Precision: 0.52, Recall: 0.93, F1: 0.67, AUC: 0.58
Epoch [42/100] [TRAIN] Loss: 0.6915, Accuracy: 57.75%, AUC: 0.58 [VAL] Loss: 0.6855, Accuracy: 56.50%, Precision: 0.52, Recall: 0.93, F1: 0.67, AUC: 0.58
Epoch [43/100] [TRAIN] Loss: 0.6922, Accuracy: 56.42%, AUC: 0.56 [VAL] Loss: 0.6855, Accuracy: 56.50%, Precision: 0.52, Recall: 0.93, F1: 0.67, AUC: 0.58
Epoch [44/100] [TRAIN] Loss: 0.6927, Accuracy: 56.36%, AUC: 0.56 [VAL] Loss: 0.6854, Accuracy: 56.50%, Precision: 0.52, Recall: 0.93, F1: 0.67, AUC: 0.58
Epoch [45/100] [TRAIN] Loss: 0.6909, Accuracy: 56.95%, AUC: 0.57 [VAL] Loss: 0.6852, Accuracy: 56.50%, Precision: 0.52, Recall: 0.93, F1: 0.67, AUC: 0.58
Epoch [46/100] [TRAIN] Loss: 0.6915, Accuracy: 56.80%, AUC: 0.57 [VAL] Loss: 0.6851, Accuracy: 56.50%, Precision: 0.52, Recall: 0.93, F1: 0.67, AUC: 0.58
Epoch [47/100] [TRAIN] Loss: 0.6913, Accuracy: 57.17%, AUC: 0.57 [VAL] Loss: 0.6849, Accuracy: 56.50%, Precision: 0.52, Recall: 0.93, F1: 0.67, AUC: 0.58
Epoch [48/100] [TRAIN] Loss: 0.6915, Accuracy: 57.24%, AUC: 0.57 [VAL] Loss: 0.6848, Accuracy: 56.50%, Precision: 0.52, Recall: 0.93, F1: 0.67, AUC: 0.58
Epoch [49/100] [TRAIN] Loss: 0.6897, Accuracy: 57.50%, AUC: 0.58 [VAL] Loss: 0.6847, Accuracy: 56.50%, Precision: 0.52, Recall: 0.93, F1: 0.67, AUC: 0.58
Epoch [50/100] [TRAIN] Loss: 0.6928, Accuracy: 56.54%, AUC: 0.57 [VAL] Loss: 0.6846, Accuracy: 56.50%, Precision: 0.52, Recall: 0.93, F1: 0.67, AUC: 0.58
Epoch [51/100] [TRAIN] Loss: 0.6901, Accuracy: 57.81%, AUC: 0.58 [VAL] Loss: 0.6845, Accuracy: 56.50%, Precision: 0.52, Recall: 0.93, F1: 0.67, AUC: 0.58
Epoch [52/100] [TRAIN] Loss: 0.6904, Accuracy: 56.76%, AUC: 0.57 [VAL] Loss: 0.6844, Accuracy: 56.50%, Precision: 0.52, Recall: 0.93, F1: 0.67, AUC: 0.58
Epoch [53/100] [TRAIN] Loss: 0.6912, Accuracy: 57.80%, AUC: 0.58 [VAL] Loss: 0.6843, Accuracy: 56.50%, Precision: 0.52, Recall: 0.93, F1: 0.67, AUC: 0.58
Epoch [54/100] [TRAIN] Loss: 0.6904, Accuracy: 56.36%, AUC: 0.56 [VAL] Loss: 0.6842, Accuracy: 56.50%, Precision: 0.52, Recall: 0.93, F1: 0.67, AUC: 0.58
Epoch [55/100] [TRAIN] Loss: 0.6890, Accuracy: 57.25%, AUC: 0.57 [VAL] Loss: 0.6840, Accuracy: 56.50%, Precision: 0.52, Recall: 0.93, F1: 0.67, AUC: 0.58
Epoch [56/100] [TRAIN] Loss: 0.6893, Accuracy: 56.65%, AUC: 0.57 [VAL] Loss: 0.6839, Accuracy: 56.50%, Precision: 0.52, Recall: 0.93, F1: 0.67, AUC: 0.58
Epoch [57/100] [TRAIN] Loss: 0.6911, Accuracy: 56.80%, AUC: 0.57 [VAL] Loss: 0.6838, Accuracy: 56.60%, Precision: 0.52, Recall: 0.93, F1: 0.67, AUC: 0.59
Epoch [58/100] [TRAIN] Loss: 0.6914, Accuracy: 56.66%, AUC: 0.57 [VAL] Loss: 0.6838, Accuracy: 56.70%, Precision: 0.52, Recall: 0.93, F1: 0.67, AUC: 0.59
Epoch [59/100] [TRAIN] Loss: 0.6881, Accuracy: 58.20%, AUC: 0.58 [VAL] Loss: 0.6836, Accuracy: 56.70%, Precision: 0.52, Recall: 0.93, F1: 0.67, AUC: 0.59
Epoch [60/100] [TRAIN] Loss: 0.6884, Accuracy: 57.31%, AUC: 0.57 [VAL] Loss: 0.6834, Accuracy: 56.70%, Precision: 0.52, Recall: 0.93, F1: 0.67, AUC: 0.59
Epoch [61/100] [TRAIN] Loss: 0.6887, Accuracy: 56.84%, AUC: 0.57 [VAL] Loss: 0.6833, Accuracy: 56.70%, Precision: 0.52, Recall: 0.93, F1: 0.67, AUC: 0.59
Epoch [62/100] [TRAIN] Loss: 0.6890, Accuracy: 56.88%, AUC: 0.57 [VAL] Loss: 0.6832, Accuracy: 56.70%, Precision: 0.52, Recall: 0.93, F1: 0.67, AUC: 0.59
Epoch [63/100] [TRAIN] Loss: 0.6897, Accuracy: 57.39%, AUC: 0.57 [VAL] Loss: 0.6831, Accuracy: 56.70%, Precision: 0.52, Recall: 0.93, F1: 0.67, AUC: 0.59
Epoch [64/100] [TRAIN] Loss: 0.6898, Accuracy: 56.80%, AUC: 0.57 [VAL] Loss: 0.6830, Accuracy: 56.70%, Precision: 0.52, Recall: 0.93, F1: 0.67, AUC: 0.59
Epoch [65/100] [TRAIN] Loss: 0.6896, Accuracy: 57.88%, AUC: 0.58 [VAL] Loss: 0.6830, Accuracy: 56.70%, Precision: 0.52, Recall: 0.93, F1: 0.67, AUC: 0.59
Epoch [66/100] [TRAIN] Loss: 0.6895, Accuracy: 57.40%, AUC: 0.57 [VAL] Loss: 0.6829, Accuracy: 56.70%, Precision: 0.52, Recall: 0.93, F1: 0.67, AUC: 0.59
Epoch [67/100] [TRAIN] Loss: 0.6890, Accuracy: 57.64%, AUC: 0.58 [VAL] Loss: 0.6828, Accuracy: 56.70%, Precision: 0.52, Recall: 0.93, F1: 0.67, AUC: 0.59
Epoch [68/100] [TRAIN] Loss: 0.6889, Accuracy: 57.35%, AUC: 0.57 [VAL] Loss: 0.6826, Accuracy: 56.70%, Precision: 0.52, Recall: 0.93, F1: 0.67, AUC: 0.59
Epoch [69/100] [TRAIN] Loss: 0.6894, Accuracy: 56.95%, AUC: 0.57 [VAL] Loss: 0.6825, Accuracy: 56.70%, Precision: 0.52, Recall: 0.93, F1: 0.67, AUC: 0.59
Epoch [70/100] [TRAIN] Loss: 0.6892, Accuracy: 56.74%, AUC: 0.57 [VAL] Loss: 0.6824, Accuracy: 56.70%, Precision: 0.52, Recall: 0.93, F1: 0.67, AUC: 0.59
Epoch [71/100] [TRAIN] Loss: 0.6893, Accuracy: 57.05%, AUC: 0.57 [VAL] Loss: 0.6823, Accuracy: 56.70%, Precision: 0.52, Recall: 0.93, F1: 0.67, AUC: 0.59
Epoch [72/100] [TRAIN] Loss: 0.6896, Accuracy: 56.96%, AUC: 0.57 [VAL] Loss: 0.6823, Accuracy: 56.70%, Precision: 0.52, Recall: 0.93, F1: 0.67, AUC: 0.59
Epoch [73/100] [TRAIN] Loss: 0.6878, Accuracy: 57.77%, AUC: 0.58 [VAL] Loss: 0.6822, Accuracy: 56.70%, Precision: 0.52, Recall: 0.93, F1: 0.67, AUC: 0.59
Epoch [74/100] [TRAIN] Loss: 0.6895, Accuracy: 56.59%, AUC: 0.57 [VAL] Loss: 0.6821, Accuracy: 56.70%, Precision: 0.52, Recall: 0.93, F1: 0.67, AUC: 0.59
Epoch [75/100] [TRAIN] Loss: 0.6873, Accuracy: 56.76%, AUC: 0.57 [VAL] Loss: 0.6820, Accuracy: 56.70%, Precision: 0.52, Recall: 0.93, F1: 0.67, AUC: 0.59
Epoch [76/100] [TRAIN] Loss: 0.6876, Accuracy: 57.85%, AUC: 0.58 [VAL] Loss: 0.6819, Accuracy: 56.70%, Precision: 0.52, Recall: 0.93, F1: 0.67, AUC: 0.59
Epoch [77/100] [TRAIN] Loss: 0.6884, Accuracy: 57.56%, AUC: 0.58 [VAL] Loss: 0.6818, Accuracy: 56.70%, Precision: 0.52, Recall: 0.93, F1: 0.67, AUC: 0.59
Epoch [78/100] [TRAIN] Loss: 0.6898, Accuracy: 57.08%, AUC: 0.57 [VAL] Loss: 0.6817, Accuracy: 56.70%, Precision: 0.52, Recall: 0.93, F1: 0.67, AUC: 0.59
Epoch [79/100] [TRAIN] Loss: 0.6894, Accuracy: 57.33%, AUC: 0.57 [VAL] Loss: 0.6817, Accuracy: 56.70%, Precision: 0.52, Recall: 0.93, F1: 0.67, AUC: 0.59
Epoch [80/100] [TRAIN] Loss: 0.6888, Accuracy: 56.74%, AUC: 0.57 [VAL] Loss: 0.6816, Accuracy: 56.70%, Precision: 0.52, Recall: 0.93, F1: 0.67, AUC: 0.59
Epoch [81/100] [TRAIN] Loss: 0.6886, Accuracy: 57.73%, AUC: 0.58 [VAL] Loss: 0.6815, Accuracy: 56.70%, Precision: 0.52, Recall: 0.93, F1: 0.67, AUC: 0.59
Epoch [82/100] [TRAIN] Loss: 0.6878, Accuracy: 57.16%, AUC: 0.57 [VAL] Loss: 0.6814, Accuracy: 56.70%, Precision: 0.52, Recall: 0.93, F1: 0.67, AUC: 0.59
Epoch [83/100] [TRAIN] Loss: 0.6881, Accuracy: 57.20%, AUC: 0.57 [VAL] Loss: 0.6813, Accuracy: 56.70%, Precision: 0.52, Recall: 0.93, F1: 0.67, AUC: 0.59
Epoch [84/100] [TRAIN] Loss: 0.6872, Accuracy: 57.09%, AUC: 0.57 [VAL] Loss: 0.6812, Accuracy: 56.70%, Precision: 0.52, Recall: 0.93, F1: 0.67, AUC: 0.59
Epoch [85/100] [TRAIN] Loss: 0.6872, Accuracy: 57.25%, AUC: 0.57 [VAL] Loss: 0.6811, Accuracy: 56.70%, Precision: 0.52, Recall: 0.93, F1: 0.67, AUC: 0.59
Epoch [86/100] [TRAIN] Loss: 0.6882, Accuracy: 56.84%, AUC: 0.57 [VAL] Loss: 0.6811, Accuracy: 56.70%, Precision: 0.52, Recall: 0.93, F1: 0.67, AUC: 0.59
Epoch [87/100] [TRAIN] Loss: 0.6876, Accuracy: 57.34%, AUC: 0.57 [VAL] Loss: 0.6810, Accuracy: 56.70%, Precision: 0.52, Recall: 0.93, F1: 0.67, AUC: 0.59
Epoch [88/100] [TRAIN] Loss: 0.6888, Accuracy: 56.59%, AUC: 0.57 [VAL] Loss: 0.6809, Accuracy: 56.70%, Precision: 0.52, Recall: 0.93, F1: 0.67, AUC: 0.59
Epoch [89/100] [TRAIN] Loss: 0.6892, Accuracy: 57.00%, AUC: 0.57 [VAL] Loss: 0.6809, Accuracy: 56.70%, Precision: 0.52, Recall: 0.93, F1: 0.67, AUC: 0.59
Epoch [90/100] [TRAIN] Loss: 0.6871, Accuracy: 56.69%, AUC: 0.57 [VAL] Loss: 0.6808, Accuracy: 56.70%, Precision: 0.52, Recall: 0.93, F1: 0.67, AUC: 0.59
Epoch [91/100] [TRAIN] Loss: 0.6861, Accuracy: 57.48%, AUC: 0.57 [VAL] Loss: 0.6806, Accuracy: 56.70%, Precision: 0.52, Recall: 0.93, F1: 0.67, AUC: 0.59
Epoch [92/100] [TRAIN] Loss: 0.6882, Accuracy: 55.96%, AUC: 0.56 [VAL] Loss: 0.6806, Accuracy: 56.70%, Precision: 0.52, Recall: 0.93, F1: 0.67, AUC: 0.59
Epoch [93/100] [TRAIN] Loss: 0.6886, Accuracy: 56.62%, AUC: 0.57 [VAL] Loss: 0.6805, Accuracy: 56.70%, Precision: 0.52, Recall: 0.93, F1: 0.67, AUC: 0.59
Epoch [94/100] [TRAIN] Loss: 0.6879, Accuracy: 56.42%, AUC: 0.56 [VAL] Loss: 0.6805, Accuracy: 56.70%, Precision: 0.52, Recall: 0.93, F1: 0.67, AUC: 0.59
Epoch [95/100] [TRAIN] Loss: 0.6871, Accuracy: 57.31%, AUC: 0.57 [VAL] Loss: 0.6804, Accuracy: 56.70%, Precision: 0.52, Recall: 0.93, F1: 0.67, AUC: 0.59
Epoch [96/100] [TRAIN] Loss: 0.6866, Accuracy: 56.74%, AUC: 0.57 [VAL] Loss: 0.6803, Accuracy: 56.70%, Precision: 0.52, Recall: 0.93, F1: 0.67, AUC: 0.59
Epoch [97/100] [TRAIN] Loss: 0.6875, Accuracy: 57.48%, AUC: 0.57 [VAL] Loss: 0.6802, Accuracy: 56.70%, Precision: 0.52, Recall: 0.93, F1: 0.67, AUC: 0.59
Epoch [98/100] [TRAIN] Loss: 0.6866, Accuracy: 58.06%, AUC: 0.58 [VAL] Loss: 0.6801, Accuracy: 56.70%, Precision: 0.52, Recall: 0.93, F1: 0.67, AUC: 0.59
Epoch [99/100] [TRAIN] Loss: 0.6864, Accuracy: 57.89%, AUC: 0.58 [VAL] Loss: 0.6800, Accuracy: 56.70%, Precision: 0.52, Recall: 0.93, F1: 0.67, AUC: 0.59
Epoch [100/100] [TRAIN] Loss: 0.6861, Accuracy: 57.70%, AUC: 0.58 [VAL] Loss: 0.6799, Accuracy: 56.70%, Precision: 0.52, Recall: 0.93, F1: 0.67, AUC: 0.59
Seed: 789
Accuracy:  55.00 %
AUC:       0.5478
Precision: 0.5304
Recall:    0.9185
F1-Score:  0.6725

Detailed Classification Report:
              precision    recall  f1-score   support

           0       0.68      0.18      0.28       497
           1       0.53      0.92      0.67       503

    accuracy                           0.55      1000
   macro avg       0.61      0.55      0.48      1000
weighted avg       0.61      0.55      0.48      1000


Confusion Matrix:
[[ 88 409]
 [ 41 462]]


014-H3K27ac-H3K27me3
Train label distribution:
  Label 0:   4077 (51.0%)
  Label 1:   3923 (49.0%)
Val label distribution:
  Label 0:    529 (52.9%)
  Label 1:    471 (47.1%)
Test label distribution:
  Label 0:    497 (49.7%)
  Label 1:    503 (50.3%)
Epoch [1/100] [TRAIN] Loss: 0.6694, Accuracy: 64.24%, AUC: 0.64 [VAL] Loss: 0.6358, Accuracy: 70.60%, Precision: 0.67, Recall: 0.75, F1: 0.71, AUC: 0.71
Epoch [2/100] [TRAIN] Loss: 0.6183, Accuracy: 71.79%, AUC: 0.72 [VAL] Loss: 0.6220, Accuracy: 71.30%, Precision: 0.67, Recall: 0.76, F1: 0.71, AUC: 0.72
Epoch [3/100] [TRAIN] Loss: 0.6066, Accuracy: 72.49%, AUC: 0.72 [VAL] Loss: 0.6175, Accuracy: 71.40%, Precision: 0.68, Recall: 0.75, F1: 0.71, AUC: 0.72
Epoch [4/100] [TRAIN] Loss: 0.6007, Accuracy: 72.89%, AUC: 0.73 [VAL] Loss: 0.6145, Accuracy: 71.60%, Precision: 0.68, Recall: 0.76, F1: 0.71, AUC: 0.72
Epoch [5/100] [TRAIN] Loss: 0.5914, Accuracy: 73.41%, AUC: 0.73 [VAL] Loss: 0.6117, Accuracy: 71.70%, Precision: 0.68, Recall: 0.76, F1: 0.72, AUC: 0.72
Epoch [6/100] [TRAIN] Loss: 0.5936, Accuracy: 73.09%, AUC: 0.73 [VAL] Loss: 0.6091, Accuracy: 72.00%, Precision: 0.68, Recall: 0.76, F1: 0.72, AUC: 0.72
Epoch [7/100] [TRAIN] Loss: 0.5919, Accuracy: 73.00%, AUC: 0.73 [VAL] Loss: 0.6076, Accuracy: 71.90%, Precision: 0.68, Recall: 0.75, F1: 0.72, AUC: 0.72
Epoch [8/100] [TRAIN] Loss: 0.5842, Accuracy: 73.03%, AUC: 0.73 [VAL] Loss: 0.6064, Accuracy: 71.50%, Precision: 0.68, Recall: 0.75, F1: 0.71, AUC: 0.72
Epoch [9/100] [TRAIN] Loss: 0.5844, Accuracy: 73.22%, AUC: 0.73 [VAL] Loss: 0.6054, Accuracy: 71.60%, Precision: 0.68, Recall: 0.75, F1: 0.71, AUC: 0.72
Epoch [10/100] [TRAIN] Loss: 0.5810, Accuracy: 73.76%, AUC: 0.74 [VAL] Loss: 0.6040, Accuracy: 71.50%, Precision: 0.68, Recall: 0.74, F1: 0.71, AUC: 0.72
Epoch [11/100] [TRAIN] Loss: 0.5854, Accuracy: 73.44%, AUC: 0.73 [VAL] Loss: 0.6026, Accuracy: 71.60%, Precision: 0.68, Recall: 0.74, F1: 0.71, AUC: 0.72
Epoch [12/100] [TRAIN] Loss: 0.5841, Accuracy: 73.55%, AUC: 0.74 [VAL] Loss: 0.6020, Accuracy: 71.60%, Precision: 0.68, Recall: 0.74, F1: 0.71, AUC: 0.72
Epoch [13/100] [TRAIN] Loss: 0.5825, Accuracy: 73.08%, AUC: 0.73 [VAL] Loss: 0.6012, Accuracy: 71.40%, Precision: 0.68, Recall: 0.74, F1: 0.71, AUC: 0.72
Epoch [14/100] [TRAIN] Loss: 0.5798, Accuracy: 73.46%, AUC: 0.73 [VAL] Loss: 0.6013, Accuracy: 71.40%, Precision: 0.68, Recall: 0.74, F1: 0.71, AUC: 0.72
Epoch [15/100] [TRAIN] Loss: 0.5770, Accuracy: 73.31%, AUC: 0.73 [VAL] Loss: 0.6006, Accuracy: 71.40%, Precision: 0.68, Recall: 0.74, F1: 0.71, AUC: 0.72
Epoch [16/100] [TRAIN] Loss: 0.5840, Accuracy: 72.83%, AUC: 0.73 [VAL] Loss: 0.5995, Accuracy: 71.30%, Precision: 0.68, Recall: 0.74, F1: 0.71, AUC: 0.71
Epoch [17/100] [TRAIN] Loss: 0.5734, Accuracy: 73.80%, AUC: 0.74 [VAL] Loss: 0.5994, Accuracy: 71.20%, Precision: 0.68, Recall: 0.74, F1: 0.71, AUC: 0.71
Epoch [18/100] [TRAIN] Loss: 0.5770, Accuracy: 73.60%, AUC: 0.74 [VAL] Loss: 0.5985, Accuracy: 71.30%, Precision: 0.68, Recall: 0.74, F1: 0.71, AUC: 0.71
Epoch [19/100] [TRAIN] Loss: 0.5784, Accuracy: 74.10%, AUC: 0.74 [VAL] Loss: 0.5977, Accuracy: 71.40%, Precision: 0.68, Recall: 0.74, F1: 0.71, AUC: 0.72
Epoch [20/100] [TRAIN] Loss: 0.5713, Accuracy: 73.35%, AUC: 0.73 [VAL] Loss: 0.5981, Accuracy: 71.40%, Precision: 0.68, Recall: 0.74, F1: 0.71, AUC: 0.72
Epoch [21/100] [TRAIN] Loss: 0.5724, Accuracy: 73.36%, AUC: 0.73 [VAL] Loss: 0.5979, Accuracy: 71.60%, Precision: 0.68, Recall: 0.74, F1: 0.71, AUC: 0.72
Epoch [22/100] [TRAIN] Loss: 0.5756, Accuracy: 73.44%, AUC: 0.73 [VAL] Loss: 0.5969, Accuracy: 71.60%, Precision: 0.68, Recall: 0.74, F1: 0.71, AUC: 0.72
Epoch [23/100] [TRAIN] Loss: 0.5746, Accuracy: 73.16%, AUC: 0.73 [VAL] Loss: 0.5964, Accuracy: 71.60%, Precision: 0.68, Recall: 0.74, F1: 0.71, AUC: 0.72
Epoch [24/100] [TRAIN] Loss: 0.5697, Accuracy: 73.92%, AUC: 0.74 [VAL] Loss: 0.5962, Accuracy: 71.80%, Precision: 0.68, Recall: 0.74, F1: 0.71, AUC: 0.72
Epoch [25/100] [TRAIN] Loss: 0.5734, Accuracy: 73.67%, AUC: 0.74 [VAL] Loss: 0.5953, Accuracy: 71.80%, Precision: 0.69, Recall: 0.74, F1: 0.71, AUC: 0.72
Epoch [26/100] [TRAIN] Loss: 0.5712, Accuracy: 73.12%, AUC: 0.73 [VAL] Loss: 0.5952, Accuracy: 71.80%, Precision: 0.68, Recall: 0.74, F1: 0.71, AUC: 0.72
Epoch [27/100] [TRAIN] Loss: 0.5712, Accuracy: 73.54%, AUC: 0.74 [VAL] Loss: 0.5949, Accuracy: 71.60%, Precision: 0.68, Recall: 0.74, F1: 0.71, AUC: 0.72
Epoch [28/100] [TRAIN] Loss: 0.5727, Accuracy: 72.84%, AUC: 0.73 [VAL] Loss: 0.5947, Accuracy: 71.40%, Precision: 0.68, Recall: 0.74, F1: 0.71, AUC: 0.72
Epoch [29/100] [TRAIN] Loss: 0.5687, Accuracy: 73.97%, AUC: 0.74 [VAL] Loss: 0.5946, Accuracy: 71.50%, Precision: 0.68, Recall: 0.74, F1: 0.71, AUC: 0.72
Epoch [30/100] [TRAIN] Loss: 0.5685, Accuracy: 73.85%, AUC: 0.74 [VAL] Loss: 0.5943, Accuracy: 71.40%, Precision: 0.68, Recall: 0.74, F1: 0.71, AUC: 0.72
Epoch [31/100] [TRAIN] Loss: 0.5651, Accuracy: 73.69%, AUC: 0.74 [VAL] Loss: 0.5943, Accuracy: 71.40%, Precision: 0.68, Recall: 0.74, F1: 0.71, AUC: 0.72
Epoch [32/100] [TRAIN] Loss: 0.5682, Accuracy: 73.79%, AUC: 0.74 [VAL] Loss: 0.5936, Accuracy: 71.30%, Precision: 0.68, Recall: 0.74, F1: 0.71, AUC: 0.71
Epoch [33/100] [TRAIN] Loss: 0.5674, Accuracy: 73.69%, AUC: 0.74 [VAL] Loss: 0.5936, Accuracy: 71.30%, Precision: 0.68, Recall: 0.74, F1: 0.71, AUC: 0.71
Epoch [34/100] [TRAIN] Loss: 0.5656, Accuracy: 73.39%, AUC: 0.73 [VAL] Loss: 0.5937, Accuracy: 71.40%, Precision: 0.68, Recall: 0.74, F1: 0.71, AUC: 0.72
Epoch [35/100] [TRAIN] Loss: 0.5683, Accuracy: 73.11%, AUC: 0.73 [VAL] Loss: 0.5929, Accuracy: 71.40%, Precision: 0.68, Recall: 0.74, F1: 0.71, AUC: 0.72
Epoch [36/100] [TRAIN] Loss: 0.5665, Accuracy: 73.54%, AUC: 0.74 [VAL] Loss: 0.5931, Accuracy: 71.40%, Precision: 0.68, Recall: 0.74, F1: 0.71, AUC: 0.72
Epoch [37/100] [TRAIN] Loss: 0.5652, Accuracy: 73.50%, AUC: 0.74 [VAL] Loss: 0.5925, Accuracy: 71.50%, Precision: 0.68, Recall: 0.74, F1: 0.71, AUC: 0.72
Epoch [38/100] [TRAIN] Loss: 0.5691, Accuracy: 73.55%, AUC: 0.74 [VAL] Loss: 0.5922, Accuracy: 71.60%, Precision: 0.68, Recall: 0.74, F1: 0.71, AUC: 0.72
Epoch [39/100] [TRAIN] Loss: 0.5637, Accuracy: 73.96%, AUC: 0.74 [VAL] Loss: 0.5924, Accuracy: 71.50%, Precision: 0.68, Recall: 0.74, F1: 0.71, AUC: 0.72
Epoch [40/100] [TRAIN] Loss: 0.5662, Accuracy: 73.78%, AUC: 0.74 [VAL] Loss: 0.5919, Accuracy: 71.50%, Precision: 0.68, Recall: 0.74, F1: 0.71, AUC: 0.72
Epoch [41/100] [TRAIN] Loss: 0.5680, Accuracy: 73.16%, AUC: 0.73 [VAL] Loss: 0.5915, Accuracy: 71.50%, Precision: 0.68, Recall: 0.74, F1: 0.71, AUC: 0.72
Epoch [42/100] [TRAIN] Loss: 0.5623, Accuracy: 74.20%, AUC: 0.74 [VAL] Loss: 0.5924, Accuracy: 71.60%, Precision: 0.68, Recall: 0.74, F1: 0.71, AUC: 0.72
Epoch [43/100] [TRAIN] Loss: 0.5628, Accuracy: 73.70%, AUC: 0.74 [VAL] Loss: 0.5924, Accuracy: 71.60%, Precision: 0.68, Recall: 0.74, F1: 0.71, AUC: 0.72
Epoch [44/100] [TRAIN] Loss: 0.5619, Accuracy: 73.56%, AUC: 0.74 [VAL] Loss: 0.5917, Accuracy: 71.60%, Precision: 0.68, Recall: 0.74, F1: 0.71, AUC: 0.72
Epoch [45/100] [TRAIN] Loss: 0.5628, Accuracy: 74.03%, AUC: 0.74 [VAL] Loss: 0.5917, Accuracy: 71.50%, Precision: 0.68, Recall: 0.74, F1: 0.71, AUC: 0.72
Epoch [46/100] [TRAIN] Loss: 0.5600, Accuracy: 73.38%, AUC: 0.73 [VAL] Loss: 0.5923, Accuracy: 71.40%, Precision: 0.68, Recall: 0.74, F1: 0.71, AUC: 0.72
Epoch [47/100] [TRAIN] Loss: 0.5614, Accuracy: 73.36%, AUC: 0.73 [VAL] Loss: 0.5921, Accuracy: 71.30%, Precision: 0.68, Recall: 0.73, F1: 0.71, AUC: 0.71
Epoch [48/100] [TRAIN] Loss: 0.5613, Accuracy: 73.58%, AUC: 0.74 [VAL] Loss: 0.5921, Accuracy: 71.30%, Precision: 0.68, Recall: 0.73, F1: 0.71, AUC: 0.71
Epoch [49/100] [TRAIN] Loss: 0.5597, Accuracy: 73.72%, AUC: 0.74 [VAL] Loss: 0.5921, Accuracy: 71.30%, Precision: 0.68, Recall: 0.73, F1: 0.71, AUC: 0.71
Epoch [50/100] [TRAIN] Loss: 0.5608, Accuracy: 73.96%, AUC: 0.74 [VAL] Loss: 0.5921, Accuracy: 71.30%, Precision: 0.68, Recall: 0.73, F1: 0.71, AUC: 0.71
Epoch [51/100] [TRAIN] Loss: 0.5613, Accuracy: 73.85%, AUC: 0.74 [VAL] Loss: 0.5920, Accuracy: 71.40%, Precision: 0.68, Recall: 0.74, F1: 0.71, AUC: 0.72
  Early stopping at epoch 51 (no val_loss improvement for 10 epochs)
Seed: 789
Accuracy:  74.80 %
AUC:       0.7479
Precision: 0.7437
Recall:    0.7614
F1-Score:  0.7525

Detailed Classification Report:
              precision    recall  f1-score   support

           0       0.75      0.73      0.74       497
           1       0.74      0.76      0.75       503

    accuracy                           0.75      1000
   macro avg       0.75      0.75      0.75      1000
weighted avg       0.75      0.75      0.75      1000


Confusion Matrix:
[[365 132]
 [120 383]]


015-H3K4me3-H3K9ac-H3K9me3
Train label distribution:
  Label 0:   4077 (51.0%)
  Label 1:   3923 (49.0%)
Val label distribution:
  Label 0:    529 (52.9%)
  Label 1:    471 (47.1%)
Test label distribution:
  Label 0:    497 (49.7%)
  Label 1:    503 (50.3%)
Epoch [1/100] [TRAIN] Loss: 0.6757, Accuracy: 63.00%, AUC: 0.63 [VAL] Loss: 0.6145, Accuracy: 73.10%, Precision: 0.69, Recall: 0.78, F1: 0.73, AUC: 0.73
Epoch [2/100] [TRAIN] Loss: 0.5970, Accuracy: 72.08%, AUC: 0.72 [VAL] Loss: 0.5731, Accuracy: 73.00%, Precision: 0.69, Recall: 0.78, F1: 0.73, AUC: 0.73
Epoch [3/100] [TRAIN] Loss: 0.5844, Accuracy: 72.21%, AUC: 0.72 [VAL] Loss: 0.5669, Accuracy: 73.00%, Precision: 0.69, Recall: 0.78, F1: 0.73, AUC: 0.73
Epoch [4/100] [TRAIN] Loss: 0.5748, Accuracy: 73.10%, AUC: 0.73 [VAL] Loss: 0.5651, Accuracy: 73.00%, Precision: 0.69, Recall: 0.78, F1: 0.73, AUC: 0.73
Epoch [5/100] [TRAIN] Loss: 0.5745, Accuracy: 73.25%, AUC: 0.73 [VAL] Loss: 0.5644, Accuracy: 73.10%, Precision: 0.69, Recall: 0.78, F1: 0.73, AUC: 0.73
Epoch [6/100] [TRAIN] Loss: 0.5768, Accuracy: 73.04%, AUC: 0.73 [VAL] Loss: 0.5641, Accuracy: 73.10%, Precision: 0.69, Recall: 0.78, F1: 0.73, AUC: 0.73
Epoch [7/100] [TRAIN] Loss: 0.5689, Accuracy: 72.99%, AUC: 0.73 [VAL] Loss: 0.5631, Accuracy: 73.30%, Precision: 0.69, Recall: 0.78, F1: 0.73, AUC: 0.74
Epoch [8/100] [TRAIN] Loss: 0.5703, Accuracy: 73.08%, AUC: 0.73 [VAL] Loss: 0.5630, Accuracy: 73.10%, Precision: 0.69, Recall: 0.78, F1: 0.73, AUC: 0.73
Epoch [9/100] [TRAIN] Loss: 0.5722, Accuracy: 73.17%, AUC: 0.73 [VAL] Loss: 0.5627, Accuracy: 73.10%, Precision: 0.69, Recall: 0.78, F1: 0.73, AUC: 0.73
Epoch [10/100] [TRAIN] Loss: 0.5693, Accuracy: 72.92%, AUC: 0.73 [VAL] Loss: 0.5618, Accuracy: 73.00%, Precision: 0.69, Recall: 0.78, F1: 0.73, AUC: 0.73
Epoch [11/100] [TRAIN] Loss: 0.5722, Accuracy: 73.30%, AUC: 0.73 [VAL] Loss: 0.5618, Accuracy: 73.10%, Precision: 0.69, Recall: 0.78, F1: 0.73, AUC: 0.73
Epoch [12/100] [TRAIN] Loss: 0.5651, Accuracy: 72.96%, AUC: 0.73 [VAL] Loss: 0.5619, Accuracy: 73.00%, Precision: 0.69, Recall: 0.78, F1: 0.73, AUC: 0.73
Epoch [13/100] [TRAIN] Loss: 0.5637, Accuracy: 73.65%, AUC: 0.74 [VAL] Loss: 0.5615, Accuracy: 73.10%, Precision: 0.69, Recall: 0.78, F1: 0.73, AUC: 0.73
Epoch [14/100] [TRAIN] Loss: 0.5618, Accuracy: 73.35%, AUC: 0.73 [VAL] Loss: 0.5610, Accuracy: 73.10%, Precision: 0.69, Recall: 0.78, F1: 0.73, AUC: 0.73
Epoch [15/100] [TRAIN] Loss: 0.5623, Accuracy: 73.42%, AUC: 0.73 [VAL] Loss: 0.5608, Accuracy: 73.00%, Precision: 0.69, Recall: 0.78, F1: 0.73, AUC: 0.73
Epoch [16/100] [TRAIN] Loss: 0.5648, Accuracy: 72.94%, AUC: 0.73 [VAL] Loss: 0.5606, Accuracy: 72.90%, Precision: 0.69, Recall: 0.78, F1: 0.73, AUC: 0.73
Epoch [17/100] [TRAIN] Loss: 0.5601, Accuracy: 73.67%, AUC: 0.74 [VAL] Loss: 0.5597, Accuracy: 73.10%, Precision: 0.69, Recall: 0.78, F1: 0.73, AUC: 0.73
Epoch [18/100] [TRAIN] Loss: 0.5570, Accuracy: 73.39%, AUC: 0.73 [VAL] Loss: 0.5590, Accuracy: 73.20%, Precision: 0.69, Recall: 0.78, F1: 0.73, AUC: 0.73
Epoch [19/100] [TRAIN] Loss: 0.5619, Accuracy: 73.64%, AUC: 0.74 [VAL] Loss: 0.5592, Accuracy: 73.10%, Precision: 0.69, Recall: 0.79, F1: 0.73, AUC: 0.73
Epoch [20/100] [TRAIN] Loss: 0.5579, Accuracy: 74.01%, AUC: 0.74 [VAL] Loss: 0.5587, Accuracy: 73.10%, Precision: 0.69, Recall: 0.79, F1: 0.73, AUC: 0.73
Epoch [21/100] [TRAIN] Loss: 0.5585, Accuracy: 73.30%, AUC: 0.73 [VAL] Loss: 0.5584, Accuracy: 73.00%, Precision: 0.69, Recall: 0.79, F1: 0.73, AUC: 0.73
Epoch [22/100] [TRAIN] Loss: 0.5587, Accuracy: 73.30%, AUC: 0.73 [VAL] Loss: 0.5580, Accuracy: 73.20%, Precision: 0.69, Recall: 0.79, F1: 0.73, AUC: 0.73
Epoch [23/100] [TRAIN] Loss: 0.5567, Accuracy: 74.17%, AUC: 0.74 [VAL] Loss: 0.5579, Accuracy: 72.80%, Precision: 0.69, Recall: 0.78, F1: 0.73, AUC: 0.73
Epoch [24/100] [TRAIN] Loss: 0.5537, Accuracy: 73.72%, AUC: 0.74 [VAL] Loss: 0.5574, Accuracy: 72.70%, Precision: 0.68, Recall: 0.78, F1: 0.73, AUC: 0.73
Epoch [25/100] [TRAIN] Loss: 0.5539, Accuracy: 73.91%, AUC: 0.74 [VAL] Loss: 0.5572, Accuracy: 72.80%, Precision: 0.69, Recall: 0.78, F1: 0.73, AUC: 0.73
Epoch [26/100] [TRAIN] Loss: 0.5556, Accuracy: 74.16%, AUC: 0.74 [VAL] Loss: 0.5576, Accuracy: 72.60%, Precision: 0.68, Recall: 0.78, F1: 0.73, AUC: 0.73
Epoch [27/100] [TRAIN] Loss: 0.5553, Accuracy: 73.36%, AUC: 0.73 [VAL] Loss: 0.5571, Accuracy: 72.60%, Precision: 0.68, Recall: 0.78, F1: 0.73, AUC: 0.73
Epoch [28/100] [TRAIN] Loss: 0.5565, Accuracy: 73.78%, AUC: 0.74 [VAL] Loss: 0.5566, Accuracy: 72.70%, Precision: 0.69, Recall: 0.78, F1: 0.73, AUC: 0.73
Epoch [29/100] [TRAIN] Loss: 0.5533, Accuracy: 73.89%, AUC: 0.74 [VAL] Loss: 0.5562, Accuracy: 72.70%, Precision: 0.69, Recall: 0.78, F1: 0.73, AUC: 0.73
Epoch [30/100] [TRAIN] Loss: 0.5564, Accuracy: 73.54%, AUC: 0.74 [VAL] Loss: 0.5560, Accuracy: 72.60%, Precision: 0.68, Recall: 0.77, F1: 0.73, AUC: 0.73
Epoch [31/100] [TRAIN] Loss: 0.5536, Accuracy: 73.94%, AUC: 0.74 [VAL] Loss: 0.5567, Accuracy: 72.60%, Precision: 0.69, Recall: 0.77, F1: 0.73, AUC: 0.73
Epoch [32/100] [TRAIN] Loss: 0.5503, Accuracy: 73.84%, AUC: 0.74 [VAL] Loss: 0.5562, Accuracy: 72.70%, Precision: 0.69, Recall: 0.77, F1: 0.73, AUC: 0.73
Epoch [33/100] [TRAIN] Loss: 0.5540, Accuracy: 73.64%, AUC: 0.74 [VAL] Loss: 0.5562, Accuracy: 72.40%, Precision: 0.68, Recall: 0.77, F1: 0.72, AUC: 0.73
Epoch [34/100] [TRAIN] Loss: 0.5486, Accuracy: 73.92%, AUC: 0.74 [VAL] Loss: 0.5555, Accuracy: 72.40%, Precision: 0.68, Recall: 0.77, F1: 0.73, AUC: 0.73
Epoch [35/100] [TRAIN] Loss: 0.5523, Accuracy: 73.78%, AUC: 0.74 [VAL] Loss: 0.5559, Accuracy: 72.40%, Precision: 0.68, Recall: 0.77, F1: 0.72, AUC: 0.73
Epoch [36/100] [TRAIN] Loss: 0.5531, Accuracy: 73.42%, AUC: 0.73 [VAL] Loss: 0.5561, Accuracy: 72.40%, Precision: 0.68, Recall: 0.77, F1: 0.72, AUC: 0.73
Epoch [37/100] [TRAIN] Loss: 0.5480, Accuracy: 74.06%, AUC: 0.74 [VAL] Loss: 0.5557, Accuracy: 72.50%, Precision: 0.68, Recall: 0.77, F1: 0.73, AUC: 0.73
Epoch [38/100] [TRAIN] Loss: 0.5482, Accuracy: 73.86%, AUC: 0.74 [VAL] Loss: 0.5559, Accuracy: 72.40%, Precision: 0.68, Recall: 0.77, F1: 0.72, AUC: 0.73
Epoch [39/100] [TRAIN] Loss: 0.5482, Accuracy: 74.50%, AUC: 0.75 [VAL] Loss: 0.5551, Accuracy: 72.60%, Precision: 0.69, Recall: 0.77, F1: 0.73, AUC: 0.73
Epoch [40/100] [TRAIN] Loss: 0.5514, Accuracy: 73.69%, AUC: 0.74 [VAL] Loss: 0.5553, Accuracy: 72.60%, Precision: 0.69, Recall: 0.77, F1: 0.73, AUC: 0.73
Epoch [41/100] [TRAIN] Loss: 0.5527, Accuracy: 74.08%, AUC: 0.74 [VAL] Loss: 0.5553, Accuracy: 72.60%, Precision: 0.69, Recall: 0.77, F1: 0.73, AUC: 0.73
Epoch [42/100] [TRAIN] Loss: 0.5487, Accuracy: 73.64%, AUC: 0.74 [VAL] Loss: 0.5555, Accuracy: 72.50%, Precision: 0.68, Recall: 0.77, F1: 0.73, AUC: 0.73
Epoch [43/100] [TRAIN] Loss: 0.5484, Accuracy: 74.20%, AUC: 0.74 [VAL] Loss: 0.5554, Accuracy: 72.70%, Precision: 0.69, Recall: 0.77, F1: 0.73, AUC: 0.73
Epoch [44/100] [TRAIN] Loss: 0.5503, Accuracy: 73.83%, AUC: 0.74 [VAL] Loss: 0.5552, Accuracy: 72.70%, Precision: 0.69, Recall: 0.77, F1: 0.73, AUC: 0.73
Epoch [45/100] [TRAIN] Loss: 0.5492, Accuracy: 74.15%, AUC: 0.74 [VAL] Loss: 0.5555, Accuracy: 72.80%, Precision: 0.69, Recall: 0.77, F1: 0.73, AUC: 0.73
Epoch [46/100] [TRAIN] Loss: 0.5474, Accuracy: 74.12%, AUC: 0.74 [VAL] Loss: 0.5555, Accuracy: 72.70%, Precision: 0.69, Recall: 0.77, F1: 0.73, AUC: 0.73
Epoch [47/100] [TRAIN] Loss: 0.5478, Accuracy: 73.86%, AUC: 0.74 [VAL] Loss: 0.5555, Accuracy: 72.70%, Precision: 0.69, Recall: 0.77, F1: 0.73, AUC: 0.73
Epoch [48/100] [TRAIN] Loss: 0.5480, Accuracy: 73.83%, AUC: 0.74 [VAL] Loss: 0.5555, Accuracy: 72.70%, Precision: 0.69, Recall: 0.77, F1: 0.73, AUC: 0.73
Epoch [49/100] [TRAIN] Loss: 0.5445, Accuracy: 73.90%, AUC: 0.74 [VAL] Loss: 0.5555, Accuracy: 72.70%, Precision: 0.69, Recall: 0.77, F1: 0.73, AUC: 0.73
  Early stopping at epoch 49 (no val_loss improvement for 10 epochs)
Seed: 789
Accuracy:  73.80 %
AUC:       0.7377
Precision: 0.7179
Recall:    0.7893
F1-Score:  0.7519

Detailed Classification Report:
              precision    recall  f1-score   support

           0       0.76      0.69      0.72       497
           1       0.72      0.79      0.75       503

    accuracy                           0.74      1000
   macro avg       0.74      0.74      0.74      1000
weighted avg       0.74      0.74      0.74      1000


Confusion Matrix:
[[341 156]
 [106 397]]


016-H3K4me3-H3K9ac-H3K27ac
Train label distribution:
  Label 0:   4077 (51.0%)
  Label 1:   3923 (49.0%)
Val label distribution:
  Label 0:    529 (52.9%)
  Label 1:    471 (47.1%)
Test label distribution:
  Label 0:    497 (49.7%)
  Label 1:    503 (50.3%)
Epoch [1/100] [TRAIN] Loss: 0.6366, Accuracy: 67.67%, AUC: 0.68 [VAL] Loss: 0.5845, Accuracy: 72.00%, Precision: 0.68, Recall: 0.76, F1: 0.72, AUC: 0.72
Epoch [2/100] [TRAIN] Loss: 0.5853, Accuracy: 73.30%, AUC: 0.73 [VAL] Loss: 0.5807, Accuracy: 72.00%, Precision: 0.68, Recall: 0.76, F1: 0.72, AUC: 0.72
Epoch [3/100] [TRAIN] Loss: 0.5800, Accuracy: 73.45%, AUC: 0.73 [VAL] Loss: 0.5781, Accuracy: 71.90%, Precision: 0.68, Recall: 0.75, F1: 0.72, AUC: 0.72
Epoch [4/100] [TRAIN] Loss: 0.5740, Accuracy: 73.94%, AUC: 0.74 [VAL] Loss: 0.5761, Accuracy: 72.70%, Precision: 0.69, Recall: 0.76, F1: 0.72, AUC: 0.73
Epoch [5/100] [TRAIN] Loss: 0.5707, Accuracy: 73.67%, AUC: 0.74 [VAL] Loss: 0.5753, Accuracy: 72.50%, Precision: 0.69, Recall: 0.76, F1: 0.72, AUC: 0.73
Epoch [6/100] [TRAIN] Loss: 0.5656, Accuracy: 74.33%, AUC: 0.74 [VAL] Loss: 0.5744, Accuracy: 72.80%, Precision: 0.69, Recall: 0.76, F1: 0.72, AUC: 0.73
Epoch [7/100] [TRAIN] Loss: 0.5697, Accuracy: 73.29%, AUC: 0.73 [VAL] Loss: 0.5734, Accuracy: 73.00%, Precision: 0.69, Recall: 0.76, F1: 0.73, AUC: 0.73
Epoch [8/100] [TRAIN] Loss: 0.5643, Accuracy: 74.09%, AUC: 0.74 [VAL] Loss: 0.5729, Accuracy: 73.40%, Precision: 0.70, Recall: 0.77, F1: 0.73, AUC: 0.74
Epoch [9/100] [TRAIN] Loss: 0.5636, Accuracy: 73.83%, AUC: 0.74 [VAL] Loss: 0.5721, Accuracy: 73.70%, Precision: 0.70, Recall: 0.77, F1: 0.73, AUC: 0.74
Epoch [10/100] [TRAIN] Loss: 0.5602, Accuracy: 74.04%, AUC: 0.74 [VAL] Loss: 0.5718, Accuracy: 73.70%, Precision: 0.70, Recall: 0.77, F1: 0.73, AUC: 0.74
Epoch [11/100] [TRAIN] Loss: 0.5589, Accuracy: 74.01%, AUC: 0.74 [VAL] Loss: 0.5712, Accuracy: 73.40%, Precision: 0.70, Recall: 0.76, F1: 0.73, AUC: 0.74
Epoch [12/100] [TRAIN] Loss: 0.5603, Accuracy: 73.83%, AUC: 0.74 [VAL] Loss: 0.5705, Accuracy: 73.30%, Precision: 0.70, Recall: 0.76, F1: 0.73, AUC: 0.73
Epoch [13/100] [TRAIN] Loss: 0.5565, Accuracy: 74.24%, AUC: 0.74 [VAL] Loss: 0.5709, Accuracy: 73.60%, Precision: 0.70, Recall: 0.77, F1: 0.73, AUC: 0.74
Epoch [14/100] [TRAIN] Loss: 0.5569, Accuracy: 74.36%, AUC: 0.74 [VAL] Loss: 0.5701, Accuracy: 73.50%, Precision: 0.70, Recall: 0.76, F1: 0.73, AUC: 0.74
Epoch [15/100] [TRAIN] Loss: 0.5536, Accuracy: 74.55%, AUC: 0.75 [VAL] Loss: 0.5694, Accuracy: 73.40%, Precision: 0.70, Recall: 0.76, F1: 0.73, AUC: 0.74
Epoch [16/100] [TRAIN] Loss: 0.5515, Accuracy: 74.75%, AUC: 0.75 [VAL] Loss: 0.5693, Accuracy: 73.60%, Precision: 0.70, Recall: 0.76, F1: 0.73, AUC: 0.74
Epoch [17/100] [TRAIN] Loss: 0.5572, Accuracy: 74.66%, AUC: 0.75 [VAL] Loss: 0.5690, Accuracy: 73.40%, Precision: 0.70, Recall: 0.76, F1: 0.73, AUC: 0.74
Epoch [18/100] [TRAIN] Loss: 0.5509, Accuracy: 74.51%, AUC: 0.75 [VAL] Loss: 0.5684, Accuracy: 73.40%, Precision: 0.70, Recall: 0.76, F1: 0.73, AUC: 0.74
Epoch [19/100] [TRAIN] Loss: 0.5542, Accuracy: 74.41%, AUC: 0.74 [VAL] Loss: 0.5683, Accuracy: 73.60%, Precision: 0.70, Recall: 0.77, F1: 0.73, AUC: 0.74
Epoch [20/100] [TRAIN] Loss: 0.5518, Accuracy: 74.50%, AUC: 0.75 [VAL] Loss: 0.5671, Accuracy: 73.40%, Precision: 0.70, Recall: 0.76, F1: 0.73, AUC: 0.74
Epoch [21/100] [TRAIN] Loss: 0.5541, Accuracy: 74.45%, AUC: 0.74 [VAL] Loss: 0.5666, Accuracy: 73.90%, Precision: 0.70, Recall: 0.77, F1: 0.74, AUC: 0.74
Epoch [22/100] [TRAIN] Loss: 0.5511, Accuracy: 74.46%, AUC: 0.74 [VAL] Loss: 0.5664, Accuracy: 73.80%, Precision: 0.70, Recall: 0.77, F1: 0.73, AUC: 0.74
Epoch [23/100] [TRAIN] Loss: 0.5511, Accuracy: 74.39%, AUC: 0.74 [VAL] Loss: 0.5663, Accuracy: 74.00%, Precision: 0.70, Recall: 0.77, F1: 0.74, AUC: 0.74
Epoch [24/100] [TRAIN] Loss: 0.5481, Accuracy: 74.71%, AUC: 0.75 [VAL] Loss: 0.5664, Accuracy: 73.50%, Precision: 0.70, Recall: 0.77, F1: 0.73, AUC: 0.74
Epoch [25/100] [TRAIN] Loss: 0.5476, Accuracy: 74.58%, AUC: 0.75 [VAL] Loss: 0.5663, Accuracy: 73.90%, Precision: 0.70, Recall: 0.77, F1: 0.74, AUC: 0.74
Epoch [26/100] [TRAIN] Loss: 0.5501, Accuracy: 74.59%, AUC: 0.75 [VAL] Loss: 0.5655, Accuracy: 73.70%, Precision: 0.70, Recall: 0.77, F1: 0.73, AUC: 0.74
Epoch [27/100] [TRAIN] Loss: 0.5469, Accuracy: 74.56%, AUC: 0.75 [VAL] Loss: 0.5655, Accuracy: 73.60%, Precision: 0.70, Recall: 0.77, F1: 0.73, AUC: 0.74
Epoch [28/100] [TRAIN] Loss: 0.5495, Accuracy: 74.34%, AUC: 0.74 [VAL] Loss: 0.5662, Accuracy: 73.70%, Precision: 0.70, Recall: 0.77, F1: 0.73, AUC: 0.74
Epoch [29/100] [TRAIN] Loss: 0.5462, Accuracy: 74.92%, AUC: 0.75 [VAL] Loss: 0.5656, Accuracy: 73.50%, Precision: 0.70, Recall: 0.77, F1: 0.73, AUC: 0.74
Epoch [30/100] [TRAIN] Loss: 0.5430, Accuracy: 74.95%, AUC: 0.75 [VAL] Loss: 0.5649, Accuracy: 73.40%, Precision: 0.70, Recall: 0.77, F1: 0.73, AUC: 0.74
Epoch [31/100] [TRAIN] Loss: 0.5478, Accuracy: 74.81%, AUC: 0.75 [VAL] Loss: 0.5645, Accuracy: 73.20%, Precision: 0.70, Recall: 0.77, F1: 0.73, AUC: 0.73
Epoch [32/100] [TRAIN] Loss: 0.5459, Accuracy: 74.78%, AUC: 0.75 [VAL] Loss: 0.5643, Accuracy: 73.20%, Precision: 0.70, Recall: 0.77, F1: 0.73, AUC: 0.73
Epoch [33/100] [TRAIN] Loss: 0.5452, Accuracy: 75.03%, AUC: 0.75 [VAL] Loss: 0.5644, Accuracy: 73.10%, Precision: 0.69, Recall: 0.76, F1: 0.73, AUC: 0.73
Epoch [34/100] [TRAIN] Loss: 0.5401, Accuracy: 74.88%, AUC: 0.75 [VAL] Loss: 0.5642, Accuracy: 73.30%, Precision: 0.70, Recall: 0.77, F1: 0.73, AUC: 0.73
Epoch [35/100] [TRAIN] Loss: 0.5429, Accuracy: 74.79%, AUC: 0.75 [VAL] Loss: 0.5637, Accuracy: 73.30%, Precision: 0.70, Recall: 0.77, F1: 0.73, AUC: 0.73
Epoch [36/100] [TRAIN] Loss: 0.5490, Accuracy: 74.04%, AUC: 0.74 [VAL] Loss: 0.5635, Accuracy: 73.30%, Precision: 0.70, Recall: 0.77, F1: 0.73, AUC: 0.73
Epoch [37/100] [TRAIN] Loss: 0.5437, Accuracy: 74.80%, AUC: 0.75 [VAL] Loss: 0.5634, Accuracy: 73.10%, Precision: 0.69, Recall: 0.76, F1: 0.73, AUC: 0.73
Epoch [38/100] [TRAIN] Loss: 0.5433, Accuracy: 75.06%, AUC: 0.75 [VAL] Loss: 0.5635, Accuracy: 73.20%, Precision: 0.70, Recall: 0.77, F1: 0.73, AUC: 0.73
Epoch [39/100] [TRAIN] Loss: 0.5400, Accuracy: 74.92%, AUC: 0.75 [VAL] Loss: 0.5638, Accuracy: 73.10%, Precision: 0.69, Recall: 0.76, F1: 0.73, AUC: 0.73
Epoch [40/100] [TRAIN] Loss: 0.5420, Accuracy: 74.95%, AUC: 0.75 [VAL] Loss: 0.5630, Accuracy: 73.30%, Precision: 0.70, Recall: 0.77, F1: 0.73, AUC: 0.73
Epoch [41/100] [TRAIN] Loss: 0.5438, Accuracy: 74.90%, AUC: 0.75 [VAL] Loss: 0.5630, Accuracy: 73.20%, Precision: 0.70, Recall: 0.77, F1: 0.73, AUC: 0.73
Epoch [42/100] [TRAIN] Loss: 0.5399, Accuracy: 74.61%, AUC: 0.75 [VAL] Loss: 0.5631, Accuracy: 73.20%, Precision: 0.70, Recall: 0.77, F1: 0.73, AUC: 0.73
Epoch [43/100] [TRAIN] Loss: 0.5390, Accuracy: 75.05%, AUC: 0.75 [VAL] Loss: 0.5639, Accuracy: 73.10%, Precision: 0.69, Recall: 0.76, F1: 0.73, AUC: 0.73
Epoch [44/100] [TRAIN] Loss: 0.5381, Accuracy: 75.38%, AUC: 0.75 [VAL] Loss: 0.5640, Accuracy: 73.20%, Precision: 0.70, Recall: 0.77, F1: 0.73, AUC: 0.73
Epoch [45/100] [TRAIN] Loss: 0.5440, Accuracy: 74.84%, AUC: 0.75 [VAL] Loss: 0.5631, Accuracy: 73.30%, Precision: 0.70, Recall: 0.77, F1: 0.73, AUC: 0.73
Epoch [46/100] [TRAIN] Loss: 0.5388, Accuracy: 74.76%, AUC: 0.75 [VAL] Loss: 0.5637, Accuracy: 73.30%, Precision: 0.70, Recall: 0.77, F1: 0.73, AUC: 0.73
Epoch [47/100] [TRAIN] Loss: 0.5350, Accuracy: 75.99%, AUC: 0.76 [VAL] Loss: 0.5637, Accuracy: 73.30%, Precision: 0.70, Recall: 0.77, F1: 0.73, AUC: 0.73
Epoch [48/100] [TRAIN] Loss: 0.5436, Accuracy: 74.31%, AUC: 0.74 [VAL] Loss: 0.5637, Accuracy: 73.30%, Precision: 0.70, Recall: 0.77, F1: 0.73, AUC: 0.73
Epoch [49/100] [TRAIN] Loss: 0.5390, Accuracy: 75.29%, AUC: 0.75 [VAL] Loss: 0.5636, Accuracy: 73.30%, Precision: 0.70, Recall: 0.77, F1: 0.73, AUC: 0.73
Epoch [50/100] [TRAIN] Loss: 0.5384, Accuracy: 75.15%, AUC: 0.75 [VAL] Loss: 0.5636, Accuracy: 73.30%, Precision: 0.70, Recall: 0.77, F1: 0.73, AUC: 0.73
  Early stopping at epoch 50 (no val_loss improvement for 10 epochs)
Seed: 789
Accuracy:  75.00 %
AUC:       0.7498
Precision: 0.7356
Recall:    0.7853
F1-Score:  0.7596

Detailed Classification Report:
              precision    recall  f1-score   support

           0       0.77      0.71      0.74       497
           1       0.74      0.79      0.76       503

    accuracy                           0.75      1000
   macro avg       0.75      0.75      0.75      1000
weighted avg       0.75      0.75      0.75      1000


Confusion Matrix:
[[355 142]
 [108 395]]


017-H3K4me3-H3K9ac-H3K27me3
Train label distribution:
  Label 0:   4077 (51.0%)
  Label 1:   3923 (49.0%)
Val label distribution:
  Label 0:    529 (52.9%)
  Label 1:    471 (47.1%)
Test label distribution:
  Label 0:    497 (49.7%)
  Label 1:    503 (50.3%)
Epoch [1/100] [TRAIN] Loss: 0.7228, Accuracy: 52.14%, AUC: 0.52 [VAL] Loss: 0.6650, Accuracy: 69.40%, Precision: 0.66, Recall: 0.72, F1: 0.69, AUC: 0.70
Epoch [2/100] [TRAIN] Loss: 0.6473, Accuracy: 68.75%, AUC: 0.69 [VAL] Loss: 0.6102, Accuracy: 71.40%, Precision: 0.68, Recall: 0.74, F1: 0.71, AUC: 0.72
Epoch [3/100] [TRAIN] Loss: 0.6144, Accuracy: 70.46%, AUC: 0.70 [VAL] Loss: 0.5832, Accuracy: 72.40%, Precision: 0.69, Recall: 0.75, F1: 0.72, AUC: 0.73
Epoch [4/100] [TRAIN] Loss: 0.6002, Accuracy: 71.20%, AUC: 0.71 [VAL] Loss: 0.5727, Accuracy: 73.00%, Precision: 0.70, Recall: 0.75, F1: 0.72, AUC: 0.73
Epoch [5/100] [TRAIN] Loss: 0.5888, Accuracy: 72.11%, AUC: 0.72 [VAL] Loss: 0.5679, Accuracy: 73.90%, Precision: 0.71, Recall: 0.76, F1: 0.73, AUC: 0.74
Epoch [6/100] [TRAIN] Loss: 0.5912, Accuracy: 71.39%, AUC: 0.71 [VAL] Loss: 0.5668, Accuracy: 73.60%, Precision: 0.70, Recall: 0.76, F1: 0.73, AUC: 0.74
Epoch [7/100] [TRAIN] Loss: 0.5786, Accuracy: 72.40%, AUC: 0.72 [VAL] Loss: 0.5650, Accuracy: 73.40%, Precision: 0.70, Recall: 0.76, F1: 0.73, AUC: 0.74
Epoch [8/100] [TRAIN] Loss: 0.5800, Accuracy: 72.44%, AUC: 0.72 [VAL] Loss: 0.5642, Accuracy: 73.10%, Precision: 0.70, Recall: 0.76, F1: 0.73, AUC: 0.73
Epoch [9/100] [TRAIN] Loss: 0.5769, Accuracy: 73.05%, AUC: 0.73 [VAL] Loss: 0.5634, Accuracy: 73.10%, Precision: 0.70, Recall: 0.76, F1: 0.73, AUC: 0.73
Epoch [10/100] [TRAIN] Loss: 0.5737, Accuracy: 72.49%, AUC: 0.73 [VAL] Loss: 0.5624, Accuracy: 73.20%, Precision: 0.70, Recall: 0.77, F1: 0.73, AUC: 0.73
Epoch [11/100] [TRAIN] Loss: 0.5719, Accuracy: 72.71%, AUC: 0.73 [VAL] Loss: 0.5620, Accuracy: 72.90%, Precision: 0.69, Recall: 0.76, F1: 0.73, AUC: 0.73
Epoch [12/100] [TRAIN] Loss: 0.5715, Accuracy: 72.85%, AUC: 0.73 [VAL] Loss: 0.5619, Accuracy: 72.90%, Precision: 0.69, Recall: 0.76, F1: 0.73, AUC: 0.73
Epoch [13/100] [TRAIN] Loss: 0.5714, Accuracy: 73.08%, AUC: 0.73 [VAL] Loss: 0.5618, Accuracy: 73.00%, Precision: 0.69, Recall: 0.77, F1: 0.73, AUC: 0.73
Epoch [14/100] [TRAIN] Loss: 0.5681, Accuracy: 73.09%, AUC: 0.73 [VAL] Loss: 0.5611, Accuracy: 73.10%, Precision: 0.69, Recall: 0.77, F1: 0.73, AUC: 0.73
Epoch [15/100] [TRAIN] Loss: 0.5695, Accuracy: 73.08%, AUC: 0.73 [VAL] Loss: 0.5612, Accuracy: 73.10%, Precision: 0.69, Recall: 0.77, F1: 0.73, AUC: 0.73
Epoch [16/100] [TRAIN] Loss: 0.5641, Accuracy: 73.09%, AUC: 0.73 [VAL] Loss: 0.5605, Accuracy: 73.30%, Precision: 0.70, Recall: 0.77, F1: 0.73, AUC: 0.73
Epoch [17/100] [TRAIN] Loss: 0.5624, Accuracy: 73.60%, AUC: 0.74 [VAL] Loss: 0.5603, Accuracy: 73.40%, Precision: 0.70, Recall: 0.77, F1: 0.73, AUC: 0.74
Epoch [18/100] [TRAIN] Loss: 0.5620, Accuracy: 72.96%, AUC: 0.73 [VAL] Loss: 0.5596, Accuracy: 73.40%, Precision: 0.70, Recall: 0.77, F1: 0.73, AUC: 0.74
Epoch [19/100] [TRAIN] Loss: 0.5626, Accuracy: 72.94%, AUC: 0.73 [VAL] Loss: 0.5594, Accuracy: 73.50%, Precision: 0.70, Recall: 0.77, F1: 0.73, AUC: 0.74
Epoch [20/100] [TRAIN] Loss: 0.5602, Accuracy: 73.17%, AUC: 0.73 [VAL] Loss: 0.5591, Accuracy: 73.40%, Precision: 0.70, Recall: 0.77, F1: 0.73, AUC: 0.74
Epoch [21/100] [TRAIN] Loss: 0.5601, Accuracy: 73.83%, AUC: 0.74 [VAL] Loss: 0.5590, Accuracy: 73.50%, Precision: 0.70, Recall: 0.77, F1: 0.73, AUC: 0.74
Epoch [22/100] [TRAIN] Loss: 0.5613, Accuracy: 73.10%, AUC: 0.73 [VAL] Loss: 0.5588, Accuracy: 73.60%, Precision: 0.70, Recall: 0.77, F1: 0.73, AUC: 0.74
Epoch [23/100] [TRAIN] Loss: 0.5573, Accuracy: 73.71%, AUC: 0.74 [VAL] Loss: 0.5582, Accuracy: 73.60%, Precision: 0.70, Recall: 0.77, F1: 0.73, AUC: 0.74
Epoch [24/100] [TRAIN] Loss: 0.5523, Accuracy: 73.89%, AUC: 0.74 [VAL] Loss: 0.5576, Accuracy: 73.60%, Precision: 0.70, Recall: 0.77, F1: 0.73, AUC: 0.74
Epoch [25/100] [TRAIN] Loss: 0.5577, Accuracy: 73.12%, AUC: 0.73 [VAL] Loss: 0.5577, Accuracy: 73.60%, Precision: 0.70, Recall: 0.77, F1: 0.73, AUC: 0.74
Epoch [26/100] [TRAIN] Loss: 0.5577, Accuracy: 73.49%, AUC: 0.74 [VAL] Loss: 0.5576, Accuracy: 73.60%, Precision: 0.70, Recall: 0.77, F1: 0.73, AUC: 0.74
Epoch [27/100] [TRAIN] Loss: 0.5516, Accuracy: 73.99%, AUC: 0.74 [VAL] Loss: 0.5571, Accuracy: 73.50%, Precision: 0.70, Recall: 0.77, F1: 0.73, AUC: 0.74
Epoch [28/100] [TRAIN] Loss: 0.5565, Accuracy: 72.95%, AUC: 0.73 [VAL] Loss: 0.5576, Accuracy: 73.40%, Precision: 0.70, Recall: 0.77, F1: 0.73, AUC: 0.74
Epoch [29/100] [TRAIN] Loss: 0.5568, Accuracy: 73.35%, AUC: 0.73 [VAL] Loss: 0.5577, Accuracy: 73.30%, Precision: 0.70, Recall: 0.77, F1: 0.73, AUC: 0.73
Epoch [30/100] [TRAIN] Loss: 0.5586, Accuracy: 73.41%, AUC: 0.73 [VAL] Loss: 0.5576, Accuracy: 73.30%, Precision: 0.70, Recall: 0.77, F1: 0.73, AUC: 0.73
Epoch [31/100] [TRAIN] Loss: 0.5534, Accuracy: 73.72%, AUC: 0.74 [VAL] Loss: 0.5572, Accuracy: 73.30%, Precision: 0.70, Recall: 0.77, F1: 0.73, AUC: 0.73
Epoch [32/100] [TRAIN] Loss: 0.5518, Accuracy: 73.41%, AUC: 0.73 [VAL] Loss: 0.5572, Accuracy: 73.30%, Precision: 0.70, Recall: 0.77, F1: 0.73, AUC: 0.73
Epoch [33/100] [TRAIN] Loss: 0.5502, Accuracy: 74.03%, AUC: 0.74 [VAL] Loss: 0.5571, Accuracy: 73.30%, Precision: 0.70, Recall: 0.77, F1: 0.73, AUC: 0.73
Epoch [34/100] [TRAIN] Loss: 0.5510, Accuracy: 73.80%, AUC: 0.74 [VAL] Loss: 0.5571, Accuracy: 73.30%, Precision: 0.70, Recall: 0.77, F1: 0.73, AUC: 0.73
Epoch [35/100] [TRAIN] Loss: 0.5527, Accuracy: 73.69%, AUC: 0.74 [VAL] Loss: 0.5571, Accuracy: 73.30%, Precision: 0.70, Recall: 0.77, F1: 0.73, AUC: 0.73
Epoch [36/100] [TRAIN] Loss: 0.5546, Accuracy: 73.47%, AUC: 0.73 [VAL] Loss: 0.5571, Accuracy: 73.30%, Precision: 0.70, Recall: 0.77, F1: 0.73, AUC: 0.73
Epoch [37/100] [TRAIN] Loss: 0.5521, Accuracy: 73.88%, AUC: 0.74 [VAL] Loss: 0.5571, Accuracy: 73.30%, Precision: 0.70, Recall: 0.77, F1: 0.73, AUC: 0.73
Epoch [38/100] [TRAIN] Loss: 0.5497, Accuracy: 73.79%, AUC: 0.74 [VAL] Loss: 0.5571, Accuracy: 73.30%, Precision: 0.70, Recall: 0.77, F1: 0.73, AUC: 0.73
Epoch [39/100] [TRAIN] Loss: 0.5490, Accuracy: 73.90%, AUC: 0.74 [VAL] Loss: 0.5570, Accuracy: 73.30%, Precision: 0.70, Recall: 0.77, F1: 0.73, AUC: 0.73
Epoch [40/100] [TRAIN] Loss: 0.5512, Accuracy: 73.91%, AUC: 0.74 [VAL] Loss: 0.5570, Accuracy: 73.30%, Precision: 0.70, Recall: 0.77, F1: 0.73, AUC: 0.73
Epoch [41/100] [TRAIN] Loss: 0.5518, Accuracy: 73.94%, AUC: 0.74 [VAL] Loss: 0.5570, Accuracy: 73.30%, Precision: 0.70, Recall: 0.77, F1: 0.73, AUC: 0.73
Epoch [42/100] [TRAIN] Loss: 0.5511, Accuracy: 73.78%, AUC: 0.74 [VAL] Loss: 0.5570, Accuracy: 73.30%, Precision: 0.70, Recall: 0.77, F1: 0.73, AUC: 0.73
Epoch [43/100] [TRAIN] Loss: 0.5506, Accuracy: 73.62%, AUC: 0.74 [VAL] Loss: 0.5570, Accuracy: 73.30%, Precision: 0.70, Recall: 0.77, F1: 0.73, AUC: 0.73
Epoch [44/100] [TRAIN] Loss: 0.5553, Accuracy: 73.14%, AUC: 0.73 [VAL] Loss: 0.5570, Accuracy: 73.30%, Precision: 0.70, Recall: 0.77, F1: 0.73, AUC: 0.73
Epoch [45/100] [TRAIN] Loss: 0.5553, Accuracy: 73.67%, AUC: 0.74 [VAL] Loss: 0.5570, Accuracy: 73.30%, Precision: 0.70, Recall: 0.77, F1: 0.73, AUC: 0.73
Epoch [46/100] [TRAIN] Loss: 0.5511, Accuracy: 73.55%, AUC: 0.74 [VAL] Loss: 0.5570, Accuracy: 73.30%, Precision: 0.70, Recall: 0.77, F1: 0.73, AUC: 0.73
Epoch [47/100] [TRAIN] Loss: 0.5499, Accuracy: 73.89%, AUC: 0.74 [VAL] Loss: 0.5570, Accuracy: 73.30%, Precision: 0.70, Recall: 0.77, F1: 0.73, AUC: 0.73
Epoch [48/100] [TRAIN] Loss: 0.5494, Accuracy: 74.01%, AUC: 0.74 [VAL] Loss: 0.5570, Accuracy: 73.30%, Precision: 0.70, Recall: 0.77, F1: 0.73, AUC: 0.73
Epoch [49/100] [TRAIN] Loss: 0.5544, Accuracy: 74.11%, AUC: 0.74 [VAL] Loss: 0.5570, Accuracy: 73.30%, Precision: 0.70, Recall: 0.77, F1: 0.73, AUC: 0.73
Epoch [50/100] [TRAIN] Loss: 0.5482, Accuracy: 73.90%, AUC: 0.74 [VAL] Loss: 0.5570, Accuracy: 73.30%, Precision: 0.70, Recall: 0.77, F1: 0.73, AUC: 0.73
Epoch [51/100] [TRAIN] Loss: 0.5488, Accuracy: 74.10%, AUC: 0.74 [VAL] Loss: 0.5570, Accuracy: 73.30%, Precision: 0.70, Recall: 0.77, F1: 0.73, AUC: 0.73
Epoch [52/100] [TRAIN] Loss: 0.5516, Accuracy: 74.40%, AUC: 0.74 [VAL] Loss: 0.5570, Accuracy: 73.30%, Precision: 0.70, Recall: 0.77, F1: 0.73, AUC: 0.73
Epoch [53/100] [TRAIN] Loss: 0.5517, Accuracy: 73.99%, AUC: 0.74 [VAL] Loss: 0.5570, Accuracy: 73.30%, Precision: 0.70, Recall: 0.77, F1: 0.73, AUC: 0.73
Epoch [54/100] [TRAIN] Loss: 0.5523, Accuracy: 73.59%, AUC: 0.74 [VAL] Loss: 0.5570, Accuracy: 73.30%, Precision: 0.70, Recall: 0.77, F1: 0.73, AUC: 0.73
Epoch [55/100] [TRAIN] Loss: 0.5498, Accuracy: 73.56%, AUC: 0.74 [VAL] Loss: 0.5570, Accuracy: 73.30%, Precision: 0.70, Recall: 0.77, F1: 0.73, AUC: 0.73
Epoch [56/100] [TRAIN] Loss: 0.5508, Accuracy: 73.59%, AUC: 0.74 [VAL] Loss: 0.5570, Accuracy: 73.30%, Precision: 0.70, Recall: 0.77, F1: 0.73, AUC: 0.73
Epoch [57/100] [TRAIN] Loss: 0.5452, Accuracy: 74.09%, AUC: 0.74 [VAL] Loss: 0.5570, Accuracy: 73.30%, Precision: 0.70, Recall: 0.77, F1: 0.73, AUC: 0.73
Epoch [58/100] [TRAIN] Loss: 0.5540, Accuracy: 73.31%, AUC: 0.73 [VAL] Loss: 0.5570, Accuracy: 73.30%, Precision: 0.70, Recall: 0.77, F1: 0.73, AUC: 0.73
Epoch [59/100] [TRAIN] Loss: 0.5512, Accuracy: 73.21%, AUC: 0.73 [VAL] Loss: 0.5570, Accuracy: 73.30%, Precision: 0.70, Recall: 0.77, F1: 0.73, AUC: 0.73
Epoch [60/100] [TRAIN] Loss: 0.5541, Accuracy: 73.83%, AUC: 0.74 [VAL] Loss: 0.5570, Accuracy: 73.30%, Precision: 0.70, Recall: 0.77, F1: 0.73, AUC: 0.73
Epoch [61/100] [TRAIN] Loss: 0.5522, Accuracy: 73.70%, AUC: 0.74 [VAL] Loss: 0.5570, Accuracy: 73.30%, Precision: 0.70, Recall: 0.77, F1: 0.73, AUC: 0.73
  Early stopping at epoch 61 (no val_loss improvement for 10 epochs)
Seed: 789
Accuracy:  73.20 %
AUC:       0.7318
Precision: 0.7213
Recall:    0.7614
F1-Score:  0.7408

Detailed Classification Report:
              precision    recall  f1-score   support

           0       0.74      0.70      0.72       497
           1       0.72      0.76      0.74       503

    accuracy                           0.73      1000
   macro avg       0.73      0.73      0.73      1000
weighted avg       0.73      0.73      0.73      1000


Confusion Matrix:
[[349 148]
 [120 383]]


018-H3K4me3-H3K9me3-H3K27ac
Train label distribution:
  Label 0:   4077 (51.0%)
  Label 1:   3923 (49.0%)
Val label distribution:
  Label 0:    529 (52.9%)
  Label 1:    471 (47.1%)
Test label distribution:
  Label 0:    497 (49.7%)
  Label 1:    503 (50.3%)
Epoch [1/100] [TRAIN] Loss: 0.6430, Accuracy: 67.20%, AUC: 0.67 [VAL] Loss: 0.5951, Accuracy: 70.70%, Precision: 0.67, Recall: 0.74, F1: 0.70, AUC: 0.71
Epoch [2/100] [TRAIN] Loss: 0.5965, Accuracy: 72.49%, AUC: 0.73 [VAL] Loss: 0.5845, Accuracy: 71.50%, Precision: 0.68, Recall: 0.75, F1: 0.71, AUC: 0.72
Epoch [3/100] [TRAIN] Loss: 0.5816, Accuracy: 73.76%, AUC: 0.74 [VAL] Loss: 0.5796, Accuracy: 72.30%, Precision: 0.69, Recall: 0.75, F1: 0.72, AUC: 0.72
Epoch [4/100] [TRAIN] Loss: 0.5754, Accuracy: 73.45%, AUC: 0.73 [VAL] Loss: 0.5771, Accuracy: 72.00%, Precision: 0.69, Recall: 0.75, F1: 0.72, AUC: 0.72
Epoch [5/100] [TRAIN] Loss: 0.5741, Accuracy: 73.75%, AUC: 0.74 [VAL] Loss: 0.5753, Accuracy: 72.10%, Precision: 0.69, Recall: 0.75, F1: 0.72, AUC: 0.72
Epoch [6/100] [TRAIN] Loss: 0.5725, Accuracy: 73.49%, AUC: 0.74 [VAL] Loss: 0.5736, Accuracy: 72.30%, Precision: 0.69, Recall: 0.75, F1: 0.72, AUC: 0.72
Epoch [7/100] [TRAIN] Loss: 0.5707, Accuracy: 73.92%, AUC: 0.74 [VAL] Loss: 0.5724, Accuracy: 72.70%, Precision: 0.69, Recall: 0.75, F1: 0.72, AUC: 0.73
Epoch [8/100] [TRAIN] Loss: 0.5668, Accuracy: 74.06%, AUC: 0.74 [VAL] Loss: 0.5713, Accuracy: 72.90%, Precision: 0.69, Recall: 0.76, F1: 0.72, AUC: 0.73
Epoch [9/100] [TRAIN] Loss: 0.5638, Accuracy: 73.58%, AUC: 0.74 [VAL] Loss: 0.5711, Accuracy: 72.60%, Precision: 0.69, Recall: 0.76, F1: 0.72, AUC: 0.73
Epoch [10/100] [TRAIN] Loss: 0.5649, Accuracy: 73.84%, AUC: 0.74 [VAL] Loss: 0.5705, Accuracy: 72.80%, Precision: 0.69, Recall: 0.76, F1: 0.72, AUC: 0.73
Epoch [11/100] [TRAIN] Loss: 0.5608, Accuracy: 74.53%, AUC: 0.75 [VAL] Loss: 0.5697, Accuracy: 72.90%, Precision: 0.70, Recall: 0.76, F1: 0.72, AUC: 0.73
Epoch [12/100] [TRAIN] Loss: 0.5587, Accuracy: 73.78%, AUC: 0.74 [VAL] Loss: 0.5689, Accuracy: 72.60%, Precision: 0.69, Recall: 0.75, F1: 0.72, AUC: 0.73
Epoch [13/100] [TRAIN] Loss: 0.5598, Accuracy: 73.97%, AUC: 0.74 [VAL] Loss: 0.5688, Accuracy: 72.70%, Precision: 0.69, Recall: 0.75, F1: 0.72, AUC: 0.73
Epoch [14/100] [TRAIN] Loss: 0.5577, Accuracy: 74.22%, AUC: 0.74 [VAL] Loss: 0.5687, Accuracy: 72.80%, Precision: 0.69, Recall: 0.76, F1: 0.72, AUC: 0.73
Epoch [15/100] [TRAIN] Loss: 0.5569, Accuracy: 74.17%, AUC: 0.74 [VAL] Loss: 0.5679, Accuracy: 72.90%, Precision: 0.70, Recall: 0.76, F1: 0.72, AUC: 0.73
Epoch [16/100] [TRAIN] Loss: 0.5576, Accuracy: 74.53%, AUC: 0.75 [VAL] Loss: 0.5671, Accuracy: 73.20%, Precision: 0.70, Recall: 0.76, F1: 0.73, AUC: 0.73
Epoch [17/100] [TRAIN] Loss: 0.5552, Accuracy: 74.64%, AUC: 0.75 [VAL] Loss: 0.5666, Accuracy: 73.10%, Precision: 0.70, Recall: 0.76, F1: 0.73, AUC: 0.73
Epoch [18/100] [TRAIN] Loss: 0.5555, Accuracy: 74.30%, AUC: 0.74 [VAL] Loss: 0.5668, Accuracy: 73.20%, Precision: 0.70, Recall: 0.76, F1: 0.73, AUC: 0.73
Epoch [19/100] [TRAIN] Loss: 0.5534, Accuracy: 74.24%, AUC: 0.74 [VAL] Loss: 0.5669, Accuracy: 73.10%, Precision: 0.70, Recall: 0.76, F1: 0.73, AUC: 0.73
Epoch [20/100] [TRAIN] Loss: 0.5560, Accuracy: 74.46%, AUC: 0.74 [VAL] Loss: 0.5664, Accuracy: 73.00%, Precision: 0.70, Recall: 0.76, F1: 0.73, AUC: 0.73
Epoch [21/100] [TRAIN] Loss: 0.5487, Accuracy: 74.71%, AUC: 0.75 [VAL] Loss: 0.5654, Accuracy: 73.20%, Precision: 0.70, Recall: 0.76, F1: 0.73, AUC: 0.73
Epoch [22/100] [TRAIN] Loss: 0.5513, Accuracy: 74.65%, AUC: 0.75 [VAL] Loss: 0.5658, Accuracy: 73.20%, Precision: 0.70, Recall: 0.76, F1: 0.73, AUC: 0.73
Epoch [23/100] [TRAIN] Loss: 0.5548, Accuracy: 74.09%, AUC: 0.74 [VAL] Loss: 0.5655, Accuracy: 73.50%, Precision: 0.70, Recall: 0.76, F1: 0.73, AUC: 0.74
Epoch [24/100] [TRAIN] Loss: 0.5506, Accuracy: 74.62%, AUC: 0.75 [VAL] Loss: 0.5650, Accuracy: 73.40%, Precision: 0.70, Recall: 0.76, F1: 0.73, AUC: 0.74
Epoch [25/100] [TRAIN] Loss: 0.5532, Accuracy: 73.78%, AUC: 0.74 [VAL] Loss: 0.5652, Accuracy: 73.40%, Precision: 0.70, Recall: 0.76, F1: 0.73, AUC: 0.74
Epoch [26/100] [TRAIN] Loss: 0.5516, Accuracy: 74.36%, AUC: 0.74 [VAL] Loss: 0.5650, Accuracy: 73.40%, Precision: 0.70, Recall: 0.76, F1: 0.73, AUC: 0.74
Epoch [27/100] [TRAIN] Loss: 0.5497, Accuracy: 74.47%, AUC: 0.75 [VAL] Loss: 0.5651, Accuracy: 73.50%, Precision: 0.70, Recall: 0.76, F1: 0.73, AUC: 0.74
Epoch [28/100] [TRAIN] Loss: 0.5515, Accuracy: 74.54%, AUC: 0.75 [VAL] Loss: 0.5640, Accuracy: 73.30%, Precision: 0.70, Recall: 0.76, F1: 0.73, AUC: 0.73
Epoch [29/100] [TRAIN] Loss: 0.5488, Accuracy: 74.31%, AUC: 0.74 [VAL] Loss: 0.5630, Accuracy: 73.20%, Precision: 0.70, Recall: 0.76, F1: 0.73, AUC: 0.73
Epoch [30/100] [TRAIN] Loss: 0.5512, Accuracy: 74.41%, AUC: 0.74 [VAL] Loss: 0.5628, Accuracy: 73.40%, Precision: 0.70, Recall: 0.76, F1: 0.73, AUC: 0.74
Epoch [31/100] [TRAIN] Loss: 0.5459, Accuracy: 74.88%, AUC: 0.75 [VAL] Loss: 0.5630, Accuracy: 73.50%, Precision: 0.70, Recall: 0.76, F1: 0.73, AUC: 0.74
Epoch [32/100] [TRAIN] Loss: 0.5486, Accuracy: 74.56%, AUC: 0.75 [VAL] Loss: 0.5627, Accuracy: 73.20%, Precision: 0.70, Recall: 0.76, F1: 0.73, AUC: 0.73
Epoch [33/100] [TRAIN] Loss: 0.5453, Accuracy: 74.85%, AUC: 0.75 [VAL] Loss: 0.5628, Accuracy: 73.20%, Precision: 0.70, Recall: 0.76, F1: 0.73, AUC: 0.73
Epoch [34/100] [TRAIN] Loss: 0.5451, Accuracy: 74.67%, AUC: 0.75 [VAL] Loss: 0.5630, Accuracy: 73.30%, Precision: 0.70, Recall: 0.76, F1: 0.73, AUC: 0.73
Epoch [35/100] [TRAIN] Loss: 0.5447, Accuracy: 74.55%, AUC: 0.75 [VAL] Loss: 0.5632, Accuracy: 73.40%, Precision: 0.70, Recall: 0.76, F1: 0.73, AUC: 0.74
Epoch [36/100] [TRAIN] Loss: 0.5447, Accuracy: 74.88%, AUC: 0.75 [VAL] Loss: 0.5630, Accuracy: 73.20%, Precision: 0.70, Recall: 0.76, F1: 0.73, AUC: 0.73
Epoch [37/100] [TRAIN] Loss: 0.5499, Accuracy: 74.33%, AUC: 0.74 [VAL] Loss: 0.5630, Accuracy: 73.20%, Precision: 0.70, Recall: 0.76, F1: 0.73, AUC: 0.73
Epoch [38/100] [TRAIN] Loss: 0.5463, Accuracy: 74.60%, AUC: 0.75 [VAL] Loss: 0.5631, Accuracy: 73.20%, Precision: 0.70, Recall: 0.76, F1: 0.73, AUC: 0.73
Epoch [39/100] [TRAIN] Loss: 0.5443, Accuracy: 74.29%, AUC: 0.74 [VAL] Loss: 0.5630, Accuracy: 73.20%, Precision: 0.70, Recall: 0.76, F1: 0.73, AUC: 0.73
Epoch [40/100] [TRAIN] Loss: 0.5479, Accuracy: 74.29%, AUC: 0.74 [VAL] Loss: 0.5628, Accuracy: 73.20%, Precision: 0.70, Recall: 0.76, F1: 0.73, AUC: 0.73
Epoch [41/100] [TRAIN] Loss: 0.5473, Accuracy: 74.51%, AUC: 0.75 [VAL] Loss: 0.5628, Accuracy: 73.20%, Precision: 0.70, Recall: 0.76, F1: 0.73, AUC: 0.73
Epoch [42/100] [TRAIN] Loss: 0.5471, Accuracy: 74.55%, AUC: 0.75 [VAL] Loss: 0.5628, Accuracy: 73.20%, Precision: 0.70, Recall: 0.76, F1: 0.73, AUC: 0.73
  Early stopping at epoch 42 (no val_loss improvement for 10 epochs)
Seed: 789
Accuracy:  74.80 %
AUC:       0.7478
Precision: 0.7355
Recall:    0.7793
F1-Score:  0.7568

Detailed Classification Report:
              precision    recall  f1-score   support

           0       0.76      0.72      0.74       497
           1       0.74      0.78      0.76       503

    accuracy                           0.75      1000
   macro avg       0.75      0.75      0.75      1000
weighted avg       0.75      0.75      0.75      1000


Confusion Matrix:
[[356 141]
 [111 392]]


019-H3K4me3-H3K9me3-H3K27me3
Train label distribution:
  Label 0:   4077 (51.0%)
  Label 1:   3923 (49.0%)
Val label distribution:
  Label 0:    529 (52.9%)
  Label 1:    471 (47.1%)
Test label distribution:
  Label 0:    497 (49.7%)
  Label 1:    503 (50.3%)
Epoch [1/100] [TRAIN] Loss: 0.7085, Accuracy: 56.09%, AUC: 0.56 [VAL] Loss: 0.6600, Accuracy: 72.40%, Precision: 0.69, Recall: 0.74, F1: 0.72, AUC: 0.73
Epoch [2/100] [TRAIN] Loss: 0.6446, Accuracy: 69.12%, AUC: 0.69 [VAL] Loss: 0.6060, Accuracy: 72.90%, Precision: 0.70, Recall: 0.75, F1: 0.72, AUC: 0.73
Epoch [3/100] [TRAIN] Loss: 0.6125, Accuracy: 70.31%, AUC: 0.70 [VAL] Loss: 0.5786, Accuracy: 73.10%, Precision: 0.70, Recall: 0.75, F1: 0.73, AUC: 0.73
Epoch [4/100] [TRAIN] Loss: 0.6006, Accuracy: 71.05%, AUC: 0.71 [VAL] Loss: 0.5682, Accuracy: 73.20%, Precision: 0.70, Recall: 0.76, F1: 0.73, AUC: 0.73
Epoch [5/100] [TRAIN] Loss: 0.5967, Accuracy: 71.45%, AUC: 0.71 [VAL] Loss: 0.5649, Accuracy: 73.40%, Precision: 0.70, Recall: 0.76, F1: 0.73, AUC: 0.74
Epoch [6/100] [TRAIN] Loss: 0.5962, Accuracy: 71.79%, AUC: 0.72 [VAL] Loss: 0.5629, Accuracy: 73.40%, Precision: 0.70, Recall: 0.76, F1: 0.73, AUC: 0.74
Epoch [7/100] [TRAIN] Loss: 0.5905, Accuracy: 71.83%, AUC: 0.72 [VAL] Loss: 0.5612, Accuracy: 73.30%, Precision: 0.70, Recall: 0.76, F1: 0.73, AUC: 0.73
Epoch [8/100] [TRAIN] Loss: 0.5857, Accuracy: 71.99%, AUC: 0.72 [VAL] Loss: 0.5598, Accuracy: 73.60%, Precision: 0.70, Recall: 0.76, F1: 0.73, AUC: 0.74
Epoch [9/100] [TRAIN] Loss: 0.5895, Accuracy: 71.66%, AUC: 0.72 [VAL] Loss: 0.5597, Accuracy: 73.90%, Precision: 0.71, Recall: 0.76, F1: 0.73, AUC: 0.74
Epoch [10/100] [TRAIN] Loss: 0.5878, Accuracy: 71.65%, AUC: 0.72 [VAL] Loss: 0.5590, Accuracy: 73.70%, Precision: 0.70, Recall: 0.76, F1: 0.73, AUC: 0.74
Epoch [11/100] [TRAIN] Loss: 0.5851, Accuracy: 72.31%, AUC: 0.72 [VAL] Loss: 0.5583, Accuracy: 73.50%, Precision: 0.70, Recall: 0.76, F1: 0.73, AUC: 0.74
Epoch [12/100] [TRAIN] Loss: 0.5809, Accuracy: 72.10%, AUC: 0.72 [VAL] Loss: 0.5573, Accuracy: 73.60%, Precision: 0.70, Recall: 0.76, F1: 0.73, AUC: 0.74
Epoch [13/100] [TRAIN] Loss: 0.5835, Accuracy: 71.79%, AUC: 0.72 [VAL] Loss: 0.5573, Accuracy: 73.60%, Precision: 0.70, Recall: 0.76, F1: 0.73, AUC: 0.74
Epoch [14/100] [TRAIN] Loss: 0.5774, Accuracy: 72.39%, AUC: 0.72 [VAL] Loss: 0.5566, Accuracy: 73.60%, Precision: 0.70, Recall: 0.76, F1: 0.73, AUC: 0.74
Epoch [15/100] [TRAIN] Loss: 0.5802, Accuracy: 71.86%, AUC: 0.72 [VAL] Loss: 0.5561, Accuracy: 73.50%, Precision: 0.70, Recall: 0.76, F1: 0.73, AUC: 0.74
Epoch [16/100] [TRAIN] Loss: 0.5764, Accuracy: 72.26%, AUC: 0.72 [VAL] Loss: 0.5553, Accuracy: 73.60%, Precision: 0.70, Recall: 0.76, F1: 0.73, AUC: 0.74
Epoch [17/100] [TRAIN] Loss: 0.5743, Accuracy: 72.42%, AUC: 0.72 [VAL] Loss: 0.5549, Accuracy: 73.60%, Precision: 0.70, Recall: 0.76, F1: 0.73, AUC: 0.74
Epoch [18/100] [TRAIN] Loss: 0.5752, Accuracy: 72.26%, AUC: 0.72 [VAL] Loss: 0.5547, Accuracy: 73.70%, Precision: 0.71, Recall: 0.76, F1: 0.73, AUC: 0.74
Epoch [19/100] [TRAIN] Loss: 0.5698, Accuracy: 72.61%, AUC: 0.73 [VAL] Loss: 0.5537, Accuracy: 73.80%, Precision: 0.71, Recall: 0.76, F1: 0.73, AUC: 0.74
Epoch [20/100] [TRAIN] Loss: 0.5683, Accuracy: 73.15%, AUC: 0.73 [VAL] Loss: 0.5533, Accuracy: 73.80%, Precision: 0.71, Recall: 0.76, F1: 0.73, AUC: 0.74
Epoch [21/100] [TRAIN] Loss: 0.5692, Accuracy: 72.64%, AUC: 0.73 [VAL] Loss: 0.5532, Accuracy: 73.60%, Precision: 0.70, Recall: 0.76, F1: 0.73, AUC: 0.74
Epoch [22/100] [TRAIN] Loss: 0.5706, Accuracy: 72.85%, AUC: 0.73 [VAL] Loss: 0.5529, Accuracy: 73.70%, Precision: 0.70, Recall: 0.76, F1: 0.73, AUC: 0.74
Epoch [23/100] [TRAIN] Loss: 0.5713, Accuracy: 72.58%, AUC: 0.73 [VAL] Loss: 0.5531, Accuracy: 73.60%, Precision: 0.70, Recall: 0.76, F1: 0.73, AUC: 0.74
Epoch [24/100] [TRAIN] Loss: 0.5721, Accuracy: 72.50%, AUC: 0.73 [VAL] Loss: 0.5531, Accuracy: 73.80%, Precision: 0.71, Recall: 0.76, F1: 0.73, AUC: 0.74
Epoch [25/100] [TRAIN] Loss: 0.5704, Accuracy: 72.96%, AUC: 0.73 [VAL] Loss: 0.5524, Accuracy: 73.90%, Precision: 0.71, Recall: 0.76, F1: 0.73, AUC: 0.74
Epoch [26/100] [TRAIN] Loss: 0.5668, Accuracy: 72.94%, AUC: 0.73 [VAL] Loss: 0.5519, Accuracy: 73.80%, Precision: 0.71, Recall: 0.76, F1: 0.73, AUC: 0.74
Epoch [27/100] [TRAIN] Loss: 0.5657, Accuracy: 73.22%, AUC: 0.73 [VAL] Loss: 0.5519, Accuracy: 73.80%, Precision: 0.71, Recall: 0.76, F1: 0.73, AUC: 0.74
Epoch [28/100] [TRAIN] Loss: 0.5651, Accuracy: 73.14%, AUC: 0.73 [VAL] Loss: 0.5519, Accuracy: 73.90%, Precision: 0.71, Recall: 0.76, F1: 0.73, AUC: 0.74
Epoch [29/100] [TRAIN] Loss: 0.5667, Accuracy: 72.50%, AUC: 0.73 [VAL] Loss: 0.5514, Accuracy: 73.70%, Precision: 0.71, Recall: 0.76, F1: 0.73, AUC: 0.74
Epoch [30/100] [TRAIN] Loss: 0.5641, Accuracy: 72.94%, AUC: 0.73 [VAL] Loss: 0.5509, Accuracy: 73.70%, Precision: 0.71, Recall: 0.76, F1: 0.73, AUC: 0.74
Epoch [31/100] [TRAIN] Loss: 0.5642, Accuracy: 72.95%, AUC: 0.73 [VAL] Loss: 0.5504, Accuracy: 73.70%, Precision: 0.71, Recall: 0.76, F1: 0.73, AUC: 0.74
Epoch [32/100] [TRAIN] Loss: 0.5666, Accuracy: 72.47%, AUC: 0.73 [VAL] Loss: 0.5507, Accuracy: 73.80%, Precision: 0.71, Recall: 0.76, F1: 0.73, AUC: 0.74
Epoch [33/100] [TRAIN] Loss: 0.5625, Accuracy: 73.30%, AUC: 0.73 [VAL] Loss: 0.5500, Accuracy: 73.70%, Precision: 0.70, Recall: 0.76, F1: 0.73, AUC: 0.74
Epoch [34/100] [TRAIN] Loss: 0.5658, Accuracy: 72.46%, AUC: 0.72 [VAL] Loss: 0.5500, Accuracy: 73.70%, Precision: 0.70, Recall: 0.76, F1: 0.73, AUC: 0.74
Epoch [35/100] [TRAIN] Loss: 0.5636, Accuracy: 72.81%, AUC: 0.73 [VAL] Loss: 0.5499, Accuracy: 73.60%, Precision: 0.70, Recall: 0.76, F1: 0.73, AUC: 0.74
Epoch [36/100] [TRAIN] Loss: 0.5641, Accuracy: 72.29%, AUC: 0.72 [VAL] Loss: 0.5495, Accuracy: 73.50%, Precision: 0.70, Recall: 0.76, F1: 0.73, AUC: 0.74
Epoch [37/100] [TRAIN] Loss: 0.5603, Accuracy: 73.09%, AUC: 0.73 [VAL] Loss: 0.5487, Accuracy: 73.70%, Precision: 0.70, Recall: 0.76, F1: 0.73, AUC: 0.74
Epoch [38/100] [TRAIN] Loss: 0.5634, Accuracy: 73.09%, AUC: 0.73 [VAL] Loss: 0.5487, Accuracy: 73.40%, Precision: 0.70, Recall: 0.76, F1: 0.73, AUC: 0.74
Epoch [39/100] [TRAIN] Loss: 0.5588, Accuracy: 73.47%, AUC: 0.73 [VAL] Loss: 0.5482, Accuracy: 73.50%, Precision: 0.70, Recall: 0.76, F1: 0.73, AUC: 0.74
Epoch [40/100] [TRAIN] Loss: 0.5610, Accuracy: 72.59%, AUC: 0.73 [VAL] Loss: 0.5480, Accuracy: 73.60%, Precision: 0.70, Recall: 0.76, F1: 0.73, AUC: 0.74
Epoch [41/100] [TRAIN] Loss: 0.5577, Accuracy: 72.99%, AUC: 0.73 [VAL] Loss: 0.5474, Accuracy: 73.80%, Precision: 0.71, Recall: 0.76, F1: 0.73, AUC: 0.74
Epoch [42/100] [TRAIN] Loss: 0.5563, Accuracy: 73.42%, AUC: 0.73 [VAL] Loss: 0.5476, Accuracy: 73.70%, Precision: 0.70, Recall: 0.76, F1: 0.73, AUC: 0.74
Epoch [43/100] [TRAIN] Loss: 0.5577, Accuracy: 72.88%, AUC: 0.73 [VAL] Loss: 0.5475, Accuracy: 73.90%, Precision: 0.71, Recall: 0.76, F1: 0.73, AUC: 0.74
Epoch [44/100] [TRAIN] Loss: 0.5578, Accuracy: 73.00%, AUC: 0.73 [VAL] Loss: 0.5471, Accuracy: 73.90%, Precision: 0.71, Recall: 0.76, F1: 0.73, AUC: 0.74
Epoch [45/100] [TRAIN] Loss: 0.5604, Accuracy: 73.59%, AUC: 0.74 [VAL] Loss: 0.5474, Accuracy: 73.90%, Precision: 0.71, Recall: 0.76, F1: 0.73, AUC: 0.74
Epoch [46/100] [TRAIN] Loss: 0.5593, Accuracy: 73.09%, AUC: 0.73 [VAL] Loss: 0.5472, Accuracy: 73.80%, Precision: 0.71, Recall: 0.76, F1: 0.73, AUC: 0.74
Epoch [47/100] [TRAIN] Loss: 0.5523, Accuracy: 73.51%, AUC: 0.74 [VAL] Loss: 0.5466, Accuracy: 74.00%, Precision: 0.71, Recall: 0.76, F1: 0.73, AUC: 0.74
Epoch [48/100] [TRAIN] Loss: 0.5557, Accuracy: 73.33%, AUC: 0.73 [VAL] Loss: 0.5463, Accuracy: 74.00%, Precision: 0.71, Recall: 0.76, F1: 0.73, AUC: 0.74
Epoch [49/100] [TRAIN] Loss: 0.5544, Accuracy: 73.09%, AUC: 0.73 [VAL] Loss: 0.5468, Accuracy: 73.80%, Precision: 0.71, Recall: 0.76, F1: 0.73, AUC: 0.74
Epoch [50/100] [TRAIN] Loss: 0.5544, Accuracy: 73.39%, AUC: 0.73 [VAL] Loss: 0.5466, Accuracy: 73.60%, Precision: 0.70, Recall: 0.76, F1: 0.73, AUC: 0.74
Epoch [51/100] [TRAIN] Loss: 0.5549, Accuracy: 73.14%, AUC: 0.73 [VAL] Loss: 0.5463, Accuracy: 73.60%, Precision: 0.70, Recall: 0.76, F1: 0.73, AUC: 0.74
Epoch [52/100] [TRAIN] Loss: 0.5521, Accuracy: 73.61%, AUC: 0.74 [VAL] Loss: 0.5467, Accuracy: 73.80%, Precision: 0.71, Recall: 0.76, F1: 0.73, AUC: 0.74
Epoch [53/100] [TRAIN] Loss: 0.5506, Accuracy: 73.61%, AUC: 0.74 [VAL] Loss: 0.5462, Accuracy: 73.80%, Precision: 0.71, Recall: 0.76, F1: 0.73, AUC: 0.74
Epoch [54/100] [TRAIN] Loss: 0.5523, Accuracy: 73.19%, AUC: 0.73 [VAL] Loss: 0.5466, Accuracy: 73.90%, Precision: 0.71, Recall: 0.76, F1: 0.73, AUC: 0.74
Epoch [55/100] [TRAIN] Loss: 0.5519, Accuracy: 73.12%, AUC: 0.73 [VAL] Loss: 0.5465, Accuracy: 73.90%, Precision: 0.71, Recall: 0.76, F1: 0.73, AUC: 0.74
Epoch [56/100] [TRAIN] Loss: 0.5553, Accuracy: 73.22%, AUC: 0.73 [VAL] Loss: 0.5464, Accuracy: 73.90%, Precision: 0.71, Recall: 0.76, F1: 0.73, AUC: 0.74
Epoch [57/100] [TRAIN] Loss: 0.5520, Accuracy: 74.14%, AUC: 0.74 [VAL] Loss: 0.5461, Accuracy: 74.00%, Precision: 0.71, Recall: 0.76, F1: 0.73, AUC: 0.74
Epoch [58/100] [TRAIN] Loss: 0.5534, Accuracy: 73.25%, AUC: 0.73 [VAL] Loss: 0.5462, Accuracy: 73.70%, Precision: 0.71, Recall: 0.76, F1: 0.73, AUC: 0.74
Epoch [59/100] [TRAIN] Loss: 0.5512, Accuracy: 73.34%, AUC: 0.73 [VAL] Loss: 0.5456, Accuracy: 73.80%, Precision: 0.71, Recall: 0.76, F1: 0.73, AUC: 0.74
Epoch [60/100] [TRAIN] Loss: 0.5528, Accuracy: 73.49%, AUC: 0.74 [VAL] Loss: 0.5458, Accuracy: 74.00%, Precision: 0.71, Recall: 0.76, F1: 0.73, AUC: 0.74
Epoch [61/100] [TRAIN] Loss: 0.5523, Accuracy: 73.03%, AUC: 0.73 [VAL] Loss: 0.5457, Accuracy: 73.80%, Precision: 0.71, Recall: 0.76, F1: 0.73, AUC: 0.74
Epoch [62/100] [TRAIN] Loss: 0.5523, Accuracy: 73.71%, AUC: 0.74 [VAL] Loss: 0.5458, Accuracy: 73.90%, Precision: 0.71, Recall: 0.76, F1: 0.73, AUC: 0.74
Epoch [63/100] [TRAIN] Loss: 0.5500, Accuracy: 73.17%, AUC: 0.73 [VAL] Loss: 0.5457, Accuracy: 74.00%, Precision: 0.71, Recall: 0.76, F1: 0.73, AUC: 0.74
Epoch [64/100] [TRAIN] Loss: 0.5520, Accuracy: 73.51%, AUC: 0.74 [VAL] Loss: 0.5455, Accuracy: 74.00%, Precision: 0.71, Recall: 0.76, F1: 0.73, AUC: 0.74
Epoch [65/100] [TRAIN] Loss: 0.5487, Accuracy: 73.72%, AUC: 0.74 [VAL] Loss: 0.5453, Accuracy: 73.90%, Precision: 0.71, Recall: 0.76, F1: 0.73, AUC: 0.74
Epoch [66/100] [TRAIN] Loss: 0.5508, Accuracy: 73.71%, AUC: 0.74 [VAL] Loss: 0.5455, Accuracy: 73.90%, Precision: 0.71, Recall: 0.76, F1: 0.73, AUC: 0.74
Epoch [67/100] [TRAIN] Loss: 0.5507, Accuracy: 73.42%, AUC: 0.73 [VAL] Loss: 0.5457, Accuracy: 73.80%, Precision: 0.71, Recall: 0.76, F1: 0.73, AUC: 0.74
Epoch [68/100] [TRAIN] Loss: 0.5499, Accuracy: 73.33%, AUC: 0.73 [VAL] Loss: 0.5456, Accuracy: 73.80%, Precision: 0.71, Recall: 0.76, F1: 0.73, AUC: 0.74
Epoch [69/100] [TRAIN] Loss: 0.5492, Accuracy: 73.78%, AUC: 0.74 [VAL] Loss: 0.5451, Accuracy: 73.90%, Precision: 0.71, Recall: 0.76, F1: 0.73, AUC: 0.74
Epoch [70/100] [TRAIN] Loss: 0.5519, Accuracy: 73.53%, AUC: 0.74 [VAL] Loss: 0.5455, Accuracy: 73.80%, Precision: 0.71, Recall: 0.76, F1: 0.73, AUC: 0.74
Epoch [71/100] [TRAIN] Loss: 0.5511, Accuracy: 73.33%, AUC: 0.73 [VAL] Loss: 0.5456, Accuracy: 73.90%, Precision: 0.71, Recall: 0.76, F1: 0.73, AUC: 0.74
Epoch [72/100] [TRAIN] Loss: 0.5498, Accuracy: 73.44%, AUC: 0.73 [VAL] Loss: 0.5453, Accuracy: 73.80%, Precision: 0.71, Recall: 0.76, F1: 0.73, AUC: 0.74
Epoch [73/100] [TRAIN] Loss: 0.5493, Accuracy: 73.36%, AUC: 0.73 [VAL] Loss: 0.5453, Accuracy: 73.80%, Precision: 0.71, Recall: 0.76, F1: 0.73, AUC: 0.74
Epoch [74/100] [TRAIN] Loss: 0.5453, Accuracy: 74.12%, AUC: 0.74 [VAL] Loss: 0.5451, Accuracy: 74.00%, Precision: 0.71, Recall: 0.76, F1: 0.73, AUC: 0.74
Epoch [75/100] [TRAIN] Loss: 0.5469, Accuracy: 73.44%, AUC: 0.73 [VAL] Loss: 0.5451, Accuracy: 73.90%, Precision: 0.71, Recall: 0.76, F1: 0.73, AUC: 0.74
Epoch [76/100] [TRAIN] Loss: 0.5473, Accuracy: 73.45%, AUC: 0.73 [VAL] Loss: 0.5453, Accuracy: 73.90%, Precision: 0.71, Recall: 0.76, F1: 0.73, AUC: 0.74
Epoch [77/100] [TRAIN] Loss: 0.5460, Accuracy: 74.28%, AUC: 0.74 [VAL] Loss: 0.5453, Accuracy: 73.90%, Precision: 0.71, Recall: 0.76, F1: 0.73, AUC: 0.74
Epoch [78/100] [TRAIN] Loss: 0.5443, Accuracy: 73.71%, AUC: 0.74 [VAL] Loss: 0.5452, Accuracy: 73.90%, Precision: 0.71, Recall: 0.76, F1: 0.73, AUC: 0.74
Epoch [79/100] [TRAIN] Loss: 0.5481, Accuracy: 73.92%, AUC: 0.74 [VAL] Loss: 0.5453, Accuracy: 74.20%, Precision: 0.71, Recall: 0.77, F1: 0.74, AUC: 0.74
Epoch [80/100] [TRAIN] Loss: 0.5483, Accuracy: 73.71%, AUC: 0.74 [VAL] Loss: 0.5452, Accuracy: 74.00%, Precision: 0.71, Recall: 0.76, F1: 0.73, AUC: 0.74
Epoch [81/100] [TRAIN] Loss: 0.5449, Accuracy: 74.06%, AUC: 0.74 [VAL] Loss: 0.5451, Accuracy: 74.00%, Precision: 0.71, Recall: 0.76, F1: 0.73, AUC: 0.74
Epoch [82/100] [TRAIN] Loss: 0.5489, Accuracy: 73.55%, AUC: 0.74 [VAL] Loss: 0.5452, Accuracy: 74.00%, Precision: 0.71, Recall: 0.76, F1: 0.73, AUC: 0.74
Epoch [83/100] [TRAIN] Loss: 0.5455, Accuracy: 73.72%, AUC: 0.74 [VAL] Loss: 0.5451, Accuracy: 74.00%, Precision: 0.71, Recall: 0.76, F1: 0.73, AUC: 0.74
Epoch [84/100] [TRAIN] Loss: 0.5482, Accuracy: 73.60%, AUC: 0.74 [VAL] Loss: 0.5452, Accuracy: 74.00%, Precision: 0.71, Recall: 0.76, F1: 0.73, AUC: 0.74
  Early stopping at epoch 84 (no val_loss improvement for 10 epochs)
Seed: 789
Accuracy:  72.20 %
AUC:       0.7217
Precision: 0.7064
Recall:    0.7654
F1-Score:  0.7347

Detailed Classification Report:
              precision    recall  f1-score   support

           0       0.74      0.68      0.71       497
           1       0.71      0.77      0.73       503

    accuracy                           0.72      1000
   macro avg       0.72      0.72      0.72      1000
weighted avg       0.72      0.72      0.72      1000


Confusion Matrix:
[[337 160]
 [118 385]]


020-H3K4me3-H3K27ac-H3K27me3
Train label distribution:
  Label 0:   4077 (51.0%)
  Label 1:   3923 (49.0%)
Val label distribution:
  Label 0:    529 (52.9%)
  Label 1:    471 (47.1%)
Test label distribution:
  Label 0:    497 (49.7%)
  Label 1:    503 (50.3%)
Epoch [1/100] [TRAIN] Loss: 0.6622, Accuracy: 63.31%, AUC: 0.63 [VAL] Loss: 0.6003, Accuracy: 71.60%, Precision: 0.68, Recall: 0.74, F1: 0.71, AUC: 0.72
Epoch [2/100] [TRAIN] Loss: 0.5980, Accuracy: 72.65%, AUC: 0.73 [VAL] Loss: 0.5853, Accuracy: 72.20%, Precision: 0.69, Recall: 0.75, F1: 0.72, AUC: 0.72
Epoch [3/100] [TRAIN] Loss: 0.5860, Accuracy: 73.04%, AUC: 0.73 [VAL] Loss: 0.5809, Accuracy: 72.40%, Precision: 0.69, Recall: 0.75, F1: 0.72, AUC: 0.73
Epoch [4/100] [TRAIN] Loss: 0.5799, Accuracy: 73.26%, AUC: 0.73 [VAL] Loss: 0.5775, Accuracy: 72.50%, Precision: 0.69, Recall: 0.75, F1: 0.72, AUC: 0.73
Epoch [5/100] [TRAIN] Loss: 0.5752, Accuracy: 73.35%, AUC: 0.73 [VAL] Loss: 0.5751, Accuracy: 72.50%, Precision: 0.69, Recall: 0.75, F1: 0.72, AUC: 0.73
Epoch [6/100] [TRAIN] Loss: 0.5764, Accuracy: 73.47%, AUC: 0.73 [VAL] Loss: 0.5724, Accuracy: 72.70%, Precision: 0.70, Recall: 0.75, F1: 0.72, AUC: 0.73
Epoch [7/100] [TRAIN] Loss: 0.5631, Accuracy: 74.35%, AUC: 0.74 [VAL] Loss: 0.5700, Accuracy: 72.80%, Precision: 0.70, Recall: 0.75, F1: 0.72, AUC: 0.73
Epoch [8/100] [TRAIN] Loss: 0.5692, Accuracy: 73.49%, AUC: 0.74 [VAL] Loss: 0.5696, Accuracy: 73.10%, Precision: 0.70, Recall: 0.75, F1: 0.72, AUC: 0.73
Epoch [9/100] [TRAIN] Loss: 0.5643, Accuracy: 73.74%, AUC: 0.74 [VAL] Loss: 0.5679, Accuracy: 73.50%, Precision: 0.71, Recall: 0.75, F1: 0.73, AUC: 0.74
Epoch [10/100] [TRAIN] Loss: 0.5654, Accuracy: 73.55%, AUC: 0.74 [VAL] Loss: 0.5668, Accuracy: 73.80%, Precision: 0.71, Recall: 0.76, F1: 0.73, AUC: 0.74
Epoch [11/100] [TRAIN] Loss: 0.5581, Accuracy: 74.01%, AUC: 0.74 [VAL] Loss: 0.5656, Accuracy: 73.50%, Precision: 0.71, Recall: 0.75, F1: 0.73, AUC: 0.74
Epoch [12/100] [TRAIN] Loss: 0.5625, Accuracy: 73.69%, AUC: 0.74 [VAL] Loss: 0.5652, Accuracy: 73.60%, Precision: 0.71, Recall: 0.75, F1: 0.73, AUC: 0.74
Epoch [13/100] [TRAIN] Loss: 0.5564, Accuracy: 73.99%, AUC: 0.74 [VAL] Loss: 0.5642, Accuracy: 73.50%, Precision: 0.71, Recall: 0.75, F1: 0.73, AUC: 0.74
Epoch [14/100] [TRAIN] Loss: 0.5605, Accuracy: 73.45%, AUC: 0.73 [VAL] Loss: 0.5644, Accuracy: 73.30%, Precision: 0.70, Recall: 0.75, F1: 0.73, AUC: 0.73
Epoch [15/100] [TRAIN] Loss: 0.5582, Accuracy: 73.78%, AUC: 0.74 [VAL] Loss: 0.5632, Accuracy: 73.30%, Precision: 0.70, Recall: 0.75, F1: 0.73, AUC: 0.73
Epoch [16/100] [TRAIN] Loss: 0.5575, Accuracy: 73.78%, AUC: 0.74 [VAL] Loss: 0.5629, Accuracy: 73.30%, Precision: 0.70, Recall: 0.75, F1: 0.73, AUC: 0.73
Epoch [17/100] [TRAIN] Loss: 0.5531, Accuracy: 74.14%, AUC: 0.74 [VAL] Loss: 0.5626, Accuracy: 73.20%, Precision: 0.70, Recall: 0.75, F1: 0.72, AUC: 0.73
Epoch [18/100] [TRAIN] Loss: 0.5539, Accuracy: 74.22%, AUC: 0.74 [VAL] Loss: 0.5619, Accuracy: 73.30%, Precision: 0.70, Recall: 0.75, F1: 0.73, AUC: 0.73
Epoch [19/100] [TRAIN] Loss: 0.5510, Accuracy: 74.09%, AUC: 0.74 [VAL] Loss: 0.5615, Accuracy: 73.30%, Precision: 0.70, Recall: 0.75, F1: 0.73, AUC: 0.73
Epoch [20/100] [TRAIN] Loss: 0.5502, Accuracy: 74.54%, AUC: 0.75 [VAL] Loss: 0.5611, Accuracy: 73.10%, Precision: 0.70, Recall: 0.75, F1: 0.72, AUC: 0.73
Epoch [21/100] [TRAIN] Loss: 0.5495, Accuracy: 74.16%, AUC: 0.74 [VAL] Loss: 0.5613, Accuracy: 73.00%, Precision: 0.70, Recall: 0.75, F1: 0.72, AUC: 0.73
Epoch [22/100] [TRAIN] Loss: 0.5484, Accuracy: 74.40%, AUC: 0.74 [VAL] Loss: 0.5612, Accuracy: 73.00%, Precision: 0.70, Recall: 0.75, F1: 0.72, AUC: 0.73
Epoch [23/100] [TRAIN] Loss: 0.5454, Accuracy: 74.26%, AUC: 0.74 [VAL] Loss: 0.5610, Accuracy: 73.00%, Precision: 0.70, Recall: 0.75, F1: 0.72, AUC: 0.73
Epoch [24/100] [TRAIN] Loss: 0.5467, Accuracy: 74.76%, AUC: 0.75 [VAL] Loss: 0.5606, Accuracy: 72.80%, Precision: 0.70, Recall: 0.74, F1: 0.72, AUC: 0.73
Epoch [25/100] [TRAIN] Loss: 0.5463, Accuracy: 74.50%, AUC: 0.75 [VAL] Loss: 0.5603, Accuracy: 72.70%, Precision: 0.70, Recall: 0.74, F1: 0.72, AUC: 0.73
Epoch [26/100] [TRAIN] Loss: 0.5460, Accuracy: 75.08%, AUC: 0.75 [VAL] Loss: 0.5601, Accuracy: 73.00%, Precision: 0.70, Recall: 0.75, F1: 0.72, AUC: 0.73
Epoch [27/100] [TRAIN] Loss: 0.5478, Accuracy: 74.08%, AUC: 0.74 [VAL] Loss: 0.5599, Accuracy: 72.70%, Precision: 0.70, Recall: 0.74, F1: 0.72, AUC: 0.73
Epoch [28/100] [TRAIN] Loss: 0.5418, Accuracy: 74.85%, AUC: 0.75 [VAL] Loss: 0.5597, Accuracy: 72.80%, Precision: 0.70, Recall: 0.74, F1: 0.72, AUC: 0.73
Epoch [29/100] [TRAIN] Loss: 0.5457, Accuracy: 73.91%, AUC: 0.74 [VAL] Loss: 0.5598, Accuracy: 72.90%, Precision: 0.70, Recall: 0.74, F1: 0.72, AUC: 0.73
Epoch [30/100] [TRAIN] Loss: 0.5473, Accuracy: 74.55%, AUC: 0.75 [VAL] Loss: 0.5595, Accuracy: 72.80%, Precision: 0.70, Recall: 0.74, F1: 0.72, AUC: 0.73
Epoch [31/100] [TRAIN] Loss: 0.5443, Accuracy: 75.15%, AUC: 0.75 [VAL] Loss: 0.5589, Accuracy: 72.80%, Precision: 0.70, Recall: 0.74, F1: 0.72, AUC: 0.73
Epoch [32/100] [TRAIN] Loss: 0.5405, Accuracy: 75.15%, AUC: 0.75 [VAL] Loss: 0.5592, Accuracy: 73.00%, Precision: 0.70, Recall: 0.74, F1: 0.72, AUC: 0.73
Epoch [33/100] [TRAIN] Loss: 0.5451, Accuracy: 74.19%, AUC: 0.74 [VAL] Loss: 0.5588, Accuracy: 73.00%, Precision: 0.70, Recall: 0.75, F1: 0.72, AUC: 0.73
Epoch [34/100] [TRAIN] Loss: 0.5472, Accuracy: 74.44%, AUC: 0.74 [VAL] Loss: 0.5588, Accuracy: 73.00%, Precision: 0.70, Recall: 0.75, F1: 0.72, AUC: 0.73
Epoch [35/100] [TRAIN] Loss: 0.5420, Accuracy: 74.58%, AUC: 0.75 [VAL] Loss: 0.5588, Accuracy: 73.00%, Precision: 0.70, Recall: 0.75, F1: 0.72, AUC: 0.73
Epoch [36/100] [TRAIN] Loss: 0.5443, Accuracy: 74.53%, AUC: 0.75 [VAL] Loss: 0.5593, Accuracy: 72.90%, Precision: 0.70, Recall: 0.75, F1: 0.72, AUC: 0.73
Epoch [37/100] [TRAIN] Loss: 0.5427, Accuracy: 74.60%, AUC: 0.75 [VAL] Loss: 0.5589, Accuracy: 72.90%, Precision: 0.70, Recall: 0.75, F1: 0.72, AUC: 0.73
Epoch [38/100] [TRAIN] Loss: 0.5362, Accuracy: 75.01%, AUC: 0.75 [VAL] Loss: 0.5588, Accuracy: 73.00%, Precision: 0.70, Recall: 0.75, F1: 0.72, AUC: 0.73
Epoch [39/100] [TRAIN] Loss: 0.5431, Accuracy: 74.59%, AUC: 0.75 [VAL] Loss: 0.5585, Accuracy: 73.20%, Precision: 0.70, Recall: 0.75, F1: 0.72, AUC: 0.73
Epoch [40/100] [TRAIN] Loss: 0.5385, Accuracy: 74.58%, AUC: 0.75 [VAL] Loss: 0.5585, Accuracy: 73.10%, Precision: 0.70, Recall: 0.75, F1: 0.72, AUC: 0.73
Epoch [41/100] [TRAIN] Loss: 0.5408, Accuracy: 74.55%, AUC: 0.75 [VAL] Loss: 0.5584, Accuracy: 72.80%, Precision: 0.70, Recall: 0.74, F1: 0.72, AUC: 0.73
Epoch [42/100] [TRAIN] Loss: 0.5426, Accuracy: 74.14%, AUC: 0.74 [VAL] Loss: 0.5584, Accuracy: 72.90%, Precision: 0.70, Recall: 0.75, F1: 0.72, AUC: 0.73
Epoch [43/100] [TRAIN] Loss: 0.5395, Accuracy: 74.22%, AUC: 0.74 [VAL] Loss: 0.5582, Accuracy: 72.80%, Precision: 0.70, Recall: 0.74, F1: 0.72, AUC: 0.73
Epoch [44/100] [TRAIN] Loss: 0.5393, Accuracy: 74.75%, AUC: 0.75 [VAL] Loss: 0.5582, Accuracy: 72.70%, Precision: 0.70, Recall: 0.74, F1: 0.72, AUC: 0.73
Epoch [45/100] [TRAIN] Loss: 0.5360, Accuracy: 74.58%, AUC: 0.75 [VAL] Loss: 0.5584, Accuracy: 73.00%, Precision: 0.70, Recall: 0.74, F1: 0.72, AUC: 0.73
Epoch [46/100] [TRAIN] Loss: 0.5365, Accuracy: 74.64%, AUC: 0.75 [VAL] Loss: 0.5576, Accuracy: 73.20%, Precision: 0.70, Recall: 0.75, F1: 0.72, AUC: 0.73
Epoch [47/100] [TRAIN] Loss: 0.5397, Accuracy: 75.00%, AUC: 0.75 [VAL] Loss: 0.5575, Accuracy: 73.00%, Precision: 0.70, Recall: 0.74, F1: 0.72, AUC: 0.73
Epoch [48/100] [TRAIN] Loss: 0.5346, Accuracy: 75.04%, AUC: 0.75 [VAL] Loss: 0.5578, Accuracy: 73.10%, Precision: 0.70, Recall: 0.75, F1: 0.72, AUC: 0.73
Epoch [49/100] [TRAIN] Loss: 0.5381, Accuracy: 74.74%, AUC: 0.75 [VAL] Loss: 0.5581, Accuracy: 73.10%, Precision: 0.70, Recall: 0.75, F1: 0.72, AUC: 0.73
Epoch [50/100] [TRAIN] Loss: 0.5375, Accuracy: 74.99%, AUC: 0.75 [VAL] Loss: 0.5582, Accuracy: 73.00%, Precision: 0.70, Recall: 0.75, F1: 0.72, AUC: 0.73
Epoch [51/100] [TRAIN] Loss: 0.5339, Accuracy: 74.76%, AUC: 0.75 [VAL] Loss: 0.5578, Accuracy: 73.20%, Precision: 0.70, Recall: 0.75, F1: 0.72, AUC: 0.73
Epoch [52/100] [TRAIN] Loss: 0.5332, Accuracy: 74.46%, AUC: 0.74 [VAL] Loss: 0.5580, Accuracy: 73.20%, Precision: 0.70, Recall: 0.75, F1: 0.72, AUC: 0.73
Epoch [53/100] [TRAIN] Loss: 0.5382, Accuracy: 74.85%, AUC: 0.75 [VAL] Loss: 0.5571, Accuracy: 73.00%, Precision: 0.70, Recall: 0.74, F1: 0.72, AUC: 0.73
Epoch [54/100] [TRAIN] Loss: 0.5352, Accuracy: 74.62%, AUC: 0.75 [VAL] Loss: 0.5576, Accuracy: 73.10%, Precision: 0.70, Recall: 0.75, F1: 0.72, AUC: 0.73
Epoch [55/100] [TRAIN] Loss: 0.5333, Accuracy: 74.66%, AUC: 0.75 [VAL] Loss: 0.5578, Accuracy: 73.20%, Precision: 0.70, Recall: 0.75, F1: 0.72, AUC: 0.73
Epoch [56/100] [TRAIN] Loss: 0.5344, Accuracy: 74.94%, AUC: 0.75 [VAL] Loss: 0.5572, Accuracy: 73.00%, Precision: 0.70, Recall: 0.74, F1: 0.72, AUC: 0.73
Epoch [57/100] [TRAIN] Loss: 0.5359, Accuracy: 74.38%, AUC: 0.74 [VAL] Loss: 0.5569, Accuracy: 73.20%, Precision: 0.70, Recall: 0.74, F1: 0.72, AUC: 0.73
Epoch [58/100] [TRAIN] Loss: 0.5313, Accuracy: 75.00%, AUC: 0.75 [VAL] Loss: 0.5566, Accuracy: 73.10%, Precision: 0.70, Recall: 0.74, F1: 0.72, AUC: 0.73
Epoch [59/100] [TRAIN] Loss: 0.5318, Accuracy: 75.06%, AUC: 0.75 [VAL] Loss: 0.5577, Accuracy: 73.10%, Precision: 0.70, Recall: 0.75, F1: 0.72, AUC: 0.73
Epoch [60/100] [TRAIN] Loss: 0.5333, Accuracy: 74.58%, AUC: 0.75 [VAL] Loss: 0.5583, Accuracy: 73.20%, Precision: 0.70, Recall: 0.75, F1: 0.72, AUC: 0.73
Epoch [61/100] [TRAIN] Loss: 0.5349, Accuracy: 74.75%, AUC: 0.75 [VAL] Loss: 0.5571, Accuracy: 73.00%, Precision: 0.70, Recall: 0.74, F1: 0.72, AUC: 0.73
Epoch [62/100] [TRAIN] Loss: 0.5322, Accuracy: 75.08%, AUC: 0.75 [VAL] Loss: 0.5571, Accuracy: 73.20%, Precision: 0.71, Recall: 0.74, F1: 0.72, AUC: 0.73
Epoch [63/100] [TRAIN] Loss: 0.5339, Accuracy: 74.95%, AUC: 0.75 [VAL] Loss: 0.5565, Accuracy: 73.20%, Precision: 0.71, Recall: 0.74, F1: 0.72, AUC: 0.73
Epoch [64/100] [TRAIN] Loss: 0.5340, Accuracy: 74.91%, AUC: 0.75 [VAL] Loss: 0.5562, Accuracy: 73.10%, Precision: 0.70, Recall: 0.74, F1: 0.72, AUC: 0.73
Epoch [65/100] [TRAIN] Loss: 0.5308, Accuracy: 75.08%, AUC: 0.75 [VAL] Loss: 0.5566, Accuracy: 73.20%, Precision: 0.70, Recall: 0.74, F1: 0.72, AUC: 0.73
Epoch [66/100] [TRAIN] Loss: 0.5329, Accuracy: 75.42%, AUC: 0.75 [VAL] Loss: 0.5572, Accuracy: 73.20%, Precision: 0.70, Recall: 0.75, F1: 0.72, AUC: 0.73
Epoch [67/100] [TRAIN] Loss: 0.5293, Accuracy: 75.31%, AUC: 0.75 [VAL] Loss: 0.5577, Accuracy: 73.40%, Precision: 0.71, Recall: 0.75, F1: 0.73, AUC: 0.73
Epoch [68/100] [TRAIN] Loss: 0.5325, Accuracy: 75.11%, AUC: 0.75 [VAL] Loss: 0.5579, Accuracy: 73.20%, Precision: 0.70, Recall: 0.75, F1: 0.72, AUC: 0.73
Epoch [69/100] [TRAIN] Loss: 0.5337, Accuracy: 75.06%, AUC: 0.75 [VAL] Loss: 0.5566, Accuracy: 73.10%, Precision: 0.70, Recall: 0.74, F1: 0.72, AUC: 0.73
Epoch [70/100] [TRAIN] Loss: 0.5279, Accuracy: 75.38%, AUC: 0.75 [VAL] Loss: 0.5566, Accuracy: 73.30%, Precision: 0.70, Recall: 0.75, F1: 0.73, AUC: 0.73
Epoch [71/100] [TRAIN] Loss: 0.5303, Accuracy: 75.21%, AUC: 0.75 [VAL] Loss: 0.5565, Accuracy: 73.20%, Precision: 0.70, Recall: 0.75, F1: 0.72, AUC: 0.73
Epoch [72/100] [TRAIN] Loss: 0.5314, Accuracy: 74.91%, AUC: 0.75 [VAL] Loss: 0.5565, Accuracy: 73.10%, Precision: 0.70, Recall: 0.75, F1: 0.72, AUC: 0.73
Epoch [73/100] [TRAIN] Loss: 0.5315, Accuracy: 75.28%, AUC: 0.75 [VAL] Loss: 0.5565, Accuracy: 73.10%, Precision: 0.70, Recall: 0.75, F1: 0.72, AUC: 0.73
Epoch [74/100] [TRAIN] Loss: 0.5336, Accuracy: 74.61%, AUC: 0.75 [VAL] Loss: 0.5565, Accuracy: 73.20%, Precision: 0.70, Recall: 0.75, F1: 0.72, AUC: 0.73
  Early stopping at epoch 74 (no val_loss improvement for 10 epochs)
Seed: 789
Accuracy:  75.10 %
AUC:       0.7509
Precision: 0.7424
Recall:    0.7734
F1-Score:  0.7575

Detailed Classification Report:
              precision    recall  f1-score   support

           0       0.76      0.73      0.74       497
           1       0.74      0.77      0.76       503

    accuracy                           0.75      1000
   macro avg       0.75      0.75      0.75      1000
weighted avg       0.75      0.75      0.75      1000


Confusion Matrix:
[[362 135]
 [114 389]]


021-H3K9ac-H3K9me3-H3K27ac
Train label distribution:
  Label 0:   4077 (51.0%)
  Label 1:   3923 (49.0%)
Val label distribution:
  Label 0:    529 (52.9%)
  Label 1:    471 (47.1%)
Test label distribution:
  Label 0:    497 (49.7%)
  Label 1:    503 (50.3%)
Epoch [1/100] [TRAIN] Loss: 0.6331, Accuracy: 70.94%, AUC: 0.71 [VAL] Loss: 0.6142, Accuracy: 71.10%, Precision: 0.67, Recall: 0.77, F1: 0.71, AUC: 0.71
Epoch [2/100] [TRAIN] Loss: 0.5903, Accuracy: 73.38%, AUC: 0.73 [VAL] Loss: 0.6045, Accuracy: 71.70%, Precision: 0.67, Recall: 0.77, F1: 0.72, AUC: 0.72
Epoch [3/100] [TRAIN] Loss: 0.5851, Accuracy: 74.11%, AUC: 0.74 [VAL] Loss: 0.6005, Accuracy: 71.60%, Precision: 0.67, Recall: 0.77, F1: 0.72, AUC: 0.72
Epoch [4/100] [TRAIN] Loss: 0.5801, Accuracy: 73.96%, AUC: 0.74 [VAL] Loss: 0.5977, Accuracy: 71.70%, Precision: 0.68, Recall: 0.77, F1: 0.72, AUC: 0.72
Epoch [5/100] [TRAIN] Loss: 0.5792, Accuracy: 73.81%, AUC: 0.74 [VAL] Loss: 0.5950, Accuracy: 71.70%, Precision: 0.68, Recall: 0.77, F1: 0.72, AUC: 0.72
Epoch [6/100] [TRAIN] Loss: 0.5783, Accuracy: 74.35%, AUC: 0.74 [VAL] Loss: 0.5931, Accuracy: 71.60%, Precision: 0.67, Recall: 0.77, F1: 0.72, AUC: 0.72
Epoch [7/100] [TRAIN] Loss: 0.5731, Accuracy: 74.34%, AUC: 0.74 [VAL] Loss: 0.5915, Accuracy: 71.70%, Precision: 0.67, Recall: 0.77, F1: 0.72, AUC: 0.72
Epoch [8/100] [TRAIN] Loss: 0.5678, Accuracy: 73.95%, AUC: 0.74 [VAL] Loss: 0.5904, Accuracy: 71.70%, Precision: 0.68, Recall: 0.77, F1: 0.72, AUC: 0.72
Epoch [9/100] [TRAIN] Loss: 0.5706, Accuracy: 73.92%, AUC: 0.74 [VAL] Loss: 0.5891, Accuracy: 71.70%, Precision: 0.68, Recall: 0.77, F1: 0.72, AUC: 0.72
Epoch [10/100] [TRAIN] Loss: 0.5714, Accuracy: 73.67%, AUC: 0.74 [VAL] Loss: 0.5867, Accuracy: 71.60%, Precision: 0.67, Recall: 0.77, F1: 0.72, AUC: 0.72
Epoch [11/100] [TRAIN] Loss: 0.5679, Accuracy: 73.86%, AUC: 0.74 [VAL] Loss: 0.5865, Accuracy: 71.90%, Precision: 0.68, Recall: 0.77, F1: 0.72, AUC: 0.72
Epoch [12/100] [TRAIN] Loss: 0.5661, Accuracy: 74.10%, AUC: 0.74 [VAL] Loss: 0.5854, Accuracy: 71.70%, Precision: 0.68, Recall: 0.77, F1: 0.72, AUC: 0.72
Epoch [13/100] [TRAIN] Loss: 0.5635, Accuracy: 74.21%, AUC: 0.74 [VAL] Loss: 0.5847, Accuracy: 72.00%, Precision: 0.68, Recall: 0.77, F1: 0.72, AUC: 0.72
Epoch [14/100] [TRAIN] Loss: 0.5585, Accuracy: 74.74%, AUC: 0.75 [VAL] Loss: 0.5843, Accuracy: 71.90%, Precision: 0.68, Recall: 0.77, F1: 0.72, AUC: 0.72
Epoch [15/100] [TRAIN] Loss: 0.5647, Accuracy: 73.99%, AUC: 0.74 [VAL] Loss: 0.5834, Accuracy: 71.70%, Precision: 0.68, Recall: 0.77, F1: 0.72, AUC: 0.72
Epoch [16/100] [TRAIN] Loss: 0.5613, Accuracy: 73.78%, AUC: 0.74 [VAL] Loss: 0.5831, Accuracy: 71.70%, Precision: 0.68, Recall: 0.77, F1: 0.72, AUC: 0.72
Epoch [17/100] [TRAIN] Loss: 0.5580, Accuracy: 74.09%, AUC: 0.74 [VAL] Loss: 0.5835, Accuracy: 71.70%, Precision: 0.68, Recall: 0.77, F1: 0.72, AUC: 0.72
Epoch [18/100] [TRAIN] Loss: 0.5565, Accuracy: 74.29%, AUC: 0.74 [VAL] Loss: 0.5826, Accuracy: 71.60%, Precision: 0.67, Recall: 0.77, F1: 0.72, AUC: 0.72
Epoch [19/100] [TRAIN] Loss: 0.5566, Accuracy: 74.44%, AUC: 0.74 [VAL] Loss: 0.5819, Accuracy: 71.40%, Precision: 0.67, Recall: 0.76, F1: 0.72, AUC: 0.72
Epoch [20/100] [TRAIN] Loss: 0.5620, Accuracy: 74.15%, AUC: 0.74 [VAL] Loss: 0.5808, Accuracy: 71.50%, Precision: 0.67, Recall: 0.76, F1: 0.72, AUC: 0.72
Epoch [21/100] [TRAIN] Loss: 0.5538, Accuracy: 74.76%, AUC: 0.75 [VAL] Loss: 0.5807, Accuracy: 71.40%, Precision: 0.67, Recall: 0.76, F1: 0.72, AUC: 0.72
Epoch [22/100] [TRAIN] Loss: 0.5604, Accuracy: 74.06%, AUC: 0.74 [VAL] Loss: 0.5797, Accuracy: 71.40%, Precision: 0.67, Recall: 0.76, F1: 0.72, AUC: 0.72
Epoch [23/100] [TRAIN] Loss: 0.5600, Accuracy: 73.95%, AUC: 0.74 [VAL] Loss: 0.5791, Accuracy: 71.70%, Precision: 0.68, Recall: 0.77, F1: 0.72, AUC: 0.72
Epoch [24/100] [TRAIN] Loss: 0.5535, Accuracy: 74.25%, AUC: 0.74 [VAL] Loss: 0.5796, Accuracy: 71.50%, Precision: 0.67, Recall: 0.76, F1: 0.72, AUC: 0.72
Epoch [25/100] [TRAIN] Loss: 0.5557, Accuracy: 74.09%, AUC: 0.74 [VAL] Loss: 0.5792, Accuracy: 71.90%, Precision: 0.68, Recall: 0.76, F1: 0.72, AUC: 0.72
Epoch [26/100] [TRAIN] Loss: 0.5541, Accuracy: 74.31%, AUC: 0.74 [VAL] Loss: 0.5786, Accuracy: 71.80%, Precision: 0.68, Recall: 0.76, F1: 0.72, AUC: 0.72
Epoch [27/100] [TRAIN] Loss: 0.5574, Accuracy: 74.47%, AUC: 0.74 [VAL] Loss: 0.5779, Accuracy: 71.70%, Precision: 0.68, Recall: 0.76, F1: 0.72, AUC: 0.72
Epoch [28/100] [TRAIN] Loss: 0.5547, Accuracy: 73.94%, AUC: 0.74 [VAL] Loss: 0.5776, Accuracy: 71.80%, Precision: 0.68, Recall: 0.76, F1: 0.72, AUC: 0.72
Epoch [29/100] [TRAIN] Loss: 0.5514, Accuracy: 74.10%, AUC: 0.74 [VAL] Loss: 0.5775, Accuracy: 72.00%, Precision: 0.68, Recall: 0.77, F1: 0.72, AUC: 0.72
Epoch [30/100] [TRAIN] Loss: 0.5541, Accuracy: 74.50%, AUC: 0.75 [VAL] Loss: 0.5774, Accuracy: 71.90%, Precision: 0.68, Recall: 0.76, F1: 0.72, AUC: 0.72
Epoch [31/100] [TRAIN] Loss: 0.5519, Accuracy: 74.61%, AUC: 0.75 [VAL] Loss: 0.5769, Accuracy: 71.70%, Precision: 0.68, Recall: 0.76, F1: 0.72, AUC: 0.72
Epoch [32/100] [TRAIN] Loss: 0.5546, Accuracy: 73.91%, AUC: 0.74 [VAL] Loss: 0.5770, Accuracy: 71.60%, Precision: 0.68, Recall: 0.76, F1: 0.72, AUC: 0.72
Epoch [33/100] [TRAIN] Loss: 0.5499, Accuracy: 74.50%, AUC: 0.75 [VAL] Loss: 0.5769, Accuracy: 72.10%, Precision: 0.68, Recall: 0.76, F1: 0.72, AUC: 0.72
Epoch [34/100] [TRAIN] Loss: 0.5482, Accuracy: 74.53%, AUC: 0.75 [VAL] Loss: 0.5770, Accuracy: 72.20%, Precision: 0.68, Recall: 0.76, F1: 0.72, AUC: 0.72
Epoch [35/100] [TRAIN] Loss: 0.5539, Accuracy: 74.26%, AUC: 0.74 [VAL] Loss: 0.5761, Accuracy: 72.30%, Precision: 0.68, Recall: 0.76, F1: 0.72, AUC: 0.73
Epoch [36/100] [TRAIN] Loss: 0.5510, Accuracy: 74.11%, AUC: 0.74 [VAL] Loss: 0.5764, Accuracy: 72.10%, Precision: 0.68, Recall: 0.76, F1: 0.72, AUC: 0.72
Epoch [37/100] [TRAIN] Loss: 0.5490, Accuracy: 74.76%, AUC: 0.75 [VAL] Loss: 0.5764, Accuracy: 72.20%, Precision: 0.68, Recall: 0.76, F1: 0.72, AUC: 0.72
Epoch [38/100] [TRAIN] Loss: 0.5483, Accuracy: 74.28%, AUC: 0.74 [VAL] Loss: 0.5767, Accuracy: 72.30%, Precision: 0.68, Recall: 0.77, F1: 0.72, AUC: 0.73
Epoch [39/100] [TRAIN] Loss: 0.5513, Accuracy: 73.86%, AUC: 0.74 [VAL] Loss: 0.5757, Accuracy: 72.30%, Precision: 0.68, Recall: 0.76, F1: 0.72, AUC: 0.73
Epoch [40/100] [TRAIN] Loss: 0.5530, Accuracy: 74.40%, AUC: 0.74 [VAL] Loss: 0.5762, Accuracy: 72.60%, Precision: 0.69, Recall: 0.77, F1: 0.73, AUC: 0.73
Epoch [41/100] [TRAIN] Loss: 0.5468, Accuracy: 74.47%, AUC: 0.74 [VAL] Loss: 0.5760, Accuracy: 72.40%, Precision: 0.69, Recall: 0.77, F1: 0.72, AUC: 0.73
Epoch [42/100] [TRAIN] Loss: 0.5523, Accuracy: 74.45%, AUC: 0.74 [VAL] Loss: 0.5756, Accuracy: 72.40%, Precision: 0.69, Recall: 0.76, F1: 0.72, AUC: 0.73
Epoch [43/100] [TRAIN] Loss: 0.5475, Accuracy: 74.61%, AUC: 0.75 [VAL] Loss: 0.5757, Accuracy: 72.30%, Precision: 0.68, Recall: 0.76, F1: 0.72, AUC: 0.73
Epoch [44/100] [TRAIN] Loss: 0.5472, Accuracy: 74.72%, AUC: 0.75 [VAL] Loss: 0.5746, Accuracy: 72.50%, Precision: 0.69, Recall: 0.76, F1: 0.72, AUC: 0.73
Epoch [45/100] [TRAIN] Loss: 0.5480, Accuracy: 74.66%, AUC: 0.75 [VAL] Loss: 0.5748, Accuracy: 72.40%, Precision: 0.69, Recall: 0.76, F1: 0.72, AUC: 0.73
Epoch [46/100] [TRAIN] Loss: 0.5455, Accuracy: 74.78%, AUC: 0.75 [VAL] Loss: 0.5751, Accuracy: 72.40%, Precision: 0.69, Recall: 0.76, F1: 0.72, AUC: 0.73
Epoch [47/100] [TRAIN] Loss: 0.5479, Accuracy: 74.74%, AUC: 0.75 [VAL] Loss: 0.5752, Accuracy: 72.30%, Precision: 0.69, Recall: 0.76, F1: 0.72, AUC: 0.73
Epoch [48/100] [TRAIN] Loss: 0.5480, Accuracy: 74.40%, AUC: 0.74 [VAL] Loss: 0.5743, Accuracy: 72.60%, Precision: 0.69, Recall: 0.76, F1: 0.72, AUC: 0.73
Epoch [49/100] [TRAIN] Loss: 0.5464, Accuracy: 73.97%, AUC: 0.74 [VAL] Loss: 0.5749, Accuracy: 72.60%, Precision: 0.69, Recall: 0.76, F1: 0.72, AUC: 0.73
Epoch [50/100] [TRAIN] Loss: 0.5460, Accuracy: 74.17%, AUC: 0.74 [VAL] Loss: 0.5746, Accuracy: 72.60%, Precision: 0.69, Recall: 0.76, F1: 0.72, AUC: 0.73
Epoch [51/100] [TRAIN] Loss: 0.5447, Accuracy: 74.76%, AUC: 0.75 [VAL] Loss: 0.5743, Accuracy: 72.50%, Precision: 0.69, Recall: 0.76, F1: 0.72, AUC: 0.73
Epoch [52/100] [TRAIN] Loss: 0.5463, Accuracy: 74.14%, AUC: 0.74 [VAL] Loss: 0.5752, Accuracy: 72.30%, Precision: 0.69, Recall: 0.76, F1: 0.72, AUC: 0.73
Epoch [53/100] [TRAIN] Loss: 0.5472, Accuracy: 74.44%, AUC: 0.74 [VAL] Loss: 0.5752, Accuracy: 72.40%, Precision: 0.69, Recall: 0.76, F1: 0.72, AUC: 0.73
Epoch [54/100] [TRAIN] Loss: 0.5448, Accuracy: 74.46%, AUC: 0.74 [VAL] Loss: 0.5746, Accuracy: 72.50%, Precision: 0.69, Recall: 0.76, F1: 0.72, AUC: 0.73
Epoch [55/100] [TRAIN] Loss: 0.5451, Accuracy: 74.67%, AUC: 0.75 [VAL] Loss: 0.5746, Accuracy: 72.50%, Precision: 0.69, Recall: 0.76, F1: 0.72, AUC: 0.73
Epoch [56/100] [TRAIN] Loss: 0.5449, Accuracy: 75.04%, AUC: 0.75 [VAL] Loss: 0.5745, Accuracy: 72.50%, Precision: 0.69, Recall: 0.76, F1: 0.72, AUC: 0.73
Epoch [57/100] [TRAIN] Loss: 0.5420, Accuracy: 74.54%, AUC: 0.75 [VAL] Loss: 0.5745, Accuracy: 72.50%, Precision: 0.69, Recall: 0.76, F1: 0.72, AUC: 0.73
Epoch [58/100] [TRAIN] Loss: 0.5442, Accuracy: 74.42%, AUC: 0.74 [VAL] Loss: 0.5745, Accuracy: 72.50%, Precision: 0.69, Recall: 0.76, F1: 0.72, AUC: 0.73
  Early stopping at epoch 58 (no val_loss improvement for 10 epochs)
Seed: 789
Accuracy:  74.20 %
AUC:       0.7418
Precision: 0.7298
Recall:    0.7734
F1-Score:  0.7510

Detailed Classification Report:
              precision    recall  f1-score   support

           0       0.76      0.71      0.73       497
           1       0.73      0.77      0.75       503

    accuracy                           0.74      1000
   macro avg       0.74      0.74      0.74      1000
weighted avg       0.74      0.74      0.74      1000


Confusion Matrix:
[[353 144]
 [114 389]]


022-H3K9ac-H3K9me3-H3K27me3
Train label distribution:
  Label 0:   4077 (51.0%)
  Label 1:   3923 (49.0%)
Val label distribution:
  Label 0:    529 (52.9%)
  Label 1:    471 (47.1%)
Test label distribution:
  Label 0:    497 (49.7%)
  Label 1:    503 (50.3%)
Epoch [1/100] [TRAIN] Loss: 0.6992, Accuracy: 59.96%, AUC: 0.60 [VAL] Loss: 0.6701, Accuracy: 71.00%, Precision: 0.67, Recall: 0.75, F1: 0.71, AUC: 0.71
Epoch [2/100] [TRAIN] Loss: 0.6497, Accuracy: 69.92%, AUC: 0.70 [VAL] Loss: 0.6281, Accuracy: 71.90%, Precision: 0.68, Recall: 0.76, F1: 0.72, AUC: 0.72
Epoch [3/100] [TRAIN] Loss: 0.6150, Accuracy: 71.45%, AUC: 0.71 [VAL] Loss: 0.5997, Accuracy: 72.10%, Precision: 0.68, Recall: 0.76, F1: 0.72, AUC: 0.72
Epoch [4/100] [TRAIN] Loss: 0.5971, Accuracy: 71.19%, AUC: 0.71 [VAL] Loss: 0.5876, Accuracy: 71.40%, Precision: 0.68, Recall: 0.75, F1: 0.71, AUC: 0.72
Epoch [5/100] [TRAIN] Loss: 0.5921, Accuracy: 72.12%, AUC: 0.72 [VAL] Loss: 0.5836, Accuracy: 71.40%, Precision: 0.68, Recall: 0.75, F1: 0.71, AUC: 0.72
Epoch [6/100] [TRAIN] Loss: 0.5862, Accuracy: 71.95%, AUC: 0.72 [VAL] Loss: 0.5817, Accuracy: 71.40%, Precision: 0.68, Recall: 0.75, F1: 0.71, AUC: 0.72
Epoch [7/100] [TRAIN] Loss: 0.5847, Accuracy: 71.66%, AUC: 0.72 [VAL] Loss: 0.5810, Accuracy: 71.40%, Precision: 0.68, Recall: 0.75, F1: 0.71, AUC: 0.72
Epoch [8/100] [TRAIN] Loss: 0.5774, Accuracy: 72.12%, AUC: 0.72 [VAL] Loss: 0.5800, Accuracy: 71.70%, Precision: 0.68, Recall: 0.76, F1: 0.72, AUC: 0.72
Epoch [9/100] [TRAIN] Loss: 0.5803, Accuracy: 72.33%, AUC: 0.72 [VAL] Loss: 0.5797, Accuracy: 71.80%, Precision: 0.68, Recall: 0.76, F1: 0.72, AUC: 0.72
Epoch [10/100] [TRAIN] Loss: 0.5773, Accuracy: 72.04%, AUC: 0.72 [VAL] Loss: 0.5791, Accuracy: 71.90%, Precision: 0.68, Recall: 0.76, F1: 0.72, AUC: 0.72
Epoch [11/100] [TRAIN] Loss: 0.5783, Accuracy: 72.54%, AUC: 0.73 [VAL] Loss: 0.5787, Accuracy: 71.90%, Precision: 0.68, Recall: 0.76, F1: 0.72, AUC: 0.72
Epoch [12/100] [TRAIN] Loss: 0.5749, Accuracy: 72.85%, AUC: 0.73 [VAL] Loss: 0.5783, Accuracy: 71.90%, Precision: 0.68, Recall: 0.76, F1: 0.72, AUC: 0.72
Epoch [13/100] [TRAIN] Loss: 0.5688, Accuracy: 72.75%, AUC: 0.73 [VAL] Loss: 0.5781, Accuracy: 71.90%, Precision: 0.68, Recall: 0.76, F1: 0.72, AUC: 0.72
Epoch [14/100] [TRAIN] Loss: 0.5737, Accuracy: 72.47%, AUC: 0.72 [VAL] Loss: 0.5777, Accuracy: 71.80%, Precision: 0.68, Recall: 0.76, F1: 0.72, AUC: 0.72
Epoch [15/100] [TRAIN] Loss: 0.5692, Accuracy: 73.20%, AUC: 0.73 [VAL] Loss: 0.5773, Accuracy: 71.80%, Precision: 0.68, Recall: 0.76, F1: 0.72, AUC: 0.72
Epoch [16/100] [TRAIN] Loss: 0.5769, Accuracy: 72.40%, AUC: 0.72 [VAL] Loss: 0.5770, Accuracy: 71.60%, Precision: 0.68, Recall: 0.76, F1: 0.71, AUC: 0.72
Epoch [17/100] [TRAIN] Loss: 0.5730, Accuracy: 72.25%, AUC: 0.72 [VAL] Loss: 0.5768, Accuracy: 71.60%, Precision: 0.68, Recall: 0.76, F1: 0.71, AUC: 0.72
Epoch [18/100] [TRAIN] Loss: 0.5728, Accuracy: 72.26%, AUC: 0.72 [VAL] Loss: 0.5767, Accuracy: 71.50%, Precision: 0.68, Recall: 0.76, F1: 0.71, AUC: 0.72
Epoch [19/100] [TRAIN] Loss: 0.5692, Accuracy: 72.85%, AUC: 0.73 [VAL] Loss: 0.5761, Accuracy: 71.60%, Precision: 0.68, Recall: 0.76, F1: 0.72, AUC: 0.72
Epoch [20/100] [TRAIN] Loss: 0.5695, Accuracy: 72.58%, AUC: 0.73 [VAL] Loss: 0.5757, Accuracy: 71.60%, Precision: 0.68, Recall: 0.76, F1: 0.71, AUC: 0.72
Epoch [21/100] [TRAIN] Loss: 0.5702, Accuracy: 72.85%, AUC: 0.73 [VAL] Loss: 0.5755, Accuracy: 71.50%, Precision: 0.68, Recall: 0.76, F1: 0.71, AUC: 0.72
Epoch [22/100] [TRAIN] Loss: 0.5674, Accuracy: 72.56%, AUC: 0.73 [VAL] Loss: 0.5753, Accuracy: 71.60%, Precision: 0.68, Recall: 0.76, F1: 0.72, AUC: 0.72
Epoch [23/100] [TRAIN] Loss: 0.5654, Accuracy: 73.14%, AUC: 0.73 [VAL] Loss: 0.5751, Accuracy: 71.60%, Precision: 0.68, Recall: 0.76, F1: 0.72, AUC: 0.72
Epoch [24/100] [TRAIN] Loss: 0.5655, Accuracy: 72.59%, AUC: 0.73 [VAL] Loss: 0.5749, Accuracy: 71.60%, Precision: 0.68, Recall: 0.76, F1: 0.72, AUC: 0.72
Epoch [25/100] [TRAIN] Loss: 0.5664, Accuracy: 72.42%, AUC: 0.72 [VAL] Loss: 0.5746, Accuracy: 71.40%, Precision: 0.68, Recall: 0.76, F1: 0.71, AUC: 0.72
Epoch [26/100] [TRAIN] Loss: 0.5614, Accuracy: 72.75%, AUC: 0.73 [VAL] Loss: 0.5744, Accuracy: 71.40%, Precision: 0.68, Recall: 0.76, F1: 0.71, AUC: 0.72
Epoch [27/100] [TRAIN] Loss: 0.5622, Accuracy: 72.97%, AUC: 0.73 [VAL] Loss: 0.5741, Accuracy: 71.30%, Precision: 0.67, Recall: 0.76, F1: 0.71, AUC: 0.72
Epoch [28/100] [TRAIN] Loss: 0.5600, Accuracy: 72.81%, AUC: 0.73 [VAL] Loss: 0.5738, Accuracy: 71.20%, Precision: 0.67, Recall: 0.76, F1: 0.71, AUC: 0.71
Epoch [29/100] [TRAIN] Loss: 0.5626, Accuracy: 72.97%, AUC: 0.73 [VAL] Loss: 0.5735, Accuracy: 71.30%, Precision: 0.67, Recall: 0.76, F1: 0.71, AUC: 0.72
Epoch [30/100] [TRAIN] Loss: 0.5677, Accuracy: 72.06%, AUC: 0.72 [VAL] Loss: 0.5733, Accuracy: 71.30%, Precision: 0.67, Recall: 0.76, F1: 0.71, AUC: 0.72
Epoch [31/100] [TRAIN] Loss: 0.5631, Accuracy: 72.76%, AUC: 0.73 [VAL] Loss: 0.5730, Accuracy: 71.20%, Precision: 0.67, Recall: 0.76, F1: 0.71, AUC: 0.71
Epoch [32/100] [TRAIN] Loss: 0.5600, Accuracy: 72.88%, AUC: 0.73 [VAL] Loss: 0.5727, Accuracy: 71.20%, Precision: 0.67, Recall: 0.76, F1: 0.71, AUC: 0.71
Epoch [33/100] [TRAIN] Loss: 0.5585, Accuracy: 72.88%, AUC: 0.73 [VAL] Loss: 0.5725, Accuracy: 70.90%, Precision: 0.67, Recall: 0.75, F1: 0.71, AUC: 0.71
Epoch [34/100] [TRAIN] Loss: 0.5586, Accuracy: 72.69%, AUC: 0.73 [VAL] Loss: 0.5723, Accuracy: 70.80%, Precision: 0.67, Recall: 0.75, F1: 0.71, AUC: 0.71
Epoch [35/100] [TRAIN] Loss: 0.5610, Accuracy: 73.21%, AUC: 0.73 [VAL] Loss: 0.5720, Accuracy: 71.20%, Precision: 0.67, Recall: 0.76, F1: 0.71, AUC: 0.71
Epoch [36/100] [TRAIN] Loss: 0.5602, Accuracy: 72.76%, AUC: 0.73 [VAL] Loss: 0.5716, Accuracy: 71.00%, Precision: 0.67, Recall: 0.75, F1: 0.71, AUC: 0.71
Epoch [37/100] [TRAIN] Loss: 0.5564, Accuracy: 73.06%, AUC: 0.73 [VAL] Loss: 0.5715, Accuracy: 71.20%, Precision: 0.67, Recall: 0.75, F1: 0.71, AUC: 0.71
Epoch [38/100] [TRAIN] Loss: 0.5598, Accuracy: 73.00%, AUC: 0.73 [VAL] Loss: 0.5710, Accuracy: 71.20%, Precision: 0.67, Recall: 0.75, F1: 0.71, AUC: 0.71
Epoch [39/100] [TRAIN] Loss: 0.5597, Accuracy: 72.96%, AUC: 0.73 [VAL] Loss: 0.5708, Accuracy: 71.20%, Precision: 0.67, Recall: 0.75, F1: 0.71, AUC: 0.71
Epoch [40/100] [TRAIN] Loss: 0.5558, Accuracy: 73.00%, AUC: 0.73 [VAL] Loss: 0.5706, Accuracy: 71.30%, Precision: 0.67, Recall: 0.75, F1: 0.71, AUC: 0.72
Epoch [41/100] [TRAIN] Loss: 0.5563, Accuracy: 73.39%, AUC: 0.73 [VAL] Loss: 0.5704, Accuracy: 71.10%, Precision: 0.67, Recall: 0.75, F1: 0.71, AUC: 0.71
Epoch [42/100] [TRAIN] Loss: 0.5569, Accuracy: 72.97%, AUC: 0.73 [VAL] Loss: 0.5701, Accuracy: 71.10%, Precision: 0.67, Recall: 0.75, F1: 0.71, AUC: 0.71
Epoch [43/100] [TRAIN] Loss: 0.5531, Accuracy: 72.99%, AUC: 0.73 [VAL] Loss: 0.5699, Accuracy: 71.00%, Precision: 0.67, Recall: 0.75, F1: 0.71, AUC: 0.71
Epoch [44/100] [TRAIN] Loss: 0.5582, Accuracy: 73.15%, AUC: 0.73 [VAL] Loss: 0.5696, Accuracy: 71.10%, Precision: 0.67, Recall: 0.75, F1: 0.71, AUC: 0.71
Epoch [45/100] [TRAIN] Loss: 0.5541, Accuracy: 73.10%, AUC: 0.73 [VAL] Loss: 0.5696, Accuracy: 71.00%, Precision: 0.67, Recall: 0.75, F1: 0.71, AUC: 0.71
Epoch [46/100] [TRAIN] Loss: 0.5554, Accuracy: 73.04%, AUC: 0.73 [VAL] Loss: 0.5694, Accuracy: 71.10%, Precision: 0.67, Recall: 0.75, F1: 0.71, AUC: 0.71
Epoch [47/100] [TRAIN] Loss: 0.5503, Accuracy: 73.25%, AUC: 0.73 [VAL] Loss: 0.5691, Accuracy: 71.00%, Precision: 0.67, Recall: 0.75, F1: 0.71, AUC: 0.71
Epoch [48/100] [TRAIN] Loss: 0.5600, Accuracy: 73.26%, AUC: 0.73 [VAL] Loss: 0.5689, Accuracy: 70.90%, Precision: 0.67, Recall: 0.75, F1: 0.71, AUC: 0.71
Epoch [49/100] [TRAIN] Loss: 0.5517, Accuracy: 73.08%, AUC: 0.73 [VAL] Loss: 0.5687, Accuracy: 70.90%, Precision: 0.67, Recall: 0.75, F1: 0.71, AUC: 0.71
Epoch [50/100] [TRAIN] Loss: 0.5536, Accuracy: 73.26%, AUC: 0.73 [VAL] Loss: 0.5685, Accuracy: 70.90%, Precision: 0.67, Recall: 0.75, F1: 0.71, AUC: 0.71
Epoch [51/100] [TRAIN] Loss: 0.5517, Accuracy: 73.42%, AUC: 0.73 [VAL] Loss: 0.5684, Accuracy: 71.00%, Precision: 0.67, Recall: 0.75, F1: 0.71, AUC: 0.71
Epoch [52/100] [TRAIN] Loss: 0.5564, Accuracy: 72.79%, AUC: 0.73 [VAL] Loss: 0.5681, Accuracy: 71.10%, Precision: 0.67, Recall: 0.75, F1: 0.71, AUC: 0.71
Epoch [53/100] [TRAIN] Loss: 0.5504, Accuracy: 73.16%, AUC: 0.73 [VAL] Loss: 0.5679, Accuracy: 71.00%, Precision: 0.67, Recall: 0.75, F1: 0.71, AUC: 0.71
Epoch [54/100] [TRAIN] Loss: 0.5515, Accuracy: 73.10%, AUC: 0.73 [VAL] Loss: 0.5682, Accuracy: 71.00%, Precision: 0.67, Recall: 0.75, F1: 0.71, AUC: 0.71
Epoch [55/100] [TRAIN] Loss: 0.5528, Accuracy: 73.06%, AUC: 0.73 [VAL] Loss: 0.5681, Accuracy: 71.00%, Precision: 0.67, Recall: 0.75, F1: 0.71, AUC: 0.71
Epoch [56/100] [TRAIN] Loss: 0.5483, Accuracy: 73.24%, AUC: 0.73 [VAL] Loss: 0.5681, Accuracy: 70.90%, Precision: 0.67, Recall: 0.75, F1: 0.71, AUC: 0.71
Epoch [57/100] [TRAIN] Loss: 0.5485, Accuracy: 73.39%, AUC: 0.73 [VAL] Loss: 0.5680, Accuracy: 70.90%, Precision: 0.67, Recall: 0.75, F1: 0.71, AUC: 0.71
Epoch [58/100] [TRAIN] Loss: 0.5458, Accuracy: 73.67%, AUC: 0.74 [VAL] Loss: 0.5680, Accuracy: 70.90%, Precision: 0.67, Recall: 0.75, F1: 0.71, AUC: 0.71
Epoch [59/100] [TRAIN] Loss: 0.5506, Accuracy: 73.12%, AUC: 0.73 [VAL] Loss: 0.5680, Accuracy: 71.20%, Precision: 0.67, Recall: 0.75, F1: 0.71, AUC: 0.71
Epoch [60/100] [TRAIN] Loss: 0.5504, Accuracy: 73.49%, AUC: 0.74 [VAL] Loss: 0.5680, Accuracy: 71.20%, Precision: 0.67, Recall: 0.75, F1: 0.71, AUC: 0.71
Epoch [61/100] [TRAIN] Loss: 0.5492, Accuracy: 72.67%, AUC: 0.73 [VAL] Loss: 0.5679, Accuracy: 71.20%, Precision: 0.67, Recall: 0.75, F1: 0.71, AUC: 0.71
Epoch [62/100] [TRAIN] Loss: 0.5487, Accuracy: 73.34%, AUC: 0.73 [VAL] Loss: 0.5679, Accuracy: 71.20%, Precision: 0.67, Recall: 0.75, F1: 0.71, AUC: 0.71
Epoch [63/100] [TRAIN] Loss: 0.5480, Accuracy: 73.35%, AUC: 0.73 [VAL] Loss: 0.5679, Accuracy: 71.20%, Precision: 0.67, Recall: 0.75, F1: 0.71, AUC: 0.71
Epoch [64/100] [TRAIN] Loss: 0.5500, Accuracy: 73.26%, AUC: 0.73 [VAL] Loss: 0.5679, Accuracy: 71.20%, Precision: 0.67, Recall: 0.75, F1: 0.71, AUC: 0.71
Epoch [65/100] [TRAIN] Loss: 0.5474, Accuracy: 73.67%, AUC: 0.74 [VAL] Loss: 0.5679, Accuracy: 71.20%, Precision: 0.67, Recall: 0.75, F1: 0.71, AUC: 0.71
Epoch [66/100] [TRAIN] Loss: 0.5469, Accuracy: 73.89%, AUC: 0.74 [VAL] Loss: 0.5679, Accuracy: 71.20%, Precision: 0.67, Recall: 0.75, F1: 0.71, AUC: 0.71
Epoch [67/100] [TRAIN] Loss: 0.5503, Accuracy: 73.50%, AUC: 0.74 [VAL] Loss: 0.5679, Accuracy: 71.20%, Precision: 0.67, Recall: 0.75, F1: 0.71, AUC: 0.71
Epoch [68/100] [TRAIN] Loss: 0.5480, Accuracy: 73.40%, AUC: 0.73 [VAL] Loss: 0.5679, Accuracy: 71.20%, Precision: 0.67, Recall: 0.75, F1: 0.71, AUC: 0.71
Epoch [69/100] [TRAIN] Loss: 0.5492, Accuracy: 73.15%, AUC: 0.73 [VAL] Loss: 0.5679, Accuracy: 71.20%, Precision: 0.67, Recall: 0.75, F1: 0.71, AUC: 0.71
Epoch [70/100] [TRAIN] Loss: 0.5492, Accuracy: 73.62%, AUC: 0.74 [VAL] Loss: 0.5679, Accuracy: 71.20%, Precision: 0.67, Recall: 0.75, F1: 0.71, AUC: 0.71
Epoch [71/100] [TRAIN] Loss: 0.5499, Accuracy: 73.35%, AUC: 0.73 [VAL] Loss: 0.5679, Accuracy: 71.20%, Precision: 0.67, Recall: 0.75, F1: 0.71, AUC: 0.71
Epoch [72/100] [TRAIN] Loss: 0.5528, Accuracy: 73.42%, AUC: 0.73 [VAL] Loss: 0.5679, Accuracy: 71.20%, Precision: 0.67, Recall: 0.75, F1: 0.71, AUC: 0.71
Epoch [73/100] [TRAIN] Loss: 0.5520, Accuracy: 73.16%, AUC: 0.73 [VAL] Loss: 0.5679, Accuracy: 71.20%, Precision: 0.67, Recall: 0.75, F1: 0.71, AUC: 0.71
Epoch [74/100] [TRAIN] Loss: 0.5521, Accuracy: 73.25%, AUC: 0.73 [VAL] Loss: 0.5679, Accuracy: 71.20%, Precision: 0.67, Recall: 0.75, F1: 0.71, AUC: 0.71
Epoch [75/100] [TRAIN] Loss: 0.5483, Accuracy: 73.26%, AUC: 0.73 [VAL] Loss: 0.5679, Accuracy: 71.20%, Precision: 0.67, Recall: 0.75, F1: 0.71, AUC: 0.71
Epoch [76/100] [TRAIN] Loss: 0.5486, Accuracy: 73.15%, AUC: 0.73 [VAL] Loss: 0.5679, Accuracy: 71.20%, Precision: 0.67, Recall: 0.75, F1: 0.71, AUC: 0.71
Epoch [77/100] [TRAIN] Loss: 0.5462, Accuracy: 73.33%, AUC: 0.73 [VAL] Loss: 0.5679, Accuracy: 71.20%, Precision: 0.67, Recall: 0.75, F1: 0.71, AUC: 0.71
Epoch [78/100] [TRAIN] Loss: 0.5461, Accuracy: 73.28%, AUC: 0.73 [VAL] Loss: 0.5679, Accuracy: 71.20%, Precision: 0.67, Recall: 0.75, F1: 0.71, AUC: 0.71
Epoch [79/100] [TRAIN] Loss: 0.5514, Accuracy: 72.89%, AUC: 0.73 [VAL] Loss: 0.5679, Accuracy: 71.20%, Precision: 0.67, Recall: 0.75, F1: 0.71, AUC: 0.71
Epoch [80/100] [TRAIN] Loss: 0.5497, Accuracy: 73.31%, AUC: 0.73 [VAL] Loss: 0.5679, Accuracy: 71.20%, Precision: 0.67, Recall: 0.75, F1: 0.71, AUC: 0.71
Epoch [81/100] [TRAIN] Loss: 0.5487, Accuracy: 73.71%, AUC: 0.74 [VAL] Loss: 0.5679, Accuracy: 71.20%, Precision: 0.67, Recall: 0.75, F1: 0.71, AUC: 0.71
Epoch [82/100] [TRAIN] Loss: 0.5483, Accuracy: 73.26%, AUC: 0.73 [VAL] Loss: 0.5679, Accuracy: 71.20%, Precision: 0.67, Recall: 0.75, F1: 0.71, AUC: 0.71
Epoch [83/100] [TRAIN] Loss: 0.5484, Accuracy: 73.76%, AUC: 0.74 [VAL] Loss: 0.5679, Accuracy: 71.20%, Precision: 0.67, Recall: 0.75, F1: 0.71, AUC: 0.71
Epoch [84/100] [TRAIN] Loss: 0.5470, Accuracy: 73.83%, AUC: 0.74 [VAL] Loss: 0.5679, Accuracy: 71.20%, Precision: 0.67, Recall: 0.75, F1: 0.71, AUC: 0.71
Epoch [85/100] [TRAIN] Loss: 0.5519, Accuracy: 73.54%, AUC: 0.74 [VAL] Loss: 0.5679, Accuracy: 71.20%, Precision: 0.67, Recall: 0.75, F1: 0.71, AUC: 0.71
Epoch [86/100] [TRAIN] Loss: 0.5471, Accuracy: 73.83%, AUC: 0.74 [VAL] Loss: 0.5679, Accuracy: 71.20%, Precision: 0.67, Recall: 0.75, F1: 0.71, AUC: 0.71
Epoch [87/100] [TRAIN] Loss: 0.5494, Accuracy: 73.25%, AUC: 0.73 [VAL] Loss: 0.5679, Accuracy: 71.20%, Precision: 0.67, Recall: 0.75, F1: 0.71, AUC: 0.71
  Early stopping at epoch 87 (no val_loss improvement for 10 epochs)
Seed: 789
Accuracy:  73.10 %
AUC:       0.7308
Precision: 0.7175
Recall:    0.7674
F1-Score:  0.7416

Detailed Classification Report:
              precision    recall  f1-score   support

           0       0.75      0.69      0.72       497
           1       0.72      0.77      0.74       503

    accuracy                           0.73      1000
   macro avg       0.73      0.73      0.73      1000
weighted avg       0.73      0.73      0.73      1000


Confusion Matrix:
[[345 152]
 [117 386]]


023-H3K9ac-H3K27ac-H3K27me3
Train label distribution:
  Label 0:   4077 (51.0%)
  Label 1:   3923 (49.0%)
Val label distribution:
  Label 0:    529 (52.9%)
  Label 1:    471 (47.1%)
Test label distribution:
  Label 0:    497 (49.7%)
  Label 1:    503 (50.3%)
Epoch [1/100] [TRAIN] Loss: 0.6255, Accuracy: 69.28%, AUC: 0.69 [VAL] Loss: 0.6071, Accuracy: 71.30%, Precision: 0.67, Recall: 0.76, F1: 0.71, AUC: 0.72
Epoch [2/100] [TRAIN] Loss: 0.5979, Accuracy: 72.34%, AUC: 0.72 [VAL] Loss: 0.6012, Accuracy: 71.30%, Precision: 0.67, Recall: 0.76, F1: 0.71, AUC: 0.72
Epoch [3/100] [TRAIN] Loss: 0.5903, Accuracy: 73.14%, AUC: 0.73 [VAL] Loss: 0.5976, Accuracy: 70.90%, Precision: 0.67, Recall: 0.75, F1: 0.71, AUC: 0.71
Epoch [4/100] [TRAIN] Loss: 0.5825, Accuracy: 72.96%, AUC: 0.73 [VAL] Loss: 0.5953, Accuracy: 71.00%, Precision: 0.67, Recall: 0.75, F1: 0.71, AUC: 0.71
Epoch [5/100] [TRAIN] Loss: 0.5809, Accuracy: 72.99%, AUC: 0.73 [VAL] Loss: 0.5918, Accuracy: 71.50%, Precision: 0.68, Recall: 0.75, F1: 0.71, AUC: 0.72
Epoch [6/100] [TRAIN] Loss: 0.5828, Accuracy: 72.83%, AUC: 0.73 [VAL] Loss: 0.5900, Accuracy: 71.50%, Precision: 0.68, Recall: 0.75, F1: 0.71, AUC: 0.72
Epoch [7/100] [TRAIN] Loss: 0.5751, Accuracy: 73.79%, AUC: 0.74 [VAL] Loss: 0.5878, Accuracy: 71.70%, Precision: 0.68, Recall: 0.75, F1: 0.71, AUC: 0.72
Epoch [8/100] [TRAIN] Loss: 0.5694, Accuracy: 73.38%, AUC: 0.73 [VAL] Loss: 0.5865, Accuracy: 71.70%, Precision: 0.68, Recall: 0.75, F1: 0.71, AUC: 0.72
Epoch [9/100] [TRAIN] Loss: 0.5678, Accuracy: 73.96%, AUC: 0.74 [VAL] Loss: 0.5860, Accuracy: 71.70%, Precision: 0.68, Recall: 0.75, F1: 0.71, AUC: 0.72
Epoch [10/100] [TRAIN] Loss: 0.5677, Accuracy: 73.69%, AUC: 0.74 [VAL] Loss: 0.5845, Accuracy: 71.70%, Precision: 0.68, Recall: 0.75, F1: 0.71, AUC: 0.72
Epoch [11/100] [TRAIN] Loss: 0.5635, Accuracy: 73.78%, AUC: 0.74 [VAL] Loss: 0.5837, Accuracy: 71.80%, Precision: 0.68, Recall: 0.75, F1: 0.71, AUC: 0.72
Epoch [12/100] [TRAIN] Loss: 0.5647, Accuracy: 74.03%, AUC: 0.74 [VAL] Loss: 0.5832, Accuracy: 71.60%, Precision: 0.68, Recall: 0.75, F1: 0.71, AUC: 0.72
Epoch [13/100] [TRAIN] Loss: 0.5611, Accuracy: 73.67%, AUC: 0.74 [VAL] Loss: 0.5821, Accuracy: 72.00%, Precision: 0.68, Recall: 0.75, F1: 0.72, AUC: 0.72
Epoch [14/100] [TRAIN] Loss: 0.5618, Accuracy: 73.28%, AUC: 0.73 [VAL] Loss: 0.5822, Accuracy: 72.00%, Precision: 0.68, Recall: 0.75, F1: 0.72, AUC: 0.72
Epoch [15/100] [TRAIN] Loss: 0.5626, Accuracy: 73.85%, AUC: 0.74 [VAL] Loss: 0.5819, Accuracy: 71.90%, Precision: 0.68, Recall: 0.75, F1: 0.72, AUC: 0.72
Epoch [16/100] [TRAIN] Loss: 0.5572, Accuracy: 74.04%, AUC: 0.74 [VAL] Loss: 0.5813, Accuracy: 72.10%, Precision: 0.68, Recall: 0.76, F1: 0.72, AUC: 0.72
Epoch [17/100] [TRAIN] Loss: 0.5613, Accuracy: 73.47%, AUC: 0.73 [VAL] Loss: 0.5804, Accuracy: 72.10%, Precision: 0.69, Recall: 0.75, F1: 0.72, AUC: 0.72
Epoch [18/100] [TRAIN] Loss: 0.5581, Accuracy: 73.94%, AUC: 0.74 [VAL] Loss: 0.5809, Accuracy: 72.20%, Precision: 0.69, Recall: 0.75, F1: 0.72, AUC: 0.72
Epoch [19/100] [TRAIN] Loss: 0.5592, Accuracy: 73.78%, AUC: 0.74 [VAL] Loss: 0.5807, Accuracy: 72.10%, Precision: 0.69, Recall: 0.75, F1: 0.72, AUC: 0.72
Epoch [20/100] [TRAIN] Loss: 0.5537, Accuracy: 74.10%, AUC: 0.74 [VAL] Loss: 0.5803, Accuracy: 72.20%, Precision: 0.69, Recall: 0.75, F1: 0.72, AUC: 0.72
Epoch [21/100] [TRAIN] Loss: 0.5577, Accuracy: 73.65%, AUC: 0.74 [VAL] Loss: 0.5803, Accuracy: 72.30%, Precision: 0.69, Recall: 0.75, F1: 0.72, AUC: 0.72
Epoch [22/100] [TRAIN] Loss: 0.5578, Accuracy: 74.22%, AUC: 0.74 [VAL] Loss: 0.5794, Accuracy: 72.30%, Precision: 0.69, Recall: 0.75, F1: 0.72, AUC: 0.72
Epoch [23/100] [TRAIN] Loss: 0.5556, Accuracy: 74.41%, AUC: 0.74 [VAL] Loss: 0.5790, Accuracy: 72.30%, Precision: 0.69, Recall: 0.75, F1: 0.72, AUC: 0.72
Epoch [24/100] [TRAIN] Loss: 0.5503, Accuracy: 74.60%, AUC: 0.75 [VAL] Loss: 0.5791, Accuracy: 72.40%, Precision: 0.69, Recall: 0.75, F1: 0.72, AUC: 0.73
Epoch [25/100] [TRAIN] Loss: 0.5507, Accuracy: 74.50%, AUC: 0.75 [VAL] Loss: 0.5786, Accuracy: 72.50%, Precision: 0.69, Recall: 0.76, F1: 0.72, AUC: 0.73
Epoch [26/100] [TRAIN] Loss: 0.5547, Accuracy: 73.55%, AUC: 0.74 [VAL] Loss: 0.5782, Accuracy: 72.50%, Precision: 0.69, Recall: 0.75, F1: 0.72, AUC: 0.73
Epoch [27/100] [TRAIN] Loss: 0.5481, Accuracy: 74.15%, AUC: 0.74 [VAL] Loss: 0.5780, Accuracy: 72.50%, Precision: 0.69, Recall: 0.76, F1: 0.72, AUC: 0.73
Epoch [28/100] [TRAIN] Loss: 0.5533, Accuracy: 74.35%, AUC: 0.74 [VAL] Loss: 0.5774, Accuracy: 72.60%, Precision: 0.69, Recall: 0.76, F1: 0.72, AUC: 0.73
Epoch [29/100] [TRAIN] Loss: 0.5496, Accuracy: 74.54%, AUC: 0.75 [VAL] Loss: 0.5772, Accuracy: 72.40%, Precision: 0.69, Recall: 0.76, F1: 0.72, AUC: 0.73
Epoch [30/100] [TRAIN] Loss: 0.5499, Accuracy: 74.28%, AUC: 0.74 [VAL] Loss: 0.5770, Accuracy: 72.40%, Precision: 0.69, Recall: 0.75, F1: 0.72, AUC: 0.73
Epoch [31/100] [TRAIN] Loss: 0.5493, Accuracy: 74.05%, AUC: 0.74 [VAL] Loss: 0.5771, Accuracy: 72.30%, Precision: 0.69, Recall: 0.75, F1: 0.72, AUC: 0.72
Epoch [32/100] [TRAIN] Loss: 0.5486, Accuracy: 74.53%, AUC: 0.75 [VAL] Loss: 0.5763, Accuracy: 72.20%, Precision: 0.69, Recall: 0.75, F1: 0.72, AUC: 0.72
Epoch [33/100] [TRAIN] Loss: 0.5513, Accuracy: 73.91%, AUC: 0.74 [VAL] Loss: 0.5759, Accuracy: 72.40%, Precision: 0.69, Recall: 0.75, F1: 0.72, AUC: 0.73
Epoch [34/100] [TRAIN] Loss: 0.5471, Accuracy: 74.09%, AUC: 0.74 [VAL] Loss: 0.5758, Accuracy: 72.30%, Precision: 0.69, Recall: 0.76, F1: 0.72, AUC: 0.72
Epoch [35/100] [TRAIN] Loss: 0.5462, Accuracy: 74.49%, AUC: 0.75 [VAL] Loss: 0.5754, Accuracy: 72.40%, Precision: 0.69, Recall: 0.76, F1: 0.72, AUC: 0.73
Epoch [36/100] [TRAIN] Loss: 0.5482, Accuracy: 74.15%, AUC: 0.74 [VAL] Loss: 0.5754, Accuracy: 72.60%, Precision: 0.69, Recall: 0.76, F1: 0.72, AUC: 0.73
Epoch [37/100] [TRAIN] Loss: 0.5438, Accuracy: 74.54%, AUC: 0.75 [VAL] Loss: 0.5757, Accuracy: 72.60%, Precision: 0.69, Recall: 0.76, F1: 0.72, AUC: 0.73
Epoch [38/100] [TRAIN] Loss: 0.5460, Accuracy: 74.34%, AUC: 0.74 [VAL] Loss: 0.5750, Accuracy: 72.50%, Precision: 0.69, Recall: 0.76, F1: 0.72, AUC: 0.73
Epoch [39/100] [TRAIN] Loss: 0.5444, Accuracy: 73.86%, AUC: 0.74 [VAL] Loss: 0.5744, Accuracy: 72.50%, Precision: 0.69, Recall: 0.75, F1: 0.72, AUC: 0.73
Epoch [40/100] [TRAIN] Loss: 0.5449, Accuracy: 73.99%, AUC: 0.74 [VAL] Loss: 0.5751, Accuracy: 72.40%, Precision: 0.69, Recall: 0.75, F1: 0.72, AUC: 0.73
Epoch [41/100] [TRAIN] Loss: 0.5472, Accuracy: 73.81%, AUC: 0.74 [VAL] Loss: 0.5742, Accuracy: 72.40%, Precision: 0.69, Recall: 0.75, F1: 0.72, AUC: 0.73
Epoch [42/100] [TRAIN] Loss: 0.5429, Accuracy: 74.19%, AUC: 0.74 [VAL] Loss: 0.5742, Accuracy: 72.40%, Precision: 0.69, Recall: 0.75, F1: 0.72, AUC: 0.73
Epoch [43/100] [TRAIN] Loss: 0.5455, Accuracy: 74.04%, AUC: 0.74 [VAL] Loss: 0.5741, Accuracy: 72.80%, Precision: 0.69, Recall: 0.75, F1: 0.72, AUC: 0.73
Epoch [44/100] [TRAIN] Loss: 0.5497, Accuracy: 74.00%, AUC: 0.74 [VAL] Loss: 0.5741, Accuracy: 72.60%, Precision: 0.69, Recall: 0.75, F1: 0.72, AUC: 0.73
Epoch [45/100] [TRAIN] Loss: 0.5432, Accuracy: 74.34%, AUC: 0.74 [VAL] Loss: 0.5742, Accuracy: 72.70%, Precision: 0.69, Recall: 0.75, F1: 0.72, AUC: 0.73
Epoch [46/100] [TRAIN] Loss: 0.5414, Accuracy: 74.61%, AUC: 0.75 [VAL] Loss: 0.5741, Accuracy: 72.60%, Precision: 0.69, Recall: 0.75, F1: 0.72, AUC: 0.73
Epoch [47/100] [TRAIN] Loss: 0.5431, Accuracy: 74.24%, AUC: 0.74 [VAL] Loss: 0.5732, Accuracy: 72.90%, Precision: 0.70, Recall: 0.76, F1: 0.72, AUC: 0.73
Epoch [48/100] [TRAIN] Loss: 0.5434, Accuracy: 74.03%, AUC: 0.74 [VAL] Loss: 0.5732, Accuracy: 72.40%, Precision: 0.69, Recall: 0.75, F1: 0.72, AUC: 0.73
Epoch [49/100] [TRAIN] Loss: 0.5396, Accuracy: 74.30%, AUC: 0.74 [VAL] Loss: 0.5737, Accuracy: 72.50%, Precision: 0.69, Recall: 0.75, F1: 0.72, AUC: 0.73
Epoch [50/100] [TRAIN] Loss: 0.5432, Accuracy: 74.66%, AUC: 0.75 [VAL] Loss: 0.5735, Accuracy: 72.60%, Precision: 0.69, Recall: 0.75, F1: 0.72, AUC: 0.73
Epoch [51/100] [TRAIN] Loss: 0.5405, Accuracy: 74.54%, AUC: 0.75 [VAL] Loss: 0.5726, Accuracy: 72.40%, Precision: 0.69, Recall: 0.74, F1: 0.72, AUC: 0.73
Epoch [52/100] [TRAIN] Loss: 0.5431, Accuracy: 74.05%, AUC: 0.74 [VAL] Loss: 0.5723, Accuracy: 72.30%, Precision: 0.69, Recall: 0.74, F1: 0.72, AUC: 0.72
Epoch [53/100] [TRAIN] Loss: 0.5412, Accuracy: 74.71%, AUC: 0.75 [VAL] Loss: 0.5722, Accuracy: 72.30%, Precision: 0.69, Recall: 0.74, F1: 0.72, AUC: 0.72
Epoch [54/100] [TRAIN] Loss: 0.5434, Accuracy: 74.08%, AUC: 0.74 [VAL] Loss: 0.5721, Accuracy: 72.30%, Precision: 0.69, Recall: 0.74, F1: 0.72, AUC: 0.72
Epoch [55/100] [TRAIN] Loss: 0.5382, Accuracy: 74.46%, AUC: 0.74 [VAL] Loss: 0.5727, Accuracy: 72.50%, Precision: 0.69, Recall: 0.75, F1: 0.72, AUC: 0.73
Epoch [56/100] [TRAIN] Loss: 0.5392, Accuracy: 74.78%, AUC: 0.75 [VAL] Loss: 0.5728, Accuracy: 72.10%, Precision: 0.69, Recall: 0.74, F1: 0.71, AUC: 0.72
Epoch [57/100] [TRAIN] Loss: 0.5411, Accuracy: 74.36%, AUC: 0.74 [VAL] Loss: 0.5721, Accuracy: 72.50%, Precision: 0.70, Recall: 0.74, F1: 0.72, AUC: 0.73
Epoch [58/100] [TRAIN] Loss: 0.5406, Accuracy: 74.74%, AUC: 0.75 [VAL] Loss: 0.5719, Accuracy: 72.40%, Precision: 0.69, Recall: 0.74, F1: 0.72, AUC: 0.72
Epoch [59/100] [TRAIN] Loss: 0.5396, Accuracy: 74.86%, AUC: 0.75 [VAL] Loss: 0.5713, Accuracy: 72.40%, Precision: 0.69, Recall: 0.74, F1: 0.72, AUC: 0.72
Epoch [60/100] [TRAIN] Loss: 0.5359, Accuracy: 74.91%, AUC: 0.75 [VAL] Loss: 0.5718, Accuracy: 72.40%, Precision: 0.69, Recall: 0.74, F1: 0.72, AUC: 0.73
Epoch [61/100] [TRAIN] Loss: 0.5350, Accuracy: 74.71%, AUC: 0.75 [VAL] Loss: 0.5713, Accuracy: 72.50%, Precision: 0.69, Recall: 0.74, F1: 0.72, AUC: 0.73
Epoch [62/100] [TRAIN] Loss: 0.5369, Accuracy: 74.29%, AUC: 0.74 [VAL] Loss: 0.5716, Accuracy: 72.50%, Precision: 0.69, Recall: 0.75, F1: 0.72, AUC: 0.73
Epoch [63/100] [TRAIN] Loss: 0.5368, Accuracy: 74.61%, AUC: 0.75 [VAL] Loss: 0.5717, Accuracy: 72.10%, Precision: 0.69, Recall: 0.74, F1: 0.71, AUC: 0.72
Epoch [64/100] [TRAIN] Loss: 0.5344, Accuracy: 74.79%, AUC: 0.75 [VAL] Loss: 0.5715, Accuracy: 72.40%, Precision: 0.70, Recall: 0.74, F1: 0.72, AUC: 0.72
Epoch [65/100] [TRAIN] Loss: 0.5358, Accuracy: 74.55%, AUC: 0.75 [VAL] Loss: 0.5716, Accuracy: 72.30%, Precision: 0.69, Recall: 0.74, F1: 0.72, AUC: 0.72
Epoch [66/100] [TRAIN] Loss: 0.5374, Accuracy: 74.75%, AUC: 0.75 [VAL] Loss: 0.5715, Accuracy: 72.40%, Precision: 0.69, Recall: 0.74, F1: 0.72, AUC: 0.72
Epoch [67/100] [TRAIN] Loss: 0.5307, Accuracy: 74.76%, AUC: 0.75 [VAL] Loss: 0.5715, Accuracy: 72.50%, Precision: 0.70, Recall: 0.74, F1: 0.72, AUC: 0.73
Epoch [68/100] [TRAIN] Loss: 0.5365, Accuracy: 74.75%, AUC: 0.75 [VAL] Loss: 0.5714, Accuracy: 72.60%, Precision: 0.70, Recall: 0.74, F1: 0.72, AUC: 0.73
Epoch [69/100] [TRAIN] Loss: 0.5377, Accuracy: 74.64%, AUC: 0.75 [VAL] Loss: 0.5714, Accuracy: 72.60%, Precision: 0.70, Recall: 0.74, F1: 0.72, AUC: 0.73
Epoch [70/100] [TRAIN] Loss: 0.5375, Accuracy: 74.78%, AUC: 0.75 [VAL] Loss: 0.5713, Accuracy: 72.50%, Precision: 0.70, Recall: 0.74, F1: 0.72, AUC: 0.73
Epoch [71/100] [TRAIN] Loss: 0.5355, Accuracy: 74.61%, AUC: 0.75 [VAL] Loss: 0.5713, Accuracy: 72.30%, Precision: 0.69, Recall: 0.74, F1: 0.71, AUC: 0.72
Epoch [72/100] [TRAIN] Loss: 0.5376, Accuracy: 74.70%, AUC: 0.75 [VAL] Loss: 0.5713, Accuracy: 72.30%, Precision: 0.69, Recall: 0.74, F1: 0.71, AUC: 0.72
Epoch [73/100] [TRAIN] Loss: 0.5376, Accuracy: 74.29%, AUC: 0.74 [VAL] Loss: 0.5712, Accuracy: 72.30%, Precision: 0.69, Recall: 0.74, F1: 0.71, AUC: 0.72
Epoch [74/100] [TRAIN] Loss: 0.5356, Accuracy: 74.74%, AUC: 0.75 [VAL] Loss: 0.5712, Accuracy: 72.30%, Precision: 0.69, Recall: 0.74, F1: 0.71, AUC: 0.72
Epoch [75/100] [TRAIN] Loss: 0.5336, Accuracy: 74.90%, AUC: 0.75 [VAL] Loss: 0.5712, Accuracy: 72.30%, Precision: 0.69, Recall: 0.74, F1: 0.71, AUC: 0.72
Epoch [76/100] [TRAIN] Loss: 0.5358, Accuracy: 74.01%, AUC: 0.74 [VAL] Loss: 0.5712, Accuracy: 72.30%, Precision: 0.69, Recall: 0.74, F1: 0.71, AUC: 0.72
Epoch [77/100] [TRAIN] Loss: 0.5354, Accuracy: 74.36%, AUC: 0.74 [VAL] Loss: 0.5712, Accuracy: 72.30%, Precision: 0.69, Recall: 0.74, F1: 0.71, AUC: 0.72
Epoch [78/100] [TRAIN] Loss: 0.5367, Accuracy: 74.64%, AUC: 0.75 [VAL] Loss: 0.5712, Accuracy: 72.30%, Precision: 0.69, Recall: 0.74, F1: 0.71, AUC: 0.72
Epoch [79/100] [TRAIN] Loss: 0.5390, Accuracy: 74.50%, AUC: 0.75 [VAL] Loss: 0.5712, Accuracy: 72.30%, Precision: 0.69, Recall: 0.74, F1: 0.71, AUC: 0.72
Epoch [80/100] [TRAIN] Loss: 0.5358, Accuracy: 74.59%, AUC: 0.75 [VAL] Loss: 0.5712, Accuracy: 72.30%, Precision: 0.69, Recall: 0.74, F1: 0.71, AUC: 0.72
Epoch [81/100] [TRAIN] Loss: 0.5370, Accuracy: 74.61%, AUC: 0.75 [VAL] Loss: 0.5712, Accuracy: 72.30%, Precision: 0.69, Recall: 0.74, F1: 0.71, AUC: 0.72
Epoch [82/100] [TRAIN] Loss: 0.5358, Accuracy: 74.62%, AUC: 0.75 [VAL] Loss: 0.5712, Accuracy: 72.30%, Precision: 0.69, Recall: 0.74, F1: 0.71, AUC: 0.72
Epoch [83/100] [TRAIN] Loss: 0.5366, Accuracy: 74.40%, AUC: 0.74 [VAL] Loss: 0.5712, Accuracy: 72.30%, Precision: 0.69, Recall: 0.74, F1: 0.71, AUC: 0.72
Epoch [84/100] [TRAIN] Loss: 0.5342, Accuracy: 75.00%, AUC: 0.75 [VAL] Loss: 0.5712, Accuracy: 72.30%, Precision: 0.69, Recall: 0.74, F1: 0.71, AUC: 0.72
Epoch [85/100] [TRAIN] Loss: 0.5382, Accuracy: 74.40%, AUC: 0.74 [VAL] Loss: 0.5712, Accuracy: 72.30%, Precision: 0.69, Recall: 0.74, F1: 0.71, AUC: 0.72
  Early stopping at epoch 85 (no val_loss improvement for 10 epochs)
Seed: 789
Accuracy:  74.30 %
AUC:       0.7429
Precision: 0.7365
Recall:    0.7614
F1-Score:  0.7488

Detailed Classification Report:
              precision    recall  f1-score   support

           0       0.75      0.72      0.74       497
           1       0.74      0.76      0.75       503

    accuracy                           0.74      1000
   macro avg       0.74      0.74      0.74      1000
weighted avg       0.74      0.74      0.74      1000


Confusion Matrix:
[[360 137]
 [120 383]]


024-H3K9me3-H3K27ac-H3K27me3
Train label distribution:
  Label 0:   4077 (51.0%)
  Label 1:   3923 (49.0%)
Val label distribution:
  Label 0:    529 (52.9%)
  Label 1:    471 (47.1%)
Test label distribution:
  Label 0:    497 (49.7%)
  Label 1:    503 (50.3%)
Epoch [1/100] [TRAIN] Loss: 0.6638, Accuracy: 66.04%, AUC: 0.66 [VAL] Loss: 0.6246, Accuracy: 71.50%, Precision: 0.68, Recall: 0.75, F1: 0.71, AUC: 0.72
Epoch [2/100] [TRAIN] Loss: 0.6131, Accuracy: 72.86%, AUC: 0.73 [VAL] Loss: 0.6147, Accuracy: 70.80%, Precision: 0.67, Recall: 0.75, F1: 0.71, AUC: 0.71
Epoch [3/100] [TRAIN] Loss: 0.5979, Accuracy: 73.12%, AUC: 0.73 [VAL] Loss: 0.6133, Accuracy: 71.20%, Precision: 0.68, Recall: 0.75, F1: 0.71, AUC: 0.71
Epoch [4/100] [TRAIN] Loss: 0.5948, Accuracy: 73.09%, AUC: 0.73 [VAL] Loss: 0.6116, Accuracy: 71.30%, Precision: 0.68, Recall: 0.75, F1: 0.71, AUC: 0.71
Epoch [5/100] [TRAIN] Loss: 0.5933, Accuracy: 73.29%, AUC: 0.73 [VAL] Loss: 0.6096, Accuracy: 71.50%, Precision: 0.68, Recall: 0.75, F1: 0.71, AUC: 0.72
Epoch [6/100] [TRAIN] Loss: 0.5926, Accuracy: 72.76%, AUC: 0.73 [VAL] Loss: 0.6080, Accuracy: 71.60%, Precision: 0.68, Recall: 0.75, F1: 0.71, AUC: 0.72
Epoch [7/100] [TRAIN] Loss: 0.5896, Accuracy: 73.24%, AUC: 0.73 [VAL] Loss: 0.6060, Accuracy: 71.30%, Precision: 0.68, Recall: 0.75, F1: 0.71, AUC: 0.71
Epoch [8/100] [TRAIN] Loss: 0.5798, Accuracy: 73.91%, AUC: 0.74 [VAL] Loss: 0.6067, Accuracy: 71.30%, Precision: 0.68, Recall: 0.75, F1: 0.71, AUC: 0.71
Epoch [9/100] [TRAIN] Loss: 0.5821, Accuracy: 73.59%, AUC: 0.74 [VAL] Loss: 0.6045, Accuracy: 71.40%, Precision: 0.68, Recall: 0.74, F1: 0.71, AUC: 0.72
Epoch [10/100] [TRAIN] Loss: 0.5800, Accuracy: 74.28%, AUC: 0.74 [VAL] Loss: 0.6047, Accuracy: 71.80%, Precision: 0.68, Recall: 0.75, F1: 0.71, AUC: 0.72
Epoch [11/100] [TRAIN] Loss: 0.5847, Accuracy: 73.70%, AUC: 0.74 [VAL] Loss: 0.6032, Accuracy: 71.90%, Precision: 0.69, Recall: 0.74, F1: 0.71, AUC: 0.72
Epoch [12/100] [TRAIN] Loss: 0.5822, Accuracy: 73.24%, AUC: 0.73 [VAL] Loss: 0.6017, Accuracy: 71.70%, Precision: 0.68, Recall: 0.74, F1: 0.71, AUC: 0.72
Epoch [13/100] [TRAIN] Loss: 0.5786, Accuracy: 73.71%, AUC: 0.74 [VAL] Loss: 0.6008, Accuracy: 71.80%, Precision: 0.69, Recall: 0.74, F1: 0.71, AUC: 0.72
Epoch [14/100] [TRAIN] Loss: 0.5799, Accuracy: 73.72%, AUC: 0.74 [VAL] Loss: 0.6001, Accuracy: 71.70%, Precision: 0.69, Recall: 0.74, F1: 0.71, AUC: 0.72
Epoch [15/100] [TRAIN] Loss: 0.5780, Accuracy: 74.11%, AUC: 0.74 [VAL] Loss: 0.6002, Accuracy: 71.70%, Precision: 0.68, Recall: 0.74, F1: 0.71, AUC: 0.72
Epoch [16/100] [TRAIN] Loss: 0.5762, Accuracy: 73.75%, AUC: 0.74 [VAL] Loss: 0.6005, Accuracy: 71.80%, Precision: 0.69, Recall: 0.74, F1: 0.71, AUC: 0.72
Epoch [17/100] [TRAIN] Loss: 0.5766, Accuracy: 73.62%, AUC: 0.74 [VAL] Loss: 0.5998, Accuracy: 71.70%, Precision: 0.69, Recall: 0.74, F1: 0.71, AUC: 0.72
Epoch [18/100] [TRAIN] Loss: 0.5749, Accuracy: 73.94%, AUC: 0.74 [VAL] Loss: 0.5994, Accuracy: 71.60%, Precision: 0.68, Recall: 0.74, F1: 0.71, AUC: 0.72
Epoch [19/100] [TRAIN] Loss: 0.5733, Accuracy: 73.59%, AUC: 0.74 [VAL] Loss: 0.5995, Accuracy: 71.70%, Precision: 0.69, Recall: 0.74, F1: 0.71, AUC: 0.72
Epoch [20/100] [TRAIN] Loss: 0.5760, Accuracy: 73.55%, AUC: 0.74 [VAL] Loss: 0.5988, Accuracy: 71.70%, Precision: 0.69, Recall: 0.74, F1: 0.71, AUC: 0.72
Epoch [21/100] [TRAIN] Loss: 0.5735, Accuracy: 73.45%, AUC: 0.73 [VAL] Loss: 0.5992, Accuracy: 71.80%, Precision: 0.69, Recall: 0.74, F1: 0.71, AUC: 0.72
Epoch [22/100] [TRAIN] Loss: 0.5688, Accuracy: 73.80%, AUC: 0.74 [VAL] Loss: 0.5994, Accuracy: 71.70%, Precision: 0.69, Recall: 0.74, F1: 0.71, AUC: 0.72
Epoch [23/100] [TRAIN] Loss: 0.5735, Accuracy: 74.14%, AUC: 0.74 [VAL] Loss: 0.5984, Accuracy: 71.60%, Precision: 0.69, Recall: 0.73, F1: 0.71, AUC: 0.72
Epoch [24/100] [TRAIN] Loss: 0.5731, Accuracy: 73.62%, AUC: 0.74 [VAL] Loss: 0.5981, Accuracy: 71.70%, Precision: 0.69, Recall: 0.74, F1: 0.71, AUC: 0.72
Epoch [25/100] [TRAIN] Loss: 0.5732, Accuracy: 73.97%, AUC: 0.74 [VAL] Loss: 0.5980, Accuracy: 71.60%, Precision: 0.68, Recall: 0.74, F1: 0.71, AUC: 0.72
Epoch [26/100] [TRAIN] Loss: 0.5680, Accuracy: 74.33%, AUC: 0.74 [VAL] Loss: 0.5975, Accuracy: 71.20%, Precision: 0.68, Recall: 0.73, F1: 0.71, AUC: 0.71
Epoch [27/100] [TRAIN] Loss: 0.5728, Accuracy: 73.51%, AUC: 0.74 [VAL] Loss: 0.5966, Accuracy: 71.20%, Precision: 0.68, Recall: 0.73, F1: 0.71, AUC: 0.71
Epoch [28/100] [TRAIN] Loss: 0.5690, Accuracy: 73.62%, AUC: 0.74 [VAL] Loss: 0.5968, Accuracy: 71.10%, Precision: 0.68, Recall: 0.73, F1: 0.70, AUC: 0.71
Epoch [29/100] [TRAIN] Loss: 0.5702, Accuracy: 74.01%, AUC: 0.74 [VAL] Loss: 0.5960, Accuracy: 71.20%, Precision: 0.68, Recall: 0.73, F1: 0.71, AUC: 0.71
Epoch [30/100] [TRAIN] Loss: 0.5693, Accuracy: 73.88%, AUC: 0.74 [VAL] Loss: 0.5958, Accuracy: 71.10%, Precision: 0.68, Recall: 0.73, F1: 0.70, AUC: 0.71
Epoch [31/100] [TRAIN] Loss: 0.5689, Accuracy: 73.85%, AUC: 0.74 [VAL] Loss: 0.5952, Accuracy: 71.20%, Precision: 0.68, Recall: 0.73, F1: 0.71, AUC: 0.71
Epoch [32/100] [TRAIN] Loss: 0.5697, Accuracy: 73.17%, AUC: 0.73 [VAL] Loss: 0.5951, Accuracy: 71.10%, Precision: 0.68, Recall: 0.73, F1: 0.71, AUC: 0.71
Epoch [33/100] [TRAIN] Loss: 0.5699, Accuracy: 73.94%, AUC: 0.74 [VAL] Loss: 0.5956, Accuracy: 70.90%, Precision: 0.68, Recall: 0.73, F1: 0.70, AUC: 0.71
Epoch [34/100] [TRAIN] Loss: 0.5707, Accuracy: 73.44%, AUC: 0.73 [VAL] Loss: 0.5956, Accuracy: 70.80%, Precision: 0.68, Recall: 0.73, F1: 0.70, AUC: 0.71
Epoch [35/100] [TRAIN] Loss: 0.5661, Accuracy: 73.75%, AUC: 0.74 [VAL] Loss: 0.5956, Accuracy: 71.00%, Precision: 0.68, Recall: 0.73, F1: 0.70, AUC: 0.71
Epoch [36/100] [TRAIN] Loss: 0.5677, Accuracy: 73.97%, AUC: 0.74 [VAL] Loss: 0.5952, Accuracy: 71.10%, Precision: 0.68, Recall: 0.73, F1: 0.71, AUC: 0.71
Epoch [37/100] [TRAIN] Loss: 0.5645, Accuracy: 73.97%, AUC: 0.74 [VAL] Loss: 0.5959, Accuracy: 71.00%, Precision: 0.68, Recall: 0.73, F1: 0.70, AUC: 0.71
Epoch [38/100] [TRAIN] Loss: 0.5665, Accuracy: 73.85%, AUC: 0.74 [VAL] Loss: 0.5944, Accuracy: 71.10%, Precision: 0.68, Recall: 0.73, F1: 0.71, AUC: 0.71
Epoch [39/100] [TRAIN] Loss: 0.5683, Accuracy: 74.26%, AUC: 0.74 [VAL] Loss: 0.5939, Accuracy: 71.00%, Precision: 0.68, Recall: 0.73, F1: 0.70, AUC: 0.71
Epoch [40/100] [TRAIN] Loss: 0.5669, Accuracy: 73.85%, AUC: 0.74 [VAL] Loss: 0.5934, Accuracy: 71.00%, Precision: 0.68, Recall: 0.73, F1: 0.70, AUC: 0.71
Epoch [41/100] [TRAIN] Loss: 0.5687, Accuracy: 73.76%, AUC: 0.74 [VAL] Loss: 0.5939, Accuracy: 71.10%, Precision: 0.68, Recall: 0.73, F1: 0.71, AUC: 0.71
Epoch [42/100] [TRAIN] Loss: 0.5630, Accuracy: 74.09%, AUC: 0.74 [VAL] Loss: 0.5934, Accuracy: 71.00%, Precision: 0.68, Recall: 0.73, F1: 0.70, AUC: 0.71
Epoch [43/100] [TRAIN] Loss: 0.5683, Accuracy: 73.78%, AUC: 0.74 [VAL] Loss: 0.5925, Accuracy: 71.00%, Precision: 0.68, Recall: 0.73, F1: 0.70, AUC: 0.71
Epoch [44/100] [TRAIN] Loss: 0.5639, Accuracy: 74.01%, AUC: 0.74 [VAL] Loss: 0.5930, Accuracy: 70.90%, Precision: 0.68, Recall: 0.73, F1: 0.70, AUC: 0.71
Epoch [45/100] [TRAIN] Loss: 0.5680, Accuracy: 73.50%, AUC: 0.74 [VAL] Loss: 0.5929, Accuracy: 71.30%, Precision: 0.68, Recall: 0.73, F1: 0.71, AUC: 0.71
Epoch [46/100] [TRAIN] Loss: 0.5640, Accuracy: 73.92%, AUC: 0.74 [VAL] Loss: 0.5934, Accuracy: 71.10%, Precision: 0.68, Recall: 0.73, F1: 0.70, AUC: 0.71
Epoch [47/100] [TRAIN] Loss: 0.5631, Accuracy: 74.26%, AUC: 0.74 [VAL] Loss: 0.5932, Accuracy: 70.90%, Precision: 0.68, Recall: 0.73, F1: 0.70, AUC: 0.71
Epoch [48/100] [TRAIN] Loss: 0.5654, Accuracy: 73.85%, AUC: 0.74 [VAL] Loss: 0.5923, Accuracy: 70.90%, Precision: 0.68, Recall: 0.73, F1: 0.70, AUC: 0.71
Epoch [49/100] [TRAIN] Loss: 0.5640, Accuracy: 73.94%, AUC: 0.74 [VAL] Loss: 0.5921, Accuracy: 70.70%, Precision: 0.68, Recall: 0.73, F1: 0.70, AUC: 0.71
Epoch [50/100] [TRAIN] Loss: 0.5633, Accuracy: 73.78%, AUC: 0.74 [VAL] Loss: 0.5924, Accuracy: 70.70%, Precision: 0.68, Recall: 0.73, F1: 0.70, AUC: 0.71
Epoch [51/100] [TRAIN] Loss: 0.5655, Accuracy: 73.80%, AUC: 0.74 [VAL] Loss: 0.5920, Accuracy: 70.80%, Precision: 0.68, Recall: 0.73, F1: 0.70, AUC: 0.71
Epoch [52/100] [TRAIN] Loss: 0.5633, Accuracy: 74.06%, AUC: 0.74 [VAL] Loss: 0.5930, Accuracy: 70.80%, Precision: 0.68, Recall: 0.73, F1: 0.70, AUC: 0.71
Epoch [53/100] [TRAIN] Loss: 0.5618, Accuracy: 73.76%, AUC: 0.74 [VAL] Loss: 0.5927, Accuracy: 70.80%, Precision: 0.68, Recall: 0.73, F1: 0.70, AUC: 0.71
Epoch [54/100] [TRAIN] Loss: 0.5678, Accuracy: 73.58%, AUC: 0.74 [VAL] Loss: 0.5917, Accuracy: 70.60%, Precision: 0.67, Recall: 0.73, F1: 0.70, AUC: 0.71
Epoch [55/100] [TRAIN] Loss: 0.5612, Accuracy: 74.01%, AUC: 0.74 [VAL] Loss: 0.5922, Accuracy: 70.70%, Precision: 0.68, Recall: 0.73, F1: 0.70, AUC: 0.71
Epoch [56/100] [TRAIN] Loss: 0.5593, Accuracy: 74.29%, AUC: 0.74 [VAL] Loss: 0.5917, Accuracy: 70.80%, Precision: 0.68, Recall: 0.73, F1: 0.70, AUC: 0.71
Epoch [57/100] [TRAIN] Loss: 0.5625, Accuracy: 74.00%, AUC: 0.74 [VAL] Loss: 0.5916, Accuracy: 70.90%, Precision: 0.68, Recall: 0.73, F1: 0.70, AUC: 0.71
Epoch [58/100] [TRAIN] Loss: 0.5604, Accuracy: 73.97%, AUC: 0.74 [VAL] Loss: 0.5914, Accuracy: 70.70%, Precision: 0.68, Recall: 0.73, F1: 0.70, AUC: 0.71
Epoch [59/100] [TRAIN] Loss: 0.5615, Accuracy: 74.08%, AUC: 0.74 [VAL] Loss: 0.5913, Accuracy: 70.70%, Precision: 0.68, Recall: 0.73, F1: 0.70, AUC: 0.71
Epoch [60/100] [TRAIN] Loss: 0.5647, Accuracy: 73.62%, AUC: 0.74 [VAL] Loss: 0.5909, Accuracy: 70.70%, Precision: 0.68, Recall: 0.73, F1: 0.70, AUC: 0.71
Epoch [61/100] [TRAIN] Loss: 0.5615, Accuracy: 74.14%, AUC: 0.74 [VAL] Loss: 0.5909, Accuracy: 70.80%, Precision: 0.68, Recall: 0.73, F1: 0.70, AUC: 0.71
Epoch [62/100] [TRAIN] Loss: 0.5599, Accuracy: 73.76%, AUC: 0.74 [VAL] Loss: 0.5904, Accuracy: 70.90%, Precision: 0.68, Recall: 0.73, F1: 0.70, AUC: 0.71
Epoch [63/100] [TRAIN] Loss: 0.5625, Accuracy: 74.00%, AUC: 0.74 [VAL] Loss: 0.5901, Accuracy: 70.70%, Precision: 0.68, Recall: 0.73, F1: 0.70, AUC: 0.71
Epoch [64/100] [TRAIN] Loss: 0.5606, Accuracy: 73.84%, AUC: 0.74 [VAL] Loss: 0.5904, Accuracy: 70.90%, Precision: 0.68, Recall: 0.73, F1: 0.70, AUC: 0.71
Epoch [65/100] [TRAIN] Loss: 0.5587, Accuracy: 74.05%, AUC: 0.74 [VAL] Loss: 0.5902, Accuracy: 71.00%, Precision: 0.68, Recall: 0.73, F1: 0.70, AUC: 0.71
Epoch [66/100] [TRAIN] Loss: 0.5587, Accuracy: 74.42%, AUC: 0.74 [VAL] Loss: 0.5903, Accuracy: 71.20%, Precision: 0.68, Recall: 0.73, F1: 0.71, AUC: 0.71
Epoch [67/100] [TRAIN] Loss: 0.5603, Accuracy: 74.20%, AUC: 0.74 [VAL] Loss: 0.5909, Accuracy: 71.00%, Precision: 0.68, Recall: 0.73, F1: 0.70, AUC: 0.71
Epoch [68/100] [TRAIN] Loss: 0.5629, Accuracy: 73.79%, AUC: 0.74 [VAL] Loss: 0.5903, Accuracy: 71.30%, Precision: 0.68, Recall: 0.74, F1: 0.71, AUC: 0.71
Epoch [69/100] [TRAIN] Loss: 0.5591, Accuracy: 73.66%, AUC: 0.74 [VAL] Loss: 0.5908, Accuracy: 71.40%, Precision: 0.68, Recall: 0.74, F1: 0.71, AUC: 0.72
Epoch [70/100] [TRAIN] Loss: 0.5627, Accuracy: 73.79%, AUC: 0.74 [VAL] Loss: 0.5907, Accuracy: 71.40%, Precision: 0.68, Recall: 0.74, F1: 0.71, AUC: 0.72
Epoch [71/100] [TRAIN] Loss: 0.5595, Accuracy: 73.55%, AUC: 0.74 [VAL] Loss: 0.5908, Accuracy: 71.40%, Precision: 0.68, Recall: 0.74, F1: 0.71, AUC: 0.72
Epoch [72/100] [TRAIN] Loss: 0.5614, Accuracy: 74.06%, AUC: 0.74 [VAL] Loss: 0.5907, Accuracy: 71.40%, Precision: 0.68, Recall: 0.74, F1: 0.71, AUC: 0.72
Epoch [73/100] [TRAIN] Loss: 0.5607, Accuracy: 73.69%, AUC: 0.74 [VAL] Loss: 0.5907, Accuracy: 71.40%, Precision: 0.68, Recall: 0.74, F1: 0.71, AUC: 0.72
  Early stopping at epoch 73 (no val_loss improvement for 10 epochs)
Seed: 789
Accuracy:  74.90 %
AUC:       0.7488
Precision: 0.7386
Recall:    0.7753
F1-Score:  0.7565

Detailed Classification Report:
              precision    recall  f1-score   support

           0       0.76      0.72      0.74       497
           1       0.74      0.78      0.76       503

    accuracy                           0.75      1000
   macro avg       0.75      0.75      0.75      1000
weighted avg       0.75      0.75      0.75      1000


Confusion Matrix:
[[359 138]
 [113 390]]


025-H3K4me3-H3K9ac-H3K9me3-H3K27ac
Train label distribution:
  Label 0:   4077 (51.0%)
  Label 1:   3923 (49.0%)
Val label distribution:
  Label 0:    529 (52.9%)
  Label 1:    471 (47.1%)
Test label distribution:
  Label 0:    497 (49.7%)
  Label 1:    503 (50.3%)
Epoch [1/100] [TRAIN] Loss: 0.6325, Accuracy: 68.33%, AUC: 0.68 [VAL] Loss: 0.5932, Accuracy: 71.70%, Precision: 0.68, Recall: 0.76, F1: 0.72, AUC: 0.72
Epoch [2/100] [TRAIN] Loss: 0.5863, Accuracy: 73.41%, AUC: 0.73 [VAL] Loss: 0.5819, Accuracy: 72.30%, Precision: 0.68, Recall: 0.77, F1: 0.72, AUC: 0.73
Epoch [3/100] [TRAIN] Loss: 0.5816, Accuracy: 73.59%, AUC: 0.74 [VAL] Loss: 0.5773, Accuracy: 72.20%, Precision: 0.68, Recall: 0.76, F1: 0.72, AUC: 0.72
Epoch [4/100] [TRAIN] Loss: 0.5745, Accuracy: 73.54%, AUC: 0.74 [VAL] Loss: 0.5746, Accuracy: 72.30%, Precision: 0.69, Recall: 0.76, F1: 0.72, AUC: 0.73
Epoch [5/100] [TRAIN] Loss: 0.5735, Accuracy: 73.44%, AUC: 0.73 [VAL] Loss: 0.5722, Accuracy: 72.50%, Precision: 0.69, Recall: 0.76, F1: 0.72, AUC: 0.73
Epoch [6/100] [TRAIN] Loss: 0.5723, Accuracy: 73.65%, AUC: 0.74 [VAL] Loss: 0.5703, Accuracy: 72.60%, Precision: 0.69, Recall: 0.76, F1: 0.72, AUC: 0.73
Epoch [7/100] [TRAIN] Loss: 0.5676, Accuracy: 74.26%, AUC: 0.74 [VAL] Loss: 0.5687, Accuracy: 72.60%, Precision: 0.69, Recall: 0.76, F1: 0.72, AUC: 0.73
Epoch [8/100] [TRAIN] Loss: 0.5606, Accuracy: 74.14%, AUC: 0.74 [VAL] Loss: 0.5672, Accuracy: 72.90%, Precision: 0.69, Recall: 0.77, F1: 0.73, AUC: 0.73
Epoch [9/100] [TRAIN] Loss: 0.5600, Accuracy: 74.08%, AUC: 0.74 [VAL] Loss: 0.5666, Accuracy: 73.00%, Precision: 0.69, Recall: 0.76, F1: 0.73, AUC: 0.73
Epoch [10/100] [TRAIN] Loss: 0.5589, Accuracy: 74.11%, AUC: 0.74 [VAL] Loss: 0.5659, Accuracy: 73.00%, Precision: 0.69, Recall: 0.76, F1: 0.73, AUC: 0.73
Epoch [11/100] [TRAIN] Loss: 0.5549, Accuracy: 74.38%, AUC: 0.74 [VAL] Loss: 0.5653, Accuracy: 73.10%, Precision: 0.69, Recall: 0.76, F1: 0.73, AUC: 0.73
Epoch [12/100] [TRAIN] Loss: 0.5559, Accuracy: 74.80%, AUC: 0.75 [VAL] Loss: 0.5650, Accuracy: 73.20%, Precision: 0.70, Recall: 0.76, F1: 0.73, AUC: 0.73
Epoch [13/100] [TRAIN] Loss: 0.5549, Accuracy: 74.29%, AUC: 0.74 [VAL] Loss: 0.5649, Accuracy: 73.40%, Precision: 0.70, Recall: 0.77, F1: 0.73, AUC: 0.74
Epoch [14/100] [TRAIN] Loss: 0.5547, Accuracy: 74.56%, AUC: 0.75 [VAL] Loss: 0.5641, Accuracy: 73.40%, Precision: 0.70, Recall: 0.77, F1: 0.73, AUC: 0.74
Epoch [15/100] [TRAIN] Loss: 0.5580, Accuracy: 74.56%, AUC: 0.75 [VAL] Loss: 0.5642, Accuracy: 73.20%, Precision: 0.70, Recall: 0.76, F1: 0.73, AUC: 0.73
Epoch [16/100] [TRAIN] Loss: 0.5489, Accuracy: 74.58%, AUC: 0.75 [VAL] Loss: 0.5639, Accuracy: 73.20%, Precision: 0.70, Recall: 0.76, F1: 0.73, AUC: 0.73
Epoch [17/100] [TRAIN] Loss: 0.5537, Accuracy: 74.29%, AUC: 0.74 [VAL] Loss: 0.5634, Accuracy: 73.10%, Precision: 0.69, Recall: 0.76, F1: 0.73, AUC: 0.73
Epoch [18/100] [TRAIN] Loss: 0.5500, Accuracy: 74.56%, AUC: 0.75 [VAL] Loss: 0.5632, Accuracy: 73.40%, Precision: 0.70, Recall: 0.77, F1: 0.73, AUC: 0.74
Epoch [19/100] [TRAIN] Loss: 0.5506, Accuracy: 74.66%, AUC: 0.75 [VAL] Loss: 0.5629, Accuracy: 73.30%, Precision: 0.70, Recall: 0.76, F1: 0.73, AUC: 0.73
Epoch [20/100] [TRAIN] Loss: 0.5456, Accuracy: 74.49%, AUC: 0.75 [VAL] Loss: 0.5630, Accuracy: 73.30%, Precision: 0.70, Recall: 0.76, F1: 0.73, AUC: 0.73
Epoch [21/100] [TRAIN] Loss: 0.5493, Accuracy: 74.47%, AUC: 0.75 [VAL] Loss: 0.5623, Accuracy: 73.40%, Precision: 0.70, Recall: 0.77, F1: 0.73, AUC: 0.74
Epoch [22/100] [TRAIN] Loss: 0.5487, Accuracy: 74.65%, AUC: 0.75 [VAL] Loss: 0.5617, Accuracy: 73.40%, Precision: 0.70, Recall: 0.77, F1: 0.73, AUC: 0.74
Epoch [23/100] [TRAIN] Loss: 0.5527, Accuracy: 74.16%, AUC: 0.74 [VAL] Loss: 0.5620, Accuracy: 73.60%, Precision: 0.70, Recall: 0.77, F1: 0.73, AUC: 0.74
Epoch [24/100] [TRAIN] Loss: 0.5470, Accuracy: 74.51%, AUC: 0.75 [VAL] Loss: 0.5616, Accuracy: 73.60%, Precision: 0.70, Recall: 0.77, F1: 0.73, AUC: 0.74
Epoch [25/100] [TRAIN] Loss: 0.5477, Accuracy: 74.36%, AUC: 0.74 [VAL] Loss: 0.5603, Accuracy: 73.50%, Precision: 0.70, Recall: 0.77, F1: 0.73, AUC: 0.74
Epoch [26/100] [TRAIN] Loss: 0.5439, Accuracy: 74.38%, AUC: 0.74 [VAL] Loss: 0.5605, Accuracy: 73.70%, Precision: 0.70, Recall: 0.77, F1: 0.73, AUC: 0.74
Epoch [27/100] [TRAIN] Loss: 0.5478, Accuracy: 73.86%, AUC: 0.74 [VAL] Loss: 0.5606, Accuracy: 73.50%, Precision: 0.70, Recall: 0.77, F1: 0.73, AUC: 0.74
Epoch [28/100] [TRAIN] Loss: 0.5441, Accuracy: 74.89%, AUC: 0.75 [VAL] Loss: 0.5603, Accuracy: 73.60%, Precision: 0.70, Recall: 0.77, F1: 0.73, AUC: 0.74
Epoch [29/100] [TRAIN] Loss: 0.5440, Accuracy: 74.56%, AUC: 0.75 [VAL] Loss: 0.5598, Accuracy: 73.60%, Precision: 0.70, Recall: 0.77, F1: 0.73, AUC: 0.74
Epoch [30/100] [TRAIN] Loss: 0.5427, Accuracy: 74.89%, AUC: 0.75 [VAL] Loss: 0.5593, Accuracy: 73.60%, Precision: 0.70, Recall: 0.77, F1: 0.73, AUC: 0.74
Epoch [31/100] [TRAIN] Loss: 0.5414, Accuracy: 74.59%, AUC: 0.75 [VAL] Loss: 0.5594, Accuracy: 73.60%, Precision: 0.70, Recall: 0.77, F1: 0.73, AUC: 0.74
Epoch [32/100] [TRAIN] Loss: 0.5419, Accuracy: 75.14%, AUC: 0.75 [VAL] Loss: 0.5592, Accuracy: 73.50%, Precision: 0.70, Recall: 0.77, F1: 0.73, AUC: 0.74
Epoch [33/100] [TRAIN] Loss: 0.5421, Accuracy: 74.61%, AUC: 0.75 [VAL] Loss: 0.5593, Accuracy: 73.10%, Precision: 0.69, Recall: 0.77, F1: 0.73, AUC: 0.73
Epoch [34/100] [TRAIN] Loss: 0.5398, Accuracy: 74.35%, AUC: 0.74 [VAL] Loss: 0.5590, Accuracy: 73.10%, Precision: 0.69, Recall: 0.77, F1: 0.73, AUC: 0.73
Epoch [35/100] [TRAIN] Loss: 0.5386, Accuracy: 74.86%, AUC: 0.75 [VAL] Loss: 0.5589, Accuracy: 73.20%, Precision: 0.69, Recall: 0.77, F1: 0.73, AUC: 0.73
Epoch [36/100] [TRAIN] Loss: 0.5402, Accuracy: 74.90%, AUC: 0.75 [VAL] Loss: 0.5587, Accuracy: 73.40%, Precision: 0.70, Recall: 0.77, F1: 0.73, AUC: 0.74
Epoch [37/100] [TRAIN] Loss: 0.5383, Accuracy: 74.92%, AUC: 0.75 [VAL] Loss: 0.5587, Accuracy: 73.10%, Precision: 0.69, Recall: 0.76, F1: 0.73, AUC: 0.73
Epoch [38/100] [TRAIN] Loss: 0.5395, Accuracy: 75.12%, AUC: 0.75 [VAL] Loss: 0.5588, Accuracy: 73.00%, Precision: 0.70, Recall: 0.76, F1: 0.73, AUC: 0.73
Epoch [39/100] [TRAIN] Loss: 0.5422, Accuracy: 74.99%, AUC: 0.75 [VAL] Loss: 0.5594, Accuracy: 73.10%, Precision: 0.70, Recall: 0.76, F1: 0.73, AUC: 0.73
Epoch [40/100] [TRAIN] Loss: 0.5424, Accuracy: 74.60%, AUC: 0.75 [VAL] Loss: 0.5593, Accuracy: 73.10%, Precision: 0.70, Recall: 0.76, F1: 0.73, AUC: 0.73
Epoch [41/100] [TRAIN] Loss: 0.5378, Accuracy: 74.72%, AUC: 0.75 [VAL] Loss: 0.5592, Accuracy: 73.30%, Precision: 0.70, Recall: 0.77, F1: 0.73, AUC: 0.73
Epoch [42/100] [TRAIN] Loss: 0.5420, Accuracy: 74.79%, AUC: 0.75 [VAL] Loss: 0.5586, Accuracy: 73.20%, Precision: 0.70, Recall: 0.76, F1: 0.73, AUC: 0.73
Epoch [43/100] [TRAIN] Loss: 0.5378, Accuracy: 74.81%, AUC: 0.75 [VAL] Loss: 0.5589, Accuracy: 73.00%, Precision: 0.69, Recall: 0.76, F1: 0.73, AUC: 0.73
Epoch [44/100] [TRAIN] Loss: 0.5378, Accuracy: 74.64%, AUC: 0.75 [VAL] Loss: 0.5581, Accuracy: 72.90%, Precision: 0.69, Recall: 0.76, F1: 0.73, AUC: 0.73
Epoch [45/100] [TRAIN] Loss: 0.5420, Accuracy: 74.66%, AUC: 0.75 [VAL] Loss: 0.5584, Accuracy: 72.90%, Precision: 0.69, Recall: 0.76, F1: 0.73, AUC: 0.73
Epoch [46/100] [TRAIN] Loss: 0.5389, Accuracy: 74.85%, AUC: 0.75 [VAL] Loss: 0.5587, Accuracy: 72.80%, Precision: 0.69, Recall: 0.76, F1: 0.72, AUC: 0.73
Epoch [47/100] [TRAIN] Loss: 0.5365, Accuracy: 75.12%, AUC: 0.75 [VAL] Loss: 0.5586, Accuracy: 72.80%, Precision: 0.69, Recall: 0.76, F1: 0.72, AUC: 0.73
Epoch [48/100] [TRAIN] Loss: 0.5373, Accuracy: 74.90%, AUC: 0.75 [VAL] Loss: 0.5582, Accuracy: 72.80%, Precision: 0.69, Recall: 0.76, F1: 0.72, AUC: 0.73
Epoch [49/100] [TRAIN] Loss: 0.5370, Accuracy: 74.89%, AUC: 0.75 [VAL] Loss: 0.5585, Accuracy: 72.70%, Precision: 0.69, Recall: 0.76, F1: 0.72, AUC: 0.73
Epoch [50/100] [TRAIN] Loss: 0.5392, Accuracy: 74.96%, AUC: 0.75 [VAL] Loss: 0.5581, Accuracy: 72.80%, Precision: 0.69, Recall: 0.76, F1: 0.72, AUC: 0.73
Epoch [51/100] [TRAIN] Loss: 0.5332, Accuracy: 74.96%, AUC: 0.75 [VAL] Loss: 0.5581, Accuracy: 72.80%, Precision: 0.69, Recall: 0.76, F1: 0.72, AUC: 0.73
Epoch [52/100] [TRAIN] Loss: 0.5394, Accuracy: 74.79%, AUC: 0.75 [VAL] Loss: 0.5581, Accuracy: 72.80%, Precision: 0.69, Recall: 0.76, F1: 0.72, AUC: 0.73
Epoch [53/100] [TRAIN] Loss: 0.5384, Accuracy: 75.40%, AUC: 0.75 [VAL] Loss: 0.5581, Accuracy: 72.80%, Precision: 0.69, Recall: 0.76, F1: 0.72, AUC: 0.73
Epoch [54/100] [TRAIN] Loss: 0.5346, Accuracy: 75.22%, AUC: 0.75 [VAL] Loss: 0.5581, Accuracy: 72.80%, Precision: 0.69, Recall: 0.76, F1: 0.72, AUC: 0.73
  Early stopping at epoch 54 (no val_loss improvement for 10 epochs)
Seed: 789
Accuracy:  74.70 %
AUC:       0.7468
Precision: 0.7358
Recall:    0.7753
F1-Score:  0.7551

Detailed Classification Report:
              precision    recall  f1-score   support

           0       0.76      0.72      0.74       497
           1       0.74      0.78      0.76       503

    accuracy                           0.75      1000
   macro avg       0.75      0.75      0.75      1000
weighted avg       0.75      0.75      0.75      1000


Confusion Matrix:
[[357 140]
 [113 390]]


026-H3K4me3-H3K9ac-H3K9me3-H3K27me3
Train label distribution:
  Label 0:   4077 (51.0%)
  Label 1:   3923 (49.0%)
Val label distribution:
  Label 0:    529 (52.9%)
  Label 1:    471 (47.1%)
Test label distribution:
  Label 0:    497 (49.7%)
  Label 1:    503 (50.3%)
Epoch [1/100] [TRAIN] Loss: 0.6616, Accuracy: 65.81%, AUC: 0.66 [VAL] Loss: 0.6112, Accuracy: 72.30%, Precision: 0.69, Recall: 0.75, F1: 0.72, AUC: 0.72
Epoch [2/100] [TRAIN] Loss: 0.6050, Accuracy: 71.41%, AUC: 0.71 [VAL] Loss: 0.5766, Accuracy: 73.10%, Precision: 0.70, Recall: 0.76, F1: 0.73, AUC: 0.73
Epoch [3/100] [TRAIN] Loss: 0.5893, Accuracy: 71.94%, AUC: 0.72 [VAL] Loss: 0.5675, Accuracy: 73.30%, Precision: 0.70, Recall: 0.76, F1: 0.73, AUC: 0.73
Epoch [4/100] [TRAIN] Loss: 0.5839, Accuracy: 72.25%, AUC: 0.72 [VAL] Loss: 0.5654, Accuracy: 73.00%, Precision: 0.69, Recall: 0.76, F1: 0.73, AUC: 0.73
Epoch [5/100] [TRAIN] Loss: 0.5776, Accuracy: 72.60%, AUC: 0.73 [VAL] Loss: 0.5637, Accuracy: 72.80%, Precision: 0.69, Recall: 0.76, F1: 0.73, AUC: 0.73
Epoch [6/100] [TRAIN] Loss: 0.5757, Accuracy: 72.76%, AUC: 0.73 [VAL] Loss: 0.5626, Accuracy: 72.80%, Precision: 0.69, Recall: 0.76, F1: 0.73, AUC: 0.73
Epoch [7/100] [TRAIN] Loss: 0.5785, Accuracy: 72.75%, AUC: 0.73 [VAL] Loss: 0.5627, Accuracy: 73.30%, Precision: 0.70, Recall: 0.77, F1: 0.73, AUC: 0.73
Epoch [8/100] [TRAIN] Loss: 0.5781, Accuracy: 72.66%, AUC: 0.73 [VAL] Loss: 0.5621, Accuracy: 73.20%, Precision: 0.70, Recall: 0.76, F1: 0.73, AUC: 0.73
Epoch [9/100] [TRAIN] Loss: 0.5677, Accuracy: 72.71%, AUC: 0.73 [VAL] Loss: 0.5606, Accuracy: 73.20%, Precision: 0.70, Recall: 0.76, F1: 0.73, AUC: 0.73
Epoch [10/100] [TRAIN] Loss: 0.5742, Accuracy: 72.92%, AUC: 0.73 [VAL] Loss: 0.5614, Accuracy: 73.20%, Precision: 0.70, Recall: 0.76, F1: 0.73, AUC: 0.73
Epoch [11/100] [TRAIN] Loss: 0.5684, Accuracy: 72.97%, AUC: 0.73 [VAL] Loss: 0.5601, Accuracy: 73.20%, Precision: 0.70, Recall: 0.76, F1: 0.73, AUC: 0.73
Epoch [12/100] [TRAIN] Loss: 0.5693, Accuracy: 73.00%, AUC: 0.73 [VAL] Loss: 0.5596, Accuracy: 73.50%, Precision: 0.70, Recall: 0.77, F1: 0.73, AUC: 0.74
Epoch [13/100] [TRAIN] Loss: 0.5631, Accuracy: 73.75%, AUC: 0.74 [VAL] Loss: 0.5589, Accuracy: 73.10%, Precision: 0.70, Recall: 0.76, F1: 0.73, AUC: 0.73
Epoch [14/100] [TRAIN] Loss: 0.5636, Accuracy: 73.46%, AUC: 0.73 [VAL] Loss: 0.5584, Accuracy: 73.40%, Precision: 0.70, Recall: 0.76, F1: 0.73, AUC: 0.74
Epoch [15/100] [TRAIN] Loss: 0.5596, Accuracy: 73.01%, AUC: 0.73 [VAL] Loss: 0.5580, Accuracy: 73.50%, Precision: 0.70, Recall: 0.76, F1: 0.73, AUC: 0.74
Epoch [16/100] [TRAIN] Loss: 0.5625, Accuracy: 73.62%, AUC: 0.74 [VAL] Loss: 0.5579, Accuracy: 73.60%, Precision: 0.70, Recall: 0.76, F1: 0.73, AUC: 0.74
Epoch [17/100] [TRAIN] Loss: 0.5637, Accuracy: 73.45%, AUC: 0.73 [VAL] Loss: 0.5576, Accuracy: 73.50%, Precision: 0.70, Recall: 0.76, F1: 0.73, AUC: 0.74
Epoch [18/100] [TRAIN] Loss: 0.5616, Accuracy: 73.05%, AUC: 0.73 [VAL] Loss: 0.5575, Accuracy: 73.50%, Precision: 0.70, Recall: 0.76, F1: 0.73, AUC: 0.74
Epoch [19/100] [TRAIN] Loss: 0.5608, Accuracy: 73.50%, AUC: 0.74 [VAL] Loss: 0.5569, Accuracy: 73.50%, Precision: 0.70, Recall: 0.76, F1: 0.73, AUC: 0.74
Epoch [20/100] [TRAIN] Loss: 0.5573, Accuracy: 73.54%, AUC: 0.74 [VAL] Loss: 0.5567, Accuracy: 73.50%, Precision: 0.70, Recall: 0.76, F1: 0.73, AUC: 0.74
Epoch [21/100] [TRAIN] Loss: 0.5563, Accuracy: 73.49%, AUC: 0.74 [VAL] Loss: 0.5560, Accuracy: 73.50%, Precision: 0.70, Recall: 0.76, F1: 0.73, AUC: 0.74
Epoch [22/100] [TRAIN] Loss: 0.5577, Accuracy: 73.64%, AUC: 0.74 [VAL] Loss: 0.5556, Accuracy: 73.50%, Precision: 0.70, Recall: 0.76, F1: 0.73, AUC: 0.74
Epoch [23/100] [TRAIN] Loss: 0.5575, Accuracy: 73.11%, AUC: 0.73 [VAL] Loss: 0.5557, Accuracy: 73.50%, Precision: 0.70, Recall: 0.76, F1: 0.73, AUC: 0.74
Epoch [24/100] [TRAIN] Loss: 0.5547, Accuracy: 73.45%, AUC: 0.73 [VAL] Loss: 0.5553, Accuracy: 73.50%, Precision: 0.70, Recall: 0.76, F1: 0.73, AUC: 0.74
Epoch [25/100] [TRAIN] Loss: 0.5520, Accuracy: 73.47%, AUC: 0.74 [VAL] Loss: 0.5552, Accuracy: 73.50%, Precision: 0.70, Recall: 0.76, F1: 0.73, AUC: 0.74
Epoch [26/100] [TRAIN] Loss: 0.5516, Accuracy: 74.15%, AUC: 0.74 [VAL] Loss: 0.5545, Accuracy: 73.50%, Precision: 0.70, Recall: 0.76, F1: 0.73, AUC: 0.74
Epoch [27/100] [TRAIN] Loss: 0.5492, Accuracy: 74.31%, AUC: 0.74 [VAL] Loss: 0.5542, Accuracy: 73.40%, Precision: 0.70, Recall: 0.76, F1: 0.73, AUC: 0.74
Epoch [28/100] [TRAIN] Loss: 0.5487, Accuracy: 74.15%, AUC: 0.74 [VAL] Loss: 0.5541, Accuracy: 73.50%, Precision: 0.70, Recall: 0.76, F1: 0.73, AUC: 0.74
Epoch [29/100] [TRAIN] Loss: 0.5535, Accuracy: 73.44%, AUC: 0.73 [VAL] Loss: 0.5539, Accuracy: 73.40%, Precision: 0.70, Recall: 0.76, F1: 0.73, AUC: 0.74
Epoch [30/100] [TRAIN] Loss: 0.5495, Accuracy: 74.05%, AUC: 0.74 [VAL] Loss: 0.5540, Accuracy: 73.20%, Precision: 0.70, Recall: 0.76, F1: 0.73, AUC: 0.73
Epoch [31/100] [TRAIN] Loss: 0.5504, Accuracy: 73.49%, AUC: 0.74 [VAL] Loss: 0.5538, Accuracy: 73.20%, Precision: 0.70, Recall: 0.76, F1: 0.73, AUC: 0.73
Epoch [32/100] [TRAIN] Loss: 0.5472, Accuracy: 73.61%, AUC: 0.74 [VAL] Loss: 0.5533, Accuracy: 73.40%, Precision: 0.70, Recall: 0.76, F1: 0.73, AUC: 0.74
Epoch [33/100] [TRAIN] Loss: 0.5468, Accuracy: 73.61%, AUC: 0.74 [VAL] Loss: 0.5528, Accuracy: 73.40%, Precision: 0.70, Recall: 0.76, F1: 0.73, AUC: 0.74
Epoch [34/100] [TRAIN] Loss: 0.5475, Accuracy: 73.96%, AUC: 0.74 [VAL] Loss: 0.5533, Accuracy: 73.60%, Precision: 0.70, Recall: 0.76, F1: 0.73, AUC: 0.74
Epoch [35/100] [TRAIN] Loss: 0.5500, Accuracy: 73.47%, AUC: 0.74 [VAL] Loss: 0.5529, Accuracy: 73.60%, Precision: 0.70, Recall: 0.76, F1: 0.73, AUC: 0.74
Epoch [36/100] [TRAIN] Loss: 0.5459, Accuracy: 73.80%, AUC: 0.74 [VAL] Loss: 0.5524, Accuracy: 73.50%, Precision: 0.70, Recall: 0.76, F1: 0.73, AUC: 0.74
Epoch [37/100] [TRAIN] Loss: 0.5457, Accuracy: 73.64%, AUC: 0.74 [VAL] Loss: 0.5522, Accuracy: 73.70%, Precision: 0.70, Recall: 0.77, F1: 0.73, AUC: 0.74
Epoch [38/100] [TRAIN] Loss: 0.5397, Accuracy: 74.44%, AUC: 0.74 [VAL] Loss: 0.5514, Accuracy: 73.80%, Precision: 0.70, Recall: 0.77, F1: 0.73, AUC: 0.74
Epoch [39/100] [TRAIN] Loss: 0.5428, Accuracy: 73.79%, AUC: 0.74 [VAL] Loss: 0.5514, Accuracy: 73.80%, Precision: 0.70, Recall: 0.77, F1: 0.73, AUC: 0.74
Epoch [40/100] [TRAIN] Loss: 0.5453, Accuracy: 73.81%, AUC: 0.74 [VAL] Loss: 0.5517, Accuracy: 73.70%, Precision: 0.70, Recall: 0.76, F1: 0.73, AUC: 0.74
Epoch [41/100] [TRAIN] Loss: 0.5427, Accuracy: 74.11%, AUC: 0.74 [VAL] Loss: 0.5514, Accuracy: 73.70%, Precision: 0.70, Recall: 0.76, F1: 0.73, AUC: 0.74
Epoch [42/100] [TRAIN] Loss: 0.5428, Accuracy: 73.97%, AUC: 0.74 [VAL] Loss: 0.5516, Accuracy: 73.90%, Precision: 0.70, Recall: 0.77, F1: 0.74, AUC: 0.74
Epoch [43/100] [TRAIN] Loss: 0.5429, Accuracy: 73.84%, AUC: 0.74 [VAL] Loss: 0.5513, Accuracy: 73.80%, Precision: 0.70, Recall: 0.77, F1: 0.73, AUC: 0.74
Epoch [44/100] [TRAIN] Loss: 0.5460, Accuracy: 73.86%, AUC: 0.74 [VAL] Loss: 0.5513, Accuracy: 73.90%, Precision: 0.70, Recall: 0.77, F1: 0.74, AUC: 0.74
Epoch [45/100] [TRAIN] Loss: 0.5440, Accuracy: 73.94%, AUC: 0.74 [VAL] Loss: 0.5508, Accuracy: 74.20%, Precision: 0.71, Recall: 0.77, F1: 0.74, AUC: 0.74
Epoch [46/100] [TRAIN] Loss: 0.5428, Accuracy: 74.09%, AUC: 0.74 [VAL] Loss: 0.5509, Accuracy: 74.20%, Precision: 0.71, Recall: 0.77, F1: 0.74, AUC: 0.74
Epoch [47/100] [TRAIN] Loss: 0.5403, Accuracy: 74.17%, AUC: 0.74 [VAL] Loss: 0.5510, Accuracy: 73.90%, Precision: 0.71, Recall: 0.77, F1: 0.73, AUC: 0.74
Epoch [48/100] [TRAIN] Loss: 0.5436, Accuracy: 74.59%, AUC: 0.75 [VAL] Loss: 0.5509, Accuracy: 74.00%, Precision: 0.71, Recall: 0.77, F1: 0.74, AUC: 0.74
Epoch [49/100] [TRAIN] Loss: 0.5416, Accuracy: 74.11%, AUC: 0.74 [VAL] Loss: 0.5509, Accuracy: 74.00%, Precision: 0.71, Recall: 0.77, F1: 0.74, AUC: 0.74
Epoch [50/100] [TRAIN] Loss: 0.5408, Accuracy: 74.33%, AUC: 0.74 [VAL] Loss: 0.5507, Accuracy: 74.00%, Precision: 0.71, Recall: 0.77, F1: 0.74, AUC: 0.74
Epoch [51/100] [TRAIN] Loss: 0.5433, Accuracy: 74.74%, AUC: 0.75 [VAL] Loss: 0.5510, Accuracy: 73.70%, Precision: 0.70, Recall: 0.76, F1: 0.73, AUC: 0.74
Epoch [52/100] [TRAIN] Loss: 0.5393, Accuracy: 73.85%, AUC: 0.74 [VAL] Loss: 0.5508, Accuracy: 73.80%, Precision: 0.70, Recall: 0.77, F1: 0.73, AUC: 0.74
Epoch [53/100] [TRAIN] Loss: 0.5408, Accuracy: 74.22%, AUC: 0.74 [VAL] Loss: 0.5507, Accuracy: 73.70%, Precision: 0.70, Recall: 0.76, F1: 0.73, AUC: 0.74
Epoch [54/100] [TRAIN] Loss: 0.5403, Accuracy: 73.96%, AUC: 0.74 [VAL] Loss: 0.5505, Accuracy: 73.80%, Precision: 0.70, Recall: 0.77, F1: 0.73, AUC: 0.74
Epoch [55/100] [TRAIN] Loss: 0.5410, Accuracy: 74.30%, AUC: 0.74 [VAL] Loss: 0.5505, Accuracy: 73.70%, Precision: 0.70, Recall: 0.76, F1: 0.73, AUC: 0.74
Epoch [56/100] [TRAIN] Loss: 0.5361, Accuracy: 74.35%, AUC: 0.74 [VAL] Loss: 0.5505, Accuracy: 73.70%, Precision: 0.70, Recall: 0.76, F1: 0.73, AUC: 0.74
Epoch [57/100] [TRAIN] Loss: 0.5395, Accuracy: 74.31%, AUC: 0.74 [VAL] Loss: 0.5505, Accuracy: 73.80%, Precision: 0.70, Recall: 0.77, F1: 0.73, AUC: 0.74
Epoch [58/100] [TRAIN] Loss: 0.5372, Accuracy: 74.60%, AUC: 0.75 [VAL] Loss: 0.5503, Accuracy: 73.70%, Precision: 0.70, Recall: 0.76, F1: 0.73, AUC: 0.74
Epoch [59/100] [TRAIN] Loss: 0.5365, Accuracy: 74.04%, AUC: 0.74 [VAL] Loss: 0.5503, Accuracy: 73.70%, Precision: 0.70, Recall: 0.76, F1: 0.73, AUC: 0.74
Epoch [60/100] [TRAIN] Loss: 0.5405, Accuracy: 74.00%, AUC: 0.74 [VAL] Loss: 0.5499, Accuracy: 73.90%, Precision: 0.70, Recall: 0.77, F1: 0.74, AUC: 0.74
Epoch [61/100] [TRAIN] Loss: 0.5394, Accuracy: 74.46%, AUC: 0.74 [VAL] Loss: 0.5501, Accuracy: 73.70%, Precision: 0.70, Recall: 0.77, F1: 0.73, AUC: 0.74
Epoch [62/100] [TRAIN] Loss: 0.5340, Accuracy: 74.30%, AUC: 0.74 [VAL] Loss: 0.5499, Accuracy: 73.70%, Precision: 0.70, Recall: 0.77, F1: 0.73, AUC: 0.74
Epoch [63/100] [TRAIN] Loss: 0.5343, Accuracy: 74.45%, AUC: 0.74 [VAL] Loss: 0.5501, Accuracy: 73.60%, Precision: 0.70, Recall: 0.76, F1: 0.73, AUC: 0.74
Epoch [64/100] [TRAIN] Loss: 0.5340, Accuracy: 74.53%, AUC: 0.75 [VAL] Loss: 0.5498, Accuracy: 73.70%, Precision: 0.70, Recall: 0.77, F1: 0.73, AUC: 0.74
Epoch [65/100] [TRAIN] Loss: 0.5393, Accuracy: 74.22%, AUC: 0.74 [VAL] Loss: 0.5498, Accuracy: 73.70%, Precision: 0.70, Recall: 0.77, F1: 0.73, AUC: 0.74
Epoch [66/100] [TRAIN] Loss: 0.5358, Accuracy: 74.38%, AUC: 0.74 [VAL] Loss: 0.5498, Accuracy: 73.60%, Precision: 0.70, Recall: 0.76, F1: 0.73, AUC: 0.74
Epoch [67/100] [TRAIN] Loss: 0.5351, Accuracy: 74.66%, AUC: 0.75 [VAL] Loss: 0.5498, Accuracy: 73.70%, Precision: 0.70, Recall: 0.76, F1: 0.73, AUC: 0.74
Epoch [68/100] [TRAIN] Loss: 0.5392, Accuracy: 74.50%, AUC: 0.75 [VAL] Loss: 0.5498, Accuracy: 73.60%, Precision: 0.70, Recall: 0.76, F1: 0.73, AUC: 0.74
Epoch [69/100] [TRAIN] Loss: 0.5380, Accuracy: 74.06%, AUC: 0.74 [VAL] Loss: 0.5500, Accuracy: 73.70%, Precision: 0.70, Recall: 0.76, F1: 0.73, AUC: 0.74
Epoch [70/100] [TRAIN] Loss: 0.5354, Accuracy: 74.50%, AUC: 0.75 [VAL] Loss: 0.5501, Accuracy: 73.60%, Precision: 0.70, Recall: 0.76, F1: 0.73, AUC: 0.74
Epoch [71/100] [TRAIN] Loss: 0.5373, Accuracy: 74.55%, AUC: 0.75 [VAL] Loss: 0.5501, Accuracy: 73.60%, Precision: 0.70, Recall: 0.76, F1: 0.73, AUC: 0.74
Epoch [72/100] [TRAIN] Loss: 0.5366, Accuracy: 74.40%, AUC: 0.74 [VAL] Loss: 0.5501, Accuracy: 73.60%, Precision: 0.70, Recall: 0.76, F1: 0.73, AUC: 0.74
Epoch [73/100] [TRAIN] Loss: 0.5356, Accuracy: 73.94%, AUC: 0.74 [VAL] Loss: 0.5501, Accuracy: 73.60%, Precision: 0.70, Recall: 0.76, F1: 0.73, AUC: 0.74
Epoch [74/100] [TRAIN] Loss: 0.5316, Accuracy: 74.59%, AUC: 0.75 [VAL] Loss: 0.5501, Accuracy: 73.60%, Precision: 0.70, Recall: 0.76, F1: 0.73, AUC: 0.74
Epoch [75/100] [TRAIN] Loss: 0.5359, Accuracy: 74.22%, AUC: 0.74 [VAL] Loss: 0.5501, Accuracy: 73.60%, Precision: 0.70, Recall: 0.76, F1: 0.73, AUC: 0.74
Epoch [76/100] [TRAIN] Loss: 0.5364, Accuracy: 74.20%, AUC: 0.74 [VAL] Loss: 0.5501, Accuracy: 73.60%, Precision: 0.70, Recall: 0.76, F1: 0.73, AUC: 0.74
Epoch [77/100] [TRAIN] Loss: 0.5390, Accuracy: 74.51%, AUC: 0.75 [VAL] Loss: 0.5501, Accuracy: 73.60%, Precision: 0.70, Recall: 0.76, F1: 0.73, AUC: 0.74
Epoch [78/100] [TRAIN] Loss: 0.5346, Accuracy: 74.47%, AUC: 0.74 [VAL] Loss: 0.5501, Accuracy: 73.60%, Precision: 0.70, Recall: 0.76, F1: 0.73, AUC: 0.74
  Early stopping at epoch 78 (no val_loss improvement for 10 epochs)
Seed: 789
Accuracy:  73.40 %
AUC:       0.7338
Precision: 0.7232
Recall:    0.7634
F1-Score:  0.7427

Detailed Classification Report:
              precision    recall  f1-score   support

           0       0.75      0.70      0.72       497
           1       0.72      0.76      0.74       503

    accuracy                           0.73      1000
   macro avg       0.73      0.73      0.73      1000
weighted avg       0.73      0.73      0.73      1000


Confusion Matrix:
[[350 147]
 [119 384]]


027-H3K4me3-H3K9ac-H3K27ac-H3K27me3
Train label distribution:
  Label 0:   4077 (51.0%)
  Label 1:   3923 (49.0%)
Val label distribution:
  Label 0:    529 (52.9%)
  Label 1:    471 (47.1%)
Test label distribution:
  Label 0:    497 (49.7%)
  Label 1:    503 (50.3%)
Epoch [1/100] [TRAIN] Loss: 0.6476, Accuracy: 66.28%, AUC: 0.66 [VAL] Loss: 0.5904, Accuracy: 71.80%, Precision: 0.69, Recall: 0.73, F1: 0.71, AUC: 0.72
Epoch [2/100] [TRAIN] Loss: 0.5895, Accuracy: 73.10%, AUC: 0.73 [VAL] Loss: 0.5792, Accuracy: 71.90%, Precision: 0.69, Recall: 0.74, F1: 0.71, AUC: 0.72
Epoch [3/100] [TRAIN] Loss: 0.5781, Accuracy: 73.95%, AUC: 0.74 [VAL] Loss: 0.5756, Accuracy: 71.60%, Precision: 0.68, Recall: 0.74, F1: 0.71, AUC: 0.72
Epoch [4/100] [TRAIN] Loss: 0.5749, Accuracy: 73.54%, AUC: 0.74 [VAL] Loss: 0.5733, Accuracy: 72.10%, Precision: 0.69, Recall: 0.74, F1: 0.71, AUC: 0.72
Epoch [5/100] [TRAIN] Loss: 0.5719, Accuracy: 73.51%, AUC: 0.74 [VAL] Loss: 0.5715, Accuracy: 72.20%, Precision: 0.69, Recall: 0.74, F1: 0.72, AUC: 0.72
Epoch [6/100] [TRAIN] Loss: 0.5648, Accuracy: 73.79%, AUC: 0.74 [VAL] Loss: 0.5699, Accuracy: 72.30%, Precision: 0.69, Recall: 0.74, F1: 0.72, AUC: 0.72
Epoch [7/100] [TRAIN] Loss: 0.5649, Accuracy: 73.76%, AUC: 0.74 [VAL] Loss: 0.5695, Accuracy: 72.60%, Precision: 0.70, Recall: 0.75, F1: 0.72, AUC: 0.73
Epoch [8/100] [TRAIN] Loss: 0.5620, Accuracy: 74.21%, AUC: 0.74 [VAL] Loss: 0.5685, Accuracy: 72.70%, Precision: 0.70, Recall: 0.75, F1: 0.72, AUC: 0.73
Epoch [9/100] [TRAIN] Loss: 0.5606, Accuracy: 73.85%, AUC: 0.74 [VAL] Loss: 0.5682, Accuracy: 72.90%, Precision: 0.70, Recall: 0.75, F1: 0.72, AUC: 0.73
Epoch [10/100] [TRAIN] Loss: 0.5550, Accuracy: 74.00%, AUC: 0.74 [VAL] Loss: 0.5668, Accuracy: 73.10%, Precision: 0.70, Recall: 0.75, F1: 0.72, AUC: 0.73
Epoch [11/100] [TRAIN] Loss: 0.5566, Accuracy: 73.79%, AUC: 0.74 [VAL] Loss: 0.5659, Accuracy: 73.40%, Precision: 0.70, Recall: 0.75, F1: 0.73, AUC: 0.73
Epoch [12/100] [TRAIN] Loss: 0.5557, Accuracy: 73.92%, AUC: 0.74 [VAL] Loss: 0.5652, Accuracy: 73.40%, Precision: 0.70, Recall: 0.75, F1: 0.73, AUC: 0.73
Epoch [13/100] [TRAIN] Loss: 0.5556, Accuracy: 74.03%, AUC: 0.74 [VAL] Loss: 0.5649, Accuracy: 73.50%, Precision: 0.71, Recall: 0.75, F1: 0.73, AUC: 0.74
Epoch [14/100] [TRAIN] Loss: 0.5502, Accuracy: 74.62%, AUC: 0.75 [VAL] Loss: 0.5636, Accuracy: 73.40%, Precision: 0.70, Recall: 0.75, F1: 0.73, AUC: 0.73
Epoch [15/100] [TRAIN] Loss: 0.5537, Accuracy: 74.45%, AUC: 0.74 [VAL] Loss: 0.5633, Accuracy: 73.30%, Precision: 0.70, Recall: 0.75, F1: 0.73, AUC: 0.73
Epoch [16/100] [TRAIN] Loss: 0.5530, Accuracy: 74.21%, AUC: 0.74 [VAL] Loss: 0.5630, Accuracy: 73.40%, Precision: 0.70, Recall: 0.75, F1: 0.73, AUC: 0.73
Epoch [17/100] [TRAIN] Loss: 0.5490, Accuracy: 74.19%, AUC: 0.74 [VAL] Loss: 0.5624, Accuracy: 73.40%, Precision: 0.70, Recall: 0.75, F1: 0.73, AUC: 0.73
Epoch [18/100] [TRAIN] Loss: 0.5481, Accuracy: 74.17%, AUC: 0.74 [VAL] Loss: 0.5622, Accuracy: 73.30%, Precision: 0.70, Recall: 0.75, F1: 0.73, AUC: 0.73
Epoch [19/100] [TRAIN] Loss: 0.5459, Accuracy: 74.80%, AUC: 0.75 [VAL] Loss: 0.5618, Accuracy: 73.30%, Precision: 0.70, Recall: 0.75, F1: 0.73, AUC: 0.73
Epoch [20/100] [TRAIN] Loss: 0.5460, Accuracy: 74.50%, AUC: 0.75 [VAL] Loss: 0.5612, Accuracy: 73.50%, Precision: 0.71, Recall: 0.75, F1: 0.73, AUC: 0.74
Epoch [21/100] [TRAIN] Loss: 0.5426, Accuracy: 74.95%, AUC: 0.75 [VAL] Loss: 0.5611, Accuracy: 73.40%, Precision: 0.71, Recall: 0.75, F1: 0.73, AUC: 0.73
Epoch [22/100] [TRAIN] Loss: 0.5430, Accuracy: 74.66%, AUC: 0.75 [VAL] Loss: 0.5609, Accuracy: 73.50%, Precision: 0.71, Recall: 0.75, F1: 0.73, AUC: 0.74
Epoch [23/100] [TRAIN] Loss: 0.5458, Accuracy: 74.38%, AUC: 0.74 [VAL] Loss: 0.5602, Accuracy: 73.70%, Precision: 0.71, Recall: 0.75, F1: 0.73, AUC: 0.74
Epoch [24/100] [TRAIN] Loss: 0.5458, Accuracy: 74.96%, AUC: 0.75 [VAL] Loss: 0.5604, Accuracy: 73.50%, Precision: 0.71, Recall: 0.75, F1: 0.73, AUC: 0.74
Epoch [25/100] [TRAIN] Loss: 0.5415, Accuracy: 74.69%, AUC: 0.75 [VAL] Loss: 0.5606, Accuracy: 73.40%, Precision: 0.70, Recall: 0.75, F1: 0.73, AUC: 0.73
Epoch [26/100] [TRAIN] Loss: 0.5423, Accuracy: 74.84%, AUC: 0.75 [VAL] Loss: 0.5599, Accuracy: 73.40%, Precision: 0.70, Recall: 0.75, F1: 0.73, AUC: 0.73
Epoch [27/100] [TRAIN] Loss: 0.5426, Accuracy: 74.29%, AUC: 0.74 [VAL] Loss: 0.5594, Accuracy: 73.50%, Precision: 0.70, Recall: 0.75, F1: 0.73, AUC: 0.74
Epoch [28/100] [TRAIN] Loss: 0.5409, Accuracy: 74.33%, AUC: 0.74 [VAL] Loss: 0.5597, Accuracy: 73.30%, Precision: 0.70, Recall: 0.75, F1: 0.73, AUC: 0.73
Epoch [29/100] [TRAIN] Loss: 0.5405, Accuracy: 74.64%, AUC: 0.75 [VAL] Loss: 0.5596, Accuracy: 73.40%, Precision: 0.70, Recall: 0.75, F1: 0.73, AUC: 0.73
Epoch [30/100] [TRAIN] Loss: 0.5382, Accuracy: 74.67%, AUC: 0.75 [VAL] Loss: 0.5586, Accuracy: 73.60%, Precision: 0.71, Recall: 0.75, F1: 0.73, AUC: 0.74
Epoch [31/100] [TRAIN] Loss: 0.5383, Accuracy: 74.66%, AUC: 0.75 [VAL] Loss: 0.5582, Accuracy: 73.70%, Precision: 0.71, Recall: 0.76, F1: 0.73, AUC: 0.74
Epoch [32/100] [TRAIN] Loss: 0.5360, Accuracy: 75.10%, AUC: 0.75 [VAL] Loss: 0.5581, Accuracy: 73.80%, Precision: 0.71, Recall: 0.76, F1: 0.73, AUC: 0.74
Epoch [33/100] [TRAIN] Loss: 0.5433, Accuracy: 74.30%, AUC: 0.74 [VAL] Loss: 0.5581, Accuracy: 73.70%, Precision: 0.71, Recall: 0.75, F1: 0.73, AUC: 0.74
Epoch [34/100] [TRAIN] Loss: 0.5368, Accuracy: 74.66%, AUC: 0.75 [VAL] Loss: 0.5578, Accuracy: 73.70%, Precision: 0.71, Recall: 0.76, F1: 0.73, AUC: 0.74
Epoch [35/100] [TRAIN] Loss: 0.5384, Accuracy: 74.46%, AUC: 0.74 [VAL] Loss: 0.5573, Accuracy: 73.60%, Precision: 0.70, Recall: 0.76, F1: 0.73, AUC: 0.74
Epoch [36/100] [TRAIN] Loss: 0.5364, Accuracy: 75.11%, AUC: 0.75 [VAL] Loss: 0.5572, Accuracy: 73.50%, Precision: 0.70, Recall: 0.76, F1: 0.73, AUC: 0.74
Epoch [37/100] [TRAIN] Loss: 0.5334, Accuracy: 74.99%, AUC: 0.75 [VAL] Loss: 0.5570, Accuracy: 73.50%, Precision: 0.70, Recall: 0.76, F1: 0.73, AUC: 0.74
Epoch [38/100] [TRAIN] Loss: 0.5314, Accuracy: 74.64%, AUC: 0.75 [VAL] Loss: 0.5568, Accuracy: 73.50%, Precision: 0.70, Recall: 0.76, F1: 0.73, AUC: 0.74
Epoch [39/100] [TRAIN] Loss: 0.5347, Accuracy: 74.80%, AUC: 0.75 [VAL] Loss: 0.5569, Accuracy: 73.70%, Precision: 0.71, Recall: 0.76, F1: 0.73, AUC: 0.74
Epoch [40/100] [TRAIN] Loss: 0.5343, Accuracy: 74.88%, AUC: 0.75 [VAL] Loss: 0.5571, Accuracy: 73.70%, Precision: 0.71, Recall: 0.76, F1: 0.73, AUC: 0.74
Epoch [41/100] [TRAIN] Loss: 0.5311, Accuracy: 74.95%, AUC: 0.75 [VAL] Loss: 0.5564, Accuracy: 73.70%, Precision: 0.71, Recall: 0.76, F1: 0.73, AUC: 0.74
Epoch [42/100] [TRAIN] Loss: 0.5310, Accuracy: 75.19%, AUC: 0.75 [VAL] Loss: 0.5566, Accuracy: 73.80%, Precision: 0.71, Recall: 0.76, F1: 0.73, AUC: 0.74
Epoch [43/100] [TRAIN] Loss: 0.5334, Accuracy: 75.44%, AUC: 0.75 [VAL] Loss: 0.5567, Accuracy: 73.70%, Precision: 0.71, Recall: 0.76, F1: 0.73, AUC: 0.74
Epoch [44/100] [TRAIN] Loss: 0.5341, Accuracy: 74.89%, AUC: 0.75 [VAL] Loss: 0.5567, Accuracy: 73.70%, Precision: 0.71, Recall: 0.76, F1: 0.73, AUC: 0.74
Epoch [45/100] [TRAIN] Loss: 0.5315, Accuracy: 75.50%, AUC: 0.76 [VAL] Loss: 0.5566, Accuracy: 73.60%, Precision: 0.70, Recall: 0.76, F1: 0.73, AUC: 0.74
Epoch [46/100] [TRAIN] Loss: 0.5336, Accuracy: 75.12%, AUC: 0.75 [VAL] Loss: 0.5567, Accuracy: 73.70%, Precision: 0.71, Recall: 0.76, F1: 0.73, AUC: 0.74
Epoch [47/100] [TRAIN] Loss: 0.5320, Accuracy: 74.96%, AUC: 0.75 [VAL] Loss: 0.5569, Accuracy: 73.70%, Precision: 0.71, Recall: 0.76, F1: 0.73, AUC: 0.74
Epoch [48/100] [TRAIN] Loss: 0.5281, Accuracy: 75.20%, AUC: 0.75 [VAL] Loss: 0.5568, Accuracy: 73.70%, Precision: 0.71, Recall: 0.76, F1: 0.73, AUC: 0.74
Epoch [49/100] [TRAIN] Loss: 0.5297, Accuracy: 75.03%, AUC: 0.75 [VAL] Loss: 0.5568, Accuracy: 73.70%, Precision: 0.71, Recall: 0.76, F1: 0.73, AUC: 0.74
Epoch [50/100] [TRAIN] Loss: 0.5280, Accuracy: 75.21%, AUC: 0.75 [VAL] Loss: 0.5568, Accuracy: 73.70%, Precision: 0.71, Recall: 0.76, F1: 0.73, AUC: 0.74
Epoch [51/100] [TRAIN] Loss: 0.5310, Accuracy: 75.10%, AUC: 0.75 [VAL] Loss: 0.5567, Accuracy: 73.70%, Precision: 0.71, Recall: 0.76, F1: 0.73, AUC: 0.74
  Early stopping at epoch 51 (no val_loss improvement for 10 epochs)
Seed: 789
Accuracy:  75.40 %
AUC:       0.7538
Precision: 0.7429
Recall:    0.7813
F1-Score:  0.7616

Detailed Classification Report:
              precision    recall  f1-score   support

           0       0.77      0.73      0.75       497
           1       0.74      0.78      0.76       503

    accuracy                           0.75      1000
   macro avg       0.75      0.75      0.75      1000
weighted avg       0.75      0.75      0.75      1000


Confusion Matrix:
[[361 136]
 [110 393]]


028-H3K4me3-H3K9me3-H3K27ac-H3K27me3
Train label distribution:
  Label 0:   4077 (51.0%)
  Label 1:   3923 (49.0%)
Val label distribution:
  Label 0:    529 (52.9%)
  Label 1:    471 (47.1%)
Test label distribution:
  Label 0:    497 (49.7%)
  Label 1:    503 (50.3%)
Epoch [1/100] [TRAIN] Loss: 0.6582, Accuracy: 65.01%, AUC: 0.65 [VAL] Loss: 0.6061, Accuracy: 72.40%, Precision: 0.69, Recall: 0.74, F1: 0.72, AUC: 0.72
Epoch [2/100] [TRAIN] Loss: 0.5981, Accuracy: 72.39%, AUC: 0.72 [VAL] Loss: 0.5855, Accuracy: 72.40%, Precision: 0.70, Recall: 0.73, F1: 0.71, AUC: 0.72
Epoch [3/100] [TRAIN] Loss: 0.5859, Accuracy: 73.30%, AUC: 0.73 [VAL] Loss: 0.5804, Accuracy: 72.50%, Precision: 0.70, Recall: 0.74, F1: 0.72, AUC: 0.73
Epoch [4/100] [TRAIN] Loss: 0.5811, Accuracy: 73.26%, AUC: 0.73 [VAL] Loss: 0.5774, Accuracy: 72.70%, Precision: 0.70, Recall: 0.74, F1: 0.72, AUC: 0.73
Epoch [5/100] [TRAIN] Loss: 0.5727, Accuracy: 73.64%, AUC: 0.74 [VAL] Loss: 0.5755, Accuracy: 72.90%, Precision: 0.70, Recall: 0.74, F1: 0.72, AUC: 0.73
Epoch [6/100] [TRAIN] Loss: 0.5766, Accuracy: 74.21%, AUC: 0.74 [VAL] Loss: 0.5746, Accuracy: 73.00%, Precision: 0.70, Recall: 0.74, F1: 0.72, AUC: 0.73
Epoch [7/100] [TRAIN] Loss: 0.5708, Accuracy: 73.83%, AUC: 0.74 [VAL] Loss: 0.5728, Accuracy: 73.10%, Precision: 0.70, Recall: 0.75, F1: 0.72, AUC: 0.73
Epoch [8/100] [TRAIN] Loss: 0.5679, Accuracy: 73.88%, AUC: 0.74 [VAL] Loss: 0.5718, Accuracy: 73.20%, Precision: 0.70, Recall: 0.75, F1: 0.72, AUC: 0.73
Epoch [9/100] [TRAIN] Loss: 0.5649, Accuracy: 73.38%, AUC: 0.73 [VAL] Loss: 0.5707, Accuracy: 73.60%, Precision: 0.71, Recall: 0.75, F1: 0.73, AUC: 0.74
Epoch [10/100] [TRAIN] Loss: 0.5678, Accuracy: 73.64%, AUC: 0.74 [VAL] Loss: 0.5700, Accuracy: 73.40%, Precision: 0.71, Recall: 0.74, F1: 0.72, AUC: 0.73
Epoch [11/100] [TRAIN] Loss: 0.5663, Accuracy: 73.78%, AUC: 0.74 [VAL] Loss: 0.5689, Accuracy: 73.40%, Precision: 0.71, Recall: 0.74, F1: 0.72, AUC: 0.73
Epoch [12/100] [TRAIN] Loss: 0.5632, Accuracy: 74.04%, AUC: 0.74 [VAL] Loss: 0.5686, Accuracy: 73.70%, Precision: 0.71, Recall: 0.75, F1: 0.73, AUC: 0.74
Epoch [13/100] [TRAIN] Loss: 0.5668, Accuracy: 74.22%, AUC: 0.74 [VAL] Loss: 0.5685, Accuracy: 73.90%, Precision: 0.71, Recall: 0.75, F1: 0.73, AUC: 0.74
Epoch [14/100] [TRAIN] Loss: 0.5635, Accuracy: 73.65%, AUC: 0.74 [VAL] Loss: 0.5671, Accuracy: 74.00%, Precision: 0.71, Recall: 0.75, F1: 0.73, AUC: 0.74
Epoch [15/100] [TRAIN] Loss: 0.5553, Accuracy: 74.51%, AUC: 0.75 [VAL] Loss: 0.5665, Accuracy: 74.00%, Precision: 0.71, Recall: 0.75, F1: 0.73, AUC: 0.74
Epoch [16/100] [TRAIN] Loss: 0.5556, Accuracy: 74.06%, AUC: 0.74 [VAL] Loss: 0.5660, Accuracy: 74.00%, Precision: 0.71, Recall: 0.75, F1: 0.73, AUC: 0.74
Epoch [17/100] [TRAIN] Loss: 0.5521, Accuracy: 74.50%, AUC: 0.75 [VAL] Loss: 0.5658, Accuracy: 73.80%, Precision: 0.71, Recall: 0.75, F1: 0.73, AUC: 0.74
Epoch [18/100] [TRAIN] Loss: 0.5530, Accuracy: 74.47%, AUC: 0.75 [VAL] Loss: 0.5649, Accuracy: 73.90%, Precision: 0.71, Recall: 0.75, F1: 0.73, AUC: 0.74
Epoch [19/100] [TRAIN] Loss: 0.5550, Accuracy: 74.12%, AUC: 0.74 [VAL] Loss: 0.5653, Accuracy: 73.90%, Precision: 0.71, Recall: 0.75, F1: 0.73, AUC: 0.74
Epoch [20/100] [TRAIN] Loss: 0.5527, Accuracy: 74.54%, AUC: 0.75 [VAL] Loss: 0.5644, Accuracy: 74.00%, Precision: 0.71, Recall: 0.75, F1: 0.73, AUC: 0.74
Epoch [21/100] [TRAIN] Loss: 0.5493, Accuracy: 74.00%, AUC: 0.74 [VAL] Loss: 0.5642, Accuracy: 74.10%, Precision: 0.71, Recall: 0.75, F1: 0.73, AUC: 0.74
Epoch [22/100] [TRAIN] Loss: 0.5492, Accuracy: 74.53%, AUC: 0.75 [VAL] Loss: 0.5640, Accuracy: 73.90%, Precision: 0.71, Recall: 0.75, F1: 0.73, AUC: 0.74
Epoch [23/100] [TRAIN] Loss: 0.5503, Accuracy: 74.12%, AUC: 0.74 [VAL] Loss: 0.5644, Accuracy: 73.60%, Precision: 0.71, Recall: 0.74, F1: 0.73, AUC: 0.74
Epoch [24/100] [TRAIN] Loss: 0.5499, Accuracy: 74.33%, AUC: 0.74 [VAL] Loss: 0.5634, Accuracy: 73.90%, Precision: 0.71, Recall: 0.75, F1: 0.73, AUC: 0.74
Epoch [25/100] [TRAIN] Loss: 0.5512, Accuracy: 74.10%, AUC: 0.74 [VAL] Loss: 0.5629, Accuracy: 73.80%, Precision: 0.71, Recall: 0.75, F1: 0.73, AUC: 0.74
Epoch [26/100] [TRAIN] Loss: 0.5490, Accuracy: 74.38%, AUC: 0.74 [VAL] Loss: 0.5623, Accuracy: 73.90%, Precision: 0.71, Recall: 0.75, F1: 0.73, AUC: 0.74
Epoch [27/100] [TRAIN] Loss: 0.5495, Accuracy: 74.53%, AUC: 0.75 [VAL] Loss: 0.5619, Accuracy: 73.80%, Precision: 0.71, Recall: 0.75, F1: 0.73, AUC: 0.74
Epoch [28/100] [TRAIN] Loss: 0.5469, Accuracy: 74.62%, AUC: 0.75 [VAL] Loss: 0.5614, Accuracy: 73.90%, Precision: 0.71, Recall: 0.75, F1: 0.73, AUC: 0.74
Epoch [29/100] [TRAIN] Loss: 0.5478, Accuracy: 74.16%, AUC: 0.74 [VAL] Loss: 0.5611, Accuracy: 73.90%, Precision: 0.71, Recall: 0.75, F1: 0.73, AUC: 0.74
Epoch [30/100] [TRAIN] Loss: 0.5464, Accuracy: 74.20%, AUC: 0.74 [VAL] Loss: 0.5611, Accuracy: 73.90%, Precision: 0.71, Recall: 0.75, F1: 0.73, AUC: 0.74
Epoch [31/100] [TRAIN] Loss: 0.5470, Accuracy: 74.12%, AUC: 0.74 [VAL] Loss: 0.5609, Accuracy: 73.80%, Precision: 0.71, Recall: 0.75, F1: 0.73, AUC: 0.74
Epoch [32/100] [TRAIN] Loss: 0.5474, Accuracy: 74.41%, AUC: 0.74 [VAL] Loss: 0.5604, Accuracy: 73.90%, Precision: 0.71, Recall: 0.75, F1: 0.73, AUC: 0.74
Epoch [33/100] [TRAIN] Loss: 0.5457, Accuracy: 74.61%, AUC: 0.75 [VAL] Loss: 0.5604, Accuracy: 73.90%, Precision: 0.71, Recall: 0.75, F1: 0.73, AUC: 0.74
Epoch [34/100] [TRAIN] Loss: 0.5443, Accuracy: 74.62%, AUC: 0.75 [VAL] Loss: 0.5600, Accuracy: 74.00%, Precision: 0.71, Recall: 0.75, F1: 0.73, AUC: 0.74
Epoch [35/100] [TRAIN] Loss: 0.5413, Accuracy: 75.10%, AUC: 0.75 [VAL] Loss: 0.5600, Accuracy: 74.00%, Precision: 0.71, Recall: 0.75, F1: 0.73, AUC: 0.74
Epoch [36/100] [TRAIN] Loss: 0.5461, Accuracy: 74.11%, AUC: 0.74 [VAL] Loss: 0.5597, Accuracy: 73.90%, Precision: 0.71, Recall: 0.75, F1: 0.73, AUC: 0.74
Epoch [37/100] [TRAIN] Loss: 0.5402, Accuracy: 74.56%, AUC: 0.75 [VAL] Loss: 0.5596, Accuracy: 74.20%, Precision: 0.72, Recall: 0.75, F1: 0.73, AUC: 0.74
Epoch [38/100] [TRAIN] Loss: 0.5425, Accuracy: 74.89%, AUC: 0.75 [VAL] Loss: 0.5591, Accuracy: 73.90%, Precision: 0.71, Recall: 0.75, F1: 0.73, AUC: 0.74
Epoch [39/100] [TRAIN] Loss: 0.5419, Accuracy: 74.86%, AUC: 0.75 [VAL] Loss: 0.5593, Accuracy: 74.00%, Precision: 0.71, Recall: 0.75, F1: 0.73, AUC: 0.74
Epoch [40/100] [TRAIN] Loss: 0.5412, Accuracy: 74.59%, AUC: 0.75 [VAL] Loss: 0.5587, Accuracy: 74.20%, Precision: 0.72, Recall: 0.75, F1: 0.73, AUC: 0.74
Epoch [41/100] [TRAIN] Loss: 0.5424, Accuracy: 74.64%, AUC: 0.75 [VAL] Loss: 0.5586, Accuracy: 74.30%, Precision: 0.72, Recall: 0.75, F1: 0.73, AUC: 0.74
Epoch [42/100] [TRAIN] Loss: 0.5440, Accuracy: 74.40%, AUC: 0.74 [VAL] Loss: 0.5583, Accuracy: 74.40%, Precision: 0.72, Recall: 0.75, F1: 0.73, AUC: 0.74
Epoch [43/100] [TRAIN] Loss: 0.5389, Accuracy: 75.06%, AUC: 0.75 [VAL] Loss: 0.5589, Accuracy: 74.30%, Precision: 0.72, Recall: 0.75, F1: 0.73, AUC: 0.74
Epoch [44/100] [TRAIN] Loss: 0.5435, Accuracy: 74.83%, AUC: 0.75 [VAL] Loss: 0.5585, Accuracy: 74.20%, Precision: 0.72, Recall: 0.75, F1: 0.73, AUC: 0.74
Epoch [45/100] [TRAIN] Loss: 0.5368, Accuracy: 74.89%, AUC: 0.75 [VAL] Loss: 0.5587, Accuracy: 74.30%, Precision: 0.72, Recall: 0.75, F1: 0.73, AUC: 0.74
Epoch [46/100] [TRAIN] Loss: 0.5412, Accuracy: 74.34%, AUC: 0.74 [VAL] Loss: 0.5581, Accuracy: 74.30%, Precision: 0.72, Recall: 0.75, F1: 0.73, AUC: 0.74
Epoch [47/100] [TRAIN] Loss: 0.5431, Accuracy: 74.39%, AUC: 0.74 [VAL] Loss: 0.5584, Accuracy: 74.20%, Precision: 0.72, Recall: 0.75, F1: 0.73, AUC: 0.74
Epoch [48/100] [TRAIN] Loss: 0.5387, Accuracy: 74.89%, AUC: 0.75 [VAL] Loss: 0.5585, Accuracy: 74.10%, Precision: 0.71, Recall: 0.75, F1: 0.73, AUC: 0.74
Epoch [49/100] [TRAIN] Loss: 0.5358, Accuracy: 74.76%, AUC: 0.75 [VAL] Loss: 0.5587, Accuracy: 74.20%, Precision: 0.72, Recall: 0.75, F1: 0.73, AUC: 0.74
Epoch [50/100] [TRAIN] Loss: 0.5379, Accuracy: 74.95%, AUC: 0.75 [VAL] Loss: 0.5587, Accuracy: 74.30%, Precision: 0.72, Recall: 0.75, F1: 0.73, AUC: 0.74
Epoch [51/100] [TRAIN] Loss: 0.5358, Accuracy: 75.03%, AUC: 0.75 [VAL] Loss: 0.5581, Accuracy: 74.30%, Precision: 0.72, Recall: 0.75, F1: 0.73, AUC: 0.74
Epoch [52/100] [TRAIN] Loss: 0.5347, Accuracy: 75.12%, AUC: 0.75 [VAL] Loss: 0.5582, Accuracy: 74.30%, Precision: 0.72, Recall: 0.75, F1: 0.73, AUC: 0.74
Epoch [53/100] [TRAIN] Loss: 0.5358, Accuracy: 74.56%, AUC: 0.75 [VAL] Loss: 0.5582, Accuracy: 74.20%, Precision: 0.72, Recall: 0.75, F1: 0.73, AUC: 0.74
Epoch [54/100] [TRAIN] Loss: 0.5410, Accuracy: 74.45%, AUC: 0.74 [VAL] Loss: 0.5582, Accuracy: 74.20%, Precision: 0.72, Recall: 0.75, F1: 0.73, AUC: 0.74
Epoch [55/100] [TRAIN] Loss: 0.5379, Accuracy: 74.65%, AUC: 0.75 [VAL] Loss: 0.5581, Accuracy: 74.20%, Precision: 0.72, Recall: 0.75, F1: 0.73, AUC: 0.74
Epoch [56/100] [TRAIN] Loss: 0.5358, Accuracy: 74.78%, AUC: 0.75 [VAL] Loss: 0.5580, Accuracy: 74.20%, Precision: 0.72, Recall: 0.75, F1: 0.73, AUC: 0.74
Epoch [57/100] [TRAIN] Loss: 0.5369, Accuracy: 74.53%, AUC: 0.75 [VAL] Loss: 0.5581, Accuracy: 74.20%, Precision: 0.72, Recall: 0.75, F1: 0.73, AUC: 0.74
Epoch [58/100] [TRAIN] Loss: 0.5364, Accuracy: 74.40%, AUC: 0.74 [VAL] Loss: 0.5581, Accuracy: 74.30%, Precision: 0.72, Recall: 0.75, F1: 0.73, AUC: 0.74
Epoch [59/100] [TRAIN] Loss: 0.5380, Accuracy: 74.96%, AUC: 0.75 [VAL] Loss: 0.5580, Accuracy: 74.30%, Precision: 0.72, Recall: 0.75, F1: 0.73, AUC: 0.74
Epoch [60/100] [TRAIN] Loss: 0.5358, Accuracy: 75.14%, AUC: 0.75 [VAL] Loss: 0.5580, Accuracy: 74.30%, Precision: 0.72, Recall: 0.75, F1: 0.73, AUC: 0.74
Epoch [61/100] [TRAIN] Loss: 0.5321, Accuracy: 75.19%, AUC: 0.75 [VAL] Loss: 0.5580, Accuracy: 74.30%, Precision: 0.72, Recall: 0.75, F1: 0.73, AUC: 0.74
Epoch [62/100] [TRAIN] Loss: 0.5339, Accuracy: 75.15%, AUC: 0.75 [VAL] Loss: 0.5579, Accuracy: 74.30%, Precision: 0.72, Recall: 0.75, F1: 0.73, AUC: 0.74
Epoch [63/100] [TRAIN] Loss: 0.5378, Accuracy: 74.61%, AUC: 0.75 [VAL] Loss: 0.5579, Accuracy: 74.30%, Precision: 0.72, Recall: 0.75, F1: 0.73, AUC: 0.74
Epoch [64/100] [TRAIN] Loss: 0.5375, Accuracy: 74.67%, AUC: 0.75 [VAL] Loss: 0.5578, Accuracy: 74.40%, Precision: 0.72, Recall: 0.75, F1: 0.73, AUC: 0.74
Epoch [65/100] [TRAIN] Loss: 0.5344, Accuracy: 75.21%, AUC: 0.75 [VAL] Loss: 0.5578, Accuracy: 74.50%, Precision: 0.72, Recall: 0.75, F1: 0.74, AUC: 0.75
Epoch [66/100] [TRAIN] Loss: 0.5364, Accuracy: 75.11%, AUC: 0.75 [VAL] Loss: 0.5577, Accuracy: 74.40%, Precision: 0.72, Recall: 0.75, F1: 0.73, AUC: 0.74
Epoch [67/100] [TRAIN] Loss: 0.5319, Accuracy: 74.90%, AUC: 0.75 [VAL] Loss: 0.5577, Accuracy: 74.40%, Precision: 0.72, Recall: 0.75, F1: 0.73, AUC: 0.74
Epoch [68/100] [TRAIN] Loss: 0.5364, Accuracy: 74.65%, AUC: 0.75 [VAL] Loss: 0.5577, Accuracy: 74.30%, Precision: 0.72, Recall: 0.75, F1: 0.73, AUC: 0.74
Epoch [69/100] [TRAIN] Loss: 0.5343, Accuracy: 74.97%, AUC: 0.75 [VAL] Loss: 0.5577, Accuracy: 74.20%, Precision: 0.72, Recall: 0.75, F1: 0.73, AUC: 0.74
Epoch [70/100] [TRAIN] Loss: 0.5366, Accuracy: 74.74%, AUC: 0.75 [VAL] Loss: 0.5576, Accuracy: 74.30%, Precision: 0.72, Recall: 0.75, F1: 0.73, AUC: 0.74
Epoch [71/100] [TRAIN] Loss: 0.5363, Accuracy: 74.60%, AUC: 0.75 [VAL] Loss: 0.5576, Accuracy: 74.30%, Precision: 0.72, Recall: 0.75, F1: 0.73, AUC: 0.74
Epoch [72/100] [TRAIN] Loss: 0.5376, Accuracy: 74.65%, AUC: 0.75 [VAL] Loss: 0.5575, Accuracy: 74.40%, Precision: 0.72, Recall: 0.75, F1: 0.73, AUC: 0.74
Epoch [73/100] [TRAIN] Loss: 0.5362, Accuracy: 74.91%, AUC: 0.75 [VAL] Loss: 0.5576, Accuracy: 74.40%, Precision: 0.72, Recall: 0.75, F1: 0.73, AUC: 0.74
Epoch [74/100] [TRAIN] Loss: 0.5349, Accuracy: 74.88%, AUC: 0.75 [VAL] Loss: 0.5576, Accuracy: 74.40%, Precision: 0.72, Recall: 0.75, F1: 0.73, AUC: 0.74
Epoch [75/100] [TRAIN] Loss: 0.5344, Accuracy: 74.85%, AUC: 0.75 [VAL] Loss: 0.5575, Accuracy: 74.40%, Precision: 0.72, Recall: 0.75, F1: 0.73, AUC: 0.74
Epoch [76/100] [TRAIN] Loss: 0.5372, Accuracy: 74.76%, AUC: 0.75 [VAL] Loss: 0.5575, Accuracy: 74.40%, Precision: 0.72, Recall: 0.75, F1: 0.73, AUC: 0.74
Epoch [77/100] [TRAIN] Loss: 0.5370, Accuracy: 74.70%, AUC: 0.75 [VAL] Loss: 0.5575, Accuracy: 74.50%, Precision: 0.72, Recall: 0.75, F1: 0.74, AUC: 0.75
Epoch [78/100] [TRAIN] Loss: 0.5311, Accuracy: 75.11%, AUC: 0.75 [VAL] Loss: 0.5576, Accuracy: 74.40%, Precision: 0.72, Recall: 0.75, F1: 0.73, AUC: 0.74
Epoch [79/100] [TRAIN] Loss: 0.5345, Accuracy: 74.39%, AUC: 0.74 [VAL] Loss: 0.5576, Accuracy: 74.40%, Precision: 0.72, Recall: 0.75, F1: 0.73, AUC: 0.74
Epoch [80/100] [TRAIN] Loss: 0.5382, Accuracy: 74.60%, AUC: 0.75 [VAL] Loss: 0.5576, Accuracy: 74.40%, Precision: 0.72, Recall: 0.75, F1: 0.73, AUC: 0.74
Epoch [81/100] [TRAIN] Loss: 0.5357, Accuracy: 74.90%, AUC: 0.75 [VAL] Loss: 0.5576, Accuracy: 74.40%, Precision: 0.72, Recall: 0.75, F1: 0.73, AUC: 0.74
Epoch [82/100] [TRAIN] Loss: 0.5358, Accuracy: 74.67%, AUC: 0.75 [VAL] Loss: 0.5576, Accuracy: 74.40%, Precision: 0.72, Recall: 0.75, F1: 0.73, AUC: 0.74
Epoch [83/100] [TRAIN] Loss: 0.5371, Accuracy: 74.67%, AUC: 0.75 [VAL] Loss: 0.5576, Accuracy: 74.40%, Precision: 0.72, Recall: 0.75, F1: 0.73, AUC: 0.74
Epoch [84/100] [TRAIN] Loss: 0.5343, Accuracy: 74.88%, AUC: 0.75 [VAL] Loss: 0.5576, Accuracy: 74.40%, Precision: 0.72, Recall: 0.75, F1: 0.73, AUC: 0.74
Epoch [85/100] [TRAIN] Loss: 0.5384, Accuracy: 74.34%, AUC: 0.74 [VAL] Loss: 0.5576, Accuracy: 74.40%, Precision: 0.72, Recall: 0.75, F1: 0.73, AUC: 0.74
  Early stopping at epoch 85 (no val_loss improvement for 10 epochs)
Seed: 789
Accuracy:  75.00 %
AUC:       0.7499
Precision: 0.7419
Recall:    0.7714
F1-Score:  0.7563

Detailed Classification Report:
              precision    recall  f1-score   support

           0       0.76      0.73      0.74       497
           1       0.74      0.77      0.76       503

    accuracy                           0.75      1000
   macro avg       0.75      0.75      0.75      1000
weighted avg       0.75      0.75      0.75      1000


Confusion Matrix:
[[362 135]
 [115 388]]


029-H3K9ac-H3K9me3-H3K27ac-H3K27me3
Train label distribution:
  Label 0:   4077 (51.0%)
  Label 1:   3923 (49.0%)
Val label distribution:
  Label 0:    529 (52.9%)
  Label 1:    471 (47.1%)
Test label distribution:
  Label 0:    497 (49.7%)
  Label 1:    503 (50.3%)
Epoch [1/100] [TRAIN] Loss: 0.7000, Accuracy: 58.71%, AUC: 0.59 [VAL] Loss: 0.6448, Accuracy: 71.70%, Precision: 0.68, Recall: 0.76, F1: 0.72, AUC: 0.72
Epoch [2/100] [TRAIN] Loss: 0.6216, Accuracy: 71.42%, AUC: 0.71 [VAL] Loss: 0.6062, Accuracy: 72.70%, Precision: 0.69, Recall: 0.77, F1: 0.73, AUC: 0.73
Epoch [3/100] [TRAIN] Loss: 0.5943, Accuracy: 73.34%, AUC: 0.73 [VAL] Loss: 0.5987, Accuracy: 72.40%, Precision: 0.69, Recall: 0.77, F1: 0.72, AUC: 0.73
Epoch [4/100] [TRAIN] Loss: 0.5901, Accuracy: 73.36%, AUC: 0.73 [VAL] Loss: 0.5961, Accuracy: 72.00%, Precision: 0.68, Recall: 0.76, F1: 0.72, AUC: 0.72
Epoch [5/100] [TRAIN] Loss: 0.5868, Accuracy: 73.49%, AUC: 0.74 [VAL] Loss: 0.5939, Accuracy: 71.90%, Precision: 0.68, Recall: 0.76, F1: 0.72, AUC: 0.72
Epoch [6/100] [TRAIN] Loss: 0.5851, Accuracy: 73.58%, AUC: 0.74 [VAL] Loss: 0.5911, Accuracy: 71.70%, Precision: 0.68, Recall: 0.76, F1: 0.72, AUC: 0.72
Epoch [7/100] [TRAIN] Loss: 0.5845, Accuracy: 73.53%, AUC: 0.74 [VAL] Loss: 0.5892, Accuracy: 71.60%, Precision: 0.68, Recall: 0.75, F1: 0.71, AUC: 0.72
Epoch [8/100] [TRAIN] Loss: 0.5726, Accuracy: 74.30%, AUC: 0.74 [VAL] Loss: 0.5877, Accuracy: 71.20%, Precision: 0.68, Recall: 0.75, F1: 0.71, AUC: 0.71
Epoch [9/100] [TRAIN] Loss: 0.5696, Accuracy: 73.92%, AUC: 0.74 [VAL] Loss: 0.5861, Accuracy: 71.20%, Precision: 0.68, Recall: 0.75, F1: 0.71, AUC: 0.71
Epoch [10/100] [TRAIN] Loss: 0.5694, Accuracy: 73.80%, AUC: 0.74 [VAL] Loss: 0.5846, Accuracy: 71.20%, Precision: 0.68, Recall: 0.75, F1: 0.71, AUC: 0.71
Epoch [11/100] [TRAIN] Loss: 0.5674, Accuracy: 74.22%, AUC: 0.74 [VAL] Loss: 0.5832, Accuracy: 71.30%, Precision: 0.68, Recall: 0.75, F1: 0.71, AUC: 0.71
Epoch [12/100] [TRAIN] Loss: 0.5663, Accuracy: 74.00%, AUC: 0.74 [VAL] Loss: 0.5820, Accuracy: 71.10%, Precision: 0.67, Recall: 0.75, F1: 0.71, AUC: 0.71
Epoch [13/100] [TRAIN] Loss: 0.5610, Accuracy: 73.92%, AUC: 0.74 [VAL] Loss: 0.5810, Accuracy: 71.30%, Precision: 0.68, Recall: 0.75, F1: 0.71, AUC: 0.71
Epoch [14/100] [TRAIN] Loss: 0.5642, Accuracy: 73.96%, AUC: 0.74 [VAL] Loss: 0.5790, Accuracy: 70.90%, Precision: 0.67, Recall: 0.74, F1: 0.71, AUC: 0.71
Epoch [15/100] [TRAIN] Loss: 0.5611, Accuracy: 74.05%, AUC: 0.74 [VAL] Loss: 0.5780, Accuracy: 71.20%, Precision: 0.68, Recall: 0.74, F1: 0.71, AUC: 0.71
Epoch [16/100] [TRAIN] Loss: 0.5591, Accuracy: 74.22%, AUC: 0.74 [VAL] Loss: 0.5769, Accuracy: 71.60%, Precision: 0.68, Recall: 0.75, F1: 0.71, AUC: 0.72
Epoch [17/100] [TRAIN] Loss: 0.5612, Accuracy: 74.00%, AUC: 0.74 [VAL] Loss: 0.5762, Accuracy: 71.80%, Precision: 0.68, Recall: 0.75, F1: 0.71, AUC: 0.72
Epoch [18/100] [TRAIN] Loss: 0.5588, Accuracy: 74.28%, AUC: 0.74 [VAL] Loss: 0.5752, Accuracy: 72.10%, Precision: 0.69, Recall: 0.75, F1: 0.72, AUC: 0.72
Epoch [19/100] [TRAIN] Loss: 0.5568, Accuracy: 74.17%, AUC: 0.74 [VAL] Loss: 0.5742, Accuracy: 72.30%, Precision: 0.69, Recall: 0.75, F1: 0.72, AUC: 0.72
Epoch [20/100] [TRAIN] Loss: 0.5519, Accuracy: 74.21%, AUC: 0.74 [VAL] Loss: 0.5738, Accuracy: 72.40%, Precision: 0.69, Recall: 0.76, F1: 0.72, AUC: 0.73
Epoch [21/100] [TRAIN] Loss: 0.5567, Accuracy: 74.25%, AUC: 0.74 [VAL] Loss: 0.5725, Accuracy: 72.50%, Precision: 0.69, Recall: 0.76, F1: 0.72, AUC: 0.73
Epoch [22/100] [TRAIN] Loss: 0.5526, Accuracy: 74.20%, AUC: 0.74 [VAL] Loss: 0.5720, Accuracy: 72.60%, Precision: 0.69, Recall: 0.76, F1: 0.72, AUC: 0.73
Epoch [23/100] [TRAIN] Loss: 0.5535, Accuracy: 74.51%, AUC: 0.75 [VAL] Loss: 0.5712, Accuracy: 72.70%, Precision: 0.69, Recall: 0.76, F1: 0.72, AUC: 0.73
Epoch [24/100] [TRAIN] Loss: 0.5561, Accuracy: 73.89%, AUC: 0.74 [VAL] Loss: 0.5706, Accuracy: 72.60%, Precision: 0.69, Recall: 0.75, F1: 0.72, AUC: 0.73
Epoch [25/100] [TRAIN] Loss: 0.5518, Accuracy: 73.47%, AUC: 0.74 [VAL] Loss: 0.5708, Accuracy: 72.70%, Precision: 0.69, Recall: 0.75, F1: 0.72, AUC: 0.73
Epoch [26/100] [TRAIN] Loss: 0.5474, Accuracy: 74.47%, AUC: 0.74 [VAL] Loss: 0.5703, Accuracy: 72.50%, Precision: 0.69, Recall: 0.75, F1: 0.72, AUC: 0.73
Epoch [27/100] [TRAIN] Loss: 0.5488, Accuracy: 74.34%, AUC: 0.74 [VAL] Loss: 0.5696, Accuracy: 72.40%, Precision: 0.69, Recall: 0.75, F1: 0.72, AUC: 0.73
Epoch [28/100] [TRAIN] Loss: 0.5474, Accuracy: 74.41%, AUC: 0.74 [VAL] Loss: 0.5699, Accuracy: 72.60%, Precision: 0.69, Recall: 0.75, F1: 0.72, AUC: 0.73
Epoch [29/100] [TRAIN] Loss: 0.5490, Accuracy: 73.81%, AUC: 0.74 [VAL] Loss: 0.5690, Accuracy: 72.40%, Precision: 0.69, Recall: 0.75, F1: 0.72, AUC: 0.73
Epoch [30/100] [TRAIN] Loss: 0.5519, Accuracy: 74.51%, AUC: 0.75 [VAL] Loss: 0.5684, Accuracy: 72.30%, Precision: 0.69, Recall: 0.75, F1: 0.72, AUC: 0.72
Epoch [31/100] [TRAIN] Loss: 0.5456, Accuracy: 74.60%, AUC: 0.75 [VAL] Loss: 0.5683, Accuracy: 72.50%, Precision: 0.69, Recall: 0.75, F1: 0.72, AUC: 0.73
Epoch [32/100] [TRAIN] Loss: 0.5467, Accuracy: 74.35%, AUC: 0.74 [VAL] Loss: 0.5681, Accuracy: 72.50%, Precision: 0.69, Recall: 0.75, F1: 0.72, AUC: 0.73
Epoch [33/100] [TRAIN] Loss: 0.5466, Accuracy: 74.30%, AUC: 0.74 [VAL] Loss: 0.5679, Accuracy: 72.50%, Precision: 0.69, Recall: 0.75, F1: 0.72, AUC: 0.73
Epoch [34/100] [TRAIN] Loss: 0.5489, Accuracy: 74.46%, AUC: 0.74 [VAL] Loss: 0.5673, Accuracy: 72.50%, Precision: 0.69, Recall: 0.75, F1: 0.72, AUC: 0.73
Epoch [35/100] [TRAIN] Loss: 0.5476, Accuracy: 74.30%, AUC: 0.74 [VAL] Loss: 0.5676, Accuracy: 72.50%, Precision: 0.69, Recall: 0.75, F1: 0.72, AUC: 0.73
Epoch [36/100] [TRAIN] Loss: 0.5461, Accuracy: 74.15%, AUC: 0.74 [VAL] Loss: 0.5670, Accuracy: 72.70%, Precision: 0.69, Recall: 0.75, F1: 0.72, AUC: 0.73
Epoch [37/100] [TRAIN] Loss: 0.5435, Accuracy: 74.58%, AUC: 0.75 [VAL] Loss: 0.5663, Accuracy: 72.60%, Precision: 0.69, Recall: 0.75, F1: 0.72, AUC: 0.73
Epoch [38/100] [TRAIN] Loss: 0.5431, Accuracy: 74.41%, AUC: 0.74 [VAL] Loss: 0.5663, Accuracy: 72.70%, Precision: 0.69, Recall: 0.75, F1: 0.72, AUC: 0.73
Epoch [39/100] [TRAIN] Loss: 0.5433, Accuracy: 74.01%, AUC: 0.74 [VAL] Loss: 0.5669, Accuracy: 72.80%, Precision: 0.70, Recall: 0.75, F1: 0.72, AUC: 0.73
Epoch [40/100] [TRAIN] Loss: 0.5447, Accuracy: 74.24%, AUC: 0.74 [VAL] Loss: 0.5664, Accuracy: 72.80%, Precision: 0.70, Recall: 0.75, F1: 0.72, AUC: 0.73
Epoch [41/100] [TRAIN] Loss: 0.5460, Accuracy: 74.04%, AUC: 0.74 [VAL] Loss: 0.5663, Accuracy: 72.60%, Precision: 0.69, Recall: 0.75, F1: 0.72, AUC: 0.73
Epoch [42/100] [TRAIN] Loss: 0.5413, Accuracy: 74.28%, AUC: 0.74 [VAL] Loss: 0.5666, Accuracy: 72.80%, Precision: 0.70, Recall: 0.75, F1: 0.72, AUC: 0.73
Epoch [43/100] [TRAIN] Loss: 0.5413, Accuracy: 74.71%, AUC: 0.75 [VAL] Loss: 0.5660, Accuracy: 72.40%, Precision: 0.69, Recall: 0.75, F1: 0.72, AUC: 0.73
Epoch [44/100] [TRAIN] Loss: 0.5390, Accuracy: 74.36%, AUC: 0.74 [VAL] Loss: 0.5658, Accuracy: 72.50%, Precision: 0.69, Recall: 0.75, F1: 0.72, AUC: 0.73
Epoch [45/100] [TRAIN] Loss: 0.5417, Accuracy: 74.41%, AUC: 0.74 [VAL] Loss: 0.5657, Accuracy: 72.50%, Precision: 0.69, Recall: 0.75, F1: 0.72, AUC: 0.73
Epoch [46/100] [TRAIN] Loss: 0.5435, Accuracy: 74.64%, AUC: 0.75 [VAL] Loss: 0.5653, Accuracy: 72.90%, Precision: 0.70, Recall: 0.75, F1: 0.72, AUC: 0.73
Epoch [47/100] [TRAIN] Loss: 0.5402, Accuracy: 74.92%, AUC: 0.75 [VAL] Loss: 0.5648, Accuracy: 72.80%, Precision: 0.70, Recall: 0.75, F1: 0.72, AUC: 0.73
Epoch [48/100] [TRAIN] Loss: 0.5429, Accuracy: 74.10%, AUC: 0.74 [VAL] Loss: 0.5644, Accuracy: 72.70%, Precision: 0.70, Recall: 0.75, F1: 0.72, AUC: 0.73
Epoch [49/100] [TRAIN] Loss: 0.5403, Accuracy: 74.44%, AUC: 0.74 [VAL] Loss: 0.5643, Accuracy: 72.90%, Precision: 0.70, Recall: 0.75, F1: 0.72, AUC: 0.73
Epoch [50/100] [TRAIN] Loss: 0.5421, Accuracy: 74.51%, AUC: 0.75 [VAL] Loss: 0.5641, Accuracy: 73.00%, Precision: 0.70, Recall: 0.75, F1: 0.72, AUC: 0.73
Epoch [51/100] [TRAIN] Loss: 0.5392, Accuracy: 74.84%, AUC: 0.75 [VAL] Loss: 0.5639, Accuracy: 72.90%, Precision: 0.70, Recall: 0.75, F1: 0.72, AUC: 0.73
Epoch [52/100] [TRAIN] Loss: 0.5376, Accuracy: 74.62%, AUC: 0.75 [VAL] Loss: 0.5639, Accuracy: 72.80%, Precision: 0.70, Recall: 0.75, F1: 0.72, AUC: 0.73
Epoch [53/100] [TRAIN] Loss: 0.5388, Accuracy: 74.28%, AUC: 0.74 [VAL] Loss: 0.5638, Accuracy: 72.80%, Precision: 0.70, Recall: 0.75, F1: 0.72, AUC: 0.73
Epoch [54/100] [TRAIN] Loss: 0.5388, Accuracy: 74.95%, AUC: 0.75 [VAL] Loss: 0.5637, Accuracy: 72.90%, Precision: 0.70, Recall: 0.75, F1: 0.72, AUC: 0.73
Epoch [55/100] [TRAIN] Loss: 0.5409, Accuracy: 74.44%, AUC: 0.74 [VAL] Loss: 0.5637, Accuracy: 73.10%, Precision: 0.70, Recall: 0.75, F1: 0.72, AUC: 0.73
Epoch [56/100] [TRAIN] Loss: 0.5398, Accuracy: 74.51%, AUC: 0.75 [VAL] Loss: 0.5636, Accuracy: 73.10%, Precision: 0.70, Recall: 0.75, F1: 0.72, AUC: 0.73
Epoch [57/100] [TRAIN] Loss: 0.5398, Accuracy: 74.47%, AUC: 0.75 [VAL] Loss: 0.5632, Accuracy: 73.30%, Precision: 0.70, Recall: 0.75, F1: 0.73, AUC: 0.73
Epoch [58/100] [TRAIN] Loss: 0.5365, Accuracy: 74.66%, AUC: 0.75 [VAL] Loss: 0.5635, Accuracy: 73.10%, Precision: 0.70, Recall: 0.75, F1: 0.72, AUC: 0.73
Epoch [59/100] [TRAIN] Loss: 0.5372, Accuracy: 74.67%, AUC: 0.75 [VAL] Loss: 0.5631, Accuracy: 73.20%, Precision: 0.70, Recall: 0.75, F1: 0.72, AUC: 0.73
Epoch [60/100] [TRAIN] Loss: 0.5374, Accuracy: 74.46%, AUC: 0.74 [VAL] Loss: 0.5631, Accuracy: 73.10%, Precision: 0.70, Recall: 0.75, F1: 0.72, AUC: 0.73
Epoch [61/100] [TRAIN] Loss: 0.5339, Accuracy: 75.20%, AUC: 0.75 [VAL] Loss: 0.5636, Accuracy: 73.20%, Precision: 0.70, Recall: 0.75, F1: 0.72, AUC: 0.73
Epoch [62/100] [TRAIN] Loss: 0.5360, Accuracy: 74.28%, AUC: 0.74 [VAL] Loss: 0.5632, Accuracy: 73.00%, Precision: 0.70, Recall: 0.75, F1: 0.72, AUC: 0.73
Epoch [63/100] [TRAIN] Loss: 0.5391, Accuracy: 74.29%, AUC: 0.74 [VAL] Loss: 0.5626, Accuracy: 73.20%, Precision: 0.70, Recall: 0.75, F1: 0.72, AUC: 0.73
Epoch [64/100] [TRAIN] Loss: 0.5375, Accuracy: 74.53%, AUC: 0.75 [VAL] Loss: 0.5625, Accuracy: 73.00%, Precision: 0.70, Recall: 0.75, F1: 0.72, AUC: 0.73
Epoch [65/100] [TRAIN] Loss: 0.5348, Accuracy: 74.97%, AUC: 0.75 [VAL] Loss: 0.5633, Accuracy: 72.90%, Precision: 0.70, Recall: 0.75, F1: 0.72, AUC: 0.73
Epoch [66/100] [TRAIN] Loss: 0.5399, Accuracy: 74.53%, AUC: 0.75 [VAL] Loss: 0.5625, Accuracy: 72.90%, Precision: 0.70, Recall: 0.74, F1: 0.72, AUC: 0.73
Epoch [67/100] [TRAIN] Loss: 0.5334, Accuracy: 74.42%, AUC: 0.74 [VAL] Loss: 0.5627, Accuracy: 73.30%, Precision: 0.70, Recall: 0.75, F1: 0.73, AUC: 0.73
Epoch [68/100] [TRAIN] Loss: 0.5346, Accuracy: 75.01%, AUC: 0.75 [VAL] Loss: 0.5620, Accuracy: 73.20%, Precision: 0.70, Recall: 0.75, F1: 0.72, AUC: 0.73
Epoch [69/100] [TRAIN] Loss: 0.5367, Accuracy: 74.69%, AUC: 0.75 [VAL] Loss: 0.5617, Accuracy: 72.90%, Precision: 0.70, Recall: 0.75, F1: 0.72, AUC: 0.73
Epoch [70/100] [TRAIN] Loss: 0.5303, Accuracy: 75.45%, AUC: 0.75 [VAL] Loss: 0.5621, Accuracy: 72.90%, Precision: 0.70, Recall: 0.75, F1: 0.72, AUC: 0.73
Epoch [71/100] [TRAIN] Loss: 0.5346, Accuracy: 74.50%, AUC: 0.75 [VAL] Loss: 0.5613, Accuracy: 72.90%, Precision: 0.70, Recall: 0.74, F1: 0.72, AUC: 0.73
Epoch [72/100] [TRAIN] Loss: 0.5357, Accuracy: 74.67%, AUC: 0.75 [VAL] Loss: 0.5611, Accuracy: 73.10%, Precision: 0.70, Recall: 0.75, F1: 0.72, AUC: 0.73
Epoch [73/100] [TRAIN] Loss: 0.5360, Accuracy: 74.47%, AUC: 0.74 [VAL] Loss: 0.5603, Accuracy: 73.30%, Precision: 0.70, Recall: 0.75, F1: 0.73, AUC: 0.73
Epoch [74/100] [TRAIN] Loss: 0.5332, Accuracy: 74.58%, AUC: 0.75 [VAL] Loss: 0.5614, Accuracy: 73.50%, Precision: 0.71, Recall: 0.75, F1: 0.73, AUC: 0.74
Epoch [75/100] [TRAIN] Loss: 0.5309, Accuracy: 74.53%, AUC: 0.75 [VAL] Loss: 0.5607, Accuracy: 73.50%, Precision: 0.70, Recall: 0.75, F1: 0.73, AUC: 0.74
Epoch [76/100] [TRAIN] Loss: 0.5351, Accuracy: 74.96%, AUC: 0.75 [VAL] Loss: 0.5607, Accuracy: 73.30%, Precision: 0.70, Recall: 0.75, F1: 0.73, AUC: 0.73
Epoch [77/100] [TRAIN] Loss: 0.5319, Accuracy: 75.00%, AUC: 0.75 [VAL] Loss: 0.5606, Accuracy: 73.30%, Precision: 0.70, Recall: 0.75, F1: 0.73, AUC: 0.73
Epoch [78/100] [TRAIN] Loss: 0.5284, Accuracy: 74.91%, AUC: 0.75 [VAL] Loss: 0.5602, Accuracy: 73.70%, Precision: 0.71, Recall: 0.75, F1: 0.73, AUC: 0.74
Epoch [79/100] [TRAIN] Loss: 0.5322, Accuracy: 74.74%, AUC: 0.75 [VAL] Loss: 0.5597, Accuracy: 73.50%, Precision: 0.71, Recall: 0.75, F1: 0.73, AUC: 0.74
Epoch [80/100] [TRAIN] Loss: 0.5302, Accuracy: 74.85%, AUC: 0.75 [VAL] Loss: 0.5597, Accuracy: 73.60%, Precision: 0.71, Recall: 0.75, F1: 0.73, AUC: 0.74
Epoch [81/100] [TRAIN] Loss: 0.5313, Accuracy: 75.01%, AUC: 0.75 [VAL] Loss: 0.5599, Accuracy: 73.50%, Precision: 0.71, Recall: 0.75, F1: 0.73, AUC: 0.74
Epoch [82/100] [TRAIN] Loss: 0.5338, Accuracy: 74.40%, AUC: 0.74 [VAL] Loss: 0.5593, Accuracy: 73.70%, Precision: 0.71, Recall: 0.75, F1: 0.73, AUC: 0.74
Epoch [83/100] [TRAIN] Loss: 0.5329, Accuracy: 74.65%, AUC: 0.75 [VAL] Loss: 0.5592, Accuracy: 73.70%, Precision: 0.71, Recall: 0.75, F1: 0.73, AUC: 0.74
Epoch [84/100] [TRAIN] Loss: 0.5297, Accuracy: 74.69%, AUC: 0.75 [VAL] Loss: 0.5596, Accuracy: 73.70%, Precision: 0.71, Recall: 0.75, F1: 0.73, AUC: 0.74
Epoch [85/100] [TRAIN] Loss: 0.5273, Accuracy: 74.85%, AUC: 0.75 [VAL] Loss: 0.5594, Accuracy: 73.60%, Precision: 0.71, Recall: 0.75, F1: 0.73, AUC: 0.74
Epoch [86/100] [TRAIN] Loss: 0.5319, Accuracy: 74.51%, AUC: 0.75 [VAL] Loss: 0.5591, Accuracy: 73.50%, Precision: 0.71, Recall: 0.75, F1: 0.73, AUC: 0.74
Epoch [87/100] [TRAIN] Loss: 0.5316, Accuracy: 74.55%, AUC: 0.75 [VAL] Loss: 0.5589, Accuracy: 73.70%, Precision: 0.71, Recall: 0.75, F1: 0.73, AUC: 0.74
Epoch [88/100] [TRAIN] Loss: 0.5281, Accuracy: 75.21%, AUC: 0.75 [VAL] Loss: 0.5589, Accuracy: 73.70%, Precision: 0.71, Recall: 0.75, F1: 0.73, AUC: 0.74
Epoch [89/100] [TRAIN] Loss: 0.5291, Accuracy: 74.49%, AUC: 0.75 [VAL] Loss: 0.5588, Accuracy: 73.80%, Precision: 0.71, Recall: 0.75, F1: 0.73, AUC: 0.74
Epoch [90/100] [TRAIN] Loss: 0.5290, Accuracy: 74.80%, AUC: 0.75 [VAL] Loss: 0.5586, Accuracy: 73.90%, Precision: 0.71, Recall: 0.75, F1: 0.73, AUC: 0.74
Epoch [91/100] [TRAIN] Loss: 0.5258, Accuracy: 75.15%, AUC: 0.75 [VAL] Loss: 0.5591, Accuracy: 73.40%, Precision: 0.71, Recall: 0.75, F1: 0.73, AUC: 0.73
Epoch [92/100] [TRAIN] Loss: 0.5294, Accuracy: 75.10%, AUC: 0.75 [VAL] Loss: 0.5588, Accuracy: 73.80%, Precision: 0.71, Recall: 0.75, F1: 0.73, AUC: 0.74
Epoch [93/100] [TRAIN] Loss: 0.5270, Accuracy: 75.01%, AUC: 0.75 [VAL] Loss: 0.5592, Accuracy: 73.80%, Precision: 0.71, Recall: 0.75, F1: 0.73, AUC: 0.74
Epoch [94/100] [TRAIN] Loss: 0.5289, Accuracy: 74.78%, AUC: 0.75 [VAL] Loss: 0.5589, Accuracy: 73.80%, Precision: 0.71, Recall: 0.75, F1: 0.73, AUC: 0.74
Epoch [95/100] [TRAIN] Loss: 0.5225, Accuracy: 75.39%, AUC: 0.75 [VAL] Loss: 0.5593, Accuracy: 73.90%, Precision: 0.71, Recall: 0.75, F1: 0.73, AUC: 0.74
Epoch [96/100] [TRAIN] Loss: 0.5251, Accuracy: 75.04%, AUC: 0.75 [VAL] Loss: 0.5596, Accuracy: 73.80%, Precision: 0.71, Recall: 0.75, F1: 0.73, AUC: 0.74
Epoch [97/100] [TRAIN] Loss: 0.5272, Accuracy: 74.81%, AUC: 0.75 [VAL] Loss: 0.5595, Accuracy: 73.80%, Precision: 0.71, Recall: 0.75, F1: 0.73, AUC: 0.74
Epoch [98/100] [TRAIN] Loss: 0.5289, Accuracy: 74.92%, AUC: 0.75 [VAL] Loss: 0.5594, Accuracy: 73.80%, Precision: 0.71, Recall: 0.75, F1: 0.73, AUC: 0.74
Epoch [99/100] [TRAIN] Loss: 0.5243, Accuracy: 75.39%, AUC: 0.75 [VAL] Loss: 0.5594, Accuracy: 73.80%, Precision: 0.71, Recall: 0.75, F1: 0.73, AUC: 0.74
Epoch [100/100] [TRAIN] Loss: 0.5264, Accuracy: 74.94%, AUC: 0.75 [VAL] Loss: 0.5593, Accuracy: 73.80%, Precision: 0.71, Recall: 0.75, F1: 0.73, AUC: 0.74
  Early stopping at epoch 100 (no val_loss improvement for 10 epochs)
Seed: 789
Accuracy:  75.10 %
AUC:       0.7509
Precision: 0.7414
Recall:    0.7753
F1-Score:  0.7580

Detailed Classification Report:
              precision    recall  f1-score   support

           0       0.76      0.73      0.74       497
           1       0.74      0.78      0.76       503

    accuracy                           0.75      1000
   macro avg       0.75      0.75      0.75      1000
weighted avg       0.75      0.75      0.75      1000


Confusion Matrix:
[[361 136]
 [113 390]]


030-H3K4me3-H3K9ac-H3K9me3-H3K27ac-H3K27me3
Train label distribution:
  Label 0:   4077 (51.0%)
  Label 1:   3923 (49.0%)
Val label distribution:
  Label 0:    529 (52.9%)
  Label 1:    471 (47.1%)
Test label distribution:
  Label 0:    497 (49.7%)
  Label 1:    503 (50.3%)
Epoch [1/100] [TRAIN] Loss: 0.6389, Accuracy: 67.49%, AUC: 0.67 [VAL] Loss: 0.5857, Accuracy: 73.40%, Precision: 0.70, Recall: 0.77, F1: 0.73, AUC: 0.74
Epoch [2/100] [TRAIN] Loss: 0.5819, Accuracy: 73.49%, AUC: 0.74 [VAL] Loss: 0.5777, Accuracy: 73.80%, Precision: 0.70, Recall: 0.77, F1: 0.73, AUC: 0.74
Epoch [3/100] [TRAIN] Loss: 0.5753, Accuracy: 73.75%, AUC: 0.74 [VAL] Loss: 0.5749, Accuracy: 74.10%, Precision: 0.71, Recall: 0.76, F1: 0.74, AUC: 0.74
Epoch [4/100] [TRAIN] Loss: 0.5667, Accuracy: 74.26%, AUC: 0.74 [VAL] Loss: 0.5741, Accuracy: 74.20%, Precision: 0.71, Recall: 0.76, F1: 0.74, AUC: 0.74
Epoch [5/100] [TRAIN] Loss: 0.5702, Accuracy: 73.72%, AUC: 0.74 [VAL] Loss: 0.5726, Accuracy: 74.30%, Precision: 0.71, Recall: 0.76, F1: 0.74, AUC: 0.74
Epoch [6/100] [TRAIN] Loss: 0.5653, Accuracy: 74.41%, AUC: 0.74 [VAL] Loss: 0.5713, Accuracy: 74.40%, Precision: 0.71, Recall: 0.76, F1: 0.74, AUC: 0.74
Epoch [7/100] [TRAIN] Loss: 0.5616, Accuracy: 74.14%, AUC: 0.74 [VAL] Loss: 0.5715, Accuracy: 73.90%, Precision: 0.71, Recall: 0.76, F1: 0.73, AUC: 0.74
Epoch [8/100] [TRAIN] Loss: 0.5603, Accuracy: 74.41%, AUC: 0.74 [VAL] Loss: 0.5702, Accuracy: 74.20%, Precision: 0.71, Recall: 0.76, F1: 0.74, AUC: 0.74
Epoch [9/100] [TRAIN] Loss: 0.5573, Accuracy: 74.49%, AUC: 0.75 [VAL] Loss: 0.5697, Accuracy: 74.30%, Precision: 0.71, Recall: 0.76, F1: 0.74, AUC: 0.74
Epoch [10/100] [TRAIN] Loss: 0.5543, Accuracy: 74.44%, AUC: 0.74 [VAL] Loss: 0.5693, Accuracy: 74.00%, Precision: 0.71, Recall: 0.76, F1: 0.73, AUC: 0.74
Epoch [11/100] [TRAIN] Loss: 0.5541, Accuracy: 74.41%, AUC: 0.74 [VAL] Loss: 0.5679, Accuracy: 74.30%, Precision: 0.71, Recall: 0.76, F1: 0.74, AUC: 0.74
Epoch [12/100] [TRAIN] Loss: 0.5557, Accuracy: 74.28%, AUC: 0.74 [VAL] Loss: 0.5681, Accuracy: 74.20%, Precision: 0.71, Recall: 0.76, F1: 0.73, AUC: 0.74
Epoch [13/100] [TRAIN] Loss: 0.5556, Accuracy: 73.95%, AUC: 0.74 [VAL] Loss: 0.5678, Accuracy: 74.20%, Precision: 0.71, Recall: 0.76, F1: 0.73, AUC: 0.74
Epoch [14/100] [TRAIN] Loss: 0.5482, Accuracy: 74.65%, AUC: 0.75 [VAL] Loss: 0.5671, Accuracy: 74.20%, Precision: 0.71, Recall: 0.76, F1: 0.73, AUC: 0.74
Epoch [15/100] [TRAIN] Loss: 0.5513, Accuracy: 74.51%, AUC: 0.75 [VAL] Loss: 0.5669, Accuracy: 74.20%, Precision: 0.71, Recall: 0.76, F1: 0.73, AUC: 0.74
Epoch [16/100] [TRAIN] Loss: 0.5494, Accuracy: 74.51%, AUC: 0.75 [VAL] Loss: 0.5668, Accuracy: 74.20%, Precision: 0.71, Recall: 0.76, F1: 0.73, AUC: 0.74
Epoch [17/100] [TRAIN] Loss: 0.5485, Accuracy: 74.34%, AUC: 0.74 [VAL] Loss: 0.5662, Accuracy: 74.00%, Precision: 0.71, Recall: 0.76, F1: 0.73, AUC: 0.74
Epoch [18/100] [TRAIN] Loss: 0.5480, Accuracy: 74.40%, AUC: 0.74 [VAL] Loss: 0.5653, Accuracy: 74.20%, Precision: 0.71, Recall: 0.75, F1: 0.73, AUC: 0.74
Epoch [19/100] [TRAIN] Loss: 0.5461, Accuracy: 74.49%, AUC: 0.75 [VAL] Loss: 0.5653, Accuracy: 74.00%, Precision: 0.71, Recall: 0.75, F1: 0.73, AUC: 0.74
Epoch [20/100] [TRAIN] Loss: 0.5451, Accuracy: 74.62%, AUC: 0.75 [VAL] Loss: 0.5645, Accuracy: 74.10%, Precision: 0.71, Recall: 0.75, F1: 0.73, AUC: 0.74
Epoch [21/100] [TRAIN] Loss: 0.5452, Accuracy: 74.21%, AUC: 0.74 [VAL] Loss: 0.5650, Accuracy: 74.00%, Precision: 0.71, Recall: 0.75, F1: 0.73, AUC: 0.74
Epoch [22/100] [TRAIN] Loss: 0.5410, Accuracy: 74.99%, AUC: 0.75 [VAL] Loss: 0.5652, Accuracy: 74.00%, Precision: 0.71, Recall: 0.75, F1: 0.73, AUC: 0.74
Epoch [23/100] [TRAIN] Loss: 0.5434, Accuracy: 74.75%, AUC: 0.75 [VAL] Loss: 0.5641, Accuracy: 74.30%, Precision: 0.71, Recall: 0.76, F1: 0.73, AUC: 0.74
Epoch [24/100] [TRAIN] Loss: 0.5479, Accuracy: 74.74%, AUC: 0.75 [VAL] Loss: 0.5637, Accuracy: 74.20%, Precision: 0.71, Recall: 0.75, F1: 0.73, AUC: 0.74
Epoch [25/100] [TRAIN] Loss: 0.5419, Accuracy: 74.97%, AUC: 0.75 [VAL] Loss: 0.5636, Accuracy: 74.10%, Precision: 0.71, Recall: 0.75, F1: 0.73, AUC: 0.74
Epoch [26/100] [TRAIN] Loss: 0.5474, Accuracy: 74.55%, AUC: 0.75 [VAL] Loss: 0.5628, Accuracy: 73.80%, Precision: 0.71, Recall: 0.75, F1: 0.73, AUC: 0.74
Epoch [27/100] [TRAIN] Loss: 0.5416, Accuracy: 74.99%, AUC: 0.75 [VAL] Loss: 0.5627, Accuracy: 74.00%, Precision: 0.71, Recall: 0.75, F1: 0.73, AUC: 0.74
Epoch [28/100] [TRAIN] Loss: 0.5415, Accuracy: 74.72%, AUC: 0.75 [VAL] Loss: 0.5632, Accuracy: 73.90%, Precision: 0.71, Recall: 0.75, F1: 0.73, AUC: 0.74
Epoch [29/100] [TRAIN] Loss: 0.5415, Accuracy: 74.85%, AUC: 0.75 [VAL] Loss: 0.5628, Accuracy: 73.80%, Precision: 0.71, Recall: 0.75, F1: 0.73, AUC: 0.74
Epoch [30/100] [TRAIN] Loss: 0.5406, Accuracy: 74.79%, AUC: 0.75 [VAL] Loss: 0.5631, Accuracy: 73.90%, Precision: 0.71, Recall: 0.75, F1: 0.73, AUC: 0.74
Epoch [31/100] [TRAIN] Loss: 0.5404, Accuracy: 74.89%, AUC: 0.75 [VAL] Loss: 0.5619, Accuracy: 74.10%, Precision: 0.71, Recall: 0.75, F1: 0.73, AUC: 0.74
Epoch [32/100] [TRAIN] Loss: 0.5429, Accuracy: 74.64%, AUC: 0.75 [VAL] Loss: 0.5616, Accuracy: 74.10%, Precision: 0.71, Recall: 0.75, F1: 0.73, AUC: 0.74
Epoch [33/100] [TRAIN] Loss: 0.5441, Accuracy: 74.86%, AUC: 0.75 [VAL] Loss: 0.5609, Accuracy: 73.90%, Precision: 0.71, Recall: 0.75, F1: 0.73, AUC: 0.74
Epoch [34/100] [TRAIN] Loss: 0.5384, Accuracy: 74.75%, AUC: 0.75 [VAL] Loss: 0.5612, Accuracy: 73.70%, Precision: 0.71, Recall: 0.75, F1: 0.73, AUC: 0.74
Epoch [35/100] [TRAIN] Loss: 0.5392, Accuracy: 74.70%, AUC: 0.75 [VAL] Loss: 0.5612, Accuracy: 73.70%, Precision: 0.71, Recall: 0.75, F1: 0.73, AUC: 0.74
Epoch [36/100] [TRAIN] Loss: 0.5361, Accuracy: 74.42%, AUC: 0.74 [VAL] Loss: 0.5611, Accuracy: 73.70%, Precision: 0.71, Recall: 0.75, F1: 0.73, AUC: 0.74
Epoch [37/100] [TRAIN] Loss: 0.5370, Accuracy: 75.11%, AUC: 0.75 [VAL] Loss: 0.5600, Accuracy: 73.70%, Precision: 0.71, Recall: 0.75, F1: 0.73, AUC: 0.74
Epoch [38/100] [TRAIN] Loss: 0.5351, Accuracy: 75.31%, AUC: 0.75 [VAL] Loss: 0.5603, Accuracy: 73.80%, Precision: 0.71, Recall: 0.75, F1: 0.73, AUC: 0.74
Epoch [39/100] [TRAIN] Loss: 0.5358, Accuracy: 75.39%, AUC: 0.75 [VAL] Loss: 0.5603, Accuracy: 73.60%, Precision: 0.71, Recall: 0.75, F1: 0.73, AUC: 0.74
Epoch [40/100] [TRAIN] Loss: 0.5371, Accuracy: 74.62%, AUC: 0.75 [VAL] Loss: 0.5594, Accuracy: 73.80%, Precision: 0.71, Recall: 0.75, F1: 0.73, AUC: 0.74
Epoch [41/100] [TRAIN] Loss: 0.5361, Accuracy: 74.58%, AUC: 0.75 [VAL] Loss: 0.5600, Accuracy: 73.20%, Precision: 0.71, Recall: 0.74, F1: 0.72, AUC: 0.73
Epoch [42/100] [TRAIN] Loss: 0.5355, Accuracy: 75.15%, AUC: 0.75 [VAL] Loss: 0.5602, Accuracy: 73.10%, Precision: 0.70, Recall: 0.74, F1: 0.72, AUC: 0.73
Epoch [43/100] [TRAIN] Loss: 0.5346, Accuracy: 75.06%, AUC: 0.75 [VAL] Loss: 0.5607, Accuracy: 73.20%, Precision: 0.70, Recall: 0.74, F1: 0.72, AUC: 0.73
Epoch [44/100] [TRAIN] Loss: 0.5373, Accuracy: 75.22%, AUC: 0.75 [VAL] Loss: 0.5597, Accuracy: 73.50%, Precision: 0.71, Recall: 0.75, F1: 0.73, AUC: 0.74
Epoch [45/100] [TRAIN] Loss: 0.5302, Accuracy: 75.33%, AUC: 0.75 [VAL] Loss: 0.5603, Accuracy: 73.30%, Precision: 0.70, Recall: 0.75, F1: 0.72, AUC: 0.73
Epoch [46/100] [TRAIN] Loss: 0.5375, Accuracy: 74.53%, AUC: 0.75 [VAL] Loss: 0.5599, Accuracy: 73.40%, Precision: 0.71, Recall: 0.75, F1: 0.73, AUC: 0.73
Epoch [47/100] [TRAIN] Loss: 0.5362, Accuracy: 74.75%, AUC: 0.75 [VAL] Loss: 0.5598, Accuracy: 73.40%, Precision: 0.71, Recall: 0.75, F1: 0.73, AUC: 0.73
Epoch [48/100] [TRAIN] Loss: 0.5322, Accuracy: 74.94%, AUC: 0.75 [VAL] Loss: 0.5598, Accuracy: 73.40%, Precision: 0.71, Recall: 0.75, F1: 0.73, AUC: 0.73
Epoch [49/100] [TRAIN] Loss: 0.5335, Accuracy: 75.40%, AUC: 0.75 [VAL] Loss: 0.5598, Accuracy: 73.40%, Precision: 0.71, Recall: 0.75, F1: 0.73, AUC: 0.73
Epoch [50/100] [TRAIN] Loss: 0.5365, Accuracy: 75.05%, AUC: 0.75 [VAL] Loss: 0.5597, Accuracy: 73.40%, Precision: 0.71, Recall: 0.75, F1: 0.73, AUC: 0.73
  Early stopping at epoch 50 (no val_loss improvement for 10 epochs)
Seed: 789
Accuracy:  75.00 %
AUC:       0.7499
Precision: 0.7419
Recall:    0.7714
F1-Score:  0.7563

Detailed Classification Report:
              precision    recall  f1-score   support

           0       0.76      0.73      0.74       497
           1       0.74      0.77      0.76       503

    accuracy                           0.75      1000
   macro avg       0.75      0.75      0.75      1000
weighted avg       0.75      0.75      0.75      1000


Confusion Matrix:
[[362 135]
 [115 388]]


Real-time duration: 4404.283261338 seconds
