Seed: 456  |  Range: 0-31
Dataset : /group/pmc021/amunif/epi-thesis/workflow/16_Pairwise Ranking Healthy Liver/dataset/donor_3
Output  : /group/pmc021/amunif/epi-thesis/workflow/16_Pairwise Ranking Healthy Liver/output/combined/donor_3
Using device: cpu
Train :  15716  (80.0%)
Val   :   1964  (10.0%)
Test  :   1965  (10.0%)
No overlap between partitions

======================================================================
000-H3K4me3
======================================================================
Train label distribution:
  Label 0:   4036 (50.4%)
  Label 1:   3964 (49.5%)
Val label distribution:
  Label 0:    528 (52.8%)
  Label 1:    472 (47.2%)
Test label distribution:
  Label 0:    514 (51.4%)
  Label 1:    486 (48.6%)
Saved label distribution: /group/pmc021/amunif/epi-thesis/workflow/16_Pairwise Ranking Healthy Liver/output/combined/donor_3/test/000-H3K4me3-seed456-label-distribution.csv

--- Training DirectRanker ---
Epoch [1/100] [TRAIN] Loss: 0.6768, Accuracy: 64.64%, AUC: 0.70 [VAL] Loss: 0.5949, Accuracy: 73.40%, Precision: 0.69, Recall: 0.79, F1: 0.74, AUC: 0.81
Epoch [2/100] [TRAIN] Loss: 0.6250, Accuracy: 70.39%, AUC: 0.77 [VAL] Loss: 0.5752, Accuracy: 73.80%, Precision: 0.69, Recall: 0.79, F1: 0.74, AUC: 0.82
Epoch [3/100] [TRAIN] Loss: 0.6173, Accuracy: 71.04%, AUC: 0.78 [VAL] Loss: 0.5709, Accuracy: 74.00%, Precision: 0.70, Recall: 0.79, F1: 0.74, AUC: 0.82
Epoch [4/100] [TRAIN] Loss: 0.6072, Accuracy: 71.70%, AUC: 0.79 [VAL] Loss: 0.5682, Accuracy: 74.10%, Precision: 0.70, Recall: 0.79, F1: 0.74, AUC: 0.82
Epoch [5/100] [TRAIN] Loss: 0.6030, Accuracy: 71.70%, AUC: 0.79 [VAL] Loss: 0.5665, Accuracy: 74.10%, Precision: 0.70, Recall: 0.79, F1: 0.74, AUC: 0.82
Epoch [6/100] [TRAIN] Loss: 0.6008, Accuracy: 71.88%, AUC: 0.79 [VAL] Loss: 0.5651, Accuracy: 74.20%, Precision: 0.70, Recall: 0.79, F1: 0.74, AUC: 0.82
Epoch [7/100] [TRAIN] Loss: 0.5999, Accuracy: 71.80%, AUC: 0.79 [VAL] Loss: 0.5643, Accuracy: 74.10%, Precision: 0.70, Recall: 0.79, F1: 0.74, AUC: 0.82
Epoch [8/100] [TRAIN] Loss: 0.5963, Accuracy: 71.92%, AUC: 0.79 [VAL] Loss: 0.5637, Accuracy: 74.10%, Precision: 0.70, Recall: 0.79, F1: 0.74, AUC: 0.82
Epoch [9/100] [TRAIN] Loss: 0.5939, Accuracy: 72.03%, AUC: 0.79 [VAL] Loss: 0.5631, Accuracy: 74.00%, Precision: 0.70, Recall: 0.79, F1: 0.74, AUC: 0.82
Epoch [10/100] [TRAIN] Loss: 0.5942, Accuracy: 72.08%, AUC: 0.79 [VAL] Loss: 0.5623, Accuracy: 74.00%, Precision: 0.70, Recall: 0.78, F1: 0.74, AUC: 0.82
Epoch [11/100] [TRAIN] Loss: 0.5919, Accuracy: 72.46%, AUC: 0.80 [VAL] Loss: 0.5618, Accuracy: 74.00%, Precision: 0.70, Recall: 0.78, F1: 0.74, AUC: 0.82
Epoch [12/100] [TRAIN] Loss: 0.5912, Accuracy: 72.33%, AUC: 0.80 [VAL] Loss: 0.5616, Accuracy: 74.00%, Precision: 0.70, Recall: 0.78, F1: 0.74, AUC: 0.82
Epoch [13/100] [TRAIN] Loss: 0.5843, Accuracy: 72.83%, AUC: 0.80 [VAL] Loss: 0.5604, Accuracy: 74.00%, Precision: 0.70, Recall: 0.79, F1: 0.74, AUC: 0.82
Epoch [14/100] [TRAIN] Loss: 0.5947, Accuracy: 72.39%, AUC: 0.79 [VAL] Loss: 0.5603, Accuracy: 74.20%, Precision: 0.70, Recall: 0.79, F1: 0.74, AUC: 0.83
Epoch [15/100] [TRAIN] Loss: 0.5903, Accuracy: 72.50%, AUC: 0.80 [VAL] Loss: 0.5600, Accuracy: 74.00%, Precision: 0.70, Recall: 0.79, F1: 0.74, AUC: 0.82
Epoch [16/100] [TRAIN] Loss: 0.5897, Accuracy: 72.58%, AUC: 0.80 [VAL] Loss: 0.5595, Accuracy: 74.00%, Precision: 0.70, Recall: 0.79, F1: 0.74, AUC: 0.83
Epoch [17/100] [TRAIN] Loss: 0.5856, Accuracy: 72.55%, AUC: 0.80 [VAL] Loss: 0.5592, Accuracy: 73.90%, Precision: 0.70, Recall: 0.79, F1: 0.74, AUC: 0.83
Epoch [18/100] [TRAIN] Loss: 0.5860, Accuracy: 72.74%, AUC: 0.80 [VAL] Loss: 0.5587, Accuracy: 73.90%, Precision: 0.70, Recall: 0.79, F1: 0.74, AUC: 0.83
Epoch [19/100] [TRAIN] Loss: 0.5859, Accuracy: 72.45%, AUC: 0.80 [VAL] Loss: 0.5581, Accuracy: 74.00%, Precision: 0.70, Recall: 0.79, F1: 0.74, AUC: 0.83
Epoch [20/100] [TRAIN] Loss: 0.5903, Accuracy: 72.00%, AUC: 0.80 [VAL] Loss: 0.5584, Accuracy: 74.00%, Precision: 0.70, Recall: 0.79, F1: 0.74, AUC: 0.83
Epoch [21/100] [TRAIN] Loss: 0.5862, Accuracy: 73.01%, AUC: 0.80 [VAL] Loss: 0.5578, Accuracy: 74.10%, Precision: 0.70, Recall: 0.79, F1: 0.74, AUC: 0.83
Epoch [22/100] [TRAIN] Loss: 0.5821, Accuracy: 72.46%, AUC: 0.80 [VAL] Loss: 0.5570, Accuracy: 74.10%, Precision: 0.70, Recall: 0.79, F1: 0.74, AUC: 0.83
Epoch [23/100] [TRAIN] Loss: 0.5847, Accuracy: 72.76%, AUC: 0.80 [VAL] Loss: 0.5566, Accuracy: 74.20%, Precision: 0.70, Recall: 0.79, F1: 0.74, AUC: 0.83
Epoch [24/100] [TRAIN] Loss: 0.5844, Accuracy: 72.84%, AUC: 0.80 [VAL] Loss: 0.5563, Accuracy: 74.30%, Precision: 0.70, Recall: 0.79, F1: 0.74, AUC: 0.83
Epoch [25/100] [TRAIN] Loss: 0.5838, Accuracy: 72.58%, AUC: 0.80 [VAL] Loss: 0.5561, Accuracy: 74.40%, Precision: 0.70, Recall: 0.79, F1: 0.75, AUC: 0.83
Epoch [26/100] [TRAIN] Loss: 0.5798, Accuracy: 73.05%, AUC: 0.80 [VAL] Loss: 0.5554, Accuracy: 74.40%, Precision: 0.70, Recall: 0.79, F1: 0.75, AUC: 0.83
Epoch [27/100] [TRAIN] Loss: 0.5804, Accuracy: 72.80%, AUC: 0.80 [VAL] Loss: 0.5552, Accuracy: 74.40%, Precision: 0.70, Recall: 0.79, F1: 0.75, AUC: 0.83
Epoch [28/100] [TRAIN] Loss: 0.5823, Accuracy: 72.39%, AUC: 0.80 [VAL] Loss: 0.5554, Accuracy: 74.30%, Precision: 0.70, Recall: 0.79, F1: 0.74, AUC: 0.83
Epoch [29/100] [TRAIN] Loss: 0.5814, Accuracy: 72.39%, AUC: 0.80 [VAL] Loss: 0.5552, Accuracy: 74.10%, Precision: 0.70, Recall: 0.79, F1: 0.74, AUC: 0.83
Epoch [30/100] [TRAIN] Loss: 0.5794, Accuracy: 72.50%, AUC: 0.80 [VAL] Loss: 0.5549, Accuracy: 74.10%, Precision: 0.70, Recall: 0.79, F1: 0.74, AUC: 0.83
Epoch [31/100] [TRAIN] Loss: 0.5774, Accuracy: 72.47%, AUC: 0.80 [VAL] Loss: 0.5545, Accuracy: 74.10%, Precision: 0.70, Recall: 0.79, F1: 0.74, AUC: 0.83
Epoch [32/100] [TRAIN] Loss: 0.5790, Accuracy: 72.25%, AUC: 0.80 [VAL] Loss: 0.5542, Accuracy: 74.30%, Precision: 0.70, Recall: 0.79, F1: 0.74, AUC: 0.83
Epoch [33/100] [TRAIN] Loss: 0.5776, Accuracy: 72.61%, AUC: 0.80 [VAL] Loss: 0.5535, Accuracy: 74.30%, Precision: 0.70, Recall: 0.79, F1: 0.74, AUC: 0.83
Epoch [34/100] [TRAIN] Loss: 0.5841, Accuracy: 72.66%, AUC: 0.80 [VAL] Loss: 0.5540, Accuracy: 74.40%, Precision: 0.70, Recall: 0.79, F1: 0.75, AUC: 0.83
Epoch [35/100] [TRAIN] Loss: 0.5797, Accuracy: 72.45%, AUC: 0.80 [VAL] Loss: 0.5538, Accuracy: 74.30%, Precision: 0.70, Recall: 0.79, F1: 0.74, AUC: 0.83
Epoch [36/100] [TRAIN] Loss: 0.5820, Accuracy: 72.61%, AUC: 0.80 [VAL] Loss: 0.5541, Accuracy: 74.30%, Precision: 0.70, Recall: 0.79, F1: 0.74, AUC: 0.83
Epoch [37/100] [TRAIN] Loss: 0.5784, Accuracy: 73.16%, AUC: 0.81 [VAL] Loss: 0.5535, Accuracy: 74.40%, Precision: 0.70, Recall: 0.79, F1: 0.75, AUC: 0.83
Epoch [38/100] [TRAIN] Loss: 0.5776, Accuracy: 72.83%, AUC: 0.81 [VAL] Loss: 0.5530, Accuracy: 74.30%, Precision: 0.70, Recall: 0.79, F1: 0.74, AUC: 0.83
Epoch [39/100] [TRAIN] Loss: 0.5776, Accuracy: 72.36%, AUC: 0.80 [VAL] Loss: 0.5532, Accuracy: 74.20%, Precision: 0.70, Recall: 0.79, F1: 0.74, AUC: 0.83
Epoch [40/100] [TRAIN] Loss: 0.5764, Accuracy: 72.72%, AUC: 0.81 [VAL] Loss: 0.5529, Accuracy: 74.20%, Precision: 0.70, Recall: 0.79, F1: 0.74, AUC: 0.83
Epoch [41/100] [TRAIN] Loss: 0.5787, Accuracy: 72.61%, AUC: 0.80 [VAL] Loss: 0.5527, Accuracy: 74.20%, Precision: 0.70, Recall: 0.79, F1: 0.74, AUC: 0.83
Epoch [42/100] [TRAIN] Loss: 0.5746, Accuracy: 72.72%, AUC: 0.81 [VAL] Loss: 0.5522, Accuracy: 74.10%, Precision: 0.70, Recall: 0.79, F1: 0.74, AUC: 0.83
Epoch [43/100] [TRAIN] Loss: 0.5815, Accuracy: 72.92%, AUC: 0.80 [VAL] Loss: 0.5524, Accuracy: 74.10%, Precision: 0.70, Recall: 0.79, F1: 0.74, AUC: 0.83
Epoch [44/100] [TRAIN] Loss: 0.5788, Accuracy: 73.08%, AUC: 0.80 [VAL] Loss: 0.5521, Accuracy: 74.10%, Precision: 0.70, Recall: 0.79, F1: 0.74, AUC: 0.83
Epoch [45/100] [TRAIN] Loss: 0.5724, Accuracy: 73.62%, AUC: 0.81 [VAL] Loss: 0.5515, Accuracy: 74.10%, Precision: 0.70, Recall: 0.79, F1: 0.74, AUC: 0.83
Epoch [46/100] [TRAIN] Loss: 0.5795, Accuracy: 72.58%, AUC: 0.80 [VAL] Loss: 0.5515, Accuracy: 74.20%, Precision: 0.70, Recall: 0.79, F1: 0.74, AUC: 0.83
Epoch [47/100] [TRAIN] Loss: 0.5756, Accuracy: 72.86%, AUC: 0.81 [VAL] Loss: 0.5511, Accuracy: 74.20%, Precision: 0.70, Recall: 0.79, F1: 0.74, AUC: 0.83
Epoch [48/100] [TRAIN] Loss: 0.5730, Accuracy: 73.12%, AUC: 0.81 [VAL] Loss: 0.5508, Accuracy: 74.30%, Precision: 0.70, Recall: 0.80, F1: 0.75, AUC: 0.83
Epoch [49/100] [TRAIN] Loss: 0.5758, Accuracy: 73.22%, AUC: 0.81 [VAL] Loss: 0.5506, Accuracy: 74.50%, Precision: 0.70, Recall: 0.80, F1: 0.75, AUC: 0.83
Epoch [50/100] [TRAIN] Loss: 0.5754, Accuracy: 72.89%, AUC: 0.81 [VAL] Loss: 0.5504, Accuracy: 74.40%, Precision: 0.70, Recall: 0.80, F1: 0.75, AUC: 0.83
Epoch [51/100] [TRAIN] Loss: 0.5753, Accuracy: 73.30%, AUC: 0.81 [VAL] Loss: 0.5502, Accuracy: 74.40%, Precision: 0.70, Recall: 0.80, F1: 0.75, AUC: 0.83
Epoch [52/100] [TRAIN] Loss: 0.5721, Accuracy: 72.69%, AUC: 0.81 [VAL] Loss: 0.5499, Accuracy: 74.50%, Precision: 0.70, Recall: 0.80, F1: 0.75, AUC: 0.83
Epoch [53/100] [TRAIN] Loss: 0.5739, Accuracy: 72.88%, AUC: 0.81 [VAL] Loss: 0.5501, Accuracy: 74.50%, Precision: 0.70, Recall: 0.80, F1: 0.75, AUC: 0.83
Epoch [54/100] [TRAIN] Loss: 0.5722, Accuracy: 73.35%, AUC: 0.81 [VAL] Loss: 0.5495, Accuracy: 74.50%, Precision: 0.70, Recall: 0.80, F1: 0.75, AUC: 0.83
Epoch [55/100] [TRAIN] Loss: 0.5732, Accuracy: 72.74%, AUC: 0.81 [VAL] Loss: 0.5494, Accuracy: 74.50%, Precision: 0.70, Recall: 0.80, F1: 0.75, AUC: 0.83
Epoch [56/100] [TRAIN] Loss: 0.5731, Accuracy: 72.78%, AUC: 0.81 [VAL] Loss: 0.5491, Accuracy: 74.40%, Precision: 0.70, Recall: 0.80, F1: 0.75, AUC: 0.83
Epoch [57/100] [TRAIN] Loss: 0.5747, Accuracy: 72.80%, AUC: 0.81 [VAL] Loss: 0.5491, Accuracy: 74.40%, Precision: 0.70, Recall: 0.80, F1: 0.75, AUC: 0.83
Epoch [58/100] [TRAIN] Loss: 0.5753, Accuracy: 72.76%, AUC: 0.81 [VAL] Loss: 0.5492, Accuracy: 74.50%, Precision: 0.70, Recall: 0.80, F1: 0.75, AUC: 0.83
Epoch [59/100] [TRAIN] Loss: 0.5729, Accuracy: 73.12%, AUC: 0.81 [VAL] Loss: 0.5491, Accuracy: 74.50%, Precision: 0.70, Recall: 0.80, F1: 0.75, AUC: 0.83
Epoch [60/100] [TRAIN] Loss: 0.5701, Accuracy: 72.94%, AUC: 0.81 [VAL] Loss: 0.5486, Accuracy: 74.50%, Precision: 0.70, Recall: 0.80, F1: 0.75, AUC: 0.83
Epoch [61/100] [TRAIN] Loss: 0.5770, Accuracy: 72.49%, AUC: 0.80 [VAL] Loss: 0.5486, Accuracy: 74.30%, Precision: 0.70, Recall: 0.80, F1: 0.75, AUC: 0.83
Epoch [62/100] [TRAIN] Loss: 0.5715, Accuracy: 72.92%, AUC: 0.81 [VAL] Loss: 0.5484, Accuracy: 74.50%, Precision: 0.70, Recall: 0.80, F1: 0.75, AUC: 0.83
Epoch [63/100] [TRAIN] Loss: 0.5732, Accuracy: 72.92%, AUC: 0.81 [VAL] Loss: 0.5482, Accuracy: 74.50%, Precision: 0.70, Recall: 0.80, F1: 0.75, AUC: 0.83
Epoch [64/100] [TRAIN] Loss: 0.5715, Accuracy: 73.21%, AUC: 0.81 [VAL] Loss: 0.5481, Accuracy: 74.50%, Precision: 0.70, Recall: 0.80, F1: 0.75, AUC: 0.83
Epoch [65/100] [TRAIN] Loss: 0.5742, Accuracy: 73.21%, AUC: 0.81 [VAL] Loss: 0.5480, Accuracy: 74.40%, Precision: 0.70, Recall: 0.80, F1: 0.75, AUC: 0.83
Epoch [66/100] [TRAIN] Loss: 0.5694, Accuracy: 73.25%, AUC: 0.81 [VAL] Loss: 0.5478, Accuracy: 74.30%, Precision: 0.70, Recall: 0.80, F1: 0.75, AUC: 0.83
Epoch [67/100] [TRAIN] Loss: 0.5734, Accuracy: 72.92%, AUC: 0.81 [VAL] Loss: 0.5475, Accuracy: 74.30%, Precision: 0.70, Recall: 0.80, F1: 0.75, AUC: 0.83
Epoch [68/100] [TRAIN] Loss: 0.5692, Accuracy: 72.88%, AUC: 0.81 [VAL] Loss: 0.5473, Accuracy: 74.30%, Precision: 0.70, Recall: 0.80, F1: 0.75, AUC: 0.83
Epoch [69/100] [TRAIN] Loss: 0.5710, Accuracy: 73.44%, AUC: 0.81 [VAL] Loss: 0.5474, Accuracy: 74.20%, Precision: 0.70, Recall: 0.80, F1: 0.74, AUC: 0.83
Epoch [70/100] [TRAIN] Loss: 0.5723, Accuracy: 72.89%, AUC: 0.81 [VAL] Loss: 0.5473, Accuracy: 74.30%, Precision: 0.70, Recall: 0.80, F1: 0.75, AUC: 0.83
Epoch [71/100] [TRAIN] Loss: 0.5695, Accuracy: 72.86%, AUC: 0.81 [VAL] Loss: 0.5469, Accuracy: 74.30%, Precision: 0.70, Recall: 0.80, F1: 0.75, AUC: 0.83
Epoch [72/100] [TRAIN] Loss: 0.5712, Accuracy: 73.51%, AUC: 0.81 [VAL] Loss: 0.5466, Accuracy: 74.00%, Precision: 0.70, Recall: 0.79, F1: 0.74, AUC: 0.83
Epoch [73/100] [TRAIN] Loss: 0.5662, Accuracy: 73.45%, AUC: 0.81 [VAL] Loss: 0.5461, Accuracy: 74.20%, Precision: 0.70, Recall: 0.80, F1: 0.74, AUC: 0.83
Epoch [74/100] [TRAIN] Loss: 0.5731, Accuracy: 73.04%, AUC: 0.81 [VAL] Loss: 0.5463, Accuracy: 74.10%, Precision: 0.70, Recall: 0.80, F1: 0.74, AUC: 0.83
Epoch [75/100] [TRAIN] Loss: 0.5700, Accuracy: 72.91%, AUC: 0.81 [VAL] Loss: 0.5461, Accuracy: 74.10%, Precision: 0.70, Recall: 0.80, F1: 0.74, AUC: 0.83
Epoch [76/100] [TRAIN] Loss: 0.5682, Accuracy: 73.42%, AUC: 0.81 [VAL] Loss: 0.5458, Accuracy: 74.10%, Precision: 0.70, Recall: 0.79, F1: 0.74, AUC: 0.83
Epoch [77/100] [TRAIN] Loss: 0.5679, Accuracy: 73.16%, AUC: 0.81 [VAL] Loss: 0.5453, Accuracy: 74.10%, Precision: 0.70, Recall: 0.79, F1: 0.74, AUC: 0.83
Epoch [78/100] [TRAIN] Loss: 0.5698, Accuracy: 73.09%, AUC: 0.81 [VAL] Loss: 0.5451, Accuracy: 74.10%, Precision: 0.70, Recall: 0.79, F1: 0.74, AUC: 0.83
Epoch [79/100] [TRAIN] Loss: 0.5652, Accuracy: 73.09%, AUC: 0.81 [VAL] Loss: 0.5448, Accuracy: 74.10%, Precision: 0.70, Recall: 0.79, F1: 0.74, AUC: 0.83
Epoch [80/100] [TRAIN] Loss: 0.5686, Accuracy: 72.66%, AUC: 0.81 [VAL] Loss: 0.5448, Accuracy: 74.10%, Precision: 0.70, Recall: 0.79, F1: 0.74, AUC: 0.83
Epoch [81/100] [TRAIN] Loss: 0.5668, Accuracy: 72.90%, AUC: 0.81 [VAL] Loss: 0.5447, Accuracy: 74.20%, Precision: 0.70, Recall: 0.79, F1: 0.74, AUC: 0.83
Epoch [82/100] [TRAIN] Loss: 0.5672, Accuracy: 72.81%, AUC: 0.81 [VAL] Loss: 0.5443, Accuracy: 74.10%, Precision: 0.70, Recall: 0.79, F1: 0.74, AUC: 0.83
Epoch [83/100] [TRAIN] Loss: 0.5698, Accuracy: 72.97%, AUC: 0.81 [VAL] Loss: 0.5446, Accuracy: 74.20%, Precision: 0.70, Recall: 0.79, F1: 0.74, AUC: 0.83
Epoch [84/100] [TRAIN] Loss: 0.5686, Accuracy: 72.59%, AUC: 0.81 [VAL] Loss: 0.5445, Accuracy: 74.20%, Precision: 0.70, Recall: 0.79, F1: 0.74, AUC: 0.83
Epoch [85/100] [TRAIN] Loss: 0.5654, Accuracy: 73.11%, AUC: 0.81 [VAL] Loss: 0.5445, Accuracy: 74.20%, Precision: 0.70, Recall: 0.79, F1: 0.74, AUC: 0.83
Epoch [86/100] [TRAIN] Loss: 0.5669, Accuracy: 73.33%, AUC: 0.81 [VAL] Loss: 0.5442, Accuracy: 74.20%, Precision: 0.70, Recall: 0.79, F1: 0.74, AUC: 0.83
Epoch [87/100] [TRAIN] Loss: 0.5660, Accuracy: 73.08%, AUC: 0.81 [VAL] Loss: 0.5439, Accuracy: 74.20%, Precision: 0.70, Recall: 0.79, F1: 0.74, AUC: 0.83
Epoch [88/100] [TRAIN] Loss: 0.5636, Accuracy: 73.42%, AUC: 0.81 [VAL] Loss: 0.5436, Accuracy: 74.20%, Precision: 0.70, Recall: 0.79, F1: 0.74, AUC: 0.83
Epoch [89/100] [TRAIN] Loss: 0.5673, Accuracy: 72.79%, AUC: 0.81 [VAL] Loss: 0.5437, Accuracy: 74.20%, Precision: 0.70, Recall: 0.79, F1: 0.74, AUC: 0.83
Epoch [90/100] [TRAIN] Loss: 0.5675, Accuracy: 73.01%, AUC: 0.81 [VAL] Loss: 0.5441, Accuracy: 74.10%, Precision: 0.70, Recall: 0.79, F1: 0.74, AUC: 0.83
Epoch [91/100] [TRAIN] Loss: 0.5677, Accuracy: 73.10%, AUC: 0.81 [VAL] Loss: 0.5438, Accuracy: 74.10%, Precision: 0.70, Recall: 0.79, F1: 0.74, AUC: 0.83
Epoch [92/100] [TRAIN] Loss: 0.5659, Accuracy: 72.96%, AUC: 0.81 [VAL] Loss: 0.5441, Accuracy: 74.10%, Precision: 0.70, Recall: 0.79, F1: 0.74, AUC: 0.83
Epoch [93/100] [TRAIN] Loss: 0.5693, Accuracy: 72.74%, AUC: 0.81 [VAL] Loss: 0.5442, Accuracy: 74.30%, Precision: 0.70, Recall: 0.79, F1: 0.74, AUC: 0.83
Epoch [94/100] [TRAIN] Loss: 0.5676, Accuracy: 72.99%, AUC: 0.81 [VAL] Loss: 0.5435, Accuracy: 74.10%, Precision: 0.70, Recall: 0.79, F1: 0.74, AUC: 0.83
Epoch [95/100] [TRAIN] Loss: 0.5691, Accuracy: 73.11%, AUC: 0.81 [VAL] Loss: 0.5434, Accuracy: 74.10%, Precision: 0.70, Recall: 0.79, F1: 0.74, AUC: 0.83
Epoch [96/100] [TRAIN] Loss: 0.5669, Accuracy: 73.28%, AUC: 0.81 [VAL] Loss: 0.5432, Accuracy: 74.10%, Precision: 0.70, Recall: 0.79, F1: 0.74, AUC: 0.83
Epoch [97/100] [TRAIN] Loss: 0.5664, Accuracy: 72.74%, AUC: 0.81 [VAL] Loss: 0.5433, Accuracy: 74.10%, Precision: 0.70, Recall: 0.79, F1: 0.74, AUC: 0.83
Epoch [98/100] [TRAIN] Loss: 0.5662, Accuracy: 73.25%, AUC: 0.81 [VAL] Loss: 0.5431, Accuracy: 74.20%, Precision: 0.70, Recall: 0.79, F1: 0.74, AUC: 0.83
Epoch [99/100] [TRAIN] Loss: 0.5633, Accuracy: 73.39%, AUC: 0.81 [VAL] Loss: 0.5431, Accuracy: 74.20%, Precision: 0.70, Recall: 0.79, F1: 0.74, AUC: 0.83
Epoch [100/100] [TRAIN] Loss: 0.5644, Accuracy: 73.45%, AUC: 0.81 [VAL] Loss: 0.5432, Accuracy: 74.10%, Precision: 0.70, Recall: 0.79, F1: 0.74, AUC: 0.83
  Antisymmetry score (raw):        0.9020
  Antisymmetry score (confident):  1.0000
  Total violations:                98 / 1000
  Pairs near boundary:             173 (17.3%)
  Avg |prob-0.5| at violation:     0.0000

--- Training baselines (LogisticRegression, RandomForest, SVM) ---

  Training LogisticRegression...
  Val accuracy: 75.70%  |  Val AUC: 0.8157

  [LogisticRegression]  Accuracy: 70.50%  AUC: 0.7704  AUCPRC: 0.7485  Precision: 0.7195  Recall: 0.6440  F1: 0.6797  Antisym: 0.8240

  Training RandomForest...
  Val accuracy: 76.40%  |  Val AUC: 0.8378

  [RandomForest]  Accuracy: 71.90%  AUC: 0.7910  AUCPRC: 0.7622  Precision: 0.7263  Recall: 0.6770  F1: 0.7007  Antisym: 0.7950

  Training SVM_Linear...
  Val accuracy: 75.60%  |  Val AUC: 0.8171

  [SVM_Linear]  Accuracy: 70.00%  AUC: 0.7699  AUCPRC: 0.7506  Precision: 0.7114  Recall: 0.6440  F1: 0.6760  Antisym: 0.8270
Seed: 456
=== DirectRanker ===
Accuracy:  70.80 %
AUC:       0.7983
AUCPRC:    0.7812
Precision: 0.6764
Recall:    0.7654
F1-Score:  0.7181
Antisymmetry score:  0.9020  (1.0 = perfect, ~0.5 = random)

Detailed Classification Report:
              precision    recall  f1-score   support

           0       0.75      0.65      0.70       514
           1       0.68      0.77      0.72       486

    accuracy                           0.71      1000
   macro avg       0.71      0.71      0.71      1000
weighted avg       0.71      0.71      0.71      1000


Confusion Matrix:
[[336 178]
 [114 372]]

=== LogisticRegression ===
Accuracy:  70.50 %
AUC:       0.7704
AUCPRC:    0.7485
Precision: 0.7195
Recall:    0.6440
F1-Score:  0.6797
Antisymmetry score:  0.8240
Confusion Matrix:
[[392 122]
 [173 313]]

=== RandomForest ===
Accuracy:  71.90 %
AUC:       0.7910
AUCPRC:    0.7622
Precision: 0.7263
Recall:    0.6770
F1-Score:  0.7007
Antisymmetry score:  0.7950
Confusion Matrix:
[[390 124]
 [157 329]]

=== SVM_Linear ===
Accuracy:  70.00 %
AUC:       0.7699
AUCPRC:    0.7506
Precision: 0.7114
Recall:    0.6440
F1-Score:  0.6760
Antisymmetry score:  0.8270
Confusion Matrix:
[[387 127]
 [173 313]]

Saved combined test metrics: /group/pmc021/amunif/epi-thesis/workflow/16_Pairwise Ranking Healthy Liver/output/combined/donor_3/test/000-H3K4me3-seed456-test-metrics.csv
Saved combined ROC plot: /group/pmc021/amunif/epi-thesis/workflow/16_Pairwise Ranking Healthy Liver/output/combined/donor_3/img/roc/000-H3K4me3-seed456-roc-combined.png
Saved combined PRC plot: /group/pmc021/amunif/epi-thesis/workflow/16_Pairwise Ranking Healthy Liver/output/combined/donor_3/img/prc/000-H3K4me3-seed456-prc-combined.png

Finished 000-H3K4me3 (seed 456)

======================================================================
001-H3K9ac
======================================================================
Train label distribution:
  Label 0:   4036 (50.4%)
  Label 1:   3964 (49.5%)
Val label distribution:
  Label 0:    528 (52.8%)
  Label 1:    472 (47.2%)
Test label distribution:
  Label 0:    514 (51.4%)
  Label 1:    486 (48.6%)
Saved label distribution: /group/pmc021/amunif/epi-thesis/workflow/16_Pairwise Ranking Healthy Liver/output/combined/donor_3/test/001-H3K9ac-seed456-label-distribution.csv

--- Training DirectRanker ---
Epoch [1/100] [TRAIN] Loss: 0.7159, Accuracy: 57.86%, AUC: 0.61 [VAL] Loss: 0.6629, Accuracy: 70.50%, Precision: 0.65, Recall: 0.82, F1: 0.72, AUC: 0.80
Epoch [2/100] [TRAIN] Loss: 0.6459, Accuracy: 70.75%, AUC: 0.78 [VAL] Loss: 0.5993, Accuracy: 71.90%, Precision: 0.66, Recall: 0.83, F1: 0.74, AUC: 0.82
Epoch [3/100] [TRAIN] Loss: 0.6120, Accuracy: 71.56%, AUC: 0.79 [VAL] Loss: 0.5687, Accuracy: 72.50%, Precision: 0.67, Recall: 0.83, F1: 0.74, AUC: 0.83
Epoch [4/100] [TRAIN] Loss: 0.6010, Accuracy: 72.14%, AUC: 0.79 [VAL] Loss: 0.5563, Accuracy: 72.40%, Precision: 0.67, Recall: 0.83, F1: 0.74, AUC: 0.83
Epoch [5/100] [TRAIN] Loss: 0.5970, Accuracy: 71.67%, AUC: 0.79 [VAL] Loss: 0.5512, Accuracy: 72.40%, Precision: 0.67, Recall: 0.83, F1: 0.74, AUC: 0.83
Epoch [6/100] [TRAIN] Loss: 0.5960, Accuracy: 72.25%, AUC: 0.80 [VAL] Loss: 0.5485, Accuracy: 72.40%, Precision: 0.67, Recall: 0.83, F1: 0.74, AUC: 0.83
Epoch [7/100] [TRAIN] Loss: 0.5909, Accuracy: 72.41%, AUC: 0.80 [VAL] Loss: 0.5461, Accuracy: 72.60%, Precision: 0.67, Recall: 0.83, F1: 0.74, AUC: 0.83
Epoch [8/100] [TRAIN] Loss: 0.5850, Accuracy: 72.70%, AUC: 0.80 [VAL] Loss: 0.5441, Accuracy: 72.60%, Precision: 0.67, Recall: 0.83, F1: 0.74, AUC: 0.83
Epoch [9/100] [TRAIN] Loss: 0.5843, Accuracy: 72.70%, AUC: 0.80 [VAL] Loss: 0.5426, Accuracy: 72.60%, Precision: 0.67, Recall: 0.83, F1: 0.74, AUC: 0.83
Epoch [10/100] [TRAIN] Loss: 0.5845, Accuracy: 72.59%, AUC: 0.80 [VAL] Loss: 0.5415, Accuracy: 72.70%, Precision: 0.67, Recall: 0.83, F1: 0.74, AUC: 0.83
Epoch [11/100] [TRAIN] Loss: 0.5835, Accuracy: 72.84%, AUC: 0.81 [VAL] Loss: 0.5404, Accuracy: 72.80%, Precision: 0.67, Recall: 0.84, F1: 0.74, AUC: 0.84
Epoch [12/100] [TRAIN] Loss: 0.5783, Accuracy: 72.84%, AUC: 0.81 [VAL] Loss: 0.5392, Accuracy: 72.80%, Precision: 0.67, Recall: 0.84, F1: 0.74, AUC: 0.84
Epoch [13/100] [TRAIN] Loss: 0.5841, Accuracy: 72.30%, AUC: 0.80 [VAL] Loss: 0.5388, Accuracy: 72.70%, Precision: 0.67, Recall: 0.84, F1: 0.74, AUC: 0.84
Epoch [14/100] [TRAIN] Loss: 0.5795, Accuracy: 72.79%, AUC: 0.81 [VAL] Loss: 0.5383, Accuracy: 72.70%, Precision: 0.67, Recall: 0.84, F1: 0.74, AUC: 0.84
Epoch [15/100] [TRAIN] Loss: 0.5790, Accuracy: 73.06%, AUC: 0.81 [VAL] Loss: 0.5373, Accuracy: 72.70%, Precision: 0.67, Recall: 0.84, F1: 0.74, AUC: 0.84
Epoch [16/100] [TRAIN] Loss: 0.5797, Accuracy: 72.65%, AUC: 0.81 [VAL] Loss: 0.5369, Accuracy: 72.60%, Precision: 0.67, Recall: 0.84, F1: 0.74, AUC: 0.84
Epoch [17/100] [TRAIN] Loss: 0.5814, Accuracy: 72.88%, AUC: 0.80 [VAL] Loss: 0.5362, Accuracy: 72.60%, Precision: 0.67, Recall: 0.84, F1: 0.74, AUC: 0.84
Epoch [18/100] [TRAIN] Loss: 0.5766, Accuracy: 73.15%, AUC: 0.81 [VAL] Loss: 0.5355, Accuracy: 72.60%, Precision: 0.67, Recall: 0.84, F1: 0.74, AUC: 0.84
Epoch [19/100] [TRAIN] Loss: 0.5767, Accuracy: 72.92%, AUC: 0.81 [VAL] Loss: 0.5349, Accuracy: 72.70%, Precision: 0.67, Recall: 0.84, F1: 0.74, AUC: 0.84
Epoch [20/100] [TRAIN] Loss: 0.5758, Accuracy: 73.04%, AUC: 0.81 [VAL] Loss: 0.5345, Accuracy: 72.60%, Precision: 0.67, Recall: 0.84, F1: 0.74, AUC: 0.84
Epoch [21/100] [TRAIN] Loss: 0.5744, Accuracy: 72.88%, AUC: 0.81 [VAL] Loss: 0.5343, Accuracy: 72.60%, Precision: 0.67, Recall: 0.84, F1: 0.74, AUC: 0.84
Epoch [22/100] [TRAIN] Loss: 0.5747, Accuracy: 72.97%, AUC: 0.81 [VAL] Loss: 0.5337, Accuracy: 72.60%, Precision: 0.67, Recall: 0.84, F1: 0.74, AUC: 0.84
Epoch [23/100] [TRAIN] Loss: 0.5709, Accuracy: 73.00%, AUC: 0.81 [VAL] Loss: 0.5333, Accuracy: 72.60%, Precision: 0.67, Recall: 0.84, F1: 0.74, AUC: 0.84
Epoch [24/100] [TRAIN] Loss: 0.5683, Accuracy: 73.61%, AUC: 0.81 [VAL] Loss: 0.5322, Accuracy: 72.70%, Precision: 0.67, Recall: 0.84, F1: 0.74, AUC: 0.84
Epoch [25/100] [TRAIN] Loss: 0.5715, Accuracy: 72.64%, AUC: 0.81 [VAL] Loss: 0.5316, Accuracy: 72.80%, Precision: 0.67, Recall: 0.84, F1: 0.74, AUC: 0.84
Epoch [26/100] [TRAIN] Loss: 0.5686, Accuracy: 73.04%, AUC: 0.81 [VAL] Loss: 0.5313, Accuracy: 72.80%, Precision: 0.67, Recall: 0.84, F1: 0.74, AUC: 0.84
Epoch [27/100] [TRAIN] Loss: 0.5678, Accuracy: 73.16%, AUC: 0.81 [VAL] Loss: 0.5307, Accuracy: 72.90%, Precision: 0.67, Recall: 0.84, F1: 0.75, AUC: 0.84
Epoch [28/100] [TRAIN] Loss: 0.5702, Accuracy: 73.12%, AUC: 0.81 [VAL] Loss: 0.5304, Accuracy: 72.80%, Precision: 0.67, Recall: 0.84, F1: 0.74, AUC: 0.84
Epoch [29/100] [TRAIN] Loss: 0.5724, Accuracy: 72.95%, AUC: 0.81 [VAL] Loss: 0.5304, Accuracy: 72.90%, Precision: 0.67, Recall: 0.84, F1: 0.75, AUC: 0.84
Epoch [30/100] [TRAIN] Loss: 0.5708, Accuracy: 72.90%, AUC: 0.81 [VAL] Loss: 0.5299, Accuracy: 72.90%, Precision: 0.67, Recall: 0.84, F1: 0.75, AUC: 0.84
Epoch [31/100] [TRAIN] Loss: 0.5703, Accuracy: 73.00%, AUC: 0.81 [VAL] Loss: 0.5297, Accuracy: 72.80%, Precision: 0.67, Recall: 0.84, F1: 0.74, AUC: 0.84
Epoch [32/100] [TRAIN] Loss: 0.5724, Accuracy: 72.88%, AUC: 0.81 [VAL] Loss: 0.5296, Accuracy: 72.90%, Precision: 0.67, Recall: 0.84, F1: 0.74, AUC: 0.84
Epoch [33/100] [TRAIN] Loss: 0.5691, Accuracy: 72.89%, AUC: 0.81 [VAL] Loss: 0.5293, Accuracy: 72.90%, Precision: 0.67, Recall: 0.84, F1: 0.74, AUC: 0.84
Epoch [34/100] [TRAIN] Loss: 0.5671, Accuracy: 72.91%, AUC: 0.81 [VAL] Loss: 0.5288, Accuracy: 72.80%, Precision: 0.67, Recall: 0.83, F1: 0.74, AUC: 0.84
Epoch [35/100] [TRAIN] Loss: 0.5663, Accuracy: 72.96%, AUC: 0.81 [VAL] Loss: 0.5283, Accuracy: 72.80%, Precision: 0.67, Recall: 0.83, F1: 0.74, AUC: 0.84
Epoch [36/100] [TRAIN] Loss: 0.5700, Accuracy: 72.59%, AUC: 0.81 [VAL] Loss: 0.5283, Accuracy: 72.80%, Precision: 0.67, Recall: 0.83, F1: 0.74, AUC: 0.84
Epoch [37/100] [TRAIN] Loss: 0.5683, Accuracy: 73.39%, AUC: 0.81 [VAL] Loss: 0.5279, Accuracy: 72.80%, Precision: 0.67, Recall: 0.83, F1: 0.74, AUC: 0.84
Epoch [38/100] [TRAIN] Loss: 0.5670, Accuracy: 72.84%, AUC: 0.81 [VAL] Loss: 0.5275, Accuracy: 72.70%, Precision: 0.67, Recall: 0.83, F1: 0.74, AUC: 0.84
Epoch [39/100] [TRAIN] Loss: 0.5680, Accuracy: 72.83%, AUC: 0.81 [VAL] Loss: 0.5271, Accuracy: 72.70%, Precision: 0.67, Recall: 0.83, F1: 0.74, AUC: 0.84
Epoch [40/100] [TRAIN] Loss: 0.5633, Accuracy: 73.06%, AUC: 0.82 [VAL] Loss: 0.5267, Accuracy: 72.70%, Precision: 0.67, Recall: 0.83, F1: 0.74, AUC: 0.84
Epoch [41/100] [TRAIN] Loss: 0.5657, Accuracy: 72.66%, AUC: 0.81 [VAL] Loss: 0.5263, Accuracy: 72.70%, Precision: 0.67, Recall: 0.83, F1: 0.74, AUC: 0.84
Epoch [42/100] [TRAIN] Loss: 0.5691, Accuracy: 72.95%, AUC: 0.81 [VAL] Loss: 0.5263, Accuracy: 72.70%, Precision: 0.67, Recall: 0.83, F1: 0.74, AUC: 0.84
Epoch [43/100] [TRAIN] Loss: 0.5689, Accuracy: 73.12%, AUC: 0.81 [VAL] Loss: 0.5266, Accuracy: 73.00%, Precision: 0.67, Recall: 0.83, F1: 0.74, AUC: 0.84
Epoch [44/100] [TRAIN] Loss: 0.5649, Accuracy: 73.08%, AUC: 0.81 [VAL] Loss: 0.5261, Accuracy: 73.00%, Precision: 0.67, Recall: 0.83, F1: 0.74, AUC: 0.84
Epoch [45/100] [TRAIN] Loss: 0.5637, Accuracy: 73.35%, AUC: 0.82 [VAL] Loss: 0.5257, Accuracy: 73.00%, Precision: 0.67, Recall: 0.83, F1: 0.74, AUC: 0.84
Epoch [46/100] [TRAIN] Loss: 0.5671, Accuracy: 72.74%, AUC: 0.81 [VAL] Loss: 0.5257, Accuracy: 73.00%, Precision: 0.67, Recall: 0.83, F1: 0.74, AUC: 0.84
Epoch [47/100] [TRAIN] Loss: 0.5652, Accuracy: 73.05%, AUC: 0.81 [VAL] Loss: 0.5253, Accuracy: 73.00%, Precision: 0.67, Recall: 0.83, F1: 0.74, AUC: 0.84
Epoch [48/100] [TRAIN] Loss: 0.5653, Accuracy: 72.64%, AUC: 0.81 [VAL] Loss: 0.5251, Accuracy: 73.00%, Precision: 0.67, Recall: 0.83, F1: 0.74, AUC: 0.84
Epoch [49/100] [TRAIN] Loss: 0.5631, Accuracy: 73.25%, AUC: 0.82 [VAL] Loss: 0.5245, Accuracy: 73.00%, Precision: 0.67, Recall: 0.83, F1: 0.74, AUC: 0.84
Epoch [50/100] [TRAIN] Loss: 0.5637, Accuracy: 73.49%, AUC: 0.82 [VAL] Loss: 0.5243, Accuracy: 73.00%, Precision: 0.67, Recall: 0.83, F1: 0.74, AUC: 0.84
Epoch [51/100] [TRAIN] Loss: 0.5620, Accuracy: 73.35%, AUC: 0.82 [VAL] Loss: 0.5242, Accuracy: 73.00%, Precision: 0.67, Recall: 0.83, F1: 0.74, AUC: 0.84
Epoch [52/100] [TRAIN] Loss: 0.5598, Accuracy: 73.05%, AUC: 0.82 [VAL] Loss: 0.5238, Accuracy: 73.10%, Precision: 0.67, Recall: 0.83, F1: 0.75, AUC: 0.84
Epoch [53/100] [TRAIN] Loss: 0.5623, Accuracy: 73.56%, AUC: 0.82 [VAL] Loss: 0.5239, Accuracy: 73.10%, Precision: 0.67, Recall: 0.83, F1: 0.75, AUC: 0.84
Epoch [54/100] [TRAIN] Loss: 0.5617, Accuracy: 73.71%, AUC: 0.82 [VAL] Loss: 0.5236, Accuracy: 73.20%, Precision: 0.68, Recall: 0.83, F1: 0.75, AUC: 0.84
Epoch [55/100] [TRAIN] Loss: 0.5640, Accuracy: 72.89%, AUC: 0.81 [VAL] Loss: 0.5239, Accuracy: 73.20%, Precision: 0.68, Recall: 0.83, F1: 0.75, AUC: 0.84
Epoch [56/100] [TRAIN] Loss: 0.5580, Accuracy: 72.94%, AUC: 0.82 [VAL] Loss: 0.5235, Accuracy: 73.20%, Precision: 0.68, Recall: 0.83, F1: 0.75, AUC: 0.84
Epoch [57/100] [TRAIN] Loss: 0.5630, Accuracy: 73.19%, AUC: 0.82 [VAL] Loss: 0.5233, Accuracy: 73.20%, Precision: 0.68, Recall: 0.83, F1: 0.75, AUC: 0.84
Epoch [58/100] [TRAIN] Loss: 0.5611, Accuracy: 73.22%, AUC: 0.82 [VAL] Loss: 0.5232, Accuracy: 73.20%, Precision: 0.68, Recall: 0.83, F1: 0.75, AUC: 0.84
Epoch [59/100] [TRAIN] Loss: 0.5641, Accuracy: 72.75%, AUC: 0.81 [VAL] Loss: 0.5232, Accuracy: 73.20%, Precision: 0.68, Recall: 0.83, F1: 0.75, AUC: 0.84
Epoch [60/100] [TRAIN] Loss: 0.5650, Accuracy: 73.00%, AUC: 0.81 [VAL] Loss: 0.5233, Accuracy: 73.20%, Precision: 0.68, Recall: 0.83, F1: 0.75, AUC: 0.84
Epoch [61/100] [TRAIN] Loss: 0.5627, Accuracy: 72.70%, AUC: 0.81 [VAL] Loss: 0.5228, Accuracy: 73.20%, Precision: 0.68, Recall: 0.83, F1: 0.75, AUC: 0.84
Epoch [62/100] [TRAIN] Loss: 0.5620, Accuracy: 73.08%, AUC: 0.81 [VAL] Loss: 0.5226, Accuracy: 73.20%, Precision: 0.68, Recall: 0.83, F1: 0.75, AUC: 0.84
Epoch [63/100] [TRAIN] Loss: 0.5613, Accuracy: 72.76%, AUC: 0.82 [VAL] Loss: 0.5224, Accuracy: 73.30%, Precision: 0.68, Recall: 0.83, F1: 0.75, AUC: 0.84
Epoch [64/100] [TRAIN] Loss: 0.5637, Accuracy: 73.15%, AUC: 0.81 [VAL] Loss: 0.5225, Accuracy: 73.20%, Precision: 0.68, Recall: 0.83, F1: 0.75, AUC: 0.84
Epoch [65/100] [TRAIN] Loss: 0.5607, Accuracy: 73.11%, AUC: 0.82 [VAL] Loss: 0.5221, Accuracy: 73.00%, Precision: 0.67, Recall: 0.83, F1: 0.74, AUC: 0.84
Epoch [66/100] [TRAIN] Loss: 0.5616, Accuracy: 72.95%, AUC: 0.82 [VAL] Loss: 0.5219, Accuracy: 73.10%, Precision: 0.67, Recall: 0.83, F1: 0.74, AUC: 0.84
Epoch [67/100] [TRAIN] Loss: 0.5631, Accuracy: 73.33%, AUC: 0.82 [VAL] Loss: 0.5219, Accuracy: 73.20%, Precision: 0.68, Recall: 0.83, F1: 0.75, AUC: 0.84
Epoch [68/100] [TRAIN] Loss: 0.5591, Accuracy: 72.81%, AUC: 0.82 [VAL] Loss: 0.5218, Accuracy: 73.20%, Precision: 0.68, Recall: 0.83, F1: 0.75, AUC: 0.84
Epoch [69/100] [TRAIN] Loss: 0.5620, Accuracy: 73.04%, AUC: 0.82 [VAL] Loss: 0.5218, Accuracy: 73.40%, Precision: 0.68, Recall: 0.83, F1: 0.75, AUC: 0.85
Epoch [70/100] [TRAIN] Loss: 0.5602, Accuracy: 73.72%, AUC: 0.82 [VAL] Loss: 0.5216, Accuracy: 73.50%, Precision: 0.68, Recall: 0.83, F1: 0.75, AUC: 0.85
Epoch [71/100] [TRAIN] Loss: 0.5633, Accuracy: 72.70%, AUC: 0.81 [VAL] Loss: 0.5213, Accuracy: 73.50%, Precision: 0.68, Recall: 0.83, F1: 0.75, AUC: 0.85
Epoch [72/100] [TRAIN] Loss: 0.5605, Accuracy: 73.42%, AUC: 0.82 [VAL] Loss: 0.5209, Accuracy: 73.40%, Precision: 0.68, Recall: 0.83, F1: 0.75, AUC: 0.85
Epoch [73/100] [TRAIN] Loss: 0.5616, Accuracy: 73.50%, AUC: 0.82 [VAL] Loss: 0.5209, Accuracy: 73.30%, Precision: 0.68, Recall: 0.83, F1: 0.75, AUC: 0.85
Epoch [74/100] [TRAIN] Loss: 0.5585, Accuracy: 73.20%, AUC: 0.82 [VAL] Loss: 0.5204, Accuracy: 73.30%, Precision: 0.68, Recall: 0.83, F1: 0.75, AUC: 0.85
Epoch [75/100] [TRAIN] Loss: 0.5558, Accuracy: 73.90%, AUC: 0.82 [VAL] Loss: 0.5200, Accuracy: 73.20%, Precision: 0.68, Recall: 0.83, F1: 0.75, AUC: 0.85
Epoch [76/100] [TRAIN] Loss: 0.5621, Accuracy: 73.28%, AUC: 0.82 [VAL] Loss: 0.5199, Accuracy: 73.30%, Precision: 0.68, Recall: 0.83, F1: 0.75, AUC: 0.85
Epoch [77/100] [TRAIN] Loss: 0.5578, Accuracy: 73.59%, AUC: 0.82 [VAL] Loss: 0.5198, Accuracy: 73.30%, Precision: 0.68, Recall: 0.83, F1: 0.75, AUC: 0.85
Epoch [78/100] [TRAIN] Loss: 0.5605, Accuracy: 73.12%, AUC: 0.82 [VAL] Loss: 0.5200, Accuracy: 73.30%, Precision: 0.68, Recall: 0.83, F1: 0.75, AUC: 0.85
Epoch [79/100] [TRAIN] Loss: 0.5601, Accuracy: 73.47%, AUC: 0.82 [VAL] Loss: 0.5205, Accuracy: 73.20%, Precision: 0.68, Recall: 0.83, F1: 0.74, AUC: 0.85
Epoch [80/100] [TRAIN] Loss: 0.5610, Accuracy: 72.86%, AUC: 0.82 [VAL] Loss: 0.5206, Accuracy: 73.20%, Precision: 0.68, Recall: 0.83, F1: 0.74, AUC: 0.85
Epoch [81/100] [TRAIN] Loss: 0.5593, Accuracy: 73.20%, AUC: 0.82 [VAL] Loss: 0.5202, Accuracy: 73.00%, Precision: 0.67, Recall: 0.83, F1: 0.74, AUC: 0.84
Epoch [82/100] [TRAIN] Loss: 0.5587, Accuracy: 73.54%, AUC: 0.82 [VAL] Loss: 0.5200, Accuracy: 73.00%, Precision: 0.67, Recall: 0.83, F1: 0.74, AUC: 0.84
Epoch [83/100] [TRAIN] Loss: 0.5583, Accuracy: 72.92%, AUC: 0.82 [VAL] Loss: 0.5196, Accuracy: 73.00%, Precision: 0.67, Recall: 0.83, F1: 0.74, AUC: 0.84
Epoch [84/100] [TRAIN] Loss: 0.5563, Accuracy: 73.01%, AUC: 0.82 [VAL] Loss: 0.5194, Accuracy: 73.00%, Precision: 0.67, Recall: 0.83, F1: 0.74, AUC: 0.84
Epoch [85/100] [TRAIN] Loss: 0.5601, Accuracy: 73.97%, AUC: 0.82 [VAL] Loss: 0.5194, Accuracy: 73.00%, Precision: 0.67, Recall: 0.83, F1: 0.74, AUC: 0.84
Epoch [86/100] [TRAIN] Loss: 0.5575, Accuracy: 73.67%, AUC: 0.82 [VAL] Loss: 0.5190, Accuracy: 73.00%, Precision: 0.67, Recall: 0.83, F1: 0.74, AUC: 0.84
Epoch [87/100] [TRAIN] Loss: 0.5602, Accuracy: 72.79%, AUC: 0.82 [VAL] Loss: 0.5191, Accuracy: 73.10%, Precision: 0.68, Recall: 0.83, F1: 0.74, AUC: 0.85
Epoch [88/100] [TRAIN] Loss: 0.5561, Accuracy: 73.34%, AUC: 0.82 [VAL] Loss: 0.5188, Accuracy: 73.10%, Precision: 0.68, Recall: 0.83, F1: 0.74, AUC: 0.85
Epoch [89/100] [TRAIN] Loss: 0.5560, Accuracy: 73.50%, AUC: 0.82 [VAL] Loss: 0.5187, Accuracy: 73.10%, Precision: 0.68, Recall: 0.83, F1: 0.74, AUC: 0.85
Epoch [90/100] [TRAIN] Loss: 0.5608, Accuracy: 73.21%, AUC: 0.82 [VAL] Loss: 0.5187, Accuracy: 72.90%, Precision: 0.67, Recall: 0.83, F1: 0.74, AUC: 0.84
Epoch [91/100] [TRAIN] Loss: 0.5560, Accuracy: 73.08%, AUC: 0.82 [VAL] Loss: 0.5184, Accuracy: 73.00%, Precision: 0.67, Recall: 0.83, F1: 0.74, AUC: 0.85
Epoch [92/100] [TRAIN] Loss: 0.5550, Accuracy: 73.46%, AUC: 0.82 [VAL] Loss: 0.5183, Accuracy: 73.00%, Precision: 0.67, Recall: 0.83, F1: 0.74, AUC: 0.85
Epoch [93/100] [TRAIN] Loss: 0.5567, Accuracy: 73.22%, AUC: 0.82 [VAL] Loss: 0.5185, Accuracy: 73.00%, Precision: 0.67, Recall: 0.83, F1: 0.74, AUC: 0.85
Epoch [94/100] [TRAIN] Loss: 0.5563, Accuracy: 73.03%, AUC: 0.82 [VAL] Loss: 0.5186, Accuracy: 72.90%, Precision: 0.67, Recall: 0.83, F1: 0.74, AUC: 0.84
Epoch [95/100] [TRAIN] Loss: 0.5563, Accuracy: 73.31%, AUC: 0.82 [VAL] Loss: 0.5185, Accuracy: 73.00%, Precision: 0.67, Recall: 0.83, F1: 0.74, AUC: 0.85
Epoch [96/100] [TRAIN] Loss: 0.5605, Accuracy: 72.99%, AUC: 0.82 [VAL] Loss: 0.5185, Accuracy: 72.90%, Precision: 0.67, Recall: 0.83, F1: 0.74, AUC: 0.84
Epoch [97/100] [TRAIN] Loss: 0.5574, Accuracy: 73.38%, AUC: 0.82 [VAL] Loss: 0.5186, Accuracy: 72.90%, Precision: 0.67, Recall: 0.83, F1: 0.74, AUC: 0.84
Epoch [98/100] [TRAIN] Loss: 0.5560, Accuracy: 73.42%, AUC: 0.82 [VAL] Loss: 0.5186, Accuracy: 73.00%, Precision: 0.67, Recall: 0.83, F1: 0.74, AUC: 0.85
Epoch [99/100] [TRAIN] Loss: 0.5573, Accuracy: 73.29%, AUC: 0.82 [VAL] Loss: 0.5185, Accuracy: 73.00%, Precision: 0.67, Recall: 0.83, F1: 0.74, AUC: 0.85
Epoch [100/100] [TRAIN] Loss: 0.5580, Accuracy: 73.24%, AUC: 0.82 [VAL] Loss: 0.5186, Accuracy: 73.00%, Precision: 0.67, Recall: 0.83, F1: 0.74, AUC: 0.85
  Antisymmetry score (raw):        0.8420
  Antisymmetry score (confident):  1.0000
  Total violations:                158 / 1000
  Pairs near boundary:             232 (23.2%)
  Avg |prob-0.5| at violation:     0.0000

--- Training baselines (LogisticRegression, RandomForest, SVM) ---

  Training LogisticRegression...
  Val accuracy: 75.40%  |  Val AUC: 0.8163

  [LogisticRegression]  Accuracy: 74.00%  AUC: 0.7871  AUCPRC: 0.7625  Precision: 0.7729  Recall: 0.6584  F1: 0.7111  Antisym: 0.7430

  Training RandomForest...
  Val accuracy: 76.40%  |  Val AUC: 0.8376

  [RandomForest]  Accuracy: 73.50%  AUC: 0.8110  AUCPRC: 0.7858  Precision: 0.7600  Recall: 0.6646  F1: 0.7091  Antisym: 0.7750

  Training SVM_Linear...
  Val accuracy: 74.80%  |  Val AUC: 0.8181

  [SVM_Linear]  Accuracy: 73.80%  AUC: 0.7875  AUCPRC: 0.7629  Precision: 0.7692  Recall: 0.6584  F1: 0.7095  Antisym: 0.7440
Seed: 456
=== DirectRanker ===
Accuracy:  71.80 %
AUC:       0.8136
AUCPRC:    0.7971
Precision: 0.6777
Recall:    0.8004
F1-Score:  0.7340
Antisymmetry score:  0.8420  (1.0 = perfect, ~0.5 = random)

Detailed Classification Report:
              precision    recall  f1-score   support

           0       0.77      0.64      0.70       514
           1       0.68      0.80      0.73       486

    accuracy                           0.72      1000
   macro avg       0.73      0.72      0.72      1000
weighted avg       0.73      0.72      0.72      1000


Confusion Matrix:
[[329 185]
 [ 97 389]]

=== LogisticRegression ===
Accuracy:  74.00 %
AUC:       0.7871
AUCPRC:    0.7625
Precision: 0.7729
Recall:    0.6584
F1-Score:  0.7111
Antisymmetry score:  0.7430
Confusion Matrix:
[[420  94]
 [166 320]]

=== RandomForest ===
Accuracy:  73.50 %
AUC:       0.8110
AUCPRC:    0.7858
Precision: 0.7600
Recall:    0.6646
F1-Score:  0.7091
Antisymmetry score:  0.7750
Confusion Matrix:
[[412 102]
 [163 323]]

=== SVM_Linear ===
Accuracy:  73.80 %
AUC:       0.7875
AUCPRC:    0.7629
Precision: 0.7692
Recall:    0.6584
F1-Score:  0.7095
Antisymmetry score:  0.7440
Confusion Matrix:
[[418  96]
 [166 320]]

Saved combined test metrics: /group/pmc021/amunif/epi-thesis/workflow/16_Pairwise Ranking Healthy Liver/output/combined/donor_3/test/001-H3K9ac-seed456-test-metrics.csv
Saved combined ROC plot: /group/pmc021/amunif/epi-thesis/workflow/16_Pairwise Ranking Healthy Liver/output/combined/donor_3/img/roc/001-H3K9ac-seed456-roc-combined.png
Saved combined PRC plot: /group/pmc021/amunif/epi-thesis/workflow/16_Pairwise Ranking Healthy Liver/output/combined/donor_3/img/prc/001-H3K9ac-seed456-prc-combined.png

Finished 001-H3K9ac (seed 456)

======================================================================
002-H3K9me3
======================================================================
Train label distribution:
  Label 0:   4036 (50.4%)
  Label 1:   3964 (49.5%)
Val label distribution:
  Label 0:    528 (52.8%)
  Label 1:    472 (47.2%)
Test label distribution:
  Label 0:    514 (51.4%)
  Label 1:    486 (48.6%)
Saved label distribution: /group/pmc021/amunif/epi-thesis/workflow/16_Pairwise Ranking Healthy Liver/output/combined/donor_3/test/002-H3K9me3-seed456-label-distribution.csv

--- Training DirectRanker ---
Epoch [1/100] [TRAIN] Loss: 0.7274, Accuracy: 49.20%, AUC: 0.49 [VAL] Loss: 0.7267, Accuracy: 47.90%, Precision: 0.47, Recall: 0.97, F1: 0.64, AUC: 0.50
Epoch [2/100] [TRAIN] Loss: 0.7262, Accuracy: 50.33%, AUC: 0.51 [VAL] Loss: 0.7264, Accuracy: 47.90%, Precision: 0.47, Recall: 0.97, F1: 0.64, AUC: 0.50
Epoch [3/100] [TRAIN] Loss: 0.7261, Accuracy: 50.69%, AUC: 0.51 [VAL] Loss: 0.7261, Accuracy: 48.10%, Precision: 0.48, Recall: 0.97, F1: 0.64, AUC: 0.51
Epoch [4/100] [TRAIN] Loss: 0.7257, Accuracy: 50.44%, AUC: 0.51 [VAL] Loss: 0.7259, Accuracy: 48.10%, Precision: 0.48, Recall: 0.97, F1: 0.64, AUC: 0.51
Epoch [5/100] [TRAIN] Loss: 0.7256, Accuracy: 51.05%, AUC: 0.51 [VAL] Loss: 0.7257, Accuracy: 48.10%, Precision: 0.48, Recall: 0.97, F1: 0.64, AUC: 0.51
Epoch [6/100] [TRAIN] Loss: 0.7251, Accuracy: 50.80%, AUC: 0.51 [VAL] Loss: 0.7255, Accuracy: 48.10%, Precision: 0.48, Recall: 0.97, F1: 0.64, AUC: 0.51
Epoch [7/100] [TRAIN] Loss: 0.7254, Accuracy: 50.23%, AUC: 0.51 [VAL] Loss: 0.7253, Accuracy: 48.10%, Precision: 0.48, Recall: 0.97, F1: 0.64, AUC: 0.51
Epoch [8/100] [TRAIN] Loss: 0.7248, Accuracy: 51.19%, AUC: 0.52 [VAL] Loss: 0.7251, Accuracy: 48.10%, Precision: 0.48, Recall: 0.97, F1: 0.64, AUC: 0.51
Epoch [9/100] [TRAIN] Loss: 0.7251, Accuracy: 50.64%, AUC: 0.51 [VAL] Loss: 0.7250, Accuracy: 48.10%, Precision: 0.48, Recall: 0.97, F1: 0.64, AUC: 0.51
Epoch [10/100] [TRAIN] Loss: 0.7245, Accuracy: 49.95%, AUC: 0.50 [VAL] Loss: 0.7249, Accuracy: 48.10%, Precision: 0.48, Recall: 0.97, F1: 0.64, AUC: 0.51
Epoch [11/100] [TRAIN] Loss: 0.7245, Accuracy: 50.33%, AUC: 0.51 [VAL] Loss: 0.7248, Accuracy: 48.20%, Precision: 0.48, Recall: 0.97, F1: 0.64, AUC: 0.51
Epoch [12/100] [TRAIN] Loss: 0.7243, Accuracy: 50.88%, AUC: 0.51 [VAL] Loss: 0.7247, Accuracy: 48.50%, Precision: 0.48, Recall: 0.98, F1: 0.64, AUC: 0.51
Epoch [13/100] [TRAIN] Loss: 0.7246, Accuracy: 50.34%, AUC: 0.51 [VAL] Loss: 0.7247, Accuracy: 48.40%, Precision: 0.48, Recall: 0.98, F1: 0.64, AUC: 0.51
Epoch [14/100] [TRAIN] Loss: 0.7247, Accuracy: 49.96%, AUC: 0.50 [VAL] Loss: 0.7246, Accuracy: 48.30%, Precision: 0.48, Recall: 0.97, F1: 0.64, AUC: 0.51
Epoch [15/100] [TRAIN] Loss: 0.7244, Accuracy: 51.12%, AUC: 0.51 [VAL] Loss: 0.7245, Accuracy: 48.30%, Precision: 0.48, Recall: 0.97, F1: 0.64, AUC: 0.51
Epoch [16/100] [TRAIN] Loss: 0.7243, Accuracy: 51.01%, AUC: 0.51 [VAL] Loss: 0.7245, Accuracy: 48.30%, Precision: 0.48, Recall: 0.97, F1: 0.64, AUC: 0.51
Epoch [17/100] [TRAIN] Loss: 0.7240, Accuracy: 50.40%, AUC: 0.51 [VAL] Loss: 0.7244, Accuracy: 48.30%, Precision: 0.48, Recall: 0.97, F1: 0.64, AUC: 0.51
Epoch [18/100] [TRAIN] Loss: 0.7244, Accuracy: 51.11%, AUC: 0.51 [VAL] Loss: 0.7243, Accuracy: 48.30%, Precision: 0.48, Recall: 0.97, F1: 0.64, AUC: 0.51
Epoch [19/100] [TRAIN] Loss: 0.7239, Accuracy: 51.05%, AUC: 0.52 [VAL] Loss: 0.7243, Accuracy: 48.30%, Precision: 0.48, Recall: 0.97, F1: 0.64, AUC: 0.51
Epoch [20/100] [TRAIN] Loss: 0.7243, Accuracy: 50.25%, AUC: 0.50 [VAL] Loss: 0.7242, Accuracy: 48.30%, Precision: 0.48, Recall: 0.97, F1: 0.64, AUC: 0.51
Epoch [21/100] [TRAIN] Loss: 0.7242, Accuracy: 49.96%, AUC: 0.51 [VAL] Loss: 0.7242, Accuracy: 48.30%, Precision: 0.48, Recall: 0.97, F1: 0.64, AUC: 0.51
Epoch [22/100] [TRAIN] Loss: 0.7240, Accuracy: 49.41%, AUC: 0.50 [VAL] Loss: 0.7241, Accuracy: 48.20%, Precision: 0.48, Recall: 0.97, F1: 0.64, AUC: 0.51
Epoch [23/100] [TRAIN] Loss: 0.7242, Accuracy: 49.67%, AUC: 0.50 [VAL] Loss: 0.7240, Accuracy: 48.20%, Precision: 0.48, Recall: 0.97, F1: 0.64, AUC: 0.51
Epoch [24/100] [TRAIN] Loss: 0.7239, Accuracy: 50.38%, AUC: 0.50 [VAL] Loss: 0.7240, Accuracy: 48.20%, Precision: 0.48, Recall: 0.97, F1: 0.64, AUC: 0.51
Epoch [25/100] [TRAIN] Loss: 0.7239, Accuracy: 51.29%, AUC: 0.52 [VAL] Loss: 0.7239, Accuracy: 48.20%, Precision: 0.48, Recall: 0.97, F1: 0.64, AUC: 0.51
Epoch [26/100] [TRAIN] Loss: 0.7237, Accuracy: 49.81%, AUC: 0.51 [VAL] Loss: 0.7239, Accuracy: 48.20%, Precision: 0.48, Recall: 0.97, F1: 0.64, AUC: 0.51
Epoch [27/100] [TRAIN] Loss: 0.7236, Accuracy: 50.89%, AUC: 0.51 [VAL] Loss: 0.7238, Accuracy: 48.20%, Precision: 0.48, Recall: 0.97, F1: 0.64, AUC: 0.51
Epoch [28/100] [TRAIN] Loss: 0.7235, Accuracy: 50.39%, AUC: 0.51 [VAL] Loss: 0.7238, Accuracy: 48.20%, Precision: 0.48, Recall: 0.97, F1: 0.64, AUC: 0.51
Epoch [29/100] [TRAIN] Loss: 0.7238, Accuracy: 49.42%, AUC: 0.50 [VAL] Loss: 0.7237, Accuracy: 48.20%, Precision: 0.48, Recall: 0.97, F1: 0.64, AUC: 0.51
Epoch [30/100] [TRAIN] Loss: 0.7234, Accuracy: 49.99%, AUC: 0.51 [VAL] Loss: 0.7237, Accuracy: 48.20%, Precision: 0.48, Recall: 0.97, F1: 0.64, AUC: 0.51
Epoch [31/100] [TRAIN] Loss: 0.7236, Accuracy: 50.98%, AUC: 0.51 [VAL] Loss: 0.7236, Accuracy: 48.20%, Precision: 0.48, Recall: 0.97, F1: 0.64, AUC: 0.51
Epoch [32/100] [TRAIN] Loss: 0.7234, Accuracy: 50.26%, AUC: 0.51 [VAL] Loss: 0.7236, Accuracy: 48.20%, Precision: 0.48, Recall: 0.97, F1: 0.64, AUC: 0.51
Epoch [33/100] [TRAIN] Loss: 0.7232, Accuracy: 50.01%, AUC: 0.50 [VAL] Loss: 0.7235, Accuracy: 48.20%, Precision: 0.48, Recall: 0.97, F1: 0.64, AUC: 0.51
Epoch [34/100] [TRAIN] Loss: 0.7233, Accuracy: 50.94%, AUC: 0.51 [VAL] Loss: 0.7235, Accuracy: 48.20%, Precision: 0.48, Recall: 0.97, F1: 0.64, AUC: 0.51
Epoch [35/100] [TRAIN] Loss: 0.7230, Accuracy: 50.29%, AUC: 0.51 [VAL] Loss: 0.7234, Accuracy: 48.20%, Precision: 0.48, Recall: 0.97, F1: 0.64, AUC: 0.51
Epoch [36/100] [TRAIN] Loss: 0.7231, Accuracy: 50.54%, AUC: 0.51 [VAL] Loss: 0.7234, Accuracy: 48.20%, Precision: 0.48, Recall: 0.97, F1: 0.64, AUC: 0.51
Epoch [37/100] [TRAIN] Loss: 0.7233, Accuracy: 50.71%, AUC: 0.51 [VAL] Loss: 0.7234, Accuracy: 48.20%, Precision: 0.48, Recall: 0.97, F1: 0.64, AUC: 0.51
Epoch [38/100] [TRAIN] Loss: 0.7232, Accuracy: 50.26%, AUC: 0.51 [VAL] Loss: 0.7233, Accuracy: 48.20%, Precision: 0.48, Recall: 0.97, F1: 0.64, AUC: 0.51
Epoch [39/100] [TRAIN] Loss: 0.7230, Accuracy: 50.39%, AUC: 0.51 [VAL] Loss: 0.7233, Accuracy: 48.20%, Precision: 0.48, Recall: 0.97, F1: 0.64, AUC: 0.51
Epoch [40/100] [TRAIN] Loss: 0.7231, Accuracy: 50.25%, AUC: 0.51 [VAL] Loss: 0.7232, Accuracy: 48.20%, Precision: 0.48, Recall: 0.97, F1: 0.64, AUC: 0.51
Epoch [41/100] [TRAIN] Loss: 0.7229, Accuracy: 50.85%, AUC: 0.52 [VAL] Loss: 0.7232, Accuracy: 48.40%, Precision: 0.48, Recall: 0.98, F1: 0.64, AUC: 0.51
Epoch [42/100] [TRAIN] Loss: 0.7229, Accuracy: 50.89%, AUC: 0.52 [VAL] Loss: 0.7232, Accuracy: 48.50%, Precision: 0.48, Recall: 0.98, F1: 0.64, AUC: 0.51
Epoch [43/100] [TRAIN] Loss: 0.7232, Accuracy: 50.58%, AUC: 0.51 [VAL] Loss: 0.7231, Accuracy: 48.50%, Precision: 0.48, Recall: 0.98, F1: 0.64, AUC: 0.51
Epoch [44/100] [TRAIN] Loss: 0.7231, Accuracy: 50.19%, AUC: 0.51 [VAL] Loss: 0.7231, Accuracy: 48.70%, Precision: 0.48, Recall: 0.98, F1: 0.64, AUC: 0.52
Epoch [45/100] [TRAIN] Loss: 0.7231, Accuracy: 50.12%, AUC: 0.50 [VAL] Loss: 0.7230, Accuracy: 48.70%, Precision: 0.48, Recall: 0.98, F1: 0.64, AUC: 0.52
Epoch [46/100] [TRAIN] Loss: 0.7228, Accuracy: 51.17%, AUC: 0.51 [VAL] Loss: 0.7230, Accuracy: 48.70%, Precision: 0.48, Recall: 0.98, F1: 0.64, AUC: 0.52
Epoch [47/100] [TRAIN] Loss: 0.7231, Accuracy: 50.44%, AUC: 0.50 [VAL] Loss: 0.7230, Accuracy: 48.70%, Precision: 0.48, Recall: 0.98, F1: 0.64, AUC: 0.52
Epoch [48/100] [TRAIN] Loss: 0.7226, Accuracy: 49.67%, AUC: 0.51 [VAL] Loss: 0.7229, Accuracy: 48.70%, Precision: 0.48, Recall: 0.98, F1: 0.64, AUC: 0.52
Epoch [49/100] [TRAIN] Loss: 0.7224, Accuracy: 51.40%, AUC: 0.52 [VAL] Loss: 0.7229, Accuracy: 48.70%, Precision: 0.48, Recall: 0.98, F1: 0.64, AUC: 0.52
Epoch [50/100] [TRAIN] Loss: 0.7231, Accuracy: 49.81%, AUC: 0.50 [VAL] Loss: 0.7229, Accuracy: 48.70%, Precision: 0.48, Recall: 0.98, F1: 0.64, AUC: 0.52
Epoch [51/100] [TRAIN] Loss: 0.7228, Accuracy: 50.14%, AUC: 0.50 [VAL] Loss: 0.7228, Accuracy: 48.70%, Precision: 0.48, Recall: 0.98, F1: 0.64, AUC: 0.52
Epoch [52/100] [TRAIN] Loss: 0.7231, Accuracy: 49.86%, AUC: 0.50 [VAL] Loss: 0.7228, Accuracy: 48.70%, Precision: 0.48, Recall: 0.98, F1: 0.64, AUC: 0.52
Epoch [53/100] [TRAIN] Loss: 0.7221, Accuracy: 51.77%, AUC: 0.53 [VAL] Loss: 0.7228, Accuracy: 48.70%, Precision: 0.48, Recall: 0.98, F1: 0.64, AUC: 0.52
Epoch [54/100] [TRAIN] Loss: 0.7222, Accuracy: 51.00%, AUC: 0.52 [VAL] Loss: 0.7227, Accuracy: 48.70%, Precision: 0.48, Recall: 0.98, F1: 0.64, AUC: 0.52
Epoch [55/100] [TRAIN] Loss: 0.7225, Accuracy: 51.09%, AUC: 0.51 [VAL] Loss: 0.7227, Accuracy: 48.70%, Precision: 0.48, Recall: 0.98, F1: 0.64, AUC: 0.52
Epoch [56/100] [TRAIN] Loss: 0.7226, Accuracy: 50.09%, AUC: 0.51 [VAL] Loss: 0.7227, Accuracy: 48.70%, Precision: 0.48, Recall: 0.98, F1: 0.64, AUC: 0.52
Epoch [57/100] [TRAIN] Loss: 0.7226, Accuracy: 50.60%, AUC: 0.51 [VAL] Loss: 0.7226, Accuracy: 48.70%, Precision: 0.48, Recall: 0.98, F1: 0.64, AUC: 0.52
Epoch [58/100] [TRAIN] Loss: 0.7226, Accuracy: 50.30%, AUC: 0.51 [VAL] Loss: 0.7226, Accuracy: 48.70%, Precision: 0.48, Recall: 0.98, F1: 0.64, AUC: 0.52
Epoch [59/100] [TRAIN] Loss: 0.7223, Accuracy: 51.49%, AUC: 0.52 [VAL] Loss: 0.7226, Accuracy: 48.70%, Precision: 0.48, Recall: 0.98, F1: 0.64, AUC: 0.52
Epoch [60/100] [TRAIN] Loss: 0.7223, Accuracy: 50.88%, AUC: 0.52 [VAL] Loss: 0.7226, Accuracy: 48.70%, Precision: 0.48, Recall: 0.98, F1: 0.64, AUC: 0.52
Epoch [61/100] [TRAIN] Loss: 0.7226, Accuracy: 50.42%, AUC: 0.51 [VAL] Loss: 0.7225, Accuracy: 48.70%, Precision: 0.48, Recall: 0.98, F1: 0.64, AUC: 0.52
Epoch [62/100] [TRAIN] Loss: 0.7222, Accuracy: 51.19%, AUC: 0.51 [VAL] Loss: 0.7225, Accuracy: 48.70%, Precision: 0.48, Recall: 0.98, F1: 0.64, AUC: 0.52
Epoch [63/100] [TRAIN] Loss: 0.7220, Accuracy: 50.92%, AUC: 0.52 [VAL] Loss: 0.7225, Accuracy: 48.70%, Precision: 0.48, Recall: 0.98, F1: 0.64, AUC: 0.52
Epoch [64/100] [TRAIN] Loss: 0.7223, Accuracy: 50.48%, AUC: 0.51 [VAL] Loss: 0.7224, Accuracy: 48.70%, Precision: 0.48, Recall: 0.98, F1: 0.64, AUC: 0.52
Epoch [65/100] [TRAIN] Loss: 0.7222, Accuracy: 50.48%, AUC: 0.51 [VAL] Loss: 0.7224, Accuracy: 48.70%, Precision: 0.48, Recall: 0.98, F1: 0.64, AUC: 0.52
Epoch [66/100] [TRAIN] Loss: 0.7221, Accuracy: 51.33%, AUC: 0.52 [VAL] Loss: 0.7224, Accuracy: 48.70%, Precision: 0.48, Recall: 0.98, F1: 0.64, AUC: 0.52
Epoch [67/100] [TRAIN] Loss: 0.7220, Accuracy: 50.42%, AUC: 0.51 [VAL] Loss: 0.7224, Accuracy: 48.70%, Precision: 0.48, Recall: 0.98, F1: 0.64, AUC: 0.52
Epoch [68/100] [TRAIN] Loss: 0.7226, Accuracy: 49.81%, AUC: 0.50 [VAL] Loss: 0.7223, Accuracy: 48.70%, Precision: 0.48, Recall: 0.98, F1: 0.64, AUC: 0.52
Epoch [69/100] [TRAIN] Loss: 0.7221, Accuracy: 51.29%, AUC: 0.51 [VAL] Loss: 0.7223, Accuracy: 48.70%, Precision: 0.48, Recall: 0.98, F1: 0.64, AUC: 0.52
Epoch [70/100] [TRAIN] Loss: 0.7222, Accuracy: 50.30%, AUC: 0.51 [VAL] Loss: 0.7223, Accuracy: 48.70%, Precision: 0.48, Recall: 0.98, F1: 0.64, AUC: 0.52
Epoch [71/100] [TRAIN] Loss: 0.7221, Accuracy: 50.16%, AUC: 0.51 [VAL] Loss: 0.7223, Accuracy: 48.70%, Precision: 0.48, Recall: 0.98, F1: 0.64, AUC: 0.52
Epoch [72/100] [TRAIN] Loss: 0.7222, Accuracy: 50.45%, AUC: 0.51 [VAL] Loss: 0.7222, Accuracy: 48.70%, Precision: 0.48, Recall: 0.98, F1: 0.64, AUC: 0.52
Epoch [73/100] [TRAIN] Loss: 0.7221, Accuracy: 50.99%, AUC: 0.51 [VAL] Loss: 0.7222, Accuracy: 48.70%, Precision: 0.48, Recall: 0.98, F1: 0.64, AUC: 0.52
Epoch [74/100] [TRAIN] Loss: 0.7218, Accuracy: 51.49%, AUC: 0.52 [VAL] Loss: 0.7222, Accuracy: 48.70%, Precision: 0.48, Recall: 0.98, F1: 0.64, AUC: 0.52
Epoch [75/100] [TRAIN] Loss: 0.7219, Accuracy: 51.06%, AUC: 0.51 [VAL] Loss: 0.7222, Accuracy: 48.70%, Precision: 0.48, Recall: 0.98, F1: 0.64, AUC: 0.52
Epoch [76/100] [TRAIN] Loss: 0.7216, Accuracy: 50.84%, AUC: 0.52 [VAL] Loss: 0.7221, Accuracy: 48.70%, Precision: 0.48, Recall: 0.98, F1: 0.64, AUC: 0.52
Epoch [77/100] [TRAIN] Loss: 0.7222, Accuracy: 49.40%, AUC: 0.50 [VAL] Loss: 0.7221, Accuracy: 48.70%, Precision: 0.48, Recall: 0.98, F1: 0.64, AUC: 0.52
Epoch [78/100] [TRAIN] Loss: 0.7220, Accuracy: 50.44%, AUC: 0.51 [VAL] Loss: 0.7221, Accuracy: 48.70%, Precision: 0.48, Recall: 0.98, F1: 0.64, AUC: 0.52
Epoch [79/100] [TRAIN] Loss: 0.7221, Accuracy: 50.14%, AUC: 0.50 [VAL] Loss: 0.7221, Accuracy: 48.70%, Precision: 0.48, Recall: 0.98, F1: 0.64, AUC: 0.52
Epoch [80/100] [TRAIN] Loss: 0.7218, Accuracy: 50.96%, AUC: 0.51 [VAL] Loss: 0.7220, Accuracy: 48.70%, Precision: 0.48, Recall: 0.98, F1: 0.64, AUC: 0.52
Epoch [81/100] [TRAIN] Loss: 0.7219, Accuracy: 50.08%, AUC: 0.51 [VAL] Loss: 0.7220, Accuracy: 48.70%, Precision: 0.48, Recall: 0.98, F1: 0.64, AUC: 0.52
Epoch [82/100] [TRAIN] Loss: 0.7219, Accuracy: 49.70%, AUC: 0.50 [VAL] Loss: 0.7220, Accuracy: 48.70%, Precision: 0.48, Recall: 0.98, F1: 0.64, AUC: 0.52
Epoch [83/100] [TRAIN] Loss: 0.7216, Accuracy: 50.79%, AUC: 0.51 [VAL] Loss: 0.7220, Accuracy: 48.70%, Precision: 0.48, Recall: 0.98, F1: 0.64, AUC: 0.52
Epoch [84/100] [TRAIN] Loss: 0.7217, Accuracy: 50.84%, AUC: 0.51 [VAL] Loss: 0.7219, Accuracy: 48.70%, Precision: 0.48, Recall: 0.98, F1: 0.64, AUC: 0.52
Epoch [85/100] [TRAIN] Loss: 0.7214, Accuracy: 51.09%, AUC: 0.52 [VAL] Loss: 0.7219, Accuracy: 48.70%, Precision: 0.48, Recall: 0.98, F1: 0.64, AUC: 0.52
Epoch [86/100] [TRAIN] Loss: 0.7218, Accuracy: 50.55%, AUC: 0.51 [VAL] Loss: 0.7219, Accuracy: 48.70%, Precision: 0.48, Recall: 0.98, F1: 0.64, AUC: 0.52
Epoch [87/100] [TRAIN] Loss: 0.7217, Accuracy: 50.30%, AUC: 0.51 [VAL] Loss: 0.7219, Accuracy: 48.70%, Precision: 0.48, Recall: 0.98, F1: 0.64, AUC: 0.52
Epoch [88/100] [TRAIN] Loss: 0.7216, Accuracy: 51.55%, AUC: 0.52 [VAL] Loss: 0.7219, Accuracy: 48.70%, Precision: 0.48, Recall: 0.98, F1: 0.64, AUC: 0.52
Epoch [89/100] [TRAIN] Loss: 0.7219, Accuracy: 49.73%, AUC: 0.50 [VAL] Loss: 0.7218, Accuracy: 48.70%, Precision: 0.48, Recall: 0.98, F1: 0.64, AUC: 0.52
Epoch [90/100] [TRAIN] Loss: 0.7217, Accuracy: 50.25%, AUC: 0.51 [VAL] Loss: 0.7218, Accuracy: 48.70%, Precision: 0.48, Recall: 0.98, F1: 0.64, AUC: 0.52
Epoch [91/100] [TRAIN] Loss: 0.7213, Accuracy: 50.89%, AUC: 0.52 [VAL] Loss: 0.7218, Accuracy: 48.70%, Precision: 0.48, Recall: 0.98, F1: 0.64, AUC: 0.52
Epoch [92/100] [TRAIN] Loss: 0.7217, Accuracy: 51.16%, AUC: 0.52 [VAL] Loss: 0.7218, Accuracy: 48.70%, Precision: 0.48, Recall: 0.98, F1: 0.64, AUC: 0.52
Epoch [93/100] [TRAIN] Loss: 0.7217, Accuracy: 49.56%, AUC: 0.50 [VAL] Loss: 0.7217, Accuracy: 48.70%, Precision: 0.48, Recall: 0.98, F1: 0.64, AUC: 0.52
Epoch [94/100] [TRAIN] Loss: 0.7216, Accuracy: 50.49%, AUC: 0.51 [VAL] Loss: 0.7217, Accuracy: 48.70%, Precision: 0.48, Recall: 0.98, F1: 0.64, AUC: 0.52
Epoch [95/100] [TRAIN] Loss: 0.7215, Accuracy: 49.98%, AUC: 0.51 [VAL] Loss: 0.7217, Accuracy: 48.70%, Precision: 0.48, Recall: 0.98, F1: 0.64, AUC: 0.52
Epoch [96/100] [TRAIN] Loss: 0.7215, Accuracy: 50.79%, AUC: 0.51 [VAL] Loss: 0.7217, Accuracy: 48.70%, Precision: 0.48, Recall: 0.98, F1: 0.64, AUC: 0.52
Epoch [97/100] [TRAIN] Loss: 0.7215, Accuracy: 50.42%, AUC: 0.51 [VAL] Loss: 0.7217, Accuracy: 48.70%, Precision: 0.48, Recall: 0.98, F1: 0.64, AUC: 0.52
Epoch [98/100] [TRAIN] Loss: 0.7211, Accuracy: 51.67%, AUC: 0.52 [VAL] Loss: 0.7216, Accuracy: 48.70%, Precision: 0.48, Recall: 0.98, F1: 0.64, AUC: 0.52
Epoch [99/100] [TRAIN] Loss: 0.7212, Accuracy: 51.05%, AUC: 0.52 [VAL] Loss: 0.7216, Accuracy: 48.70%, Precision: 0.48, Recall: 0.98, F1: 0.64, AUC: 0.52
Epoch [100/100] [TRAIN] Loss: 0.7215, Accuracy: 50.49%, AUC: 0.51 [VAL] Loss: 0.7216, Accuracy: 48.70%, Precision: 0.48, Recall: 0.98, F1: 0.64, AUC: 0.52
  Antisymmetry score (raw):        0.0730
  Antisymmetry score (confident):  1.0000
  Total violations:                927 / 1000
  Pairs near boundary:             981 (98.1%)
  Avg |prob-0.5| at violation:     0.0000

--- Training baselines (LogisticRegression, RandomForest, SVM) ---

  Training LogisticRegression...
  Val accuracy: 52.00%  |  Val AUC: 0.4972

  [LogisticRegression]  Accuracy: 51.80%  AUC: 0.5082  AUCPRC: 0.4882  Precision: 0.5667  Recall: 0.0350  F1: 0.0659  Antisym: 0.0280

  Training RandomForest...
  Val accuracy: 52.60%  |  Val AUC: 0.5064

  [RandomForest]  Accuracy: 51.60%  AUC: 0.5065  AUCPRC: 0.4882  Precision: 0.5312  Recall: 0.0350  F1: 0.0656  Antisym: 0.0560

  Training SVM_Linear...
  Val accuracy: 52.30%  |  Val AUC: 0.4917

  [SVM_Linear]  Accuracy: 51.10%  AUC: 0.4892  AUCPRC: 0.4802  Precision: 0.4400  Recall: 0.0226  F1: 0.0431  Antisym: 0.0290
Seed: 456
=== DirectRanker ===
Accuracy:  49.20 %
AUC:       0.5104
AUCPRC:    0.4893
Precision: 0.4886
Recall:    0.9671
F1-Score:  0.6492
Antisymmetry score:  0.0730  (1.0 = perfect, ~0.5 = random)

Detailed Classification Report:
              precision    recall  f1-score   support

           0       0.58      0.04      0.08       514
           1       0.49      0.97      0.65       486

    accuracy                           0.49      1000
   macro avg       0.53      0.50      0.36      1000
weighted avg       0.54      0.49      0.36      1000


Confusion Matrix:
[[ 22 492]
 [ 16 470]]

=== LogisticRegression ===
Accuracy:  51.80 %
AUC:       0.5082
AUCPRC:    0.4882
Precision: 0.5667
Recall:    0.0350
F1-Score:  0.0659
Antisymmetry score:  0.0280
Confusion Matrix:
[[501  13]
 [469  17]]

=== RandomForest ===
Accuracy:  51.60 %
AUC:       0.5065
AUCPRC:    0.4882
Precision: 0.5312
Recall:    0.0350
F1-Score:  0.0656
Antisymmetry score:  0.0560
Confusion Matrix:
[[499  15]
 [469  17]]

=== SVM_Linear ===
Accuracy:  51.10 %
AUC:       0.4892
AUCPRC:    0.4802
Precision: 0.4400
Recall:    0.0226
F1-Score:  0.0431
Antisymmetry score:  0.0290
Confusion Matrix:
[[500  14]
 [475  11]]

Saved combined test metrics: /group/pmc021/amunif/epi-thesis/workflow/16_Pairwise Ranking Healthy Liver/output/combined/donor_3/test/002-H3K9me3-seed456-test-metrics.csv
Saved combined ROC plot: /group/pmc021/amunif/epi-thesis/workflow/16_Pairwise Ranking Healthy Liver/output/combined/donor_3/img/roc/002-H3K9me3-seed456-roc-combined.png
Saved combined PRC plot: /group/pmc021/amunif/epi-thesis/workflow/16_Pairwise Ranking Healthy Liver/output/combined/donor_3/img/prc/002-H3K9me3-seed456-prc-combined.png

Finished 002-H3K9me3 (seed 456)

======================================================================
003-H3K27ac
======================================================================
Train label distribution:
  Label 0:   4036 (50.4%)
  Label 1:   3964 (49.5%)
Val label distribution:
  Label 0:    528 (52.8%)
  Label 1:    472 (47.2%)
Test label distribution:
  Label 0:    514 (51.4%)
  Label 1:    486 (48.6%)
Saved label distribution: /group/pmc021/amunif/epi-thesis/workflow/16_Pairwise Ranking Healthy Liver/output/combined/donor_3/test/003-H3K27ac-seed456-label-distribution.csv

--- Training DirectRanker ---
Epoch [1/100] [TRAIN] Loss: 0.6544, Accuracy: 67.90%, AUC: 0.74 [VAL] Loss: 0.5666, Accuracy: 74.30%, Precision: 0.70, Recall: 0.79, F1: 0.74, AUC: 0.82
Epoch [2/100] [TRAIN] Loss: 0.6219, Accuracy: 72.34%, AUC: 0.78 [VAL] Loss: 0.5539, Accuracy: 74.50%, Precision: 0.70, Recall: 0.79, F1: 0.75, AUC: 0.83
Epoch [3/100] [TRAIN] Loss: 0.6178, Accuracy: 72.36%, AUC: 0.79 [VAL] Loss: 0.5499, Accuracy: 74.60%, Precision: 0.70, Recall: 0.80, F1: 0.75, AUC: 0.83
Epoch [4/100] [TRAIN] Loss: 0.6097, Accuracy: 73.10%, AUC: 0.79 [VAL] Loss: 0.5476, Accuracy: 74.50%, Precision: 0.70, Recall: 0.79, F1: 0.75, AUC: 0.83
Epoch [5/100] [TRAIN] Loss: 0.6095, Accuracy: 73.25%, AUC: 0.79 [VAL] Loss: 0.5457, Accuracy: 74.70%, Precision: 0.71, Recall: 0.79, F1: 0.75, AUC: 0.83
Epoch [6/100] [TRAIN] Loss: 0.6046, Accuracy: 72.75%, AUC: 0.79 [VAL] Loss: 0.5442, Accuracy: 74.80%, Precision: 0.71, Recall: 0.80, F1: 0.75, AUC: 0.83
Epoch [7/100] [TRAIN] Loss: 0.5947, Accuracy: 73.78%, AUC: 0.80 [VAL] Loss: 0.5413, Accuracy: 74.70%, Precision: 0.71, Recall: 0.79, F1: 0.75, AUC: 0.84
Epoch [8/100] [TRAIN] Loss: 0.5989, Accuracy: 73.12%, AUC: 0.80 [VAL] Loss: 0.5405, Accuracy: 74.70%, Precision: 0.70, Recall: 0.80, F1: 0.75, AUC: 0.84
Epoch [9/100] [TRAIN] Loss: 0.6002, Accuracy: 72.97%, AUC: 0.80 [VAL] Loss: 0.5408, Accuracy: 74.90%, Precision: 0.71, Recall: 0.80, F1: 0.75, AUC: 0.84
Epoch [10/100] [TRAIN] Loss: 0.5954, Accuracy: 73.55%, AUC: 0.80 [VAL] Loss: 0.5404, Accuracy: 74.90%, Precision: 0.71, Recall: 0.80, F1: 0.75, AUC: 0.84
Epoch [11/100] [TRAIN] Loss: 0.5978, Accuracy: 73.76%, AUC: 0.80 [VAL] Loss: 0.5401, Accuracy: 75.10%, Precision: 0.71, Recall: 0.80, F1: 0.75, AUC: 0.84
Epoch [12/100] [TRAIN] Loss: 0.5948, Accuracy: 74.00%, AUC: 0.80 [VAL] Loss: 0.5387, Accuracy: 75.00%, Precision: 0.71, Recall: 0.80, F1: 0.75, AUC: 0.84
Epoch [13/100] [TRAIN] Loss: 0.5911, Accuracy: 73.59%, AUC: 0.80 [VAL] Loss: 0.5371, Accuracy: 75.00%, Precision: 0.71, Recall: 0.80, F1: 0.75, AUC: 0.84
Epoch [14/100] [TRAIN] Loss: 0.5915, Accuracy: 73.96%, AUC: 0.80 [VAL] Loss: 0.5373, Accuracy: 75.00%, Precision: 0.71, Recall: 0.80, F1: 0.75, AUC: 0.84
Epoch [15/100] [TRAIN] Loss: 0.5910, Accuracy: 73.62%, AUC: 0.80 [VAL] Loss: 0.5365, Accuracy: 75.00%, Precision: 0.71, Recall: 0.80, F1: 0.75, AUC: 0.84
Epoch [16/100] [TRAIN] Loss: 0.5910, Accuracy: 73.54%, AUC: 0.80 [VAL] Loss: 0.5364, Accuracy: 75.00%, Precision: 0.71, Recall: 0.80, F1: 0.75, AUC: 0.84
Epoch [17/100] [TRAIN] Loss: 0.5907, Accuracy: 73.58%, AUC: 0.80 [VAL] Loss: 0.5360, Accuracy: 75.10%, Precision: 0.71, Recall: 0.80, F1: 0.75, AUC: 0.84
Epoch [18/100] [TRAIN] Loss: 0.5811, Accuracy: 73.94%, AUC: 0.81 [VAL] Loss: 0.5341, Accuracy: 75.10%, Precision: 0.71, Recall: 0.80, F1: 0.75, AUC: 0.84
Epoch [19/100] [TRAIN] Loss: 0.5902, Accuracy: 73.59%, AUC: 0.80 [VAL] Loss: 0.5353, Accuracy: 75.10%, Precision: 0.71, Recall: 0.80, F1: 0.75, AUC: 0.84
Epoch [20/100] [TRAIN] Loss: 0.5892, Accuracy: 74.00%, AUC: 0.80 [VAL] Loss: 0.5357, Accuracy: 75.20%, Precision: 0.71, Recall: 0.80, F1: 0.75, AUC: 0.84
Epoch [21/100] [TRAIN] Loss: 0.5892, Accuracy: 73.72%, AUC: 0.80 [VAL] Loss: 0.5345, Accuracy: 75.20%, Precision: 0.71, Recall: 0.80, F1: 0.75, AUC: 0.84
Epoch [22/100] [TRAIN] Loss: 0.5841, Accuracy: 73.69%, AUC: 0.81 [VAL] Loss: 0.5333, Accuracy: 75.00%, Precision: 0.71, Recall: 0.80, F1: 0.75, AUC: 0.84
Epoch [23/100] [TRAIN] Loss: 0.5870, Accuracy: 73.81%, AUC: 0.80 [VAL] Loss: 0.5336, Accuracy: 75.20%, Precision: 0.71, Recall: 0.80, F1: 0.75, AUC: 0.84
Epoch [24/100] [TRAIN] Loss: 0.5847, Accuracy: 73.53%, AUC: 0.81 [VAL] Loss: 0.5336, Accuracy: 75.20%, Precision: 0.71, Recall: 0.80, F1: 0.75, AUC: 0.84
Epoch [25/100] [TRAIN] Loss: 0.5855, Accuracy: 73.99%, AUC: 0.81 [VAL] Loss: 0.5341, Accuracy: 75.30%, Precision: 0.71, Recall: 0.80, F1: 0.75, AUC: 0.84
Epoch [26/100] [TRAIN] Loss: 0.5817, Accuracy: 73.97%, AUC: 0.81 [VAL] Loss: 0.5330, Accuracy: 75.20%, Precision: 0.71, Recall: 0.80, F1: 0.75, AUC: 0.84
Epoch [27/100] [TRAIN] Loss: 0.5794, Accuracy: 74.14%, AUC: 0.81 [VAL] Loss: 0.5322, Accuracy: 75.20%, Precision: 0.71, Recall: 0.80, F1: 0.75, AUC: 0.84
Epoch [28/100] [TRAIN] Loss: 0.5820, Accuracy: 74.03%, AUC: 0.81 [VAL] Loss: 0.5319, Accuracy: 75.10%, Precision: 0.71, Recall: 0.80, F1: 0.75, AUC: 0.84
Epoch [29/100] [TRAIN] Loss: 0.5810, Accuracy: 74.06%, AUC: 0.81 [VAL] Loss: 0.5317, Accuracy: 75.10%, Precision: 0.71, Recall: 0.80, F1: 0.75, AUC: 0.84
Epoch [30/100] [TRAIN] Loss: 0.5794, Accuracy: 73.46%, AUC: 0.81 [VAL] Loss: 0.5309, Accuracy: 75.40%, Precision: 0.71, Recall: 0.80, F1: 0.75, AUC: 0.84
Epoch [31/100] [TRAIN] Loss: 0.5867, Accuracy: 72.83%, AUC: 0.80 [VAL] Loss: 0.5317, Accuracy: 75.30%, Precision: 0.71, Recall: 0.80, F1: 0.75, AUC: 0.84
Epoch [32/100] [TRAIN] Loss: 0.5801, Accuracy: 73.66%, AUC: 0.81 [VAL] Loss: 0.5308, Accuracy: 75.30%, Precision: 0.71, Recall: 0.80, F1: 0.75, AUC: 0.84
Epoch [33/100] [TRAIN] Loss: 0.5795, Accuracy: 73.89%, AUC: 0.81 [VAL] Loss: 0.5306, Accuracy: 75.40%, Precision: 0.71, Recall: 0.80, F1: 0.75, AUC: 0.84
Epoch [34/100] [TRAIN] Loss: 0.5798, Accuracy: 73.62%, AUC: 0.81 [VAL] Loss: 0.5294, Accuracy: 75.30%, Precision: 0.71, Recall: 0.80, F1: 0.75, AUC: 0.84
Epoch [35/100] [TRAIN] Loss: 0.5811, Accuracy: 73.80%, AUC: 0.81 [VAL] Loss: 0.5306, Accuracy: 75.40%, Precision: 0.71, Recall: 0.80, F1: 0.75, AUC: 0.84
Epoch [36/100] [TRAIN] Loss: 0.5771, Accuracy: 73.66%, AUC: 0.81 [VAL] Loss: 0.5304, Accuracy: 75.50%, Precision: 0.72, Recall: 0.80, F1: 0.75, AUC: 0.84
Epoch [37/100] [TRAIN] Loss: 0.5779, Accuracy: 73.59%, AUC: 0.81 [VAL] Loss: 0.5304, Accuracy: 75.40%, Precision: 0.71, Recall: 0.80, F1: 0.75, AUC: 0.84
Epoch [38/100] [TRAIN] Loss: 0.5776, Accuracy: 73.26%, AUC: 0.81 [VAL] Loss: 0.5297, Accuracy: 75.40%, Precision: 0.71, Recall: 0.80, F1: 0.75, AUC: 0.84
Epoch [39/100] [TRAIN] Loss: 0.5754, Accuracy: 74.22%, AUC: 0.81 [VAL] Loss: 0.5290, Accuracy: 75.40%, Precision: 0.71, Recall: 0.80, F1: 0.75, AUC: 0.84
Epoch [40/100] [TRAIN] Loss: 0.5769, Accuracy: 74.03%, AUC: 0.81 [VAL] Loss: 0.5288, Accuracy: 75.40%, Precision: 0.71, Recall: 0.80, F1: 0.75, AUC: 0.84
Epoch [41/100] [TRAIN] Loss: 0.5724, Accuracy: 73.83%, AUC: 0.81 [VAL] Loss: 0.5274, Accuracy: 75.40%, Precision: 0.71, Recall: 0.80, F1: 0.75, AUC: 0.84
Epoch [42/100] [TRAIN] Loss: 0.5756, Accuracy: 74.15%, AUC: 0.81 [VAL] Loss: 0.5286, Accuracy: 75.50%, Precision: 0.72, Recall: 0.79, F1: 0.75, AUC: 0.85
Epoch [43/100] [TRAIN] Loss: 0.5752, Accuracy: 73.53%, AUC: 0.81 [VAL] Loss: 0.5274, Accuracy: 75.50%, Precision: 0.72, Recall: 0.80, F1: 0.75, AUC: 0.85
Epoch [44/100] [TRAIN] Loss: 0.5769, Accuracy: 73.41%, AUC: 0.81 [VAL] Loss: 0.5284, Accuracy: 75.40%, Precision: 0.71, Recall: 0.80, F1: 0.75, AUC: 0.85
Epoch [45/100] [TRAIN] Loss: 0.5747, Accuracy: 73.94%, AUC: 0.81 [VAL] Loss: 0.5281, Accuracy: 75.40%, Precision: 0.71, Recall: 0.80, F1: 0.75, AUC: 0.85
Epoch [46/100] [TRAIN] Loss: 0.5760, Accuracy: 73.34%, AUC: 0.81 [VAL] Loss: 0.5279, Accuracy: 75.40%, Precision: 0.71, Recall: 0.80, F1: 0.75, AUC: 0.85
Epoch [47/100] [TRAIN] Loss: 0.5740, Accuracy: 73.35%, AUC: 0.81 [VAL] Loss: 0.5272, Accuracy: 75.50%, Precision: 0.71, Recall: 0.80, F1: 0.76, AUC: 0.85
Epoch [48/100] [TRAIN] Loss: 0.5770, Accuracy: 73.71%, AUC: 0.81 [VAL] Loss: 0.5278, Accuracy: 75.50%, Precision: 0.72, Recall: 0.80, F1: 0.75, AUC: 0.85
Epoch [49/100] [TRAIN] Loss: 0.5747, Accuracy: 74.28%, AUC: 0.81 [VAL] Loss: 0.5275, Accuracy: 75.60%, Precision: 0.72, Recall: 0.80, F1: 0.76, AUC: 0.85
Epoch [50/100] [TRAIN] Loss: 0.5736, Accuracy: 74.35%, AUC: 0.81 [VAL] Loss: 0.5269, Accuracy: 75.50%, Precision: 0.72, Recall: 0.80, F1: 0.75, AUC: 0.85
Epoch [51/100] [TRAIN] Loss: 0.5721, Accuracy: 73.71%, AUC: 0.81 [VAL] Loss: 0.5274, Accuracy: 75.70%, Precision: 0.72, Recall: 0.80, F1: 0.76, AUC: 0.85
Epoch [52/100] [TRAIN] Loss: 0.5737, Accuracy: 74.26%, AUC: 0.81 [VAL] Loss: 0.5278, Accuracy: 75.60%, Precision: 0.72, Recall: 0.80, F1: 0.76, AUC: 0.85
Epoch [53/100] [TRAIN] Loss: 0.5715, Accuracy: 74.58%, AUC: 0.81 [VAL] Loss: 0.5260, Accuracy: 75.50%, Precision: 0.72, Recall: 0.79, F1: 0.75, AUC: 0.85
Epoch [54/100] [TRAIN] Loss: 0.5708, Accuracy: 73.91%, AUC: 0.81 [VAL] Loss: 0.5259, Accuracy: 75.60%, Precision: 0.72, Recall: 0.80, F1: 0.76, AUC: 0.85
Epoch [55/100] [TRAIN] Loss: 0.5765, Accuracy: 73.46%, AUC: 0.81 [VAL] Loss: 0.5266, Accuracy: 75.60%, Precision: 0.72, Recall: 0.80, F1: 0.76, AUC: 0.85
Epoch [56/100] [TRAIN] Loss: 0.5713, Accuracy: 73.88%, AUC: 0.81 [VAL] Loss: 0.5259, Accuracy: 75.50%, Precision: 0.72, Recall: 0.80, F1: 0.75, AUC: 0.85
Epoch [57/100] [TRAIN] Loss: 0.5700, Accuracy: 73.97%, AUC: 0.81 [VAL] Loss: 0.5262, Accuracy: 75.40%, Precision: 0.71, Recall: 0.80, F1: 0.75, AUC: 0.85
Epoch [58/100] [TRAIN] Loss: 0.5685, Accuracy: 73.71%, AUC: 0.81 [VAL] Loss: 0.5252, Accuracy: 75.40%, Precision: 0.72, Recall: 0.79, F1: 0.75, AUC: 0.85
Epoch [59/100] [TRAIN] Loss: 0.5695, Accuracy: 74.53%, AUC: 0.82 [VAL] Loss: 0.5250, Accuracy: 75.50%, Precision: 0.72, Recall: 0.80, F1: 0.75, AUC: 0.85
Epoch [60/100] [TRAIN] Loss: 0.5678, Accuracy: 73.51%, AUC: 0.81 [VAL] Loss: 0.5244, Accuracy: 75.50%, Precision: 0.72, Recall: 0.80, F1: 0.75, AUC: 0.85
Epoch [61/100] [TRAIN] Loss: 0.5699, Accuracy: 74.26%, AUC: 0.82 [VAL] Loss: 0.5250, Accuracy: 75.40%, Precision: 0.72, Recall: 0.79, F1: 0.75, AUC: 0.85
Epoch [62/100] [TRAIN] Loss: 0.5714, Accuracy: 73.56%, AUC: 0.81 [VAL] Loss: 0.5250, Accuracy: 75.40%, Precision: 0.72, Recall: 0.79, F1: 0.75, AUC: 0.85
Epoch [63/100] [TRAIN] Loss: 0.5704, Accuracy: 74.06%, AUC: 0.81 [VAL] Loss: 0.5244, Accuracy: 75.30%, Precision: 0.71, Recall: 0.79, F1: 0.75, AUC: 0.85
Epoch [64/100] [TRAIN] Loss: 0.5658, Accuracy: 74.35%, AUC: 0.82 [VAL] Loss: 0.5238, Accuracy: 75.30%, Precision: 0.71, Recall: 0.79, F1: 0.75, AUC: 0.85
Epoch [65/100] [TRAIN] Loss: 0.5697, Accuracy: 73.88%, AUC: 0.81 [VAL] Loss: 0.5242, Accuracy: 75.30%, Precision: 0.71, Recall: 0.79, F1: 0.75, AUC: 0.85
Epoch [66/100] [TRAIN] Loss: 0.5671, Accuracy: 74.39%, AUC: 0.82 [VAL] Loss: 0.5228, Accuracy: 75.30%, Precision: 0.71, Recall: 0.79, F1: 0.75, AUC: 0.85
Epoch [67/100] [TRAIN] Loss: 0.5693, Accuracy: 74.03%, AUC: 0.81 [VAL] Loss: 0.5242, Accuracy: 75.30%, Precision: 0.71, Recall: 0.80, F1: 0.75, AUC: 0.85
Epoch [68/100] [TRAIN] Loss: 0.5686, Accuracy: 74.03%, AUC: 0.81 [VAL] Loss: 0.5245, Accuracy: 75.20%, Precision: 0.71, Recall: 0.79, F1: 0.75, AUC: 0.85
Epoch [69/100] [TRAIN] Loss: 0.5646, Accuracy: 74.26%, AUC: 0.82 [VAL] Loss: 0.5230, Accuracy: 75.10%, Precision: 0.71, Recall: 0.79, F1: 0.75, AUC: 0.85
Epoch [70/100] [TRAIN] Loss: 0.5646, Accuracy: 74.31%, AUC: 0.82 [VAL] Loss: 0.5230, Accuracy: 75.30%, Precision: 0.71, Recall: 0.79, F1: 0.75, AUC: 0.85
Epoch [71/100] [TRAIN] Loss: 0.5684, Accuracy: 73.91%, AUC: 0.81 [VAL] Loss: 0.5234, Accuracy: 75.50%, Precision: 0.72, Recall: 0.80, F1: 0.75, AUC: 0.85
Epoch [72/100] [TRAIN] Loss: 0.5673, Accuracy: 73.79%, AUC: 0.81 [VAL] Loss: 0.5229, Accuracy: 75.40%, Precision: 0.72, Recall: 0.79, F1: 0.75, AUC: 0.85
Epoch [73/100] [TRAIN] Loss: 0.5678, Accuracy: 74.01%, AUC: 0.82 [VAL] Loss: 0.5229, Accuracy: 75.40%, Precision: 0.72, Recall: 0.79, F1: 0.75, AUC: 0.85
Epoch [74/100] [TRAIN] Loss: 0.5684, Accuracy: 74.34%, AUC: 0.82 [VAL] Loss: 0.5229, Accuracy: 75.50%, Precision: 0.72, Recall: 0.80, F1: 0.75, AUC: 0.85
Epoch [75/100] [TRAIN] Loss: 0.5687, Accuracy: 74.29%, AUC: 0.82 [VAL] Loss: 0.5228, Accuracy: 75.40%, Precision: 0.72, Recall: 0.79, F1: 0.75, AUC: 0.85
Epoch [76/100] [TRAIN] Loss: 0.5649, Accuracy: 74.30%, AUC: 0.82 [VAL] Loss: 0.5227, Accuracy: 75.60%, Precision: 0.72, Recall: 0.80, F1: 0.76, AUC: 0.85
Epoch [77/100] [TRAIN] Loss: 0.5673, Accuracy: 74.03%, AUC: 0.81 [VAL] Loss: 0.5227, Accuracy: 75.60%, Precision: 0.72, Recall: 0.80, F1: 0.76, AUC: 0.85
Epoch [78/100] [TRAIN] Loss: 0.5694, Accuracy: 73.94%, AUC: 0.81 [VAL] Loss: 0.5226, Accuracy: 75.60%, Precision: 0.72, Recall: 0.80, F1: 0.76, AUC: 0.85
Epoch [79/100] [TRAIN] Loss: 0.5673, Accuracy: 74.08%, AUC: 0.81 [VAL] Loss: 0.5226, Accuracy: 75.60%, Precision: 0.72, Recall: 0.80, F1: 0.76, AUC: 0.85
Epoch [80/100] [TRAIN] Loss: 0.5667, Accuracy: 74.31%, AUC: 0.82 [VAL] Loss: 0.5225, Accuracy: 75.60%, Precision: 0.72, Recall: 0.80, F1: 0.76, AUC: 0.85
Epoch [81/100] [TRAIN] Loss: 0.5690, Accuracy: 73.89%, AUC: 0.81 [VAL] Loss: 0.5226, Accuracy: 75.60%, Precision: 0.72, Recall: 0.80, F1: 0.76, AUC: 0.85
Epoch [82/100] [TRAIN] Loss: 0.5647, Accuracy: 74.20%, AUC: 0.82 [VAL] Loss: 0.5225, Accuracy: 75.60%, Precision: 0.72, Recall: 0.80, F1: 0.76, AUC: 0.85
Epoch [83/100] [TRAIN] Loss: 0.5696, Accuracy: 73.71%, AUC: 0.81 [VAL] Loss: 0.5225, Accuracy: 75.60%, Precision: 0.72, Recall: 0.80, F1: 0.76, AUC: 0.85
Epoch [84/100] [TRAIN] Loss: 0.5663, Accuracy: 73.76%, AUC: 0.82 [VAL] Loss: 0.5224, Accuracy: 75.60%, Precision: 0.72, Recall: 0.80, F1: 0.76, AUC: 0.85
Epoch [85/100] [TRAIN] Loss: 0.5674, Accuracy: 73.88%, AUC: 0.82 [VAL] Loss: 0.5223, Accuracy: 75.60%, Precision: 0.72, Recall: 0.80, F1: 0.76, AUC: 0.85
Epoch [86/100] [TRAIN] Loss: 0.5630, Accuracy: 74.00%, AUC: 0.82 [VAL] Loss: 0.5222, Accuracy: 75.50%, Precision: 0.72, Recall: 0.80, F1: 0.75, AUC: 0.85
Epoch [87/100] [TRAIN] Loss: 0.5643, Accuracy: 74.30%, AUC: 0.82 [VAL] Loss: 0.5221, Accuracy: 75.60%, Precision: 0.72, Recall: 0.80, F1: 0.76, AUC: 0.85
Epoch [88/100] [TRAIN] Loss: 0.5663, Accuracy: 73.96%, AUC: 0.82 [VAL] Loss: 0.5220, Accuracy: 75.60%, Precision: 0.72, Recall: 0.80, F1: 0.76, AUC: 0.85
Epoch [89/100] [TRAIN] Loss: 0.5656, Accuracy: 73.97%, AUC: 0.82 [VAL] Loss: 0.5220, Accuracy: 75.50%, Precision: 0.72, Recall: 0.80, F1: 0.75, AUC: 0.85
Epoch [90/100] [TRAIN] Loss: 0.5709, Accuracy: 73.50%, AUC: 0.81 [VAL] Loss: 0.5221, Accuracy: 75.60%, Precision: 0.72, Recall: 0.80, F1: 0.76, AUC: 0.85
Epoch [91/100] [TRAIN] Loss: 0.5641, Accuracy: 74.05%, AUC: 0.82 [VAL] Loss: 0.5220, Accuracy: 75.60%, Precision: 0.72, Recall: 0.80, F1: 0.76, AUC: 0.85
Epoch [92/100] [TRAIN] Loss: 0.5667, Accuracy: 74.01%, AUC: 0.82 [VAL] Loss: 0.5220, Accuracy: 75.60%, Precision: 0.72, Recall: 0.80, F1: 0.76, AUC: 0.85
Epoch [93/100] [TRAIN] Loss: 0.5616, Accuracy: 74.25%, AUC: 0.82 [VAL] Loss: 0.5219, Accuracy: 75.60%, Precision: 0.72, Recall: 0.80, F1: 0.76, AUC: 0.85
Epoch [94/100] [TRAIN] Loss: 0.5688, Accuracy: 73.75%, AUC: 0.81 [VAL] Loss: 0.5220, Accuracy: 75.60%, Precision: 0.72, Recall: 0.80, F1: 0.76, AUC: 0.85
Epoch [95/100] [TRAIN] Loss: 0.5650, Accuracy: 73.59%, AUC: 0.82 [VAL] Loss: 0.5219, Accuracy: 75.50%, Precision: 0.72, Recall: 0.80, F1: 0.75, AUC: 0.85
Epoch [96/100] [TRAIN] Loss: 0.5663, Accuracy: 73.89%, AUC: 0.82 [VAL] Loss: 0.5219, Accuracy: 75.50%, Precision: 0.72, Recall: 0.80, F1: 0.75, AUC: 0.85
Epoch [97/100] [TRAIN] Loss: 0.5671, Accuracy: 73.94%, AUC: 0.82 [VAL] Loss: 0.5219, Accuracy: 75.50%, Precision: 0.72, Recall: 0.80, F1: 0.75, AUC: 0.85
Epoch [98/100] [TRAIN] Loss: 0.5659, Accuracy: 73.91%, AUC: 0.82 [VAL] Loss: 0.5219, Accuracy: 75.40%, Precision: 0.71, Recall: 0.80, F1: 0.75, AUC: 0.85
Epoch [99/100] [TRAIN] Loss: 0.5670, Accuracy: 74.01%, AUC: 0.82 [VAL] Loss: 0.5218, Accuracy: 75.50%, Precision: 0.72, Recall: 0.80, F1: 0.75, AUC: 0.85
Epoch [100/100] [TRAIN] Loss: 0.5667, Accuracy: 73.74%, AUC: 0.82 [VAL] Loss: 0.5218, Accuracy: 75.40%, Precision: 0.71, Recall: 0.80, F1: 0.75, AUC: 0.85
  Antisymmetry score (raw):        0.8980
  Antisymmetry score (confident):  1.0000
  Total violations:                102 / 1000
  Pairs near boundary:             172 (17.2%)
  Avg |prob-0.5| at violation:     0.0000

--- Training baselines (LogisticRegression, RandomForest, SVM) ---

  Training LogisticRegression...
  Val accuracy: 76.10%  |  Val AUC: 0.8233

  [LogisticRegression]  Accuracy: 75.00%  AUC: 0.7988  AUCPRC: 0.7740  Precision: 0.7810  Recall: 0.6749  F1: 0.7241  Antisym: 0.8210

  Training RandomForest...
  Val accuracy: 77.40%  |  Val AUC: 0.8575

  [RandomForest]  Accuracy: 75.40%  AUC: 0.8319  AUCPRC: 0.8125  Precision: 0.7727  Recall: 0.6996  F1: 0.7343  Antisym: 0.8030

  Training SVM_Linear...
  Val accuracy: 75.90%  |  Val AUC: 0.8235

  [SVM_Linear]  Accuracy: 75.20%  AUC: 0.8001  AUCPRC: 0.7754  Precision: 0.7847  Recall: 0.6749  F1: 0.7257  Antisym: 0.8180
Seed: 456
=== DirectRanker ===
Accuracy:  72.80 %
AUC:       0.8120
AUCPRC:    0.7937
Precision: 0.6981
Recall:    0.7757
F1-Score:  0.7349
Antisymmetry score:  0.8980  (1.0 = perfect, ~0.5 = random)

Detailed Classification Report:
              precision    recall  f1-score   support

           0       0.76      0.68      0.72       514
           1       0.70      0.78      0.73       486

    accuracy                           0.73      1000
   macro avg       0.73      0.73      0.73      1000
weighted avg       0.73      0.73      0.73      1000


Confusion Matrix:
[[351 163]
 [109 377]]

=== LogisticRegression ===
Accuracy:  75.00 %
AUC:       0.7988
AUCPRC:    0.7740
Precision: 0.7810
Recall:    0.6749
F1-Score:  0.7241
Antisymmetry score:  0.8210
Confusion Matrix:
[[422  92]
 [158 328]]

=== RandomForest ===
Accuracy:  75.40 %
AUC:       0.8319
AUCPRC:    0.8125
Precision: 0.7727
Recall:    0.6996
F1-Score:  0.7343
Antisymmetry score:  0.8030
Confusion Matrix:
[[414 100]
 [146 340]]

=== SVM_Linear ===
Accuracy:  75.20 %
AUC:       0.8001
AUCPRC:    0.7754
Precision: 0.7847
Recall:    0.6749
F1-Score:  0.7257
Antisymmetry score:  0.8180
Confusion Matrix:
[[424  90]
 [158 328]]

Saved combined test metrics: /group/pmc021/amunif/epi-thesis/workflow/16_Pairwise Ranking Healthy Liver/output/combined/donor_3/test/003-H3K27ac-seed456-test-metrics.csv
Saved combined ROC plot: /group/pmc021/amunif/epi-thesis/workflow/16_Pairwise Ranking Healthy Liver/output/combined/donor_3/img/roc/003-H3K27ac-seed456-roc-combined.png
Saved combined PRC plot: /group/pmc021/amunif/epi-thesis/workflow/16_Pairwise Ranking Healthy Liver/output/combined/donor_3/img/prc/003-H3K27ac-seed456-prc-combined.png

Finished 003-H3K27ac (seed 456)

======================================================================
004-H3K27me3
======================================================================
Train label distribution:
  Label 0:   4036 (50.4%)
  Label 1:   3964 (49.5%)
Val label distribution:
  Label 0:    528 (52.8%)
  Label 1:    472 (47.2%)
Test label distribution:
  Label 0:    514 (51.4%)
  Label 1:    486 (48.6%)
Saved label distribution: /group/pmc021/amunif/epi-thesis/workflow/16_Pairwise Ranking Healthy Liver/output/combined/donor_3/test/004-H3K27me3-seed456-label-distribution.csv

--- Training DirectRanker ---
Epoch [1/100] [TRAIN] Loss: 0.7351, Accuracy: 49.17%, AUC: 0.48 [VAL] Loss: 0.7330, Accuracy: 45.00%, Precision: 0.46, Recall: 0.85, F1: 0.59, AUC: 0.44
Epoch [2/100] [TRAIN] Loss: 0.7293, Accuracy: 50.50%, AUC: 0.50 [VAL] Loss: 0.7267, Accuracy: 48.70%, Precision: 0.48, Recall: 0.89, F1: 0.62, AUC: 0.51
Epoch [3/100] [TRAIN] Loss: 0.7235, Accuracy: 52.54%, AUC: 0.54 [VAL] Loss: 0.7215, Accuracy: 52.10%, Precision: 0.50, Recall: 0.92, F1: 0.64, AUC: 0.57
Epoch [4/100] [TRAIN] Loss: 0.7202, Accuracy: 52.92%, AUC: 0.56 [VAL] Loss: 0.7174, Accuracy: 53.80%, Precision: 0.51, Recall: 0.93, F1: 0.66, AUC: 0.60
Epoch [5/100] [TRAIN] Loss: 0.7172, Accuracy: 54.35%, AUC: 0.58 [VAL] Loss: 0.7139, Accuracy: 54.30%, Precision: 0.51, Recall: 0.93, F1: 0.66, AUC: 0.61
Epoch [6/100] [TRAIN] Loss: 0.7135, Accuracy: 54.66%, AUC: 0.59 [VAL] Loss: 0.7110, Accuracy: 54.50%, Precision: 0.51, Recall: 0.94, F1: 0.66, AUC: 0.61
Epoch [7/100] [TRAIN] Loss: 0.7119, Accuracy: 54.88%, AUC: 0.59 [VAL] Loss: 0.7087, Accuracy: 54.60%, Precision: 0.51, Recall: 0.94, F1: 0.66, AUC: 0.61
Epoch [8/100] [TRAIN] Loss: 0.7101, Accuracy: 55.40%, AUC: 0.59 [VAL] Loss: 0.7066, Accuracy: 54.70%, Precision: 0.51, Recall: 0.94, F1: 0.66, AUC: 0.62
Epoch [9/100] [TRAIN] Loss: 0.7087, Accuracy: 55.45%, AUC: 0.60 [VAL] Loss: 0.7049, Accuracy: 54.60%, Precision: 0.51, Recall: 0.94, F1: 0.66, AUC: 0.61
Epoch [10/100] [TRAIN] Loss: 0.7077, Accuracy: 55.21%, AUC: 0.59 [VAL] Loss: 0.7034, Accuracy: 54.50%, Precision: 0.51, Recall: 0.94, F1: 0.66, AUC: 0.61
Epoch [11/100] [TRAIN] Loss: 0.7067, Accuracy: 56.14%, AUC: 0.61 [VAL] Loss: 0.7022, Accuracy: 54.70%, Precision: 0.51, Recall: 0.94, F1: 0.66, AUC: 0.62
Epoch [12/100] [TRAIN] Loss: 0.7050, Accuracy: 55.12%, AUC: 0.60 [VAL] Loss: 0.7011, Accuracy: 54.70%, Precision: 0.51, Recall: 0.94, F1: 0.66, AUC: 0.62
Epoch [13/100] [TRAIN] Loss: 0.7045, Accuracy: 56.31%, AUC: 0.61 [VAL] Loss: 0.7003, Accuracy: 54.70%, Precision: 0.51, Recall: 0.94, F1: 0.66, AUC: 0.62
Epoch [14/100] [TRAIN] Loss: 0.7042, Accuracy: 56.39%, AUC: 0.61 [VAL] Loss: 0.6996, Accuracy: 54.70%, Precision: 0.51, Recall: 0.94, F1: 0.66, AUC: 0.62
Epoch [15/100] [TRAIN] Loss: 0.7039, Accuracy: 55.31%, AUC: 0.60 [VAL] Loss: 0.6990, Accuracy: 54.70%, Precision: 0.51, Recall: 0.94, F1: 0.66, AUC: 0.62
Epoch [16/100] [TRAIN] Loss: 0.7046, Accuracy: 56.20%, AUC: 0.60 [VAL] Loss: 0.6986, Accuracy: 54.70%, Precision: 0.51, Recall: 0.94, F1: 0.66, AUC: 0.62
Epoch [17/100] [TRAIN] Loss: 0.7030, Accuracy: 55.34%, AUC: 0.60 [VAL] Loss: 0.6982, Accuracy: 54.70%, Precision: 0.51, Recall: 0.94, F1: 0.66, AUC: 0.62
Epoch [18/100] [TRAIN] Loss: 0.7021, Accuracy: 55.69%, AUC: 0.60 [VAL] Loss: 0.6978, Accuracy: 54.70%, Precision: 0.51, Recall: 0.94, F1: 0.66, AUC: 0.62
Epoch [19/100] [TRAIN] Loss: 0.7020, Accuracy: 55.89%, AUC: 0.61 [VAL] Loss: 0.6976, Accuracy: 54.70%, Precision: 0.51, Recall: 0.94, F1: 0.66, AUC: 0.62
Epoch [20/100] [TRAIN] Loss: 0.7038, Accuracy: 55.34%, AUC: 0.60 [VAL] Loss: 0.6973, Accuracy: 54.70%, Precision: 0.51, Recall: 0.94, F1: 0.66, AUC: 0.62
Epoch [21/100] [TRAIN] Loss: 0.7026, Accuracy: 56.00%, AUC: 0.60 [VAL] Loss: 0.6971, Accuracy: 54.70%, Precision: 0.51, Recall: 0.94, F1: 0.66, AUC: 0.62
Epoch [22/100] [TRAIN] Loss: 0.7021, Accuracy: 55.79%, AUC: 0.61 [VAL] Loss: 0.6970, Accuracy: 54.70%, Precision: 0.51, Recall: 0.94, F1: 0.66, AUC: 0.62
Epoch [23/100] [TRAIN] Loss: 0.7031, Accuracy: 56.19%, AUC: 0.61 [VAL] Loss: 0.6969, Accuracy: 54.70%, Precision: 0.51, Recall: 0.94, F1: 0.66, AUC: 0.62
Epoch [24/100] [TRAIN] Loss: 0.7020, Accuracy: 56.40%, AUC: 0.61 [VAL] Loss: 0.6967, Accuracy: 54.70%, Precision: 0.51, Recall: 0.94, F1: 0.66, AUC: 0.62
Epoch [25/100] [TRAIN] Loss: 0.7007, Accuracy: 56.56%, AUC: 0.61 [VAL] Loss: 0.6966, Accuracy: 54.70%, Precision: 0.51, Recall: 0.94, F1: 0.66, AUC: 0.62
Epoch [26/100] [TRAIN] Loss: 0.7008, Accuracy: 56.01%, AUC: 0.61 [VAL] Loss: 0.6964, Accuracy: 54.70%, Precision: 0.51, Recall: 0.94, F1: 0.66, AUC: 0.62
Epoch [27/100] [TRAIN] Loss: 0.7016, Accuracy: 56.17%, AUC: 0.61 [VAL] Loss: 0.6964, Accuracy: 54.70%, Precision: 0.51, Recall: 0.94, F1: 0.66, AUC: 0.62
Epoch [28/100] [TRAIN] Loss: 0.7013, Accuracy: 56.21%, AUC: 0.61 [VAL] Loss: 0.6963, Accuracy: 54.70%, Precision: 0.51, Recall: 0.94, F1: 0.66, AUC: 0.62
Epoch [29/100] [TRAIN] Loss: 0.7015, Accuracy: 55.52%, AUC: 0.60 [VAL] Loss: 0.6962, Accuracy: 54.70%, Precision: 0.51, Recall: 0.94, F1: 0.66, AUC: 0.62
Epoch [30/100] [TRAIN] Loss: 0.7013, Accuracy: 56.09%, AUC: 0.61 [VAL] Loss: 0.6962, Accuracy: 54.70%, Precision: 0.51, Recall: 0.94, F1: 0.66, AUC: 0.62
Epoch [31/100] [TRAIN] Loss: 0.7000, Accuracy: 56.30%, AUC: 0.61 [VAL] Loss: 0.6961, Accuracy: 54.70%, Precision: 0.51, Recall: 0.94, F1: 0.66, AUC: 0.62
Epoch [32/100] [TRAIN] Loss: 0.7003, Accuracy: 55.94%, AUC: 0.60 [VAL] Loss: 0.6960, Accuracy: 54.70%, Precision: 0.51, Recall: 0.94, F1: 0.66, AUC: 0.62
Epoch [33/100] [TRAIN] Loss: 0.7017, Accuracy: 55.95%, AUC: 0.61 [VAL] Loss: 0.6960, Accuracy: 54.70%, Precision: 0.51, Recall: 0.94, F1: 0.66, AUC: 0.62
Epoch [34/100] [TRAIN] Loss: 0.6993, Accuracy: 55.85%, AUC: 0.61 [VAL] Loss: 0.6959, Accuracy: 54.70%, Precision: 0.51, Recall: 0.94, F1: 0.66, AUC: 0.62
Epoch [35/100] [TRAIN] Loss: 0.6999, Accuracy: 55.41%, AUC: 0.60 [VAL] Loss: 0.6958, Accuracy: 54.70%, Precision: 0.51, Recall: 0.94, F1: 0.66, AUC: 0.62
Epoch [36/100] [TRAIN] Loss: 0.7006, Accuracy: 55.56%, AUC: 0.60 [VAL] Loss: 0.6958, Accuracy: 54.70%, Precision: 0.51, Recall: 0.94, F1: 0.66, AUC: 0.62
Epoch [37/100] [TRAIN] Loss: 0.6999, Accuracy: 55.99%, AUC: 0.61 [VAL] Loss: 0.6957, Accuracy: 54.70%, Precision: 0.51, Recall: 0.94, F1: 0.66, AUC: 0.62
Epoch [38/100] [TRAIN] Loss: 0.7002, Accuracy: 54.77%, AUC: 0.59 [VAL] Loss: 0.6957, Accuracy: 54.70%, Precision: 0.51, Recall: 0.94, F1: 0.66, AUC: 0.62
Epoch [39/100] [TRAIN] Loss: 0.6994, Accuracy: 56.04%, AUC: 0.61 [VAL] Loss: 0.6956, Accuracy: 54.70%, Precision: 0.51, Recall: 0.94, F1: 0.66, AUC: 0.62
Epoch [40/100] [TRAIN] Loss: 0.6995, Accuracy: 56.02%, AUC: 0.61 [VAL] Loss: 0.6956, Accuracy: 54.70%, Precision: 0.51, Recall: 0.94, F1: 0.66, AUC: 0.62
Epoch [41/100] [TRAIN] Loss: 0.7001, Accuracy: 55.74%, AUC: 0.60 [VAL] Loss: 0.6955, Accuracy: 54.70%, Precision: 0.51, Recall: 0.94, F1: 0.66, AUC: 0.62
Epoch [42/100] [TRAIN] Loss: 0.6991, Accuracy: 56.14%, AUC: 0.61 [VAL] Loss: 0.6954, Accuracy: 54.70%, Precision: 0.51, Recall: 0.94, F1: 0.66, AUC: 0.62
Epoch [43/100] [TRAIN] Loss: 0.6990, Accuracy: 57.09%, AUC: 0.61 [VAL] Loss: 0.6954, Accuracy: 54.70%, Precision: 0.51, Recall: 0.94, F1: 0.66, AUC: 0.62
Epoch [44/100] [TRAIN] Loss: 0.6988, Accuracy: 56.73%, AUC: 0.61 [VAL] Loss: 0.6953, Accuracy: 54.70%, Precision: 0.51, Recall: 0.94, F1: 0.66, AUC: 0.62
Epoch [45/100] [TRAIN] Loss: 0.6993, Accuracy: 56.12%, AUC: 0.61 [VAL] Loss: 0.6953, Accuracy: 54.70%, Precision: 0.51, Recall: 0.94, F1: 0.66, AUC: 0.62
Epoch [46/100] [TRAIN] Loss: 0.6993, Accuracy: 56.80%, AUC: 0.61 [VAL] Loss: 0.6953, Accuracy: 54.70%, Precision: 0.51, Recall: 0.94, F1: 0.66, AUC: 0.62
Epoch [47/100] [TRAIN] Loss: 0.7001, Accuracy: 55.80%, AUC: 0.61 [VAL] Loss: 0.6952, Accuracy: 54.70%, Precision: 0.51, Recall: 0.94, F1: 0.66, AUC: 0.62
Epoch [48/100] [TRAIN] Loss: 0.6984, Accuracy: 56.27%, AUC: 0.61 [VAL] Loss: 0.6952, Accuracy: 54.70%, Precision: 0.51, Recall: 0.94, F1: 0.66, AUC: 0.62
Epoch [49/100] [TRAIN] Loss: 0.6991, Accuracy: 56.40%, AUC: 0.61 [VAL] Loss: 0.6951, Accuracy: 54.70%, Precision: 0.51, Recall: 0.94, F1: 0.66, AUC: 0.62
Epoch [50/100] [TRAIN] Loss: 0.6990, Accuracy: 56.16%, AUC: 0.61 [VAL] Loss: 0.6951, Accuracy: 54.70%, Precision: 0.51, Recall: 0.94, F1: 0.66, AUC: 0.62
Epoch [51/100] [TRAIN] Loss: 0.6994, Accuracy: 54.96%, AUC: 0.60 [VAL] Loss: 0.6951, Accuracy: 54.70%, Precision: 0.51, Recall: 0.94, F1: 0.66, AUC: 0.62
Epoch [52/100] [TRAIN] Loss: 0.6991, Accuracy: 56.21%, AUC: 0.61 [VAL] Loss: 0.6950, Accuracy: 54.70%, Precision: 0.51, Recall: 0.94, F1: 0.66, AUC: 0.62
Epoch [53/100] [TRAIN] Loss: 0.6998, Accuracy: 56.35%, AUC: 0.60 [VAL] Loss: 0.6950, Accuracy: 54.70%, Precision: 0.51, Recall: 0.94, F1: 0.66, AUC: 0.62
Epoch [54/100] [TRAIN] Loss: 0.6972, Accuracy: 56.01%, AUC: 0.61 [VAL] Loss: 0.6949, Accuracy: 54.70%, Precision: 0.51, Recall: 0.94, F1: 0.66, AUC: 0.62
Epoch [55/100] [TRAIN] Loss: 0.6991, Accuracy: 55.81%, AUC: 0.61 [VAL] Loss: 0.6949, Accuracy: 54.70%, Precision: 0.51, Recall: 0.94, F1: 0.66, AUC: 0.62
Epoch [56/100] [TRAIN] Loss: 0.6983, Accuracy: 55.17%, AUC: 0.60 [VAL] Loss: 0.6949, Accuracy: 54.70%, Precision: 0.51, Recall: 0.94, F1: 0.66, AUC: 0.62
Epoch [57/100] [TRAIN] Loss: 0.6987, Accuracy: 56.77%, AUC: 0.61 [VAL] Loss: 0.6948, Accuracy: 54.70%, Precision: 0.51, Recall: 0.94, F1: 0.66, AUC: 0.62
Epoch [58/100] [TRAIN] Loss: 0.6978, Accuracy: 55.71%, AUC: 0.61 [VAL] Loss: 0.6948, Accuracy: 54.70%, Precision: 0.51, Recall: 0.94, F1: 0.66, AUC: 0.62
Epoch [59/100] [TRAIN] Loss: 0.6986, Accuracy: 55.52%, AUC: 0.60 [VAL] Loss: 0.6948, Accuracy: 54.70%, Precision: 0.51, Recall: 0.94, F1: 0.66, AUC: 0.62
Epoch [60/100] [TRAIN] Loss: 0.6989, Accuracy: 55.86%, AUC: 0.61 [VAL] Loss: 0.6947, Accuracy: 54.70%, Precision: 0.51, Recall: 0.94, F1: 0.66, AUC: 0.62
Epoch [61/100] [TRAIN] Loss: 0.6979, Accuracy: 56.06%, AUC: 0.61 [VAL] Loss: 0.6947, Accuracy: 54.70%, Precision: 0.51, Recall: 0.94, F1: 0.66, AUC: 0.62
Epoch [62/100] [TRAIN] Loss: 0.6971, Accuracy: 56.27%, AUC: 0.61 [VAL] Loss: 0.6946, Accuracy: 54.70%, Precision: 0.51, Recall: 0.94, F1: 0.66, AUC: 0.62
Epoch [63/100] [TRAIN] Loss: 0.6980, Accuracy: 56.35%, AUC: 0.61 [VAL] Loss: 0.6946, Accuracy: 54.70%, Precision: 0.51, Recall: 0.94, F1: 0.66, AUC: 0.62
Epoch [64/100] [TRAIN] Loss: 0.6980, Accuracy: 56.21%, AUC: 0.61 [VAL] Loss: 0.6946, Accuracy: 54.70%, Precision: 0.51, Recall: 0.94, F1: 0.66, AUC: 0.62
Epoch [65/100] [TRAIN] Loss: 0.6970, Accuracy: 56.46%, AUC: 0.61 [VAL] Loss: 0.6946, Accuracy: 54.70%, Precision: 0.51, Recall: 0.94, F1: 0.66, AUC: 0.61
Epoch [66/100] [TRAIN] Loss: 0.6977, Accuracy: 55.88%, AUC: 0.60 [VAL] Loss: 0.6945, Accuracy: 54.70%, Precision: 0.51, Recall: 0.94, F1: 0.66, AUC: 0.61
Epoch [67/100] [TRAIN] Loss: 0.6976, Accuracy: 56.95%, AUC: 0.62 [VAL] Loss: 0.6945, Accuracy: 54.70%, Precision: 0.51, Recall: 0.94, F1: 0.66, AUC: 0.61
Epoch [68/100] [TRAIN] Loss: 0.6977, Accuracy: 55.55%, AUC: 0.60 [VAL] Loss: 0.6944, Accuracy: 54.70%, Precision: 0.51, Recall: 0.94, F1: 0.66, AUC: 0.61
Epoch [69/100] [TRAIN] Loss: 0.6991, Accuracy: 55.19%, AUC: 0.60 [VAL] Loss: 0.6944, Accuracy: 54.70%, Precision: 0.51, Recall: 0.94, F1: 0.66, AUC: 0.61
Epoch [70/100] [TRAIN] Loss: 0.6983, Accuracy: 56.08%, AUC: 0.60 [VAL] Loss: 0.6944, Accuracy: 54.70%, Precision: 0.51, Recall: 0.94, F1: 0.66, AUC: 0.61
Epoch [71/100] [TRAIN] Loss: 0.6969, Accuracy: 55.98%, AUC: 0.61 [VAL] Loss: 0.6944, Accuracy: 54.70%, Precision: 0.51, Recall: 0.94, F1: 0.66, AUC: 0.61
Epoch [72/100] [TRAIN] Loss: 0.6974, Accuracy: 55.39%, AUC: 0.60 [VAL] Loss: 0.6943, Accuracy: 54.70%, Precision: 0.51, Recall: 0.94, F1: 0.66, AUC: 0.61
Epoch [73/100] [TRAIN] Loss: 0.6967, Accuracy: 56.34%, AUC: 0.61 [VAL] Loss: 0.6942, Accuracy: 54.70%, Precision: 0.51, Recall: 0.94, F1: 0.66, AUC: 0.61
Epoch [74/100] [TRAIN] Loss: 0.6984, Accuracy: 55.77%, AUC: 0.60 [VAL] Loss: 0.6942, Accuracy: 54.70%, Precision: 0.51, Recall: 0.94, F1: 0.66, AUC: 0.61
Epoch [75/100] [TRAIN] Loss: 0.6978, Accuracy: 56.36%, AUC: 0.61 [VAL] Loss: 0.6942, Accuracy: 54.70%, Precision: 0.51, Recall: 0.94, F1: 0.66, AUC: 0.61
Epoch [76/100] [TRAIN] Loss: 0.6965, Accuracy: 57.09%, AUC: 0.62 [VAL] Loss: 0.6942, Accuracy: 54.70%, Precision: 0.51, Recall: 0.94, F1: 0.66, AUC: 0.61
Epoch [77/100] [TRAIN] Loss: 0.6959, Accuracy: 56.20%, AUC: 0.60 [VAL] Loss: 0.6941, Accuracy: 54.70%, Precision: 0.51, Recall: 0.94, F1: 0.66, AUC: 0.61
Epoch [78/100] [TRAIN] Loss: 0.6952, Accuracy: 56.95%, AUC: 0.62 [VAL] Loss: 0.6940, Accuracy: 54.70%, Precision: 0.51, Recall: 0.94, F1: 0.66, AUC: 0.62
Epoch [79/100] [TRAIN] Loss: 0.6958, Accuracy: 56.10%, AUC: 0.61 [VAL] Loss: 0.6940, Accuracy: 54.70%, Precision: 0.51, Recall: 0.94, F1: 0.66, AUC: 0.62
Epoch [80/100] [TRAIN] Loss: 0.6967, Accuracy: 56.40%, AUC: 0.61 [VAL] Loss: 0.6939, Accuracy: 54.70%, Precision: 0.51, Recall: 0.94, F1: 0.66, AUC: 0.62
Epoch [81/100] [TRAIN] Loss: 0.6961, Accuracy: 56.27%, AUC: 0.61 [VAL] Loss: 0.6939, Accuracy: 54.70%, Precision: 0.51, Recall: 0.94, F1: 0.66, AUC: 0.61
Epoch [82/100] [TRAIN] Loss: 0.6963, Accuracy: 54.81%, AUC: 0.60 [VAL] Loss: 0.6938, Accuracy: 54.70%, Precision: 0.51, Recall: 0.94, F1: 0.66, AUC: 0.62
Epoch [83/100] [TRAIN] Loss: 0.6970, Accuracy: 55.50%, AUC: 0.60 [VAL] Loss: 0.6938, Accuracy: 54.70%, Precision: 0.51, Recall: 0.94, F1: 0.66, AUC: 0.61
Epoch [84/100] [TRAIN] Loss: 0.6962, Accuracy: 57.19%, AUC: 0.61 [VAL] Loss: 0.6938, Accuracy: 54.70%, Precision: 0.51, Recall: 0.94, F1: 0.66, AUC: 0.62
Epoch [85/100] [TRAIN] Loss: 0.6974, Accuracy: 56.96%, AUC: 0.61 [VAL] Loss: 0.6938, Accuracy: 54.70%, Precision: 0.51, Recall: 0.94, F1: 0.66, AUC: 0.61
Epoch [86/100] [TRAIN] Loss: 0.6962, Accuracy: 55.81%, AUC: 0.60 [VAL] Loss: 0.6937, Accuracy: 54.70%, Precision: 0.51, Recall: 0.94, F1: 0.66, AUC: 0.61
Epoch [87/100] [TRAIN] Loss: 0.6966, Accuracy: 55.15%, AUC: 0.60 [VAL] Loss: 0.6937, Accuracy: 54.70%, Precision: 0.51, Recall: 0.94, F1: 0.66, AUC: 0.61
Epoch [88/100] [TRAIN] Loss: 0.6963, Accuracy: 56.42%, AUC: 0.61 [VAL] Loss: 0.6937, Accuracy: 54.70%, Precision: 0.51, Recall: 0.94, F1: 0.66, AUC: 0.61
Epoch [89/100] [TRAIN] Loss: 0.6966, Accuracy: 55.92%, AUC: 0.61 [VAL] Loss: 0.6937, Accuracy: 54.70%, Precision: 0.51, Recall: 0.94, F1: 0.66, AUC: 0.61
Epoch [90/100] [TRAIN] Loss: 0.6951, Accuracy: 55.55%, AUC: 0.60 [VAL] Loss: 0.6936, Accuracy: 54.70%, Precision: 0.51, Recall: 0.94, F1: 0.66, AUC: 0.61
Epoch [91/100] [TRAIN] Loss: 0.6968, Accuracy: 56.25%, AUC: 0.61 [VAL] Loss: 0.6936, Accuracy: 54.70%, Precision: 0.51, Recall: 0.94, F1: 0.66, AUC: 0.61
Epoch [92/100] [TRAIN] Loss: 0.6957, Accuracy: 56.08%, AUC: 0.61 [VAL] Loss: 0.6936, Accuracy: 54.70%, Precision: 0.51, Recall: 0.94, F1: 0.66, AUC: 0.61
Epoch [93/100] [TRAIN] Loss: 0.6955, Accuracy: 56.76%, AUC: 0.61 [VAL] Loss: 0.6936, Accuracy: 54.70%, Precision: 0.51, Recall: 0.94, F1: 0.66, AUC: 0.61
Epoch [94/100] [TRAIN] Loss: 0.6955, Accuracy: 56.79%, AUC: 0.61 [VAL] Loss: 0.6936, Accuracy: 54.70%, Precision: 0.51, Recall: 0.94, F1: 0.66, AUC: 0.61
Epoch [95/100] [TRAIN] Loss: 0.6951, Accuracy: 56.48%, AUC: 0.61 [VAL] Loss: 0.6935, Accuracy: 54.70%, Precision: 0.51, Recall: 0.94, F1: 0.66, AUC: 0.61
Epoch [96/100] [TRAIN] Loss: 0.6957, Accuracy: 56.08%, AUC: 0.61 [VAL] Loss: 0.6935, Accuracy: 54.70%, Precision: 0.51, Recall: 0.94, F1: 0.66, AUC: 0.61
Epoch [97/100] [TRAIN] Loss: 0.6965, Accuracy: 56.12%, AUC: 0.60 [VAL] Loss: 0.6934, Accuracy: 54.70%, Precision: 0.51, Recall: 0.94, F1: 0.66, AUC: 0.61
Epoch [98/100] [TRAIN] Loss: 0.6950, Accuracy: 56.08%, AUC: 0.61 [VAL] Loss: 0.6934, Accuracy: 54.70%, Precision: 0.51, Recall: 0.94, F1: 0.66, AUC: 0.61
Epoch [99/100] [TRAIN] Loss: 0.6942, Accuracy: 55.67%, AUC: 0.60 [VAL] Loss: 0.6933, Accuracy: 54.70%, Precision: 0.51, Recall: 0.94, F1: 0.66, AUC: 0.61
Epoch [100/100] [TRAIN] Loss: 0.6948, Accuracy: 56.26%, AUC: 0.61 [VAL] Loss: 0.6932, Accuracy: 54.70%, Precision: 0.51, Recall: 0.94, F1: 0.66, AUC: 0.61
  Antisymmetry score (raw):        0.2670
  Antisymmetry score (confident):  1.0000
  Total violations:                733 / 1000
  Pairs near boundary:             757 (75.7%)
  Avg |prob-0.5| at violation:     0.0000

--- Training baselines (LogisticRegression, RandomForest, SVM) ---

  Training LogisticRegression...
  Val accuracy: 53.00%  |  Val AUC: 0.5885

  [LogisticRegression]  Accuracy: 52.20%  AUC: 0.5570  AUCPRC: 0.5361  Precision: 0.5047  Recall: 0.8827  F1: 0.6422  Antisym: 0.1850

  Training RandomForest...
  Val accuracy: 53.90%  |  Val AUC: 0.6019

  [RandomForest]  Accuracy: 55.20%  AUC: 0.6069  AUCPRC: 0.5640  Precision: 0.5221  Recall: 0.9239  F1: 0.6672  Antisym: 0.2530

  Training SVM_Linear...
  Val accuracy: 55.80%  |  Val AUC: 0.5726

  [SVM_Linear]  Accuracy: 54.00%  AUC: 0.5549  AUCPRC: 0.5318  Precision: 0.6102  Recall: 0.1481  F1: 0.2384  Antisym: 0.1780
Seed: 456
=== DirectRanker ===
Accuracy:  55.80 %
AUC:       0.6153
AUCPRC:    0.5701
Precision: 0.5255
Recall:    0.9342
F1-Score:  0.6726
Antisymmetry score:  0.2670  (1.0 = perfect, ~0.5 = random)

Detailed Classification Report:
              precision    recall  f1-score   support

           0       0.76      0.20      0.32       514
           1       0.53      0.93      0.67       486

    accuracy                           0.56      1000
   macro avg       0.65      0.57      0.50      1000
weighted avg       0.65      0.56      0.49      1000


Confusion Matrix:
[[104 410]
 [ 32 454]]

=== LogisticRegression ===
Accuracy:  52.20 %
AUC:       0.5570
AUCPRC:    0.5361
Precision: 0.5047
Recall:    0.8827
F1-Score:  0.6422
Antisymmetry score:  0.1850
Confusion Matrix:
[[ 93 421]
 [ 57 429]]

=== RandomForest ===
Accuracy:  55.20 %
AUC:       0.6069
AUCPRC:    0.5640
Precision: 0.5221
Recall:    0.9239
F1-Score:  0.6672
Antisymmetry score:  0.2530
Confusion Matrix:
[[103 411]
 [ 37 449]]

=== SVM_Linear ===
Accuracy:  54.00 %
AUC:       0.5549
AUCPRC:    0.5318
Precision: 0.6102
Recall:    0.1481
F1-Score:  0.2384
Antisymmetry score:  0.1780
Confusion Matrix:
[[468  46]
 [414  72]]

Saved combined test metrics: /group/pmc021/amunif/epi-thesis/workflow/16_Pairwise Ranking Healthy Liver/output/combined/donor_3/test/004-H3K27me3-seed456-test-metrics.csv
Saved combined ROC plot: /group/pmc021/amunif/epi-thesis/workflow/16_Pairwise Ranking Healthy Liver/output/combined/donor_3/img/roc/004-H3K27me3-seed456-roc-combined.png
Saved combined PRC plot: /group/pmc021/amunif/epi-thesis/workflow/16_Pairwise Ranking Healthy Liver/output/combined/donor_3/img/prc/004-H3K27me3-seed456-prc-combined.png

Finished 004-H3K27me3 (seed 456)

======================================================================
005-H3K4me3-H3K9ac
======================================================================
Train label distribution:
  Label 0:   4036 (50.4%)
  Label 1:   3964 (49.5%)
Val label distribution:
  Label 0:    528 (52.8%)
  Label 1:    472 (47.2%)
Test label distribution:
  Label 0:    514 (51.4%)
  Label 1:    486 (48.6%)
Saved label distribution: /group/pmc021/amunif/epi-thesis/workflow/16_Pairwise Ranking Healthy Liver/output/combined/donor_3/test/005-H3K4me3-H3K9ac-seed456-label-distribution.csv

--- Training DirectRanker ---
Epoch [1/100] [TRAIN] Loss: 0.6848, Accuracy: 61.62%, AUC: 0.67 [VAL] Loss: 0.6065, Accuracy: 72.70%, Precision: 0.68, Recall: 0.79, F1: 0.73, AUC: 0.82
Epoch [2/100] [TRAIN] Loss: 0.6185, Accuracy: 71.55%, AUC: 0.78 [VAL] Loss: 0.5650, Accuracy: 73.70%, Precision: 0.69, Recall: 0.79, F1: 0.74, AUC: 0.83
Epoch [3/100] [TRAIN] Loss: 0.5974, Accuracy: 72.76%, AUC: 0.79 [VAL] Loss: 0.5531, Accuracy: 74.30%, Precision: 0.70, Recall: 0.79, F1: 0.74, AUC: 0.83
Epoch [4/100] [TRAIN] Loss: 0.5888, Accuracy: 72.45%, AUC: 0.80 [VAL] Loss: 0.5487, Accuracy: 75.30%, Precision: 0.71, Recall: 0.81, F1: 0.76, AUC: 0.83
Epoch [5/100] [TRAIN] Loss: 0.5867, Accuracy: 73.06%, AUC: 0.80 [VAL] Loss: 0.5478, Accuracy: 75.60%, Precision: 0.71, Recall: 0.81, F1: 0.76, AUC: 0.83
Epoch [6/100] [TRAIN] Loss: 0.5811, Accuracy: 72.91%, AUC: 0.80 [VAL] Loss: 0.5453, Accuracy: 75.70%, Precision: 0.71, Recall: 0.81, F1: 0.76, AUC: 0.84
Epoch [7/100] [TRAIN] Loss: 0.5807, Accuracy: 73.34%, AUC: 0.80 [VAL] Loss: 0.5435, Accuracy: 76.00%, Precision: 0.72, Recall: 0.82, F1: 0.76, AUC: 0.84
Epoch [8/100] [TRAIN] Loss: 0.5829, Accuracy: 72.76%, AUC: 0.80 [VAL] Loss: 0.5428, Accuracy: 76.20%, Precision: 0.72, Recall: 0.82, F1: 0.76, AUC: 0.84
Epoch [9/100] [TRAIN] Loss: 0.5786, Accuracy: 73.33%, AUC: 0.81 [VAL] Loss: 0.5418, Accuracy: 76.20%, Precision: 0.72, Recall: 0.82, F1: 0.76, AUC: 0.84
Epoch [10/100] [TRAIN] Loss: 0.5755, Accuracy: 73.42%, AUC: 0.81 [VAL] Loss: 0.5408, Accuracy: 76.10%, Precision: 0.72, Recall: 0.81, F1: 0.76, AUC: 0.84
Epoch [11/100] [TRAIN] Loss: 0.5745, Accuracy: 73.35%, AUC: 0.81 [VAL] Loss: 0.5401, Accuracy: 76.10%, Precision: 0.72, Recall: 0.81, F1: 0.76, AUC: 0.84
Epoch [12/100] [TRAIN] Loss: 0.5745, Accuracy: 73.80%, AUC: 0.81 [VAL] Loss: 0.5393, Accuracy: 75.90%, Precision: 0.72, Recall: 0.81, F1: 0.76, AUC: 0.84
Epoch [13/100] [TRAIN] Loss: 0.5718, Accuracy: 73.95%, AUC: 0.81 [VAL] Loss: 0.5381, Accuracy: 75.90%, Precision: 0.72, Recall: 0.81, F1: 0.76, AUC: 0.84
Epoch [14/100] [TRAIN] Loss: 0.5712, Accuracy: 73.83%, AUC: 0.81 [VAL] Loss: 0.5377, Accuracy: 76.00%, Precision: 0.72, Recall: 0.82, F1: 0.76, AUC: 0.84
Epoch [15/100] [TRAIN] Loss: 0.5673, Accuracy: 73.35%, AUC: 0.81 [VAL] Loss: 0.5368, Accuracy: 76.00%, Precision: 0.72, Recall: 0.82, F1: 0.76, AUC: 0.84
Epoch [16/100] [TRAIN] Loss: 0.5738, Accuracy: 73.11%, AUC: 0.81 [VAL] Loss: 0.5363, Accuracy: 75.90%, Precision: 0.72, Recall: 0.81, F1: 0.76, AUC: 0.84
Epoch [17/100] [TRAIN] Loss: 0.5723, Accuracy: 72.91%, AUC: 0.81 [VAL] Loss: 0.5359, Accuracy: 75.70%, Precision: 0.71, Recall: 0.81, F1: 0.76, AUC: 0.84
Epoch [18/100] [TRAIN] Loss: 0.5694, Accuracy: 73.44%, AUC: 0.81 [VAL] Loss: 0.5353, Accuracy: 75.70%, Precision: 0.71, Recall: 0.81, F1: 0.76, AUC: 0.84
Epoch [19/100] [TRAIN] Loss: 0.5682, Accuracy: 73.16%, AUC: 0.81 [VAL] Loss: 0.5344, Accuracy: 76.00%, Precision: 0.71, Recall: 0.82, F1: 0.76, AUC: 0.84
Epoch [20/100] [TRAIN] Loss: 0.5639, Accuracy: 73.86%, AUC: 0.81 [VAL] Loss: 0.5339, Accuracy: 75.90%, Precision: 0.71, Recall: 0.82, F1: 0.76, AUC: 0.84
Epoch [21/100] [TRAIN] Loss: 0.5681, Accuracy: 73.54%, AUC: 0.81 [VAL] Loss: 0.5336, Accuracy: 76.00%, Precision: 0.71, Recall: 0.82, F1: 0.76, AUC: 0.84
Epoch [22/100] [TRAIN] Loss: 0.5698, Accuracy: 73.78%, AUC: 0.81 [VAL] Loss: 0.5333, Accuracy: 75.90%, Precision: 0.71, Recall: 0.82, F1: 0.76, AUC: 0.84
Epoch [23/100] [TRAIN] Loss: 0.5653, Accuracy: 73.08%, AUC: 0.81 [VAL] Loss: 0.5326, Accuracy: 75.90%, Precision: 0.71, Recall: 0.82, F1: 0.76, AUC: 0.84
Epoch [24/100] [TRAIN] Loss: 0.5674, Accuracy: 73.95%, AUC: 0.81 [VAL] Loss: 0.5323, Accuracy: 75.90%, Precision: 0.71, Recall: 0.82, F1: 0.76, AUC: 0.84
Epoch [25/100] [TRAIN] Loss: 0.5661, Accuracy: 73.99%, AUC: 0.81 [VAL] Loss: 0.5317, Accuracy: 76.00%, Precision: 0.71, Recall: 0.82, F1: 0.76, AUC: 0.84
Epoch [26/100] [TRAIN] Loss: 0.5636, Accuracy: 73.42%, AUC: 0.81 [VAL] Loss: 0.5314, Accuracy: 75.80%, Precision: 0.71, Recall: 0.82, F1: 0.76, AUC: 0.84
Epoch [27/100] [TRAIN] Loss: 0.5654, Accuracy: 73.38%, AUC: 0.81 [VAL] Loss: 0.5308, Accuracy: 75.70%, Precision: 0.71, Recall: 0.82, F1: 0.76, AUC: 0.84
Epoch [28/100] [TRAIN] Loss: 0.5610, Accuracy: 74.19%, AUC: 0.82 [VAL] Loss: 0.5300, Accuracy: 75.80%, Precision: 0.71, Recall: 0.82, F1: 0.76, AUC: 0.84
Epoch [29/100] [TRAIN] Loss: 0.5634, Accuracy: 73.78%, AUC: 0.81 [VAL] Loss: 0.5302, Accuracy: 75.70%, Precision: 0.71, Recall: 0.82, F1: 0.76, AUC: 0.84
Epoch [30/100] [TRAIN] Loss: 0.5631, Accuracy: 73.45%, AUC: 0.81 [VAL] Loss: 0.5298, Accuracy: 75.80%, Precision: 0.71, Recall: 0.82, F1: 0.76, AUC: 0.84
Epoch [31/100] [TRAIN] Loss: 0.5625, Accuracy: 73.44%, AUC: 0.81 [VAL] Loss: 0.5296, Accuracy: 75.80%, Precision: 0.71, Recall: 0.82, F1: 0.76, AUC: 0.84
Epoch [32/100] [TRAIN] Loss: 0.5647, Accuracy: 73.62%, AUC: 0.81 [VAL] Loss: 0.5291, Accuracy: 75.80%, Precision: 0.71, Recall: 0.82, F1: 0.76, AUC: 0.84
Epoch [33/100] [TRAIN] Loss: 0.5644, Accuracy: 73.47%, AUC: 0.81 [VAL] Loss: 0.5293, Accuracy: 75.90%, Precision: 0.71, Recall: 0.82, F1: 0.76, AUC: 0.84
Epoch [34/100] [TRAIN] Loss: 0.5622, Accuracy: 73.12%, AUC: 0.81 [VAL] Loss: 0.5288, Accuracy: 75.90%, Precision: 0.71, Recall: 0.82, F1: 0.76, AUC: 0.85
Epoch [35/100] [TRAIN] Loss: 0.5598, Accuracy: 73.36%, AUC: 0.82 [VAL] Loss: 0.5276, Accuracy: 75.90%, Precision: 0.71, Recall: 0.82, F1: 0.76, AUC: 0.85
Epoch [36/100] [TRAIN] Loss: 0.5555, Accuracy: 74.09%, AUC: 0.82 [VAL] Loss: 0.5274, Accuracy: 75.90%, Precision: 0.71, Recall: 0.82, F1: 0.76, AUC: 0.85
Epoch [37/100] [TRAIN] Loss: 0.5567, Accuracy: 74.11%, AUC: 0.82 [VAL] Loss: 0.5267, Accuracy: 75.90%, Precision: 0.71, Recall: 0.82, F1: 0.76, AUC: 0.85
Epoch [38/100] [TRAIN] Loss: 0.5557, Accuracy: 73.67%, AUC: 0.82 [VAL] Loss: 0.5268, Accuracy: 75.90%, Precision: 0.71, Recall: 0.82, F1: 0.76, AUC: 0.85
Epoch [39/100] [TRAIN] Loss: 0.5601, Accuracy: 73.44%, AUC: 0.82 [VAL] Loss: 0.5264, Accuracy: 75.90%, Precision: 0.71, Recall: 0.82, F1: 0.76, AUC: 0.85
Epoch [40/100] [TRAIN] Loss: 0.5562, Accuracy: 74.17%, AUC: 0.82 [VAL] Loss: 0.5263, Accuracy: 76.10%, Precision: 0.72, Recall: 0.82, F1: 0.76, AUC: 0.85
Epoch [41/100] [TRAIN] Loss: 0.5596, Accuracy: 73.64%, AUC: 0.82 [VAL] Loss: 0.5260, Accuracy: 76.10%, Precision: 0.72, Recall: 0.82, F1: 0.76, AUC: 0.85
Epoch [42/100] [TRAIN] Loss: 0.5554, Accuracy: 74.38%, AUC: 0.82 [VAL] Loss: 0.5256, Accuracy: 76.00%, Precision: 0.72, Recall: 0.82, F1: 0.76, AUC: 0.85
Epoch [43/100] [TRAIN] Loss: 0.5579, Accuracy: 73.72%, AUC: 0.82 [VAL] Loss: 0.5256, Accuracy: 76.10%, Precision: 0.72, Recall: 0.82, F1: 0.76, AUC: 0.85
Epoch [44/100] [TRAIN] Loss: 0.5582, Accuracy: 73.38%, AUC: 0.82 [VAL] Loss: 0.5253, Accuracy: 76.10%, Precision: 0.72, Recall: 0.82, F1: 0.76, AUC: 0.85
Epoch [45/100] [TRAIN] Loss: 0.5511, Accuracy: 74.46%, AUC: 0.82 [VAL] Loss: 0.5247, Accuracy: 76.00%, Precision: 0.72, Recall: 0.82, F1: 0.76, AUC: 0.85
Epoch [46/100] [TRAIN] Loss: 0.5546, Accuracy: 74.12%, AUC: 0.82 [VAL] Loss: 0.5248, Accuracy: 76.10%, Precision: 0.72, Recall: 0.82, F1: 0.76, AUC: 0.85
Epoch [47/100] [TRAIN] Loss: 0.5560, Accuracy: 73.81%, AUC: 0.82 [VAL] Loss: 0.5244, Accuracy: 76.10%, Precision: 0.72, Recall: 0.82, F1: 0.76, AUC: 0.85
Epoch [48/100] [TRAIN] Loss: 0.5606, Accuracy: 73.92%, AUC: 0.81 [VAL] Loss: 0.5248, Accuracy: 76.20%, Precision: 0.72, Recall: 0.82, F1: 0.76, AUC: 0.85
Epoch [49/100] [TRAIN] Loss: 0.5577, Accuracy: 73.60%, AUC: 0.82 [VAL] Loss: 0.5242, Accuracy: 76.00%, Precision: 0.72, Recall: 0.82, F1: 0.76, AUC: 0.85
Epoch [50/100] [TRAIN] Loss: 0.5543, Accuracy: 73.95%, AUC: 0.82 [VAL] Loss: 0.5238, Accuracy: 75.80%, Precision: 0.71, Recall: 0.81, F1: 0.76, AUC: 0.85
Epoch [51/100] [TRAIN] Loss: 0.5534, Accuracy: 74.10%, AUC: 0.82 [VAL] Loss: 0.5230, Accuracy: 75.90%, Precision: 0.71, Recall: 0.82, F1: 0.76, AUC: 0.85
Epoch [52/100] [TRAIN] Loss: 0.5514, Accuracy: 73.86%, AUC: 0.82 [VAL] Loss: 0.5225, Accuracy: 75.90%, Precision: 0.71, Recall: 0.82, F1: 0.76, AUC: 0.85
Epoch [53/100] [TRAIN] Loss: 0.5567, Accuracy: 74.25%, AUC: 0.82 [VAL] Loss: 0.5223, Accuracy: 75.90%, Precision: 0.72, Recall: 0.81, F1: 0.76, AUC: 0.85
Epoch [54/100] [TRAIN] Loss: 0.5516, Accuracy: 74.01%, AUC: 0.82 [VAL] Loss: 0.5219, Accuracy: 75.80%, Precision: 0.71, Recall: 0.81, F1: 0.76, AUC: 0.85
Epoch [55/100] [TRAIN] Loss: 0.5547, Accuracy: 73.51%, AUC: 0.82 [VAL] Loss: 0.5219, Accuracy: 75.70%, Precision: 0.71, Recall: 0.81, F1: 0.76, AUC: 0.85
Epoch [56/100] [TRAIN] Loss: 0.5508, Accuracy: 73.99%, AUC: 0.82 [VAL] Loss: 0.5213, Accuracy: 75.70%, Precision: 0.71, Recall: 0.81, F1: 0.76, AUC: 0.85
Epoch [57/100] [TRAIN] Loss: 0.5549, Accuracy: 73.42%, AUC: 0.82 [VAL] Loss: 0.5210, Accuracy: 75.80%, Precision: 0.71, Recall: 0.81, F1: 0.76, AUC: 0.85
Epoch [58/100] [TRAIN] Loss: 0.5541, Accuracy: 73.88%, AUC: 0.82 [VAL] Loss: 0.5212, Accuracy: 75.70%, Precision: 0.71, Recall: 0.81, F1: 0.76, AUC: 0.85
Epoch [59/100] [TRAIN] Loss: 0.5480, Accuracy: 74.34%, AUC: 0.83 [VAL] Loss: 0.5204, Accuracy: 75.70%, Precision: 0.71, Recall: 0.81, F1: 0.76, AUC: 0.85
Epoch [60/100] [TRAIN] Loss: 0.5538, Accuracy: 73.88%, AUC: 0.82 [VAL] Loss: 0.5205, Accuracy: 75.70%, Precision: 0.71, Recall: 0.81, F1: 0.76, AUC: 0.85
Epoch [61/100] [TRAIN] Loss: 0.5506, Accuracy: 74.44%, AUC: 0.82 [VAL] Loss: 0.5206, Accuracy: 75.60%, Precision: 0.71, Recall: 0.81, F1: 0.76, AUC: 0.85
Epoch [62/100] [TRAIN] Loss: 0.5504, Accuracy: 74.26%, AUC: 0.82 [VAL] Loss: 0.5199, Accuracy: 75.50%, Precision: 0.71, Recall: 0.81, F1: 0.76, AUC: 0.85
Epoch [63/100] [TRAIN] Loss: 0.5519, Accuracy: 74.00%, AUC: 0.82 [VAL] Loss: 0.5197, Accuracy: 75.60%, Precision: 0.71, Recall: 0.81, F1: 0.76, AUC: 0.85
Epoch [64/100] [TRAIN] Loss: 0.5484, Accuracy: 74.09%, AUC: 0.82 [VAL] Loss: 0.5195, Accuracy: 75.50%, Precision: 0.71, Recall: 0.81, F1: 0.76, AUC: 0.85
Epoch [65/100] [TRAIN] Loss: 0.5496, Accuracy: 73.96%, AUC: 0.82 [VAL] Loss: 0.5191, Accuracy: 75.50%, Precision: 0.71, Recall: 0.81, F1: 0.76, AUC: 0.85
Epoch [66/100] [TRAIN] Loss: 0.5520, Accuracy: 73.61%, AUC: 0.82 [VAL] Loss: 0.5198, Accuracy: 75.60%, Precision: 0.71, Recall: 0.81, F1: 0.76, AUC: 0.85
Epoch [67/100] [TRAIN] Loss: 0.5549, Accuracy: 73.95%, AUC: 0.82 [VAL] Loss: 0.5196, Accuracy: 75.50%, Precision: 0.71, Recall: 0.81, F1: 0.76, AUC: 0.85
Epoch [68/100] [TRAIN] Loss: 0.5486, Accuracy: 74.46%, AUC: 0.82 [VAL] Loss: 0.5191, Accuracy: 75.60%, Precision: 0.71, Recall: 0.81, F1: 0.76, AUC: 0.85
Epoch [69/100] [TRAIN] Loss: 0.5508, Accuracy: 74.09%, AUC: 0.82 [VAL] Loss: 0.5192, Accuracy: 75.70%, Precision: 0.71, Recall: 0.81, F1: 0.76, AUC: 0.85
Epoch [70/100] [TRAIN] Loss: 0.5486, Accuracy: 74.17%, AUC: 0.82 [VAL] Loss: 0.5186, Accuracy: 75.70%, Precision: 0.71, Recall: 0.81, F1: 0.76, AUC: 0.85
Epoch [71/100] [TRAIN] Loss: 0.5524, Accuracy: 74.00%, AUC: 0.82 [VAL] Loss: 0.5184, Accuracy: 75.60%, Precision: 0.71, Recall: 0.81, F1: 0.76, AUC: 0.85
Epoch [72/100] [TRAIN] Loss: 0.5491, Accuracy: 74.60%, AUC: 0.82 [VAL] Loss: 0.5179, Accuracy: 75.70%, Precision: 0.71, Recall: 0.81, F1: 0.76, AUC: 0.85
Epoch [73/100] [TRAIN] Loss: 0.5489, Accuracy: 74.26%, AUC: 0.82 [VAL] Loss: 0.5179, Accuracy: 75.70%, Precision: 0.71, Recall: 0.81, F1: 0.76, AUC: 0.85
Epoch [74/100] [TRAIN] Loss: 0.5499, Accuracy: 74.03%, AUC: 0.82 [VAL] Loss: 0.5176, Accuracy: 75.60%, Precision: 0.71, Recall: 0.81, F1: 0.76, AUC: 0.85
Epoch [75/100] [TRAIN] Loss: 0.5480, Accuracy: 74.08%, AUC: 0.82 [VAL] Loss: 0.5173, Accuracy: 75.70%, Precision: 0.71, Recall: 0.81, F1: 0.76, AUC: 0.85
Epoch [76/100] [TRAIN] Loss: 0.5467, Accuracy: 74.08%, AUC: 0.83 [VAL] Loss: 0.5168, Accuracy: 75.60%, Precision: 0.71, Recall: 0.81, F1: 0.76, AUC: 0.85
Epoch [77/100] [TRAIN] Loss: 0.5499, Accuracy: 74.33%, AUC: 0.82 [VAL] Loss: 0.5170, Accuracy: 75.60%, Precision: 0.71, Recall: 0.81, F1: 0.76, AUC: 0.85
Epoch [78/100] [TRAIN] Loss: 0.5465, Accuracy: 74.05%, AUC: 0.82 [VAL] Loss: 0.5163, Accuracy: 75.90%, Precision: 0.72, Recall: 0.81, F1: 0.76, AUC: 0.85
Epoch [79/100] [TRAIN] Loss: 0.5462, Accuracy: 74.00%, AUC: 0.83 [VAL] Loss: 0.5163, Accuracy: 75.80%, Precision: 0.72, Recall: 0.81, F1: 0.76, AUC: 0.85
Epoch [80/100] [TRAIN] Loss: 0.5450, Accuracy: 74.26%, AUC: 0.83 [VAL] Loss: 0.5158, Accuracy: 75.90%, Precision: 0.72, Recall: 0.81, F1: 0.76, AUC: 0.85
Epoch [81/100] [TRAIN] Loss: 0.5457, Accuracy: 74.14%, AUC: 0.83 [VAL] Loss: 0.5157, Accuracy: 75.90%, Precision: 0.72, Recall: 0.81, F1: 0.76, AUC: 0.85
Epoch [82/100] [TRAIN] Loss: 0.5486, Accuracy: 74.22%, AUC: 0.82 [VAL] Loss: 0.5162, Accuracy: 75.80%, Precision: 0.72, Recall: 0.81, F1: 0.76, AUC: 0.85
Epoch [83/100] [TRAIN] Loss: 0.5438, Accuracy: 74.39%, AUC: 0.83 [VAL] Loss: 0.5154, Accuracy: 75.80%, Precision: 0.72, Recall: 0.81, F1: 0.76, AUC: 0.85
Epoch [84/100] [TRAIN] Loss: 0.5472, Accuracy: 74.16%, AUC: 0.82 [VAL] Loss: 0.5156, Accuracy: 75.90%, Precision: 0.72, Recall: 0.81, F1: 0.76, AUC: 0.85
Epoch [85/100] [TRAIN] Loss: 0.5488, Accuracy: 74.01%, AUC: 0.82 [VAL] Loss: 0.5155, Accuracy: 75.90%, Precision: 0.72, Recall: 0.81, F1: 0.76, AUC: 0.85
Epoch [86/100] [TRAIN] Loss: 0.5464, Accuracy: 74.00%, AUC: 0.82 [VAL] Loss: 0.5156, Accuracy: 76.00%, Precision: 0.72, Recall: 0.81, F1: 0.76, AUC: 0.85
Epoch [87/100] [TRAIN] Loss: 0.5441, Accuracy: 74.01%, AUC: 0.83 [VAL] Loss: 0.5150, Accuracy: 75.90%, Precision: 0.72, Recall: 0.81, F1: 0.76, AUC: 0.85
Epoch [88/100] [TRAIN] Loss: 0.5470, Accuracy: 74.53%, AUC: 0.83 [VAL] Loss: 0.5150, Accuracy: 75.80%, Precision: 0.72, Recall: 0.81, F1: 0.76, AUC: 0.85
Epoch [89/100] [TRAIN] Loss: 0.5448, Accuracy: 74.40%, AUC: 0.83 [VAL] Loss: 0.5150, Accuracy: 75.90%, Precision: 0.72, Recall: 0.81, F1: 0.76, AUC: 0.85
Epoch [90/100] [TRAIN] Loss: 0.5440, Accuracy: 74.04%, AUC: 0.83 [VAL] Loss: 0.5147, Accuracy: 76.00%, Precision: 0.72, Recall: 0.81, F1: 0.76, AUC: 0.85
Epoch [91/100] [TRAIN] Loss: 0.5455, Accuracy: 74.74%, AUC: 0.83 [VAL] Loss: 0.5145, Accuracy: 76.00%, Precision: 0.72, Recall: 0.81, F1: 0.76, AUC: 0.85
Epoch [92/100] [TRAIN] Loss: 0.5455, Accuracy: 73.97%, AUC: 0.82 [VAL] Loss: 0.5144, Accuracy: 76.00%, Precision: 0.72, Recall: 0.81, F1: 0.76, AUC: 0.85
Epoch [93/100] [TRAIN] Loss: 0.5433, Accuracy: 74.12%, AUC: 0.83 [VAL] Loss: 0.5145, Accuracy: 76.00%, Precision: 0.72, Recall: 0.81, F1: 0.76, AUC: 0.85
Epoch [94/100] [TRAIN] Loss: 0.5460, Accuracy: 73.80%, AUC: 0.82 [VAL] Loss: 0.5148, Accuracy: 76.00%, Precision: 0.72, Recall: 0.81, F1: 0.76, AUC: 0.85
Epoch [95/100] [TRAIN] Loss: 0.5446, Accuracy: 74.21%, AUC: 0.83 [VAL] Loss: 0.5142, Accuracy: 76.00%, Precision: 0.72, Recall: 0.81, F1: 0.76, AUC: 0.85
Epoch [96/100] [TRAIN] Loss: 0.5472, Accuracy: 73.99%, AUC: 0.82 [VAL] Loss: 0.5147, Accuracy: 76.00%, Precision: 0.72, Recall: 0.81, F1: 0.76, AUC: 0.85
Epoch [97/100] [TRAIN] Loss: 0.5453, Accuracy: 74.06%, AUC: 0.82 [VAL] Loss: 0.5143, Accuracy: 76.00%, Precision: 0.72, Recall: 0.81, F1: 0.76, AUC: 0.85
Epoch [98/100] [TRAIN] Loss: 0.5467, Accuracy: 73.97%, AUC: 0.82 [VAL] Loss: 0.5138, Accuracy: 76.00%, Precision: 0.72, Recall: 0.81, F1: 0.76, AUC: 0.85
Epoch [99/100] [TRAIN] Loss: 0.5422, Accuracy: 74.58%, AUC: 0.83 [VAL] Loss: 0.5136, Accuracy: 76.00%, Precision: 0.72, Recall: 0.81, F1: 0.76, AUC: 0.85
Epoch [100/100] [TRAIN] Loss: 0.5454, Accuracy: 74.20%, AUC: 0.82 [VAL] Loss: 0.5144, Accuracy: 76.00%, Precision: 0.72, Recall: 0.81, F1: 0.76, AUC: 0.85
  Antisymmetry score (raw):        0.9040
  Antisymmetry score (confident):  1.0000
  Total violations:                96 / 1000
  Pairs near boundary:             186 (18.6%)
  Avg |prob-0.5| at violation:     0.0000

--- Training baselines (LogisticRegression, RandomForest, SVM) ---

  Training LogisticRegression...
  Val accuracy: 75.30%  |  Val AUC: 0.8214

  [LogisticRegression]  Accuracy: 72.80%  AUC: 0.7755  AUCPRC: 0.7588  Precision: 0.7454  Recall: 0.6687  F1: 0.7050  Antisym: 0.7830

  Training RandomForest...
  Val accuracy: 77.50%  |  Val AUC: 0.8523

  [RandomForest]  Accuracy: 74.10%  AUC: 0.8125  AUCPRC: 0.7889  Precision: 0.7495  Recall: 0.7016  F1: 0.7248  Antisym: 0.8010

  Training SVM_Linear...
  Val accuracy: 75.70%  |  Val AUC: 0.8209

  [SVM_Linear]  Accuracy: 72.30%  AUC: 0.7761  AUCPRC: 0.7588  Precision: 0.7413  Recall: 0.6605  F1: 0.6986  Antisym: 0.7710
Seed: 456
=== DirectRanker ===
Accuracy:  74.00 %
AUC:       0.8229
AUCPRC:    0.8076
Precision: 0.7062
Recall:    0.7963
F1-Score:  0.7485
Antisymmetry score:  0.9040  (1.0 = perfect, ~0.5 = random)

Detailed Classification Report:
              precision    recall  f1-score   support

           0       0.78      0.69      0.73       514
           1       0.71      0.80      0.75       486

    accuracy                           0.74      1000
   macro avg       0.74      0.74      0.74      1000
weighted avg       0.74      0.74      0.74      1000


Confusion Matrix:
[[353 161]
 [ 99 387]]

=== LogisticRegression ===
Accuracy:  72.80 %
AUC:       0.7755
AUCPRC:    0.7588
Precision: 0.7454
Recall:    0.6687
F1-Score:  0.7050
Antisymmetry score:  0.7830
Confusion Matrix:
[[403 111]
 [161 325]]

=== RandomForest ===
Accuracy:  74.10 %
AUC:       0.8125
AUCPRC:    0.7889
Precision: 0.7495
Recall:    0.7016
F1-Score:  0.7248
Antisymmetry score:  0.8010
Confusion Matrix:
[[400 114]
 [145 341]]

=== SVM_Linear ===
Accuracy:  72.30 %
AUC:       0.7761
AUCPRC:    0.7588
Precision: 0.7413
Recall:    0.6605
F1-Score:  0.6986
Antisymmetry score:  0.7710
Confusion Matrix:
[[402 112]
 [165 321]]

Saved combined test metrics: /group/pmc021/amunif/epi-thesis/workflow/16_Pairwise Ranking Healthy Liver/output/combined/donor_3/test/005-H3K4me3-H3K9ac-seed456-test-metrics.csv
Saved combined ROC plot: /group/pmc021/amunif/epi-thesis/workflow/16_Pairwise Ranking Healthy Liver/output/combined/donor_3/img/roc/005-H3K4me3-H3K9ac-seed456-roc-combined.png
Saved combined PRC plot: /group/pmc021/amunif/epi-thesis/workflow/16_Pairwise Ranking Healthy Liver/output/combined/donor_3/img/prc/005-H3K4me3-H3K9ac-seed456-prc-combined.png

Finished 005-H3K4me3-H3K9ac (seed 456)

======================================================================
006-H3K4me3-H3K9me3
======================================================================
Train label distribution:
  Label 0:   4036 (50.4%)
  Label 1:   3964 (49.5%)
Val label distribution:
  Label 0:    528 (52.8%)
  Label 1:    472 (47.2%)
Test label distribution:
  Label 0:    514 (51.4%)
  Label 1:    486 (48.6%)
Saved label distribution: /group/pmc021/amunif/epi-thesis/workflow/16_Pairwise Ranking Healthy Liver/output/combined/donor_3/test/006-H3K4me3-H3K9me3-seed456-label-distribution.csv

--- Training DirectRanker ---
Epoch [1/100] [TRAIN] Loss: 0.6665, Accuracy: 67.99%, AUC: 0.74 [VAL] Loss: 0.6187, Accuracy: 73.00%, Precision: 0.69, Recall: 0.79, F1: 0.73, AUC: 0.81
Epoch [2/100] [TRAIN] Loss: 0.6201, Accuracy: 71.66%, AUC: 0.78 [VAL] Loss: 0.5823, Accuracy: 72.70%, Precision: 0.69, Recall: 0.78, F1: 0.73, AUC: 0.81
Epoch [3/100] [TRAIN] Loss: 0.6003, Accuracy: 71.80%, AUC: 0.79 [VAL] Loss: 0.5701, Accuracy: 72.70%, Precision: 0.69, Recall: 0.77, F1: 0.73, AUC: 0.81
Epoch [4/100] [TRAIN] Loss: 0.5987, Accuracy: 72.51%, AUC: 0.79 [VAL] Loss: 0.5668, Accuracy: 73.40%, Precision: 0.69, Recall: 0.79, F1: 0.74, AUC: 0.82
Epoch [5/100] [TRAIN] Loss: 0.5947, Accuracy: 72.09%, AUC: 0.79 [VAL] Loss: 0.5642, Accuracy: 73.40%, Precision: 0.69, Recall: 0.78, F1: 0.74, AUC: 0.82
Epoch [6/100] [TRAIN] Loss: 0.5909, Accuracy: 72.41%, AUC: 0.79 [VAL] Loss: 0.5622, Accuracy: 73.40%, Precision: 0.69, Recall: 0.79, F1: 0.74, AUC: 0.82
Epoch [7/100] [TRAIN] Loss: 0.5867, Accuracy: 72.29%, AUC: 0.80 [VAL] Loss: 0.5607, Accuracy: 73.50%, Precision: 0.69, Recall: 0.79, F1: 0.74, AUC: 0.82
Epoch [8/100] [TRAIN] Loss: 0.5853, Accuracy: 72.42%, AUC: 0.80 [VAL] Loss: 0.5596, Accuracy: 73.50%, Precision: 0.69, Recall: 0.79, F1: 0.74, AUC: 0.82
Epoch [9/100] [TRAIN] Loss: 0.5874, Accuracy: 72.71%, AUC: 0.80 [VAL] Loss: 0.5585, Accuracy: 73.40%, Precision: 0.69, Recall: 0.79, F1: 0.74, AUC: 0.82
Epoch [10/100] [TRAIN] Loss: 0.5866, Accuracy: 72.33%, AUC: 0.80 [VAL] Loss: 0.5579, Accuracy: 73.40%, Precision: 0.69, Recall: 0.78, F1: 0.74, AUC: 0.82
Epoch [11/100] [TRAIN] Loss: 0.5831, Accuracy: 72.49%, AUC: 0.80 [VAL] Loss: 0.5568, Accuracy: 73.50%, Precision: 0.69, Recall: 0.79, F1: 0.74, AUC: 0.82
Epoch [12/100] [TRAIN] Loss: 0.5825, Accuracy: 72.61%, AUC: 0.80 [VAL] Loss: 0.5563, Accuracy: 73.70%, Precision: 0.70, Recall: 0.79, F1: 0.74, AUC: 0.82
Epoch [13/100] [TRAIN] Loss: 0.5798, Accuracy: 72.92%, AUC: 0.80 [VAL] Loss: 0.5555, Accuracy: 73.60%, Precision: 0.69, Recall: 0.79, F1: 0.74, AUC: 0.82
Epoch [14/100] [TRAIN] Loss: 0.5777, Accuracy: 72.78%, AUC: 0.80 [VAL] Loss: 0.5547, Accuracy: 73.60%, Precision: 0.69, Recall: 0.79, F1: 0.74, AUC: 0.82
Epoch [15/100] [TRAIN] Loss: 0.5767, Accuracy: 73.19%, AUC: 0.80 [VAL] Loss: 0.5540, Accuracy: 73.60%, Precision: 0.69, Recall: 0.79, F1: 0.74, AUC: 0.82
Epoch [16/100] [TRAIN] Loss: 0.5792, Accuracy: 72.79%, AUC: 0.80 [VAL] Loss: 0.5535, Accuracy: 73.50%, Precision: 0.69, Recall: 0.78, F1: 0.74, AUC: 0.82
Epoch [17/100] [TRAIN] Loss: 0.5755, Accuracy: 72.62%, AUC: 0.80 [VAL] Loss: 0.5527, Accuracy: 73.70%, Precision: 0.70, Recall: 0.79, F1: 0.74, AUC: 0.82
Epoch [18/100] [TRAIN] Loss: 0.5748, Accuracy: 72.44%, AUC: 0.80 [VAL] Loss: 0.5519, Accuracy: 73.50%, Precision: 0.69, Recall: 0.78, F1: 0.74, AUC: 0.82
Epoch [19/100] [TRAIN] Loss: 0.5770, Accuracy: 72.38%, AUC: 0.80 [VAL] Loss: 0.5518, Accuracy: 73.40%, Precision: 0.69, Recall: 0.78, F1: 0.74, AUC: 0.82
Epoch [20/100] [TRAIN] Loss: 0.5739, Accuracy: 73.29%, AUC: 0.81 [VAL] Loss: 0.5515, Accuracy: 73.60%, Precision: 0.69, Recall: 0.79, F1: 0.74, AUC: 0.82
Epoch [21/100] [TRAIN] Loss: 0.5765, Accuracy: 72.39%, AUC: 0.80 [VAL] Loss: 0.5513, Accuracy: 73.70%, Precision: 0.70, Recall: 0.79, F1: 0.74, AUC: 0.83
Epoch [22/100] [TRAIN] Loss: 0.5739, Accuracy: 72.72%, AUC: 0.80 [VAL] Loss: 0.5506, Accuracy: 73.60%, Precision: 0.69, Recall: 0.79, F1: 0.74, AUC: 0.83
Epoch [23/100] [TRAIN] Loss: 0.5735, Accuracy: 72.72%, AUC: 0.80 [VAL] Loss: 0.5503, Accuracy: 73.50%, Precision: 0.69, Recall: 0.79, F1: 0.74, AUC: 0.83
Epoch [24/100] [TRAIN] Loss: 0.5739, Accuracy: 73.15%, AUC: 0.80 [VAL] Loss: 0.5498, Accuracy: 73.60%, Precision: 0.69, Recall: 0.79, F1: 0.74, AUC: 0.83
Epoch [25/100] [TRAIN] Loss: 0.5762, Accuracy: 72.88%, AUC: 0.80 [VAL] Loss: 0.5493, Accuracy: 73.60%, Precision: 0.69, Recall: 0.79, F1: 0.74, AUC: 0.83
Epoch [26/100] [TRAIN] Loss: 0.5726, Accuracy: 73.24%, AUC: 0.81 [VAL] Loss: 0.5489, Accuracy: 73.80%, Precision: 0.70, Recall: 0.79, F1: 0.74, AUC: 0.83
Epoch [27/100] [TRAIN] Loss: 0.5708, Accuracy: 72.97%, AUC: 0.81 [VAL] Loss: 0.5482, Accuracy: 73.80%, Precision: 0.70, Recall: 0.79, F1: 0.74, AUC: 0.83
Epoch [28/100] [TRAIN] Loss: 0.5737, Accuracy: 72.41%, AUC: 0.80 [VAL] Loss: 0.5480, Accuracy: 73.90%, Precision: 0.70, Recall: 0.79, F1: 0.74, AUC: 0.83
Epoch [29/100] [TRAIN] Loss: 0.5686, Accuracy: 73.47%, AUC: 0.81 [VAL] Loss: 0.5473, Accuracy: 73.90%, Precision: 0.70, Recall: 0.79, F1: 0.74, AUC: 0.83
Epoch [30/100] [TRAIN] Loss: 0.5729, Accuracy: 72.60%, AUC: 0.80 [VAL] Loss: 0.5469, Accuracy: 73.90%, Precision: 0.70, Recall: 0.79, F1: 0.74, AUC: 0.83
Epoch [31/100] [TRAIN] Loss: 0.5723, Accuracy: 72.84%, AUC: 0.81 [VAL] Loss: 0.5469, Accuracy: 74.10%, Precision: 0.70, Recall: 0.79, F1: 0.74, AUC: 0.83
Epoch [32/100] [TRAIN] Loss: 0.5716, Accuracy: 72.92%, AUC: 0.81 [VAL] Loss: 0.5465, Accuracy: 74.10%, Precision: 0.70, Recall: 0.79, F1: 0.74, AUC: 0.83
Epoch [33/100] [TRAIN] Loss: 0.5682, Accuracy: 72.94%, AUC: 0.81 [VAL] Loss: 0.5457, Accuracy: 73.90%, Precision: 0.70, Recall: 0.79, F1: 0.74, AUC: 0.83
Epoch [34/100] [TRAIN] Loss: 0.5717, Accuracy: 73.33%, AUC: 0.81 [VAL] Loss: 0.5455, Accuracy: 74.20%, Precision: 0.70, Recall: 0.79, F1: 0.74, AUC: 0.83
Epoch [35/100] [TRAIN] Loss: 0.5682, Accuracy: 72.92%, AUC: 0.81 [VAL] Loss: 0.5451, Accuracy: 73.90%, Precision: 0.70, Recall: 0.79, F1: 0.74, AUC: 0.83
Epoch [36/100] [TRAIN] Loss: 0.5697, Accuracy: 73.16%, AUC: 0.81 [VAL] Loss: 0.5447, Accuracy: 74.00%, Precision: 0.70, Recall: 0.79, F1: 0.74, AUC: 0.83
Epoch [37/100] [TRAIN] Loss: 0.5693, Accuracy: 73.10%, AUC: 0.81 [VAL] Loss: 0.5446, Accuracy: 74.00%, Precision: 0.70, Recall: 0.79, F1: 0.74, AUC: 0.83
Epoch [38/100] [TRAIN] Loss: 0.5659, Accuracy: 73.24%, AUC: 0.81 [VAL] Loss: 0.5439, Accuracy: 73.90%, Precision: 0.70, Recall: 0.79, F1: 0.74, AUC: 0.83
Epoch [39/100] [TRAIN] Loss: 0.5682, Accuracy: 73.06%, AUC: 0.81 [VAL] Loss: 0.5435, Accuracy: 73.90%, Precision: 0.70, Recall: 0.79, F1: 0.74, AUC: 0.83
Epoch [40/100] [TRAIN] Loss: 0.5709, Accuracy: 73.35%, AUC: 0.81 [VAL] Loss: 0.5435, Accuracy: 73.90%, Precision: 0.70, Recall: 0.79, F1: 0.74, AUC: 0.83
Epoch [41/100] [TRAIN] Loss: 0.5680, Accuracy: 73.16%, AUC: 0.81 [VAL] Loss: 0.5432, Accuracy: 73.90%, Precision: 0.70, Recall: 0.79, F1: 0.74, AUC: 0.83
Epoch [42/100] [TRAIN] Loss: 0.5684, Accuracy: 72.96%, AUC: 0.81 [VAL] Loss: 0.5431, Accuracy: 73.70%, Precision: 0.69, Recall: 0.79, F1: 0.74, AUC: 0.83
Epoch [43/100] [TRAIN] Loss: 0.5683, Accuracy: 73.21%, AUC: 0.81 [VAL] Loss: 0.5427, Accuracy: 73.60%, Precision: 0.69, Recall: 0.79, F1: 0.74, AUC: 0.83
Epoch [44/100] [TRAIN] Loss: 0.5678, Accuracy: 72.88%, AUC: 0.81 [VAL] Loss: 0.5424, Accuracy: 73.60%, Precision: 0.69, Recall: 0.79, F1: 0.74, AUC: 0.83
Epoch [45/100] [TRAIN] Loss: 0.5654, Accuracy: 73.28%, AUC: 0.81 [VAL] Loss: 0.5420, Accuracy: 73.60%, Precision: 0.69, Recall: 0.79, F1: 0.74, AUC: 0.83
Epoch [46/100] [TRAIN] Loss: 0.5653, Accuracy: 73.28%, AUC: 0.81 [VAL] Loss: 0.5419, Accuracy: 73.60%, Precision: 0.69, Recall: 0.79, F1: 0.74, AUC: 0.83
Epoch [47/100] [TRAIN] Loss: 0.5646, Accuracy: 73.47%, AUC: 0.81 [VAL] Loss: 0.5413, Accuracy: 73.80%, Precision: 0.70, Recall: 0.79, F1: 0.74, AUC: 0.83
Epoch [48/100] [TRAIN] Loss: 0.5653, Accuracy: 72.94%, AUC: 0.81 [VAL] Loss: 0.5413, Accuracy: 73.70%, Precision: 0.69, Recall: 0.79, F1: 0.74, AUC: 0.83
Epoch [49/100] [TRAIN] Loss: 0.5631, Accuracy: 73.24%, AUC: 0.81 [VAL] Loss: 0.5410, Accuracy: 73.70%, Precision: 0.69, Recall: 0.79, F1: 0.74, AUC: 0.83
Epoch [50/100] [TRAIN] Loss: 0.5649, Accuracy: 72.84%, AUC: 0.81 [VAL] Loss: 0.5408, Accuracy: 73.90%, Precision: 0.70, Recall: 0.80, F1: 0.74, AUC: 0.83
Epoch [51/100] [TRAIN] Loss: 0.5631, Accuracy: 73.25%, AUC: 0.81 [VAL] Loss: 0.5404, Accuracy: 73.90%, Precision: 0.69, Recall: 0.80, F1: 0.74, AUC: 0.83
Epoch [52/100] [TRAIN] Loss: 0.5682, Accuracy: 72.71%, AUC: 0.81 [VAL] Loss: 0.5403, Accuracy: 73.80%, Precision: 0.69, Recall: 0.80, F1: 0.74, AUC: 0.83
Epoch [53/100] [TRAIN] Loss: 0.5630, Accuracy: 73.34%, AUC: 0.81 [VAL] Loss: 0.5398, Accuracy: 73.70%, Precision: 0.69, Recall: 0.80, F1: 0.74, AUC: 0.83
Epoch [54/100] [TRAIN] Loss: 0.5627, Accuracy: 73.50%, AUC: 0.81 [VAL] Loss: 0.5396, Accuracy: 73.80%, Precision: 0.69, Recall: 0.80, F1: 0.74, AUC: 0.83
Epoch [55/100] [TRAIN] Loss: 0.5633, Accuracy: 73.49%, AUC: 0.81 [VAL] Loss: 0.5390, Accuracy: 73.80%, Precision: 0.69, Recall: 0.80, F1: 0.74, AUC: 0.83
Epoch [56/100] [TRAIN] Loss: 0.5646, Accuracy: 73.03%, AUC: 0.81 [VAL] Loss: 0.5391, Accuracy: 73.90%, Precision: 0.69, Recall: 0.80, F1: 0.74, AUC: 0.83
Epoch [57/100] [TRAIN] Loss: 0.5612, Accuracy: 73.38%, AUC: 0.81 [VAL] Loss: 0.5385, Accuracy: 74.00%, Precision: 0.70, Recall: 0.80, F1: 0.74, AUC: 0.83
Epoch [58/100] [TRAIN] Loss: 0.5664, Accuracy: 73.06%, AUC: 0.81 [VAL] Loss: 0.5386, Accuracy: 74.00%, Precision: 0.70, Recall: 0.80, F1: 0.74, AUC: 0.83
Epoch [59/100] [TRAIN] Loss: 0.5645, Accuracy: 72.74%, AUC: 0.81 [VAL] Loss: 0.5384, Accuracy: 73.90%, Precision: 0.70, Recall: 0.80, F1: 0.74, AUC: 0.83
Epoch [60/100] [TRAIN] Loss: 0.5625, Accuracy: 73.39%, AUC: 0.81 [VAL] Loss: 0.5380, Accuracy: 74.00%, Precision: 0.70, Recall: 0.80, F1: 0.74, AUC: 0.83
Epoch [61/100] [TRAIN] Loss: 0.5610, Accuracy: 73.17%, AUC: 0.81 [VAL] Loss: 0.5380, Accuracy: 73.90%, Precision: 0.70, Recall: 0.80, F1: 0.74, AUC: 0.83
Epoch [62/100] [TRAIN] Loss: 0.5636, Accuracy: 73.05%, AUC: 0.81 [VAL] Loss: 0.5382, Accuracy: 73.80%, Precision: 0.69, Recall: 0.80, F1: 0.74, AUC: 0.83
Epoch [63/100] [TRAIN] Loss: 0.5598, Accuracy: 73.49%, AUC: 0.81 [VAL] Loss: 0.5379, Accuracy: 73.90%, Precision: 0.70, Recall: 0.80, F1: 0.74, AUC: 0.83
Epoch [64/100] [TRAIN] Loss: 0.5593, Accuracy: 73.01%, AUC: 0.81 [VAL] Loss: 0.5374, Accuracy: 73.90%, Precision: 0.70, Recall: 0.80, F1: 0.74, AUC: 0.83
Epoch [65/100] [TRAIN] Loss: 0.5606, Accuracy: 72.71%, AUC: 0.81 [VAL] Loss: 0.5370, Accuracy: 74.00%, Precision: 0.70, Recall: 0.80, F1: 0.74, AUC: 0.83
Epoch [66/100] [TRAIN] Loss: 0.5596, Accuracy: 73.61%, AUC: 0.81 [VAL] Loss: 0.5368, Accuracy: 74.10%, Precision: 0.70, Recall: 0.80, F1: 0.74, AUC: 0.83
Epoch [67/100] [TRAIN] Loss: 0.5627, Accuracy: 72.69%, AUC: 0.81 [VAL] Loss: 0.5372, Accuracy: 73.90%, Precision: 0.70, Recall: 0.80, F1: 0.74, AUC: 0.83
Epoch [68/100] [TRAIN] Loss: 0.5583, Accuracy: 73.26%, AUC: 0.82 [VAL] Loss: 0.5373, Accuracy: 74.00%, Precision: 0.70, Recall: 0.80, F1: 0.74, AUC: 0.83
Epoch [69/100] [TRAIN] Loss: 0.5638, Accuracy: 72.90%, AUC: 0.81 [VAL] Loss: 0.5372, Accuracy: 74.00%, Precision: 0.70, Recall: 0.80, F1: 0.74, AUC: 0.83
Epoch [70/100] [TRAIN] Loss: 0.5567, Accuracy: 73.20%, AUC: 0.82 [VAL] Loss: 0.5367, Accuracy: 73.90%, Precision: 0.70, Recall: 0.79, F1: 0.74, AUC: 0.83
Epoch [71/100] [TRAIN] Loss: 0.5633, Accuracy: 73.44%, AUC: 0.81 [VAL] Loss: 0.5367, Accuracy: 73.90%, Precision: 0.70, Recall: 0.79, F1: 0.74, AUC: 0.83
Epoch [72/100] [TRAIN] Loss: 0.5595, Accuracy: 73.35%, AUC: 0.81 [VAL] Loss: 0.5362, Accuracy: 74.10%, Precision: 0.70, Recall: 0.80, F1: 0.74, AUC: 0.83
Epoch [73/100] [TRAIN] Loss: 0.5550, Accuracy: 73.44%, AUC: 0.82 [VAL] Loss: 0.5362, Accuracy: 73.90%, Precision: 0.70, Recall: 0.79, F1: 0.74, AUC: 0.83
Epoch [74/100] [TRAIN] Loss: 0.5626, Accuracy: 73.28%, AUC: 0.81 [VAL] Loss: 0.5361, Accuracy: 74.20%, Precision: 0.70, Recall: 0.80, F1: 0.75, AUC: 0.83
Epoch [75/100] [TRAIN] Loss: 0.5586, Accuracy: 73.39%, AUC: 0.81 [VAL] Loss: 0.5361, Accuracy: 74.10%, Precision: 0.70, Recall: 0.80, F1: 0.74, AUC: 0.83
Epoch [76/100] [TRAIN] Loss: 0.5591, Accuracy: 73.45%, AUC: 0.82 [VAL] Loss: 0.5358, Accuracy: 74.10%, Precision: 0.70, Recall: 0.80, F1: 0.74, AUC: 0.83
Epoch [77/100] [TRAIN] Loss: 0.5582, Accuracy: 72.94%, AUC: 0.81 [VAL] Loss: 0.5358, Accuracy: 74.00%, Precision: 0.70, Recall: 0.80, F1: 0.74, AUC: 0.83
Epoch [78/100] [TRAIN] Loss: 0.5621, Accuracy: 73.05%, AUC: 0.81 [VAL] Loss: 0.5356, Accuracy: 74.00%, Precision: 0.70, Recall: 0.80, F1: 0.74, AUC: 0.83
Epoch [79/100] [TRAIN] Loss: 0.5595, Accuracy: 73.54%, AUC: 0.82 [VAL] Loss: 0.5354, Accuracy: 74.10%, Precision: 0.70, Recall: 0.80, F1: 0.74, AUC: 0.83
Epoch [80/100] [TRAIN] Loss: 0.5616, Accuracy: 73.45%, AUC: 0.81 [VAL] Loss: 0.5353, Accuracy: 74.20%, Precision: 0.70, Recall: 0.80, F1: 0.75, AUC: 0.83
Epoch [81/100] [TRAIN] Loss: 0.5568, Accuracy: 73.75%, AUC: 0.82 [VAL] Loss: 0.5349, Accuracy: 74.30%, Precision: 0.70, Recall: 0.80, F1: 0.75, AUC: 0.84
Epoch [82/100] [TRAIN] Loss: 0.5630, Accuracy: 73.05%, AUC: 0.81 [VAL] Loss: 0.5351, Accuracy: 74.10%, Precision: 0.70, Recall: 0.80, F1: 0.74, AUC: 0.83
Epoch [83/100] [TRAIN] Loss: 0.5585, Accuracy: 73.04%, AUC: 0.81 [VAL] Loss: 0.5347, Accuracy: 74.20%, Precision: 0.70, Recall: 0.80, F1: 0.75, AUC: 0.84
Epoch [84/100] [TRAIN] Loss: 0.5591, Accuracy: 73.24%, AUC: 0.81 [VAL] Loss: 0.5347, Accuracy: 74.20%, Precision: 0.70, Recall: 0.80, F1: 0.75, AUC: 0.84
Epoch [85/100] [TRAIN] Loss: 0.5617, Accuracy: 73.08%, AUC: 0.81 [VAL] Loss: 0.5348, Accuracy: 74.30%, Precision: 0.70, Recall: 0.80, F1: 0.75, AUC: 0.84
Epoch [86/100] [TRAIN] Loss: 0.5594, Accuracy: 73.49%, AUC: 0.81 [VAL] Loss: 0.5345, Accuracy: 74.30%, Precision: 0.70, Recall: 0.80, F1: 0.75, AUC: 0.84
Epoch [87/100] [TRAIN] Loss: 0.5584, Accuracy: 73.44%, AUC: 0.81 [VAL] Loss: 0.5346, Accuracy: 74.40%, Precision: 0.70, Recall: 0.80, F1: 0.75, AUC: 0.84
Epoch [88/100] [TRAIN] Loss: 0.5584, Accuracy: 73.61%, AUC: 0.81 [VAL] Loss: 0.5342, Accuracy: 74.40%, Precision: 0.70, Recall: 0.80, F1: 0.75, AUC: 0.84
Epoch [89/100] [TRAIN] Loss: 0.5585, Accuracy: 73.17%, AUC: 0.81 [VAL] Loss: 0.5342, Accuracy: 74.40%, Precision: 0.70, Recall: 0.80, F1: 0.75, AUC: 0.84
Epoch [90/100] [TRAIN] Loss: 0.5577, Accuracy: 72.97%, AUC: 0.81 [VAL] Loss: 0.5335, Accuracy: 74.30%, Precision: 0.70, Recall: 0.80, F1: 0.75, AUC: 0.84
Epoch [91/100] [TRAIN] Loss: 0.5584, Accuracy: 73.80%, AUC: 0.82 [VAL] Loss: 0.5337, Accuracy: 74.30%, Precision: 0.70, Recall: 0.80, F1: 0.75, AUC: 0.84
Epoch [92/100] [TRAIN] Loss: 0.5570, Accuracy: 73.08%, AUC: 0.81 [VAL] Loss: 0.5333, Accuracy: 74.40%, Precision: 0.70, Recall: 0.80, F1: 0.75, AUC: 0.84
Epoch [93/100] [TRAIN] Loss: 0.5572, Accuracy: 73.10%, AUC: 0.82 [VAL] Loss: 0.5333, Accuracy: 74.40%, Precision: 0.70, Recall: 0.80, F1: 0.75, AUC: 0.84
Epoch [94/100] [TRAIN] Loss: 0.5530, Accuracy: 73.05%, AUC: 0.82 [VAL] Loss: 0.5331, Accuracy: 74.50%, Precision: 0.70, Recall: 0.80, F1: 0.75, AUC: 0.84
Epoch [95/100] [TRAIN] Loss: 0.5561, Accuracy: 73.62%, AUC: 0.82 [VAL] Loss: 0.5329, Accuracy: 74.40%, Precision: 0.70, Recall: 0.80, F1: 0.75, AUC: 0.84
Epoch [96/100] [TRAIN] Loss: 0.5567, Accuracy: 73.17%, AUC: 0.82 [VAL] Loss: 0.5329, Accuracy: 74.50%, Precision: 0.70, Recall: 0.80, F1: 0.75, AUC: 0.84
Epoch [97/100] [TRAIN] Loss: 0.5557, Accuracy: 73.86%, AUC: 0.82 [VAL] Loss: 0.5326, Accuracy: 74.50%, Precision: 0.70, Recall: 0.80, F1: 0.75, AUC: 0.84
Epoch [98/100] [TRAIN] Loss: 0.5540, Accuracy: 73.24%, AUC: 0.82 [VAL] Loss: 0.5326, Accuracy: 74.50%, Precision: 0.70, Recall: 0.80, F1: 0.75, AUC: 0.84
Epoch [99/100] [TRAIN] Loss: 0.5540, Accuracy: 73.41%, AUC: 0.82 [VAL] Loss: 0.5324, Accuracy: 74.50%, Precision: 0.70, Recall: 0.80, F1: 0.75, AUC: 0.84
Epoch [100/100] [TRAIN] Loss: 0.5560, Accuracy: 73.30%, AUC: 0.82 [VAL] Loss: 0.5323, Accuracy: 74.50%, Precision: 0.70, Recall: 0.80, F1: 0.75, AUC: 0.84
  Antisymmetry score (raw):        0.9060
  Antisymmetry score (confident):  1.0000
  Total violations:                94 / 1000
  Pairs near boundary:             175 (17.5%)
  Avg |prob-0.5| at violation:     0.0000

--- Training baselines (LogisticRegression, RandomForest, SVM) ---

  Training LogisticRegression...
  Val accuracy: 74.30%  |  Val AUC: 0.8001

  [LogisticRegression]  Accuracy: 71.00%  AUC: 0.7639  AUCPRC: 0.7211  Precision: 0.7217  Recall: 0.6564  F1: 0.6875  Antisym: 0.7880

  Training RandomForest...
  Val accuracy: 76.30%  |  Val AUC: 0.8348

  [RandomForest]  Accuracy: 72.60%  AUC: 0.7960  AUCPRC: 0.7686  Precision: 0.7335  Recall: 0.6852  F1: 0.7085  Antisym: 0.7900

  Training SVM_Linear...
  Val accuracy: 73.90%  |  Val AUC: 0.7994

  [SVM_Linear]  Accuracy: 70.20%  AUC: 0.7605  AUCPRC: 0.7146  Precision: 0.7238  Recall: 0.6255  F1: 0.6711  Antisym: 0.7790
Seed: 456
=== DirectRanker ===
Accuracy:  71.40 %
AUC:       0.8053
AUCPRC:    0.7874
Precision: 0.6805
Recall:    0.7757
F1-Score:  0.7250
Antisymmetry score:  0.9060  (1.0 = perfect, ~0.5 = random)

Detailed Classification Report:
              precision    recall  f1-score   support

           0       0.76      0.66      0.70       514
           1       0.68      0.78      0.72       486

    accuracy                           0.71      1000
   macro avg       0.72      0.72      0.71      1000
weighted avg       0.72      0.71      0.71      1000


Confusion Matrix:
[[337 177]
 [109 377]]

=== LogisticRegression ===
Accuracy:  71.00 %
AUC:       0.7639
AUCPRC:    0.7211
Precision: 0.7217
Recall:    0.6564
F1-Score:  0.6875
Antisymmetry score:  0.7880
Confusion Matrix:
[[391 123]
 [167 319]]

=== RandomForest ===
Accuracy:  72.60 %
AUC:       0.7960
AUCPRC:    0.7686
Precision: 0.7335
Recall:    0.6852
F1-Score:  0.7085
Antisymmetry score:  0.7900
Confusion Matrix:
[[393 121]
 [153 333]]

=== SVM_Linear ===
Accuracy:  70.20 %
AUC:       0.7605
AUCPRC:    0.7146
Precision: 0.7238
Recall:    0.6255
F1-Score:  0.6711
Antisymmetry score:  0.7790
Confusion Matrix:
[[398 116]
 [182 304]]

Saved combined test metrics: /group/pmc021/amunif/epi-thesis/workflow/16_Pairwise Ranking Healthy Liver/output/combined/donor_3/test/006-H3K4me3-H3K9me3-seed456-test-metrics.csv
Saved combined ROC plot: /group/pmc021/amunif/epi-thesis/workflow/16_Pairwise Ranking Healthy Liver/output/combined/donor_3/img/roc/006-H3K4me3-H3K9me3-seed456-roc-combined.png
Saved combined PRC plot: /group/pmc021/amunif/epi-thesis/workflow/16_Pairwise Ranking Healthy Liver/output/combined/donor_3/img/prc/006-H3K4me3-H3K9me3-seed456-prc-combined.png

Finished 006-H3K4me3-H3K9me3 (seed 456)

======================================================================
007-H3K4me3-H3K27ac
======================================================================
Train label distribution:
  Label 0:   4036 (50.4%)
  Label 1:   3964 (49.5%)
Val label distribution:
  Label 0:    528 (52.8%)
  Label 1:    472 (47.2%)
Test label distribution:
  Label 0:    514 (51.4%)
  Label 1:    486 (48.6%)
Saved label distribution: /group/pmc021/amunif/epi-thesis/workflow/16_Pairwise Ranking Healthy Liver/output/combined/donor_3/test/007-H3K4me3-H3K27ac-seed456-label-distribution.csv

--- Training DirectRanker ---
Epoch [1/100] [TRAIN] Loss: 0.6751, Accuracy: 65.04%, AUC: 0.71 [VAL] Loss: 0.5528, Accuracy: 75.70%, Precision: 0.72, Recall: 0.79, F1: 0.75, AUC: 0.83
Epoch [2/100] [TRAIN] Loss: 0.6176, Accuracy: 72.17%, AUC: 0.78 [VAL] Loss: 0.5397, Accuracy: 76.10%, Precision: 0.73, Recall: 0.79, F1: 0.76, AUC: 0.84
Epoch [3/100] [TRAIN] Loss: 0.5969, Accuracy: 73.71%, AUC: 0.80 [VAL] Loss: 0.5347, Accuracy: 76.10%, Precision: 0.73, Recall: 0.79, F1: 0.76, AUC: 0.84
Epoch [4/100] [TRAIN] Loss: 0.5910, Accuracy: 73.70%, AUC: 0.80 [VAL] Loss: 0.5324, Accuracy: 76.00%, Precision: 0.72, Recall: 0.79, F1: 0.76, AUC: 0.84
Epoch [5/100] [TRAIN] Loss: 0.5838, Accuracy: 74.17%, AUC: 0.81 [VAL] Loss: 0.5303, Accuracy: 76.00%, Precision: 0.72, Recall: 0.80, F1: 0.76, AUC: 0.84
Epoch [6/100] [TRAIN] Loss: 0.5814, Accuracy: 74.03%, AUC: 0.81 [VAL] Loss: 0.5285, Accuracy: 76.50%, Precision: 0.73, Recall: 0.80, F1: 0.76, AUC: 0.84
Epoch [7/100] [TRAIN] Loss: 0.5779, Accuracy: 74.46%, AUC: 0.81 [VAL] Loss: 0.5275, Accuracy: 76.80%, Precision: 0.73, Recall: 0.81, F1: 0.77, AUC: 0.84
Epoch [8/100] [TRAIN] Loss: 0.5751, Accuracy: 74.22%, AUC: 0.81 [VAL] Loss: 0.5263, Accuracy: 77.00%, Precision: 0.73, Recall: 0.81, F1: 0.77, AUC: 0.85
Epoch [9/100] [TRAIN] Loss: 0.5719, Accuracy: 74.14%, AUC: 0.81 [VAL] Loss: 0.5256, Accuracy: 76.90%, Precision: 0.73, Recall: 0.81, F1: 0.77, AUC: 0.85
Epoch [10/100] [TRAIN] Loss: 0.5729, Accuracy: 74.35%, AUC: 0.81 [VAL] Loss: 0.5256, Accuracy: 76.80%, Precision: 0.73, Recall: 0.81, F1: 0.77, AUC: 0.85
Epoch [11/100] [TRAIN] Loss: 0.5668, Accuracy: 74.22%, AUC: 0.81 [VAL] Loss: 0.5244, Accuracy: 76.80%, Precision: 0.73, Recall: 0.81, F1: 0.77, AUC: 0.85
Epoch [12/100] [TRAIN] Loss: 0.5699, Accuracy: 74.45%, AUC: 0.81 [VAL] Loss: 0.5243, Accuracy: 76.70%, Precision: 0.73, Recall: 0.80, F1: 0.76, AUC: 0.85
Epoch [13/100] [TRAIN] Loss: 0.5655, Accuracy: 74.47%, AUC: 0.82 [VAL] Loss: 0.5236, Accuracy: 76.70%, Precision: 0.73, Recall: 0.80, F1: 0.76, AUC: 0.85
Epoch [14/100] [TRAIN] Loss: 0.5635, Accuracy: 74.19%, AUC: 0.82 [VAL] Loss: 0.5225, Accuracy: 76.70%, Precision: 0.73, Recall: 0.80, F1: 0.76, AUC: 0.85
Epoch [15/100] [TRAIN] Loss: 0.5651, Accuracy: 74.49%, AUC: 0.82 [VAL] Loss: 0.5231, Accuracy: 76.50%, Precision: 0.73, Recall: 0.80, F1: 0.76, AUC: 0.85
Epoch [16/100] [TRAIN] Loss: 0.5647, Accuracy: 74.59%, AUC: 0.82 [VAL] Loss: 0.5224, Accuracy: 76.60%, Precision: 0.73, Recall: 0.80, F1: 0.76, AUC: 0.85
Epoch [17/100] [TRAIN] Loss: 0.5611, Accuracy: 74.62%, AUC: 0.82 [VAL] Loss: 0.5212, Accuracy: 76.40%, Precision: 0.73, Recall: 0.80, F1: 0.76, AUC: 0.85
Epoch [18/100] [TRAIN] Loss: 0.5626, Accuracy: 74.53%, AUC: 0.82 [VAL] Loss: 0.5212, Accuracy: 76.60%, Precision: 0.73, Recall: 0.80, F1: 0.76, AUC: 0.85
Epoch [19/100] [TRAIN] Loss: 0.5595, Accuracy: 74.51%, AUC: 0.82 [VAL] Loss: 0.5205, Accuracy: 76.40%, Precision: 0.73, Recall: 0.80, F1: 0.76, AUC: 0.85
Epoch [20/100] [TRAIN] Loss: 0.5598, Accuracy: 74.33%, AUC: 0.82 [VAL] Loss: 0.5205, Accuracy: 76.30%, Precision: 0.73, Recall: 0.80, F1: 0.76, AUC: 0.85
Epoch [21/100] [TRAIN] Loss: 0.5597, Accuracy: 74.49%, AUC: 0.82 [VAL] Loss: 0.5208, Accuracy: 76.40%, Precision: 0.73, Recall: 0.80, F1: 0.76, AUC: 0.85
Epoch [22/100] [TRAIN] Loss: 0.5597, Accuracy: 74.78%, AUC: 0.82 [VAL] Loss: 0.5201, Accuracy: 76.40%, Precision: 0.73, Recall: 0.80, F1: 0.76, AUC: 0.85
Epoch [23/100] [TRAIN] Loss: 0.5595, Accuracy: 74.20%, AUC: 0.82 [VAL] Loss: 0.5199, Accuracy: 76.50%, Precision: 0.73, Recall: 0.80, F1: 0.76, AUC: 0.85
Epoch [24/100] [TRAIN] Loss: 0.5592, Accuracy: 74.58%, AUC: 0.82 [VAL] Loss: 0.5204, Accuracy: 76.40%, Precision: 0.73, Recall: 0.80, F1: 0.76, AUC: 0.85
Epoch [25/100] [TRAIN] Loss: 0.5565, Accuracy: 74.76%, AUC: 0.82 [VAL] Loss: 0.5192, Accuracy: 76.30%, Precision: 0.73, Recall: 0.80, F1: 0.76, AUC: 0.85
Epoch [26/100] [TRAIN] Loss: 0.5543, Accuracy: 74.72%, AUC: 0.82 [VAL] Loss: 0.5186, Accuracy: 76.10%, Precision: 0.73, Recall: 0.79, F1: 0.76, AUC: 0.85
Epoch [27/100] [TRAIN] Loss: 0.5589, Accuracy: 74.46%, AUC: 0.82 [VAL] Loss: 0.5191, Accuracy: 76.10%, Precision: 0.73, Recall: 0.79, F1: 0.76, AUC: 0.85
Epoch [28/100] [TRAIN] Loss: 0.5549, Accuracy: 74.38%, AUC: 0.82 [VAL] Loss: 0.5184, Accuracy: 76.10%, Precision: 0.73, Recall: 0.79, F1: 0.76, AUC: 0.85
Epoch [29/100] [TRAIN] Loss: 0.5571, Accuracy: 74.46%, AUC: 0.82 [VAL] Loss: 0.5185, Accuracy: 76.20%, Precision: 0.73, Recall: 0.80, F1: 0.76, AUC: 0.85
Epoch [30/100] [TRAIN] Loss: 0.5546, Accuracy: 75.14%, AUC: 0.82 [VAL] Loss: 0.5182, Accuracy: 76.60%, Precision: 0.73, Recall: 0.80, F1: 0.76, AUC: 0.85
Epoch [31/100] [TRAIN] Loss: 0.5534, Accuracy: 74.58%, AUC: 0.82 [VAL] Loss: 0.5178, Accuracy: 76.50%, Precision: 0.73, Recall: 0.80, F1: 0.76, AUC: 0.85
Epoch [32/100] [TRAIN] Loss: 0.5523, Accuracy: 74.99%, AUC: 0.82 [VAL] Loss: 0.5178, Accuracy: 76.40%, Precision: 0.73, Recall: 0.80, F1: 0.76, AUC: 0.85
Epoch [33/100] [TRAIN] Loss: 0.5556, Accuracy: 74.36%, AUC: 0.82 [VAL] Loss: 0.5181, Accuracy: 76.20%, Precision: 0.72, Recall: 0.80, F1: 0.76, AUC: 0.85
Epoch [34/100] [TRAIN] Loss: 0.5514, Accuracy: 74.71%, AUC: 0.82 [VAL] Loss: 0.5168, Accuracy: 76.30%, Precision: 0.73, Recall: 0.80, F1: 0.76, AUC: 0.85
Epoch [35/100] [TRAIN] Loss: 0.5517, Accuracy: 74.86%, AUC: 0.82 [VAL] Loss: 0.5172, Accuracy: 76.30%, Precision: 0.73, Recall: 0.80, F1: 0.76, AUC: 0.85
Epoch [36/100] [TRAIN] Loss: 0.5518, Accuracy: 74.42%, AUC: 0.82 [VAL] Loss: 0.5168, Accuracy: 76.30%, Precision: 0.73, Recall: 0.80, F1: 0.76, AUC: 0.85
Epoch [37/100] [TRAIN] Loss: 0.5523, Accuracy: 74.55%, AUC: 0.82 [VAL] Loss: 0.5169, Accuracy: 76.60%, Precision: 0.73, Recall: 0.80, F1: 0.76, AUC: 0.85
Epoch [38/100] [TRAIN] Loss: 0.5560, Accuracy: 74.66%, AUC: 0.82 [VAL] Loss: 0.5163, Accuracy: 76.80%, Precision: 0.73, Recall: 0.81, F1: 0.77, AUC: 0.85
Epoch [39/100] [TRAIN] Loss: 0.5484, Accuracy: 75.45%, AUC: 0.83 [VAL] Loss: 0.5160, Accuracy: 76.70%, Precision: 0.73, Recall: 0.81, F1: 0.77, AUC: 0.85
Epoch [40/100] [TRAIN] Loss: 0.5513, Accuracy: 74.61%, AUC: 0.82 [VAL] Loss: 0.5156, Accuracy: 76.60%, Precision: 0.73, Recall: 0.81, F1: 0.76, AUC: 0.85
Epoch [41/100] [TRAIN] Loss: 0.5513, Accuracy: 74.85%, AUC: 0.82 [VAL] Loss: 0.5163, Accuracy: 76.40%, Precision: 0.73, Recall: 0.80, F1: 0.76, AUC: 0.85
Epoch [42/100] [TRAIN] Loss: 0.5492, Accuracy: 74.91%, AUC: 0.83 [VAL] Loss: 0.5160, Accuracy: 76.50%, Precision: 0.73, Recall: 0.80, F1: 0.76, AUC: 0.85
Epoch [43/100] [TRAIN] Loss: 0.5539, Accuracy: 74.51%, AUC: 0.82 [VAL] Loss: 0.5167, Accuracy: 76.40%, Precision: 0.73, Recall: 0.80, F1: 0.76, AUC: 0.85
Epoch [44/100] [TRAIN] Loss: 0.5543, Accuracy: 74.17%, AUC: 0.82 [VAL] Loss: 0.5174, Accuracy: 76.40%, Precision: 0.73, Recall: 0.80, F1: 0.76, AUC: 0.85
Epoch [45/100] [TRAIN] Loss: 0.5479, Accuracy: 74.70%, AUC: 0.83 [VAL] Loss: 0.5158, Accuracy: 76.30%, Precision: 0.73, Recall: 0.79, F1: 0.76, AUC: 0.85
Epoch [46/100] [TRAIN] Loss: 0.5517, Accuracy: 74.51%, AUC: 0.82 [VAL] Loss: 0.5159, Accuracy: 76.50%, Precision: 0.73, Recall: 0.80, F1: 0.76, AUC: 0.85
Epoch [47/100] [TRAIN] Loss: 0.5475, Accuracy: 74.85%, AUC: 0.83 [VAL] Loss: 0.5157, Accuracy: 76.50%, Precision: 0.73, Recall: 0.80, F1: 0.76, AUC: 0.85
Epoch [48/100] [TRAIN] Loss: 0.5477, Accuracy: 74.44%, AUC: 0.83 [VAL] Loss: 0.5157, Accuracy: 76.50%, Precision: 0.73, Recall: 0.80, F1: 0.76, AUC: 0.85
Epoch [49/100] [TRAIN] Loss: 0.5478, Accuracy: 74.58%, AUC: 0.83 [VAL] Loss: 0.5154, Accuracy: 76.50%, Precision: 0.73, Recall: 0.80, F1: 0.76, AUC: 0.85
Epoch [50/100] [TRAIN] Loss: 0.5474, Accuracy: 74.61%, AUC: 0.83 [VAL] Loss: 0.5153, Accuracy: 76.60%, Precision: 0.73, Recall: 0.80, F1: 0.76, AUC: 0.85
Epoch [51/100] [TRAIN] Loss: 0.5481, Accuracy: 74.46%, AUC: 0.83 [VAL] Loss: 0.5153, Accuracy: 76.60%, Precision: 0.73, Recall: 0.80, F1: 0.76, AUC: 0.85
Epoch [52/100] [TRAIN] Loss: 0.5493, Accuracy: 74.53%, AUC: 0.83 [VAL] Loss: 0.5151, Accuracy: 76.60%, Precision: 0.73, Recall: 0.80, F1: 0.76, AUC: 0.85
Epoch [53/100] [TRAIN] Loss: 0.5490, Accuracy: 73.90%, AUC: 0.82 [VAL] Loss: 0.5151, Accuracy: 76.60%, Precision: 0.73, Recall: 0.80, F1: 0.76, AUC: 0.85
Epoch [54/100] [TRAIN] Loss: 0.5538, Accuracy: 74.16%, AUC: 0.82 [VAL] Loss: 0.5152, Accuracy: 76.60%, Precision: 0.73, Recall: 0.80, F1: 0.76, AUC: 0.85
Epoch [55/100] [TRAIN] Loss: 0.5500, Accuracy: 74.83%, AUC: 0.82 [VAL] Loss: 0.5153, Accuracy: 76.60%, Precision: 0.73, Recall: 0.80, F1: 0.76, AUC: 0.85
Epoch [56/100] [TRAIN] Loss: 0.5483, Accuracy: 74.96%, AUC: 0.83 [VAL] Loss: 0.5153, Accuracy: 76.60%, Precision: 0.73, Recall: 0.80, F1: 0.76, AUC: 0.85
Epoch [57/100] [TRAIN] Loss: 0.5460, Accuracy: 75.00%, AUC: 0.83 [VAL] Loss: 0.5152, Accuracy: 76.70%, Precision: 0.73, Recall: 0.80, F1: 0.76, AUC: 0.85
Epoch [58/100] [TRAIN] Loss: 0.5486, Accuracy: 74.38%, AUC: 0.82 [VAL] Loss: 0.5151, Accuracy: 76.70%, Precision: 0.73, Recall: 0.80, F1: 0.76, AUC: 0.85
Epoch [59/100] [TRAIN] Loss: 0.5498, Accuracy: 74.51%, AUC: 0.83 [VAL] Loss: 0.5152, Accuracy: 76.70%, Precision: 0.73, Recall: 0.80, F1: 0.76, AUC: 0.85
Epoch [60/100] [TRAIN] Loss: 0.5490, Accuracy: 74.91%, AUC: 0.83 [VAL] Loss: 0.5152, Accuracy: 76.70%, Precision: 0.73, Recall: 0.80, F1: 0.76, AUC: 0.85
Epoch [61/100] [TRAIN] Loss: 0.5499, Accuracy: 74.08%, AUC: 0.82 [VAL] Loss: 0.5152, Accuracy: 76.70%, Precision: 0.73, Recall: 0.80, F1: 0.76, AUC: 0.85
Epoch [62/100] [TRAIN] Loss: 0.5513, Accuracy: 74.66%, AUC: 0.82 [VAL] Loss: 0.5152, Accuracy: 76.70%, Precision: 0.73, Recall: 0.80, F1: 0.76, AUC: 0.85
  Early stopping at epoch 62 (no val_loss improvement for 10 epochs)
  Antisymmetry score (raw):        0.9260
  Antisymmetry score (confident):  1.0000
  Total violations:                74 / 1000
  Pairs near boundary:             159 (15.9%)
  Avg |prob-0.5| at violation:     0.0000

--- Training baselines (LogisticRegression, RandomForest, SVM) ---

  Training LogisticRegression...
  Val accuracy: 75.10%  |  Val AUC: 0.8176

  [LogisticRegression]  Accuracy: 72.50%  AUC: 0.7903  AUCPRC: 0.7792  Precision: 0.7371  Recall: 0.6749  F1: 0.7046  Antisym: 0.8090

  Training RandomForest...
  Val accuracy: 78.20%  |  Val AUC: 0.8662

  [RandomForest]  Accuracy: 76.30%  AUC: 0.8341  AUCPRC: 0.8152  Precision: 0.7849  Recall: 0.7058  F1: 0.7432  Antisym: 0.8320

  Training SVM_Linear...
  Val accuracy: 75.30%  |  Val AUC: 0.8188

  [SVM_Linear]  Accuracy: 72.90%  AUC: 0.7900  AUCPRC: 0.7816  Precision: 0.7416  Recall: 0.6790  F1: 0.7089  Antisym: 0.8090
Seed: 456
=== DirectRanker ===
Accuracy:  74.00 %
AUC:       0.8196
AUCPRC:    0.8079
Precision: 0.7190
Recall:    0.7634
F1-Score:  0.7405
Antisymmetry score:  0.9260  (1.0 = perfect, ~0.5 = random)

Detailed Classification Report:
              precision    recall  f1-score   support

           0       0.76      0.72      0.74       514
           1       0.72      0.76      0.74       486

    accuracy                           0.74      1000
   macro avg       0.74      0.74      0.74      1000
weighted avg       0.74      0.74      0.74      1000


Confusion Matrix:
[[369 145]
 [115 371]]

=== LogisticRegression ===
Accuracy:  72.50 %
AUC:       0.7903
AUCPRC:    0.7792
Precision: 0.7371
Recall:    0.6749
F1-Score:  0.7046
Antisymmetry score:  0.8090
Confusion Matrix:
[[397 117]
 [158 328]]

=== RandomForest ===
Accuracy:  76.30 %
AUC:       0.8341
AUCPRC:    0.8152
Precision: 0.7849
Recall:    0.7058
F1-Score:  0.7432
Antisymmetry score:  0.8320
Confusion Matrix:
[[420  94]
 [143 343]]

=== SVM_Linear ===
Accuracy:  72.90 %
AUC:       0.7900
AUCPRC:    0.7816
Precision: 0.7416
Recall:    0.6790
F1-Score:  0.7089
Antisymmetry score:  0.8090
Confusion Matrix:
[[399 115]
 [156 330]]

Saved combined test metrics: /group/pmc021/amunif/epi-thesis/workflow/16_Pairwise Ranking Healthy Liver/output/combined/donor_3/test/007-H3K4me3-H3K27ac-seed456-test-metrics.csv
Saved combined ROC plot: /group/pmc021/amunif/epi-thesis/workflow/16_Pairwise Ranking Healthy Liver/output/combined/donor_3/img/roc/007-H3K4me3-H3K27ac-seed456-roc-combined.png
Saved combined PRC plot: /group/pmc021/amunif/epi-thesis/workflow/16_Pairwise Ranking Healthy Liver/output/combined/donor_3/img/prc/007-H3K4me3-H3K27ac-seed456-prc-combined.png

Finished 007-H3K4me3-H3K27ac (seed 456)

======================================================================
008-H3K4me3-H3K27me3
======================================================================
Train label distribution:
  Label 0:   4036 (50.4%)
  Label 1:   3964 (49.5%)
Val label distribution:
  Label 0:    528 (52.8%)
  Label 1:    472 (47.2%)
Test label distribution:
  Label 0:    514 (51.4%)
  Label 1:    486 (48.6%)
Saved label distribution: /group/pmc021/amunif/epi-thesis/workflow/16_Pairwise Ranking Healthy Liver/output/combined/donor_3/test/008-H3K4me3-H3K27me3-seed456-label-distribution.csv

--- Training DirectRanker ---
Epoch [1/100] [TRAIN] Loss: 0.7055, Accuracy: 57.51%, AUC: 0.61 [VAL] Loss: 0.6352, Accuracy: 72.30%, Precision: 0.68, Recall: 0.78, F1: 0.73, AUC: 0.80
Epoch [2/100] [TRAIN] Loss: 0.6323, Accuracy: 69.86%, AUC: 0.77 [VAL] Loss: 0.5886, Accuracy: 73.70%, Precision: 0.70, Recall: 0.78, F1: 0.74, AUC: 0.81
Epoch [3/100] [TRAIN] Loss: 0.6094, Accuracy: 71.00%, AUC: 0.78 [VAL] Loss: 0.5742, Accuracy: 73.80%, Precision: 0.70, Recall: 0.78, F1: 0.74, AUC: 0.81
Epoch [4/100] [TRAIN] Loss: 0.6028, Accuracy: 71.88%, AUC: 0.79 [VAL] Loss: 0.5686, Accuracy: 73.50%, Precision: 0.70, Recall: 0.78, F1: 0.73, AUC: 0.81
Epoch [5/100] [TRAIN] Loss: 0.5981, Accuracy: 72.11%, AUC: 0.79 [VAL] Loss: 0.5658, Accuracy: 73.80%, Precision: 0.70, Recall: 0.78, F1: 0.74, AUC: 0.82
Epoch [6/100] [TRAIN] Loss: 0.5944, Accuracy: 72.51%, AUC: 0.79 [VAL] Loss: 0.5640, Accuracy: 74.00%, Precision: 0.70, Recall: 0.78, F1: 0.74, AUC: 0.82
Epoch [7/100] [TRAIN] Loss: 0.5959, Accuracy: 72.10%, AUC: 0.79 [VAL] Loss: 0.5631, Accuracy: 73.90%, Precision: 0.70, Recall: 0.78, F1: 0.74, AUC: 0.82
Epoch [8/100] [TRAIN] Loss: 0.5915, Accuracy: 71.94%, AUC: 0.79 [VAL] Loss: 0.5620, Accuracy: 74.00%, Precision: 0.70, Recall: 0.78, F1: 0.74, AUC: 0.82
Epoch [9/100] [TRAIN] Loss: 0.5894, Accuracy: 72.33%, AUC: 0.79 [VAL] Loss: 0.5605, Accuracy: 74.00%, Precision: 0.70, Recall: 0.78, F1: 0.74, AUC: 0.82
Epoch [10/100] [TRAIN] Loss: 0.5883, Accuracy: 72.01%, AUC: 0.79 [VAL] Loss: 0.5599, Accuracy: 74.30%, Precision: 0.71, Recall: 0.78, F1: 0.74, AUC: 0.82
Epoch [11/100] [TRAIN] Loss: 0.5854, Accuracy: 72.62%, AUC: 0.80 [VAL] Loss: 0.5588, Accuracy: 74.30%, Precision: 0.71, Recall: 0.78, F1: 0.74, AUC: 0.82
Epoch [12/100] [TRAIN] Loss: 0.5858, Accuracy: 72.15%, AUC: 0.80 [VAL] Loss: 0.5580, Accuracy: 74.40%, Precision: 0.71, Recall: 0.78, F1: 0.74, AUC: 0.82
Epoch [13/100] [TRAIN] Loss: 0.5828, Accuracy: 72.70%, AUC: 0.80 [VAL] Loss: 0.5569, Accuracy: 74.60%, Precision: 0.71, Recall: 0.78, F1: 0.74, AUC: 0.82
Epoch [14/100] [TRAIN] Loss: 0.5835, Accuracy: 72.60%, AUC: 0.80 [VAL] Loss: 0.5567, Accuracy: 74.60%, Precision: 0.71, Recall: 0.78, F1: 0.74, AUC: 0.82
Epoch [15/100] [TRAIN] Loss: 0.5867, Accuracy: 72.59%, AUC: 0.80 [VAL] Loss: 0.5563, Accuracy: 74.70%, Precision: 0.71, Recall: 0.78, F1: 0.75, AUC: 0.82
Epoch [16/100] [TRAIN] Loss: 0.5793, Accuracy: 72.33%, AUC: 0.80 [VAL] Loss: 0.5554, Accuracy: 74.70%, Precision: 0.71, Recall: 0.78, F1: 0.75, AUC: 0.82
Epoch [17/100] [TRAIN] Loss: 0.5857, Accuracy: 72.34%, AUC: 0.80 [VAL] Loss: 0.5552, Accuracy: 74.70%, Precision: 0.71, Recall: 0.78, F1: 0.75, AUC: 0.82
Epoch [18/100] [TRAIN] Loss: 0.5792, Accuracy: 72.95%, AUC: 0.80 [VAL] Loss: 0.5550, Accuracy: 74.70%, Precision: 0.71, Recall: 0.78, F1: 0.75, AUC: 0.82
Epoch [19/100] [TRAIN] Loss: 0.5777, Accuracy: 72.89%, AUC: 0.80 [VAL] Loss: 0.5541, Accuracy: 74.70%, Precision: 0.71, Recall: 0.78, F1: 0.75, AUC: 0.82
Epoch [20/100] [TRAIN] Loss: 0.5784, Accuracy: 72.70%, AUC: 0.80 [VAL] Loss: 0.5535, Accuracy: 74.80%, Precision: 0.71, Recall: 0.79, F1: 0.75, AUC: 0.82
Epoch [21/100] [TRAIN] Loss: 0.5829, Accuracy: 72.16%, AUC: 0.80 [VAL] Loss: 0.5535, Accuracy: 74.80%, Precision: 0.71, Recall: 0.79, F1: 0.75, AUC: 0.83
Epoch [22/100] [TRAIN] Loss: 0.5786, Accuracy: 72.25%, AUC: 0.80 [VAL] Loss: 0.5526, Accuracy: 75.00%, Precision: 0.71, Recall: 0.79, F1: 0.75, AUC: 0.83
Epoch [23/100] [TRAIN] Loss: 0.5808, Accuracy: 72.66%, AUC: 0.80 [VAL] Loss: 0.5523, Accuracy: 75.00%, Precision: 0.71, Recall: 0.79, F1: 0.75, AUC: 0.83
Epoch [24/100] [TRAIN] Loss: 0.5760, Accuracy: 72.83%, AUC: 0.80 [VAL] Loss: 0.5517, Accuracy: 75.10%, Precision: 0.71, Recall: 0.79, F1: 0.75, AUC: 0.83
Epoch [25/100] [TRAIN] Loss: 0.5770, Accuracy: 72.89%, AUC: 0.80 [VAL] Loss: 0.5512, Accuracy: 75.00%, Precision: 0.71, Recall: 0.79, F1: 0.75, AUC: 0.83
Epoch [26/100] [TRAIN] Loss: 0.5753, Accuracy: 72.45%, AUC: 0.80 [VAL] Loss: 0.5506, Accuracy: 74.90%, Precision: 0.71, Recall: 0.79, F1: 0.75, AUC: 0.83
Epoch [27/100] [TRAIN] Loss: 0.5758, Accuracy: 72.83%, AUC: 0.80 [VAL] Loss: 0.5506, Accuracy: 75.00%, Precision: 0.71, Recall: 0.79, F1: 0.75, AUC: 0.83
Epoch [28/100] [TRAIN] Loss: 0.5751, Accuracy: 72.72%, AUC: 0.80 [VAL] Loss: 0.5502, Accuracy: 74.90%, Precision: 0.71, Recall: 0.79, F1: 0.75, AUC: 0.83
Epoch [29/100] [TRAIN] Loss: 0.5706, Accuracy: 72.56%, AUC: 0.81 [VAL] Loss: 0.5495, Accuracy: 74.80%, Precision: 0.71, Recall: 0.79, F1: 0.75, AUC: 0.83
Epoch [30/100] [TRAIN] Loss: 0.5751, Accuracy: 72.88%, AUC: 0.80 [VAL] Loss: 0.5496, Accuracy: 74.80%, Precision: 0.71, Recall: 0.79, F1: 0.75, AUC: 0.83
Epoch [31/100] [TRAIN] Loss: 0.5735, Accuracy: 72.50%, AUC: 0.80 [VAL] Loss: 0.5490, Accuracy: 74.70%, Precision: 0.71, Recall: 0.79, F1: 0.75, AUC: 0.83
Epoch [32/100] [TRAIN] Loss: 0.5687, Accuracy: 72.95%, AUC: 0.81 [VAL] Loss: 0.5485, Accuracy: 74.70%, Precision: 0.71, Recall: 0.79, F1: 0.75, AUC: 0.83
Epoch [33/100] [TRAIN] Loss: 0.5705, Accuracy: 73.06%, AUC: 0.81 [VAL] Loss: 0.5484, Accuracy: 74.90%, Precision: 0.71, Recall: 0.79, F1: 0.75, AUC: 0.83
Epoch [34/100] [TRAIN] Loss: 0.5682, Accuracy: 73.09%, AUC: 0.81 [VAL] Loss: 0.5479, Accuracy: 75.10%, Precision: 0.71, Recall: 0.79, F1: 0.75, AUC: 0.83
Epoch [35/100] [TRAIN] Loss: 0.5725, Accuracy: 72.28%, AUC: 0.80 [VAL] Loss: 0.5476, Accuracy: 75.10%, Precision: 0.71, Recall: 0.79, F1: 0.75, AUC: 0.83
Epoch [36/100] [TRAIN] Loss: 0.5688, Accuracy: 72.99%, AUC: 0.81 [VAL] Loss: 0.5472, Accuracy: 75.10%, Precision: 0.71, Recall: 0.79, F1: 0.75, AUC: 0.83
Epoch [37/100] [TRAIN] Loss: 0.5701, Accuracy: 72.85%, AUC: 0.81 [VAL] Loss: 0.5471, Accuracy: 75.10%, Precision: 0.71, Recall: 0.79, F1: 0.75, AUC: 0.83
Epoch [38/100] [TRAIN] Loss: 0.5658, Accuracy: 73.12%, AUC: 0.81 [VAL] Loss: 0.5465, Accuracy: 75.20%, Precision: 0.71, Recall: 0.79, F1: 0.75, AUC: 0.83
Epoch [39/100] [TRAIN] Loss: 0.5686, Accuracy: 72.79%, AUC: 0.81 [VAL] Loss: 0.5465, Accuracy: 75.10%, Precision: 0.71, Recall: 0.79, F1: 0.75, AUC: 0.83
Epoch [40/100] [TRAIN] Loss: 0.5684, Accuracy: 72.75%, AUC: 0.81 [VAL] Loss: 0.5460, Accuracy: 75.00%, Precision: 0.71, Recall: 0.79, F1: 0.75, AUC: 0.83
Epoch [41/100] [TRAIN] Loss: 0.5708, Accuracy: 73.10%, AUC: 0.81 [VAL] Loss: 0.5459, Accuracy: 75.00%, Precision: 0.71, Recall: 0.79, F1: 0.75, AUC: 0.83
Epoch [42/100] [TRAIN] Loss: 0.5689, Accuracy: 72.99%, AUC: 0.81 [VAL] Loss: 0.5457, Accuracy: 74.90%, Precision: 0.71, Recall: 0.79, F1: 0.75, AUC: 0.83
Epoch [43/100] [TRAIN] Loss: 0.5647, Accuracy: 72.89%, AUC: 0.81 [VAL] Loss: 0.5451, Accuracy: 74.80%, Precision: 0.71, Recall: 0.79, F1: 0.75, AUC: 0.83
Epoch [44/100] [TRAIN] Loss: 0.5599, Accuracy: 73.53%, AUC: 0.81 [VAL] Loss: 0.5448, Accuracy: 74.90%, Precision: 0.71, Recall: 0.79, F1: 0.75, AUC: 0.83
Epoch [45/100] [TRAIN] Loss: 0.5664, Accuracy: 73.00%, AUC: 0.81 [VAL] Loss: 0.5449, Accuracy: 74.90%, Precision: 0.71, Recall: 0.79, F1: 0.75, AUC: 0.83
Epoch [46/100] [TRAIN] Loss: 0.5608, Accuracy: 73.40%, AUC: 0.81 [VAL] Loss: 0.5444, Accuracy: 74.90%, Precision: 0.71, Recall: 0.79, F1: 0.75, AUC: 0.83
Epoch [47/100] [TRAIN] Loss: 0.5663, Accuracy: 72.89%, AUC: 0.81 [VAL] Loss: 0.5442, Accuracy: 75.20%, Precision: 0.71, Recall: 0.79, F1: 0.75, AUC: 0.83
Epoch [48/100] [TRAIN] Loss: 0.5642, Accuracy: 73.06%, AUC: 0.81 [VAL] Loss: 0.5436, Accuracy: 75.20%, Precision: 0.71, Recall: 0.79, F1: 0.75, AUC: 0.83
Epoch [49/100] [TRAIN] Loss: 0.5658, Accuracy: 73.65%, AUC: 0.81 [VAL] Loss: 0.5434, Accuracy: 75.20%, Precision: 0.71, Recall: 0.79, F1: 0.75, AUC: 0.83
Epoch [50/100] [TRAIN] Loss: 0.5635, Accuracy: 73.00%, AUC: 0.81 [VAL] Loss: 0.5430, Accuracy: 75.30%, Precision: 0.72, Recall: 0.79, F1: 0.75, AUC: 0.83
Epoch [51/100] [TRAIN] Loss: 0.5622, Accuracy: 73.53%, AUC: 0.81 [VAL] Loss: 0.5426, Accuracy: 75.20%, Precision: 0.71, Recall: 0.79, F1: 0.75, AUC: 0.83
Epoch [52/100] [TRAIN] Loss: 0.5635, Accuracy: 73.12%, AUC: 0.81 [VAL] Loss: 0.5425, Accuracy: 75.20%, Precision: 0.71, Recall: 0.79, F1: 0.75, AUC: 0.83
Epoch [53/100] [TRAIN] Loss: 0.5593, Accuracy: 72.64%, AUC: 0.81 [VAL] Loss: 0.5423, Accuracy: 75.30%, Precision: 0.72, Recall: 0.79, F1: 0.75, AUC: 0.83
Epoch [54/100] [TRAIN] Loss: 0.5624, Accuracy: 73.03%, AUC: 0.81 [VAL] Loss: 0.5422, Accuracy: 75.30%, Precision: 0.72, Recall: 0.79, F1: 0.75, AUC: 0.83
Epoch [55/100] [TRAIN] Loss: 0.5635, Accuracy: 72.91%, AUC: 0.81 [VAL] Loss: 0.5415, Accuracy: 75.10%, Precision: 0.71, Recall: 0.79, F1: 0.75, AUC: 0.83
Epoch [56/100] [TRAIN] Loss: 0.5614, Accuracy: 72.91%, AUC: 0.81 [VAL] Loss: 0.5415, Accuracy: 75.20%, Precision: 0.71, Recall: 0.79, F1: 0.75, AUC: 0.83
Epoch [57/100] [TRAIN] Loss: 0.5611, Accuracy: 72.71%, AUC: 0.81 [VAL] Loss: 0.5412, Accuracy: 75.30%, Precision: 0.72, Recall: 0.79, F1: 0.75, AUC: 0.83
Epoch [58/100] [TRAIN] Loss: 0.5606, Accuracy: 72.83%, AUC: 0.81 [VAL] Loss: 0.5409, Accuracy: 75.30%, Precision: 0.71, Recall: 0.79, F1: 0.75, AUC: 0.83
Epoch [59/100] [TRAIN] Loss: 0.5594, Accuracy: 73.80%, AUC: 0.81 [VAL] Loss: 0.5407, Accuracy: 75.20%, Precision: 0.71, Recall: 0.79, F1: 0.75, AUC: 0.83
Epoch [60/100] [TRAIN] Loss: 0.5580, Accuracy: 73.70%, AUC: 0.82 [VAL] Loss: 0.5404, Accuracy: 75.20%, Precision: 0.71, Recall: 0.79, F1: 0.75, AUC: 0.83
Epoch [61/100] [TRAIN] Loss: 0.5617, Accuracy: 72.72%, AUC: 0.81 [VAL] Loss: 0.5404, Accuracy: 75.20%, Precision: 0.71, Recall: 0.79, F1: 0.75, AUC: 0.83
Epoch [62/100] [TRAIN] Loss: 0.5618, Accuracy: 73.04%, AUC: 0.81 [VAL] Loss: 0.5401, Accuracy: 75.10%, Precision: 0.71, Recall: 0.79, F1: 0.75, AUC: 0.83
Epoch [63/100] [TRAIN] Loss: 0.5604, Accuracy: 73.62%, AUC: 0.81 [VAL] Loss: 0.5402, Accuracy: 75.10%, Precision: 0.71, Recall: 0.79, F1: 0.75, AUC: 0.83
Epoch [64/100] [TRAIN] Loss: 0.5605, Accuracy: 72.88%, AUC: 0.81 [VAL] Loss: 0.5399, Accuracy: 75.20%, Precision: 0.71, Recall: 0.79, F1: 0.75, AUC: 0.83
Epoch [65/100] [TRAIN] Loss: 0.5610, Accuracy: 72.61%, AUC: 0.81 [VAL] Loss: 0.5399, Accuracy: 75.20%, Precision: 0.71, Recall: 0.79, F1: 0.75, AUC: 0.83
Epoch [66/100] [TRAIN] Loss: 0.5578, Accuracy: 73.30%, AUC: 0.81 [VAL] Loss: 0.5392, Accuracy: 75.20%, Precision: 0.71, Recall: 0.79, F1: 0.75, AUC: 0.83
Epoch [67/100] [TRAIN] Loss: 0.5595, Accuracy: 73.11%, AUC: 0.81 [VAL] Loss: 0.5391, Accuracy: 75.20%, Precision: 0.71, Recall: 0.79, F1: 0.75, AUC: 0.83
Epoch [68/100] [TRAIN] Loss: 0.5587, Accuracy: 72.95%, AUC: 0.81 [VAL] Loss: 0.5387, Accuracy: 75.10%, Precision: 0.71, Recall: 0.79, F1: 0.75, AUC: 0.83
Epoch [69/100] [TRAIN] Loss: 0.5590, Accuracy: 73.16%, AUC: 0.81 [VAL] Loss: 0.5385, Accuracy: 75.10%, Precision: 0.71, Recall: 0.79, F1: 0.75, AUC: 0.83
Epoch [70/100] [TRAIN] Loss: 0.5569, Accuracy: 73.30%, AUC: 0.82 [VAL] Loss: 0.5383, Accuracy: 75.10%, Precision: 0.71, Recall: 0.79, F1: 0.75, AUC: 0.83
Epoch [71/100] [TRAIN] Loss: 0.5578, Accuracy: 72.76%, AUC: 0.81 [VAL] Loss: 0.5381, Accuracy: 75.10%, Precision: 0.71, Recall: 0.79, F1: 0.75, AUC: 0.83
Epoch [72/100] [TRAIN] Loss: 0.5592, Accuracy: 72.86%, AUC: 0.81 [VAL] Loss: 0.5380, Accuracy: 75.00%, Precision: 0.71, Recall: 0.79, F1: 0.75, AUC: 0.83
Epoch [73/100] [TRAIN] Loss: 0.5620, Accuracy: 73.10%, AUC: 0.81 [VAL] Loss: 0.5378, Accuracy: 75.10%, Precision: 0.71, Recall: 0.79, F1: 0.75, AUC: 0.84
Epoch [74/100] [TRAIN] Loss: 0.5604, Accuracy: 72.78%, AUC: 0.81 [VAL] Loss: 0.5377, Accuracy: 75.00%, Precision: 0.71, Recall: 0.79, F1: 0.75, AUC: 0.84
Epoch [75/100] [TRAIN] Loss: 0.5571, Accuracy: 73.31%, AUC: 0.81 [VAL] Loss: 0.5378, Accuracy: 75.00%, Precision: 0.71, Recall: 0.79, F1: 0.75, AUC: 0.84
Epoch [76/100] [TRAIN] Loss: 0.5585, Accuracy: 73.08%, AUC: 0.81 [VAL] Loss: 0.5378, Accuracy: 75.00%, Precision: 0.71, Recall: 0.79, F1: 0.75, AUC: 0.83
Epoch [77/100] [TRAIN] Loss: 0.5552, Accuracy: 73.39%, AUC: 0.82 [VAL] Loss: 0.5376, Accuracy: 75.10%, Precision: 0.71, Recall: 0.79, F1: 0.75, AUC: 0.84
Epoch [78/100] [TRAIN] Loss: 0.5537, Accuracy: 73.76%, AUC: 0.82 [VAL] Loss: 0.5375, Accuracy: 75.10%, Precision: 0.71, Recall: 0.79, F1: 0.75, AUC: 0.83
Epoch [79/100] [TRAIN] Loss: 0.5579, Accuracy: 72.95%, AUC: 0.81 [VAL] Loss: 0.5374, Accuracy: 75.10%, Precision: 0.71, Recall: 0.79, F1: 0.75, AUC: 0.84
Epoch [80/100] [TRAIN] Loss: 0.5556, Accuracy: 73.53%, AUC: 0.82 [VAL] Loss: 0.5370, Accuracy: 75.10%, Precision: 0.71, Recall: 0.79, F1: 0.75, AUC: 0.84
Epoch [81/100] [TRAIN] Loss: 0.5536, Accuracy: 73.55%, AUC: 0.82 [VAL] Loss: 0.5367, Accuracy: 75.10%, Precision: 0.71, Recall: 0.79, F1: 0.75, AUC: 0.84
Epoch [82/100] [TRAIN] Loss: 0.5532, Accuracy: 72.97%, AUC: 0.82 [VAL] Loss: 0.5363, Accuracy: 75.10%, Precision: 0.71, Recall: 0.79, F1: 0.75, AUC: 0.84
Epoch [83/100] [TRAIN] Loss: 0.5555, Accuracy: 72.90%, AUC: 0.81 [VAL] Loss: 0.5364, Accuracy: 75.20%, Precision: 0.71, Recall: 0.79, F1: 0.75, AUC: 0.84
Epoch [84/100] [TRAIN] Loss: 0.5561, Accuracy: 73.10%, AUC: 0.82 [VAL] Loss: 0.5361, Accuracy: 75.10%, Precision: 0.71, Recall: 0.79, F1: 0.75, AUC: 0.84
Epoch [85/100] [TRAIN] Loss: 0.5573, Accuracy: 72.91%, AUC: 0.81 [VAL] Loss: 0.5363, Accuracy: 75.20%, Precision: 0.71, Recall: 0.79, F1: 0.75, AUC: 0.84
Epoch [86/100] [TRAIN] Loss: 0.5545, Accuracy: 73.81%, AUC: 0.82 [VAL] Loss: 0.5362, Accuracy: 75.10%, Precision: 0.71, Recall: 0.79, F1: 0.75, AUC: 0.84
Epoch [87/100] [TRAIN] Loss: 0.5538, Accuracy: 73.33%, AUC: 0.82 [VAL] Loss: 0.5363, Accuracy: 75.00%, Precision: 0.71, Recall: 0.79, F1: 0.75, AUC: 0.84
Epoch [88/100] [TRAIN] Loss: 0.5560, Accuracy: 73.22%, AUC: 0.82 [VAL] Loss: 0.5361, Accuracy: 75.20%, Precision: 0.71, Recall: 0.79, F1: 0.75, AUC: 0.84
Epoch [89/100] [TRAIN] Loss: 0.5538, Accuracy: 73.28%, AUC: 0.82 [VAL] Loss: 0.5357, Accuracy: 75.40%, Precision: 0.72, Recall: 0.79, F1: 0.75, AUC: 0.84
Epoch [90/100] [TRAIN] Loss: 0.5507, Accuracy: 73.66%, AUC: 0.82 [VAL] Loss: 0.5355, Accuracy: 75.20%, Precision: 0.71, Recall: 0.79, F1: 0.75, AUC: 0.84
Epoch [91/100] [TRAIN] Loss: 0.5522, Accuracy: 73.54%, AUC: 0.82 [VAL] Loss: 0.5351, Accuracy: 75.40%, Precision: 0.72, Recall: 0.79, F1: 0.75, AUC: 0.84
Epoch [92/100] [TRAIN] Loss: 0.5484, Accuracy: 73.81%, AUC: 0.82 [VAL] Loss: 0.5347, Accuracy: 75.40%, Precision: 0.72, Recall: 0.79, F1: 0.75, AUC: 0.84
Epoch [93/100] [TRAIN] Loss: 0.5541, Accuracy: 73.65%, AUC: 0.82 [VAL] Loss: 0.5348, Accuracy: 75.40%, Precision: 0.72, Recall: 0.79, F1: 0.75, AUC: 0.84
Epoch [94/100] [TRAIN] Loss: 0.5526, Accuracy: 73.61%, AUC: 0.82 [VAL] Loss: 0.5347, Accuracy: 75.30%, Precision: 0.72, Recall: 0.79, F1: 0.75, AUC: 0.84
Epoch [95/100] [TRAIN] Loss: 0.5513, Accuracy: 73.54%, AUC: 0.82 [VAL] Loss: 0.5350, Accuracy: 75.10%, Precision: 0.71, Recall: 0.79, F1: 0.75, AUC: 0.84
Epoch [96/100] [TRAIN] Loss: 0.5550, Accuracy: 73.33%, AUC: 0.82 [VAL] Loss: 0.5344, Accuracy: 75.20%, Precision: 0.72, Recall: 0.79, F1: 0.75, AUC: 0.84
Epoch [97/100] [TRAIN] Loss: 0.5503, Accuracy: 73.24%, AUC: 0.82 [VAL] Loss: 0.5344, Accuracy: 75.10%, Precision: 0.71, Recall: 0.79, F1: 0.75, AUC: 0.84
Epoch [98/100] [TRAIN] Loss: 0.5519, Accuracy: 73.69%, AUC: 0.82 [VAL] Loss: 0.5346, Accuracy: 75.10%, Precision: 0.71, Recall: 0.79, F1: 0.75, AUC: 0.84
Epoch [99/100] [TRAIN] Loss: 0.5525, Accuracy: 73.69%, AUC: 0.82 [VAL] Loss: 0.5345, Accuracy: 75.20%, Precision: 0.71, Recall: 0.79, F1: 0.75, AUC: 0.84
Epoch [100/100] [TRAIN] Loss: 0.5514, Accuracy: 73.71%, AUC: 0.82 [VAL] Loss: 0.5342, Accuracy: 75.30%, Precision: 0.72, Recall: 0.79, F1: 0.75, AUC: 0.84
  Antisymmetry score (raw):        0.9400
  Antisymmetry score (confident):  1.0000
  Total violations:                60 / 1000
  Pairs near boundary:             158 (15.8%)
  Avg |prob-0.5| at violation:     0.0000

--- Training baselines (LogisticRegression, RandomForest, SVM) ---

  Training LogisticRegression...
  Val accuracy: 75.00%  |  Val AUC: 0.8165

  [LogisticRegression]  Accuracy: 68.60%  AUC: 0.7543  AUCPRC: 0.7454  Precision: 0.6955  Recall: 0.6296  F1: 0.6609  Antisym: 0.8090

  Training RandomForest...
  Val accuracy: 76.10%  |  Val AUC: 0.8378

  [RandomForest]  Accuracy: 72.10%  AUC: 0.7934  AUCPRC: 0.7712  Precision: 0.7265  Recall: 0.6831  F1: 0.7041  Antisym: 0.8020

  Training SVM_Linear...
  Val accuracy: 75.00%  |  Val AUC: 0.8154

  [SVM_Linear]  Accuracy: 68.30%  AUC: 0.7521  AUCPRC: 0.7460  Precision: 0.6890  Recall: 0.6337  F1: 0.6602  Antisym: 0.8080
Seed: 456
=== DirectRanker ===
Accuracy:  70.80 %
AUC:       0.8023
AUCPRC:    0.7892
Precision: 0.6816
Recall:    0.7490
F1-Score:  0.7137
Antisymmetry score:  0.9400  (1.0 = perfect, ~0.5 = random)

Detailed Classification Report:
              precision    recall  f1-score   support

           0       0.74      0.67      0.70       514
           1       0.68      0.75      0.71       486

    accuracy                           0.71      1000
   macro avg       0.71      0.71      0.71      1000
weighted avg       0.71      0.71      0.71      1000


Confusion Matrix:
[[344 170]
 [122 364]]

=== LogisticRegression ===
Accuracy:  68.60 %
AUC:       0.7543
AUCPRC:    0.7454
Precision: 0.6955
Recall:    0.6296
F1-Score:  0.6609
Antisymmetry score:  0.8090
Confusion Matrix:
[[380 134]
 [180 306]]

=== RandomForest ===
Accuracy:  72.10 %
AUC:       0.7934
AUCPRC:    0.7712
Precision: 0.7265
Recall:    0.6831
F1-Score:  0.7041
Antisymmetry score:  0.8020
Confusion Matrix:
[[389 125]
 [154 332]]

=== SVM_Linear ===
Accuracy:  68.30 %
AUC:       0.7521
AUCPRC:    0.7460
Precision: 0.6890
Recall:    0.6337
F1-Score:  0.6602
Antisymmetry score:  0.8080
Confusion Matrix:
[[375 139]
 [178 308]]

Saved combined test metrics: /group/pmc021/amunif/epi-thesis/workflow/16_Pairwise Ranking Healthy Liver/output/combined/donor_3/test/008-H3K4me3-H3K27me3-seed456-test-metrics.csv
Saved combined ROC plot: /group/pmc021/amunif/epi-thesis/workflow/16_Pairwise Ranking Healthy Liver/output/combined/donor_3/img/roc/008-H3K4me3-H3K27me3-seed456-roc-combined.png
Saved combined PRC plot: /group/pmc021/amunif/epi-thesis/workflow/16_Pairwise Ranking Healthy Liver/output/combined/donor_3/img/prc/008-H3K4me3-H3K27me3-seed456-prc-combined.png

Finished 008-H3K4me3-H3K27me3 (seed 456)

======================================================================
009-H3K9ac-H3K9me3
======================================================================
Train label distribution:
  Label 0:   4036 (50.4%)
  Label 1:   3964 (49.5%)
Val label distribution:
  Label 0:    528 (52.8%)
  Label 1:    472 (47.2%)
Test label distribution:
  Label 0:    514 (51.4%)
  Label 1:    486 (48.6%)
Saved label distribution: /group/pmc021/amunif/epi-thesis/workflow/16_Pairwise Ranking Healthy Liver/output/combined/donor_3/test/009-H3K9ac-H3K9me3-seed456-label-distribution.csv

--- Training DirectRanker ---
Epoch [1/100] [TRAIN] Loss: 0.7300, Accuracy: 46.85%, AUC: 0.46 [VAL] Loss: 0.7084, Accuracy: 63.50%, Precision: 0.60, Recall: 0.71, F1: 0.65, AUC: 0.72
Epoch [2/100] [TRAIN] Loss: 0.6919, Accuracy: 65.94%, AUC: 0.72 [VAL] Loss: 0.6635, Accuracy: 70.70%, Precision: 0.66, Recall: 0.80, F1: 0.72, AUC: 0.81
Epoch [3/100] [TRAIN] Loss: 0.6535, Accuracy: 70.58%, AUC: 0.77 [VAL] Loss: 0.6174, Accuracy: 71.30%, Precision: 0.66, Recall: 0.81, F1: 0.73, AUC: 0.82
Epoch [4/100] [TRAIN] Loss: 0.6219, Accuracy: 71.28%, AUC: 0.78 [VAL] Loss: 0.5836, Accuracy: 71.60%, Precision: 0.66, Recall: 0.82, F1: 0.73, AUC: 0.82
Epoch [5/100] [TRAIN] Loss: 0.6022, Accuracy: 71.76%, AUC: 0.79 [VAL] Loss: 0.5654, Accuracy: 71.60%, Precision: 0.66, Recall: 0.82, F1: 0.73, AUC: 0.82
Epoch [6/100] [TRAIN] Loss: 0.5958, Accuracy: 71.83%, AUC: 0.79 [VAL] Loss: 0.5572, Accuracy: 71.80%, Precision: 0.66, Recall: 0.82, F1: 0.73, AUC: 0.82
Epoch [7/100] [TRAIN] Loss: 0.5938, Accuracy: 71.71%, AUC: 0.79 [VAL] Loss: 0.5532, Accuracy: 72.10%, Precision: 0.67, Recall: 0.82, F1: 0.74, AUC: 0.83
Epoch [8/100] [TRAIN] Loss: 0.5928, Accuracy: 72.14%, AUC: 0.79 [VAL] Loss: 0.5514, Accuracy: 72.10%, Precision: 0.67, Recall: 0.82, F1: 0.74, AUC: 0.83
Epoch [9/100] [TRAIN] Loss: 0.5877, Accuracy: 72.14%, AUC: 0.80 [VAL] Loss: 0.5493, Accuracy: 72.20%, Precision: 0.67, Recall: 0.82, F1: 0.74, AUC: 0.83
Epoch [10/100] [TRAIN] Loss: 0.5864, Accuracy: 71.96%, AUC: 0.80 [VAL] Loss: 0.5479, Accuracy: 72.20%, Precision: 0.67, Recall: 0.82, F1: 0.74, AUC: 0.83
Epoch [11/100] [TRAIN] Loss: 0.5877, Accuracy: 71.66%, AUC: 0.80 [VAL] Loss: 0.5474, Accuracy: 72.40%, Precision: 0.67, Recall: 0.83, F1: 0.74, AUC: 0.83
Epoch [12/100] [TRAIN] Loss: 0.5871, Accuracy: 72.38%, AUC: 0.80 [VAL] Loss: 0.5468, Accuracy: 72.60%, Precision: 0.67, Recall: 0.83, F1: 0.74, AUC: 0.83
Epoch [13/100] [TRAIN] Loss: 0.5847, Accuracy: 71.92%, AUC: 0.80 [VAL] Loss: 0.5459, Accuracy: 72.80%, Precision: 0.67, Recall: 0.83, F1: 0.74, AUC: 0.83
Epoch [14/100] [TRAIN] Loss: 0.5798, Accuracy: 72.97%, AUC: 0.80 [VAL] Loss: 0.5452, Accuracy: 73.00%, Precision: 0.67, Recall: 0.83, F1: 0.74, AUC: 0.83
Epoch [15/100] [TRAIN] Loss: 0.5812, Accuracy: 73.11%, AUC: 0.80 [VAL] Loss: 0.5445, Accuracy: 73.00%, Precision: 0.67, Recall: 0.83, F1: 0.74, AUC: 0.83
Epoch [16/100] [TRAIN] Loss: 0.5802, Accuracy: 72.74%, AUC: 0.80 [VAL] Loss: 0.5439, Accuracy: 73.00%, Precision: 0.67, Recall: 0.83, F1: 0.74, AUC: 0.83
Epoch [17/100] [TRAIN] Loss: 0.5805, Accuracy: 72.45%, AUC: 0.80 [VAL] Loss: 0.5433, Accuracy: 72.90%, Precision: 0.67, Recall: 0.83, F1: 0.74, AUC: 0.83
Epoch [18/100] [TRAIN] Loss: 0.5807, Accuracy: 73.39%, AUC: 0.80 [VAL] Loss: 0.5430, Accuracy: 72.90%, Precision: 0.67, Recall: 0.83, F1: 0.74, AUC: 0.83
Epoch [19/100] [TRAIN] Loss: 0.5767, Accuracy: 72.83%, AUC: 0.81 [VAL] Loss: 0.5423, Accuracy: 72.80%, Precision: 0.67, Recall: 0.83, F1: 0.74, AUC: 0.83
Epoch [20/100] [TRAIN] Loss: 0.5794, Accuracy: 72.85%, AUC: 0.80 [VAL] Loss: 0.5418, Accuracy: 72.80%, Precision: 0.67, Recall: 0.83, F1: 0.74, AUC: 0.83
Epoch [21/100] [TRAIN] Loss: 0.5771, Accuracy: 72.91%, AUC: 0.81 [VAL] Loss: 0.5415, Accuracy: 72.80%, Precision: 0.67, Recall: 0.83, F1: 0.74, AUC: 0.83
Epoch [22/100] [TRAIN] Loss: 0.5747, Accuracy: 73.05%, AUC: 0.81 [VAL] Loss: 0.5411, Accuracy: 72.80%, Precision: 0.67, Recall: 0.83, F1: 0.74, AUC: 0.83
Epoch [23/100] [TRAIN] Loss: 0.5768, Accuracy: 73.45%, AUC: 0.81 [VAL] Loss: 0.5409, Accuracy: 72.80%, Precision: 0.67, Recall: 0.83, F1: 0.74, AUC: 0.83
Epoch [24/100] [TRAIN] Loss: 0.5783, Accuracy: 72.60%, AUC: 0.80 [VAL] Loss: 0.5408, Accuracy: 72.80%, Precision: 0.67, Recall: 0.83, F1: 0.74, AUC: 0.83
Epoch [25/100] [TRAIN] Loss: 0.5779, Accuracy: 72.96%, AUC: 0.80 [VAL] Loss: 0.5407, Accuracy: 72.70%, Precision: 0.67, Recall: 0.83, F1: 0.74, AUC: 0.83
Epoch [26/100] [TRAIN] Loss: 0.5754, Accuracy: 72.79%, AUC: 0.81 [VAL] Loss: 0.5399, Accuracy: 72.80%, Precision: 0.67, Recall: 0.83, F1: 0.74, AUC: 0.83
Epoch [27/100] [TRAIN] Loss: 0.5742, Accuracy: 72.99%, AUC: 0.81 [VAL] Loss: 0.5394, Accuracy: 72.80%, Precision: 0.67, Recall: 0.83, F1: 0.74, AUC: 0.83
Epoch [28/100] [TRAIN] Loss: 0.5732, Accuracy: 72.94%, AUC: 0.81 [VAL] Loss: 0.5391, Accuracy: 72.80%, Precision: 0.67, Recall: 0.83, F1: 0.74, AUC: 0.83
Epoch [29/100] [TRAIN] Loss: 0.5742, Accuracy: 73.03%, AUC: 0.81 [VAL] Loss: 0.5389, Accuracy: 72.80%, Precision: 0.67, Recall: 0.83, F1: 0.74, AUC: 0.83
Epoch [30/100] [TRAIN] Loss: 0.5763, Accuracy: 72.47%, AUC: 0.80 [VAL] Loss: 0.5390, Accuracy: 72.90%, Precision: 0.67, Recall: 0.83, F1: 0.74, AUC: 0.83
Epoch [31/100] [TRAIN] Loss: 0.5752, Accuracy: 72.53%, AUC: 0.80 [VAL] Loss: 0.5387, Accuracy: 72.70%, Precision: 0.67, Recall: 0.83, F1: 0.74, AUC: 0.83
Epoch [32/100] [TRAIN] Loss: 0.5677, Accuracy: 73.90%, AUC: 0.81 [VAL] Loss: 0.5379, Accuracy: 72.70%, Precision: 0.67, Recall: 0.83, F1: 0.74, AUC: 0.83
Epoch [33/100] [TRAIN] Loss: 0.5705, Accuracy: 72.91%, AUC: 0.81 [VAL] Loss: 0.5376, Accuracy: 72.70%, Precision: 0.67, Recall: 0.83, F1: 0.74, AUC: 0.83
Epoch [34/100] [TRAIN] Loss: 0.5750, Accuracy: 72.76%, AUC: 0.81 [VAL] Loss: 0.5380, Accuracy: 72.80%, Precision: 0.67, Recall: 0.83, F1: 0.74, AUC: 0.83
Epoch [35/100] [TRAIN] Loss: 0.5749, Accuracy: 73.33%, AUC: 0.81 [VAL] Loss: 0.5377, Accuracy: 72.90%, Precision: 0.67, Recall: 0.83, F1: 0.74, AUC: 0.83
Epoch [36/100] [TRAIN] Loss: 0.5669, Accuracy: 72.99%, AUC: 0.81 [VAL] Loss: 0.5369, Accuracy: 72.90%, Precision: 0.67, Recall: 0.83, F1: 0.74, AUC: 0.83
Epoch [37/100] [TRAIN] Loss: 0.5704, Accuracy: 72.94%, AUC: 0.81 [VAL] Loss: 0.5368, Accuracy: 72.90%, Precision: 0.67, Recall: 0.83, F1: 0.74, AUC: 0.83
Epoch [38/100] [TRAIN] Loss: 0.5671, Accuracy: 73.01%, AUC: 0.81 [VAL] Loss: 0.5364, Accuracy: 72.80%, Precision: 0.67, Recall: 0.83, F1: 0.74, AUC: 0.83
Epoch [39/100] [TRAIN] Loss: 0.5700, Accuracy: 72.58%, AUC: 0.81 [VAL] Loss: 0.5361, Accuracy: 72.80%, Precision: 0.67, Recall: 0.83, F1: 0.74, AUC: 0.83
Epoch [40/100] [TRAIN] Loss: 0.5665, Accuracy: 72.95%, AUC: 0.81 [VAL] Loss: 0.5358, Accuracy: 72.90%, Precision: 0.67, Recall: 0.83, F1: 0.74, AUC: 0.84
Epoch [41/100] [TRAIN] Loss: 0.5689, Accuracy: 72.94%, AUC: 0.81 [VAL] Loss: 0.5357, Accuracy: 72.90%, Precision: 0.67, Recall: 0.83, F1: 0.74, AUC: 0.84
Epoch [42/100] [TRAIN] Loss: 0.5661, Accuracy: 73.15%, AUC: 0.81 [VAL] Loss: 0.5353, Accuracy: 72.90%, Precision: 0.67, Recall: 0.83, F1: 0.74, AUC: 0.84
Epoch [43/100] [TRAIN] Loss: 0.5676, Accuracy: 73.36%, AUC: 0.81 [VAL] Loss: 0.5350, Accuracy: 73.00%, Precision: 0.67, Recall: 0.83, F1: 0.74, AUC: 0.84
Epoch [44/100] [TRAIN] Loss: 0.5691, Accuracy: 72.94%, AUC: 0.81 [VAL] Loss: 0.5348, Accuracy: 73.10%, Precision: 0.67, Recall: 0.83, F1: 0.75, AUC: 0.84
Epoch [45/100] [TRAIN] Loss: 0.5658, Accuracy: 73.14%, AUC: 0.81 [VAL] Loss: 0.5346, Accuracy: 73.00%, Precision: 0.67, Recall: 0.83, F1: 0.74, AUC: 0.84
Epoch [46/100] [TRAIN] Loss: 0.5664, Accuracy: 73.35%, AUC: 0.81 [VAL] Loss: 0.5344, Accuracy: 73.00%, Precision: 0.67, Recall: 0.83, F1: 0.74, AUC: 0.84
Epoch [47/100] [TRAIN] Loss: 0.5662, Accuracy: 73.42%, AUC: 0.81 [VAL] Loss: 0.5340, Accuracy: 73.10%, Precision: 0.67, Recall: 0.83, F1: 0.75, AUC: 0.84
Epoch [48/100] [TRAIN] Loss: 0.5650, Accuracy: 73.31%, AUC: 0.81 [VAL] Loss: 0.5336, Accuracy: 73.20%, Precision: 0.67, Recall: 0.83, F1: 0.75, AUC: 0.84
Epoch [49/100] [TRAIN] Loss: 0.5636, Accuracy: 73.51%, AUC: 0.81 [VAL] Loss: 0.5333, Accuracy: 73.20%, Precision: 0.67, Recall: 0.83, F1: 0.75, AUC: 0.84
Epoch [50/100] [TRAIN] Loss: 0.5676, Accuracy: 73.21%, AUC: 0.81 [VAL] Loss: 0.5332, Accuracy: 73.20%, Precision: 0.67, Recall: 0.83, F1: 0.75, AUC: 0.84
Epoch [51/100] [TRAIN] Loss: 0.5622, Accuracy: 73.60%, AUC: 0.81 [VAL] Loss: 0.5328, Accuracy: 73.20%, Precision: 0.67, Recall: 0.83, F1: 0.75, AUC: 0.84
Epoch [52/100] [TRAIN] Loss: 0.5632, Accuracy: 73.06%, AUC: 0.81 [VAL] Loss: 0.5323, Accuracy: 73.20%, Precision: 0.67, Recall: 0.83, F1: 0.75, AUC: 0.84
Epoch [53/100] [TRAIN] Loss: 0.5611, Accuracy: 73.14%, AUC: 0.81 [VAL] Loss: 0.5320, Accuracy: 73.10%, Precision: 0.67, Recall: 0.83, F1: 0.75, AUC: 0.84
Epoch [54/100] [TRAIN] Loss: 0.5632, Accuracy: 73.41%, AUC: 0.81 [VAL] Loss: 0.5316, Accuracy: 73.10%, Precision: 0.67, Recall: 0.83, F1: 0.75, AUC: 0.84
Epoch [55/100] [TRAIN] Loss: 0.5626, Accuracy: 72.84%, AUC: 0.81 [VAL] Loss: 0.5315, Accuracy: 73.10%, Precision: 0.67, Recall: 0.83, F1: 0.75, AUC: 0.84
Epoch [56/100] [TRAIN] Loss: 0.5616, Accuracy: 72.99%, AUC: 0.81 [VAL] Loss: 0.5310, Accuracy: 73.10%, Precision: 0.67, Recall: 0.83, F1: 0.75, AUC: 0.84
Epoch [57/100] [TRAIN] Loss: 0.5648, Accuracy: 73.10%, AUC: 0.81 [VAL] Loss: 0.5309, Accuracy: 73.00%, Precision: 0.67, Recall: 0.83, F1: 0.74, AUC: 0.84
Epoch [58/100] [TRAIN] Loss: 0.5617, Accuracy: 73.09%, AUC: 0.81 [VAL] Loss: 0.5304, Accuracy: 73.00%, Precision: 0.67, Recall: 0.83, F1: 0.74, AUC: 0.84
Epoch [59/100] [TRAIN] Loss: 0.5617, Accuracy: 73.40%, AUC: 0.81 [VAL] Loss: 0.5303, Accuracy: 73.00%, Precision: 0.67, Recall: 0.83, F1: 0.74, AUC: 0.84
Epoch [60/100] [TRAIN] Loss: 0.5636, Accuracy: 73.28%, AUC: 0.81 [VAL] Loss: 0.5302, Accuracy: 73.00%, Precision: 0.67, Recall: 0.83, F1: 0.74, AUC: 0.84
Epoch [61/100] [TRAIN] Loss: 0.5630, Accuracy: 73.31%, AUC: 0.81 [VAL] Loss: 0.5298, Accuracy: 73.10%, Precision: 0.67, Recall: 0.83, F1: 0.75, AUC: 0.84
Epoch [62/100] [TRAIN] Loss: 0.5620, Accuracy: 73.00%, AUC: 0.81 [VAL] Loss: 0.5294, Accuracy: 73.00%, Precision: 0.67, Recall: 0.83, F1: 0.74, AUC: 0.84
Epoch [63/100] [TRAIN] Loss: 0.5619, Accuracy: 73.00%, AUC: 0.81 [VAL] Loss: 0.5291, Accuracy: 73.10%, Precision: 0.67, Recall: 0.83, F1: 0.75, AUC: 0.84
Epoch [64/100] [TRAIN] Loss: 0.5630, Accuracy: 73.09%, AUC: 0.81 [VAL] Loss: 0.5289, Accuracy: 73.10%, Precision: 0.67, Recall: 0.83, F1: 0.75, AUC: 0.84
Epoch [65/100] [TRAIN] Loss: 0.5602, Accuracy: 73.03%, AUC: 0.81 [VAL] Loss: 0.5288, Accuracy: 73.10%, Precision: 0.67, Recall: 0.83, F1: 0.75, AUC: 0.84
Epoch [66/100] [TRAIN] Loss: 0.5610, Accuracy: 73.72%, AUC: 0.81 [VAL] Loss: 0.5284, Accuracy: 73.10%, Precision: 0.67, Recall: 0.83, F1: 0.75, AUC: 0.84
Epoch [67/100] [TRAIN] Loss: 0.5627, Accuracy: 73.11%, AUC: 0.81 [VAL] Loss: 0.5282, Accuracy: 73.10%, Precision: 0.67, Recall: 0.83, F1: 0.75, AUC: 0.84
Epoch [68/100] [TRAIN] Loss: 0.5581, Accuracy: 73.44%, AUC: 0.82 [VAL] Loss: 0.5278, Accuracy: 73.00%, Precision: 0.67, Recall: 0.83, F1: 0.74, AUC: 0.84
Epoch [69/100] [TRAIN] Loss: 0.5624, Accuracy: 73.14%, AUC: 0.81 [VAL] Loss: 0.5278, Accuracy: 73.00%, Precision: 0.67, Recall: 0.83, F1: 0.74, AUC: 0.84
Epoch [70/100] [TRAIN] Loss: 0.5630, Accuracy: 73.22%, AUC: 0.81 [VAL] Loss: 0.5275, Accuracy: 73.00%, Precision: 0.67, Recall: 0.83, F1: 0.74, AUC: 0.84
Epoch [71/100] [TRAIN] Loss: 0.5608, Accuracy: 72.96%, AUC: 0.81 [VAL] Loss: 0.5275, Accuracy: 73.00%, Precision: 0.67, Recall: 0.83, F1: 0.74, AUC: 0.84
Epoch [72/100] [TRAIN] Loss: 0.5597, Accuracy: 73.28%, AUC: 0.81 [VAL] Loss: 0.5271, Accuracy: 73.00%, Precision: 0.67, Recall: 0.83, F1: 0.74, AUC: 0.84
Epoch [73/100] [TRAIN] Loss: 0.5589, Accuracy: 73.90%, AUC: 0.82 [VAL] Loss: 0.5268, Accuracy: 73.00%, Precision: 0.67, Recall: 0.83, F1: 0.74, AUC: 0.84
Epoch [74/100] [TRAIN] Loss: 0.5591, Accuracy: 73.96%, AUC: 0.82 [VAL] Loss: 0.5268, Accuracy: 73.00%, Precision: 0.67, Recall: 0.83, F1: 0.74, AUC: 0.84
Epoch [75/100] [TRAIN] Loss: 0.5599, Accuracy: 72.53%, AUC: 0.81 [VAL] Loss: 0.5263, Accuracy: 73.10%, Precision: 0.67, Recall: 0.83, F1: 0.75, AUC: 0.84
Epoch [76/100] [TRAIN] Loss: 0.5579, Accuracy: 73.39%, AUC: 0.82 [VAL] Loss: 0.5264, Accuracy: 73.00%, Precision: 0.67, Recall: 0.83, F1: 0.74, AUC: 0.84
Epoch [77/100] [TRAIN] Loss: 0.5634, Accuracy: 73.06%, AUC: 0.81 [VAL] Loss: 0.5261, Accuracy: 73.10%, Precision: 0.67, Recall: 0.83, F1: 0.75, AUC: 0.84
Epoch [78/100] [TRAIN] Loss: 0.5585, Accuracy: 73.51%, AUC: 0.82 [VAL] Loss: 0.5256, Accuracy: 73.10%, Precision: 0.67, Recall: 0.83, F1: 0.75, AUC: 0.84
Epoch [79/100] [TRAIN] Loss: 0.5599, Accuracy: 73.56%, AUC: 0.82 [VAL] Loss: 0.5252, Accuracy: 73.10%, Precision: 0.67, Recall: 0.83, F1: 0.75, AUC: 0.84
Epoch [80/100] [TRAIN] Loss: 0.5606, Accuracy: 73.03%, AUC: 0.81 [VAL] Loss: 0.5252, Accuracy: 73.10%, Precision: 0.67, Recall: 0.83, F1: 0.75, AUC: 0.84
Epoch [81/100] [TRAIN] Loss: 0.5595, Accuracy: 73.55%, AUC: 0.81 [VAL] Loss: 0.5248, Accuracy: 73.10%, Precision: 0.67, Recall: 0.83, F1: 0.75, AUC: 0.84
Epoch [82/100] [TRAIN] Loss: 0.5584, Accuracy: 73.08%, AUC: 0.81 [VAL] Loss: 0.5246, Accuracy: 73.10%, Precision: 0.67, Recall: 0.83, F1: 0.75, AUC: 0.84
Epoch [83/100] [TRAIN] Loss: 0.5578, Accuracy: 73.04%, AUC: 0.81 [VAL] Loss: 0.5242, Accuracy: 73.20%, Precision: 0.67, Recall: 0.83, F1: 0.75, AUC: 0.84
Epoch [84/100] [TRAIN] Loss: 0.5536, Accuracy: 73.34%, AUC: 0.82 [VAL] Loss: 0.5237, Accuracy: 73.10%, Precision: 0.67, Recall: 0.83, F1: 0.75, AUC: 0.84
Epoch [85/100] [TRAIN] Loss: 0.5618, Accuracy: 72.86%, AUC: 0.81 [VAL] Loss: 0.5239, Accuracy: 73.20%, Precision: 0.67, Recall: 0.83, F1: 0.75, AUC: 0.84
Epoch [86/100] [TRAIN] Loss: 0.5587, Accuracy: 73.54%, AUC: 0.82 [VAL] Loss: 0.5238, Accuracy: 73.20%, Precision: 0.67, Recall: 0.83, F1: 0.75, AUC: 0.84
Epoch [87/100] [TRAIN] Loss: 0.5550, Accuracy: 73.60%, AUC: 0.82 [VAL] Loss: 0.5233, Accuracy: 73.10%, Precision: 0.67, Recall: 0.83, F1: 0.75, AUC: 0.84
Epoch [88/100] [TRAIN] Loss: 0.5572, Accuracy: 74.04%, AUC: 0.82 [VAL] Loss: 0.5231, Accuracy: 73.10%, Precision: 0.67, Recall: 0.83, F1: 0.75, AUC: 0.84
Epoch [89/100] [TRAIN] Loss: 0.5554, Accuracy: 73.70%, AUC: 0.82 [VAL] Loss: 0.5229, Accuracy: 73.10%, Precision: 0.67, Recall: 0.83, F1: 0.75, AUC: 0.84
Epoch [90/100] [TRAIN] Loss: 0.5555, Accuracy: 73.29%, AUC: 0.82 [VAL] Loss: 0.5228, Accuracy: 73.20%, Precision: 0.67, Recall: 0.83, F1: 0.75, AUC: 0.84
Epoch [91/100] [TRAIN] Loss: 0.5529, Accuracy: 73.39%, AUC: 0.82 [VAL] Loss: 0.5227, Accuracy: 73.10%, Precision: 0.67, Recall: 0.83, F1: 0.75, AUC: 0.84
Epoch [92/100] [TRAIN] Loss: 0.5563, Accuracy: 73.22%, AUC: 0.82 [VAL] Loss: 0.5226, Accuracy: 73.10%, Precision: 0.67, Recall: 0.83, F1: 0.75, AUC: 0.84
Epoch [93/100] [TRAIN] Loss: 0.5531, Accuracy: 73.75%, AUC: 0.82 [VAL] Loss: 0.5222, Accuracy: 73.10%, Precision: 0.67, Recall: 0.83, F1: 0.75, AUC: 0.84
Epoch [94/100] [TRAIN] Loss: 0.5536, Accuracy: 73.75%, AUC: 0.82 [VAL] Loss: 0.5219, Accuracy: 73.10%, Precision: 0.67, Recall: 0.83, F1: 0.75, AUC: 0.84
Epoch [95/100] [TRAIN] Loss: 0.5555, Accuracy: 73.49%, AUC: 0.82 [VAL] Loss: 0.5215, Accuracy: 73.20%, Precision: 0.68, Recall: 0.83, F1: 0.75, AUC: 0.84
Epoch [96/100] [TRAIN] Loss: 0.5523, Accuracy: 73.62%, AUC: 0.82 [VAL] Loss: 0.5212, Accuracy: 73.20%, Precision: 0.68, Recall: 0.83, F1: 0.75, AUC: 0.84
Epoch [97/100] [TRAIN] Loss: 0.5574, Accuracy: 72.91%, AUC: 0.82 [VAL] Loss: 0.5213, Accuracy: 73.20%, Precision: 0.68, Recall: 0.83, F1: 0.75, AUC: 0.84
Epoch [98/100] [TRAIN] Loss: 0.5521, Accuracy: 73.92%, AUC: 0.82 [VAL] Loss: 0.5210, Accuracy: 73.20%, Precision: 0.68, Recall: 0.83, F1: 0.75, AUC: 0.84
Epoch [99/100] [TRAIN] Loss: 0.5570, Accuracy: 73.16%, AUC: 0.82 [VAL] Loss: 0.5210, Accuracy: 73.20%, Precision: 0.68, Recall: 0.83, F1: 0.75, AUC: 0.84
Epoch [100/100] [TRAIN] Loss: 0.5555, Accuracy: 73.38%, AUC: 0.82 [VAL] Loss: 0.5209, Accuracy: 73.20%, Precision: 0.68, Recall: 0.83, F1: 0.75, AUC: 0.84
  Antisymmetry score (raw):        0.8570
  Antisymmetry score (confident):  1.0000
  Total violations:                143 / 1000
  Pairs near boundary:             219 (21.9%)
  Avg |prob-0.5| at violation:     0.0000

--- Training baselines (LogisticRegression, RandomForest, SVM) ---

  Training LogisticRegression...
  Val accuracy: 74.10%  |  Val AUC: 0.7958

  [LogisticRegression]  Accuracy: 72.30%  AUC: 0.7722  AUCPRC: 0.7325  Precision: 0.7494  Recall: 0.6461  F1: 0.6939  Antisym: 0.7310

  Training RandomForest...
  Val accuracy: 76.00%  |  Val AUC: 0.8361

  [RandomForest]  Accuracy: 74.10%  AUC: 0.8126  AUCPRC: 0.7920  Precision: 0.7722  Recall: 0.6626  F1: 0.7132  Antisym: 0.7840

  Training SVM_Linear...
  Val accuracy: 73.70%  |  Val AUC: 0.7935

  [SVM_Linear]  Accuracy: 72.60%  AUC: 0.7725  AUCPRC: 0.7267  Precision: 0.7611  Recall: 0.6358  F1: 0.6928  Antisym: 0.7210
Seed: 456
=== DirectRanker ===
Accuracy:  71.80 %
AUC:       0.8129
AUCPRC:    0.7999
Precision: 0.6796
Recall:    0.7942
F1-Score:  0.7324
Antisymmetry score:  0.8570  (1.0 = perfect, ~0.5 = random)

Detailed Classification Report:
              precision    recall  f1-score   support

           0       0.77      0.65      0.70       514
           1       0.68      0.79      0.73       486

    accuracy                           0.72      1000
   macro avg       0.72      0.72      0.72      1000
weighted avg       0.73      0.72      0.72      1000


Confusion Matrix:
[[332 182]
 [100 386]]

=== LogisticRegression ===
Accuracy:  72.30 %
AUC:       0.7722
AUCPRC:    0.7325
Precision: 0.7494
Recall:    0.6461
F1-Score:  0.6939
Antisymmetry score:  0.7310
Confusion Matrix:
[[409 105]
 [172 314]]

=== RandomForest ===
Accuracy:  74.10 %
AUC:       0.8126
AUCPRC:    0.7920
Precision: 0.7722
Recall:    0.6626
F1-Score:  0.7132
Antisymmetry score:  0.7840
Confusion Matrix:
[[419  95]
 [164 322]]

=== SVM_Linear ===
Accuracy:  72.60 %
AUC:       0.7725
AUCPRC:    0.7267
Precision: 0.7611
Recall:    0.6358
F1-Score:  0.6928
Antisymmetry score:  0.7210
Confusion Matrix:
[[417  97]
 [177 309]]

Saved combined test metrics: /group/pmc021/amunif/epi-thesis/workflow/16_Pairwise Ranking Healthy Liver/output/combined/donor_3/test/009-H3K9ac-H3K9me3-seed456-test-metrics.csv
Saved combined ROC plot: /group/pmc021/amunif/epi-thesis/workflow/16_Pairwise Ranking Healthy Liver/output/combined/donor_3/img/roc/009-H3K9ac-H3K9me3-seed456-roc-combined.png
Saved combined PRC plot: /group/pmc021/amunif/epi-thesis/workflow/16_Pairwise Ranking Healthy Liver/output/combined/donor_3/img/prc/009-H3K9ac-H3K9me3-seed456-prc-combined.png

Finished 009-H3K9ac-H3K9me3 (seed 456)

======================================================================
010-H3K9ac-H3K27ac
======================================================================
Train label distribution:
  Label 0:   4036 (50.4%)
  Label 1:   3964 (49.5%)
Val label distribution:
  Label 0:    528 (52.8%)
  Label 1:    472 (47.2%)
Test label distribution:
  Label 0:    514 (51.4%)
  Label 1:    486 (48.6%)
Saved label distribution: /group/pmc021/amunif/epi-thesis/workflow/16_Pairwise Ranking Healthy Liver/output/combined/donor_3/test/010-H3K9ac-H3K27ac-seed456-label-distribution.csv

--- Training DirectRanker ---
Epoch [1/100] [TRAIN] Loss: 0.6639, Accuracy: 65.92%, AUC: 0.72 [VAL] Loss: 0.5723, Accuracy: 74.50%, Precision: 0.70, Recall: 0.80, F1: 0.75, AUC: 0.83
Epoch [2/100] [TRAIN] Loss: 0.6176, Accuracy: 73.17%, AUC: 0.78 [VAL] Loss: 0.5492, Accuracy: 75.00%, Precision: 0.71, Recall: 0.80, F1: 0.75, AUC: 0.84
Epoch [3/100] [TRAIN] Loss: 0.6005, Accuracy: 73.83%, AUC: 0.80 [VAL] Loss: 0.5406, Accuracy: 75.50%, Precision: 0.71, Recall: 0.80, F1: 0.76, AUC: 0.84
Epoch [4/100] [TRAIN] Loss: 0.5891, Accuracy: 73.66%, AUC: 0.80 [VAL] Loss: 0.5350, Accuracy: 75.70%, Precision: 0.72, Recall: 0.81, F1: 0.76, AUC: 0.84
Epoch [5/100] [TRAIN] Loss: 0.5909, Accuracy: 74.36%, AUC: 0.80 [VAL] Loss: 0.5352, Accuracy: 75.60%, Precision: 0.71, Recall: 0.81, F1: 0.76, AUC: 0.84
Epoch [6/100] [TRAIN] Loss: 0.5876, Accuracy: 74.30%, AUC: 0.81 [VAL] Loss: 0.5349, Accuracy: 75.40%, Precision: 0.71, Recall: 0.81, F1: 0.76, AUC: 0.84
Epoch [7/100] [TRAIN] Loss: 0.5872, Accuracy: 74.42%, AUC: 0.80 [VAL] Loss: 0.5342, Accuracy: 75.40%, Precision: 0.71, Recall: 0.81, F1: 0.76, AUC: 0.84
Epoch [8/100] [TRAIN] Loss: 0.5797, Accuracy: 73.95%, AUC: 0.81 [VAL] Loss: 0.5313, Accuracy: 75.60%, Precision: 0.71, Recall: 0.81, F1: 0.76, AUC: 0.84
Epoch [9/100] [TRAIN] Loss: 0.5762, Accuracy: 74.31%, AUC: 0.81 [VAL] Loss: 0.5298, Accuracy: 75.70%, Precision: 0.71, Recall: 0.81, F1: 0.76, AUC: 0.84
Epoch [10/100] [TRAIN] Loss: 0.5791, Accuracy: 73.69%, AUC: 0.81 [VAL] Loss: 0.5295, Accuracy: 75.70%, Precision: 0.71, Recall: 0.81, F1: 0.76, AUC: 0.84
Epoch [11/100] [TRAIN] Loss: 0.5726, Accuracy: 74.75%, AUC: 0.81 [VAL] Loss: 0.5286, Accuracy: 75.90%, Precision: 0.71, Recall: 0.82, F1: 0.76, AUC: 0.84
Epoch [12/100] [TRAIN] Loss: 0.5751, Accuracy: 74.60%, AUC: 0.81 [VAL] Loss: 0.5279, Accuracy: 75.80%, Precision: 0.71, Recall: 0.82, F1: 0.76, AUC: 0.84
Epoch [13/100] [TRAIN] Loss: 0.5731, Accuracy: 74.50%, AUC: 0.81 [VAL] Loss: 0.5279, Accuracy: 75.50%, Precision: 0.71, Recall: 0.82, F1: 0.76, AUC: 0.84
Epoch [14/100] [TRAIN] Loss: 0.5697, Accuracy: 74.66%, AUC: 0.82 [VAL] Loss: 0.5266, Accuracy: 75.50%, Precision: 0.71, Recall: 0.82, F1: 0.76, AUC: 0.84
Epoch [15/100] [TRAIN] Loss: 0.5692, Accuracy: 74.21%, AUC: 0.81 [VAL] Loss: 0.5258, Accuracy: 75.40%, Precision: 0.71, Recall: 0.82, F1: 0.76, AUC: 0.84
Epoch [16/100] [TRAIN] Loss: 0.5684, Accuracy: 73.94%, AUC: 0.81 [VAL] Loss: 0.5258, Accuracy: 75.50%, Precision: 0.71, Recall: 0.82, F1: 0.76, AUC: 0.85
Epoch [17/100] [TRAIN] Loss: 0.5653, Accuracy: 74.58%, AUC: 0.82 [VAL] Loss: 0.5250, Accuracy: 75.40%, Precision: 0.71, Recall: 0.82, F1: 0.76, AUC: 0.85
Epoch [18/100] [TRAIN] Loss: 0.5682, Accuracy: 74.53%, AUC: 0.81 [VAL] Loss: 0.5244, Accuracy: 75.40%, Precision: 0.71, Recall: 0.82, F1: 0.76, AUC: 0.85
Epoch [19/100] [TRAIN] Loss: 0.5642, Accuracy: 74.53%, AUC: 0.82 [VAL] Loss: 0.5233, Accuracy: 75.40%, Precision: 0.71, Recall: 0.82, F1: 0.76, AUC: 0.85
Epoch [20/100] [TRAIN] Loss: 0.5622, Accuracy: 74.89%, AUC: 0.82 [VAL] Loss: 0.5225, Accuracy: 75.40%, Precision: 0.71, Recall: 0.82, F1: 0.76, AUC: 0.85
Epoch [21/100] [TRAIN] Loss: 0.5671, Accuracy: 74.86%, AUC: 0.81 [VAL] Loss: 0.5234, Accuracy: 75.20%, Precision: 0.71, Recall: 0.81, F1: 0.76, AUC: 0.85
Epoch [22/100] [TRAIN] Loss: 0.5660, Accuracy: 74.42%, AUC: 0.82 [VAL] Loss: 0.5241, Accuracy: 75.20%, Precision: 0.71, Recall: 0.81, F1: 0.75, AUC: 0.85
Epoch [23/100] [TRAIN] Loss: 0.5607, Accuracy: 74.46%, AUC: 0.82 [VAL] Loss: 0.5225, Accuracy: 75.10%, Precision: 0.71, Recall: 0.81, F1: 0.75, AUC: 0.85
Epoch [24/100] [TRAIN] Loss: 0.5579, Accuracy: 74.92%, AUC: 0.82 [VAL] Loss: 0.5219, Accuracy: 75.20%, Precision: 0.71, Recall: 0.81, F1: 0.76, AUC: 0.85
Epoch [25/100] [TRAIN] Loss: 0.5596, Accuracy: 74.55%, AUC: 0.82 [VAL] Loss: 0.5214, Accuracy: 75.30%, Precision: 0.71, Recall: 0.81, F1: 0.76, AUC: 0.85
Epoch [26/100] [TRAIN] Loss: 0.5622, Accuracy: 74.72%, AUC: 0.82 [VAL] Loss: 0.5220, Accuracy: 75.30%, Precision: 0.71, Recall: 0.81, F1: 0.76, AUC: 0.85
Epoch [27/100] [TRAIN] Loss: 0.5602, Accuracy: 75.00%, AUC: 0.82 [VAL] Loss: 0.5212, Accuracy: 75.30%, Precision: 0.71, Recall: 0.81, F1: 0.76, AUC: 0.85
Epoch [28/100] [TRAIN] Loss: 0.5606, Accuracy: 74.30%, AUC: 0.82 [VAL] Loss: 0.5208, Accuracy: 75.40%, Precision: 0.71, Recall: 0.82, F1: 0.76, AUC: 0.85
Epoch [29/100] [TRAIN] Loss: 0.5594, Accuracy: 74.49%, AUC: 0.82 [VAL] Loss: 0.5209, Accuracy: 75.30%, Precision: 0.71, Recall: 0.81, F1: 0.76, AUC: 0.85
Epoch [30/100] [TRAIN] Loss: 0.5577, Accuracy: 74.92%, AUC: 0.82 [VAL] Loss: 0.5205, Accuracy: 75.50%, Precision: 0.71, Recall: 0.82, F1: 0.76, AUC: 0.85
Epoch [31/100] [TRAIN] Loss: 0.5591, Accuracy: 74.60%, AUC: 0.82 [VAL] Loss: 0.5198, Accuracy: 75.60%, Precision: 0.71, Recall: 0.82, F1: 0.76, AUC: 0.85
Epoch [32/100] [TRAIN] Loss: 0.5580, Accuracy: 75.17%, AUC: 0.82 [VAL] Loss: 0.5198, Accuracy: 75.50%, Precision: 0.71, Recall: 0.82, F1: 0.76, AUC: 0.85
Epoch [33/100] [TRAIN] Loss: 0.5553, Accuracy: 75.00%, AUC: 0.82 [VAL] Loss: 0.5194, Accuracy: 75.50%, Precision: 0.71, Recall: 0.82, F1: 0.76, AUC: 0.85
Epoch [34/100] [TRAIN] Loss: 0.5559, Accuracy: 75.01%, AUC: 0.82 [VAL] Loss: 0.5195, Accuracy: 75.60%, Precision: 0.71, Recall: 0.82, F1: 0.76, AUC: 0.85
Epoch [35/100] [TRAIN] Loss: 0.5562, Accuracy: 74.19%, AUC: 0.82 [VAL] Loss: 0.5194, Accuracy: 75.50%, Precision: 0.71, Recall: 0.82, F1: 0.76, AUC: 0.85
Epoch [36/100] [TRAIN] Loss: 0.5560, Accuracy: 74.64%, AUC: 0.82 [VAL] Loss: 0.5188, Accuracy: 75.50%, Precision: 0.71, Recall: 0.82, F1: 0.76, AUC: 0.85
Epoch [37/100] [TRAIN] Loss: 0.5539, Accuracy: 74.80%, AUC: 0.82 [VAL] Loss: 0.5183, Accuracy: 75.40%, Precision: 0.71, Recall: 0.82, F1: 0.76, AUC: 0.85
Epoch [38/100] [TRAIN] Loss: 0.5532, Accuracy: 74.76%, AUC: 0.82 [VAL] Loss: 0.5180, Accuracy: 75.40%, Precision: 0.71, Recall: 0.82, F1: 0.76, AUC: 0.85
Epoch [39/100] [TRAIN] Loss: 0.5546, Accuracy: 74.94%, AUC: 0.82 [VAL] Loss: 0.5181, Accuracy: 75.50%, Precision: 0.71, Recall: 0.82, F1: 0.76, AUC: 0.85
Epoch [40/100] [TRAIN] Loss: 0.5524, Accuracy: 74.85%, AUC: 0.82 [VAL] Loss: 0.5175, Accuracy: 75.20%, Precision: 0.71, Recall: 0.81, F1: 0.76, AUC: 0.85
Epoch [41/100] [TRAIN] Loss: 0.5500, Accuracy: 74.85%, AUC: 0.83 [VAL] Loss: 0.5172, Accuracy: 75.40%, Precision: 0.71, Recall: 0.81, F1: 0.76, AUC: 0.85
Epoch [42/100] [TRAIN] Loss: 0.5510, Accuracy: 75.01%, AUC: 0.82 [VAL] Loss: 0.5164, Accuracy: 75.40%, Precision: 0.71, Recall: 0.82, F1: 0.76, AUC: 0.85
Epoch [43/100] [TRAIN] Loss: 0.5514, Accuracy: 75.34%, AUC: 0.83 [VAL] Loss: 0.5170, Accuracy: 75.40%, Precision: 0.71, Recall: 0.81, F1: 0.76, AUC: 0.85
Epoch [44/100] [TRAIN] Loss: 0.5521, Accuracy: 74.72%, AUC: 0.82 [VAL] Loss: 0.5175, Accuracy: 75.20%, Precision: 0.71, Recall: 0.81, F1: 0.76, AUC: 0.85
Epoch [45/100] [TRAIN] Loss: 0.5493, Accuracy: 74.69%, AUC: 0.83 [VAL] Loss: 0.5166, Accuracy: 75.20%, Precision: 0.71, Recall: 0.81, F1: 0.76, AUC: 0.85
Epoch [46/100] [TRAIN] Loss: 0.5512, Accuracy: 74.88%, AUC: 0.82 [VAL] Loss: 0.5159, Accuracy: 75.30%, Precision: 0.71, Recall: 0.82, F1: 0.76, AUC: 0.85
Epoch [47/100] [TRAIN] Loss: 0.5486, Accuracy: 74.91%, AUC: 0.83 [VAL] Loss: 0.5160, Accuracy: 75.30%, Precision: 0.71, Recall: 0.82, F1: 0.76, AUC: 0.85
Epoch [48/100] [TRAIN] Loss: 0.5523, Accuracy: 74.84%, AUC: 0.82 [VAL] Loss: 0.5160, Accuracy: 75.20%, Precision: 0.71, Recall: 0.82, F1: 0.76, AUC: 0.85
Epoch [49/100] [TRAIN] Loss: 0.5471, Accuracy: 74.75%, AUC: 0.83 [VAL] Loss: 0.5155, Accuracy: 75.10%, Precision: 0.70, Recall: 0.82, F1: 0.76, AUC: 0.85
Epoch [50/100] [TRAIN] Loss: 0.5515, Accuracy: 74.75%, AUC: 0.82 [VAL] Loss: 0.5156, Accuracy: 75.20%, Precision: 0.71, Recall: 0.82, F1: 0.76, AUC: 0.85
Epoch [51/100] [TRAIN] Loss: 0.5499, Accuracy: 74.78%, AUC: 0.82 [VAL] Loss: 0.5153, Accuracy: 75.00%, Precision: 0.70, Recall: 0.81, F1: 0.75, AUC: 0.85
Epoch [52/100] [TRAIN] Loss: 0.5489, Accuracy: 75.16%, AUC: 0.83 [VAL] Loss: 0.5150, Accuracy: 75.10%, Precision: 0.70, Recall: 0.81, F1: 0.76, AUC: 0.85
Epoch [53/100] [TRAIN] Loss: 0.5469, Accuracy: 74.92%, AUC: 0.83 [VAL] Loss: 0.5150, Accuracy: 75.10%, Precision: 0.70, Recall: 0.81, F1: 0.76, AUC: 0.85
Epoch [54/100] [TRAIN] Loss: 0.5460, Accuracy: 75.28%, AUC: 0.83 [VAL] Loss: 0.5141, Accuracy: 75.00%, Precision: 0.70, Recall: 0.81, F1: 0.75, AUC: 0.85
Epoch [55/100] [TRAIN] Loss: 0.5498, Accuracy: 74.61%, AUC: 0.82 [VAL] Loss: 0.5141, Accuracy: 75.00%, Precision: 0.70, Recall: 0.81, F1: 0.75, AUC: 0.85
Epoch [56/100] [TRAIN] Loss: 0.5486, Accuracy: 75.20%, AUC: 0.83 [VAL] Loss: 0.5143, Accuracy: 75.10%, Precision: 0.71, Recall: 0.81, F1: 0.75, AUC: 0.85
Epoch [57/100] [TRAIN] Loss: 0.5432, Accuracy: 74.97%, AUC: 0.83 [VAL] Loss: 0.5136, Accuracy: 75.10%, Precision: 0.71, Recall: 0.81, F1: 0.75, AUC: 0.85
Epoch [58/100] [TRAIN] Loss: 0.5476, Accuracy: 75.08%, AUC: 0.83 [VAL] Loss: 0.5138, Accuracy: 75.20%, Precision: 0.71, Recall: 0.81, F1: 0.76, AUC: 0.85
Epoch [59/100] [TRAIN] Loss: 0.5486, Accuracy: 74.79%, AUC: 0.83 [VAL] Loss: 0.5132, Accuracy: 75.30%, Precision: 0.71, Recall: 0.82, F1: 0.76, AUC: 0.85
Epoch [60/100] [TRAIN] Loss: 0.5477, Accuracy: 74.92%, AUC: 0.83 [VAL] Loss: 0.5137, Accuracy: 75.20%, Precision: 0.71, Recall: 0.81, F1: 0.76, AUC: 0.85
Epoch [61/100] [TRAIN] Loss: 0.5471, Accuracy: 74.84%, AUC: 0.83 [VAL] Loss: 0.5129, Accuracy: 75.20%, Precision: 0.71, Recall: 0.81, F1: 0.76, AUC: 0.85
Epoch [62/100] [TRAIN] Loss: 0.5476, Accuracy: 74.65%, AUC: 0.83 [VAL] Loss: 0.5131, Accuracy: 75.20%, Precision: 0.71, Recall: 0.81, F1: 0.76, AUC: 0.85
Epoch [63/100] [TRAIN] Loss: 0.5459, Accuracy: 74.88%, AUC: 0.83 [VAL] Loss: 0.5131, Accuracy: 75.30%, Precision: 0.71, Recall: 0.82, F1: 0.76, AUC: 0.85
Epoch [64/100] [TRAIN] Loss: 0.5456, Accuracy: 74.81%, AUC: 0.83 [VAL] Loss: 0.5131, Accuracy: 75.30%, Precision: 0.71, Recall: 0.82, F1: 0.76, AUC: 0.85
Epoch [65/100] [TRAIN] Loss: 0.5446, Accuracy: 74.45%, AUC: 0.83 [VAL] Loss: 0.5125, Accuracy: 75.30%, Precision: 0.71, Recall: 0.82, F1: 0.76, AUC: 0.85
Epoch [66/100] [TRAIN] Loss: 0.5474, Accuracy: 74.80%, AUC: 0.83 [VAL] Loss: 0.5123, Accuracy: 75.30%, Precision: 0.71, Recall: 0.82, F1: 0.76, AUC: 0.85
Epoch [67/100] [TRAIN] Loss: 0.5406, Accuracy: 75.33%, AUC: 0.83 [VAL] Loss: 0.5116, Accuracy: 75.20%, Precision: 0.71, Recall: 0.82, F1: 0.76, AUC: 0.85
Epoch [68/100] [TRAIN] Loss: 0.5447, Accuracy: 74.70%, AUC: 0.83 [VAL] Loss: 0.5118, Accuracy: 75.30%, Precision: 0.71, Recall: 0.81, F1: 0.76, AUC: 0.85
Epoch [69/100] [TRAIN] Loss: 0.5421, Accuracy: 75.00%, AUC: 0.83 [VAL] Loss: 0.5116, Accuracy: 75.30%, Precision: 0.71, Recall: 0.81, F1: 0.76, AUC: 0.85
Epoch [70/100] [TRAIN] Loss: 0.5466, Accuracy: 75.20%, AUC: 0.83 [VAL] Loss: 0.5122, Accuracy: 75.30%, Precision: 0.71, Recall: 0.82, F1: 0.76, AUC: 0.85
Epoch [71/100] [TRAIN] Loss: 0.5442, Accuracy: 75.59%, AUC: 0.83 [VAL] Loss: 0.5122, Accuracy: 75.30%, Precision: 0.71, Recall: 0.82, F1: 0.76, AUC: 0.85
Epoch [72/100] [TRAIN] Loss: 0.5447, Accuracy: 75.09%, AUC: 0.83 [VAL] Loss: 0.5110, Accuracy: 75.20%, Precision: 0.71, Recall: 0.81, F1: 0.76, AUC: 0.85
Epoch [73/100] [TRAIN] Loss: 0.5424, Accuracy: 75.17%, AUC: 0.83 [VAL] Loss: 0.5105, Accuracy: 75.30%, Precision: 0.71, Recall: 0.81, F1: 0.76, AUC: 0.85
Epoch [74/100] [TRAIN] Loss: 0.5473, Accuracy: 74.92%, AUC: 0.83 [VAL] Loss: 0.5113, Accuracy: 75.20%, Precision: 0.71, Recall: 0.81, F1: 0.76, AUC: 0.85
Epoch [75/100] [TRAIN] Loss: 0.5414, Accuracy: 75.01%, AUC: 0.83 [VAL] Loss: 0.5098, Accuracy: 75.40%, Precision: 0.71, Recall: 0.81, F1: 0.76, AUC: 0.85
Epoch [76/100] [TRAIN] Loss: 0.5437, Accuracy: 75.42%, AUC: 0.83 [VAL] Loss: 0.5098, Accuracy: 75.40%, Precision: 0.71, Recall: 0.81, F1: 0.76, AUC: 0.85
Epoch [77/100] [TRAIN] Loss: 0.5452, Accuracy: 74.85%, AUC: 0.83 [VAL] Loss: 0.5098, Accuracy: 75.40%, Precision: 0.71, Recall: 0.81, F1: 0.76, AUC: 0.85
Epoch [78/100] [TRAIN] Loss: 0.5435, Accuracy: 75.25%, AUC: 0.83 [VAL] Loss: 0.5096, Accuracy: 75.40%, Precision: 0.71, Recall: 0.82, F1: 0.76, AUC: 0.85
Epoch [79/100] [TRAIN] Loss: 0.5434, Accuracy: 74.79%, AUC: 0.83 [VAL] Loss: 0.5097, Accuracy: 75.50%, Precision: 0.71, Recall: 0.82, F1: 0.76, AUC: 0.85
Epoch [80/100] [TRAIN] Loss: 0.5406, Accuracy: 75.44%, AUC: 0.83 [VAL] Loss: 0.5101, Accuracy: 75.50%, Precision: 0.71, Recall: 0.82, F1: 0.76, AUC: 0.85
Epoch [81/100] [TRAIN] Loss: 0.5425, Accuracy: 74.91%, AUC: 0.83 [VAL] Loss: 0.5098, Accuracy: 75.40%, Precision: 0.71, Recall: 0.82, F1: 0.76, AUC: 0.85
Epoch [82/100] [TRAIN] Loss: 0.5423, Accuracy: 75.38%, AUC: 0.83 [VAL] Loss: 0.5093, Accuracy: 75.40%, Precision: 0.71, Recall: 0.82, F1: 0.76, AUC: 0.85
Epoch [83/100] [TRAIN] Loss: 0.5408, Accuracy: 75.05%, AUC: 0.83 [VAL] Loss: 0.5090, Accuracy: 75.40%, Precision: 0.71, Recall: 0.82, F1: 0.76, AUC: 0.85
Epoch [84/100] [TRAIN] Loss: 0.5421, Accuracy: 75.15%, AUC: 0.83 [VAL] Loss: 0.5099, Accuracy: 75.40%, Precision: 0.71, Recall: 0.82, F1: 0.76, AUC: 0.85
Epoch [85/100] [TRAIN] Loss: 0.5389, Accuracy: 75.12%, AUC: 0.83 [VAL] Loss: 0.5085, Accuracy: 75.40%, Precision: 0.71, Recall: 0.82, F1: 0.76, AUC: 0.85
Epoch [86/100] [TRAIN] Loss: 0.5439, Accuracy: 74.53%, AUC: 0.83 [VAL] Loss: 0.5088, Accuracy: 75.40%, Precision: 0.71, Recall: 0.82, F1: 0.76, AUC: 0.85
Epoch [87/100] [TRAIN] Loss: 0.5399, Accuracy: 75.31%, AUC: 0.83 [VAL] Loss: 0.5084, Accuracy: 75.30%, Precision: 0.71, Recall: 0.82, F1: 0.76, AUC: 0.85
Epoch [88/100] [TRAIN] Loss: 0.5362, Accuracy: 75.08%, AUC: 0.83 [VAL] Loss: 0.5077, Accuracy: 75.40%, Precision: 0.71, Recall: 0.82, F1: 0.76, AUC: 0.85
Epoch [89/100] [TRAIN] Loss: 0.5400, Accuracy: 75.31%, AUC: 0.83 [VAL] Loss: 0.5079, Accuracy: 75.50%, Precision: 0.71, Recall: 0.82, F1: 0.76, AUC: 0.85
Epoch [90/100] [TRAIN] Loss: 0.5393, Accuracy: 74.83%, AUC: 0.83 [VAL] Loss: 0.5080, Accuracy: 75.40%, Precision: 0.71, Recall: 0.82, F1: 0.76, AUC: 0.85
Epoch [91/100] [TRAIN] Loss: 0.5391, Accuracy: 75.39%, AUC: 0.83 [VAL] Loss: 0.5080, Accuracy: 75.40%, Precision: 0.71, Recall: 0.82, F1: 0.76, AUC: 0.85
Epoch [92/100] [TRAIN] Loss: 0.5390, Accuracy: 75.21%, AUC: 0.83 [VAL] Loss: 0.5080, Accuracy: 75.40%, Precision: 0.71, Recall: 0.82, F1: 0.76, AUC: 0.85
Epoch [93/100] [TRAIN] Loss: 0.5385, Accuracy: 75.22%, AUC: 0.83 [VAL] Loss: 0.5076, Accuracy: 75.40%, Precision: 0.71, Recall: 0.82, F1: 0.76, AUC: 0.85
Epoch [94/100] [TRAIN] Loss: 0.5376, Accuracy: 74.92%, AUC: 0.83 [VAL] Loss: 0.5071, Accuracy: 75.40%, Precision: 0.71, Recall: 0.82, F1: 0.76, AUC: 0.85
Epoch [95/100] [TRAIN] Loss: 0.5373, Accuracy: 75.47%, AUC: 0.83 [VAL] Loss: 0.5070, Accuracy: 75.40%, Precision: 0.71, Recall: 0.82, F1: 0.76, AUC: 0.85
Epoch [96/100] [TRAIN] Loss: 0.5407, Accuracy: 75.15%, AUC: 0.83 [VAL] Loss: 0.5076, Accuracy: 75.30%, Precision: 0.71, Recall: 0.82, F1: 0.76, AUC: 0.85
Epoch [97/100] [TRAIN] Loss: 0.5374, Accuracy: 74.95%, AUC: 0.83 [VAL] Loss: 0.5068, Accuracy: 75.40%, Precision: 0.71, Recall: 0.82, F1: 0.76, AUC: 0.85
Epoch [98/100] [TRAIN] Loss: 0.5383, Accuracy: 75.06%, AUC: 0.83 [VAL] Loss: 0.5069, Accuracy: 75.30%, Precision: 0.71, Recall: 0.82, F1: 0.76, AUC: 0.85
Epoch [99/100] [TRAIN] Loss: 0.5374, Accuracy: 74.70%, AUC: 0.83 [VAL] Loss: 0.5067, Accuracy: 75.40%, Precision: 0.71, Recall: 0.82, F1: 0.76, AUC: 0.85
Epoch [100/100] [TRAIN] Loss: 0.5386, Accuracy: 74.89%, AUC: 0.83 [VAL] Loss: 0.5062, Accuracy: 75.40%, Precision: 0.71, Recall: 0.82, F1: 0.76, AUC: 0.85
  Antisymmetry score (raw):        0.9010
  Antisymmetry score (confident):  1.0000
  Total violations:                99 / 1000
  Pairs near boundary:             162 (16.2%)
  Avg |prob-0.5| at violation:     0.0000

--- Training baselines (LogisticRegression, RandomForest, SVM) ---

  Training LogisticRegression...
  Val accuracy: 74.40%  |  Val AUC: 0.8077

  [LogisticRegression]  Accuracy: 73.50%  AUC: 0.7900  AUCPRC: 0.7687  Precision: 0.7564  Recall: 0.6708  F1: 0.7110  Antisym: 0.7720

  Training RandomForest...
  Val accuracy: 77.90%  |  Val AUC: 0.8597

  [RandomForest]  Accuracy: 76.30%  AUC: 0.8341  AUCPRC: 0.8155  Precision: 0.7836  Recall: 0.7078  F1: 0.7438  Antisym: 0.8280

  Training SVM_Linear...
  Val accuracy: 74.80%  |  Val AUC: 0.8085

  [SVM_Linear]  Accuracy: 73.10%  AUC: 0.7906  AUCPRC: 0.7693  Precision: 0.7529  Recall: 0.6646  F1: 0.7060  Antisym: 0.7670
Seed: 456
=== DirectRanker ===
Accuracy:  73.50 %
AUC:       0.8244
AUCPRC:    0.8059
Precision: 0.7043
Recall:    0.7840
F1-Score:  0.7420
Antisymmetry score:  0.9010  (1.0 = perfect, ~0.5 = random)

Detailed Classification Report:
              precision    recall  f1-score   support

           0       0.77      0.69      0.73       514
           1       0.70      0.78      0.74       486

    accuracy                           0.73      1000
   macro avg       0.74      0.74      0.73      1000
weighted avg       0.74      0.73      0.73      1000


Confusion Matrix:
[[354 160]
 [105 381]]

=== LogisticRegression ===
Accuracy:  73.50 %
AUC:       0.7900
AUCPRC:    0.7687
Precision: 0.7564
Recall:    0.6708
F1-Score:  0.7110
Antisymmetry score:  0.7720
Confusion Matrix:
[[409 105]
 [160 326]]

=== RandomForest ===
Accuracy:  76.30 %
AUC:       0.8341
AUCPRC:    0.8155
Precision: 0.7836
Recall:    0.7078
F1-Score:  0.7438
Antisymmetry score:  0.8280
Confusion Matrix:
[[419  95]
 [142 344]]

=== SVM_Linear ===
Accuracy:  73.10 %
AUC:       0.7906
AUCPRC:    0.7693
Precision: 0.7529
Recall:    0.6646
F1-Score:  0.7060
Antisymmetry score:  0.7670
Confusion Matrix:
[[408 106]
 [163 323]]

Saved combined test metrics: /group/pmc021/amunif/epi-thesis/workflow/16_Pairwise Ranking Healthy Liver/output/combined/donor_3/test/010-H3K9ac-H3K27ac-seed456-test-metrics.csv
Saved combined ROC plot: /group/pmc021/amunif/epi-thesis/workflow/16_Pairwise Ranking Healthy Liver/output/combined/donor_3/img/roc/010-H3K9ac-H3K27ac-seed456-roc-combined.png
Saved combined PRC plot: /group/pmc021/amunif/epi-thesis/workflow/16_Pairwise Ranking Healthy Liver/output/combined/donor_3/img/prc/010-H3K9ac-H3K27ac-seed456-prc-combined.png

Finished 010-H3K9ac-H3K27ac (seed 456)

======================================================================
011-H3K9ac-H3K27me3
======================================================================
Train label distribution:
  Label 0:   4036 (50.4%)
  Label 1:   3964 (49.5%)
Val label distribution:
  Label 0:    528 (52.8%)
  Label 1:    472 (47.2%)
Test label distribution:
  Label 0:    514 (51.4%)
  Label 1:    486 (48.6%)
Saved label distribution: /group/pmc021/amunif/epi-thesis/workflow/16_Pairwise Ranking Healthy Liver/output/combined/donor_3/test/011-H3K9ac-H3K27me3-seed456-label-distribution.csv

--- Training DirectRanker ---
Epoch [1/100] [TRAIN] Loss: 0.6917, Accuracy: 63.12%, AUC: 0.69 [VAL] Loss: 0.6464, Accuracy: 73.60%, Precision: 0.69, Recall: 0.79, F1: 0.74, AUC: 0.82
Epoch [2/100] [TRAIN] Loss: 0.6378, Accuracy: 71.04%, AUC: 0.78 [VAL] Loss: 0.5936, Accuracy: 74.50%, Precision: 0.70, Recall: 0.81, F1: 0.75, AUC: 0.83
Epoch [3/100] [TRAIN] Loss: 0.6063, Accuracy: 73.05%, AUC: 0.80 [VAL] Loss: 0.5667, Accuracy: 74.60%, Precision: 0.70, Recall: 0.81, F1: 0.75, AUC: 0.83
Epoch [4/100] [TRAIN] Loss: 0.5935, Accuracy: 73.10%, AUC: 0.80 [VAL] Loss: 0.5561, Accuracy: 74.40%, Precision: 0.70, Recall: 0.81, F1: 0.75, AUC: 0.83
Epoch [5/100] [TRAIN] Loss: 0.5923, Accuracy: 72.65%, AUC: 0.80 [VAL] Loss: 0.5523, Accuracy: 74.60%, Precision: 0.70, Recall: 0.81, F1: 0.75, AUC: 0.83
Epoch [6/100] [TRAIN] Loss: 0.5921, Accuracy: 72.85%, AUC: 0.80 [VAL] Loss: 0.5507, Accuracy: 74.40%, Precision: 0.70, Recall: 0.81, F1: 0.75, AUC: 0.83
Epoch [7/100] [TRAIN] Loss: 0.5949, Accuracy: 72.26%, AUC: 0.79 [VAL] Loss: 0.5499, Accuracy: 74.70%, Precision: 0.70, Recall: 0.81, F1: 0.75, AUC: 0.83
Epoch [8/100] [TRAIN] Loss: 0.5835, Accuracy: 73.14%, AUC: 0.80 [VAL] Loss: 0.5482, Accuracy: 74.80%, Precision: 0.70, Recall: 0.81, F1: 0.75, AUC: 0.83
Epoch [9/100] [TRAIN] Loss: 0.5845, Accuracy: 73.41%, AUC: 0.80 [VAL] Loss: 0.5475, Accuracy: 74.90%, Precision: 0.70, Recall: 0.82, F1: 0.75, AUC: 0.83
Epoch [10/100] [TRAIN] Loss: 0.5825, Accuracy: 72.65%, AUC: 0.80 [VAL] Loss: 0.5468, Accuracy: 74.90%, Precision: 0.70, Recall: 0.82, F1: 0.75, AUC: 0.83
Epoch [11/100] [TRAIN] Loss: 0.5784, Accuracy: 72.72%, AUC: 0.81 [VAL] Loss: 0.5458, Accuracy: 74.90%, Precision: 0.70, Recall: 0.82, F1: 0.75, AUC: 0.83
Epoch [12/100] [TRAIN] Loss: 0.5804, Accuracy: 72.94%, AUC: 0.80 [VAL] Loss: 0.5452, Accuracy: 74.90%, Precision: 0.70, Recall: 0.82, F1: 0.75, AUC: 0.83
Epoch [13/100] [TRAIN] Loss: 0.5826, Accuracy: 72.89%, AUC: 0.80 [VAL] Loss: 0.5451, Accuracy: 74.90%, Precision: 0.70, Recall: 0.82, F1: 0.75, AUC: 0.83
Epoch [14/100] [TRAIN] Loss: 0.5787, Accuracy: 73.29%, AUC: 0.81 [VAL] Loss: 0.5443, Accuracy: 74.70%, Precision: 0.70, Recall: 0.81, F1: 0.75, AUC: 0.83
Epoch [15/100] [TRAIN] Loss: 0.5800, Accuracy: 72.78%, AUC: 0.80 [VAL] Loss: 0.5437, Accuracy: 74.70%, Precision: 0.70, Recall: 0.81, F1: 0.75, AUC: 0.83
Epoch [16/100] [TRAIN] Loss: 0.5785, Accuracy: 72.81%, AUC: 0.80 [VAL] Loss: 0.5434, Accuracy: 74.70%, Precision: 0.70, Recall: 0.81, F1: 0.75, AUC: 0.83
Epoch [17/100] [TRAIN] Loss: 0.5719, Accuracy: 72.79%, AUC: 0.81 [VAL] Loss: 0.5426, Accuracy: 74.60%, Precision: 0.70, Recall: 0.81, F1: 0.75, AUC: 0.83
Epoch [18/100] [TRAIN] Loss: 0.5778, Accuracy: 72.61%, AUC: 0.80 [VAL] Loss: 0.5422, Accuracy: 74.70%, Precision: 0.70, Recall: 0.81, F1: 0.75, AUC: 0.83
Epoch [19/100] [TRAIN] Loss: 0.5773, Accuracy: 73.21%, AUC: 0.81 [VAL] Loss: 0.5416, Accuracy: 74.50%, Precision: 0.70, Recall: 0.81, F1: 0.75, AUC: 0.83
Epoch [20/100] [TRAIN] Loss: 0.5771, Accuracy: 72.78%, AUC: 0.81 [VAL] Loss: 0.5411, Accuracy: 74.40%, Precision: 0.70, Recall: 0.81, F1: 0.75, AUC: 0.83
Epoch [21/100] [TRAIN] Loss: 0.5766, Accuracy: 73.05%, AUC: 0.81 [VAL] Loss: 0.5409, Accuracy: 74.40%, Precision: 0.70, Recall: 0.81, F1: 0.75, AUC: 0.83
Epoch [22/100] [TRAIN] Loss: 0.5749, Accuracy: 72.72%, AUC: 0.81 [VAL] Loss: 0.5401, Accuracy: 74.40%, Precision: 0.70, Recall: 0.81, F1: 0.75, AUC: 0.83
Epoch [23/100] [TRAIN] Loss: 0.5724, Accuracy: 73.19%, AUC: 0.81 [VAL] Loss: 0.5395, Accuracy: 74.50%, Precision: 0.70, Recall: 0.81, F1: 0.75, AUC: 0.83
Epoch [24/100] [TRAIN] Loss: 0.5743, Accuracy: 73.03%, AUC: 0.81 [VAL] Loss: 0.5392, Accuracy: 74.60%, Precision: 0.70, Recall: 0.81, F1: 0.75, AUC: 0.83
Epoch [25/100] [TRAIN] Loss: 0.5770, Accuracy: 72.70%, AUC: 0.80 [VAL] Loss: 0.5390, Accuracy: 74.70%, Precision: 0.70, Recall: 0.81, F1: 0.75, AUC: 0.83
Epoch [26/100] [TRAIN] Loss: 0.5729, Accuracy: 72.94%, AUC: 0.81 [VAL] Loss: 0.5384, Accuracy: 74.70%, Precision: 0.70, Recall: 0.81, F1: 0.75, AUC: 0.83
Epoch [27/100] [TRAIN] Loss: 0.5758, Accuracy: 72.85%, AUC: 0.81 [VAL] Loss: 0.5384, Accuracy: 74.70%, Precision: 0.70, Recall: 0.81, F1: 0.75, AUC: 0.83
Epoch [28/100] [TRAIN] Loss: 0.5732, Accuracy: 72.70%, AUC: 0.81 [VAL] Loss: 0.5379, Accuracy: 74.70%, Precision: 0.70, Recall: 0.81, F1: 0.75, AUC: 0.83
Epoch [29/100] [TRAIN] Loss: 0.5711, Accuracy: 73.15%, AUC: 0.81 [VAL] Loss: 0.5373, Accuracy: 74.50%, Precision: 0.70, Recall: 0.81, F1: 0.75, AUC: 0.83
Epoch [30/100] [TRAIN] Loss: 0.5717, Accuracy: 72.61%, AUC: 0.81 [VAL] Loss: 0.5370, Accuracy: 74.60%, Precision: 0.70, Recall: 0.81, F1: 0.75, AUC: 0.83
Epoch [31/100] [TRAIN] Loss: 0.5682, Accuracy: 73.53%, AUC: 0.81 [VAL] Loss: 0.5368, Accuracy: 74.60%, Precision: 0.70, Recall: 0.81, F1: 0.75, AUC: 0.83
Epoch [32/100] [TRAIN] Loss: 0.5710, Accuracy: 72.50%, AUC: 0.81 [VAL] Loss: 0.5365, Accuracy: 74.60%, Precision: 0.70, Recall: 0.81, F1: 0.75, AUC: 0.83
Epoch [33/100] [TRAIN] Loss: 0.5694, Accuracy: 73.06%, AUC: 0.81 [VAL] Loss: 0.5360, Accuracy: 74.50%, Precision: 0.70, Recall: 0.81, F1: 0.75, AUC: 0.83
Epoch [34/100] [TRAIN] Loss: 0.5737, Accuracy: 72.69%, AUC: 0.81 [VAL] Loss: 0.5358, Accuracy: 74.50%, Precision: 0.70, Recall: 0.81, F1: 0.75, AUC: 0.83
Epoch [35/100] [TRAIN] Loss: 0.5705, Accuracy: 72.91%, AUC: 0.81 [VAL] Loss: 0.5357, Accuracy: 74.30%, Precision: 0.70, Recall: 0.81, F1: 0.75, AUC: 0.83
Epoch [36/100] [TRAIN] Loss: 0.5667, Accuracy: 73.04%, AUC: 0.81 [VAL] Loss: 0.5351, Accuracy: 74.50%, Precision: 0.70, Recall: 0.81, F1: 0.75, AUC: 0.84
Epoch [37/100] [TRAIN] Loss: 0.5651, Accuracy: 73.09%, AUC: 0.81 [VAL] Loss: 0.5344, Accuracy: 74.40%, Precision: 0.70, Recall: 0.81, F1: 0.75, AUC: 0.84
Epoch [38/100] [TRAIN] Loss: 0.5710, Accuracy: 73.03%, AUC: 0.81 [VAL] Loss: 0.5344, Accuracy: 74.30%, Precision: 0.70, Recall: 0.81, F1: 0.75, AUC: 0.84
Epoch [39/100] [TRAIN] Loss: 0.5712, Accuracy: 73.29%, AUC: 0.81 [VAL] Loss: 0.5342, Accuracy: 74.40%, Precision: 0.70, Recall: 0.81, F1: 0.75, AUC: 0.84
Epoch [40/100] [TRAIN] Loss: 0.5660, Accuracy: 72.95%, AUC: 0.81 [VAL] Loss: 0.5340, Accuracy: 74.50%, Precision: 0.70, Recall: 0.81, F1: 0.75, AUC: 0.84
Epoch [41/100] [TRAIN] Loss: 0.5658, Accuracy: 73.06%, AUC: 0.81 [VAL] Loss: 0.5336, Accuracy: 74.50%, Precision: 0.70, Recall: 0.81, F1: 0.75, AUC: 0.84
Epoch [42/100] [TRAIN] Loss: 0.5645, Accuracy: 72.95%, AUC: 0.81 [VAL] Loss: 0.5333, Accuracy: 74.50%, Precision: 0.70, Recall: 0.81, F1: 0.75, AUC: 0.84
Epoch [43/100] [TRAIN] Loss: 0.5637, Accuracy: 73.39%, AUC: 0.81 [VAL] Loss: 0.5330, Accuracy: 74.50%, Precision: 0.70, Recall: 0.81, F1: 0.75, AUC: 0.84
Epoch [44/100] [TRAIN] Loss: 0.5661, Accuracy: 73.26%, AUC: 0.81 [VAL] Loss: 0.5329, Accuracy: 74.50%, Precision: 0.70, Recall: 0.81, F1: 0.75, AUC: 0.84
Epoch [45/100] [TRAIN] Loss: 0.5621, Accuracy: 73.44%, AUC: 0.81 [VAL] Loss: 0.5324, Accuracy: 74.40%, Precision: 0.70, Recall: 0.81, F1: 0.75, AUC: 0.84
Epoch [46/100] [TRAIN] Loss: 0.5634, Accuracy: 73.35%, AUC: 0.81 [VAL] Loss: 0.5322, Accuracy: 74.40%, Precision: 0.70, Recall: 0.81, F1: 0.75, AUC: 0.84
Epoch [47/100] [TRAIN] Loss: 0.5640, Accuracy: 73.04%, AUC: 0.81 [VAL] Loss: 0.5320, Accuracy: 74.50%, Precision: 0.70, Recall: 0.81, F1: 0.75, AUC: 0.84
Epoch [48/100] [TRAIN] Loss: 0.5665, Accuracy: 72.90%, AUC: 0.81 [VAL] Loss: 0.5321, Accuracy: 74.50%, Precision: 0.70, Recall: 0.81, F1: 0.75, AUC: 0.84
Epoch [49/100] [TRAIN] Loss: 0.5652, Accuracy: 73.51%, AUC: 0.81 [VAL] Loss: 0.5320, Accuracy: 74.50%, Precision: 0.70, Recall: 0.81, F1: 0.75, AUC: 0.84
Epoch [50/100] [TRAIN] Loss: 0.5599, Accuracy: 73.25%, AUC: 0.81 [VAL] Loss: 0.5316, Accuracy: 74.50%, Precision: 0.70, Recall: 0.81, F1: 0.75, AUC: 0.84
Epoch [51/100] [TRAIN] Loss: 0.5622, Accuracy: 73.03%, AUC: 0.81 [VAL] Loss: 0.5311, Accuracy: 74.50%, Precision: 0.70, Recall: 0.81, F1: 0.75, AUC: 0.84
Epoch [52/100] [TRAIN] Loss: 0.5671, Accuracy: 73.06%, AUC: 0.81 [VAL] Loss: 0.5314, Accuracy: 74.60%, Precision: 0.70, Recall: 0.81, F1: 0.75, AUC: 0.84
Epoch [53/100] [TRAIN] Loss: 0.5639, Accuracy: 73.06%, AUC: 0.81 [VAL] Loss: 0.5310, Accuracy: 74.60%, Precision: 0.70, Recall: 0.81, F1: 0.75, AUC: 0.84
Epoch [54/100] [TRAIN] Loss: 0.5602, Accuracy: 73.15%, AUC: 0.81 [VAL] Loss: 0.5306, Accuracy: 74.50%, Precision: 0.70, Recall: 0.81, F1: 0.75, AUC: 0.84
Epoch [55/100] [TRAIN] Loss: 0.5609, Accuracy: 73.26%, AUC: 0.81 [VAL] Loss: 0.5301, Accuracy: 74.60%, Precision: 0.70, Recall: 0.81, F1: 0.75, AUC: 0.84
Epoch [56/100] [TRAIN] Loss: 0.5652, Accuracy: 73.09%, AUC: 0.81 [VAL] Loss: 0.5303, Accuracy: 74.50%, Precision: 0.70, Recall: 0.81, F1: 0.75, AUC: 0.84
Epoch [57/100] [TRAIN] Loss: 0.5633, Accuracy: 73.26%, AUC: 0.81 [VAL] Loss: 0.5300, Accuracy: 74.60%, Precision: 0.70, Recall: 0.81, F1: 0.75, AUC: 0.84
Epoch [58/100] [TRAIN] Loss: 0.5623, Accuracy: 72.95%, AUC: 0.81 [VAL] Loss: 0.5298, Accuracy: 74.60%, Precision: 0.70, Recall: 0.81, F1: 0.75, AUC: 0.84
Epoch [59/100] [TRAIN] Loss: 0.5645, Accuracy: 73.04%, AUC: 0.81 [VAL] Loss: 0.5299, Accuracy: 74.60%, Precision: 0.70, Recall: 0.81, F1: 0.75, AUC: 0.84
Epoch [60/100] [TRAIN] Loss: 0.5628, Accuracy: 73.15%, AUC: 0.81 [VAL] Loss: 0.5296, Accuracy: 74.50%, Precision: 0.70, Recall: 0.81, F1: 0.75, AUC: 0.84
Epoch [61/100] [TRAIN] Loss: 0.5614, Accuracy: 73.29%, AUC: 0.81 [VAL] Loss: 0.5293, Accuracy: 74.50%, Precision: 0.70, Recall: 0.81, F1: 0.75, AUC: 0.84
Epoch [62/100] [TRAIN] Loss: 0.5619, Accuracy: 72.60%, AUC: 0.81 [VAL] Loss: 0.5290, Accuracy: 74.50%, Precision: 0.70, Recall: 0.81, F1: 0.75, AUC: 0.84
Epoch [63/100] [TRAIN] Loss: 0.5591, Accuracy: 73.49%, AUC: 0.81 [VAL] Loss: 0.5287, Accuracy: 74.30%, Precision: 0.70, Recall: 0.81, F1: 0.75, AUC: 0.84
Epoch [64/100] [TRAIN] Loss: 0.5598, Accuracy: 72.75%, AUC: 0.81 [VAL] Loss: 0.5284, Accuracy: 74.30%, Precision: 0.70, Recall: 0.81, F1: 0.75, AUC: 0.84
Epoch [65/100] [TRAIN] Loss: 0.5600, Accuracy: 73.09%, AUC: 0.81 [VAL] Loss: 0.5284, Accuracy: 74.30%, Precision: 0.70, Recall: 0.81, F1: 0.75, AUC: 0.84
Epoch [66/100] [TRAIN] Loss: 0.5575, Accuracy: 73.59%, AUC: 0.82 [VAL] Loss: 0.5280, Accuracy: 74.20%, Precision: 0.69, Recall: 0.81, F1: 0.75, AUC: 0.84
Epoch [67/100] [TRAIN] Loss: 0.5591, Accuracy: 73.51%, AUC: 0.82 [VAL] Loss: 0.5278, Accuracy: 74.20%, Precision: 0.69, Recall: 0.81, F1: 0.75, AUC: 0.84
Epoch [68/100] [TRAIN] Loss: 0.5596, Accuracy: 73.19%, AUC: 0.81 [VAL] Loss: 0.5275, Accuracy: 74.20%, Precision: 0.69, Recall: 0.81, F1: 0.75, AUC: 0.84
Epoch [69/100] [TRAIN] Loss: 0.5564, Accuracy: 73.21%, AUC: 0.82 [VAL] Loss: 0.5273, Accuracy: 74.30%, Precision: 0.70, Recall: 0.81, F1: 0.75, AUC: 0.84
Epoch [70/100] [TRAIN] Loss: 0.5598, Accuracy: 73.44%, AUC: 0.81 [VAL] Loss: 0.5272, Accuracy: 74.30%, Precision: 0.70, Recall: 0.81, F1: 0.75, AUC: 0.84
Epoch [71/100] [TRAIN] Loss: 0.5575, Accuracy: 73.47%, AUC: 0.82 [VAL] Loss: 0.5267, Accuracy: 74.20%, Precision: 0.69, Recall: 0.81, F1: 0.75, AUC: 0.84
Epoch [72/100] [TRAIN] Loss: 0.5582, Accuracy: 73.22%, AUC: 0.82 [VAL] Loss: 0.5267, Accuracy: 74.30%, Precision: 0.70, Recall: 0.81, F1: 0.75, AUC: 0.84
Epoch [73/100] [TRAIN] Loss: 0.5596, Accuracy: 73.26%, AUC: 0.81 [VAL] Loss: 0.5266, Accuracy: 74.30%, Precision: 0.70, Recall: 0.81, F1: 0.75, AUC: 0.84
Epoch [74/100] [TRAIN] Loss: 0.5586, Accuracy: 73.28%, AUC: 0.82 [VAL] Loss: 0.5265, Accuracy: 74.30%, Precision: 0.70, Recall: 0.81, F1: 0.75, AUC: 0.84
Epoch [75/100] [TRAIN] Loss: 0.5586, Accuracy: 72.97%, AUC: 0.81 [VAL] Loss: 0.5262, Accuracy: 74.40%, Precision: 0.70, Recall: 0.81, F1: 0.75, AUC: 0.84
Epoch [76/100] [TRAIN] Loss: 0.5568, Accuracy: 73.17%, AUC: 0.82 [VAL] Loss: 0.5261, Accuracy: 74.30%, Precision: 0.70, Recall: 0.81, F1: 0.75, AUC: 0.84
Epoch [77/100] [TRAIN] Loss: 0.5580, Accuracy: 73.51%, AUC: 0.82 [VAL] Loss: 0.5259, Accuracy: 74.30%, Precision: 0.70, Recall: 0.81, F1: 0.75, AUC: 0.84
Epoch [78/100] [TRAIN] Loss: 0.5579, Accuracy: 73.30%, AUC: 0.82 [VAL] Loss: 0.5255, Accuracy: 74.30%, Precision: 0.70, Recall: 0.81, F1: 0.75, AUC: 0.84
Epoch [79/100] [TRAIN] Loss: 0.5569, Accuracy: 73.40%, AUC: 0.82 [VAL] Loss: 0.5254, Accuracy: 74.20%, Precision: 0.69, Recall: 0.81, F1: 0.75, AUC: 0.84
Epoch [80/100] [TRAIN] Loss: 0.5598, Accuracy: 73.05%, AUC: 0.81 [VAL] Loss: 0.5251, Accuracy: 74.30%, Precision: 0.70, Recall: 0.81, F1: 0.75, AUC: 0.84
Epoch [81/100] [TRAIN] Loss: 0.5595, Accuracy: 73.14%, AUC: 0.81 [VAL] Loss: 0.5252, Accuracy: 74.10%, Precision: 0.69, Recall: 0.81, F1: 0.75, AUC: 0.84
Epoch [82/100] [TRAIN] Loss: 0.5552, Accuracy: 73.64%, AUC: 0.82 [VAL] Loss: 0.5251, Accuracy: 74.10%, Precision: 0.69, Recall: 0.81, F1: 0.75, AUC: 0.84
Epoch [83/100] [TRAIN] Loss: 0.5579, Accuracy: 73.05%, AUC: 0.82 [VAL] Loss: 0.5249, Accuracy: 74.10%, Precision: 0.69, Recall: 0.81, F1: 0.75, AUC: 0.84
Epoch [84/100] [TRAIN] Loss: 0.5564, Accuracy: 73.39%, AUC: 0.82 [VAL] Loss: 0.5246, Accuracy: 74.30%, Precision: 0.70, Recall: 0.81, F1: 0.75, AUC: 0.84
Epoch [85/100] [TRAIN] Loss: 0.5549, Accuracy: 73.55%, AUC: 0.82 [VAL] Loss: 0.5244, Accuracy: 74.20%, Precision: 0.70, Recall: 0.81, F1: 0.75, AUC: 0.84
Epoch [86/100] [TRAIN] Loss: 0.5533, Accuracy: 72.86%, AUC: 0.82 [VAL] Loss: 0.5239, Accuracy: 74.10%, Precision: 0.69, Recall: 0.81, F1: 0.75, AUC: 0.84
Epoch [87/100] [TRAIN] Loss: 0.5554, Accuracy: 73.30%, AUC: 0.82 [VAL] Loss: 0.5238, Accuracy: 74.00%, Precision: 0.69, Recall: 0.81, F1: 0.75, AUC: 0.84
Epoch [88/100] [TRAIN] Loss: 0.5569, Accuracy: 73.56%, AUC: 0.82 [VAL] Loss: 0.5234, Accuracy: 74.20%, Precision: 0.69, Recall: 0.81, F1: 0.75, AUC: 0.84
Epoch [89/100] [TRAIN] Loss: 0.5526, Accuracy: 73.58%, AUC: 0.82 [VAL] Loss: 0.5233, Accuracy: 74.10%, Precision: 0.69, Recall: 0.81, F1: 0.75, AUC: 0.84
Epoch [90/100] [TRAIN] Loss: 0.5566, Accuracy: 73.20%, AUC: 0.82 [VAL] Loss: 0.5234, Accuracy: 74.10%, Precision: 0.69, Recall: 0.81, F1: 0.75, AUC: 0.84
Epoch [91/100] [TRAIN] Loss: 0.5535, Accuracy: 73.61%, AUC: 0.82 [VAL] Loss: 0.5231, Accuracy: 74.10%, Precision: 0.69, Recall: 0.81, F1: 0.75, AUC: 0.84
Epoch [92/100] [TRAIN] Loss: 0.5524, Accuracy: 74.01%, AUC: 0.82 [VAL] Loss: 0.5228, Accuracy: 74.20%, Precision: 0.70, Recall: 0.81, F1: 0.75, AUC: 0.84
Epoch [93/100] [TRAIN] Loss: 0.5537, Accuracy: 73.34%, AUC: 0.82 [VAL] Loss: 0.5225, Accuracy: 74.10%, Precision: 0.69, Recall: 0.81, F1: 0.75, AUC: 0.84
Epoch [94/100] [TRAIN] Loss: 0.5564, Accuracy: 72.96%, AUC: 0.81 [VAL] Loss: 0.5226, Accuracy: 73.90%, Precision: 0.69, Recall: 0.80, F1: 0.74, AUC: 0.84
Epoch [95/100] [TRAIN] Loss: 0.5542, Accuracy: 73.25%, AUC: 0.82 [VAL] Loss: 0.5224, Accuracy: 74.00%, Precision: 0.69, Recall: 0.81, F1: 0.75, AUC: 0.84
Epoch [96/100] [TRAIN] Loss: 0.5567, Accuracy: 73.33%, AUC: 0.82 [VAL] Loss: 0.5224, Accuracy: 74.10%, Precision: 0.69, Recall: 0.81, F1: 0.75, AUC: 0.84
Epoch [97/100] [TRAIN] Loss: 0.5530, Accuracy: 73.54%, AUC: 0.82 [VAL] Loss: 0.5217, Accuracy: 73.90%, Precision: 0.69, Recall: 0.80, F1: 0.74, AUC: 0.84
Epoch [98/100] [TRAIN] Loss: 0.5573, Accuracy: 73.39%, AUC: 0.82 [VAL] Loss: 0.5217, Accuracy: 74.00%, Precision: 0.69, Recall: 0.80, F1: 0.74, AUC: 0.84
Epoch [99/100] [TRAIN] Loss: 0.5559, Accuracy: 73.64%, AUC: 0.82 [VAL] Loss: 0.5217, Accuracy: 74.10%, Precision: 0.69, Recall: 0.81, F1: 0.75, AUC: 0.84
Epoch [100/100] [TRAIN] Loss: 0.5551, Accuracy: 73.49%, AUC: 0.82 [VAL] Loss: 0.5215, Accuracy: 74.40%, Precision: 0.70, Recall: 0.81, F1: 0.75, AUC: 0.84
  Antisymmetry score (raw):        0.9090
  Antisymmetry score (confident):  1.0000
  Total violations:                91 / 1000
  Pairs near boundary:             183 (18.3%)
  Avg |prob-0.5| at violation:     0.0000

--- Training baselines (LogisticRegression, RandomForest, SVM) ---

  Training LogisticRegression...
  Val accuracy: 74.40%  |  Val AUC: 0.8156

  [LogisticRegression]  Accuracy: 71.90%  AUC: 0.7692  AUCPRC: 0.7607  Precision: 0.7335  Recall: 0.6626  F1: 0.6962  Antisym: 0.7730

  Training RandomForest...
  Val accuracy: 75.90%  |  Val AUC: 0.8381

  [RandomForest]  Accuracy: 73.20%  AUC: 0.8072  AUCPRC: 0.7894  Precision: 0.7523  Recall: 0.6687  F1: 0.7081  Antisym: 0.7860

  Training SVM_Linear...
  Val accuracy: 73.90%  |  Val AUC: 0.8135

  [SVM_Linear]  Accuracy: 71.60%  AUC: 0.7683  AUCPRC: 0.7596  Precision: 0.7327  Recall: 0.6543  F1: 0.6913  Antisym: 0.7720
Seed: 456
=== DirectRanker ===
Accuracy:  72.10 %
AUC:       0.8086
AUCPRC:    0.7996
Precision: 0.6906
Recall:    0.7716
F1-Score:  0.7289
Antisymmetry score:  0.9090  (1.0 = perfect, ~0.5 = random)

Detailed Classification Report:
              precision    recall  f1-score   support

           0       0.76      0.67      0.71       514
           1       0.69      0.77      0.73       486

    accuracy                           0.72      1000
   macro avg       0.72      0.72      0.72      1000
weighted avg       0.72      0.72      0.72      1000


Confusion Matrix:
[[346 168]
 [111 375]]

=== LogisticRegression ===
Accuracy:  71.90 %
AUC:       0.7692
AUCPRC:    0.7607
Precision: 0.7335
Recall:    0.6626
F1-Score:  0.6962
Antisymmetry score:  0.7730
Confusion Matrix:
[[397 117]
 [164 322]]

=== RandomForest ===
Accuracy:  73.20 %
AUC:       0.8072
AUCPRC:    0.7894
Precision: 0.7523
Recall:    0.6687
F1-Score:  0.7081
Antisymmetry score:  0.7860
Confusion Matrix:
[[407 107]
 [161 325]]

=== SVM_Linear ===
Accuracy:  71.60 %
AUC:       0.7683
AUCPRC:    0.7596
Precision: 0.7327
Recall:    0.6543
F1-Score:  0.6913
Antisymmetry score:  0.7720
Confusion Matrix:
[[398 116]
 [168 318]]

Saved combined test metrics: /group/pmc021/amunif/epi-thesis/workflow/16_Pairwise Ranking Healthy Liver/output/combined/donor_3/test/011-H3K9ac-H3K27me3-seed456-test-metrics.csv
Saved combined ROC plot: /group/pmc021/amunif/epi-thesis/workflow/16_Pairwise Ranking Healthy Liver/output/combined/donor_3/img/roc/011-H3K9ac-H3K27me3-seed456-roc-combined.png
Saved combined PRC plot: /group/pmc021/amunif/epi-thesis/workflow/16_Pairwise Ranking Healthy Liver/output/combined/donor_3/img/prc/011-H3K9ac-H3K27me3-seed456-prc-combined.png

Finished 011-H3K9ac-H3K27me3 (seed 456)

======================================================================
012-H3K9me3-H3K27ac
======================================================================
Train label distribution:
  Label 0:   4036 (50.4%)
  Label 1:   3964 (49.5%)
Val label distribution:
  Label 0:    528 (52.8%)
  Label 1:    472 (47.2%)
Test label distribution:
  Label 0:    514 (51.4%)
  Label 1:    486 (48.6%)
Saved label distribution: /group/pmc021/amunif/epi-thesis/workflow/16_Pairwise Ranking Healthy Liver/output/combined/donor_3/test/012-H3K9me3-H3K27ac-seed456-label-distribution.csv

--- Training DirectRanker ---
Epoch [1/100] [TRAIN] Loss: 0.6841, Accuracy: 62.56%, AUC: 0.68 [VAL] Loss: 0.5816, Accuracy: 73.30%, Precision: 0.70, Recall: 0.77, F1: 0.73, AUC: 0.82
Epoch [2/100] [TRAIN] Loss: 0.6230, Accuracy: 72.28%, AUC: 0.78 [VAL] Loss: 0.5570, Accuracy: 74.50%, Precision: 0.71, Recall: 0.78, F1: 0.74, AUC: 0.83
Epoch [3/100] [TRAIN] Loss: 0.6106, Accuracy: 72.89%, AUC: 0.79 [VAL] Loss: 0.5488, Accuracy: 74.70%, Precision: 0.71, Recall: 0.79, F1: 0.75, AUC: 0.83
Epoch [4/100] [TRAIN] Loss: 0.6070, Accuracy: 73.24%, AUC: 0.79 [VAL] Loss: 0.5459, Accuracy: 74.80%, Precision: 0.71, Recall: 0.79, F1: 0.75, AUC: 0.83
Epoch [5/100] [TRAIN] Loss: 0.6028, Accuracy: 73.44%, AUC: 0.79 [VAL] Loss: 0.5436, Accuracy: 74.90%, Precision: 0.71, Recall: 0.79, F1: 0.75, AUC: 0.83
Epoch [6/100] [TRAIN] Loss: 0.5940, Accuracy: 72.99%, AUC: 0.80 [VAL] Loss: 0.5400, Accuracy: 74.80%, Precision: 0.71, Recall: 0.79, F1: 0.75, AUC: 0.83
Epoch [7/100] [TRAIN] Loss: 0.5934, Accuracy: 73.49%, AUC: 0.80 [VAL] Loss: 0.5395, Accuracy: 75.00%, Precision: 0.71, Recall: 0.79, F1: 0.75, AUC: 0.83
Epoch [8/100] [TRAIN] Loss: 0.5926, Accuracy: 73.66%, AUC: 0.80 [VAL] Loss: 0.5385, Accuracy: 74.90%, Precision: 0.71, Recall: 0.79, F1: 0.75, AUC: 0.84
Epoch [9/100] [TRAIN] Loss: 0.5919, Accuracy: 73.35%, AUC: 0.80 [VAL] Loss: 0.5374, Accuracy: 74.90%, Precision: 0.71, Recall: 0.79, F1: 0.75, AUC: 0.84
Epoch [10/100] [TRAIN] Loss: 0.5907, Accuracy: 73.66%, AUC: 0.80 [VAL] Loss: 0.5366, Accuracy: 75.20%, Precision: 0.72, Recall: 0.79, F1: 0.75, AUC: 0.84
Epoch [11/100] [TRAIN] Loss: 0.5887, Accuracy: 74.22%, AUC: 0.80 [VAL] Loss: 0.5352, Accuracy: 75.30%, Precision: 0.72, Recall: 0.79, F1: 0.75, AUC: 0.84
Epoch [12/100] [TRAIN] Loss: 0.5867, Accuracy: 74.11%, AUC: 0.80 [VAL] Loss: 0.5349, Accuracy: 75.30%, Precision: 0.72, Recall: 0.79, F1: 0.75, AUC: 0.84
Epoch [13/100] [TRAIN] Loss: 0.5831, Accuracy: 74.14%, AUC: 0.81 [VAL] Loss: 0.5341, Accuracy: 75.40%, Precision: 0.72, Recall: 0.79, F1: 0.75, AUC: 0.84
Epoch [14/100] [TRAIN] Loss: 0.5860, Accuracy: 73.84%, AUC: 0.80 [VAL] Loss: 0.5339, Accuracy: 75.40%, Precision: 0.72, Recall: 0.79, F1: 0.75, AUC: 0.84
Epoch [15/100] [TRAIN] Loss: 0.5853, Accuracy: 73.76%, AUC: 0.80 [VAL] Loss: 0.5336, Accuracy: 75.60%, Precision: 0.72, Recall: 0.79, F1: 0.75, AUC: 0.84
Epoch [16/100] [TRAIN] Loss: 0.5846, Accuracy: 73.09%, AUC: 0.80 [VAL] Loss: 0.5323, Accuracy: 75.60%, Precision: 0.72, Recall: 0.79, F1: 0.75, AUC: 0.84
Epoch [17/100] [TRAIN] Loss: 0.5804, Accuracy: 74.03%, AUC: 0.81 [VAL] Loss: 0.5316, Accuracy: 75.50%, Precision: 0.72, Recall: 0.79, F1: 0.75, AUC: 0.84
Epoch [18/100] [TRAIN] Loss: 0.5806, Accuracy: 73.79%, AUC: 0.81 [VAL] Loss: 0.5316, Accuracy: 75.70%, Precision: 0.72, Recall: 0.80, F1: 0.76, AUC: 0.84
Epoch [19/100] [TRAIN] Loss: 0.5822, Accuracy: 73.96%, AUC: 0.80 [VAL] Loss: 0.5319, Accuracy: 75.40%, Precision: 0.72, Recall: 0.79, F1: 0.75, AUC: 0.84
Epoch [20/100] [TRAIN] Loss: 0.5810, Accuracy: 73.81%, AUC: 0.81 [VAL] Loss: 0.5313, Accuracy: 75.40%, Precision: 0.72, Recall: 0.79, F1: 0.75, AUC: 0.84
Epoch [21/100] [TRAIN] Loss: 0.5720, Accuracy: 73.83%, AUC: 0.81 [VAL] Loss: 0.5291, Accuracy: 75.20%, Precision: 0.72, Recall: 0.79, F1: 0.75, AUC: 0.84
Epoch [22/100] [TRAIN] Loss: 0.5776, Accuracy: 73.79%, AUC: 0.81 [VAL] Loss: 0.5298, Accuracy: 75.30%, Precision: 0.72, Recall: 0.79, F1: 0.75, AUC: 0.84
Epoch [23/100] [TRAIN] Loss: 0.5771, Accuracy: 73.99%, AUC: 0.81 [VAL] Loss: 0.5297, Accuracy: 75.20%, Precision: 0.72, Recall: 0.79, F1: 0.75, AUC: 0.84
Epoch [24/100] [TRAIN] Loss: 0.5783, Accuracy: 74.14%, AUC: 0.81 [VAL] Loss: 0.5291, Accuracy: 75.20%, Precision: 0.72, Recall: 0.79, F1: 0.75, AUC: 0.84
Epoch [25/100] [TRAIN] Loss: 0.5752, Accuracy: 73.74%, AUC: 0.81 [VAL] Loss: 0.5293, Accuracy: 75.30%, Precision: 0.72, Recall: 0.79, F1: 0.75, AUC: 0.84
Epoch [26/100] [TRAIN] Loss: 0.5738, Accuracy: 73.99%, AUC: 0.81 [VAL] Loss: 0.5286, Accuracy: 75.40%, Precision: 0.72, Recall: 0.79, F1: 0.75, AUC: 0.84
Epoch [27/100] [TRAIN] Loss: 0.5744, Accuracy: 74.14%, AUC: 0.81 [VAL] Loss: 0.5280, Accuracy: 75.20%, Precision: 0.72, Recall: 0.79, F1: 0.75, AUC: 0.84
Epoch [28/100] [TRAIN] Loss: 0.5725, Accuracy: 73.80%, AUC: 0.81 [VAL] Loss: 0.5275, Accuracy: 75.20%, Precision: 0.72, Recall: 0.79, F1: 0.75, AUC: 0.84
Epoch [29/100] [TRAIN] Loss: 0.5690, Accuracy: 73.80%, AUC: 0.81 [VAL] Loss: 0.5262, Accuracy: 75.20%, Precision: 0.72, Recall: 0.79, F1: 0.75, AUC: 0.84
Epoch [30/100] [TRAIN] Loss: 0.5713, Accuracy: 74.42%, AUC: 0.81 [VAL] Loss: 0.5265, Accuracy: 75.00%, Precision: 0.71, Recall: 0.79, F1: 0.75, AUC: 0.84
Epoch [31/100] [TRAIN] Loss: 0.5762, Accuracy: 74.01%, AUC: 0.81 [VAL] Loss: 0.5269, Accuracy: 75.00%, Precision: 0.71, Recall: 0.79, F1: 0.75, AUC: 0.84
Epoch [32/100] [TRAIN] Loss: 0.5720, Accuracy: 73.90%, AUC: 0.81 [VAL] Loss: 0.5262, Accuracy: 75.20%, Precision: 0.71, Recall: 0.79, F1: 0.75, AUC: 0.84
Epoch [33/100] [TRAIN] Loss: 0.5734, Accuracy: 73.83%, AUC: 0.81 [VAL] Loss: 0.5265, Accuracy: 75.10%, Precision: 0.71, Recall: 0.79, F1: 0.75, AUC: 0.84
Epoch [34/100] [TRAIN] Loss: 0.5715, Accuracy: 73.84%, AUC: 0.81 [VAL] Loss: 0.5256, Accuracy: 75.10%, Precision: 0.71, Recall: 0.79, F1: 0.75, AUC: 0.84
Epoch [35/100] [TRAIN] Loss: 0.5730, Accuracy: 73.65%, AUC: 0.81 [VAL] Loss: 0.5259, Accuracy: 75.10%, Precision: 0.71, Recall: 0.79, F1: 0.75, AUC: 0.84
Epoch [36/100] [TRAIN] Loss: 0.5724, Accuracy: 74.09%, AUC: 0.81 [VAL] Loss: 0.5253, Accuracy: 75.10%, Precision: 0.71, Recall: 0.79, F1: 0.75, AUC: 0.84
Epoch [37/100] [TRAIN] Loss: 0.5727, Accuracy: 73.55%, AUC: 0.81 [VAL] Loss: 0.5249, Accuracy: 75.10%, Precision: 0.71, Recall: 0.79, F1: 0.75, AUC: 0.84
Epoch [38/100] [TRAIN] Loss: 0.5702, Accuracy: 73.58%, AUC: 0.81 [VAL] Loss: 0.5255, Accuracy: 75.10%, Precision: 0.71, Recall: 0.79, F1: 0.75, AUC: 0.84
Epoch [39/100] [TRAIN] Loss: 0.5703, Accuracy: 74.29%, AUC: 0.81 [VAL] Loss: 0.5252, Accuracy: 75.10%, Precision: 0.71, Recall: 0.79, F1: 0.75, AUC: 0.84
Epoch [40/100] [TRAIN] Loss: 0.5689, Accuracy: 73.97%, AUC: 0.81 [VAL] Loss: 0.5244, Accuracy: 75.10%, Precision: 0.71, Recall: 0.79, F1: 0.75, AUC: 0.84
Epoch [41/100] [TRAIN] Loss: 0.5673, Accuracy: 74.41%, AUC: 0.81 [VAL] Loss: 0.5239, Accuracy: 75.00%, Precision: 0.71, Recall: 0.79, F1: 0.75, AUC: 0.84
Epoch [42/100] [TRAIN] Loss: 0.5706, Accuracy: 73.72%, AUC: 0.81 [VAL] Loss: 0.5240, Accuracy: 75.00%, Precision: 0.71, Recall: 0.79, F1: 0.75, AUC: 0.84
Epoch [43/100] [TRAIN] Loss: 0.5699, Accuracy: 74.29%, AUC: 0.81 [VAL] Loss: 0.5238, Accuracy: 74.90%, Precision: 0.71, Recall: 0.79, F1: 0.75, AUC: 0.84
Epoch [44/100] [TRAIN] Loss: 0.5682, Accuracy: 74.05%, AUC: 0.81 [VAL] Loss: 0.5233, Accuracy: 75.00%, Precision: 0.71, Recall: 0.79, F1: 0.75, AUC: 0.84
Epoch [45/100] [TRAIN] Loss: 0.5679, Accuracy: 74.10%, AUC: 0.81 [VAL] Loss: 0.5238, Accuracy: 75.00%, Precision: 0.71, Recall: 0.79, F1: 0.75, AUC: 0.84
Epoch [46/100] [TRAIN] Loss: 0.5643, Accuracy: 74.41%, AUC: 0.82 [VAL] Loss: 0.5227, Accuracy: 75.00%, Precision: 0.71, Recall: 0.79, F1: 0.75, AUC: 0.84
Epoch [47/100] [TRAIN] Loss: 0.5653, Accuracy: 74.01%, AUC: 0.81 [VAL] Loss: 0.5218, Accuracy: 75.00%, Precision: 0.71, Recall: 0.79, F1: 0.75, AUC: 0.84
Epoch [48/100] [TRAIN] Loss: 0.5657, Accuracy: 73.61%, AUC: 0.81 [VAL] Loss: 0.5222, Accuracy: 75.20%, Precision: 0.71, Recall: 0.79, F1: 0.75, AUC: 0.84
Epoch [49/100] [TRAIN] Loss: 0.5651, Accuracy: 73.66%, AUC: 0.81 [VAL] Loss: 0.5213, Accuracy: 75.20%, Precision: 0.71, Recall: 0.79, F1: 0.75, AUC: 0.84
Epoch [50/100] [TRAIN] Loss: 0.5621, Accuracy: 74.58%, AUC: 0.82 [VAL] Loss: 0.5206, Accuracy: 75.10%, Precision: 0.71, Recall: 0.79, F1: 0.75, AUC: 0.84
Epoch [51/100] [TRAIN] Loss: 0.5662, Accuracy: 74.08%, AUC: 0.81 [VAL] Loss: 0.5211, Accuracy: 75.00%, Precision: 0.71, Recall: 0.79, F1: 0.75, AUC: 0.84
Epoch [52/100] [TRAIN] Loss: 0.5627, Accuracy: 74.49%, AUC: 0.82 [VAL] Loss: 0.5204, Accuracy: 75.20%, Precision: 0.71, Recall: 0.79, F1: 0.75, AUC: 0.85
Epoch [53/100] [TRAIN] Loss: 0.5605, Accuracy: 74.15%, AUC: 0.82 [VAL] Loss: 0.5196, Accuracy: 75.00%, Precision: 0.71, Recall: 0.79, F1: 0.75, AUC: 0.85
Epoch [54/100] [TRAIN] Loss: 0.5650, Accuracy: 74.21%, AUC: 0.81 [VAL] Loss: 0.5202, Accuracy: 75.20%, Precision: 0.71, Recall: 0.79, F1: 0.75, AUC: 0.85
Epoch [55/100] [TRAIN] Loss: 0.5612, Accuracy: 74.10%, AUC: 0.82 [VAL] Loss: 0.5191, Accuracy: 75.10%, Precision: 0.71, Recall: 0.79, F1: 0.75, AUC: 0.85
Epoch [56/100] [TRAIN] Loss: 0.5641, Accuracy: 73.94%, AUC: 0.82 [VAL] Loss: 0.5192, Accuracy: 75.20%, Precision: 0.71, Recall: 0.79, F1: 0.75, AUC: 0.85
Epoch [57/100] [TRAIN] Loss: 0.5618, Accuracy: 74.30%, AUC: 0.82 [VAL] Loss: 0.5189, Accuracy: 75.10%, Precision: 0.71, Recall: 0.79, F1: 0.75, AUC: 0.85
Epoch [58/100] [TRAIN] Loss: 0.5628, Accuracy: 73.72%, AUC: 0.81 [VAL] Loss: 0.5180, Accuracy: 75.10%, Precision: 0.71, Recall: 0.79, F1: 0.75, AUC: 0.85
Epoch [59/100] [TRAIN] Loss: 0.5579, Accuracy: 74.06%, AUC: 0.82 [VAL] Loss: 0.5182, Accuracy: 75.10%, Precision: 0.71, Recall: 0.79, F1: 0.75, AUC: 0.85
Epoch [60/100] [TRAIN] Loss: 0.5612, Accuracy: 73.64%, AUC: 0.82 [VAL] Loss: 0.5177, Accuracy: 75.10%, Precision: 0.71, Recall: 0.79, F1: 0.75, AUC: 0.85
Epoch [61/100] [TRAIN] Loss: 0.5563, Accuracy: 74.80%, AUC: 0.82 [VAL] Loss: 0.5172, Accuracy: 75.00%, Precision: 0.71, Recall: 0.79, F1: 0.75, AUC: 0.85
Epoch [62/100] [TRAIN] Loss: 0.5615, Accuracy: 74.51%, AUC: 0.82 [VAL] Loss: 0.5179, Accuracy: 75.00%, Precision: 0.71, Recall: 0.79, F1: 0.75, AUC: 0.85
Epoch [63/100] [TRAIN] Loss: 0.5584, Accuracy: 74.34%, AUC: 0.82 [VAL] Loss: 0.5173, Accuracy: 75.10%, Precision: 0.71, Recall: 0.79, F1: 0.75, AUC: 0.85
Epoch [64/100] [TRAIN] Loss: 0.5638, Accuracy: 73.91%, AUC: 0.81 [VAL] Loss: 0.5175, Accuracy: 75.00%, Precision: 0.71, Recall: 0.79, F1: 0.75, AUC: 0.85
Epoch [65/100] [TRAIN] Loss: 0.5563, Accuracy: 74.40%, AUC: 0.82 [VAL] Loss: 0.5161, Accuracy: 75.10%, Precision: 0.71, Recall: 0.79, F1: 0.75, AUC: 0.85
Epoch [66/100] [TRAIN] Loss: 0.5590, Accuracy: 74.54%, AUC: 0.82 [VAL] Loss: 0.5155, Accuracy: 75.10%, Precision: 0.71, Recall: 0.79, F1: 0.75, AUC: 0.85
Epoch [67/100] [TRAIN] Loss: 0.5601, Accuracy: 74.04%, AUC: 0.82 [VAL] Loss: 0.5159, Accuracy: 75.10%, Precision: 0.71, Recall: 0.79, F1: 0.75, AUC: 0.85
Epoch [68/100] [TRAIN] Loss: 0.5540, Accuracy: 74.61%, AUC: 0.82 [VAL] Loss: 0.5154, Accuracy: 75.10%, Precision: 0.71, Recall: 0.79, F1: 0.75, AUC: 0.85
Epoch [69/100] [TRAIN] Loss: 0.5591, Accuracy: 73.92%, AUC: 0.82 [VAL] Loss: 0.5155, Accuracy: 75.10%, Precision: 0.71, Recall: 0.79, F1: 0.75, AUC: 0.85
Epoch [70/100] [TRAIN] Loss: 0.5587, Accuracy: 73.67%, AUC: 0.82 [VAL] Loss: 0.5149, Accuracy: 75.10%, Precision: 0.71, Recall: 0.79, F1: 0.75, AUC: 0.85
Epoch [71/100] [TRAIN] Loss: 0.5549, Accuracy: 74.71%, AUC: 0.82 [VAL] Loss: 0.5144, Accuracy: 75.10%, Precision: 0.71, Recall: 0.79, F1: 0.75, AUC: 0.85
Epoch [72/100] [TRAIN] Loss: 0.5550, Accuracy: 74.53%, AUC: 0.82 [VAL] Loss: 0.5142, Accuracy: 75.00%, Precision: 0.71, Recall: 0.79, F1: 0.75, AUC: 0.85
Epoch [73/100] [TRAIN] Loss: 0.5562, Accuracy: 74.61%, AUC: 0.82 [VAL] Loss: 0.5145, Accuracy: 75.10%, Precision: 0.71, Recall: 0.79, F1: 0.75, AUC: 0.85
Epoch [74/100] [TRAIN] Loss: 0.5567, Accuracy: 74.08%, AUC: 0.82 [VAL] Loss: 0.5141, Accuracy: 75.10%, Precision: 0.71, Recall: 0.79, F1: 0.75, AUC: 0.85
Epoch [75/100] [TRAIN] Loss: 0.5554, Accuracy: 74.84%, AUC: 0.82 [VAL] Loss: 0.5139, Accuracy: 75.10%, Precision: 0.71, Recall: 0.79, F1: 0.75, AUC: 0.85
Epoch [76/100] [TRAIN] Loss: 0.5565, Accuracy: 73.84%, AUC: 0.82 [VAL] Loss: 0.5138, Accuracy: 75.10%, Precision: 0.71, Recall: 0.79, F1: 0.75, AUC: 0.85
Epoch [77/100] [TRAIN] Loss: 0.5585, Accuracy: 74.11%, AUC: 0.82 [VAL] Loss: 0.5142, Accuracy: 75.00%, Precision: 0.71, Recall: 0.79, F1: 0.75, AUC: 0.85
Epoch [78/100] [TRAIN] Loss: 0.5558, Accuracy: 73.99%, AUC: 0.82 [VAL] Loss: 0.5126, Accuracy: 75.00%, Precision: 0.71, Recall: 0.79, F1: 0.75, AUC: 0.85
Epoch [79/100] [TRAIN] Loss: 0.5541, Accuracy: 73.95%, AUC: 0.82 [VAL] Loss: 0.5122, Accuracy: 75.00%, Precision: 0.71, Recall: 0.79, F1: 0.75, AUC: 0.85
Epoch [80/100] [TRAIN] Loss: 0.5534, Accuracy: 74.34%, AUC: 0.82 [VAL] Loss: 0.5124, Accuracy: 75.00%, Precision: 0.71, Recall: 0.79, F1: 0.75, AUC: 0.85
Epoch [81/100] [TRAIN] Loss: 0.5539, Accuracy: 74.17%, AUC: 0.82 [VAL] Loss: 0.5121, Accuracy: 75.10%, Precision: 0.71, Recall: 0.79, F1: 0.75, AUC: 0.85
Epoch [82/100] [TRAIN] Loss: 0.5518, Accuracy: 74.34%, AUC: 0.82 [VAL] Loss: 0.5117, Accuracy: 75.00%, Precision: 0.71, Recall: 0.79, F1: 0.75, AUC: 0.85
Epoch [83/100] [TRAIN] Loss: 0.5535, Accuracy: 74.15%, AUC: 0.82 [VAL] Loss: 0.5117, Accuracy: 75.00%, Precision: 0.71, Recall: 0.79, F1: 0.75, AUC: 0.85
Epoch [84/100] [TRAIN] Loss: 0.5529, Accuracy: 74.09%, AUC: 0.82 [VAL] Loss: 0.5113, Accuracy: 75.10%, Precision: 0.71, Recall: 0.79, F1: 0.75, AUC: 0.85
Epoch [85/100] [TRAIN] Loss: 0.5553, Accuracy: 73.60%, AUC: 0.82 [VAL] Loss: 0.5111, Accuracy: 75.00%, Precision: 0.71, Recall: 0.79, F1: 0.75, AUC: 0.85
Epoch [86/100] [TRAIN] Loss: 0.5538, Accuracy: 74.69%, AUC: 0.82 [VAL] Loss: 0.5116, Accuracy: 74.90%, Precision: 0.71, Recall: 0.79, F1: 0.75, AUC: 0.85
Epoch [87/100] [TRAIN] Loss: 0.5540, Accuracy: 74.15%, AUC: 0.82 [VAL] Loss: 0.5110, Accuracy: 75.00%, Precision: 0.71, Recall: 0.79, F1: 0.75, AUC: 0.85
Epoch [88/100] [TRAIN] Loss: 0.5547, Accuracy: 73.74%, AUC: 0.82 [VAL] Loss: 0.5111, Accuracy: 75.00%, Precision: 0.71, Recall: 0.79, F1: 0.75, AUC: 0.85
Epoch [89/100] [TRAIN] Loss: 0.5534, Accuracy: 74.12%, AUC: 0.82 [VAL] Loss: 0.5102, Accuracy: 75.10%, Precision: 0.71, Recall: 0.79, F1: 0.75, AUC: 0.85
Epoch [90/100] [TRAIN] Loss: 0.5526, Accuracy: 74.20%, AUC: 0.82 [VAL] Loss: 0.5103, Accuracy: 75.00%, Precision: 0.71, Recall: 0.79, F1: 0.75, AUC: 0.85
Epoch [91/100] [TRAIN] Loss: 0.5539, Accuracy: 74.25%, AUC: 0.82 [VAL] Loss: 0.5103, Accuracy: 75.10%, Precision: 0.71, Recall: 0.79, F1: 0.75, AUC: 0.85
Epoch [92/100] [TRAIN] Loss: 0.5526, Accuracy: 74.21%, AUC: 0.82 [VAL] Loss: 0.5100, Accuracy: 75.00%, Precision: 0.71, Recall: 0.79, F1: 0.75, AUC: 0.85
Epoch [93/100] [TRAIN] Loss: 0.5477, Accuracy: 74.10%, AUC: 0.82 [VAL] Loss: 0.5086, Accuracy: 75.00%, Precision: 0.71, Recall: 0.79, F1: 0.75, AUC: 0.85
Epoch [94/100] [TRAIN] Loss: 0.5502, Accuracy: 74.39%, AUC: 0.82 [VAL] Loss: 0.5088, Accuracy: 75.00%, Precision: 0.71, Recall: 0.79, F1: 0.75, AUC: 0.85
Epoch [95/100] [TRAIN] Loss: 0.5511, Accuracy: 73.91%, AUC: 0.82 [VAL] Loss: 0.5085, Accuracy: 75.00%, Precision: 0.71, Recall: 0.79, F1: 0.75, AUC: 0.85
Epoch [96/100] [TRAIN] Loss: 0.5526, Accuracy: 73.95%, AUC: 0.82 [VAL] Loss: 0.5088, Accuracy: 75.00%, Precision: 0.71, Recall: 0.79, F1: 0.75, AUC: 0.85
Epoch [97/100] [TRAIN] Loss: 0.5514, Accuracy: 74.53%, AUC: 0.82 [VAL] Loss: 0.5080, Accuracy: 75.00%, Precision: 0.71, Recall: 0.79, F1: 0.75, AUC: 0.85
Epoch [98/100] [TRAIN] Loss: 0.5515, Accuracy: 74.28%, AUC: 0.82 [VAL] Loss: 0.5079, Accuracy: 75.00%, Precision: 0.71, Recall: 0.79, F1: 0.75, AUC: 0.85
Epoch [99/100] [TRAIN] Loss: 0.5494, Accuracy: 74.15%, AUC: 0.82 [VAL] Loss: 0.5076, Accuracy: 75.10%, Precision: 0.71, Recall: 0.79, F1: 0.75, AUC: 0.85
Epoch [100/100] [TRAIN] Loss: 0.5492, Accuracy: 74.46%, AUC: 0.82 [VAL] Loss: 0.5073, Accuracy: 75.00%, Precision: 0.71, Recall: 0.79, F1: 0.75, AUC: 0.85
  Antisymmetry score (raw):        0.9090
  Antisymmetry score (confident):  1.0000
  Total violations:                91 / 1000
  Pairs near boundary:             177 (17.7%)
  Avg |prob-0.5| at violation:     0.0000

--- Training baselines (LogisticRegression, RandomForest, SVM) ---

  Training LogisticRegression...
  Val accuracy: 74.90%  |  Val AUC: 0.7999

  [LogisticRegression]  Accuracy: 73.60%  AUC: 0.7793  AUCPRC: 0.7428  Precision: 0.7618  Recall: 0.6646  F1: 0.7099  Antisym: 0.8150

  Training RandomForest...
  Val accuracy: 77.20%  |  Val AUC: 0.8570

  [RandomForest]  Accuracy: 76.00%  AUC: 0.8332  AUCPRC: 0.8147  Precision: 0.7795  Recall: 0.7058  F1: 0.7408  Antisym: 0.8190

  Training SVM_Linear...
  Val accuracy: 73.70%  |  Val AUC: 0.7966

  [SVM_Linear]  Accuracy: 73.60%  AUC: 0.7794  AUCPRC: 0.7365  Precision: 0.7707  Recall: 0.6502  F1: 0.7054  Antisym: 0.7880
Seed: 456
=== DirectRanker ===
Accuracy:  72.50 %
AUC:       0.8192
AUCPRC:    0.8016
Precision: 0.6957
Recall:    0.7716
F1-Score:  0.7317
Antisymmetry score:  0.9090  (1.0 = perfect, ~0.5 = random)

Detailed Classification Report:
              precision    recall  f1-score   support

           0       0.76      0.68      0.72       514
           1       0.70      0.77      0.73       486

    accuracy                           0.72      1000
   macro avg       0.73      0.73      0.72      1000
weighted avg       0.73      0.72      0.72      1000


Confusion Matrix:
[[350 164]
 [111 375]]

=== LogisticRegression ===
Accuracy:  73.60 %
AUC:       0.7793
AUCPRC:    0.7428
Precision: 0.7618
Recall:    0.6646
F1-Score:  0.7099
Antisymmetry score:  0.8150
Confusion Matrix:
[[413 101]
 [163 323]]

=== RandomForest ===
Accuracy:  76.00 %
AUC:       0.8332
AUCPRC:    0.8147
Precision: 0.7795
Recall:    0.7058
F1-Score:  0.7408
Antisymmetry score:  0.8190
Confusion Matrix:
[[417  97]
 [143 343]]

=== SVM_Linear ===
Accuracy:  73.60 %
AUC:       0.7794
AUCPRC:    0.7365
Precision: 0.7707
Recall:    0.6502
F1-Score:  0.7054
Antisymmetry score:  0.7880
Confusion Matrix:
[[420  94]
 [170 316]]

Saved combined test metrics: /group/pmc021/amunif/epi-thesis/workflow/16_Pairwise Ranking Healthy Liver/output/combined/donor_3/test/012-H3K9me3-H3K27ac-seed456-test-metrics.csv
Saved combined ROC plot: /group/pmc021/amunif/epi-thesis/workflow/16_Pairwise Ranking Healthy Liver/output/combined/donor_3/img/roc/012-H3K9me3-H3K27ac-seed456-roc-combined.png
Saved combined PRC plot: /group/pmc021/amunif/epi-thesis/workflow/16_Pairwise Ranking Healthy Liver/output/combined/donor_3/img/prc/012-H3K9me3-H3K27ac-seed456-prc-combined.png

Finished 012-H3K9me3-H3K27ac (seed 456)

======================================================================
013-H3K9me3-H3K27me3
======================================================================
Train label distribution:
  Label 0:   4036 (50.4%)
  Label 1:   3964 (49.5%)
Val label distribution:
  Label 0:    528 (52.8%)
  Label 1:    472 (47.2%)
Test label distribution:
  Label 0:    514 (51.4%)
  Label 1:    486 (48.6%)
Saved label distribution: /group/pmc021/amunif/epi-thesis/workflow/16_Pairwise Ranking Healthy Liver/output/combined/donor_3/test/013-H3K9me3-H3K27me3-seed456-label-distribution.csv

--- Training DirectRanker ---
Epoch [1/100] [TRAIN] Loss: 0.7268, Accuracy: 47.84%, AUC: 0.46 [VAL] Loss: 0.7209, Accuracy: 48.70%, Precision: 0.48, Recall: 0.84, F1: 0.61, AUC: 0.50
Epoch [2/100] [TRAIN] Loss: 0.7228, Accuracy: 49.77%, AUC: 0.50 [VAL] Loss: 0.7173, Accuracy: 50.70%, Precision: 0.49, Recall: 0.87, F1: 0.62, AUC: 0.54
Epoch [3/100] [TRAIN] Loss: 0.7200, Accuracy: 51.31%, AUC: 0.52 [VAL] Loss: 0.7142, Accuracy: 53.00%, Precision: 0.50, Recall: 0.89, F1: 0.64, AUC: 0.58
Epoch [4/100] [TRAIN] Loss: 0.7170, Accuracy: 52.61%, AUC: 0.54 [VAL] Loss: 0.7115, Accuracy: 53.90%, Precision: 0.51, Recall: 0.90, F1: 0.65, AUC: 0.60
Epoch [5/100] [TRAIN] Loss: 0.7159, Accuracy: 52.69%, AUC: 0.55 [VAL] Loss: 0.7090, Accuracy: 54.50%, Precision: 0.51, Recall: 0.91, F1: 0.65, AUC: 0.61
Epoch [6/100] [TRAIN] Loss: 0.7129, Accuracy: 53.40%, AUC: 0.57 [VAL] Loss: 0.7067, Accuracy: 55.30%, Precision: 0.51, Recall: 0.92, F1: 0.66, AUC: 0.62
Epoch [7/100] [TRAIN] Loss: 0.7119, Accuracy: 53.33%, AUC: 0.57 [VAL] Loss: 0.7048, Accuracy: 55.50%, Precision: 0.52, Recall: 0.92, F1: 0.66, AUC: 0.62
Epoch [8/100] [TRAIN] Loss: 0.7091, Accuracy: 55.83%, AUC: 0.59 [VAL] Loss: 0.7028, Accuracy: 56.00%, Precision: 0.52, Recall: 0.93, F1: 0.67, AUC: 0.63
Epoch [9/100] [TRAIN] Loss: 0.7074, Accuracy: 55.27%, AUC: 0.59 [VAL] Loss: 0.7011, Accuracy: 55.80%, Precision: 0.52, Recall: 0.93, F1: 0.66, AUC: 0.62
Epoch [10/100] [TRAIN] Loss: 0.7061, Accuracy: 54.83%, AUC: 0.59 [VAL] Loss: 0.6997, Accuracy: 55.80%, Precision: 0.52, Recall: 0.93, F1: 0.66, AUC: 0.62
Epoch [11/100] [TRAIN] Loss: 0.7051, Accuracy: 55.51%, AUC: 0.60 [VAL] Loss: 0.6984, Accuracy: 55.90%, Precision: 0.52, Recall: 0.93, F1: 0.66, AUC: 0.63
Epoch [12/100] [TRAIN] Loss: 0.7031, Accuracy: 55.88%, AUC: 0.60 [VAL] Loss: 0.6973, Accuracy: 55.80%, Precision: 0.52, Recall: 0.92, F1: 0.66, AUC: 0.62
Epoch [13/100] [TRAIN] Loss: 0.7033, Accuracy: 55.96%, AUC: 0.60 [VAL] Loss: 0.6963, Accuracy: 55.80%, Precision: 0.52, Recall: 0.92, F1: 0.66, AUC: 0.62
Epoch [14/100] [TRAIN] Loss: 0.7016, Accuracy: 56.38%, AUC: 0.61 [VAL] Loss: 0.6953, Accuracy: 55.90%, Precision: 0.52, Recall: 0.92, F1: 0.66, AUC: 0.63
Epoch [15/100] [TRAIN] Loss: 0.7017, Accuracy: 56.58%, AUC: 0.61 [VAL] Loss: 0.6946, Accuracy: 55.90%, Precision: 0.52, Recall: 0.92, F1: 0.66, AUC: 0.63
Epoch [16/100] [TRAIN] Loss: 0.7008, Accuracy: 55.70%, AUC: 0.60 [VAL] Loss: 0.6939, Accuracy: 55.70%, Precision: 0.52, Recall: 0.92, F1: 0.66, AUC: 0.62
Epoch [17/100] [TRAIN] Loss: 0.7017, Accuracy: 56.30%, AUC: 0.60 [VAL] Loss: 0.6934, Accuracy: 55.70%, Precision: 0.52, Recall: 0.92, F1: 0.66, AUC: 0.62
Epoch [18/100] [TRAIN] Loss: 0.7007, Accuracy: 56.01%, AUC: 0.61 [VAL] Loss: 0.6930, Accuracy: 55.70%, Precision: 0.52, Recall: 0.92, F1: 0.66, AUC: 0.62
Epoch [19/100] [TRAIN] Loss: 0.6984, Accuracy: 55.66%, AUC: 0.61 [VAL] Loss: 0.6925, Accuracy: 55.70%, Precision: 0.52, Recall: 0.92, F1: 0.66, AUC: 0.62
Epoch [20/100] [TRAIN] Loss: 0.7001, Accuracy: 56.49%, AUC: 0.61 [VAL] Loss: 0.6922, Accuracy: 55.70%, Precision: 0.52, Recall: 0.92, F1: 0.66, AUC: 0.62
Epoch [21/100] [TRAIN] Loss: 0.7002, Accuracy: 55.74%, AUC: 0.60 [VAL] Loss: 0.6919, Accuracy: 55.70%, Precision: 0.52, Recall: 0.92, F1: 0.66, AUC: 0.62
Epoch [22/100] [TRAIN] Loss: 0.6996, Accuracy: 55.46%, AUC: 0.60 [VAL] Loss: 0.6917, Accuracy: 55.70%, Precision: 0.52, Recall: 0.92, F1: 0.66, AUC: 0.62
Epoch [23/100] [TRAIN] Loss: 0.6981, Accuracy: 55.90%, AUC: 0.61 [VAL] Loss: 0.6914, Accuracy: 55.70%, Precision: 0.52, Recall: 0.92, F1: 0.66, AUC: 0.62
Epoch [24/100] [TRAIN] Loss: 0.6967, Accuracy: 56.76%, AUC: 0.61 [VAL] Loss: 0.6912, Accuracy: 55.70%, Precision: 0.52, Recall: 0.92, F1: 0.66, AUC: 0.62
Epoch [25/100] [TRAIN] Loss: 0.6996, Accuracy: 55.65%, AUC: 0.60 [VAL] Loss: 0.6910, Accuracy: 55.70%, Precision: 0.52, Recall: 0.92, F1: 0.66, AUC: 0.62
Epoch [26/100] [TRAIN] Loss: 0.6980, Accuracy: 56.55%, AUC: 0.61 [VAL] Loss: 0.6909, Accuracy: 55.70%, Precision: 0.52, Recall: 0.92, F1: 0.66, AUC: 0.62
Epoch [27/100] [TRAIN] Loss: 0.6979, Accuracy: 56.20%, AUC: 0.61 [VAL] Loss: 0.6908, Accuracy: 55.70%, Precision: 0.52, Recall: 0.92, F1: 0.66, AUC: 0.62
Epoch [28/100] [TRAIN] Loss: 0.6983, Accuracy: 56.04%, AUC: 0.61 [VAL] Loss: 0.6907, Accuracy: 55.70%, Precision: 0.52, Recall: 0.92, F1: 0.66, AUC: 0.62
Epoch [29/100] [TRAIN] Loss: 0.6967, Accuracy: 56.67%, AUC: 0.62 [VAL] Loss: 0.6906, Accuracy: 55.70%, Precision: 0.52, Recall: 0.92, F1: 0.66, AUC: 0.62
Epoch [30/100] [TRAIN] Loss: 0.6981, Accuracy: 57.92%, AUC: 0.63 [VAL] Loss: 0.6905, Accuracy: 55.70%, Precision: 0.52, Recall: 0.92, F1: 0.66, AUC: 0.62
Epoch [31/100] [TRAIN] Loss: 0.6979, Accuracy: 55.90%, AUC: 0.61 [VAL] Loss: 0.6904, Accuracy: 55.70%, Precision: 0.52, Recall: 0.92, F1: 0.66, AUC: 0.62
Epoch [32/100] [TRAIN] Loss: 0.6965, Accuracy: 57.06%, AUC: 0.61 [VAL] Loss: 0.6903, Accuracy: 55.70%, Precision: 0.52, Recall: 0.92, F1: 0.66, AUC: 0.62
Epoch [33/100] [TRAIN] Loss: 0.6977, Accuracy: 55.81%, AUC: 0.61 [VAL] Loss: 0.6902, Accuracy: 55.70%, Precision: 0.52, Recall: 0.92, F1: 0.66, AUC: 0.62
Epoch [34/100] [TRAIN] Loss: 0.6975, Accuracy: 56.09%, AUC: 0.61 [VAL] Loss: 0.6901, Accuracy: 55.70%, Precision: 0.52, Recall: 0.92, F1: 0.66, AUC: 0.62
Epoch [35/100] [TRAIN] Loss: 0.6956, Accuracy: 56.21%, AUC: 0.61 [VAL] Loss: 0.6900, Accuracy: 55.70%, Precision: 0.52, Recall: 0.92, F1: 0.66, AUC: 0.62
Epoch [36/100] [TRAIN] Loss: 0.6976, Accuracy: 56.05%, AUC: 0.61 [VAL] Loss: 0.6900, Accuracy: 55.70%, Precision: 0.52, Recall: 0.92, F1: 0.66, AUC: 0.62
Epoch [37/100] [TRAIN] Loss: 0.6945, Accuracy: 56.46%, AUC: 0.61 [VAL] Loss: 0.6899, Accuracy: 55.70%, Precision: 0.52, Recall: 0.92, F1: 0.66, AUC: 0.62
Epoch [38/100] [TRAIN] Loss: 0.6959, Accuracy: 56.27%, AUC: 0.61 [VAL] Loss: 0.6898, Accuracy: 55.70%, Precision: 0.52, Recall: 0.92, F1: 0.66, AUC: 0.62
Epoch [39/100] [TRAIN] Loss: 0.6965, Accuracy: 56.21%, AUC: 0.61 [VAL] Loss: 0.6898, Accuracy: 55.70%, Precision: 0.52, Recall: 0.92, F1: 0.66, AUC: 0.62
Epoch [40/100] [TRAIN] Loss: 0.6966, Accuracy: 56.14%, AUC: 0.61 [VAL] Loss: 0.6897, Accuracy: 55.70%, Precision: 0.52, Recall: 0.92, F1: 0.66, AUC: 0.62
Epoch [41/100] [TRAIN] Loss: 0.6962, Accuracy: 56.44%, AUC: 0.61 [VAL] Loss: 0.6896, Accuracy: 55.70%, Precision: 0.52, Recall: 0.92, F1: 0.66, AUC: 0.62
Epoch [42/100] [TRAIN] Loss: 0.6959, Accuracy: 56.84%, AUC: 0.62 [VAL] Loss: 0.6896, Accuracy: 55.70%, Precision: 0.52, Recall: 0.92, F1: 0.66, AUC: 0.62
Epoch [43/100] [TRAIN] Loss: 0.6958, Accuracy: 56.76%, AUC: 0.61 [VAL] Loss: 0.6895, Accuracy: 55.70%, Precision: 0.52, Recall: 0.92, F1: 0.66, AUC: 0.62
Epoch [44/100] [TRAIN] Loss: 0.6953, Accuracy: 55.96%, AUC: 0.61 [VAL] Loss: 0.6895, Accuracy: 55.70%, Precision: 0.52, Recall: 0.92, F1: 0.66, AUC: 0.62
Epoch [45/100] [TRAIN] Loss: 0.6940, Accuracy: 56.61%, AUC: 0.61 [VAL] Loss: 0.6894, Accuracy: 55.70%, Precision: 0.52, Recall: 0.92, F1: 0.66, AUC: 0.62
Epoch [46/100] [TRAIN] Loss: 0.6948, Accuracy: 57.56%, AUC: 0.62 [VAL] Loss: 0.6893, Accuracy: 55.70%, Precision: 0.52, Recall: 0.92, F1: 0.66, AUC: 0.62
Epoch [47/100] [TRAIN] Loss: 0.6947, Accuracy: 57.27%, AUC: 0.62 [VAL] Loss: 0.6893, Accuracy: 55.70%, Precision: 0.52, Recall: 0.92, F1: 0.66, AUC: 0.62
Epoch [48/100] [TRAIN] Loss: 0.6960, Accuracy: 56.92%, AUC: 0.61 [VAL] Loss: 0.6892, Accuracy: 55.70%, Precision: 0.52, Recall: 0.92, F1: 0.66, AUC: 0.62
Epoch [49/100] [TRAIN] Loss: 0.6957, Accuracy: 56.26%, AUC: 0.61 [VAL] Loss: 0.6892, Accuracy: 55.70%, Precision: 0.52, Recall: 0.92, F1: 0.66, AUC: 0.62
Epoch [50/100] [TRAIN] Loss: 0.6943, Accuracy: 57.70%, AUC: 0.63 [VAL] Loss: 0.6891, Accuracy: 55.70%, Precision: 0.52, Recall: 0.92, F1: 0.66, AUC: 0.62
Epoch [51/100] [TRAIN] Loss: 0.6949, Accuracy: 56.15%, AUC: 0.61 [VAL] Loss: 0.6891, Accuracy: 55.70%, Precision: 0.52, Recall: 0.92, F1: 0.66, AUC: 0.62
Epoch [52/100] [TRAIN] Loss: 0.6957, Accuracy: 56.98%, AUC: 0.61 [VAL] Loss: 0.6891, Accuracy: 55.70%, Precision: 0.52, Recall: 0.92, F1: 0.66, AUC: 0.62
Epoch [53/100] [TRAIN] Loss: 0.6943, Accuracy: 56.71%, AUC: 0.61 [VAL] Loss: 0.6890, Accuracy: 55.70%, Precision: 0.52, Recall: 0.92, F1: 0.66, AUC: 0.62
Epoch [54/100] [TRAIN] Loss: 0.6944, Accuracy: 56.11%, AUC: 0.61 [VAL] Loss: 0.6890, Accuracy: 55.70%, Precision: 0.52, Recall: 0.92, F1: 0.66, AUC: 0.62
Epoch [55/100] [TRAIN] Loss: 0.6942, Accuracy: 56.59%, AUC: 0.61 [VAL] Loss: 0.6889, Accuracy: 55.70%, Precision: 0.52, Recall: 0.92, F1: 0.66, AUC: 0.62
Epoch [56/100] [TRAIN] Loss: 0.6950, Accuracy: 56.26%, AUC: 0.61 [VAL] Loss: 0.6888, Accuracy: 55.70%, Precision: 0.52, Recall: 0.92, F1: 0.66, AUC: 0.62
Epoch [57/100] [TRAIN] Loss: 0.6952, Accuracy: 55.94%, AUC: 0.61 [VAL] Loss: 0.6888, Accuracy: 55.70%, Precision: 0.52, Recall: 0.92, F1: 0.66, AUC: 0.62
Epoch [58/100] [TRAIN] Loss: 0.6945, Accuracy: 56.31%, AUC: 0.61 [VAL] Loss: 0.6888, Accuracy: 55.70%, Precision: 0.52, Recall: 0.92, F1: 0.66, AUC: 0.62
Epoch [59/100] [TRAIN] Loss: 0.6951, Accuracy: 56.45%, AUC: 0.61 [VAL] Loss: 0.6887, Accuracy: 55.70%, Precision: 0.52, Recall: 0.92, F1: 0.66, AUC: 0.62
Epoch [60/100] [TRAIN] Loss: 0.6953, Accuracy: 56.05%, AUC: 0.61 [VAL] Loss: 0.6887, Accuracy: 55.70%, Precision: 0.52, Recall: 0.92, F1: 0.66, AUC: 0.62
Epoch [61/100] [TRAIN] Loss: 0.6933, Accuracy: 56.91%, AUC: 0.62 [VAL] Loss: 0.6887, Accuracy: 55.70%, Precision: 0.52, Recall: 0.92, F1: 0.66, AUC: 0.62
Epoch [62/100] [TRAIN] Loss: 0.6946, Accuracy: 56.88%, AUC: 0.61 [VAL] Loss: 0.6886, Accuracy: 55.70%, Precision: 0.52, Recall: 0.92, F1: 0.66, AUC: 0.62
Epoch [63/100] [TRAIN] Loss: 0.6933, Accuracy: 57.10%, AUC: 0.62 [VAL] Loss: 0.6886, Accuracy: 55.70%, Precision: 0.52, Recall: 0.92, F1: 0.66, AUC: 0.62
Epoch [64/100] [TRAIN] Loss: 0.6927, Accuracy: 56.73%, AUC: 0.62 [VAL] Loss: 0.6885, Accuracy: 55.70%, Precision: 0.52, Recall: 0.92, F1: 0.66, AUC: 0.62
Epoch [65/100] [TRAIN] Loss: 0.6946, Accuracy: 56.96%, AUC: 0.61 [VAL] Loss: 0.6885, Accuracy: 55.70%, Precision: 0.52, Recall: 0.92, F1: 0.66, AUC: 0.62
Epoch [66/100] [TRAIN] Loss: 0.6935, Accuracy: 56.34%, AUC: 0.61 [VAL] Loss: 0.6885, Accuracy: 55.70%, Precision: 0.52, Recall: 0.92, F1: 0.66, AUC: 0.62
Epoch [67/100] [TRAIN] Loss: 0.6937, Accuracy: 57.02%, AUC: 0.62 [VAL] Loss: 0.6884, Accuracy: 55.70%, Precision: 0.52, Recall: 0.92, F1: 0.66, AUC: 0.62
Epoch [68/100] [TRAIN] Loss: 0.6945, Accuracy: 57.04%, AUC: 0.61 [VAL] Loss: 0.6884, Accuracy: 55.70%, Precision: 0.52, Recall: 0.92, F1: 0.66, AUC: 0.62
Epoch [69/100] [TRAIN] Loss: 0.6935, Accuracy: 55.88%, AUC: 0.61 [VAL] Loss: 0.6883, Accuracy: 55.70%, Precision: 0.52, Recall: 0.92, F1: 0.66, AUC: 0.62
Epoch [70/100] [TRAIN] Loss: 0.6941, Accuracy: 56.88%, AUC: 0.61 [VAL] Loss: 0.6883, Accuracy: 55.70%, Precision: 0.52, Recall: 0.92, F1: 0.66, AUC: 0.62
Epoch [71/100] [TRAIN] Loss: 0.6935, Accuracy: 55.62%, AUC: 0.61 [VAL] Loss: 0.6882, Accuracy: 55.70%, Precision: 0.52, Recall: 0.92, F1: 0.66, AUC: 0.62
Epoch [72/100] [TRAIN] Loss: 0.6945, Accuracy: 56.42%, AUC: 0.61 [VAL] Loss: 0.6882, Accuracy: 55.70%, Precision: 0.52, Recall: 0.92, F1: 0.66, AUC: 0.62
Epoch [73/100] [TRAIN] Loss: 0.6920, Accuracy: 57.26%, AUC: 0.62 [VAL] Loss: 0.6881, Accuracy: 55.70%, Precision: 0.52, Recall: 0.92, F1: 0.66, AUC: 0.62
Epoch [74/100] [TRAIN] Loss: 0.6934, Accuracy: 56.92%, AUC: 0.61 [VAL] Loss: 0.6880, Accuracy: 55.70%, Precision: 0.52, Recall: 0.92, F1: 0.66, AUC: 0.62
Epoch [75/100] [TRAIN] Loss: 0.6925, Accuracy: 56.69%, AUC: 0.62 [VAL] Loss: 0.6880, Accuracy: 55.70%, Precision: 0.52, Recall: 0.92, F1: 0.66, AUC: 0.62
Epoch [76/100] [TRAIN] Loss: 0.6919, Accuracy: 56.49%, AUC: 0.61 [VAL] Loss: 0.6880, Accuracy: 55.70%, Precision: 0.52, Recall: 0.92, F1: 0.66, AUC: 0.62
Epoch [77/100] [TRAIN] Loss: 0.6921, Accuracy: 57.26%, AUC: 0.62 [VAL] Loss: 0.6880, Accuracy: 55.60%, Precision: 0.52, Recall: 0.92, F1: 0.66, AUC: 0.62
Epoch [78/100] [TRAIN] Loss: 0.6927, Accuracy: 57.54%, AUC: 0.62 [VAL] Loss: 0.6879, Accuracy: 55.60%, Precision: 0.52, Recall: 0.92, F1: 0.66, AUC: 0.62
Epoch [79/100] [TRAIN] Loss: 0.6925, Accuracy: 56.77%, AUC: 0.62 [VAL] Loss: 0.6879, Accuracy: 55.60%, Precision: 0.52, Recall: 0.92, F1: 0.66, AUC: 0.62
Epoch [80/100] [TRAIN] Loss: 0.6936, Accuracy: 56.12%, AUC: 0.61 [VAL] Loss: 0.6878, Accuracy: 55.60%, Precision: 0.52, Recall: 0.92, F1: 0.66, AUC: 0.62
Epoch [81/100] [TRAIN] Loss: 0.6914, Accuracy: 56.70%, AUC: 0.61 [VAL] Loss: 0.6878, Accuracy: 55.60%, Precision: 0.52, Recall: 0.92, F1: 0.66, AUC: 0.62
Epoch [82/100] [TRAIN] Loss: 0.6924, Accuracy: 56.76%, AUC: 0.62 [VAL] Loss: 0.6877, Accuracy: 55.60%, Precision: 0.52, Recall: 0.92, F1: 0.66, AUC: 0.62
Epoch [83/100] [TRAIN] Loss: 0.6929, Accuracy: 56.59%, AUC: 0.61 [VAL] Loss: 0.6876, Accuracy: 55.60%, Precision: 0.52, Recall: 0.92, F1: 0.66, AUC: 0.62
Epoch [84/100] [TRAIN] Loss: 0.6917, Accuracy: 56.41%, AUC: 0.62 [VAL] Loss: 0.6876, Accuracy: 55.60%, Precision: 0.52, Recall: 0.92, F1: 0.66, AUC: 0.62
Epoch [85/100] [TRAIN] Loss: 0.6922, Accuracy: 56.27%, AUC: 0.61 [VAL] Loss: 0.6875, Accuracy: 55.60%, Precision: 0.52, Recall: 0.92, F1: 0.66, AUC: 0.62
Epoch [86/100] [TRAIN] Loss: 0.6936, Accuracy: 56.26%, AUC: 0.61 [VAL] Loss: 0.6875, Accuracy: 55.60%, Precision: 0.52, Recall: 0.92, F1: 0.66, AUC: 0.62
Epoch [87/100] [TRAIN] Loss: 0.6914, Accuracy: 56.64%, AUC: 0.61 [VAL] Loss: 0.6874, Accuracy: 55.60%, Precision: 0.52, Recall: 0.92, F1: 0.66, AUC: 0.62
Epoch [88/100] [TRAIN] Loss: 0.6917, Accuracy: 56.38%, AUC: 0.62 [VAL] Loss: 0.6874, Accuracy: 55.60%, Precision: 0.52, Recall: 0.92, F1: 0.66, AUC: 0.62
Epoch [89/100] [TRAIN] Loss: 0.6901, Accuracy: 57.46%, AUC: 0.62 [VAL] Loss: 0.6873, Accuracy: 55.60%, Precision: 0.52, Recall: 0.92, F1: 0.66, AUC: 0.62
Epoch [90/100] [TRAIN] Loss: 0.6923, Accuracy: 56.10%, AUC: 0.61 [VAL] Loss: 0.6873, Accuracy: 55.60%, Precision: 0.52, Recall: 0.92, F1: 0.66, AUC: 0.62
Epoch [91/100] [TRAIN] Loss: 0.6904, Accuracy: 56.60%, AUC: 0.62 [VAL] Loss: 0.6872, Accuracy: 55.60%, Precision: 0.52, Recall: 0.92, F1: 0.66, AUC: 0.62
Epoch [92/100] [TRAIN] Loss: 0.6905, Accuracy: 57.55%, AUC: 0.62 [VAL] Loss: 0.6872, Accuracy: 55.60%, Precision: 0.52, Recall: 0.92, F1: 0.66, AUC: 0.62
Epoch [93/100] [TRAIN] Loss: 0.6928, Accuracy: 56.14%, AUC: 0.61 [VAL] Loss: 0.6871, Accuracy: 55.60%, Precision: 0.52, Recall: 0.92, F1: 0.66, AUC: 0.62
Epoch [94/100] [TRAIN] Loss: 0.6917, Accuracy: 56.71%, AUC: 0.62 [VAL] Loss: 0.6871, Accuracy: 55.60%, Precision: 0.52, Recall: 0.92, F1: 0.66, AUC: 0.62
Epoch [95/100] [TRAIN] Loss: 0.6921, Accuracy: 57.66%, AUC: 0.62 [VAL] Loss: 0.6871, Accuracy: 55.60%, Precision: 0.52, Recall: 0.92, F1: 0.66, AUC: 0.62
Epoch [96/100] [TRAIN] Loss: 0.6916, Accuracy: 56.17%, AUC: 0.61 [VAL] Loss: 0.6870, Accuracy: 55.60%, Precision: 0.52, Recall: 0.92, F1: 0.66, AUC: 0.62
Epoch [97/100] [TRAIN] Loss: 0.6910, Accuracy: 56.31%, AUC: 0.61 [VAL] Loss: 0.6870, Accuracy: 55.60%, Precision: 0.52, Recall: 0.92, F1: 0.66, AUC: 0.62
Epoch [98/100] [TRAIN] Loss: 0.6919, Accuracy: 55.84%, AUC: 0.61 [VAL] Loss: 0.6870, Accuracy: 55.60%, Precision: 0.52, Recall: 0.92, F1: 0.66, AUC: 0.62
Epoch [99/100] [TRAIN] Loss: 0.6905, Accuracy: 57.33%, AUC: 0.62 [VAL] Loss: 0.6869, Accuracy: 55.60%, Precision: 0.52, Recall: 0.92, F1: 0.66, AUC: 0.62
Epoch [100/100] [TRAIN] Loss: 0.6898, Accuracy: 56.61%, AUC: 0.61 [VAL] Loss: 0.6868, Accuracy: 55.60%, Precision: 0.52, Recall: 0.92, F1: 0.66, AUC: 0.62
  Antisymmetry score (raw):        0.3140
  Antisymmetry score (confident):  1.0000
  Total violations:                686 / 1000
  Pairs near boundary:             722 (72.2%)
  Avg |prob-0.5| at violation:     0.0000

--- Training baselines (LogisticRegression, RandomForest, SVM) ---

  Training LogisticRegression...
  Val accuracy: 53.00%  |  Val AUC: 0.5784

  [LogisticRegression]  Accuracy: 52.90%  AUC: 0.5653  AUCPRC: 0.5251  Precision: 0.5090  Recall: 0.8724  F1: 0.6429  Antisym: 0.2080

  Training RandomForest...
  Val accuracy: 54.00%  |  Val AUC: 0.5999

  [RandomForest]  Accuracy: 55.80%  AUC: 0.6134  AUCPRC: 0.5684  Precision: 0.5261  Recall: 0.9115  F1: 0.6672  Antisym: 0.2950

  Training SVM_Linear...
  Val accuracy: 55.30%  |  Val AUC: 0.5777

  [SVM_Linear]  Accuracy: 53.90%  AUC: 0.5593  AUCPRC: 0.5198  Precision: 0.6190  Recall: 0.1337  F1: 0.2200  Antisym: 0.1650
Seed: 456
=== DirectRanker ===
Accuracy:  56.10 %
AUC:       0.6173
AUCPRC:    0.5726
Precision: 0.5280
Recall:    0.9115
F1-Score:  0.6687
Antisymmetry score:  0.3140  (1.0 = perfect, ~0.5 = random)

Detailed Classification Report:
              precision    recall  f1-score   support

           0       0.73      0.23      0.35       514
           1       0.53      0.91      0.67       486

    accuracy                           0.56      1000
   macro avg       0.63      0.57      0.51      1000
weighted avg       0.63      0.56      0.50      1000


Confusion Matrix:
[[118 396]
 [ 43 443]]

=== LogisticRegression ===
Accuracy:  52.90 %
AUC:       0.5653
AUCPRC:    0.5251
Precision: 0.5090
Recall:    0.8724
F1-Score:  0.6429
Antisymmetry score:  0.2080
Confusion Matrix:
[[105 409]
 [ 62 424]]

=== RandomForest ===
Accuracy:  55.80 %
AUC:       0.6134
AUCPRC:    0.5684
Precision: 0.5261
Recall:    0.9115
F1-Score:  0.6672
Antisymmetry score:  0.2950
Confusion Matrix:
[[115 399]
 [ 43 443]]

=== SVM_Linear ===
Accuracy:  53.90 %
AUC:       0.5593
AUCPRC:    0.5198
Precision: 0.6190
Recall:    0.1337
F1-Score:  0.2200
Antisymmetry score:  0.1650
Confusion Matrix:
[[474  40]
 [421  65]]

Saved combined test metrics: /group/pmc021/amunif/epi-thesis/workflow/16_Pairwise Ranking Healthy Liver/output/combined/donor_3/test/013-H3K9me3-H3K27me3-seed456-test-metrics.csv
Saved combined ROC plot: /group/pmc021/amunif/epi-thesis/workflow/16_Pairwise Ranking Healthy Liver/output/combined/donor_3/img/roc/013-H3K9me3-H3K27me3-seed456-roc-combined.png
Saved combined PRC plot: /group/pmc021/amunif/epi-thesis/workflow/16_Pairwise Ranking Healthy Liver/output/combined/donor_3/img/prc/013-H3K9me3-H3K27me3-seed456-prc-combined.png

Finished 013-H3K9me3-H3K27me3 (seed 456)

======================================================================
014-H3K27ac-H3K27me3
======================================================================
Train label distribution:
  Label 0:   4036 (50.4%)
  Label 1:   3964 (49.5%)
Val label distribution:
  Label 0:    528 (52.8%)
  Label 1:    472 (47.2%)
Test label distribution:
  Label 0:    514 (51.4%)
  Label 1:    486 (48.6%)
Saved label distribution: /group/pmc021/amunif/epi-thesis/workflow/16_Pairwise Ranking Healthy Liver/output/combined/donor_3/test/014-H3K27ac-H3K27me3-seed456-label-distribution.csv

--- Training DirectRanker ---
Epoch [1/100] [TRAIN] Loss: 0.6441, Accuracy: 70.44%, AUC: 0.76 [VAL] Loss: 0.5584, Accuracy: 74.80%, Precision: 0.71, Recall: 0.78, F1: 0.74, AUC: 0.83
Epoch [2/100] [TRAIN] Loss: 0.6081, Accuracy: 73.17%, AUC: 0.79 [VAL] Loss: 0.5461, Accuracy: 74.70%, Precision: 0.71, Recall: 0.77, F1: 0.74, AUC: 0.83
Epoch [3/100] [TRAIN] Loss: 0.6036, Accuracy: 73.25%, AUC: 0.79 [VAL] Loss: 0.5426, Accuracy: 74.80%, Precision: 0.72, Recall: 0.77, F1: 0.74, AUC: 0.83
Epoch [4/100] [TRAIN] Loss: 0.6016, Accuracy: 73.14%, AUC: 0.79 [VAL] Loss: 0.5410, Accuracy: 74.80%, Precision: 0.72, Recall: 0.77, F1: 0.74, AUC: 0.83
Epoch [5/100] [TRAIN] Loss: 0.6015, Accuracy: 73.49%, AUC: 0.79 [VAL] Loss: 0.5398, Accuracy: 74.80%, Precision: 0.72, Recall: 0.77, F1: 0.74, AUC: 0.84
Epoch [6/100] [TRAIN] Loss: 0.5932, Accuracy: 74.09%, AUC: 0.80 [VAL] Loss: 0.5379, Accuracy: 74.60%, Precision: 0.72, Recall: 0.77, F1: 0.74, AUC: 0.84
Epoch [7/100] [TRAIN] Loss: 0.5958, Accuracy: 73.75%, AUC: 0.80 [VAL] Loss: 0.5377, Accuracy: 74.90%, Precision: 0.72, Recall: 0.77, F1: 0.74, AUC: 0.84
Epoch [8/100] [TRAIN] Loss: 0.5891, Accuracy: 74.09%, AUC: 0.80 [VAL] Loss: 0.5354, Accuracy: 75.20%, Precision: 0.72, Recall: 0.77, F1: 0.75, AUC: 0.84
Epoch [9/100] [TRAIN] Loss: 0.5902, Accuracy: 74.25%, AUC: 0.80 [VAL] Loss: 0.5348, Accuracy: 75.20%, Precision: 0.72, Recall: 0.77, F1: 0.75, AUC: 0.84
Epoch [10/100] [TRAIN] Loss: 0.5868, Accuracy: 73.69%, AUC: 0.80 [VAL] Loss: 0.5337, Accuracy: 75.40%, Precision: 0.73, Recall: 0.77, F1: 0.75, AUC: 0.84
Epoch [11/100] [TRAIN] Loss: 0.5855, Accuracy: 74.22%, AUC: 0.81 [VAL] Loss: 0.5332, Accuracy: 75.40%, Precision: 0.72, Recall: 0.77, F1: 0.75, AUC: 0.84
Epoch [12/100] [TRAIN] Loss: 0.5867, Accuracy: 73.79%, AUC: 0.80 [VAL] Loss: 0.5332, Accuracy: 75.30%, Precision: 0.72, Recall: 0.78, F1: 0.75, AUC: 0.84
Epoch [13/100] [TRAIN] Loss: 0.5850, Accuracy: 73.69%, AUC: 0.80 [VAL] Loss: 0.5327, Accuracy: 75.20%, Precision: 0.72, Recall: 0.77, F1: 0.75, AUC: 0.84
Epoch [14/100] [TRAIN] Loss: 0.5844, Accuracy: 73.58%, AUC: 0.80 [VAL] Loss: 0.5314, Accuracy: 75.10%, Precision: 0.72, Recall: 0.77, F1: 0.75, AUC: 0.84
Epoch [15/100] [TRAIN] Loss: 0.5831, Accuracy: 73.76%, AUC: 0.80 [VAL] Loss: 0.5315, Accuracy: 75.10%, Precision: 0.72, Recall: 0.77, F1: 0.75, AUC: 0.84
Epoch [16/100] [TRAIN] Loss: 0.5820, Accuracy: 74.10%, AUC: 0.81 [VAL] Loss: 0.5312, Accuracy: 75.00%, Precision: 0.72, Recall: 0.77, F1: 0.74, AUC: 0.84
Epoch [17/100] [TRAIN] Loss: 0.5809, Accuracy: 74.16%, AUC: 0.81 [VAL] Loss: 0.5301, Accuracy: 75.10%, Precision: 0.72, Recall: 0.77, F1: 0.75, AUC: 0.84
Epoch [18/100] [TRAIN] Loss: 0.5802, Accuracy: 74.19%, AUC: 0.81 [VAL] Loss: 0.5300, Accuracy: 75.10%, Precision: 0.72, Recall: 0.77, F1: 0.75, AUC: 0.84
Epoch [19/100] [TRAIN] Loss: 0.5780, Accuracy: 74.19%, AUC: 0.81 [VAL] Loss: 0.5294, Accuracy: 75.30%, Precision: 0.72, Recall: 0.78, F1: 0.75, AUC: 0.84
Epoch [20/100] [TRAIN] Loss: 0.5799, Accuracy: 73.69%, AUC: 0.81 [VAL] Loss: 0.5296, Accuracy: 75.30%, Precision: 0.72, Recall: 0.78, F1: 0.75, AUC: 0.84
Epoch [21/100] [TRAIN] Loss: 0.5776, Accuracy: 74.14%, AUC: 0.81 [VAL] Loss: 0.5293, Accuracy: 75.40%, Precision: 0.72, Recall: 0.78, F1: 0.75, AUC: 0.84
Epoch [22/100] [TRAIN] Loss: 0.5793, Accuracy: 73.34%, AUC: 0.81 [VAL] Loss: 0.5284, Accuracy: 75.30%, Precision: 0.72, Recall: 0.78, F1: 0.75, AUC: 0.84
Epoch [23/100] [TRAIN] Loss: 0.5800, Accuracy: 73.88%, AUC: 0.81 [VAL] Loss: 0.5284, Accuracy: 75.40%, Precision: 0.72, Recall: 0.78, F1: 0.75, AUC: 0.84
Epoch [24/100] [TRAIN] Loss: 0.5734, Accuracy: 73.81%, AUC: 0.81 [VAL] Loss: 0.5270, Accuracy: 75.40%, Precision: 0.72, Recall: 0.78, F1: 0.75, AUC: 0.84
Epoch [25/100] [TRAIN] Loss: 0.5742, Accuracy: 74.25%, AUC: 0.81 [VAL] Loss: 0.5267, Accuracy: 75.30%, Precision: 0.72, Recall: 0.78, F1: 0.75, AUC: 0.84
Epoch [26/100] [TRAIN] Loss: 0.5746, Accuracy: 73.99%, AUC: 0.81 [VAL] Loss: 0.5274, Accuracy: 75.50%, Precision: 0.72, Recall: 0.78, F1: 0.75, AUC: 0.84
Epoch [27/100] [TRAIN] Loss: 0.5740, Accuracy: 74.24%, AUC: 0.81 [VAL] Loss: 0.5272, Accuracy: 75.70%, Precision: 0.73, Recall: 0.78, F1: 0.75, AUC: 0.84
Epoch [28/100] [TRAIN] Loss: 0.5741, Accuracy: 73.67%, AUC: 0.81 [VAL] Loss: 0.5264, Accuracy: 75.80%, Precision: 0.73, Recall: 0.78, F1: 0.75, AUC: 0.84
Epoch [29/100] [TRAIN] Loss: 0.5715, Accuracy: 74.28%, AUC: 0.81 [VAL] Loss: 0.5253, Accuracy: 75.80%, Precision: 0.73, Recall: 0.78, F1: 0.75, AUC: 0.84
Epoch [30/100] [TRAIN] Loss: 0.5707, Accuracy: 74.08%, AUC: 0.81 [VAL] Loss: 0.5257, Accuracy: 75.80%, Precision: 0.73, Recall: 0.78, F1: 0.75, AUC: 0.84
Epoch [31/100] [TRAIN] Loss: 0.5704, Accuracy: 74.40%, AUC: 0.81 [VAL] Loss: 0.5248, Accuracy: 75.60%, Precision: 0.72, Recall: 0.78, F1: 0.75, AUC: 0.84
Epoch [32/100] [TRAIN] Loss: 0.5748, Accuracy: 73.70%, AUC: 0.81 [VAL] Loss: 0.5260, Accuracy: 75.60%, Precision: 0.72, Recall: 0.78, F1: 0.75, AUC: 0.84
Epoch [33/100] [TRAIN] Loss: 0.5727, Accuracy: 74.35%, AUC: 0.81 [VAL] Loss: 0.5249, Accuracy: 75.70%, Precision: 0.72, Recall: 0.78, F1: 0.75, AUC: 0.84
Epoch [34/100] [TRAIN] Loss: 0.5701, Accuracy: 74.55%, AUC: 0.81 [VAL] Loss: 0.5239, Accuracy: 75.70%, Precision: 0.72, Recall: 0.78, F1: 0.75, AUC: 0.84
Epoch [35/100] [TRAIN] Loss: 0.5725, Accuracy: 73.80%, AUC: 0.81 [VAL] Loss: 0.5249, Accuracy: 75.80%, Precision: 0.73, Recall: 0.78, F1: 0.75, AUC: 0.84
Epoch [36/100] [TRAIN] Loss: 0.5700, Accuracy: 74.09%, AUC: 0.81 [VAL] Loss: 0.5240, Accuracy: 75.60%, Precision: 0.72, Recall: 0.78, F1: 0.75, AUC: 0.84
Epoch [37/100] [TRAIN] Loss: 0.5687, Accuracy: 74.29%, AUC: 0.81 [VAL] Loss: 0.5235, Accuracy: 75.60%, Precision: 0.72, Recall: 0.78, F1: 0.75, AUC: 0.84
Epoch [38/100] [TRAIN] Loss: 0.5714, Accuracy: 74.17%, AUC: 0.81 [VAL] Loss: 0.5239, Accuracy: 75.50%, Precision: 0.72, Recall: 0.78, F1: 0.75, AUC: 0.84
Epoch [39/100] [TRAIN] Loss: 0.5676, Accuracy: 74.04%, AUC: 0.81 [VAL] Loss: 0.5224, Accuracy: 75.40%, Precision: 0.72, Recall: 0.78, F1: 0.75, AUC: 0.84
Epoch [40/100] [TRAIN] Loss: 0.5731, Accuracy: 73.81%, AUC: 0.81 [VAL] Loss: 0.5233, Accuracy: 75.40%, Precision: 0.72, Recall: 0.78, F1: 0.75, AUC: 0.84
Epoch [41/100] [TRAIN] Loss: 0.5669, Accuracy: 74.03%, AUC: 0.81 [VAL] Loss: 0.5225, Accuracy: 75.40%, Precision: 0.72, Recall: 0.78, F1: 0.75, AUC: 0.84
Epoch [42/100] [TRAIN] Loss: 0.5684, Accuracy: 74.12%, AUC: 0.81 [VAL] Loss: 0.5223, Accuracy: 75.50%, Precision: 0.72, Recall: 0.78, F1: 0.75, AUC: 0.84
Epoch [43/100] [TRAIN] Loss: 0.5667, Accuracy: 73.89%, AUC: 0.81 [VAL] Loss: 0.5223, Accuracy: 75.50%, Precision: 0.72, Recall: 0.78, F1: 0.75, AUC: 0.84
Epoch [44/100] [TRAIN] Loss: 0.5682, Accuracy: 74.36%, AUC: 0.81 [VAL] Loss: 0.5218, Accuracy: 75.60%, Precision: 0.73, Recall: 0.78, F1: 0.75, AUC: 0.84
Epoch [45/100] [TRAIN] Loss: 0.5682, Accuracy: 73.88%, AUC: 0.81 [VAL] Loss: 0.5219, Accuracy: 75.60%, Precision: 0.73, Recall: 0.78, F1: 0.75, AUC: 0.84
Epoch [46/100] [TRAIN] Loss: 0.5655, Accuracy: 74.03%, AUC: 0.81 [VAL] Loss: 0.5214, Accuracy: 75.50%, Precision: 0.72, Recall: 0.78, F1: 0.75, AUC: 0.84
Epoch [47/100] [TRAIN] Loss: 0.5656, Accuracy: 74.01%, AUC: 0.81 [VAL] Loss: 0.5220, Accuracy: 75.50%, Precision: 0.72, Recall: 0.78, F1: 0.75, AUC: 0.84
Epoch [48/100] [TRAIN] Loss: 0.5674, Accuracy: 74.26%, AUC: 0.81 [VAL] Loss: 0.5217, Accuracy: 75.60%, Precision: 0.73, Recall: 0.78, F1: 0.75, AUC: 0.84
Epoch [49/100] [TRAIN] Loss: 0.5625, Accuracy: 74.40%, AUC: 0.82 [VAL] Loss: 0.5209, Accuracy: 75.60%, Precision: 0.73, Recall: 0.78, F1: 0.75, AUC: 0.84
Epoch [50/100] [TRAIN] Loss: 0.5658, Accuracy: 73.94%, AUC: 0.81 [VAL] Loss: 0.5209, Accuracy: 75.50%, Precision: 0.72, Recall: 0.78, F1: 0.75, AUC: 0.84
Epoch [51/100] [TRAIN] Loss: 0.5606, Accuracy: 74.71%, AUC: 0.82 [VAL] Loss: 0.5205, Accuracy: 75.70%, Precision: 0.73, Recall: 0.78, F1: 0.75, AUC: 0.84
Epoch [52/100] [TRAIN] Loss: 0.5650, Accuracy: 74.15%, AUC: 0.81 [VAL] Loss: 0.5202, Accuracy: 75.40%, Precision: 0.72, Recall: 0.77, F1: 0.75, AUC: 0.84
Epoch [53/100] [TRAIN] Loss: 0.5663, Accuracy: 74.15%, AUC: 0.81 [VAL] Loss: 0.5214, Accuracy: 75.30%, Precision: 0.72, Recall: 0.78, F1: 0.75, AUC: 0.84
Epoch [54/100] [TRAIN] Loss: 0.5680, Accuracy: 74.11%, AUC: 0.81 [VAL] Loss: 0.5217, Accuracy: 75.40%, Precision: 0.72, Recall: 0.78, F1: 0.75, AUC: 0.84
Epoch [55/100] [TRAIN] Loss: 0.5673, Accuracy: 73.62%, AUC: 0.81 [VAL] Loss: 0.5217, Accuracy: 75.20%, Precision: 0.72, Recall: 0.77, F1: 0.75, AUC: 0.84
Epoch [56/100] [TRAIN] Loss: 0.5642, Accuracy: 73.67%, AUC: 0.81 [VAL] Loss: 0.5205, Accuracy: 75.30%, Precision: 0.72, Recall: 0.78, F1: 0.75, AUC: 0.84
Epoch [57/100] [TRAIN] Loss: 0.5644, Accuracy: 74.05%, AUC: 0.81 [VAL] Loss: 0.5197, Accuracy: 75.20%, Precision: 0.72, Recall: 0.78, F1: 0.75, AUC: 0.84
Epoch [58/100] [TRAIN] Loss: 0.5653, Accuracy: 73.95%, AUC: 0.81 [VAL] Loss: 0.5196, Accuracy: 75.50%, Precision: 0.72, Recall: 0.78, F1: 0.75, AUC: 0.84
Epoch [59/100] [TRAIN] Loss: 0.5621, Accuracy: 73.95%, AUC: 0.82 [VAL] Loss: 0.5200, Accuracy: 75.60%, Precision: 0.72, Recall: 0.78, F1: 0.75, AUC: 0.84
Epoch [60/100] [TRAIN] Loss: 0.5631, Accuracy: 73.96%, AUC: 0.81 [VAL] Loss: 0.5201, Accuracy: 75.50%, Precision: 0.72, Recall: 0.78, F1: 0.75, AUC: 0.84
Epoch [61/100] [TRAIN] Loss: 0.5640, Accuracy: 73.97%, AUC: 0.81 [VAL] Loss: 0.5205, Accuracy: 75.50%, Precision: 0.72, Recall: 0.78, F1: 0.75, AUC: 0.84
Epoch [62/100] [TRAIN] Loss: 0.5642, Accuracy: 73.47%, AUC: 0.81 [VAL] Loss: 0.5200, Accuracy: 75.30%, Precision: 0.72, Recall: 0.78, F1: 0.75, AUC: 0.84
Epoch [63/100] [TRAIN] Loss: 0.5632, Accuracy: 74.24%, AUC: 0.82 [VAL] Loss: 0.5192, Accuracy: 75.20%, Precision: 0.72, Recall: 0.78, F1: 0.75, AUC: 0.84
Epoch [64/100] [TRAIN] Loss: 0.5597, Accuracy: 74.14%, AUC: 0.82 [VAL] Loss: 0.5190, Accuracy: 75.20%, Precision: 0.72, Recall: 0.78, F1: 0.75, AUC: 0.84
Epoch [65/100] [TRAIN] Loss: 0.5613, Accuracy: 73.95%, AUC: 0.82 [VAL] Loss: 0.5190, Accuracy: 75.30%, Precision: 0.72, Recall: 0.78, F1: 0.75, AUC: 0.84
Epoch [66/100] [TRAIN] Loss: 0.5644, Accuracy: 74.40%, AUC: 0.82 [VAL] Loss: 0.5193, Accuracy: 75.40%, Precision: 0.72, Recall: 0.78, F1: 0.75, AUC: 0.84
Epoch [67/100] [TRAIN] Loss: 0.5619, Accuracy: 74.25%, AUC: 0.82 [VAL] Loss: 0.5188, Accuracy: 75.40%, Precision: 0.72, Recall: 0.78, F1: 0.75, AUC: 0.84
Epoch [68/100] [TRAIN] Loss: 0.5611, Accuracy: 73.96%, AUC: 0.82 [VAL] Loss: 0.5185, Accuracy: 75.40%, Precision: 0.72, Recall: 0.78, F1: 0.75, AUC: 0.84
Epoch [69/100] [TRAIN] Loss: 0.5638, Accuracy: 73.85%, AUC: 0.81 [VAL] Loss: 0.5191, Accuracy: 75.50%, Precision: 0.72, Recall: 0.78, F1: 0.75, AUC: 0.84
Epoch [70/100] [TRAIN] Loss: 0.5617, Accuracy: 74.40%, AUC: 0.82 [VAL] Loss: 0.5187, Accuracy: 75.60%, Precision: 0.72, Recall: 0.78, F1: 0.75, AUC: 0.84
Epoch [71/100] [TRAIN] Loss: 0.5586, Accuracy: 74.42%, AUC: 0.82 [VAL] Loss: 0.5174, Accuracy: 75.60%, Precision: 0.72, Recall: 0.78, F1: 0.75, AUC: 0.84
Epoch [72/100] [TRAIN] Loss: 0.5622, Accuracy: 74.04%, AUC: 0.81 [VAL] Loss: 0.5176, Accuracy: 75.50%, Precision: 0.72, Recall: 0.78, F1: 0.75, AUC: 0.84
Epoch [73/100] [TRAIN] Loss: 0.5612, Accuracy: 74.15%, AUC: 0.82 [VAL] Loss: 0.5179, Accuracy: 75.60%, Precision: 0.72, Recall: 0.78, F1: 0.75, AUC: 0.84
Epoch [74/100] [TRAIN] Loss: 0.5629, Accuracy: 73.71%, AUC: 0.81 [VAL] Loss: 0.5184, Accuracy: 75.60%, Precision: 0.72, Recall: 0.78, F1: 0.75, AUC: 0.84
Epoch [75/100] [TRAIN] Loss: 0.5628, Accuracy: 73.90%, AUC: 0.81 [VAL] Loss: 0.5175, Accuracy: 75.60%, Precision: 0.72, Recall: 0.78, F1: 0.75, AUC: 0.84
Epoch [76/100] [TRAIN] Loss: 0.5605, Accuracy: 74.04%, AUC: 0.82 [VAL] Loss: 0.5171, Accuracy: 75.70%, Precision: 0.72, Recall: 0.78, F1: 0.75, AUC: 0.84
Epoch [77/100] [TRAIN] Loss: 0.5603, Accuracy: 74.05%, AUC: 0.82 [VAL] Loss: 0.5172, Accuracy: 75.70%, Precision: 0.72, Recall: 0.78, F1: 0.75, AUC: 0.84
Epoch [78/100] [TRAIN] Loss: 0.5590, Accuracy: 74.54%, AUC: 0.82 [VAL] Loss: 0.5169, Accuracy: 75.50%, Precision: 0.72, Recall: 0.78, F1: 0.75, AUC: 0.84
Epoch [79/100] [TRAIN] Loss: 0.5605, Accuracy: 73.70%, AUC: 0.82 [VAL] Loss: 0.5173, Accuracy: 75.50%, Precision: 0.72, Recall: 0.78, F1: 0.75, AUC: 0.84
Epoch [80/100] [TRAIN] Loss: 0.5584, Accuracy: 74.36%, AUC: 0.82 [VAL] Loss: 0.5171, Accuracy: 75.50%, Precision: 0.72, Recall: 0.78, F1: 0.75, AUC: 0.84
Epoch [81/100] [TRAIN] Loss: 0.5551, Accuracy: 74.61%, AUC: 0.82 [VAL] Loss: 0.5160, Accuracy: 75.40%, Precision: 0.72, Recall: 0.78, F1: 0.75, AUC: 0.84
Epoch [82/100] [TRAIN] Loss: 0.5605, Accuracy: 73.99%, AUC: 0.82 [VAL] Loss: 0.5160, Accuracy: 75.40%, Precision: 0.72, Recall: 0.78, F1: 0.75, AUC: 0.85
Epoch [83/100] [TRAIN] Loss: 0.5568, Accuracy: 74.30%, AUC: 0.82 [VAL] Loss: 0.5156, Accuracy: 75.40%, Precision: 0.72, Recall: 0.78, F1: 0.75, AUC: 0.85
Epoch [84/100] [TRAIN] Loss: 0.5584, Accuracy: 74.28%, AUC: 0.82 [VAL] Loss: 0.5170, Accuracy: 75.40%, Precision: 0.72, Recall: 0.78, F1: 0.75, AUC: 0.85
Epoch [85/100] [TRAIN] Loss: 0.5557, Accuracy: 74.25%, AUC: 0.82 [VAL] Loss: 0.5152, Accuracy: 75.40%, Precision: 0.72, Recall: 0.78, F1: 0.75, AUC: 0.85
Epoch [86/100] [TRAIN] Loss: 0.5570, Accuracy: 73.84%, AUC: 0.82 [VAL] Loss: 0.5162, Accuracy: 75.40%, Precision: 0.72, Recall: 0.78, F1: 0.75, AUC: 0.85
Epoch [87/100] [TRAIN] Loss: 0.5578, Accuracy: 74.00%, AUC: 0.82 [VAL] Loss: 0.5159, Accuracy: 75.40%, Precision: 0.72, Recall: 0.78, F1: 0.75, AUC: 0.85
Epoch [88/100] [TRAIN] Loss: 0.5552, Accuracy: 74.66%, AUC: 0.82 [VAL] Loss: 0.5154, Accuracy: 75.50%, Precision: 0.72, Recall: 0.78, F1: 0.75, AUC: 0.85
Epoch [89/100] [TRAIN] Loss: 0.5556, Accuracy: 74.67%, AUC: 0.82 [VAL] Loss: 0.5153, Accuracy: 75.50%, Precision: 0.72, Recall: 0.78, F1: 0.75, AUC: 0.85
Epoch [90/100] [TRAIN] Loss: 0.5602, Accuracy: 73.83%, AUC: 0.82 [VAL] Loss: 0.5155, Accuracy: 75.40%, Precision: 0.72, Recall: 0.78, F1: 0.75, AUC: 0.85
Epoch [91/100] [TRAIN] Loss: 0.5557, Accuracy: 74.19%, AUC: 0.82 [VAL] Loss: 0.5154, Accuracy: 75.30%, Precision: 0.72, Recall: 0.78, F1: 0.75, AUC: 0.85
Epoch [92/100] [TRAIN] Loss: 0.5567, Accuracy: 74.05%, AUC: 0.82 [VAL] Loss: 0.5152, Accuracy: 75.40%, Precision: 0.72, Recall: 0.78, F1: 0.75, AUC: 0.85
Epoch [93/100] [TRAIN] Loss: 0.5565, Accuracy: 74.38%, AUC: 0.82 [VAL] Loss: 0.5152, Accuracy: 75.40%, Precision: 0.72, Recall: 0.78, F1: 0.75, AUC: 0.85
Epoch [94/100] [TRAIN] Loss: 0.5541, Accuracy: 74.86%, AUC: 0.82 [VAL] Loss: 0.5150, Accuracy: 75.40%, Precision: 0.72, Recall: 0.78, F1: 0.75, AUC: 0.85
Epoch [95/100] [TRAIN] Loss: 0.5558, Accuracy: 74.30%, AUC: 0.82 [VAL] Loss: 0.5150, Accuracy: 75.40%, Precision: 0.72, Recall: 0.78, F1: 0.75, AUC: 0.85
Epoch [96/100] [TRAIN] Loss: 0.5538, Accuracy: 74.24%, AUC: 0.82 [VAL] Loss: 0.5149, Accuracy: 75.50%, Precision: 0.72, Recall: 0.78, F1: 0.75, AUC: 0.85
Epoch [97/100] [TRAIN] Loss: 0.5572, Accuracy: 73.97%, AUC: 0.82 [VAL] Loss: 0.5149, Accuracy: 75.50%, Precision: 0.72, Recall: 0.78, F1: 0.75, AUC: 0.85
Epoch [98/100] [TRAIN] Loss: 0.5536, Accuracy: 73.92%, AUC: 0.82 [VAL] Loss: 0.5148, Accuracy: 75.50%, Precision: 0.72, Recall: 0.78, F1: 0.75, AUC: 0.85
Epoch [99/100] [TRAIN] Loss: 0.5557, Accuracy: 74.45%, AUC: 0.82 [VAL] Loss: 0.5148, Accuracy: 75.50%, Precision: 0.72, Recall: 0.78, F1: 0.75, AUC: 0.85
Epoch [100/100] [TRAIN] Loss: 0.5551, Accuracy: 74.04%, AUC: 0.82 [VAL] Loss: 0.5148, Accuracy: 75.50%, Precision: 0.72, Recall: 0.78, F1: 0.75, AUC: 0.85
  Antisymmetry score (raw):        0.9440
  Antisymmetry score (confident):  1.0000
  Total violations:                56 / 1000
  Pairs near boundary:             152 (15.2%)
  Avg |prob-0.5| at violation:     0.0000

--- Training baselines (LogisticRegression, RandomForest, SVM) ---

  Training LogisticRegression...
  Val accuracy: 76.20%  |  Val AUC: 0.8193

  [LogisticRegression]  Accuracy: 72.20%  AUC: 0.7781  AUCPRC: 0.7662  Precision: 0.7396  Recall: 0.6605  F1: 0.6978  Antisym: 0.8260

  Training RandomForest...
  Val accuracy: 76.90%  |  Val AUC: 0.8577

  [RandomForest]  Accuracy: 74.80%  AUC: 0.8276  AUCPRC: 0.8102  Precision: 0.7577  Recall: 0.7078  F1: 0.7319  Antisym: 0.8150

  Training SVM_Linear...
  Val accuracy: 75.30%  |  Val AUC: 0.8191

  [SVM_Linear]  Accuracy: 73.30%  AUC: 0.7789  AUCPRC: 0.7683  Precision: 0.7541  Recall: 0.6687  F1: 0.7088  Antisym: 0.8210
Seed: 456
=== DirectRanker ===
Accuracy:  72.50 %
AUC:       0.8115
AUCPRC:    0.7998
Precision: 0.7057
Recall:    0.7449
F1-Score:  0.7247
Antisymmetry score:  0.9440  (1.0 = perfect, ~0.5 = random)

Detailed Classification Report:
              precision    recall  f1-score   support

           0       0.75      0.71      0.73       514
           1       0.71      0.74      0.72       486

    accuracy                           0.72      1000
   macro avg       0.73      0.73      0.72      1000
weighted avg       0.73      0.72      0.73      1000


Confusion Matrix:
[[363 151]
 [124 362]]

=== LogisticRegression ===
Accuracy:  72.20 %
AUC:       0.7781
AUCPRC:    0.7662
Precision: 0.7396
Recall:    0.6605
F1-Score:  0.6978
Antisymmetry score:  0.8260
Confusion Matrix:
[[401 113]
 [165 321]]

=== RandomForest ===
Accuracy:  74.80 %
AUC:       0.8276
AUCPRC:    0.8102
Precision: 0.7577
Recall:    0.7078
F1-Score:  0.7319
Antisymmetry score:  0.8150
Confusion Matrix:
[[404 110]
 [142 344]]

=== SVM_Linear ===
Accuracy:  73.30 %
AUC:       0.7789
AUCPRC:    0.7683
Precision: 0.7541
Recall:    0.6687
F1-Score:  0.7088
Antisymmetry score:  0.8210
Confusion Matrix:
[[408 106]
 [161 325]]

Saved combined test metrics: /group/pmc021/amunif/epi-thesis/workflow/16_Pairwise Ranking Healthy Liver/output/combined/donor_3/test/014-H3K27ac-H3K27me3-seed456-test-metrics.csv
Saved combined ROC plot: /group/pmc021/amunif/epi-thesis/workflow/16_Pairwise Ranking Healthy Liver/output/combined/donor_3/img/roc/014-H3K27ac-H3K27me3-seed456-roc-combined.png
Saved combined PRC plot: /group/pmc021/amunif/epi-thesis/workflow/16_Pairwise Ranking Healthy Liver/output/combined/donor_3/img/prc/014-H3K27ac-H3K27me3-seed456-prc-combined.png

Finished 014-H3K27ac-H3K27me3 (seed 456)

======================================================================
015-H3K4me3-H3K9ac-H3K9me3
======================================================================
Train label distribution:
  Label 0:   4036 (50.4%)
  Label 1:   3964 (49.5%)
Val label distribution:
  Label 0:    528 (52.8%)
  Label 1:    472 (47.2%)
Test label distribution:
  Label 0:    514 (51.4%)
  Label 1:    486 (48.6%)
Saved label distribution: /group/pmc021/amunif/epi-thesis/workflow/16_Pairwise Ranking Healthy Liver/output/combined/donor_3/test/015-H3K4me3-H3K9ac-H3K9me3-seed456-label-distribution.csv

--- Training DirectRanker ---
Epoch [1/100] [TRAIN] Loss: 0.6692, Accuracy: 65.06%, AUC: 0.71 [VAL] Loss: 0.5947, Accuracy: 75.50%, Precision: 0.71, Recall: 0.81, F1: 0.76, AUC: 0.83
Epoch [2/100] [TRAIN] Loss: 0.6046, Accuracy: 71.97%, AUC: 0.79 [VAL] Loss: 0.5602, Accuracy: 75.60%, Precision: 0.71, Recall: 0.81, F1: 0.76, AUC: 0.83
Epoch [3/100] [TRAIN] Loss: 0.5957, Accuracy: 71.83%, AUC: 0.79 [VAL] Loss: 0.5532, Accuracy: 75.70%, Precision: 0.71, Recall: 0.82, F1: 0.76, AUC: 0.83
Epoch [4/100] [TRAIN] Loss: 0.5870, Accuracy: 72.49%, AUC: 0.80 [VAL] Loss: 0.5485, Accuracy: 75.30%, Precision: 0.71, Recall: 0.81, F1: 0.76, AUC: 0.83
Epoch [5/100] [TRAIN] Loss: 0.5811, Accuracy: 73.04%, AUC: 0.80 [VAL] Loss: 0.5463, Accuracy: 75.30%, Precision: 0.71, Recall: 0.81, F1: 0.75, AUC: 0.83
Epoch [6/100] [TRAIN] Loss: 0.5772, Accuracy: 73.30%, AUC: 0.80 [VAL] Loss: 0.5441, Accuracy: 75.20%, Precision: 0.71, Recall: 0.80, F1: 0.75, AUC: 0.83
Epoch [7/100] [TRAIN] Loss: 0.5761, Accuracy: 73.41%, AUC: 0.81 [VAL] Loss: 0.5415, Accuracy: 75.40%, Precision: 0.71, Recall: 0.80, F1: 0.75, AUC: 0.83
Epoch [8/100] [TRAIN] Loss: 0.5809, Accuracy: 73.01%, AUC: 0.80 [VAL] Loss: 0.5406, Accuracy: 75.30%, Precision: 0.71, Recall: 0.81, F1: 0.75, AUC: 0.84
Epoch [9/100] [TRAIN] Loss: 0.5758, Accuracy: 73.38%, AUC: 0.81 [VAL] Loss: 0.5396, Accuracy: 75.40%, Precision: 0.71, Recall: 0.80, F1: 0.75, AUC: 0.84
Epoch [10/100] [TRAIN] Loss: 0.5692, Accuracy: 73.17%, AUC: 0.81 [VAL] Loss: 0.5377, Accuracy: 75.20%, Precision: 0.71, Recall: 0.80, F1: 0.75, AUC: 0.84
Epoch [11/100] [TRAIN] Loss: 0.5708, Accuracy: 73.42%, AUC: 0.81 [VAL] Loss: 0.5368, Accuracy: 75.00%, Precision: 0.71, Recall: 0.80, F1: 0.75, AUC: 0.84
Epoch [12/100] [TRAIN] Loss: 0.5723, Accuracy: 73.20%, AUC: 0.81 [VAL] Loss: 0.5364, Accuracy: 75.00%, Precision: 0.71, Recall: 0.80, F1: 0.75, AUC: 0.84
Epoch [13/100] [TRAIN] Loss: 0.5680, Accuracy: 73.19%, AUC: 0.81 [VAL] Loss: 0.5357, Accuracy: 75.10%, Precision: 0.71, Recall: 0.80, F1: 0.75, AUC: 0.84
Epoch [14/100] [TRAIN] Loss: 0.5706, Accuracy: 73.51%, AUC: 0.81 [VAL] Loss: 0.5353, Accuracy: 75.00%, Precision: 0.71, Recall: 0.80, F1: 0.75, AUC: 0.84
Epoch [15/100] [TRAIN] Loss: 0.5714, Accuracy: 73.58%, AUC: 0.81 [VAL] Loss: 0.5344, Accuracy: 75.30%, Precision: 0.71, Recall: 0.80, F1: 0.75, AUC: 0.84
Epoch [16/100] [TRAIN] Loss: 0.5653, Accuracy: 73.84%, AUC: 0.81 [VAL] Loss: 0.5332, Accuracy: 75.20%, Precision: 0.71, Recall: 0.80, F1: 0.75, AUC: 0.84
Epoch [17/100] [TRAIN] Loss: 0.5642, Accuracy: 73.88%, AUC: 0.81 [VAL] Loss: 0.5322, Accuracy: 75.20%, Precision: 0.71, Recall: 0.80, F1: 0.75, AUC: 0.84
Epoch [18/100] [TRAIN] Loss: 0.5666, Accuracy: 73.88%, AUC: 0.81 [VAL] Loss: 0.5323, Accuracy: 75.40%, Precision: 0.71, Recall: 0.81, F1: 0.76, AUC: 0.84
Epoch [19/100] [TRAIN] Loss: 0.5650, Accuracy: 73.78%, AUC: 0.81 [VAL] Loss: 0.5320, Accuracy: 75.10%, Precision: 0.71, Recall: 0.81, F1: 0.75, AUC: 0.84
Epoch [20/100] [TRAIN] Loss: 0.5619, Accuracy: 73.55%, AUC: 0.81 [VAL] Loss: 0.5311, Accuracy: 75.20%, Precision: 0.71, Recall: 0.81, F1: 0.75, AUC: 0.84
Epoch [21/100] [TRAIN] Loss: 0.5676, Accuracy: 73.70%, AUC: 0.81 [VAL] Loss: 0.5308, Accuracy: 75.20%, Precision: 0.71, Recall: 0.81, F1: 0.75, AUC: 0.84
Epoch [22/100] [TRAIN] Loss: 0.5640, Accuracy: 73.49%, AUC: 0.81 [VAL] Loss: 0.5304, Accuracy: 75.40%, Precision: 0.71, Recall: 0.81, F1: 0.76, AUC: 0.84
Epoch [23/100] [TRAIN] Loss: 0.5641, Accuracy: 74.05%, AUC: 0.81 [VAL] Loss: 0.5301, Accuracy: 75.30%, Precision: 0.71, Recall: 0.81, F1: 0.76, AUC: 0.84
Epoch [24/100] [TRAIN] Loss: 0.5603, Accuracy: 73.96%, AUC: 0.82 [VAL] Loss: 0.5289, Accuracy: 75.50%, Precision: 0.71, Recall: 0.81, F1: 0.76, AUC: 0.84
Epoch [25/100] [TRAIN] Loss: 0.5586, Accuracy: 74.03%, AUC: 0.82 [VAL] Loss: 0.5283, Accuracy: 75.50%, Precision: 0.71, Recall: 0.81, F1: 0.76, AUC: 0.84
Epoch [26/100] [TRAIN] Loss: 0.5625, Accuracy: 73.85%, AUC: 0.81 [VAL] Loss: 0.5280, Accuracy: 75.50%, Precision: 0.71, Recall: 0.81, F1: 0.76, AUC: 0.84
Epoch [27/100] [TRAIN] Loss: 0.5630, Accuracy: 73.92%, AUC: 0.81 [VAL] Loss: 0.5282, Accuracy: 75.30%, Precision: 0.71, Recall: 0.81, F1: 0.75, AUC: 0.84
Epoch [28/100] [TRAIN] Loss: 0.5591, Accuracy: 73.38%, AUC: 0.82 [VAL] Loss: 0.5273, Accuracy: 75.40%, Precision: 0.71, Recall: 0.81, F1: 0.76, AUC: 0.84
Epoch [29/100] [TRAIN] Loss: 0.5609, Accuracy: 73.79%, AUC: 0.82 [VAL] Loss: 0.5270, Accuracy: 75.40%, Precision: 0.71, Recall: 0.81, F1: 0.76, AUC: 0.84
Epoch [30/100] [TRAIN] Loss: 0.5602, Accuracy: 73.81%, AUC: 0.82 [VAL] Loss: 0.5262, Accuracy: 75.40%, Precision: 0.71, Recall: 0.81, F1: 0.76, AUC: 0.84
Epoch [31/100] [TRAIN] Loss: 0.5593, Accuracy: 73.58%, AUC: 0.81 [VAL] Loss: 0.5257, Accuracy: 75.50%, Precision: 0.71, Recall: 0.81, F1: 0.76, AUC: 0.84
Epoch [32/100] [TRAIN] Loss: 0.5588, Accuracy: 73.29%, AUC: 0.82 [VAL] Loss: 0.5249, Accuracy: 75.50%, Precision: 0.71, Recall: 0.81, F1: 0.76, AUC: 0.84
Epoch [33/100] [TRAIN] Loss: 0.5573, Accuracy: 73.94%, AUC: 0.82 [VAL] Loss: 0.5244, Accuracy: 75.60%, Precision: 0.71, Recall: 0.81, F1: 0.76, AUC: 0.84
Epoch [34/100] [TRAIN] Loss: 0.5594, Accuracy: 73.76%, AUC: 0.82 [VAL] Loss: 0.5244, Accuracy: 75.40%, Precision: 0.71, Recall: 0.81, F1: 0.76, AUC: 0.84
Epoch [35/100] [TRAIN] Loss: 0.5573, Accuracy: 73.79%, AUC: 0.82 [VAL] Loss: 0.5238, Accuracy: 75.60%, Precision: 0.71, Recall: 0.81, F1: 0.76, AUC: 0.84
Epoch [36/100] [TRAIN] Loss: 0.5570, Accuracy: 73.91%, AUC: 0.82 [VAL] Loss: 0.5237, Accuracy: 75.50%, Precision: 0.71, Recall: 0.81, F1: 0.76, AUC: 0.84
Epoch [37/100] [TRAIN] Loss: 0.5537, Accuracy: 74.31%, AUC: 0.82 [VAL] Loss: 0.5226, Accuracy: 75.50%, Precision: 0.71, Recall: 0.81, F1: 0.76, AUC: 0.84
Epoch [38/100] [TRAIN] Loss: 0.5561, Accuracy: 73.94%, AUC: 0.82 [VAL] Loss: 0.5223, Accuracy: 75.40%, Precision: 0.71, Recall: 0.81, F1: 0.76, AUC: 0.84
Epoch [39/100] [TRAIN] Loss: 0.5528, Accuracy: 74.34%, AUC: 0.82 [VAL] Loss: 0.5216, Accuracy: 75.30%, Precision: 0.71, Recall: 0.81, F1: 0.76, AUC: 0.84
Epoch [40/100] [TRAIN] Loss: 0.5568, Accuracy: 74.11%, AUC: 0.82 [VAL] Loss: 0.5221, Accuracy: 75.40%, Precision: 0.71, Recall: 0.81, F1: 0.76, AUC: 0.84
Epoch [41/100] [TRAIN] Loss: 0.5534, Accuracy: 74.38%, AUC: 0.82 [VAL] Loss: 0.5214, Accuracy: 75.50%, Precision: 0.71, Recall: 0.81, F1: 0.76, AUC: 0.85
Epoch [42/100] [TRAIN] Loss: 0.5569, Accuracy: 74.11%, AUC: 0.82 [VAL] Loss: 0.5214, Accuracy: 75.60%, Precision: 0.71, Recall: 0.81, F1: 0.76, AUC: 0.85
Epoch [43/100] [TRAIN] Loss: 0.5526, Accuracy: 74.19%, AUC: 0.82 [VAL] Loss: 0.5212, Accuracy: 75.60%, Precision: 0.71, Recall: 0.81, F1: 0.76, AUC: 0.85
Epoch [44/100] [TRAIN] Loss: 0.5535, Accuracy: 73.74%, AUC: 0.82 [VAL] Loss: 0.5210, Accuracy: 75.60%, Precision: 0.71, Recall: 0.81, F1: 0.76, AUC: 0.85
Epoch [45/100] [TRAIN] Loss: 0.5531, Accuracy: 74.59%, AUC: 0.82 [VAL] Loss: 0.5206, Accuracy: 75.60%, Precision: 0.71, Recall: 0.81, F1: 0.76, AUC: 0.85
Epoch [46/100] [TRAIN] Loss: 0.5527, Accuracy: 74.45%, AUC: 0.82 [VAL] Loss: 0.5198, Accuracy: 75.60%, Precision: 0.71, Recall: 0.81, F1: 0.76, AUC: 0.85
Epoch [47/100] [TRAIN] Loss: 0.5493, Accuracy: 74.20%, AUC: 0.82 [VAL] Loss: 0.5198, Accuracy: 75.50%, Precision: 0.71, Recall: 0.81, F1: 0.76, AUC: 0.85
Epoch [48/100] [TRAIN] Loss: 0.5535, Accuracy: 74.08%, AUC: 0.82 [VAL] Loss: 0.5195, Accuracy: 75.40%, Precision: 0.71, Recall: 0.81, F1: 0.76, AUC: 0.85
Epoch [49/100] [TRAIN] Loss: 0.5455, Accuracy: 74.83%, AUC: 0.83 [VAL] Loss: 0.5185, Accuracy: 75.60%, Precision: 0.71, Recall: 0.81, F1: 0.76, AUC: 0.85
Epoch [50/100] [TRAIN] Loss: 0.5525, Accuracy: 74.38%, AUC: 0.82 [VAL] Loss: 0.5190, Accuracy: 75.40%, Precision: 0.71, Recall: 0.81, F1: 0.76, AUC: 0.85
Epoch [51/100] [TRAIN] Loss: 0.5523, Accuracy: 74.25%, AUC: 0.82 [VAL] Loss: 0.5186, Accuracy: 75.40%, Precision: 0.71, Recall: 0.81, F1: 0.76, AUC: 0.85
Epoch [52/100] [TRAIN] Loss: 0.5495, Accuracy: 73.85%, AUC: 0.82 [VAL] Loss: 0.5180, Accuracy: 75.30%, Precision: 0.71, Recall: 0.81, F1: 0.76, AUC: 0.85
Epoch [53/100] [TRAIN] Loss: 0.5506, Accuracy: 73.95%, AUC: 0.82 [VAL] Loss: 0.5180, Accuracy: 75.40%, Precision: 0.71, Recall: 0.81, F1: 0.76, AUC: 0.85
Epoch [54/100] [TRAIN] Loss: 0.5467, Accuracy: 73.54%, AUC: 0.82 [VAL] Loss: 0.5174, Accuracy: 75.30%, Precision: 0.71, Recall: 0.81, F1: 0.76, AUC: 0.85
Epoch [55/100] [TRAIN] Loss: 0.5509, Accuracy: 73.70%, AUC: 0.82 [VAL] Loss: 0.5170, Accuracy: 75.40%, Precision: 0.71, Recall: 0.81, F1: 0.76, AUC: 0.85
Epoch [56/100] [TRAIN] Loss: 0.5482, Accuracy: 74.04%, AUC: 0.82 [VAL] Loss: 0.5168, Accuracy: 75.40%, Precision: 0.71, Recall: 0.81, F1: 0.76, AUC: 0.85
Epoch [57/100] [TRAIN] Loss: 0.5468, Accuracy: 74.42%, AUC: 0.82 [VAL] Loss: 0.5165, Accuracy: 75.40%, Precision: 0.71, Recall: 0.81, F1: 0.76, AUC: 0.85
Epoch [58/100] [TRAIN] Loss: 0.5470, Accuracy: 74.49%, AUC: 0.82 [VAL] Loss: 0.5164, Accuracy: 75.30%, Precision: 0.71, Recall: 0.81, F1: 0.76, AUC: 0.85
Epoch [59/100] [TRAIN] Loss: 0.5487, Accuracy: 73.95%, AUC: 0.82 [VAL] Loss: 0.5163, Accuracy: 75.40%, Precision: 0.71, Recall: 0.81, F1: 0.76, AUC: 0.85
Epoch [60/100] [TRAIN] Loss: 0.5473, Accuracy: 74.34%, AUC: 0.82 [VAL] Loss: 0.5161, Accuracy: 75.40%, Precision: 0.71, Recall: 0.81, F1: 0.76, AUC: 0.85
Epoch [61/100] [TRAIN] Loss: 0.5477, Accuracy: 74.51%, AUC: 0.82 [VAL] Loss: 0.5159, Accuracy: 75.40%, Precision: 0.71, Recall: 0.81, F1: 0.76, AUC: 0.85
Epoch [62/100] [TRAIN] Loss: 0.5439, Accuracy: 74.38%, AUC: 0.83 [VAL] Loss: 0.5154, Accuracy: 75.50%, Precision: 0.71, Recall: 0.81, F1: 0.76, AUC: 0.85
Epoch [63/100] [TRAIN] Loss: 0.5469, Accuracy: 74.39%, AUC: 0.82 [VAL] Loss: 0.5163, Accuracy: 75.60%, Precision: 0.71, Recall: 0.82, F1: 0.76, AUC: 0.85
Epoch [64/100] [TRAIN] Loss: 0.5486, Accuracy: 74.21%, AUC: 0.82 [VAL] Loss: 0.5162, Accuracy: 75.50%, Precision: 0.71, Recall: 0.81, F1: 0.76, AUC: 0.85
Epoch [65/100] [TRAIN] Loss: 0.5480, Accuracy: 74.04%, AUC: 0.82 [VAL] Loss: 0.5155, Accuracy: 75.70%, Precision: 0.71, Recall: 0.81, F1: 0.76, AUC: 0.85
Epoch [66/100] [TRAIN] Loss: 0.5491, Accuracy: 73.65%, AUC: 0.82 [VAL] Loss: 0.5152, Accuracy: 75.60%, Precision: 0.71, Recall: 0.81, F1: 0.76, AUC: 0.85
Epoch [67/100] [TRAIN] Loss: 0.5450, Accuracy: 74.38%, AUC: 0.82 [VAL] Loss: 0.5148, Accuracy: 75.80%, Precision: 0.71, Recall: 0.82, F1: 0.76, AUC: 0.85
Epoch [68/100] [TRAIN] Loss: 0.5505, Accuracy: 73.72%, AUC: 0.82 [VAL] Loss: 0.5154, Accuracy: 75.80%, Precision: 0.71, Recall: 0.82, F1: 0.76, AUC: 0.85
Epoch [69/100] [TRAIN] Loss: 0.5481, Accuracy: 74.29%, AUC: 0.82 [VAL] Loss: 0.5145, Accuracy: 75.90%, Precision: 0.71, Recall: 0.82, F1: 0.76, AUC: 0.85
Epoch [70/100] [TRAIN] Loss: 0.5472, Accuracy: 74.22%, AUC: 0.82 [VAL] Loss: 0.5147, Accuracy: 76.10%, Precision: 0.72, Recall: 0.82, F1: 0.76, AUC: 0.85
Epoch [71/100] [TRAIN] Loss: 0.5449, Accuracy: 74.24%, AUC: 0.83 [VAL] Loss: 0.5144, Accuracy: 75.90%, Precision: 0.71, Recall: 0.82, F1: 0.76, AUC: 0.85
Epoch [72/100] [TRAIN] Loss: 0.5428, Accuracy: 74.78%, AUC: 0.83 [VAL] Loss: 0.5137, Accuracy: 75.90%, Precision: 0.71, Recall: 0.82, F1: 0.76, AUC: 0.85
Epoch [73/100] [TRAIN] Loss: 0.5450, Accuracy: 74.84%, AUC: 0.83 [VAL] Loss: 0.5137, Accuracy: 75.90%, Precision: 0.71, Recall: 0.82, F1: 0.76, AUC: 0.85
Epoch [74/100] [TRAIN] Loss: 0.5400, Accuracy: 74.55%, AUC: 0.83 [VAL] Loss: 0.5129, Accuracy: 75.90%, Precision: 0.71, Recall: 0.82, F1: 0.76, AUC: 0.85
Epoch [75/100] [TRAIN] Loss: 0.5438, Accuracy: 74.26%, AUC: 0.83 [VAL] Loss: 0.5128, Accuracy: 76.00%, Precision: 0.71, Recall: 0.82, F1: 0.76, AUC: 0.85
Epoch [76/100] [TRAIN] Loss: 0.5430, Accuracy: 74.40%, AUC: 0.83 [VAL] Loss: 0.5129, Accuracy: 76.10%, Precision: 0.71, Recall: 0.82, F1: 0.76, AUC: 0.85
Epoch [77/100] [TRAIN] Loss: 0.5430, Accuracy: 74.09%, AUC: 0.83 [VAL] Loss: 0.5126, Accuracy: 75.90%, Precision: 0.71, Recall: 0.82, F1: 0.76, AUC: 0.85
Epoch [78/100] [TRAIN] Loss: 0.5423, Accuracy: 74.51%, AUC: 0.83 [VAL] Loss: 0.5125, Accuracy: 75.90%, Precision: 0.71, Recall: 0.82, F1: 0.76, AUC: 0.85
Epoch [79/100] [TRAIN] Loss: 0.5441, Accuracy: 74.28%, AUC: 0.83 [VAL] Loss: 0.5122, Accuracy: 75.80%, Precision: 0.71, Recall: 0.82, F1: 0.76, AUC: 0.85
Epoch [80/100] [TRAIN] Loss: 0.5436, Accuracy: 74.41%, AUC: 0.83 [VAL] Loss: 0.5120, Accuracy: 76.00%, Precision: 0.71, Recall: 0.82, F1: 0.76, AUC: 0.85
Epoch [81/100] [TRAIN] Loss: 0.5461, Accuracy: 74.22%, AUC: 0.82 [VAL] Loss: 0.5125, Accuracy: 75.80%, Precision: 0.71, Recall: 0.82, F1: 0.76, AUC: 0.85
Epoch [82/100] [TRAIN] Loss: 0.5435, Accuracy: 74.15%, AUC: 0.83 [VAL] Loss: 0.5123, Accuracy: 75.60%, Precision: 0.71, Recall: 0.82, F1: 0.76, AUC: 0.85
Epoch [83/100] [TRAIN] Loss: 0.5410, Accuracy: 74.33%, AUC: 0.83 [VAL] Loss: 0.5112, Accuracy: 75.80%, Precision: 0.71, Recall: 0.82, F1: 0.76, AUC: 0.85
Epoch [84/100] [TRAIN] Loss: 0.5428, Accuracy: 74.53%, AUC: 0.83 [VAL] Loss: 0.5112, Accuracy: 75.80%, Precision: 0.71, Recall: 0.82, F1: 0.76, AUC: 0.85
Epoch [85/100] [TRAIN] Loss: 0.5389, Accuracy: 74.83%, AUC: 0.83 [VAL] Loss: 0.5110, Accuracy: 75.90%, Precision: 0.71, Recall: 0.82, F1: 0.76, AUC: 0.85
Epoch [86/100] [TRAIN] Loss: 0.5458, Accuracy: 74.25%, AUC: 0.82 [VAL] Loss: 0.5111, Accuracy: 75.60%, Precision: 0.71, Recall: 0.81, F1: 0.76, AUC: 0.85
Epoch [87/100] [TRAIN] Loss: 0.5394, Accuracy: 74.35%, AUC: 0.83 [VAL] Loss: 0.5110, Accuracy: 75.90%, Precision: 0.71, Recall: 0.82, F1: 0.76, AUC: 0.85
Epoch [88/100] [TRAIN] Loss: 0.5436, Accuracy: 74.20%, AUC: 0.83 [VAL] Loss: 0.5115, Accuracy: 75.60%, Precision: 0.71, Recall: 0.82, F1: 0.76, AUC: 0.85
Epoch [89/100] [TRAIN] Loss: 0.5456, Accuracy: 74.20%, AUC: 0.82 [VAL] Loss: 0.5120, Accuracy: 75.80%, Precision: 0.71, Recall: 0.82, F1: 0.76, AUC: 0.85
Epoch [90/100] [TRAIN] Loss: 0.5403, Accuracy: 74.34%, AUC: 0.83 [VAL] Loss: 0.5110, Accuracy: 75.70%, Precision: 0.71, Recall: 0.82, F1: 0.76, AUC: 0.85
Epoch [91/100] [TRAIN] Loss: 0.5399, Accuracy: 74.29%, AUC: 0.83 [VAL] Loss: 0.5100, Accuracy: 75.70%, Precision: 0.71, Recall: 0.82, F1: 0.76, AUC: 0.85
Epoch [92/100] [TRAIN] Loss: 0.5417, Accuracy: 74.03%, AUC: 0.83 [VAL] Loss: 0.5102, Accuracy: 75.80%, Precision: 0.71, Recall: 0.82, F1: 0.76, AUC: 0.85
Epoch [93/100] [TRAIN] Loss: 0.5397, Accuracy: 74.38%, AUC: 0.83 [VAL] Loss: 0.5105, Accuracy: 75.80%, Precision: 0.71, Recall: 0.82, F1: 0.76, AUC: 0.85
Epoch [94/100] [TRAIN] Loss: 0.5396, Accuracy: 74.25%, AUC: 0.83 [VAL] Loss: 0.5105, Accuracy: 76.10%, Precision: 0.72, Recall: 0.82, F1: 0.76, AUC: 0.85
Epoch [95/100] [TRAIN] Loss: 0.5392, Accuracy: 74.81%, AUC: 0.83 [VAL] Loss: 0.5104, Accuracy: 76.10%, Precision: 0.72, Recall: 0.82, F1: 0.76, AUC: 0.85
Epoch [96/100] [TRAIN] Loss: 0.5429, Accuracy: 74.39%, AUC: 0.83 [VAL] Loss: 0.5110, Accuracy: 76.00%, Precision: 0.71, Recall: 0.82, F1: 0.76, AUC: 0.85
Epoch [97/100] [TRAIN] Loss: 0.5400, Accuracy: 74.39%, AUC: 0.83 [VAL] Loss: 0.5097, Accuracy: 75.90%, Precision: 0.71, Recall: 0.82, F1: 0.76, AUC: 0.85
Epoch [98/100] [TRAIN] Loss: 0.5410, Accuracy: 74.14%, AUC: 0.83 [VAL] Loss: 0.5092, Accuracy: 75.80%, Precision: 0.71, Recall: 0.82, F1: 0.76, AUC: 0.85
Epoch [99/100] [TRAIN] Loss: 0.5368, Accuracy: 74.61%, AUC: 0.83 [VAL] Loss: 0.5092, Accuracy: 75.80%, Precision: 0.71, Recall: 0.82, F1: 0.76, AUC: 0.85
Epoch [100/100] [TRAIN] Loss: 0.5397, Accuracy: 74.03%, AUC: 0.83 [VAL] Loss: 0.5097, Accuracy: 76.10%, Precision: 0.71, Recall: 0.82, F1: 0.76, AUC: 0.85
  Antisymmetry score (raw):        0.9080
  Antisymmetry score (confident):  1.0000
  Total violations:                92 / 1000
  Pairs near boundary:             179 (17.9%)
  Avg |prob-0.5| at violation:     0.0000

--- Training baselines (LogisticRegression, RandomForest, SVM) ---

  Training LogisticRegression...
  Val accuracy: 74.00%  |  Val AUC: 0.7992

  [LogisticRegression]  Accuracy: 71.70%  AUC: 0.7638  AUCPRC: 0.7278  Precision: 0.7291  Recall: 0.6646  F1: 0.6954  Antisym: 0.7690

  Training RandomForest...
  Val accuracy: 77.30%  |  Val AUC: 0.8503

  [RandomForest]  Accuracy: 73.70%  AUC: 0.8160  AUCPRC: 0.7939  Precision: 0.7494  Recall: 0.6893  F1: 0.7181  Antisym: 0.8130

  Training SVM_Linear...
  Val accuracy: 74.50%  |  Val AUC: 0.7979

  [SVM_Linear]  Accuracy: 71.70%  AUC: 0.7585  AUCPRC: 0.7168  Precision: 0.7458  Recall: 0.6337  F1: 0.6852  Antisym: 0.7530
Seed: 456
=== DirectRanker ===
Accuracy:  72.80 %
AUC:       0.8183
AUCPRC:    0.8033
Precision: 0.6953
Recall:    0.7840
F1-Score:  0.7369
Antisymmetry score:  0.9080  (1.0 = perfect, ~0.5 = random)

Detailed Classification Report:
              precision    recall  f1-score   support

           0       0.77      0.68      0.72       514
           1       0.70      0.78      0.74       486

    accuracy                           0.73      1000
   macro avg       0.73      0.73      0.73      1000
weighted avg       0.73      0.73      0.73      1000


Confusion Matrix:
[[347 167]
 [105 381]]

=== LogisticRegression ===
Accuracy:  71.70 %
AUC:       0.7638
AUCPRC:    0.7278
Precision: 0.7291
Recall:    0.6646
F1-Score:  0.6954
Antisymmetry score:  0.7690
Confusion Matrix:
[[394 120]
 [163 323]]

=== RandomForest ===
Accuracy:  73.70 %
AUC:       0.8160
AUCPRC:    0.7939
Precision: 0.7494
Recall:    0.6893
F1-Score:  0.7181
Antisymmetry score:  0.8130
Confusion Matrix:
[[402 112]
 [151 335]]

=== SVM_Linear ===
Accuracy:  71.70 %
AUC:       0.7585
AUCPRC:    0.7168
Precision: 0.7458
Recall:    0.6337
F1-Score:  0.6852
Antisymmetry score:  0.7530
Confusion Matrix:
[[409 105]
 [178 308]]

Saved combined test metrics: /group/pmc021/amunif/epi-thesis/workflow/16_Pairwise Ranking Healthy Liver/output/combined/donor_3/test/015-H3K4me3-H3K9ac-H3K9me3-seed456-test-metrics.csv
Saved combined ROC plot: /group/pmc021/amunif/epi-thesis/workflow/16_Pairwise Ranking Healthy Liver/output/combined/donor_3/img/roc/015-H3K4me3-H3K9ac-H3K9me3-seed456-roc-combined.png
Saved combined PRC plot: /group/pmc021/amunif/epi-thesis/workflow/16_Pairwise Ranking Healthy Liver/output/combined/donor_3/img/prc/015-H3K4me3-H3K9ac-H3K9me3-seed456-prc-combined.png

Finished 015-H3K4me3-H3K9ac-H3K9me3 (seed 456)

======================================================================
016-H3K4me3-H3K9ac-H3K27ac
======================================================================
Train label distribution:
  Label 0:   4036 (50.4%)
  Label 1:   3964 (49.5%)
Val label distribution:
  Label 0:    528 (52.8%)
  Label 1:    472 (47.2%)
Test label distribution:
  Label 0:    514 (51.4%)
  Label 1:    486 (48.6%)
Saved label distribution: /group/pmc021/amunif/epi-thesis/workflow/16_Pairwise Ranking Healthy Liver/output/combined/donor_3/test/016-H3K4me3-H3K9ac-H3K27ac-seed456-label-distribution.csv

--- Training DirectRanker ---
Epoch [1/100] [TRAIN] Loss: 0.6504, Accuracy: 66.61%, AUC: 0.73 [VAL] Loss: 0.5513, Accuracy: 76.10%, Precision: 0.73, Recall: 0.79, F1: 0.76, AUC: 0.84
Epoch [2/100] [TRAIN] Loss: 0.5934, Accuracy: 73.62%, AUC: 0.80 [VAL] Loss: 0.5339, Accuracy: 76.80%, Precision: 0.74, Recall: 0.79, F1: 0.76, AUC: 0.84
Epoch [3/100] [TRAIN] Loss: 0.5874, Accuracy: 74.06%, AUC: 0.80 [VAL] Loss: 0.5313, Accuracy: 76.70%, Precision: 0.74, Recall: 0.79, F1: 0.76, AUC: 0.84
Epoch [4/100] [TRAIN] Loss: 0.5771, Accuracy: 74.39%, AUC: 0.81 [VAL] Loss: 0.5286, Accuracy: 76.80%, Precision: 0.74, Recall: 0.79, F1: 0.76, AUC: 0.84
Epoch [5/100] [TRAIN] Loss: 0.5747, Accuracy: 74.58%, AUC: 0.81 [VAL] Loss: 0.5272, Accuracy: 76.60%, Precision: 0.73, Recall: 0.79, F1: 0.76, AUC: 0.84
Epoch [6/100] [TRAIN] Loss: 0.5739, Accuracy: 74.34%, AUC: 0.81 [VAL] Loss: 0.5263, Accuracy: 76.40%, Precision: 0.73, Recall: 0.79, F1: 0.76, AUC: 0.84
Epoch [7/100] [TRAIN] Loss: 0.5764, Accuracy: 73.95%, AUC: 0.81 [VAL] Loss: 0.5264, Accuracy: 76.60%, Precision: 0.73, Recall: 0.79, F1: 0.76, AUC: 0.84
Epoch [8/100] [TRAIN] Loss: 0.5687, Accuracy: 74.24%, AUC: 0.81 [VAL] Loss: 0.5252, Accuracy: 76.80%, Precision: 0.73, Recall: 0.80, F1: 0.76, AUC: 0.84
Epoch [9/100] [TRAIN] Loss: 0.5690, Accuracy: 74.76%, AUC: 0.81 [VAL] Loss: 0.5241, Accuracy: 76.90%, Precision: 0.73, Recall: 0.80, F1: 0.77, AUC: 0.84
Epoch [10/100] [TRAIN] Loss: 0.5669, Accuracy: 74.30%, AUC: 0.81 [VAL] Loss: 0.5240, Accuracy: 76.80%, Precision: 0.73, Recall: 0.80, F1: 0.77, AUC: 0.84
Epoch [11/100] [TRAIN] Loss: 0.5638, Accuracy: 74.86%, AUC: 0.82 [VAL] Loss: 0.5231, Accuracy: 76.90%, Precision: 0.73, Recall: 0.80, F1: 0.77, AUC: 0.84
Epoch [12/100] [TRAIN] Loss: 0.5637, Accuracy: 73.92%, AUC: 0.82 [VAL] Loss: 0.5224, Accuracy: 77.00%, Precision: 0.74, Recall: 0.80, F1: 0.77, AUC: 0.84
Epoch [13/100] [TRAIN] Loss: 0.5653, Accuracy: 74.41%, AUC: 0.82 [VAL] Loss: 0.5233, Accuracy: 76.90%, Precision: 0.73, Recall: 0.80, F1: 0.77, AUC: 0.85
Epoch [14/100] [TRAIN] Loss: 0.5656, Accuracy: 74.66%, AUC: 0.82 [VAL] Loss: 0.5227, Accuracy: 76.80%, Precision: 0.73, Recall: 0.80, F1: 0.76, AUC: 0.84
Epoch [15/100] [TRAIN] Loss: 0.5582, Accuracy: 74.88%, AUC: 0.82 [VAL] Loss: 0.5215, Accuracy: 76.70%, Precision: 0.73, Recall: 0.79, F1: 0.76, AUC: 0.85
Epoch [16/100] [TRAIN] Loss: 0.5631, Accuracy: 74.72%, AUC: 0.82 [VAL] Loss: 0.5218, Accuracy: 76.70%, Precision: 0.73, Recall: 0.80, F1: 0.76, AUC: 0.85
Epoch [17/100] [TRAIN] Loss: 0.5599, Accuracy: 74.70%, AUC: 0.82 [VAL] Loss: 0.5226, Accuracy: 76.60%, Precision: 0.73, Recall: 0.80, F1: 0.76, AUC: 0.85
Epoch [18/100] [TRAIN] Loss: 0.5568, Accuracy: 75.03%, AUC: 0.82 [VAL] Loss: 0.5214, Accuracy: 76.50%, Precision: 0.73, Recall: 0.80, F1: 0.76, AUC: 0.85
Epoch [19/100] [TRAIN] Loss: 0.5582, Accuracy: 74.99%, AUC: 0.82 [VAL] Loss: 0.5213, Accuracy: 76.80%, Precision: 0.73, Recall: 0.80, F1: 0.77, AUC: 0.85
Epoch [20/100] [TRAIN] Loss: 0.5571, Accuracy: 74.76%, AUC: 0.82 [VAL] Loss: 0.5195, Accuracy: 76.80%, Precision: 0.73, Recall: 0.80, F1: 0.77, AUC: 0.85
Epoch [21/100] [TRAIN] Loss: 0.5607, Accuracy: 74.62%, AUC: 0.82 [VAL] Loss: 0.5198, Accuracy: 76.90%, Precision: 0.73, Recall: 0.80, F1: 0.77, AUC: 0.85
Epoch [22/100] [TRAIN] Loss: 0.5535, Accuracy: 74.99%, AUC: 0.82 [VAL] Loss: 0.5189, Accuracy: 76.70%, Precision: 0.73, Recall: 0.80, F1: 0.76, AUC: 0.85
Epoch [23/100] [TRAIN] Loss: 0.5562, Accuracy: 75.00%, AUC: 0.82 [VAL] Loss: 0.5194, Accuracy: 76.70%, Precision: 0.73, Recall: 0.80, F1: 0.76, AUC: 0.85
Epoch [24/100] [TRAIN] Loss: 0.5559, Accuracy: 74.66%, AUC: 0.82 [VAL] Loss: 0.5186, Accuracy: 77.00%, Precision: 0.73, Recall: 0.81, F1: 0.77, AUC: 0.85
Epoch [25/100] [TRAIN] Loss: 0.5541, Accuracy: 75.55%, AUC: 0.82 [VAL] Loss: 0.5189, Accuracy: 76.90%, Precision: 0.73, Recall: 0.81, F1: 0.77, AUC: 0.85
Epoch [26/100] [TRAIN] Loss: 0.5545, Accuracy: 74.99%, AUC: 0.82 [VAL] Loss: 0.5185, Accuracy: 76.90%, Precision: 0.73, Recall: 0.81, F1: 0.77, AUC: 0.85
Epoch [27/100] [TRAIN] Loss: 0.5518, Accuracy: 74.90%, AUC: 0.82 [VAL] Loss: 0.5186, Accuracy: 76.80%, Precision: 0.73, Recall: 0.80, F1: 0.77, AUC: 0.85
Epoch [28/100] [TRAIN] Loss: 0.5502, Accuracy: 74.94%, AUC: 0.82 [VAL] Loss: 0.5172, Accuracy: 76.70%, Precision: 0.73, Recall: 0.80, F1: 0.76, AUC: 0.85
Epoch [29/100] [TRAIN] Loss: 0.5516, Accuracy: 74.62%, AUC: 0.82 [VAL] Loss: 0.5171, Accuracy: 76.80%, Precision: 0.73, Recall: 0.80, F1: 0.77, AUC: 0.85
Epoch [30/100] [TRAIN] Loss: 0.5540, Accuracy: 75.17%, AUC: 0.82 [VAL] Loss: 0.5178, Accuracy: 76.70%, Precision: 0.73, Recall: 0.80, F1: 0.76, AUC: 0.85
Epoch [31/100] [TRAIN] Loss: 0.5547, Accuracy: 74.89%, AUC: 0.82 [VAL] Loss: 0.5171, Accuracy: 76.80%, Precision: 0.73, Recall: 0.80, F1: 0.77, AUC: 0.85
Epoch [32/100] [TRAIN] Loss: 0.5545, Accuracy: 75.35%, AUC: 0.82 [VAL] Loss: 0.5179, Accuracy: 76.70%, Precision: 0.73, Recall: 0.80, F1: 0.76, AUC: 0.85
Epoch [33/100] [TRAIN] Loss: 0.5516, Accuracy: 74.99%, AUC: 0.82 [VAL] Loss: 0.5165, Accuracy: 76.90%, Precision: 0.73, Recall: 0.81, F1: 0.77, AUC: 0.85
Epoch [34/100] [TRAIN] Loss: 0.5496, Accuracy: 75.16%, AUC: 0.83 [VAL] Loss: 0.5163, Accuracy: 76.90%, Precision: 0.73, Recall: 0.80, F1: 0.77, AUC: 0.85
Epoch [35/100] [TRAIN] Loss: 0.5517, Accuracy: 75.24%, AUC: 0.82 [VAL] Loss: 0.5160, Accuracy: 76.70%, Precision: 0.73, Recall: 0.80, F1: 0.76, AUC: 0.85
Epoch [36/100] [TRAIN] Loss: 0.5524, Accuracy: 75.26%, AUC: 0.82 [VAL] Loss: 0.5162, Accuracy: 76.90%, Precision: 0.73, Recall: 0.80, F1: 0.77, AUC: 0.85
Epoch [37/100] [TRAIN] Loss: 0.5487, Accuracy: 74.71%, AUC: 0.82 [VAL] Loss: 0.5153, Accuracy: 76.80%, Precision: 0.73, Recall: 0.80, F1: 0.77, AUC: 0.85
Epoch [38/100] [TRAIN] Loss: 0.5497, Accuracy: 74.71%, AUC: 0.82 [VAL] Loss: 0.5147, Accuracy: 76.80%, Precision: 0.73, Recall: 0.80, F1: 0.77, AUC: 0.85
Epoch [39/100] [TRAIN] Loss: 0.5511, Accuracy: 74.96%, AUC: 0.82 [VAL] Loss: 0.5150, Accuracy: 76.60%, Precision: 0.73, Recall: 0.80, F1: 0.76, AUC: 0.85
Epoch [40/100] [TRAIN] Loss: 0.5521, Accuracy: 75.03%, AUC: 0.82 [VAL] Loss: 0.5152, Accuracy: 76.60%, Precision: 0.73, Recall: 0.80, F1: 0.76, AUC: 0.85
Epoch [41/100] [TRAIN] Loss: 0.5466, Accuracy: 75.51%, AUC: 0.83 [VAL] Loss: 0.5144, Accuracy: 76.50%, Precision: 0.73, Recall: 0.80, F1: 0.76, AUC: 0.85
Epoch [42/100] [TRAIN] Loss: 0.5515, Accuracy: 74.75%, AUC: 0.82 [VAL] Loss: 0.5144, Accuracy: 76.70%, Precision: 0.73, Recall: 0.80, F1: 0.76, AUC: 0.85
Epoch [43/100] [TRAIN] Loss: 0.5490, Accuracy: 75.56%, AUC: 0.83 [VAL] Loss: 0.5143, Accuracy: 76.80%, Precision: 0.73, Recall: 0.80, F1: 0.77, AUC: 0.85
Epoch [44/100] [TRAIN] Loss: 0.5472, Accuracy: 75.20%, AUC: 0.83 [VAL] Loss: 0.5135, Accuracy: 76.60%, Precision: 0.73, Recall: 0.80, F1: 0.76, AUC: 0.85
Epoch [45/100] [TRAIN] Loss: 0.5462, Accuracy: 75.44%, AUC: 0.83 [VAL] Loss: 0.5137, Accuracy: 76.90%, Precision: 0.73, Recall: 0.80, F1: 0.77, AUC: 0.85
Epoch [46/100] [TRAIN] Loss: 0.5499, Accuracy: 75.36%, AUC: 0.83 [VAL] Loss: 0.5129, Accuracy: 76.80%, Precision: 0.73, Recall: 0.80, F1: 0.77, AUC: 0.85
Epoch [47/100] [TRAIN] Loss: 0.5437, Accuracy: 75.12%, AUC: 0.83 [VAL] Loss: 0.5127, Accuracy: 76.80%, Precision: 0.73, Recall: 0.80, F1: 0.77, AUC: 0.85
Epoch [48/100] [TRAIN] Loss: 0.5445, Accuracy: 75.42%, AUC: 0.83 [VAL] Loss: 0.5121, Accuracy: 77.10%, Precision: 0.74, Recall: 0.80, F1: 0.77, AUC: 0.85
Epoch [49/100] [TRAIN] Loss: 0.5466, Accuracy: 75.11%, AUC: 0.83 [VAL] Loss: 0.5116, Accuracy: 77.00%, Precision: 0.74, Recall: 0.80, F1: 0.77, AUC: 0.85
Epoch [50/100] [TRAIN] Loss: 0.5437, Accuracy: 75.45%, AUC: 0.83 [VAL] Loss: 0.5119, Accuracy: 77.10%, Precision: 0.74, Recall: 0.80, F1: 0.77, AUC: 0.85
Epoch [51/100] [TRAIN] Loss: 0.5450, Accuracy: 74.89%, AUC: 0.83 [VAL] Loss: 0.5121, Accuracy: 77.00%, Precision: 0.73, Recall: 0.80, F1: 0.77, AUC: 0.85
Epoch [52/100] [TRAIN] Loss: 0.5471, Accuracy: 75.04%, AUC: 0.83 [VAL] Loss: 0.5115, Accuracy: 77.00%, Precision: 0.73, Recall: 0.80, F1: 0.77, AUC: 0.85
Epoch [53/100] [TRAIN] Loss: 0.5447, Accuracy: 75.46%, AUC: 0.83 [VAL] Loss: 0.5109, Accuracy: 77.00%, Precision: 0.74, Recall: 0.80, F1: 0.77, AUC: 0.85
Epoch [54/100] [TRAIN] Loss: 0.5435, Accuracy: 75.69%, AUC: 0.83 [VAL] Loss: 0.5110, Accuracy: 77.10%, Precision: 0.74, Recall: 0.80, F1: 0.77, AUC: 0.85
Epoch [55/100] [TRAIN] Loss: 0.5452, Accuracy: 75.30%, AUC: 0.83 [VAL] Loss: 0.5110, Accuracy: 77.10%, Precision: 0.74, Recall: 0.80, F1: 0.77, AUC: 0.85
Epoch [56/100] [TRAIN] Loss: 0.5452, Accuracy: 74.92%, AUC: 0.83 [VAL] Loss: 0.5102, Accuracy: 77.10%, Precision: 0.74, Recall: 0.80, F1: 0.77, AUC: 0.85
Epoch [57/100] [TRAIN] Loss: 0.5438, Accuracy: 75.22%, AUC: 0.83 [VAL] Loss: 0.5104, Accuracy: 77.20%, Precision: 0.74, Recall: 0.80, F1: 0.77, AUC: 0.85
Epoch [58/100] [TRAIN] Loss: 0.5442, Accuracy: 74.89%, AUC: 0.83 [VAL] Loss: 0.5101, Accuracy: 77.10%, Precision: 0.74, Recall: 0.80, F1: 0.77, AUC: 0.85
Epoch [59/100] [TRAIN] Loss: 0.5440, Accuracy: 75.25%, AUC: 0.83 [VAL] Loss: 0.5101, Accuracy: 77.10%, Precision: 0.74, Recall: 0.80, F1: 0.77, AUC: 0.85
Epoch [60/100] [TRAIN] Loss: 0.5440, Accuracy: 75.21%, AUC: 0.83 [VAL] Loss: 0.5109, Accuracy: 77.20%, Precision: 0.74, Recall: 0.81, F1: 0.77, AUC: 0.85
Epoch [61/100] [TRAIN] Loss: 0.5423, Accuracy: 75.14%, AUC: 0.83 [VAL] Loss: 0.5099, Accuracy: 77.30%, Precision: 0.74, Recall: 0.81, F1: 0.77, AUC: 0.85
Epoch [62/100] [TRAIN] Loss: 0.5385, Accuracy: 75.21%, AUC: 0.83 [VAL] Loss: 0.5086, Accuracy: 77.40%, Precision: 0.74, Recall: 0.81, F1: 0.77, AUC: 0.85
Epoch [63/100] [TRAIN] Loss: 0.5426, Accuracy: 74.65%, AUC: 0.83 [VAL] Loss: 0.5089, Accuracy: 77.20%, Precision: 0.74, Recall: 0.81, F1: 0.77, AUC: 0.85
Epoch [64/100] [TRAIN] Loss: 0.5398, Accuracy: 75.28%, AUC: 0.83 [VAL] Loss: 0.5087, Accuracy: 77.40%, Precision: 0.74, Recall: 0.80, F1: 0.77, AUC: 0.85
Epoch [65/100] [TRAIN] Loss: 0.5448, Accuracy: 74.97%, AUC: 0.83 [VAL] Loss: 0.5086, Accuracy: 77.30%, Precision: 0.74, Recall: 0.80, F1: 0.77, AUC: 0.85
Epoch [66/100] [TRAIN] Loss: 0.5399, Accuracy: 74.62%, AUC: 0.83 [VAL] Loss: 0.5082, Accuracy: 77.40%, Precision: 0.74, Recall: 0.80, F1: 0.77, AUC: 0.85
Epoch [67/100] [TRAIN] Loss: 0.5400, Accuracy: 75.50%, AUC: 0.83 [VAL] Loss: 0.5079, Accuracy: 77.30%, Precision: 0.74, Recall: 0.80, F1: 0.77, AUC: 0.85
Epoch [68/100] [TRAIN] Loss: 0.5420, Accuracy: 75.50%, AUC: 0.83 [VAL] Loss: 0.5077, Accuracy: 77.30%, Precision: 0.74, Recall: 0.80, F1: 0.77, AUC: 0.85
Epoch [69/100] [TRAIN] Loss: 0.5405, Accuracy: 75.55%, AUC: 0.83 [VAL] Loss: 0.5083, Accuracy: 77.30%, Precision: 0.74, Recall: 0.80, F1: 0.77, AUC: 0.85
Epoch [70/100] [TRAIN] Loss: 0.5397, Accuracy: 75.39%, AUC: 0.83 [VAL] Loss: 0.5073, Accuracy: 77.30%, Precision: 0.74, Recall: 0.80, F1: 0.77, AUC: 0.85
Epoch [71/100] [TRAIN] Loss: 0.5396, Accuracy: 75.54%, AUC: 0.83 [VAL] Loss: 0.5074, Accuracy: 77.30%, Precision: 0.74, Recall: 0.80, F1: 0.77, AUC: 0.85
Epoch [72/100] [TRAIN] Loss: 0.5367, Accuracy: 75.54%, AUC: 0.83 [VAL] Loss: 0.5077, Accuracy: 77.40%, Precision: 0.74, Recall: 0.80, F1: 0.77, AUC: 0.85
Epoch [73/100] [TRAIN] Loss: 0.5400, Accuracy: 75.21%, AUC: 0.83 [VAL] Loss: 0.5072, Accuracy: 77.40%, Precision: 0.74, Recall: 0.80, F1: 0.77, AUC: 0.85
Epoch [74/100] [TRAIN] Loss: 0.5358, Accuracy: 75.15%, AUC: 0.83 [VAL] Loss: 0.5071, Accuracy: 77.30%, Precision: 0.74, Recall: 0.80, F1: 0.77, AUC: 0.85
Epoch [75/100] [TRAIN] Loss: 0.5358, Accuracy: 75.66%, AUC: 0.83 [VAL] Loss: 0.5069, Accuracy: 77.20%, Precision: 0.74, Recall: 0.80, F1: 0.77, AUC: 0.85
Epoch [76/100] [TRAIN] Loss: 0.5384, Accuracy: 75.30%, AUC: 0.83 [VAL] Loss: 0.5071, Accuracy: 77.50%, Precision: 0.74, Recall: 0.80, F1: 0.77, AUC: 0.85
Epoch [77/100] [TRAIN] Loss: 0.5373, Accuracy: 75.29%, AUC: 0.83 [VAL] Loss: 0.5070, Accuracy: 77.30%, Precision: 0.74, Recall: 0.80, F1: 0.77, AUC: 0.85
Epoch [78/100] [TRAIN] Loss: 0.5350, Accuracy: 75.54%, AUC: 0.83 [VAL] Loss: 0.5064, Accuracy: 77.40%, Precision: 0.74, Recall: 0.80, F1: 0.77, AUC: 0.85
Epoch [79/100] [TRAIN] Loss: 0.5353, Accuracy: 75.60%, AUC: 0.83 [VAL] Loss: 0.5063, Accuracy: 77.40%, Precision: 0.74, Recall: 0.80, F1: 0.77, AUC: 0.85
Epoch [80/100] [TRAIN] Loss: 0.5338, Accuracy: 75.94%, AUC: 0.83 [VAL] Loss: 0.5053, Accuracy: 77.20%, Precision: 0.74, Recall: 0.80, F1: 0.77, AUC: 0.85
Epoch [81/100] [TRAIN] Loss: 0.5350, Accuracy: 75.79%, AUC: 0.83 [VAL] Loss: 0.5048, Accuracy: 77.40%, Precision: 0.74, Recall: 0.80, F1: 0.77, AUC: 0.85
Epoch [82/100] [TRAIN] Loss: 0.5335, Accuracy: 75.35%, AUC: 0.83 [VAL] Loss: 0.5045, Accuracy: 77.20%, Precision: 0.74, Recall: 0.80, F1: 0.77, AUC: 0.85
Epoch [83/100] [TRAIN] Loss: 0.5360, Accuracy: 75.49%, AUC: 0.83 [VAL] Loss: 0.5044, Accuracy: 77.40%, Precision: 0.74, Recall: 0.80, F1: 0.77, AUC: 0.85
Epoch [84/100] [TRAIN] Loss: 0.5340, Accuracy: 75.38%, AUC: 0.83 [VAL] Loss: 0.5037, Accuracy: 77.40%, Precision: 0.74, Recall: 0.80, F1: 0.77, AUC: 0.85
Epoch [85/100] [TRAIN] Loss: 0.5349, Accuracy: 75.71%, AUC: 0.83 [VAL] Loss: 0.5035, Accuracy: 77.50%, Precision: 0.74, Recall: 0.80, F1: 0.77, AUC: 0.85
Epoch [86/100] [TRAIN] Loss: 0.5363, Accuracy: 75.96%, AUC: 0.83 [VAL] Loss: 0.5036, Accuracy: 77.40%, Precision: 0.74, Recall: 0.80, F1: 0.77, AUC: 0.85
Epoch [87/100] [TRAIN] Loss: 0.5370, Accuracy: 75.51%, AUC: 0.83 [VAL] Loss: 0.5040, Accuracy: 77.40%, Precision: 0.74, Recall: 0.80, F1: 0.77, AUC: 0.85
Epoch [88/100] [TRAIN] Loss: 0.5311, Accuracy: 75.44%, AUC: 0.84 [VAL] Loss: 0.5035, Accuracy: 77.30%, Precision: 0.74, Recall: 0.80, F1: 0.77, AUC: 0.85
Epoch [89/100] [TRAIN] Loss: 0.5345, Accuracy: 75.67%, AUC: 0.83 [VAL] Loss: 0.5034, Accuracy: 77.40%, Precision: 0.74, Recall: 0.80, F1: 0.77, AUC: 0.85
Epoch [90/100] [TRAIN] Loss: 0.5362, Accuracy: 75.62%, AUC: 0.83 [VAL] Loss: 0.5031, Accuracy: 77.50%, Precision: 0.74, Recall: 0.80, F1: 0.77, AUC: 0.85
Epoch [91/100] [TRAIN] Loss: 0.5376, Accuracy: 75.12%, AUC: 0.83 [VAL] Loss: 0.5042, Accuracy: 77.30%, Precision: 0.74, Recall: 0.80, F1: 0.77, AUC: 0.85
Epoch [92/100] [TRAIN] Loss: 0.5355, Accuracy: 74.96%, AUC: 0.83 [VAL] Loss: 0.5036, Accuracy: 77.20%, Precision: 0.74, Recall: 0.80, F1: 0.77, AUC: 0.85
Epoch [93/100] [TRAIN] Loss: 0.5363, Accuracy: 75.28%, AUC: 0.83 [VAL] Loss: 0.5040, Accuracy: 77.10%, Precision: 0.74, Recall: 0.80, F1: 0.77, AUC: 0.85
Epoch [94/100] [TRAIN] Loss: 0.5364, Accuracy: 75.54%, AUC: 0.83 [VAL] Loss: 0.5031, Accuracy: 77.30%, Precision: 0.74, Recall: 0.80, F1: 0.77, AUC: 0.85
Epoch [95/100] [TRAIN] Loss: 0.5345, Accuracy: 75.44%, AUC: 0.83 [VAL] Loss: 0.5029, Accuracy: 77.30%, Precision: 0.74, Recall: 0.80, F1: 0.77, AUC: 0.85
Epoch [96/100] [TRAIN] Loss: 0.5370, Accuracy: 75.25%, AUC: 0.83 [VAL] Loss: 0.5025, Accuracy: 77.40%, Precision: 0.74, Recall: 0.80, F1: 0.77, AUC: 0.85
Epoch [97/100] [TRAIN] Loss: 0.5345, Accuracy: 75.76%, AUC: 0.83 [VAL] Loss: 0.5021, Accuracy: 77.30%, Precision: 0.74, Recall: 0.80, F1: 0.77, AUC: 0.85
Epoch [98/100] [TRAIN] Loss: 0.5339, Accuracy: 75.74%, AUC: 0.83 [VAL] Loss: 0.5025, Accuracy: 77.40%, Precision: 0.74, Recall: 0.80, F1: 0.77, AUC: 0.85
Epoch [99/100] [TRAIN] Loss: 0.5304, Accuracy: 75.83%, AUC: 0.84 [VAL] Loss: 0.5015, Accuracy: 77.40%, Precision: 0.74, Recall: 0.80, F1: 0.77, AUC: 0.85
Epoch [100/100] [TRAIN] Loss: 0.5308, Accuracy: 75.80%, AUC: 0.84 [VAL] Loss: 0.5019, Accuracy: 77.30%, Precision: 0.74, Recall: 0.80, F1: 0.77, AUC: 0.85
  Antisymmetry score (raw):        0.9260
  Antisymmetry score (confident):  1.0000
  Total violations:                74 / 1000
  Pairs near boundary:             160 (16.0%)
  Avg |prob-0.5| at violation:     0.0000

--- Training baselines (LogisticRegression, RandomForest, SVM) ---

  Training LogisticRegression...
  Val accuracy: 73.80%  |  Val AUC: 0.8063

  [LogisticRegression]  Accuracy: 72.70%  AUC: 0.7793  AUCPRC: 0.7642  Precision: 0.7415  Recall: 0.6728  F1: 0.7055  Antisym: 0.7700

  Training RandomForest...
  Val accuracy: 77.60%  |  Val AUC: 0.8658

  [RandomForest]  Accuracy: 76.30%  AUC: 0.8330  AUCPRC: 0.8145  Precision: 0.7798  Recall: 0.7140  F1: 0.7454  Antisym: 0.8390

  Training SVM_Linear...
  Val accuracy: 73.80%  |  Val AUC: 0.8066

  [SVM_Linear]  Accuracy: 72.90%  AUC: 0.7758  AUCPRC: 0.7650  Precision: 0.7449  Recall: 0.6728  F1: 0.7070  Antisym: 0.7630
Seed: 456
=== DirectRanker ===
Accuracy:  74.40 %
AUC:       0.8265
AUCPRC:    0.8132
Precision: 0.7178
Recall:    0.7798
F1-Score:  0.7475
Antisymmetry score:  0.9260  (1.0 = perfect, ~0.5 = random)

Detailed Classification Report:
              precision    recall  f1-score   support

           0       0.77      0.71      0.74       514
           1       0.72      0.78      0.75       486

    accuracy                           0.74      1000
   macro avg       0.75      0.74      0.74      1000
weighted avg       0.75      0.74      0.74      1000


Confusion Matrix:
[[365 149]
 [107 379]]

=== LogisticRegression ===
Accuracy:  72.70 %
AUC:       0.7793
AUCPRC:    0.7642
Precision: 0.7415
Recall:    0.6728
F1-Score:  0.7055
Antisymmetry score:  0.7700
Confusion Matrix:
[[400 114]
 [159 327]]

=== RandomForest ===
Accuracy:  76.30 %
AUC:       0.8330
AUCPRC:    0.8145
Precision: 0.7798
Recall:    0.7140
F1-Score:  0.7454
Antisymmetry score:  0.8390
Confusion Matrix:
[[416  98]
 [139 347]]

=== SVM_Linear ===
Accuracy:  72.90 %
AUC:       0.7758
AUCPRC:    0.7650
Precision: 0.7449
Recall:    0.6728
F1-Score:  0.7070
Antisymmetry score:  0.7630
Confusion Matrix:
[[402 112]
 [159 327]]

Saved combined test metrics: /group/pmc021/amunif/epi-thesis/workflow/16_Pairwise Ranking Healthy Liver/output/combined/donor_3/test/016-H3K4me3-H3K9ac-H3K27ac-seed456-test-metrics.csv
Saved combined ROC plot: /group/pmc021/amunif/epi-thesis/workflow/16_Pairwise Ranking Healthy Liver/output/combined/donor_3/img/roc/016-H3K4me3-H3K9ac-H3K27ac-seed456-roc-combined.png
Saved combined PRC plot: /group/pmc021/amunif/epi-thesis/workflow/16_Pairwise Ranking Healthy Liver/output/combined/donor_3/img/prc/016-H3K4me3-H3K9ac-H3K27ac-seed456-prc-combined.png

Finished 016-H3K4me3-H3K9ac-H3K27ac (seed 456)

======================================================================
017-H3K4me3-H3K9ac-H3K27me3
======================================================================
Train label distribution:
  Label 0:   4036 (50.4%)
  Label 1:   3964 (49.5%)
Val label distribution:
  Label 0:    528 (52.8%)
  Label 1:    472 (47.2%)
Test label distribution:
  Label 0:    514 (51.4%)
  Label 1:    486 (48.6%)
Saved label distribution: /group/pmc021/amunif/epi-thesis/workflow/16_Pairwise Ranking Healthy Liver/output/combined/donor_3/test/017-H3K4me3-H3K9ac-H3K27me3-seed456-label-distribution.csv

--- Training DirectRanker ---
Epoch [1/100] [TRAIN] Loss: 0.6429, Accuracy: 67.71%, AUC: 0.74 [VAL] Loss: 0.5618, Accuracy: 73.90%, Precision: 0.70, Recall: 0.78, F1: 0.74, AUC: 0.83
Epoch [2/100] [TRAIN] Loss: 0.5972, Accuracy: 72.09%, AUC: 0.79 [VAL] Loss: 0.5462, Accuracy: 74.20%, Precision: 0.70, Recall: 0.78, F1: 0.74, AUC: 0.83
Epoch [3/100] [TRAIN] Loss: 0.5878, Accuracy: 72.96%, AUC: 0.80 [VAL] Loss: 0.5413, Accuracy: 74.80%, Precision: 0.71, Recall: 0.78, F1: 0.75, AUC: 0.83
Epoch [4/100] [TRAIN] Loss: 0.5856, Accuracy: 72.72%, AUC: 0.80 [VAL] Loss: 0.5390, Accuracy: 75.10%, Precision: 0.71, Recall: 0.79, F1: 0.75, AUC: 0.83
Epoch [5/100] [TRAIN] Loss: 0.5788, Accuracy: 72.64%, AUC: 0.80 [VAL] Loss: 0.5371, Accuracy: 75.30%, Precision: 0.72, Recall: 0.79, F1: 0.75, AUC: 0.84
Epoch [6/100] [TRAIN] Loss: 0.5819, Accuracy: 72.84%, AUC: 0.80 [VAL] Loss: 0.5362, Accuracy: 75.40%, Precision: 0.72, Recall: 0.79, F1: 0.75, AUC: 0.84
Epoch [7/100] [TRAIN] Loss: 0.5733, Accuracy: 73.59%, AUC: 0.81 [VAL] Loss: 0.5342, Accuracy: 75.70%, Precision: 0.72, Recall: 0.79, F1: 0.76, AUC: 0.84
Epoch [8/100] [TRAIN] Loss: 0.5731, Accuracy: 73.12%, AUC: 0.81 [VAL] Loss: 0.5328, Accuracy: 75.50%, Precision: 0.72, Recall: 0.79, F1: 0.75, AUC: 0.84
Epoch [9/100] [TRAIN] Loss: 0.5704, Accuracy: 72.97%, AUC: 0.81 [VAL] Loss: 0.5319, Accuracy: 75.70%, Precision: 0.72, Recall: 0.79, F1: 0.75, AUC: 0.84
Epoch [10/100] [TRAIN] Loss: 0.5691, Accuracy: 73.47%, AUC: 0.81 [VAL] Loss: 0.5309, Accuracy: 75.60%, Precision: 0.72, Recall: 0.79, F1: 0.75, AUC: 0.84
Epoch [11/100] [TRAIN] Loss: 0.5707, Accuracy: 73.15%, AUC: 0.81 [VAL] Loss: 0.5304, Accuracy: 75.80%, Precision: 0.72, Recall: 0.79, F1: 0.76, AUC: 0.84
Epoch [12/100] [TRAIN] Loss: 0.5680, Accuracy: 73.31%, AUC: 0.81 [VAL] Loss: 0.5298, Accuracy: 75.80%, Precision: 0.72, Recall: 0.79, F1: 0.76, AUC: 0.84
Epoch [13/100] [TRAIN] Loss: 0.5687, Accuracy: 73.55%, AUC: 0.81 [VAL] Loss: 0.5290, Accuracy: 75.50%, Precision: 0.72, Recall: 0.79, F1: 0.75, AUC: 0.84
Epoch [14/100] [TRAIN] Loss: 0.5688, Accuracy: 73.31%, AUC: 0.81 [VAL] Loss: 0.5285, Accuracy: 75.70%, Precision: 0.72, Recall: 0.79, F1: 0.75, AUC: 0.84
Epoch [15/100] [TRAIN] Loss: 0.5678, Accuracy: 73.46%, AUC: 0.81 [VAL] Loss: 0.5276, Accuracy: 75.80%, Precision: 0.72, Recall: 0.79, F1: 0.76, AUC: 0.84
Epoch [16/100] [TRAIN] Loss: 0.5688, Accuracy: 73.28%, AUC: 0.81 [VAL] Loss: 0.5273, Accuracy: 75.70%, Precision: 0.72, Recall: 0.79, F1: 0.75, AUC: 0.84
Epoch [17/100] [TRAIN] Loss: 0.5626, Accuracy: 73.42%, AUC: 0.81 [VAL] Loss: 0.5267, Accuracy: 75.60%, Precision: 0.72, Recall: 0.79, F1: 0.75, AUC: 0.84
Epoch [18/100] [TRAIN] Loss: 0.5636, Accuracy: 74.15%, AUC: 0.81 [VAL] Loss: 0.5260, Accuracy: 75.70%, Precision: 0.72, Recall: 0.79, F1: 0.75, AUC: 0.84
Epoch [19/100] [TRAIN] Loss: 0.5588, Accuracy: 74.00%, AUC: 0.82 [VAL] Loss: 0.5251, Accuracy: 75.70%, Precision: 0.72, Recall: 0.79, F1: 0.75, AUC: 0.84
Epoch [20/100] [TRAIN] Loss: 0.5648, Accuracy: 73.45%, AUC: 0.81 [VAL] Loss: 0.5251, Accuracy: 75.80%, Precision: 0.72, Recall: 0.79, F1: 0.76, AUC: 0.84
Epoch [21/100] [TRAIN] Loss: 0.5634, Accuracy: 73.64%, AUC: 0.81 [VAL] Loss: 0.5247, Accuracy: 75.90%, Precision: 0.72, Recall: 0.79, F1: 0.76, AUC: 0.84
Epoch [22/100] [TRAIN] Loss: 0.5552, Accuracy: 74.04%, AUC: 0.82 [VAL] Loss: 0.5238, Accuracy: 76.00%, Precision: 0.72, Recall: 0.79, F1: 0.76, AUC: 0.84
Epoch [23/100] [TRAIN] Loss: 0.5598, Accuracy: 73.38%, AUC: 0.81 [VAL] Loss: 0.5231, Accuracy: 76.00%, Precision: 0.72, Recall: 0.79, F1: 0.76, AUC: 0.84
Epoch [24/100] [TRAIN] Loss: 0.5604, Accuracy: 73.60%, AUC: 0.81 [VAL] Loss: 0.5229, Accuracy: 75.80%, Precision: 0.72, Recall: 0.79, F1: 0.76, AUC: 0.84
Epoch [25/100] [TRAIN] Loss: 0.5561, Accuracy: 74.19%, AUC: 0.82 [VAL] Loss: 0.5225, Accuracy: 75.50%, Precision: 0.72, Recall: 0.79, F1: 0.75, AUC: 0.84
Epoch [26/100] [TRAIN] Loss: 0.5589, Accuracy: 73.67%, AUC: 0.82 [VAL] Loss: 0.5219, Accuracy: 75.60%, Precision: 0.72, Recall: 0.79, F1: 0.75, AUC: 0.84
Epoch [27/100] [TRAIN] Loss: 0.5563, Accuracy: 73.53%, AUC: 0.82 [VAL] Loss: 0.5215, Accuracy: 75.70%, Precision: 0.72, Recall: 0.79, F1: 0.75, AUC: 0.84
Epoch [28/100] [TRAIN] Loss: 0.5583, Accuracy: 74.05%, AUC: 0.82 [VAL] Loss: 0.5215, Accuracy: 75.80%, Precision: 0.72, Recall: 0.79, F1: 0.76, AUC: 0.84
Epoch [29/100] [TRAIN] Loss: 0.5535, Accuracy: 73.94%, AUC: 0.82 [VAL] Loss: 0.5207, Accuracy: 75.60%, Precision: 0.72, Recall: 0.79, F1: 0.75, AUC: 0.84
Epoch [30/100] [TRAIN] Loss: 0.5582, Accuracy: 73.56%, AUC: 0.82 [VAL] Loss: 0.5207, Accuracy: 75.80%, Precision: 0.72, Recall: 0.79, F1: 0.76, AUC: 0.84
Epoch [31/100] [TRAIN] Loss: 0.5596, Accuracy: 73.30%, AUC: 0.81 [VAL] Loss: 0.5203, Accuracy: 75.70%, Precision: 0.72, Recall: 0.79, F1: 0.75, AUC: 0.84
Epoch [32/100] [TRAIN] Loss: 0.5557, Accuracy: 73.67%, AUC: 0.82 [VAL] Loss: 0.5201, Accuracy: 75.50%, Precision: 0.72, Recall: 0.79, F1: 0.75, AUC: 0.84
Epoch [33/100] [TRAIN] Loss: 0.5506, Accuracy: 73.97%, AUC: 0.82 [VAL] Loss: 0.5197, Accuracy: 75.40%, Precision: 0.72, Recall: 0.79, F1: 0.75, AUC: 0.84
Epoch [34/100] [TRAIN] Loss: 0.5576, Accuracy: 73.39%, AUC: 0.82 [VAL] Loss: 0.5196, Accuracy: 75.50%, Precision: 0.72, Recall: 0.79, F1: 0.75, AUC: 0.84
Epoch [35/100] [TRAIN] Loss: 0.5535, Accuracy: 73.97%, AUC: 0.82 [VAL] Loss: 0.5187, Accuracy: 75.40%, Precision: 0.72, Recall: 0.79, F1: 0.75, AUC: 0.85
Epoch [36/100] [TRAIN] Loss: 0.5542, Accuracy: 73.59%, AUC: 0.82 [VAL] Loss: 0.5182, Accuracy: 75.40%, Precision: 0.72, Recall: 0.79, F1: 0.75, AUC: 0.85
Epoch [37/100] [TRAIN] Loss: 0.5491, Accuracy: 73.80%, AUC: 0.82 [VAL] Loss: 0.5175, Accuracy: 75.40%, Precision: 0.72, Recall: 0.79, F1: 0.75, AUC: 0.85
Epoch [38/100] [TRAIN] Loss: 0.5538, Accuracy: 74.17%, AUC: 0.82 [VAL] Loss: 0.5174, Accuracy: 75.60%, Precision: 0.72, Recall: 0.79, F1: 0.75, AUC: 0.85
Epoch [39/100] [TRAIN] Loss: 0.5535, Accuracy: 73.33%, AUC: 0.82 [VAL] Loss: 0.5174, Accuracy: 75.70%, Precision: 0.72, Recall: 0.79, F1: 0.75, AUC: 0.85
Epoch [40/100] [TRAIN] Loss: 0.5529, Accuracy: 73.83%, AUC: 0.82 [VAL] Loss: 0.5177, Accuracy: 75.60%, Precision: 0.72, Recall: 0.79, F1: 0.75, AUC: 0.85
Epoch [41/100] [TRAIN] Loss: 0.5516, Accuracy: 73.66%, AUC: 0.82 [VAL] Loss: 0.5174, Accuracy: 75.50%, Precision: 0.72, Recall: 0.79, F1: 0.75, AUC: 0.85
Epoch [42/100] [TRAIN] Loss: 0.5523, Accuracy: 73.62%, AUC: 0.82 [VAL] Loss: 0.5166, Accuracy: 75.60%, Precision: 0.72, Recall: 0.79, F1: 0.75, AUC: 0.85
Epoch [43/100] [TRAIN] Loss: 0.5504, Accuracy: 73.72%, AUC: 0.82 [VAL] Loss: 0.5162, Accuracy: 75.60%, Precision: 0.72, Recall: 0.79, F1: 0.75, AUC: 0.85
Epoch [44/100] [TRAIN] Loss: 0.5470, Accuracy: 74.12%, AUC: 0.82 [VAL] Loss: 0.5153, Accuracy: 75.80%, Precision: 0.72, Recall: 0.79, F1: 0.76, AUC: 0.85
Epoch [45/100] [TRAIN] Loss: 0.5482, Accuracy: 73.47%, AUC: 0.82 [VAL] Loss: 0.5154, Accuracy: 75.80%, Precision: 0.72, Recall: 0.79, F1: 0.76, AUC: 0.85
Epoch [46/100] [TRAIN] Loss: 0.5467, Accuracy: 74.29%, AUC: 0.82 [VAL] Loss: 0.5150, Accuracy: 75.90%, Precision: 0.72, Recall: 0.79, F1: 0.76, AUC: 0.85
Epoch [47/100] [TRAIN] Loss: 0.5520, Accuracy: 73.62%, AUC: 0.82 [VAL] Loss: 0.5151, Accuracy: 75.90%, Precision: 0.72, Recall: 0.79, F1: 0.76, AUC: 0.85
Epoch [48/100] [TRAIN] Loss: 0.5470, Accuracy: 74.06%, AUC: 0.82 [VAL] Loss: 0.5147, Accuracy: 75.80%, Precision: 0.72, Recall: 0.79, F1: 0.76, AUC: 0.85
Epoch [49/100] [TRAIN] Loss: 0.5443, Accuracy: 74.17%, AUC: 0.83 [VAL] Loss: 0.5142, Accuracy: 75.90%, Precision: 0.72, Recall: 0.79, F1: 0.76, AUC: 0.85
Epoch [50/100] [TRAIN] Loss: 0.5485, Accuracy: 73.99%, AUC: 0.82 [VAL] Loss: 0.5141, Accuracy: 75.80%, Precision: 0.72, Recall: 0.79, F1: 0.76, AUC: 0.85
Epoch [51/100] [TRAIN] Loss: 0.5482, Accuracy: 73.65%, AUC: 0.82 [VAL] Loss: 0.5144, Accuracy: 75.70%, Precision: 0.72, Recall: 0.79, F1: 0.75, AUC: 0.85
Epoch [52/100] [TRAIN] Loss: 0.5462, Accuracy: 73.95%, AUC: 0.82 [VAL] Loss: 0.5139, Accuracy: 75.90%, Precision: 0.72, Recall: 0.79, F1: 0.76, AUC: 0.85
Epoch [53/100] [TRAIN] Loss: 0.5468, Accuracy: 73.79%, AUC: 0.82 [VAL] Loss: 0.5140, Accuracy: 75.80%, Precision: 0.72, Recall: 0.79, F1: 0.76, AUC: 0.85
Epoch [54/100] [TRAIN] Loss: 0.5466, Accuracy: 74.41%, AUC: 0.82 [VAL] Loss: 0.5134, Accuracy: 75.80%, Precision: 0.72, Recall: 0.79, F1: 0.76, AUC: 0.85
Epoch [55/100] [TRAIN] Loss: 0.5428, Accuracy: 74.38%, AUC: 0.83 [VAL] Loss: 0.5132, Accuracy: 75.80%, Precision: 0.72, Recall: 0.79, F1: 0.76, AUC: 0.85
Epoch [56/100] [TRAIN] Loss: 0.5468, Accuracy: 74.00%, AUC: 0.82 [VAL] Loss: 0.5133, Accuracy: 75.70%, Precision: 0.72, Recall: 0.79, F1: 0.75, AUC: 0.85
Epoch [57/100] [TRAIN] Loss: 0.5457, Accuracy: 74.08%, AUC: 0.82 [VAL] Loss: 0.5130, Accuracy: 75.80%, Precision: 0.72, Recall: 0.79, F1: 0.76, AUC: 0.85
Epoch [58/100] [TRAIN] Loss: 0.5429, Accuracy: 74.85%, AUC: 0.83 [VAL] Loss: 0.5124, Accuracy: 75.80%, Precision: 0.72, Recall: 0.79, F1: 0.76, AUC: 0.85
Epoch [59/100] [TRAIN] Loss: 0.5449, Accuracy: 73.67%, AUC: 0.82 [VAL] Loss: 0.5125, Accuracy: 75.90%, Precision: 0.72, Recall: 0.79, F1: 0.76, AUC: 0.85
Epoch [60/100] [TRAIN] Loss: 0.5455, Accuracy: 73.95%, AUC: 0.82 [VAL] Loss: 0.5122, Accuracy: 75.90%, Precision: 0.72, Recall: 0.79, F1: 0.76, AUC: 0.85
Epoch [61/100] [TRAIN] Loss: 0.5448, Accuracy: 74.33%, AUC: 0.82 [VAL] Loss: 0.5115, Accuracy: 75.80%, Precision: 0.72, Recall: 0.79, F1: 0.76, AUC: 0.85
Epoch [62/100] [TRAIN] Loss: 0.5457, Accuracy: 74.36%, AUC: 0.82 [VAL] Loss: 0.5117, Accuracy: 75.80%, Precision: 0.72, Recall: 0.79, F1: 0.76, AUC: 0.85
Epoch [63/100] [TRAIN] Loss: 0.5439, Accuracy: 73.86%, AUC: 0.82 [VAL] Loss: 0.5117, Accuracy: 75.90%, Precision: 0.72, Recall: 0.79, F1: 0.76, AUC: 0.85
Epoch [64/100] [TRAIN] Loss: 0.5394, Accuracy: 73.75%, AUC: 0.83 [VAL] Loss: 0.5111, Accuracy: 75.90%, Precision: 0.72, Recall: 0.79, F1: 0.76, AUC: 0.85
Epoch [65/100] [TRAIN] Loss: 0.5433, Accuracy: 73.99%, AUC: 0.82 [VAL] Loss: 0.5110, Accuracy: 76.10%, Precision: 0.73, Recall: 0.79, F1: 0.76, AUC: 0.85
Epoch [66/100] [TRAIN] Loss: 0.5423, Accuracy: 74.26%, AUC: 0.83 [VAL] Loss: 0.5104, Accuracy: 76.00%, Precision: 0.72, Recall: 0.79, F1: 0.76, AUC: 0.85
Epoch [67/100] [TRAIN] Loss: 0.5422, Accuracy: 73.94%, AUC: 0.83 [VAL] Loss: 0.5108, Accuracy: 76.10%, Precision: 0.73, Recall: 0.79, F1: 0.76, AUC: 0.85
Epoch [68/100] [TRAIN] Loss: 0.5455, Accuracy: 73.80%, AUC: 0.82 [VAL] Loss: 0.5105, Accuracy: 76.10%, Precision: 0.73, Recall: 0.79, F1: 0.76, AUC: 0.85
Epoch [69/100] [TRAIN] Loss: 0.5452, Accuracy: 73.83%, AUC: 0.82 [VAL] Loss: 0.5106, Accuracy: 76.10%, Precision: 0.73, Recall: 0.79, F1: 0.76, AUC: 0.85
Epoch [70/100] [TRAIN] Loss: 0.5443, Accuracy: 73.89%, AUC: 0.82 [VAL] Loss: 0.5103, Accuracy: 76.00%, Precision: 0.72, Recall: 0.79, F1: 0.76, AUC: 0.85
Epoch [71/100] [TRAIN] Loss: 0.5426, Accuracy: 74.12%, AUC: 0.83 [VAL] Loss: 0.5104, Accuracy: 75.90%, Precision: 0.72, Recall: 0.79, F1: 0.76, AUC: 0.85
Epoch [72/100] [TRAIN] Loss: 0.5401, Accuracy: 73.92%, AUC: 0.83 [VAL] Loss: 0.5099, Accuracy: 76.00%, Precision: 0.72, Recall: 0.79, F1: 0.76, AUC: 0.85
Epoch [73/100] [TRAIN] Loss: 0.5439, Accuracy: 74.30%, AUC: 0.82 [VAL] Loss: 0.5099, Accuracy: 76.00%, Precision: 0.72, Recall: 0.79, F1: 0.76, AUC: 0.85
Epoch [74/100] [TRAIN] Loss: 0.5431, Accuracy: 73.72%, AUC: 0.82 [VAL] Loss: 0.5098, Accuracy: 75.90%, Precision: 0.72, Recall: 0.79, F1: 0.76, AUC: 0.85
Epoch [75/100] [TRAIN] Loss: 0.5405, Accuracy: 74.25%, AUC: 0.83 [VAL] Loss: 0.5097, Accuracy: 75.80%, Precision: 0.72, Recall: 0.79, F1: 0.76, AUC: 0.85
Epoch [76/100] [TRAIN] Loss: 0.5410, Accuracy: 74.29%, AUC: 0.83 [VAL] Loss: 0.5094, Accuracy: 75.80%, Precision: 0.72, Recall: 0.79, F1: 0.76, AUC: 0.85
Epoch [77/100] [TRAIN] Loss: 0.5401, Accuracy: 74.95%, AUC: 0.83 [VAL] Loss: 0.5093, Accuracy: 75.80%, Precision: 0.72, Recall: 0.79, F1: 0.76, AUC: 0.85
Epoch [78/100] [TRAIN] Loss: 0.5387, Accuracy: 74.28%, AUC: 0.83 [VAL] Loss: 0.5096, Accuracy: 75.60%, Precision: 0.72, Recall: 0.79, F1: 0.75, AUC: 0.85
Epoch [79/100] [TRAIN] Loss: 0.5432, Accuracy: 74.67%, AUC: 0.83 [VAL] Loss: 0.5096, Accuracy: 75.70%, Precision: 0.72, Recall: 0.79, F1: 0.75, AUC: 0.85
Epoch [80/100] [TRAIN] Loss: 0.5397, Accuracy: 74.56%, AUC: 0.83 [VAL] Loss: 0.5087, Accuracy: 75.80%, Precision: 0.72, Recall: 0.79, F1: 0.76, AUC: 0.85
Epoch [81/100] [TRAIN] Loss: 0.5401, Accuracy: 73.74%, AUC: 0.83 [VAL] Loss: 0.5088, Accuracy: 75.70%, Precision: 0.72, Recall: 0.79, F1: 0.75, AUC: 0.85
Epoch [82/100] [TRAIN] Loss: 0.5397, Accuracy: 74.29%, AUC: 0.83 [VAL] Loss: 0.5084, Accuracy: 75.90%, Precision: 0.72, Recall: 0.79, F1: 0.76, AUC: 0.85
Epoch [83/100] [TRAIN] Loss: 0.5435, Accuracy: 74.17%, AUC: 0.82 [VAL] Loss: 0.5090, Accuracy: 75.80%, Precision: 0.72, Recall: 0.79, F1: 0.76, AUC: 0.85
Epoch [84/100] [TRAIN] Loss: 0.5396, Accuracy: 74.28%, AUC: 0.83 [VAL] Loss: 0.5086, Accuracy: 75.90%, Precision: 0.72, Recall: 0.79, F1: 0.76, AUC: 0.85
Epoch [85/100] [TRAIN] Loss: 0.5388, Accuracy: 73.55%, AUC: 0.83 [VAL] Loss: 0.5082, Accuracy: 76.00%, Precision: 0.72, Recall: 0.79, F1: 0.76, AUC: 0.85
Epoch [86/100] [TRAIN] Loss: 0.5391, Accuracy: 73.89%, AUC: 0.83 [VAL] Loss: 0.5080, Accuracy: 76.00%, Precision: 0.72, Recall: 0.79, F1: 0.76, AUC: 0.85
Epoch [87/100] [TRAIN] Loss: 0.5395, Accuracy: 73.97%, AUC: 0.83 [VAL] Loss: 0.5083, Accuracy: 75.90%, Precision: 0.72, Recall: 0.79, F1: 0.76, AUC: 0.85
Epoch [88/100] [TRAIN] Loss: 0.5379, Accuracy: 74.42%, AUC: 0.83 [VAL] Loss: 0.5079, Accuracy: 75.90%, Precision: 0.72, Recall: 0.79, F1: 0.76, AUC: 0.85
Epoch [89/100] [TRAIN] Loss: 0.5363, Accuracy: 74.42%, AUC: 0.83 [VAL] Loss: 0.5079, Accuracy: 75.80%, Precision: 0.72, Recall: 0.79, F1: 0.76, AUC: 0.85
Epoch [90/100] [TRAIN] Loss: 0.5365, Accuracy: 74.42%, AUC: 0.83 [VAL] Loss: 0.5076, Accuracy: 76.00%, Precision: 0.72, Recall: 0.79, F1: 0.76, AUC: 0.85
Epoch [91/100] [TRAIN] Loss: 0.5392, Accuracy: 74.53%, AUC: 0.83 [VAL] Loss: 0.5074, Accuracy: 76.10%, Precision: 0.73, Recall: 0.79, F1: 0.76, AUC: 0.85
Epoch [92/100] [TRAIN] Loss: 0.5360, Accuracy: 74.30%, AUC: 0.83 [VAL] Loss: 0.5068, Accuracy: 76.00%, Precision: 0.72, Recall: 0.79, F1: 0.76, AUC: 0.85
Epoch [93/100] [TRAIN] Loss: 0.5365, Accuracy: 74.39%, AUC: 0.83 [VAL] Loss: 0.5072, Accuracy: 76.20%, Precision: 0.73, Recall: 0.79, F1: 0.76, AUC: 0.85
Epoch [94/100] [TRAIN] Loss: 0.5371, Accuracy: 74.21%, AUC: 0.83 [VAL] Loss: 0.5074, Accuracy: 76.00%, Precision: 0.73, Recall: 0.79, F1: 0.76, AUC: 0.85
Epoch [95/100] [TRAIN] Loss: 0.5383, Accuracy: 74.28%, AUC: 0.83 [VAL] Loss: 0.5073, Accuracy: 76.00%, Precision: 0.73, Recall: 0.79, F1: 0.76, AUC: 0.85
Epoch [96/100] [TRAIN] Loss: 0.5366, Accuracy: 74.24%, AUC: 0.83 [VAL] Loss: 0.5067, Accuracy: 76.00%, Precision: 0.73, Recall: 0.79, F1: 0.76, AUC: 0.85
Epoch [97/100] [TRAIN] Loss: 0.5377, Accuracy: 74.09%, AUC: 0.83 [VAL] Loss: 0.5064, Accuracy: 75.90%, Precision: 0.72, Recall: 0.79, F1: 0.76, AUC: 0.85
Epoch [98/100] [TRAIN] Loss: 0.5359, Accuracy: 74.16%, AUC: 0.83 [VAL] Loss: 0.5065, Accuracy: 76.10%, Precision: 0.73, Recall: 0.79, F1: 0.76, AUC: 0.85
Epoch [99/100] [TRAIN] Loss: 0.5346, Accuracy: 74.80%, AUC: 0.83 [VAL] Loss: 0.5063, Accuracy: 76.10%, Precision: 0.73, Recall: 0.79, F1: 0.76, AUC: 0.85
Epoch [100/100] [TRAIN] Loss: 0.5366, Accuracy: 74.53%, AUC: 0.83 [VAL] Loss: 0.5062, Accuracy: 76.10%, Precision: 0.73, Recall: 0.79, F1: 0.76, AUC: 0.85
  Antisymmetry score (raw):        0.9420
  Antisymmetry score (confident):  1.0000
  Total violations:                58 / 1000
  Pairs near boundary:             169 (16.9%)
  Avg |prob-0.5| at violation:     0.0000

--- Training baselines (LogisticRegression, RandomForest, SVM) ---

  Training LogisticRegression...
  Val accuracy: 74.40%  |  Val AUC: 0.8191

  [LogisticRegression]  Accuracy: 71.10%  AUC: 0.7606  AUCPRC: 0.7551  Precision: 0.7184  Recall: 0.6667  F1: 0.6916  Antisym: 0.7800

  Training RandomForest...
  Val accuracy: 77.10%  |  Val AUC: 0.8531

  [RandomForest]  Accuracy: 73.50%  AUC: 0.8122  AUCPRC: 0.7903  Precision: 0.7461  Recall: 0.6893  F1: 0.7166  Antisym: 0.8110

  Training SVM_Linear...
  Val accuracy: 73.80%  |  Val AUC: 0.8174

  [SVM_Linear]  Accuracy: 71.50%  AUC: 0.7599  AUCPRC: 0.7544  Precision: 0.7258  Recall: 0.6646  F1: 0.6939  Antisym: 0.7830
Seed: 456
=== DirectRanker ===
Accuracy:  73.00 %
AUC:       0.8161
AUCPRC:    0.8067
Precision: 0.7045
Recall:    0.7654
F1-Score:  0.7337
Antisymmetry score:  0.9420  (1.0 = perfect, ~0.5 = random)

Detailed Classification Report:
              precision    recall  f1-score   support

           0       0.76      0.70      0.73       514
           1       0.70      0.77      0.73       486

    accuracy                           0.73      1000
   macro avg       0.73      0.73      0.73      1000
weighted avg       0.73      0.73      0.73      1000


Confusion Matrix:
[[358 156]
 [114 372]]

=== LogisticRegression ===
Accuracy:  71.10 %
AUC:       0.7606
AUCPRC:    0.7551
Precision: 0.7184
Recall:    0.6667
F1-Score:  0.6916
Antisymmetry score:  0.7800
Confusion Matrix:
[[387 127]
 [162 324]]

=== RandomForest ===
Accuracy:  73.50 %
AUC:       0.8122
AUCPRC:    0.7903
Precision: 0.7461
Recall:    0.6893
F1-Score:  0.7166
Antisymmetry score:  0.8110
Confusion Matrix:
[[400 114]
 [151 335]]

=== SVM_Linear ===
Accuracy:  71.50 %
AUC:       0.7599
AUCPRC:    0.7544
Precision: 0.7258
Recall:    0.6646
F1-Score:  0.6939
Antisymmetry score:  0.7830
Confusion Matrix:
[[392 122]
 [163 323]]

Saved combined test metrics: /group/pmc021/amunif/epi-thesis/workflow/16_Pairwise Ranking Healthy Liver/output/combined/donor_3/test/017-H3K4me3-H3K9ac-H3K27me3-seed456-test-metrics.csv
Saved combined ROC plot: /group/pmc021/amunif/epi-thesis/workflow/16_Pairwise Ranking Healthy Liver/output/combined/donor_3/img/roc/017-H3K4me3-H3K9ac-H3K27me3-seed456-roc-combined.png
Saved combined PRC plot: /group/pmc021/amunif/epi-thesis/workflow/16_Pairwise Ranking Healthy Liver/output/combined/donor_3/img/prc/017-H3K4me3-H3K9ac-H3K27me3-seed456-prc-combined.png

Finished 017-H3K4me3-H3K9ac-H3K27me3 (seed 456)

======================================================================
018-H3K4me3-H3K9me3-H3K27ac
======================================================================
Train label distribution:
  Label 0:   4036 (50.4%)
  Label 1:   3964 (49.5%)
Val label distribution:
  Label 0:    528 (52.8%)
  Label 1:    472 (47.2%)
Test label distribution:
  Label 0:    514 (51.4%)
  Label 1:    486 (48.6%)
Saved label distribution: /group/pmc021/amunif/epi-thesis/workflow/16_Pairwise Ranking Healthy Liver/output/combined/donor_3/test/018-H3K4me3-H3K9me3-H3K27ac-seed456-label-distribution.csv

--- Training DirectRanker ---
Epoch [1/100] [TRAIN] Loss: 0.6238, Accuracy: 71.35%, AUC: 0.77 [VAL] Loss: 0.5472, Accuracy: 75.70%, Precision: 0.72, Recall: 0.80, F1: 0.76, AUC: 0.83
Epoch [2/100] [TRAIN] Loss: 0.5986, Accuracy: 73.38%, AUC: 0.79 [VAL] Loss: 0.5341, Accuracy: 76.10%, Precision: 0.73, Recall: 0.79, F1: 0.76, AUC: 0.84
Epoch [3/100] [TRAIN] Loss: 0.5920, Accuracy: 73.44%, AUC: 0.80 [VAL] Loss: 0.5339, Accuracy: 76.50%, Precision: 0.73, Recall: 0.80, F1: 0.76, AUC: 0.84
Epoch [4/100] [TRAIN] Loss: 0.5871, Accuracy: 73.88%, AUC: 0.80 [VAL] Loss: 0.5302, Accuracy: 77.00%, Precision: 0.73, Recall: 0.80, F1: 0.77, AUC: 0.84
Epoch [5/100] [TRAIN] Loss: 0.5794, Accuracy: 74.20%, AUC: 0.81 [VAL] Loss: 0.5279, Accuracy: 77.00%, Precision: 0.74, Recall: 0.80, F1: 0.77, AUC: 0.84
Epoch [6/100] [TRAIN] Loss: 0.5743, Accuracy: 74.12%, AUC: 0.81 [VAL] Loss: 0.5261, Accuracy: 77.00%, Precision: 0.74, Recall: 0.80, F1: 0.77, AUC: 0.84
Epoch [7/100] [TRAIN] Loss: 0.5723, Accuracy: 74.09%, AUC: 0.81 [VAL] Loss: 0.5253, Accuracy: 77.00%, Precision: 0.73, Recall: 0.80, F1: 0.77, AUC: 0.84
Epoch [8/100] [TRAIN] Loss: 0.5727, Accuracy: 74.06%, AUC: 0.81 [VAL] Loss: 0.5254, Accuracy: 76.60%, Precision: 0.73, Recall: 0.80, F1: 0.76, AUC: 0.84
Epoch [9/100] [TRAIN] Loss: 0.5668, Accuracy: 74.22%, AUC: 0.81 [VAL] Loss: 0.5242, Accuracy: 76.80%, Precision: 0.73, Recall: 0.80, F1: 0.76, AUC: 0.84
Epoch [10/100] [TRAIN] Loss: 0.5662, Accuracy: 74.28%, AUC: 0.81 [VAL] Loss: 0.5223, Accuracy: 76.80%, Precision: 0.73, Recall: 0.80, F1: 0.76, AUC: 0.84
Epoch [11/100] [TRAIN] Loss: 0.5695, Accuracy: 74.19%, AUC: 0.81 [VAL] Loss: 0.5225, Accuracy: 76.70%, Precision: 0.73, Recall: 0.80, F1: 0.76, AUC: 0.84
Epoch [12/100] [TRAIN] Loss: 0.5668, Accuracy: 74.46%, AUC: 0.81 [VAL] Loss: 0.5221, Accuracy: 76.80%, Precision: 0.73, Recall: 0.80, F1: 0.76, AUC: 0.84
Epoch [13/100] [TRAIN] Loss: 0.5712, Accuracy: 74.17%, AUC: 0.81 [VAL] Loss: 0.5234, Accuracy: 76.90%, Precision: 0.73, Recall: 0.80, F1: 0.77, AUC: 0.85
Epoch [14/100] [TRAIN] Loss: 0.5641, Accuracy: 74.54%, AUC: 0.82 [VAL] Loss: 0.5215, Accuracy: 77.00%, Precision: 0.74, Recall: 0.80, F1: 0.77, AUC: 0.85
Epoch [15/100] [TRAIN] Loss: 0.5609, Accuracy: 74.90%, AUC: 0.82 [VAL] Loss: 0.5205, Accuracy: 76.80%, Precision: 0.73, Recall: 0.80, F1: 0.76, AUC: 0.85
Epoch [16/100] [TRAIN] Loss: 0.5638, Accuracy: 74.25%, AUC: 0.81 [VAL] Loss: 0.5197, Accuracy: 76.70%, Precision: 0.73, Recall: 0.79, F1: 0.76, AUC: 0.85
Epoch [17/100] [TRAIN] Loss: 0.5630, Accuracy: 74.33%, AUC: 0.81 [VAL] Loss: 0.5196, Accuracy: 76.90%, Precision: 0.73, Recall: 0.80, F1: 0.77, AUC: 0.85
Epoch [18/100] [TRAIN] Loss: 0.5592, Accuracy: 74.66%, AUC: 0.82 [VAL] Loss: 0.5201, Accuracy: 76.80%, Precision: 0.73, Recall: 0.80, F1: 0.76, AUC: 0.85
Epoch [19/100] [TRAIN] Loss: 0.5611, Accuracy: 74.42%, AUC: 0.82 [VAL] Loss: 0.5196, Accuracy: 76.40%, Precision: 0.73, Recall: 0.79, F1: 0.76, AUC: 0.85
Epoch [20/100] [TRAIN] Loss: 0.5638, Accuracy: 74.28%, AUC: 0.81 [VAL] Loss: 0.5194, Accuracy: 76.30%, Precision: 0.73, Recall: 0.79, F1: 0.76, AUC: 0.85
Epoch [21/100] [TRAIN] Loss: 0.5591, Accuracy: 74.35%, AUC: 0.82 [VAL] Loss: 0.5181, Accuracy: 76.60%, Precision: 0.73, Recall: 0.79, F1: 0.76, AUC: 0.85
Epoch [22/100] [TRAIN] Loss: 0.5539, Accuracy: 74.25%, AUC: 0.82 [VAL] Loss: 0.5172, Accuracy: 76.40%, Precision: 0.73, Recall: 0.79, F1: 0.76, AUC: 0.85
Epoch [23/100] [TRAIN] Loss: 0.5590, Accuracy: 74.53%, AUC: 0.82 [VAL] Loss: 0.5181, Accuracy: 76.90%, Precision: 0.74, Recall: 0.79, F1: 0.76, AUC: 0.85
Epoch [24/100] [TRAIN] Loss: 0.5568, Accuracy: 74.62%, AUC: 0.82 [VAL] Loss: 0.5175, Accuracy: 77.00%, Precision: 0.74, Recall: 0.80, F1: 0.77, AUC: 0.85
Epoch [25/100] [TRAIN] Loss: 0.5588, Accuracy: 74.79%, AUC: 0.82 [VAL] Loss: 0.5170, Accuracy: 76.70%, Precision: 0.73, Recall: 0.79, F1: 0.76, AUC: 0.85
Epoch [26/100] [TRAIN] Loss: 0.5531, Accuracy: 75.28%, AUC: 0.82 [VAL] Loss: 0.5160, Accuracy: 76.70%, Precision: 0.73, Recall: 0.79, F1: 0.76, AUC: 0.85
Epoch [27/100] [TRAIN] Loss: 0.5575, Accuracy: 74.64%, AUC: 0.82 [VAL] Loss: 0.5167, Accuracy: 76.80%, Precision: 0.74, Recall: 0.79, F1: 0.76, AUC: 0.85
Epoch [28/100] [TRAIN] Loss: 0.5545, Accuracy: 74.51%, AUC: 0.82 [VAL] Loss: 0.5160, Accuracy: 76.60%, Precision: 0.73, Recall: 0.79, F1: 0.76, AUC: 0.85
Epoch [29/100] [TRAIN] Loss: 0.5539, Accuracy: 74.72%, AUC: 0.82 [VAL] Loss: 0.5164, Accuracy: 76.80%, Precision: 0.74, Recall: 0.79, F1: 0.76, AUC: 0.85
Epoch [30/100] [TRAIN] Loss: 0.5566, Accuracy: 74.78%, AUC: 0.82 [VAL] Loss: 0.5158, Accuracy: 76.70%, Precision: 0.73, Recall: 0.79, F1: 0.76, AUC: 0.85
Epoch [31/100] [TRAIN] Loss: 0.5542, Accuracy: 74.79%, AUC: 0.82 [VAL] Loss: 0.5148, Accuracy: 76.70%, Precision: 0.73, Recall: 0.79, F1: 0.76, AUC: 0.85
Epoch [32/100] [TRAIN] Loss: 0.5556, Accuracy: 74.47%, AUC: 0.82 [VAL] Loss: 0.5152, Accuracy: 76.60%, Precision: 0.73, Recall: 0.79, F1: 0.76, AUC: 0.85
Epoch [33/100] [TRAIN] Loss: 0.5553, Accuracy: 74.89%, AUC: 0.82 [VAL] Loss: 0.5166, Accuracy: 76.50%, Precision: 0.73, Recall: 0.79, F1: 0.76, AUC: 0.85
Epoch [34/100] [TRAIN] Loss: 0.5538, Accuracy: 74.61%, AUC: 0.82 [VAL] Loss: 0.5147, Accuracy: 76.70%, Precision: 0.73, Recall: 0.79, F1: 0.76, AUC: 0.85
Epoch [35/100] [TRAIN] Loss: 0.5543, Accuracy: 74.50%, AUC: 0.82 [VAL] Loss: 0.5152, Accuracy: 77.00%, Precision: 0.74, Recall: 0.80, F1: 0.77, AUC: 0.85
Epoch [36/100] [TRAIN] Loss: 0.5509, Accuracy: 74.71%, AUC: 0.82 [VAL] Loss: 0.5141, Accuracy: 76.80%, Precision: 0.74, Recall: 0.79, F1: 0.76, AUC: 0.85
Epoch [37/100] [TRAIN] Loss: 0.5509, Accuracy: 75.08%, AUC: 0.82 [VAL] Loss: 0.5148, Accuracy: 76.80%, Precision: 0.74, Recall: 0.79, F1: 0.76, AUC: 0.85
Epoch [38/100] [TRAIN] Loss: 0.5475, Accuracy: 74.97%, AUC: 0.83 [VAL] Loss: 0.5141, Accuracy: 76.80%, Precision: 0.74, Recall: 0.79, F1: 0.76, AUC: 0.85
Epoch [39/100] [TRAIN] Loss: 0.5485, Accuracy: 74.91%, AUC: 0.83 [VAL] Loss: 0.5139, Accuracy: 76.90%, Precision: 0.74, Recall: 0.79, F1: 0.76, AUC: 0.85
Epoch [40/100] [TRAIN] Loss: 0.5492, Accuracy: 75.66%, AUC: 0.83 [VAL] Loss: 0.5138, Accuracy: 76.80%, Precision: 0.74, Recall: 0.79, F1: 0.76, AUC: 0.85
Epoch [41/100] [TRAIN] Loss: 0.5498, Accuracy: 75.24%, AUC: 0.82 [VAL] Loss: 0.5128, Accuracy: 76.80%, Precision: 0.74, Recall: 0.79, F1: 0.76, AUC: 0.85
Epoch [42/100] [TRAIN] Loss: 0.5468, Accuracy: 74.76%, AUC: 0.83 [VAL] Loss: 0.5121, Accuracy: 76.80%, Precision: 0.74, Recall: 0.79, F1: 0.76, AUC: 0.85
Epoch [43/100] [TRAIN] Loss: 0.5529, Accuracy: 74.30%, AUC: 0.82 [VAL] Loss: 0.5135, Accuracy: 76.90%, Precision: 0.74, Recall: 0.80, F1: 0.77, AUC: 0.85
Epoch [44/100] [TRAIN] Loss: 0.5476, Accuracy: 75.22%, AUC: 0.82 [VAL] Loss: 0.5124, Accuracy: 76.90%, Precision: 0.74, Recall: 0.80, F1: 0.77, AUC: 0.85
Epoch [45/100] [TRAIN] Loss: 0.5476, Accuracy: 75.31%, AUC: 0.83 [VAL] Loss: 0.5118, Accuracy: 76.90%, Precision: 0.74, Recall: 0.80, F1: 0.77, AUC: 0.85
Epoch [46/100] [TRAIN] Loss: 0.5484, Accuracy: 75.08%, AUC: 0.83 [VAL] Loss: 0.5126, Accuracy: 77.00%, Precision: 0.74, Recall: 0.80, F1: 0.77, AUC: 0.85
Epoch [47/100] [TRAIN] Loss: 0.5479, Accuracy: 75.45%, AUC: 0.82 [VAL] Loss: 0.5122, Accuracy: 77.00%, Precision: 0.74, Recall: 0.80, F1: 0.77, AUC: 0.85
Epoch [48/100] [TRAIN] Loss: 0.5445, Accuracy: 75.31%, AUC: 0.83 [VAL] Loss: 0.5109, Accuracy: 76.90%, Precision: 0.74, Recall: 0.79, F1: 0.76, AUC: 0.85
Epoch [49/100] [TRAIN] Loss: 0.5445, Accuracy: 75.30%, AUC: 0.83 [VAL] Loss: 0.5117, Accuracy: 77.00%, Precision: 0.74, Recall: 0.80, F1: 0.77, AUC: 0.85
Epoch [50/100] [TRAIN] Loss: 0.5465, Accuracy: 74.72%, AUC: 0.83 [VAL] Loss: 0.5114, Accuracy: 77.00%, Precision: 0.74, Recall: 0.79, F1: 0.77, AUC: 0.85
Epoch [51/100] [TRAIN] Loss: 0.5459, Accuracy: 74.94%, AUC: 0.83 [VAL] Loss: 0.5115, Accuracy: 76.80%, Precision: 0.74, Recall: 0.79, F1: 0.76, AUC: 0.85
Epoch [52/100] [TRAIN] Loss: 0.5472, Accuracy: 74.85%, AUC: 0.83 [VAL] Loss: 0.5121, Accuracy: 76.90%, Precision: 0.74, Recall: 0.80, F1: 0.77, AUC: 0.85
Epoch [53/100] [TRAIN] Loss: 0.5452, Accuracy: 75.41%, AUC: 0.83 [VAL] Loss: 0.5113, Accuracy: 77.00%, Precision: 0.74, Recall: 0.80, F1: 0.77, AUC: 0.85
Epoch [54/100] [TRAIN] Loss: 0.5470, Accuracy: 74.85%, AUC: 0.82 [VAL] Loss: 0.5117, Accuracy: 76.90%, Precision: 0.74, Recall: 0.80, F1: 0.77, AUC: 0.85
Epoch [55/100] [TRAIN] Loss: 0.5461, Accuracy: 75.06%, AUC: 0.83 [VAL] Loss: 0.5115, Accuracy: 77.00%, Precision: 0.74, Recall: 0.80, F1: 0.77, AUC: 0.85
Epoch [56/100] [TRAIN] Loss: 0.5488, Accuracy: 74.64%, AUC: 0.82 [VAL] Loss: 0.5115, Accuracy: 76.90%, Precision: 0.74, Recall: 0.80, F1: 0.77, AUC: 0.85
Epoch [57/100] [TRAIN] Loss: 0.5450, Accuracy: 75.14%, AUC: 0.83 [VAL] Loss: 0.5114, Accuracy: 77.00%, Precision: 0.74, Recall: 0.80, F1: 0.77, AUC: 0.85
Epoch [58/100] [TRAIN] Loss: 0.5476, Accuracy: 75.03%, AUC: 0.83 [VAL] Loss: 0.5113, Accuracy: 77.10%, Precision: 0.74, Recall: 0.80, F1: 0.77, AUC: 0.85
  Early stopping at epoch 58 (no val_loss improvement for 10 epochs)
  Antisymmetry score (raw):        0.9300
  Antisymmetry score (confident):  1.0000
  Total violations:                70 / 1000
  Pairs near boundary:             166 (16.6%)
  Avg |prob-0.5| at violation:     0.0000

--- Training baselines (LogisticRegression, RandomForest, SVM) ---

  Training LogisticRegression...
  Val accuracy: 73.80%  |  Val AUC: 0.7956

  [LogisticRegression]  Accuracy: 72.00%  AUC: 0.7783  AUCPRC: 0.7493  Precision: 0.7330  Recall: 0.6667  F1: 0.6983  Antisym: 0.7870

  Training RandomForest...
  Val accuracy: 78.00%  |  Val AUC: 0.8650

  [RandomForest]  Accuracy: 76.10%  AUC: 0.8343  AUCPRC: 0.8185  Precision: 0.7800  Recall: 0.7078  F1: 0.7422  Antisym: 0.8410

  Training SVM_Linear...
  Val accuracy: 73.90%  |  Val AUC: 0.7971

  [SVM_Linear]  Accuracy: 72.20%  AUC: 0.7751  AUCPRC: 0.7376  Precision: 0.7419  Recall: 0.6564  F1: 0.6965  Antisym: 0.7750
Seed: 456
=== DirectRanker ===
Accuracy:  73.30 %
AUC:       0.8195
AUCPRC:    0.8099
Precision: 0.7094
Recall:    0.7634
F1-Score:  0.7354
Antisymmetry score:  0.9300  (1.0 = perfect, ~0.5 = random)

Detailed Classification Report:
              precision    recall  f1-score   support

           0       0.76      0.70      0.73       514
           1       0.71      0.76      0.74       486

    accuracy                           0.73      1000
   macro avg       0.73      0.73      0.73      1000
weighted avg       0.73      0.73      0.73      1000


Confusion Matrix:
[[362 152]
 [115 371]]

=== LogisticRegression ===
Accuracy:  72.00 %
AUC:       0.7783
AUCPRC:    0.7493
Precision: 0.7330
Recall:    0.6667
F1-Score:  0.6983
Antisymmetry score:  0.7870
Confusion Matrix:
[[396 118]
 [162 324]]

=== RandomForest ===
Accuracy:  76.10 %
AUC:       0.8343
AUCPRC:    0.8185
Precision: 0.7800
Recall:    0.7078
F1-Score:  0.7422
Antisymmetry score:  0.8410
Confusion Matrix:
[[417  97]
 [142 344]]

=== SVM_Linear ===
Accuracy:  72.20 %
AUC:       0.7751
AUCPRC:    0.7376
Precision: 0.7419
Recall:    0.6564
F1-Score:  0.6965
Antisymmetry score:  0.7750
Confusion Matrix:
[[403 111]
 [167 319]]

Saved combined test metrics: /group/pmc021/amunif/epi-thesis/workflow/16_Pairwise Ranking Healthy Liver/output/combined/donor_3/test/018-H3K4me3-H3K9me3-H3K27ac-seed456-test-metrics.csv
Saved combined ROC plot: /group/pmc021/amunif/epi-thesis/workflow/16_Pairwise Ranking Healthy Liver/output/combined/donor_3/img/roc/018-H3K4me3-H3K9me3-H3K27ac-seed456-roc-combined.png
Saved combined PRC plot: /group/pmc021/amunif/epi-thesis/workflow/16_Pairwise Ranking Healthy Liver/output/combined/donor_3/img/prc/018-H3K4me3-H3K9me3-H3K27ac-seed456-prc-combined.png

Finished 018-H3K4me3-H3K9me3-H3K27ac (seed 456)

======================================================================
019-H3K4me3-H3K9me3-H3K27me3
======================================================================
Train label distribution:
  Label 0:   4036 (50.4%)
  Label 1:   3964 (49.5%)
Val label distribution:
  Label 0:    528 (52.8%)
  Label 1:    472 (47.2%)
Test label distribution:
  Label 0:    514 (51.4%)
  Label 1:    486 (48.6%)
Saved label distribution: /group/pmc021/amunif/epi-thesis/workflow/16_Pairwise Ranking Healthy Liver/output/combined/donor_3/test/019-H3K4me3-H3K9me3-H3K27me3-seed456-label-distribution.csv

--- Training DirectRanker ---
Epoch [1/100] [TRAIN] Loss: 0.6871, Accuracy: 61.56%, AUC: 0.66 [VAL] Loss: 0.6262, Accuracy: 73.10%, Precision: 0.69, Recall: 0.79, F1: 0.73, AUC: 0.80
Epoch [2/100] [TRAIN] Loss: 0.6254, Accuracy: 70.20%, AUC: 0.77 [VAL] Loss: 0.5839, Accuracy: 74.60%, Precision: 0.71, Recall: 0.79, F1: 0.75, AUC: 0.81
Epoch [3/100] [TRAIN] Loss: 0.6074, Accuracy: 71.06%, AUC: 0.78 [VAL] Loss: 0.5701, Accuracy: 74.70%, Precision: 0.71, Recall: 0.79, F1: 0.75, AUC: 0.82
Epoch [4/100] [TRAIN] Loss: 0.6028, Accuracy: 71.40%, AUC: 0.78 [VAL] Loss: 0.5661, Accuracy: 74.60%, Precision: 0.71, Recall: 0.78, F1: 0.74, AUC: 0.82
Epoch [5/100] [TRAIN] Loss: 0.5931, Accuracy: 71.88%, AUC: 0.79 [VAL] Loss: 0.5629, Accuracy: 74.60%, Precision: 0.71, Recall: 0.78, F1: 0.74, AUC: 0.82
Epoch [6/100] [TRAIN] Loss: 0.5891, Accuracy: 72.58%, AUC: 0.79 [VAL] Loss: 0.5613, Accuracy: 74.80%, Precision: 0.71, Recall: 0.79, F1: 0.75, AUC: 0.82
Epoch [7/100] [TRAIN] Loss: 0.5877, Accuracy: 72.67%, AUC: 0.80 [VAL] Loss: 0.5601, Accuracy: 74.90%, Precision: 0.71, Recall: 0.79, F1: 0.75, AUC: 0.82
Epoch [8/100] [TRAIN] Loss: 0.5860, Accuracy: 72.84%, AUC: 0.80 [VAL] Loss: 0.5589, Accuracy: 74.90%, Precision: 0.71, Recall: 0.79, F1: 0.75, AUC: 0.82
Epoch [9/100] [TRAIN] Loss: 0.5847, Accuracy: 72.03%, AUC: 0.80 [VAL] Loss: 0.5578, Accuracy: 74.90%, Precision: 0.71, Recall: 0.79, F1: 0.75, AUC: 0.82
Epoch [10/100] [TRAIN] Loss: 0.5839, Accuracy: 72.40%, AUC: 0.80 [VAL] Loss: 0.5571, Accuracy: 74.80%, Precision: 0.71, Recall: 0.79, F1: 0.75, AUC: 0.82
Epoch [11/100] [TRAIN] Loss: 0.5803, Accuracy: 72.56%, AUC: 0.80 [VAL] Loss: 0.5564, Accuracy: 74.90%, Precision: 0.71, Recall: 0.79, F1: 0.75, AUC: 0.82
Epoch [12/100] [TRAIN] Loss: 0.5836, Accuracy: 72.01%, AUC: 0.80 [VAL] Loss: 0.5560, Accuracy: 75.20%, Precision: 0.71, Recall: 0.79, F1: 0.75, AUC: 0.82
Epoch [13/100] [TRAIN] Loss: 0.5823, Accuracy: 72.30%, AUC: 0.80 [VAL] Loss: 0.5556, Accuracy: 75.10%, Precision: 0.71, Recall: 0.79, F1: 0.75, AUC: 0.82
Epoch [14/100] [TRAIN] Loss: 0.5811, Accuracy: 73.08%, AUC: 0.80 [VAL] Loss: 0.5544, Accuracy: 74.90%, Precision: 0.71, Recall: 0.78, F1: 0.75, AUC: 0.82
Epoch [15/100] [TRAIN] Loss: 0.5809, Accuracy: 72.86%, AUC: 0.80 [VAL] Loss: 0.5543, Accuracy: 75.00%, Precision: 0.71, Recall: 0.79, F1: 0.75, AUC: 0.82
Epoch [16/100] [TRAIN] Loss: 0.5779, Accuracy: 72.58%, AUC: 0.80 [VAL] Loss: 0.5538, Accuracy: 75.10%, Precision: 0.71, Recall: 0.79, F1: 0.75, AUC: 0.82
Epoch [17/100] [TRAIN] Loss: 0.5751, Accuracy: 73.10%, AUC: 0.80 [VAL] Loss: 0.5532, Accuracy: 75.20%, Precision: 0.72, Recall: 0.79, F1: 0.75, AUC: 0.82
Epoch [18/100] [TRAIN] Loss: 0.5724, Accuracy: 72.92%, AUC: 0.80 [VAL] Loss: 0.5525, Accuracy: 75.20%, Precision: 0.72, Recall: 0.79, F1: 0.75, AUC: 0.82
Epoch [19/100] [TRAIN] Loss: 0.5738, Accuracy: 73.47%, AUC: 0.80 [VAL] Loss: 0.5519, Accuracy: 75.20%, Precision: 0.72, Recall: 0.79, F1: 0.75, AUC: 0.82
Epoch [20/100] [TRAIN] Loss: 0.5743, Accuracy: 73.04%, AUC: 0.80 [VAL] Loss: 0.5513, Accuracy: 75.10%, Precision: 0.72, Recall: 0.78, F1: 0.75, AUC: 0.82
Epoch [21/100] [TRAIN] Loss: 0.5742, Accuracy: 72.99%, AUC: 0.80 [VAL] Loss: 0.5511, Accuracy: 75.10%, Precision: 0.71, Recall: 0.79, F1: 0.75, AUC: 0.83
Epoch [22/100] [TRAIN] Loss: 0.5777, Accuracy: 72.74%, AUC: 0.80 [VAL] Loss: 0.5509, Accuracy: 74.90%, Precision: 0.71, Recall: 0.78, F1: 0.75, AUC: 0.83
Epoch [23/100] [TRAIN] Loss: 0.5697, Accuracy: 73.34%, AUC: 0.81 [VAL] Loss: 0.5501, Accuracy: 75.00%, Precision: 0.72, Recall: 0.78, F1: 0.75, AUC: 0.83
Epoch [24/100] [TRAIN] Loss: 0.5738, Accuracy: 72.86%, AUC: 0.80 [VAL] Loss: 0.5498, Accuracy: 75.10%, Precision: 0.72, Recall: 0.78, F1: 0.75, AUC: 0.83
Epoch [25/100] [TRAIN] Loss: 0.5700, Accuracy: 72.96%, AUC: 0.81 [VAL] Loss: 0.5492, Accuracy: 75.10%, Precision: 0.72, Recall: 0.78, F1: 0.75, AUC: 0.83
Epoch [26/100] [TRAIN] Loss: 0.5715, Accuracy: 72.91%, AUC: 0.80 [VAL] Loss: 0.5486, Accuracy: 75.20%, Precision: 0.72, Recall: 0.78, F1: 0.75, AUC: 0.83
Epoch [27/100] [TRAIN] Loss: 0.5731, Accuracy: 72.55%, AUC: 0.80 [VAL] Loss: 0.5485, Accuracy: 75.20%, Precision: 0.72, Recall: 0.78, F1: 0.75, AUC: 0.83
Epoch [28/100] [TRAIN] Loss: 0.5674, Accuracy: 72.94%, AUC: 0.81 [VAL] Loss: 0.5477, Accuracy: 75.20%, Precision: 0.72, Recall: 0.78, F1: 0.75, AUC: 0.83
Epoch [29/100] [TRAIN] Loss: 0.5676, Accuracy: 72.71%, AUC: 0.81 [VAL] Loss: 0.5475, Accuracy: 75.20%, Precision: 0.72, Recall: 0.78, F1: 0.75, AUC: 0.83
Epoch [30/100] [TRAIN] Loss: 0.5699, Accuracy: 72.81%, AUC: 0.80 [VAL] Loss: 0.5470, Accuracy: 75.20%, Precision: 0.72, Recall: 0.78, F1: 0.75, AUC: 0.83
Epoch [31/100] [TRAIN] Loss: 0.5689, Accuracy: 72.65%, AUC: 0.81 [VAL] Loss: 0.5471, Accuracy: 75.10%, Precision: 0.72, Recall: 0.78, F1: 0.75, AUC: 0.83
Epoch [32/100] [TRAIN] Loss: 0.5688, Accuracy: 72.75%, AUC: 0.80 [VAL] Loss: 0.5470, Accuracy: 75.00%, Precision: 0.72, Recall: 0.78, F1: 0.75, AUC: 0.83
Epoch [33/100] [TRAIN] Loss: 0.5673, Accuracy: 72.89%, AUC: 0.81 [VAL] Loss: 0.5467, Accuracy: 75.00%, Precision: 0.72, Recall: 0.78, F1: 0.75, AUC: 0.83
Epoch [34/100] [TRAIN] Loss: 0.5683, Accuracy: 72.95%, AUC: 0.81 [VAL] Loss: 0.5464, Accuracy: 75.20%, Precision: 0.72, Recall: 0.79, F1: 0.75, AUC: 0.83
Epoch [35/100] [TRAIN] Loss: 0.5719, Accuracy: 72.97%, AUC: 0.80 [VAL] Loss: 0.5465, Accuracy: 75.20%, Precision: 0.72, Recall: 0.79, F1: 0.75, AUC: 0.83
Epoch [36/100] [TRAIN] Loss: 0.5638, Accuracy: 73.44%, AUC: 0.81 [VAL] Loss: 0.5459, Accuracy: 75.20%, Precision: 0.72, Recall: 0.79, F1: 0.75, AUC: 0.83
Epoch [37/100] [TRAIN] Loss: 0.5650, Accuracy: 72.54%, AUC: 0.81 [VAL] Loss: 0.5452, Accuracy: 75.10%, Precision: 0.72, Recall: 0.78, F1: 0.75, AUC: 0.83
Epoch [38/100] [TRAIN] Loss: 0.5644, Accuracy: 73.26%, AUC: 0.81 [VAL] Loss: 0.5447, Accuracy: 75.10%, Precision: 0.72, Recall: 0.78, F1: 0.75, AUC: 0.83
Epoch [39/100] [TRAIN] Loss: 0.5678, Accuracy: 73.08%, AUC: 0.81 [VAL] Loss: 0.5445, Accuracy: 75.20%, Precision: 0.72, Recall: 0.79, F1: 0.75, AUC: 0.83
Epoch [40/100] [TRAIN] Loss: 0.5613, Accuracy: 73.03%, AUC: 0.81 [VAL] Loss: 0.5438, Accuracy: 75.20%, Precision: 0.72, Recall: 0.79, F1: 0.75, AUC: 0.83
Epoch [41/100] [TRAIN] Loss: 0.5644, Accuracy: 73.10%, AUC: 0.81 [VAL] Loss: 0.5436, Accuracy: 75.20%, Precision: 0.72, Recall: 0.79, F1: 0.75, AUC: 0.83
Epoch [42/100] [TRAIN] Loss: 0.5666, Accuracy: 73.12%, AUC: 0.81 [VAL] Loss: 0.5437, Accuracy: 75.30%, Precision: 0.72, Recall: 0.79, F1: 0.75, AUC: 0.83
Epoch [43/100] [TRAIN] Loss: 0.5663, Accuracy: 72.95%, AUC: 0.81 [VAL] Loss: 0.5432, Accuracy: 75.20%, Precision: 0.72, Recall: 0.79, F1: 0.75, AUC: 0.83
Epoch [44/100] [TRAIN] Loss: 0.5655, Accuracy: 73.04%, AUC: 0.81 [VAL] Loss: 0.5427, Accuracy: 75.10%, Precision: 0.71, Recall: 0.79, F1: 0.75, AUC: 0.83
Epoch [45/100] [TRAIN] Loss: 0.5642, Accuracy: 73.00%, AUC: 0.81 [VAL] Loss: 0.5424, Accuracy: 75.00%, Precision: 0.71, Recall: 0.78, F1: 0.75, AUC: 0.83
Epoch [46/100] [TRAIN] Loss: 0.5634, Accuracy: 73.22%, AUC: 0.81 [VAL] Loss: 0.5419, Accuracy: 75.00%, Precision: 0.71, Recall: 0.78, F1: 0.75, AUC: 0.83
Epoch [47/100] [TRAIN] Loss: 0.5625, Accuracy: 72.95%, AUC: 0.81 [VAL] Loss: 0.5417, Accuracy: 75.00%, Precision: 0.71, Recall: 0.78, F1: 0.75, AUC: 0.83
Epoch [48/100] [TRAIN] Loss: 0.5647, Accuracy: 72.89%, AUC: 0.81 [VAL] Loss: 0.5412, Accuracy: 75.00%, Precision: 0.71, Recall: 0.78, F1: 0.75, AUC: 0.83
Epoch [49/100] [TRAIN] Loss: 0.5627, Accuracy: 73.03%, AUC: 0.81 [VAL] Loss: 0.5410, Accuracy: 75.00%, Precision: 0.71, Recall: 0.78, F1: 0.75, AUC: 0.83
Epoch [50/100] [TRAIN] Loss: 0.5631, Accuracy: 72.99%, AUC: 0.81 [VAL] Loss: 0.5408, Accuracy: 75.10%, Precision: 0.71, Recall: 0.79, F1: 0.75, AUC: 0.83
Epoch [51/100] [TRAIN] Loss: 0.5602, Accuracy: 73.29%, AUC: 0.81 [VAL] Loss: 0.5403, Accuracy: 75.20%, Precision: 0.72, Recall: 0.79, F1: 0.75, AUC: 0.83
Epoch [52/100] [TRAIN] Loss: 0.5608, Accuracy: 73.26%, AUC: 0.81 [VAL] Loss: 0.5399, Accuracy: 75.30%, Precision: 0.72, Recall: 0.79, F1: 0.75, AUC: 0.83
Epoch [53/100] [TRAIN] Loss: 0.5628, Accuracy: 73.16%, AUC: 0.81 [VAL] Loss: 0.5398, Accuracy: 75.50%, Precision: 0.72, Recall: 0.79, F1: 0.75, AUC: 0.83
Epoch [54/100] [TRAIN] Loss: 0.5594, Accuracy: 73.30%, AUC: 0.81 [VAL] Loss: 0.5395, Accuracy: 75.70%, Precision: 0.72, Recall: 0.79, F1: 0.76, AUC: 0.83
Epoch [55/100] [TRAIN] Loss: 0.5623, Accuracy: 72.99%, AUC: 0.81 [VAL] Loss: 0.5390, Accuracy: 75.60%, Precision: 0.72, Recall: 0.79, F1: 0.75, AUC: 0.83
Epoch [56/100] [TRAIN] Loss: 0.5584, Accuracy: 72.97%, AUC: 0.81 [VAL] Loss: 0.5389, Accuracy: 75.70%, Precision: 0.72, Recall: 0.80, F1: 0.76, AUC: 0.83
Epoch [57/100] [TRAIN] Loss: 0.5576, Accuracy: 73.60%, AUC: 0.81 [VAL] Loss: 0.5387, Accuracy: 76.00%, Precision: 0.72, Recall: 0.80, F1: 0.76, AUC: 0.83
Epoch [58/100] [TRAIN] Loss: 0.5578, Accuracy: 73.00%, AUC: 0.81 [VAL] Loss: 0.5382, Accuracy: 76.00%, Precision: 0.72, Recall: 0.80, F1: 0.76, AUC: 0.83
Epoch [59/100] [TRAIN] Loss: 0.5603, Accuracy: 73.16%, AUC: 0.81 [VAL] Loss: 0.5380, Accuracy: 75.80%, Precision: 0.72, Recall: 0.80, F1: 0.76, AUC: 0.83
Epoch [60/100] [TRAIN] Loss: 0.5560, Accuracy: 73.53%, AUC: 0.81 [VAL] Loss: 0.5373, Accuracy: 75.90%, Precision: 0.72, Recall: 0.80, F1: 0.76, AUC: 0.83
Epoch [61/100] [TRAIN] Loss: 0.5564, Accuracy: 73.38%, AUC: 0.81 [VAL] Loss: 0.5369, Accuracy: 75.80%, Precision: 0.72, Recall: 0.80, F1: 0.76, AUC: 0.83
Epoch [62/100] [TRAIN] Loss: 0.5583, Accuracy: 73.28%, AUC: 0.81 [VAL] Loss: 0.5370, Accuracy: 76.10%, Precision: 0.72, Recall: 0.80, F1: 0.76, AUC: 0.83
Epoch [63/100] [TRAIN] Loss: 0.5592, Accuracy: 73.21%, AUC: 0.81 [VAL] Loss: 0.5364, Accuracy: 76.10%, Precision: 0.72, Recall: 0.80, F1: 0.76, AUC: 0.84
Epoch [64/100] [TRAIN] Loss: 0.5584, Accuracy: 73.33%, AUC: 0.81 [VAL] Loss: 0.5361, Accuracy: 76.20%, Precision: 0.72, Recall: 0.81, F1: 0.76, AUC: 0.84
Epoch [65/100] [TRAIN] Loss: 0.5584, Accuracy: 73.05%, AUC: 0.81 [VAL] Loss: 0.5359, Accuracy: 76.10%, Precision: 0.72, Recall: 0.81, F1: 0.76, AUC: 0.84
Epoch [66/100] [TRAIN] Loss: 0.5555, Accuracy: 73.55%, AUC: 0.81 [VAL] Loss: 0.5356, Accuracy: 76.00%, Precision: 0.72, Recall: 0.81, F1: 0.76, AUC: 0.84
Epoch [67/100] [TRAIN] Loss: 0.5576, Accuracy: 73.11%, AUC: 0.81 [VAL] Loss: 0.5357, Accuracy: 75.90%, Precision: 0.72, Recall: 0.81, F1: 0.76, AUC: 0.84
Epoch [68/100] [TRAIN] Loss: 0.5591, Accuracy: 72.62%, AUC: 0.81 [VAL] Loss: 0.5354, Accuracy: 75.90%, Precision: 0.72, Recall: 0.81, F1: 0.76, AUC: 0.84
Epoch [69/100] [TRAIN] Loss: 0.5555, Accuracy: 73.84%, AUC: 0.82 [VAL] Loss: 0.5350, Accuracy: 76.00%, Precision: 0.72, Recall: 0.81, F1: 0.76, AUC: 0.84
Epoch [70/100] [TRAIN] Loss: 0.5563, Accuracy: 73.22%, AUC: 0.81 [VAL] Loss: 0.5345, Accuracy: 76.00%, Precision: 0.72, Recall: 0.81, F1: 0.76, AUC: 0.84
Epoch [71/100] [TRAIN] Loss: 0.5549, Accuracy: 73.49%, AUC: 0.82 [VAL] Loss: 0.5342, Accuracy: 75.80%, Precision: 0.72, Recall: 0.80, F1: 0.76, AUC: 0.84
Epoch [72/100] [TRAIN] Loss: 0.5551, Accuracy: 73.51%, AUC: 0.82 [VAL] Loss: 0.5337, Accuracy: 76.00%, Precision: 0.72, Recall: 0.81, F1: 0.76, AUC: 0.84
Epoch [73/100] [TRAIN] Loss: 0.5549, Accuracy: 73.49%, AUC: 0.82 [VAL] Loss: 0.5335, Accuracy: 75.90%, Precision: 0.72, Recall: 0.80, F1: 0.76, AUC: 0.84
Epoch [74/100] [TRAIN] Loss: 0.5551, Accuracy: 73.05%, AUC: 0.81 [VAL] Loss: 0.5333, Accuracy: 75.70%, Precision: 0.72, Recall: 0.80, F1: 0.76, AUC: 0.84
Epoch [75/100] [TRAIN] Loss: 0.5526, Accuracy: 74.00%, AUC: 0.82 [VAL] Loss: 0.5328, Accuracy: 75.90%, Precision: 0.72, Recall: 0.81, F1: 0.76, AUC: 0.84
Epoch [76/100] [TRAIN] Loss: 0.5575, Accuracy: 73.08%, AUC: 0.81 [VAL] Loss: 0.5325, Accuracy: 75.90%, Precision: 0.72, Recall: 0.81, F1: 0.76, AUC: 0.84
Epoch [77/100] [TRAIN] Loss: 0.5563, Accuracy: 73.06%, AUC: 0.81 [VAL] Loss: 0.5327, Accuracy: 75.90%, Precision: 0.72, Recall: 0.80, F1: 0.76, AUC: 0.84
Epoch [78/100] [TRAIN] Loss: 0.5556, Accuracy: 73.80%, AUC: 0.82 [VAL] Loss: 0.5325, Accuracy: 75.90%, Precision: 0.72, Recall: 0.80, F1: 0.76, AUC: 0.84
Epoch [79/100] [TRAIN] Loss: 0.5535, Accuracy: 73.49%, AUC: 0.82 [VAL] Loss: 0.5322, Accuracy: 75.90%, Precision: 0.72, Recall: 0.80, F1: 0.76, AUC: 0.84
Epoch [80/100] [TRAIN] Loss: 0.5546, Accuracy: 73.80%, AUC: 0.82 [VAL] Loss: 0.5316, Accuracy: 75.80%, Precision: 0.72, Recall: 0.80, F1: 0.76, AUC: 0.84
Epoch [81/100] [TRAIN] Loss: 0.5533, Accuracy: 73.28%, AUC: 0.82 [VAL] Loss: 0.5317, Accuracy: 75.90%, Precision: 0.72, Recall: 0.80, F1: 0.76, AUC: 0.84
Epoch [82/100] [TRAIN] Loss: 0.5557, Accuracy: 72.97%, AUC: 0.81 [VAL] Loss: 0.5316, Accuracy: 75.70%, Precision: 0.72, Recall: 0.80, F1: 0.76, AUC: 0.84
Epoch [83/100] [TRAIN] Loss: 0.5524, Accuracy: 73.47%, AUC: 0.82 [VAL] Loss: 0.5314, Accuracy: 75.80%, Precision: 0.72, Recall: 0.80, F1: 0.76, AUC: 0.84
Epoch [84/100] [TRAIN] Loss: 0.5484, Accuracy: 73.53%, AUC: 0.82 [VAL] Loss: 0.5307, Accuracy: 75.70%, Precision: 0.72, Recall: 0.80, F1: 0.76, AUC: 0.84
Epoch [85/100] [TRAIN] Loss: 0.5521, Accuracy: 73.51%, AUC: 0.82 [VAL] Loss: 0.5305, Accuracy: 75.70%, Precision: 0.72, Recall: 0.80, F1: 0.76, AUC: 0.84
Epoch [86/100] [TRAIN] Loss: 0.5525, Accuracy: 73.45%, AUC: 0.82 [VAL] Loss: 0.5306, Accuracy: 75.70%, Precision: 0.72, Recall: 0.80, F1: 0.76, AUC: 0.84
Epoch [87/100] [TRAIN] Loss: 0.5537, Accuracy: 73.89%, AUC: 0.82 [VAL] Loss: 0.5301, Accuracy: 75.70%, Precision: 0.72, Recall: 0.80, F1: 0.76, AUC: 0.84
Epoch [88/100] [TRAIN] Loss: 0.5544, Accuracy: 73.17%, AUC: 0.82 [VAL] Loss: 0.5298, Accuracy: 75.70%, Precision: 0.72, Recall: 0.80, F1: 0.76, AUC: 0.84
Epoch [89/100] [TRAIN] Loss: 0.5527, Accuracy: 73.71%, AUC: 0.82 [VAL] Loss: 0.5297, Accuracy: 75.70%, Precision: 0.72, Recall: 0.80, F1: 0.76, AUC: 0.84
Epoch [90/100] [TRAIN] Loss: 0.5532, Accuracy: 73.71%, AUC: 0.82 [VAL] Loss: 0.5294, Accuracy: 75.50%, Precision: 0.72, Recall: 0.80, F1: 0.75, AUC: 0.84
Epoch [91/100] [TRAIN] Loss: 0.5502, Accuracy: 73.35%, AUC: 0.82 [VAL] Loss: 0.5290, Accuracy: 75.60%, Precision: 0.72, Recall: 0.80, F1: 0.76, AUC: 0.84
Epoch [92/100] [TRAIN] Loss: 0.5488, Accuracy: 72.95%, AUC: 0.82 [VAL] Loss: 0.5291, Accuracy: 75.60%, Precision: 0.72, Recall: 0.80, F1: 0.76, AUC: 0.84
Epoch [93/100] [TRAIN] Loss: 0.5525, Accuracy: 73.31%, AUC: 0.82 [VAL] Loss: 0.5287, Accuracy: 75.60%, Precision: 0.72, Recall: 0.80, F1: 0.76, AUC: 0.84
Epoch [94/100] [TRAIN] Loss: 0.5524, Accuracy: 73.24%, AUC: 0.82 [VAL] Loss: 0.5285, Accuracy: 75.60%, Precision: 0.72, Recall: 0.80, F1: 0.76, AUC: 0.84
Epoch [95/100] [TRAIN] Loss: 0.5518, Accuracy: 73.66%, AUC: 0.82 [VAL] Loss: 0.5283, Accuracy: 75.70%, Precision: 0.72, Recall: 0.80, F1: 0.76, AUC: 0.84
Epoch [96/100] [TRAIN] Loss: 0.5497, Accuracy: 73.22%, AUC: 0.82 [VAL] Loss: 0.5285, Accuracy: 75.60%, Precision: 0.72, Recall: 0.80, F1: 0.76, AUC: 0.84
Epoch [97/100] [TRAIN] Loss: 0.5499, Accuracy: 73.44%, AUC: 0.82 [VAL] Loss: 0.5282, Accuracy: 75.60%, Precision: 0.72, Recall: 0.80, F1: 0.76, AUC: 0.84
Epoch [98/100] [TRAIN] Loss: 0.5501, Accuracy: 73.72%, AUC: 0.82 [VAL] Loss: 0.5277, Accuracy: 75.70%, Precision: 0.72, Recall: 0.80, F1: 0.76, AUC: 0.84
Epoch [99/100] [TRAIN] Loss: 0.5510, Accuracy: 73.56%, AUC: 0.82 [VAL] Loss: 0.5275, Accuracy: 75.60%, Precision: 0.72, Recall: 0.80, F1: 0.76, AUC: 0.84
Epoch [100/100] [TRAIN] Loss: 0.5465, Accuracy: 73.67%, AUC: 0.82 [VAL] Loss: 0.5270, Accuracy: 75.70%, Precision: 0.72, Recall: 0.80, F1: 0.76, AUC: 0.84
  Antisymmetry score (raw):        0.9420
  Antisymmetry score (confident):  1.0000
  Total violations:                58 / 1000
  Pairs near boundary:             151 (15.1%)
  Avg |prob-0.5| at violation:     0.0000

--- Training baselines (LogisticRegression, RandomForest, SVM) ---

  Training LogisticRegression...
  Val accuracy: 73.80%  |  Val AUC: 0.8010

  [LogisticRegression]  Accuracy: 70.20%  AUC: 0.7536  AUCPRC: 0.7161  Precision: 0.7070  Recall: 0.6605  F1: 0.6830  Antisym: 0.7910

  Training RandomForest...
  Val accuracy: 76.20%  |  Val AUC: 0.8387

  [RandomForest]  Accuracy: 72.40%  AUC: 0.7932  AUCPRC: 0.7742  Precision: 0.7303  Recall: 0.6852  F1: 0.7070  Antisym: 0.7980

  Training SVM_Linear...
  Val accuracy: 72.80%  |  Val AUC: 0.7977

  [SVM_Linear]  Accuracy: 69.00%  AUC: 0.7460  AUCPRC: 0.7046  Precision: 0.7000  Recall: 0.6337  F1: 0.6652  Antisym: 0.7690
Seed: 456
=== DirectRanker ===
Accuracy:  71.10 %
AUC:       0.8043
AUCPRC:    0.7916
Precision: 0.6891
Recall:    0.7387
F1-Score:  0.7130
Antisymmetry score:  0.9420  (1.0 = perfect, ~0.5 = random)

Detailed Classification Report:
              precision    recall  f1-score   support

           0       0.73      0.68      0.71       514
           1       0.69      0.74      0.71       486

    accuracy                           0.71      1000
   macro avg       0.71      0.71      0.71      1000
weighted avg       0.71      0.71      0.71      1000


Confusion Matrix:
[[352 162]
 [127 359]]

=== LogisticRegression ===
Accuracy:  70.20 %
AUC:       0.7536
AUCPRC:    0.7161
Precision: 0.7070
Recall:    0.6605
F1-Score:  0.6830
Antisymmetry score:  0.7910
Confusion Matrix:
[[381 133]
 [165 321]]

=== RandomForest ===
Accuracy:  72.40 %
AUC:       0.7932
AUCPRC:    0.7742
Precision: 0.7303
Recall:    0.6852
F1-Score:  0.7070
Antisymmetry score:  0.7980
Confusion Matrix:
[[391 123]
 [153 333]]

=== SVM_Linear ===
Accuracy:  69.00 %
AUC:       0.7460
AUCPRC:    0.7046
Precision: 0.7000
Recall:    0.6337
F1-Score:  0.6652
Antisymmetry score:  0.7690
Confusion Matrix:
[[382 132]
 [178 308]]

Saved combined test metrics: /group/pmc021/amunif/epi-thesis/workflow/16_Pairwise Ranking Healthy Liver/output/combined/donor_3/test/019-H3K4me3-H3K9me3-H3K27me3-seed456-test-metrics.csv
Saved combined ROC plot: /group/pmc021/amunif/epi-thesis/workflow/16_Pairwise Ranking Healthy Liver/output/combined/donor_3/img/roc/019-H3K4me3-H3K9me3-H3K27me3-seed456-roc-combined.png
Saved combined PRC plot: /group/pmc021/amunif/epi-thesis/workflow/16_Pairwise Ranking Healthy Liver/output/combined/donor_3/img/prc/019-H3K4me3-H3K9me3-H3K27me3-seed456-prc-combined.png

Finished 019-H3K4me3-H3K9me3-H3K27me3 (seed 456)

======================================================================
020-H3K4me3-H3K27ac-H3K27me3
======================================================================
Train label distribution:
  Label 0:   4036 (50.4%)
  Label 1:   3964 (49.5%)
Val label distribution:
  Label 0:    528 (52.8%)
  Label 1:    472 (47.2%)
Test label distribution:
  Label 0:    514 (51.4%)
  Label 1:    486 (48.6%)
Saved label distribution: /group/pmc021/amunif/epi-thesis/workflow/16_Pairwise Ranking Healthy Liver/output/combined/donor_3/test/020-H3K4me3-H3K27ac-H3K27me3-seed456-label-distribution.csv

--- Training DirectRanker ---
Epoch [1/100] [TRAIN] Loss: 0.6788, Accuracy: 62.20%, AUC: 0.68 [VAL] Loss: 0.5579, Accuracy: 75.40%, Precision: 0.73, Recall: 0.77, F1: 0.75, AUC: 0.83
Epoch [2/100] [TRAIN] Loss: 0.5987, Accuracy: 72.34%, AUC: 0.79 [VAL] Loss: 0.5360, Accuracy: 76.20%, Precision: 0.74, Recall: 0.77, F1: 0.75, AUC: 0.84
Epoch [3/100] [TRAIN] Loss: 0.5878, Accuracy: 73.11%, AUC: 0.80 [VAL] Loss: 0.5304, Accuracy: 76.50%, Precision: 0.74, Recall: 0.78, F1: 0.76, AUC: 0.84
Epoch [4/100] [TRAIN] Loss: 0.5833, Accuracy: 73.88%, AUC: 0.80 [VAL] Loss: 0.5268, Accuracy: 76.50%, Precision: 0.74, Recall: 0.78, F1: 0.76, AUC: 0.84
Epoch [5/100] [TRAIN] Loss: 0.5823, Accuracy: 72.83%, AUC: 0.80 [VAL] Loss: 0.5252, Accuracy: 76.60%, Precision: 0.74, Recall: 0.78, F1: 0.76, AUC: 0.84
Epoch [6/100] [TRAIN] Loss: 0.5756, Accuracy: 73.96%, AUC: 0.81 [VAL] Loss: 0.5243, Accuracy: 76.40%, Precision: 0.74, Recall: 0.78, F1: 0.76, AUC: 0.84
Epoch [7/100] [TRAIN] Loss: 0.5754, Accuracy: 74.30%, AUC: 0.81 [VAL] Loss: 0.5230, Accuracy: 76.50%, Precision: 0.74, Recall: 0.78, F1: 0.76, AUC: 0.84
Epoch [8/100] [TRAIN] Loss: 0.5717, Accuracy: 74.41%, AUC: 0.81 [VAL] Loss: 0.5220, Accuracy: 76.40%, Precision: 0.74, Recall: 0.78, F1: 0.76, AUC: 0.84
Epoch [9/100] [TRAIN] Loss: 0.5678, Accuracy: 74.15%, AUC: 0.81 [VAL] Loss: 0.5208, Accuracy: 76.20%, Precision: 0.73, Recall: 0.78, F1: 0.76, AUC: 0.84
Epoch [10/100] [TRAIN] Loss: 0.5660, Accuracy: 74.00%, AUC: 0.81 [VAL] Loss: 0.5202, Accuracy: 76.10%, Precision: 0.73, Recall: 0.78, F1: 0.75, AUC: 0.84
Epoch [11/100] [TRAIN] Loss: 0.5647, Accuracy: 74.70%, AUC: 0.82 [VAL] Loss: 0.5187, Accuracy: 76.20%, Precision: 0.74, Recall: 0.77, F1: 0.75, AUC: 0.84
Epoch [12/100] [TRAIN] Loss: 0.5631, Accuracy: 74.75%, AUC: 0.82 [VAL] Loss: 0.5193, Accuracy: 76.40%, Precision: 0.74, Recall: 0.78, F1: 0.76, AUC: 0.84
Epoch [13/100] [TRAIN] Loss: 0.5671, Accuracy: 74.34%, AUC: 0.81 [VAL] Loss: 0.5199, Accuracy: 75.90%, Precision: 0.73, Recall: 0.77, F1: 0.75, AUC: 0.84
Epoch [14/100] [TRAIN] Loss: 0.5588, Accuracy: 74.62%, AUC: 0.82 [VAL] Loss: 0.5178, Accuracy: 76.30%, Precision: 0.74, Recall: 0.78, F1: 0.76, AUC: 0.84
Epoch [15/100] [TRAIN] Loss: 0.5565, Accuracy: 74.74%, AUC: 0.82 [VAL] Loss: 0.5176, Accuracy: 76.00%, Precision: 0.73, Recall: 0.77, F1: 0.75, AUC: 0.84
Epoch [16/100] [TRAIN] Loss: 0.5583, Accuracy: 74.19%, AUC: 0.82 [VAL] Loss: 0.5175, Accuracy: 76.00%, Precision: 0.73, Recall: 0.78, F1: 0.75, AUC: 0.84
Epoch [17/100] [TRAIN] Loss: 0.5564, Accuracy: 74.91%, AUC: 0.82 [VAL] Loss: 0.5177, Accuracy: 76.10%, Precision: 0.73, Recall: 0.78, F1: 0.75, AUC: 0.84
Epoch [18/100] [TRAIN] Loss: 0.5551, Accuracy: 75.01%, AUC: 0.82 [VAL] Loss: 0.5165, Accuracy: 75.90%, Precision: 0.73, Recall: 0.78, F1: 0.75, AUC: 0.84
Epoch [19/100] [TRAIN] Loss: 0.5566, Accuracy: 74.56%, AUC: 0.82 [VAL] Loss: 0.5166, Accuracy: 76.00%, Precision: 0.73, Recall: 0.78, F1: 0.75, AUC: 0.85
Epoch [20/100] [TRAIN] Loss: 0.5533, Accuracy: 74.76%, AUC: 0.82 [VAL] Loss: 0.5169, Accuracy: 76.00%, Precision: 0.73, Recall: 0.78, F1: 0.75, AUC: 0.85
Epoch [21/100] [TRAIN] Loss: 0.5495, Accuracy: 74.96%, AUC: 0.82 [VAL] Loss: 0.5158, Accuracy: 75.90%, Precision: 0.73, Recall: 0.78, F1: 0.75, AUC: 0.85
Epoch [22/100] [TRAIN] Loss: 0.5539, Accuracy: 74.81%, AUC: 0.82 [VAL] Loss: 0.5152, Accuracy: 76.10%, Precision: 0.73, Recall: 0.78, F1: 0.75, AUC: 0.85
Epoch [23/100] [TRAIN] Loss: 0.5556, Accuracy: 74.60%, AUC: 0.82 [VAL] Loss: 0.5153, Accuracy: 76.00%, Precision: 0.73, Recall: 0.78, F1: 0.75, AUC: 0.85
Epoch [24/100] [TRAIN] Loss: 0.5531, Accuracy: 74.86%, AUC: 0.82 [VAL] Loss: 0.5147, Accuracy: 76.00%, Precision: 0.73, Recall: 0.78, F1: 0.75, AUC: 0.85
Epoch [25/100] [TRAIN] Loss: 0.5553, Accuracy: 74.64%, AUC: 0.82 [VAL] Loss: 0.5143, Accuracy: 75.90%, Precision: 0.73, Recall: 0.78, F1: 0.75, AUC: 0.85
Epoch [26/100] [TRAIN] Loss: 0.5508, Accuracy: 74.44%, AUC: 0.82 [VAL] Loss: 0.5140, Accuracy: 75.90%, Precision: 0.73, Recall: 0.78, F1: 0.75, AUC: 0.85
Epoch [27/100] [TRAIN] Loss: 0.5524, Accuracy: 74.89%, AUC: 0.82 [VAL] Loss: 0.5140, Accuracy: 76.00%, Precision: 0.73, Recall: 0.78, F1: 0.75, AUC: 0.85
Epoch [28/100] [TRAIN] Loss: 0.5498, Accuracy: 74.79%, AUC: 0.82 [VAL] Loss: 0.5136, Accuracy: 76.20%, Precision: 0.73, Recall: 0.78, F1: 0.76, AUC: 0.85
Epoch [29/100] [TRAIN] Loss: 0.5496, Accuracy: 74.83%, AUC: 0.82 [VAL] Loss: 0.5126, Accuracy: 76.30%, Precision: 0.74, Recall: 0.78, F1: 0.76, AUC: 0.85
Epoch [30/100] [TRAIN] Loss: 0.5485, Accuracy: 74.91%, AUC: 0.82 [VAL] Loss: 0.5124, Accuracy: 76.30%, Precision: 0.74, Recall: 0.78, F1: 0.76, AUC: 0.85
Epoch [31/100] [TRAIN] Loss: 0.5501, Accuracy: 74.79%, AUC: 0.82 [VAL] Loss: 0.5121, Accuracy: 76.40%, Precision: 0.74, Recall: 0.78, F1: 0.76, AUC: 0.85
Epoch [32/100] [TRAIN] Loss: 0.5469, Accuracy: 75.11%, AUC: 0.83 [VAL] Loss: 0.5115, Accuracy: 76.30%, Precision: 0.74, Recall: 0.78, F1: 0.76, AUC: 0.85
Epoch [33/100] [TRAIN] Loss: 0.5492, Accuracy: 74.54%, AUC: 0.82 [VAL] Loss: 0.5121, Accuracy: 76.30%, Precision: 0.74, Recall: 0.78, F1: 0.76, AUC: 0.85
Epoch [34/100] [TRAIN] Loss: 0.5495, Accuracy: 74.72%, AUC: 0.82 [VAL] Loss: 0.5125, Accuracy: 76.50%, Precision: 0.74, Recall: 0.78, F1: 0.76, AUC: 0.85
Epoch [35/100] [TRAIN] Loss: 0.5477, Accuracy: 74.60%, AUC: 0.82 [VAL] Loss: 0.5122, Accuracy: 76.40%, Precision: 0.74, Recall: 0.78, F1: 0.76, AUC: 0.85
Epoch [36/100] [TRAIN] Loss: 0.5480, Accuracy: 74.81%, AUC: 0.82 [VAL] Loss: 0.5109, Accuracy: 76.50%, Precision: 0.74, Recall: 0.78, F1: 0.76, AUC: 0.85
Epoch [37/100] [TRAIN] Loss: 0.5469, Accuracy: 74.99%, AUC: 0.83 [VAL] Loss: 0.5114, Accuracy: 76.50%, Precision: 0.74, Recall: 0.78, F1: 0.76, AUC: 0.85
Epoch [38/100] [TRAIN] Loss: 0.5444, Accuracy: 75.24%, AUC: 0.83 [VAL] Loss: 0.5108, Accuracy: 76.70%, Precision: 0.74, Recall: 0.78, F1: 0.76, AUC: 0.85
Epoch [39/100] [TRAIN] Loss: 0.5463, Accuracy: 74.91%, AUC: 0.82 [VAL] Loss: 0.5104, Accuracy: 76.70%, Precision: 0.74, Recall: 0.78, F1: 0.76, AUC: 0.85
Epoch [40/100] [TRAIN] Loss: 0.5440, Accuracy: 74.94%, AUC: 0.83 [VAL] Loss: 0.5097, Accuracy: 76.60%, Precision: 0.74, Recall: 0.78, F1: 0.76, AUC: 0.85
Epoch [41/100] [TRAIN] Loss: 0.5473, Accuracy: 74.58%, AUC: 0.82 [VAL] Loss: 0.5111, Accuracy: 76.40%, Precision: 0.74, Recall: 0.78, F1: 0.76, AUC: 0.85
Epoch [42/100] [TRAIN] Loss: 0.5448, Accuracy: 74.70%, AUC: 0.83 [VAL] Loss: 0.5105, Accuracy: 76.70%, Precision: 0.74, Recall: 0.78, F1: 0.76, AUC: 0.85
Epoch [43/100] [TRAIN] Loss: 0.5462, Accuracy: 74.44%, AUC: 0.83 [VAL] Loss: 0.5099, Accuracy: 76.60%, Precision: 0.74, Recall: 0.78, F1: 0.76, AUC: 0.85
Epoch [44/100] [TRAIN] Loss: 0.5424, Accuracy: 74.95%, AUC: 0.83 [VAL] Loss: 0.5094, Accuracy: 76.60%, Precision: 0.74, Recall: 0.79, F1: 0.76, AUC: 0.85
Epoch [45/100] [TRAIN] Loss: 0.5426, Accuracy: 75.16%, AUC: 0.83 [VAL] Loss: 0.5097, Accuracy: 76.50%, Precision: 0.74, Recall: 0.78, F1: 0.76, AUC: 0.85
Epoch [46/100] [TRAIN] Loss: 0.5452, Accuracy: 74.79%, AUC: 0.83 [VAL] Loss: 0.5094, Accuracy: 76.60%, Precision: 0.74, Recall: 0.78, F1: 0.76, AUC: 0.85
Epoch [47/100] [TRAIN] Loss: 0.5404, Accuracy: 75.33%, AUC: 0.83 [VAL] Loss: 0.5087, Accuracy: 76.50%, Precision: 0.74, Recall: 0.78, F1: 0.76, AUC: 0.85
Epoch [48/100] [TRAIN] Loss: 0.5408, Accuracy: 75.19%, AUC: 0.83 [VAL] Loss: 0.5086, Accuracy: 76.40%, Precision: 0.73, Recall: 0.78, F1: 0.76, AUC: 0.85
Epoch [49/100] [TRAIN] Loss: 0.5455, Accuracy: 75.12%, AUC: 0.83 [VAL] Loss: 0.5096, Accuracy: 76.60%, Precision: 0.74, Recall: 0.79, F1: 0.76, AUC: 0.85
Epoch [50/100] [TRAIN] Loss: 0.5436, Accuracy: 75.14%, AUC: 0.83 [VAL] Loss: 0.5097, Accuracy: 76.50%, Precision: 0.74, Recall: 0.78, F1: 0.76, AUC: 0.85
Epoch [51/100] [TRAIN] Loss: 0.5447, Accuracy: 75.34%, AUC: 0.83 [VAL] Loss: 0.5078, Accuracy: 76.30%, Precision: 0.73, Recall: 0.78, F1: 0.76, AUC: 0.85
Epoch [52/100] [TRAIN] Loss: 0.5430, Accuracy: 75.15%, AUC: 0.83 [VAL] Loss: 0.5078, Accuracy: 76.50%, Precision: 0.74, Recall: 0.78, F1: 0.76, AUC: 0.85
Epoch [53/100] [TRAIN] Loss: 0.5451, Accuracy: 74.97%, AUC: 0.83 [VAL] Loss: 0.5089, Accuracy: 76.40%, Precision: 0.74, Recall: 0.78, F1: 0.76, AUC: 0.85
Epoch [54/100] [TRAIN] Loss: 0.5406, Accuracy: 74.95%, AUC: 0.83 [VAL] Loss: 0.5079, Accuracy: 76.70%, Precision: 0.74, Recall: 0.78, F1: 0.76, AUC: 0.85
Epoch [55/100] [TRAIN] Loss: 0.5404, Accuracy: 75.30%, AUC: 0.83 [VAL] Loss: 0.5078, Accuracy: 76.90%, Precision: 0.74, Recall: 0.79, F1: 0.76, AUC: 0.85
Epoch [56/100] [TRAIN] Loss: 0.5446, Accuracy: 74.85%, AUC: 0.83 [VAL] Loss: 0.5078, Accuracy: 76.70%, Precision: 0.74, Recall: 0.78, F1: 0.76, AUC: 0.85
Epoch [57/100] [TRAIN] Loss: 0.5428, Accuracy: 74.90%, AUC: 0.83 [VAL] Loss: 0.5076, Accuracy: 76.70%, Precision: 0.74, Recall: 0.78, F1: 0.76, AUC: 0.85
Epoch [58/100] [TRAIN] Loss: 0.5417, Accuracy: 74.84%, AUC: 0.83 [VAL] Loss: 0.5070, Accuracy: 76.70%, Precision: 0.74, Recall: 0.78, F1: 0.76, AUC: 0.85
Epoch [59/100] [TRAIN] Loss: 0.5458, Accuracy: 74.75%, AUC: 0.82 [VAL] Loss: 0.5072, Accuracy: 76.90%, Precision: 0.74, Recall: 0.78, F1: 0.76, AUC: 0.85
Epoch [60/100] [TRAIN] Loss: 0.5384, Accuracy: 75.39%, AUC: 0.83 [VAL] Loss: 0.5072, Accuracy: 76.90%, Precision: 0.74, Recall: 0.78, F1: 0.76, AUC: 0.85
Epoch [61/100] [TRAIN] Loss: 0.5405, Accuracy: 75.00%, AUC: 0.83 [VAL] Loss: 0.5065, Accuracy: 76.60%, Precision: 0.74, Recall: 0.78, F1: 0.76, AUC: 0.85
Epoch [62/100] [TRAIN] Loss: 0.5422, Accuracy: 74.80%, AUC: 0.83 [VAL] Loss: 0.5068, Accuracy: 76.70%, Precision: 0.74, Recall: 0.78, F1: 0.76, AUC: 0.85
Epoch [63/100] [TRAIN] Loss: 0.5397, Accuracy: 74.92%, AUC: 0.83 [VAL] Loss: 0.5064, Accuracy: 76.90%, Precision: 0.74, Recall: 0.78, F1: 0.76, AUC: 0.85
Epoch [64/100] [TRAIN] Loss: 0.5381, Accuracy: 75.40%, AUC: 0.83 [VAL] Loss: 0.5062, Accuracy: 76.40%, Precision: 0.74, Recall: 0.78, F1: 0.76, AUC: 0.85
Epoch [65/100] [TRAIN] Loss: 0.5383, Accuracy: 75.39%, AUC: 0.83 [VAL] Loss: 0.5057, Accuracy: 76.60%, Precision: 0.74, Recall: 0.78, F1: 0.76, AUC: 0.85
Epoch [66/100] [TRAIN] Loss: 0.5395, Accuracy: 74.96%, AUC: 0.83 [VAL] Loss: 0.5062, Accuracy: 76.50%, Precision: 0.74, Recall: 0.78, F1: 0.76, AUC: 0.85
Epoch [67/100] [TRAIN] Loss: 0.5381, Accuracy: 75.20%, AUC: 0.83 [VAL] Loss: 0.5059, Accuracy: 76.40%, Precision: 0.74, Recall: 0.78, F1: 0.76, AUC: 0.85
Epoch [68/100] [TRAIN] Loss: 0.5395, Accuracy: 75.01%, AUC: 0.83 [VAL] Loss: 0.5058, Accuracy: 76.20%, Precision: 0.74, Recall: 0.77, F1: 0.75, AUC: 0.85
Epoch [69/100] [TRAIN] Loss: 0.5387, Accuracy: 75.62%, AUC: 0.83 [VAL] Loss: 0.5057, Accuracy: 76.30%, Precision: 0.74, Recall: 0.78, F1: 0.76, AUC: 0.85
Epoch [70/100] [TRAIN] Loss: 0.5397, Accuracy: 74.89%, AUC: 0.83 [VAL] Loss: 0.5054, Accuracy: 76.30%, Precision: 0.74, Recall: 0.78, F1: 0.76, AUC: 0.85
Epoch [71/100] [TRAIN] Loss: 0.5384, Accuracy: 75.10%, AUC: 0.83 [VAL] Loss: 0.5050, Accuracy: 76.30%, Precision: 0.74, Recall: 0.77, F1: 0.75, AUC: 0.85
Epoch [72/100] [TRAIN] Loss: 0.5370, Accuracy: 75.06%, AUC: 0.83 [VAL] Loss: 0.5045, Accuracy: 76.20%, Precision: 0.74, Recall: 0.77, F1: 0.75, AUC: 0.85
Epoch [73/100] [TRAIN] Loss: 0.5368, Accuracy: 75.22%, AUC: 0.83 [VAL] Loss: 0.5050, Accuracy: 76.10%, Precision: 0.74, Recall: 0.77, F1: 0.75, AUC: 0.85
Epoch [74/100] [TRAIN] Loss: 0.5365, Accuracy: 74.69%, AUC: 0.83 [VAL] Loss: 0.5055, Accuracy: 76.30%, Precision: 0.74, Recall: 0.77, F1: 0.75, AUC: 0.85
Epoch [75/100] [TRAIN] Loss: 0.5391, Accuracy: 75.24%, AUC: 0.83 [VAL] Loss: 0.5047, Accuracy: 76.30%, Precision: 0.74, Recall: 0.78, F1: 0.76, AUC: 0.85
Epoch [76/100] [TRAIN] Loss: 0.5373, Accuracy: 75.62%, AUC: 0.83 [VAL] Loss: 0.5039, Accuracy: 76.50%, Precision: 0.74, Recall: 0.78, F1: 0.76, AUC: 0.85
Epoch [77/100] [TRAIN] Loss: 0.5315, Accuracy: 75.11%, AUC: 0.83 [VAL] Loss: 0.5034, Accuracy: 76.30%, Precision: 0.74, Recall: 0.78, F1: 0.76, AUC: 0.85
Epoch [78/100] [TRAIN] Loss: 0.5383, Accuracy: 74.89%, AUC: 0.83 [VAL] Loss: 0.5039, Accuracy: 76.40%, Precision: 0.74, Recall: 0.78, F1: 0.76, AUC: 0.85
Epoch [79/100] [TRAIN] Loss: 0.5365, Accuracy: 75.12%, AUC: 0.83 [VAL] Loss: 0.5035, Accuracy: 76.40%, Precision: 0.74, Recall: 0.78, F1: 0.76, AUC: 0.85
Epoch [80/100] [TRAIN] Loss: 0.5358, Accuracy: 75.35%, AUC: 0.83 [VAL] Loss: 0.5048, Accuracy: 76.20%, Precision: 0.74, Recall: 0.77, F1: 0.75, AUC: 0.85
Epoch [81/100] [TRAIN] Loss: 0.5351, Accuracy: 75.20%, AUC: 0.83 [VAL] Loss: 0.5043, Accuracy: 76.20%, Precision: 0.74, Recall: 0.77, F1: 0.75, AUC: 0.85
Epoch [82/100] [TRAIN] Loss: 0.5369, Accuracy: 75.26%, AUC: 0.83 [VAL] Loss: 0.5035, Accuracy: 76.10%, Precision: 0.74, Recall: 0.77, F1: 0.75, AUC: 0.85
Epoch [83/100] [TRAIN] Loss: 0.5368, Accuracy: 74.84%, AUC: 0.83 [VAL] Loss: 0.5033, Accuracy: 76.20%, Precision: 0.74, Recall: 0.77, F1: 0.75, AUC: 0.85
Epoch [84/100] [TRAIN] Loss: 0.5314, Accuracy: 75.51%, AUC: 0.83 [VAL] Loss: 0.5024, Accuracy: 76.00%, Precision: 0.73, Recall: 0.77, F1: 0.75, AUC: 0.85
Epoch [85/100] [TRAIN] Loss: 0.5326, Accuracy: 75.26%, AUC: 0.83 [VAL] Loss: 0.5016, Accuracy: 76.10%, Precision: 0.74, Recall: 0.77, F1: 0.75, AUC: 0.85
Epoch [86/100] [TRAIN] Loss: 0.5352, Accuracy: 75.53%, AUC: 0.83 [VAL] Loss: 0.5018, Accuracy: 76.20%, Precision: 0.74, Recall: 0.77, F1: 0.75, AUC: 0.85
Epoch [87/100] [TRAIN] Loss: 0.5330, Accuracy: 74.90%, AUC: 0.83 [VAL] Loss: 0.5013, Accuracy: 76.20%, Precision: 0.74, Recall: 0.77, F1: 0.75, AUC: 0.85
Epoch [88/100] [TRAIN] Loss: 0.5345, Accuracy: 75.12%, AUC: 0.83 [VAL] Loss: 0.5014, Accuracy: 76.10%, Precision: 0.74, Recall: 0.77, F1: 0.75, AUC: 0.85
Epoch [89/100] [TRAIN] Loss: 0.5304, Accuracy: 75.64%, AUC: 0.84 [VAL] Loss: 0.5015, Accuracy: 76.10%, Precision: 0.74, Recall: 0.77, F1: 0.75, AUC: 0.85
Epoch [90/100] [TRAIN] Loss: 0.5366, Accuracy: 74.79%, AUC: 0.83 [VAL] Loss: 0.5024, Accuracy: 76.10%, Precision: 0.74, Recall: 0.77, F1: 0.75, AUC: 0.85
Epoch [91/100] [TRAIN] Loss: 0.5375, Accuracy: 74.97%, AUC: 0.83 [VAL] Loss: 0.5016, Accuracy: 76.20%, Precision: 0.74, Recall: 0.77, F1: 0.75, AUC: 0.85
Epoch [92/100] [TRAIN] Loss: 0.5332, Accuracy: 74.91%, AUC: 0.83 [VAL] Loss: 0.5010, Accuracy: 76.20%, Precision: 0.74, Recall: 0.77, F1: 0.75, AUC: 0.85
Epoch [93/100] [TRAIN] Loss: 0.5298, Accuracy: 75.44%, AUC: 0.84 [VAL] Loss: 0.5007, Accuracy: 76.30%, Precision: 0.74, Recall: 0.77, F1: 0.75, AUC: 0.85
Epoch [94/100] [TRAIN] Loss: 0.5334, Accuracy: 75.11%, AUC: 0.83 [VAL] Loss: 0.5008, Accuracy: 76.20%, Precision: 0.74, Recall: 0.77, F1: 0.75, AUC: 0.85
Epoch [95/100] [TRAIN] Loss: 0.5308, Accuracy: 75.65%, AUC: 0.84 [VAL] Loss: 0.5004, Accuracy: 76.20%, Precision: 0.74, Recall: 0.77, F1: 0.75, AUC: 0.85
Epoch [96/100] [TRAIN] Loss: 0.5334, Accuracy: 74.99%, AUC: 0.83 [VAL] Loss: 0.4999, Accuracy: 76.30%, Precision: 0.74, Recall: 0.77, F1: 0.75, AUC: 0.85
Epoch [97/100] [TRAIN] Loss: 0.5305, Accuracy: 75.58%, AUC: 0.84 [VAL] Loss: 0.4996, Accuracy: 76.20%, Precision: 0.74, Recall: 0.77, F1: 0.75, AUC: 0.85
Epoch [98/100] [TRAIN] Loss: 0.5322, Accuracy: 75.38%, AUC: 0.83 [VAL] Loss: 0.5001, Accuracy: 76.40%, Precision: 0.74, Recall: 0.78, F1: 0.76, AUC: 0.85
Epoch [99/100] [TRAIN] Loss: 0.5291, Accuracy: 75.53%, AUC: 0.84 [VAL] Loss: 0.4997, Accuracy: 76.50%, Precision: 0.74, Recall: 0.78, F1: 0.76, AUC: 0.85
Epoch [100/100] [TRAIN] Loss: 0.5317, Accuracy: 75.11%, AUC: 0.83 [VAL] Loss: 0.4996, Accuracy: 76.40%, Precision: 0.74, Recall: 0.77, F1: 0.76, AUC: 0.85
  Antisymmetry score (raw):        0.9570
  Antisymmetry score (confident):  1.0000
  Total violations:                43 / 1000
  Pairs near boundary:             136 (13.6%)
  Avg |prob-0.5| at violation:     0.0000

--- Training baselines (LogisticRegression, RandomForest, SVM) ---

  Training LogisticRegression...
  Val accuracy: 74.60%  |  Val AUC: 0.8174

  [LogisticRegression]  Accuracy: 70.90%  AUC: 0.7749  AUCPRC: 0.7717  Precision: 0.7181  Recall: 0.6605  F1: 0.6881  Antisym: 0.8070

  Training RandomForest...
  Val accuracy: 78.00%  |  Val AUC: 0.8672

  [RandomForest]  Accuracy: 75.10%  AUC: 0.8301  AUCPRC: 0.8108  Precision: 0.7639  Recall: 0.7058  F1: 0.7337  Antisym: 0.8400

  Training SVM_Linear...
  Val accuracy: 74.90%  |  Val AUC: 0.8166

  [SVM_Linear]  Accuracy: 71.10%  AUC: 0.7726  AUCPRC: 0.7731  Precision: 0.7223  Recall: 0.6584  F1: 0.6889  Antisym: 0.7860
Seed: 456
=== DirectRanker ===
Accuracy:  73.60 %
AUC:       0.8213
AUCPRC:    0.8111
Precision: 0.7194
Recall:    0.7490
F1-Score:  0.7339
Antisymmetry score:  0.9570  (1.0 = perfect, ~0.5 = random)

Detailed Classification Report:
              precision    recall  f1-score   support

           0       0.75      0.72      0.74       514
           1       0.72      0.75      0.73       486

    accuracy                           0.74      1000
   macro avg       0.74      0.74      0.74      1000
weighted avg       0.74      0.74      0.74      1000


Confusion Matrix:
[[372 142]
 [122 364]]

=== LogisticRegression ===
Accuracy:  70.90 %
AUC:       0.7749
AUCPRC:    0.7717
Precision: 0.7181
Recall:    0.6605
F1-Score:  0.6881
Antisymmetry score:  0.8070
Confusion Matrix:
[[388 126]
 [165 321]]

=== RandomForest ===
Accuracy:  75.10 %
AUC:       0.8301
AUCPRC:    0.8108
Precision: 0.7639
Recall:    0.7058
F1-Score:  0.7337
Antisymmetry score:  0.8400
Confusion Matrix:
[[408 106]
 [143 343]]

=== SVM_Linear ===
Accuracy:  71.10 %
AUC:       0.7726
AUCPRC:    0.7731
Precision: 0.7223
Recall:    0.6584
F1-Score:  0.6889
Antisymmetry score:  0.7860
Confusion Matrix:
[[391 123]
 [166 320]]

Saved combined test metrics: /group/pmc021/amunif/epi-thesis/workflow/16_Pairwise Ranking Healthy Liver/output/combined/donor_3/test/020-H3K4me3-H3K27ac-H3K27me3-seed456-test-metrics.csv
Saved combined ROC plot: /group/pmc021/amunif/epi-thesis/workflow/16_Pairwise Ranking Healthy Liver/output/combined/donor_3/img/roc/020-H3K4me3-H3K27ac-H3K27me3-seed456-roc-combined.png
Saved combined PRC plot: /group/pmc021/amunif/epi-thesis/workflow/16_Pairwise Ranking Healthy Liver/output/combined/donor_3/img/prc/020-H3K4me3-H3K27ac-H3K27me3-seed456-prc-combined.png

Finished 020-H3K4me3-H3K27ac-H3K27me3 (seed 456)

======================================================================
021-H3K9ac-H3K9me3-H3K27ac
======================================================================
Train label distribution:
  Label 0:   4036 (50.4%)
  Label 1:   3964 (49.5%)
Val label distribution:
  Label 0:    528 (52.8%)
  Label 1:    472 (47.2%)
Test label distribution:
  Label 0:    514 (51.4%)
  Label 1:    486 (48.6%)
Saved label distribution: /group/pmc021/amunif/epi-thesis/workflow/16_Pairwise Ranking Healthy Liver/output/combined/donor_3/test/021-H3K9ac-H3K9me3-H3K27ac-seed456-label-distribution.csv

--- Training DirectRanker ---
Epoch [1/100] [TRAIN] Loss: 0.6288, Accuracy: 70.91%, AUC: 0.77 [VAL] Loss: 0.5469, Accuracy: 75.30%, Precision: 0.72, Recall: 0.79, F1: 0.75, AUC: 0.84
Epoch [2/100] [TRAIN] Loss: 0.5958, Accuracy: 73.72%, AUC: 0.80 [VAL] Loss: 0.5333, Accuracy: 75.80%, Precision: 0.72, Recall: 0.80, F1: 0.76, AUC: 0.84
Epoch [3/100] [TRAIN] Loss: 0.5859, Accuracy: 73.99%, AUC: 0.80 [VAL] Loss: 0.5286, Accuracy: 75.90%, Precision: 0.72, Recall: 0.80, F1: 0.76, AUC: 0.84
Epoch [4/100] [TRAIN] Loss: 0.5897, Accuracy: 74.12%, AUC: 0.80 [VAL] Loss: 0.5281, Accuracy: 75.60%, Precision: 0.72, Recall: 0.80, F1: 0.76, AUC: 0.84
Epoch [5/100] [TRAIN] Loss: 0.5847, Accuracy: 74.17%, AUC: 0.80 [VAL] Loss: 0.5269, Accuracy: 75.30%, Precision: 0.71, Recall: 0.80, F1: 0.75, AUC: 0.84
Epoch [6/100] [TRAIN] Loss: 0.5758, Accuracy: 74.62%, AUC: 0.81 [VAL] Loss: 0.5262, Accuracy: 75.30%, Precision: 0.71, Recall: 0.80, F1: 0.75, AUC: 0.84
Epoch [7/100] [TRAIN] Loss: 0.5717, Accuracy: 74.64%, AUC: 0.81 [VAL] Loss: 0.5228, Accuracy: 75.50%, Precision: 0.71, Recall: 0.80, F1: 0.76, AUC: 0.84
Epoch [8/100] [TRAIN] Loss: 0.5723, Accuracy: 74.12%, AUC: 0.81 [VAL] Loss: 0.5231, Accuracy: 75.50%, Precision: 0.71, Recall: 0.80, F1: 0.76, AUC: 0.84
Epoch [9/100] [TRAIN] Loss: 0.5686, Accuracy: 74.50%, AUC: 0.81 [VAL] Loss: 0.5217, Accuracy: 75.50%, Precision: 0.71, Recall: 0.80, F1: 0.76, AUC: 0.85
Epoch [10/100] [TRAIN] Loss: 0.5678, Accuracy: 74.45%, AUC: 0.81 [VAL] Loss: 0.5210, Accuracy: 75.60%, Precision: 0.71, Recall: 0.81, F1: 0.76, AUC: 0.85
Epoch [11/100] [TRAIN] Loss: 0.5680, Accuracy: 74.76%, AUC: 0.81 [VAL] Loss: 0.5195, Accuracy: 75.60%, Precision: 0.71, Recall: 0.81, F1: 0.76, AUC: 0.85
Epoch [12/100] [TRAIN] Loss: 0.5707, Accuracy: 74.21%, AUC: 0.81 [VAL] Loss: 0.5205, Accuracy: 75.50%, Precision: 0.71, Recall: 0.81, F1: 0.76, AUC: 0.85
Epoch [13/100] [TRAIN] Loss: 0.5666, Accuracy: 74.66%, AUC: 0.82 [VAL] Loss: 0.5198, Accuracy: 75.50%, Precision: 0.71, Recall: 0.81, F1: 0.76, AUC: 0.85
Epoch [14/100] [TRAIN] Loss: 0.5613, Accuracy: 74.80%, AUC: 0.82 [VAL] Loss: 0.5193, Accuracy: 75.20%, Precision: 0.71, Recall: 0.81, F1: 0.75, AUC: 0.85
Epoch [15/100] [TRAIN] Loss: 0.5589, Accuracy: 75.39%, AUC: 0.82 [VAL] Loss: 0.5184, Accuracy: 75.30%, Precision: 0.71, Recall: 0.81, F1: 0.76, AUC: 0.85
Epoch [16/100] [TRAIN] Loss: 0.5643, Accuracy: 74.46%, AUC: 0.81 [VAL] Loss: 0.5195, Accuracy: 75.30%, Precision: 0.71, Recall: 0.81, F1: 0.76, AUC: 0.85
Epoch [17/100] [TRAIN] Loss: 0.5636, Accuracy: 74.42%, AUC: 0.82 [VAL] Loss: 0.5187, Accuracy: 75.30%, Precision: 0.71, Recall: 0.81, F1: 0.76, AUC: 0.85
Epoch [18/100] [TRAIN] Loss: 0.5576, Accuracy: 75.11%, AUC: 0.82 [VAL] Loss: 0.5178, Accuracy: 75.20%, Precision: 0.71, Recall: 0.81, F1: 0.75, AUC: 0.85
Epoch [19/100] [TRAIN] Loss: 0.5599, Accuracy: 74.89%, AUC: 0.82 [VAL] Loss: 0.5187, Accuracy: 75.30%, Precision: 0.71, Recall: 0.81, F1: 0.76, AUC: 0.85
Epoch [20/100] [TRAIN] Loss: 0.5584, Accuracy: 74.54%, AUC: 0.82 [VAL] Loss: 0.5179, Accuracy: 75.40%, Precision: 0.71, Recall: 0.81, F1: 0.76, AUC: 0.85
Epoch [21/100] [TRAIN] Loss: 0.5605, Accuracy: 74.84%, AUC: 0.82 [VAL] Loss: 0.5181, Accuracy: 75.20%, Precision: 0.71, Recall: 0.81, F1: 0.75, AUC: 0.85
Epoch [22/100] [TRAIN] Loss: 0.5579, Accuracy: 74.69%, AUC: 0.82 [VAL] Loss: 0.5173, Accuracy: 75.50%, Precision: 0.71, Recall: 0.81, F1: 0.76, AUC: 0.85
Epoch [23/100] [TRAIN] Loss: 0.5578, Accuracy: 74.80%, AUC: 0.82 [VAL] Loss: 0.5176, Accuracy: 75.30%, Precision: 0.71, Recall: 0.81, F1: 0.76, AUC: 0.85
Epoch [24/100] [TRAIN] Loss: 0.5591, Accuracy: 74.85%, AUC: 0.82 [VAL] Loss: 0.5179, Accuracy: 75.30%, Precision: 0.71, Recall: 0.81, F1: 0.76, AUC: 0.85
Epoch [25/100] [TRAIN] Loss: 0.5566, Accuracy: 75.19%, AUC: 0.82 [VAL] Loss: 0.5177, Accuracy: 75.30%, Precision: 0.71, Recall: 0.81, F1: 0.76, AUC: 0.85
Epoch [26/100] [TRAIN] Loss: 0.5561, Accuracy: 74.67%, AUC: 0.82 [VAL] Loss: 0.5172, Accuracy: 75.30%, Precision: 0.71, Recall: 0.81, F1: 0.76, AUC: 0.85
Epoch [27/100] [TRAIN] Loss: 0.5564, Accuracy: 74.96%, AUC: 0.82 [VAL] Loss: 0.5168, Accuracy: 75.40%, Precision: 0.71, Recall: 0.81, F1: 0.76, AUC: 0.85
Epoch [28/100] [TRAIN] Loss: 0.5587, Accuracy: 74.71%, AUC: 0.82 [VAL] Loss: 0.5179, Accuracy: 75.40%, Precision: 0.71, Recall: 0.81, F1: 0.76, AUC: 0.85
Epoch [29/100] [TRAIN] Loss: 0.5579, Accuracy: 74.22%, AUC: 0.82 [VAL] Loss: 0.5168, Accuracy: 75.50%, Precision: 0.71, Recall: 0.81, F1: 0.76, AUC: 0.85
Epoch [30/100] [TRAIN] Loss: 0.5530, Accuracy: 74.75%, AUC: 0.82 [VAL] Loss: 0.5159, Accuracy: 75.30%, Precision: 0.71, Recall: 0.81, F1: 0.76, AUC: 0.85
Epoch [31/100] [TRAIN] Loss: 0.5521, Accuracy: 75.08%, AUC: 0.82 [VAL] Loss: 0.5164, Accuracy: 75.40%, Precision: 0.71, Recall: 0.81, F1: 0.76, AUC: 0.85
Epoch [32/100] [TRAIN] Loss: 0.5546, Accuracy: 74.85%, AUC: 0.82 [VAL] Loss: 0.5156, Accuracy: 75.30%, Precision: 0.71, Recall: 0.81, F1: 0.76, AUC: 0.85
Epoch [33/100] [TRAIN] Loss: 0.5555, Accuracy: 74.28%, AUC: 0.82 [VAL] Loss: 0.5158, Accuracy: 75.30%, Precision: 0.71, Recall: 0.81, F1: 0.76, AUC: 0.85
Epoch [34/100] [TRAIN] Loss: 0.5526, Accuracy: 75.44%, AUC: 0.82 [VAL] Loss: 0.5156, Accuracy: 75.20%, Precision: 0.71, Recall: 0.81, F1: 0.75, AUC: 0.85
Epoch [35/100] [TRAIN] Loss: 0.5537, Accuracy: 74.34%, AUC: 0.82 [VAL] Loss: 0.5155, Accuracy: 75.20%, Precision: 0.71, Recall: 0.81, F1: 0.75, AUC: 0.85
Epoch [36/100] [TRAIN] Loss: 0.5527, Accuracy: 74.86%, AUC: 0.82 [VAL] Loss: 0.5156, Accuracy: 75.00%, Precision: 0.71, Recall: 0.80, F1: 0.75, AUC: 0.85
Epoch [37/100] [TRAIN] Loss: 0.5496, Accuracy: 75.38%, AUC: 0.83 [VAL] Loss: 0.5153, Accuracy: 75.00%, Precision: 0.71, Recall: 0.81, F1: 0.75, AUC: 0.85
Epoch [38/100] [TRAIN] Loss: 0.5507, Accuracy: 74.83%, AUC: 0.82 [VAL] Loss: 0.5152, Accuracy: 75.20%, Precision: 0.71, Recall: 0.81, F1: 0.75, AUC: 0.85
Epoch [39/100] [TRAIN] Loss: 0.5515, Accuracy: 75.03%, AUC: 0.82 [VAL] Loss: 0.5143, Accuracy: 75.20%, Precision: 0.71, Recall: 0.81, F1: 0.75, AUC: 0.85
Epoch [40/100] [TRAIN] Loss: 0.5471, Accuracy: 74.99%, AUC: 0.83 [VAL] Loss: 0.5132, Accuracy: 75.30%, Precision: 0.71, Recall: 0.81, F1: 0.75, AUC: 0.85
Epoch [41/100] [TRAIN] Loss: 0.5485, Accuracy: 75.21%, AUC: 0.82 [VAL] Loss: 0.5130, Accuracy: 75.40%, Precision: 0.71, Recall: 0.81, F1: 0.76, AUC: 0.85
Epoch [42/100] [TRAIN] Loss: 0.5475, Accuracy: 74.94%, AUC: 0.83 [VAL] Loss: 0.5131, Accuracy: 75.40%, Precision: 0.71, Recall: 0.81, F1: 0.76, AUC: 0.85
Epoch [43/100] [TRAIN] Loss: 0.5478, Accuracy: 74.97%, AUC: 0.83 [VAL] Loss: 0.5133, Accuracy: 75.50%, Precision: 0.71, Recall: 0.81, F1: 0.76, AUC: 0.85
Epoch [44/100] [TRAIN] Loss: 0.5493, Accuracy: 74.39%, AUC: 0.82 [VAL] Loss: 0.5130, Accuracy: 75.10%, Precision: 0.71, Recall: 0.81, F1: 0.75, AUC: 0.85
Epoch [45/100] [TRAIN] Loss: 0.5485, Accuracy: 74.85%, AUC: 0.82 [VAL] Loss: 0.5130, Accuracy: 75.20%, Precision: 0.71, Recall: 0.81, F1: 0.75, AUC: 0.85
Epoch [46/100] [TRAIN] Loss: 0.5513, Accuracy: 75.04%, AUC: 0.82 [VAL] Loss: 0.5133, Accuracy: 75.10%, Precision: 0.71, Recall: 0.81, F1: 0.75, AUC: 0.85
Epoch [47/100] [TRAIN] Loss: 0.5488, Accuracy: 75.10%, AUC: 0.82 [VAL] Loss: 0.5132, Accuracy: 75.10%, Precision: 0.71, Recall: 0.81, F1: 0.75, AUC: 0.85
Epoch [48/100] [TRAIN] Loss: 0.5449, Accuracy: 75.50%, AUC: 0.83 [VAL] Loss: 0.5131, Accuracy: 75.10%, Precision: 0.71, Recall: 0.81, F1: 0.75, AUC: 0.85
Epoch [49/100] [TRAIN] Loss: 0.5483, Accuracy: 75.26%, AUC: 0.83 [VAL] Loss: 0.5131, Accuracy: 75.10%, Precision: 0.71, Recall: 0.81, F1: 0.75, AUC: 0.85
Epoch [50/100] [TRAIN] Loss: 0.5488, Accuracy: 74.85%, AUC: 0.82 [VAL] Loss: 0.5130, Accuracy: 75.10%, Precision: 0.71, Recall: 0.81, F1: 0.75, AUC: 0.85
Epoch [51/100] [TRAIN] Loss: 0.5434, Accuracy: 74.84%, AUC: 0.83 [VAL] Loss: 0.5129, Accuracy: 75.10%, Precision: 0.71, Recall: 0.81, F1: 0.75, AUC: 0.85
Epoch [52/100] [TRAIN] Loss: 0.5484, Accuracy: 75.00%, AUC: 0.82 [VAL] Loss: 0.5129, Accuracy: 75.10%, Precision: 0.71, Recall: 0.81, F1: 0.75, AUC: 0.85
Epoch [53/100] [TRAIN] Loss: 0.5454, Accuracy: 75.08%, AUC: 0.83 [VAL] Loss: 0.5128, Accuracy: 75.10%, Precision: 0.71, Recall: 0.81, F1: 0.75, AUC: 0.85
Epoch [54/100] [TRAIN] Loss: 0.5469, Accuracy: 74.71%, AUC: 0.82 [VAL] Loss: 0.5128, Accuracy: 75.10%, Precision: 0.71, Recall: 0.81, F1: 0.75, AUC: 0.85
Epoch [55/100] [TRAIN] Loss: 0.5493, Accuracy: 75.09%, AUC: 0.82 [VAL] Loss: 0.5128, Accuracy: 75.10%, Precision: 0.71, Recall: 0.81, F1: 0.75, AUC: 0.85
Epoch [56/100] [TRAIN] Loss: 0.5480, Accuracy: 74.65%, AUC: 0.82 [VAL] Loss: 0.5128, Accuracy: 75.10%, Precision: 0.71, Recall: 0.81, F1: 0.75, AUC: 0.85
Epoch [57/100] [TRAIN] Loss: 0.5450, Accuracy: 75.59%, AUC: 0.83 [VAL] Loss: 0.5127, Accuracy: 75.10%, Precision: 0.71, Recall: 0.81, F1: 0.75, AUC: 0.85
Epoch [58/100] [TRAIN] Loss: 0.5436, Accuracy: 74.80%, AUC: 0.83 [VAL] Loss: 0.5126, Accuracy: 75.10%, Precision: 0.71, Recall: 0.81, F1: 0.75, AUC: 0.85
Epoch [59/100] [TRAIN] Loss: 0.5488, Accuracy: 74.96%, AUC: 0.82 [VAL] Loss: 0.5127, Accuracy: 75.10%, Precision: 0.71, Recall: 0.81, F1: 0.75, AUC: 0.85
Epoch [60/100] [TRAIN] Loss: 0.5489, Accuracy: 74.47%, AUC: 0.82 [VAL] Loss: 0.5127, Accuracy: 75.10%, Precision: 0.71, Recall: 0.81, F1: 0.75, AUC: 0.85
Epoch [61/100] [TRAIN] Loss: 0.5505, Accuracy: 74.55%, AUC: 0.82 [VAL] Loss: 0.5128, Accuracy: 75.10%, Precision: 0.71, Recall: 0.81, F1: 0.75, AUC: 0.85
Epoch [62/100] [TRAIN] Loss: 0.5472, Accuracy: 74.92%, AUC: 0.83 [VAL] Loss: 0.5127, Accuracy: 75.10%, Precision: 0.71, Recall: 0.81, F1: 0.75, AUC: 0.85
Epoch [63/100] [TRAIN] Loss: 0.5471, Accuracy: 74.46%, AUC: 0.82 [VAL] Loss: 0.5127, Accuracy: 75.10%, Precision: 0.71, Recall: 0.81, F1: 0.75, AUC: 0.85
Epoch [64/100] [TRAIN] Loss: 0.5479, Accuracy: 74.65%, AUC: 0.82 [VAL] Loss: 0.5127, Accuracy: 75.10%, Precision: 0.71, Recall: 0.81, F1: 0.75, AUC: 0.85
Epoch [65/100] [TRAIN] Loss: 0.5497, Accuracy: 74.72%, AUC: 0.82 [VAL] Loss: 0.5127, Accuracy: 75.10%, Precision: 0.71, Recall: 0.81, F1: 0.75, AUC: 0.85
Epoch [66/100] [TRAIN] Loss: 0.5481, Accuracy: 74.94%, AUC: 0.82 [VAL] Loss: 0.5127, Accuracy: 75.10%, Precision: 0.71, Recall: 0.81, F1: 0.75, AUC: 0.85
Epoch [67/100] [TRAIN] Loss: 0.5471, Accuracy: 74.91%, AUC: 0.82 [VAL] Loss: 0.5127, Accuracy: 75.10%, Precision: 0.71, Recall: 0.81, F1: 0.75, AUC: 0.85
Epoch [68/100] [TRAIN] Loss: 0.5475, Accuracy: 74.72%, AUC: 0.83 [VAL] Loss: 0.5127, Accuracy: 75.10%, Precision: 0.71, Recall: 0.81, F1: 0.75, AUC: 0.85
  Early stopping at epoch 68 (no val_loss improvement for 10 epochs)
  Antisymmetry score (raw):        0.9120
  Antisymmetry score (confident):  1.0000
  Total violations:                88 / 1000
  Pairs near boundary:             164 (16.4%)
  Avg |prob-0.5| at violation:     0.0000

--- Training baselines (LogisticRegression, RandomForest, SVM) ---

  Training LogisticRegression...
  Val accuracy: 72.80%  |  Val AUC: 0.7862

  [LogisticRegression]  Accuracy: 72.80%  AUC: 0.7754  AUCPRC: 0.7393  Precision: 0.7454  Recall: 0.6687  F1: 0.7050  Antisym: 0.7550

  Training RandomForest...
  Val accuracy: 77.80%  |  Val AUC: 0.8613

  [RandomForest]  Accuracy: 75.80%  AUC: 0.8352  AUCPRC: 0.8178  Precision: 0.7760  Recall: 0.7058  F1: 0.7392  Antisym: 0.8290

  Training SVM_Linear...
  Val accuracy: 73.40%  |  Val AUC: 0.7877

  [SVM_Linear]  Accuracy: 72.60%  AUC: 0.7759  AUCPRC: 0.7352  Precision: 0.7548  Recall: 0.6461  F1: 0.6962  Antisym: 0.7460
Seed: 456
=== DirectRanker ===
Accuracy:  73.70 %
AUC:       0.8203
AUCPRC:    0.8052
Precision: 0.7069
Recall:    0.7840
F1-Score:  0.7434
Antisymmetry score:  0.9120  (1.0 = perfect, ~0.5 = random)

Detailed Classification Report:
              precision    recall  f1-score   support

           0       0.77      0.69      0.73       514
           1       0.71      0.78      0.74       486

    accuracy                           0.74      1000
   macro avg       0.74      0.74      0.74      1000
weighted avg       0.74      0.74      0.74      1000


Confusion Matrix:
[[356 158]
 [105 381]]

=== LogisticRegression ===
Accuracy:  72.80 %
AUC:       0.7754
AUCPRC:    0.7393
Precision: 0.7454
Recall:    0.6687
F1-Score:  0.7050
Antisymmetry score:  0.7550
Confusion Matrix:
[[403 111]
 [161 325]]

=== RandomForest ===
Accuracy:  75.80 %
AUC:       0.8352
AUCPRC:    0.8178
Precision: 0.7760
Recall:    0.7058
F1-Score:  0.7392
Antisymmetry score:  0.8290
Confusion Matrix:
[[415  99]
 [143 343]]

=== SVM_Linear ===
Accuracy:  72.60 %
AUC:       0.7759
AUCPRC:    0.7352
Precision: 0.7548
Recall:    0.6461
F1-Score:  0.6962
Antisymmetry score:  0.7460
Confusion Matrix:
[[412 102]
 [172 314]]

Saved combined test metrics: /group/pmc021/amunif/epi-thesis/workflow/16_Pairwise Ranking Healthy Liver/output/combined/donor_3/test/021-H3K9ac-H3K9me3-H3K27ac-seed456-test-metrics.csv
Saved combined ROC plot: /group/pmc021/amunif/epi-thesis/workflow/16_Pairwise Ranking Healthy Liver/output/combined/donor_3/img/roc/021-H3K9ac-H3K9me3-H3K27ac-seed456-roc-combined.png
Saved combined PRC plot: /group/pmc021/amunif/epi-thesis/workflow/16_Pairwise Ranking Healthy Liver/output/combined/donor_3/img/prc/021-H3K9ac-H3K9me3-H3K27ac-seed456-prc-combined.png

Finished 021-H3K9ac-H3K9me3-H3K27ac (seed 456)

======================================================================
022-H3K9ac-H3K9me3-H3K27me3
======================================================================
Train label distribution:
  Label 0:   4036 (50.4%)
  Label 1:   3964 (49.5%)
Val label distribution:
  Label 0:    528 (52.8%)
  Label 1:    472 (47.2%)
Test label distribution:
  Label 0:    514 (51.4%)
  Label 1:    486 (48.6%)
Saved label distribution: /group/pmc021/amunif/epi-thesis/workflow/16_Pairwise Ranking Healthy Liver/output/combined/donor_3/test/022-H3K9ac-H3K9me3-H3K27me3-seed456-label-distribution.csv

--- Training DirectRanker ---
Epoch [1/100] [TRAIN] Loss: 0.6939, Accuracy: 61.41%, AUC: 0.66 [VAL] Loss: 0.6449, Accuracy: 74.60%, Precision: 0.70, Recall: 0.81, F1: 0.75, AUC: 0.83
Epoch [2/100] [TRAIN] Loss: 0.6432, Accuracy: 70.40%, AUC: 0.77 [VAL] Loss: 0.5949, Accuracy: 74.20%, Precision: 0.70, Recall: 0.80, F1: 0.75, AUC: 0.83
Epoch [3/100] [TRAIN] Loss: 0.6140, Accuracy: 71.56%, AUC: 0.79 [VAL] Loss: 0.5666, Accuracy: 73.60%, Precision: 0.69, Recall: 0.79, F1: 0.74, AUC: 0.83
Epoch [4/100] [TRAIN] Loss: 0.6085, Accuracy: 71.85%, AUC: 0.78 [VAL] Loss: 0.5547, Accuracy: 73.90%, Precision: 0.70, Recall: 0.80, F1: 0.74, AUC: 0.83
Epoch [5/100] [TRAIN] Loss: 0.5932, Accuracy: 72.51%, AUC: 0.80 [VAL] Loss: 0.5477, Accuracy: 73.80%, Precision: 0.69, Recall: 0.79, F1: 0.74, AUC: 0.83
Epoch [6/100] [TRAIN] Loss: 0.5923, Accuracy: 72.34%, AUC: 0.79 [VAL] Loss: 0.5444, Accuracy: 74.20%, Precision: 0.70, Recall: 0.80, F1: 0.75, AUC: 0.83
Epoch [7/100] [TRAIN] Loss: 0.5906, Accuracy: 72.59%, AUC: 0.80 [VAL] Loss: 0.5428, Accuracy: 74.20%, Precision: 0.70, Recall: 0.80, F1: 0.75, AUC: 0.83
Epoch [8/100] [TRAIN] Loss: 0.5876, Accuracy: 72.31%, AUC: 0.80 [VAL] Loss: 0.5414, Accuracy: 74.00%, Precision: 0.69, Recall: 0.80, F1: 0.74, AUC: 0.83
Epoch [9/100] [TRAIN] Loss: 0.5846, Accuracy: 72.35%, AUC: 0.80 [VAL] Loss: 0.5405, Accuracy: 74.00%, Precision: 0.69, Recall: 0.80, F1: 0.74, AUC: 0.83
Epoch [10/100] [TRAIN] Loss: 0.5782, Accuracy: 72.62%, AUC: 0.80 [VAL] Loss: 0.5391, Accuracy: 74.10%, Precision: 0.70, Recall: 0.80, F1: 0.75, AUC: 0.83
Epoch [11/100] [TRAIN] Loss: 0.5821, Accuracy: 72.29%, AUC: 0.80 [VAL] Loss: 0.5385, Accuracy: 74.30%, Precision: 0.70, Recall: 0.81, F1: 0.75, AUC: 0.83
Epoch [12/100] [TRAIN] Loss: 0.5801, Accuracy: 72.58%, AUC: 0.80 [VAL] Loss: 0.5379, Accuracy: 74.30%, Precision: 0.70, Recall: 0.81, F1: 0.75, AUC: 0.83
Epoch [13/100] [TRAIN] Loss: 0.5784, Accuracy: 73.19%, AUC: 0.80 [VAL] Loss: 0.5370, Accuracy: 74.30%, Precision: 0.70, Recall: 0.81, F1: 0.75, AUC: 0.83
Epoch [14/100] [TRAIN] Loss: 0.5732, Accuracy: 73.15%, AUC: 0.81 [VAL] Loss: 0.5364, Accuracy: 74.30%, Precision: 0.70, Recall: 0.81, F1: 0.75, AUC: 0.83
Epoch [15/100] [TRAIN] Loss: 0.5793, Accuracy: 72.58%, AUC: 0.80 [VAL] Loss: 0.5365, Accuracy: 74.20%, Precision: 0.70, Recall: 0.81, F1: 0.75, AUC: 0.84
Epoch [16/100] [TRAIN] Loss: 0.5724, Accuracy: 73.35%, AUC: 0.81 [VAL] Loss: 0.5357, Accuracy: 74.30%, Precision: 0.70, Recall: 0.81, F1: 0.75, AUC: 0.84
Epoch [17/100] [TRAIN] Loss: 0.5715, Accuracy: 72.72%, AUC: 0.81 [VAL] Loss: 0.5348, Accuracy: 74.30%, Precision: 0.70, Recall: 0.81, F1: 0.75, AUC: 0.84
Epoch [18/100] [TRAIN] Loss: 0.5733, Accuracy: 72.88%, AUC: 0.81 [VAL] Loss: 0.5345, Accuracy: 74.50%, Precision: 0.70, Recall: 0.81, F1: 0.75, AUC: 0.84
Epoch [19/100] [TRAIN] Loss: 0.5716, Accuracy: 73.00%, AUC: 0.81 [VAL] Loss: 0.5343, Accuracy: 74.40%, Precision: 0.70, Recall: 0.81, F1: 0.75, AUC: 0.84
Epoch [20/100] [TRAIN] Loss: 0.5721, Accuracy: 72.90%, AUC: 0.81 [VAL] Loss: 0.5338, Accuracy: 74.40%, Precision: 0.70, Recall: 0.81, F1: 0.75, AUC: 0.84
Epoch [21/100] [TRAIN] Loss: 0.5753, Accuracy: 73.11%, AUC: 0.80 [VAL] Loss: 0.5338, Accuracy: 74.30%, Precision: 0.70, Recall: 0.81, F1: 0.75, AUC: 0.84
Epoch [22/100] [TRAIN] Loss: 0.5739, Accuracy: 72.75%, AUC: 0.80 [VAL] Loss: 0.5332, Accuracy: 74.40%, Precision: 0.70, Recall: 0.81, F1: 0.75, AUC: 0.84
Epoch [23/100] [TRAIN] Loss: 0.5679, Accuracy: 72.91%, AUC: 0.81 [VAL] Loss: 0.5325, Accuracy: 74.40%, Precision: 0.70, Recall: 0.81, F1: 0.75, AUC: 0.84
Epoch [24/100] [TRAIN] Loss: 0.5684, Accuracy: 72.25%, AUC: 0.81 [VAL] Loss: 0.5320, Accuracy: 74.40%, Precision: 0.70, Recall: 0.81, F1: 0.75, AUC: 0.84
Epoch [25/100] [TRAIN] Loss: 0.5684, Accuracy: 73.10%, AUC: 0.81 [VAL] Loss: 0.5318, Accuracy: 74.30%, Precision: 0.70, Recall: 0.81, F1: 0.75, AUC: 0.84
Epoch [26/100] [TRAIN] Loss: 0.5665, Accuracy: 73.26%, AUC: 0.81 [VAL] Loss: 0.5314, Accuracy: 74.30%, Precision: 0.70, Recall: 0.81, F1: 0.75, AUC: 0.84
Epoch [27/100] [TRAIN] Loss: 0.5693, Accuracy: 72.79%, AUC: 0.81 [VAL] Loss: 0.5313, Accuracy: 74.50%, Precision: 0.70, Recall: 0.81, F1: 0.75, AUC: 0.84
Epoch [28/100] [TRAIN] Loss: 0.5642, Accuracy: 73.15%, AUC: 0.81 [VAL] Loss: 0.5307, Accuracy: 74.40%, Precision: 0.70, Recall: 0.81, F1: 0.75, AUC: 0.84
Epoch [29/100] [TRAIN] Loss: 0.5685, Accuracy: 72.92%, AUC: 0.81 [VAL] Loss: 0.5307, Accuracy: 74.50%, Precision: 0.70, Recall: 0.81, F1: 0.75, AUC: 0.84
Epoch [30/100] [TRAIN] Loss: 0.5627, Accuracy: 73.26%, AUC: 0.81 [VAL] Loss: 0.5299, Accuracy: 74.50%, Precision: 0.70, Recall: 0.81, F1: 0.75, AUC: 0.84
Epoch [31/100] [TRAIN] Loss: 0.5639, Accuracy: 72.86%, AUC: 0.81 [VAL] Loss: 0.5297, Accuracy: 74.40%, Precision: 0.70, Recall: 0.81, F1: 0.75, AUC: 0.84
Epoch [32/100] [TRAIN] Loss: 0.5669, Accuracy: 72.83%, AUC: 0.81 [VAL] Loss: 0.5295, Accuracy: 74.50%, Precision: 0.70, Recall: 0.81, F1: 0.75, AUC: 0.84
Epoch [33/100] [TRAIN] Loss: 0.5623, Accuracy: 72.99%, AUC: 0.81 [VAL] Loss: 0.5291, Accuracy: 74.50%, Precision: 0.70, Recall: 0.81, F1: 0.75, AUC: 0.84
Epoch [34/100] [TRAIN] Loss: 0.5672, Accuracy: 72.90%, AUC: 0.81 [VAL] Loss: 0.5292, Accuracy: 74.50%, Precision: 0.70, Recall: 0.81, F1: 0.75, AUC: 0.84
Epoch [35/100] [TRAIN] Loss: 0.5627, Accuracy: 72.78%, AUC: 0.81 [VAL] Loss: 0.5290, Accuracy: 74.40%, Precision: 0.70, Recall: 0.81, F1: 0.75, AUC: 0.84
Epoch [36/100] [TRAIN] Loss: 0.5641, Accuracy: 73.21%, AUC: 0.81 [VAL] Loss: 0.5288, Accuracy: 74.50%, Precision: 0.70, Recall: 0.81, F1: 0.75, AUC: 0.84
Epoch [37/100] [TRAIN] Loss: 0.5622, Accuracy: 73.67%, AUC: 0.81 [VAL] Loss: 0.5283, Accuracy: 74.60%, Precision: 0.70, Recall: 0.81, F1: 0.75, AUC: 0.84
Epoch [38/100] [TRAIN] Loss: 0.5623, Accuracy: 72.88%, AUC: 0.81 [VAL] Loss: 0.5283, Accuracy: 74.60%, Precision: 0.70, Recall: 0.81, F1: 0.75, AUC: 0.84
Epoch [39/100] [TRAIN] Loss: 0.5613, Accuracy: 72.97%, AUC: 0.81 [VAL] Loss: 0.5279, Accuracy: 74.60%, Precision: 0.70, Recall: 0.81, F1: 0.75, AUC: 0.84
Epoch [40/100] [TRAIN] Loss: 0.5632, Accuracy: 72.94%, AUC: 0.81 [VAL] Loss: 0.5278, Accuracy: 74.60%, Precision: 0.70, Recall: 0.81, F1: 0.75, AUC: 0.84
Epoch [41/100] [TRAIN] Loss: 0.5617, Accuracy: 72.78%, AUC: 0.81 [VAL] Loss: 0.5275, Accuracy: 74.60%, Precision: 0.70, Recall: 0.81, F1: 0.75, AUC: 0.84
Epoch [42/100] [TRAIN] Loss: 0.5590, Accuracy: 73.05%, AUC: 0.81 [VAL] Loss: 0.5269, Accuracy: 74.60%, Precision: 0.70, Recall: 0.81, F1: 0.75, AUC: 0.84
Epoch [43/100] [TRAIN] Loss: 0.5574, Accuracy: 73.46%, AUC: 0.81 [VAL] Loss: 0.5266, Accuracy: 74.50%, Precision: 0.70, Recall: 0.81, F1: 0.75, AUC: 0.84
Epoch [44/100] [TRAIN] Loss: 0.5606, Accuracy: 72.79%, AUC: 0.81 [VAL] Loss: 0.5266, Accuracy: 74.70%, Precision: 0.70, Recall: 0.81, F1: 0.75, AUC: 0.84
Epoch [45/100] [TRAIN] Loss: 0.5578, Accuracy: 72.45%, AUC: 0.81 [VAL] Loss: 0.5260, Accuracy: 74.60%, Precision: 0.70, Recall: 0.81, F1: 0.75, AUC: 0.84
Epoch [46/100] [TRAIN] Loss: 0.5587, Accuracy: 73.11%, AUC: 0.81 [VAL] Loss: 0.5258, Accuracy: 74.50%, Precision: 0.70, Recall: 0.81, F1: 0.75, AUC: 0.84
Epoch [47/100] [TRAIN] Loss: 0.5568, Accuracy: 73.05%, AUC: 0.82 [VAL] Loss: 0.5254, Accuracy: 74.50%, Precision: 0.70, Recall: 0.81, F1: 0.75, AUC: 0.84
Epoch [48/100] [TRAIN] Loss: 0.5552, Accuracy: 73.19%, AUC: 0.82 [VAL] Loss: 0.5250, Accuracy: 74.60%, Precision: 0.70, Recall: 0.81, F1: 0.75, AUC: 0.84
Epoch [49/100] [TRAIN] Loss: 0.5573, Accuracy: 73.38%, AUC: 0.81 [VAL] Loss: 0.5250, Accuracy: 74.50%, Precision: 0.70, Recall: 0.81, F1: 0.75, AUC: 0.84
Epoch [50/100] [TRAIN] Loss: 0.5582, Accuracy: 72.96%, AUC: 0.81 [VAL] Loss: 0.5248, Accuracy: 74.60%, Precision: 0.70, Recall: 0.81, F1: 0.75, AUC: 0.84
Epoch [51/100] [TRAIN] Loss: 0.5563, Accuracy: 73.20%, AUC: 0.81 [VAL] Loss: 0.5245, Accuracy: 74.70%, Precision: 0.70, Recall: 0.81, F1: 0.75, AUC: 0.84
Epoch [52/100] [TRAIN] Loss: 0.5534, Accuracy: 73.61%, AUC: 0.82 [VAL] Loss: 0.5241, Accuracy: 74.70%, Precision: 0.70, Recall: 0.81, F1: 0.75, AUC: 0.84
Epoch [53/100] [TRAIN] Loss: 0.5567, Accuracy: 73.06%, AUC: 0.81 [VAL] Loss: 0.5241, Accuracy: 74.70%, Precision: 0.70, Recall: 0.81, F1: 0.75, AUC: 0.84
Epoch [54/100] [TRAIN] Loss: 0.5562, Accuracy: 73.21%, AUC: 0.82 [VAL] Loss: 0.5239, Accuracy: 74.70%, Precision: 0.70, Recall: 0.81, F1: 0.75, AUC: 0.84
Epoch [55/100] [TRAIN] Loss: 0.5554, Accuracy: 73.20%, AUC: 0.82 [VAL] Loss: 0.5238, Accuracy: 74.70%, Precision: 0.70, Recall: 0.81, F1: 0.75, AUC: 0.84
Epoch [56/100] [TRAIN] Loss: 0.5560, Accuracy: 73.21%, AUC: 0.81 [VAL] Loss: 0.5237, Accuracy: 74.70%, Precision: 0.70, Recall: 0.81, F1: 0.75, AUC: 0.84
Epoch [57/100] [TRAIN] Loss: 0.5550, Accuracy: 73.47%, AUC: 0.82 [VAL] Loss: 0.5234, Accuracy: 74.70%, Precision: 0.70, Recall: 0.81, F1: 0.75, AUC: 0.84
Epoch [58/100] [TRAIN] Loss: 0.5553, Accuracy: 73.35%, AUC: 0.82 [VAL] Loss: 0.5232, Accuracy: 74.70%, Precision: 0.70, Recall: 0.81, F1: 0.75, AUC: 0.84
Epoch [59/100] [TRAIN] Loss: 0.5529, Accuracy: 73.78%, AUC: 0.82 [VAL] Loss: 0.5229, Accuracy: 74.70%, Precision: 0.70, Recall: 0.81, F1: 0.75, AUC: 0.84
Epoch [60/100] [TRAIN] Loss: 0.5541, Accuracy: 73.04%, AUC: 0.82 [VAL] Loss: 0.5226, Accuracy: 74.70%, Precision: 0.70, Recall: 0.81, F1: 0.75, AUC: 0.84
Epoch [61/100] [TRAIN] Loss: 0.5532, Accuracy: 73.10%, AUC: 0.82 [VAL] Loss: 0.5223, Accuracy: 74.60%, Precision: 0.70, Recall: 0.81, F1: 0.75, AUC: 0.84
Epoch [62/100] [TRAIN] Loss: 0.5527, Accuracy: 73.16%, AUC: 0.82 [VAL] Loss: 0.5223, Accuracy: 74.70%, Precision: 0.70, Recall: 0.81, F1: 0.75, AUC: 0.84
Epoch [63/100] [TRAIN] Loss: 0.5536, Accuracy: 73.15%, AUC: 0.82 [VAL] Loss: 0.5221, Accuracy: 74.70%, Precision: 0.70, Recall: 0.81, F1: 0.75, AUC: 0.84
Epoch [64/100] [TRAIN] Loss: 0.5544, Accuracy: 72.96%, AUC: 0.82 [VAL] Loss: 0.5220, Accuracy: 74.70%, Precision: 0.70, Recall: 0.81, F1: 0.75, AUC: 0.84
Epoch [65/100] [TRAIN] Loss: 0.5525, Accuracy: 73.54%, AUC: 0.82 [VAL] Loss: 0.5218, Accuracy: 74.70%, Precision: 0.70, Recall: 0.81, F1: 0.75, AUC: 0.84
Epoch [66/100] [TRAIN] Loss: 0.5512, Accuracy: 73.69%, AUC: 0.82 [VAL] Loss: 0.5214, Accuracy: 74.70%, Precision: 0.70, Recall: 0.81, F1: 0.75, AUC: 0.84
Epoch [67/100] [TRAIN] Loss: 0.5499, Accuracy: 73.55%, AUC: 0.82 [VAL] Loss: 0.5212, Accuracy: 74.50%, Precision: 0.70, Recall: 0.81, F1: 0.75, AUC: 0.84
Epoch [68/100] [TRAIN] Loss: 0.5519, Accuracy: 73.44%, AUC: 0.82 [VAL] Loss: 0.5210, Accuracy: 74.50%, Precision: 0.70, Recall: 0.81, F1: 0.75, AUC: 0.84
Epoch [69/100] [TRAIN] Loss: 0.5515, Accuracy: 73.36%, AUC: 0.82 [VAL] Loss: 0.5209, Accuracy: 74.50%, Precision: 0.70, Recall: 0.81, F1: 0.75, AUC: 0.84
Epoch [70/100] [TRAIN] Loss: 0.5495, Accuracy: 73.35%, AUC: 0.82 [VAL] Loss: 0.5205, Accuracy: 74.30%, Precision: 0.70, Recall: 0.81, F1: 0.75, AUC: 0.84
Epoch [71/100] [TRAIN] Loss: 0.5499, Accuracy: 73.47%, AUC: 0.82 [VAL] Loss: 0.5202, Accuracy: 74.60%, Precision: 0.70, Recall: 0.81, F1: 0.75, AUC: 0.84
Epoch [72/100] [TRAIN] Loss: 0.5531, Accuracy: 73.06%, AUC: 0.82 [VAL] Loss: 0.5202, Accuracy: 74.60%, Precision: 0.70, Recall: 0.81, F1: 0.75, AUC: 0.84
Epoch [73/100] [TRAIN] Loss: 0.5512, Accuracy: 73.55%, AUC: 0.82 [VAL] Loss: 0.5198, Accuracy: 74.40%, Precision: 0.70, Recall: 0.81, F1: 0.75, AUC: 0.84
Epoch [74/100] [TRAIN] Loss: 0.5525, Accuracy: 73.42%, AUC: 0.82 [VAL] Loss: 0.5197, Accuracy: 74.40%, Precision: 0.70, Recall: 0.81, F1: 0.75, AUC: 0.84
Epoch [75/100] [TRAIN] Loss: 0.5518, Accuracy: 73.19%, AUC: 0.82 [VAL] Loss: 0.5197, Accuracy: 74.40%, Precision: 0.70, Recall: 0.81, F1: 0.75, AUC: 0.84
Epoch [76/100] [TRAIN] Loss: 0.5516, Accuracy: 73.62%, AUC: 0.82 [VAL] Loss: 0.5196, Accuracy: 74.40%, Precision: 0.70, Recall: 0.81, F1: 0.75, AUC: 0.84
Epoch [77/100] [TRAIN] Loss: 0.5518, Accuracy: 72.84%, AUC: 0.82 [VAL] Loss: 0.5193, Accuracy: 74.40%, Precision: 0.70, Recall: 0.81, F1: 0.75, AUC: 0.84
Epoch [78/100] [TRAIN] Loss: 0.5501, Accuracy: 73.19%, AUC: 0.82 [VAL] Loss: 0.5192, Accuracy: 74.40%, Precision: 0.70, Recall: 0.81, F1: 0.75, AUC: 0.84
Epoch [79/100] [TRAIN] Loss: 0.5456, Accuracy: 73.28%, AUC: 0.82 [VAL] Loss: 0.5188, Accuracy: 74.40%, Precision: 0.70, Recall: 0.81, F1: 0.75, AUC: 0.84
Epoch [80/100] [TRAIN] Loss: 0.5462, Accuracy: 73.65%, AUC: 0.82 [VAL] Loss: 0.5185, Accuracy: 74.30%, Precision: 0.70, Recall: 0.81, F1: 0.75, AUC: 0.84
Epoch [81/100] [TRAIN] Loss: 0.5518, Accuracy: 72.60%, AUC: 0.82 [VAL] Loss: 0.5185, Accuracy: 74.40%, Precision: 0.70, Recall: 0.81, F1: 0.75, AUC: 0.84
Epoch [82/100] [TRAIN] Loss: 0.5497, Accuracy: 73.41%, AUC: 0.82 [VAL] Loss: 0.5183, Accuracy: 74.30%, Precision: 0.70, Recall: 0.81, F1: 0.75, AUC: 0.84
Epoch [83/100] [TRAIN] Loss: 0.5477, Accuracy: 73.64%, AUC: 0.82 [VAL] Loss: 0.5182, Accuracy: 74.30%, Precision: 0.70, Recall: 0.81, F1: 0.75, AUC: 0.84
Epoch [84/100] [TRAIN] Loss: 0.5498, Accuracy: 72.90%, AUC: 0.82 [VAL] Loss: 0.5181, Accuracy: 74.30%, Precision: 0.70, Recall: 0.81, F1: 0.75, AUC: 0.84
Epoch [85/100] [TRAIN] Loss: 0.5506, Accuracy: 73.47%, AUC: 0.82 [VAL] Loss: 0.5180, Accuracy: 74.30%, Precision: 0.70, Recall: 0.81, F1: 0.75, AUC: 0.84
Epoch [86/100] [TRAIN] Loss: 0.5450, Accuracy: 73.71%, AUC: 0.82 [VAL] Loss: 0.5176, Accuracy: 74.30%, Precision: 0.70, Recall: 0.81, F1: 0.75, AUC: 0.84
Epoch [87/100] [TRAIN] Loss: 0.5497, Accuracy: 73.31%, AUC: 0.82 [VAL] Loss: 0.5174, Accuracy: 74.40%, Precision: 0.70, Recall: 0.81, F1: 0.75, AUC: 0.84
Epoch [88/100] [TRAIN] Loss: 0.5450, Accuracy: 73.69%, AUC: 0.82 [VAL] Loss: 0.5172, Accuracy: 74.30%, Precision: 0.70, Recall: 0.81, F1: 0.75, AUC: 0.84
Epoch [89/100] [TRAIN] Loss: 0.5457, Accuracy: 73.64%, AUC: 0.82 [VAL] Loss: 0.5170, Accuracy: 74.40%, Precision: 0.70, Recall: 0.81, F1: 0.75, AUC: 0.84
Epoch [90/100] [TRAIN] Loss: 0.5453, Accuracy: 73.55%, AUC: 0.82 [VAL] Loss: 0.5167, Accuracy: 74.40%, Precision: 0.70, Recall: 0.81, F1: 0.75, AUC: 0.84
Epoch [91/100] [TRAIN] Loss: 0.5503, Accuracy: 73.64%, AUC: 0.82 [VAL] Loss: 0.5169, Accuracy: 74.40%, Precision: 0.70, Recall: 0.81, F1: 0.75, AUC: 0.84
Epoch [92/100] [TRAIN] Loss: 0.5464, Accuracy: 73.54%, AUC: 0.82 [VAL] Loss: 0.5167, Accuracy: 74.40%, Precision: 0.70, Recall: 0.81, F1: 0.75, AUC: 0.84
Epoch [93/100] [TRAIN] Loss: 0.5471, Accuracy: 73.00%, AUC: 0.82 [VAL] Loss: 0.5165, Accuracy: 74.40%, Precision: 0.70, Recall: 0.81, F1: 0.75, AUC: 0.84
Epoch [94/100] [TRAIN] Loss: 0.5455, Accuracy: 73.42%, AUC: 0.82 [VAL] Loss: 0.5164, Accuracy: 74.30%, Precision: 0.70, Recall: 0.81, F1: 0.75, AUC: 0.84
Epoch [95/100] [TRAIN] Loss: 0.5464, Accuracy: 73.67%, AUC: 0.82 [VAL] Loss: 0.5163, Accuracy: 74.30%, Precision: 0.70, Recall: 0.81, F1: 0.75, AUC: 0.84
Epoch [96/100] [TRAIN] Loss: 0.5461, Accuracy: 73.81%, AUC: 0.82 [VAL] Loss: 0.5160, Accuracy: 74.40%, Precision: 0.70, Recall: 0.81, F1: 0.75, AUC: 0.84
Epoch [97/100] [TRAIN] Loss: 0.5453, Accuracy: 73.78%, AUC: 0.82 [VAL] Loss: 0.5159, Accuracy: 74.50%, Precision: 0.70, Recall: 0.81, F1: 0.75, AUC: 0.84
Epoch [98/100] [TRAIN] Loss: 0.5442, Accuracy: 73.45%, AUC: 0.82 [VAL] Loss: 0.5156, Accuracy: 74.50%, Precision: 0.70, Recall: 0.81, F1: 0.75, AUC: 0.84
Epoch [99/100] [TRAIN] Loss: 0.5454, Accuracy: 73.38%, AUC: 0.82 [VAL] Loss: 0.5155, Accuracy: 74.30%, Precision: 0.70, Recall: 0.81, F1: 0.75, AUC: 0.84
Epoch [100/100] [TRAIN] Loss: 0.5464, Accuracy: 73.24%, AUC: 0.82 [VAL] Loss: 0.5154, Accuracy: 74.40%, Precision: 0.70, Recall: 0.81, F1: 0.75, AUC: 0.84
  Antisymmetry score (raw):        0.9160
  Antisymmetry score (confident):  1.0000
  Total violations:                84 / 1000
  Pairs near boundary:             180 (18.0%)
  Avg |prob-0.5| at violation:     0.0000

--- Training baselines (LogisticRegression, RandomForest, SVM) ---

  Training LogisticRegression...
  Val accuracy: 73.30%  |  Val AUC: 0.7948

  [LogisticRegression]  Accuracy: 71.20%  AUC: 0.7589  AUCPRC: 0.7238  Precision: 0.7240  Recall: 0.6584  F1: 0.6897  Antisym: 0.7600

  Training RandomForest...
  Val accuracy: 75.70%  |  Val AUC: 0.8410

  [RandomForest]  Accuracy: 73.80%  AUC: 0.8102  AUCPRC: 0.7950  Precision: 0.7534  Recall: 0.6852  F1: 0.7177  Antisym: 0.7960

  Training SVM_Linear...
  Val accuracy: 73.00%  |  Val AUC: 0.7911

  [SVM_Linear]  Accuracy: 71.10%  AUC: 0.7534  AUCPRC: 0.7166  Precision: 0.7296  Recall: 0.6440  F1: 0.6842  Antisym: 0.7360
Seed: 456
=== DirectRanker ===
Accuracy:  71.70 %
AUC:       0.8099
AUCPRC:    0.8011
Precision: 0.6890
Recall:    0.7613
F1-Score:  0.7234
Antisymmetry score:  0.9160  (1.0 = perfect, ~0.5 = random)

Detailed Classification Report:
              precision    recall  f1-score   support

           0       0.75      0.68      0.71       514
           1       0.69      0.76      0.72       486

    accuracy                           0.72      1000
   macro avg       0.72      0.72      0.72      1000
weighted avg       0.72      0.72      0.72      1000


Confusion Matrix:
[[347 167]
 [116 370]]

=== LogisticRegression ===
Accuracy:  71.20 %
AUC:       0.7589
AUCPRC:    0.7238
Precision: 0.7240
Recall:    0.6584
F1-Score:  0.6897
Antisymmetry score:  0.7600
Confusion Matrix:
[[392 122]
 [166 320]]

=== RandomForest ===
Accuracy:  73.80 %
AUC:       0.8102
AUCPRC:    0.7950
Precision: 0.7534
Recall:    0.6852
F1-Score:  0.7177
Antisymmetry score:  0.7960
Confusion Matrix:
[[405 109]
 [153 333]]

=== SVM_Linear ===
Accuracy:  71.10 %
AUC:       0.7534
AUCPRC:    0.7166
Precision: 0.7296
Recall:    0.6440
F1-Score:  0.6842
Antisymmetry score:  0.7360
Confusion Matrix:
[[398 116]
 [173 313]]

Saved combined test metrics: /group/pmc021/amunif/epi-thesis/workflow/16_Pairwise Ranking Healthy Liver/output/combined/donor_3/test/022-H3K9ac-H3K9me3-H3K27me3-seed456-test-metrics.csv
Saved combined ROC plot: /group/pmc021/amunif/epi-thesis/workflow/16_Pairwise Ranking Healthy Liver/output/combined/donor_3/img/roc/022-H3K9ac-H3K9me3-H3K27me3-seed456-roc-combined.png
Saved combined PRC plot: /group/pmc021/amunif/epi-thesis/workflow/16_Pairwise Ranking Healthy Liver/output/combined/donor_3/img/prc/022-H3K9ac-H3K9me3-H3K27me3-seed456-prc-combined.png

Finished 022-H3K9ac-H3K9me3-H3K27me3 (seed 456)

======================================================================
023-H3K9ac-H3K27ac-H3K27me3
======================================================================
Train label distribution:
  Label 0:   4036 (50.4%)
  Label 1:   3964 (49.5%)
Val label distribution:
  Label 0:    528 (52.8%)
  Label 1:    472 (47.2%)
Test label distribution:
  Label 0:    514 (51.4%)
  Label 1:    486 (48.6%)
Saved label distribution: /group/pmc021/amunif/epi-thesis/workflow/16_Pairwise Ranking Healthy Liver/output/combined/donor_3/test/023-H3K9ac-H3K27ac-H3K27me3-seed456-label-distribution.csv

--- Training DirectRanker ---
Epoch [1/100] [TRAIN] Loss: 0.6556, Accuracy: 66.49%, AUC: 0.73 [VAL] Loss: 0.5578, Accuracy: 74.50%, Precision: 0.72, Recall: 0.76, F1: 0.74, AUC: 0.83
Epoch [2/100] [TRAIN] Loss: 0.6089, Accuracy: 72.97%, AUC: 0.79 [VAL] Loss: 0.5381, Accuracy: 74.10%, Precision: 0.71, Recall: 0.76, F1: 0.73, AUC: 0.84
Epoch [3/100] [TRAIN] Loss: 0.5982, Accuracy: 73.15%, AUC: 0.79 [VAL] Loss: 0.5331, Accuracy: 74.50%, Precision: 0.71, Recall: 0.76, F1: 0.74, AUC: 0.84
Epoch [4/100] [TRAIN] Loss: 0.5898, Accuracy: 73.51%, AUC: 0.80 [VAL] Loss: 0.5295, Accuracy: 75.00%, Precision: 0.72, Recall: 0.78, F1: 0.75, AUC: 0.84
Epoch [5/100] [TRAIN] Loss: 0.5866, Accuracy: 73.69%, AUC: 0.80 [VAL] Loss: 0.5263, Accuracy: 75.40%, Precision: 0.72, Recall: 0.78, F1: 0.75, AUC: 0.84
Epoch [6/100] [TRAIN] Loss: 0.5795, Accuracy: 74.36%, AUC: 0.81 [VAL] Loss: 0.5247, Accuracy: 75.40%, Precision: 0.72, Recall: 0.78, F1: 0.75, AUC: 0.84
Epoch [7/100] [TRAIN] Loss: 0.5818, Accuracy: 74.45%, AUC: 0.81 [VAL] Loss: 0.5239, Accuracy: 75.40%, Precision: 0.72, Recall: 0.78, F1: 0.75, AUC: 0.84
Epoch [8/100] [TRAIN] Loss: 0.5808, Accuracy: 73.88%, AUC: 0.81 [VAL] Loss: 0.5228, Accuracy: 75.70%, Precision: 0.72, Recall: 0.78, F1: 0.75, AUC: 0.84
Epoch [9/100] [TRAIN] Loss: 0.5741, Accuracy: 74.36%, AUC: 0.81 [VAL] Loss: 0.5208, Accuracy: 75.60%, Precision: 0.72, Recall: 0.78, F1: 0.75, AUC: 0.84
Epoch [10/100] [TRAIN] Loss: 0.5764, Accuracy: 74.24%, AUC: 0.81 [VAL] Loss: 0.5213, Accuracy: 75.40%, Precision: 0.72, Recall: 0.78, F1: 0.75, AUC: 0.84
Epoch [11/100] [TRAIN] Loss: 0.5755, Accuracy: 74.30%, AUC: 0.81 [VAL] Loss: 0.5209, Accuracy: 75.70%, Precision: 0.72, Recall: 0.79, F1: 0.75, AUC: 0.85
Epoch [12/100] [TRAIN] Loss: 0.5713, Accuracy: 74.29%, AUC: 0.81 [VAL] Loss: 0.5196, Accuracy: 75.60%, Precision: 0.72, Recall: 0.79, F1: 0.75, AUC: 0.85
Epoch [13/100] [TRAIN] Loss: 0.5663, Accuracy: 74.34%, AUC: 0.81 [VAL] Loss: 0.5188, Accuracy: 75.80%, Precision: 0.72, Recall: 0.79, F1: 0.75, AUC: 0.85
Epoch [14/100] [TRAIN] Loss: 0.5694, Accuracy: 74.38%, AUC: 0.81 [VAL] Loss: 0.5192, Accuracy: 75.80%, Precision: 0.72, Recall: 0.79, F1: 0.76, AUC: 0.85
Epoch [15/100] [TRAIN] Loss: 0.5675, Accuracy: 74.15%, AUC: 0.81 [VAL] Loss: 0.5183, Accuracy: 76.10%, Precision: 0.73, Recall: 0.79, F1: 0.76, AUC: 0.85
Epoch [16/100] [TRAIN] Loss: 0.5639, Accuracy: 74.75%, AUC: 0.82 [VAL] Loss: 0.5174, Accuracy: 76.00%, Precision: 0.72, Recall: 0.79, F1: 0.76, AUC: 0.85
Epoch [17/100] [TRAIN] Loss: 0.5667, Accuracy: 74.35%, AUC: 0.81 [VAL] Loss: 0.5170, Accuracy: 76.10%, Precision: 0.73, Recall: 0.79, F1: 0.76, AUC: 0.85
Epoch [18/100] [TRAIN] Loss: 0.5666, Accuracy: 74.36%, AUC: 0.81 [VAL] Loss: 0.5173, Accuracy: 76.10%, Precision: 0.73, Recall: 0.79, F1: 0.76, AUC: 0.85
Epoch [19/100] [TRAIN] Loss: 0.5654, Accuracy: 74.17%, AUC: 0.81 [VAL] Loss: 0.5169, Accuracy: 76.30%, Precision: 0.73, Recall: 0.80, F1: 0.76, AUC: 0.85
Epoch [20/100] [TRAIN] Loss: 0.5626, Accuracy: 74.42%, AUC: 0.82 [VAL] Loss: 0.5164, Accuracy: 76.30%, Precision: 0.73, Recall: 0.80, F1: 0.76, AUC: 0.85
Epoch [21/100] [TRAIN] Loss: 0.5604, Accuracy: 74.67%, AUC: 0.82 [VAL] Loss: 0.5154, Accuracy: 76.40%, Precision: 0.73, Recall: 0.80, F1: 0.76, AUC: 0.85
Epoch [22/100] [TRAIN] Loss: 0.5590, Accuracy: 74.55%, AUC: 0.82 [VAL] Loss: 0.5147, Accuracy: 76.80%, Precision: 0.73, Recall: 0.80, F1: 0.77, AUC: 0.85
Epoch [23/100] [TRAIN] Loss: 0.5627, Accuracy: 74.88%, AUC: 0.82 [VAL] Loss: 0.5150, Accuracy: 76.50%, Precision: 0.73, Recall: 0.80, F1: 0.76, AUC: 0.85
Epoch [24/100] [TRAIN] Loss: 0.5570, Accuracy: 74.69%, AUC: 0.82 [VAL] Loss: 0.5138, Accuracy: 76.60%, Precision: 0.73, Recall: 0.80, F1: 0.76, AUC: 0.85
Epoch [25/100] [TRAIN] Loss: 0.5600, Accuracy: 74.53%, AUC: 0.82 [VAL] Loss: 0.5138, Accuracy: 76.40%, Precision: 0.73, Recall: 0.80, F1: 0.76, AUC: 0.85
Epoch [26/100] [TRAIN] Loss: 0.5565, Accuracy: 75.09%, AUC: 0.82 [VAL] Loss: 0.5137, Accuracy: 76.10%, Precision: 0.72, Recall: 0.80, F1: 0.76, AUC: 0.85
Epoch [27/100] [TRAIN] Loss: 0.5554, Accuracy: 75.34%, AUC: 0.82 [VAL] Loss: 0.5124, Accuracy: 76.10%, Precision: 0.72, Recall: 0.80, F1: 0.76, AUC: 0.85
Epoch [28/100] [TRAIN] Loss: 0.5599, Accuracy: 74.85%, AUC: 0.82 [VAL] Loss: 0.5127, Accuracy: 75.80%, Precision: 0.72, Recall: 0.79, F1: 0.76, AUC: 0.85
Epoch [29/100] [TRAIN] Loss: 0.5563, Accuracy: 74.65%, AUC: 0.82 [VAL] Loss: 0.5127, Accuracy: 75.90%, Precision: 0.72, Recall: 0.79, F1: 0.76, AUC: 0.85
Epoch [30/100] [TRAIN] Loss: 0.5548, Accuracy: 75.01%, AUC: 0.82 [VAL] Loss: 0.5124, Accuracy: 75.80%, Precision: 0.72, Recall: 0.79, F1: 0.76, AUC: 0.85
Epoch [31/100] [TRAIN] Loss: 0.5538, Accuracy: 74.54%, AUC: 0.82 [VAL] Loss: 0.5119, Accuracy: 75.80%, Precision: 0.72, Recall: 0.80, F1: 0.76, AUC: 0.85
Epoch [32/100] [TRAIN] Loss: 0.5550, Accuracy: 75.04%, AUC: 0.82 [VAL] Loss: 0.5123, Accuracy: 75.70%, Precision: 0.72, Recall: 0.79, F1: 0.76, AUC: 0.85
Epoch [33/100] [TRAIN] Loss: 0.5513, Accuracy: 75.49%, AUC: 0.82 [VAL] Loss: 0.5108, Accuracy: 75.60%, Precision: 0.72, Recall: 0.79, F1: 0.75, AUC: 0.85
Epoch [34/100] [TRAIN] Loss: 0.5552, Accuracy: 75.21%, AUC: 0.82 [VAL] Loss: 0.5104, Accuracy: 75.50%, Precision: 0.72, Recall: 0.79, F1: 0.75, AUC: 0.85
Epoch [35/100] [TRAIN] Loss: 0.5518, Accuracy: 75.26%, AUC: 0.82 [VAL] Loss: 0.5105, Accuracy: 75.40%, Precision: 0.72, Recall: 0.79, F1: 0.75, AUC: 0.85
Epoch [36/100] [TRAIN] Loss: 0.5544, Accuracy: 74.67%, AUC: 0.82 [VAL] Loss: 0.5105, Accuracy: 75.40%, Precision: 0.72, Recall: 0.79, F1: 0.75, AUC: 0.85
Epoch [37/100] [TRAIN] Loss: 0.5533, Accuracy: 74.80%, AUC: 0.82 [VAL] Loss: 0.5103, Accuracy: 75.40%, Precision: 0.72, Recall: 0.79, F1: 0.75, AUC: 0.85
Epoch [38/100] [TRAIN] Loss: 0.5515, Accuracy: 74.61%, AUC: 0.82 [VAL] Loss: 0.5094, Accuracy: 75.40%, Precision: 0.72, Recall: 0.79, F1: 0.75, AUC: 0.85
Epoch [39/100] [TRAIN] Loss: 0.5532, Accuracy: 74.53%, AUC: 0.82 [VAL] Loss: 0.5094, Accuracy: 75.40%, Precision: 0.72, Recall: 0.79, F1: 0.75, AUC: 0.85
Epoch [40/100] [TRAIN] Loss: 0.5535, Accuracy: 74.15%, AUC: 0.82 [VAL] Loss: 0.5097, Accuracy: 75.50%, Precision: 0.72, Recall: 0.79, F1: 0.75, AUC: 0.85
Epoch [41/100] [TRAIN] Loss: 0.5491, Accuracy: 74.59%, AUC: 0.82 [VAL] Loss: 0.5085, Accuracy: 75.40%, Precision: 0.72, Recall: 0.79, F1: 0.75, AUC: 0.85
Epoch [42/100] [TRAIN] Loss: 0.5502, Accuracy: 74.81%, AUC: 0.82 [VAL] Loss: 0.5086, Accuracy: 75.30%, Precision: 0.71, Recall: 0.79, F1: 0.75, AUC: 0.85
Epoch [43/100] [TRAIN] Loss: 0.5466, Accuracy: 74.80%, AUC: 0.83 [VAL] Loss: 0.5083, Accuracy: 75.50%, Precision: 0.72, Recall: 0.79, F1: 0.75, AUC: 0.85
Epoch [44/100] [TRAIN] Loss: 0.5466, Accuracy: 74.88%, AUC: 0.83 [VAL] Loss: 0.5077, Accuracy: 75.50%, Precision: 0.72, Recall: 0.79, F1: 0.75, AUC: 0.85
Epoch [45/100] [TRAIN] Loss: 0.5478, Accuracy: 74.88%, AUC: 0.82 [VAL] Loss: 0.5070, Accuracy: 75.40%, Precision: 0.72, Recall: 0.79, F1: 0.75, AUC: 0.85
Epoch [46/100] [TRAIN] Loss: 0.5503, Accuracy: 75.21%, AUC: 0.82 [VAL] Loss: 0.5073, Accuracy: 75.40%, Precision: 0.72, Recall: 0.79, F1: 0.75, AUC: 0.85
Epoch [47/100] [TRAIN] Loss: 0.5464, Accuracy: 74.86%, AUC: 0.83 [VAL] Loss: 0.5072, Accuracy: 75.40%, Precision: 0.72, Recall: 0.79, F1: 0.75, AUC: 0.85
Epoch [48/100] [TRAIN] Loss: 0.5470, Accuracy: 74.62%, AUC: 0.82 [VAL] Loss: 0.5064, Accuracy: 75.60%, Precision: 0.72, Recall: 0.80, F1: 0.76, AUC: 0.85
Epoch [49/100] [TRAIN] Loss: 0.5448, Accuracy: 74.97%, AUC: 0.83 [VAL] Loss: 0.5054, Accuracy: 75.40%, Precision: 0.71, Recall: 0.80, F1: 0.75, AUC: 0.85
Epoch [50/100] [TRAIN] Loss: 0.5467, Accuracy: 74.54%, AUC: 0.83 [VAL] Loss: 0.5065, Accuracy: 75.60%, Precision: 0.72, Recall: 0.80, F1: 0.76, AUC: 0.85
Epoch [51/100] [TRAIN] Loss: 0.5485, Accuracy: 74.81%, AUC: 0.82 [VAL] Loss: 0.5075, Accuracy: 75.60%, Precision: 0.72, Recall: 0.80, F1: 0.76, AUC: 0.85
Epoch [52/100] [TRAIN] Loss: 0.5451, Accuracy: 74.65%, AUC: 0.83 [VAL] Loss: 0.5061, Accuracy: 75.50%, Precision: 0.72, Recall: 0.80, F1: 0.75, AUC: 0.85
Epoch [53/100] [TRAIN] Loss: 0.5439, Accuracy: 74.99%, AUC: 0.83 [VAL] Loss: 0.5056, Accuracy: 75.60%, Precision: 0.72, Recall: 0.80, F1: 0.76, AUC: 0.85
Epoch [54/100] [TRAIN] Loss: 0.5458, Accuracy: 74.66%, AUC: 0.83 [VAL] Loss: 0.5056, Accuracy: 75.60%, Precision: 0.72, Recall: 0.80, F1: 0.76, AUC: 0.85
Epoch [55/100] [TRAIN] Loss: 0.5483, Accuracy: 75.09%, AUC: 0.82 [VAL] Loss: 0.5065, Accuracy: 75.70%, Precision: 0.72, Recall: 0.80, F1: 0.76, AUC: 0.85
Epoch [56/100] [TRAIN] Loss: 0.5457, Accuracy: 75.11%, AUC: 0.83 [VAL] Loss: 0.5064, Accuracy: 75.70%, Precision: 0.72, Recall: 0.80, F1: 0.76, AUC: 0.85
Epoch [57/100] [TRAIN] Loss: 0.5426, Accuracy: 75.17%, AUC: 0.83 [VAL] Loss: 0.5062, Accuracy: 75.70%, Precision: 0.72, Recall: 0.80, F1: 0.76, AUC: 0.85
Epoch [58/100] [TRAIN] Loss: 0.5436, Accuracy: 74.71%, AUC: 0.83 [VAL] Loss: 0.5060, Accuracy: 75.70%, Precision: 0.72, Recall: 0.80, F1: 0.76, AUC: 0.85
Epoch [59/100] [TRAIN] Loss: 0.5423, Accuracy: 75.15%, AUC: 0.83 [VAL] Loss: 0.5058, Accuracy: 75.70%, Precision: 0.72, Recall: 0.80, F1: 0.76, AUC: 0.85
  Early stopping at epoch 59 (no val_loss improvement for 10 epochs)
  Antisymmetry score (raw):        0.9460
  Antisymmetry score (confident):  1.0000
  Total violations:                54 / 1000
  Pairs near boundary:             140 (14.0%)
  Avg |prob-0.5| at violation:     0.0000

--- Training baselines (LogisticRegression, RandomForest, SVM) ---

  Training LogisticRegression...
  Val accuracy: 74.30%  |  Val AUC: 0.8056

  [LogisticRegression]  Accuracy: 71.10%  AUC: 0.7709  AUCPRC: 0.7625  Precision: 0.7204  Recall: 0.6626  F1: 0.6902  Antisym: 0.7740

  Training RandomForest...
  Val accuracy: 77.70%  |  Val AUC: 0.8610

  [RandomForest]  Accuracy: 76.10%  AUC: 0.8344  AUCPRC: 0.8164  Precision: 0.7714  Recall: 0.7222  F1: 0.7460  Antisym: 0.8450

  Training SVM_Linear...
  Val accuracy: 73.30%  |  Val AUC: 0.8042

  [SVM_Linear]  Accuracy: 70.30%  AUC: 0.7702  AUCPRC: 0.7632  Precision: 0.7153  Recall: 0.6461  F1: 0.6789  Antisym: 0.7630
Seed: 456
=== DirectRanker ===
Accuracy:  73.90 %
AUC:       0.8208
AUCPRC:    0.8116
Precision: 0.7159
Recall:    0.7675
F1-Score:  0.7408
Antisymmetry score:  0.9460  (1.0 = perfect, ~0.5 = random)

Detailed Classification Report:
              precision    recall  f1-score   support

           0       0.76      0.71      0.74       514
           1       0.72      0.77      0.74       486

    accuracy                           0.74      1000
   macro avg       0.74      0.74      0.74      1000
weighted avg       0.74      0.74      0.74      1000


Confusion Matrix:
[[366 148]
 [113 373]]

=== LogisticRegression ===
Accuracy:  71.10 %
AUC:       0.7709
AUCPRC:    0.7625
Precision: 0.7204
Recall:    0.6626
F1-Score:  0.6902
Antisymmetry score:  0.7740
Confusion Matrix:
[[389 125]
 [164 322]]

=== RandomForest ===
Accuracy:  76.10 %
AUC:       0.8344
AUCPRC:    0.8164
Precision: 0.7714
Recall:    0.7222
F1-Score:  0.7460
Antisymmetry score:  0.8450
Confusion Matrix:
[[410 104]
 [135 351]]

=== SVM_Linear ===
Accuracy:  70.30 %
AUC:       0.7702
AUCPRC:    0.7632
Precision: 0.7153
Recall:    0.6461
F1-Score:  0.6789
Antisymmetry score:  0.7630
Confusion Matrix:
[[389 125]
 [172 314]]

Saved combined test metrics: /group/pmc021/amunif/epi-thesis/workflow/16_Pairwise Ranking Healthy Liver/output/combined/donor_3/test/023-H3K9ac-H3K27ac-H3K27me3-seed456-test-metrics.csv
Saved combined ROC plot: /group/pmc021/amunif/epi-thesis/workflow/16_Pairwise Ranking Healthy Liver/output/combined/donor_3/img/roc/023-H3K9ac-H3K27ac-H3K27me3-seed456-roc-combined.png
Saved combined PRC plot: /group/pmc021/amunif/epi-thesis/workflow/16_Pairwise Ranking Healthy Liver/output/combined/donor_3/img/prc/023-H3K9ac-H3K27ac-H3K27me3-seed456-prc-combined.png

Finished 023-H3K9ac-H3K27ac-H3K27me3 (seed 456)

======================================================================
024-H3K9me3-H3K27ac-H3K27me3
======================================================================
Train label distribution:
  Label 0:   4036 (50.4%)
  Label 1:   3964 (49.5%)
Val label distribution:
  Label 0:    528 (52.8%)
  Label 1:    472 (47.2%)
Test label distribution:
  Label 0:    514 (51.4%)
  Label 1:    486 (48.6%)
Saved label distribution: /group/pmc021/amunif/epi-thesis/workflow/16_Pairwise Ranking Healthy Liver/output/combined/donor_3/test/024-H3K9me3-H3K27ac-H3K27me3-seed456-label-distribution.csv

--- Training DirectRanker ---
Epoch [1/100] [TRAIN] Loss: 0.6386, Accuracy: 69.88%, AUC: 0.76 [VAL] Loss: 0.5569, Accuracy: 75.00%, Precision: 0.72, Recall: 0.78, F1: 0.75, AUC: 0.83
Epoch [2/100] [TRAIN] Loss: 0.6094, Accuracy: 72.40%, AUC: 0.78 [VAL] Loss: 0.5435, Accuracy: 74.80%, Precision: 0.71, Recall: 0.78, F1: 0.74, AUC: 0.83
Epoch [3/100] [TRAIN] Loss: 0.5958, Accuracy: 73.33%, AUC: 0.79 [VAL] Loss: 0.5371, Accuracy: 74.60%, Precision: 0.71, Recall: 0.77, F1: 0.74, AUC: 0.83
Epoch [4/100] [TRAIN] Loss: 0.5901, Accuracy: 73.58%, AUC: 0.80 [VAL] Loss: 0.5342, Accuracy: 74.80%, Precision: 0.72, Recall: 0.77, F1: 0.74, AUC: 0.84
Epoch [5/100] [TRAIN] Loss: 0.5937, Accuracy: 73.69%, AUC: 0.80 [VAL] Loss: 0.5335, Accuracy: 74.50%, Precision: 0.71, Recall: 0.78, F1: 0.74, AUC: 0.84
Epoch [6/100] [TRAIN] Loss: 0.5866, Accuracy: 73.76%, AUC: 0.80 [VAL] Loss: 0.5311, Accuracy: 74.70%, Precision: 0.72, Recall: 0.77, F1: 0.74, AUC: 0.84
Epoch [7/100] [TRAIN] Loss: 0.5885, Accuracy: 73.67%, AUC: 0.80 [VAL] Loss: 0.5300, Accuracy: 75.10%, Precision: 0.72, Recall: 0.78, F1: 0.75, AUC: 0.84
Epoch [8/100] [TRAIN] Loss: 0.5852, Accuracy: 73.90%, AUC: 0.80 [VAL] Loss: 0.5300, Accuracy: 75.30%, Precision: 0.72, Recall: 0.78, F1: 0.75, AUC: 0.84
Epoch [9/100] [TRAIN] Loss: 0.5816, Accuracy: 73.58%, AUC: 0.80 [VAL] Loss: 0.5286, Accuracy: 75.20%, Precision: 0.72, Recall: 0.78, F1: 0.75, AUC: 0.84
Epoch [10/100] [TRAIN] Loss: 0.5803, Accuracy: 73.76%, AUC: 0.81 [VAL] Loss: 0.5278, Accuracy: 75.30%, Precision: 0.72, Recall: 0.78, F1: 0.75, AUC: 0.84
Epoch [11/100] [TRAIN] Loss: 0.5796, Accuracy: 74.10%, AUC: 0.81 [VAL] Loss: 0.5270, Accuracy: 75.10%, Precision: 0.72, Recall: 0.78, F1: 0.75, AUC: 0.84
Epoch [12/100] [TRAIN] Loss: 0.5765, Accuracy: 74.33%, AUC: 0.81 [VAL] Loss: 0.5258, Accuracy: 75.00%, Precision: 0.72, Recall: 0.78, F1: 0.75, AUC: 0.84
Epoch [13/100] [TRAIN] Loss: 0.5786, Accuracy: 73.88%, AUC: 0.81 [VAL] Loss: 0.5257, Accuracy: 75.20%, Precision: 0.72, Recall: 0.78, F1: 0.75, AUC: 0.84
Epoch [14/100] [TRAIN] Loss: 0.5779, Accuracy: 73.97%, AUC: 0.81 [VAL] Loss: 0.5255, Accuracy: 75.10%, Precision: 0.72, Recall: 0.78, F1: 0.75, AUC: 0.84
Epoch [15/100] [TRAIN] Loss: 0.5717, Accuracy: 73.74%, AUC: 0.81 [VAL] Loss: 0.5240, Accuracy: 75.00%, Precision: 0.72, Recall: 0.78, F1: 0.75, AUC: 0.84
Epoch [16/100] [TRAIN] Loss: 0.5764, Accuracy: 73.58%, AUC: 0.81 [VAL] Loss: 0.5243, Accuracy: 75.10%, Precision: 0.72, Recall: 0.78, F1: 0.75, AUC: 0.84
Epoch [17/100] [TRAIN] Loss: 0.5775, Accuracy: 73.30%, AUC: 0.80 [VAL] Loss: 0.5243, Accuracy: 74.80%, Precision: 0.72, Recall: 0.77, F1: 0.74, AUC: 0.84
Epoch [18/100] [TRAIN] Loss: 0.5725, Accuracy: 74.05%, AUC: 0.81 [VAL] Loss: 0.5228, Accuracy: 75.00%, Precision: 0.72, Recall: 0.78, F1: 0.75, AUC: 0.84
Epoch [19/100] [TRAIN] Loss: 0.5720, Accuracy: 74.20%, AUC: 0.81 [VAL] Loss: 0.5230, Accuracy: 75.00%, Precision: 0.72, Recall: 0.77, F1: 0.74, AUC: 0.84
Epoch [20/100] [TRAIN] Loss: 0.5697, Accuracy: 73.88%, AUC: 0.81 [VAL] Loss: 0.5222, Accuracy: 74.80%, Precision: 0.72, Recall: 0.77, F1: 0.74, AUC: 0.84
Epoch [21/100] [TRAIN] Loss: 0.5724, Accuracy: 74.14%, AUC: 0.81 [VAL] Loss: 0.5222, Accuracy: 75.00%, Precision: 0.72, Recall: 0.77, F1: 0.74, AUC: 0.84
Epoch [22/100] [TRAIN] Loss: 0.5685, Accuracy: 74.05%, AUC: 0.81 [VAL] Loss: 0.5221, Accuracy: 74.90%, Precision: 0.72, Recall: 0.77, F1: 0.74, AUC: 0.84
Epoch [23/100] [TRAIN] Loss: 0.5700, Accuracy: 73.92%, AUC: 0.81 [VAL] Loss: 0.5213, Accuracy: 75.00%, Precision: 0.72, Recall: 0.77, F1: 0.74, AUC: 0.84
Epoch [24/100] [TRAIN] Loss: 0.5690, Accuracy: 73.61%, AUC: 0.81 [VAL] Loss: 0.5205, Accuracy: 75.00%, Precision: 0.72, Recall: 0.77, F1: 0.74, AUC: 0.84
Epoch [25/100] [TRAIN] Loss: 0.5687, Accuracy: 74.11%, AUC: 0.81 [VAL] Loss: 0.5202, Accuracy: 74.90%, Precision: 0.72, Recall: 0.77, F1: 0.74, AUC: 0.84
Epoch [26/100] [TRAIN] Loss: 0.5676, Accuracy: 73.88%, AUC: 0.81 [VAL] Loss: 0.5206, Accuracy: 74.90%, Precision: 0.72, Recall: 0.77, F1: 0.74, AUC: 0.84
Epoch [27/100] [TRAIN] Loss: 0.5672, Accuracy: 74.11%, AUC: 0.81 [VAL] Loss: 0.5202, Accuracy: 74.90%, Precision: 0.72, Recall: 0.77, F1: 0.74, AUC: 0.84
Epoch [28/100] [TRAIN] Loss: 0.5719, Accuracy: 73.83%, AUC: 0.81 [VAL] Loss: 0.5199, Accuracy: 75.00%, Precision: 0.72, Recall: 0.77, F1: 0.74, AUC: 0.84
Epoch [29/100] [TRAIN] Loss: 0.5698, Accuracy: 73.59%, AUC: 0.81 [VAL] Loss: 0.5202, Accuracy: 75.00%, Precision: 0.72, Recall: 0.77, F1: 0.74, AUC: 0.84
Epoch [30/100] [TRAIN] Loss: 0.5673, Accuracy: 73.65%, AUC: 0.81 [VAL] Loss: 0.5202, Accuracy: 74.90%, Precision: 0.72, Recall: 0.77, F1: 0.74, AUC: 0.84
Epoch [31/100] [TRAIN] Loss: 0.5667, Accuracy: 73.79%, AUC: 0.81 [VAL] Loss: 0.5197, Accuracy: 74.90%, Precision: 0.72, Recall: 0.77, F1: 0.74, AUC: 0.84
Epoch [32/100] [TRAIN] Loss: 0.5655, Accuracy: 74.01%, AUC: 0.81 [VAL] Loss: 0.5183, Accuracy: 75.00%, Precision: 0.72, Recall: 0.77, F1: 0.74, AUC: 0.84
Epoch [33/100] [TRAIN] Loss: 0.5672, Accuracy: 73.90%, AUC: 0.81 [VAL] Loss: 0.5189, Accuracy: 75.00%, Precision: 0.72, Recall: 0.77, F1: 0.74, AUC: 0.84
Epoch [34/100] [TRAIN] Loss: 0.5677, Accuracy: 73.92%, AUC: 0.81 [VAL] Loss: 0.5183, Accuracy: 74.90%, Precision: 0.72, Recall: 0.77, F1: 0.74, AUC: 0.84
Epoch [35/100] [TRAIN] Loss: 0.5645, Accuracy: 74.42%, AUC: 0.81 [VAL] Loss: 0.5180, Accuracy: 74.80%, Precision: 0.72, Recall: 0.77, F1: 0.74, AUC: 0.84
Epoch [36/100] [TRAIN] Loss: 0.5679, Accuracy: 73.25%, AUC: 0.81 [VAL] Loss: 0.5188, Accuracy: 74.80%, Precision: 0.72, Recall: 0.77, F1: 0.74, AUC: 0.84
Epoch [37/100] [TRAIN] Loss: 0.5642, Accuracy: 74.03%, AUC: 0.81 [VAL] Loss: 0.5180, Accuracy: 74.90%, Precision: 0.72, Recall: 0.77, F1: 0.74, AUC: 0.84
Epoch [38/100] [TRAIN] Loss: 0.5608, Accuracy: 74.33%, AUC: 0.82 [VAL] Loss: 0.5171, Accuracy: 74.90%, Precision: 0.72, Recall: 0.77, F1: 0.74, AUC: 0.84
Epoch [39/100] [TRAIN] Loss: 0.5639, Accuracy: 73.95%, AUC: 0.81 [VAL] Loss: 0.5170, Accuracy: 74.90%, Precision: 0.72, Recall: 0.77, F1: 0.74, AUC: 0.84
Epoch [40/100] [TRAIN] Loss: 0.5648, Accuracy: 73.74%, AUC: 0.81 [VAL] Loss: 0.5165, Accuracy: 74.80%, Precision: 0.72, Recall: 0.77, F1: 0.74, AUC: 0.84
Epoch [41/100] [TRAIN] Loss: 0.5638, Accuracy: 73.89%, AUC: 0.81 [VAL] Loss: 0.5164, Accuracy: 74.80%, Precision: 0.72, Recall: 0.77, F1: 0.74, AUC: 0.84
Epoch [42/100] [TRAIN] Loss: 0.5646, Accuracy: 73.95%, AUC: 0.81 [VAL] Loss: 0.5164, Accuracy: 74.90%, Precision: 0.72, Recall: 0.77, F1: 0.74, AUC: 0.84
Epoch [43/100] [TRAIN] Loss: 0.5621, Accuracy: 74.29%, AUC: 0.81 [VAL] Loss: 0.5157, Accuracy: 74.90%, Precision: 0.72, Recall: 0.77, F1: 0.74, AUC: 0.84
Epoch [44/100] [TRAIN] Loss: 0.5615, Accuracy: 74.24%, AUC: 0.81 [VAL] Loss: 0.5156, Accuracy: 75.00%, Precision: 0.72, Recall: 0.77, F1: 0.74, AUC: 0.84
Epoch [45/100] [TRAIN] Loss: 0.5607, Accuracy: 74.09%, AUC: 0.82 [VAL] Loss: 0.5159, Accuracy: 74.90%, Precision: 0.72, Recall: 0.77, F1: 0.74, AUC: 0.84
Epoch [46/100] [TRAIN] Loss: 0.5614, Accuracy: 74.04%, AUC: 0.81 [VAL] Loss: 0.5149, Accuracy: 74.90%, Precision: 0.72, Recall: 0.77, F1: 0.74, AUC: 0.84
Epoch [47/100] [TRAIN] Loss: 0.5594, Accuracy: 74.29%, AUC: 0.82 [VAL] Loss: 0.5153, Accuracy: 75.00%, Precision: 0.72, Recall: 0.77, F1: 0.74, AUC: 0.85
Epoch [48/100] [TRAIN] Loss: 0.5621, Accuracy: 74.06%, AUC: 0.81 [VAL] Loss: 0.5154, Accuracy: 75.00%, Precision: 0.72, Recall: 0.77, F1: 0.74, AUC: 0.85
Epoch [49/100] [TRAIN] Loss: 0.5601, Accuracy: 73.86%, AUC: 0.81 [VAL] Loss: 0.5148, Accuracy: 75.10%, Precision: 0.72, Recall: 0.77, F1: 0.75, AUC: 0.85
Epoch [50/100] [TRAIN] Loss: 0.5597, Accuracy: 74.01%, AUC: 0.82 [VAL] Loss: 0.5144, Accuracy: 75.10%, Precision: 0.72, Recall: 0.77, F1: 0.75, AUC: 0.85
Epoch [51/100] [TRAIN] Loss: 0.5618, Accuracy: 73.58%, AUC: 0.81 [VAL] Loss: 0.5145, Accuracy: 75.00%, Precision: 0.72, Recall: 0.77, F1: 0.74, AUC: 0.85
Epoch [52/100] [TRAIN] Loss: 0.5580, Accuracy: 74.33%, AUC: 0.82 [VAL] Loss: 0.5145, Accuracy: 75.00%, Precision: 0.72, Recall: 0.77, F1: 0.74, AUC: 0.85
Epoch [53/100] [TRAIN] Loss: 0.5602, Accuracy: 73.51%, AUC: 0.81 [VAL] Loss: 0.5143, Accuracy: 75.20%, Precision: 0.72, Recall: 0.78, F1: 0.75, AUC: 0.85
Epoch [54/100] [TRAIN] Loss: 0.5559, Accuracy: 74.28%, AUC: 0.82 [VAL] Loss: 0.5137, Accuracy: 75.00%, Precision: 0.72, Recall: 0.77, F1: 0.74, AUC: 0.85
Epoch [55/100] [TRAIN] Loss: 0.5587, Accuracy: 74.20%, AUC: 0.82 [VAL] Loss: 0.5140, Accuracy: 75.00%, Precision: 0.72, Recall: 0.77, F1: 0.74, AUC: 0.85
Epoch [56/100] [TRAIN] Loss: 0.5584, Accuracy: 74.06%, AUC: 0.82 [VAL] Loss: 0.5143, Accuracy: 75.10%, Precision: 0.72, Recall: 0.77, F1: 0.75, AUC: 0.85
Epoch [57/100] [TRAIN] Loss: 0.5556, Accuracy: 74.21%, AUC: 0.82 [VAL] Loss: 0.5130, Accuracy: 75.10%, Precision: 0.72, Recall: 0.77, F1: 0.75, AUC: 0.85
Epoch [58/100] [TRAIN] Loss: 0.5571, Accuracy: 74.26%, AUC: 0.82 [VAL] Loss: 0.5129, Accuracy: 75.00%, Precision: 0.72, Recall: 0.77, F1: 0.74, AUC: 0.85
Epoch [59/100] [TRAIN] Loss: 0.5573, Accuracy: 74.42%, AUC: 0.82 [VAL] Loss: 0.5130, Accuracy: 75.20%, Precision: 0.72, Recall: 0.77, F1: 0.75, AUC: 0.85
Epoch [60/100] [TRAIN] Loss: 0.5543, Accuracy: 74.35%, AUC: 0.82 [VAL] Loss: 0.5122, Accuracy: 75.20%, Precision: 0.72, Recall: 0.78, F1: 0.75, AUC: 0.85
Epoch [61/100] [TRAIN] Loss: 0.5574, Accuracy: 74.11%, AUC: 0.82 [VAL] Loss: 0.5132, Accuracy: 75.10%, Precision: 0.72, Recall: 0.77, F1: 0.75, AUC: 0.85
Epoch [62/100] [TRAIN] Loss: 0.5583, Accuracy: 73.76%, AUC: 0.82 [VAL] Loss: 0.5127, Accuracy: 75.10%, Precision: 0.72, Recall: 0.77, F1: 0.75, AUC: 0.85
Epoch [63/100] [TRAIN] Loss: 0.5570, Accuracy: 73.94%, AUC: 0.82 [VAL] Loss: 0.5129, Accuracy: 75.20%, Precision: 0.72, Recall: 0.77, F1: 0.75, AUC: 0.85
Epoch [64/100] [TRAIN] Loss: 0.5566, Accuracy: 74.11%, AUC: 0.82 [VAL] Loss: 0.5128, Accuracy: 75.20%, Precision: 0.72, Recall: 0.77, F1: 0.75, AUC: 0.85
Epoch [65/100] [TRAIN] Loss: 0.5563, Accuracy: 74.33%, AUC: 0.82 [VAL] Loss: 0.5121, Accuracy: 75.10%, Precision: 0.72, Recall: 0.77, F1: 0.75, AUC: 0.85
Epoch [66/100] [TRAIN] Loss: 0.5569, Accuracy: 74.10%, AUC: 0.82 [VAL] Loss: 0.5120, Accuracy: 75.10%, Precision: 0.72, Recall: 0.77, F1: 0.75, AUC: 0.85
Epoch [67/100] [TRAIN] Loss: 0.5545, Accuracy: 74.00%, AUC: 0.82 [VAL] Loss: 0.5116, Accuracy: 75.10%, Precision: 0.72, Recall: 0.77, F1: 0.75, AUC: 0.85
Epoch [68/100] [TRAIN] Loss: 0.5546, Accuracy: 74.70%, AUC: 0.82 [VAL] Loss: 0.5109, Accuracy: 75.10%, Precision: 0.72, Recall: 0.77, F1: 0.75, AUC: 0.85
Epoch [69/100] [TRAIN] Loss: 0.5526, Accuracy: 74.30%, AUC: 0.82 [VAL] Loss: 0.5104, Accuracy: 75.10%, Precision: 0.72, Recall: 0.77, F1: 0.75, AUC: 0.85
Epoch [70/100] [TRAIN] Loss: 0.5529, Accuracy: 74.29%, AUC: 0.82 [VAL] Loss: 0.5108, Accuracy: 75.10%, Precision: 0.72, Recall: 0.77, F1: 0.75, AUC: 0.85
Epoch [71/100] [TRAIN] Loss: 0.5527, Accuracy: 74.72%, AUC: 0.82 [VAL] Loss: 0.5099, Accuracy: 75.10%, Precision: 0.72, Recall: 0.77, F1: 0.75, AUC: 0.85
Epoch [72/100] [TRAIN] Loss: 0.5532, Accuracy: 74.31%, AUC: 0.82 [VAL] Loss: 0.5098, Accuracy: 75.10%, Precision: 0.72, Recall: 0.77, F1: 0.75, AUC: 0.85
Epoch [73/100] [TRAIN] Loss: 0.5534, Accuracy: 74.22%, AUC: 0.82 [VAL] Loss: 0.5101, Accuracy: 75.10%, Precision: 0.72, Recall: 0.77, F1: 0.75, AUC: 0.85
Epoch [74/100] [TRAIN] Loss: 0.5538, Accuracy: 74.39%, AUC: 0.82 [VAL] Loss: 0.5100, Accuracy: 75.30%, Precision: 0.72, Recall: 0.77, F1: 0.75, AUC: 0.85
Epoch [75/100] [TRAIN] Loss: 0.5516, Accuracy: 74.55%, AUC: 0.82 [VAL] Loss: 0.5095, Accuracy: 75.40%, Precision: 0.72, Recall: 0.77, F1: 0.75, AUC: 0.85
Epoch [76/100] [TRAIN] Loss: 0.5538, Accuracy: 74.16%, AUC: 0.82 [VAL] Loss: 0.5099, Accuracy: 75.30%, Precision: 0.72, Recall: 0.77, F1: 0.75, AUC: 0.85
Epoch [77/100] [TRAIN] Loss: 0.5505, Accuracy: 74.33%, AUC: 0.82 [VAL] Loss: 0.5095, Accuracy: 75.30%, Precision: 0.72, Recall: 0.77, F1: 0.75, AUC: 0.85
Epoch [78/100] [TRAIN] Loss: 0.5505, Accuracy: 74.45%, AUC: 0.82 [VAL] Loss: 0.5094, Accuracy: 75.20%, Precision: 0.72, Recall: 0.77, F1: 0.75, AUC: 0.85
Epoch [79/100] [TRAIN] Loss: 0.5501, Accuracy: 74.45%, AUC: 0.82 [VAL] Loss: 0.5091, Accuracy: 75.30%, Precision: 0.72, Recall: 0.77, F1: 0.75, AUC: 0.85
Epoch [80/100] [TRAIN] Loss: 0.5513, Accuracy: 74.17%, AUC: 0.82 [VAL] Loss: 0.5093, Accuracy: 75.30%, Precision: 0.72, Recall: 0.77, F1: 0.75, AUC: 0.85
Epoch [81/100] [TRAIN] Loss: 0.5486, Accuracy: 74.94%, AUC: 0.82 [VAL] Loss: 0.5091, Accuracy: 75.10%, Precision: 0.72, Recall: 0.77, F1: 0.74, AUC: 0.85
Epoch [82/100] [TRAIN] Loss: 0.5494, Accuracy: 74.46%, AUC: 0.82 [VAL] Loss: 0.5086, Accuracy: 75.10%, Precision: 0.72, Recall: 0.77, F1: 0.74, AUC: 0.85
Epoch [83/100] [TRAIN] Loss: 0.5491, Accuracy: 74.61%, AUC: 0.82 [VAL] Loss: 0.5089, Accuracy: 75.10%, Precision: 0.72, Recall: 0.77, F1: 0.75, AUC: 0.85
Epoch [84/100] [TRAIN] Loss: 0.5513, Accuracy: 74.46%, AUC: 0.82 [VAL] Loss: 0.5083, Accuracy: 75.20%, Precision: 0.72, Recall: 0.77, F1: 0.75, AUC: 0.85
Epoch [85/100] [TRAIN] Loss: 0.5482, Accuracy: 74.42%, AUC: 0.82 [VAL] Loss: 0.5078, Accuracy: 75.10%, Precision: 0.72, Recall: 0.77, F1: 0.75, AUC: 0.85
Epoch [86/100] [TRAIN] Loss: 0.5484, Accuracy: 74.42%, AUC: 0.82 [VAL] Loss: 0.5071, Accuracy: 75.20%, Precision: 0.72, Recall: 0.77, F1: 0.75, AUC: 0.85
Epoch [87/100] [TRAIN] Loss: 0.5491, Accuracy: 74.42%, AUC: 0.82 [VAL] Loss: 0.5071, Accuracy: 75.20%, Precision: 0.72, Recall: 0.77, F1: 0.75, AUC: 0.85
Epoch [88/100] [TRAIN] Loss: 0.5514, Accuracy: 74.41%, AUC: 0.82 [VAL] Loss: 0.5079, Accuracy: 75.20%, Precision: 0.72, Recall: 0.77, F1: 0.75, AUC: 0.85
Epoch [89/100] [TRAIN] Loss: 0.5488, Accuracy: 74.25%, AUC: 0.82 [VAL] Loss: 0.5073, Accuracy: 75.30%, Precision: 0.72, Recall: 0.77, F1: 0.75, AUC: 0.85
Epoch [90/100] [TRAIN] Loss: 0.5498, Accuracy: 74.20%, AUC: 0.82 [VAL] Loss: 0.5077, Accuracy: 75.30%, Precision: 0.72, Recall: 0.77, F1: 0.75, AUC: 0.85
Epoch [91/100] [TRAIN] Loss: 0.5482, Accuracy: 74.44%, AUC: 0.82 [VAL] Loss: 0.5073, Accuracy: 75.30%, Precision: 0.72, Recall: 0.77, F1: 0.75, AUC: 0.85
Epoch [92/100] [TRAIN] Loss: 0.5469, Accuracy: 74.54%, AUC: 0.82 [VAL] Loss: 0.5071, Accuracy: 75.20%, Precision: 0.72, Recall: 0.77, F1: 0.75, AUC: 0.85
Epoch [93/100] [TRAIN] Loss: 0.5460, Accuracy: 74.35%, AUC: 0.82 [VAL] Loss: 0.5071, Accuracy: 75.30%, Precision: 0.72, Recall: 0.77, F1: 0.75, AUC: 0.85
Epoch [94/100] [TRAIN] Loss: 0.5489, Accuracy: 74.24%, AUC: 0.82 [VAL] Loss: 0.5070, Accuracy: 75.30%, Precision: 0.72, Recall: 0.77, F1: 0.75, AUC: 0.85
Epoch [95/100] [TRAIN] Loss: 0.5466, Accuracy: 74.30%, AUC: 0.82 [VAL] Loss: 0.5069, Accuracy: 75.30%, Precision: 0.72, Recall: 0.77, F1: 0.75, AUC: 0.85
Epoch [96/100] [TRAIN] Loss: 0.5458, Accuracy: 74.90%, AUC: 0.83 [VAL] Loss: 0.5069, Accuracy: 75.30%, Precision: 0.72, Recall: 0.77, F1: 0.75, AUC: 0.85
Epoch [97/100] [TRAIN] Loss: 0.5464, Accuracy: 74.55%, AUC: 0.82 [VAL] Loss: 0.5068, Accuracy: 75.30%, Precision: 0.72, Recall: 0.77, F1: 0.75, AUC: 0.85
Epoch [98/100] [TRAIN] Loss: 0.5505, Accuracy: 74.11%, AUC: 0.82 [VAL] Loss: 0.5068, Accuracy: 75.30%, Precision: 0.72, Recall: 0.77, F1: 0.75, AUC: 0.85
Epoch [99/100] [TRAIN] Loss: 0.5444, Accuracy: 74.67%, AUC: 0.83 [VAL] Loss: 0.5068, Accuracy: 75.30%, Precision: 0.72, Recall: 0.77, F1: 0.75, AUC: 0.85
Epoch [100/100] [TRAIN] Loss: 0.5472, Accuracy: 74.34%, AUC: 0.82 [VAL] Loss: 0.5068, Accuracy: 75.30%, Precision: 0.72, Recall: 0.77, F1: 0.75, AUC: 0.85
  Antisymmetry score (raw):        0.9500
  Antisymmetry score (confident):  1.0000
  Total violations:                50 / 1000
  Pairs near boundary:             152 (15.2%)
  Avg |prob-0.5| at violation:     0.0000

--- Training baselines (LogisticRegression, RandomForest, SVM) ---

  Training LogisticRegression...
  Val accuracy: 74.40%  |  Val AUC: 0.7990

  [LogisticRegression]  Accuracy: 71.50%  AUC: 0.7655  AUCPRC: 0.7308  Precision: 0.7279  Recall: 0.6605  F1: 0.6926  Antisym: 0.8210

  Training RandomForest...
  Val accuracy: 76.70%  |  Val AUC: 0.8606

  [RandomForest]  Accuracy: 74.90%  AUC: 0.8283  AUCPRC: 0.8109  Precision: 0.7560  Recall: 0.7140  F1: 0.7344  Antisym: 0.8280

  Training SVM_Linear...
  Val accuracy: 73.90%  |  Val AUC: 0.7945

  [SVM_Linear]  Accuracy: 71.80%  AUC: 0.7608  AUCPRC: 0.7231  Precision: 0.7394  Recall: 0.6481  F1: 0.6908  Antisym: 0.8120
Seed: 456
=== DirectRanker ===
Accuracy:  72.70 %
AUC:       0.8159
AUCPRC:    0.8041
Precision: 0.7052
Recall:    0.7531
F1-Score:  0.7284
Antisymmetry score:  0.9500  (1.0 = perfect, ~0.5 = random)

Detailed Classification Report:
              precision    recall  f1-score   support

           0       0.75      0.70      0.73       514
           1       0.71      0.75      0.73       486

    accuracy                           0.73      1000
   macro avg       0.73      0.73      0.73      1000
weighted avg       0.73      0.73      0.73      1000


Confusion Matrix:
[[361 153]
 [120 366]]

=== LogisticRegression ===
Accuracy:  71.50 %
AUC:       0.7655
AUCPRC:    0.7308
Precision: 0.7279
Recall:    0.6605
F1-Score:  0.6926
Antisymmetry score:  0.8210
Confusion Matrix:
[[394 120]
 [165 321]]

=== RandomForest ===
Accuracy:  74.90 %
AUC:       0.8283
AUCPRC:    0.8109
Precision: 0.7560
Recall:    0.7140
F1-Score:  0.7344
Antisymmetry score:  0.8280
Confusion Matrix:
[[402 112]
 [139 347]]

=== SVM_Linear ===
Accuracy:  71.80 %
AUC:       0.7608
AUCPRC:    0.7231
Precision: 0.7394
Recall:    0.6481
F1-Score:  0.6908
Antisymmetry score:  0.8120
Confusion Matrix:
[[403 111]
 [171 315]]

Saved combined test metrics: /group/pmc021/amunif/epi-thesis/workflow/16_Pairwise Ranking Healthy Liver/output/combined/donor_3/test/024-H3K9me3-H3K27ac-H3K27me3-seed456-test-metrics.csv
Saved combined ROC plot: /group/pmc021/amunif/epi-thesis/workflow/16_Pairwise Ranking Healthy Liver/output/combined/donor_3/img/roc/024-H3K9me3-H3K27ac-H3K27me3-seed456-roc-combined.png
Saved combined PRC plot: /group/pmc021/amunif/epi-thesis/workflow/16_Pairwise Ranking Healthy Liver/output/combined/donor_3/img/prc/024-H3K9me3-H3K27ac-H3K27me3-seed456-prc-combined.png

Finished 024-H3K9me3-H3K27ac-H3K27me3 (seed 456)

======================================================================
025-H3K4me3-H3K9ac-H3K9me3-H3K27ac
======================================================================
Train label distribution:
  Label 0:   4036 (50.4%)
  Label 1:   3964 (49.5%)
Val label distribution:
  Label 0:    528 (52.8%)
  Label 1:    472 (47.2%)
Test label distribution:
  Label 0:    514 (51.4%)
  Label 1:    486 (48.6%)
Saved label distribution: /group/pmc021/amunif/epi-thesis/workflow/16_Pairwise Ranking Healthy Liver/output/combined/donor_3/test/025-H3K4me3-H3K9ac-H3K9me3-H3K27ac-seed456-label-distribution.csv

--- Training DirectRanker ---
Epoch [1/100] [TRAIN] Loss: 0.6426, Accuracy: 67.54%, AUC: 0.74 [VAL] Loss: 0.5455, Accuracy: 76.60%, Precision: 0.73, Recall: 0.81, F1: 0.77, AUC: 0.84
Epoch [2/100] [TRAIN] Loss: 0.5912, Accuracy: 73.22%, AUC: 0.80 [VAL] Loss: 0.5274, Accuracy: 76.60%, Precision: 0.73, Recall: 0.81, F1: 0.77, AUC: 0.84
Epoch [3/100] [TRAIN] Loss: 0.5808, Accuracy: 73.64%, AUC: 0.81 [VAL] Loss: 0.5252, Accuracy: 76.60%, Precision: 0.73, Recall: 0.81, F1: 0.76, AUC: 0.85
Epoch [4/100] [TRAIN] Loss: 0.5821, Accuracy: 72.99%, AUC: 0.80 [VAL] Loss: 0.5260, Accuracy: 77.00%, Precision: 0.73, Recall: 0.81, F1: 0.77, AUC: 0.85
Epoch [5/100] [TRAIN] Loss: 0.5662, Accuracy: 74.08%, AUC: 0.81 [VAL] Loss: 0.5226, Accuracy: 76.90%, Precision: 0.73, Recall: 0.81, F1: 0.77, AUC: 0.85
Epoch [6/100] [TRAIN] Loss: 0.5691, Accuracy: 73.53%, AUC: 0.81 [VAL] Loss: 0.5210, Accuracy: 77.00%, Precision: 0.73, Recall: 0.81, F1: 0.77, AUC: 0.85
Epoch [7/100] [TRAIN] Loss: 0.5658, Accuracy: 74.65%, AUC: 0.82 [VAL] Loss: 0.5199, Accuracy: 76.90%, Precision: 0.73, Recall: 0.81, F1: 0.77, AUC: 0.85
Epoch [8/100] [TRAIN] Loss: 0.5640, Accuracy: 74.22%, AUC: 0.81 [VAL] Loss: 0.5193, Accuracy: 77.00%, Precision: 0.73, Recall: 0.81, F1: 0.77, AUC: 0.85
Epoch [9/100] [TRAIN] Loss: 0.5652, Accuracy: 74.30%, AUC: 0.81 [VAL] Loss: 0.5199, Accuracy: 76.90%, Precision: 0.73, Recall: 0.81, F1: 0.77, AUC: 0.85
Epoch [10/100] [TRAIN] Loss: 0.5641, Accuracy: 74.50%, AUC: 0.81 [VAL] Loss: 0.5190, Accuracy: 76.90%, Precision: 0.73, Recall: 0.81, F1: 0.77, AUC: 0.85
Epoch [11/100] [TRAIN] Loss: 0.5622, Accuracy: 74.38%, AUC: 0.82 [VAL] Loss: 0.5195, Accuracy: 77.00%, Precision: 0.73, Recall: 0.81, F1: 0.77, AUC: 0.85
Epoch [12/100] [TRAIN] Loss: 0.5578, Accuracy: 74.45%, AUC: 0.82 [VAL] Loss: 0.5171, Accuracy: 76.90%, Precision: 0.73, Recall: 0.81, F1: 0.77, AUC: 0.85
Epoch [13/100] [TRAIN] Loss: 0.5609, Accuracy: 74.29%, AUC: 0.82 [VAL] Loss: 0.5171, Accuracy: 76.80%, Precision: 0.73, Recall: 0.80, F1: 0.77, AUC: 0.85
Epoch [14/100] [TRAIN] Loss: 0.5559, Accuracy: 74.40%, AUC: 0.82 [VAL] Loss: 0.5167, Accuracy: 76.80%, Precision: 0.73, Recall: 0.80, F1: 0.77, AUC: 0.85
Epoch [15/100] [TRAIN] Loss: 0.5548, Accuracy: 74.44%, AUC: 0.82 [VAL] Loss: 0.5170, Accuracy: 76.50%, Precision: 0.73, Recall: 0.80, F1: 0.76, AUC: 0.85
Epoch [16/100] [TRAIN] Loss: 0.5501, Accuracy: 74.92%, AUC: 0.82 [VAL] Loss: 0.5161, Accuracy: 76.60%, Precision: 0.73, Recall: 0.80, F1: 0.76, AUC: 0.85
Epoch [17/100] [TRAIN] Loss: 0.5549, Accuracy: 74.42%, AUC: 0.82 [VAL] Loss: 0.5164, Accuracy: 76.60%, Precision: 0.73, Recall: 0.80, F1: 0.76, AUC: 0.85
Epoch [18/100] [TRAIN] Loss: 0.5532, Accuracy: 74.70%, AUC: 0.82 [VAL] Loss: 0.5165, Accuracy: 76.60%, Precision: 0.73, Recall: 0.80, F1: 0.76, AUC: 0.85
Epoch [19/100] [TRAIN] Loss: 0.5551, Accuracy: 74.84%, AUC: 0.82 [VAL] Loss: 0.5170, Accuracy: 76.70%, Precision: 0.73, Recall: 0.80, F1: 0.76, AUC: 0.85
Epoch [20/100] [TRAIN] Loss: 0.5510, Accuracy: 74.79%, AUC: 0.82 [VAL] Loss: 0.5158, Accuracy: 76.60%, Precision: 0.73, Recall: 0.80, F1: 0.76, AUC: 0.85
Epoch [21/100] [TRAIN] Loss: 0.5537, Accuracy: 74.38%, AUC: 0.82 [VAL] Loss: 0.5162, Accuracy: 76.60%, Precision: 0.73, Recall: 0.80, F1: 0.76, AUC: 0.85
Epoch [22/100] [TRAIN] Loss: 0.5503, Accuracy: 74.79%, AUC: 0.82 [VAL] Loss: 0.5152, Accuracy: 76.60%, Precision: 0.73, Recall: 0.80, F1: 0.76, AUC: 0.85
Epoch [23/100] [TRAIN] Loss: 0.5521, Accuracy: 74.45%, AUC: 0.82 [VAL] Loss: 0.5156, Accuracy: 76.70%, Precision: 0.73, Recall: 0.80, F1: 0.76, AUC: 0.85
Epoch [24/100] [TRAIN] Loss: 0.5495, Accuracy: 74.83%, AUC: 0.82 [VAL] Loss: 0.5158, Accuracy: 76.70%, Precision: 0.73, Recall: 0.80, F1: 0.76, AUC: 0.85
Epoch [25/100] [TRAIN] Loss: 0.5447, Accuracy: 74.62%, AUC: 0.83 [VAL] Loss: 0.5150, Accuracy: 76.60%, Precision: 0.73, Recall: 0.80, F1: 0.76, AUC: 0.85
Epoch [26/100] [TRAIN] Loss: 0.5504, Accuracy: 74.59%, AUC: 0.82 [VAL] Loss: 0.5145, Accuracy: 76.60%, Precision: 0.73, Recall: 0.79, F1: 0.76, AUC: 0.85
Epoch [27/100] [TRAIN] Loss: 0.5517, Accuracy: 74.81%, AUC: 0.82 [VAL] Loss: 0.5156, Accuracy: 76.50%, Precision: 0.73, Recall: 0.79, F1: 0.76, AUC: 0.85
Epoch [28/100] [TRAIN] Loss: 0.5485, Accuracy: 74.59%, AUC: 0.82 [VAL] Loss: 0.5146, Accuracy: 76.40%, Precision: 0.73, Recall: 0.79, F1: 0.76, AUC: 0.85
Epoch [29/100] [TRAIN] Loss: 0.5469, Accuracy: 74.91%, AUC: 0.83 [VAL] Loss: 0.5148, Accuracy: 76.60%, Precision: 0.73, Recall: 0.79, F1: 0.76, AUC: 0.85
Epoch [30/100] [TRAIN] Loss: 0.5463, Accuracy: 75.15%, AUC: 0.83 [VAL] Loss: 0.5137, Accuracy: 76.50%, Precision: 0.73, Recall: 0.79, F1: 0.76, AUC: 0.85
Epoch [31/100] [TRAIN] Loss: 0.5462, Accuracy: 74.72%, AUC: 0.83 [VAL] Loss: 0.5133, Accuracy: 76.50%, Precision: 0.73, Recall: 0.79, F1: 0.76, AUC: 0.85
Epoch [32/100] [TRAIN] Loss: 0.5458, Accuracy: 74.71%, AUC: 0.83 [VAL] Loss: 0.5131, Accuracy: 76.60%, Precision: 0.73, Recall: 0.80, F1: 0.76, AUC: 0.85
Epoch [33/100] [TRAIN] Loss: 0.5434, Accuracy: 75.28%, AUC: 0.83 [VAL] Loss: 0.5120, Accuracy: 76.30%, Precision: 0.73, Recall: 0.79, F1: 0.76, AUC: 0.85
Epoch [34/100] [TRAIN] Loss: 0.5445, Accuracy: 75.05%, AUC: 0.83 [VAL] Loss: 0.5130, Accuracy: 76.50%, Precision: 0.73, Recall: 0.79, F1: 0.76, AUC: 0.85
Epoch [35/100] [TRAIN] Loss: 0.5435, Accuracy: 75.11%, AUC: 0.83 [VAL] Loss: 0.5123, Accuracy: 76.40%, Precision: 0.73, Recall: 0.79, F1: 0.76, AUC: 0.85
Epoch [36/100] [TRAIN] Loss: 0.5443, Accuracy: 74.88%, AUC: 0.83 [VAL] Loss: 0.5115, Accuracy: 76.60%, Precision: 0.73, Recall: 0.80, F1: 0.76, AUC: 0.85
Epoch [37/100] [TRAIN] Loss: 0.5442, Accuracy: 74.72%, AUC: 0.83 [VAL] Loss: 0.5117, Accuracy: 76.30%, Precision: 0.73, Recall: 0.79, F1: 0.76, AUC: 0.85
Epoch [38/100] [TRAIN] Loss: 0.5418, Accuracy: 75.05%, AUC: 0.83 [VAL] Loss: 0.5117, Accuracy: 76.30%, Precision: 0.73, Recall: 0.79, F1: 0.76, AUC: 0.85
Epoch [39/100] [TRAIN] Loss: 0.5465, Accuracy: 74.56%, AUC: 0.82 [VAL] Loss: 0.5122, Accuracy: 76.30%, Precision: 0.73, Recall: 0.79, F1: 0.76, AUC: 0.85
Epoch [40/100] [TRAIN] Loss: 0.5413, Accuracy: 75.01%, AUC: 0.83 [VAL] Loss: 0.5125, Accuracy: 76.20%, Precision: 0.73, Recall: 0.79, F1: 0.76, AUC: 0.85
Epoch [41/100] [TRAIN] Loss: 0.5432, Accuracy: 75.14%, AUC: 0.83 [VAL] Loss: 0.5117, Accuracy: 76.10%, Precision: 0.73, Recall: 0.79, F1: 0.76, AUC: 0.85
Epoch [42/100] [TRAIN] Loss: 0.5420, Accuracy: 74.97%, AUC: 0.83 [VAL] Loss: 0.5109, Accuracy: 76.20%, Precision: 0.73, Recall: 0.79, F1: 0.76, AUC: 0.85
Epoch [43/100] [TRAIN] Loss: 0.5391, Accuracy: 75.11%, AUC: 0.83 [VAL] Loss: 0.5098, Accuracy: 76.20%, Precision: 0.73, Recall: 0.79, F1: 0.76, AUC: 0.85
Epoch [44/100] [TRAIN] Loss: 0.5439, Accuracy: 74.89%, AUC: 0.83 [VAL] Loss: 0.5102, Accuracy: 76.30%, Precision: 0.73, Recall: 0.79, F1: 0.76, AUC: 0.85
Epoch [45/100] [TRAIN] Loss: 0.5391, Accuracy: 75.06%, AUC: 0.83 [VAL] Loss: 0.5091, Accuracy: 76.00%, Precision: 0.73, Recall: 0.79, F1: 0.76, AUC: 0.85
Epoch [46/100] [TRAIN] Loss: 0.5433, Accuracy: 74.44%, AUC: 0.83 [VAL] Loss: 0.5095, Accuracy: 76.00%, Precision: 0.73, Recall: 0.79, F1: 0.76, AUC: 0.85
Epoch [47/100] [TRAIN] Loss: 0.5396, Accuracy: 75.12%, AUC: 0.83 [VAL] Loss: 0.5091, Accuracy: 76.00%, Precision: 0.73, Recall: 0.79, F1: 0.76, AUC: 0.85
Epoch [48/100] [TRAIN] Loss: 0.5417, Accuracy: 74.99%, AUC: 0.83 [VAL] Loss: 0.5087, Accuracy: 76.10%, Precision: 0.73, Recall: 0.79, F1: 0.76, AUC: 0.85
Epoch [49/100] [TRAIN] Loss: 0.5387, Accuracy: 75.40%, AUC: 0.83 [VAL] Loss: 0.5085, Accuracy: 76.10%, Precision: 0.73, Recall: 0.79, F1: 0.76, AUC: 0.85
Epoch [50/100] [TRAIN] Loss: 0.5384, Accuracy: 74.90%, AUC: 0.83 [VAL] Loss: 0.5086, Accuracy: 76.00%, Precision: 0.73, Recall: 0.79, F1: 0.76, AUC: 0.85
Epoch [51/100] [TRAIN] Loss: 0.5389, Accuracy: 75.09%, AUC: 0.83 [VAL] Loss: 0.5077, Accuracy: 76.10%, Precision: 0.73, Recall: 0.79, F1: 0.76, AUC: 0.85
Epoch [52/100] [TRAIN] Loss: 0.5417, Accuracy: 74.88%, AUC: 0.83 [VAL] Loss: 0.5081, Accuracy: 76.10%, Precision: 0.73, Recall: 0.79, F1: 0.76, AUC: 0.85
Epoch [53/100] [TRAIN] Loss: 0.5409, Accuracy: 74.70%, AUC: 0.83 [VAL] Loss: 0.5081, Accuracy: 76.20%, Precision: 0.73, Recall: 0.79, F1: 0.76, AUC: 0.85
Epoch [54/100] [TRAIN] Loss: 0.5389, Accuracy: 74.89%, AUC: 0.83 [VAL] Loss: 0.5078, Accuracy: 76.00%, Precision: 0.73, Recall: 0.79, F1: 0.76, AUC: 0.85
Epoch [55/100] [TRAIN] Loss: 0.5375, Accuracy: 75.46%, AUC: 0.83 [VAL] Loss: 0.5078, Accuracy: 76.20%, Precision: 0.73, Recall: 0.79, F1: 0.76, AUC: 0.85
Epoch [56/100] [TRAIN] Loss: 0.5353, Accuracy: 75.31%, AUC: 0.83 [VAL] Loss: 0.5063, Accuracy: 76.30%, Precision: 0.73, Recall: 0.79, F1: 0.76, AUC: 0.85
Epoch [57/100] [TRAIN] Loss: 0.5391, Accuracy: 75.39%, AUC: 0.83 [VAL] Loss: 0.5068, Accuracy: 76.40%, Precision: 0.73, Recall: 0.79, F1: 0.76, AUC: 0.85
Epoch [58/100] [TRAIN] Loss: 0.5360, Accuracy: 74.92%, AUC: 0.83 [VAL] Loss: 0.5063, Accuracy: 76.10%, Precision: 0.73, Recall: 0.79, F1: 0.76, AUC: 0.85
Epoch [59/100] [TRAIN] Loss: 0.5403, Accuracy: 74.70%, AUC: 0.83 [VAL] Loss: 0.5070, Accuracy: 76.10%, Precision: 0.73, Recall: 0.79, F1: 0.76, AUC: 0.85
Epoch [60/100] [TRAIN] Loss: 0.5356, Accuracy: 75.16%, AUC: 0.83 [VAL] Loss: 0.5063, Accuracy: 76.20%, Precision: 0.73, Recall: 0.79, F1: 0.76, AUC: 0.85
Epoch [61/100] [TRAIN] Loss: 0.5357, Accuracy: 75.45%, AUC: 0.83 [VAL] Loss: 0.5065, Accuracy: 76.30%, Precision: 0.73, Recall: 0.79, F1: 0.76, AUC: 0.85
Epoch [62/100] [TRAIN] Loss: 0.5374, Accuracy: 75.39%, AUC: 0.83 [VAL] Loss: 0.5056, Accuracy: 76.00%, Precision: 0.73, Recall: 0.79, F1: 0.76, AUC: 0.85
Epoch [63/100] [TRAIN] Loss: 0.5346, Accuracy: 75.04%, AUC: 0.83 [VAL] Loss: 0.5054, Accuracy: 76.00%, Precision: 0.73, Recall: 0.79, F1: 0.76, AUC: 0.85
Epoch [64/100] [TRAIN] Loss: 0.5331, Accuracy: 75.36%, AUC: 0.83 [VAL] Loss: 0.5049, Accuracy: 76.10%, Precision: 0.73, Recall: 0.79, F1: 0.76, AUC: 0.85
Epoch [65/100] [TRAIN] Loss: 0.5352, Accuracy: 75.20%, AUC: 0.83 [VAL] Loss: 0.5045, Accuracy: 76.00%, Precision: 0.73, Recall: 0.79, F1: 0.76, AUC: 0.85
Epoch [66/100] [TRAIN] Loss: 0.5345, Accuracy: 75.29%, AUC: 0.83 [VAL] Loss: 0.5043, Accuracy: 76.00%, Precision: 0.73, Recall: 0.79, F1: 0.76, AUC: 0.85
Epoch [67/100] [TRAIN] Loss: 0.5316, Accuracy: 75.30%, AUC: 0.83 [VAL] Loss: 0.5032, Accuracy: 76.00%, Precision: 0.73, Recall: 0.79, F1: 0.76, AUC: 0.85
Epoch [68/100] [TRAIN] Loss: 0.5355, Accuracy: 75.26%, AUC: 0.83 [VAL] Loss: 0.5040, Accuracy: 76.00%, Precision: 0.73, Recall: 0.79, F1: 0.76, AUC: 0.85
Epoch [69/100] [TRAIN] Loss: 0.5353, Accuracy: 75.17%, AUC: 0.83 [VAL] Loss: 0.5039, Accuracy: 76.00%, Precision: 0.73, Recall: 0.79, F1: 0.76, AUC: 0.85
Epoch [70/100] [TRAIN] Loss: 0.5313, Accuracy: 75.53%, AUC: 0.84 [VAL] Loss: 0.5041, Accuracy: 76.00%, Precision: 0.73, Recall: 0.79, F1: 0.76, AUC: 0.85
Epoch [71/100] [TRAIN] Loss: 0.5344, Accuracy: 75.62%, AUC: 0.83 [VAL] Loss: 0.5048, Accuracy: 75.70%, Precision: 0.72, Recall: 0.79, F1: 0.75, AUC: 0.85
Epoch [72/100] [TRAIN] Loss: 0.5359, Accuracy: 75.25%, AUC: 0.83 [VAL] Loss: 0.5038, Accuracy: 75.80%, Precision: 0.72, Recall: 0.79, F1: 0.75, AUC: 0.85
Epoch [73/100] [TRAIN] Loss: 0.5292, Accuracy: 75.88%, AUC: 0.84 [VAL] Loss: 0.5025, Accuracy: 76.00%, Precision: 0.73, Recall: 0.79, F1: 0.76, AUC: 0.85
Epoch [74/100] [TRAIN] Loss: 0.5295, Accuracy: 75.65%, AUC: 0.84 [VAL] Loss: 0.5026, Accuracy: 76.00%, Precision: 0.73, Recall: 0.79, F1: 0.76, AUC: 0.85
Epoch [75/100] [TRAIN] Loss: 0.5328, Accuracy: 75.04%, AUC: 0.83 [VAL] Loss: 0.5035, Accuracy: 75.70%, Precision: 0.72, Recall: 0.79, F1: 0.75, AUC: 0.85
Epoch [76/100] [TRAIN] Loss: 0.5313, Accuracy: 75.49%, AUC: 0.83 [VAL] Loss: 0.5025, Accuracy: 75.90%, Precision: 0.73, Recall: 0.79, F1: 0.75, AUC: 0.85
Epoch [77/100] [TRAIN] Loss: 0.5321, Accuracy: 75.00%, AUC: 0.83 [VAL] Loss: 0.5029, Accuracy: 75.80%, Precision: 0.72, Recall: 0.79, F1: 0.75, AUC: 0.85
Epoch [78/100] [TRAIN] Loss: 0.5344, Accuracy: 75.71%, AUC: 0.83 [VAL] Loss: 0.5022, Accuracy: 75.90%, Precision: 0.73, Recall: 0.79, F1: 0.76, AUC: 0.85
Epoch [79/100] [TRAIN] Loss: 0.5278, Accuracy: 75.25%, AUC: 0.84 [VAL] Loss: 0.5015, Accuracy: 75.90%, Precision: 0.73, Recall: 0.79, F1: 0.76, AUC: 0.85
Epoch [80/100] [TRAIN] Loss: 0.5318, Accuracy: 75.53%, AUC: 0.83 [VAL] Loss: 0.5018, Accuracy: 75.90%, Precision: 0.73, Recall: 0.79, F1: 0.76, AUC: 0.85
Epoch [81/100] [TRAIN] Loss: 0.5313, Accuracy: 75.42%, AUC: 0.84 [VAL] Loss: 0.5018, Accuracy: 76.10%, Precision: 0.73, Recall: 0.79, F1: 0.76, AUC: 0.85
Epoch [82/100] [TRAIN] Loss: 0.5328, Accuracy: 75.24%, AUC: 0.83 [VAL] Loss: 0.5014, Accuracy: 76.10%, Precision: 0.73, Recall: 0.79, F1: 0.76, AUC: 0.85
Epoch [83/100] [TRAIN] Loss: 0.5306, Accuracy: 75.66%, AUC: 0.84 [VAL] Loss: 0.5016, Accuracy: 76.20%, Precision: 0.73, Recall: 0.79, F1: 0.76, AUC: 0.85
Epoch [84/100] [TRAIN] Loss: 0.5283, Accuracy: 75.61%, AUC: 0.84 [VAL] Loss: 0.5020, Accuracy: 76.10%, Precision: 0.73, Recall: 0.79, F1: 0.76, AUC: 0.85
Epoch [85/100] [TRAIN] Loss: 0.5291, Accuracy: 75.22%, AUC: 0.84 [VAL] Loss: 0.5009, Accuracy: 76.20%, Precision: 0.73, Recall: 0.79, F1: 0.76, AUC: 0.85
Epoch [86/100] [TRAIN] Loss: 0.5286, Accuracy: 75.66%, AUC: 0.84 [VAL] Loss: 0.5015, Accuracy: 76.10%, Precision: 0.73, Recall: 0.79, F1: 0.76, AUC: 0.85
Epoch [87/100] [TRAIN] Loss: 0.5291, Accuracy: 75.45%, AUC: 0.84 [VAL] Loss: 0.5005, Accuracy: 76.30%, Precision: 0.73, Recall: 0.79, F1: 0.76, AUC: 0.85
Epoch [88/100] [TRAIN] Loss: 0.5264, Accuracy: 75.81%, AUC: 0.84 [VAL] Loss: 0.4997, Accuracy: 76.30%, Precision: 0.73, Recall: 0.79, F1: 0.76, AUC: 0.85
Epoch [89/100] [TRAIN] Loss: 0.5299, Accuracy: 75.75%, AUC: 0.84 [VAL] Loss: 0.5012, Accuracy: 76.20%, Precision: 0.73, Recall: 0.79, F1: 0.76, AUC: 0.86
Epoch [90/100] [TRAIN] Loss: 0.5279, Accuracy: 75.31%, AUC: 0.84 [VAL] Loss: 0.5000, Accuracy: 76.20%, Precision: 0.73, Recall: 0.79, F1: 0.76, AUC: 0.86
Epoch [91/100] [TRAIN] Loss: 0.5285, Accuracy: 75.33%, AUC: 0.84 [VAL] Loss: 0.4993, Accuracy: 76.20%, Precision: 0.73, Recall: 0.79, F1: 0.76, AUC: 0.86
Epoch [92/100] [TRAIN] Loss: 0.5247, Accuracy: 75.88%, AUC: 0.84 [VAL] Loss: 0.4986, Accuracy: 76.20%, Precision: 0.73, Recall: 0.79, F1: 0.76, AUC: 0.86
Epoch [93/100] [TRAIN] Loss: 0.5268, Accuracy: 75.49%, AUC: 0.84 [VAL] Loss: 0.4988, Accuracy: 76.10%, Precision: 0.73, Recall: 0.79, F1: 0.76, AUC: 0.86
Epoch [94/100] [TRAIN] Loss: 0.5298, Accuracy: 75.56%, AUC: 0.84 [VAL] Loss: 0.4993, Accuracy: 76.10%, Precision: 0.73, Recall: 0.79, F1: 0.76, AUC: 0.86
Epoch [95/100] [TRAIN] Loss: 0.5271, Accuracy: 75.80%, AUC: 0.84 [VAL] Loss: 0.4991, Accuracy: 76.00%, Precision: 0.73, Recall: 0.79, F1: 0.76, AUC: 0.86
Epoch [96/100] [TRAIN] Loss: 0.5267, Accuracy: 75.75%, AUC: 0.84 [VAL] Loss: 0.4998, Accuracy: 76.20%, Precision: 0.73, Recall: 0.79, F1: 0.76, AUC: 0.86
Epoch [97/100] [TRAIN] Loss: 0.5215, Accuracy: 76.19%, AUC: 0.84 [VAL] Loss: 0.4985, Accuracy: 76.20%, Precision: 0.73, Recall: 0.79, F1: 0.76, AUC: 0.86
Epoch [98/100] [TRAIN] Loss: 0.5282, Accuracy: 75.31%, AUC: 0.84 [VAL] Loss: 0.4983, Accuracy: 76.00%, Precision: 0.73, Recall: 0.79, F1: 0.76, AUC: 0.86
Epoch [99/100] [TRAIN] Loss: 0.5253, Accuracy: 75.38%, AUC: 0.84 [VAL] Loss: 0.4979, Accuracy: 76.20%, Precision: 0.73, Recall: 0.79, F1: 0.76, AUC: 0.86
Epoch [100/100] [TRAIN] Loss: 0.5232, Accuracy: 75.99%, AUC: 0.84 [VAL] Loss: 0.4977, Accuracy: 76.60%, Precision: 0.73, Recall: 0.79, F1: 0.76, AUC: 0.86
  Antisymmetry score (raw):        0.9300
  Antisymmetry score (confident):  1.0000
  Total violations:                70 / 1000
  Pairs near boundary:             153 (15.3%)
  Avg |prob-0.5| at violation:     0.0000

--- Training baselines (LogisticRegression, RandomForest, SVM) ---

  Training LogisticRegression...
  Val accuracy: 72.60%  |  Val AUC: 0.7838

  [LogisticRegression]  Accuracy: 72.90%  AUC: 0.7700  AUCPRC: 0.7399  Precision: 0.7438  Recall: 0.6749  F1: 0.7077  Antisym: 0.7650

  Training RandomForest...
  Val accuracy: 78.30%  |  Val AUC: 0.8630

  [RandomForest]  Accuracy: 75.90%  AUC: 0.8343  AUCPRC: 0.8138  Precision: 0.7728  Recall: 0.7140  F1: 0.7422  Antisym: 0.8420

  Training SVM_Linear...
  Val accuracy: 72.40%  |  Val AUC: 0.7844

  [SVM_Linear]  Accuracy: 72.60%  AUC: 0.7652  AUCPRC: 0.7287  Precision: 0.7488  Recall: 0.6564  F1: 0.6996  Antisym: 0.7570
Seed: 456
=== DirectRanker ===
Accuracy:  74.40 %
AUC:       0.8284
AUCPRC:    0.8147
Precision: 0.7186
Recall:    0.7778
F1-Score:  0.7470
Antisymmetry score:  0.9300  (1.0 = perfect, ~0.5 = random)

Detailed Classification Report:
              precision    recall  f1-score   support

           0       0.77      0.71      0.74       514
           1       0.72      0.78      0.75       486

    accuracy                           0.74      1000
   macro avg       0.75      0.74      0.74      1000
weighted avg       0.75      0.74      0.74      1000


Confusion Matrix:
[[366 148]
 [108 378]]

=== LogisticRegression ===
Accuracy:  72.90 %
AUC:       0.7700
AUCPRC:    0.7399
Precision: 0.7438
Recall:    0.6749
F1-Score:  0.7077
Antisymmetry score:  0.7650
Confusion Matrix:
[[401 113]
 [158 328]]

=== RandomForest ===
Accuracy:  75.90 %
AUC:       0.8343
AUCPRC:    0.8138
Precision: 0.7728
Recall:    0.7140
F1-Score:  0.7422
Antisymmetry score:  0.8420
Confusion Matrix:
[[412 102]
 [139 347]]

=== SVM_Linear ===
Accuracy:  72.60 %
AUC:       0.7652
AUCPRC:    0.7287
Precision: 0.7488
Recall:    0.6564
F1-Score:  0.6996
Antisymmetry score:  0.7570
Confusion Matrix:
[[407 107]
 [167 319]]

Saved combined test metrics: /group/pmc021/amunif/epi-thesis/workflow/16_Pairwise Ranking Healthy Liver/output/combined/donor_3/test/025-H3K4me3-H3K9ac-H3K9me3-H3K27ac-seed456-test-metrics.csv
Saved combined ROC plot: /group/pmc021/amunif/epi-thesis/workflow/16_Pairwise Ranking Healthy Liver/output/combined/donor_3/img/roc/025-H3K4me3-H3K9ac-H3K9me3-H3K27ac-seed456-roc-combined.png
Saved combined PRC plot: /group/pmc021/amunif/epi-thesis/workflow/16_Pairwise Ranking Healthy Liver/output/combined/donor_3/img/prc/025-H3K4me3-H3K9ac-H3K9me3-H3K27ac-seed456-prc-combined.png

Finished 025-H3K4me3-H3K9ac-H3K9me3-H3K27ac (seed 456)

======================================================================
026-H3K4me3-H3K9ac-H3K9me3-H3K27me3
======================================================================
Train label distribution:
  Label 0:   4036 (50.4%)
  Label 1:   3964 (49.5%)
Val label distribution:
  Label 0:    528 (52.8%)
  Label 1:    472 (47.2%)
Test label distribution:
  Label 0:    514 (51.4%)
  Label 1:    486 (48.6%)
Saved label distribution: /group/pmc021/amunif/epi-thesis/workflow/16_Pairwise Ranking Healthy Liver/output/combined/donor_3/test/026-H3K4me3-H3K9ac-H3K9me3-H3K27me3-seed456-label-distribution.csv

--- Training DirectRanker ---
Epoch [1/100] [TRAIN] Loss: 0.6883, Accuracy: 61.11%, AUC: 0.66 [VAL] Loss: 0.6277, Accuracy: 73.20%, Precision: 0.69, Recall: 0.78, F1: 0.73, AUC: 0.81
Epoch [2/100] [TRAIN] Loss: 0.6296, Accuracy: 70.86%, AUC: 0.77 [VAL] Loss: 0.5823, Accuracy: 74.90%, Precision: 0.71, Recall: 0.80, F1: 0.75, AUC: 0.82
Epoch [3/100] [TRAIN] Loss: 0.6074, Accuracy: 71.36%, AUC: 0.78 [VAL] Loss: 0.5629, Accuracy: 75.30%, Precision: 0.71, Recall: 0.80, F1: 0.75, AUC: 0.83
Epoch [4/100] [TRAIN] Loss: 0.6013, Accuracy: 71.22%, AUC: 0.78 [VAL] Loss: 0.5560, Accuracy: 75.30%, Precision: 0.71, Recall: 0.80, F1: 0.75, AUC: 0.83
Epoch [5/100] [TRAIN] Loss: 0.5930, Accuracy: 72.33%, AUC: 0.79 [VAL] Loss: 0.5508, Accuracy: 75.70%, Precision: 0.72, Recall: 0.80, F1: 0.76, AUC: 0.83
Epoch [6/100] [TRAIN] Loss: 0.5848, Accuracy: 73.25%, AUC: 0.80 [VAL] Loss: 0.5467, Accuracy: 75.70%, Precision: 0.72, Recall: 0.80, F1: 0.76, AUC: 0.83
Epoch [7/100] [TRAIN] Loss: 0.5855, Accuracy: 72.88%, AUC: 0.80 [VAL] Loss: 0.5437, Accuracy: 75.70%, Precision: 0.72, Recall: 0.80, F1: 0.76, AUC: 0.83
Epoch [8/100] [TRAIN] Loss: 0.5828, Accuracy: 72.56%, AUC: 0.80 [VAL] Loss: 0.5413, Accuracy: 75.90%, Precision: 0.72, Recall: 0.80, F1: 0.76, AUC: 0.84
Epoch [9/100] [TRAIN] Loss: 0.5782, Accuracy: 73.49%, AUC: 0.80 [VAL] Loss: 0.5389, Accuracy: 75.90%, Precision: 0.72, Recall: 0.80, F1: 0.76, AUC: 0.84
Epoch [10/100] [TRAIN] Loss: 0.5770, Accuracy: 72.84%, AUC: 0.80 [VAL] Loss: 0.5371, Accuracy: 75.80%, Precision: 0.72, Recall: 0.79, F1: 0.76, AUC: 0.84
Epoch [11/100] [TRAIN] Loss: 0.5672, Accuracy: 73.76%, AUC: 0.81 [VAL] Loss: 0.5348, Accuracy: 75.70%, Precision: 0.72, Recall: 0.79, F1: 0.75, AUC: 0.84
Epoch [12/100] [TRAIN] Loss: 0.5728, Accuracy: 73.34%, AUC: 0.81 [VAL] Loss: 0.5338, Accuracy: 75.80%, Precision: 0.72, Recall: 0.79, F1: 0.76, AUC: 0.84
Epoch [13/100] [TRAIN] Loss: 0.5723, Accuracy: 73.15%, AUC: 0.81 [VAL] Loss: 0.5325, Accuracy: 75.80%, Precision: 0.72, Recall: 0.80, F1: 0.76, AUC: 0.84
Epoch [14/100] [TRAIN] Loss: 0.5680, Accuracy: 73.47%, AUC: 0.81 [VAL] Loss: 0.5313, Accuracy: 75.90%, Precision: 0.72, Recall: 0.80, F1: 0.76, AUC: 0.84
Epoch [15/100] [TRAIN] Loss: 0.5666, Accuracy: 73.56%, AUC: 0.81 [VAL] Loss: 0.5306, Accuracy: 75.60%, Precision: 0.72, Recall: 0.79, F1: 0.75, AUC: 0.84
Epoch [16/100] [TRAIN] Loss: 0.5637, Accuracy: 73.86%, AUC: 0.81 [VAL] Loss: 0.5297, Accuracy: 75.50%, Precision: 0.72, Recall: 0.79, F1: 0.75, AUC: 0.84
Epoch [17/100] [TRAIN] Loss: 0.5645, Accuracy: 73.46%, AUC: 0.81 [VAL] Loss: 0.5290, Accuracy: 75.60%, Precision: 0.72, Recall: 0.79, F1: 0.75, AUC: 0.84
Epoch [18/100] [TRAIN] Loss: 0.5628, Accuracy: 73.35%, AUC: 0.81 [VAL] Loss: 0.5280, Accuracy: 75.90%, Precision: 0.72, Recall: 0.80, F1: 0.76, AUC: 0.84
Epoch [19/100] [TRAIN] Loss: 0.5610, Accuracy: 73.95%, AUC: 0.81 [VAL] Loss: 0.5267, Accuracy: 75.90%, Precision: 0.72, Recall: 0.80, F1: 0.76, AUC: 0.84
Epoch [20/100] [TRAIN] Loss: 0.5623, Accuracy: 73.81%, AUC: 0.81 [VAL] Loss: 0.5261, Accuracy: 75.80%, Precision: 0.72, Recall: 0.80, F1: 0.76, AUC: 0.84
Epoch [21/100] [TRAIN] Loss: 0.5597, Accuracy: 73.71%, AUC: 0.81 [VAL] Loss: 0.5250, Accuracy: 75.90%, Precision: 0.72, Recall: 0.80, F1: 0.76, AUC: 0.84
Epoch [22/100] [TRAIN] Loss: 0.5599, Accuracy: 73.50%, AUC: 0.81 [VAL] Loss: 0.5243, Accuracy: 75.60%, Precision: 0.72, Recall: 0.79, F1: 0.75, AUC: 0.84
Epoch [23/100] [TRAIN] Loss: 0.5605, Accuracy: 73.60%, AUC: 0.81 [VAL] Loss: 0.5236, Accuracy: 75.70%, Precision: 0.72, Recall: 0.80, F1: 0.76, AUC: 0.84
Epoch [24/100] [TRAIN] Loss: 0.5543, Accuracy: 74.31%, AUC: 0.82 [VAL] Loss: 0.5227, Accuracy: 76.00%, Precision: 0.72, Recall: 0.80, F1: 0.76, AUC: 0.84
Epoch [25/100] [TRAIN] Loss: 0.5585, Accuracy: 73.62%, AUC: 0.81 [VAL] Loss: 0.5227, Accuracy: 75.90%, Precision: 0.72, Recall: 0.80, F1: 0.76, AUC: 0.84
Epoch [26/100] [TRAIN] Loss: 0.5566, Accuracy: 73.86%, AUC: 0.82 [VAL] Loss: 0.5215, Accuracy: 75.90%, Precision: 0.72, Recall: 0.80, F1: 0.76, AUC: 0.84
Epoch [27/100] [TRAIN] Loss: 0.5543, Accuracy: 74.40%, AUC: 0.82 [VAL] Loss: 0.5211, Accuracy: 75.80%, Precision: 0.72, Recall: 0.80, F1: 0.76, AUC: 0.84
Epoch [28/100] [TRAIN] Loss: 0.5543, Accuracy: 73.80%, AUC: 0.82 [VAL] Loss: 0.5203, Accuracy: 75.70%, Precision: 0.72, Recall: 0.80, F1: 0.76, AUC: 0.85
Epoch [29/100] [TRAIN] Loss: 0.5547, Accuracy: 73.75%, AUC: 0.82 [VAL] Loss: 0.5195, Accuracy: 75.80%, Precision: 0.72, Recall: 0.80, F1: 0.76, AUC: 0.85
Epoch [30/100] [TRAIN] Loss: 0.5561, Accuracy: 73.42%, AUC: 0.82 [VAL] Loss: 0.5193, Accuracy: 75.80%, Precision: 0.72, Recall: 0.80, F1: 0.76, AUC: 0.85
Epoch [31/100] [TRAIN] Loss: 0.5550, Accuracy: 73.75%, AUC: 0.82 [VAL] Loss: 0.5191, Accuracy: 75.90%, Precision: 0.72, Recall: 0.80, F1: 0.76, AUC: 0.85
Epoch [32/100] [TRAIN] Loss: 0.5518, Accuracy: 74.11%, AUC: 0.82 [VAL] Loss: 0.5185, Accuracy: 76.00%, Precision: 0.72, Recall: 0.80, F1: 0.76, AUC: 0.85
Epoch [33/100] [TRAIN] Loss: 0.5538, Accuracy: 74.04%, AUC: 0.82 [VAL] Loss: 0.5179, Accuracy: 76.10%, Precision: 0.72, Recall: 0.80, F1: 0.76, AUC: 0.85
Epoch [34/100] [TRAIN] Loss: 0.5566, Accuracy: 73.74%, AUC: 0.82 [VAL] Loss: 0.5182, Accuracy: 75.90%, Precision: 0.72, Recall: 0.80, F1: 0.76, AUC: 0.85
Epoch [35/100] [TRAIN] Loss: 0.5531, Accuracy: 74.10%, AUC: 0.82 [VAL] Loss: 0.5174, Accuracy: 75.80%, Precision: 0.72, Recall: 0.80, F1: 0.76, AUC: 0.85
Epoch [36/100] [TRAIN] Loss: 0.5548, Accuracy: 74.14%, AUC: 0.82 [VAL] Loss: 0.5179, Accuracy: 75.80%, Precision: 0.72, Recall: 0.80, F1: 0.76, AUC: 0.85
Epoch [37/100] [TRAIN] Loss: 0.5510, Accuracy: 73.84%, AUC: 0.82 [VAL] Loss: 0.5167, Accuracy: 75.80%, Precision: 0.72, Recall: 0.80, F1: 0.76, AUC: 0.85
Epoch [38/100] [TRAIN] Loss: 0.5507, Accuracy: 73.80%, AUC: 0.82 [VAL] Loss: 0.5163, Accuracy: 75.70%, Precision: 0.72, Recall: 0.80, F1: 0.76, AUC: 0.85
Epoch [39/100] [TRAIN] Loss: 0.5538, Accuracy: 73.69%, AUC: 0.82 [VAL] Loss: 0.5164, Accuracy: 75.80%, Precision: 0.72, Recall: 0.80, F1: 0.76, AUC: 0.85
Epoch [40/100] [TRAIN] Loss: 0.5538, Accuracy: 73.99%, AUC: 0.82 [VAL] Loss: 0.5160, Accuracy: 75.90%, Precision: 0.72, Recall: 0.80, F1: 0.76, AUC: 0.85
Epoch [41/100] [TRAIN] Loss: 0.5480, Accuracy: 73.97%, AUC: 0.82 [VAL] Loss: 0.5151, Accuracy: 75.90%, Precision: 0.72, Recall: 0.80, F1: 0.76, AUC: 0.85
Epoch [42/100] [TRAIN] Loss: 0.5499, Accuracy: 74.05%, AUC: 0.82 [VAL] Loss: 0.5145, Accuracy: 75.90%, Precision: 0.72, Recall: 0.80, F1: 0.76, AUC: 0.85
Epoch [43/100] [TRAIN] Loss: 0.5474, Accuracy: 73.72%, AUC: 0.82 [VAL] Loss: 0.5139, Accuracy: 75.80%, Precision: 0.72, Recall: 0.80, F1: 0.76, AUC: 0.85
Epoch [44/100] [TRAIN] Loss: 0.5504, Accuracy: 73.89%, AUC: 0.82 [VAL] Loss: 0.5139, Accuracy: 75.90%, Precision: 0.72, Recall: 0.80, F1: 0.76, AUC: 0.85
Epoch [45/100] [TRAIN] Loss: 0.5478, Accuracy: 73.94%, AUC: 0.82 [VAL] Loss: 0.5130, Accuracy: 75.80%, Precision: 0.72, Recall: 0.80, F1: 0.76, AUC: 0.85
Epoch [46/100] [TRAIN] Loss: 0.5461, Accuracy: 73.92%, AUC: 0.82 [VAL] Loss: 0.5126, Accuracy: 75.80%, Precision: 0.72, Recall: 0.80, F1: 0.76, AUC: 0.85
Epoch [47/100] [TRAIN] Loss: 0.5492, Accuracy: 73.25%, AUC: 0.82 [VAL] Loss: 0.5128, Accuracy: 75.80%, Precision: 0.72, Recall: 0.80, F1: 0.76, AUC: 0.85
Epoch [48/100] [TRAIN] Loss: 0.5445, Accuracy: 73.74%, AUC: 0.82 [VAL] Loss: 0.5123, Accuracy: 75.70%, Precision: 0.72, Recall: 0.80, F1: 0.76, AUC: 0.85
Epoch [49/100] [TRAIN] Loss: 0.5477, Accuracy: 74.26%, AUC: 0.82 [VAL] Loss: 0.5124, Accuracy: 75.60%, Precision: 0.72, Recall: 0.79, F1: 0.75, AUC: 0.85
Epoch [50/100] [TRAIN] Loss: 0.5451, Accuracy: 73.69%, AUC: 0.82 [VAL] Loss: 0.5118, Accuracy: 75.60%, Precision: 0.72, Recall: 0.79, F1: 0.75, AUC: 0.85
Epoch [51/100] [TRAIN] Loss: 0.5481, Accuracy: 73.45%, AUC: 0.82 [VAL] Loss: 0.5117, Accuracy: 75.60%, Precision: 0.72, Recall: 0.79, F1: 0.75, AUC: 0.85
Epoch [52/100] [TRAIN] Loss: 0.5440, Accuracy: 74.29%, AUC: 0.82 [VAL] Loss: 0.5112, Accuracy: 75.60%, Precision: 0.72, Recall: 0.79, F1: 0.75, AUC: 0.85
Epoch [53/100] [TRAIN] Loss: 0.5437, Accuracy: 74.04%, AUC: 0.82 [VAL] Loss: 0.5107, Accuracy: 75.60%, Precision: 0.72, Recall: 0.79, F1: 0.75, AUC: 0.85
Epoch [54/100] [TRAIN] Loss: 0.5460, Accuracy: 73.60%, AUC: 0.82 [VAL] Loss: 0.5104, Accuracy: 75.60%, Precision: 0.72, Recall: 0.79, F1: 0.75, AUC: 0.85
Epoch [55/100] [TRAIN] Loss: 0.5442, Accuracy: 73.79%, AUC: 0.82 [VAL] Loss: 0.5102, Accuracy: 75.60%, Precision: 0.72, Recall: 0.79, F1: 0.75, AUC: 0.85
Epoch [56/100] [TRAIN] Loss: 0.5431, Accuracy: 74.09%, AUC: 0.82 [VAL] Loss: 0.5097, Accuracy: 75.60%, Precision: 0.72, Recall: 0.79, F1: 0.75, AUC: 0.85
Epoch [57/100] [TRAIN] Loss: 0.5455, Accuracy: 74.21%, AUC: 0.82 [VAL] Loss: 0.5093, Accuracy: 75.90%, Precision: 0.72, Recall: 0.79, F1: 0.76, AUC: 0.85
Epoch [58/100] [TRAIN] Loss: 0.5443, Accuracy: 74.00%, AUC: 0.82 [VAL] Loss: 0.5093, Accuracy: 76.00%, Precision: 0.72, Recall: 0.79, F1: 0.76, AUC: 0.85
Epoch [59/100] [TRAIN] Loss: 0.5439, Accuracy: 74.39%, AUC: 0.82 [VAL] Loss: 0.5092, Accuracy: 76.10%, Precision: 0.73, Recall: 0.79, F1: 0.76, AUC: 0.85
Epoch [60/100] [TRAIN] Loss: 0.5432, Accuracy: 73.75%, AUC: 0.82 [VAL] Loss: 0.5094, Accuracy: 75.50%, Precision: 0.72, Recall: 0.79, F1: 0.75, AUC: 0.85
Epoch [61/100] [TRAIN] Loss: 0.5426, Accuracy: 74.44%, AUC: 0.83 [VAL] Loss: 0.5088, Accuracy: 75.70%, Precision: 0.72, Recall: 0.79, F1: 0.75, AUC: 0.85
Epoch [62/100] [TRAIN] Loss: 0.5412, Accuracy: 73.59%, AUC: 0.83 [VAL] Loss: 0.5086, Accuracy: 75.50%, Precision: 0.72, Recall: 0.79, F1: 0.75, AUC: 0.85
Epoch [63/100] [TRAIN] Loss: 0.5404, Accuracy: 74.06%, AUC: 0.83 [VAL] Loss: 0.5083, Accuracy: 75.70%, Precision: 0.72, Recall: 0.79, F1: 0.75, AUC: 0.85
Epoch [64/100] [TRAIN] Loss: 0.5409, Accuracy: 74.45%, AUC: 0.83 [VAL] Loss: 0.5076, Accuracy: 75.80%, Precision: 0.72, Recall: 0.79, F1: 0.76, AUC: 0.85
Epoch [65/100] [TRAIN] Loss: 0.5442, Accuracy: 74.11%, AUC: 0.82 [VAL] Loss: 0.5075, Accuracy: 76.00%, Precision: 0.73, Recall: 0.79, F1: 0.76, AUC: 0.85
Epoch [66/100] [TRAIN] Loss: 0.5421, Accuracy: 74.28%, AUC: 0.83 [VAL] Loss: 0.5075, Accuracy: 76.00%, Precision: 0.73, Recall: 0.79, F1: 0.76, AUC: 0.85
Epoch [67/100] [TRAIN] Loss: 0.5372, Accuracy: 74.47%, AUC: 0.83 [VAL] Loss: 0.5071, Accuracy: 76.00%, Precision: 0.73, Recall: 0.79, F1: 0.76, AUC: 0.85
Epoch [68/100] [TRAIN] Loss: 0.5403, Accuracy: 73.75%, AUC: 0.83 [VAL] Loss: 0.5072, Accuracy: 76.00%, Precision: 0.73, Recall: 0.79, F1: 0.76, AUC: 0.85
Epoch [69/100] [TRAIN] Loss: 0.5423, Accuracy: 74.05%, AUC: 0.83 [VAL] Loss: 0.5068, Accuracy: 76.10%, Precision: 0.73, Recall: 0.79, F1: 0.76, AUC: 0.85
Epoch [70/100] [TRAIN] Loss: 0.5409, Accuracy: 74.26%, AUC: 0.83 [VAL] Loss: 0.5069, Accuracy: 76.10%, Precision: 0.73, Recall: 0.79, F1: 0.76, AUC: 0.85
Epoch [71/100] [TRAIN] Loss: 0.5388, Accuracy: 74.61%, AUC: 0.83 [VAL] Loss: 0.5070, Accuracy: 76.10%, Precision: 0.73, Recall: 0.79, F1: 0.76, AUC: 0.85
Epoch [72/100] [TRAIN] Loss: 0.5409, Accuracy: 74.10%, AUC: 0.83 [VAL] Loss: 0.5067, Accuracy: 76.10%, Precision: 0.73, Recall: 0.79, F1: 0.76, AUC: 0.85
Epoch [73/100] [TRAIN] Loss: 0.5416, Accuracy: 73.91%, AUC: 0.83 [VAL] Loss: 0.5064, Accuracy: 76.20%, Precision: 0.73, Recall: 0.79, F1: 0.76, AUC: 0.85
Epoch [74/100] [TRAIN] Loss: 0.5398, Accuracy: 74.21%, AUC: 0.83 [VAL] Loss: 0.5062, Accuracy: 76.30%, Precision: 0.73, Recall: 0.79, F1: 0.76, AUC: 0.85
Epoch [75/100] [TRAIN] Loss: 0.5349, Accuracy: 74.81%, AUC: 0.83 [VAL] Loss: 0.5055, Accuracy: 76.40%, Precision: 0.73, Recall: 0.79, F1: 0.76, AUC: 0.85
Epoch [76/100] [TRAIN] Loss: 0.5350, Accuracy: 74.84%, AUC: 0.83 [VAL] Loss: 0.5056, Accuracy: 76.30%, Precision: 0.73, Recall: 0.79, F1: 0.76, AUC: 0.85
Epoch [77/100] [TRAIN] Loss: 0.5390, Accuracy: 74.36%, AUC: 0.83 [VAL] Loss: 0.5053, Accuracy: 76.30%, Precision: 0.73, Recall: 0.79, F1: 0.76, AUC: 0.85
Epoch [78/100] [TRAIN] Loss: 0.5396, Accuracy: 74.04%, AUC: 0.83 [VAL] Loss: 0.5055, Accuracy: 76.30%, Precision: 0.73, Recall: 0.79, F1: 0.76, AUC: 0.85
Epoch [79/100] [TRAIN] Loss: 0.5399, Accuracy: 74.21%, AUC: 0.83 [VAL] Loss: 0.5053, Accuracy: 76.20%, Precision: 0.73, Recall: 0.79, F1: 0.76, AUC: 0.85
Epoch [80/100] [TRAIN] Loss: 0.5417, Accuracy: 73.76%, AUC: 0.82 [VAL] Loss: 0.5053, Accuracy: 76.20%, Precision: 0.73, Recall: 0.79, F1: 0.76, AUC: 0.85
Epoch [81/100] [TRAIN] Loss: 0.5344, Accuracy: 74.71%, AUC: 0.83 [VAL] Loss: 0.5044, Accuracy: 76.20%, Precision: 0.73, Recall: 0.79, F1: 0.76, AUC: 0.85
Epoch [82/100] [TRAIN] Loss: 0.5374, Accuracy: 74.12%, AUC: 0.83 [VAL] Loss: 0.5044, Accuracy: 76.20%, Precision: 0.73, Recall: 0.79, F1: 0.76, AUC: 0.85
Epoch [83/100] [TRAIN] Loss: 0.5352, Accuracy: 74.74%, AUC: 0.83 [VAL] Loss: 0.5041, Accuracy: 76.30%, Precision: 0.73, Recall: 0.79, F1: 0.76, AUC: 0.85
Epoch [84/100] [TRAIN] Loss: 0.5369, Accuracy: 74.16%, AUC: 0.83 [VAL] Loss: 0.5041, Accuracy: 76.20%, Precision: 0.73, Recall: 0.79, F1: 0.76, AUC: 0.85
Epoch [85/100] [TRAIN] Loss: 0.5339, Accuracy: 74.26%, AUC: 0.83 [VAL] Loss: 0.5041, Accuracy: 76.30%, Precision: 0.73, Recall: 0.79, F1: 0.76, AUC: 0.85
Epoch [86/100] [TRAIN] Loss: 0.5349, Accuracy: 75.06%, AUC: 0.83 [VAL] Loss: 0.5037, Accuracy: 76.20%, Precision: 0.73, Recall: 0.79, F1: 0.76, AUC: 0.85
Epoch [87/100] [TRAIN] Loss: 0.5348, Accuracy: 74.75%, AUC: 0.83 [VAL] Loss: 0.5032, Accuracy: 76.40%, Precision: 0.73, Recall: 0.79, F1: 0.76, AUC: 0.85
Epoch [88/100] [TRAIN] Loss: 0.5333, Accuracy: 74.62%, AUC: 0.83 [VAL] Loss: 0.5031, Accuracy: 76.40%, Precision: 0.73, Recall: 0.79, F1: 0.76, AUC: 0.85
Epoch [89/100] [TRAIN] Loss: 0.5367, Accuracy: 74.36%, AUC: 0.83 [VAL] Loss: 0.5032, Accuracy: 76.30%, Precision: 0.73, Recall: 0.79, F1: 0.76, AUC: 0.85
Epoch [90/100] [TRAIN] Loss: 0.5353, Accuracy: 74.78%, AUC: 0.83 [VAL] Loss: 0.5030, Accuracy: 76.40%, Precision: 0.73, Recall: 0.79, F1: 0.76, AUC: 0.85
Epoch [91/100] [TRAIN] Loss: 0.5328, Accuracy: 74.53%, AUC: 0.83 [VAL] Loss: 0.5028, Accuracy: 76.40%, Precision: 0.73, Recall: 0.79, F1: 0.76, AUC: 0.85
Epoch [92/100] [TRAIN] Loss: 0.5324, Accuracy: 74.56%, AUC: 0.83 [VAL] Loss: 0.5024, Accuracy: 76.40%, Precision: 0.73, Recall: 0.79, F1: 0.76, AUC: 0.85
Epoch [93/100] [TRAIN] Loss: 0.5326, Accuracy: 74.56%, AUC: 0.83 [VAL] Loss: 0.5029, Accuracy: 76.10%, Precision: 0.73, Recall: 0.79, F1: 0.76, AUC: 0.85
Epoch [94/100] [TRAIN] Loss: 0.5341, Accuracy: 74.24%, AUC: 0.83 [VAL] Loss: 0.5023, Accuracy: 76.40%, Precision: 0.73, Recall: 0.79, F1: 0.76, AUC: 0.85
Epoch [95/100] [TRAIN] Loss: 0.5344, Accuracy: 74.12%, AUC: 0.83 [VAL] Loss: 0.5021, Accuracy: 76.40%, Precision: 0.73, Recall: 0.79, F1: 0.76, AUC: 0.85
Epoch [96/100] [TRAIN] Loss: 0.5330, Accuracy: 74.17%, AUC: 0.83 [VAL] Loss: 0.5022, Accuracy: 76.50%, Precision: 0.73, Recall: 0.79, F1: 0.76, AUC: 0.85
Epoch [97/100] [TRAIN] Loss: 0.5347, Accuracy: 74.25%, AUC: 0.83 [VAL] Loss: 0.5021, Accuracy: 76.40%, Precision: 0.73, Recall: 0.79, F1: 0.76, AUC: 0.85
Epoch [98/100] [TRAIN] Loss: 0.5319, Accuracy: 74.55%, AUC: 0.83 [VAL] Loss: 0.5016, Accuracy: 76.50%, Precision: 0.73, Recall: 0.79, F1: 0.76, AUC: 0.85
Epoch [99/100] [TRAIN] Loss: 0.5335, Accuracy: 74.74%, AUC: 0.83 [VAL] Loss: 0.5012, Accuracy: 76.20%, Precision: 0.73, Recall: 0.79, F1: 0.76, AUC: 0.85
Epoch [100/100] [TRAIN] Loss: 0.5303, Accuracy: 74.42%, AUC: 0.83 [VAL] Loss: 0.5010, Accuracy: 76.20%, Precision: 0.73, Recall: 0.79, F1: 0.76, AUC: 0.85
  Antisymmetry score (raw):        0.9440
  Antisymmetry score (confident):  1.0000
  Total violations:                56 / 1000
  Pairs near boundary:             153 (15.3%)
  Avg |prob-0.5| at violation:     0.0000

--- Training baselines (LogisticRegression, RandomForest, SVM) ---

  Training LogisticRegression...
  Val accuracy: 73.20%  |  Val AUC: 0.7970

  [LogisticRegression]  Accuracy: 72.00%  AUC: 0.7540  AUCPRC: 0.7200  Precision: 0.7269  Recall: 0.6790  F1: 0.7021  Antisym: 0.7730

  Training RandomForest...
  Val accuracy: 76.60%  |  Val AUC: 0.8509

  [RandomForest]  Accuracy: 74.20%  AUC: 0.8136  AUCPRC: 0.7957  Precision: 0.7500  Recall: 0.7037  F1: 0.7261  Antisym: 0.8110

  Training SVM_Linear...
  Val accuracy: 73.00%  |  Val AUC: 0.7943

  [SVM_Linear]  Accuracy: 70.10%  AUC: 0.7427  AUCPRC: 0.7059  Precision: 0.7179  Recall: 0.6337  F1: 0.6732  Antisym: 0.7570
Seed: 456
=== DirectRanker ===
Accuracy:  73.10 %
AUC:       0.8169
AUCPRC:    0.8068
Precision: 0.7075
Recall:    0.7613
F1-Score:  0.7334
Antisymmetry score:  0.9440  (1.0 = perfect, ~0.5 = random)

Detailed Classification Report:
              precision    recall  f1-score   support

           0       0.76      0.70      0.73       514
           1       0.71      0.76      0.73       486

    accuracy                           0.73      1000
   macro avg       0.73      0.73      0.73      1000
weighted avg       0.73      0.73      0.73      1000


Confusion Matrix:
[[361 153]
 [116 370]]

=== LogisticRegression ===
Accuracy:  72.00 %
AUC:       0.7540
AUCPRC:    0.7200
Precision: 0.7269
Recall:    0.6790
F1-Score:  0.7021
Antisymmetry score:  0.7730
Confusion Matrix:
[[390 124]
 [156 330]]

=== RandomForest ===
Accuracy:  74.20 %
AUC:       0.8136
AUCPRC:    0.7957
Precision: 0.7500
Recall:    0.7037
F1-Score:  0.7261
Antisymmetry score:  0.8110
Confusion Matrix:
[[400 114]
 [144 342]]

=== SVM_Linear ===
Accuracy:  70.10 %
AUC:       0.7427
AUCPRC:    0.7059
Precision: 0.7179
Recall:    0.6337
F1-Score:  0.6732
Antisymmetry score:  0.7570
Confusion Matrix:
[[393 121]
 [178 308]]

Saved combined test metrics: /group/pmc021/amunif/epi-thesis/workflow/16_Pairwise Ranking Healthy Liver/output/combined/donor_3/test/026-H3K4me3-H3K9ac-H3K9me3-H3K27me3-seed456-test-metrics.csv
Saved combined ROC plot: /group/pmc021/amunif/epi-thesis/workflow/16_Pairwise Ranking Healthy Liver/output/combined/donor_3/img/roc/026-H3K4me3-H3K9ac-H3K9me3-H3K27me3-seed456-roc-combined.png
Saved combined PRC plot: /group/pmc021/amunif/epi-thesis/workflow/16_Pairwise Ranking Healthy Liver/output/combined/donor_3/img/prc/026-H3K4me3-H3K9ac-H3K9me3-H3K27me3-seed456-prc-combined.png

Finished 026-H3K4me3-H3K9ac-H3K9me3-H3K27me3 (seed 456)

======================================================================
027-H3K4me3-H3K9ac-H3K27ac-H3K27me3
======================================================================
Train label distribution:
  Label 0:   4036 (50.4%)
  Label 1:   3964 (49.5%)
Val label distribution:
  Label 0:    528 (52.8%)
  Label 1:    472 (47.2%)
Test label distribution:
  Label 0:    514 (51.4%)
  Label 1:    486 (48.6%)
Saved label distribution: /group/pmc021/amunif/epi-thesis/workflow/16_Pairwise Ranking Healthy Liver/output/combined/donor_3/test/027-H3K4me3-H3K9ac-H3K27ac-H3K27me3-seed456-label-distribution.csv

--- Training DirectRanker ---
Epoch [1/100] [TRAIN] Loss: 0.6388, Accuracy: 69.25%, AUC: 0.75 [VAL] Loss: 0.5476, Accuracy: 75.80%, Precision: 0.73, Recall: 0.77, F1: 0.75, AUC: 0.83
Epoch [2/100] [TRAIN] Loss: 0.5945, Accuracy: 73.50%, AUC: 0.80 [VAL] Loss: 0.5339, Accuracy: 76.30%, Precision: 0.74, Recall: 0.78, F1: 0.76, AUC: 0.84
Epoch [3/100] [TRAIN] Loss: 0.5906, Accuracy: 73.50%, AUC: 0.80 [VAL] Loss: 0.5305, Accuracy: 76.40%, Precision: 0.74, Recall: 0.78, F1: 0.76, AUC: 0.84
Epoch [4/100] [TRAIN] Loss: 0.5750, Accuracy: 74.29%, AUC: 0.81 [VAL] Loss: 0.5274, Accuracy: 76.70%, Precision: 0.74, Recall: 0.78, F1: 0.76, AUC: 0.84
Epoch [5/100] [TRAIN] Loss: 0.5779, Accuracy: 74.36%, AUC: 0.81 [VAL] Loss: 0.5259, Accuracy: 76.70%, Precision: 0.74, Recall: 0.78, F1: 0.76, AUC: 0.84
Epoch [6/100] [TRAIN] Loss: 0.5778, Accuracy: 73.53%, AUC: 0.80 [VAL] Loss: 0.5241, Accuracy: 76.90%, Precision: 0.74, Recall: 0.78, F1: 0.76, AUC: 0.84
Epoch [7/100] [TRAIN] Loss: 0.5694, Accuracy: 74.67%, AUC: 0.81 [VAL] Loss: 0.5228, Accuracy: 76.90%, Precision: 0.74, Recall: 0.78, F1: 0.76, AUC: 0.84
Epoch [8/100] [TRAIN] Loss: 0.5677, Accuracy: 74.88%, AUC: 0.81 [VAL] Loss: 0.5230, Accuracy: 76.80%, Precision: 0.74, Recall: 0.78, F1: 0.76, AUC: 0.84
Epoch [9/100] [TRAIN] Loss: 0.5627, Accuracy: 74.25%, AUC: 0.81 [VAL] Loss: 0.5215, Accuracy: 76.80%, Precision: 0.74, Recall: 0.78, F1: 0.76, AUC: 0.84
Epoch [10/100] [TRAIN] Loss: 0.5609, Accuracy: 74.45%, AUC: 0.82 [VAL] Loss: 0.5201, Accuracy: 77.00%, Precision: 0.74, Recall: 0.78, F1: 0.76, AUC: 0.84
Epoch [11/100] [TRAIN] Loss: 0.5553, Accuracy: 74.74%, AUC: 0.82 [VAL] Loss: 0.5188, Accuracy: 76.90%, Precision: 0.74, Recall: 0.78, F1: 0.76, AUC: 0.84
Epoch [12/100] [TRAIN] Loss: 0.5615, Accuracy: 74.04%, AUC: 0.81 [VAL] Loss: 0.5184, Accuracy: 76.80%, Precision: 0.74, Recall: 0.78, F1: 0.76, AUC: 0.85
Epoch [13/100] [TRAIN] Loss: 0.5584, Accuracy: 74.53%, AUC: 0.82 [VAL] Loss: 0.5180, Accuracy: 76.50%, Precision: 0.74, Recall: 0.78, F1: 0.76, AUC: 0.85
Epoch [14/100] [TRAIN] Loss: 0.5557, Accuracy: 74.59%, AUC: 0.82 [VAL] Loss: 0.5181, Accuracy: 76.50%, Precision: 0.74, Recall: 0.78, F1: 0.76, AUC: 0.85
Epoch [15/100] [TRAIN] Loss: 0.5604, Accuracy: 74.29%, AUC: 0.82 [VAL] Loss: 0.5184, Accuracy: 76.50%, Precision: 0.74, Recall: 0.78, F1: 0.76, AUC: 0.85
Epoch [16/100] [TRAIN] Loss: 0.5611, Accuracy: 74.34%, AUC: 0.82 [VAL] Loss: 0.5184, Accuracy: 76.50%, Precision: 0.74, Recall: 0.78, F1: 0.76, AUC: 0.85
Epoch [17/100] [TRAIN] Loss: 0.5565, Accuracy: 74.78%, AUC: 0.82 [VAL] Loss: 0.5163, Accuracy: 76.70%, Precision: 0.74, Recall: 0.79, F1: 0.76, AUC: 0.85
Epoch [18/100] [TRAIN] Loss: 0.5560, Accuracy: 74.84%, AUC: 0.82 [VAL] Loss: 0.5170, Accuracy: 76.60%, Precision: 0.74, Recall: 0.78, F1: 0.76, AUC: 0.85
Epoch [19/100] [TRAIN] Loss: 0.5509, Accuracy: 74.42%, AUC: 0.82 [VAL] Loss: 0.5162, Accuracy: 76.70%, Precision: 0.74, Recall: 0.79, F1: 0.76, AUC: 0.85
Epoch [20/100] [TRAIN] Loss: 0.5534, Accuracy: 74.50%, AUC: 0.82 [VAL] Loss: 0.5155, Accuracy: 76.60%, Precision: 0.74, Recall: 0.79, F1: 0.76, AUC: 0.85
Epoch [21/100] [TRAIN] Loss: 0.5548, Accuracy: 74.45%, AUC: 0.82 [VAL] Loss: 0.5153, Accuracy: 76.50%, Precision: 0.74, Recall: 0.78, F1: 0.76, AUC: 0.85
Epoch [22/100] [TRAIN] Loss: 0.5511, Accuracy: 74.49%, AUC: 0.82 [VAL] Loss: 0.5155, Accuracy: 76.40%, Precision: 0.73, Recall: 0.79, F1: 0.76, AUC: 0.85
Epoch [23/100] [TRAIN] Loss: 0.5502, Accuracy: 74.64%, AUC: 0.82 [VAL] Loss: 0.5150, Accuracy: 76.40%, Precision: 0.73, Recall: 0.79, F1: 0.76, AUC: 0.85
Epoch [24/100] [TRAIN] Loss: 0.5504, Accuracy: 74.83%, AUC: 0.82 [VAL] Loss: 0.5141, Accuracy: 76.20%, Precision: 0.73, Recall: 0.78, F1: 0.76, AUC: 0.85
Epoch [25/100] [TRAIN] Loss: 0.5493, Accuracy: 75.15%, AUC: 0.82 [VAL] Loss: 0.5137, Accuracy: 76.20%, Precision: 0.73, Recall: 0.78, F1: 0.76, AUC: 0.85
Epoch [26/100] [TRAIN] Loss: 0.5513, Accuracy: 74.56%, AUC: 0.82 [VAL] Loss: 0.5141, Accuracy: 76.60%, Precision: 0.74, Recall: 0.79, F1: 0.76, AUC: 0.85
Epoch [27/100] [TRAIN] Loss: 0.5534, Accuracy: 74.58%, AUC: 0.82 [VAL] Loss: 0.5144, Accuracy: 76.50%, Precision: 0.73, Recall: 0.79, F1: 0.76, AUC: 0.85
Epoch [28/100] [TRAIN] Loss: 0.5474, Accuracy: 74.84%, AUC: 0.82 [VAL] Loss: 0.5140, Accuracy: 76.20%, Precision: 0.73, Recall: 0.79, F1: 0.76, AUC: 0.85
Epoch [29/100] [TRAIN] Loss: 0.5475, Accuracy: 74.47%, AUC: 0.82 [VAL] Loss: 0.5129, Accuracy: 76.60%, Precision: 0.74, Recall: 0.79, F1: 0.76, AUC: 0.85
Epoch [30/100] [TRAIN] Loss: 0.5456, Accuracy: 75.17%, AUC: 0.83 [VAL] Loss: 0.5126, Accuracy: 76.30%, Precision: 0.73, Recall: 0.79, F1: 0.76, AUC: 0.85
Epoch [31/100] [TRAIN] Loss: 0.5442, Accuracy: 74.89%, AUC: 0.83 [VAL] Loss: 0.5116, Accuracy: 76.20%, Precision: 0.73, Recall: 0.78, F1: 0.76, AUC: 0.85
Epoch [32/100] [TRAIN] Loss: 0.5465, Accuracy: 74.89%, AUC: 0.82 [VAL] Loss: 0.5119, Accuracy: 76.20%, Precision: 0.73, Recall: 0.79, F1: 0.76, AUC: 0.85
Epoch [33/100] [TRAIN] Loss: 0.5474, Accuracy: 74.75%, AUC: 0.82 [VAL] Loss: 0.5115, Accuracy: 76.20%, Precision: 0.73, Recall: 0.79, F1: 0.76, AUC: 0.85
Epoch [34/100] [TRAIN] Loss: 0.5442, Accuracy: 74.91%, AUC: 0.83 [VAL] Loss: 0.5104, Accuracy: 76.10%, Precision: 0.73, Recall: 0.78, F1: 0.76, AUC: 0.85
Epoch [35/100] [TRAIN] Loss: 0.5486, Accuracy: 74.76%, AUC: 0.82 [VAL] Loss: 0.5119, Accuracy: 76.20%, Precision: 0.73, Recall: 0.78, F1: 0.76, AUC: 0.85
Epoch [36/100] [TRAIN] Loss: 0.5432, Accuracy: 75.15%, AUC: 0.83 [VAL] Loss: 0.5108, Accuracy: 76.20%, Precision: 0.73, Recall: 0.78, F1: 0.76, AUC: 0.85
Epoch [37/100] [TRAIN] Loss: 0.5464, Accuracy: 75.04%, AUC: 0.83 [VAL] Loss: 0.5106, Accuracy: 76.30%, Precision: 0.73, Recall: 0.79, F1: 0.76, AUC: 0.85
Epoch [38/100] [TRAIN] Loss: 0.5430, Accuracy: 75.15%, AUC: 0.83 [VAL] Loss: 0.5102, Accuracy: 76.30%, Precision: 0.73, Recall: 0.79, F1: 0.76, AUC: 0.85
Epoch [39/100] [TRAIN] Loss: 0.5435, Accuracy: 74.95%, AUC: 0.83 [VAL] Loss: 0.5104, Accuracy: 76.20%, Precision: 0.73, Recall: 0.78, F1: 0.76, AUC: 0.85
Epoch [40/100] [TRAIN] Loss: 0.5441, Accuracy: 74.95%, AUC: 0.83 [VAL] Loss: 0.5100, Accuracy: 76.30%, Precision: 0.73, Recall: 0.78, F1: 0.76, AUC: 0.85
Epoch [41/100] [TRAIN] Loss: 0.5424, Accuracy: 75.35%, AUC: 0.83 [VAL] Loss: 0.5093, Accuracy: 76.40%, Precision: 0.73, Recall: 0.78, F1: 0.76, AUC: 0.85
Epoch [42/100] [TRAIN] Loss: 0.5410, Accuracy: 74.85%, AUC: 0.83 [VAL] Loss: 0.5089, Accuracy: 76.30%, Precision: 0.73, Recall: 0.78, F1: 0.76, AUC: 0.85
Epoch [43/100] [TRAIN] Loss: 0.5406, Accuracy: 74.83%, AUC: 0.83 [VAL] Loss: 0.5089, Accuracy: 76.30%, Precision: 0.73, Recall: 0.78, F1: 0.76, AUC: 0.85
Epoch [44/100] [TRAIN] Loss: 0.5386, Accuracy: 75.29%, AUC: 0.83 [VAL] Loss: 0.5083, Accuracy: 76.40%, Precision: 0.73, Recall: 0.78, F1: 0.76, AUC: 0.85
Epoch [45/100] [TRAIN] Loss: 0.5428, Accuracy: 74.86%, AUC: 0.83 [VAL] Loss: 0.5088, Accuracy: 76.50%, Precision: 0.73, Recall: 0.79, F1: 0.76, AUC: 0.85
Epoch [46/100] [TRAIN] Loss: 0.5460, Accuracy: 74.67%, AUC: 0.83 [VAL] Loss: 0.5098, Accuracy: 76.70%, Precision: 0.74, Recall: 0.79, F1: 0.76, AUC: 0.85
Epoch [47/100] [TRAIN] Loss: 0.5444, Accuracy: 74.55%, AUC: 0.83 [VAL] Loss: 0.5086, Accuracy: 76.50%, Precision: 0.73, Recall: 0.79, F1: 0.76, AUC: 0.85
Epoch [48/100] [TRAIN] Loss: 0.5431, Accuracy: 75.12%, AUC: 0.83 [VAL] Loss: 0.5080, Accuracy: 76.60%, Precision: 0.74, Recall: 0.79, F1: 0.76, AUC: 0.85
Epoch [49/100] [TRAIN] Loss: 0.5406, Accuracy: 75.33%, AUC: 0.83 [VAL] Loss: 0.5072, Accuracy: 76.40%, Precision: 0.73, Recall: 0.78, F1: 0.76, AUC: 0.85
Epoch [50/100] [TRAIN] Loss: 0.5412, Accuracy: 75.09%, AUC: 0.83 [VAL] Loss: 0.5070, Accuracy: 76.40%, Precision: 0.73, Recall: 0.78, F1: 0.76, AUC: 0.85
Epoch [51/100] [TRAIN] Loss: 0.5416, Accuracy: 75.33%, AUC: 0.83 [VAL] Loss: 0.5073, Accuracy: 76.30%, Precision: 0.73, Recall: 0.78, F1: 0.76, AUC: 0.85
Epoch [52/100] [TRAIN] Loss: 0.5394, Accuracy: 75.14%, AUC: 0.83 [VAL] Loss: 0.5069, Accuracy: 76.30%, Precision: 0.73, Recall: 0.78, F1: 0.76, AUC: 0.85
Epoch [53/100] [TRAIN] Loss: 0.5400, Accuracy: 74.89%, AUC: 0.83 [VAL] Loss: 0.5065, Accuracy: 76.40%, Precision: 0.73, Recall: 0.79, F1: 0.76, AUC: 0.85
Epoch [54/100] [TRAIN] Loss: 0.5417, Accuracy: 74.88%, AUC: 0.83 [VAL] Loss: 0.5063, Accuracy: 76.40%, Precision: 0.73, Recall: 0.78, F1: 0.76, AUC: 0.85
Epoch [55/100] [TRAIN] Loss: 0.5420, Accuracy: 74.54%, AUC: 0.83 [VAL] Loss: 0.5067, Accuracy: 76.30%, Precision: 0.73, Recall: 0.78, F1: 0.76, AUC: 0.85
Epoch [56/100] [TRAIN] Loss: 0.5400, Accuracy: 74.90%, AUC: 0.83 [VAL] Loss: 0.5061, Accuracy: 76.20%, Precision: 0.73, Recall: 0.78, F1: 0.76, AUC: 0.85
Epoch [57/100] [TRAIN] Loss: 0.5392, Accuracy: 75.25%, AUC: 0.83 [VAL] Loss: 0.5057, Accuracy: 76.40%, Precision: 0.73, Recall: 0.78, F1: 0.76, AUC: 0.85
Epoch [58/100] [TRAIN] Loss: 0.5397, Accuracy: 75.14%, AUC: 0.83 [VAL] Loss: 0.5057, Accuracy: 76.20%, Precision: 0.73, Recall: 0.78, F1: 0.76, AUC: 0.85
Epoch [59/100] [TRAIN] Loss: 0.5356, Accuracy: 75.60%, AUC: 0.83 [VAL] Loss: 0.5048, Accuracy: 76.20%, Precision: 0.73, Recall: 0.78, F1: 0.76, AUC: 0.85
Epoch [60/100] [TRAIN] Loss: 0.5399, Accuracy: 75.08%, AUC: 0.83 [VAL] Loss: 0.5055, Accuracy: 76.30%, Precision: 0.73, Recall: 0.78, F1: 0.76, AUC: 0.85
Epoch [61/100] [TRAIN] Loss: 0.5366, Accuracy: 74.92%, AUC: 0.83 [VAL] Loss: 0.5047, Accuracy: 76.10%, Precision: 0.73, Recall: 0.78, F1: 0.76, AUC: 0.85
Epoch [62/100] [TRAIN] Loss: 0.5373, Accuracy: 74.90%, AUC: 0.83 [VAL] Loss: 0.5041, Accuracy: 76.20%, Precision: 0.73, Recall: 0.78, F1: 0.76, AUC: 0.85
Epoch [63/100] [TRAIN] Loss: 0.5388, Accuracy: 75.36%, AUC: 0.83 [VAL] Loss: 0.5041, Accuracy: 75.90%, Precision: 0.73, Recall: 0.78, F1: 0.75, AUC: 0.85
Epoch [64/100] [TRAIN] Loss: 0.5356, Accuracy: 75.06%, AUC: 0.83 [VAL] Loss: 0.5031, Accuracy: 76.30%, Precision: 0.73, Recall: 0.78, F1: 0.76, AUC: 0.85
Epoch [65/100] [TRAIN] Loss: 0.5345, Accuracy: 75.04%, AUC: 0.83 [VAL] Loss: 0.5034, Accuracy: 75.90%, Precision: 0.73, Recall: 0.78, F1: 0.75, AUC: 0.85
Epoch [66/100] [TRAIN] Loss: 0.5361, Accuracy: 74.83%, AUC: 0.83 [VAL] Loss: 0.5037, Accuracy: 76.10%, Precision: 0.73, Recall: 0.78, F1: 0.75, AUC: 0.85
Epoch [67/100] [TRAIN] Loss: 0.5350, Accuracy: 75.25%, AUC: 0.83 [VAL] Loss: 0.5026, Accuracy: 76.10%, Precision: 0.73, Recall: 0.78, F1: 0.75, AUC: 0.85
Epoch [68/100] [TRAIN] Loss: 0.5336, Accuracy: 75.55%, AUC: 0.83 [VAL] Loss: 0.5035, Accuracy: 76.10%, Precision: 0.73, Recall: 0.78, F1: 0.75, AUC: 0.85
Epoch [69/100] [TRAIN] Loss: 0.5357, Accuracy: 75.58%, AUC: 0.83 [VAL] Loss: 0.5027, Accuracy: 76.00%, Precision: 0.73, Recall: 0.78, F1: 0.75, AUC: 0.85
Epoch [70/100] [TRAIN] Loss: 0.5318, Accuracy: 75.70%, AUC: 0.84 [VAL] Loss: 0.5024, Accuracy: 76.00%, Precision: 0.73, Recall: 0.78, F1: 0.75, AUC: 0.85
Epoch [71/100] [TRAIN] Loss: 0.5335, Accuracy: 74.92%, AUC: 0.83 [VAL] Loss: 0.5023, Accuracy: 76.00%, Precision: 0.73, Recall: 0.78, F1: 0.75, AUC: 0.85
Epoch [72/100] [TRAIN] Loss: 0.5371, Accuracy: 75.21%, AUC: 0.83 [VAL] Loss: 0.5028, Accuracy: 76.20%, Precision: 0.73, Recall: 0.78, F1: 0.76, AUC: 0.85
Epoch [73/100] [TRAIN] Loss: 0.5305, Accuracy: 75.34%, AUC: 0.83 [VAL] Loss: 0.5023, Accuracy: 76.10%, Precision: 0.73, Recall: 0.78, F1: 0.75, AUC: 0.85
Epoch [74/100] [TRAIN] Loss: 0.5296, Accuracy: 75.84%, AUC: 0.84 [VAL] Loss: 0.5017, Accuracy: 76.10%, Precision: 0.73, Recall: 0.78, F1: 0.75, AUC: 0.85
Epoch [75/100] [TRAIN] Loss: 0.5336, Accuracy: 75.00%, AUC: 0.83 [VAL] Loss: 0.5013, Accuracy: 76.10%, Precision: 0.73, Recall: 0.78, F1: 0.75, AUC: 0.85
Epoch [76/100] [TRAIN] Loss: 0.5342, Accuracy: 75.11%, AUC: 0.83 [VAL] Loss: 0.5019, Accuracy: 76.00%, Precision: 0.73, Recall: 0.78, F1: 0.75, AUC: 0.85
Epoch [77/100] [TRAIN] Loss: 0.5347, Accuracy: 75.67%, AUC: 0.83 [VAL] Loss: 0.5010, Accuracy: 76.00%, Precision: 0.73, Recall: 0.78, F1: 0.75, AUC: 0.85
Epoch [78/100] [TRAIN] Loss: 0.5320, Accuracy: 75.65%, AUC: 0.83 [VAL] Loss: 0.5014, Accuracy: 76.00%, Precision: 0.73, Recall: 0.78, F1: 0.75, AUC: 0.85
Epoch [79/100] [TRAIN] Loss: 0.5327, Accuracy: 75.39%, AUC: 0.83 [VAL] Loss: 0.5013, Accuracy: 75.90%, Precision: 0.73, Recall: 0.78, F1: 0.75, AUC: 0.85
Epoch [80/100] [TRAIN] Loss: 0.5309, Accuracy: 75.19%, AUC: 0.83 [VAL] Loss: 0.5008, Accuracy: 76.00%, Precision: 0.73, Recall: 0.78, F1: 0.75, AUC: 0.85
Epoch [81/100] [TRAIN] Loss: 0.5324, Accuracy: 75.35%, AUC: 0.83 [VAL] Loss: 0.5008, Accuracy: 76.00%, Precision: 0.73, Recall: 0.78, F1: 0.75, AUC: 0.85
Epoch [82/100] [TRAIN] Loss: 0.5323, Accuracy: 75.74%, AUC: 0.83 [VAL] Loss: 0.5004, Accuracy: 76.00%, Precision: 0.73, Recall: 0.78, F1: 0.75, AUC: 0.85
Epoch [83/100] [TRAIN] Loss: 0.5296, Accuracy: 75.54%, AUC: 0.84 [VAL] Loss: 0.4996, Accuracy: 76.00%, Precision: 0.73, Recall: 0.78, F1: 0.75, AUC: 0.85
Epoch [84/100] [TRAIN] Loss: 0.5331, Accuracy: 75.45%, AUC: 0.83 [VAL] Loss: 0.5008, Accuracy: 76.00%, Precision: 0.73, Recall: 0.78, F1: 0.75, AUC: 0.85
Epoch [85/100] [TRAIN] Loss: 0.5305, Accuracy: 75.14%, AUC: 0.83 [VAL] Loss: 0.5000, Accuracy: 76.20%, Precision: 0.73, Recall: 0.78, F1: 0.76, AUC: 0.85
Epoch [86/100] [TRAIN] Loss: 0.5304, Accuracy: 75.49%, AUC: 0.83 [VAL] Loss: 0.5006, Accuracy: 76.00%, Precision: 0.73, Recall: 0.78, F1: 0.75, AUC: 0.85
Epoch [87/100] [TRAIN] Loss: 0.5291, Accuracy: 75.05%, AUC: 0.84 [VAL] Loss: 0.5000, Accuracy: 76.20%, Precision: 0.73, Recall: 0.78, F1: 0.76, AUC: 0.85
Epoch [88/100] [TRAIN] Loss: 0.5296, Accuracy: 75.49%, AUC: 0.84 [VAL] Loss: 0.5004, Accuracy: 75.90%, Precision: 0.73, Recall: 0.78, F1: 0.75, AUC: 0.85
Epoch [89/100] [TRAIN] Loss: 0.5279, Accuracy: 75.56%, AUC: 0.84 [VAL] Loss: 0.4997, Accuracy: 76.10%, Precision: 0.73, Recall: 0.78, F1: 0.75, AUC: 0.85
Epoch [90/100] [TRAIN] Loss: 0.5278, Accuracy: 75.62%, AUC: 0.84 [VAL] Loss: 0.4995, Accuracy: 76.10%, Precision: 0.73, Recall: 0.78, F1: 0.75, AUC: 0.85
Epoch [91/100] [TRAIN] Loss: 0.5289, Accuracy: 75.60%, AUC: 0.84 [VAL] Loss: 0.4995, Accuracy: 76.10%, Precision: 0.73, Recall: 0.78, F1: 0.75, AUC: 0.85
Epoch [92/100] [TRAIN] Loss: 0.5297, Accuracy: 75.08%, AUC: 0.84 [VAL] Loss: 0.4995, Accuracy: 76.10%, Precision: 0.73, Recall: 0.78, F1: 0.75, AUC: 0.85
Epoch [93/100] [TRAIN] Loss: 0.5294, Accuracy: 75.12%, AUC: 0.84 [VAL] Loss: 0.4994, Accuracy: 76.10%, Precision: 0.73, Recall: 0.78, F1: 0.75, AUC: 0.85
Epoch [94/100] [TRAIN] Loss: 0.5300, Accuracy: 75.26%, AUC: 0.84 [VAL] Loss: 0.4994, Accuracy: 76.10%, Precision: 0.73, Recall: 0.78, F1: 0.75, AUC: 0.85
Epoch [95/100] [TRAIN] Loss: 0.5288, Accuracy: 75.74%, AUC: 0.84 [VAL] Loss: 0.4993, Accuracy: 76.10%, Precision: 0.73, Recall: 0.78, F1: 0.75, AUC: 0.85
Epoch [96/100] [TRAIN] Loss: 0.5299, Accuracy: 75.34%, AUC: 0.84 [VAL] Loss: 0.4993, Accuracy: 76.10%, Precision: 0.73, Recall: 0.78, F1: 0.75, AUC: 0.85
Epoch [97/100] [TRAIN] Loss: 0.5325, Accuracy: 75.24%, AUC: 0.83 [VAL] Loss: 0.4994, Accuracy: 76.10%, Precision: 0.73, Recall: 0.78, F1: 0.75, AUC: 0.85
Epoch [98/100] [TRAIN] Loss: 0.5256, Accuracy: 75.33%, AUC: 0.84 [VAL] Loss: 0.4993, Accuracy: 76.10%, Precision: 0.73, Recall: 0.78, F1: 0.75, AUC: 0.85
Epoch [99/100] [TRAIN] Loss: 0.5298, Accuracy: 75.11%, AUC: 0.84 [VAL] Loss: 0.4993, Accuracy: 76.10%, Precision: 0.73, Recall: 0.78, F1: 0.75, AUC: 0.85
Epoch [100/100] [TRAIN] Loss: 0.5273, Accuracy: 75.58%, AUC: 0.84 [VAL] Loss: 0.4992, Accuracy: 76.00%, Precision: 0.73, Recall: 0.78, F1: 0.75, AUC: 0.85
  Antisymmetry score (raw):        0.9570
  Antisymmetry score (confident):  1.0000
  Total violations:                43 / 1000
  Pairs near boundary:             146 (14.6%)
  Avg |prob-0.5| at violation:     0.0000

--- Training baselines (LogisticRegression, RandomForest, SVM) ---

  Training LogisticRegression...
  Val accuracy: 73.30%  |  Val AUC: 0.8029

  [LogisticRegression]  Accuracy: 70.90%  AUC: 0.7628  AUCPRC: 0.7576  Precision: 0.7171  Recall: 0.6626  F1: 0.6888  Antisym: 0.7670

  Training RandomForest...
  Val accuracy: 77.50%  |  Val AUC: 0.8636

  [RandomForest]  Accuracy: 74.80%  AUC: 0.8330  AUCPRC: 0.8118  Precision: 0.7635  Recall: 0.6975  F1: 0.7290  Antisym: 0.8470

  Training SVM_Linear...
  Val accuracy: 72.90%  |  Val AUC: 0.8015

  [SVM_Linear]  Accuracy: 71.50%  AUC: 0.7591  AUCPRC: 0.7584  Precision: 0.7248  Recall: 0.6667  F1: 0.6945  Antisym: 0.7540
Seed: 456
=== DirectRanker ===
Accuracy:  73.30 %
AUC:       0.8236
AUCPRC:    0.8140
Precision: 0.7143
Recall:    0.7510
F1-Score:  0.7322
Antisymmetry score:  0.9570  (1.0 = perfect, ~0.5 = random)

Detailed Classification Report:
              precision    recall  f1-score   support

           0       0.75      0.72      0.73       514
           1       0.71      0.75      0.73       486

    accuracy                           0.73      1000
   macro avg       0.73      0.73      0.73      1000
weighted avg       0.73      0.73      0.73      1000


Confusion Matrix:
[[368 146]
 [121 365]]

=== LogisticRegression ===
Accuracy:  70.90 %
AUC:       0.7628
AUCPRC:    0.7576
Precision: 0.7171
Recall:    0.6626
F1-Score:  0.6888
Antisymmetry score:  0.7670
Confusion Matrix:
[[387 127]
 [164 322]]

=== RandomForest ===
Accuracy:  74.80 %
AUC:       0.8330
AUCPRC:    0.8118
Precision: 0.7635
Recall:    0.6975
F1-Score:  0.7290
Antisymmetry score:  0.8470
Confusion Matrix:
[[409 105]
 [147 339]]

=== SVM_Linear ===
Accuracy:  71.50 %
AUC:       0.7591
AUCPRC:    0.7584
Precision: 0.7248
Recall:    0.6667
F1-Score:  0.6945
Antisymmetry score:  0.7540
Confusion Matrix:
[[391 123]
 [162 324]]

Saved combined test metrics: /group/pmc021/amunif/epi-thesis/workflow/16_Pairwise Ranking Healthy Liver/output/combined/donor_3/test/027-H3K4me3-H3K9ac-H3K27ac-H3K27me3-seed456-test-metrics.csv
Saved combined ROC plot: /group/pmc021/amunif/epi-thesis/workflow/16_Pairwise Ranking Healthy Liver/output/combined/donor_3/img/roc/027-H3K4me3-H3K9ac-H3K27ac-H3K27me3-seed456-roc-combined.png
Saved combined PRC plot: /group/pmc021/amunif/epi-thesis/workflow/16_Pairwise Ranking Healthy Liver/output/combined/donor_3/img/prc/027-H3K4me3-H3K9ac-H3K27ac-H3K27me3-seed456-prc-combined.png

Finished 027-H3K4me3-H3K9ac-H3K27ac-H3K27me3 (seed 456)

======================================================================
028-H3K4me3-H3K9me3-H3K27ac-H3K27me3
======================================================================
Train label distribution:
  Label 0:   4036 (50.4%)
  Label 1:   3964 (49.5%)
Val label distribution:
  Label 0:    528 (52.8%)
  Label 1:    472 (47.2%)
Test label distribution:
  Label 0:    514 (51.4%)
  Label 1:    486 (48.6%)
Saved label distribution: /group/pmc021/amunif/epi-thesis/workflow/16_Pairwise Ranking Healthy Liver/output/combined/donor_3/test/028-H3K4me3-H3K9me3-H3K27ac-H3K27me3-seed456-label-distribution.csv

--- Training DirectRanker ---
Epoch [1/100] [TRAIN] Loss: 0.6483, Accuracy: 67.78%, AUC: 0.74 [VAL] Loss: 0.5544, Accuracy: 75.80%, Precision: 0.73, Recall: 0.77, F1: 0.75, AUC: 0.84
Epoch [2/100] [TRAIN] Loss: 0.6015, Accuracy: 72.86%, AUC: 0.79 [VAL] Loss: 0.5329, Accuracy: 76.30%, Precision: 0.74, Recall: 0.77, F1: 0.75, AUC: 0.84
Epoch [3/100] [TRAIN] Loss: 0.5868, Accuracy: 73.38%, AUC: 0.80 [VAL] Loss: 0.5261, Accuracy: 76.20%, Precision: 0.73, Recall: 0.78, F1: 0.76, AUC: 0.84
Epoch [4/100] [TRAIN] Loss: 0.5859, Accuracy: 73.78%, AUC: 0.80 [VAL] Loss: 0.5258, Accuracy: 76.30%, Precision: 0.73, Recall: 0.78, F1: 0.76, AUC: 0.84
Epoch [5/100] [TRAIN] Loss: 0.5811, Accuracy: 73.61%, AUC: 0.81 [VAL] Loss: 0.5239, Accuracy: 76.00%, Precision: 0.73, Recall: 0.78, F1: 0.75, AUC: 0.84
Epoch [6/100] [TRAIN] Loss: 0.5766, Accuracy: 74.03%, AUC: 0.81 [VAL] Loss: 0.5233, Accuracy: 76.40%, Precision: 0.73, Recall: 0.79, F1: 0.76, AUC: 0.84
Epoch [7/100] [TRAIN] Loss: 0.5691, Accuracy: 74.45%, AUC: 0.82 [VAL] Loss: 0.5207, Accuracy: 76.10%, Precision: 0.73, Recall: 0.78, F1: 0.75, AUC: 0.85
Epoch [8/100] [TRAIN] Loss: 0.5746, Accuracy: 74.36%, AUC: 0.81 [VAL] Loss: 0.5213, Accuracy: 76.10%, Precision: 0.73, Recall: 0.78, F1: 0.76, AUC: 0.85
Epoch [9/100] [TRAIN] Loss: 0.5661, Accuracy: 74.44%, AUC: 0.81 [VAL] Loss: 0.5191, Accuracy: 76.00%, Precision: 0.73, Recall: 0.78, F1: 0.75, AUC: 0.85
Epoch [10/100] [TRAIN] Loss: 0.5703, Accuracy: 74.05%, AUC: 0.81 [VAL] Loss: 0.5186, Accuracy: 76.10%, Precision: 0.73, Recall: 0.78, F1: 0.76, AUC: 0.85
Epoch [11/100] [TRAIN] Loss: 0.5668, Accuracy: 74.28%, AUC: 0.81 [VAL] Loss: 0.5180, Accuracy: 76.00%, Precision: 0.73, Recall: 0.79, F1: 0.76, AUC: 0.85
Epoch [12/100] [TRAIN] Loss: 0.5692, Accuracy: 74.29%, AUC: 0.81 [VAL] Loss: 0.5181, Accuracy: 75.90%, Precision: 0.73, Recall: 0.78, F1: 0.75, AUC: 0.85
Epoch [13/100] [TRAIN] Loss: 0.5637, Accuracy: 74.21%, AUC: 0.81 [VAL] Loss: 0.5163, Accuracy: 76.10%, Precision: 0.73, Recall: 0.79, F1: 0.76, AUC: 0.85
Epoch [14/100] [TRAIN] Loss: 0.5624, Accuracy: 74.58%, AUC: 0.82 [VAL] Loss: 0.5165, Accuracy: 76.10%, Precision: 0.73, Recall: 0.79, F1: 0.76, AUC: 0.85
Epoch [15/100] [TRAIN] Loss: 0.5598, Accuracy: 74.62%, AUC: 0.82 [VAL] Loss: 0.5161, Accuracy: 76.10%, Precision: 0.73, Recall: 0.79, F1: 0.76, AUC: 0.85
Epoch [16/100] [TRAIN] Loss: 0.5598, Accuracy: 74.25%, AUC: 0.82 [VAL] Loss: 0.5147, Accuracy: 76.10%, Precision: 0.73, Recall: 0.79, F1: 0.76, AUC: 0.85
Epoch [17/100] [TRAIN] Loss: 0.5593, Accuracy: 74.53%, AUC: 0.82 [VAL] Loss: 0.5150, Accuracy: 76.10%, Precision: 0.73, Recall: 0.79, F1: 0.76, AUC: 0.85
Epoch [18/100] [TRAIN] Loss: 0.5585, Accuracy: 74.49%, AUC: 0.82 [VAL] Loss: 0.5140, Accuracy: 76.30%, Precision: 0.73, Recall: 0.79, F1: 0.76, AUC: 0.85
Epoch [19/100] [TRAIN] Loss: 0.5564, Accuracy: 74.88%, AUC: 0.82 [VAL] Loss: 0.5134, Accuracy: 76.50%, Precision: 0.73, Recall: 0.79, F1: 0.76, AUC: 0.85
Epoch [20/100] [TRAIN] Loss: 0.5564, Accuracy: 74.41%, AUC: 0.82 [VAL] Loss: 0.5127, Accuracy: 76.50%, Precision: 0.73, Recall: 0.79, F1: 0.76, AUC: 0.85
Epoch [21/100] [TRAIN] Loss: 0.5530, Accuracy: 74.64%, AUC: 0.82 [VAL] Loss: 0.5121, Accuracy: 76.70%, Precision: 0.73, Recall: 0.79, F1: 0.76, AUC: 0.85
Epoch [22/100] [TRAIN] Loss: 0.5513, Accuracy: 74.70%, AUC: 0.82 [VAL] Loss: 0.5118, Accuracy: 76.60%, Precision: 0.73, Recall: 0.79, F1: 0.76, AUC: 0.85
Epoch [23/100] [TRAIN] Loss: 0.5493, Accuracy: 74.46%, AUC: 0.82 [VAL] Loss: 0.5110, Accuracy: 76.60%, Precision: 0.74, Recall: 0.79, F1: 0.76, AUC: 0.85
Epoch [24/100] [TRAIN] Loss: 0.5546, Accuracy: 74.72%, AUC: 0.82 [VAL] Loss: 0.5113, Accuracy: 76.70%, Precision: 0.74, Recall: 0.79, F1: 0.76, AUC: 0.85
Epoch [25/100] [TRAIN] Loss: 0.5567, Accuracy: 74.29%, AUC: 0.82 [VAL] Loss: 0.5114, Accuracy: 76.80%, Precision: 0.74, Recall: 0.79, F1: 0.76, AUC: 0.85
Epoch [26/100] [TRAIN] Loss: 0.5530, Accuracy: 74.69%, AUC: 0.82 [VAL] Loss: 0.5110, Accuracy: 76.80%, Precision: 0.74, Recall: 0.79, F1: 0.76, AUC: 0.85
Epoch [27/100] [TRAIN] Loss: 0.5506, Accuracy: 74.66%, AUC: 0.82 [VAL] Loss: 0.5110, Accuracy: 76.90%, Precision: 0.74, Recall: 0.79, F1: 0.76, AUC: 0.85
Epoch [28/100] [TRAIN] Loss: 0.5528, Accuracy: 74.81%, AUC: 0.82 [VAL] Loss: 0.5110, Accuracy: 77.10%, Precision: 0.74, Recall: 0.79, F1: 0.76, AUC: 0.85
Epoch [29/100] [TRAIN] Loss: 0.5472, Accuracy: 75.24%, AUC: 0.83 [VAL] Loss: 0.5100, Accuracy: 77.00%, Precision: 0.74, Recall: 0.79, F1: 0.76, AUC: 0.85
Epoch [30/100] [TRAIN] Loss: 0.5460, Accuracy: 74.79%, AUC: 0.83 [VAL] Loss: 0.5096, Accuracy: 77.30%, Precision: 0.74, Recall: 0.79, F1: 0.77, AUC: 0.85
Epoch [31/100] [TRAIN] Loss: 0.5476, Accuracy: 74.79%, AUC: 0.82 [VAL] Loss: 0.5098, Accuracy: 77.10%, Precision: 0.74, Recall: 0.79, F1: 0.77, AUC: 0.85
Epoch [32/100] [TRAIN] Loss: 0.5478, Accuracy: 74.33%, AUC: 0.82 [VAL] Loss: 0.5095, Accuracy: 77.00%, Precision: 0.74, Recall: 0.79, F1: 0.76, AUC: 0.85
Epoch [33/100] [TRAIN] Loss: 0.5475, Accuracy: 74.85%, AUC: 0.82 [VAL] Loss: 0.5095, Accuracy: 77.20%, Precision: 0.74, Recall: 0.79, F1: 0.77, AUC: 0.85
Epoch [34/100] [TRAIN] Loss: 0.5515, Accuracy: 74.22%, AUC: 0.82 [VAL] Loss: 0.5095, Accuracy: 77.10%, Precision: 0.74, Recall: 0.79, F1: 0.77, AUC: 0.85
Epoch [35/100] [TRAIN] Loss: 0.5489, Accuracy: 74.86%, AUC: 0.82 [VAL] Loss: 0.5090, Accuracy: 77.10%, Precision: 0.74, Recall: 0.79, F1: 0.77, AUC: 0.85
Epoch [36/100] [TRAIN] Loss: 0.5436, Accuracy: 74.60%, AUC: 0.83 [VAL] Loss: 0.5086, Accuracy: 77.00%, Precision: 0.74, Recall: 0.79, F1: 0.76, AUC: 0.85
Epoch [37/100] [TRAIN] Loss: 0.5447, Accuracy: 74.83%, AUC: 0.83 [VAL] Loss: 0.5081, Accuracy: 76.90%, Precision: 0.74, Recall: 0.79, F1: 0.76, AUC: 0.85
Epoch [38/100] [TRAIN] Loss: 0.5453, Accuracy: 74.41%, AUC: 0.83 [VAL] Loss: 0.5074, Accuracy: 77.10%, Precision: 0.74, Recall: 0.79, F1: 0.77, AUC: 0.85
Epoch [39/100] [TRAIN] Loss: 0.5485, Accuracy: 74.31%, AUC: 0.82 [VAL] Loss: 0.5085, Accuracy: 77.00%, Precision: 0.74, Recall: 0.79, F1: 0.76, AUC: 0.85
Epoch [40/100] [TRAIN] Loss: 0.5435, Accuracy: 74.83%, AUC: 0.83 [VAL] Loss: 0.5071, Accuracy: 77.30%, Precision: 0.74, Recall: 0.79, F1: 0.77, AUC: 0.85
Epoch [41/100] [TRAIN] Loss: 0.5415, Accuracy: 74.86%, AUC: 0.83 [VAL] Loss: 0.5064, Accuracy: 77.40%, Precision: 0.74, Recall: 0.80, F1: 0.77, AUC: 0.85
Epoch [42/100] [TRAIN] Loss: 0.5456, Accuracy: 74.72%, AUC: 0.83 [VAL] Loss: 0.5069, Accuracy: 77.10%, Precision: 0.74, Recall: 0.79, F1: 0.77, AUC: 0.85
Epoch [43/100] [TRAIN] Loss: 0.5455, Accuracy: 74.99%, AUC: 0.83 [VAL] Loss: 0.5059, Accuracy: 77.00%, Precision: 0.74, Recall: 0.79, F1: 0.76, AUC: 0.85
Epoch [44/100] [TRAIN] Loss: 0.5428, Accuracy: 74.83%, AUC: 0.83 [VAL] Loss: 0.5056, Accuracy: 76.90%, Precision: 0.74, Recall: 0.79, F1: 0.76, AUC: 0.85
Epoch [45/100] [TRAIN] Loss: 0.5419, Accuracy: 74.84%, AUC: 0.83 [VAL] Loss: 0.5059, Accuracy: 77.00%, Precision: 0.74, Recall: 0.79, F1: 0.76, AUC: 0.85
Epoch [46/100] [TRAIN] Loss: 0.5412, Accuracy: 74.97%, AUC: 0.83 [VAL] Loss: 0.5064, Accuracy: 77.10%, Precision: 0.74, Recall: 0.79, F1: 0.77, AUC: 0.85
Epoch [47/100] [TRAIN] Loss: 0.5416, Accuracy: 74.84%, AUC: 0.83 [VAL] Loss: 0.5058, Accuracy: 77.10%, Precision: 0.74, Recall: 0.79, F1: 0.77, AUC: 0.85
Epoch [48/100] [TRAIN] Loss: 0.5367, Accuracy: 74.96%, AUC: 0.83 [VAL] Loss: 0.5050, Accuracy: 77.10%, Precision: 0.74, Recall: 0.79, F1: 0.77, AUC: 0.85
Epoch [49/100] [TRAIN] Loss: 0.5416, Accuracy: 74.80%, AUC: 0.83 [VAL] Loss: 0.5051, Accuracy: 77.00%, Precision: 0.74, Recall: 0.79, F1: 0.76, AUC: 0.85
Epoch [50/100] [TRAIN] Loss: 0.5384, Accuracy: 74.88%, AUC: 0.83 [VAL] Loss: 0.5052, Accuracy: 77.00%, Precision: 0.74, Recall: 0.79, F1: 0.76, AUC: 0.85
Epoch [51/100] [TRAIN] Loss: 0.5448, Accuracy: 74.49%, AUC: 0.82 [VAL] Loss: 0.5061, Accuracy: 77.00%, Precision: 0.74, Recall: 0.79, F1: 0.76, AUC: 0.85
Epoch [52/100] [TRAIN] Loss: 0.5381, Accuracy: 75.44%, AUC: 0.83 [VAL] Loss: 0.5049, Accuracy: 77.00%, Precision: 0.74, Recall: 0.79, F1: 0.76, AUC: 0.85
Epoch [53/100] [TRAIN] Loss: 0.5425, Accuracy: 75.06%, AUC: 0.83 [VAL] Loss: 0.5047, Accuracy: 76.90%, Precision: 0.74, Recall: 0.79, F1: 0.76, AUC: 0.85
Epoch [54/100] [TRAIN] Loss: 0.5377, Accuracy: 74.76%, AUC: 0.83 [VAL] Loss: 0.5052, Accuracy: 76.90%, Precision: 0.74, Recall: 0.79, F1: 0.76, AUC: 0.85
Epoch [55/100] [TRAIN] Loss: 0.5391, Accuracy: 75.15%, AUC: 0.83 [VAL] Loss: 0.5040, Accuracy: 77.10%, Precision: 0.74, Recall: 0.79, F1: 0.76, AUC: 0.85
Epoch [56/100] [TRAIN] Loss: 0.5371, Accuracy: 75.36%, AUC: 0.83 [VAL] Loss: 0.5044, Accuracy: 77.00%, Precision: 0.74, Recall: 0.79, F1: 0.76, AUC: 0.85
Epoch [57/100] [TRAIN] Loss: 0.5392, Accuracy: 74.85%, AUC: 0.83 [VAL] Loss: 0.5039, Accuracy: 77.10%, Precision: 0.74, Recall: 0.79, F1: 0.76, AUC: 0.85
Epoch [58/100] [TRAIN] Loss: 0.5373, Accuracy: 74.81%, AUC: 0.83 [VAL] Loss: 0.5038, Accuracy: 77.10%, Precision: 0.74, Recall: 0.79, F1: 0.76, AUC: 0.85
Epoch [59/100] [TRAIN] Loss: 0.5415, Accuracy: 74.69%, AUC: 0.83 [VAL] Loss: 0.5053, Accuracy: 77.10%, Precision: 0.74, Recall: 0.79, F1: 0.76, AUC: 0.85
Epoch [60/100] [TRAIN] Loss: 0.5368, Accuracy: 75.21%, AUC: 0.83 [VAL] Loss: 0.5038, Accuracy: 77.10%, Precision: 0.74, Recall: 0.79, F1: 0.76, AUC: 0.85
Epoch [61/100] [TRAIN] Loss: 0.5375, Accuracy: 74.97%, AUC: 0.83 [VAL] Loss: 0.5038, Accuracy: 77.20%, Precision: 0.74, Recall: 0.79, F1: 0.77, AUC: 0.85
Epoch [62/100] [TRAIN] Loss: 0.5347, Accuracy: 75.61%, AUC: 0.83 [VAL] Loss: 0.5031, Accuracy: 77.10%, Precision: 0.74, Recall: 0.79, F1: 0.76, AUC: 0.85
Epoch [63/100] [TRAIN] Loss: 0.5375, Accuracy: 74.64%, AUC: 0.83 [VAL] Loss: 0.5037, Accuracy: 77.00%, Precision: 0.74, Recall: 0.78, F1: 0.76, AUC: 0.85
Epoch [64/100] [TRAIN] Loss: 0.5346, Accuracy: 75.30%, AUC: 0.83 [VAL] Loss: 0.5033, Accuracy: 77.00%, Precision: 0.74, Recall: 0.79, F1: 0.76, AUC: 0.85
Epoch [65/100] [TRAIN] Loss: 0.5322, Accuracy: 74.84%, AUC: 0.83 [VAL] Loss: 0.5018, Accuracy: 77.20%, Precision: 0.74, Recall: 0.79, F1: 0.77, AUC: 0.85
Epoch [66/100] [TRAIN] Loss: 0.5368, Accuracy: 74.72%, AUC: 0.83 [VAL] Loss: 0.5029, Accuracy: 77.00%, Precision: 0.74, Recall: 0.79, F1: 0.76, AUC: 0.85
Epoch [67/100] [TRAIN] Loss: 0.5301, Accuracy: 75.26%, AUC: 0.84 [VAL] Loss: 0.5022, Accuracy: 77.00%, Precision: 0.74, Recall: 0.79, F1: 0.76, AUC: 0.85
Epoch [68/100] [TRAIN] Loss: 0.5343, Accuracy: 75.30%, AUC: 0.83 [VAL] Loss: 0.5024, Accuracy: 76.80%, Precision: 0.74, Recall: 0.78, F1: 0.76, AUC: 0.85
Epoch [69/100] [TRAIN] Loss: 0.5357, Accuracy: 74.78%, AUC: 0.83 [VAL] Loss: 0.5023, Accuracy: 76.90%, Precision: 0.74, Recall: 0.78, F1: 0.76, AUC: 0.85
Epoch [70/100] [TRAIN] Loss: 0.5337, Accuracy: 74.75%, AUC: 0.83 [VAL] Loss: 0.5021, Accuracy: 76.80%, Precision: 0.74, Recall: 0.78, F1: 0.76, AUC: 0.85
Epoch [71/100] [TRAIN] Loss: 0.5340, Accuracy: 75.22%, AUC: 0.83 [VAL] Loss: 0.5018, Accuracy: 76.70%, Precision: 0.74, Recall: 0.78, F1: 0.76, AUC: 0.85
Epoch [72/100] [TRAIN] Loss: 0.5352, Accuracy: 75.15%, AUC: 0.83 [VAL] Loss: 0.5018, Accuracy: 76.70%, Precision: 0.74, Recall: 0.78, F1: 0.76, AUC: 0.85
Epoch [73/100] [TRAIN] Loss: 0.5326, Accuracy: 75.16%, AUC: 0.83 [VAL] Loss: 0.5018, Accuracy: 76.70%, Precision: 0.74, Recall: 0.78, F1: 0.76, AUC: 0.85
Epoch [74/100] [TRAIN] Loss: 0.5316, Accuracy: 75.19%, AUC: 0.83 [VAL] Loss: 0.5018, Accuracy: 76.70%, Precision: 0.74, Recall: 0.78, F1: 0.76, AUC: 0.85
Epoch [75/100] [TRAIN] Loss: 0.5315, Accuracy: 74.80%, AUC: 0.83 [VAL] Loss: 0.5017, Accuracy: 76.70%, Precision: 0.74, Recall: 0.78, F1: 0.76, AUC: 0.85
  Early stopping at epoch 75 (no val_loss improvement for 10 epochs)
  Antisymmetry score (raw):        0.9590
  Antisymmetry score (confident):  1.0000
  Total violations:                41 / 1000
  Pairs near boundary:             151 (15.1%)
  Avg |prob-0.5| at violation:     0.0000

--- Training baselines (LogisticRegression, RandomForest, SVM) ---

  Training LogisticRegression...
  Val accuracy: 73.50%  |  Val AUC: 0.7964

  [LogisticRegression]  Accuracy: 71.30%  AUC: 0.7686  AUCPRC: 0.7380  Precision: 0.7168  Recall: 0.6770  F1: 0.6963  Antisym: 0.7920

  Training RandomForest...
  Val accuracy: 78.40%  |  Val AUC: 0.8651

  [RandomForest]  Accuracy: 75.90%  AUC: 0.8324  AUCPRC: 0.8144  Precision: 0.7778  Recall: 0.7058  F1: 0.7400  Antisym: 0.8450

  Training SVM_Linear...
  Val accuracy: 73.10%  |  Val AUC: 0.7961

  [SVM_Linear]  Accuracy: 71.10%  AUC: 0.7588  AUCPRC: 0.7255  Precision: 0.7254  Recall: 0.6523  F1: 0.6869  Antisym: 0.7710
Seed: 456
=== DirectRanker ===
Accuracy:  73.50 %
AUC:       0.8222
AUCPRC:    0.8145
Precision: 0.7188
Recall:    0.7469
F1-Score:  0.7326
Antisymmetry score:  0.9590  (1.0 = perfect, ~0.5 = random)

Detailed Classification Report:
              precision    recall  f1-score   support

           0       0.75      0.72      0.74       514
           1       0.72      0.75      0.73       486

    accuracy                           0.73      1000
   macro avg       0.74      0.74      0.73      1000
weighted avg       0.74      0.73      0.74      1000


Confusion Matrix:
[[372 142]
 [123 363]]

=== LogisticRegression ===
Accuracy:  71.30 %
AUC:       0.7686
AUCPRC:    0.7380
Precision: 0.7168
Recall:    0.6770
F1-Score:  0.6963
Antisymmetry score:  0.7920
Confusion Matrix:
[[384 130]
 [157 329]]

=== RandomForest ===
Accuracy:  75.90 %
AUC:       0.8324
AUCPRC:    0.8144
Precision: 0.7778
Recall:    0.7058
F1-Score:  0.7400
Antisymmetry score:  0.8450
Confusion Matrix:
[[416  98]
 [143 343]]

=== SVM_Linear ===
Accuracy:  71.10 %
AUC:       0.7588
AUCPRC:    0.7255
Precision: 0.7254
Recall:    0.6523
F1-Score:  0.6869
Antisymmetry score:  0.7710
Confusion Matrix:
[[394 120]
 [169 317]]

Saved combined test metrics: /group/pmc021/amunif/epi-thesis/workflow/16_Pairwise Ranking Healthy Liver/output/combined/donor_3/test/028-H3K4me3-H3K9me3-H3K27ac-H3K27me3-seed456-test-metrics.csv
Saved combined ROC plot: /group/pmc021/amunif/epi-thesis/workflow/16_Pairwise Ranking Healthy Liver/output/combined/donor_3/img/roc/028-H3K4me3-H3K9me3-H3K27ac-H3K27me3-seed456-roc-combined.png
Saved combined PRC plot: /group/pmc021/amunif/epi-thesis/workflow/16_Pairwise Ranking Healthy Liver/output/combined/donor_3/img/prc/028-H3K4me3-H3K9me3-H3K27ac-H3K27me3-seed456-prc-combined.png

Finished 028-H3K4me3-H3K9me3-H3K27ac-H3K27me3 (seed 456)

======================================================================
029-H3K9ac-H3K9me3-H3K27ac-H3K27me3
======================================================================
Train label distribution:
  Label 0:   4036 (50.4%)
  Label 1:   3964 (49.5%)
Val label distribution:
  Label 0:    528 (52.8%)
  Label 1:    472 (47.2%)
Test label distribution:
  Label 0:    514 (51.4%)
  Label 1:    486 (48.6%)
Saved label distribution: /group/pmc021/amunif/epi-thesis/workflow/16_Pairwise Ranking Healthy Liver/output/combined/donor_3/test/029-H3K9ac-H3K9me3-H3K27ac-H3K27me3-seed456-label-distribution.csv

--- Training DirectRanker ---
Epoch [1/100] [TRAIN] Loss: 0.6616, Accuracy: 65.66%, AUC: 0.72 [VAL] Loss: 0.5593, Accuracy: 74.90%, Precision: 0.72, Recall: 0.77, F1: 0.74, AUC: 0.83
Epoch [2/100] [TRAIN] Loss: 0.6026, Accuracy: 73.04%, AUC: 0.79 [VAL] Loss: 0.5368, Accuracy: 75.50%, Precision: 0.72, Recall: 0.78, F1: 0.75, AUC: 0.84
Epoch [3/100] [TRAIN] Loss: 0.5932, Accuracy: 73.17%, AUC: 0.80 [VAL] Loss: 0.5317, Accuracy: 75.50%, Precision: 0.72, Recall: 0.78, F1: 0.75, AUC: 0.84
Epoch [4/100] [TRAIN] Loss: 0.5930, Accuracy: 73.86%, AUC: 0.80 [VAL] Loss: 0.5312, Accuracy: 75.80%, Precision: 0.72, Recall: 0.79, F1: 0.75, AUC: 0.84
Epoch [5/100] [TRAIN] Loss: 0.5834, Accuracy: 73.78%, AUC: 0.80 [VAL] Loss: 0.5273, Accuracy: 75.60%, Precision: 0.72, Recall: 0.79, F1: 0.75, AUC: 0.84
Epoch [6/100] [TRAIN] Loss: 0.5842, Accuracy: 73.72%, AUC: 0.80 [VAL] Loss: 0.5266, Accuracy: 75.40%, Precision: 0.72, Recall: 0.78, F1: 0.75, AUC: 0.84
Epoch [7/100] [TRAIN] Loss: 0.5786, Accuracy: 73.89%, AUC: 0.81 [VAL] Loss: 0.5244, Accuracy: 75.60%, Precision: 0.72, Recall: 0.79, F1: 0.75, AUC: 0.84
Epoch [8/100] [TRAIN] Loss: 0.5761, Accuracy: 73.74%, AUC: 0.81 [VAL] Loss: 0.5240, Accuracy: 75.70%, Precision: 0.72, Recall: 0.79, F1: 0.75, AUC: 0.84
Epoch [9/100] [TRAIN] Loss: 0.5726, Accuracy: 74.15%, AUC: 0.81 [VAL] Loss: 0.5224, Accuracy: 75.50%, Precision: 0.72, Recall: 0.79, F1: 0.75, AUC: 0.84
Epoch [10/100] [TRAIN] Loss: 0.5738, Accuracy: 73.99%, AUC: 0.81 [VAL] Loss: 0.5228, Accuracy: 75.70%, Precision: 0.72, Recall: 0.79, F1: 0.75, AUC: 0.84
Epoch [11/100] [TRAIN] Loss: 0.5711, Accuracy: 74.12%, AUC: 0.81 [VAL] Loss: 0.5220, Accuracy: 75.70%, Precision: 0.72, Recall: 0.79, F1: 0.75, AUC: 0.84
Epoch [12/100] [TRAIN] Loss: 0.5680, Accuracy: 73.89%, AUC: 0.81 [VAL] Loss: 0.5200, Accuracy: 75.40%, Precision: 0.72, Recall: 0.79, F1: 0.75, AUC: 0.84
Epoch [13/100] [TRAIN] Loss: 0.5682, Accuracy: 73.94%, AUC: 0.81 [VAL] Loss: 0.5200, Accuracy: 75.20%, Precision: 0.72, Recall: 0.79, F1: 0.75, AUC: 0.84
Epoch [14/100] [TRAIN] Loss: 0.5611, Accuracy: 74.22%, AUC: 0.82 [VAL] Loss: 0.5187, Accuracy: 75.30%, Precision: 0.72, Recall: 0.79, F1: 0.75, AUC: 0.84
Epoch [15/100] [TRAIN] Loss: 0.5646, Accuracy: 75.01%, AUC: 0.82 [VAL] Loss: 0.5191, Accuracy: 75.20%, Precision: 0.72, Recall: 0.79, F1: 0.75, AUC: 0.84
Epoch [16/100] [TRAIN] Loss: 0.5631, Accuracy: 74.42%, AUC: 0.82 [VAL] Loss: 0.5189, Accuracy: 75.40%, Precision: 0.72, Recall: 0.79, F1: 0.75, AUC: 0.84
Epoch [17/100] [TRAIN] Loss: 0.5650, Accuracy: 74.64%, AUC: 0.81 [VAL] Loss: 0.5179, Accuracy: 75.50%, Precision: 0.72, Recall: 0.80, F1: 0.75, AUC: 0.84
Epoch [18/100] [TRAIN] Loss: 0.5613, Accuracy: 74.59%, AUC: 0.82 [VAL] Loss: 0.5178, Accuracy: 75.60%, Precision: 0.72, Recall: 0.80, F1: 0.76, AUC: 0.84
Epoch [19/100] [TRAIN] Loss: 0.5607, Accuracy: 74.59%, AUC: 0.82 [VAL] Loss: 0.5178, Accuracy: 75.70%, Precision: 0.72, Recall: 0.80, F1: 0.76, AUC: 0.84
Epoch [20/100] [TRAIN] Loss: 0.5614, Accuracy: 74.38%, AUC: 0.82 [VAL] Loss: 0.5172, Accuracy: 75.80%, Precision: 0.72, Recall: 0.80, F1: 0.76, AUC: 0.84
Epoch [21/100] [TRAIN] Loss: 0.5610, Accuracy: 74.46%, AUC: 0.82 [VAL] Loss: 0.5165, Accuracy: 75.80%, Precision: 0.72, Recall: 0.80, F1: 0.76, AUC: 0.84
Epoch [22/100] [TRAIN] Loss: 0.5627, Accuracy: 74.47%, AUC: 0.82 [VAL] Loss: 0.5171, Accuracy: 75.90%, Precision: 0.72, Recall: 0.80, F1: 0.76, AUC: 0.84
Epoch [23/100] [TRAIN] Loss: 0.5614, Accuracy: 74.59%, AUC: 0.82 [VAL] Loss: 0.5168, Accuracy: 75.80%, Precision: 0.72, Recall: 0.80, F1: 0.76, AUC: 0.84
Epoch [24/100] [TRAIN] Loss: 0.5575, Accuracy: 74.41%, AUC: 0.82 [VAL] Loss: 0.5157, Accuracy: 75.80%, Precision: 0.72, Recall: 0.80, F1: 0.76, AUC: 0.84
Epoch [25/100] [TRAIN] Loss: 0.5565, Accuracy: 74.42%, AUC: 0.82 [VAL] Loss: 0.5150, Accuracy: 75.90%, Precision: 0.72, Recall: 0.80, F1: 0.76, AUC: 0.85
Epoch [26/100] [TRAIN] Loss: 0.5566, Accuracy: 74.50%, AUC: 0.82 [VAL] Loss: 0.5150, Accuracy: 75.70%, Precision: 0.72, Recall: 0.80, F1: 0.76, AUC: 0.84
Epoch [27/100] [TRAIN] Loss: 0.5540, Accuracy: 74.34%, AUC: 0.82 [VAL] Loss: 0.5150, Accuracy: 76.00%, Precision: 0.72, Recall: 0.80, F1: 0.76, AUC: 0.84
Epoch [28/100] [TRAIN] Loss: 0.5566, Accuracy: 73.99%, AUC: 0.82 [VAL] Loss: 0.5149, Accuracy: 75.90%, Precision: 0.72, Recall: 0.80, F1: 0.76, AUC: 0.85
Epoch [29/100] [TRAIN] Loss: 0.5536, Accuracy: 74.26%, AUC: 0.82 [VAL] Loss: 0.5153, Accuracy: 75.80%, Precision: 0.72, Recall: 0.80, F1: 0.76, AUC: 0.85
Epoch [30/100] [TRAIN] Loss: 0.5556, Accuracy: 74.49%, AUC: 0.82 [VAL] Loss: 0.5148, Accuracy: 75.80%, Precision: 0.72, Recall: 0.80, F1: 0.76, AUC: 0.85
Epoch [31/100] [TRAIN] Loss: 0.5550, Accuracy: 74.06%, AUC: 0.82 [VAL] Loss: 0.5144, Accuracy: 75.90%, Precision: 0.72, Recall: 0.80, F1: 0.76, AUC: 0.85
Epoch [32/100] [TRAIN] Loss: 0.5475, Accuracy: 74.74%, AUC: 0.82 [VAL] Loss: 0.5136, Accuracy: 75.80%, Precision: 0.72, Recall: 0.80, F1: 0.76, AUC: 0.85
Epoch [33/100] [TRAIN] Loss: 0.5572, Accuracy: 74.61%, AUC: 0.82 [VAL] Loss: 0.5142, Accuracy: 75.70%, Precision: 0.72, Recall: 0.80, F1: 0.76, AUC: 0.85
Epoch [34/100] [TRAIN] Loss: 0.5570, Accuracy: 74.44%, AUC: 0.82 [VAL] Loss: 0.5135, Accuracy: 75.70%, Precision: 0.72, Recall: 0.80, F1: 0.76, AUC: 0.85
Epoch [35/100] [TRAIN] Loss: 0.5531, Accuracy: 74.31%, AUC: 0.82 [VAL] Loss: 0.5139, Accuracy: 75.40%, Precision: 0.72, Recall: 0.79, F1: 0.75, AUC: 0.85
Epoch [36/100] [TRAIN] Loss: 0.5526, Accuracy: 74.67%, AUC: 0.82 [VAL] Loss: 0.5141, Accuracy: 75.50%, Precision: 0.72, Recall: 0.80, F1: 0.75, AUC: 0.85
Epoch [37/100] [TRAIN] Loss: 0.5521, Accuracy: 74.50%, AUC: 0.82 [VAL] Loss: 0.5144, Accuracy: 75.70%, Precision: 0.72, Recall: 0.79, F1: 0.76, AUC: 0.85
Epoch [38/100] [TRAIN] Loss: 0.5517, Accuracy: 74.22%, AUC: 0.82 [VAL] Loss: 0.5128, Accuracy: 75.50%, Precision: 0.72, Recall: 0.79, F1: 0.75, AUC: 0.85
Epoch [39/100] [TRAIN] Loss: 0.5538, Accuracy: 74.15%, AUC: 0.82 [VAL] Loss: 0.5127, Accuracy: 75.50%, Precision: 0.72, Recall: 0.80, F1: 0.75, AUC: 0.85
Epoch [40/100] [TRAIN] Loss: 0.5512, Accuracy: 74.84%, AUC: 0.82 [VAL] Loss: 0.5127, Accuracy: 75.70%, Precision: 0.72, Recall: 0.80, F1: 0.76, AUC: 0.85
Epoch [41/100] [TRAIN] Loss: 0.5498, Accuracy: 74.70%, AUC: 0.82 [VAL] Loss: 0.5132, Accuracy: 75.80%, Precision: 0.72, Recall: 0.80, F1: 0.76, AUC: 0.85
Epoch [42/100] [TRAIN] Loss: 0.5509, Accuracy: 74.53%, AUC: 0.82 [VAL] Loss: 0.5119, Accuracy: 75.80%, Precision: 0.72, Recall: 0.80, F1: 0.76, AUC: 0.85
Epoch [43/100] [TRAIN] Loss: 0.5519, Accuracy: 74.59%, AUC: 0.82 [VAL] Loss: 0.5127, Accuracy: 75.80%, Precision: 0.72, Recall: 0.80, F1: 0.76, AUC: 0.85
Epoch [44/100] [TRAIN] Loss: 0.5491, Accuracy: 74.79%, AUC: 0.82 [VAL] Loss: 0.5117, Accuracy: 75.80%, Precision: 0.72, Recall: 0.80, F1: 0.76, AUC: 0.85
Epoch [45/100] [TRAIN] Loss: 0.5485, Accuracy: 74.38%, AUC: 0.82 [VAL] Loss: 0.5115, Accuracy: 75.90%, Precision: 0.72, Recall: 0.80, F1: 0.76, AUC: 0.85
Epoch [46/100] [TRAIN] Loss: 0.5486, Accuracy: 74.61%, AUC: 0.82 [VAL] Loss: 0.5121, Accuracy: 75.70%, Precision: 0.72, Recall: 0.80, F1: 0.76, AUC: 0.85
Epoch [47/100] [TRAIN] Loss: 0.5459, Accuracy: 74.71%, AUC: 0.82 [VAL] Loss: 0.5115, Accuracy: 75.90%, Precision: 0.72, Recall: 0.80, F1: 0.76, AUC: 0.85
Epoch [48/100] [TRAIN] Loss: 0.5480, Accuracy: 74.59%, AUC: 0.82 [VAL] Loss: 0.5105, Accuracy: 75.90%, Precision: 0.72, Recall: 0.80, F1: 0.76, AUC: 0.85
Epoch [49/100] [TRAIN] Loss: 0.5493, Accuracy: 74.81%, AUC: 0.82 [VAL] Loss: 0.5115, Accuracy: 75.50%, Precision: 0.72, Recall: 0.79, F1: 0.75, AUC: 0.85
Epoch [50/100] [TRAIN] Loss: 0.5498, Accuracy: 74.25%, AUC: 0.82 [VAL] Loss: 0.5116, Accuracy: 75.60%, Precision: 0.72, Recall: 0.79, F1: 0.75, AUC: 0.85
Epoch [51/100] [TRAIN] Loss: 0.5490, Accuracy: 74.95%, AUC: 0.82 [VAL] Loss: 0.5105, Accuracy: 75.70%, Precision: 0.72, Recall: 0.79, F1: 0.76, AUC: 0.85
Epoch [52/100] [TRAIN] Loss: 0.5466, Accuracy: 74.58%, AUC: 0.82 [VAL] Loss: 0.5101, Accuracy: 75.60%, Precision: 0.72, Recall: 0.79, F1: 0.75, AUC: 0.85
Epoch [53/100] [TRAIN] Loss: 0.5508, Accuracy: 74.88%, AUC: 0.82 [VAL] Loss: 0.5106, Accuracy: 75.80%, Precision: 0.72, Recall: 0.79, F1: 0.76, AUC: 0.85
Epoch [54/100] [TRAIN] Loss: 0.5474, Accuracy: 74.51%, AUC: 0.82 [VAL] Loss: 0.5103, Accuracy: 75.80%, Precision: 0.72, Recall: 0.79, F1: 0.76, AUC: 0.85
Epoch [55/100] [TRAIN] Loss: 0.5428, Accuracy: 74.86%, AUC: 0.83 [VAL] Loss: 0.5096, Accuracy: 75.70%, Precision: 0.72, Recall: 0.79, F1: 0.76, AUC: 0.85
Epoch [56/100] [TRAIN] Loss: 0.5486, Accuracy: 74.33%, AUC: 0.82 [VAL] Loss: 0.5104, Accuracy: 75.70%, Precision: 0.72, Recall: 0.79, F1: 0.76, AUC: 0.85
Epoch [57/100] [TRAIN] Loss: 0.5453, Accuracy: 74.92%, AUC: 0.82 [VAL] Loss: 0.5093, Accuracy: 75.80%, Precision: 0.72, Recall: 0.79, F1: 0.76, AUC: 0.85
Epoch [58/100] [TRAIN] Loss: 0.5431, Accuracy: 74.78%, AUC: 0.83 [VAL] Loss: 0.5091, Accuracy: 75.70%, Precision: 0.72, Recall: 0.80, F1: 0.76, AUC: 0.85
Epoch [59/100] [TRAIN] Loss: 0.5482, Accuracy: 74.62%, AUC: 0.82 [VAL] Loss: 0.5096, Accuracy: 75.70%, Precision: 0.72, Recall: 0.79, F1: 0.76, AUC: 0.85
Epoch [60/100] [TRAIN] Loss: 0.5428, Accuracy: 75.01%, AUC: 0.83 [VAL] Loss: 0.5094, Accuracy: 75.70%, Precision: 0.72, Recall: 0.79, F1: 0.76, AUC: 0.85
Epoch [61/100] [TRAIN] Loss: 0.5424, Accuracy: 74.79%, AUC: 0.83 [VAL] Loss: 0.5094, Accuracy: 75.70%, Precision: 0.72, Recall: 0.79, F1: 0.76, AUC: 0.85
Epoch [62/100] [TRAIN] Loss: 0.5420, Accuracy: 74.74%, AUC: 0.83 [VAL] Loss: 0.5094, Accuracy: 75.70%, Precision: 0.72, Recall: 0.79, F1: 0.76, AUC: 0.85
Epoch [63/100] [TRAIN] Loss: 0.5441, Accuracy: 74.49%, AUC: 0.83 [VAL] Loss: 0.5097, Accuracy: 75.70%, Precision: 0.72, Recall: 0.79, F1: 0.76, AUC: 0.85
Epoch [64/100] [TRAIN] Loss: 0.5433, Accuracy: 74.88%, AUC: 0.83 [VAL] Loss: 0.5087, Accuracy: 75.70%, Precision: 0.72, Recall: 0.79, F1: 0.76, AUC: 0.85
Epoch [65/100] [TRAIN] Loss: 0.5369, Accuracy: 75.14%, AUC: 0.83 [VAL] Loss: 0.5083, Accuracy: 75.70%, Precision: 0.72, Recall: 0.79, F1: 0.76, AUC: 0.85
Epoch [66/100] [TRAIN] Loss: 0.5479, Accuracy: 74.80%, AUC: 0.82 [VAL] Loss: 0.5088, Accuracy: 75.80%, Precision: 0.72, Recall: 0.79, F1: 0.76, AUC: 0.85
Epoch [67/100] [TRAIN] Loss: 0.5439, Accuracy: 74.55%, AUC: 0.83 [VAL] Loss: 0.5089, Accuracy: 75.40%, Precision: 0.72, Recall: 0.79, F1: 0.75, AUC: 0.85
Epoch [68/100] [TRAIN] Loss: 0.5412, Accuracy: 75.46%, AUC: 0.83 [VAL] Loss: 0.5084, Accuracy: 75.60%, Precision: 0.72, Recall: 0.79, F1: 0.75, AUC: 0.85
Epoch [69/100] [TRAIN] Loss: 0.5395, Accuracy: 74.83%, AUC: 0.83 [VAL] Loss: 0.5077, Accuracy: 75.50%, Precision: 0.72, Recall: 0.79, F1: 0.75, AUC: 0.85
Epoch [70/100] [TRAIN] Loss: 0.5401, Accuracy: 75.05%, AUC: 0.83 [VAL] Loss: 0.5078, Accuracy: 75.50%, Precision: 0.72, Recall: 0.79, F1: 0.75, AUC: 0.85
Epoch [71/100] [TRAIN] Loss: 0.5403, Accuracy: 75.20%, AUC: 0.83 [VAL] Loss: 0.5081, Accuracy: 75.70%, Precision: 0.72, Recall: 0.79, F1: 0.75, AUC: 0.85
Epoch [72/100] [TRAIN] Loss: 0.5417, Accuracy: 74.97%, AUC: 0.83 [VAL] Loss: 0.5077, Accuracy: 75.50%, Precision: 0.72, Recall: 0.79, F1: 0.75, AUC: 0.85
Epoch [73/100] [TRAIN] Loss: 0.5408, Accuracy: 74.89%, AUC: 0.83 [VAL] Loss: 0.5077, Accuracy: 75.50%, Precision: 0.72, Recall: 0.79, F1: 0.75, AUC: 0.85
Epoch [74/100] [TRAIN] Loss: 0.5405, Accuracy: 74.95%, AUC: 0.83 [VAL] Loss: 0.5075, Accuracy: 75.70%, Precision: 0.72, Recall: 0.79, F1: 0.75, AUC: 0.85
Epoch [75/100] [TRAIN] Loss: 0.5390, Accuracy: 75.31%, AUC: 0.83 [VAL] Loss: 0.5077, Accuracy: 75.80%, Precision: 0.72, Recall: 0.79, F1: 0.76, AUC: 0.85
Epoch [76/100] [TRAIN] Loss: 0.5391, Accuracy: 74.83%, AUC: 0.83 [VAL] Loss: 0.5078, Accuracy: 75.50%, Precision: 0.72, Recall: 0.79, F1: 0.75, AUC: 0.85
Epoch [77/100] [TRAIN] Loss: 0.5427, Accuracy: 75.34%, AUC: 0.83 [VAL] Loss: 0.5070, Accuracy: 75.60%, Precision: 0.72, Recall: 0.79, F1: 0.75, AUC: 0.85
Epoch [78/100] [TRAIN] Loss: 0.5386, Accuracy: 75.09%, AUC: 0.83 [VAL] Loss: 0.5071, Accuracy: 75.40%, Precision: 0.72, Recall: 0.79, F1: 0.75, AUC: 0.85
Epoch [79/100] [TRAIN] Loss: 0.5397, Accuracy: 74.75%, AUC: 0.83 [VAL] Loss: 0.5065, Accuracy: 75.50%, Precision: 0.72, Recall: 0.79, F1: 0.75, AUC: 0.85
Epoch [80/100] [TRAIN] Loss: 0.5380, Accuracy: 75.08%, AUC: 0.83 [VAL] Loss: 0.5059, Accuracy: 75.60%, Precision: 0.72, Recall: 0.79, F1: 0.75, AUC: 0.85
Epoch [81/100] [TRAIN] Loss: 0.5449, Accuracy: 74.76%, AUC: 0.83 [VAL] Loss: 0.5065, Accuracy: 75.60%, Precision: 0.72, Recall: 0.79, F1: 0.75, AUC: 0.85
Epoch [82/100] [TRAIN] Loss: 0.5397, Accuracy: 74.75%, AUC: 0.83 [VAL] Loss: 0.5063, Accuracy: 75.60%, Precision: 0.72, Recall: 0.79, F1: 0.75, AUC: 0.85
Epoch [83/100] [TRAIN] Loss: 0.5385, Accuracy: 74.96%, AUC: 0.83 [VAL] Loss: 0.5066, Accuracy: 75.10%, Precision: 0.71, Recall: 0.79, F1: 0.75, AUC: 0.85
Epoch [84/100] [TRAIN] Loss: 0.5398, Accuracy: 75.21%, AUC: 0.83 [VAL] Loss: 0.5056, Accuracy: 75.50%, Precision: 0.72, Recall: 0.79, F1: 0.75, AUC: 0.85
Epoch [85/100] [TRAIN] Loss: 0.5368, Accuracy: 75.35%, AUC: 0.83 [VAL] Loss: 0.5056, Accuracy: 75.50%, Precision: 0.72, Recall: 0.79, F1: 0.75, AUC: 0.85
Epoch [86/100] [TRAIN] Loss: 0.5383, Accuracy: 75.01%, AUC: 0.83 [VAL] Loss: 0.5059, Accuracy: 75.40%, Precision: 0.72, Recall: 0.79, F1: 0.75, AUC: 0.85
Epoch [87/100] [TRAIN] Loss: 0.5386, Accuracy: 74.76%, AUC: 0.83 [VAL] Loss: 0.5057, Accuracy: 75.50%, Precision: 0.72, Recall: 0.79, F1: 0.75, AUC: 0.85
Epoch [88/100] [TRAIN] Loss: 0.5423, Accuracy: 74.47%, AUC: 0.83 [VAL] Loss: 0.5066, Accuracy: 75.50%, Precision: 0.72, Recall: 0.79, F1: 0.75, AUC: 0.85
Epoch [89/100] [TRAIN] Loss: 0.5349, Accuracy: 75.00%, AUC: 0.83 [VAL] Loss: 0.5049, Accuracy: 75.50%, Precision: 0.72, Recall: 0.79, F1: 0.75, AUC: 0.85
Epoch [90/100] [TRAIN] Loss: 0.5373, Accuracy: 75.10%, AUC: 0.83 [VAL] Loss: 0.5048, Accuracy: 75.40%, Precision: 0.72, Recall: 0.79, F1: 0.75, AUC: 0.85
Epoch [91/100] [TRAIN] Loss: 0.5346, Accuracy: 75.56%, AUC: 0.83 [VAL] Loss: 0.5043, Accuracy: 75.60%, Precision: 0.72, Recall: 0.79, F1: 0.75, AUC: 0.85
Epoch [92/100] [TRAIN] Loss: 0.5411, Accuracy: 74.54%, AUC: 0.83 [VAL] Loss: 0.5053, Accuracy: 75.60%, Precision: 0.72, Recall: 0.79, F1: 0.75, AUC: 0.85
Epoch [93/100] [TRAIN] Loss: 0.5371, Accuracy: 75.46%, AUC: 0.83 [VAL] Loss: 0.5046, Accuracy: 75.60%, Precision: 0.72, Recall: 0.79, F1: 0.75, AUC: 0.85
Epoch [94/100] [TRAIN] Loss: 0.5364, Accuracy: 74.76%, AUC: 0.83 [VAL] Loss: 0.5034, Accuracy: 75.60%, Precision: 0.72, Recall: 0.79, F1: 0.75, AUC: 0.85
Epoch [95/100] [TRAIN] Loss: 0.5343, Accuracy: 75.34%, AUC: 0.83 [VAL] Loss: 0.5033, Accuracy: 75.60%, Precision: 0.72, Recall: 0.79, F1: 0.75, AUC: 0.85
Epoch [96/100] [TRAIN] Loss: 0.5347, Accuracy: 75.30%, AUC: 0.83 [VAL] Loss: 0.5041, Accuracy: 75.60%, Precision: 0.72, Recall: 0.79, F1: 0.75, AUC: 0.85
Epoch [97/100] [TRAIN] Loss: 0.5323, Accuracy: 75.21%, AUC: 0.83 [VAL] Loss: 0.5043, Accuracy: 75.20%, Precision: 0.72, Recall: 0.79, F1: 0.75, AUC: 0.85
Epoch [98/100] [TRAIN] Loss: 0.5335, Accuracy: 74.89%, AUC: 0.83 [VAL] Loss: 0.5032, Accuracy: 75.40%, Precision: 0.72, Recall: 0.79, F1: 0.75, AUC: 0.85
Epoch [99/100] [TRAIN] Loss: 0.5352, Accuracy: 74.91%, AUC: 0.83 [VAL] Loss: 0.5031, Accuracy: 75.20%, Precision: 0.72, Recall: 0.79, F1: 0.75, AUC: 0.85
Epoch [100/100] [TRAIN] Loss: 0.5348, Accuracy: 75.09%, AUC: 0.83 [VAL] Loss: 0.5030, Accuracy: 75.30%, Precision: 0.72, Recall: 0.79, F1: 0.75, AUC: 0.85
  Antisymmetry score (raw):        0.9520
  Antisymmetry score (confident):  1.0000
  Total violations:                48 / 1000
  Pairs near boundary:             145 (14.5%)
  Avg |prob-0.5| at violation:     0.0000

--- Training baselines (LogisticRegression, RandomForest, SVM) ---

  Training LogisticRegression...
  Val accuracy: 72.40%  |  Val AUC: 0.7860

  [LogisticRegression]  Accuracy: 70.60%  AUC: 0.7607  AUCPRC: 0.7290  Precision: 0.7115  Recall: 0.6646  F1: 0.6872  Antisym: 0.7670

  Training RandomForest...
  Val accuracy: 77.30%  |  Val AUC: 0.8584

  [RandomForest]  Accuracy: 75.00%  AUC: 0.8332  AUCPRC: 0.8147  Precision: 0.7599  Recall: 0.7099  F1: 0.7340  Antisym: 0.8430

  Training SVM_Linear...
  Val accuracy: 73.10%  |  Val AUC: 0.7855

  [SVM_Linear]  Accuracy: 69.90%  AUC: 0.7565  AUCPRC: 0.7223  Precision: 0.7126  Recall: 0.6379  F1: 0.6732  Antisym: 0.7470
Seed: 456
=== DirectRanker ===
Accuracy:  73.80 %
AUC:       0.8211
AUCPRC:    0.8070
Precision: 0.7154
Recall:    0.7654
F1-Score:  0.7396
Antisymmetry score:  0.9520  (1.0 = perfect, ~0.5 = random)

Detailed Classification Report:
              precision    recall  f1-score   support

           0       0.76      0.71      0.74       514
           1       0.72      0.77      0.74       486

    accuracy                           0.74      1000
   macro avg       0.74      0.74      0.74      1000
weighted avg       0.74      0.74      0.74      1000


Confusion Matrix:
[[366 148]
 [114 372]]

=== LogisticRegression ===
Accuracy:  70.60 %
AUC:       0.7607
AUCPRC:    0.7290
Precision: 0.7115
Recall:    0.6646
F1-Score:  0.6872
Antisymmetry score:  0.7670
Confusion Matrix:
[[383 131]
 [163 323]]

=== RandomForest ===
Accuracy:  75.00 %
AUC:       0.8332
AUCPRC:    0.8147
Precision: 0.7599
Recall:    0.7099
F1-Score:  0.7340
Antisymmetry score:  0.8430
Confusion Matrix:
[[405 109]
 [141 345]]

=== SVM_Linear ===
Accuracy:  69.90 %
AUC:       0.7565
AUCPRC:    0.7223
Precision: 0.7126
Recall:    0.6379
F1-Score:  0.6732
Antisymmetry score:  0.7470
Confusion Matrix:
[[389 125]
 [176 310]]

Saved combined test metrics: /group/pmc021/amunif/epi-thesis/workflow/16_Pairwise Ranking Healthy Liver/output/combined/donor_3/test/029-H3K9ac-H3K9me3-H3K27ac-H3K27me3-seed456-test-metrics.csv
Saved combined ROC plot: /group/pmc021/amunif/epi-thesis/workflow/16_Pairwise Ranking Healthy Liver/output/combined/donor_3/img/roc/029-H3K9ac-H3K9me3-H3K27ac-H3K27me3-seed456-roc-combined.png
Saved combined PRC plot: /group/pmc021/amunif/epi-thesis/workflow/16_Pairwise Ranking Healthy Liver/output/combined/donor_3/img/prc/029-H3K9ac-H3K9me3-H3K27ac-H3K27me3-seed456-prc-combined.png

Finished 029-H3K9ac-H3K9me3-H3K27ac-H3K27me3 (seed 456)

======================================================================
030-H3K4me3-H3K9ac-H3K9me3-H3K27ac-H3K27me3
======================================================================
Train label distribution:
  Label 0:   4036 (50.4%)
  Label 1:   3964 (49.5%)
Val label distribution:
  Label 0:    528 (52.8%)
  Label 1:    472 (47.2%)
Test label distribution:
  Label 0:    514 (51.4%)
  Label 1:    486 (48.6%)
Saved label distribution: /group/pmc021/amunif/epi-thesis/workflow/16_Pairwise Ranking Healthy Liver/output/combined/donor_3/test/030-H3K4me3-H3K9ac-H3K9me3-H3K27ac-H3K27me3-seed456-label-distribution.csv

--- Training DirectRanker ---
Epoch [1/100] [TRAIN] Loss: 0.6465, Accuracy: 68.75%, AUC: 0.75 [VAL] Loss: 0.5618, Accuracy: 76.10%, Precision: 0.73, Recall: 0.78, F1: 0.75, AUC: 0.84
Epoch [2/100] [TRAIN] Loss: 0.5876, Accuracy: 73.44%, AUC: 0.80 [VAL] Loss: 0.5308, Accuracy: 75.80%, Precision: 0.73, Recall: 0.78, F1: 0.75, AUC: 0.84
Epoch [3/100] [TRAIN] Loss: 0.5817, Accuracy: 73.75%, AUC: 0.80 [VAL] Loss: 0.5268, Accuracy: 75.90%, Precision: 0.73, Recall: 0.78, F1: 0.75, AUC: 0.84
Epoch [4/100] [TRAIN] Loss: 0.5705, Accuracy: 74.29%, AUC: 0.81 [VAL] Loss: 0.5233, Accuracy: 76.20%, Precision: 0.73, Recall: 0.79, F1: 0.76, AUC: 0.84
Epoch [5/100] [TRAIN] Loss: 0.5664, Accuracy: 74.17%, AUC: 0.81 [VAL] Loss: 0.5210, Accuracy: 76.50%, Precision: 0.73, Recall: 0.79, F1: 0.76, AUC: 0.85
Epoch [6/100] [TRAIN] Loss: 0.5680, Accuracy: 74.30%, AUC: 0.81 [VAL] Loss: 0.5199, Accuracy: 76.70%, Precision: 0.74, Recall: 0.79, F1: 0.76, AUC: 0.85
Epoch [7/100] [TRAIN] Loss: 0.5669, Accuracy: 74.14%, AUC: 0.81 [VAL] Loss: 0.5196, Accuracy: 77.00%, Precision: 0.74, Recall: 0.79, F1: 0.76, AUC: 0.85
Epoch [8/100] [TRAIN] Loss: 0.5644, Accuracy: 74.33%, AUC: 0.81 [VAL] Loss: 0.5194, Accuracy: 77.10%, Precision: 0.74, Recall: 0.79, F1: 0.77, AUC: 0.85
Epoch [9/100] [TRAIN] Loss: 0.5613, Accuracy: 74.80%, AUC: 0.82 [VAL] Loss: 0.5175, Accuracy: 76.90%, Precision: 0.74, Recall: 0.79, F1: 0.76, AUC: 0.85
Epoch [10/100] [TRAIN] Loss: 0.5589, Accuracy: 74.75%, AUC: 0.82 [VAL] Loss: 0.5158, Accuracy: 76.80%, Precision: 0.74, Recall: 0.79, F1: 0.76, AUC: 0.85
Epoch [11/100] [TRAIN] Loss: 0.5548, Accuracy: 74.81%, AUC: 0.82 [VAL] Loss: 0.5160, Accuracy: 76.50%, Precision: 0.73, Recall: 0.79, F1: 0.76, AUC: 0.85
Epoch [12/100] [TRAIN] Loss: 0.5561, Accuracy: 74.70%, AUC: 0.82 [VAL] Loss: 0.5145, Accuracy: 76.70%, Precision: 0.74, Recall: 0.79, F1: 0.76, AUC: 0.85
Epoch [13/100] [TRAIN] Loss: 0.5525, Accuracy: 74.70%, AUC: 0.82 [VAL] Loss: 0.5132, Accuracy: 76.70%, Precision: 0.74, Recall: 0.79, F1: 0.76, AUC: 0.85
Epoch [14/100] [TRAIN] Loss: 0.5543, Accuracy: 74.29%, AUC: 0.82 [VAL] Loss: 0.5125, Accuracy: 77.00%, Precision: 0.74, Recall: 0.79, F1: 0.76, AUC: 0.85
Epoch [15/100] [TRAIN] Loss: 0.5581, Accuracy: 74.72%, AUC: 0.82 [VAL] Loss: 0.5133, Accuracy: 77.20%, Precision: 0.74, Recall: 0.79, F1: 0.77, AUC: 0.85
Epoch [16/100] [TRAIN] Loss: 0.5524, Accuracy: 74.65%, AUC: 0.82 [VAL] Loss: 0.5121, Accuracy: 77.00%, Precision: 0.74, Recall: 0.79, F1: 0.76, AUC: 0.85
Epoch [17/100] [TRAIN] Loss: 0.5475, Accuracy: 75.03%, AUC: 0.83 [VAL] Loss: 0.5108, Accuracy: 77.00%, Precision: 0.74, Recall: 0.79, F1: 0.76, AUC: 0.85
Epoch [18/100] [TRAIN] Loss: 0.5484, Accuracy: 74.81%, AUC: 0.82 [VAL] Loss: 0.5099, Accuracy: 76.90%, Precision: 0.74, Recall: 0.78, F1: 0.76, AUC: 0.85
Epoch [19/100] [TRAIN] Loss: 0.5480, Accuracy: 75.05%, AUC: 0.82 [VAL] Loss: 0.5095, Accuracy: 76.70%, Precision: 0.74, Recall: 0.78, F1: 0.76, AUC: 0.85
Epoch [20/100] [TRAIN] Loss: 0.5468, Accuracy: 74.88%, AUC: 0.82 [VAL] Loss: 0.5090, Accuracy: 76.90%, Precision: 0.74, Recall: 0.78, F1: 0.76, AUC: 0.85
Epoch [21/100] [TRAIN] Loss: 0.5501, Accuracy: 74.85%, AUC: 0.82 [VAL] Loss: 0.5090, Accuracy: 77.30%, Precision: 0.74, Recall: 0.79, F1: 0.77, AUC: 0.85
Epoch [22/100] [TRAIN] Loss: 0.5475, Accuracy: 74.61%, AUC: 0.82 [VAL] Loss: 0.5088, Accuracy: 77.20%, Precision: 0.74, Recall: 0.79, F1: 0.77, AUC: 0.85
Epoch [23/100] [TRAIN] Loss: 0.5499, Accuracy: 74.69%, AUC: 0.82 [VAL] Loss: 0.5081, Accuracy: 77.10%, Precision: 0.74, Recall: 0.79, F1: 0.76, AUC: 0.85
Epoch [24/100] [TRAIN] Loss: 0.5489, Accuracy: 74.75%, AUC: 0.82 [VAL] Loss: 0.5084, Accuracy: 77.10%, Precision: 0.74, Recall: 0.79, F1: 0.76, AUC: 0.85
Epoch [25/100] [TRAIN] Loss: 0.5445, Accuracy: 74.58%, AUC: 0.83 [VAL] Loss: 0.5075, Accuracy: 77.00%, Precision: 0.74, Recall: 0.79, F1: 0.76, AUC: 0.85
Epoch [26/100] [TRAIN] Loss: 0.5454, Accuracy: 74.55%, AUC: 0.82 [VAL] Loss: 0.5061, Accuracy: 77.00%, Precision: 0.74, Recall: 0.79, F1: 0.76, AUC: 0.85
Epoch [27/100] [TRAIN] Loss: 0.5440, Accuracy: 75.25%, AUC: 0.83 [VAL] Loss: 0.5060, Accuracy: 77.10%, Precision: 0.74, Recall: 0.79, F1: 0.77, AUC: 0.85
Epoch [28/100] [TRAIN] Loss: 0.5438, Accuracy: 75.12%, AUC: 0.83 [VAL] Loss: 0.5057, Accuracy: 76.90%, Precision: 0.74, Recall: 0.79, F1: 0.76, AUC: 0.85
Epoch [29/100] [TRAIN] Loss: 0.5455, Accuracy: 74.99%, AUC: 0.82 [VAL] Loss: 0.5058, Accuracy: 76.90%, Precision: 0.74, Recall: 0.79, F1: 0.76, AUC: 0.85
Epoch [30/100] [TRAIN] Loss: 0.5433, Accuracy: 74.85%, AUC: 0.83 [VAL] Loss: 0.5062, Accuracy: 76.70%, Precision: 0.74, Recall: 0.79, F1: 0.76, AUC: 0.85
Epoch [31/100] [TRAIN] Loss: 0.5416, Accuracy: 74.76%, AUC: 0.83 [VAL] Loss: 0.5056, Accuracy: 76.90%, Precision: 0.74, Recall: 0.79, F1: 0.76, AUC: 0.85
Epoch [32/100] [TRAIN] Loss: 0.5429, Accuracy: 74.78%, AUC: 0.83 [VAL] Loss: 0.5049, Accuracy: 77.00%, Precision: 0.74, Recall: 0.79, F1: 0.76, AUC: 0.85
Epoch [33/100] [TRAIN] Loss: 0.5401, Accuracy: 74.60%, AUC: 0.83 [VAL] Loss: 0.5049, Accuracy: 76.90%, Precision: 0.74, Recall: 0.79, F1: 0.76, AUC: 0.85
Epoch [34/100] [TRAIN] Loss: 0.5413, Accuracy: 75.11%, AUC: 0.83 [VAL] Loss: 0.5035, Accuracy: 77.00%, Precision: 0.74, Recall: 0.79, F1: 0.76, AUC: 0.85
Epoch [35/100] [TRAIN] Loss: 0.5389, Accuracy: 75.26%, AUC: 0.83 [VAL] Loss: 0.5033, Accuracy: 76.70%, Precision: 0.74, Recall: 0.79, F1: 0.76, AUC: 0.85
Epoch [36/100] [TRAIN] Loss: 0.5400, Accuracy: 75.06%, AUC: 0.83 [VAL] Loss: 0.5030, Accuracy: 76.80%, Precision: 0.74, Recall: 0.79, F1: 0.76, AUC: 0.85
Epoch [37/100] [TRAIN] Loss: 0.5387, Accuracy: 75.12%, AUC: 0.83 [VAL] Loss: 0.5033, Accuracy: 76.80%, Precision: 0.74, Recall: 0.79, F1: 0.76, AUC: 0.85
Epoch [38/100] [TRAIN] Loss: 0.5383, Accuracy: 74.86%, AUC: 0.83 [VAL] Loss: 0.5025, Accuracy: 76.90%, Precision: 0.74, Recall: 0.79, F1: 0.76, AUC: 0.85
Epoch [39/100] [TRAIN] Loss: 0.5418, Accuracy: 75.10%, AUC: 0.83 [VAL] Loss: 0.5031, Accuracy: 76.90%, Precision: 0.74, Recall: 0.79, F1: 0.76, AUC: 0.85
Epoch [40/100] [TRAIN] Loss: 0.5368, Accuracy: 75.28%, AUC: 0.83 [VAL] Loss: 0.5024, Accuracy: 76.90%, Precision: 0.74, Recall: 0.79, F1: 0.76, AUC: 0.85
Epoch [41/100] [TRAIN] Loss: 0.5352, Accuracy: 74.95%, AUC: 0.83 [VAL] Loss: 0.5021, Accuracy: 76.90%, Precision: 0.74, Recall: 0.79, F1: 0.76, AUC: 0.85
Epoch [42/100] [TRAIN] Loss: 0.5394, Accuracy: 75.17%, AUC: 0.83 [VAL] Loss: 0.5022, Accuracy: 76.80%, Precision: 0.74, Recall: 0.79, F1: 0.76, AUC: 0.85
Epoch [43/100] [TRAIN] Loss: 0.5376, Accuracy: 75.00%, AUC: 0.83 [VAL] Loss: 0.5018, Accuracy: 76.80%, Precision: 0.74, Recall: 0.79, F1: 0.76, AUC: 0.85
Epoch [44/100] [TRAIN] Loss: 0.5362, Accuracy: 74.97%, AUC: 0.83 [VAL] Loss: 0.5016, Accuracy: 76.70%, Precision: 0.74, Recall: 0.78, F1: 0.76, AUC: 0.85
Epoch [45/100] [TRAIN] Loss: 0.5347, Accuracy: 75.53%, AUC: 0.83 [VAL] Loss: 0.5013, Accuracy: 76.60%, Precision: 0.74, Recall: 0.78, F1: 0.76, AUC: 0.85
Epoch [46/100] [TRAIN] Loss: 0.5374, Accuracy: 75.00%, AUC: 0.83 [VAL] Loss: 0.5011, Accuracy: 76.80%, Precision: 0.74, Recall: 0.79, F1: 0.76, AUC: 0.85
Epoch [47/100] [TRAIN] Loss: 0.5357, Accuracy: 75.16%, AUC: 0.83 [VAL] Loss: 0.5009, Accuracy: 76.70%, Precision: 0.74, Recall: 0.79, F1: 0.76, AUC: 0.85
Epoch [48/100] [TRAIN] Loss: 0.5361, Accuracy: 75.53%, AUC: 0.83 [VAL] Loss: 0.5007, Accuracy: 76.90%, Precision: 0.74, Recall: 0.78, F1: 0.76, AUC: 0.85
Epoch [49/100] [TRAIN] Loss: 0.5384, Accuracy: 75.19%, AUC: 0.83 [VAL] Loss: 0.5005, Accuracy: 76.90%, Precision: 0.74, Recall: 0.79, F1: 0.76, AUC: 0.85
Epoch [50/100] [TRAIN] Loss: 0.5356, Accuracy: 74.90%, AUC: 0.83 [VAL] Loss: 0.4999, Accuracy: 76.60%, Precision: 0.74, Recall: 0.79, F1: 0.76, AUC: 0.85
Epoch [51/100] [TRAIN] Loss: 0.5340, Accuracy: 75.21%, AUC: 0.83 [VAL] Loss: 0.4991, Accuracy: 76.60%, Precision: 0.74, Recall: 0.78, F1: 0.76, AUC: 0.85
Epoch [52/100] [TRAIN] Loss: 0.5351, Accuracy: 75.10%, AUC: 0.83 [VAL] Loss: 0.4997, Accuracy: 76.50%, Precision: 0.74, Recall: 0.78, F1: 0.76, AUC: 0.85
Epoch [53/100] [TRAIN] Loss: 0.5344, Accuracy: 75.09%, AUC: 0.83 [VAL] Loss: 0.4989, Accuracy: 76.60%, Precision: 0.74, Recall: 0.78, F1: 0.76, AUC: 0.85
Epoch [54/100] [TRAIN] Loss: 0.5359, Accuracy: 75.12%, AUC: 0.83 [VAL] Loss: 0.4993, Accuracy: 76.70%, Precision: 0.74, Recall: 0.78, F1: 0.76, AUC: 0.85
Epoch [55/100] [TRAIN] Loss: 0.5351, Accuracy: 75.24%, AUC: 0.83 [VAL] Loss: 0.4988, Accuracy: 76.70%, Precision: 0.74, Recall: 0.78, F1: 0.76, AUC: 0.85
Epoch [56/100] [TRAIN] Loss: 0.5347, Accuracy: 75.24%, AUC: 0.83 [VAL] Loss: 0.4989, Accuracy: 76.70%, Precision: 0.74, Recall: 0.78, F1: 0.76, AUC: 0.86
Epoch [57/100] [TRAIN] Loss: 0.5351, Accuracy: 75.22%, AUC: 0.83 [VAL] Loss: 0.4991, Accuracy: 76.80%, Precision: 0.74, Recall: 0.78, F1: 0.76, AUC: 0.86
Epoch [58/100] [TRAIN] Loss: 0.5320, Accuracy: 75.17%, AUC: 0.83 [VAL] Loss: 0.4982, Accuracy: 76.80%, Precision: 0.74, Recall: 0.78, F1: 0.76, AUC: 0.86
Epoch [59/100] [TRAIN] Loss: 0.5319, Accuracy: 75.75%, AUC: 0.83 [VAL] Loss: 0.4987, Accuracy: 76.80%, Precision: 0.74, Recall: 0.78, F1: 0.76, AUC: 0.86
Epoch [60/100] [TRAIN] Loss: 0.5369, Accuracy: 75.09%, AUC: 0.83 [VAL] Loss: 0.4979, Accuracy: 76.80%, Precision: 0.74, Recall: 0.78, F1: 0.76, AUC: 0.86
Epoch [61/100] [TRAIN] Loss: 0.5340, Accuracy: 74.91%, AUC: 0.83 [VAL] Loss: 0.4982, Accuracy: 76.80%, Precision: 0.74, Recall: 0.78, F1: 0.76, AUC: 0.86
Epoch [62/100] [TRAIN] Loss: 0.5294, Accuracy: 75.64%, AUC: 0.84 [VAL] Loss: 0.4972, Accuracy: 76.70%, Precision: 0.74, Recall: 0.78, F1: 0.76, AUC: 0.86
Epoch [63/100] [TRAIN] Loss: 0.5330, Accuracy: 74.99%, AUC: 0.83 [VAL] Loss: 0.4969, Accuracy: 76.60%, Precision: 0.74, Recall: 0.78, F1: 0.76, AUC: 0.86
Epoch [64/100] [TRAIN] Loss: 0.5321, Accuracy: 75.31%, AUC: 0.83 [VAL] Loss: 0.4974, Accuracy: 76.80%, Precision: 0.74, Recall: 0.79, F1: 0.76, AUC: 0.86
Epoch [65/100] [TRAIN] Loss: 0.5305, Accuracy: 75.60%, AUC: 0.83 [VAL] Loss: 0.4968, Accuracy: 76.70%, Precision: 0.74, Recall: 0.78, F1: 0.76, AUC: 0.86
Epoch [66/100] [TRAIN] Loss: 0.5292, Accuracy: 75.50%, AUC: 0.84 [VAL] Loss: 0.4968, Accuracy: 76.40%, Precision: 0.74, Recall: 0.78, F1: 0.76, AUC: 0.86
Epoch [67/100] [TRAIN] Loss: 0.5319, Accuracy: 75.14%, AUC: 0.83 [VAL] Loss: 0.4965, Accuracy: 76.50%, Precision: 0.74, Recall: 0.78, F1: 0.76, AUC: 0.86
Epoch [68/100] [TRAIN] Loss: 0.5319, Accuracy: 75.60%, AUC: 0.83 [VAL] Loss: 0.4970, Accuracy: 76.60%, Precision: 0.74, Recall: 0.78, F1: 0.76, AUC: 0.86
Epoch [69/100] [TRAIN] Loss: 0.5328, Accuracy: 75.35%, AUC: 0.83 [VAL] Loss: 0.4967, Accuracy: 76.60%, Precision: 0.74, Recall: 0.78, F1: 0.76, AUC: 0.86
Epoch [70/100] [TRAIN] Loss: 0.5292, Accuracy: 75.47%, AUC: 0.83 [VAL] Loss: 0.4956, Accuracy: 76.80%, Precision: 0.74, Recall: 0.79, F1: 0.76, AUC: 0.86
Epoch [71/100] [TRAIN] Loss: 0.5316, Accuracy: 75.29%, AUC: 0.83 [VAL] Loss: 0.4958, Accuracy: 76.60%, Precision: 0.74, Recall: 0.78, F1: 0.76, AUC: 0.86
Epoch [72/100] [TRAIN] Loss: 0.5335, Accuracy: 75.21%, AUC: 0.83 [VAL] Loss: 0.4968, Accuracy: 76.70%, Precision: 0.74, Recall: 0.78, F1: 0.76, AUC: 0.86
Epoch [73/100] [TRAIN] Loss: 0.5292, Accuracy: 75.64%, AUC: 0.84 [VAL] Loss: 0.4958, Accuracy: 76.60%, Precision: 0.74, Recall: 0.78, F1: 0.76, AUC: 0.86
Epoch [74/100] [TRAIN] Loss: 0.5275, Accuracy: 75.38%, AUC: 0.84 [VAL] Loss: 0.4949, Accuracy: 76.70%, Precision: 0.74, Recall: 0.78, F1: 0.76, AUC: 0.86
Epoch [75/100] [TRAIN] Loss: 0.5278, Accuracy: 75.46%, AUC: 0.84 [VAL] Loss: 0.4956, Accuracy: 76.90%, Precision: 0.74, Recall: 0.78, F1: 0.76, AUC: 0.86
Epoch [76/100] [TRAIN] Loss: 0.5298, Accuracy: 75.19%, AUC: 0.83 [VAL] Loss: 0.4953, Accuracy: 76.80%, Precision: 0.74, Recall: 0.78, F1: 0.76, AUC: 0.86
Epoch [77/100] [TRAIN] Loss: 0.5297, Accuracy: 75.26%, AUC: 0.83 [VAL] Loss: 0.4951, Accuracy: 76.90%, Precision: 0.74, Recall: 0.78, F1: 0.76, AUC: 0.86
Epoch [78/100] [TRAIN] Loss: 0.5261, Accuracy: 75.44%, AUC: 0.84 [VAL] Loss: 0.4954, Accuracy: 77.00%, Precision: 0.74, Recall: 0.78, F1: 0.76, AUC: 0.86
Epoch [79/100] [TRAIN] Loss: 0.5266, Accuracy: 75.45%, AUC: 0.84 [VAL] Loss: 0.4946, Accuracy: 77.00%, Precision: 0.74, Recall: 0.79, F1: 0.76, AUC: 0.86
Epoch [80/100] [TRAIN] Loss: 0.5258, Accuracy: 75.21%, AUC: 0.84 [VAL] Loss: 0.4942, Accuracy: 77.00%, Precision: 0.74, Recall: 0.79, F1: 0.76, AUC: 0.86
Epoch [81/100] [TRAIN] Loss: 0.5256, Accuracy: 75.28%, AUC: 0.84 [VAL] Loss: 0.4945, Accuracy: 76.80%, Precision: 0.74, Recall: 0.78, F1: 0.76, AUC: 0.86
Epoch [82/100] [TRAIN] Loss: 0.5294, Accuracy: 75.36%, AUC: 0.83 [VAL] Loss: 0.4951, Accuracy: 77.00%, Precision: 0.74, Recall: 0.79, F1: 0.76, AUC: 0.86
Epoch [83/100] [TRAIN] Loss: 0.5271, Accuracy: 75.69%, AUC: 0.84 [VAL] Loss: 0.4944, Accuracy: 77.00%, Precision: 0.74, Recall: 0.79, F1: 0.76, AUC: 0.86
Epoch [84/100] [TRAIN] Loss: 0.5247, Accuracy: 76.00%, AUC: 0.84 [VAL] Loss: 0.4933, Accuracy: 77.00%, Precision: 0.74, Recall: 0.79, F1: 0.76, AUC: 0.86
Epoch [85/100] [TRAIN] Loss: 0.5285, Accuracy: 75.84%, AUC: 0.84 [VAL] Loss: 0.4944, Accuracy: 76.60%, Precision: 0.74, Recall: 0.78, F1: 0.76, AUC: 0.86
Epoch [86/100] [TRAIN] Loss: 0.5254, Accuracy: 75.80%, AUC: 0.84 [VAL] Loss: 0.4936, Accuracy: 76.90%, Precision: 0.74, Recall: 0.79, F1: 0.76, AUC: 0.86
Epoch [87/100] [TRAIN] Loss: 0.5280, Accuracy: 75.36%, AUC: 0.84 [VAL] Loss: 0.4937, Accuracy: 77.00%, Precision: 0.74, Recall: 0.79, F1: 0.76, AUC: 0.86
Epoch [88/100] [TRAIN] Loss: 0.5273, Accuracy: 75.38%, AUC: 0.84 [VAL] Loss: 0.4938, Accuracy: 76.80%, Precision: 0.74, Recall: 0.79, F1: 0.76, AUC: 0.86
Epoch [89/100] [TRAIN] Loss: 0.5241, Accuracy: 75.69%, AUC: 0.84 [VAL] Loss: 0.4939, Accuracy: 76.30%, Precision: 0.74, Recall: 0.78, F1: 0.76, AUC: 0.86
Epoch [90/100] [TRAIN] Loss: 0.5244, Accuracy: 75.45%, AUC: 0.84 [VAL] Loss: 0.4934, Accuracy: 76.60%, Precision: 0.74, Recall: 0.78, F1: 0.76, AUC: 0.86
Epoch [91/100] [TRAIN] Loss: 0.5198, Accuracy: 75.44%, AUC: 0.84 [VAL] Loss: 0.4931, Accuracy: 76.70%, Precision: 0.74, Recall: 0.79, F1: 0.76, AUC: 0.86
Epoch [92/100] [TRAIN] Loss: 0.5246, Accuracy: 75.46%, AUC: 0.84 [VAL] Loss: 0.4930, Accuracy: 76.70%, Precision: 0.74, Recall: 0.79, F1: 0.76, AUC: 0.86
Epoch [93/100] [TRAIN] Loss: 0.5206, Accuracy: 76.09%, AUC: 0.84 [VAL] Loss: 0.4929, Accuracy: 76.70%, Precision: 0.74, Recall: 0.79, F1: 0.76, AUC: 0.86
Epoch [94/100] [TRAIN] Loss: 0.5224, Accuracy: 76.29%, AUC: 0.84 [VAL] Loss: 0.4928, Accuracy: 76.70%, Precision: 0.74, Recall: 0.79, F1: 0.76, AUC: 0.86
Epoch [95/100] [TRAIN] Loss: 0.5227, Accuracy: 75.70%, AUC: 0.84 [VAL] Loss: 0.4927, Accuracy: 76.70%, Precision: 0.74, Recall: 0.79, F1: 0.76, AUC: 0.86
Epoch [96/100] [TRAIN] Loss: 0.5225, Accuracy: 75.47%, AUC: 0.84 [VAL] Loss: 0.4927, Accuracy: 76.80%, Precision: 0.74, Recall: 0.79, F1: 0.76, AUC: 0.86
Epoch [97/100] [TRAIN] Loss: 0.5222, Accuracy: 75.14%, AUC: 0.84 [VAL] Loss: 0.4927, Accuracy: 76.70%, Precision: 0.74, Recall: 0.79, F1: 0.76, AUC: 0.86
Epoch [98/100] [TRAIN] Loss: 0.5248, Accuracy: 75.75%, AUC: 0.84 [VAL] Loss: 0.4926, Accuracy: 76.80%, Precision: 0.74, Recall: 0.79, F1: 0.76, AUC: 0.86
Epoch [99/100] [TRAIN] Loss: 0.5195, Accuracy: 75.69%, AUC: 0.84 [VAL] Loss: 0.4926, Accuracy: 76.80%, Precision: 0.74, Recall: 0.79, F1: 0.76, AUC: 0.86
Epoch [100/100] [TRAIN] Loss: 0.5239, Accuracy: 75.92%, AUC: 0.84 [VAL] Loss: 0.4927, Accuracy: 76.80%, Precision: 0.74, Recall: 0.79, F1: 0.76, AUC: 0.86
  Antisymmetry score (raw):        0.9590
  Antisymmetry score (confident):  1.0000
  Total violations:                41 / 1000
  Pairs near boundary:             141 (14.1%)
  Avg |prob-0.5| at violation:     0.0000

--- Training baselines (LogisticRegression, RandomForest, SVM) ---

  Training LogisticRegression...
  Val accuracy: 72.80%  |  Val AUC: 0.7829

  [LogisticRegression]  Accuracy: 71.90%  AUC: 0.7588  AUCPRC: 0.7275  Precision: 0.7233  Recall: 0.6831  F1: 0.7026  Antisym: 0.7720

  Training RandomForest...
  Val accuracy: 77.90%  |  Val AUC: 0.8613

  [RandomForest]  Accuracy: 76.00%  AUC: 0.8332  AUCPRC: 0.8125  Precision: 0.7733  Recall: 0.7160  F1: 0.7436  Antisym: 0.8570

  Training SVM_Linear...
  Val accuracy: 72.10%  |  Val AUC: 0.7833

  [SVM_Linear]  Accuracy: 70.90%  AUC: 0.7483  AUCPRC: 0.7158  Precision: 0.7231  Recall: 0.6502  F1: 0.6847  Antisym: 0.7570
Seed: 456
=== DirectRanker ===
Accuracy:  73.30 %
AUC:       0.8222
AUCPRC:    0.8144
Precision: 0.7168
Recall:    0.7449
F1-Score:  0.7306
Antisymmetry score:  0.9590  (1.0 = perfect, ~0.5 = random)

Detailed Classification Report:
              precision    recall  f1-score   support

           0       0.75      0.72      0.74       514
           1       0.72      0.74      0.73       486

    accuracy                           0.73      1000
   macro avg       0.73      0.73      0.73      1000
weighted avg       0.73      0.73      0.73      1000


Confusion Matrix:
[[371 143]
 [124 362]]

=== LogisticRegression ===
Accuracy:  71.90 %
AUC:       0.7588
AUCPRC:    0.7275
Precision: 0.7233
Recall:    0.6831
F1-Score:  0.7026
Antisymmetry score:  0.7720
Confusion Matrix:
[[387 127]
 [154 332]]

=== RandomForest ===
Accuracy:  76.00 %
AUC:       0.8332
AUCPRC:    0.8125
Precision: 0.7733
Recall:    0.7160
F1-Score:  0.7436
Antisymmetry score:  0.8570
Confusion Matrix:
[[412 102]
 [138 348]]

=== SVM_Linear ===
Accuracy:  70.90 %
AUC:       0.7483
AUCPRC:    0.7158
Precision: 0.7231
Recall:    0.6502
F1-Score:  0.6847
Antisymmetry score:  0.7570
Confusion Matrix:
[[393 121]
 [170 316]]

Saved combined test metrics: /group/pmc021/amunif/epi-thesis/workflow/16_Pairwise Ranking Healthy Liver/output/combined/donor_3/test/030-H3K4me3-H3K9ac-H3K9me3-H3K27ac-H3K27me3-seed456-test-metrics.csv
Saved combined ROC plot: /group/pmc021/amunif/epi-thesis/workflow/16_Pairwise Ranking Healthy Liver/output/combined/donor_3/img/roc/030-H3K4me3-H3K9ac-H3K9me3-H3K27ac-H3K27me3-seed456-roc-combined.png
Saved combined PRC plot: /group/pmc021/amunif/epi-thesis/workflow/16_Pairwise Ranking Healthy Liver/output/combined/donor_3/img/prc/030-H3K4me3-H3K9ac-H3K9me3-H3K27ac-H3K27me3-seed456-prc-combined.png

Finished 030-H3K4me3-H3K9ac-H3K9me3-H3K27ac-H3K27me3 (seed 456)

Batch FINISHED!!!

Real-time duration: 7300.122450497 seconds
