y_test,y_pred
0.0,3.3364174
0.0,3.3364174
0.0782644,3.3364174
0.00575578,3.3364174
13.9542,7.313986
0.0,3.3364174
0.66091,3.3364174
0.0879039,3.3364174
27.5158,9.574312
122.832,67.77919
15.1356,9.314867
57.7158,31.795116
3.77479,4.228322
3.17463,3.3364174
9.45517,4.8206744
12.3578,5.839014
3.95256,3.3364174
0.0,3.3364174
75.9546,35.64589
0.0,1.7979536
8.49454,4.7468495
7.2347,4.106681
0.0703577,2.4859552
0.0,3.3364174
0.0,3.0188868
38.21,7.8911715
0.0,3.3364174
2.06445,5.3993616
0.113605,22.608023
24.0097,9.837439
18.2853,5.8938017
0.0607464,2.4559531
0.0,5.7553473
62.0056,37.002766
0.0503269,2.5400367
4.79727,3.3364174
16.9263,9.429945
0.042854,3.2313445
11.7977,7.5699396
0.0,3.3364174
16.5368,9.624146
20.7045,9.015844
5.59568,21.523329
0.0,2.6344194
23.1255,13.111199
5.34906,2.6939206
5.52779,5.960799
67.7821,47.37927
6.40323,6.1026783
0.0921453,2.963642
6.73907,5.8867483
0.0,3.3364174
0.108294,2.4837515
4.43062,4.4873667
0.0,2.1731548
27.5158,12.698945
5.74901,3.969843
0.0367926,25.280125
0.223818,3.3364174
33.0915,19.682562
2.97393,3.3505383
6.77438,4.1639814
0.0,3.3364174
5.20467,4.270273
0.0362957,3.0433064
16.8101,10.954926
11.3986,11.856652
0.326888,3.3364174
0.0230882,3.0449321
0.0471918,3.3364174
0.0303503,3.3364174
10.3085,7.090152
0.0,3.3364174
0.144784,2.104059
11.1251,8.180778
0.0,3.3364174
0.0615141,3.3364174
8.98122,5.3793273
0.114685,9.177237
0.00805205,3.205625
77.4792,41.52531
86.9453,64.12093
0.0,3.0948982
0.0,2.718469
18.4586,9.203484
5.97234,5.097105
0.0,3.3364174
0.0,3.3364174
10.1753,4.2746067
10.6686,6.4668474
0.0443369,3.118987
11.0104,5.669096
13.7455,4.876255
128.763,83.74483
23.569,12.80114
0.0,2.4325273
0.0,6.631325
0.0149761,2.4934125
14.7039,3.4847498
12.3578,5.839014
619.796,155.76324
0.0,3.3364174
1.55502,3.9598088
1.63821,5.677916
0.0,3.3364174
3.74162,3.3377767
5.1564,2.897307
12.8249,6.4150257
0.0,3.3364174
4.0341,5.752884
0.233384,155.76324
0.0,3.3364174
4.40395,5.7974653
0.143328,2.5403728
18.8009,11.066786
0.0,3.3364174
0.0,3.3364174
0.0,3.3364174
0.0,3.3364174
131.913,40.215893
5.85859,4.319486
0.0,3.3364174
0.0,3.3364174
0.0,2.8080013
10.2142,4.9514313
15.332,8.294312
1.56213,3.3364174
185.622,3.3364174
46.8588,29.343216
9.31878,4.9674673
12.7752,9.4379015
7.79231,7.9790564
5.83212,3.6112719
9.4149,4.9306173
3.49699,2.7732623
10.0626,4.935768
0.0,3.3364174
1.54364,2.4410512
67.7957,5.954817
5.14796,3.5426054
0.0408511,3.3626695
0.0,2.371707
229.09,143.19743
0.0,3.3364174
3.78142,3.5184445
0.0455359,3.3364174
32.8961,5.5995502
2.59898,4.6831417
26.5832,4.499756
2.15237,4.5251493
0.0,3.3364174
1.37625,3.3364174
0.287353,3.3364174
0.0,2.718469
1.25708,4.248768
22.6392,9.887832
0.0187744,3.3364174
2.21442,2.9896455
28.4181,14.928555
0.690993,8.561184
0.092315,2.4513884
35.2742,12.509987
21.6219,11.560408
60.3717,30.826977
1.05603,4.753623
17.4142,11.531142
0.16686,2.7398827
15.6106,8.990499
0.0264222,3.3364174
0.0,5.4289885
0.0,3.3364174
6.58066,4.1496735
0.0,2.283069
5.77299,3.2804065
0.0,3.3364174
49.0173,22.776846
8.16661,4.2416086
0.0,3.3364174
2.93367,7.5513344
6.51382,5.0633297
52.0819,30.286806
0.0229089,3.3364174
0.096906,3.3364174
0.0754227,3.3364174
10.2716,3.0786328
1.27446,6.0721326
7.88354,6.8250427
0.770695,3.3921938
5.02155,4.184151
0.0262705,3.3364174
0.0781199,2.9622338
2.39287,3.3216562
1.87517,2.95054
18.8462,12.303011
0.147257,3.3364174
16.3921,3.3364174
0.0,3.3364174
78.8296,15.807164
12.5145,8.210173
0.0,2.938364
0.745192,3.3364174
0.0,3.3364174
6.31848,4.149937
0.0,3.3364174
0.0,3.3364174
29.3384,14.089392
8.76789,5.64534
28.7411,16.592936
7.88359,7.4261074
0.0387366,3.3364174
0.0,3.3364174
0.0,3.3364174
0.0,2.6943476
5.75467,3.8457916
5.19545,20.875048
1.97158,3.9587564
3.62445,2.940836
2.69744,3.013069
15.2823,5.281416
4.74985,3.9444125
41.2784,17.726418
41.4786,24.521093
0.0,3.3364174
188.562,4.2371964
18.9655,9.491575
9.31878,4.9674673
0.0,2.590847
12.3578,5.839014
0.0201047,3.6825933
0.0,3.3364174
0.430381,3.055378
26.5298,3.97466
0.0,3.3364174
11.5865,9.513131
10.5992,5.3042336
3.68977,3.0482383
13.3042,4.6752615
0.0,3.3364174
5.59568,21.364643
3.38696,5.17188
13.4342,7.755871
0.0,3.3364174
16.7901,8.846391
24.2557,7.433262
0.0,3.3364174
0.0,6.9707565
0.0,2.5550349
9.18444,5.3851433
0.0,3.3364174
12.3578,5.839014
0.0,3.3364174
0.0,2.5078232
4.42726,4.2416506
2.59898,2.637051
9.8331,5.812072
0.0,3.3364174
18.2676,10.248253
0.0558077,3.3364174
0.207426,3.3364174
32.8704,18.090796
21.3463,12.530099
0.0,3.3364174
197.497,51.508896
5.64259,3.6866782
257.44,57.600723
10.4559,5.507333
6.2425,14.323129
2.56689,4.5856037
13.3117,9.132343
38.7908,19.94698
0.0415987,2.8559625
0.0,3.3364174
0.0,3.3364174
4.74985,3.9444125
1.03622,3.3364174
31.889,18.217001
0.0,8.048288
115.716,27.514608
21.3134,3.452091
0.0514485,5.9267445
22.5227,12.115452
0.0606786,3.3364174
0.0,3.3364174
12.6291,8.732294
0.0177207,3.3364174
0.116024,3.8067217
0.0,3.09933
0.0151055,3.3364174
5.16818,3.8091717
6.5387,6.656254
0.0426607,3.3364174
15.4143,3.1092498
0.0339202,3.3364174
11.9164,3.0188868
0.0,2.6785564
11.8502,3.2351003
12.5945,4.4823823
0.0,3.3364174
0.0,3.3364174
0.0,3.3364174
0.0672646,3.3364174
4.64645,3.6874886
0.186552,3.3281465
0.223349,3.2549238
0.144784,2.104059
0.0,22.65472
2.34811,8.959639
0.0129911,3.3364174
0.0,4.7765512
16.0374,3.6881256
0.0,2.8384845
8.203,5.544966
0.132043,3.3364174
26.7264,6.3614936
0.0,3.3364174
1.46693,3.969541
23.5057,9.333737
36.5753,22.233683
11.2349,5.9112473
16.4925,8.9652195
0.0,2.8686168
0.0,2.3253024
51.2472,28.25586
0.0,3.3364174
19.6539,8.118996
6.87894,4.289572
30.4823,6.9707565
4.70154,3.6923547
9.31878,4.9674673
1.68702,5.891108
0.355747,2.781367
23.6547,8.5517
14.8266,7.016938
0.0752463,3.3364174
0.0,3.4959168
0.0,3.3364174
76.4643,14.755955
11.6645,5.7789764
7.14585,3.3364174
0.0190806,2.2882724
0.0648146,2.7381806
18.9655,9.491575
77.0235,41.195923
0.202952,2.5608413
0.192117,3.3364174
0.106015,2.4968123
8.80649,5.7846394
9.36233,3.0346165
0.0,3.3364174
0.598492,4.1066365
3.08732,3.3364174
10.5992,5.3042336
14.8348,3.7091537
0.0285535,2.7391608
1.26098,2.4619646
2.28143,27.392496
0.0,3.3364174
0.0109604,3.3364174
0.0,26.550482
6.75583,4.957409
13.3761,16.2235
0.0541491,3.3364174
0.483763,4.3709197
10.6954,6.130823
0.0,3.3364174
0.0,3.3364174
0.0349605,4.159707
8.54713,19.513468
8.30396,4.0302505
13.9482,16.811562
8.7999,5.3143115
9.95179,5.957254
20.328,10.702665
0.0,3.3364174
9.36233,3.0346165
0.269299,2.0104346
7.56243,5.9770327
0.0,3.3364174
0.23815,3.3364174
12.4414,8.640496
0.0315748,2.2856746
0.730467,4.8180385
0.0601238,3.3364174
6.28842,3.7633905
14.8266,7.016938
0.0412964,3.746379
8.57879,5.133194
0.163484,3.3364174
5.26338,2.8963394
0.36302,3.198911
0.268727,3.3364174
11.9358,6.80357
0.49207,4.115923
6.00461,4.744014
0.287353,3.3364174
0.276187,2.9363213
0.0320994,2.6543074
0.0582332,3.3364174
0.138989,2.2448816
0.0,3.2260938
0.0,3.3364174
1.13553,7.049428
1.06258,2.4061475
15.8812,10.614941
0.025486,2.8529425
0.0,3.3364174
21.5912,14.456392
0.0303929,2.2533498
0.0,3.3364174
21.4343,6.519577
0.0,4.3794756
0.0,2.6344194
23.5049,5.824774
9.40875,7.5712776
0.663635,3.2641578
11.1051,4.5882864
7.32356,4.7794533
0.0,3.3364174
1.84488,7.813179
6.70053,5.6056204
26.9294,6.8978996
0.0394935,3.3364174
29.9351,18.629185
0.0183687,2.967699
20.3765,4.94499
0.0,3.3364174
10.4316,3.3364174
1.31195,3.3364174
60.3985,34.357067
2.66844,3.8608737
34.254,10.422286
0.0,2.5975575
0.0,3.3364174
0.211532,3.3364174
12.0457,7.089237
3.42946,3.1261935
7.09675,10.3589325
0.465225,2.873435
0.0,3.3364174
5.52068,3.290199
0.0,3.3364174
16.1449,5.7961435
42.7111,28.40042
0.0916607,2.905744
28.7819,15.700528
18.0724,11.936252
0.94857,2.8792064
0.0,4.3794756
0.0,3.3364174
5.52779,5.960799
1.54364,2.4410512
15.1751,5.6722717
3.8263,3.1058135
16.2454,12.437742
3.92803,3.2831635
0.0,3.3364174
0.0,3.3364174
0.0,3.3364174
0.02025,3.3364174
0.571642,2.3404458
0.571642,3.3364174
7.59372,9.075457
0.0,3.3364174
0.0683726,2.0581443
0.0,2.6691675
0.0,3.3364174
1.15824,2.6129322
119.268,3.3364174
4.03114,3.5209029
3.8158,3.3186417
2.87896,5.045602
43.9186,28.214441
7.39603,4.416651
0.0,3.3364174
0.0,3.1619778
31.889,18.217001
40.2252,17.464869
22.6272,12.998075
0.699727,6.4561033
0.0,4.495212
0.0,3.3364174
13.2992,6.4767447
0.10356,3.1437948
0.301423,3.1092498
2.39114,5.7442646
0.181382,11.275208
0.240296,3.3364174
3.567,3.7604542
0.0,3.3364174
1160.7,954.9346
0.0,3.3364174
11.6645,5.7789764
0.0,3.3364174
0.571642,2.3404458
71.0243,48.632015
53.7064,28.481434
0.205377,2.3678324
0.0,3.3364174
0.0324436,3.3364174
59.9702,43.643238
0.0,3.3364174
10.0159,5.823395
1.51571,2.496864
0.0,9.075195
0.0844384,3.3364174
0.242381,2.601826
0.0930278,3.2107906
7.75683,4.9312906
0.0148986,3.3364174
1.66884,11.306812
0.0733279,3.3364174
0.150812,3.3364174
7.03447,5.4846945
13.4342,7.755871
7.13458,4.0162783
0.0,3.3364174
0.0455585,3.3364174
3.93245,3.6939783
0.0,3.3364174
1.78478,2.882533
0.0,3.2623518
0.0,3.3364174
0.0,2.4300833
42.7111,28.40042
795.558,7.0625477
27.8933,18.162899
3.53838,10.402553
0.0,3.3364174
53.941,28.164633
3.90281,2.5095892
154.968,86.3568
19.9297,8.791619
0.0,3.3364174
44.9807,21.10026
0.0,7.858032
4.95834,4.507618
0.0310379,3.3364174
0.0190806,2.2882724
9.01874,2.6497197
4.1077,5.008873
17.9272,11.662058
0.0,3.3364174
4.48371,3.3364174
0.086773,3.3364174
0.443035,4.000108
0.365597,6.464141
8.26953,5.619042
0.0,6.3807178
3.10796,17.712877
4.49545,11.713324
17.243,4.0024915
0.0,3.6970544
0.0978433,3.3364174
6.73429,4.0524616
31.889,18.217001
17.4093,5.999609
9.41273,5.99693
2.29465,5.8823586
12.3578,5.839014
35.6083,20.752792
0.0,3.3364174
24.0658,14.917248
3.14507,8.46456
0.250134,3.3364174
158.563,97.64299
7.70166,5.283531
185.622,3.3364174
0.0,3.0056834
1.63159,3.3364174
0.0,1.9768755
88.4875,3.3364174
3.95256,4.2270994
7.51521,22.631382
0.095025,2.2755928
137.862,95.15775
19.4241,9.091666
0.0,3.3364174
0.0585232,4.0953436
238.224,7.4761457
6.33957,3.5087209
19.1256,11.233458
13.4342,7.755871
5.39411,5.7011585
16.1817,9.0152235
0.0390588,3.3364174
12.3578,5.839014
0.0,3.3364174
0.0,2.7639735
0.0972054,3.3364174
8.42446,5.591958
0.125719,1.9768755
0.0,10.606548
0.0,3.2724338
4.92908,3.9769208
10.7948,8.286418
52.0819,30.286806
4.6505,3.6116796
11.6269,5.6430645
0.0478645,3.2038858
39.5207,14.771776
2.2972,4.890044
0.0933876,2.8836648
0.0,3.3364174
3.93496,3.337298
0.147257,3.3364174
0.631495,2.951684
4.74741,4.510025
0.0,3.3364174
0.0,2.805494
6.78017,6.8708754
9.18391,9.107619
20.9778,12.947538
0.0,1.9835882
11.6645,5.7789764
1.58686,4.3882184
0.0,3.3310802
0.0301525,2.0231903
0.825871,9.763144
11.0111,5.024023
0.0,3.3364174
0.0385982,3.3364174
2.02248,2.718469
6.4931,3.960833
7.94747,4.423892
164.459,104.089714
30.345,16.623655
1.14478,4.4586487
1.24121,3.3364174
5.09374,7.727373
13.5696,2.853597
0.0309695,2.4841006
91.3823,49.535694
1.60828,2.5768666
0.0,2.4000547
14.4902,7.4991865
0.0,3.3364174
4.99855,5.1255493
0.0572685,3.3364174
0.249562,2.3787909
0.0,3.3364174
0.0,3.2646806
5.84351,4.219038
0.0124043,6.3823266
53.5033,26.828169
0.994498,6.622958
0.0,3.3364174
0.080121,3.3364174
0.0,3.3364174
3.32396,3.2342122
1.3833,5.2591305
12.3842,4.134326
0.0,4.215608
14.3224,8.401811
0.0,3.3364174
0.430817,11.516067
0.0,3.3364174
0.0,19.615332
10.1699,6.30496
0.0256138,2.5072825
0.038988,3.9625854
8.4727,5.291381
14.7874,16.421986
12.3135,8.613773
1.96863,3.1206436
2.95128,2.8633902
3.17463,3.3364174
5.33753,3.6122673
17.243,4.0024915
8.8137,3.9263294
0.0,3.3364174
0.0,3.3364174
0.0,3.3364174
0.0,3.8506875
3.84675,2.6556427
0.0,3.3364174
0.0342283,3.3364174
10.9407,6.266478
18.3232,4.782729
0.368738,3.3364174
13.1349,6.3987265
4.91134,3.3429549
9.57138,7.4697266
0.0,2.4619646
0.284313,3.3364174
0.0916382,12.933636
157.205,30.13051
0.0408511,3.3626695
14.8348,3.7091537
0.0,3.3364174
0.0,3.3364174
0.0,2.897307
0.0423201,2.368593
0.153789,3.3364174
0.0513269,3.9462824
19.5016,10.790623
7.93916,4.4472165
0.274148,4.3099074
0.0,3.3364174
1.06258,2.4061475
0.0,2.6154006
25.1705,14.049391
0.0546641,3.3364174
72.1933,4.629458
0.31996,2.5357518
125.393,31.402205
0.0,3.3364174
0.0,2.2717583
0.316666,3.3364174
22.4628,3.3364174
17.5554,31.259031
0.160974,7.4973097
0.0,3.3364174
0.0471679,3.3364174
2.84066,2.535008
3.68317,2.4841006
0.0,3.3364174
0.127807,3.3364174
6.33662,4.452552
6.75941,7.2441454
6.58066,4.1496735
0.0,3.3364174
3.0564,4.027022
1.1717,4.635215
6.18583,3.8199022
28.3844,13.686276
0.444659,3.3364174
0.368738,4.164729
11.6645,5.7789764
0.120171,4.0832434
0.196355,2.4689484
1.14724,18.062565
75.4154,17.832405
4.87503,5.54809
0.0,3.3364174
3.44301,8.751399
0.138812,3.3364174
0.0,3.3364174
0.119957,2.208628
110.799,50.282124
0.02025,3.3364174
0.0139834,3.3364174
0.0594986,3.3364174
0.0,2.7905161
0.030774,1.9528329
13.3781,7.234249
19.7884,13.168161
5.39411,5.1510515
4.16915,43.794518
0.0412964,2.6645927
10.0255,5.6687546
0.133885,3.3364174
158.563,97.64299
37.3936,4.3192463
0.0,3.3364174
5.43982,4.2911816
15.7833,2.6156976
4.06206,2.5216727
3.01746,15.189962
0.0,3.3364174
213.647,152.66106
0.0734236,3.2493615
0.0,3.3364174
26.7938,15.97723
0.0,3.3364174
0.0261162,2.74878
101.91,51.423542
13.1239,8.718403
5.3585,6.3843384
0.702268,2.9752116
0.0,3.3364174
1.70305,3.3364174
0.302419,3.3364174
0.100968,5.246917
0.0,3.3364174
0.364178,4.3971863
0.289861,2.539749
2.22872,4.1178365
14.9777,13.137836
0.0,3.3364174
9.97045,24.001736
0.493416,3.7141485
0.044921,5.039015
0.0,2.7625618
47.5839,23.193708
0.0,3.3364174
5.75467,3.8457916
15.9221,7.413391
0.0,3.3364174
0.0,3.3364174
4.21751,3.4384446
35.4133,17.690256
20.7139,8.678551
0.318955,2.1741538
0.217464,2.5486782
0.0,2.224071
132.356,68.91798
0.0739612,2.7686746
5.75256,3.7950525
0.0,3.3364174
1.06258,2.4061475
0.0634393,2.986362
0.0,3.3364174
0.0,3.3364174
8.98008,5.4009686
0.0,2.805494
4.27029,3.3368344
15.6481,9.822985
3.04662,2.694341
12.5184,6.008822
6.58449,3.3364174
11.0266,3.2529693
23.8569,14.664391
8.74897,4.500188
2.70275,6.650341
15.7891,12.572716
238.224,157.5956
0.0,10.326251
0.0552115,17.836008
0.277669,3.8308258
0.0,2.6356676
7.67185,5.85548
72.0507,31.237139
14.6555,3.3072932
0.0466107,15.074861
37.053,18.426096
22.1832,7.1401186
19.4241,9.091666
0.0,3.3364174
0.546353,3.3364174
0.0,3.3364174
0.394956,3.6021075
38.704,19.720097
0.0,3.3364174
0.0,1.9835882
0.081201,2.6766648
74.3385,37.846222
0.0,3.3364174
6.82818,5.94697
397.601,132.1237
7.93361,4.173327
0.0,3.3364174
13.5817,9.302642
8.30447,3.3205404
0.0,3.3364174
0.0,3.3364174
0.0613384,12.594666
0.536926,2.182511
0.0,3.3364174
0.0,2.7732623
0.0,2.2462099
6.32027,4.480446
0.220335,18.187408
5.39411,5.1510515
21.3463,12.530099
9.70645,6.9406996
60.9116,33.576424
0.0219642,3.96218
0.528339,3.5265818
4.29189,3.112894
0.0261254,3.3364174
0.0,3.3364174
0.0,3.3364174
0.0391943,3.3364174
0.0,2.5009155
7.56916,4.164729
1.83753,14.003857
0.0,3.3364174
0.00379472,2.7153988
0.641061,3.3364174
18.0396,11.620213
24.4512,7.9434776
1.53993,24.226768
0.0100148,3.3364174
7.84897,10.698012
15.4143,3.1092498
0.0,3.3364174
8.46153,3.9313588
5.78663,3.729945
0.030252,3.653083
0.0,3.3364174
1.51667,2.8369107
0.0,3.3364174
0.0439948,3.3364174
74.3385,47.84841
9.4149,4.9306173
2.70478,2.498153
12.766,7.9244137
1.32143,4.688024
61.7468,33.28079
3.51916,6.870512
3.21659,6.4666557
0.229703,5.287814
8.44341,3.0840352
2.54224,3.3113089
0.0,3.3364174
2.58962,5.715614
0.0272644,2.474775
12.3578,5.839014
0.0,3.3364174
19.3196,9.055142
0.0,4.619043
63.9287,14.200237
0.0973819,3.3364174
0.026162,3.3865218
0.0319017,3.2085137
0.0,3.3364174
5.59409,3.3364174
0.0,3.3364174
20.3765,4.3794756
32.2659,13.358912
0.442296,5.342942
0.0,3.6717412
89.741,43.614616
6.54572,5.623972
2.49685,132.1237
0.0180422,3.7025404
8.17468,9.0652
8.18264,6.7935724
103.289,58.266197
3.12215,2.8129373
4.34034,4.350093
26.1965,10.94341
4.85574,3.9068708
0.127069,11.30997
0.0,3.3364174
0.0,3.3364174
7.47546,8.70886
0.330019,3.3364174
20.9778,12.947538
0.0,3.3364174
0.0,2.7763867
49.0936,27.09984
0.0,3.3364174
0.0118156,3.3364174
0.0,3.3364174
0.0538038,2.4486177
0.0,2.9749184
15.3148,12.552271
4.85685,7.6798
12.9352,7.052841
23.6901,14.790843
0.473766,7.288726
47.556,8.080463
0.0,3.3364174
0.0126912,3.3364174
0.0,4.5122967
3.40206,3.6623397
0.0,3.3364174
0.053634,3.3364174
0.0,3.3364174
11.754,67.820335
0.0,2.5729787
7.14585,4.1608305
30.3562,6.7308025
18.0819,7.622217
5.41516,4.084202
18.7132,9.975454
8.83965,13.97048
0.0,1.9768755
0.0,3.3364174
27.4685,9.101454
9.66222,528.6221
0.530209,2.343648
0.0,3.3364174
12.0114,6.3413153
50.0068,10.467753
0.0,3.3364174
0.0,3.3364174
0.0,6.339246
41.0927,5.2848086
0.0,14.022653
0.0,4.4148273
1.08083,7.456259
6.32027,4.480446
41.4786,24.521093
0.0,4.7687483
0.0215975,2.5095892
3.39243,5.943859
13.8882,6.9091206
0.0,2.4619646
4.74985,3.9444125
0.0,3.5297518
12.6946,34.381096
26.9829,20.417072
0.0,3.4280233
0.0,3.3364174
16.961,8.96049
0.0506962,3.3364174
3.7689,3.3910193
11.9358,6.80357
5.52068,3.290199
0.926497,2.7433739
0.00596473,3.3364174
0.0,3.3364174
29.1625,14.595945
13.3136,7.687723
0.0,3.3364174
26.9925,13.56497
3.90281,2.5095892
13.2992,6.4767447
0.079933,161.35162
0.341669,3.394199
0.0,2.876351
0.336746,7.5443487
9.42113,6.3957615
0.0,3.3364174
2.47703,3.3364174
0.086773,2.7365446
71.0243,48.632015
1.59969,2.5372589
200.795,144.68835
0.242017,3.992833
0.542523,6.007888
8.36011,4.640202
86.3551,44.775394
22.2234,11.66609
45.7714,30.188034
89.6832,42.883995
0.52848,4.8575563
0.0,3.367632
89.6832,42.883995
2.81398,3.7424107
26.0107,13.410159
4.88202,4.195503
0.0170036,3.2260597
0.411317,2.5778942
26.9514,18.161524
0.0522609,3.3364174
60.3458,44.503574
26.4642,6.929899
0.0,3.3364174
0.0,3.4940395
14.298,4.810998
1.45222,3.3364174
8.74577,5.041362
0.0,3.3364174
28.3842,14.859478
7.13458,4.0162783
0.0227304,1.8378505
1.52858,3.3364174
0.756573,3.3364174
4.29189,3.112894
8.37909,8.491127
1.03649,17.024584
0.0398024,2.5272777
13.3234,15.280848
6.52047,4.259432
92.574,6.3899317
0.136691,2.4607806
6.83028,2.550395
13.9017,6.840477
14.8348,3.7091537
1.47888,4.0024915
5.35623,4.5520544
0.430381,3.055378
24.6137,4.9997177
0.104821,2.1741538
0.0189819,3.3364174
74.3385,37.846222
397.601,132.1237
7.76978,4.9514313
1.27008,3.2148318
4.68474,3.8936362
0.0631601,27.131195
21.9927,10.966555
0.0,1.9835882
11.5285,6.3651905
0.0,3.3364174
23.5057,12.490735
29.2481,17.590609
0.118235,3.3364174
9.18444,5.3851433
204.063,103.73219
0.0209403,3.3364174
55.2517,32.366257
1.18369,2.463043
15.8452,16.455198
6.87519,6.2103305
0.217464,2.2878156
18.2872,4.5653467
0.0,3.3364174
0.243547,3.3364174
0.0,3.3364174
12.3692,6.01861
115.716,27.514608
7.45222,5.163313
3.34477,17.083986
0.0,3.3364174
0.626267,3.3364174
0.0483388,3.3364174
0.00691066,3.3364174
16.8672,19.699316
0.0,3.3364174
3.85496,3.4462285
0.0,3.3364174
0.104833,3.3377397
1.53964,3.3364174
96.5523,54.19758
0.0,3.3364174
120.835,79.955894
2.5831,5.320797
0.0,3.3364174
11.3911,5.9172835
3.6885,11.74457
0.0429134,3.0705895
43.8842,6.478503
0.288072,3.0323663
0.0,3.3364174
1.06258,2.4061475
0.0705002,2.9199438
6.58066,4.1496735
0.132446,3.3364174
38.5095,11.5580015
0.0503724,2.593728
1.99183,3.6927276
0.0,2.523719
0.0,3.3364174
0.0157039,2.0238662
11.0104,5.669096
0.0,3.141829
0.0,3.3364174
8.78718,6.944702
0.149628,3.3364174
6.71538,5.8168745
0.0,3.3364174
1.96747,4.588567
5.10486,5.2389917
0.0365421,3.9736626
7.67293,129.593
0.051393,4.3794756
6.72896,8.01924
0.0750536,4.2093754
0.0443425,16.623299
0.0,3.3364174
0.0,3.3364174
6.91316,19.669699
0.0840941,9.752894
0.0289529,3.3364174
3.81662,4.2453218
0.008585,3.3364174
0.0362889,3.3364174
17.6696,9.58529
0.0,2.0567493
6.28842,3.7633905
0.0,3.3364174
3.24636,4.3143463
0.41119,3.3364174
37.1884,19.861752
19.3196,9.055142
0.0,2.5623055
9.75266,7.792342
4.08312,3.300838
0.166845,41.322884
0.299778,13.983896
4.14783,3.855484
0.0178473,3.3364174
0.113443,3.3364174
5.78663,3.729945
3.30022,3.7267156
0.13315,2.4898927
0.0,3.3364174
5.20674,4.8530397
28.6632,3.3364174
1.22072,3.3364174
0.0361485,3.3364174
2.74767,5.4001884
19.6435,9.393485
0.042854,3.3364174
19.6543,28.241558
0.775302,3.3364174
0.224466,3.3364174
0.0,3.3364174
0.00808029,2.1835709
37.2758,17.567162
0.0252895,3.3364174
0.0585681,3.3364174
1.18146,3.2148318
0.0,3.3364174
0.222996,2.6758308
0.0394029,2.4814725
24.6137,4.9997177
22.9447,15.325248
0.0,5.194842
0.0,4.811958
0.0329641,3.3364174
0.458915,3.3364174
8.24252,5.1272516
19.633,10.344872
0.0,3.3364174
12.3578,5.839014
47.3053,6.1540823
4.0694,3.7869642
0.143577,3.3364174
100.959,68.74924
0.0,3.3364174
0.0,3.3364174
5.78663,3.729945
4.75134,3.6786237
3.42381,3.617033
0.0154189,2.4898927
0.0,3.3364174
4.85285,4.656541
9.51941,6.08914
9.4149,4.9306173
9.77896,5.1973004
0.0,3.0188868
30.4658,6.6989985
0.0268512,3.731289
8.49454,4.7468495
3.02521,3.0261495
0.0578393,3.3888845
0.0228675,3.3364174
0.0,3.3364174
0.0,3.692049
2.08647,2.753569
0.0,2.4619646
0.0,3.3364174
21.4696,10.744222
5.06259,2.8792212
0.0,2.3151965
74.3385,47.84841
65.702,47.578823
0.0,3.3364174
0.0,2.0581443
0.0,8.080463
1.42276,3.095978
0.00557245,2.576541
0.56614,2.8323064
10.5573,5.0935674
24.1472,3.2374122
0.138812,3.3364174
0.0272436,6.19189
0.0,5.3540144
22.6392,9.887832
0.0,1.9835882
0.365548,2.9114017
0.0,3.3364174
18.3977,5.45347
97.6646,41.701904
1.39755,3.0447664
0.0231969,3.3364174
9.68664,4.848548
6.56271,3.3364174
0.0,2.6943476
23.6853,15.781062
0.0074001,3.3364174
5.87127,3.3657155
0.0,3.3364174
0.0,3.3364174
4.25339,4.133774
3.49699,2.7432005
9.26417,5.3222494
21.9853,5.65452
0.119921,5.688549
30.1359,18.738646
0.0,3.3364174
0.0,4.8867865
0.0,3.3364174
0.0169503,3.3364174
8.45355,4.159816
25.6931,16.000948
23.9789,5.9017925
0.528457,2.6156976
738.118,589.0788
0.0,3.3364174
0.0,3.3364174
0.0403582,2.7801323
0.0283879,3.3364174
0.0,3.3364174
2.93284,2.915478
12.0159,9.0056925
0.00855462,3.3364174
12.7354,7.825321
12.6854,8.287322
162.718,43.794518
0.0498663,2.7346182
0.0,3.3364174
0.183,3.3364174
0.66808,2.755977
10.6699,4.824378
1.74905,3.8528814
6.72939,7.788043
0.0257964,2.162721
5.72321,19.490114
1.27604,4.5882864
0.102775,3.9138207
0.0,3.3364174
9.33881,5.615718
0.150147,16.623299
30.7603,4.7670717
120.835,79.955894
6.08398,3.4018493
0.0318162,3.2458289
0.0,1.9835882
0.0,2.7402534
0.0134073,2.6294143
0.873785,3.3364174
0.0304709,2.042354
0.02025,3.3364174
0.0730475,3.9169502
0.0,4.5653467
0.0,4.241866
14.8348,3.9473953
0.318955,2.1741538
3.39633,3.4682727
48.8198,3.3364174
26.5832,4.499756
0.489212,2.8539474
15.1356,3.3364174
43.6408,9.029568
14.8373,8.984484
13.176,8.038342
0.0755944,2.2088218
18.1224,12.125867
0.0,3.3364174
0.835289,3.9473953
7.70336,2197.7578
1231.18,907.6901
8.49454,4.7468495
5.00721,4.6362076
21.088,12.969222
0.0,3.3364174
0.014625,3.3364174
0.398911,4.1169357
0.0,2.5718603
0.0,3.3364174
24.9477,11.03396
0.0194222,3.3364174
0.430817,2.1544418
0.835289,3.7091537
0.0,3.3364174
7.05002,4.852998
48.6082,10.740833
0.0783148,3.469195
32.2509,20.231762
0.0,3.3364174
0.571642,2.3404458
17.383,11.45661
0.0,2.471472
0.148608,11.721648
7.33825,4.966454
39.8775,16.709263
39.8526,14.343513
89.6832,42.883995
21.7924,10.26629
4.39582,4.619043
0.0157039,2.0238662
0.0,3.136825
0.0,3.3364174
0.0,3.3364174
21.069,10.712381
4.74609,3.6409235
21.1507,9.609102
211.163,126.15194
14.4858,5.9930105
16.9792,4.811958
9.31878,5.6935663
10.5063,7.414549
2.24424,2.9923823
0.0946048,8.67941
0.0385982,3.3364174
0.697837,3.3364174
2.81891,4.2074065
0.0396249,2.166504
7.93361,4.173327
11.613,8.80096
183.352,85.87565
59.8603,31.920765
0.0,2.332235
0.547939,3.3364174
0.0,4.4976397
20.2579,11.6215515
0.0,3.3364174
0.0995542,3.3364174
0.0,3.7297077
4.1897,4.151064
37.1707,3.6427631
0.0,3.3364174
5.84351,4.219038
0.0,3.3364174
14.1155,8.840978
127.197,57.72458
8.51378,4.689121
0.0,3.3364174
3.08732,3.3364174
4.1624,3.709744
24.5695,11.320526
30.8985,19.127693
7.18879,3.0123413
17.8586,9.263711
0.0,3.3364174
0.0404362,3.3364174
8.4627,4.4113913
89.741,8.601336
0.362855,3.3364174
0.0757449,3.3364174
0.0,3.3364174
41.6039,8.013064
6.43976,4.157073
0.0,3.3364174
4.68474,3.8936362
0.713643,5.2927876
13.4667,6.7827663
0.0215975,2.5095892
127.197,67.75835
0.0324436,3.3364174
70.6104,24.186766
3.95929,7.261838
68.4984,3.3364174
0.0,3.3364174
0.0,3.3364174
0.0,3.3364174
0.0630775,2.7162702
39.5927,27.89255
0.0,3.3310802
0.0145336,2.9002225
138.915,70.20575
0.0,3.3364174
0.0,3.3364174
4.08251,3.652182
0.0,3.0600734
0.0484491,2.3431501
10.5708,5.4455924
0.0,5.271
0.0392231,4.4064474
0.38795,3.3364174
216.012,139.05496
0.00540989,3.3364174
6.68128,4.137048
0.0,3.3364174
0.0,3.3364174
0.469032,3.7022722
0.0,3.3364174
2.36245,2.8403165
0.0,3.3364174
0.423672,12.425305
0.0734416,2.116522
4.06891,4.0559425
31.8821,16.220163
0.0231081,3.0536838
3.84675,2.6556427
3.2944,4.4558516
5.39411,4.831128
0.0,3.3364174
5.02841,2.5373843
0.0,3.3364174
7.25476,5.254706
8.20827,15.446603
0.0,2.8448784
0.0,3.3364174
0.0479832,3.3364174
10.5758,12.949984
20.6422,6.5836735
0.969841,2.530999
0.0,3.3364174
7.18879,3.9275675
0.231526,3.3364174
0.0,3.3364174
28.6632,3.3364174
26.1965,15.498597
0.0,3.3364174
3.39633,3.7732012
28.7411,14.919471
0.0,3.3364174
5.24507,4.272537
21.2036,9.872464
1.05183,2.7764766
0.0,3.3364174
0.0,3.3364174
0.0,3.3364174
43.0485,9.203357
0.45884,3.3364174
0.026868,3.3364174
2.15402,2.5929406
1236.7,3.7572777
0.229093,3.482524
3.13777,3.1252823
0.0,3.0174932
0.0,2.895318
0.0,3.3364174
1.86054,8.919544
20.6152,12.737827
0.0,3.3364174
4.06891,4.0559425
1.5047,3.2922115
0.00959419,3.3364174
9.4149,4.9306173
0.620218,2.8950713
0.564027,5.087428
71.1906,17.434607
10.4744,5.811124
0.0,3.3364174
0.609691,7.9434776
44.7779,7.2432194
7.51723,4.945625
13.1864,5.928609
0.0,3.3364174
0.0629288,3.3364174
4.64645,3.6874886
0.0,3.3364174
0.0,4.1403217
3.09294,14.710688
2.7029,4.0457234
0.0,3.3364174
0.0,3.3364174
0.0,3.3364174
0.0114788,3.3364174
0.0,3.3364174
5.86462,4.3059406
32.7782,8.670737
63.3801,34.072414
0.0,3.3364174
0.245194,3.3364174
0.0,2.4412453
13.5943,9.075195
0.314102,3.3364174
24.1317,10.2722
123.679,92.567215
12.996,7.098136
8.90259,5.10056
21.9927,10.966555
5.73474,3.5001607
0.0,3.3364174
0.123251,6.2850113
0.100433,3.2075787
0.0,3.3364174
0.0735366,3.3364174
3.8263,3.5838284
2.26945,3.0397868
0.0,7.3801947
16.2677,6.7150526
59.4852,32.40144
0.0,2.812159
0.0,3.2345252
1.67707,4.8753824
23.3344,7.187396
45.1169,2.6026132
3.298,2.9654653
106.185,68.955246
129.109,6.822275
0.0,2.8375382
0.337211,3.3364174
21.9927,10.966555
17.4509,10.221443
23.8795,13.514651
0.0,3.3364174
0.0,3.3364174
410.978,3.639903
0.0,3.3364174
4.06813,4.3421593
6.3395,6.643695
0.027453,2.2381384
33.4083,22.907589
0.685917,5.4196415
10.5788,6.9557247
23.569,12.80114
48.1896,2.9814334
0.0743354,5.886689
8.71047,4.919018
0.0,2.8751657
6.18577,4.0681252
0.0334164,3.3364174
0.0,10.782711
26.1025,10.458273
20.6152,11.534594
23.5057,9.333737
0.0709231,3.0277047
0.0,3.3364174
4.26125,3.3364174
115.716,27.514608
0.0,1.9835882
1.22844,2.7942777
1.46424,4.1566215
0.0,3.3364174
29.2481,17.357786
0.0,3.7730415
0.0,3.3364174
4.26295,6.5812435
15.4143,3.1092498
21.5036,10.657908
0.0538135,4.2877884
0.0,3.3364174
27.1802,15.091655
1.18369,2.463043
0.0,2.0410972
0.0,3.3364174
0.0,2.4513948
0.0616941,3.3364174
18.9373,5.256653
0.0246216,3.3364174
0.0,2.3253024
158.563,97.64299
0.112294,3.3364174
0.0859006,3.3364174
0.123544,13.341121
0.0129563,2.849508
0.0,3.3364174
0.0,3.3364174
0.0,3.5662682
0.0,4.3794756
7.81582,5.2481766
0.0,3.3364174
0.0,3.3364174
1.80422,4.2470136
12.7565,6.768899
0.0,3.947589
0.19791,3.3364174
19.0954,10.565424
3.46179,3.3364174
0.123353,3.3364174
23.5057,12.490735
0.808567,3.3364174
6.32027,4.480446
0.0,3.2855399
0.0,8.256318
2.09327,3.274867
4.53858,17.746666
2.28143,27.392496
11.566,6.161033
10.7303,5.2823095
0.0,3.3364174
1.83466,5.5447564
58.1287,27.377165
0.0475146,2.6297684
0.0,9.453339
10.6178,7.1626606
0.0,1.9835882
8.51378,4.689121
0.0,3.3364174
6.46963,3.3364174
10.5478,5.5489593
5.39411,3.771634
45.9377,24.300938
0.0205246,2.7272103
0.0,3.3364174
0.0239739,3.3364174
2.56798,3.452405
0.0,3.3364174
19.0873,7.786875
16.8101,10.954926
6.94836,4.1436815
0.463098,14.789869
29.9857,7.4997063
85.9824,13.837249
126.529,81.0823
43.7037,9.142489
0.40315,2.3055189
0.0,3.3364174
13.1672,3.9169502
0.0,3.3364174
0.0887828,3.3364174
9.11898,5.9727745
12.3578,5.839014
0.0,3.3364174
0.0,3.3364174
25.1973,5.898801
0.0,3.3364174
0.0,3.3364174
6.66568,4.323342
0.0,3.3364174
9.03346,5.351386
48.1875,17.264116
24.7055,13.834672
1.83141,4.013268
305.136,154.73412
22.0206,11.043509
1.06308,2.8250937
3.93496,3.337298
37.053,9.220797
28.8132,19.069172
0.0,3.3364174
0.136849,2.9679365
0.0742279,3.3364174
3.62445,2.940836
0.0283879,2.4533274
60.5572,41.66695
7.75804,5.85548
7.70401,3.3364174
3.1273,2.5758257
0.0329041,3.3364174
33.1188,12.824802
8.46153,3.9313588
0.0,3.3364174
5.64726,14.567789
0.262684,5.7562714
8.99935,4.3450236
8.65413,3.580204
5.02841,2.5373843
0.0,3.3364174
13.3117,9.132343
0.674076,34.007977
0.0,3.177019
0.0,3.3364174
78.4003,47.14922
2.8793,2.8978894
49.2648,24.916182
24.2557,7.433262
16.075,5.4385815
0.051393,3.7297077
0.0,2.5699978
0.0672117,10.708805
0.0,3.3364174
0.208153,3.3364174
0.353558,3.3364174
0.0214133,3.3364174
0.0,3.3364174
5.32064,4.93345
21.6437,20.865524
0.0112561,3.330523
20.7403,3.3364174
12.6712,6.8944273
12.9084,5.559065
0.0260902,2.6713762
44.7525,22.9425
11.5815,6.2870436
52.3091,19.387304
1.38387,3.6315527
42.4572,19.751638
0.0101273,3.3364174
0.0,7.003585
0.0,2.1360736
279.087,133.47655
12.3578,5.839014
0.0,3.3364174
0.0,3.3364174
7.67185,5.85548
0.0,3.745838
8.35015,5.8489943
9.87826,6.3019266
0.0,3.3364174
10.1609,5.5930996
0.0637817,3.3364174
0.0,3.3364174
0.0,3.3364174
22.1205,3.2865136
0.00472057,3.3364174
23.569,12.80114
7.78391,5.160921
0.0,3.3364174
4.61561,6.373556
50.0979,18.771128
0.136463,3.1099343
0.789675,2.5888937
202.176,50.366966
8.74772,5.0396757
26.9514,18.161524
2.91784,2.6737587
0.0,3.3364174
0.0813706,3.0472522
66.9768,32.22379
36.7233,18.42767
13.8431,8.110873
0.890344,2.8481863
4.88125,5.1965437
0.0,3.3364174
19.747,7.9547653
0.0,1.7979536
6.77438,4.1639814
0.0,3.3364174
0.00837214,2.701518
0.0,3.3364174
0.0198062,4.08931
0.0,2.8656557
181.385,16.623299
26.1965,15.498597
30.2705,14.032161
8.36754,6.475668
5.0881,2.2956214
12.3076,6.5872707
14.9508,15.463468
0.0,3.3364174
0.0,3.344634
0.0,3.3364174
194.475,93.783585
5.54151,3.0600734
16.6061,10.267554
2.59898,2.637051
0.0,3.3364174
0.0,3.3364174
0.0,3.3364174
0.0309796,2.8734531
8.7999,5.3143115
0.0,51.508896
0.0217105,3.3364174
0.0219642,3.6223354
0.0,2.224071
0.0187744,3.3364174
0.0,3.3364174
17.243,4.0024915
4.99398,3.3364174
4.85574,3.9624262
0.0,3.3364174
0.0,3.3364174
0.0,3.3364174
1.42501,4.0609474
3.75554,3.1152542
0.0,3.3364174
0.0,2.5357518
0.129337,3.3493237
7.78391,5.160921
0.0146291,2.4834137
0.186278,2.3431501
0.0535501,5.352854
0.0,3.3364174
10.5121,6.8762693
16.3086,8.491684
9.45517,4.8206744
0.0315748,2.9417605
6.90897,15.668469
0.0,3.3364174
24.3914,16.704184
5.60448,4.2982125
0.0324436,3.3364174
20.1384,6.870512
8.57879,5.133194
3.13951,4.7915564
5.57925,6.4453278
0.0324436,3.3364174
7.93361,4.173327
0.530209,2.343648
7.0301,6.6031857
0.00453811,2.6136994
49.2648,24.916182
4.01476,4.3441
39.9277,19.389141
54.3977,26.738052
0.0607464,2.5639753
0.530209,2.343648
51.4147,3.3364174
1.93037,6.1467443
0.0,2.9896455
0.0,3.3364174
1.96186,17.490822
4.37095,3.187706
1.88518,3.5811033
0.345062,2.4552228
5.22253,4.460169
1.13347,2.4164824
3.13722,4.226234
7.13458,4.0162783
3.5795,2.9898605
0.0,3.3364174
0.0,3.3364174
13.4342,7.755871
7.88359,6.123381
0.392828,3.3364174
1.27604,3.9579554
0.0,3.3364174
0.0,2.805494
0.808567,3.1825457
0.0,3.3364174
0.145731,2.7943833
0.0,3.3364174
0.0,2.3080444
0.0,3.3364174
0.95381,2.7745125
23.029,10.500858
0.0,3.3364174
0.0,3.3364174
7.38977,4.8833313
0.0,3.3364174
11.5717,6.8790693
0.0,3.3364174
16.2393,8.022998
16.4978,8.925487
0.0,3.3364174
11.6269,5.6430645
0.147898,3.378167
5.59568,21.364643
0.0527842,2.2488477
0.0,3.3364174
28.3832,11.284298
0.283806,3.3364174
69.8285,18.454988
52.2404,24.577848
0.0,3.3364174
146.641,84.27842
1.47163,5.416033
0.0349215,3.993558
1.51667,2.8369107
5.36827,3.8951406
0.0384637,3.3364174
0.0,3.3364174
0.0,2.5053964
0.0377064,1.8378505
0.885176,6.1062956
3.7689,3.3910193
0.0238001,2.1943462
0.0,2.873435
0.0,2.2661128
7.22575,3.7003417
1.16659,10.606548
0.299841,3.6153307
0.0,3.3364174
12.4505,7.400113
0.0396249,2.166504
2.85747,3.1727786
0.0288431,3.3364174
0.0170318,3.3364174
31.5581,3.3364174
8.72191,5.7601395
32.0779,17.11287
17.9272,9.574312
0.0528227,4.569107
22.0206,11.043509
12.2861,6.9447374
3.16447,5.0730267
0.0,3.3364174
0.0,3.3364174
0.26799,2.772165
0.209364,3.2136297
0.0,3.3364174
0.0,3.9500813
9.13831,3.3364174
51.2023,2.630157
3.51916,6.870512
0.797986,3.016461
14.5233,8.723021
0.686096,3.3364174
3.48165,4.8981485
0.0,3.1695344
0.0364445,2.2727253
22.2581,6.126651
7.24983,5.1225643
0.0,3.3364174
29.3384,15.149042
0.0,3.3364174
0.127666,3.3364174
0.00982372,3.3364174
0.0,3.3364174
81.4655,3.3364174
22.869,13.594912
0.182946,7.4284134
0.150147,16.623299
4.85285,4.656541
5.24351,6.6437855
0.174825,4.0671625
0.0,3.3364174
4.68474,3.8936362
0.559344,3.3364174
0.0,3.1626325
63.3801,34.072414
281.918,59.832508
14.6632,8.373
0.0545806,2.5465436
0.0105662,2.5701058
6.70987,5.562065
3.28943,4.8219085
26.2865,3.3364174
0.0,3.3364174
4.88149,3.5965998
2.05356,3.3364174
26.6045,8.112633
28.6632,3.3364174
0.129727,3.3364174
0.0,3.367632
37.3251,20.176231
9.45517,4.8206744
25.2788,14.792961
17.9272,13.503376
3.12215,2.8129373
0.0,3.3364174
0.0472634,3.3364174
4.07047,3.6217957
0.0,3.3364174
0.047583,16.623299
0.0352722,2.6451838
2.00074,5.675641
1.24093,4.777643
0.810039,3.7425866
4.52996,6.1062956
1.73772,11.773647
0.144043,2.7287054
5.93095,8.010975
0.0,3.3364174
5.41516,4.084202
2.36245,2.7212927
0.0,2.224071
35.8779,19.214714
4.17273,3.728723
0.0,5.143648
0.0,3.3364174
13.2992,6.4767447
4.42726,3.1092498
13.3267,9.355661
0.0,3.3364174
0.0,3.3364174
0.0,3.9346876
2.17957,2.1741538
20.1227,12.14949
0.0444299,3.3364174
0.0,3.3364174
47.0054,17.440874
19.633,10.344872
0.0,3.3364174
3.40454,2.4697013
6.94055,4.2747626
0.000367701,2.5094848
0.348552,3.3364174
0.0,3.3364174
11.4908,3.9607165
0.0415572,3.194277
2.47586,2.755977
0.216134,3.591076
0.0,3.3364174
13.8431,7.697647
0.0,3.3364174
6.54606,3.425511
53.941,28.164633
0.643755,12.786989
0.0,20.510626
95.6333,40.215893
0.0,3.3364174
0.0,7.6665354
0.0,2.8899906
1.88867,3.2460377
18.8462,12.303011
0.0,3.3364174
0.0156715,3.3364174
0.0,3.3364174
1.41837,2.193577
44.7525,22.9425
40.9894,10.777009
0.0,4.310066
60.4931,9.431646
0.0643064,3.3364174
6.32027,4.480446
8.49454,4.7468495
0.0490229,3.3364174
11.5176,3.3364174
0.0,3.3364174
81.5749,27.040142
929.506,3.719299
0.0,2.8626814
8.26712,4.30715
4.86473,3.4205775
12.3692,3.6181853
18.2872,4.5653467
0.0,3.3364174
0.768857,2.7268076
0.0,3.3364174
0.0,3.3364174
0.490448,9.787049
11.9164,3.0188868
32.2663,17.052671
0.139701,3.3364174
8.30396,4.0302505
16.0916,10.066624
4.23809,4.8824606
0.0,2.7977793
0.0,3.3364174
4.09223,3.6914601
0.0818675,10.46917
0.0,3.3364174
16.4448,8.437398
0.0190347,3.3364174
0.116668,2.471472
55.5987,20.647835
0.0,3.3364174
0.0222479,2.9039137
0.0,4.364596
0.0,3.3364174
0.00521469,3.3364174
0.0,3.3364174
20.5605,8.631176
45.4482,26.16277
0.0,3.3364174
0.0626684,3.5125928
0.0,2.4619646
0.0,3.3364174
0.0160634,2.0410972
14.8348,3.7091537
0.0490229,3.3364174
8.57879,5.133194
0.0,3.3364174
1.26871,4.080836
9.28192,40.41734
0.0,4.34987
12.6267,8.691103
0.0149743,3.0866854
2.45441,5.415213
1.3366,3.7515025
35.7241,34.099266
19.736,12.727779
0.413808,2.530999
0.0,2.1708944
10.7566,15.807164
0.0317417,2.349385
0.0,3.3364174
0.556268,2.6758308
0.0,3.3364174
143.863,10.564967
2.09633,2.4596486
228.807,151.13716
0.0,4.56244
0.0127622,2.834558
0.0,3.3364174
0.09266,2.993164
12.3578,5.839014
0.0,3.3364174
0.0,3.3364174
0.0995036,3.3364174
2.91784,6.431617
0.072993,3.1916738
0.0,3.3364174
0.0310281,3.3364174
0.0,3.3364174
7.62417,3.6021075
0.224348,3.0789979
10.7103,7.9833956
0.0,1.9107075
18.2872,4.5653467
3.08732,3.3364174
0.0,2.4351406
0.0095824,3.3364174
0.0443369,2.944518
619.796,155.76324
2.47544,3.3364174
0.0117334,3.3364174
0.267752,3.4018548
86.3551,44.284126
0.0,3.3364174
36.112,12.498233
19.2521,4.1662416
49.2648,29.604717
0.0,30.260506
7.29843,4.580224
2.66615,2.932699
0.0129563,2.849508
0.0,3.3364174
0.0,3.3364174
8.51378,4.689121
92.574,6.7753353
0.0,3.3364174
23.5057,12.490735
9.13831,4.781097
0.153628,2.9077077
23.6372,14.4358635
28.2793,7.187396
0.135243,3.3364174
12.3122,3.3364174
1.96747,3.512027
1.13518,2.7743945
0.0,1.9835882
0.0,3.3364174
0.0213519,3.3364174
44.6647,3.875429
0.0,3.3364174
3.66676,3.5073407
0.0144449,2.0994935
0.0,2.5566764
9.3748,6.9403477
0.0,2.3151965
0.0585232,4.0953436
0.287353,3.3364174
8.18264,6.7935724
0.0,3.0561981
0.0125772,3.3364174
0.0,3.3364174
3.68317,2.4841006
17.957,9.059086
1312.75,19.65934
0.0,6.22037
11.5735,6.052747
1.90929,3.977539
0.506804,3.0859728
2.36522,2.5357518
0.0,3.3364174
10.455,6.8648624
0.059642,3.3364174
77.9774,15.066713
1.70629,3.0174932
0.130971,3.9192863
0.411539,4.8543205
89.8552,15.669708
0.0852943,3.3364174
3.84675,2.6556427
12.7498,8.124293
0.0448181,3.3364174
33.357,16.437672
31.889,18.217001
0.0,3.0600734
11.7182,2.3759246
0.620975,3.3364174
0.0,3.3364174
3.71083,9.265445
0.183732,4.422927
0.0,3.3364174
0.900053,4.352275
16.0989,7.6813965
5.53292,4.4104667
0.0546348,2.8550189
12.3122,6.1032867
10.6593,4.5122967
0.0,3.3364174
95.5694,49.049023
0.0,2.673399
14.9762,8.806898
0.787799,20.616074
0.051393,4.3794756
7.59372,4.4686403
0.0,3.3364174
88.227,27.392496
0.0,3.3364174
0.010088,3.3364174
4.47577,4.380191
0.0,4.0475845
0.0,3.3364174
9.32373,4.049404
4.28886,2.6748996
46.9265,25.781946
0.0377064,1.8378505
36.2545,19.828424
60.3985,34.357067
0.0,3.3364174
29.961,14.591141
9.45215,8.475334
4.28139,3.5865977
12.9609,8.37048
1.84584,3.230969
0.106452,8.433846
0.0,3.3364174
0.720367,10.82122
17.9953,4.485899
32.5693,16.762068
20.3765,4.3794756
5.30152,11.581171
0.872144,2.5565736
135.592,78.1296
0.0224526,3.5050573
2.59898,2.637051
1.80628,4.6752615
0.0,3.3364174
0.00930226,3.3364174
0.0,3.3364174
0.210659,3.3364174
7.93361,4.173327
0.0,3.3364174
0.322485,3.3364174
0.673946,6.1853504
0.0148117,3.3364174
0.0558323,2.6749039
1.53848,435.86087
0.476896,2.8002
10.8334,6.842697
43.1966,10.06796
8.44341,3.0840352
19.4241,9.091666
28.1376,15.338217
0.0,3.3364174
7.70401,5.17875
29.3384,16.754309
0.0,3.3364174
123.482,71.88958
0.0,3.3364174
52.1071,4.0084653
0.180045,2.8340929
38.0254,16.065922
3.48153,23.643925
4.85285,4.656541
0.0205246,3.9080405
31.9031,3.4476414
24.8424,13.684462
0.0339982,2.5357518
16.1268,12.250165
14.8534,8.784568
0.0,3.3364174
0.0,3.2031648
0.0,2.7459104
7.84176,4.2447495
6.34268,4.3265524
0.346404,2.3431501
0.0,3.3364174
0.0647448,3.3364174
24.6134,13.567943
0.0541491,3.3364174
2.47586,2.755977
0.0,3.3364174
7.89957,4.578454
0.0,3.3364174
5.72192,4.787566
0.0,3.3364174
0.0146291,5.5796456
34.254,10.422286
1.93666,2.753569
74.3385,37.846222
10.3538,5.9623594
1.68002,3.3772984
0.0,3.3364174
19.5867,9.564331
0.0317711,2.6259892
15.2572,9.11615
6.98341,7.445299
0.0,3.3364174
11.7892,3.3364174
6.17851,6.8198996
1.61219,3.0840352
0.0100148,3.3364174
0.0,3.5144353
0.521266,3.3364174
0.0,3.3364174
0.0,4.813594
0.0633151,2.60929
0.0623884,3.3364174
18.6755,3.3364174
0.360221,3.0660686
0.0,3.3364174
2.73993,2.4227314
0.0,3.3364174
95.6333,40.215893
6.86443,5.0358715
11.3911,5.9172835
12.3578,5.839014
0.0,1.7979536
0.0181711,3.3364174
0.0,3.3364174
0.0164366,3.3364174
5.64967,4.393757
0.581551,3.6240578
0.0,2.005972
5.53292,4.4104667
0.532481,2.7059505
0.0,3.3364174
4.45915,3.66465
14.1541,8.252062
4.26189,3.2841654
0.0,8.860279
123.482,71.88958
0.0,3.3364174
0.600362,4.0953298
11.6618,7.609396
6.70987,5.562065
0.0,4.3794756
0.0,3.3364174
5.14796,3.5426054
0.0,3.3364174
0.0,3.3364174
333.491,4.853265
10.5869,6.5279837
22.9224,6.9194603
1.39764,3.166235
92.3116,5.283531
53.7064,28.481434
4.29189,3.112894
5.91939,4.116201
0.0,3.3364174
259.033,3.8881717
0.835289,3.7091537
0.00218881,3.3364174
0.0,3.3364174
11.0861,7.4680815
2.08603,2.569099
0.138812,3.3364174
21.9927,10.966555
6.70053,11.684534
0.0300559,2.458828
2.66844,3.8608737
0.0,3.3364174
142.75,16.077562
12.6111,6.398656
7.32787,5.0163803
35.8993,24.162432
0.0,3.3364174
4.18611,5.8513684
53.3892,8.719039
2.91179,3.3364174
9.73291,4.554948
1.17427,11.122708
0.0144224,2.841123
0.0466057,7.2032423
0.486516,3.3364174
0.375689,3.0862193
0.0,2.3080444
0.0,3.3364174
17.8305,5.090927
8.18658,8.226047
23.8582,4.093122
0.0480407,3.1041265
24.1481,2.9306984
41.1289,28.008871
0.0,3.3364174
0.0,2.8448784
0.0661457,3.3364174
12.6881,5.712661
0.0552115,17.836008
0.0725104,3.3364174
0.0,3.3364174
114.038,69.368965
22.6392,9.887832
0.0173895,3.3364174
0.0,1.8378505
5.64967,4.393757
0.0415193,3.3364174
7.88314,5.8241405
0.0,3.3364174
22.2375,12.840813
0.0,3.3364174
0.364178,2.805904
0.0,3.3364174
18.2872,4.5653467
23.2156,15.781965
4.64645,3.6874886
0.26799,3.3926668
1.84488,6.17099
0.0,3.3364174
0.0,3.3364174
0.899505,5.2521477
0.0,4.3954144
0.0501345,3.3364174
0.0,3.3364174
12.5219,9.253501
0.0911935,3.3364174
27.5158,13.503376
0.189837,3.3364174
13.6708,8.145967
0.26033,7.7831087
3.65862,4.0715055
231.91,11.776312
187.407,109.0041
0.542442,3.3364174
7.92071,5.766202
0.0,3.3364174
0.0,3.3364174
59.7792,26.298635
0.108471,5.7886467
0.0629534,3.3364174
0.0,3.718005
39.8531,22.794464
5.40012,4.4915915
7.05002,4.852998
58.9342,19.502382
8.67667,11.063197
3.16164,3.6153307
0.0,3.3364174
20.7848,4.490625
0.132209,2.8235817
3.99873,4.903274
0.0,3.3364174
0.0,3.3364174
18.2872,4.5653467
0.0,2.9019156
17.2072,3.8703566
0.0,3.3364174
1.14091,2.5016034
0.0,14.307978
6.83995,5.445007
21.9927,10.966555
2.33652,6.5865526
1.47614,2.304976
0.229731,3.3364174
1.58275,2.7007856
9.20009,5.94935
0.0270571,3.3364174
0.0104026,3.5163665
19.4284,9.735524
10.2463,6.213307
1.55598,2.7723267
0.0,3.3364174
6.1345,4.6355257
0.111079,2.4714556
9.4149,4.9306173
14.6375,7.642129
61.7468,33.28079
19.1121,12.535254
0.336746,7.5443487
0.148443,3.3364174
0.0,3.3364174
6.70987,5.562065
7.88354,6.8250427
0.0,3.3364174
2.88462,3.8201766
3.4731,4.183116
186.492,94.349075
0.0,3.3364174
0.0150878,3.3364174
15.8834,9.135836
17.3394,10.27504
1.70576,3.3364174
0.0,2.4485855
0.0,20.211864
6.97007,5.6180773
4.0341,5.752884
0.0,3.3364174
0.0438842,3.2071383
0.0,3.3364174
0.250134,3.0089188
0.0289529,3.3364174
59.3129,5.1949186
13.8754,4.1206775
6.81054,5.5744967
0.162525,3.3364174
0.0,3.3364174
7.1822,4.291583
6.74333,6.075275
19.4241,9.091666
4.21751,4.015918
17.0076,8.333319
0.223349,3.2549238
0.033392,2.086934
0.0,2.897307
2.96836,8.719039
0.0,3.3364174
0.0735954,2.8124154
2.07538,3.68516
0.019213,2.8899906
5.97234,5.097105
0.0,3.3364174
0.0,3.0433416
3.3563,3.81071
10.5992,5.3042336
19.3636,9.107619
9.91484,3.6844325
0.0,3.3364174
0.0,3.3364174
0.0718392,2.2626703
0.0,3.3364174
0.0,3.3364174
1.73916,3.011223
0.153238,4.6734896
0.193732,10.776926
65.9041,44.69953
0.0260902,2.6713762
0.181098,3.3364174
0.0,2.4811437
2.62049,3.1092498
13.1196,3.3364174
0.0,3.3364174
0.0,3.5260413
0.0718414,2.8087366
12.2933,7.283945
0.340281,22.631382
57.9342,46.49244
0.0,3.3364174
14.7658,4.2066936
62.2321,39.29177
0.0413947,2.122063
31.889,18.217001
15.9535,37.279984
17.6734,6.892311
0.0,3.3364174
0.0,3.3364174
22.5227,12.115452
134.521,100.33323
0.0,3.6389816
5.39024,7.2963724
13.6573,10.140116
0.0219642,4.134326
0.0299033,2.770767
0.0,2.829442
11.7336,5.4497833
0.0222586,3.3364174
0.0789655,2.9079776
1.20085,3.3364174
108.9,30.260506
0.114664,3.3364174
11.4049,6.1292915
9.41915,10.571708
25.2146,79.8851
0.0,3.3364174
26.7357,6.1083603
29.0844,12.174962
0.0,2.8511117
0.424285,2.885663
0.0,8.778017
0.0,3.3364174
0.00368268,2.8611662
0.727649,3.6057508
89.741,43.614616
0.0,3.3364174
9.91484,3.6844325
2.87073,3.6185791
0.0,3.3364174
15.6971,5.4540296
46.5786,5.483632
0.0,3.3364174
0.0,3.3364174
69.8357,34.22641
0.0,3.3364174
0.0943112,3.8975995
0.0,3.3364174
0.534143,2.1995282
49.3187,31.821318
0.549255,3.3364174
0.0,3.3364174
0.0499555,2.1179929
0.0,3.3364174
71.0243,48.632015
0.435642,2.1741538
0.423189,4.372497
45.4518,25.725815
0.628994,2.7808082
6.89499,7.0625477
2.1914,6.135373
0.553941,2.807487
0.0394935,3.3364174
131.913,40.215893
29.1625,14.595945
2.38675,4.203939
0.0,5.0967684
1.93037,6.1467443
0.83869,3.3364174
26.3314,17.395506
0.216623,2.8604589
0.0495336,3.3364174
0.040789,5.445209
55.8569,13.238377
10.2463,8.157783
32.7516,5.3749037
39.9574,19.669155
8.90506,4.386752
0.0,3.3364174
0.0,3.3364174
0.294262,2.4330902
158.364,60.574074
0.0,3.3364174
0.0,3.3364174
0.308492,3.114037
0.432429,3.3364174
0.0,3.3364174
0.0,3.3364174
4.36892,3.3548245
0.0,2.718469
29.961,14.591141
27.1771,12.553895
1.3851,15.074861
8.61474,11.433856
0.0,2.7278497
0.0,3.3364174
0.0176443,3.3364174
0.0,1.7979536
0.0,3.3364174
0.00529184,3.3364174
21.4574,12.52415
0.0,2.6556427
3.66676,3.5073407
19.5016,10.790623
29.2068,7.47256
0.0,3.3364174
14.9691,4.133153
45.5749,30.13051
0.0,3.7841454
46.5089,20.397385
0.0126236,2.4646642
0.0,2.10264
21.9927,10.966555
0.0672431,3.3364174
0.0224868,2.8160014
13.4342,7.755871
0.0,2.4692347
0.0789607,4.9192343
0.0,2.3239856
0.839133,4.0024915
29.3097,6.3823266
0.0,3.3364174
0.0,7.0596027
14.1541,9.431646
0.0,3.3364174
3.42946,3.1261935
0.0,3.3364174
1.78228,3.5242996
9.51941,6.08914
1.87581,3.5213118
13.8527,8.24225
0.0,3.3364174
6.10661,3.9121227
8.54713,4.3086057
2.12323,4.4094944
0.0,3.3364174
0.0,4.3794756
0.236539,4.3891745
2.66716,16.09334
4.36892,3.3548245
1.52665,2.3172584
49.2648,24.916182
0.346506,3.055378
0.0734416,2.116522
9.34879,4.224417
0.0,3.3364174
0.540344,9.296374
2.81657,2.5838077
0.0,3.3364174
226.44,125.50517
0.0,3.3364174
7.93361,4.173327
20.8624,10.565991
0.0734236,3.2493615
18.2872,4.5653467
42.7111,28.40042
0.02025,3.3364174
2.47472,4.1169357
0.46427,2.6232026
0.324248,2.8883185
0.0859618,3.3364174
0.0,3.3364174
16.4448,8.437398
0.0,3.3364174
0.125447,7.433262
0.0,3.3364174
11.0977,2.950516
19.3196,9.055142
0.0623884,3.3364174
9.97712,3.8372977
3.31398,3.3364174
0.571642,2.3404458
0.0,2.8566039
0.0120289,3.77847
9.57138,5.5178995
0.0,3.3364174
0.0,3.3364174
0.0883291,2.5743618
87.9496,5.252632
1.96732,3.6887407
237.319,18.511623
13.4342,7.755871
0.610725,3.3364174
2.47586,2.755977
50.7916,3.243754
0.0,3.3364174
0.0,3.3364174
0.53868,3.3364174
0.0,2.4931302
0.0,3.3364174
74.3385,47.84841
4.75134,3.3364174
2.89723,3.549331
0.127013,4.749983
0.0127124,2.6442742
39.4874,9.355011
4.50339,3.499364
40.5102,21.133091
540.622,10.250947
0.0927253,3.3364174
5.39369,19.907251
3.58947,4.169244
0.027453,2.2381384
0.0,2.0567493
0.0,3.3364174
0.0,3.3364174
2.62049,3.1092498
4.74927,4.5264916
0.0734416,2.116522
0.108294,2.4837515
4.79727,3.1788418
0.803882,2.3431501
11.6675,7.447254
0.0,4.077972
0.39772,3.3364174
0.5899,2.5357518
0.498276,2.1741538
22.0379,11.174009
0.0,3.3364174
0.0,3.3364174
3.05566,4.912816
0.1751,2.9712386
0.0,3.3364174
2.91784,2.6737587
0.300234,2.7817886
0.0,3.048518
0.174863,3.3364174
0.0,3.3364174
2.47586,3.2769723
0.0,3.3364174
0.0238001,2.57998
2.15317,2.5190632
4.24122,4.948802
2.8793,2.8978894
0.0,3.3364174
2.08647,2.753569
0.0,3.3364174
0.0,3.3364174
0.0,3.3364174
4.1897,5.573971
0.0645255,3.3205404
36.5915,21.965551
1.34405,3.993558
0.0,3.3364174
0.0,3.3364174
0.353103,2.7732732
1.90472,4.2066936
0.890859,2.9027858
5.59568,21.364643
146.641,84.27842
14.1121,8.478915
6.08398,3.4018493
0.0,2.5730383
0.0,3.3364174
8.38179,5.698759
0.966778,4.7333827
0.0,3.3364174
0.0240531,7.0625477
5.27882,4.0893025
19.4241,9.091666
82.7121,22.631382
13.1278,7.1543303
16.3773,11.211278
0.0419176,3.3364174
0.217464,2.5105906
5.39701,4.908679
9.88996,5.407379
0.0,3.3364174
39.9616,7.103347
0.051393,4.3794756
0.0,4.4976397
0.0,2.673399
0.0,3.3364174
0.0,3.3364174
0.0134532,2.5440135
23.5283,10.886939
0.0785744,9.444703
37.1852,3.3364174
18.2498,12.511982
12.3578,5.839014
0.0323811,2.6756437
15.4501,8.552948
0.0734416,2.116522
0.0,3.3364174
0.0,3.3364174
0.0,3.3364174
10.3826,6.1996584
4.83477,5.7704544
0.0,3.3364174
0.103302,3.3364174
18.2979,8.850023
0.0,3.3364174
22.5788,2.932353
0.0,3.3364174
8.21892,4.368841
0.0,14.205402
0.0,2.6809142
30.6708,20.133396
6.43976,4.157073
11.7135,5.2521477
0.0552628,3.5662866
11.3947,5.740348
0.0,2.5516427
0.0,3.3364174
9.31878,4.9674673
0.0222586,3.3364174
0.0192345,3.3364174
2.7544,4.690193
0.0734416,2.116522
0.0,3.3364174
233.507,77.89195
0.0,3.3364174
0.274167,3.3364174
60.3985,34.357067
0.0,94.93119
0.0,3.3364174
0.148869,4.220417
89.6832,42.883995
1.33569,7.4935694
0.0,3.3364174
0.0251359,3.3364174
3.34978,3.6963546
26.988,14.77701
30.128,15.386664
0.0,3.3364174
4.59297,3.367314
370.815,29.25374
9.18426,5.5141726
0.0,3.7841454
2.50284,4.0529585
0.0,3.3364174
12.5936,14.1440325
39.2243,20.51334
0.242037,3.3364174
30.6925,12.524918
7.70401,5.17875
127.197,74.28524
0.0,3.3364174
23.7563,4.8036804
1.19753,3.3364174
0.0,2.7572613
0.0897363,3.387612
0.0,3.3364174
32.6081,19.120373
0.0,2.895318
0.0,3.3364174
61.6673,25.298954
0.0159109,3.3231874
0.0,3.3364174
4.85685,7.6798
14.9497,3.3364174
0.0443369,3.118987
0.0415193,3.3364174
0.0,4.310066
1.30415,3.7329307
619.796,155.76324
2.8793,2.8978894
18.209,30.05986
0.0,3.3364174
102.929,10.02882
5.34145,5.1662498
2.47586,2.755977
0.31996,2.5357518
1.21089,3.3364174
74.3385,47.84841
397.601,132.1237
0.0576959,3.3364174
0.0,3.3364174
0.0401582,3.3364174
0.0308414,3.4596906
2.8163,3.8917077
1.70576,3.3364174
39.5927,27.89255
0.614049,2.8243332
0.182358,3.3364174
0.0,3.3364174
0.0,3.3364174
10.8422,7.5769405
27.0281,14.341263
1.67192,3.0840352
1.69555,3.0816336
16.0812,5.5235777
0.0115032,3.2618828
10.6686,6.4668474
0.0,3.3364174
6.28842,3.7633905
0.0,6.929899
0.00610409,2.6490932
38.0233,19.29022
0.0,3.3364174
0.0,3.3364174
0.0,3.3364174
18.209,11.988318
26.6208,15.2925825
0.0,10.561026
0.0573763,4.060864
0.0,3.3364174
89.6832,46.43515
0.0573763,3.3364174
3.41898,3.906323
3.90281,2.5095892
22.0379,11.174009
0.0,3.3364174
67.4523,9.332505
0.156903,3.3364174
6.73907,5.8867483
0.0309796,2.8734531
0.199732,3.8054447
0.0,2.471472
0.0181711,3.3364174
0.0578019,2.9195995
0.0,2.10264
0.0,5.740348
0.207724,2.2374969
4.33643,5.3289824
0.0,3.3364174
987.415,10.923983
0.473766,7.288726
20.3765,3.7297077
8.99745,8.989165
0.26033,9.901027
0.0,1.9835882
0.0,3.3364174
1.61403,3.3968177
11.2349,4.619657
20.3765,3.910596
0.0,3.3364174
0.0,3.3364174
1.00624,2.874809
3.43098,3.9915533
0.219512,2.2256281
7.92102,3.3364174
0.0,3.3364174
23.5057,12.490735
73.7988,29.132416
0.0593326,3.4048276
0.0,3.3364174
1.99104,4.329333
0.106799,3.3364174
0.0,3.3364174
69.8357,34.22641
0.458468,4.7784414
0.264436,2.7230759
7.72727,4.5117674
0.0,3.3364174
1.42191,12.460705
0.0270327,3.3364174
0.0,3.3364174
0.0319741,3.3364174
17.3573,8.284498
5.78663,3.729945
0.051393,3.910596
0.246802,3.3364174
0.0,3.3364174
0.051393,4.3794756
0.0317711,2.316188
24.3086,15.957639
57.891,35.52382
0.0,3.3364174
40.1683,11.433856
0.0,3.3364174
0.0950008,3.3364174
0.0137033,2.5543861
20.3765,3.910596
5.57925,4.6479025
12.2817,7.5620193
24.6854,12.13788
7.2347,4.106681
201.331,144.46866
9.9192,4.0670404
8.4425,4.8124714
69.8534,14.948034
0.111893,6.9412527
0.0,6.9707565
4.74985,3.9444125
0.0,3.3364174
0.0274204,3.3364174
0.0,3.3364174
0.0,3.3364174
11.6058,6.591138
7.28997,3.8760855
20.1227,13.562242
0.0,3.3364174
95.5694,5.3905716
0.0,3.3364174
0.0,20.211864
4.92439,4.190407
0.0140005,3.3364174
5.29286,3.5380957
0.504247,2.396641
7.29843,4.580224
9.34879,4.224417
82.423,43.955357
6.3236,4.953026
0.0,3.2023506
0.330802,5.061789
0.0,3.3364174
15.7275,7.1991777
28.003,16.46185
15.9535,37.279984
7.81563,3.6115007
0.0,2.5763404
0.0,3.3364174
92.574,7.0625477
0.0,2.2385268
230.705,179.78835
0.0,3.3364174
1.0646,4.392694
27.7688,15.449157
0.0,3.3364174
11.2349,4.619657
0.0,3.4940395
3.31365,3.4967554
0.0,3.3364174
0.0,2.9880986
15.4538,3.9736626
9.18391,9.107619
23.5057,12.490735
76.9977,46.39988
17.0222,10.589997
0.0,3.3364174
3.80736,3.3364174
24.4617,14.030092
0.0,3.3364174
13.6032,7.6817675
19.3196,9.055142
2.09633,3.3613284
4.74741,4.510025
18.836,9.778698
0.0,3.3364174
2.29405,2.5105906
26.988,14.77701
0.322745,2.5632305
8.59654,17.487682
0.0274204,3.3364174
0.511178,4.0139947
0.0799573,3.3364174
0.0,3.3364174
4.66756,3.709917
0.0,3.3364174
39.4874,23.881166
8.20516,3.8667703
0.232211,10.965813
0.0,3.3364174
169.019,3.3364174
1125.9,151.46733
0.0170887,2.28792
8.44341,3.0840352
0.0,3.3364174
8.4425,4.8124714
0.0,2.0696166
9.41098,3.1496406
0.0,2.4848871
0.280038,54.252518
0.51474,3.9386437
0.123102,4.313018
1.12501,2.6487184
0.0,3.3364174
21.7269,13.616259
0.0219642,3.6223354
3.32243,6.332138
0.0,3.3364174
53.2671,30.02311
9.47172,5.1664877
2.64652,3.0672317
0.0377064,1.8378505
111.051,10.353049
10.8471,4.412651
0.00905912,3.0036118
4.87841,5.508606
0.0,3.3364174
0.0272644,2.474775
11.6645,5.7789764
21.9108,11.222451
13.3558,3.7677898
0.028893,3.1642456
29.2461,13.557779
127.197,67.75835
0.299788,3.2458289
0.0,3.3364174
19.6877,11.103928
0.0,3.099554
7.7561,7.3953896
0.678751,3.3364174
2.91861,3.3364174
0.647028,16.623299
0.0,3.3364174
0.0,3.031466
3.45128,3.7634454
4.74741,4.510025
80.836,44.150402
0.0,3.1647296
0.0,3.0561981
3.81662,4.2453218
0.0,3.3364174
25.2336,4.8730583
2.33011,3.3364174
51.2472,28.25586
5.22933,5.689184
14.0998,10.206522
0.0230888,3.3364174
32.6296,27.9269
0.100459,3.3364174
9.53957,3.3364174
36.044,19.505573
8.98008,5.4009686
0.0112075,3.3364174
7.7064,9.152625
0.0488949,3.3364174
25.8726,6.6437855
0.645114,3.3364174
0.0713237,3.877811
0.0,2.485593
0.080121,3.3364174
9.24237,5.237191
35.0216,18.269629
0.0,2.4351406
0.0,2.4619646
0.0184449,3.3364174
10.2554,5.924106
3.72617,3.249671
0.0,2.4782853
26.1965,10.94341
7.93916,4.576455
3.72617,3.249671
149.689,3.3364174
19.1213,9.321577
40.4993,22.217024
11.3063,7.9245424
0.125719,1.9768755
0.112871,3.3364174
4.26574,3.3980799
1.55944,3.4869485
31.7686,16.835033
0.344931,3.3727407
1.2981,3.3364174
0.0367091,2.1789854
0.0,3.3364174
0.869482,23.297632
2.92734,2.9307618
0.0,3.3364174
200.795,144.68835
0.00964872,3.0152025
41.5651,25.864956
0.365597,2.8340929
0.816026,7.491269
0.0,2.015686
208.249,8.235738
0.0,4.014447
33.1188,19.22243
0.0,3.3364174
42.3715,4.310066
0.5899,2.5357518
0.0,3.3364174
0.0,3.0848649
19.3857,13.999808
1.00982,2.726653
3.31146,4.1389947
0.0,3.3364174
196.96,163.07246
0.0,3.3364174
20.9778,12.947538
20.3065,10.629053
62.0056,37.002766
0.105902,17.71535
1.67192,3.0840352
0.0,3.3364174
0.287353,3.3364174
0.0,3.3364174
0.0,3.3364174
69.2914,2.8053684
0.620975,3.3364174
1.93666,2.753569
37.4822,21.193914
0.0735725,3.2562613
21.7269,13.616259
1.49141,3.1335402
47.556,8.080463
6.32027,4.480446
0.0706443,14.677294
40.2252,17.464869
11.5061,5.879334
19.3196,9.055142
0.0227304,1.8378505
82.423,43.955357
0.0,2.9771357
0.0,3.3364174
0.496241,3.0363178
0.974311,5.1787167
15.7976,10.381569
0.0929784,3.601711
9.18391,9.107619
4.4131,8.27105
0.0,2.5644553
50.5521,8.495065
66.5085,27.519417
9.25745,4.8774624
0.0471651,3.9482698
1.48575,3.2122257
5.52068,3.290199
0.0,3.3364174
14.2404,2.4619646
22.5174,8.6533985
14.2894,11.676399
0.0734416,2.116522
0.0541491,3.3364174
65.8054,36.747757
29.0844,12.174962
0.0,2.4931302
0.0995036,2.877873
1.20083,2.4195418
21.2297,8.984484
0.0,2.8420486
16.29,7.098915
37.887,10.37362
0.0372422,2.868887
24.3026,6.4779816
0.0,3.3364174
0.0,3.3364174
8.54155,4.40992
47.6788,11.861882
35.2742,12.509987
0.885176,6.1062956
0.0,3.3364174
0.0,3.0873728
0.0,3.3364174
0.0734416,2.116522
0.00808029,2.1835709
0.0,3.3364174
0.0789607,2.7977529
33.4851,12.293539
0.0,3.3364174
11.4008,5.3558435
0.00874122,2.38624
0.0143126,3.3364174
22.5788,5.9622912
2.57179,3.060981
14.6294,3.4940395
0.0190806,2.2882724
0.0484491,2.3431501
38.7644,20.564268
0.0,1.7979536
0.0,2.7822158
8.30844,5.029582
0.170942,3.48634
23.8908,6.793478
154.968,86.3568
27.4125,3.3364174
0.0,3.3364174
0.0,3.3364174
0.0,2.1195369
7.13458,4.0162783
36.2545,19.828424
0.0,1.9835882
4.39634,3.477879
8.18259,7.9666967
0.0129072,3.3364174
0.8503,3.4179254
0.0,2.8713174
86.3551,44.284126
115.716,27.514608
0.0376121,2.1033401
24.0097,16.751204
1.16065,6.9701195
0.145632,3.3364174
0.388369,20.616074
0.0610322,3.3364174
0.0,3.0123413
0.0,3.3364174
0.0,3.3364174
21.5036,15.9172535
0.0,3.3364174
0.0558077,3.3364174
8.46153,3.6298304
20.3765,4.3794756
0.0,9.700691
15.662,8.174099
0.0413947,2.122063
0.0,2.6579084
167.223,20.778181
0.201269,2.4413016
0.131854,3.697992
0.0,2.5216727
1.3366,3.7515025
0.31996,2.5357518
4.42726,3.1092498
7.00393,4.6194715
0.496241,3.0363178
0.00982372,3.3364174
0.0,3.3364174
26.9925,5.0687094
9.40205,5.840901
3.62445,2.940836
0.0,3.3364174
7.80756,5.0875454
7.54107,4.6410065
4.21318,3.5470161
2.30368,10.777009
0.168757,4.3243747
0.0,5.740348
8.74897,4.500188
22.5174,12.373605
0.123055,3.3364174
1.26098,2.4619646
0.0874501,5.964595
9.57138,5.5178995
4.61178,3.6701298
25.9758,3.3364174
0.0170975,2.555727
36.1902,24.886028
6.89649,4.67669
9.25835,5.0930934
0.0,3.3364174
8.73149,4.761037
0.00483917,3.3364174
11.3911,5.9172835
20.2034,14.495718
0.0616941,3.3364174
0.0,3.3364174
4.42681,3.6660547
22.9447,15.325248
0.868527,3.3364174
0.252591,3.3364174
0.0734416,2.116522
2.29766,3.7738326
0.275986,10.081973
14.7008,4.623816
21.5036,8.980372
0.0,2.7268958
11.731,11.233433
0.0,3.3364174
10.479,4.0327015
0.471737,2.4863207
0.0226457,3.3364174
0.0,3.3364174
0.0,3.3364174
0.0181138,3.3364174
26.1965,10.94341
4.545,2.5357518
0.0,2.6480796
10.2115,5.9141917
0.0194222,3.3364174
0.31996,2.5357518
0.0931813,3.3364174
4.33811,3.681491
23.0079,15.325548
0.0,3.3364174
0.0,3.3364174
14.8558,6.6846523
0.0126912,3.3364174
33.1188,10.342447
3.40206,3.6623397
42.2709,7.8046083
0.181625,2.3313837
0.0,3.0583196
0.876184,9.135836
20.4762,14.052093
0.0,3.3364174
0.656383,3.3364174
5.64259,4.2655826
0.0,3.3364174
0.0591538,3.3364174
0.0,3.3364174
58.088,30.122955
0.215631,6.62776
23.0886,13.718674
0.119957,2.208628
12.4414,5.697874
0.0317711,2.316188
4.58484,5.5109797
0.0485279,3.3364174
4.21751,4.015918
0.0,3.3364174
0.0,8.984284
0.127514,2.354419
0.814752,3.8334756
0.276195,3.3364174
0.868541,17.832405
47.8693,4.7408304
135.348,67.19417
0.0,3.3364174
0.0,2.1195369
0.652652,3.8643284
4.0899,3.3364174
0.0,3.3364174
1672.53,528.6221
9.67349,9.872316
2.92734,2.9307618
14.3224,8.401811
0.748226,2.9680717
0.0757449,2.320283
44.8206,8.824418
0.144784,2.104059
2.59898,2.637051
12.4692,4.891646
11.2349,4.619657
26.1965,10.94341
11.9358,6.80357
5.78663,3.729945
0.128932,3.3364174
5.4147,4.3975043
6.32027,4.480446
0.0,3.3364174
3.31974,4.126671
1.00717,3.2899683
43.6408,9.029568
0.0507568,4.7408304
11.5258,8.309398
0.214922,3.1682374
11.5518,3.3364174
0.0,3.3364174
397.601,132.1237
0.185664,2.6846237
3.29546,3.43151
22.6392,9.887832
0.0,3.3364174
0.0187635,3.3364174
0.0,3.3364174
0.66808,2.755977
0.0490229,3.3364174
0.0,6.6187515
7.21241,3.8192704
0.0,3.3364174
7.71801,11.286893
0.0,2.6579084
6.18238,3.3364174
2.16773,3.0848415
0.0,3.3364174
251.292,45.25909
0.0,2.6556427
0.051393,4.3794756
0.0,3.3364174
0.0,87.71057
0.0,3.3364174
0.0,3.3364174
4.47958,6.9967356
0.0,3.1133592
3.43098,3.9915533
13.3634,6.886491
0.937009,2.9660497
12.5311,6.4279404
0.0719362,3.3364174
89.6832,42.883995
2.92301,3.3364174
0.178451,3.3364174
9.56915,5.85837
0.0,3.3364174
0.0,3.3364174
0.43431,3.5367148
25.2971,20.801188
0.0641311,2.530999
0.0,3.3364174
0.0,123.35129
0.0,3.9455097
14.6904,4.3421593
0.314417,2.6736262
0.0,3.3364174
6.40439,4.2820473
0.0131354,3.3364174
0.0,3.3364174
9.75614,3.5918336
0.0,3.3364174
0.0263074,3.3364174
0.222996,2.6758308
11.6114,5.133194
7.27815,19.842329
0.144784,2.015686
0.0,2.1741538
11.2831,6.38247
0.0,3.3364174
1.21707,2.3576505
5.16592,4.4656696
11.6114,5.133194
0.43545,3.3364174
0.0,3.3364174
32.6296,27.9269
22.2012,5.1042213
0.0,2.8642237
0.0932137,4.7924576
4.74985,3.9444125
5.5232,3.3364174
0.275945,3.3364174
0.123151,3.3364174
9.07465,11.938047
0.582167,3.381307
26.4655,16.305782
18.1432,13.689725
0.530209,2.343648
0.0489275,40.215893
0.785868,3.0538807
13.6716,8.536771
0.0,2.814692
0.099631,3.3364174
2.96133,4.0661983
0.712285,4.093122
68.9289,43.59834
30.4823,6.9707565
0.0,3.3364174
0.0757449,3.3364174
29.8626,12.9472065
4.51348,3.9824598
2.59898,2.7197037
5.85685,4.1506805
8.51798,4.5013733
5.29084,5.3730283
5.4147,4.3975043
2.56798,3.479744
1.29001,3.5675015
0.257321,3.3364174
0.0,4.2129745
20.3765,4.3794756
13.3312,7.5340796
0.0,3.3364174
10.2132,20.472462
57.049,3.3364174
0.0134822,2.555435
2.19107,4.0563817
4.52996,6.1062956
0.0,2.8455057
2.68224,3.8667703
0.105614,3.3364174
0.0118933,14.037632
0.0,3.3364174
0.0,3.3364174
0.144784,2.104059
26.9829,20.417072
0.0569825,3.3364174
0.0,3.3364174
12.4324,16.70742
0.0,3.3364174
38.4291,27.2141
13.2442,4.9196534
0.0,5.8838196
16.5966,10.09669
0.0436978,3.3364174
0.0651436,3.3364174
24.3914,8.448276
14.6375,3.3364174
0.0,2.6658115
2.02652,2.4552228
2.18458,2.5153875
0.318429,8.369803
1.43546,3.3364174
0.0,2.4300833
0.512462,5.82708
0.0,3.3364174
1.61856,10.271583
0.0,2.873087
2.85747,3.1727786
13.2385,7.969529
0.0973958,3.3364174
1.19533,3.49185
3.84675,2.417862
0.532481,2.7059505
6.79786,5.905011
0.0129563,2.849508
0.0,2.6833758
15.4143,3.1092498
3.07596,3.8106725
0.300234,2.7817886
5.80679,5.2650776
11.0861,7.4680815
0.0,3.3364174
4.85574,3.9624262
0.205377,2.4032655
38.0233,19.29022
0.0,3.3364174
2.08647,2.753569
2.91784,2.6737587
2.70055,3.3364174
0.0,3.3364174
5.31933,3.8448496
0.0,3.3364174
5.54419,5.3282213
4.55759,6.57096
0.0,10.46917
0.154268,3.3364174
0.0,2.462665
6.86443,5.0358715
0.082366,3.3364174
30.7603,4.7670717
0.287353,3.3364174
0.0,3.3364174
0.0,3.3364174
46.4472,28.241316
11.925,4.3160505
13.4342,7.755871
0.476896,2.8002
0.156659,3.3364174
0.0619506,3.3364174
0.0,3.3364174
5.90745,3.6473844
0.0534402,2.9079776
0.162755,7.986169
13.3117,9.132343
12.6673,23.67669
0.0,3.2294898
0.0132763,3.3364174
0.0,3.3364174
0.0,2.722073
5.31933,3.8448496
0.112871,3.3364174
0.0,3.3364174
0.00927739,3.3364174
0.0774752,3.3657155
0.535937,3.3364174
164.174,8.994235
0.0,3.3364174
12.6388,5.743302
0.0,3.3364174
13.2992,6.4767447
0.881826,3.3364174
0.056115,3.3364174
11.7977,7.5699396
14.4675,6.061972
24.5398,13.301601
19.0973,7.7831087
3.42946,3.1261935
1.62318,2.970814
0.142322,3.3364174
13.8431,8.110873
12.8011,9.645873
0.218525,2.8353286
0.0,3.3364174
28.3842,15.961136
20.2765,10.575449
0.0,3.3364174
3.1782,2.6469998
9.95179,5.957254
0.0,3.3364174
20.1574,10.833141
13.8431,7.697647
0.0,3.9313588
0.272188,2.2448816
6.5619,4.249446
6.82818,3.8121681
0.0,2.015686
0.182946,11.88576
0.00571813,3.3364174
20.3765,4.3794756
0.0755944,2.2088218
0.134388,4.1206775
0.0995542,2.1476645
228.807,151.13716
17.6053,9.739553
0.0,2.9333324
1.5047,3.2922115
0.0,3.3364174
4.37563,3.110254
4.12438,4.922376
35.7609,15.553648
0.0,3.3364174
0.0339982,2.5357518
6.73375,9.231134
11.9358,6.80357
0.0407668,3.3364174
0.0,3.3364174
0.0,2.7594743
0.762179,4.2661023
17.4509,10.221443
0.217464,2.2878156
10.455,6.8648624
0.0,3.3364174
7.49617,5.801465
0.106379,4.0059853
22.5511,14.377564
53.1995,23.134176
0.0654067,3.3364174
0.0,3.3364174
66.8852,2.8514755
0.0,6.3728323
0.168411,8.136817
0.0,3.3364174
174.296,112.97718
2.26045,4.3442907
0.041474,3.3364174
0.0,3.3364174
7.72727,4.5117674
0.0,3.3364174
0.383809,3.3364174
11.7977,7.5699396
5.09901,3.839182
0.0257749,3.3364174
8.34417,5.232174
30.2599,18.892162
19.4241,9.091666
0.0,2.8754017
0.0,3.3364174
0.0,3.3364174
11.7739,6.5453806
0.0,3.3364174
0.0,3.2300246
0.632674,2.2519693
0.0,3.3364174
6.06853,3.5467749
0.0236888,2.3468316
0.0,3.3364174
31.889,18.217001
3.29546,3.43151
0.0,3.3364174
4.54406,4.0373206
0.0,3.3364174
0.211532,3.3364174
23.569,12.80114
0.0803971,3.3364174
12.6916,6.791834
0.0,3.3364174
7.18403,9.665749
0.319336,2.9146986
17.5039,10.985007
0.0,1.9835882
258.84,53.01138
53.5033,26.828169
0.105389,3.3364174
4.56991,15.868638
7.29843,4.580224
6.32027,4.480446
0.0465422,2.9902117
8.13805,5.047414
0.639668,3.3364174
74.3385,43.78373
0.0,3.3364174
18.1842,8.614729
0.328867,3.3364174
18.8538,13.622042
0.086773,2.7365446
0.102832,2.952393
21.5036,13.932036
0.0,3.3364174
0.0,3.3364174
19.4241,9.091666
0.0831501,3.3364174
9.79811,7.709443
10.2463,6.213307
0.524087,2.3953934
0.0,3.3364174
5.05006,3.3364174
30.0849,18.892162
4.0058,3.591076
0.00808029,2.1835709
13.8586,10.924276
18.9248,7.0362654
0.211054,3.3364174
10.5478,5.5489593
0.301423,3.1092498
0.0,3.6298304
21.3993,6.2850113
6.328,3.8490543
0.0,5.1668434
8.74772,4.1007013
0.0,3.3364174
1.16659,10.606548
56.992,31.003155
0.0,3.3364174
9.87826,6.3019266
2.29225,5.013316
0.0546348,3.3364174
4.91671,3.4967554
0.301423,4.2416506
8.80649,5.7846394
8.94272,4.328532
0.0,3.009513
3.61257,3.058475
31.1438,3.7982047
0.521266,3.3101585
1.47888,4.0024915
0.134373,2.3787909
0.0,1.7979536
17.2867,5.178555
22.6392,9.887832
88.2999,55.643116
15.332,8.294312
22.0206,11.043509
0.431208,6.519577
8.67667,4.917551
0.113443,13.397188
0.559874,12.409354
0.0,3.3364174
0.0,3.3364174
69.591,32.943954
0.0,3.0055246
0.0,3.3364174
8.46153,3.9313588
1.27604,4.5882864
0.0297383,2.9266932
9.60602,5.851963
10.8366,5.8545694
25.3641,13.090883
9.91484,3.6844325
18.8914,8.825601
0.030774,1.9528329
4.75134,3.367632
6.17822,5.2914286
0.0563849,3.3364174
23.1255,13.111199
10.7073,4.9462805
4.33481,4.8133254
0.0908411,2.6611278
0.0,2.973689
5.64967,4.393757
1.02305,5.6545916
86.6865,53.653698
0.261045,3.3364174
0.0,3.3364174
0.0,3.3364174
5.64923,7.946842
0.0,3.3364174
1148.4,8.387917
12.7752,9.4379015
12.9993,7.912098
27.4685,9.101454
36.2545,23.478342
0.0,3.3364174
0.0,2.5163138
1.11208,9.784761
0.0,3.3364174
7.03976,3.3364174
4.38561,5.627059
18.2498,12.511982
3.7505,12.82042
0.0129563,2.849508
0.0,3.3364174
0.238702,6.140912
0.0,3.3364174
0.124658,3.3364174
1.1301,3.2351003
2057.03,7.355462
0.0822271,3.515265
8.95032,4.332989
25.4868,13.1699095
0.0,2.3055189
1672.53,528.6221
0.0,2.0905116
25.8992,16.640104
17.9842,7.760517
5.59409,3.3364174
0.0,38.33639
0.0262574,2.5172126
0.152526,3.3364174
0.0,2.3071227
45.9039,34.36174
38.3952,3.3364174
0.0,9.453339
0.0,3.3364174
0.0722183,2.490884
0.0,3.3364174
0.0,3.3364174
0.0,3.3364174
7.29843,4.580224
0.0,3.3364174
0.0681974,3.3364174
0.0,3.3364174
15.3208,4.135236
0.0,2.3473563
25.6865,14.873107
1.21027,3.3364174
0.0,3.3364174
0.0,2.917691
6.24168,8.824224
16.9082,8.341088
0.454014,3.3364174
1.51978,2.8615294
16.1453,7.0997915
0.0,3.3364174
0.0,3.3364174
0.0,14.431486
7.30451,4.34987
0.0270743,3.3364174
5.96252,3.3364174
0.0,3.3364174
17.5039,10.985007
222.75,152.36708
74.3385,37.846222
4.59627,5.715033
0.0,3.3364174
0.0198191,3.3364174
2.45846,4.8148203
4.88202,4.195503
15.332,8.294312
8.8373,2.8529425
0.0,3.3364174
7.89957,4.578454
8.15758,4.764442
0.0,3.3588936
46.0233,21.133091
0.0,3.3364174
23.5057,12.490735
8.58381,5.65919
0.0,3.3364174
1.41397,3.089135
0.512127,3.9016433
0.535877,3.6223354
0.656222,3.3364174
0.0,3.3364174
0.397739,5.267481
20.8624,10.565991
0.0,3.3364174
11.1964,5.94905
0.0,3.3364174
32.6081,19.120373
22.6392,9.887832
8.23375,10.97594
3.60174,3.7533193
11.2349,4.619657
0.127347,3.4837494
1.11499,5.964219
0.0,3.3364174
0.501173,4.562869
0.029949,2.8429587
9.63148,5.9914637
1.17489,4.304757
2.77831,7.3813124
0.0,3.3364174
0.183247,2.8204045
17.9272,12.698945
20.497,15.6844635
0.0,3.3364174
36.891,7.4278326
85.5778,56.721306
0.0166872,3.3364174
0.0645255,3.3205404
0.0,3.3364174
0.0,2.4093273
0.0382792,3.3364174
0.16748,3.2458289
11.2349,5.9112473
0.56614,2.8323064
15.5377,12.246616
3.21659,6.4666557
0.0,3.947589
0.0,3.3364174
0.597943,3.3032722
0.482503,17.712877
3.10352,11.991716
0.0244278,2.3986564
3.35149,6.6563473
20.945,10.489616
0.0200258,3.9334273
17.1223,5.1263866
6.85145,6.148076
3.60176,2.902082
0.02025,3.3364174
185.622,3.3364174
2.49685,132.1237
6.33952,4.797
0.0,3.3364174
0.0438842,3.2071383
4.4869,3.610056
0.392561,3.3364174
3.92962,3.0363178
1.45006,3.169338
0.0105662,2.593728
17.9889,9.255664
0.582328,5.1787167
6.08398,3.4018493
0.430381,3.055378
0.0214824,2.3071227
0.441196,3.1352456
0.0394029,2.4814725
0.0657912,2.7969074
7.88268,5.056197
0.26033,7.400386
0.0,3.3364174
38.3952,13.168161
4.22201,3.4386134
9.83226,6.338236
0.0,3.3364174
0.0,3.3364174
0.0283879,2.4533274
32.2663,17.052671
1.72756,7.766836
14.8102,9.096409
47.7097,6.523059
0.0,22.43199
0.0213137,4.4154587
0.0,3.3364174
13.509,3.3364174
0.53919,3.8351882
14.7048,8.826862
0.0,2.2332413
0.0278917,2.449212
16.8988,10.051254
6.73907,5.8867483
120.835,79.955894
6.8158,175.19588
0.0,3.2497747
7.00254,7.8028812
0.0,3.3364174
13.3136,7.687723
0.127069,10.37362
6.54572,5.623972
0.0,3.3364174
178.517,5.939267
0.0,3.3364174
12.2701,7.6123075
0.0,3.3364174
1.40665,2.863246
0.0274204,3.3364174
0.137484,4.2125683
0.0,3.3364174
2.27419,6.321563
5.73474,3.5001607
0.0,3.3364174
0.0,3.3364174
0.0,3.3364174
0.0296009,3.3364174
1.17735,3.367314
0.0438842,3.2071383
0.160392,3.2923236
0.0,3.3364174
14.2386,6.719204
0.377764,6.199647
0.0,3.3364174
31.7122,20.075268
0.0,3.3364174
0.0,2.7753072
0.0179047,3.6844325
0.0,3.3364174
0.0,2.4089854
0.0,3.3364174
12.9969,6.1483364
108.9,15.041669
0.0,2.805494
0.0261254,3.3364174
0.0,3.3364174
0.0,3.3364174
3.96255,4.572236
60.3717,30.826977
0.0,4.94499
0.0,3.3364174
0.0263781,3.3364174
2.68224,3.8667703
0.0,3.1782913
47.3513,6.2394857
0.0407668,3.3364174
370.815,29.25374
30.7785,12.291785
0.0,3.0561981
0.0790217,3.3364174
0.53003,3.0482063
9.03346,5.351386
17.8236,39.148125
0.0,3.3364174
0.0,2.2661128
13.2992,6.4767447
0.0579628,4.8440914
0.0,3.3364174
0.121479,8.913063
0.0683726,2.0581443
0.0,3.3364174
0.0,3.3364174
22.5174,8.6533985
0.0,3.3364174
0.0,3.3364174
0.0,3.1234403
0.0,3.3364174
40.2252,17.464869
0.0276208,3.3364174
0.0,3.4940395
8.59654,11.457602
433.955,302.2426
22.4149,12.664999
0.168818,3.3364174
45.9852,3.3364174
0.0,3.3364174
6.77438,4.1639814
16.1453,7.0997915
17.6613,12.458442
0.0,3.3364174
0.536924,2.2519693
0.0,3.3364174
8.31722,17.815487
15.3241,4.077972
23.4437,5.095433
6.09898,4.2371874
0.441484,13.901515
2.46857,3.3364174
0.0,2.8455057
0.165727,3.3364174
52.9832,13.209556
0.0930278,3.3364174
0.0,3.0976243
0.955229,9.096695
31.889,18.217001
0.0898809,3.4884896
0.97247,2.3789768
1090.25,4.2949286
8.57879,5.133194
0.0,3.3364174
4.63619,4.3199143
3.62445,2.940836
1.85969,5.118408
0.0,2.514261
0.0,3.3364174
7.80756,5.0875454
9.18444,5.3851433
8.60295,6.291862
0.0,3.3364174
0.0,2.8045046
0.0,3.7732012
13.6965,6.493305
56.992,31.003155
0.361531,2.7244713
96.6188,41.95501
0.0766251,3.823534
0.0,3.3364174
0.0648194,3.3364174
0.0180207,2.9010751
11.3771,8.532819
3.43723,6.48081
11.3947,5.740348
10.3114,5.2497673
0.0,3.1695344
0.0,3.3364174
14.5324,4.10375
123.679,92.567215
9.9387,6.5274744
0.0,3.109867
7.93361,4.173327
18.8462,12.303011
3.68034,3.3364174
0.147257,3.3364174
38.0254,16.065922
3.80485,3.2428017
19.5867,7.0625477
3.71311,3.3718362
6.86627,14.369579
0.235774,3.3364174
4.54025,4.537079
110.913,54.112522
4.252,3.64118
2.36147,3.8905506
0.0226374,3.3364174
0.410641,10.202534
21.7269,13.616259
17.4135,8.6282
1.16449,3.2827282
0.0,3.3364174
0.269299,2.0104346
10.2067,8.6576
13.4342,7.755871
0.462918,2.5067382
21.4696,10.744222
36.3421,26.480434
11.3212,6.733573
19.1489,12.731549
0.0,3.3364174
0.0,4.501995
13.7664,7.0083437
15.8452,16.455198
0.310734,4.2295036
9.31878,5.638568
0.0575503,3.3364174
0.40315,2.3055189
19.8674,6.099585
0.0,3.3364174
0.0,3.200354
5.89798,4.2926035
0.434756,3.3364174
0.241438,3.5689917
0.0304159,15.849421
0.0508101,2.4176395
7.88359,6.123381
5.02841,2.5373843
0.117386,3.561976
0.0,3.3364174
13.6965,6.493305
5.91939,4.116201
20.2414,7.049428
13.2496,3.3364174
0.0,2.8751657
8.30447,3.3205404
0.123364,3.9714613
86.3551,44.775394
9.85834,7.588443
8.61256,6.365756
3.8617,19.313229
0.23267,8.33584
12.3794,4.9588704
0.0,2.3080444
0.0,3.3364174
0.396008,3.301877
0.0,1.9835882
0.161006,2.4724622
0.0,3.2474155
0.0,3.3364174
2.64652,3.0672317
0.0,2.8078833
9.4149,4.9306173
18.1396,9.89955
0.0,2.6556427
13.0144,3.3364174
0.0209738,3.3364174
0.121209,3.3364174
11.3911,5.9172835
0.0,2.8706536
0.0803287,3.3364174
8.203,26.892145
0.0,2.5550349
0.524087,2.3953934
0.0,3.3364174
1.03734,2.6747444
0.0,3.3364174
7.77056,3.658031
0.0,14.941419
68.9289,43.59834
0.40574,3.3364174
12.3755,5.7533493
3.60176,6.7042913
14.4902,7.4991865
0.104821,2.1741538
0.0,3.2294898
12.8303,31.683933
0.0,3.3364174
0.0,3.3364174
8.21892,13.227736
1.9201,10.42915
0.0,3.3364174
0.02025,3.3364174
0.0,3.3364174
6.38249,4.8934174
0.0,3.0123413
0.0,3.6518471
0.0947648,3.3364174
38.012,13.999808
11.3911,5.9172835
0.0486026,10.126506
39.7765,23.941538
0.105717,2.8688996
0.26033,7.400386
11.5518,8.266675
0.0,3.3364174
24.7055,12.86624
24.1123,4.071674
0.0,2.5566764
4.27692,3.8745418
0.0211065,3.3364174
3.628,7.776186
0.0261254,3.3364174
22.0206,11.043509
26.1456,14.247986
0.0,3.3364174
38.4839,18.5284
0.0,3.3364174
0.0,3.3364174
0.0304184,3.3364174
20.6263,11.174275
0.0597723,3.3364174
17.5554,31.259031
0.0,3.3364174
7.96072,5.823395
0.0,3.3364174
0.153007,3.3364174
0.0174459,4.0958166
11.4008,5.3558435
0.0,2.5516427
0.0,10.46917
0.0,2.593728
2.62049,3.1092498
1.02611,3.5513237
0.0,3.3364174
0.0,3.3364174
9.4149,4.9306173
126.18,55.37777
2.7544,8.3721895
0.0,2.6556427
26.0752,16.123652
20.6311,13.20822
0.024356,2.3902524
5.14796,4.2420964
1.69762,3.2398574
0.0,3.1695344
0.0,3.3364174
0.129307,3.3364174
0.0747703,2.6450775
0.542215,2.7861524
0.016778,2.711832
27.6241,5.9844313
0.0,3.3364174
24.1123,4.071674
0.0,3.0883865
0.0,3.3364174
10.2809,8.663711
63.9398,9.836077
0.0,3.3364174
0.0,3.3364174
0.0,3.3364174
22.4149,15.486876
0.0,3.3364174
0.831891,2.925069
0.526505,6.1813087
2.87896,3.7194705
0.116024,3.8067217
115.353,57.648705
0.0,3.3364174
7.18879,3.0123413
0.0,3.3364174
0.0,3.3364174
42.5577,8.623963
20.9778,12.947538
0.0,3.7670465
0.0,3.3364174
0.196308,5.1567984
0.096906,3.3364174
6.02159,3.3932424
21.5605,15.5430975
0.0,1.9654387
0.259034,4.781097
63.6629,32.574398
0.0,3.7670465
0.0,3.3364174
0.0,3.3364174
6.34788,2.8209937
2.74106,3.2902179
0.0805441,3.3364174
0.0527473,7.465746
27.3942,16.447798
0.766402,3.005496
6.97007,3.3364174
21.6382,11.586385
0.0261254,3.3364174
3.40206,3.6623397
4.0899,2.368593
0.0,3.3364174
16.167,8.62878
3.74306,3.440308
11.9358,6.80357
126.38,37.279984
2.56689,4.5856037
0.033392,2.164585
0.0,3.3364174
0.0,3.3364174
18.2676,10.248253
0.0,3.3364174
0.0,3.3364174
0.288984,3.511899
0.0,5.4835825
0.141534,3.0622787
16.4003,6.9463224
0.018648,3.3364174
43.8743,5.9066763
5.52068,3.290199
2.8793,2.8978894
0.0703577,2.4859552
0.118235,3.3364174
0.0,2.6308293
0.0,3.3364174
0.0,3.3364174
0.0,2.7268958
1.08497,5.267481
47.1426,23.631216
0.0,3.3364174
0.0,3.3364174
0.330469,2.7682455
10.5207,5.3394623
0.0,3.3364174
92.3116,5.283531
0.0,3.3364174
4.40845,13.6877775
0.275945,3.3364174
18.374,8.232567
6.10457,3.535309
13.2992,6.4767447
2.3566,3.3679304
0.0,9.029568
0.0310379,3.3364174
1.00717,3.2899683
0.0169503,2.5940588
0.0,1.9835882
6.73907,5.8867483
0.0,3.1848202
0.241039,3.3364174
0.0,3.3364174
29.0894,19.440464
40.8006,22.636885
0.612532,5.002822
3.52253,2.8384845
0.853314,6.25314
2.92734,2.9307618
5.22253,5.3027782
7.65274,4.130703
4.56991,15.868638
32.9177,17.520067
11.0146,5.582778
37.8396,12.384451
9.60602,5.851963
32.3352,19.699873
43.2114,23.584263
86.3551,44.775394
0.0,2.6037498
0.0,3.3364174
1.55502,3.9598088
0.0,6.9707565
2.38675,4.203939
1.63293,3.18601
803.796,749.6292
0.0,2.975471
0.0,3.3364174
121.756,6.8644238
9.68664,4.814027
0.0,3.3364174
74.3385,47.84841
9.84674,5.3298635
0.0377064,1.8378505
25.8435,9.4582615
1.19608,5.42135
0.138878,2.8482676
0.0,3.3364174
0.256596,4.304018
0.0,3.3364174
0.0,3.3364174
0.0354814,2.6745648
0.0889348,3.3364174
10.7571,6.9442453
0.0,3.3364174
10.154,26.216251
1.40205,2.756238
51.1107,37.944363
3.39375,3.3364174
14.6904,4.3421593
5.43055,3.3593507
0.0,2.905744
11.0146,5.582778
0.0,3.7682047
0.0,2.446615
94.7963,36.275215
0.0,3.3364174
0.0367091,2.1789854
0.0,3.3364174
0.0,3.3364174
2117.69,1305.9485
0.0,3.3364174
0.0,3.3364174
0.530209,2.343648
15.2827,5.7788687
15.1388,8.293365
9.66222,528.6221
0.0,4.3794756
0.0685767,3.3364174
0.294691,3.3364174
48.3711,29.102484
0.00673864,2.9694724
0.0,3.3364174
0.0,3.3364174
0.170468,3.1235738
0.0,3.3364174
8.20516,3.8667703
0.0,2.5357518
67.0111,4.090803
17.3319,10.886415
11.6074,3.3364174
0.0,3.3364174
0.0,3.3364174
0.0274204,3.3364174
0.0,2.5216727
0.0,3.3364174
0.051393,4.3794756
0.532481,2.7059505
22.6272,12.998075
89.6832,42.883995
24.4512,3.9691472
37.7274,10.4104805
0.206719,2.5349786
0.0,3.3364174
13.6708,8.145967
4.70115,7.8812447
0.0,2.5516427
3.08732,3.3364174
0.02025,3.3364174
16.5723,4.065403
0.152698,2.6886585
0.0059639,2.7242126
0.0149006,3.186401
0.0,3.3364174
0.0,2.283069
0.00775797,3.3364174
5.62209,3.9985466
15.8592,9.316956
0.443035,4.000108
32.6296,27.9269
4.0694,3.7869642
47.1426,23.631216
6.86627,4.5439425
0.860813,5.775521
0.948007,2.6809142
67.9757,5.949849
0.0,2.2385268
8.85757,5.8554087
0.0422045,3.3364174
4.27029,3.3368344
0.0,3.3364174
2.31526,3.4955559
0.0,3.3364174
0.0,2.0696166
0.0672117,10.708805
1.17065,2.4397323
0.493416,3.7141485
42.8467,15.911231
31.2435,16.057226
3.42946,3.1261935
52.0819,30.286806
22.6392,9.887832
1.02618,3.0211077
9.4149,4.9306173
0.0,7.0625477
12.9887,2.7391584
6.58449,3.3364174
0.0519234,4.2379723
8.38179,5.698759
78.0455,62.067806
11.684,6.040291
0.989546,3.9117036
95.5694,49.049023
0.0,3.3364174
0.0,2.1741538
0.00961352,3.3364174
18.2498,12.511982
0.23567,2.9010732
11.2349,4.619657
33.8268,8.663477
16.3631,9.096564
0.0,3.3364174
17.3394,9.647156
0.600218,3.3120172
11.2831,6.38247
0.0396249,2.166504
2.92561,3.060556
68.1974,36.884525
0.931777,3.3364174
0.692599,3.3364174
0.0,3.3364174
0.0101568,3.3364174
0.051393,3.910596
0.0,1.9835882
0.0,3.3364174
22.0206,11.043509
0.194923,9.978687
14.1541,9.431646
41.2784,17.726418
12.9819,8.624703
0.449778,8.013099
0.0,3.3364174
3.37369,3.4137034
9.70621,4.7305326
0.0,3.3364174
0.0,3.3364174
9.68664,4.848548
0.182946,7.4284134
14.5324,6.5875435
35.5888,10.742753
1.20083,2.4195418
2.16714,3.3374946
11.0804,6.892086
5.54151,3.0600734
46.7864,26.141201
0.0,2.3717403
13.3136,7.687723
0.234005,6.868373
0.0,2.6750114
1.35178,4.043296
0.430817,2.1544418
1.26999,3.3439484
0.0585701,3.3364174
47.3378,9.453339
0.0,3.3364174
0.177711,2.1384356
0.183057,2.3020465
19.9297,8.791619
10.4071,4.4148273
0.02025,3.3364174
0.0,3.3364174
0.0,3.3364174
1.4025,3.3364174
20.2295,7.0625477
0.0218479,3.3364174
11.7377,7.9817486
0.363451,4.5745335
10.5139,5.7943144
0.405692,3.7012608
5.59409,3.3364174
0.0,3.3364174
6.04863,5.718272
0.107556,3.3364174
126.529,81.0823
4.49234,6.173946
0.0,3.031466
7.15625,4.979375
0.0,3.3364174
1.55598,2.550395
0.175384,3.439434
28.1376,15.338217
1.4259,3.6974905
122.958,6.22037
0.0,61.974136
31.889,18.217001
17.3394,9.647156
11.715,5.265133
13.0129,6.941289
1.63293,3.18601
11.4176,7.5442066
7.72854,5.471862
0.662085,4.7264357
0.709381,3.5927477
0.0,5.092184
0.0,3.3364174
0.0555846,5.5952206
0.873785,3.3364174
26.2397,10.360731
0.0154171,3.3364174
120.835,79.955894
7.72727,4.5117674
0.052786,3.3364174
25.3766,14.541801
0.0,2.122063
0.0,3.3364174
1.3851,12.195978
3.81813,3.0386124
0.0,3.3364174
0.0,2.8838768
0.0,3.3364174
9.07852,7.44195
0.0,4.68295
16.2922,4.226155
0.0,3.3364174
0.0667514,4.7912865
0.0614976,3.3364174
21.3561,13.777702
32.5265,3.3364174
8.14611,5.0868216
0.0973958,3.3364174
40.2252,3.8850412
0.0,3.3072932
1.57767,3.3364174
0.0,3.3364174
4.27029,3.3368344
13.8431,8.110873
0.0,3.3364174
0.0752463,3.3364174
5.64921,3.6340818
38.7328,21.60875
1.93666,2.753569
0.571642,2.3404458
0.0,3.1324434
26.0933,12.676658
89.6832,42.883995
0.0,2.1195369
11.1947,6.9084797
0.02025,3.3364174
27.7434,17.434633
17.5213,8.166811
0.0,3.3364174
44.8789,6.164378
7.93361,4.173327
0.0286426,3.3364174
0.0463012,3.3364174
39.723,9.046426
0.353103,2.7732732
4.88734,5.766226
0.0,2.973689
0.0,3.3364174
0.0,3.3364174
0.281248,3.3364174
0.0,3.3364174
2.48086,3.3364174
0.0105764,3.3364174
3.8263,3.1058135
0.0187414,3.3364174
0.0384244,2.9623046
7.70336,2197.7578
154.968,86.3568
0.0,3.3364174
0.0657912,2.7969074
0.0,3.3364174
0.0,2.4619646
0.0,3.3364174
60.3985,34.357067
13.7404,3.6021254
5.59409,3.3364174
1.17735,3.367314
0.0,3.3364174
18.058,9.789886
0.0,3.3824809
0.0310379,3.3364174
0.0,3.3364174
8.35015,5.8489943
28.4969,3.37156
0.0,2.9924574
0.0,2.2008414
0.080073,3.3364174
0.18146,7.562418
8.54891,5.748391
1.26219,2.874224
0.0319278,2.185467
0.0995296,3.3364174
0.0,3.3364174
0.0,8.080463
3.84675,2.6556427
14.3356,8.424927
64.8804,15.859198
3.66676,3.5073407
31.6466,16.860306
35.4146,6.6187515
0.0,3.3364174
13.0285,6.5028563
88.1568,18.187408
14.4592,7.9804897
20.9074,3.372079
12.7354,7.825321
0.0,3.3364174
0.0717698,3.260008
0.0,3.3364174
5.78663,3.729945
0.0,5.6775656
0.0,3.9500813
8.18569,5.2987337
0.0,3.3364174
0.0,3.3364174
0.0,3.3364174
15.1905,4.1327887
0.210919,3.4924512
48.6022,18.778112
0.0643346,4.5504036
0.0407668,3.3364174
0.0,3.3364174
0.608544,3.405652
0.241125,3.7834125
0.0633712,2.9919333
6.71487,4.625642
17.3016,13.0732565
0.0,3.3364174
0.0130336,1.923998
3.33722,3.823276
31.889,18.217001
1220.51,641.411
11.2349,4.619657
2.98434,3.03981
38.012,13.999808
26.5551,8.301026
6.08012,10.904491
11.5803,5.3082304
2.2757,2.3377988
20.1227,13.562242
11.9639,4.398941
13.4078,12.969222
36.8233,15.280848
11.144,9.666847
76.8259,48.008354
0.340899,3.3364174
15.741,5.717008
27.528,7.788493
0.0,3.3364174
1.2634,4.0424204
0.122288,3.3364174
37.8184,19.907944
6.1125,7.3071623
21.9927,10.966555
6.2082,3.5505574
47.7297,25.416872
11.5803,5.3082304
0.3569,2.9258873
16.7626,8.44891
6.00416,4.4134326
28.1376,15.338217
0.0,3.3364174
0.839133,4.0024915
9.66222,528.6221
1.48847,2.6606174
20.65,11.764166
12.766,7.9244137
0.170468,3.1235738
1.63293,3.18601
63.5438,31.052902
0.0,3.3364174
15.99,8.318506
0.0,2.2668347
0.0,3.3364174
0.0,3.3364174
0.0,3.3364174
0.0,3.3364174
10.2463,6.213307
85.6316,31.259031
17.7894,13.901515
0.0,3.3364174
10.411,4.2326
0.0,3.3364174
0.966778,2.9252052
7.14585,4.1608305
25.6866,13.4987755
0.0,3.3364174
0.0,3.3364174
7.20484,3.7406342
0.0115644,3.3364174
0.0231005,3.3364174
0.0,3.3364174
0.517011,2.6504798
0.0,3.3364174
1.31869,2.3214595
6.28008,3.3364174
2.30816,3.1474202
11.1811,6.691451
0.0,2.5550349
1.93037,3.6054437
0.123718,3.3364174
11.7182,2.3759246
0.0476741,27.131195
0.271209,3.1559858
6.51382,3.4869485
8.03788,4.7071023
6.86627,4.5439425
0.0,3.3364174
0.0,3.3364174
0.0,3.3364174
4.39554,2.917691
0.0,3.3364174
5.45664,19.714775
0.534143,2.1995282
0.209364,3.2136297
88.227,27.392496
51.4147,5.6926675
0.493416,3.7141485
0.0158971,3.3364174
0.196923,5.246917
2.86354,7.517865
16.0687,10.169958
8.54155,4.40992
27.6502,14.642198
195.28,4.2412868
12.9157,6.1444187
24.9532,13.750469
0.0463136,4.2703514
3.74162,8.47094
12.4639,3.3364174
272.196,79.8851
1.12688,4.366423
0.0,3.3364174
13.534,3.22819
11.6536,3.7351036
30.4005,8.369803
0.152745,3.3364174
0.0,3.3364174
0.00992251,3.3364174
0.0,3.3364174
0.0222064,3.3364174
0.0145785,3.3364174
8.36754,6.475668
21.1404,10.19966
0.0,3.3364174
11.2831,6.38247
5.85685,4.1506805
0.0153356,3.3364174
10.4821,5.2949114
2.1687,5.68291
35.0216,18.269629
0.0,4.5653467
78.8296,15.807164
0.763368,3.3364174
192.728,108.17876
0.0541491,3.3364174
0.754826,3.3364174
0.75264,2.580208
0.0,3.3364174
9.59899,4.500206
30.345,16.623655
16.8498,24.19188
8.203,5.544966
4.8694,3.4131675
0.0,3.3364174
0.791812,3.6427631
0.387361,3.471519
29.4276,13.603901
0.0,2.9643388
0.0,3.3364174
2.08647,2.753569
0.0571442,2.4555147
49.2648,29.604717
27.0342,8.587209
0.0119285,4.948802
0.0,3.9500813
4.71181,3.3364174
5.1564,2.897307
0.681433,6.706644
11.3911,5.9172835
0.0,2.202122
0.496241,3.0363178
112.303,61.432083
21.9927,10.966555
2.94202,6.631325
8.20827,6.9707565
0.0,3.3364174
1672.53,528.6221
7.09776,4.38564
0.0,3.3364174
0.0,3.3364174
12.8269,11.275208
3.51536,3.6744056
7.18879,3.0123413
14.5588,10.011994
0.839133,4.0024915
0.0,3.0561981
24.3086,15.957639
6.93717,3.034463
0.0,3.40621
0.164682,3.3364174
0.080121,3.3364174
0.0,2.7278497
3.4731,4.183116
0.205377,2.3678324
13.4342,7.755871
0.0,3.3364174
4.545,2.5357518
0.0,3.3364174
0.0,3.3364174
0.0,3.3364174
5.61369,14.568887
0.620975,3.3364174
14.8319,9.012448
0.0128127,3.3364174
0.0,3.3364174
8.67667,4.917551
0.161331,3.3364174
0.0,3.3364174
84.2505,14.720402
6.59443,10.705219
7.18663,3.7838738
7.13458,4.0162783
10.8319,27.040142
0.0527068,3.3364174
16.1769,8.94805
7.28997,3.8760855
0.0,3.3364174
5.48619,4.8364096
0.048191,3.3364174
16.4061,10.730472
0.0,3.3364174
0.0,4.7088313
4.06435,2.597625
12.8443,25.605782
0.430646,5.601714
41.1122,29.270273
0.0,3.6115007
2.46857,3.3364174
0.144784,2.015686
2.738,3.091874
11.7324,7.6358175
4.51348,3.9824598
11.574,6.1138554
0.0,7.2946997
0.164682,3.3364174
12.4457,5.8068256
2.66844,3.8608737
0.265303,3.3364174
4.64168,3.6328502
6.91163,4.353692
10.9545,5.376581
0.0633151,2.60929
16.4925,8.9652195
0.251745,6.418724
15.0677,6.967656
0.0,3.3364174
0.0842092,3.3364174
0.0,3.3364174
0.0,3.3364174
0.0228214,3.3364174
0.324999,4.1933084
0.0296726,3.3364174
0.126268,3.3364174
0.0279625,3.3364174
9.91484,3.6844325
0.0,3.3364174
0.040939,3.3364174
158.563,97.64299
6.1345,4.6355257
0.216623,2.8604589
0.0,3.3364174
103.001,137.2549
9.463,3.3364174
7.24419,4.2477536
410.978,3.639903
3.33156,5.480585
0.0,3.3364174
0.147257,3.3364174
15.7273,6.205626
0.0551446,2.7348633
0.00887042,3.3364174
0.0,3.2792487
4.74741,4.510025
0.371223,5.671565
2.9242,2.208628
0.0,3.3364174
0.0361774,3.0384092
0.0,3.3364174
0.0243009,20.510626
22.6518,6.418724
11.2641,7.9230127
26.276,13.580578
0.319634,3.3697596
0.0764985,3.3364174
4.64645,3.6874886
0.0,4.331175
5.03248,10.1200905
4.85934,3.3181858
14.8348,3.9473953
0.449709,6.230178
0.0,3.3364174
14.3224,8.401811
0.0254483,3.9174535
4.6505,3.6116796
0.0,51.508896
122.353,22.890158
4.39634,3.477879
2.64652,3.0672317
10.5139,3.809143
0.0,2.587386
0.548949,5.2645893
46.0233,21.133091
5.69175,7.893425
0.0,3.3364174
0.0,3.3364174
13.2361,4.4861565
0.0803287,3.3364174
0.0505051,3.3364174
0.289539,8.214216
0.0,4.133153
0.05699,3.3364174
12.3578,5.839014
0.392828,2.4872098
8.10299,4.6984735
0.0,3.3364174
0.0265841,3.3364174
169.242,114.04834
1.23554,4.5964046
30.1359,18.738646
10.8913,3.8358326
0.0,3.3364174
0.0774752,3.3657155
22.6392,9.887832
13.1918,7.200473
115.716,27.514608
22.5027,12.613911
12.6572,9.287517
1.27604,4.5882864
11.2831,6.38247
11.6114,5.133194
13.1239,8.718403
0.0,3.3364174
8.14864,4.085761
0.0,2.1384356
0.679415,2.867321
0.0,3.3364174
0.0734236,3.2493615
9.68664,4.848548
9.03346,5.351386
41.0443,7.4010344
0.0,3.3364174
0.109324,2.6095784
24.5835,14.72091
20.1295,13.465147
0.329182,5.791492
6.84802,4.861206
0.0655596,3.4971893
0.0,3.3364174
0.0,1.7979536
4.26047,30.563791
4.24122,4.948802
11.6536,3.7351036
0.025486,2.8529425
8.61474,11.433856
0.0645255,3.3205404
19.9248,7.70092
26.5434,7.8359184
10.919,6.80033
28.9256,6.868373
0.0,4.3794756
0.0980159,3.2941875
4.52907,4.5319395
0.0,3.3364174
0.0,3.3364174
0.0,3.3364174
0.0,3.3364174
0.0,3.3364174
0.133885,12.932921
0.0158816,3.3364174
0.0265851,3.0853062
0.0,3.3364174
3.88447,19.273249
0.0,3.3364174
52.2918,27.971058
5.65542,3.852344
2.33652,6.5865526
42.2709,7.8046083
0.0,3.3364174
0.0167702,2.344289
0.353103,3.2724798
0.0,3.3364174
0.233062,3.769929
0.0593236,2.5009155
0.0,3.3364174
0.700803,2.7924457
0.0,3.3364174
0.0,3.3364174
0.0,3.3364174
8.87697,4.7821527
29.102,10.347938
19.4687,11.819423
54.7708,6.1633196
1.38841,2.9101386
8.40817,6.965127
0.802017,2.4305692
0.670411,3.2689514
0.168847,3.3364174
4.75915,4.4204063
0.0,3.3364174
0.281248,3.5364995
0.095025,2.2755928
36.2545,19.828424
0.0185423,2.7737222
0.0,3.3364174
0.0439948,3.3364174
4.64859,3.7437716
4.92439,4.190407
13.3341,6.803237
0.203546,3.1385307
19.4241,9.091666
0.0,3.3364174
18.7897,8.549054
1.42503,4.866729
6.21711,5.0385623
5.18852,8.7125635
0.685463,17.815487
9.57138,5.5178995
4.70951,11.1895685
0.0,3.3364174
5.78663,3.729945
0.0,3.3364174
0.0,3.3364174
0.0,3.3364174
0.0683978,16.623299
12.8546,6.637245
0.0629815,2.613511
29.1625,14.595945
65.8736,45.209583
27.0976,14.81666
13.3117,9.132343
74.3385,47.84841
7.79231,7.9790564
0.0,3.3364174
0.0,3.3364174
16.8505,8.663098
0.0,3.3364174
6.6427,13.05061
8.7999,5.3143115
0.302294,6.700926
0.0318162,3.2458289
0.0,3.3364174
7.09103,9.894342
27.7483,12.62603
0.0,3.0123413
0.0198511,3.3364174
2.89538,4.0793858
0.0322283,2.313273
0.0,3.3364174
12.2934,7.8648663
0.0,3.3364174
0.915715,2.8134685
0.0,3.3364174
19.3196,9.055142
8.90006,55.767742
0.0,3.3364174
0.0,3.3364174
0.0,3.3364174
25.2743,8.488345
0.0156339,3.3364174
17.9272,12.698945
8.20516,3.8667703
45.9377,24.300938
0.406795,8.161186
28.1376,15.338217
8.79761,5.967104
0.0,3.3364174
0.139701,2.399587
0.0538038,3.2265415
0.0,9.453339
71.0243,48.632015
0.0,1.9835882
0.0178874,3.3364174
53.3411,10.606548
0.0,3.3364174
23.0079,15.325548
24.4617,14.030092
25.7322,4.6634655
0.0,3.3364174
2.69684,11.545732
0.0168296,3.3364174
22.4628,3.3364174
169.985,16.600193
0.133885,3.3364174
0.0,3.3364174
0.112871,3.3364174
0.00727648,3.3364174
0.0,1.9835882
80.0908,47.449715
23.569,12.80114
0.0,2.0696166
0.0506783,3.3364174
18.3232,4.782729
0.0,3.3364174
0.0,3.3364174
20.3935,9.013639
31.4133,16.49555
0.0261254,3.3364174
0.125719,2.0905116
16.643,2.89917
0.630093,2.5464716
0.0,3.3364174
31.889,18.217001
0.0,2.368593
0.0,2.8510494
0.0,9.029568
0.0,3.3364174
0.011101,2.3113859
20.6311,13.20822
13.3234,15.280848
5.78663,3.729945
0.0,3.3032722
0.0,3.3364174
0.0,2.9356399
9.31878,4.9674673
4.37563,3.110254
0.0471918,3.3364174
0.0,3.3364174
61.3507,16.439272
15.9221,7.413391
2.42901,2.909186
13.4596,8.983765
4.54892,3.2226157
2.26397,17.793617
35.0486,22.220526
0.0,3.3364174
0.441484,13.823261
0.624512,3.3364174
3.62445,2.940836
10.4143,3.5227442
0.0,2.104059
0.0,3.3364174
1.3366,3.7515025
0.0898018,3.209434
9.9387,5.212346
0.0,3.3364174
3.51618,3.7255006
0.966317,8.981393
11.2284,6.5836735
0.0285757,2.2128391
0.0,3.3364174
91.3823,49.535694
6.68171,5.1711683
0.0,3.1618037
20.6133,8.0189905
0.288601,1.923998
8.51378,4.689121
0.0955366,3.3364174
5.16818,3.8091717
13.5853,6.758337
0.0,3.3364174
154.968,86.3568
6.87925,8.969737
0.167349,2.6585033
20.3765,4.3794756
0.0,3.3364174
4.52996,4.0562963
0.0,3.4413865
0.0629534,3.3364174
0.0,3.3364174
2.29766,3.7738326
14.7351,4.412488
33.1131,6.8493414
1.27446,6.0721326
0.0,3.3364174
32.9684,14.797291
0.0,3.3364174
0.0,3.3364174
0.128932,3.3364174
181.813,133.76775
0.00808029,2.1835709
44.5136,24.742525
0.0819871,3.3364174
0.0764985,3.3364174
50.567,22.490572
85.6316,31.259031
0.149905,5.201983
370.815,29.25374
0.0,3.473097
6.54572,5.623972
0.748226,2.9680717
2.18394,2.9036233
0.0,3.3364174
57.049,3.3364174
28.313,8.417333
0.115845,3.3364174
10.5353,6.074683
68.9289,43.59834
0.234831,3.3364174
11.9164,3.0188868
4.1897,4.151064
0.03749,2.3071227
0.534143,2.1995282
0.0,3.16645
23.5057,12.490735
3.1273,2.5758257
0.0,3.3364174
0.0278073,8.285673
12.3079,9.353149
7.88354,6.8250427
6.13331,4.147428
0.0170975,2.555727
0.0214629,3.3364174
85.1751,48.49035
52.7444,11.617585
35.3348,7.282055
0.0388604,3.0083098
10.8023,10.558925
20.3765,3.7297077
231.91,7.7330856
9.31878,5.638568
69.4026,907.6901
6.28842,3.7633905
0.0,3.3364174
0.0,2.78375
0.471161,3.3364174
0.0623884,3.3364174
26.234,12.557385
22.3609,11.286174
29.3384,14.089392
11.0977,2.950516
16.8529,11.314013
0.0,2.6664333
0.0,3.3364174
9.30771,18.910238
74.4531,41.05541
181.96,121.56958
42.5758,22.443928
27.7434,18.505024
2.59898,2.7197037
17.8586,9.263711
0.0,3.3364174
0.0,3.3364174
0.0,3.3364174
0.0,3.3364174
30.36,5.4651365
0.0,3.3364174
12.6111,6.398656
73.0222,4.8685646
0.0324435,3.3364174
1.55502,3.9598088
10.1436,5.9127574
0.0,1.8378505
0.0420966,3.3364174
0.0,3.3364174
0.0129563,2.849508
115.716,27.514608
0.105977,2.4294157
0.0546641,3.3364174
0.0704301,2.7476435
15.7275,7.1991777
0.0148074,3.3364174
1.78663,3.7315788
1.12501,3.1674352
0.0,3.3364174
0.0,3.3364174
3.42946,3.1261935
17.7602,6.6141996
68.9565,41.683453
12.8546,6.637245
1.26519,2.8941274
0.0,3.3364174
0.0324739,6.205626
33.4603,17.426508
0.797986,3.016461
8.88717,5.6838913
0.0,3.2147217
0.671246,2.7349656
0.839838,5.709508
0.0,3.3364174
0.0,3.3364174
4.29189,3.112894
0.154268,3.3364174
0.0,3.3364174
16.2904,8.087628
36.1719,11.411838
20.4143,12.893319
0.0,3.3364174
0.0528512,3.3364174
21.9927,10.966555
50.3607,3.8913584
0.689814,3.1341858
14.6375,9.064405
27.9572,13.051374
0.152325,4.126211
0.0,3.3364174
0.0,3.0704036
0.0,3.3364174
0.027385,2.6573057
2.84066,2.535008
0.02025,3.3364174
0.0,2.3080444
10.2463,7.049589
0.0,3.3364174
0.0,3.3364174
0.0293181,3.2487283
1.4467,3.539115
0.0,3.3364174
87.0906,9.242686
0.21459,22.000278
0.041083,4.4210844
9.47653,3.9598088
0.00703583,3.3364174
2.32627,3.0413876
0.077815,3.3364174
8.57879,5.133194
0.0,3.3364174
0.0,3.3364174
0.0,3.3364174
14.0233,28.815483
3.4621,6.7150526
3.82122,4.67669
59.6986,9.358353
54.8596,21.825459
18.2394,16.225542
0.0,3.3364174
13.1239,5.1534734
0.0,3.3364174
7.72727,4.5117674
0.593276,6.7842293
16.961,8.96049
55.2517,32.366257
28.1987,4.8675585
0.0,3.132728
0.0400535,2.8276858
0.0,3.3364174
2.84066,2.535008
0.0,3.3364174
13.3781,7.234249
9.36233,3.0346165
14.5392,19.206627
7.93361,4.173327
0.532195,4.280698
16.6061,10.267554
0.695969,4.0310144
9.51941,6.08914
1.94248,9.237945
77.4792,41.52531
0.0,3.3364174
0.380775,3.3364174
0.0323811,2.6756437
0.0,3.3364174
0.0376121,2.1033401
4.7028,7.608903
0.233751,4.7593193
6.94055,4.2747626
89.9161,52.450558
16.2541,6.325651
0.0,3.3364174
0.051393,3.910596
0.0,3.3364174
0.0803971,3.3364174
1.20238,6.6232595
0.0,8.546172
1.9817,2.8703473
0.0,3.3364174
11.0919,6.8483295
80.3929,23.548613
0.0,2.4931302
0.0,3.3364174
14.9189,9.083821
18.1842,8.614729
5.34605,3.7968488
2.3566,3.3679304
9.22554,4.0024915
0.0,3.3364174
0.0,3.3364174
0.0393917,3.3364174
0.0,3.3364174
0.340281,22.631382
0.0,15.18873
3.41662,2.6091597
37.3936,4.3192463
3.32871,2.9135954
67.0111,4.090803
0.0,3.3364174
0.0,2.4811437
10.3601,4.728561
10.039,4.7152977
0.0132778,2.492755
0.0,3.3364174
30.5976,23.932243
24.5835,14.72091
9.56915,5.85837
0.0,3.3364174
0.0,5.669573
9.20199,3.8045692
0.561068,3.3364174
0.0645255,3.3205404
3.94202,3.1436126
0.0,2.837563
6.33662,3.3364174
0.0415572,3.3364174
5.03441,5.0179996
0.132446,2.4280005
0.0757449,2.320283
0.0,3.3364174
801.127,696.69934
0.0,3.3364174
44.0347,28.344765
32.6081,19.120373
0.096906,3.3364174
0.507646,3.15553
3.93496,3.337298
0.242037,14.063933
3.52253,2.8384845
5.0881,2.2956214
4.56991,15.868638
1.84062,2.9559941
0.02025,3.3364174
29.4994,9.244556
130.387,6.2227526
738.118,589.0788
9.4149,4.9306173
0.00973541,4.1578083
12.3794,4.9588704
9.66222,528.6221
0.0,2.2626703
0.0,3.3364174
1.58771,5.64534
10.04,6.7827034
0.0951901,3.3686056
2.40825,15.431493
5.16818,3.8091717
0.921524,2.5992124
55.2129,5.624733
0.0,3.3364174
21.5036,14.824635
7.53429,7.96159
24.9532,16.275558
4.35779,4.3442907
0.0,3.3364174
0.0,3.3364174
0.0,1.9835882
7.06242,10.305356
6.71487,4.625642
0.0,3.3364174
10.6178,7.1626606
7.72727,4.5117674
0.492848,9.980729
0.873254,3.3364174
23.8582,4.093122
0.0,2.5722933
0.0,3.3364174
0.0503692,5.5470324
0.0,2.9242287
11.3499,6.2623725
9.37391,7.654954
32.2663,17.052671
1.26999,3.3439484
0.0,2.4122853
16.9237,10.778502
22.6392,9.887832
0.0,3.058475
0.0,3.3364174
0.00866662,3.3364174
0.0712323,2.201199
5.90745,3.9845204
0.0,3.3364174
0.0,3.3364174
20.3765,3.7297077
0.0415987,2.8559625
0.0527945,3.3118923
0.0,3.3364174
1.45222,3.3364174
0.0,3.3364174
0.0621603,2.6080968
57.3396,4.1782026
0.0,3.3364174
0.00683605,3.3364174
9.45517,4.8206744
0.0199938,3.3364174
10.7553,6.896351
0.0,13.068923
0.0149743,3.3364174
0.0,3.3364174
110.799,50.282124
0.0,3.3364174
0.248463,2.8217247
11.3911,5.9172835
35.7755,8.860279
0.144784,2.015686
11.0146,5.582778
5.21638,4.078118
7.5882,4.0691614
3.50575,6.9260693
4.545,2.5357518
0.0,3.3364174
0.0,3.3364174
0.0,3.7679935
7.65143,3.8513107
255.378,67.820335
4.92304,3.1026576
1.4467,3.539115
21.4343,6.519577
4.3505,9.20889
11.2706,7.1636267
1.55598,2.550395
7.75683,4.9312906
0.0,3.3364174
6.68511,3.7025943
4.3151,3.4634504
0.0435377,3.0295742
31.7944,8.068529
0.0323968,3.3364174
13.5897,5.4835825
80.836,44.150402
0.0417562,3.3364174
0.0652797,3.3364174
0.0286426,3.3364174
12.3578,5.839014
0.0850534,3.3364174
0.0645255,3.3205404
2.91906,14.948034
3.31331,8.52004
0.0309568,3.3364174
8.8137,3.9263294
4.26574,3.3980799
0.0,3.3364174
7.78329,2.8086724
0.0,3.3364174
69.5907,7.932064
0.565411,2.7325172
76.9977,46.39988
0.0,3.3364174
0.0345443,2.5608835
10.8696,3.876706
0.0262574,2.5172126
6.39448,9.584768
0.0,5.740348
11.1811,6.691451
102.047,34.381096
0.0,3.3364174
0.0,3.3364174
13.0144,4.8614006
0.0,3.223156
0.0,3.3364174
25.8108,33.28079
9.08801,20.472462
0.0,3.3364174
0.0,3.3364174
49.0173,22.776846
0.0,1.9654387
0.0,3.3364174
17.0723,6.3728323
22.6392,9.887832
2.6129,4.4267054
0.496611,3.3364174
0.0,3.3364174
3.17315,3.1847954
1.25708,3.3419113
4.04668,4.336374
0.242888,2.276046
177.36,104.676346
0.041158,3.3364174
0.0,3.3364174
0.0,3.3364174
0.0,4.7560234
0.0,8.416905
4.4391,4.299437
0.553941,2.807487
0.0,3.3364174
5.39411,5.1510515
19.9112,11.381873
31.8925,19.91667
15.9952,10.588525
12.39,9.259617
0.0,3.3364174
8.20827,6.9707565
0.75264,2.580208
0.0,3.3364174
0.0,3.3364174
1.20083,2.4195418
0.0429052,2.8830914
0.0,2.6319351
5.74144,5.2877903
0.160508,3.6128964
3731.54,2354.806
51.7546,17.771254
9.66222,528.6221
0.100224,4.0958056
0.0146776,2.8543572
0.0219676,3.3364174
0.19907,9.015844
3.68977,3.0482383
0.310805,9.610027
0.013013,3.5050573
12.3842,3.3640218
2.62049,3.1092498
0.0,3.3364174
0.143557,3.3364174
0.0,3.3364174
0.0,2.5718603
0.0651436,3.3364174
0.0,3.3926668
8.78468,7.154521
13.3605,3.283679
0.587905,3.48634
0.0,2.7753072
62.4155,5.500477
0.0327247,4.0897465
2.08579,3.1122456
6.39349,5.2072926
11.613,7.7993555
0.492471,4.9302487
27.5158,12.698945
0.68951,3.4423375
0.0,1.9835882
18.4826,11.994205
0.0150878,3.3364174
0.0,3.3364174
5.16245,4.130875
29.149,15.866968
9.68664,4.848548
0.782975,2.3733823
26.4642,6.929899
0.0,2.5053964
0.027453,2.2381384
0.0,3.200354
0.0,3.3364174
23.1255,13.111199
7.81582,5.2481766
0.0352636,2.1384356
7.72727,4.5117674
8.10573,3.3364174
0.0,2.9985669
1.20482,6.3431883
0.0,3.3364174
1.34405,3.993558
0.0,3.6990106
0.0339982,2.5357518
0.0,3.3364174
0.0174285,2.8859065
0.03437,3.6173215
0.0,3.3364174
145.657,86.150246
0.0634393,4.591322
2.18394,2.9036233
0.0,3.1753924
0.0115032,3.223353
60.0743,8.28944
0.0,3.1082335
0.0,3.3364174
0.0165863,3.3364174
0.0,3.3364174
0.0,3.3364174
0.0,3.3364174
0.0,38.33639
0.0,4.7855635
15.6387,5.4319897
0.041083,3.3364174
0.861373,5.842401
0.0,3.3364174
0.0,3.3364174
16.651,8.777159
14.0998,10.206522
1.27446,6.0721326
0.086623,3.3364174
0.0735725,3.2562613
0.0475428,3.3364174
0.163732,8.538294
0.232937,2.6943476
9.4149,4.9306173
9.57138,5.2657604
0.894353,2.94907
25.8108,33.28079
15.2671,10.00525
0.0,2.6894436
0.0,3.3364174
38.012,13.999808
19.5991,9.3732815
0.0803971,3.3364174
0.0261254,2.510423
3.62055,3.8961148
0.0,4.94499
5.78663,3.729945
3.44411,3.6239324
46.7275,17.658901
18.0396,11.620213
2.01795,3.3364174
18.53,25.268877
68.9289,43.59834
0.0,2.9610448
0.0896572,4.894708
0.0,3.3364174
0.0,3.3364174
0.0,57.600723
0.0506962,4.0698824
0.11251,3.3364174
0.241715,8.185201
0.0,2.9968116
0.0,3.3364174
0.0,3.3364174
0.0,3.3364174
1.15678,6.4428606
0.265004,3.3364174
0.766402,3.005496
2.24119,2.6727548
15.3676,3.8725333
0.03713,3.3364174
0.0215975,2.5095892
0.0,3.3364174
1.90472,4.2066936
7.5882,8.043194
29.0894,19.440464
63.9287,14.200237
0.430817,2.1544418
0.0,3.5835838
53.392,3.3364174
86.3551,44.284126
0.0,3.3364174
4.12583,65.89955
0.0,3.3364174
4.37563,3.110254
72.0507,46.27333
0.0,3.3364174
0.0,3.3364174
4.15016,3.7633905
16.7626,8.44891
0.0,3.3364174
1.2552,3.3364174
6.81054,5.5744967
4.4131,8.27105
0.0931813,3.3364174
36.1941,23.377169
3.30789,5.9600267
22.0933,12.072057
0.0,3.3364174
0.0,3.5664377
21.2436,12.19097
15.1906,11.18547
1.00717,3.2899683
0.18877,4.103042
3.47315,3.7569935
7.67703,5.5699577
0.438031,5.891108
12.7705,6.9108887
80.0908,47.449715
10.919,5.6872005
0.0,2.5977654
0.0730304,3.0724442
37.3936,4.3192463
0.534861,3.7141485
0.620032,3.9121227
22.6442,8.50612
0.0530535,4.3471074
6.33747,4.079562
47.6788,11.861882
31.889,18.217001
4.00067,3.513617
13.7455,4.876255
0.0,4.0897465
3.08732,3.3364174
202.187,9.096409
12.8677,8.152161
0.02025,3.3364174
0.0541491,3.3364174
0.0,6.3823266
46.7275,5.1849394
2.87614,3.3364174
0.0162918,3.6001663
19.0798,9.243113
0.0,3.3364174
619.796,155.76324
0.0,2.6459136
0.0,3.3364174
0.0,2.4925888
29.8053,15.414867
0.0,3.3364174
0.0,3.3364174
3.60053,3.3106928
1.13347,2.4164824
11.308,7.2178993
0.0,3.3364174
19.1647,7.8411655
8.30447,3.3205404
1.11784,2.9576044
0.0,3.3364174
0.0,2.10264
0.138878,2.8482676
5.59568,21.523329
2.41248,3.3364174
37.3772,5.052264
0.0,3.3364174
16.457,9.863825
8.203,4.498662
2.42467,2.2626703
3.1273,2.5758257
2.22496,3.8914962
0.0713469,3.3364174
17.6053,9.739553
0.0167724,3.3364174
0.0,3.244913
0.105717,2.8688996
0.116538,3.3364174
0.0,3.3364174
15.4538,3.9736626
0.0,3.3364174
13.3341,6.803237
0.838692,3.4884896
6.6255,3.3364174
0.0,3.3364174
18.2965,9.575095
0.174932,3.0035057
1.2714,2.8063502
4.74464,2.9984393
0.00832832,3.3364174
40.2252,17.464869
13.6716,8.536771
14.1028,10.32902
0.0105662,2.6939206
13.0144,6.26293
0.875072,5.9781766
0.0,7.3801947
12.1094,6.885646
0.0607677,2.6108952
19.0535,8.958679
0.0,3.3364174
7.30478,3.3364174
0.025486,2.8529425
0.0,2.6856441
0.68252,4.2326
0.0363823,3.3364174
13.3866,17.62512
0.0,3.3364174
0.921524,2.570158
61.77,26.844381
0.0,3.3364174
0.0193289,3.3364174
11.9212,9.453339
0.0109827,3.3364174
0.249562,2.3787909
0.0,3.3364174
10.2809,10.515061
1.85569,3.501388
0.185893,3.3364174
15.1568,7.1681805
0.0,2.1731548
0.0,3.3364174
23.5057,12.490735
11.1811,6.691451
0.0,2.4989603
0.0189604,3.3364174
5.75256,3.7950525
0.251745,6.418724
0.0,3.3364174
18.1698,14.678083
0.0317711,2.316188
0.571642,2.3661375
3.50939,4.890044
0.645114,3.3364174
0.0,3.2042809
0.0,3.3364174
0.0,3.3364174
0.0,3.3364174
6.71604,4.468236
10.5992,5.3042336
0.0,3.3364174
3.24739,6.229618
32.4123,8.981393
1.24908,3.7533817
0.0,3.3364174
30.6925,12.524918
3.04972,2.1820345
0.0980159,3.3364174
27.971,17.765142
1.45163,7.9003363
619.796,155.76324
0.0,3.3364174
1.26519,2.8941274
0.0258166,3.3364174
0.129077,4.160828
0.0718414,2.8087366
7.63516,6.2863884
44.5126,14.380338
23.7004,9.763144
0.387816,4.049404
15.0041,6.5219774
2.83586,2.5330753
21.4787,6.0608416
0.171019,2.8204045
5.59409,3.3364174
0.0,3.3364174
25.2295,32.74489
1.19608,3.9602425
36.7901,16.214031
2.19219,4.244002
9.22554,4.0024915
0.0,3.3364174
4.64846,3.1149795
4.57112,3.7273202
24.9532,13.750469
54.3436,6.352074
0.162101,2.529856
0.0230774,3.3364174
6.70987,5.562065
0.0479309,3.3364174
0.675141,3.3364174
2.47586,2.755977
0.111489,2.6943476
3.74162,3.3377767
0.413002,81.65689
9.31878,5.638568
0.0,5.0742416
0.237022,28.264376
1.91025,2.8102322
0.438031,4.0990973
0.0,2.4619646
0.0,3.1834066
0.0130855,3.9592545
1.21645,3.3364174
5.1839,3.3876894
11.1051,3.9579554
0.0,1.9768755
0.0,3.3364174
12.5184,6.008822
11.3499,6.2623725
0.0120289,4.8189917
0.0603654,4.7188597
6.31848,4.149937
0.530209,2.343648
0.379956,4.989151
0.0,3.3364174
0.0131872,3.034207
9.4149,4.9306173
0.0,3.3364174
1.61219,3.0840352
5.23978,11.106075
9.41833,3.4538708
19.3857,13.999808
0.0168296,3.3364174
0.0,3.3364174
24.5386,7.0591316
6.40323,6.1026783
53.3411,10.606548
1.02096,2.924168
0.0,2.112094
0.13323,3.3364174
0.0,8.604788
8.58183,12.6836195
78.8657,48.008873
2.81657,2.5838077
18.0201,8.87643
9.28526,3.5064464
9.31878,4.9674673
4.78224,12.627894
0.468693,3.3364174
15.7976,10.381569
36.9073,5.655448
0.014177,3.3364174
12.6111,6.398656
6.41239,3.772439
89.6832,42.883995
4.86962,4.207768
0.0995542,3.3364174
11.7058,6.91858
0.0261254,3.3364174
0.0,3.3364174
0.0,2.5216727
1.52665,2.3172584
5.64675,8.670569
5.43982,4.2911816
0.144784,2.015686
0.0,1.9768755
0.534143,2.1995282
71.4958,37.85274
0.0,3.3364174
0.0,3.3364174
0.0,3.3364174
0.019213,3.3364174
18.727,10.527848
0.0,3.3364174
92.3816,6.4301815
0.0,8.048288
2.0161,3.2812142
1.99144,26.969793
0.0,3.3364174
5.20518,2.6833758
32.0479,14.8825245
29.4994,14.095053
9.91484,3.6844325
11.715,5.265133
0.0,3.3364174
0.0,3.3364174
0.0,5.4835825
0.0755944,2.2088218
0.309085,2.2008414
2.01911,4.9514313
0.0,3.3364174
0.16082,2.3756337
0.104496,3.3364174
1.49569,3.9297924
1.20655,2.4456344
18.7877,3.416251
0.0,3.3364174
6.30304,4.2195415
1.43498,4.345095
0.609691,7.9434776
70.3369,7.15425
24.4512,8.054791
23.5333,11.005085
0.237497,3.6232584
0.0,3.3364174
0.0,3.3364174
5.74927,3.4047298
0.0,3.3364174
27.1771,12.553895
0.0,3.3364174
13.234,4.701525
6.18605,4.7775984
0.221825,2.3189883
3.78142,3.5184445
30.7407,18.523758
18.916,11.989482
0.242017,3.992833
0.0,3.3364174
7.54229,3.1133592
6.03438,3.9427466
0.0708623,2.526249
0.0476741,8.495065
22.8508,8.902702
6.42265,4.966544
2.0112,27.514608
0.0158971,3.3364174
0.0,3.3364174
20.9772,12.179011
12.5591,5.7398357
0.0538038,2.4486177
2.78856,3.3364174
0.0,3.452091
0.0,3.0123413
5.72192,4.036782
8.56465,5.9906006
23.1255,12.756102
23.5049,5.824774
0.301719,3.4236643
2.41969,6.4844074
0.0,3.3364174
0.443727,5.9390917
0.0,3.3364174
0.346442,3.3364174
0.0,3.3364174
4.06206,2.5216727
73.3554,58.25666
0.800597,3.3364174
10.5932,32.93856
7.78391,5.160921
17.7321,4.9221363
15.7843,11.096298
5.59409,3.3364174
0.0,2.8626814
0.856165,5.112851
0.0,3.3364174
0.0657912,2.7969074
54.6051,9.660034
0.0657912,2.7969074
0.43431,3.5367148
0.0,3.055869
9.9387,5.212346
0.346404,2.3431501
0.0393256,3.3364174
0.0,12.140611
10.1436,5.9127574
0.00317201,124.60177
7.4921,4.552599
0.249144,3.3364174
0.0630506,3.2964537
1.99681,50.366966
0.0,3.3364174
0.034299,3.3364174
68.9289,43.59834
15.4517,10.44909
0.926497,2.7433739
5.91012,6.2836523
9.66222,1144.9644
6.33662,4.1861267
0.0153815,3.3364174
146.296,113.644936
0.0,3.3364174
0.0295758,3.3364174
0.000327993,2.2448816
0.0,3.3364174
0.184332,3.3364174
0.0289154,3.5213118
13.4114,6.5228386
49.7618,30.264011
0.0,3.3364174
15.6971,5.4540296
78.8296,15.807164
0.0,3.3364174
1.52665,2.3172584
0.636784,8.693678
0.97243,3.3364174
0.0,3.3364174
0.138839,3.3364174
0.0,3.3364174
7.88268,4.27859
76.7357,3.3364174
31.2841,20.71489
10.919,5.6872005
3.10352,3.8100944
0.0,3.3364174
0.0,3.5441065
0.245379,6.5101576
23.5057,12.490735
2.19107,4.0563817
4.25339,4.133774
0.0728837,3.3364174
7.54107,4.6410065
0.0,2.6459136
0.015563,3.0786881
71.8092,27.9269
12.3842,3.96218
0.0,2.4619646
1.32434,13.002792
0.0,3.3364174
17.0624,14.960192
5.62209,3.9985466
7.18879,3.9275675
0.43431,3.5367148
20.3765,4.3794756
0.0,3.3364174
21.4696,10.744222
0.0,3.3364174
0.0,3.3364174
1.26999,3.3439484
8.87697,4.7821527
0.144043,2.7287054
17.8849,10.334629
0.0,3.3364174
0.0,2.474775
32.8704,18.090796
171.987,3.3364174
1.54364,2.4410512
0.0,3.3364174
110.799,50.282124
0.00641776,3.3364174
0.0,3.3364174
1.18369,2.463043
0.0,3.3364174
4.3179,3.4550786
0.0422045,3.3364174
0.759499,2.4811382
0.0,3.3364174
4.26047,22.627966
0.0,3.3364174
0.0,3.3364174
52.1765,30.495512
0.0,2.164585
14.0233,28.815483
0.0420966,3.3364174
44.7028,17.433056
57.7565,30.342623
0.153628,2.9077077
10.5207,6.794155
0.0,3.3364174
0.0,3.3364174
139.129,72.973816
3.31398,3.3364174
0.45884,3.3364174
7.56243,5.5790086
0.0,3.3364174
27.6447,16.837711
0.817473,2.8931098
17.6696,9.58529
1160.7,954.9346
11.3911,5.9172835
4.252,3.64118
0.0854279,3.3364174
35.6753,17.620872
0.0,3.3364174
3.82681,3.6069717
2.50742,3.8054447
0.144985,7.795312
1.0497,3.3364174
0.00684662,3.072998
0.0,3.3364174
28.3832,14.393927
1.63154,3.3364174
0.039932,3.3364174
0.0,3.058475
0.0,3.3364174
0.0,3.3364174
95.5694,49.049023
36.044,19.505573
0.0959594,2.72882
43.1512,9.438021
4.74985,3.9444125
19.6435,9.393485
1.64904,4.548453
0.033392,2.086934
3.66676,3.5073407
0.0,1.9835882
0.904192,4.8036804
11.7977,7.5699396
0.0734416,2.116522
7.13458,4.0162783
29.1625,14.595945
0.0228741,3.3364174
0.041684,2.688421
30.8985,19.127693
5.07368,3.2192328
0.0,2.2564218
0.0,3.3364174
0.0,3.3364174
8.20516,3.8667703
0.0489275,40.215893
27.9249,4.116201
10.1091,3.3364174
7.93361,4.173327
17.5729,4.9882107
0.0194222,3.3364174
108.9,15.041669
9.91484,3.6844325
0.0,3.3364174
0.0,3.3364174
20.6573,15.145429
3.29546,3.43151
0.0,3.3364174
13.4342,7.755871
0.153703,3.3364174
0.0,3.3364174
0.0,3.3364174
17.5554,31.259031
0.018341,3.3364174
0.0,3.3364174
0.0755944,2.2088218
0.0683683,2.5733294
120.835,79.955894
12.3578,5.839014
11.7618,4.160828
0.0,3.3364174
44.7525,22.9425
0.0,3.3364174
0.0,2.4513884
0.128932,3.3364174
0.0,3.3364174
0.267747,3.6245418
0.643053,6.406454
162.718,43.794518
49.2308,17.749018
40.9999,11.013679
0.0,3.3364174
24.0067,7.580159
0.0614976,3.3364174
0.19158,2.642878
0.643755,7.435113
0.0,4.5653467
0.0,3.009513
0.0,3.6209245
0.647028,16.623299
4.07168,5.8912096
0.111079,2.4714556
10.3538,6.3230047
1.32434,78.74804
20.9668,5.7632732
12.011,6.2537594
143.863,93.70363
23.8673,13.4506445
0.348336,2.318192
1.02305,5.6545916
0.0648194,3.3364174
8.51503,5.3495045
7.63668,6.425192
0.0,3.3364174
0.28766,35.262836
7.28997,3.8760855
35.8928,5.6220675
4.21751,3.4384446
0.786952,3.2714806
0.130149,4.990818
0.0,3.3364174
0.0,3.3364174
22.0206,11.043509
0.127783,2.7594743
0.0285535,2.7391608
11.4053,5.6908646
71.1906,17.434607
16.7382,9.276584
0.0,3.3364174
0.0,4.274684
10.7009,5.372426
0.0,3.3364174
45.1028,15.406015
0.0,2.8626814
0.0,3.3364174
12.7498,8.124293
0.0,3.3364174
5.60303,4.6510444
7.72727,4.5117674
0.0,3.3364174
77.0053,41.395374
3.75554,5.284954
0.759184,3.4337919
0.0482792,8.336439
0.0610322,3.3364174
10.7396,11.079181
0.0,1.9835882
16.9595,7.8699684
9.22554,4.0024915
10.1206,8.46456
0.0124682,3.0872529
0.102942,3.3364174
1.18089,3.3364174
0.111895,3.3364174
0.0,13.540407
1.71906,7.1088037
23.0388,7.4973097
0.0,3.3364174
0.432255,3.3364174
0.0,2.593728
0.0,3.3364174
0.0,3.3364174
10.4071,4.955991
0.0,3.3364174
0.0,3.3364174
9.66222,528.6221
0.0,3.3364174
0.0,3.3364174
0.0,3.3364174
0.0,3.3364174
0.0336482,3.8788984
157.205,30.13051
81.5728,47.62921
0.0238001,2.1943462
0.0657912,2.7969074
0.0,3.3364174
5.00721,4.6362076
13.6872,11.509286
0.0,3.3364174
0.0,3.3364174
0.0,3.3364174
0.0,3.3364174
3.92962,3.0363178
0.0,2.4559531
0.046363,3.3364174
9.63188,10.381632
11.4074,8.130929
0.151593,3.3364174
36.044,19.505573
34.0964,14.880625
0.264293,3.3364174
0.0,3.3364174
5.16592,3.6189563
1.44316,2.5672255
0.183,3.3364174
4.21318,3.5470161
38.0233,19.29022
2.15402,2.5929406
0.386341,8.531861
19.4241,9.091666
0.0,3.7841454
0.0,3.3364174
0.814287,6.7101936
25.6265,7.0253344
0.0856053,3.3364174
0.0,3.1232665
9.31295,3.9289565
9.45517,4.8206744
39.6108,16.989128
5.78663,3.729945
19.633,10.344872
11.1051,4.5882864
0.104732,3.3364174
0.0,3.3364174
11.0804,6.892086
0.0,3.3364174
0.0519234,4.2379723
0.0,2.0696166
0.0621603,2.6080968
17.3449,4.155428
0.0,3.3364174
39.8546,8.454204
0.0,9.029568
9.26149,5.0862856
0.32573,2.722073
9.99413,3.937382
0.0843749,3.4687924
0.0,3.3364174
43.4355,26.121073
11.9358,6.80357
13.6105,8.718259
0.0,3.3364174
0.0349215,3.993558
16.4925,8.9652195
16.8671,5.671259
5.47925,3.631926
0.0167702,2.344289
0.0,2.1708944
26.9514,3.3364174
2.97333,4.850421
17.9842,7.760517
28.3832,14.393927
0.206309,3.305106
0.0,3.3364174
5.1564,2.897307
0.0,3.3364174
0.879977,3.3364174
0.0,3.3364174
0.295629,2.597625
2.0112,27.514608
93.0804,49.998405
0.0734416,2.116522
112.108,6.2112627
0.0,3.3364174
39.7229,21.524965
24.5863,7.4284134
0.0352451,2.7225657
2.73993,2.4227314
30.7603,4.7670717
0.0,3.2042809
0.301719,2.6459136
0.0,2.5223024
0.230591,2.9290216
0.0,3.3364174
0.148812,2.3055189
0.0,3.3364174
45.1028,13.146162
25.9174,7.456031
0.119957,2.208628
5.21572,4.844528
1.18146,3.2148318
19.5991,9.3732815
0.699727,6.4561033
0.0209403,3.3364174
16.651,8.777159
0.0,3.3364174
0.0859299,2.8977196
26.0107,13.410159
4.22201,3.4386134
28.1376,15.338217
0.460856,3.3364174
0.0175409,3.9666183
25.8644,4.2909803
86.4956,53.211594
0.0,2.4093273
0.0,3.3364174
0.0,3.1751752
13.3221,21.49983
22.7891,10.388021
3.1273,2.5758257
0.0,2.6031978
0.0265841,3.3364174
0.26325,4.0469294
5.72192,4.036782
2.74767,5.4001884
10.5121,6.8762693
0.0,3.3364174
0.795791,3.3364174
0.784079,3.280816
0.0,3.3364174
9.66222,528.6221
6.42352,4.177231
21.2436,12.19097
9.80748,6.3990498
5.35623,4.5833235
0.0322104,3.9016433
69.2168,7.5774546
127.163,92.510345
0.46655,3.3364174
2.1209,11.861882
2.05754,6.6437855
1.26676,3.3364174
20.3666,4.0193834
12.2934,7.8648663
39.734,20.643084
0.0,3.3364174
0.0,3.3364174
27.4069,11.620213
12.3122,6.1032867
8.44341,3.0840352
9.58822,7.3048296
0.0,3.3364174
0.0,3.3364174
11.6645,4.4633574
6.18583,3.8199022
0.0,17.399097
0.656222,2.6848779
0.0,3.3364174
18.0932,11.40272
9.77309,6.8980083
37.8456,12.967437
0.232573,2.718469
0.0,3.3364174
0.152411,3.3364174
0.0,3.3364174
0.0894583,3.3739696
2.86956,17.71535
49.0391,28.511229
1.001,867.71173
7.76978,4.9514313
8.74577,5.041362
12.8642,7.0098944
25.7322,4.532512
9.31878,5.6935663
0.139645,4.1150064
17.0285,6.746276
8.4727,5.291381
0.0115032,3.3364174
0.0276267,3.1702027
0.0,2.3638299
5.78529,4.929541
0.0,3.3364174
0.0,3.3364174
0.0,3.3364174
0.711576,2.2956214
10.8713,6.1842127
0.0,3.1722703
15.4141,12.7633915
0.0,2.313273
30.2375,23.954142
0.0,2.325754
0.0703577,4.4696455
5.24507,4.272537
0.0,3.3364174
0.0317711,2.6259892
63.4439,61.684635
0.820588,3.0644932
0.02025,3.3364174
7.93361,4.173327
25.6866,13.4987755
0.530209,2.343648
619.796,155.76324
0.0841613,3.7273202
95.5694,49.049023
0.118923,2.696515
7.93361,4.173327
0.486171,2.8950713
0.0274204,3.3364174
0.210362,3.3364174
0.0,3.3364174
27.6714,4.5736628
0.839133,4.0024915
6.86558,5.794836
1.17427,11.122708
0.0,3.3364174
0.158946,3.3364174
0.0,3.3364174
0.593276,4.8377013
6.57163,4.591427
0.183023,3.3364174
0.0,3.3364174
0.0,3.3364174
0.945871,3.0953841
0.0,6.9707565
2.98434,3.03981
6.70987,5.562065
0.42647,2.4527922
0.0,3.3364174
449.819,362.70856
23.0025,3.6458766
18.7733,8.429232
3.56694,3.5690188
0.0,3.3364174
0.126526,7.1401186
22.2375,12.840813
0.0,3.3364174
0.0131822,3.3364174
12.0386,4.7924576
0.534861,3.7141485
3.62445,2.940836
11.2391,5.6021805
0.624302,4.2332783
0.259034,3.3364174
32.9738,19.637188
21.7949,11.997302
18.7259,9.85116
4.54608,3.3364174
0.0514544,3.3364174
31.6605,15.398278
4.87841,9.645084
12.2933,3.3364174
187.407,109.0041
95.6333,40.215893
0.0,3.3364174
6.66568,5.077029
11.7618,4.160828
11.0146,5.582778
0.0,3.3364174
0.749724,4.1957784
19.8674,6.7101936
0.0362418,4.8438644
0.0930992,3.3364174
0.0,3.3364174
40.1683,11.433856
4.78746,3.9126673
35.7528,23.74117
0.0436748,3.2087574
38.0233,19.29022
0.083875,2.4749207
0.110904,2.8669128
25.2089,8.842613
48.3711,29.102484
0.0435404,3.3364174
2.0112,27.514608
0.0,3.3364174
0.0,3.3364174
0.0,3.099554
0.0,3.3364174
225.715,147.7649
0.0,3.3364174
0.0112633,2.6323545
0.0,3.3364174
0.0,3.3364174
0.058586,3.3364174
11.4944,11.86045
5.59568,21.523329
0.0,3.3364174
0.0,3.3364174
3.08239,4.742835
0.095025,2.2755928
14.6555,3.3072932
5.6568,7.702409
0.0,3.3364174
0.0,3.3364174
13.6702,8.12612
7.76466,3.273734
2.73699,3.21292
16.8101,10.954926
0.0,3.3364174
0.0,3.4624705
127.057,4.1507797
0.0,7.187396
751.657,432.57782
0.0,3.3364174
25.7322,15.091851
10.6229,8.980163
1.42191,12.460705
0.0,2.955709
7.30478,3.3364174
0.0,3.3364174
0.0,3.3364174
0.0246216,3.3364174
0.0149761,2.4934125
5.20467,4.270273
4.02702,3.5715847
17.7248,8.285879
60.3985,34.357067
0.0231005,3.3364174
43.3082,20.755978
0.0,2.5639753
12.9585,7.3469152
0.884516,2.8102322
0.0,3.3364174
15.6575,8.732616
0.0,3.3364174
0.226083,3.3364174
0.630093,2.5464716
25.9484,10.285181
8.58243,2.7671363
0.0,4.5653467
2.59898,2.637051
0.0,1.7979536
0.494796,5.1508904
0.0260902,2.6713762
0.0,2.349385
14.6294,3.4940395
0.0,3.3364174
2.89538,3.5899172
37.0849,42.252975
0.0,3.3364174
0.0,3.9016433
14.5233,8.723021
0.0,3.3364174
0.0587993,3.3364174
0.0134822,2.555435
0.0179047,3.6844325
3.93496,3.337298
12.2933,7.283945
32.8704,16.03799
0.00557245,2.1360736
0.22883,2.4587822
0.0405151,3.3364174
0.0,3.3364174
11.6114,5.133194
0.183023,3.3364174
0.287353,3.3364174
110.851,66.39319
0.0160634,2.459911
1.23712,14.151141
9.18391,9.107619
0.424285,2.7527783
0.808567,3.3364174
0.635571,3.982841
0.095,3.0402532
12.3842,3.96218
24.7117,11.840851
0.0,2.8520534
4.87841,9.645084
0.0435128,3.2124093
15.1536,7.763912
0.0,3.3364174
1.22844,2.7942777
24.8885,8.825408
3.40454,2.4697013
0.797986,3.016461
0.0059639,2.7242126
0.0,3.3364174
16.4165,6.4561033
4.83942,4.306178
929.506,3.7534628
26.8021,12.585187
0.112706,3.3364174
51.4147,5.6926675
16.1532,4.622677
0.592882,2.5841126
7.14585,4.1608305
2.49685,132.1237
0.0,2.6357663
15.5967,8.274729
0.571642,2.3661375
43.4606,2.6943476
0.215929,3.426319
34.0732,17.51391
49.3187,27.997366
22.4149,12.664999
0.866662,3.5357924
0.0865347,3.3364174
0.0,3.3364174
0.0,3.3364174
8.45355,4.2441034
10.7303,6.6738224
0.0224556,3.3364174
12.5145,8.210173
0.608552,7.70092
0.345062,2.4552228
19.053,9.242187
85.7132,2.387797
0.0,3.3364174
0.151476,2.540508
68.0121,39.640133
0.0222586,3.3364174
53.1266,29.055294
0.0266381,3.9056697
0.0,3.3364174
15.2454,6.0886
2.30452,2.5790155
2.05754,6.6437855
0.546353,3.3364174
7.87126,7.5053864
8.20827,6.9707565
0.0,3.3364174
0.021982,3.3364174
0.0,3.3364174
26.0587,26.375177
31.1072,20.261003
13.3042,4.6752615
16.9488,24.766201
0.757812,3.2024853
10.1873,6.82547
28.9256,6.868373
0.0,3.3364174
36.2545,23.478342
182.105,5.4068947
0.0,2.4351406
0.0,3.3364174
2.47954,6.223812
0.19158,2.788966
0.0,3.3364174
39.8775,16.709263
20.0597,5.271
0.0,3.3364174
12.3816,4.5694337
0.0,2.283069
5.85685,4.1506805
17.9208,4.4976397
0.0,2.8686666
74.3385,47.84841
0.0186963,3.3364174
0.0,5.9537244
5.40438,3.1065104
0.0519234,4.2379723
61.2563,34.70279
28.9819,12.310118
0.0362784,2.4146385
0.0,3.3364174
12.3842,4.134326
0.350372,77.84909
526.804,4.2991295
0.0634336,3.3364174
0.272102,3.3364174
9.86318,5.436392
29.8393,15.473143
18.8462,12.303011
26.1965,10.94341
0.0,3.3364174
23.9859,14.467903
6.17527,5.1313677
12.3578,5.839014
0.0,3.3364174
1.05032,9.453339
63.6629,39.16177
1.28817,11.137423
26.0933,12.676658
0.0,3.3364174
0.0,5.88717
12.6408,5.5716887
3.94202,3.1436126
86.786,57.2286
0.118235,3.3364174
7.93361,4.173327
0.304523,2.278485
17.243,4.0024915
9.4149,4.9306173
0.322154,2.2784884
0.763943,3.9573398
0.0,3.3364174
0.0442276,3.3364174
1.18448,5.2497673
0.0,3.3364174
0.0217221,16.889542
1.02282,3.2969317
0.0,3.3364174
4.4869,3.610056
23.9209,11.793961
6.54572,5.623972
0.221629,2.412035
10.9029,66.56201
18.459,9.716444
0.02025,3.3364174
0.182946,3.3364174
0.0,3.3364174
25.9474,10.746524
4.61967,4.054802
5.39411,4.1631594
28.1784,9.928658
2048.89,502.3818
0.0,3.3364174
5.35623,4.5520544
0.0,3.3364174
0.0,3.3364174
0.0,3.3364174
0.0,3.3364174
0.116452,2.8770852
14.1322,3.6511292
0.300234,2.7817886
4.41312,4.3489947
0.0,3.3364174
0.0,3.3364174
12.3122,6.1032867
0.883129,3.6157072
0.0,2.015686
0.0,3.3364174
0.0,3.3364174
0.0,3.3364174
0.0,3.3364174
15.6481,21.902954
20.9772,12.179011
0.740412,5.8125315
13.3136,3.0213952
0.0,3.3364174
0.0,3.3364174
0.534143,2.1995282
0.922114,3.5984683
60.5572,41.66695
27.4498,14.941302
21.9927,10.966555
1.09655,8.703771
39.6108,16.989128
0.0,3.0561981
1.50345,5.198762
0.0,22.65472
39.7765,23.941538
0.0,3.3364174
0.0,1.8378505
2.02248,2.718469
0.821348,4.677244
1.62062,3.3364174
17.8076,19.987486
0.0,2.9709296
0.114333,3.3364174
3.6885,11.74457
0.601586,3.1833417
14.97,5.930144
7.4172,5.0507565
0.0,2.7386618
4.89097,5.169935
0.0303929,2.2533498
0.0254356,3.3364174
4.52996,6.1062956
1.20423,9.176096
31.4517,4.44529
0.0,3.3364174
29.9396,14.4787655
0.0,3.3364174
0.0153356,2.2138224
0.0304159,15.849421
17.383,11.45661
2.26397,26.53489
9.40459,11.032082
9.0536,4.5201135
22.0206,11.043509
0.663635,3.2641578
0.192066,3.947589
6.18583,3.8199022
12.4414,5.697874
0.0,4.2493773
17.243,4.0024915
0.0993689,3.2695875
46.6668,25.17751
1.2981,3.3364174
0.0,15.18873
45.4482,26.16277
0.110945,3.3364174
6.4931,3.960833
7.75683,4.9312906
0.614049,2.8243332
2.95801,2.7474248
8.78232,3.8648677
0.0,4.3482046
0.0880483,3.3364174
0.0,3.3364174
13.8754,4.1206775
0.0643545,3.3364174
0.0541491,3.3364174
95.6333,40.215893
4.44712,5.721492
0.0,3.3364174
882.552,605.32495
1.61219,3.0840352
0.92021,3.3364174
0.0,4.0609474
163.777,16.08768
16.4307,19.626423
39.8526,22.09243
2.59898,2.637051
0.13219,3.7393625
9.28804,15.534752
0.0,3.3364174
0.0095824,3.3364174
19.4562,10.035873
36.8578,15.460046
0.847076,3.6698503
12.1527,6.25959
16.651,8.777159
7.09776,4.3255544
0.0,1.9654387
0.127812,2.6642463
12.2014,18.923826
8.46703,4.0144815
36.2545,7.2584314
15.9548,9.992197
4.1573,7.11666
0.137176,3.3364174
0.787806,3.2466564
0.0,3.3364174
13.6142,12.687188
0.0,3.3364174
0.0,3.3364174
0.455084,7.400996
0.0,1.9107075
0.0,3.3364174
37.578,19.150324
4.67371,3.659628
0.182946,7.4284134
18.2872,4.5653467
0.0,3.3364174
0.0,3.3364174
0.0443425,16.623299
0.26325,4.0469294
22.869,3.3364174
0.0671403,3.3531742
0.0,4.569107
0.0164459,2.8233829
11.8307,6.5406456
0.0,3.3364174
228.807,151.13716
13.1755,5.400278
0.0,3.3364174
0.472333,4.226155
14.5591,11.046516
5.50912,5.820466
0.0223268,3.3364174
0.0544411,3.3364174
0.108294,2.4837515
0.0,3.910596
0.0210097,2.314572
0.0,3.3364174
11.3063,3.7245452
0.0,2.860013
16.4307,10.397791
1.58275,2.7007856
0.0,3.3364174
11.6618,7.609396
0.44067,3.3364174
39.8526,22.09243
0.0,3.3364174
3.29977,5.364807
0.0,3.3364174
7.8085,8.784764
3.66676,3.5073407
0.809665,2.6960554
0.0,3.3364174
7.69518,4.3398337
0.0,3.3364174
0.0252579,2.542569
4.75134,3.367632
0.445342,3.2629056
0.0477186,3.1148238
11.9164,3.0188868
2.15402,2.5929406
8.2064,4.4240336
6.37074,4.5264916
23.7573,17.065636
61.8439,29.25374
2.7029,3.542935
13.2992,6.4767447
3.33134,11.187182
13.233,4.33568
26.1892,14.827282
4.47958,6.9967356
4.61178,3.6701298
0.0363376,3.3364174
16.2904,8.087628
0.0,2.8557248
0.0352722,2.4564283
0.0,3.0561981
4.12438,10.205926
46.9646,29.670532
0.0,3.3364174
43.9491,4.149578
1.85577,4.312456
4.2222,3.3094442
40.0693,21.005302
16.2904,8.087628
1.49141,3.1335402
0.0,3.3364174
0.0339982,2.5357518
5094.75,9.859002
0.353103,2.7732732
24.7117,11.840851
0.0,2.6212914
0.0479309,3.3364174
6.33747,3.446583
0.105717,2.8688996
0.420006,3.5386763
0.0,3.3364174
3.74741,9.937373
9.40351,5.777076
106.185,68.955246
16.4813,22.381544
3.47122,5.004824
23.8144,10.959259
0.0,3.3364174
0.0,3.3364174
21.4877,12.031657
24.7117,11.840851
0.0473213,2.9577746
0.0841613,3.7273202
0.0394029,2.4814725
0.5899,2.5357518
57.7565,30.342623
0.0,3.9880033
1.83936,3.1172261
0.0,3.3364174
0.235774,3.3364174
0.129545,3.0688822
0.088978,3.3364174
14.3497,5.1481013
0.0,4.7605577
0.0,3.3364174
0.0284757,15.292932
0.0,3.3364174
0.565411,2.7325172
11.3911,5.9172835
1.51571,2.496864
0.0,3.3364174
1.54364,2.4410512
27.7354,7.793521
13.4078,12.969222
9.07465,11.938047
24.5863,7.4284134
5.5742,4.1794033
0.248631,3.3364174
0.0121285,3.0193665
7.70039,4.730997
0.324646,3.3364174
5.09374,7.727373
1.13365,3.3364174
0.0,1.9107075
0.5899,2.5357518
3.54183,15.396762
19.3196,9.055142
0.172067,4.0084653
2.3316,3.3364174
8.42446,5.591958
0.0333265,3.312184
1.9201,10.42915
0.0,3.3364174
5.06259,2.4159188
1.30501,7.950819
34.1317,15.813689
0.0,3.3364174
0.0,3.3364174
17.2133,10.280119
19.8674,6.099585
1.50108,2.607558
0.0,2.8448784
181.96,121.56958
5.5232,3.3364174
0.0,3.5688436
0.0,2.873435
0.0,3.3364174
27.5158,12.698945
0.201958,836.447
0.0501567,3.3364174
305.067,4.0156927
4.68552,4.537362
12.4505,7.400113
0.052162,3.3364174
12.3571,8.639455
258.84,53.01138
140.312,87.145905
20.3765,3.910596
13.8431,7.697647
3.1273,2.5758257
0.0,3.6422393
25.3641,13.090883
17.243,4.0024915
0.0,3.3364174
0.0,3.3364174
0.0,3.3364174
2.15402,2.5929406
0.0,4.352275
1.42191,11.327849
0.0310379,3.3364174
0.0,3.3364174
27.2008,14.219788
0.159075,8.50509
42.2843,7.7188053
56.6998,4.3936353
0.0,3.3364174
0.0,3.3364174
9.92708,5.755615
47.8693,4.7408304
6.77438,4.1639814
5.1564,2.897307
410.978,3.639903
60.3985,34.357067
0.0,3.3364174
16.4925,8.9652195
0.0443369,3.123296
0.02025,3.3364174
15.4406,3.3364174
48.6134,3.2565458
0.0,3.3364174
0.0,3.3364174
0.0,3.3364174
3.62445,12.36641
0.0,4.0473557
0.825871,9.763144
2.96133,4.0661983
4.3174,13.74641
0.0,3.3231018
0.0,3.3364174
0.0,3.3364174
0.348339,5.8823996
0.0,3.3364174
4.22201,3.4386134
22.869,13.594912
29.4994,9.244556
0.284589,3.5559378
74.0086,9.138622
0.243955,3.3364174
0.803882,2.3431501
0.0356115,3.3364174
0.0169936,3.3364174
0.399107,7.464468
331.816,251.60202
0.0,3.3364174
0.0,3.3364174
27.393,12.827196
23.6901,14.790843
0.0,3.3364174
3.98391,4.6853695
19.6435,9.393485
0.0,3.3364174
64.9969,38.53105
22.9447,17.952824
0.170752,3.3364174
1.13518,2.7743945
1.67707,4.8753824
43.1164,29.67012
0.0439876,3.3364174
0.160588,3.3364174
1.55944,3.4869485
1.57676,6.901413
10.0159,5.823395
1040.91,4.378949
10.2463,6.213307
2.3241,3.3442707
0.0,2.413102
7.93916,4.4472165
14.8394,21.87611
0.700803,2.7924457
19.0592,10.380972
0.0,3.3364174
4.27692,3.8745418
6.60592,5.1100817
0.158944,3.3364174
0.0,3.3364174
0.0,2.5262837
0.0,3.3364174
13.4342,7.755871
0.301895,3.3364174
0.0,3.1133592
29.3384,16.754309
11.5783,7.7214146
5.52068,3.290199
10.3818,8.3430395
69.8357,34.22641
0.0,3.3364174
0.246759,3.3364174
0.228919,3.3364174
0.233632,8.508578
9.99413,3.937382
0.0,3.3364174
13.9082,6.978669
0.0,2.471472
0.0,1.9835882
6.94569,3.3364174
0.0,3.3364174
0.0,3.3364174
7.54229,3.1133592
10.3748,6.759576
0.0,3.3364174
24.1555,3.3364174
36.9073,23.375378
0.0,3.3364174
12.7134,3.3364174
0.0471918,3.3364174
27.4744,26.512035
44.3922,24.305387
4.76564,3.3364174
0.0,3.3364174
45.9377,24.300938
0.0336751,3.3364174
1.71379,3.2808766
16.4448,8.437398
10.2968,5.59511
0.099298,5.0138054
0.0,3.3364174
0.0,3.3364174
4.06206,2.5216727
0.011101,2.3113859
2.32215,7.0596027
3.56139,10.144031
0.245293,3.453065
3.70929,4.149981
0.0735687,4.0392723
9.66222,528.6221
99.5549,5.058608
4.87503,3.5745344
48.3711,29.102484
78.2679,3.3364174
89.0259,7.441551
0.0319741,3.3364174
5.3114,4.051613
0.651057,3.3364174
3.85496,3.4462285
2.85747,3.1727786
27.7688,15.449157
0.0,3.3364174
10.5735,6.52055
13.6364,8.840978
0.208071,7.138357
0.0,3.3364174
3.88411,8.825408
0.150105,2.5207136
6.18238,3.3364174
18.3674,4.1708536
8.4425,9.839045
5.07368,3.2192328
8.51827,4.825946
0.0506962,3.3364174
0.0,14.307978
3.55422,4.7617803
23.5057,12.490735
0.0,2.6319351
0.0,3.3364174
0.0,72.473114
6.70987,5.562065
10.2172,3.4576004
0.0,2.166504
0.401151,4.7273216
7.15625,4.716261
2036.01,116.1406
0.0,3.3364174
0.051393,3.910596
7.79231,7.9790564
23.569,12.80114
0.0,2.6214988
16.5723,4.065403
0.0,2.955709
0.0,3.3364174
0.0,4.44466
0.0,3.3364174
88.224,45.08049
0.0,3.3364174
3.36491,4.2538257
0.43431,3.5367148
8.40864,3.3364174
0.0,3.3364174
0.0525717,3.3364174
0.904666,12.014407
7.42939,31.385164
5.78663,3.729945
2.37217,5.041835
0.511169,12.064876
0.775171,4.1585746
22.0206,11.043509
0.182358,3.3364174
0.192688,4.1185503
0.0,3.3364174
1.1457,5.8029985
0.0,2.9242287
10.0219,7.6316233
26.3449,14.080788
4.71745,3.642233
106.022,11.139273
0.0,3.3364174
0.0310379,3.3364174
0.0,3.3364174
31.889,18.217001
0.0285757,3.1931114
41.4786,24.521093
14.1798,7.338706
0.0,1.9654387
0.0,2.1195369
30.0849,18.892162
0.0,3.3364174
122.832,68.904236
0.0,3.3364174
0.0,3.3364174
0.0,3.3364174
394.63,250.6812
38.7378,26.29955
1.45222,3.3364174
0.39772,3.3364174
4.98572,3.5169854
12.8546,10.495023
55.6461,14.9833975
1.52816,3.7313688
107.268,66.72562
0.0,3.3364174
13.1918,7.200473
13.7172,6.809286
5.49693,14.150567
0.00457431,3.3364174
0.0,3.3364174
0.748226,2.9680717
25.7986,16.020351
0.0,3.3364174
0.0879039,3.0026054
0.0439876,3.3364174
11.3267,3.3364174
11.6433,4.000108
61.7468,33.28079
0.0144449,2.0994935
15.4126,8.293696
9.40349,5.6334276
5.16,4.5961175
16.4448,8.437398
0.0,3.3364174
20.3765,3.910596
86.9453,64.12093
6.39448,3.3831604
35.2418,21.786648
24.3026,11.245471
0.0324739,6.205626
30.8985,19.127693
8.18569,5.2987337
12.6019,7.481735
34.4712,6.410034
0.877677,35.201782
0.0968266,2.4087813
23.4271,13.817062
0.290254,3.392621
79.2286,43.755123
0.0,5.4835825
8.62519,4.9161644
0.609691,7.9434776
0.264436,2.7230759
0.0,2.283069
0.294262,2.4330902
0.0,3.3364174
0.0350981,3.8623898
16.3663,8.134629
0.0,2.5291593
0.0261254,3.3364174
0.622161,3.3364174
3.89551,4.3249235
0.0,8.337068
0.0308958,2.7764902
118.592,71.64841
0.0,7.559684
0.0229381,3.3364174
0.553941,2.807487
0.0,3.1834066
0.718754,4.163663
32.5265,3.3364174
0.0,3.3364174
9.4149,4.9306173
3.92962,3.0363178
17.6053,9.739553
16.2454,12.437742
21.7269,13.585793
1.50932,3.8927734
0.0,3.3364174
1.14091,2.5016034
0.0,2.3459728
0.775171,4.589884
0.0,1.8378505
4.25643,3.005496
90.1931,46.97674
6.32027,4.480446
18.8261,9.154016
1.74564,2.97582
18.6947,4.2667804
0.0,3.3364174
16.8505,3.3364174
0.835289,3.7091537
0.0626873,2.6487184
0.0,3.3364174
8.53334,6.367668
63.3801,34.072414
0.0,25.173157
23.5057,12.490735
30.6925,12.524918
0.0,2.283069
0.0,2.5516427
0.267421,3.3364174
10.6178,7.1626606
0.0,2.3036983
0.0,3.3364174
0.0,4.828121
0.210108,3.3364174
4.92439,4.190407
27.4685,9.101454
10.3641,7.9938507
65.7132,41.468456
7.94594,2.8102322
0.0789607,2.7977529
0.236539,3.3364174
8.4425,4.8124714
0.0,3.3364174
6.18577,6.5434055
3.4258,4.0739846
0.0,3.3364174
0.0,3.3364174
0.0845528,3.3364174
13.2992,6.4767447
0.0,3.3364174
9.45008,4.094218
5.52068,3.290199
0.392164,4.3450236
26.1965,15.498597
0.0,3.3364174
0.0,3.3364174
0.0407668,3.3364174
22.2482,15.840002
0.233384,155.76324
0.0,3.1695344
0.0,3.3364174
1.16659,10.606548
14.5681,14.215502
0.0,3.3364174
0.0,3.3364174
32.6551,15.358421
0.0190519,3.3364174
26.9829,17.154146
0.192778,3.3364174
0.0,3.3364174
0.0285757,2.2128391
0.0697059,3.3075223
13.3866,17.62512
0.0,3.3364174
0.0,3.3364174
86.7999,55.34496
0.0,3.3364174
5.6552,4.0476704
8.13618,30.559063
27.4685,9.101454
60.0505,10.351229
2.87896,5.045602
0.0,3.3364174
18.374,8.232567
53.0483,30.991425
0.0,3.3364174
0.0,3.3364174
0.0,3.3364174
0.0,3.3364174
2109.74,1383.0048
0.0628861,5.723267
0.0,3.3364174
38.7644,20.564268
8.07777,4.784186
8.96255,16.90749
4.29189,3.112894
0.0,3.3364174
0.835289,3.9473953
2.93284,2.915478
0.0,2.4619646
0.0244278,3.3364174
0.0,3.3364174
9.02859,5.652604
4.66513,4.7490454
0.0396249,2.166504
0.0,4.1646767
2.26295,3.9348326
110.894,10.036298
8.61474,11.433856
0.53003,3.0482063
0.926497,2.7433739
0.0177513,3.3364174
1.65636,3.801331
10.2515,5.7284436
6.97012,4.8707232
0.040753,3.3364174
0.39772,3.3364174
0.638611,3.3364174
0.0,3.3364174
22.6272,12.998075
9.73486,2.5367186
93.6125,51.203926
0.888845,5.64534
60.3985,34.357067
0.0,3.3364174
4.65514,4.831581
2.1914,6.135373
9.21908,3.5152476
0.0,3.3364174
0.0,3.3364174
0.196991,2.4486177
0.0546641,3.3364174
12.5184,6.008822
0.0,3.3364174
5.52068,3.290199
18.8009,11.066786
7.0301,6.5439396
12.1107,9.429696
0.0258678,2.6975455
0.0,3.3364174
0.263235,3.3364174
4.47958,6.9967356
77.2059,43.439
0.0734686,2.3759246
0.0145047,3.3364174
0.0,3.3364174
0.32237,4.080405
1.64039,2.800408
9.34879,5.783581
13.4247,8.631109
6.0461,9.256307
9.8235,2.8276181
0.0,3.3364174
0.0,5.092184
0.0,3.3364174
0.0,3.3364174
0.0,2.5357518
19.0873,7.786875
0.0,3.3364174
0.0,2.9880986
0.233901,4.5377073
0.871594,3.2285626
1.45654,2.8115113
0.0,3.3364174
1672.53,528.6221
13.7754,6.957345
17.7397,4.8674855
106.545,10.064318
6.94009,4.6290255
0.346506,3.055378
0.00521469,3.3364174
0.0,3.3364174
5.59409,3.3364174
32.6081,19.120373
0.0,3.3364174
3.1782,3.3336735
0.0272436,6.19189
0.0,3.3364174
5.72321,19.490114
0.0,3.3364174
0.49026,20.528868
0.0,3.3364174
22.0206,11.043509
0.0,3.3364174
0.0,3.3364174
0.0,3.3364174
9.32373,4.049404
93.0901,55.916153
0.03394,3.3364174
0.0,3.3364174
9.79371,3.8707285
0.119256,3.3364174
0.0,2.4122853
51.2472,28.25586
3.12215,2.8129373
32.5265,3.3364174
35.8779,19.214714
0.0,3.3364174
5.05006,3.9580393
4.4869,3.610056
0.0,3.3364174
16.9321,12.276553
0.0574672,7.646286
2.18261,11.980813
120.835,79.955894
71.4958,37.85274
0.0,3.3364174
131.913,40.215893
46.4183,18.405542
8.51378,4.689121
4.39634,3.477879
45.6525,25.888319
0.0,3.2031648
0.0,3.3364174
26.1206,6.3792515
0.0,3.3364174
0.0,3.3364174
0.0179047,3.6844325
0.0,3.3364174
7.15171,5.9111547
0.0,3.3364174
11.2349,4.619657
17.5554,31.259031
0.0,3.3364174
27.6481,14.551257
0.0,4.6262407
3.29546,3.43151
0.030774,1.9528329
0.0244684,3.3364174
2.20592,6.2109747
0.0170887,2.28792
7.34111,4.923547
69.457,13.020279
1.26098,2.4619646
15.4143,3.1092498
0.0711453,3.3364174
2.60487,3.1528096
0.0,3.3364174
1.19533,3.49185
0.0,3.3364174
25.7777,15.636115
0.0416263,4.464253
88.2999,55.643116
10.2463,7.049589
0.0164971,3.3364174
0.0,4.475888
0.0,3.3364174
1.47888,4.0024915
30.5976,23.932243
0.0,3.3364174
0.00671422,3.3364174
0.720367,10.82122
0.275986,10.081973
9.8331,9.786067
0.080121,3.3364174
0.144784,2.015686
3.21194,4.407286
0.0,2.8634531
8.14611,5.0868216
0.0,38.53105
26.1965,15.498597
12.6291,8.732294
0.444659,3.0154026
0.0,3.3364174
8.57879,5.133194
0.0,4.808979
2.73993,2.4227314
28.1376,15.338217
14.1949,8.579208
0.0,3.3364174
0.0,1.7979536
5.39411,4.1631594
0.0,3.3364174
0.643,3.0571046
0.0,3.3364174
23.5049,5.824774
79.1213,13.002792
0.0,3.3364174
0.0,3.3364174
16.4448,8.437398
9.4149,4.9306173
68.0011,3.3364174
3.93245,3.6939783
0.0,3.3364174
0.0,3.3364174
6.83028,4.4877653
0.0450396,2.6192636
0.0,3.3364174
12.2738,7.65143
0.0,3.3364174
0.0,3.3364174
1.50108,3.8285415
1.51667,2.8369107
9.18705,5.5348043
1.72625,7.4278326
0.0198536,2.520664
0.0,2.417862
1.11784,2.9576044
26.9056,3.8846827
0.0,2.8448784
79.1213,13.002792
117.136,5.7934256
5.59409,3.3364174
83.9564,69.62354
7.92153,5.191427
2.24119,3.5161462
4.85934,3.3181858
10.6273,7.9106607
5.62055,7.1027555
0.0,3.3364174
0.0167724,3.3364174
0.0,2.283069
0.0,3.3364174
8.48155,5.1578326
1.06258,2.4061475
5.69351,3.735775
13.0665,9.343927
0.0,3.3364174
33.3482,5.891108
0.0883291,2.4534283
2.8793,2.8978894
0.160392,2.9188879
26.1965,15.498597
3.83202,2.8656557
3.8263,4.344536
260.495,3.4127207
1.9342,4.2493773
0.0,3.3364174
7.74843,6.808302
0.110281,3.3364174
0.0,3.3364174
146.641,84.27842
0.0,3.3364174
0.295121,5.415428
0.0,4.3794756
0.0,3.3364174
8.98008,5.4009686
26.7938,15.97723
0.126606,3.3364174
0.0,3.3364174
24.8391,12.824061
16.457,24.688534
410.978,52.56101
0.095025,2.2755928
54.0669,4.5617313
0.0,3.3364174
2.35078,3.6591375
9.73844,6.468769
5.73474,3.5001607
8.8498,4.5425286
9.14676,6.6189528
2.56798,3.479744
26.8688,7.95634
2.0369,8.086714
2.92734,4.690271
0.0,3.3364174
0.0,3.3364174
0.114256,3.3364174
9.45008,4.094218
52.2404,24.577848
10.919,5.6872005
9.26417,5.3222494
19.3196,9.055142
35.9871,10.140783
8.02989,5.5798616
9.97045,7.575902
13.6965,6.493305
0.0,3.3364174
6.82818,3.8121681
0.0,2.1741538
0.468849,6.924693
0.0,3.3364174
263.743,216.32999
0.0,3.7670465
3.02366,3.2996032
16.8505,3.3364174
9.59899,4.500206
57.7565,30.342623
0.18845,2.5206623
0.0,3.3364174
16.457,9.863825
6.19468,10.435421
0.0607464,2.5639753
0.0,3.3364174
0.0,2.5216727
0.179337,3.6717412
0.0788493,3.3364174
0.0,3.3364174
0.0645255,3.3205404
31.7122,18.973888
0.0,2.8623238
0.043272,3.168097
0.0,3.3364174
4.52907,4.5319395
46.5786,5.483632
0.168411,8.136817
0.0,3.3364174
0.0134182,3.3364174
26.0248,12.5060835
1.13347,2.4164824
1.31698,2.7839637
0.0,2.878962
170.727,109.06839
1.43893,4.545761
7.67703,4.5035954
6.45041,4.7789745
15.892,6.632455
5.06259,2.4159188
0.0506962,3.3364174
0.0543723,3.3364174
8.51883,6.7242317
0.0,3.9607165
0.0,3.3364174
0.0,8.365388
0.0,3.3364174
0.0,2.015686
14.6375,9.064405
0.0930758,8.32376
0.0,3.3364174
0.243653,3.3364174
0.0,3.3364174
4.2338,4.606616
7.42939,18.642828
0.571642,2.3404458
23.5057,12.490735
0.390753,2.7386584
0.256122,3.3364174
29.4862,9.640065
0.252204,3.3364174
0.322485,3.3364174
1.65984,3.4786239
10.6178,7.1626606
0.0335382,3.6343122
2.01911,5.24224
0.329325,7.4278326
0.0,3.3364174
0.0,3.3364174
0.0,2.5314448
0.0,2.2626703
4.37563,3.110254
0.0,133.47655
0.498276,2.1741538
0.0,3.3364174
8.51827,4.825946
0.535877,3.6223354
0.67179,3.5265818
48.0737,8.068722
65.2633,34.784176
5.3692,33.28983
0.22721,3.3364174
0.0,3.3364174
0.246802,3.3364174
40.8927,8.859459
0.681433,6.706644
11.7324,7.6358175
0.0,1.9654387
9.31878,5.6935663
0.0,3.3364174
1.001,339.32443
0.047583,16.623299
0.0,3.3364174
49.2308,17.749018
0.0,3.2141669
0.0,3.5347176
33.1188,12.824802
0.0,3.0309892
13.8839,27.89584
8.30396,4.0302505
0.0,3.3364174
60.3985,34.357067
3.75198,3.7450037
0.0924405,9.330265
10.411,4.2326
49.0936,9.9472685
40.5104,11.697026
0.0932878,2.1851125
738.118,6.412836
8.94592,5.9011183
0.0,2.897307
0.0209403,3.3364174
0.0164465,4.137048
2.61851,2.8204045
4.54834,3.1184425
28.1376,15.338217
38.9799,8.230622
0.0803287,3.3364174
0.0,3.3364174
16.651,8.777159
0.0,3.3364174
22.2086,13.561061
4.54608,3.3364174
0.0,3.3364174
0.362688,3.3364174
1.9224,3.9104314
15.3548,8.372568
0.0227304,1.8378505
1.2981,3.3364174
0.0,4.575577
0.0,2.6856441
16.4448,8.437398
0.0,3.067706
1672.53,528.6221
0.0,3.3364174
3.65587,3.1860762
0.0,3.3364174
0.0,3.3364174
26.037,12.777653
0.0,3.3364174
0.0317711,3.3364174
1.13553,7.049428
57.7565,30.342623
11.566,6.161033
6.36949,4.245301
0.645114,3.3364174
0.0,15.859198
0.0,3.3364174
208.249,9.239574
0.0,3.3364174
0.542442,3.0122588
0.0,3.3364174
0.183057,2.874336
0.0,2.576001
8.30447,3.3205404
0.0,3.0663238
1.26098,2.4619646
13.6542,11.642814
96.6188,41.95501
4.8807,3.4620414
0.0286426,3.3364174
13.1278,7.1543303
0.530209,2.343648
0.0,3.3364174
0.0175519,3.3364174
2.02248,2.7763867
0.299788,3.2458289
0.0283075,3.3364174
7.2347,4.106681
0.0,2.4122853
94.7963,36.275215
0.863657,14.380338
2.47586,2.755977
11.8289,6.3551893
0.0,2.5550349
0.128932,3.3364174
28.4785,7.465746
0.0,3.3364174
7.54229,3.1133592
86.3551,44.284126
27.1519,15.827609
0.631495,2.951684
0.299788,3.2458289
0.0,2.4692347
1.20083,2.4195418
10.8115,14.825428
1.02523,3.0699344
0.0319017,3.2085137
0.0,2.6597986
0.276521,2.9392107
4.9666,3.7682047
0.0382284,3.124279
0.0,3.3364174
0.52367,3.3831604
6.49026,4.3745646
3.01974,3.8439133
27.4069,11.620213
12.6465,7.6813383
0.0,3.3364174
0.0,2.3566961
13.1349,6.3987265
0.0,2.805494
0.506249,2.6943476
76.1291,4.6206913
32.4577,20.60229
7.15625,5.279125
0.0,2.5110426
3.8263,4.344536
0.0,3.3364174
2.98434,3.03981
0.0,10.606548
0.20808,3.6630206
0.00929197,4.325595
3.80485,3.8525033
6.87979,9.567893
0.318302,3.3364174
1.84446,3.3364174
0.0,3.3364174
5.72966,4.0144815
19.9297,8.791619
12.1992,10.232965
0.0107023,3.3364174
96.5523,54.19758
94.7963,36.275215
86.3551,44.775394
5.16818,3.8091717
37.5751,9.980729
28.4785,7.465746
0.0,5.559065
36.1902,24.886028
2.26397,17.793617
1.56213,2.0928507
0.0,3.3364174
0.0,3.0848649
0.0,3.3364174
0.0,2.8540246
74.3385,47.84841
1.18369,2.463043
0.0,3.3364174
0.0,3.2623518
0.0,3.3364174
14.7658,4.2066936
0.0434396,2.3348632
0.109414,3.3324096
0.0,3.3364174
18.2498,12.511982
6.57556,3.6784377
0.0,3.367632
5.34906,2.5701058
0.0,3.0384092
0.0,3.3364174
6.74107,4.818723
0.144985,7.795312
2.38448,4.252241
0.454844,2.719746
0.0,3.3364174
0.0,3.3364174
0.133885,2.4480317
14.747,7.811322
0.0,3.3364174
12.4639,3.3364174
5.85738,23.66868
6.71487,4.625642
35.7528,23.74117
0.0,3.3364174
0.0,19.963152
8.73149,4.761037
228.807,151.13716
0.0514544,3.3364174
0.0,3.3364174
0.0,3.3364174
0.472333,4.226155
12.4326,8.409864
4.252,3.64118
5.34971,4.5841775
0.0,3.3364174
0.0,3.3364174
0.0344191,6.175248
0.0,3.3364174
11.8048,7.3447084
18.2459,2.3093662
0.0,2.122063
0.0,3.3364174
4.33894,3.7515025
37.8767,24.92428
0.0344196,3.236017
0.0205246,6.469431
0.0,3.3364174
6.8555,4.5082083
0.0,3.3364174
0.0284257,3.3364174
4.40395,4.774027
13.2442,4.9196534
0.0,3.3364174
0.0,2.6809142
4.70673,5.837005
43.29,28.80023
15.1388,8.293365
1.20083,7.099555
0.0,3.3364174
0.0,3.3364174
33.7824,27.320358
29.961,14.591141
0.0,3.3364174
0.0,3.4769843
0.401957,3.195925
21.7949,11.96462
0.0214723,3.3364174
0.353415,3.3364174
0.0224096,2.9103842
0.0148745,2.5607653
0.0,3.3364174
0.0,13.540114
31.889,18.217001
44.7525,22.9425
18.8186,11.372184
0.0,5.4289885
0.0,3.3364174
17.542,3.993558
0.0,3.3364174
1.19568,6.7625704
8.78468,7.154521
13.4342,7.755871
0.0,3.3364174
1.73772,3.836267
0.0,5.2840266
0.010088,3.3364174
7.93361,4.173327
2.33652,6.5865526
20.9772,12.179011
6.58449,3.3364174
32.9917,19.232246
0.0,3.3364174
0.0,3.3364174
0.571642,2.3404458
0.0,3.3364174
64.9969,13.540407
0.0,3.3364174
0.0,3.3364174
0.0,38.53105
0.196835,3.3364174
10.8713,6.1842127
16.1284,9.486846
8.30447,5.427746
37.0203,6.246334
0.0,3.3364174
0.0,3.3364174
16.4448,8.437398
23.0079,15.325548
228.807,151.13716
0.0,3.3364174
0.0,3.3364174
3.66146,5.1283245
0.0,3.3364174
0.0,1.9835882
0.0630775,2.7988014
10.5992,5.3042336
0.0,3.3364174
28.0864,15.03815
0.0,3.3364174
6.08398,3.4018493
0.0,2.9421928
4.35779,4.3442907
0.0,3.3364174
4.10174,4.6161118
0.0,4.94499
0.0,3.3364174
0.484112,4.2543197
0.105717,2.8688996
0.0,3.3364174
1.59871,3.739171
0.0,3.3364174
7.00081,27.688932
6.32027,4.480446
0.0,3.122924
0.101706,3.37259
23.0309,12.500061
0.0883291,2.5743618
1.0646,4.392694
19.1274,5.872655
0.0285757,2.2128391
18.2965,9.863543
6.2082,3.5505574
0.142605,4.245903
8.88717,5.465765
3.73849,7.774205
5.66459,3.3364174
26.8021,12.585187
13.5865,6.0468035
79.7199,59.032948
25.5902,2.9199438
0.0,3.3364174
0.0,3.3364174
0.074776,3.3364174
5.74144,7.9103193
2.90269,4.5787
13.2992,6.4767447
0.0,13.44577
1.37359,4.485899
12.3357,6.157299
16.4118,9.335751
0.0,3.3364174
7.95659,4.994588
0.129307,3.3364174
194.475,2.8513017
0.628994,2.7808082
18.0932,11.40272
18.0886,5.3339887
0.0134632,3.3364174
0.0717698,3.260008
0.0,3.2824879
0.0,3.3364174
0.0,2.6664333
20.1295,13.465147
0.0115644,3.3364174
89.9161,45.996727
0.0,3.3364174
18.189,11.375777
12.2876,3.7853398
89.6832,42.883995
23.5049,5.824774
5.21638,4.078118
0.0,3.3364174
0.0,3.3364174
1.51977,4.206177
15.91,9.176111
0.0649161,3.294138
35.6753,17.620872
6.37023,5.468918
0.171858,3.4662294
13.7455,4.876255
15.8812,10.614941
0.0657912,2.7969074
1.55944,3.4869485
0.0,3.3364174
13.3781,7.234249
1.21503,6.019494
0.232573,2.718469
32.5693,16.762068
3.07596,3.8106725
0.443346,5.013316
0.31996,2.5357518
0.0,3.1695344
0.0,3.3364174
0.0,3.3364174
0.0587597,3.3364174
0.720744,10.173054
0.0,1.7979536
9.75266,7.792342
54.8596,21.825459
0.00917711,3.3364174
0.0373925,4.4292088
22.2482,15.840002
86.3551,44.284126
25.6931,16.000948
0.596588,2.4523008
546.123,336.60434
32.2509,20.231762
3.42381,3.617033
7.38977,4.8833313
9.87826,6.3019266
0.0,2.3735602
0.00808029,2.1835709
0.0,3.3364174
0.0,1.7979536
0.0184828,3.1606748
22.2012,12.151831
3.49067,3.0412207
1.16659,10.606548
0.829205,2.9113948
0.540725,3.4976306
0.0,3.3364174
4.37095,3.187706
61.77,26.844381
0.0,3.3364174
0.214515,3.0778978
0.314389,6.936657
0.0,3.3364174
0.0,3.3364174
0.0587993,3.3364174
0.0293719,4.844528
0.0349215,3.993558
15.0328,11.329131
3.99476,2.8921325
0.0,2.4619646
0.0,3.3364174
37.4649,18.94064
45.1259,21.374346
0.53003,3.0482063
0.0,3.3364174
0.0,2.5516427
115.716,27.514608
4.33623,4.0051384
3.8058,4.438631
36.4471,11.874802
8.05031,5.24617
0.0362889,3.3364174
9.78208,5.894073
28.3986,20.27
0.0105662,3.3364174
19.4241,9.091666
0.0,3.3364174
1.83466,5.5447564
0.0,3.3364174
79.1213,13.002792
100.202,13.763184
0.0,3.3364174
4.1897,4.151064
1.87192,6.5974865
0.0,8.546172
0.0367926,25.280125
11.9358,5.571822
44.1062,21.275496
18.6755,7.8622885
3.6633,3.5686636
0.0733279,3.3364174
7.44047,4.3250885
0.0,2.9568963
0.0,3.3364174
47.6788,11.861882
0.0219525,3.3364174
7.28997,3.8760855
5.87878,4.0555296
6.32027,4.480446
6.17769,4.0953436
0.0,3.3364174
197.497,51.508896
3.17463,9.547367
86.7261,6.217596
0.0283075,3.3364174
0.0,3.3364174
0.0382792,3.3364174
0.0,2.1384356
0.0230356,3.3364174
0.0059639,2.7242126
4.97182,4.3156395
8.9007,3.3364174
0.241907,3.3364174
0.099298,5.0138054
1.05518,7.812606
10.1753,4.2746067
10.2526,3.477879
0.143577,3.3364174
45.9377,24.300938
13.2992,6.4767447
0.0,3.3364174
3.96255,5.4367046
0.230342,3.6388266
0.0194539,3.3364174
26.3643,4.7188597
7.25476,5.254706
0.0,3.3364174
3.43098,3.9915533
0.0,3.3364174
0.0,3.3364174
0.0,2.8754017
0.0,1.8378505
0.0,3.3364174
19.7844,8.961353
0.0,5.8938017
0.0,3.3364174
0.0,3.3364174
18.7678,10.520767
1.62318,2.970814
5.34906,2.6939206
18.2965,9.863543
0.26033,7.400386
0.0,2.7259507
654.473,72.473114
4.252,3.64118
0.0,3.3364174
19.3857,13.999808
27.5158,9.574312
55.2517,35.61865
3.1115,3.009513
34.6455,216.32999
0.00788695,2.6232026
15.3164,9.824063
5.57964,4.0601006
6.37074,7.009264
2.15402,2.5929406
0.0,4.3243747
0.0,3.3364174
0.0,2.7816691
71.5502,11.850677
42.7111,28.40042
0.183172,3.786459
7.24983,5.1225643
8.06611,6.8058643
0.0,3.3364174
0.0,2.9136837
10.919,5.6872005
27.6481,3.3364174
6.41882,5.1742377
0.0,3.3364174
0.165792,2.4598892
6.4931,3.960833
24.8285,11.352943
1.01234,5.5284877
0.0,3.3364174
26.9925,13.56497
20.3821,10.356007
11.5976,4.851281
14.2404,2.4619646
0.0,3.3364174
7.15902,4.2579484
0.0384907,4.0132675
0.0,3.3364174
45.4518,25.725815
84.2655,49.064922
0.0572685,3.3364174
0.0120289,3.77847
0.0,3.3364174
0.00532618,3.3364174
0.0609834,3.3364174
0.0,3.3364174
9.11947,4.8657618
6.34516,3.5392804
25.1649,9.835242
0.952204,5.220185
0.0,4.116201
22.0206,12.410262
1.62503,13.454409
0.0,2.005972
32.2663,17.052671
4.23809,4.750553
14.363,6.495673
0.0,3.3364174
0.168818,3.4958193
0.0,2.5675576
2.87073,3.6185791
0.0229089,3.3364174
0.0,115.22992
7.13458,4.0162783
4.11632,3.976315
49.2648,24.916182
0.0110302,3.3364174
0.0,3.3364174
32.2509,20.231762
1.67315,3.1225104
8.26423,5.0408134
0.141643,3.6243074
0.494796,5.1508904
0.0,3.3364174
6.05584,4.443177
20.2579,11.6215515
0.197961,3.0662608
0.0,3.3364174
0.0,3.3364174
0.00703583,3.3364174
0.218488,3.3364174
2.30486,2.5291593
6.11847,3.3364174
0.0,3.3364174
0.0,1.9835882
0.00575578,3.3364174
0.0,3.3364174
0.0,3.0301967
0.0,3.3364174
0.0,3.3364174
99.9679,18.950998
29.0844,12.174962
72.3697,3.3364174
0.0,1.8378505
0.242017,2.4598925
0.0,5.407493
5.52068,3.290199
0.0683978,16.623299
2.90771,3.638928
3.42946,3.1261935
17.1223,7.41838
0.0,7.187396
0.0503724,2.593728
0.0,3.3250093
0.0,3.5918546
0.196991,2.4486177
16.1769,8.94805
1.72756,7.766836
0.0,3.3364174
54.4611,28.444506
10.5992,5.3042336
36.044,19.505573
0.105136,4.7408304
1.98644,11.411838
0.0,2.6556427
0.183023,1.9930333
6.02408,3.6422393
11.2459,6.0066285
0.16082,2.3756337
0.0,3.3364174
67.9757,5.949849
5.64921,3.6340818
12.4639,3.3364174
2.23965,3.5074606
1.55944,5.0633297
0.0,3.3364174
0.0,3.3364174
0.0137095,3.0083098
118.592,71.64841
4.02535,4.466977
0.380248,3.1369662
27.5933,18.036114
0.0,3.3364174
5.39369,13.146162
19.2937,11.589252
0.489444,3.084212
14.8363,5.865405
0.0,3.3364174
0.0468538,16.623299
0.539552,3.3364174
0.0,3.3364174
12.6563,5.9422207
0.13732,3.8481524
0.0230888,3.3364174
0.0266381,3.4734488
16.2573,5.289799
37.887,11.30997
0.0,2.8323064
43.0722,8.2646475
2.90635,2.9137063
6.77438,4.1639814
10.5992,5.3042336
0.0,2.7822158
0.13315,2.4898927
100.183,56.413395
0.0115644,3.3364174
12.3122,10.099711
26.0107,13.410159
0.0,3.3364174
0.0,2.10264
0.0,9.071749
10.2515,5.7284436
0.0471918,3.3364174
73.5802,18.642828
0.0125551,3.3364174
0.0,3.0561981
1.92986,3.2452683
0.0,3.3364174
0.0,3.3364174
0.611819,3.3364174
1.9224,3.9104314
3.68977,3.0482383
0.75264,2.580208
8.61474,11.433856
0.0,15.859198
2.0464,3.3364174
0.709381,6.321356
57.7646,34.337376
0.97247,2.3789768
0.0349215,3.993558
0.0,3.3364174
0.0,3.3364174
0.0,3.3364174
36.7901,16.214031
89.6832,42.883995
0.24238,3.6439462
0.00968093,3.3364174
0.803882,2.3431501
0.0,2.8899906
0.205377,2.3678324
17.9806,10.743315
8.20958,26.969793
3.62445,2.940836
18.24,11.184509
0.0649567,6.9022818
0.0,3.9590354
3.01422,12.563398
9.27328,8.2814455
14.2189,7.009863
0.184863,11.40189
0.0,3.3364174
0.306576,3.7240655
0.0,3.6209245
0.699727,6.4561033
21.8819,5.8168745
0.0,3.3364174
32.5781,18.680166
41.3471,6.8539686
9.33523,3.3810496
0.0703577,2.4859552
0.682235,3.7114577
3.41305,4.179997
0.0,3.3364174
95.6333,40.215893
8.33035,11.22194
17.6696,9.58529
0.0,3.0123413
0.0,3.3364174
1.17427,11.122708
6.84802,4.861206
120.835,79.955894
11.3911,5.9172835
0.0274204,3.3364174
61.2563,34.70279
0.0310379,3.3364174
0.0,3.3364174
8.44341,3.0840352
0.051393,4.94499
0.609691,7.0396004
32.5668,3.3364174
42.4463,25.02672
0.0,3.3364174
2.3241,3.3442707
9.95858,4.3504763
0.0,2.7911255
4.53626,4.228327
26.8887,11.7527275
57.049,3.3364174
45.2152,21.27151
24.9386,5.88717
6.32595,4.484772
26.1965,15.498597
7.5427,3.4048276
3.92962,3.0740802
2.20574,3.5386763
0.536926,3.3364174
26.145,11.338198
16.6586,3.4301677
5.19622,4.4305973
8.26953,4.09451
4.3151,4.0270033
19.4241,9.091666
0.0,3.3364174
0.0,2.0696166
98.2557,4.7765512
35.0216,18.269629
31.8925,9.031261
0.0,3.3364174
27.7354,22.479563
0.847076,3.6698503
0.0,3.3364174
0.2253,3.7633295
1.06258,2.4061475
25.5367,14.053794
0.0978433,3.3364174
3.62445,2.940836
1.5047,3.2922115
34.0699,19.752937
22.6518,6.418724
0.0,3.3364174
0.0705002,2.8754017
0.0302849,4.7959146
0.0381735,3.3364174
16.4448,8.437398
13.1349,6.3987265
21.1686,3.3364174
0.845482,4.608988
0.0,3.2107906
4.12461,3.044424
11.0919,6.8483295
11.3911,5.9172835
13.3919,4.464253
0.0,3.3364174
0.685934,3.041768
0.0,2.1741538
1.34405,3.993558
5.16592,3.6189563
3.38631,4.159561
11.566,6.161033
0.254666,2.2519693
0.0,3.3364174
4.57112,3.7273202
0.0718392,3.3364174
26.1965,10.94341
0.0136227,3.3364174
0.3569,2.9258873
2.32304,4.5680084
0.70454,2.0655737
9.65741,15.591437
0.0239684,3.3364174
0.0146069,3.3364174
0.886279,3.3364174
0.0,3.3364174
15.9103,6.6866713
1.20083,2.4195418
0.0,3.3364174
0.0,3.3364174
3.45836,3.9726207
0.0533205,2.5963068
138.872,103.99072
8.68572,5.7071214
9.97059,6.8511095
28.1376,15.338217
0.0,3.3364174
10.2526,3.477879
4.01418,16.721506
21.7912,4.2444134
1.30596,2.6212914
3.80123,9.388143
0.0,3.3364174
37.5404,21.68382
0.0505051,3.3364174
2.85794,8.670061
8.46703,4.0144815
5.80388,4.8238106
0.0,3.3706665
7.75683,4.9312906
0.0211065,3.3364174
0.0,4.3330097
6.61661,3.559894
0.390753,4.0366344
0.205377,2.3678324
2.38675,4.203939
0.55758,6.9304113
4.5581,4.0857573
17.5005,10.03913
2.36271,4.8543205
16.7044,9.892167
2.30816,2.5829494
194.475,4.308165
0.0,3.3364174
0.0272644,2.474775
0.0219642,3.3640218
11.4922,5.6021757
1.3851,12.195978
0.0,3.3364174
20.3765,3.910596
44.0179,25.858376
0.0,3.452091
13.1998,6.4154634
0.0,2.4629855
0.0578393,3.3888845
21.4343,6.519577
0.089359,5.5986757
86.9453,64.12093
0.0,3.3364174
0.0,7.937748
1.31869,2.3214595
32.4577,20.60229
31.889,18.217001
0.0,3.3364174
45.1614,3.5961983
0.0,3.3364174
4.29189,3.112894
0.0,3.3364174
0.0534402,2.9079776
26.2397,13.320071
0.0,3.3364174
0.0,3.3364174
9.40349,5.6334276
0.734255,2.389307
0.0,3.3364174
16.8671,5.671259
2.6963,3.1467335
14.8916,6.819024
2.73699,3.21292
0.0,2.5280883
0.0,3.3364174
0.0,2.590847
1.65003,3.2630029
5.78529,5.666808
197.497,5.0274744
0.747373,3.3364174
0.0,3.3364174
0.0,3.3364174
0.0,3.0765343
0.0,3.3364174
0.0,3.3364174
7.00099,3.2080646
0.0,4.077972
15.4888,3.3364174
23.0886,13.718674
0.0,3.3364174
4.545,2.5357518
1.42763,4.890171
2.02329,3.8413668
0.0,3.3364174
0.0,3.3364174
34.1317,15.813689
0.319678,3.3379934
0.699426,3.3364174
0.0,3.5260413
2.22496,3.8914962
0.0506783,3.3364174
2.93284,2.915478
0.124035,3.3364174
0.0,3.3364174
0.721388,3.6069698
23.2925,12.104336
7.13458,4.0162783
4.87841,5.508606
0.0503214,3.3364174
11.9358,6.80357
18.4408,11.060827
7.14585,4.1608305
0.83686,4.1808677
2.74106,11.177654
10.4071,3.3364174
0.0441422,3.9899845
2.29766,3.7738326
0.0,3.3364174
0.0,3.3364174
0.535877,4.295833
1.66884,11.306812
22.6392,9.887832
0.130615,2.9885907
1.69518,4.7517996
7.20599,9.948159
0.0,3.8249245
84.784,12.581516
8.78718,6.944702
0.0,3.3364174
3.7689,3.3910193
17.5729,11.102887
66.723,45.252583
3.3563,3.81071
40.5102,21.133091
0.834837,4.953026
0.0,3.3364174
0.0,3.3364174
66.0095,21.364643
0.0,3.3364174
0.0,3.3364174
15.0344,2.859568
0.158856,3.3364174
0.0,3.3364174
3.86845,5.1685576
0.0,3.3364174
0.885176,6.1062956
1.82111,3.3364174
6.31848,4.149937
41.4786,24.521093
12.3578,5.839014
0.0130207,2.487251
751.657,432.57782
0.346404,2.3431501
0.0,5.5761204
4.86847,3.3364174
7.65143,3.8513107
0.0,3.3364174
0.751724,5.64534
8.4425,4.8124714
88.7445,38.798492
0.0493707,3.4096174
20.3765,4.94499
0.117648,6.3808823
37.7718,19.443956
0.0,3.3364174
0.0,3.3364174
0.0,3.3364174
0.0,1.9835882
4.52996,6.1062956
0.0,3.3364174
0.0,3.3364174
7.08421,4.215442
0.518322,2.6326184
428.302,3.3364174
0.0,2.799216
6.60746,6.3454323
0.0,133.47655
56.7611,21.49983
1.20655,6.363928
0.699279,5.510844
0.0,21.396513
20.3765,4.94499
14.0942,4.150107
20.6806,6.6786137
0.125719,1.9768755
0.153151,2.6349072
0.0,3.3364174
1.00717,3.2899683
24.9296,16.634394
0.121209,3.3364174
0.0362889,3.3364174
12.8639,21.77737
1.63946,4.2014647
16.8505,7.738574
0.0,3.3364174
0.0,3.3364174
0.0789774,2.6165457
0.0,3.3364174
0.0322104,3.9016433
0.0610322,3.3364174
0.0,3.3364174
0.230925,5.050126
0.0,3.3364174
49.8151,21.580227
0.0,3.3364174
0.0,4.1600556
0.0,3.3364174
3.5795,2.9898605
13.5237,7.453658
0.0,3.3364174
9.28526,3.5064464
2.7153,3.956308
1.81068,4.412835
15.8731,5.773037
7.63668,18.570671
4.50339,3.499364
0.0129911,3.3364174
9.20009,5.94935
0.0,3.229218
0.0,3.3364174
19.3196,9.055142
0.0,3.3364174
0.0,2.2626703
0.530209,2.343648
0.0,3.3364174
7.71497,7.075946
0.349096,3.3364174
0.153509,3.3364174
0.0,3.1860762
0.0,10.46917
10.0219,7.6316233
0.0,3.3364174
27.2787,8.604885
0.55758,6.9304113
1.10776,3.6922946
0.220706,12.427037
0.318214,7.6156273
12.766,7.9244137
11.3947,5.740348
10.9794,3.8899748
10.5081,4.36935
0.0,3.3364174
20.3765,3.7297077
19.6408,8.819421
10.7675,9.059086
0.0430212,3.3364174
0.237022,28.264376
34.1565,16.790974
0.0,2.7732623
4.4391,7.436553
22.6518,6.418724
5.05382,23.139408
0.069534,3.3364174
0.0735954,2.8124154
15.0913,8.292525
49.2648,24.916182
14.399,7.205145
0.228301,2.6361108
41.1289,28.008871
0.0481385,4.226155
0.0420308,3.3364174
19.3477,11.555587
0.0,3.3364174
8.4425,4.8124714
0.0,3.3364174
12.9157,6.1444187
19.1878,12.688561
0.169882,2.2448816
8.74247,12.752382
0.0,3.3364174
0.0,4.5964475
0.795791,3.3364174
5.90117,6.415803
0.942564,3.2763662
0.0,7.4278326
11.7739,6.5453806
60.3985,34.357067
45.9377,24.300938
11.0977,2.950516
11.8289,17.571877
0.0,3.487221
0.0,3.3364174
0.0124043,10.622188
0.0,3.3364174
0.0,3.3364174
16.2018,7.6476154
0.0293181,3.2487283
90.8729,8.526791
0.0,3.3364174
3.48253,3.3364174
0.0,3.3364174
8.24252,5.1272516
0.0,2.576001
5.09901,3.839182
17.9272,12.698945
13.6708,8.145967
0.0,3.3364174
0.0,3.3364174
5.39411,3.5557919
123.482,71.88958
17.0383,10.521528
24.4512,7.9434776
9.56915,5.85837
2.59898,2.637051
0.0145016,2.582023
2.18394,2.9036233
0.0261254,3.3364174
0.058586,3.3364174
0.0,3.3364174
9.4149,4.9306173
38.012,13.999808
0.377169,3.3364174
1.54195,3.7154453
0.0,3.3364174
0.0,3.3364174
3.08732,3.3364174
5.16818,3.8091717
9.33523,7.288725
0.0593326,3.4048276
2.47507,15.723716
0.0,3.0222673
6.32595,4.484772
3.02366,3.3364174
36.9143,17.822039
3.8283,2.6266274
5.64967,4.393757
0.488137,3.3364174
11.5815,6.2870436
0.348336,3.243653
3.69528,3.6312556
0.0123709,2.396831
10.0115,4.735837
9.57747,4.5596657
317.826,248.57047
18.8462,10.704663
5.57721,4.160828
0.0,1.8378505
7.11917,4.956004
0.0,3.3364174
0.519642,3.3364174
7.84176,4.2447495
0.535877,4.134326
0.0,3.3364174
46.1519,3.2435818
15.4143,3.1092498
0.0196105,3.3364174
0.0,3.3364174
0.0,3.3364174
53.5033,26.828169
13.6658,11.808041
0.0218479,3.3364174
17.2254,19.356936
5.06028,14.643732
0.185092,5.607917
8.56692,3.9570055
0.0,3.3364174
0.0,3.3364174
18.2965,9.863543
7.76466,3.273734
0.645114,3.3364174
0.0,3.1335652
0.116668,2.471472
0.0263083,3.3364174
17.8849,9.39069
0.0,2.6785564
45.2152,21.27151
3.75554,5.284954
2.61769,11.373975
0.0,3.3364174
0.0,3.3364174
17.6696,9.58529
13.4667,6.7827663
14.1541,9.431646
0.148443,3.3364174
0.147257,3.3364174
6.80099,14.9549465
40.1471,16.034554
1.07475,3.3364174
6.51382,3.4869485
8.71518,3.3364174
13.3605,3.1834066
6.12208,8.897214
7.50482,6.2100954
5.90059,3.4778638
0.0,2.617482
0.0,3.3364174
0.0,3.3364174
0.0105662,2.5701058
0.0,3.3364174
5.75256,3.7950525
3.93496,3.337298
0.0,3.3364174
17.8586,9.263711
0.55758,7.2032795
74.4531,41.05541
0.030774,1.9528329
0.0,3.2623518
0.18877,4.103042
0.0,3.3364174
0.0,3.3364174
38.704,19.720097
0.444784,3.3364174
23.9847,13.480676
47.1426,23.631216
0.0438265,2.974739
0.0315748,2.2856746
0.0,3.3364174
0.0274204,3.3364174
0.0,3.9086432
3.72617,3.249671
3.92962,3.0363178
9.36233,3.0346165
0.0,3.3364174
6.10661,5.8513794
64.9261,14.982338
0.110281,3.3364174
11.3911,6.857012
26.9954,13.534375
5.52028,11.357536
0.395607,4.897453
0.0,3.3364174
10.2526,3.477879
2.89538,4.0793858
0.0205246,3.3364174
0.0,1.7979536
0.0,1.8378505
1.14478,4.4586487
0.0897234,3.3364174
18.7259,9.85116
60.0505,17.756187
89.6832,42.883995
0.0145899,3.3364174
293.299,72.07494
23.8582,4.093122
0.519284,5.7451906
0.0,3.3364174
0.0383336,19.081036
52.0819,30.286806
0.683661,3.3364174
0.505088,72.07494
17.7008,10.513282
41.9503,27.34356
0.0,3.3364174
10.0159,5.823395
0.0196327,3.3364174
11.566,6.161033
0.0,2.224071
4.21751,3.4384446
0.0281779,3.3364174
0.503129,2.9409442
1.93037,3.6054437
25.3032,7.622057
0.0629123,7.321636
0.0,3.3364174
13.4078,12.969222
23.0654,4.4008684
0.113443,4.0478144
4.82808,6.755726
0.0,2.5516427
0.0933876,3.5929117
3.80485,2.6798518
0.0713469,3.3364174
0.0,3.3364174
0.0,3.3364174
3.68977,3.0482383
0.0362957,4.0474477
0.0,3.3364174
0.00673864,3.3364174
5.72192,4.787566
0.0,3.3364174
0.0,3.3364174
0.0,2.7886865
1.19568,10.743193
0.0,3.5662682
186.227,4.813594
0.0,3.3364174
4.6505,3.6116796
2.81786,13.163746
0.0,3.3364174
0.129077,4.160828
0.834837,3.3364174
17.5578,7.8301077
4.55654,3.5065138
54.8596,21.825459
92.8442,51.71675
11.5285,6.3651905
0.0,3.3364174
0.0323811,2.6756437
32.7516,5.3749037
6.4931,3.960833
0.0,1.9835882
0.0,2.7884798
17.9272,12.698945
17.0709,3.3364174
0.110217,3.3364174
2.26045,4.3442907
0.0,1.9835882
0.0382119,3.3364174
11.5061,5.879334
0.0,2.104059
1.40205,2.756238
0.0,4.785572
0.360438,4.776926
0.0,3.3364174
0.0683978,16.623299
0.0198511,3.3364174
6.94553,4.59568
4.13278,14.431486
73.5802,18.642828
7.28997,3.8760855
12.4457,5.8068256
0.259435,3.3364174
0.101265,4.905881
0.226083,3.3364174
22.2086,13.561061
0.0999994,3.9445748
0.68252,4.2326
4.33623,4.0051384
0.0359843,3.3364174
39.5207,19.385017
0.0,3.5146723
11.308,7.2178993
0.0589175,3.3364174
86.0813,49.27436
0.0129563,2.849508
19.3196,9.055142
36.9143,17.822039
0.0174285,2.943716
28.3842,19.161646
0.403338,3.2249088
0.0841203,3.0694385
17.9208,4.4976397
2.15402,2.5929406
0.0,3.3364174
0.0,2.9898734
32.8867,14.0780525
11.925,4.3160505
0.0,2.5869842
9.42536,6.9107857
7.88359,7.4261074
0.0,3.172995
0.0289529,3.3364174
0.0,29.540697
4.52728,3.5961983
35.0216,18.269629
10.2968,5.59511
14.5538,11.634423
10.5992,5.3042336
1.99982,3.4688
18.9817,9.834701
0.0,3.3364174
0.0903813,3.3364174
0.0324437,3.9513974
0.0,3.3364174
0.0355143,3.3364174
0.0,3.3364174
1.7788,3.95681
0.0,3.3364174
0.0983347,3.3364174
0.0,3.3364174
12.9993,7.912098
23.6752,7.1124125
0.0224391,3.3364174
0.0,3.3364174
0.0,3.3364174
0.0,3.3364174
0.0,2.9579573
0.0753003,3.3364174
0.0,3.3364174
4.12061,3.3364174
1.78476,2.9122453
27.3319,3.3364174
0.932083,2.8551195
1.32179,3.2866583
0.0372422,3.562916
18.1842,8.614729
22.0206,11.043509
0.0,3.3364174
0.0,3.3364174
0.299025,3.4317594
28.3925,17.568005
18.2676,10.248253
1.45705,2.788529
0.0,3.3364174
0.0,3.3364174
44.9703,12.326903
32.6296,27.9269
181.385,16.623299
3.28353,2.9329655
8.18259,11.65055
0.967653,3.117083
1.49482,9.246403
12.9585,7.3469152
0.0,3.3364174
9.31878,4.9674673
8.19347,2.891833
5.69682,2.964403
0.0,3.3364174
7.44745,18.328701
5.39411,3.5557919
0.0,3.3364174
1.24542,2.9246378
2.52507,6.360537
5.22933,3.7590015
0.0,14.022653
0.0,3.3364174
0.839133,4.0024915
60.4376,7.0625477
11.0977,2.950516
0.0335017,2.5659885
35.0216,18.269629
4.10174,3.4626899
0.0629288,3.3364174
0.0,3.3364174
21.9927,10.966555
0.0,2.9744165
0.092315,2.4513884
0.189148,9.176096
7.49652,10.70862
0.0285757,2.2128391
194.475,24.309566
7.00152,4.9482584
13.8527,8.24225
0.0,3.3364174
13.443,6.4454556
0.0,3.3364174
36.2545,3.1666746
0.0634421,3.7422397
0.427559,14.068531
95.38,57.63003
1.06761,4.3030596
0.0464147,2.5280883
0.0,2.7763867
25.1238,37.279984
0.0,4.065403
3.51618,3.7255006
1.73733,2.5557752
0.0,3.3364174
0.0,3.3364174
5.55705,22.021517
8.49649,5.2215705
95.5694,49.049023
1.31759,4.1446905
19.5991,9.3732815
6.01797,4.1662416
0.0265841,3.3364174
3.80485,2.6798518
0.0,8.300998
4.3827,5.5572395
0.0,4.7338305
0.0,3.3364174
7.78329,2.8086724
13.9068,7.6329985
0.101652,4.8214273
30.4835,13.651019
6.71487,4.625642
0.0,3.3364174
0.0179047,3.6844325
21.3463,12.530099
13.7987,9.101454
10.7625,7.0414095
0.55637,3.3364174
5.32794,8.67591
0.0,3.3364174
229.09,143.19743
4.03114,3.5209029
139.212,3.2659302
67.7254,34.98306
4.74985,3.9444125
5.52068,3.290199
4.9399,4.6426983
15.8834,9.135836
71.5502,11.850677
10.5154,11.678468
8.78718,6.944702
29.961,14.591141
0.207055,8.902702
55.562,30.440746
5.02841,2.5373843
1.14091,2.5016034
48.3711,29.102484
0.0544411,3.3364174
0.0,3.3364174
0.00478567,3.3364174
0.349331,5.5711594
1.66252,6.9481993
0.0258409,3.3364174
0.0,3.3364174
3.60053,3.3106928
0.0231124,3.3364174
0.28357,5.740348
0.0,3.3364174
0.0,10.46917
4.58484,5.5109797
16.4448,8.437398
0.0,3.3364174
0.0,3.3364174
18.9655,9.491575
7.53906,6.2665687
0.231132,2.794551
0.0,3.3364174
0.0,3.3364174
0.0,3.3364174
0.0643545,3.3364174
2.36926,6.0721326
135.8,15.598472
13.234,4.701525
0.0,3.3364174
0.0,3.3364174
47.6788,11.861882
1.55834,8.475334
1.9342,4.2493773
0.0,3.3364174
3.78142,3.5184445
0.0,3.3364174
0.0,3.3364174
0.02025,3.3364174
11.879,11.207193
14.3224,8.401811
16.651,8.777159
24.5863,7.4284134
13.3234,15.280848
0.0413769,3.3364174
0.0,3.3364174
9.4149,4.9306173
29.1625,14.595945
0.0,3.3364174
0.111054,7.5259666
0.0498663,2.7346182
158.364,60.574074
4.76267,4.2211123
0.0562142,3.3364174
0.0186084,4.3891745
8.24868,4.327121
3.55067,4.1550446
0.966778,2.9252052
14.797,8.163987
1.59871,3.739171
10.479,4.0327015
0.0,10.606548
0.0,4.5964475
0.923912,9.541728
0.0,3.3364174
0.0,3.3364174
0.0390394,4.5309925
0.0,3.3364174
0.323331,3.3364174
0.0120871,2.8704042
0.363451,4.5745335
0.0,3.3364174
0.68252,4.2326
0.0,5.4253845
0.0,151.74487
3.4621,6.6681795
0.096906,3.3364174
0.0,2.1773307
11.9212,9.453339
5.34906,2.593728
1.32143,2.950516
18.2853,5.8938017
52.3091,19.387304
7.5882,13.227736
1.06105,5.5995502
13.0129,6.941289
0.156968,3.3364174
8.10573,3.94664
14.0127,5.8125315
0.026868,3.3364174
0.0,2.166504
0.00805205,3.1544795
0.0105662,2.6939206
0.0,3.3364174
1.7845,2.9503193
2.17957,2.1741538
0.0,3.3364174
0.10863,3.2329397
3.08732,3.3364174
2.61957,3.099516
7.90092,5.09266
20.3666,10.176109
0.31996,2.5357518
6.86627,4.5439425
0.0,3.3364174
0.0239684,3.3364174
0.0,6.2182093
1.01876,3.513692
0.0,2.364492
0.542442,3.3364174
0.0244684,3.3364174
0.0,3.3364174
5.7861,7.0685225
9.14964,5.7869754
7.96072,5.823395
3.46771,8.897972
0.829006,3.3364174
5.45671,7.287182
14.8348,3.9473953
52.2343,32.67745
5.39369,20.490664
0.0,6.9707565
0.0665804,3.3364174
160.161,12.47548
28.4723,17.54406
0.0,2.005972
0.0,2.4063957
0.0,3.3364174
0.0,5.483632
26.1965,10.94341
43.4767,23.292505
0.0883291,2.4534283
0.0,3.3364174
4.252,3.64118
17.3229,11.745758
0.0,3.3364174
0.034088,6.640464
12.3578,5.839014
0.138031,3.3364174
0.0,2.6361108
4.98572,3.5169854
0.232211,3.561005
17.5554,31.259031
0.0,3.3364174
26.5832,4.499756
10.8169,3.7141485
0.0,3.6858206
3.28353,2.9329655
0.0,2.6249416
16.4448,8.437398
0.0,2.5712974
115.406,54.252518
68.0121,39.640133
16.2353,13.640882
155.242,35.583893
17.542,3.993558
7.88359,6.123381
1.58039,3.3364174
32.6296,27.9269
0.0,3.3364174
0.0254356,3.3364174
0.0,3.3364174
0.0501567,3.3364174
86.3551,44.284126
0.0,3.3364174
0.054314,2.569099
13.1413,7.0645704
0.0,3.3364174
0.0,3.3364174
0.0339269,2.7848039
33.0627,8.972088
0.0,3.3364174
0.033392,2.164585
0.0,3.3364174
5.65498,7.025776
0.0,3.3364174
0.353415,3.3364174
0.0,3.3364174
0.182954,3.3364174
0.0,2.7525105
25.6865,4.4268417
12.3578,5.839014
0.0,3.3364174
0.0,2.5975575
0.0,3.3364174
4.85574,3.9068708
0.101507,3.3364174
15.1388,8.293365
0.0643346,4.5504036
12.6332,7.5297394
6.77438,4.1639814
0.0,2.4351406
5.34906,2.5701058
89.9161,45.996727
0.700818,2.919002
8.26953,4.09451
0.0,2.4931302
0.0,2.8764567
0.0,2.202122
0.0209461,3.3364174
0.0,3.3364174
0.01378,2.446615
0.178423,3.5495887
0.0,4.9559784
0.0667464,2.359226
0.0633151,2.60929
37.887,10.37362
0.0,3.3364174
0.0144449,2.0994935
0.0444264,3.3364174
0.0867852,4.1840606
46.1337,26.529215
0.0,3.7730415
18.301,5.9623365
5.18211,4.2673984
2.26397,3.3364174
0.278283,3.3364174
22.0206,11.043509
0.52367,3.3831604
5.15777,3.7084212
0.0139038,3.3364174
71.9291,4.0876894
13.509,6.7403984
36.8233,15.280848
0.597943,3.3364174
0.128067,3.9435716
0.0,3.3364174
0.182946,7.4284134
1.67192,3.0840352
0.00775797,3.3364174
2.59898,2.637051
0.0,2.6722503
0.132043,3.3364174
9.85463,11.986602
0.0,3.3364174
16.2904,8.087628
0.0,3.3364174
0.334246,11.254757
21.5036,8.980372
0.0,3.3364174
47.1426,23.631216
1.67192,3.0840352
2.08647,2.753569
0.430106,4.781097
5.30943,3.313961
77.4792,41.52531
5.39411,4.1631594
0.0,3.3364174
0.0,3.3364174
0.0,3.3364174
0.0,3.3364174
66.5703,14.431486
0.0,3.3364174
7.56531,4.1458864
1.71906,6.9260693
0.0,3.3364174
0.0,3.3364174
0.72781,3.5942507
0.0289529,3.3364174
0.974143,7.7188053
70.3835,15.941939
0.0,3.3364174
50.4199,20.880686
0.0,2.5216727
49.3187,27.997366
0.665645,2.224412
0.0,3.3364174
0.0,3.3364174
0.0,2.6643543
18.4408,11.060827
0.0,3.3364174
35.6337,20.257784
0.209847,11.207193
0.0629288,3.3364174
16.2677,6.6681795
2.70478,2.498153
0.0,3.3364174
0.0,3.3364174
0.0,3.3364174
0.0,3.3364174
0.469417,3.3364174
0.20815,3.3364174
89.2021,4.627243
13.7987,9.101454
0.0,2.8714435
19.0957,9.745198
0.0,2.5516427
43.0166,2.842996
26.1605,14.698601
0.146754,3.1474202
15.0214,15.373374
0.0129563,2.849508
0.0,3.3364174
0.0,3.3364174
13.8431,8.110873
8.71047,4.919018
9.99881,7.702053
12.115,4.6426983
228.807,151.13716
15.0968,6.59175
8.24252,5.1272516
0.72045,3.9619062
0.0,3.3364174
0.210907,3.3364174
0.0,3.3364174
0.0,3.236017
0.0,3.3364174
2.59677,4.190852
0.792368,3.6674728
2.86907,10.193519
0.0,3.3364174
0.0,3.3364174
1063.86,633.15967
0.477638,4.685543
0.0,3.3364174
49.3187,27.997366
0.0,2.8978894
0.0,3.3364174
0.387361,3.471519
15.842,8.996242
38.3952,13.168161
9.4149,4.9306173
0.0,3.3364174
0.0,3.3364174
0.0,3.3364174
5.47233,3.7584023
0.0,3.3364174
0.014177,3.3364174
0.55272,14.1440325
0.0,3.2623518
33.357,16.437672
0.227111,3.3364174
9.40349,5.6334276
2.54224,3.3113089
36.1719,11.411838
0.0,3.3364174
0.0251359,3.3364174
0.886348,3.3364174
5.16169,18.251305
1083.88,26.577147
0.0134494,2.4093273
0.0,2.5006113
0.0373148,3.3364174
0.0,2.2717583
4.0341,5.752884
5.34906,2.593728
73.2579,62.259045
0.0,3.3364174
0.0,3.3364174
0.0,3.3364174
7.72727,4.5117674
0.535877,3.96218
90.9355,43.20533
0.647028,16.623299
0.456626,2.8751464
8.25858,3.3461175
11.7739,6.5453806
11.6675,7.447254
13.1278,7.1543303
0.0,6.8683805
174.296,112.97718
0.0,3.3364174
6.84802,4.861206
1.20174,5.050126
134.521,100.33323
28.244,6.5689373
13.6708,8.145967
0.535877,3.96218
22.6966,14.335537
82.1792,4.4445205
0.0,3.3364174
0.0,2.7379494
0.0,3.3364174
0.134363,3.8905602
0.02025,3.3364174
11.6114,5.133194
0.0,3.3364174
0.0,3.3364174
0.0,4.1492953
0.404285,13.861277
22.0206,12.132437
26.1965,15.498597
0.0,2.883486
16.2677,6.7150526
0.836706,3.3364174
4.37095,3.187706
5.19622,5.8284516
32.5668,3.3364174
0.0,2.8078833
0.0,4.3794756
10.5733,8.102074
1.96582,6.118264
6.54888,6.118431
42.3715,4.310066
16.651,8.777159
110.799,50.282124
139.129,72.973816
0.0,3.81071
0.0610322,3.3364174
21.9927,10.966555
0.0,3.3364174
0.0,3.3364174
0.0,2.7268958
0.0,3.3364174
6.18583,3.8199022
18.2965,9.410065
0.0897234,3.3364174
0.172357,2.396641
0.0163062,3.3364174
25.8108,33.28079
22.0206,11.043509
0.0,3.3364174
0.0757449,3.3364174
17.1126,6.696142
0.0362784,3.7018795
7.5427,3.4048276
0.0189998,3.3364174
0.18013,3.3364174
0.40315,2.3055189
0.0,1.8378505
0.0,3.3364174
46.7864,26.141201
0.0,6.981262
41.2784,17.726418
0.0,3.3364174
3.79881,2.642517
36.044,19.505573
16.8505,7.738574
16.1532,4.622677
0.16364,3.3364174
1180.83,704.16064
0.0,3.3364174
6.7969,6.6285
0.0995542,3.3364174
16.8101,10.954926
14.0233,28.815483
8.49454,4.7468495
4.0899,2.368593
0.0,3.2297473
73.6452,9.0652
48.0989,26.310497
23.5343,6.551976
17.6696,9.58529
16.4165,6.4561033
72.8693,57.649406
0.0,3.3364174
31.6155,14.393084
0.0103819,10.395248
4.85574,3.9068708
0.0,3.3364174
0.0930373,3.7790444
10.6332,3.244913
0.0733279,2.2313664
0.487577,3.3364174
19.5016,10.790623
96.1357,3.3364174
0.018194,3.0162356
37.7821,5.736183
4.67141,4.185524
73.3554,32.512337
37.887,10.37362
0.013013,3.5050573
15.3676,3.8725333
228.807,151.13716
25.1649,15.290149
2.05782,3.3364174
10.2716,3.0786328
0.36302,5.1698766
0.0,3.3364174
0.289089,3.3364174
68.9289,43.59834
0.0201684,3.3364174
0.571642,2.3404458
0.0,2.3717403
231.91,156.66457
0.0199723,3.3364174
0.295747,3.3364174
0.483763,4.3709197
0.0413353,2.3636549
0.0285535,2.7391608
16.1543,4.874013
6.32027,4.480446
0.0285757,2.4033463
0.0140005,3.3364174
14.1155,8.840978
5.59409,3.3364174
4.10452,5.2571354
0.0,3.3364174
1.25708,4.248768
0.0,3.3364174
0.143577,3.3364174
0.0230888,3.3364174
0.0,1.9835882
0.0,3.6717412
0.0,3.3364174
0.500156,2.3314505
69.4026,907.6901
5.17439,11.159598
7.24983,5.1225643
0.0,3.3364174
1.16659,10.606548
0.0252579,2.4667242
15.6971,5.4540296
0.0,3.3364174
49.3187,27.997366
0.314698,4.735837
10.9119,7.7198744
0.0,3.3364174
2.87811,2.590847
8.32161,3.3364174
0.303486,3.3364174
0.409133,3.2859993
12.4884,8.463241
0.0,3.3364174
10.1609,5.5930996
0.0,3.2434087
3.46595,4.754081
0.0,3.3364174
0.0310379,3.3364174
16.4448,8.437398
6.08398,3.4018493
19.3196,9.055142
0.193852,5.7934256
0.0261254,3.0068793
0.0,3.3364174
15.348,7.646286
1.05541,3.3364174
0.00808029,2.1835709
0.218525,2.8353286
1.69662,8.476176
22.9634,13.120517
1.81713,2.1585135
5.39411,5.7011585
0.201977,2.5367734
38.7644,20.564268
9.26149,5.0862856
0.0,3.3364174
0.0,3.3364174
5.05006,3.3364174
25.1973,12.690233
78.8657,48.008873
6.68585,3.2002232
0.766402,3.3364174
0.0,2.805494
2.2831,3.1980572
1.63293,3.18601
0.0,3.3364174
0.0,3.3364174
42.2534,14.307978
0.0,3.3364174
14.4733,7.0059366
0.196355,2.4689484
0.0,2.9638028
0.669699,5.300591
0.0,3.3364174
0.0,11.66609
0.0,3.3364174
0.0,3.3364174
3.5795,2.9898605
0.131497,3.3364174
0.03749,2.3071227
0.0,3.3364174
12.8278,4.3701982
7.11185,4.6237154
0.0703373,3.3364174
46.9646,29.670532
1.74564,2.97582
0.0165132,3.3364174
0.586897,10.783608
27.4069,11.620213
0.0131004,3.3364174
0.0,3.0593228
6.95536,4.8452415
3.67181,4.042449
1.43893,6.4377794
0.0,2.224071
10.0053,5.697296
4.40566,3.109867
2.61851,2.8204045
0.0,3.3364174
0.0,3.3364174
0.0,1.9835882
66.5222,37.760635
0.0,10.395248
0.0719362,3.3364174
12.2933,7.283945
21.9927,10.966555
3.80921,5.6338625
2.37312,15.845776
9.68664,4.848548
11.1947,6.9084797
1.80628,4.6752615
0.0,2.6556427
3.80485,2.6798518
0.01066,2.747498
4.37563,3.110254
1.02618,3.7557545
0.0,3.3364174
28.1376,15.338217
96.6188,41.95501
0.0,3.3364174
9.06062,3.5357924
0.0115644,3.3364174
0.0,3.3364174
0.0,3.3364174
7.4921,4.552599
0.0683978,16.623299
13.2047,8.491684
0.290254,3.392621
26.8874,9.101961
0.839133,4.0024915
7.34953,5.3398857
0.206719,2.5349786
14.6851,3.3364174
2.0112,27.514608
0.0,3.3364174
96.1357,3.3364174
3.12215,2.8129373
0.0385982,2.94892
0.0863636,3.887402
0.0,3.3364174
598.347,452.2874
28.2056,7.720496
43.8743,3.7725496
22.0829,3.3364174
10.0146,4.850421
0.0,2.4107301
0.0,3.3364174
5.83212,3.6112719
14.1322,5.201983
19.9297,8.791619
3.5795,3.8229938
16.9595,7.8699684
0.0296726,3.3364174
0.532077,4.9877877
0.142454,3.3364174
0.181888,2.498867
74.3385,37.846222
0.0129563,2.849508
0.0,3.3364174
23.5057,12.490735
0.372758,2.8529425
3.72053,4.4631195
5.7861,3.9482675
0.0,4.316632
39.5927,27.89255
9.73486,2.5367186
0.0341683,5.6728935
0.970146,2.4741077
15.8731,5.773037
0.0757449,3.3364174
0.0505051,3.3364174
21.9927,10.966555
5.80313,4.8111086
0.0,2.9332867
0.19443,2.54594
2.36965,3.1800227
0.0,2.4692347
3.90281,2.5095892
9.51699,10.13693
3.07933,3.1386855
6.8555,4.5082083
0.0,3.3364174
0.0,4.3160505
4.16915,43.794518
0.0,3.3364174
0.0,3.3364174
97.4455,31.683933
23.3684,5.298477
31.8361,15.316184
1.10621,3.7560923
22.1656,15.350212
0.42647,2.5897853
7.66119,4.5745335
0.797986,3.016461
0.0,3.3364174
0.35243,3.3128772
0.331106,3.3364174
0.0,3.3364174
3.41305,4.179997
0.225915,3.839092
12.0715,10.421864
0.0,3.3364174
2.2831,3.1980572
0.0,23.667904
67.8708,3.3364174
23.3864,11.777853
21.4862,12.312561
16.2353,9.822465
0.205377,2.3678324
19.1213,9.321577
0.572656,2.888427
0.0,4.3794756
1.00021,3.3364174
17.4698,8.2330475
40.7339,18.519705
1.3366,6.4851885
20.4762,5.2938676
3.8058,4.438631
68.0183,13.192368
4.15016,3.7633905
0.0329641,3.3364174
7.88354,6.8250427
0.0,3.3364174
0.286364,11.174104
0.766073,7.0615597
0.0,10.606548
307.122,6.165721
0.152411,3.3364174
0.0157707,2.7569833
43.9491,4.149578
40.1683,11.433856
13.3042,4.6752615
2.30368,10.777009
0.0355143,3.3364174
0.0,10.807503
126.095,68.94656
0.0,3.3364174
22.6392,9.887832
7.60944,6.842697
9.26417,5.3222494
10.8052,3.3364174
0.0,3.122924
0.0317711,2.316188
0.0,3.3364174
0.0,2.7977793
1.65003,3.1519098
0.0,4.183116
55.234,22.84836
0.0,3.1695344
5.87878,4.4249926
0.0,3.3364174
0.0,2.2626703
0.0,3.0644608
12.2934,7.8648663
0.0,30.13051
0.0,3.3364174
0.0,7.222481
7.24983,5.1225643
0.0310379,3.3364174
8.26953,4.09451
0.0261254,3.3364174
0.110945,3.3364174
0.0,3.3364174
7.1822,4.291583
0.0,3.3364174
3.49067,3.0412207
10.5992,5.3042336
141.193,7.4204254
0.0120871,2.8704042
21.7949,11.997302
0.173933,3.3876894
6.43976,4.21066
0.0,3.3364174
22.312,5.709508
0.010401,3.357178
7.93361,4.173327
30.3886,13.373061
0.110705,3.3364174
16.4448,8.437398
5.78663,3.729945
0.310805,9.610027
0.0,3.3364174
0.0,2.2626703
26.1965,15.241668
84.2077,35.80595
0.0,3.3364174
12.1678,3.3364174
1.0596,3.6298819
0.0159444,2.1162176
0.080121,3.3364174
13.7987,12.046418
174.296,112.97718
0.0693409,2.6270208
1.67037,2.8207266
0.0,2.2385268
0.116721,2.7381809
5.78663,3.729945
3.02061,4.4106116
32.5265,3.3364174
0.0,2.4000547
30.6925,12.524918
11.9053,7.0230618
0.564027,5.087428
47.4526,5.8534994
7.22575,3.7003417
14.8373,8.984484
20.3765,4.94499
5.1839,3.3876894
0.0,3.3364174
9.26417,5.3222494
0.431208,6.519577
0.0,2.4619646
4.54406,4.0373206
0.0831002,3.3364174
0.0,3.3364174
0.0,1.9835882
25.7039,57.01365
10.6332,3.244913
23.7573,17.065636
875.743,3.0150063
17.5729,11.102887
23.8774,3.9016433
216.012,139.05496
0.0,3.3364174
68.0121,39.640133
0.0,4.5411606
4.252,3.64118
0.0,2.6994934
0.0,3.3364174
8.20827,6.9707565
0.0,3.3364174
0.0,1.9768755
0.0,3.3364174
0.299788,3.2458289
0.0,3.3364174
0.0065704,3.3364174
6.32027,4.480446
0.0,3.3364174
0.0424993,3.3364174
0.0,4.3794756
0.116517,3.3364174
0.0339982,2.5357518
8.02989,5.5798616
0.0,3.3364174
0.05843,3.3364174
0.0,3.3364174
0.692599,3.9934282
0.0233216,3.2466564
2.52583,3.8456538
53.5739,7.4691944
53.4941,6.3067575
0.534861,3.7141485
0.0,3.3364174
0.0431546,3.3364174
34.0732,17.51391
0.298784,97.21294
0.430106,4.781097
0.0,3.3364174
0.00734836,2.5196853
9.98148,6.495673
12.0095,13.871353
0.0591675,3.3364174
5.25943,2.4149716
0.0,14.431486
0.0,2.015686
13.0292,6.7321987
0.0,3.3364174
0.0,3.3364174
13.5394,7.8512745
103.886,3.4585123
8.8137,3.9263294
0.196355,2.4689484
0.0,3.3364174
45.6011,8.876579
0.48296,7.777316
0.0,2.3459728
0.0,3.3364174
0.0950008,3.3364174
54.0669,4.5617313
41.7138,5.4373093
3.77614,4.1252584
1.79176,6.551976
21.7269,13.616259
10.6428,7.0361786
0.0,3.3364174
16.1817,9.0152235
0.0,7.4964533
0.0,3.3364174
5475.9,3.3364174
0.0,2.325754
27.454,6.0011363
0.0,3.3364174
6.44702,4.565769
8.30447,3.3205404
0.0227273,3.2391157
0.0,2.5357518
0.0930278,3.3364174
13.3722,3.9625854
0.0,3.3364174
0.0289529,3.3364174
0.477638,4.685543
3.68977,3.0482383
36.891,7.4278326
2.93284,2.915478
17.5749,9.19746
0.0606786,3.3364174
0.0,3.3364174
0.0,2.4619646
26.1206,6.3792515
4.05046,3.6575203
0.0,3.3364174
9.33991,6.0851254
0.0,3.3364174
0.845695,3.3364174
177.793,111.06013
0.0355344,2.8522995
0.0,3.3364174
5.1839,3.3876894
0.900053,4.352275
12.5304,4.215608
0.0,2.417862
2.70478,2.498153
3.92962,3.0363178
6.77438,4.1639814
0.0,3.3364174
0.0,3.3364174
0.0,3.3364174
48.918,33.87179
6.61334,44.87596
2.45039,3.3086774
42.7882,23.850878
12.4457,5.8068256
0.099321,5.824774
41.4786,24.521093
0.0,7.8046083
53.3411,10.606548
16.6398,4.8436213
0.0,6.1143265
0.423672,2.3651526
135.281,3.5617313
0.0,1.9835882
13.1864,5.928609
26.5636,2.9659405
26.6832,16.591433
0.0,2.7402534
0.365548,3.0680027
21.811,11.060757
0.0558077,3.3364174
5.47925,2.5213938
0.0527068,3.3364174
0.099321,5.824774
0.0,3.3364174
3.46591,12.407153
1.79644,11.462882
1.69518,4.7517996
0.0,3.3364174
8.08271,5.3970013
15.7146,6.0860643
3.32396,3.2342122
0.138031,3.3364174
7.38977,4.8833313
75.4154,17.832405
26.0752,8.476171
9.83226,6.338236
1.58275,2.7007856
33.061,8.797976
0.0,4.876255
0.0,3.3364174
0.609691,9.868145
9.56262,3.1663508
41.0927,5.2848086
0.0,3.3364174
54.8596,21.825459
0.05843,3.3364174
2.0161,3.2812142
0.0239197,2.9507728
0.0786566,3.3364174
0.0,3.3364174
7.37709,3.3593507
16.0071,9.626607
0.0,3.3364174
11.3499,5.6630754
9.8197,4.829216
0.283806,3.3364174
0.069534,3.3364174
18.8375,12.431129
18.9655,9.491575
5.25244,4.0905595
248.611,197.81374
0.0,3.4682727
12.2679,10.45146
0.0137033,2.5543861
30.6237,18.078348
0.216623,3.2276742
0.621602,6.542816
69.8534,15.000548
8.18569,5.2987337
0.0,3.3364174
0.0,3.3364174
0.0,3.3364174
0.348336,3.243653
0.520391,3.8914962
25.0795,16.573418
145.657,79.93699
7.42241,9.383179
0.0,3.3364174
4.17273,3.728723
0.0,3.3364174
12.186,7.2202835
1.99982,3.4688
6.03225,2.2623603
0.743623,3.073305
0.0,3.3364174
0.014401,3.1782062
0.0,3.3364174
0.233384,155.76324
4.252,3.64118
24.6134,13.567943
27.5158,9.574312
0.0158332,2.5554097
12.5438,6.8757744
0.0179047,3.6844325
0.214666,3.3364174
33.6491,17.933146
11.6269,8.029249
0.0,3.3364174
0.182791,3.3364174
0.0252579,2.542569
0.0,3.3364174
0.0,3.3364174
0.0,3.3364174
0.06429,5.7547913
11.7411,6.8910437
7.18879,3.0123413
0.196942,3.3364174
63.5438,31.052902
0.571642,2.3404458
12.4882,6.4415865
0.051393,4.94499
0.0,3.3364174
0.0,3.3364174
46.7864,26.141201
0.0,3.0848649
0.0,2.2101808
6.51382,5.0633297
0.0,3.3364174
0.02025,3.3364174
0.0,3.3364174
0.0227304,1.8378505
0.0252672,3.941106
16.2102,7.8997803
0.0,3.3364174
0.0,3.3364174
0.0146291,4.455561
54.4611,28.444506
1.06258,2.4061475
8.24868,4.327121
29.961,14.591141
0.0,3.7670465
57.9342,9.009047
0.0,3.3364174
0.0,3.3364174
14.9374,15.174746
0.0,3.3364174
5.29064,5.6010504
16.651,8.777159
0.0,2.805494
0.612755,3.1115847
9.17639,6.3507543
286.647,21.897894
4.85574,3.9624262
0.03872,3.3364174
8.58441,6.666292
0.0753512,3.4467678
4.52996,6.1062956
47.3354,27.55471
0.0,3.471519
0.0,2.96038
19.3636,7.461007
0.0,4.0024915
0.153703,3.3364174
24.5863,7.4284134
0.52367,9.584768
0.21938,3.362467
0.0573763,4.060864
0.223302,2.0305204
0.324646,3.3364174
0.0,11.927043
0.0,3.3364174
0.0,3.160452
35.7528,23.74117
15.1311,14.973676
31.6391,15.156385
68.9289,43.59834
47.0054,17.440874
3.80604,3.3364174
0.104588,3.1753101
1.21628,3.2116404
0.0219642,3.6223354
0.0,3.3364174
4.52996,6.1062956
6.17569,12.836844
12.2934,7.8648663
6.09922,4.501995
0.0,3.3364174
0.0,4.352275
12.1396,4.68132
1.78545,3.5157452
15.8592,9.316956
0.0,3.3364174
3.09294,2.8827868
0.0855931,2.289264
31.6466,16.860306
0.191738,3.3364174
0.0,3.3364174
0.0,3.3364174
0.0,3.3364174
0.080121,3.3364174
0.0,3.3364174
6.94088,4.649041
0.0,6.2835083
1.17735,3.367314
0.0,3.3364174
0.0,3.3364174
11.8606,8.461023
5.83212,3.6112719
0.0,3.3364174
0.045982,2.7684073
0.0,2.5262837
0.0,3.3364174
0.0,4.6262407
0.486084,2.3756337
0.0,3.3364174
82.7146,59.317
0.0,3.3364174
3.12215,2.8129373
0.0,3.3364174
0.0806803,3.7738352
2.03327,2.9088101
0.0297383,2.9266932
0.0,2.631537
0.0,3.3364174
0.0,3.3364174
3.42381,3.617033
0.0852943,3.3364174
89.6832,46.43515
6.57803,3.9097352
9.95179,5.957254
0.0329746,6.825678
0.0,2.246235
3.45025,7.134285
195.28,4.2412868
1.25708,4.248768
45.9377,24.300938
7.03849,4.046282
0.0362889,3.3364174
22.0206,11.043509
21.6066,12.402988
6.93485,3.482592
0.0,3.3364174
6.70503,2.6094213
4.82437,5.841585
0.473766,7.288726
2.15402,2.5929406
0.0,3.3364174
1.05032,9.453339
0.729187,2.6091032
0.0,3.3364174
8.65669,5.624957
1.06258,2.4061475
4.52907,8.482592
3.41602,4.520522
0.0,3.3364174
0.0,3.3364174
0.814287,6.099585
0.0,3.3364174
0.0,3.3364174
14.2975,16.106161
10.2526,3.477879
0.0,3.3364174
40.2252,3.8850412
6.84285,7.3026896
0.0,2.2626703
49.3187,27.997366
19.4241,9.091666
0.645114,3.3364174
0.0,2.3963032
3.29947,10.359016
3.29546,3.43151
8.78718,6.944702
4.69737,3.370062
1.22072,3.3364174
0.0363102,3.0070431
0.0297985,3.3795035
22.6392,9.887832
34.6966,19.864296
0.0,3.3364174
0.298915,11.188266
8.30396,4.5363264
22.5331,11.701975
6.67046,10.198621
0.0,3.3364174
0.0,3.3364174
0.140786,3.3364174
0.0,3.3364174
0.0,3.3364174
0.0289172,3.602454
4.30371,3.7164226
0.0609893,3.3364174
10.7009,5.372426
0.0,3.3364174
0.33863,3.3364174
0.0,3.3364174
29.0086,4.940522
206.507,117.922745
0.0,3.3364174
891.877,467.7918
4.61178,3.6701298
0.0,3.236017
2.97333,4.850421
238.224,12.521243
0.0,3.3364174
7.72727,4.5117674
1.53848,435.86087
5.64967,4.393757
0.0,3.3364174
0.253644,3.3364174
14.9929,21.615328
29.3384,13.973055
0.0322007,3.866637
0.0,3.3364174
0.0,3.3364174
0.0472634,3.3364174
58.1102,15.18873
12.9993,7.912098
16.4448,8.437398
4.39634,3.477879
2.47586,2.755977
31.7232,16.1171
3.5171,2.1940095
0.620218,2.8950713
0.230591,4.778805
0.0314092,3.3364174
0.0623884,3.3364174
0.256811,3.3364174
0.0475428,3.3364174
68.9289,43.59834
3.5795,2.9898605
2.97855,3.3364174
1.69762,3.2398574
0.0,3.3364174
15.9735,10.134456
0.556268,3.2875996
0.0,2.797985
0.0,3.3364174
8.98008,5.4009686
0.0,2.0696166
47.5839,5.226635
0.014271,2.8691332
0.233384,155.76324
0.03437,3.6173215
19.4562,10.035873
4.1897,5.573971
0.0,3.3364174
4.237,2.941835
0.0747703,2.6450775
19.0873,7.786875
8.74772,5.0396757
0.165725,3.3364174
66.0095,21.364643
34.3872,16.455198
11.2641,7.9230127
0.0396673,3.3364174
15.3628,9.116241
11.911,14.677294
5.64259,4.2655826
1.84594,2.8112936
52.9514,34.39532
21.4206,3.3364174
0.556268,2.6758308
0.0,3.3364174
10.4508,3.3364174
21.9927,10.966555
0.782975,2.3733823
4.60452,3.3364174
0.430817,2.1544418
0.0,3.3364174
0.0324436,3.3364174
112.365,63.55726
11.2349,4.619657
0.0,2.0410972
0.121934,3.3364174
103.116,8.055408
33.8268,21.44996
21.3463,12.530099
0.0,3.3364174
0.0,3.3364174
3.12215,2.8129373
0.0,3.3364174
0.0,3.3364174
0.0,3.3364174
0.18013,3.3364174
0.0891279,3.2154655
5.16,3.8980207
0.0,3.3364174
0.0,2.718469
0.394956,3.6021075
4.79727,3.3364174
0.0331224,2.7387137
166.297,15.746601
24.8424,13.684462
12.0457,7.089237
1.64473,5.4905033
5.52068,3.290199
0.0,3.3364174
22.2207,11.216668
0.150147,16.623299
0.0,3.0056834
10.3538,5.722214
0.0,4.5653467
0.161673,3.3364174
0.0,2.4619646
0.0,3.3364174
0.0,3.3364174
0.0,3.3364174
0.31557,4.144747
0.0,3.3364174
2.66554,4.8769674
4.39554,2.917691
99.9945,57.47341
0.0754227,3.3364174
13.2085,9.441422
1.42799,3.1164584
2.56798,3.452405
0.0,2.792174
12.0159,6.672449
28.3986,20.27
0.0,3.3364174
33.774,15.196816
7.93916,4.4472165
5.35623,4.5833235
14.8348,3.7091537
22.6994,15.948959
0.0,3.3364174
0.0,8.06112
16.7274,7.1009846
0.0,3.3364174
0.267529,5.36145
0.0,3.3364174
15.1428,7.6378965
4.28886,2.6748996
29.2068,7.47256
0.0,3.3364174
128.636,87.961044
0.0,2.276835
0.673946,6.1853504
0.0,2.520664
71.0243,48.632015
6.83028,2.550395
39.4874,23.881166
0.00485317,3.3364174
0.0,3.3364174
0.0276747,3.3364174
0.0,3.3364174
0.19443,2.54594
0.432429,3.3364174
0.0,3.1251311
3.80485,2.6798518
138.822,84.1219
0.0950608,3.3364174
62.2029,28.268137
11.8329,6.5394497
3.79386,3.999701
0.0621113,5.7398357
9.03346,5.351386
5.47233,3.7584023
0.0534402,2.9079776
0.0,3.3364174
12.9993,7.912098
60.3985,34.357067
6.32027,4.480446
0.0,3.3364174
0.0,3.3364174
1.2981,3.3364174
0.0,5.5137825
0.0471666,3.3364174
0.0,3.3110514
0.00982299,3.3364174
0.548949,5.2645893
0.731623,3.3364174
4.51348,3.9824598
0.11544,3.3364174
16.4448,8.437398
0.875072,3.0211077
441.86,9.103914
6.25644,5.769206
0.0,3.3364174
2.95917,3.1956835
0.387227,3.3364174
0.0,3.3364174
6.18605,4.7775984
6.70289,7.0596027
0.0,3.3364174
14.6294,3.4940395
47.7532,5.335518
0.160392,2.9188879
12.6788,7.0596275
88.2999,55.643116
0.491228,3.3364174
9.32437,12.874144
0.571642,2.3404458
0.133226,4.7891994
0.0,3.3364174
26.2865,11.549414
0.0390604,3.3364174
0.350174,3.8559573
0.0,3.3364174
0.0,8.296848
0.496241,3.0363178
8.77471,5.092184
0.0153356,2.2138224
0.185833,3.3364174
0.0,2.444542
7.82945,6.0715427
2.93396,13.612389
0.0,3.3364174
92.275,23.52247
69.8636,4.3199143
46.9605,24.79014
0.0831501,3.3364174
0.0,2.2661128
1.43988,3.3364174
13.3899,7.4973097
2.15402,2.5929406
0.242017,2.4598925
12.3578,5.839014
9.40351,5.777076
0.530209,2.343648
0.0,3.3364174
7.00152,4.9482584
13.8431,7.697647
3.6676,9.132873
0.0,3.3364174
50.5521,8.495065
0.0,3.3364174
7.64598,6.402379
8.74577,5.041362
0.097734,3.3364174
45.9497,10.374534
40.1683,11.433856
17.5554,31.259031
13.6872,11.509286
0.0,3.3364174
0.0,3.3364174
12.5184,6.008822
20.4535,7.748582
3.92962,3.0363178
0.0,3.3364174
0.800597,3.3364174
0.0,3.3364174
23.5057,9.333737
7.18879,3.0123413
0.0,3.3364174
9.51941,5.5494423
0.195798,3.3364174
0.0,3.3364174
25.3641,13.090883
0.012716,3.3364174
0.0,3.5706544
0.0,3.3364174
8.16196,8.985932
0.0,2.5730383
0.0,3.3364174
0.210907,2.5733294
0.0,2.2422209
46.7275,5.1849394
21.4343,6.519577
7.92071,5.766202
0.834837,4.953026
0.0440028,4.1906667
0.0772649,3.3364174
0.19443,2.54594
16.4448,8.437398
0.921524,2.5992124
0.0,3.2731745
0.0,3.3364174
7.18879,3.0123413
0.0,3.1183877
4.545,2.5357518
3.8234,7.3202686
0.0,3.3364174
18.24,11.184509
54.4632,23.024286
0.0,3.3364174
0.529795,3.3364174
0.0,3.5664377
0.0,3.3364174
82.423,43.955357
13.1672,3.9169502
0.529947,10.960977
8.53085,5.3148212
27.1519,5.3939643
0.720367,3.3364174
3.42105,5.3848133
0.0,3.3364174
11.3911,6.857012
6.10661,3.9121227
0.0,3.3364174
0.0,3.3364174
0.0307666,3.3434787
7.95512,5.2378325
0.0,3.3364174
6.89367,6.0659485
0.0,3.3364174
0.0,3.3364174
4.22201,3.4386134
5.3686,3.730301
10.5708,5.4455924
10.0146,4.850421
19.0535,8.958679
0.0,3.3364174
0.0,3.3364174
14.8916,6.819024
53.0483,30.991425
0.0,2.9019156
0.106439,2.9543803
1.00717,3.2899683
1.52594,3.3219001
0.0415987,2.8559625
0.0,3.3364174
27.7434,18.505024
0.027453,2.2381384
0.0,3.3364174
0.134373,2.2284777
25.7614,8.32376
0.173196,4.7188597
0.237729,4.352492
42.1167,22.441708
0.0,3.3364174
0.0,3.3364174
6.43976,4.157073
36.2545,5.113863
11.3911,6.857012
17.6696,9.58529
5.78663,3.729945
4.545,2.5357518
5.79969,2.8134685
0.548949,5.2645893
14.7455,3.3364174
7.68695,3.3348498
2.738,3.091874
0.0,3.3364174
12.7752,9.4379015
41.4786,9.231374
89.6832,46.43515
0.0,3.3364174
0.0,3.3364174
0.403338,3.2249088
0.0,3.3364174
75.3521,49.981335
27.2276,18.669678
0.0,4.5653467
0.051393,4.3794756
0.0,2.8939173
4.88341,3.4172544
2.59898,2.637051
57.2468,7.5130873
45.7714,30.188034
0.0,3.3364174
2.90855,3.7255006
2.7782,4.105135
3.80485,3.8525033
0.0,3.3364174
0.620975,3.3364174
5.22933,3.7590015
35.4146,6.6187515
3.31974,4.126671
0.0,3.1695344
2.0112,27.514608
19.7847,7.491269
92.8442,51.71675
23.569,12.80114
27.4125,3.3364174
0.0,3.3364174
14.1939,6.622055
0.0,2.3566961
0.0,3.3364174
0.0,3.3364174
28.5582,5.528788
3.02328,3.284011
0.0,3.3364174
90.9479,3.5937386
0.0,3.3364174
8.51378,4.689121
0.885176,6.1062956
0.0349215,3.993558
0.0,3.3364174
0.0258166,3.3364174
0.0,3.3364174
5.1564,2.897307
0.217464,2.2878156
0.0852943,3.3364174
238.555,17.477098
10.4473,6.670889
0.0,3.3364174
0.0,3.3364174
0.153628,2.9077077
23.5057,12.490735
39.8526,7.990858
0.0,3.3364174
0.0211065,3.3364174
0.478407,3.3364174
0.04007,3.3364174
0.0247727,3.5830712
0.0647753,3.3364174
0.0,3.3364174
13.6915,6.682288
0.123364,3.9714613
0.0,3.3364174
4.99855,5.1255493
5.65579,2.9775698
5.62209,3.9985466
1.13347,2.4164824
0.0,2.6698182
0.0,3.3364174
0.0104508,2.8770852
3.8263,3.1058135
3.12729,3.3810072
16.8602,2.6069949
0.0541491,3.3364174
19.9297,12.651391
0.0362714,4.217675
15.8452,16.455198
2.5717,5.9312434
7.577,6.2669797
0.0,3.3364174
0.0244386,2.6438932
1.98213,3.0785913
0.0,3.3364174
5.54281,2.6026132
108.9,15.041669
0.0814258,3.3364174
0.205377,2.3678324
3.62445,2.940836
0.0,3.3364174
0.0,3.3364174
0.0722256,3.5338554
24.2596,12.388824
13.7987,9.101454
42.3715,4.310066
0.0,1.9835882
20.3765,3.7297077
28.1376,15.338217
7.32787,7.714383
0.0527473,7.465746
53.5033,30.063688
0.0,3.3364174
115.716,27.514608
0.0,3.3364174
5.35409,4.114402
0.0,2.4672
5.23978,8.505883
2.04185,22.78739
0.0,3.3364174
10.9407,6.266478
15.7407,9.389479
0.124035,3.3364174
0.0146014,3.3364174
0.0,3.3364174
15.9171,8.854099
0.0,3.3364174
24.5863,7.4284134
17.9272,12.698945
0.353843,3.4576004
0.0,3.0704036
0.227111,3.3364174
0.0,3.3364174
0.0,3.2623518
27.6481,16.957506
0.0327252,3.3364174
23.3703,9.402533
0.0410215,3.3364174
0.0,3.3364174
0.0,2.6556427
0.0,2.1943462
0.137928,3.2466564
0.0,3.3364174
0.0541491,3.3364174
6.72939,7.788043
0.0544411,3.3364174
8.36754,6.475668
118.592,71.64841
0.288601,1.923998
2.36522,2.5357518
6.58495,4.053344
0.0,3.2252052
0.0,3.5195732
9.98324,4.9777727
0.0,3.3364174
17.0974,6.373556
0.0407668,3.3364174
0.0,3.3364174
51.4147,5.6926675
52.3091,19.387304
8.8373,2.8529425
0.0,3.3364174
13.4114,5.3094244
0.571642,2.3404458
0.55758,7.2032795
6.39349,5.2072926
38.704,19.720097
5.08154,4.8953385
9.12761,7.1442804
0.0,3.3364174
3.56694,3.5690188
0.0672431,3.3364174
0.0301766,3.0605073
0.0,3.3364174
1.00418,3.3364174
11.9358,6.80357
679.721,573.43494
15.6481,9.822985
61.6673,6.1275883
0.0,3.3364174
3.7689,3.3910193
12.6931,7.175563
0.82062,5.256653
0.0,3.3364174
0.0983347,3.3364174
17.5578,7.8301077
0.0,3.3364174
29.5091,14.458589
0.0280649,2.794456
5.57964,4.0601006
1.55944,5.0633297
0.0929055,19.068802
10.5708,5.4455924
0.0,3.3364174
1.90718,7.388053
0.0,24.186766
0.0,3.3364174
17.6053,9.739553
31.6466,16.860306
0.688051,3.78126
0.0,3.3364174
0.368738,3.7024531
0.016778,3.4041948
1.19094,3.3364174
0.0,2.6945298
0.0233073,3.3364174
1.04654,2.8883185
4.18634,4.013477
10.5992,5.3042336
0.530209,2.343648
16.1526,3.9619062
0.0227304,1.8378505
4.21751,3.3364174
157.205,30.13051
0.0,3.3364174
9.5994,6.380001
7.58157,5.1803875
10.094,5.9359417
0.0,3.3364174
371.009,3.692049
0.0,3.3364174
0.0,3.3364174
0.0,3.3364174
98.9403,27.058487
2.66615,2.932699
30.2328,8.048288
0.465225,2.8435254
60.8617,37.521114
96.9964,6.53885
8.8373,2.8529425
1.74564,2.97582
20.7938,3.8342519
16.651,8.777159
0.0179047,3.6844325
0.0,3.3364174
49.3187,33.908333
29.1625,14.595945
0.0,3.3364174
0.0,3.3364174
0.690548,3.3364174
30.0052,7.8461056
8.54891,5.748391
9.4149,4.9306173
34.3872,16.455198
0.143328,2.5403728
3.34962,4.665137
0.306591,2.9122453
0.0,3.3364174
0.0105311,2.3473563
11.8048,7.3447084
0.193627,3.3364174
0.051393,4.3794756
0.0,3.2876058
0.0,2.5730383
135.348,67.19417
1.02096,2.924168
1.04382,5.320797
22.1781,11.629442
3.72328,12.280504
7.38977,4.8833313
7.89797,8.538294
15.3317,9.098744
0.0,3.3364174
0.0,2.5712974
6.84802,5.0167813
0.0,3.1764545
7.13458,4.0162783
0.0,3.3364174
21.1058,13.835923
0.0,2.225612
7.85865,3.7299962
6.51382,3.4869485
0.0401582,3.3364174
0.0,3.3364174
0.0,3.3364174
7.67185,4.921217
57.3396,22.482292
0.0,3.3364174
9.60521,3.2154655
0.0,3.3369966
22.9447,7.0253344
22.0206,11.043509
1.9201,10.42915
0.0,2.7739859
0.0,2.1943462
0.0,3.3364174
0.523938,2.4159188
17.8964,10.945329
1.68959,2.580208
0.0270283,3.3364174
0.118235,3.3364174
9.59899,4.500206
0.0,3.3364174
0.0,130.36966
0.0,3.9893498
18.1224,12.125867
11.0977,2.950516
0.0102758,3.3364174
5.02155,4.184151
0.73739,3.3364174
39.0521,25.058437
30.4823,6.9707565
13.3605,3.1834066
0.0,3.3364174
0.40574,3.947589
0.0,3.3364174
0.0175659,4.1332703
1.69861,5.659051
12.2738,9.072099
74.6795,43.576553
1.18369,2.463043
7.50482,6.2100954
0.551782,4.1153197
5.35847,3.5917497
20.1574,10.833141
8.18569,5.2987337
80.0908,47.449715
28.1376,15.338217
0.387586,3.0944922
3.30789,5.9600267
0.0105662,2.593728
0.222996,2.6758308
0.0,2.325754
1.15544,2.4931815
0.0,3.3364174
16.1453,7.0997915
18.3856,3.3364174
0.0541491,3.3364174
8.94489,6.65448
10.6702,4.3119116
0.0,1.9107075
8.51827,4.825946
0.0104653,3.3364174
60.2093,37.51265
0.0,13.209556
1.15643,3.2107906
15.3911,3.5807853
45.9377,24.300938
3.84675,2.417862
0.0324739,6.205626
88.224,45.08049
0.53003,3.0482063
0.0,3.3364174
0.600088,3.3075223
21.411,13.602116
0.0,3.3364174
8.67667,4.917551
0.0,3.3364174
7.28674,2.955738
4.80848,3.300838
5.36806,3.7863493
0.0,2.4692347
3.41602,4.520522
0.0,3.3364174
0.868541,17.832405
0.0,3.3364174
6.35632,4.346133
2.92734,2.9307618
0.0,2.2256281
0.053634,3.3364174
0.0109566,3.3364174
24.8391,13.768034
0.0,2.4000547
19.2937,11.589252
0.0,2.005972
3.55422,4.7617803
0.0,3.3364174
0.0,2.224071
0.0,2.6833758
2.48352,3.3364174
18.8462,10.704663
0.0,2.8086724
97.7892,53.009117
0.0,3.3364174
74.3385,47.84841
72.1635,8.190717
0.0175253,3.3364174
8.80633,3.3364174
1.18369,2.463043
24.01,6.2980123
26.3643,4.7188597
0.568928,3.3364174
4.47958,6.9967356
11.925,4.3160505
0.0556715,3.398913
4.92681,5.9879084
0.318196,20.732637
0.0,3.3364174
0.207055,8.902702
0.0,3.3364174
0.0,3.2107906
0.0,3.3364174
6.08398,3.4018493
7.9698,3.9817305
0.0803287,3.3364174
9.50146,5.9279356
0.05784,15.296939
0.0171162,3.3364174
0.487407,4.7408304
14.8365,10.678924
0.0186586,3.3364174
0.0,3.3364174
0.0256659,4.7231917
0.0,3.3364174
0.0,3.2623518
0.0,2.3735602
0.0,3.3364174
6.37074,5.1296225
0.38795,3.3364174
0.0,3.6717412
0.311563,4.7560234
0.0,3.3364174
0.0095824,3.3364174
0.0,2.2626703
0.0,2.7763867
10.5992,5.3042336
2.96133,4.0661983
0.0,3.3364174
0.0,3.3364174
0.0,3.3364174
0.0,2.313273
0.0,2.8686666
0.00521469,3.3364174
0.0,3.3364174
0.709381,3.3579016
47.4526,5.8534994
0.921524,2.5992124
0.0,3.3364174
19.0873,7.786875
0.0,3.3364174
22.5498,9.654163
3.8158,3.3186417
8.16661,4.2416086
13.0123,8.304464
63.9287,14.200237
0.0372422,3.562916
0.0,3.3364174
5.78663,3.729945
0.0,2.5998168
0.0,3.3364174
9.31878,4.9674673
19.1878,7.5051765
0.0623884,3.3364174
17.0974,6.373556
0.0,3.3364174
3.90281,2.5095892
0.75264,2.580208
0.0,3.2452507
11.6433,4.000108
0.210886,3.3364174
0.0233073,3.3364174
5.31933,3.8448496
0.431369,3.9619062
0.16686,2.7398827
21.4206,12.777653
0.0,2.399587
0.0,3.3364174
0.0,3.3364174
2.04957,2.5369623
1.84812,3.3364174
1.40311,4.0765877
0.0,3.3299723
0.0354006,3.3364174
5.54151,3.0600734
0.0,3.3364174
0.0,2.799216
0.0445317,3.074432
0.0176443,3.3364174
0.0,3.3364174
9.4149,4.9306173
21.9108,11.222451
0.0,2.7816691
0.944647,6.4301815
0.720367,4.86477
19.1565,5.1259055
0.0,3.3364174
0.0,2.4122853
0.0,3.3364174
0.0,3.3364174
0.0274204,3.3364174
1231.18,45.395508
0.0,3.9275675
10.3601,4.728561
0.0,2.4692347
22.6392,9.887832
0.0,3.3364174
6.75583,4.957409
0.0,3.3364174
0.0,2.6489298
0.180222,3.8771822
4.12583,8.3471365
3.78142,3.5184445
0.571642,3.3364174
0.024356,2.3902524
221.788,122.78086
1.00717,3.2899683
0.0,2.1765585
0.304523,2.278485
4.85934,3.3181858
20.3765,4.94499
0.0355344,2.5132487
0.0,3.3364174
0.0,3.3364174
46.1839,3.3066387
0.0,3.5994186
0.712285,4.093122
0.0,3.3364174
1.58275,2.7007856
0.0278994,3.3364174
0.0247339,4.36734
0.645114,3.3364174
0.0,3.3364174
0.0413947,2.122063
0.251745,6.418724
0.0,3.3364174
0.0,3.3364174
5.42813,4.0300283
0.0,3.3364174
0.0,2.2626703
32.6081,19.120373
20.3793,12.690064
9.4149,4.9306173
143.223,10.831012
0.0376121,2.1033401
7.24983,5.0706444
3.90281,2.5095892
0.0,3.3364174
0.0,4.622677
0.0,3.3364174
0.0,3.1594412
41.4786,24.521093
37.4822,22.33478
1.91787,5.4555626
35.8779,19.214714
4.61967,4.054802
5.64967,4.393757
1.67606,3.1753924
0.0533205,2.783709
31.8361,15.316184
0.195798,3.3364174
4.252,3.64118
0.0,3.3364174
3.93245,44.49809
16.075,8.536552
0.156531,3.3364174
15.4888,3.3364174
0.0,3.3364174
7.77633,5.0701604
4.51348,3.9824598
0.075898,3.6280231
0.19158,2.642878
6.04453,3.055378
0.0,2.9553838
36.1924,4.395863
0.0,2.3612597
0.0,3.3364174
0.0,2.505114
6.17769,4.0953436
23.5057,12.490735
0.051393,4.3794756
163.165,8.504062
0.189067,7.0625477
0.0,3.3364174
1045.48,339.32443
1.47888,4.0024915
2.47663,3.4911747
18.2498,12.511982
0.0,3.3364174
28.7141,2.1520495
0.836202,7.1124125
6.7752,3.3364174
0.0,3.3364174
5.39369,15.406015
11.9358,6.80357
0.0,3.0561981
4.27785,3.3364174
0.0,3.3364174
0.391701,2.6289108
7.72727,4.5117674
0.0,3.3364174
23.1255,13.111199
18.7132,10.071571
1.78476,2.9122453
16.4448,8.437398
0.0198062,3.3364174
0.0,3.3364174
0.0,1.9835882
16.2904,8.087628
1312.75,17.356575
0.0,2.202122
0.0546641,3.3364174
0.0166473,3.3364174
0.0623884,3.3364174
0.0,3.3364174
16.167,3.2107906
1.80725,3.1278176
0.0,3.3364174
0.620975,3.3364174
1.17115,3.3364174
0.0264059,2.9617682
25.1371,16.312294
4.85574,3.9624262
0.0165863,3.3364174
0.0,3.3364174
0.0,3.3364174
40.9894,10.777009
34.8431,15.280759
0.0,2.7525105
15.0934,5.1567984
0.0,3.3364174
1.20083,2.4195418
0.0431546,3.3364174
0.0783148,3.469195
13.3234,15.280848
0.431208,6.519577
0.0,3.3364174
0.0328138,2.8006055
0.0175519,3.3364174
10.775,6.7269106
0.66808,2.755977
17.2617,9.959887
0.0652121,3.3364174
0.0,4.3160505
3.9038,8.065085
0.0,3.3364174
0.0,2.9199438
0.948007,2.6809142
0.0757449,3.3364174
0.0,3.8997972
15.8554,9.837238
127.197,3.7277904
4.63845,4.318386
7.56531,4.1458864
131.913,40.215893
12.8278,4.3701982
0.0,3.3364174
0.0,3.0340557
0.0,3.7647674
5.34906,2.593728
16.4448,8.437398
0.0584078,2.7815976
14.0341,14.539921
0.0,3.2085137
1.15144,2.8102322
0.0,3.3364174
17.243,4.0024915
24.7055,13.834672
0.0,3.3364174
5.54151,3.0600734
9.47653,3.9598088
0.0,3.3364174
5.38804,5.1334286
0.0,3.3364174
1.27446,6.0721326
18.6327,10.377154
171.987,3.3364174
8.18569,5.2987337
2.13995,5.3955355
19.0443,10.399319
9.53228,4.4389467
226.209,162.022
0.0,3.3364174
0.0,3.3364174
3.43098,3.9915533
0.0,3.3364174
0.0,2.576541
0.0810239,2.5124557
0.0107011,3.3364174
45.1614,4.7054043
0.0,3.3364174
0.0304709,2.042354
7.34111,4.923547
0.0,1.9835882
0.03394,3.3364174
0.02025,3.3364174
0.0645255,3.3205404
5.1564,2.897307
5.89065,8.915084
19.6408,8.819421
6.61661,5.0369596
13.1106,4.9273834
8.76368,7.9452953
0.0,3.1299002
12.3578,5.839014
0.0,3.3364174
0.33863,3.3364174
0.0297015,3.3364174
4.28886,2.6326184
0.025486,2.8529425
11.3911,5.9172835
9.33523,7.288725
19.5016,10.790623
11.3911,5.9172835
0.102663,3.3364174
0.029949,3.4538708
755.335,4.3598495
127.057,16.987331
12.9993,7.912098
7.44957,3.0789979
0.0272456,3.3364174
0.0,2.9569752
323.72,3.3364174
1.02096,2.924168
0.00807543,3.3364174
0.173498,3.3364174
25.8726,6.6437855
10.9414,4.685543
211.163,126.15194
52.1071,4.0084653
10.7396,11.079181
0.0,8.029931
0.0657912,2.7969074
0.080121,3.3364174
1.2714,3.3364174
0.0,2.523005
31.6466,16.860306
6.32027,4.480446
10.9808,6.6157694
6.1193,4.1933084
22.2086,13.561061
24.7151,28.061842
0.0,3.3364174
0.140786,3.3364174
20.1486,9.038215
31.6073,20.849073
43.9011,25.507061
0.0181711,3.3364174
0.0,2.1765585
2.47586,2.755977
0.0,3.3364174
11.566,6.161033
0.174932,3.0035057
7.88268,5.056197
2.29405,2.808483
12.4639,3.3364174
1.26006,4.280698
22.2555,13.350325
0.0,3.3364174
9.91484,3.6844325
29.7447,16.259775
1.69555,3.0816336
64.8804,15.859198
0.0,3.3364174
0.0,3.3364174
0.0,3.3364174
0.0,3.3364174
14.5422,6.8683805
145.657,86.150246
45.6525,25.888319
0.202142,10.994409
0.0,3.3364174
0.00684528,3.3214397
3.95256,3.3364174
0.0,3.3364174
11.6114,5.133194
0.836064,3.3364174
81.5728,35.2854
0.0,3.3364174
0.0227304,1.8378505
3.84675,2.6556427
0.099321,5.824774
3.31365,3.4967554
57.049,3.3364174
0.0,3.3364174
0.00596473,3.3364174
0.0,3.3364174
2.61378,3.995409
6.33662,3.3364174
0.0,3.3364174
0.0,5.2840266
38.704,19.720097
34.3512,22.770216
4.03114,3.5209029
30.306,13.491667
10.8734,5.16528
2.73699,3.21292
11.5285,6.3651905
0.0181138,2.7939267
0.0530535,4.3471074
0.182358,3.3364174
0.0,3.3364174
9.27441,6.1546373
0.00433382,3.3364174
16.6281,5.602346
0.28751,3.3364174
77.0235,37.093327
38.704,19.720097
0.0296009,3.3364174
0.0758396,3.3364174
0.0489275,40.215893
8.51378,4.689121
21.5146,5.740348
0.0657912,2.7969074
9.24052,5.7110596
0.0,2.4619646
0.0,2.2626703
0.0,3.3364174
1.7845,2.9503193
501.184,4.9823146
16.061,3.3364174
0.609691,14.655878
8.98122,5.3793273
0.161006,2.4724622
0.0,4.05464
0.0,2.9481015
0.152698,2.6886585
0.0219642,3.6223354
0.044806,2.3132792
14.3224,8.401811
0.0097177,3.3364174
3.28352,3.3364174
0.0,3.3364174
20.6263,11.174275
64.8804,15.859198
11.1811,6.691451
29.3879,15.409042
95.5694,49.049023
0.0,3.3364174
85.6316,31.259031
6.85145,6.148076
0.0,1.9835882
62.2277,7.875597
0.195212,2.7378592
0.020618,2.9553838
0.00610409,2.6490932
0.180045,6.464141
0.146124,3.1252823
11.7411,6.8910437
0.0,3.3364174
4.68443,3.2051477
36.0404,3.2873142
0.0478645,3.2038858
0.0,1.9768755
0.678751,3.3364174
5.64451,8.098617
0.361121,3.3364174
0.0,3.3364174
9.58637,7.9568815
1.20083,2.4195418
11.104,3.3364174
0.749724,4.1957784
10.1635,6.697321
0.0,2.905744
115.406,54.252518
6.59443,10.705219
0.0274204,3.3364174
0.0,3.3364174
8.36759,6.7447014
0.414039,3.3364174
5.05107,3.550344
30.6925,12.524918
2.05356,3.3364174
19.8574,4.364128
0.0,3.3364174
0.625926,3.3364174
0.292217,3.3364174
2.38815,4.025072
20.1487,10.727819
145.657,79.93699
0.0,2.873435
31.6525,16.765854
21.5036,13.932036
7.59087,4.3331113
72.3697,3.3364174
6.53582,5.7601395
19.0973,7.400386
24.5835,7.1213036
0.0,3.3364174
0.0,6.825678
0.0258179,6.6941843
0.0501277,3.3364174
47.44,7.3330107
24.1123,4.071674
0.18013,3.3364174
2.73699,3.21292
0.568557,3.7319221
16.4118,3.3364174
0.0,3.3364174
1.67192,3.0840352
0.0,3.3364174
15.2282,8.485063
0.0,3.3364174
0.0,2.0231903
