y_train,y_pred
19.1213,30.223278
12.0095,23.324514
0.0,6.165413
18.3674,19.129969
2.02248,3.643187
0.0132794,3.2992132
9.59899,7.963973
0.949409,4.611435
0.0164529,19.542456
0.0464147,3.239307
3.08732,2.512642
0.0,7.2585545
0.32829,19.112732
5.83212,3.8698149
0.230382,7.4727345
0.0734416,4.25029
23.7573,16.40284
0.0,3.045329
16.4448,17.249369
0.100224,6.565405
108.9,69.613014
0.0,5.2715154
3.62445,4.783605
16.4794,10.71875
0.0,4.476282
0.64019,7.8362637
0.0,3.2945
0.05843,5.768203
0.0,6.9743223
6.47026,4.308586
7.53906,7.6528187
101.91,78.802986
15.2282,29.244587
0.0,4.327407
0.0,5.6116776
0.0,7.941287
0.0,0.9689537
1.20655,3.1810036
0.0,3.6163313
23.4552,28.333067
1.29509,9.733031
0.0,4.772653
0.0,4.1055565
0.966317,26.44098
17.1173,10.60868
0.265706,2.40077
0.019213,3.5679173
0.0100754,2.4183173
0.411317,2.9569302
38.0313,12.008971
2.62049,5.428448
9.4149,6.3863516
29.2461,5.493225
0.0620864,1.7096052
1.83904,9.036585
0.0667464,3.2525976
0.0,7.8846855
0.0,2.2291467
0.0,3.8260403
6.95536,8.9883175
3.8158,4.436495
4.22201,5.717455
0.0,5.578767
45.9377,49.317455
28.1376,11.904134
14.1028,11.914768
0.0,4.3720183
11.6114,6.696331
0.0,3.2362647
0.0,3.605387
0.0,4.2454705
7.09523,3.6379042
0.287353,5.855338
19.4241,29.74253
14.0998,41.721348
6.07019,12.715079
0.0,5.326452
8.38864,14.631394
0.216623,3.523098
0.121235,30.057716
0.202142,15.766893
0.0,4.4483476
5.97234,14.446928
0.0,32.546608
0.0667185,2.6815884
0.0,2.8206306
0.274572,5.393304
0.401957,5.846712
5.19642,14.775902
20.9778,22.8012
0.0,8.839432
1.02282,3.4073682
7.56531,6.1578417
0.0,4.7282085
181.385,23.223236
0.0679036,4.116564
0.0,5.155199
71.0243,132.3585
1.40205,5.855633
0.0,4.3838806
3.42946,6.8851233
6.96426,0.07418966
0.0105662,3.1268456
0.372758,5.116127
0.0,5.9067864
0.0,1.2857683
0.493416,4.5211964
23.9847,14.763124
14.0774,8.967617
0.0,4.0092297
0.00483917,5.398324
35.0216,34.363552
0.15761,7.0108013
23.569,22.794422
0.145247,5.7797956
0.0,5.781146
112.365,74.55013
19.4241,19.645092
0.0,5.300106
2.24119,4.6431866
0.0,3.337634
3.51536,7.234989
0.482879,10.62037
2.56798,5.772162
4.51461,5.671173
1.34353,4.5695333
1.92803,7.314807
3.62445,5.903392
12.9028,25.92046
0.0,3.4738333
0.0,3.5807734
67.7821,6.2490683
0.0,5.620442
7.61602,7.2846804
143.863,130.19872
0.0,-2.2139347
0.0,6.4477873
0.0,4.994956
0.0,3.7958117
0.073954,2.801412
54.3436,29.688324
12.3578,8.509823
0.0,3.8426852
0.0355729,3.3834715
4.7026,8.03028
11.8915,32.77691
0.0,2.0189326
0.31385,3.7335434
16.2677,8.7844925
0.0,3.7145486
14.9387,18.1422
22.0206,12.853283
1.16659,30.392248
0.024356,0.6726093
57.9345,38.46373
0.146754,3.373636
0.0995097,2.743473
5.39411,-10.9477625
0.0,4.28612
6.58302,6.8978233
2.62551,10.95296
0.0,5.5568542
0.103001,8.043982
0.969841,3.8450994
4.7289,5.308696
0.0,59.776287
0.251745,15.408048
120.835,121.59597
16.4448,17.458939
0.105102,3.7902431
0.00964872,3.3711212
49.2648,56.429955
0.0,11.872248
0.0319278,3.451662
0.148812,3.2373385
0.0,5.7436113
228.807,205.49496
0.0,5.7606754
0.205377,3.3683796
0.0,2.2188983
0.0,8.169531
0.0,5.141247
0.0,0.95109105
0.486084,6.390232
0.0178514,8.651278
3.82122,14.783181
8.32389,5.3782372
23.8543,4.1210485
0.0,3.920053
11.5285,14.057998
0.0840411,4.117185
0.450437,12.232767
0.0,-2.8528345
0.0,3.5143473
0.0,5.2825403
0.0,4.999356
0.105717,3.3274498
31.889,17.04595
17.9272,16.62904
80.836,100.43574
0.027385,4.44699
0.0,6.07514
0.113926,8.328369
0.0,5.1726027
12.4058,8.711268
0.0,3.3938446
19.3428,23.761297
12.011,13.889459
63.3414,60.925785
0.0,3.2940402
2.97393,4.186414
0.026868,6.1980147
0.301423,3.8094578
21.2796,20.606783
0.110139,4.4311724
5.16818,11.358158
0.0,2.7269316
0.0,3.4647727
1.46424,4.624932
0.0,7.500202
0.0,6.602005
46.9142,21.63397
0.0735687,3.0861244
0.0,4.4523506
0.0,5.9905014
9.4149,7.450095
6.17529,4.535597
0.0,7.5417013
0.0,4.0228987
2.15454,15.092662
0.0,4.996765
2.91784,4.3480926
0.222996,3.992463
2.70478,2.1939776
65.9312,30.111193
49.0464,28.219305
0.75264,3.4738555
0.0206002,6.262435
14.4675,8.23636
13.4342,18.755022
0.0,6.1937804
0.807879,6.8525505
0.328867,3.4905372
0.0,5.868124
6.10661,8.256658
3.5795,4.5596013
2.49685,466.87225
1.94488,1.4976405
18.3755,8.3236265
5.06544,6.112709
1.21872,6.056125
0.797986,6.173872
29.9901,13.56831
0.23815,2.4763293
6.04453,0.2902124
0.0,4.5476236
10.7566,62.845455
2.80295,3.842073
0.0,6.083311
4.92304,4.369461
1.02182,3.3916473
9.34477,18.871624
0.123349,5.7437725
7.18911,4.590192
24.7117,34.469055
7.37312,8.002466
10.6699,14.130075
9.37391,14.743866
1.04931,6.17048
0.571642,3.0504293
0.0,5.3636045
26.1965,15.469907
0.0,2.788779
0.0,5.252403
9.97059,6.747817
0.0,3.1414738
0.259034,5.183872
0.0,5.295788
5.05107,5.883958
59.9702,71.86555
0.0683978,26.295298
0.0,8.087038
7.88359,18.709974
0.0,4.0216217
6.22014,11.420837
0.0,0.74849975
0.25537,3.4791179
0.0,4.5327463
0.0,1.522167
1.03734,4.6579247
0.546353,4.7882915
4.58285,5.9813476
0.335168,0.7995032
88.1568,20.12896
122.832,90.49944
0.0,3.8213027
0.0,5.553751
13.3341,9.572106
2.48411,5.046425
16.1426,4.981007
2.47586,3.3553858
0.0,5.3070107
0.0,2.7203765
0.0,5.354786
0.0212215,6.447356
29.3384,9.584672
0.125719,3.7477226
19.4241,9.973234
0.0105764,5.035282
0.0898018,1.5176942
12.6332,13.581364
19.325,18.10515
11.0146,8.972166
0.0,5.123653
14.0341,15.384533
85.6316,72.22835
0.803335,5.109461
28.7091,31.725246
0.0,3.9204094
57.049,3.7960978
9.20186,4.2232676
0.047893,4.8684945
0.0,3.3420105
0.775053,5.9442596
0.0,9.434554
4.76267,5.5443244
0.143577,3.8966737
22.2885,20.081224
30.2328,10.559647
7.75683,7.1970644
125.393,61.59564
17.1223,4.000803
7.81582,11.550378
11.2459,11.5413475
0.0,6.6296024
0.285904,3.0862632
0.0377064,2.6286945
14.9762,16.694277
14.9119,6.9158707
255.378,57.35004
0.0147105,-0.68785286
5.72192,5.523919
15.7461,18.224043
0.43431,6.99924
0.0,3.8655524
1.51667,14.321966
4.08605,2.9822664
0.0487945,2.5777736
22.6392,14.848015
0.0,1.5319438
0.0,5.296872
7.65274,6.14129
0.0,4.1568627
0.0,5.214299
0.105977,2.8126469
0.0,4.445897
0.0,10.439444
0.0,8.653337
0.0,6.860983
0.0,41.651657
22.6518,5.732624
12.3122,15.784181
162.427,185.6459
0.265706,2.4343936
0.288984,4.437948
0.0,1.2898036
1.54364,5.4802494
0.0,5.6420283
0.0323348,2.5551162
10.455,15.336198
24.9296,31.192375
8.28907,6.137168
0.0,0.47464216
0.0,3.3744946
0.0,4.2003126
0.0,3.530734
12.7752,9.80971
0.0,5.591999
7.14585,3.3410106
71.5693,66.74139
0.839133,6.843108
0.0,3.8994727
60.3985,49.533844
0.0,10.76116
18.7845,9.720602
5.20518,4.991685
0.229242,6.722806
185.622,3.2431312
0.0,2.3280876
0.0,5.4452324
22.8231,26.573204
10.067,8.563172
0.979566,11.385465
20.9778,11.245964
17.9953,7.473955
4.0058,1.8132432
0.0,2.2464023
14.6375,3.552256
0.0,3.336116
9.73282,13.440995
0.0,3.3910205
109.135,84.95656
1.02578,2.5064065
11.1825,4.759162
0.0,7.503916
0.0220235,3.7036796
0.16082,5.442669
2.95801,5.27494
0.0129563,3.497976
5.33143,7.14347
3.68977,4.061549
1.32434,20.931168
0.0,1.9828496
0.0,7.2606134
7.89165,5.9852653
9.97241,2.1019108
0.0,7.3312654
17.243,3.4450378
36.8233,44.82375
0.0104653,5.1226172
0.026868,7.0811863
0.0,5.4347377
2.61134,3.09554
19.4241,11.19413
12.6388,10.953012
20.2629,18.105474
49.3562,15.405168
0.0,9.66848
20.3765,5.0624876
0.00887881,1.8728588
9.86318,10.830025
1.13365,4.925251
0.018341,3.0019157
27.4685,10.04536
10.5992,9.142313
0.49245,2.5406148
11.4504,20.636152
3.42239,7.690838
10.8052,4.2863812
0.372758,5.4770403
0.0,2.0937476
0.0,4.9534726
0.0,3.3983254
0.0158332,3.3477333
14.6375,13.839381
19.6435,22.5896
34.164,41.849598
0.0,3.022008
11.4566,16.22722
0.946129,1.089686
29.8626,17.928644
0.0,7.668729
9.33523,9.412002
0.0,2.7612386
86.786,61.624283
0.0324436,5.5225906
1.26098,3.116415
0.00808029,2.7808967
21.9536,21.932432
0.0,3.4859176
2.80295,3.0920024
0.0,46.425644
0.0,6.3792048
0.0,5.1563034
0.0,9.007026
38.4211,20.603918
23.029,14.941198
0.0,12.152726
0.0661457,3.2657511
0.0181295,8.0501795
0.155163,1.348378
0.242556,3.4605513
1.00418,1.5261052
0.0,-1.9068944
0.0,5.4829073
8.57879,9.225168
0.124839,7.819809
0.0,7.0040655
0.0735709,5.336216
30.0376,19.384933
0.0,13.533193
1.13365,4.996434
0.0844384,6.883484
1.23614,3.8343565
68.9289,60.640045
0.0,3.3030617
0.0,6.5905466
1.55598,3.071903
0.0506962,2.9105682
0.288033,7.08214
0.0261254,4.204711
3.81813,6.6204176
2.35078,6.6508856
4.70951,6.29752
0.53003,2.7091453
5.54419,7.777417
0.671118,1.9197364
13.3042,6.7374725
0.0585149,4.932244
0.0,8.378792
0.0,1.5449193
13.4342,10.00975
0.0238568,4.0362334
8.39085,7.6391373
0.0228734,3.6392221
10.5992,11.496744
27.0957,20.053734
15.3628,22.704817
1.05687,1.2991519
9.70918,18.339905
0.287353,5.1258364
22.7646,20.677794
0.0,29.500391
0.0275588,-0.3983245
30.4823,5.634446
2.87896,2.2446663
3.34978,3.6522665
1.17735,6.1156206
5.07773,2.5882716
42.2534,25.561337
0.096906,4.207505
2.3566,-0.6142659
13.4247,12.43522
10.5207,14.651111
0.00833422,0.053455353
5.39369,52.680283
0.0,3.1070452
0.0281296,1.9485714
19.3196,22.110352
0.0729982,3.0290058
9.80748,7.044997
7.93361,6.3320827
0.532481,5.4400167
0.196835,4.2447224
55.8569,22.097725
0.0,4.246423
18.058,11.073181
0.614049,4.3111124
0.0,1.6374158
1.27008,1.6778816
3.62445,7.053094
397.601,284.17892
2.48352,4.0292287
0.0,5.2549367
3.17034,4.4664497
13.3526,15.01797
0.0,4.5532
7.29843,6.6381083
1.16659,14.866528
71.0243,76.31595
5.78529,6.0176334
0.0,4.2833233
2.91861,4.6039333
0.0321501,8.088932
0.0575151,4.8371134
7.94747,7.9689627
9.47558,6.1210594
0.0,9.524013
0.0304184,3.7958174
0.208997,11.172667
0.0,4.806628
0.121436,6.0641503
0.0,2.1862612
0.0,5.6651516
14.3642,7.6628923
0.41119,6.820078
0.0,3.5195055
1.87287,4.6678886
16.2102,11.775535
26.8887,15.0279875
0.0174018,4.2058916
4.252,3.8252914
4.05046,4.2596254
4.30556,3.9131727
1.81658,3.5004401
31.889,30.140041
0.0,2.868759
11.6269,18.893562
36.044,17.908049
23.569,16.871231
0.0,8.001155
0.101265,6.5304384
14.8922,18.316957
8.35015,7.215454
1.86713,3.7218454
51.2472,41.486835
5.87878,5.59009
40.7414,30.712793
0.0,10.529945
1.2981,4.563957
12.2876,12.389362
0.2452,0.8610165
0.00392943,2.9835882
0.176883,3.9245634
53.9315,23.558529
22.852,15.551843
28.6774,18.678797
0.0,7.0951023
45.9039,35.615658
0.0,4.657702
0.0,6.8982134
12.6916,5.6569123
0.0,2.7162519
0.285233,4.6516542
3.68239,9.370428
27.393,29.093966
8.78718,8.330512
8.51798,10.332298
24.6485,19.302929
0.256742,6.33203
11.0852,23.044666
0.571642,1.5007364
0.160974,8.848453
0.0,4.9133368
0.0734686,5.78721
0.0626457,4.953249
0.0,2.2181497
49.2648,35.454704
1220.51,932.1828
4.06813,8.401112
21.1112,15.043305
3.08833,19.92997
7.93361,4.5866737
3.68034,1.9212444
17.5554,86.22512
25.4868,15.252243
42.9172,24.649889
63.3801,41.417873
0.0,48.45519
42.093,25.009607
0.0,4.8582535
0.0,4.2562933
11.5803,10.86658
0.228483,0.72886086
179.898,111.51268
46.6668,43.794327
0.368738,4.3677807
21.811,12.379573
0.565411,4.697501
3.68977,4.215606
0.021262,5.6131144
0.0,4.234372
0.588017,4.875988
14.1322,9.957238
9.45517,5.414583
0.0495235,5.485368
18.5812,9.5302515
28.5276,14.824463
11.9414,7.3094473
0.699727,14.98286
23.569,10.954639
238.769,128.07083
0.0,5.19954
0.0,4.5324693
53.2671,29.675905
8.31828,9.573862
7.81582,7.3282547
9.18391,14.062925
0.0,4.7734137
0.0,4.3757343
6.26589,7.846033
0.166937,4.8673425
0.209243,7.677681
31.6466,25.979437
14.3418,9.453974
0.246802,5.8635035
0.105102,3.2850802
0.0,9.120941
7.71256,6.720689
0.210362,2.6479516
2.97393,4.7993693
6.32027,5.5375733
0.0,5.7968826
0.0,6.8797636
0.0,2.4570193
0.0,4.019557
0.0,7.6619406
6.7969,10.670439
3.08732,2.4119527
26.0752,11.600997
127.163,140.3251
0.24238,5.458518
0.0134494,4.143796
6.39448,8.805691
0.0309695,2.326644
0.02025,6.9347477
0.0,5.958275
0.104512,3.540372
4.80848,3.840852
0.0413947,3.157576
17.1115,8.593132
4.39634,5.130437
1.1534,4.5827627
0.456012,4.5703783
6.8555,4.390764
11.8289,9.957851
0.0,2.7146354
0.287353,5.259224
0.0,6.455101
0.0,3.6939452
0.0,7.9527063
0.0219448,5.2183
0.0,4.0988655
11.5871,7.6851187
0.0779642,1.894557
449.819,411.95126
0.0,2.6686723
1.73733,6.89911
135.162,6.353514
167.952,26.384485
74.4509,108.12985
5.36806,9.85327
5.55645,-3.0076697
4.98572,7.330204
228.807,290.52347
10.04,12.467942
206.507,159.66861
143.863,212.93945
5.78663,3.5710974
0.0,1.3064106
7.74843,11.455977
28.3986,38.41751
76.9977,60.405945
4.74464,3.7000463
0.0,5.8884306
2.64048,2.2244928
4.54025,4.60389
0.0,5.2723675
0.0401409,5.14692
0.0,6.649127
92.5276,48.028496
19.8766,8.378988
8.4425,13.385477
0.199039,9.741197
1672.53,828.1793
0.0,2.5057464
2.02248,4.111609
10.919,13.024886
0.386955,4.6996765
29.2788,18.425888
0.0837542,3.7031777
0.0,6.567931
0.043218,3.6004453
23.5333,10.278622
0.0100148,4.1140356
0.028049,3.297319
0.0610322,3.8665009
0.0,3.7356553
0.0,6.180973
135.592,172.43896
2.4747,5.6257544
0.0,6.3762803
4.42681,4.569025
18.3755,17.897264
0.0,4.115827
0.0,5.67877
30.8501,35.711555
4.74985,5.4285135
0.0261254,2.1271007
0.0,4.5330434
8.64925,50.672386
0.345062,3.5017698
0.0,5.7527485
43.3216,32.314533
2.77897,4.149793
0.536926,3.7432537
2.57335,5.003566
0.0,3.3053534
0.0196267,4.1221237
17.8305,7.430908
0.0,3.5077596
0.192688,4.335573
23.9011,25.894985
64.2441,42.53163
86.0005,42.394436
0.0,23.537842
0.0,3.5301914
8.29906,13.24781
0.0,4.9314594
0.0936892,18.507162
7.30085,7.067547
22.0206,21.536865
17.1115,7.7839327
0.0,-0.4502778
1.21175,4.9592667
0.0,0.6067718
30.2328,3.8965387
0.139393,3.777358
0.169164,5.178203
0.0,3.5564349
0.0623884,4.8444695
3.298,5.2310686
0.0,4.0651574
8.14611,8.045632
5.43982,4.8699636
0.0,6.641014
12.6916,11.415164
0.348336,4.0091496
19.3196,14.423528
14.5101,15.885784
0.0752463,5.2657185
11.8915,15.719856
0.0168339,5.5078917
7.13458,4.4858866
4.70495,8.634555
0.021705,4.1334124
0.0,5.003383
0.84491,4.7050037
0.0,8.5506735
13.1945,17.302788
15.4048,11.236773
16.5368,37.31547
0.197123,14.089702
4.18634,7.3662214
0.0734236,4.892359
22.6392,29.391056
0.0265841,3.159002
8.34133,12.787185
0.0,6.2432837
4.1897,4.099769
23.0654,19.10424
0.038756,5.602704
0.0134073,3.8351288
0.0,3.243021
3.93102,6.8963175
1.59969,2.0045795
0.0,5.566426
0.0722253,7.395108
0.0,-1.1528146
0.020878,6.427392
0.0,2.454238
0.0757449,4.5386477
0.241438,3.828122
0.166315,4.914626
20.3765,8.33961
0.0,4.6996946
0.0105311,5.6548567
5.06259,1.5065658
13.1918,17.2071
21.6391,12.391883
0.0,3.356902
0.0134822,3.1988368
12.992,9.085515
1.55502,6.727497
26.3449,54.904766
0.0,5.051565
0.0,5.0842333
27.5158,26.406801
12.1932,9.89087
0.0162162,5.4824457
2.48554,3.6444216
2.12306,5.0382023
0.0,5.336736
0.0,1.6342162
0.0,5.522991
0.0,3.309237
1.20721,6.1522083
0.0148745,1.5848364
11.4008,12.866553
17.6696,10.515631
0.0,3.2732134
0.0,4.9108877
0.0840411,5.580841
0.0849796,8.4158325
0.921524,2.943355
0.041083,4.9700894
0.193118,3.9645767
0.0,2.831869
2.30087,9.008346
0.0,3.2759113
12.4639,2.8624191
6.18583,4.3199244
41.5218,40.967434
3.12215,3.4590616
1.78476,3.3936195
22.0206,28.009903
0.511169,6.842004
2.69787,2.5651343
62.7458,29.583302
16.651,27.586031
27.3206,28.575909
13.427,10.214669
0.392828,2.9063764
0.158854,2.845896
0.158944,3.6467867
0.0931813,4.268523
5.62854,4.3335752
82.7146,147.55272
0.0,4.8157463
5.08154,7.9657106
0.0,4.427041
8.18259,9.276312
1.03622,1.2191244
0.0,4.2575097
18.7859,9.602681
0.0,3.8683698
15.8502,4.5665684
0.0507438,4.588238
74.3385,88.31196
8.39085,7.175823
0.38795,6.2563887
19.0755,14.777814
0.0,3.8471875
0.269066,11.336898
0.154268,7.087825
42.7111,40.15007
0.295166,17.449667
8.99207,11.812357
5.1564,4.2492833
58.0741,42.105125
0.0269443,5.4308615
22.4566,12.557004
6.3398,9.203265
0.0569866,4.966785
105.929,31.78729
0.0,5.5643263
1.20603,5.5850563
0.0,6.1676836
7.1303,9.281332
0.0,1.9817166
0.288447,7.726431
0.0,6.734949
0.0131872,4.7663736
28.6632,1.00763
16.651,18.167679
2.48554,5.7670083
13.6032,8.837895
0.096906,4.989689
21.7269,13.434999
0.0126912,2.6168473
3.80485,3.8920963
0.0,7.606409
0.0629815,3.6718023
0.0,6.381158
0.56614,4.1620574
0.241039,6.375466
0.0576959,3.5044827
9.23499,14.503963
0.0574451,2.5966692
41.4786,32.44847
0.0951988,2.4947739
0.0,4.603259
9.95179,8.2380495
0.0224391,4.7558165
4.1897,8.22261
0.0591675,2.7380233
5.35847,3.432239
81.5749,43.00752
5.57925,6.083761
0.0209033,4.4431868
36.1142,20.964224
2.50284,4.879344
0.697837,6.773923
0.0,6.948394
0.55758,15.882277
186.351,132.2318
0.129307,4.5927906
0.890727,4.612056
1.9069,6.37745
0.128932,5.321973
4.02702,5.5783334
20.0035,11.4745035
0.0,4.007311
0.0,7.443284
0.38795,2.464518
115.716,24.39433
0.0,2.2698774
8.30447,6.642618
10.1609,6.8733025
16.4543,11.117876
0.201017,5.5712967
0.0,2.0917804
1.96006,9.040183
5.78663,4.3116755
22.0206,10.948006
0.00905912,2.2880147
0.0,2.028643
23.5049,9.888031
0.0,11.895925
1.14344,2.3403845
2.73699,3.299141
0.165727,4.751248
0.0390648,3.85413
0.447712,3.5866365
3.35923,6.6270256
10.4987,13.566742
0.632397,6.4401073
0.0,7.819379
4.1897,7.9754057
10.154,7.827903
5.09852,4.419677
0.0493872,5.2670054
0.012238,2.9131374
16.4448,12.89688
0.0,4.7592688
0.142361,3.9064648
0.0,6.282709
987.415,226.54399
0.0,8.379024
2.49685,154.06514
0.0,4.6409307
0.0319741,4.474702
7.93361,8.699965
0.0,5.383088
0.0,0.73564637
0.0,4.0119543
0.0,5.3849907
53.3411,25.4281
0.49188,7.9448614
0.0179047,7.7398014
0.0,3.7026203
0.096906,4.087298
0.0,3.2078397
2.74106,11.085704
51.3322,55.136932
15.8812,8.075391
0.0,6.0407305
64.6435,68.70566
0.180282,27.164337
2.72784,10.664972
3.42946,3.959222
0.0,5.5989685
0.764505,15.505431
0.0185577,7.2744913
0.0988916,0.4591024
20.3765,8.082525
7.79542,12.023152
1.14091,4.1609955
7.29843,11.370251
12.1938,14.035379
228.807,203.67186
0.0,5.653517
5.75467,3.5363908
0.0,3.211363
20.3821,16.692856
19.4241,9.296091
0.0,2.4673033
0.0,3.7977562
53.0483,26.39608
0.0,0.3774817
4.54892,8.598891
0.0,-0.3214097
53.2671,59.54535
0.0,7.462412
0.0,4.675515
3.68977,4.1765227
25.7537,22.825048
26.1965,29.985615
61.0389,82.780426
0.460062,11.330076
1.26219,4.268057
0.0,5.9225388
0.0160634,4.132578
0.022369,4.363738
0.206906,11.925168
0.0301525,2.8958664
0.0175958,2.5986748
5.30943,4.505501
15.3317,18.212872
3.1782,8.51538
0.0476784,3.1078446
34.3872,40.16321
0.66808,2.8022003
0.0968645,4.753332
9.72954,16.022913
0.0367091,3.5931087
17.5505,7.5113497
0.0344133,2.439052
0.169882,2.7646651
169.204,111.05316
0.0,-2.3615997
92.3816,4.870106
0.0,4.4141207
0.0,4.2526717
4.85574,5.9678297
0.0,5.1772842
31.889,24.851416
0.0473979,4.309117
2.738,6.765682
8.16969,6.182571
86.3551,85.359184
0.0,4.670352
22.5027,28.487555
0.0,5.5034647
0.170908,11.362697
0.356705,5.618718
25.9484,27.202208
0.295505,3.9729517
0.235774,4.9134817
11.1677,11.756692
25.1371,25.487177
2.30486,1.7962911
0.0,3.8110166
6.43881,9.158543
12.5304,7.9761677
0.462398,16.341991
0.0,6.7120905
0.0,5.269862
0.0,6.275672
0.486461,2.1886897
27.5158,19.97803
0.0,3.2561255
0.0,5.5727262
5.97234,11.4172325
0.0,5.088517
24.7117,3.1722198
0.0,4.8795414
5.78663,9.397399
45.5749,50.402477
60.282,18.833355
53.5033,61.756657
5.34439,9.0708885
0.0,-1.2588427
0.104732,1.2877449
0.0,4.8281555
87.0861,73.10153
0.0354814,2.7993765
0.0,4.051476
19.2374,5.1641665
5.46965,1.1747315
0.0,2.5117416
18.7132,29.14659
49.2648,58.822258
0.391616,3.233865
0.0146291,2.5546432
0.161006,4.497057
2.0945,6.630002
0.571642,-0.4540379
11.3833,5.4668636
0.0,5.390109
0.0,3.3540325
10.6141,8.341076
0.223302,5.1161556
0.0150878,4.529052
0.0,5.347124
0.0,5.3549347
4.814,7.869961
2.59898,4.822612
0.0,3.7679358
2.93396,6.368829
29.3384,27.993021
0.0,4.9725227
0.540725,1.5910754
0.0,3.918452
23.2925,33.827442
0.0774752,4.689898
1.75888,4.9373407
0.0164124,4.6329274
0.486171,9.9103365
40.8006,21.627726
13.0463,26.36008
16.0687,12.280741
2.8163,4.6368866
10.3538,14.440264
3.905,5.0641623
5.94402,5.440087
30.4107,31.3906
16.651,14.579299
8.146,4.819079
0.0289529,6.2758694
29.8053,23.174109
8.21892,5.4427204
6.18238,8.671
0.0,4.3191586
0.0,9.241628
216.012,125.44697
0.0170887,3.0811236
2.66844,4.335428
0.0129563,3.309454
6.90356,5.061307
0.0349693,5.3600802
1.25708,4.5745335
0.0,6.422242
10.5992,8.585816
4.55759,12.762087
13.8527,18.7461
19.4241,19.040945
0.346638,2.2896461
32.8867,35.31104
0.0,22.337654
6.11547,12.834394
66.5085,49.435963
0.0,5.61619
89.6832,68.77112
0.0,5.4974165
0.0,3.9569347
0.051393,4.496216
5.62025,7.619816
0.0,4.6792946
1.08019,5.8769245
88.2999,81.48714
47.3759,38.09316
0.027591,4.0553555
0.0105764,5.4815063
0.0,4.933665
0.0,2.9274347
0.0,7.0140934
11.2641,3.7173433
0.0,0.6263392
25.5367,14.775121
0.099321,13.361449
3.40454,6.3089867
46.6668,25.851448
2.30733,10.70879
2.18458,2.7298512
1.69555,4.6342316
0.0101568,4.8421803
7.0301,13.758579
4.54514,11.53776
21.1507,17.035856
0.0,3.4195275
0.0,5.4717274
6.25644,12.698395
0.0126912,6.0708466
16.6565,15.02757
8.57879,5.855854
45.9377,29.895943
28.5707,29.198835
5.22933,4.745564
34.0793,20.835812
0.0,5.5431585
3.02521,3.959497
0.0,7.5913563
7.80756,6.5403614
0.166993,6.0034027
7.88354,13.243507
10.5992,16.436117
0.663786,5.668419
0.0,5.1678
27.4125,0.94800305
1.65003,4.8159227
0.0362889,3.309269
1.7845,3.3587291
0.232573,3.0616589
0.0774752,7.082432
19.3477,13.774983
151.65,73.843506
0.0,8.568065
3.50366,16.60401
0.0334241,5.6923337
0.0,7.204072
0.379956,3.9170942
0.0,1.726111
0.0,2.700193
0.170468,8.232799
0.0,4.0252104
0.0339982,2.1088479
0.0,4.878564
22.5174,29.656006
121.213,67.144615
0.0,4.18797
16.0255,12.487296
12.2311,13.77883
15.1388,21.662724
0.0,4.976449
0.0,3.3422909
4.74985,7.6637096
1.66884,27.65901
0.0,4.676886
13.1278,15.215461
0.0,4.266973
0.0,3.8369632
0.0875176,3.785753
39.9277,53.232254
0.0,5.2454176
0.0393917,5.6364737
4.7026,7.1047916
0.164682,4.238296
63.6629,43.51911
0.0,5.091131
0.836202,12.801984
0.5899,5.393363
0.0,2.7102954
0.535937,4.175941
0.0,5.937631
0.0606207,4.3260226
7.44047,8.825186
0.0,7.7257137
0.0,4.2793417
0.0898809,5.9733152
0.0,0.90226877
22.0206,21.637625
0.0,4.4652147
0.201845,5.395981
12.3578,10.512496
2.22872,5.1565137
0.0405724,3.649811
22.5547,22.223545
8.203,4.9047623
17.542,7.7334146
0.0,4.2085757
251.292,115.45779
0.0372422,5.100915
0.506356,6.8439884
0.0,0.79793525
0.132425,4.822358
0.0503724,2.7872086
0.0,5.3340626
10.3114,6.6409416
0.0,7.940377
0.0,1.4784498
35.4512,47.97039
9.13074,3.505762
0.0132973,8.333214
0.0,3.7304523
16.6061,7.957163
228.807,182.15434
0.68053,6.648304
0.0304709,0.28685784
19.0592,12.74239
0.0734416,2.3455594
39.8526,35.426514
0.0,-4.3504753
0.0,7.211973
0.0648115,13.013229
0.0585232,6.876979
3.67181,8.006169
6.98693,8.199541
0.499656,27.640999
22.6518,8.362517
0.0,7.378539
0.0717698,4.9703064
5.24351,16.255253
6.26589,23.416143
0.00874122,1.1685157
9.99168,7.873439
20.2765,10.722499
2.08579,4.5993376
0.0,4.1612644
36.2545,46.762726
24.6137,8.018203
0.0,4.864766
25.8108,47.27016
11.0804,7.0106077
89.6832,39.861584
0.0,5.1526237
0.0816582,5.7287817
0.0,3.208722
2.1209,10.171053
0.0629288,0.21903849
4.21751,9.151623
3.8769,6.913888
8.17039,7.897437
0.0,5.26931
0.0755083,5.238777
11.7892,3.075675
0.0,5.9730167
0.0,4.6817946
0.0,0.6723349
0.0,5.5055275
0.0,7.628481
9.20199,4.607128
0.399375,4.90366
49.8636,82.05799
6.03438,8.251388
0.113443,8.702945
0.0500003,2.8097267
0.0,6.4769506
0.0298953,3.1778893
76.7176,92.99497
0.816466,43.685135
0.0,4.971795
0.0269707,2.7781026
0.803882,2.6226008
3.17672,6.705426
0.110707,4.267402
7.75683,7.170352
2.74199,3.788135
5.13061,10.046883
13.6206,9.973958
3.8263,6.4057426
307.122,71.16724
9.80748,12.58918
0.190232,4.2281713
0.0,7.5264034
29.4862,13.214438
0.143577,7.4423285
0.0,2.2125585
89.6832,49.469185
5.38749,1.6537952
0.0,6.0173826
0.0,7.6631155
0.0,7.360553
0.246802,4.7589455
7.80756,6.029745
140.312,147.83708
0.0,8.006438
0.0,5.3330965
20.4535,49.20575
118.592,43.150997
15.5622,16.956377
44.4403,33.198235
10.7396,15.667317
1.26098,3.0472002
68.9289,99.63868
6.32027,8.384565
0.0538038,2.478935
0.17808,6.1372423
0.0265841,7.395033
2.07577,3.7850282
0.0,8.751262
0.0,3.8751187
0.0,6.209667
2.10043,5.8588867
0.0522123,4.1556883
0.0733279,2.5273876
0.202142,4.5966997
8.8373,2.4673917
21.5036,25.140982
0.0,49.90628
19.1878,25.97459
26.6125,16.052174
23.0417,9.94118
8.46153,7.5053587
0.0,3.5965948
8.40864,4.753734
14.2189,9.559408
1.90851,7.432908
5.20518,6.1561966
0.027385,4.000578
1.08185,4.5948
11.8397,15.920578
7.33825,8.947853
1.27604,7.3181
0.0,1.5463015
12.3755,12.78509
0.0,3.6011379
0.129562,6.489277
8.51378,7.022462
11.315,14.055864
18.6769,8.061379
7.88268,7.5565434
0.0635397,4.6758156
5.60711,4.498397
18.2872,12.370377
7.36454,6.012223
0.443889,3.805054
0.0,6.1499977
0.433965,2.0813408
7.157,7.3517447
8.26712,8.560939
22.0933,14.38336
157.205,69.60197
0.0,2.8036377
0.0,6.0548186
0.0,5.944078
0.0,4.7723966
0.0712323,2.8979867
4.74927,5.5089025
1.52524,7.7240753
39.9955,14.267329
11.3911,11.738232
0.535877,7.316868
0.0685767,6.3987827
0.0,3.4693604
13.5683,12.292682
0.122167,2.5787992
22.2086,22.749022
22.9901,18.112482
0.0,1.7967362
0.0734778,3.1165724
0.0,6.508461
0.0144449,2.4007638
19.8622,14.3306265
25.7537,23.32187
0.0,3.2752764
18.8057,25.466167
21.9927,21.7555
0.0,2.3189414
0.544829,4.6060853
0.0139357,6.03319
0.267055,1.0821048
0.0414775,5.2690783
18.2979,14.52301
13.7581,5.717449
0.0,4.071858
14.5917,16.658066
0.0,6.2361784
3.42946,4.3344417
0.200882,5.7989244
0.298316,3.9100103
0.0999994,3.831609
5.87248,8.329732
0.0,5.626213
64.9969,32.36626
23.342,22.498844
0.0,-0.91865325
0.0971393,2.9353251
0.0219575,9.122868
0.0,4.015835
4.61967,6.1780562
0.0,2.482651
0.177502,5.002136
3.56676,2.1317804
13.1672,4.4325547
0.0992041,15.266259
5.59568,42.96746
1.53617,6.316265
9.93428,6.4461393
0.0555944,10.313724
2.56689,6.1969757
5.22933,4.833753
0.52827,6.063489
4.92304,7.1168594
5.90823,5.521311
20.9778,18.962996
0.301719,0.10508537
15.6481,26.998106
0.0167702,4.0792513
0.0,12.453287
1160.7,914.0618
8.57879,7.0675163
0.0,4.8475356
0.0,4.257742
31.8821,24.211617
1.85577,8.158808
0.0516347,1.7970378
36.891,27.170591
0.0,7.054839
0.0,5.7234783
0.133885,1.3407184
0.0,2.4087543
17.5213,24.572231
0.0667324,1.7674575
95.6333,66.691605
0.0,5.677
0.303938,7.789303
13.0563,16.109076
12.8011,17.30096
11.4053,3.1039176
8.90259,7.202304
4.21381,9.285249
4.90404,5.4784117
0.302622,10.014658
0.15257,11.205384
3.46179,5.493757
0.0,4.980438
2.24119,2.639198
63.6629,109.10114
0.0,3.9956765
17.3682,10.878357
0.0,5.0217237
11.7918,3.7087448
9.31878,11.265054
0.0214824,2.1415536
64.9969,36.30206
0.348336,3.068757
1.32599,6.7729006
18.2763,7.5086937
17.5639,21.934317
11.2391,18.129963
36.3686,45.60872
4.28139,8.0085
1.92986,4.614051
0.0212548,3.489137
0.00453811,3.0363603
0.0,4.973211
0.0,6.7155685
0.143781,3.9273133
0.0840941,3.0983002
25.7812,20.643524
0.0,5.7190123
0.904999,6.4564934
22.9302,29.571371
11.9164,3.7585897
8.0957,5.4100327
0.37654,13.92
0.0103384,5.5371757
0.0,4.195706
13.1278,5.1762323
0.118244,11.611099
8.98008,7.5144777
0.0461823,7.5993595
13.7581,5.373842
20.7139,33.1291
0.564268,5.438842
4.29189,1.5908768
0.0756156,5.7516737
26.1965,23.767843
0.084263,4.02827
31.889,32.69854
0.0,12.564442
0.0,4.793275
10.6233,11.691759
39.1888,20.309898
0.0,4.494715
0.0,-1.1741736
22.0206,11.892839
7.15625,3.1375237
0.0,3.800734
0.0,3.9175744
122.353,33.971256
0.0,4.5307746
47.8693,8.285718
174.296,120.22656
0.0,72.015884
0.0,0.5921067
0.020758,3.1022396
0.0,4.126581
2.83266,4.526982
20.1486,15.602723
0.0,3.36241
0.0310379,3.6094027
0.0,5.9158783
5.24351,4.915226
0.0,16.203709
0.0647959,2.5644822
29.3879,30.461557
0.0,4.563327
0.0,5.085538
0.659772,1.7814044
0.0,3.0245616
0.147257,7.119708
0.0,8.040873
8.57879,11.597025
0.207055,6.310648
0.0,3.714682
21.4696,39.091057
0.0,2.6399653
13.9068,11.437318
228.807,319.86057
11.3911,9.826663
3.1115,-3.4170473
9.56915,4.469323
93.9524,74.242805
8.74772,7.274289
0.0,6.9164124
0.0,7.6613007
0.0284757,3.827663
8.20234,9.88755
1.15643,8.391119
0.0,5.9199705
0.423245,3.934181
32.9177,17.177195
0.0,-0.95798373
14.2404,3.5159853
0.0683683,4.0390067
16.9895,16.755745
0.0,3.9459703
22.0206,19.435453
18.8538,15.129585
0.0,4.266773
0.0,24.2753
65.7671,34.97464
20.1486,5.178316
16.2989,18.409323
0.0,3.0429893
0.0,2.4116468
0.0,3.5561085
21.7949,38.600147
0.188157,3.429666
4.41312,6.5302277
24.4788,42.13057
0.277901,3.2768824
8.64048,10.486926
0.66808,4.5136514
178.517,108.736946
25.7777,22.179338
10.6233,10.069265
9.21721,16.375713
0.0134073,3.7213144
46.6077,65.11878
0.0,5.0712633
0.196792,3.414567
0.0,4.817754
0.0144449,0.057790756
0.0,4.4375706
54.4611,37.762577
0.0,4.1215744
12.9969,12.433432
0.0973404,4.110097
7.21382,5.8482037
9.38371,16.1257
2.55277,9.538352
1.22649,4.3801966
7.4172,6.4431124
6.58066,6.5035143
12.5461,15.218381
6.37023,2.8223534
0.550381,3.9335048
0.0,3.2463422
1.18369,2.9098363
23.4401,25.04526
0.0,3.8449712
0.0,1.0659215
4.48616,9.7603445
4.98238,20.233368
0.0,6.3703885
0.0,6.224118
3.98025,8.342101
0.0230356,2.1675842
0.148432,3.191266
0.0217105,1.2779062
0.26033,20.190573
0.571642,3.8138533
1.06649,42.45928
0.0,3.2169185
0.0,3.638425
0.465156,4.340354
0.0,4.12267
12.3122,19.507624
0.0160634,3.5869753
70.2529,25.499279
6.42352,8.671935
2.30452,3.4775171
0.0,6.0273247
1.9025,5.667573
0.0,4.5387917
86.9453,109.9778
0.0,1.4154198
32.6742,23.365395
20.3765,4.7713814
0.0,3.0702136
60.5572,51.345024
174.747,91.39219
0.0717444,4.5863867
0.0219642,21.182613
6.33747,6.1260805
14.3497,17.28837
0.0185423,4.6583548
3.55067,6.3791227
0.044806,2.296256
2.47954,10.009639
0.0196267,1.7047518
1.20423,14.484321
11.5815,9.672308
8.57879,6.4974546
0.0,7.6364136
4.03114,4.3794146
0.0,3.9310865
8.4425,11.754057
0.944481,16.70506
0.041684,-2.4624002
0.645114,4.625684
0.0,7.000675
23.9091,12.421032
0.0422612,5.021657
29.2321,26.968582
8.57879,7.6466055
18.7733,24.651321
30.8985,26.902802
0.0,3.2172117
42.9746,32.12711
0.0574949,3.6061995
11.166,2.054839
12.6111,15.608542
3.8158,6.690151
6.54572,9.837668
0.0,3.6445937
0.0,4.507682
0.430817,2.5163586
0.479893,8.5995865
0.242888,3.0188696
0.0,3.8332174
0.775053,4.2120876
26.037,33.4183
100.839,88.33262
0.0237487,6.524082
1.61215,7.7379875
0.0,1.6701427
31.889,38.708138
0.0,3.3808322
15.9535,45.42857
0.0,3.8508158
7.96072,7.2933445
12.5145,10.8729
0.0,3.565987
22.0206,29.407488
18.5823,8.389472
11.3911,12.22079
48.7639,19.96786
0.0713237,7.0235863
8.57879,6.909484
57.1242,56.982014
0.0,1.118686
0.948982,6.076064
4.52996,23.13128
1.57899,6.886347
0.0,4.112158
0.051393,4.644931
0.186278,4.9879313
8.30396,4.868968
0.0,4.096376
34.3512,20.415745
26.3449,27.756802
0.0290253,3.2599673
0.0417447,5.1576166
4.27748,3.3309014
31.889,46.4706
0.0,3.3349783
0.0,6.0477686
11.5717,9.981543
1180.95,641.84216
41.4786,11.372498
397.601,218.24744
0.00805205,6.7710752
1.80628,9.479026
0.127449,3.0164998
25.8108,86.37571
8.76273,17.430979
0.0,3.8560293
0.0506962,4.977906
7.28997,4.99074
0.0,2.3145146
0.0,4.293277
20.1384,10.972581
0.0,3.9385133
0.144828,3.6842778
0.504179,1.1116718
25.2971,27.708748
0.0,1.2684723
21.2036,17.712162
0.0,4.535471
0.0,1.8798796
0.0,2.1049654
1.16065,16.684536
22.8231,20.521292
0.0163334,4.160858
29.1625,22.811693
4.25339,9.321183
0.0,6.7873335
0.0261993,5.371261
4.64168,5.0042806
71.8546,72.844215
8.51378,13.090129
6.77438,4.282058
0.0,4.5684333
0.0,4.929584
22.6994,23.106396
3.64295,5.202486
13.5683,6.780878
3.31398,6.35568
19.8674,9.347134
2.8386,2.2252707
0.0,1.2933265
0.120245,7.1614695
0.0,3.3293543
0.0346563,4.5671196
0.0230888,3.2810817
0.389651,3.9621482
59.8603,54.35644
30.0409,42.606697
1.30261,6.222431
13.9122,17.33345
51.3322,38.684753
9.76383,11.266316
4.22201,6.8669205
9.75614,6.9956055
13.3117,9.11456
0.0,4.223776
0.0,5.0248704
0.0,2.3731513
0.0,3.2031453
9.96983,14.708094
60.0743,42.40099
0.0978433,7.66376
4.3151,13.543184
0.0,8.709036
0.473766,15.338276
0.183392,166.42175
2.59898,9.040362
5.647,6.0794425
17.4864,11.220795
0.030774,1.7226639
0.246802,2.9829946
16.651,19.388071
10.7625,10.67864
34.684,67.48093
0.516177,3.10306
44.8243,26.497038
36.1053,25.33444
29.8067,17.822165
11.6114,8.240311
44.7525,19.64372
0.0,5.9672074
6.71487,12.960354
0.0,3.8155887
23.569,18.083017
0.0352451,4.750557
2.90635,5.994096
0.339008,5.809021
13.0144,5.3176794
0.0,1.9428998
26.1965,45.820152
3.62445,3.876165
0.0289597,7.817816
0.0995542,4.3601522
8.65988,9.328038
0.0610322,5.6071215
0.0,3.744238
54.0569,71.13858
8.80444,5.018592
0.0,4.5227294
1.58275,4.497815
0.0,5.7835226
0.0,6.855215
20.3952,22.863625
0.0263083,5.9937034
0.0,2.4058545
18.9655,19.564983
0.224466,4.472599
0.0,3.450213
0.0,5.0892315
0.0992041,8.746355
19.9297,16.87321
0.0,4.805767
17.6696,17.282734
13.2992,9.795886
0.798725,4.8003426
9.02859,7.349592
59.6358,53.72865
0.0,7.0509033
0.0951988,4.6132374
0.0175659,6.0217285
8.58183,13.111587
0.0,8.516636
7.95061,17.260508
0.0,2.2422454
0.0672431,5.4189553
18.9931,9.742335
0.0179047,7.151267
25.7934,12.997951
6.42487,5.2009315
75.4154,19.837706
0.0254356,1.9331288
5.61369,13.993696
0.0,4.3534465
0.196911,4.8948655
0.0,4.284097
0.348336,2.9747572
54.8317,19.74935
0.158944,2.5258317
0.0234363,4.893555
3.17418,3.6287777
0.0,4.708928
10.507,7.9799986
0.370948,31.52124
0.0,4.3161325
0.0,4.473073
0.517011,5.1380816
0.288447,2.9952245
2.24119,3.9628687
0.496241,4.328248
0.144784,3.9348729
76.7712,63.76247
24.7151,55.478615
22.0206,15.067366
20.9778,15.404215
0.620218,4.7767153
0.0,4.8665943
0.571642,4.1863203
0.0,3.2273824
0.0606207,2.7254238
13.2567,13.267267
127.057,58.651325
2.41248,0.9013336
29.3098,22.015715
13.1196,10.363166
18.951,15.719339
0.227111,5.1095343
33.6007,32.68015
4.61967,5.198534
0.0,6.342661
0.0227304,1.6579815
0.42647,2.9319372
201.331,258.13672
0.011101,-1.555382
3.12215,5.2324457
6.82818,7.086791
0.0,4.631195
4.2116,4.860342
4.30973,9.724061
174.135,191.22307
0.267529,4.779658
0.368453,6.1611576
6.81054,7.059416
127.163,131.78676
0.0244364,4.0294733
0.0,4.925828
0.0,2.7575407
0.0,7.938034
19.3196,12.1744995
0.0,7.128398
0.0,4.6362123
0.0,4.9806314
0.0413947,3.00861
0.496241,6.70833
20.7926,12.107963
0.0,4.50946
0.609691,14.079537
0.0,1.5043263
0.0,6.2386494
0.295629,4.9678555
0.0,42.923676
77.4792,84.31903
0.0,4.13867
0.0,3.0577836
1672.53,1670.3752
1.35864,10.292137
0.0,1.183017
17.7654,4.071949
0.0,3.7152054
0.127013,3.9526272
0.0207901,3.3907835
18.8186,18.422373
160.067,138.08618
10.919,9.937171
0.0,3.0441294
0.0,3.5236385
18.1628,12.170662
0.051393,4.8842316
0.0,7.286618
228.807,130.63799
39.527,21.153542
0.300234,6.7558603
0.0,5.699442
4.252,3.6521971
0.0,5.019559
30.4823,13.709121
0.0291793,4.3931904
0.128932,6.3840923
0.835289,6.997795
0.0,3.2621636
0.0,0.4314543
0.0,4.659546
23.0404,28.21845
0.0,3.0195823
0.0,2.963399
16.4448,9.640957
28.8454,27.130514
5.80843,5.36718
0.229401,2.7535384
0.0,5.2296505
0.0,2.2342834
23.5057,14.604419
0.0,5.184572
0.0,4.747018
0.0,2.1970837
0.0,3.859551
5.14796,6.423519
5.72192,5.2296762
31.889,26.381588
1.89412,2.1650922
4.16084,8.352725
0.00483917,5.4750147
2.66716,19.71111
0.0,5.758743
34.8729,19.319408
1.87517,8.099851
1.51667,6.7063026
0.347893,5.5237727
0.0,6.9847355
1.33446,4.5112066
25.2788,20.32904
14.5572,17.833017
7.72727,2.1120696
0.0519234,7.883773
95.5694,65.79314
23.4567,24.424574
89.6832,59.747704
74.3385,53.072437
0.0,4.8059244
12.6332,10.828551
0.0706443,16.164543
0.00808029,2.4941611
0.629978,2.75958
3.91957,2.003471
0.0,4.804314
0.0209403,6.397748
37.4822,24.872677
3.14507,21.02912
0.0,3.4945874
0.178451,3.790041
55.234,55.027077
5.78306,4.5117273
2.87073,5.8734255
0.0,3.5417533
18.7897,15.505287
1.66843,7.707177
4.6505,12.71755
0.125719,1.9767125
13.0144,14.273257
8.61256,8.993224
0.0516748,5.366478
0.0148745,3.5181146
0.0480081,4.2652392
0.0,4.58154
0.0,0.8722689
68.9289,57.621307
0.0,4.8596587
33.4288,27.83162
0.0479485,4.1418705
0.571642,3.5167675
72.2247,84.82578
45.7509,21.282187
0.0289529,1.9697864
0.0,6.9233465
17.7734,25.332735
0.0,4.5296664
9.96983,16.649775
5.14181,9.372647
0.443035,-0.25344467
0.0203082,7.855691
14.3497,11.925253
45.9377,23.549704
3.50103,6.6577225
0.0,7.0676966
0.105792,5.375684
0.0598996,2.5721276
26.037,34.81933
31.889,28.018166
0.0,5.45078
10.4821,4.7950244
0.0289597,3.4048555
0.250134,6.3508835
0.0837542,4.038269
0.0,4.1619716
0.0,3.835957
0.387361,5.0398455
1.67192,4.832593
60.042,41.143116
0.0,5.7161307
8.74772,8.735122
5.22933,5.443639
12.0095,17.413435
10.1609,10.362842
13.9022,9.173359
0.0,5.1202884
0.272102,3.9932456
0.0,2.2903616
11.5815,14.94696
0.0,6.422963
20.3765,6.8455877
11.5285,10.089167
0.493416,3.7926195
21.7269,18.426687
12.4265,20.353497
24.7055,15.265333
49.2648,49.198006
13.7987,18.73042
0.0,5.4485
0.140705,3.469928
2.29018,6.7189627
0.0231081,3.920837
8.34805,11.419638
22.0206,22.851961
6.18238,5.2978907
8.34805,7.793298
3.80485,2.8626637
0.0,7.258583
0.0,3.1903472
0.0,3.0377047
1.90851,5.127605
3.2192,234.83476
15.9596,15.1855955
0.0129911,4.7723355
23.5057,22.458017
145.306,124.605774
0.0,8.182376
3.83202,4.4762917
0.0,2.4929054
0.0153647,4.0806
0.709393,150.21931
5.64921,4.361412
2.81657,3.772105
34.9475,47.009068
12.9352,14.334577
9.66222,509.73694
0.0,10.413127
3.52253,4.4088917
0.0,3.9778748
0.0757449,3.634587
0.0,4.549464
3.62445,5.519141
15.1906,20.51286
28.1384,16.025028
0.0,3.9155035
0.0419176,1.7888471
0.0134494,3.830515
26.0635,52.615883
0.0,3.4433863
0.0412964,4.5682416
0.0,2.5827844
0.0,5.2929764
8.26423,7.603239
13.1278,16.711063
46.6668,51.261562
4.0,6.1784286
0.0,2.8795528
0.0,5.1655107
3.82681,3.6215024
0.11602,5.9867735
0.0,5.3341675
0.0,3.4753847
1.06258,2.3687692
1.87287,11.480014
0.0,4.8692923
20.1125,14.839473
9.91484,5.115492
16.6565,13.525404
37.5404,32.623554
1.41438,6.861435
0.0,3.192338
0.0462278,5.1901073
145.657,90.17996
12.7498,7.227517
0.0,8.145046
0.0245652,3.119726
0.921524,4.186837
2.91784,5.660103
0.0651201,2.652718
0.797986,3.7248254
0.628994,0.12606454
0.641061,5.020473
0.134373,2.1521816
13.3117,13.805932
5.33753,14.446556
0.0,5.6177893
0.0,2.9573007
0.0,6.153623
0.0,0.72295594
0.0,4.614211
17.9272,26.826979
0.00808029,3.2882447
0.0315748,4.0043755
11.6645,7.288287
3.49699,1.1583496
9.4149,5.9360676
0.0477546,4.617403
3.92962,2.2112038
20.3765,9.264557
39.7765,31.61418
0.242017,3.7487204
18.7845,12.544006
7.67185,6.6643467
0.0,5.260518
0.410718,3.7965117
3.02215,2.6063328
0.0,6.5134373
1.66765,0.6004777
0.0,4.660234
0.0167694,2.595032
0.0835016,6.7544622
29.1625,24.559038
0.0,5.8935905
6.3236,6.8775034
24.5276,9.556803
9.42161,78.44433
116.041,128.62721
13.1278,19.282803
12.5438,10.418618
13.4342,13.683964
9.18426,5.7148914
5.54419,7.703514
14.4586,17.91483
7.72727,6.8258314
10.6178,8.8568735
10.8701,15.889782
35.7609,32.672592
8.90259,7.6139555
8.98008,9.260291
77.0235,7.1231356
13.6965,10.971666
0.0319278,3.949132
0.0,3.8361487
2.38073,7.477788
0.0,3.818369
0.0148745,0.9512372
0.0,2.952487
3.12215,4.631281
62.408,68.90399
5.22933,4.2753167
5.56891,4.1755276
12.5311,11.493539
2.84027,4.409684
7.18879,3.7757926
8.51378,5.010224
17.2556,18.470346
0.62692,3.9586513
7.36485,6.365669
24.9532,20.687063
26.1965,19.433596
0.0,9.957685
0.0,4.5210624
0.109426,3.68576
12.186,8.335337
0.499656,20.35506
1.93037,4.341803
12.4882,5.821641
15.1388,43.965164
0.0,3.338013
9.19978,10.657078
0.0,5.3545504
0.144043,2.7284775
0.0776316,2.2116563
0.872144,3.6938488
23.9789,9.516562
46.9646,57.842148
0.647028,30.005459
0.802017,1.7501876
0.276207,2.666388
0.0,5.061145
0.836202,7.863576
0.611819,5.559456
1.47888,7.9405394
36.4117,35.281292
14.6904,8.110556
0.0,3.2691917
23.6901,34.49897
0.407326,3.1500459
0.224466,2.707652
0.0,3.1366253
8.76745,20.07668
0.00916865,3.894865
0.0,12.286728
0.0,265.74902
1672.53,585.6903
4.10174,5.025733
4.2116,5.936692
0.226598,3.648057
21.3463,9.740787
0.23815,9.678865
1.41599,16.213594
0.0,2.6794534
6.57803,5.3633876
3.93496,4.8884163
30.6925,15.490007
21.0274,34.726833
3.67181,6.59956
16.7626,14.6981
8.57879,10.737897
16.0687,20.81035
0.0,6.653302
0.0,4.200729
134.521,183.4326
1.37587,1.5297985
0.0,4.6900725
0.346404,2.1074455
6.94088,16.18494
19.1133,21.93261
0.0730475,4.7565203
6.94991,3.6285887
0.0,4.086878
0.0194613,3.5720155
20.6152,16.715666
28.7411,23.772408
6.42341,5.1942425
0.0,3.5776165
4.61561,8.021981
0.125372,8.5116825
3.90281,6.442914
9.45517,11.083995
0.0,4.111517
0.0657912,2.1364722
4.68474,10.362544
201.009,246.94046
2.36522,4.0974474
0.137409,5.4575157
0.0,2.5947385
0.473211,3.26887
0.0394029,3.2566893
1.19094,3.9751039
14.6375,13.885001
5.04497,9.942037
1.96186,9.082416
0.0,4.307293
0.0,7.324832
0.0416263,12.169181
5.70653,5.4542475
1.12293,9.644823
1310.38,926.902
0.0,16.383942
0.0,5.92994
0.0,3.9082296
0.0471918,3.9875093
0.0951988,5.1513553
7.14585,6.347748
5.18211,8.312899
0.0462628,2.8844562
14.5686,6.364153
0.0,4.838067
0.314487,5.407071
0.0,3.2546837
0.368738,4.7633286
181.813,229.62622
31.6466,38.02556
23.3703,36.90111
0.104211,3.0681791
2.62587,11.537008
4.61178,4.0139213
9.89553,10.587737
3.47213,5.0171595
30.2328,18.986094
0.223302,4.326858
0.0105662,2.3528612
49.2648,42.270218
36.044,50.675148
19.6701,14.745176
16.01,24.264616
18.8605,20.408047
0.0541491,1.6228435
0.0,4.6659374
1.51519,4.2770886
3.51916,10.818899
619.796,249.5019
0.0,3.3796368
16.3086,9.540429
97.5563,108.28592
2.36245,-0.99081826
0.0,2.8041847
15.8812,12.710855
0.0,3.1735177
0.0,1.078378
11.5061,28.02338
0.5899,2.8177207
0.217464,1.9116462
0.0,5.351001
0.0,6.601903
12.2679,10.908649
25.3452,28.837608
0.0,4.551277
2.47544,7.7569904
93.093,46.48465
6.08989,9.54476
19.3477,13.724401
9.89053,5.7930136
0.0,6.961548
0.0,5.7643514
43.3082,25.548147
0.0,3.7971668
28.2793,5.104026
0.0,3.9853337
0.051393,7.505252
0.0,2.5889277
0.97247,3.2283578
0.0,5.5301657
17.9272,16.161386
86.3551,80.41525
43.2114,29.614527
3.96892,4.8617163
0.0,6.012599
0.144603,6.325469
0.0,3.3077593
12.5696,11.029419
0.0,3.0469162
0.0,2.1147902
176.456,304.7205
0.0,5.2141404
88.2999,44.56531
0.0,3.2468107
0.0,6.350442
14.6904,4.1034837
112.108,134.82886
37.0849,90.59752
0.0,5.8270893
0.0,2.1473641
23.5333,24.384499
1.65636,5.4288807
0.0276267,3.9926274
8.20516,13.602775
0.0256454,7.0393248
57.9345,39.796715
0.0,4.6724634
0.0,5.6515636
6.74107,6.9956903
11.1811,6.779729
16.651,16.458494
0.19158,4.2047977
16.3773,8.394287
1.55944,1.4705431
0.0,5.3215303
8.60295,3.5694404
0.0,4.620489
185.622,172.8625
0.044806,-0.66660094
27.9572,35.097492
0.0,2.694822
8.67667,6.916774
22.0206,24.195929
0.0,5.996746
8.40057,6.4061613
0.0,6.3304253
0.0227304,2.4928446
3.80665,8.232894
0.0,8.343298
0.0,2.79798
0.0,5.6811237
0.0,3.8262124
0.0619506,3.676423
0.0,0.6771034
12.3842,6.321315
1.04265,11.766618
0.0,2.6801264
0.0373925,8.052786
4.05046,10.623009
0.552373,19.608759
0.0175519,6.523875
3.73044,2.9016933
0.0501345,4.837783
0.0,4.396913
0.68252,12.213646
6.94553,6.021833
0.0231969,4.9632273
0.0,5.7831373
0.0542179,5.136417
0.530209,4.8466806
0.0285757,4.7685823
0.0,11.059886
0.259435,4.3763695
0.0322876,7.0954533
0.0,9.683896
0.0198511,4.3612313
0.105727,6.7873955
70.6236,58.833664
13.6965,12.862723
1.29648,7.8416605
17.0974,9.429371
0.0,5.918706
8.52971,9.175747
133.444,95.03167
6.83028,6.368497
0.0324955,5.3184376
27.4184,18.928501
10.6273,12.79805
257.44,141.76074
17.1518,11.098567
12.3317,14.357565
19.4241,16.698555
0.0,5.9294634
19.4241,16.169744
9.97241,9.715191
0.0,3.819185
143.863,160.98311
2.85747,3.9856896
1.84812,4.629735
0.204926,3.0239832
2.84027,6.34589
0.0352722,3.8256414
0.0317417,3.4964697
0.0732745,7.042328
0.0304338,2.402463
0.0,2.6606934
0.881686,5.081564
6.54572,5.422333
0.0698491,4.544981
1.68702,7.822899
0.0,3.5998785
30.4107,25.999565
0.0,8.456811
14.9817,9.105352
0.0978433,3.6477065
4.18053,8.825775
0.0,4.3198013
0.197127,7.356408
1.17167,3.2846355
18.2498,31.441334
0.0541491,6.659212
2.0112,29.19217
7.94747,11.775245
0.118257,6.197938
0.0578393,1.5923847
68.9289,53.32266
0.0,4.27695
1.54324,16.193056
0.740684,5.10137
1.40299,3.7213144
20.2414,6.294301
0.0,5.7284627
9.4149,6.435219
31.0359,12.341007
9.68664,7.309552
32.0779,14.954847
20.5771,14.787176
18.2965,12.325866
17.243,9.575996
8.98008,5.8357873
0.0443369,3.9734237
0.497706,1.9057649
8.17039,13.224963
0.0134822,5.811034
0.0667388,5.151661
12.2701,7.672865
103.211,4.1662445
7.89957,8.1065645
282.73,144.2493
0.0,4.4754066
0.164834,5.323513
0.0,3.012136
0.171209,5.566473
501.184,209.84422
0.0,5.931401
0.0,2.2811973
22.5174,9.791261
25.3641,17.033304
0.0,3.0560536
0.119826,5.2652063
17.2556,18.701756
0.0,3.3575752
0.0,2.901739
4.16854,7.1101
14.5686,17.969547
0.183057,1.8488436
0.0,1.9318608
0.00751281,4.684263
0.0,4.2144527
38.704,21.237782
0.0244278,2.4719596
9.71596,11.881868
24.8424,17.889446
32.8704,36.532677
3.02215,3.999381
10.5992,7.0741854
38.4953,45.07801
0.0,8.466533
0.0,5.488916
0.0,3.88296
0.0,4.014298
2.7153,3.8646376
0.0,3.4067917
0.0,6.272788
433.236,279.8855
2.92615,15.464047
9.40351,11.46465
8.32206,16.047195
1.85386,6.808218
0.0,5.2682047
0.0,2.7249875
2.62229,2.9059548
10.1646,14.040085
0.0478645,6.168998
10.2388,10.118501
0.00357453,1.9784565
0.0,3.7783916
10.1996,7.1868763
0.010742,4.66912
1.51667,7.025814
45.5749,42.805893
0.0,4.6504765
1.02618,4.061304
0.0521813,5.2361155
37.3936,6.098906
0.0,6.7084675
0.0115032,4.389126
54.8613,52.76577
15.9439,22.51102
0.0186084,7.8775225
0.0230158,4.340493
8.74888,12.28061
0.0194222,6.064945
59.8603,50.031715
5.53621,9.431171
0.0,1.6499989
0.547939,7.8962955
0.0119285,9.340119
0.0997638,5.3335066
22.9447,38.012802
0.0239739,6.7727556
0.108805,3.2866135
91.3848,76.26136
0.0,4.678952
11.0804,3.8588943
0.337974,69.16567
2.61851,5.496252
3.80485,3.3578916
34.3872,48.27702
7.81638,13.028533
0.0929124,6.4585876
0.106439,3.2296846
56.6049,46.973465
0.0368987,4.1256075
16.6777,7.4493666
0.802017,2.1484258
0.890405,3.9858403
1.63142,4.3263183
0.0,3.4447145
0.301423,4.424758
0.00521469,6.6855536
0.0,8.206665
0.0,4.6408443
5.60303,10.240269
0.0,3.492003
9.31878,8.327039
0.0,8.017566
0.800597,4.225461
0.0,5.200532
37.1141,17.81547
1.93666,4.1953473
38.012,44.1399
0.111079,1.0118768
0.533996,-7.8698673
0.023847,3.89649
32.6081,18.631796
0.0,19.394451
53.0483,45.30016
6.18238,5.870479
0.0107011,1.9970286
0.0,8.979297
0.0,21.083458
22.2482,14.025438
0.0,5.9868526
42.7111,20.129087
0.0651436,4.817754
63.4439,152.45198
0.232937,3.2382877
0.0179047,5.8404074
0.0198743,5.979012
0.0323811,4.880838
0.0661457,9.787039
0.0,4.5999584
0.712285,8.94829
27.5158,15.566227
6.21711,4.3855886
0.0,-1.4342079
3.02521,7.346572
0.186278,9.63142
0.0,4.996831
36.9143,28.678684
0.350174,4.243159
26.234,15.227514
0.697837,3.6542728
4.55759,10.16928
0.0,-0.4077294
28.2392,33.810127
2.15402,3.0913408
14.591,11.500653
0.0,3.0648055
0.0,3.9442692
22.4149,22.369328
0.0,2.105026
0.452453,5.9759064
0.625926,6.0524454
3.43098,6.2423806
36.044,33.403893
0.151835,4.4904413
0.0,4.5079665
0.329325,22.048534
0.0203638,4.902334
0.196911,7.1244583
0.299025,8.239171
0.0,3.3398802
13.7987,11.7531
0.0,3.3930779
6.41431,5.3492885
0.0407668,4.7773457
15.036,26.088104
0.189148,22.071009
4.95834,5.458159
31.8142,36.323986
0.0,3.9670486
25.0004,10.283296
0.0690533,3.5447187
5.91939,4.776288
0.025486,7.52293
0.839133,10.038685
0.0462628,3.0228002
0.0,3.4327002
9.4149,14.497679
10.5992,10.9338255
0.0,5.6384344
0.120609,5.3627176
5.38804,14.927164
1.11074,6.4914274
7.77056,5.023647
0.0315748,3.5020556
12.6854,14.863125
0.0,3.6288335
25.6865,26.137562
0.23815,7.653103
26.9829,23.2413
0.286364,6.548253
3.71542,6.2881126
12.7177,6.2213936
0.0,4.7895927
8.64925,16.819157
0.0,6.273999
1.90898,4.4526033
17.0723,10.701075
31.5645,17.459545
105.491,102.43996
0.0,3.938062
0.0,-1.2684338
0.0,3.4062839
0.0177513,3.1025834
0.0,6.9375687
0.0680929,6.9681587
53.3411,16.450521
4.68474,12.278235
0.0484491,6.8021126
0.0929124,5.070588
0.486588,5.020887
7.45069,6.419729
1.2621,-1.387346
0.0181193,4.0319343
0.0,6.6136637
0.0,3.8169572
14.6375,22.343513
0.0,4.2425547
8.8137,6.0353737
17.0974,16.116873
15.0041,7.8266134
23.5057,14.228454
0.0466087,3.5156307
15.7407,5.726529
2.64048,2.803734
16.5368,18.153883
0.797986,5.894334
0.0,5.916957
13.4554,8.96573
0.0,5.3846884
5475.9,3.5859773
16.167,16.365158
0.0648146,6.464693
0.0,5.005905
0.014177,6.528552
0.0,5.635599
0.0,5.5289116
0.322766,4.5128984
4.66285,6.7162523
0.0541491,3.4848185
0.0,5.1192164
14.4733,9.753408
0.0,5.2984037
0.0,5.008169
0.27023,2.4799004
0.0129563,3.3211727
16.7383,18.527578
0.0,9.364467
88.2999,94.62066
57.5615,80.16
7.5427,5.6781397
10.2463,6.593237
0.408575,5.084393
0.0,3.2814136
4.42726,4.318927
0.0,9.285967
0.051393,7.7083817
0.0,5.829069
29.1625,41.418873
0.145731,4.798764
7.66119,6.195053
4.02702,5.733766
0.0163261,3.4749103
20.3765,6.4590235
6.49558,5.462216
7.28997,5.1583476
101.91,145.084
0.0,0.78484094
3.74162,5.6728106
0.0734416,1.1547987
0.0,5.004057
86.786,132.25739
2.30368,17.578983
0.0635397,2.4447033
0.0527945,4.340109
6.58066,5.61378
9.58822,17.455606
0.0,-0.6901679
4.36892,6.1215615
28.3842,19.774048
0.0,3.9440238
0.0641311,0.52104664
0.564268,-1.9140003
49.2648,25.19841
0.0,10.241985
0.0,4.335747
0.0,3.5109622
0.511387,7.676015
0.0629815,7.2616615
0.0,-1.0786581
4.74985,4.7317247
49.2648,35.695976
226.146,338.39047
0.759499,4.085152
0.0,6.896887
0.0,0.8562074
19.4241,37.427856
0.138095,0.5114856
9.84674,7.349263
0.0,3.4250815
0.749273,5.7046027
2.61288,6.5388145
0.0,5.7582083
0.036109,2.1875207
7.93916,7.0259132
0.542215,1.1858773
0.144043,19.389082
0.0,7.6735773
0.0,6.529298
15.842,13.142496
23.8569,13.126959
21.4867,19.768177
3.92181,9.795364
5.39369,46.98903
16.643,2.5047436
0.0216206,3.1771355
0.0,41.793274
0.135684,7.665327
0.0,4.717636
13.8031,3.2220764
213.647,113.69695
5.1564,2.6570287
36.8578,30.349186
25.8108,35.423504
16.0071,35.192047
32.4123,16.707443
0.0,4.9103975
8.06209,8.911496
0.31996,2.404496
0.514458,4.781233
14.3497,10.9737215
6.83995,5.606945
0.22857,2.739686
64.9969,44.43896
5475.9,4.9983964
7.86085,7.474305
11.2349,8.452851
2.45039,4.1210847
0.0,6.114508
0.02025,6.217263
12.0457,9.008848
0.736154,7.4927025
26.234,30.609228
0.0,3.370528
15.332,14.91213
3.83202,3.9845316
0.647028,52.700096
21.5146,7.2039776
0.0,1.185486
1.59969,3.3550477
0.0,1.1698718
6.02049,6.3560233
3.5795,3.2536821
5.7861,6.00587
0.0,8.116468
7.67185,4.641244
6.31848,4.903284
8.15758,6.923109
166.297,4.901661
27.4069,17.1437
0.0126654,4.898426
6.58495,5.458512
88.2999,125.02915
18.8538,17.5416
0.392164,5.8340597
16.7415,11.412817
5.52068,3.4863591
0.0324436,4.6694565
0.0,7.650979
0.0,2.812916
0.0,4.3139644
0.0,6.332817
73.3554,68.29611
0.0,-1.4135208
0.229093,6.0651064
21.2885,16.073614
8.96105,6.9778204
11.1336,20.748228
0.0,5.7995276
11.3712,12.70677
4.71807,8.6100235
0.0,5.178342
0.0,3.158139
7.95061,6.9157553
2.88462,6.8664055
0.0,-1.5090952
15.3903,28.725422
41.9503,22.982817
6.87894,6.7344093
127.197,134.76686
0.0326087,1.6378553
0.286364,2.8903725
22.5786,16.598415
0.0472666,6.1801863
14.9211,10.946511
7.95033,15.836537
3.72617,7.4141417
1.83906,5.144497
25.4392,32.58823
73.4181,87.94275
1.67037,4.3924437
0.0,5.3548403
45.4482,37.875755
1.63293,6.1707015
0.442903,43.998096
6.2439,7.628169
0.0,6.693698
0.0,5.1923494
0.0,6.23332
0.573467,6.16043
23.6853,33.45948
0.051393,1.1879113
0.0241012,3.7686355
2.22496,4.583066
0.0,10.435536
0.0,6.2438793
7.87052,4.0621076
0.613162,3.4244711
0.770695,4.2560916
10.5353,6.444459
5.4827,4.5032635
10.5139,-0.49137712
21.1112,23.135595
3.8769,9.675973
0.0129563,3.5218916
10.5139,4.694256
0.0,3.5705204
8.34417,6.0187054
19.7309,10.578527
0.0,5.5194616
0.0,6.679414
4.60054,20.823843
68.9289,36.39754
0.0,8.934799
0.0,3.4822702
44.8934,21.447626
0.0376121,-4.0562143
0.00457431,6.1018
13.0144,2.859277
2.34971,3.5586553
39.4874,30.047533
0.0,9.591949
0.00757005,3.8416023
9.11898,14.147832
0.0,4.9576106
0.0147105,5.4504547
11.3911,14.533256
73.5802,54.717308
0.123116,4.058045
12.3571,16.97221
0.0,3.3138037
35.6337,20.194082
0.0,140.235
33.8291,24.924328
40.4993,35.755688
1.13365,7.592763
11.9358,9.340634
0.0284988,3.7800193
10.2525,14.426512
0.0,5.893624
0.0,5.53119
45.4482,57.982563
0.131845,3.7746534
4.51348,9.999606
86.3551,91.63917
0.0,5.4666224
0.676883,6.1353316
0.0153647,5.1353617
0.0535501,1.6746129
0.0,5.7448244
4.60452,4.00966
0.0,3.6316204
4.82649,5.0171785
0.0,3.837576
0.0,5.6191616
0.0,3.3594282
0.0,4.7963867
0.0,-1.8417661
0.0,5.3938084
0.131378,9.747672
11.5865,10.2387705
0.160502,5.0408487
0.0,8.578921
7.75683,6.557625
17.4511,28.409735
3.56694,4.952229
2.06579,4.6390963
13.3136,8.612403
9.91484,6.2684517
229.891,267.1211
3.40961,8.719028
22.6392,34.481976
12.4414,10.455802
13.3234,26.456003
39.0449,41.951736
11.511,13.385403
13.6463,7.76145
0.0675181,2.8837502
12.3357,8.971088
0.0,3.5073023
16.4448,15.309005
3.90281,5.8407373
0.0,5.7719965
0.324248,4.9258585
17.7602,9.648851
0.0281096,8.178864
0.0,3.9059637
3.31365,7.0498877
2.88462,6.937541
22.8476,3.677825
23.1255,32.835495
0.697837,5.2921247
0.836202,11.188942
0.0,5.717841
0.0320994,3.349709
6.84908,3.4265409
5.89798,5.2490516
0.0261254,1.3169072
64.9175,38.10463
0.797986,5.9293685
12.4461,8.634894
0.0,4.183703
0.0,4.038534
5.78663,15.913486
79.2286,33.002903
0.0607464,2.3953612
4.06974,5.6209583
0.0,5.317098
0.0896572,6.562379
0.0,5.7024107
4.01418,22.04138
0.0,3.9578004
0.0,4.294051
4.74609,8.543256
0.0,3.8810902
4.237,3.044842
0.756547,2.7467413
21.9927,31.288189
5.59568,71.41007
4.252,6.378486
0.0,4.1234446
8.74772,11.965283
1.53771,5.4697742
7.96072,9.607284
0.127069,31.271389
19.3636,9.954005
0.0,11.166224
0.620975,5.7321224
10.3538,6.0935326
0.446041,7.263751
6.32027,6.692775
0.0415987,4.655613
0.643999,3.6285691
0.0,3.964416
1.47732,4.1976233
5.99805,6.704093
0.217464,4.833644
90.9355,42.155453
2.24424,3.0409036
0.408333,5.834934
0.0,6.4716053
0.0393917,4.461926
0.0,12.177648
0.0,4.066374
140.312,169.45093
0.0,2.3296518
0.0,12.33975
12.3578,18.04069
0.0,6.910424
4.18717,7.7286882
4.1897,4.3901243
3.80921,12.467588
10.039,12.232916
0.0,3.6305761
1.93666,8.458245
0.137947,7.5980177
0.535877,10.257799
21.5605,27.66853
0.0,8.268044
0.0,5.4705477
11.2459,4.4669313
0.154562,3.9912057
2.74106,4.896405
0.0,4.630722
13.792,17.568096
70.5637,85.60881
0.205817,4.089726
0.0,12.185843
0.0,6.4421873
0.26325,7.4754333
0.718754,5.5493746
97.5563,77.73462
5.52068,4.4317904
166.297,3.7394366
0.00483917,4.207064
8.53334,7.742261
0.0,5.5014668
0.0,5.171766
0.0210097,0.34143043
0.0,3.486481
0.051393,4.840104
5.31933,5.742738
0.0,4.314247
10.919,14.233175
22.0206,32.56038
0.0,6.206278
4.74985,4.535883
0.0538038,3.9636195
5.35623,5.651521
0.0,6.3235226
6.43976,5.674325
9.86318,9.456017
0.565411,4.541031
0.00671422,3.745469
2.30087,28.981344
107.268,34.71711
2.95917,3.530189
0.0,2.732679
2.77897,4.974521
76.3843,71.63965
21.1404,11.06727
0.0,7.142584
5.47233,6.9741316
0.495369,7.688036
24.9386,17.971632
0.0,3.812755
12.3571,11.308725
10.919,14.205016
0.0,2.6853385
619.796,238.58707
0.0,3.5402799
0.0,3.5728655
0.0,5.814331
18.8462,10.481376
24.8424,17.966122
0.0,2.4367738
12.3578,12.7306385
12.5238,17.659048
4.18162,5.7376204
26.8021,17.852245
0.0198511,6.5506783
0.611819,3.9000485
0.0,3.197261
10.5456,8.8088045
0.665645,1.5445182
9.31878,8.555812
2.02652,4.599452
0.530209,3.8106024
29.961,30.040512
0.0432232,4.8659086
0.0626684,6.6927824
6.70218,6.5541096
0.0753823,4.0143433
0.133885,4.1390815
4.03327,4.665716
29.0844,41.854614
1.00418,1.773979
0.0,7.2436056
0.0,5.8134737
0.167075,5.8189454
9.47653,5.4597363
0.628994,3.2464397
0.0,6.887617
0.0407668,4.843272
0.0,6.339366
0.0137361,2.7574942
0.0394029,3.4922888
0.0,4.055979
14.7039,9.494228
0.739425,2.2242687
0.0587597,4.6027517
0.530209,4.1121473
4.50339,4.312721
0.111489,3.9495614
26.8887,14.158856
60.5337,31.879932
0.0,5.649467
1.3366,5.3248773
19.5991,27.202103
0.471737,3.354653
9.4149,11.182788
13.6965,9.033411
0.0,5.4026785
0.0244278,5.3569355
10.5708,6.9749603
4.61178,7.010886
0.0,3.7486262
49.8636,53.75276
9.51941,4.943775
2.15402,2.2722585
19.4241,10.606427
8.59654,11.026718
0.345981,8.949241
0.0,5.3687334
22.4624,13.365391
0.0355729,3.6776965
0.151923,4.3264666
0.535684,2.3839889
0.0,4.8424416
9.63148,7.7931423
0.179337,4.758526
26.8874,10.512008
0.0892583,8.301288
3.90843,4.9568725
0.0,3.6940126
0.294262,3.4105525
43.9186,45.85908
76.7571,131.67278
0.486084,6.792493
0.0,6.1091595
8.35051,9.132292
0.0,8.555244
169.242,107.88527
0.0767444,1.437277
146.641,118.41804
84.0009,94.0057
0.0,7.7336884
34.3247,12.789544
0.476896,5.597184
2.04502,4.907216
2.92382,10.767505
35.6945,14.635807
63.6629,54.467964
0.138926,5.134159
0.814287,10.901064
0.49207,6.8436356
55.5987,74.454895
0.0,6.0170555
0.0,2.559784
0.0,5.8507824
10.5063,8.151069
2.59898,-0.47546744
27.0281,15.879442
0.834837,8.224675
13.1864,15.971237
0.11227,12.493424
11.1251,23.29163
66.0095,30.381517
0.0,3.7725172
0.0203818,3.2759814
23.7173,18.165775
19.9023,9.350485
10.9573,5.9562526
5.34439,4.934491
0.0,2.4003463
0.0,5.8472595
0.423962,2.9103332
0.0,5.3457212
4.07825,5.376561
11.2215,21.875984
0.0631291,3.5949473
24.7055,28.883186
30.2705,22.771858
0.0,4.6457515
0.0734686,3.1154041
7.14585,10.431062
0.0149931,4.156789
1.68959,3.115328
2.0112,53.665936
0.144784,2.68466
0.0,5.3927555
91.3823,49.118214
10.9544,20.076519
15.4888,4.8237906
0.232573,3.1333675
0.0,4.5386424
0.0,5.0264406
0.0995542,6.0482893
17.241,17.419777
10.4383,52.81138
19.4241,15.929361
18.4886,12.256575
0.0,3.6044545
5.59409,3.9301853
0.0,30.896088
3.01554,5.011054
3.20182,3.932516
0.0304211,5.175915
0.0,8.062351
2.15402,2.0538092
60.3985,36.502422
0.107899,4.603781
0.119957,5.3944254
16.651,39.926605
13.7472,9.38522
0.0,3.867023
0.0,3.867623
0.0,2.7965772
0.0297182,3.7450547
0.184733,7.1329165
13.6265,17.693544
42.3715,5.38423
0.0,3.6939342
0.0,5.7663393
0.0,4.042516
0.0215975,5.480838
0.0,2.7921424
18.1842,19.298676
15.6274,17.08069
0.073954,-0.97778034
2.93396,5.939714
0.0339982,4.87786
0.0616964,5.9559803
0.0,6.115782
0.0,4.692772
29.1625,52.54245
27.4069,26.563833
11.3063,13.376267
2.49685,196.6371
5.24318,8.827314
16.1817,11.563841
0.251745,18.809519
0.0,3.2405066
7.89957,5.523925
58.1102,23.725409
1.39764,5.6086855
0.0446951,3.3040848
111.675,46.545036
6.17503,7.747738
162.718,112.235245
0.0,5.9509573
16.9082,14.289801
21.5912,25.683886
28.5625,16.756868
0.0,5.891713
0.0,6.2132115
0.0257964,4.081974
0.269299,0.531968
0.0,4.818425
5.85859,6.38096
12.3122,9.584399
28.1376,11.711698
1.08471,7.315674
1.65003,4.556657
0.0,10.683506
4.91671,7.5488167
0.0,4.6159754
66.0095,20.196102
230.705,124.32723
50.5981,40.70759
13.3136,12.606555
11.0956,8.031121
10.039,12.826086
0.117864,5.438623
50.8854,38.923954
0.0653796,7.0303736
23.2319,18.899548
0.514322,4.5542197
0.0,5.5623484
1.09109,5.108713
42.6992,42.71752
0.0,3.7835436
0.205377,3.8039527
0.0310379,6.0909367
4.60452,3.8487103
5.59409,4.8360176
7.18879,5.62358
12.5416,9.507408
71.6239,26.263803
0.0,5.330861
9.31878,6.4430637
1.20083,5.080362
0.0,2.623063
37.1852,32.846733
0.0,10.278576
0.215631,6.4424
22.0206,19.601204
10.919,6.6733694
53.3411,23.887756
0.05843,10.071521
107.268,57.554256
0.0,4.3283043
174.747,112.69443
3.04662,5.5569224
0.0,6.498193
0.600088,1.3968078
0.0,2.355576
39.8526,79.43125
20.2765,8.16387
0.0,4.997243
0.125719,2.4058685
7.23403,6.463299
22.4149,24.110893
7.44957,4.456689
36.1597,27.64275
0.314417,0.38007784
60.8617,95.13193
5.47233,6.722687
26.5107,50.90783
397.601,303.603
5.1839,4.1253853
0.039932,8.755045
0.221629,1.9025288
25.0795,32.244915
4.50339,2.6141045
26.1965,19.495636
0.0,4.0415893
0.0,5.7022314
3.70573,5.878058
54.8596,25.721218
24.0658,19.384136
8.30396,4.0098133
5.34605,5.2017007
0.0,1.6521592
24.5863,14.958781
0.0,5.668337
8.7999,9.97548
12.9302,7.021882
23.569,32.405907
9.4149,3.4010868
15.3157,32.55245
0.0,5.187002
0.0,3.8521292
0.432042,2.3244119
11.6114,4.9442444
0.0,8.210297
0.0,3.8873777
0.581551,6.4341965
3.93784,4.02407
1.09135,4.524316
17.9203,4.6583557
0.0447757,5.350958
63.3518,64.26224
0.0,4.3982944
3.04662,3.4627237
0.0,4.9061394
3.88411,9.700975
7.44731,12.707541
3.1273,0.8448045
0.07735,5.0342083
110.851,102.144684
0.0108675,3.1209705
0.0438842,4.468777
4.36972,9.456609
0.0,5.759324
16.4448,28.638996
9.4149,7.180998
0.699727,12.491481
19.8113,11.294215
0.0,3.927481
26.1965,14.63996
0.0,2.1044734
4.01733,6.1764007
60.2629,76.60273
0.884516,2.0975583
1.29509,4.0890636
48.1856,51.895294
0.0,7.523038
0.0,0.3699534
7.8008,6.8545256
14.6904,7.062912
0.0,4.0201616
0.0244278,3.4060962
60.8617,59.006775
0.0,5.877537
0.472636,2.4639
6.80099,1.3192755
0.620975,7.3426743
272.196,126.878426
0.0,6.775505
9.51775,8.021336
3.92858,5.8063326
5.72736,6.5833263
1.29001,6.1569557
0.0376121,3.682148
0.0,4.4889627
123.482,57.294144
0.0210909,4.225826
1.04998,12.377016
0.248631,3.928678
0.0310379,4.0055423
0.84491,3.8543901
26.8887,14.076951
428.302,796.7883
0.0,6.137466
0.0,2.6800685
0.0,4.1146145
19.9297,11.238435
0.0,2.432778
10.2463,11.53106
0.468849,6.2028723
0.0,4.7432528
0.0,2.7066693
22.7891,14.630589
11.2641,8.332077
2.7029,3.8876119
0.0,4.2618437
0.218677,5.836053
19.9297,20.346912
7.13458,5.6584067
0.0,5.7171607
0.0161967,6.5233326
26.1965,41.70609
0.0,5.2686276
0.593276,14.871401
0.226083,1.8549752
0.0,5.321262
0.0,6.865592
16.167,5.9210577
2.19578,2.7703729
0.428455,4.49306
4.74985,7.8774796
3.81813,6.079953
1.06208,3.1492867
0.0186084,2.0071886
11.8528,7.8029814
56.1216,41.795208
0.0230888,4.1339035
0.0,6.658574
21.8819,30.139528
0.182946,8.269334
0.00768744,4.868594
18.3977,16.668644
0.0,7.3258734
0.0,4.688754
0.0304709,-0.43342352
8.4425,7.889962
0.26099,7.5065002
0.0,10.126878
0.0107011,2.961574
5.36827,10.137184
16.4118,23.148233
0.0,10.2611885
0.535877,-1.2055933
0.0352722,3.7150278
9.22554,4.0335207
0.0,4.5050735
0.0,6.072652
12.6518,17.164118
0.772461,6.3680334
0.0677474,3.0333219
11.8978,12.377634
10.0719,5.4731894
35.0216,57.033558
0.0,3.2398574
3.99422,3.953317
1.85055,10.291853
2.32215,8.27268
0.0,3.551774
26.3396,544.718
5475.9,7.324054
2.29886,4.813278
31.496,20.830736
0.103214,0.07552695
0.556268,5.2600718
21.4867,56.54139
3.91661,6.1562595
21.1112,24.198257
3.84675,3.0587711
12.011,8.3305855
0.0,7.0481873
0.0,3.1164882
84.2077,49.05888
0.0,4.120343
0.169663,3.8870645
0.0,5.956314
66.0095,39.263885
0.0,3.229477
0.0,5.268238
38.012,29.793219
0.835289,9.217886
214.545,168.2921
0.287618,11.314757
1.31178,3.76035
400.363,410.52332
11.0919,7.3322964
0.53521,5.3631372
0.872144,0.6917186
69.8534,39.350056
4.61178,6.4155483
3.13777,10.597208
1.15678,2.910411
0.0297383,1.578406
0.401151,5.406724
0.0347835,9.662163
0.433965,3.3279037
31.8586,19.61138
0.0,4.4697003
7.01913,5.592709
0.0805545,2.8994489
78.8296,33.813427
0.0541491,4.3817883
0.0256454,3.15065
0.051393,3.8879738
9.91484,5.1664743
4.89209,4.39006
0.0323811,4.2769165
12.7705,6.74354
0.096906,2.8105555
0.0538038,2.6751902
44.3922,37.947605
8.4425,7.6308413
6.86443,10.0386505
6.09898,4.1407275
14.298,11.247583
0.350691,4.6907663
0.0,3.2337532
41.0475,13.951456
0.02025,7.0412226
0.0,5.1383796
32.8748,42.97353
0.0,9.26237
21.9927,20.044039
10.1206,21.70389
18.5812,6.7512064
5.97234,10.068522
20.3765,5.546872
0.0,8.738082
0.0130336,4.556603
37.4822,69.14577
0.0299826,3.49357
233.507,127.93455
63.6629,31.561169
0.0377064,3.473424
38.7378,64.58851
0.0180879,2.1209219
73.3554,54.208977
2.42901,4.707689
0.885176,8.135499
45.9039,34.36868
0.0167367,3.7990656
0.215716,13.814419
0.0,4.5038724
0.0635397,3.0177824
32.5781,36.727577
0.0,10.278796
1.25708,5.1972113
0.0,0.5309504
0.250134,-1.9099205
0.160588,5.4075994
14.4278,12.411083
0.0722183,4.6331787
0.0,5.3437386
4.0694,9.501388
0.0443425,24.979681
0.0261254,4.27192
0.0,30.686813
0.0,2.3546114
144.146,97.81757
0.0546641,4.4135237
0.0314092,5.262117
3.20072,3.7246969
1.96863,4.288622
0.0,6.0322847
1.29524,4.827159
21.7016,21.347918
5.78663,5.063394
5.27882,1.9940525
0.0,5.2315226
0.0,3.0476081
26.5159,21.197512
11.4622,21.699133
0.0,3.686864
0.0477546,5.137232
13.4247,9.656436
11.3911,15.562602
2.91657,9.31598
0.0,4.4389324
0.0,2.0960357
0.0,4.2935658
0.0,6.5794287
0.0852943,11.934287
10.7566,43.03574
0.051393,13.559426
0.026748,6.010022
0.0,4.177724
0.0,2.4810784
1.94488,4.7551913
0.0,10.501732
7.93916,3.5226414
0.0,4.83492
11.9212,20.32262
194.251,180.5503
0.908909,18.244831
28.3842,8.845563
4.27692,8.673045
125.046,99.46119
3.19082,3.1553435
3.51916,8.02161
24.9386,7.031769
0.0,3.5205047
20.1295,23.635359
0.0,15.862171
0.0,4.489463
24.5863,19.128277
0.0,5.103162
0.0645255,6.296628
0.265706,3.1190293
0.0,4.4611197
0.0,5.4030495
0.02025,5.887908
11.2224,9.487297
0.0,5.1147995
0.0105662,2.9851391
0.0,4.543974
0.0,4.724048
0.0478168,0.13354206
37.7117,25.073227
32.8961,11.768068
10.2463,6.6820326
0.0,2.9773042
0.0,7.899127
0.00786319,2.0976777
0.00590605,5.9495
0.0,3.2281837
24.9532,13.784671
8.90259,4.559754
0.0897363,4.3858757
32.0779,22.825512
12.3578,4.4885206
9.60602,21.519203
8.98413,7.3493223
0.0,3.3564212
7.37709,4.3056393
20.6573,41.43851
201.568,153.37688
29.0894,20.303905
2.59898,4.443007
1.85969,6.963814
0.0,3.4219038
2.63587,7.1923103
0.0,6.9803925
5.59568,47.314312
66.0095,39.151325
40.0706,55.099327
0.903396,4.5546703
0.0562069,3.6660068
2.1209,19.696545
11.5783,3.0112553
16.6061,14.655262
0.0,7.083865
0.534861,5.5678825
5.24548,7.532695
0.0,4.5218415
12.0573,17.535788
0.0,4.648333
30.084,34.91776
0.307996,3.3748775
22.6392,40.36682
7.93361,8.939265
12.5311,21.812038
7.34111,5.788414
14.1581,11.458734
7.65143,8.541184
0.0185423,1.7239997
2.02648,6.043051
0.0,5.5431433
1.08185,2.456784
9.6883,8.845126
0.253644,6.42307
0.0,12.776086
10.9808,22.444643
0.964534,3.2216074
0.0,4.1886835
0.0,9.567537
25.6866,22.57472
26.234,31.958696
0.0248735,4.8898377
95.6333,49.742836
8.30263,7.1707687
0.1799,6.921113
0.656222,1.374983
2.27551,6.635515
2.73699,4.4696636
18.7897,14.376505
0.0,3.5073056
13.374,7.6352654
0.00930226,3.8102841
0.601586,3.7419295
0.0,-0.34698057
9.40631,8.64434
0.0,1.2816534
13.1307,11.322676
24.8424,22.491331
0.0,2.097879
9.91484,7.847644
0.0,2.0287902
5.64921,7.8286314
2.46857,6.5315228
8.24252,4.148861
4.15016,4.0702724
0.0210097,2.3093917
54.8596,45.207394
5.29795,5.874712
4.7028,8.36145
6.86627,10.469244
0.02025,3.5733914
0.0,6.511922
137.862,137.0379
22.4628,15.255905
0.0,5.5198708
0.0,4.651787
0.0478645,10.44954
0.0,4.2614336
36.9143,23.601223
0.430817,3.6990423
0.749517,5.6085386
4.28886,2.0076532
20.3765,5.7663984
0.275205,5.283036
6.71538,13.047095
0.242017,2.5191488
38.7644,36.375847
103.289,61.94536
11.566,11.721585
0.0,6.0020657
3.1273,3.0423775
6.47026,6.5866346
13.3117,14.282777
13.0144,12.23156
0.194898,2.1111808
0.0,3.59343
0.051393,3.2086077
0.0487963,3.8790336
57.2875,232.01065
0.0546572,3.1876483
0.213921,8.322533
52.2404,37.826153
0.117297,0.8667706
0.0,6.718424
0.095025,-0.036414385
0.0,6.718379
0.661888,9.909896
0.0,4.4763618
0.287353,3.1335742
5.0881,3.6477976
4.71807,5.073532
6.77438,4.7305446
0.0,3.7047088
12.9993,8.389974
1672.53,1393.782
11.7178,7.6178265
2.88764,3.968328
0.838692,8.184628
28.2793,11.636157
0.0,6.2473197
15.103,10.903461
0.273661,5.377269
0.0,4.945045
17.0383,12.900597
0.0,6.1346245
0.0,4.6534667
0.0614197,5.179141
1310.38,1471.3348
53.3411,33.08233
6.73907,18.459627
17.6696,6.970229
0.0,7.6837635
0.0,5.7386713
0.0,3.2941391
0.0610322,5.1377153
6.35077,5.0976076
3.20005,8.2776985
0.0,2.0302258
8.80649,11.142566
3.39072,3.8720808
7.45451,11.550796
3.88411,43.618874
8.15613,9.281309
0.0,7.4811783
0.0,3.9152963
0.0481385,5.6357217
27.3942,21.531485
3.6471,5.386178
0.0,5.0953026
2.92734,5.5430098
0.0,3.2319136
0.0734686,5.3194666
67.7779,69.9049
0.0,3.4789574
0.568515,5.047963
1.13365,7.2630424
0.165477,5.453825
0.147932,4.0913715
10.8169,9.510733
14.2189,14.219837
3.80485,11.999012
31.889,25.960035
5.34971,8.187683
0.0,3.5500262
3.02521,5.9664736
0.123102,4.1810026
16.0687,24.084764
225.715,283.67294
0.0243204,4.2005167
0.626267,3.8718343
36.0506,45.911423
15.332,10.884775
0.0,5.3751354
0.0,5.0242896
39.5927,26.898428
0.0228214,6.190605
24.4788,20.839424
0.0,4.6305523
32.3012,11.757895
0.0,5.4799967
0.0546572,0.74815035
126.38,58.093727
2.19578,5.017894
1.13347,2.487604
0.890405,3.98295
0.0,5.392288
4.7289,6.5231733
3.04972,-1.2078953
1.39755,5.117773
0.0,2.2402635
0.0,5.7008276
60.3985,68.69308
2.70478,4.7629013
73.7988,37.886234
0.0995542,5.815373
53.2671,53.644367
3.62445,4.5149884
0.0,5.076729
13.3136,11.297747
0.0,6.073
0.0,6.4509068
1.67337,6.03336
0.0771056,3.2038069
3.91661,9.211274
7.38004,5.5951567
0.0596386,5.9536743
14.3442,9.493467
5.00489,4.2633877
47.5559,24.450708
0.158944,3.8600852
0.0,2.0893142
12.3578,8.004994
0.743053,3.2529173
10.5573,17.409431
8.1665,9.386
8.51378,7.7504787
13.3117,16.485579
16.167,4.619763
5.69351,3.1369033
3.82122,6.843896
0.0,6.9913893
19.633,13.227108
2.30486,3.5077035
9.57138,13.682337
0.0336431,4.5737495
0.0,2.5709596
19.3196,11.558222
6.74064,7.683259
18.6472,21.004482
0.0,3.9299812
1.00418,3.2286153
1.67192,6.259329
0.0933876,3.3699539
0.41119,6.6104136
0.0,5.0190916
0.0,3.2273197
0.0,6.4173374
0.0239684,5.3146534
2.26397,32.520603
78.8657,46.27298
101.932,89.3508
0.0,1.3066964
13.0144,6.834112
10.7566,61.168537
0.0736961,3.9579232
0.0349215,4.3784304
20.9569,16.969234
0.167349,0.19117975
0.140811,4.841592
3.42381,4.466367
8.8373,5.2353144
1.66765,5.2823467
9.57554,11.082824
0.0109431,4.9137797
20.3952,20.748672
8.99935,3.3951266
5.97234,9.339226
6.03438,9.3935795
8.46153,3.8944612
0.0,4.0524197
4.63845,5.4557858
0.0321666,5.2023525
74.3385,76.852646
17.0383,12.970274
0.0,3.3358479
0.0833001,5.262054
4.92439,4.3967557
13.1361,6.4588976
0.0,7.536475
0.0,2.6914673
14.2404,4.8374195
69.2914,40.371403
0.157924,6.1327314
0.0,4.5610313
28.1376,20.311876
0.0268439,11.335546
12.4324,13.700231
22.0068,9.124645
0.0540036,3.033012
0.0,5.527252
24.01,12.519432
1.61978,20.778986
0.598602,7.049716
0.00483917,3.451634
6.33075,11.200528
10.5353,11.31343
110.894,113.185425
4.16915,78.378975
0.391701,3.1515884
0.0,7.049015
0.336746,4.1248236
0.0,4.1992917
9.36233,3.8564796
0.0,2.9465153
19.633,23.508776
0.0,4.797391
0.0,4.6966147
0.487407,6.65292
0.0,6.9568357
169.204,101.38546
0.0,0.5704019
0.816026,16.523666
13.098,8.068748
11.6269,10.063846
0.0,3.7726793
2.53018,4.829808
0.0,4.0031796
0.082366,3.2059283
0.169539,4.4206023
0.0,5.6357093
0.134373,3.1652684
0.11544,3.137754
0.0276603,5.704576
0.0,4.135975
0.0,6.7891045
3.8008,1.0992595
0.0,-0.8269024
0.0,1.1590594
0.0506783,4.0321307
1.61219,3.9734497
0.243125,3.5367384
75.4154,26.981007
12.3578,15.114943
11.684,9.980797
1.47732,5.7772903
0.0,-3.2654612
0.0,4.9947777
0.0,6.6717253
0.0197957,1.5092618
2.19578,5.49041
0.0429781,4.500839
4.86473,5.083166
0.0,2.2157333
0.02025,4.1353397
0.0,4.118514
16.949,25.93819
24.6299,21.936964
204.063,62.96351
0.076469,5.319949
0.0,9.9127865
0.0951988,4.941226
0.0,2.7381642
0.816026,19.566908
10.6229,17.345098
0.0,24.811325
0.454147,29.591476
14.8348,3.708904
0.0162162,6.8957376
30.6925,16.702868
0.178675,19.560904
8.67667,7.4267797
0.0,9.469735
23.342,22.371756
32.2663,16.062824
22.5174,23.952906
0.0,3.7774296
6.43881,6.006258
0.0,4.2791767
0.0,8.12319
24.3086,18.390003
0.904999,5.205922
10.5139,17.020212
0.0,5.0264816
0.0,37.69454
84.5029,82.60528
1.50108,-0.37874103
0.0,1.832624
4.52196,4.771348
0.0,1.7109487
0.0,1.9560373
7.67191,11.031814
0.493111,7.418688
16.651,10.099788
0.0315748,4.629801
19.3196,29.75752
0.675238,3.3766835
0.0,4.840502
0.0507568,15.120517
0.0,3.5874367
0.0294241,5.7191777
18.8462,13.239573
0.620975,3.6971564
2.90771,1.4616154
1.13518,5.290903
0.15934,2.7542489
0.0,1.6845508
18.374,16.48888
0.0,3.3066914
12.6788,15.340348
0.937009,4.8020763
4.11487,6.0911055
0.0,-1.4986091
19.633,29.30081
2.26397,16.438787
31.889,41.115925
0.0,4.8768816
0.2253,6.534545
0.0358678,6.8484707
1.12501,5.1298947
0.0554498,2.6398852
0.02025,2.6915636
3.72976,0.9795501
0.0,2.5440686
0.0427096,5.2307296
0.0334507,3.5774233
7.0301,6.249272
0.00236083,1.2056795
1672.53,804.4155
0.0,3.132541
0.0105221,-2.7738206
5.64967,5.6938353
0.0155516,4.7565975
8.3715,8.527782
0.177107,3.2585974
2.87073,4.289157
0.0,10.5471735
0.0,5.8555455
1.92986,3.7000904
23.8144,10.616532
0.0,6.6427326
18.374,14.182965
3.81662,4.8159246
25.5902,3.6958227
0.0,6.6405525
18.3444,37.57949
0.00808029,2.157007
0.0,5.920824
1.61219,4.482229
6.56271,6.738139
11.7182,0.9352727
0.0677474,7.125828
23.0829,17.18016
0.0125925,5.2106705
12.0011,19.834944
7.74843,18.020437
12.0077,12.104246
0.0,18.915007
0.0,4.704506
3.67181,5.0096245
0.053204,2.8439713
25.6244,23.524261
0.242017,3.1014504
2.90635,4.5678377
0.0,4.2392855
10.4744,9.304708
0.0,8.955356
22.5227,27.072231
16.4925,19.602642
21.0736,19.712458
8.05408,3.6693182
0.0930992,3.632722
0.0261162,2.6743343
3.08732,4.9710894
41.3054,33.041374
0.0356406,4.7305446
0.0,5.059427
0.738782,5.700534
0.250134,3.6584291
0.128067,6.113653
0.221825,3.1401882
0.0,2.7980168
0.0285757,2.317623
0.160283,9.5116415
0.0,2.9877772
0.328182,6.1131577
0.0,5.755342
0.0,5.6642036
30.3886,20.660292
0.0,5.3155212
7.70401,5.0662165
1.27604,7.9895544
40.8759,36.827995
18.8261,37.44455
0.0,2.7376547
0.0,5.491643
26.037,36.810043
0.0443369,4.3588247
42.3658,33.851948
10.6178,4.8250093
38.3952,29.307419
0.0,4.1536355
8.08687,11.649884
0.0755944,1.5482428
0.0494545,5.2778416
0.023847,2.794308
65.7132,86.937355
0.0,4.3384085
38.012,73.342575
3.44411,4.2828207
0.0104653,-1.6879094
15.4223,8.548797
33.9583,22.990244
0.320538,4.249625
11.3063,9.073374
25.4406,22.383501
1.3827,31.396418
0.0,3.9327955
0.0,4.034977
0.0,5.9551897
0.051393,11.291959
0.0713237,8.203392
111.835,58.753845
0.0,4.822839
36.8233,23.974794
0.0610322,1.5454806
0.0,2.073756
0.0,14.121276
22.5788,15.576472
0.0177513,1.533363
0.353103,1.834167
0.0,3.6115046
10.8077,4.318285
9.91484,4.1126876
0.0,4.291753
0.0,3.6468196
55.2517,58.65414
0.0,4.496911
0.103453,7.105054
64.3365,25.859121
0.0,43.24887
3.84675,3.448207
0.0059639,2.9885907
56.8403,57.41981
3.19082,4.261002
0.0597723,5.581444
0.428425,5.672058
0.0,2.6438515
12.2934,10.036686
2.97682,4.462844
1.72473,5.7516575
0.0,16.372368
3.62445,5.0414305
0.258797,48.745556
2.33532,3.6799939
10.8713,2.2885215
0.0,4.036882
0.0,13.18426
0.0,4.8183355
0.177288,3.5536258
8.62209,9.669054
0.0554498,3.6966567
9.45517,6.4389305
0.0,7.260831
0.0,4.3104997
0.0287167,15.988682
6.66568,5.5343633
0.132108,10.098673
35.7609,22.531628
3.34602,16.137558
60.282,11.67823
4.50339,5.840393
0.0,2.463243
8.60295,10.238588
0.0170975,2.6767113
15.4012,14.189136
0.145247,10.043818
0.0,3.247708
7.89957,8.406723
33.8268,53.98613
0.0,6.936301
7.25135,4.970208
0.0,4.2535267
0.0,2.989447
10.9036,7.7224655
2.15454,4.3843317
0.138095,2.1079843
43.2114,31.813494
0.0,5.434717
0.0,0.8332406
33.3482,53.105053
12.1094,7.1205854
0.051393,3.7713084
14.6851,4.683107
12.3842,7.8900795
29.1984,26.932606
0.0,5.914743
0.0,4.5539074
0.0,2.8160956
0.0,2.2173955
12.4457,7.0228434
0.272102,1.6024679
0.0,5.3882475
0.0,2.3978896
40.4184,59.427986
0.0,4.7947702
0.0,5.7672443
57.3396,36.699665
4.60452,8.511745
0.0,2.6954103
3.92962,4.1641364
0.0879026,4.8117943
4.61561,8.48032
7.56531,7.243391
9.29667,9.830809
0.0,2.962038
68.9289,98.70309
4.25879,7.9225855
20.7045,17.752924
11.9154,5.1409745
3.67181,6.0850244
13.234,4.675003
0.0,3.7906234
0.0420161,8.787478
29.3069,15.4147625
2.57179,3.544759
1.32143,11.203112
0.0,2.966154
0.0569866,5.9315186
2.41969,13.304366
0.454819,4.472114
0.0,3.5168405
1.01876,4.7547235
36.8233,11.003097
0.051393,9.009081
7.84897,15.562296
0.459308,5.603532
0.0,5.3179383
18.8186,21.8079
88.1568,19.90119
0.0,3.2452903
3.45172,5.019641
0.0209403,3.1814492
0.0450396,3.8680973
14.6723,14.8560295
0.0540007,3.4623141
0.629978,1.9417932
0.0,7.135071
0.530209,3.0925105
228.807,99.34431
14.8846,15.864826
13.4987,15.6970415
0.0,3.3408432
0.0,4.939779
21.4206,42.46157
0.0,-0.05003667
17.7248,21.011139
0.0,5.0349665
0.0,6.662492
4.70495,0.05798745
0.0,6.9667244
100.839,87.854546
0.0,4.70278
0.0818218,3.646469
0.0,5.813615
0.0,2.2047677
4.64168,3.8579373
0.0,2.6363473
68.9289,67.97572
9.4149,10.012819
0.0779552,3.5483685
0.0,4.0560293
11.3063,9.699439
13.8031,5.241762
0.0,3.627419
104.052,75.232285
0.00874122,0.89551747
0.0679036,4.1623755
0.702269,3.197558
25.603,25.08537
0.530209,4.9023247
5.69439,10.524751
0.00392943,5.9729576
0.0734416,2.6700878
0.0610322,4.0492105
0.0164465,4.4728866
0.655482,3.6699533
0.0,6.9732237
0.114256,3.1353643
7.93339,9.511681
0.0420966,5.8842907
0.0,4.4901485
1.11007,8.474626
7.07213,8.088114
0.014271,3.34804
0.0,3.5630221
0.0327912,6.334999
38.9204,74.0765
28.1784,40.62994
76.7189,53.409424
13.9082,15.325085
0.0,3.6687598
17.8849,23.095726
17.956,12.060181
0.0880483,4.577942
0.795791,3.8531961
19.633,18.881487
0.872144,4.2220306
0.0,2.748545
6.50334,9.0751915
0.0,8.096834
2.8793,5.618801
5.5232,-0.88807106
6.32595,6.7407856
6.61661,6.7099695
28.7411,27.250692
82.0616,83.293365
0.0,3.530876
18.1432,16.50198
9.77187,14.998974
7.32787,9.509389
26.8874,34.24626
5.1564,3.5617278
0.0,3.85666
19.6924,6.125147
11.0065,10.464139
4.06813,21.809252
0.0503724,7.3888855
0.0,1.9924223
0.339606,5.5028334
46.4472,69.65186
0.0,2.918133
6.32027,8.182102
0.0,4.5386677
0.150147,32.248062
78.2679,5.9641647
3.28353,3.7101376
7.18879,3.2787027
7.13458,5.389292
13.5897,3.760897
9.86318,5.1049614
0.0,2.2733872
0.0,5.3630342
0.205114,12.876388
7.56588,14.792495
0.144784,2.8329883
15.893,15.145485
0.0246383,3.74531
23.7592,19.149824
51.2472,26.805428
9.1663,7.100278
0.0,5.383054
63.5438,59.87651
0.0,8.842606
0.0,0.5262071
10.8169,8.294718
0.491604,7.836234
5.30832,3.6759794
0.0,3.959973
127.163,164.60617
37.8767,59.122578
8.74888,5.7188516
0.0,6.40512
0.105102,5.11001
4.17273,6.1471014
5.27368,4.4534264
0.0,0.58358765
60.3985,29.702444
15.036,21.094666
0.0768075,3.5478945
1.88022,4.766577
12.8911,4.168584
4.0694,10.408856
0.0,3.7737522
3.62445,3.9837577
34.1624,41.919167
0.0,7.7514963
0.0,9.343082
0.205377,5.333411
14.9762,5.2554607
56.0883,39.673496
0.0,1.6897373
0.0,9.119455
10.5992,5.426341
12.5145,15.002092
9.57138,11.088021
16.2922,6.527854
42.5577,49.598373
3.8263,3.8580236
0.72045,5.743311
3.68239,13.905118
0.5478,3.3861773
0.0,4.942195
1.07475,2.0462818
17.5554,58.233234
21.1797,12.816526
0.0,9.485292
97.5563,69.21314
26.9829,17.293123
2.36245,4.8688607
5.1564,3.0260239
13.7581,7.1617384
0.0,3.6583762
6.64903,7.3021545
0.149628,5.40007
0.0,0.46309698
6.68153,4.2004814
6.22231,5.874037
0.0,5.0704794
0.0,2.4182615
0.0443369,5.735566
1.31869,3.4063556
0.0,8.302579
0.0,2.1358051
0.0573953,7.455674
0.0487963,3.1548722
0.0,1.192053
4.32433,0.76516724
0.0,10.56723
38.0233,76.65645
0.00636721,5.4030046
96.5523,91.14013
0.0436079,4.901492
10.3538,10.056869
0.0,2.9866436
6.09922,6.16451
8.79761,5.7819667
7.92071,10.028283
0.0,6.800026
39.5927,35.633026
35.0216,35.485817
34.0408,33.32722
0.0,3.8911266
0.0,6.085847
0.0,7.1569166
447.617,394.29303
0.0,5.381981
0.0,5.3936834
0.044806,3.0083196
0.0,3.820518
21.3561,24.19364
0.485706,4.669766
5.24507,5.7349796
44.3922,48.49863
0.0,6.7949314
0.0,6.166749
0.0,3.9362326
0.460481,7.215064
4.23913,3.547116
36.8233,38.74638
0.0,212.1484
0.0,3.8380928
1.51571,2.1297064
0.0,2.3759553
0.0238568,6.2603216
181.385,37.095413
1.32434,39.618145
4.74985,6.0506196
0.0,2.3072906
23.8569,31.606152
0.00483917,3.7207265
21.4343,16.251266
0.0546254,3.7007017
0.0,8.676216
29.0844,56.2349
0.0,3.733851
0.00956374,4.3081093
0.0571442,3.9867666
0.0183687,5.698806
0.741945,6.0645504
0.0,0.32844448
0.130615,2.0627053
68.7,61.839516
0.195383,8.748861
15.1536,13.025498
8.60295,12.035895
0.0,1.4493682
23.569,25.888239
13.1307,22.998375
4.4869,8.611853
0.0,5.635175
0.949353,4.248864
28.9819,10.902528
12.1408,22.790144
0.0,2.9337265
0.0,0.58787763
11.6433,4.1007986
0.0,2.3887074
28.1376,24.304018
0.0,5.4633994
12.3308,3.8766463
0.033962,3.640047
86.3551,79.78516
1.08083,4.1889405
21.9927,20.131037
0.0,3.4397576
13.509,9.372999
84.5029,90.59683
0.143577,7.946064
9.4149,5.8130035
35.7528,80.80337
30.5792,48.031418
0.759499,-0.01731801
0.0,4.201276
37.4698,39.095085
0.0,5.175619
0.836202,8.646994
0.120152,3.599998
20.3765,7.475938
5.02841,5.5068607
24.6134,21.002415
42.1167,41.88549
0.67797,5.681779
15.7273,14.189218
18.2965,19.988388
0.00954067,2.9462547
14.8348,14.105583
37.4675,17.849754
131.913,58.63077
0.051393,7.991967
10.2716,12.533138
33.0915,32.418316
0.0404362,2.567952
3.40454,2.3010905
0.0,2.713556
2.88749,3.993248
27.7354,26.247915
39.6085,20.832159
0.0,4.642166
20.1295,15.880716
12.4457,32.339653
4.87841,8.721249
0.0,1.8985608
0.0,3.951621
0.0,3.7771463
13.9068,10.32686
0.372758,3.10215
10.0562,9.606707
1.32179,6.8072844
0.0,4.836826
33.3841,25.361668
0.0,4.612487
6.7555,3.7785468
0.169721,6.5429068
0.0744665,2.8007226
32.6081,31.086678
31.6605,27.107904
0.150147,34.425945
156.177,43.553967
3.93496,2.180477
148.624,191.99442
0.0,5.221298
3.1273,3.5270042
0.0,2.7238648
1672.53,1090.3574
17.6518,22.822594
0.620218,4.0075855
0.0465422,3.1533198
8.57879,9.109793
0.5899,3.7736635
0.0,2.0566242
0.0,4.952752
0.0,4.2477818
0.0,4.0579557
3.00101,15.272421
0.126085,6.524621
0.0,4.7599154
0.0,8.481636
7.88268,9.421505
0.0,3.3531866
7.28997,8.595313
0.0,5.4803586
0.00734836,1.504008
0.0,1.4357109
0.0,2.4132411
0.0,5.046838
0.297655,4.614484
0.258797,50.117283
3.67047,8.444541
9.8235,5.870846
22.0206,16.614742
0.0,4.9395685
0.0,2.252773
9.31878,7.6623383
38.704,34.65841
38.0233,6.219946
6.18238,1.6619041
5.26362,3.5346122
12.3578,11.514841
46.7275,33.077286
0.0,4.3740864
8.87697,18.850506
12.649,10.641276
0.0,5.295322
0.0,3.6675205
0.0,5.6139956
22.2086,22.927
1.16659,17.905432
26.1381,26.19359
0.183057,3.5858915
12.7551,13.415885
31.5991,45.134598
3.37369,7.0773487
323.72,5.119052
0.051393,4.825737
0.0,4.6579914
0.0,3.8028157
0.115845,5.6739197
1.67315,7.4255476
0.0776316,5.069426
9.45517,11.108701
0.380248,1.6797479
9.13831,8.974607
0.347341,7.116068
7.15171,9.960909
24.6134,30.220434
86.3551,100.441505
4.83942,6.294184
0.0116914,5.897009
3.12215,4.3912168
12.4875,9.610998
8.56412,5.780534
0.105578,5.6699805
77.3469,60.3239
6.96426,7.021798
0.0,5.1385775
5.34906,2.8221354
0.0,7.803402
0.0,5.3499703
0.0,4.790804
28.1376,34.351917
0.0,3.209436
21.6382,8.427159
15.9549,13.845934
28.3842,37.521317
0.0,3.8663526
0.0,2.836467
0.0,8.626677
6.54572,7.990856
0.0,8.107805
0.0271757,4.5315733
6.41804,39.554913
0.0,3.0744793
18.4205,16.185537
0.0,4.765006
43.2699,45.86652
38.9799,18.8735
25.8435,12.345215
3.00013,6.005927
0.525407,3.4003608
20.8073,18.916096
0.378151,4.1468296
131.913,56.460144
0.496241,3.3849096
13.3234,18.397654
35.6083,33.236935
0.0,2.892654
4.37563,10.39153
24.8367,34.922035
0.373263,3.106371
23.5057,17.294579
0.0,16.31501
14.5686,12.068266
1.08019,5.772916
0.0779642,3.4840605
5.1564,2.888496
0.0,5.8869042
5.46058,9.0033655
0.0,6.469495
0.0274204,2.59297
17.3394,13.290588
0.503129,3.2539926
0.0324436,6.036433
0.0,5.1327376
0.0,2.9875412
0.0,3.5892286
0.0,5.4979496
31.2435,20.423029
26.1965,33.68482
1.16659,20.435183
0.0,3.10921
0.569794,5.023711
25.6865,15.191853
64.8804,30.097954
2.738,3.908459
2.6129,6.649167
0.0,4.6826057
0.0663706,0.86120355
77.0053,64.75124
0.0,5.4446793
20.2579,21.510183
6.32027,8.7305765
1.18923,5.7141867
0.0,3.8041685
15.7728,28.493736
0.0,6.3769274
0.0216206,0.50575364
7.81582,8.694496
0.0,3.6810694
21.7269,21.674484
43.6408,16.377295
29.5061,28.288622
0.0722183,4.8728766
6.03438,7.3790274
8.36754,4.363041
1.53763,4.156686
19.5575,11.713693
0.0,5.9397187
40.1683,19.100142
0.0,4.8561773
20.3765,3.496585
7.18879,7.8349485
6.58066,7.90664
3.42946,5.405196
0.0225525,1.950207
0.0,17.551905
45.2152,39.301384
0.0,5.420846
12.3122,19.773947
0.0,3.081068
36.2545,42.251606
0.0541491,3.938614
6.97007,7.807785
4.85934,5.6153173
16.1526,7.978546
0.0,2.8158202
11.104,8.658142
0.0,3.8769202
9.17521,17.675186
0.0988916,3.6593456
0.0065704,6.0428686
68.9289,61.144375
0.0,2.8408062
4.29872,7.0304213
0.0,4.460297
0.0,5.601474
0.0,8.873959
0.66808,3.8014627
0.0,7.1811895
5.72192,7.771693
8.38179,-2.40284
0.126526,10.4375725
8.94272,8.710956
4.61178,5.911065
0.0327177,3.3705025
0.308398,5.4106636
15.2473,18.579195
0.0,2.8874483
0.0151398,9.137749
36.7901,34.60104
0.148432,-0.8700423
0.0629288,5.0382237
4.50339,4.122057
11.2224,20.43987
0.0,2.649633
0.0234931,7.8077803
7.32787,12.053565
0.0,8.728241
11.1868,5.8758574
1.09633,7.661134
0.388057,5.8423233
24.9532,28.780834
0.0,4.96347
0.0,3.2780852
0.0,-0.087765455
0.365548,3.7754219
17.8964,17.245861
19.3857,64.32554
0.0,3.336891
3.5073,5.719643
0.0,7.009943
1.61219,7.321459
7.4921,12.204076
237.319,244.69182
16.3773,5.4006996
0.0,5.365615
8.82057,13.678424
30.306,23.43738
10.4987,9.883484
19.0907,8.289228
0.0,7.0181303
63.3801,46.056797
795.558,984.5416
69.2168,8.834436
0.728755,5.39228
7.62724,14.198473
0.0336373,2.6320622
0.0,7.950638
86.786,108.74575
1.00624,3.862797
7.13458,4.0506563
0.0,-2.2912333
0.0,12.09136
0.0,1.9160775
0.0,3.1907995
44.0526,61.48568
0.0315372,9.30597
0.0,1.0563593
0.0,3.289085
11.8606,13.06957
25.5172,12.849393
0.0,4.864973
9.27328,9.360439
7.70336,2071.6375
0.173933,3.3762064
86.9453,105.095604
4.00783,7.8693895
6.89367,10.799782
3.5795,7.3313456
19.9297,13.325828
0.0,6.1322165
0.0,4.001574
5.78663,4.2907033
39.5829,29.682474
0.0236888,4.6221437
3.7689,9.37108
95.38,72.11995
0.192025,5.6606216
72.8,103.44452
0.0,4.473118
0.0,7.4308176
0.143577,3.2108784
0.0,4.8209677
0.0632911,11.119546
0.0164124,4.0666456
0.0294072,3.1128078
0.0,4.0066648
69.8357,68.94729
10.2115,15.4857025
13.6045,5.389759
8.46153,5.568058
9.13074,17.629036
10.6701,13.163942
0.0,4.370153
1180.83,510.43365
0.051393,9.478154
1.00168,2.476669
8.46153,5.3733215
89.6832,102.570404
0.0,5.983667
4.22201,6.8749743
0.0,2.9777892
0.0,0.4983648
23.6752,12.632549
0.0329041,5.324501
0.0,6.4785585
0.0,0.99117696
21.9927,21.588686
82.7146,37.761936
9.59899,5.8347445
19.4241,12.180615
4.63852,6.062951
6.84802,3.586942
0.0,5.073568
7.52572,9.059975
18.5823,7.9729033
0.0,4.0375752
0.0175519,3.3610203
12.0457,9.988095
2.93695,5.904811
9.56032,5.428595
1.83083,-7.163229
25.6866,12.472585
0.0734686,4.048004
2.56689,6.282191
0.106799,4.4674873
2.52507,10.21265
0.289861,3.440125
5.73124,5.691577
0.143909,7.6772575
1.14478,7.734105
11.7324,10.866879
7.13458,4.3773956
0.0,4.3008475
0.0758396,7.056835
0.0,1.6680169
22.9302,15.972812
0.0621603,3.4596248
0.0385393,4.7134438
0.020618,1.0611066
21.7269,18.045362
8.64048,9.246699
4.252,6.049405
21.3561,18.29581
0.345062,2.1626103
9.07694,5.271063
0.0,3.2142153
11.4008,8.957354
22.7661,24.6762
0.0,2.8042855
93.6125,116.6417
0.0180594,3.7880583
3.33636,4.7888823
0.221002,3.586633
0.147898,4.2697525
5.39411,10.815201
0.0323348,4.680463
0.0243009,15.607009
0.0,2.2152722
0.0,5.7911606
1.7335,3.1509242
24.8424,16.400135
4.88149,5.539391
0.0394029,4.314533
0.0,3.6491003
23.7218,38.19723
0.180222,0.65682733
0.0,3.826137
4.27029,6.3721566
16.4925,11.275583
0.0,4.297219
49.2648,26.896845
51.9888,44.516373
6.34741,10.964523
0.454176,5.424788
0.232937,3.8792064
7.5882,9.427114
23.5057,23.3227
11.9164,6.123247
8.49454,5.022256
10.5121,5.6630363
0.0,3.530604
0.0405724,6.3115473
23.3703,24.71016
7.13458,5.160722
0.00596473,3.8397765
14.8363,14.294635
29.1174,28.55514
8.26712,4.7714853
0.620975,4.130362
0.0,4.576494
4.42223,4.675853
11.89,15.908384
0.141702,2.299806
12.3409,9.718946
0.0886052,7.4072094
29.5061,26.309206
0.0,3.871067
0.0506413,5.6647215
0.100878,4.126771
0.059642,5.0571327
0.0,7.0791807
0.0194222,5.9491816
9.4149,8.091762
0.0683978,24.313854
0.0,5.720063
1.34353,3.4089913
0.0,4.337553
19.3857,30.548965
30.6646,18.296064
0.00596473,4.764921
0.152698,3.3104513
0.0,5.251438
11.7377,7.217705
15.0677,12.697408
2.56798,6.944251
0.0,2.8196568
12.5438,9.122955
0.0146036,3.670256
0.0,6.2887826
0.0,3.2913074
31.889,23.909494
321.405,323.7514
13.3034,19.300549
0.0,9.454689
38.4211,39.59187
0.0,0.8560121
0.465156,4.4566793
100.839,43.89447
0.17867,3.440578
14.6294,2.7434957
31.8932,23.384964
5.78663,4.3347936
23.6853,7.237979
40.1683,10.4319105
0.0,3.971224
7.87055,9.442354
0.280835,3.817664
0.0,5.5205946
2.56689,5.310461
24.5026,39.05087
0.0,3.6773653
5.34971,5.728342
0.0,10.473795
0.0,5.7640495
0.735041,3.9313488
12.6854,16.17081
23.6318,20.132038
0.0262574,3.6798458
1.96582,18.904123
8.00468,19.433594
0.17867,4.1971397
21.0736,17.718845
0.0,6.3088512
0.0,3.5329113
0.0385472,3.5694857
32.6081,35.513874
0.0,5.771087
16.7768,4.469965
0.0,4.027739
2.47586,3.1054244
0.0317711,2.6773355
12.3578,16.380539
1.83466,8.686313
7.38977,5.8179092
11.948,21.586266
3.35923,4.039094
25.5172,22.215788
11.2349,13.113915
10.2067,24.067345
16.4165,9.986443
0.220675,2.369534
3.4621,11.495732
2.49685,131.62616
0.450843,3.5949059
3.4258,6.5391474
37.053,28.589264
9.34879,6.4015865
2.47472,9.914826
17.6053,13.603022
0.0317711,3.0067096
0.0,3.5551467
0.0,5.043519
5.72758,6.094124
0.0,-0.6938143
26.0635,16.206337
0.0541491,3.3070393
13.1239,11.657831
18.5812,10.537428
0.0305259,4.282423
13.3341,13.3177395
3.08732,2.6357892
5.8476,5.8309555
0.00808029,2.6164346
0.0220776,5.574909
10.3455,16.652494
0.054314,4.666789
57.9345,55.71849
0.0324436,4.7156496
0.0995542,1.5667086
16.643,6.2256937
5.75467,5.6685266
27.7688,37.2643
22.4624,49.34951
7.16027,6.175292
0.0,5.962917
0.493416,6.744733
6.30168,6.3119607
8.94576,8.960476
0.00938709,6.505864
0.0,0.957435
0.0647448,3.6341486
0.0,1.4407248
6.33957,6.9780226
0.198607,7.1403027
0.068489,6.925582
0.0,5.903977
7.25476,6.854473
0.0,-4.5463123
5.95757,7.7099047
0.75264,2.0433998
105.491,109.208405
0.0,4.32117
0.0,2.7529778
8.56465,16.288963
394.63,318.31317
0.0,5.831802
19.0873,14.024538
0.0,3.4249842
10.4902,6.073183
0.0,3.652893
0.0558077,4.9681053
0.530209,2.8039722
25.6265,17.485455
0.500156,2.0510607
3.62445,3.1333492
248.46,166.0122
15.2454,13.451678
0.0423201,4.00646
0.110194,6.401561
0.0,4.353193
19.0535,9.893418
5.0811,5.368985
0.0293579,4.3259106
0.0,12.352822
16.0206,8.215339
0.0,7.147332
0.299788,5.0575657
0.921524,3.0472434
0.0,-2.2398894
20.3765,7.6675396
0.0338607,4.670404
0.205377,5.0855293
0.0,6.5573606
31.863,38.651657
0.0,2.5497088
0.0,3.5391936
0.645114,5.052722
0.0,3.0697913
0.0161076,5.9950933
18.8462,25.434507
2.64652,5.405448
0.0,9.525174
0.0,7.014859
0.0541491,5.7251167
23.8569,37.4087
10.2172,5.806719
0.0261254,5.048523
2.12696,5.1987944
64.9969,28.076017
0.0198227,0.9993783
33.4795,27.754103
20.7279,20.666021
3.60053,4.5591497
3.71846,6.876766
0.108348,3.9234867
0.0629534,6.2902575
2.64048,5.8182173
0.0,6.0904875
0.00610409,2.8386486
140.312,105.10365
0.0247866,3.505739
21.4206,20.47349
0.0,-0.15347886
5.5321,4.5823455
0.174824,4.2808557
4.545,1.9402664
8.74772,9.195201
3.8445,1.2524568
177.36,138.64583
54.8596,69.95171
12.3842,6.0327888
5.16818,7.251808
2.36522,4.057673
0.0,7.4740953
0.0,2.7139013
2.10857,6.533058
77.2059,26.87412
4.60054,16.1052
17.47,9.067233
0.0,3.0301092
11.9358,7.9942265
1.55598,4.0088687
0.178675,16.482454
0.0116914,1.2751851
7.96072,5.861959
0.205377,2.1230977
0.0,1.5444396
11.5061,15.218339
0.38333,17.079615
25.2712,19.049463
0.0,4.2938356
3.3563,7.9413958
0.645388,4.935945
0.0734416,2.8373709
191.374,195.21846
0.00808029,1.7761964
0.430817,3.5988965
6.84802,5.5988483
9.24237,6.5567408
0.424285,4.887124
0.0,5.5835476
8.54713,5.9127264
0.0,3.3794403
19.2125,10.042605
0.24197,4.7234955
0.0,6.611656
0.542442,7.775976
27.4574,30.851494
0.128932,6.0527687
1.45705,6.953802
0.0,8.178255
0.0,3.8430505
53.9315,53.92883
3.12215,3.6201515
18.0396,34.367702
0.0701119,5.041198
12.3957,44.00563
15.5967,7.897602
27.2787,15.2569895
7.72727,4.730446
0.0,6.7439003
21.3134,5.5994735
2.85747,3.641364
0.3643,8.9174795
0.993603,3.3019361
27.528,35.058517
0.0,9.060219
12.8642,17.437895
1.14149,4.67902
31.6466,38.520958
27.9481,25.380692
0.0104508,3.6375961
5.39411,13.93017
3.23535,3.0289526
0.0,7.1413527
0.106015,2.2865994
3.12215,2.7901566
3.84675,3.0307713
0.0236764,5.3479166
10.9234,15.84452
0.0,5.0931053
3.34978,6.659935
21.3463,30.007614
0.0,4.271992
0.0,8.239124
9.21721,21.27821
0.0,4.9551706
0.0,8.4060335
0.0,5.470002
0.0,6.4329205
9.35985,14.491127
6.76852,16.4169
0.0,5.0509644
12.6111,9.987945
8.78232,3.6312497
22.0206,23.812029
31.889,24.569418
0.0,94.92028
1.3246,3.957553
127.128,84.626
10.2172,5.45662
0.0,3.8115263
18.2872,8.752499
0.536926,3.2149472
0.0,24.551277
18.374,23.118458
0.0,4.988018
21.3463,22.853714
13.3267,9.112241
1.53771,3.281224
1.55502,5.1384425
34.1317,16.676575
0.938493,6.287447
4.252,4.0191183
0.139843,3.3911495
16.5723,5.605008
13.1413,15.513242
11.3667,18.953169
0.0436978,4.647743
10.5708,9.505871
0.0,2.5954337
0.0,7.75436
1.61219,4.9216914
0.0951838,3.5222294
0.0137091,2.7779562
19.1256,15.155187
0.0,9.37834
1.12193,3.7230263
0.427061,4.2076674
0.0,5.9736333
11.8409,19.648973
0.0,6.5677385
0.0246383,5.150772
0.0830095,3.3462265
20.4143,21.945398
0.0265841,5.609702
22.9447,2.8477173
0.0,4.2784734
0.0,3.561536
0.183023,1.0591277
22.0206,17.601212
28.1376,34.76028
0.0,3.3944726
0.383809,4.93676
1.16659,14.3835125
68.9289,43.636208
0.0657912,2.6023319
0.162494,4.6638017
23.1255,22.138166
5.29286,1.4677017
0.0,4.119757
0.0,3.0749567
0.0,4.667283
0.249562,2.8381448
0.0317711,2.8205707
0.835289,13.94104
3.92333,7.794965
0.205377,0.98996556
1.14478,3.206703
3.02521,0.991861
0.0,9.189734
6.38249,7.2945967
3.99544,11.028608
0.0,3.317703
0.0,2.7384517
0.0652121,6.1179037
4.85574,6.842966
0.0,4.855749
0.0,4.3304625
1.41397,3.9958496
0.0129563,3.2041302
7.44047,5.7575874
0.0589175,5.1779184
3.02521,5.269965
86.6865,34.98156
35.7241,68.24361
6.32027,4.858468
31.6605,40.153015
0.0318162,6.070341
0.0349215,3.7550292
0.0,3.3450866
122.832,267.15475
37.2924,42.87475
46.9646,37.48975
7.75693,7.9411345
0.0,9.427736
220.719,227.09972
17.5639,27.456398
0.0,15.584136
9.33881,7.9328175
12.0386,7.8471937
3.02328,5.9034395
74.0911,18.780201
13.6658,7.759223
0.0,6.1407623
7.84176,7.5946407
0.31996,2.2693787
24.4512,15.399573
0.624512,7.8866577
0.0,6.659359
15.3241,8.672662
8.71518,10.899727
53.2671,31.720825
12.3957,52.777786
1840.94,312.31793
4.74985,6.505183
0.0,8.974059
23.4552,22.349136
21.1571,13.252787
47.3513,15.086633
12.3155,20.094019
0.0,6.564105
0.0,0.5614083
7.18879,4.9823713
4.49253,4.5005445
0.0,5.802203
7.60944,16.52986
0.233384,499.67688
22.2885,20.960382
0.0,5.9082675
5.53442,7.0071974
4.18717,4.9507227
0.00844904,2.5388448
0.170752,4.950963
8.60684,6.477688
8.21892,13.676448
0.0,5.810912
0.0929124,4.0714636
0.31487,3.640738
0.095025,2.1720967
0.0,6.053084
65.7132,105.94979
23.0829,16.185816
18.374,14.438915
0.0,4.656866
0.0,7.899872
5.2016,11.929748
12.7752,11.216139
0.29436,3.303998
7.88268,3.8145437
0.0,6.8886185
17.5005,20.394917
0.0,1.5529345
0.0607464,5.9472284
0.0179047,3.055557
0.0,6.778245
0.130971,7.868498
5.60448,11.069518
3.71542,4.880321
22.0206,35.447525
2.71723,4.6882715
28.1376,37.220238
5.03214,4.9415145
1.16659,8.372474
0.900948,274.97183
9.20186,16.479095
23.569,28.40001
32.3262,18.099213
0.0227304,1.8959074
11.5564,10.691148
1.17065,4.1054897
45.9377,33.48212
68.1974,41.558647
0.0227304,2.380963
0.0,3.527214
26.3449,29.754187
0.0,21.631096
21.9546,14.34598
1.44816,4.312599
0.0,5.8799896
0.0,8.534098
51.3971,38.2453
9.20186,17.09986
41.4786,37.731804
4.28886,3.6513038
0.0621113,13.000933
0.549255,7.3946056
0.0,4.1859813
0.0,5.2431765
0.0,4.1165195
3.93496,3.986918
0.681877,4.919422
0.0,4.5595856
197.497,56.95343
0.0,5.9048185
0.0,5.0095944
0.0,-0.095083
0.0,2.552362
0.0,7.830944
6.17769,6.5752964
0.275841,5.1261053
46.6077,22.269556
5.59568,61.393494
0.314698,7.9546003
0.0,5.4127054
31.889,22.178875
76.8716,76.86561
0.836064,5.772025
8.44341,5.0107756
0.533421,4.471919
14.0855,8.788699
0.0,3.2079244
0.201074,0.39561272
5.7861,10.71795
0.0,5.8034024
0.0,4.716906
0.12809,3.5723257
0.051393,6.644025
0.0510638,8.999913
26.0248,14.137175
18.4529,4.591104
0.170468,-0.3119955
0.530209,2.7833152
526.834,411.17807
0.0,3.5318503
32.8059,18.096819
0.0,5.2821293
9.85834,9.758153
0.0,6.020658
5.06259,2.819699
0.493416,4.745402
12.5134,11.113799
0.0933876,3.4122794
9.43502,2.9032047
0.0,10.947883
0.0,4.4865584
0.0,5.373099
23.2438,20.723732
0.0,8.105788
185.622,6.1762886
10.0159,8.49204
0.02025,7.567872
0.0,7.452814
11.3911,4.0223126
7.77056,4.494192
0.108644,5.163168
2.39605,3.5220175
0.149583,5.5311494
0.0,4.0414476
0.0,2.740149
5.64967,3.477922
0.0,3.7167475
2.05754,7.077979
20.1688,52.7715
20.9098,14.089273
1.94104,2.244474
0.0789607,5.1992416
0.232779,4.246727
19.8674,15.089883
79.1213,47.822227
23.5057,25.801767
2.66118,1.710649
0.0698696,3.900999
4.1897,4.8895116
0.0,4.801766
1.04575,10.853593
2.27551,5.060849
0.140811,2.943315
10.5201,22.774004
0.0394029,4.520403
4.70951,4.4922924
0.0322283,1.7105461
0.5899,3.707128
7.7056,10.126582
16.0687,10.8217945
0.0,4.028207
35.7528,36.06358
0.0,5.96362
28.5578,22.805964
0.0680069,3.3111904
0.0,2.077084
0.0,4.8799005
0.0,8.768662
0.0,7.219819
0.0,4.530366
16.4978,17.411564
0.0,4.1351757
1.61219,5.6847935
0.0,2.8726323
0.0,5.0660486
0.123055,5.9005857
0.0,4.937989
0.0,3.0035381
0.0183687,2.7237926
26.1965,27.631842
0.0,3.8738577
5.80388,5.8533597
0.0,4.0638933
11.6114,10.330008
0.0,4.05448
8.51378,8.054537
2.95585,7.6857004
0.0,6.3397007
0.0,3.9807034
11.5564,12.278781
2.27551,3.2469351
0.0581409,4.7448587
16.643,3.395308
0.58586,5.0938883
0.0,7.001605
94.7963,98.099075
8.30447,3.872705
18.7444,29.79556
0.0372422,2.7265801
0.118128,4.752429
0.0,1.2423726
0.107545,7.3701696
10.5992,10.600595
111.378,65.73782
0.0,2.495912
0.0,3.6749833
1.37359,17.10232
0.0,5.3993187
19.4241,15.203472
13.2992,12.7196665
2.73993,3.219428
32.5781,32.736126
0.0257964,2.7617865
0.0477546,7.311529
0.0,3.0270824
0.943136,3.2149754
2.59898,4.963205
17.9272,20.770777
0.0248524,3.7132633
0.58586,4.4531403
3.97178,5.9606676
0.0701119,6.6086645
0.0103384,4.707598
2.50742,2.931122
0.0,0.09595895
0.0,3.705931
32.727,47.687454
9.84674,9.71521
999.037,1052.3999
44.1328,40.5733
0.0,3.2643526
3.80485,2.5286403
0.0228675,3.5232139
15.5686,15.219773
12.2701,10.105306
0.0351588,4.488465
22.0206,25.27915
9.34477,13.772689
5.1564,7.6005936
0.0254483,4.630177
0.0,3.9152663
11.0758,9.770289
46.6668,43.488937
0.0,20.159523
6.41431,4.831585
2.17836,3.3298628
0.0,4.015007
0.0,3.301662
0.0882927,0.7543596
10.7948,20.571665
0.0,2.9409597
0.0,8.760981
2.36271,9.13145
0.144133,4.50205
3.72617,5.1293483
0.194229,5.297977
18.5412,9.067754
0.0210097,-0.6176646
0.661888,21.199928
0.0734416,3.2593455
0.579666,12.145798
0.0399717,4.347374
26.1965,34.60695
19.084,29.730331
0.0,4.5671067
2.6963,0.095062256
0.0,3.9423313
0.556268,16.171267
0.0,2.6118197
34.8418,26.444323
12.6916,10.54227
0.0,6.124992
13.0285,5.6985207
3.84032,3.416582
3.82475,4.245813
1.16659,14.754756
0.0423742,12.075382
30.6925,22.549269
0.096906,2.7096915
1.13347,3.556943
0.0,3.2596545
31.6466,32.804516
0.0880575,0.76631105
0.0,7.691025
11.8624,12.423629
19.0755,37.963585
47.4526,9.969036
0.0,1.171257
0.143577,6.571636
16.2904,15.306429
0.0,3.923715
4.03571,7.577695
0.885176,17.591606
228.807,176.19093
1.93666,3.2004833
0.0109718,2.59927
22.2012,21.99863
0.0,1.8379667
5.78663,4.5718646
14.2265,30.334866
0.193627,3.719006
19.7847,12.089367
3.82681,3.2775574
0.0,6.306454
4.91671,7.1731453
13.8882,11.439955
49.3187,56.955055
0.0,2.7668493
0.0309948,6.5434017
1.58275,2.4388616
0.678013,5.4274473
0.0105662,1.6695008
9.45517,12.839968
75.9912,55.901222
0.322745,5.6903543
6.96378,4.9127836
1.03622,6.0166426
72.7336,5.326518
2.15402,3.937849
1.54364,3.3521895
41.4786,30.323826
17.4135,15.978398
11.6114,5.5409474
7.03976,0.47770917
0.0,5.491728
51.1107,83.04859
0.132043,4.5504966
0.0,1.541625
0.0,4.019409
0.19158,5.972473
16.4012,9.322163
100.123,60.9396
0.41738,3.8652577
1.48847,5.6287193
0.0,9.088147
45.9377,31.61561
206.269,299.84775
1.19568,7.239564
7.14585,6.1651154
8.67667,10.369994
17.0624,14.621389
16.6565,9.380156
0.808567,3.8042383
17.5005,9.622257
0.0,4.9749727
0.0,10.015785
0.0,2.115603
0.249562,3.238044
23.9091,20.709698
0.277669,0.8209641
115.716,45.862953
7.14585,5.4420595
51.9129,50.513603
0.02025,2.3636224
0.0,6.4851646
154.968,194.04826
20.1295,41.467026
5.61638,10.563526
7.14585,6.577367
0.0,0.8296238
0.0327247,8.74773
0.0526354,6.0847406
8.17572,7.2793217
0.258797,55.425396
0.0,5.7487984
0.224466,2.9138434
11.4053,23.087242
4.70495,7.1408777
0.0,5.4901724
8.15758,6.4344616
2.87811,2.9825394
0.172966,5.866087
0.334225,8.032508
32.6551,14.337485
39.527,10.183524
0.0,6.6232777
0.130635,4.1539793
49.2648,30.37329
2.74808,3.7707489
0.0780901,14.150194
0.139822,4.86228
0.0,4.05176
0.0699702,14.210224
0.0218479,4.691415
15.9952,15.447536
0.0,8.391471
2.98271,3.6255796
12.5479,21.02276
14.3642,11.42194
29.8626,38.11862
0.0,5.559227
0.0,4.2338862
0.301423,3.404931
5.19545,10.516528
12.3357,8.891074
28.6632,4.920638
9.87826,5.9598207
50.4777,41.68594
6.58449,4.8015165
9.22554,11.744402
0.0730475,1.8604864
0.0337176,4.0782013
75.4016,49.100147
111.033,92.66846
14.0341,9.701752
4.252,5.89713
21.4206,14.520807
22.4628,5.1393037
12.6915,16.271795
0.0,4.81881
0.0,3.882061
0.0,4.8070374
0.0,3.2962346
0.0,4.143782
0.0169503,6.22966
0.293554,2.117533
0.027453,4.273776
0.0,6.121988
0.271741,14.638467
0.0173308,10.101418
23.5602,21.961123
0.027453,2.7120368
11.2068,6.8960114
5.07773,6.0994062
0.0,5.2247386
32.2663,45.836388
0.294002,7.3435287
2.22106,-2.4077294
0.0392447,4.314804
17.5059,19.670008
9.47653,5.470086
4.42223,3.764096
0.0,3.4037719
0.0396249,3.240409
9.4149,11.997247
2.49862,6.8821917
19.3196,18.090952
8.87697,2.4276686
0.0,5.400283
6.17503,6.1742496
4.15016,5.5516024
0.154661,10.447062
0.0,6.713646
32.0812,41.16451
0.0,3.7591796
0.0,7.2461033
0.0,12.936507
13.1755,10.243212
9.4149,5.8103056
0.216134,6.543809
0.0,-1.1184366
13.2836,15.16868
0.0416894,0.093438625
12.4058,9.406653
0.0190519,7.599328
0.731623,6.648613
7.25476,9.888772
0.0,4.959793
0.0,4.7800407
16.5429,14.337101
0.271501,6.5586653
0.365548,3.2105238
45.2152,19.561596
1574.38,704.6688
0.339197,4.1474667
18.5812,9.614289
8.88717,13.420897
0.0261254,2.3402104
34.6966,27.163366
36.5915,56.95782
0.0471666,8.556824
2.36271,7.357155
92.574,48.75714
1.68959,2.9154847
0.0,4.68501
0.0349215,16.160412
4.03266,6.9061527
12.3842,5.4302053
13.2664,31.919397
0.0,4.4462214
24.1123,2.8540194
19.6644,4.4544854
23.0829,7.188834
0.0,14.646605
10.8169,4.479908
0.0,5.583889
5.60448,7.2854567
0.0393917,-0.5553856
11.3911,11.479693
388.687,481.03336
1.02096,3.5324485
6.82818,10.953509
0.0,3.7006593
21.3463,10.451822
0.0,7.28572
0.0272456,3.8065176
31.0696,26.699694
0.0610322,5.00989
0.0489275,53.40371
0.0,3.7522657
13.9629,12.480021
11.7739,8.656399
5.16322,8.278153
0.504179,1.6992729
110.913,167.28436
0.0,4.1634483
1.04923,8.306024
5.78663,3.609291
0.0,2.3465612
0.0351793,4.7389
16.5368,26.01048
28.1376,18.801645
0.0851855,8.031265
0.0,-2.6234543
0.0,5.168434
57.9345,56.17222
31.889,29.07727
5.83225,8.440896
5.80388,10.522551
0.0,-0.06488776
2.0112,65.33415
0.162101,3.1878467
0.66808,6.55342
0.0,3.2663403
0.0,4.1202183
6.32035,4.360551
0.0118706,7.7297115
182.039,62.488895
3.45172,7.821472
3.8263,9.100484
0.0562069,3.2176232
6.3446,8.718877
0.294262,3.9221845
2.18458,3.2367735
0.0,2.962954
12.3578,12.818607
0.115911,2.7963095
10.3601,10.774851
0.0,2.9538875
0.0,5.1161757
0.0,8.381855
0.51474,4.664856
14.0008,15.375229
23.8673,17.420925
1.14478,6.430726
2.05833,2.9911776
130.825,107.0023
0.0175519,6.474085
0.0,4.5380564
4.52996,8.164972
0.0,8.032484
10.5869,19.608932
0.0,3.9923434
0.0,2.9287696
0.0,3.6902847
0.0,3.8078198
18.7444,23.02204
5.39411,5.924939
1.26754,7.953127
0.0,7.461566
0.0460123,2.2930424
0.0,5.8558226
0.0,3.6958704
0.0,6.9368286
4.21751,6.7367764
0.368738,4.1159916
0.0293218,5.1249933
47.7532,42.406822
0.0,9.246829
0.118235,3.9906957
3.51106,6.0834007
31.889,32.697727
65.7132,64.904945
28.0353,5.5041237
23.569,14.065709
0.0,1.5066093
0.0303929,1.5905498
0.0,5.9722247
20.7484,11.800678
10.2343,8.741822
0.0,4.286555
13.2442,5.828162
6.49558,4.552372
11.5061,15.965018
28.7081,21.87096
3.62445,4.499174
17.542,6.959566
0.0,5.1794596
3.52096,2.9983587
0.178675,14.307964
0.0,3.8480573
1.00624,1.0294651
12.6111,7.3489323
0.834837,6.6745863
0.0,10.130666
3.17315,11.023817
0.0,8.567297
5.78663,7.6238832
26.5551,27.591211
0.0352451,4.025796
33.0979,31.828821
12.3155,9.990864
14.9468,4.9394984
5.1564,2.9235845
0.42481,4.1144533
1.45222,4.9655037
2.83478,5.9513583
0.0,-3.4107702
0.0,3.3643215
31.889,36.11788
0.0,3.234325
9.93428,4.3503094
1.24093,4.639715
15.1905,17.711555
78.8296,40.586082
31.889,33.97567
25.4392,36.66478
0.350339,4.1341586
0.0274204,6.99082
12.3842,8.866477
13.8431,9.362508
4.545,3.1833034
0.0,3.442762
11.5871,12.34753
0.271209,5.5324087
0.0,4.6332903
63.3801,51.04383
0.836202,11.798086
18.836,15.640415
0.0,11.162104
3.80485,3.594199
0.0473925,2.9023008
0.0,3.1952348
2.91784,4.1790795
169.204,133.04027
0.0,12.123453
0.0339982,3.2040267
5.25782,8.602219
0.0257749,3.9435797
0.0107023,6.5752344
0.0,3.6931696
1.52986,2.6339002
0.0,3.8970654
0.0,3.6272907
31.889,21.49103
8.7493,4.138254
0.0105311,2.755295
3.88411,20.86481
115.716,82.30778
7.60034,6.8985453
0.0,1.0645248
14.4787,24.688217
0.0,-0.046522617
9.09213,9.960676
0.0,2.423955
0.0677474,5.894954
2.15904,9.613214
0.0711397,4.622797
0.0424016,1.8440137
4.71181,3.3799973
43.5617,32.84661
0.0647959,8.304896
0.0,5.297839
0.540857,6.2363505
0.0377064,2.9173012
15.6481,12.683332
11.0852,12.861976
0.16686,3.079451
0.0413947,2.3188741
0.0,2.3213654
0.0427537,5.321556
7.56531,6.1574616
7.71846,7.747134
0.051393,5.664689
0.0,5.3864083
0.0,1.1017042
0.0,0.4958552
26.0635,9.517721
0.051393,5.3780155
0.0,4.7123656
0.0,4.6729984
1180.83,775.2524
5.64967,7.508733
0.690993,9.26207
0.0218374,0.79518604
0.431208,15.070537
0.0,7.280608
9.97059,12.065809
4.85685,12.894218
0.0,5.460951
6.58302,3.1330225
0.0466771,4.043703
25.0313,14.690721
2.47586,2.2115695
38.9799,31.59611
2.87896,7.040826
3.56163,9.672025
10.0115,4.942171
0.0,8.561269
8.07693,4.578574
0.0,2.6092286
0.0,3.6003814
0.0,2.5282984
0.625926,3.559781
0.0587597,4.170439
0.0,6.3265953
15.5808,17.862265
86.0005,82.83436
104.993,62.437294
91.0492,43.497433
0.0,2.3053792
0.137176,6.830125
0.105792,4.378786
2.08647,4.435317
0.0,4.806432
0.0,4.424674
14.5588,16.591007
24.8679,11.29901
15.6109,15.2908535
78.8657,101.048096
0.0415987,1.6670282
0.795791,9.9689245
0.0,3.0210307
0.0,1.667314
220.719,261.03085
0.0,19.220573
38.5095,35.502888
24.8424,23.82246
7.93361,7.3282156
0.0,5.035485
7.93361,8.827885
11.7739,10.482254
0.699426,5.8329077
0.0,7.549452
3.69939,6.973778
0.0,3.5722415
9.99394,14.328806
86.3551,92.60061
19.0973,18.37151
0.030774,3.3779745
3.5795,11.866987
0.0,6.134557
20.2321,33.331814
0.0203532,16.411346
0.0,3.4330883
9.58086,5.3075347
7.42939,6.5536547
0.0,4.440824
41.4786,82.20679
0.0,3.3577363
21.1404,16.751162
9.51941,8.917798
2.44019,3.9545274
0.167496,6.6551
0.0,4.919113
53.2671,65.16816
19.4241,13.390033
4.32433,3.545025
3.54183,6.641279
0.0438582,-0.19396806
112.42,113.3718
0.0,4.5602407
9.51775,11.715938
2.11887,4.1761894
1.1301,12.397965
53.9315,19.161064
0.0243294,3.5920167
0.0302849,17.834116
0.0,2.4231048
169.204,153.8962
0.0217221,3.3123012
0.0855751,4.2719054
0.0323811,2.734891
0.232573,4.474721
0.0,3.9916966
13.1361,15.115995
170.727,244.28253
0.0100227,4.68963
6.3749,6.9383316
2.21092,7.5059395
4.13278,29.316376
33.0188,21.86012
4.21751,1.941495
48.3711,26.920912
0.695473,6.2809315
3.8263,3.6378329
4.3614,16.782495
0.0,4.4387197
2.507,4.6113586
0.11826,3.7268195
0.0762805,5.4555607
18.9824,11.106205
10.8713,14.16329
0.0,2.488093
0.0,7.419614
0.0,6.139455
0.0,3.9358582
45.9377,40.74076
0.0,5.2921715
0.0416894,2.3831816
0.0,5.0426655
0.0669167,0.58889294
89.6832,63.9538
3.4621,7.604205
22.0206,28.08662
9.13831,14.14651
1.21839,6.274869
7.63395,6.707629
25.05,12.279542
1.83906,2.9789486
4.252,5.603142
12.1678,8.856583
3.24636,10.279424
0.0,5.098262
21.3463,15.296857
0.019213,3.452252
2.38072,5.868363
0.0,2.3241153
14.747,13.330105
0.0912077,3.2970212
0.0,4.8577247
0.0,8.254224
0.0,1.2994672
19.5804,12.511541
7.28429,4.0635014
8.67667,6.711568
18.2317,15.195308
80.5417,34.36038
44.7525,49.89274
0.0442276,5.959357
0.0541491,2.0403178
18.4019,17.028929
11.1251,13.228497
6.71538,23.10052
3.91661,3.2320092
0.0574517,4.9591484
0.0541491,4.2325177
68.9289,72.12954
0.0,90.53669
0.0791029,3.95862
8.96255,10.783752
0.0,1.9567295
0.0205246,7.058091
0.0460123,4.7359524
1.22844,3.703044
0.318302,4.4694366
0.926497,3.850038
0.423245,5.599587
0.193627,7.498062
0.0,5.1989326
5.64921,7.981163
0.0059639,3.9732437
12.4414,15.32003
0.0,5.6601505
41.0443,23.521145
16.2018,18.952568
42.6595,59.835777
0.0,2.2554543
37.8184,38.001713
6.28196,7.0050373
4.04668,5.5720863
12.3578,16.289555
0.0,2.560246
0.0195521,3.4328532
18.1396,13.828478
0.0,7.7462177
0.0,4.9582214
21.088,32.45809
0.0,4.372267
0.0,5.057026
31.889,18.016838
4.08605,3.5741522
0.0,4.0931277
0.0630541,5.8338757
53.0483,47.809658
86.3551,67.62576
0.0,7.892454
0.791529,2.6000254
5.55645,2.9496212
0.0,2.000704
0.0,4.7827396
0.0,4.830708
50.4777,48.263023
0.138583,6.737953
0.0,3.0951233
2.68224,5.4103713
10.4473,12.545918
6.71487,8.795559
16.5723,4.807844
0.00808029,3.4563081
0.0,5.4174867
0.0,5.145159
0.276187,5.6402807
23.5057,22.915028
0.612466,9.384518
0.0973958,3.355787
7.14585,8.696066
0.406212,2.8352413
2.02329,6.2351303
0.0,2.3705773
1.43657,4.290226
0.0162229,3.9369571
80.465,39.689133
0.197127,25.309536
0.0995542,2.8999488
11.0577,6.1929693
15.8502,6.930992
22.0206,9.865715
7.96039,5.8390636
23.5057,20.279922
7.81563,7.8854275
0.839133,4.6184554
0.0219642,8.643827
30.4823,14.288906
22.3609,22.854542
0.0,4.2409244
12.1678,7.0209465
0.0,6.1772213
2.36965,4.9350185
0.0,3.1450326
1.28297,6.089487
0.0553014,1.8342602
0.0285757,3.2851977
4.33664,4.9689436
0.037876,6.1389914
0.0,4.2178936
4.57721,6.277111
3.93496,11.06506
0.0,4.3423443
0.499043,5.076126
2.45441,11.383667
2.18458,1.0218694
0.0,2.5933688
8.21892,22.796774
6.49117,4.5284863
0.245768,5.4630423
0.0,2.587518
0.485388,7.0498533
0.208997,10.414867
14.9119,9.145561
1.16755,2.0340421
65.7132,50.189495
0.0,6.2221127
42.093,39.97387
0.0,8.33249
0.0367926,52.420506
1.20047,3.2818756
19.9297,1.5208366
2.92301,8.964933
6.17503,8.217614
0.0522548,0.7682117
12.2014,11.15447
0.196991,2.5071275
43.1164,36.835567
47.7532,2.9256434
0.0810239,2.5981646
24.6299,28.223343
0.0174459,5.4968605
17.221,10.593407
0.0,2.1902845
0.40604,4.529384
0.152411,3.270215
0.0,4.8705726
10.4018,4.9309177
0.127344,4.2395873
0.0,-0.08556676
9.65741,8.688825
16.2677,13.699444
0.0,3.8433065
170.167,121.97571
2.64652,2.363266
0.0,3.6200595
0.339197,5.0233316
0.349096,5.7998753
0.0,4.4289255
0.423245,3.1766617
0.0,4.4288206
14.0514,10.609596
0.0,5.1846247
28.6632,5.4955764
23.569,19.197723
31.889,39.36351
26.0496,10.756722
0.196991,3.4267104
48.6022,24.817408
0.0,4.2012777
38.7328,33.97126
0.170468,8.631411
4.40566,8.10593
0.0,4.8897696
18.836,15.402518
0.0,2.5063963
0.0,4.61225
0.0,3.6597102
4.17273,2.364615
0.0262574,3.2913623
29.1051,14.31419
0.0,5.750814
9.26149,8.035274
0.0,4.848626
1.24908,8.043297
0.0,3.3871918
1.62318,8.447036
0.0175253,4.8813562
10.411,6.4999943
3.34189,3.3460722
0.0,3.0205908
0.0,2.8569577
12.6111,12.237551
192.728,114.920616
46.0233,60.558636
0.0281125,2.12183
0.0992041,11.197332
0.0129563,3.782303
0.0219448,4.228372
2.08647,2.8772767
20.5771,18.962214
5.09901,6.2785287
0.0,4.882863
0.0,3.758647
0.0134073,0.59559274
28.6632,5.0607314
21.7269,33.003548
0.0,3.9421048
0.174863,-0.5746529
2.64652,2.7317307
0.0,5.132219
5.65151,8.266957
3.5171,7.0998774
0.0,8.239961
4.25521,11.986112
5.64923,11.890722
16.4978,16.189024
0.836064,4.388976
0.0,4.0049143
6.38249,5.4590187
1.86163,4.837626
0.0,7.7137012
0.0,2.405777
0.0,4.6419005
0.0747703,5.981987
5.98211,4.541398
4.13278,41.021267
0.0,8.002013
0.0,3.5109081
0.394956,6.2722383
0.0623884,4.8895617
7.38977,5.2649274
0.0,5.6695223
0.108805,9.694516
8.36754,11.660049
0.0,3.351159
0.068396,4.6970873
34.0699,17.141396
17.7397,17.227133
4.30556,0.8959942
0.01267,6.3198977
11.7977,5.719018
0.0,5.7208366
0.0109566,3.0285697
12.7342,9.058733
0.0359843,14.931762
13.176,10.179009
14.3224,11.004996
26.4642,9.617235
0.0483081,3.5214868
0.0,3.1077962
27.1802,20.03006
23.5057,31.564894
32.2298,32.760807
0.0,1.1898334
0.598544,1.4650555
0.339197,6.2502775
11.4504,3.7409582
9.9046,15.702403
2.06579,3.2735868
105.929,9.888751
16.5249,17.060503
9.91484,8.89592
5.14796,4.0902505
0.0,2.6755595
0.0,6.9584074
40.2252,24.596071
0.0,5.12654
20.9772,24.8624
30.9454,17.308638
0.0,5.3338137
20.3765,3.642136
4.252,6.850648
74.3385,68.12284
0.0538038,2.3818283
4.17273,7.8352385
0.0,3.8521724
0.165811,5.3014507
40.4993,48.38451
0.0,2.2805293
0.511387,10.876663
0.125719,1.958881
12.3122,13.438957
2.7109,5.077255
40.1683,20.10835
0.0,5.2752876
1.94488,6.618293
23.4271,20.405823
0.0257749,6.2137833
9.47172,14.003927
16.4448,5.5200787
0.0,5.099615
0.0,7.0731516
0.0,5.7233276
15.2572,21.71685
0.0457223,4.391358
66.0095,23.228918
0.0,2.5807297
0.012238,2.2830849
0.0,6.5012407
5.87878,5.766394
0.0324436,4.1498337
7.56916,3.3278034
11.9314,9.579144
2.93468,3.3478253
0.814287,12.653307
2.91861,0.9596112
0.0,4.043517
5.81057,16.97355
0.0,3.1730824
7.62417,6.4856253
0.485347,4.7245727
0.0283879,3.6414218
0.750729,7.285576
0.0,2.491642
2.95917,3.307899
17.5729,30.605648
0.0,8.007358
0.64019,6.1244926
0.0,1.8554419
13.3341,20.165176
5.21684,3.3931167
0.743623,8.801004
30.2705,30.701195
4.28139,6.2166843
0.0,3.5251977
12.3122,8.970726
19.2937,13.284748
23.6752,10.473689
0.0,-1.023195
1.18549,2.7413883
11.925,5.4184313
0.0251358,3.5476952
0.0,8.495127
42.3658,41.997845
0.0197874,5.7799416
1.39825,9.876837
0.0399567,5.1575394
15.348,15.830779
0.151593,4.7895937
0.051393,4.9644256
0.97247,3.0443082
8.90259,12.569913
5.34906,5.6477156
0.301423,5.648057
0.0268174,8.0793495
0.0298962,4.2869787
0.0729982,3.4628413
0.0,5.074198
0.0244889,4.6636086
21.4348,12.334495
0.0911935,4.4606104
23.0079,25.814241
1.14478,4.392803
0.0188633,5.2840023
10.6332,11.71464
0.0167702,3.9339685
0.628969,4.6346617
0.051393,6.951438
144.146,201.63756
16.3334,8.790658
20.3765,6.3957424
3.93496,6.3485923
85.6316,68.44982
7.67293,74.63736
0.0,4.5944157
0.491604,5.395443
10.5869,6.0889072
0.0302222,4.0022254
16.1453,15.352432
0.196835,3.808578
0.0,4.457615
0.0816582,3.8360918
2.3424,3.7213576
181.813,159.67737
0.0,4.4695187
2.68705,8.506309
0.0,1.9634371
32.8867,39.349937
3.51916,12.410608
13.4342,13.46935
0.0,1.4199584
13.9122,12.033474
0.0,3.018516
0.0,8.168542
2.24424,4.226279
68.9565,37.439285
8.203,7.35122
10.3992,25.793987
0.125719,2.956881
0.0,3.7432811
6.21198,10.806046
0.0,4.4948378
6.56178,8.086973
0.0,4.770532
12.3122,12.17767
1.20083,1.5209314
0.0371908,4.9008083
1.43988,2.2133827
2.39605,4.6363974
0.222726,65.331085
2.53132,4.0545053
2.8793,4.806212
0.0,4.052831
0.496241,7.0331984
0.0,3.7456443
0.0,9.379725
0.0,5.190085
0.31996,4.18189
93.9524,111.862144
0.0372422,4.688427
0.0,5.160514
29.0844,17.685038
0.0,5.069855
0.232573,3.504323
54.9264,10.318769
0.145731,2.6176126
0.240924,3.9005728
13.6965,26.296963
17.542,5.804423
51.3715,30.699661
54.0569,71.68409
0.97247,5.1584644
0.0806617,4.0186715
21.0896,28.741156
97.4455,87.38697
0.0087436,5.341631
0.0,5.6950307
11.2641,31.044079
17.1173,30.570105
0.0,3.6076264
0.0,184.87181
0.0,4.442972
0.0571442,2.7191849
9.07465,13.908995
0.00954067,3.1980677
0.214342,9.961079
80.9914,94.61883
4.52996,6.4940023
0.0,5.0954423
3.02366,4.2933297
0.411595,11.90119
24.9296,41.533928
0.182946,15.341887
0.0,4.3478003
0.0,4.4763923
4.95834,6.8508472
0.0,4.09429
7.58548,7.1252966
0.119957,6.550043
4.1897,5.5029287
7.56916,5.259066
0.0593326,14.3123
0.0444804,3.9705782
0.237729,7.2728844
0.0,4.3474736
9.89553,7.4699545
0.0339982,3.4521127
0.114101,6.0533504
8.22595,18.144444
0.0,5.554521
3.31365,4.440935
0.0,1.4207727
0.0,2.750197
61.7468,62.11004
0.958575,3.8755417
5.75256,5.4097223
0.0,4.4699
0.0,5.2332973
7.93361,5.9568577
17.542,7.9830713
0.0,5.1162357
0.0460222,15.897074
12.7565,13.534077
10.3538,10.594042
22.0206,19.346893
254.852,4.204544
5.21638,5.8796806
0.0718414,4.0434666
22.2207,10.48701
0.0,3.0343347
0.0,3.0269737
0.0,8.446117
0.0,10.278625
8.60684,5.140053
71.0243,37.2863
0.0689686,2.7370224
0.0797178,5.1056147
12.6916,5.4724526
0.0,7.41994
0.456719,4.830991
21.5332,9.503211
0.659262,3.0917835
22.3234,25.087854
10.9649,4.6631317
23.7004,12.020066
0.102512,3.4835234
0.0539679,2.9382486
0.0,4.781299
10.2432,8.207484
8.18569,9.884101
0.427519,3.3294063
22.869,29.618425
0.31996,4.859732
80.984,87.208084
23.0404,13.471962
38.586,37.80523
8.46153,5.1775866
0.938995,6.5074472
4.43243,5.2601614
75.7574,61.276627
6.67046,3.5937748
0.0,-0.55909824
0.0,7.2427654
5.18211,5.2572374
0.182358,4.29423
0.0,3.5987637
23.0829,11.157858
15.2827,6.8333044
9.66222,409.39566
0.0207707,4.103703
0.0,3.9298844
0.0,4.166217
8.61474,25.508986
0.0,6.26143
0.0,6.525589
11.3911,8.236545
145.963,156.10536
56.6049,42.109077
0.0,5.5691833
3.64813,18.8036
0.0243204,5.194385
0.0153647,6.715251
0.0,4.891369
2.0112,22.750956
17.6764,11.585631
3.62445,3.575532
9.43502,3.9817016
21.2267,15.840804
0.0,1.5645556
1.18789,6.2206316
0.020618,3.1399372
6.43976,6.8383074
0.0227304,3.231154
14.6375,15.399213
0.210907,4.8407974
0.0,2.6639926
1.04923,7.2935696
0.0398024,1.9745495
0.0,4.4213166
1.71578,10.040297
0.571206,4.3247175
3.80485,5.7867193
21.4696,30.99174
0.0,3.4113348
3.50366,6.876889
284.308,212.93175
1.02618,6.9186916
101.932,122.1382
0.0,2.8732467
45.5749,65.76056
0.0593326,8.520206
9.25835,9.880879
0.0,6.2003646
0.433586,5.391489
0.0435128,4.121378
0.0,48.769474
18.4886,22.012066
0.0,4.1242523
0.0,6.315695
0.0,5.185818
0.288806,5.410076
110.578,23.560226
1.24542,3.8196816
0.0418957,6.8493376
7.13458,5.764207
1.00264,3.144325
5.78663,6.081528
0.0357039,8.339833
31.889,22.914736
0.0,78.86075
18.3487,2.7113247
134.69,143.83748
1.92986,11.03806
0.0349655,4.6728244
0.0,4.2651954
9.51941,9.805515
1.7973,5.0717993
0.0503724,2.400084
22.2662,28.962778
0.0,6.277524
14.5681,9.450507
0.190232,-0.49101996
2.66844,6.3197994
3.41662,2.826785
30.128,10.228017
0.869482,25.593767
0.0,3.6464124
2.64016,7.7611485
0.11857,3.7630563
76.6305,69.79018
67.7779,64.98341
14.1322,8.88738
0.0,3.9224193
0.0,5.2269
0.0,4.467064
0.0,5.3456645
9.66222,612.38226
0.0,6.724086
0.205675,2.98568
0.0543031,6.3329086
6.89648,6.294675
0.265853,7.5139704
28.6774,7.9994726
48.7639,22.1097
0.0,5.6500487
7.67293,178.87157
0.234589,4.350157
3.81813,5.687356
0.356705,5.3247795
9.26149,6.0842752
0.0,2.7710047
2.53132,5.228142
6.34757,9.748189
0.0,2.1914263
4.34811,6.6486473
0.0,4.9425406
6.32027,7.3295116
11.7977,12.414502
0.0285757,2.789679
0.141428,4.5222616
0.0718751,3.1177998
8.30396,9.149275
0.43826,4.9452558
0.0305768,6.921685
20.2321,21.154303
0.0,9.983513
0.802017,3.0008712
7.03849,5.0262613
0.0,7.2268343
0.0,8.078946
0.0,5.152858
0.0,4.081393
237.319,204.03596
0.0261254,9.007594
8.26712,6.4095907
0.318955,2.1212196
6.08398,3.820745
7.51125,18.837069
0.0,4.7217255
11.8915,13.365981
19.3196,11.120879
0.235774,4.3149495
0.0,4.335346
0.0629815,2.2209587
28.1376,18.962221
3.4621,8.746196
6.39448,7.0272007
0.636412,3.9089122
7.64859,8.272822
0.0,2.927647
3.17672,5.3111434
2.07538,7.101424
0.0,4.978155
5.1564,4.5023947
0.125719,-1.2794878
63.6629,57.45697
0.0197567,3.5862348
0.0401582,3.766951
0.0,3.1657696
15.4758,14.517871
16.651,20.519875
0.0,6.062414
9.4149,2.2279983
0.0109566,4.2727604
0.23815,5.2959538
7.66203,5.5644913
10.4383,49.684784
0.0,3.493836
0.0,4.1679783
123.482,95.17107
0.0,1.5813148
0.0,4.265688
0.0663706,1.500395
18.3755,9.168157
0.0,0.113579035
29.961,18.612312
63.4439,63.35918
0.0,2.6104255
93.6125,60.374176
0.239971,4.2087812
23.5057,13.660605
0.0,6.263074
26.5685,27.517479
0.0995542,6.7454367
0.0,3.4062757
0.00636721,4.2569613
1.21839,3.3630435
0.0,2.7993875
66.0095,20.317343
0.227358,3.8606243
0.0,3.953042
0.433299,1.4616443
0.0212548,3.02067
0.222726,76.615265
0.00556789,3.6164455
0.0,4.2245517
11.2349,9.192057
21.3889,18.674713
1.05497,2.0788846
68.9289,98.03559
35.0216,34.67952
19.633,30.782911
0.221629,4.639805
0.0,4.7967644
2.85794,23.057837
1.54195,7.279131
0.0,6.1072974
0.0,2.9169276
0.0322283,2.1765268
0.0,6.1661043
6.89649,7.8482656
25.7056,14.753502
1.21112,3.2220337
3.31331,7.698514
0.181888,3.9840488
0.465225,4.921337
1.54615,8.096609
2.59291,5.2741613
5.16,9.092802
0.0132778,2.6688476
0.0,6.1942997
0.629978,4.1339846
0.0,-0.7622452
0.0,4.626114
0.0,1.861158
0.30269,5.13054
8.16507,9.9633465
11.3947,10.88764
17.2499,19.399487
4.61178,4.554077
0.0,5.282714
29.3069,5.263218
0.251745,7.0301704
17.243,11.353627
0.0,3.6939912
1.16659,27.474009
7.72727,4.122778
2.20452,7.1629143
0.0,3.4723601
36.7233,26.023846
0.178675,15.950255
17.3394,30.385662
0.0,3.8669682
7.88277,12.119672
0.129854,14.55634
33.978,9.72461
0.0186963,8.404491
88.224,44.390537
11.5933,25.668009
0.501684,4.0172553
28.1376,27.59165
0.0,3.1344333
0.0,3.1549096
96.6188,91.02755
226.44,90.5488
30.345,31.61048
0.0,14.986577
4.1897,12.506759
0.0,4.59132
7.21382,4.3540683
0.0500292,6.472126
15.4143,7.361429
0.0,4.8749113
0.0,2.6717763
194.475,87.349915
1.84609,7.026229
0.288601,2.0290508
12.64,12.694735
41.5651,33.797626
3.62445,6.0611687
21.3463,30.11374
0.0466202,5.5131187
0.459812,30.503082
2.73993,3.5189793
0.0471666,4.728407
0.124839,4.5814867
0.0355729,3.1295476
0.0,5.374163
20.6573,19.388798
28.1376,28.469702
0.0,3.8449864
0.156968,4.053192
0.0,3.8389497
1.58275,6.2966785
0.0,23.013176
9.47653,5.7166348
17.0759,12.789204
20.3765,8.000889
0.0423201,4.6925025
9.52719,7.2208786
0.0146291,4.142091
0.0081748,3.3570473
0.0455359,5.809594
0.0,7.577982
0.2659,2.8580146
12.3578,9.171623
6.18577,6.5905066
0.0,4.3048534
0.0,4.693001
0.0289539,3.0013995
2.61957,5.2188644
0.0,-0.029515743
0.0558875,2.3661268
44.2719,15.3941765
0.903396,6.5025597
0.0,4.540406
0.0165863,4.895934
6.70068,5.1111064
0.0587597,0.414361
0.0,-0.4471066
0.0,4.504117
0.28881,3.498467
0.0,2.8937151
16.5249,20.627771
0.990359,3.0367172
7.25514,4.7955728
0.0,5.361411
23.5057,14.446456
0.0,3.726838
4.0,4.6811495
0.00483917,4.3817406
0.0,5.6940594
0.0665804,6.628708
0.0,3.2293122
0.0,4.894591
0.0,3.6384256
0.0,4.5589705
0.0,6.2821493
0.839133,5.8203974
0.0,5.20571
45.7509,49.957813
7.54229,4.275557
12.4169,4.3279095
14.3224,9.142408
1.18369,4.127101
0.0,2.5875747
26.1965,20.441515
0.0700728,3.0994897
0.217464,4.395894
0.0,1.133971
0.0,1.2483598
16.0374,22.921759
0.234005,9.358951
0.16686,3.7304506
5.47925,6.4217405
5.16592,7.475148
0.0,3.0484858
0.0951988,4.3004127
4.60872,4.0627694
0.0317711,-0.19589019
19.8674,9.05372
9.4149,8.366354
0.0776316,1.6962914
0.0,4.24558
86.3551,65.7057
0.357206,5.522608
0.463098,9.383848
27.6193,34.42006
13.6482,10.411251
1.97174,4.433878
45.9377,128.13136
0.209847,22.41523
0.0,4.459183
0.0,6.99273
0.0,4.7535377
13.6708,25.953
0.276195,8.792606
4.39554,4.063037
1.07798,10.8185
0.0194613,3.675962
30.4823,10.368034
1.07475,4.220859
11.3911,10.39406
61.8439,48.802258
0.0,4.6234226
4.72142,3.8501008
0.0,3.7403374
0.0,4.620429
12.3122,12.561441
0.0,2.9496725
30.0261,24.50363
1.6185,4.973599
22.5227,26.915161
4.75915,12.83843
4.3583,17.822458
0.0,3.9466543
1.40665,6.032007
1.28297,4.049234
19.7884,23.580727
258.84,73.876465
1.06258,6.3778744
0.458468,-0.37281322
47.7097,6.027061
0.0,2.6241784
0.0,5.042203
26.0107,27.068645
88.2999,95.46144
0.516177,3.3199594
25.5902,4.608609
0.0,4.8632574
46.5786,8.314634
158.563,264.2687
0.0,4.985053
0.0,5.2878013
0.0,3.8765125
32.7078,3.4737368
39.5552,48.529655
0.110139,4.246784
9.11279,15.966314
0.0,6.5441704
7.75693,6.694309
5.30152,5.7780495
0.0,1.0221028
19.9297,19.420597
2.77794,7.467189
0.196911,3.718615
0.0995542,0.94198585
0.970146,4.095247
25.3641,25.840948
23.4271,26.896055
62.408,43.745914
0.0,6.231165
0.0,5.181331
4.80848,4.8842907
0.0,6.836732
0.0,4.0428953
0.0,9.791582
0.0,3.6727407
7.0301,8.738514
0.0,3.024166
12.3122,6.7208443
0.0378206,4.450204
0.0,4.064781
0.0468538,41.53636
4.69737,6.3974795
1.2967,5.907566
3.51608,4.2794294
8.20827,22.538702
0.914182,6.74809
0.0156633,3.773396
0.494796,9.121006
15.7273,8.379183
0.196942,7.8626423
0.118235,8.204816
20.3765,9.107418
0.0,1.3893199
0.0,3.3331048
6.49652,8.550686
0.0,6.5396013
0.0566949,6.552392
6.51382,7.3378763
0.0,3.2324467
0.0,5.63365
0.0713469,4.56932
0.0,4.804928
41.4786,39.809315
52.2404,45.245056
26.1605,12.591703
0.202952,2.8046236
0.0290701,3.362505
76.3843,76.22312
6.94991,5.781844
5.52068,3.320147
0.0222134,5.7830524
16.651,8.851421
0.0,4.376683
16.4448,20.202858
0.0,11.131296
0.0,1.2625772
0.0605592,3.9168012
0.0626873,3.9681492
3.92181,5.1747093
0.0,4.7633324
0.0,3.1359553
29.7185,24.764442
4.89894,9.177176
4.64645,5.017624
0.0,4.3651595
0.0,5.29705
10.3338,10.960149
0.0227304,3.1828651
2.35286,6.014428
18.2676,14.972721
22.5174,14.710551
0.0,6.7929125
10.8713,8.20337
0.0587993,2.0145915
21.2758,29.253256
1.15814,4.6110926
32.0479,38.371204
69.8357,66.566345
11.1811,7.207165
0.0,6.1370764
0.0,3.4511523
1.2635,6.5088005
138.822,89.4325
3.06707,6.2143617
0.0,6.2225456
3.72976,7.4626713
619.796,110.25648
0.0,4.4608912
1.03734,2.8250587
0.0,1.9146456
0.0,-0.17262936
0.612829,9.982064
9.22554,5.6041346
0.0,5.182751
0.185535,3.277786
0.214822,23.591013
0.0,4.3973775
4.77137,6.589444
1.45222,7.543145
0.0,1.7360451
0.0,8.780248
15.1728,5.909187
0.0,3.25977
0.0,8.0927515
0.0274872,6.7060823
22.4517,23.415985
0.0507568,13.047134
0.0623884,2.33042
2.206,3.4629295
0.0,5.5274467
40.7414,55.870872
0.0,4.5990305
0.0220421,1.8024855
0.193118,9.403377
21.276,19.459341
0.120609,4.7557554
0.0,4.215855
38.5095,6.5315666
0.0,6.6084547
0.167532,3.6650887
0.0,5.0072317
0.757812,3.7615848
12.3578,5.7859592
12.1394,20.186403
14.6375,15.070883
0.183247,13.725693
23.2319,24.628622
0.467997,2.6683347
952.601,257.00385
31.889,30.63291
53.3892,21.168217
9.45517,10.390794
0.0,1.673205
0.0,6.2687426
3.84675,4.086489
0.0722183,4.9561048
0.0,5.000148
5.59409,6.52271
16.1453,13.912531
129.478,52.636414
0.0318162,7.7211742
17.0759,3.8198805
0.141256,3.8872852
75.4154,16.575933
5.19642,7.210373
0.958575,3.4781036
9.52719,7.25288
0.731623,4.3822765
18.9754,41.10382
28.1241,19.598024
0.0,2.117541
13.3899,21.783985
72.8219,62.31965
0.0,3.6544862
0.0,3.4322624
0.0,6.216235
8.85939,9.609391
23.5057,26.287409
0.0490445,4.4252777
50.5521,9.129182
82.0256,69.852325
86.7999,109.99254
0.0,6.2726154
0.0629288,4.482586
0.0818675,9.04817
6.83028,11.508497
0.656222,0.53595567
0.0201361,3.2100594
19.633,19.128553
0.0,4.080019
0.211667,6.954089
23.8795,17.09996
0.0,6.216589
0.0,3.2071989
18.3856,19.524395
0.345558,7.943821
14.1253,14.296973
0.0,5.760304
0.0898018,3.7105212
13.2992,13.6360235
0.0,14.742863
6.9048,7.0834866
17.4265,19.45344
0.0,3.724771
60.3985,51.32392
0.0,6.141985
0.105614,5.0172234
20.9772,21.25236
0.0,2.320301
10.5992,10.317073
0.736154,6.2322702
7.54107,7.314741
0.97247,2.6689177
13.5237,13.133289
0.0,4.65494
0.0,1.4010572
19.0907,13.971532
81.91,41.833645
0.0,10.458011
0.449127,12.5676565
0.0300559,3.5069008
0.0,3.86938
0.0647448,5.5698175
0.0,3.2426248
31.889,41.388145
0.0,2.5815663
0.0932878,10.644756
24.1317,30.756811
1.70883,3.8757305
0.31996,4.243274
20.6311,25.97987
0.0,4.0343723
0.0,6.1496215
0.45884,2.1383567
0.785863,3.9047253
7.56588,8.828621
0.0471581,4.1193175
14.2404,4.1636314
0.92519,3.9557655
18.514,24.932163
9.75614,5.0405617
0.0,5.616089
148.617,185.07275
0.511384,1.6800323
0.0,6.5174284
0.493416,8.177617
2.17836,12.368393
0.0,8.372039
0.0,7.7441206
0.0,6.398713
7.34724,11.863505
0.290254,4.1999645
52.43,32.629936
23.8144,16.06001
0.0,1.9132566
0.0,7.8072033
1.03672,5.47736
27.9481,10.329936
0.117297,1.6039735
4.02702,8.762822
0.0,4.120989
25.0915,20.34108
9.02859,8.184847
25.1074,24.758406
0.0,21.171206
7.86085,3.909587
0.0,4.5795393
50.821,51.872944
0.0,3.7080984
0.0149006,4.955206
67.7821,75.89261
0.0,2.64502
0.0213137,6.172746
2.64048,4.097711
5.21638,4.054922
8.71629,9.2797
39.5927,41.020542
0.00968093,5.2802677
0.0149761,2.4819958
0.5899,5.8951397
0.127162,6.6557055
17.2556,16.129543
23.3864,26.597652
127.302,122.23235
7.18879,5.422073
3.38696,4.2481565
6.70053,11.733972
0.0,4.8209205
0.0,5.77507
9.19894,4.926219
15.4687,18.35673
2.42329,5.9543486
13.2598,18.973984
0.230591,5.5474586
0.0,4.79387
0.0,4.4559946
0.0,3.8145847
35.9308,3.253516
16.4448,9.704536
0.0,2.3510518
10.6954,13.79139
0.0,9.067968
20.3765,6.456422
5.30159,2.9459844
2.44943,3.7326107
0.465156,5.4119616
2.90771,4.4934206
0.0313687,6.252705
4.99855,3.6546054
30.096,46.42326
0.0397651,5.704045
0.0424993,3.6789494
77.0053,58.08428
6.03438,5.3805733
6.54572,6.5510044
0.0,4.3334436
0.0,0.74094415
23.5057,20.82539
0.0,3.8757317
16.8248,16.9926
0.0,2.5914578
0.581551,5.637663
12.9084,8.158127
0.030774,2.5516915
0.0,5.2667675
0.588782,4.918387
0.0379598,4.6757374
1.73356,6.6238737
0.0,6.3995695
1.77718,6.498872
0.0,2.7021632
8.21892,4.4978533
0.0,5.0087576
0.0,5.304011
7.68314,8.951547
0.0,0.98483646
0.0,4.7849436
0.183247,4.1318903
7.18317,3.1223607
0.0,1.7672689
18.8897,16.307333
0.02025,4.0411797
8.99338,8.292671
1.73916,0.8924633
0.0,6.2875147
12.2876,5.650303
0.0,6.179052
0.0,7.3747635
146.296,104.687515
19.0874,16.86038
0.433654,5.1675634
0.0,5.7335653
7.11122,11.930105
0.0,7.0323095
7.56464,7.619956
0.0,4.7330055
0.0433779,4.490061
0.67179,5.651376
20.3765,8.415981
4.37948,11.91274
0.0,2.7959387
0.0,2.4937959
0.0,3.2706523
88.227,38.48926
0.0114788,6.9899826
140.312,145.05923
0.0,1.1430061
0.0,5.1431723
12.8269,24.033718
5.91183,6.951831
0.0,1.9078681
6.83028,5.0346723
192.642,105.27669
0.0,8.91923
6.39055,8.421552
1.01705,7.094034
19.5035,14.944841
0.0,3.8246498
0.0,8.117133
28.1376,30.22772
0.0,7.342679
2.26397,21.91209
39.8347,36.135036
0.0,6.5219154
0.0,6.6101847
0.127013,5.879674
0.620975,3.8977885
0.0,4.654038
19.2125,5.2691545
0.0606786,3.5838196
139.496,31.648401
0.0,5.5185785
23.7592,12.08702
0.0,3.0882924
0.0932878,5.218039
1.4546,4.039361
0.0,2.8650024
60.2843,35.4121
12.4882,22.997795
6.11547,6.5827255
0.0,10.112404
0.0,13.217892
9.91484,5.4935703
0.0,3.412005
0.0,4.303898
0.0,5.189022
0.0541491,1.936535
0.0,0.5326116
3.65365,6.1873827
21.7379,35.6829
0.0,6.194991
4.34776,2.493526
6.15516,10.698967
11.6114,8.551791
6.18583,11.551033
0.0,3.94582
28.1376,17.48617
0.0,3.4983387
7.61484,5.1020784
66.1827,35.900547
0.0,5.1186876
3.75554,5.608465
23.9011,24.099854
25.3766,26.480795
4.6034,4.8355284
0.0681677,3.5097866
15.332,8.13
1.10621,5.4078493
5.34906,3.7941663
45.5749,34.061054
8.90506,6.082269
0.0,0.9874319
1.9224,7.7402086
16.4448,15.668873
11.2032,10.311067
0.487407,-4.324829
0.0,5.512581
0.0,6.086293
0.0,4.8134723
11.0977,7.08626
1672.53,499.3199
32.0779,18.95099
1.53771,4.9745226
5.59409,5.425317
0.0,2.7159095
14.1949,12.861465
15.8834,14.382052
0.0,2.8389044
0.0178514,4.302108
803.796,926.92487
4.35779,2.491936
0.0076011,5.369837
4.68474,4.992469
0.462434,3.7178955
0.245057,5.1384597
0.0844384,5.033974
0.0,6.1393757
0.220675,0.8288691
21.8505,20.824724
0.0146014,2.7612767
3.82681,8.337375
10.5353,15.744808
7.81582,9.295541
41.1644,57.80962
0.0357071,4.7016497
1.96841,5.118655
17.5005,5.7769966
17.8586,7.1731195
17.2556,50.945423
0.0,6.634082
0.330802,8.842627
258.84,38.107864
3.95256,5.304641
16.2455,10.836497
0.392164,4.6312656
0.0,5.1441545
37.5398,10.657858
8.30396,8.455632
2.89723,3.1625502
1.35988,4.0542192
6.77438,7.2186756
10.2463,16.9099
20.1227,17.9569
0.102512,3.838975
8.47793,7.17723
17.243,4.6727886
8.54891,7.1642466
2.58352,4.065943
0.0100411,3.7020907
3.77614,14.50537
0.0219575,9.58052
7.72727,4.8261003
100.183,36.170994
0.0,2.617198
0.0,4.720772
45.3527,41.68293
4.7026,4.6974754
16.3663,13.389571
0.444614,3.7930412
0.0503724,3.799416
22.1832,19.918205
4.56078,14.302062
19.2409,16.589731
13.3832,10.831572
2.59898,3.0628762
703.416,201.54442
18.374,8.356302
5.1839,4.2682424
12.8642,12.6188545
43.5617,52.42328
1.02611,4.937338
8.36011,4.752496
7.72727,9.11412
4.90962,9.433055
0.0,2.1850724
0.0,4.6455545
0.259251,3.088391
0.156968,3.3378944
0.0,3.5408478
33.8268,26.74876
6.34011,6.954959
0.0,3.2842884
14.2189,16.952648
0.0,4.1624355
0.097461,1.795358
0.00823366,5.9395523
0.0,4.3265886
0.278055,8.1969185
65.7132,89.675095
0.0,0.572804
21.811,15.772732
0.0,7.355529
0.0,6.002427
0.0,4.652302
56.4803,47.724556
0.0,4.8195944
9.22554,7.653779
3.40206,5.4067206
0.0,5.273886
39.9955,14.999244
16.6807,5.2204685
13.2047,20.41665
101.791,70.97741
0.762179,5.1381397
14.0855,24.458838
9.18444,7.62216
0.536304,5.3105097
0.0,5.1437087
0.21452,3.1176147
0.0,6.060027
0.144784,-0.33739734
0.0,31.550701
0.0,5.937867
0.0,4.7174835
5.2929,4.81835
0.451304,4.268487
0.0,2.592296
1.70305,8.387873
1.54364,2.130907
0.0,8.173111
0.0,3.8201447
10.5733,14.77572
9.4149,10.984892
2.18394,3.901324
0.194898,1.095226
5.57925,8.645646
0.0360482,5.961754
0.0,2.764369
0.0,5.426218
10.7396,11.846446
127.197,98.602776
0.0,4.3235874
0.577257,4.001669
0.0,4.433955
0.00692642,3.731827
0.00884019,4.187626
0.75264,3.8180609
0.0215312,18.093204
86.3551,90.46564
0.292027,4.52098
5.32181,6.8554277
0.0,5.8720813
0.0995542,4.620564
0.429009,5.387991
134.69,79.086914
16.2319,8.755574
0.0,2.5935252
1.06717,5.3305683
0.0,3.656866
0.656383,3.0278256
0.0,2.0731275
20.4,19.409006
6.33952,6.7751102
0.334225,4.787203
18.6081,14.077889
12.3578,14.198735
0.216617,5.170807
0.0,4.7178874
52.43,60.636887
7.2347,4.874159
20.3765,6.818347
0.0230888,5.4307485
0.0323107,4.8911858
0.0,0.7839793
0.0,3.6850562
0.0,2.0544293
0.030774,3.4153423
7.03849,8.33077
0.109324,3.5664685
0.239702,15.161431
0.0,3.9485297
43.1164,41.477154
4.68443,4.7284603
12.5311,11.028939
0.0,2.1602037
67.7779,49.319145
0.0,4.6796856
0.0538038,4.1953573
19.1121,14.0865345
7.48506,13.777975
7.03976,3.317
2.8793,4.059847
2.78299,9.415812
0.0,2.3780694
7.03849,6.4180784
0.0,4.33609
0.108294,5.837864
134.69,187.55295
23.9091,32.29917
5.36827,5.8947983
0.0489251,4.1634912
0.105136,7.374711
159.491,110.99844
32.4131,39.381256
10.0626,8.789974
31.0862,37.196487
0.0339982,3.660159
9.4149,12.793871
4.20724,8.730836
0.0,4.571226
2.88541,4.525911
0.0,3.7806783
1.20083,3.5071702
0.0,1.8569221
6.53838,5.6344657
0.066106,3.2604344
64.6435,65.649956
1.96582,6.824567
0.814287,11.700242
0.0703554,6.5233707
0.0211065,6.443143
0.0168339,5.358142
4.61561,11.562803
0.027453,1.1133741
0.0471918,6.1058917
43.674,22.453552
0.0,4.803068
0.0310379,6.385688
0.0,6.684414
0.443035,5.1377954
11.9053,10.2991905
0.0,4.50783
13.0144,8.5216255
2.1687,13.88304
3.5795,5.0292344
0.0,3.0773654
0.0326644,4.3618727
5.38804,6.17365
43.2699,44.6484
4.28886,6.3323603
1.32179,3.4695768
0.348336,4.9281263
5.39369,29.050697
0.144043,5.031152
44.4679,34.007893
7.93361,12.683827
16.4448,13.01778
55.8569,21.639399
0.0,3.1615365
0.0391393,1.3868624
1.06208,-5.0129013
0.0,5.15267
37.887,8.878567
22.5174,27.074957
0.682685,6.9410944
12.3155,8.393378
0.797986,8.766848
7.38977,7.989853
0.0,5.580122
0.0,1.6568838
3.42946,5.689064
0.0,7.871356
113.339,62.679947
0.0246403,8.686207
0.514458,5.2082596
23.8301,6.7533646
0.0,4.8036976
0.0104634,5.8988724
22.6392,18.747934
2.94885,6.4038076
9.99949,7.705429
36.9073,24.338587
39.5927,49.193684
1.63192,7.2373886
0.0,3.2162867
34.0699,33.72891
36.2545,31.80422
42.5758,40.129635
0.0109604,1.7812169
34.7652,41.964897
0.136463,3.0170698
0.041415,7.440854
6.95536,8.770191
3.02215,5.916256
56.7611,31.592321
132.356,151.79643
0.0245652,2.8516443
6.17527,6.495102
0.0,3.7472486
0.00808029,2.0098221
11.9358,6.417824
10.8012,13.474752
0.0929124,5.170882
0.0,4.2476635
0.66808,4.5588593
0.0,4.1659236
0.469571,5.133931
25.8735,10.711257
38.5285,15.070156
9.4149,9.38908
0.0,9.468341
0.413663,0.7041439
100.959,119.224556
21.5036,26.649317
21.4696,31.178043
0.0,3.3153868
18.9817,21.118494
0.0,3.7438233
0.118923,2.9313152
0.0,2.5396063
0.0,4.6762342
0.0,5.2544703
0.242017,-0.12788606
29.4862,20.782564
369.853,254.31186
21.9927,19.873833
135.507,82.59708
0.235774,4.4056807
0.431369,8.687878
0.120152,4.828956
11.6114,12.866621
115.716,43.06747
0.496368,5.0071955
6.18238,6.760144
0.0420718,5.331183
19.4562,15.705324
50.6105,57.754833
1.0646,6.283043
0.0,5.2146316
0.0,5.4845686
6.32027,7.4820004
0.152526,3.578604
19.3196,16.20336
1.18369,1.9712025
0.118244,14.099975
0.0,5.2355494
90.1931,145.33968
0.0,6.468631
0.0,6.6112013
0.0468538,43.7534
21.9927,27.383013
35.2742,23.334915
28.5582,4.156208
0.0468538,36.143093
0.0309695,4.5556326
0.0,2.0745814
28.5655,7.457799
22.0206,12.604527
0.0755944,4.01163
4.15016,5.2920403
4.237,3.4723988
0.0233739,5.796069
12.6408,5.50233
42.3658,27.248196
2.95917,3.8508565
0.0755944,4.005052
0.183732,4.7134514
0.0,7.022064
0.0,3.4330263
11.5933,11.549519
3.5795,3.6327503
4.92439,3.9356995
0.0,4.042521
19.0957,18.645702
14.3497,14.186287
49.9266,19.99984
0.0,4.783928
7.81638,7.1030703
1.02618,-6.4549704
4.99855,7.0244455
8.51378,6.971344
0.0,41.698563
23.0829,9.014543
0.0,5.2681637
98.9403,32.003445
32.6081,29.518522
0.0,4.511935
3.24636,6.6044273
0.0,3.559821
41.1122,55.568752
0.0279681,3.5410829
0.0,3.731873
0.0,3.3803468
0.0,6.953369
61.7468,49.219555
13.1516,23.028828
0.0613975,8.130228
0.00684941,2.8515663
0.535877,8.804234
2.85794,8.7787695
4.03114,4.136114
9.66222,1011.16644
0.411539,6.1800504
9.9227,8.1929655
115.366,83.32788
0.0,3.99542
0.392828,3.2148428
18.2676,17.200369
0.0988485,3.3181894
0.0,2.904983
7.56916,6.0033636
0.894353,6.2835937
0.532481,4.5543714
0.0,4.083794
18.5823,8.023901
20.3765,5.495682
15.3317,10.914254
15.4143,5.284583
0.599454,3.1079686
34.3637,67.93053
0.095025,2.5396035
0.0,7.3075533
4.00067,7.127741
52.2918,50.88407
0.0,6.755069
77.4792,103.19327
18.2853,11.9268875
22.0206,9.974601
4.21751,4.619169
17.4511,20.350513
0.0,6.875534
2036.01,229.55916
0.0,7.626706
12.0945,16.45323
53.3892,15.7051935
0.0867382,9.444767
0.00917711,4.960638
93.6125,100.71719
19.1213,23.061087
14.4598,23.894083
0.0476635,4.099481
0.571642,3.2548432
0.0628048,6.6321344
30.2375,39.60538
27.9481,34.182903
3.38631,5.0678425
0.0,3.6891046
0.0,7.3462934
24.7117,3.926917
0.0,6.578039
0.038988,4.4916725
16.4925,26.12492
0.0,3.252676
5.14796,6.3875713
195.418,147.94824
3.84675,4.6075926
10.1609,5.6699696
0.933549,5.732968
1.08185,5.5232286
0.0,3.2468836
6.18577,10.819777
0.0048556,5.676361
0.287353,4.215211
0.259034,3.5569713
20.1486,20.749897
0.0,4.8367643
9.59899,8.547085
12.9406,17.690378
0.0,5.0028524
6.33747,6.2536144
0.0276603,3.9914494
0.067886,2.8134334
0.0,7.2893724
10.8847,37.30125
0.0,4.55336
197.497,43.7483
1.07522,10.008716
4.3151,4.8188725
7.80874,7.1905394
12.6111,16.074541
16.2319,17.326908
0.0,2.8017273
17.7397,9.683528
48.2954,70.81578
4.0899,3.542797
0.0,2.9332054
9.6883,13.43649
4.20667,6.630006
0.97247,3.6991553
17.0624,17.539326
0.0,4.435335
32.6081,25.7035
48.1896,21.725792
8.51378,7.30439
0.0,5.7543473
16.2393,16.047665
0.0,4.272147
0.0,7.135578
0.0,5.194325
0.228427,15.594082
11.2349,4.3142414
1.26676,6.6212234
0.0,6.0188665
0.571642,4.712611
11.8814,9.762784
11.3911,8.4704895
0.0244235,4.3760014
32.6081,50.501812
10.2115,8.009078
23.7218,32.171913
0.101786,4.1865797
13.427,12.706943
12.5145,12.571435
45.6525,87.37718
37.887,32.476196
14.4278,25.70638
0.0,3.574162
1.10923,4.016856
20.7632,-3.2757819
26.8509,13.6098
0.918717,1.1329498
41.1944,47.282818
16.4978,13.160791
17.8076,61.04328
0.0,5.1665554
0.0,5.7937937
0.11804,3.0608144
5.33753,6.044203
0.0,6.5011044
17.6696,10.080086
0.128057,4.7228765
0.03394,8.299402
0.0,7.885866
0.0,3.7905536
11.5061,9.215703
0.033392,2.699759
23.569,25.96861
0.0573953,4.335797
0.0169503,2.7874074
2.84066,19.041574
74.3385,50.548412
0.0,7.004241
0.0,6.1483207
0.0,4.836438
8.57879,7.537566
0.0,5.2190666
0.0,21.08278
0.0,9.303371
0.277533,2.4087594
0.0328138,1.3995571
0.0324436,4.5135255
0.0,2.9809628
0.0,8.280113
29.3097,15.301363
0.0,4.9171166
15.1982,9.842935
13.9068,39.232758
0.0,7.500309
0.0,6.2496567
1.2621,5.522995
2.36245,-4.637785
0.0118156,8.022051
0.0,11.55102
12.2701,21.394464
8.61474,44.450333
2.76486,6.1536236
0.0190806,2.5806897
0.0,1.7555258
0.0,38.11743
0.0,3.1839714
0.0,4.0889163
9.20815,10.397562
0.0,1.7476871
15.91,16.067133
5.52068,0.39627266
181.385,33.00329
0.0572685,4.922203
0.0,3.1528873
0.0205435,4.983054
0.0,4.3225327
7.53909,6.7487564
11.6114,11.996838
0.372758,7.177827
52.1683,41.019436
22.7661,8.019857
32.9177,37.72338
27.8084,25.21588
19.8622,8.747645
13.792,11.617826
0.0,3.3996482
4.79741,4.018007
1.95061,8.201785
0.205377,3.405106
25.2712,14.742592
0.128932,5.1527596
0.0,3.4244568
7.28997,6.3974466
0.0995542,3.4771461
0.0,6.694461
5.66359,6.2603984
0.00556789,0.47841036
56.1216,68.89478
0.0,1.7662971
21.5036,71.997955
0.00786319,3.062139
0.0,6.873555
51.2472,87.80919
23.0079,15.317169
0.214522,8.059298
12.9969,11.316834
71.8092,56.48224
22.5788,8.967786
6.86182,4.4653373
0.0,2.8125052
0.0,5.6392927
41.4786,16.059858
0.0,4.2302217
27.5158,14.357814
35.0216,19.039713
7.16273,11.553672
3.32649,7.394334
22.4628,3.476366
4.85574,6.9779663
0.138926,5.8309097
0.215929,3.5445204
0.0210097,4.1459427
11.1964,15.513787
89.6832,64.83615
0.18013,5.9107075
0.0,-0.089812756
8.64151,6.4066935
4.59297,5.2093563
0.0,3.0394955
3.79881,5.750268
1.2634,4.3072205
0.217464,4.30882
0.0,0.09387946
0.0,3.0753145
8.60295,7.0790215
0.364658,4.4366827
4.60054,3.981297
0.0683978,21.258429
4.28871,5.13955
13.3558,1.3017166
23.5057,13.753441
13.3234,11.24162
5.26338,3.873796
23.714,34.15164
52.9514,52.636986
0.355491,5.0495157
0.0455041,3.7089067
0.0,5.6465387
65.8736,74.14764
2.71225,5.706975
0.0,3.8722157
0.693186,4.0685105
6.49945,16.298674
85.6316,32.787727
20.3765,4.586295
0.10973,4.8725004
7.39603,5.8062105
8.92957,9.926923
4.43515,3.0842545
0.0368539,4.7661695
0.0,2.4115467
0.138812,4.7682467
0.995124,5.248889
6.64375,4.245041
0.0,7.6157465
11.9358,16.43113
0.0,6.071009
181.385,46.923737
0.00429083,3.747451
45.2152,22.430046
0.530209,2.9602628
17.237,14.04965
0.0,13.714562
0.0354119,4.112829
5.62209,8.160457
0.0,6.2907124
0.0,3.9240355
0.0,1.1001623
14.4733,15.650501
12.1094,8.5226
0.0,2.421229
0.0209604,2.6697822
17.5005,12.568018
2.94218,6.423814
3.78142,7.791787
0.0,4.831685
0.449778,3.7518518
1.60962,5.352417
30.594,18.448456
0.0,6.05894
0.0,9.539523
11.7739,6.138275
5.80388,4.525511
4.64032,7.739911
0.0,2.9327428
15.1428,13.065119
0.0,2.1441023
0.0,3.483154
3.51759,5.6594553
0.0,5.489972
14.7658,13.167057
4.88125,10.049963
29.3879,64.30459
78.8296,44.956112
0.0,2.330979
0.0377064,2.5341206
0.0276185,4.524084
7.13458,9.716728
5.1564,3.113424
7.18879,3.7021418
18.8261,11.032207
0.0,2.8354404
24.2966,17.71473
8.46153,6.5207767
12.5311,9.159588
0.26033,15.702746
0.0,1.0212258
24.8424,16.747128
0.0816582,5.3360977
0.0,5.6340113
0.0280649,0.14496446
0.0,8.073919
0.0,4.440966
0.881355,5.931008
0.0,3.945712
0.302278,1.8330746
0.110139,2.7011511
12.921,51.603508
19.3857,15.844946
1.04575,1.5519962
1.13347,3.2226958
0.0,3.9255981
0.0149761,-3.4995663
7.29843,4.073188
2.99172,6.827402
0.0,3.5223618
9.86152,13.869125
23.342,22.086805
0.0,3.767558
12.2934,10.176775
6.8565,8.010061
3.1464,7.026596
6.33952,8.79914
0.0,3.28506
0.0,5.628683
0.039932,6.6403
0.180222,3.33104
22.738,17.301018
41.4786,56.310757
0.0353766,0.083278656
67.7941,41.755768
0.0,3.7159405
0.051393,10.139123
0.038487,4.743594
3.80485,4.1577606
0.0,5.924668
21.8819,9.812105
0.343421,3.3396473
202.176,118.60002
115.068,92.137825
20.3765,4.9958944
0.0,2.6358814
0.0,-0.8465972
0.348459,5.610594
0.0,5.580833
1.61978,12.357723
10.7893,12.302729
58.1102,21.314713
2.8793,2.056377
7.52572,7.978752
8.74897,10.533961
7.54107,6.51073
27.1519,38.057602
0.0,3.6751559
0.0,12.276726
68.9289,66.879715
6.86443,5.6105742
4.21751,8.162843
13.6915,7.009015
0.0,3.007008
5.16,5.979742
44.5136,40.989944
4.74927,12.807874
20.6263,21.635765
0.285904,3.792152
0.0,4.6475534
20.9778,15.20069
1.69555,5.408484
0.0,4.830342
0.0,4.4481964
3.83245,7.578889
0.0,24.897682
0.118244,5.7909813
23.5057,27.303255
0.0331224,2.447772
0.0,9.524307
12.2876,4.5478306
89.9161,93.317665
0.944594,6.071123
0.0,3.8207068
127.128,91.07144
0.0,38.553707
11.7336,14.565844
13.7754,14.292364
0.0629815,2.5897756
0.0,3.5577793
0.0,2.6550841
7.72727,9.027223
25.9484,13.006666
79.756,118.992386
0.0,5.668891
0.0365124,1.7237659
0.0,27.621634
0.247991,5.45638
0.0,3.0852144
0.0211065,6.278867
3.10352,5.369097
0.0,6.850443
0.0,1.1698315
0.014271,2.8379855
0.0,5.4754486
0.0806803,8.54338
28.6774,18.923918
0.0120289,5.7770534
22.7331,17.673798
0.0,50.548927
6.32027,7.251193
7.67703,4.7631493
66.5085,41.924168
0.536926,3.5405846
0.128932,3.7372806
0.0352722,1.8350987
4.85685,5.883605
0.465225,2.9533086
17.2728,19.120422
0.784984,7.2256956
1.08249,3.7841763
35.0216,17.194416
0.0,1.455473
29.0439,14.354881
0.288601,3.2830634
0.0,3.2596874
8.76341,9.010225
0.0677474,3.9851909
13.6965,7.3336735
0.0,4.8559165
0.0152709,6.2100315
0.0995296,8.035044
21.9927,20.314701
0.86867,6.4206457
0.0,0.19734907
0.0641311,3.0885868
0.0,3.0169792
0.136691,4.859622
0.336286,8.700745
0.0189604,3.9662728
0.0,4.113382
0.0,2.1034875
63.3414,39.515175
16.7626,12.856081
0.0,6.0047626
63.3518,95.355576
8.45355,5.7107573
0.0,-0.6324911
10.7303,11.211098
119.944,88.72657
27.5158,13.22594
35.4133,18.950138
0.146855,3.6598883
0.0,3.1367993
0.0,6.4958754
7.13458,4.2556934
0.051393,7.9317446
228.807,168.63838
17.7894,20.580679
14.9211,4.2201023
7.8104,10.45581
0.0,6.081517
0.0221257,5.284693
14.3224,20.40105
0.0,4.1248026
7.54107,9.576176
2.19578,3.9044628
12.7752,24.55648
0.0,5.658993
28.1376,18.619781
3.65862,4.7641377
0.472967,7.381281
0.0,5.7310677
0.0556715,9.244907
0.0931813,2.7269335
11.6269,16.03741
0.00905912,3.441461
0.0,4.5093346
12.8249,7.5875654
0.0,4.1667438
0.0,2.4864297
15.2473,8.565414
8.14864,8.384257
29.3295,22.233938
0.0693409,4.0738797
5.64855,2.044825
0.0,2.1377056
0.0,4.1794815
8.24252,4.7259865
8.08582,4.6328163
0.0,1.3089763
7.65274,6.740613
131.78,87.057755
0.27959,1.7864993
18.5812,10.873592
8.87697,9.445897
0.0,3.3419688
2.18394,4.530222
0.348336,7.1709356
2.50381,5.021001
118.158,103.51771
0.835289,12.552358
17.5554,87.26109
0.506815,3.9374487
74.3385,91.833694
20.3765,7.1715136
31.6466,35.605694
0.127013,4.273194
3.53293,10.620693
19.4241,15.220655
24.7151,56.657974
0.0394029,0.39148927
0.0,8.509888
16.8529,12.231231
0.182939,10.779872
3.80604,4.6647053
27.9249,9.099904
0.0471679,6.4113064
4.88805,9.0879965
0.30269,11.040532
24.7746,12.655096
16.651,11.427117
2.62049,7.4809265
0.692599,7.601946
0.0,3.8749447
14.0998,17.764503
0.0481385,4.81451
28.3844,7.252056
17.5554,50.149414
23.5283,9.530347
16.6061,16.353186
118.592,157.28418
0.0105764,2.494453
0.0,5.279063
0.0,5.9210887
113.381,138.73969
10.8169,4.264966
0.0,10.220135
1.62673,7.258816
0.0,-2.082579
0.0,3.4673948
0.242017,3.2058449
0.350238,3.5059662
12.0858,8.411385
25.0313,14.752911
23.6853,28.77036
0.0265841,3.0420697
10.3114,10.127823
0.0711096,4.1589565
18.7859,9.473812
0.0465449,5.2214117
0.34928,4.803853
0.149659,3.178444
0.0,3.8848066
14.4858,15.156822
5.52068,7.4869804
5.61322,5.40825
0.0,4.052844
10.411,12.511743
0.0,-2.1790526
0.00898059,4.9181156
1.59969,2.1301465
0.611214,5.6530857
5.33369,3.884949
73.4181,41.88171
0.0105662,3.6761098
23.1255,8.268659
0.0,4.6568594
0.551348,5.2188835
82.9068,73.13481
0.00874122,4.2145143
0.0123982,2.2566059
22.5498,12.792374
0.0708623,4.5615544
0.0415295,6.3210583
0.0,4.046109
0.0,4.86418
0.0,7.422124
0.125447,9.766349
0.556871,4.929429
0.0,5.869034
0.0179047,6.152215
51.7063,21.369545
0.0190806,2.6706498
17.9272,24.464102
17.6053,25.85205
0.0,2.9940531
0.0,6.500555
0.0728872,5.926573
11.4688,8.676698
48.03,30.862917
166.341,88.07968
0.0,3.2815151
0.0,3.8948154
0.0,3.4707975
8.74577,5.1566477
0.0,5.812564
46.7275,24.229067
0.0991119,5.07786
4.30371,4.481288
0.0,3.7782912
11.9299,17.169367
3.62445,4.2364583
0.0,2.302597
0.0,6.44261
21.2436,24.229189
0.0,5.0550776
16.0687,23.801458
17.5688,21.11043
0.665929,7.155695
2.16714,4.8267875
11.3911,10.920712
7.38977,5.299895
0.0,4.998296
12.2701,35.385162
68.7,100.84139
0.0,0.44760132
0.0,4.6858864
2.60344,5.5933776
18.9302,13.740091
0.454844,2.7394228
7.65274,10.612235
7.18879,4.4448705
6.12865,6.11407
0.0158816,4.5011225
0.0818675,28.126137
16.651,10.994095
0.0,10.6890955
8.42815,6.816925
21.2436,25.940235
8.54713,1.5146462
5.86462,4.7433968
3.28353,5.245019
0.0,6.5124474
4.54892,4.269702
25.1973,37.24432
0.051393,7.5513945
0.521266,7.467695
0.0,4.9527645
21.9927,9.890789
0.0,2.800147
0.0,3.3727918
0.0175659,3.1180532
15.8345,22.56082
29.7447,28.235577
0.0,3.1683161
0.0,7.5065517
0.0506962,6.3488407
52.872,49.2371
3.42239,4.130698
24.8118,14.44518
0.132446,3.2365198
0.0126881,1.0869036
0.0506962,8.528918
0.0,4.935048
12.5903,24.768644
13.1864,11.403036
0.0,6.797117
0.111079,2.730772
0.0,4.19158
77.4792,70.83198
13.8431,10.577829
0.0,5.794835
63.3518,59.366737
0.125561,5.777269
0.0,3.0161371
2.02652,3.484601
0.0,5.2579017
0.0,3.7791266
0.0,8.597039
0.0747677,5.057625
10.5207,9.376582
19.3636,14.426207
0.0317711,4.8725853
0.0,7.160907
12.3578,15.229455
0.0,3.1632814
0.249562,3.7079253
0.185588,4.8858557
0.571642,2.9319973
3.74162,4.543807
0.0118243,3.7990217
0.0,5.0583735
2.35672,6.34906
0.0,66.55076
4.42726,4.2019124
0.0,1.878582
4.64645,1.7851957
134.69,207.557
0.0,7.21332
10.5353,11.17068
0.428143,4.2359724
0.0,3.8117511
0.0,2.2388258
0.0220383,3.252848
5.52068,3.9141297
28.7411,26.339594
8.61256,16.218786
13.6965,6.700268
194.673,61.189186
0.0,7.271533
5.19077,5.373372
0.0,3.0896
13.4987,13.220159
38.3952,52.2788
0.0,9.501877
4.06638,5.65473
64.9969,48.05761
0.0,2.9083056
0.0932137,9.929821
0.0,2.9956784
1.47614,0.10425019
2.88903,45.16512
0.0,5.7237635
8.44341,7.9590626
22.8508,17.613945
10.7792,7.7246294
0.0,3.2975745
0.0319278,2.298388
7.88268,16.071453
0.620032,9.635597
6.34684,4.7761173
20.5422,9.695653
0.345062,7.034317
74.0086,14.866671
0.0,1.940114
0.0,7.443529
5.14393,7.109805
13.2992,10.504978
0.0,3.2507067
3.35923,5.6384144
10.4744,9.59184
0.0,3.6612623
9.97045,11.264483
3.08833,11.995563
4.91671,5.053003
3.62445,4.7834287
3.12215,2.0512562
67.7941,75.99735
0.0116914,4.216549
7.0301,7.4866247
1.55914,0.23264456
0.287353,0.54018927
0.0,3.9068632
0.0643914,4.1516376
9.4149,7.274044
1.17931,6.3515825
11.8329,11.029811
0.873785,3.4911098
0.432452,5.364661
1.09322,11.537915
5.95518,4.6828876
1.06489,6.0821586
0.019328,3.221806
9.59899,7.3648643
49.3181,52.122864
0.144784,3.1038306
31.5645,11.253162
18.2317,15.421287
0.0,6.7303476
0.116093,2.203257
0.0130207,3.2468705
2.90635,6.0684156
0.0,6.6138554
4.88125,7.4464655
102.178,74.26474
147.739,152.39876
17.5639,21.34535
0.00570185,2.6598792
28.3403,27.7858
0.0,4.1793823
7.26956,3.5873148
0.0,4.1023107
14.8266,12.036837
0.0,1.9280111
0.0,4.9974117
0.0,2.753272
0.051393,6.375218
31.6466,8.394563
18.8462,18.998901
15.036,13.489211
4.0694,5.602871
9.03346,8.475609
4.6505,6.066227
0.0,3.374403
0.146158,6.765442
390.418,137.21458
11.1051,5.0436926
0.0,2.9096897
0.36613,6.2634635
0.0173308,5.8975453
0.0,4.6333094
16.7667,6.4370937
0.802453,3.0498555
0.205377,-0.0882206
4.61138,7.6267643
0.0446752,5.1121197
45.8853,36.941086
46.9265,11.032667
19.2937,21.299604
10.1657,3.6553073
0.0,5.6815395
15.4517,13.787754
0.222996,12.547929
0.0,4.0551887
0.00874122,2.1679776
0.0,13.109214
0.571642,3.911273
0.202952,3.6566358
0.0,4.116894
0.486588,3.9466996
0.0,3.3539534
4.69825,10.347019
0.0,7.084957
0.132043,-0.28304338
0.848641,4.7963524
1.47888,5.0164313
0.0095824,4.6569767
0.00840599,2.433451
0.0,2.714627
44.3922,23.398184
0.0,3.3000183
619.796,170.68614
0.105717,3.7715561
0.0,10.401104
0.0,3.9859319
0.0,7.5435276
0.0,5.1733785
3.66676,7.4709883
0.0,118.8485
2.93468,3.476602
2.59898,6.1830473
46.5089,34.272503
0.0614197,9.540081
0.0471991,8.60841
0.431208,14.451334
19.419,14.2535305
0.0,2.4619305
0.0,5.8133497
0.0,4.2107487
14.6904,10.768091
16.01,25.501368
0.0400654,6.2561235
0.0284184,7.617799
0.0207901,-1.021971
31.889,21.685549
19.5575,9.9317465
23.714,11.189048
0.0,5.00451
0.0574672,-0.3383844
0.127812,5.0834193
0.0,4.2442393
6.10661,4.148185
0.0,2.1717198
12.6111,12.072493
145.325,35.104626
12.3076,7.412657
0.170468,4.124014
0.0535125,3.0748801
21.9853,36.635174
2.74808,3.6716056
0.0,4.4503636
0.0,4.4809456
0.0,3.7285185
0.66808,4.6071277
0.0,6.3615084
0.0828994,3.7918258
204.381,183.04826
0.0260972,0.852056
0.287353,5.5722113
2.93695,6.7458124
11.6114,7.1602507
10.919,17.271866
0.0912077,4.4898243
0.411408,8.321349
14.2404,-0.64241624
0.0,4.292049
0.0983347,2.769117
3.51618,4.581854
16.4925,13.942877
0.0165132,3.145054
2.50749,12.217128
0.30508,3.2785926
0.0683978,60.96867
0.310734,1.3495941
15.0913,12.277047
0.0,4.872442
54.6051,35.724854
6.5619,7.6944933
0.0,0.67889047
0.064272,3.5168104
0.0184449,3.656943
17.9953,4.985277
0.0,3.1509008
9.4149,10.428234
10.3538,8.45768
72.7336,48.238632
0.0594986,1.2077044
6.18583,5.6906652
6.42487,9.603194
23.1255,29.432043
46.8588,81.0203
2.66844,7.885804
16.651,37.516094
94.5804,55.277794
5.20467,3.762696
12.2934,14.293387
47.0054,37.044678
4.54892,4.733571
74.6054,89.523926
0.0,6.2026253
4.545,2.5794747
28.5329,31.089931
0.534861,1.9942769
98.8142,44.65447
0.0,3.8706982
0.0,4.1670065
9.07465,9.873346
0.313107,2.5824192
0.0,2.9741242
0.0933876,2.9780145
97.4002,69.19243
4.30556,3.6891816
0.0,3.9222627
0.0,4.55566
4.43243,5.17861
4.17273,7.0879984
0.0995542,4.71686
21.4696,15.1469555
0.0,4.5902443
4.70951,6.0732527
0.0,1.0146644
0.0,6.929887
3.12215,2.9089372
26.1965,23.649698
0.0,3.461296
0.0,9.192041
0.0,5.726804
41.0142,13.64779
0.051393,-0.47196627
0.788297,4.131193
0.0656044,0.68532324
19.1377,5.188602
0.662044,2.9349828
18.3982,8.514527
10.5733,15.707108
3.62445,3.859277
0.0338607,6.1779747
4.23574,7.0055046
0.249562,3.3394608
0.0,4.631262
0.0261254,3.2255898
0.0156715,3.84053
15.4143,4.9313636
0.0304709,3.0376055
0.516177,4.783642
0.0,4.8274245
0.0782584,4.9935713
0.0874501,7.835719
0.0,5.2820635
0.830667,3.6818943
3.905,5.834055
0.0,7.885542
0.0,4.307685
0.0,5.8625946
0.0,2.115198
55.5987,56.8951
0.16686,0.62089086
13.7455,7.84099
0.49188,6.417222
0.0,8.828475
24.2703,10.18042
0.447712,9.549219
8.57879,12.927149
0.0,7.924816
0.0,4.212674
0.188743,8.068129
0.051393,9.506405
43.0166,22.39524
11.5443,10.936245
4.545,3.6656308
0.0,2.0432196
4.15016,10.589343
4.75134,8.777113
0.0488299,17.236935
0.220585,4.2109456
12.2934,18.231167
0.233384,262.93015
1.13365,5.537588
3.24267,7.8025084
8.76273,13.670107
0.0,27.180124
19.8622,13.934768
6.31433,6.294464
1.40205,2.8055098
5.1564,4.5088654
5.80679,10.7595825
2.38815,6.460475
4.14537,4.9263268
12.3076,10.020362
7.05799,9.014108
68.0183,61.52766
0.0,6.9419117
26.234,17.795483
92.574,173.31427
0.0,7.706606
17.7654,23.863167
2.15402,1.7306347
0.0,4.76381
4.47577,7.48534
0.0607162,5.001643
73.2579,62.695347
6.71538,13.158841
0.0,4.365753
0.0,2.7407928
0.0,2.737283
14.363,9.208983
4.61967,4.699027
0.0134494,5.134033
4.39634,6.9651556
40.1683,18.67052
0.0,3.511763
2.85588,6.0769124
0.723186,5.497262
0.0,5.0611525
0.0,6.430003
5.34906,2.6771142
9.47558,5.5842605
6.45041,8.934694
0.05843,7.6418324
39.5927,49.39147
16.4925,25.155092
0.0230888,4.141924
226.146,201.27121
0.0629815,2.7229247
2.32039,4.085947
0.0263495,3.455072
233.507,100.886154
0.0,6.1987724
2.05782,2.8111286
0.0,4.3678374
0.178451,6.801217
0.0154189,-1.1263838
0.056775,3.492024
0.797986,3.311872
18.6327,17.985413
0.0,4.1119556
9.86318,4.552159
17.542,6.5171394
11.7339,19.179089
21.7269,23.621603
0.0,1.8584905
13.1918,11.417196
5.56243,5.335922
5.1564,7.1791735
0.571642,2.2595873
4.02702,4.263561
0.0,4.042472
5.29795,4.4741254
64.5569,54.072006
17.4721,13.353189
0.250134,3.1494675
0.0318162,4.488474
0.0,5.8544993
4.43543,5.0538893
10.1766,6.089678
0.101706,3.7659895
0.0173851,3.7232847
3.16409,6.089079
34.1317,60.925144
0.196792,2.9763887
0.0,6.736786
28.3986,16.839506
0.0466107,5.9286613
0.116668,0.78354645
0.0,5.8934317
9.4149,11.49724
0.0,7.576295
1.76379,4.8739653
0.0,7.0151196
0.0,5.0890737
24.2768,16.141336
1.19533,6.8409176
0.266531,4.7690716
47.994,27.02226
200.795,144.27287
33.7248,46.959316
64.9969,32.31229
4.05019,7.6789417
0.0,4.5111866
20.6573,37.141804
73.5802,24.345396
0.0,5.698684
5.35623,6.436393
21.2796,14.728788
16.4599,8.697637
6.32027,6.9663115
5.1564,5.6353807
0.0,1.9209319
0.302419,5.5612864
43.2114,14.283967
0.0,3.5346227
0.0367091,4.5884686
0.0,5.108363
0.0374623,-0.6350832
7.09226,6.1122413
1.49864,5.0728292
0.0,5.247385
0.161673,1.823147
22.7051,36.57717
4.89894,8.842847
2.54738,5.261283
0.448151,14.196264
53.9364,41.993782
12.3079,11.532664
0.0,3.9143832
0.201269,6.592786
8.4425,6.361265
0.0,6.1970625
0.0,0.75779474
0.0163727,4.199086
0.0978433,4.294788
0.857712,3.918814
0.0,4.441722
13.4342,13.994887
0.922114,3.638812
0.0623884,3.9743915
0.0,5.9699264
10.7625,12.69194
24.7117,29.643124
0.0263778,3.5745478
17.3043,9.901067
26.3396,679.40027
0.556485,7.4340143
0.0,6.6544065
8.40584,8.568461
0.0179047,6.2443137
0.0,3.990837
4.8807,5.3809156
0.0,2.9132962
0.0362784,1.5109874
12.7947,13.492298
0.0,4.356097
0.0,3.993543
4.44712,11.305939
0.0260902,4.047489
12.3842,3.9438071
0.641705,13.503688
22.8231,15.531652
24.6137,9.351593
169.985,132.89893
0.0,3.5617585
0.0198133,4.029043
38.0254,35.0303
0.0,6.862399
0.0,6.028225
4.88149,5.1296225
5.64967,13.465863
89.741,64.34563
85.2341,43.287453
0.0,2.7445536
0.0624708,3.9208791
0.511384,3.1537333
0.189148,13.510944
0.0,-0.7734091
22.8781,21.106222
1.81158,5.2542324
0.150812,5.749597
0.0,2.008319
0.0,9.326772
16.6565,10.101575
0.0,5.9645047
0.904192,13.70464
0.0,6.062016
16.1526,4.0188046
0.0,2.6943452
10.5869,11.775951
76.748,60.571987
1.73952,4.821055
0.693186,4.8774066
0.242017,2.7554126
15.9535,40.149136
12.5903,20.24564
0.0546572,-2.032879
4.0982,4.3930883
0.303486,4.528483
13.2992,10.001016
0.156531,4.878376
0.0734416,3.7076156
4.65611,5.484539
0.0,6.444771
4.23574,8.081657
0.0508101,3.672934
10.2968,17.48312
0.0,5.9920406
9.31878,6.768632
3.60053,7.38352
1.43498,5.37547
0.01066,3.1750898
0.00881279,4.91559
0.684311,5.4635744
0.0,3.7389133
394.63,606.99554
0.212785,16.052797
0.0,5.236332
0.0,4.6599507
24.5863,19.569695
0.0,3.8290439
0.0,4.1873846
0.0,3.980937
0.0,4.3191137
4.30556,3.793398
0.571642,2.5724595
0.0367091,2.9898074
1.00021,4.963339
0.0,4.2015724
0.0,4.9409018
19.6733,11.966976
0.019213,4.6946497
10.8958,23.936531
4.48616,5.608061
0.0,5.1757307
0.0,7.4959745
0.02025,7.674183
6.73429,7.6979265
6.71538,11.470145
18.6327,13.864454
11.7977,20.091568
0.0538977,4.903286
0.0,5.121745
0.0,5.2043934
1.05183,3.6184042
0.152073,5.8522367
228.807,125.43198
6.84908,6.7650204
0.0,3.6398313
0.0,5.4907575
0.02025,3.8898065
0.0272644,2.3940918
60.559,92.371765
0.0,5.9261475
37.887,18.064583
38.1966,61.52855
31.5581,24.492306
0.0,3.2235851
3.16878,8.577638
0.711576,3.610497
0.0264548,2.7853332
0.0,4.494437
0.0,7.6163235
0.0,5.5606785
0.142361,2.3593032
0.0343245,5.355357
0.0,3.8700817
0.0,4.7877703
12.5176,16.688137
0.0,4.8602486
0.0,4.290715
6.71487,4.5337896
8.203,9.572415
16.651,17.453491
12.4505,6.79424
0.02025,4.3468156
0.0,5.237012
6.98693,4.6121855
0.0,4.090567
18.5521,8.458582
19.417,23.82944
0.0,3.35442
0.0,8.744273
7.18911,7.388917
4.91365,4.8358335
1.30596,3.0396981
53.941,45.886772
0.0296404,1.7814027
0.0,5.051626
18.2872,7.3646727
12.893,6.208634
3.298,4.3932223
0.635897,5.94905
0.0,2.235809
16.4978,20.15815
13.3789,8.800667
0.0,4.3127437
0.0420161,-0.7329254
0.0,3.890252
0.0,4.780776
19.7835,23.084444
39.4874,41.975483
8.203,5.860118
41.4786,48.949257
0.19443,3.5358136
12.6355,10.876456
0.0,3.3357522
0.0916382,17.55472
1.32143,7.0762863
6.08989,6.0440965
2.66984,11.111372
0.0712323,4.6065636
0.0,3.4868252
20.3765,12.915928
194.475,145.30348
10.5514,7.575577
61.7468,43.48579
0.0,3.370324
0.0,3.0645552
0.0973958,4.5290127
0.0,3.2612174
186.492,128.81686
0.0413947,2.3537097
0.00507226,5.4059687
0.947508,9.007199
0.0,1.2207099
17.6518,20.13534
0.21423,2.3185697
8.76273,15.518757
0.0121487,1.5811352
0.0994218,3.7187147
73.3554,27.676485
0.0,2.2136388
0.0,4.461575
0.0324436,5.6232414
8.20827,13.704275
0.0372422,3.2763722
2.92301,5.391985
375.08,324.77747
24.8676,26.633974
0.0219448,6.4132595
0.0117783,5.802841
0.0,4.0783553
3.9012,6.2913914
0.0,2.8690758
0.0127622,3.7358472
1.79644,7.9304543
23.0886,51.96901
0.0462409,7.038289
0.0,4.279987
0.0,4.134813
0.102512,4.3686986
0.0,2.0376167
0.0120289,4.800416
39.6085,33.84184
38.5095,40.749176
4.29596,5.017878
0.0744665,3.5331836
7.29016,11.195654
0.0,8.508878
4.40395,14.138808
0.0,3.996923
0.0,5.1877522
183.183,70.97146
14.4733,8.119597
0.0,30.578804
24.1123,2.3172886
9.36233,5.465071
1.59969,6.58239
3.17558,5.8025455
0.0,4.823891
0.435642,2.7117343
0.0,2.6690874
4.68332,6.531349
0.0,4.548874
29.3384,28.687008
127.302,67.27634
0.332686,8.241937
238.224,357.73224
0.335168,2.6739748
0.392828,4.75572
4.33664,4.2017803
11.6675,6.656272
18.24,28.585548
10.2463,12.763321
0.0,5.4673853
3.48165,7.1038904
0.0,3.2850893
32.5391,22.34936
0.0566512,3.0248628
0.0,9.515538
25.6866,33.569065
0.318302,4.8141418
0.0,6.5467014
20.9778,17.526623
0.0,2.5495996
4.27029,3.8721938
24.4512,24.09931
10.6332,6.0896416
0.0,3.5356202
0.0181711,8.081481
3.08732,3.7099082
10.4071,6.8176327
1.1092,2.348309
0.0,4.5358505
0.0,3.4911437
119.944,107.46097
0.0,4.297867
5.78663,4.2569404
6.89648,3.4822557
0.152073,2.8312473
9.31878,6.6040335
40.7339,46.781002
0.0,4.755206
254.401,317.3099
0.0733279,3.913323
19.0873,12.670334
0.0,4.892762
6.94318,9.110048
0.0,3.9362278
183.183,152.88893
2.87896,4.975089
0.0265841,5.541933
1.84481,5.768913
0.0,14.719715
5.56785,10.476118
0.0,5.56918
39.8531,37.540432
2.23965,4.887639
23.2156,26.626743
0.026748,4.121149
6.71538,20.167225
0.0934376,4.288708
0.449599,10.613232
0.0,3.1678283
8.49649,8.401194
0.0,2.3754196
0.014177,7.4196033
0.0,2.9016995
0.0878932,2.2637138
12.3842,2.6891918
0.235814,15.959302
0.111489,-3.2383626
9.97045,6.0760136
0.355212,3.0326285
0.608544,5.145134
0.0,4.428211
55.562,77.92701
0.0,3.8143678
86.3551,92.42694
12.3122,2.641436
12.9819,28.730822
0.339419,3.1873088
0.0,3.5795045
0.153151,3.3180585
3.71382,7.86625
17.243,6.8177385
0.0,4.4771957
35.6741,34.662746
0.0,4.3775578
0.0602178,2.9865503
0.0,8.354691
0.0,4.5341525
23.9401,12.255629
0.0,5.178816
0.0,0.91527104
13.7404,8.109102
19.8113,5.454607
26.3643,-1.3295197
5.74901,9.717487
0.173196,7.646575
1.21839,4.9402237
0.0,5.893096
0.0799979,3.3393915
0.0,4.5134954
13.8689,10.099238
0.0929124,6.101736
0.0,4.0816593
0.0317417,2.5996904
0.0,2.8754158
11.9973,5.1940317
0.290254,7.461211
9.45517,9.886299
1.93182,4.6403136
37.4445,217.81024
0.0,3.3289397
0.0,4.442699
0.0,4.584117
0.206906,7.2768784
0.0,7.770688
15.9221,27.75904
0.0319278,3.061463
0.655056,4.056373
0.0,4.4745855
0.816387,7.4462357
6.13331,4.3285265
0.193732,3.5905657
0.386214,2.7407303
23.5057,22.823978
0.0,1.9843323
0.551099,9.244786
0.224358,0.5854585
9.13074,5.361635
0.802017,1.2467606
0.0855931,4.5644865
0.0,5.237682
0.00557799,4.833002
1.54364,4.182437
0.0,3.2217553
15.4048,9.519771
0.0234646,6.169896
7.86301,5.3274107
0.0,3.2227461
0.0,6.348319
0.0,5.016115
16.9321,13.008635
5.09676,3.574052
7.67293,190.20728
19.4241,13.09365
0.0,11.3245945
0.0,4.458461
0.0734416,2.3715072
0.0,4.3209124
49.7618,63.883183
3.24636,8.839694
1.44842,6.931712
2.02652,-0.9778664
31.889,30.685299
0.0,4.504162
32.2663,21.299744
0.0,4.3283195
4.27029,1.6706424
4.71807,3.6985135
0.0,6.589656
0.266052,9.187281
0.0,4.1650963
0.188096,4.3813257
0.0355736,2.6103516
0.104649,21.016544
93.6125,61.411026
0.0764948,2.7409594
0.0,3.4856176
0.0,2.2508762
9.11947,8.965854
27.2294,21.430294
0.125719,2.3734558
0.552373,8.316025
7.53909,5.1955056
0.205114,8.02443
0.0,0.49436295
9.77936,11.070412
0.123711,9.004924
13.5683,22.43016
26.1965,20.293396
0.347743,7.098876
0.0,5.310545
0.0,3.2294304
0.0,4.00175
0.0,3.2742386
0.360438,4.840794
0.0,12.157457
0.0139526,5.4088287
32.2663,19.047415
7.05387,15.852258
0.42481,2.0063982
0.0,4.5780315
5.52528,12.008505
0.0,4.7481174
0.0260798,9.005984
4.21751,4.8971567
19.3477,9.638734
11.4609,25.530262
7.18879,5.2280703
0.0,1.8772113
41.4786,31.868908
3.02612,5.1167784
0.571642,3.0073595
0.0,211.02179
6.57764,2.7757416
3.08732,7.392412
1.7788,5.796009
158.563,87.22705
12.0386,5.549491
17.1223,13.978701
38.704,31.75263
0.613407,4.2271185
0.0488522,4.6235123
11.0866,6.4092073
13.2521,22.734493
41.5662,17.314411
0.0495457,3.1019952
12.8443,11.659381
1.22246,5.59898
21.7924,21.3285
0.0410295,3.4896188
4.74927,7.9768085
10.9414,24.135826
10.4071,5.856019
0.0,4.4278297
0.0,9.879852
0.0,2.9235725
46.8276,47.57446
3.14507,22.619371
0.531442,3.020547
16.4599,14.780218
0.0,4.673954
0.430817,2.692418
0.3569,3.525875
987.415,884.92725
0.0490222,3.9644043
0.0,10.451427
33.8268,31.033443
0.0443425,54.655228
37.4822,46.78093
2.68224,9.96044
60.3985,42.96082
60.2843,36.572693
0.0,3.022913
3.8058,10.416153
5.07241,13.315914
4.30556,4.9415984
44.0342,24.750927
0.0,2.8334343
0.0,2.5648236
27.4498,20.660875
0.0,5.049987
13.3634,13.400959
5.41455,5.157472
254.401,180.35022
11.1964,13.53033
0.0,4.870965
0.0153647,4.410606
0.0,2.471374
0.0,3.9361596
356.985,326.63397
39.9616,66.718475
3.93496,5.701438
0.0,5.4083433
25.2905,2.6744986
0.377013,11.424403
8.1665,7.9017735
1.11466,3.6113381
3.42239,7.8037977
0.0,5.397815
1.74564,2.4342806
0.571547,6.781145
0.0175443,4.803165
0.0,4.5448103
0.0,1.8200436
20.945,21.315456
0.0323338,6.283072
0.0,3.9351225
0.051393,5.806135
0.0,4.955145
0.0,3.8639932
14.6904,7.121134
0.0236457,4.7439365
22.7485,9.370607
0.0546348,-1.6553175
9.35322,9.7339945
78.2679,2.6522846
2.55055,4.631118
0.430817,4.93733
0.21423,3.6197746
0.189737,4.4405146
0.0,2.598457
0.0526354,6.4190845
0.0558912,7.7252073
0.0,3.5634432
1571.01,610.4935
6.94055,7.890648
0.0,4.8870153
9.38405,7.665083
26.7938,35.53878
0.0198062,4.0343175
13.0144,6.957139
41.0052,22.138584
2.58875,8.163208
0.0,40.998905
0.302613,10.072303
13.2476,24.720627
0.0,-0.912199
51.7063,33.408688
12.6788,12.099922
24.8424,30.847254
17.2867,9.154017
0.120171,12.167077
0.111079,4.210125
4.7978,7.878641
19.4284,15.019034
2.89723,5.285672
24.8885,13.271546
0.0478645,8.728332
16.01,13.997909
0.0,3.2897534
10.4902,14.397648
10.067,7.5077095
12.4125,25.14718
15.1906,17.562801
0.0194959,0.6153563
0.95049,6.5145197
17.9989,18.11564
5.4147,2.828866
1.93542,5.854212
0.029801,4.0602465
4.39014,5.4487877
53.3411,20.061523
0.0,4.5903788
0.178451,5.705871
0.0,5.920941
7.2347,8.081272
0.39772,3.848356
7.50714,5.5392876
0.0,4.2705255
5.54165,3.334714
0.0,4.4701543
0.487577,5.316683
0.0,7.026265
0.0,7.9542913
0.0,7.3461943
0.0,3.8931694
2.0161,5.6348495
0.0496801,4.7464414
0.0,7.1654367
282.73,135.31433
6.61661,2.982462
220.719,186.43219
4.7267,9.647986
4.06206,5.892547
0.0,3.6750324
0.127069,9.517669
0.0194991,2.4778664
0.0367926,29.855286
1.27446,11.285972
0.0,3.7233462
0.0,4.7524796
0.1146,-1.196218
0.0,9.666808
4.94061,6.8132925
50.4777,29.004848
0.517011,4.676194
0.0,4.7777047
19.7847,19.103603
0.0222586,4.66395
0.0,2.507952
75.9912,49.267796
0.443035,6.7271776
0.366138,4.265276
0.0,5.057292
0.0729982,5.18752
0.0,3.68441
12.2738,15.956073
0.051393,8.499118
0.0284184,4.5478263
2.41969,4.0217996
8.61474,30.157457
0.0444804,-0.3536513
5.59568,21.1837
0.0,6.1663914
0.0,5.7502584
6.95536,9.663181
8005.12,3712.85
0.0,0.5002639
0.0652121,4.6655436
0.0995296,2.8368268
1.67114,10.064751
13.1106,12.809812
0.0,5.6928644
0.0,0.61839736
0.0230888,4.291087
0.0,5.16341
0.0,6.673064
0.0,6.1258707
0.1573,1.8346071
40.0218,30.674488
4.91671,6.6015987
17.2133,19.559542
4.8686,8.157946
0.0,3.2801678
27.0281,21.822496
0.0108131,4.4959946
0.0,5.3543634
18.3982,11.188478
0.792194,4.101307
0.0,2.9591444
0.242017,4.320638
0.0,5.2966604
0.185535,5.0216646
14.2404,2.908894
0.0,10.336878
17.7654,7.6218233
35.0486,59.96101
9.73844,10.28359
18.9464,7.89581
0.0,6.565651
0.0,5.1292186
0.0,4.7330236
0.0,7.4031982
7.68337,4.483122
0.958575,3.5044742
8.51378,11.119348
0.0,4.480925
0.287893,16.93895
0.963283,16.340513
0.101265,3.9700394
0.0,13.693437
0.0951306,5.7557364
0.872144,2.1801758
60.3985,50.429985
39.8526,35.393387
17.8849,12.295913
40.2252,51.27998
5.52068,2.8337708
0.0,4.5841613
8.57879,7.351597
0.0,4.690499
1.11804,4.3432307
0.0752463,12.77322
0.0,4.0948815
120.835,99.37138
8.15758,8.361622
0.0,1.342052
0.134655,4.3811035
1.47888,7.9933205
4.39634,5.082045
15.1728,18.629148
0.0154189,1.34798
0.0149761,1.8887146
102.047,61.65161
38.012,40.68648
12.5134,12.986652
91.3823,127.19876
0.379094,4.159972
36.2545,37.444443
0.0,2.623021
42.5758,24.470476
21.4867,23.065512
21.276,23.167646
0.0,5.088085
96.1357,7.7028656
0.0734416,3.3655465
4.66285,15.712341
0.0,4.7822323
19.1486,11.486306
16.0206,8.941194
0.0,6.971508
2.57364,4.8482122
9.47653,5.533493
0.0,3.097508
38.012,51.284195
4.87503,6.554454
0.0,12.505236
21.5036,23.137995
8.46153,4.2653027
0.0,4.3260317
0.0,5.908474
4.09223,7.2957344
18.0396,10.543735
0.0688739,3.9630651
0.0,4.5979714
0.571642,1.4131534
0.795791,4.54836
16.9321,33.727184
15.9952,14.605989
1.00418,6.414403
2.8163,4.968541
47.6788,19.997318
0.0,3.5766926
0.0,11.1354475
7.67191,6.6968822
38.4291,28.243818
36.1941,30.895344
40.1683,30.616789
0.0159457,2.0861998
0.0,1.6006694
27.5817,41.53813
0.0,5.7069626
11.879,33.588287
45.9377,46.06039
0.0,3.4420974
1.34825,3.6900005
5.69439,9.3745165
1.98158,5.150235
47.7297,33.037792
14.3642,14.321185
0.0,1.5720532
0.0,7.55017
0.301719,3.1541443
0.0,6.1505303
0.0,4.296451
10.8713,13.452129
0.0,3.8532403
10.919,16.884531
0.0,4.1322093
3.85496,6.4955673
44.0179,65.98574
0.0,5.0096498
0.0,7.827115
164.454,42.475857
7.94747,6.7763186
6.21198,7.9991035
15.2572,18.415768
0.0,3.242847
8.14611,4.2469134
26.8874,18.769209
0.0,3.207912
35.0486,40.291912
13.4342,12.032816
0.0701119,11.319902
27.6206,26.096184
0.0350783,4.444145
81.5728,107.55083
24.4512,20.197044
82.423,70.068306
2.73699,4.7742414
74.3385,54.478382
0.0,6.374602
0.0,5.8819613
0.0226457,6.1168375
22.5521,19.915028
20.3765,4.982939
0.0,5.834137
74.3385,56.66748
32.5872,16.437263
4.70244,5.9588747
11.9358,10.731795
19.3857,62.07774
0.0,1.8509506
0.0,2.7513015
0.048191,5.929915
0.0,5.151539
123.482,132.90718
0.0,4.215956
98.9403,58.57853
18.5812,8.120404
26.5832,7.474064
0.0208458,5.2374296
17.0974,5.9925566
0.814287,11.128788
0.0,5.2321806
0.0192044,1.0494596
0.0,4.0880966
8.4425,6.9946632
22.6518,9.067191
8.60295,5.8364663
0.080121,5.6754026
0.0,3.524851
0.0,6.609131
0.0,-2.3797987
7.75207,9.696217
54.3593,128.85818
18.2965,16.154457
0.0,5.2709794
3.24636,6.011158
0.0,4.411787
0.0111961,10.295509
0.0,6.0410814
0.0,3.1858232
0.0,3.6190748
0.0,1.8716991
0.133885,6.3392406
0.0,2.4917128
0.0,7.6067524
3.97178,6.3052683
11.2602,13.017415
0.0,4.8829856
8.35015,10.213545
50.5877,46.907764
0.0,6.340022
16.7444,23.042141
1.00264,6.135136
18.2878,20.501825
24.6299,22.020082
0.0,3.9307349
3.42946,6.8829336
0.0,6.183466
9.90804,4.2604675
0.0931813,3.421009
0.0,5.17515
0.0,4.6012278
1.06258,0.25665116
3.5456,9.047585
13.9068,13.385412
0.0,5.8193083
97.3386,78.04576
69.2914,51.047794
13.7491,14.464743
0.393714,36.14833
0.0115644,4.1011176
12.3842,3.775022
0.0,4.4340267
0.0,5.847554
0.0,2.2585442
0.110217,4.5636206
11.1964,10.084226
0.0924405,4.2377167
0.0,3.8205972
0.0483123,3.372159
0.303486,2.795754
9.20186,9.041027
0.0,3.581112
0.0,4.9068995
4.67708,4.6771207
5.88866,3.4675515
0.0,7.5350714
0.0,8.204977
0.146168,5.050417
4.43243,4.298708
0.0531086,3.9245362
74.3385,60.806057
11.9212,15.244108
5.34906,5.911593
0.0,3.590385
0.46676,3.4392693
12.3357,10.1271105
0.0137033,4.243093
21.4206,26.364178
0.0,4.9143715
0.0,5.8661613
6.26589,5.493628
8.74888,8.758988
1.54324,28.704866
10.5207,6.024527
0.0,6.6726637
0.0837063,3.988338
0.0,2.250227
12.6881,8.859809
0.720367,4.597643
0.123954,3.6891313
16.1449,8.056854
2.91784,3.1499906
13.7664,12.221138
4.24814,3.1521761
0.0,5.6952467
0.0,6.1103773
8.84733,11.19162
0.0,9.773231
0.0240603,4.346184
6.41882,6.285965
9.47653,5.914359
6.94088,9.091037
5.31933,8.027161
0.389651,7.0811834
1.89412,1.4308279
0.195654,6.464135
18.1396,16.703127
9.9387,7.1640186
0.0,7.2429905
10.0159,7.1564198
0.0,2.916492
0.0,7.240551
0.456012,4.055091
0.0485775,4.7976365
29.3097,7.6716976
0.150153,4.1624293
0.0,5.745059
16.01,14.701935
47.7532,16.933893
0.0,4.60487
0.0,0.99412334
0.0,3.1064186
0.0,6.0808196
4.17273,5.791865
19.9297,20.62012
1.16603,7.176506
0.0,3.9706483
3.72976,4.1714253
43.0166,14.638578
5475.9,3.2963681
5.30832,6.430341
16.651,14.398961
40.0706,37.480858
0.530209,5.5706635
0.0233739,6.3087664
0.0,6.686738
11.4504,11.342743
0.0219642,9.726886
3.50103,4.1177206
10.0219,14.763485
0.0,3.4462662
0.0388813,9.386322
3.4258,4.170489
0.0,6.1318583
29.3585,50.270798
1.04998,7.852996
29.376,9.926916
0.0,3.8831406
12.3578,9.116967
0.0995891,3.7660136
24.8367,36.488358
0.0,3.6220448
61.3169,39.52437
7.18879,3.8750627
0.0,2.9835677
10.5139,6.7348337
38.0233,26.898186
13.5853,14.735046
0.0,-0.5470681
0.356688,8.133946
27.6193,20.845041
2.38815,12.382397
0.0,8.0684185
13.2992,12.589096
13.6937,14.390417
22.8508,20.409805
18.7897,34.49923
3.34965,6.2827272
24.2376,15.655406
4.06206,3.0949156
8.22002,13.082095
0.0,4.886732
0.0,5.5795636
6.89649,10.279176
0.0187744,8.990937
0.0,8.446938
0.0,5.200378
0.216617,4.8117476
0.368738,6.414873
3.31398,5.3875484
0.0417242,9.725062
7.93361,0.7951933
46.8588,60.016872
0.910773,3.97539
7.15171,13.657653
0.0,5.710641
0.0106149,4.3468714
20.3935,13.074039
0.0,3.165455
0.0,8.479027
5.80315,6.2657266
410.978,27.88254
0.0,5.6184072
0.111489,2.325769
0.0,7.197446
36.9073,20.857126
7.13458,6.748477
0.0,4.2147765
93.6125,86.158676
0.0291227,3.1785316
0.0,2.71012
0.0,5.4569035
42.7111,24.786236
0.0,4.0240507
7.92071,9.191265
4.545,4.694442
6.51382,4.348337
14.6375,18.170912
9.79811,-0.08369136
122.353,27.25668
14.0043,339.9202
24.3086,13.129661
0.006161,4.539319
0.756778,4.7627516
0.0342642,5.963382
0.0,4.4252453
9.12761,8.263993
39.6302,58.008915
50.4777,53.68064
0.091918,15.096213
7.13458,6.560503
5.72966,4.801979
0.0,0.8919101
0.0,6.8961134
21.9108,14.045599
72.9475,69.13912
12.5126,16.19483
0.346404,1.0812145
11.1051,4.2624063
4.98572,5.468089
16.1453,16.191797
0.214934,4.8961143
520.227,349.7657
7.13458,6.4808874
0.0132588,8.503205
0.0,4.7636127
0.0329041,2.379608
0.0,4.3838377
0.0296782,5.616555
0.0,7.5376797
2.88764,8.139285
17.6175,15.318233
51.9888,40.43291
0.0806681,6.661929
0.0832326,3.4928544
22.0206,20.592669
0.0,4.0517807
0.0,2.4868486
0.0,4.189997
0.601574,3.6563723
0.301895,2.1710913
0.0,3.1614223
6.91961,8.003424
0.0,4.591856
5.39627,8.091541
31.6466,44.2294
2.12334,4.1864367
96.6188,75.35317
38.3718,11.3262
0.245057,4.4031906
32.6081,19.722113
0.0,6.30975
0.24238,4.4760704
0.0,3.7333992
20.3765,10.222672
0.0,6.4168587
0.0135177,6.6041727
0.0,3.3010123
0.0,4.1988716
0.0,5.749155
0.257871,4.5269156
0.0640644,2.74965
5.52068,5.473961
1.38682,8.987176
4.0694,4.996999
0.346404,2.3605795
260.61,223.03238
3.02521,6.380172
1.67192,8.140804
0.0,2.2307987
5.43982,9.471513
36.5915,74.74974
5.69682,8.33798
0.0,1.8545322
9.21049,4.738344
0.795791,6.014288
0.0347934,3.0138967
8.51827,11.026909
36.2545,27.435377
10.7625,14.888964
0.0,4.1707315
4.07047,5.412998
0.0,4.7008543
0.0,3.6848152
96.4716,71.02498
0.0174847,3.440763
82.423,60.253094
169.204,144.28183
9.16142,6.0415573
4.33894,6.989723
0.0156218,2.750712
0.0,7.215584
1063.86,428.87628
4.61178,5.3954115
2.64048,5.5002146
1.93037,19.061554
0.0,2.51778
8.60684,4.7341466
0.172357,1.3115059
5.0811,3.5952396
2.9214,3.8914561
0.0,0.0946331
4.85574,12.132872
1.13365,6.525069
0.21864,3.58072
20.044,7.1034136
0.00806127,4.5856094
0.918818,2.4845557
15.7407,16.10853
2.08647,3.5310295
20.3765,4.1061087
5.0811,4.2620044
0.72045,6.545186
26.9514,2.5214322
22.6272,27.972248
37.0203,27.844906
0.958575,3.455565
12.6319,16.5747
0.0199723,5.189679
0.0,2.601539
3.71454,-1.2161534
0.0,3.3443198
0.0,2.5570529
0.516177,3.0514464
6.78202,9.244263
0.0,5.1173663
19.6733,16.211105
4.74985,6.0038323
27.489,28.712805
4.21751,5.616624
0.0,4.4320006
0.0216639,1.0343442
1.3366,10.8397255
18.24,18.299292
7.88268,7.612355
11.7411,7.603553
0.0,32.37761
2.68705,5.964821
0.0,3.9384475
5.67805,6.1820188
37.4822,50.77989
0.0,11.859903
0.0,3.0385363
0.0,3.5719047
46.8588,41.813454
0.0,1.2611374
53.2671,3.9364107
0.0,7.1183567
27.1771,24.584066
29.2068,12.9445095
5.24507,5.4411726
0.0265131,8.128918
3.6301,3.6520119
0.117478,5.9758606
6.71487,5.3037186
0.0,3.3707294
0.0309322,5.5029397
0.0,3.6218643
21.5036,23.71184
21.5036,26.05056
0.0,6.131525
1.55502,9.717388
0.051393,9.323437
19.5016,16.196959
3.29546,3.4040031
0.885176,6.7688913
2.71723,3.8225775
0.0,3.2970214
9.31878,5.7885723
0.0,5.5800104
11.613,16.285885
0.0,37.33202
26.037,21.869503
0.511384,2.734187
16.4165,16.11482
0.0655249,7.762518
0.0,3.2213297
0.0,3.8861427
20.4442,29.355425
6.28842,3.7307117
1.68959,2.5885072
0.868541,17.13197
15.5361,26.954882
0.0515496,11.544137
0.0656892,4.474375
0.0,5.91356
6.4306,14.476435
0.0,4.1853657
6.31433,7.5831747
4.8442,11.66473
2.81433,2.4051871
0.0,4.470154
4.06206,2.7723682
4.88432,9.006099
0.0,3.8310442
11.3911,5.084231
0.0,2.611523
0.0,5.612983
23.569,28.941326
0.0,6.397839
0.0367926,15.395058
9.54167,49.707726
29.1625,37.56825
5.30832,7.122056
4.21751,5.553714
41.6039,66.78398
52.1765,39.616943
4.37095,12.705018
0.0318162,4.5117626
1.39755,-0.25475287
7.14585,6.7681007
10.919,7.532316
45.9377,35.496857
54.3436,25.363562
0.0554498,5.7382393
11.9358,14.911624
0.0,3.7238045
0.00808029,1.1482551
16.1797,16.718056
0.0,4.3330855
13.5865,11.299593
5.65498,8.088835
18.8462,14.092042
0.0,3.5193794
11.1051,11.342024
85.6316,25.556602
0.0,5.057638
3.93496,6.665719
0.04065,3.3312712
0.918717,2.3751597
0.0,2.8779793
27.1802,20.460869
0.0,4.077861
0.0,4.364905
0.792368,5.584379
0.106553,3.5447755
0.0,5.2194796
0.145153,3.2337234
0.0,4.6711807
0.431052,29.977919
10.5201,7.0369167
0.0,2.816864
0.0,4.0502725
17.2072,6.528637
0.215874,8.033902
4.37095,8.450228
20.9778,25.714489
2.81433,4.2743273
7.72727,6.8512077
34.9264,39.65787
1.87287,7.860013
21.6382,24.296139
0.0,3.4878025
19.3196,6.800618
6.86627,7.497945
5.69004,0.25998306
19.787,14.844174
0.805096,15.937727
0.0,4.0808787
38.7189,37.76594
28.1376,17.546076
0.0483931,7.938752
36.5915,34.418964
2.56798,6.715747
0.0129563,4.3132133
0.559344,3.7207873
0.0591675,3.308894
2.98937,4.399201
8.67667,13.680386
0.0,5.8291016
7.15625,4.486945
0.0,6.261567
33.4603,30.1981
0.550172,5.7268133
66.1827,45.495193
0.339008,3.8779607
221.788,201.06256
10.1341,7.599225
0.025486,9.553423
0.0,3.139446
0.0,11.09252
9.47653,6.6488323
3.65862,4.9369535
0.150163,6.0948057
0.0294072,2.6250393
13.443,6.777026
21.4448,23.698586
32.9818,21.070103
1.71044,4.921488
0.0,-4.7770586
34.3637,57.121696
6.30256,6.871805
1.30528,4.792121
3.42946,6.000325
89.7514,85.94836
4.87503,6.924758
0.0,5.1342726
0.0,7.0417356
4.252,3.4221373
0.0,4.2612104
17.383,15.9817095
36.1493,32.04274
803.796,1266.8143
5.33359,1.90699
0.0,2.6460345
0.0213581,3.1752558
0.0,4.462801
4.91671,11.65128
16.4448,14.300427
1.30501,4.420968
38.012,21.03282
31.6466,24.030207
9.34879,4.8601503
0.169663,4.432301
27.9249,9.570861
3.34962,9.266736
21.4081,17.824196
0.230591,6.235753
0.0,4.145343
25.6865,16.029161
0.0,7.9051266
0.099321,13.526216
23.0231,21.762712
5.50564,22.876156
0.0,4.5180445
0.0,5.4434
0.057127,4.7875886
0.0,3.6272728
0.0,5.708162
0.0,6.449417
4.25879,6.6771936
10.4744,8.667756
15.332,21.34438
0.0295007,4.663514
0.0,5.117139
0.00905912,3.4408324
49.2648,46.98824
0.421923,18.52849
0.0,5.3856454
10.2463,19.59267
4.70495,6.252304
9.73844,10.817681
0.277327,3.8049598
19.0584,17.090712
11.5061,8.570769
36.5509,16.422943
0.0,4.97939
0.571642,3.2752213
11.7739,16.456816
0.0,5.961502
6.09898,4.7777996
0.0,5.653294
0.0,3.1260958
0.0345896,-0.67435265
0.0,3.9506621
6.95536,10.741678
0.579666,9.6849165
0.051393,6.326032
14.2404,3.6998262
4.98908,8.336315
10.3641,9.091031
7.68164,6.4258604
0.0,3.9827275
41.5651,50.594826
25.6865,14.419182
6.60592,19.665014
0.226728,4.1335287
0.0,-5.607256
17.5005,30.467083
32.5872,22.390879
1.51571,4.5979347
0.158261,3.7124646
8.8137,7.986952
0.0,6.9985485
0.0574672,8.992534
73.5802,37.053352
60.3985,58.98854
0.288806,4.684946
11.4078,13.786969
169.242,193.03831
170.727,119.181725
1.70305,5.781575
0.354008,8.060475
13.191,10.189973
0.0,4.3061037
237.319,292.123
0.0,2.6764836
3.81813,5.4393587
0.0,6.859418
0.0347835,6.834401
0.0,4.577506
20.1384,17.657337
0.0,7.0972633
18.0396,19.308464
1.54364,2.9580996
5.6568,5.228241
5.72192,3.7038984
28.4181,25.1123
0.0,6.1100664
38.7328,44.762634
0.0,0.49765933
6.33075,9.334069
0.0,2.5592096
8.94272,8.8641205
0.0,3.9599733
0.111054,4.8890743
0.0,5.0188303
1.48258,3.8482606
12.2701,6.9490633
1.95362,24.967573
0.0896572,3.5174515
9.42424,16.359385
6.78202,4.5986166
19.9297,34.40908
0.0,6.073372
93.6125,47.87091
14.1581,14.424251
0.0,3.561531
0.0,5.794065
77.4221,14.969435
50.4777,20.777514
3.80485,5.3937707
3.02061,7.9018097
0.0527945,7.489826
0.0,6.518524
0.0846917,6.9666185
12.9128,8.49284
1.4259,5.4507074
0.0743738,1.9773295
0.0951988,5.437401
39.0521,31.883783
39.5829,18.513031
8.14864,4.189056
0.308398,5.591216
0.0,7.945944
12.8278,3.7870226
0.0,4.6461115
0.0,3.6657267
12.6916,13.414201
0.901907,5.4134207
1.75888,4.009095
1672.53,1670.7509
0.192688,5.649871
20.7451,46.65967
13.792,13.964148
0.0,4.284936
0.0677474,5.0917373
15.3903,14.351081
1.47245,3.0818129
138.915,114.58528
0.0,4.521884
52.7999,62.30457
0.0734686,3.8897464
0.0105662,5.0804186
3.95964,3.1985843
0.144784,2.852674
14.5233,11.962047
0.0,3.4375515
2.96211,3.8581371
8.40817,7.4739885
0.0,6.9971256
0.095025,3.595337
0.0162028,5.4816146
0.0474848,3.7148023
0.0,5.453952
0.0551446,2.159569
0.0549566,5.6105003
7.0301,14.183109
27.971,43.456623
0.0,4.2763834
6.52667,11.067084
6.87925,24.8136
0.0,7.526121
0.0,3.0358863
39.734,57.304314
3.65862,7.3376513
0.0,4.521859
0.0,5.0778966
8.35015,7.9658136
4.02702,5.569168
0.0,9.724337
0.0,2.8159657
19.0907,24.247456
181.385,11.324256
0.386214,5.332262
11.7618,6.7361193
0.0,2.9789
32.2509,44.87304
4.21561,5.857398
105.821,89.35723
23.5343,7.0058937
12.0573,18.691753
135.348,78.59075
1.04998,12.228448
0.0,6.6778345
28.3842,27.944399
6.35077,8.959808
11.8307,16.245934
0.314417,3.940559
0.0,2.2761254
17.8076,18.155815
0.0,2.35685
19.0535,18.287054
29.7868,24.145155
0.0,3.326471
19.7884,21.69221
0.0,2.3980215
0.0179047,6.9348793
204.381,361.2207
36.1719,20.39341
0.0,3.4773135
0.0,3.711585
0.0780901,7.3943415
0.0,5.5593
0.693186,5.3486958
0.0,5.62749
12.4414,10.475161
0.534143,0.88396907
0.075198,3.9147196
0.0,3.7272522
763.307,257.57617
9.8532,8.723508
31.6155,19.319712
0.147257,1.4020576
0.339197,3.3986092
0.0273185,5.2656026
158.563,136.54951
8.68537,10.296216
0.0,1.5275352
2.56798,5.743909
0.339197,3.8402781
2.85747,6.177688
1.51519,5.297263
4.25879,4.59309
0.0,23.702984
1.62773,4.357917
0.051393,3.9534163
1.51494,18.61767
0.0390604,3.3187993
47.8693,9.396876
12.6388,22.857466
0.0,7.7036858
0.0,3.3638709
45.8853,38.973312
9.18391,11.242996
0.0168941,2.8156881
6.35077,12.60842
0.236539,5.2664485
17.4636,24.54595
7.69662,8.91078
0.0405322,6.2137504
61.7468,41.600224
162.718,76.243904
0.0,6.1450186
0.530209,4.7694054
73.3151,45.489372
51.2472,42.759842
31.889,30.131779
0.183,2.1871028
41.5651,30.254253
89.6832,55.257206
0.432429,3.6352897
6.70987,10.575214
12.3578,8.737824
12.1527,9.05883
10.8012,10.896811
36.9143,29.5447
0.199039,7.812501
0.0,3.4677677
6.79786,6.242934
0.0735709,8.363785
9.66222,406.18375
3.04248,10.467617
18.9373,5.8145466
24.6134,17.626295
0.0,4.8580227
0.770124,9.455393
317.826,660.5417
0.335639,6.246439
8.20827,16.392702
0.128276,2.092219
0.0161592,5.6388316
0.0,2.7186675
0.0,2.9413
0.0131925,5.049304
0.678013,5.624032
7.14585,7.1353416
0.0,5.0578
0.0,4.2710247
12.8639,59.90282
0.0,2.4878385
0.0,1.4831907
0.006161,3.402854
11.2034,10.867032
0.123055,3.4465604
0.0505051,5.60291
0.0616941,4.2172356
197.497,207.61003
17.9272,8.852512
0.0,6.9363537
0.0,4.2231264
4.13278,11.335882
0.0,3.1649418
0.0,6.347849
2.42329,5.1805544
0.0357039,4.6633773
0.0,2.310107
0.834837,5.5640564
4.13278,21.366095
2.15237,7.1641254
0.0,3.967165
0.0,3.4311278
0.0,3.5620084
3.80485,9.094665
24.3086,27.933287
21.0123,13.912077
0.0,7.1496267
0.306484,4.0952196
13.9082,12.903753
619.796,181.68503
0.899801,4.2091217
78.7397,68.96384
0.0,4.221246
0.0,0.45691395
31.6466,21.027094
78.91,110.294
4.91097,8.708228
0.0779642,2.5709844
0.55095,2.697927
0.170468,1.3051205
0.0169503,2.2640483
0.0,4.3490257
2.02097,8.104174
0.0,7.8953733
48.091,42.492256
0.0299962,4.790044
0.0,3.5624833
17.7302,17.385002
14.3418,15.374991
10.1873,16.107275
0.0,2.5691333
0.110139,6.211511
0.0,9.001275
0.0,3.4272468
12.3571,11.117552
0.0,5.354025
0.0,24.04564
0.0,4.305455
2.73993,3.8604832
16.167,5.2107363
0.0475073,6.733387
1.00168,6.661318
38.9082,21.441736
28.8048,25.16371
0.592882,4.896326
7.14585,4.98263
0.0,3.5722184
0.0,3.6137152
0.020878,7.3726645
0.0,4.404066
0.0,3.0144095
9.35322,11.575808
0.0,2.9186134
0.0699702,20.591919
0.0,4.338764
85.6142,112.1288
6.71487,7.673003
0.0,1.5321821
18.7348,22.086128
0.0,66.84243
0.0,5.3285513
63.5438,80.15646
9.31878,7.0737066
0.0,5.3526707
1.16659,20.984936
0.0,4.7035513
16.0374,20.53736
0.0,7.9217625
8.26378,8.910813
5.03323,7.8326616
26.037,36.091187
0.0,3.3694513
39.8526,28.792646
12.8011,16.081675
15.103,14.270889
5.7807,12.155872
45.9377,31.758429
0.0132973,2.7301905
0.02025,4.6994076
0.0,3.8450253
5.1839,3.8736365
0.0,0.19584966
0.0,2.7922387
25.3641,21.62607
87.6687,27.819304
0.0,6.405205
0.0222479,3.8207965
27.1771,30.886826
72.0507,74.25603
20.1323,11.731679
0.473211,3.6394022
16.0916,9.73211
9.08801,28.809446
1.84584,6.2943406
0.0165863,3.3278847
0.222726,65.41016
0.0463012,5.4022484
0.0819501,5.9821267
0.0,8.846932
2.59898,7.5261717
8.56211,16.376497
15.4687,14.663121
0.0764985,4.7610893
6.77058,14.177262
0.0,5.8729544
18.2763,14.286543
69.8285,40.309727
0.0,6.9276724
29.3555,15.481281
0.220675,0.87288725
7.30838,4.091881
3.64344,12.359254
0.73739,4.31775
0.0331224,5.829155
0.0,4.418783
231.91,242.85481
24.6134,17.175102
26.276,13.71644
0.196792,3.921647
6.18583,7.3364086
0.536926,1.8793557
140.907,143.76256
0.0,4.169176
0.0,5.697796
2.7029,7.6476717
0.00641776,3.6615083
89.3986,60.866524
15.8452,33.916622
1.95883,3.7761464
7.29843,6.655426
0.0,2.0981026
0.530209,3.291224
0.0105311,3.542511
8.99935,8.512188
85.6316,63.626972
0.0163261,3.049861
2.15913,4.4501915
5.16818,8.325471
1.74652,2.4198203
22.6392,17.610134
3.98402,4.8543277
7.30451,9.403691
0.0250695,5.64901
0.283346,1.4592762
0.0,0.117114305
15.332,21.018303
2.85747,2.7169409
0.0,7.809408
7.28997,14.694812
0.0359998,6.75591
0.0,3.6565278
120.835,67.97949
4.42726,4.862666
44.0526,22.817364
8.14864,4.7698727
30.3527,18.4243
0.0,7.233864
504.325,510.8136
26.1965,25.820726
80.0908,68.24184
27.3583,32.68221
0.00730332,4.5936956
0.0,3.1364903
9.15288,11.208964
1231.18,983.13184
13.5556,8.035766
7.00152,12.502157
0.0,8.407969
12.8677,7.1568003
2.86974,8.571712
0.0,-0.18425798
0.0,5.3252316
13.3781,5.049594
26.9294,16.115906
5.48977,6.127732
0.0437826,5.791305
1.16098,5.652556
22.2217,12.601795
21.088,32.88824
0.0,8.269925
20.389,24.34808
21.2977,17.777834
0.0734686,6.381789
4.6505,5.88529
36.6277,25.995773
0.285904,2.887273
5.20518,3.9458604
0.0,-0.01275301
0.0,5.524816
32.5781,54.16505
0.0,6.3858376
8.78718,9.711303
40.0218,22.843475
1.90472,10.272414
0.0,6.4321404
0.521385,5.453536
13.0144,12.677323
3.93102,6.0867105
10.1436,21.926949
0.209847,42.75364
0.0126944,2.142271
7.93361,2.9049811
0.0703577,1.6870186
0.147257,6.4258003
0.0,0.50870645
3.67181,6.283538
0.0,5.1979485
5.96252,7.4826164
29.3098,27.222273
0.0,2.8858204
146.296,201.29994
4.74985,4.1388745
11.0111,12.718962
10.1609,12.614908
0.0,2.4603314
32.3352,18.830193
66.0095,72.858246
5.08513,10.119628
466.796,536.9835
20.9778,15.436634
0.0210097,5.8836336
0.572736,8.860418
5.19755,5.2077456
1.70629,3.1878724
0.0,2.9840484
0.0,8.1168375
10.6178,9.063298
0.0,6.277638
3.15769,8.053318
9.77672,5.480666
0.738765,8.125728
0.102832,3.302981
0.120296,2.777533
1.48847,3.9661665
0.0,4.5850124
0.0347934,5.334572
0.0,3.6630445
0.0,5.8613195
8.26423,8.085477
4.89209,4.620368
0.223302,3.7375898
0.0,5.88617
70.5637,100.03652
4.252,4.39
0.160974,5.888441
4.36892,4.0087485
0.0932878,3.174785
0.0,8.246903
0.0187816,3.0335236
0.0,3.9418643
15.7273,12.412062
8.56412,11.447915
0.0,6.3481283
27.489,26.760452
0.0,6.4843073
0.0,4.6887302
58.7779,46.235466
2.52886,7.421378
5.89798,5.267791
0.0285757,2.050847
0.0,4.871105
0.0,4.324773
8.71047,8.383317
0.0,4.3274612
0.0,4.638132
0.0302849,8.329976
8.37909,15.012754
25.803,32.823933
0.0,6.571553
32.2827,39.25782
0.0129563,5.18087
0.0951901,5.723296
0.0,2.8806126
21.9927,14.922036
0.0,6.051181
21.3463,30.176489
0.0,2.8739614
4.74985,7.050682
0.0398024,2.6638534
11.0343,11.64126
9.64754,11.757533
0.496241,3.018511
29.3384,31.955702
0.0,4.0781493
60.4931,25.296679
0.0,22.487795
50.3561,28.81521
0.0932878,2.8933861
4.90962,7.6901817
43.6351,30.92659
3.68977,3.0133677
3781.02,3127.5808
0.488137,7.312809
0.0,4.578824
0.027453,4.0458236
15.2823,9.320842
0.0,3.9314933
0.0683978,22.076479
0.0493872,5.4023495
0.0,4.623968
2.46103,5.305018
11.7739,21.997648
126.38,24.707945
0.372758,6.820016
0.0522945,3.1417449
0.0305553,3.4765916
0.0384701,5.833008
20.1295,26.461044
0.0118476,6.3723145
0.0,4.345397
39.5207,16.821873
1.78545,7.4912434
1.28817,16.19993
10.4322,14.36665
14.5686,5.615937
3.5795,2.74946
0.0,8.61487
0.0,4.4225206
6.43549,7.0084333
3.00101,17.760675
0.0323968,8.380394
80.0908,50.833523
4.0694,4.1489377
0.0227304,2.7564878
3.65862,4.087101
0.0,6.125223
1.69762,-0.33299708
2.06789,0.44449115
4.9864,6.6896496
2.98434,3.2318501
1.99566,11.196618
8.32285,9.607113
61.3507,59.446053
0.0,5.813966
0.0,8.207671
0.0,5.29584
0.713643,6.178396
0.0,6.026449
0.0,4.0623555
0.029801,4.075725
12.3578,10.967773
1.53771,3.2171075
0.0,3.2333465
20.2034,26.238977
0.368738,5.7283044
0.0261254,3.0256572
9.57554,16.45689
0.0445345,2.9621246
24.7927,5.1906023
51.3322,25.728815
5.28818,5.3867974
0.272102,3.4164622
17.7734,16.797224
32.4999,29.830088
0.0466057,3.347056
14.4625,14.580988
2.87548,4.143465
1.14778,3.5589333
0.0675181,3.3877256
38.2676,30.936455
0.0,8.037185
26.4655,12.187929
0.0,4.0105658
7.72727,7.9898376
11.2349,9.797243
2.73993,4.316534
0.0,5.004136
0.0,6.1968975
5.65247,6.0216365
9.59899,13.229463
0.02025,7.0312815
6.3446,4.6174493
37.8767,27.281006
0.0,6.363695
15.7976,13.594525
7.96039,4.738449
5.64921,4.792815
38.0313,42.215996
1.58275,3.704377
0.76572,3.3186893
0.0,4.140405
0.0,4.4080057
0.0,3.9716983
0.0533205,2.3629644
15.4223,11.358485
7.22547,8.347944
0.109414,5.2923365
0.0,6.1272373
0.852779,1.5882574
0.0,4.7708178
0.0,4.363742
16.4925,21.673456
0.0,8.633493
72.9475,49.550667
6.94088,9.994271
0.0439948,4.7243586
0.0228214,3.948195
5.1564,9.460008
14.0008,10.683066
10.4744,11.963399
0.0,3.1548126
47.7532,52.0643
0.0298213,4.69242
0.0,7.3322115
12.3578,13.426641
0.0,5.0257215
0.184448,3.109167
2.02652,0.6400609
10.7625,9.399496
26.7938,22.088118
2.62049,5.8414345
0.0,4.405315
0.0,2.74441
0.111054,6.442605
4.33664,5.441887
0.0496801,3.6455026
60.665,51.31076
0.0,2.5892215
1.43411,8.651355
0.0,6.1084642
18.5308,18.865536
0.443035,6.651232
0.0,5.8857584
15.4141,15.016083
0.0,6.5167265
238.224,151.66728
0.0,6.095645
0.0,6.773485
42.9746,39.45843
19.6435,11.043022
0.0,4.1668563
146.584,54.631817
73.8157,44.481827
0.813112,7.3158884
220.719,112.33894
45.1028,18.491875
14.6496,3.73258
5.52068,7.7590704
10.6271,6.178602
0.303486,3.6959877
0.0,4.2994037
11.2349,7.929345
0.0,6.906455
12.3578,9.880926
22.0206,37.088017
47.8693,14.75321
0.872144,3.0861096
0.0,6.5735235
0.750729,7.18316
0.288601,0.64029205
45.4482,32.67365
0.0417242,9.154762
0.0610322,0.76720333
1.21113,11.812494
13.6965,9.926233
8.30447,5.491502
0.216623,3.739645
74.0911,22.449745
0.0,3.0502565
5.72736,7.6130295
0.0317417,3.5292883
7.94594,2.9835303
3.17418,4.9383855
526.804,554.0827
0.0,4.03979
0.160392,3.800902
0.251745,13.588466
0.0,3.9635787
0.90136,9.384049
36.9073,47.41497
0.839133,4.2859898
0.0,7.2327547
20.3765,5.4263935
1.11007,8.213605
0.0,3.026895
6.16726,5.2440295
0.11797,2.4649363
0.0597723,6.606186
2.25497,6.3155584
0.0407668,5.842355
0.0,3.7519546
0.0,2.809421
0.0,3.2420921
12.766,7.7246704
0.0194613,2.1336563
15.3548,14.557743
1.5047,3.9245958
0.0,3.0221968
5.60168,7.1108303
7.67685,8.258751
0.107556,5.7199574
7.08421,6.56386
0.0,3.9684458
0.0,4.1638775
2.7544,5.202284
0.0,2.98289
0.0,4.226135
0.304555,6.543928
0.0,4.8628616
9.55987,17.615797
6.34011,7.0087547
0.0485279,2.5333686
0.222726,119.44567
3.80485,3.441525
0.0205435,0.8891437
19.9297,17.23041
0.0125627,5.2581363
10.5992,9.29283
0.205377,3.0398831
0.0129563,1.9601252
2.46103,3.7541158
0.362354,5.9744234
0.0349215,3.5681126
2.66844,7.770053
0.784984,8.821311
69.2914,47.0837
3.09294,4.0462303
0.375037,4.226363
0.0973958,4.9206543
27.5453,15.436277
0.0,37.03208
20.9778,45.637226
803.796,677.8597
0.0,7.6954937
181.385,28.02389
11.1947,20.309965
14.8348,10.098456
22.0206,25.003471
0.0362957,3.3019028
14.1541,8.278278
0.160974,23.55673
0.0,69.06602
0.0285757,1.4882333
0.0,4.267694
23.1502,7.870452
0.732386,7.273053
0.0,5.085718
0.0,4.30276
0.0,4.078175
1.53763,3.9627008
0.0,7.705042
68.7626,87.75914
8.06367,10.701636
43.4606,4.319172
0.142361,2.2967534
43.0722,49.213894
0.0753823,3.149722
0.0,5.4220505
2.02248,3.4223485
0.0,5.3698473
0.0,5.902812
0.0,10.182395
0.0,22.650454
6.10661,5.0679626
0.635897,5.0681114
0.0605592,12.590784
15.8592,18.486328
14.3497,17.504642
9.91484,3.8405533
4.66779,-1.949877
0.0,7.326833
4.69327,5.1280327
61.3507,36.094177
8.56692,5.738695
0.0276603,6.223346
1.85287,4.0080996
42.3893,29.63868
8.07033,5.6334705
0.0,6.7879066
39.0449,46.63108
8.74772,8.287321
0.0,2.7943008
0.0,6.955928
3.20072,3.027913
0.041683,-0.21711636
0.0254483,5.8651524
0.0463136,0.38598657
40.9894,26.139784
0.860148,7.7156277
0.0,0.36214137
35.0216,30.626286
3.62445,5.631263
74.3385,79.75787
4.28496,7.1924105
4.85934,2.0091882
0.0623884,1.210942
24.8391,23.792997
15.3628,33.652683
0.0,61.554977
4.36892,6.9978485
1.23554,4.9673204
68.1974,46.519783
0.0,4.032267
0.0261254,-0.60537076
1.52816,6.2236724
10.5735,14.339569
75.4415,67.60088
0.0,5.4831543
39.6085,57.051517
0.0,6.7324095
0.18845,0.82176876
0.0221184,3.2134254
22.5174,26.798138
0.0,6.038103
0.0629288,5.153163
24.7055,20.064558
0.0,-1.075675
21.4343,12.282484
5.78663,3.4145737
6.57803,10.850227
0.0,4.311304
2.87811,2.6678944
110.799,69.08815
0.0,9.359778
0.144784,2.4572625
0.073954,2.8883777
0.0,7.7221403
0.0,4.0068254
0.0,7.655342
6.14369,11.005318
0.0566512,5.164791
0.0,3.09445
0.0558077,4.173413
0.0,4.702813
0.0753823,4.0573015
0.0,7.242859
0.307538,0.08190489
0.0274291,9.525604
8.6239,-2.6140044
12.5698,8.244898
15.2282,12.637531
0.0,5.450733
3.62445,4.2906146
0.0270571,4.762944
33.862,7.5900965
0.0,9.166334
78.8296,38.055183
0.2253,4.021817
0.0615141,11.623673
0.0,13.189808
145.306,276.14355
0.0144449,3.5102916
0.0,4.466595
0.0,5.4789605
11.2349,6.8213434
8.51827,9.548508
9.99639,9.209214
466.796,522.7486
0.0,4.585741
0.0,4.712778
13.0285,12.296147
27.6598,55.57857
31.889,26.310858
0.0,5.0025053
1.43546,8.26781
0.0,4.79408
0.0,5.4939365
7.54107,5.74858
0.0,5.682643
0.0,5.171465
0.0,4.527482
7.93361,6.3929024
12.3122,13.941435
0.0,4.8281107
0.0,4.8632936
697.199,393.19904
0.571642,3.401937
3.90281,5.68849
0.0,4.011629
0.154268,5.1460133
0.546353,4.8969173
0.0,12.046708
33.5666,38.86878
7.79231,10.91769
456.247,156.52155
3.12215,3.2770963
0.519261,9.403531
11.6074,5.258877
1.54364,3.8244262
0.0,4.1858807
4.252,5.1753035
0.207055,18.815718
0.0185423,1.0851874
24.4709,34.676613
15.7728,26.701235
0.0,1.4423461
0.966317,35.751713
0.0181193,3.896225
0.0718349,2.8681421
49.6106,31.450851
12.5184,7.629237
0.0,4.083309
0.0,6.180126
21.1629,23.635492
0.0,3.765037
0.0,2.2865057
0.0,4.806712
17.243,4.7292757
2.12334,4.1529455
82.423,75.10441
18.2872,10.180458
11.7533,22.46164
0.082366,4.998069
78.8296,42.667797
0.37654,12.824629
30.6925,28.087307
0.0,4.8756304
0.0,1.3259001
0.205377,3.6457043
10.8958,16.73533
1.8046,5.405909
0.242017,4.459812
0.0132778,0.73845494
5.06259,4.1966553
0.0908411,4.84806
0.153776,3.5193896
12.2933,13.093334
0.01378,4.074186
0.0,4.2734666
0.0185412,2.087031
10.4821,13.49677
43.5617,38.003143
0.0,5.309087
10.6293,12.422169
8.18148,13.868314
0.0,7.6222944
0.219512,3.2804751
5.85685,7.802437
0.0,7.747134
0.0,4.607127
38.3628,36.582268
0.0179047,6.1157494
0.0223306,4.7228622
0.531099,7.1629734
7.05387,18.090836
0.0243736,4.304244
0.0,5.357569
0.0293719,2.2609441
3.40272,4.398573
19.7309,20.816296
0.0,4.689582
0.0,5.172057
63.6949,17.60444
0.197961,5.383297
17.8849,19.860281
0.0,4.824502
0.983915,29.432703
0.690993,12.778602
0.143577,5.5199566
13.2992,21.724285
77.0235,44.58277
11.3911,7.9120226
95.8946,132.53798
0.0620602,5.3720255
6.51382,7.1428986
7.72727,5.980505
4.97182,11.782704
0.996847,6.575367
9.9387,6.352623
23.3344,21.051474
0.0,4.200053
1.68002,5.010231
13.3117,8.052821
13.3117,8.96641
0.0,6.472604
0.0,2.3408496
13.0144,16.347517
0.0,7.93429
0.0,3.343698
0.0,7.8733034
5.1839,3.5206392
2.93284,3.6644688
73.8157,41.40399
0.401957,4.8119845
0.0,29.613058
0.0110302,5.1864433
0.0,15.060007
0.0,4.3864627
0.0,5.2235703
1.76994,6.1904845
29.9613,26.38118
0.0,4.381188
0.317238,6.0246654
0.0,3.6183927
10.8567,5.790617
0.0,8.985851
0.0180262,6.6638775
0.0,7.12288
0.0,4.4694853
2.56689,4.5417633
0.0,4.763378
11.0977,3.214809
20.3765,8.266446
57.5816,71.81044
0.0,2.9912825
52.2343,30.35865
0.0,6.09935
0.133724,4.923455
185.622,120.39858
0.0130207,4.328869
7.94747,14.043363
0.425769,8.11403
0.0,3.3314981
0.0,2.6341038
0.0,5.008694
0.0916382,18.062893
0.0,5.2279377
0.0589175,6.618436
26.3643,4.0452647
0.787141,4.51886
0.0,6.630542
14.4625,10.1696
0.0,-0.8376248
3.71899,10.265951
7.05387,8.851911
0.0,4.783572
0.143577,5.8187075
23.569,17.219002
10.6271,14.376375
81.5728,83.67616
0.0,2.9830604
0.0,2.5752804
17.2617,14.125497
6.3749,6.9711895
0.014177,4.1514215
0.0442241,4.6639433
0.0224096,7.695402
10.455,13.201967
0.0,6.0269012
0.455084,17.013813
0.0182262,4.7850122
1.91025,4.4581585
8.4425,6.426423
74.3385,87.54063
0.0,4.37156
0.0324436,4.8984957
260.61,180.33347
0.0,6.1858816
4.545,3.7989557
66.0095,49.378124
0.0,3.7537913
0.0,3.7567048
0.0,7.324502
258.84,56.887787
14.9817,11.265996
1.90568,4.9127064
7.5427,3.9715354
14.8266,11.841866
9.34879,8.118513
63.2181,4.5706306
0.0,4.3372226
0.0,4.027871
16.4118,10.156848
0.0,6.5448313
16.4599,12.420577
0.0,4.1862364
8.05408,3.0436127
10.2577,12.082833
0.0295007,2.872952
4.98572,7.611904
0.0,5.077958
8.54713,11.508179
57.9345,25.112284
21.6202,25.6522
0.0,3.4564939
5.62209,5.7973747
0.0,5.9533596
78.8657,111.61522
16.7626,11.510491
19.0755,12.20309
32.0812,21.425398
7.71497,11.667181
0.123055,2.3278353
0.0,4.3438807
0.0,4.2339435
2.33069,5.870878
0.0,2.4050684
0.0566949,6.2034554
11.9358,9.872852
62.2321,74.81894
0.0,-0.74729466
0.0,4.8900332
4.71807,8.680552
22.6392,7.4574184
0.740412,7.371866
0.0,3.7252579
2.03327,3.0275571
19.633,13.650144
0.0,4.730185
52.2404,42.823685
13.3042,13.367515
333.47,288.23172
58.9106,73.15112
1.45222,6.775243
105.821,133.15794
0.0,3.875043
0.0,4.446867
25.4868,29.690264
0.23815,3.558898
2.92301,4.318722
0.0125884,4.721195
0.0,0.8059623
6.12865,9.739267
9.90765,9.758796
14.1541,12.998718
6.27998,5.381926
0.0251593,8.182299
20.6263,25.946377
0.0510919,6.0464973
2.6963,3.123261
0.0,2.8646717
2.56798,6.856368
0.0,6.211356
0.111893,8.648981
6.11847,7.3611145
0.0522945,4.8681564
28.1376,13.90749
0.0,4.5324774
11.6433,7.9849863
0.890405,5.18923
3.89551,10.452618
17.5005,28.30271
1.06288,7.2966013
28.4039,26.71998
5.29084,11.032689
31.6466,62.544685
0.0,5.814296
0.0,4.4079866
0.0,4.910817
0.0933923,4.750471
13.3267,7.5298815
0.0803287,4.7893496
0.0289529,5.9628916
0.0,4.214156
0.0129072,5.559219
0.0912245,5.251666
0.764589,3.7753167
0.0,5.777538
1.74816,2.7379558
6.86443,8.525249
0.0405562,6.1934447
0.835289,19.263996
0.50208,13.114527
7.71256,6.8056316
15.7461,2.6902328
2.22256,7.2458076
0.0,3.768919
0.0493707,5.7111015
0.027453,3.183011
15.6064,21.380287
0.348552,2.890058
7.30813,64.45705
18.727,24.87172
2.36245,7.1944704
0.0869516,7.7040234
3.92858,4.9169626
23.4552,13.208827
0.0,4.1715317
19.9297,9.978237
24.9748,14.15036
38.0233,12.350712
5.27784,13.945439
1.25708,8.691637
4.09921,4.370138
86.3551,124.35076
51.8407,61.59114
10.0159,7.735421
0.171902,3.8782706
0.00732287,10.420377
0.0,3.8131819
6.18238,3.4467921
0.0443425,19.765152
32.4999,30.603443
5.39411,6.0893307
0.16748,4.561556
0.383809,2.9252892
21.3463,20.38184
0.0,2.6888366
0.0703577,3.9548123
3.5795,5.2413893
0.0,5.076129
0.0,5.0293083
0.0,2.6600573
0.051393,7.1493015
0.159707,7.0425005
151.923,83.731
0.0,4.301937
0.183,5.203383
0.749945,5.8038864
0.0261254,2.7149332
0.0,6.490116
0.97247,2.5959527
0.0,3.9824672
0.0,5.4782557
0.0,2.3583179
0.275945,3.8141403
29.6076,21.017475
0.281248,4.3972483
0.0417447,3.5197527
13.9068,10.559713
0.834837,8.768584
0.0,4.138038
0.0,8.748646
8.26423,6.3271956
28.7013,27.010561
5.57806,10.427236
9.4149,7.06306
0.0,2.8558083
0.0615141,0.32600307
68.9289,49.392815
0.0,6.931718
0.0,10.134481
0.0,5.626599
0.0,6.679055
0.0,-0.8097291
91.8889,43.864258
0.0,4.459923
0.0,3.174568
0.0,3.0597491
0.16748,3.0972304
0.0,3.5522532
18.2965,17.162455
0.0663601,3.2385101
22.4149,33.24182
5.13061,5.2747283
0.019213,5.0759826
20.5771,20.185394
93.093,39.707043
0.0129563,4.6456003
32.5265,4.633856
0.0261254,4.7881927
45.9377,13.436174
0.0,6.772175
30.5348,22.839586
11.0266,6.37521
81.5728,60.98144
11.9172,11.150024
0.0352451,4.6773863
5.89589,16.282776
50.8703,55.29806
0.0617473,3.9071918
27.5158,10.422665
0.0,1.1421037
8.59654,12.127234
5.86462,4.114729
0.0,3.8088238
3.49699,2.7160423
2.02648,10.769786
0.421199,3.0828629
0.162101,3.2746615
15.332,7.581254
0.0,4.2426944
0.415995,11.38518
174.296,150.88702
9.24052,10.1277895
0.0194222,5.463542
0.0,5.365946
0.0,4.0919647
2.10043,3.5255477
0.0,4.62821
1.99338,5.318678
13.3117,25.35651
1.51571,3.519781
0.0,3.6826105
0.0,8.371727
22.5788,11.057184
0.568093,0.72233427
1.29001,4.2367673
10.1728,9.056185
0.096906,5.120841
21.4388,10.835503
2.02329,3.6088052
5.39369,15.407765
0.0,6.0052366
0.0,1.4571353
10.4821,12.501081
0.5899,3.807698
14.1541,22.42688
0.0,3.9078689
4.25879,7.874179
0.159386,5.741356
0.171564,9.869956
30.2213,25.444988
23.5057,27.38177
157.205,78.81914
1.20083,2.5145087
2.35672,6.4779615
0.0,4.8078403
0.0,3.4555454
30.345,25.991745
0.0,1.4870431
1.15544,4.440035
0.0,5.5579653
7.00152,7.3998833
0.0274204,5.498557
0.0298953,3.029529
1.28417,5.570119
1.3366,6.0698442
7.59372,6.1258326
14.363,18.526632
36.112,22.417759
35.0486,35.011364
0.0,7.506751
0.0,6.190978
0.0,4.8820353
0.226636,3.7090256
0.0,4.645959
13.3256,3.0828366
0.0,2.5206325
0.0233739,4.627618
0.0,6.591487
27.1771,14.07235
29.2461,17.057676
0.0503602,3.4956467
16.4118,9.534069
0.041474,-0.37527633
0.0209033,3.8139296
12.9993,13.636935
31.6466,29.794592
56.7175,59.305332
0.0281125,2.3574417
0.0,4.504201
0.0,2.1912575
0.0,1.4647079
2.74199,5.5483212
38.455,38.86762
0.0235682,3.4408464
11.7739,7.8894453
1.53704,7.8892603
4.74927,7.6731844
0.0629288,0.28175855
0.0,3.8961415
1.47888,4.779736
1.47245,4.3331122
0.0,5.3074675
0.0,8.073732
0.220675,2.8435724
0.012278,8.383881
12.0573,20.817978
0.0323586,3.417712
8.40817,7.726836
11.7336,13.74786
0.0633624,3.3934155
0.0,4.480198
14.3389,6.5673466
17.0902,6.7456656
35.7609,21.06929
14.0396,12.720055
0.0210097,2.3576267
0.237729,7.432329
0.0,5.8609743
1.78476,1.5503255
7.88354,7.851636
7.69662,5.9648886
166.297,2.0723224
6.32027,13.55904
0.797986,5.0690975
22.0206,22.337538
39.8526,24.167276
4.42726,5.3644257
0.0434497,4.687432
0.0,3.53491
0.0,6.1354074
0.0562228,4.5927505
0.00673864,2.234136
27.5158,21.737919
12.1394,7.250615
0.0,3.0123665
0.0,3.2247214
0.0,2.2750502
0.0,5.193182
0.249562,2.4311275
0.0,4.4935856
17.5039,15.159377
0.00692642,1.5272226
0.334225,4.9175835
18.0201,6.198631
0.0,3.1327956
9.09213,15.571791
9.18391,11.68903
84.2505,72.52367
11.308,14.192952
0.0189604,2.5897057
46.7516,66.046646
5.67805,3.811715
0.265303,5.404166
0.52367,11.6533375
0.0,3.0617216
0.0,3.5389266
1.75638,7.5463934
5.59568,32.5731
0.0417242,4.8960805
0.0,10.136127
16.652,9.993916
24.4512,17.982487
7.26956,5.415629
356.985,273.97324
16.5047,19.120934
0.0,0.24990368
20.9778,18.314087
29.1706,2.443399
0.0945989,3.6249273
0.00874122,3.4967437
17.0222,9.164302
6.31848,5.5347586
0.0,3.1515667
0.0,6.607342
0.0108143,3.8415716
0.577257,3.8035758
9.79811,7.2905674
0.0,6.1380005
0.0,3.1933122
0.0,6.41782
0.115462,3.4767144
1.87581,5.9362507
0.0134494,3.8670325
0.0,4.9235864
0.0,5.0525723
0.123299,-0.6195507
0.0,5.260172
1.15041,3.6146555
10.7566,35.702362
29.1625,27.01948
27.6193,20.699755
28.7756,49.221046
12.1992,10.399242
0.0,1.6094604
0.0,4.913041
0.0,3.1984363
4.06813,8.812477
16.325,13.097837
2.15402,3.919792
0.0617473,4.6139045
4.11487,5.97202
0.0,9.605527
1.3827,5.265133
0.0,5.555029
4.07762,16.025324
15.4888,3.8653562
6.44702,6.351544
28.2793,13.602417
0.0708623,2.0239096
0.55758,12.463147
0.0,63.61928
97.5563,63.281002
0.0,7.831133
0.0,6.0886407
19.9297,15.53538
0.0,2.3457978
0.0,5.1422133
0.0,0.9590249
18.9824,16.242975
0.0541491,5.1767387
0.0,3.7183948
0.00760718,4.619358
0.182939,6.2978144
0.0408511,6.3334436
11.2641,14.066164
6.0109,10.625769
21.9927,20.040016
0.801671,3.9193478
0.0,2.9511805
73.2743,42.4512
0.0,5.641222
20.3765,5.703801
0.0,6.665964
0.0,3.3234894
0.00757005,2.5164728
0.0,3.6930835
0.0803287,3.28939
1.13863,6.113579
0.0,9.364368
0.816466,67.41077
2.17889,3.0604753
0.0,4.68281
1.68702,5.5594373
3.56969,5.660206
0.0377064,2.5214143
181.813,116.87181
0.110217,6.121651
18.1224,17.32601
0.417832,4.3779373
1087.84,363.35165
0.0,7.539647
4.18722,8.195766
0.0514544,6.7062435
0.0,8.04547
0.0394935,5.4571505
0.269299,-0.81911874
0.0,4.775562
49.3187,59.83617
0.0396249,2.5378394
39.9955,10.572151
31.889,35.5411
0.0,6.870783
19.1256,29.370243
4.24435,4.375654
7.38977,7.864764
0.0,3.2088919
0.0,3.4435105
0.0,5.173295
8.52971,12.062372
18.2979,16.856754
2.13337,4.1510186
0.0,5.3096066
17.2072,7.235626
32.7078,16.575098
5475.9,5.247858
3.18997,6.074135
0.37654,12.930024
68.9289,67.60137
0.0,5.6107006
0.0,18.263634
0.179327,1.3373814
2.31478,3.480308
2.49685,328.7224
0.0,1.0610907
8.4627,6.7120333
0.0,4.239235
74.4531,40.857674
0.0,1.296505
0.0,4.3209696
0.00825468,3.5603304
0.0394029,3.8679194
2.95801,3.7869864
0.434439,4.1788588
0.0317417,2.896291
0.0163261,3.5351243
11.925,5.41854
19.0592,17.319183
3.92858,5.5846176
0.109414,5.888591
3.51759,10.28618
0.0304709,2.297932
0.0,4.268273
0.0,3.7310266
2.50621,2.6906433
13.234,9.651177
0.235774,10.125992
2.35482,11.638976
0.056907,5.176778
0.46427,-3.6323106
0.0,6.793208
0.0572996,2.9846773
0.0,1.497534
2.47954,9.811904
0.631495,3.2327013
0.0,5.149451
2.30086,3.6301718
0.0,5.0126963
0.0,6.6959677
0.0,3.123808
1.5047,1.2149115
0.098391,16.7855
0.0,3.311688
49.3187,48.256973
0.0376121,2.929447
44.2925,32.13481
16.652,9.004455
3.91957,6.7558002
181.385,19.510805
4.74985,4.4268036
0.0,7.123541
0.743053,2.780794
6.93167,5.684041
0.0,6.3866587
0.0,6.3847866
40.5102,24.113125
4.13659,6.4393473
25.7777,17.409689
1.95362,6.967618
0.0,4.535199
5.5232,5.960375
30.2831,56.550632
80.0908,57.247597
0.0227304,2.3865674
10.3509,1.181854
1.26098,3.2987483
0.151593,3.5899405
12.0827,14.810384
0.0,6.665723
0.452873,5.086953
3.84675,3.5919662
3.08732,5.1341724
0.0,4.527918
0.748226,5.5905557
6.42341,5.223258
0.0929124,5.2189093
0.0,5.2216034
2.71362,5.227633
10.794,6.7523813
0.0,0.14565372
0.0230888,5.0697803
8.3931,15.893486
0.0454055,8.652845
0.0,8.789723
0.0,5.059627
0.0,3.4732041
0.0,5.3927107
25.7056,47.59316
0.183,4.7947855
25.7614,7.472432
31.6073,46.13199
4.11243,5.2805386
0.0,6.963155
19.0535,22.710089
0.027385,3.2574973
1.40205,8.877694
9.91484,4.0871725
0.0,4.320849
24.6134,16.96722
0.0,8.702445
9.71452,9.771878
7.13458,6.5767612
8.68579,5.3535056
0.0,4.923503
15.8812,28.659693
1.4411,4.405696
15.475,13.496143
17.9208,8.865739
213.647,269.6946
10.2968,10.217102
0.233384,200.9774
0.0,4.7168455
17.1173,15.969177
15.9221,16.555244
0.0,6.391022
0.0,3.5439034
0.535877,6.165435
0.0,3.1008728
0.0,3.983528
10.919,9.47437
8.8137,12.661311
0.0909309,6.748372
0.0194014,5.1439753
11.6645,6.6006813
0.0,8.145431
29.2461,38.42248
0.0,4.1109796
0.0606786,3.4057543
2.29886,5.6972313
0.0,3.425408
0.0,5.7781296
6.82818,4.9036546
0.443035,4.8786783
86.6291,50.78105
0.0,7.4151716
3.39633,8.566038
0.140155,3.1606386
6.37074,11.811068
0.315423,4.3959475
0.127344,3.0045247
0.0,5.0603447
0.0671478,2.6519842
69.2168,22.83597
13.2992,10.574882
0.0506962,5.69192
0.0,6.385815
38.012,50.363667
11.9068,13.026425
0.0,5.8471985
0.0,7.9836187
0.0401426,2.9869661
0.0416894,3.5631502
1.03622,3.0456073
113.27,113.96822
0.0,3.6098027
64.9969,44.356888
11.1321,13.972654
3.60176,9.794484
16.01,20.330343
0.0,3.5208597
0.455576,5.0222235
0.0285757,3.0974884
0.0264659,3.8001685
7.11122,8.827795
0.914182,3.773964
0.0,3.4773777
10.919,15.268623
0.499043,2.0731523
4.3174,4.0943804
63.3518,58.489628
0.0,4.414322
7.18911,8.523158
0.0,4.888076
0.0,7.6043377
0.0,3.9635148
0.0,3.818428
11.6495,12.558477
0.0,5.944392
17.0383,16.790512
0.0,6.3476496
0.146754,4.336753
181.385,26.219864
0.0,4.529436
0.673946,17.42798
40.2252,53.7947
9.31878,10.103806
69.9618,45.58599
3.67181,5.7992983
14.8348,8.895046
4.41312,5.655085
1.21998,2.2417529
12.3122,13.211885
5.52068,5.856468
14.8348,5.243451
16.0687,13.81571
48.1875,60.66057
5.29795,5.674377
22.0206,16.295341
0.213076,4.739624
0.0626684,6.6865244
0.0,2.7323067
8.76341,16.238344
540.622,568.06464
0.0,2.8664205
8.48195,7.316395
22.6272,14.926428
8.01408,6.7822723
40.2252,33.578465
44.3593,45.44472
45.9377,40.34281
8.52643,39.45992
16.4003,14.07053
9.47358,14.74131
0.0,1.8916762
17.9397,14.97484
120.835,88.98089
0.433299,4.278141
9.59899,7.772229
0.0893771,6.4974957
0.0,4.6363287
0.433965,2.576284
169.204,81.49021
6.73907,5.5481596
0.0719362,5.816596
4.17273,2.2226958
1.22861,6.7478237
0.0,3.0520616
0.123349,0.7174386
0.0181138,3.1555507
30.3364,14.673146
0.0,8.799171
0.0,4.880645
0.0,4.3087454
30.096,35.315678
49.1967,38.264725
0.148443,5.2560053
45.3697,23.41009
0.174524,2.7349722
0.0462409,3.8819737
46.4472,35.443905
0.205377,2.194415
0.0,4.448748
0.048532,4.240551
32.5265,5.95761
7.89165,7.0342817
15.9221,9.568193
0.0,5.2272043
0.0,5.607462
0.0605592,9.351025
0.113706,6.108755
0.0,7.177163
18.3279,13.747961
11.6433,7.436661
0.0423742,6.995661
0.0,6.169983
19.633,21.797548
0.0,4.696823
53.3411,14.930301
0.0,5.6247015
0.46427,2.5758426
4.6505,9.2878475
0.872144,4.2189493
0.0,4.931428
5.67805,3.7887921
10.5733,23.530493
12.7342,8.395202
0.0,3.1327767
0.0629815,6.4822254
13.3249,5.0464153
6.32027,9.002147
0.0,4.896268
63.3414,20.590643
3.45172,4.5134106
0.0,8.930691
19.8674,5.7636023
0.095025,2.8994331
28.6632,5.271758
14.2453,10.108683
17.2617,17.633677
0.0633151,4.044119
228.807,230.50505
12.3794,9.225478
52.3091,45.39406
0.0274204,5.5621696
6.41431,7.626977
0.0,5.2913675
3.80604,5.1111093
19.8674,17.667223
11.8757,12.957838
17.243,4.0798903
7.44731,11.063042
0.237581,5.4065714
1.18369,1.5304832
56.1216,55.489742
0.0568623,3.4980674
9.45225,7.6673517
0.182358,7.7928753
0.0,6.0092077
51.4955,53.52111
0.148227,3.6594582
0.848641,4.4411964
4.17273,6.853814
0.0,10.016941
0.0,4.363806
0.0130855,4.7183876
15.4517,7.723838
12.0453,9.986103
53.5033,46.555412
2.24119,6.871826
1.31465,6.3917236
0.0,2.7576866
0.450843,3.7568297
1672.53,397.9815
4.09223,6.8343687
0.0,4.9126015
0.0,5.691214
17.5418,20.034008
0.0,6.332076
0.0,6.482894
0.015438,4.64302
1.56199,1.3752282
0.0,5.9450226
32.2509,58.004177
119.268,5.3437843
0.0,5.7245393
0.0,3.9140196
61.7468,71.78077
0.0,3.211401
0.0619232,5.4246035
0.034144,6.4561405
3.99476,17.522074
17.3682,20.596838
14.9691,5.9356356
0.0,6.047882
80.0908,89.30304
66.0095,39.427856
42.5577,50.143345
0.0,2.0047383
0.0623884,4.774745
0.0755944,2.9708323
4.10174,4.937113
0.523938,4.1359725
0.0663706,3.4944303
12.2543,9.58193
42.7133,54.553886
14.0998,5.310734
0.0,2.7197852
8.58346,8.584518
2.22256,7.3956165
9.4149,7.095173
0.0,2.2870843
46.6668,38.947166
0.153703,4.2129045
0.0841026,5.127468
0.0,3.7727027
22.2555,17.496578
148.624,82.09976
0.0,4.377616
0.0744665,4.768233
0.0,5.655502
4.66285,21.203167
6.10661,5.299589
11.4762,17.966276
0.0,4.7418547
23.3864,21.97451
0.0,4.4476466
21.1058,25.824062
31.6605,57.090424
0.0,0.11048651
0.0265414,2.935362
0.0657912,3.557342
6.86484,15.154586
0.0,3.9651659
0.221629,4.3732705
7.79542,12.598322
0.0396249,0.69409347
11.9053,5.7627964
3.17418,3.4433098
0.0,5.1389017
11.5467,7.2924395
29.3384,68.55154
6.71538,16.785704
2.82988,6.2333784
0.0,7.962784
0.113065,4.8561277
20.3765,6.529522
3.40454,5.19522
4.40251,7.502633
0.0,3.4648247
0.665659,3.931192
7.58571,5.184001
9.73291,8.771649
15.7955,21.88138
31.8821,30.761477
0.0,3.5215127
20.3765,5.6392927
0.0,1.6345569
0.05843,8.477919
0.144904,4.4204946
0.111263,8.850265
0.0,5.2542543
16.3334,10.184099
0.0,4.1046987
30.8999,44.39798
0.0228892,5.536524
1.4983,8.615865
0.0,2.1878242
0.10821,6.779931
0.0,6.067438
0.00982299,3.1122909
12.1094,12.727455
248.611,150.14607
0.0,4.3716097
9.97241,8.105292
17.243,7.294278
2.71682,4.824214
12.0095,14.138187
23.6752,6.067999
4.69642,9.232586
1.18923,10.115495
0.0125772,7.328573
0.0,3.982235
2.92561,5.207468
0.288601,3.176887
17.2617,26.680763
0.0,4.7654157
22.2207,13.7376375
12.3578,9.759145
0.0,1.6237326
7.34724,10.898011
0.0,4.0695624
0.755281,4.152807
9.57554,17.61316
0.0,0.35989404
31.8586,13.644272
0.0,4.1883507
0.0,4.645734
78.8657,61.344894
0.0,3.1087718
0.0182262,2.3299046
0.0,4.709997
0.661148,5.9905586
0.0,3.9375727
28.3925,24.722118
0.0377064,1.83139
0.0115644,2.7224195
1.14894,6.925623
9.31878,10.340288
11.3911,8.394503
1.48847,1.4753886
0.0,9.612534
0.0,5.8740788
2.0112,43.871586
0.0,3.7474997
21.8819,12.083163
0.0,4.3648157
0.0182024,4.0039926
0.0129563,5.9102583
0.0,4.0939746
0.0181138,4.054757
19.9297,14.340509
0.051393,8.476739
54.8596,51.001125
3.60053,4.112417
1.10146,3.1189356
0.0,7.0750847
0.0,2.364257
0.0490229,4.1927347
89.6832,121.325775
7.13458,11.378512
6.33957,6.4193964
0.138878,7.6269093
1.7469,10.765945
4.54608,4.8348603
0.0,5.144577
0.195798,4.503721
0.0813706,4.982536
0.0,4.838201
0.0354119,-0.11037803
0.0,3.7092025
0.731623,8.706188
22.5498,12.565338
23.7592,36.26784
27.4744,34.592323
0.16082,6.148953
0.120874,4.9034758
0.0,5.8690968
2.8793,3.8109179
35.7609,20.70322
5.50564,25.518349
58.9342,34.748043
8.60295,17.79429
0.0,1.8717216
0.0506962,3.520164
11.0977,8.139199
11.4053,8.208519
30.8501,42.08274
18.3982,9.992532
11.3911,5.140011
15.332,30.87313
115.406,85.43621
1.93037,3.5350091
0.0,2.8791304
0.0339982,2.3764052
5.84351,3.6126685
18.8462,11.280198
0.0,11.284587
78.8296,25.672228
8.74577,14.602557
0.0510919,3.284134
24.5863,27.01275
15.0893,11.207497
3.17418,5.330243
0.0,6.66224
0.0,5.3485227
34.5456,8.569661
0.0,4.475072
0.0,2.0279844
6.09922,9.034758
31.889,19.788761
1.7655,4.442253
0.0150572,0.07024765
1.14344,2.7940857
5.52068,3.7184296
48.3711,43.00525
0.0875726,3.873669
0.0,3.0370579
0.141132,5.5050387
10.5293,6.9554024
0.0,8.563859
6.32027,9.304215
6.28842,7.426508
0.0,4.6073246
0.0,5.6320124
0.0156339,3.1038349
0.682235,5.5560455
7.18879,4.1701345
9.45517,9.435063
0.433965,3.8633108
0.0,3.3512511
0.259251,2.8155298
0.119557,3.0658655
0.0,4.1588173
0.0169503,3.5539114
0.0,3.1005416
15.1982,20.073984
0.0,3.7492461
30.2213,17.979061
3.35149,4.2194457
4.7978,3.9911113
0.0400654,4.681632
0.0167724,4.6884327
6.37074,3.0074034
16.7901,9.499906
0.0,3.7406297
19.4462,13.294332
34.8431,28.317438
0.0,7.16671
4.94766,8.867935
0.0,35.86093
0.0370218,5.507713
7.18879,5.981536
8.86275,7.8430576
0.0,5.6456866
7.44957,4.5190306
2.96836,17.994577
0.0973958,6.37557
0.0,2.199219
120.835,46.4692
0.0,11.885347
4.5581,3.881228
58.088,51.014404
0.0105764,3.7737513
0.0,3.0305326
13.509,6.9856415
0.0,-2.0251815
10.8169,9.134136
1.44105,4.3797536
10.5207,17.223438
0.253053,6.0473995
0.0572996,4.050352
19.0973,17.678122
14.6737,11.899705
0.0,3.3935387
0.797986,6.117688
0.285215,4.2593555
26.9514,2.6895883
0.198064,1.031084
1.41438,4.377983
0.16748,1.7170682
10.5706,11.496763
0.0490229,7.3173704
1.00168,7.0928993
0.0,2.47263
0.0,48.482773
26.145,16.351744
0.134373,2.8340163
28.7411,24.979324
0.630093,4.452741
19.3933,14.91071
0.0,6.122036
55.8734,18.275341
0.0,10.392753
0.0,7.2845182
0.0,4.265758
42.9746,26.73521
6.45017,10.456476
1.08431,4.914776
26.1972,20.079054
0.0190806,2.4384232
26.037,19.588333
0.0,6.2789106
0.534861,8.642014
0.0747677,3.880135
0.233384,153.05101
0.522725,6.985668
0.0,-1.1949878
0.0,4.355189
17.5554,71.34571
0.620975,4.591329
0.0183687,0.953601
0.0,3.5160236
19.3574,15.881989
31.889,38.19364
9.71452,11.95167
17.5554,73.29916
37.8396,13.6126
17.9953,9.788685
4.91117,8.890363
51.8625,41.764793
0.0,4.652624
0.373128,9.675298
0.0189509,6.449849
5.39411,13.306035
0.0,3.198614
0.0,3.7584765
0.0,4.301751
23.8784,20.458183
400.363,228.84834
0.0,3.7314641
89.6832,44.325554
0.0,7.626108
0.0558077,1.2254077
0.0221257,3.989734
0.0,4.894151
0.0,5.050186
25.1973,28.019861
26.9829,14.368513
0.0,5.7527323
5.4147,5.804991
2.97393,7.0543566
0.0,6.384787
9.85407,9.494584
0.0,9.410157
0.0130336,1.6384013
0.0,6.8891344
49.2308,18.281937
0.0541491,8.264086
7.71256,12.136612
0.0,3.9169514
5.647,4.1799803
3.51618,5.202275
68.9289,52.668335
19.3196,16.575249
0.0706443,16.165176
0.375869,2.6501548
0.0,4.7370543
47.6269,75.76776
5.74144,7.406461
0.454844,2.8118439
6.17529,4.2800217
0.224466,2.811697
16.651,13.80842
8.17572,6.3180394
45.7509,53.736233
0.0,3.1977885
0.0,4.846153
0.0122253,3.798585
0.0388675,5.115117
2.46103,3.1402326
0.0,4.094055
0.0,2.7911744
0.0,5.452219
11.5443,13.271624
0.0,6.278883
0.0,8.594353
0.201683,7.4158716
4.29189,4.31343
0.840448,8.615547
0.835289,7.4112606
17.9272,22.655014
7.72727,12.725677
24.9532,15.314756
0.0,8.282965
0.0,4.4762974
0.0,7.1853285
0.0,4.814149
0.0239928,16.501953
0.769238,10.566549
0.0,5.188121
9.31878,11.543399
0.0,3.7861056
0.0,2.8775337
39.8526,30.152134
0.0,4.8404627
0.0,3.9676576
38.704,35.58108
0.0,0.25805545
0.0,5.708832
0.722886,1.3461457
0.0,6.435334
11.2695,7.633562
12.4058,8.056131
0.0,4.004444
0.0,4.486698
15.1532,13.37375
6.46963,4.711728
2.71668,4.3521194
110.894,177.27248
0.054923,3.571178
185.622,4.425521
0.0,4.8731003
20.3765,7.1180134
19.4359,33.29077
0.0268174,7.027337
0.0,1.9225911
31.7232,53.47986
1.42763,7.3848877
1.79644,12.906832
0.0468538,23.573904
0.0,6.2987404
0.0170318,5.2883277
1.11255,3.3722494
122.368,112.6035
68.0121,73.65278
0.014488,3.646239
2.81657,2.314185
25.4966,37.77857
7.28997,3.0947373
0.0,5.8318186
17.1771,30.308084
31.9153,44.287117
78.8296,33.94255
0.0,3.7946506
19.0907,9.515325
0.0210097,2.762235
0.0,6.3689833
2.50381,6.6031113
1.51667,5.2836356
1.81713,4.2224884
0.0,5.0657616
0.0,7.448887
9.45517,11.922658
0.0,3.3176146
4.74985,6.6924667
0.0,4.6740103
0.0,2.3536952
0.0,8.331632
0.0,7.6117105
0.749273,5.449996
4.252,2.9466653
0.0,5.2552357
16.7667,8.743221
6.31848,9.622786
0.0,6.438426
13.8527,9.385306
8.07693,7.352247
0.00826875,2.9569077
7.54107,7.4420795
0.0,3.883903
13.1361,18.060778
8.51798,4.63635
2.59898,4.132353
0.0,3.8308773
21.8822,34.567066
0.0,9.795814
0.0,2.0939002
0.0,3.0670738
20.0597,8.501285
41.4786,26.026567
0.0,3.43829
0.901711,4.462041
0.0,7.6168776
0.0,3.8818085
8.51378,6.141505
15.4888,3.6653624
0.0,5.578433
14.3224,21.091452
0.0,3.7598848
5.04802,4.298147
45.9377,35.97884
35.8779,48.877644
0.0,2.8044255
5.22673,4.3370876
2.88903,33.739437
0.0270571,4.6757326
0.0,3.33072
0.0,4.048695
3.90281,2.5889297
0.0,6.653178
135.592,96.728424
0.0,3.3981402
10.7625,14.47653
0.0396249,2.9848008
6.58066,4.8926535
0.236042,4.3270555
0.0,5.191742
19.633,18.148767
9.87826,9.300898
0.493416,10.862595
0.0681974,4.5953536
0.0,8.632909
7.28997,3.7892694
13.509,10.041179
16.651,12.383735
0.0,0.35916042
0.756851,0.98136914
196.96,135.19016
2.49685,210.55922
0.0,2.0073235
10.0397,2.785277
21.5605,27.452417
27.5158,19.892292
0.242556,4.463978
0.0,8.403547
10.8868,8.682686
0.0527473,14.1531925
0.387586,3.3552232
5.75256,6.7390184
22.9901,13.910216
2.91784,2.442868
0.0,5.443792
0.030774,0.6137775
32.2827,46.24434
251.292,58.918064
0.0,2.0040977
0.0,7.0837545
0.0,5.182956
2.62025,2.329242
1.59973,4.8227863
0.0161967,3.6078563
0.0,3.3181772
0.0,4.921022
12.0095,19.531832
0.0,2.1006982
5.38749,5.818991
0.0,3.9546487
154.968,136.06206
0.0,5.0537596
0.0,4.7707863
0.0,3.360859
0.0,6.288472
0.0,4.41362
0.0,6.798069
0.182946,10.413584
2.93803,3.6561537
25.5413,28.320621
52.0819,31.050404
0.0,5.3148003
1.79805,1.4854971
0.0401582,3.2181182
3.80485,4.2263813
0.0298953,3.9004083
0.031998,3.2343042
0.00684662,2.189833
0.0,0.1500094
0.0,3.723219
6.04303,5.31919
0.0,3.483973
0.0,3.965438
206.507,73.81261
8.18569,12.85439
0.0,6.547284
0.346638,0.8381101
0.177288,8.407273
0.0186586,7.1930285
5.61638,7.974304
22.5174,19.805002
6.74059,18.426176
23.8903,9.37507
0.0631791,4.692127
74.3385,96.57433
0.697837,4.836958
0.174824,4.463567
13.0292,11.06902
54.4108,22.607649
0.0,13.240752
7.09968,13.083557
0.0,0.63557863
0.0,8.201403
16.331,26.269566
11.9358,8.039642
4.95834,5.6482916
2.0705,3.2296672
2.8566,16.30784
5.02155,7.2587442
0.0,6.7939663
0.0,5.1945667
0.0153815,5.1850047
23.777,35.689415
0.0,5.4222183
13.0144,10.333977
0.177288,9.394017
3.56694,3.4584055
24.4617,13.297431
228.807,80.67162
25.6865,34.05129
0.0,4.0134754
19.7835,26.621931
0.0,4.6919956
0.15934,4.5359507
0.0,2.5639625
0.0,4.8745604
0.051393,5.063377
32.6081,34.519943
0.258845,5.5149536
13.7046,9.499806
241.021,398.5773
0.0,3.2723136
15.9221,20.561415
13.0901,18.934155
0.0,4.1279078
7.11122,7.412815
0.0417007,5.524756
2.92382,5.573883
0.0683978,51.651283
0.0,-2.5596774
13.1593,6.110289
0.056115,6.28059
34.164,42.17713
3.98025,3.9320955
8.4727,11.005778
0.0,3.4985638
0.0,6.807665
27.5158,20.457554
0.535877,2.7427042
0.0,1.8526666
26.4642,17.039
6.94318,9.696297
0.0271516,3.155402
57.7565,49.399498
0.0,3.858251
32.8704,20.176714
0.0,4.022977
0.782975,4.0407043
0.0,0.25192833
0.0,3.8885949
0.0490445,3.8247428
19.3636,14.652124
2.35078,10.4827585
0.196792,2.5870018
0.0,9.335665
14.797,18.686865
0.0354657,-1.3592238
32.5693,56.460045
7.05387,5.7972937
0.0,5.238119
0.0,1.5071964
0.0,3.385715
0.834837,3.8293753
20.0364,1.9162347
23.0829,9.59452
16.3166,22.295214
18.8186,6.974059
5.87127,5.2008953
6.70406,8.026845
0.0589175,8.614614
20.7484,25.543627
2.54224,8.841304
0.0,15.592453
0.0962949,4.5483084
0.0,1.0799739
14.6375,5.5083933
21.5036,21.954926
3.51197,9.842091
0.0461314,5.0227404
46.4472,41.75966
0.0396249,2.6400123
0.0,2.6807067
394.63,401.312
0.0119841,3.2709599
46.3926,45.415672
8.7999,4.532155
17.6456,11.96709
0.0,3.508689
22.0206,18.355621
0.0,5.557351
11.9358,17.628342
0.0,3.890855
0.0218113,0.90996885
2.17362,12.961617
0.0,4.4758053
11.3911,7.7159195
0.0226457,3.8044968
9.86318,7.9254827
4.3174,3.1875587
0.346376,8.384116
0.0,5.0297737
0.0978433,3.3014123
2.24531,3.1225324
11.879,8.808172
0.218677,6.17632
18.1051,11.190132
0.0,3.694456
16.2865,20.918558
0.387816,6.1090984
1.55598,10.619089
0.0,2.2893553
3.42946,4.747141
6.41138,3.5058854
0.0,4.809077
26.3449,29.335495
0.0,3.440339
0.0,4.026664
0.0,4.9170885
19.7884,34.54974
0.0350043,3.9370213
0.0,0.36337662
0.0,3.273101
0.0,4.6212378
0.0,8.0575285
0.0,3.5211692
0.227306,3.5211
15.6481,10.813998
1.61219,4.852195
1.54364,5.245679
7.13458,3.1087663
0.0,2.528364
24.1555,5.44067
28.3986,17.624748
77.5204,76.54602
3.72976,3.194632
41.7196,23.419983
0.0,1.2882295
0.0,4.7116833
12.5119,12.944082
0.485898,1.3929149
2.2757,4.6583195
0.0,9.112085
169.242,65.30878
0.0,4.4333267
0.464321,1.3404307
18.2738,7.9085007
10.7032,4.7544594
13.6708,14.428292
14.8348,10.27262
9.45517,13.360798
1.7297,5.20586
13.6702,17.045097
7.56916,6.5064297
10.3566,11.35667
0.0,15.196816
0.02025,3.9738111
11.684,21.808065
0.0,3.5102448
0.0,5.5928106
0.386214,2.8214378
0.0,0.17589736
0.0,5.4709234
18.8462,11.761988
0.0,4.234895
15.0677,14.353511
0.0,4.406581
0.0,25.908293
0.0127198,2.894401
177.793,119.05003
2.81433,3.3485725
0.0,7.410836
3.6194,4.3148518
0.0,3.7826478
36.1719,13.437977
0.239702,8.561829
18.6611,24.186783
0.0,4.8303313
5.32181,8.679637
57.3396,41.16734
0.0,3.0094566
0.0747703,3.9881353
0.0,2.5041583
8.57879,8.388193
0.0,3.2812612
0.0585232,10.580805
0.0,5.1904163
0.339197,3.0108821
0.0493872,6.9502954
0.186278,2.3508894
0.0,8.733105
0.611003,4.565625
9.22554,6.0293527
0.054314,3.1592774
74.3385,77.165825
0.0781199,7.674424
26.234,26.127075
3.90281,2.352078
0.0,6.1085687
5.34003,9.158393
6.08398,6.4422436
8.29906,16.189962
10.3992,12.586727
0.670516,3.0086544
0.0,3.2209983
27.5158,17.652676
0.0,3.7896903
5.23652,9.802781
0.423673,14.368067
2.36522,3.704242
0.0,4.607795
8.90259,7.962492
2.15665,7.0294657
6.61661,4.8236794
0.435642,2.5364437
2.47586,4.04634
0.0,4.3060474
86.0813,49.54106
0.0,3.2746954
0.0750536,3.6009562
8.6469,6.4606056
15.348,18.996792
0.0319278,6.121895
19.1377,4.3310046
10.3566,5.7131104
0.0,6.0049267
1.7563,22.164669
7.38977,14.65238
10.2172,7.4769344
0.274841,4.9205246
0.0,10.248781
145.306,124.21354
12.011,11.388954
12.9352,14.596813
22.0206,26.12984
0.0,7.7178116
0.0285757,2.9917727
21.3463,26.655518
0.0,-2.0152113
0.177288,4.4649
3.5795,5.537183
211.163,179.4455
5.59409,4.666212
5.52068,5.703041
95.9871,100.71773
0.0513269,3.9639778
2.15402,1.4525713
12.7177,8.231303
26.1381,16.72902
0.0,6.608609
0.044806,1.6673647
24.7117,26.273844
0.0879474,6.377386
14.7455,40.351055
5.64967,18.999218
0.10239,5.7459497
0.202952,3.858821
6.41804,79.36099
0.0238568,4.220529
0.0,12.251727
51.2723,25.290289
12.4324,18.542639
30.6646,16.413872
0.0,4.830818
0.0194222,4.5665483
0.0734686,5.919887
0.0,6.592762
0.0,3.531284
2.45441,10.806861
0.303308,5.43814
8.36754,8.033171
0.307538,3.9743369
0.104435,7.130686
12.8443,25.164555
3.89551,5.013394
9.82064,7.164791
0.0,3.508363
2.81433,3.8533983
18.8462,18.987051
0.0,6.08428
12.3578,13.618632
0.0605592,12.399928
0.0,-1.8479211
45.9377,75.25998
0.0210097,2.0967124
0.0154171,3.7546537
3.84675,2.5281694
0.0,2.949987
1.34353,4.93719
19.3857,16.346645
0.0,1.8225827
0.196991,2.8481174
0.0,2.6678073
0.0,1.4093156
0.0131872,2.9354203
3.49699,3.6856687
43.5617,51.06817
0.017859,5.9471183
0.0,4.734866
11.8354,7.614208
145.657,99.92834
2.81433,3.4921055
0.0,4.495309
70.3369,41.308872
0.0367091,3.3707778
2.91861,3.39184
93.0579,69.34436
0.0213508,1.9926937
0.0,10.08319
1.18369,3.147213
0.472333,2.6557086
27.1771,29.933249
53.3411,5.121852
7.68337,9.790115
0.0,3.910407
20.0879,5.073863
0.0,4.5212336
0.0,9.319041
0.0147194,5.7142086
0.0,4.791877
9.22554,0.7095306
0.0,7.0706034
1.02305,8.292899
0.0130336,4.6500216
0.0,4.663332
0.205377,1.1727846
0.275915,4.0590534
23.0404,14.522394
111.033,69.010864
0.55637,3.8700907
127.197,52.583046
14.8266,8.312996
0.430817,3.4355829
25.2712,23.98289
36.2545,25.817247
0.160791,219.23839
20.9778,19.941711
28.7554,36.097263
0.0,5.927038
0.075198,4.7310696
0.0,9.391385
0.0,6.017154
18.8261,22.633514
169.909,72.9637
0.749724,9.145755
0.0,7.0151377
0.0,2.8750243
32.9212,22.962288
24.7117,18.00226
0.0503724,3.338122
68.9289,70.07336
0.465156,4.8916597
0.207645,3.2692025
0.0,5.7350063
27.2235,14.819274
3.90653,2.8364835
9.55845,12.381093
126.004,59.105564
0.318955,1.9890592
4.59297,3.7782168
0.0,5.7811956
0.769068,3.2485223
64.8804,51.415768
3.91362,7.1900415
7.2315,4.089055
0.0,5.839388
0.0,35.201157
4.41226,11.301366
0.149905,9.919528
20.1295,16.782167
12.6388,7.857668
18.8186,11.05888
0.173498,3.6972415
13.7987,16.953283
4.21751,6.431486
30.345,17.998194
63.6629,54.804966
0.0,3.612052
0.143577,2.363452
34.7113,20.077044
36.9143,12.477423
0.0,5.4452696
21.587,21.764393
5.57851,11.347121
0.0,5.945672
0.111643,-0.7484367
0.165811,6.460142
0.0,5.506816
0.467997,6.229368
30.6925,31.660858
144.826,150.41763
107.805,103.97975
0.0,1.2398369
0.0245162,6.1254096
13.5737,11.727024
47.3053,26.691233
0.153628,2.933741
0.0324436,4.600795
0.821226,9.789595
0.0,2.923066
19.3196,17.498266
0.66808,9.765101
5.69682,10.236405
3.80485,4.2169085
17.823,18.301357
47.7097,4.633625
0.0196105,7.373315
0.0609834,5.313983
8.4425,7.7968206
3.06157,5.596111
0.0212106,6.1763935
0.177288,-1.8490579
0.0,7.5580044
0.0,5.2213035
0.0,6.3836327
32.4577,38.33906
0.0324436,-2.4107845
13.3781,16.847729
27.6481,29.682526
73.5802,55.139362
4.25521,12.454963
0.0,5.6260576
4.91671,3.2635994
24.01,16.63342
14.4675,12.476635
24.1137,11.551182
0.0,-3.4803002
12.9028,10.558254
7.1822,7.903326
0.0878853,4.72005
0.523938,1.5696187
0.0,3.431114
8.99935,7.794348
10.411,8.108534
0.0126912,4.1150007
0.0,14.706513
0.0,3.940047
11.2459,19.293243
85.6526,61.936485
6.18577,16.850897
0.802017,2.5760334
0.0,5.441219
0.125719,2.729935
11.7739,9.380695
16.6777,12.079237
0.0179047,6.025818
0.0,3.8419027
0.0505051,7.4138603
0.011101,3.3677325
0.0933876,3.2157273
9.58086,7.1451483
17.7602,15.693427
0.099321,10.79786
0.0156715,3.5426035
5.47718,9.881604
0.0,8.911769
7.15625,10.122312
0.0,2.2125564
0.0,5.4467635
26.1965,45.96247
0.0,3.2733462
25.5567,15.006357
16.1532,13.278009
18.8462,38.918964
57.7646,43.184917
0.0236888,2.9041002
0.210907,5.069665
60.6501,50.461037
0.0,5.4178543
12.3578,9.916839
0.0501345,3.4162803
0.18013,13.846648
4.50339,6.061962
0.02025,3.7247193
6.57163,7.030381
1.67606,4.949374
65.7132,58.129112
5.586,5.2128277
8.10573,4.689064
67.6386,38.686172
0.0,4.444393
0.0576515,39.83971
30.2674,10.872397
0.0,5.704839
21.1058,20.55498
0.0,3.4802356
20.7926,8.982954
69.5907,16.456387
0.0,3.3319776
0.0168345,3.9215193
10.6954,27.702038
22.5331,28.41405
0.0,1.7648522
6.7961,12.534798
18.1813,23.937212
0.242888,1.4445705
0.0,4.9471626
0.687393,3.838094
7.05002,5.392044
115.366,184.39696
1.38387,4.85647
60.3985,27.047533
0.0,4.4711246
11.3911,12.604523
0.0,2.9152474
8.57879,10.305227
8.58138,7.9190655
0.0,6.019537
13.7581,4.995217
8.55836,12.515697
3.65862,6.8469667
49.3187,25.995644
5.06259,3.844355
0.0,6.084688
0.881355,3.94518
18.4408,14.149578
0.0,5.924118
3.92962,4.7586
0.0757449,2.6787593
88.227,35.18924
3.12215,2.6499844
5.586,2.7475522
0.0,3.4528136
0.0300559,4.0200057
0.0,3.4574115
7.49617,7.84737
233.507,134.64189
80.465,68.25005
22.6392,16.157297
21.4214,48.305786
7.64598,6.5697603
4.09223,4.879839
0.0,1.2913586
8.26378,9.565525
27.6481,54.04713
6.08398,6.7370825
0.0,2.5444524
0.0,5.0306864
0.097461,3.5282865
16.651,14.578715
1.99681,66.54508
0.0,1.9201131
0.0,2.8503423
55.562,38.96415
0.0,5.5902786
0.043974,4.5054626
0.0,-1.2780046
35.0216,31.036354
0.242017,3.27349
5.49693,20.883978
0.455568,4.7042637
0.0,2.698452
0.0,2.912899
21.1058,26.620497
15.7976,17.871037
2.15402,7.431531
6.82818,6.564249
0.0246216,2.6759315
5.16592,6.265228
0.0291235,8.80498
62.6577,26.061129
4.10174,4.814307
9.17639,11.036833
0.0,4.906557
0.0,4.120885
20.9569,23.933668
45.9377,17.386042
73.1544,89.70679
10.3538,5.750948
3.80485,2.4873328
0.0,5.883452
4.97182,5.8324394
0.0,19.939245
7.13458,5.323634
0.0175519,4.780818
4.86473,5.084794
679.721,896.9551
6.10661,9.301279
0.0,5.147067
26.1965,24.614527
0.0,3.4751134
0.0,4.8440266
7.81563,7.5678196
103.316,18.133024
2.36926,11.353303
110.799,60.64963
11.9639,11.0622015
1.23559,3.926953
99.9945,64.19804
0.0,8.4803505
0.196835,2.196514
3.80586,4.0939593
0.0585232,-1.2833164
0.0,3.1912718
0.0,5.053889
26.0933,40.48039
21.2194,18.647816
0.409423,4.6179905
0.0,3.7566562
0.0,6.6614666
0.0,4.837257
1.52816,8.074717
19.4687,12.678483
6.78202,26.002354
19.0755,16.710766
0.456055,3.5034337
0.110945,3.7556062
62.0056,73.68046
0.051393,8.209666
35.9072,15.843854
0.318429,15.769015
0.0514544,1.7788515
3.80485,6.313241
4.38853,3.6481953
0.0733279,2.0424085
0.0335017,4.511611
0.148812,3.3512115
30.8501,56.994297
20.3765,6.724262
0.0,4.2276125
0.0,2.7441626
0.0,6.669327
42.9746,16.323904
0.0,8.54764
16.2677,13.690573
5.64967,6.7714434
15.332,20.659912
0.0,15.333213
2.92734,4.053998
5.20674,6.921192
12.3317,8.972563
3.5795,5.3888183
177.793,179.56079
8.33389,8.111446
3.33855,11.695866
6.74107,7.93124
84.2077,52.671837
69.4988,93.73705
28.3832,29.90323
20.7484,2.9377437
16.0687,6.251069
0.144784,2.8837945
1.04923,9.153506
17.9531,16.170507
2.6129,6.078083
0.523938,2.4727776
8.51378,5.724758
0.0,4.093365
0.0,6.7367783
12.186,9.607491
4.39261,5.590269
1.80889,6.911319
0.0,5.1064587
0.112223,4.1233444
100.339,123.62016
2.92734,5.502796
0.0,6.9233246
84.5029,61.892857
5.64967,4.9630485
0.0,4.6955223
36.3421,70.235794
0.0,1.3014731
21.9927,21.798536
34.0793,46.45229
23.8569,39.064922
0.0803971,0.2277
0.0,1.4645903
6.77438,5.13999
0.0,10.139818
0.748912,8.155783
0.073975,5.1625447
0.0,12.117064
0.0,5.310817
0.167075,6.20903
0.0,9.335366
11.8606,12.57893
0.0274204,2.406055
47.861,25.415577
0.0,5.764984
0.0,4.998412
0.0,4.645261
4.99855,4.995765
0.0,4.718163
13.2992,14.283066
0.181369,6.0392733
3.85496,7.195901
0.0,-1.3058357
1.72868,11.419465
1.95883,2.3486438
6.58449,3.7938013
0.0187414,3.2552485
24.9655,14.097518
0.0,2.722557
2.02097,4.136172
5.52068,3.991426
22.6392,19.011992
34.3872,29.63598
0.0911935,4.2486124
0.0414705,3.1263812
0.0,4.39352
0.0667324,2.1824596
19.0693,31.905859
4.76093,9.9084
15.8446,5.1250343
143.433,63.219658
0.0,0.12605047
4.39014,6.143944
0.0,4.242385
1.67037,7.0962133
14.4858,11.748794
2.14041,4.0084662
0.0,6.5204067
0.0,3.3535452
35.7241,54.061916
52.0819,48.03108
0.536697,5.062189
2.23965,2.551786
0.0236888,0.27385855
30.7603,25.698082
0.0397342,4.419035
0.0,5.286993
0.0,7.969966
2.45441,5.1345797
37.7117,42.076378
7.45762,4.4634504
106.537,172.0986
0.315423,8.321495
5.22253,5.054364
1.09037,5.250696
8.18569,4.4118795
0.0,12.988021
7.49617,12.672918
0.0,5.304858
0.0,2.3689024
24.6134,12.456714
5.78663,8.806539
0.578598,5.772512
6.3446,3.960364
6.27915,5.543234
90.0406,67.81288
54.8596,33.53375
2.94858,4.40016
0.159075,20.156496
0.0,12.314199
0.0310379,4.9448605
5.05107,6.9414473
0.0,3.9826531
0.0623884,4.1092563
2.62049,7.794961
111.033,83.23404
0.208997,9.123307
0.0,5.458848
31.8932,2.5228496
0.217464,3.395306
0.0,4.068921
0.0,7.8686304
0.0,11.198156
148.964,129.52551
0.11797,4.20697
9.11279,18.555706
0.00736899,4.7137165
0.0,4.327978
146.641,115.24598
0.0,3.383302
17.383,17.572308
28.0864,18.658686
7.38977,8.6465
14.8373,14.640395
0.0,3.4219003
0.0,7.6155434
0.0,3.5353546
12.6854,12.719242
0.0,3.6025279
0.949409,3.3775418
10.1609,11.387261
0.051393,6.5933027
0.166735,6.4145575
9.66222,941.3881
0.910812,4.213358
22.4149,19.895067
0.200673,12.8208685
1.13365,4.855793
0.0,3.5600681
0.0,6.1642804
6.39448,2.8403854
16.2922,4.7586403
7.93361,3.1625938
6.68153,8.197
29.7392,38.20504
0.0,5.0433054
24.5863,17.632322
0.0,5.467646
0.0,2.61698
0.0725011,29.941277
52.7444,4.0482984
0.0,6.5097723
11.7182,4.2695737
9.68664,9.983162
13.2992,8.725657
5.64921,7.7457256
7.79231,11.157078
0.242578,9.951884
0.148011,3.8633876
0.491604,4.2388535
2.7544,5.489747
0.0179047,9.771581
10.3037,8.488487
6.26558,9.928854
6.49945,6.434717
0.265706,2.1054966
4.06813,8.539295
89.6832,67.12309
8.5098,13.961479
22.2217,15.399542
2.02652,2.8810298
26.1315,25.229578
8.01408,4.7057667
46.6668,28.963531
17.5972,17.525902
0.0,3.773481
0.0,1.5628632
31.889,50.222515
8.71518,6.26882
9.01874,12.429537
0.0,3.4341896
17.9208,4.827967
0.0,4.9075212
0.0,-1.0675473
0.0,4.917261
9.22554,4.4637594
18.1813,26.322765
13.3781,11.075294
6.01797,7.806114
0.317921,6.0378437
18.8462,45.39817
0.948007,4.0187216
12.3578,8.155803
21.088,28.325592
0.0,2.5415027
0.0,5.700893
0.0854619,12.896555
13.3042,6.407074
11.566,9.079974
0.0,5.3413467
0.485347,4.1040754
0.0,4.1351414
0.00808029,2.992201
14.6375,19.993637
1.02096,4.9698095
4.0341,10.175667
22.4149,19.241213
0.0244364,3.6720104
0.221825,3.1252499
0.186278,8.530143
16.8529,19.919893
0.0,14.780057
0.0,1.0721482
38.012,33.236774
0.949353,2.7529411
35.0216,30.356731
16.4925,30.804405
10.1609,7.229617
13.7664,15.981751
0.0527945,5.4143515
0.0,3.262843
115.716,35.542423
0.0,8.375596
0.187298,4.0890236
0.0227304,2.779108
0.0,4.4864926
0.5899,3.7533092
0.0227304,0.79061997
12.2934,9.470635
0.0,7.7932444
0.0,12.3157425
18.7132,7.277011
25.8726,13.159361
0.00596473,3.311343
0.0,4.9202776
12.0386,6.5487757
4.06891,5.9366603
22.9302,24.154833
0.0,5.323964
26.3601,5.377599
64.6435,52.577927
0.0137091,5.1582766
6.60336,7.3753605
0.0,5.765102
0.0105764,8.59455
0.0,4.345942
0.372758,6.127263
0.237729,3.9083061
6.18577,1.7418246
0.0,3.385274
0.0404106,6.2377386
4.84321,20.188896
24.3914,45.324158
4.6505,4.922222
6.49102,7.611766
0.0,4.116242
0.0175253,2.7862926
10.6686,8.695975
18.2872,4.044798
0.0,5.717389
0.488137,3.037724
0.0,3.3836188
72.3697,1.3113502
35.4146,14.188127
6.83592,11.890085
4.06206,3.1100748
1.85998,4.872305
0.0,10.6086
89.6832,78.53262
0.0,3.8101146
8.04479,5.575239
28.7411,36.517975
12.3578,20.202234
0.0,3.5061955
3.80485,3.1766024
13.0144,11.997843
0.315423,3.701076
0.025486,5.873084
10.5353,10.877793
0.536924,2.817268
4.94766,6.161765
4.82505,10.402402
9.5994,25.623713
5.20518,1.8924093
6.41466,5.563469
12.3578,4.267395
19.5016,13.748224
0.147257,2.3197103
3.47122,8.78034
0.0,4.428569
27.5933,60.173763
13.3042,7.0654793
1.57529,8.166904
0.963527,20.874933
0.0,5.0429907
12.5416,12.799998
0.0734416,2.6224234
0.0,4.683256
24.1317,16.743465
29.4994,21.998482
0.0621603,3.5301566
0.0,2.8700836
6.33662,3.0836563
0.0770898,5.448454
4.34322,5.3839192
0.647028,29.280903
258.84,127.319786
4.27029,8.158458
0.0,6.724557
7.67293,277.15668
0.66808,4.0448294
16.5429,22.598513
9.66222,492.86188
18.3977,10.805554
9.60602,10.489195
0.0,4.813741
32.3678,18.63856
0.0105662,4.6326113
22.0206,17.056154
9.50146,20.266022
0.213527,1.369311
13.2992,17.449759
0.0,4.7867947
40.133,31.542568
103.714,116.84499
0.0134822,-0.5964775
0.168757,4.654478
25.9758,6.2144527
0.0,-0.36596203
0.0,4.936204
0.0295758,5.4138193
10.5733,17.17014
0.0,4.7354937
1.2621,3.3009224
0.0,3.0827484
0.318154,6.382353
40.7414,37.579304
0.0,3.3604145
3.8158,4.4406633
3.91887,6.320949
15.4757,10.533031
0.0206405,3.284094
0.0,2.2726922
0.0,4.289961
10.5708,5.928508
17.0285,20.880476
20.1384,7.9625025
14.8348,9.757299
0.395147,2.7973704
0.0,3.5376031
12.5238,11.063166
9.36233,7.143734
13.8882,13.70265
6.0391,6.336794
238.224,306.6146
0.0,3.4929376
0.0,2.0935817
9.21049,9.606724
0.0,10.100645
13.6022,16.17941
0.0,4.419781
0.00779217,6.3453116
654.473,61.462482
0.485388,3.3253255
41.4786,42.454315
12.3571,18.866716
0.0,4.67476
86.3551,93.30247
59.3129,90.76311
0.0,3.3749306
230.949,4.6581774
9.4149,6.649577
7.88277,4.57277
0.0,2.5669684
36.2389,20.618376
0.0,7.1048164
12.6111,11.374597
19.9297,21.92926
7.13458,5.4826326
0.0362889,6.4350243
15.2572,11.907648
3.13951,11.050792
0.192117,4.633733
0.0,5.23116
0.0,9.852773
8.31828,10.715682
189.88,269.03857
1.13518,4.7241488
0.36302,5.113673
0.301423,1.1145941
0.0664097,2.6215205
0.0,5.4535856
0.0,5.665735
8.51798,7.942506
0.0410295,4.5577574
40.5102,65.80938
0.0,4.5796657
3.80604,3.7932906
214.545,123.18255
0.186278,3.4197474
1063.86,828.36255
0.0,3.643952
0.00635723,4.116075
0.683073,7.474365
0.0,4.4813137
0.511384,4.0212893
43.2699,33.56591
0.0,2.8029306
6.02408,3.4552717
0.0,5.5135565
20.2289,33.081432
0.0615141,5.417803
53.2938,56.86419
6.32027,5.5919104
65.6935,11.838286
0.00788695,3.57269
0.0772334,3.6557002
46.7864,71.063644
0.0,3.8449588
0.128932,6.622918
7.52572,10.187472
0.0,2.1752348
44.1261,45.830414
1.63946,3.8973851
0.084263,3.4133637
10.5139,3.957352
2.05356,3.7105095
0.0,3.5008147
19.8766,13.074457
0.0,1.2203022
0.0563765,4.9651184
0.0,4.4722075
0.0,7.798278
0.192066,3.2946086
9.4149,9.215226
0.0489275,88.83424
0.0,4.22147
29.6076,53.052265
0.0,5.296631
30.4823,8.621561
0.0,0.561064
0.0785405,8.299526
12.5145,14.870676
0.0,3.9604404
35.0216,47.5833
0.0,7.181638
397.601,177.53853
0.839133,12.310908
0.0593326,6.9035807
49.2648,53.480106
5.65579,5.146744
0.105977,3.2611957
31.4133,21.270374
0.0,4.4007435
1.44105,3.3841712
19.3857,66.16149
0.0,2.3871272
1.75638,4.338065
0.0,3.6616938
0.0,3.6575627
13.4342,8.672383
0.00808029,2.949162
0.0618555,4.368788
26.9829,22.186758
0.0,4.8741646
0.0,3.6133256
0.0,5.136558
0.0,5.868837
0.0,9.73956
5.43982,16.802757
0.0,4.871169
0.0,8.593958
21.1112,17.108355
0.0,3.2515678
13.234,3.5529773
3.45379,6.2712345
1.32143,4.3222423
0.0,3.695167
0.0,2.9390287
2.59898,4.833888
108.9,22.276583
0.0,1.8975824
75.7574,72.6874
0.0,3.0806077
43.2114,41.008358
0.0,3.333366
0.731201,10.210777
74.5041,37.727722
0.0,5.048002
0.372758,1.2749896
0.0,7.949176
3.62445,3.7254171
16.4448,17.301003
0.894353,2.4939919
25.3641,10.947727
0.0,4.430433
21.1571,9.911021
86.4956,127.95984
0.0660491,8.763579
34.0732,12.628999
13.2632,14.244461
400.363,423.75964
8.32161,4.798423
0.0546572,2.8846674
28.3832,9.667464
14.2549,13.126868
1.19245,4.092343
21.3327,29.129034
0.0324436,2.7812324
0.520391,6.032027
34.4265,29.30617
0.0,4.8266134
2.93529,3.957261
3.4258,7.960623
7.18911,5.2911134
0.0,6.6745005
0.0,82.71065
4.25339,7.8664217
0.0,5.186633
26.1965,26.789309
0.0,4.925721
26.6208,24.89749
0.0,4.8114843
0.387586,3.1418202
17.542,15.464184
0.0221464,2.38506
6.66568,9.657459
0.0,5.7502728
0.0,2.725657
0.0541491,4.472555
6.95406,5.1381207
17.9272,19.918928
2.38675,6.864834
3.8263,5.5189786
13.0144,5.9483676
0.229278,6.322753
0.0,3.6913233
6.03438,5.4347286
0.0471666,4.36871
23.5057,22.162464
7.93361,8.094641
11.3212,8.366879
0.0,4.4081736
49.8636,51.06982
4.09223,4.153509
89.6832,85.58988
0.0,4.076197
28.1376,43.904034
1.94104,4.1842413
0.530209,2.8605006
22.5227,17.781956
0.0,4.98499
0.0437299,4.7149315
15.9548,14.700215
0.0973958,4.127297
28.3925,61.669094
52.0819,41.239464
24.7117,16.66356
0.0,4.1881037
0.0,3.0918543
17.5554,106.71299
6.34268,8.4187565
22.7661,18.490711
0.0,4.315374
0.0,12.632565
0.0,4.4792137
12.5696,12.229358
11.0111,13.550984
0.0,5.256299
7.88268,8.667571
7.71256,6.061404
0.337834,4.9833846
9.38294,6.0873184
21.2297,16.59998
145.657,73.93564
23.6853,31.193161
118.592,82.07274
0.412941,5.891699
0.0301525,3.5013883
0.986962,11.690114
95.5694,155.09822
2.49685,293.54153
0.540857,3.0820184
0.0,5.118657
0.0,5.9778705
0.0451321,5.0159388
0.321029,4.205076
0.00992251,2.9250078
20.9428,4.4469614
6.80099,7.623455
0.0535501,9.450982
2.15402,2.522994
0.0,4.2844963
0.620975,2.3510852
0.0,4.4107018
4.38853,3.6158023
0.0,5.1076202
0.265706,2.3379688
0.511384,4.071025
0.0,5.5376015
5.1564,3.5711498
0.0,5.724718
0.336721,6.4045725
13.2385,18.84806
17.3394,17.817766
0.0,6.8275337
152.971,138.00606
0.0,5.8871746
2.13719,5.7511806
0.0,4.8781333
9.20009,6.525197
167.45,26.552816
74.4413,92.78883
0.0,4.025215
11.5688,952.1537
1.92986,7.132972
12.6518,5.6628046
2.66615,6.404728
60.559,47.92857
1.42799,2.4535303
0.0,4.385838
9.73844,10.674811
0.0,3.600224
0.250134,3.7440643
2.30816,4.333821
0.0,4.506178
0.0,4.3823285
0.0230888,8.462655
0.0,4.268678
0.0,5.2049136
0.0,6.275538
0.147257,2.1356206
20.1384,9.133712
4.53618,12.480395
0.0,7.4343433
0.345062,3.2460423
56.5219,48.09562
0.108517,3.1236842
110.437,56.92867
5.31905,5.2087746
0.0,4.8327446
5.4147,7.9315977
7.92071,4.105287
0.530209,1.6559532
0.0,4.897627
25.7553,21.875639
0.0,5.348922
0.0,5.0658083
0.0,3.5129168
32.2298,15.424022
0.0409038,7.530407
16.4599,14.217639
0.943136,3.7217054
12.649,16.923748
0.0,3.0247517
28.4181,27.47315
12.6729,3.3257842
18.2853,16.534887
32.9684,24.278866
6.04863,8.611868
0.0,3.943672
13.0144,13.407027
0.0177495,3.3156807
0.0,5.0529346
0.0,5.305399
8.06367,10.4092865
0.553941,3.7749856
0.0,6.2145624
0.0270653,3.9478984
0.0289529,5.1379223
5.57806,5.3885775
1.09322,9.182708
14.4902,20.173439
5.06028,7.2637157
0.0852943,7.716778
3.9313,5.5985775
0.030774,2.0866904
3.12215,2.3283715
21.8819,12.552494
0.918487,4.219001
0.212707,4.353249
0.559344,3.376154
0.0,4.4488707
20.3765,6.477892
19.3196,13.60009
0.0,2.3048682
4.88202,6.6006794
7.62724,7.59982
0.0,3.8761475
22.0206,29.566566
18.0396,32.82596
34.7113,12.622864
37.8184,29.909346
0.0394029,2.8461072
21.4206,20.294168
12.011,10.116895
20.8289,19.51655
0.0566512,6.050581
6.13584,2.1422718
0.0,-0.31974006
16.3631,16.464705
41.0443,21.562895
16.5368,24.446844
5.78663,5.61013
0.0,3.1486142
118.592,147.05548
2.20851,4.370754
0.0968266,2.9992008
6.70053,7.680025
2.0575,1.5369354
31.889,36.35753
0.0,6.5277424
0.0,4.107277
1.81658,4.1405787
8.84532,8.620894
24.7117,46.25565
0.0098902,2.8032744
6.68128,7.7870054
0.431208,14.037736
29.0844,28.455585
0.425769,9.022774
22.6392,20.496098
4.58484,7.1525393
0.0190806,1.133445
38.0254,36.2629
10.5063,23.521782
0.0,5.376554
19.1489,19.944683
0.02025,6.6063423
0.0261254,3.8221526
0.0,3.8627744
5.21572,2.0894957
30.5917,16.996729
49.7688,67.15092
20.3065,20.995392
0.0,4.4422956
45.3564,60.266922
0.0,0.55561674
13.1672,5.369937
21.3463,9.342447
0.0,6.7782974
0.0,6.7767105
5.73474,5.6181555
0.28357,11.249989
0.0,2.2664428
7.96039,15.640154
22.0206,9.731506
7.54229,5.098651
183.183,210.5818
12.5145,37.078106
11.7058,13.542848
4.54029,3.3634112
0.101706,2.9470534
32.4171,35.154793
0.0790217,7.032317
0.0,3.5541635
0.0,2.8036134
157.385,56.479195
6.71604,9.757338
30.6925,38.698837
44.2972,44.41804
0.145632,6.470523
0.0,0.38953757
12.6111,7.008177
24.7055,23.970612
13.6265,8.967293
9.66222,939.94824
8.07033,9.733454
24.1317,24.147804
0.0249441,6.061117
0.0,3.6127262
14.5581,7.362509
0.0335812,4.546025
19.3196,14.366413
0.0,4.130521
96.1357,4.834196
0.0,3.2434318
60.3717,45.071587
8.74772,8.960738
0.0,3.6325436
57.7565,41.45892
201.008,13.393783
27.4069,42.028873
0.0,8.116139
35.0216,47.062008
14.8266,11.461403
0.0,3.8871531
0.0417007,7.3577976
0.0,4.060766
27.1519,35.568817
0.0,6.133931
3.20005,3.8369281
0.0,8.278436
0.0,4.641466
8.12274,8.656068
4.33894,4.831877
0.0,3.6255875
0.0,-2.2629693
0.00885146,4.734487
51.892,11.632261
3.42946,4.026586
0.0108532,5.706695
1.5408,2.799709
0.0,6.0561666
74.8673,69.31396
34.5353,16.61476
24.5863,28.148943
19.6408,18.70582
0.0,30.270582
23.2925,21.18371
0.0,3.8988671
5.47233,4.878168
0.0215975,0.8729141
2.90771,5.504568
46.9646,39.782738
10.775,9.296757
0.0,5.5155067
0.0,7.7105417
0.0,2.3699186
0.559344,4.8982525
0.0995542,0.11060476
0.432429,6.9637604
0.0,2.4724882
0.922114,4.9895964
14.4278,12.471928
14.6309,15.518119
0.0558323,0.78355324
0.0,6.581256
3.41662,1.7630136
14.2189,10.775992
0.148011,2.78266
0.0,5.1392784
9.4149,8.15113
7.7561,9.46429
0.0988916,2.9050496
0.0114603,3.202303
41.4786,40.00578
11.6114,9.658879
2.62049,4.2671633
0.0,5.870261
12.6788,7.096299
4.56171,8.20467
0.0438582,2.3930783
4.21318,4.6973653
0.128857,8.98556
3.96892,5.626726
5.63465,11.800232
40.7339,39.048965
4.84084,5.8383436
60.3985,57.711086
5.31531,5.7263803
88.224,74.10479
0.0,7.0748043
4.59627,12.486694
8.13901,622.3972
40.7339,32.72214
0.95158,3.871052
0.0978433,4.794819
0.687225,2.9845536
112.303,138.71024
4.27029,6.9249096
0.298316,3.6844597
1.61215,8.375559
0.0,2.9771473
15.332,18.77992
0.798913,5.106148
3.42484,6.4207144
0.0,7.931967
1.71714,3.511629
11.6114,14.303872
21.9108,15.586589
0.0771056,0.09513903
0.0,3.4122858
0.072993,3.2438397
0.0744665,3.9461024
0.462398,15.128498
0.507373,4.01632
0.224466,6.470645
157.205,68.20456
0.0,3.0492108
97.5563,126.492294
39.9277,36.49507
2.85747,2.974259
0.0228959,-0.90175986
13.9365,8.542015
1.2432,5.278039
8.46153,6.431287
0.0778408,2.449985
143.863,150.84215
0.241877,4.8121657
0.0,8.833602
3.08732,0.2076571
0.486084,6.3931704
0.0,187.40932
4.92908,6.387947
0.0,1.0718833
0.0,7.5690536
0.0,4.5883617
12.6111,9.440141
0.0409627,2.8459983
2.68224,3.8965383
0.0,5.3379183
0.0,4.4273744
13.1349,18.272562
1.46693,8.127761
0.0,4.5623693
0.0,6.6768637
7.18911,7.080801
0.0,3.3999588
0.0,2.0421114
19.633,14.102435
13.2912,15.332522
0.658322,3.860924
61.7468,37.888935
1.56805,7.6976023
0.0,6.463093
0.0,0.44732547
0.0,3.1260042
0.431208,6.1454124
0.0733279,3.90102
11.7058,6.7211
0.0,3.6574197
0.041415,11.795466
0.0443425,43.118633
4.42534,12.975921
0.0198657,3.9251766
0.0,3.8866878
8.51378,12.870772
5.34971,6.139332
0.0,6.292764
0.0,14.921363
15.7312,9.9401045
20.9074,14.567219
1.89412,5.416814
0.0158332,4.215996
89.6832,82.54576
0.919641,2.8905578
0.0,4.741338
0.0,5.518242
0.111489,2.3488102
0.0271436,8.65015
12.6742,6.4108257
1.93666,3.806469
0.0,4.8130646
4.52996,14.944127
0.118923,4.039037
7.72854,11.092104
6.86627,7.827386
0.301719,5.4347157
0.0111464,2.9652166
0.553249,5.629673
0.530209,-0.8438585
12.5145,8.70688
25.6865,12.87104
9.26742,5.207824
75.0053,95.12046
0.0,3.9826734
22.8231,17.072605
5.20518,2.6906118
0.0,2.6511714
4.38853,4.315956
21.4388,8.710644
0.68252,4.9612856
388.687,239.7111
1.32599,0.36752462
7.88268,5.5274262
0.0,2.7865639
10.5353,16.284517
0.167075,4.399406
0.112294,4.0777516
4.27785,10.734217
0.0537922,6.396433
19.5035,8.786111
0.306591,4.237106
3.9038,5.259984
0.0,4.6227674
0.0,27.214552
477.65,451.70593
0.0224711,4.1614976
0.0648194,3.3464375
0.0,3.8327136
20.3765,5.186385
8.87697,8.238803
3.42381,3.9321322
0.120368,4.315574
26.6451,29.582142
0.0,3.52871
0.299234,2.9836693
0.0,2.7105968
0.0,23.215837
44.6306,27.287838
0.0,25.930565
0.0,6.5948772
25.2712,14.751636
29.2788,23.623919
28.3115,22.165194
0.151593,5.296813
0.0767361,5.699545
80.465,82.21736
15.1559,15.9178505
54.8596,27.652712
0.0194613,4.037483
8.54713,10.995078
8.65413,12.754484
0.0,22.657463
25.5172,19.290724
0.0,3.4438605
3.78142,8.089336
0.229366,10.352686
0.0543031,4.7076025
16.4448,17.332241
0.0,3.4911442
8.85757,5.765315
3.67181,5.2416162
0.0130336,0.8200476
0.0,3.8967407
57.9345,60.647568
0.0,2.6632054
0.0,5.496861
0.19158,4.228297
3.12215,3.9778018
0.0227304,2.3913326
3.62445,5.1442432
0.0,4.978799
0.051393,7.467511
86.4956,195.43784
0.105717,4.7598267
1.51667,12.919413
211.163,161.98492
34.4245,18.927233
0.0,2.7432587
6.56218,6.456685
0.0,4.338263
0.099321,14.594494
0.0224391,7.0688944
3.56694,5.2049437
19.9297,28.749456
0.523938,4.161749
0.462918,3.2887168
5.20674,6.93254
3.52253,3.6444805
109.221,61.103092
0.0,2.6333413
0.134388,9.062681
0.0,2.6300876
12.5416,8.677567
0.0195011,7.0831003
2.35093,9.292441
0.0,3.3943696
8.56968,3.4763594
29.7447,16.00734
6.62436,8.434982
26.8887,31.366943
0.0,7.3547144
44.9807,29.520283
0.0575503,3.7219114
0.492848,12.614849
0.0,5.334131
32.8867,17.452127
0.0201684,3.6430702
1.55777,3.7005618
0.0,2.9144468
9.31878,6.171649
30.5792,26.343767
0.0,7.1889677
10.6332,17.262028
19.4284,26.321785
4.16915,101.200134
22.2885,12.545974
25.1973,29.037558
47.1426,44.82359
17.0383,11.624947
30.6925,20.170437
8.4425,9.255921
19.3636,10.601259
17.4759,12.357621
7.42519,17.383749
0.0,3.4673915
0.0503724,2.7923756
1.68809,5.237914
9.71452,10.251003
0.0,5.3051376
1.80628,6.892666
0.0,4.884238
10.5992,11.0124235
0.161957,4.594121
61.3507,66.175255
0.0336373,2.961929
0.0609078,5.569099
1.54364,2.7125912
12.7252,10.568463
0.0,2.4058666
0.0,4.540218
3.47122,6.9949827
13.5394,14.661543
6.33662,7.7312813
0.0,3.6073093
1.52594,4.855912
0.0,4.678741
0.136663,4.07681
23.5057,31.9343
9.89053,5.3940687
10.5992,11.877734
0.722886,3.289117
0.0,3.7037024
0.0,6.5237207
17.3319,12.631685
0.0,6.8518972
0.0,2.8847673
0.0,0.3609562
7.72727,10.51064
0.493416,5.9259095
0.0,5.793444
0.0,6.7875786
6.54579,34.476036
0.0,2.577303
0.0370189,3.4478972
11.2068,12.788652
18.9655,9.142519
3.92283,8.714529
16.651,12.992231
0.0,5.27435
27.1802,14.818461
37.0203,31.375336
11.7726,10.436785
0.0,3.7633653
9.45517,8.199178
0.123055,3.7194517
9.4149,4.3593416
2.47507,6.5331497
5.00489,7.311474
282.73,244.98363
0.0170318,5.0816264
3.56163,7.5180902
0.0703373,4.9218636
0.974143,34.627193
22.4126,11.226589
0.0401582,4.644956
0.0143126,5.5396743
0.0,5.7303624
2.1075,7.691395
1010.53,87.92717
38.7644,35.20336
0.0,3.7884789
5.64921,8.270474
17.6696,14.675489
0.0616703,9.107311
22.5174,18.102926
16.0916,10.146306
7.14585,8.057706
11.9044,13.0314665
18.7132,14.982319
6.62436,13.488014
2.70478,5.5963545
0.861373,14.198458
73.3554,60.15024
23.5333,20.7307
7.22547,7.917557
0.0,3.7433429
38.2598,12.575791
16.4448,21.529137
9.97059,7.7467327
35.6027,32.515045
0.0896572,9.479762
0.111297,4.973742
0.0,4.9545155
54.8596,30.832926
9.9758,8.510812
1.7566,4.959687
0.0,11.862165
0.0,3.3539493
28.1376,10.581511
23.7592,17.257156
0.0495336,5.4968987
1672.53,659.98486
0.0368987,1.8182888
0.0143901,2.9235227
1.18242,7.7456656
6.03438,4.433777
0.0,4.0689273
0.0,7.769396
0.0,6.4280815
0.139281,5.142598
0.0,7.0805607
15.6274,10.649204
0.0,3.612997
5.72192,6.3259454
0.0180479,5.621765
0.0,5.11312
0.0,1.3576784
0.0,-0.7694969
0.0645255,4.9423265
6.50334,13.992493
0.0175443,7.3507223
0.0,2.4917932
19.3636,14.499171
0.0227304,1.1497551
0.559344,4.041991
0.0,4.315122
22.6272,22.503542
5.38838,8.850317
0.0,4.7211456
6.80736,8.925438
20.9025,8.188114
0.0323811,4.073927
0.0722183,4.6474915
0.0,3.2970376
11.7411,16.740536
1.26098,3.430964
0.810132,3.2026904
8.21964,5.5928116
1.96863,3.7623382
0.0,5.8729787
2.73634,4.6931334
0.0734416,-0.3004694
29.961,35.951942
0.751981,4.3048725
18.1842,16.517954
0.0323968,4.048174
0.105717,6.6108093
35.6083,40.220222
2.6135,4.2425017
0.0,4.3264413
0.0,5.000557
2.02097,5.0578623
12.6916,18.693758
24.6137,5.5632744
0.0,3.9619427
10.5992,9.595426
0.099321,9.845134
0.0,15.186909
0.0,3.7775526
0.0503724,3.4212499
0.173498,5.028592
15.1876,9.77284
0.0359843,3.7235107
0.0324739,20.68465
122.832,215.57065
0.301895,2.8142843
0.276923,6.852931
0.0,3.5983393
0.0,3.5556345
0.147257,3.1049962
0.0,5.7780175
0.0,16.516066
0.0,6.0127554
0.0,3.5092525
7.42939,28.688988
34.9927,36.184696
2.03235,7.6009483
0.0,3.0675466
0.222829,6.3327165
27.7688,28.536596
0.0,2.9179702
20.3765,5.4494658
35.2746,27.60818
8.78718,5.8596745
0.0,3.9491725
0.0,10.288226
0.0,5.064416
14.6848,12.112972
0.530209,9.32847
2.02248,3.1788478
0.0229381,4.8947783
0.0227304,2.8757243
25.8108,40.840736
0.949409,6.851262
9.66222,838.10254
0.530209,3.191802
7.80756,10.296162
0.0,5.746277
0.219357,7.7394857
29.961,30.713335
0.0,17.431831
5.67805,8.913499
0.0,6.7660713
0.0,4.688036
0.0,4.3761187
0.0,6.466858
2.85292,6.7377605
43.29,37.969173
0.0,8.251846
59.275,39.715664
0.0,6.3499455
6.57803,4.564561
6.66568,7.042444
3.87145,9.420982
6.33747,7.471801
5.06259,3.1087034
6.08398,5.303813
6.85145,8.913947
0.0,4.5008545
143.863,118.70552
12.3816,7.8960915
0.0,3.6135013
0.0,1.565259
0.0406262,4.897984
55.489,25.980684
0.0106149,2.8767853
0.0600961,3.4527326
0.062601,3.4315722
0.0,5.4218693
6.17503,4.9701767
0.0,4.663126
0.0,5.0956783
0.0528512,6.648491
0.0,3.7437215
0.0,3.4805884
999.037,1179.9298
3.31365,8.03489
0.277373,3.298506
3.9012,4.7594843
0.0,5.878024
0.0764769,2.404745
0.0843648,6.0531564
5.75256,6.108499
0.0,3.7019596
13.9068,16.546587
1.90472,6.273419
0.430817,3.047369
0.647028,24.816566
0.0,5.555872
49.1967,47.984924
53.9315,30.829325
106.537,168.85364
0.0,3.3888605
0.0,2.8174748
0.014475,0.04937315
0.0174285,1.5997877
0.0,3.6085336
0.0399721,5.1210203
0.0,4.5843573
0.0,6.8665924
0.0,34.30051
26.0752,36.30507
0.219818,0.14188266
2.02652,3.6868453
0.0274204,4.418127
1.51834,4.8694606
3.69561,10.464497
0.0,5.3333836
2.31478,2.7349825
0.493416,8.860898
0.0,7.815053
0.257412,4.236943
0.0244809,4.451471
4.20667,3.1752894
0.0757449,6.455742
6.30168,12.628837
0.0125925,5.4040146
0.0,2.8639407
0.0,7.2394753
0.0377064,1.6097265
0.183391,0.9827858
0.0407804,4.58251
19.8674,13.150309
0.0,3.9037995
11.0104,5.725916
23.5343,6.9460335
0.0319017,3.8167138
0.0143126,2.2455993
21.4574,9.738669
0.0625483,5.425071
1.18448,11.51081
0.0,5.688588
62.1057,28.155155
0.0348965,10.682557
183.037,82.922455
0.101064,6.491297
0.0,8.404087
20.7484,20.326357
0.186705,5.078722
0.0,1.5580094
169.019,3.242439
2.30452,3.2390547
0.0340069,5.59264
23.1255,38.103508
3.26845,6.3235273
0.735041,4.3553095
0.47409,4.0991187
0.0,1.4796944
1.04538,2.6651921
13.9629,9.022996
38.0233,29.975641
0.0,2.1452415
7.38977,8.09742
22.5498,17.030981
2.59898,4.444649
0.0,4.727295
0.0,4.6655183
0.0,5.473905
0.0,7.2512255
0.0,5.583742
0.00328886,5.5082445
598.347,1125.9734
0.0791029,2.367215
14.8266,11.371169
3.62445,2.8733368
0.0,4.1998987
20.9778,11.095149
0.0,3.272164
0.0647448,6.17376
0.245531,2.212872
0.10036,6.811908
0.0,9.026214
9.53719,9.609356
0.0,2.1947968
34.7652,38.31678
0.0,3.861895
0.97247,4.2586756
19.9297,14.670179
0.0,3.3037803
0.0,8.485088
3.35623,9.477573
0.66808,3.589302
0.00871303,5.4235077
0.0,4.4269176
0.0,5.655535
12.5145,17.167114
0.0,9.8785515
6.06754,10.389281
0.0,7.416151
0.0,5.2154775
9.21721,11.113542
0.172165,4.135502
9.02091,3.4168534
11.7324,13.401083
0.127069,5.7740564
7.81638,12.9392605
2.17889,3.4381573
0.0,0.83159137
20.3765,8.836415
8.44341,4.9612656
0.051393,8.24381
48.8333,18.949623
6.43976,5.1428547
69.457,28.492136
0.0,6.715536
0.0,-0.911016
22.6518,10.156752
0.220766,5.720324
16.652,12.822022
31.889,36.62614
35.7241,33.736088
0.583561,3.5439548
1.00998,4.877778
10.6293,20.98478
0.108294,4.499759
3.88411,12.974382
16.651,14.811712
13.6965,14.659091
69.2914,57.00583
11.9358,7.3575354
7.38977,6.75148
27.393,24.2158
0.121155,2.677941
1.32143,2.8585792
0.0,4.3466387
40.0706,41.218918
0.0,2.2846704
5.22933,3.7002285
1113.21,532.9208
3.10884,5.8774824
24.734,14.420572
0.0,2.4964826
6.91961,6.6608143
24.0281,14.581465
5.20518,4.952873
0.0,2.650218
0.0156339,3.2343752
11.6152,55.396324
0.0,6.388773
0.0,7.250334
0.0640644,4.263438
131.913,63.947147
66.26,85.62196
0.0,7.167039
5.08154,4.5626516
9.02091,2.7610722
0.0,6.453391
1.35988,3.3738863
0.272102,4.1951246
2.64489,9.71767
0.0,4.953153
4.68474,3.2388167
5.52068,10.45472
0.0,2.8926659
14.8102,16.639324
0.0157141,3.681345
0.196792,4.23921
0.243201,4.7936115
0.0,2.9190822
5.64921,7.637129
0.0,1.7438931
2.73993,3.5367737
15.2282,14.1525755
6.4931,9.668392
8.51378,7.5160866
0.0,6.6266613
21.4214,26.339334
0.0,5.298609
9.66222,819.7726
0.0951988,5.886566
72.1933,25.866894
0.0,5.314192
0.0,6.713372
27.7932,20.491518
0.0,4.889661
98.2978,70.76407
1.55502,7.6433954
0.0,4.042243
12.7342,18.64789
0.0,7.45753
0.0,4.1385684
49.8476,38.437603
0.588017,4.293662
2.15237,11.160051
0.608981,5.5558
0.0,4.8494234
12.996,11.075915
4.37095,7.4359303
0.0,3.43158
0.0192427,6.003299
0.542133,4.112739
20.7926,6.884961
0.23267,9.219122
0.012238,3.422738
34.9726,25.577482
1.77712,6.056096
0.0,4.2916245
20.0597,8.397496
5.34605,5.9179363
0.0,3.3927286
0.0,3.5695615
0.0195086,5.3868957
0.0694929,5.165812
0.0,3.6353202
3.72968,6.782611
7.32356,9.0294075
0.0,4.9861298
0.0110203,3.1429486
86.3551,106.36715
0.0978433,3.9690266
0.16748,3.53083
33.4098,25.436714
0.0,4.860717
1.20503,3.6289594
0.0,5.832217
13.2992,14.697599
0.0,3.7752576
8.49454,5.7697678
0.0,4.342603
0.0,2.1262424
5.73474,7.5933046
29.3384,24.08753
19.736,16.193369
3.7689,3.4149969
0.144784,3.478735
127.128,82.25857
120.835,75.99629
11.715,5.76801
4.12372,10.12837
80.0908,42.286495
14.2404,4.748521
0.0675391,13.435664
10.5992,8.8862295
4.95834,8.165701
0.0261903,6.572114
2.71852,6.8229685
0.0298962,8.255245
17.0974,16.132505
0.200307,4.599015
3.91329,6.150423
1.14091,0.09692693
0.0,3.330625
35.2742,9.504911
0.052786,2.9368014
26.3314,36.22657
63.4931,80.12629
0.0202205,4.576626
12.0554,17.62774
1.20083,3.4930878
0.801671,8.722544
0.0,3.2687602
0.0,5.5902715
42.5608,35.027115
6.86627,5.938887
0.0,1.3368347
23.6752,7.443804
0.0,5.0042
13.4906,6.634305
18.1051,8.04766
0.0780955,4.504562
139.129,94.864746
2.18594,5.5224714
0.0,1.7147979
15.4758,11.018927
60.3985,69.37346
0.0,5.450495
0.0,3.420844
0.711576,-1.2334335
1.1534,10.192489
2.49685,209.03006
0.0,6.3387947
0.0,2.6729298
0.0167702,3.6036625
22.2207,8.976369
0.0,3.534554
0.0,4.6693363
89.6832,58.043076
0.0,3.1742465
6.61661,8.391422
15.1876,12.020677
3.52253,3.1131423
31.5645,13.823798
0.369767,67.38808
0.0973958,3.6679535
2.86167,9.533856
5.97234,17.267002
6.895,7.0370846
0.249562,3.1727805
3.56694,5.868991
356.985,516.0113
0.0,2.3310795
18.7132,24.433336
0.0,2.6432178
0.134373,3.8938618
2.41063,12.44144
14.6783,11.786835
0.0,5.889392
13.9068,5.772725
9.99639,6.742214
8.29918,12.653995
0.0,5.168549
0.0950008,5.306778
1.58275,3.304389
51.8625,84.336044
14.3642,9.506307
10.0159,9.954777
6.95536,10.859901
0.0,4.0290194
0.0,6.0529532
0.0,5.685421
8.8498,8.5887165
11.6972,26.376995
0.0329041,-0.2985506
0.0730475,7.5501375
0.0757449,5.2107286
0.530209,0.40620768
5.74481,9.435941
16.29,10.295168
0.0256138,3.2420683
14.5496,11.061681
0.0352722,4.286588
0.0,7.240637
0.0,2.397024
0.232573,5.096633
32.0064,41.66337
0.491604,3.792262
0.0,4.6499195
16.7768,5.2238646
0.285904,7.916175
45.5749,47.003544
3.34978,1.701666
0.0,7.118658
0.0,1.84712
21.5146,14.346946
9.463,4.5609593
0.0,6.7295017
0.0722183,5.3777447
3.51916,7.556324
86.3551,56.328133
6.31848,7.165475
1672.53,461.69284
10.0719,6.0531883
1.13365,6.0604105
0.330612,4.616352
6.39077,8.7140255
0.814287,12.236343
0.242017,3.2294328
0.0,6.1481123
1.26676,3.6030223
0.839133,6.670352
2.55277,8.905664
0.096906,3.7674246
1.001,338.6194
9.26417,4.3727617
5.59568,39.408
27.8376,30.346224
8.90259,5.5204616
0.0,4.927588
0.0175394,4.872361
0.0,4.5144224
0.0425683,2.0077693
25.6392,14.09907
0.0,2.2985253
86.6865,116.43683
127.302,145.32912
0.0,3.6135373
8.61474,19.577177
0.0,4.7246094
2.36245,4.5877485
0.0,4.119084
16.8101,40.46324
4.88149,6.976674
86.4956,93.30714
12.3842,4.260854
0.0,9.041868
48.5489,25.428799
0.144784,1.8929605
6.753,11.52323
60.3985,71.11656
6.80099,7.988471
0.172226,2.908928
0.0,5.0708
0.0,3.693174
0.314389,6.838193
0.0,2.0300548
2.01795,4.405545
12.5696,8.094217
9.66222,590.52
0.0148745,3.5482075
11.7739,8.340613
10.8319,19.43631
0.0,3.9013855
0.118742,6.831746
0.0,3.9115303
4.61967,9.092357
233.507,229.45248
0.0,15.216971
10.2463,14.271549
3.05638,5.2634172
0.134373,3.1797028
46.797,30.10652
10.919,14.164342
0.931928,4.6565614
18.2872,9.256614
1.59969,3.4560688
0.0,10.011174
0.0,4.72674
0.0,5.6472588
11.1947,7.502161
0.0,2.7518082
53.2671,67.79275
0.24016,2.6947074
0.0105662,2.3122358
0.0,4.7116137
0.0,2.3061655
0.113065,5.509335
0.0274204,4.3310933
2.84066,8.742433
0.0124043,8.047279
6.94318,7.7715893
0.951593,3.4717057
0.0,2.7021546
13.6206,11.9402895
0.0,2.7751217
0.534861,2.8166611
7.68164,5.1742306
0.0587131,4.311823
95.5694,86.79445
0.20584,3.7761974
0.051393,7.726861
7.25476,11.87999
5.02146,4.0566545
0.0,2.791859
0.0,4.731411
3.42381,5.388957
0.0215975,5.48051
0.220822,3.3010778
27.7688,17.394234
6.17769,6.478633
0.0,2.7806387
0.0,4.6087475
0.0101776,1.8374662
71.0243,60.90482
0.0,6.49302
0.0,5.3261747
67.7821,34.10239
0.0,4.5697327
5.83223,6.677599
0.659278,11.418698
8.02989,9.346035
45.8853,28.808342
2.29766,11.003709
0.0203818,4.6434917
0.0569866,8.543723
22.4898,17.564648
35.0216,24.639463
7.87027,9.626176
0.0,2.9633238
51.2472,17.443323
2.62229,6.5515537
0.0,8.128491
0.0,4.675604
8.14734,5.5336995
24.5863,13.830647
6.51382,3.8469584
0.228483,-0.00966692
6.53582,6.376842
3.84032,5.807117
4.22201,7.161087
18.2572,24.306583
3.50103,2.3739023
9.66222,466.98816
5.53292,9.497572
1.71379,6.920892
13.3722,7.5489645
0.0,3.7640693
0.520578,5.025344
0.110217,7.6808386
0.0362889,2.7545323
17.0076,26.06436
0.0,8.119839
0.687225,5.387001
0.142322,5.45018
0.0,6.416195
14.9617,20.696247
2.22122,4.7726355
0.0471918,4.995178
0.0,6.1609993
0.0932137,8.224101
0.0,4.0242624
0.0390648,3.5572572
11.5285,11.870636
4.39554,2.9906137
1.45006,1.7026286
17.9272,17.730349
8.92614,4.4643087
0.207645,4.4940624
4.0,-0.5009706
10.5992,8.661713
0.00727648,4.9463816
4.89097,0.8185873
0.0,4.1309595
23.6547,35.586033
0.0,9.154991
315.706,230.64201
0.0,4.8261795
0.0,14.7532625
0.0,6.2580075
0.00973541,5.2358837
0.0,3.1976376
0.048191,4.8347516
36.1493,29.771652
0.886132,4.178135
0.157396,2.3371122
123.002,101.91844
0.097461,3.4951806
37.4675,20.75048
0.571642,2.8625054
0.0,7.8803244
0.0,6.678914
26.885,17.64347
0.0,-1.0113282
3.69528,6.4336195
38.704,20.572687
0.0481385,5.660371
0.0,5.294566
0.66808,4.5296116
9.4149,11.65887
20.3765,10.556854
2.8793,0.8522394
26.1965,25.439814
477.65,772.4486
1.1092,4.7114964
0.0598579,4.082289
47.3378,11.199951
16.331,18.578463
2.38675,5.077201
38.4953,22.579042
7.68402,7.4388695
0.0290253,2.94594
397.601,236.9438
0.0349215,27.573637
0.0,6.389531
2.15402,3.9330356
0.0,7.0852785
65.7132,38.205433
102.555,136.50294
0.236539,3.731851
44.6306,32.764633
2.06211,8.371359
16.1284,12.418124
112.365,120.6781
0.0,-0.39885688
23.569,24.586267
0.0,8.28854
0.0,12.004669
0.0,4.8796806
0.339008,-2.8384473
0.97247,2.605338
0.353843,5.5567493
51.2472,48.116962
48.0737,8.936111
0.0,6.6943083
0.224191,3.049653
0.97247,4.3638897
0.0,6.189648
56.6049,29.90423
3.99544,4.609495
4.00067,6.97468
15.7976,11.58507
30.6925,19.007736
1.40205,4.916313
0.0,3.0764523
0.0,4.9270926
0.0,84.47495
34.9534,36.6164
0.0,5.6667023
23.7573,16.173182
23.9209,15.501079
4.55759,8.009722
0.0734416,1.5286474
233.507,65.6222
2.90635,4.001645
38.704,28.668354
44.5126,35.98432
0.22123,3.7741556
0.183023,1.4643786
0.0,4.129966
0.0,4.145061
8.16661,11.584295
5.57721,10.5847225
2.54224,5.5032353
56.1216,38.110134
0.13315,3.0519736
0.0589175,6.2952213
0.0,6.29474
21.5036,17.78137
1.38682,3.9599519
11.6114,14.462349
0.0631601,10.261495
0.0,0.68043494
33.7368,40.71537
0.0,4.383827
0.299234,4.4657507
15.3531,17.466913
0.0,3.997772
22.6392,22.948303
0.0196105,4.2608566
0.0,7.78111
0.0,0.9563409
0.186278,3.255804
26.885,24.629204
4.16531,3.432308
5.59568,37.01301
31.688,30.951088
0.227656,5.620571
3.1782,3.881263
8.54891,7.2848682
10.3538,8.935299
19.4241,23.944853
0.0,6.829838
0.182939,7.734929
21.4867,33.00915
0.0324436,1.916779
181.96,107.14308
6.74107,9.884589
0.0,4.4591594
21.4867,11.953434
0.0,4.399932
0.0,0.39019012
3.34602,10.266693
9.31878,11.092434
0.179337,8.210324
3.92962,4.6919928
3.02521,3.0875697
51.1107,39.0609
11.7411,10.090399
0.0157039,4.5827
0.914182,6.071003
181.385,35.736073
0.0569866,3.2521079
4.41878,5.512018
0.0271285,3.2404637
0.0,5.831035
77.0235,84.62493
0.0,7.4122524
73.5802,47.076664
1.47888,4.750315
7.21241,15.061778
12.0386,6.5357533
16.961,8.043229
1.00717,2.5758026
0.0367065,1.9256847
0.0626873,8.152181
0.104732,-1.900686
11.925,8.396221
32.6081,22.482029
79.756,23.538889
0.0,5.9889116
0.0,5.766925
0.0357039,2.3484044
0.205377,3.4557936
0.0,4.7861786
9.71452,6.6517105
0.0,4.5419273
12.6518,13.920037
0.0,3.1164196
0.136099,24.940454
16.6061,10.294872
0.0174285,4.9075975
95.8946,48.7208
3.31398,3.595888
26.2865,24.015614
13.6045,11.1446
0.0,3.4307313
20.4143,26.662453
0.0,3.4253545
0.530209,2.2750344
0.0110203,4.7313733
0.226083,5.2209997
3.73044,5.1661606
10.1206,30.85294
24.3086,13.61804
11.3911,8.522297
17.823,15.997049
22.4566,22.716433
0.0658842,3.7765188
7.34953,13.665227
7.13458,6.2417974
0.287044,6.106882
0.0,4.4787483
12.7134,3.5946906
1.16659,11.833103
0.0,7.219081
0.0,2.9410143
0.0,4.324111
0.0,5.260336
9.35322,8.357612
0.0,2.8243787
0.0,2.126276
0.805263,5.28284
0.0,7.1589785
0.0213137,4.3461676
8.71629,9.922028
0.112294,5.766609
23.6752,12.26654
0.267529,4.239269
6.17503,6.838992
0.0,-2.6655037
16.2904,30.37061
0.0,4.248082
39.5927,41.64908
7.07182,3.031128
0.0,4.6271567
24.7055,15.1384115
0.0155102,4.6830664
0.0,5.702689
5.4827,6.9358273
0.0,10.1687975
0.0,4.0258512
78.91,56.97862
6.70289,14.628106
2.47586,3.7531471
1.34405,8.3833685
5.78663,5.2190166
6.01968,5.6814504
9.89553,6.483824
0.182946,11.972942
0.0,5.1652117
17.4509,9.617132
0.0,3.5220275
4.88485,5.0897703
166.055,192.29
0.75264,3.5427003
0.0,3.3375945
0.0,5.4182224
32.6081,25.579145
89.8552,30.305254
1.13365,4.00578
0.0,11.485044
2.47544,3.813624
1.43893,4.8539653
5.65247,6.119169
26.9829,38.28923
0.0,8.969943
18.6327,5.87263
13.768,17.67034
0.263235,3.880064
1.32434,16.754177
0.0,3.5976465
0.0207707,7.5161304
0.0,4.60563
0.0424016,2.2872136
0.051393,8.261284
0.0,6.405164
0.0,7.0016384
0.411793,5.6771765
9.93428,13.263816
5.61546,1.0976983
1.45654,3.49692
89.6832,92.34255
0.0626555,2.5454051
8.40584,7.939389
56.1216,43.82142
13.6482,7.9630594
0.219048,4.2075005
35.6741,43.175823
8.0937,8.291453
7.93361,5.372898
0.0,2.9542298
8.35015,7.192626
1.54603,10.637526
0.0,3.5852153
0.438031,8.588852
0.0117752,6.244828
14.3497,10.39766
0.0339982,3.6667826
2.59898,2.0096943
0.0,6.2095213
10.8847,31.691221
0.0,5.3878326
4.13278,31.97488
68.9565,53.082634
38.0254,47.415134
2.68947,10.813077
9.51775,21.56168
31.9153,21.78595
0.0,3.798263
3.38631,4.642305
0.0,4.9249125
33.427,62.84312
0.112139,4.5774755
30.7407,25.242334
4.75915,6.7808123
2.48554,7.6457577
0.0,3.6092732
1.2621,5.2355022
26.1965,28.60842
0.0,8.754618
0.0971092,3.3448608
8.72667,9.757533
0.731623,3.628901
0.0,2.2613037
0.0,6.448704
3.17315,4.164678
0.207426,5.731823
0.0,2.3587248
0.0,1.3921032
2.29405,4.062742
0.0,1.3777736
0.337834,5.2428694
10.1753,15.181265
0.249904,3.5634127
16.2717,13.710844
7.58157,11.703935
0.0963651,2.948935
2.15402,2.5429366
23.0388,9.314866
18.6327,35.843918
0.110194,4.4994087
0.0,8.769653
105.929,39.682606
0.0,6.705204
0.0,5.48291
0.232211,4.7363567
25.1649,21.115677
32.6742,19.787163
10.9533,20.661942
4.89209,4.060096
0.54429,35.38512
31.8925,66.63811
0.0,6.9569006
0.00691066,3.974039
28.1376,23.770275
17.542,10.297711
0.1417,3.6890254
0.0,4.823286
0.0120289,5.2222624
0.0572617,5.506034
0.356688,8.203876
23.5049,16.846838
26.5551,34.936993
0.0,3.8317275
11.3911,9.699561
0.595055,5.6569405
13.5788,17.825724
0.0,2.4285407
9.18391,18.592022
1.87287,9.182782
20.0894,43.376045
10.9649,4.02304
0.129307,1.960307
166.297,5.0059175
1.06234,4.4461637
0.0257749,6.0784807
0.498276,0.8956914
0.0,5.618182
0.0,3.0650814
0.0,5.619712
21.4343,4.989601
11.6648,11.163737
0.0,4.876651
1.91111,6.554759
5.78663,5.573349
0.041083,5.849904
0.0,6.8972683
0.0931813,4.393884
4.90962,6.2542152
6.33075,9.4086895
0.0,4.4747143
2.01911,5.9848113
21.4343,7.2496414
0.0,2.890411
2.70478,5.5374947
0.0,5.610652
1.96863,4.120088
0.0,4.0556793
0.108441,7.299204
0.269299,-2.7299068
0.494796,7.632805
0.0510919,3.1327918
18.2763,16.195356
13.4342,15.572819
0.0146036,0.3829515
0.0397651,5.571265
0.0,3.0581174
25.7377,24.34346
1.68959,2.037961
201.331,279.4108
32.8704,24.333942
0.0,4.314725
51.3322,33.561222
28.3832,37.919327
0.0,3.7099352
0.0,6.782111
30.2328,15.447096
6.32027,10.062289
0.0,4.436077
0.0,5.382618
25.7056,15.360417
0.0,4.33278
0.00929197,3.6676195
86.8072,83.41185
0.0,5.867347
0.0,4.141117
0.00641776,3.8803697
1.12649,3.4624372
0.314698,8.310835
0.944647,9.58669
0.0179047,6.7739897
11.0134,5.944083
14.3642,23.052528
12.5145,14.546469
0.380248,1.8785108
26.6826,15.022003
0.0,0.7404616
1.24542,3.1848695
4.55759,6.831867
31.4353,22.502838
0.0,7.735181
20.4947,17.742577
0.0,3.8589413
0.647028,20.310282
0.0,3.7977254
7.93361,5.8048735
0.0,32.72212
0.0816582,2.8735464
26.1605,28.701967
795.558,676.4414
0.0,0.28367472
0.00388787,13.247462
0.0570346,1.6806912
256.653,211.2584
0.0320579,4.4554834
0.454176,5.1806498
4.85934,4.0067143
28.6632,4.6189613
10.775,11.874477
0.0,5.901186
11.6675,4.6257963
5.59568,31.908472
6.86443,2.7113767
0.620975,3.8818789
10.3992,15.397103
0.0,3.343023
0.0161967,0.47894812
65.9041,78.758064
0.0,5.438797
115.716,38.6231
2.0464,3.6159456
0.0,6.608042
3.1273,3.7300704
0.0443425,3.3578787
3.29546,6.21928
8.08687,8.240137
619.796,196.44557
1.22285,7.4912233
1.31759,9.238277
0.0,9.227187
0.0,3.9129047
23.5057,11.982172
3.84675,3.4208603
3.12215,4.532261
3.97178,5.625785
79.7199,57.15014
3.11227,3.8483028
135.162,75.583496
23.7592,24.858429
0.0,-0.20197582
9.35985,8.459576
42.3893,31.408648
32.6081,18.651674
0.0,6.668908
36.1719,17.853483
3.26024,7.495392
1.24908,5.5693173
0.0,4.162549
0.0,2.3322685
0.0,2.8020604
5.76944,24.234556
13.3605,4.210271
0.0133143,4.1708336
27.3849,25.67496
0.121128,5.420612
0.0820103,3.520068
7.93361,8.159771
17.243,8.966166
12.5936,7.322692
0.535877,8.487137
0.795791,9.41857
29.961,26.051777
11.7892,3.594098
82.423,87.33839
0.0,7.006426
0.178451,4.949137
25.803,21.284132
53.2938,41.05754
13.0292,14.066886
0.0,4.775211
0.183732,1.721863
1.9342,3.5350728
0.0,2.6252701
0.0,4.568595
125.046,50.51666
0.0,3.9081044
8.57879,8.940695
4.27029,5.299918
3.95964,4.881324
20.4143,16.374641
0.0,5.4986076
0.0,3.5078652
0.0,4.7266846
0.0,3.0315952
2.59898,4.8578544
0.0,3.268822
9.31878,9.062459
4.26574,7.6923246
0.0,4.9742317
0.0,10.523767
0.318302,2.4861991
0.0,10.045491
18.2676,18.461237
0.608246,4.8487797
1.47888,4.378174
25.803,11.498893
0.0,3.6823587
13.6965,13.273724
4.3179,3.253757
21.4862,16.844534
0.0,4.3552637
0.0,4.804309
10.2463,10.15219
0.0,3.8318827
0.188824,2.5292428
0.0,4.883421
19.2652,22.47544
0.0,4.3237114
8.42446,7.0758553
0.144305,-2.2135184
4.02702,6.23929
111.675,65.83617
0.0,1.790326
4.70495,8.354507
19.4462,29.44758
0.0129911,14.036432
12.1094,10.109128
0.0,6.9874125
0.0,4.1506205
3.35149,15.441615
13.4342,11.658594
45.7148,59.111973
0.799003,4.34549
0.0,6.794547
0.0,7.334221
1.06258,3.677194
0.0,18.351
0.0995036,4.5607796
0.0259697,3.9606628
0.0932137,11.719965
0.927296,2.8513932
0.014177,4.482602
0.645114,3.3410244
0.023733,5.8756332
0.0,180.85843
0.03394,4.5301185
4.98572,7.446206
0.0,8.995868
1.01885,5.338771
1.63821,17.684814
0.16082,4.3393884
4.12438,6.4392586
17.0974,8.368552
102.047,52.254593
8.44341,3.2114944
0.0279625,0.35875392
0.0403822,3.688045
15.7843,14.692828
0.0,4.656035
0.0999994,7.191674
5.72758,5.5309095
0.024356,4.3848333
0.0,2.2866178
7.67703,8.744962
0.0,5.275288
0.0,1.308966
21.1112,23.53568
12.766,19.62812
0.0459248,10.793574
0.0,4.6806097
0.0324739,8.139236
0.0541491,4.15117
0.0,4.871807
7.96039,4.68427
0.0,2.258097
14.4278,13.311921
0.0400654,7.116824
0.0824955,4.933752
25.3641,34.80994
25.1238,85.30173
0.0776316,4.2994933
7.95033,16.14502
86.3551,32.7915
0.0,5.2464113
0.0,6.8842173
0.0424993,3.8110232
0.0,2.9813352
0.524165,9.836137
0.0213137,6.0300846
0.0,4.365919
64.2063,65.07037
0.0,4.4915075
25.7537,14.442663
0.0,2.0364904
3.28943,7.0479364
67.7779,70.61354
0.0,5.5786486
9.01373,8.026536
3.0284,5.462099
0.030774,3.5410066
13.8431,25.958529
0.0751299,3.4487658
0.609691,4.5670276
4.33811,5.359947
22.8231,28.239815
9.08381,8.564948
0.0,3.1495283
0.506804,4.496596
0.0,3.1563091
23.1255,21.372068
19.5035,9.21223
11.2349,9.699241
0.0,5.1237535
0.0,5.505678
0.0,3.7447083
0.0,4.037105
0.0503724,2.6679282
0.0,5.1221304
0.300234,2.6250443
19.7062,15.587045
9.66222,799.3832
0.0,6.263072
0.0,4.073044
1.84949,6.445841
1.06308,3.2313936
0.1805,-0.9231291
0.0,4.74714
4.15212,6.1210604
0.0489275,111.76199
18.2853,24.1438
0.0170975,2.5122285
738.118,380.62405
3.59627,4.1334023
3.40233,7.2315493
0.0,3.4502492
1.00882,5.553913
0.443856,2.25264
0.835289,5.6984463
17.6613,19.586248
16.5481,9.293339
32.4954,13.422644
0.0,3.9321213
0.0,-1.0310583
4.26574,7.135461
22.7626,5.6708064
0.473352,-0.061291933
0.0,10.308081
1.64039,3.7003121
0.0607464,2.7249327
0.0,4.607237
4.39554,5.514211
86.6291,72.384636
21.4343,17.000906
37.2997,47.45876
0.568928,6.0327716
38.0233,25.756767
1.12193,5.5051613
10.2463,21.73239
6.08989,3.8688505
0.736154,5.9650087
21.2436,17.442696
52.1765,55.88685
1.2621,5.0126276
48.3711,60.912754
1.84062,7.2665462
0.0,2.9844067
19.0535,17.698456
0.0,4.607378
1.49994,5.693234
0.0,3.0301964
2.95514,3.1492934
0.0,3.2646077
0.0672375,1.9031672
1.52986,6.2545967
0.0,4.5909066
8.79761,16.086605
4.27029,3.6608965
0.0,-0.3017373
3.40272,6.752388
37.4675,34.29227
22.0206,13.153486
0.0339982,3.2047186
18.2676,14.265509
33.0979,21.635271
0.051393,7.201191
0.0,3.8212893
0.308492,5.688834
0.0,2.7572663
14.0396,23.395727
13.2473,4.3388
0.0,3.8980112
0.00768744,5.812023
46.1839,56.94761
0.186204,6.452588
3.12215,3.1028342
0.0,4.2301636
0.051393,5.7929373
50.2525,12.5095415
4.09223,1.9440825
0.0,6.2864666
0.0,5.78349
0.0,4.3128033
17.5005,4.2045155
22.0206,15.68943
0.0493975,3.5543878
110.894,71.97025
0.900068,6.143132
0.115341,4.77427
39.8526,29.769264
20.9778,11.855288
738.118,553.8812
0.0236888,5.3653345
0.0,4.5125446
25.6866,26.197845
52.2404,43.234356
0.0,5.98427
31.8915,16.907854
0.0117422,4.4958644
8.10299,2.1998255
0.0,5.246088
76.8716,86.884995
7.53906,8.406354
0.0546572,2.8248932
15.8452,48.99421
1.51819,3.6210961
85.5778,48.644115
0.311347,3.7118115
0.0,6.225698
37.7274,29.940567
1.4259,3.969565
0.365904,3.7855191
7.18879,4.284252
8.08271,11.741602
0.0237487,9.310903
8.49649,11.60472
0.0,5.3658314
14.8687,24.848877
22.9901,22.705946
0.946129,6.7597675
0.556268,2.8815675
0.0,3.9128127
6.45017,6.0985804
0.0105449,5.7842126
0.0,5.93528
0.0,4.8044024
0.0,9.25156
7.2525,7.9898777
7.49617,10.882044
0.226083,5.6656322
140.312,57.11207
4.84952,5.126446
32.5265,7.319249
0.0,3.0784483
0.0522548,3.5293922
0.108294,3.4306874
0.0,3.5513096
1.61215,10.183396
2.09633,4.521128
76.748,73.65163
0.0279926,4.9554844
22.0206,27.401327
0.0,0.93912506
60.3985,49.19457
0.32237,8.193896
20.6152,17.888065
0.0,4.1115184
28.6632,3.5522585
4.44392,3.842361
0.0,7.418008
12.0573,13.319059
0.0130336,3.0255313
0.0,4.8330307
0.530209,0.36807323
0.330019,4.571784
0.0,2.992416
7.54107,5.567816
0.0879474,13.463524
0.0,2.4850957
12.0945,12.940887
6.04453,6.3455
0.0,2.9785354
11.3499,8.717782
26.1965,25.781889
0.177502,3.269621
0.0400613,4.1189895
0.0419176,3.304108
0.0,3.3877556
0.0,4.9987097
0.0,3.4286985
0.307538,1.5190657
40.8759,56.09891
0.595201,6.4652843
28.7911,20.008514
50.8004,50.853214
42.5577,62.79316
0.364658,4.3956265
0.0,2.328778
0.0367065,3.8914788
32.4123,22.7662
1125.9,396.42645
1.12501,5.036854
22.0206,36.030018
2.47663,5.66996
0.13315,3.4214735
13.1239,19.301903
0.120609,4.132551
0.0,3.0107784
19.3196,22.26976
36.7233,53.04945
0.885176,6.972842
0.0916607,3.5779533
14.7658,17.280533
17.7397,13.253146
0.0105662,5.403245
9.7083,6.825959
0.0,3.8927472
0.66808,3.5338292
0.0,5.415392
31.889,44.28263
13.374,6.2097583
39.9616,35.877056
0.144784,1.5996544
59.7882,38.57531
6.49117,9.443393
0.589279,5.8628135
0.0,5.661607
31.889,77.610916
0.0132588,4.6021805
0.29347,40.45832
0.0,6.4099646
0.0951988,5.3246045
2.29405,4.744549
13.3117,16.05425
4.17273,-0.6145706
13.6708,12.092906
13.8431,12.353792
0.0196105,8.049039
208.249,213.03229
0.118923,3.982663
10.3538,9.447363
0.0,27.487581
0.0932878,1.961019
101.479,57.155956
1.603,2.689125
0.0,4.7973285
0.0,4.8000407
25.5413,26.12661
2.58875,5.57908
0.095025,4.5336275
3.12215,4.7663393
12.7177,9.836587
0.0158971,7.0530825
86.9453,84.95776
0.0,6.9581127
4.17273,8.2429285
0.301719,3.0997329
0.00507226,5.227212
15.801,17.757137
16.651,12.614974
0.222829,10.501208
0.0,5.4546204
7.18879,6.3798823
0.431208,7.4611807
5.85685,6.974328
1.75888,5.684969
4.33664,5.3706446
0.0,2.9003782
2.19578,6.570943
131.913,55.663826
0.0878932,4.4640965
42.2843,16.843904
19.6539,10.178044
0.131732,4.5303955
0.0,11.331787
7.58157,5.4995546
0.0,3.3452237
0.0739612,6.0181684
45.9377,46.719425
0.406795,3.9348383
0.0,5.0721626
0.0,3.4637866
0.0,3.1839204
22.4628,6.4549522
7.16027,7.933343
0.0,-3.1368792
0.13558,2.0394325
0.0169503,4.718815
0.683661,7.045924
6.77438,18.325703
0.15761,6.8527546
3.905,7.148982
7.54229,-0.5642209
30.7407,53.66092
0.0,5.456218
10.2232,20.249899
0.0657912,3.6354678
6.71538,8.666929
0.0,4.4005475
6.91961,9.354828
0.0,3.7917714
49.3187,41.792
21.1136,18.436745
0.0,2.1061788
0.0443369,5.2887363
0.581551,3.7816887
21.5036,32.310333
30.704,19.09495
0.0,4.469309
0.0606786,4.9634414
7.75683,21.380444
0.0893227,6.6734753
36.8233,26.979822
16.2511,18.856125
115.716,40.310165
0.0,3.9996088
0.0138372,3.3625062
0.139843,2.4603837
0.0408579,7.691334
6.58449,5.6216536
0.0,6.136567
3.67181,5.740884
26.9514,15.757271
17.5005,12.0777
25.6693,24.667349
0.0603654,8.906119
0.818467,7.633049
34.5456,31.330034
4.17273,3.1492534
0.128932,4.45827
0.0,3.6123915
0.0,6.307968
151.923,147.04187
6.08398,6.196143
0.0261254,4.339928
0.264613,7.1078568
0.155163,-0.43442154
47.3354,52.651356
0.885176,13.086045
0.0,5.6693335
85.3169,61.384693
0.0,5.3504047
0.535877,4.3712316
1.15643,1.2202977
166.341,180.59933
24.8651,19.642664
0.266052,4.9925146
0.0,6.689912
0.0,6.696226
0.0,1.241295
0.523938,3.6363273
6.82818,6.011897
0.430817,3.6317244
0.0,4.924051
0.0729982,7.111929
5.26338,2.4178686
3.05303,6.6038294
0.0,7.75243
0.0471918,5.1707044
32.2663,21.657373
0.0171162,5.1537685
35.9187,18.665157
146.584,99.95114
20.1125,17.082857
0.454819,4.4331923
1.09908,4.7367563
0.0,4.0415545
18.8186,23.587658
4.29189,6.9391136
0.0,1.9803919
0.0,7.822384
0.0,4.1667104
0.0,4.9222403
11.9164,5.768285
35.6625,22.124058
1.52939,3.7673094
9.4149,6.924144
0.0,8.167352
10.5992,5.405403
0.0,3.7483895
0.0,3.6788194
2.30452,2.7814088
0.250134,5.212185
42.7111,33.95727
21.8581,25.632174
3.94202,3.7737236
0.0,4.9008117
0.15257,4.8425684
139.129,93.445465
25.8512,21.001091
0.0,4.6802783
0.056907,3.6045275
0.0,6.9840727
33.4851,10.552011
0.32082,5.034917
0.0,3.9666338
0.0,4.5356665
0.175047,5.8424273
0.194605,3.5399475
0.66091,6.6687202
0.014177,4.3033075
0.0,4.265469
8.67667,8.516068
0.0,5.7416863
22.6272,31.86098
2.1209,20.689861
16.7626,3.6084287
0.10036,3.0914936
0.0209604,6.8172045
0.0,2.470229
1.32143,4.392391
22.2711,20.687864
0.0,4.9448266
0.0,0.9024538
0.948007,1.1849976
0.0,4.2539854
0.0,7.1060953
0.255049,5.408997
103.714,143.66446
11.1964,9.049783
11.2831,10.849192
0.803882,2.2313852
0.0694929,5.494508
0.0,7.270957
2.24424,3.7567697
0.014327,7.837429
3.6301,9.577508
0.0,4.001916
2.15317,5.0289006
0.153628,3.9626381
95.5694,88.29699
0.0,7.159074
53.941,62.88559
21.3327,14.421361
3.43098,3.5961254
1.62089,4.086296
0.0530198,4.8961835
0.0,2.8892174
7.88359,10.524237
13.2992,16.066263
139.129,73.75926
0.0,4.5414057
12.5936,3.3462288
1.50345,6.051989
0.994498,4.7659636
0.0322283,0.008341312
0.234965,7.670105
13.2166,13.050505
0.0,4.8803377
0.0,4.559952
8.25545,7.5957766
0.0962949,4.4286613
43.9491,9.470216
2.3241,4.315224
44.0347,57.936405
0.0605592,31.292606
0.571642,3.2929814
0.430817,4.414219
34.9927,45.834614
29.0894,33.87761
0.209364,4.409211
1.58275,5.8606873
0.044806,2.212645
16.7444,9.049751
40.1571,20.601618
0.0,2.3637516
0.0214958,6.1832724
0.0,5.473304
0.0,4.749717
0.609691,10.781716
6.17769,5.037673
0.772914,6.008237
0.0160861,2.606223
0.0734686,4.463192
0.0,8.475075
0.0,4.948845
3.67181,4.5335774
31.4853,23.136614
0.0,2.9453645
0.0,11.1051
0.0,4.152379
0.0,4.361081
4.17273,3.2911916
8.99207,7.6125975
42.1167,39.4935
0.0,5.8658605
9.20199,3.7237413
6.28107,13.695567
0.411317,2.9632106
1.55233,8.0836735
0.0,6.170623
0.0,2.154062
0.0,4.7104073
80.1346,4.959745
4.53936,5.367547
0.0,2.4487894
0.620975,3.3478255
74.3385,80.747894
0.931906,3.8844025
29.3879,23.224703
71.1452,153.31837
8.54713,8.054908
0.0,3.4162517
9.21953,10.366691
0.056117,6.4636106
194.673,133.4795
1.37625,5.442214
23.7563,11.047657
0.233384,231.77211
0.0,0.6099975
13.801,12.456808
2.0112,20.545977
0.140637,3.9432697
0.0,1.6117418
0.0,2.6117156
0.0,6.1111975
3.9695,4.849388
0.0317417,2.2276447
1.2734,8.821346
0.0222586,5.3993587
0.0,2.4747531
0.345062,3.8813214
2.43464,3.417792
1.18369,1.360192
0.0349957,-0.32001877
0.0222586,5.6021166
0.0155778,2.8015609
86.3551,59.277145
0.0,6.0525913
1.37359,8.630138
0.348214,5.414381
0.0217999,2.4906244
0.00878863,4.932966
0.026748,3.116464
0.0,17.363968
18.492,28.63111
0.0695749,2.5932634
71.8092,37.430954
0.0,0.9868778
24.7117,4.7344265
0.0,-1.0921063
4.55759,9.801623
0.0396249,3.4302616
38.6802,20.580559
30.0052,45.0922
22.9993,24.938917
0.0,5.5040054
18.374,21.893997
0.0,4.331168
11.7602,10.006464
0.205377,4.4015284
0.0,4.841323
72.2247,51.268215
1.13373,7.1046658
0.0,5.02984
88.2999,58.850464
174.747,83.91983
6.13331,4.6535044
3.67047,4.76182
0.0,5.355893
10.6273,14.864405
654.473,259.9172
46.9646,52.71282
53.3053,12.208651
0.106439,6.6892147
28.1376,9.158491
9.86318,8.884875
0.298491,6.784795
0.0165127,6.325897
0.0,2.7031722
8.17039,18.22362
0.0261254,0.27480698
3.5795,6.207239
21.2194,14.604032
0.0,4.0092654
0.0,5.0666184
0.0,0.56057596
72.2247,62.48221
0.0,4.015988
0.0,4.8832226
0.0,6.360702
25.4964,14.331849
0.656222,4.542096
11.6114,17.04237
0.0,3.5619092
2.57017,2.2217255
0.0301766,1.977393
2.61957,8.172828
0.0168345,4.350129
1.51978,3.852326
0.0,3.3239756
93.0579,110.69716
2.71024,6.9390383
0.0,4.1177835
0.766402,6.8185024
0.0,11.894988
23.4271,16.46428
4.48616,4.958847
24.1137,12.522471
0.0490979,3.2648249
48.7639,51.328167
0.259034,12.245168
23.5057,32.590145
113.286,124.33505
0.0,6.1155376
0.00932824,5.82915
1.13347,-1.3299434
1.03622,4.0446577
22.0206,20.5002
3.62445,4.445427
9.70918,6.7535667
0.242017,5.7887335
0.0,5.280445
37.5261,51.853573
3.57158,4.7049756
0.0,0.4960978
16.2018,14.608108
30.5348,36.381317
10.126,13.63997
40.7414,45.63619
32.2663,46.48346
0.0,5.0977592
13.7581,3.2035077
1.4983,8.920993
0.0,3.5660377
5.73513,6.2084703
1.06258,3.8014162
9.68165,4.2490892
3.65365,5.2652802
28.3986,34.313614
0.0,7.4474163
0.014177,4.964408
0.0,7.064411
7.03447,10.518716
9.95179,16.765625
1.28723,5.855631
3.11277,3.496726
0.00483917,2.2046914
0.0,4.227758
0.0,4.1614485
0.027453,1.0778451
110.799,52.546597
1.87192,2.7163374
0.0,5.339039
0.0,4.119315
69.4026,58.276638
1.47888,8.893899
6.66568,14.3976
0.0167702,3.2282164
0.0,0.26668572
0.0,4.9465466
0.0,2.4951534
0.904192,6.7283916
6.57163,6.288747
0.0,5.8707147
0.0,5.567869
33.8268,31.06588
0.22559,5.7315426
220.719,319.78116
22.0206,22.048841
0.0,3.825277
2.29405,3.5272799
0.0657912,2.4905
5.39411,11.148445
0.0228675,1.1191384
6.82818,7.187538
31.1151,21.159525
12.9993,14.055234
46.6668,47.20783
0.0,3.5872636
26.1965,11.15285
9.70645,10.170682
0.0,1.6881235
69.457,33.22444
0.0,3.5092993
6.3398,6.959399
0.0,11.39917
0.0,4.267688
24.4617,12.655523
2.83872,4.3426166
0.0,5.599469
9.57138,7.6252766
9.30776,16.986593
0.0,5.90746
0.0,2.9677129
0.0,4.6698666
0.983915,1.7917175
0.486171,4.349222
4.22201,5.4420896
0.0175409,10.355689
0.0,4.0719004
0.0,3.7808597
0.0,3.7919545
13.0144,8.124177
0.0899775,4.6733646
11.0977,7.6648836
0.0317417,2.3546016
0.0244235,5.57888
22.0206,18.446987
0.0,5.124075
3.48776,7.150982
0.0476741,8.158811
0.0,2.6494925
0.00757005,6.7507715
0.0,3.4973135
0.186705,7.71327
0.0,3.9294145
2.81657,3.455377
0.16082,3.9569998
27.1771,13.312729
0.0,3.8809266
12.3578,8.432695
54.8596,43.519142
0.0,1.5937765
0.0,54.064487
0.134219,7.082103
0.250134,6.1482086
0.0,4.465431
5.78663,4.531212
10.411,4.305747
2.05975,8.43751
10.067,14.867658
0.0,1.0172626
0.0,31.227396
0.0,5.2188454
0.0324436,6.600108
21.8581,23.900928
0.0,5.4053807
7.76466,4.5650306
0.0293579,8.1079855
7.81582,5.0143995
0.0,4.5845127
0.0657912,2.3135035
0.0,46.332188
0.0,5.0993876
5.26338,7.1575994
0.0566849,1.650042
44.9541,11.974124
6.54425,8.411667
2.48554,3.3135448
0.0,3.8636734
0.0713237,9.764845
0.0193434,3.8465438
0.0,3.3810973
19.6877,29.931334
0.0,6.3300934
0.0,4.524745
22.6966,7.9666176
1.10146,12.999245
25.6865,17.351692
6.16726,1.7336278
0.185833,4.3522296
0.237729,3.0764184
0.0833102,5.8364496
0.0,2.3318276
5.39701,9.237229
0.0473529,3.7766328
0.0,4.2129865
2.95514,1.477336
38.4953,36.61948
0.0,4.642332
0.0,3.0099473
0.385405,4.516905
0.0,5.2407055
0.0468538,36.24582
0.0316807,5.2060833
0.217464,2.9054022
98.6757,80.79298
0.0,31.13024
0.0862949,6.7206144
0.801035,8.493764
5.33753,5.6027603
0.0,3.6291242
0.0,2.5859106
2.92734,4.6583204
0.0,5.1426086
0.0131697,7.0559025
6.28842,4.405647
0.31996,3.3454602
0.506356,7.5713634
0.237729,4.980188
21.9927,15.831849
5.34906,3.2983053
31.889,31.232307
67.8708,4.798602
0.137336,7.930212
0.0349215,10.436534
0.0,7.190072
13.1998,7.811572
1.04575,4.889653
0.264613,6.914527
0.0533205,5.6436453
12.4414,12.877881
110.199,134.78795
0.523938,3.9766974
0.274875,3.8728666
0.00429083,3.304285
2036.01,105.73642
4.76267,10.4609585
28.3832,34.048405
113.286,141.7975
0.0,3.81634
14.6375,0.8320321
21.3327,9.91196
0.0,3.8419502
0.0,4.1506968
49.3187,45.3774
77.2059,70.04729
0.0059639,3.043192
6.68511,4.124738
0.128932,5.41077
22.2086,22.82332
95.5694,70.52441
19.4241,26.489506
3.15239,4.1141796
0.0,4.183155
0.0396249,3.014149
0.0197545,2.8591313
0.0262871,5.257965
1.45235,8.635953
5.06259,1.1348349
13.2992,6.854541
0.0,3.8363342
20.497,23.613613
3.08732,1.0502642
1.26519,6.8832836
9.47653,4.209012
0.139822,5.2670336
12.4505,16.4317
0.051393,6.4298716
0.00483917,3.6893756
0.201254,3.7055802
86.6865,66.60651
2.98434,6.910323
0.111054,6.361438
0.0,3.9076595
13.427,7.460395
7.22547,11.857982
12.5304,8.45797
0.0,8.870895
0.0,3.3335328
2.70478,2.1186795
14.4061,7.84056
75.4154,17.178043
6.09898,9.299224
4.27029,4.3034134
6.16726,5.239233
0.0,9.662722
12.3122,25.248993
0.0,3.9727101
0.0,1.7711205
0.522738,3.350342
2.66615,6.5544033
0.0,4.160578
0.0,3.2203774
10.5121,11.9683695
2.87896,2.6252217
3.8158,4.538457
18.3641,25.743954
20.4143,21.800253
8.76745,9.025741
2.56918,23.422762
0.215837,2.9122453
5.22253,5.553054
0.0,2.5092704
0.0763142,4.7232304
0.0,3.2393208
0.0,3.2398615
31.8932,26.117323
0.0313712,4.0183997
0.370303,3.0657718
29.961,53.06798
0.287353,3.3976367
0.0,4.5573635
29.1174,23.982237
29.1625,29.644447
0.0,3.9580936
4.94766,6.6246567
0.0317417,2.3037076
74.4531,81.17566
38.704,36.63806
15.9952,16.637136
39.0449,33.608753
3.83448,1.3745241
23.4552,16.451994
23.9011,17.352272
25.6865,9.930769
2.19578,8.281806
2.59898,5.7335634
24.8424,34.2434
2.48086,10.731474
0.633513,4.22551
7.92153,12.003025
0.387816,8.328494
0.224466,4.1539955
40.1683,14.888134
0.096906,5.6919556
6.94836,3.8622966
38.7644,18.68721
89.6832,96.15439
13.0285,9.335921
0.443889,5.3492994
8.30396,4.4036217
0.0,3.5330715
127.197,70.78256
0.814287,14.581169
4.57112,4.273244
0.207055,6.587596
7.38977,11.959053
0.0,9.917119
4.69327,3.300585
63.3518,18.877111
3.20272,6.0604753
221.788,227.48946
14.8348,9.393373
18.7132,16.36449
0.0700714,5.2709837
0.0682223,5.1126623
0.0,4.176798
85.5778,50.0714
109.847,124.68197
0.0272456,8.737098
0.0334507,4.824814
0.0,4.80191
0.0837724,4.6067667
0.0,8.044966
0.0,3.1740067
32.5265,1.578351
0.0,2.7154944
0.0,10.482671
0.0930278,9.487856
13.3117,5.582161
0.0,3.4431863
5.66335,14.414845
8.98008,13.163673
10.0536,9.92709
0.0274851,2.5576804
0.00808029,2.7823088
0.734255,3.3316774
0.0306126,4.724865
29.1463,2.6682017
2.1209,26.45285
0.0,4.476799
0.0,1.9256129
0.0,4.425577
0.0110928,3.673169
0.0,3.302186
0.0,4.537384
0.0120871,4.7207575
0.250967,5.2455254
0.0454747,6.0489063
2.30486,3.897965
9.57138,6.176665
6.31484,4.0675507
14.3227,15.905358
0.322154,2.5569348
11.7977,10.083258
25.2336,5.023246
11.7101,13.817595
53.941,34.394012
5.87127,7.60933
0.0,4.307143
0.0645255,3.6351714
4.25521,14.50365
3.8058,7.2735357
10.8127,12.970767
139.021,97.48292
29.961,15.348608
20.1227,10.795513
0.0,3.850088
0.0,3.8905501
3.42239,8.4381275
11.3911,4.96087
27.8281,4.291334
60.3717,25.66038
85.5778,46.717693
0.0363102,5.8846774
8.61474,29.374033
0.0,6.2942038
0.505826,4.522675
0.0,3.2817066
10.5992,6.8691263
0.0,4.1608834
8.35051,7.4124136
10.919,11.49487
15.7497,13.887484
0.127013,6.260886
0.00808029,2.587815
0.0,4.5808253
16.7768,1.8685943
0.66808,3.3871236
8.51378,5.48656
7.71072,6.4954157
0.0,1.5591016
0.0,2.9270623
12.3578,11.023826
18.2489,19.861864
0.0722183,3.6885858
0.0,1.6995544
11.0146,6.782566
3.34477,6.6398897
0.140155,7.2804956
0.0,7.3275747
0.921524,3.0613592
0.0263778,4.4936323
17.0974,7.437952
138.822,137.52998
30.3886,38.455
12.9157,10.987038
1.13347,4.043988
0.034144,3.4112096
57.049,4.2395077
47.5559,57.13388
4.18722,11.153534
3.47963,10.512273
0.0,3.06606
0.32082,5.2022943
0.0,4.267932
0.0,5.8196735
0.0245722,4.7965803
0.0,4.6603594
66.9768,18.114403
0.172226,3.208513
0.0,14.869024
0.0,5.834899
3.12215,5.159955
7.69239,7.260523
0.0281096,4.825717
0.0,5.321867
25.0896,30.969547
0.0,7.6062403
1.5047,3.5613406
0.785863,4.977049
25.3641,22.677614
19.4241,21.067705
0.0,3.7756963
0.403338,5.2086916
3.73044,3.989425
0.0452508,2.202196
2.50284,7.143935
0.0,5.266025
2.73993,2.731568
0.0,10.923715
34.9264,34.89916
10.3338,18.328737
19.9297,15.896298
0.0162431,2.6970258
0.0,3.0119917
25.6865,14.979221
2.62049,4.7929206
0.433965,1.7432296
10.6273,8.812519
0.0,4.9922705
0.0,5.4517612
127.151,60.796776
0.0,6.9890795
27.6481,32.578556
8.18658,19.880209
8.20827,26.486546
2.31454,5.4023304
29.3431,19.052631
0.0219259,6.3285346
0.00916865,5.559554
0.0,4.971214
0.0244278,3.6456392
1672.53,325.11447
0.0,5.08244
3.04662,3.7339473
28.7765,4.545729
1.12501,3.3216767
0.0,10.088827
0.0541491,7.1936502
29.8626,9.567781
0.0,50.725067
15.8102,22.202673
10.5992,8.376616
0.0,2.391267
75.4415,58.634346
5.32181,5.0904016
60.3985,63.48081
0.160392,4.2579517
1.02523,3.7247665
0.0,2.9711468
2.48554,3.606737
9.15232,7.804867
6.87925,22.437757
9.45517,8.190117
17.2508,7.213043
2.29405,2.288926
20.2034,11.408857
8.74772,11.152657
8.58138,8.008153
0.0149761,2.6537905
13.2166,16.30254
8.09838,10.087912
7.70401,5.693205
0.116093,4.4008245
0.0,2.856132
4.99998,5.12991
79.1213,129.98845
0.0,4.1103406
18.8186,14.604917
29.961,39.77725
0.10862,34.639545
14.9424,16.330568
71.5198,43.30153
0.0630775,2.289488
13.6965,10.904783
0.0994218,2.9443004
0.389173,39.598366
71.264,59.907776
0.0711728,3.5606651
0.0,2.3129358
27.1771,18.55247
5.63371,9.058182
0.423673,6.806631
0.00596473,4.6744976
14.8348,5.513465
0.963283,7.7634706
0.0,5.5019374
1.79644,8.0981455
17.3394,15.995935
0.0,5.13266
0.0101273,4.8232327
2.42901,2.6988063
0.242017,2.988778
4.55759,7.461708
0.476896,-1.0083032
22.4688,24.71297
7.54107,7.969267
21.4356,9.4813175
27.1771,19.518166
0.875072,2.4245062
28.0864,25.385593
0.256122,1.0994141
0.0425362,3.656554
0.0,7.8063364
3.84675,2.0791554
0.103699,7.8247385
0.0211106,2.8428266
0.0,4.354992
0.0,3.7231548
0.0,3.2870605
1.21998,5.523397
0.276085,3.7605648
27.7354,46.706303
0.465516,4.8485575
4.06435,5.128627
22.0206,27.471178
3.86845,6.916712
9.99949,6.9579315
10.2635,4.6574545
9.65741,10.312706
26.1965,24.131676
17.243,5.4275274
9.34879,15.591447
0.0172373,11.561622
0.0,3.9988136
9.3748,7.364049
0.183023,5.288277
16.4599,9.811027
0.156159,4.827177
7.13458,7.235771
10.775,6.0773664
0.0,13.433173
6.32027,6.8902054
0.0,5.5839863
1.95829,6.4159994
0.0,4.6023746
0.0,4.174791
0.0,3.295949
0.609691,37.78681
3.45172,5.3703737
32.3678,22.712358
0.750729,6.0743666
13.098,8.452652
16.651,13.598336
6.39349,7.9578924
24.6137,16.238878
8.74772,3.2507663
1.47888,6.1261806
1.48847,4.623481
0.0,10.550181
7.62233,54.67872
61.7468,62.680183
44.0347,26.387253
0.0122363,5.344404
15.5415,11.2024765
23.5333,18.696356
0.0,5.218576
127.163,157.28165
0.0,4.6208067
0.0300674,4.1812916
0.00595438,6.1318874
11.5688,709.4158
0.0,3.650672
16.3134,17.19446
0.0345689,4.4290667
0.0,7.2638874
0.0,4.29046
12.7565,8.618037
6.27998,8.697013
29.2461,22.847382
41.4786,33.73826
7.25514,8.451676
0.0320994,3.2980347
19.0973,22.279707
5.2929,3.914452
0.301719,4.438772
0.056752,5.9092417
2.85747,3.3163352
0.0,7.422611
0.411595,10.876688
0.0913191,3.1777556
0.0,4.4379187
0.111466,-2.2960122
11.1051,6.416506
0.0105662,2.4734514
0.0838009,4.1871815
0.0,2.0846126
0.0,4.455747
11.2641,24.004602
0.0,2.6595614
0.0,4.663
10.2115,9.830646
0.0,4.9476833
6.10661,4.559668
0.0,3.336752
7.88359,18.42761
0.0747703,3.7689037
36.1902,26.396217
11.5823,13.002086
8.14864,7.292816
197.497,82.14068
7.94747,4.328519
0.0,6.0824766
0.0,5.07127
0.0,3.6195655
64.8804,18.47292
14.203,22.07714
0.0,5.4654164
0.0423925,4.8570204
23.569,14.181056
0.0,4.668441
0.0,4.672385
6.93167,5.9330454
2.19578,1.3719748
0.0535125,0.13280272
5.75256,4.8597026
31.8361,39.62148
12.9989,6.032976
0.0924357,6.050193
27.9249,7.5829153
0.403338,7.983182
3.08732,4.650462
0.0,1.2383689
2.66844,4.636678
0.0978433,3.7390308
4.42726,5.266595
82.423,107.30665
30.0409,40.720562
0.0,14.982562
0.0105311,4.157875
35.6942,16.409931
0.0,6.2213826
3.78142,6.843049
5.39411,6.9417677
0.0,4.2782145
0.571642,1.2768711
0.0535125,4.30542
0.0706942,3.3828204
0.0363331,5.7702265
1.90472,8.080545
14.3356,12.278051
0.118923,6.243327
21.8822,19.469494
31.889,19.33512
0.951159,4.342193
0.0,4.6786256
39.734,48.007786
16.5723,5.923937
0.0,9.165398
0.0,4.525797
0.16686,4.3793488
0.28881,1.9038249
0.0289529,5.5363836
0.0262574,3.3501358
0.785863,3.9104125
0.0,6.057991
11.8528,6.9337444
0.0,6.208761
3.17463,3.7237499
4.3151,13.974652
1.24681,2.8219864
0.0,-0.6938782
0.0,2.082084
0.19443,1.0574993
0.24016,7.901287
0.0,3.5341358
5.64921,5.015073
0.0,3.7023728
60.3985,48.006332
0.0527068,4.050317
6.89649,10.362577
54.4108,11.188258
0.0,4.5123425
6.95536,6.7198915
96.6188,90.69938
11.89,13.857825
0.0,7.337923
0.0,7.5158396
1.68959,2.3954062
29.7392,26.307901
21.7362,8.848306
0.0,4.7070994
3.93496,4.537613
0.0,3.0531707
0.0216512,5.2808685
0.661411,2.4107158
0.56614,1.8074633
82.423,47.186626
0.0,3.3384953
0.0,6.855891
0.0,4.1081696
0.0,5.101321
0.0569866,4.6676264
0.0,2.2302117
77.0235,69.37716
0.073954,3.871309
21.9927,15.576652
0.0,4.6753325
126.004,176.67577
0.0714461,5.1111746
0.404913,7.314989
7.00152,7.9628553
0.0,3.799327
0.0,4.719921
0.0,3.893908
0.645114,3.8138793
1.47888,4.985279
3.12215,4.3108726
141.193,121.97537
0.0,7.883238
33.3478,44.32354
10.0719,5.9403744
28.3832,34.57262
7.6085,11.025562
0.496368,6.17257
8.52971,11.927258
0.0,5.451725
0.0,2.4599125
325.975,138.54134
0.0228214,3.4036117
6.00227,6.6884556
0.0,4.206055
16.0916,26.088276
12.3578,14.77972
0.139393,3.4909632
16.01,12.197556
24.8424,12.38954
37.887,8.706552
7.15691,9.656576
25.5367,42.30333
0.0689686,4.740471
0.0,6.067317
0.096906,2.950489
0.473111,3.9442348
4.40566,3.6907296
11.0804,5.798746
0.0,7.6932335
0.0,3.2677228
15.0913,11.441618
0.285904,5.9244385
3.45379,4.1596975
0.146754,3.0752947
0.0,6.7232475
0.0,7.4840155
0.0,6.299946
0.322485,3.521946
535.516,512.8919
0.0648047,4.2252846
24.8424,22.986631
0.0,4.110044
0.0667324,1.2382905
0.158261,4.8835435
4.98572,7.328023
0.0,2.5723956
2.17836,6.86252
0.0,5.6322355
24.7055,29.31963
0.00935215,8.006463
0.128938,5.322611
20.1361,6.888997
8.74577,10.4927845
10.2067,26.143188
71.1736,30.22665
0.0,3.1735005
0.626267,5.7310567
6.08398,8.039743
0.100186,1.0604113
9.1599,4.0585403
21.9927,20.222683
27.0976,16.589731
1.26737,5.201573
0.0,6.2122593
0.0,3.8282924
0.0,4.3896437
0.0,0.60253894
12.7252,15.045622
8.20827,13.153721
21.3463,16.54483
11.9053,6.9735556
1.8901,5.813529
0.0,4.7971687
3.61919,6.451071
15.8502,12.4020405
0.0931813,3.6527534
22.5174,9.550661
17.5059,12.5020685
0.0,1.3298515
19.3196,20.06431
8.71047,10.840712
0.0,3.9438381
10.919,8.883328
1.2714,1.4887207
0.121748,7.539831
1.21112,7.813225
14.5233,17.058966
0.0,2.990704
0.0,3.2557304
71.8092,65.048355
0.0,4.343975
0.0,3.9823003
0.0,4.409981
86.786,99.106255
22.6392,19.252748
0.0,3.654162
0.0,5.350871
0.0,4.1553454
86.3551,101.25754
41.4786,37.774635
0.0,2.7405748
16.0968,18.669413
6.34011,10.195005
0.0,4.0683203
0.0,2.8999772
14.0998,9.293604
7.51521,44.71611
7.40165,12.588981
24.7744,44.114742
0.0199938,4.6512156
0.0,4.7910833
43.6408,19.69524
1.85569,23.12976
0.0,5.551107
12.4326,10.354692
4.68443,9.210453
0.0,6.4865503
0.0,4.1393824
10.6954,11.133891
47.6788,13.965059
1.13347,2.0392566
0.0,2.1827853
8.14734,7.0691614
0.0,2.6957774
0.0,2.5985634
48.1875,20.68367
0.00596473,-1.1056285
65.3085,67.431015
19.3636,8.311243
0.0916607,3.4139283
2.66615,7.4654465
0.0,9.884257
0.803882,17.782162
0.0,4.1659136
0.0,4.781125
0.0,1.1173338
0.0,13.423851
0.0304709,-2.6594713
11.1532,11.323527
6.39349,10.436624
10.4821,6.063116
0.764589,1.3601607
14.7694,5.917963
0.0271285,4.625642
0.0,6.5030766
0.0,4.299445
24.7117,13.813304
56.7611,30.934917
0.0,4.7357645
0.0413947,2.6941197
0.0317711,2.4760203
2.57335,3.8777184
0.542303,4.9890947
6.74064,7.391535
0.150548,5.777066
0.0,5.448841
16.1284,27.769688
0.431208,12.253138
9.5994,12.621713
8.203,4.8613043
3.66676,1.8600509
0.0,6.4020596
13.7472,12.349591
0.0290041,7.4339323
12.3578,10.578655
0.0505199,4.5101733
0.0763142,6.2742777
0.625926,7.237384
5.78663,5.4621477
8.67667,8.69047
13.003,5.820081
0.0125551,6.848057
86.786,53.7663
127.197,138.51651
0.331106,4.8783092
22.6392,22.26866
3.33722,9.095184
0.0657912,2.8964899
0.0115695,7.110238
2.2593,4.992234
0.0,5.9104705
0.0,5.6484985
0.0,3.1464844
0.119957,1.9699485
0.0,3.198194
4.68681,4.14303
0.443035,5.281052
8.60132,6.6856346
0.90136,4.6536226
17.6518,5.9989185
0.0,5.050583
0.0254356,4.0253835
7.20437,7.185693
6.32027,2.7869182
0.259034,4.0607424
12.3122,7.42272
0.0,11.661081
5.67526,15.151955
0.82062,7.6450634
0.0178874,3.6171272
1.98213,7.32572
0.119966,3.3645883
0.633678,3.8681607
0.283806,8.801335
43.5617,27.413033
2.2757,2.783723
5.40823,5.255255
10.4322,7.2470474
0.0,5.9016385
9.89553,10.223319
18.2738,11.002328
0.0995542,4.4833946
1.03622,3.2883623
14.8348,8.532905
0.0169503,6.2696238
0.0443425,20.530106
7.90092,8.077624
0.0,4.3428764
29.3384,19.27949
0.0617816,2.8486304
64.9724,58.16088
0.0,12.943767
0.0,5.7777195
0.0,2.4018764
4.55497,7.216283
0.0,2.557948
31.6466,48.190678
24.734,13.375669
170.167,110.745384
0.0,2.148989
0.0,5.1942306
0.744356,7.628519
0.114268,2.6584628
0.0,5.110923
11.0104,5.673481
0.0,5.961428
0.0,3.341213
11.4609,12.363163
2.61957,3.5419917
10.8713,8.074862
0.0,7.3606625
13.0144,11.873398
14.399,13.44099
69.8357,45.66433
85.7132,3.193026
11.3911,14.512159
0.0541491,4.420411
0.0744665,3.6498823
6.08989,5.7199707
0.0978433,3.1703706
0.0,6.4520082
0.0,4.5069385
0.0,11.25195
12.4324,9.021244
0.0,6.695719
5.53292,9.198139
5.88053,12.928814
6.43976,7.616727
9.31878,5.5989704
0.0,3.86719
58.7983,38.98206
0.044806,1.6486349
47.9026,23.552593
0.0,5.4162097
0.601586,5.244815
1.28297,12.570272
1.13365,8.150944
31.889,38.643486
100.339,130.11905
0.233384,216.33852
0.212545,12.609397
0.966317,10.461796
14.3224,14.9928665
25.065,27.592897
0.0,4.8399973
4.61178,4.0745077
0.0,4.225662
0.0,3.0189686
83.9564,73.86317
0.868541,53.062996
11.2706,19.147709
1180.95,739.9677
0.0275588,1.3184437
9.97045,7.0506334
10.4071,14.179084
4.20724,5.5210648
32.3262,17.941916
2.52886,17.568333
93.0901,129.10612
68.9289,54.232944
0.0,3.5182889
0.0134632,4.8299932
0.0,2.9774053
0.0,5.7712507
12.7354,10.564131
1.99713,3.7388692
0.123055,5.826996
0.0,3.4931502
20.3765,7.385023
0.0,6.305441
8.48195,5.760024
28.6632,4.967786
0.0722183,7.1744137
0.0160101,5.4762483
13.7664,8.873065
0.0,2.489571
2.87811,1.7057548
0.0,5.314643
0.0683726,7.026251
0.0,3.6582718
0.144784,1.6218739
0.0,6.6751003
42.2534,24.694805
14.0229,10.858282
3.42484,3.0101542
3.65587,8.400947
0.0,2.6032565
8.10981,4.3022337
0.0,2.9122148
53.3411,24.17548
18.9655,13.419036
0.0328138,3.4031012
23.569,13.524288
6.97555,10.579052
0.0,3.8657987
0.0144449,2.9945128
48.1896,51.231186
11.0977,0.6093339
4.41312,5.914076
20.3765,5.178336
15.7858,16.989262
185.622,3.3524823
1.99713,3.2327127
0.428143,3.5576792
0.0,3.3340306
1.62311,3.4952946
0.0,7.3850393
98.2978,95.85055
0.0,2.5520313
1.02578,6.038826
0.0,4.542653
0.0,7.4728403
0.0,1.7399999
0.0,5.5142555
0.0,8.752944
0.0,4.2491436
10.0536,8.749749
0.0388604,4.4478765
0.0,4.44168
5.72192,5.833313
0.0,5.453005
1.65003,4.9860353
4.4131,5.979797
19.0973,13.5442095
0.0,2.833107
0.0,3.7594275
26.037,17.65053
88.227,38.537823
22.0206,23.789042
5.45658,4.8069515
54.8596,39.428642
17.8912,16.132774
23.3664,28.508053
21.4343,12.299651
18.7859,27.433453
2.15413,4.9626384
0.0367091,5.113
21.1112,15.196126
28.2945,45.85037
8.57879,6.1952486
0.0,1.3298966
2.6963,4.2259555
9.46168,18.00659
3.82681,8.30287
18.1842,29.39625
0.0,10.907152
0.0,9.266086
33.4795,30.241613
0.0,5.105163
37.887,12.07277
0.0,6.0854816
0.0,3.9373045
0.816387,7.7381973
31.6155,25.485872
5.91012,8.616049
53.392,4.192178
0.620975,2.764912
0.0,5.305524
0.156659,2.1211276
0.0,2.4946868
34.4245,25.102982
9.83226,14.544866
60.3985,36.76504
0.0,2.2408748
0.0,5.7615056
1.96872,8.916385
0.580479,3.6336918
0.0,5.463611
0.0,5.7563534
84.2077,94.83885
0.0,14.41567
0.0570472,4.721759
0.152073,3.8271227
0.556268,3.0044796
1.50983,6.930462
0.0,4.441574
15.4126,16.05377
4.99998,15.655731
71.0243,74.726425
0.0103208,3.1432476
0.0907485,3.1452606
5.1564,6.000126
10.8696,4.9212046
19.5991,11.47532
0.0179047,6.8567944
36.7183,27.249102
0.0,4.715151
0.0,5.782924
9.77309,10.579131
0.0,2.7625144
3.57653,6.9678183
0.0664097,5.860579
0.0,3.182827
0.0422601,1.2759761
8.61474,24.915327
10.5992,12.8944
0.0180879,3.7593343
31.0862,22.13668
5.34906,3.5819943
0.243223,4.5457087
112.303,111.54851
0.0,3.756896
0.0,4.412254
22.0206,23.485386
0.0415461,7.578865
0.0,-1.93558
15.6758,21.979704
6.44702,5.1009274
18.2676,15.753237
0.0377022,8.67865
1.14894,4.7435246
0.529199,6.646061
0.0529374,4.0072126
0.0,4.4398503
4.69058,7.1386824
16.7667,4.590042
0.0,51.201168
183.037,175.94429
0.0,6.6312838
34.9534,30.202852
0.0,5.5629005
1.83627,6.252529
15.7759,19.346264
0.0580302,-0.2025857
0.0,-0.07906747
0.0,3.490511
0.700428,3.3585565
0.353368,9.716716
31.889,35.821823
5.47233,6.523694
0.0,4.540062
12.8443,15.814117
91.3848,92.59877
11.5871,12.511008
0.0,7.385539
0.0,6.0405483
3.80485,5.764138
0.0,11.894713
0.789754,4.197569
61.2563,26.748417
0.389651,7.563529
0.0429781,4.8350706
0.0,2.1404095
0.0,3.4836934
44.8206,29.70832
5.53292,7.14756
7.88268,7.9313765
47.44,92.95588
35.7559,19.343895
0.0933876,3.4459457
0.0,5.253791
23.569,23.435059
0.0,6.615814
21.5036,29.821756
0.0,9.384663
22.1832,21.07976
0.0,7.1281147
0.0,4.881069
0.0,4.1572227
0.0,5.2027245
19.3196,9.849162
9.40349,16.743536
67.7821,49.43098
0.0,3.4354935
0.0,5.712941
0.0,2.7634368
0.0,3.7691772
1.89412,2.6455052
39.5207,43.373524
101.91,55.22131
0.0135413,4.4397974
0.144784,3.1085007
0.00480986,4.892004
44.7525,26.388449
1.79176,9.877488
504.325,539.76965
0.0379598,2.728808
27.5158,19.5725
0.0261254,1.8027154
0.0,5.518635
0.0,4.5094943
0.0837542,4.40594
0.0,4.0021534
6.3446,3.1561713
0.0,3.4781065
4.27029,3.7196908
58.9342,36.61876
0.0167724,4.61119
27.9572,18.399776
0.0,2.725089
0.00905912,4.4770355
0.0154132,6.69083
0.0,3.3622408
0.0688083,2.9449747
0.0372422,4.7917814
4.66756,7.3811464
0.33863,5.6751747
0.0315748,3.7511864
0.656591,23.106937
58.0741,28.485205
0.356682,5.890722
125.393,57.24464
0.890344,6.012851
0.0355344,4.4270706
23.0079,14.3419695
8.17468,3.152339
4.71807,5.275375
0.0,3.7685113
0.0,4.3581233
0.0,4.623558
0.0892567,6.3669634
19.3857,48.604664
8.32326,4.6907682
0.339197,7.0878296
27.4685,15.36158
0.0352722,4.7863083
0.0,4.8555455
70.2331,83.515144
10.919,5.3412137
22.0206,55.60823
0.0315748,4.7352057
0.0109864,4.3995285
0.0,3.1001165
42.0758,3.8154345
106.723,37.73654
14.9387,12.833359
0.0713237,6.126419
2.30452,-1.2165074
80.9577,104.67946
0.319885,8.333623
3.80604,5.6649823
4.40395,3.060904
0.0,3.3053508
8.35051,8.0679655
0.0,4.338598
0.578748,65.50399
54.8317,13.152723
5.30273,9.1227045
7.42939,45.13992
5.6552,5.0343094
23.8569,16.143032
13.5279,3.7748983
5.78529,2.937388
110.799,113.31213
0.0219448,7.4639473
0.0,6.021302
0.0,7.864835
2.0112,54.60856
0.0,0.23555064
65.6935,61.54778
0.258255,11.846042
10.2115,13.410644
0.430381,4.8723154
122.832,170.01944
0.0,-2.3073761
89.2021,58.943928
13.8031,7.171459
0.00916474,4.07975
229.891,262.4634
20.945,12.117688
0.0231881,9.111672
11.566,14.879948
0.0,7.2909946
0.0,6.181253
23.9859,20.373163
22.4628,21.165668
0.0,3.953032
14.2404,3.2091608
0.0,4.8817554
82.423,82.563446
2.23261,4.0062356
41.7138,8.896575
0.0344196,3.305441
0.265853,5.1274734
0.0,7.0343313
4.71181,25.667736
7.89957,9.112264
0.196991,3.0479038
2.72457,4.3132825
0.0126912,4.180724
0.0,2.021144
53.7064,3.31761
0.0,2.7121992
19.9297,18.024752
0.0,7.8388596
3.35623,5.3325176
7.13458,6.7991934
1.34405,12.754352
2.16714,7.419772
0.0647448,4.0062795
4.42726,2.7444477
0.0,2.4471226
17.9953,6.9068203
13.4906,8.564138
18.4028,28.826796
2.68224,6.7571945
0.0,5.7878
0.0,5.331937
0.149905,10.019904
0.535877,9.13694
0.365576,7.788191
49.3187,42.570065
0.0455585,8.5021515
0.0,7.0189104
0.0,6.2274475
1.83904,3.5441856
0.523938,8.37804
141.193,121.09987
0.0870096,4.4584665
0.0,5.2564487
7.13458,7.4052067
24.7053,8.133548
9.66222,792.6972
0.0416772,4.6211014
0.0,7.7386703
8.55836,20.902369
11.0146,11.052556
3.20272,4.120186
1.51494,11.916148
0.0,4.8125753
0.267555,5.703781
0.0,5.40701
170.727,128.25388
10.8012,11.200418
0.0,3.7202258
3.25487,6.1157336
0.36302,7.3664446
0.0175409,7.5448875
13.1679,12.833243
0.0832326,4.6227655
0.0,9.336706
73.6452,20.415369
13.509,7.163501
1.47722,4.5412426
0.0,3.4915552
85.6316,38.307774
0.0,4.4922667
19.3154,21.049204
0.309085,2.5087197
4.88125,6.657959
14.1198,10.890438
7.75804,12.501501
0.0795326,4.908205
0.106015,2.3407984
0.0263074,-0.36212277
0.0,6.013275
17.8586,14.282451
5.21638,5.1138124
63.3801,64.24108
0.0,6.750202
7.6826,4.1061487
0.00669868,5.462266
4.22132,9.198621
0.0,6.8433895
13.8431,6.9798307
68.0121,34.075897
0.0318162,6.072403
10.8701,8.30886
41.5975,40.95111
76.2633,63.916252
138.822,170.6913
10.2526,4.090926
0.0,4.4105997
0.037736,4.5609117
0.0,3.1107643
0.0,3.6239905
38.4211,39.89379
8.15143,5.130521
11.5815,7.696023
0.108644,6.936597
0.0798569,5.1278605
0.0,5.674262
0.16748,4.4296813
0.0,3.0820153
22.7386,27.285858
3.71149,3.980067
6.84802,8.874653
0.0,3.6424518
0.0,2.9890192
0.0,1.0904171
12.7252,8.310289
17.7989,10.348608
0.527433,5.5812645
17.7734,11.913286
84.5784,61.558006
0.152698,3.2575874
42.0126,39.00479
7.24419,9.624229
7.00486,6.426441
0.282919,3.8847606
0.0,4.6604137
19.4241,7.2227373
20.9569,6.3199043
5.54419,6.2738323
47.1499,28.294876
0.795791,4.6474795
0.285904,-3.92154
0.0,1.5549753
0.0,7.9206553
19.9297,24.885077
10.2554,25.003927
1.52986,6.496791
0.534861,4.150652
0.356705,2.769298
9.26417,6.6580343
2.64652,3.5963764
4.21751,4.989108
0.0,4.872361
0.0,4.1696677
0.797986,3.2745473
49.8568,39.02705
0.530209,4.3091674
15.7415,18.855799
0.0,-3.110953
0.0,5.501791
0.914182,4.3177624
0.0,27.168205
3.60053,6.041627
27.3958,41.275852
0.0,2.1799338
49.2308,18.47184
34.6966,35.42122
0.0244684,3.8998778
0.0,4.651059
0.712285,4.5504346
0.0,6.91951
2.91861,3.0646162
9.4149,6.6277523
0.0,3.1825318
0.875072,5.0670023
10.4744,7.324133
13.5817,19.726763
0.0,6.873781
0.205377,2.8273582
0.0657912,7.524087
5.16372,8.052492
0.0,5.3889637
10.8677,10.903607
6.08398,3.0720077
0.0,3.7918234
0.018997,2.1888804
6.08989,10.5990715
0.273661,7.529888
61.4332,66.79332
6.11847,4.3847046
0.0,2.2492065
16.331,17.27223
0.600308,2.724078
0.0281296,3.136184
28.6632,4.132242
0.0,2.4843304
17.4265,11.287957
0.0,3.9433744
13.374,4.6388407
76.7571,63.42463
0.0244278,5.4869347
0.0610322,5.2552824
18.7132,15.3045
4.37063,8.618961
8.56942,5.416814
0.0211106,5.6456766
0.298523,6.03677
0.0,6.4229774
7.18879,-1.1579416
0.0,4.475297
7.72727,5.8754396
2.97333,6.36543
2.46857,4.6623263
0.0244278,4.6798058
0.128932,2.097201
0.0,8.244741
0.0645255,4.4344683
0.0,6.4013157
48.3711,38.295258
0.0,3.0169158
2.28143,42.293392
1.67192,4.3394675
7.4921,10.006929
15.9415,13.416414
6.39349,8.1898155
5.01558,9.156662
26.5159,17.073235
13.3234,16.474691
26.7952,3.197804
0.0,2.831683
0.31996,2.5740376
0.181382,17.967918
0.0,6.396616
19.5991,28.694736
0.0,13.386103
0.0,3.3851624
0.237497,0.8059335
5.29795,6.1405287
1.05547,4.372745
4.545,4.4609947
0.0101273,3.52857
2.56798,3.2209744
0.0605592,24.790659
32.4123,26.307499
16.4118,9.252118
0.0,3.880874
0.32573,3.6920662
2.47586,3.166746
0.025486,4.523447
0.124658,6.4131145
0.0394029,3.4765992
145.657,154.98251
0.0,5.4628296
0.0,4.967202
0.182939,5.9500713
0.0,4.3107033
0.0,3.9334373
0.029949,4.2065363
28.4969,9.079454
0.0371211,3.1309545
0.0287865,5.849288
0.0,3.762559
7.42939,29.36569
2.83858,4.4730425
32.2659,15.280463
0.301423,6.2915535
12.8546,5.6717296
0.250308,6.100849
19.9456,18.408186
0.0546572,-2.050525
50.8004,39.43358
3.39167,23.398785
24.1317,37.962166
11.2349,18.454716
34.4265,41.569942
0.0,10.715128
0.0,2.671595
13.6268,10.339258
1.7973,3.6230454
17.5554,44.82236
92.275,26.194267
0.0,6.4227657
0.0,2.8347
0.0,3.0828273
0.0,5.002351
3.08732,5.6376896
53.5033,80.44063
60.3985,62.761395
0.0630541,4.6581364
4.63465,5.22968
15.4758,16.35698
0.0,2.5766253
0.87434,4.0710306
39.7798,26.587624
0.467997,3.2692852
10.0025,8.931967
0.0,2.0776477
13.3657,10.679392
0.0,7.8212624
0.0,3.9676309
0.318571,12.161118
0.0,5.5520215
0.0,-0.9914372
11.5933,11.535654
0.183654,39.24318
0.748226,2.8745432
1.34353,4.905461
0.0,4.3498206
31.889,38.070568
0.0,5.6742945
0.0507568,19.392532
0.0,3.0031736
2.62229,4.8614535
0.00810393,5.535359
0.118923,3.8354738
100.839,60.08574
0.149905,6.415083
8.48308,11.474851
103.289,107.4053
0.16082,3.1938848
44.1261,37.58465
0.647028,34.559223
17.4759,13.948661
24.6485,19.567743
0.0,6.554325
1.55944,7.599929
0.0,4.746378
0.0,6.1274347
22.0206,14.24835
0.944667,13.981346
0.0,3.6187038
0.096906,1.2443738
24.5863,17.515902
0.0,2.488689
0.0227304,2.5149918
3.08732,5.618189
0.0,4.473239
123.482,77.23984
0.0,5.6076326
34.0699,27.658882
0.0,17.40003
0.0,6.2707424
20.7632,6.030265
0.219818,6.964368
18.4408,47.122746
30.2375,38.30542
0.674076,56.880886
0.0,3.0024881
0.0244278,1.0064832
0.734085,8.13139
0.0,3.629291
2.93284,4.3159227
0.0,5.4508905
21.7269,12.749211
0.441246,4.236375
0.237022,33.199867
228.807,327.24088
31.889,16.993635
0.0,7.284376
4.21751,4.5103807
29.3098,23.918919
4.87503,1.2497375
3.62445,1.2294576
0.0,4.5156345
3.62445,3.3615985
0.835289,6.6015215
0.0258228,6.783807
47.1426,22.029371
0.086773,3.3496141
7.70166,14.158528
0.0,5.767573
7.72727,6.834957
2.73993,4.7691755
3.99476,7.933936
0.0,6.9056444
9.17932,7.74181
11.8978,12.004139
21.3401,6.38428
0.0,3.9665923
0.0,6.97126
88.2999,73.03992
0.0,4.6965313
22.0379,25.822016
119.268,6.242918
2.92734,7.1203194
0.0,5.9707346
4.82083,10.218569
0.0,11.171398
0.0339982,6.1331654
0.0405724,4.7681437
0.100638,-0.19058084
0.0,-1.7187889
0.00905912,3.4305685
0.05704,3.6718123
0.0,3.948893
11.4622,14.763953
1.77718,8.834295
0.530209,0.5062612
8.73149,8.657563
59.8603,79.24202
13.2992,8.680395
1.45222,8.594784
52.0819,47.939003
0.0416894,5.527452
14.5324,8.321095
12.5591,4.4618998
15.4888,5.7698793
0.488137,4.7600183
20.3765,4.677855
1.32434,18.950779
0.0170975,5.845222
39.5207,26.647268
4.0,7.1823025
0.02025,5.081298
17.5578,8.880521
0.0,2.9470673
169.242,61.756504
5.53442,4.8053784
0.0324436,1.0373731
0.0,1.2634416
0.0,5.255327
8.58346,6.738554
0.620975,3.5628204
0.0,3.1996741
6.22829,5.067313
0.0501345,13.99616
14.8373,11.153995
23.5127,36.110386
20.9569,17.826895
0.0,5.469462
0.0,6.9985476
24.7055,17.261393
8.15758,9.423077
23.569,28.210665
0.0,5.0091734
17.4721,8.875112
0.0,2.9349911
0.044806,4.26412
0.0,7.0352745
0.0,4.9883575
0.778633,2.2235906
0.0,3.5855386
0.0148117,4.0322113
12.5438,21.936808
0.0,4.0727034
0.0,1.8744031
0.0,4.802063
0.380248,5.680954
0.0,25.565617
0.0713469,12.18927
0.0,13.132089
0.406118,4.794897
0.0233073,3.1137877
10.9545,18.896772
1.80746,4.645651
0.0,5.689075
0.0,4.098744
3.21711,-1.846019
17.1115,15.173627
127.057,33.827583
8.45952,18.400017
19.4241,23.036266
0.0,5.856036
1.68959,2.4597313
144.826,149.04662
0.0573953,5.025253
8.67667,7.575304
0.0,6.0290585
0.0,6.8664293
0.0,5.011319
2.1209,24.889051
18.0932,24.802183
120.835,127.33275
4.3174,4.988098
1.49123,3.697977
7.58842,8.684035
20.9778,20.63199
27.9783,28.710426
9.21049,7.417341
7.55648,5.2704372
17.0759,10.701938
0.0527473,8.482407
0.456477,5.052161
4.06813,13.60112
0.0,4.710156
0.372758,5.99868
5.91939,7.568527
0.219512,2.6934114
0.0,4.950052
13.4114,10.447722
0.0,3.3403141
0.0,2.9665554
0.0713237,5.380023
0.296036,2.6831634
6.50334,7.395197
0.095025,4.305774
6.86665,6.5662594
11.9097,11.574211
0.0,2.9879284
0.081201,-3.3132231
11.2224,12.448353
1.84488,4.2768188
0.13219,3.2069092
4.12061,5.819195
7.9533,11.251634
0.402087,4.0981765
0.0,5.0932865
0.050222,4.533345
397.601,295.9881
0.0771056,5.0843763
0.0,2.2163284
10.2132,41.729874
5.33753,6.0061517
1.45047,11.805877
151.923,314.48816
0.661148,2.9583936
53.941,87.78991
0.318302,3.658437
39.8531,43.281464
19.4241,15.860569
0.129069,5.406722
12.2738,15.514847
12.0561,23.598923
0.0,7.1971617
0.0,3.5236826
0.0,5.849961
0.0,3.2777715
0.226598,2.5879443
45.9852,6.7344255
4.42726,2.573843
45.3564,33.3778
0.0,4.934189
446.604,155.04858
0.0357071,5.8407207
0.835289,6.699215
0.0,8.209474
0.0379598,4.6724033
0.0,4.4385576
5.57721,6.6794405
45.1028,31.291206
501.184,319.34982
19.3857,41.23577
0.0,4.072839
8.49649,7.5576363
0.0372422,4.0603304
2.91906,60.113567
1.81632,3.3417768
2.2593,5.9857645
0.194813,3.2676342
20.4607,15.074762
0.0,5.3104973
0.0757449,4.100114
9.17639,8.777246
9.07694,3.0627437
4.1897,10.101695
0.0225315,2.14477
2.92382,10.693871
8.30447,6.4637594
1.30415,4.786606
0.224348,5.268675
5.87127,4.2944603
0.99009,3.4776003
0.0703577,3.6691573
3.90281,7.1160097
39.6986,15.00228
11.4008,6.968814
0.0,6.3604794
0.0833102,6.679474
29.7337,9.469246
24.2596,20.539831
61.7468,52.92476
0.835289,9.719883
0.0,5.1851177
0.168429,-3.3194144
25.3641,18.430605
3.84675,3.4754167
11.6114,9.355554
2.7153,8.014347
0.718386,6.3554535
0.0,4.342351
0.0,6.6260138
30.323,15.954593
26.9514,36.30165
0.0,9.5883255
1.29277,6.6642227
0.679415,3.5190547
0.0235701,6.5468006
13.6702,10.276749
0.0995542,5.536944
22.5227,15.582196
21.4343,11.658799
16.457,29.789928
7.88268,8.11452
3.42381,6.359577
51.9129,39.21522
0.0,4.414697
7.93361,5.1603336
35.9714,24.604877
8.16969,9.97902
3.8158,2.9559805
8.18326,12.534237
0.0,4.0948668
41.4786,31.358778
10.0146,5.631337
1.33334,5.227126
48.918,50.61609
2.02652,3.4894586
0.0,3.6410475
6.02159,1.1267402
13.3256,6.4148464
0.288295,15.419802
0.0,6.4007864
0.0,5.5030723
0.0,5.593441
7.39886,7.487234
0.23815,-0.286721
0.0,4.3045864
0.311563,17.5105
18.1224,23.625868
16.2677,14.880919
32.1788,40.009796
2.70478,2.7550244
0.0840411,2.0646
98.7354,96.01478
0.0,7.0574713
0.0183939,3.944474
0.0,4.5097337
1.67192,5.8011913
0.314102,11.846318
0.0,4.341644
0.183057,3.481816
0.0,4.5844975
12.7752,18.982351
9.54167,25.639442
0.389784,3.7405126
30.704,33.067066
20.8289,29.860355
0.083875,3.409768
0.685256,8.898078
9.31878,7.354972
1.38841,3.266761
59.8603,54.1742
1.07637,7.06682
8.21069,9.917367
0.438031,7.1937895
0.0110529,4.87284
183.183,164.74982
0.16686,2.3200147
0.523938,3.8850052
0.0,5.7034416
0.0329041,4.458682
12.1479,8.07292
0.0311339,4.588745
0.149628,6.845647
21.1136,17.123695
0.347341,6.1315317
9.60602,7.974354
11.1051,6.7483397
17.5729,13.2493
0.0535501,8.648794
0.0,4.058816
1.63142,2.7417142
0.121128,3.624764
0.0101261,3.1352527
0.242017,3.9803972
0.0,3.6562536
1.84446,6.6503687
53.941,51.851486
0.0324436,8.862425
0.0,7.2638083
29.3384,60.863865
169.985,203.6315
0.0181295,4.036353
0.5899,3.9776192
0.0,4.679573
226.44,160.75333
0.0,4.3522124
0.0,5.374873
3.16817,7.671297
0.0,6.1368175
0.0,2.277866
16.4925,43.046616
0.0,4.258356
0.431369,6.170781
0.795791,4.609994
0.0,0.6693685
0.0,10.268627
0.0,1.7862922
8.12676,5.0169134
0.0,5.761082
0.530209,2.8012853
0.0,7.111739
35.7559,54.963478
0.613162,0.87072945
5.50462,5.8427215
11.9299,13.841839
5.64967,5.210308
11.7336,9.601034
16.1769,9.703532
0.0212999,4.0311065
0.0128129,4.509736
0.496611,5.7745256
0.0,5.475934
0.575506,7.67231
0.0,5.154484
0.0980159,0.22690034
26.9829,28.377985
0.446527,5.3336477
7.18014,11.514567
0.0,2.7589805
9.20186,4.361002
2.73993,3.1132371
0.0,5.17649
29.5091,16.914736
19.2125,7.57384
13.2992,24.037104
38.5285,28.104261
0.0,5.19674
6.86665,8.791537
0.328515,5.092965
11.3911,11.427867
0.0676877,4.565732
0.0,2.615692
0.0,5.1226935
0.0170887,4.589832
0.0,3.3547535
0.0,2.629424
0.0677474,1.4967946
9.21465,15.759648
3.35923,6.897851
0.0549566,3.8775709
16.4232,29.068213
0.0,2.872718
0.160989,4.4843044
0.392828,3.7585225
0.115524,10.725188
23.5343,14.248395
7.38977,10.006923
38.0233,69.28494
39.6299,16.121504
0.556871,2.5948112
4.00783,3.0021336
7.98787,11.172536
7.44957,5.766367
2.12696,5.4650307
19.9248,17.814013
23.569,17.574951
0.0,4.037914
0.0,3.4462397
0.94857,3.4497037
3.04662,3.2360048
0.517011,0.4467845
9.18705,10.296676
2.92734,4.0253882
0.0,6.3822937
4.48616,6.2799454
0.0,8.819154
17.2617,20.897858
0.692599,6.8418827
0.0,6.6890936
8.71518,2.8351717
0.0132778,3.3082101
11.3807,9.631447
3.51106,3.6403322
11.1811,10.846271
0.0,12.986829
0.0,5.1392837
0.0,3.1646333
26.8688,35.454983
0.612532,0.54975057
0.0,3.845955
13.4342,12.851844
0.0,3.896486
0.134373,3.0951388
28.5655,27.534481
0.0,201.43599
0.0,4.0065966
0.0,4.5042996
0.0,4.591365
9.69132,9.165209
0.0,6.751375
0.389651,7.7402363
0.0261254,5.588023
0.0,6.2525997
0.0,4.5781674
38.7189,29.953045
0.0941157,7.0670547
20.7484,5.5774755
12.2934,6.7218103
5.7861,5.5012336
0.0,4.0682583
16.0687,18.140142
46.9265,37.65741
0.346506,3.4384298
0.0,3.501615
7.69662,6.786708
5.57851,1.4540384
25.6931,40.187695
1.99681,76.68848
61.6673,33.60418
0.5899,3.3391223
14.4278,17.735668
26.8021,9.357758
22.5227,24.787783
0.0,10.010688
0.0541491,4.9839687
0.645114,7.0612736
0.0589175,4.184705
0.0,2.7294328
31.5469,4.6627684
0.0,0.82439744
4.08312,2.9669843
0.0,1.8862808
0.0,1.9423656
86.3551,30.139488
0.0,5.029385
0.0,3.3073487
0.18013,9.150869
0.0,1.1376898
8.20827,13.438686
0.0610322,4.766879
0.0,2.9238605
0.0,5.2299657
9.1599,7.002865
0.0,0.6519604
1.55502,7.2927732
30.5715,18.558699
22.9302,30.603628
9.40351,13.354215
0.0,4.102586
0.034299,3.7822084
51.8407,97.03395
0.0,4.3292108
0.027453,3.6801152
19.3196,14.993022
0.535877,13.540936
9.71452,4.141302
5.38804,7.3377075
53.5033,20.378807
0.0129563,3.946756
0.00956374,5.727046
0.124447,6.1993065
4.16915,52.465775
0.604184,4.6216574
0.0,4.848324
0.0385982,1.5649594
0.645114,4.212306
0.431208,11.3418665
0.0356115,7.0375853
0.0,3.9816165
0.027453,4.244203
3.42946,2.9309304
0.873254,4.811987
7.68314,6.5675154
0.0,3.455543
13.8431,12.25718
4.545,3.1567214
20.4143,24.661388
0.0,14.54444
41.1122,31.657127
2.8793,2.7098694
4.03114,4.250622
1.30596,4.8720512
0.680079,7.965869
61.3169,53.600124
0.0,6.429366
32.0479,26.965614
0.0,2.1921003
0.121745,3.1795063
0.569794,3.83567
17.6053,13.26991
0.797986,3.5082614
21.811,22.847628
0.0,5.103781
0.0,0.3986336
14.5233,12.811499
0.0,7.658887
3.81813,5.996318
0.220335,40.864986
19.4241,26.944523
0.0,1.8495898
0.0,7.6426067
4.14783,2.5839462
27.7354,25.161646
19.5035,13.590459
0.0,2.7103446
222.75,190.34024
9.84674,6.4661703
9.21146,4.471078
8.42446,9.254515
16.0374,22.32294
54.8155,92.84366
4.25273,1.6187243
0.130971,5.667923
151.923,138.20619
5.52068,5.8668346
2.93284,3.5289073
0.229331,4.9171057
1.85969,8.988986
0.00361873,4.0661793
0.0,4.3329306
0.0,4.626257
0.00511306,5.4793987
5.42813,5.9892197
17.2499,10.79292
12.011,10.608925
0.553941,3.2691913
24.5863,6.8865976
0.0,4.247126
0.0,6.2028484
0.0,4.5016823
8.03788,16.015388
8.74577,8.434712
0.0437111,12.05178
5.16592,8.486976
6.4306,13.666886
0.0929124,4.451781
14.6375,22.040548
397.601,127.10315
0.0,9.02183
0.0,8.913183
19.3196,19.82847
0.0,4.3481092
3.45172,6.4991064
63.6629,31.878017
0.0,4.81092
0.0,5.3279657
0.535877,7.467149
8.33389,4.743121
0.0355344,2.4402256
0.0117422,4.2974477
159.491,150.8983
49.3187,54.674007
27.5158,19.734035
0.0481385,8.079242
0.265272,3.8167934
38.9204,45.398407
0.0548003,1.0321734
1.95883,5.844528
0.348336,4.687497
0.0176474,4.324596
0.144603,5.343541
0.160392,5.1977863
0.0,30.41651
61.77,46.195858
13.233,7.6298647
8.74577,6.5884895
25.2905,4.44473
0.210362,4.109683
0.0,3.5330534
0.120046,6.296137
26.2865,30.231564
5.64259,5.3586006
0.979566,9.838563
8.78468,6.1576276
15.6852,17.81556
0.465225,4.43877
0.313107,2.3966215
9.45517,3.3960915
0.0375974,4.0217595
0.0,7.081483
0.0,3.4076958
3.09189,4.79047
0.0,8.504331
6.4306,11.292831
0.0,7.940403
0.0,6.085946
0.1352,5.485318
0.0137033,7.057398
53.0483,63.44832
0.0,3.9810002
0.0,5.040771
89.6832,93.385056
0.0,7.972474
0.0552115,24.916458
0.0552628,4.210712
0.0947661,3.5915124
16.4448,17.061304
14.5233,25.028759
0.0129563,3.5106845
7.18879,3.5855224
0.0610322,5.045129
0.0424993,3.9182982
4.17482,1.7921722
0.530209,5.985397
0.0,6.1386623
3.5795,4.0056076
15.7801,19.618391
0.287353,3.878762
12.5119,10.726466
4.72532,5.9463463
0.0,6.6308575
87.0906,75.31797
0.117486,3.5664706
1.02246,3.1498003
6.33957,4.7680807
1.83627,0.19651389
0.0,4.036239
0.0260972,4.6933336
0.0,5.7684803
0.0,3.7643957
21.3993,5.704516
0.0,5.0091434
0.0541491,3.841957
0.0,-1.4439721
30.6925,24.509295
0.0185188,2.698751
1.94104,1.234894
0.0,1.9751738
63.6629,62.35604
0.0,3.8862946
0.0318572,4.879117
11.4908,8.360301
26.1965,15.975116
449.819,415.46707
15.6158,24.882067
25.4868,24.228594
3.65365,5.16269
6.32027,5.454169
174.135,201.54866
21.8581,16.830542
0.802453,5.454254
12.6946,59.241486
0.183023,3.2770462
0.62921,8.784868
25.05,13.057328
0.0,4.2821903
9.17244,5.1855717
1.35988,3.8225431
0.26033,18.056608
0.0,2.3829322
5.34439,4.5298533
3.1273,3.9251878
0.0363376,3.209549
0.71417,1.9897356
14.2221,35.77742
0.0826366,10.084774
0.0,3.4639525
0.0434497,4.5786448
0.720744,5.0590267
0.0,3.1623113
15.1356,22.348577
13.3117,11.946835
44.9541,2.277808
18.7877,17.850866
7.72727,15.778568
0.0,4.0820713
75.9546,38.91186
6.15595,4.5419245
85.6316,56.662785
53.3411,17.144127
8.67667,6.481756
2.83586,3.9874854
7.05002,6.3137856
0.0,4.529606
0.0,3.363734
0.110139,3.4348679
69.5425,36.185364
0.709393,109.92197
81.5728,35.481915
0.0,7.064518
3.92181,6.482108
1.25708,6.3556685
0.836064,0.28941488
25.3844,6.5949764
0.192688,9.373913
0.133885,4.03734
2.98434,4.804862
0.803882,3.3000698
0.132442,6.197752
0.0,5.9013553
0.250793,8.226313
0.0,5.796665
2.62587,10.16202
21.4696,6.0409565
11.6126,14.178527
0.0,6.9780016
6.86627,7.4617567
110.799,41.29137
36.9073,32.67247
0.782975,3.390387
0.0,4.250772
48.6834,67.9211
10.7566,30.728624
8.46153,6.704282
0.0,9.488085
38.704,27.25363
5.77299,3.9523206
0.0304709,2.980072
6.86443,6.0482454
803.796,1008.5925
14.9691,5.639969
21.4343,12.995098
0.0,3.3188334
1.84949,10.937554
0.0,18.623241
31.7232,14.569679
11.3911,5.48622
0.025486,5.702397
0.0,3.3291333
9.51941,7.938593
3.28943,8.391295
0.0878853,6.163187
0.0,7.4278145
0.0144449,1.1120938
0.0,27.67842
0.0,4.5414796
0.0,4.4873123
0.756351,12.950152
0.695579,12.301111
0.0197567,3.5228753
1685.57,1649.4421
0.46427,4.100359
0.04065,5.017724
0.0,5.4755335
43.0722,54.564083
0.0274204,4.5332003
0.195798,5.6565256
2.2225,7.912792
146.296,130.27411
0.0,2.3379135
0.0,4.373554
3.66676,3.74155
0.0,-0.11037946
44.7525,36.520905
0.0,6.799268
1.42782,4.6802683
0.0238001,1.0725347
0.122367,3.1233337
10.7303,11.164082
20.9778,16.214128
32.5781,31.84714
12.6946,113.926765
0.0285757,3.3024375
4.85285,8.823085
0.256596,4.918977
0.0179047,5.0602584
14.9508,36.23915
0.0,3.5282586
1.80628,7.420992
9.08801,31.455025
0.148812,1.4208564
18.7132,44.40418
0.0,2.9011834
0.0,5.1013093
0.0,2.3822854
31.4353,19.0343
0.0,4.074437
0.0134822,3.351189
0.0,4.1297874
6.77438,5.9723797
3.14507,33.981663
48.8198,45.377724
0.0538038,2.8571672
11.925,6.7420197
0.0,4.598135
0.0507444,-4.153817
0.0,4.1401615
0.0,3.7800107
0.0,5.624793
78.91,55.314587
11.5933,12.834596
0.549255,8.106979
13.1918,11.774363
0.156251,3.338583
4.52907,4.8496294
0.0,2.772375
0.0,3.52303
3.22638,4.3798714
0.284141,3.45654
15.1906,17.222921
0.0519899,4.284316
9.4149,12.419299
0.0,3.054768
3.77359,5.2762756
14.4787,18.388285
0.0452766,2.9107327
0.914182,4.3609276
0.349096,3.124473
48.8198,50.56457
0.0,35.30544
0.0,5.039754
0.0437111,2.9252903
0.339008,5.5717688
0.0,3.2179317
1.50983,2.5468807
0.0,4.1278386
0.0828994,3.98625
0.0,2.2370536
0.323644,5.332817
7.98787,37.96925
0.512059,16.414951
0.0,5.202265
228.807,149.88747
15.8345,11.6572895
0.141624,3.6976452
3.70573,4.63437
0.0,3.8760588
6.23633,6.151766
0.218334,3.7095485
0.0,6.88258
0.0,3.3580973
0.0,0.58991194
0.41119,6.7024975
0.0263074,2.8276381
0.0257749,4.8195443
38.704,41.596775
9.47172,7.603343
20.3765,3.9872754
0.0059639,2.9283626
3.23535,12.888491
1.70563,4.2469482
0.709393,106.54093
0.0,5.296273
0.0506962,6.5608826
213.647,391.9732
0.0,4.511912
29.1625,26.121729
30.084,20.52725
0.170468,5.5232177
30.7785,18.084225
0.0,4.1735125
0.0,4.8862224
0.0215975,4.145434
34.5595,45.828293
0.979962,4.8021507
0.0,2.7512367
0.0,4.6624126
122.353,65.28039
12.9302,5.3282967
0.0,6.9595947
31.6466,41.22012
95.6333,54.670776
0.02025,4.326131
0.0,4.49543
0.02025,6.406948
4.75915,8.4688425
0.0,5.296399
0.0,3.9879465
0.0,5.746709
92.2528,92.301476
0.0,2.5469158
0.0,16.21081
1.55944,7.9219875
0.251745,12.137599
33.4182,32.41012
0.0,4.60233
49.263,38.24798
9.60237,6.6851034
0.339197,4.6217184
9.59899,3.6230426
0.111489,-0.6847751
3.67181,3.224321
10.9036,19.000965
10.4987,9.740062
0.158261,4.4199686
8.46153,9.3455105
0.0152311,2.8882947
5.52068,3.5878496
22.2086,19.45974
0.0,6.2590637
3.93496,5.3909817
1.21112,7.1584654
11.879,25.817156
0.0,4.9264174
0.26033,15.911591
169.019,202.31454
30.5792,27.233173
1.68959,3.811757
0.0,4.748252
22.5879,25.662378
23.5049,5.8423576
19.1567,8.175182
0.0755944,2.8251324
9.66222,434.49097
1.83906,3.4283423
0.0234041,4.0392613
0.0,3.1903763
0.339197,10.1233015
0.0,5.846596
24.1317,31.237438
0.0589175,0.6946629
8.98133,10.818327
46.797,41.155346
12.627,12.404932
16.4599,4.1344843
47.7532,23.029633
4.39634,9.899534
43.2699,17.921463
0.0246216,4.291564
4.70244,4.7277536
0.0,5.6157312
0.432429,3.484446
0.0803971,3.3283727
0.258255,7.1944284
2.26397,54.716724
0.0,1.4477673
0.0296782,3.8795185
0.0124074,4.279959
2.12103,5.987795
0.0,1.3063636
4.22201,3.9799166
0.0368987,3.3553002
9.31878,9.394688
22.0206,20.477974
0.0,5.836776
7.54229,3.2354364
24.8603,16.352736
0.0,6.3137045
146.296,178.52483
10.5992,20.548903
1.6185,2.6011639
3.75198,3.6602063
30.096,12.742466
0.0104653,4.023801
0.027591,3.6091235
0.0,4.6710567
0.0,12.737943
13.2632,7.199072
20.3765,6.8253117
0.885969,6.7910805
0.0,13.205571
1.35464,7.8046217
2.36926,11.14071
11.566,5.754359
0.0,5.8055067
715.187,627.37726
10.7566,60.914104
0.0,770.24396
0.795791,4.366749
22.5547,25.142921
2.83586,2.448992
18.3019,13.311099
4.54029,5.980695
0.0,2.1354475
16.4448,10.8236885
0.0362957,2.4219515
0.0439518,3.926128
1.34353,3.8874562
0.0,5.558422
4.99636,6.946909
11.6114,4.6063533
35.7755,20.172274
0.110217,3.5062323
4.40395,5.8681393
45.9377,26.906897
4.252,8.089816
0.0,3.6221123
4.66285,10.942709
29.961,63.066334
10.4508,6.239558
0.0,3.614553
0.0744665,5.5189137
0.304895,7.357401
5.52068,4.877079
0.145731,2.279105
23.0388,24.766687
0.277087,9.913671
9.45517,8.078266
6.21711,9.335621
0.285904,3.0616581
5.52068,5.6188073
7.88268,4.597856
12.0077,10.974031
4.45034,3.4605985
5.29916,7.628063
0.0,3.3755407
0.0,3.5747373
0.0373148,4.3090982
0.546353,7.796692
0.0,1.3385034
110.305,127.53452
1.36061,3.9759564
3.3563,12.039484
25.7377,20.671997
0.377169,5.7004004
0.0443369,2.347193
0.0,1.2015741
10.4332,16.68287
0.0,7.977463
0.0367091,2.4008837
0.0,6.9729786
24.2596,28.5647
0.0,6.458029
0.0,4.642112
12.2652,11.269605
7.88268,6.066288
26.3282,32.193874
7.72727,8.521806
146.296,83.97382
4.92304,5.229039
3.04972,2.88788
6.39901,10.368572
32.5781,28.992119
0.496241,5.3122654
0.0,6.0486555
5.31933,6.380883
6.88691,4.071409
0.0,3.939456
2.67434,8.583672
27.4069,18.643406
0.0203818,5.0314665
4.81095,8.333636
0.848508,1.5661714
86.3551,85.530136
21.6066,18.701607
5.39411,7.6070385
6.28008,2.065508
0.225534,7.1069508
37.4649,31.188345
0.0958142,3.0616014
0.0,5.407583
3.40454,5.118512
0.044806,3.0499673
0.0,4.310487
1453.55,1253.8883
0.0,3.7335062
13.4342,9.449859
11.0977,4.7622023
0.300415,4.1345696
0.0,1.398663
0.0,5.2620196
0.0773348,2.736177
0.0,4.7124004
10.8125,8.5682955
23.5057,30.273108
9.54313,6.126072
0.0606786,4.224701
2.11887,2.0587711
5.84351,8.890408
0.0,4.239863
64.4556,38.12001
0.0,4.2408233
0.0,14.719532
8.40817,12.85792
39.2797,28.854998
0.125561,6.455759
17.0624,16.947428
36.5915,22.007912
0.0,3.483367
0.0,9.299476
2.95801,5.2374973
14.3202,5.868806
0.0318162,1.0910249
0.0,2.5042272
0.571642,1.1408899
17.4509,9.680873
20.3765,4.568406
13.7754,12.040651
24.4512,14.930464
3.1115,7.5801516
0.814287,18.864777
0.0,-1.7710097
32.6081,26.320736
169.204,223.90991
20.1595,12.133834
74.4531,55.066956
5.15777,11.8358345
27.1532,30.699188
2.66844,4.5641365
0.0,3.168777
0.0,-0.8033631
0.0,4.570362
0.0,4.335615
0.678013,4.575155
9.22554,11.826197
3.42946,3.6446443
1.47888,6.4301634
0.0,5.1803055
0.711576,5.8749046
33.6491,32.00077
0.0,4.093832
24.0913,27.486546
0.0,2.0244706
12.011,6.8722906
48.091,16.19928
5.57964,9.944647
5.73474,6.5393944
0.0435377,1.8338811
80.9437,42.320606
4.36358,6.8014145
0.0,5.0030375
12.9302,6.5532904
0.0633624,3.3353314
0.0635397,3.950388
20.3666,9.606353
0.0,6.994277
0.0,7.7479897
9.70645,5.4078054
0.259435,6.525943
5.59409,5.500783
0.0295758,4.4281225
7.93916,7.2889357
0.0755944,1.8700378
17.1518,18.571877
1129.6,6.494499
2.8793,2.4534009
1.14344,2.8515031
5.16818,6.8528576
11.2695,11.157478
0.0,3.3618634
1.2981,3.6662302
0.0215975,5.3216896
0.0339982,3.399273
0.0683978,39.68448
0.72045,2.9508338
2.88903,11.029266
0.0739612,3.4053326
0.0,1.8117406
0.109324,4.6733446
19.3196,16.778809
0.0936641,3.8521085
1.13518,4.563648
0.0,3.8876247
0.0,13.712351
80.5417,44.114098
0.517011,2.5211759
0.0743738,4.121567
0.0,2.5614786
98.7354,78.47646
0.220822,4.863492
0.0289939,4.898202
0.147257,4.3515854
0.0,0.51462245
0.0,4.8285966
0.148812,3.8583748
0.520366,3.0097017
12.1118,16.294016
1.29427,5.0219154
0.0,7.854145
0.0101273,2.5606768
0.428455,2.3836033
0.29492,4.0636225
0.051393,8.441091
0.0,3.5663958
0.0438842,2.3515437
2.64048,7.10264
26.1965,14.315224
0.0,3.2759998
34.9726,29.798094
13.3312,9.587039
0.0,8.052335
21.4862,16.36694
19.7884,36.557743
0.0,3.0552137
47.3513,19.257015
0.0175253,7.166933
0.0100121,5.117813
45.1944,44.479347
2.01911,5.80476
0.0165132,3.830414
0.0813193,5.177536
2.13995,5.8507547
0.0323348,2.8410392
1.18369,2.646045
8.48658,16.53672
1.18369,5.933401
0.0,5.062132
0.0503214,6.932703
0.0,108.737305
17.383,19.87881
0.0210909,3.3617418
0.0818675,11.653222
0.0,116.19541
0.0,7.7106266
0.571642,3.339819
0.0,6.849283
0.160502,2.6356983
0.0,4.3512278
0.0,8.62056
0.0672646,4.78784
0.0324436,4.815976
0.0111792,6.942891
0.0281296,2.3881207
60.9116,39.32869
0.224358,5.897437
0.0219448,3.3218417
0.145731,0.87890553
40.1683,12.439374
0.0458164,5.453552
0.0268512,3.8309774
0.55758,6.2016087
0.0,3.781061
0.0,2.309004
0.0,4.544794
32.4171,42.083378
0.392828,3.1570282
22.0206,8.870089
5.586,4.38449
69.2914,41.596275
0.0,3.4360344
0.0,4.0410156
10.5476,11.225143
0.146124,4.911072
7.0451,21.138638
0.0,4.860381
6.71538,11.866567
0.365548,1.5639678
8.51798,8.849369
4.12438,5.180409
21.8819,13.9575815
33.3482,7.960726
0.246146,5.3577986
0.0,6.1879845
3.95405,4.7646103
4.42726,4.1496572
0.0217999,9.912904
23.5333,25.719646
0.0,8.0035925
0.0310628,-1.551831
0.0,2.4105334
19.5254,15.038106
0.301719,2.864319
36.5915,43.717854
0.0,4.2263484
4.35703,8.787619
0.809665,6.1873035
0.02025,6.5868855
60.3985,65.481445
15.5798,10.584922
7.15625,5.941683
9.54313,9.837526
0.938995,1.7185388
14.8348,11.46533
0.0,4.85923
17.4265,13.364958
0.0610322,5.0006094
3.298,4.704528
0.0,3.637141
0.157396,7.2141485
5.64967,6.718727
14.648,15.642446
0.0,3.9995508
36.9143,20.274927
0.756351,13.8407
3.12215,3.3004637
3.02366,7.015788
21.3796,18.022936
1.08249,4.5952005
38.0233,30.993967
0.0,1.8526579
0.0,5.1899157
17.6613,11.285667
68.9289,3.1303337
0.0100148,4.2034736
0.0,4.7082176
0.0730475,4.6989307
12.3578,14.201496
0.103637,3.394927
0.0,4.497895
0.0,2.4765184
20.6573,17.3274
2.69025,4.587858
113.27,101.45814
8.46153,1.7769166
7.8104,4.4281607
0.0,4.065804
0.0376121,0.84249616
25.7986,25.38292
4.61178,6.0439935
0.0,3.0405283
0.0725011,24.817003
0.0240347,5.2056446
18.6327,18.575258
0.142146,3.3040872
0.0,4.7310634
0.00317201,3.8977468
9.66222,628.44696
39.6986,63.68824
0.149628,2.7440286
0.0,2.0145326
108.9,34.882572
1.20083,2.0474718
9.22554,3.5906706
16.7626,11.216936
0.0,2.6978674
0.0,5.0268345
0.0,3.3695102
0.96875,11.722538
6.81054,6.3554645
891.877,1081.8041
0.051393,5.1842523
0.0645255,4.790309
0.0156339,2.5286098
0.0,5.973607
9.45517,7.778574
4.68474,9.085701
0.0,2.0898685
5.78663,12.143468
52.1718,14.890031
0.0,2.5547926
5.54151,5.021946
0.0,4.183652
17.6053,17.047066
0.13315,4.6807404
8.36754,7.1843643
231.28,218.89072
99.9945,108.65595
0.324248,4.3250017
1.91025,5.11481
0.473766,18.47935
0.220028,4.6703005
64.6435,44.651093
5.33753,4.403307
0.0,3.2747145
0.0,3.6765714
31.889,33.055904
15.2248,9.892035
0.917867,6.5889874
16.1817,13.240435
0.0236457,5.952586
30.6925,29.87246
5.14796,4.8685894
20.7045,6.6443634
3.42239,7.202222
6.71487,7.0689573
0.0224526,4.3523917
0.0,4.9572024
29.4994,17.689877
1.91459,7.004634
1.13448,2.6399467
0.0,3.7139344
6.51382,6.772294
0.0,3.3400202
0.0,5.2733173
0.164074,3.46456
3.73044,4.457844
4.00783,2.540813
0.0,5.0672007
0.0,3.8349264
0.440753,5.9650264
46.244,60.67426
0.00512238,4.0527496
18.3755,16.736275
22.0206,11.288573
10.1609,12.423476
31.889,30.58881
0.0549589,7.135193
29.4276,29.35713
0.720367,3.1310465
0.0,6.3776016
65.7132,53.37898
8.146,0.40877354
0.0753383,3.4745305
21.0521,27.446825
0.133507,4.677949
0.0,4.3265076
0.0,3.4774785
85.6316,54.06647
9.98324,7.1476755
0.0,3.3992882
0.0,6.745347
53.3411,23.120663
0.0,-1.6511796
0.0,7.0041695
2.48411,7.697735
4.545,-0.68027425
0.403624,5.9178524
0.0,4.14732
11.7977,9.666194
58.7779,70.45069
8.71047,10.806752
11.1051,3.7648306
24.0464,28.686775
0.0,5.6211195
0.0,5.4421253
0.839133,12.569826
17.4754,16.734434
41.0959,36.924522
5.80376,6.64697
0.0978433,3.9875412
4.06813,9.151121
0.0175253,4.098688
0.0,4.425721
0.0,2.9526815
0.0,5.5940704
46.6668,40.16202
0.0,5.1209316
5.22933,5.781522
19.2694,18.039194
90.1931,145.30464
0.0,3.6247847
0.0,7.091778
0.807296,7.5674973
0.0105662,6.320435
18.2872,6.999771
19.3196,9.01991
0.0,2.9336617
0.0,4.286736
9.50832,11.5988035
0.122329,5.1414833
0.0,5.5106444
4.06206,2.9144793
0.0951988,7.102496
53.3411,41.187298
0.0,2.2282655
0.0,8.3773365
2.37526,5.1236506
0.535877,7.710531
2.39114,7.0460777
60.3985,59.428696
26.5685,10.035504
0.0,8.998508
0.0,5.3058414
8.58346,7.6299334
13.3789,11.298146
0.656222,4.0339856
0.0,1.5062506
7.08421,5.061761
4.76093,8.780943
6.81054,9.596811
52.1765,46.378513
7.89165,4.777342
0.347883,5.216346
21.9927,29.83858
0.440942,3.3375418
8.74772,12.656314
0.0220372,6.8647547
12.3794,6.2496996
20.3765,7.3959303
0.0,4.1184664
0.0,5.0266075
18.2676,11.483737
12.7354,11.328053
28.1784,11.702524
0.0,4.407243
0.0,4.323879
11.0861,26.231625
30.2674,26.548048
0.0,4.8467607
0.0,183.44753
0.0,3.4411554
0.0285757,3.6928887
4.37095,4.4427223
0.0,5.719289
9.09324,16.698502
1.24908,2.5362525
0.0,7.029814
13.7845,9.998704
10.5992,12.732884
0.0,3.098201
2.03315,3.918532
2.50935,6.516941
11.3911,14.821
0.0,1.374276
2.6129,6.5404654
61.7468,52.589016
0.835289,9.398414
0.0,4.0033526
0.0142934,2.9716244
0.0,7.9198256
8.18259,5.6658382
0.0533663,4.5929623
0.0,2.8226433
0.0,8.989562
0.0,5.0866537
0.0,3.8641877
0.0496315,3.4974973
0.0,3.15081
0.0,4.0209756
0.439564,3.5962284
6.83092,5.1566677
89.6832,75.05633
0.0,2.0656314
0.0,3.7931476
0.0382363,4.0293474
0.0,6.4538536
0.0,4.297625
12.7752,7.8167715
0.0883291,2.9966755
15.2282,15.423029
13.6708,27.462029
0.0,4.328006
183.183,101.25228
0.0,5.5399446
23.569,29.503508
321.405,344.2789
12.3578,8.26146
22.0206,21.524067
5.02155,9.703824
0.378152,4.928103
6.93851,7.668373
0.0,4.378108
24.5835,30.469435
0.28977,6.657304
0.0388604,5.6486435
0.0,2.2853963
0.224348,4.908598
0.949409,3.7375805
0.0,2.6294372
15.1428,11.88819
0.0,4.21451
8.42446,11.548706
0.0,5.2179775
12.4334,14.065691
0.0,6.455352
0.0,5.0942
0.0279229,3.7955956
0.186278,3.5114892
0.487407,-1.7206666
0.301423,4.075486
0.0,4.1521506
0.0,2.8747206
0.0,1.1155127
122.832,195.53773
0.125698,7.714176
0.0262574,2.3391802
14.9424,10.9370985
0.301895,2.5857956
7.53906,8.811584
0.571642,2.6630945
73.6762,68.3208
0.0,4.4025774
258.84,46.22947
6.32027,8.620875
7.94594,5.9377403
0.0,4.8084836
5.59568,21.514626
0.0,5.5552154
0.0465422,3.127616
19.6008,6.3117723
2.26965,15.508757
0.0183687,2.5834546
0.0,6.0376825
5.22933,8.958829
0.0,5.078945
0.0,10.113428
78.1824,44.006367
0.345062,5.1736937
52.0819,64.94267
76.9977,91.68972
18.7859,11.701387
397.223,393.21603
18.916,14.105596
0.0,3.4687006
15.9835,25.339884
0.0456051,1.6810498
0.101265,6.796076
0.0,4.314415
0.0,3.4737217
0.0,4.411936
6.28842,4.2488127
28.9819,15.283683
0.0,7.624298
22.2847,28.212313
2.36926,9.427456
48.8333,38.490673
20.3765,7.932416
5.16818,8.368271
0.67179,5.247476
1005.49,358.99243
77.0235,87.63819
0.145632,5.824769
0.0,4.3279033
0.0452995,4.2471676
0.186204,3.5118375
22.0206,35.176132
0.0,4.9986353
1.02494,4.3926425
0.0,2.173996
31.889,34.90953
12.6742,12.545134
0.096906,5.160119
2.51154,10.984329
0.214822,17.511503
0.379858,3.7102332
0.0,3.3866398
5.52068,3.3255277
0.0,2.8373556
0.0756973,4.086906
3.32649,7.4442863
1.18369,3.2086453
8.10299,8.807101
0.116093,4.3107314
8.51798,8.13896
11.1868,10.512436
0.0131697,2.8564699
0.0,3.1497722
12.1527,11.099548
8.60132,7.450322
4.52996,5.3183527
13.2385,15.967664
86.3551,142.8659
0.353684,3.7947416
44.1443,34.06263
9.98324,11.24063
22.5879,20.485037
0.0224391,5.675894
0.0,4.696434
0.221825,4.365642
1.37625,9.44611
10.5476,8.867804
74.3385,72.46327
17.7813,14.463309
0.284535,4.459667
4.93522,8.088188
2.01911,3.941514
4.76093,8.755554
74.3385,45.02826
177.36,132.72774
0.105614,7.6476374
0.0832453,3.7657526
0.0,4.390582
0.0400886,2.628121
9.21953,15.0408945
0.0929124,5.8823385
0.0,6.3041954
0.0,4.250819
0.890405,4.8873973
0.0717444,6.221918
0.872144,2.8844695
0.650807,4.5629997
0.0,10.020917
18.6769,12.871292
0.164682,2.3254569
0.0,22.66435
15.6565,19.378843
24.8391,23.484308
60.3985,42.967453
0.0471666,7.941807
0.118235,4.6942005
1.15935,10.45327
0.0,2.4991977
0.0,6.253791
6.71487,6.8567667
10.5992,8.578119
13.5853,11.293015
19.5991,10.023836
64.4972,37.47277
49.3181,45.04232
91.0492,26.773886
0.0,3.5521421
2.28143,48.207626
40.1683,12.301704
31.889,25.065126
112.365,177.5934
0.0,13.331466
0.326888,1.3854842
0.0,4.1293187
0.0,3.7706022
58.1102,32.08098
9.26417,11.160471
5.88866,6.64139
0.0,4.384017
0.0883291,4.2261705
0.0,3.1907077
34.8418,18.490406
202.223,165.20985
0.0,4.4462166
0.68252,11.174365
0.293445,4.6105657
9.4149,5.241515
36.9143,35.115288
0.214822,16.490713
0.0362889,3.9307752
0.0,3.8081656
0.430817,2.648955
0.0,5.476266
0.0184641,3.1348553
0.0,3.5644107
4.34811,4.2300735
0.0105002,5.8986044
4.02702,6.4058065
49.7266,27.479115
0.0,5.4601984
0.0757449,7.9900427
0.0886052,9.838552
0.307553,4.019205
12.9609,6.463975
12.3578,9.097339
12.0573,22.333813
8.24602,22.49926
2.72457,1.7881122
22.9447,11.613147
2.62393,7.751871
0.0932878,3.887633
0.232573,5.851261
13.5451,13.794966
0.0,3.407308
0.0,5.4680834
0.0,4.656232
6.60336,7.214839
25.6865,22.432543
0.0,4.1154795
0.0,8.488792
0.418839,9.783864
2.00082,5.503911
5.8166,5.08055
7.29843,10.85816
2.36245,5.881059
0.0855931,2.8264425
1.4546,2.0285702
11.7182,4.9608517
2.6963,4.204179
12.7252,11.707867
0.0,5.1543007
0.180045,7.5478687
0.0,4.7593346
58.3437,38.070957
0.0,2.2754343
6.74107,8.100382
0.0253342,4.9098253
21.3889,25.648506
31.889,33.851185
30.7407,35.165226
10.1609,16.29683
5.4147,5.4959717
20.65,20.728231
0.0,4.6164484
0.567987,6.8788223
0.0,3.6538165
0.0,5.446409
0.0,6.2126303
42.2534,33.86582
0.0610322,11.505261
13.4596,12.070934
0.0,4.96021
0.0281296,4.5723724
0.0,3.387936
0.0,20.452425
9.58637,22.397947
33.4083,39.664112
0.196942,3.716757
20.8624,11.816313
8.61474,42.69381
23.5057,12.925664
0.0179047,5.894763
12.8011,20.666323
14.6462,4.7841215
0.0274204,5.8588295
0.942564,8.397093
9.73844,7.9285955
0.0,6.2389803
0.0,4.3725586
17.6053,28.356321
0.0972054,3.5593204
28.1549,23.265114
0.0158332,1.0719441
48.1875,26.35072
0.0,8.563427
11.0722,13.20725
0.550254,10.511227
11.6093,16.60783
13.2632,7.8010664
6.17503,8.821996
5.29286,6.9709883
3.19773,10.035358
0.0,5.2722664
8.01113,30.330078
0.0,3.9157462
0.5899,3.7116315
9.21049,5.3529572
0.0,5.9112473
0.430817,3.1761997
0.306027,4.9361563
6.18577,3.898714
0.0,4.297671
0.0,4.199228
0.0,1.2219005
0.0,5.624029
0.103364,10.598856
18.2335,21.286345
4.85685,6.551694
0.0617871,4.2593007
2.54224,5.7646303
0.0,3.6413093
0.504179,4.178716
0.156531,4.4892445
0.0484848,4.599822
0.0276603,4.4520693
1.21628,7.608554
19.8674,19.53606
0.579666,14.193442
47.4767,53.057163
3.23361,12.422611
0.0446752,8.151154
17.7654,8.660311
0.0394029,3.4354606
11.5933,11.741474
0.0,4.7641706
44.4679,32.926033
0.0446926,3.4247298
19.8674,16.429134
64.8804,29.926088
35.0216,14.303553
0.0,1.0234993
0.0,3.9414754
19.1612,31.40926
18.7678,11.720999
25.7614,26.449686
0.0,6.853343
8.36754,11.4393635
5.21219,6.3129997
3.35623,6.4427347
40.7176,44.632126
4.99398,11.478992
26.037,63.10856
0.0,2.2982903
0.0933876,2.1062133
7.20153,8.98563
2.98937,4.8968096
0.0,12.616304
36.9073,31.979544
74.3385,76.63267
9.4149,15.218893
9.91484,7.8612366
9.22554,8.215426
11.3063,16.074121
12.7354,10.4489355
13.6965,10.20429
0.136691,3.508685
120.835,34.803116
123.679,121.50165
23.7427,26.02125
0.0,4.730077
0.0,5.3671436
0.0,7.5913286
0.095025,2.7832456
0.0239739,5.228944
0.0,4.129038
0.0,3.4012375
0.0,3.2145982
2.88541,8.613867
14.2404,5.678292
73.6762,81.58707
4.99636,5.898175
19.4241,18.737858
0.0,1.8394587
0.0,6.4448795
0.0,3.9583216
0.0118476,5.5541716
6.58066,9.145876
0.0,3.4205894
0.0,5.6566696
0.0,5.590232
12.4461,11.380877
0.0,8.580454
13.3042,14.037974
0.024396,3.115931
0.450796,5.1308336
0.430817,2.5473018
34.4265,66.80785
54.8596,33.3267
0.108161,6.054681
8.98008,13.244823
15.332,9.812334
0.0,4.9332476
2.10857,1.7547016
1.16659,17.826351
0.479432,13.370791
6.67038,8.472049
0.00905393,3.8496866
0.0,7.0046473
17.243,4.928274
0.687225,3.8418586
147.485,56.164814
0.78895,8.157928
36.5915,39.35331
0.0,4.2025175
4.25857,6.4909067
3.84675,2.4482977
9.24975,6.441163
30.6925,29.465584
27.6447,40.576786
0.709997,3.3668396
16.4601,18.433567
0.0170887,-1.7203152
0.0339982,3.9379654
0.0,4.3564534
0.0,1.9963617
0.0,4.0051413
6.8974,9.737246
0.0,2.4471538
0.0,5.256839
0.0,4.5523615
0.161006,2.7782297
3.91661,5.060454
1.45654,3.6653821
0.0,4.7225885
0.430817,3.9596648
10.2968,12.061954
2146.5,1094.1757
0.00734836,4.638851
0.0,11.759717
9.4149,13.523405
0.0,9.6724205
0.182946,16.775852
2.48554,6.055422
0.0,59.41366
0.14872,4.3634095
8.13805,12.967516
15.4015,12.759087
28.3832,16.930502
80.836,62.744194
0.114676,8.250268
14.8534,23.874372
0.0,2.5732586
0.0727032,5.301751
9.25745,9.94231
0.0201361,3.4101753
17.5418,25.6481
3.60053,4.5185843
0.0,1.7462921
0.0,0.6465738
13.0144,16.191652
81.1292,23.89611
0.446527,3.6942186
20.3765,5.983404
30.594,9.828067
0.041474,5.8112907
0.685934,2.3549814
7.42519,11.947877
6.73907,10.354881
1.68384,6.9334726
0.019213,4.9798756
22.1297,23.780962
1.66843,3.8182693
0.0,4.0872607
47.994,32.12808
0.0,37.171303
127.197,68.17672
0.0,5.104705
0.0510919,2.5293896
0.0,4.5620756
0.0,5.496599
86.786,62.435825
11.1964,14.086113
24.4512,17.832056
7.03447,8.83219
0.0219642,7.6788816
37.887,19.184422
0.0697059,8.246173
1.001,173.91057
3.8158,2.989047
0.0,3.6169658
3.6633,7.4096737
0.127069,13.780794
0.0355143,2.630793
4.54029,5.0880194
0.0,1.5165774
43.4355,36.09384
2.92382,7.618266
0.0404362,7.4980907
0.0178514,3.1307096
0.0,3.7959342
0.0,2.6322184
0.534861,2.9197583
0.0764948,3.882288
1.42782,3.5325875
28.7819,31.52042
0.0,3.628347
30.6925,45.2987
0.0,6.8717575
18.209,23.10964
0.0101776,5.754736
0.0,3.2357845
10.2388,8.715187
0.0,3.5409958
0.0755944,1.5597128
31.6466,31.603231
0.662044,7.0535326
0.0,3.2353046
30.4823,7.633173
0.0,5.849095
14.8794,6.70778
0.0506962,2.2718217
0.535877,8.924794
0.0,4.3734956
3.15769,5.6937814
0.0,4.606776
7.08421,15.62129
30.8101,35.044117
0.0,5.317669
0.235774,3.1894753
0.33244,5.4533687
0.0,4.4386954
13.1239,15.77662
0.0,4.464669
31.8925,40.213364
11.0804,5.383116
2.55055,3.1855967
43.4355,22.11561
0.00887042,4.5860915
0.0,6.9291677
0.926287,3.0952008
8.36759,10.036276
0.0,3.4344063
26.9829,31.907629
0.0,3.3800523
0.0,7.780591
0.0506783,5.932168
0.0,2.6779327
0.0,3.1069012
3.04662,3.4843173
4.0341,13.857966
0.0,4.073488
0.0,3.2496057
0.0,4.3899612
0.0289529,8.81044
0.101222,1.1143463
0.0,4.946048
0.0,5.642903
0.200307,3.151907
32.9212,36.43015
0.0,6.248214
0.0,8.120098
0.0,5.305794
6.16944,4.4063025
4.14783,4.4837723
11.4609,12.745958
0.524087,4.288471
1.15824,3.3730986
55.489,31.971584
13.0144,10.016652
0.0,3.4370368
0.0,5.9827805
4.88149,7.9433804
0.0820103,3.183845
16.1804,31.37857
2.0112,33.402504
0.0,1.2790334
0.0,6.5036364
0.0,4.634695
0.218766,8.760642
0.319336,5.642763
101.612,56.828423
0.0156562,5.599724
20.073,25.759764
0.0848639,4.043316
46.4811,52.049156
21.9927,15.687995
1.66053,-6.4430103
32.5872,18.810905
0.0,1.7125555
37.5583,7.3591003
74.0086,14.180306
0.295505,4.642853
0.0363941,4.754216
0.655056,5.9037166
3.8158,2.9785962
0.03437,0.45760882
0.535877,4.9227967
0.0,5.3286467
0.0,6.1100774
0.0265851,5.180233
36.0552,32.584778
31.8586,37.758537
23.6532,39.698288
2.46095,4.5906324
11.9097,13.82306
0.0,3.2149742
35.6083,35.341526
0.0,3.197841
0.0,3.9392452
0.0,7.732338
7.72727,16.456955
13.9082,4.624676
1.02578,4.154059
1.9817,4.2027435
0.0,4.400742
0.0,6.0603886
22.4628,4.6305895
0.0,1.7421454
0.0,2.8421152
3.74162,-3.346083
0.0,2.6217196
0.0,4.1656723
23.6521,19.52596
31.889,15.991058
6.89648,6.0691004
29.2788,24.859533
0.0,8.236023
13.2992,14.34099
0.0,5.59643
0.0647959,6.8283043
89.6832,72.840744
0.339197,7.318776
0.0558077,5.2299843
10.5139,8.158427
0.051393,8.368969
0.0296009,4.7666717
0.0,3.6671386
22.5174,23.533867
0.0114788,5.789653
0.530209,2.5846722
114.402,114.99027
0.0,3.2911077
39.232,14.692466
0.0,4.1242723
10.0053,8.357813
0.0,5.8980165
2.31036,11.884372
0.0,2.7585409
6.58449,5.928351
0.0,2.5557692
0.0,3.5100605
23.8569,17.442945
16.651,14.571022
2.98434,4.775269
0.0179047,4.6587353
0.0,0.7567586
0.0563689,1.9115535
0.0190806,3.3459606
0.0169032,2.2658951
0.0,2.8053856
0.0,4.7643623
8.51378,8.485188
1.76909,1.5340136
0.0,10.57017
4.29596,7.063472
21.5036,3.1019323
0.38112,3.9728196
0.196792,2.685075
1.55914,3.7358317
0.0,3.1088428
0.0,2.4166067
0.0298953,5.116657
3.80485,5.710944
3.80485,4.6659317
0.0,3.7490869
1.62318,5.5335703
30.2328,-3.0633414
0.471161,1.7334291
2.36522,1.8414831
0.0,2.2814212
0.0,6.269702
0.0,3.1111531
2.92734,4.432442
0.0,7.747753
0.0,3.5751266
0.0734416,3.1471562
6.77438,6.578411
0.758651,7.0240335
0.0,3.5561242
0.0,4.6732216
0.247512,8.135529
0.0,3.4388914
0.274148,6.147007
0.0,9.334308
4.87503,8.37828
1.37014,12.610048
0.0,5.896985
0.0,8.646968
27.4125,4.9158363
20.1227,6.163973
34.7799,14.35731
0.0,5.66416
31.889,25.911942
2.19225,5.3957996
26.9079,14.876017
0.0497173,4.2167864
0.350979,2.6708143
3.298,1.7044952
23.0996,11.981671
0.0,4.0069146
30.0409,37.278038
1.05032,28.043213
1.2432,3.8956213
15.7413,17.150616
1.30415,6.056536
7.24419,6.015029
13.4342,9.717667
0.0,3.8346238
0.571642,3.6315675
0.0,4.093417
0.0,6.533166
1.18369,3.7050874
0.0,9.976921
0.0,5.238933
21.4696,16.56641
0.0,4.2497196
0.836064,9.282852
0.0,3.6578023
0.0,3.782548
38.704,16.005302
32.9177,21.471489
12.7705,12.308183
0.0,3.1699734
8.94592,10.920202
0.234005,18.766998
2.95128,3.2991812
0.353843,4.4408193
36.8578,38.476444
11.7602,8.289868
0.0,0.56226647
0.146855,3.7447515
0.0,2.8883252
0.353917,10.017572
0.350174,2.5026042
0.0,4.200535
5.65498,3.0874372
1.12817,7.774741
9.24052,16.198545
0.0,3.133429
2.48644,10.376816
0.110526,3.023318
0.0,3.666832
4.64168,4.2512336
8.30447,5.286392
0.0170887,4.531863
14.8348,6.7765093
0.0734416,2.481302
0.0,3.5766077
226.209,127.46396
26.7934,37.96392
0.0104508,4.113604
2.36522,2.8281243
329.336,166.42007
3.77784,4.027912
0.148443,1.5585625
0.158946,3.2617402
0.0978433,5.1974616
0.0372422,4.3068104
15.6274,26.428106
0.0,2.2207005
12.4457,15.806391
10.4744,11.4124365
9.13074,4.60711
0.0,5.106757
0.195383,8.126993
0.0,3.979698
0.0,14.60095
27.9481,17.455322
6.68153,3.1087265
0.0,5.4056764
9.79811,16.065273
228.807,185.72752
16.6061,11.693937
0.0,3.6056576
7.93916,7.356536
5.22933,6.6615868
0.0747703,2.600306
0.0324437,4.547681
0.0,5.796505
0.0393136,2.5337014
0.0,4.025653
10.5992,9.2152815
0.0978433,2.6033127
12.012,14.762147
4.27785,6.050727
0.251745,16.50449
0.0,3.6431255
3.42946,4.3777843
18.6769,36.357048
0.0,4.2997108
0.0179047,6.1036367
5.14181,7.2826033
15.9171,12.1230545
70.6236,61.70868
0.268027,20.212345
0.283477,-1.1564567
2.72712,0.28745627
0.0264091,4.6360016
3.4258,7.6628647
18.2872,9.977161
0.0,3.4960303
246.5,210.78137
10.154,7.440954
0.0,6.673353
0.0499555,3.2014356
0.0,4.2180977
1.13507,8.755147
0.251915,10.947607
37.437,56.90417
9.07852,11.260957
0.0,4.7140365
0.0,4.448487
0.0,6.320168
0.0,3.888055
0.0,2.8489857
0.0,-0.49945116
26.0933,18.987337
5.8983,5.535757
0.060059,6.1104984
5.06259,4.2299805
0.0,4.203311
0.563724,4.792139
2.32039,3.2546618
0.11797,4.9918203
0.111489,6.420885
11.4504,13.515152
0.22883,2.6621764
0.0,5.250723
0.0,6.761094
0.0,3.2457788
0.19907,10.403649
0.0,5.6224194
0.0,4.345833
27.1802,23.996265
0.0,3.7432394
24.7053,12.607708
0.343881,6.8150616
95.85,76.756355
0.368738,5.423252
0.271501,6.3955727
11.481,18.050274
0.0,12.37639
9.09213,15.144442
39.6108,33.51092
0.0,3.5672586
2.7109,7.540819
0.0,-0.43096566
0.0393917,6.338588
0.0,6.278952
12.4639,6.0612793
23.0996,20.671997
76.6305,112.72981
10.1482,5.7222824
0.0,2.6278412
1.2448,8.448941
14.7784,14.397576
0.0,3.0526328
0.05843,4.7560263
0.431369,9.5322
0.0,7.5467014
13.7388,14.973164
0.0,3.6386847
0.02025,5.7832775
0.574434,45.731037
13.3899,17.941101
0.0144318,1.185629
1.58275,1.0772382
2.09327,3.5726025
3.62445,6.4190617
0.0753512,3.3576205
9.53814,18.050201
38.0254,28.67023
14.6904,2.6304774
0.0368765,8.017874
0.0344133,3.5496135
0.183,4.5628905
0.0,3.0844254
0.0,6.446911
0.0,4.7688303
7.58468,10.672203
0.287353,5.726575
30.345,20.612808
7.93212,6.6175613
0.0,1.9958638
0.0,5.6293416
0.0,4.081049
46.2607,6.9355164
0.389399,2.6935835
0.0,3.2300267
8.30396,6.2011995
6.73429,8.729062
0.0,7.8691635
15.1906,10.899722
0.494796,7.9664507
28.1784,35.353336
0.645114,3.0390868
0.0498159,2.5380645
0.0,4.8925257
8.25999,10.574373
0.0219655,3.757478
45.9377,43.09553
1.26098,4.0472507
0.0,7.525774
0.0,3.7626028
2.85747,3.2619987
45.9377,25.248598
1.04654,4.4353533
2.42901,4.395444
0.0,1.5630689
9.95179,6.2811155
0.0233073,2.4948978
0.0335017,3.5717022
0.24238,8.205155
0.0,6.4174757
0.0,2.1909418
0.0,6.330514
0.0,5.572109
0.0,4.449685
0.027453,1.8569645
0.0,3.367145
8.90259,7.9253063
0.0,4.8926353
10.7538,6.070453
0.163422,4.593322
42.8467,31.591673
37.4822,33.42873
0.0172373,9.901207
0.0,5.150032
0.025486,6.969062
113.997,102.53781
0.0125835,3.8681479
0.0,4.724118
8.30447,5.7160473
0.371541,6.4493055
60.5251,63.30676
3.77359,4.5450506
15.4012,4.780116
0.0,3.5729012
2.90635,1.098736
9.68664,3.1526146
0.0,2.2593858
16.4003,26.909904
0.569794,3.190085
0.217464,3.5547252
0.0383494,6.24047
10.6428,9.035726
0.79134,6.1544466
22.5174,6.8322535
0.0,2.0493221
16.4169,15.800187
0.216623,3.1106887
0.0,2.5277827
13.7754,13.375297
5.59409,4.8280964
7.18911,6.5407915
0.234005,7.0997715
18.978,46.1737
0.0441985,3.6507883
0.0757449,3.6859496
0.0176207,5.288686
174.296,180.61807
0.0139038,3.3768418
0.0626873,1.9576285
0.0362889,5.6243277
4.3151,-1.7092159
0.0,25.017046
19.0973,11.218119
0.0,6.2440424
0.0,4.7194996
15.3148,20.076881
0.224576,5.351432
6.86665,7.1735544
31.889,16.056028
13.4342,9.646876
34.0964,28.086597
32.6081,26.805943
0.0031855,4.690321
28.7411,50.409683
0.365548,6.0360146
0.0,24.596258
22.6392,24.245045
3.42946,4.70516
2.7153,3.853386
4.06206,3.9623797
0.0929124,4.9995484
9.58637,12.9193125
0.0,0.615435
0.0,5.995142
0.0,4.221774
33.3964,23.488937
0.232573,8.20605
0.485488,8.403976
0.727649,4.7802267
0.76367,4.034141
2.8793,3.640991
13.3117,15.83027
0.0,5.4535923
5.72192,8.333353
0.0,6.2413163
1.32599,5.0823154
4.88149,7.3972282
0.349537,2.5845568
8.44341,3.733676
3.07678,3.576122
0.0,4.7241535
0.232056,9.314715
0.0,4.017234
0.0264059,3.2743425
13.3781,10.054342
38.7644,25.303463
0.0274508,5.753077
0.97247,5.102357
4.85574,4.060095
4.71807,8.047444
45.7714,21.449577
0.0,8.549047
0.39754,7.3497086
0.0,0.966763
0.0393917,4.4406047
0.0,5.2816553
0.0,4.3515778
77.0235,70.643486
12.8303,32.828915
0.0298017,6.637389
3.41662,5.0778885
16.3166,21.733437
0.0,9.147067
0.127812,5.0847397
40.1066,24.283276
32.9212,31.753847
26.1648,28.158735
25.8108,37.06528
47.3513,11.758998
0.0514544,9.9048605
1.21175,7.8051796
0.0274851,3.476439
0.0,3.6140454
10.919,5.8576517
110.905,30.908054
22.6392,22.984737
0.250134,6.7711163
0.0,4.6036835
0.0477546,4.8751183
30.4835,15.643354
0.0,3.3879497
19.7949,24.833637
0.0,3.916667
0.0284257,4.8325796
5.31336,8.948237
0.156251,3.90278
7.18879,3.6554925
1.18789,2.8353698
0.0,7.312746
0.0,3.6699533
0.182946,20.783854
0.0,3.636973
6.32457,5.9310107
15.3392,10.499351
16.2904,18.352238
5.50462,8.536967
0.465225,1.5480739
0.1349,3.4721437
0.0314092,4.396508
26.9514,28.155996
0.168847,6.5641737
16.9263,11.854303
29.2335,24.605661
77.0235,45.32549
4.61178,4.8323994
0.0,200.70688
3.60053,4.248099
0.0,5.1627216
1.13347,3.5927868
97.7892,112.22375
0.0,3.5926304
0.0,4.430802
0.0711397,3.6572652
0.0,12.043936
5.39411,8.951992
0.0,5.4149537
0.0,3.684541
3.17672,4.1948853
0.463098,6.5004168
0.0611258,2.3727221
16.0374,10.749574
146.584,344.35117
0.00986858,3.8890913
0.0,4.7774897
0.0,4.912017
0.0,4.25309
0.0850534,9.911646
0.0,7.1272087
2.92734,3.8750558
0.0583502,2.7169335
1.06258,2.9933295
0.0,3.98652
0.0397651,5.256225
0.0,3.1747496
25.7777,40.2407
0.108294,-1.2882183
6.42487,6.4199142
0.966317,20.328405
5.09901,4.8509045
0.0526354,10.5597105
0.0,4.307441
0.0582332,4.4168406
1.61069,5.9168396
0.0,4.904608
0.117486,6.0127907
24.4617,19.750336
0.0,9.210982
42.7111,45.02811
0.861373,15.03863
0.0,8.099201
8.26712,9.077991
1.11499,14.720811
0.0921453,3.8502684
101.932,73.31201
0.835289,6.835061
0.540725,2.7522945
0.0195011,2.5689828
34.164,45.225834
0.0,7.1701765
0.900053,11.858937
6.49102,6.5562963
0.0,7.2316723
0.556268,13.81572
21.4206,34.303135
18.6327,12.41484
0.0,4.6599874
1.79644,12.241683
57.049,5.612132
2.91784,3.5184107
0.0,10.400297
0.01267,7.221449
0.530209,3.4653072
0.0,6.314331
20.3765,7.482483
0.0,2.1627822
0.0,6.079232
18.374,12.758349
6.895,9.991607
8.46153,5.5241365
13.3136,28.010763
24.8424,11.397308
0.0,11.894263
22.2662,18.673784
0.0,3.5896497
20.945,21.778624
4.8686,5.9125147
0.0328138,3.8859086
0.450843,6.9892416
3.40031,10.337486
4.80261,7.3977118
0.0155897,5.0860043
8.4425,8.506689
0.0,3.4681008
2.24424,5.2747345
13.3042,5.4769526
0.0629288,2.7140965
0.0,3.688446
45.4518,41.810257
0.0,2.552318
4.0341,10.026583
0.05843,7.057147
0.416174,7.0330324
0.0315748,2.32225
15.842,13.425404
1.02096,2.8135154
23.8569,31.350498
0.0129563,3.035923
0.0,4.4511275
2.91179,3.0324655
0.0,1.5571135
128.763,74.14604
7.11868,1.0730324
0.0315748,1.2290931
0.0,0.42102003
4.39554,2.533078
0.0468538,44.89598
12.6291,15.32983
0.0298017,4.959119
0.0,4.970845
19.5575,9.157925
19.1133,38.326923
0.0352722,5.5336647
0.038365,4.6806345
0.462918,3.1460142
0.0,2.3463426
0.0442241,5.8471375
0.0,3.2568204
0.0,3.879268
0.0,3.7451358
61.2563,64.13304
31.0359,41.6716
0.0,1.4734137
0.748226,5.194209
8.45355,5.2764378
95.8946,70.74697
0.0734686,0.8710593
25.7777,27.324888
95.38,148.65097
0.0835016,3.598439
0.0,5.6986976
0.0,4.1277313
16.0867,6.2129774
0.835289,5.2154655
33.7248,23.458916
0.044806,3.1198564
23.0309,23.858109
0.985679,4.6549
0.0,3.846755
3.55422,8.732487
2.1209,22.118801
0.665929,5.2788954
19.4687,19.389515
50.0979,49.2709
6.70987,8.6143675
114.038,73.6434
0.720367,21.971567
0.231058,4.2057467
17.6696,17.150751
2.59898,4.806808
24.9386,11.463608
11.391,5.965187
0.0,1.6810172
0.19891,4.266142
40.9894,15.849524
59.7792,39.852665
1.2981,5.48911
0.0,8.975597
0.0424993,1.7626997
0.205377,2.4592245
0.0227304,2.7199707
47.4039,40.636803
0.026868,2.5705187
1.13365,2.4737742
0.0,4.373829
14.2404,3.147246
272.341,193.16121
0.516945,3.9229407
0.0,3.333782
13.2632,19.847727
0.0134494,4.121833
13.3234,15.71727
22.4628,0.006095886
81.91,94.89985
0.411539,5.372567
0.0,3.7054572
0.0924077,14.841518
16.1797,19.302423
3.82681,5.245613
1.90568,4.864786
90.1931,83.527565
0.0,3.0997558
0.0,1.5258143
0.0087436,2.5732727
0.0352722,1.6021025
0.0,6.000223
0.0,5.713093
0.0593236,3.4790103
12.3842,12.437478
0.0261254,8.818334
1.13347,4.1792197
0.0289939,4.1391945
0.0,4.4303803
8.61474,32.95175
0.0506756,4.3704543
0.0,8.3917465
0.0324436,6.3443384
14.7039,10.48477
0.748226,4.0036197
0.0406318,7.470745
7.86185,9.888769
53.7064,43.988335
0.123251,13.394397
74.3385,52.660572
0.0,4.167083
0.226759,4.399332
27.6481,41.836864
0.0,29.776636
17.865,15.176493
0.0281296,5.252617
28.6617,30.293915
0.0,13.524621
1.78663,3.1998417
2.59898,3.6118257
0.0,20.071476
2.21819,5.5508432
4.39014,4.014288
26.7938,46.857605
0.0,6.4892197
2.59898,4.119337
27.5158,10.816749
9.3275,10.6209
0.0,4.130262
0.0,3.5775619
110.851,63.340317
48.0737,44.10113
1.55502,6.9431896
0.0,1.1441941
0.209847,11.695224
0.249592,5.594537
7.1822,6.217295
0.0,3.9022112
0.0632379,2.6711564
0.0304338,5.6565027
0.0634393,4.6874003
0.0,4.4644713
0.0,5.484315
32.6742,37.72695
3.93496,8.959613
17.6751,22.321669
0.0,2.370447
13.1792,18.018847
0.682235,4.205083
21.6855,21.117544
0.0783498,5.9269824
0.0,4.9788322
10.6178,8.41066
0.0,5.915064
10.5121,11.109896
0.77757,8.697365
0.0,2.4392684
0.887909,3.044334
0.0,5.4164653
24.5863,13.4204235
0.0889348,4.6737833
10.2115,22.898994
13.3779,11.959124
0.0,10.370981
7.44206,4.1759644
21.5036,32.296154
18.0396,22.13043
0.0,5.5667934
0.0807021,8.537387
0.179279,5.5441213
0.051393,7.9048014
0.0541491,4.3077188
0.234831,8.393495
0.0,4.7637067
0.0194531,3.6611009
0.0,6.4069204
21.2758,12.373974
0.0557447,4.2867956
0.968892,4.6869507
138.872,164.1567
13.1723,13.746792
0.0,4.08769
14.0998,12.636089
5.27368,6.16422
0.0,2.4963865
0.0,5.2783556
0.700803,7.586293
0.178451,2.2527974
0.0,5.421959
0.468912,7.0001802
8.68572,10.610135
17.7654,18.49477
0.0,5.0180063
0.259034,7.3998833
18.7132,22.281048
0.0443369,5.8815613
0.0134532,3.8772638
0.675582,5.6421213
0.918487,5.275523
2.92734,3.6132603
37.6582,28.85763
27.6481,25.29621
17.5689,10.378815
16.0687,9.8905525
0.530209,3.145903
0.0,4.215999
0.530209,4.205758
4.61967,3.940051
11.2349,12.6080675
2.90635,4.3104134
0.014625,5.6384573
0.0,4.090475
0.0,5.3914804
24.7117,7.435503
1.31869,1.6969571
13.1516,27.249884
1.84481,4.1169934
0.496611,-2.087344
19.6939,27.127995
0.0528116,7.472518
0.0,7.199131
6.18577,4.448371
0.394956,2.417223
0.0,3.3855405
26.1965,29.752314
60.3985,49.702297
0.0,5.3208103
0.0,8.284785
25.1973,7.3344097
0.0,5.865926
28.5582,5.6887045
27.489,13.992552
279.087,117.82743
22.6392,13.443607
8.24252,4.600624
0.0244278,3.5598989
4.29596,3.829801
0.0,3.9112263
0.0,7.8610373
0.0629288,5.0018005
6.51382,7.921339
0.0,4.378294
8.30396,8.627994
0.0,4.6621113
3.1782,3.5998719
12.3122,4.89394
31.889,36.45548
3.07933,2.71764
49.0173,47.056553
9.68664,17.441021
0.300234,4.726993
81.91,92.665375
2.03315,6.4069233
10.4987,20.89569
0.0134632,8.835053
0.0,3.428553
8.01113,26.03268
5.59568,63.387608
0.0587993,4.786376
0.66808,6.715064
17.0251,18.463465
24.8424,17.4069
0.0,3.2636342
0.0,3.758284
13.3042,8.6177635
10.411,7.327547
0.0,5.096406
27.8904,20.981018
0.0755944,2.2845109
12.4414,11.157624
0.0,3.2966235
0.0213519,6.815547
32.8059,15.13608
0.0,4.74668
0.0,3.373421
0.0,3.7511806
0.0610322,4.8084555
0.0,4.850786
0.095244,3.5919611
0.386214,6.0644674
65.8736,43.86075
68.9289,24.758467
0.0,2.9920354
6.03438,4.0965185
0.216623,3.502729
0.177711,3.6628137
0.571642,-0.13843012
0.0,0.4655099
0.0296782,4.370679
0.0503724,6.0671353
7.75804,6.451047
9.26149,14.251451
5.74144,6.535384
9.68664,9.087045
1.95182,11.131914
0.268027,8.613211
0.0362714,2.483691
4.15016,6.468031
4.52907,11.13254
18.7897,27.356596
7.12667,19.780832
1.43546,3.7536318
1.56213,5.8633327
0.0,3.9098642
88.224,89.08527
1.3827,25.996977
0.0377429,6.1581044
5.16818,3.9980333
7.86163,6.461645
22.0206,9.764655
0.0,4.1889043
0.0,2.9593835
48.0989,28.732824
0.0,2.353572
0.0281296,-0.10723019
0.100129,7.2757053
0.012238,5.6473994
5.4147,7.965415
0.194229,5.4553804
0.0,7.0257454
0.0,1.9420681
0.0,3.7261477
0.0,2.3691375
0.0,9.461701
0.411408,7.4590273
0.0244278,-3.535875
2.42329,9.415165
1.56577,4.5308867
19.0798,12.134312
39.4082,23.24438
0.0,4.3747616
11.0861,9.51557
23.2996,32.406784
0.0617622,11.527524
17.3293,10.307217
0.0,6.9003735
0.0875726,4.88198
12.3578,12.256681
54.8317,22.64382
0.0,-1.5699141
0.0,1.2325778
0.0,3.7947614
0.0,3.9887547
0.0,5.171125
2.49747,11.11176
0.0,4.0428658
0.0,4.9976234
0.0546156,8.682002
0.692599,2.416548
5.39411,9.892588
13.3234,23.325842
0.0247339,7.023137
0.0734416,3.0941572
64.5569,27.033997
0.103857,4.477236
0.0,5.8805904
0.0,4.0523376
0.528339,5.737258
13.0665,20.766731
0.0,4.155375
11.5815,7.703314
19.1137,40.831264
0.192066,3.87019
0.551099,7.572747
18.4372,15.623139
0.0,3.7845354
20.3765,5.8780355
0.0407668,5.6535554
0.0475146,5.6068907
23.569,21.497227
2.04404,5.2719393
39.9616,28.650496
35.7755,15.122767
13.3605,7.820672
0.0300559,4.2083483
0.0,1.9648607
0.184393,11.704058
0.0219642,12.53412
0.24238,6.0323467
0.0324436,4.152122
0.0108675,2.4427342
0.0,5.2263956
12.9887,3.866932
0.125719,-1.2410307
7.15625,5.661828
0.160392,5.007079
0.0297182,5.35046
0.0,2.1069508
0.0,4.3797855
0.0426991,4.532284
0.0,7.205962
0.00874122,0.5552082
0.0733279,4.2476377
0.0614197,1.6538775
12.3409,22.51764
0.465156,6.2668185
15.3241,11.587261
9.31878,11.07322
0.0,4.1005807
1.45654,2.6902468
0.00808029,0.256346
1.00168,7.4766397
0.0,6.077426
8.51378,12.99002
0.0,3.6381698
0.0,11.032906
0.0,7.240695
46.435,31.492231
0.546353,5.8189955
0.0203818,5.1309476
24.6134,12.515066
7.95061,12.105103
0.0,4.44269
75.4895,9.193323
0.0,1.9024687
0.0,2.4782188
31.688,20.483757
7.93361,8.598236
0.0,6.6974688
0.0,14.188077
53.2938,94.62351
2.97682,5.2892876
15.7858,13.285977
0.0,5.90273
25.6265,25.01522
115.406,70.45942
4.49927,4.906911
0.0349655,3.633924
0.0,3.693181
7.56916,7.239335
13.1318,6.7604275
6.33935,2.6417487
68.9565,75.98363
11.7892,9.477927
64.9969,16.772303
4.92439,6.643861
80.0908,63.98835
228.807,204.71748
41.734,28.587639
1.20083,3.862503
0.0,5.2210217
33.7368,43.198204
15.3208,15.667404
4.56078,1.012392
14.1541,11.873473
0.0571442,4.3573017
0.0,3.098462
0.499656,16.461964
0.0,7.073122
11.9358,8.900388
3.56694,6.372117
0.0,2.8744392
23.5049,9.341246
23.8774,7.3433256
4.3848,5.121236
0.0398024,2.61399
2.01469,5.387782
23.2438,24.545713
30.2721,49.180847
0.0,4.589316
15.8345,8.464407
23.5057,26.490456
7.24419,7.292136
0.0,0.64543664
0.0,7.2454367
0.0171162,4.876604
20.5422,10.983259
0.0,3.6013384
0.0342395,6.938265
45.9377,60.81069
0.0,-1.7903512
0.0463158,4.1608486
0.0,5.1079655
0.0,3.8789923
1.80725,5.699733
115.588,29.84838
4.95834,5.3703036
0.128932,5.0791664
13.7754,9.274101
49.3187,29.5558
146.296,150.06795
44.9912,31.254091
0.836202,10.3231735
456.247,186.11134
0.51474,4.9169507
0.0725011,26.496338
19.1377,4.526659
0.0,5.6561527
1.63946,4.4515285
13.3722,11.695489
15.6481,13.29932
0.0,3.5571642
5.31336,2.4254103
11.9358,9.227102
4.71157,6.303752
0.339008,4.203681
22.0206,23.665968
3.80485,5.890711
10.2388,16.883146
5.15785,8.947791
34.0732,31.522305
13.0842,6.327673
0.996024,7.147479
2.83586,6.1111317
4.3179,5.135658
0.0443369,7.5917797
19.4241,12.23234
0.234346,1.1116073
0.0,2.7019703
0.984085,7.351347
0.196355,7.8176126
20.3765,5.71424
4.38853,5.94549
0.0,2.2554533
46.9951,18.797337
0.0,3.4795277
0.0489251,3.277052
18.9373,9.169707
0.0,5.773487
26.7938,27.314932
0.0,3.5426612
8.02989,10.662155
0.0,3.3175929
0.0,8.580462
7.25514,10.580294
0.0115695,4.455305
0.292454,4.590982
0.0,6.4261303
20.3765,3.7914
11.8048,16.123528
0.0,3.845644
12.3578,7.158016
0.0,4.8276477
2.91906,26.911283
0.0,5.2109127
0.0,6.252038
0.0,5.849208
0.0,2.644237
0.0,3.257706
0.0,3.358241
0.0,4.539978
5.39411,6.355311
0.0,3.047635
0.66808,3.4119458
8.26423,9.232118
2.74199,11.491762
0.0852025,2.8471367
0.0738175,5.5815463
0.0,3.8821766
14.1121,18.497828
12.2933,8.659335
0.0,2.8803768
0.184332,3.5439925
0.0,3.8493147
33.0627,31.47386
14.6904,6.1224327
0.0366771,1.2900422
38.704,32.11345
24.1555,5.7601347
231.91,248.80632
0.0995036,4.7634974
12.5304,7.536069
0.0900139,4.634592
12.893,9.557252
0.0950008,5.089896
0.0,1.3048028
50.5521,35.893314
4.99398,4.488694
0.0162433,4.4281206
0.764589,2.7753081
1.20623,17.854324
0.0503724,2.4659152
1.61215,4.616764
0.0753596,5.175849
13.3781,15.73925
4.1624,5.26422
0.0,7.1163216
0.051393,10.758131
0.0,4.5423985
5.39411,5.5952816
0.00802383,8.524156
0.0,4.0870237
39.5552,53.510998
16.2511,17.361788
11.566,18.933315
7.72727,23.042664
0.463098,9.223873
0.141643,5.0370326
0.025486,7.374364
0.31996,2.2497358
0.0,3.6270487
9.42356,16.495327
0.251554,2.5421264
5.24548,7.2671356
0.0,1.7159593
48.8198,3.3729904
7.51125,16.479673
4.00067,10.03319
0.0,4.82368
0.0095824,5.925494
0.0576515,61.23694
22.2012,19.490217
23.9123,24.156942
0.835289,13.902822
10.1449,4.956085
59.7025,52.613415
23.2844,18.812769
45.9377,35.447906
3.73044,5.353571
0.00751075,4.238209
13.6708,19.337784
73.3151,35.448715
138.822,101.79981
29.961,60.547348
16.1797,14.259712
24.4512,11.69513
42.7111,58.850983
7.60944,6.9037724
0.0,2.358232
12.9993,16.111704
0.658449,5.113019
0.0978433,4.284079
209.235,223.55016
0.0,11.638171
0.609934,8.074019
86.6291,56.595833
0.0151807,3.7592688
49.3187,62.56835
0.0,2.905095
0.0,3.4210806
0.0275719,1.8807161
7.11917,7.7110224
0.0,5.90254
11.7739,4.706459
0.0257749,3.8893285
6.08398,5.599723
0.0373148,3.618729
48.0989,50.562515
50.0241,28.021885
47.6788,13.876311
0.0,4.2916136
45.1028,25.649303
12.3578,10.364541
26.8984,31.71369
115.716,24.666702
43.1164,45.238342
0.0978433,4.486355
0.131854,5.302887
67.7779,35.106678
0.0778408,1.2812129
15.4223,17.193026
0.0,31.721523
0.0,3.2467165
0.0,6.7883463
0.144043,4.970561
17.6053,10.488675
15.8502,8.993726
5.71592,7.6811028
0.0263778,3.6965868
0.0,1.9992988
27.1771,32.094284
0.149628,3.6567361
36.891,13.965591
65.6935,41.88472
0.0,5.570294
21.9927,23.908194
0.0257964,0.085068464
5.00362,13.729982
19.0349,16.651382
2.0569,10.246438
0.0,5.1400175
0.0,4.115736
50.8703,38.32398
48.1875,46.5232
0.0153647,3.1023426
11.6433,5.5712867
35.2742,18.095036
86.6865,41.33878
0.0574451,7.9747458
111.675,130.92957
0.0,5.1552043
9.45517,8.002926
0.0,1.8495837
0.0,7.5442657
1.96747,7.140979
0.0,6.782053
18.8186,15.123523
0.259034,4.946151
0.0,4.4246798
7.14585,7.977768
0.051393,4.2921143
4.92304,4.542456
206.269,121.79993
0.0,5.054079
0.306576,9.355686
0.0144449,4.398394
13.3747,12.07267
9.66222,956.80035
31.889,18.742447
0.241125,4.9890532
0.0183421,3.573479
0.0,3.6009488
36.2389,34.476437
19.419,13.451285
61.3507,60.365414
6.70156,10.213973
0.0,7.5946693
1.61268,6.102521
31.889,45.187725
0.0,2.6498568
20.4833,20.298292
17.9272,29.789326
0.0,2.4908185
2.49685,180.58324
0.0,3.1193578
3.56694,5.554847
1539.74,598.8911
0.0,2.2043307
7.93361,5.880232
7.49617,8.873316
0.0,7.2544975
0.0300559,-1.139637
1.63946,5.497672
2.47586,3.2805924
18.4372,20.592638
0.0,6.2365265
10.5992,13.116748
0.149905,5.3167353
0.0683978,27.360935
53.3411,30.392618
0.0,7.345952
0.0208915,11.797651
8.30447,6.816099
0.0,4.770549
14.7355,16.846573
21.4343,10.227973
0.0,6.615156
0.0,10.327193
21.9927,22.040209
0.0,6.2788596
7.34724,5.7088447
5.87127,4.9057164
13.4342,13.782951
15.7407,23.296022
0.31996,5.181185
0.0,2.3284009
86.6865,145.68027
0.0,4.3656635
17.5554,47.557987
0.0,4.268278
279.087,82.30738
0.454176,2.4054232
0.948007,2.4069445
2.05356,4.139426
0.0,5.1174517
0.0623884,4.792652
0.03394,6.6776648
31.8959,21.629122
10.3826,14.670147
0.0713237,15.661973
0.0,5.310437
19.7835,12.511006
26.9514,3.6995919
5.38838,7.479491
0.099321,7.586933
32.6081,26.057285
115.366,114.13374
26.037,31.152689
21.3463,8.425533
0.472333,7.0512276
0.0,5.664973
0.0,7.253251
0.0852025,2.848476
2.29823,6.8975945
0.0,3.0546055
0.0,6.096089
0.0,1.4271635
0.807879,9.493099
0.0,4.5491743
15.6575,11.406232
20.089,3.7726336
0.0,3.7851677
0.0,1.6279647
0.0,2.431084
1.15544,4.090269
0.0129911,2.3260474
0.0167702,4.607991
0.0,5.4337697
0.0,0.7282516
137.719,69.15381
0.0,5.749178
148.964,124.80537
0.0,4.7930555
0.97584,4.115477
34.0699,20.507154
36.5753,28.785133
0.0,5.3413777
5.10657,5.16803
32.5872,22.637907
53.5033,38.71553
157.205,30.268623
4.60054,4.6350145
6.10661,11.057305
9.53957,17.950151
20.1487,11.898356
0.0,2.9960458
0.0,5.917696
8.46153,7.249156
0.221629,3.7916598
0.0680929,4.3359747
17.2763,23.524853
0.0,5.7422347
5.15785,6.266347
0.0932137,4.201703
48.1875,32.482464
0.556268,3.0402546
32.6081,44.56505
0.0,5.704507
8.0311,7.4626665
0.0661457,1.8488426
1.36915,3.7883399
51.8625,37.319035
61.3507,69.29115
15.8462,7.8936825
7.62417,6.875225
0.0,3.1246328
0.0,3.4950457
0.633513,4.0074444
15.0913,10.489275
0.0,3.998805
16.5368,7.5127897
0.0,0.011743307
36.7233,23.956263
0.0,6.090308
24.3086,19.639465
0.0180879,4.6180515
4.92304,10.12115
0.0,5.9416723
12.9033,18.194416
4.46909,5.0827765
0.0,3.3088267
75.4415,65.03237
0.0,6.051239
0.0436637,3.9106166
0.0,5.740063
69.2168,65.04308
0.225641,7.8261137
4.3848,5.1418886
1.52665,4.6947813
0.0,5.2328587
3.25845,7.472515
7.49834,9.845682
0.0,-0.1045928
0.0491806,5.049411
0.0,3.340722
9.01874,8.856421
0.0,4.555705
1.9201,20.220148
5.08513,6.8470716
3.89551,4.6041803
0.0,-1.530024
0.0900139,3.158402
0.0,0.9469732
0.0,4.6262264
0.0,6.594844
24.5863,12.50085
0.0,2.3769667
19.8766,20.612902
0.0,5.5022783
12.8278,9.152744
0.137528,6.781826
4.16084,8.448574
75.7574,59.62002
0.0285757,5.009137
9.41787,10.049959
3.0564,5.917185
47.6235,34.557
2.6135,6.115674
0.0,4.754796
1.93647,12.00991
0.0,8.354515
0.0,4.713679
0.0,-0.30247498
0.0,1.4053848
22.5824,24.44208
0.322485,0.0061752796
22.6392,18.777235
10.8052,5.10496
2.76463,9.754911
0.0,2.197435
0.0109018,1.6996944
2.52583,4.979294
12.7705,12.636771
54.444,42.38266
0.0393917,6.000621
35.0216,35.700733
0.0317711,5.91658
14.449,10.567657
0.0274204,4.9581814
0.0,6.106347
16.075,6.8947687
28.7819,29.771631
29.3555,29.772366
0.0,3.077178
0.0665804,5.7418885
19.0973,9.532743
8.24252,8.234349
0.245057,3.16076
0.035062,5.71852
10.8169,3.5130863
0.0250986,3.5478344
16.2904,15.359817
19.053,10.714203
0.0,2.274401
1.99982,4.0923643
3.68977,5.076331
14.0774,28.338562
0.216623,3.9003081
11.9358,11.62772
20.7197,9.519721
7.68164,7.467579
0.245057,3.0154674
4.10174,9.29502
0.0,4.3440886
0.124748,8.293294
48.6134,5.1036987
0.0,2.9096339
589.635,660.243
0.0,2.7843347
0.104732,8.035376
3.66412,5.4911456
0.186859,5.509987
29.1625,12.662728
0.365548,2.7671318
39.0798,39.13325
1045.48,1519.1963
0.075898,6.9691153
0.274277,8.707285
63.6629,59.551224
4.89209,7.3497334
0.0,10.926659
0.473766,8.375267
6.51382,5.341818
0.0,3.6919534
0.0,7.450761
24.8568,14.310352
0.0,2.9112115
0.0,5.4892006
1180.95,720.4011
6.18583,5.9981394
0.0735954,4.340489
4.81095,7.0279865
0.0,3.8959303
0.756351,7.062627
14.6375,13.447175
0.97247,1.2841991
0.0,5.5526
0.104821,2.253702
0.0162317,3.5457683
20.1574,43.81837
8.74772,9.886785
0.0,4.2054625
23.0231,27.5485
0.0289154,4.0528307
3.71454,1.5914598
1.52986,4.8792467
0.0,4.8929996
0.0,3.6892054
0.38795,5.2309866
3.82122,4.2257886
5.39967,6.4938726
7.58209,9.80551
0.0,5.4508095
0.408642,-0.077696085
7.93916,11.594656
11.2349,12.417781
0.0455041,3.612453
0.0711397,5.9313774
99.1143,85.5073
0.132584,-0.7464709
2.03527,11.376439
4.68681,5.3191833
0.0296782,3.1628358
0.0118156,0.85586965
11.7977,10.245447
0.530209,3.0179815
0.134779,3.725886
0.0,3.3284466
0.108294,3.3650336
11.2831,11.726637
0.0178514,3.0927827
343.427,163.61166
30.6237,21.1495
0.0,32.94973
0.0,3.8737466
0.0,6.174362
0.11804,4.272115
0.173196,9.485983
0.0,9.626596
0.0,6.879637
0.868527,3.053944
0.0,2.6211913
215.418,72.80021
0.0,2.6297672
25.7777,7.860154
0.0,5.035906
0.0193434,5.4803514
0.0,5.565989
0.0190806,2.694187
0.0,-0.38440633
4.45397,1.409578
0.0,3.1610148
1.06105,18.252842
0.0,3.6879885
0.0,2.3985462
0.138812,3.6640618
35.6083,43.431976
7.49062,6.8645487
47.0054,56.93599
44.6865,46.896366
7.86536,7.2929277
11.2831,5.23483
5.83212,5.4836874
47.7532,49.903652
0.0,3.4004664
19.3636,10.653834
0.357686,3.2148404
23.3344,8.638363
0.0,5.609649
18.7859,6.017129
8.74577,4.7580748
0.0,3.6263452
0.0,1.9125997
3.28324,2.3595982
0.0,5.448188
2.15402,-2.5172584
1.81734,6.4626837
10.5992,13.3344345
72.5005,116.95991
0.0274291,6.817712
0.0,4.7878575
0.0,6.0440407
0.0,5.12732
68.9565,58.34643
5.47233,4.953148
0.125719,3.4273672
5.53292,6.1952915
106.723,34.334164
0.0,1.94531
0.0,3.9751668
0.0,2.832449
25.6865,16.496235
0.523938,4.756639
0.0,6.8441477
0.0264339,7.4334736
397.601,183.77924
7.77413,4.716796
0.0,5.403635
0.0,8.30884
5.75256,7.4842825
3.74162,4.776986
2.36522,4.7474775
39.6299,50.075928
0.0558077,4.4273634
35.2418,27.856096
0.182946,25.360048
35.3348,19.427526
0.0256138,2.9856026
282.601,205.77222
0.0,5.137057
21.7949,17.420988
10.5992,9.738904
0.371522,5.1290026
0.0,5.399358
2.36522,3.4297702
1.37012,4.8205876
0.0161194,5.5427394
5.13791,4.0990295
22.6392,18.23141
5.06259,5.291317
0.0,5.34401
0.0606786,1.7905655
12.7177,13.247528
0.142361,5.6044903
6.18577,6.60157
7.72727,12.413729
12.6916,31.374443
10.8169,6.0983353
0.0,6.3369274
0.0197939,3.9093707
0.281834,6.756092
0.0,5.740327
11.2831,20.902004
1.06258,3.582463
10.3818,25.638231
0.869892,0.35072613
11.2224,5.5516872
4.1897,12.745302
0.0,5.232767
0.0,3.7029467
0.0,2.8829684
50.5877,21.335653
10.3419,7.415807
17.1173,11.769904
4.61178,5.9512978
53.3892,13.126077
7.81582,8.085203
0.0,2.5245252
0.0,2.207192
0.0,3.3425689
0.0,5.2878017
15.2282,18.617691
3.83202,4.7221828
42.9746,22.305056
12.5184,8.3108835
0.0663601,5.099429
0.0324436,7.1019135
0.839133,4.980294
0.0,5.893594
0.051393,8.671994
0.0,4.242653
4.545,3.9120288
0.45691,12.792805
4.545,4.9202156
0.0,5.287148
38.012,29.374668
8.48562,24.967754
0.121235,15.613452
49.3187,67.07823
21.0736,11.485971
0.0,2.844988
43.5617,28.441393
10.7566,37.957966
0.0,6.502265
0.0703977,4.5612774
0.571642,2.3314304
0.051393,7.2440805
0.0,12.046953
0.086773,5.9316845
18.0695,43.666073
0.0,2.7948337
0.0,4.710767
0.814287,17.891024
0.814287,18.777494
0.0,8.971383
0.0628861,8.761434
0.045982,4.4095583
0.423245,6.786356
17.2867,4.625055
0.22088,3.8167472
0.018341,6.2160397
0.0,7.1344137
1.10146,4.5723257
22.0206,30.437628
9.98148,15.331602
0.401957,2.9102898
0.0,5.2838497
0.0105037,2.7664645
0.0285535,3.5710158
0.0986464,3.48264
0.0,3.5117805
0.0572197,2.7151515
7.70401,8.182536
0.0,2.3172278
13.3267,11.561088
23.2996,21.461494
6.94088,8.6834345
18.4028,22.036995
0.809665,5.1404905
8.56412,4.062713
7.5882,6.0769587
3.68977,2.7009625
0.0,4.596207
17.5005,4.3302903
2.73699,4.2373676
0.741189,6.1128874
0.0,-3.0296314
0.0,4.399949
3.42016,1.8996218
0.0178473,4.159527
0.350238,5.3701744
0.0,4.7281713
0.530209,3.091084
0.0,6.348791
0.1146,4.557243
0.0,4.7930098
8.78232,7.578843
7.56588,9.4227
0.0,3.9024045
0.0174285,2.47936
0.0,-0.31665182
0.0,9.447559
0.125719,3.605301
0.0,5.1015186
1.29968,2.372096
5.23978,8.118526
7.18911,4.1327267
17.9203,3.293469
0.0,5.125951
0.0,2.9219632
16.1453,13.08628
80.465,24.578691
0.656222,0.7123747
0.0525717,4.0802417
0.0503724,3.3943968
0.00905912,3.0727549
35.6083,33.973473
0.0,8.278092
0.0,3.9504426
7.93361,14.95963
25.6244,32.92147
167.45,42.928593
0.00910153,4.4005904
0.0929055,29.551172
32.9818,20.073456
0.224466,4.173688
8.56891,10.794681
0.0,6.5355864
0.0224556,1.6785916
0.0281779,3.6860213
0.0239684,3.7554355
0.152073,3.9640787
32.6296,24.759377
8.30447,3.7919488
5.3585,4.933036
10.3826,8.694307
23.5333,13.289454
0.712285,7.6609697
0.0221229,6.2773647
11.1947,11.614334
123.482,127.411446
0.0,2.9800234
1.47732,5.310746
0.0,6.650441
0.0,7.3114653
27.0764,36.773712
0.224466,3.5366812
24.5419,18.470778
0.0,7.3022165
0.301423,6.659049
0.0645255,5.9530506
0.0443369,3.9203126
1.9201,35.764877
0.354983,5.350852
3.12215,4.37808
0.0,6.571541
8.29918,4.5498514
208.249,228.18643
0.0101273,8.25809
17.7989,4.8877378
16.4599,12.57287
11.7892,9.710037
0.0322283,2.0758321
0.0,5.9845247
0.0,3.8712854
8.61646,9.929953
0.0661457,4.880706
1.18369,4.492111
1.21628,6.5815964
94.5804,63.466274
16.4448,17.768688
0.0,4.2869277
6.07532,4.9619308
0.0,4.9425983
9.91484,3.165111
11.4908,-2.809665
0.0,4.3239717
6.31848,5.190531
2.50742,5.08792
16.6253,21.142874
7.69239,7.1516495
0.0,3.4328122
9.17985,6.7173996
0.0355143,5.0133085
1.47722,4.2132807
45.2152,28.28895
0.306027,7.393628
0.0,1.8865452
0.0,4.384466
31.6808,36.062504
0.188373,5.156193
22.4714,19.328781
0.0,1.30851
0.0,4.229394
12.3842,8.084144
0.0,3.799257
16.651,11.349924
4.60452,0.9680835
49.2648,57.14245
19.8674,13.162657
11.8433,4.0145392
0.0,3.9859262
10.9407,8.61823
2.11577,4.8230476
0.0,11.202056
0.00874122,3.7691193
26.0635,12.607735
0.0,3.6478496
0.074776,6.185936
4.34776,5.808076
0.371522,5.164655
17.8076,79.17823
7.51723,6.175053
58.1287,50.65268
119.708,109.62156
13.3789,15.112463
0.433965,2.8146126
0.721388,3.6313906
38.0233,22.666822
0.0442276,3.7734432
16.4925,11.045493
5.23652,4.4727144
0.73278,2.9687843
0.255047,3.0729244
1.35464,2.3311644
0.0,5.07025
0.0207707,4.661277
0.0,2.6984816
11.8978,15.052664
0.0,6.293423
0.0,2.8387358
26.971,18.613068
39.6302,28.027454
0.0,3.3890538
0.563877,5.9576483
0.0,4.4184155
50.0059,56.192074
15.6109,18.566744
22.5547,12.90939
34.9534,20.20621
13.7404,2.9174411
18.8375,15.176469
12.3578,7.1899014
0.0324436,4.2829185
1.81158,5.242461
3.42381,18.058737
22.8781,43.34446
0.0442241,4.853896
8.57879,9.0437975
15.2572,12.3412285
0.0396249,2.3216035
95.5694,85.00045
15.91,9.788984
0.0,8.7552395
0.0398024,1.765696
0.0,3.954812
35.0216,32.14264
1.98213,5.855563
0.505088,95.32689
0.249562,4.849538
7.67185,3.3240597
0.872144,3.4916093
0.0323811,2.821934
0.0219448,3.36467
10.1753,7.9438667
54.3436,35.265312
0.0,6.3823566
31.889,17.393322
0.0,5.914048
9.31878,9.1999655
0.0,6.1853704
397.601,183.53069
0.0,6.8542547
0.0256454,6.152148
1.04575,6.545067
29.9613,24.495905
0.0,1.6495497
6.64375,2.4163132
0.124384,3.4442985
7.93361,5.5669622
0.0,3.4257097
0.931906,6.816745
34.3778,46.69296
11.5061,12.84227
0.196792,3.8661242
25.2146,133.87544
0.0,6.5323906
5.41516,7.9570093
19.0798,7.3745766
44.1062,26.10202
0.0,2.409014
2.85747,1.2461009
0.0059639,4.553628
12.5438,9.545216
0.0755805,4.3799953
0.0,3.4775057
19.9297,13.397464
60.6128,85.68211
0.926497,2.762972
0.405692,5.578093
8.98008,9.068327
12.1396,10.379283
8.44341,2.782301
0.0,10.729659
3.72617,3.9504821
0.263808,3.447956
10.5992,9.762057
14.7634,10.230826
0.0,3.40175
0.0692392,8.171373
15.89,8.688167
12.7252,8.011146
17.241,10.713388
16.3134,3.7277608
0.0,2.161521
0.0124043,4.195019
10.3641,16.067017
4.74464,4.5564737
30.4823,14.45969
0.0,3.705197
4.25521,10.929032
13.6542,23.61309
8.21125,11.751178
0.144603,4.7683163
7.0301,5.809649
0.0,6.066168
26.2865,23.156298
0.0,5.91922
23.7218,34.493965
0.0,2.7166758
0.0712323,4.2209196
9.97059,7.1809235
3.53768,5.7734747
0.24238,4.2035375
0.0219642,3.6633077
0.0,3.8306496
7.0301,4.9327564
0.0,2.5282152
13.801,24.718842
0.0,6.445098
12.9993,8.329574
0.0,6.596451
0.0,5.804902
39.6218,20.831366
2.68705,2.9904783
0.0,4.4321723
0.0,3.6539223
0.00767109,3.4967537
0.0,71.62096
12.4414,15.266016
19.7669,13.180708
0.375037,4.143849
0.0127198,2.2239788
14.8687,30.735136
18.8462,20.823105
15.4767,9.543161
0.0,4.815751
24.0097,31.917582
0.0841026,4.2098083
0.408575,4.335034
2.35672,8.016164
0.0,9.189454
31.889,34.775387
3.92962,5.361457
0.26033,11.300514
0.620975,7.637232
32.7078,20.654936
135.162,24.58126
0.0122473,-2.8018286
0.250793,2.169512
34.3637,29.141869
0.051393,9.807792
18.3019,16.807323
11.574,7.5598946
0.0,4.001352
0.0594986,5.392438
19.0535,17.094965
9.22554,6.102734
0.0,6.152335
0.111079,3.7027607
9.4149,8.945174
0.112288,6.663188
0.110034,4.7360697
0.0,5.022119
11.1811,6.1881056
4.91671,7.1236734
0.0171162,7.426468
0.748226,3.0361068
0.0,4.7240734
0.0117783,3.7687669
0.0,3.709274
7.95512,11.543133
20.6263,33.256763
78.2679,80.2152
8.6826,11.28266
0.0,3.3860917
0.0,3.6915362
0.183732,5.2182455
0.0983347,6.1717005
5.30943,7.469285
26.0496,8.606503
0.0587993,4.170569
66.723,76.74861
194.475,75.63325
6.3236,7.7395782
5.02273,7.4550505
0.0,3.9843235
0.0,3.053687
0.0214782,3.8627057
0.0,4.063607
17.8058,9.639135
0.288601,1.1009566
0.0,5.7390285
7.50482,6.7268066
0.0,4.142613
60.665,69.31183
21.3148,23.789032
0.0,16.368015
12.3122,13.596489
2.81384,6.3850565
0.0,5.1256304
1.21707,5.0632143
0.0,7.8033314
11.1964,19.425097
10.7553,9.40211
20.6152,11.125329
0.128932,4.5197964
0.0,16.041191
12.5145,6.2538095
0.0,5.280514
0.0,4.4239025
0.1352,2.8785367
0.530209,2.8951886
56.1248,67.58812
10.0146,4.7548895
0.0,11.202385
13.4906,8.3677
0.0,5.023585
0.0,4.837469
0.0,5.981985
23.8569,18.617374
7.93361,5.0284204
7.25476,10.444992
93.6125,44.16868
13.0092,3.958577
0.0,3.6808615
0.0338607,3.8818152
23.342,21.03701
0.0470759,4.923395
0.184332,3.077843
35.526,15.732618
2.38675,12.900882
0.146158,4.6049614
0.0,6.2080126
0.52828,6.137495
0.0,19.299562
11.1811,6.6516457
0.0,4.711443
0.550254,4.050063
0.0,4.9856186
0.0,3.557963
0.0,48.63399
0.0,0.96758807
0.0,5.7866416
0.0,5.1582727
3.15769,12.764661
24.1317,20.320726
0.0,2.941638
0.0354657,5.040412
1.46424,2.69866
4.17273,5.3649893
0.0,7.5278273
21.5036,47.06694
0.0,4.2455873
26.5434,23.589216
22.5331,35.494484
9.11898,7.5312862
12.2701,13.336496
0.0,8.828387
0.0,4.3364058
0.0,4.5375533
0.0,5.047105
0.144784,1.6244986
0.0,5.136546
7.81582,7.699538
2.50621,2.2702098
19.633,15.003181
0.0,1.583719
0.364178,3.148707
0.0,2.5583563
0.0,7.887995
2.16714,5.215993
0.0,7.013736
0.0,5.5416718
7.01739,6.3014946
23.2925,12.306981
0.413808,4.8106318
4.89267,15.378688
10.6428,8.70019
0.0,3.804096
31.5645,5.2388973
0.0,1.7559683
0.0,5.8482046
0.0,5.4179435
4.06813,10.166394
1.26219,3.5805905
0.0,4.3225636
0.0,2.290386
5.82277,4.5814176
19.5035,16.11254
8.26953,11.112825
0.145731,4.620491
0.0,4.6797266
3.28353,5.439047
0.0,5.3628426
8.01113,24.920424
5.69682,5.573166
0.0,11.780995
1.7335,5.9471703
9.59899,5.350458
37.4822,61.837357
0.0763142,2.7283025
7.66119,7.6042614
0.0,4.338476
0.408575,9.271862
0.473766,19.625437
0.0,9.754176
5.77636,4.4737215
5.8983,5.735427
10.8169,12.5964985
0.0,4.6264534
0.0,6.6327915
0.0,0.3501165
0.0,5.91405
0.0,10.063129
0.944667,10.268287
23.5057,21.476734
37.3772,11.760237
6.17961,10.554207
0.110959,5.6647635
15.1833,17.786276
8.31659,17.021418
0.0193864,4.022038
22.5174,4.6932774
0.0,5.6753893
0.186593,1.845732
35.6753,25.13763
0.0,4.640099
0.0347881,4.501191
15.0214,17.270922
4.8625,6.905903
8.60295,18.68717
58.7779,49.31195
0.27028,5.157058
0.128932,4.7737093
0.0,6.7755566
9.45517,8.019401
0.0,6.6403866
7.81638,10.311547
0.00413612,1.5973415
0.0,3.479055
39.9955,14.947572
1.91025,6.7006035
3.62055,5.9989805
1.35988,3.8861842
0.00832832,10.516566
0.0,6.2751703
2.91861,5.3039293
8.28284,2.6807382
5.54151,4.114426
0.0,5.6814833
0.0,4.214014
4.46593,4.5904684
8.61474,13.434336
4.41878,15.679388
0.743623,5.430929
0.0,6.154954
12.8042,5.760991
0.0222586,4.2511263
0.169266,0.8287902
8.24252,8.570956
0.0,3.021206
0.922114,2.8374112
14.9189,16.778307
11.6645,8.711625
0.0290041,0.48833203
0.0,4.5515766
0.0,4.373849
28.1376,21.17592
0.0,3.8145795
0.0734416,3.3445554
9.40349,7.296961
0.541685,2.7197855
22.5174,19.066236
4.39554,5.199134
0.0,-0.3783853
0.620922,0.9083011
0.0,3.6529446
0.0,3.4951072
2.0112,53.03681
0.0639502,2.414012
7.15902,13.583351
0.66808,4.9129467
0.0,4.016734
1.96582,3.9498577
48.918,56.529724
0.0,2.253131
0.0105311,2.7496948
0.02025,3.3652678
19.6877,32.762917
11.2224,15.08482
0.000327993,8.243987
17.3573,13.99644
0.0,7.638118
0.0,2.8877385
0.0,2.396041
3.16482,6.3398485
0.0,5.2998457
0.051393,3.6044104
5.78529,11.216354
1.26098,3.6153016
9.73282,12.9880085
0.0,4.320608
0.0203282,4.813883
0.0,4.8943863
0.0,4.0690613
0.0775661,14.030695
2.62025,3.3740585
3.95256,8.801851
206.269,179.77057
1.4993,5.2187247
0.0,3.6534755
0.0,-0.016916752
0.0285757,3.8732767
0.0,1.775584
0.0,6.7842474
0.0,3.5440645
8.30396,10.471264
202.176,112.37578
4.0899,3.3230333
33.862,2.769457
230.705,297.93448
0.242017,3.5790915
0.0610322,4.355326
47.1426,29.20468
1.02305,5.1833944
46.7864,50.532364
2.56689,4.1222134
0.0,3.6668973
0.15934,0.9571792
17.5005,6.1330833
0.083875,3.5347776
1.0596,4.8169746
0.0,7.988699
122.832,78.33623
1.30528,3.9803915
11.3911,11.698558
0.183654,16.585232
0.0251359,7.2062826
0.0,4.899721
39.0521,36.973488
19.4241,15.013185
76.231,31.969158
35.7755,15.208062
0.0289529,4.358922
0.620975,4.100649
4.25521,19.019472
8.7999,21.936153
0.858342,7.9435034
5.06031,6.874358
0.0,3.9626417
5.62209,9.11915
0.0,3.6932158
0.0,0.16051483
8.48195,6.4025345
0.0,4.4717493
11.5467,12.626131
10.0562,5.9400463
0.0,3.9580307
0.885176,2.844356
102.929,71.801865
0.0237032,8.175006
18.7132,17.96203
1.62318,5.7826586
0.0195092,3.2722182
26.343,26.530025
0.171019,14.176786
0.0,4.912977
16.0687,24.537523
7.18317,9.3060875
4.60054,24.732645
0.0,4.4317923
22.6392,24.811155
0.116267,5.4691057
0.0598996,6.554556
0.0,1.7836561
0.595357,11.469803
3.29546,5.1145205
0.0652647,-0.5167382
0.0320994,-0.119987965
0.0365421,12.609921
13.3117,25.785051
45.7148,32.71557
0.0,5.5269985
1.5047,3.713338
1.43988,2.6103415
1.3234,5.1778836
0.0,3.1948175
0.0,5.7225876
0.0,1.4231344
0.617716,5.8029194
795.558,498.35187
1.06258,3.1228693
7.96072,7.5639067
25.2146,94.80428
0.0,3.493681
5.22933,6.7224483
29.0844,30.752861
46.2607,20.472174
1.36489,7.209773
141.193,201.49957
14.3356,24.390602
0.0,2.0641696
0.0,5.894864
1.48456e-06,4.902351
2.82707,6.216857
13.792,24.668545
0.0934583,3.9057965
0.0729982,5.253668
1.46693,4.7974358
0.0755083,3.696562
13.0129,11.441956
0.0,3.8869016
10.163,9.666906
0.0,4.718853
0.553249,4.7999015
0.0174459,8.57959
0.571642,3.1562994
0.31557,8.310939
2.73968,1.0686107
5.41516,6.386879
4.74464,3.5213633
0.0164483,5.185279
13.3312,14.578247
0.0,3.2042038
0.0,4.838464
0.25537,7.3305683
0.0,1.6360089
0.0,4.8795595
0.0,3.5194192
7.00393,7.391592
0.110789,8.931363
72.0642,48.55505
26.1605,28.49413
45.2817,10.81713
0.0768075,4.4056077
0.0,4.0853424
0.0,4.540093
16.5368,16.623848
1.22285,6.2000937
8.33035,22.1038
17.4652,22.489538
0.0127102,3.0967627
7.56916,5.0904617
0.0,6.4661636
5.78663,6.5676403
122.832,144.83177
0.0735954,3.4199038
0.26033,20.569782
3.29546,2.898784
7.30478,5.140025
4.6505,4.8799796
0.0199938,5.423772
7.05518,5.74942
0.128932,6.3342314
0.0,-0.947834
31.889,22.702053
0.0,6.6684303
0.944667,9.168781
0.0,5.423438
0.0,4.009591
0.0,0.8382168
7.30838,5.319105
0.0,4.0459356
9.28804,11.672897
47.6788,24.72064
3.89335,9.342291
0.213089,1.1190438
0.127514,3.52871
1.63293,6.4959116
0.0,4.740962
0.0,3.4748592
0.0,4.8173985
0.0,4.518354
0.708758,6.9801855
8.6239,16.398228
12.2933,17.052042
0.0,1.9061561
0.0,6.8587475
73.4181,36.206837
0.0,7.791375
0.685917,10.463598
0.0201361,4.964665
61.7468,40.12486
0.0,4.9515696
4.78224,8.258265
0.106015,1.8977684
0.0251359,4.1338367
0.0,4.9996023
0.0,2.6888742
0.0313687,3.1568537
0.0629815,5.8460865
10.4316,5.185154
0.0609078,6.0697994
39.5426,43.646748
11.3807,17.626118
8.74577,10.465273
68.9289,45.342342
2.15402,1.3426023
1.06258,2.5130045
0.0656044,6.032299
0.0,6.7256947
57.9342,103.58014
151.923,105.52726
60.9055,61.22781
8.21892,13.677755
21.9108,22.904545
0.0,3.0172565
14.747,27.605043
0.0,4.735754
146.641,143.04573
13.2912,8.292675
0.0175958,6.912898
11.3621,10.89606
112.42,100.638885
3.19138,4.38628
0.0,5.5691
2.24119,5.4813676
0.248463,4.675542
26.9829,39.6446
0.0,2.2117143
0.0,5.6699133
0.0,3.8448515
6.53673,10.169193
24.6299,41.4431
0.0,2.426817
14.1253,9.458976
7.93361,10.616446
4.61561,6.404215
1.5047,3.191732
0.0,7.9818344
6.51382,3.1176314
0.0,3.362408
0.0,2.2771246
0.0,-2.7170966
0.0,8.690757
0.123102,2.863517
0.257412,1.7249267
135.592,146.58171
1.51519,5.9115615
10.6178,14.143691
1.9201,22.567831
13.7979,25.207787
0.0,4.3075647
8.98008,6.1029267
37.8456,12.657711
27.3849,27.520851
0.0198536,3.2279966
0.43431,8.105404
8.26953,6.779826
19.4284,20.490282
0.0,5.035984
18.2872,10.732344
0.0127006,-2.828647
24.7055,6.2736416
0.0,2.8943787
24.5835,34.992416
5.4147,9.9048815
8.01113,30.669348
0.0851847,8.745364
26.9829,58.8716
0.0,2.6638112
0.0,4.974217
0.0281296,2.4904191
0.0,4.5839224
1.67192,8.742197
4.42726,4.402524
4.14783,5.1636963
0.0244278,2.6525834
1.24448,3.230928
16.7084,22.088223
41.5746,37.199398
1.13347,4.915748
0.0,2.9088006
0.0,4.2158937
0.0633712,3.8256545
0.128932,3.5974824
0.901711,4.6176357
12.4488,11.510694
9.56222,8.93983
0.0,1.7348872
0.0778408,4.1345906
4.10452,6.8426247
0.0,4.1892533
9.68664,6.363757
0.201269,3.3874996
0.0,6.2359977
0.123055,4.840438
15.8826,6.0115395
0.0,6.4701576
7.42939,82.51059
0.0,1.6661944
0.0,8.199128
0.251745,11.645801
0.0,3.7280183
13.3605,2.602284
22.8508,15.0362425
19.9879,16.0113
0.102663,2.8280935
0.196991,1.7741463
169.019,138.8548
12.4143,17.762783
51.2723,53.56878
0.0,2.4980185
12.0554,12.850686
0.175766,4.858615
0.949353,7.0159388
0.105792,5.745608
11.4008,7.190238
0.0,3.417581
53.2671,3.7909203
0.0105037,3.2108357
84.2077,50.978733
0.0,4.872994
0.105136,11.52388
0.0,4.610297
3.10364,18.169092
8.71629,26.531765
0.0169032,2.8866131
0.0221842,3.5214224
0.0215975,3.889291
0.0,4.355691
3.80485,4.46091
0.0,3.585588
0.0,4.1002765
0.623363,4.28467
0.0,2.0934103
29.1625,8.69151
0.745192,3.4418945
24.7055,16.873165
0.0,5.2396255
4.30371,10.92042
0.0254356,4.1894984
0.0630541,4.6464224
11.948,8.348684
0.140461,3.1963794
0.0,4.7703915
29.2287,20.683228
34.5704,13.115492
1.11409,3.1977515
0.0,7.6356554
0.0,-1.9189789
17.0076,10.123437
17.0076,11.440519
0.0,4.0061436
7.84176,6.3155475
0.835289,6.0001316
7.79231,13.609325
22.6165,14.821316
0.810039,6.3855305
0.0,1.40677
9.93782,8.1041565
0.0,3.9713912
1.14596,9.636692
1.05032,14.085902
0.172369,5.711353
0.0195763,4.3799367
2.29405,4.553133
1.52102,3.2704737
23.569,9.109945
0.0791029,4.963579
5.02841,5.132681
8.87697,7.2584677
0.695969,6.156884
7.79368,7.9954233
0.0289529,3.0760274
0.0657912,5.8039603
0.295629,7.923627
44.7525,38.584743
0.0,5.093545
0.0587993,5.2215776
55.489,69.462296
9.31878,9.091965
34.8431,18.174238
0.0,4.453967
65.6107,62.308033
33.0915,22.956947
4.22201,4.801191
17.7302,5.5848074
0.10815,5.8523073
6.71604,6.346805
38.012,23.68928
0.00927692,3.480194
0.0551446,2.1069713
0.830205,3.1008856
0.0,3.8705904
0.0,4.9781966
0.0,4.3181424
11.9164,6.6960325
0.0,7.425205
9.4149,7.996998
0.0377064,2.0806186
0.0,4.4996085
6.33952,6.3861365
0.0,0.541594
0.0,3.9277585
14.3224,10.128747
0.0,4.4807234
0.202952,3.3669891
3.80485,3.4023275
3.1273,4.579879
46.1337,28.19428
1.06288,7.4811344
2.61288,4.0553393
11.2695,7.254513
38.7328,27.749636
112.036,16.02689
0.02025,9.784062
3.92962,2.8469143
45.8853,35.260563
169.242,120.299545
0.0,5.88227
0.0,4.423127
0.334677,5.761506
6.58066,10.891614
5.78663,6.691348
0.944667,11.737095
1.84062,9.131944
0.0,4.5134296
49.3187,30.3948
0.412941,7.274719
25.3452,29.47941
49.3187,51.766663
26.276,27.193447
0.0,2.7569325
10.0146,10.19411
0.0,5.7795935
2.59898,2.5744245
3.92858,4.3048296
0.0,6.524763
0.0,1.9302256
0.0,6.9383802
0.0,4.4722385
21.4206,26.842176
0.0,2.6778643
21.1686,14.10544
24.0587,27.41852
0.0,5.6795597
0.535877,4.2242937
10.919,10.594255
2.15402,3.189539
68.9289,63.376972
28.1427,21.815762
201.331,154.01125
0.0,7.643862
0.0883291,3.8708692
0.0933876,0.064454556
0.0297197,1.0381631
24.8424,37.41011
0.110268,1.5185721
3.60966,5.5839014
19.4241,19.312435
0.0,1.9084693
0.0,3.7227159
4.08251,6.7761993
24.4512,7.574997
2.69787,2.7760034
0.0,2.7248325
5.73474,6.019004
31.6466,30.984417
0.257871,2.9463603
0.0,3.9127774
5.19622,8.083125
0.0,17.614166
0.0394029,1.4370635
0.258242,2.9032655
0.0,4.5963173
9.26149,12.189717
0.0855931,-2.0737865
4.82083,7.9140167
0.0,6.918953
0.0,115.738754
3.40206,3.6960802
11.0977,7.3891344
19.3786,3.743286
0.0,5.119135
1.93542,6.6064377
10.6178,8.002321
0.748854,3.274488
0.0,3.8105657
0.0712764,14.7679
30.6925,17.149527
0.0,2.5815668
0.0597723,4.2477303
12.0858,10.605146
0.138583,6.259796
36.2004,19.602564
4.74985,-3.3105133
0.0,5.525101
8.4425,9.473611
0.639668,3.14512
0.113443,8.794292
0.0,4.3095174
0.301423,5.686129
21.5036,42.316982
0.435642,0.17482662
28.0861,16.646105
0.0,8.831102
0.0,7.010598
200.795,145.92973
0.0,4.484481
0.0,4.853712
0.0,4.6796865
0.0,2.5592895
5.00993,5.703295
12.2701,12.244612
0.259251,5.5524616
24.7072,17.62572
0.0458709,0.94329953
15.4501,14.403279
0.0,4.1422825
16.3166,24.114618
23.8144,17.162645
2.83266,4.171991
0.124384,3.8914485
9.59045,5.12135
0.0,4.8446274
7.81001,8.02764
7.97993,9.167921
30.4896,31.63038
29.3384,29.815176
0.974143,11.481603
0.0,5.502169
0.0,4.392914
10.8125,6.5992966
5.0881,4.3875527
0.0,6.533946
4.32993,9.282034
0.0,4.464836
6.08398,3.7989702
0.0,4.683881
8.42896,12.029712
0.0,18.445513
5.27784,5.1177464
0.0,167.372
22.7485,36.52819
25.7553,10.001651
0.0,5.368701
0.0,8.628943
5.08513,4.643608
0.0,3.0121284
5.24507,8.303707
11.6269,9.108857
16.651,28.480305
22.9302,26.390142
0.0219642,4.959791
181.385,48.67876
19.8622,15.934616
0.599238,6.0536957
25.8108,39.677433
0.0,4.4976854
0.0,3.5431437
76.5195,104.44735
0.0633151,5.2393456
1.11784,3.1237752
16.4448,13.95968
0.0,-1.858527
0.0,4.5257483
0.0,1.9873486
7.30085,6.0115194
0.0,3.6294992
0.0,4.8179674
0.0180422,2.681048
0.051393,10.162585
14.5686,12.371225
0.0,4.2521152
0.16082,3.8193264
0.348552,5.008149
0.0,5.3263617
7.45222,16.660406
6.27915,7.553829
6.17503,5.7889423
7.22547,8.563575
0.0,4.7907424
0.0698193,1.9952145
0.0,2.8716226
38.1418,51.279877
71.0243,59.01886
7.24983,15.650315
0.0,4.2609587
0.122466,9.707882
7.7378,4.703804
4.4869,5.4283056
18.8462,6.1037693
0.0,3.0456583
0.0,12.11865
52.2404,75.8071
2.33532,8.639716
8.46153,3.9453256
0.0,3.1276112
0.0,6.694152
140.312,183.10432
14.8394,14.454043
0.17808,3.3301597
7.72727,7.9811993
0.0,4.870285
17.4509,10.411584
0.0,5.9633856
0.181888,3.4816318
36.8233,29.205269
0.0,1.7918969
0.0,9.507313
3.51608,7.3618326
0.0,4.8556643
16.2494,28.927134
0.0,4.567316
14.5293,16.429474
0.0,6.802081
0.111079,2.8428135
0.0,4.6003046
2.05356,4.364104
0.0,3.0332768
0.0,2.2569807
0.0717698,4.6822586
47.83,48.02543
449.819,422.71942
0.0,5.7981787
0.677396,2.598689
16.4448,17.83246
0.0606786,2.0283844
0.0399721,2.5843258
16.4448,15.173862
68.9289,63.56882
0.0,2.9416926
0.0,3.674434
26.1965,22.239828
21.5018,31.01789
0.0,1.457169
210.722,187.14735
1.42227,5.0023594
25.7777,22.566502
0.0,-0.72411203
0.0,46.95421
0.318302,4.6693373
1.4983,7.2659235
0.0,4.498696
8.42896,7.830961
0.0,4.809476
203.641,225.22527
0.037876,8.813899
19.4241,28.593756
10.9794,8.938599
0.0568623,2.4894958
27.6481,14.602674
0.0,5.0305233
0.0295022,7.3042927
3.12215,3.703775
5.67805,5.844034
0.0281296,3.055695
63.3801,43.20532
0.0681677,4.388977
0.476896,8.4601555
115.068,96.318695
0.0405724,2.9182866
0.0214723,3.2656384
11.8502,-1.2662227
0.0757449,2.6108406
60.3985,72.13579
3.43098,3.2084553
0.0,3.4167402
0.00997185,6.5090923
28.3844,36.119335
1.51571,1.5265176
0.0,7.0146646
1.64039,3.9341116
0.0553946,3.0550609
0.0,4.0284677
39.9207,32.94973
5.75467,6.815894
1.12501,2.9845161
1.60828,5.085764
29.0531,32.793983
2.70478,2.815442
0.0,6.600031
0.0,3.2704442
3.5795,3.7776704
0.095025,2.6859753
0.0,3.3546095
3.99422,5.7198935
8.08582,6.4312057
17.5554,35.171387
0.116934,4.6829395
13.234,12.77913
6.98566,11.415467
0.0,5.1581135
13.6665,13.458511
31.889,27.738003
0.0231969,5.9936376
37.5261,33.910404
0.0,6.209242
1.51494,11.937951
16.3663,14.611147
0.432042,4.7987247
11.9358,6.181622
0.0196105,6.6147118
12.0114,7.752117
0.0,7.128834
20.2039,14.866917
3.65862,2.4591794
0.0,3.016277
0.371522,7.05861
0.353843,8.012679
6.81054,15.351983
0.0,3.9691288
18.3866,13.154839
0.0757449,5.933249
1.08249,-2.125284
115.153,118.35671
0.234676,3.9981232
17.6053,15.180324
35.2887,12.794578
6.98313,7.5244217
0.0,5.331394
49.3187,40.157856
14.9424,15.186077
0.0,3.629384
0.0,4.292845
0.0170887,3.902657
0.0,-2.5005567
0.02025,6.524132
6.32457,6.3973584
30.1359,16.378208
0.0455233,4.1702824
0.31996,3.1947336
0.0,6.2126837
0.0548003,5.858015
1.99086,4.873831
0.0218479,3.9417503
61.8439,30.997055
13.1278,15.762294
0.0,6.26503
0.839133,5.823457
0.0829705,3.3130205
2.59898,2.761963
13.3832,10.699142
12.3578,11.741834
6.0441,5.725647
23.569,24.79693
0.0339982,3.9002404
0.0,1.1280949
0.0155563,4.2667985
0.0667464,-2.9841712
10.04,35.313618
9.36233,8.004805
10.7566,30.59715
0.00883951,2.3758764
0.0,6.6540165
9.22554,3.9954333
0.0570174,3.5477874
0.0,4.1912904
4.25643,5.4438906
17.241,26.033575
21.5036,19.459036
0.0,5.6803856
0.0661547,7.7811766
0.0,4.3333163
0.0057677,5.6488714
0.0,4.168517
0.205817,9.884014
12.2817,8.44391
4.23289,6.6734037
11.9358,12.878411
0.219357,2.9102519
82.287,60.355556
74.3385,93.61572
1.95883,5.380577
0.0,3.1381817
5.5232,9.162207
228.807,283.4691
75.8743,56.80555
0.553941,3.2962184
4.85934,2.772319
21.7949,27.878628
0.0,4.6501455
0.0425362,1.9248502
0.0,3.6062639
0.0,3.2845416
2.7153,7.5997486
29.961,12.332838
1.02611,4.226395
110.162,94.86263
46.9646,29.152157
14.8266,10.134385
4.71807,6.977436
0.0,0.5101888
0.0,8.012709
11.2641,20.643167
3.09209,4.0599384
0.175766,6.275056
0.803335,6.982667
0.0,3.2535198
0.0298953,3.66661
0.0266381,7.203861
0.259435,3.7656405
0.0,2.6170924
0.0,3.1044023
0.00671422,3.91044
2.14041,4.619275
3.2192,141.42674
0.00808029,2.7247295
8.71047,6.2730713
17.5578,19.68012
0.0,4.5180874
4.79741,4.467636
0.159222,4.6563683
4.91671,6.28228
5.78663,4.2549677
0.0,6.7306156
0.167349,2.767624
1.15144,1.7653633
0.17381,4.5404015
7.14585,6.1186295
24.732,4.084805
0.0144449,3.499929
151.923,158.8857
0.0,2.1746314
41.1222,59.47457
28.1784,21.913908
0.0174285,2.2601073
89.6832,71.39388
0.0,4.9424295
0.301719,3.6334174
0.0286426,6.6934357
1063.86,754.9105
0.0,5.202993
0.108348,4.93925
0.0995542,5.616182
3.74162,4.8002186
46.797,29.819603
0.0,4.212244
6.18583,6.76744
4.814,4.893892
2.73993,4.196344
32.8961,11.015118
0.0,3.5072415
0.0,9.1381235
0.0,5.4497495
0.0,5.8202477
1.47712,2.8137708
12.3842,6.4051704
21.9927,13.025077
0.0170887,1.5005747
0.0,2.282992
20.3765,8.168466
0.900053,8.377714
0.0,5.590899
2.59898,1.8692657
37.887,24.122799
111.689,59.57385
0.0272644,0.62373734
0.185535,5.039925
0.0,2.662354
149.594,95.60963
0.183023,5.7057867
0.0629288,2.8930895
2.30368,29.570309
0.0175958,-2.9013126
0.0929055,22.516695
0.286679,3.5565007
0.0,5.9336414
0.0546641,3.4537535
0.0,5.7761164
0.0,4.438943
0.0584078,0.9135264
6.34516,4.236207
17.8912,12.37748
21.2436,21.470022
6.50038,18.666176
13.2105,9.107782
0.0,4.841791
1.63321,8.627749
0.0,4.615452
0.0339982,3.8303223
12.2934,9.303136
0.0124682,3.6973772
13.0144,10.203237
2.72421,5.3999906
0.223302,7.599188
2.70478,2.4223895
13.3042,7.2950897
7.46963,17.2819
97.5563,93.38249
15.1536,12.701243
2.61378,3.6621692
15.5361,9.368232
26.61,34.895405
1.34405,5.4205704
13.6965,0.14771819
89.6832,58.592445
8.57879,13.896188
0.0,4.466058
17.3043,25.790522
13.3913,6.7780724
0.0022001,1.6202433
0.014349,2.7705016
0.0,4.878497
0.196355,3.4056613
0.0174459,5.7650146
0.0,7.758155
7.72727,9.071274
0.0633624,2.5452654
20.7926,15.474494
1.98213,4.0463266
0.0,5.539073
0.0493823,6.227303
28.6632,3.6894696
0.0,2.8935134
0.571642,1.208601
2.6129,6.5748672
19.4241,15.015564
0.00805205,5.4830303
21.9108,14.874445
0.05843,4.396047
0.0,4.735236
0.118923,3.27241
0.051393,6.206335
0.387361,8.034036
0.0,3.479155
8.92213,13.901612
7.74843,4.165556
0.0,3.040739
0.0,4.7489204
12.6813,16.2766
0.0,4.4815464
0.0,2.2732408
22.5227,17.657272
2.64016,5.8611145
13.233,4.863242
16.4599,17.414955
3.17315,5.846467
0.0614976,0.9930372
0.0,0.3029902
0.0,3.1005988
0.0,10.13292
0.00507226,4.4769335
0.0,8.60293
0.43826,2.6565392
21.4214,18.8422
0.0,3.1492684
0.0,3.4481056
10.8422,6.5522776
0.0130336,3.4976006
0.0,7.547039
5.39369,26.066412
54.8596,41.547535
31.889,25.745134
9.22554,11.146336
5.0881,5.2017508
0.40315,2.657197
13.6463,6.6420813
0.0,3.1673088
0.0,4.0346613
0.389651,5.0072556
0.0,5.7016363
27.6481,34.75491
0.0,4.1023293
7.93916,5.5862284
74.3385,66.84861
1.16659,22.186766
0.0,4.5252686
0.0841203,2.6692443
186.492,109.67447
0.0059639,3.6395984
0.454844,3.9705877
0.0,8.048446
0.462707,7.7486525
16.6565,48.96505
0.0846276,4.378948
0.219357,11.599784
5.89798,7.2230597
6.70987,6.470561
0.2002,4.0793943
0.633513,4.0368032
3.73777,8.462034
7.33227,11.572383
0.486084,4.1968236
11.1051,5.278397
0.0,4.318088
0.250134,4.704088
4.07356,7.0600348
0.0833102,4.4274087
1.24448,3.5218549
19.7884,24.249195
2.1598,4.038874
0.0185423,3.9066198
0.0479309,6.5104876
0.0931813,5.6523113
2.47586,3.4028268
0.0,6.411009
0.559344,5.0500555
25.4244,4.2267027
0.524087,2.453916
27.5933,12.908807
4.33664,3.2062473
0.0,3.5697708
0.0,5.511454
0.0,3.9405208
0.0,5.707594
0.0,3.5473137
0.0,4.7844486
0.0837724,3.830201
5.65579,1.1851547
160.211,73.560715
0.0,9.086446
10.7566,50.57519
0.0,6.3062596
0.0,3.466988
0.0995891,5.2574167
2.46103,4.2709384
0.127118,5.218877
0.0,3.0570507
4.66756,7.802557
0.0,4.8008785
0.774944,3.7050333
0.944481,15.227807
25.191,16.621954
0.0,2.6772637
0.0,4.0506063
72.8693,56.515614
0.310805,18.253883
0.0,5.3746586
0.0,3.4290726
0.0,5.254177
0.0,2.183785
0.00929197,4.7465177
0.205377,3.257541
0.0,5.7492228
9.34879,7.1027956
25.7777,33.344864
0.0,3.3432004
4.42726,8.572812
22.1832,8.29708
0.027453,2.9281783
20.2321,14.977152
6.74997,6.960946
0.0530535,6.6487036
22.6442,8.579493
3.84675,3.2668672
24.2314,9.160801
0.0,5.3576202
0.0,2.3997662
0.450843,4.6057963
0.051393,9.16117
2.69744,6.0619364
0.0,4.4901524
13.6965,14.585523
0.0,7.926399
0.0,4.942086
0.0,5.3669305
0.0632379,3.2643445
11.6074,4.4752054
0.0,3.6523995
4.16426,6.8341646
0.0319726,6.651168
0.0,5.2451
0.0,3.840312
0.0,5.6324987
31.5645,13.224606
53.3411,15.015152
14.2404,4.65261
9.45517,6.478836
2.91784,4.433359
0.0,2.8665376
0.0,4.246537
55.6031,65.44677
0.231526,5.536908
0.0776316,3.5562878
8.20733,13.542238
11.9358,9.995208
1.47712,4.273407
7.38977,5.8612685
10.8958,12.74884
26.8874,13.338666
0.472967,6.4901676
0.0,3.2301495
12.0011,9.769017
0.0,3.3922997
0.0,3.2193427
0.046363,6.055855
4.09223,8.177655
6.86239,10.139345
0.0,6.4215717
0.0968266,4.12738
55.8734,21.371279
10.8052,24.10404
0.200307,2.1447475
17.9208,3.3028145
41.5651,81.50218
0.425769,6.3774242
0.541685,3.6426945
0.0626684,4.9897695
8.90506,6.610277
4.70951,3.2030795
37.4822,27.197466
1.05912,7.833316
0.0,5.0631704
9.47653,4.147807
0.0,2.0764596
5.7861,7.798335
7.73854,8.947202
16.1526,8.035414
0.112592,1.1748996
0.0,2.6915421
0.64019,3.1384456
4.42593,5.921857
4.91365,7.3442907
0.0,6.7371025
0.112575,6.395115
0.0994218,4.4225187
0.0161967,0.708235
73.4655,58.36654
0.0,5.3817887
0.0186084,4.3701468
19.7949,16.806112
0.0,4.396059
0.196991,6.012846
61.7468,44.20915
0.0,4.01182
0.0,5.521412
23.0404,18.881365
8.24252,6.395198
40.0165,15.80274
5.1839,2.8583333
1.44539,5.0319
14.4278,18.575684
4.08251,6.32675
29.9396,36.736916
1.21089,3.75626
0.026868,4.38155
0.144784,3.452223
10.479,7.0051527
4.89097,3.6136396
0.0,4.904582
0.091749,3.3784366
0.317493,5.924441
0.0,10.90651
0.0,2.8776133
17.4135,11.520457
0.0384895,9.727852
22.0206,23.110933
0.0,5.2958393
39.7765,33.553783
0.0,5.384285
20.1487,16.9907
0.250164,2.481353
0.0,4.405132
0.111391,3.7130072
1.45705,4.16657
8.79761,7.4728374
0.0648115,7.428465
0.0463158,3.2860236
783.773,570.3591
18.3818,12.10932
31.848,40.45355
0.0310379,-0.061499834
12.996,17.079716
5.02155,6.8091736
0.350174,3.4066606
0.0,5.3219504
0.0,1.5538058
15.9535,51.24439
19.5991,19.12114
20.329,25.710077
113.27,164.12
0.0,4.142389
0.0,3.4606013
5.61546,6.516406
89.741,88.58327
34.3395,16.731524
0.0,6.1070385
0.0,6.27254
97.7892,56.94547
2.97301,7.926955
0.0,4.809757
12.3578,11.347722
7.52572,10.404768
0.0,5.1695127
0.0331224,2.5806885
186.208,272.6027
0.0,6.995085
38.012,36.272243
0.178423,4.305466
2.28143,30.884909
10.2463,18.23477
0.0,6.2661576
0.0,4.405115
0.0198536,1.6247656
0.0362784,4.217765
5.85859,4.4169483
0.946129,4.314929
4.95834,10.022919
0.0422013,1.0534238
15.5853,11.715046
0.0,5.903056
127.163,114.88725
3.20294,4.8026795
0.0,5.2506127
0.0,3.2704754
0.0,5.9467793
6.94009,7.775485
10.8334,7.7218246
4.45751,20.660456
0.0,4.7075644
0.0,4.371882
24.3914,21.349178
3.8263,4.0259604
0.0,-1.6682723
0.0,6.609396
7.38977,7.2236557
32.8621,38.68099
0.0879026,6.87961
0.904999,2.4973304
0.598492,6.929471
35.0216,31.250532
19.9456,23.119183
60.5572,62.690834
1.00418,7.2883043
0.0,2.1621888
11.124,5.9666424
0.0,4.2585344
6.28842,4.527626
0.435769,5.0221434
5.52068,1.413048
0.0,3.1458766
0.55095,3.7701755
0.177502,4.6310062
0.465225,3.0143676
0.0,5.4241085
0.0,-0.57286286
0.0,11.073554
0.0,3.9423487
24.3287,52.961494
8.05086,2.9766238
0.120309,7.4939957
0.0,3.5232062
5.52068,5.3781047
0.0,5.3081703
0.182939,3.0391219
0.146254,4.9652233
19.0798,19.19907
53.9364,39.83293
10.9778,11.00744
1.68959,2.9078672
14.3858,16.620712
0.0,-0.32204056
8.86629,3.2634645
8.52065,7.377162
0.0231786,6.0446906
0.0460222,22.629526
0.0,3.5722327
0.0,15.788407
5.34906,3.750927
0.239702,7.459982
11.6433,5.081873
17.5729,33.146618
0.285632,5.2169476
0.462918,5.634402
8.68537,7.972988
5.62209,6.9514484
0.0,5.608736
0.234831,6.863677
46.8588,55.153328
0.217464,4.028983
0.0491022,3.7637033
0.0,3.4182353
2.54224,2.8729968
82.7121,65.38643
19.0973,17.553703
44.8243,47.02632
1.83906,4.249063
0.0484491,5.328207
10.919,10.162992
0.275793,4.9991636
35.0486,44.265675
0.0,4.3316326
0.0,2.5670247
8.203,9.637233
3.07933,0.69240487
0.0,2.4788892
7.88268,8.762525
1.79176,8.611706
0.0,5.295209
23.029,16.952976
0.748226,4.4439707
2.62049,5.35139
15.4015,29.637865
0.0,1.1691867
0.0,4.3903403
0.0527068,7.717841
27.5933,17.133549
6.58084,7.2296057
0.0,2.5620914
0.748226,3.512262
15.842,13.659881
0.392828,2.9027958
0.0,10.2285385
34.3512,43.43337
10.1635,12.264845
7.2347,9.927053
0.0,5.1789017
0.125561,4.132202
21.1058,24.67211
0.0,4.883215
21.9546,13.829803
0.0,5.1557884
0.0,1.0735344
0.0324436,4.2673306
4.75134,1.8283715
4.74927,9.441619
0.0614197,5.4143577
0.0274204,6.3175335
0.0,7.951892
20.7403,2.5879037
10.919,8.65031
146.584,48.403473
2.54224,9.964623
0.0,3.229383
9.11898,10.939298
5.02155,4.257517
1.32176,13.048555
7.51521,8.471766
22.0206,33.022335
0.0,40.50608
0.0,5.566475
0.70041,2.9881225
0.0,0.86412704
0.0120871,1.0269132
229.09,258.65863
0.0416929,0.1477046
17.5639,18.737059
0.0,6.475688
0.314698,7.891534
16.8505,14.721903
0.0,5.8606777
4.549,10.984808
0.611819,3.0477874
0.0,3.658561
5.59568,52.18444
1.81713,2.3171039
0.655482,5.463682
19.4241,18.488516
34.3512,45.76185
14.0998,15.021467
0.0,2.936627
2.61957,6.6150045
0.0626873,3.2675362
24.8424,21.315104
0.0,2.1208224
23.3742,18.812498
6.04453,8.605816
2.28143,49.91639
0.600308,3.1299818
0.0,3.4869094
0.012238,3.5729825
3.90691,3.6759038
28.8206,29.02129
24.8603,23.768295
6.32035,5.3959675
28.9256,12.535998
38.2598,17.592419
2.05754,9.945372
0.0422013,4.5638103
0.0,4.7319293
0.0,1.4893315
0.0,3.332386
0.0,5.836917
12.0573,17.733267
0.144043,3.836648
0.0,4.3834815
0.0,3.547843
0.0198446,3.1390295
12.5119,16.132317
104.052,91.95693
0.0,6.5143194
0.0,5.443959
0.0,2.9881415
0.0059639,3.1991994
0.232937,2.666604
0.0,6.0298386
63.3518,30.207834
0.0,4.394186
1.61219,5.891782
5.34906,2.9738016
0.0,2.6710942
0.0289597,6.9712763
35.6741,42.527836
1.37625,4.176704
526.834,250.24721
0.0,3.8225565
0.0,4.9750404
66.0095,32.63082
71.0243,48.684536
0.150147,31.971828
3.84675,3.2205331
11.9314,7.785536
10.2172,5.785672
13.5086,17.407803
0.0,7.2029314
0.0,4.3691163
2.24531,6.6243362
0.0209403,5.434393
0.205377,3.0415418
0.97247,5.336563
0.0,3.3818462
11.5176,5.7485256
86.3551,79.08335
0.0999777,3.9449134
0.100648,3.3243036
0.0,9.656666
0.0,5.650469
0.0244278,1.6813138
0.0,4.7658978
11.6433,4.965333
21.2796,20.664104
4.90962,6.8799286
0.0,4.6172805
0.0,3.3141718
0.0,6.6655407
36.9073,70.82456
6.38248,16.206062
0.378827,5.2394953
19.3857,58.987152
42.3658,39.718742
0.0,5.2071466
0.0,2.8165412
0.0,5.2953653
6.66568,6.3474245
0.026868,4.1525564
0.0,10.411375
5.38437,7.4117336
28.8634,14.562355
77.4792,55.186806
23.569,21.835398
69.8534,28.268291
0.0,9.434988
27.6598,40.782185
0.0,4.640272
0.0488522,3.282063
33.3482,6.0054255
2.22872,5.1431046
3.74162,5.9373713
0.0,3.0784466
12.4882,5.339287
0.0,5.3766007
10.7792,7.0847673
0.883129,8.506732
2.25526,6.0161324
1.40205,5.4619226
5.38459,7.841009
0.0,6.4042807
1167.97,915.08093
18.7132,17.510502
0.0995542,1.0232368
7.95659,8.398452
0.0,5.4047136
42.7882,40.56308
0.0,4.7833977
5.6241,6.812852
7.98703,7.5097303
30.6646,28.73949
0.0,3.209756
0.0156562,3.3554025
0.0505051,5.3315516
0.0,-0.60805607
0.534143,3.952993
1672.53,444.37247
11.89,4.593657
2.47032,4.5032377
2.09327,3.9936094
27.6481,12.743767
3.10278,3.0689392
0.31313,5.3630705
0.0776316,3.2805257
0.0,5.8945136
0.157398,8.374545
12.011,16.41597
0.0,6.886957
30.0409,24.273485
2.26397,17.166943
3.93496,6.1935635
106.723,12.662226
1.89258,3.8843546
0.128932,7.9778385
4.15016,7.22058
0.160392,3.1620965
2.85747,5.770591
21.5605,11.041884
0.0,4.1101437
49.2648,38.624466
1.03969,3.8647099
28.4392,26.059202
0.0,4.0771213
0.0,6.004032
0.0,3.729436
1.77667,4.997035
0.518748,8.882515
56.1216,53.390186
0.152073,5.1969986
0.458218,4.0101295
17.383,39.633694
0.0,1.353556
14.4858,23.019737
0.196792,3.5656435
0.076132,8.29944
3.95929,7.4547462
0.0145336,1.3533565
0.0,3.6831765
49.2648,51.878983
0.0,4.591237
7.38004,5.350342
3.77359,3.4409122
17.5005,10.989364
0.0,5.412779
0.0,2.027785
5.6552,7.677804
1.41237,4.1925173
0.0,4.6040263
1.20083,1.6922457
38.8106,15.990436
0.0,7.4263706
520.227,3.1855385
0.0,8.015799
0.0397683,4.1777506
8.51378,12.272691
0.0,8.492347
2.66118,4.961847
0.0,3.5477595
0.893494,4.086206
14.5686,13.200623
8.72191,8.964465
4.88125,9.123212
8.54891,6.9717617
0.0,4.406141
0.0,2.4017289
0.0,4.3693066
8.7493,13.464169
0.128067,6.8995466
0.0,7.8529587
0.0303929,2.6764905
41.5662,24.146427
0.0833102,6.083256
15.8554,7.816271
9.26149,6.630556
1.26098,3.8070705
8.74897,5.1265106
2.24119,2.4518154
0.19443,1.4044179
0.0,3.6613398
13.003,22.550566
4.3179,7.4802237
8.51827,7.8206882
11.1381,15.53775
0.808567,7.7106237
0.383809,6.2256327
0.583336,7.898404
0.0,4.0215683
9.4149,11.549195
0.0,9.537989
176.437,146.22832
0.143909,5.406221
7.14585,9.024277
3.24636,7.362097
0.0,5.0577917
0.0,3.5151024
0.0394029,-5.46834
7.08421,5.045803
0.0,-1.5223699
0.556871,3.3188896
28.8826,22.953547
4.28886,2.8952558
0.0,7.92087
67.7821,86.18277
21.4206,20.61706
0.0,3.9837465
0.22883,0.83916974
0.051393,8.757229
6.25124,16.921831
53.0483,41.970497
0.0127622,2.7156632
0.0,3.2394407
3.6501,10.7550535
0.0,5.834913
0.0,4.6774855
14.6375,23.35093
12.3578,18.892183
0.0,6.6551533
7.90835,7.7668447
0.0,3.8487341
0.682235,4.9392753
0.0,5.8375072
0.0,5.6252637
0.224466,3.6713457
0.0399908,5.718295
0.0,6.075327
7.77056,8.230155
11.0785,10.549232
12.3578,10.736762
0.0,5.116597
23.5343,9.82387
0.0,5.5373855
17.9208,8.461816
0.0,4.1962585
22.5521,17.638874
0.0712764,6.259547
0.0,7.4991884
5.25782,5.9046154
0.388986,3.289661
0.0,6.297843
0.207724,2.9940841
0.0,2.5642095
0.368738,5.5296803
13.6937,13.115499
45.9377,28.873167
8.86263,10.591414
2.66615,6.143515
0.0352722,3.6026769
0.0,-1.2741339
0.0220383,3.7604322
0.0,4.8832483
2.35894,3.4585917
2.81891,4.4041214
0.75264,4.9758663
41.5746,71.04309
120.835,120.95237
0.150153,6.3113155
0.0285757,3.162273
229.09,362.12433
0.0,5.610588
0.0,4.4830637
0.038988,17.000345
2.18458,3.294627
0.251833,2.8119957
2.33532,3.4464278
25.6866,17.06352
10.6178,21.282555
0.0,3.6486506
0.530209,0.96745825
14.6851,4.039136
16.4448,10.091621
25.8992,21.512024
0.530209,4.1478677
0.0,8.109659
0.0,6.0479054
0.0,5.782856
0.0,5.781248
0.0394029,5.105917
1.65003,0.52608323
2.87073,6.956852
26.6666,24.952686
49.2648,44.44859
32.9917,14.728923
0.0,6.5006227
0.0,3.1945581
0.0,6.2279463
0.0365421,7.757736
0.0,5.855937
0.0,4.2862024
4.74464,3.304287
5.97234,7.5314245
0.169266,1.7952524
0.0,3.004271
0.0,4.1561894
34.0699,26.318129
397.601,219.5905
0.0156715,5.2512445
5.73474,6.8327074
0.346506,6.4518986
2.42329,9.714667
0.0,4.4521103
4.48371,2.324807
7.67191,3.4811497
13.0901,33.549767
0.0,4.007175
0.110268,2.2518563
257.44,92.05707
12.8443,14.284916
15.5309,10.865467
32.9177,29.917534
2.49685,165.21378
46.6668,36.988716
0.0,4.701949
0.0,3.9904854
37.4974,30.03242
0.173196,8.584541
8.30447,5.2763996
0.0,3.4146762
10.8169,4.8345013
32.9177,41.087395
0.0,6.7820663
0.0,3.637323
7.7056,9.26264
1.24542,3.2222126
0.0,6.2473917
47.4039,46.143955
11.5933,13.116169
0.0463064,4.892799
0.0,6.2676425
0.816466,26.379356
15.6064,14.765011
0.0,8.010067
0.0,4.708478
0.647028,16.121664
0.0,3.164487
0.0,3.4247856
6.97012,8.512438
4.37095,6.2241793
4.52907,4.145062
0.0,4.7768755
16.4978,13.623544
0.346506,5.7278314
0.620975,4.1760297
0.230602,5.36129
0.0,8.199951
3.21711,7.784688
0.0,6.778448
0.0,3.2511833
0.00636721,7.1853952
0.0,7.7164288
0.0,5.358823
0.0,5.5914917
0.0498663,3.12562
0.0,-2.2231033
0.0,8.07659
0.0,6.6109953
0.524165,11.882293
1.15144,6.189003
0.0,6.184934
2.17957,3.737762
0.0,5.894958
0.0,5.342632
44.8243,37.16808
0.0,3.5830016
67.7254,76.43603
0.139076,3.0434344
0.0,5.607058
8.51378,8.519408
0.0,3.6470647
27.1264,19.021284
0.0,8.1950655
0.0193864,0.07941532
6.6637,6.730834
0.0335812,2.3861775
7.96072,17.363777
0.0755944,3.6927361
0.0,3.5339088
0.0,7.3564186
0.0,2.5630863
2.90771,5.306118
11.6495,5.886425
0.0,4.0922923
0.0,5.319871
0.0194534,4.0002503
14.801,3.9305592
0.0,5.4177732
8.26712,6.3831644
0.458218,1.5780051
0.0552115,28.714346
2.0161,4.806555
9.95179,11.218846
0.797986,6.3533916
0.0,4.4976635
0.0,7.6509237
5.97234,5.779525
2.24424,3.891458
13.3634,20.790121
0.0,4.975876
1160.7,416.54932
0.530209,2.3874388
0.0,6.0107064
0.0,7.719386
0.0,5.8550115
0.130261,-0.57818484
0.0244278,6.0510836
112.357,25.730715
56.1358,28.385302
28.1538,22.373104
29.1625,37.52879
0.0,3.599362
2.32627,7.8993216
1.26871,9.040178
0.0,4.8100386
2.85292,6.3004627
0.0,4.551041
0.169266,5.590082
0.0645255,6.4635124
1.21027,4.216704
2.37603,6.7475376
0.348908,4.000621
0.715985,4.433653
3.42239,5.70226
0.0,4.50152
4.01142,2.651219
0.0132778,3.8038397
8.16661,8.481777
2.31526,4.5562124
0.0778997,3.2854376
0.0,2.6798117
0.0,3.4366975
13.8431,14.373098
6.3398,8.942823
2.85747,3.5230198
0.0179047,5.8625407
0.047893,5.447948
0.0,18.686647
0.0154467,0.6369711
1.61219,4.1279774
0.228174,10.3855295
13.0144,3.8408406
67.7821,53.570045
24.0913,21.88739
6.32027,6.5962076
0.0,4.8789835
1.00624,4.897663
27.4184,24.047647
0.937009,3.135659
21.1136,12.438759
0.0,2.3468342
21.587,12.182866
9.61983,10.964151
0.0,5.0874634
0.506143,6.5083246
0.0,6.7636213
4.57112,6.3897653
39.4874,41.90401
7.63516,15.417148
619.796,210.21841
0.200307,3.6156244
4.54029,6.905038
0.0,12.467713
13.3234,21.490757
26.1972,25.68862
14.5233,13.8945465
0.307996,9.616246
3.43723,12.446659
0.0,6.087147
237.319,256.8143
0.0,3.4346576
33.6491,31.698172
0.156659,0.30512333
0.0,3.596209
0.0,3.4857826
0.125719,3.3957202
0.194605,8.44782
6.81054,7.359668
140.312,186.12303
31.889,40.12664
16.4448,13.747566
37.5398,14.022791
2.26045,-2.39089
0.0,3.967732
3.84675,4.5487423
0.0,3.542836
30.2705,52.23062
22.0206,15.790383
284.399,400.1909
0.00824332,4.5220985
1.13373,0.67034423
7.67293,217.75189
12.8303,52.77242
44.9703,17.481028
0.0437111,4.7242856
2.49685,143.82399
0.0926075,4.752464
34.9726,37.1586
0.0,5.3623085
0.0,3.8633442
18.189,18.925268
14.8266,10.754142
38.012,36.594387
55.562,31.18943
158.364,80.060135
4.91671,6.546275
0.604248,5.32995
194.251,135.05592
0.0344196,1.8798778
0.0,5.38801
0.0,3.741679
5.75467,5.56042
0.443035,7.3498907
44.4403,92.75142
15.6109,48.564415
3.93245,7.584261
14.5324,12.66341
0.527433,3.0889213
9.56222,9.787756
0.111391,2.9043727
17.0383,13.9599905
4.2222,6.7569113
12.8677,11.661567
77.0235,116.09132
0.218525,2.7542558
0.0,8.78082
0.93952,2.6598964
54.8596,35.97481
0.0,5.0448008
89.6832,83.011536
49.2648,65.82559
17.6053,24.328714
0.0815587,5.180558
5.16592,6.4947977
254.401,197.15279
34.5456,39.339565
0.0,5.8686514
0.0,2.4624183
0.0227304,3.3043585
0.0,6.5740232
0.0357039,6.516782
0.0816582,4.2957144
127.163,67.404724
18.9655,14.342857
0.365214,4.845088
5.52068,4.79272
11.3093,12.003275
24.5835,12.7009535
0.208997,14.8063
0.0455585,5.6646686
5.52068,7.674305
0.504247,0.8043659
0.103805,6.4022846
10.2115,15.771284
35.4536,78.11363
0.0,3.2359703
0.0943616,4.4680667
47.5839,19.339247
2.24119,8.178005
0.0,4.054758
10.9533,13.131112
35.0216,47.605816
0.345062,4.6182156
4.42681,9.298385
15.0328,28.128134
27.2008,29.165413
25.6865,38.872993
14.6375,9.865364
149.594,143.08868
0.0,6.115711
6.73375,18.949545
0.687225,6.632865
12.6916,12.200985
9.56915,10.657284
0.0,7.191799
6.40439,5.4610405
0.441539,6.6592426
0.535877,10.387777
0.969841,4.110963
27.8998,20.844154
0.0,7.482705
0.0,3.3563566
115.406,175.58083
10.4622,6.5568743
0.0,2.8784091
4.0341,2.7208145
12.5166,6.3897266
0.506249,4.7709894
0.0,7.112505
12.4505,9.415995
0.0,4.2612143
0.891171,44.62451
30.7407,29.563389
0.0,3.768321
9.19978,5.911425
0.0,5.3331766
0.285904,3.7038746
16.2904,29.241474
53.0483,37.801807
1.70576,3.6364212
21.5036,26.87165
0.695473,1.1762524
8.76368,17.10757
0.0328706,3.5630732
22.8405,6.0852485
10.1646,7.3649693
19.1612,28.368692
0.00883951,5.218139
12.2701,19.17421
2.33652,17.301394
15.4015,26.41139
11.6972,10.733143
6.2082,6.444893
228.807,183.31598
1.9025,5.168953
0.0,6.277281
45.9039,29.182314
12.0519,6.0542183
49.2648,63.600456
0.0236764,3.3602877
2.76486,3.5671363
0.0,7.12306
0.0,4.663204
0.0,6.8206406
16.4448,9.741372
1.83498,8.7319565
13.8451,18.267637
5.1564,4.482954
0.0,5.4680567
0.0,2.7188444
0.0,3.4434056
11.2831,12.242525
952.601,728.6942
0.614049,5.542101
2.59898,4.100398
0.0,4.9878273
0.0,4.7479973
1.55944,6.387125
162.718,72.51854
0.0,6.5307474
0.0,6.035084
0.0,5.491066
0.0,1.0866437
0.156903,6.1459656
0.0,2.3385196
3.40454,4.596257
0.0,7.1132374
0.0336431,5.1605225
0.0,4.105956
0.0,-0.9734223
0.0951988,2.0043507
0.0,2.9376547
0.0,2.8060668
0.0,2.9812584
0.0,3.133199
0.237729,5.8327465
0.0,3.4257798
142.414,82.20178
43.29,39.102142
13.8431,17.059633
5.87009,5.212899
0.0,2.780918
0.249089,5.7127156
0.0,3.7748394
0.0,6.248536
1.4546,5.552332
174.296,164.82013
21.5146,12.28027
0.0,7.5630465
0.00805205,3.1234636
0.0,6.9033356
0.0,5.175692
89.6832,70.84874
9.40349,23.264256
0.123116,4.973201
1.7788,6.999398
0.0,9.291396
101.15,93.801254
1.02182,4.6277533
0.882717,4.6978683
0.121235,17.084951
2.67477,6.420229
11.1964,7.0748196
4.41998,6.2423363
0.0,7.4981794
0.0,4.922415
8.57879,8.69782
0.0,3.1466887
8.13341,6.515954
9.99881,18.576595
30.096,15.544906
3.54183,5.5435266
0.0323811,2.8117347
0.0126119,3.3144093
0.0435377,3.9532886
0.0,4.4291134
0.271501,7.307763
0.26522,5.9056244
4.88149,8.895901
9.33991,8.469441
0.0840411,3.4974504
11.3911,7.675082
0.222726,62.416763
0.0,4.881731
0.0,5.0236416
67.7821,58.198006
0.317763,3.962268
86.3551,87.91392
0.0146036,3.3353992
0.0,2.837079
0.647028,30.333012
0.0171991,4.739377
45.2152,29.143019
7.72727,6.3849525
0.0,4.477562
0.0,2.8389664
0.0744665,5.612485
10.1609,9.968063
0.0446926,6.364891
13.6965,15.734387
1.81658,5.4923325
5.54419,6.6176205
13.4059,9.872668
4.61178,8.613666
0.0,3.5423632
0.457822,4.021997
24.3026,12.220413
0.173498,5.4246564
0.45884,4.4607735
2.61378,8.450805
12.766,14.697018
2.91784,1.9606279
0.488137,2.2274477
0.0274204,3.2131863
0.0,4.1213217
0.123299,6.112857
0.116093,4.775547
32.6296,75.52197
75.4016,107.40522
11.9358,6.7546797
0.0,7.7812386
4.22479,2.9510422
0.0,3.8770146
38.21,10.565752
0.392164,6.7534065
0.0,4.378891
22.6165,22.845503
7.09776,5.808319
0.374611,3.6153302
0.0169662,1.0590733
0.0656227,2.2361958
3.08732,10.921855
2.59898,3.863619
58.6287,60.871986
0.0227304,3.9423032
1.42782,4.4335995
0.504247,4.0142426
0.0,2.530031
0.0244278,2.5789495
6.86443,3.0186834
0.0,5.719946
19.7884,18.60895
0.0,4.9295263
14.6555,6.702976
18.9824,7.985733
2.2598,5.54909
0.0,4.088271
3.85496,5.6919184
138.915,91.6958
7.0598,392.41556
18.3279,10.922203
17.5005,23.519077
0.0,23.586796
0.0240347,5.3236465
3.45172,5.4120417
0.0,6.2577505
3.68977,3.7721853
26.4945,18.97835
0.808567,4.7463984
4.70951,5.3339167
41.4786,29.889874
0.0,4.473592
135.592,82.66307
2.29405,3.0482697
0.0626873,3.8686206
13.3526,12.283006
0.0,6.1010227
9.97059,10.295274
0.0,3.1292658
4.4131,15.347468
14.4625,0.69846165
0.0138797,4.802345
0.99531,5.219845
5.78663,2.063016
30.6925,41.087788
0.0,4.844411
19.9113,17.299112
71.8546,39.059067
8.52643,40.127525
49.6649,38.62021
5.09901,6.10763
3.7262,5.4766116
0.0,11.939093
1.01876,2.878455
0.0367091,3.4946918
0.0,5.2223854
9.91484,4.1387076
2.38815,7.4841843
26.1965,20.851759
0.0,3.1477022
1.66338,3.1272972
0.0,2.7238853
0.0,7.638323
0.0105764,3.1512516
0.0,3.3004096
22.8405,12.3660755
4.54892,4.6984453
0.125719,3.644619
3.73044,4.4907336
135.592,164.41292
0.056907,4.1192064
0.075198,5.5806713
140.312,90.30869
0.601586,4.7283344
28.1784,30.523289
0.0,4.6978774
9.77187,7.7579947
0.0,2.218225
76.9566,94.09692
0.0,3.2362275
17.4759,7.8985987
0.0,3.493133
7.18911,5.8749466
98.0394,50.137314
0.0,3.8004289
5.59409,9.837824
2.88541,21.66939
7.93361,6.4598246
10.1753,6.731621
14.6483,12.412495
0.0,4.875883
0.745703,1.6764963
2.08579,4.637659
4.54498,4.364716
2.4657,5.237401
2.42329,3.9574082
23.569,11.166856
19.0535,10.216439
29.3384,16.038076
3.31365,3.213757
0.075898,8.831063
0.0,-0.29294872
23.3664,21.449768
5.39411,3.7345982
9.82064,4.574477
0.0,18.141281
3.81813,1.0048616
17.4759,13.355782
0.0,4.5313025
15.2823,12.257657
0.0,7.191984
0.0,1.8520348
0.0,3.1224117
3.42239,4.3544755
0.0,5.3043365
0.0,2.3912356
3.62445,1.5558732
0.0,7.4772043
1.79479,13.381681
2.73993,3.8424177
0.0,3.749949
0.0,1.5343883
0.0,3.0721426
0.0,2.2109046
9.54167,64.73032
4.59627,12.974257
2.02248,3.9312525
0.0,5.850791
0.0,3.448573
0.0527068,4.6842866
11.3264,12.358382
0.0,6.3998814
98.2978,88.10063
16.5966,14.549642
27.3319,4.0796165
10.5139,5.2270517
0.0,6.9680433
0.0,4.334439
0.0744665,5.5718255
0.536926,-2.0365036
0.0503724,4.9086757
0.0,0.94531846
6.30304,8.090957
0.94857,4.2392054
12.9819,10.832806
0.0,6.3782244
0.339008,6.9484644
49.3187,38.518734
0.0,4.964394
0.0,3.4135454
0.0,4.64079
69.2914,23.897861
0.0,6.5585756
0.0,3.3707447
0.0465395,8.185667
0.0482736,5.093268
0.0,3.6385663
0.0785749,7.926955
0.0,-0.9559362
16.1453,28.146078
21.2267,27.332033
5.8166,4.720969
7.85233,8.714381
0.0,2.7986858
33.978,50.048073
4.44392,5.876278
9.51941,10.416567
16.4448,3.0784721
0.0,6.5069523
0.0,4.5681114
0.679415,2.0277867
0.0,0.58851707
0.0718349,8.706248
0.0,4.32946
77.5204,63.944965
0.0,4.4608727
12.011,12.229582
10.3419,5.791894
28.2973,6.992565
6.33662,5.1355286
4.82808,11.267709
0.0274204,4.5688925
0.0,2.316609
8.65445,9.584035
5.1564,4.0665865
43.2699,43.782608
1.93037,3.7368183
0.0573953,2.9079335
11.5871,26.871748
0.0,7.0272655
1.22844,2.9415917
12.6332,14.181297
96.6188,56.036865
0.0,0.55885005
0.134373,3.005322
60.3985,41.066628
17.5554,70.99981
22.8231,20.398613
293.299,102.69599
0.0,3.2793283
0.496241,4.947912
2.89538,7.8283167
0.0,2.1560662
0.534861,8.993297
13.2476,16.25094
0.0137685,8.21362
11.104,10.520813
0.0,4.7570014
0.0263379,4.430134
0.0,0.022940874
0.0254356,6.624077
0.169072,6.9266014
0.0,5.4697876
11.0104,12.988127
1.09135,6.4252186
37.437,26.274393
0.0134073,3.1660426
0.0,1.8633609
0.432429,4.423344
0.0,2.7121696
29.4806,29.190031
86.3551,70.66501
0.0,4.377911
0.0159109,5.862055
0.0733279,5.880016
0.0,4.6065555
0.0,4.208291
0.0,5.559169
0.0,5.2968254
0.0,4.448803
2.62587,10.722035
0.0263074,5.9429264
0.0,4.4964814
0.0443065,5.3526597
4.92908,5.3813133
0.576761,5.6796474
0.0,6.402855
40.1571,5.803692
1.34405,5.1245003
1.69518,4.321925
3.9033,3.5565362
54.8613,62.325443
5.20467,6.9375877
26.1965,17.98905
0.0484491,2.3439887
23.348,45.026062
0.0,4.2144613
0.0,4.909694
1.85386,6.89275
29.0844,36.15107
2.60487,5.9935327
0.0,3.7524128
76.9977,116.85968
7.03849,6.0407763
0.45884,3.716841
8.06948,7.7874384
28.3842,25.511328
10.5788,12.187764
82.423,53.812664
77.3501,53.730053
1.98644,10.781732
3.02366,6.3726387
1.47732,8.785854
8.90259,8.82632
7.13458,3.161153
1.9817,2.5730999
0.0,5.6251345
16.0374,18.698706
31.7616,70.53569
60.3985,69.515495
137.364,123.12175
89.6832,96.13903
0.611819,7.3966017
0.0,5.3297396
0.109324,2.9841287
0.511387,11.30742
2.62438,3.5435057
0.0,3.6051848
0.0219642,8.584389
12.0457,13.70472
22.7051,45.31798
0.172827,7.0906315
0.116267,8.3185425
28.5578,32.486034
23.0079,20.029057
6.71538,8.601339
115.716,44.19554
6.41804,38.984684
56.992,88.33637
0.0,5.0248604
74.3385,81.50793
0.0,5.8649883
0.0,8.902918
5.34906,4.4766064
2.1426,9.93942
52.7444,4.068891
2.08758,4.216193
0.0290253,3.348698
48.1054,17.498775
131.87,144.14885
36.5915,52.43834
0.337974,-0.40947223
27.7688,43.950577
0.272102,5.196333
0.227111,6.08357
0.0483223,5.1519794
7.05387,5.0041075
4.16084,0.8369614
0.025486,3.8036032
9.18705,5.3813295
0.394956,8.545213
0.0608233,6.0823326
0.28881,4.1973686
0.0,3.6599634
0.0,3.4634192
0.0,4.6522913
0.0615141,4.776717
8.30396,4.621476
23.6752,11.546238
1.07637,6.2198105
0.0,3.9344723
0.0620864,2.5951402
0.0419033,5.863735
0.0285757,2.9382017
8.96842,22.880512
93.0901,62.690876
17.2556,13.846149
1.68002,2.2874403
10.4322,10.362977
39.0673,45.990486
0.0,7.2514296
0.775302,3.4707565
0.0,3.2449079
5.02273,3.6590362
0.0,2.5931196
6.84908,4.6528273
0.0,6.926467
23.3742,13.2935
0.0,3.8441224
0.430817,4.9205885
0.23815,4.7417297
0.0,7.1167326
0.556268,1.5010917
0.0,4.0534945
0.0,6.502925
0.0,2.6302278
8.49454,6.533621
0.168847,6.543065
8.43844,16.077627
0.0632379,4.5176373
72.5005,40.92404
0.0,2.0576358
0.0,3.5338626
12.9609,16.440128
125.046,82.023155
4.17273,6.3171477
9.47991,7.7712975
0.0,4.53236
0.0,4.782056
0.0,2.5870998
11.3911,9.421943
1.98381,4.271813
135.592,134.86018
26.1892,12.055162
0.0,5.4740343
0.0,2.7250066
5.50462,3.9031382
0.0274204,6.064324
0.0159444,3.33114
14.6375,10.614484
0.0,4.524002
0.0388675,6.1969543
0.0,21.16266
0.106071,3.2533855
5.62778,10.560047
1.7845,3.5153856
0.0,1.9455168
0.0,5.2477694
1.77507,7.230009
3.55067,5.1876183
0.559344,3.6856105
16.9918,10.259183
46.1337,39.623444
6.87925,45.58847
1.45222,3.9508789
7.56531,3.8177242
89.6832,54.893475
48.5601,53.060406
15.2572,21.110939
61.6673,20.622147
2.88108,4.4622498
0.0,2.163056
0.0357724,4.843773
0.0,79.198074
0.0,4.419836
0.1488,3.6201637
5.46322,5.439697
13.791,8.543597
9.8197,10.591403
0.0,4.3050117
0.0231005,5.220516
1.45705,4.1721063
13.4782,5.130085
0.523155,3.5312777
0.0377064,2.2428274
0.0506783,5.7106924
0.0,4.460677
0.0626873,3.3040361
0.0,13.628352
9.86249,10.0957155
0.144043,4.072363
19.8674,6.7117805
0.339008,3.9244933
0.0,1.322394
0.0,-1.181808
0.0,29.310436
0.0,-0.70833945
0.624098,12.317952
6.58066,5.6705794
0.344931,4.497119
0.0,1.6714318
49.2648,43.04347
12.3736,11.741162
14.0484,11.192033
1.13347,2.3117912
27.4685,17.799458
0.0,3.8527043
77.0513,46.718708
0.0,2.2136436
0.414388,8.501147
11.6074,9.925263
27.5158,16.283867
0.0,6.913678
5.38804,5.0899773
3.62055,6.915101
23.8144,14.899242
0.101224,5.238125
48.5601,18.085472
0.0,5.673519
0.0,7.0464973
2.30452,2.4640925
0.0,0.5474187
18.7132,14.503109
0.0,3.6549568
2.73993,3.9720817
4.03327,4.631981
0.0324436,8.033496
12.5696,14.828872
29.4994,22.42329
131.913,92.44178
0.0198227,2.9990275
0.0,3.9872575
11.7182,3.1734972
29.7447,20.57635
0.0,3.1245775
0.0,1.3721303
26.6879,26.865982
60.3985,42.219643
8.21892,7.376542
0.0611009,4.0089426
2.26397,24.760363
0.0,6.425062
141.193,91.22945
0.0,2.9164793
3.62445,6.132786
2.02248,2.2502255
0.16082,5.673546
209.235,247.21165
0.0365124,6.799943
4.28139,6.251347
110.84,105.063446
0.0,5.0494595
0.207724,3.0213363
12.4414,21.039223
16.2922,6.671179
14.8348,9.111736
36.5411,23.351353
0.0,5.980851
0.620975,4.925616
48.8198,32.163315
0.0,3.700254
20.3065,13.298017
28.7411,18.374477
0.0,8.427472
2.09635,-1.6101043
13.2473,4.392812
0.356705,3.7403784
0.0,11.009952
14.0284,8.790424
6.54572,6.3696356
0.744356,5.9507995
0.01066,3.485455
1.41237,2.5121624
0.923393,3.1044178
41.4786,25.500591
7.15625,9.943813
63.6629,26.772442
0.0,4.997197
8.4627,6.6246557
12.4882,10.378702
0.0212344,3.9117234
0.0,112.82622
0.0,2.721211
0.0,6.626626
0.0,5.395132
0.0,4.44464
135.8,19.793667
0.494796,10.263043
13.9333,17.820698
0.232056,4.5967827
0.0,4.2066307
7.51263,15.910838
0.145035,6.019055
0.0,5.067201
0.0074001,6.9406414
0.153703,4.5040784
28.1138,7.977001
0.0213581,4.1026125
0.0757828,4.749279
0.0347552,4.9109173
0.02025,5.3477845
31.7616,47.655647
0.183654,21.405985
19.633,21.661161
25.161,18.328241
0.0,5.2711515
8.28284,11.973948
0.0,4.054131
2.61378,8.306647
0.0,4.3037834
0.0,1.7897818
0.0,4.301099
0.0,3.056827
32.2663,41.369755
3.52212,8.918971
4.33664,4.4627514
0.0841026,3.8774154
0.0,0.6750177
0.0,4.6194787
12.8303,65.492714
12.5219,6.7623415
0.0,7.558401
0.128932,5.5352335
15.036,14.400666
71.0243,75.01066
0.0,0.61794305
29.3431,21.15381
0.0,3.6748497
19.5035,8.839814
45.1028,60.314697
32.3352,34.250618
3.1273,4.622339
0.0,4.4021945
0.0129563,3.0561242
0.0,4.4783354
5.78663,5.9600754
15.8554,11.543492
3.32871,4.590804
10.5353,8.359466
0.0846942,18.44327
0.0,4.6782947
0.134779,3.237911
10.6428,17.501526
37.8767,62.356503
0.0,2.0515385
2.08647,4.019217
0.214822,23.326376
17.3394,25.638088
6.34757,8.878521
0.123251,10.830752
0.0722253,4.8263607
0.0105662,3.250288
0.0,8.341394
0.123353,6.144554
1.4546,4.0505342
0.671246,3.8003612
0.0,3.8834224
0.0,5.2943716
24.8885,16.340748
0.0,4.443491
20.3765,5.321512
9.66222,805.83307
8.80649,8.008939
49.3187,52.951725
38.7644,44.055595
801.127,558.7272
0.02025,5.4954906
0.403338,2.9865599
0.0284012,4.0569153
0.0711397,8.228637
4.52728,9.762062
17.865,9.347159
38.3628,35.540813
20.7139,15.467587
1.02096,4.349539
0.027453,3.3355932
73.3151,74.927216
0.0,4.552267
1.91627,7.7291336
0.186621,2.621731
0.0,4.041217
0.13219,6.2075357
0.0186832,5.5762806
6.68511,7.6459217
12.0132,14.263801
9.31878,7.1387167
9.45517,9.9520035
0.0,9.221658
0.0,4.3600616
1.75124,7.8244877
12.0457,10.729297
0.0,3.0949256
15.9439,10.829771
4.4869,5.939424
26.9829,21.734516
0.807879,5.3763714
0.0224556,3.1251245
54.3977,39.107166
0.431208,14.874491
0.0,3.5033662
0.0,1.6669621
96.6188,79.17042
0.0,5.5748367
0.516681,4.3783736
0.0372031,2.176234
2.8566,11.779858
0.0,2.062958
26.2865,29.351007
0.0734416,-0.22096133
5.87878,6.5071144
5.52068,3.4508448
2.23442,17.635082
0.42647,5.312424
0.0,1.1329691
2.19578,8.193947
0.0895789,4.549881
0.0,5.4509616
52.0819,58.669617
0.0,6.527396
0.134373,2.4715548
0.831891,7.6432877
9.4149,4.371355
0.0,4.9405494
11.5735,7.4704466
0.0,5.2623644
15.893,10.988678
90.1931,64.06573
6.22231,-0.45449138
4.252,3.6840758
1.56199,4.4644995
0.0768075,3.7246819
0.741945,2.9351244
13.9082,8.591095
0.0506756,2.4738271
0.0,5.193856
0.0,5.3010087
0.182946,10.218914
20.7608,12.0803585
0.0,5.260685
14.1322,7.877699
0.0,2.182668
0.0,1.3648558
53.2938,72.43532
146.584,91.16769
0.0,4.0189447
0.0355344,4.7622375
0.0,5.928275
7.92071,10.776918
1.99981,4.992518
0.126268,8.964758
22.6966,17.245348
5.85685,6.217542
25.3641,15.351548
0.0,4.5417743
0.192111,3.6012526
4.85934,2.9781322
4.39634,4.248764
85.2341,85.87984
5.00993,3.681893
0.0,16.288954
0.0,2.7414117
0.550254,8.432317
49.8476,55.68894
0.518322,1.8763983
0.900053,4.0616384
66.0095,32.47014
0.0,5.64957
0.0,3.2391448
0.0,4.1870255
0.0,4.291084
13.5482,11.839588
0.0,4.2759976
0.0,3.7065215
3.97178,5.8694696
0.0,5.7477865
1.687,5.5883493
9.47172,6.058489
0.66808,4.0614185
43.1164,49.51794
0.14122,4.2724113
73.3896,30.307344
0.0,4.8176394
0.0,0.24973392
31.889,20.871347
1.06105,7.0444202
11.5248,7.4730597
0.0,6.569436
51.3322,45.64925
45.9377,33.902462
23.2156,39.576714
0.0,6.295025
13.6965,8.678349
73.4181,57.479004
10.5706,20.230684
0.0,5.368865
2.15317,4.2409945
8.74888,14.9044285
11.3618,5.359536
0.348336,3.5922499
0.0,3.652647
0.396267,4.3872137
38.704,42.078285
0.438031,15.376979
5.38749,4.2444267
21.6391,16.190943
1.43546,4.0540943
16.4599,22.443148
3.43098,5.998541
0.0,5.434273
0.0,6.596101
0.966778,5.957053
0.0443425,25.695705
15.4771,14.64399
16.4811,26.112713
6.18238,5.8867006
0.0646905,4.065235
7.39603,7.2860937
0.0,4.547842
0.0,3.233448
6.17229,13.9185915
19.3196,10.774085
2.56689,3.7122786
0.052162,3.3655903
0.0164124,2.9821823
30.7407,25.875969
0.0,5.1522126
23.569,33.364834
0.167075,5.9416647
9.31295,5.6507654
0.0716554,6.917159
0.0757449,1.8874662
0.0753823,3.783581
9.29667,7.7113504
9.03346,8.149457
7.13458,10.02109
0.0,3.2558138
0.234036,3.1825957
0.0,4.706418
0.0,3.6163492
3.02303,8.594427
0.0,8.88772
0.0,3.956945
0.177502,2.6750531
20.9074,14.144754
10.04,14.435993
21.1192,13.821231
34.7113,7.986059
0.0,3.8835368
0.16748,3.5071008
0.0,5.3996835
142.452,98.96283
0.0852943,4.5244102
5.65579,5.411582
18.6472,25.336878
25.5367,23.75547
5.39411,9.440881
0.0496673,5.8264904
0.099321,10.360998
47.8693,10.748942
0.0672372,4.0690947
9.4149,7.311966
619.796,133.07294
0.0,4.5936637
26.1965,37.515392
0.0,5.826771
0.610725,6.904359
0.0,-1.2097511
0.0117422,6.4001675
0.0,9.370667
3.64787,5.849
1.06308,5.7387347
0.117244,4.527032
0.0,1.9390521
2.91906,19.794512
0.0,6.7186604
0.0,6.74432
0.0,7.6099806
0.128949,3.9066944
8.36759,12.038195
0.0130336,2.1151247
5.67805,4.1524005
7.03976,4.1899557
1.67315,5.034508
85.6316,12.002409
14.0855,9.9965315
60.8617,57.792747
0.0576456,2.4987204
0.0,-1.8855841
0.0,5.4889603
2.81657,3.921333
0.199732,3.582942
0.0,3.3107479
0.0,3.120788
0.0,1.775003
24.7151,44.51888
6.70987,6.0404606
5.97234,14.282591
0.0,4.500491
4.21751,5.770648
18.9464,8.287581
0.0349513,6.5542526
19.1377,5.1919575
86.9453,85.00109
0.0,3.1051724
0.0,4.7662344
0.0492502,5.6433644
11.9358,18.438993
48.6022,49.8154
7.94747,13.512806
28.5725,29.679916
0.0426157,5.4798784
0.0,4.473389
8.75659,5.5295706
0.0,4.267097
48.3711,27.656298
0.0487963,5.9146366
9.31878,11.9288225
4.85574,7.047206
0.0,6.26742
27.9333,51.229313
21.4696,23.230656
20.1323,8.484288
9.22554,5.568552
0.0,3.7116163
2.21092,8.292581
0.0,4.491152
44.3593,49.978745
0.0530535,4.6864133
0.0,3.854784
6.94088,5.079776
0.14193,2.3511932
11.5285,10.398371
0.0,5.2012453
0.0,3.8777528
0.0,21.302618
11.9358,4.4420023
0.0,4.8075995
4.64645,6.2461443
0.272837,7.102563
0.0,2.6826177
7.64598,7.4865637
0.0643209,4.227041
0.24865,2.7044578
0.0,5.466401
0.0251359,3.9822385
0.0,4.970253
9.59899,7.738696
36.3421,25.265926
2.53132,3.5860415
19.6408,13.984354
9.93582,9.227858
11.6433,6.3087025
39.8546,10.695868
0.0,6.7238283
7.13458,7.0574036
10.5992,10.0961485
0.0,3.0390444
9.68664,9.983961
0.0,1.6053824
32.9917,32.305027
0.0,3.6790714
0.0,2.7891588
26.276,11.833084
0.275986,5.4301577
16.3663,10.685577
0.189405,4.3677793
0.0,3.56954
0.67179,7.119233
0.0,7.723031
0.0549566,3.6996763
19.7884,7.2612686
0.0,3.0018957
1.61069,4.6385717
14.5572,12.632843
2.93396,5.7637386
19.9821,30.663519
0.848572,3.4989328
66.0182,42.641045
74.3385,66.36015
0.0,4.808648
0.921524,3.7065995
2.18458,3.1054797
0.0,14.606838
6.49102,6.52182
12.3578,13.796179
0.0,1.1953039
0.232056,5.0223913
0.0,2.6633105
0.0489275,63.659912
0.938995,3.8198936
2.36926,11.639636
0.0,11.064299
0.0,12.149726
20.9772,28.582623
0.0755083,9.663049
0.0,4.768093
4.70495,6.2062263
13.9068,23.730742
72.2247,71.52935
4.67639,8.236263
0.0,4.6968365
1.65003,3.8657374
0.0,5.941977
75.0053,48.025673
0.87434,4.6456003
26.1206,12.928325
9.59899,7.5153513
1.50108,2.896382
0.506804,3.355965
18.3279,15.967058
0.0566787,3.6412323
0.0912077,2.9008727
0.0,4.826944
2.9242,6.9117746
38.6802,22.489265
0.095025,3.3138363
2.47586,4.803486
7.34953,13.056876
6.22231,10.222011
25.3389,29.729847
55.8569,30.44998
0.0,16.362946
0.0,8.165584
77.0053,61.824432
0.0,2.7447357
16.4925,39.304626
34.3512,23.337734
19.8769,24.928501
13.0285,9.511324
11.2831,9.058389
18.6701,20.401014
23.8569,40.369553
24.1123,10.7584915
27.79,7.042385
0.0,3.9757605
0.0,0.8106954
6.05792,4.484011
8.58346,9.040597
0.0173851,5.173377
0.154268,4.942507
18.2965,15.964674
0.0265841,2.86882
67.8708,4.623507
0.0105662,4.220652
0.0,7.181861
11.7977,16.94636
0.0,4.4205036
0.15761,3.582811
9.4149,7.1062965
78.91,54.197487
0.0603654,5.5426083
21.3463,19.711443
2.61288,3.8854976
21.5605,14.9033985
10.0081,5.1775594
0.0,7.3026905
0.0,4.771648
16.0206,8.510719
0.0,6.378753
14.6294,14.542271
41.3248,32.7109
0.0493872,5.4324646
7.0451,15.480906
6.3446,3.6340806
0.814287,25.766003
0.0,3.7751474
73.5802,48.79389
0.530209,3.7193222
28.0426,16.103722
0.101064,-4.0615063
0.0,-0.08963418
38.0233,29.188328
7.67293,92.944725
0.0503724,3.3353422
2.05356,3.8384056
0.0,2.9997864
40.4184,43.97826
0.0,5.260252
22.0206,22.796606
22.4149,44.794273
0.037566,4.359231
0.0,6.064848
0.218858,5.726869
6.46963,5.1637473
0.291343,2.8784664
13.3312,18.983788
0.0,5.42163
13.1349,19.187073
11.3911,12.853075
0.0551446,0.6384429
0.0,5.2189417
0.0,6.3910685
0.058586,6.7098827
10.5139,15.221848
1.12501,2.8417299
0.0,5.8670797
0.0,7.0198116
228.807,246.28
0.0,5.839233
0.0,4.940116
0.0799573,3.9101036
91.3848,105.929924
0.026868,4.305978
0.0,3.1567028
0.0,4.8371344
0.0,3.9092488
2.72421,6.4210835
4.39014,5.0704203
0.0,3.7065253
2.29405,2.8913054
0.0,3.6433282
16.2717,14.475018
0.0,3.7225993
0.0,4.041133
46.9265,35.247692
0.0,8.357328
0.0104638,4.7134323
2.93529,4.067368
128.484,113.11844
0.0,5.098661
0.0,6.4067764
0.0,4.2862363
10.5121,4.8594036
0.0995542,1.8409851
26.4945,27.97998
0.117062,2.4710107
38.0254,40.22064
1.16746,4.0379877
0.0,8.609249
0.0,7.567731
57.9345,45.762268
0.0,3.2694252
0.465037,3.9360974
18.2979,10.616842
0.0361536,0.71561384
10.3826,18.096552
8.18569,7.5930443
1.3246,3.99819
0.0,-0.22135544
13.2992,2.2158334
21.9267,9.811253
25.633,27.47892
6.91163,15.715816
0.0167446,2.9348073
7.80756,4.9702115
0.839133,4.641408
0.108294,4.4992476
0.0978433,5.225982
1.09382,21.044367
0.00684528,5.3664284
0.0263781,5.6434727
0.0,6.3465395
0.0,4.9821415
0.0,4.17978
0.37654,13.397262
11.3911,14.077712
7.75207,18.359787
0.0,7.3599243
89.6832,65.55827
0.0,6.930685
0.535877,13.011272
5.78663,5.279865
33.357,14.452531
0.0349237,4.743641
11.8602,12.211869
0.0,5.385599
9.51941,8.551394
0.0,6.1825986
13.6708,15.9644985
0.0,5.960826
0.0,5.6448393
8.49454,4.810684
0.0,3.0478187
0.0,0.7624713
6.28107,5.4216375
25.2808,12.062596
0.0261254,4.8864107
0.0,9.765157
0.155339,15.67831
0.453997,7.883033
0.0,4.1991177
8.13618,5.7587333
21.9108,18.380583
0.0,4.884093
0.144603,5.3358474
293.299,56.697502
6.32027,10.230849
0.0324436,8.284433
11.9358,8.508739
0.0,2.2657619
14.7658,5.1801033
0.0,3.430272
0.0,4.2936916
0.0,6.423668
1.28297,6.5302677
0.051393,3.3410392
0.121235,13.658217
0.0,2.631888
10.2142,3.0088115
7.44957,5.566599
4.74985,6.277064
0.32082,3.7437577
16.0812,7.5478735
10.6428,13.703494
0.0,5.134756
22.9901,14.867268
15.9439,10.75047
0.0,3.7703834
0.0,4.855275
23.6853,28.423088
31.889,10.7076025
58.9342,43.930622
0.0,3.4149656
0.443035,5.843625
0.0538863,3.07797
0.0,3.130803
1.53261,3.123085
0.938995,4.158718
0.0,18.6584
12.3317,12.712237
0.483763,6.864462
0.0,4.669158
0.0,4.2986736
22.4628,16.562983
15.6106,9.282077
0.0,4.194028
0.0,2.4218514
0.0587597,4.0565767
0.0,2.5324402
0.0,5.3099713
3.0284,3.9075246
5.33864,5.622758
0.280465,3.8658314
6.18238,7.5516396
8.90259,12.92241
0.0,-0.9466982
0.0,2.3138552
0.266531,3.806946
2.46095,4.430982
0.0146291,3.8573592
0.0,4.854369
0.231134,1.8067087
8.16969,7.6260357
1.14478,1.9919982
0.0,7.5725117
50.4777,39.959187
38.3952,24.495508
1.17427,17.345678
10.4993,16.642733
0.183023,-6.403243
0.0,2.6118586
4.37095,5.50943
1105.96,284.15704
0.130512,1.852177
5.50462,11.908695
0.0934376,5.338989
183.352,135.69778
5.30152,9.95354
7.93361,6.691599
0.0183421,2.1313033
6.10457,-7.1188726
0.0856053,4.055874
0.0,4.2604494
39.6997,7.015811
0.0153961,1.3379833
74.4531,39.040257
24.7117,23.216629
27.4069,21.494404
0.571642,2.2424474
0.0,5.987468
0.0,4.179082
0.0556715,8.202631
4.51348,4.470545
11.1964,6.032485
26.5832,10.632913
5.14796,13.954202
0.0254098,4.496105
35.6083,51.31415
1.55944,2.7583542
79.1213,25.824497
10.479,12.246441
1.56805,11.115944
2.02329,7.0094385
0.0,6.280406
1.10099,3.2925138
18.0396,14.819008
0.0,3.5947986
0.0,2.8466473
0.535937,5.60089
10.0685,6.584835
0.299788,7.629671
0.0358075,4.6933403
36.8233,32.6129
0.0,2.2226093
0.0213089,3.4500196
3.08239,10.345519
9.59899,5.3676157
0.0,14.291203
0.900053,8.901892
3.34944,8.590939
0.0219642,5.7296047
7.87027,2.9358487
0.0,4.779996
97.9946,66.18976
0.0166691,3.5765338
0.0170318,6.4330482
0.0,3.6827495
0.0,4.1983776
177.36,137.74187
0.0,6.884921
2.39605,4.9523005
6.56271,7.3969784
73.4181,101.269585
1.79176,15.24173
0.0340256,3.6313095
0.0,4.2199163
26.3139,49.465034
119.268,4.4336147
0.0,7.9095125
11.3911,10.267502
169.019,83.14205
146.296,107.12475
16.4448,9.818829
6.74107,7.452627
0.0254356,5.319096
933.7,153.83495
0.0,3.5568595
0.0,2.6684558
0.0276413,4.3707232
1.45222,9.988112
1.34825,3.0086212
0.0,3.405199
0.0,3.5089037
44.0342,4.7661743
0.0,5.712307
7.94367,8.6082115
0.0,4.311594
0.0,2.483596
8.51798,11.747171
12.5119,18.932972
115.609,17.99937
1.73772,5.1487207
75.4154,37.716232
0.0,7.562763
22.2482,30.936583
8.74577,5.735425
0.0,4.441045
0.336721,2.1509392
0.0160634,1.4193149
0.0535501,5.7341766
10.8169,8.073131
19.3196,12.513252
0.0,3.3836331
0.0,3.5724392
0.493416,4.340953
9.93582,11.419722
0.0,8.471999
0.488137,6.7138166
1.47732,6.0843687
0.0,4.1031594
0.0,6.718405
0.0169662,8.578137
9.97059,7.0769176
0.0,23.332869
0.0,4.7480707
0.127069,13.917521
1.02618,11.553057
0.128932,5.793124
10.0159,11.572724
0.0626457,4.514322
1310.38,1020.9585
0.0,5.5305843
0.0,6.220562
13.191,7.9876537
0.0,0.71036005
0.0,4.7725086
92.2528,81.58661
25.191,10.669263
0.774944,5.302096
0.0,5.2754335
0.523155,3.9896128
6.32027,5.8167696
3.39969,6.593096
0.0,3.9924865
5.52068,5.8118124
0.144904,3.8139195
3.33781,7.483489
0.0,5.1857157
2.02652,2.3449762
0.0,9.083293
0.0,5.111944
0.0737387,13.355606
16.7626,22.188768
0.0531188,8.173702
98.1325,142.75319
15.0893,7.4647427
0.0,1.6216874
3.7883,2.033576
14.4586,9.804249
11.6114,8.734976
0.0,3.5341263
0.0,3.0055878
0.0640644,1.7098061
89.6832,54.826427
0.0,2.8146713
0.0,4.5905046
5.03248,4.00828
0.0672431,4.4020853
8.44341,3.9832745
0.0335382,3.3840044
25.8108,48.66632
0.0,4.546712
5.20518,5.8363934
65.6935,75.34888
0.0,3.4935021
0.0,3.0869508
0.530209,1.5486947
22.0206,14.410229
8.14611,4.9195094
1.15376,17.228073
8.87697,6.3775053
95.5694,53.014854
0.0194959,4.2250304
38.704,71.24508
14.1798,12.980103
0.0,1.7977622
0.0,8.627517
0.0,4.566192
0.041684,1.0221955
3.44443,3.0200229
0.0344196,1.4355391
1063.86,799.69714
29.3097,24.09513
3.41305,11.11985
0.0126654,10.845654
7.29843,9.266551
0.411317,3.3194335
7.28997,6.9909163
8.02989,12.264469
18.8462,14.066808
40.1683,20.775803
12.3155,5.089594
0.0776316,2.5904484
6.08989,9.969841
6.18583,9.348111
0.0911935,3.1185808
0.428143,8.791875
7.64859,8.565677
0.203133,7.1068907
26.2081,28.63113
10.5992,10.626088
67.7779,69.032074
9.54167,60.4615
0.0,5.624708
8.24252,7.900839
12.4324,23.936453
0.116339,3.8367116
0.0,5.9107237
0.0,4.639875
18.7678,29.573132
2.89723,7.1111755
0.00596473,3.3275716
0.0,1.6975999
0.0,4.514575
86.3551,47.74028
8.74577,5.2662144
0.68252,8.94739
105.821,111.7747
0.0414775,2.7195206
0.0,3.4496539
0.951578,4.1116
29.1625,28.904226
40.5102,38.352093
0.0,2.73237
0.0,7.004242
30.2328,4.781273
0.0,3.3336616
0.0,16.380226
1.61215,10.428545
114.343,98.72702
1.28215,3.4005153
1571.01,777.50037
0.0175659,2.8134751
0.0,5.900459
0.0548003,4.2324615
0.0,3.6513424
0.0,4.1209536
40.1571,9.292263
1.84162,5.955984
12.4639,3.7566264
0.0256454,5.275102
4.06813,8.948085
23.5057,13.555997
0.0,4.5758133
0.223302,3.7154865
18.189,19.69537
0.0,6.5213566
47.556,16.0901
0.0,3.2017984
0.314487,1.8246294
27.0553,16.572592
0.0,4.603306
18.8605,26.227507
0.0,4.031644
0.0,3.4469087
0.868541,50.120224
0.931928,7.2793474
0.0,2.243699
16.2353,16.380783
0.0183687,5.0922775
0.782975,1.5613412
0.0,5.095478
23.7218,15.686779
4.68651,5.3953786
0.0,2.8471205
1.00982,5.6862974
68.9289,55.592064
0.0,3.525183
3.92962,4.29793
21.3271,5.130454
0.0,6.907963
3.02328,6.2066426
0.0,4.541125
0.0,4.817855
0.0,3.2960672
0.0973958,4.740838
4.89209,4.805609
16.9725,17.494638
1220.51,2069.4932
0.665929,3.6209884
619.796,127.825195
0.0,5.1568775
2.67564,7.224909
16.2922,3.6053162
0.281248,4.874441
0.0,4.940862
4.60872,8.905853
0.0,7.155056
0.586897,19.723625
34.0732,31.985634
68.9289,61.28837
14.0998,20.613722
12.9128,9.220429
315.706,340.42877
0.0,4.1442776
13.3117,3.6008039
1.03622,1.9579378
0.0261254,3.7914653
8.73149,4.4849644
71.264,107.4215
0.149628,-3.8746336
0.0200258,5.220838
13.6364,16.230934
2.49262,6.713215
10.4332,10.148098
0.0,5.8940997
0.041632,4.607154
0.541685,4.361789
2.59898,5.2576475
4.40566,9.808357
1.5047,5.4248934
0.0,0.21201038
0.143577,4.0985856
0.0,1.7501564
0.132861,4.8038597
0.0,4.6140337
20.5605,23.261965
0.0113768,5.4063864
0.216443,6.033821
0.695897,3.4740796
26.8252,18.095913
0.0744665,5.8304462
8.4425,7.205282
0.126268,4.155579
0.0,4.3562055
8.48308,6.8794756
0.0170318,6.0070543
0.0,11.660983
0.0,2.9919076
0.0,3.3603685
0.0,5.6442404
4.88432,5.947401
0.00887042,3.8605738
0.506815,3.1095996
19.3857,54.710808
25.6244,22.147062
0.0,4.413947
0.0,8.343618
0.0,8.375468
0.0493823,3.6908002
15.4015,9.178955
0.010742,0.92003846
0.0,5.8447037
0.51474,7.6696854
2.48673,5.976409
0.0755944,2.1769872
0.0604672,2.7563183
0.0,3.8604608
0.0119841,3.7538369
183.183,301.21564
1.34405,8.256899
5.69653,4.129777
4.6034,3.5721095
13.0362,26.668915
5.43533,4.8076
0.0,4.8096066
0.336721,-2.0507586
1.29524,4.896888
0.0,6.4674025
7.92102,5.665653
0.0,4.597027
0.339606,8.027152
0.0,3.2400646
0.0184641,-0.32549906
23.9789,8.027677
10.1375,4.236021
0.0,8.045735
0.0497915,5.017335
0.0,6.6665382
0.0,6.0513515
2.12334,5.7055674
89.6832,62.97794
58.1102,22.330992
19.3196,10.652304
0.0,1.9008332
0.0,4.1398554
0.051393,4.78864
7.90152,8.79144
18.7733,16.042616
0.0,4.8648014
0.0,3.9317584
0.0,2.5498068
1.59871,3.5776029
0.0,0.10996795
0.0,3.7239509
0.0326644,10.851781
14.298,7.5494156
7.44731,4.062168
0.0261254,4.843187
0.0,4.0774617
7.93361,6.871526
27.2235,54.635647
0.019213,5.2233434
2.15402,4.499379
0.32105,4.9858537
0.0796739,4.674298
0.0,3.919464
0.303486,5.1665087
0.0,4.4614944
0.0,2.3938625
0.0215975,5.5800877
8.49633,13.801346
1.00982,3.9117098
146.641,34.62019
5.29286,8.762559
2.48554,2.6500134
0.0377064,2.9463181
16.6565,18.141832
0.172357,2.5752566
23.5057,20.279383
36.9143,41.04872
0.601586,3.6663737
0.0,5.084642
0.0,4.454789
19.6408,9.211962
2.91784,6.547312
10.8127,10.837663
0.0,3.3172197
7.28997,5.279834
45.5749,72.30356
0.0289529,4.9306192
0.0,3.482867
3.42946,5.833276
17.0709,6.1175613
80.0908,68.83288
0.0215975,4.8552704
1.52524,4.9706697
0.0227304,0.4229387
0.0,7.6826315
0.0,4.316134
1.57112,4.6974072
28.3842,34.448475
1.84609,5.672509
26.0752,19.850264
11.925,11.396461
0.0283879,3.0658517
0.02025,0.83243704
0.734031,6.721179
0.639668,-1.0992217
22.4149,39.660828
9.72921,15.346698
0.0,5.1838427
45.4518,49.831936
12.2934,17.462893
8.76341,5.4555373
8.90259,10.003908
0.423962,2.032731
13.8689,19.010283
0.0,7.0917044
3.07596,4.2893257
6.34757,2.936812
0.0,3.327383
4.4869,4.082552
0.722218,38.30673
0.0,7.05424
0.0,5.53631
12.4505,11.474916
23.1255,28.041935
8.60295,9.854137
8.49633,9.184599
1.06559,4.1120977
0.0,3.079351
0.0,2.2320287
31.889,33.135036
2.92734,3.8801212
0.0220235,-0.2096312
0.132486,3.9461584
21.4877,10.234119
0.0,4.4116745
0.0,3.739615
0.0,4.7640233
18.2872,12.925986
4.9864,8.541194
0.0,1.3973495
69.2914,39.819275
7.55296,5.485484
13.3042,4.836027
7.81563,5.0914598
6.07532,4.5036554
0.0155102,11.194497
0.144784,2.1306756
0.0,8.388643
22.0206,26.067219
29.6076,48.289093
12.3578,7.5220785
12.1992,14.8289585
74.4531,39.826073
18.8462,26.58724
12.4639,5.3757744
12.3816,22.6878
0.0,8.312378
0.0,5.7012796
3.42239,7.6690702
25.1238,60.01282
0.205377,-1.172581
0.0,6.703904
0.0,1.888171
8.44341,5.2943006
3.84675,3.3257012
0.700818,1.4193413
18.2872,4.090076
5.19642,6.004445
29.2068,13.338743
0.0,7.285819
0.0,6.4849863
6.78202,8.52939
1672.53,1066.3003
0.0370426,3.393683
0.0,2.6805325
49.3187,64.71953
0.0,2.2018623
3.42239,0.88641405
8.60295,13.334993
3.42946,3.20292
6.28008,2.9637654
0.0289529,7.393299
1.80628,12.222647
0.277327,2.586388
0.0,5.088315
7.18879,8.899165
0.0,5.5216913
10.6428,12.386472
2.62049,3.3104455
0.00964872,4.7381935
0.564268,3.0444837
0.229345,5.6117344
0.0,4.4663973
0.0,11.537211
0.145731,5.9518213
0.0479309,4.148608
0.0,4.6769667
0.0194222,3.5899882
19.3857,20.795328
33.978,17.92307
68.9289,51.576324
5.10486,6.761921
1.05358,8.602555
0.0367926,2.1697516
1.38841,4.8697367
0.0,6.050357
18.7897,16.12416
31.889,21.268688
0.0,5.02873
0.318302,6.7101755
2.02652,2.952321
0.0,7.7817745
6.61661,6.58342
12.0114,28.126375
0.0,5.581195
0.220335,36.413834
0.182939,9.875998
0.0538038,3.517262
0.430817,2.3158038
12.1678,7.80272
0.0,2.1676893
1.5047,4.720621
1310.38,1763.04
0.0244278,3.0843837
0.0,3.3458273
24.6134,22.822138
0.0,3.1171331
1.58275,4.8764696
0.958575,4.7277
0.0,4.851847
39.4271,46.529255
20.3765,3.3036523
0.0826892,0.4669373
14.1155,10.0831785
0.0,4.507477
4.61967,4.321581
0.0324436,3.1451185
0.0196829,4.0994883
14.0998,9.343366
0.0,8.361699
2.97333,8.132593
8.48658,9.066332
0.0906917,4.1103773
0.0,3.7558758
0.0936892,33.951912
47.6788,24.077467
15.348,8.550412
11.0931,8.16606
0.0377064,1.0724455
86.3551,77.381966
0.0,6.7638464
6.86239,3.9679785
5.75256,6.9986525
0.839133,4.3407974
0.222996,4.2353272
0.0558912,4.0730586
3.80485,5.241737
11.9358,14.200192
0.0843443,7.652796
28.9225,26.016634
11.0146,6.6355906
0.0,7.858594
15.7273,8.376529
11.7182,3.329339
0.0,6.684559
0.0,3.7190623
0.0619426,4.226173
5.25133,15.817346
0.0,8.499431
0.0,5.8668985
0.0464147,4.278891
1.18369,1.2689834
0.0,3.6626296
15.475,10.168925
13.1318,8.621972
0.0352722,3.1182702
8.46153,8.189207
0.0115644,3.248985
0.496241,4.6148086
0.0665799,3.0900464
0.138583,6.9747314
4.26189,5.887168
0.0,3.9709702
13.2992,19.375523
96.6188,43.071236
0.161331,4.6101427
7.89165,5.201096
0.0230133,4.1038327
0.0,7.9578648
5.39411,5.5264707
1.00998,7.664137
0.0,2.7757432
0.0,5.200261
0.0995542,6.862896
0.0,4.7224607
0.921524,-0.44661617
5.52068,5.2815332
5.46058,7.813919
0.206417,6.5612135
0.0357039,4.985545
0.0687819,4.0881863
41.4786,35.85249
0.0,4.073944
5.54419,8.484447
0.0,4.0468254
72.0507,76.38818
10.5992,9.453189
0.0445317,7.7207994
0.0,4.40812
3.20182,3.025155
0.269489,4.3386445
10.2142,5.966596
8.98008,8.229487
0.0,5.1772203
19.4241,21.000084
0.0,3.9984407
0.0298017,6.4038506
26.8874,14.281747
0.0209461,2.1404285
0.0,2.4279394
0.0,2.4765422
16.075,13.3481455
74.3385,51.03397
2.38472,5.116017
41.0052,43.225983
0.0,2.965022
0.0,6.1847506
6.10661,7.248867
35.9072,41.248707
10.2132,25.937153
0.0,3.6532192
50.6105,30.828873
0.0,1.7116725
9.40205,6.993495
0.985317,2.9867635
4.7978,6.6427326
0.0,4.2515206
12.3122,8.417027
0.0,7.263957
6.77438,5.8421974
0.0285757,3.4120615
7.28997,6.571947
0.127783,8.687374
0.0,9.264986
0.109324,3.7167902
0.0,7.9729824
0.0415193,6.200096
63.3414,13.012426
2.0945,2.8360176
6.04753,21.667334
12.5184,8.70077
0.432042,3.9587564
0.0100148,2.6246312
16.4925,13.259931
0.467425,8.063434
6.32027,9.742772
0.0417242,6.2988644
0.131985,4.1918736
35.9072,19.67324
0.345062,2.7885199
0.0152311,3.515458
0.0,2.4993114
0.0,1.5066755
0.0365124,4.154769
238.224,285.20352
0.550381,-0.54277706
0.550818,7.748225
0.0208603,-1.3199825
0.0,6.7916965
0.0,5.2325006
0.16748,8.267866
4.26666,6.0020256
86.3551,144.09244
0.690993,7.487297
0.0,3.6513004
92.2528,66.994774
0.0,2.5310857
46.8588,29.83468
0.115535,4.871237
3.8263,1.8886389
18.2335,15.351426
19.4245,12.743999
14.2453,24.119822
0.222829,2.1632571
0.102471,3.8042922
0.0483081,5.279608
29.1174,30.712635
0.948007,4.418769
0.0,5.947155
8.67667,17.651037
1.04654,3.1741776
0.0165863,4.1598816
0.288447,2.9351737
1.59871,6.0974326
4.97182,5.6468925
0.728503,5.577921
22.7498,11.7865925
31.889,16.853085
46.5779,45.063404
0.0,8.925474
0.0,3.4750295
0.0,3.7981808
6.32027,4.458012
15.1906,12.332796
0.0,4.23469
0.567755,11.294232
5.64259,10.361632
0.0519969,3.9080653
46.1544,48.689896
9.4149,5.5534697
0.0349655,3.3024752
46.4994,31.806915
23.7004,16.295368
11.3212,20.828312
0.966317,23.150036
0.0,2.3790464
6.89648,6.5829268
0.0,3.738843
10.2232,26.454458
0.0,3.5574403
0.062008,6.0535407
0.0256987,6.474971
12.3317,22.741783
0.0,9.925959
0.0,3.519202
6.93851,6.8841963
0.00692642,5.3193893
9.21146,9.949109
3.62445,5.5288086
2.47586,3.2476559
1174.89,940.1253
23.0829,10.84902
0.0,3.8468542
0.0,3.6965837
3.25462,6.7254066
12.9887,11.098379
0.0,12.576635
7.42519,5.782979
1.07012,5.2261176
0.0541491,6.5337524
0.0554498,3.8508208
0.0,5.490613
0.0,-1.4969878
50.0059,50.24305
0.0,4.632526
12.5126,25.203293
41.4786,36.09881
0.0,4.182442
2.48554,5.3453836
0.0,2.1957397
0.0,5.057337
2117.69,2523.4268
0.183023,7.848036
0.5478,3.2521996
22.6165,34.638348
0.0,3.7909813
0.0,1.1966511
0.0,5.6392407
0.93392,9.569137
0.0,5.128931
0.0,4.197951
0.158667,15.52225
0.041684,2.7140305
0.450843,4.204142
0.0317417,2.3696322
0.0186084,4.684618
0.318196,5.322441
7.95512,14.147665
8.31828,12.647971
5.39411,8.7703285
0.964534,3.0556202
6.67038,10.954779
75.4154,39.12133
6.7752,7.7345953
0.0281296,3.7304013
3.96503,9.558627
3.77784,8.456668
1.02305,6.2895136
0.160502,8.862903
7.93361,6.2945237
0.231134,3.4251218
3.38186,4.6591473
18.836,18.444704
10.3538,7.920582
11.7575,7.0857277
18.058,11.222063
4.54608,3.471074
0.0,5.851631
0.732176,2.8476493
8.80444,6.7049446
13.3117,13.102366
0.0,4.425536
11.4922,7.371828
48.918,46.013004
1.23326,3.703424
1.84609,2.4615092
19.787,20.653221
32.9818,34.63914
2.35076,4.5195456
5.62854,7.8449287
0.0220421,4.2701654
41.5746,32.236214
97.7892,122.43202
9.21146,19.041792
47.6788,10.780427
74.3385,47.731228
0.0,4.02697
0.0416413,3.2460291
1.79644,14.541735
0.0,4.9562902
0.0,3.2391815
6.17527,9.483548
7.64859,12.065507
6.74064,5.1923122
8.54891,8.520959
5.57806,0.091327906
0.0,9.464564
26.7938,21.0317
26.2397,42.95288
0.0,2.2478461
7.88359,10.908222
127.197,34.48972
0.0,7.459959
0.183247,2.739914
0.0,4.4179754
0.0,8.871562
0.0,5.8343353
1.6711,10.268259
0.0143126,6.7628536
13.1349,13.677469
0.339197,5.720848
0.835289,4.038508
125.046,149.67381
0.0,5.32765
0.0412964,5.2781115
1.41941,20.000914
32.6081,19.522598
11.0104,11.449393
2.95128,5.060806
0.0,4.808565
4.52196,4.9417324
1.20083,7.1756706
0.0,4.5577106
4.39554,1.7347932
0.0,2.4075541
11.613,19.12976
4.70951,3.4078004
6.84802,6.8367195
2.7544,4.833187
0.377013,6.035223
0.75264,3.374591
0.368738,3.2359765
36.1941,47.423912
10.8422,10.991505
0.0465449,5.41575
1.93666,3.9673371
0.408642,4.226297
4.76267,4.413973
3.20272,5.4935203
0.0,4.9376063
0.182946,14.978086
12.3842,6.1321554
7.10394,9.040175
2.11887,2.4717004
9.42356,10.286915
0.033392,2.6606407
3.567,4.616613
0.0,5.2699275
13.3221,42.41142
0.0,5.3730307
20.2291,19.05933
2.26397,31.305077
0.323139,9.750226
0.0,5.0374694
0.129493,4.3010197
31.4853,16.810154
16.0989,21.387913
0.024293,2.4389617
18.7132,28.271166
17.1126,13.474752
0.0,101.94365
0.0,0.64688313
12.0457,19.296896
4.82083,6.9964933
0.734085,5.855563
4.64645,5.414137
14.3878,8.126318
0.0233739,5.594284
27.4069,9.04074
0.041278,3.1881127
21.2297,13.40624
0.0170318,3.6701336
32.6551,18.869032
0.0,2.47659
397.601,129.70218
0.494796,9.348123
0.0407019,5.4215593
11.0134,8.725036
36.9073,27.363892
0.430176,6.2887316
0.465225,3.332788
2.15402,3.6511712
26.9829,49.41489
0.250793,3.8388124
0.0484491,1.6037016
23.3344,16.193693
21.0123,16.692738
0.0,6.829179
10.6233,10.093447
2.77634,4.1786184
0.008561,1.611181
7.75207,10.773156
9.80838,13.667541
6.84908,7.540619
0.0,4.2645044
0.041684,1.2894747
0.0126779,1.2556136
14.0807,24.231213
0.0,-2.328657
5.61546,7.4660845
0.0,3.3926818
0.0,4.914427
0.0,4.957863
0.246802,5.393359
60.3985,58.136795
0.553444,3.5151763
28.7013,15.310952
67.7772,43.859886
0.130971,6.328926
0.620975,3.5337281
7.63668,27.928291
0.0,4.4799223
5.59568,51.820698
0.402087,3.2986825
2.20574,5.284128
58.1945,80.43133
0.102832,3.5880113
4.25521,37.717865
1.03622,4.314814
0.0,3.727436
10.4322,8.4307995
0.711576,3.757986
0.149472,9.547725
115.153,85.30082
0.0,3.2307987
25.1162,84.938576
0.0,0.22669196
127.163,131.31352
0.0,4.0969777
135.592,136.67874
5.64921,8.522498
0.0362016,3.6388085
0.0,10.175342
0.217464,2.5425785
0.0782584,4.8168144
0.0,6.474021
0.222726,69.16951
10.4821,7.9776
0.19891,2.498473
3.04248,8.4393215
4.74464,5.4930954
18.9655,25.863592
0.0,6.3896074
0.0950896,13.461544
18.8538,29.259626
1.32176,7.5144787
7.25514,5.8713093
0.0,2.2770576
0.177502,3.7027564
0.047583,17.561045
0.0372422,8.773082
53.1485,49.959496
0.0156715,4.7926188
0.0115695,1.0421503
0.0,1.7269735
0.0187414,2.0091155
0.0,2.6976576
12.7752,17.212563
0.0,3.9696357
18.3279,9.287725
16.1532,2.2252238
2.02652,3.753714
32.3762,14.616857
0.0,5.598648
0.298491,4.9955063
2.56798,4.5540814
258.84,83.09308
8.51378,6.9130754
3.93245,13.726773
0.0,2.1946821
0.0,4.7359357
0.0,5.0260067
0.0195521,3.247799
10.5207,6.898904
200.795,250.97917
45.9377,31.76834
0.0,1.6277649
9.44222,6.9671755
70.6236,47.837883
9.98324,11.614639
0.0,7.7529173
0.0,2.8239183
5.64967,7.262556
0.048364,5.5794835
1.45222,5.281033
6.71604,6.450674
0.0,-1.6494448
11.7739,8.246212
4.52996,2.359883
0.0,7.8182364
0.0,3.0783858
0.179337,7.4599314
0.0,2.7573748
0.0,5.9210815
46.8276,36.251026
2.893,5.9821315
0.0,11.776951
0.0,4.0510097
4.87841,10.561559
4.33623,3.0892158
5.39411,6.2387185
28.3986,24.82312
53.3411,17.677519
19.6408,13.817184
0.172966,4.6352277
0.0312286,7.683134
0.0,4.655572
0.0,2.4197054
0.0,4.013852
0.486084,4.437066
1.51571,3.5125275
0.0,2.794873
0.122887,7.3962154
0.0377064,2.900228
24.7885,27.272396
47.1238,26.687933
0.0,3.646872
7.01913,7.1738386
0.0,6.147394
5.73124,6.113532
0.0,8.929182
15.8554,20.62276
1.7343,8.745223
1.55944,6.4094934
0.0,89.4418
1.26676,5.195064
13.6045,4.8291054
14.4473,23.711378
0.0,4.298237
1.91111,6.020669
0.0,6.713582
3.82681,6.4620028
0.0,6.061983
0.0,3.1103277
6.40389,9.713305
0.0734236,3.2405818
7.72727,6.657177
1045.48,507.75208
0.0,3.2419183
0.0439948,1.0991938
1.68421,8.58532
5.93282,4.6027584
0.0,5.6630974
26.0635,10.413082
0.0,2.8790002
13.4199,18.935112
0.0,3.365346
76.7176,88.40696
30.8101,30.45819
7.1303,8.7921915
45.9377,17.361343
0.588782,4.4087353
0.0202205,5.1195188
0.0095824,4.0626473
0.879977,10.611601
0.339008,3.435162
2.89723,3.9779384
28.5329,29.316614
6.3236,5.233123
0.0,4.4933453
1.59283,4.220092
20.3765,6.983818
1.5408,2.0058017
0.0,2.9018712
13.4987,21.897745
11.754,82.02389
0.0189361,4.4691324
0.0132588,1.7699428
0.275986,9.993119
0.658421,5.852812
0.0159457,0.85422826
11.3911,12.265798
0.0,4.7998986
21.9927,27.439167
0.0,2.0520134
0.0,4.1770325
0.0,3.9797115
1.73733,3.0858445
0.0,3.1242285
2.18458,5.648174
0.0,1.5459266
8.24252,7.14723
0.00557245,3.6588902
0.0203532,6.862521
0.0,8.107986
13.7987,26.023594
15.332,35.53362
2.96836,17.053802
0.0,2.2326741
0.0,4.8423843
0.431208,10.901354
32.6296,48.645813
0.0,6.9974127
9.79032,14.415808
47.1499,1307.5836
0.0173895,6.204876
0.0,4.8983264
1.68809,4.71194
0.0274204,4.19347
0.0,3.7833843
0.0,5.5789814
0.0,1.8203149
987.415,723.39935
0.504247,3.459953
3.49699,6.218529
0.0,4.747493
0.0,7.018358
27.6206,19.905413
0.0,3.574878
0.14248,13.925757
214.545,199.85808
72.1933,59.38533
0.0,4.791334
0.0,5.925992
3.71454,4.656896
0.0,4.23278
4.61967,8.472239
0.230591,3.6429615
0.0,8.3194895
0.114256,7.7797174
0.0607464,4.5519285
32.6241,5.1359224
4.95834,4.6075335
6.68128,4.7136106
8.52643,61.96234
0.00866662,4.8370895
0.0475073,0.72548354
14.3858,8.485145
0.775231,7.573575
9.88996,11.428432
12.6931,10.81824
0.0,2.8270004
0.0,4.6266766
17.6696,22.009226
3.60266,5.4252796
91.8889,52.729443
0.027453,0.0066957474
1.40437,2.988981
20.0911,18.769665
0.0602703,3.757327
2.85747,4.2197866
0.0503724,3.406734
0.0897234,5.1601076
44.0347,47.40192
8.51883,6.6049824
284.308,100.18302
7.93361,8.094184
0.0,3.062667
369.853,361.96298
8.30396,5.1862984
0.0,2.9357693
3.39633,5.502712
27.7688,20.991821
0.242942,4.6182637
0.0,5.107506
0.0,4.336748
0.301423,8.490639
27.971,35.67648
11.6114,7.8184805
53.1266,64.74896
6.60336,6.042015
0.0684878,4.7994585
6.56271,10.074936
0.948007,4.126044
9.47653,5.5086784
0.0,5.9142504
0.681433,13.099794
0.0,2.249961
0.0,4.122029
0.0,4.920582
0.216379,8.375533
0.0,6.4171076
0.0243204,5.0456543
13.5556,5.4710493
0.0287865,5.9718537
23.0654,30.090189
0.0,3.9169402
25.7553,19.991108
0.620975,5.844002
0.0,1.9434624
0.0519969,4.430751
15.4143,4.3482614
0.0664854,7.8093376
0.0,2.5986423
0.0,0.9640641
0.0,10.484359
0.685934,4.2710013
0.0,3.183415
0.0271285,3.3096604
0.0574949,2.8341088
9.95179,7.2423735
0.814752,6.9088
0.0,1.8505254
2.69787,8.584437
0.0598996,3.194883
2.91784,6.281823
0.0,1.3741285
16.0687,9.807288
31.3003,24.555113
6.2617,4.0218587
433.236,262.2726
49.0391,48.19941
0.805263,4.841113
15.6962,11.815754
35.0216,41.45449
0.511384,5.644121
22.6518,19.868753
5.7861,7.9859705
0.0535125,3.975561
0.807879,5.732627
1.56213,5.866105
0.0,3.8103557
52.2404,52.172672
10.9277,7.693041
0.0,4.5417824
5.33864,7.2182875
0.0708623,6.909446
4.22351,5.563177
0.0,5.5256124
0.0170585,8.515483
0.316717,3.9417257
6.17769,5.8541145
1.72479,14.766552
78.8657,48.213684
0.422408,5.626518
8.86203,6.5066624
13.2472,9.949067
176.437,127.68068
0.276195,4.8783283
21.4388,7.4155827
0.0949071,2.5252244
0.046898,3.603154
0.0,3.9620495
29.149,29.673872
0.210907,3.9221668
0.0,3.7778347
0.0,5.6715364
34.3395,16.803267
9.4149,9.216022
0.138812,2.5322623
0.0,3.0378835
0.0,2.5066211
5.16,6.3501534
0.0,12.148737
0.0729982,3.438517
17.8076,14.984266
0.0,4.1822085
0.0,2.6408882
6.83028,3.9508595
5.97234,9.551068
6.45367,4.9103756
7.56588,8.204181
13.3605,3.2108397
29.3384,45.90868
0.0541491,4.7819757
0.372626,3.6546292
12.2255,6.3270597
3.80485,3.0077658
0.0,6.1990995
0.872144,2.9864278
0.0,3.764563
26.3643,6.1416693
0.115845,5.7813063
2.47586,8.246562
11.3911,11.278047
18.5874,19.766748
38.4953,18.287727
1.04575,3.5529451
0.0,3.1383295
4.74985,6.346177
17.3229,13.75374
0.0,22.668911
0.0260608,4.9955378
12.3842,5.041271
0.0,4.7850304
25.6865,18.765205
0.0,6.7317057
10.2463,8.4879055
0.142337,3.553094
0.0,2.0625749
0.0,4.323718
7.28997,4.280562
4.27785,10.704695
0.0,5.8077464
0.0,2.293525
0.0419795,3.2510471
0.66075,3.5564735
42.093,22.241604
0.242017,3.056399
1.45222,1.1785778
14.1581,24.3061
1.68421,6.8624287
0.0,7.3727484
5.05107,5.065792
0.00811492,4.634446
433.236,283.89313
0.0,4.4026375
0.0,4.5948486
0.490718,3.5831337
0.0,2.614996
6.08398,2.1278307
0.0,3.4646492
0.0,7.433756
0.0,3.6701071
60.2843,23.661055
9.93582,-0.026209116
0.0,6.3190618
0.15934,3.8630111
4.0341,10.107292
0.31996,0.16371202
0.370948,47.12224
0.620975,8.194618
4.98238,6.2927847
0.0,5.456563
13.0144,3.2220182
0.0,6.1300173
0.02025,7.1708403
44.7525,36.133575
5.95805,10.280481
11.8307,11.709926
1.59439,5.7054963
0.0,3.0450954
4.545,3.6495466
0.0,10.957178
0.0,6.1363263
6.33662,3.89145
0.0,10.020598
12.6888,9.331424
0.0,3.7558894
0.491497,9.620541
0.599144,7.1863146
0.0,5.2795944
18.374,18.55711
22.5547,-1.0282767
2.14069,7.3854485
0.91163,5.723688
0.0272456,4.5995493
13.3781,10.048181
16.4448,19.59211
0.0,4.9458866
0.0,6.887995
12.4461,8.685664
0.0,5.399796
110.905,29.509579
11.3824,9.809798
137.719,62.79481
97.3178,67.28217
9.9758,7.2220516
0.0263761,4.2618694
2.44019,4.370103
0.0,5.2338696
0.0413947,2.7223399
0.0,9.842783
32.6081,41.14269
53.941,65.73747
12.8384,16.052584
11.6114,9.547642
4.76267,6.940461
0.0,5.559475
20.9778,20.596882
35.0216,49.10152
7.0598,197.38062
3.50671,9.3866005
1.16065,8.720829
0.00905912,3.2759733
0.288601,4.114999
13.0583,14.830186
0.252428,3.2881684
23.8581,16.291393
23.7592,24.184721
8.98008,21.796106
2.69025,6.9620676
31.889,30.499012
14.6375,10.054623
4.68474,2.7673
0.0,5.833267
1.18369,1.8860486
0.0949071,3.4643745
3.8263,4.6054273
0.0206621,4.62978
61.3507,51.25488
0.0,5.446516
0.0656892,4.125739
13.5086,8.1166525
13.0823,14.103166
0.0,5.140136
13.1278,10.014557
0.0,8.201554
0.0,4.368452
5.52068,5.9977245
0.02025,4.4902296
0.0,2.1215606
6.68171,11.560914
11.0804,4.6375227
0.0,3.870667
0.0533046,4.0562754
0.0,7.9784775
0.0,4.113402
2.82707,5.931651
0.114294,3.1867375
0.0,5.5470552
128.763,74.61185
0.0,0.3411162
0.0,6.727792
19.3636,18.657068
12.3578,9.467335
0.0,3.1118932
24.7117,17.833187
0.0,7.5862474
8.51378,9.81076
1.5408,4.50626
0.0,2.7992349
1.52665,4.065299
12.6111,15.331069
0.0,3.6932461
0.571642,4.1418552
0.0,-0.047435045
2.56689,4.717351
0.0193813,5.696269
0.0852943,5.420787
73.4655,85.81015
16.7424,18.869013
1.19575,4.0587654
0.0,9.474614
2.23965,4.157466
0.0749397,1.9986541
0.0,4.2134557
5.29286,6.002343
4.0341,11.2280655
25.0313,16.429459
4.55759,11.910182
3.9313,8.882107
5.57806,11.413447
0.0,4.8773956
11.0852,7.9976797
0.0,3.604051
21.4343,16.056448
25.161,17.545042
0.0,10.526922
4.20724,7.16695
1.90898,3.0788352
15.9596,40.463284
3.62445,4.3134174
8.30396,10.229637
15.4126,19.622545
0.0,3.7765636
0.0323811,5.354065
0.0,7.0037766
0.0,7.121146
0.0634421,3.9842691
9.22554,5.058525
1.28297,5.147769
12.6788,6.7389803
10.5992,6.921419
0.0,4.8207583
0.0,4.3562737
433.236,666.7315
0.0283075,4.179542
0.340281,46.596287
15.4582,3.3464217
0.0,5.0011315
0.613162,3.2772245
6.58495,6.7320375
12.6111,4.7241135
22.0206,20.03744
22.0206,18.051704
0.0,5.9141407
5.53292,4.959432
169.204,104.85386
0.0,3.4705026
167.223,33.40563
0.0615141,1.7808979
0.0624949,3.6941524
23.2,113.49649
1.83906,3.919805
1.68702,8.996399
17.2999,9.781754
0.958575,3.286501
0.0,3.2756114
7.18879,2.7067823
23.5458,2.0993483
0.0,2.5001457
3.65365,5.22956
44.2972,72.42823
14.3224,8.846905
38.7328,34.50858
5.53442,11.129457
1.51429,2.8877232
0.0,4.443226
1.44813,8.994446
0.0,6.7710876
0.0,6.256595
0.0,4.597355
11.2831,14.52567
0.0,7.977729
73.3151,23.156733
13.3249,7.0739346
15.4757,9.992198
6.84908,3.1914377
0.0,4.3751173
0.0,6.4034023
0.144043,2.966086
0.0219642,6.8481646
0.0314092,5.507695
3.29546,3.358235
6.66568,7.4182596
3.68317,-2.4323118
0.0,6.6848803
9.59899,2.8817322
0.00635723,4.8070188
2.7153,6.448083
0.110063,2.761774
0.0,2.3469086
0.0,8.629156
0.0,71.51003
0.148794,3.322873
0.0,4.777508
5.24507,8.34241
0.066715,-1.4489098
0.0,4.722727
0.0,4.1230702
0.0230888,5.0415993
183.183,110.95376
0.172357,3.1558871
0.0,3.6583896
3.84675,1.3031547
0.118535,5.833575
29.2321,22.124868
19.7844,27.209185
10.9305,8.534262
14.9817,9.939637
0.0667324,2.5652351
0.0,5.0555005
0.0,4.178305
0.0,5.532673
0.0,4.4219713
0.0,4.467462
6.96124,10.408288
0.0,4.242022
2.68841,5.105644
0.0,6.561282
39.8526,56.290924
14.4521,3.8312492
13.8449,7.1987286
0.0,1.3834238
50.9345,52.855865
0.0,5.5343084
0.530209,3.427788
18.5499,17.960554
27.6193,21.069433
13.768,22.802193
0.0,2.1585531
0.0501937,7.056263
5.78663,6.208811
0.0,54.041573
9.97059,9.96309
0.0,7.763077
0.0377064,2.9351156
0.0352722,2.8540676
16.4599,15.389011
0.0,4.384141
0.0,7.018897
0.0714461,1.4463567
0.0,5.32953
0.0,2.878701
14.1541,9.829566
3.44763,5.025997
0.00832832,4.1355534
6.32027,13.928419
0.0,5.607361
28.7765,4.9118395
2.15796,4.5976725
105.821,80.31896
9.03346,5.192398
66.0095,43.90491
10.8847,19.265398
4.61178,6.591524
0.0,5.414517
0.0,3.315005
0.0,62.656536
43.4606,3.0298476
1.29524,6.387334
39.9616,31.4725
106.723,69.32599
16.4012,27.60054
3.12215,5.2918015
0.158987,6.988201
5.85859,6.849139
28.3403,76.337395
7.86301,4.507313
4.08312,4.580638
0.0995542,2.7608204
0.0,5.472573
19.7309,21.433468
8.00603,1.3669423
0.0,2.9251199
0.173498,3.1181257
5.24548,3.0871103
7.80874,9.472432
0.389396,9.924616
6.11547,7.682719
1.08083,3.035351
125.393,32.70142
0.544829,5.2076654
25.8108,41.460976
0.111466,7.194764
5.84351,12.414616
55.2517,116.95128
0.0,7.4489393
0.196792,4.3445277
17.3043,11.292158
6.33747,9.459379
22.6994,9.296819
0.0407668,5.1904526
74.3385,88.7048
0.0,7.0199165
6.86187e-06,3.8710203
1.14344,1.5314401
16.2677,7.1388016
16.4165,11.661545
228.807,259.79172
0.0,3.3544443
0.0505199,4.6674557
0.099321,8.535012
0.0,1.5863867
5.3585,6.2161894
16.1453,8.402282
0.0476741,11.342908
0.0219184,4.3984985
13.1349,10.775845
29.3069,7.770707
54.8596,66.01576
0.0,2.6258616
0.0170975,1.3807458
7.58157,8.864814
12.8419,11.511063
43.2548,57.328236
0.220335,47.111656
0.0,3.264394
0.0,9.085875
16.5368,29.381453
0.402087,3.92551
17.383,13.955817
32.2663,32.928776
0.0,0.33312035
0.989546,3.4290435
6.33662,8.847062
0.0,10.311977
9.9046,4.052262
0.0,2.8087382
0.0,6.07726
23.4271,27.795649
0.0,4.4839706
0.0,4.300125
0.0626555,4.2489357
0.0,1.8680242
0.0,86.585724
7.1822,6.637457
4.26574,3.4879286
12.3578,9.44644
0.0,3.9481478
3.40414,5.084197
0.0,3.3149054
0.0,2.8908865
50.0068,16.606272
0.0,7.635952
37.7718,24.463636
46.797,23.68929
40.7414,22.046148
0.432452,5.235469
12.3122,9.34492
1.20238,23.33334
12.6916,9.067435
0.0,2.782232
4.24122,5.8149843
0.0173895,5.2769117
0.0,8.336437
22.0206,27.99387
21.3121,12.95706
8.52643,43.639774
0.715985,3.7921305
0.627648,6.3733497
0.0,10.879322
1.24093,2.419047
8.4425,10.490446
0.0,5.6458006
10.2142,10.544901
2.19578,3.9771652
0.0,2.4281209
13.9344,24.875475
0.00575578,2.6823413
0.0,5.1929455
0.183654,25.203068
2.54224,4.3609953
0.0734416,2.5803385
0.0,1.3669682
7.88354,3.1637309
0.0,4.2377853
9.45517,7.521454
0.0,1.2469034
9.91484,5.6492357
0.900053,5.6472178
0.0,4.577795
0.0,3.7543063
11.0442,8.216904
11.4504,5.3079963
0.0,7.441827
0.0757449,3.8815978
22.6165,19.396807
1.81734,2.8495193
97.5563,168.56831
0.0,8.532216
6.07532,5.847872
0.0,5.0075393
21.4206,27.309364
34.0732,33.833035
13.3221,35.27384
49.8151,22.328064
0.0528512,10.448872
7.03849,14.376073
14.8319,12.528502
0.489898,4.95915
0.0126937,6.4143333
23.569,25.768507
0.0,4.2027893
0.620975,5.3408604
18.8462,16.095865
12.9993,5.2899103
0.019555,4.0887384
25.0915,23.817038
5.71592,6.6180487
0.0988916,3.8960443
0.0,3.1763113
0.0,3.684043
135.592,165.99133
0.10862,5.1882095
0.0,5.7991614
0.182939,6.3820667
0.0,1.5844064
0.0,3.1478467
0.0745537,6.3239183
47.0672,26.733067
0.0,5.411255
0.0,89.25658
0.0,32.08727
0.0,7.213256
0.707977,5.5024056
0.0,4.111622
0.0735954,4.3528643
0.0,5.237902
10.4076,12.7628355
0.838088,7.272726
0.00887042,-1.5563183
80.0908,80.95421
20.2291,15.991016
0.0,6.025547
5.08154,10.180687
0.080121,6.8648777
0.108294,3.774342
0.571642,4.8151407
7.42519,6.5675783
14.7039,18.240795
1.18369,1.8085109
8.44341,3.417171
0.353301,11.323981
0.0,2.271331
0.571642,3.341539
0.0,2.9434257
0.0,12.775645
0.0968266,4.3046136
2.19107,6.0087795
1.66053,8.701378
23.8582,7.6774635
0.0391943,4.3098316
8.73149,9.451118
8.57524,8.250149
0.217464,0.18499446
3.46905,330.40765
36.9154,45.033897
0.160974,10.399186
0.0,3.5466042
17.9272,18.769325
4.92304,5.7311125
3.81662,10.483014
0.820461,3.7186491
0.0,3.064762
0.534861,8.526288
0.0973958,3.113758
0.0614976,4.700754
9.44222,4.4916687
2.51154,-2.6464803
0.0,5.309226
0.0,1.941713
2.30078,5.587859
37.9983,35.921883
5.39411,12.461667
0.0,2.9513283
15.6962,13.962878
7.5882,4.641883
60.3985,32.710484
3.51197,6.54467
0.427061,3.2940927
0.0,2.246729
12.1678,10.924003
0.0780901,21.17459
0.0137231,5.0940804
0.0,3.445275
0.030774,3.1961694
0.0190208,1.3839382
6.32027,10.84287
45.9377,39.20322
0.0,27.237726
2.81786,23.447418
0.0,5.1743183
0.0,19.146002
9.69132,8.197526
0.0,5.3024464
5.18852,12.605817
27.4574,31.9029
14.4902,9.755091
0.617037,4.6699305
0.0,2.4933949
3.66676,4.2439785
0.0,5.6183205
0.0,2.451056
3.8158,3.4349732
0.075898,5.995365
0.855994,3.4612207
0.034299,6.8298845
0.00992251,6.2355456
0.0,8.6636915
11.948,9.007517
0.0,3.0848715
10.5353,8.524023
5.64967,6.1093645
40.2242,43.330414
29.3384,14.4988785
45.1028,48.922226
17.5418,19.394526
0.511384,4.55284
0.0,4.2611046
49.3187,39.797573
0.0,9.397047
8.07777,5.8866835
1.02305,5.7553873
0.839133,6.6450624
5.49693,41.306087
46.9646,106.933365
0.0,3.8455286
0.0,3.4348764
7.10394,5.987612
0.0,2.1639764
0.0,2.1858573
16.4448,12.605235
1.47888,10.053812
0.0,6.94386
0.0,9.684431
0.0,4.4044604
0.0,4.1580887
0.022673,4.577812
37.8798,18.21191
7.09776,13.905374
0.0,3.8610916
0.0244278,3.9068756
0.0281296,1.5166728
0.0,1.750219
0.0,4.803015
43.0166,16.107698
2.47703,3.7514367
0.0,6.144806
2.62196,5.3038254
0.0,3.357764
10.411,6.022194
0.0,2.4988282
0.0,4.1453233
0.795791,8.511587
0.0,4.350198
0.428143,6.607791
0.0,3.9416404
14.4586,9.547634
36.8233,29.099285
8.99338,15.258241
0.0684671,3.3169947
0.0202461,3.6655645
3.59577,9.533502
181.567,173.28235
63.3518,61.61214
24.5695,22.849709
0.0,5.4654255
6.70987,6.159379
1.65003,5.243102
0.0300605,11.232279
9.55958,10.483269
0.0,1.776145
23.0079,24.118086
138.822,80.003716
26.5685,29.257784
0.571642,3.3068035
28.7411,36.18656
0.0,5.342964
0.0633444,3.9661214
0.0,5.1150937
0.0,2.5007508
0.0,4.878422
0.0,5.482993
0.0,6.2876344
0.0,5.4548836
47.7532,17.79682
8.16969,8.034942
0.0,2.3471408
0.0,2.1325674
0.431812,5.0978622
11.3618,8.328025
0.0,4.930253
0.0,6.5939016
0.0,2.3651779
19.4241,10.72838
31.6073,29.180239
27.4125,4.4352827
0.0131697,4.7881117
0.0,3.7658625
0.249562,4.2491703
23.5458,17.347063
41.1289,38.429806
6.86443,8.422258
0.0,3.8574297
101.91,48.14785
0.269299,3.6413093
0.0,6.8058567
0.0,3.972296
4.78224,5.275961
0.0,6.14496
0.0,6.899495
0.136691,2.9629788
16.5368,13.245965
3.28353,3.2424386
14.4002,26.504538
11.4504,3.823554
85.9824,59.663147
0.0,4.497645
35.6625,31.988558
1.13347,3.528418
1.80628,6.954424
0.0,5.676379
16.2511,9.799709
0.314389,12.3439245
0.0,4.6993637
7.75804,21.87582
0.0,3.9559355
25.5413,14.274702
0.0222586,3.9148946
7.56243,10.890611
49.0391,35.84864
0.0,3.9073143
0.0,3.443
0.051393,6.4258175
72.9475,87.092354
0.0257749,6.5186872
8.48148,3.5775743
7.22575,7.701006
13.8431,16.795954
0.0,4.8242273
17.6696,15.640712
0.0,6.869177
0.571642,2.8150735
4.29189,4.8107877
23.5049,13.1161995
6.17961,9.587184
0.0466087,5.2556796
22.3866,12.287306
13.768,27.766102
0.0,5.5220966
12.6111,16.644054
0.0,3.6227288
35.7241,37.430252
1.29012,6.1528378
13.7979,8.488998
15.7407,17.093735
0.0589175,3.469976
11.5688,805.32135
1.96863,4.5051985
13.2992,4.3167276
1.55944,5.740918
22.2482,18.075056
89.6832,38.38629
4.08792,3.6704452
0.0,6.622903
20.3765,8.556805
0.0,6.4976664
0.0,5.550888
0.530209,2.030605
0.835289,5.175103
18.9655,10.183056
0.0,6.7285357
5.43982,9.401051
0.0,3.6264458
0.322485,3.0198965
0.0626684,3.768553
0.0,3.9398675
7.93916,9.570403
4.68332,11.637552
68.0183,30.501377
95.6333,55.52805
0.0,3.4854412
26.2724,17.445496
0.0699702,39.067223
9.86318,15.559656
0.0,7.689986
126.18,115.07292
4.33623,9.45432
10.5992,11.263574
16.3869,35.895275
2.08603,3.570938
0.0,6.1855087
0.0317711,4.4717126
11.6269,20.497238
29.3384,35.28198
0.0,2.3686125
0.0,-0.28080797
5.34971,12.6440325
9.91484,7.43797
0.0,86.18228
5.22253,3.9701104
8.80444,6.131853
5.24318,5.3024607
0.0,5.0013943
27.4685,22.070818
10.9573,6.5150747
18.8375,40.765335
0.0,3.0737462
0.0177513,5.45813
0.0,8.129544
10.0397,7.5250053
0.00808029,3.137608
0.196911,3.0481129
0.0,5.037614
0.012238,3.2112315
21.5036,20.693972
0.0631048,4.8318787
37.6582,37.01109
19.7835,28.650799
0.0,9.202178
4.03114,5.6856203
0.402087,3.6459188
0.026868,5.5578012
0.0,3.280493
0.0546348,4.0583396
0.156659,4.570738
14.6496,5.3558135
0.0,3.8712454
0.0735687,10.704702
9.4149,4.665222
69.8534,31.545315
11.7977,11.823045
4.30371,7.721471
1.50108,4.0005393
0.0,5.988762
14.068,7.782629
4.30556,4.3846307
2.99112,4.851452
0.0895068,2.815932
6.41431,7.932061
158.563,143.14555
24.6299,14.551084
2.88903,14.33515
12.9128,13.090174
29.8042,24.68635
0.0,2.1303163
10.0115,7.107932
0.0190806,2.188047
1.02096,3.5687664
0.90136,4.534793
0.153963,6.0511503
70.0459,72.46796
41.4786,30.737665
0.0,5.0131207
0.0,6.155096
0.0,6.2458963
27.79,10.488622
31.889,39.818745
0.0562069,2.773339
34.5704,8.047269
8.36754,9.459553
2.97393,5.8666806
32.5693,31.174294
0.0,5.098342
0.012278,6.1393623
9.4149,7.3964167
0.256118,6.598216
0.0,3.8810244
0.946129,5.0096045
0.0,6.031788
0.0,4.3764963
0.0170975,1.1183186
0.0,3.474479
0.0,4.4177055
0.0,4.094133
0.0,4.7271414
0.0,5.431575
6.39203,5.664486
35.7241,48.40591
0.0,12.023803
0.0,5.0713954
11.1825,7.155244
23.569,18.439915
0.0264659,0.09831834
0.8503,3.678938
0.242017,3.0055742
0.0,4.1616697
15.3903,18.501808
16.4448,9.199565
24.8603,22.372074
9.31878,9.821859
0.0,3.7257915
0.154562,3.2662508
0.0,233.19862
0.0,3.2203739
9.22554,7.875758
0.0197545,5.938335
0.0,3.1325037
0.0,6.6358232
4.21751,6.400634
0.0,5.116252
0.0,8.000546
5.46374,3.5294027
6.50038,8.370664
2.87614,0.47743154
21.4343,12.103141
0.0,4.266347
0.0929124,4.755753
0.0,3.183908
28.5725,25.849936
36.2545,46.324394
14.1322,14.023299
0.0615812,5.547915
0.0,4.315012
18.9655,18.589994
0.00610409,3.8963313
2.64048,7.4034824
35.0216,35.34362
19.8771,13.476878
0.0322104,6.400264
19.3196,9.133938
0.0187816,6.4185543
0.0,4.1509914
0.0,4.3501368
0.0,6.6134424
9.45517,5.9684567
0.0,1.2743235
0.0,2.2486696
13.1278,10.074833
0.0,0.34618235
0.0,2.554194
0.0,3.869987
0.0,2.7254753
0.0503724,5.4719863
3.45172,6.5156994
3.56694,5.000395
0.0,6.2518415
38.704,33.732304
0.0114788,2.6774373
2.29405,3.7223873
0.150147,18.405508
57.9345,34.18613
15.6481,9.932049
2.90635,11.287143
0.0790217,4.6216774
0.0,6.483548
21.7269,26.916336
5.35409,5.965491
2.35672,4.3066635
0.0427096,3.309105
1672.53,411.48334
9.69132,12.105998
22.4149,15.0558195
9.8197,9.633817
738.118,354.03665
0.0,14.626688
0.0,9.313438
0.494919,13.305192
4.85574,10.386634
23.0309,17.616362
10.6499,10.885518
1.72625,14.128133
0.70041,2.9076362
0.0,5.6261134
7.84897,11.76977
0.0,5.913112
0.0,8.776946
0.0,4.733472
0.0,2.8971417
16.9895,31.806023
5.80679,8.285896
58.9342,84.095795
4.24814,14.474479
0.0,6.2819633
6.94991,4.1257257
1.35879,3.7600477
4.40644,4.2799788
0.890859,5.0992503
6.39267,7.5556755
0.620922,8.979979
121.443,9.051457
21.0935,9.47496
31.6391,23.205536
35.4512,53.49456
2.49685,183.42966
0.0,5.219469
0.699727,6.591715
12.2934,6.7440767
10.6178,19.948723
0.227111,4.5555563
1.02793,7.0280523
0.0227304,1.0826458
3.31365,4.3824134
1.33334,2.7878482
8.26953,8.295286
40.1683,38.857166
0.0,3.2685509
2.1209,10.438227
7.65274,9.157082
0.0446926,5.7692385
0.0401582,4.123628
0.339008,4.574728
0.0,5.5588694
0.0819501,5.7130795
0.0,3.1443353
4.39025,6.2404737
115.785,106.01538
0.314487,7.4528666
19.3154,5.5637007
0.0115644,4.9512815
9.53814,19.772982
0.0,43.74784
4.85574,3.9518504
23.777,12.133145
22.5788,7.166916
1.16755,3.7905347
8.71047,11.324439
3.74538,4.33226
0.202952,2.2539773
699.207,614.09656
18.6755,13.140153
208.249,157.79958
0.0,1.7496117
20.945,17.00041
0.0,11.2379265
7.42939,11.751637
0.0406262,2.4766476
111.378,101.0152
0.0,4.7754316
19.3633,16.545765
0.095025,4.057676
6.70053,4.0186014
28.3842,19.35192
0.0,6.2716866
14.0484,2.4375648
14.0855,9.598903
0.0553014,3.6940236
0.0,2.6023133
0.0,2.0779185
10.4821,8.306114
0.0,3.8063319
8.90259,13.083355
0.0,3.770309
5.78663,6.6576147
0.0,4.4119425
35.0216,48.641224
74.3385,68.5981
0.0,7.543648
0.0261468,4.2019267
0.0,3.2594337
0.0443369,5.5161095
0.0,5.133744
15.4143,5.110379
0.726586,10.107166
0.0,5.896577
0.027453,1.9979783
0.676674,0.9883177
0.0,3.0485291
3.13777,9.010318
19.6008,21.546728
0.0,5.2725725
8.16661,9.188435
21.8819,-10.169085
0.0157039,2.8016841
0.0,5.0571327
20.3765,4.5658197
12.011,6.4579144
1.47712,2.5689201
0.0,-1.703016
0.0100148,7.795532
0.42647,2.9914222
12.3842,6.4872074
7.72727,5.8650684
14.0998,5.8205905
59.7882,52.27864
24.8885,16.401758
11.6648,15.82395
0.0,1.5812314
6.17503,5.1352167
0.0,3.657156
14.0008,12.271761
7.39351,9.542255
52.1071,9.580013
4.06206,2.3953183
26.9954,14.424038
60.8617,71.89253
22.6392,20.82403
0.0,6.9468546
0.576135,117.11351
1.85055,-20.564245
4.41267,5.7732525
13.3117,8.601414
185.622,5.8732095
1.40205,2.7384138
11.3947,10.2220545
0.0,5.1990676
0.0,4.937241
19.3857,47.844143
3.93496,7.681882
10.3538,6.789221
0.0,1.1248695
44.0347,31.004631
12.9993,11.565418
0.105717,3.5230112
0.0,9.790434
21.6632,5.823662
0.0,4.7839627
25.5172,4.87038
0.0,5.3121233
8.86263,14.569551
7.18879,3.9426043
31.6466,18.396132
9.47653,3.0206373
14.9617,20.508842
19.4241,19.41408
0.0820103,3.4765868
0.0,4.978697
1.99981,-0.03555131
45.3164,15.467339
0.0,2.7870305
0.0273185,2.9785666
6.83028,4.284743
16.5723,5.0822315
1.70305,8.752812
0.0,3.8306518
20.1227,15.898735
0.0685767,5.611226
16.2454,14.147725
0.0,3.3781972
0.123055,5.747552
0.0294347,4.081716
0.0634949,4.619334
1.02305,8.818025
0.0,0.7683296
0.0169503,3.639802
3.298,-2.326999
0.11251,5.2943764
0.0,5.5361295
0.0,1.8532287
0.124475,1.7884531
0.0503724,3.2109094
10.2526,4.219325
0.0,4.0711265
15.4143,5.5964746
0.0,4.3996687
69.4129,76.87577
12.011,9.68804
66.723,81.351845
8.49454,9.1737385
397.223,427.45236
0.0,6.3784914
0.096392,2.4072742
7.56916,13.349761
0.0505051,4.322857
0.0134532,4.9553347
6.60336,10.988496
19.0873,15.683226
1.33908,11.989677
0.0,7.742009
6.3398,4.241043
0.0,7.6085987
0.0,4.008683
24.9296,19.397158
10.5139,4.7199616
10.9428,23.617556
0.0,9.222361
0.0,3.957364
0.0,3.830382
3.4621,11.986006
20.3765,5.270798
0.129069,7.987835
29.1463,10.791502
3.30022,7.121846
18.9926,18.75005
0.0,6.3311524
0.0471679,4.5618534
0.0950008,1.6895568
41.5924,37.448837
0.0,4.8143654
0.0,3.4050622
7.29843,5.390402
0.306576,7.7415104
164.459,144.03142
0.0,5.2640486
0.0767444,3.5158339
20.3765,6.5283613
0.0,5.5251656
68.9289,72.38702
73.4181,49.34351
7.28997,5.1284475
1.89412,4.643594
12.3692,6.258206
17.542,7.440485
0.0,4.936976
0.0,3.7120662
19.0798,31.41003
3.74538,45.614326
0.421923,42.909626
0.542442,2.7608278
10.8885,16.489489
0.0156562,9.082833
10.4861,10.444667
14.8348,9.8856735
77.0235,8.891874
0.317238,4.7594604
4.39634,5.6373215
0.0,4.3154836
14.4426,20.864471
2.36522,1.9024193
12.7177,9.23077
10.4821,6.976219
4.55497,14.62853
22.0206,42.853634
16.651,24.103983
0.0,4.6242876
0.0,152.42401
0.0,3.1603303
0.027453,2.379227
0.726586,17.491392
4.91671,6.724806
0.0,4.3525214
0.242017,3.1046853
34.7113,9.617046
19.0535,7.0118303
3.68977,4.2934284
10.8734,10.721609
43.4767,24.815273
0.0,7.231435
0.467997,4.3017044
0.139573,4.1576366
0.398222,5.179798
10.6273,9.403734
0.0,4.6072826
0.182946,24.913437
27.2617,19.861488
12.4882,14.179028
4.89457,6.714019
5.1839,4.297516
0.0773348,6.246039
71.0243,86.02059
20.7012,31.702965
0.0752463,6.0643697
0.0,2.4222817
0.00874122,2.9908648
0.0,2.7687857
9.4149,5.694622
4.74842,9.088657
0.00808029,2.770307
8.51378,8.285071
16.4003,18.554478
5.74481,8.3809395
0.0,5.7699666
0.0,2.1906173
18.3487,8.023879
1.16659,19.088778
228.807,130.62457
0.0,6.148301
0.0,1.4580963
2.85747,3.275066
13.191,3.5329728
0.0,5.081371
8.57879,9.867331
9.47653,12.051426
3.31146,6.7688656
0.0,3.8084884
1.34405,6.8297215
25.8726,22.852568
0.0131487,6.5381746
0.0101273,3.9680305
0.0,3.5985227
0.0,3.902533
0.0,6.4936295
0.200307,4.5146656
0.0,4.647959
12.0114,12.763147
11.3911,4.9695415
0.0617473,4.8217196
0.0351924,5.407235
0.0,7.0898533
0.126442,6.326221
5.57964,6.916605
4.4131,11.492176
4.42593,13.214683
0.0169662,6.1176586
0.0927349,5.2948437
6.96005,14.2802725
0.205377,2.718387
115.716,39.60159
19.633,22.682924
3.12215,3.1072984
6.39055,6.040802
0.105136,8.849369
7.72727,4.087015
5.38749,4.229932
4.54834,3.036248
0.126526,24.73936
0.015563,2.9982808
0.0,3.3415704
1.53763,2.9239595
3.31365,8.899094
26.7264,20.471493
0.0,1.8608587
13.5935,13.267914
0.0326002,4.6135454
0.0394029,4.2467723
46.0528,31.852888
0.0,-0.8150778
3.62445,3.9430757
10.5293,12.506075
0.0734416,1.5441403
0.0105764,2.6954353
12.5545,14.143109
72.2034,11.5457535
0.0118743,3.8958292
0.169663,3.9977343
0.0631307,6.2395096
0.795791,4.881039
0.0,4.0601616
0.0,7.509799
0.149659,4.8674273
0.196355,3.3451498
0.0271516,2.7979116
0.0,6.933997
2.09408,6.4372787
63.3518,135.41187
6.75583,6.144902
8.39144,17.459436
0.0,2.0316064
0.32611,8.230579
29.2456,25.739365
11.5933,22.140411
7.42939,41.599876
14.2386,11.408405
45.9377,50.045784
830.505,105.16845
22.869,13.175149
7.04033,5.870229
0.0,4.655924
7.93361,13.017165
8.74577,3.700213
0.0372422,3.1810107
14.5591,17.804955
2.19219,12.403346
4.40395,5.7032433
0.0,3.8531318
0.0630775,4.7435517
22.0206,25.633875
0.0466771,3.4575455
0.835289,8.727108
30.9983,24.97813
0.0,4.6603823
25.3641,35.38505
0.0,3.0741174
10.3259,8.440571
8.39353,9.96138
10.2463,10.609717
4.40566,3.7663865
0.00874122,3.3541503
0.00483917,4.468363
0.00898059,0.24447536
5.23263,5.2449684
477.65,467.94424
0.868541,23.533924
0.086773,3.3948102
0.0,4.1986585
1.72593,5.5942736
14.2894,16.847116
62.0056,67.24031
0.0,1.6692216
0.0174285,5.3893304
15.9221,5.859302
0.0,9.884116
59.275,100.38449
0.414388,3.8038247
31.6808,18.013552
0.0,5.5616255
17.243,5.007217
8.78232,12.146369
0.0,6.7290697
0.0,4.242276
0.0,2.6193402
0.0,2.3739
10.5992,10.66752
0.0199787,6.2898903
57.276,75.23987
0.0,3.8894036
22.5227,18.533504
0.0,3.436407
0.539552,7.7074814
0.0,10.290769
0.0,2.644139
0.0,3.2078872
0.215605,6.7298527
22.0206,20.260075
29.2461,12.15887
13.3722,3.4885006
0.105717,5.3869944
1.04998,8.1360855
7.50482,8.837949
14.9497,3.764215
0.872144,3.289794
10.6233,11.397869
0.0,2.634169
0.180045,5.890565
16.4448,21.840714
0.0,3.7609053
0.068396,0.24725747
0.0,3.6809719
0.0,3.6431634
0.214342,1.3607062
0.127069,11.728887
0.0,4.2030473
0.183654,50.09213
0.0,5.185108
6.3236,5.313664
11.9358,5.6910434
0.546353,6.12269
22.0206,20.14332
2.0112,48.723198
0.0,4.735487
28.1376,21.18737
13.0583,7.9682035
0.0,3.8509212
0.0,3.417713
0.0,-0.6450846
0.0,3.1185136
20.2765,10.962522
9.37947,15.632652
12.3122,15.869603
0.868541,48.096375
0.0102744,1.5352559
0.0,10.595286
0.703189,6.4202194
1.73952,7.116926
0.0,1.3735249
0.0,7.0627337
131.913,77.18771
4.29189,5.8513823
0.0,5.434808
46.1839,51.11353
26.343,23.995716
0.0,3.145629
0.0,4.0323696
4.252,7.170103
0.0,3.7632813
0.00805205,2.9862328
0.0,4.8212566
9.72954,6.702429
16.4448,8.403552
0.0,4.1349096
7.88359,9.902678
0.382444,6.198904
5.31531,6.414053
0.152698,2.323838
7.30478,6.8164883
0.571642,0.12073922
27.1488,20.833944
209.235,201.1134
0.0881836,2.3536503
0.314389,9.12579
0.140637,9.280106
0.0,7.1301956
22.0206,19.431479
18.3818,20.796001
22.0206,25.171913
18.1224,22.101677
4.36972,7.899824
0.0,4.966914
0.0,7.18167
0.0,-2.275728
0.0,5.840608
0.0129563,4.005621
11.6269,22.78148
1.79176,9.8376465
24.9477,23.514738
29.7185,22.437967
1.84062,4.9720173
53.7064,21.287842
7.32356,9.404409
0.0,5.1625233
0.0,7.545021
32.5693,14.698126
0.0,9.735879
0.0,9.607576
0.0,3.1485357
40.1066,29.361982
7.59592,14.687993
0.78895,1.7000673
19.5991,11.37446
0.0684878,5.137252
0.0,7.803343
1685.57,2263.0083
0.0,4.628826
6.32027,4.1054683
0.0145336,3.396039
18.6081,20.006117
26.1972,28.113676
0.0,-0.3664825
0.0978433,12.542233
84.2077,68.527794
0.0,4.579747
8.09838,7.930423
15.348,11.493635
0.0832453,8.941355
16.0374,26.852453
0.03437,3.8594809
0.141802,6.128887
0.134779,3.801548
6.71487,6.415303
13.3341,6.757943
0.0,4.0120316
0.0,2.200864
0.0355344,3.8040695
25.4868,9.038128
32.6081,23.984901
0.0,5.645335
0.0,3.5525231
0.0,5.5243807
0.0,4.3537517
0.517011,4.7259984
5.54419,5.612913
0.0,4.858394
7.1822,7.656416
77.9646,49.596844
0.286364,3.174909
0.0,4.734222
7.64598,6.136897
0.00684528,4.381092
0.0,5.595372
0.0,5.8473454
14.9189,39.161213
22.4149,13.631188
16.767,18.802645
0.0,3.860557
35.4133,20.92527
0.0,0.45379674
0.0,2.1502445
0.0139969,5.096257
0.285233,3.6360006
0.0,5.891493
1.91292,7.2419367
0.0227304,1.9300358
200.795,85.404205
0.0,3.519395
4.70673,10.981633
0.0,-1.0340552
0.0407804,3.2478755
0.242017,4.64463
18.8113,29.089703
0.0244278,4.5715065
23.5049,6.665451
40.1683,25.5639
0.271209,5.7417297
21.4206,40.23051
20.3765,7.941638
0.0503724,3.1485734
38.0233,47.720654
0.288601,3.2806172
13.3341,18.214886
1.45705,4.412883
0.0867325,2.5614848
0.0263074,4.4226637
3.40206,1.3316255
3.8158,4.8329926
7.98251,10.7686205
7.54229,3.1223507
1.40205,6.1705475
0.182358,1.9898821
10.2071,24.223501
0.0,5.125785
470.192,629.7177
6.43881,8.359667
0.0,-5.1776714
21.7269,24.007706
10.6141,6.889286
0.487407,10.089182
4.14783,3.6168864
0.0439948,3.8118353
12.4692,7.286107
6.08398,3.3913858
0.0,3.6701455
0.0,4.1241174
0.285904,3.168592
23.5057,26.22697
23.0079,22.53472
0.0,8.780716
0.0,3.81567
9.57138,6.0567703
0.0,3.6019785
2.26397,8.632583
94.7963,108.37397
0.410676,7.025755
0.193732,7.6273394
0.0,6.6851397
8005.12,2070.1235
0.132783,3.2694392
1.04421,2.5345452
0.839133,7.010517
12.3122,10.971019
4.08312,4.22609
0.0,0.7772511
5.22933,6.2696514
0.0,6.7014523
7.72854,6.5209646
53.1995,29.809216
0.0973958,5.138647
0.630093,2.91675
1.54364,3.4966245
0.0151819,2.7560294
0.64019,4.394972
0.232573,3.009598
0.0349513,4.0234156
0.0,5.5027885
0.0157039,-0.98851705
4.78224,6.234779
39.0521,43.496292
24.5695,16.473335
0.0,4.4072123
1.32143,9.073354
0.0,5.126212
0.0,6.1542606
0.0903618,4.4978733
1.3173,0.64431584
0.814287,12.916935
1.06717,4.4696236
0.0,4.78224
36.8233,13.500661
5.30943,4.439846
0.373128,8.1702175
0.0302849,6.4258366
0.0225315,3.075382
21.8819,11.457164
0.0,4.09093
0.0,4.390396
5.54419,7.601968
41.0336,34.057697
0.120731,6.15958
0.0,6.7141848
14.9777,36.762222
0.914182,10.3196
112.449,73.91822
20.6263,27.89849
0.0,6.4646454
119.944,72.017624
10.919,19.675386
0.206025,5.7380915
15.7461,10.303353
10.5713,11.163916
0.0,2.7305915
0.0,3.6134439
0.513482,2.7426744
18.6327,18.434055
0.0,2.2180414
0.0,5.594532
3.42946,1.6522219
26.1381,11.865594
7.08421,10.018606
0.0,3.83645
22.5174,10.553378
10.2115,14.985801
0.890394,5.1363983
0.295629,3.7746167
0.506194,0.083028555
0.0,4.3573904
0.00557245,1.7474921
0.0563689,4.2779636
25.0896,20.151846
0.0,-5.3917837
0.0,4.7041945
0.0,3.4847667
0.0,5.7036667
79.2286,46.112724
64.9969,92.552864
0.128938,4.3866105
0.0916607,4.1081696
19.4241,12.186983
0.0213519,-0.45107818
11.3499,15.475045
18.7132,22.15484
5.75256,6.0691576
0.0,-0.06394482
1.54364,1.9402852
0.463196,4.5655594
0.0,6.1939006
0.0,5.3150587
15.5622,17.896578
38.0233,51.34575
23.5049,10.882276
73.3554,75.79064
24.8424,13.557365
3.2521,5.487811
0.209224,2.3297644
0.0,6.7370443
0.0,5.2784214
11.8329,9.7622385
4.26574,6.6102543
40.8006,17.869762
0.0,5.9395657
2.1209,19.3799
0.0431546,3.406246
0.096906,6.566081
0.160283,7.9842644
55.489,64.10695
18.7897,11.441232
0.147932,0.47713995
321.405,356.89975
0.0,9.659913
106.185,179.66689
0.0,2.7318053
0.197985,4.091299
0.0,0.50697553
0.0,9.631468
73.5802,29.148716
34.8729,14.580222
0.0555846,1.4123136
0.392828,4.0397906
1063.86,658.05597
4.54029,7.45006
0.0,3.7609882
0.0,4.7767496
0.0,2.6431558
14.7048,16.760515
0.0,5.155509
0.0,1.795814
8.01113,25.06326
74.4413,20.13137
0.630093,0.36059856
0.0210448,5.8185043
0.0352152,2.207213
0.362354,5.929389
59.275,37.879982
0.0,7.811903
1.71823,6.01525
0.0238001,0.06391072
63.5438,45.635677
6.53838,5.4025774
0.0,2.6224034
0.0,7.8591003
28.9819,18.786928
53.3411,21.732744
9.84674,13.318205
8.203,9.325831
29.1642,23.078882
0.0224547,5.4099483
0.530209,6.024463
2.46103,5.313857
0.0,-1.1285357
28.4969,21.354462
19.7844,14.494164
0.0,2.8541536
0.299868,5.6150594
0.0772334,4.5195284
16.2511,21.490156
0.0230888,4.7318406
0.0733279,1.3629684
0.0225315,3.2090602
19.6733,21.92616
0.0,3.1543891
20.9074,12.583548
4.4391,6.985384
6.84908,5.004883
16.4448,15.618753
43.6408,14.765355
28.8132,41.044525
19.6435,11.635135
78.2679,3.92704
3.36182,9.622934
0.0,2.9975715
12.8693,24.276718
38.704,15.7581215
11.1532,17.610134
0.0922603,6.774852
0.500156,5.082442
0.378485,3.1249034
12.9302,11.6553545
10.5992,5.309488
38.4467,23.989819
22.0206,10.09374
0.682695,6.781886
0.0,3.407557
26.8146,21.905128
0.252591,3.4032612
6.09898,7.219182
36.5915,31.092712
0.665645,4.4382386
11.0146,9.965592
18.374,15.139755
0.0,5.189492
13.5482,10.4989195
2.59898,0.29125142
0.127069,18.790733
0.235774,6.5905533
0.0,3.3097367
0.00764868,3.8041553
0.0,3.6154213
0.0,8.003439
13.4342,19.866407
0.0324436,0.6530826
4.10174,5.0904455
0.506804,5.233716
0.157396,4.7525043
65.9041,46.35282
40.0218,40.205505
2.59898,3.1877248
17.3132,14.6375265
0.0,3.3268661
8.20516,8.075463
0.0,1.7454882
7.39603,14.015946
20.1595,14.172692
0.0,8.625058
0.0,9.581997
2.59898,5.3703985
90.1931,82.9891
14.9468,7.341443
0.420006,5.8745956
13.0292,8.528039
0.0142533,4.690082
18.7132,17.135853
5.33136,15.479431
1672.53,769.9798
13.9022,7.9586744
1.58275,3.1817408
0.0,2.9785302
0.0,2.5232208
7.13458,4.444563
14.1541,17.370726
0.0,-1.4404373
32.2663,35.655533
32.6241,5.810549
31.7232,25.00025
13.9068,8.835772
0.0,9.837617
0.0137091,1.957048
0.0,12.243729
8.9007,5.8351073
19.0535,17.317944
17.4265,12.075928
0.0,2.7493193
5.34906,1.9893304
0.0,5.7750998
0.116934,3.1779084
1.98213,4.679554
0.0,3.1331227
0.0,4.693486
1.55598,1.9042099
0.0,15.324038
0.0,3.5730329
12.3578,4.6163855
32.0812,13.556432
7.67293,33.326088
29.6262,27.676043
4.66779,6.2144527
1.27446,16.478813
8.05382,6.92212
0.921524,3.51105
10.1873,21.498465
19.0973,7.1541014
89.6832,43.912674
4.68681,8.343125
0.0839333,4.9369645
0.0,5.4197683
29.3879,20.253313
8.51378,9.420259
0.301423,2.0676975
18.3982,5.525755
0.0,3.9311538
14.449,13.399177
11.7977,15.833565
0.885176,13.160963
7.12118,7.382697
0.0,5.249833
10.5706,9.76181
1.71823,-6.716857
0.0352722,3.16392
0.130261,3.0793622
122.832,191.48985
0.138583,7.9519033
0.041684,2.4773927
24.0913,17.574394
11.9053,13.207737
0.0,21.480455
0.056775,3.1097589
5.03441,8.349557
0.0,5.096713
37.6281,14.519334
36.891,13.934174
1.90929,7.557886
0.0,4.2893853
1.61219,4.3002768
13.2992,14.334821
14.7784,11.962396
0.0,2.9390247
0.0,7.4417706
0.127013,3.7606812
11.2349,9.693234
0.315423,3.4765992
19.9023,20.798174
13.1318,6.719453
5.647,5.553344
0.0,5.171589
26.145,17.071894
13.2476,11.538188
0.187759,5.42025
0.0,6.067234
11.3792,10.638472
0.506356,13.107453
15.332,8.866546
12.8615,12.9502535
9.57138,7.8318405
51.9438,90.90236
15.1905,3.8899698
0.0190806,2.177818
0.161061,6.538292
16.3773,15.5859
24.9655,17.058064
15.1906,12.243045
0.00429083,8.397541
0.0,3.9725914
0.0419176,6.2343397
5.78663,3.8059893
18.7733,9.9034395
3.93496,3.4141185
2.35076,9.99243
0.122499,5.0854354
0.315714,2.3253016
15.9303,12.251456
0.284236,4.7069445
90.1931,112.83003
10.2463,9.369336
0.0,8.331327
1.96006,5.5006733
9.33523,11.667434
4.01733,5.5135555
0.0,4.2423887
0.24238,9.58259
0.0296009,3.7309813
0.0,2.7363343
0.0,11.182123
14.1486,10.923372
0.0,8.156282
0.563877,10.202038
0.388986,4.2252793
10.5733,11.30352
0.0995542,3.9457095
0.259034,7.390626
8.32707,15.682066
0.0,3.4389517
11.3911,7.6096354
0.188157,5.6660337
0.0,5.1247106
63.3414,20.893034
26.5159,13.612915
0.0,6.173672
0.194898,4.1386857
0.0,6.763508
0.0,3.3912652
32.9818,44.700344
477.65,3.9730268
2.73993,3.8793325
4.17794,5.956336
20.3765,8.025776
0.782975,2.5067132
0.0230888,3.9688444
0.0,1.289847
17.9272,40.575996
176.437,227.51562
66.5434,93.99884
7.13458,4.5293045
36.891,28.655586
0.345062,5.5748816
0.21452,1.9949096
12.7565,6.133863
14.0894,23.491697
3.92858,3.3388164
619.796,341.31686
12.3155,5.956234
0.0,5.2465553
1.2432,4.520888
86.3551,133.86287
0.0,2.4453733
52.3091,53.835762
0.495369,24.521933
0.0,1.0010837
11.879,31.42337
2.9214,3.470152
2.9901,2.4173598
0.0271285,2.9469166
8.90006,36.966064
0.0887113,4.391557
0.512462,11.530313
4.61967,3.2949243
6.86627,6.2542505
0.0,4.620242
51.6895,36.26741
0.0,6.786009
0.0104638,5.691687
0.0555944,4.412926
0.0309561,5.818424
0.0114603,4.2939796
0.0172128,6.978842
0.0110529,3.4167676
7.14585,9.018298
0.0,6.4267826
78.4003,135.3752
37.7274,13.300607
0.0,4.5175276
0.0672646,1.2223872
23.7427,14.688293
0.0,7.7158833
7.54229,5.6354322
0.792368,5.3120356
0.0,6.7228518
0.0,6.3466644
0.0,0.48381102
0.0,5.32738
0.0,4.7833967
0.0,3.38709
1.38387,6.034998
0.0,8.18082
0.0574138,13.355151
0.212545,9.233992
0.0,6.030847
0.511169,13.622402
0.0,7.937051
2.26397,18.949633
0.0629815,2.2285604
0.0,3.7330766
0.0558323,3.3306239
0.101401,8.748902
213.647,255.65239
0.0763142,3.9592924
8.74577,12.095233
7.04266,12.276117
0.0,2.6749485
5.97234,14.930316
19.3154,17.319868
0.0757449,2.3397794
13.2118,8.960233
0.107466,4.608586
6.94055,4.082843
9.35985,6.2192364
22.6569,29.877184
3.48496,4.6177034
0.0,1.3723528
0.459812,0.736076
0.0,3.7523866
0.0692392,4.566515
29.961,27.127142
0.0,5.33805
7.64598,8.868633
7.5882,5.3872676
22.0206,15.388828
2.87073,2.7155488
0.0,4.8284397
27.4069,15.991469
0.0,4.089055
0.01066,0.23763013
11.5061,10.354694
0.0,3.5420842
9.08193,6.279028
102.181,12.843313
0.107524,8.89142
0.0,4.0472465
0.73739,4.613492
0.921524,1.1575891
20.3765,13.736732
0.0,4.7843122
0.553444,1.7354188
12.7752,16.721664
3.12215,1.5021281
0.0141945,3.1828256
0.534861,5.1091127
3.09209,6.731889
0.0,4.200915
8.37055,5.2356987
0.0,4.5658007
0.0,8.3700285
0.0,7.880623
0.0880483,5.375663
13.3256,6.8290787
0.0,4.4618654
0.424285,1.9361708
0.285904,3.383141
0.0420718,3.626875
4.98572,4.373436
0.0,6.902425
0.0764215,3.4658678
6.08398,7.373128
0.0855255,4.6701517
0.252443,5.0333962
0.051393,8.865054
0.0,7.3757896
10.5788,9.111956
0.891171,19.204018
10.8713,11.716642
0.0,3.8519092
4.26189,8.676766
0.0,5.2914295
3.32048,3.8967366
0.0616941,3.1630943
0.0,5.9727774
0.0,6.1757526
0.114664,4.7170463
0.0,6.065586
18.3374,28.381952
0.0,5.5607214
0.0,2.4771895
7.36394,7.676304
7.25476,9.635878
45.9377,61.208153
1.54157,8.246851
4.549,6.9559507
0.0,2.9004898
3.91661,4.1145205
0.0,4.504573
14.0942,13.903895
20.1235,35.400246
10.9428,18.751467
7.15691,4.9329133
0.0,-0.5167804
14.6309,6.613778
0.0,3.9352746
0.0,4.7890387
8.42896,5.1481
0.0,5.8044705
11.7892,5.2893763
22.5174,20.726873
0.0,3.5770173
0.0,9.095926
13.2992,0.9099779
0.0,5.877369
0.0,4.2545567
0.0,6.5351763
7.38977,5.34943
0.0,2.941248
0.0375261,3.3631506
0.0167446,6.668419
0.0,4.5158615
4.59297,4.2417574
7.93361,4.9277744
0.0,6.678915
49.0464,35.404083
1.01233,3.505461
10.8169,4.8483696
1063.86,1013.1177
0.0,7.4966507
18.6755,8.683547
0.0,3.2105489
0.0263074,3.6969821
2.62196,8.494694
13.1349,9.713837
1.54195,10.848345
12.011,7.7791004
0.0,4.005827
103.316,19.84048
0.0,4.340845
0.948007,4.443896
0.165792,0.6007614
0.053204,7.211047
0.0703577,2.200275
0.101169,2.1605217
0.0753823,3.6825542
0.0,2.6961448
3.08833,7.606699
17.7654,17.365719
1.68959,2.164629
0.116668,2.6273513
0.0335017,2.0422096
32.4577,22.28385
4.61967,5.3791704
5.00993,7.9202766
6.3446,8.398897
0.0,5.9433656
0.0,3.4523473
1.68959,2.6958933
0.0,2.3748455
0.229331,4.820421
0.0,5.5659466
0.0,4.3337994
15.8502,8.899331
3.12729,5.2677183
7.70401,5.99828
0.411408,4.9716797
0.0126937,2.113699
0.0194014,3.2026923
3.07149,2.4674845
1.06288,2.1959693
2.61851,2.919441
6.26589,7.1541243
4.19899,7.384122
21.1797,16.310944
2.08647,4.6705995
41.4786,39.627945
0.0372422,4.3029714
122.832,108.36841
392.591,56.44404
23.5057,60.150116
30.2599,36.288544
0.0,3.7950113
0.0105037,7.16759
0.275945,6.339499
11.7892,5.821021
0.0,2.0018234
0.0236023,1.7860332
0.0179047,6.637272
25.6265,19.91281
1.67192,5.686413
0.0,2.2872026
75.4504,22.93907
0.0,4.5801334
0.0123982,2.4974232
0.0472499,3.911312
0.172827,5.771241
1.06559,4.92419
0.0,3.6853323
9.31878,6.858265
0.0,3.3836145
17.956,11.395581
0.0,3.5480673
0.0,3.387519
115.785,103.120224
0.0480731,4.2375574
16.8315,10.712236
22.5174,3.7427359
30.0409,24.067335
0.02025,3.3733003
3.28353,3.9824655
5.1839,4.126022
2.59898,2.921279
25.2788,24.684647
0.0,4.281607
0.401134,4.6485057
10.5992,9.806585
4.28871,7.3337183
0.462918,3.508683
0.026868,3.4074876
18.8914,13.752963
0.0,4.9462094
2.08647,2.5480387
0.0753823,4.119213
0.0,7.625762
0.0,5.988505
0.0,1.8668804
14.6555,13.499859
31.5645,21.23614
30.7407,29.631329
23.5057,13.835479
11.3267,13.138666
9.5369,11.25732
11.3499,10.639064
39.9955,18.216265
2.92653,1.2556537
7.95512,3.4557471
2.94858,6.386239
0.0,8.166972
0.0,7.864397
9.43938,12.006321
0.02025,6.669591
0.0148745,3.1186566
14.564,33.777588
15.103,7.751568
0.0,3.7605345
10.919,5.3660426
0.0422013,3.558305
15.9439,15.199814
1.17167,0.8661177
0.0,5.34046
0.0,4.634939
0.0363331,1.8901095
22.2885,17.968204
7.37393,8.220588
41.3054,38.791138
1.06559,5.37497
11.2032,14.180908
0.323139,8.242366
35.0486,35.02505
49.2648,57.479866
0.0105311,2.9110415
1.61219,3.2445745
0.0,1.6751726
0.273336,5.8697023
98.9403,58.191685
30.2705,25.216831
23.8784,28.22841
9.43502,-5.8568068
0.0,2.9190497
7.93361,6.4189863
0.0,3.478933
0.0,4.133651
183.183,135.76108
16.2677,13.38243
0.808567,4.0211186
0.463196,0.35340405
0.0,4.137049
26.6253,32.516636
0.0566849,4.850548
0.344754,10.124163
7.96039,3.074637
0.420006,1.5512333
4.55654,7.095896
0.0,2.0310295
5.38437,9.888256
1.06068,7.6413736
7.13458,4.343974
0.409423,2.7030094
88.4875,7.8508472
13.2664,12.022882
0.03394,4.3226895
0.0281779,6.3591213
0.160392,4.366845
0.110217,4.2882814
0.0,8.871269
0.620922,4.4288607
111.689,71.48023
0.412941,4.1082773
0.0,5.7051277
0.641705,13.554218
6.17529,8.732621
0.0,3.9386535
81.5728,73.88744
2.24424,4.4786153
10.77,7.7791624
0.0,2.2466686
1.84609,2.653971
0.0,19.621998
0.0,4.124667
10.9407,11.7828245
0.0,4.963317
0.0,7.2111254
19.2181,9.217247
0.226759,2.6781437
0.198424,3.3734567
90.9355,139.59158
0.0,1.4764369
2.93396,2.7768893
41.5218,32.457275
8.4425,6.0014677
0.222726,82.43558
5.78663,6.504277
54.8596,36.402958
2.2827,3.9692411
0.0194222,4.0484824
0.0,3.0488615
115.785,118.26277
12.3794,4.1377997
0.0,3.1317477
0.110217,6.7428026
0.0603654,11.722445
45.1502,14.775497
18.9824,6.35165
21.2297,10.607603
42.6595,43.596542
8.8373,13.056595
0.0,1.5487077
3.90281,3.0318532
0.0,2.7054682
0.0,6.8076897
0.082622,4.2697015
0.718754,4.234159
47.7532,17.912867
14.747,19.734594
69.8851,95.6336
0.102877,1.7055166
32.5872,21.840448
3.81813,4.5621347
4.20724,6.3816805
0.0,8.045219
14.1155,7.837455
0.0324436,5.888687
16.8602,13.292635
0.0,5.7668467
25.6265,28.78199
0.353684,3.3919137
12.3578,9.807087
0.0,1.9725176
86.9453,59.70553
8.74577,6.2563896
12.1094,11.81063
56.4664,61.671783
1.31309,11.417608
5.52068,7.851475
0.0,3.0344522
37.1884,23.581284
44.0179,30.35595
11.9358,15.766699
54.8596,57.277004
0.0,2.5514069
0.0782584,3.3280334
0.0,5.3698683
0.0,7.130246
0.383168,0.4672339
0.04065,3.3548217
0.0,1.2220004
0.645114,5.3742065
0.0,5.4378657
0.0,6.536846
1.23097,5.432102
0.0415987,1.6830107
0.0803971,-0.71153045
0.102661,3.7742605
10.5207,16.780106
0.0,4.0171046
36.044,46.997147
0.0,7.44376
0.0224711,1.8123845
0.0,1.2801461
1.68959,2.8774157
0.177502,3.841382
21.4343,15.374226
118.592,110.42747
0.66808,6.1152744
0.0,2.8451982
29.4994,18.466934
0.0,3.701882
30.2831,22.12724
3.84818,5.1531067
31.889,34.552586
24.732,28.39359
0.0,2.8722353
0.0,3.611834
0.0507568,10.060474
21.4206,16.243193
0.0,4.318875
169.242,262.48898
3.02366,5.332634
0.118535,4.585386
0.0603654,5.4211617
130.387,114.85313
6.87519,10.856164
86.3551,47.940514
139.129,100.68037
0.0,2.9221423
0.0,34.5461
8.74577,9.02235
324.379,289.61194
0.0219642,4.1623945
0.162525,0.22156143
0.0,2.9306347
0.122808,4.70806
0.0,6.081603
0.473111,3.3440783
30.0849,43.385685
0.00978334,2.646427
0.0533205,5.035845
0.0,2.5008168
0.430817,2.1070294
0.0,-1.6805465
2.02248,-0.8079665
5.52068,6.4699955
74.6795,35.503513
1.47888,6.511426
15.7858,17.597347
0.0,2.899723
0.0584246,5.7667313
15.9863,13.837659
0.110139,2.9275808
0.692599,9.312383
24.1317,40.524673
0.0,3.157063
7.72854,8.384737
0.0,6.7773848
0.0,3.8554437
0.0,5.167465
0.0,5.8180847
0.571642,3.1577632
7.37393,5.746229
0.00808029,1.7815628
0.0,215.98158
1.15064,7.2990885
0.0,8.5732
0.0,7.5104446
0.0,5.15541
4.3151,8.1079645
0.0,2.8655608
10.5063,18.585562
7.62417,5.0641637
10.2463,11.877813
9.4149,3.9366372
6.9048,9.937245
28.4785,10.055305
68.9289,67.39318
6.1345,11.013107
0.839133,5.916279
0.0,5.5804214
0.0,2.1989493
1.30596,11.240409
5.34906,4.908309
23.7573,26.130999
33.7824,46.619663
12.2255,11.59979
40.1683,29.892792
0.291848,7.1805305
0.0,3.7676892
0.756351,11.372722
3.71149,4.6858015
0.293445,6.4832993
13.8431,12.554918
0.299025,4.160806
0.0,2.5475469
12.6111,17.482904
0.0,4.689498
0.0,2.2979329
0.0,4.280472
10.5139,5.9478903
10.6686,9.420828
0.0,4.0975866
0.0,7.893608
0.0,5.230789
0.0,5.3883944
5.43982,8.827814
12.2861,12.13032
0.0839333,3.9503646
0.156968,8.869578
0.271741,6.7713337
7.71801,10.724645
0.0,3.595819
0.0,3.2946534
2.56798,7.5592575
2.92301,5.428093
61.3507,48.92714
0.96875,13.076537
11.0111,13.496412
8.86629,3.569856
0.571642,2.5846598
0.0,4.4077663
0.0,1.2506512
0.0,4.2554913
34.4028,39.915817
7.46475,9.314107
0.491604,4.5019083
0.0,7.4232063
0.121057,3.9458919
20.3765,7.0721045
0.177288,11.003133
0.0,2.2424808
0.0,3.5568466
2.56689,3.266144
0.136691,7.151599
2.92301,8.397745
0.0265209,6.196792
0.0,5.1628947
32.6081,64.603035
0.885176,-0.24451065
8.05031,8.4653015
30.4564,21.268276
4.60452,9.044666
19.3857,27.834333
28.1784,28.122372
2.35078,9.39581
169.356,269.30362
0.0,3.5688355
0.0,7.1348476
23.5057,37.949123
1.58639,4.401215
2.32896,3.3406339
0.0104218,3.6152306
22.3261,9.199618
4.33894,5.3175335
2.27311,5.7114544
52.3091,31.494919
6.40439,6.53722
7.95061,11.967803
0.413663,4.237255
0.205377,2.0168288
0.0,2.5414119
12.0974,8.182882
0.0,4.4260464
0.0,5.508525
0.0658842,2.2449007
2.47586,4.435066
0.15257,5.6483116
37.6281,11.400012
2.06551,36.79507
0.0,6.2263002
0.00788695,4.7592096
0.0,5.895377
30.9536,23.970295
3.48165,6.194845
74.3385,72.78422
0.123151,4.4504204
0.0,3.4646869
1.03734,2.3167949
0.0,5.7197695
0.0,7.568014
1.91292,3.1715326
12.4639,7.0519304
0.0,6.375778
5.64726,4.6398153
0.0,6.5910397
12.6388,13.949896
13.3331,6.0664635
0.0,4.7102256
0.02025,6.357259
0.0,3.952108
0.0,5.2070093
17.5729,11.816651
2.13719,3.8487964
0.0,8.106467
0.0,3.3415136
0.0,4.9844227
23.6372,31.181473
0.0392447,3.5062466
86.3551,53.579628
0.0887828,6.2018824
3.80485,3.4916658
5.75467,6.0538187
0.100459,4.113406
22.0206,17.992952
0.120368,6.3202314
8.18259,13.59588
0.0,3.912806
0.0,3.075767
45.4482,49.29977
29.3384,25.302557
0.0,4.561389
13.5853,18.817524
9.65741,15.493703
0.0,6.934086
0.0541491,5.196411
1.5419,3.2109048
1.31361,4.6099033
17.542,7.8645067
3.78142,6.949868
0.106762,4.125695
55.8569,18.360264
0.0,5.1614933
6.61293,16.097681
1.20083,1.0488465
33.0979,19.08338
43.6408,21.992949
31.2435,30.68042
7.39194,120.13382
0.0,5.824519
0.0,6.2301683
0.00736899,4.2658067
17.6053,13.301075
8.95032,8.277445
0.0304709,3.0638423
0.083875,3.092894
0.0354768,3.4823253
19.7884,29.907116
7.1303,10.699956
18.2676,11.525677
140.312,157.65459
0.0,6.202176
11.124,8.12021
0.0729982,4.505761
0.32082,3.4977474
0.229634,3.108605
7.45069,8.701105
6.49652,12.019217
177.36,138.09715
0.0730304,4.200547
2.46744,6.3832083
0.17597,6.7159615
0.05699,3.4325652
14.5572,13.585685
0.0,3.9213693
29.1625,20.729338
8.54713,4.539357
0.111079,3.6729867
0.0,9.341093
0.0629288,1.9928901
0.0,5.2824454
0.0101776,6.508877
0.0215975,6.3520947
44.4679,25.246984
8.77471,3.7039363
42.0758,17.470638
11.8048,8.800591
13.3117,14.835848
29.1625,20.112123
1.25105,8.706191
2.7153,8.064884
0.051393,5.1832056
0.0,3.001625
16.5466,23.37767
1.27604,11.064129
19.4241,18.494745
0.979575,1.9268373
0.0,6.205326
30.6925,25.926702
0.428143,4.154502
9.13831,5.922317
6.58066,7.2303524
112.357,46.158504
0.0,7.7179976
0.0,3.0351636
4.66285,8.550116
38.0233,36.07495
68.9565,23.437815
11.104,6.7194004
16.2904,16.49872
6.73429,8.053133
7.76978,7.3293486
0.0,7.445219
0.0156339,5.7728443
0.502828,2.7688067
19.4094,10.252513
0.360221,4.2930126
0.0,3.0056891
2.66615,5.779695
0.617037,3.4478388
12.9819,18.608547
0.535877,4.740155
0.0,3.149362
11.3911,13.288349
10.8847,23.622644
1.90851,8.3035555
0.0503724,4.199197
0.0,5.356997
738.118,699.46246
7.08421,8.040749
9.4149,14.15956
4.54834,3.460525
0.0,2.136776
0.0,6.5719023
6.94088,13.607797
15.7273,10.386663
0.0,3.2113323
23.8502,7.3643274
1.05497,3.904068
0.0,3.3661177
11.3267,4.504861
97.4455,50.727425
7.8291,10.419815
0.0,6.5065336
9.01874,9.428367
0.0,5.506241
26.3396,872.70447
2.70478,4.094828
0.0,14.421514
0.213089,2.021224
0.0,0.41397464
0.0,4.3646245
0.0,3.954317
233.507,222.80957
52.2343,58.903316
0.0,2.2925932
88.1568,52.107483
0.0,3.612886
0.0,3.5091019
6.17503,8.2274065
0.556871,3.5955458
36.9143,43.906437
5475.9,5.6200905
8.01113,25.482077
3.33636,8.6393175
21.4343,9.751238
0.0,3.8160527
0.0,4.5771074
2.38675,15.138759
0.0,6.320215
0.0219642,8.4398365
5.49693,26.065311
4.21381,5.6154943
0.0,2.6426954
0.0,4.1235275
39.0521,73.74309
15.332,13.855606
679.721,1228.2526
23.0211,15.873377
4.89894,6.4576902
0.0,4.6909475
49.2648,47.43418
28.4723,24.855833
3.99544,3.713686
1672.53,388.753
1.06258,4.480174
0.0459681,4.672185
3.84675,2.22496
0.887909,5.2178555
0.0950896,27.609663
0.0,5.4718866
0.013317,3.5556917
1.7788,5.0395184
1.4467,0.5757468
0.0,9.05102
279.087,331.81998
7.79452,2.822129
0.301423,5.0593634
2.24119,3.8847744
237.319,325.328
0.459964,5.2765064
0.0593236,4.1310344
0.0,6.0474644
0.523938,2.907868
9.84674,12.293058
16.4448,12.104443
7.05387,10.609021
0.0,4.346117
0.0,3.1501784
0.0,6.175175
0.0610322,4.634098
0.0522123,5.127102
0.300234,4.637478
0.608552,10.932413
3.17315,7.806882
0.0373695,3.258401
0.0213519,4.4894223
0.0279625,2.612318
0.0155102,3.8013391
0.0246216,2.5149963
0.0,1.9540739
0.0,4.050615
0.230342,5.0929966
25.6265,20.283583
7.53909,12.357739
0.0,3.3289843
9.89553,8.981045
63.5438,87.67005
0.0838009,0.5735556
10.4744,10.917852
0.0713469,5.2791452
0.0839503,3.0550075
37.578,28.42956
0.718,17.814081
0.0,2.252226
0.0,4.0527983
13.3267,7.49321
3.5795,4.229343
1.45222,7.3876247
0.0820103,0.050295115
5.35623,6.17935
0.0,4.9445925
0.0916382,13.204665
0.489444,6.7155323
0.567987,5.293807
0.0,6.263131
3.77614,4.47103
21.4356,15.574897
0.512462,16.058905
6.42352,7.4555836
0.0822271,3.991134
0.0,3.7021427
5.13061,4.890893
36.5388,37.253563
86.3551,51.523605
0.0898809,3.3746276
2.02652,4.858796
0.0,1.5441928
31.6466,18.86575
6.74333,4.490884
0.0,5.5344715
0.549255,3.8397167
28.6632,6.5942764
0.249562,2.7278755
11.6645,9.167366
11.9639,10.787715
0.152976,10.054361
0.02025,3.1782598
0.339197,5.003772
0.588782,6.0325017
20.9569,16.382063
0.0,4.2205067
13.1673,10.747366
16.651,11.93749
140.312,97.08256
0.0,5.6011524
0.0355344,2.6737764
15.2078,12.112089
0.0,4.239349
12.6788,10.04611
0.0734416,1.8933852
23.9047,12.0266285
0.0,6.161474
0.0,6.9366302
0.0,5.9794946
25.2336,8.771071
0.0,6.036868
0.0,-0.33371425
7.92102,3.7484748
46.9646,60.61887
2.13995,26.193855
10.9823,13.691969
0.0,3.7886398
2.15402,3.1314692
0.0245227,3.6157022
0.0,2.2492666
23.9789,8.219945
6.32027,5.176809
0.0,3.159503
0.0509695,6.136545
14.5905,12.499185
0.839133,6.2953663
13.3117,4.776063
0.0251359,4.1781454
32.2659,28.410967
18.8462,33.090904
7.39194,88.44225
0.92021,6.610388
25.7777,30.143156
4.24562,5.0765324
29.1625,26.94065
8.96842,14.928309
5.75649,6.4737606
4.3179,5.228856
2.54224,3.313055
0.0,2.069675
1.02096,5.536062
0.0,5.518317
0.0,4.877711
43.5617,21.515608
30.673,25.399055
0.208071,0.08155894
6.18135,6.71459
12.5145,23.264687
0.0,6.189743
1.95849,6.6043825
29.1625,21.950344
0.0,2.0525396
0.0,4.6895466
6.81067,9.771034
0.0115032,6.1683707
7.13458,5.8632426
0.425769,5.9706635
10.4744,7.871044
0.0,4.056342
6.86443,13.449017
0.0,4.2272916
0.0,1.6138525
4.3179,7.1405153
10.9794,4.873333
1.61219,5.3341255
7.81582,7.4385033
6.58066,7.5210266
4.6034,7.5050526
1.83406,7.530099
0.0,6.771837
0.0841203,2.7010515
9.36878,9.904709
0.0,4.980953
3.34347,14.6034
0.0,3.224546
12.3122,19.311394
10.5992,6.644369
38.586,35.572823
0.917604,14.034696
0.181888,3.5605812
26.6832,35.732708
0.235525,4.275383
0.095025,3.708383
27.1771,16.515366
0.303334,6.6154594
5.64967,8.509195
0.0128127,3.6980495
91.0492,122.876854
0.0,4.042978
12.4882,17.22319
0.0136762,5.4348507
0.0,5.4511986
14.8373,8.545607
0.0,3.145022
56.1358,18.357347
0.0,6.442848
1.45654,4.930875
10.2172,6.2073765
4.9864,7.913949
0.0,4.811985
433.955,339.21368
22.0933,6.7792597
0.714812,5.4286814
0.0,3.8619795
28.4969,3.0318785
0.22857,2.9045892
0.0,7.896325
3.97178,7.5617065
129.109,56.866882
0.0,4.882715
2.29405,2.6967847
0.141802,4.8703074
11.7739,5.6158657
19.4241,20.539505
15.9863,13.816158
0.227358,1.2307405
19.0973,10.861164
0.0455585,1.7735951
0.0717698,6.2420783
0.0,4.342535
0.0,1.931244
2.57364,9.260055
0.0,2.2099087
0.266531,5.0267553
22.2375,20.245207
1.85569,5.310546
8.39144,11.910211
0.16172,5.2309647
0.571642,3.328524
8.30447,5.057967
5.45671,14.97607
5.54694,9.793442
0.047398,5.616396
2.12334,1.8723223
0.0,6.9728584
0.0,3.9730878
0.0,2.508631
30.6925,32.548336
127.163,77.95459
16.7626,19.077778
0.00913518,5.311231
0.0,3.0664647
22.8508,20.131636
0.0929124,4.49248
803.796,568.4107
0.0,5.1473484
23.5138,8.84777
27.8084,20.100004
3.1273,4.167658
82.7121,37.276737
11.0977,3.2630253
0.0,5.281708
14.747,12.333567
191.374,183.1123
0.0,3.072896
4.68443,6.3887005
4.98238,27.447166
15.3241,8.895465
0.0,4.54125
7.81582,8.12947
7.40513,6.582307
0.097734,3.1181827
115.068,143.91072
0.0,4.7842155
0.0,5.92129
0.0570198,21.89882
1.73356,3.0975142
1.04575,4.793732
0.0,4.1185617
3.12215,3.9611614
4.42726,4.603302
0.0,5.187727
9.10983,10.833834
0.524087,4.839019
1.13365,5.80339
2.21372,7.685728
12.3578,11.017213
0.118923,2.49563
20.3765,5.7481093
1.56199,0.9195299
5.63371,10.51506
0.0757449,1.0689175
0.0162431,7.264207
13.5683,8.588043
11.3063,15.643996
0.0194222,5.008192
6.51382,5.7399874
0.0,0.63330054
5.78663,5.9263797
604.396,1043.5432
6.86665,2.927604
0.0105662,5.8508945
0.0,20.076124
30.096,4.5462723
0.0,6.2202253
111.675,50.71218
18.459,13.614892
17.3016,38.660713
9.18444,9.40839
16.7824,9.831351
7.93361,11.637843
0.0,4.9226522
6.80446,7.8012247
0.0,1.5730863
0.0,-0.5163791
19.5569,12.877634
0.0828994,8.92334
0.0,4.8385425
9.31878,7.9838123
27.025,32.32933
6.68128,9.32255
0.0,2.803305
0.721388,3.2178855
0.0,4.779809
1.18369,2.6598868
7.25476,15.854434
7.56531,5.3453536
122.832,58.17409
2.49685,118.364784
24.0281,24.153276
0.0,5.0657387
21.654,17.421019
0.0,3.5509691
29.2456,42.78424
0.19443,3.414225
0.0420966,6.5657606
80.836,78.34766
4.60452,3.6177626
13.3341,8.328351
12.7252,10.246865
0.0,3.7169902
18.2676,7.706723
0.0,5.105027
3.33855,8.840526
0.0290253,4.87825
17.8416,6.399482
0.0,3.6904228
2.55277,6.5045366
0.0,5.4285946
18.24,23.832676
0.0,3.1865585
11.948,24.838232
0.0,5.0111985
0.422748,3.786777
0.0,4.9556437
0.0503724,1.0237954
0.0,5.46926
0.0236888,1.9954451
18.2872,8.798139
3.93496,6.1220117
19.633,20.765234
0.0834597,5.7271204
0.0,6.8088207
0.0352451,3.4908245
0.0,3.385964
1672.53,550.80286
5.86486,10.728454
11.4053,4.6757727
17.6053,18.021023
0.656222,3.5303059
0.0,1.0744711
16.4925,24.40969
60.3985,30.583902
0.0,3.2538936
1.35988,1.0657377
0.0,4.265166
0.0,3.886457
26.8509,23.731766
9.97241,4.2980213
5.29795,6.8692703
0.0,3.1114476
9.32373,5.6942163
0.0,5.0088415
0.449778,4.7302322
9.77936,9.095457
17.6207,4.1790223
2.85747,3.356089
26.037,20.662395
0.0,0.09068489
3.02521,5.0696135
5.1839,4.2795806
18.8538,17.882229
0.0163261,4.122739
10.5311,6.544386
32.5872,23.042095
3.45836,5.817438
53.7064,6.648452
0.671246,3.8959007
0.0,5.8553734
0.0,5.988907
9.12907,7.277856
3.62445,2.4475067
0.0,4.7374835
0.0,4.05433
8.57879,10.178933
13.1723,5.695427
0.0835701,4.4235945
23.2,81.90449
0.0,1.7397227
2.54224,6.9555683
16.7526,9.197897
3.68317,3.1116204
0.0,3.4215956
41.3248,46.434982
1.93666,4.4938145
14.8266,7.248419
0.0,3.7818584
0.0,5.975909
0.97247,3.362052
16.1453,8.98536
0.0728837,1.9123442
0.104211,2.8138945
31.889,30.678732
0.20584,5.31661
0.0,2.324531
0.298915,3.2265792
0.0,4.671402
0.0485279,4.560829
4.0058,5.487464
31.889,44.407043
0.152947,4.93946
0.0393917,5.491301
53.0483,44.381542
0.0,8.910209
0.328067,1.9601717
0.609691,8.22216
0.0,7.7312164
0.0698554,3.2450848
0.107832,2.2198186
0.0,4.3786445
0.00507226,4.5749683
0.0,3.2461896
36.3421,28.057856
6.02408,10.183682
0.690993,8.29105
0.0,3.4997396
29.1625,16.89469
0.0,3.9223404
0.0,2.9560466
0.121235,21.703186
0.051393,11.108871
5.4827,6.7451134
11.7479,10.514703
5.20518,3.8495123
21.9464,39.95812
40.0165,24.020737
13.2992,9.652105
37.7718,29.422117
0.620975,4.9578185
6.93167,2.589769
0.0434396,1.1829511
8.02989,8.562367
45.6525,62.74725
0.614049,5.2011204
0.129307,3.6291127
0.0,4.947289
1.90929,3.7574687
0.0,7.1065674
0.287893,56.05278
0.0114788,1.6033355
8.67667,20.660776
46.1337,58.57395
0.0,3.585194
8.05654,13.372409
0.0,1.4522104
78.8296,43.6128
0.0153356,2.8966153
16.4925,28.020195
0.0,7.681075
0.0,5.733052
56.6049,46.993473
3.23535,4.138983
0.152411,6.718605
5.87166,6.308426
0.0,3.9598331
0.0,7.014432
0.748226,6.9966087
63.6629,62.054466
0.0,1.6601694
5.4147,7.906597
0.549255,4.1680927
19.0973,6.6872272
0.0,12.753118
28.2793,25.52349
1.20083,4.211943
0.0317711,4.4102163
120.835,222.46675
0.051393,4.460518
0.0,3.2660146
0.0,7.427413
60.282,9.855359
6.42341,4.0838203
36.1941,21.457047
143.863,328.40164
0.0,5.265524
16.2326,9.051702
52.5314,37.01268
43.5617,30.025242
4.252,6.3729277
0.051393,6.2308874
0.0,4.036317
0.0401582,5.2960286
0.541685,1.2069579
0.256811,6.1717777
57.1242,14.754653
89.6832,100.17197
0.0131697,5.4117384
0.153342,20.56728
0.0,5.2926893
19.3196,16.933477
13.2166,8.124934
0.0,8.261687
15.4015,19.98976
5.46058,7.857849
0.0,6.9902763
0.127069,5.960783
0.0,3.4223804
4.97182,5.504624
4.02535,6.3693438
10.6701,6.6828165
0.0,3.45027
0.496241,4.176784
6.39267,8.145512
0.0,2.7353437
0.0,1.9008236
11.1346,6.7719746
0.0,4.0777187
51.9129,70.90181
6.3136,15.073127
0.0605592,2.434621
1.80628,12.080336
0.0,3.1218908
18.0396,40.2794
9.15854,18.237669
0.0,4.567238
0.0,3.0587342
10.5992,8.880724
0.0,2.5403547
0.044806,2.726768
0.0,4.0590267
74.4531,49.753185
0.0834597,8.094935
0.233901,6.374793
0.0,5.603716
16.5429,8.30011
0.0,2.3016229
0.73589,11.4888935
0.0,15.834328
0.192778,6.1959467
1.44816,9.544424
7.8008,11.786049
0.0158908,-1.6967967
18.1224,15.559491
12.6267,6.9522276
0.0357039,3.3578715
0.0,7.6040573
0.693186,3.2200737
0.0,1.2425009
0.0,5.7614164
74.0086,11.797076
27.7688,41.268475
18.0695,33.884148
0.0220698,0.21840358
0.0,22.5229
0.0476741,14.25614
0.0,1.9071457
14.0127,7.8157215
7.54107,5.581149
0.848641,3.2644832
0.0,2.996696
0.0403607,3.1907187
1.77667,7.1912613
27.6481,11.894211
0.0770328,5.358082
0.0547491,3.5493267
73.0222,46.775974
4.27748,4.744539
4.17273,3.9244819
0.40842,11.562313
0.0362889,8.4747925
11.2349,7.193528
19.1377,6.9637785
0.0,4.928925
12.7252,6.6120577
104.993,184.08571
16.5368,12.5672655
0.0575151,4.7438927
21.4822,21.376772
23.5343,11.638013
35.6083,52.26078
0.0,0.8054147
4.50449,6.408554
22.4149,33.092556
3.84611,7.8265553
0.275945,3.0169194
1.07475,6.24206
14.8363,12.212208
0.0,8.357678
119.708,155.85957
321.405,221.26976
0.0,3.645745
0.0426607,3.4502816
2.93284,3.5996356
0.0,5.610465
0.0,3.3600836
3.08732,4.9431305
0.0,3.8148046
0.129545,6.055108
0.0153356,4.118305
0.0,6.8918304
0.0,3.8185616
0.392828,2.3339083
0.0,10.78656
0.0,5.63638
8.51798,8.619687
0.0348319,2.5893009
0.383168,8.363221
45.1028,32.544594
0.0522945,7.48553
4.06435,2.9950504
0.0645255,4.661861
3.42946,3.4288502
0.0,6.705229
0.0,5.440503
45.1028,11.2204
0.0626873,4.5088606
0.30269,8.401338
0.0,5.142048
0.0,4.884704
0.0,5.383136
0.0199938,3.259399
0.0,2.6641192
0.0,2.3431973
13.8575,14.73998
0.0,3.345594
19.5035,8.6834755
10.5706,11.998497
0.0747677,3.7864807
28.7081,42.10353
12.0554,10.135673
9.20815,10.49974
0.0,3.4647112
0.620975,10.721653
0.353103,2.113359
11.0758,17.284492
23.569,15.014059
22.3011,17.64982
0.0212999,5.528518
111.675,88.71655
0.0,5.314799
2.76975,8.6380205
0.103637,3.511262
0.0,4.3671284
4.18717,-1.1974256
84.2655,48.163315
0.0,7.909869
22.0206,24.757208
4.2247,2.182741
0.0,12.525006
0.0,3.33578
0.051393,11.274943
0.0,-1.6317956
8.26378,10.669061
5.69346,8.429883
65.7185,24.914482
0.0,5.8133507
5.78663,5.501753
0.0,4.394331
86.3551,114.94282
0.0,4.154219
5.91012,4.069771
0.0,4.3626337
19.2374,10.986787
0.0505051,5.229272
0.556026,7.79126
0.97247,3.332224
9.4149,10.348139
22.0206,33.05734
28.7411,16.80997
1.24448,3.1177144
51.2472,50.537277
34.3014,31.067522
54.3593,62.47055
0.0,-0.039427757
0.0,3.8407457
26.9829,28.086887
31.8925,24.366611
0.0,-0.34875727
15.892,10.53578
0.36302,0.47372198
34.4265,23.061708
4.68443,12.195139
0.0,5.957899
0.180957,3.94342
0.0,3.59316
0.0995542,2.5807178
0.0,2.664074
0.00530669,3.6610832
11.3911,17.242802
0.0,2.8271656
4.87841,0.7659217
39.6302,51.973316
29.6133,27.938047
0.0,5.7184124
0.738765,6.5284977
0.0,3.7175329
7.18879,4.3506107
0.797986,7.2386026
0.107545,4.282816
1.28859,10.031608
82.7146,65.66048
0.0,3.5647697
3.90281,3.9521792
11.3499,13.594608
0.0,3.7352352
0.943136,3.4426236
20.3512,11.6359215
17.7008,14.002063
1.17408,8.943704
0.0,4.9958563
0.0,3.4717069
0.0,4.204702
0.0633624,2.9558878
86.3551,47.042404
0.241877,6.372137
0.885176,5.2230873
105.491,75.9138
0.080121,7.716956
0.0,7.713649
93.6522,125.09871
0.0,4.7489395
0.0,9.046566
6.7555,3.3127565
0.0358678,4.2533646
3.9012,3.126844
201.331,224.90973
0.0507568,2.78943
0.0,2.4873173
0.0,9.064555
21.6391,22.994925
6.18583,5.425497
69.2914,24.302086
0.0,3.2777395
1.67974,14.442723
0.0,4.452983
0.620975,3.5428944
8.30396,12.487716
0.544829,6.594179
0.265813,1.477096
19.8674,14.474575
0.0,5.8401175
16.0374,10.252152
0.0,5.846192
97.5563,68.011925
1.06258,3.5763118
2.49417,6.245057
0.523938,6.9588337
73.5802,47.73185
0.0,3.2531667
7.13458,7.8988867
0.728755,3.68649
0.465225,3.4195018
32.3352,19.255941
2.47101,5.8435106
3.41377,5.15544
3.57158,3.5357778
0.0135177,5.255516
0.0,2.708525
1.80628,10.257028
5.35623,5.223256
0.0,4.8194904
0.059171,6.3372574
0.0,5.491926
0.491604,2.788714
7.60593,10.1821165
0.0,2.453858
4.21751,2.9954085
19.3196,8.265714
47.6269,15.058374
0.0,3.059674
0.0422013,2.163278
2.79726,6.97686
795.558,484.44022
1.77667,-1.8642838
9.31878,7.4812317
0.667733,6.1364117
28.1376,15.864023
0.0,4.4077177
1.61219,5.5454063
10.9573,8.57934
9.26149,10.950418
0.75264,3.612662
0.150105,5.4378223
0.0,7.945979
0.0377064,4.1090717
1.13365,5.130378
0.0,3.309773
3.20005,6.046324
6.58066,6.69584
0.0,3.2958918
0.0,4.2686934
4.07364,7.7392607
0.0,4.8348823
6.66949,7.0673895
0.0183687,2.4102695
0.230382,5.633461
120.835,99.74082
0.0,4.8059726
0.0,2.3240852
0.0,9.606608
1.76909,2.4572918
0.0,3.575665
13.6658,35.991547
2.6963,4.482086
11.5815,8.70088
13.4395,14.157743
34.9534,2.6716423
1.55502,7.5546646
14.3642,13.927982
5.69682,0.75142336
0.0546572,2.972823
2.36522,3.0782642
0.0,6.3335276
0.287353,5.8536873
0.149905,6.047559
0.0,10.33499
8.26423,9.313208
11.6114,10.186121
11.9164,4.841684
3.12215,3.7795997
0.0,4.4179897
6.43976,7.444971
19.4241,19.009161
0.0,2.2807062
0.0,6.4047346
29.9351,35.32782
21.7269,40.36422
8.26088,6.172833
0.0,9.991377
0.0,-0.7668958
0.02025,-1.9302814
0.0274204,4.3374305
0.0566512,3.8826208
8.72667,22.972239
0.0400654,8.538059
0.0,6.009634
0.0,3.9004354
6.328,16.488876
0.0,3.0808606
12.2817,8.844527
20.3765,8.915896
0.051393,6.2746973
0.0,4.69927
47.1426,34.874146
27.2276,18.045599
0.00938709,0.89768183
0.0,2.329126
9.47358,10.975929
26.5595,16.244884
2.34971,5.5146103
5.22933,6.3581467
12.3578,5.5088644
0.0,4.579109
24.7055,39.64871
32.9177,44.96643
0.0,5.173035
0.277901,8.348182
0.0711728,6.14974
9.9046,3.2938275
0.0,3.5329835
75.181,28.796282
0.0,3.5058246
0.085572,3.036264
43.0722,32.173744
0.394956,9.00543
0.0742893,7.366412
0.0,4.9588213
0.0,4.229343
0.599144,5.875062
5.54419,7.615426
26.9514,62.1239
0.0,2.8244338
51.3322,21.849308
3.35149,7.1343355
40.973,51.06927
15.4888,4.7009444
8.30447,5.8185587
0.223349,3.8047645
0.0628048,5.387272
9.93582,17.433193
0.0,0.6581669
3.8445,8.1182785
0.0227304,0.89871407
0.0131004,8.485158
0.0,3.219814
0.433299,3.645824
4.09223,5.4367795
0.0,2.9004126
0.0231881,16.33259
23.0404,19.418625
0.0,3.4325185
17.6053,8.318865
0.230591,3.1185641
0.0,4.2146397
51.2472,68.829285
0.0787372,3.8417149
0.0146776,6.5120134
68.6615,45.0711
4.18162,7.792019
5.34906,5.275394
110.162,172.2127
7.56916,5.965716
0.1805,4.951024
0.0,6.582222
12.6712,12.703514
0.0,4.45795
2.73993,4.6162024
0.785868,3.4240508
0.0,7.459816
0.0,2.3227162
0.0,6.25968
0.0527473,6.887746
3.86845,6.8483562
0.0,5.0842404
0.709381,6.460226
0.0,4.984879
9.33566,7.8530645
0.529199,4.3363347
0.0718414,3.6256323
4.61967,5.796708
0.0,3.5757306
4.54029,6.1172824
3.09294,5.185402
0.0,4.015045
72.8354,83.020935
0.0104653,8.648626
7.77801,7.6206694
0.0393917,5.970359
1.50983,0.4994911
0.0617473,4.7662125
0.0,6.0826283
0.0,0.59817934
1.12193,3.2605224
16.7626,19.466396
0.885176,8.088065
24.7055,18.000006
6.58066,5.2175527
0.536304,3.4209223
10.8125,8.600814
0.0649161,3.6748528
4.52996,5.014523
0.0,4.5738535
9.34879,6.3661385
0.0618302,4.0656505
3.5795,3.0358975
0.0,2.0896811
0.0,4.574154
0.0,7.5767584
5.90745,10.213246
0.0,2.6068342
0.0,240.60515
6.71538,8.354147
0.095025,2.9884355
0.456012,7.8580055
6.58066,5.291772
2.56798,4.0082197
1.59973,1.7877967
0.0,-2.0921972
29.3585,24.160992
13.1998,10.683215
1.34825,3.7852206
0.227111,6.919221
3.80604,5.886035
0.0,8.838204
0.0,4.6476145
5.06316,10.0411415
0.024356,3.751
1.55777,2.9253194
7.65143,14.787029
433.236,429.9972
0.0,1.1190547
0.0,4.3149023
74.3385,41.936657
4.90962,8.108066
14.6234,6.7533913
0.0261993,4.1367702
0.0527842,2.3742785
5.06259,4.0978413
12.9993,15.34097
0.161006,3.1849465
15.8345,28.952032
0.0,7.7729225
0.0,4.1175423
0.24016,5.451313
0.0,2.2643912
19.0873,14.795185
58.7983,52.541058
4.42726,4.2474866
1672.53,502.62558
0.0,4.7212324
0.0,5.6119576
0.072993,2.025094
13.0144,16.757992
8.7999,8.14579
0.72045,5.0371075
0.0,5.4560585
0.0995542,4.415222
29.2456,27.927324
0.0,4.3235497
20.1574,35.59519
0.0629815,3.0240982
49.0936,29.449944
0.0129563,3.629867
8.62209,9.158896
8.76341,7.7968493
0.0,4.9993916
0.0209403,4.5098753
11.1321,11.025595
7.53909,4.7068024
1063.86,657.193
0.131985,3.187182
0.0,3.572115
36.8578,20.414146
0.0,4.6231785
0.132043,5.667286
0.0,5.726569
0.0,3.7453709
36.1142,18.38525
2.29766,4.497657
9.91484,4.3205867
10.9277,9.440571
39.9574,23.942215
0.00730784,5.1172047
9.21049,9.140365
6.94088,16.570463
5.41473,6.1601276
0.802453,3.3351204
5.71728,9.0650835
18.7259,11.302664
7.93361,7.5309935
1.07729,9.694525
21.2036,14.452352
21.5036,28.187883
0.051393,13.1036215
0.802453,1.3895928
1.00717,4.41967
0.0373142,6.4612694
0.0,4.1963053
10.5139,9.264823
169.019,103.877525
0.161006,4.807493
4.237,3.7459683
10.8066,15.045608
8.39353,7.708194
0.0734416,3.0728478
86.9453,118.921524
7.93361,9.094645
3.29977,10.289835
14.6604,19.638
0.0165132,5.831728
0.0,3.874076
0.0,2.79683
0.96875,10.611808
11.4504,11.618998
0.185664,4.595785
0.0377064,-0.72762704
6.4306,8.098406
9.31878,10.188749
0.0,6.8334465
5.24318,3.6146045
0.0,5.336034
1.17427,24.54648
25.3452,13.660638
11.5061,7.531622
0.0,4.2997336
1.83906,4.6762414
0.272837,11.24267
16.8529,27.360424
13.3136,9.453037
8.20827,13.845222
4.29189,9.083431
0.0,3.735888
25.6265,17.43185
41.0927,10.78049
0.430381,4.504062
279.087,247.24576
1.7675,5.8165092
0.051393,12.598952
0.0372422,4.8065825
0.0265841,4.9924197
8.57879,7.313072
0.0,27.67989
0.0,3.863552
4.0694,3.5354886
76.8259,54.518856
194.475,159.37027
9.42356,10.128484
0.0,4.768111
0.512229,6.4651136
74.0368,55.352245
12.6916,20.048388
16.5429,14.306478
6.4931,6.5739336
4.41312,5.8871193
151.65,130.74208
0.0,6.5270004
2.8793,3.371553
3.36491,5.3387203
36.4117,44.136143
1.58275,2.5570173
0.0,2.3847008
36.2545,92.41686
11.3267,7.6242332
0.0,5.1583204
49.6929,8.861525
0.403338,4.15699
0.0471991,5.13208
0.0,7.054145
18.7978,25.67014
3.74538,5.9221525
0.0,25.390715
22.5027,39.621063
0.0289597,4.8908405
0.0101273,4.432389
36.7233,37.876434
0.0841613,2.5933542
0.0,4.8451033
9.31878,7.6869507
0.342275,5.3396206
0.0,2.2017188
0.0,3.2615216
0.0764985,1.1016877
17.2556,16.081032
32.1457,27.48356
2.0112,33.727863
0.173498,5.360238
0.0,3.9681187
44.4679,48.58347
12.7752,17.310163
26.0107,19.386065
0.0,3.7574863
10.9407,11.848215
0.0,6.512265
9.01383,8.876069
48.3711,25.901321
0.222726,79.480965
0.0,2.6948056
0.27959,4.8627644
0.0800517,6.8743525
0.847076,4.3541994
231.91,208.87517
0.709997,7.3719006
1.09037,2.953777
0.0,5.4825892
0.0582332,4.500596
0.124839,3.0277834
11.0861,16.52033
0.112871,5.1968822
11.3456,11.340051
0.249089,21.962112
141.18,140.91245
0.0,6.783083
0.0,3.7345634
0.0,4.243289
28.1376,43.670395
10.1402,7.4335938
3.5073,4.65364
0.150105,3.5953598
6.80099,10.9639635
0.0,8.733353
169.204,184.18565
0.0,-2.4580238
0.664123,3.4105496
6.30371,7.35769
0.373249,3.0927243
18.3229,13.549538
10.3037,14.763386
90.4579,33.244053
42.8984,97.226
0.0,4.421418
6.08398,4.7349
0.0,5.0931873
0.0995036,3.12408
0.0274508,7.901211
0.0,4.354165
15.8452,17.965405
0.0,4.6290355
0.0,5.4518394
0.0,3.0672219
0.080121,4.9314814
0.283806,5.986207
0.0789583,1.1982679
10.5476,3.5983047
185.622,4.138975
17.5688,5.690733
12.3842,5.286318
0.0509011,2.223753
0.318302,3.0460572
3.81985,4.8266034
120.835,52.485115
0.0,9.325982
0.508521,3.5143633
17.2556,10.013668
0.0261848,14.259172
0.0,18.873161
14.3497,8.649833
30.2705,20.890488
0.0653796,6.9071217
4.7978,4.4181595
0.0,5.62877
0.0,4.0411015
0.182946,17.772463
5.38391,6.3734074
29.2058,44.7828
8.26953,7.959367
32.7106,15.382994
0.123353,0.6215167
0.718386,4.175455
16.4925,11.40711
12.9819,16.33247
0.0125627,6.15639
2.2593,3.3544445
0.212028,1.1495516
0.536926,2.6199062
0.343881,3.5728893
0.267752,4.381008
36.5411,36.411736
0.0,1.4175645
2.46857,5.9997053
0.133054,11.001103
1.66338,3.764142
7.23403,20.02417
0.609934,4.3141384
0.0,2.1154919
0.0,4.7573433
0.31687,4.9248476
0.304523,4.338766
10.0312,13.282976
10.5758,12.65316
0.0185423,4.909803
0.0,5.3728743
11.8048,7.340973
0.259435,5.3415194
19.9112,14.001725
213.647,156.4844
33.4182,24.215506
0.0730475,4.8422623
19.3154,6.170195
12.3308,8.633803
0.0,4.460161
8.20516,3.984604
0.0,6.7531805
0.127783,6.9740667
5.52068,8.640675
9.45517,6.5071507
12.6388,13.100586
0.0,4.7108545
0.0265841,3.3029518
11.9044,9.976678
1.02217,13.235556
5.24318,6.8879204
0.0,0.40610933
22.4149,21.745817
0.0,5.0916424
0.0266381,7.2981625
0.00610409,3.4627938
24.4512,30.330196
18.6327,30.565983
6.11442,12.803089
15.8345,7.7461233
0.0436978,4.356161
0.00727648,4.0499864
0.0,-0.24588108
0.00673864,3.7402654
0.0,5.2633524
0.0,5.07139
0.0,4.688512
0.457822,5.23186
0.0205246,5.3533983
0.136145,5.0289617
18.3487,9.628777
0.0142478,5.2433267
0.0123982,2.6034007
10.2463,15.435075
0.0,3.879298
0.0,4.985241
0.0737911,5.175337
0.0,3.986249
0.0,5.63043
0.0,5.085494
5.06259,4.7561893
0.0,0.71457314
0.235525,4.8377323
1.79644,14.73895
11.1811,14.949384
9.32373,6.700158
166.341,174.26271
0.0355143,6.71914
0.0,6.825263
11.8048,16.319225
1.21872,10.77404
7.00486,5.8900185
23.342,44.869675
0.0130588,4.6125164
0.0,3.5022163
0.0,5.111458
19.6144,10.751523
0.375869,5.563718
0.0,5.1819973
17.383,10.325229
86.3551,64.901474
4.08251,2.5252573
0.065881,3.3575084
0.0,5.742551
0.0,18.36654
0.0,5.0845385
0.0,4.820256
0.0,5.5168056
4.06813,11.673457
29.961,22.739866
0.0,4.1227527
0.0,8.2655945
2.7029,4.637252
66.5703,25.539526
46.9646,26.631668
7.96072,11.420641
0.0304709,2.968877
28.3842,33.203312
21.8581,45.985302
85.1751,59.26978
19.8044,21.108997
0.0,5.0430717
1.4993,4.4556446
11.2706,9.219912
6.95536,10.324372
23.5333,30.236563
1.42227,2.8082428
0.851235,3.7163415
0.0,7.047118
0.0372422,6.0260057
10.0562,10.007894
19.633,12.270359
0.49084,3.0303757
0.0,4.7528043
0.0,5.129691
0.431208,14.748036
0.137186,3.3570547
9.47558,6.0770884
9.4149,15.3565235
0.0992041,9.406582
1.21707,2.7972615
0.0,2.6612773
10.3538,8.097846
39.6299,30.439676
25.4244,15.006493
17.7654,38.96103
30.8985,27.34485
14.3224,9.747703
0.0,5.255493
0.0262574,0.62144685
10.7625,8.542771
31.889,30.486557
30.5348,42.95285
0.0,1.4134564
18.3982,10.342327
0.0,6.1568017
0.0,5.749542
0.0,1.9846176
3.15239,5.3425074
50.4777,23.273365
3.33781,5.004629
5.93282,10.957648
9.42113,5.7447352
93.0901,111.66615
14.0998,16.383532
0.0,7.7594194
0.0,7.869563
0.0,1.59796
0.261291,2.4267237
7.28997,6.5716095
7.28997,6.3279924
0.0361536,3.4415877
14.6234,15.592306
43.6408,13.930025
0.492848,24.217825
0.0,8.480222
5.14796,4.0286307
8.65113,2.3208408
0.0,5.029028
10.2172,7.9663315
0.0423201,3.283284
0.0616703,5.516366
0.945871,10.248212
0.0582332,5.3686924
18.9655,9.764361
0.0,4.2235146
17.0383,6.9222336
12.7705,13.040318
3.45172,5.562928
0.254666,2.7347894
0.0,4.842107
2.93284,3.9852014
0.0,1.8630718
2.15402,2.4505703
0.0729982,7.7130394
11.89,6.767518
0.530209,4.433568
30.5452,27.450308
0.0,3.263169
2.53052,7.177704
0.0,4.7821007
22.6392,15.199345
10.6954,16.82137
0.116567,7.353383
0.277533,2.0651064
0.683661,15.062132
23.1255,14.572417
0.0,4.21376
23.5057,13.89053
6.32027,9.471753
0.0,5.046527
0.0,3.3210604
10.3588,6.2209554
43.2114,22.229954
0.0,9.096205
32.6121,43.07265
0.0,6.2775917
23.8569,17.04407
4.17794,8.817096
27.025,15.204411
0.099321,1.9612153
93.0901,106.62467
0.0,4.4916334
0.614049,3.8431683
0.0148971,5.202324
14.3497,22.946062
11.3911,8.67942
0.0,1.0180713
2109.74,716.5074
22.4149,23.914354
0.0323811,4.6222057
3.3563,4.04551
12.6111,8.074868
0.0262871,4.6550875
0.0,3.6125183
0.0,5.119084
4.01733,9.7124
0.0,5.2568994
0.0,3.8790658
46.1337,57.39702
12.2934,14.018758
0.0,3.152173
0.0672431,6.8987684
0.0362784,4.1188126
0.0194613,5.812037
0.0,5.610982
8.94903,6.4824247
2.17362,5.591646
95.38,104.323975
0.620975,7.605582
0.872144,1.4835336
0.0,5.1354713
0.0,191.46584
0.0,0.79388785
0.0,4.099557
0.0,0.23395371
6.39349,6.5223036
8.18569,6.530506
3.33722,5.3495035
0.0,2.7295887
5.14181,3.0696185
0.0303929,2.6652768
0.0,3.2789407
0.0953483,3.9804974
17.8964,18.370974
0.0,6.0349
27.5158,28.728073
0.0,5.3065996
0.0558077,3.5736804
5.33136,4.8431463
4.73864,1.7455468
0.0629815,7.0638933
0.0,6.553652
118.592,96.34774
1.13347,1.5320694
31.889,41.192142
1.56199,0.7189733
0.0,4.4423485
7.85765,6.788149
27.7688,20.741867
0.228935,8.248806
23.5057,18.92823
0.423189,3.551548
5.87878,4.9364076
0.0,4.8023825
0.0,4.0756245
0.0,4.314129
0.0,8.78424
2.84719,1.3024508
0.0296009,4.4486694
0.00898059,2.844221
8.30447,5.6043606
10.3338,12.442198
0.232056,6.8027315
0.0,4.3335376
19.8044,9.448028
19.3857,28.504847
0.182939,-0.46275592
0.0,6.8663893
23.5057,18.10964
3.3771,6.905383
0.0,3.504049
173.897,117.20234
0.0350981,5.3119855
0.131307,9.979897
0.0,5.3057814
0.242017,1.7355034
13.7221,95.8159
6.71538,11.231243
1.18448,6.8595924
2.06579,3.0544615
12.0587,4.1760592
0.0489275,63.703087
10.8169,6.0335093
0.0,3.4149609
0.605897,5.9283714
27.8454,12.848907
4.52996,3.9800947
5.83223,9.261753
738.118,642.5728
28.3925,33.31354
14.8348,7.432604
4.54406,4.8943105
0.0471651,6.8573027
0.486084,5.8928356
29.4806,37.53627
10.2968,24.530888
23.8569,21.250053
30.3562,12.236635
0.11797,7.1638765
0.0274291,7.2817945
13.5689,12.271637
6.36209,9.289337
24.1137,19.677422
18.8057,14.965519
0.0,1.7743415
7.59372,7.2754126
9.4149,6.178931
0.0,33.66026
0.0,4.0158267
0.0,6.271202
0.0,3.676581
12.3122,16.159662
0.0,3.008482
0.89406,9.0970125
8.74772,11.097017
0.16082,4.127183
30.6925,49.253025
19.3154,3.9790895
10.5207,11.511534
0.462918,3.5014524
11.9154,7.9955397
0.0,8.290679
0.0,1.5088222
0.0,5.3854723
14.0998,9.825468
10.6178,10.28333
12.6111,10.578131
67.8708,4.4242554
0.044806,2.7772064
0.466408,7.8618975
0.0840941,14.455947
0.0,3.9637535
0.0129563,3.1376748
6.09898,2.683574
228.807,265.171
0.0,5.1799154
1.37014,6.401658
0.0,4.7978125
929.506,39.818813
8.76341,10.5641575
0.0,5.0207024
0.0,3.9858007
0.00874122,2.4382133
0.0,3.1924644
0.224348,6.799122
20.8289,8.91656
14.4787,10.484211
19.4241,22.183552
0.0990968,2.3304176
0.0,7.4308147
3.67574,4.5849667
16.3166,21.216326
258.492,8.415424
0.0,52.91356
0.518322,2.049539
0.120019,2.9793568
0.0831501,8.0697775
8.5098,5.9151564
2.24119,4.2369566
5.06259,3.4496512
27.2617,41.765675
3.49699,5.715805
0.0,2.7403073
8.4425,10.887723
10.411,5.328805
18.8261,21.094385
0.0,6.5734787
0.006789,5.4665155
17.1223,2.1806169
0.0,0.8984182
40.1471,25.412914
0.0,5.178109
0.11681,3.3308485
0.550677,12.977622
0.0,7.114908
0.0704166,6.8077946
0.0,4.142705
4.25643,12.351846
12.4414,8.051797
0.0,5.719597
0.0,4.8439455
0.0,-1.3089967
58.7983,33.13228
0.0294058,4.787781
0.0440683,5.3651595
0.0,6.311701
0.0,4.559976
0.0,6.129842
6.71487,6.2668304
0.00808029,1.1949759
0.781791,4.9251904
22.2847,20.754282
5.38459,4.6064157
39.8526,22.914948
3.20272,2.4822795
0.0,3.9012394
7.38977,7.625209
0.349096,4.356167
0.0805311,3.9400654
3.55203,9.699838
0.0,3.5309544
8.36011,7.3859367
0.0,4.270997
0.0,4.8984933
0.0,7.459777
3.71382,8.067148
0.0,2.9838665
0.0422045,4.6177397
0.0879474,15.68688
0.661888,17.016722
95.38,127.80437
0.111079,4.658676
4.60452,12.050472
7.56588,11.795943
93.6125,70.79773
0.0,11.169136
0.0157141,6.9021807
0.210626,3.2236774
0.0,6.1788993
60.3985,79.90331
43.5617,38.923416
0.0,4.487608
89.6832,51.06033
1.34405,15.825108
0.0,3.7257357
10.919,11.285873
0.0,8.392421
0.0,7.1973896
0.0,4.9496326
6.86558,11.3659725
0.0631601,8.392261
0.0,3.8162386
8.23375,8.433145
0.361016,11.143729
79.1213,25.827448
3.35801,5.7148733
10.919,11.963208
3.31365,4.124051
0.622454,4.9445496
0.700428,4.5045156
19.3196,12.136819
19.2652,11.610317
22.9447,30.12718
0.0,3.4441137
0.0396767,5.571624
5.97234,4.8435373
65.2633,72.060455
6.94088,1.578135
141.193,112.67189
0.0190806,3.8912065
0.0,4.8413935
0.0,4.449534
0.0,2.8721676
0.0357039,4.511982
1.17408,8.080737
20.9772,31.485449
0.0068969,3.7514975
11.2349,10.537607
12.7177,7.3177547
0.0,4.1279125
0.0,39.191807
0.0261993,6.2255507
0.0,6.368368
0.0,4.086971
0.0,6.543477
0.0,2.6878638
49.7586,33.401936
192.728,134.64728
24.4788,18.134329
0.0,6.6379013
0.0,3.4771328
0.0,36.1382
0.0,4.723797
12.011,15.954699
0.0,6.2633395
0.0,6.927434
65.8736,39.66543
23.4552,16.868052
0.232937,3.6999078
0.530209,5.6687627
3.61257,7.96021
16.6061,13.572143
15.8446,6.0433164
0.168818,7.2184486
10.3085,16.31641
0.0,9.6779785
0.120763,10.377733
146.584,79.35196
14.801,8.53788
0.0,4.7144184
0.178165,6.8707085
5.34161,4.5555296
0.051393,7.1610184
5.80388,13.444538
7.90464,5.8070107
14.8373,17.681215
0.267555,4.2274604
0.0219455,3.8374085
10.8713,9.340449
65.702,69.03747
0.160392,7.803218
0.0,22.020882
0.571642,3.4701195
0.0,4.367315
10.0159,9.45519
0.0,6.3580627
9.93782,11.878523
0.0219642,6.2739816
0.53003,3.4463277
0.0324436,5.345545
0.0,6.171696
0.269489,3.084159
0.523938,4.5681973
0.0,3.1386902
0.534861,9.473119
70.6535,53.49398
88.7445,52.401848
0.0,3.6120038
8.08582,4.6686316
6.09898,6.1325912
0.0175253,5.5148106
0.0,2.9045806
3.13478,5.5433826
1.38707,2.665719
25.4797,18.101105
9.99394,17.12706
3.4099,3.32753
0.245622,3.000214
0.0,5.5928164
0.0,3.9359314
0.493416,4.4521027
16.651,12.09837
0.0,3.5566254
0.0,8.322283
0.259435,6.546706
0.0,4.46632
0.0,3.511877
0.0,6.5541677
2.91906,37.72899
0.0,2.5919049
18.8186,8.536841
10.8416,13.898581
0.275945,4.7086596
32.4123,20.673601
1.65003,3.6288114
0.0,10.89235
8.67667,9.839546
8.203,7.1749954
0.306027,4.502561
31.7686,24.056398
16.3663,17.684778
1.04575,4.1085773
0.0456051,8.53858
0.0,1.8302176
7.61104,5.1520004
0.0,5.677995
0.0,5.132045
33.0627,13.109667
0.0424016,2.0140765
0.0,3.92381
0.0,4.807781
0.00388787,9.9341755
0.0,7.409586
3.93496,5.273823
0.0,5.7272186
0.530209,1.3539183
0.0995542,2.9957776
3.12215,3.4537516
13.7664,17.753973
23.3864,16.966047
0.0,6.332738
0.0,3.7636075
31.889,30.985168
23.8774,5.2458153
0.0,2.1752417
0.0803971,-1.6970618
16.4448,15.574153
0.0,5.4344816
30.8101,15.590015
3.84675,3.0363662
10.2635,9.426368
0.31557,4.3642416
71.5693,51.476734
11.0804,5.379719
70.6104,42.57048
0.0310379,4.663821
0.0219676,5.7824755
0.0,6.425538
11.4008,10.405711
47.6788,15.42066
0.0,5.5433393
44.8243,25.6248
0.0,6.620574
14.6375,3.6606913
2.24119,3.450498
2.62049,12.002731
0.0,5.237486
0.0,4.8344936
31.889,41.439415
0.0377022,2.7319176
44.1261,45.8486
103.289,143.03549
2.34971,1.224973
6.72182,18.177984
10.2463,20.434711
13.7046,4.5117335
0.0,1.9431138
16.963,7.5070963
17.2107,15.391084
0.156968,2.9964757
1.32434,21.14308
0.430817,2.9728472
0.476896,5.2415895
0.0,61.59703
20.3765,-2.2153475
114.038,88.967
37.4822,53.83315
0.26033,8.544604
0.695473,4.0088634
8.19347,10.65254
32.2113,18.633745
3.1273,4.688989
2.62049,3.9609585
16.651,23.05622
16.4811,13.22084
5.06259,4.7721796
2.90771,5.7327642
4.72532,4.712037
0.0,3.2620804
4.03327,4.458458
0.662085,8.298396
0.0,3.387636
0.0,5.402149
4.65611,6.342566
22.5174,18.400928
1.1846,8.324409
27.5158,25.521631
0.0,4.6506033
12.9128,10.408961
0.268393,15.418162
0.0,4.469409
26.3449,25.149395
31.0677,43.305035
0.214822,23.654495
17.2999,11.873403
1.47888,4.6894836
1.00982,3.385163
0.0197957,2.868236
1.52665,4.494342
100.183,75.20819
50.0979,44.023457
0.0,7.7323666
26.3643,8.056039
0.127514,2.8907723
0.0362889,5.8803644
0.0,3.869627
1.68702,-0.098377705
0.0230774,3.5401878
11.3712,12.883842
5.78529,4.177801
0.0,3.0119328
19.3974,13.420629
0.181861,3.0943904
52.2404,56.022717
1.45776,3.943297
13.1672,5.561227
0.0,3.513194
68.9289,72.595955
0.0,3.4814475
0.0194613,4.6291695
0.0,4.1946144
0.816387,8.762317
1.66765,4.3763523
0.0,4.5837927
0.711576,3.03095
21.6382,62.675274
0.0968266,0.3816991
10.0719,5.468548
3.84675,2.7959378
16.767,15.8114195
0.0,4.5274067
16.0206,12.756539
0.233531,0.98013663
1.53261,3.7362642
1.95134,6.663084
0.0,6.97046
7.75683,12.372448
0.0,3.284459
5.11873,8.079055
0.041684,4.148991
3.12215,4.004065
7.30838,6.692257
4.68189,5.5900097
3.09975,6.533249
0.0,2.1773064
0.01066,0.7564826
1.79176,21.991068
9.31878,7.8767633
3.81813,4.3052855
0.196991,3.509509
0.0,10.206234
0.0,2.6719406
0.764455,19.973255
0.0,1.4485424
12.5698,11.132772
25.4838,22.828058
0.0734686,5.0554466
12.2861,7.2659616
89.3986,79.32854
0.02025,4.2857327
2.87811,4.006221
0.0471918,6.891859
0.108294,5.0818796
0.102074,7.5396385
13.9591,12.50728
0.208997,9.339785
11.4676,12.548995
0.0,7.299016
0.901711,2.493162
11.0804,30.179033
0.0,5.514614
0.0729982,4.046041
0.0706942,2.9011517
11.3093,8.156697
19.5991,11.149416
18.9337,5.51648
0.0281096,4.3726287
84.2077,66.9994
68.7,66.932594
4.4787,8.119481
2.32304,7.231758
0.0672431,4.645651
0.949409,4.4654627
74.4531,101.6913
0.539677,2.2144954
0.314417,2.8691401
0.0,4.0878115
22.0206,19.5875
0.0850534,6.237651
0.0,0.9091394
0.00899176,3.7684197
31.889,37.340652
9.91484,4.3209834
5.78663,4.9551544
12.2934,16.509377
0.0,4.839287
0.0852943,1.0352557
0.0,3.0929532
0.0,4.1670084
0.0,-2.315272
0.0,2.9047465
0.341669,4.8593802
0.0,3.9523115
0.0645255,2.9954855
0.0951988,3.76898
0.0461993,4.130849
5.52068,3.7497354
0.0,3.5529404
0.0,3.05986
0.0,10.460118
0.0,4.02805
36.8233,24.581202
0.365548,2.872338
0.0,3.1901965
36.2545,32.477386
0.0176443,3.7914186
1.16603,10.197686
0.0,4.2783165
0.0219642,12.536178
0.0,2.0408251
11.9053,18.545555
6.26589,14.40819
0.0,2.4221396
6.02408,6.657591
0.0,2.8319793
115.716,57.833183
0.0,4.6348124
0.0417562,5.4382095
31.496,24.265276
10.4902,11.292259
12.4639,3.802613
751.657,660.47504
13.6708,10.662031
0.0,2.445291
0.0,3.460145
0.249562,3.4475403
0.0,3.6072624
2.02248,8.861906
0.0,23.643816
0.465225,6.1609154
230.705,167.69975
5.36827,5.1143503
0.0,15.3755865
7.37312,5.879492
0.0,5.6712646
0.0,4.229829
0.401957,3.8804302
6.33662,3.1922097
16.4448,18.516737
0.0,4.09736
0.0,5.199133
0.0,5.9018364
15.741,16.04256
0.0,2.6994917
21.4696,13.915669
4.05734,4.5307503
13.1723,8.072284
3.61034,13.27313
1.66252,9.970369
74.3385,56.1148
0.663275,4.791788
6.66949,8.342489
0.0,3.710846
3.20294,6.1622353
21.3134,5.110467
2.54372,7.6828156
0.0,5.841031
10.7538,7.232169
0.738765,3.1996462
9.31878,11.811155
22.0206,5.5940666
17.4698,14.736905
10.6271,16.494766
8.44341,3.982351
1.06761,2.7540846
71.8092,28.205647
13.2664,26.675879
19.0973,19.507736
9.13831,6.051857
23.5333,25.285355
0.535684,3.4205809
11.3063,8.600468
0.0,4.5762844
0.0,2.0992808
4.85934,7.3625
0.0,2.7053363
11.3911,9.038663
18.5823,12.538723
0.339008,3.6653905
0.076349,3.8244846
32.9684,22.57068
8.99935,6.440527
23.7592,16.371622
0.156968,6.397087
0.0,4.4545174
0.0,6.2889776
0.0562796,3.6846077
6.0285,13.005758
13.5086,22.022242
5.73474,5.270707
1.52665,6.021787
0.0,1.1951852
4.70495,4.062764
2.70478,4.2615194
0.0951988,6.0008593
0.506637,7.982711
228.807,143.69814
21.1404,12.925264
12.5416,15.991371
565.887,659.54333
0.0234931,4.677594
0.0,2.8743875
0.0,3.55969
5.59568,23.813772
0.0,8.478593
0.0,1.9894137
5.03882,5.107484
40.7414,44.65007
0.0,4.2968984
13.3117,12.790619
12.3122,13.458651
0.0327047,2.6737785
0.249562,0.98172593
4.07762,6.6579676
0.127514,0.6388227
19.9456,14.3780775
0.0,9.989248
0.0,2.6107259
2.87811,5.666831
31.889,29.721676
2.85747,3.458902
15.741,13.127298
49.3187,49.323303
0.0,3.7737603
23.348,18.915705
0.0,4.3475437
0.0,12.491007
5.34605,16.296318
0.0,-0.9922781
0.0,6.3341036
0.0,4.7161636
85.6316,17.829325
6.52047,8.054705
17.2867,9.35836
0.0615141,6.2171535
0.0,4.616199
0.0625221,6.8547516
0.767151,5.8078194
0.0,4.2621875
4.08128,11.849258
0.0,3.2532094
0.0,-1.7845347
18.9655,21.219439
66.5085,54.95647
12.6071,14.517756
4.82437,6.787859
0.287353,1.2187945
0.116339,5.1464458
0.43253,4.1060266
0.0,1.9819746
0.0,2.5041084
0.0,4.35553
20.6573,9.752402
11.3618,14.36317
0.0,3.2826185
22.8781,37.49904
15.1906,23.025406
0.0221529,1.734262
19.6433,13.717325
0.0,4.04566
19.633,19.685816
0.0,105.976845
3.54823,3.1746628
7.15625,6.300541
23.3864,23.767176
0.0,4.747814
0.0,6.436761
4.75134,6.89433
40.0693,49.546688
31.5645,13.259536
12.2701,7.3314714
1.04654,4.8663225
0.0735366,5.9484024
9.45225,9.408196
14.6496,7.834818
3.41662,4.025861
0.0,3.9547749
19.0443,13.123401
106.723,20.469965
0.471161,3.1842175
0.0,3.5688655
15.7275,8.244766
0.0,5.501113
14.8558,13.542291
1.7566,-0.7777698
13.801,13.277341
0.0,6.1343703
1.96863,4.1159625
0.0,3.8766673
21.9927,32.743675
0.488137,8.459259
49.2648,76.772545
397.601,138.45485
0.0,8.58816
0.0245126,4.219861
0.112871,6.044779
0.0,2.1678185
33.4098,34.268448
3.76422,4.380285
0.144828,7.0176897
32.5668,8.752564
185.622,4.817663
0.0,3.4332428
1.5408,2.7943542
0.916067,-2.2187002
17.2072,8.803713
5.75813,2.3658304
12.8011,11.214486
120.835,76.82773
6.82818,7.638756
16.7526,15.668556
32.2663,13.198426
0.0888941,5.482715
0.0,2.2129438
9.59045,11.002313
1.27761,3.3852873
3.8158,3.269432
228.807,160.14471
0.0,4.4693785
0.20815,3.9814906
0.0298962,5.4428515
22.4149,25.425236
0.0445226,2.1078792
9.91484,6.0637093
3.28316,6.3421674
0.523938,4.8376775
0.0,4.226906
15.7312,14.904926
0.041415,7.2351217
0.0837542,2.276806
23.5057,12.672516
0.0,4.4838247
3.04928,2.5788937
7.7056,8.539318
0.0779642,2.6640313
41.4786,33.091587
0.0,1.7909883
0.0320489,3.8385282
4.85574,14.193782
32.5265,5.1395864
0.0,1.4953828
21.3463,27.440706
0.0,3.0467262
0.00483917,2.347125
19.0907,14.340963
12.3578,9.649883
7.75804,10.3376045
1.67192,2.8618755
0.0,3.5150287
0.0,8.601529
0.0,8.4444895
88.2999,94.623276
0.0,1.5934674
0.878048,5.998274
0.403308,-0.7715802
0.0467182,2.6564329
0.702269,4.2776985
18.8605,15.982737
11.0852,7.5231028
2.7244,3.7696779
0.0,3.263858
0.0,2.2264383
19.7406,13.078374
0.0,4.2897024
11.3824,8.604858
22.5174,32.380516
0.0737911,4.8998566
21.2297,11.5988
0.322745,-5.9679985
3.42381,4.413537
0.609691,13.954992
1.05183,4.6198626
21.5912,19.489258
0.0105817,3.4105275
0.0,2.8591266
0.0,9.424838
0.0,3.875084
27.8933,15.89513
8.16661,12.585659
0.795791,3.4567633
0.00328886,2.5703888
0.201017,4.012931
6.19839,7.615141
0.00668393,4.6813316
31.6466,39.30733
0.0393669,5.179132
0.0503724,4.3341002
2.80727,10.735074
32.2509,25.462496
0.322745,6.5629816
0.0,2.030863
0.0,5.6042204
0.0,5.3300643
0.0,3.0047648
22.6165,25.817726
6.35077,7.296129
0.0,2.8821802
0.0344196,9.640225
0.0,2.3675947
13.4078,24.2697
0.671746,3.9212189
0.126442,5.212969
0.0,3.8947535
0.0213137,5.387339
16.0441,9.453522
0.0,1.8481867
7.62417,7.9329977
2.97301,6.047917
0.0,5.8817835
0.721388,4.8122387
7.99941,4.801749
23.7173,13.169598
0.0,4.5278196
0.0776316,2.9988208
1.71904,7.046504
2.26945,4.4069166
0.0,1.8441756
7.95817,6.7490587
2.18458,2.6925125
43.6351,68.332436
0.0309695,4.8635197
237.319,115.88537
0.0,3.952483
0.601235,5.784429
95.6333,77.871216
0.0,3.9531233
1.61219,3.4851305
0.00964872,3.902464
13.7664,13.068444
1.02892,2.448052
0.802017,3.647132
3.62445,4.031454
3.02521,2.3447628
4.26295,8.363728
13.1945,16.425316
0.0137033,4.5053635
0.0,1.6031935
0.0,2.332239
0.0212999,5.207762
0.0,3.224346
0.0,3.9603052
65.2633,72.33059
6.02159,3.4828677
0.0,2.6441152
4.98908,4.318001
0.0,2.6369934
0.231526,4.7066026
0.0,3.2547507
15.8812,9.93985
0.0,1.3330412
3.9033,20.866882
16.2593,7.6369467
3.2944,6.378353
32.4123,34.865562
0.0,4.38258
421.713,193.89613
26.9514,22.547785
4.3179,4.411955
0.0,6.937381
48.7147,56.774345
12.8615,5.8456535
0.134373,2.5248833
0.132861,4.232538
2.73993,4.942505
53.7064,36.205555
50.4199,42.887234
8.18134,4.8348174
0.0,8.8650465
0.099321,11.180457
4.61178,6.509589
1.42191,14.358631
8.07033,5.902892
6.82143,8.7779255
7.16835,10.197022
0.0,3.296
26.1965,23.563196
7.84583,9.869507
0.0,2.205988
0.0231786,3.6290069
28.3832,18.76856
5.06031,7.1051016
0.0,8.718135
67.8708,3.7759967
3.8283,6.734605
0.518322,3.6969976
0.0,5.468148
16.0687,17.781813
13.4782,6.3649874
0.0,4.7178545
0.894353,4.1072836
0.0105662,3.9582105
0.0489275,69.17507
0.0190806,1.1423924
7.14585,8.34381
0.0,9.334376
3.4621,15.578501
4.49927,5.122592
86.3551,50.22413
0.0165132,2.544646
5.22933,6.187501
0.0,7.0017996
7.88359,20.938578
10.5992,9.254188
0.0,4.294551
0.0,3.0370774
2.97333,8.890755
0.0930758,10.99398
6.58084,4.7476435
13.2385,12.248474
0.0,4.210553
0.0393917,1.0944909
0.0,4.1498466
45.4518,36.949306
1.13365,1.2453301
73.3151,56.327854
0.544829,4.8191566
18.7132,19.05565
23.6372,21.775736
0.0,6.1012278
16.5966,21.582685
0.0,-2.3157551
0.00832832,5.7942104
6.68065,10.940751
0.0,4.690878
0.0,4.8719096
0.0,9.231486
7.94747,9.513614
0.0,2.7527955
12.6946,62.91843
0.133226,7.3138094
0.0406262,4.112098
18.951,9.636096
0.805096,14.455845
1.20083,3.7475734
0.0,9.561124
10.7566,15.21961
0.0,3.6828513
0.0900076,6.1867943
19.5991,17.116182
2.0112,53.008133
0.0789774,2.365115
0.0,4.0505924
29.3384,39.76309
10.4744,10.406944
3.41898,6.1358023
2.54224,-1.034802
22.0206,29.22343
0.921524,2.6592107
0.0,5.045603
22.2207,11.80506
0.0,4.1933947
78.8296,41.918472
15.5967,12.597867
16.3773,6.2859335
0.0,5.792322
0.368453,3.938292
0.546353,4.9235935
9.22554,6.4678993
2.66615,7.7474785
0.0633624,1.40841
0.0,4.3562913
0.0,7.1141806
0.367928,3.1704526
1.2621,5.721332
44.6306,29.64756
27.1802,16.505558
0.0719362,12.40178
51.3322,37.901184
1.13365,3.8028774
0.0,5.982233
74.8673,84.58708
7.62847,10.497877
0.0,5.043111
0.0,4.0754213
8.73149,4.5303345
1.95134,8.971392
89.7514,42.94321
31.1224,46.38937
15.332,10.496331
0.0,3.9666896
0.0113365,4.0782623
10.4071,17.187914
81.9856,37.4833
0.0,5.043426
0.0515552,5.716339
8.203,6.9707184
0.0,7.4900074
19.4687,28.986107
0.127812,6.67523
0.0,6.8858433
0.0,0.69671106
0.0,5.4813843
0.0,3.937789
17.0383,27.37914
132.356,67.38809
0.0324436,2.3429863
0.0,6.073448
0.0,4.8285775
6.29693,6.9773254
7.08421,7.6824255
0.0,6.287754
1.24157,5.7295265
0.0,7.591856
0.487407,10.9487295
9.59899,13.30984
4.70495,5.1064634
24.2314,29.652617
0.0,5.2348127
0.0,2.8632534
4.61561,12.347087
0.0,3.4646082
0.0,4.2022834
1.55944,4.6880107
12.3755,12.40262
0.645388,2.8342848
0.0630775,3.5215502
0.119356,3.0431614
0.0,5.368374
0.0,8.285943
0.0,13.215521
10.6416,16.086658
0.0,4.500843
7.18879,7.07969
5.59568,36.282234
25.3389,14.648264
22.6165,12.464814
0.0,4.793136
0.0,6.503397
17.5578,8.572762
0.0657912,3.5343099
115.716,54.35994
0.0,2.1557574
18.7897,10.866471
0.0,5.6333146
0.037977,3.7396486
7.29843,5.749569
13.427,13.20271
13.3823,9.822746
0.0,4.5416193
0.0,4.6311026
2.36271,3.4615426
123.679,139.67691
0.0,6.360696
0.0843443,11.014699
3.12215,2.6866286
0.0,4.725709
0.0,8.45625
25.6581,14.006007
2.8793,4.168749
4.06435,4.3341436
13.3234,15.616223
0.0,4.790579
10.7566,91.1581
3.90281,2.7170024
0.556268,3.3483384
0.0,2.9516597
39.6299,38.432827
23.029,8.997741
0.0271285,2.1466274
0.0,6.5185833
1.00717,3.0462768
74.0911,14.684472
5.21684,8.078083
8.26712,4.5696936
3.40454,5.4987993
20.3765,17.388842
4.25339,7.550498
4.42522,7.418027
0.0,6.680051
1.87287,5.276802
2.61957,3.9436932
17.243,7.362571
0.405245,4.7987204
4.25643,2.507867
0.0,5.342022
1.49994,6.6160707
105.821,112.92889
17.9531,14.24574
1.02096,3.8740473
56.6049,37.809948
0.0,2.955913
81.5749,46.235462
0.0895577,8.919837
5.57925,7.520259
0.0,3.1925912
0.0,-0.12724924
45.5749,68.493164
7.4921,8.807671
0.530209,3.1719217
0.0978433,4.7108707
0.0789607,2.12357
17.4413,15.796012
13.1318,15.538973
0.0,4.5763597
0.0776316,3.21766
0.0,3.5283957
11.8329,12.3148365
4.68552,4.444766
9.36233,7.2701454
0.0,4.701927
0.0,4.669114
122.958,36.861305
13.5935,16.845415
6.62436,12.418378
0.0,3.9976017
0.0,4.210616
14.1798,10.875998
6.86627,10.315902
11.0111,4.8968296
26.276,21.807793
0.0,-0.16057563
8.54891,6.307162
0.0,4.67541
0.0,0.250005
61.3169,34.540215
11.5061,12.904662
18.2872,12.141529
0.0,5.132876
17.243,10.835243
0.301719,4.4126
2.28143,61.157223
0.0,2.7145417
0.011101,2.173591
73.5802,46.20613
0.0411764,3.7920983
17.5005,5.0640683
0.265995,6.1946974
3.12919,3.941567
17.2133,14.439789
27.1532,13.513363
0.0,4.296279
18.0387,13.672686
0.0,2.691184
146.296,230.52467
0.0,6.474367
0.0,4.1360483
0.0,6.3226213
228.807,312.19983
23.6901,33.72788
4.4566,5.6648655
0.256122,4.197696
6.49026,6.8882914
0.0,4.419605
13.8431,20.160942
0.908909,17.518753
95.6333,79.02782
18.2498,37.424377
120.061,17.414034
23.8903,16.98945
0.0774752,5.7328534
2.36522,3.687883
12.2934,6.538451
2.74106,12.657087
0.0,2.8820386
0.0,7.031228
0.0,8.052097
2.27551,2.5173109
8.06948,6.474576
0.0,5.213373
7.49062,11.112372
0.0,3.4720035
4.5382,-1.8649762
0.0,6.8786983
5.43982,8.459468
0.0211071,4.5750856
0.0,5.664365
54.3977,19.567808
2.0575,1.642458
0.0,0.6714059
0.0192098,15.038977
10.5992,7.559413
0.0,2.1822562
0.0,3.1518745
0.0,2.6812499
5.52068,5.782935
0.0,3.125689
31.6466,28.96118
4.90771,8.150394
0.0,0.58491874
0.0,5.208541
0.0468538,30.651749
0.739543,5.6289606
0.0216873,2.715234
22.7331,14.377755
13.1196,28.30074
43.2114,23.552046
8.68537,6.850073
2.87896,5.088862
0.0,2.463973
13.3117,8.397178
12.7752,10.811626
0.0,0.70521796
0.0,3.7061133
0.0,5.1789384
0.0466554,4.565714
8.65988,8.041784
9.76207,8.404585
0.0,4.475456
18.7903,16.87119
102.047,37.201714
5.26932,4.919057
0.0,3.6194
0.271501,9.818111
10.7566,28.76283
0.0225444,4.0660686
0.0176207,5.0952196
22.0206,16.10048
0.0,3.8126636
0.0,3.215776
0.0,2.9927359
71.0243,105.06583
186.351,225.5155
0.0773348,3.436582
0.0,4.726857
10.1609,16.22131
0.0,3.7863522
0.0,8.620324
49.7688,76.98763
55.2517,53.859425
0.133775,2.9905689
7.72727,12.986182
0.171019,4.2117176
0.353843,7.0405874
57.891,88.91759
0.2026,6.460767
0.0443369,1.9091709
8.16661,5.872553
3.86654,10.454897
7.93916,6.6207876
8.92213,8.957838
12.9993,10.254516
0.387586,3.0768123
201.331,178.56581
13.6716,17.024088
6.35234,6.570244
42.4463,57.918465
0.44864,3.0297298
8.61474,25.44756
32.9177,36.469524
10.3338,7.14935
0.0,5.2165985
4.97182,5.8578997
0.0,1.7019954
0.0,3.7909076
0.0574672,7.4104137
23.5921,18.666218
0.0262279,5.6314635
1.26676,4.9023495
93.6125,68.601
25.2336,18.439215
0.154268,6.932008
20.3793,18.37661
0.816387,4.613305
209.235,171.1165
0.0,1.1757838
74.3385,77.8547
18.2872,8.2119055
4.72532,7.113678
10.5735,7.502287
1.47888,5.6689696
0.0,12.713203
0.0,4.487233
0.139822,3.7170186
0.0,5.435198
0.0,6.4576054
0.0,2.8029544
0.0,5.052829
0.0240347,1.7482812
0.0,3.7126145
0.0289939,5.327964
0.0735709,3.4644532
15.741,28.96291
23.6752,13.897821
16.1526,4.615672
20.3765,5.6000047
14.0894,17.07427
8.57879,4.5875187
12.5903,18.85067
0.00986553,5.000963
7.14585,10.842321
11.6413,9.794856
0.524087,2.268363
34.1317,16.177534
0.204867,8.192276
0.0,4.3628345
0.0,3.0338204
6.86443,9.0441
4.16915,108.1296
0.0,2.2344475
10.5992,7.937174
0.0279739,7.0349426
0.014633,3.5792274
0.0,6.3209834
0.128932,5.637738
0.0,4.6898165
21.3134,1.4520473
0.0,4.6940126
9.97045,12.609936
49.1967,29.424763
0.0,4.3043623
14.6851,12.347476
0.0570477,0.32952785
0.0334164,1.0182732
9.31878,15.130351
12.9993,11.822602
32.5872,16.139881
20.3765,6.0424356
3.90281,3.536138
0.692599,4.2072167
0.0,6.275633
0.0,5.7990556
0.02025,3.6427069
0.203546,4.8066025
5.6552,5.382128
0.0,5.497867
0.0,4.647357
11.3911,6.2801533
2.3424,7.9209337
0.0,5.6340475
0.0,5.2533712
1.24093,6.2174487
0.0,2.4020228
0.0,6.7761908
9.75614,5.1849127
82.423,74.37761
4.70495,7.0124083
57.7565,49.628357
0.0,4.110627
0.364658,8.810118
8.25999,13.246168
16.4925,13.756617
0.00684528,5.826009
0.0,15.440885
17.4992,15.331031
5.59409,5.4600887
0.963527,14.950694
16.651,16.776989
17.383,16.71797
4.37095,6.9273148
24.4512,13.888542
0.0,4.2576857
20.2579,19.312904
0.0,5.469322
0.0463012,4.879735
10.0289,8.161952
0.0,3.660282
0.0,3.1648278
0.0203818,5.414586
0.0110245,7.4105806
0.0247866,2.6277757
1.22072,5.578204
8.30447,8.237644
0.0,6.1278296
10.5139,9.07061
0.0,5.0879574
0.0548003,9.30181
2.10384,8.465499
0.0,5.0354347
0.0,32.69718
23.5057,12.533649
0.0,7.6271515
1571.01,687.13635
0.0,4.3688145
0.185588,7.509532
60.2093,49.62332
12.5945,6.1676865
22.785,37.659786
4.00037,6.651141
3.80485,5.3039603
0.534861,6.006857
0.0,6.9832525
2.47586,4.28751
1.20083,3.163816
0.0,5.0434513
49.6929,3.722652
0.0,-0.02850461
2.40926,4.6393814
3.70573,4.9559574
0.339008,3.7632828
6.02159,4.3940425
0.0,4.0010867
0.0713469,5.788563
0.349537,4.0704513
9.33881,18.651606
6.42487,5.2236004
0.0,3.5098174
0.398911,7.677885
26.0752,12.784915
18.459,16.703625
4.42522,10.680513
0.341334,5.3135056
8.04768,5.1577435
5.47819,4.3805776
2.15402,5.1200943
0.0377064,3.2257848
9.86318,8.732114
16.4448,7.1171303
68.4984,3.32026
17.5554,24.164736
0.0,1.7815982
42.4619,33.8927
22.9901,18.735119
0.0,1.4894297
39.8531,20.839842
0.183023,7.563671
0.983915,2.3673122
0.0,3.930052
12.5053,9.34882
11.7739,8.812201
0.111893,9.208104
0.147257,5.27409
0.0290253,3.0015185
0.512462,19.854328
13.4906,7.2935047
8.12195,4.567353
0.138911,7.615238
8.203,19.162487
22.6392,16.389902
0.0,7.239499
60.2353,33.44102
73.4181,71.80427
39.8531,16.491238
51.5495,35.99964
0.0,7.858057
30.6925,12.619428
0.0,9.824408
0.0,3.5243332
2.08647,5.976774
7.51521,14.326271
0.0,13.4873085
0.0,4.7747345
0.0372913,8.054104
0.0,2.7971332
0.531442,3.5985415
0.232203,6.170864
0.0,35.715538
0.0,3.6009934
13.5817,12.523372
1.56213,4.9665327
0.0,3.5773296
0.0,3.6560433
0.139393,3.070269
0.0,6.6461535
8.74772,11.858962
0.0,8.917158
0.0,6.788575
0.0,2.3878913
7.96039,4.6850495
0.0,3.968138
41.3178,4.8408604
0.235525,-0.21288991
0.10239,4.2145286
0.304523,4.474949
0.0170318,1.6053768
0.0,4.435403
0.0915076,4.546858
0.0,4.8973017
148.964,99.73176
6.67038,10.44664
24.5398,10.558083
0.115055,2.9077752
0.0,3.1794486
0.477112,5.388444
11.7178,7.5308113
10.1482,6.8773775
0.0146036,3.0396035
0.0385103,3.6460679
5.31905,4.931716
0.0,5.6227016
0.0,3.470711
0.0,7.8964767
0.0,4.1474094
4.72714,7.1442757
0.0,6.928465
0.0451382,1.3793257
0.782975,2.7874765
12.3578,7.5312347
0.0128127,5.304733
0.720367,7.589964
0.601147,5.4168367
18.6611,31.800365
18.0396,17.531143
0.0166665,9.395963
213.647,312.85754
0.0,4.7012987
0.173498,6.928095
0.0,4.5686817
0.0,3.6393065
17.4509,14.706558
28.0353,5.609435
23.4552,13.558738
0.0,4.789834
5.24548,4.2499394
0.0179047,2.8573227
0.0,6.9138403
0.571642,3.12261
0.291267,2.5082912
20.3765,9.896564
0.0390648,3.030375
0.0,4.993846
0.0,3.771297
5.72192,7.202609
0.0,4.5348167
0.0317711,3.2266498
0.0,7.1998825
4.61967,7.559819
39.723,43.133995
0.0869539,2.5265846
0.493416,6.5264654
2.2792,2.9096508
0.0,-3.8242261
0.0,3.2389958
1.37359,5.8512006
0.0,8.076464
0.0,2.3519926
2.34971,2.5483522
1.79644,7.012911
0.0,0.82114935
1.20083,2.8210368
0.0,2.7246919
0.0329423,5.843231
74.6795,63.392445
0.114676,9.66866
3.50575,24.838696
3.91887,3.3220592
0.0,2.5551932
0.0,2.4332156
0.0,6.925521
3.99422,9.149672
0.555762,8.291801
17.0709,16.938381
0.0,31.96667
0.0,4.7710433
1.44749,8.844775
5.1564,3.3594675
0.0640563,5.3736215
0.12318,4.9828677
15.4143,8.530782
0.178689,2.9046745
0.0,1.8275703
0.0629288,3.8808494
2.1403,4.5626125
43.6408,16.453743
6.57556,4.849613
0.0657912,2.8204253
0.0547491,5.2019777
0.0,7.457123
0.0115032,2.827459
202.176,83.65874
0.0224096,4.874917
0.0,6.759575
0.0,3.3867598
0.0,3.698877
2.62049,7.5100203
0.0,4.970301
0.473766,8.74217
18.2489,6.9036255
0.875072,11.375155
0.0852943,7.068228
0.0,3.7847834
0.0,5.5793715
0.50208,33.557213
0.0,3.8496523
0.23567,4.0515723
18.2872,11.662099
0.0,7.6740885
7.03976,2.654045
3.50671,3.6206288
0.0349215,5.843356
526.804,463.16626
20.8624,16.19771
0.0,4.2719145
0.0363102,3.5181193
0.0805311,4.5825596
8.36754,8.327431
14.2386,11.205525
8.58346,11.233838
0.134373,3.7758412
0.108294,4.069398
0.0,4.5053453
0.0758396,1.8285177
0.134373,3.8748164
0.099298,4.37522
0.875072,5.006363
0.0338607,4.537266
18.2965,15.789711
0.0199723,5.4737177
0.140811,3.2420378
9.95179,6.721677
5.00993,11.526055
0.0244278,3.7193928
0.111079,4.9213777
31.8925,26.9225
0.0167702,3.0808804
0.0252895,1.2109871
305.136,296.3554
20.3765,15.119082
0.0503724,5.469412
166.341,77.30141
0.0,6.1798677
0.188824,4.343079
5.55645,6.1104603
0.0,6.5717983
0.0134494,5.579905
0.748226,3.5874033
0.0,3.411981
0.0498451,9.258056
0.0,-1.5560191
0.0,5.2623963
2.3566,1.6076055
5.52068,6.6325397
9.42536,10.964418
0.0,5.431283
0.0,5.386253
0.033392,4.710492
0.0,1.3584499
0.0,3.8949301
0.0471651,5.0731096
0.0,6.330241
0.0244684,7.122858
0.514134,3.6390617
2.90855,5.051964
5.56516,12.246975
24.6134,20.074034
0.0,2.318846
1.67192,4.2013164
2.61378,6.9511604
0.0,1.970382
18.2572,25.12663
0.00596473,4.2528696
0.66808,3.2955155
27.1802,19.697062
0.300234,2.665476
0.0,5.3728437
0.563144,3.1006827
4.74464,5.5702353
0.571642,4.026992
0.472967,5.8391304
0.0,5.140642
0.158853,3.8233566
67.7779,51.816566
0.0645255,6.236951
0.0,3.220455
0.0219642,6.169343
0.0,1.9989283
616.117,625.3848
6.18238,9.051921
7.18879,5.1082935
0.0,10.408061
0.0360348,4.8614516
0.0612858,3.5330312
0.0362714,6.1771774
0.0264189,6.679534
0.0,4.012286
7.91758,7.33313
0.0,4.030012
8.71047,12.620236
0.285904,3.1756744
1.14683,5.9549255
0.0,4.8208795
0.0,4.200642
0.0,2.614066
47.556,27.888971
1.15643,4.456506
0.0,5.2403793
18.0387,11.891404
20.3512,12.124188
0.0,3.5483236
0.122288,4.461504
0.024356,1.2774317
0.0254356,5.029769
0.0215975,3.8444023
0.242017,6.667309
0.883593,5.0359325
21.0919,14.798431
0.0,4.6474185
0.0,5.679396
6.58449,7.2281227
0.0180207,3.7983294
0.0,4.059013
0.611819,12.687704
6.91163,8.718223
0.0,1.5802683
12.5145,12.010949
25.191,16.381968
0.0,6.220893
5.91012,8.753809
0.0,4.0099764
18.7877,17.048573
0.0,2.9597008
0.0,5.402257
0.0,2.8971925
0.0,3.6137524
3.31658,3.5169554
0.0,6.215369
0.0,8.740139
0.0,5.393979
0.0,3.8305254
10.919,9.225411
14.0855,16.435303
54.7379,37.980293
1.32143,3.8733392
13.3781,9.493161
0.243547,2.5244572
0.0,2.5750117
0.0,240.23541
7.28997,4.2835855
0.0,3.2160156
19.9297,10.16222
952.601,525.23663
11.3591,7.5726557
0.0,9.009159
1.77718,3.7416232
60.3985,81.050545
0.112594,5.066333
0.02025,4.563876
0.0,6.53069
396.915,309.38922
5.87561,12.012807
12.6111,15.162338
15.2572,16.652695
0.0,3.031458
9.13831,4.659815
16.0812,12.710722
0.0397736,3.0752945
0.0,2.5926821
3.77614,3.1278784
0.0,137.5348
8.74577,7.7629347
3.77359,5.7147474
0.0246216,3.7125912
0.0,10.598909
0.0,2.9615593
31.889,21.47433
0.0467859,-0.8586135
14.2404,2.487653
0.118146,4.176919
17.1791,15.980492
0.072871,4.5722494
177.36,66.60048
0.0,4.099836
0.0,3.673983
186.492,76.90762
19.787,18.174583
5.31933,7.029315
0.0362889,2.4818888
0.0,3.7973692
30.4823,8.60253
27.5158,16.827631
0.0782584,4.6021757
0.0,3.454341
9.51775,8.463266
0.0,5.642253
23.569,29.691586
6.95008,8.832421
0.02025,7.9756384
3.93496,12.665589
0.0315748,3.4198377
0.0159229,2.0721571
0.0654066,12.151946
0.0,3.4532435
11.7739,10.111282
1.81878,3.5447385
0.0,10.200961
12.9819,31.34356
0.0607464,4.744175
0.0,4.476102
0.0197359,3.4986963
0.0,3.9949079
4.8582,17.316046
0.0763863,2.353922
9.7619,11.119586
0.0,2.6672277
80.836,82.999504
12.6518,11.833563
0.0,9.010036
0.0661457,4.319487
60.3985,98.929054
0.0,3.697369
1672.53,1011.8367
33.357,21.039915
135.592,122.737305
32.3678,18.389874
6.32027,14.149941
7.03976,5.5035515
4.91454,13.314647
56.6049,37.64001
0.0,5.330691
24.6134,17.11421
54.1045,17.32083
0.0,3.6523852
10.04,11.054563
0.0,5.254218
0.0,7.522173
17.5639,12.67032
22.2581,5.1233053
433.955,267.74796
0.0,4.4440336
0.0621185,4.9158907
0.0323811,2.5336049
74.0911,22.921385
49.0388,44.995365
0.0,6.3119946
0.0,5.106541
4.15016,3.9802067
31.9153,16.915218
12.011,11.575786
17.6613,36.178894
11.1947,29.815557
0.00808029,2.5913582
0.138812,4.3341937
0.00885146,3.629365
13.8527,14.044987
15.8812,13.204307
11.89,18.610518
5.78663,5.1462817
36.5411,26.810268
187.407,106.62072
4.90964,7.8221836
0.00992251,4.332546
0.0417242,7.282592
89.9161,115.10297
0.0596705,6.8264637
0.0639686,7.0582523
0.380248,1.2726334
0.523938,4.7723446
0.0,6.229558
0.0,3.6791945
88.224,46.3684
0.106452,10.601035
187.407,196.01
5.27368,6.8114233
0.611647,7.463806
27.5158,37.10642
10.6699,8.145084
43.2114,51.98874
0.111054,10.050941
7.00393,5.330703
2.35482,8.128173
3.81813,5.26042
0.0713237,4.1165504
0.0,6.7120104
8.06948,5.8065863
31.7122,26.83694
28.8048,36.95887
0.0,5.141851
1.30637,3.9276505
6.31433,5.656343
0.287353,6.4139624
133.336,86.30931
0.0,3.9691317
0.0,4.3541555
0.115462,4.95636
0.0129911,5.676837
0.0,2.4874787
17.9272,34.965363
8.26423,10.000358
0.033392,2.6124322
0.655482,6.675354
0.0,6.985629
60.8617,41.24976
0.487407,13.50935
0.0,7.3345213
11.511,27.124022
0.0,3.373606
74.3385,74.1928
38.3952,29.22221
6.2425,5.5408
0.0285195,4.4279394
13.6965,10.775052
0.0,7.0971336
9.4149,3.9812958
14.8534,9.921327
0.0,14.277944
6.16726,6.935075
1.14753,4.439215
0.115845,4.816218
12.5311,8.63162
317.826,372.65146
16.1449,10.807003
0.984085,9.887986
0.0,4.2346835
0.0,4.5160646
0.0,4.332423
32.5265,5.3665333
0.0,4.7239723
0.0,2.3291483
0.0,8.150578
0.0,4.741453
0.348336,1.9073564
0.0211065,5.205655
0.0,5.753105
0.0,1.9437867
0.0,4.1435194
0.0,3.3990402
2.59898,0.44644868
0.00883951,5.156274
0.52848,4.515226
13.0842,17.789404
13.7581,5.692209
119.708,69.74113
29.1984,14.191418
38.7644,35.591763
0.0,4.2111197
28.3986,26.936785
0.0,3.8000622
0.0462409,6.940466
0.497355,8.166405
148.512,181.69322
6.41355,3.47255
0.0,4.621156
0.52367,6.774499
0.0,5.300009
0.149789,6.2152
0.0930758,14.122253
1.83979,7.2505035
0.0,3.0721078
0.144043,4.551224
14.9189,15.8365755
21.6391,18.260664
0.0,9.395835
0.0,4.3537493
0.0,5.0820227
74.8673,37.913937
7.96039,4.4515
169.204,279.04047
51.4147,5.3328757
45.9377,62.824154
0.0,0.9964514
0.0,4.730127
6.71538,13.112047
0.0,5.7764926
5.62025,7.399337
0.0,6.4193583
71.8092,50.663307
8.29918,9.029489
11.6114,10.110388
4.54892,5.7310514
13.3341,9.513673
22.0206,12.91717
0.0,5.870721
27.5817,19.63275
19.4562,40.311176
13.1672,5.639084
0.0,7.7632046
0.0,7.4532127
18.8057,16.520336
17.7302,18.56252
12.5438,26.491545
135.592,5.587976
0.0,4.0402346
51.3322,44.44056
0.0,4.4485416
23.4552,15.482468
0.205377,2.9620552
7.30838,4.6599364
2.25497,5.968178
18.7678,19.119549
183.183,213.51094
0.0,5.8950405
22.7331,15.706323
0.0247727,8.167236
0.0512541,2.6392589
29.1288,27.000399
4.40566,4.2881765
11.8757,12.8112
1.79644,7.751382
94.8165,32.658833
0.0,4.133338
4.31285,6.613494
0.0,1.88403
0.0,6.194807
52.5314,11.561433
0.0,5.399468
4.79727,5.7013855
143.863,94.73114
0.958575,4.1078186
78.8296,29.648037
93.0901,60.062447
0.0672431,3.7786858
0.0,2.0609667
28.9256,11.727003
12.6111,6.272005
0.0,6.5273724
59.7792,1.8407936
1.37359,6.0674987
0.0978433,4.1529045
3.91661,4.842373
0.0,4.139412
0.0,4.062773
0.0,7.340233
39.2243,21.417242
12.6332,8.414091
4.72517,16.221466
0.0,5.555578
0.0,4.242195
41.5146,34.19507
0.0,5.6236544
0.0,7.139758
1.99183,2.9471457
44.7525,37.108097
0.0,8.417806
0.041684,2.7720962
6.32027,9.026957
0.0161861,4.54492
0.0799965,2.567
174.62,142.77112
0.0,3.9362776
7.93916,11.816507
0.0,5.244478
0.0,9.097712
0.0,2.8805375
4.41312,9.326781
0.0420718,4.775141
40.2077,47.378754
0.0,7.4985304
0.0,2.9910653
0.0416267,2.7967002
0.0,2.9199412
22.8476,7.460618
13.6364,13.55491
20.6157,14.200817
0.182939,8.636167
1.51667,3.7653735
0.0,3.6748726
0.699727,14.901713
0.0,2.4751084
0.0,4.7857924
0.0807021,5.654591
0.0,3.558357
0.588782,1.7981747
0.0,3.8243828
0.0,3.2762876
0.0,162.912
9.4149,7.2258883
29.0844,15.719006
3.20272,5.0359077
0.0120224,1.421555
0.926497,0.3550706
0.0,5.3099813
1.69518,17.191122
0.0,3.1127765
13.3117,12.35401
0.0,3.8380098
2.35286,10.121465
0.0,3.3490164
41.3248,114.63602
0.0,4.920149
5.24507,7.163151
8.30844,7.271373
4.39554,3.9905453
19.1377,5.7818007
0.0,4.0933394
4.8582,16.73716
12.3122,13.00294
0.764455,17.266207
5.62778,5.197134
69.8357,91.109024
25.7537,25.73456
0.0,3.4913597
317.826,428.51053
8.07693,3.6660736
4.75134,3.688304
1.9342,8.178201
10.5708,12.839661
0.0,6.177539
7.38977,4.3788443
8.46153,10.301772
0.0,8.5143385
0.423245,7.971819
203.641,138.14104
19.6144,11.529266
73.5802,34.25099
0.0,4.5115366
0.0,5.945592
0.0,5.7000346
3.38631,5.467705
0.035062,9.469359
66.723,59.030605
86.6865,101.67028
0.0,3.3495984
34.4028,19.542994
0.0503724,3.2831154
0.430817,2.7463863
0.0,3.6446965
18.7897,14.689894
0.0718751,1.6563804
0.0,4.2097125
0.0,2.5276275
0.105136,9.134
0.0,3.4466379
2.58352,5.3078303
13.0285,7.485137
17.5554,56.708046
126.529,93.09208
16.651,8.759963
0.584309,7.1122856
0.0,3.7354023
10.7163,11.15571
2.26945,3.6862588
0.0,5.512322
9.90804,5.102234
0.820288,5.228986
2.95917,6.024561
0.0362889,4.619913
2.56689,8.031085
0.0,4.374518
0.0238568,4.0242124
0.430817,3.0337005
0.0,4.4009943
7.9231,8.094264
0.196991,-2.4823425
36.9073,97.59082
57.7565,61.630287
0.217464,-0.25712872
6.10661,4.988795
27.5158,11.603112
15.842,11.945663
2.17957,2.020556
0.709393,109.18664
0.0,5.1253233
12.5166,7.9512043
0.0,2.9650295
0.0,3.773611
0.0,8.615485
0.743623,6.9380426
10.1609,6.6201277
0.0,5.6905184
22.5227,23.595165
4.84952,4.542261
8.74772,7.070159
8.44341,10.242964
0.0,2.7773142
0.0,2.207922
12.6332,13.766141
1.43546,7.3789463
0.05699,2.3793106
0.0947648,4.728548
0.0,3.558394
5.77299,0.9106455
2.74466,12.748185
17.8305,5.739707
0.0261254,5.492241
113.339,61.52025
0.0,4.7062826
53.7064,55.84276
14.8365,9.161837
9.26149,11.536959
0.300234,4.840974
0.275945,7.5433025
0.00779217,2.7950358
0.0,4.1233544
0.0,7.4651194
9.91484,4.3463964
0.0,4.240397
187.407,141.77675
2.97393,3.1084356
8.42896,21.861414
0.0,4.5777893
0.597943,7.418252
0.0,3.9440975
0.0,1.6880445
0.0,5.875244
0.0493707,8.468683
0.0,5.620472
2.66615,4.744947
0.144603,5.3210907
2.24119,3.1813626
15.0328,16.29731
0.0630775,2.554198
3.4258,10.57695
0.01066,0.24068117
13.2118,21.073465
16.4165,8.199065
16.1925,8.419764
0.530209,4.463008
9.11279,14.4262495
0.493416,8.142236
0.0,12.851718
0.0,4.637948
7.18317,25.804684
12.3308,10.182774
0.0,7.4740286
0.116536,2.1324737
0.620975,1.6739452
0.0,7.1145763
11.0577,4.732808
0.0697059,5.105792
1.06258,4.2634497
0.103364,3.7589712
82.3402,137.14882
5.24351,9.403219
0.0558912,4.8287773
0.0,3.2556899
0.202455,6.6169786
0.197127,16.51536
7.88806,5.6636615
0.0,4.647479
21.9927,18.11676
0.0,5.7841663
0.0,66.03659
13.1278,10.725436
12.1818,10.443505
0.0672375,2.3482466
0.0394029,1.9361727
7.60593,18.640467
0.349096,5.132511
7.1688,7.843918
43.2699,43.255234
16.8101,14.386246
1.83936,7.8599396
8.89369,9.455436
10.5992,5.4941206
31.287,16.187363
5.05456,3.341785
0.496241,4.8904543
22.0206,17.014507
23.4401,27.75497
0.0,3.3374257
0.0,3.9265523
4.27785,9.676461
0.0181304,2.9980626
0.0,1.9050093
0.0227304,1.6731371
0.0,3.5354242
43.6408,12.175386
0.0134494,3.505106
0.0,-0.778805
63.5438,52.619453
0.0621185,3.7294447
0.0503214,6.049348
24.4932,17.11599
3.54183,12.214681
17.9272,19.144606
3.17315,4.603617
0.127013,5.9999747
69.8357,37.97622
21.8819,15.9149275
97.6646,70.12603
0.0,6.4584837
7.93361,8.090702
18.8009,17.150085
9.26417,5.964901
0.697837,3.5875828
0.0,2.1604762
118.592,99.19684
0.0,3.3071332
0.0,2.8980415
24.3914,10.386482
23.9847,12.238065
0.532481,-0.42421412
0.0,7.1053877
0.0,3.9082422
5.16,9.361021
0.143577,3.1440892
0.0289529,5.902034
2.04196,6.834363
3.42946,3.049172
0.0,5.1294794
52.9832,57.051796
0.324248,16.609215
2.87073,2.101151
17.3394,14.759298
21.3657,30.599518
12.3578,11.296665
8.20827,25.468336
48.9936,11.525153
0.0695749,3.5561314
0.0,3.329819
17.5688,2.6864326
5.72758,5.5782275
120.835,113.340805
0.0,1.5855882
11.0919,19.8879
0.0170887,2.6446364
0.021705,4.61447
37.5583,14.6568775
0.0,4.2996306
4.33623,12.381217
18.4835,4.9630976
16.961,9.692193
5.96747,6.4123554
53.2938,32.62104
17.5535,14.606841
0.645114,4.905554
5.64921,5.568178
0.0,6.086237
0.0,4.3102827
5.91556,8.987826
1.80628,6.958585
0.0,5.939284
0.0,11.487561
0.144784,1.4848411
5.66335,6.194085
5.59568,40.51558
0.0154189,0.98990405
0.0,4.5146565
150.081,205.30748
0.0,6.988312
0.0,4.9376545
0.138812,7.36837
0.0,2.4736757
7.75207,8.617005
0.0,4.574223
46.6896,43.094524
23.1255,11.193753
0.0463158,5.4436445
32.2663,19.36781
16.4165,20.797544
0.141645,9.272513
0.0,4.1724296
0.431369,10.026103
16.0916,17.286232
3.80485,3.9411561
11.3911,11.257414
11.6114,10.060637
21.3463,24.068293
1.45705,4.597918
44.0342,5.7766933
0.0,5.06122
0.396267,4.088606
0.0391318,4.2866707
0.0,5.876849
44.3257,3.364768
0.051393,7.8615522
9933.06,7926.995
75.4895,20.622454
7.72727,10.056639
0.0,5.874999
0.0,3.5132947
0.517011,3.9817104
28.4039,22.918594
0.131985,1.9934847
0.0,2.575791
0.0215975,7.0347996
0.0176532,2.7249417
0.0,4.6544867
0.0,7.153823
17.6764,27.277693
22.2012,30.571512
0.0,0.89698374
0.0,1.725846
20.0894,11.747473
88.2999,104.01107
30.0376,17.831736
1.55502,7.6730747
0.0,6.4817877
0.196991,2.7331457
0.02025,4.24837
0.0,5.3019505
0.0,4.567775
0.0,4.19035
8.62519,13.511209
5.56911,6.3226614
23.6318,6.0818715
1.76295,4.791233
4.63852,10.812479
47.3513,7.365246
1.93037,5.183337
0.0,5.196298
35.0354,15.3109255
0.0,5.0601487
13.1278,16.41702
3.46595,6.2357893
0.0453734,5.672964
0.835289,6.21171
0.0,7.21198
10.0159,8.667831
0.964534,3.8032794
6.66949,4.048364
0.239702,14.503203
0.00540989,4.259294
10.5353,10.820234
0.127013,3.9618897
0.493416,5.200492
58.0741,45.96077
0.105136,17.858698
0.785863,5.8125157
41.5662,57.541496
0.0097177,6.079752
0.0206646,5.469779
0.216134,3.651689
0.0,23.160032
20.6152,19.748095
56.424,51.128
16.7628,14.093867
5.77299,9.251228
0.0,4.793214
0.0289529,5.4852953
0.0882927,2.230479
0.0129563,3.0467956
23.5057,24.45393
0.0506962,5.656701
19.325,42.24682
1.43411,3.806563
0.0,3.1759546
11.8397,10.860341
9.66222,582.2453
25.1238,81.607086
6.18577,6.2698174
0.0,7.580365
1.25708,6.367697
0.0995542,1.9771678
0.518322,5.6227517
0.0413947,1.3838582
28.1376,23.5446
0.0377064,3.1707714
0.0265067,6.2515774
3.53768,3.5493188
0.221133,6.1378508
40.0706,30.704893
0.0816582,4.886876
0.813,6.0000257
9.99168,12.630555
0.390753,2.6760209
1.99183,6.5542784
17.5554,46.83181
0.530209,1.6529074
0.0,10.548784
0.00775797,8.334359
46.5089,39.416256
0.0,3.6963475
16.651,12.269436
9.17639,6.870861
0.0197874,6.0008764
20.7484,27.095432
7.95817,9.072339
0.0,5.6138206
13.8586,18.4496
10.919,6.0838776
10.2526,6.5425205
8.14611,12.497232
78.0455,113.262024
0.158853,5.4378977
0.0867748,4.772751
19.3196,43.02344
0.0,4.5813293
0.0,5.5845013
0.0,6.7416935
5.47925,4.237789
23.3398,13.376404
1.20083,1.8237007
3.99476,1.9620101
6.32027,5.550564
0.287353,4.4389277
0.0,2.5429199
7.89957,8.494252
11.7182,2.0394156
0.157358,4.2354155
42.6595,35.13346
0.0,5.9296246
24.1555,17.838291
7.18911,12.539257
0.299234,9.034957
3.42381,4.0571747
8.36759,13.842665
0.0,5.8310175
0.141802,5.1928573
0.0,4.323808
0.906209,4.3119936
24.9983,16.591846
0.0727032,6.2664394
7.75693,5.2729645
0.0,4.4085264
18.7064,34.845436
0.129307,5.446416
0.0789774,5.039615
2.7029,3.7926874
17.79,20.352247
12.9692,14.432567
0.0,4.172625
0.0,4.4261494
0.0600719,6.562072
4.36972,3.9773917
0.0,4.2121468
19.4241,15.283328
12.2817,16.787169
0.0,7.098093
14.8348,7.0020037
0.099321,0.76811326
0.0,3.925202
22.4149,19.847078
0.0,3.9161925
8.39353,7.7998323
28.5985,23.697464
0.0,5.5211563
5.24865,8.847097
18.0932,2.4123728
2.48554,13.71421
10.1766,7.3555746
86.3551,31.167719
15.7415,7.854389
0.955229,21.276863
15.3311,3.328746
0.0324436,7.022296
63.5438,60.795937
24.8424,11.22786
1.54364,4.9743214
0.0,7.4836493
4.83247,9.9123
0.152698,1.9773552
3.12215,4.0245075
0.0,5.1001186
10.4322,4.643135
9.09213,8.516375
3.42946,5.4247823
13.7639,10.9976635
16.6777,9.266252
7.72727,6.9530964
16.4925,12.056612
10.6954,12.389742
7.70408,7.747607
0.0,3.635047
0.202625,19.442722
194.673,141.41452
0.0190806,2.435707
21.5146,19.964685
0.00703583,3.6660798
1.16659,18.7926
0.18013,4.5212526
11.8289,9.99361
3.42381,6.3305006
0.166568,6.0463395
0.0443369,10.921825
22.6272,15.661279
2.91784,3.4414172
0.0,7.8604393
19.5991,14.688677
1685.57,1852.3715
0.135389,3.215972
4.8807,3.842689
15.7891,22.097013
5.52068,3.648867
58.8973,41.824623
10.8169,8.795155
0.0,3.7672029
0.0,2.8290129
0.0344196,8.8638315
0.0,4.284069
0.0,3.2965965
0.138989,2.730106
0.0,2.5449543
0.0275588,2.6645014
3.3563,9.458897
12.1408,7.2385483
0.493416,6.277667
6.08687,3.5474722
3.28324,4.2821455
26.1315,3.57448
5.26362,4.578413
1.48847,3.43325
2.73993,3.7394423
2.70478,6.459836
0.46676,1.9370102
6.17248,5.306695
0.0,5.5440464
0.0246216,7.322771
148.617,68.027374
0.0,3.8445559
138.872,124.37529
0.0,4.1775045
9.26149,12.334068
22.4628,2.9557438
40.2252,57.30544
0.0228556,6.332129
0.0,0.574875
31.889,59.42323
0.0889348,3.7519345
0.0,6.2146654
4.27785,5.5669823
39.0521,60.89257
0.1208,10.501318
0.0554498,4.9048223
0.0951901,5.47548
0.0,5.019455
4.3848,5.921462
21.0935,10.307129
0.0,3.387517
0.0,7.054247
0.016778,3.515963
18.7444,22.148159
23.9789,10.458565
322.11,279.78967
1.93666,4.906823
0.454844,2.4989836
37.3772,22.13489
0.571642,2.633072
0.747373,8.342248
0.0,4.419362
37.2758,31.530901
0.0541491,5.079406
0.0573931,5.407461
22.0206,20.4745
32.0812,27.511234
1.7297,2.945684
0.736154,6.717929
0.0,3.1149092
0.0,6.3450646
18.8462,40.77115
2.18594,9.561412
0.0,4.318802
23.7004,19.553905
0.0,1.260487
0.0,2.0229738
4.1077,4.3198147
0.393714,40.40034
0.0,4.4452915
11.4176,13.092173
0.0,9.370512
5.93282,9.667117
3.40233,11.238614
35.8993,34.859486
14.6851,6.0145597
55.2517,33.051617
21.4206,16.974756
0.0309561,3.343106
0.0470516,2.853804
60.3458,74.56256
8.4425,5.2001586
0.0,3.8397627
11.3212,9.107833
19.6408,49.716835
0.0,4.1056786
17.9272,25.663446
93.6125,41.71328
74.0086,18.321314
0.0184828,3.7030134
8.65669,8.885926
13.234,4.341058
4.12061,3.116139
9.47558,7.0831976
0.100968,13.928329
0.0,2.232621
3.51916,10.928029
0.0285535,3.3187487
0.0326644,3.238437
20.1227,11.531094
0.0,2.2745085
0.0,7.5335894
0.0151472,2.9443626
0.258954,2.496041
0.0,3.0949457
112.108,222.02437
0.0,2.890106
3.80485,3.56295
4.71807,7.1973486
16.4448,14.591347
0.677127,40.05409
0.0,0.61456275
10.2526,7.243944
8.51798,7.2420454
0.0,9.837009
0.051393,4.7154145
19.9248,17.2781
0.0399717,4.6115646
0.0,4.5940866
0.0411764,3.8929024
0.461512,3.258554
0.0,4.249095
1.58275,3.693664
1.87287,5.0779934
6.94088,5.994664
5.93188,10.857384
0.0,9.138956
11.8397,27.334032
26.3449,33.05867
0.0,5.1729727
0.182358,3.287884
0.0105311,2.9490023
0.0995542,3.1945841
27.9783,31.935474
1.61215,-1.3562233
0.271209,4.253436
10.7009,9.514768
57.7565,66.63082
20.8655,26.01762
0.0,7.9982214
0.233384,219.43985
39.7765,31.950438
6.33957,6.7915573
0.0,11.1007185
0.0,3.0022275
25.3641,32.590233
172.303,114.99251
0.0610322,5.250945
0.94857,3.1483016
27.0957,31.34496
46.4472,58.07327
0.512462,39.009045
0.520366,-0.32434964
4.74985,5.0654335
0.0,7.0072727
12.0419,8.5654545
86.9453,114.46297
0.0,6.139304
10.3338,10.067723
3.23608,4.47078
0.0,4.6165247
0.00883951,5.908946
0.304523,3.4255815
86.9453,164.30377
34.8138,32.73851
0.170468,2.8108513
0.202952,3.8702621
18.1137,9.122134
18.8462,20.514894
18.9464,17.754309
95.6333,60.44541
0.167659,4.3284683
0.0,4.8236046
0.0289529,4.8117704
0.0,5.4671106
0.0,4.299308
0.0,2.2372541
32.6081,19.610895
0.0,4.5939083
187.407,180.14278
2.3424,4.3019032
95.6333,39.83232
4.52996,5.086344
9.4149,4.818066
18.4566,17.026558
0.0,4.2073956
0.0,8.593134
5.93188,6.096307
0.65571,3.297196
17.3016,33.444927
0.0,4.21313
20.0894,28.786213
0.0,3.663175
21.5036,19.620495
5.77299,5.332782
0.0,4.413129
9.4149,11.919463
0.0,1.6943487
0.0,6.161976
0.0161194,8.716048
5.33753,5.8140764
0.0129563,2.8401315
1.02096,4.9867263
5.23681,4.101274
0.0,3.2916245
1.03622,3.777781
9.51941,12.237589
60.3985,56.56321
14.3224,13.60179
7.12667,9.552675
0.0844384,4.2259207
0.0,3.8299363
0.0210097,4.455207
49.3187,33.637363
0.0,2.397781
9.66222,833.14874
0.0,5.670883
0.542442,1.5751449
2.06551,22.67966
0.172357,5.0756903
0.727431,2.7146509
34.199,45.72361
0.0,4.0880547
0.0,2.8241792
0.0,0.27485895
22.5174,22.884733
0.284589,5.2582064
0.0,4.2502117
0.0,5.7369623
0.0,2.7184484
3.1273,3.6822455
24.4512,15.811884
0.709393,55.55814
0.0,3.5173569
0.0,6.869673
24.8391,35.709522
3.71899,7.4469585
0.0,3.8100913
2.08647,3.9302187
0.0,3.8601613
3.45128,6.704425
0.224466,4.324299
75.7574,37.591652
16.7824,13.545858
0.489941,7.006714
7.90152,10.387509
0.230591,3.2582653
53.2938,67.23036
5.57806,2.7836745
4.25521,29.055342
0.24238,3.8518906
0.0,9.258668
7.96072,9.124545
0.0261254,2.641386
47.7532,1.1510446
4.43515,6.0606737
0.0,1.870574
0.0,3.122124
0.0,5.6677647
1.81734,5.04731
0.0587993,4.4724226
0.0,5.5076265
0.0712764,9.707678
2.69787,7.754608
0.0101261,2.8388343
69.4052,36.32034
0.0,2.5956302
11.0977,5.2102814
0.234346,2.560804
0.0,4.7987633
21.3463,15.586665
0.0391318,1.0543141
0.0,4.2109776
34.7652,27.676846
0.0,7.513131
1.28219,4.906381
10.5992,10.846406
22.6392,31.252878
0.0,6.37287
3.59627,5.616604
11.1251,23.83198
3.86845,6.6860123
0.0958108,4.078513
5.39411,9.114608
30.5348,46.900574
44.9807,36.398903
0.00671422,6.185256
0.0,1.7599413
0.0,4.3824387
15.1982,14.44029
0.285233,4.659686
19.7844,9.080455
5.80315,13.090012
0.0422045,4.1440263
0.0,2.995375
0.0145047,4.2573495
0.0,3.6006165
0.0,3.6859875
16.0687,17.664904
12.3578,10.34518
0.181888,3.827534
0.0,5.000549
30.7407,19.300383
72.9475,92.947876
0.0,3.6715398
27.4685,31.582119
1.17408,3.7937698
0.264613,5.894678
0.0,4.412966
36.298,77.21122
20.2579,32.979565
2.0705,3.4539251
125.393,74.46738
0.0367091,3.346861
0.16686,3.9528182
19.1213,8.362888
17.4511,17.70826
0.0,5.8147793
0.0757449,6.38622
0.378116,4.206408
0.0460073,1.8944331
0.0,3.0484478
2.893,5.034896
0.0,7.780423
0.0,2.7957084
5.72192,5.6555557
0.12318,0.03924775
7.00393,6.414583
7.13458,10.109197
31.3304,10.686811
0.0,7.7140026
1.77667,0.5158744
0.0124043,7.745981
0.116024,6.0485845
0.39772,12.072749
2.1598,6.5189257
17.5639,23.239119
0.0103384,5.9306946
3.95256,5.817058
0.110194,8.630642
0.0275588,3.0748534
12.1678,14.401129
0.0120289,5.3097167
0.0246004,3.934688
0.0,4.892213
3.84675,3.345518
254.401,347.94287
19.2125,7.650406
119.708,136.27966
6.94553,7.928832
0.0594986,5.3334484
86.3551,99.117035
1.16659,38.94514
6.18238,1.409175
0.123251,8.732934
0.0,5.0435696
0.0317711,3.7496212
2.1209,22.308779
0.0522548,2.7186525
0.508521,3.56216
32.2663,46.14403
0.5899,3.4458268
7.42049,12.848103
7.89957,6.4511995
0.0,58.566544
10.8169,3.8321688
75.5545,43.22064
0.0,3.4570894
11.1996,9.290666
9.17639,12.281306
2.36926,7.3130493
0.0,1.8191899
0.00529184,4.4101934
15.3326,18.139208
127.163,167.48816
27.9481,26.782423
0.242017,3.5448346
0.0,5.646595
3.21194,5.857771
0.0,18.414343
0.0,3.917789
0.0,5.29223
80.0908,100.74976
0.0,5.4629583
5.22933,3.7392862
0.814287,6.7400513
0.0703373,6.2137175
77.0513,20.29293
225.715,199.38092
13.2047,18.429424
3.73044,3.9444265
40.133,50.61082
0.0995036,4.0250006
3.42239,4.0083246
0.0,4.1928587
0.0481385,9.311295
0.0323811,6.042347
3.38631,4.511735
2.47261,9.663166
0.0,4.930031
0.0,5.1259108
2.3696,7.268836
89.741,42.520355
28.8454,35.13237
0.43431,6.366748
34.7107,45.100986
25.2336,19.082434
0.0,3.8223124
0.095025,2.1423926
10.919,9.698467
0.96569,8.365395
0.0359998,2.6510892
27.5453,26.782679
0.0572271,4.2666597
0.675238,4.2494817
46.9646,77.47116
0.735041,2.0135462
0.0,3.5204687
0.0,3.8601224
0.0501345,4.213471
49.8636,42.01354
143.863,150.64102
2.92734,5.1647816
0.097734,5.7744274
0.0,4.4682326
0.0279739,4.6172247
66.6478,94.338936
55.8569,16.478985
3.0778,5.553712
23.7995,3.2293785
0.0,2.4203987
9.4149,6.785762
17.0076,6.8970575
37.5583,15.420494
0.413374,3.4990103
0.0,4.2510624
7.81638,7.2357826
16.2593,10.4156065
30.5792,23.332296
0.0,3.8555171
0.146855,5.0056906
1.14344,3.020193
0.926497,4.975234
0.0,7.3588905
3.07149,8.016758
0.0,4.930022
7.0598,152.20856
11.7411,12.126071
206.507,176.61122
0.222996,3.2282884
10.6701,12.0678425
0.0,7.229932
31.8821,26.518732
8.17572,5.9776163
4.545,3.4310262
0.0,6.982398
2.05975,10.917624
11.7739,12.491696
60.3985,39.86074
32.5265,5.463819
66.5085,91.91121
0.23056,7.4904566
17.9272,16.06846
1.7973,6.177
0.0470562,4.72371
0.0845253,4.0466857
0.0,3.1656477
17.2867,6.4744616
7.20437,5.986513
20.4143,29.476635
0.0,10.249812
49.8636,59.676537
19.2125,9.212546
4.53936,1.7490427
0.0734416,2.71621
8.87697,9.691426
89.741,77.79997
0.0,3.180697
1.35988,3.8965392
3.45128,6.020838
22.6518,16.909702
20.497,13.867646
0.0,4.236843
35.7241,51.08809
0.00529184,4.0508075
27.4069,25.216171
2.15402,2.7527473
2.85747,3.674402
6.58084,7.4537964
3.96255,6.0703535
0.0168296,2.3480768
0.0,7.3014574
7.36251,3.4228492
71.9843,93.09858
20.3765,9.201218
7.5882,10.178768
9.84674,6.291855
29.9351,15.69915
12.8278,10.219806
206.08,238.44371
7.29843,9.223096
0.0,4.0612445
1.54324,15.853828
19.1213,10.603644
0.66808,5.1103535
9.56915,16.072428
12.9993,14.109531
5.62025,8.126822
0.108438,5.470746
14.5538,7.764085
10.5992,10.101408
4.76564,5.1476464
0.0,3.7011828
0.0,4.9504595
0.0,3.8392332
3.08732,5.405221
13.6965,16.696667
13.4795,12.813881
1.06559,6.3482704
18.7897,11.629361
8.15758,9.480628
0.0100148,7.3288336
0.0274204,10.228353
0.0,6.6084595
14.6496,6.215254
2.1209,14.95738
5.29795,5.313577
10.0159,14.509734
0.0,2.7846081
19.4241,17.044043
0.0,5.924815
79.878,13.15702
26.988,20.811628
0.0,3.6906292
0.465225,3.3067706
0.184332,3.4778757
3.91957,17.82777
5.57964,10.017015
0.0,4.2390995
3.8263,4.7954564
2.77545,7.4232635
6.38411,5.9262486
13.7388,5.4444885
0.0,3.0767481
4.92439,6.2894754
1.76295,6.0239153
11.911,17.710466
16.1532,6.746216
0.0,3.5362182
11.6114,9.220862
3.80665,7.343026
0.0,7.605654
18.3229,21.776327
0.0,2.8316972
0.0,0.5090289
2.59898,3.5391836
0.0,4.239978
5.90059,2.1688828
0.0,3.2634115
12.3578,5.9767056
0.495369,13.895106
8.74772,5.319083
0.113568,4.5843363
0.0,3.2173984
0.0,3.9599943
2.054,5.584515
0.0244235,4.889291
5.19755,6.1222405
18.492,19.489838
12.3692,5.5383043
0.0,3.9598813
0.0,4.9064026
0.0,3.6300185
13.5279,13.578882
0.0,8.611233
22.2482,17.5954
8.56412,9.9445
0.0419176,4.6318207
2.47586,2.7273982
0.0,6.888259
0.0144224,13.357468
0.0747677,5.442605
69.591,26.83826
22.5227,19.367233
2.54224,4.126683
0.938493,9.264663
0.0,4.517026
0.0,2.9173596
12.2679,3.3497338
89.6832,126.022934
0.0,3.5968027
237.319,128.60735
27.6678,29.237143
0.0226111,8.322403
0.0,3.579692
14.2366,7.305291
0.5899,3.427617
0.0,5.9648733
0.0,4.2926736
0.0,5.5246124
6.23221,3.0083442
17.9272,12.55548
2.90771,4.7936563
0.0,7.5342093
0.774973,16.231424
0.831891,7.317341
3.29546,8.126803
12.4882,8.759695
5.38568,6.232945
0.0,3.8710837
16.4448,14.967466
0.0,3.0819483
6.50038,11.179026
0.0787372,6.1120577
0.0,5.446452
4.18824,11.95469
34.5595,23.276682
3.90281,3.1163902
0.110217,4.2140803
10.1609,11.3710375
0.0,6.97209
4.99855,9.863178
0.0,11.177237
0.205377,1.7765123
4.15016,14.087713
9.4149,9.266817
19.9248,12.023462
31.6466,27.611605
67.7779,33.31574
18.7897,10.040538
67.1287,85.43292
0.0161861,5.408601
0.0,4.8670254
12.3122,7.2184925
0.620975,3.5961905
2.18458,1.9102312
28.1376,40.137966
0.0105764,4.679034
0.0,5.348709
4.21318,8.701649
76.6259,136.85692
45.1028,48.483406
0.0,7.614953
0.0,8.02886
0.931928,4.3285937
0.0,5.981063
0.550172,28.153675
10.4682,8.445064
19.0907,34.482952
10.5992,5.1593704
2.0112,72.03645
0.0572197,-4.5994377
2.62049,8.817264
4.71807,7.3212595
0.511384,3.0255651
24.7117,13.792623
3.3771,6.2914176
0.136691,1.7513521
0.0,3.8848462
0.405692,-0.5256891
13.8031,4.5511084
13.1672,5.2219267
7.81638,11.680761
0.0106149,2.730555
58.7983,61.104187
17.9208,5.1803284
0.0647448,2.2043378
9.57747,5.576603
0.0274204,4.421112
0.0367091,4.030427
0.0,5.171635
14.3497,4.836814
0.0,4.028907
6.86484,14.535252
8.83965,11.597761
0.0,3.9257054
0.395147,2.659229
0.0,7.7580605
0.0,4.625986
0.0,5.2653494
4.74927,5.9933023
53.3053,24.579899
86.3551,86.915955
45.9377,36.69465
11.7739,11.050409
9.75614,3.0482564
0.571642,3.4572377
0.0122253,3.6583714
0.0,2.8550775
31.8925,23.719522
0.0282102,6.881469
19.1377,6.0857124
0.0,3.203011
16.2018,23.136969
16.4448,9.879454
0.0486026,5.41391
0.0236038,3.2475297
0.0,3.9087512
0.0,4.818555
0.0,5.389719
0.0,0.5100094
0.0,4.789769
0.364178,6.020273
0.803882,2.7981536
126.38,45.433163
0.174549,2.9297824
1.12293,7.956815
4.21751,9.002169
0.0,5.971218
0.124086,5.7443876
7.28997,5.9329176
0.0,5.654668
10.919,9.434784
0.0,0.84780717
0.288072,3.9701455
2.05782,5.3483076
0.0,6.055625
5.50462,4.492772
0.281248,6.116972
0.373263,3.963369
0.0222586,3.19357
0.0,2.5632184
0.0,5.5377607
2.15402,3.575963
119.708,97.55486
4.12372,14.537518
0.105136,24.712402
13.1361,16.63971
11.7892,0.88785005
0.0,3.86861
0.0,4.656605
2.83266,8.659372
7.58157,4.1899533
9.40501,6.4128
1.11409,5.201671
0.235774,3.0820763
0.0,3.2740877
0.0454203,4.938367
1.74564,5.5227175
20.2414,21.730307
0.0,4.6820335
12.2866,33.858166
3.47315,5.3633337
13.534,4.886407
0.269299,2.3129115
0.553941,1.8638892
0.413523,15.622615
41.1222,58.0088
0.0,2.9053319
0.0,2.7256985
18.9655,23.482916
0.800597,4.0892744
177.36,132.72635
3.5171,1.8890169
19.9297,6.892709
9.9387,11.001961
8.14611,4.553893
3.7689,3.3291438
0.0,6.1572733
0.0158908,9.079291
1.04575,7.7218924
8.60132,9.671685
44.7028,39.157906
0.0,6.138439
0.0,2.1979783
15.4501,16.53942
7.17645,14.492349
164.459,72.672455
31.9071,7.9944763
4.3179,4.6786194
19.0592,16.405062
35.6337,30.89802
0.0,2.6863027
0.0,5.3596325
0.185833,6.010741
5.77299,5.4508657
0.0,5.155346
16.9595,8.155981
0.0,1.8303626
1.70883,3.2629967
5.75256,7.51194
0.167618,6.8972464
0.0,3.7181015
0.0,3.9158592
5.53292,7.185421
0.0951988,2.9559133
0.0,36.93942
2.0945,-3.8523948
4.85005,4.7909274
0.0,1.9974562
0.00483917,6.4333115
0.200307,3.5521078
0.0995542,2.1385517
0.0,3.8693314
10.5992,7.812951
8.49633,18.07801
0.430381,-2.3987038
5.62854,8.00865
0.0730475,5.615049
19.0873,14.523418
15.4143,3.5135794
0.0,3.3832302
0.0183801,3.0006998
0.0,1.6863558
1.55598,6.196589
0.0,6.3777885
0.0,9.401961
5.61638,4.7513814
19.4241,11.971409
0.0,6.444603
0.0276267,5.6384845
0.0154189,1.8389215
53.941,34.74772
0.409528,9.0751915
0.438031,12.423777
14.1322,11.776867
13.1318,10.692862
8.92614,3.2719896
0.486516,5.552923
0.0247193,5.2094717
0.0,3.6437473
5.1839,5.2284923
0.0497915,3.2204926
0.0443369,2.753741
2.26397,15.374554
0.21687,4.119135
2.09633,5.875353
7.18879,3.9790478
8.60684,7.9963417
6.87925,32.647163
0.0,78.62098
0.0216206,3.0768428
21.2436,38.043896
0.0,5.1179876
0.506804,3.1053603
0.0,5.2472186
0.0,6.1547413
2.05419,6.2419434
13.7664,15.379818
45.9039,79.17465
0.0541491,6.762107
16.651,27.264343
0.0,7.4704914
0.0,11.088297
2.32633,6.163467
0.189481,20.360003
0.0,3.7652135
0.448782,0.30268574
19.0954,30.186079
0.0,3.4080575
0.113443,6.6600666
23.1255,14.720334
7.6859,14.806929
0.0244278,2.6267061
0.0,7.5146484
12.3578,10.134445
0.536556,4.982559
0.0465395,7.8447895
0.0,4.9195614
0.0186081,4.215278
0.0,2.443687
5.06259,3.307193
5.22253,6.6776476
0.156903,0.45289004
19.2521,6.9542866
31.889,16.744225
0.0170874,7.7713623
0.00557245,3.2437327
5.90823,7.4159803
0.0,5.240999
36.3421,19.090408
0.0,4.4992614
0.0,8.279516
5.38391,8.244011
10.9038,14.531619
60.3458,101.675125
2.9242,5.905363
0.0,5.9139814
0.301423,6.441593
1.91883,2.5376701
14.8348,6.996686
0.00505011,6.1242237
17.8912,10.540805
24.5863,22.252499
0.0349215,6.2802486
0.0,3.9404783
0.709285,2.2783146
0.0,4.927563
47.3378,21.823149
3.88338,5.9961824
26.037,35.750603
17.9272,20.336496
15.9221,17.26631
0.200882,4.6516705
0.0606786,5.624434
0.0446926,4.206704
0.0,6.040165
0.0,5.1684327
5.78663,7.3616877
0.0,6.1558104
0.0184828,6.482688
0.0934583,3.9876153
11.925,7.388178
16.8248,21.918428
5.60581,7.8328457
0.0,9.686129
0.0484491,3.1448908
0.0,7.3856316
26.037,3.2887726
0.885176,6.111127
0.802453,4.398491
8.61256,9.512498
0.158853,7.0183353
0.0,3.598637
147.739,76.48571
0.0,4.9018593
77.4221,15.461434
0.0,-0.032948732
0.0,0.737993
2.64048,4.0573745
4.37095,8.540424
0.0239599,5.603159
0.578598,4.5687375
1.16746,4.6698728
0.0,6.711339
0.0,1.5009775
0.0,6.9248247
23.0388,20.163857
0.0,3.8986166
45.9377,16.587029
37.5398,30.569578
24.0243,24.8304
89.6832,124.48124
0.0,3.6195855
0.158944,3.6770632
0.0,4.9950523
2.26945,3.8278065
1.67192,3.0997136
6.2082,11.608547
3.42946,3.9556293
0.0,6.790452
44.6865,23.889454
11.8354,10.969432
0.0,7.1799784
13.1239,19.639708
0.0572685,5.043771
38.0233,20.086096
1672.53,574.6581
8.51378,5.2774925
0.434439,1.2157315
25.3389,18.076035
0.160588,4.0119324
1.81658,2.703612
18.7132,20.49861
0.0757449,-1.4905021
29.3384,51.22207
0.0,7.921959
31.6466,22.421442
0.885176,6.610524
0.0,3.1457827
0.0384907,6.2696476
238.224,177.12024
26.1965,18.110872
34.3872,29.110584
7.71846,7.4199543
4.36892,5.5439725
0.220951,6.934124
0.0,6.495185
5.38804,3.726634
1.17115,4.7772512
19.3196,9.020907
111.337,89.606705
0.839133,4.850034
20.1295,21.97733
11.925,8.320242
0.0895068,-1.4260445
0.0,4.0813913
0.0,7.5930796
0.0,6.6120844
0.0,5.9547653
0.0,6.454935
0.1349,3.7649984
27.025,16.45103
0.0,2.8938193
0.0144318,6.15837
0.0,2.0961673
35.6083,35.59237
0.0,12.882709
0.0,4.490253
0.423245,2.1785824
0.471518,4.080461
12.3578,11.169576
1.67766,4.493614
0.0,5.5123005
18.2872,7.587467
0.044806,1.2541655
4.72532,5.685128
0.0,1.9302032
0.346506,8.832454
21.9108,14.769961
0.0,3.6866171
0.55637,4.061268
0.0515482,4.5575776
16.6674,6.386204
0.232937,2.9261942
0.0,3.2003558
0.0,1.094683
6.02408,7.0536547
13.2992,10.731773
2.91861,3.9521043
12.3079,25.12048
1.34405,7.8650694
1.03251,1.520654
0.0995542,6.9489374
0.0,2.9118962
0.0650783,5.3755374
39.5927,47.775925
0.0263778,3.5489602
0.0182033,4.5755253
0.0,5.1938987
0.0,4.801322
0.0244278,2.628696
11.0852,12.148724
5.54419,7.206278
0.568093,5.552286
0.129077,10.854498
3.82475,2.962462
0.0,7.658802
88.2999,51.056904
0.0,8.81023
0.0,18.000261
23.7573,29.574104
16.4599,14.517808
1.89412,2.9042013
0.0,4.39858
397.601,150.2095
17.4652,11.026365
13.2992,11.6025505
14.4858,2.6109455
0.0,9.427882
1.23407,4.472247
2.59898,4.5509424
13.2992,16.334204
2.73993,3.1949036
0.0324436,5.035909
73.3151,83.35527
18.7132,12.431588
8.13458,8.05928
4.37563,7.8114424
11.7892,4.792143
0.0,3.9840784
0.0,2.8091223
4.7978,4.2782993
0.178451,4.372042
54.6051,86.58056
0.301719,4.723255
1.55944,6.700363
0.523938,4.464171
2.91861,5.2974257
0.530209,3.4551568
1.85569,6.084485
7.18911,6.391942
0.0148745,3.9801116
0.942564,4.6146865
5.34906,2.0066216
0.0,3.936201
20.3765,9.361769
1063.86,986.4159
3.34477,12.471924
8.16969,7.2256393
1685.57,1238.4185
4.3505,10.204012
0.0,1.8244455
0.0,1.5347319
0.0,90.33808
0.0,6.3451242
3.96255,9.80436
0.0,8.175754
0.0484491,2.3545933
0.0,4.2928486
9.92708,12.763966
7.75804,7.4396505
0.0,6.033735
0.0,5.8502474
7.96072,14.280398
2.69684,4.3545904
0.0,1.9955049
0.0,5.0563827
28.7411,43.195534
14.0998,8.109289
0.0,2.0864372
0.022237,5.9588265
9.45517,17.716278
10.04,8.518043
0.0,41.310932
0.0,6.539466
2.51154,14.085211
14.3015,17.212856
0.0377064,0.20130491
0.313075,3.2784255
19.1213,21.021526
0.0159444,3.2325473
19.0907,12.874984
0.0,3.3938758
0.0,6.838151
0.285904,3.9841132
0.0,7.6059065
8.87697,10.059466
5.71485,7.3187656
42.4463,40.558067
0.0,2.7466948
0.124658,6.5354004
0.336423,9.193034
0.173933,4.021083
0.0,5.718507
186.492,104.94464
0.0,5.138074
0.0,-1.0826619
0.0,6.823599
13.8586,18.52654
0.0,3.4947977
0.949409,3.515933
17.1412,13.740131
0.0,5.944712
22.4149,23.65714
0.0,9.489927
4.54025,6.1335454
29.0844,21.957088
2.27606,4.371362
10.2115,16.587769
0.021705,3.5374203
0.723447,6.000296
39.5552,32.32005
6.04453,7.602124
3.6301,3.217413
3.15788,4.4289684
0.0190361,5.165386
1.95883,6.6372585
8.49649,7.971633
0.0,7.8365774
0.0,5.9254465
0.0,4.665044
0.0,0.73781395
0.0,13.505145
15.2282,21.652979
11.7182,3.793609
0.507646,3.9677677
1.78563,369.07812
0.0294058,5.9320602
0.0,5.8730702
0.0139038,2.3532233
5.08053,6.9818344
0.507646,4.2389755
39.7765,33.88254
10.209,8.352721
11.3131,18.573114
0.044806,2.3295782
0.0,2.0519845
60.6128,67.498405
1.5419,2.9841528
0.0,3.5403361
0.0,2.7227035
1.96732,4.096597
0.095533,3.4190292
0.0788493,5.0871077
9.99134,12.740396
0.0533663,6.119044
0.123055,3.2774117
13.1998,9.978237
0.0,3.4168262
5.73474,6.862627
2.9242,3.6377592
0.0,3.674602
1.4546,3.4329863
6.84285,11.865526
0.0,4.6131597
0.111079,1.9964949
0.0415295,5.390024
2.22872,5.8195457
0.0,3.6940637
0.0,4.8231735
356.985,723.7458
0.0,5.0047607
0.062583,15.969054
1.51571,3.6125154
42.9746,33.56257
0.0,5.2652454
0.277533,3.2072973
4.41878,7.104166
0.0,3.4924922
3.80485,1.7695659
8.67667,8.746942
21.3463,21.071808
0.0820103,4.613542
10.5992,8.619807
7.24983,7.838215
0.0,8.232099
0.0671478,3.1122482
4.74985,6.894017
24.6517,13.1730795
0.12809,5.972046
0.782192,4.149432
0.0,7.993163
0.0,2.4599621
0.00412802,7.0472927
0.0,2.7758834
48.0989,41.446228
0.887909,4.37101
0.0,4.7187853
9.8197,10.955293
6.43976,5.850544
0.0376121,3.373375
0.497355,5.355379
26.9232,48.076263
0.0,4.641881
0.0456051,4.3377533
33.0627,16.954165
0.483763,9.003196
16.4448,11.705565
0.0,5.939905
0.103857,3.829914
12.3259,12.799191
39.6299,27.02354
0.863657,22.25896
0.339008,3.4052083
31.9097,24.532282
19.4241,14.194072
0.16748,-3.8016484
13.2598,15.157426
0.0,5.097966
48.3711,107.10202
39.734,44.19229
38.9799,12.138356
0.0,3.1946375
0.0566512,3.0577726
0.0420966,5.681099
0.0,5.074759
0.0,4.8196793
0.0357071,1.271042
0.424285,-2.1104133
169.204,140.54636
42.4572,58.595676
2.19107,5.7082014
20.497,18.294226
29.3879,28.685274
0.0,3.7918296
0.0,4.682227
4.252,3.711647
21.3463,18.370478
0.0,7.374708
0.019213,4.9247437
11.315,11.33145
0.0,7.9600506
0.0,7.640747
0.012238,6.494156
6.49558,7.491453
3.54823,5.700583
96.6188,88.54806
0.571642,3.000381
0.0,-1.3214557
8.73149,10.287518
0.0,4.4896517
11.6433,5.1096506
18.7132,20.76989
0.0,4.6101894
0.0397736,5.9163136
9.92708,8.69505
0.180576,4.470845
0.0,9.1327095
89.7514,57.340828
0.0181711,3.6399279
0.0,7.7978563
0.0,6.976506
0.0,6.4474163
0.0548003,5.900077
3.96694,4.3784914
8.4425,7.0166492
0.0,4.3476806
21.3463,14.179324
2.02248,7.7526712
1.45222,6.251461
3.8158,7.5456657
0.0,2.9407597
10.0159,6.7363873
0.0538038,3.7419517
12.3842,9.605732
28.3842,21.217907
0.0,5.29937
0.0,2.8736777
115.609,20.542067
62.2029,28.728823
24.6134,28.604605
8.96462,10.669772
31.9097,29.325623
0.0,2.2136889
0.0,3.292558
0.0687819,4.6371956
110.913,99.24217
14.6904,7.49459
0.0,4.7617283
0.571642,3.0688806
3.42239,8.017458
26.3449,19.169128
0.0,7.115819
103.316,59.38883
0.0,4.306817
4.09223,3.1401222
751.657,491.66565
0.0734416,2.9042282
0.0,5.57242
6.77438,6.269486
1.68421,5.6500835
53.1485,38.733547
0.0,3.498983
0.0,8.881582
0.0285757,0.30117345
18.5823,14.257793
5.59409,4.065793
4.02702,7.3157053
0.0,8.738869
2.36522,4.3509645
4.29986,5.821101
34.1317,24.000751
0.0257441,4.7412887
2.05422,9.395404
0.0,3.677116
0.0,6.928649
1.1534,3.4457788
18.8186,31.589352
0.0,8.1393
7.13458,4.1306596
65.9312,61.255558
7.11917,6.526206
12.3842,8.82395
0.0191382,3.6916933
0.0,5.9777365
0.0101261,3.4148898
32.6742,29.333458
0.0,4.5131226
0.0220725,4.768573
19.4687,42.212128
7.4172,8.220081
0.0,3.1340833
0.0,1.4766874
9.4149,8.569043
0.0,-0.086663485
0.0134073,3.6362238
23.8582,3.797248
4.56064,4.2643523
0.715985,4.488573
16.1526,4.695643
4.30556,3.6432066
33.5666,6.450001
0.0,2.6665487
43.9011,44.611053
0.0,393.91574
1.26219,3.4804661
9.4149,5.6297574
0.0,1.711796
0.0,8.520273
0.0706942,3.3594518
8.19955,8.849577
0.303938,7.1220474
1.78545,8.227121
0.0,4.901616
7.75683,5.0151124
0.0317711,5.2982864
0.0799965,5.9644403
6.66568,7.9059544
4.3137,5.93359
0.0,11.203316
51.5995,40.48556
0.0,4.7318745
0.00671422,3.4970272
11.7324,6.0307436
0.0,4.6670656
0.0,4.5632305
0.0409463,4.1395535
39.8775,30.985804
0.0434396,2.8845267
0.0,3.7828188
63.3518,90.74783
5.58106,10.581552
68.9289,88.028656
3.60176,5.019367
49.3187,26.958185
0.019213,1.6134257
18.2872,10.658458
0.0,2.335912
10.5394,71.617874
0.0,3.602963
0.0,3.2643185
31.8915,21.538128
0.0,3.933433
3.65862,4.3507376
0.328576,4.4457736
2.76486,4.893947
7.56916,3.826786
14.1483,4.9091377
0.341334,4.418888
0.0,4.635274
0.0,12.636579
0.0,4.7246075
0.0205005,7.29385
20.9778,20.140545
0.0,4.497249
2.85747,4.9357758
0.0,3.4632478
0.0,4.65864
7.45284,10.485617
1.00418,1.7825942
14.1028,23.611515
0.31996,2.8566778
4.74741,3.9856927
41.0336,30.022331
0.0105662,2.59963
0.0464147,4.856014
751.657,534.5341
0.0973958,3.557715
9.66222,498.28766
3.1273,5.796118
24.8885,15.538696
0.166568,4.197949
18.4566,23.009172
0.0,2.9668474
24.5863,23.424067
8.33035,15.806175
9.41787,6.8077602
0.75264,2.035041
0.0,5.3762674
0.0158971,7.1521587
2.62551,8.795502
0.173196,8.981234
0.0,3.8032618
0.0161967,4.880825
43.0485,25.009077
0.0,7.81839
11.3911,17.737286
6.83818,10.956174
0.0,2.2188044
18.1842,5.740937
8.09838,4.979185
0.030774,-0.5770221
5.06259,3.0095217
3.84675,2.8188157
49.2648,58.170822
11.3911,7.7008324
0.552448,5.254352
0.0578544,4.5066996
13.0144,7.0968094
18.1224,24.761026
0.0485279,5.8621535
0.0,4.068072
0.0,4.980262
37.5261,21.840208
17.2728,9.466591
65.7132,66.36625
1.25708,5.3844347
0.0,9.991497
133.142,58.722336
0.0,3.505414
0.0,5.4175816
0.0,6.0852118
9.40349,10.106727
29.1625,44.164536
0.0,4.131105
0.0355736,4.5398264
0.0276603,4.7909517
0.0,5.1189957
0.0,3.8598504
0.0,3.4057868
17.5059,7.5886497
6.01968,4.747013
0.0,6.9073486
13.6105,10.914255
0.0,4.832567
0.0631732,25.455442
32.2663,28.439514
14.0008,12.159217
0.0334241,5.869216
0.0,5.580737
0.0,2.3157094
0.0,4.4732933
0.0541491,4.6763983
0.0,3.9706292
0.030325,2.7477126
1.67707,4.5757494
14.3224,16.02755
0.171019,7.388978
0.571642,3.7709074
0.108294,4.937132
0.118923,3.3848543
0.0,4.205913
49.2648,54.480377
0.0222134,2.910269
8.44341,3.9747043
66.0095,43.307583
53.941,37.198536
86.0005,34.027348
19.5804,32.964523
0.0,4.201683
82.287,94.83559
23.5057,14.335814
0.814287,6.00478
0.0344196,4.340109
0.0,3.2971718
0.0179047,6.4586935
0.0,4.434229
79.1213,19.71499
0.0,5.7414865
54.8596,49.30149
0.222996,4.51009
0.0,3.1877506
23.6372,8.697263
0.0,5.1908245
0.0,-0.041751146
0.0538038,3.8243728
0.0,5.0955653
0.0807021,4.5981436
0.0,3.7235978
12.5184,9.573735
11.2641,14.682975
8.76954,11.644759
74.3385,68.18345
0.0,5.0829086
2.1426,9.769361
60.3985,27.858416
80.5417,68.23633
1.06258,2.647313
1.13365,3.895819
0.00808029,3.473057
46.8588,96.74418
169.019,105.945786
0.23815,4.05452
20.9772,29.398573
0.0546641,4.9271975
0.0,6.74269
0.0129563,1.1818336
9.17563,10.0053215
26.9232,42.852867
9.75266,10.850996
0.0,7.2962227
4.27748,6.949252
13.9629,6.612664
4.25521,10.005938
0.0,2.077319
11.9314,17.341684
50.9345,24.802803
1.77667,3.3893197
2.90635,5.336956
0.0,5.590193
0.0,9.873838
37.3251,40.16047
0.838692,7.5108747
0.360221,3.1644216
21.3148,17.25068
0.0701119,12.598734
2.59898,6.485627
38.704,62.04534
9.4149,7.7711716
4.33894,4.9045744
0.0,7.546793
0.0,3.8858385
3.62445,3.84308
1.51867,-0.09549713
0.0,2.22388
1.47888,8.728051
0.0339982,3.4806712
0.0,7.4382277
228.807,180.3706
2.28587,12.22827
12.7217,6.38643
7.11917,8.513794
0.523938,4.585188
1.9799,6.195561
32.9684,21.981562
0.0789682,4.358877
0.0,5.817415
0.0176521,4.0091476
2.73993,3.7511714
0.0,6.471613
0.23567,7.961028
22.0206,18.433172
20.1384,12.1690235
0.0,4.9762354
0.0,5.0917697
138.822,88.779655
30.6925,20.918087
8.99935,9.463943
0.0163062,3.753653
0.0,6.9512005
230.705,331.38715
0.0,5.873175
0.0,4.70733
10.7566,94.48035
0.0,3.7801445
0.0,6.8442907
0.0755944,3.9631872
0.0,10.329271
0.144043,0.37594366
28.1384,25.348999
0.0973958,3.7371535
81.6833,75.63913
1.04575,5.3434515
0.275945,6.3089895
13.2118,16.962702
0.0,4.3103976
1.12501,1.2174262
22.0206,16.243717
25.6931,34.597992
113.654,5.1018972
2.15888,5.18866
9.22554,7.295841
0.0,5.312442
0.0,2.110447
9.72954,7.473295
0.16082,6.1769557
1.69382,11.3847065
0.124475,3.8298287
0.173933,6.157652
0.0629534,1.8232687
0.620975,4.8536873
16.5249,15.996265
13.6937,13.563161
0.0,4.3100357
77.2059,78.96782
1.56805,5.1847124
0.0,0.91263473
0.0,5.7786307
12.2934,17.080763
0.663635,4.5757713
3.73646,7.872656
7.06927,8.069696
22.2711,23.823914
0.0,3.3810785
6.32027,6.2729278
2.05356,4.7254205
0.372758,4.2323637
1.45662,4.0947924
0.182837,8.072976
20.7139,15.7286625
0.0,4.6843843
0.0,4.0442734
17.0723,11.805266
4.43939,5.004799
6.0841,7.4112844
0.0,7.2183723
1.96863,2.931078
8.6826,31.23908
1.08083,3.4364133
0.0995036,3.9153764
0.03749,4.4381104
16.2889,22.836863
0.916067,8.414474
0.102074,9.310077
0.0,3.3579998
1.85764,7.3089256
183.183,170.52126
0.115567,3.898945
0.0,6.6823225
0.0,1.6782714
0.0912077,5.2256126
15.8175,13.477889
0.0,5.5950704
5.03214,1.9639696
0.0,3.2189636
7.93361,5.162047
0.116093,5.483036
0.0,1.375601
2.33652,10.685941
0.68252,5.5577407
8.12195,6.5644007
0.0,1.360715
3.40206,5.700685
0.0,7.11537
45.1502,22.893148
51.9129,51.18569
0.217464,3.7790852
0.0,4.196249
0.0,5.7859755
17.2728,8.033585
0.0,4.39093
0.031047,2.5319865
0.0,2.0621371
51.8407,46.56134
0.116093,4.8104353
5.86462,12.689812
7.90477,13.267118
68.9289,46.348194
5.4147,7.3665323
0.0,3.9295397
0.0,1.7113466
9.22554,4.1742463
0.0,3.878086
0.0289172,5.052267
9.99168,6.9496994
0.0546641,5.3830323
146.296,119.577324
0.53003,0.87181485
2.30086,6.7377176
0.0143901,3.7268744
433.955,385.628
23.1255,16.076305
0.0,5.6124544
0.0,3.8274436
6.32595,4.878606
23.569,16.84923
0.0329288,4.5427566
24.8548,25.321936
14.6723,11.535837
0.0146014,6.090188
0.0,4.474659
0.299025,9.572247
0.287353,2.514935
162.718,58.723904
0.00780787,4.621441
45.1944,31.1814
0.0,5.31451
1.7011,4.7451205
17.5213,23.90825
0.930334,6.8832407
0.0,3.5355277
0.0,0.28426194
0.0587923,7.1184654
0.116934,1.4003747
0.0,4.9461718
2.1687,4.9270487
1.37359,8.818912
0.0,7.6789904
35.6083,18.70229
17.5554,60.41095
143.863,119.6112
2009.94,183.12598
0.0,8.285842
0.0,5.901106
0.0,2.0402453
0.253644,4.3603697
0.0,4.612831
3.51106,5.677328
0.256122,3.6396384
0.0,6.0196996
20.7926,9.430262
0.0534402,5.482985
0.0202203,2.5675192
0.0,4.5898666
21.8819,11.717254
20.6573,38.31497
0.287353,4.3459387
0.0,8.590062
0.0,7.73314
4.18611,9.419215
0.506804,4.845131
120.835,76.50084
0.0,14.688849
0.106015,4.3256044
0.0623884,3.347809
0.233384,141.51776
0.720744,4.74159
0.0,5.882728
0.0,6.0165052
128.636,71.66495
0.53003,5.6086955
0.0,5.810526
15.9549,20.318714
0.0,6.5865183
15.9221,21.441261
0.793066,4.1512604
6.33747,5.8442745
12.6111,12.379194
13.3117,18.464046
0.0,4.9709024
14.4278,17.342243
4.1624,7.404872
0.0,5.30152
4.3179,5.580535
11.9212,10.551762
0.051393,5.508322
0.106379,7.048114
0.0,4.483299
1672.53,487.18814
0.0,4.5937963
0.0,6.6357775
0.5899,2.8120592
5.52068,4.933653
0.918487,4.639703
0.0,3.7394762
0.0,4.4502296
0.0262871,6.439126
23.5057,14.596264
9.70645,7.7691593
10.4744,5.769805
20.3765,7.218252
9.57138,20.741796
0.0,5.385789
0.0,7.2221966
0.0693409,2.50672
795.558,330.12427
0.02025,6.285287
2.64048,3.1606498
0.186278,3.3431246
2.7544,11.682832
0.0,4.467022
0.0,3.4521983
0.0377064,2.8443263
0.0,6.3259783
12.6742,18.382967
0.0,2.7841039
0.0,7.7762985
23.7592,18.816189
0.0236764,3.3245811
0.0,2.0721045
0.0377064,3.050374
25.8108,125.95383
0.0677597,5.2181454
74.3385,81.86905
3.07149,7.950989
15.332,12.267979
11.7977,5.881793
6.42352,7.0194197
0.0,2.8461673
11.3063,14.22663
7.13458,4.481245
0.0115032,6.916978
135.592,144.38504
37.5398,18.061527
0.0,4.3675
21.3561,44.19365
0.0,5.4664445
8.82656,5.469391
0.0,0.9946538
0.224191,2.105432
18.2872,13.56779
0.051393,7.6801376
0.0219642,4.583343
0.019555,2.9655638
13.5935,11.482609
0.0,5.4502983
0.0,10.090878
0.0,3.096603
0.0,6.702754
8.26953,9.077955
1.12293,6.4641857
5.31905,6.0678854
30.8985,34.13692
15.8502,10.8836155
22.0206,26.65802
22.2482,18.795979
9.53814,15.540731
0.0,3.198058
0.0498663,3.8729672
4.68332,3.4417548
29.961,26.475609
6.74237,8.582539
0.0484034,1.8348162
10.6332,6.092635
71.0243,86.80752
0.0,6.8954077
0.0,3.8048518
0.0,7.284727
0.24016,14.95212
0.0626873,5.0367155
10.3538,14.59731
0.0,3.5015955
19.4241,23.816704
0.0,4.163344
10.2809,17.665955
0.0,98.91356
22.7386,18.311893
6.4931,8.159766
68.0183,51.883205
6.4931,4.6412253
64.5569,94.762596
0.0372422,5.5926657
0.0,5.9542394
0.207645,4.9314632
0.0994218,2.1842427
0.0,4.9727573
12.0612,8.418848
5.41036,7.273759
0.0,6.1168184
5.31336,2.2231808
0.0701119,14.609614
113.928,66.79573
0.0,5.8400583
1.6993,3.9622996
0.0,3.4221456
1.13347,4.769142
0.0,4.6720886
0.94857,4.4494514
0.0,7.0758705
1.69762,4.096206
12.5438,9.370042
0.0,5.282646
57.049,2.7230804
0.0734751,4.9830084
0.0,1.0779612
0.0105311,0.93230855
0.0,5.0337133
102.047,55.512493
0.109414,4.2686777
0.0,4.4607983
0.132043,4.7106047
0.0569866,6.794236
0.142322,1.9905428
0.0566512,4.688742
0.0,4.672003
0.0852943,3.6862936
22.0206,9.80552
0.0,1.8509154
0.0,4.367421
0.0,4.7936516
0.105744,3.2973742
31.889,64.66615
13.2992,17.08322
8.60295,17.825815
0.0423201,1.6686443
0.0,3.5147133
6.2082,5.4060016
0.0,4.749264
0.0151398,6.347823
0.72781,6.0606675
2.33011,2.962013
0.645114,7.06176
0.0,2.591199
24.5863,27.30408
1125.9,302.81784
38.1937,20.588041
3.74538,5.087551
18.7859,8.086111
0.0,8.025409
0.282696,5.0419664
16.4448,27.338701
15.1905,12.386338
14.8266,17.32858
0.0,1.7209005
0.0,1.1381935
10.7625,7.966463
146.641,137.82892
28.6632,5.10665
0.0250986,6.352395
50.821,31.039558
9.9046,5.5706773
7.61576,10.213825
2.15402,2.5860343
27.684,15.742161
0.0,4.8775063
12.7252,12.379497
0.0,5.282896
29.481,22.532717
0.2591,1.1950053
0.0,6.590397
0.0,7.502799
0.187298,3.9139605
0.0,3.6407242
18.2872,5.420825
8.54713,5.6624985
1.78478,6.135579
0.0,4.787984
2.54224,5.0996103
3.81662,11.328595
0.825871,6.332142
0.367544,4.055854
11.9358,13.8134
0.00899691,0.65918005
8.17572,10.418427
0.0,3.3169935
15.2248,13.955433
11.2349,6.7619467
0.0,4.0615144
24.7117,35.19129
0.0317711,1.4483023
0.0320994,3.2089932
0.0,1.410578
0.0929055,35.674015
0.0,0.30470324
1.02096,3.0947034
0.0,3.1991382
42.7133,54.171177
0.443856,-2.059459
0.0,3.8574114
0.0265144,5.3840904
0.158875,4.792596
0.0,3.668747
63.3801,102.90297
88.227,20.828012
0.0704166,4.549527
0.0,4.556027
11.9358,15.421276
7.0301,8.53145
3.80485,3.2109714
0.0276208,3.5717804
8.92297,18.41545
19.4241,14.276604
0.571642,2.8402815
14.4278,11.783571
8.51378,9.650014
19.4562,10.9938545
0.0,5.9620533
0.0,1.6494129
0.0221484,3.6347497
65.6935,82.8214
0.900053,3.2152503
3.08732,4.528879
8.67667,21.252851
4.27029,4.839678
6.17769,2.9840753
8.51378,5.5434546
44.7525,19.721878
0.0,5.2828503
0.0,3.034009
0.236539,5.855667
0.0,-0.46832848
0.0,4.767458
6.70289,22.492493
0.0205435,6.3703585
1.44316,0.9195043
0.0,4.569481
0.0289539,4.253802
60.042,105.034676
0.0413947,3.091044
0.0,4.5362387
4.28139,7.81264
7.44047,6.3492947
0.0105662,3.870563
145.325,43.741787
0.126268,3.5794954
0.392164,4.9167795
64.9969,62.084446
0.0587993,5.744192
0.0593236,2.2829201
6.71487,4.3883877
0.251745,10.165241
0.0584078,2.7087924
21.9927,22.876606
0.0105662,1.3093674
8.82523,12.517384
27.3451,17.494856
0.116668,3.211173
0.0,5.8030076
0.0,6.0085115
0.0,3.8423936
73.0222,77.12122
2.19578,4.6071987
0.0,5.6160984
24.6299,21.26922
8.74577,7.567363
0.0,5.6110086
16.4896,9.777017
0.0,6.209507
12.6788,17.961834
1.22844,6.5293293
5.26932,8.258535
0.124748,6.4805107
0.0,4.8227415
2.76463,20.082027
0.0179047,5.1304445
0.0,3.7251506
0.0,5.0784826
8.30396,8.110105
17.9272,19.481697
0.0261254,2.5976906
15.91,17.927069
0.0,5.1342964
29.3069,11.961212
45.9377,31.729164
21.6632,20.755
0.0522123,4.003318
0.0,6.0251617
93.0804,33.417484
43.2699,69.211395
2.96211,2.4170575
64.4972,77.64944
0.0,104.9311
526.834,482.6363
37.8456,47.80915
2.03235,4.068986
0.885176,6.3508368
1.84584,4.5910797
0.536926,3.796051
0.16686,3.1669707
0.0,4.9885397
0.0629288,2.1538844
18.727,16.326893
22.0206,38.202423
0.0402742,5.1087866
0.0,2.3553133
0.0165863,6.23297
12.7252,11.142271
11.7182,4.1586514
25.3641,18.470726
13.6585,18.037846
0.0,7.376049
0.0130855,2.4153125
24.01,10.745633
0.150147,5.4096317
16.4448,6.8924627
80.465,141.34964
0.0,3.0468955
0.0,3.6815648
0.0447815,3.3081925
33.9583,35.702843
29.2461,20.970121
0.0,14.964241
3.80485,4.3789635
33.6491,52.123875
1.83906,4.1004605
0.0,1.1066284
3.93496,5.1829944
19.3636,10.476436
0.0257749,5.869399
32.6742,29.667986
20.035,19.878574
68.9289,47.622498
0.0224096,4.3482065
7.88268,9.4937725
0.0,7.97612
0.0,90.35852
0.0,2.2294512
8.8373,5.0654793
0.365576,4.36651
0.0,3.1784482
9.4149,9.851688
0.0,4.9256234
18.2676,10.431791
4.3848,3.4440563
0.0,8.207832
0.15934,3.0787463
26.1381,38.405113
47.3053,12.205416
2.52583,4.3570166
17.9337,18.180824
0.0,21.930508
0.0,4.406316
23.7563,7.1713743
20.3765,10.045482
0.0190806,1.3492916
0.0,7.3311205
0.0701992,4.9204855
53.3411,33.294727
6.81067,4.0682354
0.0645255,5.2739015
0.051393,8.631881
0.299788,7.745288
0.242017,5.4627004
0.00871303,4.8273745
92.574,75.19028
7.2525,10.726011
6.28842,6.444848
0.211954,4.8897347
0.0,12.008609
230.705,254.2431
0.808567,4.890874
3.07933,4.425297
13.2992,8.399404
16.5466,9.583746
13.6045,3.9289658
7.10038,5.066211
197.497,106.7293
0.0,4.114008
0.0,4.0137615
0.0,10.738963
61.2563,45.38138
0.0377064,1.210337
12.761,11.761046
11.3824,11.697507
0.0,4.92723
8.77471,3.8982897
13.3267,11.87431
0.051393,6.0725236
0.0164366,2.8739557
1.02096,2.5909674
7.18879,9.042369
2.32633,5.7970004
0.0,5.701565
0.0,6.627452
0.0,5.409191
0.0265841,4.563939
0.0,2.5273545
0.0317417,2.2759361
5.52068,5.929641
140.312,169.95172
0.0260972,2.791379
0.0,5.3433647
0.0,5.8252344
0.0,4.0889025
0.113443,5.8015957
0.441246,6.0096765
10.6178,13.07013
5.60711,8.57417
5.57721,6.6205034
0.0,4.2473063
12.3308,6.080427
6.02159,3.343164
0.0,6.189928
0.0633151,3.8317833
7.25476,6.500223
86.0813,161.1068
0.0,4.9947567
2.90855,3.4500725
0.0,6.49343
86.3551,100.52946
19.5804,18.840412
126.095,269.53482
0.0,4.5012236
10.4383,41.605366
47.3378,9.88318
0.0,4.032238
0.0,5.5493784
0.0439518,3.5352297
0.0377064,2.5864625
0.0648194,5.1056595
0.0179047,8.842251
12.2934,13.311403
0.0,0.95891654
0.0230888,5.1037045
0.0,6.2280006
1.47888,4.4409313
56.1358,26.695248
166.055,214.17917
0.847076,4.1574454
62.2321,48.49472
0.0,5.590924
15.348,9.0048485
11.684,13.216131
0.0,7.388345
8.8373,4.914422
2.2831,7.901005
0.083875,3.908607
3.89551,1.9541957
0.0,2.5530386
52.1765,35.359245
2.91784,3.4344711
8.07033,12.939277
0.82062,10.508372
0.500156,3.7409384
0.0,10.082808
4.99636,7.5229664
41.5146,21.371334
0.0,6.409174
47.7532,28.973743
0.0,5.031102
15.2078,22.558266
2.74106,11.207395
54.3436,14.586751
1.02946,8.8377495
8.65669,7.0612307
19.4241,13.1424055
14.5917,4.92002
0.0,1.9254873
4.36892,1.8007174
11.5285,8.882995
0.288295,8.471877
0.0558323,5.3647933
0.0465422,11.456656
0.0,5.9061213
0.125719,3.1187294
0.432429,1.9920925
9.01874,5.6022835
10.2388,15.0665455
0.0226954,2.155183
4.91671,3.5968366
0.151593,4.4114656
1.18369,2.2345529
0.00808029,1.2906686
0.364658,3.283022
12.6332,13.499518
13.5086,13.954342
25.1162,69.38227
0.0304709,4.5638485
0.0,2.4002724
0.0,5.3177023
0.0,5.4609537
0.0,6.061467
7.67293,189.25665
16.0908,7.7433844
49.5875,22.335562
0.0,3.8594658
0.0,2.4374309
0.0,2.2622173
0.00932824,4.128689
0.00808029,2.3828125
0.0,8.62294
0.0615141,4.250268
18.8552,24.117369
0.346404,11.321566
0.0149761,3.8306134
4.62182,7.773714
25.1162,101.44562
57.7158,48.564648
1.93666,-0.17042041
38.0233,88.23814
30.0409,16.757154
0.0,12.52415
0.144784,3.3614569
17.1126,5.6593237
2.16773,7.0478497
0.0,3.3358274
0.0,3.7511818
0.0643346,7.249281
1.47888,5.6817446
0.0,2.068204
21.6391,23.568317
15.6978,16.239342
18.8538,18.669834
7.14585,8.471113
0.0,4.1269174
0.0,10.034315
0.0,7.5573397
0.0951988,5.6204767
2.90855,3.9226193
0.0,7.9270363
0.0,8.043294
0.366194,5.9505177
0.384548,5.80472
34.0732,32.92251
0.556268,4.1974907
0.0,5.93053
16.4448,14.2040825
10.2343,12.639247
18.8462,12.219677
3.94202,4.3858705
0.0,4.82657
44.2719,36.046394
0.315451,6.4282284
70.6535,43.92066
0.0734416,1.667488
0.46655,4.2707844
112.365,62.646053
5.46322,4.9673605
0.458915,2.0752125
15.6978,18.27179
49.7586,32.20079
1.58275,3.666907
12.2578,14.642057
0.0,5.0319314
13.6265,12.76984
0.668523,5.241214
60.8617,35.19043
0.0217999,3.7825441
6.26558,11.1676855
3.8283,2.8115125
0.0,1.3436437
0.0,6.359979
9.95179,10.667889
15.9835,15.325558
0.0,5.3795123
0.0,0.68355155
0.0,4.726927
0.0210194,2.9988024
0.0,6.1103077
0.0,6.4990063
13.7455,6.2506027
14.8266,13.960282
1.32143,5.091698
0.0,4.791999
47.5839,47.843323
0.0,6.46745
7.72727,5.052841
0.0,2.6453507
11.89,7.596401
8.74577,8.192396
0.0,5.3601933
2.11577,5.7665668
0.272273,4.1295557
0.0179047,7.081938
0.160609,3.261963
0.25901,5.7518477
1.13456,19.002476
0.0,5.0127144
0.177061,4.2734537
0.0,7.7883635
0.0161967,6.571335
10.8169,4.1844916
26.037,22.186428
11.8383,17.423632
5.32181,8.779862
0.0,4.0750103
11.2349,13.442847
96.1357,6.6106997
0.0,4.295475
14.7903,8.512487
0.0263781,4.7248325
8.57879,8.377119
10.411,5.262349
2.30816,4.0317235
12.0159,28.703724
6.13331,6.811534
0.0,3.5323384
20.3512,38.077908
0.0153356,3.612824
0.0,3.6852076
7.70039,5.322262
0.0,5.1044474
0.592882,5.6122723
0.113926,-2.1308873
3.51916,25.937948
8.30396,14.2333145
0.0,2.938017
0.127069,20.24708
0.0136551,5.1007986
0.0,5.855694
0.0,5.4153523
3.5795,2.823524
0.0,4.455703
0.0,3.7858295
12.6563,11.740626
21.4931,3.4086099
5.19642,5.760128
15.1906,7.953642
12.9084,3.3953614
0.235774,5.213174
0.0,1.3773693
8.32326,6.9224663
9.38371,16.440792
0.0,4.4382954
0.0,4.4686327
0.469417,5.2848516
16.4307,24.3651
0.0644364,3.3260632
6.93167,7.9446087
0.0,1.5321515
40.7339,44.524227
36.9024,15.982332
37.4822,29.002163
0.0,6.973544
1.34291,6.2510834
1.6711,5.7329082
0.0,5.429119
0.0,1.9728084
5.39411,12.611929
0.0,9.324278
5.4147,6.077324
31.287,40.794918
0.0274204,0.81908906
22.4149,15.289707
6.49102,9.204939
23.5057,16.358177
0.0118156,5.14769
6.95536,4.879816
20.7926,8.886353
0.0,6.9559927
0.0,-2.258303
1.13365,2.1703153
0.0629815,7.199404
1.56805,6.2266693
34.1624,21.433874
0.0,4.616149
4.14783,3.0800614
6.39349,10.625557
0.0274204,4.1363654
0.0,4.7026863
0.0303503,8.807037
0.0375493,2.289675
0.0,6.2784824
0.630378,5.1856985
9.4149,8.670987
0.0238505,2.6296828
25.1973,7.35495
25.0915,20.813519
17.9531,24.25649
4.30973,2.552544
45.9377,27.537268
0.0,3.3401878
6.49652,6.425766
0.0423925,2.8247974
2.95917,4.4279814
12.6388,11.964705
9.65741,19.413883
33.2801,36.867996
0.0,1.6486263
0.465516,4.5940313
18.7444,12.741283
0.0,0.8099381
7.94747,8.368226
0.0206278,3.6791625
10.3338,8.402428
0.0,4.21935
6.18577,5.725088
0.0,3.786471
0.0,6.1969204
0.0,2.5319438
0.014177,4.5235014
1.16358,5.360426
0.0816582,3.3509963
0.02025,8.163468
0.748226,4.3603044
25.2336,7.3342657
0.0558912,-0.5076618
0.530209,4.2943244
206.507,113.35383
47.3513,27.35194
23.6752,12.013661
41.2784,35.52715
0.0990721,3.5764344
13.3267,6.3251534
9.20009,8.657549
122.832,92.92591
9.31878,8.242288
7.25476,10.397373
0.0,4.815324
0.0324436,4.9815474
4.75915,6.9229507
7.11868,5.816993
0.0841613,7.755748
0.0236764,5.0230846
0.528277,5.1656427
1.10621,4.367452
0.0,2.8061934
31.6701,20.557219
0.0,4.025674
29.8042,20.330425
1.13507,13.0157795
0.0130855,10.794759
321.405,278.1444
0.0396249,-0.49292803
0.170468,2.691385
3.17315,6.866254
0.423245,6.7060575
0.0,4.3653693
4.87503,5.911003
125.046,110.293
0.0,3.972991
73.0222,45.149807
25.8108,41.850708
47.3053,50.847656
23.3962,14.985141
4.6505,7.350074
3.34189,3.7741976
0.681433,12.634947
0.116668,2.828778
20.3765,7.253335
24.3086,25.740261
6.0441,6.524459
38.112,20.974062
0.0,6.6747837
0.144043,15.970755
61.019,17.393454
0.0,38.27164
0.0,4.3183103
2.43464,4.942894
0.0,6.412237
0.0223306,4.8693924
4.22201,3.3368385
14.4598,11.939957
16.5429,8.967206
13.7845,15.076697
0.0,4.7694397
0.195212,4.2833962
10.3601,14.648756
0.0978433,4.284988
0.0134494,2.8356123
0.0,3.6565888
37.5404,69.681564
5.29084,6.7135973
6.26074,7.685789
0.0,3.5465133
6.58084,8.021723
15.4005,15.899858
0.485898,2.47436
0.055927,4.4820633
4.27029,6.333793
131.913,21.185898
1.00418,4.6449003
0.0158524,4.648692
10.5207,14.385229
0.0,4.087874
6.49026,9.994841
17.243,7.143031
3.12215,3.597583
34.9927,41.63928
3.90281,3.0267892
0.0,-3.5836685
0.0,3.0141764
0.499656,20.173258
0.0,4.493372
9.18391,26.10516
40.8006,44.556976
0.264436,5.550988
3.24739,6.602481
31.889,23.009886
0.0713237,5.8839083
0.431208,9.463049
25.3914,15.585122
8.18569,10.472359
3.72976,4.502948
2.97333,6.043497
12.2701,12.403336
1.80628,6.3175116
1.14865,6.647544
0.0517443,4.3210855
68.9289,57.253895
28.1376,13.356878
13.2166,12.820391
0.0,3.8928804
0.0,3.1005807
3.29546,3.7064707
0.0,1.6078469
5.3114,15.448721
2.0161,2.804762
0.454819,5.9404817
0.0,4.612306
0.00808029,1.6156361
0.0,35.030712
4.92439,9.263227
120.835,88.500885
0.0,5.668354
30.4005,8.232547
0.364658,7.0251217
0.233384,322.16437
2.89723,1.4330782
12.7252,14.7514515
0.0730304,4.367177
200.795,251.32076
9.08381,10.926479
60.9116,64.28086
11.104,5.534418
11.0079,5.697788
0.0166473,2.7529428
0.529199,5.1546273
12.3155,9.338933
0.782975,-0.2247622
0.0420718,5.3332286
20.1384,23.840633
4.66285,16.227964
0.0,6.8930635
21.4822,18.471855
23.5057,24.268417
43.4355,41.54951
8.32326,12.955204
0.0,1.485788
31.889,33.370934
0.0,6.865095
0.0,3.8436716
5.00489,4.2779055
8.43547,163.0361
0.0789655,4.159328
18.9926,20.890846
19.8766,6.5070477
0.0,3.8542528
0.370948,43.84319
13.8431,15.123218
0.0,3.7787173
4.01733,5.745152
15.9221,7.095957
62.0056,26.955322
0.0329041,6.262574
22.0206,21.72427
0.0,6.012285
8.02989,14.027168
6.05767,8.519468
49.6929,4.8740916
0.0789774,2.943143
25.3844,10.045418
0.0,5.283046
0.0,7.5032864
8.74897,5.3004913
0.102478,4.7937584
2.97682,6.787342
0.0,3.5866494
0.0,3.2612839
0.0285195,4.147772
0.0,2.4329884
7.72727,6.4240294
17.6696,28.746252
12.3122,4.265032
7.08421,5.882162
3.34602,14.463131
4.6208,6.489315
0.0,0.18471885
7.93361,3.4200754
31.1072,23.426739
6.33662,15.325793
5.26338,5.244816
0.0594986,1.9475253
0.0,14.03451
0.0,3.5551229
0.306576,5.2535715
0.0,4.1069474
0.237581,3.6340623
0.699727,18.429134
146.584,50.658325
0.0,4.067251
37.9475,27.186283
0.0,2.8327813
27.4574,8.475979
0.690993,12.979349
0.0,7.5974464
0.0,8.064104
0.0166473,4.772032
0.0,1.0403262
0.0489275,102.424
162.718,100.47905
0.300234,2.8499022
0.0352722,3.599924
2.16327,4.402623
4.52907,9.6877165
20.3765,8.292802
1.67192,3.4132304
0.0,3.8334436
10.9222,12.485547
0.0680929,5.1834083
0.0,3.6892378
0.0165863,3.2765532
0.0,4.2177677
16.947,4.618042
19.3196,13.114626
0.0617622,17.449371
0.0,4.0639863
0.0,5.4448633
0.0,6.4782896
16.1532,10.624439
3.04248,6.272998
17.8849,25.667791
0.0936598,1.2689953
6.34741,-0.6533077
2.01911,5.4168224
0.0,6.6249304
0.0,4.485794
8.68537,9.129572
37.5751,7.1168995
23.3344,9.591793
31.889,64.34188
23.5333,16.920242
68.9289,43.39431
0.795791,4.0212107
0.0126407,5.9035034
0.0,4.311809
0.0,6.126257
0.0,4.955699
27.4125,6.638134
0.430817,1.8726798
9.98148,8.152245
0.272661,3.158264
39.7798,41.96396
14.6375,10.381635
4.8686,5.3091917
0.360681,7.44302
151.923,153.14558
0.0319726,2.5991795
0.0,4.711557
13.534,15.516371
0.0190806,3.609817
0.250134,4.3733397
1.81611,2.6629062
0.0,3.9717627
13.7664,15.588436
29.3384,23.954113
2.29405,3.5937352
17.5578,7.337447
0.0126937,4.297515
70.0764,68.05211
0.0,8.631312
0.0130336,3.153701
3.56676,4.14182
0.0,17.232872
0.205377,3.6493704
0.217474,5.044725
1.26676,4.748163
0.0663601,4.048048
0.185833,5.810157
0.0,4.700864
72.5005,66.42464
0.0,1.5083665
0.0,3.3657389
0.0,4.812924
40.8759,40.483124
13.7455,10.20311
0.0,2.4209917
11.1801,5.5475845
0.0,2.5961213
76.8259,75.60361
5.46374,3.8899813
7.75683,9.378893
0.0,7.478241
0.0,0.7107675
37.7274,17.605162
0.0776316,3.5258894
35.0216,26.277054
2.85747,2.1405869
0.0,1.6643188
4.73864,4.490839
15.3078,12.742477
2.73993,3.3642423
14.5905,11.961636
1.38841,6.009876
2.8793,4.6758256
0.0,5.2717032
3.70929,4.616393
46.0233,72.65443
86.3551,51.53827
67.7779,54.733562
7.88268,6.770398
0.462918,2.1290593
39.0278,19.512121
0.0194959,5.182542
33.0915,34.64499
0.0,0.32568884
5.47233,8.001441
20.65,29.802473
0.0,1.7696853
53.2938,48.605988
0.0,6.275821
4.61967,7.4980145
0.0263083,5.4123983
28.4969,10.947602
0.0284757,5.5448103
0.0,3.836855
55.5987,35.24449
12.5119,17.743925
0.0262574,1.1428291
10.4744,9.409024
17.9842,16.730179
34.0732,20.592459
48.0989,19.097412
36.1941,29.763918
0.0,4.304831
16.9249,12.274912
25.7322,25.678688
3.41305,10.9441185
11.6114,9.00696
8.74577,7.5308447
0.0882253,5.932913
0.0,7.3430157
0.679415,-1.091299
0.0554498,4.967389
0.795791,7.157325
2.0551,5.767332
14.3224,16.218893
0.0,7.1685114
0.0146291,2.22819
7.75683,5.383565
1.55914,3.0665815
10.2968,17.02166
19.3196,17.6196
2.31478,1.6716163
8.76341,7.5054846
20.3765,6.928156
1.61215,5.887561
0.0145899,4.2558274
0.0,1.9090624
0.0,2.456641
0.0,4.730361
0.427584,3.5444303
8.46153,4.954007
0.608552,7.9634247
26.9514,31.48148
0.0,3.1201358
0.0,2.8158715
0.0,4.8229313
2.90635,3.2271662
0.620484,3.7814913
0.0216206,0.64497375
0.0149743,3.789476
36.2027,30.288357
0.0,4.706337
0.0,3.8042238
70.5637,85.81911
0.0,3.7720375
0.0,6.4459906
0.0197545,2.9787142
31.889,35.750294
41.4786,31.269665
0.0,18.40853
317.826,101.17906
100.339,91.2099
0.0,6.5905275
0.0677076,1.6018045
36.1719,18.030413
0.0558323,4.740237
0.05843,6.884223
11.7977,12.2149105
12.4882,7.343276
15.6158,11.665968
0.0,3.2079978
22.4149,14.645429
3.42239,1.8997359
0.0,1.7645229
8.68537,9.152318
0.645114,4.6992407
0.0,5.926008
0.0129563,2.933619
12.5479,13.750717
0.0,5.027558
0.0,17.800415
4.6505,6.97989
1.85125,16.564701
52.3091,42.430668
177.793,184.6447
0.242017,3.799098
5.61322,7.741085
20.3765,5.3778667
0.0,4.744396
0.318429,10.373275
0.00916865,7.083313
17.1223,1.6083598
86.3551,62.448936
0.0240347,11.932909
0.0,2.4986396
0.170266,3.6283164
0.150147,29.142776
0.0,5.267227
0.0,0.19289684
0.0933876,4.2487884
0.0,1.8256339
1.43893,5.540756
0.0,4.382423
4.18722,3.23422
16.3631,12.865394
36.112,17.946892
0.64019,8.963598
0.0,4.488494
0.150791,7.017392
26.234,22.23772
22.4628,5.341526
4.99398,4.442416
4.89097,7.8985014
12.9887,4.4985666
0.0375261,4.3227134
1.03419,2.915476
317.826,484.19473
0.544829,6.7543774
0.0,5.066229
1.55502,4.8024726
39.0521,35.506184
0.0156339,3.9434738
2.69025,3.740977
11.3911,14.460465
0.0516347,3.7842603
0.0,2.2670407
0.411408,11.8687
6.78202,11.7464695
0.0,4.009791
12.1107,13.543174
0.0,4.9830365
2.29405,3.0613103
0.0,6.406144
0.0,4.686822
3.98025,3.3059886
6.18583,4.453672
27.7484,18.576618
0.0,6.768505
0.0100121,6.9762316
9.91484,6.3874393
0.0,-0.04200697
5.1564,4.011402
23.5333,25.857605
7.71256,8.910537
0.0630775,2.334795
8.18569,6.335167
0.194898,3.1395721
6.40251,4.495659
0.125719,2.7284327
0.0,2.8497794
0.0261254,4.1236267
16.3289,21.379866
8.74888,11.974044
0.0,1.3482862
0.0,4.2651553
17.3132,7.465149
18.7132,20.58396
8.42896,5.905139
0.0,4.777399
22.0206,22.945591
0.0416443,2.5514042
0.0,6.212567
0.0,5.123353
0.0,3.561009
8.68572,8.243515
0.0,4.6068916
21.811,16.125906
0.0,4.1098065
14.1541,13.234226
9.47991,11.52957
18.9655,12.786917
0.153342,28.400185
0.0,4.588085
0.0,1.2092648
0.0134494,4.14874
0.0,3.1259604
7.75693,1.7020108
0.0,1.872323
5.60448,6.731043
0.409133,7.3121862
0.0,4.4743843
0.00472057,11.0467005
0.0,2.3562376
77.0235,80.37286
0.277373,0.30097413
0.681433,16.723034
45.5749,70.0695
0.829006,5.9108424
92.8442,110.587395
8.62519,8.580172
0.0,6.353522
803.796,500.7378
16.7383,17.171017
1.90472,5.8138256
5.22933,6.578169
0.0,6.9272223
0.233384,129.01732
37.1852,25.237026
75.9912,39.408253
0.0,6.542609
0.0,5.2097387
0.0383494,4.0613213
0.0244278,1.793504
4.74985,5.821555
0.0,4.176854
48.918,38.36053
36.5646,15.39266
6.58066,5.5419083
26.6208,21.64403
0.0,3.4858284
20.073,34.528683
4.93395,4.1504555
53.941,57.035213
0.0512541,2.6092122
0.0717698,7.5902195
0.0,3.4783363
128.636,85.80788
64.5569,43.31509
8.02989,14.212463
77.4792,76.03144
0.0,8.342062
0.0,4.814274
3.02328,5.9318275
0.0,3.0031831
17.9272,27.590757
0.115194,3.116836
3.08732,6.564024
9.57138,12.383179
0.182946,25.268913
0.0,3.4083138
4.21751,3.1624734
6.26558,4.7248597
0.665645,-0.41683626
26.5685,40.40265
4.9521,11.195201
0.0,4.2806234
0.0441422,5.165808
0.0,6.399662
4.4869,4.4371033
17.9272,20.212826
0.0,1.3969984
7.37028,7.131298
8.8373,5.397496
0.0958142,5.842228
1.85055,5.870634
0.5899,4.6162953
0.0,3.2260559
0.285233,5.5657635
0.173196,7.5893755
5.26932,5.087906
4.86962,4.9965553
77.4221,16.22133
3.4621,30.51474
64.9969,24.37642
1.40311,10.111768
0.0,3.432744
0.0,4.3334355
7.70408,6.175234
4.02702,4.097638
0.0,4.831807
49.1713,34.720802
0.106513,5.67435
66.0095,57.532368
35.0486,38.07448
2.04957,1.5693208
8.3931,7.0052643
1.09135,9.442523
10.4071,5.653146
16.075,19.997236
14.6294,16.902433
0.0,4.2321787
18.459,14.511335
4.37095,5.623347
0.0,2.971995
9.31878,9.314415
0.0120289,6.242139
17.5661,33.306343
12.4058,-1.751023
0.0,6.5663404
10.8734,10.953485
0.0,4.6784444
7.59087,7.7980356
0.0,3.096815
18.8009,31.206125
0.0,4.350071
7.13458,4.120254
0.0,2.8528175
0.0171162,3.7322793
0.609691,6.4208612
0.0,4.6829367
0.0219525,4.5251756
0.0,1.875935
31.287,23.412306
9.4149,11.509683
69.8285,28.243534
0.464577,62.33004
17.0759,6.53852
4.61967,4.69312
1.59469,3.9031155
6.43976,5.4940534
0.0,3.015345
0.0,13.027369
13.2664,16.77141
0.0,6.813183
0.0,9.787121
0.0933876,2.1530416
85.6316,27.245556
5.78663,6.4022036
12.1094,10.127922
0.267008,4.895072
0.0,6.8433228
2.92734,2.3608234
6.91163,5.638006
1.61215,4.036251
10.0277,12.123165
1.83498,7.7748375
0.0734416,1.2861539
0.0,7.906184
0.0,5.4707713
2.29405,1.853364
0.0,8.486165
7.95659,6.4997015
0.0,4.1652393
5.74144,7.005472
38.3952,18.813528
0.512127,5.313078
95.5694,38.81046
5.78663,5.055229
8.54891,6.142212
0.035362,3.5137146
0.102848,3.9953098
0.05843,4.9162045
0.507646,5.3961143
0.0171963,8.046664
0.0,2.6876092
0.285233,4.108436
0.0,0.9014405
0.0,4.308565
10.7205,18.927896
0.0,4.2523026
75.4895,23.35419
0.018341,4.1585097
0.0,3.0629697
0.88287,5.890724
7.29843,7.3280306
39.9616,29.67498
0.655056,5.345067
0.0649447,2.4735138
6.4931,5.954878
27.2276,13.6473255
21.4696,18.213875
0.0,4.765032
10.1766,7.527255
0.0165132,5.1662016
0.530209,6.971093
0.0874501,9.824936
0.0230888,3.5332139
10.7009,4.153496
54.8596,36.466927
0.0109566,5.182825
0.0,5.1321335
3.74538,69.52706
0.143577,7.3337517
51.8771,34.00304
0.0,10.178295
50.6448,15.328631
0.043094,4.232028
16.0687,15.967646
0.072993,2.6867561
0.0,1.6491513
13.5897,9.911392
1.45654,4.4566727
29.961,17.768536
0.0589891,3.3728242
0.0541491,7.987569
1.2552,4.934507
0.462918,2.4045713
1.17408,7.822956
0.0,4.441104
10.2577,9.780881
0.0,5.2314367
4.68681,4.2315855
14.9617,22.252378
0.0,2.374065
10.1609,11.366135
0.0,4.377639
0.0,9.06649
134.69,175.85414
17.9953,8.591703
10.9533,9.403713
0.11214,5.368742
6.39267,9.177674
8.7999,13.886748
0.0,5.1801853
0.541566,10.224892
0.0978433,8.246014
0.0,4.682338
1.50983,4.516467
37.1852,39.98038
20.1574,17.254179
0.024356,3.2296066
0.0867325,2.762398
0.0,7.766674
69.8285,28.630314
0.0,19.689112
29.149,28.84756
12.7354,7.5601177
0.0,3.5963092
1.76295,0.8002472
23.7573,29.624714
0.0,6.761463
0.0971885,4.4685636
7.5427,5.5332475
144.826,83.936935
9.15835,7.813944
4.66756,8.664887
0.0,3.0649905
1.13056,7.8203516
0.0,2.5778725
0.0,5.031659
0.0,3.5916054
1.24448,3.195972
35.9072,41.98746
0.500276,4.8468637
0.0,4.3215857
2.46095,4.337102
0.0,9.503266
0.013013,8.354603
16.8505,11.590675
6.08398,6.4796667
0.0,1.7906724
77.9774,35.875153
0.497355,4.736657
0.0894378,1.100465
0.044617,8.132702
11.0111,7.133377
13.6545,9.749244
0.571642,3.2183022
0.0,2.0421972
21.5036,28.603468
104.052,76.84613
0.0,5.0166726
0.0,4.225996
282.73,324.3102
0.066106,3.313691
4.85685,3.289853
6.49652,9.966505
0.183023,6.3671675
14.0855,11.244134
17.3229,19.172844
0.0,5.05291
8.79761,2.8764386
13.2442,10.922975
0.0,13.407442
10.775,9.513929
0.430817,3.4387436
19.325,12.134679
9.21465,13.547545
18.5812,17.330221
6.3446,3.4658127
3.11059,5.3871756
0.0,4.0355597
7.83451,6.9346
8.51378,13.604686
0.0,1.1901859
0.051393,6.563795
0.0,5.907557
3.12215,6.4134636
24.5835,11.740299
0.0,6.093011
0.0,2.9999123
0.0,2.8643107
0.0490229,4.1614275
0.0,4.9935637
0.467997,2.522415
19.633,17.552279
1.90851,6.4441957
0.0,3.793913
0.571642,2.9094496
15.4143,4.596122
0.0,5.1234927
0.0,5.326334
0.55095,3.3878193
0.173885,4.929244
0.0,3.8167682
23.569,17.091898
0.0,2.9721942
119.708,160.07567
8.91646,5.908888
35.4512,28.118147
46.1839,34.66605
61.8835,60.74879
0.0,4.75259
0.0,4.469202
0.0,2.4765358
0.096906,4.257551
1.17735,3.1458595
167.45,60.93739
0.256118,4.853886
2.36245,4.389248
0.0,3.9341197
0.0452995,5.87883
0.0,7.8558245
0.0713237,5.2517014
0.0,1.9190403
0.0,7.102335
18.2676,8.403068
0.0,4.0767384
12.9406,19.02217
0.0,0.5654596
0.164682,6.176564
0.0,4.615881
0.0429645,5.424032
70.0764,58.757957
5.1564,0.11286521
0.0,7.5977993
8.61474,22.00353
7.38977,9.101208
8.54713,5.7898083
0.0,5.870855
0.0,6.4050627
15.6276,9.820288
16.651,22.467308
3.84675,3.2951727
0.502504,9.076142
5.22253,9.002583
3.99544,7.664261
19.9108,10.649942
12.5903,9.583403
0.0,2.2094805
33.357,27.417055
0.995124,3.1711257
0.0,8.21131
0.0,7.449745
18.333,8.7844095
28.5985,24.681759
0.0,5.703232
0.570897,15.819548
0.0,3.090799
115.716,39.771294
19.0592,14.630482
0.178689,4.829604
10.7566,46.895515
3.80485,3.078089
6.17529,17.54742
2.92301,5.3567853
0.0205246,3.530611
5.45051,8.869714
0.0,3.179712
0.00802383,5.525305
22.6392,16.036884
4.42726,3.88208
0.0,3.9152822
26.1317,14.563322
0.0,2.873197
0.0,7.832515
0.242017,0.6021701
0.104821,3.807003
0.931928,19.20946
11.7336,7.154888
23.569,9.57324
0.0,5.1611233
8.74772,5.621707
65.9312,68.797745
0.610725,5.4376287
3.42946,6.552946
0.0219642,9.219991
0.0284012,3.8853748
0.0250148,2.2207263
0.0,4.5097303
0.285904,33.6555
29.2287,21.146544
0.0,13.093933
11.7977,8.707178
22.6272,10.70821
23.4552,16.916124
2.62261,5.374096
0.609691,24.257524
0.6957,6.4286585
111.051,39.65306
6.18605,4.1962533
5.76518,18.97108
0.372758,3.434689
66.0171,27.484968
24.0913,17.78864
0.0,1.9542258
6.10661,7.4479294
15.1906,13.598703
12.0573,42.468895
9.8331,5.5148077
23.9209,26.880154
0.431369,5.0759516
9.57138,6.247896
0.0,6.8141003
0.0170975,2.8731527
0.0,2.3076084
18.8009,9.28406
1.18369,2.2904658
19.9108,21.471958
3.32266,3.7411842
0.125719,2.2261953
6.55775,4.8637643
27.7688,9.448292
24.7117,19.569984
29.1625,47.17365
0.0840411,4.420804
0.207439,6.3589916
45.4518,26.85788
0.0,4.5490828
48.0737,4.3343544
0.0170887,3.2894092
0.0623884,4.2700863
0.0,6.835539
16.7084,13.919897
12.3578,12.445344
33.0979,18.018547
0.789754,3.7987375
14.8348,13.115941
11.4908,11.368258
8.57879,5.0657835
16.4599,4.7030935
0.0317417,5.4579277
26.9514,6.3700857
0.0131697,2.7972798
0.0,7.2272606
3.28316,5.556373
0.0837542,5.943553
1.24121,6.5723753
0.0,2.9524956
26.037,32.29616
0.0,19.174547
0.0,5.164834
0.0,7.4030666
74.0911,20.547117
0.233384,173.71878
0.0531188,2.917122
43.0722,28.952156
12.5166,7.313444
44.4403,43.437378
0.0541491,7.61133
0.0,5.6274433
4.61178,4.8097506
0.272533,3.1503425
19.3196,24.242004
11.8048,7.287037
0.0,3.119626
0.0,0.22772193
0.0174318,3.4744282
3.56969,6.338651
0.366329,6.243456
18.3641,18.230001
0.0,4.604714
0.0,6.560437
0.095025,5.862482
0.150147,32.835968
26.6832,25.384127
0.051393,8.080782
0.317493,3.9495113
0.0256454,4.272996
0.0,4.946394
0.881826,2.0533862
6.94991,3.6781313
0.207055,4.0618973
0.0,8.720968
0.0,8.256427
0.0,4.711213
0.0,2.118865
0.051393,11.587714
0.0,7.5185194
16.651,21.43489
0.0,7.612954
45.9377,47.901794
2.0575,8.542997
10.5476,8.233571
9.24237,13.102707
0.0,1.2964488
0.0,5.3022194
0.0,3.6273742
13.534,6.7332926
0.872144,2.70251
3.08732,3.14162
15.3164,15.559076
9.0311,7.0250683
0.0,3.7413497
0.0,4.560381
0.43545,4.57282
0.0,1.6858331
120.835,142.50534
1.38387,12.124487
13.6965,15.089203
2.69787,4.8667636
0.0489275,70.311386
5.19755,10.951785
0.130261,4.98221
0.0,10.989201
32.0479,17.113539
0.40315,2.4675243
6.895,5.8533154
8.54713,14.538203
13.1755,8.6346655
11.5061,17.675823
0.0,4.4865656
14.6807,17.550217
0.0,4.215169
0.00867621,2.659915
27.4125,4.4422355
0.0,6.3808107
27.393,8.157765
0.0522609,4.2575045
1.91883,6.028884
0.0121537,3.3155735
0.227111,6.1057625
34.0234,25.393274
0.0,4.800983
1.7845,3.6668088
0.141534,5.537218
0.0,7.787634
1.93666,2.8282373
0.0,2.3863595
3.42946,6.333021
6.83092,4.900065
1.45705,4.3348346
18.2872,9.661217
0.0,5.600501
0.0367926,27.406576
5.34971,7.1626396
0.0214824,2.9223764
0.0,6.014269
8.62209,9.377031
1.68702,5.637558
0.161006,3.4811878
0.0,6.8971786
69.8534,27.098782
12.7252,15.360131
4.42534,2.2863817
2.73993,3.8365169
10.6332,7.951664
8.08633,3.151854
6.24448,10.699492
2.43496,3.6728668
0.308492,4.358858
0.323331,5.8378115
10.0159,7.4727163
0.0562142,3.8599205
10.0146,6.75583
113.424,89.68941
7.44957,10.289391
20.9778,15.848303
30.3364,20.16492
0.0,5.4245825
0.153342,12.800858
31.889,20.586058
9.13074,2.2673187
3.56435,8.297208
0.0,5.2765474
122.958,11.592358
12.8202,20.801529
0.0,5.462629
0.0079527,5.342673
0.0556715,6.1632156
0.0196327,5.178936
0.0,7.0005198
0.02025,4.3573236
9.91484,5.9880943
187.956,84.71754
0.0,12.7938595
1.57644,5.8320274
0.301423,6.1217213
0.0,601.97327
1.45654,3.1792486
21.9927,37.37203
0.921524,2.9122665
0.0198511,3.939786
122.832,144.8262
0.0663706,2.6110313
34.0234,19.1776
0.0,5.0174894
0.0,4.1752386
82.0616,30.301401
0.0,4.202841
477.65,777.8684
0.0,5.7111454
0.0,4.249264
0.0,8.134992
228.807,149.47942
0.0,3.0603817
15.7724,10.586105
4.06206,3.194325
0.309085,1.9259135
73.0323,73.62433
10.7566,57.80739
7.15625,12.46691
0.0,5.0470724
0.0,3.9294448
0.144043,15.947861
0.0108776,5.333242
0.479243,2.764762
0.0354006,5.387433
5.73474,4.6408134
0.797986,2.9403944
3.24636,5.5787115
19.3974,18.210854
23.0309,20.721256
0.0,6.885886
0.0,1.7742596
6.71538,8.794728
0.0,3.092312
0.0,5.0935555
0.00607313,3.133694
0.0,6.5419207
0.0365124,5.360285
13.3781,11.293546
0.0,3.1847253
1.2448,4.3461833
11.8289,8.805082
3.2192,152.23506
0.0,4.5507317
0.0,4.2396593
0.0,5.4037457
3.23535,5.7402163
0.620975,5.316718
28.5578,14.0160885
0.0,5.0548944
0.0,1.8829367
0.0,7.449271
39.9616,42.504467
0.0764948,9.162909
0.391701,2.7789192
135.592,54.326965
0.00529184,6.979088
9.45225,8.256024
21.8819,8.778568
0.0,3.7162728
992.686,91.3936
0.0,4.775131
6.08398,5.5943375
41.4786,48.130917
7.67293,130.91283
2.55989,2.835423
21.9108,31.11289
24.8424,30.84146
0.0,7.7709227
4.43939,5.8690596
0.0,4.7923684
89.741,51.217167
0.0713237,2.9201174
0.661411,0.023407698
14.7932,8.118582
5.39627,4.867493
2.61851,6.2725687
0.0,7.531206
0.0,5.210645
23.5283,28.956987
0.269299,4.038769
0.734255,3.2045455
2.01911,5.6440964
0.112594,4.394977
0.0755966,5.592024
0.096906,6.511038
0.0246216,4.393188
0.0,5.608769
31.889,22.09336
0.0244809,2.3020506
0.0,3.4884362
0.154268,1.41081
23.2844,42.180325
16.5481,9.527998
7.93916,6.730118
1.13456,16.109531
8.24252,10.290625
37.431,24.777939
0.0167702,3.1241407
26.1972,23.312887
14.1198,7.972397
5.33369,5.5402136
0.0,1.7438582
0.0843443,3.9081998
0.0143392,3.7016454
10.1873,22.017107
3.80485,7.40063
57.9345,43.88877
0.0,3.7353425
0.0,3.2681594
0.0,4.074761
26.4642,11.878351
30.6925,21.359121
302.157,184.3202
3.41898,5.6266623
19.1256,24.940865
2.69787,5.8920054
34.9534,35.374924
9.47653,3.9592185
0.0,4.045231
0.0,0.7823417
11.6317,15.495888
0.0,6.2736506
0.295121,4.9586062
7.58468,9.905651
21.3463,15.197588
0.0,3.8765702
1.12501,3.144033
8.51378,7.4401445
0.0,4.5888433
82.423,53.50493
0.0,3.6567993
0.0438582,3.006494
38.012,29.853662
0.142337,3.7560441
5.64967,8.345944
0.0,3.3164845
11.3911,8.125554
60.3985,65.08501
0.0,6.400281
12.3578,11.172987
1672.53,734.10657
0.463391,6.6515493
25.6265,18.293928
2.8793,3.696966
60.3985,62.634342
0.0774752,8.0380945
6.08398,4.4403057
3.45239,4.3473344
0.0,-2.2888448
0.122731,3.4731126
0.02025,2.4602199
0.0,9.6593275
0.172337,-3.4649546
0.0,3.1449895
9.84674,6.3827043
7.13458,5.5008745
0.0,8.167287
18.2965,12.741425
0.0932878,4.453182
6.74333,4.523343
22.5227,24.898342
0.0602178,5.291067
1.12293,10.302386
1.56213,5.444113
4.42726,5.025993
3.29546,6.2050257
0.116339,3.9208891
0.0,2.1575599
0.0,7.749648
13.5777,10.250685
8.46153,12.583355
0.0,6.4373417
16.2593,7.036785
20.0894,23.665218
11.5518,15.57048
37.8767,72.8879
0.0,3.8945494
3.24191,5.921006
0.0,6.8151016
6.70987,6.5093975
22.0206,18.871952
0.0,7.9589796
28.0886,28.569437
0.0,7.0882196
0.0,3.475122
1672.53,715.82837
202.187,127.38978
17.9272,15.935132
19.0798,11.297691
0.693186,-0.17154455
0.0095824,5.7992315
0.268398,5.046568
12.7217,4.906111
5.86462,5.8054113
882.552,622.5984
0.0175958,6.7952433
4.21751,4.0154448
11.7977,13.448961
0.0,3.7978296
0.0,6.2396197
9.40349,11.512655
12.6563,17.996798
0.191738,4.4656734
2.73993,-1.5015528
0.210842,4.2246146
3.5795,4.297866
0.0462409,4.293051
2.12334,4.012768
0.0349127,0.31670403
0.0,3.3334804
0.0,9.8452
14.5588,20.17897
0.0,5.048272
0.0,4.43037
0.0477546,1.8441486
0.700818,4.4516773
4.94766,8.000781
0.193397,6.2088223
0.0,10.490081
0.0,4.333974
66.5703,39.625793
0.041684,1.1915576
0.0,5.64491
0.0802409,4.4179177
6.56907,9.283432
4.21751,6.454466
0.0,8.001024
8.39085,7.1427326
0.0562228,4.977539
0.0,6.7645407
55.562,44.140697
0.277533,1.0609946
0.0,3.2186418
0.0,5.239547
10.8361,179.83447
0.0,5.758129
5.79564,15.456869
1.67192,6.195151
42.093,23.075798
0.0274204,4.538427
4.52996,4.989275
0.0,5.673609
0.0605592,4.8806987
3.24072,8.593551
0.373128,5.288062
2.89538,2.0360157
0.0,5.6232557
3.80485,3.8437433
8.78718,10.949094
0.363451,3.5710235
19.3857,54.3086
0.0,7.3057804
1.05358,2.976475
44.6865,58.61629
0.223302,6.4658556
2.30816,4.584896
0.160392,5.20753
4.64168,4.349948
0.0244278,-0.33768654
0.0,5.2226877
0.0,1.6624227
0.186278,2.2092912
0.0227304,2.591093
3.34602,25.972168
1.42763,4.183355
0.0,7.2352114
0.0,6.218685
0.0,3.9396682
11.3911,14.352827
0.0,3.5893002
0.0180262,0.8469384
32.3012,11.666649
604.396,848.7642
9.98324,9.666574
0.01262,3.403716
0.0,-1.8745005
0.0,3.9039383
0.0,-1.2761424
7.54142,16.439602
12.5119,11.901205
0.0183687,3.3270144
4.74842,7.683674
0.0256454,4.0988636
0.0310379,2.0234199
2.47586,8.186705
8.44341,3.646318
32.5265,6.7117777
38.012,28.125055
181.385,29.843763
10.5992,13.971575
30.345,29.832287
22.6165,26.18381
0.0,5.126497
0.0,13.975252
36.4799,50.216827
0.0188296,12.951814
7.75693,8.829144
0.518322,4.695026
1.02096,5.2032986
11.2831,10.093672
0.0,4.5952206
0.0,2.544365
9.26417,13.40099
6.33747,14.145236
6.83995,9.812863
0.0,5.973665
0.0,228.481
8.24252,4.545868
0.0,5.1120768
0.0,3.3644571
0.535877,11.998986
19.5991,13.77045
0.0,4.3641996
31.889,26.7416
10.5207,19.295444
0.494796,9.357722
0.153342,12.199789
0.0,5.0815268
23.5057,19.861761
38.012,20.233225
9.91484,5.990238
11.6675,11.490526
0.0,7.203332
113.286,116.74494
31.889,28.303043
0.301423,3.5773964
10.0053,15.82014
6.18605,4.9516764
66.5085,43.24778
0.0,7.9828033
22.0206,33.52124
0.0130207,4.9468
0.509187,1.1805158
0.0,5.419964
0.0,4.8606052
85.7132,8.126192
0.0,3.7836785
0.0,3.1429007
0.0,5.9081573
35.7241,48.745087
0.514458,-0.3246162
57.049,4.6031685
28.1376,59.018623
0.0,6.8476696
0.0,5.0523324
0.443889,5.069279
0.72045,10.53057
0.0558077,7.194414
14.449,7.5839663
0.0,4.5768194
17.6053,20.36457
2048.89,505.6446
0.0319278,3.612728
0.0,2.7684646
0.0,4.466365
12.8249,14.600356
5.78663,5.11852
9.47172,8.917352
16.9951,14.160314
5.14796,7.333989
0.0,12.7458515
4.44541,6.0083427
204.262,170.18208
14.6483,21.430626
0.36302,6.5423326
0.0,3.669324
16.3086,10.859631
0.535937,6.14738
32.9212,37.551685
2.13995,9.155334
0.0,4.3698745
27.3942,31.228655
22.126,19.246859
118.592,87.0145
28.0426,15.454888
1.28417,4.048233
4.75915,5.1452274
0.146124,4.401305
0.0,24.02474
34.0699,66.68989
0.0,3.8356087
0.0,5.3051043
8.71518,9.909403
28.1376,24.374775
28.1376,11.902535
0.0,107.3576
10.6178,10.791966
12.011,11.419642
1302.44,2238.966
5.64921,4.188097
0.0,3.7462528
30.4823,5.1318293
3.95256,3.8867564
16.4448,29.617937
18.1051,20.560612
8.17468,17.709663
2.97393,4.790476
0.0,4.9006987
5.16245,4.8923492
0.0,6.4806156
0.518322,1.7906655
3.62445,4.371318
15.6109,22.260155
0.0,4.6093454
2.66844,4.675084
1.06829,6.373396
0.0,3.1757348
0.322485,6.028811
0.0,4.8004932
0.0631732,5.125348
18.0396,19.186703
24.7117,6.5787306
91.3848,49.07323
0.0,2.4968946
17.6696,13.335377
0.126526,12.273421
25.3389,31.81315
1.81658,3.5363014
17.243,4.6069474
42.4198,12.113249
10.1402,14.150132
0.0848639,3.8410196
0.571642,2.78931
0.0,5.7260485
54.5966,43.71113
23.5127,15.678443
0.0370218,8.793613
10.8713,7.86874
0.0,4.6363792
12.3578,6.8289404
0.685934,4.934196
0.0,5.6490116
6.66568,8.872036
1.94104,4.1314955
0.0,4.8702917
0.0,15.030716
3.70573,6.6206274
56.6049,78.92142
0.496241,4.4165726
14.3224,17.446064
10.2463,7.272747
0.0,5.5639734
17.3132,10.000657
5.34906,2.6963806
1.04575,2.1031017
0.0,3.755587
31.889,15.610236
13.1307,8.30241
0.0219575,-1.728555
0.113236,4.965752
90.357,36.014935
0.0,6.1899204
1.17427,12.00043
3.29546,6.6891136
40.4993,53.171997
4.43062,7.699586
0.0,6.3918037
0.0,5.1047425
0.0,5.062155
0.0323348,2.8076246
0.0,3.8964834
38.3952,14.295641
0.0656044,5.041112
0.0,5.2425776
0.0,5.215518
0.661148,4.11679
0.0167702,2.2938466
60.3985,41.569237
0.0,5.365611
0.978671,2.9368773
5.31905,3.9239182
0.0831501,4.097142
0.0,3.4122138
0.0,3.0824814
42.5577,25.934004
1.59969,4.547669
0.68252,7.1867228
0.0,6.00008
0.0,6.709223
0.66808,4.8328304
0.0,4.1389923
0.187298,6.587226
0.0,1.6978171
4.97182,5.5281143
0.0,3.314197
1.74374,4.1956887
62.0056,73.13905
25.7322,7.7873116
0.600088,3.838891
0.221629,0.9055307
0.143528,4.2899394
0.0591327,4.2861857
2.26397,16.230106
0.431208,8.697544
34.684,71.517815
32.5872,22.054958
8.40817,8.216957
8.84532,9.779992
0.0,3.397775
0.0,1.3163037
0.0,6.3932314
0.0,4.422408
8.59654,31.697939
0.0,6.202985
0.0,-1.8582671
0.0,6.1063995
10.411,6.685261
0.168847,2.620897
0.0733279,5.272833
4.82083,7.6898184
0.0,3.5897737
0.336746,1.9675353
34.1565,25.30249
9.31878,7.986848
0.0323811,3.391572
62.7458,32.98409
0.158987,2.725891
0.00507226,1.0594335
33.978,25.534382
0.192688,7.4709883
6.33747,7.1418476
0.0,3.7707772
16.5368,24.430544
0.0,6.8844185
0.0,6.3095546
0.762179,10.810227
0.0,3.9854784
2.91179,7.2551565
0.0349014,5.744523
29.5091,26.698498
0.620975,5.6433125
0.117825,3.6829457
2.17889,3.0473983
0.0,9.625298
0.0160634,2.6919951
7.69662,6.3010864
0.0,80.25302
0.150147,19.279112
0.0,4.0701284
10.2115,7.3306503
34.6966,14.68203
0.0,3.5080667
0.00898059,3.2697737
14.747,15.4855585
11.7739,11.137096
27.2294,12.759817
32.3011,38.776894
0.890405,7.7246933
26.3643,7.193468
66.0182,44.524906
0.0,5.144015
0.0,9.748705
0.0,4.8694725
23.0079,21.02934
0.0,4.9360323
3.32048,3.7309427
0.0,4.2144227
10.2576,9.260547
8.29133,9.514342
0.144784,5.0935965
0.0,8.194155
0.0,5.000081
3.65862,5.8598447
0.0,4.3099957
0.0610322,3.7520733
5.97234,20.063078
9.91484,5.0765953
60.559,48.75886
4.74927,8.968483
9.91484,4.9485035
66.5703,28.162888
11.5285,9.281896
0.0,10.1016245
18.3641,28.771711
0.0,4.7708645
0.116668,4.731385
75.9912,105.48612
0.0,3.538157
0.0,10.702105
86.6291,69.8312
47.1426,54.81408
0.0,5.4838543
0.0355289,5.832062
0.0,5.638605
208.301,67.82523
12.3578,10.53816
19.1213,18.6694
15.0016,9.903962
0.170908,13.537266
0.0226457,4.074961
0.0,3.349421
0.0,7.1622133
0.0,2.5588775
25.6865,17.649912
0.0,3.6580334
0.0,4.2479944
4.7289,4.95152
0.0386073,5.922631
0.0569866,6.4780455
0.0,2.7767632
0.0214629,2.4242086
4.61967,5.679186
0.0,4.2777658
0.0,-1.3206544
3.93496,7.5252943
0.0322283,5.3277645
0.0,5.602285
7.72727,9.1966915
8.08582,5.755432
11.3063,4.455532
0.00832832,1.2113577
0.0318162,-3.781028
9.45517,14.178198
0.0,13.132547
0.0,6.738291
0.0274204,5.018984
11.5176,6.8925467
0.0,4.3222218
1.99982,6.9012823
8.71047,6.551134
0.0592941,5.7833786
3.12215,5.0879703
9.47991,11.957533
0.0,4.277792
22.0206,25.851847
1.06258,2.651176
0.0136612,3.1144102
4.68552,9.090223
0.0,5.4768705
110.437,64.87407
9.45225,5.36343
0.0,5.7011356
0.0,2.9150796
131.936,77.45503
0.821348,13.978105
0.0,3.1400135
0.00692642,3.7412138
0.164074,4.927455
0.030774,4.537717
4.28886,2.6474109
30.9536,21.717703
0.0,3.9001427
0.177107,6.8332453
6.60336,7.9574623
10.0162,15.161744
10.5992,13.3291025
0.0164124,6.057375
0.0816582,0.63468087
0.0,4.359791
108.9,60.46189
0.0,4.76768
0.0,4.6232543
7.93361,4.8013015
0.0,3.3628588
0.242556,2.8001428
0.0,5.282426
0.0,8.704279
31.6808,28.499853
27.1445,18.304472
0.0,2.6258702
0.0425362,3.7426696
22.2012,37.58221
3.80485,4.3457355
0.0,6.1713333
0.0203818,4.7954626
0.0,0.90645087
38.586,17.169031
0.115845,5.0221176
0.152976,1.1552426
4.86997,6.9726076
0.0,3.812817
0.0,3.052442
4.87841,11.579688
0.0,2.0585113
17.076,17.968805
0.165477,4.110364
1.58275,3.1290886
0.0,5.6162953
8.57879,3.801825
0.68252,5.7355356
0.0239684,3.4368334
23.569,12.686324
0.0,7.202961
1.06258,6.0738287
0.0,5.9469566
0.0,6.286992
0.0222586,5.328855
1.1826,2.3808992
4.09223,3.9719195
9.9046,6.24537
0.328576,6.1325836
0.0,5.2491264
0.0493872,8.889005
0.219854,3.969546
12.7705,4.8221583
7.13458,5.2788744
0.0,6.980565
8.10299,8.106062
15.4143,5.678055
0.0,4.4444323
15.332,19.394953
0.346404,2.6645136
0.0367822,3.676134
6.3236,4.0928607
25.4392,32.468857
11.9358,9.453165
2.44808,6.47946
16.4599,12.8251095
15.0862,27.621761
0.0,21.151548
8.203,7.764306
38.9082,27.65491
6.56271,3.4777617
0.0,7.0240746
18.2872,19.93586
0.0,1.860909
3.51759,4.18091
88.224,41.517876
0.16686,3.4913125
0.0131872,5.983967
1.84812,3.6309514
45.4482,51.810123
34.3395,17.790503
6.31848,6.132642
0.0,5.6352673
0.17867,3.630897
0.0,4.584258
0.0,5.1331015
0.0,2.72381
48.9936,14.257145
14.8266,7.5337
25.3641,16.433453
16.4448,12.051026
6.37206,2.951767
0.0,4.299182
0.0755944,3.2163439
0.0281096,3.5480723
34.8418,11.977636
0.0,2.13046
0.0,3.0964108
0.0101776,4.9298964
0.0,3.7817068
0.0,4.1626153
14.6234,19.826988
2.93284,4.7556286
75.7574,60.436
14.6294,13.586236
3.40454,5.3330703
0.0,3.5738497
0.0503724,3.1972797
7.28997,4.8035607
2.37526,9.494022
0.0,6.7788515
12.6916,10.769281
0.0489275,95.297424
0.0215975,4.305909
7.67185,14.659897
0.0,4.17857
17.5418,29.969212
0.0,0.68207145
6.51382,7.7655153
2.21819,11.478357
85.6316,38.92501
0.0376121,2.861557
0.00808029,3.1024756
0.0,3.992549
26.234,19.006681
0.116408,4.2301245
15.7273,8.261765
25.6265,32.33437
0.32082,3.6459155
27.8998,28.365719
10.5207,16.86849
0.0,6.70179
0.0535501,9.450498
0.0,6.633131
0.051393,3.9152575
0.401881,4.797036
0.0236888,1.7059708
0.0157039,3.3026047
5.00993,5.8666005
0.0260972,2.6389291
0.0503724,3.1390061
86.3551,87.06917
1.00717,3.3123102
0.0,3.994592
7.11185,5.9878283
19.0443,8.980534
0.936119,7.2657385
3.02328,8.758093
0.315714,0.45568252
0.885176,11.907199
24.4788,35.65971
17.4265,7.01931
0.411317,2.8293264
0.0,3.0252964
10.5139,13.774711
25.4966,32.34276
28.7411,28.418823
0.0,4.369705
0.011101,3.0051832
0.287353,5.974427
0.0,7.0044975
0.0,3.3031628
0.0,5.951974
14.7658,4.9680347
0.0,1.7433093
0.16748,4.6808214
0.0264339,3.1558266
76.7571,94.5721
11.7977,12.033533
20.3576,22.476362
42.7882,44.51072
8.42446,4.73088
20.6721,12.728236
26.0107,21.042194
0.0972054,6.0934877
2.20978,2.1663227
0.0,3.5866084
0.443035,8.589332
35.7755,26.053488
13.8449,5.381478
10.5992,17.11766
7.44695,8.537945
7.56464,11.36508
2.9242,1.1814654
3.02521,4.1629853
5.21219,9.311976
0.0,20.267363
0.0,6.998212
2.64048,3.9366014
4.34034,8.159749
0.240296,3.2321138
0.0,3.0248632
0.0,3.8307486
4.95834,5.8785486
0.0,3.384239
13.2173,8.083623
39.9955,19.466085
0.111391,3.2172542
120.835,88.12142
0.600189,9.886214
1.17408,15.545928
0.0880037,3.752857
1.55944,4.300448
27.0281,16.11281
0.846912,6.5654535
36.5915,43.445354
9.18426,6.065913
0.0,5.168686
0.0950896,33.37867
0.0,3.2760491
0.0,2.2706118
12.3578,7.5710373
0.0,-1.1688707
0.0,2.858135
0.0,3.128055
0.0285757,6.1055937
10.5992,7.0787954
0.0294347,6.7737875
0.318302,3.9128745
1.1515,22.21476
3.88051,2.317584
122.832,101.59242
9.7083,15.192462
2.1598,7.9921465
0.0,7.911191
7.14585,4.5230303
0.0,5.450732
5.5742,8.0581
0.0,3.8427372
0.31996,3.1833062
0.0,5.4076257
0.0,4.561853
43.0722,27.66301
12.9993,5.3935843
28.4785,14.907781
0.627129,8.532802
0.096906,3.7836738
0.743053,2.612152
4.25273,11.390054
0.0148745,2.545596
8.42896,6.0708356
0.189148,5.465719
7.69668,22.885494
5.43498,16.313164
9.27328,13.692299
6.95536,5.67842
15.4538,5.8031607
2.08647,1.8759944
12.011,11.522404
176.437,210.47195
0.0,5.1439924
0.0,4.500347
0.0,4.377359
30.128,25.01398
0.0,3.7107477
24.1317,33.21473
0.494796,13.054377
29.961,14.689524
7.15625,5.8692026
0.0,1.5954406
29.961,20.128366
0.0,4.0618
8.96462,12.809776
0.0170318,4.5096393
5.74927,4.802462
7.7064,9.320416
0.0,5.658788
2.48531,9.304234
0.0,3.6435442
3.74162,4.991347
18.2965,28.632658
0.0218113,7.2618246
6.77438,6.2361574
11.7602,15.744588
2.48554,3.6047096
19.9456,20.383833
21.4867,15.70474
0.258954,3.4464025
11.6477,11.695067
5.43055,6.4760103
162.427,159.72786
6.41431,6.899253
3.62445,4.464789
0.0886052,4.1795435
0.0,2.4918253
0.0,3.0360863
22.6518,11.708029
76.6305,93.197075
0.0,6.3646126
0.0,3.3817015
1160.7,2079.9238
2.2593,4.9566193
38.0233,42.45142
9.83226,18.470186
0.0,2.8035107
0.0,5.2995605
0.0,3.7749395
4.89209,5.0884466
5.30832,3.1315317
40.8759,40.434822
11.5176,5.616029
92.8442,85.90845
0.0,3.2821987
0.0,6.056281
2.15402,4.470805
3.66412,5.642121
0.00811492,6.5684767
4.28733,4.8486958
1.70576,8.750833
110.799,51.333317
0.0,6.15932
0.0334164,4.702543
0.0733279,0.8439033
110.799,114.433945
8.48195,13.268395
1.52665,4.0460052
0.0,7.0618696
67.7254,65.92581
0.0,0.8667182
0.0,5.471238
0.148794,5.2474284
33.3841,6.943636
19.8771,5.6678925
0.0,-1.0459018
0.00874122,2.6657505
0.237497,5.441162
0.571642,0.4538846
53.7064,42.754593
0.0,3.2452126
0.0,3.2259073
0.083875,3.4300508
0.0,5.0964737
13.3256,14.321127
5.00362,7.1609077
10.3538,7.9376326
0.0834597,1.3027909
6.97007,5.5146675
1.02096,2.5682027
30.345,13.421233
0.0,4.3603244
3.80978,3.7105067
0.0522548,3.9208813
751.657,746.52747
8.58346,10.612922
5.80644,5.5932903
0.775053,5.0780764
0.027453,3.2605383
47.3378,6.7471523
0.0,4.0883894
0.0,5.4971695
1.52665,5.2254276
0.118244,11.005059
0.229634,2.8272567
0.339008,3.749932
88.8617,26.08837
1.30596,6.919158
0.546353,4.3356895
0.0,6.3591757
0.00760631,3.4985847
0.0,95.36827
0.0,4.225601
1.98891,9.281351
0.0,5.4844055
0.373143,8.147999
0.0,8.841518
0.0971393,3.5278428
48.3711,49.67809
0.0,6.045787
0.149628,3.6734524
0.0,7.70691
2.87073,3.6911182
0.0367091,3.8597155
0.0,1.5071131
0.0,2.7205255
82.423,83.87169
16.5429,23.69862
0.232573,-0.7201531
0.0,3.229607
0.249562,2.3257835
42.2056,36.701538
9.31878,9.779284
0.0,4.583494
4.87224,7.265173
0.0,4.3053355
0.0,5.4158506
4.61561,12.187957
0.0,8.126054
0.0,5.2385387
8.52971,8.65778
0.0978433,4.126227
18.7903,16.039843
10.5207,10.721555
0.0,1.79463
13.0144,12.208817
2.08647,1.7167336
17.5418,27.65335
9.47172,8.459295
1.99681,49.697437
0.42647,3.5552301
0.0,7.483897
90.1931,57.052444
0.0,6.0518436
0.0,3.710197
7.93361,8.095544
0.0,4.658046
0.127069,17.20353
0.0268366,4.6174784
1.27897,12.855383
0.0,0.9457929
0.0,5.9777966
0.0,8.691082
24.7117,19.702972
25.6997,2.8947635
0.0,5.8537374
49.7266,73.11379
1.89412,2.374463
3.07596,5.4196076
11.0146,17.957884
0.0661457,8.809755
12.5545,10.450776
101.932,96.76277
3.20272,5.3296833
0.0,5.211257
9.40631,7.260004
22.5027,17.184904
13.7987,25.745684
0.0110928,3.2106347
0.144784,2.6271906
3.93496,5.227332
0.107545,5.2185173
0.110194,3.6998558
0.0,5.714635
0.0,11.308705
5.64921,4.9071226
9.58822,10.2956
8.09437,10.4696665
0.0,2.198192
0.0,3.7586498
4.57112,6.865926
39.7765,17.784302
12.011,5.849859
0.267529,4.8289223
0.0,4.2778163
37.3251,21.264153
0.127069,26.772718
4.09223,5.705374
27.5158,23.773869
0.0,12.151464
0.0778408,3.2872849
6.18238,4.61429
0.0188633,4.0100985
0.0,3.4351006
0.0588203,0.9764197
0.0,2.5130851
0.0,1.1562862
0.0,2.9330277
0.0,2.212258
18.7897,9.112999
1.7973,12.301036
22.8231,38.654427
0.0265841,3.5301871
0.546353,4.870738
0.0221842,3.9164557
43.2114,44.017906
0.0,2.1720245
2.61288,3.787684
0.0,5.4286427
0.0,4.0891104
0.0618555,9.600041
0.041474,2.0615046
0.0,2.4601262
0.0,13.01674
1.00717,2.7346385
0.0,5.487591
0.0,4.371619
13.4342,24.027939
0.0,2.5835295
0.0,5.0443463
0.0349127,3.5323567
0.0,4.768221
0.269418,4.986079
27.7688,17.685669
0.0995542,3.9799557
4.99398,4.637439
0.0,2.7665536
6.32027,11.166658
0.0,5.7051516
0.405692,6.46955
2.42329,5.1841373
0.0377064,3.4088936
23.408,6.8853264
0.0,4.47229
31.889,26.92687
0.0595351,6.615247
0.0,1.4194195
1.18369,1.0725031
5.14936,5.462349
0.0,6.0354385
0.0,2.4641738
3.78142,6.6133738
0.0,4.008019
28.963,58.88303
4.42726,7.084839
0.00808029,3.0448747
9.03486,8.300923
1.54364,2.6590872
122.832,114.94317
0.0,4.1293626
89.6832,112.64769
0.0,3.4479105
0.0,6.0406084
0.0,7.08527
115.353,66.923294
0.00720244,7.2752132
0.493416,3.6884918
0.0,3.9837599
238.567,176.69385
120.835,122.360405
13.2386,9.240249
0.0,4.6021795
0.0930992,3.6628642
2.02248,4.5929155
8.6469,6.7998753
0.212247,9.157397
0.0,2.706409
0.0,4.287804
0.93392,5.7521243
13.6658,7.468525
0.0,7.6745825
1.10776,6.9734135
7.96072,6.359082
0.315451,7.6498394
0.0,5.742544
0.0,6.3528066
0.0,4.298858
0.0363594,4.5393686
0.0243693,4.680389
0.0734686,1.6284254
11.104,6.491131
78.8657,56.215992
64.329,23.624321
12.5184,9.10523
6.40389,3.3665316
0.0,4.222025
0.0503724,3.6552172
0.0215975,1.5692809
0.0,4.2171288
8.30396,10.6570835
0.0584246,7.217637
40.1683,37.177235
0.0,1.371021
0.0866043,8.930637
22.4149,24.574223
39.5207,21.08317
30.4835,13.168168
0.0,4.3297815
0.0,3.89623
0.0,4.2649326
1.29427,8.27722
0.0,2.6371732
0.0,10.128735
0.0,3.8682218
0.241877,3.8225355
0.0,4.561599
50.3561,71.57955
0.154268,4.041349
0.0757449,5.489377
5.6568,7.3018847
1.03622,6.6858377
15.4223,15.628671
3.12215,3.2152002
0.025931,2.7004642
71.8092,117.29714
118.592,83.83858
19.0535,14.954402
0.825871,14.9689665
4.42726,3.960395
65.7132,96.90804
0.0,2.4201195
3.80485,1.1579944
7.72727,6.095919
0.0654664,9.198233
394.63,164.17552
0.0,0.64600813
0.0,7.391511
0.0961261,4.3648815
0.242381,4.547062
0.0,7.2189636
2.15237,5.2606263
0.0,3.731277
4.51484,5.7155604
2.44943,8.630167
37.5404,35.56068
0.869482,11.281127
5.05107,6.553296
0.0,2.213242
18.4028,16.0697
5.1564,2.6244264
0.0,4.175439
0.872144,3.2154622
0.0,4.248581
0.553444,2.1600876
2.59898,3.1735044
0.03394,4.7544804
34.0234,39.271034
0.0,4.193159
7.11122,12.518092
0.0,16.160528
14.4733,10.424988
0.0,4.103412
0.0851847,3.9244413
5.29795,4.9953775
38.2604,30.746464
0.0,3.5194361
2.91784,1.7630868
0.0,14.545958
0.0183687,0.37223887
0.0,5.3319817
0.0,2.7338805
4.98572,4.0242667
0.0,4.6520014
1.00717,4.9193935
0.0495577,5.2480974
11.0919,10.499996
14.9468,6.161566
14.2404,3.4587522
0.172067,11.887433
11.0146,12.706699
85.6316,44.3451
0.0,4.7473564
0.173498,7.4727364
80.0908,35.008514
6.71487,9.130653
0.480086,2.5256188
1.96732,5.992919
14.0998,18.256947
7.96039,6.91397
7.06927,12.589655
0.0,6.346571
20.0879,7.690854
0.530209,3.2234514
0.111489,8.6399975
11.7977,5.843772
31.889,30.939228
0.343542,5.1513796
0.108294,1.8743603
2.55989,2.8469725
9.70645,5.0030775
0.0,7.0161066
7.89957,12.568386
2.26945,2.9401784
21.0285,2.3838453
0.0,2.581335
25.8108,46.28988
0.0730475,7.2852993
95.5694,64.9684
4.85934,3.9559855
7.68402,19.303236
10.455,15.583995
0.97247,2.9257727
391.37,311.60907
0.0,2.9395974
0.0,4.433395
0.0,5.7325397
0.0546572,3.7630076
3.40206,3.9900794
133.336,218.6106
0.234831,4.3332987
0.0,5.5132484
0.149176,11.43799
21.3561,32.368027
0.0,5.2422676
0.0,6.2477
0.0,3.3847294
6.87925,2.5104036
0.0,3.488666
21.9927,31.660765
0.0,4.3862686
0.154268,3.7286572
11.7411,13.490574
18.8186,9.560872
7.39886,14.343919
12.9819,9.85517
12.3578,7.6207495
9.66222,565.273
38.0233,13.549087
3.91957,5.746936
30.4107,12.127775
0.0,7.621297
0.0,4.283256
0.0,4.288941
10.6178,11.155872
0.0,2.277816
0.0,6.0586824
31.2788,6.617503
2.33532,6.6705647
22.4628,4.9658318
54.8613,55.018196
0.0,76.07641
0.0076329,2.9538345
0.0,3.4453712
0.0,8.01128
6.17503,6.924961
0.0,3.739762
21.5036,8.916643
14.4473,23.400623
23.6318,5.597748
0.0,4.6688704
7.90477,18.839766
5.25244,4.4327354
16.3086,10.7634735
0.134373,1.7536721
0.0,3.1473646
0.0434497,4.023472
0.0841613,2.4488273
23.7592,28.19254
0.0,5.0550213
17.243,6.0974846
13.0144,13.883259
0.0,23.402317
0.0156339,7.021205
8.24252,16.976234
11.6074,24.750874
14.5591,14.516079
0.885176,3.3860817
4.41925,3.3769698
0.111079,3.61982
16.4448,14.117717
226.44,275.31982
54.2145,40.108414
0.914182,4.667637
29.2068,11.325777
0.0,7.028839
2.2757,5.9140387
1.62329,3.4128969
0.0,5.2729874
0.0,3.61444
0.0059639,3.072766
0.0,4.259596
0.0490979,3.6954317
0.0,3.3691976
19.4241,31.26358
158.563,176.10399
10.3538,11.932247
36.2545,48.494205
0.0,3.5936413
2.08603,3.6766999
0.0,5.400281
0.0752463,4.160648
0.0,6.8690653
6.21952,3.530322
0.0,5.048209
1.85125,21.580198
0.0,2.742429
4.91134,4.099851
0.0,4.5320697
1.33446,3.4328358
0.0,4.067856
0.0,4.913642
2.76298,7.1472225
158.613,53.276627
0.107778,6.521736
0.816466,21.775438
0.125719,2.1823184
17.241,37.087776
0.0,4.6522355
0.0,4.8597183
0.0,5.0884676
0.00596473,5.655141
12.6111,14.980354
4.21751,5.734765
0.0,-0.62090397
0.0,5.07703
26.9829,51.209435
0.0,3.621067
24.5695,21.941149
0.0,4.786743
0.129077,7.505167
0.0,6.0467553
11.5717,16.723026
0.0548003,5.1520905
64.4972,50.215946
275.728,185.07277
0.0,5.277321
0.360221,3.2312458
5.73474,6.906084
0.0,5.6906977
1.03622,1.1313331
2.83266,3.9529138
0.0,6.721196
12.6563,14.775644
9.02091,4.0174346
7.54229,4.2880764
0.0,4.39519
31.889,29.811657
0.0,4.3540416
68.9289,77.514984
0.0,5.6564255
0.0,3.073524
4.97182,4.444238
5.78663,5.606127
51.3322,31.168245
0.0,3.3748395
0.0933876,4.167435
21.5146,10.979421
26.1965,30.486452
0.0,2.6689656
2.1209,11.74928
130.197,59.09103
4.97182,3.9781566
8.78468,9.863841
0.0,3.1219008
10.5992,11.02469
0.432452,5.7485695
0.0108776,3.9868696
0.438031,5.678857
19.2125,10.406017
17.8305,6.531906
0.0,7.1625347
0.463852,5.7730703
0.081285,5.6635094
0.539524,8.120885
0.383809,1.1506548
14.2404,4.2617908
22.0206,23.95741
2.36522,4.762473
4.99855,3.833112
0.0,16.339321
0.0284757,6.528612
134.69,118.17113
7.14585,4.512826
0.0134073,6.076213
0.486171,6.9754744
0.0,2.950397
0.0,3.648322
100.839,177.98134
0.0841026,4.455063
0.0,6.392149
7.2315,14.653704
0.0,2.2630317
22.561,19.539923
1.04456,4.2476263
1.32599,4.508151
0.0,3.7539716
74.3385,63.57904
0.0,4.073393
38.4291,34.617386
0.0,4.7551093
0.855994,3.9556594
0.0,1.0570396
0.0,13.112192
0.0,5.176559
0.0,5.6118574
8.8373,5.6912746
5475.9,4.8949986
59.4852,81.94514
0.0,4.161455
0.0,6.0552864
0.0,5.311182
0.0,5.5548983
46.0233,38.8188
0.0,6.6444826
0.0,4.0181036
0.0,3.2203925
0.0232924,5.091327
39.6299,24.860313
15.6712,9.18788
0.0211065,4.9628344
0.0,1.4291987
1.26519,3.9007144
0.00808029,2.244558
0.0126944,2.661676
0.196355,2.682701
0.375869,3.9855924
157.816,202.41202
28.3986,26.876848
0.0219642,5.185911
7.75207,9.858786
11.391,6.420144
10.7399,17.586538
0.0718414,4.029742
44.3922,60.263042
0.0764985,2.3044674
3.10884,5.776393
0.0781199,3.0309138
0.0289172,3.7994792
1.99982,7.9694767
31.6466,22.663303
17.5005,5.8240976
0.798913,5.405464
3.62445,4.7436147
0.0,0.5513358
0.335754,5.3396254
0.0271285,4.344346
1.06559,5.3777494
6.49602,10.075257
13.3558,5.4391384
0.0,3.1998398
0.0312093,5.1911583
10.2115,14.576415
12.3578,14.950664
11.5258,9.564745
0.0788355,15.035671
0.0,4.7169952
0.292612,82.040344
0.0,4.146877
0.047583,25.192335
7.0301,9.982357
0.0,6.046012
0.0,7.0705824
0.0,0.34366012
4.64168,4.5454836
106.723,40.0812
4.21751,4.5250535
0.0,4.660861
0.0,4.319762
0.0,3.4686189
4.61178,8.449401
1.09396,3.6023
23.0404,10.945897
49.3187,66.67367
0.0,5.481639
0.0,8.653316
3.62445,4.6610436
1.69153,3.4864354
12.8249,2.54582
13.3605,7.9662
10.919,10.022151
4.67639,4.018772
0.0472131,5.978791
0.689814,2.2744515
11.6645,11.302822
0.0,4.3340445
0.0,1.6740046
23.8569,25.377455
75.4895,13.729971
21.5036,16.315887
0.0,6.7149115
0.0,4.577197
60.6128,66.82205
0.0538038,4.956524
1.32143,5.8693013
41.1289,44.412556
4.66919,6.535556
8.92213,6.979476
0.05843,6.938814
0.0,6.5398655
0.0,13.182894
5.90745,8.019592
0.0,9.340342
0.431208,10.92837
0.0,6.4633713
3.84355,4.3656287
6.34268,5.6267185
3.5456,18.749067
1.16659,10.430382
0.0,10.380083
13.4247,31.118515
0.0129563,3.169483
30.2705,24.74307
26.1456,24.362661
0.0,3.1516128
75.3521,91.59741
1.28219,3.6941457
8.87697,6.8841467
4.85285,3.8015265
0.139573,4.330099
10.5353,12.959432
6.32027,6.0450525
0.0,2.5272813
0.0541491,8.583333
0.0,3.0572748
0.0285442,8.84629
10.6593,9.250672
13.9629,9.334947
0.0645255,7.4692554
0.553249,3.045877
0.0309796,4.8608685
28.7013,16.58039
20.389,37.73923
12.7551,9.476528
0.0,9.608106
0.0,4.7225075
0.0,3.5275536
7.0451,7.2922077
0.041684,4.4548783
7.93361,7.7577257
0.416637,6.0965414
4.21318,4.4420624
0.0,2.742947
0.0478168,4.6680813
0.194229,6.5977354
0.486884,4.157341
0.0196105,7.912895
110.799,96.34322
13.3042,7.7718687
0.062583,7.736971
13.4342,16.127073
0.224191,4.4489937
25.0851,34.684494
30.096,43.18851
0.0105662,3.3330214
0.410718,10.156329
0.0,3.6335096
0.0,5.7879095
24.7055,27.795607
2.23965,3.270543
0.0236038,6.8637486
0.0546719,0.07952261
2.88764,5.720869
0.0,7.085208
3.19082,5.8619356
3.16931,12.2676115
0.0,5.3714304
1.06258,0.47708964
41.5218,36.487
0.101786,6.608427
3.08732,2.404556
7.157,8.240685
4.16531,6.4858484
25.8726,7.392707
0.0,4.415626
13.7404,5.441818
7.78391,7.220501
1.12193,2.788222
15.3531,10.424076
8.54713,5.161152
20.3765,3.7818327
0.506194,3.860119
0.0,4.8142505
9.37947,9.324141
0.0734416,2.7025084
2.33011,5.6424055
78.8296,33.742733
0.0323338,6.310519
0.0,5.280554
0.0336431,6.7532587
0.233384,204.9227
0.0242326,3.5617933
0.0,3.014582
0.0,3.2178557
8.90508,7.3881426
162.718,40.527973
4.52996,5.900343
0.0,4.898984
12.4639,7.593547
27.8084,7.347457
0.012238,4.799306
1.55944,3.5772
0.0,3.3501482
143.863,84.852615
4.85574,7.3283606
12.6915,18.403917
0.421199,-0.09893036
4.00784,9.352945
23.0695,5.062397
5.30832,5.191201
0.0,5.121791
7.14585,5.0179625
19.633,11.2403555
0.0179047,5.874671
0.0,3.5524695
11.4049,4.1442375
11.8182,12.538973
0.0,2.405761
20.3765,4.591132
19.3196,11.116343
5.82246,9.03332
0.0,4.1685514
0.0,3.140552
5.78663,7.2355385
0.0,3.8668594
0.0,2.1451123
1.61215,4.511836
0.0968266,2.2080295
0.0,2.5289092
9.07852,9.217548
25.3992,20.080578
2.66844,6.6545935
50.4937,35.70926
0.20584,1.6994734
0.0,4.297279
0.0,5.0947266
0.0,5.3974237
2.12323,6.988558
1.29001,6.3187933
0.0,4.380484
185.622,102.036194
15.3164,18.953169
0.0244278,3.9545898
47.7532,19.247387
11.0449,16.811829
2.1598,3.432187
14.6375,17.214468
7.18879,3.5995088
23.2996,14.216461
23.5057,21.73398
0.0951988,4.062227
7.15902,9.584857
0.0,14.289448
0.096906,4.129522
12.3578,8.943811
7.96039,9.134146
7.20484,7.5245237
8.45355,17.324331
3.87993,11.466792
13.3919,10.641555
0.0,5.5361257
0.0,0.98905647
5.83212,3.0561767
228.807,334.57288
0.0,13.711979
0.13315,0.88336277
7.0598,86.87966
0.697837,4.40353
24.8424,25.778513
0.0,7.716734
0.0,5.1814437
18.6327,27.436293
0.0,2.4316344
0.390612,7.9620295
41.4786,45.249016
0.0,3.1440585
13.0144,7.218689
206.507,218.40984
0.0,5.3264866
0.0,3.9490476
208.249,214.48146
0.0,3.7683296
233.507,175.75934
0.0,5.3017945
3.04248,5.9321404
0.0,6.37323
10.209,8.465507
0.228694,4.400408
0.0,6.696061
19.3196,9.036991
1.05358,11.0586815
0.0,2.9441986
86.786,92.34245
0.075198,3.6135616
0.838381,7.946953
0.0,2.853601
0.0,3.5556917
28.7013,33.391224
0.0,3.917839
0.0852025,4.069379
0.0,1.373425
14.4473,17.838045
20.1295,33.113754
0.353843,3.7599041
35.6741,28.897547
3.8158,4.377611
1.95627,4.8012686
40.8006,31.328463
2.14041,5.7122707
0.0117422,-9.121331
0.53003,6.540448
0.0,4.3435893
0.0,4.879854
0.0,5.92906
5.69682,9.753641
1.39405,8.357454
0.0,2.259209
6.98341,7.211672
17.6649,22.283825
0.0244278,7.017935
1.04998,17.320992
8.15758,12.579225
45.7148,37.287926
1.65003,4.4366245
0.0,4.7885685
19.0873,20.87432
0.183023,3.782638
15.2282,8.740694
12.5522,12.662974
0.0352451,5.9580507
81.5728,72.31989
0.373135,3.3808408
654.473,14.1893635
74.0911,27.074234
0.0355344,-0.24623585
3.47315,7.5558786
21.6632,3.8499565
0.365548,3.6137516
0.0,2.7353544
31.4133,29.62355
84.2505,19.286907
3.97178,1.8677788
6.42487,4.738227
11.7918,5.7126403
0.0,1.103046
1.56805,11.81956
19.633,34.91936
6.328,12.171039
31.889,31.564058
9.93582,4.804059
8.7999,12.903768
0.0244684,7.033945
3.62445,4.48585
0.0673193,3.104062
0.0,9.853966
0.0,2.682604
0.0757449,-1.7456167
0.0,5.865076
12.5231,23.431648
0.0150878,4.595328
0.0,4.825781
0.144784,0.37395906
0.185318,10.041182
0.0,5.141038
0.0092252,4.9116526
0.0,3.7835221
0.0138372,5.5152645
18.7132,10.504876
14.0855,14.864288
0.0,2.061284
0.0186586,4.8178396
29.3384,14.737282
0.0,23.069954
5.73124,3.8573492
28.7411,48.384125
0.0626873,2.6143274
0.0296782,3.4185128
97.4455,46.832302
0.0,3.6696968
0.0108633,5.2560005
6.86627,6.46801
0.0244278,6.0261226
0.0,4.008304
0.0,6.8874836
10.411,6.2398148
0.0,6.013957
0.0,6.8683147
0.139843,2.616286
12.3578,21.258055
6.42834,8.239657
0.0615812,8.802166
49.0173,21.851416
0.044921,8.668439
18.5499,19.948406
0.152073,6.3855767
16.1068,11.8694515
9.18444,7.823495
16.4448,21.347252
0.0507748,4.076644
20.3666,11.839159
2.01911,4.641011
0.0214958,10.582983
0.0157039,3.5670428
80.9018,145.47609
27.9481,35.72577
0.0217999,4.214501
0.103805,7.04811
2.90635,2.0492907
23.5049,10.092597
7.67191,4.410742
0.0,5.1192703
0.0,3.4737256
32.2663,38.655155
3.17315,3.0599713
29.1625,28.512735
0.0,4.1178355
0.0207426,3.229908
123.482,52.72163
0.0,2.2422962
0.0,2.8329895
0.0,3.3037271
14.8319,18.678064
0.534861,4.0463
63.3414,31.928133
10.5992,10.7583885
0.189737,4.9001284
139.496,32.415657
36.5411,68.05391
0.0,3.7323465
0.0598996,9.411637
0.0,5.916131
15.9952,7.236562
0.0,4.8566203
0.835289,14.703865
0.0755944,4.057913
2.68224,12.944158
0.0,3.144569
6.33747,4.3058376
0.0,2.0454974
0.0437111,2.8968704
0.0,0.36746883
1.28642,3.3407543
10.4332,11.007185
0.0362957,1.8193066
8.60132,4.484434
25.3641,47.352325
0.0,5.5914135
6.70987,4.2650514
18.7897,14.776969
0.0344196,4.7476425
66.5703,21.270355
17.383,33.811794
20.3765,4.9523015
10.154,9.595649
24.7117,10.981796
0.314417,3.2308533
0.0,4.0575943
0.0,5.594082
0.0324436,2.638748
1.99982,4.5695252
0.0,3.1099288
0.0,3.4937057
0.0244278,4.3768206
7.38977,10.704926
0.0,4.3417788
0.0,3.2010126
29.4406,10.581062
7.13458,6.677186
13.2992,11.40707
25.1371,52.11185
1.45222,5.273363
22.2086,22.611834
5.59409,3.667725
0.0216512,6.6780224
2.56798,5.0899496
6.33662,9.7844
0.0185412,3.732319
4.22201,3.5494037
0.0704166,3.6378498
0.0,4.7458076
0.0,4.2866826
0.139701,2.910286
48.5489,28.981852
0.0,4.921323
0.0644364,2.8959389
66.5703,31.918808
23.1255,15.780982
0.0729982,7.426588
8.24685,8.7559
10.5353,7.3400335
25.5367,25.08846
63.5438,72.235535
0.0,9.042765
5.1564,3.464611
0.319336,4.1761856
5.00362,2.2919571
12.3578,12.54464
0.441196,-3.708543
0.0279625,4.388676
0.0059639,1.1427641
0.540757,4.716153
22.6966,8.741227
1.83906,5.2799344
99.4998,58.618134
69.591,45.71092
0.0,7.4267206
1.32434,31.206188
0.0734686,3.9993832
1.41837,4.37348
0.0,2.7894871
0.0,3.684244
19.8233,42.973965
206.507,100.02791
11.2706,14.235648
5.1839,5.1063704
1.26098,3.4257526
25.2788,26.020319
2.81838,7.0983467
0.0,6.9628973
0.0,1.5201943
0.0266381,12.685406
15.4143,3.7361615
2.87073,4.8124743
12.2255,14.338615
0.0,2.1398697
0.096906,9.74694
0.250134,5.6715336
0.0610322,5.205742
0.0,6.141319
2.84066,-8.724338
0.0,2.559455
0.0,4.7826657
18.4586,7.8214025
0.0,4.5008993
2.62976,4.135919
0.0,-5.591338
4.87216,8.922991
0.0,8.677294
31.889,36.568687
0.0146291,1.2881695
9.06756,6.670473
37.9475,17.469198
0.0852943,8.006883
0.0,5.6198826
0.0501469,6.642192
89.6509,108.47114
0.0,4.577766
14.9468,7.118847
1.55598,4.182973
0.470712,5.9232817
0.0,1.9159687
64.4972,26.573915
0.0822271,5.261718
3.80485,4.94203
0.0,4.1627297
185.622,3.4504156
1.55502,5.9716907
0.319885,-9.984818
0.0,4.347655
70.2331,67.18394
0.00764868,5.595537
0.0,5.423544
0.0,2.0712376
32.9177,16.490753
0.0,5.0063715
0.0,4.2609725
23.9011,16.659672
38.012,28.892447
13.1413,13.243216
23.5049,16.03391
8.67667,10.59439
5.20518,4.5218697
0.0244364,2.8467178
0.0261254,4.527589
5.87214,5.184301
14.6234,9.449138
3.8158,5.0587807
0.00557245,1.9004787
0.0,5.281067
8.32285,9.892786
0.0,5.2657375
16.2353,27.735601
0.0222479,2.4152832
0.0,3.072461
0.231132,4.4046993
1.45654,2.7296515
0.0780248,3.7044969
0.0227434,3.5981784
0.0,3.141026
0.234005,19.328506
8.16661,4.950814
41.4786,47.085304
0.0,0.8462807
6.08398,1.4270053
9.31878,6.077146
2.48554,4.2361507
3.07149,16.378859
0.0,0.10286927
0.0,3.9751165
0.736154,5.7352433
0.127812,2.4548953
0.0,-2.0644076
0.0,4.5976925
1.55914,2.3056717
0.0763863,6.5317373
0.0,3.8144546
2.29405,3.9215567
2.01469,5.6758957
0.0,9.378645
10.8677,5.752652
14.8373,16.921679
0.0,2.5726624
2.61378,7.3196974
2.93396,3.1825914
0.0300674,-1.1476367
36.5411,97.6595
38.7908,57.23581
14.6851,3.9417875
18.5812,9.678521
71.9296,91.154915
18.8462,13.058396
18.2498,38.497223
25.5367,17.051987
35.4654,40.139984
0.196792,3.022125
48.5175,34.66734
0.0257964,3.2620053
9.95179,16.551596
10.5735,10.847801
3.90843,9.023195
8.32285,2.3341255
6.37074,6.885627
0.0,7.948392
10.6178,30.273815
0.00992251,5.752015
0.0,6.382532
0.0122473,4.184778
36.883,34.03893
36.5509,18.908049
0.534861,4.40777
0.372758,7.7569637
795.558,311.7212
18.7678,18.486872
18.2872,8.675082
4.65182,12.780689
0.0,3.571972
0.0,5.9777627
5.78663,7.682989
13.7472,15.590625
0.0,5.474161
0.0,4.4282703
81.0794,22.760569
0.0,3.1834915
2.59898,3.7229714
0.0,3.7611134
0.0,6.1845894
0.0631601,11.136514
11.1051,5.406064
0.216623,4.4822955
19.4241,12.624735
0.0,-2.518174
1.4983,8.085523
0.0,4.8657966
4.1697,9.367197
30.4107,24.547594
80.5417,47.268963
0.0,3.8192
9.4149,4.1435094
200.795,290.13077
12.3578,15.75714
0.051393,7.9622498
20.7926,21.707788
0.0,6.436034
17.9208,5.190263
21.747,26.446424
95.38,61.439552
34.7652,68.6784
45.9377,56.774193
0.0,5.733124
0.0,3.962305
19.2125,13.79423
6.01716,5.887846
10.9407,17.055798
2.36522,2.09245
71.4958,78.11061
0.0,5.0351944
0.095025,3.519607
1.55598,6.115776
3.45172,1.5300252
7.67293,65.059166
0.0672646,3.871857
5.39627,5.3401527
60.3458,81.79494
0.0,4.7201624
0.0,3.7122197
1.45222,0.5936681
3.73044,5.109453
0.0,3.1277816
31.8821,44.1177
0.106439,3.1896968
0.0359983,5.6078672
97.5563,77.18444
0.553249,4.071644
45.1259,44.83566
0.0,8.575145
39.9574,41.64694
81.5728,89.41542
0.131901,4.387412
279.087,170.52487
0.547939,4.995924
0.0514544,4.3052263
19.9248,15.747169
0.0244278,4.090128
21.587,13.112274
0.0179047,2.675712
5.39411,9.257235
3.82475,7.4698973
0.937133,5.90184
3.13951,9.29275
0.058232,5.657898
0.0,4.1681986
10.0698,6.929036
38.704,17.755037
10.7009,10.367467
0.0,7.65429
41.1354,18.464737
6.70068,8.933704
13.1196,14.167081
0.0,3.7261925
76.8716,57.29501
68.1974,87.008675
4.76564,4.258448
0.536697,4.17048
2.19107,10.266591
0.0,31.64073
32.5781,26.067724
0.0,5.4604244
74.3385,47.75461
0.048191,-4.6041536
26.0933,9.027369
2.02648,5.0184984
13.3899,18.225033
15.8452,15.903107
0.0,4.7097936
22.5027,12.135688
0.0,6.179864
0.227111,2.1475282
0.0,4.8600698
0.0,5.8679056
0.0,2.0131683
0.463196,3.5085044
0.0,4.9164677
0.0289529,4.605685
53.3411,21.343859
0.0,5.1508617
24.6299,14.68469
9.95179,11.113019
258.492,7.5816164
0.0,8.514599
169.204,232.64989
14.6851,3.7807727
0.0,5.3580832
0.066106,1.2267659
39.8531,44.097416
0.0180422,3.9196672
6.03438,5.407749
25.6244,29.021416
0.0734416,2.6228204
0.0,3.1414013
3.42105,6.6268663
9.67158,24.522697
0.0,3.1734438
3.49067,8.20841
5.64923,4.8613834
4.5796,16.720484
2.95917,5.578679
14.6904,8.890093
0.00905393,6.241062
3.80485,-0.8414242
0.0,4.628046
0.0,8.313994
16.4599,8.460937
0.115911,4.104892
9.21049,4.1948147
0.0,4.9705076
0.0,2.7829318
0.0,5.556468
20.7197,16.864548
12.6563,11.215309
0.0,4.199874
17.4413,15.437194
0.051393,4.834383
0.237497,4.388665
0.605419,4.8526154
0.0,4.7293177
11.3499,2.5361526
0.0562142,4.8086777
0.132745,3.126679
0.464321,0.8124356
18.1628,6.753846
0.14997,4.3934755
0.0,7.40456
0.126845,7.2241755
0.177502,1.5979464
0.0,5.3361416
26.1965,31.591852
0.0,4.0177817
0.153238,7.0224743
0.0,3.1811895
0.141256,3.7194238
0.0,5.1891885
11.89,8.224839
0.0672375,3.6249034
0.0,5.1900826
0.00880007,3.5012088
0.0,6.8612814
17.2564,24.183752
3.10352,4.6741757
0.0,1.2777522
25.4966,39.654636
19.3196,16.248217
6.16632,10.502167
7.93361,7.579732
0.0,2.874549
7.93361,5.934304
66.0095,37.32542
7.72727,6.365282
0.259034,12.2122
16.7084,15.389537
0.0,2.5465922
238.224,152.90273
0.0,4.9487467
0.129077,13.257618
0.0,9.8214855
0.0,5.597963
44.3922,37.876083
0.00882739,4.9083767
8.4627,4.7364016
4.98238,30.892382
5.57851,21.06208
0.0528512,4.2135286
0.0,5.996125
7.68402,6.8618927
0.0,1.6776475
21.5036,25.785635
0.488137,6.4453287
0.372758,3.4387136
23.2925,27.329208
18.179,8.8176155
13.2992,8.5285
0.0,3.9572484
21.5036,26.490633
1.51667,10.011666
13.4788,13.612374
48.6022,50.700996
21.9927,17.27872
0.0,7.1776495
0.0,7.1534996
11.5065,11.050081
0.563877,4.8657756
13.6965,14.663932
23.6489,28.331928
0.0104653,6.5523806
0.0,6.9699936
22.1781,26.57935
6.52047,5.2335005
0.0797178,2.6633232
2.74106,5.272794
4.46593,22.009594
0.0,5.7715855
1.28297,4.552681
53.2938,133.17151
0.0,6.104004
6.10661,6.18338
0.0131697,4.929436
10.6332,12.392492
17.9806,25.223034
0.0,7.210767
0.0,5.6057644
0.345062,3.5423787
0.605419,6.209462
3.08732,4.7497506
1.18369,2.259023
10.2526,9.874717
19.0443,18.79009
0.0,5.916503
9.92817,20.408258
0.0,13.631046
0.154914,5.5632935
2.49685,206.17201
7.15171,8.966436
0.0,5.6055794
0.0,2.6854124
76.2633,42.921104
0.0,7.955408
0.0,3.4247751
8005.12,5342.3315
0.0348319,3.5142145
10.4821,18.05289
12.3571,22.185835
0.0,5.0345187
0.3041,3.4961686
1.96863,3.8808177
0.041684,2.917824
6.4306,7.809993
0.0244278,4.165798
0.0476784,-1.6540186
33.3964,41.61845
0.739897,10.631795
56.1528,44.69098
1.76379,5.023266
9.27441,12.63336
131.913,108.49917
8.05408,7.485688
1.05032,13.604555
0.150147,27.517038
4.42223,10.042465
4.93879,7.2768393
0.0,3.1641173
8.20516,9.533996
0.0155962,4.1042037
0.0,6.0010767
2.82707,9.127775
0.0,6.008669
89.6832,88.17552
0.299788,7.177848
120.835,62.58097
0.0,4.7275705
5.93282,4.2404275
22.6392,26.225037
1155.0,287.0165
19.3428,16.935484
0.530209,3.7469254
0.0,4.8943257
64.9969,36.72613
0.300234,4.764645
0.661411,3.300431
5.16818,4.705024
0.0,2.0297403
0.0,2.2141805
0.0,3.0118399
9.56222,5.1210546
0.0,3.8878298
13.7987,22.350391
29.0844,33.61354
7.76256,8.125096
0.0,4.314044
0.0484491,2.27332
0.0,3.28695
0.0362889,5.390363
1.70883,1.5062213
4.34034,4.7106304
7.94594,4.898259
0.10036,7.106762
0.0,4.121853
8.07476,0.3432696
19.4687,13.472579
0.0,5.9014378
20.3765,14.843082
0.0,3.5835795
5.66893,6.5778847
19.3857,19.51423
12.1408,6.013123
15.6274,13.06603
0.443035,5.304761
7.89957,7.627305
3.80485,2.9292443
0.0419289,5.775709
0.0,0.9127877
0.553444,3.8064752
0.0372422,3.0585105
18.7132,19.990326
0.0,2.1261704
0.0328706,6.664547
0.0,5.5734196
0.0,4.7816954
10.0146,8.490089
0.0,5.59254
0.0,12.421383
7.28997,5.3125257
0.0,4.1348095
2.32039,4.110234
0.0,2.885982
0.0,4.5382705
28.4785,4.9759326
32.9177,24.157366
0.0,5.5729313
0.0,3.2751894
0.0397651,2.907093
11.308,10.831344
0.0593326,1.6380228
4.16426,6.677355
0.0,2.3161402
0.0771056,0.49297273
0.13219,5.743291
7.13458,6.9507227
9.21465,7.3489037
0.0264659,5.034317
0.0,2.5680244
0.0551446,2.668275
0.0365421,5.3105597
0.0,4.233959
0.0,2.5398962
5.6552,4.2235165
0.0,7.811366
12.7342,10.874323
0.411539,11.51605
127.128,66.40043
0.339197,7.295164
34.3512,60.015316
19.9248,8.042523
0.22559,4.446268
8.30396,9.90983
0.19443,3.8109522
6.32027,8.72867
5.59568,43.618553
4.3137,5.6683903
3.67181,8.828482
37.887,12.648228
0.597943,15.403077
2.66716,25.105974
50.4777,25.32959
0.0,3.9835806
0.0,4.6136255
0.0194959,3.9607973
0.0,-1.87022
0.0,4.107804
50.4199,31.125792
71.0243,45.840115
18.7132,14.469532
3.62445,2.2324011
0.0,5.8617706
0.154163,4.3301773
18.187,22.560135
0.0,4.06625
93.6125,94.59539
0.0,7.4153175
0.918818,4.305393
15.8592,10.691825
0.0,5.273817
45.5749,46.22882
0.0,4.3367996
0.0,4.7169704
8.46153,9.202348
0.0126937,5.023012
0.0154189,2.1391673
0.0,4.3681746
78.8296,7.439492
6.274,12.896641
0.0,4.0815563
0.0,4.7590237
0.277327,2.8471425
61.3507,46.374798
10.3455,4.9983196
0.0,3.6152737
0.0,4.000449
9.68664,14.665106
10.5207,10.387786
0.0179047,4.9351635
0.0,7.853855
22.0379,15.832927
0.051393,8.8195
25.6866,52.023453
0.0,3.6496959
0.0101273,1.4053488
10.5708,6.6952705
0.0,4.685457
40.4993,19.348026
7.1688,6.3043613
0.0,5.214176
0.0,4.8104234
0.0,3.330224
0.0,64.60344
31.5645,9.309621
0.0,3.0556726
16.4003,13.813452
12.6712,8.629079
110.799,72.782455
0.0,10.147957
28.3925,38.76956
4.71807,7.402629
2.72155,7.9275055
12.1094,15.690352
6.31848,4.1476645
3.5985,-6.0312433
0.234831,3.6755142
73.6452,3.4325833
0.0465212,4.8792353
0.0,0.8975096
19.9297,14.336357
47.8693,15.682653
41.4786,30.535192
0.0,2.7885537
6.16726,6.7837563
0.0,6.811925
0.00671472,4.1131983
18.8462,11.011072
11.7892,5.1494274
0.0,2.7643652
0.0,4.2511477
22.0206,2.2403197
0.285904,28.117
0.0,6.6308403
4.88341,4.0216613
0.144784,1.3418589
0.743623,6.098377
0.0,8.647153
8.39085,8.609145
7.51521,39.516666
3.42381,5.7124157
7.88268,8.66008
0.00671422,4.4319754
0.0,3.7775295
0.0,6.6067553
5.46058,7.1913633
24.7117,6.7988253
0.0,3.956295
0.133702,2.209473
0.0,6.1641912
0.0,5.1079144
4.03114,-0.35064435
46.7864,41.024837
0.102701,4.882331
9.09213,8.720537
2.71668,4.871749
21.3657,11.761479
24.6299,10.398765
23.5057,19.540697
0.0,2.1383953
0.0,8.340957
26.8252,8.318705
0.721388,4.7251434
33.3482,22.231878
0.0,6.311223
0.0,6.4744024
0.0217105,0.93967164
0.456339,8.004799
0.0,8.560091
0.0,3.5720427
10.3338,4.041394
44.3922,36.190926
1.603,9.265116
546.123,950.0806
5.28818,2.8307557
3.62445,5.6157727
39.9616,32.774754
0.0,3.3545432
0.0,8.1252
0.789754,4.273305
0.0244278,3.582891
3.51618,6.810219
0.0,2.433109
0.0,6.2746925
0.0,9.072946
0.0,0.71825635
13.7979,15.885613
17.8912,12.994666
22.4628,5.4749117
8.10573,5.438427
9.4149,7.936857
0.0757449,1.9276497
10.6249,8.090528
0.0,4.1616173
0.0105662,3.7646875
10.1014,8.516906
0.0385982,3.6992493
1.2621,5.663085
0.0,2.7295406
49.3187,43.001347
0.0,4.269781
0.0572742,4.5709233
2.59898,4.525053
11.7411,10.308873
0.936119,4.9213085
0.0,4.31596
0.0,6.9369097
0.0630775,3.0754652
0.222788,7.9285736
0.0,3.710552
0.0,6.7546644
2.16714,4.0413055
0.0,3.599934
4.71181,4.4864817
32.5265,4.871389
26.0752,23.86025
1.00418,3.0116186
0.0,5.411565
0.0101776,4.201549
0.0789774,3.2331817
2.68705,3.292063
12.3409,5.649766
1.04998,6.661109
0.0362714,6.5777197
114.402,102.535225
0.0607464,0.07792735
44.7525,34.817112
0.0,3.0906525
0.0,4.1368494
11.6972,11.257174
41.0443,12.481012
0.0,2.5166118
0.0,4.392646
4.66756,7.2274466
31.6073,36.263287
0.0,6.2411356
2.12334,2.8296762
14.4902,2.5322466
22.1297,14.217568
0.53003,4.850108
1.87581,6.806658
13.0665,18.228422
81.6833,67.49673
9.8235,7.500266
0.0,3.4036443
0.0183687,4.1726713
2.64494,11.00317
0.0312093,6.4987164
0.391616,6.1133924
0.193627,4.2404466
0.473211,3.8138337
10.5708,7.825922
89.6832,55.584347
0.144043,3.3209534
31.889,12.27038
8.4425,5.685248
272.196,117.01181
1.36489,4.5124025
0.0,7.1321964
14.7903,13.924037
6.66949,9.489605
14.7658,5.644306
20.945,18.88695
0.0493707,6.266671
13.1679,12.043954
0.0,2.1871161
7.03849,7.877531
4.21751,4.0546093
0.0,4.7693405
162.427,146.38802
0.431208,10.343387
6.68511,5.401147
0.0,7.295513
39.7765,57.22617
13.1349,11.04063
3.42946,2.2542396
1155.82,374.1959
35.6741,20.297678
0.0361485,2.996965
1.17735,7.3823776
0.0978433,4.6486855
6.57905,5.113609
0.0,4.738899
28.4392,42.71039
14.1541,24.232115
7.00152,11.818786
0.0,4.128229
7.71846,4.332969
146.296,220.69978
2.30816,4.8586283
0.030774,3.0850174
16.4599,15.258043
0.0429488,3.952353
21.9108,22.035715
0.0,5.347082
0.0,3.5318575
14.4787,10.178566
0.02025,4.1524706
60.3985,39.75127
0.0471679,4.6640744
0.249562,0.89813864
1.62318,8.936663
4.34811,5.2453637
30.6925,18.550995
0.0262046,6.945446
79.4322,38.978752
19.5575,8.008367
0.0,2.8945577
12.6946,58.584526
0.0,0.48012304
2.24119,4.609457
0.0,3.7982903
0.0,3.5033045
4.71745,11.558813
28.7411,41.797413
0.375037,3.0989168
0.0,6.912216
0.0,1.8472089
0.143528,2.294082
8.71518,13.281535
66.5222,49.229736
0.0755966,7.412567
0.300234,2.9855099
12.7565,10.752523
181.115,286.17953
0.0,16.17303
29.3431,12.521882
0.365597,4.3368826
14.747,9.37113
0.0059639,4.423184
0.0310379,4.167149
15.8812,18.664213
1.7845,3.5464103
0.0,3.1763127
0.259034,4.1645327
0.0,4.3397865
0.614049,5.799378
0.0396249,0.7235122
18.2498,31.973118
7.14585,5.011363
6.04453,4.6326485
0.0,3.8471642
0.0,3.7613285
38.0254,29.965773
13.7272,31.47283
0.144784,2.697658
0.143909,6.935112
11.6074,21.134909
2.56798,5.062965
2.93529,4.375051
19.3196,11.890492
0.0,4.6464624
0.0,-0.6289389
2.15402,3.1936936
26.4945,13.46642
14.2366,11.017525
0.473211,3.7612185
0.0159735,3.8999333
0.0,1.554733
0.033392,1.4669784
0.0,8.416613
15.1532,10.076083
9.4149,10.778769
0.0199938,0.47757244
90.9355,68.15404
9.21049,7.621687
56.992,42.803177
0.0,3.7510629
1.81632,17.697628
0.0,3.3762655
30.3886,26.770464
7.62417,8.819642
0.0,1.4899943
0.695969,6.201824
0.076132,20.679026
19.3196,20.118536
19.6733,10.936392
24.6299,13.419908
0.0,3.9126604
6.54425,5.1299677
0.0,5.791221
31.2163,9.272961
6.05792,9.63694
2.90269,3.7179327
10.8169,5.9004602
13.8575,25.211483
19.3857,28.559288
31.889,22.567003
16.651,8.591726
7.88359,7.164708
15.4888,7.492921
36.9073,39.088913
22.6518,10.464613
0.0,2.34546
0.127013,4.8341713
0.0,4.2801304
128.763,105.349014
0.423962,4.9408426
1.2448,3.752585
0.167075,3.7382884
0.0174459,5.200076
0.301423,7.8186636
88.227,85.233185
0.0,4.374477
8.36759,13.344574
0.0194222,4.36258
88.0783,63.229637
0.0,4.8288307
0.0104634,3.7639098
0.0776316,3.1510258
96.6188,59.220577
0.0,5.4872484
0.0,4.829672
0.0,2.0548072
16.9595,14.375231
9.91896,6.447754
0.0,1.8931863
42.5577,32.61891
2.92734,-0.719527
4.14783,4.2139864
13.1679,12.44004
7.0301,12.464407
0.339197,5.330013
1.85125,15.708262
9.91484,7.7415
0.0610322,2.3800898
17.6053,8.884813
9.18426,6.3299074
6.02159,4.701418
0.0,3.5495162
0.0,2.7797384
0.302278,3.3303976
6.17503,8.028559
0.0,4.7963066
0.228483,1.3082622
0.133885,3.65298
8.73149,14.267144
0.00973858,3.5240998
14.4733,12.011921
0.0,6.7301235
207.566,113.612114
0.13219,4.814082
21.4696,29.202068
0.0,2.5654655
12.3578,15.15206
0.0,4.0658436
10.0698,1.7352116
8.56211,8.6792
9.37829,11.73245
0.00874122,4.3661547
0.873881,9.280496
0.0,6.075677
0.0,57.246372
0.0,10.524494
159.491,184.81241
0.0572617,5.078618
0.0,5.616892
27.6502,10.012938
0.0,2.8954506
0.0484491,3.1818023
12.2933,9.278397
1.69555,7.4062777
4.90947,12.214267
19.3196,27.539936
35.7241,33.08362
6.04453,5.2099867
28.1427,28.877668
0.0,3.4837418
0.058586,2.089469
8.54713,12.464382
4.22201,3.5750527
61.3507,69.72832
0.0,4.1551175
0.0,7.899435
0.818625,8.634928
2.90855,4.5403504
0.010561,5.79452
1.08685,6.230439
47.3354,31.971935
0.0,4.191718
5.65542,4.3916245
4.3151,3.3316634
32.2663,31.55567
12.3578,8.075515
0.380248,3.672719
97.9946,90.36584
19.633,13.51325
1.00014,7.4326954
0.0,5.7595253
1.21365,8.724759
14.4787,18.305048
0.0171549,5.176689
13.6702,11.249335
0.387361,9.015543
0.0456034,7.764821
0.0947648,7.656494
7.17645,10.886316
6.43666,3.9251845
3.08665,8.843795
233.507,123.41707
0.0775661,10.567459
4.66285,5.0633307
0.0346423,6.323807
0.0,4.2954035
0.208046,2.01231
0.0,3.6801558
21.3463,31.589672
1.47888,12.548679
0.0,4.160965
0.0757449,6.8297157
14.747,6.825139
1.13347,3.237846
0.0,3.662446
0.00503254,3.3685415
0.0,6.3418264
9.91076,9.709745
0.0,3.3258746
3.42381,5.1193476
2.30087,26.562958
0.0,3.9122055
31.6466,25.400969
0.0,3.8497648
0.0431546,5.304553
0.0,6.8380938
11.4008,10.955608
6.41431,11.910013
6.32027,15.084731
71.0243,60.796238
1.16659,11.980201
0.124384,5.506791
0.0350043,5.6617537
0.127043,5.4248705
0.0,4.6238422
3731.54,68.579605
4.252,9.310648
0.0,5.1435475
19.4241,8.198482
25.8992,54.47607
22.4149,22.31342
0.0,4.6926823
38.7644,23.40518
37.887,26.84963
0.571642,2.5967076
0.0,3.4223223
0.0303929,1.691616
0.0,4.5392714
0.0,1.439447
35.9308,24.502047
12.3357,7.8729258
16.01,12.471522
7.98251,11.974787
0.0,9.198195
0.0,6.9111166
139.129,211.97736
0.0,4.841358
0.0,8.912417
0.0,5.123845
0.0,4.2163715
0.0,2.2255325
29.0844,36.721443
0.0,4.9928484
2.7244,-0.9249394
11.6114,7.3567324
0.0222586,2.3551283
0.0,2.310856
0.0109604,4.670971
0.0,4.5210195
4.27124,4.91222
13.6658,11.468254
0.0318162,6.184544
0.051393,9.990041
0.0501312,4.0114517
0.113574,5.827216
89.6832,90.54116
0.0,5.525363
0.0,5.1637154
0.0,4.743701
0.0911023,3.1569595
0.0,7.0831585
2.56689,5.0485506
18.2872,15.756345
74.3385,54.58207
0.0,9.576361
0.0,4.2938814
0.922114,3.2683425
2.29405,3.7537446
106.185,137.56667
0.0,2.7329226
20.2579,26.94674
18.0724,20.185625
0.0,10.936281
5.86486,9.257853
27.6481,31.836174
55.6201,32.12866
52.2404,36.694614
56.6049,46.235504
0.0,4.2771177
0.0995542,3.8319983
226.209,316.14523
0.0,6.2045145
2.79726,4.1142874
1.18369,2.8211715
0.639668,4.193098
0.0,2.612727
7.03849,9.348523
0.0,4.449794
2.47586,4.4603786
27.6481,30.768064
9.51941,11.556065
0.0,2.1339614
0.18013,5.8987675
86.4956,97.295105
1.76909,2.738102
16.963,18.563364
0.0,4.229429
0.152421,5.335722
110.851,94.709496
0.0,3.8364706
0.102821,11.812526
7.75693,9.932011
1.35988,3.4490647
0.0422045,4.97935
7.28674,6.0554934
0.0,2.601707
0.0789655,5.41393
11.7377,8.645483
15.7275,15.362415
7.48506,10.486928
0.0,4.5076737
0.0,29.71442
67.7821,81.148575
4.09223,5.3393764
14.1253,10.03352
0.0797178,4.023493
0.0171162,3.4596617
0.0,1.8889451
0.0,1.9283868
0.0416894,1.8085759
0.0,3.6373124
0.0,5.429661
5.62209,7.5209208
31.9675,10.779245
1672.53,747.9113
7.5882,3.9781542
0.0,3.4760895
0.0,6.3632393
8.48658,5.4371843
0.0183421,2.5586617
0.133934,4.2100363
185.622,6.0091505
0.0,4.823841
0.699279,10.513256
0.188263,6.595851
0.0,4.351397
0.0,4.151951
0.0,6.622858
0.0324082,5.899646
17.2617,14.460354
0.556268,1.8623192
0.0,5.808041
0.0,3.3949428
1.16659,15.396282
0.0,4.8049755
0.0,2.7394817
5.31905,3.8933172
0.0143878,4.3136744
5.57721,6.7550516
0.0,9.059893
10.1873,14.087024
0.54429,48.122295
0.265696,5.6178837
0.0,6.485277
6.66568,13.690474
0.0755083,4.5841446
11.144,10.479968
6.58066,6.3025646
4.28139,7.3952675
0.0,4.795384
0.0,-4.2461596
2.08579,5.7258635
3.70573,2.8553853
56.1216,36.462486
1.16447,5.280051
8.64151,4.2107687
0.0,5.3860197
0.643,3.5490637
7.20437,6.341875
6.64903,8.584089
0.0,2.9693496
65.7132,73.50743
0.0,5.505107
4.33664,2.7330875
3.79386,7.617303
0.0603654,5.5424614
1.97158,6.2024717
0.0,3.3381538
0.0,5.8889446
0.0,6.519313
2.32633,4.2885275
0.0,-0.3836391
44.0347,47.07949
4.53626,10.727867
0.0,5.4293385
67.7821,43.805305
19.5475,24.789616
0.0,2.3938441
0.0,4.870186
0.0,2.2470548
3.84675,3.297069
16.7526,10.656748
0.0573931,5.0236263
2.76298,4.955156
0.0,6.1690035
12.3122,17.339731
0.0563849,5.3101926
13.2992,5.872218
0.0,7.2072735
8.84736,5.3002143
0.0,4.593854
38.9082,47.710495
0.0,3.88941
9.31878,11.0670805
0.0,3.0336382
0.205817,25.786488
0.0252895,3.1353157
0.0,4.6661997
6.93894,12.504984
34.7652,17.604925
0.0840751,3.5063257
14.7694,13.579238
85.6316,56.942684
0.0626873,6.1039844
68.9289,48.132473
169.985,110.659004
0.0,5.8953133
0.0,6.063117
6.87894,4.5442247
0.0,3.6984358
26.9829,18.183609
5.73164,6.1321344
1.93666,5.505615
0.511178,8.423557
11.0919,11.938503
25.5172,17.16632
0.559344,11.24123
654.473,130.9219
9.68664,7.0651712
41.5651,43.381905
2.62025,4.160457
0.0,1.7987311
0.0589175,4.0090938
68.9289,71.91448
84.5029,121.53702
0.0199938,10.321582
1374.42,446.7906
0.0,7.1754837
0.0,7.0843363
0.0,3.9542804
0.778633,7.3088217
0.276195,4.6021833
0.0,2.8807616
0.0,5.081247
4.82554,6.1445055
12.7252,14.548282
0.0,3.5788407
0.0797178,6.496422
21.9001,29.135778
0.0734416,2.7136245
0.0,5.854497
2.0112,44.136093
14.4278,22.009218
7.93361,7.2289534
11.9314,11.738224
0.0,4.8552217
7.95817,6.467641
0.0298017,7.3508024
0.0,6.9065104
0.0,3.8904629
31.889,19.828712
1.26475,3.8457603
15.893,9.83943
0.0,8.035261
2.87811,3.4928906
30.2065,36.31944
0.0359843,7.7254725
12.3842,11.913514
0.0265144,1.238177
0.0,7.449991
0.0,5.606263
0.0,2.533063
78.1824,74.046196
0.0,5.8281145
162.718,47.05328
0.0,147.2108
7.37312,6.736046
6.44702,9.263066
0.797986,5.0997972
390.418,216.92009
8.72667,12.772711
1.67192,4.96754
0.0147185,5.600063
8.35015,5.953825
0.0,5.487484
0.0995542,4.94534
0.0,6.2177067
12.5479,8.805669
5.00993,4.3756237
6.41431,6.6668615
9.57138,3.4186494
0.835289,8.582586
70.9837,69.636086
4.41998,3.8960834
3.66676,4.8695664
9.68664,15.440421
3.60053,3.0287683
0.0,6.979225
0.0,4.48732
8.44341,3.2958467
0.115261,12.735241
0.0159444,3.06101
0.0,-0.64031386
7.96072,6.547556
0.0466057,5.6438055
0.0,1.1446369
4.252,3.8644257
0.0,5.9586906
0.0,6.0103045
0.0,5.941554
26.1206,13.874692
2.15413,3.2738032
0.111391,1.8965237
14.7008,9.780009
5.78663,4.3827705
0.0,1.9565196
30.6925,43.44034
6.39448,6.072501
0.03749,2.7105713
0.0,5.937277
0.38795,1.1319754
16.652,4.7211266
13.5086,13.286133
93.6522,72.84946
30.2157,47.636215
0.177232,5.62986
0.115769,3.646231
0.0,5.768428
0.736154,3.66965
37.2924,39.16509
17.2999,12.419117
0.387816,5.8420916
30.6925,13.173171
0.0,3.4859304
5.6552,5.9356213
2.738,4.2858963
119.708,51.324398
0.0,3.4157634
11.1983,30.095644
0.45884,3.3373103
0.0,7.265959
0.0,2.802177
0.0,1.8546877
0.0,4.418377
5.06259,1.2731092
0.0972054,9.025853
0.00353253,3.833311
0.0,4.4049478
0.730022,10.328363
19.6435,23.279736
0.214784,7.305954
8.36759,9.357815
21.0896,30.28758
0.0806617,3.9963298
0.102832,4.8149705
5.07773,4.6383834
30.6925,23.967907
6.35224,13.821615
0.0,5.72489
12.9993,10.751985
8.42896,6.112198
22.6518,6.805808
88.2999,132.23291
3.30022,6.610407
163.165,123.60953
59.4852,53.430935
0.882688,5.121683
0.059734,8.880413
21.4574,20.8768
3.02215,5.9171357
0.0244684,1.1903387
8.57879,26.451824
0.0,2.049696
0.0,4.0830836
7.93361,3.9531806
23.9091,10.844764
21.2436,15.7202215
0.552373,22.469704
3.75554,5.3177853
3.84675,2.3718333
0.0161967,3.9315858
0.0657912,3.2527819
0.0,6.944661
5.33864,4.7094774
12.2876,9.292319
0.0,4.857617
28.7756,23.652853
0.0,2.4511378
69.8285,11.542247
19.9248,7.356676
0.0,4.283205
0.0,5.8112116
2.26965,2.8900986
0.128219,22.645132
0.0129563,2.8548667
0.0,4.2166333
5.59409,5.2998943
39.8079,44.87643
16.0374,12.67233
4.56516,13.250432
2.36926,15.581671
4.70465,-1.7955539
77.0235,67.12054
5.60448,10.924073
7.72727,5.9823112
76.7571,116.16825
3.68977,4.6671324
0.628994,5.9557695
36.8578,24.106445
0.301895,4.219863
0.0,2.6140807
0.242017,5.615393
19.4241,12.371515
12.9406,16.130417
35.0216,27.120153
0.265995,3.6012805
0.906209,7.152978
0.0198202,11.32447
8.30396,6.996358
0.0,3.9160738
6.93717,3.7597713
0.0,4.2110014
0.53919,6.517105
0.388057,8.41422
0.0,5.278723
64.6435,133.31117
0.0,9.453737
0.00805205,3.0362997
36.9143,26.249136
21.6066,23.556833
0.0568757,3.6935604
0.684311,3.8723042
231.91,321.17072
2.32627,4.854106
0.0,4.601407
3.80485,3.818941
0.0281296,3.1962426
4.1897,7.2581205
0.0,3.3385694
4.52996,12.561777
0.110217,7.0600395
5.27679,4.9279327
3.62445,3.6564732
21.1112,11.772177
35.0216,56.507244
16.651,11.381397
0.0,9.69595
0.0,4.293642
3.20294,5.556518
0.0,6.9551725
0.126268,1.3035737
65.8736,50.89537
0.910897,5.083014
1.08108,4.6105404
0.00736899,3.1518233
5.72192,3.734726
0.079933,501.97025
699.207,788.2359
23.569,19.710125
22.9447,24.868078
16.2593,24.85415
0.0,5.192794
192.728,162.16063
0.0,7.635975
9.63148,11.480774
0.0,6.2860413
0.0304159,33.529167
0.0494545,2.7113862
0.0,5.1833096
0.456055,5.8037653
24.7117,24.623009
11.8397,15.351908
0.0393917,3.919497
0.0541491,6.209421
11.8606,14.690977
0.03872,4.7952337
13.4477,7.911701
0.571642,7.07345
0.0,7.197526
0.0,0.19567585
2.64364,7.189252
74.3385,125.288895
0.873668,3.791918
12.3079,13.942169
0.0,17.809027
0.908909,25.495049
0.0,26.468653
3.66676,5.750728
0.0367926,31.318249
0.0,2.995263
9.59899,10.324061
0.0,3.6347275
65.7132,51.61482
10.7675,6.1899586
3.70459,4.9449487
0.0,3.0724998
1.00717,3.7753828
0.0,6.6782494
22.2234,9.97662
138.822,94.41756
0.0,5.2291713
5.57964,8.355697
14.3224,17.41714
0.0,4.2271748
45.9377,33.830647
1.33039,4.3453884
0.0699702,14.187217
27.79,5.302724
0.110945,7.5683346
96.5523,85.332184
0.0,3.4757328
0.0,7.007804
4.0341,7.5311775
0.0,5.7008276
22.0206,24.047684
16.652,7.677643
0.0,2.9261127
2.88541,6.71078
0.191738,6.706562
0.19907,13.859311
3.31658,3.4745436
0.0263327,9.063403
0.0210097,4.6790404
0.0621603,3.3170373
26.1965,39.42685
8.06367,7.2444286
0.0,6.0546665
0.0104634,2.6933324
18.2872,5.736701
6.22829,20.74512
0.0978433,4.0418525
3.84675,3.2344167
0.0,3.899387
86.786,91.08614
0.0,4.647007
51.2022,37.329224
16.2207,161.15117
37.5751,22.531319
10.6178,10.997988
7.18879,3.9895618
3.80485,5.3460646
18.7444,16.07784
0.0,-0.097378016
0.334677,6.031601
0.0758396,5.0688534
0.0,8.788587
0.0,11.141605
0.0,3.3524628
0.726586,8.346625
0.0362784,4.590493
0.432429,4.30505
0.0,3.619677
220.719,174.88199
0.0,4.303349
0.0244278,3.3026872
0.0,8.920332
0.0,7.311347
0.0,1.2657245
0.0,4.4678917
0.0879026,2.9165978
0.0,1.5040054
0.603987,5.326953
0.38795,9.011121
0.0,5.101095
1.51978,4.5154
1.24448,3.0533302
0.775053,4.654563
0.0624081,3.179267
6.3236,0.97206056
0.0,4.6317635
66.0095,18.51615
12.3578,9.053504
0.0,5.0923157
0.0,4.0112834
16.1426,21.483938
19.7884,29.328629
14.8687,16.254345
0.95049,5.501565
0.0,3.9365115
0.0,0.4872167
16.651,26.892542
0.233734,7.227545
0.128932,5.2235174
8.4425,5.581249
0.0,3.8884363
0.0,6.0700693
0.210362,-2.7554638
60.3717,64.09932
0.271501,9.518518
0.0,2.769465
33.0979,23.950283
2.29405,2.5903888
0.0,6.2863355
0.0362784,3.316668
9.22554,5.9306555
0.588017,4.945775
23.0417,16.365824
23.6372,22.652122
0.0,3.9204307
0.224358,9.442566
16.4448,12.384462
12.9352,11.092789
194.673,160.82848
16.5429,14.138401
4.6505,5.575115
7.89165,5.299781
22.2086,40.848866
0.0930992,4.798176
0.0327252,2.0850987
0.0,5.59337
0.0,5.03473
0.0,3.4833965
0.0916769,1.2563384
2.34971,4.946928
8.8373,6.3319488
0.795791,10.242059
0.0,1.8258202
13.9196,15.644875
0.205377,4.384777
14.3441,9.679536
2.70478,5.0177054
0.468849,14.900948
17.383,15.408047
22.4149,15.909453
41.4786,34.687435
143.433,160.3436
0.0,6.4877815
0.0,3.4197104
2117.69,1820.283
0.632674,3.6534193
0.0,-0.29885864
1.61215,1.209712
4.08251,5.5380745
0.0,5.324501
2.05754,21.484833
1.27604,3.656098
93.6125,87.06428
1.39755,3.6906366
0.0892583,3.8120236
2.91906,26.820915
0.0,4.054711
21.5036,16.767939
2.26045,3.8586497
0.0,0.92091286
0.0,4.1682806
0.995311,1.1382676
0.0932878,3.3609693
0.674769,9.662056
0.0927253,6.987832
0.0,4.5353155
0.106071,4.0058045
0.0,4.2592063
14.4625,11.541027
0.0377064,1.9157702
5.34906,2.5932624
0.0950896,10.758139
1.32143,5.572136
8.41591,14.140119
12.9993,9.136616
18.8462,18.841213
0.0,4.0726714
0.0,6.988907
23.8569,35.957367
76.7176,99.160866
0.528339,5.521123
0.0,4.7999578
9.8197,8.543526
0.395147,4.565798
15.4771,28.24496
0.0,4.488495
0.0,4.5530396
11.7618,8.477505
0.149905,7.1295557
0.707836,140.15277
0.0,3.3798945
0.112467,5.6248016
3.71542,3.552092
0.0805311,0.34371018
0.10036,7.071478
54.8317,19.794573
1.99982,2.250759
0.0,4.3183985
0.099321,12.245761
1.48456e-06,1.6866467
19.1489,28.947798
0.0,8.616246
0.0,12.610293
0.030325,4.5213156
53.2938,76.105804
3.31365,6.0248284
9.68664,5.30726
15.6758,21.219841
0.0,5.7673054
0.0,4.1365156
0.0,2.0991266
0.0174459,6.467845
46.2607,33.64296
0.196923,7.894023
66.0095,35.128315
0.0424016,3.5248013
0.0581922,3.1462505
2.6135,5.9638033
0.0,4.6019926
0.00692932,2.1455986
219.099,98.32627
41.4786,40.46486
0.0031855,7.092387
0.0,4.4285307
60.2629,106.92607
3.62923,11.264335
53.5033,34.537758
1.77718,4.34233
91.3848,89.14871
0.503129,7.605856
2.4618,4.230752
1.72868,5.4025545
38.2069,14.608583
0.0768543,6.6417017
115.609,24.113684
0.154268,5.632576
22.6392,28.042088
9.31878,8.676117
0.0,3.1861396
9.91484,4.9325166
0.0,3.2249074
66.0095,48.58285
2.42329,6.563244
0.265004,1.7115507
23.7563,5.790282
25.1973,34.183426
0.0,7.8898983
0.622454,4.3126144
0.0,3.6201797
4.6034,9.055385
0.0,3.66831
0.0219642,3.683366
3.42946,7.9195614
32.1457,37.010017
11.754,73.82106
12.4505,11.419324
2.6129,9.882518
0.0,5.5994415
13.6716,27.96267
0.0,3.46642
0.0,6.1890736
9.64754,13.187831
10.919,7.5034685
0.0751717,5.598181
0.0852943,10.093347
0.0217999,6.5052176
120.835,105.91214
0.0,1.7703848
0.0224096,3.77215
0.095025,2.3173292
31.6466,38.45897
0.0,3.7676973
53.3411,20.730177
0.052786,4.749117
23.7592,20.867739
3.20294,8.807683
5.64259,4.8773165
0.530209,8.954891
13.2992,11.83504
0.0,3.619499
0.0,7.390398
0.0,4.80509
0.0,15.423368
0.184332,1.3041382
0.0,2.798171
0.0,5.050237
19.6877,29.224953
3.62445,2.6509547
4.50449,4.991168
2.64364,9.301167
0.0,5.0856867
5.39411,11.499515
15.6812,15.703538
14.2189,14.634349
0.0,3.8414955
10.1833,6.7104387
5.20518,4.3235965
5.31336,6.521632
2.97868,6.2836905
8.98122,4.849886
0.0,4.8132567
0.0,9.726069
0.0,3.956049
0.0,3.8307848
0.0,3.961132
1.45222,6.7400494
24.0464,20.218277
15.4143,7.9893637
0.0221842,6.4486322
0.0,3.722007
0.0,2.3291664
0.522738,2.111328
0.0251241,6.2666616
0.0,3.571324
68.9289,51.21375
23.5343,12.689572
0.0,10.655335
0.0436978,8.054224
21.8505,25.64292
33.0915,17.325047
0.0,9.494587
0.0,1.4641054
0.0,-0.27507973
0.73912,5.281706
38.0254,16.599089
0.0,3.9186425
0.0,4.6085277
15.5078,11.843736
14.4521,4.795724
0.0,5.406103
0.0789583,4.174662
0.0,3.0867891
0.0408579,4.4418955
0.0,5.256274
0.0147185,5.5204487
9.86318,12.023466
0.0,3.5824237
2.87896,11.538875
21.8505,14.193239
3.25462,3.1474469
0.133885,4.747898
5.80644,6.7356787
12.3842,6.7026463
0.0355872,0.59072876
14.797,23.668491
0.0,5.984627
0.0462628,1.3932933
0.0,3.1478326
0.111466,6.8582897
0.0179306,4.769227
0.0,4.2102923
0.0,1.1488849
0.0,6.738448
3.93496,6.0981255
20.9569,42.582493
0.0319036,6.3337317
0.700818,7.26982
0.410718,4.0677376
22.852,23.266432
0.0240531,4.87562
8.13453,8.945809
6.69117,11.042863
36.891,9.900233
0.534861,7.5176992
0.0,73.04961
0.0,0.40277243
0.0257964,3.5666773
0.056775,-0.5813029
0.146754,3.8403375
0.930334,8.177598
0.0,3.3528256
32.727,9.215003
0.0,6.8575916
0.0,165.3966
3.32396,3.6850553
0.0570174,4.540063
0.0,2.7679229
0.0,4.905178
0.0,3.0482354
0.00874122,3.5221498
20.3765,1.324147
1.52524,4.459163
0.0,4.984085
45.9039,45.557293
4.30202,5.004665
0.459812,8.327422
1.18369,3.3818505
10.8713,9.0180235
0.0,4.313104
2.3316,12.522022
0.0498608,5.0062747
1.48575,4.61862
6.41804,49.77741
0.02025,4.798005
7.68164,8.024844
0.0,5.193037
4.23574,6.252984
5.67526,4.909376
2.7029,4.747279
24.6113,20.377308
784.004,629.6646
0.112592,-0.60695124
5.67805,7.386299
21.6066,22.950745
0.0,4.7697325
7.05002,6.7040253
0.129086,3.3995929
0.0259796,3.6953459
5.22933,6.6440268
5.39411,3.2974176
0.012716,5.8604364
5.75467,5.1348243
0.0,5.8294773
36.1562,25.422373
0.0,7.9975815
49.4155,20.726105
10.8319,36.459457
0.0324436,3.4579532
2.97333,4.890362
53.9364,36.226707
8.18249,15.198822
2.56313,4.046863
0.772914,3.064871
0.119957,2.7953
24.8391,17.214512
0.0,2.197957
1.99981,7.477911
0.0115695,5.306353
26.9925,58.73956
1.97282,4.2435985
4.8694,6.69333
11.6114,4.5637665
0.0105662,3.308307
18.8462,14.245793
0.645114,4.945715
0.0640644,2.3342438
0.0,6.4394426
68.9289,48.74319
4.47577,10.331685
0.15862,6.211537
0.0,2.8930688
0.048364,3.5533903
0.0,1.6903036
0.0,2.6187136
0.0,3.9186993
21.4822,9.759754
4.9666,6.3849907
22.2012,10.619523
0.0,1.0455571
7.70401,8.5733795
0.472636,1.6817657
0.0212548,3.581456
21.2036,11.698986
4.94766,6.0414686
1.19608,4.664613
1.84481,3.198735
30.2599,37.292816
233.507,98.984505
74.3385,81.253654
0.0,4.680866
18.758,10.696952
8.98008,7.2074223
0.525407,4.1338377
27.766,2.2483532
13.3042,5.200903
0.0210097,3.3261492
6.33957,7.8387947
1.69762,3.262847
0.0504842,6.7923317
6.86187e-06,2.918909
6.28008,4.914276
0.128219,13.563886
24.8424,28.613234
0.0,10.165121
0.0,5.535561
0.0,2.9318895
0.0,3.7436225
0.0,4.249793
0.233686,16.39306
6.32027,2.7359798
2.1598,8.281021
15.2282,20.274302
69.8285,17.113882
0.0,5.862458
1.11255,2.4297233
42.2534,27.243406
0.127514,4.434927
11.6114,7.5704927
0.0,5.5764904
4.55354,4.411289
0.0,2.0684154
1.26475,8.744514
9.09462,11.280267
0.125719,1.8825035
3.62445,-2.060641
0.229059,7.5396967
0.0,3.5688443
13.5865,9.863512
6.83028,5.5944347
1.12193,4.7895107
20.8289,19.548838
16.6398,2.9105887
0.0,8.755119
63.6629,70.664986
0.0,3.3136246
11.2925,17.04699
0.0,9.819617
1.52816,3.8576775
0.0,4.6542826
25.6865,15.779911
12.4457,6.7738905
5.74481,6.393037
0.058586,4.454159
0.0,4.593541
5.54419,4.947109
0.492848,18.317142
7.96072,6.9954414
0.0,4.3115997
0.0,7.3092213
0.0,5.166382
0.123341,4.1738977
0.0,7.056656
0.0,4.080508
19.7392,12.746254
5.57964,6.2431784
5.75256,5.8178277
17.4142,20.09951
50.567,31.705765
0.120171,4.859227
16.961,15.166134
0.0,1.9934468
0.0,4.54941
8.61474,44.082138
0.0145622,2.9391663
24.9386,10.646272
0.0,3.9976277
604.396,458.1412
11.7182,5.7164893
143.433,89.92357
16.325,16.713213
34.3872,15.434201
5.57925,5.6238613
0.0,3.107808
0.0203489,3.1581728
65.702,51.87249
0.0,4.425747
22.4628,2.5098307
12.5119,14.07102
0.0,2.5244389
0.0272644,4.180231
16.4448,11.485993
5.18211,4.801139
23.5343,6.5131683
3.02366,1.5695025
0.778044,3.8875878
5.02841,6.192397
0.0,4.892641
4.16915,106.94396
20.1384,9.212469
0.722886,2.323959
8.8373,3.3486047
0.242017,2.9634252
71.1736,57.69038
11.3807,10.054848
2.74096,5.9123774
18.1553,7.5193787
0.0,3.9281616
0.196991,-2.2961538
63.6629,70.28003
0.350174,9.140729
9.93582,8.298808
220.719,140.3959
22.9901,17.282238
0.608552,16.22029
10.4076,5.1301155
3.74162,5.4095354
0.0,4.4645796
14.6556,7.2350426
19.2125,7.249407
30.6925,38.779873
0.140937,7.456767
148.512,243.00108
0.0,3.1134748
68.9289,35.153046
0.0234363,5.083423
15.262,6.333125
0.45884,3.7156644
11.5065,8.181248
52.2404,50.24978
13.4342,16.959152
17.243,3.7196724
3.62445,4.605798
0.0454418,9.461465
30.5715,10.493753
3.4099,6.683443
5.4348,6.794256
0.02025,4.422611
0.0465395,28.876213
4.21751,9.872229
0.0,7.709607
0.224348,3.7875123
0.0,3.9303584
0.0146036,4.2345505
3.32649,5.3797693
0.0,8.901031
38.4467,32.913513
30.4107,26.92498
0.0,6.459259
0.0,4.045327
0.0,4.03819
211.163,147.41423
0.243125,6.2551537
18.1432,38.60554
0.346404,9.979376
0.0,5.2651815
0.0,3.9276264
0.0,5.2728686
0.0,3.4336135
18.9464,14.939064
0.354003,4.534283
0.0,9.830793
0.00612407,5.6464977
0.0,-0.46942782
0.0115695,3.2249196
93.0804,74.24874
0.0,4.1749983
0.668523,3.9255257
25.3389,18.4061
3.20272,3.0955343
7.45069,9.32918
0.0961623,7.8576574
42.5577,51.526924
0.0126721,3.7329524
0.0,5.0498304
0.0,5.5049376
4.95834,4.7349896
5.83212,11.112369
47.4039,42.044575
12.3571,7.275464
2.57335,8.42429
5.48977,6.475528
34.199,16.81163
0.0,4.787428
7.16273,5.891057
31.1151,46.894238
4.29872,17.719126
7.93361,8.045331
0.0,7.0726757
15.2282,19.61883
0.839133,3.8762336
48.6134,4.1537127
4.26189,6.9765663
1.00717,4.35776
2.09327,3.981083
3.42016,6.217
0.0,7.098216
24.5695,8.996197
7.68314,6.9351273
0.0,5.8430977
0.0,2.8835344
2.59898,4.1706944
176.437,209.09499
0.172067,6.242304
0.0,5.6783476
0.530209,3.2180498
0.0158332,6.104107
4.75915,7.877371
2.0112,42.602184
0.0,8.878092
31.889,35.6925
8.41591,9.825822
0.0899775,6.7923193
5.59409,6.5753593
21.6066,19.368654
0.144784,5.01542
120.835,98.89001
1.49569,8.388903
0.0,4.7393103
13.0092,2.7749517
0.0,2.6332037
34.9534,3.3122225
0.0,4.484123
0.0911935,1.943239
18.2872,9.24002
1.72625,15.398281
0.0,2.416427
0.0,5.997564
4.12461,5.454277
7.58468,7.6014185
803.796,432.99704
255.378,113.07176
0.0,2.9873219
6.14369,9.377693
9.95179,15.004794
0.0939695,7.039939
0.0,5.4985876
21.4343,12.08873
40.1683,26.965378
0.0,3.676302
12.7752,14.4748
11.5717,21.35559
20.3765,8.917921
0.0,2.4973168
0.0,3.9956965
0.0,7.7400923
0.0,4.597175
342.867,345.64673
0.37456,9.483247
2.72421,4.2828107
0.74506,4.2975936
1.81734,5.603018
0.0,4.6704845
0.0703373,3.0295334
0.449778,4.5124807
1.93666,3.945992
4.0899,3.1951647
27.5158,11.8260765
0.0,4.0773067
0.0986464,2.0421064
6.51382,5.6448555
0.0377064,2.6229713
11.9631,10.283474
0.010561,5.7311635
0.0,3.2982585
30.7972,13.010534
0.0327177,6.2923956
57.891,54.337265
1.05183,2.74273
241.021,99.92537
0.0126944,3.928863
15.4758,25.752577
0.160502,5.2225766
0.364178,4.090783
4.11609,8.407501
8.20827,18.348892
21.8505,23.087564
0.0,4.667784
2.15402,1.9264405
0.164682,5.3472166
0.0,2.4889715
0.0,4.9319277
0.0,4.7546105
0.0,2.0720623
2.32215,24.842108
10.1657,17.16746
0.138812,5.1077123
0.32105,4.6738024
0.051393,4.4373026
135.592,4.1218576
0.00457431,3.3789072
8.74772,8.552307
17.9505,19.591963
0.0,2.3744075
0.0,2.3935642
0.0,4.686054
0.0,4.0857573
0.0,3.6195824
0.425769,3.1783814
0.251964,2.2752821
0.0,3.944555
54.8596,31.8747
9.4149,7.8010426
34.5456,22.79364
0.0,4.093278
0.0,5.893571
1.50108,6.060051
1.40205,3.1146262
0.0,3.9899068
17.6053,20.732038
0.0,4.205206
43.6408,18.860035
3.80485,4.9134197
0.0,17.874945
28.3986,38.374283
73.4655,80.97533
11.3911,20.561209
0.0,6.030403
0.0,12.511353
2.66615,4.8590317
41.1944,35.609657
0.0,13.657846
16.8592,8.130811
0.0,8.299318
0.0,5.2642307
6.57803,6.2527018
21.5036,10.36785
8.74577,4.5079694
53.3411,14.540449
5.67805,5.360668
126.38,24.731476
0.0,0.46263754
76.9977,76.106316
17.0709,13.938024
0.0265756,4.7722454
0.0,2.4288294
0.097461,4.3451557
2.38675,4.7278748
0.286364,2.6339247
2.08647,5.0387726
11.9358,9.314773
0.406895,5.2418423
0.0,-2.1369364
0.0,5.517603
10.8567,9.464063
1.35218,4.4911675
0.0235549,5.135248
3.74162,6.2459745
12.5304,9.37343
11.684,11.562078
0.0,2.5131142
0.0,4.6470547
2.71852,8.980433
0.0419589,8.138614
0.491604,5.3867674
16.1532,7.114168
0.0471679,4.561866
0.0118156,5.163053
51.9438,56.00307
0.0744665,3.8332922
204.063,180.79486
131.913,42.96146
0.0,6.665862
0.044806,3.531492
7.29843,8.823998
0.0,4.3009067
0.0533345,5.3385105
17.5005,8.572628
0.0,1.4127629
4.47134,5.7006965
6.83092,7.2394314
13.0285,5.7830873
28.003,30.32118
2.73699,6.0287848
19.787,13.791713
1.8046,5.329949
0.0,6.561159
6.84802,6.326275
1.2981,3.8225698
0.0,4.431737
9.26742,8.644136
6.71538,13.541731
0.0,5.8546467
0.0,4.0283527
0.0,0.87808466
0.082366,5.156605
0.0,3.0700762
5.69682,9.992104
0.0,4.7692103
14.3642,17.306578
0.0,5.4945393
2.91784,4.111044
32.7782,26.14327
5.33753,12.308445
36.2545,26.60731
0.158467,9.342082
1.27604,4.836608
0.0298953,2.5560083
17.5005,12.334521
0.0,0.6840098
0.0211065,3.5051022
2.24531,3.9799685
1.81734,1.524385
1.20083,2.767623
3.4621,14.823292
8.61474,20.560316
18.5139,8.59645
6.04753,16.222965
0.0,3.8682942
3.17558,4.851535
9.38371,5.223503
1.06559,3.6581268
17.5749,17.208372
0.70454,3.6341927
0.0,11.169964
0.736154,5.4264593
0.0,8.02421
10.5207,3.6066246
0.0,5.046592
22.4149,12.134511
5.89798,9.587829
5.52068,5.3946095
0.0,6.1068153
0.0,11.042409
28.7554,40.96427
0.0,7.3924007
176.34,187.52304
0.0367926,58.31945
6.36209,7.743265
0.0,2.9895551
3.66676,5.774229
0.520391,9.1532345
0.0,6.6910515
18.2853,5.7706814
0.0,5.41219
0.0,2.6715136
6.0841,4.0683975
9.31878,8.694082
25.0729,35.095936
0.136184,5.602619
5.34971,10.686167
0.526179,4.977436
0.0135177,5.970273
0.0,-1.7291067
5.86462,7.880887
0.00808029,2.713052
11.1677,9.520761
1.55502,7.93606
75.4895,13.9726095
0.0,7.3733063
50.8997,24.233936
0.0261254,4.871595
0.309085,3.1324966
0.571642,3.1047444
9.25106,9.136967
74.6795,66.76619
0.0,8.496003
4.44642,7.9859133
22.4566,16.402203
13.2085,18.706335
0.0,4.423153
13.4782,4.8647704
0.083875,7.775195
0.0438842,4.2517905
1.84488,9.450887
0.0,5.563689
0.0,6.9528933
5.00721,4.5861683
5.81057,10.217965
0.0,4.6479626
0.0,6.3905134
0.0,5.4480853
2.36522,5.9586906
20.9896,7.1026316
0.0,5.668741
6.61661,13.730493
0.505088,82.16845
0.0,3.5480251
0.0429488,5.501546
0.0,5.131966
60.1482,51.007694
49.9266,34.447575
0.124658,5.176495
0.0,3.3128636
23.5057,19.779427
0.0,6.4726152
9.27328,10.978272
12.1408,-4.819109
0.0,3.1223388
0.183023,5.9338837
5.62854,9.409087
0.0633712,3.1314735
0.0,6.2657394
0.0120224,3.348698
0.0349655,8.064123
0.0,75.80106
8.52643,39.35209
0.0,4.011138
0.0898018,3.880355
0.0733279,7.804159
23.5057,18.884047
8.87697,9.561733
23.5057,17.672081
48.1856,55.891293
21.2297,9.833093
11.5204,5.898159
0.613162,3.117742
104.052,27.446072
6.1345,5.735156
0.0,5.074254
6.99984,6.5997877
1.17167,3.255268
8.58346,4.620742
9.4149,7.4390516
169.242,109.96382
0.0630775,5.305109
3.92962,4.776328
2.72421,4.277821
1.58275,5.9072657
0.0,8.405139
3.5795,1.2029259
17.4413,9.898563
0.193627,6.025705
7.96072,21.715986
0.0,4.18654
0.0,5.8392754
0.152745,5.5094633
3.80485,3.000934
1010.53,53.67213
0.0,3.8206513
33.4795,15.538448
94.7963,44.740707
3.2192,146.38797
22.7661,13.698203
0.0,8.391686
0.0,3.070603
0.0156715,9.028145
0.0,5.797426
24.7053,9.8589115
9.95179,8.2154455
29.0531,24.936855
6.58449,8.47164
7.32356,7.6814766
0.0413947,2.3832247
0.0,3.254315
0.0,3.2444088
0.687824,5.981141
0.0,4.940727
9.45008,11.008345
30.345,25.005524
0.0,6.4844427
0.0,3.2103329
13.1278,14.367551
30.323,42.01351
0.232573,1.7192034
4.5089,7.113533
0.0,3.352037
0.144784,1.2026509
0.3041,8.037023
6.11847,5.9418716
22.6272,24.727413
0.0733134,5.1311674
26.9829,35.83094
0.0,5.1843204
2.15317,4.165616
0.0,4.61067
36.9073,22.962376
6.41138,7.3767166
0.0,3.474594
0.0,5.552398
4.28139,4.797602
48.1875,64.84368
0.0,6.7365055
1.22285,3.7110603
13.2173,11.750632
35.6027,25.4365
1.61219,5.207969
0.44326,3.2057564
0.774944,3.1285524
4.25339,5.029608
1.82368,3.7810268
3.80485,4.2188005
7.13458,7.523864
9.4149,6.8854637
4.98572,3.9422777
0.139548,11.739417
1.50345,5.440366
0.0,5.1449213
32.2663,34.332623
4.01476,9.994213
11.2349,9.009704
0.051393,7.1959906
0.0,3.8284469
51.1107,17.234308
0.0354723,2.9750412
0.0,2.9657729
4.33664,6.621768
6.37074,7.519991
47.7532,44.388298
133.444,113.4009
3.02366,3.0160332
24.8285,19.929754
5.02273,4.7658815
0.0,4.2116227
11.1983,12.253639
0.40574,4.8563423
23.5049,10.214955
0.0,3.9411616
9.45517,6.6270456
0.317921,9.7556095
0.0,8.735255
0.775302,13.694532
0.0,3.294117
7.78391,11.852328
0.0,3.0160785
0.339008,4.0884075
2048.89,1225.59
5.34906,3.7225084
7.7561,14.928236
0.0,7.9233055
12.39,18.575481
0.0,4.9378004
0.32082,4.511572
0.0,6.7462397
0.256118,4.5581193
0.102512,11.049386
0.647028,35.154182
0.0899775,9.491553
13.2912,14.112475
33.0915,26.73358
0.0,2.7894092
0.571642,3.3855941
0.0,7.7666464
9.86318,9.629573
0.0,5.706516
0.0144449,3.6151385
0.234416,4.739079
0.0,5.0526457
4.85574,3.5339956
0.0,5.144295
0.0,3.9975975
23.5049,18.632803
0.0209403,4.091327
0.0818675,19.174458
6.33662,1.8251808
0.0,6.066535
0.30269,9.352567
3.74306,8.786269
0.535877,3.868516
61.3169,63.43466
0.0,1.3625535
10.8713,20.591974
2.2831,4.116686
2.30087,46.505978
6.32027,6.0057926
10.2115,11.289628
0.0,3.9196143
0.0,2.399257
13.3117,14.963238
10.6686,7.154248
21.9927,12.111325
1.20083,4.227913
0.0,4.410754
0.196308,8.4866295
0.0899891,3.9631732
4.8694,5.163268
5.78663,6.526988
0.284589,6.5046797
7.72727,6.198186
19.633,19.262363
0.0167524,5.9563
0.0,2.5924594
0.0,0.79918647
0.0737387,14.467981
0.108161,4.5485973
37.8396,36.03006
5.24351,28.589827
0.0,1.2714157
20.2579,18.077171
2.33532,5.014555
0.0,5.8370657
8.58138,17.89058
2.60487,6.6223087
1.99893,2.883205
45.6439,32.833893
0.0545806,-0.39845252
31.8959,17.480742
14.3642,10.896765
0.0,133.95573
0.0,4.149455
0.0211649,2.15517
0.0,3.2511208
6.36949,7.281625
0.0,4.4935637
127.128,45.198593
10.6178,13.104746
12.3382,12.30319
0.105015,4.1392665
0.165477,6.9177713
68.0121,79.83715
0.0217221,2.5374281
0.0,4.446898
68.9289,42.535892
21.6066,19.751652
0.240335,5.1595483
7.53909,13.384588
0.361293,4.9359326
0.0261254,3.5576866
113.662,103.22193
75.4154,28.954937
1.47888,3.6622658
3.02215,12.463134
0.226759,3.798467
16.0687,15.91224
0.181472,14.968287
0.0,3.682987
0.128932,6.2656655
0.0459248,8.903648
13.4342,9.681308
14.3782,21.445335
0.064029,3.8076668
0.0,2.3101885
2.05356,8.77564
17.9272,36.44281
0.0,3.9894574
1.54364,3.6259058
0.0971393,3.945755
5.64259,4.1748033
6.97012,5.7488446
4.22201,10.387224
0.210907,3.3758955
5.1809,5.4320126
0.0,5.0375357
0.0,4.3182235
0.248463,-0.008133411
8.85757,9.040212
9.31878,16.348362
0.301719,4.970606
0.0278073,9.179514
0.00874122,2.9184082
7.13458,10.007585
0.425769,4.341893
0.0,1.5356706
2.36522,3.3794227
11.7739,9.80807
7.81001,8.020512
0.389399,3.6684237
213.647,293.45975
0.803882,2.4598472
11.3911,11.754368
0.886279,3.4344006
23.2438,19.705566
8.74577,6.004899
4.43307,6.0053024
0.0,5.1577787
0.0,2.2144563
6.95536,5.5791993
9.34879,6.0189667
0.0,3.879767
21.7855,17.006222
0.0,6.0468435
7.93916,5.853079
10.8847,28.216576
1.17489,5.999893
15.4143,3.8647075
0.313107,2.94916
8.42446,12.186267
7.18879,4.997188
54.4611,25.565098
9.25745,6.960432
0.2659,4.977132
29.2456,29.05551
11.2831,9.151888
0.0,9.310437
5.08053,7.972705
0.0377064,3.1027806
4.97182,4.1570053
10.5992,8.953783
32.6296,43.492657
6.07532,6.687606
8.08582,8.936175
0.0,3.1912856
8.15758,12.47282
0.0,4.062786
0.0967065,4.4886303
0.0,11.723856
0.0,2.6962428
42.3658,30.213963
0.0651201,4.477791
0.0,3.446402
0.0,3.995123
0.0,8.302995
3.37369,4.69958
0.0,4.67031
0.0,12.079605
0.0,4.2161846
0.0,3.8626769
2.19578,3.3869696
169.985,68.5607
0.0,3.221433
0.0178514,2.9717822
5.67886,7.699732
4.98572,4.038503
11.3456,24.01333
8.15758,7.9595966
14.399,13.119615
4.21751,2.8735194
0.0527473,16.884655
0.130635,3.5832393
97.4002,45.30935
0.459406,7.645488
9.47653,6.6401844
27.8376,11.621081
48.1875,37.31445
0.52848,6.9553995
0.553249,4.1510744
1045.48,204.55623
0.949409,6.0183535
85.5253,64.38948
0.0363331,1.3729883
0.184332,3.5355124
4.61967,8.457895
1.18369,3.2911198
0.0,8.049145
0.0,4.3355055
44.3922,25.69059
0.0048556,11.502319
0.0,4.8936205
0.0,1.0029459
0.0,1.6194766
0.113605,21.887579
16.0575,12.613705
1.11499,14.928324
0.051393,1.8717073
1.02096,6.298215
0.224348,12.231916
4.33894,13.4335785
0.0,5.8343325
0.819095,6.1072054
8.90259,7.876425
2.56798,1.7016783
66.0095,39.901253
13.3042,4.9346914
38.704,71.63751
16.1453,18.01244
21.6202,17.475786
4.35779,7.584504
0.839133,1.861919
107.268,85.986626
0.0,18.039677
0.0768543,4.911482
0.228561,8.316696
0.0,5.9217463
331.816,219.39595
0.0,1.977881
0.0,-0.40058517
11.3792,22.53355
0.0,3.1706033
0.00808029,3.489685
0.0,5.085536
25.0795,14.837448
0.0571336,2.8434258
8.50068,31.024227
0.0,5.014015
26.988,13.330687
541.09,5.0769186
29.3555,36.86456
20.4947,12.277752
16.2319,9.681453
0.0,4.4104643
0.0,4.668675
5.33369,9.437919
0.0,2.1724691
7.0301,4.873311
0.0763142,3.8492088
0.245293,5.8011613
12.6916,15.482992
22.1297,27.833801
0.0,8.249403
0.0874501,12.60665
0.019213,3.8909962
0.196991,3.9413455
0.0158816,2.987269
0.0,1.0836865
19.4241,20.582596
0.0,3.5337992
24.7117,18.870176
3.62445,3.1124234
0.0,3.1227794
4.92304,2.9173818
0.0347835,11.113768
8.62519,10.013322
24.5835,39.817863
0.407326,4.7754717
37.4822,25.350641
0.0,0.82376695
4.76093,12.794189
0.0119285,5.412902
5.15777,6.767416
88.0783,59.266453
0.528339,10.64624
6.10479,8.000287
0.0,-1.1535995
8.64048,8.312572
0.0,6.5869064
0.0,7.0921507
2.89358,7.930338
0.0,5.334605
14.1121,17.728622
7.03849,9.533658
0.0101776,3.010835
0.0,8.9003105
6.54572,6.231721
135.592,120.5685
54.8317,52.215538
3.10278,3.983189
13.4342,18.735718
0.0,5.1123924
0.0672102,4.1354613
0.0,3.4865472
0.0,3.509825
6.50048,6.195822
22.2234,8.814098
49.503,27.433235
40.5101,41.968758
0.0633624,1.5349178
0.0,4.8487787
1.57112,3.8722925
38.8106,33.635437
0.0,4.058031
0.0170975,6.8312473
6.43881,3.7649598
0.0,1.8573992
17.957,25.919064
0.31557,8.663236
12.128,11.553362
0.0298953,-1.416352
0.0,3.397035
0.0254356,3.4685488
13.9365,10.278336
0.640254,4.857687
0.0772649,6.0580006
0.0,-0.3878181
6.64375,5.440855
0.0,44.485085
0.0844658,5.7137594
0.0855931,3.536407
9.66222,1040.5469
8.24868,8.948942
73.2579,105.69672
70.6236,41.024815
5.20518,1.7126057
0.257412,3.2854004
6.74496,5.271636
17.1581,12.031792
0.0,7.00426
0.130305,4.575286
89.6832,34.99758
1.33446,3.9045634
0.0,3.922767
67.402,70.723274
0.0,1.7733983
0.0257964,-3.3516004
4.76267,4.1448393
0.0,2.9445891
8.98008,15.337022
0.0,3.791918
0.0561515,6.7195215
0.0324739,7.671377
8.34417,9.679085
5.39411,5.6021643
0.0995822,4.644987
2.97737,4.743784
0.0176521,4.676718
45.9852,3.8247476
6.28196,8.331213
0.0109864,-1.3263938
0.0556715,5.100474
0.0,5.01431
0.0,-0.94824743
0.0,5.648037
0.0561515,6.386449
18.2979,8.255931
0.0,5.761896
50.6105,13.865504
0.0,4.646705
0.0,2.4650233
0.0413947,2.4616828
3.75554,16.414097
51.3715,49.19034
0.201269,3.9732718
1.89412,3.2217295
76.9977,66.67909
0.769373,5.6310883
1.69153,3.5314155
6.17503,9.870317
1.7655,6.2556934
98.2978,136.20985
0.0,4.7867336
15.1883,21.27296
4.86473,5.439329
77.1389,13.289379
20.6573,21.433134
0.0657912,4.360673
2.12696,6.575408
0.0,3.1185436
0.0161592,4.182522
0.0929124,7.0926847
0.334616,6.26771
22.1879,10.529765
0.963283,8.604426
6.18583,7.6117773
0.0,4.179506
0.0,8.411266
7.75683,6.7852364
0.875072,5.172243
23.5921,5.8503275
1.15144,-4.2684803
0.0,3.8864512
0.0,5.5978694
19.0443,19.08716
0.578598,3.8941267
0.0,4.14299
7.81001,3.6166759
0.0,3.4595823
0.0,6.85433
0.0889348,4.857501
0.0,4.9536242
3.12215,4.576607
1.59969,3.2385395
0.0734686,8.841806
0.0,10.101118
0.0,7.1300535
9.21721,16.50912
0.0,7.2136593
0.0733279,6.74164
0.0,3.9152784
0.0,5.7385006
0.0,3.3263893
26.1965,17.116598
0.0,6.130766
0.0,5.2584615
1.00624,3.073469
7.93361,8.218292
35.9072,20.392456
0.0,5.144916
0.0700714,3.8060312
0.0,3.7974825
1.26676,2.031843
19.2125,5.9374228
6.37578,7.029997
0.108161,6.7730713
5.90059,7.3734026
0.051393,10.177035
0.22857,3.600058
0.0,4.1141605
2.73993,4.4206
13.5651,6.8368416
0.0,4.0702887
20.1384,28.17541
619.796,189.9608
5.39369,68.34332
9.60602,11.827287
0.0,21.75571
0.868541,8.00403
0.0139217,4.619501
0.0,3.4832647
0.216379,9.028364
6.97555,5.1024227
2.87896,4.6777716
0.0,4.4558487
6.2082,11.134373
1.18789,3.4776497
89.2021,59.071354
0.0,3.1204586
79.756,31.806519
0.425769,3.6189058
0.0,7.1135406
0.0,2.2615643
0.0,1.9651815
0.0490979,7.0151653
26.1892,27.05527
23.8673,17.670336
14.0998,15.326166
3.07855,7.970091
0.506815,5.404641
8.82057,13.492776
12.3957,29.17149
13.1318,17.96145
0.0,5.237052
0.0105662,3.955973
21.811,17.366774
0.138583,7.1678534
0.0,4.178137
6.18577,4.5329046
12.7551,6.544238
0.326365,4.5989046
0.0,3.8192294
0.0,3.9021642
22.0206,22.160204
10.5992,12.047227
45.4482,34.239956
0.0480081,5.007018
9.59899,4.360209
79.4322,63.02279
4.70951,7.016321
72.1635,20.189625
0.345981,4.620944
0.0,2.3853717
0.0,21.424217
0.0,4.9087095
135.592,0.69023633
31.6391,34.96808
33.3482,12.801815
0.0,7.941865
0.0,5.2649374
3.74162,4.4921236
0.0,4.922898
37.7198,26.153358
0.0972054,7.078245
0.0,4.987419
7.44695,4.4633083
4.74985,4.457511
0.169539,4.051588
5.30159,9.501236
0.278832,4.3806405
0.0,3.7421725
7.63395,8.706381
0.0,5.1134663
0.0886052,5.71494
0.211054,7.4316216
7.18879,3.795045
0.448151,10.9655075
43.6408,21.726095
64.3365,51.9538
0.0,5.841216
0.272837,-1.7201035
17.6053,12.768062
0.0703577,4.1527286
7.62724,7.5806513
0.0,3.1134229
0.273661,15.636064
4.58484,8.451852
0.0,5.054399
1.90294,14.289936
0.0,8.089796
0.0392876,4.4750266
0.304227,6.5723057
1.21884,7.4655485
10.7538,11.2652235
1.61219,5.388121
0.219512,3.9309244
5.31336,7.223303
0.0,5.697591
19.6435,15.607565
122.368,47.367954
0.0,6.46809
0.0628861,12.905376
0.16748,4.3283863
0.11602,7.0189543
0.0,4.7966785
0.0,3.6276717
0.0,3.3794482
44.9807,22.159197
10.6428,21.87698
9.4149,8.151443
1.79176,14.4693985
17.5005,6.953253
0.0570477,3.4283593
30.4823,9.523989
119.944,73.263176
31.6525,34.501217
0.012238,5.2717285
0.0,3.6187248
22.8405,3.2330408
5.64921,5.7528515
89.741,39.386578
0.097734,2.239736
0.0883291,3.3686776
0.0121924,2.6700232
3.89551,5.7548575
0.0539679,4.1182356
2.26965,5.260104
1.24448,2.0912457
24.5835,25.75967
1.18369,2.9156723
1.11784,5.74909
0.0866043,19.172699
6.81054,10.832439
0.0,3.030715
1.52665,3.3582826
8.26378,7.8826942
0.287353,8.834639
43.6408,27.169243
0.0105764,4.86595
0.0,7.238845
26.1965,21.956078
0.0,1.6502446
1.21839,6.5538406
9.33523,8.036366
0.0631601,16.487452
0.415674,5.0594463
3.60174,9.488735
3.42946,6.0201235
0.0,2.5309205
0.0365124,2.5172598
3.84675,3.0771136
0.498276,0.7230253
7.37028,7.1090603
0.645114,10.316784
0.668389,6.886611
21.4348,8.622704
0.0,3.364453
21.4696,35.42806
0.0,-0.55337477
0.0,8.208653
2.84146,4.4889803
12.7947,7.740341
0.0339982,3.7792978
0.0234931,1.3222319
0.147257,3.481283
24.3914,44.68567
0.0460222,18.953487
0.0,3.2746694
0.0664097,4.2036705
0.539552,4.318693
22.0206,15.753003
3.298,7.7282696
0.0,1.7140701
2.87073,3.2161634
0.0,4.3740706
0.0,5.3353777
20.9035,16.779074
0.0,5.547019
0.0,6.9768925
0.609691,3.704819
18.2738,11.386372
0.138593,6.111522
0.0547589,5.6528645
0.0,3.3906245
0.0664854,11.080858
0.114685,17.593058
95.6333,106.79118
16.4896,9.321558
8.78718,12.934459
0.366329,-1.2563317
0.0317711,2.3694932
0.0443425,31.0698
0.0443065,2.596263
36.9073,47.381435
0.0,4.922634
2.90635,9.353182
60.0743,14.8001
0.0476354,4.5842204
31.2435,33.3679
0.0,8.246449
0.120609,3.4222398
0.120195,8.322996
37.7274,14.60955
0.051393,8.457715
8.76745,9.470545
26.1965,25.397581
0.0585232,3.7318373
3.71542,3.7102585
89.6832,86.34743
0.272188,3.526939
7.13458,5.5110455
0.836202,8.224688
2.36522,2.8820686
25.1421,27.9477
0.40604,3.2486608
0.158261,3.4445202
24.3086,14.448581
16.1804,15.822769
84.2077,49.688522
0.685934,4.1589007
31.6466,22.38021
4.54498,5.915392
1.26519,3.9379604
2.81398,6.216922
0.0,3.5844688
0.0,2.7473016
0.0,5.579868
228.807,317.15433
21.4877,13.66667
0.205817,7.5073957
0.0,3.0402155
0.0,4.5070267
0.659278,11.755542
28.6632,-2.4082687
14.8916,11.731312
1.80628,11.17103
3.29546,5.9500313
22.6392,25.277723
4.21751,-0.98241377
14.9497,7.680292
0.730632,3.4422536
0.05784,9.442393
0.0,6.108264
4.20667,6.368841
7.58157,15.507426
0.141534,4.131957
24.0913,25.806536
0.0,5.2890096
35.0354,6.854945
4.09921,10.235179
0.0150572,2.8103633
0.0,4.4157476
0.0,5.2151427
0.0574949,-1.9337242
0.0639502,3.440967
0.0,4.777647
0.0,6.830657
0.0,3.1976435
0.0,9.836995
11.379,14.5493
2.30816,3.5539598
2.32633,3.0452971
6.10661,8.880556
0.0,2.124935
0.0,13.721645
5.39411,9.556777
0.038988,11.615368
31.889,43.193703
0.0,3.1373537
0.0,4.333149
0.199732,-1.6830866
0.0,3.0436363
11.7618,8.531626
0.0408579,6.9021626
0.0153997,3.2597818
0.0407804,2.576137
0.32082,5.5416083
14.8558,14.151174
0.438031,10.175798
7.18663,5.293505
3.52212,6.2030525
1.28642,7.2558594
1.14145,3.8014467
0.0,4.716116
22.0206,19.60233
0.0110203,4.4252753
0.0130207,4.491308
0.0,2.978594
0.0,4.182473
0.0,2.0325515
1.61215,4.7792654
0.0,4.22108
74.3385,68.71868
17.5972,32.878616
0.0,7.060605
10.4744,17.971626
0.0,3.291757
0.535877,4.587343
1.42426,9.220425
23.569,19.890745
0.0244278,1.7036924
0.0244278,4.773946
0.123341,5.9322605
102.405,61.08736
0.0215975,-0.82875276
0.0215975,3.0808015
12.6916,11.210522
0.0,3.9904466
0.0,3.0947208
85.3169,34.550095
0.0,7.0650873
0.0,4.689404
0.0,5.730565
1.80628,6.825449
22.6392,19.7399
0.196942,4.000227
17.3682,13.597118
8.35015,7.6840725
2.03315,5.2770395
0.0,5.279291
1.80628,4.9607096
0.051393,10.088808
11.1996,9.127335
7.71846,6.7369566
0.265995,3.8175993
68.0121,71.35252
1.92986,5.2125993
0.0,5.200203
0.0,-0.13926435
5.53292,6.2697554
0.0713237,10.567489
784.004,578.78674
0.0,4.7122593
0.0647448,9.49058
0.0,4.561329
0.0,4.2055826
5.57925,6.827627
49.3187,44.41072
2.06789,3.8035047
4.0341,6.781909
20.3765,9.543161
0.0,4.800336
0.289861,4.440954
0.0,7.9051065
18.8462,14.758355
35.8973,25.49672
0.0,3.4722085
45.4518,49.69698
0.0,4.4705863
3.31365,8.930289
2.45846,5.91243
0.0,5.5441737
16.5966,19.896307
0.0,2.0824034
0.0,3.044632
9.53719,10.321161
10.3085,6.849634
6.08398,7.0312576
9.91484,6.121526
0.0,5.284477
5.08513,4.6987276
1.92803,4.510644
1.6993,7.122897
3.4258,4.8063827
0.211054,3.09485
3.12141,19.175491
38.4211,26.35986
33.4795,25.867346
71.8092,65.16322
0.0,4.41132
11.726,17.533285
0.0,2.8139899
0.932083,4.498499
17.6751,15.3447695
111.835,127.391754
3.8263,3.31613
22.2375,28.816675
0.5899,3.3798568
0.00574544,5.464467
0.795791,4.969982
0.0,5.5492907
12.3155,7.3093004
5.62778,6.0768123
2.9242,4.711953
2.64629,22.642069
21.4348,12.831614
5.23117,7.0392427
23.5057,15.159497
197.497,75.391754
31.4133,16.4371
0.127069,33.371235
0.0,4.794341
0.565411,2.749672
1.20083,4.184164
31.6073,24.110052
0.0190806,1.5724978
6.41589,4.92826
0.0,2.8138433
0.0,3.0319214
7.75804,17.312735
0.0,3.790892
0.0,34.611835
35.0216,47.67366
17.3319,14.598898
0.676883,5.0000877
0.431208,8.485614
0.0,5.5180345
0.18013,7.3341894
0.0,2.964322
0.0,3.1297698
4.42534,3.9801497
0.0479485,2.1402564
9.16142,9.871177
13.3234,17.166039
8.16661,9.533966
0.0,6.0276017
25.1705,11.185617
0.0482736,3.8157182
18.8462,16.867813
0.0,6.291006
0.0471918,1.2458956
7.1822,6.7918653
3.07933,7.0064974
3.28353,2.3448896
35.9123,29.850872
30.0409,19.394918
0.0,3.0953717
0.890727,5.7957783
6.3236,19.49794
4.86473,7.1103783
17.2556,7.2191353
0.0,6.537324
0.0,3.9622288
0.0,3.2988176
31.8586,22.381824
0.0,3.9796429
0.0916607,3.0812242
0.0,7.873562
21.8505,13.740091
0.0215975,0.8455756
8.51378,10.408498
0.103364,18.121895
0.0,3.424651
0.0,3.1094213
0.0,5.414853
0.0,3.3679857
0.0167702,3.1525216
0.0,2.6018307
82.7146,78.21913
1.67766,7.9535513
2.22558,2.9685054
369.853,386.87433
0.0428877,3.8846765
0.0,6.071479
0.0,7.868511
0.0,13.50449
0.484055,5.1827536
9.67158,18.666636
11.9314,14.665047
35.9072,13.627611
25.3389,26.850092
8.24252,9.120919
19.9297,8.621021
10.4987,15.65344
4.66285,2.0798023
0.0,2.8943827
0.0,4.72068
49.2648,49.597466
0.68252,9.61808
9.40631,18.358572
0.0221984,3.0623689
2.54224,8.825646
3.50103,5.228243
0.0216206,1.9462557
23.0654,25.031769
0.107556,3.8504834
0.171019,1.7944655
59.3466,25.43089
7.93916,4.381096
0.233632,16.513102
89.6832,38.612335
0.0,11.193352
10.2463,11.624905
9.21721,7.949607
0.0155566,6.5198
0.624512,4.464873
30.345,38.8674
6.33662,4.36505
22.9634,25.506239
0.0,39.42264
0.0,5.6374626
0.0229189,7.9371395
0.173196,5.6019816
36.9143,23.42418
0.0215975,4.465762
0.0744665,3.3833268
0.533856,2.4696493
0.521266,6.277406
11.8978,7.6535854
1.77605,4.0299864
32.5872,17.651155
233.507,111.63204
0.0,5.0250435
2.12696,2.7396827
2.64048,4.36975
11.5815,12.493024
0.0,4.92935
4.1624,3.9623628
18.9931,19.058548
5.38749,5.8605123
0.126442,1.9391038
22.9447,15.78515
0.873785,4.3402443
13.0285,20.61857
2.95128,5.210566
0.0,2.2291927
17.3682,9.288014
18.2676,8.798031
0.0242906,2.7565293
0.00498756,4.158789
0.0,6.3027697
9.91484,4.437531
0.0558875,5.1750007
13.7754,7.702196
3.90281,6.863904
0.0,5.53654
12.7266,10.875601
50.5521,7.2755804
2.41969,8.028049
0.0971393,5.0271683
1.12501,6.820918
0.0334241,4.4202433
12.8693,9.663343
0.167075,4.1467495
0.143528,3.948699
0.0,6.412962
26.3449,26.873075
6.61661,5.857844
0.0378206,1.9731756
28.0828,32.299866
26.1965,13.154339
0.16082,5.062771
0.0,5.753662
0.0,4.082902
0.0489275,54.11506
0.0625436,1.056865
2.41248,5.7453737
16.651,23.836052
0.0,3.1896338
0.0,2.6669717
0.0227304,1.5216424
0.0652797,5.6440964
0.0,18.467962
26.3314,24.785374
21.5036,22.596159
55.2513,61.908497
106.391,56.821087
2.5589,3.9714491
0.173498,3.7569425
1.93037,6.423313
6.3446,4.012595
0.0,86.06573
10.3538,12.838069
36.5915,29.336552
4.99398,5.559131
0.785868,4.8445044
0.0,4.336737
1.13553,10.852548
5.16068,4.373846
22.5174,21.725887
9.16142,14.060929
0.918818,2.0533724
67.7254,67.8823
0.201254,1.1310663
0.030774,3.575915
0.0,169.07953
8.90506,8.062864
1.39592,5.769326
95.6333,90.12325
0.0982469,5.8338876
0.011101,1.0804995
0.05843,4.5392723
0.0239684,7.9306116
21.3993,10.996146
3.08732,1.1627102
0.0,4.616323
4.45024,9.425414
0.0126654,3.0369782
1.67192,6.657135
0.113065,3.4787152
0.881355,5.2989297
0.926497,3.1052947
0.0,3.2029223
0.0393917,6.6245527
0.0,2.2371845
12.9993,15.33729
8.98008,9.216057
0.0,10.164805
0.0,3.9802737
30.323,45.378216
17.6751,28.082762
0.0933876,3.8238156
47.7532,46.560177
0.0,3.1791062
23.6372,29.367935
19.4241,9.011764
36.0552,22.812796
8.4425,12.364282
12.8027,3.295371
20.7329,10.492498
5.39411,8.582401
0.0,3.8375797
0.0,5.8265896
0.233384,326.26364
0.0,4.5833206
0.0,3.8233433
8.57879,4.6988435
1.24448,2.9816227
27.6502,24.88937
8.71518,11.7442
0.0,0.6516726
0.322485,11.099301
0.125719,1.6870189
29.5061,24.923895
0.0,6.006813
0.0,4.3247213
0.603987,2.9961243
0.0,6.7370586
8.3931,7.7974977
0.0,5.5214005
0.0,3.062884
10.7566,16.650671
0.0,4.2619815
0.0352722,3.6757247
0.222996,16.069345
0.0,0.93719506
7.29843,7.9320536
12.3122,12.129353
0.134488,6.3757057
0.345062,4.0148144
0.0336164,4.2841463
1.51519,5.6370716
0.0,7.6904974
0.609691,39.27988
30.3886,14.385825
0.0,2.8345768
0.0,1.7690477
32.6296,55.638218
8.53334,5.098666
0.0,3.8716607
6.31848,3.4080584
3.94202,3.7067735
0.0,3.5351276
18.9931,9.817222
23.5283,33.510136
7.69122,8.39125
0.0,2.7249825
0.13323,4.152631
6.75086,13.64043
10.094,7.2770443
12.3578,5.9625363
22.0206,20.128252
18.4835,5.2355547
0.0443425,24.72527
11.5061,6.4181414
0.165477,0.59542227
10.2526,4.8588495
52.3091,17.811657
0.0,9.758548
0.099321,8.876347
0.0,4.1922016
284.186,4.384665
77.0513,47.204285
4.03233e-05,6.0536056
0.0,4.221018
34.3778,33.764496
0.0,2.9346833
0.782457,3.5634818
1.2634,3.572491
6.59565,17.731485
52.3091,55.961617
12.4639,3.9663672
0.051393,6.919442
0.0,2.7300854
46.5089,26.82677
0.504179,4.718951
0.0,4.4349103
2.76298,4.866564
11.6433,5.5498276
31.889,22.942663
0.138402,1.1925259
6.42487,10.43649
0.0179901,2.5631814
3.91957,6.0388813
0.0199938,1.6799028
0.0,4.853626
8.203,7.6236734
28.1376,19.196903
18.0695,20.042824
0.0391943,3.3306177
5.97234,10.263534
4.45024,8.063643
10.5992,10.496993
12.1107,14.989134
16.7626,17.46779
5.44464,5.541154
2.05356,4.026481
7.6085,5.923237
49.2648,47.66173
6.61661,6.3582563
0.250134,3.9056067
20.4815,15.645076
0.0,3.973514
0.299788,5.3318863
0.0,1.6789198
8.36754,6.913167
0.0,7.9304867
0.0933876,3.4559488
13.9542,11.08837
0.763943,9.018104
2.3424,1.5042226
8.203,5.012845
0.835289,7.981058
0.0,7.3490143
67.7941,54.240074
0.473211,5.7061906
8.61256,8.119214
4.252,7.692048
0.0,3.8478875
0.938995,4.25681
6.08398,4.149771
22.312,17.740345
44.7525,20.241367
0.0,3.185934
0.0,4.442439
16.01,9.350342
0.285904,3.6109982
4.13659,5.4117613
2.81891,5.427047
0.182946,15.3731985
0.12318,6.0470257
0.571642,3.2822056
11.0804,2.9095001
68.9289,50.819653
66.0095,72.90144
3.33781,6.3007407
0.0,6.0282784
0.095132,4.8510847
0.0606786,4.3376174
181.115,464.58072
9.41833,5.6474824
0.130635,6.688033
0.0207707,2.6323128
19.0873,10.460558
36.2545,37.000397
0.0752463,7.0205727
4.29189,5.0693617
31.889,24.884235
5.87878,4.435751
0.494796,7.3748083
0.0626873,4.3394794
0.0,8.613224
32.0269,39.551796
0.0324436,4.121352
0.0482619,4.443284
0.0,4.2425027
0.0381498,4.7417116
0.0,6.5909405
35.8993,18.361677
10.6178,13.697908
0.0106149,3.000913
7.9533,11.363308
0.0,5.0463867
0.0,4.670436
19.0973,13.338683
0.0,4.5432615
57.5816,35.77523
18.0932,23.836624
0.0156339,3.1829295
1.77667,4.870446
0.0,4.1031704
21.3993,11.14927
12.3578,5.4692163
0.0,3.5296493
0.0,3.4342744
0.868541,37.327427
0.027385,5.112173
0.0272644,4.7016373
0.0,6.3648977
0.0507438,5.6480093
0.904192,9.711295
0.0,7.357938
3.42381,2.7932472
7.98787,12.845874
0.523938,4.2648726
0.0130336,2.40993
95.38,77.68562
0.0,5.314398
3.33781,11.468034
43.4355,62.689995
16.1453,24.178328
2.48411,4.987401
0.0181138,3.3208017
31.889,31.765749
0.0,5.4198484
0.0,2.596975
0.816466,37.005207
31.889,35.846004
10.5139,6.019464
1672.53,549.455
7.67685,3.3522243
194.251,113.01027
22.0206,23.354296
1.56805,6.1946898
0.0,10.011366
6.10661,7.780761
1.59969,4.69198
0.0,0.6162095
0.0753512,1.367311
0.319885,8.043754
75.4016,66.931114
0.0,5.1953697
35.6287,29.151789
0.0,2.0715115
0.463098,2.9008064
17.9842,12.08297
5.3585,12.414516
52.2343,53.496677
0.379956,4.348624
0.329325,9.88115
0.0,4.3217363
0.0,5.4765577
3.66676,4.8355117
14.4675,8.453259
0.782975,2.9821906
0.597943,6.791971
21.2885,14.488306
4.01142,7.7619953
0.0,4.7327104
3.9012,9.485359
0.890859,6.001654
27.4125,5.7926254
28.2945,19.948338
0.126268,3.6722527
0.842421,4.0874567
0.0,1.5144612
0.0,2.846695
19.9248,25.218948
8.78718,10.453293
0.0,5.581992
0.226036,9.779887
53.0483,91.259186
0.322485,3.8798542
0.0,5.7851725
1.00418,5.0491266
7.77374,5.247183
69.4052,70.969574
0.0,3.824041
135.592,190.53699
5.25244,7.9750147
2.91441,8.727577
0.0562142,7.2725124
9.91484,6.095626
19.0873,19.245514
0.0445226,2.0402555
85.6316,55.764145
11.6146,5.7253814
0.114676,5.2191725
0.0,10.5
14.8534,12.24105
0.609691,34.719086
28.9256,10.113406
0.0,3.7933564
9.73291,9.7406225
18.6317,13.055356
0.182954,3.2134504
0.0,9.757115
12.9993,18.509253
1.00624,4.5657153
0.0139038,1.1037779
0.0146036,3.0420015
0.0,5.5577183
0.0,4.251416
86.0813,62.634758
3.40206,4.169463
421.713,425.78696
122.368,125.07066
9.41273,12.224425
0.678751,3.9600687
0.0,7.316098
274.252,424.42514
14.6375,17.004385
0.0,3.215413
0.00692642,4.1690865
10.2463,16.746208
0.0,3.7906725
0.234965,4.5915194
15.7976,18.411905
0.00904113,3.575295
16.2904,23.39439
0.0169662,4.8918037
0.0,7.945447
34.0699,19.62934
7.13458,5.489205
3.90691,3.943334
0.0,5.1182
22.0206,11.648855
18.7733,16.297531
2.62976,0.88581526
0.0755083,3.2678926
0.276195,4.2419534
1.55944,8.279968
5.34906,3.1835318
0.0,3.1100554
0.241907,5.9907036
0.0,5.058422
0.282822,7.200591
1.55502,5.764292
29.8053,13.295424
0.0,4.345357
18.2676,17.345367
0.465281,2.2761154
0.379094,5.05748
1.16659,22.716297
12.0326,12.113438
0.337974,26.09186
1.00624,5.6602607
7.02549,8.159436
13.033,11.295024
8.48658,3.6061764
0.0,2.7194057
10.4143,2.885115
0.0,5.2453985
1.86713,7.716666
0.0,10.430133
1.32143,6.2808595
0.0,6.4325
43.6381,41.410442
0.095025,2.22342
11.7182,5.7524834
158.613,164.20271
0.0,3.0098186
51.2472,44.97386
0.0,2.6728942
1.85969,6.475153
11.3911,10.411256
0.0,2.621161
9.4149,8.909782
0.0,3.7659292
0.0179047,2.8084207
0.0362784,4.625581
0.0,3.3524547
7.51723,1.4736986
25.3641,25.192993
0.0,3.7476394
23.5057,19.907957
0.0,2.5563667
0.02025,4.5448847
0.551099,3.1591084
0.0,6.4431534
0.108294,2.7479558
4.29189,5.0536118
12.766,11.2866535
0.0283879,3.139387
19.9297,14.86713
0.0973958,3.311833
10.8141,7.3296824
0.0,5.623374
5.59409,5.7498474
0.0,3.1125114
66.723,93.70181
13.8431,9.455395
3.15788,4.9269853
13.7455,8.289619
84.2077,72.75737
29.961,66.80676
0.722218,44.162514
0.0,6.3950357
0.0,6.799341
0.0,4.702969
6.41355,10.139537
0.647525,1.1913424
2.61288,6.1698856
0.0,3.119749
0.774944,5.1067038
5.83404,5.183999
0.0,5.6320915
0.458218,3.7157984
8.57879,6.8363304
8.90259,4.270207
0.0995036,4.0752835
0.101872,4.245508
5.8578,6.5305986
6.39077,4.5842376
23.5057,32.641235
2.29886,4.500491
8.34805,12.121233
0.044806,-0.028119802
0.0,3.9620333
0.0,0.8009187
0.0622858,7.403186
5.50564,9.905593
0.0,4.6755795
0.0,3.094098
8.71047,7.654295
0.228483,3.2489927
0.568928,4.944353
9.63117,10.384477
0.0189604,5.2615967
14.4598,7.15648
31.889,31.139208
0.0,4.741227
0.0,3.4463344
5.75467,5.7389355
0.0,4.50441
228.807,287.69122
32.5265,4.3541884
19.3196,21.303991
0.0207901,0.4760145
46.3926,23.563335
0.0,7.831279
0.0,3.8659048
9.50832,3.7391067
0.0972882,5.852084
4.94766,5.218872
36.9143,22.730017
0.196942,4.5637674
0.0,5.490179
0.0,6.4849377
2.48554,4.088346
17.3319,21.829903
0.0,3.812499
2.38675,2.0691462
5.29053,2.906785
0.232779,7.4284973
0.0,7.6692305
89.6832,63.77379
4.0694,7.2081795
0.0257964,3.2356687
0.146754,4.2769456
0.0872672,5.6817718
39.723,15.178706
7.0451,14.853951
5.78663,5.306905
0.26033,9.483594
4.22201,7.3526535
7.18879,7.260393
0.0,3.8674512
0.0,3.4384766
0.0,4.178832
14.4473,11.906541
9.8235,3.605823
0.0,6.9079103
0.360221,3.101423
1.16314,6.463725
48.1875,25.95367
0.0,4.5939245
0.0,260.39056
9.18444,11.311438
17.2999,11.038181
95.5694,67.887726
0.0,5.188321
17.9203,6.402836
8.51798,10.276077
3.01746,14.316178
9.38294,7.49794
0.0968266,4.0014067
54.8596,59.74191
0.049054,2.4251978
0.0,3.8127544
0.0,5.274822
1.51667,10.158361
0.0630355,3.6059275
0.0133143,6.5867357
1.25105,6.9873466
0.0,4.12105
34.6075,44.240635
0.0,3.6617372
21.3134,14.192811
0.0349655,4.440892
0.0247193,5.384898
0.0,5.754945
0.0,1.7964365
174.747,67.51053
72.543,3.440774
0.0,3.9600458
3.29546,4.595394
37.3266,19.037971
0.02025,11.983412
0.0840751,2.3467073
0.0,7.894346
10.5121,8.145793
135.592,62.35378
6.25644,9.415089
105.821,101.10081
18.5139,27.506674
0.0,5.6973114
0.0,4.4018025
0.166696,3.143715
1.47614,1.0266116
7.13458,7.0096045
0.606088,3.8642848
0.0,4.7390685
0.0291621,5.1459827
0.0254356,2.5987809
30.8985,48.7578
28.6632,2.9582
22.0206,23.69968
21.7949,24.575659
48.8198,50.002396
0.0159444,4.0095735
882.552,503.2026
0.0840941,11.923889
122.832,158.68843
0.0148745,1.2476736
2.59898,4.981949
0.0,4.9303055
44.1062,35.786915
0.0,3.6197715
17.7734,13.691947
28.1376,18.973085
0.0422013,4.3091445
0.0438265,3.32834
18.9926,22.5623
0.0,4.7376223
0.144043,4.706599
0.0,3.6266222
22.0206,18.622805
15.0756,22.801304
15.4758,33.68834
26.2865,35.18108
0.0,9.6720915
70.3369,55.01833
0.0179047,2.7075627
0.0,5.8741927
0.0,6.2497196
16.2393,9.300024
5.16818,8.189442
0.0,3.8994713
44.6306,35.38037
0.329194,8.030523
2.9242,3.8235292
14.6375,5.6342916
0.0,2.1005273
0.286364,4.188991
0.0,9.092235
36.3421,83.44743
0.0,4.4350505
28.1376,27.594103
9.43938,14.288605
0.42647,4.1433153
0.0,-0.90139365
0.0,6.0425463
0.0316619,5.6197867
6.42352,8.3539915
23.5057,23.688408
71.8092,43.778244
20.3935,28.791647
0.141428,5.359516
0.0,5.1914654
17.0383,21.057247
2.59898,3.7425475
0.0,5.369274
8.8373,4.8255343
0.58586,4.5259275
0.0352636,3.0444736
21.4206,31.015503
0.0468538,6.0641932
18.7897,27.910568
0.324646,6.996045
0.0,2.1887102
1.28217,4.09293
4.37095,6.1082077
0.229634,4.8822436
49.3187,60.451454
1.65003,3.5647483
53.1266,25.863586
78.8657,60.224533
7.47546,10.850569
5.06316,8.686384
19.6939,19.521936
0.0,5.1036663
114.343,52.322067
0.0,1.8379643
26.1965,17.837025
1.13448,5.9264927
0.0,2.9881444
0.00691066,4.147925
0.0,9.166664
0.0490229,7.8601494
0.0,5.0245924
1280.87,172.59541
9.03346,8.369287
18.2738,10.422463
0.0,6.9046154
3.80485,3.894777
0.242017,3.9770675
7.93361,6.4804325
11.2349,9.799648
3.80485,3.3961475
0.0,4.3516345
60.3985,63.40269
21.6382,20.718502
3.64344,6.3057446
27.3451,21.64908
0.26033,16.970423
35.7241,59.914738
42.9172,51.32534
0.0,5.5286474
0.0178514,3.1680038
15.9221,10.506263
0.196991,7.339733
0.0,3.4882486
24.9748,36.54883
26.3449,39.404507
0.0,4.2317543
0.0,3.8765097
0.0262574,3.284093
0.021961,3.8256302
16.4514,22.127285
388.687,385.86154
37.7198,23.48875
60.3985,47.577747
0.0,6.434045
73.5095,86.23858
12.3578,14.848512
9.57554,8.181818
25.9484,10.811056
3.567,3.5077178
0.0,7.268976
0.0,-2.0056264
7.75683,7.979821
30.2065,29.639145
0.0,5.206689
0.0,2.8705006
1.27604,5.241685
0.197985,5.4347925
10.6699,4.075412
12.9887,3.2720354
0.0516347,3.7085154
0.0,1.1602342
3.5795,4.7079034
0.0,7.2573385
27.5158,10.702545
0.0,5.798671
7.84897,4.6420774
39.7229,23.03309
1.06208,9.04887
0.0,18.86629
31.1072,34.657158
31.5645,19.524984
24.2768,20.923983
6.86443,6.96004
13.5683,11.780512
0.02025,4.864293
1.02618,7.0406036
1.46693,6.858486
5.33864,4.6783876
1.26098,4.1163244
0.0599783,6.1922407
0.0,5.764902
0.0,5.5014677
0.848641,6.838475
1.16189,7.948325
34.7652,27.488886
0.884516,7.6053553
11.1964,13.302103
18.7444,14.540368
0.0,2.9393258
47.7532,39.873787
1.26098,3.4758868
20.945,15.1533165
0.0,5.1757126
0.0,4.526165
93.0579,118.93183
31.6466,21.18035
0.265813,5.707671
1.81632,11.931225
0.0,5.5861254
0.0,3.8610184
6.89648,5.2563467
8.54713,6.6045504
0.0,8.311303
0.216623,2.6604488
21.0285,6.103834
0.0,4.883861
0.118923,4.777726
0.0126944,4.307526
15.4589,8.981648
0.0554498,5.1227007
32.9177,23.698893
0.0,8.373399
4.17273,9.2147875
14.9119,6.7413816
0.0,3.0519757
0.0,1.7996196
0.214922,4.592387
8.44341,4.06492
68.0183,73.71758
34.3637,5.576852
0.232573,2.5292056
6.05792,25.260368
0.0,3.9120407
92.2528,74.05458
19.3196,9.876195
0.0363331,4.1707807
0.0,0.31244755
4.97765,7.6771927
3.12215,2.934042
0.632073,-0.98892474
10.4682,11.709456
0.0,18.672064
0.0703554,6.1090536
1.67192,3.225826
3.10325,10.489672
13.8431,7.169674
45.9377,34.93321
7.56916,6.731845
2.9901,5.4022493
0.171902,3.285204
0.0214629,4.1970305
0.0227304,0.7171643
8.14864,6.1077166
31.889,34.05612
11.731,7.9921455
0.303486,7.2644005
0.0219259,5.960253
0.0261254,7.58459
4.76093,7.481636
0.0,2.532731
11.5518,4.4971313
5.52068,5.110818
5.52068,4.881218
0.0,5.0629606
0.0,5.8154793
0.0,5.515849
18.9926,14.369768
21.4206,13.41974
24.0097,27.18154
30.2065,41.913883
35.0216,20.137285
0.0,9.158251
9.4149,6.582801
0.0342283,8.597382
44.4718,65.63034
0.0949071,4.27419
9.4149,11.581481
221.788,96.13674
4.14783,7.324937
0.0,6.8682413
135.592,113.57456
0.514458,6.01138
38.704,36.925724
0.0,4.6678457
0.0,4.094285
0.0,4.0979114
7.10394,6.9923925
0.0,2.9779468
23.1255,19.325508
21.8819,14.522489
6.70053,16.504477
10.8334,6.476077
0.0,0.26764703
0.0261254,-1.2833896
2.61957,5.3844833
9.31878,19.673769
24.6485,24.559122
8.46153,7.693115
0.365576,5.2242036
3.69482,10.045959
0.0,3.694147
0.365597,3.266702
176.34,174.22804
0.0,5.182365
22.0206,23.448637
0.0,4.987113
4.68189,6.6848116
0.32105,6.564947
0.111391,3.4495096
6.71604,7.378397
19.3196,34.946953
8.74772,7.9908743
0.0799965,2.9486356
0.121849,7.419985
0.0,3.8180463
3.90475,10.751826
0.0649161,6.6984663
34.1624,28.526466
0.0490445,4.689128
0.0,-1.5253849
17.5005,8.295082
0.0,3.7195792
10.1436,9.464581
2.30368,13.484401
9.91484,6.058544
0.0,3.4523454
0.387485,4.4681854
0.0,7.643695
0.0,7.349883
0.0,5.0182858
0.0,6.065442
0.0,6.2997923
0.571642,3.5714805
0.0,7.6867294
0.520366,5.564459
0.251966,6.504758
0.0,10.382336
0.0,4.046243
0.0,2.5177422
1.0217,4.7495966
13.1307,9.426963
0.0,4.8908377
0.0,5.2097054
0.0,3.6520193
0.0394029,3.608612
0.0,5.1908836
0.0623447,6.2862773
15.4758,16.92811
10.5992,8.880439
0.164682,4.461113
12.6111,22.29941
0.97247,2.899021
3.51916,14.475259
30.084,10.737946
3.1273,3.3930945
3.07823,10.844452
0.143577,5.42717
8.58381,5.456013
61.7468,44.938717
6.26589,6.987053
22.3011,29.916721
4.06813,9.356052
0.0,2.2162638
6.83028,3.9710479
0.0,2.84495
0.0,1.7879599
0.0362784,3.2472527
48.5601,48.21417
3.18997,2.8747573
21.4822,9.018559
2.62049,4.5496593
16.3663,24.329256
0.0,4.361066
0.0,3.8249664
0.0,3.7301173
0.0,5.7978816
0.0,2.3518817
5.87127,4.577038
2.59898,3.277291
29.7185,22.229145
0.116408,5.118261
11.5285,5.966174
0.141645,21.441326
0.0635397,3.4476647
0.0237853,5.9425354
0.0393173,4.7990365
0.115847,8.01808
26.1965,49.45276
0.0,4.5506163
0.991837,5.0880947
0.0490979,6.3353934
21.7379,27.652906
0.0211065,6.573594
0.149176,14.012421
0.0,4.0672097
13.2085,18.419462
0.0,7.988164
0.0,3.6618967
6.82818,5.599283
14.3858,6.9337215
2.33011,5.625285
0.0514166,2.7404027
0.62692,4.335044
4.82083,6.0963774
0.0285195,4.8906717
10.0115,9.908398
22.0206,13.866832
5.57806,3.497666
6.08398,5.660426
0.227111,7.7864103
4.17273,5.7191687
0.530209,3.4796202
1.80628,8.2899
0.854401,2.8508406
0.0352722,2.4259837
1.58275,4.050949
0.0179047,7.013727
3.8158,4.493148
5.60303,12.567975
43.5617,31.11583
7.45222,8.778052
6.03438,6.2896404
2.19107,5.9480963
0.0,2.80294
0.0962253,3.8776445
0.230591,3.6941624
0.0774752,6.1568995
0.0351588,2.9054203
0.095025,2.7896209
0.890394,2.957484
73.3896,82.90989
11.9097,8.991512
0.209044,8.018653
0.0289154,4.947079
0.0217999,3.8321342
24.6137,8.047486
12.3578,10.072169
0.0946006,6.389597
0.0,4.5016856
0.0,2.9572437
0.0987718,7.3371916
1.21839,7.8860884
0.208046,12.89368
30.2328,5.2184944
48.8333,76.60803
0.0,8.731159
4.33811,7.4532385
0.0174847,4.4110622
0.19158,4.5173435
20.3765,13.419819
0.0,5.3474703
26.276,23.302841
0.0,7.611822
0.0,8.618421
77.0235,48.84438
0.0,8.30411
0.0,3.4116845
36.2545,29.985893
181.385,16.755522
52.9832,29.368103
5.69682,5.810129
6.28107,11.469063
0.0,1.2771323
0.0,4.6005926
2.36522,3.4467282
8.51827,13.419911
0.0,2.0600066
2.57179,5.237525
356.985,227.52058
0.0,3.901162
21.2436,10.8455
0.0,4.1881166
3.73044,2.2227716
0.0,6.492923
4.69642,6.632987
0.0,5.166888
1.47245,3.0890608
1672.53,690.09814
0.0195521,5.131097
0.256118,5.6448116
11.3911,12.793348
11.1783,9.241053
0.0,3.680865
0.0549919,3.4419484
0.22173,4.416231
0.703189,5.7414656
0.0606207,5.62621
0.0,4.8886294
41.2146,28.300304
0.0,7.2304115
9.4149,12.877036
0.0771056,4.1729884
0.0,3.199451
0.0,4.7207785
0.0,3.1072145
15.4687,10.877988
0.0252579,3.8850682
6.37074,4.496044
30.4823,9.87718
31.4133,23.474447
2.41248,6.8036795
0.0,4.3136296
0.0,3.3733773
2.64879,1.9260553
0.0,6.0315704
0.0,3.9201097
0.0645255,4.295836
14.5101,4.1449394
0.0,4.553596
0.169072,6.403105
14.2376,6.5572605
3.43098,3.5766659
5.78663,5.5603275
0.0,7.1848
1302.44,1086.9111
0.341334,4.680485
11.9172,13.504267
0.0,66.21632
0.0525717,7.7917356
3.13552,4.334724
0.0,6.5220556
1.28297,6.29279
26.1965,14.535486
0.0757449,5.1157513
0.0,5.663552
0.0647448,4.7985315
0.0,7.510503
0.0,10.308028
36.03,61.867683
0.0,5.3724966
9.45517,8.584464
40.2252,34.481995
24.4512,15.833878
14.4787,15.687032
0.0,11.444417
0.0995891,3.74584
238.224,503.28357
0.0345945,3.073748
0.0,7.1208735
135.162,75.36843
0.0,2.111701
0.0,4.64458
0.0,-3.229987
0.0,6.5447464
0.0,3.8853714
0.0,3.0391665
17.7602,36.32653
0.0,5.900549
11.2706,11.533559
0.428143,9.402135
0.146754,5.009904
32.3678,18.46126
0.125719,2.864694
0.0,4.06291
0.83686,5.938574
0.0,3.981921
5.41455,8.346031
13.2992,7.2624016
10.067,9.802907
18.8462,13.94211
6.7931,3.9130678
0.99531,4.2214136
0.0,3.3732638
0.0,8.304313
18.209,15.509773
0.0136762,5.6135364
0.0,7.5365744
0.0,4.829361
10.5207,6.908497
0.0,5.772067
10.9573,15.109051
2.12103,5.933117
11.4533,18.475922
0.353843,3.4994557
10.1206,25.80174
7.61384,9.6980095
4.16915,48.62687
22.852,13.782991
0.0698271,3.91967
0.0,2.7993834
16.4448,9.445832
21.6632,13.926805
6.81054,14.202509
2.1598,9.487884
9.59899,8.689705
0.0,3.918805
0.0477546,2.9637685
7.72727,7.2142076
0.0,5.704879
0.0,3.5239782
12.3755,10.684718
44.5184,49.596745
0.0394935,5.9615383
60.3458,105.26417
0.222996,2.4720984
0.0,2.2209024
20.2039,5.7710786
0.206719,3.2669535
0.0,8.5711155
0.038955,4.5589647
48.1875,52.290543
0.0,8.581435
4.39554,3.055113
1.51571,1.6116284
8.46153,6.500886
0.0,4.092018
0.0190806,1.5255415
0.0,4.834601
0.534861,6.879856
1.83748,8.025903
0.756573,5.6778107
0.0,11.228653
0.030325,4.4443254
157.205,62.219185
12.3976,6.602297
1.83906,4.6748543
0.0,5.336231
5.97234,11.354343
0.0894583,3.3058448
0.0,3.3594174
0.0,5.090618
6.57905,5.0737896
27.5158,31.962477
2.64048,6.9323874
3.80978,-0.58199286
0.0,5.636233
0.571642,3.9293132
0.0617622,10.340404
11.1801,6.8093653
0.0,22.174187
0.0,5.2410293
0.0,4.4128656
7.5427,8.3975115
91.3848,72.236534
8.24252,6.7818165
1.58275,2.761001
0.0,4.5812845
0.0,4.185313
0.0,3.987477
19.8674,28.628109
0.0,9.417781
19.787,23.501907
31.5645,17.981405
28.4785,9.773229
31.889,26.985912
7.90835,3.9374237
0.0541491,2.9244936
10.5207,10.166018
19.633,27.017113
6.18583,10.783091
14.2404,3.9574585
7.70039,7.610571
0.184332,6.538683
69.8851,53.341476
0.0730304,2.495277
0.0,3.8185124
0.0,4.6418138
1.15678,3.0202124
0.0212106,4.105856
10.0675,4.821131
0.346404,1.7358305
0.0198536,-2.0123513
0.0,3.472629
0.0,3.8325806
0.0319741,4.863248
0.0,7.5871935
0.0,3.5051126
0.32082,4.0346746
64.5569,60.26838
0.611214,3.3097816
1.7845,2.8292773
17.4135,14.337841
75.2078,115.57823
4.75134,11.811181
50.821,18.733593
0.0384637,4.4711084
0.0478686,25.217234
9.22554,5.2157316
0.168757,7.24492
12.8594,11.803957
0.0,3.0154877
0.0,2.165358
6.22231,6.195747
0.0,8.718882
29.3384,19.950834
17.383,10.994569
0.0,17.810959
0.0713237,8.345628
0.0,1.5128174
0.124839,3.9163356
0.867243,7.86847
125.393,37.720146
0.0,9.370652
0.472333,4.420948
21.1058,20.936518
0.0,6.2784495
4.83247,2.5982049
12.6572,10.009744
1.28817,16.63043
0.0,1.5628057
0.105977,3.6410828
7.1822,4.3842154
17.4142,12.867641
0.0,5.976552
8.18569,9.669087
19.3196,13.58493
0.387361,5.320262
0.5899,2.2982464
0.0,15.621831
891.877,441.86047
44.8206,52.690815
10.4622,4.159313
0.0,3.9079504
6.32027,6.1711626
9.57138,10.600264
0.0261254,2.4840252
0.542696,14.0696945
17.0383,32.20417
87.0906,116.62613
12.4461,13.596087
0.00683674,3.276101
14.8348,1.1499603
0.0,4.162508
14.8916,35.197815
19.7705,15.839234
0.0,6.8644266
0.571642,3.0895545
0.0317711,0.90562093
22.0206,19.659632
7.42939,51.539577
0.0995542,4.5013027
0.0,0.38745856
0.645114,2.2151294
7.29843,6.559888
0.0656227,3.542468
0.853314,7.6421614
20.3512,19.35217
57.1242,46.939194
6.28842,7.4561386
4.39261,12.762914
16.167,17.168882
0.524272,5.2376795
4.76998,5.5867176
3.93496,3.9407344
0.217464,2.0233383
11.6433,4.3475847
9.31878,14.840002
21.7362,20.15845
3.33394,10.400978
0.0125551,4.1972094
0.0,1.6217394
0.921524,3.6874232
0.0,5.187662
9.29231,5.8373737
0.0,4.123633
15.7724,17.093119
4.74985,5.232183
0.014401,-0.9525008
0.839809,10.729035
0.0,3.6640325
51.8681,29.826023
5.34906,4.3931236
0.0296009,5.071217
0.0,2.3068423
0.156579,6.906419
0.0127135,5.297255
68.9289,53.578327
10.5573,8.900982
17.243,4.8100977
0.0,0.2785895
7.25476,10.40583
0.0,5.1678104
11.2349,15.668712
3.8158,2.3701477
0.0552115,10.83172
35.4512,30.584522
1.55944,8.653832
0.0377064,2.764125
0.0,4.7700663
15.6812,16.161753
0.427559,33.97611
7.11868,4.347742
5.0024,5.5962415
76.8259,36.82346
0.089359,12.009905
0.0,3.9159918
0.0,3.554676
0.0,12.089563
7.14585,5.8065825
0.0,8.918645
0.0184449,2.5717182
0.0391943,5.3843217
0.0,5.88243
120.835,60.072845
0.116668,3.550041
0.0,0.97080183
5.73474,4.496296
12.39,9.229171
0.0,3.5746553
0.0,4.350543
0.02025,3.8658938
0.0,6.1744804
3.1273,3.3498101
3.9033,8.1347475
0.0,2.0999763
61.6673,30.429766
0.0507568,8.816063
1.53848,749.292
0.0349215,8.316469
0.113526,3.1634
17.9272,18.324162
75.0053,60.841343
0.0,5.333134
0.0665475,2.0081067
0.0,5.9136424
1.81373,8.493068
11.6433,12.298872
38.3952,61.91858
27.6481,25.47303
12.3842,5.229107
22.1879,13.9057
0.0,0.5896361
3.65365,5.553281
39.9955,18.573929
63.2181,4.2831445
0.0,2.5603259
36.0506,18.84437
2.18458,2.2796252
0.0,2.4912539
0.0,6.153347
13.8586,21.521196
0.0,7.825876
0.0,3.8544068
4.40566,4.768858
0.0,5.2094116
6.07327,7.2936983
0.37654,25.409023
16.4448,16.635773
0.0657912,4.0266747
0.0,7.0527573
11.2349,6.6697054
0.0,199.52745
0.0,6.966242
0.0,4.9819283
2.87896,5.918013
28.0828,13.53968
0.0308697,3.4162326
1.13373,1.6823487
6.43976,6.459366
0.0,2.713496
9.75266,13.902216
0.0,3.955379
0.0836621,4.703534
4.61178,2.512003
148.617,119.95343
10.5992,7.28586
0.0,4.687527
0.00808029,2.92049
3.7689,6.207226
45.9852,4.4671326
0.0,4.918288
120.835,125.55576
0.328867,3.1352248
6.18583,5.22624
0.0,7.784215
4.21318,2.7277865
38.3628,31.231167
2.24119,5.2408366
3.29546,5.1096773
0.0,4.266609
0.0,5.4764166
10.5207,11.053593
2.96613,4.793866
0.0,5.0708256
145.657,94.05564
0.0,2.887434
9.4149,11.680703
12.3578,12.634416
9.8623,4.268437
16.7023,11.113121
0.835289,5.61152
0.0,3.3898504
5.22253,5.6933823
46.9646,56.03832
4.24435,10.157958
35.0216,43.130318
0.0,9.695062
0.0,4.792706
0.19443,0.46846032
0.0,8.360933
9.68664,7.0083723
61.7468,45.673363
0.0,6.4071617
6.32027,4.3877983
0.0,4.1889086
0.0,2.9834578
6.97012,11.838861
0.0,4.065126
47.1238,80.16418
0.0,3.212242
0.0,4.033752
0.0,4.1375575
0.0262574,-3.2044423
0.0,5.2141876
30.2674,20.211697
0.199702,5.124712
0.886348,5.933361
0.740412,7.8200197
6.69756,6.333168
0.0522609,1.4045713
2.03327,3.7112823
22.5331,34.639725
3.41662,4.9102755
10.5207,15.600164
5.38437,5.9969597
0.143328,3.337142
0.0,4.8489256
2.35076,4.0349627
16.2922,5.831279
3.41662,2.7703602
0.0211757,4.3910522
0.0981816,4.621255
9.66222,641.7365
0.269299,0.92850053
22.4149,17.712257
113.662,88.483665
540.622,494.73926
74.3385,65.468124
0.0,3.7234006
20.9772,31.24166
5.80679,14.354196
22.0206,11.926165
0.0,3.7083511
0.0,12.765036
0.1352,3.6589088
1.70629,5.006324
7.18879,4.650667
18.8462,18.876999
0.0,3.799879
0.143909,3.5957713
9.4149,5.7379093
14.591,8.508818
1672.53,579.11456
30.0952,41.821598
0.0,3.658129
30.2213,14.523752
53.3411,34.87837
8.08582,8.935156
0.0420718,8.049599
0.0,3.8947937
79.6712,56.243317
69.4052,62.772076
0.0237487,14.963095
1.05541,2.8541296
9.9046,4.716503
0.0131872,6.3257027
4.80848,4.543395
0.0596386,6.9361343
0.0489275,57.139343
0.0746303,7.6592083
0.0639686,5.961337
0.232687,5.887088
7.69668,39.91971
6.81067,11.413324
0.0,4.2172513
7.87027,5.035413
3.76207,3.7160378
0.0,5.6189775
0.0300586,6.4118958
1.55598,5.9324
9.4149,5.097509
18.8462,27.741125
0.0,5.350917
0.0,2.119998
2.3241,4.8103495
0.0,1.3306961
39.8526,40.915844
0.0,1.8497722
5.5763,4.691251
0.0,4.899066
0.0,2.8757305
0.0,2.6504576
10.5063,22.037994
67.9551,32.241085
34.8431,19.31275
0.0324436,4.8006916
0.0,4.0023775
0.275841,9.020863
5.54151,4.0302253
2.23965,4.2776585
0.0455041,3.8444242
8.84736,36.75558
13.534,8.841137
0.0,4.752201
51.4147,-0.02780509
0.0,4.4495993
0.0,6.203417
4.9521,3.2747097
30.3886,9.292012
31.889,34.8719
17.9989,6.8213987
2.3316,6.817996
0.0,4.849024
0.0261254,4.0443306
8.07476,7.1251535
0.0230806,2.6966524
0.146497,7.538742
4.81092,6.4846296
0.0170318,4.869592
0.0303929,4.225776
10.2388,15.770827
0.150153,5.798662
0.0334164,4.3636575
0.0303503,7.177373
0.0,3.9679823
22.6392,10.280634
0.0,3.1632822
1.71379,3.9437778
1.12688,9.050846
0.0,2.7136736
16.7626,12.542432
2.15402,3.6090467
0.0,3.0163927
0.0,4.2197576
20.945,25.714191
0.0,3.446979
20.9074,51.58479
0.227306,5.560339
6.34684,11.024934
0.0,2.7072117
1.2552,7.6091967
0.0,6.3338
0.0606471,-0.002683401
13.7491,5.0532517
1.44539,2.2368608
8.146,4.484084
25.4982,12.486918
0.0,3.434317
0.0544411,5.07648
4.15016,4.0928283
0.0806803,7.5170918
0.0,5.332053
0.0,4.2031746
0.0,4.6936235
5.90719,9.449383
12.5311,8.919
0.205377,2.6994066
98.9403,31.29365
8.18259,9.22296
0.12809,7.6882753
11.8329,10.023755
0.305574,7.94497
0.0725104,3.1257067
185.622,4.1596127
3.17315,10.066739
0.0,5.2134953
209.235,191.17766
0.0,4.6497
11.3911,12.483153
74.3385,110.2452
0.613162,4.1085806
0.0219642,4.9970975
0.0,4.128508
0.0527842,2.8947809
16.5368,5.683875
29.1051,32.92962
0.116408,5.110482
23.0341,7.942359
0.610725,5.2760725
0.0,4.100536
0.0182915,4.0837603
14.6294,9.108311
0.115845,3.7223382
1.34291,5.952635
0.0,5.7293444
57.1107,28.985613
0.66808,5.725051
21.8505,25.60246
0.025486,6.0035768
24.5835,28.430082
0.0,3.6220136
26.6832,16.603844
0.0265841,5.852274
0.00820536,8.948988
0.456626,1.9791553
0.622454,5.445118
31.2011,30.234713
0.0,21.543776
1.7973,7.130451
1.70305,3.0728424
76.7571,245.04274
7.42939,23.608952
30.2705,15.5369835
3.95531,6.4516993
7.93361,8.473286
0.0850534,2.847045
0.0,5.991678
81.5728,43.981594
26.037,23.918358
20.7926,18.12711
78.7397,127.74466
1.02618,5.0025406
0.0,3.87712
3.84675,3.6528974
0.0482619,2.3076382
0.0,2.7820687
10.5735,13.176055
6.78202,11.538995
19.4462,18.747969
0.0,4.6891255
8.26953,16.11519
59.6358,31.895227
0.0,3.0424938
10.2945,10.140676
15.0934,7.1569214
22.6392,34.056442
16.5349,11.962454
0.392164,6.917141
1.47888,5.2995586
10.3538,15.011676
6.12865,2.844364
28.0426,26.869822
0.097461,3.2844572
0.201017,4.862431
9.7083,8.983591
19.3196,16.397196
82.2596,82.631714
2.36522,3.5685828
0.143328,5.426591
66.0095,25.125885
39.572,37.15584
1.51571,1.532229
0.0,2.813472
0.0,4.277314
0.0211106,5.8431044
0.0317417,3.5603318
0.0,4.843337
0.255391,11.805236
5.33008,11.239028
0.155749,3.201596
18.0724,9.700225
3.62445,3.7367191
0.0,-1.0102105
52.7999,33.096996
0.0,4.3521166
19.2125,8.510286
1.18369,2.5832944
0.0,4.1997213
0.0,5.316226
28.8841,20.069334
19.8113,15.444916
7.52572,7.620099
12.8911,6.140009
34.4028,24.922827
5.19642,6.4412346
21.9927,5.865595
14.5324,6.976326
0.0,3.5278811
10.1699,6.1177692
5.87127,3.1711626
25.633,38.51536
0.259034,0.549767
0.66808,4.0288596
10.5992,12.948276
6.74064,5.805951
0.0324739,7.612872
0.0,4.151492
0.0,5.881069
0.0,3.5934486
0.0176521,2.9604578
0.0178514,3.4991255
2.31036,5.232403
13.6364,9.476392
0.0,4.5822735
0.19443,2.185823
2.59736,-2.6253827
23.1255,29.64426
12.9084,6.0448
0.0503214,6.2360888
1.93666,4.8875437
0.0,4.0815077
0.0231902,4.178148
0.0,5.1714845
7.88268,8.066111
183.037,123.07855
11.7261,13.819505
0.0355344,3.045632
0.0,3.0225177
0.0,3.26429
0.0,4.5188313
9.65741,17.53044
14.4902,3.4370463
0.0,5.695719
0.53003,3.9574864
9.18391,6.29818
45.1502,8.448304
0.0,2.8557913
81.5728,42.13207
19.4241,16.52332
0.0,4.9289026
25.836,4.838957
6.09922,5.7385516
0.0423201,3.9212801
14.9777,15.435264
0.105614,5.01299
39.734,24.701635
38.5003,31.877151
0.0,5.652983
22.3609,8.406556
0.0122792,1.9057798
29.961,10.09163
18.374,25.267458
2.29766,6.2951713
31.0359,20.366652
17.9397,27.914171
12.9993,11.384523
13.2632,5.44492
54.4632,25.26557
0.0645255,6.14106
0.0,2.1289387
0.0499555,1.2069409
0.106008,6.7685976
20.3065,20.005938
0.0,4.496666
0.110217,5.460634
80.984,85.88036
0.0,5.1104145
0.0734686,6.0815697
1.84062,4.4973516
19.0026,16.98454
1.33926,5.966324
0.123341,6.4404707
23.569,33.519783
0.196792,3.3151734
0.0286426,2.8923345
3.93496,4.1283836
0.0,3.7776577
8.42446,13.297291
34.0793,39.064426
5.72192,5.2043266
0.0,5.4612284
0.037876,6.7763615
157.205,49.32034
46.7782,39.242317
4.03114,4.6596127
0.0349957,3.8551705
0.0,4.4907694
0.0,4.296412
0.0252579,1.4651097
4.02702,7.325904
0.0,4.980508
0.0,1.1110469
0.0,4.3424554
0.152073,8.00817
2.36741,4.0134406
0.0304211,5.542507
0.0599749,2.3561838
1.61219,8.250389
14.3389,14.352627
1.89258,3.0942252
0.0,4.1798496
0.0,3.4496984
0.0,-1.5447371
3.34962,7.7578516
0.0,5.415409
0.465156,4.3708577
11.7182,3.0461326
4.82437,19.66839
3.62445,5.052532
4.08792,4.5608244
4.99398,3.62636
0.172966,7.184639
85.6316,15.4024725
28.9225,6.927104
3.48165,5.2344666
0.0,4.3430023
0.0,3.9639678
15.4048,10.381784
0.0,3.6586733
0.0,10.69554
20.7484,16.790813
0.0,5.8650727
0.0,4.561573
30.6925,35.658688
0.0471679,8.250937
14.2404,4.347932
5.39411,0.34636378
0.228694,3.4048414
15.9303,24.581747
0.169539,4.600046
0.0,5.059542
0.0,17.75551
18.7132,20.68349
0.0,0.95096993
0.0,5.1571674
17.5554,23.922169
72.2247,50.348667
26.1648,23.077372
0.0,3.589514
0.0,5.358113
0.0,3.4926958
1.13365,7.088933
0.221629,4.0910172
0.0,3.5192864
4.36892,3.7380776
0.161006,4.79469
0.0,4.246199
0.0,4.720319
0.462914,13.774837
3.62445,4.283761
0.0,3.607047
0.413808,1.1888494
1.39937,8.3180275
0.0,26.331472
0.0,3.9817579
21.1404,18.23957
0.193096,7.197386
0.534153,5.980898
0.0439518,8.393589
0.0933876,2.8808715
0.0,4.624236
14.8558,9.210577
0.194898,5.203582
2.14673,7.0588446
0.0549589,3.5036244
2.13995,8.363828
8.54713,5.051553
26.6832,26.89658
0.0,2.5847023
10.5514,8.43561
0.0261254,0.102552414
0.206719,4.0316625
1.85287,4.3033447
0.0,2.9724827
32.0812,16.973675
12.9819,16.868637
0.0,2.926271
0.0,5.941432
2.67242,38.407986
26.0752,43.023983
1.69153,3.7128904
1.17118,2.221475
0.0,113.09593
7.39755,5.2547684
15.5078,15.484297
0.0,3.3961568
751.657,415.36505
1.00624,6.1664095
0.0,4.353815
2.64652,4.2920423
42.2709,24.430624
0.146158,3.8119144
0.0,2.703244
13.2047,30.953745
9.86152,6.215378
16.643,2.9283888
0.0,3.5370173
1.34405,8.984307
0.0,6.347313
0.0,6.4609156
1.69762,1.6718498
9.19978,11.915087
0.0394935,4.3746195
0.0,4.724183
0.0,4.8944483
0.0,3.9347725
0.795791,4.4810057
1.45654,6.119052
0.0,3.0491846
0.0,6.0551457
0.0,7.2417984
0.0,7.744974
23.5049,18.653381
18.3641,10.451018
0.0,5.0418987
0.0848639,4.9584465
11.9358,5.0381308
0.0,6.3990946
1.62673,3.634136
0.511384,6.192851
7.28997,5.0652275
0.0498608,3.6183333
0.0,-0.76451015
0.0,2.202142
20.9168,16.237741
0.0,5.807814
31.889,27.334866
25.2336,20.61836
15.6962,16.52117
0.0,3.341066
0.0,3.1481202
0.55637,6.1856966
0.0199938,7.759533
0.0,5.0519586
2.78389,2.4117446
0.0,5.934057
1.93037,4.543521
0.0,4.019065
0.0,10.982824
0.0118779,7.1181145
0.0,5.0245857
29.1625,29.519178
18.2853,32.18375
60.8617,79.8165
54.5966,70.3244
28.3403,18.707157
16.2904,14.63472
4.4391,8.031629
11.7977,12.742074
0.0,4.138474
10.2463,10.160771
0.0,4.8112097
0.0,3.8449287
0.0711096,2.9239202
12.3842,11.6171055
0.0,5.34311
0.0,5.692264
0.0,5.115817
0.592882,3.6918373
0.183057,4.5133533
16.0255,12.971889
0.795791,4.8069906
10.8751,11.47967
4.61561,6.28609
0.0,3.8302195
3.34477,6.612891
16.2511,19.30351
0.103284,5.2195992
0.0478645,6.2513785
0.0163261,4.3068943
28.0886,19.550478
17.5578,11.094233
13.234,14.62837
0.0,1.0020353
8.58381,10.939947
5.34971,5.447347
0.0,2.6803782
0.0,4.962884
3.4566,8.770061
7.42266,9.658239
751.657,660.68036
17.542,8.547733
0.0,3.0060828
0.0,7.925585
0.0,6.1928034
2.91784,4.6680956
43.674,54.111065
0.0,2.3469863
0.0207426,3.8389444
0.571642,-1.4997034
32.9212,32.94192
17.0285,16.539257
39.8526,40.814472
21.8819,9.995536
7.96039,-0.70970035
1.34405,5.9780765
230.949,3.904625
0.275945,3.7875218
188.328,77.54385
0.402087,6.069683
21.4348,10.442179
0.0,3.6634328
0.0,5.606309
0.0,6.213249
0.0,2.9538946
0.0667938,3.178911
0.758408,4.4905148
0.0,3.1527028
157.205,39.640465
14.4598,18.205055
0.0,5.8063955
5.75467,6.6883125
181.96,5.6948476
0.0,6.392276
24.8424,13.308701
0.0,5.6567307
0.577704,14.195517
15.4143,2.6106198
0.0,1.8620842
0.0573763,6.008073
0.0,1.3640685
0.0,4.8679185
0.0,5.6460714
0.0,5.389539
0.154952,1.9191234
16.0989,9.477854
33.3482,11.649216
17.6329,10.9775505
21.811,32.593052
2.30486,2.7409072
0.0,16.606716
174.296,177.11621
0.0255319,5.030835
0.472333,4.404435
9.34477,4.0499105
12.6111,9.15061
12.6742,6.122344
131.913,63.02865
0.110959,3.8268776
0.037168,5.5653496
0.0396249,-0.29057574
23.5049,14.496366
1.78228,4.3846254
0.16364,6.2852554
4.21751,5.1178956
2.62049,3.6283915
14.7008,-0.61839414
0.0,5.3906164
7.65143,12.43141
0.0,4.952338
0.0,3.4049234
5.57806,6.231028
1.26098,3.1550124
23.569,24.044754
1.73074,4.0050144
0.0224526,3.854454
7.15964,11.49994
0.0310379,5.8264246
6.16726,3.8923888
86.3551,38.619545
5.47233,7.736411
0.0,6.653576
4.50938,10.741457
2.13995,4.1710033
1.91025,4.065816
0.0563765,5.3549423
4.53618,11.7008
0.0,0.6750972
6.81054,3.9380312
0.0184449,7.432064
15.801,10.745046
0.535877,8.242286
68.9289,32.682083
12.5903,11.204197
46.8588,83.20921
8.94272,9.720203
0.0,4.1467175
0.0,6.556883
0.0573763,4.979944
0.0714461,3.7547789
35.0216,27.23929
15.1906,24.900509
11.2349,9.229009
2.93695,7.727809
14.6294,6.881112
3.55067,6.947113
12.3831,7.3000317
22.5879,4.848193
12.0114,12.929055
6.86443,6.7424526
0.0,3.1893108
0.0167724,1.1212441
0.0,5.1606565
11.1321,10.264029
85.1751,114.41386
16.0206,16.898752
0.0,2.8356023
0.0,2.9842787
0.0,0.76485837
0.0,6.1845055
32.5693,42.043716
0.0929124,4.4951706
122.832,66.394516
0.196355,6.4669685
0.0787372,3.8399243
17.0036,11.714106
0.0,5.2728186
0.0,3.0240319
0.0,4.7569304
0.0,3.8999789
1.06308,3.4049664
11.9358,10.294809
10.3566,4.7191534
17.2556,7.846719
95.4293,113.66309
0.0364445,1.9735639
12.2817,17.635921
0.0,5.1188517
0.0598996,21.756369
0.914182,0.2340815
29.4994,20.253675
1.20047,6.92297
1685.57,1043.4838
12.3578,16.595222
17.542,3.0171435
0.0619232,6.967243
0.0,9.770993
0.125719,3.455019
0.542442,4.0430145
0.0,2.709774
23.5057,19.06025
0.0,2.891239
2.49685,187.41794
123.002,106.76307
0.0,6.8073273
0.353558,2.87255
5.18211,5.4640408
1.65003,4.853155
15.4589,23.343761
2.71362,5.640501
0.0,4.5826225
0.0,8.3572235
11.3771,14.372153
0.0,3.6037176
1.51978,4.4123983
7.78391,12.4106
10.2945,8.27898
0.0978433,4.466839
0.0,2.627997
3.83202,5.991645
0.0,3.2453573
0.0,2.3846614
13.3117,7.2313538
1.18242,11.3309765
21.2297,11.101305
0.0190831,3.8525138
0.328067,6.440586
36.5753,30.19635
0.0294058,5.6940794
392.591,55.39095
1.50932,6.1507964
39.0673,47.31777
1.47888,5.3812666
27.7434,18.66005
1.93037,3.8048472
3.07823,2.0089705
0.0,3.9486694
0.0,3.6496477
22.1297,11.131225
0.339008,3.6621997
10.1833,3.730888
0.0190806,3.4797573
36.1053,20.470362
3.8158,2.1248121
21.2977,39.3067
22.4628,-0.8609042
0.203133,6.418062
0.0,5.7385473
0.0,5.2919283
0.0,4.506298
0.0412964,7.147212
4.34811,8.317074
59.3129,87.83523
0.0393173,0.76864135
0.0,156.22507
13.2992,16.188967
7.84897,12.702863
24.3894,39.147854
0.0,5.0304174
2.0112,15.060703
75.5545,71.381714
23.1255,23.974981
0.0734416,2.625561
0.0,5.2632623
18.333,26.403023
0.180604,3.2352333
0.0,6.2183924
0.234036,2.8645492
12.2701,14.052299
0.0544604,5.2675767
0.0,9.060515
0.0,4.0881476
0.186621,3.7913027
16.0812,6.7136736
0.178177,6.2327447
0.0362889,5.0415535
64.3365,85.50795
0.0,3.5251446
3.49699,3.6870115
0.0489275,81.400345
1.78228,6.759142
0.0,6.6951723
0.0657912,3.785997
8.60684,12.625329
4.17273,6.542961
140.312,88.886826
20.3765,10.391958
0.0,4.5866337
0.0,3.7086627
27.9481,19.913269
0.0297383,4.065631
75.7574,38.074387
0.0,4.9582524
22.0206,31.85686
0.0,3.3146863
0.0,5.2561793
0.0,3.6510072
1.74816,5.5855274
0.0,4.282011
5.85685,5.355548
1.22844,9.71557
4.58028,3.7441096
11.0804,21.132029
93.6522,107.66241
16.9918,5.099682
5.34971,11.221965
0.0528512,4.997507
0.530209,3.620106
28.4969,86.39776
11.0919,4.952795
0.0,3.3591027
3.41602,16.761286
0.0,8.804704
5.16592,5.320937
1.18369,2.95423
0.0,4.8577356
115.366,88.694824
24.7117,22.82196
0.652652,4.1653976
4.61967,10.30664
8.46153,4.1447515
27.5158,15.291406
60.3985,84.104546
8.82209,14.489311
8.35015,8.674121
0.0,3.1370828
3.67574,6.0752554
0.0,-2.224291
0.0,4.6875095
0.0,2.836035
0.0,3.7029104
2.12334,4.2737217
48.6651,54.84606
0.237729,7.0814896
148.617,76.36215
0.29633,6.791006
3.54183,8.669354
0.0,2.843518
0.258242,3.5471468
0.0,0.79959476
4.53936,5.7347198
0.0,3.317739
0.577968,2.0460396
0.0,6.3482084
39.5207,47.270065
85.4138,89.14706
3.84818,7.206607
2.16327,2.5376601
21.4931,6.846324
0.72781,7.317156
0.136922,4.484414
9.12761,16.2199
0.0,5.495652
0.400363,6.2072415
0.0,2.6766534
1.17735,3.4767914
0.148432,2.7535872
0.0261254,6.1293316
71.4958,29.80276
1.5408,4.990202
18.2572,6.858673
7.00152,6.666027
10.1609,7.197632
9.99949,13.812786
0.0285713,1.8655689
6.3398,9.674705
5.98211,8.273243
19.2195,4.202029
3.16409,5.5172343
31.889,18.822952
0.0,4.814304
16.0255,9.43021
1.20083,3.5257196
59.4508,42.92211
67.7779,46.744488
0.105717,3.2504866
7.81582,9.092885
0.0,7.2950716
0.151285,5.0103173
5.10657,10.971063
2.47586,3.9274485
0.0413947,2.6644418
31.6391,19.605509
322.11,167.40584
2.6408,6.957016
17.5005,9.588548
0.0,5.694164
0.0,4.2522416
0.0318162,6.377653
11.7182,3.3275828
5.1564,0.8731414
0.300234,6.1809063
0.0,2.4710257
3.42381,2.7509692
0.0,2.3006122
0.0,3.4364347
23.0404,34.2014
0.228174,10.5264015
0.0,4.2504854
0.0,5.723979
6.4931,6.427984
1.45222,4.1510086
2.8793,3.5815926
0.0,0.9514853
0.26397,16.635744
2.56798,7.7697287
23.0388,14.721995
2.49685,209.78278
13.3899,8.393671
0.0110213,3.4889116
0.0,5.7954836
0.0,3.2555296
0.0,4.3018875
13.3042,7.504567
0.02025,6.9657383
0.0,3.5184731
0.0460222,34.684155
0.0,5.9864855
2.62049,7.133791
0.019555,4.483242
11.7892,3.279575
0.0,12.163561
1.47888,4.3663535
53.3411,14.260948
8.54713,3.3146443
0.0763142,4.3256817
0.0136762,7.768239
0.0,2.9636295
0.012278,2.6736095
60.8617,54.515182
0.0105002,6.540756
0.0,0.3651216
14.0127,7.481986
0.0148745,1.6853712
0.0,5.866742
0.0,3.346967
0.0,4.802133
0.0,7.9982204
38.704,30.049984
0.0,3.5828967
14.4733,12.089088
0.0,5.5163603
6.62436,7.846346
8.30447,4.7884808
0.0,4.4162326
29.102,27.739893
2.95776,5.1332207
0.0,4.3384643
0.0734416,2.5289054
0.516177,2.7171857
1.26475,5.6382647
0.0,6.0997696
7.88354,16.613144
18.4152,13.255548
3.56435,10.783095
32.8704,28.138014
7.81582,8.830924
5.03248,3.4832983
0.0,8.200661
0.0115032,4.5595436
0.0,4.5229626
0.0547589,41.413124
14.6375,9.365306
93.6125,84.009346
0.298915,16.273993
0.0,5.193139
36.8233,25.8595
3.60053,3.3531632
0.196835,7.884691
0.0,5.4171658
19.3196,16.979918
0.0718414,2.065244
0.0300559,4.230744
0.0,12.664958
1.82111,3.2731848
0.0,6.2441683
7.14585,6.607379
1.79805,3.3553314
0.0,5.5134
0.0,291.74994
11.7739,10.098515
0.97247,3.7521749
0.0443425,33.624153
0.0,9.367619
0.0734416,2.8345613
16.6398,5.1655188
39.0798,30.69677
146.296,45.6413
0.0,3.0738645
0.0,7.010001
0.0362284,7.924428
6.87894,5.4010315
34.3395,17.629488
1.53964,-0.35931754
9.66222,699.82996
11.7977,10.578325
0.0236473,4.637161
86.3551,80.35905
8.4425,6.8242474
0.297588,57.83602
11.9537,8.282988
0.0,9.215428
0.0,3.9874496
8.61474,30.46097
0.0,3.6114032
0.196792,3.0927472
0.0,10.017165
10.5992,10.600352
0.0161967,6.076579
541.09,5.866539
0.0,2.6025975
1.66053,4.737431
0.150147,26.046314
46.6668,60.848152
18.727,42.97227
0.551099,1.1674377
0.152073,7.373781
4.85574,9.875163
0.339197,5.5244694
0.0365124,7.0722504
1.61069,3.3974586
0.0,4.333349
0.0,6.5930777
22.0206,19.592213
0.0,4.107392
24.642,17.66871
62.5706,95.65696
9.4149,8.628452
19.3196,14.7577505
1.79176,5.1401405
0.0,5.6779594
0.033392,1.5712063
29.5061,23.271368
5.59409,3.557218
9.97241,9.976622
0.486461,4.3910294
15.4538,17.410852
0.613162,3.4124777
4.0929,-2.795863
0.0,4.313077
4.33894,7.5217657
44.5136,91.400024
6.84908,6.7957077
22.6392,35.09111
0.209847,18.476326
12.0077,10.529222
0.048191,4.8683634
29.2481,24.03768
0.0789655,4.23118
0.0,5.147688
0.299788,5.6993074
0.0,4.3005514
0.571642,2.8319082
1.50409,9.711792
4.74985,5.73073
11.0977,11.469326
1672.53,366.4349
0.0,-1.4150612
0.0603654,8.700411
0.218858,3.8876836
0.0,2.0488207
127.163,95.14019
2.73993,3.385236
22.0933,24.720472
0.0,10.067729
0.0,3.6657367
0.0,2.9701688
16.651,16.09618
1.49864,6.5216627
0.0,7.373396
0.0,2.4877977
91.3848,100.95545
15.1496,5.745184
0.0,4.7856617
0.0,2.6545453
0.00788695,2.9374218
13.3117,13.250988
44.2719,3.4452608
0.0467182,3.4729054
0.0283879,4.7019405
0.0,3.2129035
5.33008,5.806772
0.0,4.1456995
2.69744,-1.7850273
0.0,4.2409215
0.454176,4.4583993
2.29405,2.8328142
12.5145,10.046741
3.78142,5.7568817
0.0624081,4.536138
5.27679,5.8608828
19.4462,23.149158
1.14344,1.5867722
0.0,58.993687
0.251745,12.242876
0.0,4.2955856
2.19578,-0.51994395
50.6105,24.733356
6.34757,5.8635893
0.181771,5.0645523
0.03713,4.044134
0.0,6.0926247
33.7587,33.813004
0.0,6.1691294
6.94088,9.592057
18.9632,23.42118
7.13458,7.065181
0.0,3.159131
4.97182,8.194458
0.0,3.7312014
16.1769,22.410234
204.063,221.5532
74.3385,88.13928
0.784984,6.97478
1.26098,4.9796143
29.961,32.69161
0.0,2.3770914
27.6481,31.109226
2.73993,2.305798
0.0,7.4212513
0.0,10.626766
7.28997,6.0369964
0.0,4.1661034
71.8092,64.87269
4.3151,9.976756
16.3631,21.994123
0.816466,40.48946
0.230342,1.5317526
29.3097,4.6610823
46.7864,32.396317
0.014625,5.3571997
47.6788,23.584291
0.0,6.63655
39.6085,33.85188
0.0,6.9712343
0.0,3.3888187
0.52848,7.2281275
0.0,11.14837
23.9789,9.485865
0.183,3.8290243
0.0,4.664728
0.0662744,6.6942606
0.0,4.191402
11.3911,5.723934
0.0225315,1.953073
0.00820536,5.0755515
0.0219455,4.6219244
6.23975,4.5208573
5.19755,9.388304
0.0,4.7535152
4.06891,6.5297337
2.38796,2.9102516
2.84027,4.5577927
6.14369,3.6354632
9.4149,5.23199
4.75134,3.2455437
10.0159,4.8727236
9.49865,15.462204
0.0,2.9823709
5.57964,4.045215
0.202142,8.297889
0.0,4.3915997
0.0551186,8.01461
0.0,4.6957135
0.0339202,5.7966137
0.0,4.3392467
9.4149,6.5678453
0.0771056,4.518585
0.0142934,5.1391954
75.2078,64.34952
0.0769879,4.5362773
38.4291,44.386906
0.0,3.6512458
0.0,0.7417815
11.5518,17.387522
0.490718,5.282381
0.0531632,4.86074
1.28642,3.308076
37.8184,17.598568
1539.74,842.53625
6.42352,3.7602656
0.095025,3.1434748
0.0,2.8254733
6.42487,5.8282857
0.0,3.7225318
60.8617,66.64898
0.0,3.9139552
22.4149,23.30447
0.0,-1.1745853
0.0,7.9814806
0.0,10.089532
0.0905739,4.0738773
2.61378,-0.098193645
0.230591,6.0334806
28.3842,8.938445
0.396953,2.8720374
0.0,5.708395
21.1136,19.563639
37.887,10.601098
0.0,44.72644
1.06258,3.9885569
4.3848,9.521183
2.59898,3.2403355
0.222996,4.3806725
3.62445,4.0352383
86.3551,85.8201
0.0156218,5.061365
9.22554,7.1063147
6.90883,9.69972
0.0,6.019265
1.14149,5.1021957
0.0,1.1422834
44.2972,25.6727
0.0,-0.01580882
92.574,101.42387
7.14585,6.5857067
6.35077,6.9626884
0.0,8.011616
24.4512,17.348982
1.11007,7.3373003
0.900053,5.509169
31.6466,8.423979
0.0,4.67144
0.267555,6.846819
67.7821,42.53635
7.38977,7.3931684
1.54364,5.3053007
11.6114,14.820234
0.0,3.5395575
5.30832,8.390911
9.4149,7.1495676
0.0,5.256916
0.512127,6.123163
9.22554,5.1951056
0.0186081,5.590844
0.184332,6.659198
10.8169,4.876396
0.0620266,7.699188
0.0,2.9520612
4.63381,5.5247536
6.41431,7.1923723
11.9164,7.0336046
0.0,6.5909567
0.0,8.218178
0.0394935,4.5792103
0.310805,13.300711
169.204,148.93367
6.86754,12.888512
6.83028,14.3483305
10.7538,12.669067
12.6742,17.211489
0.0,1.2012175
22.6165,19.125238
0.0,3.99433
0.0,4.0555162
0.0,2.4436345
0.00453811,4.1303754
0.110959,3.2444842
18.2498,17.698994
0.0,6.5301466
22.6392,21.567265
0.128932,3.7838883
0.0,3.698556
77.0235,58.990078
0.328541,12.697298
7.52572,12.314032
0.0,3.6370242
5.73377,10.190507
3.81813,4.2892027
0.0,2.8015432
0.618823,4.7169495
0.0443369,3.5379245
0.534143,3.4100394
0.0,4.265357
1.44363,5.254834
45.9377,49.000095
0.0134532,3.658101
0.0,4.073702
0.0,0.49532783
0.0,4.156474
1.85125,12.987618
0.0355736,2.028612
0.0,4.7128553
0.0,3.313075
0.0362784,3.5308435
8.26953,8.0218725
3.95256,7.088463
0.122466,5.0477886
0.0,3.2865264
109.889,90.42305
16.0687,13.8705435
6.49558,13.047215
22.4149,24.992233
0.0,4.39443
18.7132,28.24875
27.9437,14.26334
2.76463,23.719133
170.167,160.95407
73.6762,45.876896
11.3911,7.1932917
0.0,4.1157074
18.5874,26.182821
11.5871,8.552233
4.85934,5.2439775
0.930334,8.283118
26.1965,16.056541
22.126,16.60753
0.0572996,5.2083864
5.78663,4.6561265
0.0441422,5.5721
2.12334,5.3224325
22.0206,18.69807
11.3947,11.992756
48.1054,35.784096
0.0,5.7302294
5.86462,9.72259
21.1058,12.126831
5.69682,5.876502
5.34906,2.4725509
0.160588,5.7896833
8.60295,14.968597
2.30452,2.6497877
19.1213,19.764467
0.829205,7.795105
4.8378,7.9807444
27.9481,39.594448
0.0,4.31027
0.446782,6.2799797
1.05497,3.9741263
0.0,3.508899
1.02578,4.191103
70.5637,32.931225
0.0,3.560707
2.73993,3.4026613
27.4685,17.734251
9.47991,14.6742935
0.0,6.3253603
3.09643,5.3833323
0.0743324,1.8019772
0.0,3.4127233
28.963,3.15533
8.57879,5.633918
14.8373,20.63878
0.0,3.0471752
3.8263,3.5009909
17.5481,16.473635
0.0270653,1.9443189
0.0,4.375705
0.266181,4.641474
0.051393,3.3507757
0.0,5.8494177
23.5057,14.946489
0.0,4.6061816
3.45172,5.9644547
31.2841,35.036533
6.51382,4.5620804
14.6555,7.463497
25.8108,52.20594
0.0,0.33949256
0.0,4.2374105
0.0316926,5.994318
0.486084,0.119302034
9.8532,8.331619
0.0126236,3.8115327
12.5119,10.103911
0.0614197,4.9024324
21.4206,29.904125
0.0,3.047534
0.0,2.6887765
13.3832,17.504204
18.2872,8.992403
5.59568,54.722176
1.32143,6.1260414
9.97045,9.016105
9.463,3.391705
0.0190806,1.6983616
2.20574,3.1941767
12.3308,11.819616
397.601,297.02817
6.61661,4.1973515
0.0912077,4.6923065
10.919,6.93416
0.0,1.5558442
0.0,5.876608
144.826,153.92424
7.97993,7.3294363
0.487577,5.0652475
10.1402,16.267021
0.0,3.9882803
112.152,2.5617573
0.0,5.6414914
1.02618,11.317706
7.87027,3.2708457
7.21241,6.1430235
12.3155,15.94214
6.93717,2.2835145
31.889,44.952297
0.0,4.8456454
8.203,13.676356
2.24531,3.2811017
1.46214,4.0259094
0.921524,3.461144
0.0,0.2872672
3.31146,7.302248
44.2817,59.22982
1.63154,7.477564
0.0,3.7388709
0.0,2.9825845
0.0,5.6582584
0.0,3.7513328
0.0,3.5407066
0.0,4.217024
35.0216,35.022594
0.0,4.732648
15.4015,17.151491
0.0672509,7.1830215
22.0206,22.12457
6.33747,7.035019
0.0,8.126689
0.257412,4.216641
0.0,3.0939462
11.1964,8.5883255
20.3065,27.916641
0.0757449,4.109785
0.0,3.2713864
0.536926,-0.28808784
1.90781,5.487586
8.98008,15.461632
23.9401,11.770787
14.6375,4.7335377
0.0,4.917103
0.0,4.376681
0.132446,3.6314366
0.0,4.6588173
0.0128726,6.0755653
68.9289,62.44667
8.13341,10.801399
21.5605,28.913452
0.0,38.027065
23.5057,14.6356325
0.0248524,4.911257
1.98213,11.2380705
0.0,3.1928005
16.4448,13.852503
0.0390648,6.0599756
3.09294,4.4443026
7.03849,8.186702
12.3122,19.819014
1.40734,6.750367
0.0,7.5880766
4.95834,4.659892
1.14778,3.021101
11.2349,14.411211
34.4245,22.542007
0.0,4.1361933
0.430817,2.0804691
26.0933,48.96049
0.0,0.8985802
0.423245,0.8548739
0.0,3.9363396
0.881826,3.1034098
0.029949,5.605362
0.160392,5.809031
9.57747,15.656217
9.97712,7.5535526
10.0289,9.743505
0.0,5.9708424
7.15625,3.2348747
0.125433,3.568249
3.74162,4.6491833
0.0,7.3042603
0.0,4.9597435
6.33747,7.1789093
4.39582,5.260791
0.170468,8.691658
0.0310379,3.5815668
0.0,7.6482573
31.889,32.073208
32.9177,36.730927
0.186436,4.1108427
1.83688,3.3509336
0.0721948,3.4585881
0.0735687,5.428931
22.6165,28.613844
90.1931,123.26597
40.9894,21.10013
0.0,13.534735
6.73429,15.150094
0.0437111,8.552067
1.61219,4.333029
0.0,2.6684659
0.102471,0.4038564
500.572,332.1565
0.571642,2.99115
0.499656,15.578001
11.2349,9.158309
0.797986,4.6950684
1.80628,6.5949793
0.610725,8.344657
1.25105,10.164661
0.0535125,5.7251005
0.0503724,2.2336178
0.553034,8.849805
30.0052,11.77889
3.20272,5.1324167
3.35923,5.234633
0.565411,4.4758635
11.6936,10.603123
8.82209,11.61674
8.87697,9.673569
0.0,5.432252
34.8431,41.054596
8.77471,7.657958
24.2596,23.35997
0.0,2.9681177
7.72727,7.9100304
0.167659,7.89087
0.0,4.30908
0.0,9.69201
20.5605,9.210621
3.08732,4.334796
31.889,18.235058
13.3117,15.990987
0.0,5.764783
9.86152,11.020626
201.331,118.36997
1.24448,2.7034705
47.3053,13.836269
21.4696,27.794577
6.18583,5.6077266
13.1792,5.1705637
0.693186,4.527033
0.0,6.884059
0.0,3.4729786
0.0,7.66391
15.475,25.125359
0.0,4.2868166
20.2291,4.1174555
2.69787,1.1533091
2.00082,7.2589426
0.0,5.508624
26.988,25.14829
0.0,3.741282
13.6702,14.260418
1.59969,-9.132917
0.0,6.634323
4.51484,8.37256
10.4559,2.7499287
15.6481,22.356316
12.2934,16.430706
6.26589,9.815129
0.396267,3.8866363
0.251131,6.2692585
60.9055,18.064993
22.8508,15.206955
0.080121,-0.16681099
0.0,6.301096
0.68252,4.733801
78.8049,38.03592
0.0,2.4189398
0.0,2.2610679
1.05183,2.8641791
90.4579,86.99442
0.0175253,5.7072372
0.134373,2.567082
0.0128127,4.0167727
6.57905,4.065594
12.6916,19.523714
0.0,2.486812
4.36892,2.8981998
0.0112633,1.3152175
6.41804,38.18572
1.62318,3.2934558
5.03435,6.680667
0.0,65.576065
0.0797613,5.5561647
0.192688,5.5991516
11.1026,14.372236
0.125553,5.608564
56.424,20.81396
0.239702,12.225426
0.0357039,4.3521013
0.0,3.4405322
0.214522,3.3266568
0.0698271,6.1292706
5.75467,5.2538958
2662.05,3790.5198
3.42484,4.207966
19.8113,15.104996
0.0,1.9394568
0.0,5.1487083
36.8233,24.216932
0.757812,4.972336
15.3392,7.210779
0.0,2.4414766
0.0,5.638669
0.0,4.2660522
140.312,215.6451
74.3385,135.98871
12.2255,8.314282
0.0,3.5089607
0.0,4.401617
0.0,-1.3318918
8.05086,5.0344667
0.0,4.7835503
0.0,-1.1278074
2.39114,11.384857
0.0167724,5.567363
4.7267,7.878023
0.0698245,5.448104
7.93361,9.30782
6.32027,8.408621
0.0528227,5.8685684
0.0244235,6.9861193
0.0,7.402771
0.0,5.40412
17.6696,16.199827
38.7378,47.454514
143.433,140.8421
0.051393,9.584218
0.604171,10.401379
0.0,5.797537
0.128932,3.2599864
0.0,5.100338
0.0648115,7.253151
3.98003,3.9056597
1.89412,2.1081975
0.0,3.9938898
0.0,9.273389
11.9097,28.785114
0.0,3.7438073
11.7892,0.4975568
19.5569,10.358393
9.11279,7.1097937
31.0359,17.027735
0.0437111,2.0713859
8.26423,13.815108
1.80725,4.459028
13.0129,16.446001
22.1879,13.6362295
11.3911,14.885308
0.0,5.8892565
0.0214824,1.7855811
0.0,4.6353908
86.9453,124.452835
0.00775797,3.042286
8.34417,10.326512
0.506249,3.7207844
0.0800517,3.1538982
18.2872,11.5819
0.0832453,3.2364006
0.0,2.9640002
1.95883,4.9902034
23.7592,12.138101
25.8398,6.947488
0.0236764,1.2931092
63.5438,64.961525
0.572656,6.0277452
0.0,3.2646246
0.364658,4.869092
21.9108,21.263483
0.430817,-0.0052981377
53.4941,21.600613
0.0,8.736844
2.42329,7.1878767
0.0285757,4.4057837
4.74464,4.3547916
35.2104,23.25527
24.642,20.496061
0.0261254,5.2066183
0.0,6.012182
6.9048,10.687655
4.65032,6.787775
0.0,1.0390171
4.30556,2.7011538
0.118235,3.47258
0.0,3.6834245
14.4598,14.048494
2.93307,6.9920797
0.0,7.5170507
0.379094,8.312493
0.0256987,5.182196
0.0,3.8847554
27.5158,37.75052
20.5008,38.382324
15.6575,18.349709
0.0,6.6099644
78.8296,75.99202
0.0,4.471962
0.0,8.0255575
0.246802,3.7368774
4.1897,8.90237
40.2252,30.451164
0.226759,4.8010635
0.0455585,4.256352
0.0170318,5.4171906
0.0,2.8363795
0.0394029,3.2752264
0.0,3.9572282
0.0,7.7124395
0.318302,4.095953
0.0764985,8.454936
8.78468,15.96008
13.4342,6.929494
20.9778,12.385086
73.3554,124.19906
0.0,1.1142751
220.719,110.72703
21.9927,30.2737
7.13458,6.417535
0.0146014,3.9744196
13.6032,10.473807
5.46058,9.336518
0.0,3.0426536
39.9616,26.81081
8.21892,5.4091825
0.869482,19.929018
0.0533345,5.2151523
27.0281,34.59415
0.0,4.7766547
0.0489396,4.664082
0.105792,0.5154929
0.0,2.383457
0.273661,12.540791
6.33973,21.132599
0.318302,4.7220764
0.511384,3.1841874
6.00461,7.7751293
0.0,3.746731
2.97393,4.578573
17.8586,11.246382
16.651,15.000463
4.67371,5.3698816
49.0936,36.389893
0.0600719,3.565074
1.43715,5.096607
36.2545,18.764109
13.0092,6.1869307
10.4076,8.305052
0.805263,2.1135628
0.568557,3.569366
0.0,16.722406
65.9312,30.117634
0.0594986,2.8282418
0.0684481,3.5287795
0.0,3.2828434
0.0629288,4.291756
0.0,5.147484
13.6702,32.875942
0.30269,9.838625
0.0,2.60972
0.0,4.758587
13.0144,13.251748
0.0,2.9419706
0.530209,1.5717924
51.3715,42.52065
0.0657912,2.7457066
9.45517,12.148877
17.5688,6.591524
0.0286426,4.2541695
19.6433,27.15934
22.5824,24.015388
9.02859,13.732819
0.839133,8.657431
0.0,2.6278949
7.11835,12.781691
13.3117,7.4460335
4.09921,4.907879
0.0,3.1330395
0.116093,4.1722865
0.0186963,4.663788
22.3011,10.773379
0.430817,3.2084363
30.8985,35.87243
4.545,3.4674492
2.85747,2.9058888
0.0,1.8142297
9.31878,6.366065
6.58449,6.9551697
238.224,306.5286
74.3385,50.256107
1.93666,4.565655
9.97241,23.163614
0.184332,4.3412976
0.0,4.437683
2.82707,3.834286
7.07182,3.9233768
0.0149761,4.0533314
8.72443,2.5670078
0.02025,3.8447356
0.110194,6.604554
11.0315,19.614834
0.0,4.4151897
0.0,4.4801216
19.5035,17.158403
0.0911935,4.1165695
0.0,7.4413366
0.0,7.2088146
0.0,3.6414247
0.936119,2.6616888
0.231219,3.0862463
0.735041,4.527556
0.0,4.947117
0.875072,7.357067
0.0223306,2.8444934
21.3463,21.155106
12.4601,16.967781
0.417832,4.233699
0.0,7.340869
0.0,4.258145
0.0,2.9988198
3.03215,2.4359336
2.68224,6.5186787
397.601,160.53203
0.884516,7.455724
14.7355,13.235282
0.230342,2.9988122
78.8296,133.3379
22.0206,17.92498
19.4241,20.266762
8.61474,24.54048
0.0,3.8050025
0.0,5.392542
0.0,3.9824138
7.76978,6.7985096
27.0957,23.598438
0.0,3.065643
2.09998,23.680658
11.6645,23.454752
28.8111,24.362331
8.30396,6.8565245
0.0,5.6383867
0.0,4.881253
20.9778,16.326855
11.3911,3.7476926
0.0756156,13.366449
0.0,6.2505426
2.86324,8.987369
31.889,28.840885
22.6392,28.014473
3.84675,3.2483046
0.0131354,4.3847303
0.0,5.001363
11.5865,15.070317
0.685917,10.585562
5.56911,8.131475
3.82681,5.945607
7.7561,8.960711
12.0519,16.108814
0.0,4.986369
6.08398,5.1993766
0.0,3.9859383
36.1719,45.902058
8.48155,9.318601
15.7976,17.124481
0.0115032,3.2729254
6.32027,7.9041786
86.3551,65.076355
0.0417242,5.738031
0.0,2.3018062
0.0,3.4423914
0.0,3.731007
0.0897363,1.0714257
16.5429,7.498315
0.0,1.2918663
4.86473,7.7727833
0.0,6.6494484
0.0263781,4.5899982
0.0,3.710978
11.911,22.855152
0.0844384,3.0357268
20.1595,25.325861
0.0,4.5169816
1063.86,563.3416
3.07855,1.6824892
0.628969,4.503625
13.5086,13.852191
11.613,10.456664
1672.53,657.013
0.0,3.4868245
0.0,6.4961977
16.4165,7.337843
4.63381,9.011853
0.0,4.317363
0.0528929,4.299802
0.00783576,2.9412825
7.75683,14.482061
0.0,3.7570643
5.34906,5.4881697
3.298,2.1639416
15.036,20.681208
24.5695,19.112375
0.0688849,4.0495825
0.0,3.745964
8.77471,7.5287037
122.353,54.807346
46.1839,46.253193
0.0,3.1953478
21.9927,29.803452
6.95536,8.139998
30.5976,44.083847
25.6265,17.069063
0.0195011,4.482604
3.31365,2.857463
0.0,5.020682
0.00317201,3.210715
46.4183,20.053495
19.7669,14.260239
11.6645,9.189324
0.286364,0.795702
0.0866043,14.262965
0.31996,4.079418
0.096906,4.3433437
0.578598,4.39277
54.8596,55.205017
0.0,6.3364773
0.0362418,7.0994186
10.3538,13.547612
0.0,3.760888
50.5981,46.776123
0.0,5.636444
1.12501,3.53238
10.3037,7.8756866
0.0,7.5509996
30.4005,10.295228
24.8548,44.12004
12.5176,6.7073984
0.125719,-0.1855104
5.10486,8.302218
0.0,4.7640996
85.6316,42.913097
5.39411,11.400848
0.39958,6.6098022
0.0,3.7644496
0.690993,9.70623
0.0,10.799252
5.57964,5.435317
0.389173,19.587652
0.0,4.4104476
4.0341,8.837152
9.69132,8.965063
0.0,3.458598
0.0722253,3.7992997
6.66568,5.6721697
21.3148,41.566387
1.26098,3.7196991
0.0,4.4365215
0.535877,5.867069
0.346506,6.710518
0.0,4.8452044
113.27,53.604656
0.265696,6.826045
0.0,2.643401
0.657909,0.30661845
0.0,5.52105
0.0308958,3.9293447
20.3765,7.327647
0.0,3.2782722
10.1728,13.715307
6.39267,5.2944098
22.7626,12.98478
0.383168,3.1177416
25.2336,7.0265408
18.4019,7.0509424
1.98213,7.4142895
0.0,0.6128973
0.0354381,2.877504
0.242017,3.9931295
0.0,2.9503155
0.0,13.814502
0.0,3.2805095
0.0503724,2.481944
6.94553,7.191942
0.938995,5.566498
0.0,3.0808804
0.0811554,5.38253
2.02533,11.873114
19.4241,19.189514
0.0797178,3.341782
0.0,3.0687513
0.051393,7.282957
0.836202,15.477655
18.8462,20.336945
62.3171,35.93486
0.0,5.0940332
0.0734416,-0.826071
0.443035,8.750513
3.42239,8.663226
0.0,195.96172
1.07254,10.387562
0.0362784,2.8391144
0.0,3.631792
0.0,4.8827853
67.8708,2.3726134
4.86997,7.664542
8.203,13.061208
32.2663,15.93488
0.0439948,9.100681
0.0461028,4.322924
0.0,2.7430232
0.0,7.7745514
4.25521,24.053362
10.1753,5.9016824
0.0,4.046465
148.964,114.54152
18.4019,7.0893335
0.099321,27.59704
11.4074,10.932759
0.030959,2.764848
8.03788,12.2808895
4.93655,6.462878
78.8657,68.62234
17.1771,17.775293
0.556268,7.0876923
0.0,4.1922407
19.4241,26.715702
1.38387,5.1870737
7.77413,6.0682955
0.0,5.420352
0.0667185,3.4198449
3.42239,3.6615677
0.0,4.4885893
15.6852,28.295826
3.02985,6.021654
21.7269,10.746524
3.45172,6.5383234
0.0354778,2.5358984
0.0734416,-0.61090446
0.0,9.444711
52.1765,47.436
0.0,4.9209085
0.875072,3.4210486
38.704,43.414486
0.0,4.994176
3.17418,2.6788676
0.0,4.6035843
54.64,13.337161
12.9993,22.1693
0.52367,11.327274
1.58275,4.948559
3.38631,10.907336
3.62445,5.355089
0.0,7.2319927
3.20182,7.7612343
11.0111,7.990697
2.36245,4.5902605
16.0575,32.345722
0.0,5.752695
1.48712,3.077878
19.0973,7.9045734
0.0,4.517034
19.4241,29.570599
0.15934,2.2169714
229.09,320.9905
0.66808,4.0893455
10.9533,15.230473
0.0238135,3.1324978
3.567,4.584656
0.0683683,2.6139717
0.0,5.1917934
13.6702,8.683269
0.0978433,3.7275498
0.0,3.5018167
14.8348,19.695473
0.0,6.587039
6.38411,6.221237
7.13458,8.981816
158.563,212.89374
0.0,5.4974794
0.0,0.57944345
0.0932878,3.5972238
0.0,5.4629393
0.30269,6.676758
0.0,4.103284
11.948,9.254463
0.0,6.06937
0.0,5.089733
0.0274204,5.4060144
0.0,3.277122
9.77672,5.634295
0.226636,7.2764473
0.247214,2.9886367
21.4343,9.866815
31.889,34.610153
1.54324,6.8364925
0.0,4.70403
1.61793,7.2796907
0.0848835,4.0638943
0.02025,-1.4133849
6.84205,6.712146
5.72192,6.372263
0.069534,3.4369173
9.18426,7.7078323
30.0409,29.610252
4.64645,4.40619
0.287893,13.097335
0.0,1.7951715
2.84718,4.6507835
5.34906,1.8899353
0.0365124,4.39824
0.0342283,4.3585796
57.7646,22.994852
0.319885,2.3909817
0.0,3.471518
26.1965,18.381472
10.7882,11.001952
53.7064,49.405624
1063.86,603.0611
0.037736,7.225832
0.0140157,2.8258648
15.2282,21.761742
0.0,8.915265
0.0,8.673323
0.104496,3.014659
0.0179047,4.48927
0.0,5.868475
0.0,462.04596
25.8958,46.564533
11.6114,17.453125
0.0630775,4.1557937
5.1564,5.5819616
0.0,7.4877453
0.335708,6.615546
71.0243,95.22719
49.7618,49.19631
0.0995542,1.8391767
0.0,2.2138088
13.1672,6.934456
11.72,10.556138
0.0,5.5567427
356.985,296.10675
18.5812,5.334735
0.430381,3.9216533
0.0573953,3.7254417
0.613162,1.432796
12.7851,4.833473
0.0,4.1236362
4.75915,8.400439
0.00556789,3.3964324
5.33753,13.996711
10.4071,9.865691
20.65,14.023734
44.3922,57.731236
0.685934,5.0356283
0.0,5.091611
0.0,2.650696
0.0,4.6087728
0.0,8.023023
0.0,4.1977406
0.0,4.6555023
54.3977,91.67526
0.0,3.386629
0.0,6.8712015
0.0,5.542649
4.68474,5.1209855
6.94055,19.29314
0.265706,2.5300014
52.4294,29.984556
1125.9,262.17148
4.36972,3.3424082
0.0,4.811592
0.111489,4.4323854
0.0667388,4.2863026
0.542303,0.09103656
0.0553014,-0.933836
9.57138,11.238172
0.0,3.326271
14.298,5.5562077
7.72727,12.088466
228.807,202.69228
16.767,25.322538
0.0,4.9358416
18.7897,14.583226
0.178423,2.7257023
60.3458,29.758308
0.0,2.449856
0.0,3.5698164
1.63321,14.819324
12.5698,6.98166
8.15758,8.291801
6.32027,7.294345
22.6392,25.59238
35.0216,46.733356
0.0,4.2204175
30.8501,40.147877
81.9329,49.14419
0.0146776,3.261982
0.0263495,4.2470694
0.0,3.2821794
0.41119,8.570324
25.8108,64.21862
0.0,2.290349
1.37014,18.077581
0.0587993,3.6295552
5.52779,14.394706
9.25835,9.070518
20.2034,24.436792
24.8424,29.422247
0.0125586,0.7605554
0.0,2.3947086
131.913,50.136894
21.2297,19.504946
0.0294058,3.9716434
0.0,4.097426
3.48496,4.153132
6.90639,7.7852974
8.82523,6.586422
1.38387,10.917774
0.0,3.48731
41.2784,56.92273
3.80485,5.219448
0.0,5.873522
8.26712,8.998172
21.3463,16.692507
0.0181193,5.621063
0.0683726,3.375885
21.8819,10.796946
0.148443,3.873097
81.5728,78.9783
228.807,168.51616
78.2116,40.206623
3.90281,7.5815115
0.0261254,4.369407
0.0,0.39008737
2.7782,6.795539
0.301423,5.0157213
0.0,4.6741877
0.0587597,5.238184
2.69744,5.5065
34.0964,32.38767
0.101599,4.4884925
8.98008,9.754945
1.12501,3.392401
0.0,5.174904
26.9829,34.28558
1.32143,5.629155
0.0927349,4.4501734
0.0667185,4.0974636
35.7755,15.734098
32.4131,40.713593
10.7073,21.112833
0.0,5.301937
0.0,1.5836782
17.5005,11.266785
25.1973,3.4517856
14.3224,7.982712
0.22357,9.300076
22.0206,23.643316
0.0,4.1003675
0.0168345,4.442521
0.0308958,4.258221
7.93916,7.382369
0.0334241,2.9027004
0.404913,4.761555
0.0,4.583353
0.0,3.2541978
17.6537,26.629288
321.405,321.4396
0.0,3.8083067
0.0,4.925067
0.531442,3.599574
1.85569,7.077569
9.4149,7.78699
0.0,4.723462
44.4403,45.873478
1.47789,5.134537
31.6466,18.718367
0.0,3.2800422
26.2491,41.034508
0.0,4.319964
0.0497915,4.5624933
1.74418,6.8519135
12.0339,11.303406
0.312226,3.5238502
12.4505,12.677754
9.45517,7.641676
9.4149,7.0668707
0.0468583,3.621841
0.0,8.923598
23.569,13.103173
0.0,4.312206
0.0137033,3.0453346
6.17769,4.3669076
21.3463,21.0468
12.2934,11.858219
0.0,2.1949575
174.747,91.37601
0.0615141,3.3889458
2.53132,4.3783545
0.0,5.205678
3.93496,11.980288
76.9977,35.97338
0.392828,3.342665
0.0,5.5119753
0.05843,4.671343
1.73356,6.1975675
0.439725,4.29827
0.0,0.34451294
0.00866662,1.1817529
17.8586,20.96395
0.307553,4.5034084
0.0,4.677623
0.0228214,3.6553793
0.225641,3.356502
0.0,4.1154504
13.3312,11.353165
1.52665,4.001055
0.052786,4.452278
0.0528512,4.049237
85.6316,47.089893
13.2567,40.895542
4.94691,5.3184195
0.0652121,7.438245
0.0129563,4.9288197
0.278832,6.434737
0.0,8.332091
0.0,4.049414
12.011,11.499466
0.0,2.2749674
3.95886,11.507047
7.38977,1.7576354
0.0,2.2178442
0.0,1.2720385
8.51378,9.133771
11.7602,13.7140665
2.62049,5.189537
4.50449,5.668333
11.6675,11.943276
238.224,197.45926
12.4882,14.691674
11.5061,13.615563
3.41602,8.164551
8.30447,4.2337236
0.559344,2.3260524
18.8538,4.7285166
169.356,139.83673
39.4271,27.199968
2.00144,9.669282
0.805263,3.7651343
0.0,3.2510858
0.242017,1.6859274
0.0,0.72956216
0.0436978,3.7470222
0.0,3.8857384
10.5992,4.7738013
0.00472057,1.1698049
0.00453811,5.097752
0.0,4.088044
3.9038,3.0016515
0.431208,38.744595
0.0,2.2854831
21.9927,36.530537
0.0,18.553423
26.037,37.265278
7.03976,2.0618412
12.1932,11.371572
0.904999,5.8619127
0.0,4.0610266
10.8713,11.776068
84.2077,42.207153
2.96836,16.424656
6.00461,7.1660633
42.7111,65.08758
53.2671,65.3713
0.125719,0.46551597
4.02724,8.290684
0.0912077,4.5478554
0.0193434,1.226119
6.10661,7.9137535
0.216623,4.3227186
1.81658,0.5129725
0.0296009,4.4208345
1.90472,2.9914758
0.0297383,2.6715283
0.0252895,2.850308
3.34978,4.238536
0.0,294.72998
58.7779,46.37768
0.387361,4.928009
6.0391,3.5267744
25.6865,18.035149
0.0,5.4347544
0.194605,5.9894114
3.48496,5.051306
7.39603,7.941781
8.87697,9.659611
2.24119,3.194593
0.0,5.454938
0.0,4.610569
11.7182,2.6749432
0.00806127,3.7944918
66.0095,52.30426
0.0,4.4628296
0.0927242,9.223431
0.743053,2.8074756
0.0,3.0995843
0.0,3.6659436
13.7638,14.705946
0.0623884,7.2862654
10.1635,9.908558
12.2074,4.7878036
14.8348,8.601962
46.9265,48.62611
52.2404,64.724594
0.132425,4.095105
0.0,6.222325
13.4477,9.287707
0.0,9.7085495
22.0206,23.50021
25.8958,36.320404
0.0,4.0854006
0.133934,4.885856
0.16687,2.3321106
3.23312,11.679279
0.0222586,2.4538713
38.4839,23.925228
0.26033,24.338558
0.775893,2.8659244
13.8269,26.078684
0.0,4.6214266
0.108161,4.6624813
0.0,7.881715
0.0,3.8274317
0.0610322,1.8110313
0.353103,1.995184
4.37901,4.922386
46.5089,26.642332
0.0106149,1.1034061
0.0,1.1652086
14.8363,13.610319
31.889,42.401394
8.4425,6.455639
12.5119,8.695777
0.135358,6.116078
0.0587993,10.359082
0.0,3.6411262
0.0,2.948062
0.0244278,6.1956253
0.0,3.866104
3.84675,2.9634197
0.740986,6.3973923
0.0,5.3833313
0.0,3.0472014
0.0,3.6161137
0.0410295,4.2662816
6.05584,6.430214
4.252,6.4667263
0.110281,4.6927958
0.0372422,2.666164
0.88287,5.069641
0.0,4.39383
0.0,5.9192715
0.802017,3.3683078
0.205377,6.253749
0.0,2.5561695
16.8529,10.304855
1220.51,743.5453
23.4116,24.679522
2.74106,8.9456415
0.0,7.2102404
28.9266,44.456455
0.0201361,4.756392
23.0654,11.169574
37.1852,31.417128
0.0,3.987992
7.40053,8.531749
0.0,6.9972353
0.0,1.7716331
0.0,3.4022214
0.0,4.232981
11.6114,8.765404
13.6702,16.390308
0.0,4.8505306
8.82057,17.114841
19.3857,24.050503
0.0,7.0482807
12.8303,59.459045
14.1121,19.670778
10.5353,7.671068
3.56435,7.7685347
0.0338607,4.736987
0.0,2.4960206
0.0,5.3109937
0.0,8.978021
13.8992,22.838076
0.423245,5.4390574
0.051393,9.480868
2.59898,3.9817114
0.0,4.978516
0.131823,4.1901298
0.0,3.0354965
1.05603,10.648814
1.7845,5.585168
1.27446,9.677377
8.74577,7.864624
0.490718,5.280739
6.18583,7.449519
22.6392,20.526863
4.06206,2.5209072
171.61,289.38657
0.0,3.9724543
6.17769,5.8235073
97.4455,106.39191
0.0148745,4.574109
3.46179,6.229459
0.0,5.497292
0.0,3.829857
1.13365,3.666209
10.2463,14.58852
0.196792,2.1941473
0.0,4.411417
0.0198191,5.507476
0.0,7.6930466
0.0,3.9417062
4.42726,6.386804
0.0,4.881846
30.6925,15.223318
0.149628,7.1437054
21.8819,14.478217
81.5728,53.150204
0.139393,3.0871744
18.1666,17.603834
42.3658,38.671978
0.0,5.7655153
7.56464,7.509426
0.0,14.780979
28.8048,5.3171773
0.037917,3.0348692
0.0,-0.54355145
0.0,4.6701407
0.0886052,8.321628
12.6729,6.148339
0.318302,3.7936022
0.913003,8.673764
12.3591,14.218124
0.319336,4.9671645
13.2992,10.3891325
0.588556,14.004674
11.2349,9.172692
19.9297,9.551959
1.09037,8.691036
0.371522,1.9503968
0.0,4.831127
15.9221,21.02394
5.0881,3.9481168
0.072478,3.5437703
0.141317,2.24515
526.804,516.01263
1.04998,13.608521
3.56694,5.891634
0.369004,5.146056
0.0,6.801607
1.26098,3.4326582
0.0,4.0846877
0.0,3.5878458
0.158944,5.3745546
76.748,58.671978
0.835289,8.900943
17.1412,27.85123
17.7602,17.912004
0.0,6.129903
0.0,8.680316
1.12193,3.4973145
93.0579,72.60347
169.985,112.06423
0.0,4.083378
0.0,3.8238807
0.0,4.802678
13.1135,9.1905155
1.09396,3.9812431
19.148,11.12742
0.0587993,7.3282566
4.51348,5.885798
6.51382,5.874633
0.542215,2.0665495
3.1273,4.6996217
5.74901,5.273124
0.0420966,4.321613
0.0,4.2415066
5.61638,8.038875
2.507,13.26537
40.0648,38.475964
13.0144,2.8659174
0.377013,7.7699833
1.34405,6.2378
0.0,5.5864573
882.552,569.81805
0.0,3.7072716
7.29843,7.606454
0.0,6.3406386
0.0,4.286374
0.0,6.7423353
0.0,3.60845
0.0,6.596532
0.0,4.107434
12.3591,23.54881
0.678059,15.977922
0.0,11.327952
13.3234,35.60047
10.3538,6.3740425
0.310805,7.8148994
1.27604,4.9333744
2.09638,3.4409332
0.0137033,11.463951
19.5867,24.706196
0.0797178,3.6181107
6.3398,15.481054
6.00416,14.111592
0.0,6.7537794
0.142322,6.1224146
9.09324,2.8176646
45.4482,54.473053
0.0,10.138364
0.0,6.8344717
0.0150512,6.4261427
63.5438,39.230022
15.3531,10.873769
8.78718,6.2130585
25.2336,8.998273
6.16726,6.7265873
0.0491022,5.125598
167.952,49.89771
0.0,2.5606859
76.7189,51.068798
9.4149,5.792448
21.5036,15.382785
18.058,11.769699
0.405427,6.522504
9.18391,17.518414
26.9232,26.03459
0.0,5.519763
3.52096,6.421687
18.2872,10.694338
0.0,1.437346
40.1683,30.186281
0.00720244,3.6938658
158.563,187.14822
25.1238,51.58988
1.21998,5.8024006
0.0,4.7801676
0.0419795,6.3947544
0.0471666,3.0294573
5.02841,5.6553817
10.7009,8.83425
0.0,6.867697
0.0,4.4645457
2.64048,3.1263528
0.0,3.295514
36.2545,50.970238
0.027453,3.098939
0.0462628,4.893566
9.68165,12.3848915
0.0,5.296631
0.0,3.7072034
0.0,3.503027
0.0,5.6888433
6.84908,4.7005796
17.542,5.0642953
0.0382753,4.9101915
0.0,0.25711274
0.0,8.828099
0.0324436,4.3453197
0.775893,5.718747
16.2326,30.40824
0.0443425,23.112333
0.0,5.508441
0.0,2.628955
18.514,12.075896
191.374,267.8849
0.0,5.6173983
0.0,4.734498
19.7381,20.988924
36.891,12.6879635
22.0206,13.618386
11.574,12.233174
25.3766,42.471294
0.012238,3.1622841
4.64846,2.6244903
0.0,0.5889764
0.0,5.956292
101.91,92.27111
0.861373,11.672728
1.15144,4.2613015
0.258255,7.502001
13.3117,12.22272
5.22253,13.176615
11.6114,9.172996
0.0527842,3.0034573
2.02652,2.5462368
4.16915,47.159885
0.195978,5.1052184
0.0,2.9150124
11.925,6.3363986
0.0,2.2196457
10.067,16.306435
0.504247,3.891385
42.2843,25.090881
14.6496,9.563073
0.0,3.5935147
0.0220383,5.3954515
6.55775,4.8119936
140.312,75.61785
0.0,4.3534045
0.242017,1.3567519
0.0285757,2.827564
16.1532,10.304699
0.0,4.73577
14.3202,23.838552
0.0705002,8.162384
0.0396767,7.8140364
8.41746,6.2730846
0.0,4.00965
0.0,5.0615177
11.3911,14.440251
60.3985,52.123882
14.449,12.151903
26.276,32.689796
0.53868,4.073381
0.224466,4.389663
0.0,4.5904922
0.0,4.1423187
0.0181295,4.2745366
2.09929,5.871913
21.0736,25.337461
0.0617622,22.935396
0.0,1.3963672
84.2077,48.97168
0.0,9.467422
0.0,6.0536466
4.11243,6.639325
0.0,12.799598
111.689,49.447563
9.66222,359.33105
2.59898,4.884102
0.0,2.7117608
0.0,2.6287897
0.0,5.404046
0.0357039,5.942816
0.0,4.2937856
1.81658,2.9925494
4.70495,7.009307
5.36806,7.136469
0.0,4.919025
21.7269,12.74444
22.6392,14.395826
26.9954,25.854109
0.0309796,4.010659
0.364658,8.733636
0.0,3.4814463
6.08398,5.82472
18.2489,10.876245
0.0,4.6908226
0.00357453,5.991225
0.02025,6.9943
0.0,1.3183708
0.130261,2.055531
0.0162317,4.915403
0.0,2.9184957
5.47233,6.2694054
0.0,7.315342
3.02328,4.541561
4.61967,9.169169
5.4147,7.7964573
2.9901,3.6573248
0.0,7.5222616
0.205377,3.480174
0.0540007,9.852064
1.80312,4.96939
0.065881,4.9354744
10.067,10.06215
10.5992,15.628382
13.3136,12.490411
0.0,2.8333962
0.0,3.0829701
0.0,3.979806
0.0137033,4.7894354
4.50339,3.014089
6.70987,9.718751
7.42939,82.038284
3.62445,4.940277
0.0,1.4149355
0.614681,6.8739004
0.0782584,3.5858545
0.173933,3.3695326
0.0,8.600887
0.0,4.603049
0.0,4.8071513
0.0,6.2450476
8.30396,5.093883
37.5751,19.05264
85.6316,36.101753
19.6144,17.860931
0.0,1.6438603
0.0,6.737112
5.87214,5.579649
1.01885,7.6192627
1.13365,2.3545072
0.0,6.491783
13.7455,5.5023994
0.0438842,5.6770372
0.551099,5.795854
0.183247,4.516407
38.012,31.9231
3.98003,3.4997172
0.620975,3.572795
0.0,4.341482
0.0,3.9633763
0.0,5.822994
3.8144,6.262406
32.1788,34.20049
0.884516,4.2538652
70.3369,9.934255
12.186,17.080812
0.0631732,13.764965
0.0285757,3.785172
13.4477,9.130652
0.0,3.6738367
0.183023,0.8314971
0.288601,2.8673036
0.0367946,2.5725858
0.0,3.8748052
0.0,8.4036455
26.7264,17.399527
6.68065,7.4365253
0.0,1.0076921
0.0,2.9090228
14.9497,8.389859
0.0222064,4.484482
14.8794,15.603324
15.3548,10.244726
1.40665,3.016729
8.61256,15.234699
0.191288,2.6030128
2.95568,4.425921
0.0271321,5.6093793
10.2515,7.148717
2.06211,5.467059
4.24562,7.344411
0.0,4.5281754
0.0546074,3.1111221
0.0,4.8080235
18.058,20.757313
0.104211,4.970378
0.0,1.0870855
0.26354,7.1315594
9.25835,13.021919
7.72727,10.868028
6.98252,10.497499
22.0206,21.003176
112.365,111.3043
0.0,3.4351053
10.2968,16.8324
14.4278,8.058247
