y_train,y_pred
0.011101,0.503978
16.2319,24.000633
0.0,2.1141217
38.4953,8.24018
18.24,4.531988
9.59899,5.479795
0.0,0.7688017
2.83266,2.1141217
0.0,1.0983262
0.0169503,2.1141217
22.0206,15.729869
24.5695,22.159485
5.80388,54.218708
1.63946,-4.690462
8.98008,5.105727
226.209,116.68059
0.0,0.80377054
0.0,2.1141217
86.3551,85.7454
25.633,-12.780831
4.95834,13.597182
40.1683,22.044437
88.2999,59.876373
0.0,2.1141217
0.0697059,15.914542
24.6517,17.842354
0.0,2.1141217
4.78224,13.417873
0.0391943,2.1141217
0.0,0.7688017
28.4969,11.004595
67.8708,2.1141217
0.0251593,2.1141217
0.13219,2.4501696
0.0115032,-1.3135884
0.0,2.1141217
7.77056,4.662524
1.51519,-0.31498384
0.0,2.1141217
0.0,-2.634526
0.052162,2.1141217
0.0304709,-0.356925
0.486461,-1.2029183
0.0,5.995844
16.5429,7.025364
0.0,1.7198246
0.0,2.1141217
1.13518,13.436276
0.132425,4.0967426
118.592,23.316647
0.17867,7.1573524
2.88903,8.54145
1.07254,22.414803
29.2058,-306.48993
21.4574,32.382965
0.0,1.7636132
0.383809,2.1141217
2.87073,8.901865
0.0,2.1141217
3.02303,14.629506
35.0486,30.46339
0.0113365,2.1141217
0.0104634,2.1141217
0.0,2.3049212
388.687,300.3846
5.58106,5.8198996
16.4448,21.654411
394.63,445.62277
0.0,2.1141217
9.59899,5.479795
1.81658,4.2530727
3.62445,-7.589018
0.0,2.1141217
5.33753,51.882305
10.5708,3.323843
0.0,2.1141217
0.0,2.1141217
1.9342,12.429694
0.0,2.1141217
1.20083,4.4467125
0.0,0.59498954
0.0,2.1141217
0.0,13.460553
0.299788,6.8086452
0.0,0.048031926
0.0,4.6370735
38.7644,14.196477
0.0,2.1141217
0.084263,1.1889467
28.5582,2.1141217
5.67526,13.724555
4.17273,6.5554934
7.87027,1.4718959
0.288601,0.99495673
0.0317417,3.11053
0.0,2.1141217
0.0268366,2.1141217
2.18458,2.1666377
34.0699,9.417664
0.682235,10.921738
0.0,2.3259826
6.84285,74.33083
0.0498663,1.0493445
0.207426,2.1141217
0.0,2.1141217
7.10394,17.528093
12.5119,9.799609
0.202142,2.1141217
18.5308,9.901735
8.52643,26.878162
0.0,2.1141217
29.961,37.442562
36.3686,25.184444
31.6466,35.105732
40.1471,8.348162
60.3985,62.8472
0.0,2.1141217
13.6965,24.25099
2.76463,28.210985
8.01113,15.412619
23.4401,21.08215
1.13365,2.1141217
30.704,36.171356
12.5304,0.87175536
4.8686,12.442225
0.0,6.7016144
0.0539679,-0.028567553
0.0437299,6.197877
0.0,19.357891
4.22201,10.091945
1.17427,8.959245
0.0,2.4973404
1.42763,11.592683
0.306576,9.387284
42.2534,32.606434
30.345,13.500933
6.33662,14.897795
3.99422,18.298214
0.0,2.1141217
0.530209,-2.4328406
0.0185577,2.1141217
0.281834,2.1141217
0.0,2.4081907
0.0,2.1141217
7.89165,2.1141217
6.89648,8.901161
0.183,2.1141217
21.7379,18.35537
3.36491,-2.9532611
0.0373695,0.47149754
0.0,2.1141217
24.7055,6.380171
0.0484491,0.078888655
0.0355736,2.2264576
16.0812,28.189285
0.0,7.3520536
0.0,26.16103
36.2545,-1.4018991
0.0,-2.9716003
0.201269,1.7828956
10.5992,1.3384106
8.49454,11.961121
5.72758,-7.969224
0.0,2.1141217
0.0,2.1141217
0.0,2.1141217
9.22554,0.82010317
0.0,2.1141217
1.26098,1.0983262
0.814287,11.453752
1010.53,37.84209
0.0156715,2.1141217
158.613,0.73713696
0.00734836,0.22406101
0.0323586,-1.8941166
433.955,116.4202
0.0,2.1141217
4.66285,12.053571
0.0,11.2411375
9.66222,979.53864
0.0,4.5804896
3.02328,-1.1835473
10.5869,19.953743
1.80628,15.073131
0.0,-0.2044611
0.0,2.1141217
0.0541491,2.1141217
16.651,6.9716806
10.1609,16.646482
0.0,2.267528
31.0862,11.712934
0.0,2.1141217
7.58548,9.8268585
0.324248,22.747501
0.0409627,6.6457148
0.161331,2.1141217
0.0813706,5.192835
2.02248,7.8813066
0.609691,5.364051
27.8084,25.338566
0.0160861,7.9149942
0.0254356,2.1141217
3.80978,6.9188566
8.98008,5.105727
8.8137,3.5543869
0.0129563,3.9587405
0.012278,2.2044778
18.0695,12.400117
0.0,2.1141217
0.0,2.1141217
0.0,2.1141217
4.37095,-2.2910569
9.24052,12.696203
54.64,31.49527
1.06258,3.1960177
0.0,2.1141217
146.584,108.270256
61.6673,18.013735
42.7111,32.134922
0.0,2.1141217
3.5795,1.7563076
8.90259,11.169949
61.7468,42.32584
0.0,2.1141217
0.0,2.1141217
0.412941,2.1141217
0.0261254,2.1141217
28.7411,20.342075
1.93647,24.823965
0.0818675,18.00283
0.00692642,1.7488718
0.0,2.1141217
0.0,2.1141217
17.5688,2.1141217
0.0,10.659381
0.368453,2.1141217
77.0235,16.765327
0.0,11.358022
0.0,20.36246
0.0,2.1141217
0.530209,-2.4328406
1.02096,35.10849
7.05002,14.993738
0.0343245,2.1141217
5.16818,13.174434
0.339606,2.1141217
0.0,2.1141217
0.0,2.1141217
19.6435,12.465957
0.0,2.1141217
20.4947,21.50859
0.0,2.1141217
0.0,-0.4389348
3.96892,25.063429
0.0546572,-0.2940402
0.0,2.1141217
0.0,2.1141217
4.74985,1.9156694
0.228174,23.717867
0.00392943,2.267528
18.2965,0.91457915
7.71846,8.926164
0.458218,-0.29235578
0.0,2.1141217
1.93182,2.3479803
23.0404,25.780485
0.336286,17.565666
30.5452,6.472842
20.3765,0.29744983
7.0301,2.1141217
1.09908,14.310322
27.0281,26.093649
19.3196,10.028743
4.92304,8.295052
135.592,21.192703
0.0190806,1.3515141
1.18789,0.19462371
31.1224,5.4632072
5.59568,23.907263
5.34906,-0.69649386
0.143577,2.1141217
0.0,2.1141217
21.4343,26.125593
86.0813,16.183014
0.68252,11.430261
0.0,0.5771313
0.435642,-3.8556898
0.0973958,1.3236043
0.0,-0.35804868
1.00998,2.1141217
0.0535501,0.9583409
0.111489,2.1141217
0.10036,2.1141217
0.486516,2.1141217
0.0,2.1141217
18.0387,18.231762
0.0558875,-1.5256827
0.051393,12.939656
72.3697,2.1141217
0.0,2.1141217
28.1784,32.279793
14.6375,3.1076014
4.28496,-3.242637
0.0681677,-6.5874853
0.0,2.1141217
17.6053,16.301317
59.3129,40.2092
3.08732,2.1141217
0.275945,8.06158
20.3765,10.640912
0.0,8.365119
0.0219642,1.6731446
0.233384,434.20877
15.262,25.279123
0.0,2.674599
0.0,2.1141217
0.0,2.1141217
0.0,2.2296555
82.423,44.120834
12.6111,18.351051
0.0,2.1141217
13.3341,31.899164
15.4012,8.636636
13.0144,12.043419
1.77712,29.541502
8.36754,-0.66702247
0.556268,1.8668158
14.5686,47.857914
12.4882,2.5637379
0.0,76.219795
0.00811492,2.1141217
0.041684,0.70320606
0.0,2.1141217
22.5879,13.291675
18.1553,2.1141217
0.0,2.1141217
0.0190806,1.3515141
0.0,1.0983262
0.0,2.1141217
15.7407,20.540318
15.1905,6.863328
0.0,1.6826606
200.795,110.40382
12.3591,42.11891
4.252,7.590458
0.0,1.3794901
0.05843,2.1141217
40.1683,22.044437
4.63465,2.1141217
18.7132,4.9870405
9.77936,-2.718757
23.9789,2.5877697
25.9484,23.705532
0.0,2.1141217
0.0,2.1141217
8.74772,24.145414
0.350238,8.103632
0.0,2.1141217
0.0656227,0.48485875
0.571642,5.772444
0.0,6.542513
6.80736,21.77464
0.0551446,0.5448663
24.1317,25.840141
1.16659,16.29937
0.0244278,0.59533095
13.5683,1.3642375
6.86443,9.686059
5.34906,1.3923142
0.0698245,22.837986
33.3482,31.843307
0.0774752,1.2801943
40.133,17.694519
10.7009,20.245075
40.7339,16.791557
9.13831,2.1141217
0.0298962,-2.6949918
4.90404,-1.484813
0.108161,2.1141217
1.77667,-0.5765805
36.8578,23.21264
0.183,2.1141217
206.507,187.50812
19.9297,4.887971
66.5434,5.2522697
59.9702,76.4687
8.51378,3.0949957
0.0,1.4414401
11.7058,6.478319
1.99681,78.09229
13.3899,-3.0098474
0.0,2.1141217
0.314487,10.377083
41.3248,13.050959
0.0703554,2.1141217
0.0285757,4.8637643
1.44816,2.1141217
0.0,4.6370735
4.91671,5.141102
0.041684,0.70320606
0.0,2.1141217
0.0,2.1141217
62.2321,31.706562
8.74888,26.181318
1.55598,13.513191
9.66222,979.53864
7.18911,3.2010467
57.049,2.1141217
0.0,2.1141217
0.0,2.1141217
15.1728,2.1141217
0.0334164,2.1141217
17.6053,16.301317
0.144043,3.3280761
17.5639,38.188786
0.0,8.365119
6.50334,10.894438
0.0789583,2.1640315
0.0230133,2.1141217
0.0,2.1141217
9.57138,27.502678
0.158467,16.89824
0.0,91.622826
0.0487963,4.1324544
17.7302,32.047577
0.168818,2.9456728
2.83266,2.1141217
10.5735,16.809221
0.0,2.1141217
0.0905739,3.226962
0.00874122,0.596704
0.0,2.1141217
0.0,2.1141217
0.0095824,2.1141217
0.0,2.1141217
11.3063,10.815307
0.0,2.1141217
0.182946,0.69926
8.65988,16.003336
86.6291,36.802765
0.0,2.1141217
0.0,2.1141217
13.2085,12.240786
0.0,2.1141217
0.0,2.1141217
7.54107,10.86667
24.4512,10.495885
0.0,2.1141217
0.0132588,2.1141217
0.0,2.1141217
0.0,2.1141217
0.387361,18.850994
1.41438,17.197456
2.29405,0.3372779
17.9531,16.127884
5.04497,56.957047
9.41273,17.771055
80.0908,47.488605
22.0206,15.729869
1.06258,3.1960177
1.27446,15.619127
36.112,14.818353
0.0,2.1291945
0.0,6.7301035
0.0,0.027748346
19.9456,-0.37175703
19.3196,10.028743
0.173498,2.1141217
0.0,2.1141217
26.6832,8.903003
48.3711,18.554947
18.4019,21.276329
0.00540989,2.1141217
0.0,2.4885733
5.64726,-0.2537346
0.0443369,0.18679142
0.0,1.745013
0.0,2.1141217
21.8819,20.460121
0.0,17.127977
0.0,2.1141217
0.0,-1.2776003
5.39411,20.67595
17.8912,4.182682
0.118535,4.0958023
0.0,2.1141217
0.0,2.1141217
32.6081,13.530164
4.6505,31.949331
5.54419,0.41351032
0.0352722,-0.020623684
21.4931,2.1141217
46.7516,33.588802
22.2012,17.732471
0.0,2.1141217
0.0,2.1141217
0.0,2.1141217
0.207724,0.409863
0.0195086,2.1141217
11.6114,20.631374
7.0301,30.162786
1.63142,2.1141217
10.5708,3.323843
13.1792,36.573734
133.336,71.002205
0.027453,-1.5067499
3.82681,8.77594
0.0194613,1.5589631
26.1965,15.0522585
0.183023,-0.3993194
0.0,1.8592188
4.64645,37.022198
0.0372422,2.1141217
7.54107,10.86667
0.272837,10.369043
0.0889348,2.1141217
141.193,55.208614
4.26574,7.790655
18.978,32.714573
6.18583,15.232358
18.7259,17.424276
0.0,2.1334088
0.0,2.1141217
9.47653,3.8391938
16.4118,51.219463
0.0,-2.4482207
37.5404,22.421799
0.0,-2.634526
1.83906,25.231962
1.29001,2.6388075
12.5522,-0.26474595
5.33864,12.968989
0.0,5.0759068
7.92102,20.04722
1.96582,13.674409
0.462918,17.721863
0.0,2.1141217
3.49699,18.174421
0.0,2.1141217
0.68252,11.430261
36.2545,23.130219
0.989546,6.358738
7.10038,16.649422
0.0,2.1141217
0.551099,24.739529
0.00811492,2.1141217
14.0229,8.558635
3.07149,0.5542848
21.9536,-0.18410516
0.0992041,6.863328
0.0,2.1141217
143.863,47.65949
0.0,2.1141217
0.0951988,2.1141217
2.59898,1.9284613
0.674769,24.065964
0.0159229,2.1141217
3.45239,31.57507
17.6053,16.301317
0.0,0.7688017
2.59898,9.723608
0.0,2.1141217
31.496,19.510775
0.0,2.1141217
0.0,-2.634526
0.0338607,2.1141217
22.3866,36.411766
0.0,77.91424
56.7175,15.764977
2.92734,0.5697515
2.90771,7.3436146
5.55645,-6.8775864
0.104732,2.1141217
0.571642,4.0327816
0.0274291,13.37946
0.18013,2.1141217
0.0175409,-1.3256924
144.826,71.53556
0.0,2.1141217
3.62445,-7.589018
0.0,16.321802
0.0,2.1141217
0.0,2.1141217
0.0388604,1.1705563
13.2442,20.436623
0.883129,0.5005071
0.0,2.1141217
1.40205,39.51333
16.2393,1.2372963
0.0753823,8.823915
238.224,183.44614
39.9616,0.8058326
0.0,2.587566
0.0,2.1141217
22.0206,15.729869
0.239702,3.8645978
5.74481,12.846353
47.3053,53.59527
0.0757449,2.1141217
0.0645255,30.531797
1.87287,17.966564
0.0,2.1141217
7.88354,17.126055
11.6317,22.928139
14.3224,3.8547902
0.0167702,1.7728527
0.0,2.1141217
20.2034,11.079893
4.71807,-2.9428856
5.52068,-3.9367893
0.0,2.1141217
62.408,28.152569
6.93167,15.110984
9.66222,979.53864
0.295505,3.4205756
0.600189,21.716799
0.144603,2.1141217
0.520366,2.1141217
0.140637,2.1141217
0.136691,-0.97088885
26.1965,23.195505
25.7777,25.402067
5.1839,6.9186726
0.211054,2.1141217
0.0,0.5771313
19.5035,8.888712
0.0,2.1141217
0.339197,0.8144176
0.0,2.1141217
0.0733279,2.1141217
0.0148745,-0.010811567
5.30273,7.41422
17.1581,14.761985
0.0,14.150109
3.42381,26.674381
0.023847,2.1141217
0.365214,9.038231
1.59469,2.1141217
24.5863,0.69926
0.236539,2.1141217
0.269299,13.810935
0.0,2.1141217
12.3122,12.197191
0.0,1.3794901
19.4687,21.960314
0.647028,61.18591
21.2885,25.358763
11.6972,50.16502
71.0243,83.96317
0.315423,2.1141217
77.0235,50.666264
0.301719,7.736518
0.514458,2.1141217
0.0,1.3429558
0.0632379,17.126757
0.0,2.1141217
35.7609,20.518614
0.0,10.640912
0.200307,2.1141217
0.0,9.724003
2.0575,13.317297
237.319,238.49196
2.49685,27.733875
0.0840751,1.7884183
0.0,25.96365
15.9596,18.106844
0.0,2.1141217
45.9377,35.232307
3.95964,13.604121
5.87166,6.487027
111.378,42.6607
0.184448,2.4732232
0.0227304,0.29086542
25.3452,24.860943
24.8603,4.4956264
1.65003,9.023109
20.4947,21.50859
0.0,2.1141217
0.0,2.1141217
0.0,3.0737197
3.82122,16.97263
0.0,2.1141217
7.13458,16.655676
0.0,40.74506
0.0129563,3.9587405
0.0,0.5818193
6.16726,2.608721
12.6111,18.351051
0.0127135,2.1141217
0.0,2.1141217
0.144603,2.1141217
18.3229,11.249551
27.4069,20.97514
0.0,2.1141217
0.301423,12.880393
0.0,1.3802133
0.0239928,2.8282804
0.620975,2.1141217
22.5174,29.616034
0.0443425,61.18591
4.25521,21.096123
11.9314,9.694339
4.1697,23.14485
57.5816,2.7392557
17.0902,-1.6285326
0.0,2.1141217
0.0527842,-1.230902
15.2078,27.01193
220.719,12.584094
25.5367,20.18131
0.0,2.1141217
12.3155,32.19772
39.7765,13.532025
6.17503,12.30139
0.0,2.1141217
0.0,2.1141217
0.26033,13.576932
1.20083,4.4467125
0.0,-2.634526
15.6852,17.43522
2.81398,25.699764
0.0,2.1141217
15.6274,-2.255842
95.8946,29.34002
43.1164,15.994381
8.4627,8.969569
0.0281125,5.737813
105.821,50.75503
0.0,2.1141217
60.3985,62.8472
5.69682,48.465637
67.7821,122.159065
17.3394,20.03215
46.1544,16.039436
5.45658,43.82115
0.0,2.1141217
15.4143,12.880393
0.0126944,2.1141217
0.0,2.4113896
0.431208,26.125593
1.12688,16.444122
0.0,2.1141217
12.3122,7.80099
0.106008,2.1141217
6.51382,15.140662
12.2738,-2.383546
0.0,1.8214407
0.051393,10.640912
0.360438,2.9978857
1.90851,17.895067
16.7768,2.1141217
0.257412,0.14539027
0.0,2.1141217
0.0,2.1141217
0.661888,15.791329
0.0265144,1.3798501
0.0,2.1141217
0.0,2.1141217
0.0,2.1141217
19.4241,12.33274
0.0,2.1141217
4.545,9.898188
0.0,2.1141217
0.0,4.6370735
5.39967,5.261365
0.134373,0.12338662
23.569,21.365574
2.73993,1.2791839
0.0558323,0.40073705
0.0,2.1141217
0.0179047,4.7071433
0.0,2.1141217
12.5438,18.556225
89.6832,48.062916
23.7218,23.255768
23.9847,26.924408
22.5547,12.789488
11.879,53.59527
238.224,183.44614
0.0,2.1141217
0.0,2.1141217
0.0,15.72045
0.0218113,2.1141217
0.0703977,2.1141217
0.116668,6.542513
22.5174,29.616034
104.993,24.207367
1.47888,0.82010317
13.427,-2.701555
0.0,2.1141217
2.15402,10.534335
0.111466,2.1141217
1.09322,17.043142
0.0,2.1141217
0.430381,-3.840078
0.604248,20.750544
3781.02,1900.8041
0.0108675,17.894262
54.4611,22.089474
0.257412,7.5716305
19.3196,10.028743
0.0623884,2.1141217
1.02946,14.1225195
0.0,2.1141217
0.0,2.1141217
0.0,2.1141217
3.42239,3.3999474
0.0,2.1141217
8.60295,13.466214
24.8367,12.621969
0.45884,2.1141217
0.772461,27.95081
3.88051,-0.30842268
64.6435,44.61304
1.55233,26.592281
0.128949,2.1141217
0.134779,1.4356036
113.27,17.679848
0.0,2.1141217
21.3889,9.333728
18.3487,2.2040646
20.2291,22.120384
9.35985,5.269683
0.0840411,2.1141217
0.0,2.1141217
0.0587923,2.1141217
0.0,2.1141217
0.0,2.1141217
0.102848,6.6253624
0.0,2.1141217
0.0,2.1141217
2.12696,2.1141217
23.5057,21.816422
63.5438,24.261372
89.6832,48.062916
0.0,2.1141217
3.43098,10.419185
134.521,18.590302
35.7609,20.518614
0.0,2.1141217
0.0,2.1141217
8.26712,1.7887456
0.825871,13.928565
30.8501,56.402084
25.8398,1.1190996
1.11499,15.72045
12.6111,18.351051
0.329325,-5.8510265
0.0503724,-0.7069156
0.472967,-0.7464278
0.0,2.1141217
7.18879,9.392183
0.0,2.1141217
8.60684,7.522087
39.8526,32.46934
13.0144,12.043419
0.0,3.5639863
0.0,2.1141217
64.9969,33.348335
0.0936598,-3.441045
0.027453,-1.5067499
0.0240347,2.1141217
17.2867,66.19367
1.52665,22.988718
0.931928,2.1141217
0.0,2.1141217
0.0137033,2.1141217
0.0,2.1141217
0.0,-1.2776003
0.0,18.824154
0.0,-5.8510265
1.21707,1.3429558
14.6851,2.1141217
0.0,18.860306
0.0,2.1141217
75.4895,18.00283
0.0202205,2.1141217
0.183247,6.09383
4.69642,-4.6439457
45.9039,14.968238
22.852,28.209509
13.9068,23.590557
43.9186,66.28094
0.0,2.1141217
0.0179047,4.7071433
97.5563,56.86553
0.0,2.1141217
31.2841,12.756165
0.0663706,20.016771
36.5915,15.920818
23.5057,21.816422
0.0,2.5935335
1.90472,10.350167
0.0,2.1141217
0.0,2.1141217
0.0,5.1759024
138.822,100.0604
0.516177,1.7488718
0.0,2.1141217
0.0,30.556084
0.0285757,4.8637643
4.68189,0.2405765
5.20518,1.2150905
1.04923,-3.1698353
5.46322,12.289258
10.4902,12.524528
0.0,2.1141217
795.558,969.2137
8.15758,10.270487
9.90765,26.336788
0.655482,2.1141217
0.0,2.1141217
45.6525,42.621574
63.3414,35.58236
0.0,17.698967
0.0318162,6.8086452
0.158946,2.1141217
9.08801,38.344707
12.3317,-3.679713
0.0,-29.002003
0.0789655,0.13823962
29.3098,18.561138
0.0,2.1141217
9.43502,3.6293013
40.8759,11.268407
1.47888,0.82010317
0.0,2.1141217
19.3196,10.028743
0.0,2.1141217
0.010742,2.1141217
5.54165,3.6821392
6.3236,12.317666
0.668523,0.46547556
0.0,-1.5855246
71.264,49.096203
0.0,2.0316222
0.0,2.1141217
0.0,2.1141217
0.552373,-5.8510265
0.0,2.1141217
3.07678,21.86389
0.0,2.300903
0.0617622,-14.922605
10.9794,15.435817
51.3322,13.412292
85.6142,48.693455
0.0401582,2.1141217
110.799,66.75547
0.0755083,4.0720577
0.819095,30.131905
18.2979,4.2175207
0.0,2.1141217
0.0,1.7550147
0.0,2.1141217
5.78663,3.5001225
0.0499555,-0.17731369
0.140637,2.1141217
0.0180879,1.5012152
0.0,2.1141217
3.35923,7.0263023
21.4343,26.125593
5.00993,5.966545
0.0,2.1141217
4.66285,12.053571
43.3216,40.269093
0.287353,2.1141217
0.441246,8.029024
0.0936892,38.820187
0.0,-3.2943766
5.06259,2.819084
27.1771,31.219501
0.220822,3.4257593
0.0,2.1141217
0.523938,2.819084
68.9289,0.5771313
13.8451,33.19617
0.0,2.1141217
0.0,2.1141217
0.506194,2.1141217
4.06813,15.620978
1.58275,15.153686
163.165,71.25652
2.48644,17.358572
0.0704166,2.1141217
24.3086,18.116604
0.096906,2.1141217
0.0,2.1141217
0.0217221,2.8079438
0.0324436,2.1141217
25.6865,1.9187403
0.0281096,2.1141217
0.286364,12.875667
36.5915,15.920818
17.3043,15.060851
143.433,84.173935
0.232573,7.8813066
2.19578,5.6736784
11.1825,2.0919032
59.8603,36.58726
1180.95,933.19055
4.252,7.590458
17.9953,3.8447692
0.0,2.1141217
0.0,11.07588
0.295505,3.4205756
0.0,2.1141217
0.0466554,-0.15718198
0.0413947,0.73577857
44.0526,29.583755
0.024293,1.6420734
8.54713,1.5715945
4.34776,17.361687
12.1932,15.794751
0.0,2.1141217
9.21049,21.908848
7.0598,185.91435
0.0,2.1141217
1.9201,14.266483
8.51798,36.23504
6.50334,10.894438
47.3513,19.514023
0.0,2.1141217
0.0,2.1141217
0.0,2.1141217
0.044617,2.1141217
0.0274204,2.1141217
73.3554,55.918507
0.027453,-1.5067499
22.4628,2.1141217
52.872,73.315834
0.142146,2.3404405
0.0,0.73577857
3.62445,-7.589018
0.0,2.1141217
2.81891,-25.971018
32.5265,2.1141217
0.0,2.1141217
7.81638,-4.793475
1.33926,4.2372274
7.40053,12.886062
12.4169,-2.8248255
0.0242906,0.14821029
0.855994,16.648016
5.26932,3.92746
0.0179047,4.7071433
11.7182,16.097927
0.887909,7.2223673
0.0108633,2.1141217
4.56171,32.049744
0.0362957,3.1990519
7.18879,9.392183
0.0,2.1141217
40.7414,19.069733
50.4777,33.074425
0.0,0.1129905
87.0906,17.694424
3.41305,23.565973
0.0234931,2.1141217
0.0,2.1141217
0.0168345,2.030281
0.0,2.1141217
12.3578,16.102467
0.103364,-179.6038
17.6696,10.100707
4.6034,9.412441
0.0596386,2.1141217
0.0239739,2.1141217
0.0479485,2.1141217
0.0,2.1141217
0.0,2.1141217
14.8348,7.557605
3.12215,15.315433
5.59409,2.1141217
19.3857,20.746702
0.0261254,2.1141217
17.9531,49.63284
3.5795,1.7563076
8.39144,-6.545865
60.2843,49.44004
16.5466,8.446331
3.55203,1.1105757
12.9406,9.07431
18.2738,32.63712
9.31878,10.46751
19.6435,12.465957
0.0,-0.58544993
0.150548,13.269835
3.77614,-9.2185755
88.2999,64.06016
28.1376,12.335235
0.0104653,2.1141217
7.72854,4.444975
19.4562,20.2921
0.0,2.1141217
0.0,2.1141217
35.0216,34.536022
19.3636,24.441113
14.2453,24.149666
0.0,2.1141217
5.29286,3.7383084
146.296,129.09953
9.07694,2.1141217
0.0,2.1141217
0.0,1.8540459
0.00483917,2.1141217
0.0,2.1141217
53.2938,37.033314
0.0,2.1141217
0.411317,0.18901587
0.0626555,1.9394019
17.9208,7.1052723
21.4343,26.125593
0.617037,12.757758
15.332,23.328384
0.0,2.1141217
0.0,2.1141217
48.1875,40.39473
0.276195,2.1141217
30.345,13.500933
45.4518,15.72803
1.54364,27.364796
0.0,2.1141217
4.71807,-2.9428856
10.5992,1.3384106
23.5057,21.816422
0.0,2.1141217
0.0995542,2.1141217
0.0,2.1141217
0.0,2.1141217
0.0,9.728288
13.0144,12.043419
0.259034,7.18423
0.0,2.1141217
0.0,2.1141217
14.0855,13.72173
0.105136,8.289624
1.21112,17.165186
21.6632,0.0876565
0.0,2.1141217
0.0261254,2.1141217
16.4514,39.232044
0.0,10.610669
22.5174,29.616034
18.8462,9.618952
0.0593326,45.81317
1.99566,27.452568
7.8291,5.02931
0.0,0.68544173
0.0130336,0.99495673
0.0,2.1141217
6.06754,20.127562
0.0245652,-0.021833181
0.41119,2.1141217
0.372758,7.4242964
0.456012,5.955969
0.0367091,11.055564
0.0274204,2.1141217
6.33957,25.435575
0.058232,2.380935
0.0743738,6.375988
0.633678,3.652745
8.32161,20.171127
0.0,8.315482
1.83906,25.231962
0.0,0.2146883
0.0,2.1141217
4.61967,37.742016
0.465225,20.739819
8.84532,4.6643915
1.18369,4.584762
0.0,2.992619
5.31531,-1.5159972
0.0261254,2.2066965
0.0,2.1141217
47.4039,16.215656
0.0317417,3.11053
0.0837542,2.1141217
38.704,7.384486
0.0,1.4200249
12.2876,34.723335
8.61474,22.044437
0.205377,5.4409432
0.0,2.1141217
16.6807,20.571957
1.45222,2.1141217
0.0,2.1141217
0.0,2.1141217
0.0,2.1141217
2.05975,12.320858
1.13518,-9.98883
9.59899,20.638868
0.0105037,2.300634
0.0434396,1.1380856
0.0,2.1141217
44.7525,46.593597
0.0443425,61.18591
3.71542,14.741757
0.0,14.741449
7.95817,11.4248085
0.0,2.1141217
0.0535125,2.4798203
26.9514,16.194698
15.4223,5.8198156
2.26945,0.44568777
0.0,2.1141217
1.02096,35.10849
0.0,2.1141217
0.0212999,2.1141217
9.11947,36.816555
0.0,2.1141217
29.1984,19.42188
0.0,2.3550985
0.0,2.182158
0.918717,0.18539286
44.0347,33.46741
0.411793,2.1141217
9.72954,-0.8928628
0.0271757,2.1141217
5.59409,2.1141217
1.87287,17.966564
2.15402,10.534335
0.0,5.1759024
20.5422,9.963313
51.9888,23.55938
0.169539,2.1141217
0.116267,19.84235
0.487407,8.289624
0.0711728,2.1141217
9.65741,63.31807
53.3411,23.261015
2.47586,0.40223908
12.7565,3.1476789
0.0,2.1141217
17.5554,49.313316
19.9297,4.887971
21.4388,-3.0837324
0.0203818,2.1141217
0.0,24.872643
0.0,15.8302145
0.0,1.0983262
0.0219448,2.1141217
29.3097,6.5625963
3.42381,26.674381
0.0105037,0.29363108
0.146158,2.1141217
54.8596,58.96626
0.0,2.1141217
0.16082,2.1141217
29.3384,20.540047
0.0419176,2.1141217
0.0,2.1141217
24.9532,21.739193
16.0916,15.564557
96.1357,2.1141217
0.0,2.1141217
9.13074,12.8341675
27.9481,4.2677155
3.12215,15.315433
0.0353766,2.9833596
0.0,2.1141217
16.651,6.9716806
28.1376,12.335235
13.2992,11.3947735
0.0179047,4.7071433
37.7274,37.353157
0.0391943,2.1141217
51.4147,2.1141217
0.0,2.1141217
0.0,2.1141217
43.4355,21.141932
0.0,-0.58544993
0.0,2.1141217
25.8992,42.786343
15.3903,14.95198
0.583561,27.494837
15.2282,20.561453
0.0,2.1141217
78.8296,21.914467
0.020618,4.895401
4.6505,31.949331
50.5981,5.216434
1.54364,27.364796
0.689814,15.86966
1.16659,23.261015
0.0175958,2.1141217
8.62519,9.811629
12.4639,2.1141217
0.0507568,8.289624
15.8462,20.267057
0.0,2.1141217
6.22829,7.114991
0.0,2.1141217
0.0,2.1141217
0.0,2.1141217
0.0,2.5990953
2.34971,32.591022
1.9025,2.1141217
0.0,13.343078
0.201017,2.1141217
4.42726,15.540274
0.33244,15.09835
63.6629,27.280706
10.4071,25.907602
0.0,2.1141217
4.4131,29.639969
0.530209,-2.4328406
3.96503,48.48501
1.4259,-2.1469195
0.115524,8.03114
2.14069,4.0302362
0.0230888,2.1141217
10.5207,43.988228
0.0274204,2.1141217
68.9289,40.125473
0.0,7.769553
2.7244,8.382948
8.57879,20.631374
0.147932,2.1141217
0.160392,13.627924
9.91484,4.7071433
2.02648,19.64812
84.2077,48.983906
0.160392,13.627924
0.0,2.1141217
0.0,2.1141217
0.205817,42.571568
21.3327,1.0624473
0.0,2.1141217
4.06435,6.2033253
9.79032,12.818999
0.0,2.1141217
26.7264,81.097595
0.0,2.1141217
0.152976,24.706692
0.0201361,2.1141217
8.36759,16.637222
4.54608,2.1141217
10.411,11.430261
0.0,29.371094
88.227,20.25443
282.73,202.24155
0.0,2.1141217
8.28907,4.731224
23.7573,27.142056
1.2552,2.1141217
28.3832,35.365227
0.0,2.1141217
0.530209,-2.4328406
4.09223,3.9267251
0.318196,-1.7685707
0.0,2.1141217
0.944481,3.4622445
0.0,2.1141217
3.52212,-1.0321536
0.0,12.053571
0.209224,7.374275
12.3357,18.50888
0.0999994,24.3035
12.7947,8.076349
1.2448,21.164936
0.0,-3.5760252
0.02025,2.1141217
4.94766,3.6866925
0.0,2.1141217
0.412941,2.1141217
20.9778,15.450052
679.721,424.90738
0.550381,2.9586818
7.18879,9.392183
0.0,1.1606264
6.56907,-0.19749236
342.867,40.94319
0.272188,-10.933797
5.52068,-3.9367893
5.53292,3.9298768
0.0,0.29086542
127.197,17.91616
2.73968,12.35846
3.5795,1.7563076
0.0,2.1141217
0.0362889,2.1141217
0.200673,2.1141217
1.26098,1.0983262
0.0,15.544454
0.507646,14.787362
0.0477546,2.1141217
24.2768,1.6500609
0.0,14.377724
0.0,6.769498
0.0,7.8813066
18.6472,21.13603
0.480086,-0.112421274
18.3674,28.538795
0.0,1.1062078
0.0118243,10.882646
18.7348,7.6339903
5.1564,7.477748
0.25537,2.1141217
11.3618,11.018638
0.0,2.1141217
19.4241,12.33274
0.0688739,1.4058695
0.306576,2.0330708
0.0,17.20741
0.089359,36.06913
0.0,6.85979
3.56163,19.60136
0.030774,1.4754741
16.0989,15.364087
1.67192,-2.7970178
0.0,2.1141217
0.984085,26.17534
0.0,2.1141217
89.6832,75.183846
0.0,2.1141217
5.4147,5.6597977
0.0,0.29086542
1.13507,3.0755212
95.6333,148.75148
0.0,2.1141217
0.535877,28.17271
9.57138,27.502678
20.389,19.086061
169.242,75.54958
4.70951,22.999554
14.7658,10.350167
0.0,2.1141217
12.9352,25.258486
1672.53,979.53864
0.0,2.1141217
0.0,4.07621
0.0,2.1141217
0.0,15.413606
0.0,2.1141217
3.90843,42.31384
29.3098,18.561138
0.0,10.827845
1.50108,3.0673761
0.0,2.1141217
0.0,5.234668
0.0,2.1141217
6.43976,10.689906
18.8057,14.890631
3.34189,15.039185
0.0,2.1141217
9.20186,10.62346
0.0,6.62749
392.591,10.435331
0.210907,2.1141217
2.61288,6.3151884
0.0,91.622826
0.0,2.408522
27.7688,19.819302
2.36245,2.1141217
28.3832,35.365227
0.0149761,1.8798091
0.111489,-3.280266
10.4993,-7.637925
0.0,2.1141217
2.29405,-5.87136
10.2463,42.877457
0.0,1.467035
0.0,2.1141217
18.758,16.162485
9.15232,11.978212
0.0,2.1141217
9.47653,3.8391938
0.0,2.1141217
0.0735954,2.5702555
1.05547,20.406023
0.188263,2.1141217
98.8142,10.018537
5.54419,6.6290503
0.0,1.0998225
0.0,2.1141217
6.09898,-1.5531638
4.33894,0.030369043
0.0222586,2.1141217
4.05734,-7.4075108
135.507,50.926502
0.038365,2.1141217
4.17794,10.674062
0.0,2.1141217
0.0,1.8656538
6.35077,1.438174
0.0,2.5286202
171.61,122.25669
13.3558,6.8579206
14.8846,31.328684
0.0,2.1141217
2.91441,10.583976
0.0,0.29744983
23.9859,26.90495
13.2992,11.3947735
0.0,23.261015
3.84675,3.2658224
2.6963,11.353447
25.3641,11.298175
0.0,2.1141217
0.0184828,1.6288695
1.06258,3.1960177
0.0,2.1141217
3.4621,21.998775
0.0605592,10.82565
11.2349,29.607979
7.93361,18.89825
0.0,2.1141217
10.6701,14.366651
0.023847,2.4622707
0.0473925,2.1141217
0.0,5.8366776
0.0,2.1141217
0.0193864,2.1141217
0.0,2.1141217
2.47954,7.1532173
22.5521,24.428318
0.46676,2.9586818
0.0,2.1141217
29.3384,26.543316
2036.01,-29.002003
4.54025,29.501026
11.7479,-0.97184324
53.2671,80.86481
8.56968,26.84525
0.0,-1.6444747
0.0,2.1141217
0.0153647,1.0967033
25.7537,6.1086254
14.5917,56.86365
3.62445,-7.589018
13.3117,22.231422
0.0,1.8145192
0.0541491,2.1141217
0.679415,7.6006184
2.03527,34.528706
1.64039,52.66178
34.8729,19.788597
73.5802,35.82716
8.15143,19.582527
4.51348,23.495083
43.6408,18.860306
3.12215,15.315433
77.4221,8.60874
0.0,2.1141217
29.2481,44.056366
0.00788695,4.821404
3.74162,1.2334211
9.66222,979.53864
0.726586,-9.232228
0.014633,1.6674564
6.49102,16.44069
11.2831,12.525912
0.0807021,6.6908197
24.7117,-7.1797295
1.03672,53.889484
0.0,2.1141217
0.0,2.1141217
8.4425,13.405335
3.5795,17.305208
10.7882,28.271873
0.0324955,2.1141217
0.0,0.7688017
0.0,2.1141217
36.8233,18.9626
4.4869,4.900806
0.0,2.1141217
4.07047,15.209104
2.39605,2.490519
25.4392,23.137318
0.224348,5.0522833
0.0,7.265312
0.0462628,2.1141217
0.0,2.1141217
0.0417007,2.1141217
0.0879474,19.26241
0.0406318,2.1141217
94.5804,74.347374
0.0201361,2.1141217
0.0,1.6751451
6.66949,15.770354
0.0,2.1141217
0.0,2.1141217
0.02025,2.1141217
0.127069,8.137612
11.6114,20.631374
1.25708,11.872974
25.5172,20.141962
0.0,2.1141217
0.0799965,2.1141217
30.2705,11.000648
0.0,2.1141217
0.0900139,1.9054813
152.971,59.928196
141.193,55.208614
0.0,2.1141217
0.0,2.1141217
16.651,6.9716806
0.0,2.1141217
23.1255,25.598162
0.0667324,1.4472945
0.318302,2.1141217
0.0,2.1141217
26.1605,4.085552
0.00905912,-0.02811122
9.97045,-2.7594879
0.0,2.1141217
19.7884,24.066763
0.0,-2.634526
0.0108776,2.1141217
16.0908,2.1141217
0.444614,1.5735292
11.5871,30.761658
0.0616964,2.03127
0.0,5.3608103
0.0254356,2.1141217
0.00927692,1.9126914
0.0129911,2.1141217
0.116668,6.542513
0.0,1.6340139
7.81001,2.2895124
4.6034,9.412441
0.0820103,0.57958484
22.5227,29.068928
2.50742,25.319445
0.096392,2.1141217
0.0155778,2.1141217
0.0,2.1141217
0.0,2.1141217
29.8067,12.657287
11.9164,4.9394712
0.0219642,11.669469
0.0,12.8341675
16.1804,17.800873
0.132486,2.4973404
0.00808029,3.5235908
18.8462,9.618952
0.019213,2.1141217
21.8505,21.124203
4.36892,11.958759
2.36926,15.619127
23.569,21.365574
4.94766,3.6866925
0.656383,2.1141217
0.0274291,13.37946
0.567755,3.6113732
0.0,0.5771313
0.432452,15.682942
12.3578,16.102467
23.5057,21.816422
0.0,2.1141217
0.0,0.44697976
0.0,2.1141217
10.3992,20.430023
39.5927,29.24619
0.0,2.1141217
0.183392,162.48741
28.1376,12.335235
0.0,2.1141217
11.3911,19.992884
0.0,2.1141217
0.0,2.1141217
0.0,2.1141217
45.1028,16.403708
49.263,7.764243
0.205377,5.4409432
84.0009,43.689793
2.24119,5.6576395
24.4932,18.746489
0.0562142,2.1141217
0.169266,5.4821277
0.0,0.5771313
0.0,2.1141217
0.309085,7.806714
8.46153,-2.338165
4.28139,3.232003
0.0,2.1141217
30.128,11.659546
9.45225,-1.2070091
0.227358,-0.601033
0.101706,17.54545
10.8713,2.0510108
0.0528512,2.1141217
4.17273,6.5554934
0.0190361,2.1141217
0.0,2.182158
0.0,2.1141217
0.0,2.1141217
60.3458,23.184568
2.36926,11.211113
0.0,2.1141217
1.91025,23.511986
3.12215,15.315433
0.0,2.1141217
0.0,2.1141217
0.0,2.1141217
0.196792,1.180531
0.0,2.1141217
16.7023,23.412458
0.194898,2.1141217
6.37074,19.321396
15.4888,2.1141217
0.0,2.1141217
0.0,2.1141217
0.0,31.99386
0.0,17.380154
5.0811,18.055077
89.6832,48.062916
0.158944,2.1141217
6.37074,19.321396
0.457822,-9.69069
4.3583,34.89544
0.0,2.1141217
49.2648,20.870726
4.63852,8.009782
39.0521,29.076906
7.79542,23.458548
0.0,2.1141217
9.71452,0.19327474
0.0,33.348335
0.0,2.1141217
0.0,2.1141217
0.0239684,2.1141217
0.0540007,2.1141217
0.0,2.1141217
5475.9,2.1141217
3.07149,0.5542848
7.72727,12.537587
7.89957,12.596095
0.803882,0.078888655
39.9616,0.8058326
1.21872,-4.9180794
5.90745,22.069971
7.42939,29.253323
14.3858,23.82518
10.0698,21.431992
21.4348,27.279915
4.8442,73.68467
2.45441,5.674466
0.0237032,2.1141217
22.126,29.621124
30.4005,11.209919
1.09396,2.1141217
17.4265,37.353233
0.0,2.1141217
7.28997,12.212889
0.123353,2.1141217
0.0,2.1141217
0.0,15.791329
0.0,2.1141217
0.0,2.1141217
2.38073,23.05527
1.35988,0.25070238
0.095025,0.7277944
5.4147,5.6597977
115.153,138.34578
0.0,2.1141217
0.0839333,2.0668752
13.8527,21.68448
2.21092,10.246274
0.0,2.1141217
68.9289,40.125473
15.3317,1.2208519
45.9377,35.232307
0.0,2.1141217
0.0,8.17738
0.0,2.396483
0.220675,0.60950303
0.0,2.1141217
0.685934,5.1369324
6.32027,6.5035286
16.4165,8.888712
6.83028,1.2526953
38.012,20.746702
0.0,2.1141217
0.285904,3.3280761
0.0,2.1141217
0.0,1.4856396
0.028049,-4.272502
0.0,2.1141217
0.0,2.1141217
0.506815,3.4117794
34.9534,2.1141217
0.014271,2.5347397
20.3765,10.640912
4.29189,12.931564
0.0628861,-9.232228
0.0,4.2666564
21.2194,27.602318
7.38977,4.9915714
18.8538,6.118285
2.24119,27.987976
3.84675,3.2658224
17.2999,9.722077
0.0,2.1141217
0.0,2.7738788
31.6466,35.105732
17.4698,-4.20016
0.348336,12.428775
0.523938,2.819084
75.7574,26.428066
53.1995,29.726826
0.223302,3.6475482
0.132745,3.4952343
0.0549589,-0.94760394
19.3196,10.028743
0.0,2.1141217
0.0,26.16103
192.728,122.12616
0.287618,2.1141217
4.76267,29.043724
21.1404,9.6496315
4.95834,13.597182
0.0,2.1141217
0.0771056,1.9791236
2.87073,8.901865
0.0,0.7349374
3.28316,21.978138
3.81662,11.900233
14.3858,23.82518
0.030774,1.4754741
2.38675,29.207705
0.0,4.6165786
6.93167,15.110984
43.5617,31.957092
0.0,2.1141217
13.1593,2.1141217
0.0927242,2.1141217
0.0,15.203162
5.64967,14.811035
0.0,2.1141217
0.0,0.29086542
27.5933,18.794815
0.0443369,1.5610101
7.38977,4.9915714
28.3925,10.527169
0.110217,2.1141217
2.59898,1.9284613
11.0104,6.8164988
35.0486,30.46339
30.6925,26.891708
0.387816,-0.591285
0.0,2.182158
0.0,2.1141217
0.051393,12.939656
19.3636,28.353058
14.9468,0.8098099
4.6034,9.412441
0.0,8.519562
0.0,18.607054
0.0849796,2.1141217
0.0,2.4230373
20.9074,7.0489902
1.68421,5.5229263
0.195798,2.1141217
7.36454,10.267578
0.0,2.1141217
0.0,2.1141217
0.0,3.2865114
21.4696,40.645058
0.314417,16.891506
33.5666,12.7669935
0.0,2.1141217
0.336721,23.189003
0.66075,2.1141217
0.0734686,16.097927
3.65862,-0.35803795
0.0700728,2.1141217
0.0,2.0181746
2.9242,2.9824584
4.37095,-2.2910569
4.69327,5.844041
13.8269,10.934959
0.0,2.1141217
10.0025,16.188776
10.4071,25.907602
0.0,3.661031
0.0243204,2.1141217
2.26965,20.460705
6.31848,5.423787
19.2125,11.167752
0.0,2.1141217
0.367928,2.1141217
126.095,66.08396
3.83202,4.0720577
0.113926,2.1141217
17.243,0.82010317
2.49685,27.733875
7.00486,15.454626
17.4864,18.470238
1.06829,-0.70419765
0.0324436,2.1141217
3.99544,28.167809
1.55944,15.140662
0.0219448,2.1141217
74.3385,58.945747
0.0,-10.239687
356.985,189.84404
24.8424,11.451528
0.0,1.4902458
10.2172,14.647026
7.75693,3.5992248
0.665929,7.0781517
0.125719,1.1606264
64.6435,44.61304
6.94088,40.224796
0.0240347,2.1141217
88.1568,28.704147
0.150147,61.18591
53.2938,37.033314
22.4149,5.7925005
0.0,2.1141217
27.0957,14.865526
25.2905,2.1141217
0.0423201,10.0767145
0.0,3.2865114
6.18583,6.9340506
0.15934,2.1141217
25.0915,7.6403666
0.0,2.1141217
18.3279,6.8460903
42.7111,32.134922
0.0,2.1141217
17.4509,14.543107
0.0,-2.918496
0.0,2.1141217
433.236,256.0741
0.441196,6.359544
2.0112,22.51567
0.0,1.18029
0.00802383,-0.8675549
0.0546572,-0.2940402
0.403624,4.7406225
19.633,20.23693
0.037917,2.1141217
18.7444,21.47998
0.0,2.1141217
0.511384,1.7671654
0.628994,2.080645
2.69787,9.5552225
0.0,2.1141217
0.0,2.1141217
0.0503724,2.1141217
0.0376121,-0.6650107
112.42,70.52169
10.2388,8.9451065
0.0522123,-0.5801146
0.346404,11.527003
6.01797,24.374374
4.37095,-2.2910569
0.0,2.1141217
0.0,2.1141217
4.21751,-7.0856304
8.44341,-2.7970178
11.4676,2.3163874
2.24531,2.1141217
0.153342,19.004944
15.0756,3.4610293
0.0,2.1141217
228.807,232.03015
25.6265,37.31998
0.0,0.83258224
0.0,2.1141217
0.288806,2.1141217
0.128932,2.1141217
0.0,2.1141217
15.893,25.819319
0.233384,434.20877
3.51618,17.867952
15.9535,114.40177
0.0,2.1141217
0.0,2.1141217
1.04998,14.436345
0.0,2.021357
0.512462,0.73700213
11.4908,14.150109
0.230591,2.7420688
0.0,2.1141217
0.0110245,2.1141217
0.0,2.1141217
30.7407,20.473797
0.0,-2.634526
0.0,1.5309823
4.15016,6.6593018
4.12061,0.024073124
0.0,2.1141217
62.2321,31.706562
0.0,2.1141217
0.0,2.1141217
0.0,2.1141217
3.91661,17.091187
0.0266381,-8.340513
0.0835701,2.1141217
40.1683,22.044437
0.0,2.1141217
0.0,0.14821029
0.97247,5.533186
0.0,1.9644475
3.49699,18.174421
181.813,77.596214
0.0,2.1141217
0.820288,2.3592784
78.0455,42.257275
0.785868,-0.56933594
0.226636,2.1141217
0.0,10.0767145
0.496368,2.1141217
0.00808029,3.5235908
0.157396,2.1141217
0.0,2.1141217
0.0,1.527014
24.5835,14.672391
0.0,2.1141217
0.0,2.992619
19.3857,12.836405
1.13347,0.36704612
0.345062,12.43255
19.1486,-1.3834395
16.0687,14.519736
0.0,2.1141217
0.101064,2.1141217
0.0,2.1141217
0.0302849,20.460423
0.0,25.706093
2.18594,2.1141217
0.00635723,2.1141217
0.0569866,2.1141217
13.3117,22.231422
21.0736,29.289827
3.1782,12.628088
5.39411,8.383818
12.5145,2.9204228
0.0,3.2865114
0.219512,1.3290293
164.459,55.865532
6.94318,6.4542036
0.0962949,-2.4973114
0.0,2.1141217
102.047,13.53781
0.506356,-24.853127
0.0,23.325079
6.33662,30.913923
0.3569,6.82255
5.89798,-1.6842844
7.49617,22.626156
13.1755,25.2592
0.0629288,2.1141217
16.1532,12.053571
0.0,2.1141217
22.0206,15.729869
11.7892,2.1141217
0.127013,11.958759
68.0121,14.353573
0.0,8.76058
0.802017,1.923887
2.28587,39.85796
15.332,23.328384
0.079933,121.82208
0.0882927,0.8744495
0.0,2.1141217
0.682235,10.921738
0.0,-2.634526
0.136463,0.81757355
0.216134,13.251504
8.46153,-2.338165
0.128067,4.564385
3.40454,9.453904
1.02096,35.10849
5.39411,8.383818
0.372758,7.4242964
4.75134,7.7846727
32.4171,40.87841
88.227,20.25443
9.58637,-2.6893957
144.826,71.53556
0.745703,-2.3847537
151.923,98.20641
0.041474,2.1141217
0.0,2.1141217
0.0122792,6.270138
0.0,18.000711
0.0,9.392183
0.0,28.6583
0.0,23.261015
0.0,2.1141217
0.0,2.1141217
186.208,52.20069
3.08732,2.1141217
8.74772,9.561637
0.0,2.1141217
51.3322,13.412292
0.0,2.1141217
18.5412,11.291941
0.0,2.1141217
154.968,79.20347
0.0,2.1141217
5.52068,-3.9367893
34.6075,17.395744
0.0,2.1141217
0.0,7.415476
29.5091,29.86891
0.0,2.1141217
4.21318,11.802487
0.0,1.6908927
6.0391,19.326395
2.92734,0.5697515
1.24908,1.7646384
9.4149,22.957647
6.71538,20.460121
29.961,37.442562
0.0,2.1141217
0.0,4.66201
23.5127,17.081825
0.0,10.408883
3.23535,14.548491
0.0,2.1141217
52.1071,-5.9888706
14.0998,23.998009
26.1965,15.0522585
39.6218,17.973385
4.37095,-2.2910569
0.0,2.1141217
130.197,20.936388
0.0735687,-0.21207166
6.32027,6.5035286
0.0562228,2.1141217
0.0,2.1141217
9.45517,24.905373
2.87896,18.385353
0.202952,14.882545
0.0,2.1141217
86.3551,85.7454
0.709997,-5.8851137
4.57112,48.96494
4.52996,2.1141217
0.0385103,2.1141217
0.0,16.369684
0.0,2.1141217
0.721388,6.673257
0.0,7.128663
0.214822,7.198861
194.475,67.47471
589.635,163.7617
0.0,2.1141217
0.051393,12.939656
5.97234,13.948318
27.9481,19.080906
2.64048,14.018958
11.1811,19.216227
6.94991,14.6625595
0.205377,5.4409432
26.9954,8.657786
35.7241,29.149555
0.0,1.1955736
17.5578,20.743767
0.0,2.1141217
16.2904,12.18266
0.106439,7.2328196
1.78476,33.84065
0.0,1.6659222
0.493416,9.909786
0.0,2.1141217
0.202455,2.1141217
9.09213,5.3562
7.88268,-4.132309
0.0487963,-1.4193625
0.668389,21.774662
19.1121,12.513417
24.7151,37.16126
0.0,2.1141217
0.0,2.1141217
0.0,2.1141217
0.0,2.1141217
0.0,10.640912
0.268027,19.788597
68.0121,14.353573
21.1112,12.568706
0.136145,2.1322918
22.7661,39.56832
0.0,4.6233053
0.0,10.640912
0.0,2.1141217
14.7008,6.370822
11.4053,22.99762
0.0,9.392183
1.02305,11.283882
48.7639,4.3718166
8.42896,1.0708325
0.0,12.629026
0.110707,2.1141217
0.0,2.1141217
27.6447,20.507132
0.0363331,2.1141217
0.620975,2.1141217
22.4628,2.1141217
1.87287,17.966564
63.6629,27.280706
26.9829,15.772093
0.199039,12.8341675
0.797986,-1.8792388
8.98122,16.830963
0.0924405,6.725815
0.0,2.1141217
1.43988,2.1141217
22.0206,8.511662
20.9778,15.450052
8.54713,1.5715945
11.925,13.343078
0.0,2.1141217
0.0,2.1141217
27.79,15.72045
0.191738,2.1141217
0.0,0.46889877
0.118146,2.1141217
5.71592,9.849424
0.0139038,2.1141217
20.3765,2.182158
0.0236038,8.18763
0.0,9.898188
1.18242,31.31324
0.0362418,0.21086204
4.68443,16.813807
4.42681,48.399494
11.9154,35.529274
0.0,2.1141217
0.0,1.6811795
19.4241,12.33274
0.0506962,2.1141217
1.1826,2.1141217
32.6081,13.530164
0.465156,2.1141217
0.0367065,2.1141217
28.3844,11.199965
0.802453,2.7144585
0.13323,2.1141217
5.73474,10.933267
0.0,9.105166
0.0,8.87165
36.9143,13.301736
9.18391,28.353058
0.0,2.1141217
0.0718414,1.945296
10.919,12.090957
0.0,8.434607
7.52572,6.077709
16.651,6.9716806
32.9684,30.059849
0.0,2.1141217
0.00357453,2.1141217
0.0365421,3.7908325
6.02159,1.0135872
0.0221229,2.1141217
0.0,2.0768597
0.0,2.1141217
0.0729982,2.1141217
12.6111,18.351051
2.97333,10.655471
89.6832,48.062916
0.0478645,-0.08306742
17.542,30.793034
0.0,2.1141217
8.18658,-1.5035303
2.11577,8.489235
13.2085,12.240786
4.25643,29.9287
0.285904,3.3280761
1.85125,10.486205
76.6305,26.70471
0.0310379,2.1141217
7.11122,8.580634
141.193,55.208614
0.160283,-6.189004
16.2353,2.1464055
0.0,0.87606883
13.3117,22.231422
10.5353,5.61464
14.2453,24.149666
0.0,2.1141217
0.0,2.1141217
8.90259,11.169949
13.9082,37.051884
0.0,0.7184974
11.6269,13.381017
0.0,-1.9403946
10.2115,22.33419
6.25124,15.519723
3.05638,9.024048
0.0417242,2.2025445
2.41969,33.074703
0.0631732,18.325768
0.0,12.720351
10.5992,1.3384106
0.778633,13.98861
76.3843,23.624275
11.2641,34.21069
12.1094,12.522966
0.0440683,15.940496
1.08108,2.1141217
0.0,-19.363539
0.0400654,2.1141217
0.0995542,2.1141217
5.75256,16.679386
5.1564,7.477748
145.325,21.414684
0.0,2.1141217
1.02096,-1.6204274
0.0,2.1141217
7.14585,4.917487
89.6832,75.183846
0.0,2.1141217
0.0,4.6165786
0.0,-0.9409034
0.0313687,2.1141217
140.312,150.66098
0.0,2.1141217
0.0393917,2.1141217
0.0757828,10.679986
74.8673,67.40417
0.0,2.1141217
0.0,31.370226
0.0645255,30.531797
0.0,2.1141217
11.6433,9.349525
0.535877,1.6731446
0.0,2.1141217
0.203133,2.1141217
0.0,-1.9822395
0.172357,6.8248844
47.1426,36.454002
0.0,2.1141217
0.0,2.1141217
0.0,2.1141217
97.5563,69.65842
0.0,12.671809
6.18238,2.1141217
0.02025,2.1141217
470.192,215.27206
0.0932137,3.6011236
0.0,16.535696
0.0541491,2.1141217
12.9609,48.611362
9.68664,10.584289
0.0158332,5.205822
53.9315,32.583023
0.322745,14.6625595
26.0635,6.432233
0.0,2.1141217
0.0,2.1141217
17.7734,65.91225
80.5417,37.16126
0.0,4.650951
6.71487,-4.015747
0.0382753,8.826875
7.93361,18.89825
11.6433,9.349525
21.4081,16.219212
22.4628,2.1141217
0.854401,32.55091
71.8092,36.791588
0.809665,18.055077
8.90259,11.169949
0.417832,2.1141217
0.0995542,2.1141217
10.4383,35.086723
0.0344196,4.093458
0.0,2.1141217
0.0,1.4856396
28.1784,32.279793
0.0,2.916539
7.68337,35.632996
0.0,-2.634526
0.317238,2.1141217
0.454176,2.1141217
0.0,-0.21920466
0.0,2.1141217
10.4987,0.73700213
0.0,2.1141217
16.5368,20.548243
1.54324,-1.5582092
0.0706942,-0.14141798
7.75207,16.923578
15.7273,0.33002996
0.0,2.1141217
0.0,2.1141217
38.7644,14.196477
0.0,2.1141217
11.7101,2.0896342
0.0,2.1141217
0.645114,2.1141217
15.6481,26.647026
0.0,5.9738455
0.256118,2.1141217
5.22933,11.709648
0.0422013,-4.7733746
0.035062,2.1141217
20.1384,3.8081915
18.2872,2.6174242
146.296,51.281746
0.0,1.1632216
6.18238,2.1141217
0.308398,-0.0948689
3.80485,11.790348
6.91961,5.549404
19.7406,29.683207
11.0577,2.1141217
4.69737,5.4038334
16.9918,7.9847527
1.10621,8.803337
0.0,2.1141217
0.00760718,1.9457161
0.0,2.1141217
0.0,2.1141217
0.0,2.1141217
0.0,2.1141217
477.65,187.95067
1.13347,0.36704612
2.08647,12.347754
0.0,2.2089994
12.2933,16.416798
0.0,2.1141217
14.4858,36.22906
42.5577,19.729332
0.165792,-1.761796
9.91076,13.269835
67.7772,23.795544
0.0,10.435331
325.975,1.9784241
0.132108,2.669041
3.8058,23.524734
0.0,2.6174242
11.8383,7.702821
9.42536,25.668005
0.0,2.1141217
0.0,12.0182905
0.0718751,1.3797305
20.1574,13.094565
1.04538,-6.355444
14.747,18.706148
0.546353,2.1141217
1.72868,7.5017643
0.110268,-1.5649519
6.22231,15.379952
0.835289,7.557605
3.80485,11.790348
12.6742,12.02814
0.0,2.1141217
0.0677597,1.9502201
4.02702,6.4367113
5.93188,7.0270596
18.8462,9.618952
18.7897,14.0975065
0.0227304,0.29086542
11.0146,28.65237
38.4467,20.871431
9.47653,3.8391938
26.7938,21.18842
6.94088,40.224796
0.0,2.032574
0.0,2.1141217
0.0,2.6174242
0.496241,-4.2409534
27.6481,35.789776
17.6207,-0.84740734
0.0,0.7172301
0.102471,2.5530953
22.5331,30.326954
0.0,2.1141217
52.3091,22.938303
0.0170975,1.6595948
8.67667,21.128986
10.7538,8.828191
2.1598,13.164859
0.0,2.1141217
21.3463,18.96202
0.544829,16.824203
4.9864,11.61821
0.0,2.4240067
7.14585,4.917487
2.17836,5.7375765
0.0,2.1141217
0.550254,2.1141217
60.9116,11.836109
0.0,2.1141217
0.0,-2.7322357
3.16931,14.103884
15.842,18.380703
30.2328,10.82565
0.0626684,1.6506631
0.0,2.1141217
0.356705,-4.690462
32.5781,18.754772
0.0,2.1141217
92.2528,45.191273
0.802017,1.923887
0.0,2.1141217
0.0,2.1141217
3.07823,9.429085
0.345062,12.43255
0.0,2.1141217
0.183732,7.4979057
18.2872,2.6174242
0.0,2.1141217
14.7658,10.350167
32.2663,18.915112
0.0,2.992619
0.0,2.1141217
0.0,1.1779215
0.0,1.3405097
17.2867,66.19367
0.0,2.1141217
0.298316,2.1141217
8.0311,10.818131
0.0778997,1.3405755
28.9256,1.8119814
22.9901,3.4573624
0.0,2.1141217
38.4953,25.261395
10.8567,7.359103
0.0276603,2.1141217
1.7788,21.749355
0.0,2.1141217
19.4241,12.33274
0.0190831,2.1141217
2.74199,13.936688
0.0,2.1141217
3.73044,2.1141217
0.0169662,2.1141217
8.64925,12.4595
0.114256,2.1141217
0.0,2.1141217
54.3593,19.836218
32.8961,24.720905
12.6854,22.800161
3.07596,23.287373
0.0,2.1141217
12.1408,5.2904453
0.0,2.1141217
0.0144224,3.0604112
38.3952,24.066763
6.50038,2.8707416
40.7339,16.791557
0.0304709,-0.356925
0.0,2.1141217
0.0,2.1141217
0.150147,61.18591
0.0438842,0.9366596
0.949409,2.1141217
0.0,2.1141217
18.6327,22.600948
0.0,2.1141217
2.64048,2.5237453
113.27,17.679848
0.0,8.901161
0.985317,3.7676613
0.0,2.1141217
25.6265,19.21511
19.4241,12.33274
0.0,2.1141217
0.0,2.1141217
0.835289,8.035438
78.2679,78.0106
3.51916,3.8081915
7.03849,22.179356
14.9189,12.268069
146.584,92.643326
15.0893,25.345985
53.7064,24.81356
0.0516347,2.1750813
4.93655,9.849645
0.194898,2.1141217
30.096,2.1141217
0.473766,0.24263847
0.0,2.1141217
0.0,2.1141217
55.6031,-0.37206388
0.0379598,2.1141217
30.0849,6.0230913
0.0,41.218708
0.0,7.477748
12.5166,1.2781956
14.4625,21.62059
138.822,100.0604
1.52524,-3.546563
9.31878,11.312515
3.42946,12.508247
0.0,2.1141217
2.36522,9.898188
5.22933,10.142891
0.94857,5.215578
0.0,0.47244
0.0,2.1141217
0.0,2.1141217
16.4448,21.654411
15.332,23.328384
0.0,2.1141217
7.95659,2.807731
10.5992,1.3384106
14.8348,8.035438
0.0,4.5195227
14.1541,7.628742
17.8912,4.182682
1.80725,9.71539
22.0206,8.511662
0.00882739,2.1141217
0.0,15.512364
0.0,2.1141217
170.727,86.26467
0.360221,2.150024
4.54498,20.431618
28.6632,2.1141217
0.0,2.1141217
0.0,2.1141217
0.0,2.1141217
17.0383,13.449593
2.12334,2.1141217
8.4425,13.405335
0.120609,2.1741898
16.1526,11.347529
0.130261,2.1141217
1.0217,2.1141217
2.61851,6.09383
5.6552,14.689702
0.95049,10.663998
96.1357,2.1141217
25.2336,11.527003
18.916,24.901228
0.0127102,2.1141217
4.94691,19.451859
9.86152,8.36168
0.116408,2.1141217
53.3411,16.29937
0.0,2.1141217
13.0092,2.1141217
0.0,11.291941
0.458468,7.673094
68.9289,40.125473
1.32143,-1.3001394
11.0104,6.8164988
0.00736899,2.1141217
0.90136,71.69915
63.3518,46.60856
0.349096,2.1141217
0.516177,1.7488718
0.0,16.162485
3.26024,87.043945
0.301423,12.880393
10.8169,9.909786
0.182939,2.9015365
0.0,2.1141217
7.13458,16.655676
125.046,72.886635
0.0349215,30.793034
89.6832,48.062916
0.0,2.1141217
0.0285713,-0.67222047
23.4271,40.32219
6.28842,6.6593018
97.3386,34.279438
0.620975,2.1141217
97.4455,13.742554
0.0156339,2.1141217
115.716,22.51567
4.89209,2.1141217
0.0339982,9.898188
16.5368,2.6213138
0.0,2.1141217
0.0,2.1141217
0.37456,2.1141217
0.0,2.1141217
6.84908,2.8580728
0.930334,4.401679
0.0,3.4771106
0.743623,16.494013
0.930334,4.401679
0.0934376,11.358022
0.224466,2.1666377
0.120874,12.142469
0.0,2.1141217
0.0,2.1141217
6.42487,15.084323
0.0,2.1141217
10.0115,14.523519
49.8636,11.425557
4.00783,-3.742318
52.1683,22.747192
12.0077,25.161022
0.0,2.1141217
15.3628,18.411566
1.33446,0.34590888
0.177288,30.371185
21.4206,31.22477
20.3765,10.640912
27.4125,2.1141217
0.0,2.1141217
13.5279,37.60172
0.0,2.1141217
37.5751,19.346153
0.0,2.1141217
0.0,3.754885
0.693186,8.056438
22.1297,25.932491
85.1751,28.383383
79.4322,18.960186
0.0,2.1141217
0.0774752,1.2801943
31.889,21.893522
1.86713,11.366533
0.0,2.1141217
0.499043,2.1141217
0.0,2.1141217
47.5839,72.25213
0.0763142,2.1141217
0.0,4.2907076
0.0206621,2.1141217
0.700428,5.5113134
0.0818218,5.069602
3.92962,-4.2409534
7.81638,-4.793475
0.0,2.1141217
0.112594,2.137637
0.0,2.1141217
0.0,2.1141217
3.80485,11.790348
13.3117,22.231422
1.30596,29.778143
0.0,36.49882
0.0386073,8.591259
21.4348,27.279915
0.0,2.1141217
22.2375,32.931194
24.7055,6.380171
22.5547,2.1141217
0.0,2.0768597
0.910773,2.1141217
0.0,2.1141217
0.0,2.1141217
7.95512,6.941951
0.0753823,8.823915
0.05843,2.1141217
0.0463012,2.1141217
13.2992,11.3947735
0.267555,17.126757
0.67797,-1.0050595
0.16082,2.1141217
0.709393,66.75547
0.00874122,0.596704
4.74464,12.30243
26.9829,18.103214
10.8713,2.0510108
0.0,2.1141217
0.201074,6.8376026
0.0,2.1141217
12.3578,16.102467
4.54892,21.856894
4.70951,-1.0634708
20.3765,12.939656
4.86473,5.224063
9.4149,22.957647
0.0,0.7688017
0.0225315,1.5501807
5.35623,6.4302053
72.2247,22.946861
8.90259,11.169949
0.0,2.1141217
0.0208915,7.404867
0.339197,0.10518193
0.0,2.1141217
20.5771,12.555034
0.75264,8.164414
0.0,2.1141217
0.0101273,2.1141217
9.18426,6.7935543
9.66222,979.53864
0.0190806,1.3515141
0.0240347,2.1141217
4.85934,-7.0194845
1.80628,15.073131
0.609691,7.553067
0.0,2.1141217
17.2556,18.042282
31.0696,20.954063
3.09209,34.541046
0.0,3.0768182
16.8529,22.322918
44.0342,2.1141217
10.5514,9.282409
16.5466,8.446331
2.26397,33.420635
0.0,-1.8459575
17.5729,24.254318
0.0,2.1141217
0.0869539,1.8355954
0.0,0.800612
0.0,2.1141217
13.2992,11.3947735
0.0,2.1141217
2.47261,23.643269
0.0310379,2.1141217
237.319,238.49196
0.0,2.1141217
0.0,2.2913048
0.0349513,2.1141217
0.0,7.8813066
0.0,2.1141217
0.0,7.8813066
0.0403607,1.3342791
0.453997,8.893772
0.353558,2.1141217
0.0,2.1141217
0.0,2.1141217
24.8603,4.4956264
0.0,2.1141217
0.0,2.1141217
0.0,2.4350557
0.291848,4.166704
2.03235,14.395411
0.571642,5.772444
0.0,2.2708728
0.0541491,2.1141217
36.2545,42.08692
47.7532,2.1141217
10.8169,9.909786
13.5865,24.59425
0.0,2.1141217
0.0,2.1141217
0.345062,12.43255
0.0,2.1141217
7.94367,21.230015
8.4425,13.405335
0.0109566,2.1141217
4.54892,21.856894
18.6755,3.4349616
54.1045,21.719234
0.0,2.1141217
0.0733279,1.6033592
12.0386,3.6011236
1.09135,0.48023188
0.0,2.1141217
0.0,2.1141217
0.0,76.219795
0.075898,2.1918678
3.80485,11.790348
20.0597,13.613509
1.39405,-0.04388976
0.0117783,6.081278
2.57335,-3.3892658
0.0,2.1141217
11.6114,20.631374
0.0,0.29086542
2.31036,15.2004595
9.63148,4.373531
0.127812,1.885808
24.642,22.443317
0.0,2.1141217
0.0,1.3290293
0.948007,15.544454
11.3911,19.992884
0.0,2.1141217
6.35077,15.508983
228.807,232.03015
15.7461,6.199526
0.0,-1.1603291
20.2579,23.012753
13.3234,18.9626
0.0,32.606434
71.264,28.198334
1.51978,-3.705981
0.0331224,1.4848576
0.168847,1.2764044
0.073954,2.4113896
0.0,2.1141217
22.7331,42.62015
13.7455,7.2248926
0.0745537,7.4697237
3.91661,17.091187
0.0,-0.5263927
16.949,21.78493
0.493416,9.909786
19.633,20.23693
0.348214,12.144156
22.0206,20.53613
0.235774,2.1141217
38.7189,8.172306
0.0,1.4856396
0.0,0.7688017
60.665,28.630116
1160.7,484.93298
0.0,2.1141217
0.0,2.1141217
17.2617,2.145859
0.0,2.1141217
10.6416,19.041386
2.2792,2.1141217
0.0,2.1141217
4.33664,-1.2167556
5.20674,20.988348
10.6178,16.72379
891.877,389.95557
0.303938,2.3923461
62.408,28.152569
0.0,2.1141217
9.91484,4.7071433
3.93496,6.390974
2.35076,6.0596533
3.08732,2.1141217
0.0,2.1141217
0.797986,-1.8792388
0.0,2.1141217
0.0,2.1141217
9.21721,4.7539625
18.4408,22.56183
0.0,2.1141217
3.1273,9.765088
39.8526,54.60603
0.0,2.1141217
0.0,2.1141217
5.96747,-9.486169
9.91484,4.7071433
0.214784,-6.627083
5.24548,13.590098
1.12193,11.981216
0.0,2.1449184
0.0443369,10.089036
13.3899,17.247581
0.0,4.7411222
18.6327,22.600948
0.0435128,1.9515789
10.5207,8.340164
20.3952,5.268318
0.0,2.1141217
26.2865,35.822117
0.0443425,61.18591
18.2872,2.6174242
1.31178,0.18940401
6.86665,-1.2070091
0.0,2.1141217
0.0843648,2.1141217
228.807,232.03015
7.93361,18.89825
0.0,2.1141217
4.64645,37.022198
0.0,2.1141217
23.0388,17.247581
13.792,14.685266
86.3551,75.20783
0.625926,2.1141217
0.0,2.1141217
13.4342,12.881057
0.0,2.1141217
26.3601,2.1141217
0.394956,19.39312
0.275945,2.1141217
24.8424,11.451528
14.2221,53.126747
10.4071,25.907602
73.3554,19.24432
44.3922,24.938452
2.32039,2.5442011
0.0137091,1.6380608
5.31336,1.9149206
13.2664,-1.7211194
0.0,2.1141217
18.8914,13.951895
0.0,2.1141217
0.0618302,5.3827267
81.9329,81.95095
3.29546,3.7885969
14.7658,10.350167
0.0,2.1141217
9.59899,20.638868
8.5098,30.60999
1.71823,12.8341675
10.6428,28.57281
0.0,2.1141217
1.1092,20.612888
4.03114,6.4498043
0.512462,0.73700213
0.0,2.1141217
23.3664,26.712852
0.0,2.1141217
0.0,2.1141217
9.18705,21.041988
5.3585,1.0142503
4.71807,-2.9428856
0.0180422,0.5218811
0.0,2.3166802
74.3385,46.01965
6.10661,12.069366
0.0,2.1141217
14.6375,3.1076014
23.408,20.291098
466.796,300.66562
0.0,2.1141217
6.84802,-7.7729273
0.0,11.735118
0.0,4.7515383
0.0,2.1141217
0.0,1.7478554
0.0,2.1141217
0.0,2.1141217
0.084263,1.1889467
0.0274204,2.1141217
8.60132,2.6278703
1.37625,2.1141217
21.4867,28.29689
0.0,2.1141217
72.1933,16.12631
0.0,2.5476768
181.385,61.18591
0.0,2.1141217
7.93361,18.89825
38.0254,7.0477552
4.22201,10.091945
25.191,11.081368
20.7451,85.14449
7.18879,9.392183
0.0,19.355186
0.0,2.1141217
0.464577,16.35216
68.9289,40.125473
0.0,2.1141217
0.0443425,61.18591
32.4999,21.066158
0.0664097,2.1141217
4.51348,23.495083
6.86665,-1.2070091
2.15402,10.534335
64.2063,46.956978
0.0,2.1141217
17.4142,-0.96028185
0.0,2.1141217
9.54167,39.096127
0.0,2.1141217
6.10661,21.321823
8.38179,11.799247
0.0,16.847925
3.04972,8.271456
47.3513,19.514023
4.3848,5.623783
2.19107,0.7287533
0.0,2.1141217
2.2831,21.026978
2.24119,0.97440696
5.3114,16.120773
891.877,389.95557
5.78663,3.5001225
0.852779,20.750544
12.2701,9.712905
0.158261,2.1141217
4.52996,21.284657
21.8819,20.460121
0.0,0.6330855
0.0125925,2.1141217
0.0404362,2.1141217
30.4107,7.711586
0.0,2.1141217
5.27882,2.875514
0.872144,2.4854138
0.0,2.1141217
0.0,2.1141217
0.123102,0.12347925
0.0972054,2.1141217
0.0,2.1141217
0.313075,1.9960208
13.1278,-2.9826324
0.135389,6.937627
8.96105,6.5092325
0.0212548,8.162522
12.649,38.108364
0.0653796,16.93587
8.90508,15.09835
23.7173,30.775944
0.0174847,6.137435
4.41312,7.445469
229.09,84.15299
0.0,2.4981768
11.391,2.307272
0.0,2.1141217
35.0216,34.536022
3.80485,11.790348
3.62055,21.667477
4.39582,6.7016144
12.3578,16.102467
8.24252,15.425185
8.90506,17.376719
0.0,2.1141217
20.9772,27.267166
0.0,2.1141217
16.4925,17.136702
6.18583,15.232358
3.68977,6.2716837
12.8303,13.742554
46.9646,21.30013
1.1534,21.968136
0.113574,3.9399197
0.0,2.1141217
12.6355,10.743494
12.011,2.6910422
39.527,25.706093
32.5872,21.096123
1.01876,5.109956
115.366,31.2149
11.8915,19.599068
4.4131,29.639969
9.07694,2.1141217
9.4149,22.957647
10.0159,-1.9187844
0.0,2.1141217
0.0,5.5137625
0.0,2.1141217
9.4149,22.957647
16.4448,21.654411
1.39755,-2.079481
0.111466,2.1141217
0.00453811,2.2990296
5.64921,1.857413
0.0,2.1141217
0.0,2.1141217
0.187298,12.032062
2.36522,9.898188
2.30452,8.84205
0.242017,13.307373
0.553249,0.00025582314
12.9819,22.08456
22.0206,15.729869
202.223,95.91505
15.4888,2.1141217
0.0324436,2.1141217
44.9807,27.109915
0.0,2.1141217
181.813,77.596214
6.32027,6.5035286
0.067886,1.5052431
12.1094,12.522966
0.0,2.1141217
2.8793,2.930811
0.0431546,2.1141217
0.0,1.6565335
4.33664,-1.2167556
0.027385,2.0656862
0.0321501,2.8347733
0.0,2.1141217
0.113443,2.1141217
0.0,2.1141217
5.00362,17.75038
0.0,2.1141217
49.3187,15.216051
21.1571,34.11913
0.0,2.1141217
2.43464,20.70637
0.051393,10.640912
18.7132,8.280661
0.0,0.7904384
2.87073,8.901865
31.0359,10.486205
0.0,2.1141217
0.0,14.4763365
36.3421,21.169243
38.9082,36.99188
5.22253,4.7705774
0.0,2.1141217
0.0574451,3.6239426
4.06813,15.620978
36.6277,22.327568
0.188824,2.1141217
0.0634393,-0.48595548
0.0,2.992619
0.105614,2.1141217
59.7882,48.236126
0.364658,33.935337
0.0947648,2.1141217
0.0115644,2.1141217
15.1876,24.423283
0.0170318,2.1141217
64.9969,33.348335
1.06258,3.1960177
2.95917,5.8945866
0.0,2.1141217
0.0547491,2.1141217
0.0,2.0024903
0.43431,6.1246014
12.2934,21.067387
0.893494,-0.48488593
9.91484,4.7071433
0.0,2.1141217
1.00717,2.8747485
0.051393,2.182158
0.0136551,2.1141217
0.0,7.4251614
0.0,2.1141217
34.3395,12.316306
2.76463,15.791329
0.0,2.1141217
8.30396,22.658602
11.3807,12.922563
14.8687,21.068687
7.44957,5.0522833
0.0,2.1141217
2.29405,-5.87136
0.0261254,2.1141217
3.17672,13.943135
0.0367946,1.3253787
0.0568623,-0.5585942
0.0,2.1141217
24.1123,2.2025445
8.26378,2.5413797
0.0,2.1141217
25.5172,20.141962
0.0,2.1141217
0.0,2.1141217
13.3312,-1.3509614
25.1238,114.40177
91.3823,26.646442
13.5482,33.802822
0.0,2.1141217
2.01911,6.6286907
0.3041,2.1141217
0.222829,-0.77629566
55.562,5.6064434
0.0,2.1141217
0.0,2.1141217
5.97234,13.948318
23.714,8.200064
23.5049,18.863464
25.2712,4.830035
0.0,2.1141217
0.0,2.1141217
0.0,2.1141217
0.0,17.596277
185.622,2.1141217
6.39349,30.294617
0.949353,2.7210498
20.3765,10.640912
30.0409,0.5392983
0.361293,2.1141217
10.3818,19.41954
14.8373,3.3277707
19.6435,12.465957
37.8456,8.355856
10.3566,13.681395
0.236539,2.1141217
0.0,2.1141217
7.2315,23.594452
46.1337,16.096329
0.0,24.374374
0.0,2.1141217
38.704,7.384486
0.0,10.640912
0.401151,-1.725491
0.0,1.6349592
0.0377064,0.29086542
28.3844,11.199965
0.0,2.3945844
0.0289529,2.1141217
26.6451,30.612213
0.0,2.1141217
2.47586,0.40223908
3.02521,8.801147
46.1839,36.11762
4.56516,37.842514
8.14611,8.934425
0.0,1.1570115
16.651,6.9716806
0.0,2.1141217
2.08758,18.467634
0.224466,2.1666377
68.9289,40.125473
0.431208,26.125593
0.0,2.1141217
7.63395,17.148113
3.91957,8.461138
16.4448,21.654411
0.0,2.1141217
5.59409,2.1141217
2.07577,11.340604
5.54419,6.6290503
28.0426,4.0118036
0.0,1.4458632
0.0,2.1141217
0.792368,-19.363539
9.4149,22.957647
0.0,2.1141217
0.0,1.9134045
0.0,2.1141217
0.0,2.1141217
6.18605,-4.25599
5.20518,-5.982645
0.392828,-1.3455539
8.96842,-7.1126966
0.0988485,1.6092777
0.134779,1.4356036
0.0,2.1141217
1.2621,2.1141217
0.0254483,11.576402
0.0,2.1141217
0.128932,2.1141217
0.0,3.2658224
6.41804,13.725671
135.8,9.421543
0.0656892,1.7724235
0.0,2.1141217
23.2438,7.764764
31.889,21.893522
60.5337,17.478636
0.0,2.1141217
4.42593,10.106084
5.78663,3.5001225
0.0,18.607054
0.0672372,1.1967735
0.448151,25.706093
1.81713,2.1462533
3.93496,6.390974
20.1295,1.9719915
0.0,2.1141217
0.0,2.1141217
0.0,-0.61486936
0.0,2.1141217
0.0733279,2.1141217
0.0,24.09755
46.7864,24.695724
7.79452,5.3508997
0.73589,14.775846
0.0,2.1141217
0.108161,2.1141217
26.9829,15.772093
0.0,2.1141217
1672.53,979.53864
0.102832,12.689538
0.839133,0.82010317
0.544829,11.552848
0.0,2.1141217
17.2508,19.782597
93.6125,62.979836
0.0,2.1141217
40.1571,31.370226
4.24435,1.3759305
0.00596473,2.1141217
0.0,13.832611
0.0,2.1141217
0.0,8.554446
12.5936,1.0758767
0.0,2.1141217
0.0342283,2.1141217
20.3765,12.939656
51.2472,69.18101
1.47888,0.82010317
0.0694929,2.1141217
0.0129911,2.1141217
29.3384,20.540047
0.0,37.619724
0.0,2.1141217
18.0396,20.97514
0.0,0.7688017
0.0130336,0.99495673
22.0206,15.729869
9.5994,43.61813
102.181,27.739094
0.0,1.0983262
39.5927,29.24619
0.0,2.1141217
28.8206,5.486314
0.0238001,1.4902458
28.8111,34.59592
0.0,2.1141217
108.9,26.517256
0.0227304,0.29086542
0.265813,2.1141217
18.6611,45.681664
23.5057,21.816422
0.0,4.569929
7.10394,17.528093
0.0,2.1141217
0.0,2.1141217
0.111079,2.0371778
2.50621,6.360013
0.0,2.1141217
0.0285757,0.41467452
37.4822,24.989555
13.6965,24.25099
0.0,2.1141217
0.0,2.1141217
98.9403,64.90266
1.58275,15.153686
3.42239,3.3999474
0.0,2.1141217
5.52068,-3.9367893
2.0945,2.1141217
4.27029,-1.933269
0.0,2.1141217
0.0263074,2.1141217
0.0,1.7759163
0.0,2.1141217
0.0,2.1141217
0.0587597,2.1141217
24.8424,11.451528
6.40389,16.348291
0.0,2.1141217
18.951,3.2337232
88.2999,59.876373
0.119557,2.1141217
1.51867,2.1141217
0.0,1.3941808
73.3554,55.918507
0.014177,2.1141217
0.0,2.1141217
56.1358,22.059027
0.0197545,30.918863
5.06259,2.819084
98.2978,17.902672
0.0,-1.1603291
0.0,4.854312
1.16659,16.29937
5.77299,2.5566387
2.97333,10.655471
0.0683726,7.769553
0.0122253,2.1141217
1.16447,2.1719122
0.0931813,2.1141217
35.6942,9.616599
0.0,0.7688017
0.194605,2.1141217
5.78663,3.5001225
22.3609,28.294819
228.807,232.03015
0.0,2.1141217
0.0,2.1141217
25.5413,31.805878
0.0,2.1141217
0.0423742,10.85421
0.0131697,2.1141217
6.11547,43.419125
5.22253,8.12269
0.127514,2.4611237
73.3151,51.266453
0.0,2.1141217
0.0,2.1141217
23.569,21.365574
0.317921,14.865893
11.6114,20.631374
30.6925,26.891708
6.49602,14.969362
0.0,1.6752121
14.3642,22.222195
19.633,20.23693
3.7883,10.595044
0.0399717,-0.44727516
30.2157,34.31335
0.0349215,30.793034
93.0901,155.81557
0.0,2.1141217
0.0,6.5625963
0.112871,2.1141217
8.24252,15.425185
7.03447,28.807642
0.0819501,5.132366
11.7324,27.23544
0.116339,6.4813843
19.9297,4.887971
10.919,12.090957
0.533421,3.2362452
0.835289,7.557605
15.332,23.328384
0.413808,-4.40853
0.0,2.1141217
4.46593,16.930334
0.661411,-0.93745923
0.0,2.1141217
12.5145,6.015807
6.95536,5.7005224
11.0861,18.189701
6.07532,1.7807486
6.39077,16.92848
23.5049,18.863464
0.0137033,2.1141217
3.17463,2.1141217
0.0213581,1.9405279
0.00874122,0.596704
5.31933,18.658743
0.0,12.318085
23.0829,2.3348918
1.83498,7.9847527
8.08271,0.6826718
10.3338,17.717674
0.836064,2.1141217
0.0,2.1141217
1.74816,1.0747733
0.0,2.1141217
12.6813,6.4154654
1.06258,3.1960177
12.4639,2.1141217
0.0,1.6333606
0.138583,2.1141217
0.197127,11.081368
0.0,2.1141217
10.7566,109.494774
50.0979,14.884671
0.0148745,-0.010811567
0.0,2.1141217
0.0,2.1141217
0.018997,2.1141217
0.0,2.1141217
1.02096,-1.6204274
0.0213519,2.1141217
11.1677,12.961598
0.0281296,2.0516143
0.0,12.939656
4.8807,16.710522
23.5057,21.816422
0.0,2.1141217
0.0617622,-14.922605
18.2853,11.07588
0.048191,2.1141217
4.48616,10.707809
85.7132,2.1141217
0.0763142,2.1141217
0.0,2.1141217
0.0,0.24791598
0.139822,2.1141217
1.24448,17.721863
0.314389,7.150223
1.93037,15.290851
1.51494,5.915943
0.0,2.1141217
0.170266,0.7621529
12.3692,5.8952036
4.88432,18.183434
8.54713,1.5715945
7.93361,18.89825
0.0,2.1141217
7.38004,8.445214
6.08989,2.1141217
5.97234,13.948318
3.62445,-7.589018
6.74333,30.434065
16.1526,11.347529
20.4607,10.83673
0.0,2.2493536
5.57964,16.015026
0.0124682,1.2522669
3.62445,-7.589018
14.6851,2.1141217
0.0,2.1141217
5.64921,1.857413
8.57879,20.631374
9.06756,20.865051
6.7969,25.205208
7.7056,6.637149
0.150147,61.18591
39.734,23.422894
0.051393,10.640912
0.485388,2.1838925
26.0933,28.753853
3.62445,-7.589018
9.29667,2.1141217
0.0725104,2.1141217
0.0,0.74539304
8.33389,3.9015882
17.5005,2.1141217
0.0,2.1141217
0.118923,-0.022946835
0.756351,6.767269
0.0451321,16.15571
0.0447815,-0.73814416
0.348336,3.7382283
0.0,2.1141217
18.2965,0.95551705
23.777,10.077104
0.278832,2.1141217
17.0076,10.643322
16.4599,0.24263847
0.0,2.1141217
0.0,0.9093549
169.019,93.272415
11.4908,14.150109
1.16659,23.261015
10.9234,3.0931625
0.247512,8.402126
25.8108,42.32584
0.0,3.6170254
0.0,2.1141217
0.132861,11.188569
0.0,2.1141217
15.2572,15.2567215
0.0,2.1141217
24.0913,12.012788
17.9272,21.92455
14.1155,3.2499092
6.18583,6.9340506
0.0,2.1141217
0.0,26.938784
0.00357453,2.1141217
25.7614,3.6179678
91.0492,15.903092
0.0,2.1141217
0.277533,1.5825756
0.0,2.1141217
96.6188,56.292416
0.0,9.526155
14.2404,1.0983262
1.55914,25.588684
2.08647,12.347754
0.0,2.1141217
0.0,2.1141217
45.1028,11.236436
20.7484,36.703526
0.0,2.1141217
8.42446,14.304371
0.0109718,9.913801
6.60336,27.349953
1.41941,-5.714897
446.604,50.546867
3.45172,4.142333
0.0,17.61854
6.32027,6.5035286
0.0,2.1141217
8.28284,21.186577
0.16082,17.357073
0.0916607,-2.4814622
30.3886,6.9360685
0.0,2.1141217
0.0,2.1141217
0.0,2.8108985
30.345,13.500933
0.0656227,0.48485875
0.0,2.3037076
3.80485,12.413011
140.312,150.66098
28.6617,20.27041
9.19978,25.453693
5.78663,3.5001225
67.7941,34.27927
0.0,33.696865
29.9351,33.265396
0.0,2.1141217
17.5639,38.188786
14.3224,3.8547902
19.633,20.23693
49.3562,47.501167
0.375037,10.377083
0.0,2.1141217
0.0,33.348335
0.0,2.1141217
0.0,2.1141217
0.13315,4.8581104
0.0,2.1141217
30.2328,2.1141217
19.2652,14.5943
0.144784,2.3550985
0.0,2.1141217
0.0703577,0.9568136
14.0284,7.008665
0.0,2.1141217
0.0,2.1141217
28.3403,15.525888
4.0694,2.6492279
0.0,2.1141217
1.75888,2.1141217
0.0,2.1141217
3.74162,1.2334211
0.00720244,2.1141217
0.0,19.282736
0.423245,2.1141217
0.0,2.1141217
30.128,11.659546
29.3384,26.543316
1.78663,5.4936094
68.9289,40.125473
8.26088,6.180561
237.319,238.49196
0.0,2.1141217
14.2549,25.557274
0.0,2.1141217
0.0512541,2.1141217
0.051393,10.640912
0.0,2.1141217
18.3641,24.289549
0.0,-0.625828
0.84491,2.1141217
0.0,10.915148
0.0,2.1141217
2.50381,8.85318
0.0,2.1141217
0.0,4.8296604
8.71047,15.744869
0.0,2.1141217
6.08398,28.95123
0.0392447,2.2704148
0.0791029,5.2117577
3.33722,3.2229545
0.0309561,2.5862596
13.427,-2.701555
14.8534,48.76818
9.20009,6.128113
162.718,22.320343
0.182946,0.69926
0.0452766,2.1141217
1.31869,-0.23684895
0.473766,0.24263847
0.835289,7.557605
50.8004,30.90935
0.154268,2.1141217
0.0,2.1141217
2.24119,27.987976
0.224358,17.165186
4.60054,15.489123
0.0115032,1.7511113
13.0144,12.043419
0.0,2.1141217
60.3985,62.8472
1.9799,20.470442
14.1253,42.20987
1.47888,0.82010317
22.0206,8.511662
12.6388,12.31545
8.74772,24.145414
11.0266,9.051236
0.0,23.261015
0.0,2.1141217
0.0,2.1141217
16.651,6.9716806
76.7571,176.89882
2.19225,14.2691145
23.8569,1.1984627
46.4472,13.312503
5.34605,-1.7092566
0.0424016,-0.38958216
0.711576,3.9383605
0.816466,48.442356
17.5005,9.255119
0.0782584,2.1141217
3.74538,20.608093
66.5703,4.818945
0.172337,18.09252
0.0,-1.5855246
2.15888,6.6505566
0.0,2.1141217
22.4149,4.865325
0.0,2.1141217
0.172226,2.1086056
1.83498,7.9847527
0.0,0.38273466
2.3696,9.770516
17.47,22.734644
0.0,-2.634526
1.55944,15.140662
12.7354,6.3997517
23.5057,21.816422
3.65862,-0.35803795
158.364,63.424587
1063.86,549.2233
9.15854,11.625686
0.41119,2.1141217
7.72727,12.537587
0.347341,21.274338
0.0,1.1689358
0.869482,40.949596
0.0,2.1141217
24.5863,0.69926
0.530209,-2.4328406
3.20072,3.2705524
0.0,2.1141217
0.0,2.1141217
18.2872,2.6174242
0.0,2.1141217
36.9143,14.88445
9.27441,28.875708
0.0895789,1.0631745
0.0,2.1141217
0.0,2.1141217
1.92986,1.9412405
0.0,5.459115
0.0335382,1.4341352
13.2047,14.380448
15.4143,12.880393
0.0476784,2.1141217
0.0261254,2.1141217
0.0,2.1141217
0.0,-1.2776003
0.0,2.1141217
3.1273,9.765088
7.09968,24.822578
2.56689,8.756703
0.0,10.640912
12.3842,28.17271
1.25105,16.780394
19.3857,12.836405
0.348336,3.7382283
64.8804,41.218708
1.62311,3.7205355
8.30396,7.02357
23.8569,23.430515
66.5085,70.67744
23.5057,21.816422
45.8853,24.274422
0.0810239,0.65633225
122.958,15.791329
0.0,2.1141217
48.03,21.479904
13.8449,69.50042
76.7189,13.97392
0.334677,2.1141217
13.9068,18.526205
0.371522,2.1141217
0.301719,-5.982645
1.54364,27.364796
109.135,58.075916
4.29189,12.931564
2.91784,-8.404115
11.0758,11.562729
4.20724,12.13201
0.0,2.1151655
4.03114,6.4498043
0.144784,2.3550985
24.8391,13.797301
0.0,2.1141217
0.0394029,2.001246
9.4149,22.957647
34.1624,61.861923
0.0867382,4.2840176
5.34971,10.548388
22.9302,22.879417
12.2255,14.537656
32.5781,18.754772
0.105977,4.2521276
0.0,2.1141217
22.0206,8.511662
0.0,16.348291
0.599238,19.364506
0.136691,-0.97088885
3.9695,2.1141217
17.7397,7.842764
0.0,2.1141217
11.4609,-1.1740537
5.56516,26.94194
1.18369,4.584762
9.68664,10.584289
2.59898,1.9284613
0.186278,48.66799
0.328867,15.120784
7.55296,14.6838255
0.491604,2.1141217
22.3609,28.294819
0.0,2.1141217
12.3122,14.133048
0.0,2.1141217
0.0898018,17.380154
0.0,2.1141217
7.93361,18.89825
3.04972,8.271456
13.3042,15.073131
8.82057,-2.3556957
1.7297,9.3075
0.0,2.1141217
0.012238,6.542638
0.0,2.1141217
134.69,82.53335
2.61957,9.912817
13.4247,2.0928152
0.183732,7.4979057
0.134373,0.12338662
0.0129563,3.9587405
2.59898,1.9284613
0.0950896,28.249992
0.0,1.7880836
0.0,1.8713377
0.377013,16.148993
7.72854,4.444975
0.0558875,2.2673473
0.0,2.1141217
4.70951,22.999554
30.5715,7.9210987
3.40233,14.099893
0.0,24.048119
0.0,3.1027374
103.289,70.095436
11.2706,2.1123564
16.0687,5.4886456
0.0,2.1141217
14.3418,18.089024
82.7121,13.368033
0.49207,7.7414064
0.0,2.1141217
0.0558077,2.1141217
0.0,2.0720475
0.0,2.1141217
6.28107,10.647904
2.74199,1.653029
6.54572,8.944879
2.19578,7.8604536
0.0,2.1141217
0.0692392,17.767242
0.0,3.2658224
86.6291,93.002525
26.1648,27.499826
0.0274204,2.1141217
0.0,2.1141217
0.0,2.1141217
13.3136,13.6876955
30.9454,20.375278
179.898,45.376984
16.01,21.653328
10.6954,14.486653
0.232937,-1.9472091
0.0,16.89199
0.0878932,3.0652883
0.0,1.1704123
4.00037,10.497533
12.9993,15.3572855
71.8546,17.023388
13.6965,24.25099
0.0,2.1141217
0.0,2.1141217
17.6613,9.715337
4.2116,2.7857766
3.34602,10.860226
7.13458,16.655676
0.0626457,2.1141217
0.0,-2.634526
69.4026,9.963548
0.350174,3.599937
0.0,2.712349
0.0244278,2.1141217
0.0127198,1.4982033
0.0175253,2.1141217
0.0,2.1141217
59.7025,23.150127
0.0785405,-4.217204
0.0,2.1141217
4.92304,8.295052
0.0,2.1141217
0.0,2.1175926
0.0076011,2.1141217
0.0,1.7993152
12.3578,16.102467
23.2,89.233765
7.42939,29.253323
34.7652,29.716736
0.0,2.1141217
0.522738,0.97420716
21.3463,18.96202
0.0254356,2.1141217
66.723,62.85349
0.0,2.1141217
32.9177,14.948352
0.0242326,2.1141217
16.4448,21.654411
4.89209,2.1141217
0.0,2.1141217
0.0,2.1141217
0.0,2.1141217
0.430817,1.4087701
27.8281,2.1141217
7.25476,19.24958
4.54514,17.943996
8.02989,10.28357
0.389651,2.1141217
0.0,2.146422
0.0,2.1141217
50.6105,33.438
5.39411,8.383818
0.645114,2.1141217
0.0,1.0983262
12.4505,47.855923
8.78232,6.7159014
44.0179,13.652997
14.648,44.27312
4.34811,4.6376305
17.1223,2.1141217
14.2404,1.0983262
0.006789,2.1141217
0.268027,19.788597
0.242017,13.307373
0.0,2.1141217
0.0744665,2.1141217
48.8333,5.7424536
25.7537,6.1086254
2.26945,0.44568777
5.16818,13.174434
0.0,2.1141217
0.0802409,2.1141217
7.11917,1.8204663
0.0,2.1141217
0.28357,16.321802
0.0,0.57355666
0.0708623,1.5601075
0.155339,47.001144
1.04998,14.436345
23.714,8.200064
18.2872,2.6174242
6.3398,6.619046
12.5145,2.9204228
7.71846,8.926164
0.0,2.1141217
18.9655,-1.7686846
0.598492,0.16993737
0.0,2.1141217
0.0,2.1141217
39.9955,1.9288018
7.93361,18.89825
49.2648,24.123367
0.848641,2.1141217
0.160283,-6.189004
0.0747677,1.712598
0.0,2.1141217
0.0,2.1141217
0.420006,12.7761135
0.00956374,2.1141217
0.0,2.1141217
0.0,8.999922
6.71538,20.460121
0.0,2.1141217
16.767,23.764027
2.92382,15.606725
2.19107,7.443712
38.0254,34.871502
0.0,2.1141217
0.0,2.1141217
11.0977,22.897148
32.1457,5.8763685
0.563724,17.248407
1.69518,-2.701555
0.97247,5.533186
4.27785,4.142333
10.0277,34.021366
11.3911,19.992884
40.1683,22.044437
1.54364,27.364796
0.0,16.225918
44.5136,17.673676
11.0956,2.1141217
0.0,-1.0766363
30.6646,14.178064
10.5992,1.3384106
2.93396,36.088467
115.068,100.3249
520.227,126.45792
85.6316,49.313316
0.0132778,-0.89207363
0.0,2.1141217
3.66676,12.889579
0.0,0.9093549
3.04662,3.4952343
0.0,2.1141217
0.944667,33.314644
0.0903618,-3.7531679
36.8233,18.9626
0.0219676,2.1141217
0.807296,17.330843
0.0644364,5.026684
616.117,98.96262
1.76295,35.974815
0.127514,2.4611237
29.0844,20.506618
0.138911,20.055475
4.38853,27.491829
0.0,2.1141217
2.36926,11.211113
0.0,2.6174242
0.219854,2.1141217
43.5617,31.957092
0.0473979,9.659505
0.0105662,-0.7069156
0.0606786,2.1141217
0.0,12.629026
0.170468,21.036192
0.00805205,5.0419703
10.455,26.836708
115.785,48.79816
0.0,3.7948143
0.0,2.1141217
15.741,10.305993
2.48554,73.79689
0.0734416,3.4751265
0.0,12.939656
0.0,2.1141217
0.0,0.5771313
8.5098,30.60999
5.78663,3.5001225
151.65,55.737843
0.0,2.1141217
0.0,2.1141217
0.0,2.1141217
13.3267,22.613266
13.6716,13.580606
0.0,2.1141217
8.25545,9.445756
0.0,0.5771313
0.0986464,0.6872592
0.0,2.1141217
0.0,2.1141217
0.0625483,1.1561584
10.2463,21.370684
1.55598,1.2526953
0.232573,19.282736
54.3436,21.21178
0.0261254,1.223414
0.127069,8.137612
0.0,1.8738658
0.814287,14.434878
0.0,11.092667
65.9312,34.907555
0.0,2.1141217
604.396,299.93356
3.62445,-7.589018
6.7752,2.1141217
0.0,2.1141217
0.0,22.934917
0.0,3.8331416
23.0996,11.6689825
0.0,2.1141217
0.0631307,2.1141217
14.0774,3.7917778
3.30022,5.568783
74.3385,46.01965
39.9616,49.472385
0.0,2.1141217
4.27029,-1.933269
8.15758,10.270487
10.5139,28.625751
3.42239,3.3999474
0.0,2.1141217
34.8418,20.649689
19.0535,6.001665
11.6645,6.75935
19.3154,2.1141217
0.2659,2.1141217
0.0,2.1141217
0.0,2.1141217
30.345,13.500933
17.4511,31.432217
201.008,2.1141217
5.64855,87.043945
22.5227,29.068928
0.212028,0.14904058
0.041415,10.844157
11.3911,19.992884
0.0652121,2.1141217
0.0,2.1141217
0.0,2.1141217
0.131985,2.1558995
6.80099,7.549917
1.58275,15.153686
0.0,2.1141217
0.0134073,2.1141217
0.0,4.9394712
4.95834,3.5988638
0.0,2.1141217
2.49685,27.733875
11.6126,20.066198
24.0587,7.943843
0.0,7.265312
0.0,2.1141217
3.02328,-1.1835473
1.4983,4.0487194
3.4621,21.998775
3.4566,-19.747166
30.5792,40.106575
0.00935215,2.1141217
13.6045,18.810678
0.0,2.1141217
0.0519234,4.191457
0.0323107,2.1141217
2.15402,10.534335
6.22231,15.379952
51.9129,48.022022
19.6144,33.46009
0.0,2.1141217
4.02702,6.4367113
1.76994,15.450118
0.0,2.1141217
67.7254,19.630344
16.651,6.9716806
0.0,2.1141217
2048.89,715.2729
24.9386,8.622451
7.92071,8.466211
0.0882253,35.39967
0.0,2.1141217
0.0,2.1141217
0.0485279,2.1141217
0.0181304,2.1141217
5.73474,10.933267
0.0,2.1141217
11.7977,25.5471
0.0605592,2.1141217
89.6832,48.062916
0.620975,2.1141217
0.14872,2.1141217
0.0,2.1141217
7.37312,-3.0837324
19.3196,10.028743
28.9225,12.326921
12.0339,46.44505
0.0,2.1141217
0.0,22.353489
36.5915,6.9298124
0.0,2.1141217
32.5693,10.99425
0.550172,29.483675
24.5695,22.159485
2.55989,16.751703
0.0326087,25.11127
0.0,2.1141217
12.128,36.899647
46.797,10.889378
0.0,13.513191
0.210362,2.1141217
0.0,13.343078
0.0,-2.634526
13.9068,9.108277
0.02025,2.1141217
0.0,26.720026
8.73149,7.4692707
0.0,1.9134045
19.4241,12.33274
0.46427,10.908929
28.7081,34.26046
12.4639,2.1141217
14.399,19.856003
1.28297,-25.893597
0.0,2.1141217
0.0,2.1141217
12.9028,20.176268
0.0355872,2.1141217
5.52068,-3.9367893
1.98213,13.897782
1.79805,1.255852
4.21751,9.608385
9.95179,14.724149
20.9778,15.450052
0.0,2.1141217
0.73278,17.035135
186.492,77.19356
0.0468538,61.18591
0.0,2.1141217
34.3512,13.078134
0.0,2.1141217
0.0,2.1141217
0.494796,11.167752
11.3911,32.363533
7.70166,5.4074507
27.4744,0.108584166
0.681433,15.70481
4.68332,28.899824
3.43098,10.419185
14.9387,102.40743
32.4123,18.920326
0.450843,2.1141217
0.0,2.1141217
18.1396,16.186779
3.60053,3.4021785
0.0587993,2.1141217
4.74985,1.9156694
0.0664097,2.1141217
0.0,2.1141217
14.5324,16.923578
1.15643,16.225918
18.2965,0.95551705
0.0,2.1141217
0.0290253,2.146422
18.3019,10.051352
7.18879,9.392183
0.0616703,2.1141217
0.0329423,2.5030704
0.0,-3.8556898
5.69346,3.548656
0.0,2.1141217
9.4149,22.957647
0.0,2.1141217
0.27023,4.3266935
0.0,2.105039
0.0319741,2.1141217
3.91661,17.091187
0.949353,3.667796
0.0,2.1141217
0.0,2.1141217
14.5233,47.71184
0.0,-2.338165
0.0,2.1141217
0.0,7.594716
4.79741,3.291558
0.0,18.628426
23.6372,32.38702
0.123251,3.4006026
0.0,2.1141217
0.0,2.1141217
2.64048,2.5237453
0.0,92.07931
0.0,2.1141217
0.100968,13.060006
0.0,1.4838111
22.2581,-6.545865
0.0289529,2.1141217
2.39114,11.362599
39.9277,12.334499
28.1784,14.078573
143.863,47.65949
15.3241,12.429694
4.36972,14.327532
0.0,37.34762
23.569,21.365574
21.5036,34.895916
0.0,2.1141217
10.507,-0.44626665
0.0,0.8258369
0.0,-3.8556898
2.74466,7.48197
0.143577,2.1141217
24.7151,37.16126
0.0629815,1.364775
0.0,2.1141217
0.0,2.9043336
0.0169503,6.5354815
42.2056,23.930893
7.42519,8.397944
0.0,2.1141217
85.6316,49.313316
21.4348,27.279915
0.0268174,34.223816
0.228561,2.1141217
0.126268,2.1141217
0.0244684,2.1141217
1.61219,-2.7970178
49.2648,20.870726
24.7053,18.051956
230.949,2.1141217
0.0,2.1141217
0.0104653,2.1141217
0.68252,11.430261
18.1628,7.6297245
3.1273,9.765088
0.0,2.1141217
31.6466,35.105732
0.0,2.1141217
8.08582,3.990185
20.2291,3.5858655
0.0,2.1141217
2.50284,5.445097
0.0826366,1.4041233
0.0,2.1141217
0.0,2.1141217
1.13518,-9.98883
0.051393,2.182158
1.87581,13.681395
0.571642,5.772444
18.5499,25.449112
1.66338,2.1141217
9.09213,1.8950937
22.4628,2.1141217
30.2674,32.803955
0.0167702,1.7728527
0.0,2.1141217
14.6294,5.283948
0.288072,1.1422143
12.5119,9.799609
12.9819,22.08456
0.0,2.1141217
0.917867,2.1141217
0.0672431,2.1141217
0.0,2.1141217
0.0,-1.1911395
0.926497,5.268491
3.80485,7.8916492
32.5693,10.99425
7.29843,20.053232
0.37654,5.7360353
36.2545,42.08692
10.7566,21.914467
0.0,2.1141217
6.30304,7.893404
0.604171,8.6049385
44.9912,38.21861
0.224466,2.1666377
0.536926,2.2468162
0.142361,2.1141217
0.0,0.29086542
0.0,2.1141217
11.3911,19.992884
0.0,2.1141217
0.00887042,2.1141217
0.0,2.3374143
0.0,2.1141217
0.182358,2.1141217
0.0798569,2.1141217
0.0,29.778143
34.0732,14.971354
0.0,4.650951
3.8263,6.929698
10.5139,1.1682589
6.08398,28.95123
0.0,2.1141217
2.91784,10.749166
5.19622,8.844833
18.7897,14.0975065
0.0541491,2.1141217
0.918487,13.910262
7.1303,13.804632
0.0,4.6233053
6.89649,16.97263
0.0,2.1141217
0.32105,2.1141217
1.06258,3.1960177
48.3711,18.554947
0.0,2.1141217
0.353684,2.1606567
0.0209403,2.1141217
6.97007,10.70078
12.3409,18.74993
0.0,2.1141217
0.0134494,-2.4482207
0.0,5.166884
9.34879,-2.0053287
0.0,2.1141217
0.0,2.1141217
11.379,-3.6606138
31.6605,14.721123
0.0,2.1141217
1.74564,8.471891
0.0100121,0.70122457
0.463098,11.004595
0.0,2.1141217
3.45172,0.9115877
0.0,10.640912
0.183654,18.00283
12.3842,28.17271
0.0129563,3.9587405
0.162525,1.6798465
0.0,-1.230902
18.0396,20.97514
0.0,2.5020463
0.0,19.514023
0.0,2.1141217
3.96892,10.182648
0.0,2.1141217
1.52665,22.988718
9.26149,16.27571
4.74985,1.9156694
0.0,2.4775252
4.86473,5.121929
0.041415,10.844157
0.0,2.1141217
14.9497,2.1141217
3.12215,15.315433
69.591,23.190022
0.0,30.761715
0.0,2.1141217
0.0,0.73577857
0.0,2.1141217
0.0238568,2.1141217
0.32082,0.62366176
0.107556,2.1141217
0.0467182,2.1141217
9.4149,22.957647
8.20827,20.410673
10.1833,2.830274
1.05032,36.451904
0.0179047,4.7071433
15.6758,27.991768
31.5645,8.251821
1.79479,39.795486
0.0,2.1141217
0.075898,4.4345512
10.7625,17.010515
89.6832,48.062916
38.9082,4.295841
0.0,2.1141217
0.0,1.4458632
0.0,2.1141217
0.0,2.1141217
0.0,24.708408
0.0,2.1141217
2.30452,8.84205
0.0105764,2.1141217
56.6049,34.960186
42.8984,19.71679
0.0764215,1.4902458
10.9808,29.208427
0.0,-1.8459575
0.0,0.29086542
0.0,2.1141217
3.74162,1.2334211
0.328515,10.625439
7.38977,4.9915714
0.164074,2.201394
8.68537,31.405329
13.3722,15.606725
7.51263,2.3534865
0.252591,2.1141217
1.47888,0.82010317
0.899801,1.4987447
53.7064,2.1141217
0.0,1.4856396
6.16726,2.608721
6.07532,1.7807486
0.0805311,-2.5393417
0.535877,1.6731446
0.149659,17.894262
0.0,2.1141217
0.0995542,2.1141217
0.0,2.1141217
7.72727,12.537587
4.45034,-0.79363203
12.2934,21.067387
9.20199,2.029073
0.0,2.1141217
5.34906,-0.69649386
0.0887828,2.1141217
14.2189,4.4441996
0.0,2.1141217
3.40272,7.4451284
2.91906,11.051726
0.0,2.1141217
46.0528,21.522697
24.8424,11.451528
11.5815,1.4625089
14.6309,15.849105
1.00982,1.7575395
3.59577,5.25807
18.7903,30.104174
0.0773348,2.33629
0.0,2.1141217
0.0317711,2.3991416
4.03114,6.4498043
0.0125551,2.1141217
29.4994,24.903893
1.17427,8.959245
23.4552,30.154346
0.0782584,2.1141217
0.0,2.1141217
0.0995542,2.1141217
5.61322,8.863297
18.2872,2.1141217
0.0414775,-1.932859
1.95061,23.023148
7.96039,9.620176
6.32027,6.5035286
1.9342,12.429694
0.0,2.1141217
12.2934,21.067387
2.74106,22.773212
0.0,2.1141217
0.170468,21.036192
0.0,2.1141217
3.8158,19.48229
63.5438,24.261372
2.85747,-6.298641
18.6327,22.600948
0.0,2.1141217
23.6752,43.52218
43.4355,21.141932
0.0,2.1141217
15.9863,-14.922605
0.0,30.371185
2.74106,24.185177
5.29795,3.868088
0.0,31.208206
0.0,2.1141217
0.0,0.73577857
183.183,126.68731
2.30816,18.98362
0.0,29.889574
8.87697,12.736652
0.0,2.1141217
0.0,2.1141217
20.3765,0.29744983
0.0123982,1.467035
4.1897,7.642392
20.1384,14.194227
5.34906,1.3923142
4.30202,10.922878
0.00968093,2.1141217
9.82064,2.1141217
23.5333,16.551046
14.1541,7.628742
0.0,2.1141217
32.4577,3.935332
6.41355,18.223183
2.59898,23.071262
0.0210097,0.081269264
12.3578,16.102467
0.0,13.030187
0.222726,16.58432
53.3892,10.860226
2.85747,-6.298641
0.0,4.5804896
2.36522,9.898188
11.5443,14.143864
7.1822,0.07409203
2.30452,8.84205
0.0,2.1141217
0.0,2.1141217
0.0,2.1141217
0.0,2.1141217
55.489,20.959446
11.7892,2.1141217
6.41431,12.355937
0.93392,4.536545
8.42815,25.962923
0.0,3.2865114
0.0,2.1141217
0.108441,21.470957
1.52102,0.38656664
8.65988,16.003336
0.0,2.1141217
0.0,2.1141217
11.7178,0.10365367
10.919,40.886463
14.4902,3.9705775
0.0951988,2.1141217
6.87925,7.198861
0.051393,10.640912
5.02841,0.66490173
0.770124,43.82115
0.226083,2.1141217
1.12501,5.6736784
0.0,2.1141217
5.77636,2.1141217
0.0,2.1141217
22.6392,23.906713
20.497,13.694275
0.0,2.1141217
4.34034,22.894775
11.2068,15.500983
0.0734686,16.097927
0.0121487,2.1141217
13.6965,24.25099
3.9012,2.2872844
0.0,2.1141217
9.4149,22.957647
0.0,3.2865114
30.2721,-5.714897
0.0,2.1141217
20.9772,27.267166
0.117486,2.1141217
6.68128,26.818836
1.73952,5.54373
0.0,2.1141217
8.57879,20.631374
7.72727,12.537587
0.614049,3.0426645
0.051393,10.640912
42.3658,57.468773
0.0,2.1141217
0.0223306,4.2834435
7.45284,5.209175
0.0667388,2.1141217
0.0,2.1141217
2.02329,18.439833
10.5992,1.3384106
6.40439,11.369777
0.0,2.1141217
7.93361,18.89825
6.33952,13.776421
5.33359,1.6031196
25.8108,42.32584
0.0138372,-1.2348042
0.0,2.1141217
6.51382,20.548103
2.6408,7.6754723
7.81638,-4.793475
4.21751,9.608385
19.1137,27.762644
13.1673,10.199997
7.89957,12.596095
3.16482,20.41079
4.68681,6.6519985
0.0620602,2.1141217
9.68664,10.584289
1.47888,0.82010317
60.5251,18.200197
2.48554,13.627924
35.6337,13.472545
0.0,7.477748
0.0,2.1141217
21.8822,-1.6891983
1.13365,2.1141217
3.9033,4.9933143
0.617716,1.4548371
0.0,1.4655926
3.1273,9.765088
0.0,2.1141217
7.93361,18.89825
49.2648,20.870726
15.8345,5.3378043
0.0,2.1141217
18.2853,11.07588
0.0,2.1141217
0.834837,-0.4032607
0.0167702,1.7728527
16.1426,6.3866606
0.0,2.1141217
1.45047,15.626728
13.1239,14.765896
0.0,2.0720475
3.95256,2.1141217
35.6625,1.7104518
0.0,2.1141217
0.0105817,0.34500754
3.42484,7.479128
100.959,13.8969965
0.592882,7.0903254
1.14149,10.859053
7.18879,9.392183
12.3578,16.102467
0.196991,6.05783
0.0,2.1141217
73.5802,29.253323
18.7733,24.720932
2.92734,0.5697515
0.0,6.637149
0.0,2.1141217
37.431,14.133395
14.9189,12.268069
11.5285,10.139628
7.30838,20.630749
0.107545,0.8987231
34.8431,38.153534
29.961,7.575594
0.0,2.1141217
8.18326,3.1781967
68.9289,40.125473
0.0,2.1141217
0.588556,1.0338976
0.0211649,2.1141217
0.0,17.444912
0.05843,2.1141217
2.49747,8.167882
5.62778,28.63213
0.0,3.1008542
1.56213,-3.280266
0.0757449,2.1141217
0.0,1.4192433
0.0,2.1141217
98.7354,12.043298
54.8317,23.434006
0.0623884,2.1141217
5.83223,7.8536396
16.1453,14.369495
0.127344,5.0456114
2.35286,45.665714
0.0,2.1141217
0.66808,0.40223908
49.2648,20.870726
0.0,30.371185
49.6929,2.1141217
0.0,2.1141217
0.775053,2.1141217
2.90771,7.3436146
30.2375,22.999813
0.0,1.0983262
7.13458,16.655676
10.2968,3.6999643
2.02248,7.8813066
0.0503724,-0.7069156
0.0,1.467035
0.0,2.1141217
0.0,-0.35804868
28.7554,15.182749
6.57764,17.276817
0.0,-1.9472091
20.9772,27.267166
4.21751,-7.0856304
8.44341,-2.7970178
0.319885,14.743774
0.921524,12.2557
0.885176,9.971467
0.0,2.1141217
0.0284184,2.1141217
0.0648115,12.317123
12.5936,2.1141217
0.0,1.0983262
13.8527,21.68448
0.0,2.1467338
0.0,2.1141217
0.808567,2.1141217
0.0,2.1141217
0.410676,18.09252
3.5795,9.402138
0.0,31.370226
1.03419,2.1141217
0.0,2.4593048
0.0,4.6370735
0.0,7.7213984
0.0,2.1141217
2.22872,4.0356126
0.0,22.454456
0.127783,9.670459
23.0079,30.548077
108.9,17.444912
0.110281,2.1141217
0.0,2.1141217
0.0309948,2.1141217
0.0,10.31829
16.6565,12.398442
6.18238,2.1141217
12.3578,16.102467
0.0,2.1141217
0.0,2.1141217
0.166568,12.671809
2.18458,2.1666377
4.21318,11.802487
0.0,2.1141217
2.06579,4.990391
0.0,2.1141217
5.65151,5.2305613
0.0,2.1141217
0.0,2.1141217
18.7877,31.089407
9.02091,2.1141217
56.1248,27.7039
0.0947648,2.1141217
22.4517,8.5650015
12.4505,47.855923
0.0,2.1141217
1.45222,2.1141217
0.181861,17.947872
0.0840941,14.21502
0.0,2.1141217
0.0,2.1141217
0.224466,2.1666377
1.3366,0.030369043
183.183,126.68731
93.0579,13.467874
1.40205,39.51333
16.4448,21.654411
0.0141945,2.1141217
0.0,2.1141217
0.0,2.1141217
0.210842,2.1141217
14.6375,2.1141217
17.5554,49.313316
20.8073,26.045698
0.0,2.1141217
0.21423,4.454011
0.0,2.457545
0.0503724,-0.69649386
10.3085,17.657698
0.0747677,1.712598
3.39633,11.092667
2.36245,14.865811
0.389784,6.282838
22.6392,22.235886
0.0,2.1141217
20.3765,10.640912
0.206906,13.060006
0.0187414,2.1141217
0.0,2.1141217
0.92519,2.1141217
14.8348,8.035438
13.0129,13.492628
174.747,26.720026
2.36522,9.898188
0.0,2.1141217
0.588782,15.5828085
64.4972,29.96194
32.5781,18.754772
2.97393,8.428376
13.1998,8.032313
120.835,135.09126
22.0206,15.729869
0.257871,2.1141217
0.0,2.1680696
0.0,-2.634526
0.0179047,4.7071433
0.491497,26.447824
86.3551,75.20783
0.0,2.1141217
55.8569,5.125725
23.5057,20.063862
25.6244,28.072216
16.651,12.5795355
6.18583,6.9340506
3.62445,-7.589018
0.0,2.1141217
0.0,9.392183
2.36522,9.898188
1.80628,15.073131
9.4149,22.957647
13.3634,17.645685
0.0,2.1141217
0.285904,3.3280761
9.31878,11.312515
2.62049,12.880393
56.992,10.454958
0.251745,11.323427
0.0,1.4808524
0.0,-1.2776003
12.0519,4.0922327
3.10278,10.667785
0.0215975,0.98555636
0.0,2.1141217
27.6481,-3.058665
18.8462,9.618952
0.0,2.1141217
11.1868,14.537275
49.3187,27.995983
4.08251,8.864041
0.0,2.1141217
0.0,2.1141217
0.0,2.1141217
36.112,14.818353
15.4143,12.880393
0.0,29.483345
0.0,2.1141217
6.31433,18.7044
5.14796,12.356772
2.0551,21.526566
0.206719,1.0050318
0.0436079,9.003348
0.0,2.1141217
23.9011,26.802074
397.601,27.733875
0.0,2.1141217
0.0,2.1141217
21.5036,9.712186
122.832,61.836674
185.622,2.1141217
2.89538,36.727547
7.93361,18.89825
0.0886052,4.5194664
0.0,1.3778787
6.95536,23.953587
0.356705,-4.690462
8.32326,30.439604
7.25514,28.287277
0.0,2.1141217
27.393,2.1141217
0.600088,15.914542
17.1173,12.983831
10.9533,31.019854
28.4785,1.221262
0.0,0.9080229
79.2286,27.320324
0.0,2.1141217
10.5573,14.67677
78.2679,2.1141217
11.5871,30.761658
0.0175443,2.1141217
0.0,2.1141217
0.134373,1.4382951
3.31365,6.956174
0.283346,2.1141217
74.3385,58.945747
0.146754,13.940641
6.58084,25.169357
0.0,-4.4787683
0.217464,-5.87136
9.16142,22.781166
10.7205,8.347017
0.927296,2.1141217
0.0444804,1.1050446
19.8766,33.074703
0.0995542,2.1141217
0.0563689,2.1141217
27.2235,17.663254
0.0,2.1141217
38.4211,14.04033
0.0,-0.8648305
0.0,2.1141217
0.87434,2.1141217
0.0,2.1141217
0.0,6.8579206
21.9108,36.581593
4.99398,2.1141217
0.568557,-1.3620837
0.869482,40.949596
10.5992,1.3384106
0.0544411,2.1141217
0.0,1.8996897
0.0,2.1141217
0.0,2.1141217
200.795,110.40382
2.59898,9.723608
3.24636,16.818552
10.6178,16.72379
30.3364,17.129805
0.0493707,-4.2015467
1.45222,2.1141217
0.0,2.1141217
0.0837542,2.1141217
6.77438,1.8419385
0.528339,18.810678
1.13347,0.36704612
0.02025,2.1141217
23.6752,13.5893135
7.65274,-5.2352133
0.0,2.1141217
0.0,34.55755
0.443035,9.349525
10.919,12.090957
36.891,-5.8510265
105.821,50.75503
17.0285,0.2719798
0.0372422,3.2862854
12.0326,6.2320375
14.4858,2.1141217
34.0234,15.539712
0.567987,4.6298227
9.33991,13.498984
14.7355,11.540882
0.0,2.1141217
0.0,2.1141217
26.276,6.9648666
9.51775,5.215187
0.0744665,2.1141217
0.0,2.1141217
0.0,0.7688017
0.0209604,2.1141217
8.60295,13.466214
27.5158,11.98941
0.0,8.76058
66.1827,24.823854
4.42726,15.540274
77.0053,57.654015
0.535877,28.17271
0.0,2.1141217
0.0,2.1141217
0.00692642,1.7488718
40.1066,31.7935
2.32627,0.34590888
22.0206,15.729869
32.1788,8.783349
0.0,2.8398025
23.4552,30.154346
0.0,2.1141217
0.0,8.365119
1.34405,30.793034
0.0,2.1141217
22.1879,7.22381
0.0,-1.2665951
23.569,21.365574
55.2517,38.819168
16.4307,20.748823
0.0,1.0983262
0.0,2.1141217
0.0,2.1141217
6.43549,10.483329
0.0,2.1141217
9.91484,4.7071433
15.7273,0.33002996
3.35923,7.0263023
4.42726,12.880393
16.01,21.653328
40.4993,47.420902
0.0681677,-6.5874853
0.0,2.1141217
0.0,11.422898
0.250164,-1.5758386
7.18879,9.392183
0.0,9.392183
40.4993,47.420902
4.74985,1.9156694
53.3411,16.29937
0.0,2.1141217
8.07777,6.4165926
25.1371,9.7824335
0.0,2.1141217
0.172369,1.5881791
0.0,2.1141217
8.48155,20.481262
0.423245,2.1141217
7.9231,35.634968
6.94553,23.357174
0.0,5.2493286
34.7652,29.716736
0.901711,2.1141217
0.0,2.1141217
12.3578,16.102467
0.0,2.1141217
39.8531,14.91034
22.2847,9.6988125
0.703189,35.529274
13.3117,22.231422
15.332,23.328384
0.0,2.1141217
1.11255,-3.1134174
0.0,2.1141217
6.04453,-3.840078
0.0100411,1.558223
0.0,2.1141217
7.72727,12.537587
0.0506962,2.1141217
0.0950008,2.1141217
2.15402,10.534335
8.77471,2.1141217
0.0,2.1141217
0.0503724,-0.7069156
0.0101261,1.1380856
0.66808,3.2250285
5.80388,20.425627
1010.53,52.281452
1.56199,2.1141217
20.7484,36.703526
0.75264,8.164414
0.172226,2.1086056
0.0,2.4350557
0.0626684,1.6506631
0.0,7.8813066
1.70305,19.370007
20.3765,12.939656
0.0,1.9134045
4.61178,10.156065
0.0,2.1141217
35.4536,28.74887
13.6915,31.278332
0.096906,2.1141217
0.05843,2.1141217
39.9616,19.096832
0.0209403,2.1141217
127.163,58.720875
0.0,2.1141217
0.0199938,2.1141217
0.0304159,11.369178
0.0,2.1141217
0.0,2.1141217
0.0,2.1141217
16.7768,2.1141217
1.95627,1.3692379
8.61474,22.044437
0.0,2.1141217
6.86665,-1.2070091
0.5899,9.898188
7.42939,29.253323
129.109,11.392013
0.0,2.1141217
23.569,21.365574
0.0105311,-1.1603291
0.012238,-0.35804868
4.252,7.590458
0.0,3.021411
0.0,1.0773375
0.0,2.1141217
36.2545,42.08692
0.0,2.1141217
0.0,2.1141217
0.0,2.1141217
0.330802,17.043142
0.0514544,2.1141217
24.4512,10.495885
0.0,2.1141217
0.0,2.1141217
22.738,21.448084
0.0,2.1141217
17.5729,24.254318
8.39353,18.149216
0.0,7.2248926
0.0212548,8.162522
13.6702,25.858809
6.08398,28.95123
11.0977,22.897148
7.90092,10.458313
0.138583,2.1141217
29.3384,26.543316
13.3267,19.300432
1.21112,17.165186
11.5467,9.554502
23.5333,16.551046
0.00483917,2.1141217
0.0,7.477748
0.0,2.1141217
8.05382,9.686232
0.0,2.1141217
0.250134,2.1141217
26.2491,24.562206
0.0,-2.634526
0.0,2.1141217
0.166568,12.671809
65.702,49.478497
0.0183939,2.1141217
0.05843,2.1141217
0.0,2.1141217
45.9377,35.232307
0.0,2.1141217
22.0206,15.729869
1.16659,23.261015
13.1864,17.839577
26.8874,30.53358
10.5456,13.052938
0.0,2.1141217
9.71452,0.19327474
13.0285,16.682617
14.8687,21.068687
0.0,38.398502
0.0,13.27768
4.95834,3.5988638
0.0,36.49882
3.92858,17.172031
2.83858,0.83889437
7.10394,17.528093
0.0164124,4.74872
0.0265841,2.1141217
0.0,2.1141217
22.6392,22.235886
0.0,2.1141217
1.10146,1.1693177
1.50345,1.6764815
0.0787372,2.1141217
0.0,2.1141217
8.51798,36.23504
22.869,3.7270868
0.90136,71.69915
0.0117422,21.000864
0.00883951,2.1141217
110.851,54.42941
0.0639502,3.754885
0.0,2.1141217
4.57112,48.96494
14.6723,7.7362537
0.241877,-3.182206
25.1973,2.1141217
2.94218,7.064808
0.0296782,2.1141217
3.02328,-1.1835473
0.0,1.3324494
2.09638,7.0047293
115.716,22.51567
0.0,3.754885
0.0372422,4.0221004
6.03438,5.6178026
0.0626873,5.6736784
0.0349215,30.793034
0.0,2.1141217
22.8405,2.1141217
4.92304,8.295052
14.0998,8.48352
92.574,41.06501
0.0,8.8684
0.014327,2.1141217
0.423245,2.1141217
0.87434,2.1141217
0.0,2.1141217
0.0,2.1141217
9.80748,12.193162
0.0,13.343078
23.5049,18.863464
0.0,0.87175536
1.85125,10.486205
0.208997,0.73700213
12.3578,16.102467
4.91671,5.141102
16.4448,21.654411
0.0,2.1141217
0.0294347,2.1141217
1.24908,2.1141217
0.0,3.5425167
0.0663706,20.016771
4.85574,16.922182
23.5057,21.816422
0.0289529,2.1141217
50.821,21.094193
0.0,0.24352527
0.0,2.1141217
0.0,2.1141217
12.39,15.756387
0.0,2.1141217
12.3578,16.102467
4.15016,6.6593018
0.0,26.720026
0.0,7.477748
8.36754,-0.66702247
1.34405,30.793034
5.4147,5.6597977
16.7424,5.5730114
67.7779,41.846657
0.665929,7.0781517
0.143328,1.7692268
2.59898,9.723608
0.0,2.1141217
25.6866,16.254164
0.0,2.1141217
14.6375,2.1141217
0.0324436,2.1141217
0.0470562,2.1141217
0.0,2.1141217
7.93916,22.228308
0.431369,11.347529
0.0,2.1141217
0.0,17.61854
0.0911935,1.3693874
0.0,0.74539304
20.2034,11.079893
14.7048,4.2281466
8.4425,13.405335
28.3842,9.160614
89.6832,48.062916
4.17794,-4.8393097
27.2617,30.011364
0.318571,13.741237
2.17836,5.7375765
19.0873,1.5722468
7.13458,16.655676
9.64754,-1.1188438
0.0,19.282736
18.7733,0.73943853
7.5427,45.81317
0.266531,1.1992674
0.0,2.1141217
1.19533,-1.2141659
1.79176,-0.8614471
0.0,2.1141217
14.2404,1.0983262
1.54364,27.364796
81.6833,40.624275
0.0,0.95582914
6.18577,13.869979
0.0,0.7688017
0.0,1.7051728
2.30486,8.999922
21.2036,13.89675
0.0,2.1141217
0.0285757,0.5431371
0.0148745,-0.010811567
22.6392,22.235886
5.39411,8.383818
2.24424,2.7728636
0.709393,66.75547
0.0531188,2.1141217
0.0,20.228436
34.3637,29.889574
0.0,2.1141217
8.54891,4.6358433
0.66808,0.40223908
0.181888,4.2609305
0.0196267,2.1141217
30.4896,30.9451
0.0216873,0.077961326
0.0,1.6358883
0.0251359,2.1141217
0.549255,2.1141217
0.366194,16.082375
0.0,1.64979
0.0,2.1141217
22.3011,21.260221
5.85859,14.15122
1.47888,0.82010317
1.42782,11.070851
0.251745,11.323427
32.5781,18.754772
2.59898,1.9284613
1.18369,4.584762
2.12334,10.128112
60.6501,19.260883
3.82122,16.97263
0.051393,2.182158
0.0339982,9.898188
73.6762,70.18848
0.0,2.1141217
0.0,2.1141217
5.22933,11.709648
0.0714461,2.1558995
0.0501345,2.1141217
0.0265841,2.1141217
4.01733,2.1141217
2.02248,7.8813066
2.30452,8.84205
17.79,14.450659
0.0,16.321802
68.9289,40.125473
13.234,17.20741
0.0290701,2.1141217
21.6066,10.073897
8.17468,30.775469
0.0,2.1141217
9.54313,3.5633643
0.0,2.1141217
10.3037,18.077934
23.0996,11.6689825
15.6962,38.60654
0.0,13.440008
26.276,6.9648666
16.9321,-7.7138844
0.0,2.1141217
0.1146,2.1141217
6.51382,15.140662
6.80099,7.549917
0.0,2.1141217
4.70244,11.589749
0.043974,2.1141217
0.41119,2.1141217
0.0,2.1141217
0.0,2.1141217
2.18458,2.1666377
0.0,2.1141217
61.3507,29.149555
16.2922,11.404849
0.0,0.29086542
4.27029,-1.933269
113.286,72.496544
8.26953,14.980666
3.02521,8.801147
0.392828,3.342856
21.1797,19.83668
0.778633,13.98861
0.0,2.1141217
0.0,2.1141217
0.0,2.1141217
0.0,6.4286556
1.77667,-0.5765805
0.368738,-1.4024279
6.87925,7.198861
15.4223,5.8198156
0.0,30.775469
0.0377064,0.29086542
0.0,25.907602
0.68252,11.430261
0.0,0.29744983
9.21049,21.908848
22.0206,15.729869
0.0,2.1141217
6.95536,23.953587
0.0,-2.634526
2.15402,10.534335
0.0,26.938784
24.5398,18.124903
654.473,176.89882
4.54029,23.752392
22.6272,13.452102
0.0,2.1141217
0.0158332,5.205822
7.25476,19.24958
7.91758,13.204162
0.0968645,2.1141217
6.95536,23.953587
21.3134,14.920226
1672.53,979.53864
10.5207,8.340164
0.043094,0.83889437
0.180576,3.7064323
0.0,-1.2776003
1.68959,8.164414
12.3578,16.102467
0.0,2.1141217
24.6485,6.384899
169.204,177.49995
0.0,2.1141217
0.0,2.1141217
1.67114,-15.574609
0.0,2.1141217
4.21751,4.613679
0.0,1.7538519
9.22554,0.82010317
0.0,2.1141217
21.4343,26.125593
0.0,2.1141217
17.2617,2.145859
40.5102,42.941402
4.25339,12.817225
0.620484,8.662988
0.807879,14.262389
4.22132,0.1461544
2.91784,10.749166
9.4149,22.957647
13.3781,9.791596
9.4149,22.957647
0.462918,17.721863
36.891,-5.8510265
0.0,2.1141217
0.0,2.1141217
0.0460123,1.764157
0.389399,12.370064
0.0,2.1141217
0.0,19.734026
0.0,2.1141217
19.1612,30.05498
15.4223,5.8198156
0.0,2.1141217
4.22201,10.091945
6.57905,4.661065
0.0471651,1.6716747
0.922114,-1.1309123
0.288601,0.99495673
8.88717,36.45731
0.756351,6.767269
2.1209,9.404739
9.01383,-148.69225
0.0,2.1141217
0.0,2.1141217
22.0206,15.729869
0.0205435,2.1141217
3.20272,17.74612
120.061,1.6980858
0.231132,21.36838
0.0,1.8975592
0.0840751,0.42885947
3.42381,26.674381
7.14585,4.917487
0.610725,2.1141217
5.8983,12.7148075
2.49685,27.733875
5475.9,2.1141217
356.985,189.84404
0.0,-1.6444747
0.0246216,2.1141217
53.7064,24.81356
8.21125,5.942457
0.164682,2.1141217
11.7182,16.097927
0.518322,1.4639022
0.177502,2.1141217
0.489941,2.1141217
0.0100148,2.1141217
7.44957,18.035736
4.0899,10.0767145
0.743053,-3.8556898
0.0,2.1141217
2.87896,18.385353
0.172067,-5.9888706
3.08732,2.1141217
0.0420718,2.1141217
0.0194613,1.5589631
0.0734686,16.097927
0.0,2.1141217
0.0733279,2.1141217
28.1376,12.335235
0.328182,14.1778
0.0,26.610989
2.21819,4.5041714
0.303486,2.1141217
1.47888,0.82010317
20.3065,9.761781
0.277901,2.1141217
8.30447,30.531797
8.07033,6.585347
0.0753596,16.666153
0.0,3.754885
0.0,2.1141217
7.44957,5.0522833
0.0,1.3403914
23.0404,16.31561
5.3585,10.722221
0.0,2.1141217
12.3842,1.6731446
0.0244278,1.2444239
0.0,2.1141217
0.0181295,2.1141217
0.0,2.1141217
0.0841026,1.6959672
64.5569,32.060078
0.0,6.137594
21.7269,2.2049236
0.0,2.5286202
0.0,2.1141217
2.03315,20.583496
0.0,2.1141217
36.9073,41.494854
10.4622,2.1141217
12.7252,12.024989
28.0886,3.4549735
19.3857,12.836405
1.26098,1.0983262
0.0,2.1141217
0.108294,1.72176
0.0,2.1141217
5.24548,17.919632
0.0,-0.43083405
0.0,1.3941808
86.9453,71.757866
32.3012,-1.8562982
2.507,7.784112
0.00808029,3.5235908
4.60452,12.317666
0.115911,1.7221329
1.60962,2.1301005
39.6302,27.888292
16.4448,21.654411
0.0,2.1141217
0.00808029,3.5235908
0.0,0.82010317
0.154268,2.1141217
18.3019,10.051352
1.90929,9.217381
0.0,2.1141217
0.0,2.1141217
0.0,2.1141217
0.0,2.1141217
0.0,2.1141217
0.0,2.1141217
17.9989,17.18108
12.6572,7.081067
2.99112,10.109341
42.7133,4.8991604
21.6391,21.501095
18.7132,8.280661
0.0,2.1141217
0.0,2.1141217
0.0,2.1141217
2.3424,13.878369
0.0922603,2.1141217
0.0584078,4.0336275
0.0435377,1.6606228
0.0,2.1141217
6.33747,1.9241645
0.0,2.1141217
0.0,2.1141217
0.0,2.1141217
11.8354,8.63562
0.167075,27.69742
0.514458,2.1141217
0.0,2.1141217
0.0,0.7688017
88.1568,28.704147
0.0,2.1141217
1.06258,3.1960177
41.0927,10.407796
0.578598,3.2864776
0.0,2.1141217
0.405427,2.1141217
0.0588203,3.4439096
0.0,2.1141217
0.0734686,16.097927
0.56614,26.103592
0.059171,8.442276
0.0,13.460553
9.26149,26.114075
3.83448,-6.4414244
13.4342,12.881057
0.0522123,-5.310301
5.31336,1.9149206
12.0457,14.095833
2.70478,14.681173
9.4149,22.957647
3.7689,3.7712471
31.2435,7.8086166
1.09037,27.998077
41.4786,46.66471
0.198424,20.750544
0.0,1.0983262
15.842,18.380703
0.234965,-0.601033
0.36302,5.2613654
67.1287,10.751611
0.0,2.1141217
0.0,2.1141217
0.108644,25.133625
9.37947,24.941093
9.89053,2.1141217
0.0150572,2.1141217
0.0,2.1141217
21.8505,21.124203
45.1028,16.403708
29.1625,8.818016
0.0660491,2.1141217
0.0,2.1141217
6.17503,12.30139
0.0,3.1936011
61.3507,29.149555
35.7609,14.141379
32.3352,32.14287
0.0,2.1141217
71.6239,9.593223
19.8674,14.434878
11.6114,20.631374
2.0464,2.1141217
4.55654,9.206421
0.0,2.1141217
9.59045,-4.801899
5.1564,7.477748
0.0,2.1141217
8.87697,12.736652
36.1053,-1.3018804
0.0,2.1141217
3.87145,44.813396
0.620975,2.1141217
2.41248,2.1141217
71.5693,18.727385
9.4149,22.957647
8.26423,20.437159
0.066715,2.1141217
0.123341,23.189003
16.1284,17.689213
54.5966,14.797666
12.6946,13.53781
35.7241,29.149555
0.0276603,2.1141217
4.25879,13.170432
0.0,10.640912
0.605419,2.1141217
115.716,22.51567
0.127514,2.4611237
0.0,2.1141217
0.0530198,0.8246379
14.1322,33.836975
0.0,12.939656
22.8781,4.7947655
41.4786,46.66471
42.093,25.561655
7.51723,42.9865
0.0,2.1141217
0.0283879,0.88612795
1.73733,1.9741108
73.3151,51.266453
13.6045,18.810678
0.111489,-3.280266
7.90152,30.018024
78.8657,74.31631
0.0,2.1141217
5.91939,7.265312
32.2827,24.57002
0.449778,2.1141217
0.787141,12.48108
2.18458,2.1666377
1.55944,15.140662
0.0,2.1141217
0.076469,2.1141217
20.3765,10.640912
4.61561,8.3452635
15.6575,10.539039
0.0,2.1141217
14.8558,32.686596
13.9333,9.808377
22.8781,4.7947655
0.0,4.2666564
16.651,6.9716806
37.4822,32.07098
0.0,2.1141217
2.59898,1.9284613
2.11887,10.806451
0.0667938,2.1141217
4.92908,17.206396
0.0,2.1141217
2.76486,11.363651
7.0301,3.5782177
72.543,2.1141217
17.383,22.407894
0.0,2.1141217
18.9824,10.604936
0.0,2.1141217
0.0615812,5.092147
0.463098,1.5209494
2.90635,13.125197
18.8186,4.9266214
0.611214,2.1141217
0.483763,8.571423
113.27,17.679848
0.0,0.73577857
0.229634,-1.877428
1.18369,4.584762
11.7411,12.287051
0.372758,7.4242964
0.0,2.1141217
0.0,2.1141217
45.9377,35.232307
5.22933,11.709648
0.699727,8.888712
3.19082,4.5029116
1.11007,5.2509212
0.0,0.29744983
1.35464,2.1141217
32.3352,32.14287
0.0,2.1141217
0.0,2.1141217
64.4972,29.96194
6.77438,1.8419385
3.33855,19.142876
0.0,2.1141217
7.71256,16.547066
0.0,2.1141217
7.93916,22.228308
32.5872,21.096123
5.31905,9.185401
12.6332,10.91179
25.6581,19.347624
20.7926,7.6101017
0.0,2.1141217
0.0193434,2.1141217
34.9534,11.14195
0.0324437,-1.7862823
25.7056,9.81828
1.55914,25.588684
0.158667,7.8520823
0.395147,1.6680295
28.5655,14.75936
2.62196,12.102918
23.5049,18.863464
14.8348,7.557605
4.237,-1.5331583
0.517011,4.2172585
0.0,2.1141217
0.104211,-0.19387364
0.0,2.1141217
47.7532,10.34162
29.3097,6.5625963
0.0,2.1141217
23.2996,43.404724
0.0874501,13.140037
0.0344196,4.093458
2.12334,2.1141217
1.81658,-1.8513834
20.1487,1.9199128
21.4696,40.645058
0.133885,-1.4923215
23.569,21.365574
40.0218,10.530922
3.298,4.025865
0.0,2.1141217
55.8569,5.125725
31.8959,23.735996
4.60872,3.437445
0.0,1.4586072
4.8694,1.3453071
0.0616941,2.1141217
208.249,40.68301
25.8108,42.32584
0.0419795,2.1141217
3.96255,7.3319635
0.0,2.1141217
0.0,2.1141217
11.7892,11.57337
36.2545,42.08692
26.0933,28.753853
1.51819,2.1141217
17.8076,21.21178
0.0128726,2.1141217
0.0,2.4350557
28.5725,11.1856785
20.3765,2.182158
22.6272,13.452102
67.8708,2.1141217
0.0,2.1141217
29.3879,5.1060457
0.0,1.9987109
13.2992,11.3947735
0.0,2.1141217
3.93245,3.762949
19.0907,23.068142
0.0,2.1141217
0.00768744,2.1141217
703.416,70.00494
0.159707,5.363702
14.5233,47.71184
39.2243,-6.7068844
3.15239,4.0719185
21.2297,3.3277707
0.205377,0.6406727
0.0155566,2.1141217
0.044806,4.31981
11.5518,14.4402
14.9468,0.8098099
1.61215,2.537656
0.0419289,2.1141217
0.0570174,8.337211
0.0,2.1141217
11.6114,20.631374
9.17521,19.493929
38.6802,10.300567
0.205377,5.4409432
0.0587597,2.1141217
25.6865,3.1584702
0.0,19.484516
0.113605,10.435331
6.31848,5.423787
0.387586,13.424305
0.0,2.1141217
7.0451,10.0243025
45.7509,26.191404
36.7233,9.2964325
45.1028,10.574039
0.534861,19.828207
0.0,2.1141217
38.3628,4.341461
22.2012,-1.1433403
0.0,2.1141217
0.0324436,2.1141217
0.0,2.1141217
0.0,3.2069316
21.7269,12.186673
150.081,156.3832
0.0222479,1.5822775
0.0,2.1141217
17.7248,18.462524
10.1646,5.9092207
2.59898,1.9284613
1.91459,31.764145
17.5505,37.684563
0.0,2.1141217
1.22844,18.411255
2.26397,10.34162
3.55422,7.1628304
0.0236888,0.7721243
0.0841026,4.123825
0.0,1.1302865
12.5698,18.060259
0.0,2.1141217
6.84908,2.1141217
8.49454,11.961121
159.491,58.271828
0.465156,2.1141217
11.0449,36.983006
1.28297,-25.893597
0.0,2.1141217
8.44341,-2.7970178
25.0313,8.3933525
12.2934,21.067387
4.89209,5.456115
8.86203,13.610072
8.74772,24.145414
0.024356,1.5586431
0.0,2.1141217
0.0159444,1.1025805
0.0270571,2.1141217
0.0274872,10.663244
7.72727,12.537587
0.366138,4.30408
5.87248,1.6588526
0.0215975,0.98555636
20.9772,27.267166
0.0125772,2.1141217
0.0,-1.7136152
8.18259,3.1172402
0.0303503,2.1141217
0.401957,2.1141217
1.13365,2.1141217
0.658449,2.1141217
0.0,2.1141217
18.5812,20.228436
0.0,2.1141217
0.237581,2.1141217
0.0,2.4215493
55.8734,23.068256
0.141645,-0.5591302
28.963,2.1141217
1.18448,13.987545
0.123954,2.1141217
68.9289,40.125473
23.342,2.453398
0.28977,0.10803616
1.68702,31.843307
6.17769,22.157505
0.0,2.1141217
30.0409,0.5392983
0.0,2.718015
24.9748,35.40331
0.0,2.1141217
9.66222,979.53864
0.0,1.058145
47.0054,21.833992
0.271741,19.788597
14.9468,2.1141217
0.0347835,12.385264
17.2556,2.9634378
23.8581,6.239706
0.00557245,1.8531551
0.839133,0.82010317
0.0,2.1141217
7.08421,10.433523
24.4512,-2.9808486
4.6505,31.949331
0.202952,2.0732057
0.66808,0.40223908
0.0,-2.634526
0.0,0.32187057
31.8361,23.172453
2.08647,-0.59653735
0.0,2.1141217
23.7592,26.837093
0.0,2.4081907
0.0,2.1141217
17.243,0.82010317
23.7563,-0.13019228
32.8704,8.195742
2.97393,8.428376
0.881355,0.30093837
0.571642,4.0327816
0.0,2.1141217
0.0643346,24.618435
8.40817,36.72555
13.6937,17.612076
0.0,2.1141217
4.15212,16.97449
0.894353,9.377893
0.0867325,3.0666413
0.0317417,3.11053
397.223,188.0108
5.39369,16.403708
0.339008,16.097927
3.43723,18.807312
0.0,2.1141217
4.81092,47.251476
0.0,2.1141217
93.6125,62.979836
0.0,2.1141217
10.5293,15.639126
206.08,42.004208
0.0734416,3.4751265
0.0,2.9450424
0.0,1.3429558
0.0,2.1141217
1.68002,17.334919
5.62209,22.09756
2.31478,8.57442
0.0,2.1141217
27.4685,15.871144
0.0,2.1141217
0.0776316,1.7238653
0.0,2.1141217
0.496241,-4.2409534
0.0,2.1141217
0.0,2.1141217
10.411,11.430261
10.4902,12.524528
0.0,2.1141217
0.0,2.1141217
0.131307,11.5892
0.530209,-2.4328406
2.0161,8.457172
0.0466107,6.519883
4.82083,2.756099
8.57879,20.631374
0.0,2.1141217
0.0483081,2.1141217
0.0,2.1141217
3.42946,12.508247
30.345,13.500933
65.6935,18.674618
0.0,2.1141217
0.0,2.1141217
0.0291235,4.2472515
0.0747703,8.823915
0.0,2.1141217
0.217464,-5.87136
0.0649161,23.72483
66.0095,23.907263
0.0,0.8816743
16.0374,25.293869
0.0,3.5639863
6.29693,18.719166
0.0,2.1141217
11.3063,0.6298659
17.542,30.793034
0.26033,25.586132
1.09396,2.1141217
0.0,0.29086542
0.415674,2.1141217
0.465225,4.6165786
10.5992,1.3384106
0.044806,4.31981
17.383,22.407894
0.0169503,6.5354815
0.0273185,1.2800832
14.8348,7.557605
0.0883291,1.4374967
0.0,2.1141217
0.0261254,2.1141217
0.0,16.24177
108.9,26.517256
27.4069,20.97514
0.02025,2.1141217
36.1719,38.79511
6.4306,1.8449137
2.82707,9.318501
0.0,2.64883
699.207,444.13113
6.12865,32.328053
0.0227304,0.29086542
0.0,2.1141217
0.0104653,2.1141217
0.0,2.1141217
0.0,2.1141217
5.67805,16.528854
0.0,2.1141217
2.86324,5.577018
0.0503724,-0.69649386
0.0,2.1141217
13.6702,25.858809
0.0,2.1141217
176.437,93.97668
0.0264659,2.1141217
10.5063,19.178844
0.0130336,0.99495673
6.28107,10.647904
41.7138,17.081537
0.0,2.1141217
9.97241,26.486185
0.0,2.1141217
1.90851,17.895067
10.3538,4.999197
0.530209,-2.4328406
4.92439,5.569358
0.0951988,2.1141217
0.401881,6.411743
15.91,8.497644
0.00832832,2.1141217
0.02025,2.1141217
8.4425,13.405335
186.351,140.41374
16.963,13.542436
12.7252,12.024989
0.0,4.6370735
7.68164,6.3345404
0.839133,0.82010317
11.7377,10.651156
0.0,2.1141217
0.661148,13.359735
0.485388,2.1838925
0.0,2.1141217
9.34879,-2.0053287
0.0,4.2053967
13.233,16.780394
0.0,2.1141217
13.7638,12.536967
0.0,2.1141217
8.203,26.963102
0.108644,25.133625
0.679415,-1.9189279
27.1445,25.392908
18.727,16.039366
0.0,2.1141217
0.0,2.1141217
5.86462,4.100054
0.0,92.07931
3.62445,-7.589018
5.39411,42.65079
0.571642,2.1141217
0.0154189,4.8581104
0.119957,2.9824584
122.353,77.07952
0.0,1.6811795
0.0,2.423279
0.346404,0.078888655
1.13365,2.1141217
0.0,2.1141217
0.208046,4.9829597
57.049,2.1141217
0.0,2.1141217
0.0,2.1141217
54.4632,11.956872
36.2027,26.312504
7.13458,16.655676
5.60711,13.325338
0.0,2.1141217
0.0652647,6.1224794
9.03346,-1.1333861
38.455,29.40504
5.57851,46.631084
1.51429,3.3419082
0.0,9.898188
18.0695,12.400117
0.0834597,6.27291
0.0,2.3342924
0.0282102,2.1141217
6.41804,13.725671
0.0,2.1141217
0.738782,37.870796
32.0812,5.347686
18.2763,20.646618
0.0,2.1141217
0.0,2.1141217
2.20574,12.7761135
0.0654066,6.7310934
0.0,2.1141217
0.0971092,2.093198
70.5637,13.533288
0.0,1.6333606
0.0,-1.9822395
5.33753,3.6525607
89.741,42.025944
5.06544,13.182531
97.3178,22.584326
0.0,2.1141217
0.0,2.1141217
0.0202461,3.0628817
3.12215,15.315433
0.0,2.1141217
0.0,10.408883
0.514458,2.1141217
0.0,2.1141217
4.44392,15.230742
3.08732,2.1141217
31.889,21.893522
0.0,2.1141217
0.0,1.2836053
0.671746,2.7290099
8.14864,2.692115
0.0,17.20741
0.0,-14.1287775
0.0243009,-1.3018804
0.462918,6.76357
0.288601,0.99495673
0.0,2.1141217
2.57335,0.74453616
4.59297,7.868469
20.1323,26.16868
0.0,1.8214407
6.44702,14.994535
0.0,1.7478554
0.0,2.1141217
17.5418,14.003628
0.0,2.1141217
0.374611,2.1141217
1.38707,2.1141217
12.4324,11.704476
0.0235701,10.224486
4.61561,8.3452635
1.76909,11.331415
5.19755,7.641983
0.0323811,7.968055
0.0,2.1141217
17.6053,16.301317
0.03437,9.879044
11.6675,9.149248
5.54151,-3.2943766
68.1974,68.59871
3.55067,21.806274
0.124384,16.743319
0.0,2.1141217
0.0,2.1141217
16.1453,14.369495
101.91,30.896786
0.52848,6.941328
0.519261,6.585475
3.80485,11.790348
1.68959,8.164414
30.9536,49.424595
21.3463,18.96202
5.33369,9.951848
13.0583,29.052187
0.353843,14.647026
226.146,167.26253
0.0,2.1141217
0.0,-2.0053287
0.00871303,2.1141217
64.4972,29.96194
1.12293,10.666659
0.120296,2.1141217
0.373263,11.693262
0.0,1.9134045
18.2872,2.6174242
15.332,23.328384
9.57138,27.502678
0.0120224,2.078976
0.645114,2.1141217
8.46153,16.847925
26.037,31.22477
16.3631,9.099034
0.797986,5.66488
0.0,2.1141217
16.651,6.9716806
8.7999,23.357658
0.0130207,1.6392021
10.5992,1.3384106
0.0,1.6908927
0.154914,2.1141217
0.983915,14.692645
0.0,2.1141217
0.0224096,24.556816
0.0,2.1141217
42.9746,6.2774935
192.728,95.59994
0.301895,3.4063835
0.0,2.1141217
4.7028,10.7346
0.154562,7.8789234
0.97247,5.533186
0.0,2.1141217
0.0317417,3.11053
89.6832,48.062916
0.335639,10.851462
2.05754,29.880478
17.9208,7.1052723
19.8766,33.074703
0.0420966,2.1141217
4.52996,2.1141217
0.100224,33.30522
0.0,2.1141217
57.1242,32.161118
6.46963,2.1141217
0.012238,4.3724766
169.204,177.49995
202.176,78.09229
0.0734236,-0.017938256
0.0264548,4.640052
0.0,2.1141217
0.0214958,18.39528
7.52572,2.9284194
0.0,2.1141217
3.84675,3.2658224
0.0973404,19.362984
0.0,13.204291
0.215874,2.1141217
0.0,3.1672752
13.6937,17.612076
8.74577,17.222078
0.0950896,6.2213545
0.979566,27.830551
0.233531,12.502423
0.0,2.1141217
0.0,2.1141217
11.684,10.562799
0.0,2.1141217
4.33664,-1.2167556
0.0850534,2.1141217
0.0,2.1141217
0.875072,-1.8369915
0.0,2.1141217
0.0,0.5771313
0.0,2.1141217
32.1788,8.783349
0.0,2.1141217
0.0246383,2.1141217
26.9514,2.1141217
0.0146014,2.1141217
22.0206,15.729869
181.96,2.1141217
2.50935,2.1141217
14.3227,22.894512
0.0,2.1141217
187.407,76.33068
0.0593236,1.1360853
3.78142,18.060768
0.355491,2.1141217
0.0,16.225918
0.0,2.1141217
2.58875,5.0874777
0.0,2.1141217
6.42352,12.842875
0.0,2.1141217
28.1376,12.335235
0.0,2.1141217
0.0,3.8331416
0.0,0.83258224
33.4603,7.5028963
0.0,2.1141217
0.149905,33.836975
0.0,2.1141217
0.0,2.1141217
0.0192098,19.620708
0.571642,5.772444
0.361016,2.1995237
24.8424,11.451528
0.0,2.1141217
6.2617,2.1141217
6.58449,2.1141217
0.0,2.1141217
0.0,2.1141217
4.3151,17.286629
0.0,14.700516
3.20182,8.113508
0.17867,7.1573524
0.138095,10.424472
21.811,5.6260357
25.7322,2.1141217
0.02025,2.1141217
139.496,8.957945
0.0,1.6960747
0.68252,11.430261
13.1239,14.765896
13.6463,-0.9767976
7.93361,18.89825
14.1483,-6.9687796
0.0,2.1141217
19.1878,23.0625
0.0355736,2.1141217
0.0,2.1141217
12.1094,12.522966
50.3561,42.430813
0.0,0.9093549
1.9201,-0.15538669
8.96462,27.06388
5.84351,26.37127
12.011,2.6910422
1.62318,7.9153833
0.0,2.1141217
19.4241,12.33274
0.0,2.507559
22.0206,15.729869
24.6299,34.21069
0.0673193,6.682251
145.657,85.02947
9.58822,9.567521
23.1255,8.196114
0.322154,0.17223
20.3765,10.640912
0.0,2.1141217
0.0,23.261015
10.6273,13.839597
0.0698491,12.271196
16.9951,26.400661
0.0,12.747003
0.0,2.1141217
0.0,-3.8556898
16.651,6.9716806
0.226598,2.9274552
19.2125,11.167752
0.0,2.0024903
0.534861,9.909786
5.69004,31.899668
0.0,2.1141217
0.0,2.1141217
6.33662,14.897795
0.389173,30.88197
0.782975,0.25689816
3.95256,19.777546
26.1965,23.195505
0.683661,11.551288
4.06974,42.879654
56.1216,36.766586
1672.53,979.53864
44.1261,25.185268
16.5481,27.511162
60.3985,62.8472
0.0,2.1141217
0.0,2.1141217
18.6769,68.462715
59.275,35.798004
0.128932,2.1141217
0.0260972,-2.3194864
76.7189,-20.41233
0.285904,3.3280761
0.0,2.1141217
0.0274204,2.1141217
0.0,2.1141217
0.19443,2.3049543
93.0901,155.81557
0.0,10.759589
2.85747,-6.298641
0.0233739,2.1141217
6.11442,16.755064
24.7117,2.1141217
228.807,35.31593
0.051393,10.640912
0.128276,0.5884633
10.8169,9.909786
2.30486,8.999922
28.5655,14.75936
46.8588,22.226856
0.0,2.1141217
0.00610409,2.3528333
28.3986,21.106653
7.14585,4.917487
0.0,2.1141217
1.49123,2.1141217
0.265995,8.629764
0.55095,1.0165434
3.28324,8.140562
0.0,2.1141217
0.0995542,2.1141217
0.66808,0.40223908
11.1051,7.7098465
5.09901,6.0814238
0.0,2.1141217
3.42946,12.508247
0.0755944,2.8671756
45.9039,54.694447
28.5578,9.725257
0.0,2.1141217
31.5645,8.251821
0.172165,5.4518085
0.0,2.1141217
36.9073,41.494854
0.0265841,2.1141217
5.81057,25.388151
30.4835,2.2513356
0.00691066,2.1141217
0.313107,0.409863
7.38977,4.9915714
2.24119,27.987976
0.0,0.7688017
0.0,4.1615324
0.0,2.1141217
0.0,7.093751
0.0120289,4.707614
0.814287,11.453752
61.3169,51.293804
36.9143,14.88445
9.45225,-1.2070091
16.0255,-1.0446863
29.3585,9.157622
11.3911,32.363533
0.472636,0.001838088
2.29405,9.093595
5.0881,3.9383605
0.148432,14.152888
36.1719,38.79511
0.0256454,2.1141217
3.44763,2.1141217
22.0206,15.729869
0.0,1.0721695
1.92803,18.860195
0.0776316,1.7238653
0.0,2.1141217
137.364,59.4183
1.93666,12.347754
4.98572,9.822929
33.7248,33.223255
0.101224,11.781684
0.0,2.1141217
0.0470759,2.1141217
12.4882,2.5637379
15.6712,31.93972
26.8874,30.53358
18.3982,6.2953568
0.0506962,2.1141217
0.0,2.1141217
0.0,2.1141217
0.0,1.0983262
9.72954,-0.8928628
0.0,2.1141217
4.09223,3.9267251
31.889,21.893522
0.0154189,4.8581104
0.0262574,2.4942183
0.125719,1.1606264
6.83028,32.383827
0.108161,2.1141217
10.0397,2.1141217
11.2349,29.607979
0.0101568,2.1141217
7.16835,7.8144255
0.0949071,2.1141217
89.6832,48.062916
0.0237487,11.490277
9.66222,979.53864
25.1649,8.418391
5.1564,7.477748
0.0,9.180455
3.50103,20.015713
2.13995,35.545757
2.87548,0.49450564
0.099321,18.863464
12.4414,12.649867
0.0,2.1141217
2.02533,15.044358
11.9314,9.694339
41.4786,46.66471
0.0,2.1141217
1.46693,16.043272
4.85934,-7.0194845
0.0,2.1141217
4.18162,11.840631
0.0,2.182158
18.8462,9.618952
0.530209,-2.4328406
0.0,2.674599
2.73699,6.8754387
84.5784,17.5422
4.43307,9.157114
0.143577,2.1141217
0.588017,0.14375496
0.0105662,-0.69649386
0.795791,2.1141217
0.0,-0.5886185
60.5572,23.315998
0.0394029,2.001246
0.0,2.1141217
0.0562069,3.8413146
0.0855931,1.0702248
2.26045,-0.69553995
74.3385,58.945747
0.23815,2.1141217
1.93037,15.290851
20.3765,2.182158
8.19955,22.32145
4.70465,1.7931831
0.0713237,2.1141217
49.2648,20.870726
0.0,2.1141217
8.26423,20.437159
233.507,90.77099
0.0,2.1141217
4.99855,2.1141217
0.0317711,2.3991416
0.0,6.542513
6.86443,9.686059
0.121849,12.7669935
0.0322283,3.1027374
0.0,2.1141217
0.0734416,3.4751265
37.8184,20.010143
0.0,2.1141217
0.878048,19.739477
11.7411,12.287051
0.0,2.1141217
12.9406,9.07431
9.02859,9.039516
0.0,2.1141217
1.05603,37.289772
1.14478,0.5985843
0.0,2.1141217
0.0,2.1141217
0.26033,25.586132
0.0,2.1141217
0.0,2.1141217
0.0,8.699045
7.67293,76.52117
0.0,1.2052763
0.0,2.1141217
0.0261848,19.620708
0.0,2.1141217
0.0,18.860306
17.8586,4.8441076
0.0,2.1141217
46.6668,22.282488
26.4642,14.721429
0.0,18.860306
0.0303929,0.13693142
4.85574,24.678688
0.0,5.676179
0.0,9.724065
0.0,2.1141217
42.5577,19.729332
4.68474,-0.9130306
1.06559,52.391766
0.177288,30.371185
78.91,47.357586
0.0,2.1141217
5.22253,8.12269
69.2914,21.513577
0.0,2.1141217
0.186436,2.1141217
45.9377,35.232307
22.8405,2.1141217
0.0,1.4838111
4.75134,2.1141217
2.57017,-1.95205
5.08053,33.256977
35.2418,23.647852
0.0,2.1141217
7.67293,90.77099
0.0606786,2.1141217
2.08647,12.347754
45.9377,35.232307
5.35623,6.794776
0.0,2.1141217
3.76422,14.184611
0.0,2.1141217
0.0,2.2299297
11.925,13.343078
0.0,-2.634526
1.18369,4.584762
16.643,1.7488718
3.62445,-7.589018
58.1287,15.836788
17.9272,15.513185
0.196991,6.05783
0.0,2.1141217
4.02702,6.4367113
0.033962,2.1141217
36.044,13.455043
18.1224,44.747852
8.22002,28.28669
0.0119285,12.005107
0.0,2.1141217
3.8769,1.9555137
34.1565,25.504826
0.00392943,2.1141217
14.8348,7.557605
0.0214782,1.6614003
97.7892,116.575615
0.0573931,2.1141217
0.00808029,3.5235908
5.29795,3.868088
22.9634,17.410282
0.177711,4.2483196
0.229634,1.5845642
14.6375,7.4730806
1.26098,1.0983262
0.0,2.1141217
33.7824,8.707454
1.03734,1.2297847
0.0,2.1141217
0.0,2.1141217
0.0,2.1141217
17.0759,-2.0156546
20.2291,22.120384
6.51382,20.548103
11.7977,25.5471
3.82681,8.77594
1.19094,2.1141217
1.45654,-2.3197198
19.4241,12.33274
0.188096,3.3438048
0.0,2.1141217
36.1562,1.0605776
2.18594,22.48326
5.52068,-3.9367893
0.890394,2.1141217
8.71047,15.744869
43.2699,35.99499
9.68664,10.584289
0.0978433,2.1141217
14.6375,7.4730806
4.4566,-20.61455
0.227111,2.1141217
20.8655,12.831164
0.662044,7.6127234
0.139281,2.1141217
6.1345,9.825721
32.6296,36.791588
5.41516,14.78301
56.1216,36.766586
0.128932,2.1141217
8005.12,-53.61278
84.5029,38.451973
23.0654,8.983391
31.6466,35.105732
0.0334241,2.1141217
0.0352722,-0.020623684
15.1906,30.559162
3.31331,-4.2015467
0.095025,-0.21265972
0.0,0.7688017
0.0,2.1141217
27.4069,20.97514
11.574,27.946754
0.0988916,-0.42731047
6.91961,18.765705
122.368,56.38516
0.0,1.6842396
26.0107,21.343384
0.0,14.142978
0.0929124,2.1141217
0.0,4.0701766
0.0,14.891013
0.0,2.1141217
233.507,148.90923
11.5815,1.4625089
31.5581,13.503686
0.138812,2.1141217
0.801671,5.5025473
10.5207,6.2516603
0.15257,2.1141217
0.0566512,2.1141217
8.4727,6.5309258
40.5101,12.8448305
0.0,2.405209
23.0388,-3.0098474
10.4861,9.114809
37.4822,32.07098
0.0,7.1052723
0.0,2.1141217
9.9046,41.33076
0.0,2.1141217
45.5749,39.021313
0.797986,-1.8792388
54.8596,58.96626
85.6316,49.313316
0.0,29.371094
60.3985,62.8472
0.569794,-0.31390738
0.0,2.1141217
73.7988,7.979206
25.7777,25.402067
40.8759,11.268407
0.0357039,2.1141217
7.34111,4.761697
7.56531,4.1294327
0.0,2.1141217
8.99935,22.510468
24.01,25.96365
4.91097,4.3674555
29.3384,37.70396
0.0,6.7301035
0.0,14.4763365
7.13458,16.655676
0.106799,2.1141217
22.6392,22.235886
0.0318162,6.8086452
33.357,15.230395
0.300234,19.055916
0.0,2.0024903
7.89957,12.596095
0.0,2.1141217
0.0186084,2.1141217
0.0152311,2.5889707
64.5569,32.060078
0.0,4.865488
5.65579,9.02606
3.298,4.025865
10.4071,25.907602
2.48554,13.627924
0.195212,-5.201524
0.0,2.1141217
9.4149,22.957647
0.0163261,1.5202796
0.0,2.1141217
0.0,1.1667805
0.885176,2.1141217
0.0238568,2.1141217
0.490718,2.1141217
0.0,2.1141217
2.66615,16.507822
0.265272,2.1141217
3.02521,8.801147
7.93361,18.89825
1.80746,0.7349374
2.1598,13.164859
0.0,2.1141217
14.6375,2.1141217
0.0153997,0.7572851
0.0,2.1141217
0.0,2.1141217
7.65274,-5.2352133
26.037,31.22477
17.9337,30.950974
122.832,61.836674
0.0,2.3665888
3.68977,6.2716837
9.31878,11.312515
12.3122,36.22939
0.0,2.1141217
0.148812,1.4200249
0.0226954,4.028777
12.3578,16.102467
0.0,-1.9556873
6.61661,28.388197
3.91661,17.091187
0.661148,13.359735
0.0,2.1141217
63.5438,24.261372
0.251745,11.323427
0.0,2.1141217
0.0,1.6542675
0.620975,2.1141217
0.0443425,61.18591
0.40604,6.3044806
0.0836621,2.1141217
5.8578,7.806711
7.39755,2.4750762
5.90745,23.726202
0.39958,23.166573
9.66222,979.53864
21.9927,22.145355
0.19891,2.1141217
0.318302,2.1141217
0.0507444,2.1141217
0.0,2.1141217
12.5311,50.582424
10.2115,22.33419
11.7336,3.589284
0.0,2.1141217
0.0,2.1141217
13.3249,3.2069316
0.123349,2.1141217
0.0,7.8813066
0.1352,-0.36713457
17.6537,13.817658
0.0,2.4765792
25.3641,11.298175
0.869482,40.949596
0.75264,8.164414
22.9993,15.730353
3.88411,11.713963
5.59409,2.1141217
9.4149,22.957647
8.20516,10.8913555
25.1371,9.7824335
0.191738,2.1141217
12.0573,1.9288018
0.0161194,21.417227
5.61546,13.032371
6.34011,9.2391205
10.7553,9.135575
1.16065,19.581356
0.0195011,4.786478
0.0,2.1141217
68.9289,40.125473
0.0,19.514023
6.39349,17.054342
0.0156715,2.1141217
2.57179,0.9975357
0.0522945,2.1141217
26.9829,15.772093
6.73907,21.0195
119.268,2.1141217
1.61069,9.286931
29.4994,21.303837
0.156968,2.1141217
4.52996,21.284657
206.507,187.50812
8.23375,8.694052
0.0,2.1141217
8.74772,24.145414
4.42223,-39.289333
0.0248524,1.5859475
29.2461,37.31021
11.7182,16.097927
0.0,2.1141217
0.0,2.1141217
17.6764,11.93043
0.0,2.1141217
0.0,2.2632823
7.29843,20.053232
23.1255,8.196114
0.0,2.1141217
0.323139,14.989064
1.603,-8.80868
0.0160634,0.80443263
14.6904,15.620978
0.0,30.858093
0.328576,21.36538
21.2436,16.824078
7.42939,29.253323
0.431812,2.1141217
0.0,2.1141217
0.0,10.640912
13.3919,30.057243
5.06316,7.137396
0.0,20.228436
0.0,2.0953135
0.0,2.1141217
0.271501,66.19367
0.433965,0.48485875
11.3911,32.363533
35.4512,43.11434
26.1965,15.0522585
70.9837,28.317226
4.29596,6.009573
19.8113,13.140037
7.29843,20.053232
0.286679,2.1141217
0.0,2.1141217
0.0677474,2.1141217
0.0,2.1141217
17.8964,22.309351
11.1251,29.704018
0.0,1.3290293
0.0,2.1141217
4.85685,4.034765
1.63293,4.052496
0.0,2.1141217
2.56689,4.469898
0.0,2.1141217
0.00730784,2.1141217
15.0677,4.6678047
0.0647959,29.222528
0.154268,2.1141217
0.0,2.183911
0.0647448,2.1141217
5.30832,4.2006216
74.3385,65.904915
49.3187,23.168228
0.0,3.5639863
0.318429,11.209919
0.693186,2.0136156
64.9969,1.9987109
0.0614976,2.1141217
1.52939,7.7969294
7.42519,11.80709
7.22575,19.110567
0.0,14.920226
0.138812,2.1141217
0.0420718,2.1141217
13.534,31.476637
0.196923,13.060006
2.88541,22.204496
2.10384,-5.20327
0.511384,1.7671654
0.0,2.1141217
7.88268,-4.132309
0.0,2.1141217
8.51378,3.0949957
0.650807,0.52939487
51.6895,15.673907
0.0,-2.4482207
52.9832,13.204291
0.355212,-0.58189034
0.0,2.1141217
12.3578,16.102467
89.6832,73.37112
96.6188,56.292416
0.0,2.1141217
0.740986,2.1141217
20.6573,30.94889
26.2724,19.620708
30.2705,11.000648
17.2499,12.885094
0.0,2.1141217
0.0,2.1141217
0.160392,13.627924
30.0261,17.233473
4.27785,42.906757
1.80628,15.073131
86.786,44.5184
10.5207,8.340164
0.0,2.1141217
1.51571,4.39907
16.6565,12.398442
0.26397,24.839499
0.0372422,3.2862854
0.0,24.720905
0.05699,2.1141217
0.0,2.1141217
17.2556,18.042282
0.0243294,3.0095828
0.0296009,2.1141217
0.0,-1.1603291
0.0,2.1141217
0.380248,1.6621363
0.0,4.39233
0.0767444,0.4273628
6.328,26.658028
0.131985,2.1558995
26.5434,18.898935
62.6577,14.753797
0.0,1.8451927
16.3086,14.380448
0.0228214,2.1141217
9.4149,22.957647
0.0,2.1141217
16.2717,16.158022
0.0,2.1141217
7.38977,4.9915714
1.13365,2.1141217
92.574,41.06501
8.90259,11.944511
23.569,21.365574
8.52971,32.63712
0.0,2.1141217
0.0,2.1141217
0.741189,16.684555
0.0,2.1141217
27.8376,-7.4027567
0.115911,1.7221329
2.89538,36.727547
14.0998,29.921043
0.293445,19.84235
0.171019,19.403263
30.345,13.500933
55.8569,5.125725
0.0,2.1141217
28.7411,7.857871
2.02652,12.43255
19.4241,12.33274
19.1377,2.1141217
16.4448,21.654411
0.216379,11.335125
2.36245,4.98724
0.93952,2.1141217
0.517011,13.460553
0.0,1.2715867
7.14585,4.917487
0.0,39.09057
0.0,2.1141217
17.1791,8.001189
11.5285,10.139628
0.0219642,11.669469
0.31996,9.898188
7.87027,2.1141217
275.728,40.176647
17.7654,11.211113
0.0105002,2.1141217
0.0663601,2.1750813
0.0,2.1141217
0.0163261,1.5202796
1.55914,25.588684
15.4143,12.880393
0.0,1.5094061
5.31905,9.185401
0.0490229,2.1141217
55.234,9.920861
11.1251,29.704018
0.0244684,2.1141217
0.0,5.466859
0.0,1.7762794
44.8206,9.990071
9.41787,23.069576
0.0,2.1141217
6.34268,2.1141217
49.3187,27.995983
0.0,2.1141217
0.0,2.1141217
0.0,2.1141217
0.0275588,2.0401828
0.0,2.1141217
1.47888,0.82010317
6.94088,40.224796
0.205377,5.4409432
0.339008,16.097927
0.0,2.1141217
307.122,89.40211
0.0,2.4885733
17.8305,33.314644
0.0336164,8.099043
1.22285,5.7746077
0.196355,4.5804896
0.0,2.1141217
65.8736,28.888218
0.0,2.1141217
0.875072,10.1774645
0.0,2.1141217
4.33623,10.294889
25.3641,11.298175
0.0,2.1141217
0.0261468,2.1141217
4.549,5.526293
0.232573,7.8813066
23.5057,21.816422
0.0,2.1141217
0.0,15.343149
27.0281,26.093649
0.0,2.1141217
47.8693,8.289624
0.0,-1.6692028
8.60132,2.6278703
0.222996,25.706093
1.29427,2.1141217
2.06211,2.258166
0.167349,1.686626
0.0,2.1141217
15.801,23.429974
60.3985,62.8472
0.0,2.1141217
0.0180262,5.6675987
38.012,12.836405
0.403338,0.24238682
16.4925,17.136702
6.71538,20.460121
45.4482,14.968068
2.90771,7.3436146
0.918818,1.6589038
0.234346,2.1141217
10.3114,13.987545
9.56222,1.9967446
0.0,2.1141217
0.0,32.566517
46.6668,22.282488
0.277327,6.2934256
0.0,2.1141217
0.243125,2.1141217
12.2701,3.5392358
7.03976,2.1141217
0.0211065,2.1141217
20.6152,10.869063
0.0,2.1141217
0.241438,8.103632
0.0,2.1141217
13.5935,39.109245
51.3322,13.412292
19.0874,3.1964238
27.1771,31.219501
0.0,2.1141217
24.3914,2.792853
7.25476,19.24958
0.0,2.1141217
751.657,466.97546
4.16915,22.320343
0.0,2.1141217
122.368,56.38516
19.0755,38.358242
237.319,238.49196
11.9068,1.8564045
4.98238,15.489123
7.62724,15.151774
27.0553,19.931961
0.00832832,2.1141217
0.0363331,2.1141217
4.36358,23.800816
0.0,7.477748
0.0490445,2.1141217
5.52068,-3.9367893
0.0,2.1141217
0.0,0.7688017
0.0,2.1141217
77.4221,8.60874
0.178451,2.1141217
4.22201,10.091945
0.129307,2.1141217
3.71149,4.3787603
20.1384,3.8081915
80.1346,2.1141217
1.67337,4.1504097
73.4181,92.75944
14.3224,3.8547902
12.2817,29.238087
30.096,8.398388
0.044806,4.31981
35.0216,34.536022
20.089,2.1141217
0.518322,14.82258
34.3512,10.988688
48.6134,2.1141217
76.231,4.574724
0.0,2.1141217
2.47544,2.1141217
0.0170318,2.1141217
0.0,2.1141217
26.6879,25.991167
1.06208,7.287857
15.5808,7.3520536
11.3911,32.363533
1.20083,4.4467125
0.0621603,6.9578114
77.4792,47.29542
0.0,3.2658224
36.044,13.455043
0.743053,-3.8556898
0.0,2.1141217
0.0,2.1141217
6.21952,2.1141217
6.4306,14.482241
0.285632,2.1141217
0.0,2.1141217
14.6555,33.696865
5.38749,-2.4814622
0.620218,17.895067
2.90635,37.40704
0.0,2.1141217
0.0729982,2.1141217
0.0285757,0.5431371
23.5057,21.816422
0.0,2.1141217
0.0,2.1141217
1.60828,7.3066072
22.4149,5.7925005
112.365,113.04106
0.124658,2.1141217
0.0,2.1141217
0.0,1.4838111
0.0718349,2.1141217
0.0,4.5195227
0.0,4.6370735
1.66765,21.590876
0.0,2.1141217
14.7008,6.370822
20.7926,7.6101017
4.0694,2.6492279
0.0,6.3292227
17.5554,49.313316
6.71538,20.460121
0.0,2.1141217
7.59372,69.793015
1.7845,1.7481761
0.535877,28.17271
0.0,2.1141217
0.0,2.1141217
0.0,2.1141217
0.0,-1.6444747
22.4628,2.1141217
1.90294,15.560031
8.4627,8.969569
0.0456051,1.800092
96.4716,47.46628
20.1295,1.9719915
0.314698,14.523519
3.82681,8.77594
0.0,-0.35804868
6.32027,6.5035286
5.20674,20.988348
10.2132,38.344707
0.196991,1.0043492
0.0,2.1141217
0.349096,2.1141217
0.0,2.1141217
1.74816,1.0747733
0.0,2.1141217
0.72045,11.347529
0.0276185,0.4670794
3.10325,73.42004
0.0,5.0971823
27.6502,10.467694
47.6788,14.586855
23.569,21.365574
3.1273,9.765088
0.0,1.527014
0.0285757,7.315551
7.54229,14.4763365
46.7864,24.695724
0.635897,6.125622
7.53909,-6.1335115
7.71256,16.547066
0.0481385,11.404849
0.699727,8.888712
12.5545,8.085171
0.0,2.1141217
0.421199,2.1141217
0.0222064,2.1141217
5.45051,-5.825159
1.28417,1.3641536
0.0,2.1141217
6.81054,7.2682743
3.31365,5.141102
10.8713,2.0510108
0.0,2.1141217
0.234416,2.1141217
9.43938,20.402336
8.43844,9.326533
0.142361,2.1141217
5.52068,-3.9367893
0.0,2.1141217
0.0,2.1141217
0.153628,2.4678602
7.17645,46.78526
0.0,34.263794
24.2314,17.690845
8.61474,22.044437
1.37012,2.1141217
0.0,2.1141217
7.67185,-1.6246097
23.9047,19.490131
60.3985,62.8472
0.0649161,23.72483
0.0,13.27768
28.1376,12.335235
4.39025,7.533578
6.04303,5.3453445
7.1303,13.804632
0.0179047,4.7071433
1.31759,11.335125
0.0,2.1141217
7.11185,10.846306
82.7146,17.930685
28.7411,7.857871
0.0,2.1141217
2.24531,2.686831
12.011,2.6910422
31.889,21.893522
40.4184,35.834545
0.0,4.6370735
11.7977,25.5471
181.567,72.230385
0.181888,4.2609305
0.0357071,-1.3076849
0.0,-2.634526
18.2872,2.6174242
0.0230806,2.1141217
23.8569,23.430515
2.29766,34.152134
0.0120289,4.707614
6.58302,2.1141217
6.87894,24.799393
231.91,160.6479
19.4359,6.7118435
1.55502,3.8391938
0.026748,2.1141217
39.8775,15.79142
5.64967,14.811035
0.0,3.2225401
39.9955,1.9288018
27.3583,4.70529
63.6629,27.280706
2.52886,16.77366
25.8726,29.880478
8.24252,15.425185
0.0,18.860306
0.0190806,1.3515141
0.0263778,2.1141217
0.0362889,2.1141217
0.0,2.1141217
0.0,2.1141217
2.91906,11.051726
1.06258,2.6407218
0.0,-0.37912273
12.3122,12.197191
15.8812,13.26199
7.51521,11.975186
238.567,181.05447
0.802017,1.923887
0.571642,5.772444
38.704,7.384486
0.0,2.1141217
0.0295007,0.9552944
2.9242,2.9824584
22.3011,21.260221
0.0294072,4.6141148
2.24119,5.6576395
6.33957,25.435575
0.0290253,2.146422
0.228935,9.463401
177.36,178.38622
60.559,23.267511
10.5476,19.049995
24.5863,0.69926
0.0973958,2.1141217
0.430817,1.4087701
0.0,1.4146025
27.4685,15.871144
0.222726,16.58432
0.0573931,2.1141217
0.0222586,2.1141217
1.78228,5.6718063
0.0,2.6186304
22.0206,15.729869
146.584,140.18408
135.162,33.093777
1.59871,10.498689
9.7083,19.116264
49.2648,24.123367
35.6083,9.452274
3.29546,3.7885969
11.104,13.480784
13.6702,25.858809
0.0,2.1141217
0.0444804,1.1050446
0.0799573,2.1141217
2.36522,9.898188
0.234005,1.8119814
1.16603,14.1590605
7.30838,20.630749
80.9437,26.666275
0.0,2.1141217
1.12501,5.6736784
0.0,2.1141217
11.4504,7.755352
173.897,55.335625
11.0977,-1.3001394
4.11487,2.1141217
0.0,2.1141217
0.0174285,-0.7827468
0.0,-2.634526
0.152526,2.1141217
0.0,2.1141217
0.0,2.1141217
0.0,2.1141217
0.0261254,2.1141217
0.0,43.03889
0.0,2.1141217
0.0,2.1558995
0.0,2.1141217
9.27328,15.120776
0.0,7.2248926
6.51382,15.140662
39.8531,14.91034
0.0186963,2.1141217
4.68681,7.7477713
23.0829,2.3348918
20.6721,3.4162571
0.044806,4.31981
0.0,15.492502
0.160502,24.225487
17.5005,2.1141217
0.8503,6.0562143
8.30396,22.658602
7.88268,12.572993
0.0,2.1141217
0.951593,4.217827
0.00929197,2.1141217
500.572,47.51804
0.0,10.0767145
0.232937,-1.9472091
0.0,1.4018979
0.0,2.1141217
7.67703,43.732777
0.0,2.1141217
1.5047,9.436274
0.0,3.694677
0.0,1.0792375
20.3765,2.182158
0.0,2.1141217
16.2511,15.488265
0.683661,11.551288
0.0,2.1141217
1.603,-8.80868
0.00788695,10.908929
0.0,2.1141217
0.0422013,-4.7733746
0.389396,6.30385
14.7039,46.216053
76.2633,47.738712
9.4149,22.957647
97.5563,56.86553
0.0,2.1141217
0.0,2.1141217
0.0,2.1141217
0.0,2.1141217
0.134373,0.12338662
0.0,1.255852
53.2938,37.033314
0.0,2.1141217
3.68239,3.0835638
53.3411,23.261015
0.0,2.1141217
15.8554,22.669266
0.0776316,1.7238653
17.0383,13.449593
0.5899,9.898188
0.0,2.1141217
9.37391,25.269358
22.0206,15.729869
22.0206,15.729869
0.0,2.1141217
0.0,2.1141217
16.4925,17.136702
70.6236,60.977932
0.022369,1.762151
7.56916,-1.4024279
0.0734416,3.4751265
0.0610322,2.1141217
0.0217999,2.1141217
0.0621185,2.409569
2.30078,-1.3015602
11.8289,16.652084
11.9097,8.261537
0.0541491,2.1141217
1.06288,11.66393
9.47558,20.337944
0.0,2.1141217
0.926497,5.268491
54.3436,21.21178
23.6853,23.14975
0.0,2.1141217
0.0,-2.634526
28.8454,57.775314
0.0,4.093458
0.26033,25.586132
0.0,-2.634526
0.137336,1.4789488
0.0,2.1141217
0.148443,2.1141217
5.47233,12.512979
4.21751,4.613679
0.00779217,2.1141217
8.32326,30.439604
0.368738,9.499555
0.269418,2.1141217
17.2763,23.943954
0.0,-1.6444747
0.0210097,2.4189157
0.0222586,2.1141217
170.727,86.26467
0.0303503,2.1141217
0.0489275,148.75148
0.0,2.1141217
0.181888,4.2609305
3.3563,18.886417
12.6931,15.371577
13.6965,24.25099
0.111079,2.0371778
0.0,2.1141217
0.0,0.56621695
6.70289,10.827845
0.242017,1.3570955
0.0,2.1141217
0.056775,2.2299297
19.0755,38.358242
3.62445,-7.589018
57.9345,18.53814
0.0257964,2.9681976
0.0,2.1141217
0.141624,1.4594543
0.0837063,2.1141217
27.6598,27.553856
20.6263,25.61792
28.7765,2.1141217
23.5057,21.816422
0.0415193,2.1141217
11.2831,12.525912
4.52907,19.029829
0.0320994,41.80423
4.42593,10.106084
20.9074,22.3498
0.0,10.640912
7.70039,45.807796
0.0,2.1141217
0.0,2.64883
20.4143,32.614113
0.259034,15.893312
0.0,2.1141217
16.651,12.5795355
0.0,2.1141217
6.01968,2.9374254
0.839133,0.82010317
0.0470516,2.1141217
17.7734,7.256568
0.715985,11.431325
12.3578,16.102467
0.030959,1.0118318
1.4993,15.039185
1.30596,2.1141217
54.8596,58.96626
2.54224,5.6706495
0.051393,12.939656
1.55944,20.548103
0.0115644,2.1141217
0.0270653,1.8124747
0.257871,2.1141217
10.9428,13.965192
0.0735366,2.1141217
1.24448,6.76357
6.70406,19.415262
0.0355344,23.961075
27.4184,19.818373
2.64048,2.5237453
3.8158,19.48229
18.7132,4.9870405
0.0,1.2052763
2.46095,2.1141217
0.0,2.1141217
20.2765,24.119934
0.051393,12.939656
0.0,2.1141217
0.128932,2.1141217
14.9119,13.114638
11.0977,-1.3001394
4.54029,23.752392
0.319336,8.554059
37.1141,31.292416
0.0,2.1141217
27.1771,31.219501
3.74162,1.2334211
10.6178,16.72379
0.0,2.1141217
10.6332,14.513859
35.6083,9.452274
5.72192,0.6234927
37.4822,32.07098
19.1213,19.945032
22.2847,9.6988125
25.7377,46.561188
6.08398,28.95123
0.0,2.1141217
0.546353,2.1141217
1.55502,3.8391938
0.0,-0.25156605
26.1965,15.0522585
0.116024,0.5834062
0.0,2.545734
6.30256,16.475267
0.0647448,2.1141217
2.95917,5.8945866
19.8674,11.453752
1.67766,2.0624616
31.889,21.893522
0.0,-1.6444747
0.0,16.225918
0.115261,1.8931282
36.0506,27.563217
0.0,2.1141217
0.0,2.1141217
14.0998,23.998009
11.6645,-4.484084
0.0,2.1141217
27.9481,19.080906
6.77058,77.927216
0.0416263,30.057243
4.0694,2.6492279
0.0,1.2340183
148.964,50.53658
0.019213,2.1141217
42.0126,19.173063
2.38072,-3.3975122
0.196991,6.05783
5.00489,-2.0285187
128.763,102.9359
9.68664,10.584289
12.3578,16.102467
1.88022,-0.04589057
0.0,2.1141217
35.7755,7.35075
0.0,-8.3071375
119.708,57.576748
0.0,2.1141217
0.0263327,2.1141217
40.8759,11.268407
0.0,2.1141217
0.0,-2.634526
0.0,-1.2776003
0.432429,-2.4955413
0.0,2.1141217
9.45517,24.905373
0.0,2.1141217
0.0,-0.6234565
34.9534,2.1141217
19.6008,4.4281616
10.0159,-1.9187844
0.0,2.1141217
0.246802,2.1141217
22.9901,6.196266
0.198607,4.2723
0.0370426,0.56575775
0.535937,2.1141217
0.101786,2.1141217
46.6668,22.282488
139.496,8.957945
0.0,2.1141217
11.6114,20.631374
4.61967,37.742016
0.568928,2.1141217
0.0194222,2.1141217
10.919,12.090957
5.31905,0.7524822
0.0,1.4458632
0.0362889,2.1141217
54.8596,58.96626
0.0,2.1141217
15.4758,20.709417
13.5817,2.6442068
0.0,4.9394712
14.4598,6.654891
9.0311,11.860008
0.0101776,2.1141217
24.7746,19.620708
9.67158,27.853107
0.125561,2.1141217
0.0,2.1141217
7.38977,4.9915714
7.62417,19.39312
0.0,2.1141217
0.0,2.1141217
3.42381,26.674381
0.0,2.862153
0.0,-0.21920466
0.0,2.1141217
12.4882,2.5637379
0.0889348,2.1141217
0.0503724,-0.69649386
5.27784,2.1141217
5.52068,-3.9367893
27.3849,46.65481
0.0,2.1141217
37.5398,25.54396
10.4902,12.524528
0.0,3.0768182
0.0487963,2.6314697
10.5353,5.61464
3.33781,18.987898
10.919,12.090957
0.16748,6.8086452
3.9313,10.324509
0.0566512,2.1141217
0.493111,2.1141217
66.0095,23.6217
0.0310379,2.1141217
0.0203818,5.9494705
2.37526,14.825624
0.97247,8.290948
7.38977,4.9915714
9.40349,26.052723
15.4005,13.974721
16.5429,7.025364
0.0,15.512364
0.0,2.1141217
715.187,290.62772
64.6435,44.61304
0.0,-2.0053287
0.0,2.1141217
0.0,0.5771313
0.0,2.1141217
0.0,2.1141217
25.0313,8.3933525
19.633,20.23693
0.177288,30.371185
0.744356,2.1141217
0.0,2.1141217
0.100638,2.1141217
2.53132,8.190554
0.0,2.1141217
0.0,4.3936477
0.0651201,2.1141217
22.0206,20.53613
24.7053,18.051956
279.087,151.90787
204.381,74.672615
0.05784,1.7167962
7.72727,12.537587
0.0789607,3.3948727
0.0273185,1.2800832
9.86318,17.832855
0.0734416,3.4751265
11.8528,4.907028
6.58066,13.966818
0.0733279,1.6033592
0.136691,-0.97088885
60.042,40.817997
3.99422,18.298214
1.69382,21.250355
30.096,8.398388
0.0,2.1141217
0.0,2.1141217
0.0,2.1141217
1.84446,10.531676
4.80848,12.391461
67.8708,2.1141217
0.131378,11.778909
795.558,436.25836
0.00453811,2.2990296
0.0,2.1141217
0.0757449,1.7238653
5.21572,12.330021
10.9533,31.019854
65.7671,3.1887188
22.4149,5.7925005
35.0216,34.536022
3.02366,6.55455
1.84812,2.1141217
0.0,2.1141217
0.0,2.1141217
0.0921453,0.8200009
12.9887,1.9707439
0.0570477,2.1141217
4.23574,12.485673
0.0,3.2658224
0.0407804,1.5779035
10.8169,9.909786
14.2404,1.0983262
0.0,2.1141217
28.1376,12.335235
4.2116,2.7857766
0.0,2.4253397
0.0,2.1141217
17.4509,14.543107
0.177061,46.92093
17.8849,1.1711433
0.054923,2.1141217
0.0,2.1141217
0.0,-5.8510265
0.0131487,2.1141217
5.89798,-1.6842844
23.569,21.365574
0.0,2.1141217
0.0,2.1141217
0.0,1.7699025
0.0609078,1.4173002
20.1595,23.405788
0.0,4.860505
14.591,24.173082
19.0584,6.015751
4.20724,8.661143
0.0,2.1141217
0.0,2.1141217
47.5559,18.706997
0.172357,2.1141217
3.07933,25.246609
0.0,2.1141217
0.0,2.1141217
0.0,2.1141217
19.0443,32.115993
6.18577,2.1141217
3.33781,18.987898
0.0289529,2.1141217
7.75693,3.5992248
0.0,2.1141217
0.2253,-39.289333
4.25521,21.096123
0.235774,2.1141217
4.11609,2.8657358
0.0,2.1141217
0.402087,1.1069005
22.0206,15.729869
0.0132778,-0.89207363
0.0468538,61.18591
0.0199723,2.1141217
4.92304,8.295052
32.9177,24.73531
0.080121,2.1141217
8.58346,41.835133
31.889,21.893522
72.1635,29.349716
0.287353,2.1141217
0.0,2.1141217
7.88806,2.1141217
14.4061,12.142469
0.0,4.234442
54.8596,58.96626
12.5184,2.1722057
0.0,2.1141217
6.18577,13.869979
25.2146,43.155144
21.4696,40.645058
0.443035,9.349525
0.916067,22.650017
95.5694,46.040302
0.379858,29.292225
1.98213,13.897782
51.2472,69.18101
0.0,2.1141217
8.76341,5.309883
12.3122,12.197191
1.24448,17.721863
21.7949,7.363964
0.0687819,2.1141217
74.3385,65.904915
0.0,2.1141217
23.3864,5.6360207
0.0,2.1141217
1.84488,13.321244
0.0105764,2.1141217
22.0206,15.729869
0.0,2.1141217
0.0661547,0.55793357
4.39634,0.10518193
0.0,2.1141217
0.0631291,1.8458757
0.38112,-0.9027033
6.31848,5.423787
0.0,7.8813066
10.9544,6.3844204
0.0212344,2.1141217
6.61661,28.388197
31.8821,41.984615
0.128932,2.1141217
0.111079,2.0371778
0.0,6.497467
0.0,1.7488718
32.9818,6.7275257
0.949409,2.1141217
1.04456,2.364344
14.6555,33.696865
0.0,2.1141217
5.24318,4.4907503
0.0,1.9134045
7.13458,16.655676
1.80628,15.073131
23.1255,8.196114
0.0,2.1141217
0.96875,19.26241
0.0,-1.5855246
0.0217999,2.1141217
0.00328886,2.1141217
86.0005,27.726288
7.96072,-1.9187844
28.1538,14.989511
0.200882,15.821267
31.6466,35.105732
34.4245,30.461222
0.0,2.1141217
18.8186,4.9266214
0.0,2.4148016
0.0,2.1141217
3.62445,-7.589018
19.3857,12.836405
22.0206,15.729869
0.0,2.1141217
0.0,2.1141217
25.8108,42.32584
18.5812,20.228436
0.0261254,2.1141217
32.5872,21.096123
0.0,2.1141217
0.0,2.1141217
0.0,2.1141217
8.80649,7.220104
5.52068,-3.9367893
0.02025,2.1141217
16.4448,21.654411
1672.53,979.53864
0.0,1.64979
0.692599,10.59468
0.620975,2.1141217
2.01911,8.171075
1220.51,520.5881
20.4442,10.388556
0.0852025,1.9372029
3.23535,1.8921926
25.5413,31.805878
0.695473,5.651844
15.0913,38.378628
4.14783,15.053646
0.28881,-1.9472091
20.3765,0.29744983
0.0,2.1141217
85.6316,49.313316
0.0200258,3.7920587
0.0,2.1141217
194.673,58.386227
0.0,2.1141217
0.0866043,4.210681
5.78529,36.91121
8.51378,3.0949957
0.0,2.1141217
0.339008,16.097927
0.0506756,2.1141217
2.28143,20.25443
14.6375,2.1141217
123.482,133.57274
46.5089,17.502953
0.0,2.1141217
5.16,16.12527
21.6066,14.919477
0.0968266,-0.49140906
0.0218479,2.1141217
0.0,-2.8070405
0.0,2.1141217
0.0,1.6443105
4.71807,-2.9428856
103.316,38.344707
0.0,4.5804896
16.4448,21.654411
2.48554,13.627924
0.0339982,9.898188
0.0,-29.002003
0.0,2.1141217
4.48616,10.707809
3.51197,12.045508
14.6375,7.4730806
15.4143,12.880393
0.123055,2.1141217
0.0,2.1141217
0.335708,6.7990828
0.0,-0.58544993
0.0147185,2.1141217
0.0,2.1141217
0.0,2.1141217
0.0,2.1141217
9.93782,-1.7465196
0.0,2.1141217
0.0930758,3.6179678
2.64494,17.297646
7.15691,-2.495454
1.96006,19.400896
6.33662,14.897795
160.211,25.896194
0.110217,2.1141217
20.073,33.111137
54.6051,1.2447252
0.534861,9.909786
10.8847,5.347686
69.8285,29.371094
0.0,7.4273777
0.0,2.1141217
38.5285,38.820187
0.0,2.1141217
7.72854,4.444975
0.0,2.1141217
9.31878,11.312515
0.0,2.1141217
0.0,1.624713
0.0,12.053571
0.138812,2.1141217
7.56531,4.1294327
5.07773,22.067415
0.389651,7.290594
0.0,24.455345
23.5138,12.895858
17.4759,10.714571
2.1075,4.710561
7.62233,42.58488
0.153703,2.1141217
0.0,2.1141217
46.7275,3.6867049
0.0,2.1141217
38.0313,17.998224
72.8354,35.39832
0.059642,2.1141217
0.0,0.034191847
119.708,45.09306
0.372626,1.6281524
49.0464,9.559688
8.26953,14.980666
0.0,2.1141217
0.600308,1.0395103
9.83226,24.155415
2.87811,0.59498954
0.0,2.1141217
37.3251,22.86554
2.02329,18.77942
0.0,2.1141217
0.0,2.1141217
0.0,2.1141217
0.0,2.1141217
30.4107,-2.5133889
10.6271,18.186256
21.8819,20.460121
10.5139,1.1682589
12.1479,2.0952313
0.349537,0.3227235
55.5987,34.54204
20.6573,30.94889
17.6053,16.301317
0.0,2.1141217
3.50103,20.015713
12.3578,16.102467
4.19899,12.436517
0.123116,1.5896633
1.67192,-2.7970178
0.047893,2.1141217
75.0053,80.90812
0.0,2.1141217
10.5992,1.3384106
2.66844,10.618019
17.542,30.793034
6.68511,18.000711
0.0424993,2.1141217
0.0,1.7916574
12.6388,20.506859
0.0,2.6650019
0.026748,2.1141217
0.0633624,10.488999
0.214822,7.198861
0.0,2.1141217
0.0,2.1141217
8.51378,3.0949957
0.0,2.1141217
0.0,2.1141217
0.449599,1.0023096
0.0,2.1141217
28.6632,2.1141217
35.0216,34.536022
0.0,3.2865114
48.1856,16.167446
21.276,56.50967
91.8889,14.929069
31.889,21.893522
0.24238,14.908818
0.0461028,2.1141217
11.925,13.343078
0.0,17.34638
5.1564,7.477748
0.0,2.1141217
0.0289529,2.1141217
0.0,2.1141217
0.00938709,2.1141217
0.0,-1.9472091
0.111079,2.0371778
5.34605,2.91936
25.0313,8.3933525
1.81632,5.216484
0.0,0.32187057
0.350691,2.1141217
6.91163,32.685486
10.9036,25.392908
0.0,2.1141217
0.0,3.2865114
10.2142,8.171075
10.4322,38.53622
0.0161967,2.1141217
57.9345,18.53814
0.0,2.1141217
6.17769,22.157505
0.0,2.1141217
31.6466,35.105732
0.0,2.1141217
16.5047,17.19666
0.0152709,2.1141217
18.727,16.039366
1.04575,4.9394712
0.0,2.1141217
5.90059,6.4010057
6.3749,8.003216
13.3042,15.073131
0.229242,2.1141217
0.0,0.29086542
0.0620864,0.59048367
0.0,2.1141217
21.5146,16.321802
0.0,2.1141217
0.0,2.1141217
3.41662,9.161806
8.60295,13.466214
0.530209,-2.4328406
0.0,4.860505
10.7566,109.494774
0.0,2.1141217
0.0,2.1141217
0.454176,2.1141217
0.0131872,2.924507
42.2534,32.606434
2.9901,2.0298798
10.5992,1.3384106
0.0,14.869777
18.5812,20.228436
0.0317711,2.3991416
51.9438,17.58857
7.28997,12.212889
0.0,2.1141217
0.0,2.1141217
0.0,2.1141217
13.3781,9.791596
0.0,2.1141217
0.0756156,2.1141217
0.102478,2.1141217
0.0,-2.9733608
0.0,2.1141217
45.9377,35.232307
0.0,2.7738788
5.72192,0.6234927
0.0,0.82010317
0.0,2.1141217
1.23614,22.434353
169.985,227.57024
0.0939695,2.1141217
35.0354,3.788635
0.0,2.1141217
11.925,13.343078
19.3196,10.028743
12.0132,12.080376
19.5991,37.51185
0.0,2.1141217
0.0,2.1141217
0.0,-0.28989935
4.54892,21.856894
26.8688,5.3736086
0.0647959,-13.9963875
0.0,2.1141217
11.2349,29.607979
1.83627,7.546157
11.715,20.789295
0.187298,12.032062
11.3911,19.992884
0.608981,-0.84740734
0.125553,2.1141217
115.406,39.465214
16.7626,17.810225
0.0,2.1141217
89.3986,47.49535
4.87224,27.827469
0.0,2.1141217
0.0,2.1141217
0.541685,0.30199766
75.4415,18.622229
0.0,2.1141217
0.0,2.1141217
0.0,2.1141217
2.66615,16.507822
26.7934,1.2846968
7.58468,29.287754
10.5992,1.3384106
5.647,2.1141217
0.031047,-3.115698
0.0,2.1141217
6.02408,19.52861
0.02025,2.1141217
0.0235682,2.1141217
10.0159,-1.9187844
0.0,2.1141217
0.580479,-0.9190924
0.0879474,19.26241
0.131985,2.363513
0.0,2.1141217
101.15,50.40876
30.4107,-2.5133889
17.5005,9.255119
6.58084,25.169357
3.42946,12.508247
23.8569,23.430515
19.3196,10.028743
1.21113,0.35352492
0.0548003,3.5543869
4.64168,7.5462065
20.1125,14.640323
0.00483917,2.5291505
10.7009,20.245075
0.0,2.1141217
1.67192,-2.7970178
0.0,7.834898
0.0,2.1141217
0.0,2.1141217
13.2992,11.3947735
8.53334,30.93951
22.9447,19.21511
2.54224,5.6706495
0.00472057,2.1141217
0.143528,0.83723664
34.8729,19.788597
3.45172,0.9115877
0.0365124,2.1141217
0.0658842,3.0666413
0.0,2.1141217
0.224466,2.1666377
1.32143,22.897148
15.1906,30.559162
53.9315,32.583023
4.06813,15.620978
6.71487,-4.015747
21.8819,20.460121
0.0,3.3880484
0.0257964,2.9681976
51.8625,26.225563
0.150812,2.1141217
8.36011,0.32566
21.2297,3.3277707
1.21027,2.1141217
0.0336373,1.5184915
0.0,2.1141217
0.0131872,2.924507
5.52068,-3.9367893
26.037,31.22477
0.0300559,-0.85107183
0.0,2.738069
0.0132588,2.1141217
78.2679,2.1141217
23.8144,3.2605584
0.512229,41.8313
0.914182,8.295052
0.0,2.1141217
4.26189,-46.32639
5.22253,-0.2022171
34.1317,47.019352
0.0,-0.17613196
0.22173,5.809455
1.81158,4.167307
0.0,2.1141217
7.28997,12.212889
6.17503,12.30139
0.0,2.1141217
3.84675,3.2658224
31.287,24.253048
0.0,2.1141217
0.148432,14.152888
0.571642,5.772444
27.9333,36.879433
16.651,6.9716806
0.0,2.1141217
0.0,2.1141217
24.7117,-7.1797295
0.0932878,2.1141217
9.24237,13.465081
34.9927,19.883709
86.8072,76.7269
0.0174018,2.1141217
0.0,2.1141217
7.58157,6.7740498
0.0,2.1141217
0.0,2.630879
16.8529,22.322918
0.0958142,2.1141217
0.0844658,2.1141217
8.78718,8.207854
6.81054,7.2682743
0.0,2.1141217
0.0,-1.9472091
6.17961,8.593481
0.0179047,4.7071433
0.0377429,18.727428
0.816466,48.442356
0.0210097,0.081269264
0.0722183,2.1141217
38.0233,26.982023
5.8476,27.103964
0.0,2.1141217
0.0179047,4.7071433
24.0281,100.88558
0.100648,1.1859713
0.0,2.1141217
0.0,4.9394712
0.0,2.1141217
1.02611,5.5100713
0.0,2.1141217
0.158853,-4.40853
60.282,10.827845
1.55777,17.894262
0.0,-5.3159494
44.4403,25.351534
25.6693,22.993809
81.5749,31.816353
22.0206,15.729869
22.0206,15.729869
28.2973,18.637728
6.49102,16.44069
71.0243,83.96317
0.0,0.29086542
0.0505051,2.1141217
17.241,5.3885
0.0,0.866312
0.0,-0.2840159
0.0,1.0753522
0.0,1.4902458
5.65247,5.459115
16.3663,1.8892715
0.0,12.282547
6.34684,3.1650782
10.411,11.430261
16.4165,8.888712
21.9927,22.145355
0.0,2.1141217
0.250134,4.861884
24.7117,23.827044
0.0323811,7.968055
140.312,150.66098
43.2699,35.99499
0.0,2.1141217
0.0,2.1141217
86.3551,75.20783
0.0367926,21.513577
73.3151,51.266453
8.51378,3.0949957
6.33662,2.1141217
5.34906,2.1141217
0.0,7.308421
7.64598,13.054744
7.48506,1.0859191
0.0,2.1141217
0.0490979,2.1141217
4.549,5.526293
8.67667,21.128986
2.05356,2.1141217
3.60176,2.6940408
12.012,33.79054
0.180957,-0.7668507
0.0105662,1.3923142
23.5333,16.551046
0.0,16.557558
0.235814,24.839499
0.0,1.4961584
12.7752,23.300926
0.0209403,2.1141217
5.78663,3.5001225
0.0359843,2.1141217
38.4211,35.564785
0.0554498,2.1141217
0.173196,3.621923
0.0251359,2.1141217
1.34825,10.976277
0.0,2.1141217
28.3832,35.365227
0.0,0.24352527
21.9108,36.581593
21.6632,20.20451
0.0,2.1141217
20.7403,2.1141217
38.21,4.4360676
60.4931,17.306025
0.0,2.1141217
18.2572,15.290307
12.7252,12.024989
13.1672,25.465168
4.99998,14.11079
0.0,-3.0832736
52.2404,19.97969
78.4003,32.064777
3.81813,8.837474
0.0,2.1141217
4.87503,7.568885
0.051393,10.640912
0.0,2.1141217
46.8276,35.20047
89.6832,48.062916
0.0,0.8543918
0.0,2.1141217
0.0930992,2.1141217
1.48575,9.647885
13.1349,4.702815
5.97234,13.948318
0.0,8.615007
71.0243,83.96317
66.0095,23.6217
0.0,2.1141217
0.0,2.1141217
1.32176,15.454626
45.1028,31.991062
0.0,2.1141217
37.7117,12.166464
1.45654,-2.3197198
10.4332,3.8368883
8.58381,12.244406
0.0348319,4.2483196
0.0,2.1141217
2.26397,10.34162
27.6481,-2.2434585
4.42534,9.858688
0.0,1.834928
44.0347,17.030947
56.6049,34.960186
21.4206,31.22477
22.5174,29.616034
53.9364,20.019428
0.272102,2.1141217
0.193627,2.1141217
0.0,3.2865114
10.5139,2.1141217
6.51382,15.140662
2.97333,10.655471
8.42446,14.304371
0.0,2.1141217
0.0170318,2.1141217
24.3086,18.116604
0.0,2.1141217
0.0,2.1141217
16.4599,0.24263847
19.3633,51.941944
0.499656,7.198861
3.71899,-9.468662
0.0,2.1141217
0.473766,0.24263847
1.29524,2.1141217
3.20272,17.74612
2.90635,14.704086
0.0416894,2.1141217
0.0,2.1141217
0.0573953,5.2345524
11.2831,2.456493
0.0,2.1141217
0.0667185,0.6992481
21.3561,32.527668
38.3952,24.066763
0.405692,29.10675
0.273661,10.604936
8.43547,79.437096
0.0,2.1141217
32.9212,14.812572
0.0,9.620176
0.0,2.1141217
11.2925,13.617992
13.2992,11.3947735
24.5863,0.69926
1.42763,5.9533634
20.1323,26.16868
0.0,4.607402
3.07855,16.919724
0.0,2.1141217
86.786,107.9738
2.30368,22.136734
0.0216206,3.0768182
0.0,12.475928
0.0,2.1141217
0.0,47.322083
54.8317,23.434006
7.18879,9.392183
0.485488,6.707921
0.0,2.1141217
0.0,7.4251614
6.18238,2.1141217
0.00905912,-0.02811122
1.77718,11.004595
0.0,8.697414
0.310805,1.8024015
6.32027,6.5035286
1.55502,3.8391938
31.8586,26.53698
0.288447,2.1141217
6.84908,2.1141217
0.0,2.1141217
3.77614,8.985717
2.85747,-6.298641
22.0206,15.729869
0.0,2.1141217
10.1609,16.646482
35.9308,2.1141217
4.18824,13.820121
13.3341,31.899164
109.847,9.18656
0.0570477,2.1141217
61.77,17.593884
22.2086,11.035192
23.6372,32.38702
0.0254356,2.1141217
0.52367,40.57142
85.3169,70.96015
73.5802,29.253323
15.2473,13.741805
0.0,2.1141217
10.8958,7.22381
3.68977,6.2716837
202.176,78.09229
10.1206,0.103936434
0.0,2.1141217
0.0,2.1141217
11.7977,25.5471
0.271501,66.19367
0.427584,4.8599834
0.0,2.916539
0.0,2.1141217
3.90281,0.98555636
19.4241,12.33274
0.0115695,2.1141217
77.9646,14.021793
1.47888,0.82010317
0.0,2.1141217
115.366,48.223225
0.0,1.9644475
12.5166,1.2781956
26.1965,15.0522585
66.723,62.85349
25.3389,-0.15538669
88.2999,59.876373
0.0,2.1141217
0.0126937,2.1141217
0.0,2.1141217
0.0,2.1141217
0.34928,2.1141217
26.1965,23.195505
0.0,11.07588
5.39627,14.921854
0.0,2.1141217
1.99713,6.27291
0.0,2.1141217
7.80874,19.714382
0.0,-2.4814622
3.17558,6.7171373
0.0,2.1141217
0.0257749,2.1141217
0.107832,11.601576
2.93695,4.7411222
0.0,0.82010317
19.8674,11.453752
50.4777,33.074425
2.90771,7.3436146
0.550254,2.1398542
0.00916865,2.1141217
0.0,0.38273466
16.7084,39.968853
1.96186,10.1793375
0.249562,0.12338662
0.239971,2.1141217
3.8263,6.929698
2.29405,0.3372779
10.2388,0.84844565
22.0206,15.729869
0.0,2.1141217
1.84584,14.637717
0.0396249,4.2666564
0.0101273,2.1141217
19.0973,25.586132
10.7625,17.010515
11.2349,29.607979
3.80485,7.8916492
0.536926,2.2468162
0.0098902,2.1141217
0.0,2.1141217
8.24685,20.881765
0.0,2.1141217
1.66765,21.590876
0.0,2.2963362
5.4147,5.6597977
10.0081,-2.4781044
0.0527473,0.7558129
120.835,21.986229
0.194229,2.1141217
0.943136,10.377083
0.0,2.1141217
42.5758,14.1848545
86.0005,27.726288
63.3518,46.60856
37.8456,23.04739
0.0,2.1141217
1.33334,1.9901247
16.5966,6.833269
5.74144,5.4084883
18.374,17.446598
0.258797,42.165443
0.535937,2.1141217
0.0,2.1141217
0.0843443,2.1141217
0.137186,2.1141217
0.048191,2.1141217
0.0117783,6.081278
45.2152,8.1445465
0.0,0.7184974
0.0,5.459115
0.0546641,2.1141217
0.0,2.1141217
0.319885,14.743774
0.0,0.32840252
0.0630775,3.3651342
0.0,2.1141217
0.0,2.1141217
32.6121,13.8347645
0.062583,7.507579
0.0272644,1.2445958
0.0169503,1.6019077
1.79805,1.255852
0.0,0.25066566
10.7538,8.828191
14.5581,7.3447075
0.0,2.1141217
0.0,2.1141217
0.0,2.1141217
0.0,2.1141217
39.6302,25.869577
0.690993,2.3348918
0.0,2.1141217
0.0,2.1141217
0.409528,5.9155617
30.2705,11.000648
17.0974,8.3452635
0.0,2.1141217
0.0,2.1141217
1.13347,0.36704612
0.0722253,10.377083
0.0,2.1141217
0.523938,3.3331687
75.7574,34.00797
0.0,2.1141217
0.839133,0.82010317
8.35015,17.946491
15.6962,38.60654
0.0803287,2.1141217
0.117244,2.1141217
76.6305,26.70471
2.35286,45.665714
183.183,126.68731
0.0289529,2.1141217
0.0,2.1141217
0.0,1.2445958
0.0,2.1141217
0.0,2.1141217
45.2152,8.1445465
0.052786,2.1141217
50.6105,33.438
0.0,2.1141217
0.0304709,-0.356925
0.0,1.5419917
0.0,2.1141217
0.0,2.1141217
10.2526,0.10518193
8.50068,58.311962
5.55645,-6.8775864
0.0,2.1141217
0.467997,-0.2097187
0.0,1.5751789
0.0,2.1141217
0.0,11.422898
654.473,176.89882
0.699279,19.086647
0.0,1.1360853
7.37393,2.2937515
0.816026,30.050552
0.0,14.4763365
0.0933876,14.627446
5.27368,16.988731
0.0,2.1141217
0.0151398,2.1141217
38.5095,2.1141217
29.961,37.442562
26.3449,27.25573
18.8462,9.618952
0.0,2.1141217
0.242556,2.1141217
0.0,2.1141217
6.33662,2.1141217
17.5005,9.255119
0.0,1.1779215
0.0,2.1141217
0.0363102,-0.6252909
0.0,2.1141217
7.30813,-4.2706633
51.5495,14.562587
24.5026,36.91807
10.2577,9.443838
0.536697,2.1141217
0.0,2.1141217
0.802453,0.94567466
0.904999,14.6625595
0.310734,1.1234658
0.0,2.1141217
0.0190208,2.1141217
0.0,10.869491
803.796,591.1702
0.0296009,2.1141217
24.8424,11.451528
29.1051,2.5121198
0.0135177,2.1141217
0.144603,2.1141217
0.0,7.4251614
0.0,2.1141217
0.0541491,2.1141217
0.922114,1.7337003
19.3636,28.353058
23.2925,9.616488
1.12501,2.1141217
233.507,76.52117
0.0734686,16.097927
63.5438,24.261372
0.0347835,3.4261441
0.0265067,2.1141217
0.0,2.1141217
10.2463,48.377068
0.364658,28.318563
0.36302,16.167282
16.3334,9.733517
0.0,2.1141217
0.835289,8.035438
0.0788493,2.1141217
0.175766,2.1141217
397.601,27.733875
0.0,2.1141217
1.48712,13.188003
0.697837,2.1141217
11.5933,16.60723
2.62229,8.572776
15.7801,7.8373976
0.0680069,2.1141217
4.60452,-0.4032607
0.0,3.1303656
0.0,2.1141217
0.339008,16.097927
0.252428,2.1141217
12.0573,-1.8524945
0.0,2.1141217
0.0113768,2.1141217
18.9926,4.0508814
0.0,2.1141217
32.8704,8.195742
0.0,2.1141217
1.10776,-4.7143507
43.5617,31.957092
0.095025,0.7277944
0.0,2.1141217
0.0,0.6650691
26.1965,23.195505
0.015563,2.2188323
3.77359,9.904396
7.32356,4.1033688
8.42896,1.0708325
19.4241,12.33274
2.20851,6.387143
0.224358,17.165186
0.0,2.1141217
17.0036,15.8036
1.80725,9.71539
0.0,12.142469
0.0248524,1.5859475
0.0,2.1141217
0.0,5.1759024
12.5545,8.085171
13.1723,32.32953
63.6629,27.280706
17.383,22.407894
0.144784,0.32187057
0.836202,43.52218
0.025486,7.4242964
0.0,2.1141217
0.0,2.1141217
4.545,9.898188
0.012238,2.1141217
0.0,1.0998225
0.0,2.1141217
19.5991,37.51185
0.0244278,2.1141217
0.0572617,10.859766
17.243,0.82010317
0.0367926,-7.7072277
9.4149,22.957647
0.0,2.1141217
6.81054,7.2682743
6.17529,8.028746
13.0144,12.043419
0.0,1.8214407
0.0,2.1141217
0.0,2.300024
0.194813,2.1141217
0.0851855,2.1141217
8.98413,13.163082
0.0,20.228436
0.0,2.1141217
0.0,2.1141217
12.3578,16.102467
0.0280649,0.7224846
3.10884,20.815653
0.0137033,2.1141217
0.0,2.1141217
0.0,2.1141217
0.728755,7.070903
11.574,27.946754
0.0,0.800612
0.314698,14.523519
0.051393,10.640912
11.8397,12.08939
22.0206,15.729869
2.95917,5.8945866
0.0,2.1141217
20.3765,12.939656
0.0,2.1141217
16.651,6.9716806
8.90259,6.959835
19.8622,23.71527
0.0,1.0983262
70.6104,19.419764
12.6854,22.800161
0.0131925,2.1141217
0.0,1.9707439
20.1295,1.9719915
0.0,2.1141217
0.0,0.1129905
0.0,-2.634526
21.4206,31.22477
0.0,1.1844966
2.69787,12.679915
6.91163,32.685486
10.5476,19.049995
0.222726,16.58432
56.1216,36.766586
0.0435377,2.3879163
0.0,2.1141217
0.0,2.1141217
0.0,2.1141217
0.435642,-3.8556898
0.0,1.3078759
0.0,2.2284868
0.0262871,2.1141217
2.8793,2.930811
37.053,1.6249335
51.4955,15.777394
0.0,2.1141217
0.0,2.1141217
14.747,18.706148
73.5802,29.253323
5.64921,1.857413
9.4149,22.957647
0.0,2.408522
6.28842,6.6593018
0.0,2.1141217
23.1255,8.196114
0.693186,8.056438
0.0661457,2.1141217
7.53909,17.764326
2.30087,22.203283
13.3042,15.073131
3.65587,16.535696
11.9097,-188.56708
1.87581,13.681395
8.74888,26.181318
1.02618,2.057657
0.0,2.1141217
0.0,2.1141217
9.59899,20.638868
21.1058,9.84655
5.53442,45.888508
0.0,2.1141217
0.608552,19.204723
15.7728,23.255983
0.051393,2.182158
76.8259,62.408382
0.0,2.1141217
0.00783576,2.1141217
40.2252,50.468742
0.881355,0.30093837
3.84675,3.2658224
0.797986,5.66488
0.0459248,16.186779
0.0,2.1141217
0.0556715,65.50309
16.651,6.9716806
0.0,14.4763365
0.302278,2.6734028
6.03438,4.539823
4.61178,10.156065
0.0,2.1141217
0.0,-2.634526
0.0,2.1141217
0.0466202,1.4361393
4.28139,3.232003
3.28353,-1.0774462
12.9993,15.3572855
0.328867,15.120784
0.315714,-2.918496
4.02702,6.4367113
177.793,99.45475
0.0,17.380154
0.0145336,1.2510271
9.8235,-2.206093
1.26098,1.0983262
0.0446926,2.1141217
0.0,10.640912
17.383,22.407894
0.0763142,2.1141217
4.0341,8.315525
0.0,2.1141217
0.081201,-1.8919656
4.85005,1.7699025
20.3765,10.640912
86.6865,42.948223
22.9901,19.645452
10.7893,19.861227
0.02025,2.1141217
138.915,25.104025
0.246802,2.1141217
0.523938,2.819084
1.51978,1.224891
0.0,2.1141217
0.0,2.1141217
0.0,2.7764475
0.836064,2.1141217
4.61967,23.46494
0.0362784,3.6101682
93.6522,80.57008
62.7458,48.63818
1.76909,11.331415
0.0,2.1141217
68.9289,40.125473
7.38977,4.9915714
0.00808029,3.5235908
0.43253,2.1141217
35.6741,16.463305
127.302,58.602287
21.4214,7.5797625
8.46153,-2.338165
13.7272,48.10558
10.919,12.090957
0.118244,27.279915
0.285215,0.11683774
44.8243,23.66634
60.8617,29.421284
2.35482,2.4926424
16.3086,14.380448
0.0,-2.634526
0.0,2.1141217
0.048532,2.1141217
0.0,2.1141217
2.86974,4.1936626
11.0977,22.897148
10.2115,22.33419
0.371522,2.1141217
22.6518,11.323427
19.5475,24.276943
0.134373,0.83095837
0.471161,2.1141217
12.6388,4.5417013
34.7107,10.021953
13.7664,21.106932
3.34602,10.860226
19.787,14.111081
26.276,6.9648666
200.795,110.40382
0.0,2.1141217
0.0,3.3880484
0.02025,2.1141217
0.171019,6.09383
5.64967,14.811035
0.0,2.1141217
0.0,2.1141217
11.7977,25.5471
17.6613,9.715337
0.0156339,2.1141217
15.9535,114.40177
0.0734686,16.097927
0.0,2.1141217
1.13365,2.1141217
0.0,2.6154997
66.0095,23.907263
6.02408,19.52861
1.20083,4.4467125
104.052,24.19186
9.45517,24.905373
0.0,2.1141217
0.709285,22.565208
1.80628,15.073131
60.3717,30.253979
2.89723,2.1141217
10.2388,22.607866
1.99681,78.09229
30.2599,6.0230913
0.0,4.0959578
6.18577,13.869979
0.0,2.1141217
0.534861,9.909786
0.0,2.1141217
0.601235,2.1141217
24.4788,13.8821335
0.0,1.5870538
0.0,2.1141217
0.0170975,1.8319004
17.6696,10.100707
6.97555,34.706913
0.166696,11.666663
21.654,16.086403
0.0,2.1141217
0.0304211,18.183434
12.2701,3.5392358
0.0,2.1141217
4.52996,21.284657
23.5333,16.551046
13.1307,16.485008
0.571642,4.0327816
0.0174285,-0.7827468
6.53673,17.023907
0.0,2.1141217
0.152073,2.1141217
0.0,2.1141217
0.0,2.1141217
0.51474,11.767924
0.146124,1.3614898
1.95849,9.958323
0.0,12.939656
0.473766,0.24263847
0.0,2.1141217
0.00703583,2.1141217
0.0408579,2.1141217
2.81433,8.999922
7.13458,16.655676
0.281248,10.551716
0.0,2.1141217
0.0,10.326659
0.0,4.2666564
0.0,2.1141217
7.66119,10.056268
0.0,8.622451
12.6111,18.351051
0.0,0.43617237
9.54167,39.096127
0.0351588,2.1141217
31.889,21.893522
30.4835,2.2513356
32.8961,24.720905
13.2476,3.7037284
16.7824,14.022057
0.456719,25.005543
49.0391,-22.525036
0.0,2.1141217
11.0919,11.889246
0.0,2.1141217
9.26417,5.3010254
0.0,3.2865114
7.59592,8.304476
7.56464,8.165981
0.0261254,2.1141217
0.339197,0.10518193
0.872144,2.4854138
3.86845,10.794506
5.34906,2.1141217
26.037,2.1141217
0.31996,9.898188
2.33011,2.1141217
22.8231,17.606323
0.0,2.1141217
0.350174,5.9043646
126.38,114.40177
0.0124043,6.5625963
0.0,2.1141217
4.55759,7.6101017
0.0,2.1141217
0.0437111,1.5864818
0.0,2.1141217
0.0402742,2.1141217
0.0,2.1141217
0.0,2.1141217
0.0,176.89882
0.0,2.1141217
0.0,2.1141217
0.177502,2.1141217
12.4324,18.380854
0.0,0.7688017
11.6645,8.029825
1.19608,0.42100787
0.331106,2.1141217
0.0,2.1141217
65.6935,35.6943
0.542696,30.53358
0.0,2.1141217
16.4448,21.654411
111.337,28.60987
0.0,2.1141217
0.0,2.1141217
0.0,2.1141217
14.4521,2.1141217
18.7978,4.994893
1.09135,0.48023188
0.609691,-2.9808486
26.234,7.4227295
24.6113,29.490776
0.0,2.1141217
6.39448,40.57142
9.86318,17.832855
0.125719,0.32840252
0.0,1.1069355
0.0,2.1141217
21.3327,8.196756
36.5915,15.920818
4.26574,7.790655
29.1463,14.569051
2.32039,4.8393297
26.8874,30.53358
0.0224711,1.4585865
122.832,61.836674
3.35923,7.0263023
6.70987,15.432702
0.0546572,-0.2940402
13.3781,9.791596
7.03976,2.1141217
0.0,2.1141217
1672.53,979.53864
0.0,3.7785275
1.75638,10.108532
0.0,2.1141217
62.7458,48.63818
0.0,2.1141217
1.81658,-1.3251126
11.7739,4.382701
0.0,2.1141217
0.0,2.1141217
135.592,120.14659
0.0,2.1141217
17.5005,2.1141217
0.0913191,27.494837
8.4627,8.969569
5.75256,16.679386
0.0,0.27035713
3.28324,8.140562
0.0,2.1141217
0.0184828,1.9361334
0.58586,1.6760542
2.61957,9.912817
0.872144,2.4854138
0.0227304,0.29086542
89.6832,73.37112
6.33957,5.630911
0.0978433,2.1141217
10.5139,1.1682589
0.0503214,2.1141217
21.5036,16.494415
0.0620266,2.1141217
2.85747,-6.298641
31.889,21.893522
0.0,0.13762593
4.41312,2.7843924
1.45705,2.1141217
3.8158,19.48229
0.205377,0.6406727
0.759499,9.492305
0.0231786,0.8424809
30.096,8.398388
21.5146,16.321802
17.6053,16.301317
6.71538,20.460121
0.0,2.1141217
127.197,100.87507
16.6565,12.398442
45.9377,35.232307
1.77667,-0.5765805
0.0734416,3.4751265
0.0,2.1141217
3.09975,12.90007
0.0,4.818945
0.0170887,1.9800608
0.0289529,2.1141217
0.0,2.1141217
0.0,2.1141217
2.24119,27.987976
0.339197,0.8144176
35.0216,34.536022
9.4149,22.957647
12.5416,7.245531
317.826,131.27013
66.5703,4.818945
0.0,2.1141217
0.0278073,10.8930855
0.0,3.5752275
181.385,61.18591
0.748226,9.400915
0.0,2.1141217
0.531442,0.83723664
12.8639,-1.225842
3.35923,7.0263023
0.0,5.3020415
21.3463,18.96202
7.05387,-11.005898
38.704,7.384486
2.96211,13.240333
14.3497,9.582608
2.35672,15.556287
0.0,2.1141217
9.09213,1.8950937
13.509,8.925465
0.0,1.467035
0.0,2.1141217
0.0,2.1141217
68.7,61.280434
0.0816582,0.66490173
18.3229,11.249551
4.06206,10.610669
0.185535,2.1141217
4.42726,12.880393
7.13458,16.655676
18.1224,44.747852
23.5057,21.816422
0.0231005,2.1141217
0.250793,20.583496
0.0,2.7634902
0.0690533,2.1141217
51.2472,69.18101
0.49188,2.1141217
0.0,2.1141217
0.0,2.1141217
0.0,2.1141217
12.4505,47.855923
0.0,39.021313
2.85588,11.688311
5.46322,12.289258
0.0194222,2.1141217
0.0,9.620176
0.0161592,-4.2201653
3.91362,2.1141217
17.2728,36.724373
0.0,1.761167
11.7182,16.097927
2.84027,39.270187
0.0,-2.634526
0.0779642,-0.17347503
0.0617473,2.1141217
15.741,10.305993
1.16065,19.581356
16.1532,12.053571
369.853,147.08351
0.493416,19.828207
10.1609,16.646482
0.0396249,4.2666564
0.0,2.1141217
0.0,1.0983262
9.40631,21.253788
0.0,2.1141217
8.78718,8.207854
3.80485,11.790348
4.74842,25.753876
0.0,2.1141217
0.0463136,2.1141217
0.0,0.9250326
1.56805,-0.20204759
1.47888,0.82010317
0.160588,2.1141217
2.72421,26.103592
4.65611,8.122929
0.0,7.8813066
2.86167,23.275326
2.87896,18.385353
0.818467,3.4069571
0.881355,17.978271
0.0961623,16.56777
0.0,2.1141217
0.0,1.1069355
11.7324,27.23544
0.0443425,61.18591
0.0,2.1141217
0.797986,-1.8792388
43.0166,-1.5582092
0.0148745,-0.010811567
7.75804,-1.6246097
24.9386,8.622451
21.9927,22.145355
13.3722,15.606725
88.227,20.25443
11.2215,11.391105
0.0,2.1141217
0.0,2.1141217
2.73993,1.2791839
0.232056,17.487225
9.38371,26.807434
2.71723,2.9447665
24.6134,20.79081
0.0,0.37789226
0.222829,-3.783941
4.70495,6.5383234
0.0,2.1141217
13.3823,18.244926
0.0,1.2329769
3.8158,19.48229
0.0973958,2.1141217
4.71181,7.0477552
0.205377,5.4409432
3.84675,0.6761887
10.8885,29.5233
1.47888,0.82010317
2.38675,29.207705
0.0,42.62015
0.0,-2.9102056
4.07762,6.774658
6.17769,22.157505
0.0,-1.1603291
0.0,1.7918034
0.0,2.1141217
225.715,141.94853
0.00570185,-0.9111161
48.8198,2.1141217
952.601,541.861
29.961,37.442562
0.0,6.461993
0.0,2.1141217
1.51571,4.3067408
0.503129,2.1141217
0.0657912,0.45112586
0.0,2.1141217
9.22554,0.82010317
0.0,2.1141217
0.0,2.1141217
2.3316,2.1141217
6.38411,31.70319
0.141802,-2.4397392
7.78391,33.82257
1.55777,17.894262
5.45671,10.48977
0.0,2.1141217
157.205,39.021313
0.0,40.60439
28.1241,16.970015
22.5027,7.587393
38.2604,16.582222
86.0005,27.726288
14.6904,15.620978
0.0,2.2296555
0.0105662,1.3923142
38.586,35.504295
0.0,2.403901
0.0,3.2127178
33.4288,17.054335
2.2827,4.1032343
7.93361,18.89825
39.4271,6.110717
79.1213,43.843727
0.0308958,4.9546194
0.0,2.1141217
0.0,2.3535872
0.0,2.1141217
0.0,2.1141217
4.26574,7.790655
63.2181,2.1141217
0.0,2.1141217
0.0,2.1141217
2.93468,2.1141217
5.64923,9.462116
4.06813,15.620978
0.0,2.1141217
26.1965,15.0522585
0.0,2.1141217
0.0734416,3.4751265
8.71047,15.744869
0.0,36.6194
18.7132,1.3781793
19.9248,19.204723
12.8911,-0.601033
8.58346,41.835133
0.620975,2.1141217
0.0289529,2.1141217
39.8526,32.46934
0.403308,4.5320177
34.6966,20.630426
0.530209,-2.4328406
0.0,2.1141217
0.556268,25.706093
30.2674,32.803955
0.251964,3.5452592
0.0236457,2.1141217
0.0,2.1141217
0.0,2.1141217
0.0,2.1141217
17.5689,40.648438
0.0,1.065536
5.64921,1.857413
9.4149,22.957647
0.0,2.1141217
0.0220372,2.1141217
47.7532,10.34162
0.0,10.640912
0.0929124,2.1141217
0.0,2.1141217
21.587,15.2647505
0.0713237,2.1141217
12.5184,2.1722057
0.205377,5.4409432
8.68537,11.738059
0.0,2.1141217
18.951,17.484465
28.2945,6.521964
3.93496,6.390974
5.74481,14.331632
2.74808,2.1141217
0.0718414,1.945296
0.0,1.7756441
19.3196,10.028743
14.0855,13.72173
0.0787372,4.66201
53.3053,10.702305
0.0,0.5771313
0.152698,9.845256
15.9439,-2.390951
187.407,76.33068
0.0729982,2.1141217
75.7574,26.428066
0.0217999,2.1141217
9.4149,22.957647
0.0,2.1141217
12.6111,18.351051
15.332,23.328384
0.0630775,3.3651342
0.0,2.1141217
0.0,2.1141217
0.0,2.1094716
0.483763,4.4188185
2.26397,20.457756
24.2596,25.092682
0.170468,21.036192
11.7182,16.097927
9.42356,7.493946
0.0,2.1141217
0.051393,2.182158
0.0,2.1141217
9.87826,6.725999
0.0228556,2.1141217
0.0,0.7688017
11.3911,19.992884
0.524087,1.427366
0.872144,2.4854138
25.3641,11.298175
3.08732,2.1141217
0.0,2.1141217
3.81813,8.837474
4.25643,29.9287
13.7987,15.871144
0.0,2.1141217
3.57653,2.340832
0.0,1.3405097
17.2564,31.379164
0.516177,1.7488718
0.0,0.8536165
95.5694,46.040302
0.0,2.1141217
54.8596,58.96626
0.0,16.369684
0.0,2.1141217
0.0,11.07588
0.0,2.1141217
2.50742,25.319445
0.540757,2.0276775
0.0,2.1141217
7.13458,16.655676
0.0,2.1141217
10.6954,0.75117135
0.0203638,2.1141217
0.167075,27.69742
23.0309,20.57423
0.0105311,-1.1603291
0.0,2.1141217
35.0216,34.536022
0.339197,0.10518193
36.5915,15.920818
0.0323811,7.968055
0.0,2.1141217
0.0,-1.2776003
10.2232,18.898935
13.3605,10.915148
0.0,4.18683
0.0,18.000711
34.8431,38.153534
24.5863,0.69926
7.96072,-1.9187844
13.509,8.925465
9.73282,21.253862
1.54364,27.364796
0.0,2.1141217
0.281248,2.1141217
0.0,9.392183
0.0,2.1141217
7.7064,8.796051
48.3711,18.554947
0.0,2.1141217
35.6741,17.396734
0.0134822,1.3293478
0.0,2.1141217
0.0,2.1141217
19.8674,14.434878
3.14507,0.103936434
32.2663,18.915112
10.0146,10.655471
0.151593,2.1141217
7.67293,10.660026
241.021,99.7791
7.54107,10.86667
0.0,2.1141217
9.31878,11.312515
36.044,13.455043
0.110959,0.13200855
12.5145,2.9204228
0.0,2.1141217
0.0,2.1141217
0.0916607,-2.4814622
20.3065,9.761781
0.0,2.1141217
0.16687,3.639017
0.848641,2.1141217
0.0,9.444766
9.4149,22.957647
0.0460222,6.9040947
0.0,19.514023
4.70495,6.5383234
0.523938,2.819084
0.530209,-2.4328406
1374.42,277.6512
5.03882,25.985994
42.2843,23.952246
0.0,2.6174242
64.5569,32.060078
0.0,2.1141217
0.0645255,30.531797
0.0,11.13272
0.0541491,2.1141217
3.93496,18.751905
12.3357,18.50888
2.30086,5.55128
12.8278,0.380116
1.04998,14.436345
60.3985,62.8472
0.02025,2.1141217
26.037,31.22477
0.150147,61.18591
18.6327,22.600948
0.0,1.1357708
0.0,2.1141217
0.0,2.1141217
12.2701,3.5392358
0.335168,-1.4503024
0.0169503,-0.25840807
0.304523,9.365925
0.0,2.1141217
0.0,2.1141217
6.43666,2.1141217
1.05358,8.168913
30.2213,5.6076317
13.9196,17.027212
3.12215,15.315433
0.0,25.615513
34.1624,61.861923
12.5145,2.9204228
0.0,2.1141217
0.0101776,2.1141217
22.2217,11.029873
81.5728,77.25051
0.0607464,2.5067255
9.99639,27.318356
0.0415987,3.3420968
0.0214824,2.2296555
5.26338,12.242013
0.072871,2.1141217
0.235774,2.1141217
19.633,20.23693
21.2436,16.824078
4.75915,15.593955
8.96462,27.06388
0.0,2.1141217
0.556871,2.2976658
22.0206,15.729869
2.0112,22.51567
0.02025,2.1141217
0.0129563,3.9587405
0.448782,1.2749536
0.0,2.1141217
10.1873,42.15637
45.1259,11.829993
0.0658842,3.0666413
14.4598,6.654891
3.55067,21.806274
0.0,2.1141217
0.0,2.1141217
6.47026,10.935954
0.0929124,2.1141217
0.0,2.1141217
0.0,2.1141217
0.0283879,0.88612795
0.0,2.1141217
0.287353,2.1141217
0.0,2.1141217
0.0,2.1141217
21.4867,28.29689
17.7602,22.322918
2.71852,6.7301035
1.16659,23.261015
0.0,2.1141217
0.0,10.408883
73.3554,55.918507
0.0,-2.634526
0.0,2.1141217
0.108294,1.72176
0.0,0.7688017
24.1555,2.1141217
0.00388787,40.2418
10.5207,8.340164
50.567,25.28925
0.0231081,23.551388
0.0,-2.634526
0.0546641,2.1141217
4.97182,9.498295
0.0,2.1141217
2.49685,27.733875
0.0,2.5935335
17.1126,29.115883
44.4403,25.351534
3.38631,25.592646
0.0,2.1141217
0.0,10.659381
0.0527945,-3.8586805
37.0203,3.767307
7.88359,35.038666
2.31478,8.57442
0.0,2.1141217
11.5865,33.91878
0.0,1.1949539
7.18879,9.392183
0.0,2.1141217
0.0,2.1141217
53.941,17.030712
11.0852,10.911991
12.3578,16.102467
0.0,2.1141217
20.3765,0.29744983
0.0,2.1141217
0.0,2.1141217
54.0569,34.10472
8.58346,41.835133
14.5917,56.86365
15.3628,18.411566
0.0,2.1141217
1.96747,10.588627
1045.48,307.0721
0.0,1.8217735
0.0195521,1.1221142
0.0,2.1141217
16.4925,17.136702
2.70478,14.681173
25.1162,57.72151
0.0,2.1141217
22.6518,11.323427
6.09898,-1.5531638
102.047,13.53781
12.3976,-0.16719031
12.6111,18.351051
47.3378,36.451904
0.0,2.1141217
2.893,31.488834
6.41431,12.355937
0.0,3.0768182
12.011,2.1141217
4.25879,13.170432
0.0363331,2.1141217
2.91784,-8.404115
0.0,1.9561434
0.0,0.82010317
1.14344,5.731306
0.00764868,2.1141217
50.821,21.094193
8.52971,32.63712
0.0,2.1151655
5.76518,18.291847
27.1532,65.90409
0.0,27.349953
2.17362,16.113268
5.15785,-5.8851137
0.0,2.1141217
0.0,2.1141217
25.1421,21.159073
6.0109,9.827389
2.81657,5.731306
0.0,2.1141217
11.7892,10.694226
13.5451,-1.6969137
0.0,2.1141217
6.94991,14.6625595
0.345981,2.1141217
0.937009,4.6720943
1.8046,10.798987
0.479243,6.2230062
31.9097,13.94947
0.0,-1.4357309
28.5985,17.444403
0.213076,2.1141217
0.0315748,0.061831236
0.0,2.1141217
0.0,2.1141217
10.126,53.806263
43.2699,29.497759
2.46103,9.659641
0.0263074,2.1141217
36.8578,23.21264
19.148,66.74541
3.8158,19.48229
3.93496,37.2863
28.5625,27.489351
0.184332,2.647594
8.62519,9.811629
10.5207,8.340164
5.64921,1.857413
0.0183687,-0.25658143
13.0285,16.682617
1.44105,1.8722441
202.176,78.09229
3.1464,25.042473
14.9762,36.120846
0.0,2.021357
145.657,85.02947
2.62049,12.880393
6.68153,-0.3751905
0.0,2.1141217
11.9053,24.71589
0.00671422,2.1141217
0.277669,1.4885712
0.0909309,2.1141217
4.21751,4.613679
97.5563,56.86553
12.6888,7.220042
21.1404,9.6496315
0.0,2.1141217
89.6832,75.183846
0.213089,2.216557
7.96072,-1.9187844
0.0105662,-0.69649386
33.3841,34.137287
1.33334,1.9901247
0.532481,1.872144
0.0,2.1141217
5.57721,5.2003517
0.0,2.1141217
0.0,2.1141217
0.0932878,2.1141217
31.889,21.893522
42.4463,19.44992
0.0,1.7795846
4.68474,-0.9130306
0.630378,2.1141217
0.0,2.1141217
5.57851,7.8113832
0.0,8.507397
0.287353,2.1141217
3.51106,19.157423
0.165477,2.1141217
16.1797,8.6883745
16.4448,21.654411
85.6316,49.313316
3.31365,5.141102
45.5749,39.021313
11.0104,26.189943
17.2556,18.042282
0.0972054,2.1141217
0.97247,5.533186
0.0,2.1141217
0.0,0.7349374
0.0,4.041506
0.0149931,2.568968
4.92908,17.206396
0.671118,7.777603
1.20083,4.4467125
0.508521,1.5407491
0.0222134,2.1952927
12.3578,16.102467
6.71538,20.460121
0.0,2.1141217
68.9289,40.125473
0.0,2.114863
0.186705,6.311841
71.0243,83.96317
2.19578,5.6736784
0.0,2.1141217
0.494796,11.167752
0.0,2.1141217
0.678013,-0.98595047
0.0,2.1141217
0.0147185,2.1141217
4.37563,20.782557
0.0,2.1141217
0.0275719,1.665087
0.0,2.1141217
0.0114788,2.1141217
36.0506,27.563217
17.9272,11.98941
0.129077,5.2003517
0.0,2.1141217
9.4149,22.957647
16.7444,4.2101593
1.14778,2.5995474
10.2463,21.370684
75.4154,19.801426
48.091,21.50859
0.0446752,2.1141217
0.0274204,2.1141217
0.0,-16.899765
40.1683,22.044437
80.465,21.944666
0.0,2.1141217
2.56689,8.756703
0.0186084,2.1141217
122.353,13.725671
0.676674,-0.012582302
1.51571,4.3067408
0.0,30.411451
0.97247,5.533186
0.0851847,-3.1182349
46.2607,15.489123
19.9297,4.887971
0.041415,10.844157
21.2297,3.3277707
0.0363102,3.6975534
0.00916474,2.1141217
13.2992,11.3947735
2.48554,13.627924
66.0095,23.907263
0.0,2.1141217
146.296,129.09953
0.0736961,2.1141217
4.6505,31.949331
3.68977,6.2716837
4.53626,18.481121
0.0,2.1141217
0.0143126,2.1141217
49.2648,24.123367
0.0,1.7488718
0.0,2.1141217
0.0,2.1141217
129.478,14.611119
0.0,2.1141217
25.2971,30.944012
0.0,2.1141217
0.106015,-4.7733746
0.571642,5.772444
11.3911,32.363533
0.551099,2.1141217
0.242556,2.1141217
8.57879,20.631374
6.32027,6.5035286
113.339,30.298405
220.719,12.584094
13.1349,4.702815
2.09327,4.9799604
0.0633624,14.562318
0.0614197,2.1141217
0.0,2.1141217
12.7252,12.024989
11.8757,14.047815
38.5003,4.903742
19.6939,36.861095
8.6239,-0.1368444
6.66949,15.770354
0.0,2.1141217
51.2472,69.18101
0.0,2.1141217
7.39194,79.42939
22.7386,0.7317455
17.9272,11.98941
4.74985,1.9156694
0.0,0.29086542
0.0146291,1.2998784
5.43982,3.9135275
0.0,2.1141217
0.0244278,2.1141217
23.6372,32.38702
0.0,-1.3135884
57.7565,9.416961
0.0805311,-2.5393417
0.0574672,2.1141217
60.559,48.77197
0.0,2.1141217
0.0967065,2.1141217
13.4906,16.97263
0.0,2.1141217
0.614049,10.034148
61.2563,24.806034
7.15625,18.926508
0.0218113,2.1141217
18.5823,20.36246
0.387816,-0.591285
7.77374,0.8414359
1.27446,11.211113
54.8596,58.96626
0.0210909,1.7880836
22.0206,15.729869
1.26519,18.121674
0.0,2.1141217
6.3236,-0.4032607
11.9212,8.274825
115.716,22.51567
0.11214,10.001763
8.51378,3.0949957
22.0379,18.293547
13.3117,22.231422
29.8626,9.99821
29.3384,26.543316
0.0215975,0.98555636
4.252,7.590458
0.051393,2.182158
8.4425,13.405335
0.0,1.0983262
35.7755,7.35075
0.0,2.1141217
50.4777,33.074425
2.47586,0.40223908
0.0,-1.2776003
4.89894,12.124999
2.0112,22.51567
18.6327,22.600948
0.0105764,2.1141217
0.0165863,2.1141217
31.9097,13.94947
50.0059,37.902737
0.0,2.1141217
0.0,-2.634526
0.0,2.1141217
10.2115,22.33419
4.06813,15.620978
0.0,2.1141217
8.99935,22.510468
0.0730475,25.465168
17.6751,5.770054
4.61561,8.3452635
1.87192,6.7840204
0.0,3.1487815
0.0,2.1141217
3.01746,16.745012
74.0911,7.198861
20.7484,36.703526
0.0,7.8813066
0.0,2.1141217
13.7404,-2.4636304
0.183,2.1141217
13.7581,0.9583409
0.0,2.1141217
6.67046,2.1141217
13.191,5.2079315
0.0,2.1141217
0.0,2.1141217
0.70041,1.8617902
0.182946,0.69926
0.462434,2.1141217
8.92614,6.402009
0.0834597,2.1141217
8.05408,25.704666
5.57721,5.2003517
0.0,2.1141217
0.0,2.1141217
11.9358,11.174649
6.49652,33.545284
0.0615141,2.1141217
0.0,15.544454
0.0,2.1141217
0.0422013,-4.7733746
0.0,2.0631473
6.33662,30.913923
0.0260608,-0.0041303635
0.0,2.1141217
18.3977,26.938784
0.677396,1.9248056
40.1683,22.044437
0.295629,6.2033253
1.2448,15.885294
0.249592,4.343543
5.25782,19.48394
0.195383,2.1141217
0.0,2.1141217
21.1058,9.84655
134.69,82.53335
0.0,2.1141217
0.0,2.1141217
1.83906,25.231962
18.7897,14.0975065
0.0,2.1141217
1.20083,4.4467125
0.0408511,2.2452915
1.13365,2.1141217
3.12215,15.315433
25.7777,25.402067
0.0722183,2.1141217
0.317238,2.1141217
0.0,0.29086542
0.0,10.659381
22.5174,29.616034
15.6481,32.219555
0.0763142,2.1141217
5.4827,12.027078
8.30396,22.658602
0.0,2.1141217
0.0,2.1141217
10.3538,4.999197
0.0,2.1141217
3.41898,11.714422
15.7407,20.540318
0.0,2.1141217
19.4687,21.960314
0.449778,2.1141217
0.677127,19.862564
8.98008,5.105727
0.0,2.1633198
0.156579,2.1141217
0.0275588,2.0401828
39.5207,32.9759
10.067,3.8289478
3.56694,5.6058874
0.0,10.640912
0.245293,2.9234393
0.0,2.1141217
0.0,2.1141217
0.11797,2.1141217
10.039,28.333717
0.521385,10.956057
0.0,2.1141217
0.0176521,2.1141217
0.486084,17.357073
0.0,2.1141217
0.0,2.1141217
20.1227,10.385486
0.0,2.1141217
75.3521,80.05516
0.884516,23.511986
0.0,2.1141217
6.68128,26.818836
0.0,2.1141217
1.45222,2.1141217
45.9377,35.232307
13.2105,12.310087
0.0,2.1141217
61.7468,42.32584
0.0,43.03889
272.196,43.155144
0.372758,7.4242964
186.492,77.19356
8.52643,26.878162
19.6408,97.01797
1.26519,18.121674
4.88341,11.41825
0.041683,2.5205123
0.293445,19.84235
9.51941,28.833735
1.35988,0.25070238
0.0797613,2.1141217
8.01113,2.10918
8.92957,0.4141295
0.0,2.1141217
2117.69,770.2522
5.22933,11.709648
0.0,7.374118
3.30022,5.568783
0.227111,2.1141217
17.542,30.793034
0.301423,12.880393
0.118257,2.1141217
0.0,4.6370735
19.3154,12.43988
0.0,2.1141217
0.0,-0.52648616
7.13458,16.655676
0.0,1.3794901
0.0,2.1141217
0.152411,2.1141217
0.571642,2.1141217
0.0629534,2.1141217
23.2156,17.539925
0.432042,34.47391
7.0301,2.1141217
0.0,2.1141217
22.1832,17.955729
0.356705,9.653333
85.6316,49.313316
12.0077,25.161022
11.89,8.429376
5.30832,4.2006216
10.5992,1.3384106
7.69122,18.366552
0.0,23.261015
1.38387,14.033837
7.00486,15.454626
37.3266,11.622057
0.0,2.1141217
0.0,45.45181
20.3765,10.640912
13.8431,20.327045
4.69058,11.172731
12.6915,11.354997
5.60448,34.365482
0.531099,9.899087
0.571642,5.772444
0.0107023,2.1141217
0.194229,2.1141217
3.62445,-7.589018
2.34971,5.74734
0.0,2.6174242
0.0,2.1141217
122.832,61.836674
6.97012,-7.001562
4.99636,-1.3901849
0.0,2.1141217
2.17889,2.5849905
0.0,-6.163205
25.1705,34.976025
5.16818,13.174434
59.7882,48.236126
0.0,2.1141217
95.38,75.97858
0.19891,2.1141217
0.0372422,2.1141217
0.0,1.9134045
0.0,2.1141217
0.0378206,-2.0255048
3.89551,27.068884
0.0245227,2.1141217
0.0,-0.93257976
11.0919,8.827566
12.3578,16.102467
0.0,2.1141217
16.5966,30.249731
0.0701119,1.2577598
3.40961,7.4076357
0.0,1.3405097
1.04931,9.508779
0.0,2.1141217
0.101064,2.1141217
53.5033,23.537954
9.21049,21.908848
3.5795,9.402138
95.5694,46.040302
0.0746303,2.1141217
0.0,2.1141217
0.68053,2.1141217
0.0,2.1141217
0.222996,1.8668158
11.0146,19.112703
0.0,2.1141217
0.0,2.1141217
36.5411,35.276623
0.0,2.1141217
43.0722,17.383062
0.0,5.323863
29.3384,26.543316
0.00788695,10.908929
26.8509,13.872129
49.6929,2.1141217
0.0,2.1141217
34.0732,35.306004
3.7262,-3.6910179
0.20584,2.1141217
6.33747,1.9241645
6.52667,8.2765875
0.0,20.41079
0.096906,2.1141217
0.0648146,1.3283703
22.7331,42.62015
4.29596,6.009573
0.0,2.1141217
39.0278,36.527496
0.117062,-0.34210515
12.3794,15.009306
11.0977,22.897148
3.48496,8.271456
0.19158,2.4759533
0.106762,2.1141217
0.0800517,2.1141217
0.201254,10.943904
2.71362,6.34886
0.0995542,2.1141217
0.0,11.530229
8.18569,14.285699
115.068,55.707943
44.2719,18.325768
19.0535,6.001665
17.4413,10.946456
0.0,2.1141217
23.8569,1.1984627
60.6128,29.121904
1.74418,10.9395685
0.0,17.20741
0.0,2.1141217
0.0230774,2.1141217
11.6114,20.631374
0.559344,39.751785
12.1527,23.849949
0.0,14.150109
22.2662,15.474938
0.0,1.8957705
0.0,0.7184974
0.0268174,34.223816
9.73844,-0.24546027
8.54713,1.5715945
0.0616703,2.1141217
177.36,178.38622
0.118923,-0.022946835
0.0,2.1141217
0.108294,1.72176
1.30596,25.615513
0.239702,3.8645978
0.0,2.1141217
20.9778,36.557873
1.99981,8.280682
0.0,2.1141217
6.42487,15.084323
4.42681,14.740408
3.54823,-0.17377341
0.0,2.1141217
0.0,2.1141217
0.734255,4.891997
9.57138,27.502678
0.0,2.1141217
0.141802,-2.4397392
18.9464,1.4188256
9.47558,20.337944
0.0,2.1141217
57.9345,18.53814
0.02025,2.1141217
3.67574,9.951734
1672.53,979.53864
0.118923,-0.022946835
12.3122,7.80099
11.6433,9.349525
1.27604,28.614124
11.2831,12.525912
27.971,22.714294
0.861373,6.767269
0.0,2.1141217
89.6832,48.062916
9.98148,17.065
0.0,2.1141217
0.0522945,2.1141217
3.69561,24.466303
0.0,1.0998225
0.222996,1.8668158
43.29,8.579314
0.0,2.1141217
0.105792,2.1141217
13.234,17.20741
7.7056,15.72045
8.40584,31.31324
24.7055,6.380171
0.0,2.1141217
20.6263,25.61792
0.785863,11.924985
5.34971,10.548388
3.8158,19.48229
0.0,2.1141217
6.38249,14.94083
0.0,11.040448
31.889,21.893522
795.558,969.2137
0.0,2.1141217
1.22844,18.411255
0.0797178,1.7762794
1.18789,0.19462371
7.93361,18.89825
22.0206,15.729869
14.0855,13.72173
8.09838,83.25275
0.0,29.371094
4.61178,10.156065
1.16358,13.810002
9.4149,22.957647
29.1625,8.818016
48.1896,0.4957726
78.1824,73.63906
3.51608,22.353489
30.5348,40.50285
0.051393,0.29744983
12.0858,14.746066
0.0,1.8912296
6.37074,12.467231
0.0,9.903483
0.0422045,2.1141217
0.0,2.1141217
0.00808029,3.5235908
5.5763,13.605315
0.0,2.1141217
5.83223,7.8536396
10.4744,13.986696
3.12215,15.315433
0.0,0.9093549
0.0,2.1141217
1.94488,0.5418446
1.55502,3.8391938
0.03713,2.1141217
7.61576,12.586029
1.18369,4.584762
5.43533,3.6590652
0.0,2.1141217
10.1753,6.7233334
28.1376,12.335235
0.285904,3.3280761
0.0272456,2.1141217
0.161006,-0.8942995
0.0,2.1141217
0.0,2.1141217
0.0,2.1141217
23.6318,7.772046
0.836064,2.1141217
13.7754,-1.0408132
0.0,2.1141217
15.7976,20.165342
0.0,2.1141217
15.8812,13.26199
0.0,2.1141217
2.09327,4.9799604
0.0443369,10.089036
0.0,2.1141217
0.160392,13.627924
0.391616,9.528311
10.5992,1.3384106
0.0,0.82010317
0.0,2.1141217
31.8932,40.791397
0.116668,6.542513
0.0,2.1141217
27.6481,35.789776
19.5035,8.888712
1.93666,-0.59653735
0.0,2.1141217
11.7739,4.382701
13.3781,9.791596
0.0,2.1141217
0.212545,13.240333
6.08989,14.070733
8.21892,-0.65148354
0.0,2.1141217
11.9044,31.186005
32.9212,20.663242
16.0206,15.915755
0.0572996,2.1141217
18.1396,2.7980564
31.6391,15.313945
0.0,2.1141217
20.5771,12.555034
0.0,2.1141217
0.814287,14.434878
0.496241,-4.2409534
14.8319,15.980302
16.4925,17.136702
0.0,1.0983262
0.0776316,1.7238653
0.0,2.1141217
0.0179047,4.7071433
400.363,62.414856
5.30159,30.571873
0.0644364,5.2384443
0.267752,4.72297
0.00530669,1.4793439
53.5033,23.537954
0.044806,4.31981
86.3551,75.20783
145.657,41.931957
17.6696,3.1008542
17.9208,7.1052723
0.0184449,2.1141217
8.6469,18.854656
0.0,0.7184974
7.15625,20.972446
1.00717,2.8747485
0.0483123,1.9490712
0.0,4.416774
0.318302,1.456706
8.24602,38.20799
10.5992,1.3384106
162.718,22.320343
0.0699702,10.889378
0.0,1.6751451
0.0,3.7292492
63.6629,27.280706
0.0,2.1141217
0.115341,3.1440542
0.0,2.1141217
2.32633,7.6261435
7.75693,3.5992248
0.0614197,2.1141217
0.0,2.1141217
2.95917,5.8945866
1.15144,23.511986
0.0,-5.982645
0.0,1.5910406
4.69825,-1.0728703
7.93361,18.89825
14.2386,20.259695
23.5343,-0.8614471
0.522725,2.1141217
23.6901,26.89024
0.0,2.1141217
74.3385,65.904915
0.0305768,12.586029
23.0079,30.548077
15.9439,-2.390951
0.168847,2.1141217
0.0,2.1141217
0.0,2.1141217
22.7386,0.7317455
1.00168,11.72772
11.7977,25.5471
11.9212,36.451904
0.0,2.1141217
8.12676,8.690841
0.0322876,2.1141217
0.265706,2.7143884
5.39411,-1.9450574
0.0,2.1141217
23.3864,5.6360207
0.230382,28.426044
33.3482,31.843307
46.9646,28.332542
39.7229,10.746421
16.4448,21.654411
18.5823,21.716799
3.42946,12.508247
6.45041,3.7128565
0.153963,3.2471385
116.041,41.79599
0.923393,2.1141217
0.0,2.1141217
0.966778,9.476464
0.0323968,2.1141217
14.6234,16.17553
0.0,16.29937
15.2248,26.17534
46.7864,39.68645
0.0,2.1141217
0.080121,2.1141217
0.170468,21.036192
12.9887,1.9707439
0.0,2.1141217
44.7525,46.593597
14.3356,6.223486
16.4896,9.728942
0.0615141,2.1141217
11.8329,25.538425
0.0,2.1141217
1.4467,7.785323
1.26676,2.1141217
0.655056,2.1639483
20.9772,27.267166
8.32285,10.183697
0.0257964,2.9681976
4.39554,0.83258224
66.5703,4.818945
0.0,2.1141217
10.9428,13.965192
0.0,2.1141217
2.0112,22.51567
0.0352451,1.6861973
20.3765,2.182158
0.0,2.1141217
0.0295758,2.1141217
0.542303,2.1141217
11.7977,25.5471
8.62209,26.955128
2.81657,5.731306
3.04248,13.805651
94.7963,43.252094
0.0179047,4.7071433
11.5933,24.796005
17.4652,21.812561
0.0,2.1141217
0.0,2.1141217
0.643,6.243579
62.0056,34.514748
20.3765,10.640912
0.0797178,1.7762794
34.4028,23.137318
0.459812,73.59432
0.0,2.1141217
0.0,12.429694
6.08687,29.337948
8.71518,13.341858
5.78529,-0.2288394
0.0617473,2.1141217
565.887,144.55719
0.571642,4.0327816
0.00556789,2.1141217
9.96983,11.330293
6.22231,15.379952
1.15643,16.225918
0.0,6.3292227
0.0,2.1141217
3.64813,2.7726502
0.237497,1.5399765
7.56588,7.6202307
1.00418,1.7671654
19.8113,13.140037
31.889,21.893522
0.0438582,1.1955845
0.0105662,1.3923142
0.072993,2.5408227
4.59627,12.857332
0.0,-2.634526
0.0,2.1141217
0.0,6.542513
0.620975,2.1141217
0.0108532,5.54774
3.5795,1.7563076
5.03248,2.8285668
0.0,-2.634526
0.559344,8.06158
17.2617,2.145859
8.08582,2.7843924
3.8158,19.48229
7.90835,16.67945
1.71578,13.660113
0.0423201,10.0767145
6.95406,8.184753
22.4149,4.865325
9.31878,11.312515
29.3384,26.543316
1.07729,7.075001
0.951159,2.1141217
22.6272,13.452102
29.1625,8.818016
0.0,1.5012152
13.0144,12.043419
0.0,0.5771313
17.8076,-2.0828934
0.205377,5.4409432
0.0,19.110567
4.97182,9.498295
0.0,2.1141217
4.04668,7.787754
0.00757005,1.1065059
142.452,57.220943
10.9573,-1.165479
0.0,2.1141217
0.678059,9.583174
19.1256,20.657928
53.9315,1.8220451
3.04662,3.4952343
24.8548,26.542896
6.08398,28.95123
0.0,25.907602
0.0391318,2.2516742
0.0,2.1141217
0.0,1.2108083
0.0,18.628426
0.0,2.1141217
18.0932,2.9927647
0.571642,5.772444
0.0,2.1141217
20.9772,27.267166
0.0,2.1141217
0.224466,2.1666377
0.368453,2.1141217
16.2717,7.690687
0.0,2.1141217
0.0,2.1141217
0.0376121,-0.6650107
10.3538,21.343754
0.0,2.1141217
20.3765,10.640912
0.629978,2.1141217
11.0866,12.383313
10.5708,3.323843
0.249904,2.1141217
0.0562142,2.1141217
1.47732,0.927443
0.0514544,2.1141217
5.59568,23.907263
25.2146,131.28772
0.0,2.1141217
27.8998,41.124462
0.0,0.38273466
0.0,2.1141217
0.0575151,2.1141217
0.718,11.524971
23.2319,22.129784
0.0,2.1141217
0.0186081,2.1141217
0.0,2.1141217
48.3711,18.554947
0.0,2.1141217
6.17503,12.30139
26.0933,28.753853
1.77667,-0.5765805
0.0,-3.115698
31.6466,35.105732
0.0,2.1141217
10.5992,1.3384106
0.0,1.834928
0.00808029,3.5235908
4.79727,6.1916485
0.0281296,2.0516143
0.0,2.1141217
0.0,2.1141217
0.0,2.1141217
0.0,1.5841131
0.55758,24.796005
112.357,5.434434
0.0,2.1141217
34.0964,27.879097
0.0,3.7292492
0.0,2.1141217
0.138812,2.1141217
69.2168,6.2213545
13.6105,8.719174
0.111079,2.0371778
6.328,41.8587
201.331,92.37909
23.6853,2.5878148
2.59898,1.9284613
27.9481,19.080906
1.17115,2.1141217
0.0,1.2526953
9.03346,-1.1333861
92.275,53.553196
0.0,2.9249833
0.0,4.6370735
0.26325,4.9468317
0.496368,2.1141217
0.0,2.1141217
0.0,2.1141217
0.0628048,0.5005071
0.0,2.1141217
0.051393,2.182158
0.931928,2.1141217
5.21638,1.140723
0.0,2.1141217
3.70573,17.34619
1.91292,17.120209
0.0,2.670423
0.511384,1.7671654
1.73356,9.180455
0.128932,2.1141217
279.087,151.90787
24.5863,2.1141217
0.0533663,2.1141217
45.9377,35.232307
7.58468,29.287754
14.8558,32.686596
11.3264,19.509785
0.0,8.999922
6.73907,21.0195
57.9345,18.53814
13.3117,22.231422
0.0887113,3.8389833
204.063,281.84427
0.0,2.1141217
9.91484,4.7071433
5.57806,1.6406596
7.54107,10.86667
12.0573,1.9288018
0.0,4.217827
3.16409,8.990775
5.52068,-3.9367893
1.68959,8.164414
0.0,2.1141217
0.0,2.1141217
0.0,2.1141217
31.889,21.893522
5.77299,2.5566387
8.02989,10.28357
1672.53,979.53864
0.026868,2.1141217
0.0,2.1141217
14.6604,7.5320244
0.0615141,2.1141217
0.00673864,2.1141217
0.0,1.3093457
4.49253,4.3916025
39.8526,32.46934
52.2404,10.574714
0.0531086,2.1141217
0.0,2.1141217
0.0,2.1141217
7.76466,-2.4397392
0.0,0.95773196
15.8554,22.669266
0.535877,1.6731446
6.33973,33.47618
0.0382363,2.0174549
36.4117,7.4475193
24.5419,9.593223
0.0,0.19812012
0.0,2.1141217
0.0,-0.9409034
35.4512,8.168967
67.7779,41.846657
0.378116,2.1141217
0.0,1.4146025
15.9221,14.197778
177.36,178.38622
0.095025,1.6013019
101.791,15.317145
7.37028,34.343147
28.7411,20.342075
2.26945,0.44568777
0.0,2.1141217
4.814,7.6475697
26.9829,15.772093
2.28143,20.25443
45.2152,8.1445465
3.42946,12.508247
0.237729,2.6030626
258.492,2.1141217
0.0,6.542513
0.0,11.516248
39.4874,48.010715
0.0362784,1.088999
14.8266,15.648969
0.0,2.1141217
0.0105311,-1.1603291
2.3424,3.1837738
2.29405,-5.87136
0.10862,20.936388
0.0205246,2.1141217
19.3196,10.028743
0.0,2.1141217
1.05358,24.141365
22.0206,15.729869
0.0,2.1141217
0.963283,21.885277
3.92181,22.742697
0.609691,33.331886
0.341334,7.201021
106.723,12.318085
4.01476,9.838452
0.207055,13.396178
0.0,6.0010614
0.620975,2.1141217
38.704,7.384486
0.0,2.1141217
3.20072,3.2705524
0.0,2.1141217
0.0,2.1141217
4.37095,-2.2910569
0.0,2.1141217
1302.44,920.2691
0.0837724,2.1141217
0.413808,-4.40853
0.0551446,0.5448663
38.012,12.836405
0.0,2.1141217
0.3643,2.1141217
10.5992,1.3384106
0.249562,0.12338662
19.3196,10.028743
4.06638,9.9042425
0.0,2.1141217
4.08251,8.864041
3.81662,-0.003632784
31.889,21.893522
0.00932824,2.1141217
10.919,12.090957
12.8042,23.505182
110.905,23.040335
0.0132794,2.1141217
0.0289597,2.1141217
9.66222,979.53864
0.0,2.1141217
43.2699,29.497759
9.45517,24.905373
0.0,18.060259
5.47233,12.512979
0.0,2.1141217
0.0157039,-1.9556873
0.814287,11.453752
0.0538038,6.05783
0.0,2.1141217
0.346376,7.777603
7.34724,15.388992
0.487407,8.289624
1.13365,2.1141217
0.0370218,13.319337
1.37359,3.8447692
8.68572,7.7724276
17.9203,-19.363539
11.5176,2.1141217
0.443035,9.349525
0.0,2.1141217
3.52212,-1.0321536
0.0394029,1.5711787
0.222996,25.706093
0.0,33.696865
39.5552,63.957798
68.9565,41.60047
24.9655,10.654388
0.158261,2.1141217
0.0,2.1141217
4.75915,15.593955
35.0216,34.536022
0.0,2.1141217
14.6904,15.620978
12.3794,15.009306
0.0882927,0.8744495
15.9221,14.197778
9.47653,3.8391938
11.4908,14.150109
28.1376,12.335235
0.0,2.1141217
2.64652,2.6902978
0.0,2.3550985
0.0,6.274332
9.31878,11.312515
4.37063,2.7149708
54.5966,14.797666
0.1573,2.1141217
7.42939,35.82716
15.3392,-0.09892583
0.0,2.1141217
0.0,2.1141217
194.251,95.85627
0.0,2.1141217
0.0,2.1141217
29.0844,20.506618
0.0,24.720905
0.0,1.5926938
2.68224,10.8913555
0.0463158,1.5219362
0.0,12.939656
0.056117,2.1141217
1.04265,2.1141217
0.242017,1.3570955
0.0,2.1141217
13.2992,11.3947735
5.69351,-8.504716
0.0,2.1141217
0.0,2.3550985
0.301719,7.736518
74.3385,65.904915
1.45222,2.1141217
0.0,2.1141217
4.1897,-2.7372239
0.173498,2.1141217
3.04928,21.700283
5.05456,-8.3071375
0.0791029,5.2117577
5.53292,3.9298768
0.0,2.1141217
49.8636,11.425557
0.0,2.1141217
0.0214723,2.1141217
0.0816582,0.66490173
0.0841613,48.96494
0.0,2.1141217
0.838692,-0.3751905
15.2572,15.2567215
11.9358,36.59696
0.0,2.1141217
55.6201,38.82111
3.82122,16.97263
5.26932,3.92746
477.65,317.90964
0.0,0.6671412
0.0,2.1141217
0.0,2.1141217
1.55502,3.8391938
13.3117,22.231422
0.0324436,2.1141217
1.54364,27.364796
0.0265144,1.3798501
2.04957,24.706692
22.0206,15.729869
1063.86,549.2233
31.9153,23.576138
0.0,2.1141217
47.6788,14.586855
20.3765,0.29744983
4.87503,7.6229057
59.275,35.798004
1.62773,2.1141217
0.0,2.1141217
9.18391,28.353058
0.0322283,3.1027374
25.0795,11.000205
43.0166,25.76461
3.65862,-0.35803795
9.4149,22.957647
1.28217,2.1141217
0.0,2.1141217
38.0233,26.982023
0.246802,2.1141217
4.18717,34.47391
12.3122,12.197191
0.0,2.1141217
0.0,0.1375947
1.81734,25.246609
0.0675181,1.9199393
2.59898,1.9284613
12.5903,20.700068
1.52986,-4.1705093
0.0,2.1141217
0.0,2.1141217
7.5882,28.829206
0.0257749,2.1141217
10.6141,17.420406
0.0,10.610669
0.0,5.1759024
0.0538038,6.05783
0.0261254,2.1141217
22.5521,16.723577
3.62445,-7.589018
11.6114,20.631374
38.7644,14.196477
149.594,46.54674
23.5057,20.063862
0.0,2.1141217
11.124,25.006868
0.0,-0.8270278
6.49026,11.059208
0.0,2.1141217
0.0,2.1141217
2.59898,1.9284613
0.969841,-4.40853
0.0,2.1141217
0.0,2.1141217
79.1213,33.109955
0.0968266,-0.4557004
0.24016,8.22472
0.785863,11.924985
0.0,2.1141217
0.02025,2.1141217
7.54229,14.4763365
0.0,2.5846238
4.12061,0.024073124
17.1518,9.187369
11.9164,4.9394712
0.0368987,-1.6417942
0.0,2.1141217
122.958,28.210985
0.530209,1.7873843
0.00671422,2.1141217
17.542,30.793034
2.3424,13.878369
3.35623,26.539175
5.4147,5.6597977
0.0,2.1141217
3.73646,40.204845
9.51775,8.177976
0.0,2.1141217
0.03872,2.1141217
15.9221,14.197778
4.53936,0.5853441
0.0,0.9093549
0.0,0.45317078
3.5171,18.542484
9.40501,12.565173
10.6954,11.157152
63.6629,27.280706
0.0646905,6.413969
11.6074,4.807557
78.8296,109.494774
0.0,2.1141217
1.02494,12.436717
0.0317417,3.11053
12.2876,26.407774
0.129854,16.89824
0.0354778,2.1141217
3.42946,12.508247
0.0,0.07330418
0.234831,2.1141217
10.8012,4.3929505
0.0,2.1141217
30.673,-3.0251262
6.41431,12.355937
7.5882,28.829206
0.0203818,2.1141217
0.03394,2.1141217
8.32707,15.149569
52.3091,22.938303
0.0,0.87606883
2.94885,6.5538797
0.0,2.1141217
0.836202,43.52218
1.84609,2.0264173
10.8012,-5.891611
28.7081,34.26046
0.0,2.1141217
0.0,1.1903033
26.234,7.4227295
7.93361,18.89825
4.1897,7.642392
3.20294,15.5828085
0.142361,2.1141217
0.764505,19.620708
16.3663,1.8892715
38.704,7.384486
14.7932,11.911537
0.0,0.29086542
0.0,2.1141217
0.631495,0.5853441
3.74306,-0.120013714
3.84675,3.2658224
32.5781,18.754772
0.0,2.1141217
0.0,2.1141217
0.0,2.1141217
8.203,2.6554432
17.0723,15.492502
0.0,2.1141217
0.0,2.1141217
0.319336,8.554059
0.914182,8.295052
0.0,1.9644475
5.39411,20.67595
0.0,2.1141217
0.0,2.1141217
7.59087,16.075691
19.7835,20.157131
0.798913,2.1141217
0.0541491,2.1141217
0.0,2.1141217
0.0202205,2.1141217
2.06211,2.258166
0.152073,2.1141217
0.0,2.1141217
0.0,2.1141217
1.61219,-2.7970178
18.8375,26.710327
26.2865,5.2822237
0.379094,18.806652
0.0339982,9.898188
0.0,7.1785593
0.185588,5.7229185
0.0994218,2.1141217
13.7581,0.9583409
0.0,8.345823
0.0,2.1141217
0.0,2.1141217
0.0,2.1141217
112.365,113.04106
0.0,2.1141217
8.74577,17.222078
25.6265,19.21511
72.8693,93.71528
38.3952,24.066763
0.0,2.1141217
9.4149,22.957647
0.0126119,2.1141217
21.5036,16.494415
221.788,129.2581
0.0,2.1141217
11.8329,25.538425
0.831891,14.467593
84.2505,55.613396
63.3518,92.41321
2.15402,10.534335
20.7632,2.1141217
2.66615,16.507822
0.0,2.1141217
8.39353,18.149216
0.0,1.8979771
10.1996,2.360348
53.3411,23.261015
1.32599,25.497692
5.91939,7.265312
29.1174,7.9503775
20.3765,10.640912
0.114294,17.508713
0.0198511,2.1141217
29.2321,41.988262
28.3986,-13.51555
0.216623,2.8882394
3.73044,2.1141217
1.08249,-0.98595047
0.0,2.1141217
7.56464,7.2206955
0.0106149,1.8838608
4.97182,2.1141217
211.163,-0.7712681
7.96039,9.620176
53.941,17.030712
15.348,8.052019
3.8158,19.48229
80.836,40.865913
2.07538,2.1141217
26.0107,21.343384
0.452873,7.7213984
17.1412,19.296862
35.0216,34.536022
0.0,2.1141217
0.0,2.1141217
0.0,2.4410946
31.889,21.893522
24.1123,2.2025445
0.0,2.1141217
2.18458,2.1666377
2.85747,-6.298641
4.74927,-0.39824772
6.66568,15.693244
7.13458,16.655676
4.42726,12.880393
0.0,-2.634526
0.316717,0.3462739
86.3551,75.20783
999.037,722.5451
1.59969,0.9352126
0.0,2.2041492
0.0227304,0.29086542
209.235,153.9433
0.0396249,4.2666564
0.0852943,10.694226
33.0915,8.7563
0.0,2.1141217
0.0734236,0.28110242
0.0,2.6174242
0.106071,-0.105356574
0.0247193,2.1141217
0.921524,25.075397
0.096906,2.1141217
0.0,-1.6444747
9.07852,46.21819
39.0521,29.076906
4.26189,-46.32639
11.9358,11.174649
0.0,1.7488718
0.00671422,2.1141217
38.0254,34.871502
60.8617,53.951042
0.0,2.1141217
0.24238,14.908818
0.0,2.1141217
0.235774,2.1141217
0.0,2.1141217
5.75256,16.679386
63.3414,16.209227
13.003,35.108875
0.0587993,2.1141217
60.3985,62.8472
0.0,2.1141217
4.17273,6.5554934
12.0114,15.282107
0.0,2.1141217
8.3931,6.6434584
4.37095,-2.2910569
0.0,2.1141217
0.0,2.1141217
19.3428,19.285362
15.348,8.052019
9.07852,43.931004
0.0,1.6777046
0.0,0.32840252
0.0257749,0.6539917
0.0,2.1141217
20.3765,10.640912
0.0,8.365119
88.0783,51.97717
0.0,5.076988
0.544829,16.824203
7.72727,12.537587
37.887,8.137612
0.0,2.1141217
0.0,2.1141217
8.59654,24.997402
2.88903,23.447826
0.995311,-5.7463665
48.9936,42.94617
28.0864,16.69036
5.29084,71.07916
1.33446,0.34590888
0.0,18.860306
4.61178,10.156065
0.0,1.9987109
34.0964,27.879097
0.695473,5.651844
0.0,2.1141217
0.840448,13.243364
0.0184641,2.1141217
12.9028,20.176268
3.92962,-4.2409534
1.52816,9.325867
0.0,2.1141217
25.4966,5.648841
32.4954,10.713912
0.0,2.1141217
11.9154,35.529274
0.873668,2.1141217
22.0206,15.729869
17.4636,7.5921307
77.0235,16.765327
28.3842,4.5824437
0.0,2.1141217
7.53906,4.5199604
6.01968,2.9374254
11.7739,4.382701
3.08732,2.1141217
1.28723,2.636572
0.196792,1.180531
0.0,2.1141217
0.00671422,2.1141217
1.52524,21.373796
0.105015,-4.7328625
0.0,1.0513065
0.139822,2.1141217
21.2796,11.632712
11.5248,3.591692
6.3446,4.093458
6.18238,2.1141217
0.0712323,1.3882785
0.0,2.1141217
0.0,2.1141217
23.1255,8.196114
32.6296,36.791588
0.0324436,2.1141217
0.0,2.1141217
0.0547491,2.1141217
0.121235,3.5481496
1.5408,20.605999
24.9386,8.622451
24.6299,34.21069
4.1897,-2.7372239
15.5967,13.977793
36.9143,13.301736
0.0,1.1682589
13.6022,26.893814
3.9012,3.596226
0.0,2.1141217
10.8868,14.307025
0.0,2.1141217
7.93361,18.89825
0.0,2.1141217
12.3076,15.113751
0.0,2.1141217
0.275841,23.5167
0.0287865,2.9705076
2.12696,2.1141217
11.0804,44.599606
0.22857,8.0063
0.0,2.1141217
18.0396,20.97514
0.0,2.1141217
35.0216,34.536022
17.5554,49.313316
21.4877,-0.25752795
26.1965,23.195505
12.6712,3.212492
19.3933,33.012325
6.86182,2.3999197
0.0239739,2.1141217
1.03734,1.2297847
10.8713,2.0510108
0.72781,-2.783262
0.265706,12.70377
0.0593326,45.81317
0.0,2.1141217
1.85287,6.6246557
0.353103,0.25070238
12.5479,35.37872
0.571642,4.0327816
6.40251,10.957332
3.35149,32.01187
4.99998,12.285518
73.4655,14.094285
0.0,2.4350557
65.7132,22.099901
8.10573,2.1500964
7.79542,23.458548
32.6241,2.1141217
0.215929,0.83761334
41.4786,46.66471
0.0,8.365119
11.7892,2.1141217
5.33136,1.1386125
4.55759,7.6101017
19.6877,24.51622
0.0,2.1141217
21.3463,18.96202
0.0,2.1141217
21.5146,16.321802
0.0,2.3772311
0.0224556,2.1141217
0.0,2.1141217
0.0,2.1141217
85.4138,35.626358
0.816466,48.442356
5.54419,0.41351032
0.136663,2.1141217
3.6301,3.7142632
0.0,-0.49805808
21.3561,38.08978
1.47888,0.82010317
0.0,2.1141217
0.487407,8.289624
0.0,2.1141217
228.807,232.03015
0.0,2.1141217
0.0609834,2.1141217
11.3063,10.815307
82.0616,57.782417
15.2282,20.561453
0.0,2.1141217
19.0798,2.0301673
31.889,21.893522
0.0,2.021357
56.992,16.083979
1.72625,-5.8510265
23.1255,8.196114
110.162,24.530575
0.0396249,4.2666564
5.06259,2.819084
26.3139,17.581549
54.8596,58.96626
0.0657912,0.45112586
8.31828,49.36285
11.5285,10.139628
0.0,2.1141217
2.01911,8.171075
2.94858,7.1456394
0.0,2.1141217
5.87214,2.1141217
0.938995,2.1141217
0.0377064,0.29086542
43.2699,29.497759
0.0,0.46889877
53.3411,16.29937
24.9748,3.100876
1.00717,2.8747485
0.115845,2.1141217
9.24237,13.465081
0.0,0.7688017
0.143577,2.1141217
0.132043,2.1141217
3.80485,2.1141217
0.258954,-11.739936
12.2876,2.1141217
0.534143,2.0061283
8.57879,20.631374
14.6496,7.290594
4.29872,24.939857
0.0,2.5020463
157.385,25.697464
2.95128,11.735118
22.5027,7.587393
0.0,2.1141217
23.2,89.233765
16.0687,14.519736
11.6114,20.631374
4.74927,12.467231
0.769068,2.1141217
15.4048,11.052666
12.9819,22.08456
0.160502,24.225487
0.124384,16.743319
11.1321,28.400454
11.4008,36.493717
16.961,6.5778446
0.133054,3.4069571
2.62587,10.407796
18.4019,40.10896
0.0,8.622451
52.3091,22.938303
0.0434396,1.1380856
0.236539,2.1141217
0.0,2.1141217
106.723,12.318085
0.099321,18.863464
0.0429488,-0.7607739
111.835,25.779793
24.6134,20.79081
21.1058,9.84655
0.0256454,2.1141217
14.1486,11.838239
15.0016,23.04242
13.6965,24.25099
2.12334,2.1141217
32.9818,6.7275257
0.0756156,9.592898
1.42227,2.1141217
8.51378,3.0949957
14.0998,23.998009
12.6916,18.207026
0.364658,33.935337
4.02702,6.4367113
0.111391,10.684604
12.9084,4.865488
7.42939,29.253323
0.931928,38.79511
0.0,23.726202
19.9108,12.020323
0.0,0.5771313
7.28997,12.212889
0.0,8.17738
2.87811,0.59498954
17.3682,8.101125
0.0594986,2.1141217
0.0,2.1141217
0.0304338,1.3409531
11.9358,36.59696
1.52665,22.988718
0.0,2.270688
5.84351,26.37127
0.0,2.1141217
15.3531,12.1869135
0.0,2.1141217
16.4448,21.654411
7.18879,9.392183
0.345062,12.43255
0.0238568,2.1141217
22.0206,15.729869
14.6375,7.4730806
0.0,2.1141217
0.0,7.7846727
0.239702,3.8645978
6.3236,12.317666
22.4149,5.7925005
0.0213137,-8.287419
36.9073,57.47948
0.485347,0.81757355
5.97234,13.948318
0.0,-2.634526
0.438031,31.843307
1.55944,20.548103
0.143577,2.1141217
0.0,2.1141217
37.887,8.137612
0.00480986,2.1141217
10.0146,10.655471
146.641,58.45385
1539.74,331.7589
0.00507226,2.1141217
0.0,2.1141217
13.6364,3.2499092
0.0,2.1141217
0.0,10.640912
0.0,2.6141453
0.0,2.1141217
8.52971,32.63712
7.68402,12.103691
2.19578,5.6736784
17.2072,14.119567
0.803882,48.66799
11.9358,11.174649
0.0,2.1141217
35.7241,29.149555
0.0,2.1141217
0.113568,2.4363997
0.0349237,2.1141217
14.4733,10.811414
0.0,28.76678
81.5749,31.816353
74.3385,58.945747
2.38675,29.207705
3.99476,21.641783
0.00511306,2.1141217
0.0,1.692682
0.24865,10.777328
0.0,2.1141217
0.0163261,1.5202796
4.28886,14.82258
5.16818,13.174434
25.3844,13.060006
0.0,2.1141217
0.0354723,1.5876985
0.0978433,2.1141217
0.0,0.56621695
35.0216,34.536022
0.0,2.1141217
22.0206,15.729869
0.0,2.1141217
0.0,2.1141217
0.0,2.1141217
0.0,2.1141217
0.0,2.1141217
13.4782,2.1141217
15.6276,17.262972
10.6233,5.309065
43.4606,-1.9472091
6.36209,42.51202
14.5538,22.840694
0.0,2.1141217
13.098,-3.912514
0.432429,2.1141217
71.8092,36.791588
0.0,2.1141217
0.663786,5.898158
3.80485,7.8916492
15.5853,28.964388
0.0493707,3.7206247
0.233384,434.20877
0.0,2.1141217
0.0703373,2.1141217
50.5521,6.721158
0.697837,2.1141217
0.422408,2.1141217
0.00808029,3.5235908
0.110194,2.1141217
0.0206002,2.1141217
0.881686,2.1141217
11.6114,20.631374
0.0916382,14.03368
0.0,2.1141217
5.02155,9.353794
135.592,120.14659
10.6332,9.724065
4.9521,3.5840776
0.0,1.527014
6.79786,5.4875727
0.0,12.227067
0.0,2.1141217
0.0900139,1.1582737
0.0258228,2.1141217
0.0,1.6590316
0.0176474,2.1141217
3.06157,37.53264
12.4125,17.389324
0.0,2.1141217
135.592,120.14659
0.0,2.1141217
0.0,2.1141217
36.5411,35.276623
4.68443,16.813807
11.7336,3.589284
0.32082,0.62366176
11.1964,22.164715
0.0,2.1141217
7.26956,10.551716
0.0,19.08897
18.8057,14.890631
53.7064,24.81356
0.553249,0.00025582314
0.462398,42.94617
0.0,1.527014
1174.89,200.85652
0.0,2.1141217
0.0175519,2.1141217
9.13074,0.9776747
28.7411,20.342075
0.0626873,5.6736784
0.944667,33.314644
2.26397,16.483328
0.411408,-0.13019228
9.4149,22.957647
0.299788,6.8086452
24.732,29.982344
123.679,129.7415
9.9046,41.33076
11.0804,44.599606
35.6741,16.463305
13.5865,9.628687
2.28143,20.25443
10.4076,17.610828
29.1625,8.818016
0.073954,2.3523715
0.319885,14.743774
29.961,37.442562
6.84802,16.906874
0.0,2.1141217
28.1384,11.694365
0.0,2.1141217
0.186278,0.078888655
0.0,0.5771313
3.17315,3.9345748
10.5139,2.1141217
4.53618,6.489149
0.0,2.1141217
0.127162,7.2212152
0.0425362,1.424068
12.6388,20.506859
0.0610322,2.1141217
14.6723,23.699343
0.609691,10.495885
3.24072,12.778542
0.0,2.1141217
15.2572,15.2567215
0.0,1.4718959
38.0233,19.620708
0.297655,5.3499093
5.59409,2.1141217
0.0,2.1141217
0.0342395,2.1141217
0.321029,11.862817
0.0,22.95636
1672.53,979.53864
0.505088,93.2756
8.24252,15.425185
2.56798,31.116938
0.0,6.4813843
0.117297,1.7771232
5.00721,17.142605
23.569,21.365574
0.0227304,0.29086542
0.0614197,2.1141217
18.8186,20.06213
0.0,2.1141217
0.341334,4.6840143
143.863,47.65949
24.7117,-7.1797295
0.0,2.1141217
0.0,1.7488718
7.75804,-1.6246097
0.431208,26.125593
0.0,3.5639863
38.4211,35.564785
0.0,2.1141217
33.9583,23.136318
2.14041,2.1141217
1.68002,17.334919
6.84802,-11.075776
14.2386,20.259695
9.47558,20.337944
0.234005,1.8119814
71.0243,83.96317
0.0,2.1141217
0.0,2.1141217
4.63852,8.009782
16.3631,-0.74240327
36.9154,7.302882
0.160392,13.627924
0.0,1.3405097
5.34906,2.1141217
0.0261993,2.1141217
0.0,2.3945844
15.2823,22.97691
5.4348,18.02874
2.62025,-0.62988544
0.275945,2.1141217
0.0978433,2.1141217
0.553941,2.1559145
29.1463,2.1141217
0.0,-2.634526
35.0216,34.536022
0.0,7.1052723
0.0,2.1141217
0.00775797,2.1141217
0.0,2.1141217
10.04,36.820415
100.339,76.753685
0.0,2.1141217
0.0,2.1141217
0.0,10.640912
25.8108,42.32584
19.1377,10.59468
0.0,2.1141217
46.5779,18.291847
0.455576,5.027464
60.3985,62.8472
12.7947,8.076349
21.4343,26.125593
0.0,2.1141217
0.0,2.1141217
3.34978,56.614372
0.0,2.1141217
0.0,43.03889
0.0324436,2.1141217
0.0,1.6333606
166.055,99.35243
2.70478,14.681173
3.28353,16.108603
0.890727,-0.15661359
0.613162,-1.2780235
0.0,2.1141217
1.20047,6.1791697
10.8847,5.347686
13.1196,36.400494
0.0,2.1141217
0.0,0.5818193
0.0129563,3.9587405
4.87841,22.683056
13.1239,14.765896
3.29546,3.7885969
0.0933876,-1.4019248
5.32181,7.956991
0.0,2.2481496
229.09,124.292465
0.1146,2.1141217
22.4149,4.865325
6.62436,11.772029
2.27551,17.052147
122.832,61.836674
0.0,2.1141217
7.93361,18.89825
1.06308,-7.2487297
0.0,3.159176
0.0,0.5771313
0.0,13.032371
0.232573,7.8813066
7.88268,-4.132309
0.0,2.1141217
0.0,2.1141217
1.02618,-1.8369915
0.570897,26.275034
0.0,2.1141217
5.80644,30.059666
23.8582,1.6730034
0.722886,2.5846238
1.02096,-1.6204274
0.0,3.0768182
0.0159457,1.2592468
89.6832,48.062916
1.16659,23.261015
0.0281096,2.1141217
0.0,2.1141217
0.0,22.888176
0.124384,16.743319
21.3463,18.96202
0.0336431,2.1141217
26.8887,23.586037
19.084,30.84797
6.753,7.761571
0.0,-2.634526
9.31878,11.312515
0.0,2.1141217
10.8847,5.347686
9.4149,22.957647
3.12215,15.315433
3.15788,-0.8901329
0.534861,9.909786
135.592,2.1141217
0.288601,0.99495673
0.0,2.1141217
1.96863,4.7234097
0.0,2.1141217
6.42487,15.084323
15.036,7.1287756
1.96863,4.7234097
0.0,10.435331
0.439564,1.6970284
51.9129,48.022022
6.86627,40.482403
19.7835,20.157131
8.4425,13.405335
0.0,2.1141217
95.6333,148.75148
0.27959,2.1141217
0.164682,2.1141217
23.0654,14.324264
0.0,2.1141217
0.0407668,2.1141217
6.17248,-0.53835726
0.0,2.1141217
8.52643,26.878162
14.4787,21.965393
0.0,2.457545
0.0,2.1141217
0.0,2.1141217
89.6832,48.062916
0.0393136,5.047127
0.0,-1.5855246
0.639668,2.1141217
3.77784,10.43491
169.985,227.57024
34.5353,28.396885
3.12215,15.315433
52.0819,5.145871
30.6925,26.891708
112.303,49.80837
14.6555,42.177856
11.1251,29.704018
0.0,2.1141217
0.0,2.1141217
0.0,2.1141217
0.051393,10.640912
0.0,2.1141217
2.8793,2.930811
0.0,2.1141217
11.3093,39.009518
16.0687,5.4886456
0.0,23.726202
0.0695749,5.7311573
46.9142,0.812618
0.0,2.1141217
4.75915,15.593955
0.0706942,-1.4208922
6.7961,16.756033
0.433299,3.4205756
4.22351,26.727367
118.592,23.316647
3.80485,11.790348
6.83092,2.1141217
0.0,4.2483196
7.20153,18.522194
9.46168,8.680872
3.29546,3.7885969
4.32433,2.7080092
8.46153,-2.338165
5.46965,9.947353
12.9993,13.649716
0.142337,2.1141217
8.7999,23.357658
39.7765,13.532025
20.3765,12.939656
8.15758,10.270487
26.1965,15.241258
0.0317417,3.11053
68.9565,41.60047
0.0,2.1141217
12.5438,18.556225
0.0327177,2.1141217
0.416637,28.01065
4.41878,10.241832
4.61138,19.378466
22.0206,15.729869
0.0,2.1141217
0.0198536,1.3662713
0.440753,10.36702
0.0554498,2.1141217
0.0442276,2.1141217
19.8044,13.419856
0.197961,0.4122157
0.0,0.86601996
0.0,2.1141217
4.98572,9.822929
1.61219,-2.7970178
0.0,2.1141217
0.249562,0.12338662
0.816466,48.442356
0.0478645,-0.08306742
12.8546,29.474169
0.0,2.1141217
0.18013,2.1141217
12.3842,1.6731446
0.0,2.1141217
0.120609,2.1741898
0.287353,2.1141217
9.7619,5.5702925
0.0563765,2.5333014
0.0,2.1141217
0.64019,-3.4851406
10.6273,13.839597
0.0,12.682918
0.0506756,2.1141217
16.075,7.2375145
0.0,2.1141217
0.0598579,2.1141217
0.741945,2.7713957
394.63,445.62277
0.0,1.4856396
0.051393,12.939656
49.3187,27.995983
0.0,1.3539
1.26676,2.1141217
43.5617,31.957092
0.0,-1.3234899
0.0,2.1141217
0.0,8.274825
0.218334,-0.3180809
6.58066,13.966818
17.8058,15.3869095
0.0,7.939245
0.906209,1.1524518
3.65862,-0.35803795
36.9073,57.47948
0.0776316,1.7238653
0.146754,18.98362
9.57138,27.502678
6.09898,-1.5531638
0.0,2.1141217
0.0,4.071004
0.711576,3.9383605
1.03622,2.1141217
4.55759,7.6101017
22.2711,11.773914
0.0,2.1141217
0.051393,10.640912
35.3348,6.3552713
13.3221,8.878044
8.74772,24.145414
11.6495,-0.072625875
20.2039,27.525848
20.2765,-0.64629006
18.4019,40.10896
17.5661,43.018032
0.0751717,0.35522795
0.904192,-0.13019228
0.256742,2.1141217
42.0758,10.8930855
0.0,2.1141217
1672.53,979.53864
0.0262574,2.4942183
0.219048,2.1141217
0.0,1.2800832
8.58346,41.835133
0.0,30.371185
4.09223,3.9267251
3.17418,-4.7733746
0.0296782,4.808668
0.339197,0.10518193
31.889,21.893522
0.0,2.1141217
0.366329,19.72113
6.81067,24.730972
0.0,0.32187057
32.2663,18.915112
12.3578,16.102467
0.127069,8.137612
0.16686,1.9319446
1.59969,0.9352126
433.236,256.0741
3.45128,13.032371
0.116668,6.542513
2.71852,6.7301035
113.286,72.496544
0.0,2.1141217
0.487577,2.1141217
0.117864,2.6552978
16.2511,15.488265
0.64019,-0.24114382
1.5047,5.808461
21.8581,21.867262
72.5005,2.415898
7.25514,11.671786
22.1297,25.932491
0.0,4.31604
32.5693,10.99425
7.88277,9.082206
0.921524,12.2557
2.92615,2.9302194
0.0,2.182158
27.6481,-3.058665
0.0,2.1141217
0.0,0.7688017
4.40644,4.839779
0.0,4.2483196
0.697837,2.1141217
0.00874122,0.596704
2.48554,13.627924
0.0929124,2.1141217
0.113443,26.454733
0.0,2.1141217
0.0,1.945296
22.5547,12.789488
0.0,1.5016155
0.025486,7.4242964
2.73993,1.2791839
43.6408,18.860306
88.2999,59.876373
6.40389,16.348291
25.7537,6.1086254
0.0,2.1141217
65.6935,35.6943
0.0,2.1141217
0.38795,2.1141217
0.0,2.1141217
10.9222,7.64942
5.80843,15.450118
0.368738,9.499555
11.4074,29.337078
5.50564,42.165443
30.4823,4.7515383
21.7269,12.186673
0.655482,2.1141217
0.0,2.1141217
0.142337,2.1141217
31.4133,8.434434
2.05782,2.1141217
0.0175253,2.1141217
10.6699,23.74799
0.0,1.133981
2.36245,2.1141217
4.06206,10.610669
0.0,-0.2981515
12.7565,3.1476789
2.19578,5.6736784
0.02025,2.1141217
0.0,2.1141217
0.0419795,2.1141217
0.0,2.1141217
66.26,44.767036
0.0,3.9565563
504.325,324.78696
16.4448,21.654411
105.821,72.64637
0.541685,0.14989567
4.33664,-1.2167556
0.0,2.1141217
0.0,2.1141217
0.0,-4.0456066
0.0,10.640912
11.2459,14.131247
23.5057,21.816422
13.2992,11.3947735
0.0,2.1141217
0.0,2.1141217
6.27998,31.992409
0.0,2.1141217
35.9072,17.661873
19.4241,12.33274
1.04998,22.95636
4.545,9.898188
0.0610322,2.1141217
137.719,15.373551
0.494796,11.167752
0.364178,6.062167
0.0,-19.363539
167.223,30.88197
0.0,1.0983262
0.0222479,1.5822775
0.0,2.1141217
0.0,2.1141217
23.4552,30.154346
0.0,2.1141217
32.6081,13.530164
2.52583,6.014304
0.620975,2.1141217
1685.57,725.8243
17.8849,-3.819585
7.12118,-5.2425413
0.0,2.1141217
0.0,2.1141217
45.9377,35.232307
0.0,-5.995919
0.02025,2.1141217
0.0,2.1141217
0.0630775,3.3651342
0.0,2.1141217
15.9439,-2.390951
0.795791,2.1141217
0.816466,48.442356
1.06258,3.1960177
9.55958,18.0009
2.71668,4.4404936
7.24419,10.013529
6.57163,21.268776
28.7819,15.655776
0.0,2.1141217
128.636,52.03615
17.8305,33.314644
9.31878,11.312515
0.0546074,2.5342872
0.0187414,2.1141217
0.0,2.1141217
4.10174,8.430272
0.0,2.1141217
2.56689,8.756703
0.127013,11.958759
0.182946,0.69926
0.0574451,-6.8705444
0.571642,5.772444
26.1965,23.195505
0.0,2.1141217
17.5005,2.1141217
5.4147,5.6597977
14.2404,1.0983262
0.0,2.992619
14.5572,10.1182375
0.0,2.1141217
1.68421,-4.7917137
8.203,26.963102
26.6666,59.627106
0.0,2.1141217
151.923,98.20641
0.0,12.671809
6.93717,2.4518008
19.0535,6.001665
0.0,3.7624562
0.0,2.1141217
9.88996,-13.914273
0.0,4.2483196
4.42726,12.880393
0.0,2.1141217
31.5645,8.251821
13.3136,28.705048
0.0,-0.36871004
0.571642,5.772444
3.34965,23.450651
8.08687,19.559624
0.196835,2.1141217
16.3631,-0.74240327
52.1765,39.17518
0.0105662,-0.69649386
0.0,2.1141217
0.652652,-3.6604788
0.0,2.1141217
0.0244684,2.1141217
0.0,2.1141217
0.0,2.1141217
9.07465,9.825882
38.7328,14.838842
0.0,1.2891786
1.18369,4.584762
10.775,12.13841
0.0,0.34535432
0.0657912,0.45112586
3.8008,31.836977
0.0355289,2.1141217
0.0,2.1141217
38.9082,4.295841
18.9464,1.4188256
0.0,2.1141217
138.872,9.09865
0.0,2.1141217
0.250793,20.583496
0.0,2.1141217
9.20186,10.62346
11.3911,19.992884
58.7983,27.63639
0.0,0.32187057
35.4512,8.168967
0.202142,29.152077
0.0,-1.761796
0.317493,2.649564
0.0,2.1141217
12.8011,23.03108
16.4448,21.654411
0.0,2.1141217
48.1875,62.82497
3.8263,13.693404
0.938995,2.1141217
0.633513,2.1812382
11.6074,2.1141217
33.7248,33.223255
119.944,86.89568
0.0,2.1141217
0.0179047,4.7071433
0.1349,0.6671412
7.8008,4.707923
0.496241,-4.2409534
10.411,11.430261
0.536926,2.2468162
0.0495235,15.92916
0.189148,2.1141217
7.18911,3.2010467
39.5927,29.24619
2.90855,17.867952
8.13341,-1.2855103
7.98787,20.649689
7.2525,29.53667
12.3155,32.19772
0.0640644,-1.5534871
0.496241,-7.790761
0.571642,4.0327816
0.0,0.9093549
68.9289,40.125473
0.0,2.1141217
5.02841,0.66490173
0.0,2.1141217
14.3356,42.77213
68.9289,40.125473
122.353,13.725671
86.786,44.5184
16.5429,7.025364
0.665659,-7.3046093
0.272273,2.7438042
12.1094,12.522966
2.08579,14.741757
0.0244278,2.1141217
0.66808,0.40223908
0.101222,2.1141217
10.411,11.430261
19.0798,18.778984
5.19077,5.304077
5.78663,3.5001225
4.1897,7.642392
31.889,21.893522
0.0213581,0.11054015
0.835289,8.035438
0.0610322,2.1141217
0.0,2.1244838
0.632397,2.1141217
2.1598,13.164859
0.610725,2.1141217
21.6066,14.919477
0.0,2.1141217
228.807,232.03015
0.0,-2.117314
23.6853,23.14975
11.0852,32.073658
7.42939,29.253323
0.0,2.1141217
35.9072,28.922516
0.0729982,2.1141217
7.68402,12.103691
13.2386,10.154524
0.127069,8.137612
8.30263,18.904358
12.3591,42.11891
0.012238,6.542638
0.0031855,3.3810468
0.0,2.1141217
0.0,2.1141217
104.052,24.19186
17.6696,10.100707
0.0,176.89882
13.3331,30.203506
20.945,55.11265
0.0,2.1141217
0.18013,2.1141217
30.345,13.500933
10.8361,162.48741
0.0289172,2.1141217
16.4599,0.24263847
0.0,1.9440725
27.4498,10.163865
10.919,12.090957
2.2225,15.039655
1.2634,-5.0101366
0.0,2.1141217
29.7185,3.6619704
169.356,80.71264
40.2252,50.468742
0.0593326,45.81317
2.84066,-1.5629308
0.0,5.562128
0.0573953,5.2345524
6.4931,5.995144
0.0,2.1141217
8.26423,20.437159
0.0239599,2.1141217
0.0236764,2.1141217
0.0244809,0.32824457
17.823,43.69118
0.243201,2.1141217
23.569,21.365574
0.0,2.1141217
0.237729,2.6030626
15.4126,23.174608
0.530209,-2.4328406
5.72192,0.6234927
0.0251241,2.1141217
0.97247,5.533186
0.0399721,1.8081255
0.0,2.1141217
1.95182,7.249159
0.0832453,2.1175272
0.0,2.1141217
0.0,-3.215037
0.551099,2.1141217
20.4143,13.431645
19.4462,17.453035
0.235774,2.1141217
2.26965,20.460705
4.91365,31.30373
18.5823,21.716799
0.0394935,2.1141217
20.9778,15.450052
0.0376121,-0.6650107
10.5992,1.3384106
0.0,2.1141217
0.141534,-6.149766
10.0685,35.877663
12.011,2.6910422
43.6381,5.7124987
0.0,2.1141217
1.4983,4.0487194
109.889,14.058727
0.0411764,2.1141217
1.18369,4.584762
36.3421,74.60927
4.99855,2.1141217
31.7616,29.555214
0.473211,-10.002038
0.565411,4.1234045
0.0,2.1141217
0.0,2.1141217
7.13458,16.655676
0.0319278,3.2932243
0.0,2.1141217
60.8617,53.951042
0.0,2.1141217
0.218525,0.54465675
7.76978,8.171075
2.24531,2.1141217
0.302278,2.6734028
19.633,20.23693
2.62049,15.540274
201.331,92.37909
106.723,12.318085
11.3618,2.1141217
6.17503,12.30139
18.2676,1.034899
0.0199938,2.1141217
22.2482,14.337651
14.9424,1.7977374
11.879,53.59527
4.0058,13.251504
1.2432,7.31036
8.51798,6.186096
19.4241,12.33274
0.774944,1.9284613
0.0,2.1141217
110.305,18.035967
0.0,2.1141217
0.274148,13.824176
39.4874,48.010715
0.861373,6.767269
0.0362784,2.863255
2.15402,10.534335
5.78663,3.5001225
882.552,422.86575
18.2872,2.6174242
5.57964,16.015026
9.66222,979.53864
0.0932878,-0.06845856
4.91671,5.141102
0.0728872,2.1141217
0.401957,2.1141217
0.847076,7.6107874
1.18369,4.584762
0.0,2.1141217
25.8108,42.32584
8.39085,22.072178
0.0,2.1141217
2.08647,12.347754
36.883,25.045626
0.643999,2.0843592
8.44341,-2.7970178
12.0858,14.746066
1.89412,8.068688
0.215716,11.321649
0.185664,-0.2981515
3.64787,29.69132
0.40315,1.4200249
0.0,2.1141217
13.1918,19.154867
0.149628,2.1141217
0.0,0.9250326
2.79726,9.290251
14.0894,32.913635
0.0,2.1141217
19.2125,11.167752
3.59627,45.450047
24.0243,31.53104
23.8795,24.114328
0.0,2.1141217
1.00624,13.7748575
4.97182,9.498295
20.0894,21.022554
25.6865,1.9187403
0.0764769,2.1141217
36.7233,9.2964325
0.115462,6.069051
0.0,2.1141217
0.0219655,2.1141217
2.36271,14.119567
0.0,16.369684
10.9573,-1.165479
26.9829,18.103214
0.0,2.1141217
0.0254356,2.1141217
0.177502,2.1141217
3.0564,28.108158
0.127013,12.021923
7.64598,13.054744
0.0489275,148.75148
0.0,2.1141217
2.06579,4.990391
0.0425362,-1.4331598
0.0562142,2.1141217
0.0995036,5.507628
0.0,-2.634526
0.0,2.1141217
0.0,2.1141217
0.0,2.1141217
1.26098,1.0983262
0.0,2.1141217
0.00866662,2.1141217
0.0309796,1.8801861
0.665645,4.101246
0.0180479,0.8387649
3.80485,11.790348
2.53018,3.5291605
8.30447,30.531797
7.81638,-4.793475
4.27029,-1.933269
9.8235,33.821404
0.113065,2.1141217
0.0164529,-3.0348742
0.024356,1.5586431
0.110959,0.13200855
8.30396,7.02357
0.0357039,2.1141217
3.12215,15.315433
0.158853,-4.40853
0.0,2.1141217
22.6994,6.6474257
0.0,2.1141217
9.47172,23.961369
0.0,2.1141217
16.7626,17.810225
1.63821,9.029842
0.552373,-5.8510265
8.30396,15.854009
88.8617,28.74887
12.3122,14.779863
22.6966,24.621618
0.0,76.219795
35.4654,11.794852
5.73474,18.440155
0.0,2.1141217
0.0,2.1141217
2.47663,10.859766
4.3151,6.670347
99.9945,10.646551
0.0465422,1.5907471
0.0,14.436345
0.534861,9.909786
67.7779,41.846657
0.0,30.371185
0.0197957,1.9036095
0.172067,-5.9888706
12.6291,11.483293
0.0,-2.634526
9.68664,10.584289
0.111466,2.1141217
0.0661457,2.1141217
4.42726,12.880393
0.544829,16.824203
0.126268,2.1141217
28.3832,35.365227
6.18577,13.869979
5.62854,14.78301
57.2875,127.02221
0.0,2.1141217
0.530209,-2.4328406
0.0,2.1141217
0.885176,2.1141217
32.2663,18.915112
2.16714,-1.4194787
3.92962,-4.2409534
0.0,1.2342758
7.93916,22.228308
0.0397683,6.413969
34.9927,19.883709
0.0,2.1141217
29.8053,34.21067
0.0234363,2.1141217
0.0,2.1141217
100.339,76.753685
7.4172,8.3190365
0.0,2.1141217
0.0,2.1141217
2.33652,6.2953568
23.2438,7.764764
2.23965,9.364363
0.127069,8.137612
0.0,2.1141217
53.2671,2.1141217
0.493416,9.909786
3.07596,23.287373
57.1242,43.250576
3.08732,2.1141217
4.21751,9.608385
14.1121,17.641216
25.161,5.913929
0.0,2.1141217
9.57554,68.73067
31.6808,7.7902346
0.142322,2.1141217
6.3236,12.317666
0.885176,21.284657
0.0,2.1141217
21.8819,20.460121
0.0,2.1141217
0.0,-7.7109594
5.78663,3.5001225
3.5073,11.432178
23.342,2.453398
0.0,2.1141217
2.70478,14.681173
0.051393,10.640912
0.0231902,3.5349584
0.430817,1.4087701
3.82681,8.77594
50.5521,16.161892
8.48308,29.341072
0.207645,2.1141217
19.4241,12.33274
0.0,2.1141217
42.4198,14.891013
23.7218,14.458395
0.0,12.318085
7.18317,18.669558
0.0,-5.982645
15.8175,23.236181
22.6392,22.235886
0.105717,13.121076
5.54694,4.203312
19.4284,1.5572522
49.2648,20.870726
3.80485,11.790348
17.865,15.522381
0.0764948,6.688222
51.3322,13.412292
36.5411,35.276623
0.0,2.1141217
214.545,55.938267
0.205377,0.6406727
0.0,2.1141217
12.3076,15.113751
10.7625,17.010515
0.0360482,1.2269795
0.027453,-1.5067499
13.6364,3.2499092
4.64168,7.5462065
3.43098,10.419185
0.287353,2.1141217
0.0,2.1141217
0.0,2.1141217
0.0824955,31.23838
0.803882,0.078888655
7.88268,-4.132309
8.76273,59.639988
0.0,1.7904451
0.0,7.2248926
0.0134073,2.1141217
11.3911,19.992884
0.0,5.0303736
0.512462,0.73700213
8.99207,3.1549697
187.407,76.33068
6.32027,6.5035286
0.0,1.9356527
4.88149,6.6703033
14.6294,5.283948
0.0,2.1141217
21.9927,22.145355
2.85794,24.860943
0.0256454,2.1141217
0.0,4.895401
0.0,2.719922
0.0,10.610669
0.049054,2.1141217
43.2114,31.972515
13.003,35.108875
0.0,2.1141217
0.0,2.1141217
25.7777,25.402067
0.0,2.1141217
66.1827,24.823854
89.6832,48.062916
25.1238,114.40177
0.0,2.1141217
0.0,2.732752
0.149176,0.9828265
0.0,2.1141217
93.0579,46.18132
0.659278,13.967477
10.7566,109.494774
2.66844,10.618019
23.8784,16.184977
21.3463,18.96202
13.3117,22.231422
146.641,83.525406
45.9852,2.1141217
0.0,2.992619
7.07182,17.324467
1.4546,4.0384607
0.245057,5.9548626
0.0,2.1141217
0.0164124,4.74872
0.0342283,2.1141217
4.86473,5.121929
10.1833,2.830274
93.0804,61.96769
8.65445,24.384735
0.0,2.1141217
2.8793,2.930811
0.0,2.1141217
0.264613,17.114553
32.8704,8.195742
9.09324,17.342384
22.8231,11.662015
37.887,8.137612
0.012278,2.504086
0.0,2.1141217
1.79176,-0.8614471
6.68128,26.818836
1.26676,2.1141217
10.5758,11.624115
11.7533,-5.044528
31.889,21.893522
7.28997,12.212889
11.8606,19.314981
47.3513,19.514023
0.0,2.1141217
0.353843,14.647026
0.0,2.1141217
12.3842,1.6731446
0.0,1.9134045
14.801,2.1141217
5.78663,3.5001225
0.0,2.1141217
0.0,2.1141217
0.0,2.1141217
14.3224,3.8547902
2.29405,0.3372779
0.287353,2.1141217
0.0,2.1141217
2.59898,9.723608
16.2393,1.2372963
0.0506783,2.1141217
0.0,2.1141217
0.0290253,2.146422
0.277327,6.2934256
9.4149,22.957647
34.1624,61.861923
0.0,2.1141217
4.68651,15.49155
154.968,79.20347
21.8505,21.124203
28.1376,12.335235
12.3842,4.737774
0.0,2.1141217
0.0,-1.9472091
6.09898,-1.5531638
36.9073,27.012299
1.17427,8.959245
8.7493,3.3757286
0.150147,61.18591
0.0316807,0.30122566
0.0,2.1141217
0.0,2.1141217
4.0341,8.315525
6.84205,9.106666
23.8301,13.27768
0.0,2.1141217
0.0,2.1141217
11.9172,26.991144
0.0198536,1.3662713
2.21372,11.3796015
7.67191,32.287605
6.78202,30.283464
0.808567,2.1141217
12.6916,18.207026
0.0394029,2.3012564
18.2676,1.034899
4.43515,2.7738788
0.232779,6.0162487
2.38472,24.183392
76.7571,176.89882
17.5554,49.313316
5.47819,8.874988
0.0880037,17.035135
1685.57,725.8243
56.7611,4.425946
82.423,44.120834
5.14393,12.496418
0.0178514,1.152406
0.0,1.9609311
0.127118,0.37726164
0.0,2.1141217
7.83451,27.037758
32.8867,32.37284
0.0716554,2.1141217
7.26956,10.551716
397.601,27.733875
3.47315,29.20094
0.0,2.6174242
10.6178,16.72379
0.0712323,1.3882785
4.3848,0.94531107
5.05107,10.685491
23.8144,3.2605584
0.730632,2.1141217
0.0,5.3020415
26.6832,8.903003
35.0216,34.536022
0.0757449,2.1141217
51.3322,13.412292
0.0,2.1141217
20.6573,30.94889
86.786,44.5184
5.86462,4.100054
0.467997,-0.2097187
46.8276,44.478836
526.804,493.0523
0.0528512,2.1141217
0.0597723,2.1141217
4.22201,10.091945
12.7252,12.024989
0.0,2.1141217
0.0,2.1141217
0.0,2.1141217
0.0,2.1141217
24.0658,30.506737
6.9048,30.23168
18.9824,10.604936
0.0,2.1141217
29.2321,41.988262
3.98025,30.347212
0.0,8.622451
2.24119,27.987976
0.0840411,2.5958238
4.70495,6.5383234
11.7377,10.651156
19.0873,1.5722468
6.93167,15.110984
0.16082,2.1141217
0.0,2.1141217
6.41355,18.223183
0.0,9.392183
0.0,2.6174242
0.276187,10.424472
0.0,2.1141217
0.0,2.1141217
0.0,33.348335
0.518322,14.82258
95.6333,148.75148
4.50339,13.671357
7.5427,45.81317
143.863,47.65949
44.7525,46.593597
0.0,2.9833596
11.5061,11.981066
4.27785,42.906757
0.0,2.1141217
0.0252895,2.1141217
0.0,2.1141217
0.0,1.64979
0.0,2.1141217
0.349096,2.1141217
0.0,2.1141217
105.929,5.915943
75.4415,14.411286
20.9778,36.557873
5.1564,7.477748
1.03251,-0.14276624
0.0,2.1141217
0.805096,34.55755
0.0,2.1141217
25.3844,13.060006
0.0137091,1.6380608
82.287,59.222385
1.61219,-2.7970178
0.224191,3.1496227
35.6083,9.452274
0.0,2.1141217
14.0998,8.48352
0.0,2.1141217
4.39634,0.10518193
63.3518,96.71566
0.0,2.1141217
8.51798,6.186096
0.0177495,2.061723
18.1224,44.747852
0.0,2.1141217
30.7603,8.318357
0.0,-0.29831362
0.378485,5.1542854
226.209,116.68059
0.0398024,1.2805178
0.0,0.92234063
0.0284184,2.1141217
1.84162,17.23142
0.0,2.1141217
0.0354006,2.1141217
0.0224526,23.070814
11.6433,9.349525
501.184,326.93292
1.75638,10.108532
9.93582,26.027315
0.0,2.1141217
6.39267,4.8497586
0.0,2.1141217
0.0,1.7225616
1.17408,14.920226
0.0,7.736518
0.0,2.1141217
0.803882,0.078888655
11.1051,28.614124
0.0,2.1141217
4.24435,26.046293
8.90259,11.169949
20.3765,10.640912
6.10479,16.641634
4.95834,13.597182
0.0,2.1141217
0.0148745,-0.010811567
0.0,1.453299
2.38815,-5.609516
20.9778,15.9239435
12.4414,15.515805
2.70478,14.681173
0.0,14.864829
0.276195,2.1141217
0.0,2.1141217
97.4455,13.742554
23.5057,21.816422
0.0667185,0.6992481
0.0,2.1141217
26.276,6.9648666
4.76564,2.1141217
7.60944,-20.942436
0.0221529,-0.19104433
0.0,2.1141217
0.0419176,2.1141217
1.89412,8.068688
2.29886,2.1141217
1672.53,979.53864
0.0,13.21751
0.0,2.1141217
169.204,177.49995
2.94858,7.1456394
0.479432,19.620708
5.52068,-3.9367893
8.54713,1.5715945
0.0478168,2.1141217
0.0,-1.9822395
0.0514544,2.1141217
33.4083,23.08702
0.0,2.1141217
0.0,2.1141217
86.4956,50.407116
0.0454747,2.1141217
13.7987,15.871144
0.0717698,3.6339765
89.6832,48.062916
0.0,2.1141217
0.0503724,2.1141217
110.913,136.47797
0.128932,2.1141217
0.0,2.1141217
27.1488,27.692314
6.71538,20.460121
0.0170887,1.9800608
4.61967,37.742016
0.749273,2.1141217
0.222726,16.58432
0.202952,3.1030316
0.0635397,-0.90776896
11.4008,36.493717
4.01142,1.027735
0.0768075,2.0054321
0.0,1.8957705
0.97247,5.533186
0.0734416,3.4751265
0.0,2.1141217
13.8449,69.50042
14.5591,-2.848832
0.0,2.1141217
7.89957,12.596095
0.00453811,2.2990296
0.0,1.2445958
7.72727,12.537587
0.0,4.1904297
29.1174,16.727327
7.96072,-1.9187844
0.00898059,1.2315202
0.0,0.7803285
0.140155,8.504501
0.041083,1.271942
0.0,-1.8163049
0.755281,23.505182
31.889,21.893522
0.0,2.1141217
0.0,2.1141217
0.0126912,2.1141217
11.5061,11.981066
10.5063,19.178844
26.234,7.4227295
47.44,43.58639
1.68959,8.164414
13.9068,9.108277
9.65741,21.749004
0.0,2.1141217
1.81158,4.167307
0.200307,2.3122778
16.1284,17.689213
0.0319726,2.1141217
0.0,30.918863
0.493416,9.909786
0.0,2.1141217
0.0,2.1141217
0.014177,2.1141217
2.0575,13.317297
26.7264,4.9298625
28.4969,11.004595
14.8266,15.648969
0.921524,12.2557
0.0,2.1141217
0.0,7.736518
7.89957,12.596095
7.06927,16.794437
0.66808,0.40223908
0.509187,2.1141217
197.497,40.74506
13.2992,11.3947735
6.34011,1.4339097
0.0,2.1141217
0.01378,-0.90776896
26.3643,3.621923
3.56694,5.6058874
8.02989,10.28357
5.34971,10.548388
0.54429,9.77436
7.42939,35.82716
12.3578,16.102467
0.0569866,2.1141217
830.505,88.99688
0.145731,1.861089
35.0216,34.536022
0.814287,14.434878
52.2404,19.97969
213.647,125.805305
0.709393,66.75547
0.0,2.1141217
0.0,1.8531551
54.8596,58.96626
0.611819,2.1141217
107.268,31.062729
22.6442,10.521745
5.75256,16.679386
0.0,2.1141217
0.0,2.1141217
0.0,-19.363539
0.0,1.3103349
3.5795,1.7563076
1.1534,1.8355954
0.471737,-0.8283117
0.0,2.1141217
143.863,47.65949
0.183247,6.09383
50.6105,33.438
0.0422612,2.1141217
10.9545,9.550933
48.1875,62.82497
0.0355736,2.1141217
0.0,2.1141217
233.507,76.52117
0.0623884,2.1141217
1.83979,6.7446795
13.3832,15.199935
8.60684,16.819206
0.0,2.1141217
53.2671,17.310696
0.0,2.1141217
7.36485,4.2510777
100.183,44.932846
44.9541,2.1141217
0.0327047,7.3058805
18.2872,2.6174242
0.0,2.1141217
7.05799,2.1141217
12.6111,18.351051
26.0496,16.369684
0.0,2.1141217
17.5688,2.1141217
0.0274851,6.983735
0.0,27.011475
2.48673,33.66527
0.5478,2.1141217
396.915,279.18475
0.0,2.1141217
0.0,31.370226
0.0733279,1.6033592
0.0,2.1141217
3.67181,4.305233
0.214342,2.1141217
0.835289,7.557605
2.08647,-0.59653735
0.0,2.1141217
0.0,2.1141217
0.0,2.1141217
0.0179047,4.7071433
3.08732,2.1141217
9.45517,24.905373
0.346506,-3.840078
5.30832,4.2006216
0.0841203,2.222953
1.18369,4.584762
2.23442,19.95058
0.0,2.1141217
0.0,0.4891944
0.0,2.1141217
0.0,2.1141217
0.0,-0.31402683
16.5349,17.116905
0.0285195,2.1141217
11.0104,6.8164988
0.468912,3.8113172
10.9407,3.7090974
17.9272,11.98941
34.3637,28.979336
410.978,62.28468
0.684311,1.9158328
158.563,151.23729
27.1771,31.219501
1.52665,2.1141217
0.0,0.9093549
0.0,2.1141217
22.0206,15.729869
0.0712764,13.114638
0.0,2.1141217
23.348,66.9844
0.0,2.1141217
3.02215,0.5142741
0.0,2.1141217
9.84674,28.694233
0.0,2.1141217
0.0,2.1141217
135.162,12.720351
0.0,2.1141217
11.2641,34.21069
0.0,0.7235663
39.9574,10.512031
0.15934,2.1141217
0.0752463,2.1141217
2.0161,8.457172
0.0101273,2.1141217
0.0188633,2.1141217
0.106439,7.2328196
4.61967,37.742016
0.0362889,2.1141217
111.033,61.66856
0.0,2.1141217
0.0,2.1141217
48.5489,8.047235
8.61256,16.029943
8.29906,14.975915
12.9084,4.865488
0.0635397,-0.90776896
51.9438,17.58857
5.22933,11.709648
22.2207,18.262247
0.0743738,0.20111871
11.5815,1.4625089
4.42726,12.880393
16.7667,12.857332
0.0,2.1141217
5.80644,30.059666
0.0,1.5094061
2.8793,2.930811
20.6573,30.94889
0.0,2.1141217
3.40206,11.675517
0.0,2.1141217
0.319885,14.743774
0.0,2.1141217
0.0510919,10.477565
0.0,2.1141217
0.0197957,1.9036095
0.0,2.3851686
21.4388,-3.0837324
36.9073,57.47948
0.0978433,2.1141217
0.0,2.1141217
0.0,3.6658502
7.69662,10.437711
38.012,12.836405
53.7064,24.81356
0.0,2.4350557
1.84062,6.794239
36.1902,27.83561
0.0,2.1141217
0.575506,1.8044353
0.0,2.1141217
11.1825,2.0919032
0.0455233,4.100954
0.0,14.218343
2.36245,14.865811
0.275205,3.3620217
16.4599,0.24263847
1.50983,-0.19677234
0.0,2.1141217
45.9039,54.694447
0.0,2.1141217
0.0244278,2.1141217
0.601147,1.798353
0.0886052,4.5194664
0.0,2.2209299
0.144043,3.3280761
0.182939,2.9015365
0.0,10.640912
0.0178514,1.152406
0.0,2.1141217
0.0994218,2.1141217
0.0245162,2.1141217
0.0,2.1141217
0.0265414,-0.87672067
0.0,2.1141217
5.27368,16.988731
0.0,7.737973
0.0168339,2.1141217
46.1839,34.909924
0.0,2.1141217
86.3551,75.20783
0.219512,1.3290293
0.0,2.1141217
0.0,2.1141217
0.839133,0.82010317
0.958575,10.537756
34.5456,2.474578
46.6077,6.8599873
0.0,2.1141217
11.7739,4.382701
0.324248,22.747501
19.0973,21.549389
0.0,2.1141217
0.0,2.1141217
0.0,2.1141217
3.71149,4.3787603
38.012,12.836405
0.0,2.1141217
38.704,7.384486
9.11279,34.944603
2.73993,1.2791839
0.1488,2.1141217
78.8296,109.494774
0.303486,2.1141217
10.3538,-0.9829204
0.0,2.4469397
0.278832,2.1141217
35.0486,30.46339
0.0,-2.634526
185.622,2.1141217
0.0,2.1141217
9.31878,11.312515
0.072993,2.5408227
61.7468,42.32584
0.0122473,2.1141217
0.0,2.1141217
5.64921,1.857413
0.0,2.1141217
13.1278,-2.9826324
0.0729982,2.1141217
0.0,1.4655926
3.93496,20.518745
7.88354,17.126055
2.38815,-5.609516
0.277901,2.1141217
0.0929055,-27.530704
52.2404,19.97969
74.3385,65.904915
0.0363331,2.1141217
26.8252,16.074121
0.0,1.8988435
0.0,2.1141217
0.0576515,8.957945
6.74333,2.1141217
1.17167,2.1812382
4.0694,2.6492279
11.4533,-17.215227
1.06258,2.6407218
0.0468538,2.1141217
6.04753,16.417131
1.59871,10.498689
0.0,2.1141217
0.0,2.1141217
7.89165,1.065536
0.0,4.860505
0.0,14.150109
0.232779,6.0162487
21.0935,5.375204
0.0704166,2.1141217
46.4811,12.4383135
0.0377064,0.29086542
0.559344,8.06158
0.0385982,2.4575686
0.0,2.1141217
0.0,2.1141217
0.0334241,2.1141217
5.29053,13.832611
5.59568,23.907263
7.96072,-1.9187844
0.0,2.1141217
0.0,2.1141217
0.0606786,2.1141217
49.9266,32.939144
13.374,12.317123
0.0,2.1141217
13.1349,7.935418
0.356705,-4.690462
0.949409,1.5226839
0.0,1.9607744
6.86484,23.024954
18.8462,9.618952
0.0,2.3927336
24.0097,24.954596
1.13456,21.113712
0.0,2.1141217
7.30478,2.1141217
0.129069,2.1141217
9.73844,-0.24546027
0.383809,2.1141217
0.0,2.1141217
0.0246216,2.1141217
0.0,2.6174242
5.34906,-0.69649386
3.02215,0.5142741
0.0108143,4.345544
0.0,2.1141217
18.459,31.828218
5.74901,1.6764815
23.4271,40.32219
23.6752,13.782507
2.96836,10.860226
0.0,2.1141217
1.50108,3.0673761
0.0,11.431325
0.0,2.1141217
0.0352152,2.1141217
27.4069,20.97514
0.0,2.1141217
0.0,2.1141217
228.807,232.03015
11.0146,19.112703
0.00610409,2.3528333
13.792,14.685266
0.242942,1.4397998
4.72532,12.871728
85.6316,49.313316
5.21638,1.140723
36.1597,22.952482
16.0687,5.4886456
0.0489275,148.75148
2.59898,1.9284613
0.0220421,2.1141217
28.3403,15.525888
0.330019,2.1141217
90.1931,96.71566
0.0471679,2.1141217
4.7026,2.1141217
19.633,20.23693
1672.53,979.53864
0.0,8.057697
20.9098,23.525267
21.1404,9.6496315
140.312,40.985767
0.0339982,9.898188
46.6896,6.7187757
28.0886,3.4549735
0.0,2.1141217
9.69132,45.64963
0.0,2.1141217
33.6491,4.705023
52.43,25.688347
0.0,17.34638
0.0,1.7488718
0.0,2.1141217
9.4149,22.957647
0.0,2.1141217
0.0,2.1141217
17.3682,8.101125
0.0,2.1141217
0.0165132,2.1141217
0.196792,1.180531
46.8588,22.226856
7.69662,10.437711
0.683073,2.1141217
13.5086,8.662162
8.12274,16.313837
15.3903,14.95198
6.33075,6.1987667
0.104211,11.547847
0.0,2.1141217
0.0933876,-1.4019248
7.23403,27.393269
0.0,6.34573
4.33894,5.775589
2.56689,8.756703
22.2012,17.732471
0.234346,2.1141217
0.125719,1.1606264
0.0737387,25.706093
30.7407,20.473797
0.0,2.1141217
89.9161,46.94812
13.5482,33.802822
0.00692642,1.7488718
11.2349,6.371951
9.26417,5.3010254
0.0,4.093458
30.6925,26.891708
0.0179306,2.1141217
7.13458,16.655676
0.0490229,2.1141217
32.2663,18.915112
13.9591,12.092991
0.0,2.1141217
0.219818,2.1141217
0.0535125,2.4798203
11.2224,19.435055
9.77672,1.3090734
2.15402,10.534335
2.28143,20.25443
3.78142,18.060768
4.0694,2.6492279
0.0,0.7688017
0.030325,2.1141217
0.0701992,2.1141217
0.0,0.73577857
110.799,66.75547
22.6392,22.235886
4.25273,25.699764
0.0,1.0983262
0.10036,2.1141217
0.0,2.1141217
19.3857,12.836405
0.0,2.1141217
0.0236888,0.7721243
74.3385,65.904915
0.207055,11.634659
0.0,9.620176
30.7407,20.473797
0.0,2.1141217
22.5788,2.674599
0.105136,8.289624
6.33747,1.9241645
27.9481,19.080906
2.24424,2.7728636
127.197,55.63606
0.0,2.1141217
0.0298953,-1.8513834
18.6081,15.25504
0.0,2.1141217
1.35988,1.2900162
68.9289,40.125473
9.35985,5.269683
0.0,1.3759305
12.3578,16.102467
11.6114,20.631374
11.7918,-2.117314
27.5158,11.98941
5.57925,33.26266
0.0,2.1141217
3.8158,19.48229
0.0220776,1.6654112
0.0,2.4025238
0.0,2.1141217
0.0,1.0983262
86.7999,14.951126
22.2482,14.337651
80.0908,47.488605
8.74897,-4.385295
22.6392,22.235886
0.401957,2.1141217
8.203,26.963102
0.0,2.1141217
11.9973,7.7213984
31.889,21.893522
0.0541491,2.1141217
0.0109864,2.1141217
23.0829,2.3348918
0.645114,2.1141217
7.20437,15.572171
11.0861,18.189701
74.8673,67.40417
0.0,2.1141217
0.368738,7.620309
5.1564,7.477748
6.42341,1.7652862
0.0,2.1141217
0.082366,2.1141217
18.4586,32.765957
0.0,2.3535872
0.051393,0.29744983
86.3551,75.20783
0.0443369,0.18679142
6.74059,10.123118
0.350238,8.103632
0.0,1.3405097
13.033,21.580261
45.7148,19.044588
82.7146,33.638134
49.3187,27.995983
0.0,2.1141217
0.0,2.1141217
0.0,2.1141217
0.0,10.640912
0.0,2.1141217
5.59568,23.907263
5.22933,11.709648
16.4448,21.654411
0.115535,-2.752393
0.027385,2.0656862
0.0,2.1141217
1.35464,6.2061853
0.0,2.1141217
0.0,2.1141217
0.0,2.1141217
0.624512,2.1141217
10.8713,2.0510108
3.65862,-0.35803795
37.3772,10.85421
0.0,2.1141217
0.091749,11.04559
13.0129,13.492628
0.0,2.1141217
77.2059,37.37764
0.0,12.82584
18.2965,7.2682276
2.33652,6.2953568
0.625926,2.1141217
0.0,11.568307
0.301423,12.880393
0.0,13.343078
2.47586,0.40223908
0.66808,0.40223908
0.0,5.1575646
3.81813,8.837474
2.49685,27.733875
45.9852,2.1141217
0.0,2.1141217
0.0,2.1141217
619.796,434.20877
0.0,2.1141217
17.9953,3.8447692
0.0,0.5771313
69.457,4.776923
0.0,3.270131
25.4868,21.957617
0.0,1.6565335
0.0,2.1141217
0.492848,19.346153
0.0,2.1141217
15.3208,13.477906
29.149,24.51732
6.32027,6.5035286
45.9377,35.232307
0.0,4.650951
20.9778,36.557873
0.0,1.2167482
42.8467,32.38059
12.3755,25.135262
13.8586,4.9755125
0.0995542,2.1141217
0.0852943,2.1141217
22.9901,19.645452
0.0,2.1141217
0.431208,26.125593
85.9824,31.39097
71.0243,83.96317
7.69239,11.152529
4.68332,28.899824
0.141428,9.552318
13.2992,11.3947735
0.0420966,2.1141217
0.0,2.1141217
2.16327,2.1141217
16.651,6.9716806
6.84908,2.1141217
81.91,38.562572
0.392828,3.342856
0.287893,15.23865
0.0889348,2.1141217
0.0,2.1141217
3.67181,4.305233
2.50749,31.664179
0.0,2.1141217
17.6456,1.6155927
5.59568,23.907263
0.0150572,2.1141217
0.0,2.1141217
3.84675,-2.9264505
0.0,2.1141217
135.592,52.31966
12.9993,15.3572855
3.9313,10.324509
1.04575,4.9394712
0.0,2.1141217
0.0,3.5639863
53.9315,32.583023
0.0541491,2.1141217
0.0,1.1606264
3.60176,44.099407
181.385,61.18591
0.528339,18.810678
57.9345,18.53814
0.0,2.1141217
0.167075,27.69742
0.0,2.1141217
0.0,2.1141217
0.0,43.03889
12.6946,13.53781
5.75467,12.697857
0.0,2.1141217
0.0,2.1141217
16.2677,21.998775
0.0,3.3820415
12.8443,21.06706
0.0,1.1606264
11.5865,33.91878
44.0342,2.1141217
0.0,2.1141217
174.296,219.157
0.0,2.1141217
0.462918,17.721863
0.0,1.3941808
0.161061,4.941704
12.9993,15.3572855
0.143528,0.83723664
3.02366,-4.60505
13.0144,2.1141217
14.6375,3.1076014
0.0167524,1.0451384
27.7354,8.528919
0.0,-0.8270278
0.337974,5.915943
0.0122363,0.3738644
0.0630775,3.3651342
0.196942,2.1141217
0.0,2.1141217
11.566,3.4195948
0.0,2.1141217
12.6712,3.212492
7.75683,1.5112829
23.4552,30.154346
0.0185188,0.44866872
0.0,2.1141217
3.66676,12.889579
0.290254,8.049791
1.20083,4.4467125
88.2999,64.06016
3.38631,44.32395
27.684,10.598638
0.0,2.1141217
24.5835,14.672391
6.13331,17.311209
0.0,2.1722193
0.465225,22.454456
0.309085,5.5058775
3.8263,6.929698
1.43657,9.236529
0.0,2.1141217
0.0,2.1141217
11.754,91.87504
0.0,2.1141217
3.12215,15.315433
17.6751,19.108452
0.15934,2.1141217
0.0774752,1.2801943
24.2596,25.092682
0.0101273,2.1141217
0.0,2.1141217
1.67192,-2.7970178
0.0,2.1141217
12.3578,16.102467
61.3507,29.149555
32.2509,23.66734
17.383,22.407894
0.226728,2.1141217
0.0,2.1141217
204.381,74.672615
0.105717,13.121076
9.31878,11.312515
0.0471666,2.1141217
0.0,2.1141217
0.0,2.1141217
0.0,2.1141217
22.2482,14.337651
64.9969,8.108937
0.157396,2.1141217
0.0,2.1141217
18.8462,9.618952
0.232937,-1.9472091
2.0705,2.0946121
4.3179,4.9274054
0.301423,15.540274
0.0196327,2.1141217
73.2743,18.559229
21.9927,22.145355
0.46427,4.821404
0.699727,8.888712
9.01874,2.1141217
14.449,2.6267664
2.69787,9.5552225
158.563,151.23729
5.75467,12.697857
0.0,2.1141217
21.7269,12.186673
2.93307,2.1141217
1.18369,4.584762
0.0951988,3.0772378
0.0,0.5771313
0.0,2.3535872
0.354983,2.1141217
0.19443,2.3049543
6.32027,6.5035286
14.6375,3.1076014
12.6388,13.224547
16.1769,22.399872
0.0,2.1141217
10.2388,8.9451065
4.93395,1.1589701
0.024356,1.5586431
8.68537,2.8112125
0.0105764,2.1141217
0.0257749,2.1141217
1.44749,42.94337
0.177232,7.4952316
0.051393,10.640912
0.0,2.1141217
20.7139,11.317439
0.339606,2.1141217
13.8882,28.376488
0.0,2.1141217
0.588017,7.787655
9.47991,11.0621195
0.0,42.07466
17.2072,14.119567
157.205,39.021313
0.0,7.265312
0.0,18.824154
0.5899,9.898188
7.18911,3.2010467
0.0,2.1141217
0.0324436,2.1141217
26.037,31.22477
7.25135,1.9490998
25.6865,3.1584702
0.0,6.82621
2.35076,6.0596533
0.0263083,2.1141217
1.47712,0.8852186
0.0,2.1141217
0.0161194,46.113346
0.0,5.1759024
0.0,2.1141217
0.0593236,1.1360853
110.799,66.75547
7.28997,12.212889
0.0,2.1141217
30.5348,40.50285
0.0,2.1141217
0.26033,25.586132
0.307553,0.13789952
14.0341,15.63844
2.93396,36.088467
20.3952,5.268318
38.4953,25.261395
0.0,2.1141217
0.0,2.1141217
0.0852943,2.1141217
15.4015,21.622105
7.84897,11.365551
162.718,22.320343
0.0,9.105166
238.769,92.125275
0.0,1.9810455
0.0,8.76058
27.7688,34.04931
0.00954067,0.9502151
2.43464,20.70637
0.0,2.1141217
29.1625,8.818016
35.6741,16.463305
1.37625,2.1141217
0.0172128,2.1141217
0.0,2.1141217
10.0675,2.1141217
0.0,2.1141217
14.2366,-0.0042865276
24.8424,11.451528
0.0624081,2.1141217
137.719,15.373551
14.797,5.468561
86.9453,71.757866
0.0,2.1141217
132.356,40.286366
9.38371,19.484978
0.0,2.1233191
19.9297,4.887971
0.0,2.1141217
0.0283879,0.88612795
11.3807,12.922563
0.0,2.1141217
0.353301,3.7411463
0.43545,2.1141217
0.0,2.1141217
4.70495,6.5383234
0.0549589,8.426811
0.0,0.054127216
29.3431,18.897755
0.0,2.1141217
0.30269,2.5877697
21.4822,28.09718
0.0,2.1141217
0.0,2.1141217
36.2545,31.056225
138.822,100.0604
0.431369,11.347529
8.84736,34.94905
0.129086,7.2373238
13.2166,32.05729
7.18663,21.401966
0.0,2.1141217
0.0,2.1141217
2.15402,10.534335
0.0,7.662265
0.125719,1.1606264
0.0471918,2.1141217
4.17273,6.5554934
11.2224,19.435055
0.230382,28.426044
0.0,1.8084252
0.0,6.1514034
0.0,2.1141217
17.9397,10.246526
0.0,2.1141217
25.7934,5.9967804
53.0483,35.026638
0.0,2.1141217
0.024356,1.5586431
1.06208,7.287857
0.410718,7.0689096
1.67315,-6.865896
9.47172,18.65945
14.9119,13.114638
3.43098,10.419185
0.0,23.261015
9.5994,25.186466
0.0,13.217658
11.1783,22.297947
0.0,9.898188
9.21465,26.50744
0.124658,2.1141217
0.0634949,3.3644638
17.2728,36.724373
26.234,7.4227295
23.0404,25.780485
0.0,2.1141217
18.9926,4.0508814
0.0,2.1141217
0.0,2.1141217
17.542,30.793034
0.0822271,3.5481212
10.5992,1.3384106
0.0,19.514023
3.14507,0.103936434
0.0592941,0.7349374
0.0493872,2.1141217
50.4777,33.074425
0.0,12.355921
0.0,2.1141217
12.4601,14.19062
0.0,2.1141217
0.0181711,2.1141217
25.1074,14.307025
5.35847,11.038513
23.8673,18.264107
22.8405,13.250236
2.7153,10.59468
110.799,66.75547
16.4978,5.263463
9.95179,14.724149
0.0,8.265697
43.0722,29.839611
31.889,21.893522
9.01874,12.745901
3.42381,26.674381
8.61474,22.044437
11.3947,16.321802
53.2671,80.86481
1.11804,6.8376026
0.0,2.1141217
17.9272,15.513185
0.530209,-2.4328406
0.0,2.1141217
0.0,2.1141217
2.2757,18.837893
98.7354,59.30574
0.0,2.1141217
92.3816,25.706093
0.0146014,2.1141217
0.122499,20.02312
17.3319,21.329239
0.0,2.1141217
6.10661,21.321823
0.0146291,1.2998784
0.0,21.414684
0.0,2.1141217
0.795791,2.1141217
3.29546,3.7885969
0.0,2.1141217
105.491,33.311104
0.0,2.1141217
22.0206,15.729869
0.0157039,-1.9556873
0.0,10.640912
32.6742,19.943554
0.571642,5.772444
0.0822271,3.5481212
0.0,2.1141217
10.6178,16.72379
13.3042,15.073131
0.0,1.8633096
30.4107,-2.5133889
0.0,2.1141217
45.7148,19.044588
0.0,2.1141217
2.93529,14.7878895
3.74538,62.28468
0.0,2.1141217
27.5158,11.98941
0.227358,-0.601033
0.379956,2.4798203
8.71047,15.744869
0.0,2.1141217
0.740412,36.444813
20.3765,10.640912
0.695969,14.921854
0.0167367,2.0838482
0.0221257,2.1141217
0.0,10.0243025
1.2621,2.1141217
0.0,-1.6444747
0.0,2.1141217
45.9377,35.232307
0.0,1.0863454
0.0,2.1141217
31.6155,25.654314
305.136,109.15099
12.6881,9.474025
0.839133,0.82010317
46.9951,11.03096
0.571642,5.772444
0.0,2.1141217
6.21198,19.484516
1.90472,10.350167
0.0,-0.16856444
0.564268,4.7761593
11.5815,1.4625089
22.4149,31.208206
1.27008,22.650017
1.14753,3.4715388
4.252,9.518821
0.749724,2.805373
0.0,9.392183
0.0146291,1.2998784
0.144043,3.3280761
5.75467,12.697857
16.1532,12.053571
30.6925,26.891708
8.86275,3.9274867
0.0405724,3.8264892
0.425769,10.59468
28.1784,32.279793
0.196792,1.180531
30.6925,26.891708
13.0144,12.043419
31.889,21.893522
0.465225,20.739819
5.54419,6.6290503
1.52986,-4.1705093
11.8606,19.314981
0.0,2.1141217
9.59899,20.638868
0.0,2.1141217
0.901711,2.1141217
9.4149,22.957647
19.0798,2.0301673
22.6392,22.235886
0.064272,2.1141217
17.6696,10.100707
0.0,2.105162
18.6327,22.600948
25.9484,23.705532
0.0,2.1141217
0.0,2.1141217
4.60054,2.1141217
145.306,32.06727
0.101872,2.350729
5.36827,-8.72046
8.41591,10.657607
9.08381,26.38433
47.994,25.722134
10.6332,9.724065
23.8582,7.922347
0.0,2.1141217
15.3548,9.784096
2.2598,24.020695
21.3463,18.96202
0.0274508,2.1141217
0.0,-0.14141798
10.9649,2.1141217
8.25999,48.63187
0.0446926,2.1141217
86.786,14.311963
9.40349,26.052723
0.0,4.0720577
0.0,0.95773196
22.0206,15.729869
54.8317,23.434006
0.168757,4.7411222
0.0,2.1141217
4.32433,2.7080092
0.799003,22.32145
0.0,2.1141217
17.1173,12.983831
7.75804,16.530993
21.2297,3.3277707
36.9073,57.47948
47.4039,16.215656
7.28997,12.212889
0.0,2.1141217
0.16748,6.8086452
0.0,-1.9472091
0.051393,10.640912
4.71157,5.7949944
0.530209,-2.4328406
0.0629288,2.1141217
7.77056,4.662524
8.80444,2.1141217
0.0197567,0.7277944
0.0,2.1141217
22.7485,3.5672872
27.3942,11.562959
53.3892,10.860226
0.0246216,2.1141217
0.0,2.1141217
7.44695,36.43048
0.0,0.48345757
0.0,2.1141217
52.0819,5.145871
0.0,1.9405279
0.0,2.1141217
2.62551,19.788597
0.0,2.1141217
0.0,2.1141217
7.93361,18.89825
0.0,0.800612
0.129077,5.2003517
87.0861,21.021545
0.0354119,1.7292464
71.5198,32.330414
0.0,2.1141217
7.86536,-1.9348164
0.0,10.915148
0.0,1.6031196
27.9572,45.919083
0.00692642,1.7488718
0.182939,2.9015365
12.3308,18.607054
0.0,2.1141217
13.2473,2.1244838
0.0,2.1141217
68.6615,-0.64043117
17.6053,16.301317
5.72192,1.9631965
0.150147,2.1141217
0.0296782,2.1141217
2.87073,8.901865
0.623363,2.1141217
0.0,2.1141217
95.6333,148.75148
0.0,2.1141217
0.0,2.0007143
0.0,1.4351318
5.59568,23.6217
0.0,2.1141217
12.3578,16.102467
74.4531,74.89123
10.0159,-1.9187844
0.0,0.5771313
0.155163,39.48933
1.03622,9.23144
0.0,10.640912
0.0,-2.634526
0.0,2.1141217
0.0,-1.4357309
30.0409,0.5392983
35.0216,34.536022
0.0,2.1141217
40.0706,65.274704
0.493416,9.909786
3.83202,14.142978
0.0,23.261015
6.15516,36.6458
22.785,4.07983
20.1486,20.404873
3.34602,10.860226
3.80485,11.790348
738.118,282.59302
9.4149,22.957647
0.842421,0.97960424
0.0352722,1.4838111
0.795791,2.1141217
86.3551,85.7454
0.0,2.1141217
0.0,0.29086542
0.0995036,2.1141217
0.0,2.1141217
0.488137,19.200867
6.03438,4.539823
0.0,2.1141217
0.0,2.1141217
18.8462,13.676598
2.93695,4.7411222
11.5258,13.848124
0.051393,2.182158
57.7565,9.416961
2.74106,13.97288
11.3063,48.450718
14.1322,33.836975
42.5577,19.729332
146.584,92.643326
0.730022,9.456617
9.13074,3.690747
0.0145047,2.1141217
0.0654664,2.1141217
0.0,2.1141217
0.0,2.1141217
6.50048,24.082993
0.0,2.1141217
7.72727,12.537587
41.5218,18.014599
0.0,2.1141217
1.7788,-3.8360183
0.114676,21.859512
1.6185,2.5001998
14.7455,61.58827
0.13315,0.707237
0.0718414,1.2237008
0.0,2.032574
0.184332,2.1141217
7.69662,10.437711
0.196991,6.05783
0.0,2.1141217
23.2156,17.539925
0.101706,17.54545
0.0,14.761985
11.9358,11.174649
6.49558,1.6722376
9.27328,13.930876
0.019555,1.6960747
4.42726,12.880393
0.873785,2.1141217
0.220822,1.3367002
11.0146,19.112703
5.08154,21.555502
12.3308,18.607054
0.0,2.1141217
1.29277,-0.61486936
1.8046,10.798987
0.259034,7.18423
10.8127,27.85907
6.96426,17.183605
0.821348,10.728023
0.393714,38.79511
68.9289,40.125473
11.4622,5.590687
1.53261,2.1141217
2.18458,2.1666377
51.1107,30.82277
0.523938,2.819084
0.0,4.748838
0.749517,-8.059416
0.0,4.650951
0.938995,2.1141217
0.0,1.6340139
0.0895068,2.1141217
0.0,2.1141217
5.27679,10.21966
0.0,-2.3376489
0.0,-1.9472091
0.0,2.1141217
8.30396,7.02357
1.51667,-3.9561245
78.91,47.357586
75.2078,46.334614
54.3436,21.21178
25.2336,48.66799
0.0,33.696865
0.0,2.1141217
0.0,2.1141217
11.7977,25.5471
58.0741,26.59693
0.93392,4.536545
0.0,2.1141217
0.0,1.7529371
0.354008,14.3567095
27.971,22.714294
0.231134,1.0395103
21.6066,36.618164
0.970146,7.2665014
28.2793,12.629026
27.0764,23.134779
0.0,-0.58544993
28.1138,8.010252
0.0,2.1141217
36.1941,25.473759
30.2328,10.82565
26.7938,21.18842
0.0,2.1141217
0.0,2.1141217
39.7765,13.532025
17.6696,10.100707
0.0,2.021357
0.0,77.930275
0.0,2.1141217
0.0365421,3.7908325
2.12334,10.128112
0.0,-0.8298905
5.22253,0.31443977
0.0,2.1141217
19.0592,13.701619
0.0245722,2.1141217
0.0,2.1141217
1.53763,2.8456955
0.820461,2.1141217
0.00808029,3.5235908
9.33881,10.063693
0.0,2.1141217
7.85765,7.635579
12.9993,13.649716
0.0972054,2.1141217
0.0,2.1141217
2.58352,22.195969
0.588017,7.787655
0.0,2.1141217
0.0357039,2.1141217
17.5418,14.003628
19.5804,23.082924
0.0,2.1141217
16.4448,21.654411
0.0,2.1141217
1.42782,11.070851
0.0,2.1141217
1.74374,11.345775
92.2528,45.191273
0.0,2.1141217
12.2543,21.45477
0.66808,0.40223908
18.7132,4.9870405
0.0203532,19.620708
0.0,2.1141217
0.507373,1.9878492
4.41226,14.345568
2.92382,15.606725
2.61134,7.373664
0.0,2.1141217
20.1125,14.640323
0.0,2.1141217
12.5119,9.799609
0.0279739,2.1141217
23.0388,-3.0098474
2.92301,11.525947
0.00692642,1.7488718
0.0,2.1141217
0.601586,11.571185
80.836,40.865913
16.1453,14.369495
3.20182,8.113508
82.7121,13.368033
16.01,21.653328
23.8502,25.2552
0.0657912,0.45112586
25.3766,31.52459
12.5903,20.700068
0.051393,10.640912
0.0699702,10.889378
13.0144,12.043419
23.0829,2.3348918
22.4149,4.865325
0.0,2.1141217
0.111391,7.597048
0.0,1.4833181
29.4806,22.486702
41.5662,23.867569
15.7759,16.216152
0.0,2.1141217
31.9153,23.576138
0.221629,-0.09100795
9.91484,4.7071433
6.51382,15.140662
4.61561,8.3452635
4.29189,12.931564
0.0,3.2658224
0.0118476,2.1141217
0.0,0.9093549
25.1973,9.774762
0.0,2.1141217
7.18879,9.392183
20.6263,25.61792
4.82505,25.939037
11.2349,29.607979
0.0130855,0.051113367
15.3241,28.6583
0.0,2.1141217
0.0,2.1141217
0.0484491,0.078888655
14.1798,17.584549
0.0749397,2.1141217
0.034299,2.1141217
9.86318,17.832855
18.8186,20.06213
3.84675,3.2658224
9.18426,12.021347
0.0,2.1141217
0.02025,2.1141217
26.4642,14.721429
0.0,2.1141217
0.0,2.1141217
16.767,23.764027
0.0,2.1141217
0.0,2.1141217
4.237,-1.5331583
0.0,2.1141217
0.983915,14.692645
1.85969,10.110908
0.0991119,-4.786994
8.74577,17.222078
18.2965,19.430582
0.0362714,2.6312058
0.0,2.1141217
2.73699,6.8754387
77.0513,19.931341
14.3642,22.222195
0.0,2.1141217
0.0175253,2.1141217
1.52816,9.325867
0.0481385,11.404849
10.8052,2.1141217
0.0558077,2.1141217
18.189,7.8177977
8.06367,21.096577
0.0,1.8996897
0.0,2.1141217
69.8285,29.371094
11.0111,2.5822458
0.0,14.920226
0.0,2.1141217
0.0,2.1141217
0.0574672,3.2471302
0.835289,8.035438
0.0,2.1141217
0.0,2.1141217
16.0687,14.519736
0.196835,2.1141217
0.027385,2.0656862
0.493416,9.909786
0.086773,1.7417548
0.0,2.4436464
0.682685,39.8485
31.1151,58.83327
0.0,2.1141217
5.08053,33.256977
108.9,17.444912
2.72421,26.103592
0.0,2.1141217
0.0951988,3.0772378
0.125719,1.1606264
0.0219575,30.971767
26.8887,23.586037
8.49454,11.961121
9.66222,979.53864
8.36759,16.637222
0.0162431,12.229966
7.81582,-1.766007
0.0190806,1.3515141
6.34757,4.783038
0.110139,10.0767145
2.81786,19.818373
20.0894,21.022554
0.099321,18.863464
0.0,2.1141217
0.125719,1.1606264
0.0,2.1141217
3.73044,2.1141217
0.0,9.333728
0.0929124,2.1141217
0.0,2.1141217
0.368738,7.620309
0.0455041,8.0063
21.9927,22.145355
89.741,42.025944
10.2463,48.377068
32.2663,18.915112
34.4245,57.546368
16.331,5.1480083
0.0,2.1141217
0.0,2.1141217
23.569,21.365574
21.6382,10.512212
5.22933,11.709648
23.5343,-0.8614471
6.17503,12.30139
0.181888,4.2609305
9.75614,-0.2706256
18.6701,64.221695
0.0,2.1141217
2.08647,12.347754
0.0566949,16.24177
0.0657912,0.45112586
23.5343,-0.8614471
0.0,2.1141217
0.0,2.1141217
0.0,2.1141217
0.0417562,2.1141217
390.418,89.233765
0.0,2.1141217
36.891,-5.8510265
12.5231,3.493501
0.647028,61.18591
0.0,5.3502474
0.0495457,0.9393685
158.563,151.23729
0.0645255,30.531797
8.57879,20.631374
7.58157,6.7740498
5.20518,7.736518
0.0,3.2865114
0.0,1.4200249
6.70987,15.432702
0.0973958,2.1141217
6.66568,5.5867844
49.7618,9.017895
0.0,3.3181226
13.8431,20.327045
0.0,2.1141217
25.8726,29.880478
16.2904,12.18266
2.62049,15.540274
0.0,1.0983262
0.0,2.1141217
0.0,2.1141217
94.7963,43.252094
9.25106,20.836044
0.0,1.467035
52.43,25.688347
2.08647,19.67479
10.4322,38.53622
23.1255,8.196114
29.7868,23.135092
0.0372422,3.2862854
0.127069,9.484167
0.0,2.1141217
0.0,-5.8851137
0.0377064,0.29086542
0.0623884,2.1141217
0.0,2.1141217
0.0,2.1141217
0.0,3.1487815
541.09,2.1141217
68.0183,11.243533
0.0165863,2.1141217
1.54364,27.364796
24.4512,20.57483
25.8108,42.32584
27.2235,17.663254
0.0123982,1.467035
24.6137,22.95636
738.118,284.65472
0.0,2.1141217
0.241877,-3.1203754
0.0,2.1141217
1.63321,20.776756
39.9955,-1.8524945
0.556871,2.2976658
0.0,0.29086542
0.0,2.1141217
0.0845253,2.1141217
0.0224526,23.070814
38.9799,11.2411375
20.7926,7.6101017
0.0,2.1141217
0.158875,2.1141217
0.0,0.47739875
41.4786,46.66471
0.00636721,2.1141217
0.212707,2.1141217
0.0640563,2.1141217
12.6111,18.351051
0.0,2.1141217
0.0912077,2.1141217
6.71538,20.460121
0.0,2.1141217
0.0,2.1141217
0.0,2.1141217
0.0217999,2.1141217
0.0,2.1141217
0.0,2.1141217
26.1965,23.195505
0.0,2.1141217
77.1389,21.128532
1.687,7.30801
2.82988,4.8936543
78.8657,74.31631
3.82681,8.77594
10.8416,2.9053833
0.0254483,-4.3056507
0.152947,2.1141217
0.473211,-10.002038
0.0503214,2.1141217
0.0,2.1141217
3.74538,20.608093
0.620975,2.1141217
0.044806,4.31981
3.56676,-5.277607
143.863,47.65949
0.0,0.7688017
0.0546572,-0.2940402
46.8588,22.226856
0.216623,2.8882394
0.102821,25.712742
0.0,2.1141217
79.756,6.930292
0.0,-0.9409034
0.232937,-1.9472091
0.0,2.1141217
2.87073,8.901865
0.0,2.1141217
8.48658,11.391421
6.56271,2.1141217
17.5578,20.743767
0.0,2.1141217
24.5863,0.69926
60.3458,23.184568
4.89097,28.99086
0.66808,0.40223908
0.00978334,1.1371856
1.04575,4.9394712
0.166937,2.1141217
0.0,6.280302
12.2817,29.238087
1.35988,0.25070238
28.6632,2.1141217
17.243,0.82010317
15.9549,50.66509
0.0,2.1141217
0.172966,2.1141217
4.51484,19.173737
15.1388,11.167932
4.41998,29.866806
11.3456,9.042572
0.19158,2.4759533
0.0,1.8738658
0.0194222,2.1141217
0.0,2.1141217
20.8289,20.05023
4.54029,23.752392
0.0,2.1141217
9.4149,22.957647
0.0219642,1.6731446
321.405,87.111496
0.145731,1.861089
2.62976,2.0075862
27.6481,-3.058665
0.0,2.1141217
0.0,2.1141217
0.0606786,2.1141217
0.0,2.1141217
13.1998,8.032313
14.6375,7.4730806
3.4258,4.582966
33.0979,39.86218
0.0,2.1141217
5.38749,2.1141217
0.0,2.4248152
10.2968,3.6999643
7.75693,3.5992248
42.1167,39.913784
0.443035,9.349525
1.93666,12.347754
0.0443425,61.18591
4.76093,21.482037
56.6049,34.960186
2.48554,13.627924
0.378152,8.606515
0.0,2.1141217
1.53848,957.0675
37.5583,12.257333
0.034299,2.1141217
237.319,302.45514
0.667733,-0.6936505
0.0105662,-0.69649386
19.5035,8.888712
13.1278,-2.9826324
1.12293,2.0259993
0.0,2.1141217
0.0,2.1141217
10.067,3.8289478
0.0216639,2.1141217
4.55759,7.6101017
0.0,2.1141217
7.90477,14.849739
5.586,1.1705563
76.9977,41.646782
0.139573,2.1141217
0.0,2.1141217
0.232056,16.736208
0.0,2.1141217
0.0,2.1141217
0.186278,0.078888655
17.243,0.82010317
5.75256,16.679386
6.30168,18.854422
16.2865,19.157196
1.83906,25.231962
30.2328,10.82565
0.0,2.1141217
18.4205,11.953518
0.0,2.1141217
2.02652,12.43255
3.84675,3.2658224
0.131823,2.2473938
0.0,2.1141217
77.0235,50.666264
3.80485,11.790348
15.2473,13.741805
6.61661,8.953059
17.5059,6.9291935
27.5158,11.98941
0.0,2.1141217
48.7639,4.3718166
14.1581,34.47526
10.8422,-20.028954
1.62318,7.9153833
30.9983,57.18778
3.08833,45.042973
0.0324436,2.1141217
0.0167702,0.103040695
0.0995542,2.1141217
2.90635,13.125197
0.0,8.412605
1.12193,11.981216
10.5476,19.049995
0.0,3.1027374
0.0,2.1141217
48.918,-10.221004
0.0,2.1141217
0.0,1.1682589
0.00808029,3.5235908
0.0,2.1141217
84.2655,21.479305
0.0,2.0953135
94.7963,25.582222
0.0,2.1141217
11.3267,1.271942
12.011,2.6910422
0.0631732,2.1141217
0.0,-8.596905
3.08732,2.1141217
0.0,1.7333522
0.0629288,2.1141217
0.0,3.3820415
0.0,2.1141217
0.0,13.032371
390.418,89.233765
0.0,0.9093549
28.2392,-0.57078147
0.0,2.1141217
0.0595351,2.3326147
22.4688,10.512172
9.35322,51.35554
7.73854,10.716422
11.5717,11.828261
2.36245,14.865811
2.02652,12.43255
59.7792,2.1141217
10.1436,5.4489365
2.61851,6.09383
1.11409,7.9812737
0.0,2.1141217
0.0358678,2.1141217
1.06105,24.720905
17.8912,4.182682
1.15643,16.225918
0.182946,0.69926
0.0,2.1141217
4.09223,3.9267251
0.0,2.1141217
4.88805,18.809883
0.360221,2.150024
0.0354119,1.7292464
394.63,445.62277
0.287353,2.1141217
0.230591,2.8278508
6.78202,30.283464
5.53292,3.9298768
0.127013,11.958759
0.0,2.1141217
26.1965,15.0522585
16.0867,26.65356
5.26338,12.242013
18.7897,14.0975065
6.77438,1.8419385
5.11873,0.23724008
13.7491,16.759127
3.04662,3.4952343
11.6114,20.631374
0.0,2.1141217
1.47732,1.3123553
1.3827,39.122387
0.0,2.1141217
23.6489,25.2366
60.2093,60.478813
169.985,227.57024
113.27,17.679848
32.6296,36.791588
6.274,23.502466
12.6111,18.351051
0.0,1.4902458
0.0776316,1.7238653
1.21175,28.859598
5.48977,22.826784
0.199702,7.7969294
35.2104,10.408965
0.0,14.721429
10.2554,-2.44832
6.70156,22.505886
0.0334507,2.1141217
21.8581,9.21665
0.32611,2.1141217
0.0149761,1.8798091
0.259034,2.1141217
44.3922,24.938452
0.0,1.4718959
0.144828,19.13915
13.6965,24.25099
0.0,2.1141217
0.0,2.1141217
17.076,17.352034
0.0,2.1141217
0.0951988,3.0772378
0.285904,8.251821
65.6935,18.674618
10.5733,12.446902
0.0,2.1141217
0.0,11.69884
0.0,-1.2776003
0.0,2.4350557
0.0,2.1141217
0.571642,5.772444
0.0,2.1141217
0.494796,11.167752
0.141317,2.1141217
31.889,21.893522
21.5605,-2.2010448
11.1964,22.164715
24.8391,13.797301
9.45517,24.905373
11.5061,11.981066
16.5368,2.6213138
0.0143126,2.1141217
10.3538,4.999197
16.8529,22.322918
30.084,9.42498
0.220585,2.1141217
13.3605,10.915148
1.54364,27.364796
254.401,278.16992
4.1897,7.642392
8.98008,5.105727
0.0,4.5372
0.736154,2.1141217
5.52068,-3.9367893
73.4181,92.75944
128.763,102.9359
22.6966,24.621618
0.183023,2.1141217
1.00717,2.8747485
14.0855,13.72173
15.4758,20.709417
0.0144449,1.3259263
0.0,20.739819
22.6518,11.323427
0.123055,2.1141217
53.0483,35.026638
6.21711,19.115297
0.0315748,0.061831236
0.0,2.1141217
0.0,2.1141217
0.0,1.0431428
0.051393,0.29744983
7.86163,0.3597064
0.534861,9.909786
0.0,2.1141217
17.5059,39.360847
7.20484,2.1141217
0.0,-2.634526
0.0,2.1141217
6.78202,30.283464
0.0,2.1141217
0.0,2.1141217
0.0,0.96388936
0.0,2.1141217
0.405692,29.10675
1.73356,9.180455
18.8375,26.710327
3.07933,25.246609
27.1802,13.847035
0.0129563,3.9587405
0.835289,8.035438
0.041684,-1.7270887
2.9901,2.0298798
258.84,16.58432
32.9177,14.948352
11.1947,21.916708
17.5578,20.743767
13.1349,4.702815
15.3241,28.6583
8.75659,0.17495656
174.296,219.157
4.85285,34.937664
23.5049,18.863464
28.7411,20.342075
4.94766,3.6866925
77.0235,16.765327
0.200882,2.1141217
1.28417,1.3641536
6.95536,16.297539
29.3384,26.543316
0.0139526,2.1141217
0.0,2.1141217
36.298,15.715025
2.55055,0.35189795
17.4759,10.714571
0.0236888,0.7721243
0.835289,7.557605
0.0443065,2.1141217
0.0100148,2.1141217
31.4353,16.494862
1.93037,3.8854482
0.900948,238.49196
0.524087,1.427366
0.0,2.1141217
0.0881836,12.645545
0.0143901,1.6751451
25.6265,19.21511
0.201254,10.943904
0.64019,-3.4851406
0.0,2.1141217
0.408333,-2.3384233
0.0,2.1141217
75.0053,73.59432
0.0,2.1141217
0.938493,7.9684505
0.0,3.969967
0.0,2.1141217
0.0,2.1141217
8.15613,14.069991
0.0362889,2.1141217
8.44341,-2.7970178
7.89957,12.596095
11.7618,5.2003517
0.0,2.1141217
10.5713,3.1252
42.9746,6.2774935
0.0,2.1141217
0.0,2.1141217
0.0,2.1141217
0.645388,2.7972007
27.1802,13.847035
0.0181138,4.808668
0.0,1.0528219
206.507,187.50812
0.0850534,2.1141217
35.6083,9.452274
0.267529,2.0016806
0.0,-0.58544993
41.5651,30.638252
0.990359,2.1141217
2.01795,2.1141217
10.2526,0.10518193
0.0,2.1141217
0.14122,16.225918
0.0,2.1141217
0.0,0.29086542
0.875072,-2.9786527
85.1751,25.270622
0.0758396,2.1141217
0.0,2.1141217
26.0752,-3.4704654
146.584,92.643326
0.0,2.1141217
0.0,2.1141217
0.0,2.1141217
0.0932878,-0.06845856
7.25514,28.287277
0.531442,0.83723664
17.2556,18.042282
0.0,10.610669
1.40311,15.471508
0.0,2.1141217
1.7973,0.380116
0.133885,2.1141217
1.12501,2.1141217
0.0,2.1141217
13.2521,10.958059
57.7646,43.529095
9.73291,21.203833
27.2276,15.8784895
45.2817,14.969362
7.54229,14.4763365
0.0,2.1141217
2.19578,2.1141217
1.83406,15.7510195
11.8757,14.047815
21.9927,22.145355
0.0781199,2.1141217
6.12865,32.328053
0.0,-22.28276
0.581551,20.715538
0.0,1.4247375
0.0,2.1141217
26.9829,15.772093
0.0,2.2332718
0.0,2.1141217
0.0,2.1141217
48.1875,62.82497
3.02366,-4.60505
95.6333,148.75148
0.0,2.1141217
8.61646,29.192057
0.922114,4.983097
0.0,-1.2072499
0.0,2.1141217
86.9453,71.757866
16.2018,8.163723
0.0,2.457545
5.29286,3.7383084
31.889,21.893522
0.0182033,2.1141217
0.0,5.3020415
0.0367091,11.055564
1.26754,2.4654226
0.027385,2.0656862
0.277533,1.5825756
3.62445,-7.589018
7.94594,23.511986
22.8231,17.606323
8.48658,11.391421
0.0,2.1141217
0.0,2.1141217
17.7397,28.014736
34.5595,19.089588
7.95512,6.941951
0.0,2.1141217
45.9377,35.232307
0.0466057,3.9097292
24.7072,4.4059114
0.0,2.1141217
0.0130336,2.1141217
14.8363,8.069787
23.8774,21.859512
0.930334,4.401679
0.0,12.939656
6.81054,7.2682743
0.146124,8.167882
0.0,2.1141217
7.75207,16.923578
0.0,2.1141217
95.8946,15.042062
3.905,21.275522
2.93396,36.088467
0.0,2.1141217
3.5795,1.7563076
32.3678,29.716406
35.0216,34.536022
7.15691,-2.495454
10.6701,14.366651
25.1973,2.1141217
0.0629815,3.134174
6.26589,32.171265
48.1896,25.834972
1.27604,11.519759
2.0112,22.51567
0.0,3.1275482
6.74064,25.7844
0.00954067,0.9502151
14.4278,9.718663
0.0615141,2.1141217
0.0,2.1141217
0.216617,2.1141217
0.425769,10.59468
2.24119,5.6576395
0.748226,9.400915
0.0,2.1141217
0.0498159,-1.4747193
0.0943616,2.4558172
0.287353,2.1141217
16.3289,27.921898
0.0,2.1141217
19.9023,3.2928975
32.5391,11.213144
32.3678,29.716406
19.0907,23.068142
2.59898,9.723608
27.6678,81.46813
0.0610322,2.1141217
0.018341,2.1141217
0.563877,25.704666
0.193732,0.53164625
3.51916,3.8081915
0.0,19.514023
51.2022,37.393
10.04,1.6756413
37.887,8.137612
13.4342,12.881057
4.72142,-5.5513115
2.30086,38.398502
0.0,2.1141217
57.049,2.1141217
0.427559,38.79511
5.60711,13.325338
24.6299,34.21069
0.0,2.1141217
14.3497,9.582608
35.2742,7.1287756
9.4149,22.957647
16.2904,12.18266
12.9993,15.3572855
1.03622,2.1141217
0.0142533,2.1141217
0.0,2.0091546
0.0,2.1141217
24.4512,-2.9808486
0.0,2.1141217
0.0,2.1141217
0.0,2.1141217
0.123341,23.189003
12.1408,5.2904453
0.0368539,2.1141217
45.9377,35.232307
0.0621113,5.4735737
0.0,0.9080229
0.0,3.1027374
0.037168,42.71915
2.05754,29.880478
18.8462,13.676598
14.8348,7.557605
9.53719,18.905878
89.7514,21.54554
0.0,1.8651412
12.766,7.3672657
138.915,25.104025
0.0244684,2.1141217
0.259251,23.370983
7.56588,7.6202307
0.0,2.1141217
0.0159735,2.1141217
27.5158,11.98941
0.75264,8.164414
0.0,17.20741
0.0396767,2.1141217
3.62445,-7.589018
0.0656044,2.1141217
18.374,17.446598
0.0131697,2.1141217
32.5265,2.1141217
11.308,5.8153324
25.7614,3.6179678
52.3091,22.938303
2.15402,10.534335
3.8445,-41.398792
0.0,2.1141217
0.0,2.1141217
0.382444,4.7699156
18.459,31.828218
0.0,2.1141217
0.0,10.054852
4.69642,-4.6439457
0.0,2.1141217
12.3122,7.80099
0.0,14.981039
0.0,2.1141217
0.0,2.1141217
9.59899,20.638868
0.0,10.195967
0.112594,9.471775
6.10661,21.321823
0.0661457,2.1141217
12.5238,19.630936
0.0570198,-6.93099
0.0,2.1141217
46.5089,17.502953
0.183023,2.1141217
4.33811,2.0292418
0.315423,2.1141217
0.0158816,8.280682
0.0,1.4856396
7.25476,19.24958
0.0541491,2.1141217
0.530209,-2.4328406
0.0911935,2.1141217
5.64921,1.857413
0.84491,2.1141217
0.0484491,0.078888655
2.30087,33.238388
20.9778,36.557873
5.24507,22.119654
0.0170887,1.9800608
0.353843,14.647026
0.182939,2.9015365
0.0,28.317226
19.3786,2.1141217
9.98148,17.634422
135.592,62.280308
0.0,2.1141217
12.8615,19.316143
0.0,2.1141217
2.56689,8.756703
0.0298953,4.2530727
30.4823,20.410673
0.0116914,2.1141217
0.0,1.7756441
63.6629,27.280706
0.0,2.1141217
0.0352722,1.6092777
0.0,2.1141217
0.0362957,-0.86786723
0.0,0.5771313
21.8581,9.21665
0.0,2.1141217
230.949,2.1141217
5.94402,3.204427
0.0,2.1141217
13.3832,15.199935
19.7844,26.413437
0.486171,17.895067
16.7084,39.968853
0.5899,9.898188
0.0,2.1141217
39.8531,14.91034
0.0,1.4933221
0.0782584,2.1141217
0.0,2.1141217
0.0,2.1141217
3.93102,12.099321
5.66335,13.407755
0.0105662,2.1141217
67.7779,41.846657
12.6408,6.6990595
0.0153356,2.6256568
3.29546,3.7885969
0.0,2.1141217
0.0,2.1141217
6.68065,21.372055
0.0,-1.9822395
11.3947,16.321802
0.0803971,2.1141217
0.160989,1.5997374
15.6274,19.517946
56.1528,25.963146
11.684,10.562799
0.0,22.187134
0.041632,2.1141217
1.2621,22.888176
63.3801,11.8432665
3.88411,11.713963
213.647,125.805305
11.5518,14.4402
54.8596,58.96626
0.463196,16.743319
2.68224,10.8913555
1.45654,-2.3197198
0.00596473,2.1141217
0.0,2.1141217
0.0,2.1141217
0.0752463,2.1141217
0.0,10.640912
12.1094,12.522966
0.0,2.1141217
26.8887,19.319578
12.0114,15.282107
13.2992,11.3947735
0.0,2.1141217
6.33747,1.9241645
11.9164,4.9394712
2.88749,26.664179
6.18577,29.82043
3.08732,2.1141217
1.17167,2.1141217
9.4149,22.957647
10.2432,51.311268
27.393,-1.2776232
0.0,2.1141217
11.2068,15.500983
51.7063,37.36086
6.41431,12.355937
6.87894,24.799393
8.36759,16.637222
0.0460073,9.995641
7.56588,7.6202307
0.0,151.90787
0.0,1.2212963
19.7669,11.929037
12.7252,12.024989
0.051393,10.640912
0.0,2.1141217
0.0,2.1141217
0.0714461,2.1558995
1.73952,5.54373
0.0,2.1141217
15.8502,-0.20204759
1.17118,2.3165593
0.0,2.416306
5.78663,3.5001225
0.0,7.265312
0.0284257,2.1141217
0.0,2.1141217
12.4505,47.855923
5.60448,30.93102
8.30447,30.531797
0.0,2.1141217
0.347341,7.3954916
14.1322,33.836975
8.51378,3.0949957
0.0,2.1141217
4.74927,19.321396
93.6522,80.57008
0.0,2.1141217
0.0,2.1141217
397.601,27.733875
0.0195763,2.1141217
0.0,2.1141217
9.22554,0.82010317
7.70039,45.807796
5.52068,-3.9367893
36.1719,38.79511
0.0,-1.9556873
0.0092252,1.3533106
0.117297,1.7771232
0.0,2.1141217
0.108294,1.72176
3.81813,8.837474
1.85125,19.854628
14.0998,8.48352
15.3326,33.006294
0.432429,2.1141217
36.8233,18.9626
5.06031,29.68325
0.0,2.1141217
209.235,153.9433
25.2336,9.090595
0.0,2.1141217
8.8373,7.4242964
68.9289,40.125473
40.0706,65.274704
11.8307,29.756279
10.2463,48.377068
2.08603,0.14989567
5.43982,4.711397
0.423245,2.1141217
0.0236457,2.1141217
16.4448,21.654411
7.68314,19.465399
19.3636,28.353058
0.10815,0.051948547
4.39261,11.780152
0.0145336,1.2510271
1.90472,10.350167
10.5992,1.3384106
0.0,2.1141217
2.1209,14.586855
0.774944,9.723608
0.00898059,1.2315202
0.0618555,33.84065
39.6085,18.59976
24.9296,0.47007155
0.0300674,-1.254282
0.0,2.1141217
16.9725,20.683899
5.25133,10.337632
3.38631,25.592646
15.7724,3.8906734
0.0602703,4.640788
0.128938,2.1141217
13.3256,22.391941
5.31336,1.9149206
2.62049,12.880393
0.861373,6.767269
26.9514,11.53158
0.0,2.1141217
7.13458,16.655676
0.0,2.1141217
0.0219259,2.1141217
13.4987,28.700243
0.0,2.1141217
4.09921,6.219836
8.51798,36.23504
8.57879,20.631374
17.1173,12.983831
0.0,2.1141217
0.026868,2.1141217
0.769373,3.3691797
0.739425,2.1141217
13.3605,19.357891
0.0,2.1141217
0.0,2.1141217
0.111489,-1.9472091
0.0,2.1141217
11.566,3.4195948
0.0,2.1141217
1.97158,4.5617094
0.0,0.800612
255.378,91.87504
0.0,2.1141217
1.08471,0.6028383
12.6071,25.192032
28.3115,18.487091
0.0,2.1141217
30.8985,39.762157
0.0672431,2.1141217
0.0525717,2.1141217
24.3914,8.646472
17.4509,14.543107
0.0,-16.899765
0.0442241,2.1141217
0.0818675,18.00283
2.88462,14.042529
41.4786,46.66471
8.34805,27.32914
6.58084,25.169357
0.620975,2.1141217
4.3848,0.94531107
0.408575,0.5498512
101.932,91.391205
11.8048,35.00632
5.1839,6.9186726
30.3886,6.9360685
0.0,1.527014
0.0,2.1141217
10.5992,1.3384106
8.36754,-0.66702247
0.0,2.1141217
0.0,3.596226
3.62445,-7.589018
0.0,3.8331416
5.78306,9.096232
0.0125835,2.1141217
1.7563,32.1388
0.0,2.1141217
0.0,2.1141217
18.3818,2.0898573
0.450843,2.1141217
6.83028,13.513191
0.0763142,2.1141217
0.0533046,33.59831
0.0,2.1141217
0.0,1.0493445
0.720744,8.720886
1.08019,-3.3146875
19.5575,-14.922605
8.80649,7.220104
0.02025,2.1141217
176.437,93.97668
0.32082,0.62366176
2.36271,14.119567
0.0413947,0.73577857
0.0,1.5997374
15.3148,2.6882975
0.682235,10.921738
0.0929124,2.1141217
20.2321,6.8904877
0.0,0.7688017
7.95061,22.391941
0.0,0.9695163
3.80485,11.790348
1.99681,78.09229
0.0,2.1141217
0.0359843,2.1141217
2.47472,45.665714
0.130971,-2.0053287
36.5915,15.920818
1.7655,-3.1890943
86.6865,27.460447
98.1325,14.445613
4.27029,-1.933269
6.26589,10.469604
0.0257964,2.9681976
4.98908,29.034206
0.0180879,1.5012152
0.564268,4.7761593
1.0596,4.9789953
33.3964,20.672998
7.89957,12.596095
10.4744,13.986696
5.14796,17.497374
0.609934,2.1141217
0.0,-6.7644415
0.0,13.032371
14.2366,9.42948
0.0324082,2.1141217
17.5005,2.1141217
0.0,2.1141217
0.0,2.1141217
17.3682,8.101125
0.454844,-0.5793288
0.497355,2.1141217
0.250134,12.470141
13.2992,11.3947735
0.571642,4.0327816
1.53771,1.6991017
86.3551,85.7454
27.6193,1.5872018
6.18238,2.1141217
187.407,140.56273
170.167,60.60109
3.41662,9.161806
7.157,-1.2026143
20.2579,23.012753
6.11547,20.024382
11.9358,11.174649
0.0,2.1141217
0.025486,7.4242964
0.0228959,2.1141217
0.0,2.1141217
0.0,4.291746
74.3385,65.904915
12.3578,16.102467
1.29427,2.1141217
0.0373148,2.1141217
0.0712764,13.114638
0.0,2.1141217
69.5425,70.58485
2.15402,10.534335
14.3224,3.8547902
0.0260972,2.6164982
4.21751,4.613679
0.0156715,2.1141217
26.988,22.028315
5.78663,3.5001225
4.25521,21.096123
0.051393,10.640912
0.0220698,0.6453378
0.00808029,3.5235908
1.06234,2.1141217
0.157398,11.828261
0.365548,0.8025327
0.0734686,16.097927
0.0,3.5396876
1.15144,23.511986
0.0,2.1141217
0.0,-0.17108893
0.78895,12.460323
0.05843,2.1141217
2.1209,14.586855
0.0,2.1141217
3.51618,17.867952
40.5102,42.941402
1.61268,20.383278
34.3637,28.979336
2.05833,6.8140945
0.0,2.1141217
0.0,2.1141217
21.1192,13.015998
16.4165,8.888712
48.5489,8.047235
3.84675,3.2658224
42.0758,4.0922327
31.5991,31.434214
0.0,1.1682589
77.9774,34.94905
0.288601,0.99495673
2.9242,2.9824584
0.051393,10.640912
4.68474,-0.9130306
22.0206,15.729869
0.0406262,2.1141217
5.14796,17.497374
14.6851,2.1141217
12.9819,22.08456
1.28297,-25.893597
0.0,1.1062078
1063.86,549.2233
9.58637,13.680148
0.285904,3.3280761
14.6851,2.1141217
0.232056,13.234883
0.0729982,2.1141217
0.571642,5.772444
15.1906,30.559162
0.066106,3.8702695
0.875072,2.057657
0.0260972,2.6164982
0.0,2.1141217
0.0,2.1141217
0.318154,9.754135
0.0,2.1141217
145.657,85.02947
0.687225,-3.2943766
1.47888,0.82010317
0.0,13.379887
2.56798,11.1590185
0.0,1.4207668
0.0,35.58236
0.0533345,2.1141217
49.2648,20.870726
0.0799965,2.1141217
4.74927,48.74907
19.8674,14.434878
5.78663,3.5001225
9.93428,12.7761135
0.353368,11.162643
0.0,2.1141217
0.121235,5.7360353
3.46595,11.313926
6.7555,2.1141217
4.42223,-39.289333
4.18722,16.455719
0.0,1.9912834
99.1143,23.710812
0.0160634,0.80443263
0.111643,0.3015039
1.94488,0.5418446
0.0,2.1141217
29.3384,26.543316
0.0,2.1141217
9.60237,11.099669
0.0,25.834972
0.256122,2.1141217
0.0,2.1141217
16.651,6.9716806
0.16686,1.9319446
0.0,0.9093549
36.1941,25.473759
0.0355143,2.1141217
0.0,2.1141217
0.0231969,2.1141217
0.0573763,17.252565
77.0513,19.931341
6.49558,1.6722376
13.0292,53.545925
44.1443,18.331085
0.0,2.1141217
92.8442,42.681118
12.6518,37.810734
0.0,2.1141217
4.79741,3.291558
1.21628,19.781853
16.4925,17.136702
0.373249,2.1141217
0.0805311,-2.5393417
0.700803,4.6070547
36.1142,18.439835
12.6916,18.207026
0.00905912,-0.02811122
0.0,2.1141217
13.5853,-4.396941
5.06259,2.819084
10.7009,20.245075
0.0146036,-0.29235578
0.0,2.1141217
8.42446,14.304371
151.923,98.20641
0.0,1.9440725
72.5005,8.72261
0.242017,1.3570955
0.0626873,5.6736784
0.0,2.1141217
0.115845,2.1141217
0.0,2.1141217
18.2498,8.670391
6.94009,19.127054
0.0755944,2.8671756
0.0,3.0737197
18.5812,20.228436
0.051393,10.640912
21.1686,24.267813
1.00624,13.7748575
0.0,1.1693177
16.331,5.1480083
0.542303,2.1141217
0.0,2.1141217
0.0,2.1141217
0.0,-2.762883
1.13553,17.15134
0.0,2.1141217
0.0,2.1141217
0.0,3.2515829
952.601,541.861
3.13777,8.167882
23.5057,21.816422
0.161006,-0.8942995
1.04998,14.436345
5.62025,6.96729
0.0,0.5771313
0.0844384,2.1141217
0.334616,2.1141217
0.0,2.2068589
16.4448,21.654411
0.0,2.1141217
0.0,8.848139
28.1376,12.335235
0.0103208,0.38656664
0.0,2.1141217
5.87878,13.587939
5.40823,1.5918536
13.6045,18.810678
2.72155,27.167885
0.0,2.1141217
5.39411,2.824628
61.7468,42.32584
0.0,2.1141217
1.91883,2.1141217
0.147257,2.1141217
1.15144,23.511986
20.3765,10.640912
0.0153356,2.6256568
0.431369,11.347529
0.0,2.1141217
4.94766,3.6866925
0.0,21.919443
0.0309561,2.5862596
0.0,2.1141217
15.5415,9.171739
0.506804,2.7769518
16.0206,5.4084883
0.205377,5.4409432
0.025931,2.1141217
7.13458,16.655676
0.0,2.1141217
5.97234,13.948318
0.314417,16.891506
0.0,2.1141217
7.37312,-3.0837324
94.8165,19.862564
120.835,135.09126
0.0,2.1141217
24.734,10.1176
0.348336,12.428775
0.0,14.721429
0.926497,5.268491
5475.9,2.1141217
3.02215,0.5142741
0.0,2.1141217
0.0,2.1141217
5.04802,12.748585
0.0256987,2.1141217
21.747,18.493279
0.0,2.1141217
0.0263083,2.1141217
4.33894,0.030369043
13.8031,2.1141217
0.0,4.663022
0.0323348,11.053229
8.41746,2.360348
0.118235,2.1141217
0.0165132,2.1141217
6.07019,10.555671
148.624,96.082375
0.0734416,3.4751265
0.0246383,2.1141217
0.0,18.00283
7.86301,11.432178
0.0393917,2.1141217
0.172966,2.1141217
17.7734,65.91225
0.0,2.0054321
0.0734751,4.514661
14.0998,8.48352
3.29546,3.7885969
0.259034,7.18423
3.5456,5.526293
0.0,2.350012
4.52728,15.679715
0.051393,10.640912
0.00874122,0.596704
293.299,93.2756
7.14585,4.917487
4.16854,5.658683
0.0931813,2.1141217
7.77413,-1.2728739
1672.53,979.53864
0.32082,0.62366176
0.0,2.1141217
2.71668,4.4404936
0.431208,26.125593
1.13347,0.36704612
1.69762,5.9178276
0.287353,2.1141217
35.9714,33.18263
16.4978,5.263463
0.253644,2.1141217
0.0179047,4.7071433
2.5589,20.470442
0.0,2.1141217
6.61661,28.388197
0.0,2.1141217
2.14673,8.392813
38.7328,14.838842
0.0629288,2.1141217
6.35234,11.378356
0.0,0.74008346
0.0,23.040335
0.0706942,-1.4208922
0.0,2.1009083
24.8548,26.542896
30.4823,20.410673
20.3765,10.640912
0.0541491,2.1141217
0.0,10.640912
8.61256,16.029943
15.9303,27.112457
69.2168,28.249992
6.82143,15.093135
15.3392,-0.09892583
1.13365,2.1141217
0.0503724,2.1141217
65.7132,22.099901
0.0,2.1141217
0.0336431,2.1141217
0.0,4.808668
8.39085,22.072178
0.0274204,2.1141217
5.02273,9.260006
0.0179047,4.7071433
4.18722,16.455719
0.26033,25.586132
6.81054,7.2682743
0.0,2.1141217
0.715985,11.431325
15.1905,6.863328
0.620975,2.1141217
75.7574,26.428066
0.0,2.1141217
22.6392,22.235886
0.0,2.1141217
47.8693,8.289624
6.37023,14.201658
0.125719,1.1606264
157.816,71.61687
1.30261,0.6759008
11.7726,68.095436
0.0,2.1141217
1.15678,11.362064
4.21751,2.1141217
0.0,2.1141217
0.0,2.1141217
0.0,2.1141217
0.0657912,0.45112586
0.0,2.5889707
25.7553,7.16442
0.0,2.1141217
0.0,-2.634526
0.0338607,2.1141217
4.42726,12.880393
0.423189,2.1141217
0.0,2.1141217
0.0,0.60117507
1.27761,-0.32483804
24.6299,34.21069
0.0,2.1141217
0.00820536,2.1141217
0.0983347,2.1141217
24.1317,14.585715
7.62724,15.151774
66.0095,23.907263
10.5353,5.61464
0.095025,0.7277944
26.1965,15.0522585
0.0,2.1141217
0.237729,2.6030626
0.0,2.1141217
9.27328,7.0453463
23.0417,13.965192
11.4008,36.493717
177.36,178.38622
6.87925,7.198861
3.70573,17.34619
0.0,2.1141217
2.6129,9.115444
3.23535,14.548491
3.91887,0.4703896
0.0,2.1141217
0.0951838,2.1141217
7.93339,30.84197
0.0,2.1405697
0.0,2.64883
4.37901,2.1141217
47.6788,14.586855
13.3256,22.391941
0.0,2.1141217
9.32373,-0.591285
21.2977,25.604427
11.6433,9.349525
0.0,4.101246
0.0168345,2.030281
0.185833,2.1141217
0.0,1.4902458
0.67179,18.810678
1.22844,18.411255
22.4624,2.9487758
0.0345945,-2.8827183
7.55648,6.420334
0.0,2.5846238
0.122808,2.1141217
0.0,2.1141217
0.0,2.1141217
0.0,2.1141217
17.8305,33.314644
0.0340069,2.1141217
0.908909,8.3933525
13.6965,24.25099
0.314417,16.891506
1.52816,9.325867
0.0,2.1141217
0.571642,5.772444
6.34757,4.783038
0.0,2.1141217
1.63946,-4.690462
0.0,2.1141217
32.6081,13.530164
43.1164,15.994381
0.0695749,5.7311573
20.3765,10.640912
74.3385,65.904915
1.08083,1.6720421
0.182939,2.9015365
2.26397,33.420635
6.3446,4.093458
14.4733,10.811414
1.41837,11.358022
5.69682,48.465637
15.9952,11.905935
0.848641,2.1141217
0.353843,14.647026
0.0799979,6.8376026
0.0,2.6207266
0.0129563,3.9587405
0.0,-10.239687
0.0,2.1141217
0.0,1.6638339
0.0,-0.22169256
0.128932,2.1141217
0.0,7.8813066
0.721388,6.673257
2.62587,10.407796
0.110217,2.1141217
0.0,2.1141217
0.154268,2.1141217
13.3117,22.231422
0.217464,9.093595
10.3538,21.343754
3.92181,22.742697
0.0,2.1141217
0.30269,2.5877697
0.720744,0.914623
6.83028,13.513191
11.6269,2.0355964
7.21382,22.25197
211.163,111.95861
0.0,2.1141217
0.511384,2.1141217
2.46103,9.659641
9.35985,5.269683
40.0706,65.274704
0.0,2.1141217
0.0300605,2.1141217
24.01,25.96365
0.075198,3.932338
0.0,1.5656264
0.0286426,2.1141217
18.7678,26.750496
18.3856,27.519981
42.2709,11.516248
9.17244,-0.5507519
0.024396,10.859262
3.24191,13.570205
0.0,29.8908
0.0475073,2.1141217
0.662085,14.989064
7.38977,4.9915714
2.18458,2.1666377
0.0558077,2.1141217
8.85939,19.150272
1.68809,1.6335256
2.73993,1.2791839
0.0651201,2.1141217
0.0326644,2.1141217
0.0304709,-0.356925
1.22072,2.1141217
15.4517,10.089753
0.0631791,2.1141217
0.556268,1.8668158
0.0,0.95447326
0.0318162,2.537656
13.7491,5.052244
1.55502,3.8391938
0.0279625,2.1141217
0.141428,7.8639526
0.0,2.1141217
0.173933,6.9186726
0.0357724,1.539881
138.822,100.0604
1.70883,5.0971823
8.98008,5.105727
16.651,6.9716806
0.0958142,2.1141217
0.228483,1.302305
27.5817,26.521873
0.0978433,2.1141217
8.30396,11.707125
5.7861,13.251761
0.011101,0.503978
0.0,2.1141217
36.891,-5.8510265
0.0,2.1141217
1.51519,-0.31498384
0.103364,2.1141217
0.388986,-0.47274137
0.0,2.1141217
0.051393,0.29744983
0.0852943,10.694226
428.302,144.28264
0.0,2.1141217
0.0,2.1494715
0.01066,1.4869483
0.0,2.1141217
0.0933923,2.3403797
21.4867,21.312914
3.33781,18.987898
9.21146,-20.942436
0.0,7.477748
0.0,2.1141217
3.31365,5.141102
233.507,10.660026
0.0,2.1141217
0.0,2.1141217
7.15625,18.926508
1.86163,4.051693
0.0,2.1141217
0.00808029,3.5235908
1.62673,2.1141217
6.94553,23.357174
115.785,30.096481
0.0,2.1141217
0.0,10.0767145
89.7514,21.54554
0.0179047,4.7071433
0.0,2.1141217
0.00556789,2.1141217
29.6076,22.055546
2.32633,7.6261435
0.0167724,2.1141217
0.0,16.209227
4.33894,0.030369043
0.0,1.1058831
2.7029,15.41295
1.69518,-2.701555
0.0,2.1141217
5.38437,5.216484
76.9977,52.98076
0.0,2.1141217
0.0555846,4.765825
41.4786,46.66471
6.90639,4.9738607
0.0179047,4.7071433
13.3341,31.899164
3.37369,19.447475
8.35051,2.674699
0.0,2.1141217
10.2968,3.6999643
14.8348,7.557605
0.0,-1.2776003
0.00574544,2.1141217
0.38333,43.27589
0.146855,2.1141217
7.5882,-0.65148354
29.5061,40.39932
18.8462,9.618952
0.0,76.219795
0.0,2.1141217
11.7739,4.382701
19.787,23.414236
0.0,2.3746126
0.0279229,2.1141217
0.0,1.1295116
34.7113,0.103936434
0.0,2.1141217
7.12667,25.317183
0.01262,2.1141217
0.0,2.1141217
23.2996,43.404724
39.6085,18.59976
11.5061,11.981066
80.836,40.865913
0.0,2.1141217
1.38682,5.2718534
0.107545,0.8987231
6.32027,6.5035286
12.2934,21.067387
0.144784,2.3550985
0.0,2.1141217
10.1436,5.4489365
0.269299,13.810935
10.4622,2.1141217
11.613,19.272999
24.5695,-10.954301
1.84609,5.1917553
7.81638,-4.793475
11.6433,9.349525
23.9011,49.34357
0.0,8.365119
22.0206,8.511662
4.1897,-2.7372239
2.02648,19.64812
27.1802,13.847035
85.6316,49.313316
30.0052,29.950321
25.2336,11.527003
0.0,1.1682589
0.0443425,2.1141217
11.1051,11.519759
0.0177513,2.1141217
0.0665799,1.4115355
29.6076,22.055546
4.8582,2.7745726
0.0,10.640912
8.57879,20.631374
0.0,2.1141217
0.0,5.621873
0.220335,28.704147
3.64344,12.375654
0.0167446,2.1141217
7.58157,6.7740498
13.3747,19.620708
0.0,2.1141217
19.5254,15.6593
32.9917,18.341232
7.13458,16.655676
34.164,31.86648
5.34906,1.3923142
0.0,2.1141217
0.0527473,1.221262
0.0,0.83258224
151.923,98.20641
0.17597,2.1141217
45.9377,35.232307
10.2577,9.443838
0.204867,2.1141217
0.530209,-2.4328406
0.0461314,2.3401282
6.49102,-5.326792
8.74772,9.561637
0.0538038,6.05783
2.66615,16.507822
0.0,2.1141217
1.68384,2.1141217
2.61378,13.500966
0.0,2.1141217
0.0257964,2.9681976
68.9289,40.125473
0.0,10.82565
135.592,2.1141217
1.79644,11.527003
0.0,1.053874
0.0,1.0983262
0.0,2.1141217
4.34811,4.6376305
5.50564,42.165443
22.4149,4.865325
4.66756,13.006375
0.268393,19.95058
0.0,-2.634526
0.0,2.1141217
26.971,25.729343
13.9365,26.464165
0.0317711,2.189496
30.8501,56.402084
1.79176,-0.8614471
2.59898,9.723608
0.0,18.860306
0.0932137,31.243374
18.333,25.62982
0.0439518,14.853553
2.2593,47.180145
0.0314092,2.1141217
0.0,2.1141217
13.6265,7.868375
0.0,2.1141217
0.04065,2.1141217
0.0,-0.14276624
41.1944,24.771801
33.0979,39.86218
3.41602,3.0882304
0.0225315,1.5501807
21.8822,-1.6891983
0.221825,1.6821253
0.167496,2.1141217
18.7132,4.9870405
0.868541,19.801426
0.0,2.1141217
0.0,-1.5256121
44.7525,46.593597
0.0,2.1141217
0.0,1.1844966
89.6832,48.062916
0.0,2.1141217
26.1965,15.0522585
0.0,2.1141217
0.0,2.1141217
8.90259,6.959835
0.0,0.8955238
16.3334,9.733517
7.42266,0.45834613
3.51608,4.3936477
0.0,16.578321
24.1123,24.082638
18.3279,24.673061
8.26378,2.5413797
120.835,135.09126
20.4143,13.431645
3.11059,16.225918
8.02989,10.28357
0.0,2.1141217
4.07825,5.658683
8.74577,17.222078
13.3117,22.231422
0.0,2.1141217
2.93284,4.2865295
8.91646,-5.4538374
0.0,2.1141217
18.0695,12.400117
7.4172,8.3190365
10.3338,17.717674
0.0163727,0.4708171
0.0971393,2.1141217
0.0,2.1141217
2.73993,1.2791839
5.73474,10.933267
72.2247,22.946861
0.0,2.1141217
17.0076,10.643322
15.4012,8.636636
0.0675181,1.9199393
24.6134,20.79081
0.0,2.1141217
18.7859,35.545757
0.0,2.1141217
0.0186963,2.1141217
0.133702,2.1141217
0.0,0.58190227
0.0,2.1141217
6.74237,13.860284
0.0,2.1141217
0.0,2.9249833
120.835,135.09126
16.651,6.9716806
0.553249,0.00025582314
0.0,2.1141217
35.0216,34.536022
21.7362,-1.0670235
141.193,35.826836
4.82437,0.22890973
14.9817,4.210681
19.787,23.414236
1.07475,2.1141217
0.551348,2.1141217
0.0,2.1141217
0.0506962,2.1141217
0.0,2.1141217
0.227111,2.1141217
18.6755,3.4349616
0.0,2.1141217
0.0,2.0800672
0.0,21.000864
0.808567,2.1141217
48.1054,58.080425
0.0,2.1141217
11.2349,29.607979
0.111893,3.2374208
0.0,2.1141217
0.0,2.1141217
49.3187,23.168228
12.8911,-0.601033
0.0,2.1141217
0.0615141,2.1141217
61.0389,22.84541
0.0156339,2.1141217
0.364178,6.062167
2.82707,9.318501
7.75683,1.5112829
6.44702,14.994535
0.0,1.527014
0.0,2.1141217
13.1278,-2.9826324
143.433,74.37836
0.0,3.788635
0.0,16.321802
1.31309,11.794852
25.2336,11.527003
0.038487,2.1141217
0.0178514,3.6641629
0.0110529,2.1141217
0.206417,2.1141217
9.34879,-2.0053287
10.5733,12.446902
0.0,2.1141217
85.5778,43.752567
0.0,26.103592
0.0,0.7688017
181.385,61.18591
2.507,7.784112
5.78663,3.5001225
2.54224,5.6706495
23.0829,11.558789
0.62921,9.724003
0.265813,2.1141217
8.74772,9.561637
4.34811,4.6376305
0.0497173,4.6310816
31.0677,31.566277
0.0230888,2.1141217
0.0,3.661031
0.0,4.9394712
127.302,58.602287
7.49617,22.626156
9.9387,51.31232
0.0423925,2.1141217
3.16409,8.990775
26.5107,26.91173
0.0837724,2.1141217
0.0,0.29086542
52.2404,19.97969
0.0,11.2411375
3.38696,21.521688
1.68702,31.843307
3.32649,10.077048
0.0,19.282736
0.0,2.1141217
15.1982,10.746299
0.0,2.1141217
0.0,2.1141217
0.402087,12.628088
21.9927,22.145355
27.9481,19.080906
0.0209033,2.1141217
174.747,26.720026
0.0368765,1.462817
183.352,73.954445
0.0619426,2.1141217
22.2086,11.035192
7.89957,12.596095
11.5933,-2.086001
0.647028,61.18591
115.716,22.51567
0.134219,6.9035645
0.0,2.1141217
0.0,3.045404
0.0510919,10.038256
0.0,2.1141217
0.177288,30.371185
0.137947,17.23142
3.3563,18.886417
2.41248,2.1141217
0.0109864,2.1141217
183.183,126.68731
90.1931,46.60856
0.0,76.219795
13.374,12.317123
0.428143,12.506158
12.011,2.6910422
0.0,0.82010317
25.6865,3.1584702
0.15257,2.1141217
0.0,2.1141217
1.22285,5.7746077
0.72781,27.153797
3.47122,-1.2526252
68.9289,40.125473
0.0244278,0.59533095
0.0,23.820381
13.3117,22.231422
16.2593,2.6832478
11.6074,12.775431
0.347883,1.3539
0.0,2.1141217
0.0109604,2.1141217
0.835289,8.035438
0.547939,2.1141217
0.0,10.640912
0.0,2.1141217
0.0,17.20741
0.0,2.1141217
47.6269,20.359526
0.0,2.1141217
42.5577,19.729332
0.0,-1.2776003
0.126526,20.009834
0.182358,2.1141217
34.5456,2.474578
47.8693,8.289624
3.28353,16.108603
0.0135177,2.1141217
0.0259796,4.3290052
0.0,2.1141217
0.037977,2.8508332
43.2114,31.972515
3.04248,13.805651
8.07033,4.615569
35.6027,16.596125
23.569,21.365574
0.599144,2.1141217
0.0,2.1141217
0.0,2.1141217
3.86845,10.794506
55.489,20.959446
131.913,148.75148
4.7026,-3.4658935
0.0281296,2.0516143
7.13458,16.655676
12.6563,19.595627
0.0,-2.634526
5.38804,-6.777852
0.0,2.1141217
22.1297,25.932491
1.51667,-3.9561245
3.9012,3.596226
0.0663601,2.1750813
28.0353,2.1141217
4.3151,6.670347
0.2026,23.468752
0.0,19.620708
0.0,2.1141217
0.0,2.1141217
12.3578,16.102467
3.62445,-7.589018
24.8367,11.503837
14.9508,1.2375495
0.0571442,-1.1662993
0.129307,2.1141217
28.3842,8.458029
0.169072,2.1141217
26.1965,15.0522585
0.0367926,21.513577
12.2014,8.881354
28.9819,21.010216
8.6826,25.269358
388.687,300.3846
0.230342,15.763674
1063.86,355.26398
0.239702,3.8645978
0.0507568,8.289624
64.9969,33.348335
9.31878,11.312515
0.0527842,-1.230902
0.0289154,13.681395
0.0,2.4476583
2.47544,2.1141217
17.4413,10.946456
0.0,1.8214407
0.117486,2.1141217
0.0,0.3738644
13.3781,9.791596
0.0,2.1141217
0.116536,6.413969
0.0,10.435331
0.0,2.558818
46.244,24.992706
77.0235,16.765327
0.0215975,0.98555636
0.284589,8.801514
28.3842,4.5824437
0.0,3.2658224
0.242017,13.307373
13.1998,8.032313
0.0297182,2.1141217
9.93582,74.91602
140.312,150.66098
0.182358,2.1141217
0.0,1.7051728
42.3658,15.713546
0.0,17.444912
0.221629,1.6365983
1.3246,4.966993
8.203,26.963102
0.0,2.1141217
4.91365,31.30373
1.20423,30.154346
122.832,61.836674
0.0,2.1141217
0.189148,30.154346
6.11847,2.1141217
7.24419,10.013529
18.7132,4.9870405
13.0144,12.043419
0.0,2.1141217
0.051393,12.939656
0.0,2.1141217
0.764455,10.1176
0.70454,18.046402
1.54615,26.027315
6.94088,40.224796
28.3842,8.458029
22.5174,29.616034
3.56676,-5.277607
0.0,1.243686
0.160974,-3.0098474
0.125372,2.1141217
4.71807,-2.9428856
11.5285,10.139628
31.6391,15.313945
1.35864,30.79734
0.0,2.1141217
25.8108,42.32584
27.7484,28.521656
2.54224,5.6706495
0.0,2.1141217
0.0,0.82010317
0.0,-2.634526
0.0,2.1141217
41.3054,16.898653
7.64859,13.253303
5.75256,16.679386
6.60592,15.814652
23.7592,26.837093
3.40454,9.453904
0.0,2.1141217
0.144904,-1.3706362
0.00992251,2.1141217
0.0,2.1141217
0.0155962,2.1141217
3.84675,-2.9264505
42.5577,19.729332
19.5991,37.51185
0.0,2.1141217
0.0,2.1141217
0.0179047,4.7071433
2.15402,10.534335
0.0,2.1141217
0.0,2.1141217
1.34405,30.793034
1.80628,15.073131
0.0540036,2.1553617
0.0667324,1.4472945
13.6658,1.4617805
11.3212,36.28035
6.7555,2.1141217
41.0052,37.176746
19.5991,37.51185
6.9048,0.45564127
5.72192,0.6234927
0.0,2.1141217
0.0,2.1141217
1.94488,0.5418446
5.65247,5.459115
25.6265,9.794081
4.1624,5.366645
0.0,2.1141217
0.0528512,2.1141217
0.0,2.1141217
29.961,37.442562
0.620922,2.1141217
2.15402,13.269204
2.58875,5.0874777
0.0324436,2.1141217
0.0,9.898188
0.0,9.809243
0.0,2.1141217
0.0,2.1141217
0.0490445,2.1141217
0.097461,1.1650105
0.0,2.1141217
0.0,2.1141217
1.56805,-0.20204759
1.01233,-0.41768765
0.40604,6.3044806
3.10352,3.5978796
6.86187e-06,2.1141217
26.1965,15.0522585
2.73993,1.2791839
8.10981,21.857937
0.0,2.1141217
17.0251,22.531742
0.136691,-0.97088885
11.7739,4.382701
0.0,2.1141217
2.32215,10.827845
0.0,2.1141217
35.526,10.061393
19.3196,10.028743
0.0,2.1141217
7.38977,4.9915714
0.0,2.1141217
96.6188,56.292416
0.0656892,1.9498532
11.925,13.343078
0.141643,2.6838179
0.0,2.1141217
0.0,11.880719
0.0,2.1141217
63.6629,28.922869
0.0349655,11.207269
5.34971,10.548388
6.86443,7.528549
56.6049,34.960186
3.5795,1.7563076
0.0136762,2.1141217
0.0,2.1141217
88.2999,59.876373
8.24252,15.425185
0.0,2.1141217
11.7336,3.589284
0.449127,2.946893
0.0,2.1141217
36.2389,24.084543
20.9035,32.26007
0.267555,10.377083
3.62445,-7.589018
0.0,2.1141217
0.0,2.1141217
6.37206,12.705792
0.0,2.1141217
0.0,2.1141217
12.7705,13.583585
0.0,12.355921
0.00887042,2.1141217
0.287353,2.1141217
10.5139,1.1682589
0.0,2.1141217
112.365,113.04106
15.332,23.328384
0.430817,1.4087701
4.20724,6.3754463
0.322485,2.1141217
1.70576,2.1141217
0.0,2.1141217
0.0,-2.9264505
0.156903,2.1141217
26.1965,15.0522585
6.58066,13.966818
4.82083,27.67757
1.09037,5.684601
15.3164,6.464204
0.154661,2.1141217
91.0492,14.158456
0.0349957,2.1141217
22.2885,7.5954494
0.0,2.1141217
0.0,2.1141217
52.5314,10.482551
4.34322,9.768807
0.257412,1.9726019
208.249,167.17511
0.0,2.1141217
0.0146036,-0.29235578
0.0,2.1141217
0.02025,2.1141217
9.71596,14.848379
8.42446,14.304371
20.3765,10.640912
0.0,2.1141217
0.0,2.1141217
2.76463,15.791329
6.71604,12.257452
5.22933,11.709648
0.0212106,2.1141217
6.70987,15.432702
0.0,2.1141217
17.2999,9.722077
0.0,2.1141217
74.4531,74.89123
0.0,2.1141217
9.60602,26.05397
32.8059,12.404754
0.148812,1.4200249
3.80485,7.8916492
0.0,5.283948
2.81891,-25.971018
7.93361,18.89825
0.23815,2.1141217
0.0,2.1141217
94.5804,43.773804
89.6832,48.062916
0.1805,2.1141217
5.39627,14.921854
5.34906,-0.69649386
9.97045,-2.7594879
0.169882,-10.933797
9.86318,17.832855
169.204,177.49995
18.2676,1.034899
52.2404,19.97969
0.0227304,0.29086542
7.05518,8.924039
0.404913,30.661171
6.8974,4.3106422
37.2924,21.414684
0.0,2.1141217
8.74577,17.222078
6.95536,21.482521
3.3771,2.1141217
0.0377022,2.1141217
0.0151472,1.2992241
0.0,2.8382652
0.0,7.8813066
0.0787372,4.66201
1.81658,-1.3251126
0.0,2.1141217
0.0,2.1141217
10.1699,15.664758
0.0,2.1141217
0.784984,32.328053
11.3911,19.992884
0.0,2.1141217
8.65669,13.799873
0.0,-2.634526
8.08582,3.990185
15.9221,1.2018566
1.90929,9.217381
30.6925,26.891708
19.2125,11.167752
5.60303,10.67738
1.00264,-11.896937
22.9302,22.879417
44.6865,33.375725
0.0,2.1141217
4.08792,2.1141217
8.73149,7.4692707
19.3196,10.028743
8.24252,15.425185
6.98566,4.1761074
1.56805,-0.20204759
0.504179,2.1141217
0.0535125,2.4798203
0.0,2.1141217
106.723,12.318085
5.90823,18.032505
11.3911,19.992884
0.0,2.1141217
76.8259,62.408382
0.0,2.1141217
0.0,2.1141217
2.02248,7.8813066
0.0,10.610669
24.6299,34.21069
1.83688,22.973291
56.6049,34.960186
0.0,0.19598043
73.5802,35.82716
1.47789,2.1141217
0.839809,10.520144
8.56942,19.255789
9.21953,-6.163205
0.0,1.8779173
49.1713,19.98636
0.0185423,2.1742525
29.3069,6.767269
56.4803,34.962574
1.02618,-1.8369915
0.0,2.1141217
12.2934,21.067387
0.107899,2.1141217
255.378,91.87504
16.4448,21.654411
0.0,2.1141217
11.9053,24.71589
0.102832,12.689538
3.80485,7.8916492
8.48195,11.716409
10.4821,5.967244
0.0,2.1141217
7.11868,2.1141217
20.3793,36.97623
0.0,2.1141217
12.7266,9.914706
1.45654,-2.3197198
40.7176,21.847443
1.25708,11.872974
5.16818,13.174434
0.0,0.7561085
31.889,21.893522
26.0752,35.480442
0.0,18.000711
2048.89,715.2729
0.0,2.1141217
0.0,2.1141217
0.345062,12.43255
31.4853,-2.9932468
0.0,1.0983262
10.3419,21.576546
2.92734,0.5697515
3.50671,22.493443
0.0,0.2852447
33.0979,39.86218
21.7362,-1.0670235
0.645114,2.1141217
58.9342,24.211939
0.0244235,2.1141217
0.958575,10.537756
0.697837,2.1141217
0.0,2.1141217
3.8158,19.48229
0.0,2.1141217
36.2545,24.472343
16.6777,-1.3113465
34.0408,17.84079
0.678013,-0.98595047
0.0417447,2.319956
0.0,2.8398025
2.87896,18.385353
5.39369,11.236436
0.0,2.1141217
4.0341,8.315525
0.0124074,2.1141217
0.174863,2.1141217
0.0,-1.5855246
0.00780787,2.1141217
40.1066,8.936188
0.0,1.890362
0.890405,12.242013
0.0,1.4856396
23.5057,21.816422
9.57138,15.416329
0.45884,2.1141217
0.0,2.1141217
95.6333,148.75148
19.1489,25.181282
4.13278,4.818945
0.0,2.1141217
0.0182262,2.0288339
123.679,129.7415
3.90281,0.98555636
7.68164,6.3345404
146.296,29.83488
10.4744,13.986696
0.0,3.5639863
143.863,47.65949
3.62445,-7.589018
18.1137,3.7469428
169.985,97.59672
22.0206,15.729869
13.3605,10.915148
6.84908,2.1141217
0.428143,12.506158
166.297,2.1141217
0.0,0.7688017
0.0344196,4.093458
10.7303,3.634536
10.7009,20.245075
12.7752,23.300926
0.0,3.2940798
0.0,2.1141217
28.4723,28.036291
12.3578,16.102467
3.07933,25.246609
78.8296,109.494774
3.81813,8.837474
0.0,2.1141217
35.6083,9.452274
0.0,2.1141217
9.86318,17.832855
0.797986,5.66488
20.7484,2.1141217
12.3842,28.17271
0.0,2.1141217
0.00671422,2.1141217
8.87697,12.736652
0.145153,1.2758057
60.3985,62.8472
0.0,2.1141217
0.0,2.0091546
2.29766,34.152134
4.252,7.590458
65.3085,11.966993
22.6994,3.8610768
0.0,2.1141217
0.0,10.541773
0.0,2.1871593
13.6702,25.858809
35.0216,34.536022
0.0,18.824154
0.125719,1.1606264
0.718386,29.68325
0.459812,15.637289
5.91012,22.305885
0.0,2.1141217
2.73993,1.2791839
0.709393,66.75547
0.0,4.8522577
0.0,2.1141217
0.0,0.8784225
10.8713,2.0510108
3.08732,2.1141217
3.24636,16.818552
21.0935,5.375204
0.0,3.2658224
0.118535,4.0958023
2.67477,31.266605
0.184733,10.901696
11.3499,14.826503
0.0,7.8813066
0.951578,3.0996995
0.0,2.1141217
19.9456,-0.37175703
0.108294,1.72176
9.85407,4.7864933
166.341,66.24732
0.0,2.1141217
86.4956,50.407116
0.0,3.8505058
0.524272,0.35721028
0.0,2.3376849
0.0,2.1141217
51.2723,9.134121
20.4143,32.614113
6.82818,8.207519
11.2349,29.607979
18.8605,31.110634
0.0,2.1141217
10.2067,31.045212
43.0485,9.553025
0.0,2.1141217
0.0,2.1141217
0.0,2.1141217
0.0,1.0863454
1.37014,15.894114
32.5872,21.096123
8.17572,4.4954576
2.85747,-6.298641
7.77413,-2.2071435
0.051393,2.182158
0.339197,0.8144176
0.0,2.1141217
0.0,2.1141217
0.0,2.1141217
28.7756,24.134556
24.5863,0.69926
36.5915,-4.6337614
0.00575578,2.1141217
5.26338,12.242013
0.0,2.1141217
7.56588,7.6202307
0.0589175,2.1141217
9.99949,5.9559574
6.86484,23.024954
1.16659,23.261015
0.0,12.053571
53.3411,23.261015
0.0,2.1141217
0.0548003,3.5543869
11.5933,24.796005
0.0,2.1141217
0.0,2.1141217
60.2843,49.44004
0.0,2.1141217
12.011,2.6910422
0.0,2.1141217
0.026868,2.1141217
0.051393,10.640912
45.9377,35.232307
18.7132,1.3781793
47.7097,2.1141217
0.0103384,2.1141217
10.2115,22.33419
3.12215,15.315433
8.07693,3.159176
0.0,2.1141217
45.1502,15.23865
8.13453,7.1744556
0.0,2.1141217
0.0,5.8779287
74.3385,46.01965
0.0,2.1141217
0.12809,2.1141217
1.93037,3.8854482
0.0,1.1606264
14.1541,7.628742
0.322766,2.1141217
0.0594986,2.1141217
3.97178,10.416894
18.8462,9.618952
0.0,5.5058775
53.0483,35.026638
3.80485,12.413011
0.0,2.1141217
0.0,2.1141217
0.0,17.688923
11.7575,11.627055
6.89649,16.97263
0.230342,15.763674
19.7884,24.066763
0.169721,5.7515106
0.096906,2.1141217
0.0,2.1141217
7.13458,16.655676
0.0,2.1141217
0.224466,2.1666377
11.1964,22.164715
0.0684878,2.1141217
12.996,21.882978
18.1224,44.747852
0.0183687,-0.25658143
95.9871,30.802818
4.26295,18.942337
10.2576,9.331547
0.0,1.0057163
23.2925,9.616488
10.6293,16.272045
18.7897,14.0975065
85.6316,49.313316
11.7182,16.097927
88.224,20.75889
14.298,-0.5943687
0.0,2.1141217
0.0,-6.9523344
0.0,0.3738644
51.3322,13.412292
0.144784,0.32187057
1.6185,2.5001998
0.0,2.1141217
2.96836,10.860226
0.0,25.907602
0.0,2.1141217
0.430817,1.4087701
28.9256,1.8119814
0.198064,-0.18488026
15.7312,-3.0356004
0.0,2.1141217
5.64259,-25.893597
0.291343,9.145998
0.699727,8.888712
33.3482,31.843307
11.1051,11.519759
4.66285,12.053571
1125.9,185.91435
2.29405,-5.87136
0.938493,5.36409
0.0,2.1141217
0.0747703,2.1141217
0.0,1.1407506
16.0687,5.4886456
23.3344,12.629026
7.6085,9.216381
0.0,45.45181
0.0,2.1141217
13.6702,25.858809
1.83904,-1.1641991
12.4875,32.014954
0.630093,-0.2053945
0.0,2.1141217
8.61474,22.044437
10.6686,20.074507
8.51378,3.0949957
654.473,32.566517
17.2107,28.756828
2.71682,2.4973404
0.0156339,2.1141217
2.88541,3.1987975
0.0,1.4472492
0.0,2.1141217
0.0,4.895401
0.0377022,2.1141217
0.0,2.1141217
53.3411,23.261015
0.465225,20.739819
0.248463,1.847503
32.5872,21.096123
0.0,2.1141217
0.488137,19.200867
0.491604,8.06158
0.0,2.1141217
4.42726,12.880393
7.67191,32.287605
0.0785749,2.1141217
19.1133,20.13017
6.71487,-4.015747
0.612532,23.143307
34.3778,29.530094
9.36233,2.9015365
22.5027,7.587393
0.0,2.1141217
0.0,2.1141217
0.0,2.1141217
54.3977,19.620708
3.93496,6.390974
0.0,2.1141217
0.553444,0.89671826
13.1679,41.8313
181.385,61.18591
8.26953,12.033612
0.0310379,2.1141217
0.012238,-0.35804868
19.633,20.23693
0.0,-2.634526
5.06259,3.3331687
0.0,8.365119
0.0,18.824154
14.2404,1.0983262
1672.53,979.53864
2.29405,-5.87136
4.88485,14.863842
4.29872,24.348644
0.0,2.1141217
9.31878,11.312515
9.8235,33.821404
0.0406262,1.071208
0.946129,2.1141217
1.67192,-2.7970178
15.892,20.739077
16.2319,24.000633
12.766,7.3672657
2009.94,79.437096
0.294262,7.79317
0.0,-2.634526
12.7752,23.300926
0.0,2.1141217
0.39772,2.1141217
12.2701,9.712905
5.73124,25.2671
27.6206,0.59385896
6.71487,-4.015747
0.392828,3.342856
0.0376121,-0.6650107
7.38004,8.445214
12.6563,19.334057
25.3641,11.298175
0.0,-0.54165006
0.0,2.1141217
0.232573,7.8813066
0.0,2.1141217
4.3614,21.66923
0.541566,5.4235773
0.0,0.5771313
0.151593,2.1141217
10.2945,44.609554
228.807,232.03015
0.387361,2.1141217
4.3137,29.573935
0.0,2.1141217
0.301895,3.4063835
0.0,2.1141217
22.5174,25.545338
0.0,2.1141217
6.3446,4.093458
0.0,2.1141217
0.0,2.1141217
18.9655,-1.7686846
0.45884,2.1141217
12.7342,6.099457
1.84609,5.1917553
0.0183687,-0.25658143
0.0,2.1141217
0.0,0.7561085
19.1489,25.181282
0.0,2.1141217
44.3922,24.938452
51.3715,23.911629
7.03447,28.807642
23.5343,-0.8614471
34.4028,23.137318
2.47586,0.40223908
5.00362,9.670459
74.3385,65.904915
15.8446,5.809455
8.71629,28.450424
0.0,-1.9556873
4.3151,6.670347
0.0,2.1141217
0.156968,2.1141217
17.6696,10.100707
0.0119841,6.480174
0.136922,3.4160738
5.30152,14.714749
0.0,2.6321557
27.3958,7.109027
0.0,0.37789226
0.0,2.1141217
7.18879,9.392183
0.0,0.24352527
10.8319,31.816353
10.5992,1.3384106
0.0,2.1141217
0.0397651,2.1141217
0.140811,0.9336648
0.0,2.1141217
183.183,126.68731
1063.86,549.2233
0.353843,14.647026
0.0,29.8908
7.29843,20.053232
1.51978,-3.705981
0.420006,12.7761135
0.31996,9.898188
3.62445,-7.589018
0.0,0.5771313
120.835,135.09126
0.0,2.1141217
0.467997,-0.2097187
0.0158332,5.205822
0.0181138,2.1141217
1.72868,7.5017643
0.534143,2.0061283
0.0,1.438062
41.1122,33.739017
0.0,2.1141217
0.0,13.849974
5.73474,10.933267
8.39353,18.149216
40.7414,19.069733
0.227306,21.919443
0.323644,2.1141217
4.95834,13.597182
0.506637,2.1141217
27.4184,19.818373
0.108348,18.842743
0.14248,18.09252
0.0,2.1141217
0.613162,5.081085
0.258954,-11.739936
0.0,0.7688017
0.904192,-0.13019228
5.4827,12.027078
79.2286,27.320324
0.0,2.1141217
0.0,8.87165
12.6332,24.584305
10.1609,16.646482
18.1224,44.747852
10.5139,1.1682589
0.0,1.7756441
0.0,18.332233
69.8357,51.6181
0.0,2.1141217
0.0725011,4.776923
5.26362,2.1141217
19.3196,10.028743
0.0,1.6811795
12.4639,2.1141217
2.56798,21.40118
13.2598,9.030053
0.76367,0.48361135
9.97241,26.486185
31.889,21.893522
5.91012,22.305885
0.0244235,2.1141217
2.48411,8.3389225
11.9631,0.65417624
3.59627,45.450047
0.0,2.1141217
4.52996,21.284657
1.32179,5.301935
4.13659,-3.5841405
1.69762,5.9178276
8.67667,21.128986
3.77784,2.362821
0.808567,2.1141217
0.0,2.1141217
0.0105662,2.1141217
38.012,20.746702
6.08398,28.95123
0.0,2.1141217
0.0,2.1141217
0.0,2.1141217
0.205114,13.030187
0.0,2.1141217
11.2349,29.607979
0.0244278,2.1141217
8.40057,10.688548
0.0,1.7762794
18.7678,26.750496
32.4171,40.87841
2.61288,6.3151884
6.31848,1.9056997
23.5049,18.863464
10.6271,18.186256
0.322485,2.1141217
0.0,2.1141217
22.0206,15.729869
0.0,2.1141217
30.9536,49.424595
0.0757449,2.1141217
0.0,2.1141217
24.7151,37.16126
19.5035,8.888712
5.14796,23.74661
9.15835,22.778496
60.3985,62.8472
0.242017,1.3570955
0.0,2.1141217
25.7777,25.402067
3.40414,15.781974
0.0,-29.002003
50.0068,36.6246
1.1534,21.968136
16.4448,21.654411
0.0582332,2.1141217
1.03622,2.1141217
6.52047,16.036358
0.0,2.1141217
0.0,2.1141217
16.961,6.5778446
12.3578,16.102467
0.795791,2.1141217
0.0,2.1141217
0.0,7.477748
0.0198202,2.1141217
0.0340256,2.1141217
0.127514,2.4611237
2.57335,0.74453616
13.4342,12.881057
0.0246216,2.1141217
0.122731,2.424679
0.0486026,43.679344
0.0261254,2.2066965
2.72457,21.36538
39.232,11.162643
0.0,2.1141217
0.0,2.1141217
11.7261,7.727008
65.7132,22.099901
0.0,-2.4814622
7.18317,18.669558
16.4448,21.654411
0.0165863,2.1141217
4.27785,4.142333
9.45008,8.561093
0.0,37.16463
0.693186,8.056438
104.052,24.19186
0.0,2.1141217
0.0404106,6.8140945
29.9613,11.648831
0.0,2.1141217
0.0347552,2.1141217
0.0,2.1141217
25.3452,24.860943
61.7468,42.32584
0.645114,2.1141217
6.66568,24.664614
0.0,2.1141217
0.0,2.1141217
23.0211,30.98986
0.116339,2.1141217
0.0,17.447927
4.61178,10.156065
0.0816582,0.66490173
7.72727,12.537587
0.0,2.1141217
19.7884,24.066763
2.1209,14.586855
0.0733279,1.6033592
3.12215,15.315433
16.4448,21.654411
9.31878,13.013128
42.5758,14.1848545
0.0,2.1141217
9.26149,16.27571
23.3344,12.629026
0.0195011,4.4037347
0.0,2.1141217
0.0,2.1141217
0.0,2.1141217
0.610725,2.1141217
68.9289,40.125473
15.7275,-1.8420255
0.033392,9.105166
2.27606,2.1141217
0.0,11.601576
1.45222,2.1141217
0.0,2.1141217
0.0,2.1141217
44.1062,16.142859
5.72192,1.9631965
0.0,0.7688017
0.0,1.5309823
31.9675,1.5991087
0.0,2.1141217
0.0361536,1.4571843
31.6073,13.252067
0.0,2.182158
59.4852,8.790109
14.2404,1.0983262
0.430817,1.4087701
0.0633151,2.4652412
233.507,148.90923
3.15769,0.055983067
4.37948,14.906025
0.0344133,-0.6733215
0.0207707,2.1141217
0.0,5.494879
96.5523,27.124386
0.10036,2.1141217
0.0,3.3182988
0.0317417,3.11053
0.0,2.1141217
2.054,4.507415
2.70478,14.681173
5.78663,3.5001225
0.0,2.1141217
8.51378,3.0949957
0.0,2.1141217
0.456626,6.2849874
0.748226,9.400915
0.0598996,3.6932793
9.31878,11.312515
0.0,2.1141217
0.0,1.3025146
0.0,2.1141217
3.02521,8.801147
30.2705,11.000648
0.0,2.1141217
16.0687,14.519736
0.0,2.1141217
0.578598,3.2864776
1.41237,2.1141217
10.5992,1.3384106
0.0,-0.7186549
0.12318,-2.6380646
74.0911,7.198861
801.127,258.62933
0.0,2.1141217
0.0489275,148.75148
0.0,2.1141217
0.0177513,2.1141217
0.0,2.1141217
4.78224,13.417873
0.0,2.1141217
0.0626873,5.6736784
11.9097,-188.56708
0.0,0.29744983
19.5804,23.082924
0.430817,1.4087701
0.0,0.5771313
9.1599,17.12061
10.3538,4.999197
0.0324436,2.1141217
0.0,2.1141217
3.94202,0.34535432
65.9312,15.741511
15.0328,30.459393
0.52848,15.966916
33.862,2.1141217
0.00557245,1.1667805
37.7198,21.271444
10.3538,15.68839
10.5992,1.3384106
0.0397651,2.1141217
0.0,2.1141217
0.0106149,1.8838608
9.91484,4.7071433
0.0542179,2.1141217
23.5057,21.816422
4.08128,1.0641551
0.0,1.2351191
10.5353,5.61464
22.7661,2.7973373
0.0356115,2.1141217
43.4767,24.799675
11.8182,28.512821
0.014488,2.1141217
127.163,58.720875
0.0995542,0.574332
0.00727648,2.1141217
0.0315748,-0.7187896
0.0289529,2.1141217
22.0206,15.729869
0.0717444,2.1141217
12.2652,19.13457
1.56199,2.1141217
20.3765,10.640912
0.438031,31.843307
0.411595,10.8930855
6.32027,6.5035286
8.76341,18.146955
0.0,2.1141217
48.3711,18.554947
0.0,2.1141217
0.55637,-2.1857288
3.62445,-7.589018
0.0372031,2.224456
36.9143,14.88445
0.0,2.1141217
35.0216,34.536022
7.81582,20.938263
0.0,17.444912
3.43098,10.419185
3.9033,0.092294216
0.0,2.1141217
0.0391943,2.1141217
0.0,2.1141217
0.0,2.1141217
0.0377064,0.29086542
0.0,23.683514
0.0633712,1.7533672
32.9177,14.948352
6.39055,-6.936288
0.0,2.1141217
0.0,2.1141217
12.6788,15.195733
0.0,1.2429116
210.722,224.76244
0.0,-0.9409034
0.0,-2.634526
0.0,-0.86804676
2.08603,0.14989567
0.0,2.1141217
0.0383494,4.2378187
0.0699702,10.889378
2.62393,2.1141217
0.0713469,2.1141217
7.58468,29.287754
0.0505051,2.1141217
0.0,2.1141217
0.0,4.650951
0.0,-4.032343
10.919,40.886463
29.5091,29.86891
0.0,10.610669
0.00388787,40.2418
4.00067,3.5528576
0.0,2.1141217
0.0,2.938205
0.66808,0.40223908
0.0,2.1141217
0.0,2.992619
0.0,2.1141217
0.0734416,3.4751265
0.0,2.1141217
12.1394,9.863429
1.45235,7.3451633
0.0,6.542513
25.3641,11.298175
0.0,2.1141217
0.0,0.7688017
34.3872,27.260025
82.287,59.222385
4.55759,7.6101017
24.6134,20.79081
0.0,-0.2706256
9.4149,22.957647
6.39448,40.57142
75.4895,18.00283
66.0095,23.6217
0.0,2.1141217
3.20272,17.74612
6.33747,1.9241645
0.0,0.5771313
0.0,2.1141217
48.6022,3.0011508
0.370948,22.203283
0.0,-0.7399101
18.3982,6.2953568
9.99949,6.6908197
0.921524,12.2557
0.235525,4.0943966
0.0219448,2.1141217
0.0,10.640912
0.0,2.1141217
40.8006,29.276737
9.79811,21.980545
23.569,21.365574
0.626267,2.1141217
13.1361,-1.2776232
0.096906,2.1141217
46.9646,28.332542
23.5343,-0.8614471
0.027453,-1.5067499
0.0,2.1141217
0.0276603,2.1141217
22.6392,22.235886
1.21839,22.11009
17.9208,7.1052723
4.5089,12.761545
0.0675391,6.4951906
0.0,2.1141217
3.31146,21.512083
15.4015,21.622105
0.196991,1.0043492
0.0,2.1141217
3.60966,10.226163
1.84584,14.637717
0.102661,0.80962205
0.0,2.1141217
22.9447,36.54317
5.80679,-4.636327
0.0211065,2.1141217
0.0,2.1141217
1.78478,1.8929172
9.95179,14.724149
0.0,2.1141217
6.03438,4.539823
4.33623,10.294889
5.52068,-3.9367893
13.2385,25.954979
0.00684941,2.1141217
0.194605,2.1141217
7.72727,12.537587
0.0,2.1141217
0.0,2.1141217
0.750729,2.805373
6.39267,4.8497586
5.14181,16.871122
29.0894,28.068438
0.210907,2.1141217
38.704,7.384486
219.099,30.876862
0.105977,2.5935335
0.0,1.1225266
4.60452,12.317666
0.0,2.1141217
0.0,2.1141217
0.0105311,-1.1603291
4.65182,13.743503
5.1839,6.9186726
0.0,2.1141217
4.00783,18.275595
0.0443369,1.5610101
0.0,2.1141217
43.5617,31.957092
0.116668,6.542513
48.0989,28.032299
40.2242,4.1181717
0.0,2.1141217
14.4787,21.965393
0.456339,2.9079947
0.0,2.1141217
0.0,4.2666564
4.61967,23.46494
14.6496,7.290594
10.2115,22.33419
14.7634,8.923252
2.9242,2.9824584
0.0,2.1141217
0.0207707,2.1141217
39.5207,55.7747
3.80485,11.790348
0.0,2.1141217
18.8897,18.750282
0.0,2.1141217
0.401957,1.8579283
4.3848,0.94531107
0.0846917,2.1141217
25.2788,6.0514183
0.20584,2.1141217
1.07637,4.707923
2.81838,16.799606
0.0,-0.53615403
28.3986,21.106653
0.0,-0.2706256
25.5413,15.635738
0.0,20.36246
0.0,2.1141217
13.0362,2.2771776
0.0,2.1141217
0.0,2.1141217
0.0,2.1141217
0.32082,0.62366176
0.0294058,2.1141217
5.85859,-3.2331617
1.73074,8.893848
0.0,19.419764
0.0,2.1141217
0.0711096,-2.1957486
0.193627,2.1141217
0.0,2.1141217
0.0,2.1141217
1.39825,27.486824
0.318302,1.456706
0.0652121,2.1141217
0.0221842,0.2852447
0.0,2.1141217
18.0724,5.571681
0.0,2.1141217
0.0233739,2.1141217
1105.96,127.02221
53.3411,23.261015
0.0886052,4.5194664
0.0,2.1141217
8.48308,29.341072
17.8964,41.40061
0.0,2.1141217
0.118235,2.1141217
0.0,2.1141217
0.535877,11.669469
0.124658,2.1141217
9.73844,-0.24546027
0.0,-4.3565397
58.7779,85.039795
0.0883291,1.4374967
11.7892,2.1141217
11.7739,4.382701
10.2115,22.33419
16.4599,0.24263847
0.0,2.1141217
3.12215,15.315433
8.30447,30.531797
0.614049,10.034148
0.0962949,-2.4973114
6.18583,6.9340506
8.3931,6.6434584
31.6466,35.105732
27.5453,13.638342
23.5057,21.816422
0.11857,2.1141217
0.160502,2.1141217
0.113926,2.1141217
19.3196,10.028743
0.0,1.1069355
6.95536,5.7005224
3.75554,36.054043
0.0546719,2.3294907
26.1965,15.0522585
0.0,10.915148
0.0480731,2.1141217
4.60054,15.489123
3.60053,3.4021785
0.0244278,2.1141217
0.0711397,-3.2943766
6.18583,6.9340506
167.45,22.203283
0.0,2.1141217
0.0,2.1141217
0.0,0.24352527
9.40351,15.086513
0.0806617,6.274332
0.0,2.1141217
38.7644,14.196477
3.84675,3.2658224
21.811,5.6260357
0.0260972,-2.3194864
4.09921,6.219836
0.0,1.255852
0.0,2.1141217
0.0,2.1141217
32.3011,36.62521
0.0,2.1141217
0.0,3.2865114
0.0,2.1141217
0.0,19.514023
0.294262,7.79317
88.224,20.75889
8.7999,23.357658
4.545,9.898188
13.6708,8.523897
0.0,1.2000599
0.0,9.898188
39.8079,16.755022
0.0146776,1.5514798
25.4838,21.06458
23.5283,25.996378
0.0,2.1141217
0.0,2.1141217
6.86443,9.686059
8.51378,3.0949957
6.17229,-8.391329
22.6272,13.452102
3.77359,9.904396
0.0,2.1141217
0.0,1.6565335
0.0,2.1141217
0.0,2.1141217
0.256122,2.1141217
47.7532,10.34162
0.0,2.1141217
12.6788,15.195733
0.0,2.1141217
1.08431,-2.755049
6.41138,8.950802
15.348,8.052019
0.139843,1.1883488
0.0,2.1141217
0.266181,21.86389
5.62854,14.78301
45.5749,39.021313
9.66222,979.53864
0.550677,6.6915255
14.4787,21.965393
3.80485,11.790348
6.86665,-1.2070091
0.0,2.1141217
11.5717,11.828261
0.226083,2.1141217
82.423,44.120834
0.0,2.1141217
0.0,2.1141217
0.0641311,-4.40853
6.33662,2.1141217
71.0243,83.96317
6.71538,20.460121
213.647,125.805305
0.0,2.1141217
0.05699,2.1141217
18.7132,4.9870405
10.4744,13.986696
47.3053,53.59527
18.3755,10.694226
0.0587993,2.1141217
0.0,2.1141217
3.3563,18.886417
2.73993,1.2791839
4.48616,10.707809
0.0,1.834928
0.178675,14.03368
74.4413,7.8713646
0.881826,2.1141217
0.0,2.1141217
97.7892,116.575615
22.5227,29.068928
7.51521,13.368033
54.444,7.1721783
0.19158,3.3735034
0.0,2.1141217
0.0,13.565502
0.0,2.1141217
0.0,2.0091546
0.0780955,10.181166
2.2757,18.837893
43.9011,18.434458
0.0,6.542513
5.72192,1.9631965
29.7185,3.6619704
1.66843,3.12074
0.0,11.735118
0.0,2.1141217
5.1839,6.9186726
39.0521,29.076906
18.2676,1.034899
0.0,2.1141217
11.2706,2.1123564
4.74985,1.9156694
0.0,2.1141217
27.4069,20.97514
0.0329041,2.1141217
22.869,23.070919
0.0,2.1141217
49.0173,19.607388
46.7782,11.714931
0.00808029,3.5235908
30.6925,26.891708
12.9993,15.3572855
0.0,2.1141217
0.0576959,2.1141217
33.8291,13.246727
4.88125,2.8129647
15.9221,14.197778
0.144603,2.1141217
0.0,1.527014
6.42341,5.3970737
0.0,0.47490835
11.3712,6.4121466
1.75888,2.1141217
12.3842,1.6731446
3.8158,19.48229
228.807,232.03015
2.64016,16.755632
0.0363376,2.1141217
12.3571,23.718971
0.839133,0.82010317
50.5521,26.908882
0.0355344,7.1673803
0.196991,6.05783
0.0221184,-1.9543104
0.0,2.1141217
0.449778,2.1141217
145.306,32.06727
65.8736,14.408666
7.32356,4.1033688
65.7132,22.099901
0.0400654,2.1141217
11.3833,11.478374
73.3896,12.369348
0.0,2.1141217
11.89,8.429376
0.0,2.1094716
0.0180594,8.571191
30.4823,20.410673
6.31848,5.423787
67.7821,122.159065
0.511178,20.431618
90.1931,23.037476
5.27679,10.21966
0.0557447,2.570551
0.0,2.1141217
3.62445,-7.589018
10.1206,0.103936434
0.104821,-3.8556898
10.2343,68.29873
0.22357,-4.3291607
32.6081,13.530164
28.7411,20.342075
1.06258,3.1960177
0.0,2.1141217
0.428455,2.1141217
27.7688,19.819302
0.835289,8.035438
0.0476741,16.161892
8.26712,1.7887456
0.0,3.5639863
35.0216,34.536022
0.110063,3.2727122
25.6392,54.727367
66.0095,23.907263
0.0832326,2.2289677
9.21049,21.908848
0.301423,12.880393
0.0,2.1141217
6.18583,6.9340506
1.70305,19.370007
7.11868,2.1141217
4.10452,0.773679
7.39603,11.29555
0.0,0.8758261
0.559344,2.1141217
0.0,2.1141217
12.7498,16.16364
12.9033,45.66683
0.657909,2.1141217
0.246802,2.1141217
0.0329041,2.1141217
16.2922,11.404849
0.0,2.1141217
0.0,2.1141217
0.193627,2.1141217
0.0339982,9.898188
85.3169,70.96015
0.0,6.0162487
1.79644,9.090595
0.0,20.571957
0.0,1.7759163
10.0289,6.9968987
0.0407668,2.1141217
102.555,66.83837
0.0587993,2.1141217
0.196792,1.180531
0.207645,21.949873
0.0,2.1141217
5.02155,9.353794
619.796,434.20877
0.0,2.1141217
38.012,12.836405
0.0,2.1141217
0.144784,2.3550985
0.0,2.1141217
5.22933,11.709648
12.4457,14.838422
0.0,2.1141217
0.0319726,2.1141217
0.0,2.1141217
0.0,2.1141217
0.0367065,2.1141217
0.0619232,2.1141217
0.0,2.1141217
619.796,434.20877
186.492,77.19356
2.6135,9.033802
0.250134,12.470141
17.6329,20.474201
0.0,2.1141217
11.9053,24.71589
0.0,2.1141217
0.0,2.1141217
1.24448,17.721863
2.10857,14.989821
0.0,8.271456
13.7472,11.424223
0.0,1.4933221
0.0,-8.504716
0.0,10.067172
0.0,13.513191
0.182946,0.69926
32.5872,21.096123
8.64151,8.103632
0.148443,2.1141217
0.835289,7.557605
16.2593,2.6832478
6.60336,27.349953
7.11917,1.8204663
0.0,2.1141217
0.0,2.1141217
44.6306,16.534239
0.0,3.767518
7.61384,21.735794
49.7688,31.086945
0.0,2.1141217
2.25497,8.962837
0.0,14.150109
0.0,1.3405097
4.24814,35.387207
0.0,2.1141217
0.0319278,3.2932243
0.0,2.1141217
2.36522,9.898188
0.0,0.14821029
9.61983,10.809733
0.0,-0.040668726
0.0244278,2.1141217
23.8569,1.1984627
9.34879,-2.0053287
0.329194,-1.1206429
8.24868,15.097581
0.655482,2.1141217
181.96,42.506294
3.90281,17.048264
0.224358,17.165186
5.16592,12.6873865
38.3952,24.066763
2.02652,12.43255
0.978671,3.4074063
119.708,45.09306
10.5992,1.3384106
23.569,21.365574
86.3551,75.20783
0.0578393,8.91982
66.723,62.85349
0.128057,19.476517
1.27604,11.519759
1.49569,3.020029
0.0,8.76058
0.0,2.1141217
42.6992,32.58997
6.57803,19.378431
0.0839333,0.5342872
3.84032,2.1141217
0.0,2.1141217
5.67805,16.528854
6.17503,12.30139
0.0167724,2.1141217
64.3365,19.57548
0.0,2.1141217
0.044806,4.31981
18.7132,4.9870405
0.0,0.9093549
0.120609,2.1741898
0.0,2.1141217
38.1937,35.478626
2.05356,2.1141217
84.5029,38.451973
1.7343,29.482931
0.0,2.1141217
10.2463,48.377068
22.8508,11.634659
0.0,2.1141217
0.110194,2.1141217
21.4931,2.1141217
2.59898,1.9284613
0.0,2.1141217
0.0126721,2.1141217
0.0,50.189144
0.0,5.283948
1.00418,2.1141217
8.8373,7.4242964
8.60295,13.466214
0.529199,17.126757
20.389,19.086061
14.3497,9.582608
31.7232,26.822247
17.5059,6.9291935
0.0131872,2.924507
0.0916382,14.03368
0.143577,2.1141217
71.8546,17.023388
0.0,2.1141217
0.782975,0.25689816
0.0,2.1141217
0.0582332,2.1141217
60.3985,62.8472
2.738,3.1242473
13.4342,12.881057
0.400363,19.364506
208.249,34.670895
15.9221,14.197778
14.4278,9.718663
31.6466,35.105732
31.287,24.253048
70.2529,36.780754
13.3117,22.231422
0.0317417,3.11053
2.30368,22.136734
76.7712,37.397633
0.0,2.1141217
0.0995542,0.574332
0.0645255,30.531797
18.7444,21.47998
0.0315748,-0.7187896
0.520391,23.561405
1.45654,-2.3197198
7.93212,4.5522738
0.074776,2.1141217
0.0,2.1141217
3.73044,2.1141217
4.76093,21.482037
0.0105764,2.1141217
60.559,23.267511
1.7973,0.380116
0.0722183,2.1141217
1.55944,15.140662
0.0,2.1141217
0.156251,2.1141217
0.0285757,4.8637643
25.3992,5.8519917
146.584,8.697235
3.07933,20.957523
36.8233,18.9626
53.2938,37.033314
21.9927,22.145355
0.0,2.1141217
0.0,2.1141217
5.59568,23.907263
0.0,4.5804896
6.39267,4.8497586
0.110945,2.1141217
882.552,422.86575
16.651,6.9716806
11.6269,27.1628
2.13995,35.545757
44.8243,23.66634
15.893,25.819319
5.57806,1.6406596
0.0,2.1141217
0.0170585,10.630488
0.599144,2.1141217
0.0210909,1.7880836
0.201269,12.299452
0.0,1.4581215
7.09523,17.175259
0.0354814,1.5864818
6.43881,13.036559
7.75207,16.923578
85.5778,43.752567
0.0,0.6642659
92.8442,42.681118
1.65003,2.8395424
57.9345,28.16425
0.0,2.1141217
5.06031,29.68325
0.0144449,1.3259263
5.67805,16.528854
0.0227304,0.29086542
0.0,2.5476768
3.10278,10.667785
0.0,1.7763326
12.3308,18.607054
29.3384,26.543316
0.0,2.1141217
4.70495,2.6838179
3.31365,5.141102
0.0,-19.363539
16.167,42.953026
0.0826892,2.1141217
0.0,2.1141217
0.0,-1.230902
7.56916,9.499555
0.0,2.1141217
3.91957,12.24583
8.30396,7.02357
6.73375,31.82364
1.47722,2.1141217
162.427,73.68377
11.166,46.01247
10.163,21.847443
0.0610322,2.1141217
31.889,21.893522
3.90281,0.98555636
0.0403822,2.1141217
110.851,54.27954
3.51916,14.194227
0.473211,-10.002038
0.271501,66.19367
0.116093,2.10783
0.0679036,8.632697
22.6518,11.323427
38.012,12.836405
0.0,2.1141217
0.795791,2.1141217
0.0,2.1141217
7.72727,12.537587
0.979566,27.830551
0.0585232,22.157505
0.183732,7.4979057
34.9475,18.178673
1.18242,31.31324
0.0454418,2.1141217
10.2071,4.7899294
0.0,18.174421
1.14344,5.731306
1.05541,14.692767
18.2498,8.670391
0.0,4.217827
11.2032,45.26747
11.0804,44.599606
0.0,2.1141217
110.799,66.75547
31.9153,41.124157
0.0,2.1141217
49.2648,20.870726
46.1839,22.228989
0.0,26.517256
7.04033,15.259856
0.160588,2.1141217
0.0,2.1141217
25.2788,6.0514183
50.6105,33.438
0.417832,2.1141217
0.0,2.4732232
0.0840941,46.216053
0.949409,2.1141217
0.0,17.992235
0.0647448,2.1141217
0.0,2.1141217
22.0206,15.729869
4.18722,16.455719
0.0,2.1141217
23.029,12.971644
0.096906,2.1141217
5.33864,12.968989
49.2648,20.870726
0.118235,2.1141217
21.587,15.2647505
0.0,2.1141217
3.78142,18.060768
1.04998,14.436345
0.430817,1.4087701
0.0,1.2725718
49.0173,19.607388
0.283806,2.1141217
251.292,57.72151
0.0110928,1.0810854
0.0,2.1141217
0.0874501,13.140037
162.718,22.320343
2.62587,10.407796
0.0,2.1141217
0.0,2.1141217
0.816387,-1.1358683
1.89258,33.648376
0.0570346,2.1141217
2.49262,5.6259966
28.1376,12.335235
0.472333,11.404849
3.80586,2.1141217
45.9377,35.232307
6.10661,21.321823
0.0,2.1141217
0.0,1.0863454
0.0,2.1141217
0.415995,15.49833
0.0,2.1141217
0.0,10.659381
0.0,2.1141217
19.3857,20.746702
6.3236,-0.4032607
7.88268,-4.132309
174.747,26.720026
61.7468,42.32584
0.0806617,6.274332
0.0,2.1141217
3.00013,12.837022
231.91,133.67192
7.65143,14.820606
78.2679,2.1141217
0.665645,4.101246
0.0271285,1.5801685
2.24424,2.3843553
0.0780901,12.257333
0.0978433,2.1141217
102.047,13.53781
0.0,1.9189589
0.0,2.1141217
0.949409,2.1141217
36.891,-5.8510265
16.6565,12.398442
0.184332,2.647594
7.93361,18.89825
6.67038,7.1777935
4.43939,2.1141217
4.21751,4.613679
0.734085,4.017062
222.75,109.53627
39.6108,47.045574
0.0101261,1.1380856
1.94104,2.1141217
0.571642,5.772444
0.0,2.7107801
0.285233,0.9444294
2.81433,8.999922
40.0165,45.45181
0.0,-0.51903534
0.0,2.1141217
7.93361,18.89825
1.9069,11.660836
0.0,2.1141217
0.0953483,2.1141217
74.3385,46.01965
0.0127622,0.64724755
0.0,2.1141217
26.3449,27.25573
0.082366,2.1141217
9.60602,26.05397
0.0,20.228436
2.59898,1.9284613
9.02859,4.840473
13.2992,11.3947735
0.0,2.1141217
2.47586,3.2250285
8.33389,3.9015882
0.0,2.1141217
0.0445226,1.2295291
2.56798,31.116938
22.6392,22.235886
1.85969,10.110908
74.3385,58.945747
3.45128,13.032371
0.298915,23.144455
0.0776316,1.7238653
4.21751,4.613679
7.01739,19.916473
0.0,1.4054816
1.92986,1.9412405
4.21751,4.613679
0.143328,1.7692268
0.40574,2.1141217
0.0,2.1141217
4.30371,18.128143
0.0285757,4.8637643
0.140811,0.9336648
0.0,2.1141217
2.38796,3.9565563
18.058,14.502532
0.241877,-3.182206
14.7784,17.66933
0.242017,1.3570955
24.8603,4.4956264
36.7901,11.222703
0.300234,19.055916
0.530209,-2.4328406
9.92817,2.6274896
0.0,0.7688017
27.8998,13.731805
0.0,2.1141217
3.65862,-0.35803795
0.0,2.5286202
13.7754,-1.0408132
7.08421,10.433523
0.0407668,2.1141217
12.5438,18.556225
4.87503,7.568885
13.0144,12.043419
0.0931813,2.1141217
30.096,8.398388
0.0,2.1141217
19.3196,10.028743
86.3551,75.20783
0.105136,8.289624
0.0,17.466925
0.0,2.1141217
0.0,2.1141217
0.68252,11.430261
18.8057,14.890631
4.93522,7.777603
0.0,2.1141217
0.0,2.146422
0.0,19.48394
0.048191,2.1141217
0.0,2.1141217
0.0713237,-1.8705728
0.0272644,1.2445958
0.0293579,2.1141217
0.0,2.1141217
4.75915,15.593955
3.62445,-7.589018
59.4852,6.488825
0.0629815,1.364775
0.0,2.1141217
2.89723,12.506158
0.318955,-3.8556898
19.8674,14.434878
0.0215975,17.048264
20.9569,32.163643
29.2456,43.287296
0.608544,6.331028
0.0,3.8022437
73.8157,37.881817
10.6233,5.309065
5.43982,3.9135275
67.9551,38.68172
0.0,2.1141217
1.14478,8.358428
2.18394,-0.22078109
0.0,2.1141217
0.0261254,2.1141217
0.0,3.7624562
5.10486,6.2677183
0.0,2.1141217
7.18879,9.392183
1.2634,-5.0101366
0.095025,-0.21265972
8.203,2.6554432
0.0,2.1141217
0.0,2.1141217
7.45069,12.8665
0.0,2.1141217
10.5992,1.3384106
0.885176,21.284657
0.0,2.1141217
0.0,2.1141217
0.0313712,2.044627
5.34906,2.1141217
0.0,2.1141217
18.9655,-1.7686846
9.31878,11.312515
0.0,1.9134045
12.5119,9.799609
0.0734686,16.097927
45.2152,8.1445465
45.9377,35.232307
0.0,1.4982033
6.82818,8.207519
1.80628,15.073131
12.5053,15.989123
0.0,2.1141217
4.57112,48.96494
0.0667324,1.4472945
1.80628,15.073131
0.0546572,-0.2940402
8.51827,9.015478
0.0246216,2.1141217
0.0,2.1141217
0.0127622,0.64724755
38.0254,34.871502
9.31295,26.733458
3.89551,5.3020415
79.4322,21.59477
0.0833102,2.1141217
0.0619232,2.1141217
1.00624,13.7748575
0.0,2.1141217
1.21998,6.145591
14.1541,7.628742
0.0,2.1141217
15.4501,4.988266
0.0310379,2.1141217
3.99544,14.244638
0.0,2.1141217
0.0,1.2836053
2.64652,2.6902978
7.08421,4.8179226
1.68959,8.164414
12.2701,3.5392358
0.0,2.1141217
86.3551,75.20783
11.9358,11.174649
0.178423,1.1983473
65.7132,22.099901
127.128,43.03889
60.3985,62.8472
8.61256,16.029943
0.0,2.1141217
0.0757449,1.7238653
0.0,2.1141217
0.0170318,2.1141217
75.9912,75.10346
0.0,37.84209
0.122466,2.1141217
0.839133,0.82010317
0.0244364,1.6827023
1.93666,12.347754
0.0,2.1141217
11.1811,28.803894
0.0,2.1141217
25.8735,13.9724
10.8141,2.1141217
10.3037,18.077934
60.3985,62.8472
2.02652,12.43255
0.0125884,2.1141217
0.0,2.1141217
1672.53,594.06744
1.47888,0.82010317
32.0812,5.347686
1.43988,2.1141217
0.120368,24.706692
0.0,2.1141217
0.130261,2.1141217
0.0571336,0.5919328
1.45222,2.1141217
0.0,2.1141217
1.13365,2.1141217
7.22547,24.776314
0.0,2.1141217
0.0,1.527014
13.3117,22.231422
100.123,11.451866
0.0,2.1141217
0.256118,2.1141217
0.0,2.1141217
0.94857,5.215578
8.51798,6.186096
0.0,2.1141217
19.1377,10.59468
0.0104218,0.37882638
118.592,23.316647
18.4408,11.378849
0.102074,-1.8562982
5.19642,4.6394825
0.0216206,3.0768182
32.5265,2.1141217
3.56694,5.6058874
6.83092,0.915061
0.0,0.73577857
0.0,2.1141217
0.0,2.1141217
54.8596,58.96626
9.47653,3.8391938
0.0,2.1141217
0.349096,2.1141217
10.1609,16.646482
0.789754,2.4518008
1.28817,7.7902346
6.71538,20.460121
2.72421,26.103592
0.0,2.1141217
0.0,2.1141217
0.0294072,4.6141148
0.0,2.1141217
0.0274204,2.1141217
0.0,1.5165379
0.0768543,1.8266776
5.1564,7.477748
19.4241,12.33274
0.212247,2.1141217
0.0,2.1141217
0.234036,1.1910965
2.49417,13.794129
3.8263,6.929698
0.0,2.1141217
394.63,445.62277
16.0989,15.364087
18.7444,21.47998
0.0,2.1141217
49.8476,23.26215
0.0,2.1141217
19.8622,23.71527
174.296,33.39284
0.0,2.1141217
2.64048,5.52657
3.68317,9.168653
3.12215,15.315433
0.0,2.1141217
0.0649447,0.52939487
88.7445,11.455608
6.93167,15.110984
6.94088,40.224796
89.6832,25.635818
4.36972,36.432537
0.0,2.1141217
1.02096,-1.6204274
18.2853,11.07588
7.30478,2.1141217
17.2072,14.119567
6.05792,31.006626
39.9207,25.80862
0.0,-2.634526
0.0,2.1141217
0.0,2.1141217
25.7377,46.561188
0.0211757,6.709491
47.7532,33.420635
0.379094,18.806652
0.0216206,3.0768182
619.796,434.20877
0.0,3.2658224
0.398222,1.7699025
0.0807021,5.9559574
0.0,2.1141217
41.4786,46.66471
0.0,2.1141217
48.7639,20.386593
0.0,2.1141217
12.996,21.882978
32.6296,36.791588
4.3505,31.101135
0.0,2.1141217
0.0,2.1141217
60.3717,30.253979
0.0,2.1141217
7.75683,1.5112829
0.0350043,2.1141217
6.39077,16.92848
1.84062,6.794239
0.0629815,1.364775
0.0,-0.29831362
0.0115695,2.1141217
38.0233,26.982023
0.0626873,7.8604536
19.5991,37.51185
0.0,2.1141217
18.187,13.507455
15.332,23.328384
3.84675,3.2658224
27.0281,26.093649
18.8462,9.618952
0.0445317,1.4912229
0.0,2.1141217
0.0,2.1141217
0.0,3.2865114
0.0,2.1141217
0.0,0.1179719
3.40454,9.453904
9.65741,63.31807
0.0,2.1141217
34.8418,20.649689
0.184332,2.1141217
0.0734416,3.4751265
119.944,86.89568
0.0,2.1141217
0.0,2.1141217
228.807,232.03015
6.86443,9.686059
14.4625,18.719906
29.3295,29.882824
1160.7,411.96497
25.3389,-0.15538669
7.65143,14.820606
0.0,4.18683
1.79644,11.527003
106.723,12.318085
0.418839,24.839499
0.0,11.2411375
6.32027,6.5035286
0.0,2.1141217
101.479,13.725665
20.3765,10.640912
0.030774,1.4754741
0.0,2.1141217
0.0456051,3.386758
14.0127,36.444813
29.4862,12.499374
0.0,0.5771313
19.0954,14.299064
1.83904,4.0879164
89.6509,14.712945
115.716,22.51567
0.885176,21.284657
0.571642,5.772444
0.0,2.1141217
20.0911,23.881643
0.051393,0.29744983
75.4154,19.801426
0.0,2.1141217
0.0,2.1141217
0.336746,4.8854294
15.8812,13.26199
53.392,2.1141217
0.0,-5.41833
0.0,2.1141217
3.80485,11.790348
23.9401,24.524628
0.0,-0.7088196
0.0,2.1141217
0.076132,8.200064
18.5139,27.312777
0.125719,0.32840252
8.16661,5.3772893
5.43055,21.919443
0.0,-6.9523344
19.3154,12.43988
0.02025,2.1141217
0.0,2.1141217
0.0683683,1.7726028
5.48977,22.826784
0.0,2.1141217
10.5573,6.8875856
433.955,64.66329
20.9778,36.557873
91.3848,34.47371
0.802017,1.923887
17.4135,16.683928
70.6236,60.977932
12.3578,16.102467
16.3166,16.953072
0.0888941,0.96388936
0.0,2.1141217
0.0,2.1141217
15.7891,3.9179657
0.095533,2.1141217
0.138583,2.1141217
5.2929,6.8168316
15.7976,20.165342
1.02217,47.438843
0.0947661,2.1141217
12.9302,4.4188185
35.8973,9.6999655
0.0,2.3550985
0.0377064,0.29086542
15.7415,47.16462
1.3827,16.12631
9.71452,0.19327474
8.4425,13.405335
20.7926,7.6101017
0.00805205,1.1745551
27.9249,7.265312
4.22201,10.091945
24.7055,0.31581986
0.274572,0.30199766
45.4518,15.72803
0.438031,31.843307
0.0,2.1141217
0.0446926,2.1141217
0.0,2.1141217
0.0,2.1141217
7.69668,12.369348
32.9212,20.663242
0.00483917,-1.0735538
0.207055,11.634659
0.0,1.0937672
0.0,2.1141217
0.872144,2.4854138
13.5556,13.967477
0.0224096,30.556084
0.0,2.1141217
803.796,536.6713
7.58157,2.1141217
0.0771056,0.67896795
0.0,1.7009375
0.0,2.1141217
30.0952,24.583374
0.0,1.7873015
0.0,2.1141217
15.4143,15.540274
0.0,2.1141217
0.0,9.898188
0.0727032,2.1141217
3.20272,17.74612
17.3229,57.19273
526.834,14.188363
73.4181,92.75944
45.4518,15.72803
10.9533,31.019854
12.5311,50.582424
0.0407804,1.5779035
19.633,20.23693
0.0,2.1141217
0.411317,0.18901587
0.392828,3.342856
9.4149,22.957647
27.9249,7.265312
0.044806,4.31981
0.463196,16.743319
0.0,6.0712767
0.186204,2.577311
0.0,2.1141217
0.0,2.1141217
0.0,2.4542952
0.0,2.1141217
0.118923,-0.022946835
27.4125,2.1141217
5.78663,3.5001225
0.571642,5.772444
0.00885146,1.575515
14.747,18.706148
0.0189604,2.1141217
0.0,2.1999874
315.706,123.99794
10.5992,1.3384106
0.0503724,-0.69649386
0.099298,1.364886
0.0522548,1.5960112
68.9289,40.125473
0.196792,1.180531
20.329,4.8579903
10.8958,9.4837265
16.7628,-4.17033
12.3578,16.102467
0.0,2.1141217
0.0,2.1141217
0.0230888,2.1141217
0.534861,9.909786
0.0,2.1141217
194.673,58.386227
0.0,2.1141217
0.0,2.1141217
0.0522609,1.4718959
8.14734,13.634362
0.233734,-3.4549387
7.34724,15.388992
19.0349,12.293162
28.3842,4.5824437
7.4921,14.656067
0.115847,11.77924
38.012,12.836405
17.1115,11.490277
0.805096,34.55755
31.5645,8.251821
3.46905,88.99688
0.0,2.5846238
5.30943,11.46157
5.50564,42.165443
0.0,2.1141217
20.945,55.11265
0.0170975,1.6595948
11.4053,22.99762
0.105578,12.141782
6.32457,7.239749
68.9289,40.125473
25.065,47.881947
8.56412,4.1473966
10.3641,23.189978
16.4012,2.3243117
0.0820103,1.6636326
33.0979,39.86218
0.0640644,-1.5534871
11.1996,2.047046
8.10299,11.267959
5.34906,-0.69649386
0.0886052,4.5194664
7.75683,1.5112829
0.523938,2.819084
0.0717698,3.6339765
30.6646,14.178064
0.0,2.1141217
111.675,69.96497
31.6466,35.105732
34.3637,28.979336
21.8819,20.460121
20.3765,10.640912
7.03849,22.179356
3.56435,5.1459646
0.0,2.1141217
29.3384,37.70396
3.13951,-5.139413
0.571642,5.772444
0.0159444,1.1025805
0.900053,20.228436
0.00910153,2.1141217
4.31285,36.605816
6.66568,3.764538
75.4154,19.801426
17.9953,3.8447692
14.399,19.856003
0.112294,2.1141217
0.0,2.1141217
0.0,2.1141217
2.56798,11.1590185
2.14041,2.514259
0.0,2.1141217
0.0,2.1141217
17.4135,6.709058
0.0,2.1141217
0.0,2.1141217
11.9053,24.71589
32.7078,52.19234
8.49633,10.827845
0.0220383,2.1141217
29.961,8.237732
0.0,0.46889877
0.0,2.1141217
93.9524,89.804054
17.0076,10.643322
30.2674,32.803955
0.0120224,2.078976
0.02025,2.1141217
0.154268,2.1141217
0.0475146,6.611726
0.176883,2.1141217
0.571642,5.772444
26.885,4.755062
0.0,2.1141217
0.0,13.893401
0.0,2.1141217
10.0053,-46.618153
31.8586,26.53698
0.0,10.541773
0.0,2.1141217
11.0804,2.1141217
0.0,2.1141217
0.0,9.724065
7.15625,5.962779
0.520578,2.1141217
5.57964,16.015026
0.0,2.1141217
37.1884,22.240917
0.0349655,11.207269
7.0301,3.5782177
0.0323811,7.968055
0.0562796,2.1141217
0.0137033,2.1141217
14.3782,8.253695
2.47032,23.31412
0.197123,10.719877
7.67185,-1.6246097
0.0,4.093458
38.704,7.384486
8.84736,34.94905
0.00808029,3.5235908
0.0244278,1.5873566
12.4334,22.226967
0.130261,2.1141217
0.0,2.1141217
11.3456,5.334584
0.0,2.1141217
5.03435,15.382998
0.0,2.1141217
14.5324,16.923578
3.41898,11.714422
0.0144449,1.3259263
0.0,9.392183
10.4071,19.734026
0.0319278,3.2932243
0.707977,4.2034883
0.0,2.1141217
0.0,-0.8648305
2.6129,9.115444
5.2016,71.137535
23.342,2.453398
0.00808029,3.5235908
17.5005,9.255119
0.0147105,2.1141217
0.056907,7.536195
0.0199787,2.1141217
0.0,1.5910406
11.7739,4.382701
0.0460222,6.9040947
0.0828994,2.1141217
0.0,2.1141217
20.3765,2.182158
0.0,2.1141217
15.91,8.497644
0.430381,-3.840078
2.82707,9.318501
0.0,2.1141217
15.5798,42.607777
0.0371908,2.1141217
32.727,18.45151
7.64598,9.807572
0.0174459,-2.338165
0.757812,-0.5022814
6.70289,10.827845
0.0377064,0.29086542
0.0310628,2.1141217
4.46593,2.1141217
0.0,2.1141217
10.2463,44.000423
3.82475,12.112622
16.3773,2.1141217
20.945,55.11265
0.0,2.1141217
1045.48,428.75888
13.768,9.314223
1.34405,30.793034
0.0,2.1141217
0.013013,23.070814
0.0,2.1141217
7.92153,6.527705
0.0,2.2726843
27.5158,21.92455
0.0,2.1141217
0.0281779,2.1141217
0.0,2.183911
42.3715,76.219795
6.71487,-4.015747
18.1842,22.51697
8.30447,30.531797
90.1931,46.60856
4.3174,17.47487
0.285904,3.3280761
14.3441,49.65405
1.10099,-6.440837
0.0,0.89802957
10.8713,2.0510108
0.0,0.5401616
24.0913,12.012788
0.0,2.1141217
146.641,58.45385
0.0,2.1141217
17.2867,66.19367
145.325,21.414684
8.48195,11.716409
6.77438,1.8419385
0.169539,2.1141217
0.0,13.275623
0.0,2.1141217
2.36522,9.898188
0.0190806,1.3515141
0.0175659,0.310889
0.328067,2.1141217
0.0,2.1141217
7.67293,90.77099
0.0,31.089407
9.24975,12.905881
1.04998,14.436345
3.42239,3.3999474
7.88268,12.572993
10.0219,23.882656
0.0,4.1137657
0.0,0.29086542
0.0146036,-0.29235578
23.5333,16.551046
15.8826,9.992253
0.392828,3.342856
0.0971393,2.1141217
0.0510919,10.477565
19.9297,4.887971
9.66222,979.53864
4.25879,13.170432
0.805263,8.17738
11.2831,2.456493
0.126526,20.009834
0.0,2.1141217
0.0244235,2.1141217
0.0,2.1141217
12.3842,28.17271
8.07476,16.535696
26.3449,27.25573
0.0,2.1141217
1.79176,-0.8614471
0.0,2.1141217
5.07773,22.067415
1672.53,979.53864
0.0388813,11.880719
0.0154132,2.1141217
26.0752,26.32685
8.67667,21.128986
0.0,2.1141217
0.0,1.5348194
21.5036,34.895916
45.7509,26.191404
51.2472,69.18101
0.32082,0.62366176
6.17769,22.157505
68.9289,40.125473
0.301719,0.9292886
12.6788,15.195733
0.121745,2.0819411
1.45222,2.1141217
0.0,7.8813066
0.0207426,2.1141217
16.0687,5.4886456
20.1227,12.183113
47.3354,9.45949
39.6986,8.99068
0.0227304,0.29086542
1.32599,3.694677
7.94747,17.397125
0.762179,41.82817
0.0,2.1141217
145.963,88.718605
31.848,18.60148
4.12461,28.589054
13.2047,14.380448
0.0,2.1141217
0.0,2.1141217
10.5706,0.32788038
0.250134,12.470141
2.77897,1.5401595
0.0,15.259856
71.8092,36.791588
0.530209,-2.4328406
0.0471918,2.1141217
36.9073,57.47948
4.06206,5.166884
0.0,1.6603172
1.83466,-5.016985
0.0,-1.9822395
0.0,2.1141217
31.889,21.893522
9.91484,4.7071433
0.0414705,2.1141217
0.0843443,2.1141217
50.5877,22.124458
0.0,2.1141217
0.0,2.1141217
0.0,2.1141217
0.0284012,2.1141217
0.0,13.613509
0.0,1.9912834
9.91484,4.7071433
28.5582,2.1141217
0.0,2.1141217
0.885969,4.285042
27.5158,21.92455
0.0,2.1141217
114.038,127.725296
0.0,2.1141217
13.7581,0.9583409
12.0159,-3.1355326
120.835,135.09126
0.0129563,3.9587405
0.0,1.6548069
0.012238,-0.35804868
0.272837,5.7029514
0.0,3.031468
0.0,2.1141217
0.00825468,2.1141217
0.0,1.6106331
0.430817,1.4087701
24.0464,19.098036
12.9887,11.306398
22.7485,3.5672872
0.0165132,2.1141217
0.30269,2.5877697
4.40566,10.408883
0.0,4.2666564
0.0087436,11.817493
0.0,13.275623
19.9456,-0.37175703
31.889,21.893522
0.0115644,2.1141217
13.7754,-1.0408132
17.243,0.82010317
0.295629,6.2033253
10.1766,3.8359482
0.0667464,1.6505287
5.66893,4.848382
31.889,21.893522
0.0,3.2515829
38.4291,33.90875
1.51494,5.915943
0.0,-0.4389348
0.0,2.1141217
197.497,40.74506
0.0,2.930811
0.0,2.1141217
0.0,2.1141217
0.389399,12.370064
6.00227,20.547247
0.0,2.1141217
3.98003,0.45103908
3.12215,15.315433
10.209,36.06913
0.233384,434.20877
0.147257,2.1141217
0.0105037,-0.98623013
0.0,2.1141217
0.0,2.1141217
53.7064,2.1141217
8.45952,27.925343
12.3122,2.1141217
17.4265,37.353233
0.144043,3.3280761
28.3832,35.365227
0.0,2.1141217
2.46103,9.659641
0.0,149.97255
0.0,2.1141217
0.0,14.864829
0.0103384,2.1141217
0.0,1.0721695
0.425769,2.1141217
9.68664,10.584289
2.03327,2.635876
20.9168,13.374253
2.206,2.1141217
2.13995,35.545757
18.8538,6.118285
32.2663,18.915112
3.42381,26.674381
3.45172,0.9115877
4.85574,24.678688
8.76273,59.639988
8.16507,19.797718
3.40454,9.453904
11.5061,11.981066
112.357,12.400117
2.10857,14.989821
13.1723,32.32953
0.0,1.8540459
0.0138372,2.1141217
0.0566512,2.1141217
0.0265841,2.1141217
0.0,4.2666564
50.8997,4.368168
23.5057,21.816422
62.0056,34.514748
0.0,6.3292227
16.0575,0.17673588
2.04502,2.1141217
29.3069,6.767269
11.731,18.282894
0.0104653,2.1141217
0.0,3.8435247
0.0,2.1141217
3.19138,16.766588
9.45517,24.905373
5.69439,25.91192
31.889,21.893522
0.0,2.1141217
13.443,-0.2632506
2.09929,10.551977
0.0,2.1141217
0.52367,3.9508584
0.0734416,3.4751265
22.9302,22.879417
225.715,141.94853
4.36892,12.021923
7.44957,5.0522833
0.0,2.1141217
8.20827,20.410673
0.120609,2.1741898
2.30816,18.98362
0.0,8.999922
0.0,2.1141217
0.0173895,2.1141217
14.5233,47.71184
9.29667,7.686118
0.0,2.1141217
7.56531,4.1294327
0.0,2.1141217
0.0,2.1141217
7.1822,0.07409203
0.0,2.1141217
23.2844,36.221043
10.1482,1.666239
68.9289,40.125473
0.788297,2.1141217
0.0,2.1141217
13.0144,12.043419
14.5588,39.480476
0.0,2.1141217
0.0,3.5639863
10.919,12.090957
0.208997,0.73700213
0.0,2.1141217
3.8263,6.929698
0.0,2.1141217
73.8157,88.093315
12.3578,16.102467
0.459406,-0.65518355
1.67766,2.0624616
0.0,2.1141217
28.5276,16.019064
14.8266,15.648969
2.46095,2.1141217
40.0218,10.530922
0.0,2.1141217
18.2676,1.034899
34.3512,13.078134
0.0778408,-1.1080408
5.36827,-8.72046
0.0,2.1141217
0.0,2.1141217
5.1839,6.9186726
2.36522,9.898188
0.203133,2.1141217
1.37587,2.1141217
0.553249,11.062936
0.0,-0.9409034
26.1965,23.195505
0.0,16.29937
5.38838,20.65673
0.0,2.1141217
45.1028,31.991062
0.0057677,2.1141217
21.7269,12.186673
3.49699,-2.3862267
12.2934,21.067387
0.673946,19.620708
1220.51,520.5881
5.36806,32.22313
13.4342,12.881057
0.0,2.1141217
12.7252,12.024989
41.5651,30.638252
19.633,20.23693
0.012278,44.36484
4.64645,37.022198
1.13365,2.1141217
32.6296,36.791588
0.0423201,2.1141217
14.591,24.173082
17.542,30.793034
0.0,0.9093549
8.55836,31.118984
0.0,2.1141217
0.0101273,2.1141217
0.0,2.1141217
4.55759,7.6101017
0.0,2.1141217
0.0607464,2.5067255
46.4472,13.312503
6.93717,2.4518008
11.4008,36.493717
0.0,2.5351002
37.7718,24.386005
4.4787,11.071872
14.3642,22.222195
0.628994,2.080645
0.0,2.1141217
0.124086,2.1141217
9.9387,19.61731
1.9201,-0.15538669
0.194898,2.1141217
12.5903,20.700068
0.0,0.11608076
7.96039,9.620176
0.0,2.1141217
0.0657912,0.45112586
0.0,2.1141217
0.0,33.348335
0.0,2.2746058
49.0388,19.721727
2.74106,24.301857
12.6916,18.207026
8.8373,7.4242964
10.5207,8.340164
0.0222586,2.1141217
0.0236764,2.1141217
39.734,23.422894
4.58028,2.2846963
0.0,2.1141217
1.56213,-3.280266
41.5662,23.867569
0.0,2.1141217
0.0,29.778143
49.3187,27.995983
22.7331,42.62015
12.5311,50.582424
9.11279,34.944603
0.0,2.1141217
0.0,0.9093549
0.0323811,7.968055
0.0357039,2.1141217
14.3224,3.8547902
49.8636,11.425557
0.0,2.1141217
0.0396249,4.2666564
4.61967,37.742016
0.0,0.74539304
4.09223,3.9267251
0.0,2.1141217
7.5882,28.829206
8.17039,23.053654
79.1213,19.182476
1.2621,22.888176
228.807,232.03015
34.684,21.69781
0.185833,2.1141217
0.0443369,10.089036
0.530209,-2.4328406
0.933549,2.1141217
0.0425683,3.11053
1.54324,25.76461
2.59898,9.723608
1.92986,1.9412405
5.13061,8.789571
0.0,2.1141217
226.44,123.623695
0.0208458,31.23838
0.0,2.1141217
0.0,2.1141217
0.0,2.1141217
10.4018,21.99824
0.0,2.1141217
49.2308,13.8821335
0.0416443,2.3049543
0.0158908,2.1141217
3.42105,9.733517
0.0,2.1141217
0.0190806,1.3515141
0.0224391,2.1141217
0.0,2.1141217
0.0409463,2.1141217
0.041083,1.271942
13.1945,22.267548
0.0,2.1141217
8.35015,12.700729
5.72192,1.9631965
68.7626,28.734997
0.0,2.1141217
19.633,20.23693
12.5438,18.556225
11.104,2.1141217
9.86152,8.36168
0.890405,12.242013
13.7845,4.1775875
0.0,2.1141217
0.782975,0.25689816
70.2331,27.210756
29.3431,18.897755
0.0,2.1141217
0.173498,2.1141217
7.56916,7.620309
33.3841,1.3815315
0.411317,0.18901587
0.0,1.6806939
0.0,1.7138112
1.68702,31.843307
0.0,2.1141217
0.0,2.1141217
0.0,2.1141217
0.0,2.1141217
0.011101,0.503978
0.0155102,2.1141217
4.61967,23.46494
0.0,2.1141217
0.0605592,2.1141217
0.0,2.1141217
0.0,2.1141217
1.35988,0.25070238
3.72617,18.0604
0.00734836,0.22406101
6.56218,5.046322
0.0,2.1141217
0.0692392,7.673094
13.2476,5.3441114
2.21819,4.5041714
3.6471,0.31879115
0.0,1.0983262
0.0,4.3057866
0.0,2.1141217
0.02025,2.1141217
11.3911,19.992884
0.0,10.843367
53.3411,23.261015
6.73429,-9.250891
1.45222,2.1141217
5.52068,-3.9367893
10.4987,0.73700213
9.50832,4.2954473
0.0,2.1141217
0.455568,2.1141217
5.39411,2.824628
0.0626873,5.6736784
4.27692,11.294283
0.0,2.1141217
4.66756,13.006375
0.0,2.1141217
8.60295,13.466214
19.0443,32.115993
23.9789,2.5877697
0.112592,-10.933797
2.97393,8.428376
0.207055,13.396178
0.0,2.1141217
64.9969,33.348335
1.69555,-1.1693041
0.0995891,2.1141217
8.32285,10.183697
0.0932137,31.243374
0.0355729,2.1141217
74.0086,5.7360353
2.8566,4.4360676
14.4278,9.718663
0.0118156,1.5191875
22.0206,15.729869
0.0261254,2.1141217
0.146754,18.98362
0.0,2.1141217
7.7378,12.99438
22.6392,22.235886
14.6294,5.283948
4.06813,15.620978
23.348,56.182995
0.0,2.1141217
2.2593,47.180145
1220.51,520.5881
5.34439,5.9425554
0.556871,2.2976658
0.0,2.4081907
2.69787,9.5552225
0.0,0.1179719
0.0587597,2.1141217
51.8771,3.5009575
3.2192,185.91435
26.9294,7.301731
0.0,1.4341352
0.0131697,2.1141217
0.149472,37.92875
6.28842,6.6593018
0.0,2.2976658
10.3588,30.283758
0.0,5.124445
0.0,11.817493
11.3911,32.363533
3.77359,9.904396
11.4008,36.493717
1.62318,7.9153833
0.0714461,2.363513
9.8623,2.1141217
5.22933,11.709648
0.0,2.1141217
28.1376,12.335235
6.22014,4.3001747
10.8701,10.716125
0.0,-2.634526
25.3641,11.298175
5.95805,6.4736958
0.0,2.1141217
4.62182,22.480377
0.0261254,2.4261484
0.0,2.1141217
76.9977,52.98076
0.0,2.1141217
0.0,0.29086542
34.0699,17.497463
0.106015,-4.7733746
21.3463,18.96202
6.02159,1.0135872
148.617,46.491077
0.0407804,0.67774606
148.964,50.53658
8.24252,15.425185
0.0,2.1141217
0.0,2.1141217
3.09294,3.3590214
16.4448,21.654411
7.93361,18.89825
0.0617622,-14.922605
5.67805,16.528854
10.5733,12.446902
0.0,2.1141217
0.0,2.1141217
56.6049,34.960186
24.3086,18.116604
0.0170975,1.8319004
0.120731,2.1141217
0.0,2.1141217
11.6675,9.149248
1.47888,0.82010317
0.0833102,2.1141217
0.051393,0.29744983
89.8552,198.56654
16.4448,21.654411
16.01,21.653328
0.423245,2.1141217
0.216623,8.644763
20.9896,7.479265
0.0,2.1141217
11.6114,20.631374
38.704,7.384486
0.0,23.261015
0.0,2.1141217
1.05183,2.0064366
4.00784,12.23022
2.22872,4.0356126
0.620975,2.1141217
0.0,2.1141217
0.0,2.1141217
12.8443,14.864112
0.113526,6.8140945
0.0,2.1141217
0.0,2.1141217
1.4546,-1.9187315
0.257412,7.5716305
0.0753512,7.769553
16.5249,25.270668
0.0,2.1141217
0.0,2.1141217
49.7586,41.181976
0.488137,2.1141217
0.0134494,2.1141217
0.0911935,1.0918021
0.0,16.24177
0.0358678,2.1141217
0.0,2.630879
0.0570472,1.4377611
6.28107,10.647904
0.496241,-4.2409534
4.7267,19.233435
32.8704,8.195742
282.73,202.24155
29.2788,8.60874
5.41455,9.460632
47.7532,35.926517
1.80628,15.073131
0.0,4.6233053
0.0,2.1141217
0.0,2.1141217
23.569,21.365574
0.0396249,4.2666564
0.541685,0.14989567
0.0,2.1141217
23.5057,21.816422
0.0,2.1141217
0.0,2.1141217
0.0220235,0.77576685
0.0,2.1141217
0.196942,2.1141217
0.0,2.1141217
0.348336,3.7382283
0.0,2.1141217
0.0364445,-0.105356574
0.0,2.1141217
1.31465,2.1141217
27.8454,21.077827
42.9172,19.038208
12.9887,1.8651412
0.0,0.5771313
131.87,67.26261
28.5329,17.556026
32.2663,18.915112
176.456,87.35253
10.919,12.090957
0.485347,0.81757355
22.0206,15.729869
3.82475,12.112622
0.0,2.1141217
3.62445,-7.589018
0.0,2.1141217
0.0,0.9093549
0.0912077,2.1141217
0.0,1.1955736
53.3411,23.261015
0.0527945,-3.8586805
7.52572,2.9284194
0.0762805,0.31447935
7.38977,4.9915714
90.9355,45.155506
12.3122,14.779863
12.3578,16.102467
0.0,2.1141217
0.0,0.100058556
30.7972,24.38926
0.0190519,2.1141217
0.0,2.1141217
0.0,1.0983262
9.75266,20.737457
0.346506,-3.840078
10.7032,25.997597
66.0095,23.907263
0.172966,2.1141217
0.530209,-2.4328406
27.1771,31.219501
5.61638,11.652608
0.0,2.1141217
0.0,2.1141217
2.17957,-3.8556898
0.0,2.1141217
0.0,5.877034
0.884516,2.1141217
0.0,2.1141217
0.0365124,2.1141217
6.42352,12.842875
1.40205,39.51333
0.0410295,2.1141217
0.0256987,2.1141217
4.60054,15.489123
0.044806,4.31981
0.0,2.1141217
8.18569,14.285699
0.946129,2.1141217
0.0587993,2.1141217
0.0,2.1141217
0.339008,16.097927
8.02989,10.28357
39.6085,20.264015
12.3842,28.17271
2.38675,29.207705
0.659772,2.537656
0.430817,1.4087701
20.3765,10.640912
0.0,2.1141217
0.0163261,1.5202796
0.0,2.1141217
0.0170887,1.9800608
0.0757449,2.1141217
44.7525,46.593597
0.314698,14.523519
0.0,2.1141217
0.0,2.1141217
0.0,10.915148
5.59568,23.6217
31.889,21.893522
22.4149,5.7925005
0.0115644,2.1141217
24.6134,20.79081
76.9977,41.646782
42.3658,17.677832
53.2671,80.86481
0.0,2.1141217
0.0,2.1141217
36.1493,2.204531
25.836,19.17149
68.9289,40.125473
0.171209,2.1141217
2.29405,0.3372779
0.0,2.1141217
0.0,2.1141217
0.0,2.1141217
1.00624,13.7748575
0.158987,2.1141217
8.94903,25.520517
22.2086,11.035192
8.21892,28.829206
16.6061,6.2134
0.0,3.0737197
10.0159,-1.9187844
134.69,82.53335
0.0,0.111061096
3.45172,0.9115877
0.0407668,2.1141217
0.735041,9.962192
9.99639,22.227684
0.0,2.1141217
0.0,2.1141217
0.0,2.1141217
40.8006,18.012732
0.0,2.1141217
0.518748,6.657467
0.041684,-1.7270887
0.0,2.1141217
0.528277,2.1141217
1.25708,1.6430504
5.52068,-3.9367893
0.58586,1.6760542
1.02182,-0.65540314
0.0,2.5889707
0.0,2.1141217
0.0,2.1141217
0.2253,-39.289333
7.96039,9.620176
27.3849,46.65481
0.914182,8.295052
0.488137,19.200867
167.952,17.466925
16.4978,5.263463
0.0,2.1141217
0.0,-0.60647726
16.0812,28.189285
44.8243,23.66634
0.0,2.1141217
0.506356,-24.853127
0.0,-0.9409034
0.0246216,2.1141217
0.083875,0.8543918
15.1428,19.453762
1.43498,7.111248
0.0,1.4808524
6.08398,28.95123
13.8882,28.376488
23.569,21.365574
0.0,2.1141217
0.0,13.343078
14.0998,8.48352
13.1516,18.6965
0.0,14.4763365
22.5174,29.616034
8.13458,6.4460135
8.76368,17.14481
49.0464,9.559688
24.0913,12.012788
1.06258,2.6407218
0.0503724,-0.69649386
13.5683,1.3642375
0.0,0.9093549
0.0,2.1141217
0.0,2.1141217
11.5061,11.981066
0.0,2.147618
36.8233,18.9626
1.15814,-1.6967168
20.3765,10.640912
0.0,3.0768182
0.423962,16.16358
0.0,2.1141217
0.0,0.6650691
0.196792,1.180531
5.59568,23.907263
0.0,2.0054321
0.89406,25.932491
0.0,2.1141217
0.157396,2.1141217
17.6696,10.100707
0.0,2.1141217
0.299025,4.0487194
7.50482,1.982399
0.0,2.1141217
0.0,2.1141217
0.0,-2.634526
0.36302,2.2693107
16.0687,14.519736
8.44341,-2.7970178
3.67181,4.305233
0.0,2.1141217
2.61957,9.912817
0.0250695,2.1141217
3.08732,2.1141217
7.93916,22.228308
7.97993,28.597366
1.55598,1.2526953
7.64598,13.054744
0.0755966,2.1141217
69.2914,21.513577
7.44047,14.532855
16.0687,14.519736
0.0,2.6650717
7.72727,12.537587
0.0,0.84417653
2.46857,2.1141217
0.0,2.1141217
19.4241,12.33274
2.6135,9.033802
0.0,18.824154
3.66676,12.889579
0.0,2.1141217
0.0,2.1141217
78.8296,109.494774
0.0,2.1141217
2.90635,13.125197
0.0,2.1141217
21.4696,24.389204
2.34971,5.74734
0.0,2.5717232
10.5207,1.3152812
0.0257749,0.6539917
0.463852,2.1141217
10.2172,14.647026
0.0,1.7756441
0.0,2.1141217
20.3765,0.29744983
0.0,2.1141217
0.0308697,2.1141217
18.3818,2.0898573
14.6851,2.1141217
11.3911,19.992884
0.0,2.1141217
0.0,1.9189589
0.0,2.1141217
97.5563,69.65842
11.7739,4.382701
0.301423,12.880393
0.0,2.1141217
0.0625436,4.5789137
0.0,2.1141217
24.8424,11.451528
0.454176,2.1141217
19.9248,19.204723
0.0,2.1996036
0.0162028,2.1141217
46.6668,22.282488
38.9799,11.2411375
10.919,12.090957
53.7064,24.81356
0.0852943,2.1141217
0.0924077,3.7149062
0.0,2.1141217
0.259435,2.1141217
12.3357,4.461481
4.545,9.898188
20.7045,22.585728
21.7269,4.8370833
0.0,1.527014
17.383,22.407894
16.0374,16.473394
0.0373142,2.1141217
0.0,2.1141217
112.108,27.285454
52.1765,28.172146
19.0443,32.115993
20.0894,21.022554
29.376,2.8282804
4.99855,2.1141217
15.6274,19.517946
0.0,3.5639863
0.0,2.1141217
23.6901,26.89024
1.47614,4.926675
4.39014,9.653333
3.90281,0.98555636
9.4149,22.957647
8.26712,1.7887456
5.47233,12.512979
14.8266,15.648969
110.894,105.09818
11.7739,4.382701
9.21721,4.7539625
9.07465,40.22754
19.0907,23.068142
0.0507748,9.809243
9.69132,21.359962
0.0162317,4.301325
4.36892,11.958759
0.839133,0.82010317
0.42481,-0.43898678
0.0629815,1.364775
2.68224,10.8913555
0.0239684,2.1141217
82.7146,54.525463
0.336721,23.189003
4.0,-3.6846092
0.056775,2.2299297
0.0,-1.2776003
1.16659,23.261015
28.7411,20.342075
7.93361,18.89825
25.6244,14.127624
0.0,2.1141217
47.3513,19.514023
19.3196,10.028743
12.9302,8.571423
0.345558,13.307706
12.893,33.57069
3.68977,6.2716837
7.88268,-4.132309
0.0,2.1141217
36.2545,31.056225
17.0759,-2.0156546
11.7182,16.097927
5.31336,1.9149206
76.8716,75.30477
10.9038,23.077032
0.0,0.015797377
0.120309,12.262957
0.0,-3.8556898
0.0,40.74506
11.2831,12.525912
0.0,1.527014
0.0,1.2836053
0.0,2.1141217
24.5863,0.69926
4.27124,0.20869017
4.64168,7.5462065
0.0120871,2.1119206
7.22547,13.256721
0.0,2.1141217
12.7705,13.583585
10.5788,6.5059633
0.285904,3.3280761
0.813,83.972275
48.918,-10.221004
18.5521,57.70426
0.259034,23.220432
0.099321,18.863464
8.74577,17.222078
0.0,2.1141217
14.4675,18.25837
0.0,2.1141217
0.0114603,2.3051336
0.0212106,2.1141217
71.0243,83.96317
0.026748,2.1141217
0.816387,14.119567
0.0,8.477685
0.0115032,-0.65173626
0.918818,1.6589038
0.0,2.1141217
29.2068,3.8645978
3.56969,20.613127
0.301423,15.540274
12.0011,9.31982
16.1532,12.053571
2.15402,10.534335
0.233384,434.20877
86.6865,42.948223
0.266052,2.1141217
0.326365,1.6031196
1.66338,2.1141217
0.0995542,0.574332
7.88268,-4.132309
0.0,2.1141217
6.81054,7.2682743
6.09922,26.16103
0.00938709,2.1141217
1.52665,22.988718
0.0,2.1141217
3.38631,25.592646
4.29596,6.009573
2.52583,6.014304
20.9778,36.557873
64.9724,19.727903
0.0,2.1141217
0.0,1.0395103
0.0,4.2666564
82.423,44.120834
0.0,2.1141217
0.0,2.1141217
4.71807,-2.9428856
19.4241,12.33274
13.768,9.314223
28.1376,12.335235
0.0,2.1141217
0.0,2.1141217
0.209364,1.4424984
0.0,2.1141217
0.0,2.1141217
0.0,9.392183
0.014625,2.1141217
0.0,2.1141217
7.67293,76.52117
0.0,10.610669
0.530209,-2.4328406
0.0285757,4.8637643
0.0265841,2.1141217
0.0,2.1141217
12.6332,24.584305
6.21198,19.484516
0.0,4.9394712
0.0296404,0.6621568
3.17418,-4.7733746
0.0878853,2.989546
18.2317,17.14848
14.4858,36.22906
0.0,2.1141217
17.1223,2.1141217
0.693186,0.39753652
0.0,2.1141217
16.5368,-3.9112132
2.36245,1.0617623
30.2213,5.6076317
2.27551,17.052147
9.89553,33.34759
15.1876,24.423283
0.0,2.1141217
9.70645,7.4273777
15.7955,20.300964
0.0503724,1.3923142
6.18583,6.9340506
12.3842,1.6731446
0.450796,0.3400736
148.624,96.082375
0.385405,2.1141217
8.19347,16.073322
20.3765,2.182158
60.3985,62.8472
15.7273,0.33002996
0.0195092,0.7280493
12.6111,18.351051
0.0,0.9250326
76.7571,32.566517
15.2248,26.17534
0.0615812,-8.711488
22.3234,17.806
5.85685,21.492155
18.7132,4.9870405
0.0,2.1141217
0.0,2.1141217
0.0354381,0.7349374
16.652,15.70481
0.0126912,2.1141217
2.93529,14.7878895
4.61967,23.46494
0.152411,2.1141217
24.4512,-2.9808486
0.0,2.1141217
11.7739,4.382701
0.513482,1.0855525
11.8606,19.314981
7.75683,1.5112829
0.0,2.1141217
0.58586,1.6760542
0.275841,23.5167
4.47577,7.607629
0.0,2.1141217
0.0324436,2.1141217
11.2224,19.435055
0.772914,2.6444275
8.203,26.963102
15.4015,21.622105
0.52848,6.941328
3.42946,12.508247
13.1278,-2.9826324
2.29886,2.1141217
75.4895,18.00283
0.0,2.1141217
2.02652,12.43255
14.068,19.468681
3.56694,5.6058874
27.9481,19.080906
0.0274204,2.1141217
29.1625,8.818016
0.306027,17.54545
0.0,1.1682589
9.42424,21.58944
0.365576,2.1141217
0.0,17.880228
26.5832,1.2577598
0.402087,1.1069005
5.43982,4.711397
0.201017,2.1141217
0.718754,9.930091
22.0206,15.729869
3.49699,-2.3862267
17.5213,22.658108
0.152976,24.706692
0.0,2.1141217
17.8849,1.1711433
2.54224,5.6706495
0.0,1.2444239
0.027453,-1.5067499
3.42946,12.508247
0.0,2.1141217
19.3857,12.836405
6.43881,13.036559
185.622,2.1141217
0.0,2.1141217
25.6931,10.436809
0.212545,13.240333
75.4895,18.00283
0.0,2.1141217
0.0553014,0.09118867
12.6518,37.810734
4.0341,8.315525
0.0752463,2.1141217
0.0144449,1.3259263
24.4788,13.8821335
302.157,147.9725
54.8596,58.96626
7.13458,16.655676
0.0357039,2.1141217
12.7177,38.01109
0.0,2.1141217
0.0,2.1141217
2.84146,12.35846
10.4383,35.086723
0.0,6.274332
21.5036,5.877512
2.04404,2.1141217
9.57747,27.962349
0.0,2.1141217
0.0,7.308421
14.6294,5.283948
0.214922,2.5001998
20.3765,10.640912
0.173498,2.1141217
397.601,27.733875
13.8431,25.376982
0.0,2.1141217
5.39369,16.403708
26.4655,19.748135
0.0,12.939656
0.0,2.1141217
6.02159,1.0135872
12.7752,19.312134
22.0206,15.729869
0.0546641,2.1141217
17.3132,6.3292227
0.0,2.1141217
4.28886,14.82258
74.3385,65.904915
0.0,9.392183
0.0,2.1141217
68.9289,40.125473
0.0130336,0.99495673
0.30269,2.5877697
0.0,2.710753
0.24197,2.1141217
13.5683,1.3642375
0.0,2.1141217
90.1931,92.41321
0.0841613,48.96494
1.9224,17.082733
0.124839,2.1141217
0.0,1.7488718
16.0687,5.4886456
0.807879,-0.5943687
0.0,2.1141217
8.74772,9.561637
0.051393,2.182158
0.0,2.1141217
9.84674,28.694233
0.173498,2.1141217
4.37095,-2.2910569
5.75467,12.697857
25.3641,11.298175
10.1609,16.646482
1.7845,-4.868348
0.0,2.1141217
0.00874122,0.596704
0.0170887,1.9800608
0.0154171,2.1141217
0.119826,2.1141217
11.6114,2.2839618
8.74577,17.222078
0.0,2.1141217
0.0789774,4.350357
0.0194613,2.0251951
17.5554,49.313316
0.0734416,3.4751265
0.206719,1.0050318
13.801,12.708058
31.6466,35.105732
0.164682,2.1141217
0.0,4.05832
11.5933,24.796005
0.0,1.3405097
0.218677,5.958519
0.0843443,2.1141217
0.111391,7.597048
0.192117,2.1141217
0.0,2.1141217
0.00917711,2.1141217
131.913,148.75148
0.872144,2.4854138
1.04654,22.747501
1.95883,2.1141217
4.54029,23.752392
0.188157,16.866945
38.4291,33.90875
10.4383,35.086723
3.68239,3.0835638
0.0,2.1141217
12.3122,12.197191
0.0,2.1141217
619.796,434.20877
5.6552,14.689702
0.0,2.1141217
40.2252,9.780547
19.7949,4.739685
5.19642,4.6394825
0.757812,-0.5022814
0.539552,2.1141217
21.2297,3.3277707
0.0,2.1141217
10.7625,17.010515
1.9817,22.482477
0.890405,12.242013
3.73777,9.03628
5.39411,8.383818
31.6466,35.105732
0.113706,2.1141217
10.2463,21.370684
0.273336,2.1141217
36.8233,18.9626
0.0,2.1141217
0.0,2.1141217
1.24093,0.9064994
0.0221257,2.1141217
0.0581409,2.1141217
0.535877,28.17271
0.0265841,2.1141217
0.0,4.2723
5.99805,-10.191272
4.82808,21.654207
8.14611,8.934425
0.472636,0.001838088
0.0,0.29744983
20.3512,10.825496
21.8819,20.460121
2.7782,11.869038
0.308492,-0.42721248
0.0248735,2.1141217
0.0,2.1141217
0.171902,1.9809105
0.0,2.1141217
14.6848,20.692207
0.0415461,2.1141217
0.0,2.1141217
0.0125551,2.1141217
13.4114,43.27589
0.0126944,2.1141217
7.25476,19.24958
0.0,2.1141217
34.3395,12.316306
0.0628048,0.5005071
8.94272,15.491654
5.78663,3.5001225
28.1384,11.694365
0.0,2.1141217
0.0298953,-1.3251126
0.0,2.1141217
14.1581,34.47526
0.0,2.1141217
15.1559,-8.917062
47.3378,36.451904
6.09898,-1.5531638
14.747,18.706148
34.9726,35.725346
0.217464,9.093595
6.68153,-0.3751905
4.13278,4.818945
3.40206,11.675517
4.17273,6.5554934
0.0711096,-2.1957486
6.2082,15.418272
0.0,2.1141217
23.5333,16.551046
35.4146,18.2841
0.0,4.860505
0.0388604,2.7634902
0.0481385,11.404849
0.0,2.1141217
65.7185,30.581821
0.0,2.1141217
0.211667,17.881296
1.14091,10.556384
0.0,2.1141217
0.0393669,2.1141217
2.73699,6.8754387
1.13347,0.36704612
15.9171,14.764258
0.921524,25.075397
20.3765,12.939656
3.97178,16.454317
0.0,2.1141217
0.0,2.1141217
58.0741,26.59693
45.4482,14.968068
14.6462,11.131852
0.0,2.1141217
0.0110203,2.1141217
7.62417,19.39312
2.47586,0.40223908
11.1381,5.887804
2.03235,2.9569223
0.394956,29.191824
0.0,2.1141217
48.0737,26.154362
0.430381,-3.840078
0.0,2.1141217
13.1672,25.465168
0.242017,1.3570955
29.4276,-4.0886154
1.12501,5.6736784
0.0180207,2.342123
93.093,32.527233
1.73356,4.7803774
30.0409,0.5392983
22.4149,29.858353
0.121128,2.1141217
0.0,2.1141217
0.0744665,2.1141217
0.0,2.1141217
17.3319,21.329239
0.0,20.410673
1.08249,-0.98595047
24.1317,25.840141
61.8835,17.28242
22.0206,15.729869
4.43243,-1.6287558
1.06068,2.1141217
27.5158,21.92455
22.7661,23.144455
0.205377,5.4409432
0.743623,16.494013
33.4182,17.184351
10.9414,34.52274
6.77438,1.8419385
2.00144,48.297
0.536926,2.2468162
0.132584,2.1141217
0.100459,2.1141217
0.0,2.1141217
19.0973,25.586132
0.0413947,0.73577857
25.4392,23.137318
0.0156715,2.1141217
1.94104,2.4081907
0.0,2.1141217
0.0,2.1141217
0.0,2.1141217
23.569,21.365574
0.0,1.8255048
8.51378,3.0949957
0.0130336,0.99495673
8.30396,7.02357
0.0105764,2.1141217
0.0,2.1141217
45.7148,22.832613
0.0,33.093777
0.0297197,2.1141217
2.43496,48.0123
4.85934,-7.0194845
0.0,0.46889877
0.0,2.1141217
0.411539,-1.1358683
0.0541491,2.1141217
0.122466,2.1141217
64.9969,72.152405
5.74144,5.4084883
0.611819,2.1141217
0.0,7.477748
181.385,61.18591
41.4786,46.66471
16.167,16.225918
11.7739,4.382701
0.0,2.1141217
0.0,2.4518008
0.373128,-13.748555
0.205377,5.4409432
4.85574,24.678688
0.0,-1.5855246
7.68314,19.465399
3.23535,14.548491
21.8819,20.460121
0.0246004,1.1146152
19.3857,12.836405
0.0978433,2.1141217
0.0,2.1141217
0.0672646,1.5148344
7.98787,20.649689
0.0,2.1141217
0.0,0.29086542
20.1486,9.619985
1.41397,11.944812
0.0,20.410673
0.0,2.1141217
17.0974,8.3452635
0.0339982,9.898188
13.4342,12.881057
0.159075,10.654388
7.38977,4.9915714
0.0466771,2.1141217
45.3697,5.0864277
23.4271,7.752675
58.7779,85.039795
19.3636,28.353058
25.8108,42.32584
0.0,2.1141217
3.65365,16.824203
12.3842,28.17271
4.82083,2.756099
0.0,2.1141217
11.1801,2.550875
0.0,2.1141217
1.51571,4.3067408
0.0,6.542513
16.5368,2.6213138
40.8006,29.276737
1.79644,11.527003
10.3538,21.343754
9.47653,3.8391938
9.44222,0.3589573
7.93361,18.89825
0.0,-1.3834395
0.0,2.1141217
6.53838,9.340472
27.7354,8.528919
15.4143,12.880393
74.8673,67.40417
3.17034,16.056284
11.3911,32.363533
11.911,8.60874
0.255047,5.521412
0.136184,2.8334663
0.494796,11.167752
26.6253,24.86335
25.6865,3.1584702
0.0,2.7764475
0.0,2.1141217
0.02025,2.1141217
13.9068,31.568516
0.0,2.1141217
0.0,2.1141217
0.0,2.4175818
1.48847,-0.33639956
0.0,2.1141217
0.0,6.542513
21.4206,31.22477
0.0,2.1141217
4.1897,7.642392
0.0236473,2.1141217
0.0,2.1141217
9.73291,21.203833
0.0,4.860505
15.4687,31.572178
16.2018,8.163723
0.0261254,1.223414
0.0,2.1141217
0.0281296,2.0516143
26.9514,2.1141217
6.89648,8.901161
0.0,2.1141217
174.62,31.67804
0.748226,9.400915
21.9927,22.145355
0.0,2.1141217
0.0,2.1141217
66.9768,41.875328
3.1782,1.1069005
14.4278,9.718663
133.444,73.0019
3.24636,16.818552
0.0359998,2.1141217
0.0,2.1141217
0.0339982,9.898188
14.0008,0.015552044
26.2397,23.664385
0.798913,2.1141217
9.68165,42.851604
0.430817,1.4087701
0.546353,2.1141217
0.0,0.7688017
0.0,2.1141217
0.372758,7.4242964
0.0131697,2.1141217
619.796,434.20877
0.40842,23.505182
0.0,2.1141217
7.75683,1.5112829
0.692599,10.59468
6.86627,14.554314
0.0,4.9394712
0.431208,26.125593
15.5967,13.977793
23.0886,44.73193
0.0755966,2.1141217
41.5146,10.141198
0.921524,12.2557
9.99168,-1.733794
3.12215,15.315433
0.030774,1.4754741
21.4343,26.125593
0.0,2.1141217
135.592,120.14659
0.0846276,2.1141217
18.0396,20.97514
7.72727,12.537587
0.0,17.015474
0.0,2.1141217
0.0,2.1141217
0.0,0.29086542
14.5324,16.923578
140.312,150.66098
8.78718,8.207854
0.303486,2.1141217
13.8431,20.327045
0.0,2.1141217
0.488137,2.1141217
0.0,0.29086542
0.0,29.371094
16.651,6.9716806
17.0624,22.725073
0.0,4.860505
86.3551,75.20783
3.0778,10.87251
0.160791,110.40382
0.0229189,2.1141217
3.74538,62.28468
0.506815,3.4117794
0.00612407,2.1141217
0.0,2.1141217
0.0,2.1141217
0.245057,-5.5837593
8.30447,-3.4684393
46.9265,43.31048
0.0,-2.634526
0.129077,5.2003517
0.0,2.1141217
20.7484,36.703526
0.0734416,3.4751265
0.369004,18.263529
19.9113,24.208754
0.0,2.1141217
0.0,3.2658224
0.0,1.531851
11.6269,3.7448018
22.6518,11.323427
5.52068,-3.9367893
9.4149,22.957647
3.12215,15.315433
27.7688,10.049897
0.0136762,6.219836
0.0206405,2.1141217
1.17735,7.868469
13.6482,18.189413
0.0,2.1141217
13.8031,2.1141217
0.0737911,2.1141217
0.0,2.1141217
0.0,8.76058
0.0755944,2.8671756
0.0355143,2.1141217
0.0962253,-0.9483061
0.19443,2.3049543
4.06206,10.610669
0.256596,21.590776
19.6433,4.314885
0.0,2.1141217
9.45517,24.905373
0.0573953,5.2345524
32.5872,21.096123
18.2763,20.646618
5.20467,-3.858765
0.0,2.1141217
0.497706,6.270138
0.0704166,2.1141217
0.410718,-2.123754
0.0,2.1141217
33.0188,5.479412
0.0,2.1141217
3.93496,6.390974
3.35623,26.539175
0.0347881,2.1141217
0.0,2.1141217
35.7241,29.149555
0.0,0.5771313
254.401,278.16992
19.3857,12.836405
64.5569,32.060078
0.0,2.1141217
0.0,2.1141217
0.0,23.261015
0.0194991,0.7349374
29.1625,8.818016
0.0,2.1141217
18.2317,17.14848
0.0,0.29086542
0.0,2.1141217
0.0,2.1141217
13.7754,-1.0408132
2.93529,14.7878895
3.51916,3.8081915
7.95659,2.807731
0.0,2.1141217
0.0,2.1141217
7.11122,8.580634
0.0,2.1141217
38.012,12.836405
4.70495,7.7703295
44.3922,24.938452
0.0,2.1141217
32.2659,29.724974
4.61967,37.742016
1672.53,979.53864
0.0,-0.51903534
61.7468,42.32584
1.24681,2.1141217
0.0,1.1295116
69.2914,21.513577
2.46095,2.1141217
5.57925,33.26266
22.6392,22.235886
0.0606786,2.1141217
22.6518,11.323427
0.0,2.1141217
0.149905,33.836975
4.12438,11.612208
4.39554,0.83258224
51.3715,23.911629
12.3308,18.607054
0.0516347,2.1750813
540.622,275.99316
0.0,2.1141217
6.25644,24.489681
110.578,1.5091257
16.6061,6.2134
14.9691,11.697114
14.4278,9.718663
4.61967,37.742016
6.58066,13.966818
6.78202,7.876504
12.6332,10.91179
17.1126,29.115883
5.72758,-0.63283587
0.0,2.1141217
0.0,0.800612
0.0,2.6047978
0.0,2.1141217
0.399375,6.1668797
5.80679,-4.636327
138.822,100.0604
3.42239,3.3999474
0.0,2.1141217
0.797986,5.66488
6.19839,9.408818
0.13219,4.0352077
5.97234,13.948318
86.3551,85.7454
0.0,0.24352527
1.47712,0.8852186
9.58822,8.504141
0.0,2.1141217
15.9535,114.40177
1.93037,0.54024386
7.63516,36.22013
0.249562,1.4382951
0.0,1.2849815
0.0,2.1141217
0.0648194,2.1141217
0.0,2.1141217
0.00866662,2.1141217
0.0,2.6174242
0.17808,4.05832
0.0,2.1141217
0.0,2.5846238
23.5057,21.816422
7.18879,9.392183
9.8532,12.807808
5.0881,3.9383605
6.81067,24.730972
3.80485,7.8916492
0.0,2.1141217
0.0,2.1141217
0.535684,5.7983522
0.709997,-5.8851137
0.963527,42.94617
0.0146014,2.1141217
12.1527,23.849949
0.0161967,2.1141217
0.0,2.1141217
1.7011,-3.4801986
0.0148745,-0.010811567
0.0224391,2.1141217
0.110217,2.1141217
16.1453,14.369495
8.46153,-2.338165
1.02578,1.2040689
18.2965,0.95551705
0.0244278,2.1141217
0.0,2.1141217
0.0,2.1141217
57.276,50.776634
101.932,91.391205
0.0,2.1141217
0.22559,12.8341675
0.0757449,2.1141217
0.0,2.1141217
85.6316,49.313316
5.6241,9.958895
11.4176,17.2523
32.5265,2.1141217
0.0,2.1141217
0.0,1.8214407
0.0,2.1141217
0.0629815,3.134174
2.29405,-5.87136
54.8613,21.00143
0.0734416,3.4751265
0.300415,2.1141217
37.8767,16.592194
26.3449,27.25573
9.45517,24.905373
0.0,0.29086542
18.9632,11.497032
0.0,1.0983262
48.2954,12.14275
0.183247,6.09383
6.51382,15.140662
8.61474,22.044437
44.8206,47.4879
0.0,1.7904451
5.57806,1.6406596
1.98213,13.897782
0.0,0.42796993
21.7949,7.363964
0.66808,0.40223908
12.7851,2.51183
0.0323811,7.968055
20.3765,2.182158
0.0,2.1141217
2.83872,16.754726
30.6925,26.891708
0.0,2.1141217
17.7813,1.4776676
5.10657,13.376378
12.5416,7.245531
15.0862,6.330984
8.46153,-2.338165
36.9073,41.494854
19.3196,10.028743
12.0974,11.075456
19.3196,10.028743
15.332,23.328384
15.5686,15.41202
0.330612,18.511936
0.0,2.1141217
9.22554,0.82010317
13.4477,5.4174643
37.8767,16.592194
0.0,2.1141217
10.919,40.886463
6.80099,45.7746
18.2872,2.6174242
0.286364,1.868001
0.565411,4.1234045
22.0206,15.729869
58.7983,27.63639
13.6585,13.285551
0.02025,2.1141217
11.948,15.531394
5.8983,0.48183465
0.277533,1.5825756
0.0134073,1.791409
48.8333,5.7424536
30.323,-3.1979053
20.7139,11.317439
0.0,2.2209299
16.4794,24.473518
19.1133,20.13017
0.0779642,-0.17347503
95.38,75.97858
1.02578,1.2040689
0.170908,4.190859
0.315423,2.1141217
6.3446,4.093458
0.0609078,2.1141217
0.0289154,13.681395
0.0,2.1141217
29.2287,43.60593
25.2808,19.620708
42.093,20.97263
0.0,2.1141217
0.0,1.0983262
0.128932,2.1141217
0.645114,2.1141217
0.0,2.1141217
60.3717,30.253979
0.0,40.164867
16.651,6.9716806
0.0230888,2.1141217
0.0,2.1141217
0.0538038,6.05783
0.0,0.82010317
0.0247866,8.880323
0.0,2.1141217
0.00596473,2.1141217
0.0490229,2.1141217
0.396267,2.1141217
0.0,2.1141217
0.0,2.1141217
0.0178514,1.152406
7.14585,4.917487
24.6299,34.21069
2.79726,9.290251
0.434439,0.23243117
0.0648115,12.317123
0.0,20.228436
0.588782,15.5828085
50.0059,37.902737
0.0,12.939656
96.6188,56.292416
7.75683,1.5112829
0.846912,19.188145
28.1376,12.335235
3.96255,7.3319635
19.9297,4.887971
0.097461,1.1650105
16.651,6.9716806
5.8166,8.822473
1.13373,8.57442
7.45069,12.8665
36.9143,14.88445
0.0158524,2.1141217
0.0156633,2.1141217
0.0,12.629026
0.0365124,2.1141217
0.0,0.29086542
0.0,4.6233053
22.1879,7.22381
0.0,2.1141217
0.011101,0.503978
0.0,6.8579206
2.18394,1.7939856
0.0355344,9.437223
0.318302,1.456706
0.0,7.769553
3.67181,4.305233
0.0,2.1141217
60.2843,49.44004
0.0,2.1141217
0.0,22.069971
13.5086,6.3304567
0.0,19.484516
4.16915,22.320343
3.51106,19.157423
19.1213,19.945032
9.9387,11.574483
10.0719,6.941328
2.80727,9.716255
3.62445,-7.589018
10.479,4.783038
0.0,2.1141217
9.47991,11.0621195
0.0219642,1.6731446
0.0,11.431325
0.0126937,2.1141217
0.0,18.842743
0.0,2.1141217
0.0,2.1141217
0.0,2.1141217
0.881826,2.1141217
13.7979,0.012645245
3.84675,3.2658224
20.8624,19.091852
0.0334164,2.1141217
20.3765,2.182158
5.1564,7.477748
0.051393,10.640912
0.0566949,16.24177
38.8106,21.905872
0.0,2.1141217
0.0,277.6512
0.0223306,4.2834435
2.41969,33.074703
0.0,8.356865
2.15402,10.534335
0.0176521,2.1141217
0.775893,2.1141217
18.9373,5.7375765
0.0,2.1141217
22.2885,7.5954494
0.0274204,2.1141217
2.27311,2.1141217
228.807,232.03015
2.17889,2.5849905
3.48496,8.271456
12.5696,-0.6827228
15.8452,27.260025
0.0237487,29.046099
5.06259,2.819084
0.0,2.1141217
0.0,2.1141217
0.443889,9.528311
17.0624,11.14849
0.0,2.1141217
0.723186,9.456617
0.798725,19.378466
13.1672,25.465168
0.785868,-0.56933594
34.0699,9.417664
0.167075,27.69742
0.0,2.1141217
0.0,2.1141217
1.28642,0.38109183
32.8748,65.20963
0.0,14.1590605
0.24238,13.140169
120.835,135.09126
0.0,2.1141217
0.0,1.3802133
13.3234,18.9626
0.814752,17.6354
0.0,-2.3376489
13.3136,13.6876955
0.0,2.1141217
0.0170318,2.1141217
11.684,10.562799
6.86443,9.686059
22.4628,2.1141217
0.0,2.0797722
5.97234,13.948318
0.678013,-0.98595047
0.873254,2.1141217
3.62445,-7.589018
0.0,2.302541
0.0,2.1141217
0.05843,2.1141217
0.0899775,-1.3256924
6.71487,-4.015747
0.0629534,2.1141217
0.0,4.07621
3.95886,22.730482
1.95362,1.6213324
1.61219,-2.7970178
3.33855,19.142876
0.125698,13.893401
0.091918,-5.20327
0.153342,8.696648
1.67707,0.706908
2.54224,5.6706495
4.21751,4.613679
5.64967,14.811035
29.4994,24.903893
1.58275,15.153686
0.0,2.1141217
61.3169,95.46988
0.0,2.1141217
25.6265,20.136526
0.810039,5.3976054
0.0156218,2.1141217
15.4223,5.8198156
34.8431,38.153534
0.0,2.1141217
0.0,2.1141217
4.99398,1.4586072
0.839133,0.82010317
0.0574672,8.052019
0.275945,2.1141217
0.0196105,2.1141217
177.793,99.45475
21.9927,22.145355
7.94747,17.397125
0.0,2.1141217
0.0,0.84417653
11.7739,4.382701
0.341334,4.6840143
0.0,-0.5591302
209.235,153.9433
11.2349,29.607979
10.2172,14.647026
0.0,25.907602
5.71592,9.849424
0.0,2.1141217
0.22123,-2.9337685
2.62551,19.788597
4.59627,12.857332
1.04654,22.747501
12.4882,2.5637379
0.499656,7.198861
1.93542,18.901608
174.747,26.720026
0.0,2.1141217
0.0,-2.117314
0.287353,2.1141217
19.0973,25.586132
0.0314092,2.1141217
18.7064,21.39351
91.3848,34.47371
21.5036,9.712186
0.0,-8.246432
16.4448,21.654411
0.0,3.2865114
7.96039,9.620176
0.0,16.369684
26.037,31.22477
0.0,-2.19611
7.00152,-8.205176
0.0,3.5639863
0.0,0.82010317
14.6904,15.620978
11.0722,13.899204
0.097734,2.1141217
0.0,2.1141217
16.4448,21.654411
13.8431,13.477483
0.0416267,2.2779524
0.936119,3.8359482
0.0,2.1141217
11.0111,2.5822458
9.4149,22.957647
0.0468538,61.18591
0.109414,10.297044
0.523938,2.819084
49.1967,8.335664
52.3091,22.938303
0.0,2.1141217
0.167075,27.69742
7.93361,18.89825
0.0,2.1141217
3.39167,6.5319614
3.62445,-7.589018
0.216443,2.1141217
10.7566,21.914467
0.0,2.1141217
3.17558,0.83007765
0.0,2.1141217
0.0,2.1141217
0.0,1.1146152
2.1403,2.1141217
63.3801,11.8432665
53.1266,5.1869974
3.51916,3.8081915
0.0,2.1141217
44.0347,17.030947
0.422748,2.1141217
3.42016,2.1141217
19.3154,2.1141217
0.0198133,2.1141217
0.0146776,1.5514798
2.59898,1.9284613
0.0,2.1141217
0.182358,2.1141217
1.51667,-3.9561245
0.0,2.1141217
0.44864,3.7195482
31.688,5.6812572
0.0,2.1141217
32.5693,10.99425
0.0,2.1141217
0.0640644,-0.28170776
0.571642,5.772444
0.0594986,2.1141217
0.0,-2.4814622
14.6851,2.1141217
0.0,2.1141217
2.61957,2.1141217
0.0924357,2.637071
9.4149,22.957647
7.18879,9.392183
0.0,14.510084
3.5795,1.7563076
0.0230356,2.1141217
0.0,2.1141217
0.0626873,5.6736784
10.9305,40.243443
17.9272,11.98941
4.4869,4.900806
23.7573,10.663116
5.83404,39.62814
1.05358,8.168913
0.0,2.5067255
8.34417,24.068071
0.0,2.1141217
0.0,-0.55558777
9.51775,5.215187
4.7978,12.33643
0.0,2.1141217
0.0493707,3.7206247
0.0,2.1141217
0.259251,2.1141217
0.133507,4.875842
0.0,1.4200249
0.0,2.1141217
5.52068,-3.9367893
18.2872,2.6174242
4.60054,13.94024
3.51618,17.867952
0.0,2.1141217
3.62445,-7.589018
5.63371,1.3195589
8.16661,5.3772893
5.34003,19.250286
1672.53,979.53864
0.0,0.100058556
61.2563,10.917525
0.179327,1.1889865
0.251745,11.323427
0.0,7.687584
10.5992,1.3384106
0.188743,2.1141217
40.1683,22.044437
0.0,2.1141217
1.2621,22.888176
0.0,3.2865114
40.1683,22.044437
12.7217,29.052187
16.0575,13.824204
0.0,2.1141217
2.56689,8.756703
0.0,2.1141217
2.92734,0.5697515
2.06789,2.1141217
2.74199,8.496032
95.6333,148.75148
16.4448,21.654411
0.0757449,2.1141217
3.12215,15.315433
3.42239,3.3999474
10.8713,2.0510108
0.375037,17.126757
0.214934,-1.8906844
28.3842,20.838066
4.545,9.898188
3.72617,18.0604
0.0,2.1141217
21.8819,20.460121
4.26189,-46.32639
0.0,2.1141217
0.0,-2.4814622
7.14585,4.917487
22.4628,6.2320213
26.1965,15.0522585
0.0,2.1141217
0.0,2.1141217
0.107466,2.1141217
0.0,2.1141217
11.3267,1.271942
0.571547,12.345701
0.196792,1.180531
12.6319,4.9720745
5.07241,15.115104
0.0,2.1141217
0.183023,-0.3993194
12.4882,2.5637379
0.0582332,2.1141217
42.6595,23.962276
0.051393,10.640912
4.33664,-1.2167556
26.145,18.89468
0.0,2.1141217
0.0,2.1141217
13.1318,18.285511
0.0,4.895401
28.7091,42.876854
0.0,-29.002003
0.0,2.8162482
0.0,2.1141217
0.0,2.1141217
3.00101,19.820292
10.209,36.06913
0.0,5.309065
0.0645255,-3.4684393
1.99981,2.1141217
0.0840411,2.1141217
0.00775797,2.1141217
27.5453,33.7224
0.0,2.1141217
22.0206,20.53613
0.202142,20.20451
0.02025,2.1141217
20.945,55.11265
0.0,2.1141217
0.0744665,2.1141217
2.73993,1.2791839
14.9777,21.190523
0.053204,33.30522
0.0,2.1141217
0.0,0.82010317
6.59565,20.936388
15.7843,30.545425
10.4744,13.986696
9.31878,11.312515
32.1457,5.769307
0.0,1.527014
32.9684,30.059849
0.0,9.392183
4.86473,5.121929
5.16592,0.91183114
0.0,2.1141217
0.0251359,2.1141217
0.0482736,2.1141217
0.362354,6.9511538
0.0,2.1141217
26.1965,15.0522585
0.0734416,3.4751265
0.0,2.1141217
25.0004,1.0641551
14.4473,-18.416367
0.240335,9.327074
0.0244278,2.1141217
4.41998,29.866806
19.8044,13.419856
0.0272456,2.1141217
0.0271516,2.7444334
0.0,-1.5855246
12.7177,38.01109
0.838692,-0.3751905
0.0,2.1141217
0.0,2.1141217
0.250134,12.470141
0.0,2.1141217
6.58449,2.1141217
0.0261254,2.1141217
0.0355729,0.6812427
0.0,-2.634526
0.0289529,2.1141217
0.511387,3.5858655
19.0907,23.068142
0.0,2.1141217
17.2999,9.722077
3.08239,54.385113
6.70987,15.432702
0.033392,3.2515829
9.47991,11.0621195
13.0285,16.682617
0.0264339,2.1141217
0.328067,2.1141217
6.94553,23.357174
6.54572,8.944879
11.2641,34.21069
0.0,2.0917623
164.454,47.058945
3.91957,12.24583
15.2282,20.561453
0.0,0.9080229
0.0,2.0248256
10.4821,5.967244
7.54107,10.86667
1.34291,2.4788744
0.0,2.1141217
17.9208,7.1052723
7.28997,12.212889
0.0,6.5354815
35.8993,14.651383
3.20005,8.287493
12.2701,3.5392358
0.0,2.1141217
0.228694,1.8115153
7.88359,35.038666
0.0,2.1141217
135.592,42.09415
5.21684,2.1141217
0.0,2.1141217
0.0,-1.0044732
3.82475,12.112622
17.7602,22.322918
0.24238,14.908818
0.014177,2.1141217
0.00805205,2.1141217
0.0,2.1141217
4.42726,12.880393
11.3618,2.1141217
0.132446,1.255852
8.51378,3.0949957
0.0,2.1141217
8.74897,3.8079746
5.21684,4.618654
10.9573,-1.165479
0.0,2.1141217
31.889,21.893522
53.7064,24.81356
0.0,2.1141217
0.0,2.1141217
0.0,-5.20327
11.948,15.531394
0.303334,2.1141217
0.0,2.1141217
63.4931,3.7543252
0.0,2.1141217
0.027453,-1.5067499
0.0,1.7918034
0.0,2.1141217
0.0,2.1141217
32.2663,18.915112
0.0986464,0.6872592
25.6265,36.54317
0.0,2.1141217
0.0114788,2.1141217
19.9297,4.887971
0.801671,2.3025854
0.0,10.477565
7.22547,4.4340963
0.0,10.915148
795.558,485.5885
25.3641,11.298175
0.112223,2.1141217
0.0,2.1141217
619.796,434.20877
8.49633,10.827845
0.00973858,1.8137383
9.4149,22.957647
5.08513,10.862136
22.5788,2.1141217
12.2934,21.067387
0.0,2.5990953
0.0848639,2.1141217
0.0,2.1141217
0.0519969,3.9373531
0.303486,2.1141217
68.9289,40.125473
0.454844,-0.5793288
14.3642,22.222195
10.9649,2.1141217
0.0186081,2.1141217
9.4149,22.957647
0.0,2.1141217
8.51378,3.0949957
7.53909,-6.1335115
0.0,2.1141217
0.97247,8.290948
9.22554,0.82010317
7.81563,5.1575646
0.116093,2.10783
4.42726,12.880393
0.0,2.1141217
8.36754,-0.66702247
0.0,2.1141217
0.0268512,1.5219362
12.3578,16.102467
0.0,2.1141217
0.01066,2.0502298
7.59372,69.793015
0.0455041,1.3520288
0.0493872,2.1141217
0.118923,-0.022946835
0.0,2.1141217
18.2872,2.6174242
0.0,23.261015
8.4425,13.405335
0.119957,2.9824584
118.592,23.316647
25.7777,25.402067
16.651,6.9716806
2.61378,13.500966
0.115462,6.069051
3.4621,21.998775
30.084,2.7694004
0.277327,6.2934256
2.31036,15.2004595
11.2695,6.0911407
5.47718,6.062299
0.0323811,7.968055
0.0551186,2.1141217
0.32082,0.62366176
15.4517,1.7108862
26.1972,1.9756968
123.482,133.57274
1.62318,7.9153833
0.0,2.1141217
1.65003,9.023109
13.0144,12.043419
3.62445,-7.589018
0.0,2.1141217
0.178177,4.082755
10.3538,21.343754
0.0312093,2.1141217
0.30269,2.5877697
0.432452,7.6954327
19.4094,6.5319614
0.0,2.1141217
4.74985,1.9156694
0.0261254,2.1141217
9.47653,3.8391938
21.4206,31.22477
12.3578,16.102467
55.8569,15.412619
0.097461,13.88186
0.276207,0.5866742
0.0,2.1141217
0.0,39.021313
27.2294,15.182749
15.2282,20.561453
0.535877,1.6731446
7.18879,6.85979
0.253053,2.1141217
115.716,22.51567
3.72976,1.2434447
0.0,2.1141217
44.1062,16.142859
1.08185,4.2690334
86.3551,75.20783
0.030774,1.4754741
12.6729,16.24177
1.16189,-1.3706577
14.1541,3.7345197
5.72192,1.9631965
6.39349,17.054342
0.116093,2.253484
0.0446752,2.1141217
30.096,8.398388
0.0,2.1141217
0.0,0.6707423
4.85574,24.678688
0.0,-2.634526
2.32896,8.42133
3.10364,-4.993409
0.259435,2.1141217
30.6925,26.891708
0.0,10.610669
0.0,5.5058775
10.067,3.8289478
25.5172,20.141962
6.74107,10.380468
13.1349,4.702815
0.0,-2.117314
0.0,2.1141217
0.0179047,4.7071433
0.0629288,2.1141217
0.00671472,2.1141217
36.5411,35.276623
0.0,15.492502
0.0,2.1141217
0.328576,21.36538
0.0,2.1141217
0.143528,0.83723664
0.0,2.1141217
19.3636,28.353058
16.4448,21.654411
34.0793,22.608952
0.756573,2.1141217
0.0,2.1141217
0.0,0.6513026
0.0244278,0.59533095
1.42782,11.070851
31.4353,16.494862
2.90771,7.3436146
0.0,2.1141217
16.0071,36.876442
9.22554,0.82010317
0.0,2.1141217
1.40205,39.51333
18.7859,35.545757
2.05782,2.1141217
0.241907,2.1141217
10.5353,-1.5167286
0.353103,0.25070238
1.25708,11.872974
12.3578,16.102467
0.0,2.1141217
32.2663,18.915112
9.53814,16.254421
1.17735,7.868469
0.0362784,3.6101682
0.0,2.1141217
0.0324436,2.1141217
2.12103,-2.463072
0.0,2.1141217
86.9453,71.757866
0.0,2.032574
0.0,2.1141217
0.505826,20.750544
3.12215,15.315433
0.214822,7.198861
0.0,2.1141217
11.0804,44.599606
9.86318,17.832855
0.834837,12.317666
0.0,2.1141217
0.0,1.3051372
0.0,2.1141217
2.56798,11.1590185
7.88359,21.519276
0.269066,15.010434
2.33532,15.120784
0.0,2.1141217
0.0,2.1141217
27.528,23.216543
0.0,2.1141217
13.0144,12.043419
0.802017,1.923887
0.0,0.60117507
10.3338,20.254045
26.3643,3.621923
8.46153,-2.338165
0.213527,14.3567095
0.0,1.0983262
27.5933,18.794815
42.7111,32.134922
6.31848,5.423787
4.92304,8.295052
0.0,2.1141217
0.0,2.1141217
34.7652,29.716736
0.0,2.1141217
0.123055,2.1141217
49.2648,20.870726
0.0,2.1141217
0.739543,2.902496
18.4529,2.1141217
2.15402,10.534335
0.29347,59.097954
0.0,2.1141217
5.24351,29.880478
0.0,4.5804896
47.6788,9.404739
1.67192,-2.7970178
0.715985,11.431325
0.102512,2.1141217
0.0893771,2.1141217
17.542,30.793034
0.0,1.2167482
3.84675,3.2658224
0.0,2.1141217
0.0244889,11.666663
4.68474,4.229924
24.6134,20.79081
1.89412,8.068688
1.95883,6.444151
0.0,2.1141217
69.8357,51.6181
0.0771056,1.9791236
0.0,2.1141217
25.8108,42.32584
1.27446,11.211113
0.428143,16.828724
14.5101,36.25721
1.37014,14.97023
64.3365,19.57548
11.2349,29.607979
0.0,2.1141217
20.3765,10.640912
0.301719,7.736518
185.622,97.96546
0.0,1.6995153
0.0,2.1141217
0.0,2.1141217
0.0,2.1141217
0.0498608,3.0391066
22.6392,22.235886
31.2435,7.8086166
2.15402,10.534335
60.3985,62.8472
0.0645255,30.531797
0.0,2.1141217
19.4687,21.960314
0.0,-0.2141422
397.601,27.733875
0.0,2.1141217
110.913,136.47797
8.42896,1.0708325
238.224,183.44614
0.0,2.1141217
8.58346,41.835133
0.0833102,2.1141217
0.138583,2.1141217
0.0,2.1141217
6.18238,2.1141217
1.5408,20.605999
0.0194959,0.3614905
16.9263,26.15165
1.12501,5.6736784
8.203,26.963102
9.64754,-1.1188438
0.367544,5.8597174
13.0144,12.043419
5.09901,6.0814238
0.128932,2.1141217
18.2676,1.034899
0.0,1.5560737
22.0206,15.729869
1.85569,-1.9082377
0.0424016,-0.38958216
16.4896,9.728942
4.88149,6.6703033
228.807,232.03015
0.0,7.477748
12.3578,16.102467
0.0548003,0.40189338
0.0198536,1.3662713
6.04863,4.8814344
0.0317711,2.3991416
26.4945,9.082363
0.0,0.9093549
4.42223,-39.289333
0.0806803,1.2373643
2.73993,1.2791839
0.0676877,-0.17807388
0.103284,2.1141217
0.0,2.1141217
0.0,2.6174242
0.0,-0.35804868
0.0,2.1141217
0.550254,3.645083
0.553444,3.3558862
8.72667,15.263544
10.2115,22.33419
0.0880483,2.1141217
80.0908,47.488605
22.5174,29.616034
111.675,77.079254
0.427061,4.8191776
0.0195521,1.1221142
75.8743,33.412777
10.0146,10.655471
16.4448,21.654411
0.0128129,2.1141217
2.55055,1.972738
0.116934,-4.5107555
0.0,2.1141217
0.162494,7.673094
1.24093,9.137863
0.0,9.724065
71.8092,36.791588
0.0,2.1141217
20.9569,32.163643
0.0,9.898188
0.0489275,148.75148
0.387361,10.59468
11.7892,11.57337
0.491604,2.1141217
3.12215,15.315433
47.3378,36.451904
0.0,2.1141217
0.0855931,1.0702248
5.23263,7.4665565
11.3267,1.271942
0.365597,11.021447
4.28139,3.232003
23.5333,16.551046
0.756778,28.439133
0.571642,4.0327816
30.3886,1.7269657
0.127069,8.137612
3.45379,3.9662125
0.107778,2.1141217
1.39755,-2.079481
0.0,-1.0427907
0.0,2.1141217
9.9227,40.097992
30.4823,20.410673
97.5563,56.86553
21.0285,11.530229
8.46153,-2.338165
0.0443369,10.089036
49.3187,27.995983
0.0,2.1141217
0.144784,0.32187057
9.89553,33.34759
1.14478,0.5985843
3.42946,12.508247
18.6769,36.049145
26.5832,1.2577598
14.8794,23.031616
5.78663,3.5001225
22.0206,15.729869
0.0,2.1141217
0.0,2.1141217
0.622454,2.1141217
0.0,0.111061096
3.48165,18.553757
0.885176,21.284657
6.4931,5.995144
1672.53,979.53864
0.392828,3.342856
10.0146,10.655471
10.9407,3.7090974
19.633,20.23693
0.106015,-4.7733746
1.93666,-0.59653735
34.6966,20.630426
17.3682,8.101125
5.39369,10.574039
0.0,1.5295784
0.0193434,2.1141217
0.0306126,2.1141217
0.41119,2.1141217
6.32027,6.5035286
0.0471666,2.1141217
0.0,2.1141217
0.0,2.992619
0.459964,2.6476972
0.144784,0.32187057
8.74577,17.222078
0.0,1.5450001
0.0,2.1141217
0.0305553,1.2483473
14.0855,13.72173
0.0,22.069971
2.81657,5.731306
3.93496,6.390974
12.5145,2.9204228
21.3463,18.96202
20.3765,10.640912
0.441246,7.236888
5.1809,-25.02705
0.0,19.84562
3.1273,9.765088
0.0,2.1141217
0.0,12.404754
1.5419,2.1141217
0.0412964,2.1141217
15.2572,15.2567215
1.48847,-0.33639956
0.67179,18.810678
0.0,2.1141217
32.2827,24.57002
8.04479,31.223167
0.0,2.1141217
0.0585232,22.157505
19.2195,15.343149
0.0,2.1141217
2.64048,2.5237453
12.3578,16.102467
0.0,22.32145
0.0,2.1141217
0.0561515,31.208206
3.19773,18.573761
0.124475,9.3419485
1.00168,48.137802
6.53838,9.340472
0.597943,7.290594
53.2671,80.86481
2.36271,-1.1358683
5.78663,3.5001225
34.3872,27.260025
2.16327,2.1141217
43.5617,31.957092
11.3911,19.992884
0.10239,2.1141217
16.4118,2.1141217
0.0413947,0.73577857
433.236,256.0741
0.0174285,2.2879498
49.8636,11.690372
4.03327,13.734662
15.842,18.380703
0.0,2.4248152
0.0416413,2.4117818
0.357206,2.1141217
16.652,15.70481
8.44341,-2.7970178
0.251915,13.832611
1.20083,4.4467125
0.0,8.615007
0.0725011,4.776923
0.0,1.0983262
6.04453,-3.840078
0.0,4.860505
1.42191,22.595102
0.735041,9.962192
12.0945,-2.00752
10.8169,9.909786
0.242017,1.3570955
11.8978,6.432233
1.84062,6.794239
23.569,21.365574
0.22883,0.409863
4.74985,1.9156694
0.0,0.41859436
7.0301,7.0845137
12.4639,2.1141217
14.6496,7.290594
0.0,2.1141217
0.0,1.7709379
0.0,2.1141217
3.5795,1.7563076
0.0,3.3820415
4.52196,2.1141217
31.889,21.893522
11.5065,10.431283
0.0,2.1141217
0.0,2.1141217
18.2498,8.670391
0.010561,2.1141217
75.7574,26.428066
31.2011,19.797558
0.0,2.1141217
0.974143,23.952246
1.32434,33.109955
0.113236,2.1141217
27.5158,21.92455
0.296036,2.1141217
2.15454,27.713575
5.32181,7.956991
0.0,2.1141217
8.67667,21.128986
0.0633151,2.739288
0.0,2.1141217
0.0,4.101246
0.0,1.4939725
0.0,2.1141217
44.3922,24.938452
0.0,-0.04388976
0.0,2.992619
0.0,2.1141217
18.8462,9.618952
0.0,9.724065
228.807,232.03015
3.33636,5.642212
0.0,2.1141217
14.8558,32.686596
38.3952,24.066763
24.8885,11.713963
11.7739,4.382701
52.7444,2.1141217
21.4206,31.22477
0.0,2.1141217
0.0,2.1141217
0.0379598,2.1141217
9.59899,5.479795
35.0216,34.536022
28.4039,30.821507
0.687225,-3.2943766
0.431052,30.53358
0.0,2.1141217
0.0,2.1141217
14.8365,12.110877
0.748226,9.400915
0.0,5.1759024
7.54107,10.86667
0.0,2.1141217
1.61219,-2.7970178
0.0,2.1141217
1.85569,-1.9082377
5.52068,-3.9367893
0.0,2.1141217
14.9762,36.120846
9.56222,1.9967446
39.0798,14.459924
5.47925,13.234883
11.4922,44.986988
0.15761,3.0056677
0.620975,2.1141217
19.9297,29.639341
48.5601,14.889943
12.1678,9.97171
0.233384,434.20877
28.1376,12.335235
0.0,2.1141217
1.14149,10.859053
0.1417,1.1877849
4.25643,2.1141217
2.2757,18.837893
17.3394,20.03215
4.8378,6.064555
3.97178,10.416894
0.0,4.748838
2.87811,0.59498954
15.7273,0.33002996
9.68664,10.584289
2.97737,0.49450564
5.38391,13.484441
10.6271,18.186256
0.0375493,-0.122332335
4.64168,7.5462065
0.0,2.1141217
0.0,12.629026
0.0,2.1141217
1.79644,11.527003
19.1213,-16.368477
0.126268,2.1141217
20.6152,10.869063
5.19545,15.285379
0.0,8.901161
0.0,2.1141217
0.0,2.1141217
0.0,2.1141217
0.0,2.1141217
33.978,43.27274
0.0,2.1141217
0.0354768,2.1141217
9.47358,25.019388
0.231058,2.1141217
1.40205,39.51333
0.0,2.1141217
45.1028,10.574039
0.0,2.1141217
0.343881,2.1141217
0.0,1.9356527
0.246146,2.1141217
0.0,9.724065
0.0,1.5910406
0.0,2.1141217
5.57806,1.6406596
41.4786,46.66471
57.7565,9.416961
0.778044,-2.5515058
13.0285,16.682617
16.4448,21.654411
0.0,2.1141217
0.160392,13.627924
9.22554,0.82010317
41.3248,13.050959
11.3911,19.992884
3.67181,4.305233
1.11784,8.071148
0.0648194,2.1141217
1.06489,27.907902
21.3134,19.38123
0.0,2.1141217
0.0264659,2.1141217
69.2914,21.513577
0.0,0.1129905
11.925,13.343078
0.0,2.1141217
11.0111,2.5822458
0.0,2.1141217
6.30371,36.06346
10.8169,9.909786
18.1813,0.3385296
0.516945,2.1141217
4.39554,0.83258224
10.3338,15.374648
15.6575,10.539039
0.281248,2.1141217
0.121155,2.3584757
0.571642,4.0327816
1.58275,15.153686
36.5915,25.124554
8.90259,11.169949
138.822,100.0604
0.0,2.1141217
169.242,75.54958
0.0,2.0575235
10.7399,-20.39964
0.0,2.1141217
6.09922,26.16103
4.39014,-4.690462
0.0362284,42.903275
68.9289,40.125473
27.5158,21.92455
0.0,2.1141217
0.183247,19.403263
7.93916,22.228308
8.15758,18.215109
2.85747,-6.298641
46.435,43.92678
0.111297,2.1141217
0.0,1.053874
26.1206,7.8952684
44.2719,2.1141217
0.0,2.1141217
0.0,5.6080494
0.0,2.1141217
0.0211065,2.1141217
0.0,2.1141217
0.0,-0.35804868
0.0,2.1141217
49.1967,8.335664
0.0,2.1141217
11.0919,8.827566
43.2114,31.972515
46.0233,42.941402
0.00361873,15.09835
4.89209,5.456115
1.14683,4.7406225
0.0,1.0190287
1.84609,2.0264173
0.0510919,10.477565
6.64375,2.1141217
0.546353,2.1141217
0.149905,4.500206
0.0,2.1141217
13.1278,-2.9826324
0.16082,2.1141217
9.76207,12.886439
0.0,4.871707
0.0,0.29086542
2.15402,10.534335
1.36915,11.874387
18.1432,6.3631363
6.21711,19.115297
0.0,2.410558
4.99855,12.416163
0.0,0.29744983
0.0,2.1141217
0.0105662,1.3923142
10.0719,6.941328
11.9358,11.174649
17.5554,49.313316
36.7233,9.2964325
14.0998,8.48352
0.145731,1.861089
0.0,2.1141217
45.9377,35.232307
0.0,2.1141217
4.74985,1.9156694
0.0,2.1141217
25.5567,5.8927946
0.0,2.1141217
18.5812,20.228436
50.2525,47.3117
0.0,2.1141217
0.0,2.1141217
5.08154,21.555502
2.24424,2.7728636
0.0,0.24352527
3.85496,4.016053
0.0,2.1141217
0.0,7.7846727
22.0206,8.511662
0.45884,2.1141217
3.97178,10.416894
0.0227304,0.29086542
0.0175253,2.1141217
0.0,24.281233
0.756351,6.767269
34.1317,47.019352
0.750729,5.2079315
0.0059639,5.48277
0.0933876,-1.4019248
0.0713237,-1.8705728
0.443856,2.027608
9.31878,11.312515
6.81054,7.2682743
8.74577,17.222078
0.0,0.29086542
0.0,2.1141217
0.0247727,16.369394
7.18911,3.2010467
4.21381,17.894262
0.0,2.1141217
0.0932878,-0.06845856
0.0,2.1141217
0.0,2.1141217
0.0,2.1141217
0.0,2.1141217
6.84908,2.1745195
0.0,2.1141217
12.6916,18.207026
0.197985,8.313282
1.67192,-2.7970178
3.70573,17.34619
0.887909,2.9351783
0.0317711,2.189496
0.411595,4.0922327
0.0393917,2.1141217
0.0134073,1.2836955
0.0,2.1141217
20.3765,10.640912
0.298523,2.1141217
0.0630541,2.1141217
0.0,2.1141217
7.60593,20.739077
18.7859,35.545757
0.0,2.1141217
9.17563,17.50115
0.0,23.040335
0.872144,2.4854138
26.9829,15.772093
0.0,2.1141217
0.0,2.1141217
0.563877,25.704666
10.8125,5.3909035
0.242017,1.3570955
37.9983,37.46197
0.0477546,2.1141217
2.93468,-1.40149
0.0679036,8.632697
3.5795,17.305208
0.0442241,2.1141217
0.0226457,1.1894324
0.0,1.1117935
0.132442,8.334756
1.38841,13.051064
0.144784,2.3550985
0.0294347,2.1141217
0.0778408,-1.1080408
30.4823,20.410673
206.507,187.50812
0.0179901,1.1589701
0.0397651,2.1141217
21.0274,19.509302
17.0974,8.3452635
0.0222586,2.1141217
0.0370218,4.8360987
0.215631,4.6187754
0.0233739,2.1141217
0.0,2.1141217
11.7892,2.1141217
0.0,2.1141217
0.0,33.696865
0.431208,26.125593
0.0631601,6.721158
5.15785,-5.8851137
0.0213519,2.1141217
16.947,18.280798
23.8569,1.1984627
0.0,2.1141217
21.2297,3.3277707
4.252,7.590458
0.196355,4.5804896
0.0,2.1141217
13.2632,14.864829
27.6481,-2.2434585
2.59898,1.9284613
1.20083,4.4467125
0.0500292,12.66421
0.0,2.0498037
0.0,5.323863
0.0,4.0720577
1.50983,-0.19677234
0.149659,17.894262
0.0735954,2.5702555
0.0,9.392183
176.437,93.97668
0.0,2.4350557
0.0,2.1141217
21.811,5.6260357
0.0,2.7634902
68.9289,40.125473
13.3136,28.705048
4.21751,4.613679
10.3085,17.657698
44.1261,25.185268
9.57554,68.73067
100.339,76.753685
0.0,17.919632
0.315451,5.375204
0.0471651,2.1141217
48.5601,14.889943
37.4675,78.706924
4.1077,25.474121
4.44541,14.1074
1.13056,15.172643
5.64259,-25.893597
0.0,2.1141217
0.0,2.1141217
9.57747,27.962349
0.105136,8.289624
0.16686,2.0475273
0.0271321,2.1141217
31.889,21.893522
0.0,2.4761147
6.94088,40.224796
0.0436978,2.1141217
13.5689,6.13517
0.0,0.5771313
4.545,9.898188
8.41591,10.657607
0.22559,12.8341675
0.0149743,1.3202775
74.3385,65.904915
0.0,2.1141217
0.0,1.6638339
0.0,1.545265
1087.84,528.9694
0.0228734,2.1141217
0.0645255,30.531797
12.4461,11.432433
0.0,1.1606264
0.443035,9.349525
10.5207,8.340164
1.53704,6.6617184
28.6632,2.1141217
0.0767361,2.1141217
9.4149,22.957647
63.6949,17.446726
0.506194,2.1141217
0.0295007,1.2960303
0.0705002,17.126757
7.09776,88.96143
0.185535,2.1141217
1.43546,2.1141217
88.227,20.25443
0.0,17.126757
8.52971,32.63712
0.0,2.1141217
0.0,4.7803774
19.5575,-14.922605
1.72593,2.1141217
34.5704,1.6213324
43.0722,17.383062
0.0384895,22.711828
9.45517,24.905373
22.4566,10.991165
9.23499,15.407672
0.286364,12.875667
2.47586,0.40223908
0.0,2.1141217
0.0417242,24.082638
0.0,2.1141217
0.0,5.283948
66.0095,23.907263
4.27029,-1.933269
0.0,4.2666564
0.0,2.1141217
0.0189604,2.1141217
0.124839,2.1141217
0.0,2.1141217
3.98025,34.601994
12.3957,27.726288
0.0171991,2.1141217
0.208071,-0.75279593
0.0,-2.0255048
0.265706,2.7143884
12.7134,2.1141217
12.0114,15.282107
3.80604,2.1141217
0.0224556,2.1141217
0.592882,7.0903254
7.72727,12.537587
45.5749,39.021313
0.0934583,2.23027
29.1984,22.261423
23.569,21.365574
0.0231786,2.9096642
6.94055,4.5194664
12.011,2.6910422
4.85934,-7.0194845
0.872144,2.4854138
4.66779,2.1141217
0.0,2.1141217
6.71604,21.236992
25.8435,26.867382
4.15016,6.6593018
7.77056,4.662524
0.102471,-1.4185882
0.0,2.3378508
0.0176532,2.1141217
0.0,-2.117314
0.0,2.1141217
7.46475,17.180706
32.4577,3.935332
120.835,42.82706
0.0,19.620708
33.0915,8.7563
11.1964,22.164715
3.88411,11.713963
0.0,2.1141217
28.1376,12.335235
0.431208,26.125593
23.569,21.365574
37.5398,18.71879
0.233384,434.20877
0.0,2.1141217
21.3561,32.527668
0.00557245,1.1667805
3.93496,6.390974
0.0734416,3.4751265
0.0,22.187134
30.8101,21.998756
0.0,26.417938
22.4628,2.1141217
13.5853,29.785936
0.0,2.1141217
8.26378,2.5413797
0.0,2.1141217
13.0144,12.043419
0.242017,1.3570955
13.2992,11.3947735
0.237497,4.2465525
5.19642,4.6394825
0.0385393,7.157526
28.7911,7.815648
0.0,2.1141217
11.5815,1.4625089
0.411539,14.119567
3.81813,8.837474
46.9646,21.30013
0.0,2.1141217
31.889,21.893522
16.6061,6.2134
15.6481,26.647026
1.18369,4.584762
0.312226,1.9542415
7.96039,1.6659222
8.65413,35.443256
0.118244,27.279915
4.90962,15.092061
0.0898018,3.3410487
0.360221,2.150024
1.97174,25.005543
0.0263074,2.1141217
0.462918,6.76357
20.1384,3.8081915
45.9377,35.232307
0.938995,2.1141217
4.61967,37.742016
103.714,51.453205
0.196911,14.637011
28.0353,2.1141217
144.146,73.97909
0.0,2.339498
131.913,148.75148
0.0219642,4.737774
0.025486,7.4242964
7.96072,-1.9187844
0.0,2.1141217
1.99981,8.280682
5.05107,10.685491
1.09633,3.7469428
0.0,2.1141217
53.2938,37.033314
28.1376,12.335235
0.105717,13.121076
0.116668,6.542513
0.661888,15.791329
0.0,2.1141217
29.1625,8.818016
89.6832,48.062916
2.02652,12.43255
0.0757449,2.1141217
27.5158,22.732603
9.77672,1.3090734
0.0526354,14.415469
4.25521,21.096123
0.0,2.1141217
30.6925,26.891708
39.5207,15.577853
19.0873,1.5722468
85.5778,43.752567
0.111054,5.4201956
0.0,2.1141217
0.0,2.1141217
0.0,2.1141217
0.218766,2.1141217
7.88268,-4.132309
0.0,16.485008
0.0209403,2.1141217
32.6742,30.668325
2.06551,8.047235
30.3886,6.9360685
11.9358,11.174649
11.1947,21.916708
27.0957,14.865526
10.8169,9.909786
0.0,2.1141217
0.0,11.358022
41.4786,46.66471
5.16,13.395265
0.250134,2.1141217
1.59439,5.69518
0.0,2.1141217
8.30396,7.02357
0.0,-0.7399101
0.0,2.1141217
0.0,1.7699025
39.6299,8.54145
0.161006,2.1141217
29.0844,20.506618
12.8011,30.139378
0.0123982,1.467035
0.025486,7.4242964
0.0,-0.7602625
0.126085,2.1141217
0.0,2.1141217
5.59568,23.907263
11.7182,16.097927
0.051393,10.640912
3.72976,1.2434447
22.9302,22.879417
0.101265,7.585228
0.0129911,2.1141217
9.83226,14.060397
0.372758,7.4242964
0.0610322,2.1141217
12.6332,10.91179
5.90059,4.395994
0.0,2.1141217
0.0,2.1141217
7.13458,16.655676
0.0,2.1141217
8.49649,16.17809
5.75256,16.679386
0.0,2.1141217
0.498276,-3.8556898
0.0,2.1141217
4.83247,18.048378
21.1404,9.6496315
0.0219642,11.669469
0.125719,1.1606264
0.0422045,2.1141217
8.203,2.6554432
0.0,2.1141217
0.0503724,1.3923142
0.245057,-5.5837593
0.0,2.1141217
0.264613,17.114553
18.8462,13.676598
45.4482,14.968068
1.16755,10.667785
0.0,2.1141217
0.0,2.1141217
123.002,54.12268
2.95801,-6.6080523
0.0,9.591658
86.6291,93.002525
0.00636721,2.1141217
13.2632,24.872643
26.0635,10.995067
11.8602,39.842342
110.199,58.66685
26.1456,11.764952
0.0,2.1141217
0.0173308,3.3310947
0.03394,2.1141217
5.10486,6.2677183
20.7926,7.6101017
6.98341,19.75835
1.7845,1.3026521
8.87697,12.736652
0.0,2.1141217
5.74144,5.4084883
0.0,2.1141217
17.3043,15.060851
0.904999,14.6625595
0.0315748,0.061831236
0.0,2.1141217
2.95776,4.479142
7.42939,29.253323
0.0,9.392183
1.43546,2.1141217
0.0,15.09835
19.2937,37.267494
201.331,44.54836
4.70951,22.999554
0.0186084,2.1141217
0.0,1.2605839
19.3857,12.836405
7.65274,-5.2352133
5.02273,4.1533623
4.99398,2.1141217
0.0194222,2.1141217
1.55502,3.8391938
3.84818,12.783644
77.5204,24.269146
1.15544,3.878122
7.29016,48.546688
2.32215,10.827845
0.0422013,-4.7733746
113.662,53.00159
0.0,2.1141217
181.385,61.18591
1.45222,2.1141217
0.0,2.1141217
0.0,1.6680484
0.0589175,2.1141217
8.51798,36.23504
194.251,95.85627
0.099321,18.863464
41.1289,32.326847
0.0,2.1141217
4.93879,22.779709
13.1196,36.400494
1.5047,5.808461
0.0732745,2.1141217
0.0,2.1141217
0.0,0.6402023
16.6061,6.2134
13.2118,25.511133
41.5746,28.472717
0.149176,0.9828265
8.73149,7.4692707
122.832,110.9088
0.0,22.613266
0.0506962,2.1141217
13.1239,14.765896
6.86627,40.482403
66.0095,23.6217
52.2343,45.36385
1.6711,4.0857134
7.13458,16.655676
20.3065,9.761781
6.31433,18.7044
13.3034,29.25579
0.571642,4.0327816
10.5139,28.625751
0.0210097,0.081269264
0.0,11.344407
207.566,55.69947
13.0901,-7.751419
0.0951988,6.021492
7.67185,16.530993
60.3985,62.8472
6.49652,33.545284
0.0,2.1141217
17.8586,22.659828
14.801,2.989546
18.0396,20.97514
0.0,9.392183
13.4247,2.0928152
0.0394029,1.5711787
78.8296,109.494774
0.0610322,2.1141217
12.7252,12.024989
7.89165,1.065536
113.997,75.678116
12.2934,21.067387
0.0,2.1141217
119.268,2.1141217
0.371522,2.1141217
156.177,14.126948
0.0,-2.5393417
0.0,2.1141217
0.0377064,0.29086542
88.2999,45.988026
0.0932878,-0.06845856
0.0,2.1141217
1.14478,0.5985843
26.3643,3.621923
81.91,38.562572
10.794,1.0029194
19.5575,-14.922605
0.530209,-2.4328406
1.40299,2.532862
0.0,2.1141217
0.00898059,1.2315202
0.0,-3.6081645
19.0755,38.358242
0.0,2.1141217
35.9072,28.922516
0.0737911,2.1141217
111.051,37.01996
0.163422,7.9792147
25.3389,14.266483
65.7132,22.099901
12.4414,12.649867
5.33008,19.233797
447.617,244.17265
32.2298,18.752754
0.0489396,2.1141217
0.149789,2.1141217
0.0,1.8451927
0.0,2.1141217
17.9272,21.92455
0.0355344,7.1673803
0.0526354,14.415469
13.792,14.685266
0.0,176.89882
0.0,2.1141217
3.1273,9.765088
3.567,11.604247
0.0,2.1141217
80.465,21.944666
0.0,2.1141217
0.0,-1.761796
17.6053,16.301317
0.0,2.1141217
4.28886,1.4639022
0.0,12.053571
0.0,2.1141217
19.3196,10.028743
8.40817,36.72555
16.0687,5.4886456
4.52996,2.1141217
0.0,26.103592
28.1376,12.335235
0.114676,21.859512
48.918,43.606834
49.5875,35.505352
0.0274204,2.1141217
0.0,2.1141217
5.97234,13.948318
33.6491,4.705023
0.0,8.365119
19.3196,10.028743
1.51667,-3.9561245
8.78468,39.337933
0.0,2.1141217
0.0,2.1141217
0.0492502,6.6926517
0.0,9.526155
0.0,2.1141217
16.7667,12.857332
0.0,2.1141217
21.4696,40.645058
14.8266,15.648969
0.0174285,-0.7827468
0.578748,52.008034
7.93361,18.89825
31.889,21.893522
68.7,61.280434
7.93361,18.89825
0.0,2.1141217
0.0,2.1141217
0.0,-2.5393417
11.391,2.307272
11.9358,11.174649
12.5184,2.1722057
0.0,2.1141217
0.16748,6.8086452
0.0105662,1.3923142
61.7468,42.32584
1.29524,2.1141217
31.889,21.893522
0.0245652,-0.021833181
0.0,2.1141217
0.0424016,-0.38958216
7.0598,185.91435
146.296,129.09953
7.72727,12.537587
1.77667,-0.5765805
35.0216,34.536022
0.0219642,28.17271
21.9927,22.145355
0.0,2.5067255
0.0589175,2.1141217
9.25745,15.61599
0.0,2.1141217
5.23978,8.928903
0.232573,19.282736
0.0,2.1141217
1.20238,2.8833954
7.93916,-3.162473
0.0355143,2.1141217
0.0,-1.5855246
23.5057,21.816422
0.149628,2.1141217
18.7845,2.8833954
0.130305,2.1141217
0.0087436,4.1904297
110.437,49.32637
19.9297,4.887971
0.0478645,-0.08306742
0.0665475,2.1141217
0.0219575,2.1141217
21.0123,23.274628
0.0146036,-0.29235578
1.61219,-2.7970178
0.182939,2.9015365
1.4259,-2.1469195
31.287,24.253048
0.0105662,-0.7069156
0.0,2.1141217
0.0110203,2.1141217
2.91906,33.892338
7.78391,33.82257
1.30596,29.778143
28.7013,18.912045
64.9969,1.9987109
0.051393,10.640912
0.0,2.1141217
14.9617,16.318947
0.0,2.1141217
0.0,-0.58544993
0.0,2.1141217
0.0,2.1141217
0.0468538,61.18591
0.0048556,2.1141217
0.835289,7.557605
0.0108675,17.894262
0.0,1.9150257
16.7626,9.345407
0.344754,24.065964
17.5554,49.313316
1.06288,11.66393
31.6525,22.677132
0.0,0.70247245
0.0,2.1141217
28.4969,45.501335
11.0977,22.897148
0.0,0.29744983
0.0183687,-0.25658143
4.10174,7.5262365
0.00964872,3.5943747
23.7592,26.837093
4.50449,9.305793
1.53771,1.6991017
0.0,2.1141217
0.0,2.1141217
0.0169032,2.1141217
4.17273,6.5554934
0.0730475,25.465168
0.868541,19.801426
0.051393,12.939656
24.7927,2.1141217
16.4003,17.390299
4.85574,24.678688
22.4898,10.527141
0.73739,2.1141217
1.56805,-0.20204759
23.8569,1.1984627
0.0,2.1141217
1.68959,8.164414
0.0,2.1141217
11.0111,2.5822458
0.0,2.1141217
0.0,2.1141217
26.6832,8.903003
2.1209,14.586855
30.5348,40.50285
86.0813,16.183014
6.71538,20.460121
0.027453,-1.5067499
15.0913,38.378628
0.0,2.1141217
0.0,2.1141217
0.0,2.1141217
0.0,2.1141217
0.0,2.1141217
19.4241,12.33274
0.0162431,12.229966
0.0551446,0.5448663
44.1261,25.185268
0.02025,2.1141217
0.0227304,0.29086542
0.0734686,16.097927
0.0600719,2.1141217
0.0647959,-13.9963875
0.114268,2.1141217
0.0,6.411743
53.9364,67.141235
21.4696,40.645058
16.1426,7.1986895
38.586,35.504295
0.205377,0.6406727
0.0,2.1141217
11.8915,19.599068
0.0,5.8779287
16.4448,21.654411
0.13219,2.4501696
0.0,1.9502201
0.0466087,2.3378508
9.66222,979.53864
0.0317711,2.3991416
22.0379,18.293547
4.72532,15.201582
0.0,2.1141217
0.409133,5.3551197
19.3857,12.836405
0.0,2.1141217
0.201269,1.7828956
13.6658,-4.9662743
0.0,21.772102
6.34741,10.693342
45.7509,26.191404
11.1947,21.916708
0.0,17.20741
0.36613,15.023062
6.3136,12.222157
1.32143,22.897148
5.46058,19.95095
0.0605592,10.82565
5.69682,10.461245
10.0159,-1.9187844
8.51378,3.0949957
0.49188,2.1141217
12.3578,16.102467
0.0,2.1141217
4.74985,1.9156694
0.044921,-2.6413944
0.0,14.864829
0.0,2.1141217
22.6165,25.098743
93.6125,62.979836
2.19578,2.1141217
14.0514,20.886274
12.3079,13.806123
7.18911,3.2010467
1.18369,4.584762
25.4868,21.957617
0.285904,3.3280761
0.0,3.3880484
8.74577,17.222078
0.00982299,12.282547
31.6466,35.105732
26.037,31.22477
34.9927,19.883709
60.3985,62.8472
9.4149,22.957647
13.1755,13.533404
0.0,1.4200249
0.736154,2.1141217
4.61178,10.156065
41.0336,15.348165
2.91861,2.1141217
0.26033,21.549389
0.0285442,3.5614805
3.42946,12.508247
2.76298,8.027544
0.0,2.1141217
3.34602,10.860226
0.0,2.1141217
0.0205435,2.1761348
13.3234,18.9626
0.910812,15.558393
1.16659,23.261015
0.0,2.1141217
0.0846942,11.77924
0.0,1.6565335
3.9033,17.361687
8.94592,9.249226
11.2602,10.765253
21.7269,0.27092767
4.87503,7.568885
2.7029,15.41295
11.2349,29.607979
0.0117422,21.000864
0.095025,0.7277944
0.0,2.3259826
9.18391,28.353058
0.0,1.8779173
220.719,34.133663
1.26098,1.0983262
36.7233,9.2964325
20.7608,-1.5241678
0.814287,11.453752
0.0,40.74506
16.9249,21.232456
0.227306,21.919443
0.0,2.139377
1.2734,2.1141217
0.0,1.5309823
16.1453,14.369495
4.1897,7.327134
0.0701119,1.2577598
0.2452,2.1141217
11.0111,2.5822458
24.8424,11.451528
10.7163,37.395
0.0838009,2.1141217
52.1718,19.620708
6.3236,12.317666
9.98324,28.10453
0.0,12.757758
3.8263,1.9985001
2.35672,15.556287
1.66053,5.2509212
0.0,3.2865114
35.7755,7.35075
0.0,2.1141217
0.364658,2.1141217
1.13347,0.36704612
0.491604,2.1141217
181.385,61.18591
0.0,33.348335
10.5207,43.988228
0.0912245,4.3909903
0.0,2.1141217
0.0,2.1141217
6.57803,19.378431
10.0115,14.523519
0.0,3.5396876
0.171019,6.09383
9.66222,979.53864
0.0,2.1141217
5.19642,4.6394825
12.9819,-1.5911705
0.0,2.1141217
0.0,2.1141217
18.0396,20.97514
0.0,3.767518
0.181369,2.1141217
0.0478168,2.1141217
0.116093,2.10783
0.734255,4.891997
0.0,2.1141217
0.242017,1.3570955
4.88149,6.6703033
1.21839,22.11009
0.0155516,1.133981
5.22933,11.709648
2.64048,20.881823
53.941,17.030712
0.0,2.1141217
11.5061,11.981066
18.374,17.446598
7.00393,5.379559
0.0929124,2.1141217
0.0630775,6.443555
70.3369,21.088154
0.0,2.3535872
32.6081,13.530164
5.33753,3.6525607
23.7592,15.468816
16.1449,2.055732
7.56464,8.165981
8.51378,3.0949957
13.4342,12.881057
0.0,2.1141217
1.03622,2.1141217
0.0,2.1141217
13.5737,0.4677179
19.3196,10.028743
12.3578,16.102467
11.9414,20.816484
1.02578,1.2040689
0.0,-2.634526
11.1346,-0.010874748
0.0,2.1141217
2.98434,-0.0018808842
10.919,40.886463
987.415,632.2827
9.75614,-0.2706256
0.0,2.1141217
0.051393,10.640912
5.64259,-25.893597
0.0190806,1.3515141
0.221629,1.6365983
17.7302,2.1141217
86.3551,85.7454
4.7289,25.759094
1.12293,-2.4636304
68.0121,14.353573
0.0186586,2.1141217
1.67192,-2.7970178
5.56243,17.174093
4.29986,7.544755
33.9583,23.136318
3.5795,1.7563076
0.0,2.1141217
784.004,424.29138
0.105744,-4.2319403
0.542442,8.06158
0.120763,21.716799
0.0757449,2.1141217
0.057127,2.1141217
60.8617,53.951042
0.0,9.898188
37.8767,16.592194
0.0,20.189337
697.199,286.55334
22.5824,43.50044
0.0,2.1141217
0.0,2.1141217
0.0309322,2.0730507
44.1328,-2.2941904
8.26712,1.7887456
9.31878,11.312515
0.0,2.1141217
18.492,18.503605
0.834837,12.317666
0.276195,2.1141217
0.03437,9.879044
10.5992,1.3384106
0.0,2.1141217
5.78663,3.5001225
4.0694,2.6492279
0.0,2.1141217
69.2914,21.513577
4.252,7.590458
4.06813,15.620978
14.3497,9.582608
0.0218374,2.1141217
15.2282,20.561453
91.3848,34.47371
0.0,2.1141217
0.0,2.408522
37.578,9.185942
0.681877,16.001343
0.0,2.1141217
5.39627,14.921854
0.051393,10.640912
45.8853,24.274422
0.0174459,3.3276572
0.0,2.1141217
0.0,2.2872844
7.7056,15.72045
0.0129563,3.9587405
11.89,8.429376
3.20294,15.5828085
0.433654,65.75712
0.0,1.4808524
115.609,42.165443
21.0736,29.289827
2.29886,2.1141217
0.0,2.1141217
1.48456e-06,2.1141217
2.56313,31.217537
0.0,2.1141217
0.454819,9.72211
0.0,2.1141217
8.06948,3.661031
0.0540007,2.1141217
21.5036,34.895916
0.242017,13.307373
0.0734416,3.4751265
0.258242,11.705256
22.5174,29.616034
3.17315,3.9345748
20.5605,12.534717
0.0,2.1141217
0.0,2.1141217
0.056907,8.730918
15.6758,10.166833
0.0363594,2.1141217
0.0,3.5639863
0.0818675,18.00283
10.1341,7.4359283
0.0,19.300432
13.6716,13.580606
0.275915,42.71915
10.479,4.783038
3.42946,12.508247
32.6081,13.530164
25.2788,6.0514183
0.0,2.1141217
14.4586,41.895016
0.0165127,2.1141217
0.051393,10.640912
1.37359,3.8447692
22.2086,11.035192
5.67805,16.528854
22.7051,9.450109
0.0573953,2.1141217
37.5261,11.369178
0.0100227,2.1141217
0.0,1.0193677
1.7335,43.616783
1.53763,2.8456955
0.0,2.1141217
10.4316,2.1141217
4.64645,37.022198
0.0,2.1141217
8.36759,16.637222
0.0,2.1141217
0.170468,21.036192
0.0,2.1141217
0.553941,2.1559145
0.0721948,2.258808
19.9297,4.887971
0.75264,8.164414
21.3796,4.6798754
2.90635,13.125197
0.0,18.886417
0.825871,13.928565
0.188157,16.866945
1.13347,0.36704612
2.29405,1.2912896
0.82062,5.7375765
37.5583,12.257333
0.0118706,-1.8496583
5.18211,6.0943203
0.625926,2.1141217
8.74577,17.222078
0.02025,2.1141217
0.149905,33.836975
0.0,2.1141217
0.0,2.1141217
1.75124,50.74494
0.0,2.1141217
52.0819,5.145871
0.0,2.1141217
3.13951,-5.139413
0.0,1.6870759
6.27915,10.671588
0.0757449,1.7238653
0.520366,2.1141217
0.423673,7.6297245
2.99172,13.457235
10.5992,1.3384106
0.0753383,11.170817
0.095025,0.7277944
45.6439,37.255295
11.2349,6.371951
35.7528,10.69263
0.0,2.1141217
6.33662,2.1141217
0.0,0.7417822
31.6391,15.313945
0.0,2.1141217
0.0641311,-4.40853
12.8303,13.742554
0.0,2.1141217
0.0303929,0.48987412
0.0222586,2.1141217
9.57554,69.32643
2.92734,0.5697515
29.3384,20.540047
28.7765,2.1141217
16.4448,21.654411
0.506143,21.218674
18.9373,5.7375765
0.0,2.1141217
0.0,-0.8913498
1.49864,2.1141217
11.6648,22.944426
0.0,1.0983262
0.0,2.1141217
0.0,2.1141217
0.0,2.1141217
82.423,44.120834
20.3765,10.640912
0.038988,15.606725
17.3132,6.3292227
0.0148745,-0.010811567
0.630093,-0.2053945
19.4241,12.33274
0.627648,1.9265864
53.0483,35.026638
0.88287,15.125806
3.80665,12.81007
21.1112,10.650923
4.73864,2.1141217
14.4625,18.719906
0.0,2.1141217
0.0,2.1141217
0.0220421,2.1141217
0.0,2.3927336
0.0,2.1141217
0.26033,21.549389
18.3444,14.515615
12.7705,13.583585
13.3789,5.3909035
34.164,31.86648
25.191,11.081368
0.0,2.1141217
0.365548,0.9091451
3.47122,-1.2526252
0.345981,2.1141217
0.0,2.1141217
0.0276413,2.1141217
21.3657,11.264199
7.89165,1.065536
0.0,1.5295784
0.0,14.436345
30.4564,35.719997
0.0,2.1141217
0.0,9.392183
14.1121,17.641216
0.0,2.1141217
103.289,70.095436
26.3314,8.763604
0.0,2.1141217
13.4199,10.594387
0.0,2.1141217
27.5158,11.98941
75.2078,46.334614
0.0510638,-1.1911395
0.0,21.45477
0.0339982,9.898188
0.0116914,2.1141217
0.0107011,2.1141217
18.7132,1.3781793
0.0,2.1141217
0.476896,-3.3837535
0.0,2.1141217
27.7434,37.069477
0.041474,2.1141217
0.0355344,23.961075
11.8433,1.2758057
21.4448,17.491764
0.0298953,-1.3251126
9.4149,22.957647
0.0892583,10.759589
10.5992,1.3384106
0.556268,1.8668158
2.0112,22.51567
0.045982,1.7863524
1.45222,2.1141217
4.13278,4.818945
24.7055,0.31581986
1.02096,35.10849
10.919,12.090957
3.28353,16.108603
6.28196,13.058831
0.0,2.1141217
7.28429,31.424826
27.6481,-2.2434585
0.0,2.1141217
0.0,0.29086542
0.0175659,13.841235
0.0,2.1141217
13.7987,15.871144
0.0,2.1141217
5.49693,12.316306
0.0735954,2.5702555
8.57879,20.631374
10.6428,28.57281
174.747,26.720026
2.62229,8.572776
0.0,2.1141217
11.4049,6.2900686
44.6306,8.212755
7.64859,13.253303
1.43411,19.746056
0.0,10.149649
12.5134,16.626
0.055927,2.0255344
0.0,2.1141217
0.0,2.1141217
1.59973,16.964005
0.0,3.596226
60.3985,62.8472
86.3551,85.7454
30.2705,11.000648
0.476896,-3.3837535
74.6054,24.355879
5.47233,12.512979
7.14585,4.917487
17.4142,-0.96028185
0.287353,2.1141217
15.103,4.6840963
0.0,2.1141217
0.0,-3.280266
3.17315,30.565157
0.0,2.1141217
0.0,2.1141217
0.0,-1.2776003
10.2463,21.370684
0.0,2.1141217
18.179,47.001144
85.6316,49.313316
0.0,2.1141217
3.8263,13.693404
3.62445,-7.589018
0.0,2.1141217
0.656591,21.128532
23.7004,13.928565
1.32143,-1.3001394
13.0292,53.545925
0.11602,2.1141217
0.044806,4.31981
7.11835,0.6072829
0.0,2.1141217
0.0167694,6.1939173
0.440942,9.766257
604.396,299.93356
0.019213,2.1141217
0.0162229,-2.3376489
0.0543031,8.471964
0.0,2.1141217
0.0499555,-0.17731369
0.113443,2.1141217
0.0,1.0983262
0.0478686,21.98602
20.9569,32.163643
0.121235,3.5481496
0.0,2.1141217
19.0907,23.068142
0.0,12.939656
0.0,2.1141217
11.3911,19.992884
21.4822,20.886324
6.80099,45.7746
0.0,2.1141217
46.4994,10.988226
22.852,28.209509
0.0572271,2.1141217
1.45654,-2.3197198
0.595055,25.691872
3.45172,4.142333
0.0,0.9080229
0.0,2.1141217
220.719,81.8663
0.0,2.1141217
0.0,2.1141217
27.4685,11.182519
0.0,2.1141217
0.857712,0.46576905
0.0432232,2.1141217
6.94088,40.224796
11.9358,11.174649
8.51378,3.0949957
32.0269,17.388885
0.0,2.0454535
0.0,2.1141217
80.465,21.944666
0.0,2.1141217
10.2343,68.29873
12.011,2.6910422
14.8266,15.648969
68.9289,40.125473
0.00874122,0.596704
7.72727,12.537587
8.57879,20.631374
0.0,2.47241
23.5057,20.063862
75.4154,19.801426
0.0,2.1141217
0.0,2.1141217
7.96039,1.6659222
2.35894,36.806026
0.0,2.1141217
10.4508,9.160766
19.3196,10.028743
0.051393,10.640912
2.85292,14.223868
0.0,42.868366
186.492,77.19356
8.32326,30.439604
0.0,-2.634526
5.87878,11.92335
0.521266,3.9605038
0.0,2.1141217
0.0,2.1141217
6.95536,21.482521
4.81095,24.429205
0.0471679,2.1141217
0.0,2.1141217
2.13719,7.57854
0.0,2.1141217
18.727,16.039366
0.0,2.1141217
0.0,2.1141217
1.02096,-1.6204274
6.88691,2.1141217
0.0,-0.58544993
22.6165,25.098743
0.0,12.318085
0.0131872,2.924507
69.8534,11.051726
60.3458,23.184568
0.0,2.1141217
22.0206,15.729869
13.0292,53.545925
7.47546,14.70617
2.97682,-2.9102056
0.0,2.1141217
2.87073,27.976303
115.716,22.51567
1.20083,4.4467125
0.96875,19.26241
2.78389,2.1141217
0.0,2.1141217
0.0,2.1141217
16.8101,4.870427
48.8198,35.121403
17.2617,2.145859
10.411,11.430261
32.8867,32.37284
0.0556715,24.951523
0.0134632,2.1141217
2.95514,-1.4983506
25.603,-6.360132
0.0186832,2.1141217
1.14894,8.434663
21.9927,22.145355
18.6611,45.681664
5.24318,4.4907503
26.1965,15.0522585
0.0,2.1141217
0.193118,2.1141217
0.0129563,3.9587405
2.56798,11.1590185
0.335754,-33.3335
0.404913,30.661171
27.4125,2.1141217
0.0318162,6.8086452
18.2489,79.555016
21.4862,23.700878
3.78142,18.060768
7.53906,36.00001
26.5685,38.29288
0.0236764,2.1141217
3.34477,8.482152
0.0,1.6565335
14.4473,37.44327
2.13995,35.545757
0.0,4.2666564
4.70495,4.806959
0.390753,4.4006844
0.0,2.1141217
0.0978433,2.1141217
0.00805205,1.1745551
19.6939,36.861095
0.139548,8.347017
0.07735,2.1141217
0.0951988,3.0772378
24.8424,11.451528
0.0,2.1141217
1.04575,4.9394712
11.6114,20.631374
0.500156,4.1355276
0.0,-5.982645
12.3842,11.669469
0.121748,70.9027
3.90281,0.98555636
4.74985,1.9156694
8.20827,20.410673
6.58066,13.966818
12.3578,16.102467
0.0,3.8644674
0.0,2.1141217
0.0,2.1141217
10.2635,8.87165
4.56078,26.231361
0.571642,5.772444
0.0,-0.55858064
35.0216,34.536022
0.0,1.0983262
11.6074,12.775431
0.0,2.1141217
0.0,2.1141217
7.25476,19.24958
8.16661,5.3772893
4.61178,10.156065
18.2676,1.034899
0.948007,15.544454
5.29795,3.868088
16.2922,11.404849
38.586,35.504295
26.234,7.4227295
0.21687,-1.0787213
0.0607464,2.1141217
50.6448,58.311962
8.74772,9.561637
14.3642,22.222195
0.0,2.1141217
0.0,2.1141217
1.93666,12.347754
18.2738,32.63712
0.0,2.1141217
23.0079,30.548077
13.3256,22.391941
0.0286426,2.1141217
0.0,2.1141217
3.02521,8.801147
13.7979,0.012645245
17.542,30.793034
0.0769879,2.1141217
3.09643,6.7337275
0.0,2.1141217
18.2872,2.6174242
0.034144,2.1141217
0.0,2.1141217
1.03622,2.1141217
0.782192,-21.205894
0.0,1.3405097
12.3957,27.726288
120.835,42.82706
21.3463,18.96202
0.0,2.1141217
0.0,2.1141217
17.9272,21.92455
24.5863,0.69926
4.87841,25.602213
43.3082,28.54025
16.6565,12.398442
13.3267,19.300432
9.18426,12.021347
0.0,2.1141217
0.0,18.607054
3.8283,10.244259
10.04,36.820415
79.7199,22.115948
0.0554498,2.1141217
0.0,2.1141217
0.247991,2.1141217
8.51378,3.0949957
0.963283,21.885277
0.0406262,1.071208
42.7111,32.134922
0.661411,-0.93745923
0.0,2.1141217
7.14585,4.917487
11.6114,20.631374
0.086773,1.7417548
0.0,2.4478412
0.0,2.1141217
0.0,2.1141217
0.0,2.1141217
20.0597,13.613509
0.0,2.1141217
4.61967,37.742016
0.645114,2.1141217
0.964534,3.5752275
0.186278,0.078888655
0.66808,3.2250285
0.0327252,2.1141217
2.23965,9.364363
0.0,2.1141217
5.50462,17.41804
0.495369,10.851462
0.0,30.761715
97.5563,69.65842
24.6299,34.21069
6.70987,15.432702
28.4785,0.7558129
0.0,1.7762794
0.0713469,2.1141217
0.0059639,5.48277
14.3497,10.780958
6.58066,13.966818
11.8409,11.834139
2.97301,5.6992493
0.0,2.1141217
77.4792,47.29542
0.0,2.1141217
0.0,2.1141217
2.44019,11.110184
10.1609,16.646482
2.19578,5.6736784
0.0978433,2.1141217
0.0476784,2.1141217
0.208997,0.73700213
16.4925,17.136702
0.0855931,1.0702248
0.0,2.1141217
0.083875,0.8543918
7.52572,10.1314
0.0,2.1141217
4.25339,12.817225
0.343881,2.1141217
12.766,7.3672657
0.0,2.1141217
0.0683978,61.18591
0.0,8.18763
0.0,2.1141217
32.0479,-8.250848
1.70883,5.0971823
2.69025,4.494054
3.67574,9.951734
7.93361,18.89825
0.463196,16.743319
0.0,2.1141217
3.31658,7.8789234
0.0,2.4081907
0.0290253,2.146422
4.17273,6.5554934
0.0,2.1141217
37.7274,15.489123
0.18845,1.1011977
0.0,2.1655145
5.46058,19.95095
2.0575,13.317297
0.0101273,2.1141217
84.5029,35.421436
0.0,2.1141217
3.72968,5.4034505
3.09209,49.309216
0.217464,0.3372779
8.61474,22.044437
9.37947,9.429416
0.687225,-3.2943766
0.0,2.1141217
0.0129563,3.9587405
0.0744665,2.1141217
0.487407,8.289624
63.5438,24.261372
0.0,2.1141217
0.0,2.1141217
0.121436,2.1141217
73.5802,35.82716
0.958575,10.537756
14.8348,8.035438
0.0,2.1141217
10.2115,22.33419
15.4687,31.572178
0.230591,2.7420688
56.1358,3.541199
12.3079,13.806123
2.59898,1.9284613
10.0159,-1.9187844
24.7055,6.380171
0.0,-2.634526
0.0227434,2.9173725
0.0,0.87175536
0.0119285,12.005107
75.4016,5.6774426
0.496241,-4.2409534
19.4241,12.33274
6.34741,19.584831
0.0,2.1141217
2.08579,14.741757
9.59045,-4.801899
0.0,2.1141217
2.13719,7.57854
0.0,2.1141217
21.5036,34.895916
0.112294,2.1141217
12.0386,31.243374
0.0,2.1141217
12.9609,11.780883
0.0,2.1141217
0.0,2.1141217
1.27604,11.519759
2.8793,2.930811
52.2404,19.97969
0.0,2.1141217
0.0,2.1141217
12.2933,16.416798
19.3196,10.028743
0.0372913,2.1141217
0.234965,-0.601033
13.3249,3.2069316
4.25521,21.096123
0.0,2.1141217
8.61474,22.044437
0.0,2.1141217
54.7379,22.666693
0.0,4.5789137
0.968892,5.521412
0.0224711,1.4585865
0.226759,-3.488312
26.6125,35.232494
0.0907485,-0.20515609
0.317763,3.254132
0.0,11.081368
0.0,2.1141217
21.9464,33.08787
0.0,12.629026
0.0605592,10.82565
3.12215,15.315433
0.175047,19.410345
9.02859,9.039516
0.0,2.1141217
30.7407,20.473797
16.6061,6.2134
0.0,10.610669
0.0355344,-2.4333835
0.0365124,2.1141217
1.55598,13.513191
0.0,35.58236
0.0,2.1141217
0.00684528,1.2606924
114.343,33.76407
12.6111,18.351051
0.0,2.1141217
0.0,1.5094061
0.0339982,9.898188
0.0,2.1141217
30.6925,26.891708
34.3872,27.260025
1574.38,162.468
9.18444,14.238876
75.4016,5.6774426
0.0,-6.7644415
5.64921,1.857413
7.95817,2.1141217
4.64846,5.898443
0.205817,42.571568
0.030774,1.4754741
9.34477,2.1141217
14.4278,9.718663
0.00727648,2.1141217
1.65003,8.389665
0.802017,1.923887
0.948007,15.544454
0.0436978,2.1141217
0.184332,2.1141217
0.160974,17.247581
21.5036,16.392014
2.05356,2.1141217
1.69555,-1.1693041
0.0,2.1141217
0.0320579,1.9328766
12.4882,2.5637379
5.57925,33.26266
0.0191382,-0.072598815
0.0,2.1141217
10.7566,109.494774
0.0129563,3.9587405
85.6316,49.313316
6.14369,18.442125
0.0352722,1.6092777
0.571642,2.1141217
37.7117,12.166464
0.0,2.1141217
0.747373,2.1141217
18.8261,22.516964
0.535877,2.1141217
0.0,2.1141217
24.4788,13.8821335
2.09327,4.9799604
3.08833,43.326115
0.0566512,2.1141217
0.0,2.1141217
0.108805,2.1141217
0.914182,8.295052
0.0,2.1141217
20.0035,34.42176
0.0,30.775469
0.0,2.1141217
0.0,4.2666564
0.0,2.6174242
0.0,2.1141217
0.0,2.1141217
0.0,2.1141217
1.18369,4.584762
0.0,2.1141217
0.0,2.1141217
0.0,0.800612
1.4411,9.39051
18.2872,2.6174242
0.900053,20.228436
0.00669868,2.1141217
0.075198,2.9058235
31.6466,35.105732
0.0,0.16451192
21.5036,5.877512
1.4546,4.0384607
5.83212,22.708881
5.78663,3.5001225
0.0606207,1.5489454
4.18634,13.373485
9.40349,26.052723
0.0161967,2.1141217
21.9267,-0.04388976
0.0134073,1.2836955
0.0,2.1141217
0.868541,19.801426
6.86558,9.414014
2.59898,1.9284613
0.0491022,2.1141217
0.041684,3.0091183
0.0,18.607054
0.0737387,25.706093
0.0,2.1141217
4.06206,10.610669
0.0,2.1141217
17.243,0.82010317
24.0464,19.098036
0.021705,2.1141217
22.4149,4.865325
0.147257,2.1141217
13.2992,11.3947735
0.0,0.82010317
2.03327,2.635876
8.07693,3.159176
0.0,-3.7115495
20.6263,25.61792
8.72191,-0.9767976
0.0,2.1141217
0.0,2.1141217
35.2887,8.471255
0.0433779,2.1141217
53.1485,37.54453
0.133885,1.0712411
0.0,2.1141217
0.797986,-1.8792388
2.68841,10.234557
0.0,2.1141217
28.7411,20.342075
26.61,19.895926
3.49699,18.174421
0.0,2.1141217
0.0,2.1141217
1.53261,2.1141217
25.5367,20.18131
8.4425,13.405335
7.75683,1.5112829
0.0265841,2.1141217
0.0391318,2.1141217
11.6114,20.631374
7.00393,5.379559
0.0,1.664017
1.74652,8.458537
0.647028,61.18591
8.6469,18.854656
0.0240531,2.6142845
7.32787,17.069082
1.02096,-1.6204274
0.00684662,1.6603172
17.4135,16.683928
3.80485,11.790348
0.0,2.1141217
8.90259,11.169949
0.0149006,2.1383107
2.10043,14.393861
42.7111,32.134922
30.6925,26.891708
5.38459,13.240333
38.3628,4.341461
0.0,1.5012152
0.458218,1.3934808
0.0,14.4763365
0.0,2.5476768
7.0451,10.0243025
0.942564,14.681467
11.5065,4.791047
31.8915,13.217658
4.5581,1.7017577
0.0,2.1141217
13.3526,8.439269
0.0,1.6747968
0.423673,7.6297245
0.0,16.256031
0.0,2.1141217
0.0978433,2.1141217
0.451304,-3.4205778
0.0,2.1141217
2.30486,8.999922
0.0,0.5771313
4.68443,16.813807
0.0,14.68145
0.0,2.1141217
18.7877,31.089407
0.0,2.1141217
22.0206,15.729869
17.2499,12.885094
29.961,37.442562
36.8233,18.9626
14.2404,1.0983262
6.42341,1.7652862
3.12215,15.315433
0.0640644,-1.5534871
5.53292,3.9298768
19.4241,10.367993
0.0,2.1141217
0.0230888,2.1141217
95.5694,46.040302
54.8596,58.96626
0.0,0.8894048
0.0,2.1141217
0.0,2.1141217
0.0,-2.9733608
0.164682,2.1141217
0.222726,16.58432
15.2282,20.561453
31.1151,58.83327
65.9041,44.343952
74.0911,7.198861
0.0497915,2.1141217
0.301895,3.4063835
0.0228675,2.1141217
0.0,2.1141217
4.74985,1.9156694
10.6178,16.72379
8.77471,3.8022437
0.128932,2.1141217
1.7845,-4.868348
0.0170975,1.8319004
0.258845,22.245983
0.0,2.1141217
11.4053,22.99762
0.0971885,2.1141217
12.3578,16.102467
16.7526,19.581356
14.2404,1.0983262
0.0,1.2444239
0.225641,2.1141217
0.42647,5.3971796
1.61215,6.8086452
16.4448,21.654411
0.0,2.1141217
0.0,0.9532323
0.0059639,5.48277
0.0,10.640912
0.113443,26.454733
0.0,2.1141217
0.0,2.1141217
0.0,6.9942665
0.0,2.1141217
0.0219455,2.1141217
0.0,2.6174242
81.5728,56.015446
26.1381,25.153578
0.123299,2.1141217
36.2389,24.084543
113.662,53.00159
12.7177,38.01109
11.3911,19.992884
0.0,23.261015
4.8694,1.3453071
0.0,2.1141217
2.45441,5.674466
86.3551,75.20783
11.511,25.342793
0.0,1.0983262
3.19082,4.5029116
0.0,2.1141217
12.5176,7.5246763
12.4461,11.432433
0.44326,-2.9148386
5.74927,18.39528
115.716,22.51567
0.0459248,2.1141217
0.263808,5.194722
0.0185423,2.2802076
0.539552,2.1141217
0.0,2.5846238
14.8266,15.648969
0.0,2.1141217
0.0243204,2.1141217
0.0,1.527014
5.72966,23.149986
2.12696,2.1141217
23.9789,2.5877697
0.0776316,1.7238653
12.5119,9.799609
0.0,2.1141217
0.0,2.1141217
0.182946,0.69926
15.1532,11.121687
1.35988,0.25070238
5.39411,8.383818
19.0973,25.586132
7.71256,16.547066
9.31878,11.312515
166.055,99.35243
0.14193,-4.7435045
0.0,2.1141217
0.890394,2.1141217
42.9172,19.038208
22.0206,15.729869
7.94594,23.511986
0.0,2.1141217
100.839,22.361938
0.242017,1.3570955
6.33747,1.9241645
27.5817,26.521873
0.143909,2.1141217
0.0,6.880266
21.9108,36.581593
8.98008,5.105727
4.50449,9.305793
0.0605592,2.1141217
0.0,1.065536
6.09898,-1.5531638
0.0,2.1141217
0.0,2.1141217
0.0,2.1141217
0.24016,2.0737023
64.8804,41.218708
8.52643,26.878162
0.0,10.827845
11.9358,11.174649
39.9616,19.096832
51.3715,23.911629
0.029949,1.4826834
4.77137,12.287249
0.0,2.1141217
7.72727,12.537587
7.70408,9.526366
0.0,2.1141217
0.0,2.1141217
0.0,2.1141217
6.32027,6.5035286
26.9829,15.772093
5.64967,14.811035
24.8424,11.451528
0.0246403,2.1141217
5.87127,1.2801943
0.0,2.182158
47.7532,10.34162
0.0,-2.634526
24.8676,24.267485
0.0139969,-0.17615247
0.0,2.1141217
17.9953,3.8447692
15.4757,17.711893
12.39,11.206294
15.0893,25.345985
0.0,2.1141217
49.2648,20.870726
5.53292,3.9298768
45.9377,35.232307
22.1879,9.4837265
21.4696,40.645058
0.774944,1.9284613
0.0,39.021313
0.0,5.1575646
14.5572,19.044052
8.57879,2.2839618
0.0,2.1141217
0.0,1.4856396
4.51348,23.495083
0.0256454,2.1141217
0.499656,7.198861
1.96582,13.674409
0.0,-1.5855246
0.885176,2.1141217
10.5735,41.760586
43.6408,18.860306
0.02025,2.1141217
0.0465449,8.743146
0.0,-0.9409034
0.708758,2.1141217
0.0,2.1141217
11.7602,2.4378073
3.74162,1.2334211
11.1996,2.047046
28.8454,18.106844
0.0,1.0831897
213.647,125.805305
0.0505051,2.1141217
13.3117,22.231422
0.0,2.1141217
2.0112,22.51567
11.6114,20.631374
6.32027,6.5035286
6.18238,2.1141217
0.0513269,1.6374002
0.046363,1.6591423
0.0,2.1141217
0.0,7.4273777
0.0,9.898188
0.0442241,2.1141217
0.0,2.3550985
93.093,32.527233
5.20518,3.7321448
0.0,2.1141217
0.0244278,2.1141217
0.0281296,2.0516143
1.27604,28.614124
7.21382,26.215454
12.4505,47.855923
0.0,2.1141217
0.0,0.9093549
24.6299,34.21069
32.5265,2.1141217
8.29918,4.210681
11.308,5.8153324
3.93496,6.390974
29.0844,20.506618
6.32027,6.5035286
5.57964,16.015026
39.0521,29.076906
0.0831501,2.1141217
157.205,39.021313
10.094,5.6985664
25.5367,20.18131
10.8567,7.359103
0.0,-1.5855246
0.0,2.5085714
0.467425,11.558789
25.6865,1.9187403
0.0495577,2.1141217
0.0,2.1141217
0.101401,23.502466
0.031998,2.1141217
39.6986,0.5104048
5.46374,6.5134525
0.0496315,0.8194113
62.5706,10.2105465
12.0573,1.9288018
0.0,2.1141217
0.0,1.8871686
1.62318,7.9153833
28.6632,2.1141217
0.0,6.270138
4.7978,12.33643
0.0,3.1754203
0.0,0.2852447
0.0,2.1141217
0.0,2.1141217
20.3765,10.640912
22.0206,15.729869
2.24424,2.7728636
0.0177513,2.1141217
1.25708,11.872974
0.00590605,2.1141217
0.0,3.3820415
0.0315372,2.1141217
1.58639,2.5627205
19.4241,12.33274
0.0,2.1141217
0.0,2.1141217
0.709381,6.798031
21.811,5.6260357
0.0,2.1141217
0.0,0.8025327
7.00152,-8.205176
6.87519,3.2237656
0.0,2.1141217
0.465037,4.523595
0.413374,2.1141217
12.5696,-0.6827228
7.70401,3.0488293
0.0,2.1141217
0.0,2.1141217
392.591,10.435331
0.373128,4.2734776
0.130261,2.1141217
15.2572,15.2567215
0.0,2.1141217
0.282822,23.857296
17.5554,49.313316
0.0320994,41.80423
0.370948,22.203283
0.0466057,-6.9091253
5.34971,10.548388
0.0,1.4200249
67.7821,122.159065
1.02305,5.656184
0.266531,1.1992674
4.88125,25.182108
0.139393,-2.0085332
16.3166,16.953072
1.02096,35.10849
15.8345,5.3378043
0.0,2.1141217
0.00808029,3.5235908
2.15237,-2.0156546
1.93666,12.347754
2.95917,5.8945866
6.28842,6.6593018
0.210626,8.473562
5.78663,3.5001225
3.48165,18.553757
0.125719,1.1606264
0.0,2.1141217
0.0377064,0.29086542
9.25835,27.253155
9.02091,2.1141217
28.5985,17.444403
0.0,2.1141217
0.0869516,2.1141217
16.0374,25.293869
13.8689,35.93915
0.0,2.1141217
12.1678,14.873933
5.34906,-0.69649386
44.2972,20.06414
20.1227,12.183113
0.0,0.6761887
4.27748,-7.053089
0.572736,2.2915711
24.5835,14.672391
0.0,14.510084
0.0605592,2.1141217
1.68959,8.164414
0.0,40.164867
1.61215,6.8086452
1.08685,12.148625
8.18569,14.285699
0.0,2.1141217
2.85747,-6.298641
0.0,5.3020415
20.3765,0.29744983
0.0261254,2.1141217
0.116934,-4.5107555
0.0,2.1141217
0.0,2.1141217
0.0131697,2.1141217
0.0,2.1141217
0.0,2.1141217
0.282696,15.184447
0.0,-0.83892775
0.348552,2.1141217
0.00498756,1.5098586
5.1564,7.477748
4.74985,1.9156694
0.299025,4.0487194
16.3086,14.380448
0.0,2.1141217
6.62436,11.772029
35.7241,29.149555
0.0,2.1141217
0.0,2.1141217
1.001,307.0721
0.0,2.1141217
0.0175958,2.1141217
27.1532,65.90409
19.8674,11.453752
0.868541,19.801426
86.4956,50.407116
12.7252,12.024989
0.0,2.1141217
35.9072,12.4595
24.1317,16.660995
0.0,2.1141217
6.83028,13.513191
17.3132,6.3292227
22.0206,15.729869
0.0,2.1141217
0.0,2.1141217
21.9001,37.031384
0.0,2.1141217
0.178451,2.1141217
12.3578,16.102467
1.17931,5.538809
76.3843,23.624275
14.7694,2.1141217
0.0,2.1141217
0.0,2.1141217
53.2938,37.033314
0.639668,2.1141217
0.0,2.1141217
0.0757449,1.7238653
1.05032,36.451904
46.6668,22.282488
13.3234,18.9626
0.0362889,2.1141217
20.3765,0.29744983
2.32304,5.260036
0.0,2.1141217
4.10174,20.13878
0.0,2.1141217
33.8268,65.64432
1.38841,13.051064
0.0352722,1.4838111
0.0645255,30.531797
9.97045,23.454653
0.346404,0.078888655
803.796,591.1702
0.0,3.4355268
0.304523,9.365925
1.12193,11.981216
3.42946,12.508247
71.0243,83.96317
0.0,2.1141217
0.0,2.1141217
30.6925,26.891708
0.0,2.1141217
9.45517,24.905373
11.7977,25.5471
8.94272,15.491654
10.5992,1.3384106
3.5073,11.432178
9.97241,3.7023196
22.4628,2.1141217
0.0349655,11.207269
0.0,2.0575235
0.229366,2.1141217
0.0,2.1141217
5.53621,31.013538
14.3642,22.222195
0.051393,10.640912
7.40513,4.862458
0.0,1.8458757
0.0,2.1141217
0.0973958,2.1141217
0.0,0.73577857
0.0,2.1141217
228.807,232.03015
0.0,-2.918496
0.496241,-4.2409534
0.0,2.1141217
13.3042,15.073131
0.0,2.1141217
0.0,2.1141217
0.0215975,0.98555636
0.0530535,2.2641523
86.9453,71.757866
0.207724,0.409863
0.115845,2.1141217
22.0206,8.511662
17.243,0.82010317
10.0562,23.26668
13.4342,12.881057
35.9123,-2.124027
0.0,2.1141217
0.534861,9.909786
20.5422,9.963313
19.6408,35.724266
9.4149,22.957647
0.0,2.1141217
0.0482736,2.1141217
0.0,-0.7069156
0.0,2.1141217
0.0281296,2.0516143
0.0109566,2.1141217
0.0,15.72045
146.296,129.09953
0.0525717,2.1141217
0.0,2.1141217
201.568,53.023804
33.4795,17.39054
8.51378,3.0949957
0.0708623,1.5601075
0.0,2.1141217
19.7309,17.698967
0.414388,2.1141217
22.0206,15.729869
23.1255,8.196114
8.79761,23.319124
21.5036,34.895916
0.0129563,3.9587405
0.0,2.1141217
95.5694,46.040302
0.0,2.1141217
18.374,17.446598
0.0,0.800612
14.4278,9.718663
2.98434,-0.0018808842
24.4617,9.339417
0.21452,5.8427896
0.0,2.1141217
6.18583,6.9340506
0.0143126,2.1141217
0.743053,-3.8556898
2.0705,2.0946121
0.0,2.1141217
0.0,2.1141217
31.889,21.893522
0.0,1.3164706
28.1376,12.335235
0.0,9.392183
0.542133,2.1141217
21.5332,14.3567095
5.78529,2.1141217
14.203,22.576546
0.0,2.1141217
89.741,37.12076
42.4572,1.8095901
0.0,5.1759024
6.27915,10.671588
17.6696,10.100707
16.01,21.653328
7.15625,5.962779
106.537,69.761345
0.0,8.901161
0.15862,11.097995
0.723447,11.160838
10.067,3.8289478
25.5902,10.377083
2.88764,7.135563
10.039,28.333717
0.0503724,1.3923142
4.7289,25.759094
4.9864,11.61821
6.3236,2.1141217
36.8233,18.9626
23.9011,49.34357
0.0264339,2.1141217
2.54224,5.6706495
11.6648,11.769542
0.0,2.1141217
0.0,2.1141217
0.0,2.1141217
8.48195,11.716409
0.154268,2.1141217
0.875072,-1.8369915
5.52779,18.526205
19.0755,38.358242
3.56435,5.1459646
28.1376,12.335235
0.647028,61.18591
7.14585,4.917487
1.40205,16.811193
12.3578,16.102467
9.51941,34.310863
0.0,2.1141217
3.5795,17.305208
0.152073,2.1141217
0.0,2.1141217
0.0367091,11.055564
0.0,1.1606264
0.0443425,61.18591
24.7117,2.1141217
0.0932878,-0.06845856
15.5622,16.319347
14.5905,-8.466352
0.571642,4.0327816
0.250134,12.470141
81.5728,56.015446
7.1822,0.07409203
0.0,2.1141217
0.0184449,2.1141217
8.98008,5.105727
0.0,2.1141217
19.6733,6.596696
0.169164,12.8905115
4.98238,13.94024
1.2981,2.1141217
21.2436,16.824078
3.32649,10.077048
0.0068969,2.1141217
14.6375,2.1141217
8.87697,12.736652
7.93361,18.89825
25.3641,11.298175
22.0206,8.511662
0.0,2.8398492
37.8767,16.592194
0.611819,2.1141217
0.0,2.1141217
42.6595,23.962276
0.0,2.1141217
0.0,1.8214407
0.0,2.1141217
0.0117752,2.1141217
4.05046,11.931605
11.0852,32.073658
4.14783,-1.2335198
2.70478,14.681173
0.547939,2.1141217
0.0,1.053874
0.269489,8.049791
5.87878,13.587939
12.3842,4.737774
0.0,2.1141217
44.2925,66.13383
0.0130336,0.99495673
16.2593,2.6832478
18.5823,20.36246
0.234831,2.1141217
35.0216,34.536022
0.0455585,2.1141217
36.8233,18.9626
5.00993,15.405807
0.0,2.408522
122.832,45.040173
0.122167,2.1141217
15.9221,14.197778
1.52665,22.988718
19.9297,4.887971
3.98025,20.950365
6.32027,6.5035286
10.2968,3.6999643
16.29,8.246666
0.0,0.5771313
40.1683,22.044437
0.0,7.477748
7.42939,35.82716
4.75134,7.7846727
8.46153,16.847925
0.0173895,2.1141217
2.68224,10.8913555
0.0835016,2.1141217
0.0,2.1141217
0.0,2.1141217
0.0,2.6174242
2.48554,13.627924
0.0350783,-0.5837178
43.1164,15.994381
0.0,2.1731484
47.3053,53.59527
5.54151,-3.2943766
63.4439,44.63856
1.44813,5.676179
60.3985,62.8472
0.0,2.1141217
3.4621,30.181307
0.0,2.1141217
12.1818,7.055455
0.835289,8.035438
0.0285757,7.315551
0.0286426,2.1141217
0.0197874,2.1141217
0.0,2.1141217
0.00751075,-0.599803
22.6392,22.235886
0.0,2.1141217
0.0,-2.4482207
13.5777,23.606485
6.0285,15.57318
0.0,-1.1532614
15.7407,20.540318
0.0,-0.04388976
0.0680929,-0.15564609
0.0366771,1.362762
0.0,4.66201
43.29,8.579314
0.0,0.9093549
0.0225315,1.5501807
3.12215,15.315433
8.73149,7.4692707
214.545,70.04784
4.28871,12.2628565
22.0206,15.729869
11.3911,32.363533
0.0,-1.1603291
0.242017,1.3570955
2.13995,35.545757
0.0569866,2.1141217
0.00898059,1.2315202
0.0,2.1141217
0.0,9.392183
6.91961,5.2016306
0.0,2.1141217
69.4988,17.884806
0.288601,0.99495673
36.2545,23.130219
0.0,2.1141217
0.949353,2.7210498
0.99531,2.3797622
12.7252,12.024989
0.0,2.1141217
0.0,2.1141217
28.8634,11.291941
0.0,1.9134045
0.0598996,3.6932793
0.0995891,2.1141217
12.7354,6.3997517
7.99941,13.206388
0.0,10.477565
25.7553,3.5706546
66.0095,23.907263
10.3037,18.077934
0.0,2.1141217
2.23965,10.638884
0.0,0.8758261
23.5057,21.816422
0.535877,1.6731446
13.176,15.255332
2.25497,8.962837
0.0,2.1141217
0.0310379,2.1141217
0.0183687,-0.25658143
0.530209,-2.4328406
0.448151,25.706093
0.645114,2.1141217
0.0,-1.5855246
0.202952,3.1030316
0.647028,61.18591
19.5991,37.51185
0.0,4.455803
5.39411,16.962301
10.4682,39.7664
0.0535125,2.4798203
0.322485,2.1141217
13.6708,8.523897
4.98572,9.822929
0.53521,11.966553
8.20827,20.410673
6.71487,-4.015747
0.0,2.1141217
10.7625,17.010515
0.0178514,3.6641629
0.0,2.1141217
0.129307,2.1141217
12.0457,14.095833
4.28733,-2.0790956
15.5622,29.35956
0.097734,2.1141217
0.0734686,16.097927
0.0,6.542513
41.4786,46.66471
6.94991,14.6625595
11.3911,19.992884
22.8508,13.396178
9.51941,28.833735
0.132446,2.1141217
4.82437,0.22890973
1.03969,2.1141217
0.782975,0.25689816
2.37603,8.21095
68.9289,40.125473
93.6125,62.979836
7.61602,21.200218
2.30452,8.84205
0.0645255,30.531797
0.472333,11.404849
0.0,2.1141217
0.860148,38.21563
0.0,2.1141217
11.6146,0.23343706
5.85685,21.492155
0.0,2.1141217
0.944667,33.314644
13.2992,11.3947735
0.0898018,3.3410487
1.81734,20.957523
12.3317,-3.679713
49.3187,23.168228
0.0,2.1141217
2.91179,2.1141217
11.1532,6.870758
0.0,9.392183
0.647028,61.18591
0.0,3.1027374
0.472333,11.404849
21.6632,29.152077
32.6742,30.668325
0.0,2.1141217
0.0,2.1141217
1.2981,2.1141217
0.292612,16.35216
0.0,2.1141217
3.90281,0.98555636
0.0,2.1141217
8.49649,16.17809
11.0146,19.112703
66.0095,23.907263
12.3578,16.102467
20.2321,6.8904877
0.0,33.093777
5.09676,2.1141217
0.0,2.1141217
3.35801,6.420334
10.5992,1.3384106
1.28859,8.586535
2.42329,0.61371326
5.42813,-0.44477248
0.462914,1.6937354
0.530209,1.7873843
9.18444,14.238876
21.4574,32.382965
0.037876,21.859512
10.5708,3.323843
0.0,2.1141217
0.785863,11.924985
13.6045,18.810678
8.61474,22.044437
2.80295,4.279069
38.0233,26.982023
0.0591327,2.1141217
21.6391,21.501095
0.245622,-5.9540052
8.51378,3.0949957
0.0,1.053874
0.0318572,2.1141217
2662.05,1034.8784
9.4149,22.957647
4.92439,5.569358
0.0,2.1141217
0.0324436,2.1141217
8.54713,1.5715945
0.0,2.1141217
4.98572,9.822929
1.51667,-3.9561245
0.468849,40.10896
3.38631,25.592646
0.0583502,1.5816348
0.0629815,17.992632
0.523938,2.819084
19.1213,18.41957
0.0,7.8813066
0.0,2.1141217
0.111489,-3.280266
0.0,1.8871686
0.00802383,-0.8675549
9.40351,15.086513
0.0,1.0926456
4.97182,9.498295
4.74464,12.30243
16.651,6.9716806
7.56916,7.620309
6.32595,23.215714
0.135684,27.494837
0.983915,14.692645
0.0,2.1141217
21.0896,18.826567
0.0168339,2.1141217
8.146,21.968136
0.0,2.1141217
0.0,1.5999739
9.4149,22.957647
5.38804,-6.777852
27.5158,11.98941
8.36754,-0.66702247
63.3518,96.71566
0.00805205,1.1745551
23.2844,36.221043
5.16818,13.174434
0.0,2.8751018
14.4858,36.22906
0.0197939,1.753464
0.0,2.1141217
18.9655,-1.7686846
0.430817,1.4087701
0.0621185,2.409569
0.0,2.5846238
8.57879,20.631374
0.0372422,2.1141217
28.1376,12.335235
0.250134,12.470141
5.78663,3.5001225
3.69939,21.620632
75.4504,28.995113
0.0289597,2.1141217
0.0,2.1141217
33.6007,7.5409155
17.9272,21.92455
15.7976,22.86736
29.3431,18.897755
0.0,2.1141217
5.98211,37.763336
20.3765,10.640912
44.7525,46.593597
23.4567,9.915432
0.0610322,2.1141217
8.7999,23.357658
0.565411,4.1234045
0.0274204,2.1141217
17.542,30.793034
0.0,2.1141217
1539.74,331.7589
0.0,2.1141217
5.88866,10.405602
0.0587597,2.1141217
0.0,11.07588
0.0,2.1141217
8.42896,1.0708325
14.8348,8.035438
0.0,2.1141217
0.0,0.5771313
60.3985,62.8472
0.0,2.1141217
0.0,2.1141217
5.00993,5.809455
49.3187,15.216051
0.0455585,2.1141217
15.036,7.1287756
356.985,189.84404
0.0,2.1141217
0.0,2.1141217
0.0,2.1141217
0.02025,2.1141217
6.13331,17.311209
20.3765,10.640912
0.0228675,2.1141217
1.68959,8.164414
1.58275,15.153686
0.145731,1.861089
0.0663706,20.016771
0.282919,3.7441425
10.5311,2.718552
0.0,2.1141217
0.0161861,1.8044326
21.5036,34.895916
19.2521,24.374374
85.6316,49.313316
0.0,2.1141217
0.0396767,2.1141217
0.177502,2.1141217
9.22554,0.82010317
0.0215975,0.98555636
12.3578,16.102467
0.107524,11.131852
56.1216,12.400736
18.4372,25.513723
1.47888,0.82010317
0.394956,19.39312
122.832,61.836674
3.56694,5.6058874
13.2473,15.584801
0.0,1.2353847
0.0,1.7478554
0.0,0.9080229
0.0,2.1141217
2.61288,6.3151884
12.0457,14.095833
0.0,0.5771313
86.3551,85.7454
0.0,-1.8948224
51.9129,48.022022
0.0,2.1141217
11.1811,28.803894
0.0,2.1141217
21.4206,31.22477
16.4599,0.24263847
12.3578,16.102467
0.0,2.1141217
0.0,2.1141217
0.0155563,2.1141217
0.946129,2.1141217
0.0995542,2.1141217
0.0,2.1141217
21.5036,34.895916
0.430817,1.4087701
0.0118476,2.1141217
28.4392,46.123142
0.0708623,1.5601075
0.0,9.392183
5.57721,5.2003517
19.2125,11.167752
5.34439,5.9425554
0.536556,2.1141217
0.0,2.1141217
17.5639,48.172047
0.0,-1.0766363
13.2166,32.05729
0.0,-3.8556898
0.0,7.290594
0.816387,14.119567
0.0,2.1141217
1.67192,-2.7970178
0.0,2.1141217
21.3463,18.96202
0.0362889,2.1141217
0.685934,5.1369324
15.4143,15.540274
11.1051,28.614124
14.3642,22.222195
29.3098,9.530647
0.692599,10.59468
0.0,2.1141217
12.4414,15.515805
0.0571442,-1.1662993
39.5927,29.24619
0.485706,2.1141217
0.0,2.1141217
3.98003,0.45103908
10.5353,5.61464
8.146,21.968136
0.0252895,2.1141217
1.16659,23.261015
0.109414,7.6094227
1.97282,18.05206
0.501684,18.904358
6.49945,17.376543
0.223302,3.6475482
0.0,7.8813066
0.265706,2.7143884
0.0104634,2.1141217
0.0,2.1141217
6.3398,6.619046
9.65741,63.31807
0.0,-2.634526
0.0,2.1141217
0.119957,2.9824584
8.74772,9.561637
23.4552,30.154346
0.839133,0.82010317
39.0449,24.163815
0.0,2.1141217
0.0503724,-0.69649386
146.296,51.281746
0.450843,2.1141217
10.2067,31.045212
0.0472666,2.1141217
0.0398024,1.2805178
60.3985,62.8472
18.2335,49.841404
11.5803,10.531574
0.000327993,-10.933797
29.961,37.442562
0.298316,2.1141217
0.0972054,2.1141217
4.41878,10.241832
5.29795,3.868088
0.0,2.1141217
1.67192,-2.7970178
0.0,2.1141217
0.0971393,2.1141217
4.34034,22.894775
0.0,2.1141217
19.9112,21.542622
4.51461,15.028541
0.0161967,2.1141217
44.5126,15.593267
20.3765,10.640912
19.0973,25.586132
18.9337,2.7290099
1.21884,7.593975
0.0,7.300952
0.0610322,2.1141217
0.0172373,11.568307
0.0284757,2.1141217
8.09437,9.145437
78.2116,117.973885
82.9068,38.3473
0.0,2.1141217
9.33523,8.05382
0.0216512,2.1141217
0.122288,2.1141217
0.193397,2.1141217
0.0256138,1.5489454
17.956,14.975915
55.2517,13.265998
0.0,3.687988
2.46103,9.659641
1.71044,46.11191
0.0,2.7999222
26.9079,10.533862
0.0,2.1141217
9.51941,28.833735
5.62854,14.78301
47.6788,14.586855
1.05497,1.0844691
0.0,2.1141217
0.0132778,-0.89207363
2.19107,7.443712
7.54229,14.4763365
0.0816582,0.66490173
19.3196,10.028743
0.0,2.4761147
7.93916,22.228308
67.8708,2.1141217
4.27748,-7.053089
0.0334164,2.1141217
0.0,2.1141217
1180.95,933.19055
81.9856,6.898466
0.0,1.9707439
51.8681,37.746128
0.0,2.1141217
22.6392,22.235886
2.05356,2.1141217
0.0,2.1141217
0.958575,5.3971796
0.628969,2.1141217
0.0,9.526155
40.2252,50.468742
12.4326,18.50332
9.4149,22.957647
15.4015,21.622105
0.0,2.992619
21.6382,10.512212
0.0,2.1141217
59.3466,24.09755
2.62025,-0.62988544
0.1805,2.1141217
3.24267,18.889692
0.00833422,2.1141217
0.0,23.994356
0.0,2.1141217
0.108517,2.1141217
0.0196105,2.1141217
17.221,13.862348
6.10661,21.321823
0.0,2.1141217
0.0840411,2.1141217
0.571642,5.772444
5475.9,2.1141217
0.0933876,1.0973876
11.6114,20.631374
0.0,2.1141217
0.0175659,3.8392622
1.00717,2.8747485
0.0,2.1141217
0.0,2.1141217
10.2132,38.344707
19.8622,23.71527
13.6265,11.756147
0.392164,22.510468
10.5992,1.3384106
0.0973958,1.3236043
0.0,2.1141217
1.90898,2.1141217
11.6413,30.353706
0.0478645,-0.08306742
6.83995,21.477879
0.0,2.1141217
9.4149,22.957647
6.3398,6.619046
15.1906,30.559162
10.0536,4.4565587
20.8289,20.532257
0.0623884,2.1141217
8.94576,22.394033
0.0,2.1141217
4.06206,10.610669
5.54151,-3.2943766
5.57925,33.26266
0.0,2.1141217
22.0206,15.729869
8.46153,-2.338165
23.7592,26.837093
58.7983,27.63639
13.6206,25.816208
0.0,-6.163205
0.0,2.1141217
10.6233,5.309065
0.0184641,2.1141217
18.3977,26.938784
26.3449,27.25573
0.0,-0.25840807
8.76745,12.922563
43.6408,18.860306
0.0,2.1141217
0.0,1.6565335
0.0,2.1141217
6.07327,24.197632
17.243,0.82010317
39.0521,29.076906
8.16969,12.727949
0.949409,10.3221855
0.0,18.051956
0.0,2.1141217
0.800597,2.1141217
0.0,-2.634526
8.36754,-0.66702247
0.0,9.392183
16.8602,16.455135
9.54167,39.096127
0.0,5.6080494
0.0,20.410673
6.33075,6.1987667
0.022237,6.923908
0.407326,2.1141217
0.31996,9.898188
0.0,2.1141217
46.1337,32.426346
0.0244278,3.908333
6.96378,27.454105
0.0163334,2.1141217
7.18879,9.392183
0.0,-1.2776003
0.0832326,2.2289677
0.0362784,2.863255
9.8197,8.897542
0.0,2.1141217
12.3578,16.102467
22.6392,22.235886
1.14344,5.731306
1.06288,11.66393
4.13659,-3.5841405
8.74577,17.222078
0.68252,11.430261
47.3513,19.514023
111.033,29.486176
0.0471918,2.1141217
13.6965,24.25099
8.6239,14.865893
0.0,2.1141217
2.36522,9.898188
0.0,2.1141217
0.0,2.1141217
0.0697059,15.914542
21.5605,13.707448
6.58066,13.966818
0.287893,15.23865
5.64921,1.857413
0.0,2.1141217
0.0349215,30.793034
23.0341,2.0143147
0.0,2.1141217
0.0,2.1141217
5.05107,10.685491
0.0,2.1141217
0.611003,0.13262486
0.0,3.2658224
3.2521,20.853437
0.00457431,2.1141217
13.791,43.06912
17.9272,21.92455
0.0,2.1141217
0.0,2.1141217
6.51382,15.140662
12.1094,12.522966
4.64168,7.5462065
0.0,2.1141217
23.5057,21.816422
0.0,2.1141217
0.205377,5.4409432
433.236,256.0741
0.0,2.1141217
6.54425,2.4505343
0.0,2.1141217
0.069534,2.1141217
0.0,2.0787692
5.15777,12.134303
0.0,2.1141217
0.0,2.1141217
8.35015,17.946491
0.339197,0.10518193
0.0,2.1141217
111.033,29.486176
37.9475,27.112457
0.0,2.1141217
0.348336,3.7382283
4.74985,1.9156694
13.2912,15.346025
0.0,2.1141217
7.11122,33.62874
0.0,-1.5855246
0.534143,2.0061283
41.4786,46.66471
0.0,2.1141217
0.0,2.1141217
0.0,16.29937
201.009,105.593094
0.0,1.0983262
0.0,0.9433658
0.0201361,2.1141217
19.0592,13.701619
20.1486,3.8766434
0.0950008,2.1141217
0.0,15.09835
0.166735,7.1503887
49.3187,27.995983
0.423962,16.16358
13.3117,22.231422
0.0,2.1141217
0.0645255,30.531797
9.4149,22.957647
0.0,0.56621695
0.0,2.1141217
0.0,9.392183
27.4069,20.97514
0.00832832,2.1141217
0.0,2.1141217
15.4589,33.452217
6.94318,6.4542036
42.9746,6.2774935
0.0,2.1141217
0.0111464,8.8847885
4.27748,-7.053089
185.622,2.1141217
0.775053,2.1141217
0.0,1.527014
0.0,9.526155
2.66716,23.962276
10.3538,21.343754
0.0,1.527014
9.80838,11.379173
0.0538038,6.05783
1.46693,39.364788
1.02892,-2.146992
0.0780248,-1.0604298
28.4969,11.004595
2.25526,6.411743
22.4149,4.865325
11.7411,12.287051
0.0811554,2.1141217
1.21839,22.11009
0.0,2.1141217
5.59409,2.1141217
5.18852,4.1185865
0.0,2.1141217
1.36489,2.1141217
200.795,110.40382
12.6916,18.207026
1.00982,1.7575395
66.0095,23.907263
0.0,33.696865
16.8248,11.702735
0.0,2.1141217
3.62445,-7.589018
0.802453,0.94567466
0.0226457,1.624713
0.0,2.1141217
0.0,2.1141217
4.36892,12.021923
0.0,2.1141217
0.0,2.7764475
5.62209,22.09756
44.5136,17.673676
51.7063,37.36086
11.0315,20.386108
0.340281,13.368033
1.18789,0.19462371
0.0,2.1141217
38.3952,24.066763
0.0217999,2.1141217
14.6904,15.620978
0.620975,2.1141217
0.0,2.1141217
105.821,50.75503
2.73993,1.2791839
19.4241,12.33274
0.0,2.1141217
0.0,2.1141217
5.33008,19.233797
2.4747,2.1141217
0.5899,9.898188
0.494919,16.247486
0.0,2.1141217
0.0222134,2.0430434
0.196355,4.5804896
11.2349,12.50122
0.452453,2.1141217
0.0,30.775469
0.0,2.1141217
0.0,2.1141217
169.242,75.54958
22.0068,7.0842514
6.42487,15.084323
51.2472,69.18101
8.20827,20.410673
21.2436,16.824078
38.0233,26.982023
49.503,42.330536
24.7117,-7.1797295
0.0,2.1141217
12.7342,6.099457
0.96875,19.26241
34.3872,27.260025
0.0,2.1141217
23.3664,26.712852
0.0,1.2715867
0.0973958,1.3236043
10.919,12.090957
15.6064,18.300407
0.0,2.1141217
0.00413612,2.1141217
10.1014,25.586832
0.0,2.1141217
19.6733,2.6483169
3.2192,185.91435
0.0,-2.4814622
0.200307,2.1141217
30.2705,11.000648
23.0079,30.548077
0.182837,21.241066
28.9819,21.010216
0.0,2.1141217
1.69555,-1.1693041
0.10862,2.1141217
52.4294,61.422165
75.0053,55.00999
0.0,-0.13506818
2.90855,17.867952
17.4721,17.120275
8.18569,14.285699
4.75915,15.593955
0.0,2.1141217
26.5685,12.837764
0.433965,0.48485875
9.99168,-1.733794
0.242017,1.3570955
35.0354,13.030187
0.534861,9.909786
0.124839,2.1141217
16.0255,1.2112145
18.8538,6.118285
51.2723,39.076378
5.24318,4.4907503
0.511169,6.199526
0.0,2.1141217
0.434439,0.23243117
4.50339,13.671357
0.0,2.1141217
0.130635,1.5439796
0.0,2.1141217
0.336746,4.8854294
0.931928,2.1141217
21.9108,36.581593
34.3395,12.316306
0.0,1.3794901
17.0709,8.547848
0.0,3.7351882
6.10661,21.321823
2.6129,9.115444
0.0,1.8008568
11.7602,2.4378073
1.09382,7.0477552
0.0,2.1141217
0.0,2.1141217
0.90136,71.69915
3.99544,14.244638
0.0,12.7669935
18.6317,7.60135
0.0,2.1141217
0.0,2.1141217
37.4822,24.989555
0.0,10.915148
0.0,2.1141217
2.02652,12.43255
74.0911,7.198861
106.185,35.810432
3.84675,3.2658224
1.18448,13.987545
0.486084,17.357073
17.9203,-19.363539
22.0206,15.729869
0.0257964,2.9681976
8.7999,23.357658
0.0,2.1141217
7.54142,10.955795
0.125719,1.1606264
0.0,9.620176
0.0629288,2.1141217
0.0661457,2.1141217
0.301719,3.7321448
8.1665,25.222813
1.03622,9.23144
0.494796,11.167752
5.39369,16.403708
0.307996,16.31264
0.0,2.1141217
1.03622,2.1141217
19.4562,20.2921
26.1972,1.9756968
0.45884,2.1141217
13.3117,22.231422
0.0,2.4663544
0.0144449,1.3259263
0.0,2.1141217
1.45654,-2.3197198
0.530209,1.7873843
3.42381,26.674381
0.0,32.606434
0.0,7.477748
76.7176,63.607395
0.0855255,2.1141217
0.0,2.5846238
0.0,2.1141217
41.0142,43.384197
0.0629815,3.134174
7.29843,20.053232
7.81582,20.938263
0.041278,2.1141217
7.01913,7.3094053
0.0,2.1141217
0.00823366,2.1141217
0.0,2.1141217
22.6518,11.323427
33.5666,18.52011
0.220951,2.1141217
5.61369,23.136318
3.18997,18.672565
18.3641,-222.15822
2.47586,0.40223908
6.39055,50.000458
0.0079527,2.1141217
0.0,2.1141217
0.026868,2.1141217
0.0,2.1141217
0.0,3.2658224
0.146158,2.1141217
28.7819,39.223946
0.0,2.1141217
4.98572,9.822929
0.0399717,-0.44727516
24.8118,20.174786
0.0394029,2.001246
22.4566,42.37598
61.3169,51.293804
0.0,2.1141217
0.0,2.1141217
5.93282,18.128143
0.0,2.1141217
0.0,2.1141217
0.0,2.1141217
0.0,2.408522
0.0,2.1141217
0.181382,6.033325
0.0,2.3550985
3.8158,19.48229
1.32179,5.301935
397.601,27.733875
79.878,2.7726502
7.52572,2.9284194
8.57879,20.631374
6.33952,13.776421
0.0,2.3665888
0.0,2.1141217
0.0,2.1141217
0.782457,2.1141217
5.85685,21.492155
19.4241,12.33274
2.29823,9.280835
0.0320994,41.80423
0.0,2.1141217
1.79644,48.66799
6.895,14.162657
0.0,2.1141217
103.316,38.344707
0.0461993,2.1141217
26.5159,10.783709
6.50038,2.8707416
4.33811,2.0292418
0.110194,2.1141217
0.72045,11.347529
7.29843,20.053232
4.70951,22.999554
1.26098,1.0983262
0.0424016,-0.38958216
0.0154467,2.1141217
0.31996,9.898188
0.0420161,2.1141217
0.0,-0.58544993
24.2376,-1.2827265
0.051393,12.939656
0.062583,7.507579
21.0736,29.289827
2.89723,16.828724
5.32181,7.956991
36.0552,27.084333
162.427,73.68377
0.847076,7.6107874
10.5992,1.3384106
11.9164,4.9394712
0.111079,2.0371778
8.4425,13.405335
0.0,1.9281795
127.128,43.03889
21.3463,18.96202
86.9453,71.757866
9.57554,13.321244
13.5086,19.626083
5.59409,2.1141217
0.0,-2.634526
0.0,2.1141217
0.127069,8.137612
18.9931,22.021582
0.0,-0.7069156
0.0,0.58190227
13.5853,-4.396941
6.97555,34.706913
29.3555,27.065012
31.889,21.893522
0.0,2.1141217
0.402087,1.1069005
7.90477,14.849739
5.59568,23.907263
5.38437,5.216484
0.242017,1.3570955
0.0317417,3.11053
0.0615141,2.1141217
14.8102,19.010601
8.26423,20.437159
2.59898,9.723608
131.936,17.86196
0.109414,7.6094227
33.978,43.27274
0.0,2.1141217
0.151835,2.1141217
5.1839,6.9186726
321.405,87.111496
20.5605,6.936858
17.5639,28.38559
170.167,60.60109
8.33035,5.915943
34.3512,13.078134
32.8059,12.404754
0.0162433,2.1141217
12.8278,0.380116
10.5353,5.61464
4.03327,9.339875
0.0,0.9080229
7.40165,13.847423
67.402,-1.9087338
20.2289,46.54645
11.3911,19.992884
5.74901,17.481268
0.0,8.999922
6.0841,-2.041474
126.38,114.40177
0.0261254,2.1141217
0.133885,11.875995
0.0,2.1141217
0.0,2.1141217
21.4206,31.22477
0.0377064,0.29086542
0.0,2.265363
10.9573,-1.165479
5.20518,-5.982645
5.16322,44.837585
51.8625,26.225563
3.82681,8.77594
0.0,2.1141217
14.747,18.706148
0.0,2.1141217
4.03327,13.734662
0.105614,2.1141217
23.5049,18.863464
12.3736,17.84692
0.428143,4.2784767
0.195383,2.1141217
23.342,2.453398
0.350174,3.599937
0.0,10.435331
0.0,2.0007143
0.0,58.386227
0.0,2.1141217
21.7855,15.626728
0.0,1.5735292
0.52828,18.12753
9.45517,24.905373
0.0,2.1141217
9.38371,19.484978
0.926497,5.268491
5.59409,2.1141217
0.0,-3.5820577
0.0,2.1141217
11.7324,32.466442
5.61546,13.032371
57.7565,9.416961
0.493416,9.909786
45.8853,24.274422
12.2701,3.5392358
146.641,4.6686096
0.0995542,0.574332
0.178689,4.3698235
0.0,2.1141217
0.0,2.1141217
0.0,2.1141217
0.504179,2.1141217
0.0,2.1141217
18.2872,2.6174242
8.21069,-7.7101183
0.493416,9.909786
46.9265,43.31048
0.0,-83.2192
3.04248,13.805651
0.0262574,2.4942183
0.772914,2.6444275
15.6109,10.056861
19.8233,21.874157
0.0,2.1141217
32.6081,13.530164
228.807,232.03015
15.4687,31.572178
12.7342,23.619755
0.0,2.1141217
50.3561,42.430813
18.5499,25.449112
26.9829,15.772093
2.51154,3.7750463
7.79231,34.989685
0.366329,19.72113
0.0,1.0970416
0.486588,13.127429
0.0,-0.103603125
14.8348,8.035438
0.423245,2.1141217
0.148011,3.9421573
7.81582,20.938263
0.346404,0.078888655
40.1683,22.044437
0.02025,2.1141217
0.0161967,2.1141217
0.0,2.1141217
21.9546,16.736546
4.91454,-3.3946764
0.373135,15.881547
0.073954,2.4113896
0.0,2.1141217
0.0,1.1682589
1.1846,2.1141217
29.5061,40.39932
3.51197,12.045508
0.392164,20.447876
8.58346,13.432523
4.68189,0.2405765
3.08732,2.1141217
3.60266,62.522778
0.0,2.1141217
14.4625,2.1141217
29.9396,48.752308
1.46693,39.364788
0.714812,4.819766
1.13373,8.57442
0.0,2.1141217
0.0554498,2.1141217
0.0,2.1141217
0.614681,8.353074
0.0,2.1141217
5.6552,14.689702
0.205377,0.6406727
5.38437,5.216484
14.6904,15.620978
16.7626,41.415436
0.134373,1.4382951
24.8424,11.451528
0.0911935,1.8412018
11.3063,10.694226
74.3385,58.945747
0.300234,2.1141217
0.0,2.1141217
1.16746,2.1141217
0.0,1.2340183
0.00874122,0.596704
8.98133,-0.08951235
0.345062,12.43255
1.34353,5.73207
0.0,2.1141217
1.16659,23.261015
6.05584,5.994069
24.732,29.982344
0.0,10.0767145
0.0,7.1052723
8.57879,20.631374
1310.38,635.1254
19.6733,6.596696
0.0,2.1141217
0.0,2.1141217
0.0,2.1141217
6.81067,24.730972
0.0,2.1141217
11.1811,28.803894
65.7132,22.099901
0.908909,8.3933525
48.8198,35.121403
9.26742,19.725666
0.0,2.1141217
188.328,65.71863
10.411,11.430261
0.0,2.1141217
2.62025,-0.62988544
5.67805,16.528854
0.0,2.1141217
0.0951988,2.1141217
0.0,2.1141217
0.0,9.660478
0.178451,2.1141217
16.7526,19.581356
0.0,-2.300695
10.5992,1.3384106
0.0,2.1141217
4.71181,2.1141217
2.3316,3.8919713
0.034144,2.1141217
15.2282,20.561453
0.0,2.1141217
0.0,4.2521276
12.2679,8.929411
0.0362889,2.1141217
81.5728,77.25051
0.0266381,4.579506
0.0324436,2.1141217
4.70495,6.5383234
29.3585,9.157622
35.0486,30.46339
18.8009,47.05524
0.0597723,2.1141217
0.241125,2.1141217
0.0,2.1141217
0.0420718,2.1141217
1.12193,11.981216
0.0,2.1141217
3.1273,9.765088
7.34724,15.388992
24.1317,14.585715
14.0774,3.7917778
0.0,2.1141217
0.051393,12.939656
0.0,0.7688017
343.427,177.8842
0.239702,3.8645978
0.208046,3.161289
0.0,2.1141217
25.3641,11.298175
16.5723,30.371185
3.92181,22.742697
0.127069,8.137612
0.0485279,2.1141217
0.0,9.421543
8.56692,-0.5591302
0.265696,10.667785
0.0,-2.634526
51.2472,69.18101
0.0,2.1141217
23.9091,22.595102
0.530209,-2.4328406
29.6133,31.06556
2.01911,8.229494
34.7652,29.716736
0.890344,-1.6876764
0.170468,21.036192
0.0488522,2.1141217
6.68511,18.000711
0.0,2.1141217
0.0,65.38458
9.26742,19.725666
2.46744,47.537685
2.01911,8.171075
0.0,2.1141217
0.0185423,2.1742525
20.0879,7.696827
5.64967,14.811035
13.7404,10.666659
1.58275,15.153686
0.0162162,2.1141217
139.129,73.70147
4.27029,-1.933269
23.3703,27.018272
0.0392447,2.2704148
0.0,2.1141217
58.9342,24.211939
0.0,42.177856
13.8527,21.68448
2.29405,9.093595
0.0,1.0983262
2.64048,2.1141217
0.687393,2.1141217
3.42946,12.508247
0.0,12.318085
2.90635,13.125197
0.027453,-1.5067499
0.106071,-0.105356574
0.0,2.1141217
0.54429,9.77436
2.16714,-1.4194787
0.0,2.1141217
0.0,23.261015
1.19245,9.884849
0.139076,2.1141217
0.450843,2.1141217
0.0,2.1141217
0.183057,-0.9475024
0.0,2.1141217
0.0183687,-0.25658143
6.58495,8.206565
0.116093,2.10783
0.0,-0.103603125
5.63371,1.3195589
0.229093,0.11144781
0.021262,2.1141217
2.36926,11.211113
0.0,2.1141217
10.3338,17.717674
0.0,2.1141217
0.73912,2.1141217
9.98324,28.10453
8.57879,20.631374
31.889,21.893522
17.5005,2.1141217
0.388057,2.1141217
5.64921,1.857413
4.64032,2.1141217
0.0,2.1141217
0.287893,15.23865
0.0,1.4439611
0.0,2.1141217
9.43938,20.402336
17.7302,29.681246
18.492,18.503605
0.372758,7.4242964
18.9754,5.733549
3.25462,5.344107
0.0,2.1141217
0.0,2.1141217
22.2482,14.337651
0.123251,9.267695
36.891,10.851462
0.0,2.1141217
0.0541491,2.1141217
0.0230888,2.1141217
15.4757,17.711893
8.74772,24.145414
0.0,2.1141217
0.0409038,10.081772
0.645114,2.1141217
30.4823,20.410673
1.28297,-25.893597
3.68317,9.168653
0.524087,1.427366
45.5749,39.021313
14.2376,11.0395775
2.19578,5.6736784
0.144784,0.32187057
0.0744665,2.1141217
33.3482,31.843307
16.4599,0.24263847
33.862,4.6385927
0.465156,2.1141217
26.1965,15.0522585
10.0397,2.1141217
0.0,2.350012
4.545,9.898188
1.57112,7.080744
0.0,1.6638339
0.0,104.33621
4.545,9.898188
0.0,4.676626
16.0206,5.4084883
17.5729,24.254318
0.0,2.1141217
0.0,0.7688017
15.1982,10.746299
107.805,25.325779
7.39351,31.814777
1.69153,19.410345
89.6832,48.062916
0.0,12.939656
26.037,31.22477
4.23574,8.202877
13.3657,9.016898
0.0,2.1141217
25.6866,16.254164
0.0535501,0.9583409
11.7602,2.4378073
0.0,2.1141217
53.0483,35.026638
11.0852,32.073658
0.0,2.1141217
0.0,2.1141217
0.377013,26.905664
0.0,2.1141217
0.0,2.1141217
17.6764,6.8521786
0.0208603,-3.4549387
0.0,33.696865
0.0,2.1141217
7.80756,-37.09846
16.7901,-3.8429224
2.09633,14.548491
13.0583,29.052187
19.4241,12.33274
122.832,61.836674
0.308398,-0.0948689
38.0313,17.998224
0.0886052,4.5194664
0.443889,9.528311
38.7378,43.689198
61.7468,42.32584
7.33825,16.437067
0.204926,2.537656
28.0828,18.86977
12.0827,8.348557
6.66568,5.5867844
0.0,2.1141217
37.5404,22.421799
0.0,2.1141217
0.0703577,0.9568136
0.433299,3.4205756
22.4149,5.7925005
28.4392,46.123142
31.889,21.893522
0.0,2.1141217
0.0,2.1141217
1.28219,2.1141217
19.787,23.414236
0.0,1.7295687
0.0,2.1141217
22.6392,22.235886
0.0,2.1141217
6.32027,6.5035286
7.09226,22.554598
0.0,2.1141217
0.0,2.1141217
0.0,2.1141217
4.06813,15.620978
0.0178473,2.1141217
4.41267,-0.84740734
2.98937,2.0936024
0.286364,1.868001
6.4306,14.482241
0.0,-1.2776003
3.1273,9.765088
0.0,2.1141217
356.985,189.84404
0.0,2.1141217
0.00986553,2.1141217
1.13365,2.1141217
0.539524,-1.1794956
0.0,2.1141217
27.8084,25.338566
2.85747,-6.298641
1.84949,1.645561
0.0789655,0.13823962
0.428455,2.1141217
3.8263,6.929698
0.0,2.1141217
12.4488,28.469408
0.0,2.1141217
1.4546,4.1327934
0.758408,19.739477
9.55987,15.058988
0.0,0.5771313
12.4265,26.278795
0.0,2.1141217
0.0164483,2.1141217
18.1051,30.404806
12.6742,12.02814
24.5276,32.18609
0.0,2.1141217
0.0,2.1141217
0.108294,1.72176
126.18,63.212612
0.766402,29.9287
0.31313,12.35846
6.54572,8.944879
0.177502,2.1141217
53.2671,80.86481
7.88268,-4.132309
0.339008,16.097927
6.08398,28.95123
0.019213,9.23144
0.0,2.1141217
0.0,2.1141217
0.0,2.1141217
8.42446,14.304371
0.348908,3.7264857
0.105717,13.121076
29.961,37.442562
0.0,2.1141217
0.192688,31.579262
11.104,13.480784
4.10174,20.13878
0.0,2.1141217
0.0908411,-1.7594087
7.4921,14.656067
0.0,1.8846953
17.6518,17.769512
0.0,-2.634526
0.0,2.1141217
41.0443,19.004944
13.5788,8.9737835
7.56588,7.6202307
7.88354,7.6801577
5.09852,2.1141217
72.7336,2.1141217
0.0059639,5.48277
0.0400886,2.1141217
0.0,2.1141217
0.0111792,2.1141217
41.4786,46.66471
0.142361,2.1141217
0.647028,61.18591
2.72457,21.36538
0.0125925,2.1141217
0.0,41.218708
0.00607313,2.044627
4.74985,1.9156694
11.3911,19.992884
0.858342,26.150736
0.0,2.1141217
8.49633,10.827845
4.65032,3.7306788
0.0,21.414684
0.0,2.1141217
0.183023,-0.3993194
8.57879,20.631374
0.0,-2.634526
45.9377,35.232307
119.708,45.09306
10.154,-0.2936113
0.0,2.1141217
8.30396,1.958463
0.411539,14.119567
10.3992,20.430023
45.5749,39.021313
0.0,2.1141217
13.3042,15.073131
0.0,2.1141217
0.0,2.1141217
0.731623,2.1141217
54.3977,22.373875
0.0400613,3.9787126
10.9036,3.62615
5.14181,16.871122
0.0,2.1141217
0.193627,2.1141217
8.57524,18.830893
9.99949,6.6908197
0.0275588,2.0401828
0.0291793,2.1141217
0.0381498,1.5079527
0.0264059,3.693113
7.94747,17.397125
0.0,2.1141217
74.3385,65.904915
19.6539,8.724517
0.0,2.1141217
196.96,15.722737
52.7999,12.394505
5.82277,2.1141217
10.5207,43.988228
0.0744665,2.1141217
147.485,51.621326
0.0,-0.2044611
17.4754,30.790154
4.08312,12.391461
0.0,13.832611
29.0844,20.506618
71.5693,41.075676
0.0,2.885459
0.0683978,61.18591
0.0,4.818945
40.4993,47.420902
17.9272,21.92455
1.93666,12.347754
0.0,2.1141217
60.282,10.827845
0.0677474,2.1141217
7.37393,2.2937515
0.0,2.1141217
0.0,2.1141217
11.5815,1.4625089
5.1564,7.477748
0.0,3.0768182
3.07149,0.5542848
7.00393,5.379559
38.704,7.384486
0.0,2.1141217
5.72192,0.6234927
5.03323,8.131134
0.0841613,48.96494
2.48352,2.1141217
60.6128,3.8023694
3.80485,11.790348
0.0,2.1141217
12.5479,40.090607
13.4342,12.881057
0.242556,2.1141217
0.0,2.1141217
0.0,1.7756441
27.7688,19.819302
0.0108131,1.7460163
0.0323811,7.968055
185.622,2.1141217
13.7664,21.106932
17.7397,24.281233
3.56694,5.6058874
0.339197,0.10518193
11.481,5.5319405
0.523938,2.819084
7.38977,4.9915714
8.76341,5.309883
0.178451,2.1141217
0.0,2.1141217
0.0471991,2.1141217
0.0156339,2.1141217
15.5361,9.044068
4.23574,12.485673
0.362354,6.9511538
87.0906,17.694424
5.78529,2.1141217
0.0,2.1141217
13.4342,12.881057
0.224348,5.0522833
39.7765,13.532025
0.681433,15.70481
2.71225,8.662988
0.0,2.1141217
1.09109,2.1141217
95.5694,46.040302
6.74997,1.8777323
0.183654,18.00283
0.0,2.1141217
0.549255,2.1141217
0.0,2.1141217
0.0,2.1141217
0.0,2.1141217
0.0,2.1141217
80.465,21.944666
0.0,2.1141217
1.81658,4.2530727
28.4785,1.221262
0.0297383,1.6926057
8.30447,30.531797
0.0,-1.0427907
6.895,0.8903587
143.863,47.65949
11.3499,14.826503
2.50621,6.360013
18.4028,36.871437
10.1482,1.7597823
13.3117,22.231422
0.0493872,2.1141217
0.800597,2.1141217
0.0,6.4731464
0.0,-3.3946764
17.5578,20.743767
0.0463158,16.682451
0.0,0.19598043
8.37909,17.382223
4.88125,2.8129647
0.349537,0.3227235
0.0,1.2290471
0.0541491,2.1141217
0.217464,0.3372779
0.0,1.6154392
3.62445,-7.589018
0.0,2.1141217
47.0672,20.457842
0.0,25.497692
11.6114,20.631374
6.3446,4.093458
0.0576515,8.957945
0.0,2.1141217
11.3911,32.363533
0.0,9.869285
0.275945,8.06158
0.0,2.1141217
37.4822,32.07098
0.0220383,2.1141217
0.158987,2.1141217
4.22201,10.091945
0.0,2.1141217
0.161006,2.1141217
10.0053,-46.618153
49.2648,20.870726
76.748,17.232622
61.7468,42.32584
0.0,2.1141217
0.0951988,2.1141217
0.0207426,2.1141217
0.0,2.1141217
12.6111,18.351051
33.3478,13.641333
0.0439948,2.1141217
46.6668,22.282488
0.0,2.1141217
3.11277,2.1141217
20.0879,7.696827
0.130635,1.5439796
10.8713,2.0510108
0.0,2.1141217
13.2912,15.346025
228.807,232.03015
5.91556,2.8555732
0.886279,2.1141217
0.104496,2.1141217
10.7566,109.494774
0.0,2.5846238
0.0,4.2172585
4.49927,12.227067
14.8348,8.035438
0.0,2.1141217
12.5311,50.582424
17.0709,36.33992
4.52907,19.029829
2.73699,6.8754387
22.0206,15.729869
1.09135,0.48023188
0.0285757,4.8637643
17.9272,15.513185
0.03394,2.1141217
86.3551,75.20783
0.0329041,2.1141217
1.47732,10.432179
29.1625,8.818016
3.90843,42.31384
0.196991,6.05783
51.1107,4.578937
1.61219,-2.7970178
0.0,7.4251614
20.3765,10.640912
0.0,2.1141217
5.91183,7.7209377
24.1317,16.660995
0.0,2.1141217
22.3261,21.415379
0.0,2.1141217
0.0476741,6.721158
7.29843,20.053232
1.65003,8.389665
148.617,94.08693
0.235774,2.1141217
0.0,17.444912
0.0,2.1141217
6.4931,5.995144
3.12215,15.315433
0.0,2.1141217
0.008561,2.1141217
0.0323348,11.053229
0.0607464,2.5067255
9.09462,20.315807
12.3816,0.59064126
0.56614,26.103592
0.105136,8.289624
9.84674,28.694233
6.56271,2.1141217
0.530209,-2.4328406
8.47793,4.7987175
0.0,2.1141217
18.374,17.446598
0.0,2.1141217
21.8819,20.460121
112.303,49.80837
12.9352,25.258486
0.0,2.1141217
9.19978,25.453693
0.0,0.42796993
0.0,2.1141217
0.0,1.1606264
0.233632,31.351545
0.0,2.1141217
0.095025,0.7277944
0.051393,10.640912
0.0,1.467035
18.459,31.828218
25.0795,6.733696
19.1213,19.945032
80.836,40.865913
49.2648,20.870726
13.6708,8.523897
0.0203532,2.3712146
10.0289,6.9968987
18.3755,10.694226
7.18879,9.392183
0.0,2.1141217
0.0,2.1141217
0.0,2.1141217
30.2831,33.21736
11.1964,22.164715
24.4512,10.495885
0.900053,20.228436
397.601,27.733875
0.0780901,12.257333
0.0317711,2.3991416
0.553941,2.1559145
7.28997,12.212889
0.0569866,2.1141217
0.0,0.82010317
0.0839503,2.1141217
53.4941,16.656994
32.0812,5.347686
36.9073,57.47948
3.56163,19.60136
139.129,73.70147
0.0,2.7107801
88.4875,2.1141217
24.8885,11.713963
0.0181193,2.1141217
0.0,2.1141217
0.530209,-2.4328406
0.0,2.1141217
34.8431,38.153534
8.51378,3.0949957
0.0,1.0926456
0.0508101,2.1086056
0.0,2.1141217
0.0,9.947353
0.0,2.1141217
13.2476,3.7037284
0.0776316,1.7238653
0.0,2.1141217
74.6795,39.369404
0.612829,1.8832254
9.4149,22.957647
21.3327,1.6590178
4.36972,14.327532
0.0,1.6790285
0.0,2.1141217
321.405,87.111496
1.12501,5.6736784
0.096906,2.1141217
0.0,2.1141217
0.0227304,0.29086542
3.12215,15.315433
0.0,2.1141217
0.027453,-1.5067499
0.0,9.392183
45.9377,35.232307
0.0149761,1.8798091
17.7654,11.211113
0.00808029,3.5235908
9.20186,10.62346
0.111079,2.0371778
0.0,23.261015
7.13458,16.655676
3.84675,3.2658224
0.0,2.1141217
0.110217,2.1141217
10.5992,1.3384106
0.0573953,5.2345524
26.1965,23.195505
0.0,1.0762045
0.0,1.2342758
10.7792,40.936024
0.0362889,2.1141217
19.9248,19.204723
33.4795,17.39054
73.6762,70.18848
0.0,2.1141217
0.00806127,2.1141217
12.3842,1.6731446
0.0104508,1.3934808
10.7566,109.494774
13.8992,22.671446
228.807,232.03015
0.0130588,-3.219406
0.0594986,2.1141217
0.106015,-4.7733746
23.5049,18.863464
0.0115032,-2.9733608
147.739,46.488346
0.0,2.1141217
0.0664097,2.1141217
0.02025,2.1141217
0.0,2.1141217
95.6333,148.75148
0.0,2.1141217
5.30943,11.46157
21.0736,29.289827
9.95179,14.724149
0.0265131,2.9902623
1231.18,306.149
0.0,0.29086542
57.891,9.33584
0.0,7.8813066
0.0683726,3.8644674
0.033392,3.2515829
2.22256,8.736885
0.0,2.1141217
127.128,43.03889
0.0665804,2.1141217
8.7493,3.3757286
0.0,2.1141217
14.1028,6.1271086
0.0,2.1141217
15.1428,19.453762
0.0,2.4248152
5.1564,7.477748
37.2758,9.592179
8.51827,27.747227
5.86486,10.717915
24.9532,21.739193
147.739,46.488346
0.0,2.1141217
0.0,24.99114
0.536924,2.9586818
0.217474,6.8875427
54.2145,25.66466
0.0,1.7488718
3.49699,-2.3862267
8.15758,10.270487
21.7949,7.363964
0.259435,2.1141217
4.16426,12.865894
0.0528227,12.227067
0.0,14.920226
18.7897,14.0975065
2.12323,19.479706
2.7153,18.850994
0.0,2.1141217
0.200307,2.1141217
0.0647448,2.1141217
0.0,2.1141217
0.685934,5.1369324
0.0,2.1141217
32.9177,14.948352
19.6008,4.4281616
1.55944,15.140662
0.0610322,2.1141217
0.0,2.1141217
22.5174,29.616034
0.00757005,1.1065059
0.0,2.1141217
1.91627,4.0209885
9.38294,22.807907
32.6081,13.530164
0.0,2.1141217
12.6518,37.810734
19.417,6.726783
0.0,2.1141217
0.0,0.7688017
24.6137,14.436345
5.33753,3.6525607
0.636412,17.608929
16.7526,19.581356
4.76093,12.358083
0.0,23.040335
0.0,0.5771313
0.372758,7.4242964
8.03788,20.416468
0.116339,16.781927
0.186278,0.078888655
4.54834,16.16358
0.0,2.1141217
1.56805,-0.20204759
16.4925,17.136702
11.3824,8.704698
0.386214,16.06007
0.0281296,2.0516143
317.826,155.04575
0.0,6.716012
12.3755,25.135262
5.03214,-2.6264932
4.03571,24.966866
0.521266,3.9605038
14.8348,7.557605
0.152421,2.1141217
71.8092,36.791588
0.0,2.1141217
0.726586,-9.232228
29.7447,15.7205
5.00362,9.670459
2.77897,1.5401595
0.00964872,0.23373914
0.0,2.1141217
0.0,2.1141217
1.87287,17.966564
0.0,1.6260092
7.71256,16.547066
0.0,2.1141217
254.401,278.16992
10.7625,17.010515
0.492848,19.346153
0.301719,-5.982645
0.964534,7.2449627
0.051393,0.29744983
0.0316619,11.4883795
0.0,2.1141217
0.186278,0.078888655
0.0,1.527014
0.0,1.3802133
0.13315,4.8581104
5.34906,-0.7069156
0.322745,14.6625595
9.11279,34.944603
48.918,-10.221004
0.0,2.1141217
0.0,2.1141217
10.6178,16.72379
0.0095824,2.1141217
0.0,2.1141217
64.9175,6.242013
0.0,2.1141217
11.5564,1.8090711
0.0335017,3.3389904
0.301423,12.880393
10.2463,48.377068
0.209044,6.2292595
0.0,2.1141217
1.12817,10.548118
22.4628,2.1141217
0.0,5.967271
8.26378,2.5413797
3.80485,11.790348
0.0,11.516248
0.931906,25.325562
1.47245,5.6718063
0.0,2.1141217
20.2034,11.079893
9.38294,22.807907
6.4931,5.995144
14.0942,15.811655
0.0623884,2.1141217
6.08989,14.070733
0.219512,1.3290293
321.405,87.111496
12.011,2.6910422
0.134373,0.12338662
0.0,2.1141217
0.97247,5.533186
6.39448,40.57142
20.3765,10.640912
0.0,2.1141217
0.134655,2.1141217
0.0412964,-0.7485218
7.54107,15.307317
0.0,19.739477
19.6733,6.596696
7.66119,1.7908373
169.019,31.311436
4.68474,-0.9130306
0.0,4.2114177
0.0500003,34.908573
0.371522,2.1141217
8.17039,34.14105
4.76093,-12.632239
0.0,2.1141217
9.97059,10.703694
75.9546,30.166367
4.84321,24.400837
2.95585,3.1626866
0.0,2.1141217
4.03114,6.4498043
5.06259,2.819084
6.32457,7.239749
0.0,2.1141217
19.4241,12.33274
0.0,8.969569
0.0,42.62015
2.87896,14.225223
1.99982,36.07431
0.375037,17.126757
6.55775,4.587603
0.0,7.477748
0.0,2.1141217
6.11547,43.419125
1.95883,6.444151
65.6935,18.674618
0.0,2.1141217
0.0,-2.634526
0.0,2.1141217
151.65,55.737843
13.4342,12.881057
0.0,42.71915
0.465156,2.1141217
4.89209,2.1141217
6.17503,12.30139
21.8819,20.460121
5.6552,14.689702
0.123251,35.40739
0.0,2.1141217
0.179337,20.630749
0.0151398,2.1141217
0.0661457,2.1141217
0.265995,8.629764
73.4655,-2.905234
2.13337,7.536886
18.8462,9.618952
0.220335,28.704147
0.0,2.1141217
32.5872,21.096123
0.0,2.1141217
0.0635397,-0.90776896
0.0,4.5804896
6.32027,6.5035286
4.25339,12.817225
0.0,25.907602
1005.49,160.98935
0.0,2.1141217
1.90898,2.1141217
6.66568,5.5867844
0.0100148,2.1141217
4.17273,6.5554934
0.0377064,0.29086542
0.0,2.1141217
0.0120289,4.707614
0.518322,1.4639022
0.487407,8.289624
0.196911,14.637011
4.85685,2.1141217
32.9212,20.663242
6.45017,0.07773447
11.0804,2.1141217
0.0,2.1141217
0.0,2.1141217
6.86443,7.528549
3.8769,1.9555137
0.0,2.1141217
0.224191,0.75873995
29.961,7.575594
0.839133,0.82010317
0.0,2.1141217
0.127043,2.1141217
0.234005,1.8119814
19.7392,10.243382
17.6053,16.301317
22.8231,26.358185
0.0,2.1141217
11.5688,957.0675
86.3551,85.7454
0.0438582,1.1955845
0.0,2.1141217
0.0806681,6.240261
18.1842,22.51697
0.149905,33.836975
0.868541,19.801426
0.0,2.1141217
0.0,2.1141217
0.0,3.2225401
0.0,2.1141217
0.0,2.1141217
0.0,2.1141217
3.51916,3.8081915
0.0,2.1141217
11.9358,11.174649
0.0,9.670459
0.0,-1.5855246
39.8526,32.46934
12.1408,2.1141217
2.74808,2.1141217
0.0365124,2.1141217
0.12809,2.1141217
3.67181,4.305233
2.20574,12.7761135
0.148812,1.4200249
0.0165132,2.1141217
0.0,33.348335
18.1051,30.404806
23.6318,2.1141217
11.9358,11.174649
0.250134,12.470141
15.0328,12.301016
0.0298017,2.1141217
6.38248,34.42176
10.0312,11.583545
0.0,2.1141217
0.0,2.1141217
0.0,2.1141217
9.86318,17.832855
8.05031,19.052454
0.0,2.1141217
6.30168,18.854422
92.2528,45.191273
15.7976,20.165342
7.96072,-1.9187844
0.0438582,1.9606063
0.0310379,2.1141217
0.0,2.1141217
4.28139,3.757434
230.705,218.89227
0.0,2.1141217
0.921524,12.2557
0.431208,26.125593
0.695969,14.921854
0.0,3.5528576
23.9209,12.206191
0.0,2.1141217
11.1947,21.916708
1.96006,19.400896
0.0752463,2.1141217
162.718,22.320343
127.197,41.402294
9.45517,24.905373
7.45069,12.8665
0.0,2.1141217
7.72727,12.537587
42.3893,75.329956
0.0,2.1141217
0.0,2.1141217
0.0,2.1141217
0.0,2.1141217
97.6646,8.9575815
0.033392,3.2515829
12.8693,8.140476
6.61661,8.953059
6.43881,13.036559
0.0,2.938205
228.807,232.03015
38.1418,23.595938
4.83942,2.0624616
21.5036,5.877512
15.8812,13.26199
44.7028,32.873085
6.83028,1.2526953
0.210362,2.1141217
0.0587597,2.1141217
38.704,7.384486
50.5877,22.124458
28.1376,12.335235
0.0261254,2.1141217
36.5915,40.5563
0.0,6.4109564
7.90464,-2.5838115
0.0477546,2.1141217
46.9646,28.332542
8.54891,4.6358433
5.83212,22.708881
0.0682223,4.153719
85.6316,49.313316
0.0,2.1141217
4.545,9.898188
80.9577,31.442272
2.49685,27.733875
0.0,2.1141217
1.03622,2.1141217
1.61219,-2.7970178
0.0,2.1141217
0.128932,2.1141217
25.6865,3.1584702
9.21721,4.7539625
19.5991,37.51185
5.43982,4.711397
0.105717,13.121076
0.0848639,2.1141217
0.0,2.1141217
16.1532,12.053571
131.913,148.75148
15.1388,11.167932
0.0,2.1141217
0.0264091,2.1141217
33.2801,63.789127
0.0,14.4763365
0.0851847,-3.1182349
27.7688,19.819302
0.0,1.5802901
0.0,0.29086542
13.7581,0.9583409
5.33369,9.951848
0.0,1.8633096
16.4925,17.136702
17.243,0.82010317
0.0,1.8942859
46.9265,43.31048
159.491,58.271828
0.125719,0.32840252
0.0,2.6174242
10.3538,-0.9829204
3.52253,27.36461
74.0368,31.292263
25.6244,14.127624
6.32027,6.5035286
26.7952,11.77924
2.2593,47.180145
0.259034,23.220432
24.5863,0.69926
0.258255,10.244259
8.4425,13.405335
11.9212,36.451904
2.05975,12.320858
2.74106,24.301857
8.07033,6.585347
226.146,167.26253
3.02612,2.1141217
16.2904,12.18266
0.0,2.1141217
29.7392,1.8696063
0.0375261,1.3101735
1.12501,5.6736784
5.36827,-8.72046
17.2556,18.042282
21.3463,18.96202
0.628969,2.1141217
0.0,1.243686
0.0,0.5771313
101.612,45.501335
15.2078,27.317898
10.7073,26.337606
25.6865,3.1584702
0.0,2.4518008
0.0,2.1141217
3.34944,15.259856
0.256118,2.1141217
0.0,2.1141217
16.3134,16.930334
0.0,2.1141217
0.0,2.1141217
0.0,2.1141217
8.98008,5.105727
0.0,8.17738
11.7977,25.5471
40.5102,42.941402
33.4851,28.597366
12.8615,19.316143
0.0,2.1141217
0.423962,16.16358
18.5812,20.228436
0.0198511,2.1141217
10.8169,9.909786
1.45662,10.309438
0.0,2.1141217
0.0100148,2.1141217
7.93361,18.89825
4.53618,6.489149
60.0743,18.352467
0.037876,21.859512
5.62025,6.96729
41.0475,23.478207
164.459,92.96802
37.4649,18.395994
14.3858,23.82518
47.1426,36.454002
0.0,2.1141217
0.0,12.429694
0.0,2.1141217
0.0,2.1141217
9.65741,12.9617
0.0,2.1141217
24.7053,18.051956
0.083875,0.4617207
0.224348,18.035736
0.0,2.1141217
0.0,3.1303656
0.0,1.4808524
0.0733279,1.6033592
28.6632,2.1141217
0.0,2.1141217
0.0,0.8000059
13.1318,-2.8347104
0.0176207,2.1141217
8.62209,22.169146
9.57138,27.502678
0.0,2.1141217
68.9565,41.60047
13.7664,21.106932
5.65579,9.02606
39.0449,24.163815
3.95256,2.1141217
0.0415295,2.1141217
0.0170975,9.460632
12.9993,15.3572855
0.0213137,-1.9820154
0.0,2.1141217
293.299,93.2756
0.0,2.1141217
0.151593,2.1141217
0.0498608,3.0391066
0.0634421,5.0177507
103.289,19.330006
0.496241,-7.790761
0.012238,-0.35804868
0.0,2.1141217
0.141534,2.1141217
0.0,2.1141217
526.834,14.188363
0.102512,2.1141217
47.1238,32.42071
6.18583,6.9340506
0.0,2.1141217
0.0,2.1141217
5.70653,-1.9466205
0.0,2.1141217
0.0528929,1.6666918
0.0600961,-0.05452323
0.0867325,3.0666413
3.92962,-4.2409534
0.0,2.1141217
0.0324436,2.1141217
14.5101,20.485989
0.581551,20.715538
11.2349,12.50122
0.0,2.1141217
17.0383,13.449593
22.0206,15.729869
41.7196,-0.17108893
0.0,0.3597064
13.3899,-3.0098474
12.5119,9.799609
0.0,1.1682589
1.26676,2.1141217
0.536926,2.2468162
7.03849,22.179356
8.49649,16.17809
4.15016,6.6593018
31.889,21.893522
0.0,2.1141217
0.00596473,2.1141217
0.0,2.1141217
0.0,2.1141217
0.0,9.0826
20.9074,9.557388
85.5253,38.02344
8.68537,-2.745341
0.0,2.1141217
0.192111,-1.1219466
9.91484,4.7071433
25.8726,29.880478
0.182954,2.1141217
5.62209,22.09756
0.0,2.1141217
29.961,37.442562
47.8693,8.289624
28.8048,22.634153
25.2712,4.830035
5.64967,14.811035
19.3196,10.028743
5.39411,2.824628
10.5139,28.625751
0.0443425,61.18591
0.0,2.1141217
0.0,4.9394712
0.0,26.210175
7.15902,0.42745328
0.0,2.1141217
26.1965,15.0522585
23.4552,30.154346
10.1402,2.1141217
0.0137231,2.1141217
17.8586,4.8441076
2.42329,0.61371326
7.52572,2.9284194
0.758651,13.417806
0.0,2.1141217
0.0,2.1141217
27.9249,7.265312
0.0,2.1141217
0.0,2.1141217
2.0112,22.51567
13.2992,11.3947735
0.0,3.9565563
32.3012,-1.8562982
10.919,40.886463
0.147257,2.1141217
41.5746,20.544447
0.364178,1.4182189
0.0,2.1141217
0.0,2.2520576
157.205,39.021313
0.0,2.1141217
31.1072,32.614716
53.3411,23.261015
0.0303929,0.48987412
18.8261,29.455374
11.7058,6.478319
0.0,2.1141217
0.0,2.1534836
0.0,1.2526953
0.5899,9.898188
0.0,2.1141217
5.87127,1.2801943
9.22554,0.82010317
78.8657,74.31631
0.805263,8.17738
0.0,2.1141217
0.0131354,2.1141217
0.0,18.860306
0.0438842,0.9366596
0.749945,23.143993
10.3641,16.43527
0.0,2.1291945
19.7062,25.274609
0.348336,2.1141217
0.0,2.1141217
0.0,1.6659222
0.0,1.5989428
61.7468,42.32584
0.0,2.1141217
0.0,2.1141217
0.0,2.1141217
1.96841,-2.1675327
9.69132,21.359962
13.6965,24.25099
0.0,2.1141217
6.86443,9.686059
39.8531,21.537369
16.9918,7.9847527
28.3832,3.8698268
0.0968266,5.203061
4.40395,11.223458
1.24448,17.721863
32.5265,2.1141217
397.601,27.733875
0.0,2.1141217
0.137528,2.1141217
3.93496,6.390974
0.398911,45.665714
0.0,3.2515829
0.0,2.1141217
5.60168,5.694083
6.34684,3.9668272
0.0,2.1141217
8.78468,39.337933
0.0,1.5016155
0.0,2.1141217
0.0317711,2.189496
9.57138,15.416329
11.8978,6.432233
0.0574517,2.1141217
100.839,22.361938
30.2375,22.999813
0.0346563,0.8803947
14.747,18.706148
0.0,2.1141217
0.00730332,2.6238065
0.209243,9.424894
0.0,2.1141217
17.5554,49.313316
30.6925,26.891708
0.0,2.787024
0.0,2.1141217
47.1238,32.42071
9.85834,27.56427
166.297,2.1141217
60.3985,62.8472
0.0,2.1141217
8.8373,7.4242964
3.18997,18.672565
0.0,2.1141217
0.0,1.6960747
0.0,2.1141217
0.0,2.1141217
8.06367,21.096577
70.6236,60.977932
0.0,2.1141217
0.0,9.898188
0.0,2.1141217
9.58086,5.2493286
0.0394029,2.3012564
0.0,3.5639863
0.0,0.29086542
0.0,0.29086542
0.0,2.1141217
0.292454,17.035135
12.4058,4.0487194
12.64,38.258034
0.0179047,4.7071433
9.41787,23.069576
7.63668,30.335726
0.127069,8.137612
12.5184,2.1722057
0.0698271,2.1141217
7.71072,38.302242
0.0,2.1141217
183.183,126.68731
0.0,2.1141217
31.889,21.893522
16.1532,12.053571
0.0,2.1141217
0.0228892,1.1362555
0.0,2.1141217
8.46153,16.847925
0.0169662,2.1141217
18.3866,8.112805
0.0,32.606434
0.0603654,3.621923
0.0572197,6.419259
9.97059,10.703694
0.229345,-0.35803795
1.27604,7.7098465
17.3229,16.30538
0.127069,2.933278
0.0,2.1141217
35.0216,34.536022
0.0,2.1141217
115.366,48.223225
44.8243,23.66634
131.913,148.75148
10.3566,13.681395
0.797986,-1.8792388
0.0193434,2.1141217
0.0,4.7264757
0.0338607,2.1141217
97.4002,58.89825
0.0122253,2.1141217
0.0,2.3374143
18.9655,-1.7686846
0.02025,2.1141217
0.0230888,2.1141217
8.7999,23.357658
31.889,21.893522
19.3636,28.353058
11.2349,29.607979
41.5218,18.014599
0.0,2.1141217
1.59969,1.433584
14.1798,17.584549
1.13863,-2.8248255
22.6392,22.235886
0.0,2.1141217
0.0194222,2.1141217
0.0530535,2.2641523
0.0547589,6.519883
8.203,26.963102
0.0,0.115864396
0.0703373,2.1141217
2.1687,31.328304
69.4052,34.295563
9.4149,22.957647
0.0,2.1141217
0.0352722,-0.020623684
24.1137,25.214188
4.59297,7.868469
18.2335,49.841404
0.303308,15.090042
10.2809,19.87213
77.0235,50.666264
2.15413,22.034885
7.18911,3.2010467
0.0,2.1141217
0.0285757,7.315551
14.9817,4.210681
4.94061,4.509369
12.5438,18.556225
0.530209,-2.4328406
1.26475,16.534485
75.4415,14.411286
0.0,2.6174242
40.0218,10.530922
0.0,2.1141217
0.0161076,2.1141217
7.1822,0.07409203
13.8575,34.525494
35.7559,13.917843
0.0315748,0.34310937
0.0304709,-0.356925
0.0,1.5016155
0.171019,6.09383
9.31878,11.312515
0.0,2.1141217
0.0,2.1141217
0.0,1.1606264
0.0126654,-4.5601654
0.0,-2.634526
32.3678,16.824146
0.0,2.1141217
0.536926,2.2468162
0.0,2.1141217
77.4792,47.29542
13.509,8.925465
4.70495,6.5383234
2.1687,17.42651
72.5005,8.72261
0.183654,18.00283
0.0,2.1141217
0.0,1.9134045
24.6134,20.79081
8.64151,8.103632
2.12334,10.128112
5.0881,3.9383605
53.5033,23.537954
0.128219,-30.696602
0.0672646,1.5148344
0.0,2.1141217
0.0,18.542484
21.1112,12.568706
4.58484,-1.335083
7.96072,-1.9187844
7.76978,8.171075
86.3551,75.20783
0.00997185,1.4056842
19.3196,10.028743
0.0,4.9480295
0.0,2.1141217
0.0207901,1.6059716
0.0,2.1141217
0.0,1.0983262
23.029,12.971644
7.58842,4.7987175
0.0153647,2.6067593
0.0,2.1141217
0.0,1.9707439
0.0290041,4.2853746
0.945871,4.0958023
2.66615,16.507822
15.8345,5.3378043
0.0,2.4138737
20.4143,32.614113
321.405,87.111496
0.0,2.1141217
0.250967,2.1141217
0.0,2.7001925
6.58449,2.1141217
0.0156339,2.1141217
13.3136,28.705048
0.16748,6.8086452
61.8439,23.132519
0.0,0.49370623
4.4869,4.900806
0.0,2.1141217
0.0413947,0.73577857
1.09322,17.043142
11.7336,3.589284
0.0,2.1141217
24.4512,20.57483
21.3993,3.4006026
148.617,38.72383
14.5686,47.857914
1.38387,38.532993
3.46179,2.1141217
1.11255,9.846566
0.0,2.1141217
0.0,2.1141217
16.6674,2.1141217
6.32027,6.5035286
26.9514,17.718975
0.178451,2.1141217
0.118128,2.1141217
0.0,2.1141217
4.9864,3.8332078
8.60132,2.6278703
11.9358,11.174649
29.8053,34.21067
12.5184,2.1722057
0.0,2.1141217
31.6466,35.105732
0.0,2.1141217
0.0,2.1141217
7.01913,7.3094053
0.0730304,1.6750009
32.6081,13.530164
13.0144,12.043419
0.0,2.1141217
0.016778,0.38296628
0.0,3.1027374
0.0973958,2.1141217
0.0,2.1141217
64.2441,42.58488
8.35051,2.674699
0.0,2.1141217
1.24448,6.76357
0.0,2.1141217
45.9377,35.232307
0.0,2.1141217
0.0,2.6174242
39.5207,24.638788
0.0566512,2.1141217
0.0,18.05206
10.3826,32.688267
2.59898,9.723608
0.938995,2.1141217
29.2456,14.044642
11.0442,1.9675283
21.0521,4.253007
7.13458,16.655676
19.419,8.971623
0.0,2.1141217
3.8158,19.48229
0.0,2.1141217
6.08398,28.95123
53.3411,23.261015
15.332,23.328384
0.19907,22.585728
0.0,2.1141217
3.48165,18.553757
1.5047,9.436274
12.8011,13.163264
0.0,2.1141217
1.50409,4.2242937
0.0274508,3.755727
15.6812,16.77366
0.500156,4.1355276
0.0,0.048031926
0.00916865,2.1141217
1.24448,17.721863
22.0206,15.729869
0.838088,-25.02705
0.0,2.1141217
0.0780901,12.257333
0.0,4.860505
15.8452,27.260025
8.86263,28.167728
0.0,2.1141217
8.80444,29.824427
34.0699,9.417664
10.8713,2.0510108
0.0,2.1141217
21.7269,12.186673
1.85055,15.572171
0.297588,1.5091257
158.563,151.23729
0.0,2.1141217
5.52068,-3.9367893
22.5547,12.789488
0.00905912,-0.02811122
0.0516748,2.1141217
1.2635,2.1141217
11.9164,4.9394712
31.889,21.893522
0.0175409,-1.3256924
36.4799,20.397526
0.299788,6.8086452
31.7686,4.9259987
12.3842,11.669469
0.0,2.1141217
0.0271285,1.5094061
4.89457,15.010434
7.67293,148.90923
9.4149,22.957647
0.0,2.1141217
8.14864,2.692115
158.613,55.196667
0.0517443,2.1141217
0.879977,0.7603247
0.0310379,2.1141217
4.74985,1.9156694
5.16592,0.91183114
0.110139,10.0767145
0.868527,2.1141217
4.06813,15.620978
0.0,2.1141217
45.1944,39.231472
0.0747703,2.1141217
0.122887,4.4518137
2.98937,-0.17162013
0.42647,10.537756
0.0,2.548902
0.0,1.9756095
0.0285195,2.1141217
0.0397342,2.1141217
0.31996,9.898188
32.5781,18.754772
26.1381,25.026474
13.1196,36.400494
12.5311,50.582424
0.0,2.265363
0.143577,2.1141217
0.144784,2.3550985
0.0,2.1141217
0.192066,2.1141217
0.720367,2.1141217
4.30556,4.5804896
0.0,2.1141217
0.0747677,1.712598
0.0336373,1.5184915
1.99982,36.07431
0.78895,2.1141217
0.0221984,2.6622517
0.947508,28.422012
49.2648,20.870726
6.84908,2.1141217
0.0533205,1.7039969
22.6392,22.235886
0.0,2.1141217
0.0216206,2.5026073
0.572656,22.539371
3.94202,0.34535432
0.0,2.1141217
0.0,3.2865114
23.3742,-0.8142781
0.534861,9.909786
31.889,21.893522
39.6997,3.7920587
0.0,1.6015034
0.0,2.992619
0.0,2.1141217
0.0,2.1141217
8.82523,2.856825
0.0,2.1141217
18.8462,9.618952
0.056752,2.1141217
7.28997,12.212889
6.2439,3.2374208
0.722218,37.36086
0.0,2.1141217
0.0,2.1141217
8.39085,22.072178
0.221629,1.6365983
32.7078,52.19234
112.365,113.04106
0.0,2.1141217
0.0,2.1141217
200.795,110.40382
3.17315,3.9345748
1.98891,-9.486169
7.87027,1.4718959
0.0633712,3.7169273
0.75264,8.164414
0.0,2.1141217
1.53771,1.6991017
0.0,21.772102
0.0734686,16.097927
134.69,82.53335
4.53936,0.5853441
142.414,47.031002
4.63381,2.1141217
3.67181,4.305233
0.0,2.1141217
0.0,1.8846953
0.0,16.568308
8.4425,13.405335
0.0158971,2.1141217
0.0,2.1141217
0.230602,2.1141217
0.0198657,2.1141217
7.93916,22.228308
2.8566,4.4360676
0.0,2.3550985
7.88359,21.519276
21.9927,22.145355
0.095025,0.7277944
0.465156,2.1141217
57.7646,43.529095
0.0169662,2.1141217
0.0,4.865488
63.3414,35.58236
0.0,2.1141217
0.0489275,148.75148
0.0,2.1141217
0.0261254,2.1141217
20.4,11.350246
0.0324436,2.1141217
12.3578,16.102467
0.639668,2.1141217
0.39772,2.1141217
0.0,9.180455
21.5036,16.392014
0.0,0.34148574
3.28316,21.978138
5.93282,18.128143
0.0129563,3.9587405
0.0227304,0.29086542
11.3911,19.992884
26.7938,21.18842
0.0,2.1141217
6.33075,6.1987667
0.0,1.7795846
0.0,2.1141217
29.3879,5.1060457
19.1612,30.05498
0.0,2.1141217
0.046898,2.1141217
0.02025,2.1141217
1.61215,6.8086452
16.6565,12.398442
0.0148745,-0.010811567
0.0,1.8142893
28.9266,16.623535
0.0338607,2.1141217
0.0,15.791329
0.0,2.1141217
18.8186,4.9266214
3.67047,6.007061
5.18211,6.0943203
31.889,21.893522
4.0694,2.6492279
0.0,2.1141217
0.299788,6.8086452
2.31526,13.910456
0.0,2.1141217
0.0,2.1141217
0.0,2.1141217
0.0,2.1141217
7.17645,25.5354
0.0852943,11.57337
8.26712,1.7887456
0.0,0.29744983
0.0,2.1141217
0.0,2.1141217
11.8048,35.00632
0.0,1.0983262
1063.86,549.2233
0.109324,-3.4846647
0.0,2.1141217
0.111489,-1.9472091
9.75266,20.737457
33.0627,6.9040947
0.0789607,2.8706641
32.7782,22.958447
0.251745,11.323427
67.8708,2.1141217
27.8084,25.338566
42.5577,19.729332
0.0227304,0.29086542
1.22246,2.1141217
13.1679,25.579014
238.224,183.44614
4.92439,5.569358
19.4284,1.5572522
0.0,2.1141217
18.7897,14.0975065
0.0,0.010068893
0.0,1.527014
23.777,10.077104
0.0215312,9.593223
0.0434497,2.1141217
0.0,2.1141217
2.1598,13.164859
0.0,2.1141217
4.252,7.590458
0.0,2.1141217
0.0,1.0983262
5.5742,-1.511689
9.31878,13.013128
0.0210194,2.1141217
0.0293218,2.1141217
0.119957,2.9824584
0.0,2.1141217
0.0,3.0768182
0.0,2.1141217
17.3394,12.417307
0.0946006,2.1141217
0.02025,2.1141217
0.111391,7.597048
0.0,6.542638
16.961,6.5778446
8.82656,2.1141217
0.571206,3.0315926
0.0,1.0983262
0.0,2.1141217
16.767,18.041138
4.60452,12.317666
0.169539,2.1141217
0.0,2.1141217
13.7388,7.5972395
0.208997,0.73700213
201.331,44.54836
0.0,2.1141217
2.15904,4.672763
0.748226,9.400915
6.99984,49.035557
0.0,2.1141217
0.775231,31.807407
0.0,2.1141217
3.40031,12.459861
6.17529,21.826984
0.0203818,1.2984247
19.4462,17.453035
0.0,2.1141217
0.0,3.2069316
18.3374,8.749485
74.3385,65.904915
0.0,2.1141217
0.15934,2.1141217
0.0,0.7184974
0.875072,2.057657
0.0393917,2.1141217
0.0816582,0.66490173
8.14864,9.115444
3.52096,30.036465
0.056775,2.2299297
0.0,0.051113367
45.7714,40.959564
2.93803,9.405462
0.0329288,2.1141217
29.7337,24.839499
4.52996,2.1141217
0.472967,-0.7464278
8.49649,16.17809
0.431369,11.347529
9.03486,25.400694
4.39014,-4.690462
0.209847,5.7674522
0.044806,4.31981
0.144043,8.251821
0.0,2.1141217
0.0603654,3.621923
10.5708,3.323843
0.0,2.1141217
3.72976,1.2434447
4.17273,6.5554934
48.5601,14.889943
0.0,2.1141217
22.2207,18.262247
0.0,11.0395775
0.430817,1.4087701
10.7948,49.359867
18.514,11.725606
22.0206,15.729869
2.05422,8.342468
18.9931,22.021582
10.5992,1.3384106
5.13061,8.789571
6.6637,15.43208
42.9746,6.0948486
195.418,114.77236
0.0,2.1141217
3.53768,9.563036
30.8985,39.762157
0.0426607,2.1141217
0.0,1.065536
10.8334,-20.942436
0.0,-1.2776003
0.0171162,2.1141217
0.0,2.1141217
88.2999,59.876373
9.22554,0.82010317
16.4448,21.654411
82.423,44.120834
2.84718,2.1141217
9.51941,34.310863
6.98313,4.429001
0.0,2.1141217
167.45,22.203283
37.887,8.137612
0.0556715,65.50309
5.28818,-5.666622
22.6392,22.235886
18.374,17.446598
7.25476,19.24958
2.66118,2.1141217
0.0672375,2.514259
0.0,23.189003
0.0,2.1141217
0.713643,9.129195
0.0,2.1141217
0.0,2.1141217
32.0779,23.447826
0.00874122,0.596704
237.319,302.45514
14.4426,9.408177
32.2663,18.915112
9933.06,7850.1167
8.20516,10.8913555
1.79644,11.527003
9.16142,22.781166
0.66091,2.1141217
0.0,2.1141217
0.242017,1.3570955
21.088,16.94414
13.1679,25.579014
0.0,2.1141217
6.18238,2.1141217
43.0722,6.062763
12.3578,16.102467
0.0631732,18.325768
93.6125,62.979836
139.129,73.70147
0.0,2.1141217
4.13278,4.818945
24.7117,2.1141217
0.0,0.11054015
0.0,2.1141217
8.51378,3.0949957
20.3765,10.640912
0.0878932,3.0652883
0.0,2.1141217
19.3196,10.028743
4.18717,34.47391
0.0,1.5912416
185.622,2.1141217
0.0,2.1141217
0.0,2.1141217
0.0,2.1141217
0.0,7.477748
13.6965,24.25099
0.0244278,1.5873566
0.0,1.7488718
13.2047,14.380448
0.123055,2.1141217
0.0,2.1141217
185.622,2.1141217
38.4839,18.937986
0.0219642,1.6731446
3.84675,3.2658224
0.145247,2.8833954
2.64048,-0.21056533
0.32105,2.1141217
1.76295,35.974815
65.7132,22.099901
23.8569,23.430515
1.89412,8.068688
0.0183687,-0.25658143
0.0,2.1141217
0.0,2.1141217
3.08732,2.1141217
6.04453,-3.840078
0.0234041,3.303221
8.08633,11.621855
22.0206,15.729869
0.0,2.1141217
53.3053,5.1728306
39.5552,63.957798
0.577704,30.24167
0.0,14.196386
0.0,2.1141217
0.0,2.1141217
0.0,2.1141217
8.74888,26.181318
43.674,9.876651
0.0261903,2.1141217
0.0,2.1141217
0.0,2.6442683
2.54224,5.6706495
5.1839,6.9186726
0.0,44.36484
5.39411,8.383818
0.0992041,6.863328
0.0,2.1141217
5.0024,17.18109
0.0,2.1141217
0.0,2.1141217
0.0244809,0.32824457
40.7414,19.069733
0.0362784,1.088999
0.265303,2.1141217
803.796,591.1702
38.0233,22.840233
0.0217105,2.1141217
0.054314,0.14989567
19.9456,-0.37175703
13.0144,12.043419
13.2992,11.3947735
0.486084,17.357073
0.0,2.029073
5.24865,24.667435
0.0190806,1.3515141
0.0393173,2.1141217
6.895,14.162657
0.0197874,2.1141217
23.5057,21.816422
0.0130855,0.051113367
0.0419589,2.1141217
16.7626,6.596238
0.0408579,2.1141217
520.227,2.1141217
37.5583,12.257333
0.0,2.1141217
21.9927,22.145355
0.0250986,5.177473
0.0,2.1141217
0.167659,12.659634
17.1518,9.187369
6.17503,12.30139
45.9377,35.232307
12.6916,18.207026
0.0,-2.634526
4.91671,6.956174
0.144784,2.3550985
0.0,1.0528219
2.73699,6.8754387
0.0,2.1141217
7.56916,2.1141217
0.0244278,2.1141217
0.0,2.1141217
0.413663,4.839677
0.051393,0.29744983
37.4445,79.437096
20.9778,15.450052
13.0665,16.332031
44.3922,24.938452
9.98324,28.10453
2.56798,11.1590185
0.0,0.87175536
0.0,1.2340183
0.0489275,148.75148
3.42946,12.508247
1.63946,-4.690462
26.9829,15.772093
0.0,1.1859713
0.0,1.9337323
88.2999,59.876373
44.9807,27.109915
6.03438,5.6178026
39.5207,20.19689
0.0,12.629026
7.84897,14.174885
3.51916,3.8081915
5.69682,10.461245
2.47101,5.7878256
0.0437826,2.1141217
1.63192,36.456493
0.0149761,1.8798091
5.33753,3.6525607
1.33446,0.34590888
0.0,2.1141217
73.2579,56.38516
16.7626,11.866763
0.0,2.1141217
20.1574,13.094565
0.0,10.647904
0.0,28.6583
6.28842,6.6593018
1.61219,-2.7970178
59.3129,37.363857
0.0,2.1141217
0.0,2.1141217
39.8526,31.532642
0.0,2.223213
0.0503724,2.1141217
0.0,2.1141217
0.0,-5.8510265
0.620975,2.1141217
0.0,1.265598
39.0521,29.076906
1.06559,52.391766
0.0,2.1141217
3.50366,25.609768
0.0362784,1.088999
0.0617473,2.1141217
2.91784,10.749166
0.0,2.1141217
1.20047,6.1791697
0.0,2.1141217
0.0,18.2841
0.0,2.1141217
1.99893,2.6542106
10.1609,16.646482
7.62417,29.191824
0.0,2.1141217
0.288984,3.3917162
4.20667,9.228945
0.0,2.1141217
0.271501,66.19367
0.0310379,2.1141217
3.62445,-7.589018
0.110217,2.1141217
3.12215,15.315433
0.0,2.1141217
162.718,22.320343
7.24419,10.013529
40.9894,22.136734
0.0713237,3.6373026
0.450843,2.1141217
2.11887,6.1776457
30.6925,26.891708
5.1564,7.477748
0.0,2.1141217
0.0,1.467035
56.7611,8.878044
33.3482,31.843307
258.84,16.58432
7.1822,0.07409203
48.3711,18.554947
36.03,33.208923
0.0179047,4.7071433
0.0,2.1141217
0.446782,1.5854015
91.3848,34.47371
38.704,7.384486
0.0,27.349953
4.74464,12.30243
0.0,2.3211796
0.0,21.512083
0.0,14.741449
8.58138,31.65916
4.21751,9.608385
20.497,22.606134
1.99338,9.333383
0.465281,2.1141217
1.06258,3.1960177
127.163,58.720875
0.685934,5.1369324
0.0751299,2.1141217
15.8554,24.770721
7.67191,45.437664
9.21465,26.50744
0.0,-19.363539
2.1209,14.586855
31.889,21.893522
0.0,1.8142893
14.1541,7.628742
3.20272,17.74612
6.08398,28.95123
8.34417,24.068071
18.7678,26.750496
0.0,2.1141217
115.716,22.51567
0.0677474,2.1141217
0.0,0.82010317
0.348459,3.3394601
1.3366,0.030369043
0.0,2.1141217
0.0,0.5771313
6.49102,16.44069
0.064029,1.3084719
0.0216512,2.1141217
42.3658,57.468773
1.93037,-19.684452
11.104,13.480784
32.3762,0.7603247
169.242,75.54958
4.11243,5.6121855
0.0,2.1141217
44.9703,13.653087
0.0,2.1141217
1.06761,7.20407
0.144784,2.3550985
0.0,13.275623
45.1028,16.403708
4.91671,6.956174
0.0207707,2.1141217
0.129493,2.1141217
0.235774,2.1141217
0.0,2.1141217
0.0,2.1141217
0.0153647,2.6067593
0.0,2.1141217
1113.21,408.3
0.0,0.87606883
24.7055,6.380171
0.0173851,2.1141217
6.33952,13.776421
41.0443,19.004944
0.0,2.1141217
3.65365,16.824203
11.2224,19.435055
0.00810393,1.1558301
0.210907,2.1141217
0.0,2.1141217
49.3187,27.995983
0.0,0.5771313
0.0,2.1141217
0.617037,12.757758
4.39634,0.10518193
37.9475,27.112457
2.06789,2.1141217
8.26423,20.437159
0.0197545,2.1141217
19.1256,20.657928
10.3826,32.688267
11.9044,31.186005
0.0,2.1141217
39.8526,32.46934
0.0,2.1141217
0.45691,3.735951
0.0,23.123919
31.889,21.893522
49.2648,20.870726
0.0,2.1141217
17.1173,12.983831
0.058586,2.1141217
10.5207,8.340164
8.01408,3.0666413
0.0164124,4.74872
0.0,-2.634526
0.201683,2.1141217
2.7153,2.1141217
8.26423,20.437159
0.0283075,2.1141217
0.00596473,2.1141217
66.0095,23.907263
0.0,2.1141217
46.1839,36.11762
0.0,2.1141217
0.0,2.1141217
0.0,2.1141217
0.229331,2.1141217
5.53442,45.888508
0.0,-29.002003
0.0144318,2.1141217
0.944667,33.314644
33.4182,17.184351
16.4118,51.219463
0.0,7.477748
0.0,2.1141217
82.0256,12.95104
4.29189,12.931564
7.96072,-1.9187844
0.0227304,0.29086542
17.5578,20.743767
0.0,2.1141217
0.0,1.8214407
8.67667,22.783241
1.16659,16.29937
0.0222586,2.1141217
15.4126,23.174608
0.104435,2.1141217
7.13458,16.655676
0.0,10.610669
8.01113,2.10918
0.131854,9.513114
194.475,67.47471
0.0,2.1141217
12.011,2.6910422
0.66808,0.40223908
0.0,2.1141217
0.0,2.1141217
0.0,2.1141217
0.0,2.1141217
1.34405,30.793034
0.0,2.1141217
0.0,2.1141217
0.0,1.323564
19.4241,12.33274
3.24636,16.818552
0.0,2.1141217
2.62438,2.3165593
0.0931813,2.1141217
15.4143,15.540274
0.211954,0.5710187
0.03749,2.2296555
0.0899891,2.1141217
0.0,2.1141217
0.0,2.1141217
0.134373,0.12338662
4.61178,10.156065
2.23965,9.364363
0.0,2.1141217
8.60684,16.819206
0.323331,1.3877316
0.0,2.1141217
21.7269,12.186673
0.0712764,13.114638
0.0,2.1141217
93.6125,62.979836
1.83906,25.231962
7.67685,8.337211
19.5991,37.51185
0.66808,0.40223908
0.0,2.1141217
0.665645,4.101246
24.7117,-7.1797295
0.0,2.1141217
0.0,2.1141217
0.112288,1.8778462
0.835289,8.035438
8.64048,17.268692
2.91784,10.749166
0.0,0.92234063
0.0,2.1141217
0.0,1.7759163
4.41312,3.990185
0.0,-1.2072499
0.0,2.1141217
27.5158,21.92455
0.0555944,24.706692
8.8373,7.4242964
0.793066,8.718763
0.0,2.1141217
0.0,27.36461
0.0,2.1141217
0.322485,2.1141217
1.01705,2.1141217
16.2889,45.36469
0.0,2.1141217
0.0,2.1141217
11.2349,29.607979
13.3117,22.231422
36.9143,14.88445
0.0,2.1141217
0.0,2.1141217
0.353684,2.1606567
0.0,3.0145607
0.958575,5.3971796
0.0,2.1141217
37.887,9.484167
6.70987,15.432702
0.0,2.1141217
14.449,2.6267664
0.0558077,2.1141217
93.6125,62.979836
0.0,2.1141217
0.0,2.1141217
15.2572,15.2567215
11.1532,6.870758
0.0,7.2248926
3.47963,18.327929
0.0,2.1141217
60.9055,14.983272
5.19642,4.6394825
0.0126912,2.1141217
197.497,37.6524
19.3857,12.836405
0.0,-1.2306533
0.216617,2.1141217
0.0,7.331991
0.0,10.610669
0.0261254,2.1141217
0.53003,8.051935
0.0,2.1141217
7.1822,0.07409203
98.2978,17.902672
0.207439,10.870399
284.308,92.07931
51.3322,13.412292
0.0,0.8258369
0.563144,2.1141217
9.4149,22.957647
6.71604,21.236992
0.347743,5.1405153
0.0181711,2.1141217
2.26965,10.911817
0.196991,6.05783
3.72976,1.2434447
4.54892,21.856894
0.0,2.1141217
0.699727,8.888712
27.489,17.738604
0.0416894,3.250691
0.609691,5.364051
0.0,0.9080229
10.8012,4.3929505
0.0296782,4.808668
66.723,19.307571
0.0,2.1141217
0.0,0.9080229
0.0,18.824154
0.0,0.8536165
0.0,2.1141217
98.2978,17.902672
0.0,2.1141217
0.0,2.1141217
4.85574,24.678688
6.60336,27.349953
0.0257749,2.1141217
0.0,2.1141217
0.0,2.1141217
0.0,2.1141217
22.0206,15.729869
5.39411,-1.9450574
0.0356406,2.1141217
0.936119,3.8359482
0.0418957,15.524192
0.138989,-10.933797
18.2498,8.670391
27.025,15.775706
7.88268,-4.132309
7.72727,12.537587
25.05,24.838282
12.2817,29.238087
123.482,133.57274
0.0,2.1141217
15.6109,10.056861
23.5057,21.816422
0.0,2.1141217
0.0,2.1141217
6.3398,6.619046
7.72727,12.537587
2.60344,2.51183
0.0261254,1.223414
449.819,226.1631
21.5146,16.321802
0.0,2.1141217
4.252,7.590458
0.0,2.1141217
0.0,2.1141217
0.371541,-6.93099
0.0,1.1360853
4.545,9.898188
19.6435,12.465957
0.0,10.610669
0.0,2.1141217
30.0409,0.5392983
0.0,0.82010317
7.72727,12.537587
1.23554,17.191982
8.17468,30.775469
0.5899,9.898188
23.5057,21.816422
0.0,2.6791375
0.051393,10.640912
90.9355,34.432293
0.0318162,6.8086452
0.0,-0.7069156
0.0,17.126757
0.0896572,6.173558
17.243,0.82010317
0.286364,0.8039944
8.53334,30.93951
7.4921,14.656067
0.0563765,2.5333014
0.0,1.4351318
0.0,14.920226
3.42381,26.674381
2.57179,0.9975357
248.611,22.47459
38.5285,38.820187
0.0,2.1141217
0.0274204,2.1141217
0.0,2.1141217
0.0,0.5771313
4.71745,10.291387
29.3555,27.065012
67.7821,66.84142
0.0,2.1141217
0.0,34.55755
933.7,16.35216
4.45024,37.95472
0.16686,2.0475273
1.38387,15.449824
0.0,2.1141217
7.18879,9.392183
19.5016,36.518604
1.02618,2.057657
8.67667,21.128986
27.4125,2.1141217
0.0490979,2.1141217
18.8186,4.9266214
0.0367926,21.513577
135.162,2.1141217
6.61661,28.388197
38.0233,31.479563
0.612466,8.184753
0.0472499,7.7282505
0.506804,0.24509883
0.0300559,-0.85107183
0.0,0.7184974
0.0,2.1141217
17.5481,12.901699
0.0,2.1141217
0.0,176.89882
0.0,2.1141217
1.02282,22.14864
3.33394,38.87489
11.3911,19.992884
11.3499,14.826503
18.9655,-1.7686846
0.0,2.6174242
0.0,2.1141217
68.0183,58.385834
2.70478,14.681173
0.0,2.1141217
33.8268,34.621105
0.0629288,2.1141217
6.08989,14.070733
4.545,9.898188
22.6392,22.235886
18.2853,11.07588
6.04453,-3.840078
11.3591,23.712646
0.0,2.1141217
0.0,2.1141217
76.9977,41.646782
0.428143,16.828724
0.0757449,1.7238653
8.92297,-4.6518097
0.0,2.1141217
28.1784,32.279793
0.0,-0.33142662
10.4987,0.73700213
0.0,21.859512
0.0,0.42796993
0.0,2.1141217
2.95801,-6.6080523
46.8588,22.226856
0.0,-0.601033
46.5786,10.647904
6.0441,1.4541187
0.0167724,2.1141217
0.145632,2.1141217
0.0,23.189003
0.276923,2.1141217
0.0521813,2.1141217
0.0,2.1141217
17.3394,20.03215
25.6865,1.9187403
0.196835,2.1141217
4.88432,18.183434
0.348552,2.1141217
0.0,2.1141217
22.0206,15.729869
1.43893,3.1987975
15.5078,20.778877
26.1381,32.983265
0.0,2.1141217
0.446527,11.341596
0.0,2.1141217
64.4972,29.96194
15.6481,20.988897
2.12696,2.1141217
0.0816582,0.66490173
0.0,2.1141217
0.0,2.1141217
0.0,2.1141217
0.377169,2.1141217
0.0274204,2.1141217
1.18369,4.584762
10.4076,17.610828
0.0,2.1141217
158.563,151.23729
0.0,21.716799
0.0179047,4.7071433
0.0,8.365119
8.203,26.963102
0.0,5.1519804
73.4181,92.75944
0.0,2.1141217
1.28817,7.7902346
80.9914,31.862114
0.770695,2.2436645
0.0345896,2.1141217
0.0,0.15778041
11.5285,10.139628
0.0,2.1141217
11.3771,12.41994
0.0429781,1.4219022
0.0298953,4.2530727
53.0483,35.026638
0.0,2.930811
0.0179047,4.7071433
1.78545,-1.5335376
4.44712,-4.0313826
0.0981816,1.7101703
0.690993,11.558789
0.120019,0.13762593
0.0,2.1141217
0.0,10.610669
0.126442,14.415469
29.2068,3.8645978
0.0664854,3.5633643
0.0,2.1141217
47.6788,14.586855
66.0171,5.676179
0.0,2.1141217
7.98787,20.649689
1.40205,39.51333
0.0,2.1141217
0.535877,1.6731446
12.6788,15.195733
18.7132,4.9870405
0.0,2.1141217
48.091,21.50859
0.47409,2.1141217
28.4785,1.221262
0.0,2.1141217
23.569,21.365574
10.7792,40.936024
3.81813,8.837474
0.0527473,1.221262
322.11,149.97255
4.55759,7.6101017
20.3765,2.182158
0.0261254,2.1141217
0.0,2.1141217
17.7654,11.211113
32.0479,-8.250848
0.0167702,1.7728527
18.8605,31.110634
2.52507,2.047046
0.068489,34.36491
0.0394029,2.001246
13.2598,9.030053
0.0,2.1141217
0.0,2.1141217
19.4687,2.58763
0.0,2.1141217
23.5057,21.816422
67.7779,41.846657
0.0,3.2658224
25.6865,3.1584702
0.0,2.1141217
21.9853,12.601313
0.0,-1.8012478
0.146168,2.446662
0.0,2.6838179
0.0243736,2.1141217
0.0,-1.6943381
68.9289,40.125473
22.0206,15.729869
12.2861,15.886534
120.835,135.09126
3.42381,9.755543
13.8689,35.93915
0.835289,8.035438
1.55944,15.140662
0.0,2.1141217
0.0394029,2.001246
0.0,2.1141217
3.90281,0.98555636
0.0,2.1141217
1.17167,2.1141217
0.145247,2.8833954
0.0,2.1141217
5.87127,1.2801943
0.0,24.720905
0.0,2.1141217
8.18249,3.1798973
1.3246,4.966993
0.0,2.1141217
0.03394,2.1141217
14.6294,5.283948
75.9912,75.10346
0.141802,-2.4397392
5.47233,12.512979
0.556268,1.8668158
0.0,2.1141217
0.0157141,11.150592
0.0,19.282736
31.889,21.893522
37.887,2.933278
0.154952,2.1141217
0.0,2.1141217
16.2511,15.488265
0.0,4.2666564
0.0217105,2.1141217
0.0244278,2.1141217
2.05356,2.1141217
0.0,2.1141217
111.675,69.96497
3.92962,-7.790761
0.0349215,30.793034
0.0,2.1141217
26.1965,23.195505
0.0,36.451904
0.0,2.1141217
36.1941,25.473759
144.146,73.97909
0.0,2.1141217
1.54324,25.76461
0.0,2.1141217
0.0,2.1141217
0.216623,2.8882394
139.129,73.70147
0.0,2.1141217
0.0,8.615007
183.183,126.68731
21.4867,21.312914
0.183023,-0.3993194
0.192688,28.531189
5.34906,-0.69649386
0.0,1.7918034
0.0,4.860505
0.00808029,3.5235908
0.0,-0.7069156
0.213089,2.216557
32.4123,18.920326
34.5704,18.296602
213.647,125.805305
7.79368,3.852115
0.027453,-1.5067499
0.0,2.1141217
0.0,2.1141217
53.3411,16.29937
120.835,135.09126
7.32787,21.493116
0.143909,2.1141217
7.00152,-8.205176
220.719,81.8663
2.84719,2.1141217
5.67526,13.724555
1.56805,-0.20204759
9.22554,0.82010317
0.0,2.1141217
13.3526,15.38537
0.490718,0.915061
12.9128,21.077612
20.7197,24.99114
17.3016,24.956154
0.0,2.1141217
5.27368,16.988731
0.0,2.1141217
32.4123,18.920326
0.0,2.1141217
0.0357039,2.1141217
0.53003,8.051935
0.0683683,1.7726028
0.0,2.1141217
0.0,3.159176
19.2374,23.206806
3.56694,5.6058874
28.4181,34.678646
0.67179,18.810678
333.47,100.87415
3.0284,8.828617
0.499656,7.198861
7.0301,3.5782177
0.0,2.1141217
23.6752,13.5893135
18.0396,20.97514
0.0552628,2.0743747
0.0,2.1141217
0.0,2.1141217
0.0268439,2.1141217
12.4324,0.21963048
0.0,2.1141217
4.30973,77.467354
19.3154,2.1141217
0.410718,7.0689096
1.06308,-7.2487297
1.51494,5.915943
0.624098,1.1190996
15.6481,22.592007
0.0837542,2.1141217
0.0995542,0.574332
0.0,2.1141217
9.45517,24.905373
34.5595,-12.051749
19.0798,18.778984
13.7979,5.522233
0.0156218,2.1141217
60.9116,51.41298
6.33747,1.9241645
20.3765,10.640912
0.0,2.1141217
48.6022,30.81196
8.54891,5.6767807
0.0337176,2.1141217
0.0,2.1141217
14.8266,15.648969
0.0,2.1141217
0.763943,23.549297
0.0,16.568308
0.0304709,-0.356925
13.6965,24.25099
0.0,2.1141217
0.0,2.1141217
8.14611,8.934425
0.0,1.467035
0.571642,5.772444
0.0256138,1.5489454
0.0224096,30.556084
86.3551,85.7454
0.0,2.1141217
0.0995097,2.1141217
6.0441,-0.95075345
0.0,-2.634526
8.01113,5.125725
0.0263379,2.1141217
4.27029,-1.933269
0.217464,1.2912896
13.2992,11.3947735
3.4099,-41.936836
0.0,1.1357708
1.44105,1.8722441
76.7176,63.607395
7.71497,12.45251
0.0,3.1027374
4.08312,12.391461
0.408642,0.9581115
0.0,2.1141217
0.0151807,2.1141217
0.196991,6.05783
0.135358,2.1141217
0.0431546,2.1141217
0.645114,2.1141217
0.0782584,2.1141217
0.0639686,0.8842244
0.128932,2.1141217
0.0,12.642684
6.43881,13.036559
0.0,2.1141217
0.0,1.3631399
0.886132,6.327029
0.0,2.1141217
169.242,75.54958
48.6134,2.10783
0.0,2.1141217
7.96039,5.6080494
17.5005,9.255119
80.0908,47.488605
0.413663,4.839677
0.0,2.1141217
112.365,113.04106
2.54224,5.6706495
54.8596,58.96626
0.0,2.1141217
6.26589,10.469604
0.0,2.1141217
0.55637,-2.1857288
0.0,1.7488718
9.31878,11.312515
0.0,2.1141217
0.219357,6.9857435
29.1625,8.818016
17.6613,9.715337
4.17273,6.5554934
57.7565,9.416961
2.84027,39.270187
0.0,0.59498954
0.160974,-3.0098474
6.10457,16.256031
0.128067,4.564385
11.9358,11.174649
30.6925,26.891708
1310.38,635.1254
0.0,-6.7644415
0.0,2.1141217
0.0244278,1.2774408
0.0463012,2.1141217
25.0915,7.6403666
0.0105662,-0.7069156
0.797986,-1.8792388
176.34,115.632545
1.17489,18.032505
23.3398,13.605815
0.0352722,1.6092777
0.0420966,2.1141217
0.0711397,-3.2943766
20.9025,2.864941
10.5992,1.3384106
0.0,2.265363
0.0,2.1141217
6.38411,31.70319
0.0,2.1141217
0.0261254,2.1141217
0.0,3.0768182
882.552,422.86575
3.4258,4.582966
11.0577,2.1141217
0.0684878,2.1141217
11.9358,11.174649
15.8812,13.26199
1.78228,5.6718063
0.0,2.1141217
10.4744,13.986696
0.111079,2.0371778
0.0,8.969569
7.03976,2.1141217
0.0,2.1141217
71.0243,83.96317
1.15376,8.5650015
22.0206,15.729869
3.02061,12.273714
17.8849,-3.819585
0.0142478,2.1141217
0.196792,1.180531
2.69744,1.5501807
9.18391,28.353058
0.0,3.613726
8.32389,11.872487
0.125433,-2.9246504
1.0646,13.138385
0.0,15.259856
29.9901,9.5409
0.099321,18.863464
2.35078,-1.7092566
1.70563,2.9443903
0.0572996,1.6059716
32.9177,14.948352
6.67038,20.388882
0.0181193,2.1141217
11.5735,6.076619
0.0,0.800612
0.251131,4.7552967
13.9629,5.674466
63.3414,16.209227
28.5578,33.273388
0.0462409,-0.31246006
30.306,26.800323
0.226636,2.1141217
0.0216206,3.0768182
41.5651,30.638252
0.0,2.1141217
0.0,2.1141217
0.0,2.1141217
0.430817,1.4087701
0.0,4.7547426
12.7752,-109.377266
10.1609,16.646482
0.0266381,40.49158
0.0105221,2.1141217
30.5715,7.9210987
2.55277,19.81503
6.58066,13.966818
0.030774,1.4754741
11.0861,18.189701
0.0,2.1141217
0.0,2.1141217
85.2341,37.506275
21.2036,13.89675
0.0455041,2.9551132
0.608552,19.204723
0.0,2.1141217
0.0,2.1141217
0.0,2.1141217
0.00684528,1.2606924
0.0,2.1141217
0.118923,-0.022946835
23.5057,21.816422
0.0,2.1141217
19.8113,13.140037
0.0,2.1141217
22.9447,19.21511
0.0,2.1141217
0.0324436,2.1141217
6.93851,10.295382
100.839,22.361938
10.8169,19.828207
0.0,2.1141217
5.16372,8.806371
0.0,2.5935335
146.296,129.09953
16.5249,25.270668
41.4786,46.66471
4.38853,27.491829
0.0276208,2.1141217
50.8004,30.90935
53.9364,67.141235
0.0,2.1141217
183.037,86.91233
2.92734,0.5697515
71.0243,83.96317
0.0,-0.19104433
23.6752,43.52218
5.38749,-2.4814622
0.0,2.1141217
0.285233,0.9444294
15.4143,12.880393
0.0,2.1141217
2.8793,2.930811
3.51759,31.739681
0.299868,2.1141217
0.0730304,2.4858763
0.300234,19.055916
1.36489,2.1141217
0.0281296,2.0516143
0.0,2.1141217
9.08193,2.1141217
4.3151,6.670347
0.109324,-3.4846647
231.91,133.67192
0.299025,4.0487194
7.58209,14.841826
0.00429083,2.1141217
11.3807,12.922563
0.0,2.1141217
12.4143,2.4194
0.0,2.1141217
0.0,2.1141217
0.0504842,2.1141217
0.0,2.1141217
0.234036,11.562372
18.2872,2.6174242
5.38838,20.65673
0.0,13.649716
126.004,104.282906
26.9514,11.53158
6.71538,20.460121
0.0166691,2.1141217
0.195978,3.195022
0.0687819,2.1141217
0.0,2.1141217
14.0396,25.342793
477.65,2.1141217
0.0,6.8579206
2.91861,2.1141217
44.2719,18.325768
0.0,2.1141217
9.19894,9.592012
0.609934,2.1141217
0.216379,11.335125
39.8526,31.532642
1.65003,-5.066473
90.357,127.88525
0.0,2.1141217
0.0,14.4763365
158.563,151.23729
32.0812,5.347686
21.6855,-2.9348505
0.126526,17.955729
4.85574,34.336613
0.00899176,2.1141217
21.3889,9.333728
0.0669167,5.5082674
0.229401,2.538713
0.00883951,2.1141217
4.41312,2.7843924
0.364658,2.1141217
11.7739,4.382701
0.104821,-3.8556898
8.16661,5.3772893
7.94747,17.397125
3.68977,6.2716837
0.0978433,2.1141217
19.7949,4.739685
0.0289597,2.1141217
3.07823,8.13271
37.8396,15.489123
0.0,-0.2706256
0.0934583,2.23027
19.5035,8.888712
21.276,56.50967
3.1115,-4.4787683
1672.53,979.53864
0.174524,2.1141217
4.3137,29.573935
0.0,2.1141217
10.5706,0.32788038
6.42352,12.842875
0.0773348,2.33629
1.7335,43.616783
0.727649,10.188674
0.0,2.1141217
1.96582,8.474301
0.0,0.8816743
74.4509,22.73023
4.22201,10.091945
1.30637,-14.404602
0.0,-3.2943766
0.0,0.82010317
26.9232,67.85139
86.6865,27.460447
0.0,1.4455223
131.913,148.75148
0.0,1.5094061
9.57138,27.502678
33.7587,8.710281
4.15016,6.6593018
0.0,2.1141217
0.169663,2.1141217
0.0126937,2.1141217
74.3385,65.904915
13.0901,-7.751419
0.0,2.0111735
0.0,36.49882
0.579666,-5.9888706
0.0,2.1141217
11.3621,6.937566
0.0,2.1141217
19.3477,38.29455
3.93496,6.390974
0.0,2.1141217
18.2965,0.95551705
0.0,2.1141217
0.0,2.1141217
22.5498,12.102918
0.72045,11.347529
0.178675,18.71879
0.0995542,2.1141217
0.0,2.1141217
0.0,2.1141217
8.8137,3.5543869
9.68664,10.584289
0.0,2.1141217
0.0199938,2.1141217
15.9439,-2.390951
0.0667388,2.1141217
17.4265,37.353233
38.704,7.384486
10.411,11.430261
8.24252,15.425185
0.0,2.1141217
0.0,2.1141217
0.0190806,1.3515141
0.0,7.290594
0.123055,2.1141217
17.1771,2.735294
5.73124,25.2671
18.1813,39.10139
0.0174285,-0.7827468
30.6925,26.891708
0.0,10.915148
11.879,5.7674522
0.0,11.431325
0.31687,7.536886
0.0,16.485008
738.118,284.65472
32.2298,18.752754
5.47233,12.512979
5.26362,2.1141217
0.0,-19.363539
95.85,62.9844
0.0349655,2.1141217
60.3985,62.8472
89.6832,48.062916
11.9164,4.9394712
41.4786,46.66471
15.3903,14.95198
13.5086,6.3304567
10.2463,34.74223
4.90771,24.998177
16.3663,1.8892715
0.0,2.901609
0.0764985,2.1141217
6.10661,21.321823
0.134373,0.12338662
0.489444,2.1141217
0.425769,18.850994
0.685917,-0.666049
86.3551,85.7454
2.36926,11.211113
11.2032,5.7949944
2.15402,10.534335
0.0,40.74506
0.0,0.5771313
6.40439,11.369777
3.4258,4.582966
0.0,5.3020415
0.0987718,2.1141217
17.0974,8.3452635
0.0,2.1141217
0.0405724,14.868858
5.87878,11.92335
0.0,2.9913058
0.284141,2.669041
0.0,2.1141217
0.0179047,4.7071433
34.199,9.642767
13.9022,0.9828265
2.64048,8.982492
11.8048,35.00632
0.0373148,2.1141217
60.3985,62.8472
0.0,14.150109
16.1453,14.369495
20.6152,-2.0303204
3.4621,21.998775
0.0,2.1141217
0.0,2.3288004
0.0194613,1.5589631
0.690993,2.3348918
0.0175958,2.1141217
0.656222,-2.120679
0.0,2.1141217
0.921524,12.2557
23.7592,26.837093
0.0,19.110567
95.38,75.97858
0.0,2.1141217
0.0,2.1141217
0.0,2.1141217
0.0,2.1141217
44.4679,19.100573
2.02097,5.8999786
4.75915,15.593955
25.4797,63.39168
3.93496,6.390974
0.0,18.174421
6.71487,-4.015747
40.8006,29.276737
23.7004,13.928565
9.45517,24.905373
11.8528,4.907028
6.41589,4.605831
0.389651,7.290594
0.0,2.1141217
31.889,21.893522
22.4149,5.7925005
0.0,2.1141217
1.69153,19.410345
0.0,2.1141217
0.0,7.635579
0.0,2.1141217
1.91111,2.1141217
39.9955,1.9288018
0.030774,1.4754741
0.0,-0.31402683
3.65862,-0.35803795
1.55598,13.513191
1.05497,1.0844691
0.0324739,0.33002996
2.53132,8.190554
13.3234,18.9626
3.95964,13.604121
0.00683674,1.6806042
0.661888,28.210985
0.00874122,0.596704
4.74985,1.9156694
21.4877,-0.25752795
0.0,2.1141217
0.0717698,3.6339765
0.465225,22.454456
0.0247193,2.1141217
13.2836,4.8642282
17.9272,21.92455
25.6866,16.254164
48.0989,28.032299
14.6234,3.3077946
6.58449,2.1141217
0.212785,12.503961
0.0,2.1141217
0.0,23.261015
0.522738,0.97420716
85.6316,49.313316
1.57112,7.080744
0.0,7.842764
15.5309,9.870482
19.4241,12.33274
1.51571,4.39907
10.8334,-20.942436
0.0,2.1141217
135.592,42.09415
5.03214,-2.6264932
37.8184,20.010143
4.21751,9.608385
7.28997,12.212889
0.305574,-4.2015467
0.0,1.7675381
78.8296,109.494774
0.0,30.761715
7.32356,4.1033688
19.0907,23.068142
105.929,5.915943
0.00871303,2.1141217
0.675238,4.689583
0.0183421,2.0188527
0.0,2.1141217
0.0,2.1141217
1672.53,979.53864
0.0,-2.634526
26.3396,715.2729
5.77299,2.5566387
0.0,-0.90776896
4.68443,16.813807
0.240296,9.02606
0.0170318,2.1141217
0.447712,30.174023
0.0263781,2.1141217
14.8363,8.069787
2.42329,21.090149
7.04266,14.727658
0.0734416,3.4751265
0.0394935,2.1141217
0.0,2.1141217
18.9824,42.571568
0.0320994,41.80423
2.66984,25.306097
4.17273,6.5554934
10.5992,1.3384106
8.51827,27.747227
0.0,1.5012152
0.127812,1.885808
0.0,2.1141217
27.5158,11.98941
0.0,2.1141217
0.0,4.101246
13.3781,9.791596
0.0,2.1141217
0.0,-2.634526
19.1377,-2.19611
41.1222,40.656338
6.96005,15.073512
0.205377,5.4409432
0.0349693,2.1141217
0.0361536,1.4571843
0.00905912,-0.02811122
0.0410295,2.1141217
0.0134822,1.3293478
0.0165132,2.1141217
0.051393,2.182158
0.0,1.065536
7.15625,18.926508
0.0,2.1141217
0.0285757,4.8637643
3.66412,5.093215
21.6202,15.114982
0.0405322,0.5710187
55.489,20.959446
0.345062,12.43255
20.3765,0.29744983
0.0,14.920226
13.9344,-5.2905474
0.0436978,2.1141217
0.154163,2.1141217
10.6686,3.5015957
98.9403,26.878162
4.35779,-0.69553995
24.1317,14.585715
0.0,2.1141217
0.110217,2.1141217
30.5792,10.601001
9.42113,29.601181
0.0950008,2.1141217
0.0,10.59468
0.051393,10.640912
4.14783,-1.2335198
0.0630541,2.1141217
11.9358,36.59696
11.5467,18.802956
12.9692,19.194237
0.065881,0.5005071
0.0,2.1141217
0.019213,2.1141217
0.0,2.1141217
12.2255,14.537656
0.0471991,2.1141217
0.530209,-2.4328406
4.98572,9.822929
0.0,2.1141217
8.16969,12.727949
0.339419,2.1141217
0.0,19.514023
1.27604,28.614124
2.42329,21.090149
5.30832,4.2006216
19.1213,19.945032
6.42352,12.842875
23.5057,21.816422
0.0,1.8451927
0.0212999,2.1141217
0.0,2.1141217
21.1112,12.568706
145.657,85.02947
1.13347,0.36704612
12.0077,25.161022
4.71807,-2.9428856
6.51382,15.140662
5.06316,7.137396
107.268,61.045456
6.4931,5.995144
4.78224,6.218958
0.110959,0.13200855
3.17418,-4.7733746
0.019555,1.6960747
2.72712,-0.39903533
0.495369,-5.8510265
38.4211,27.524235
14.8373,3.3277707
1.99713,6.27291
118.592,23.316647
13.6032,20.480837
22.0206,15.729869
3.34477,8.482152
0.00736899,2.1141217
49.7266,35.78977
0.0,6.5625963
0.0,0.47739875
9.21465,26.50744
0.0,2.1141217
22.0206,15.729869
1.6993,18.046402
0.0,2.1141217
1.16755,10.667785
0.681433,15.70481
0.25901,3.969967
0.0179047,4.7071433
4.30371,18.128143
0.0349215,30.793034
4.03114,6.4498043
13.3832,15.199935
6.58066,13.966818
0.0476354,5.799735
5.31933,18.658743
0.0,22.888176
0.0445345,2.1141217
13.9022,0.9828265
0.0,2.1141217
12.2934,21.067387
0.0265841,2.1141217
5.34161,5.1758566
0.0,2.1141217
8.0957,3.053258
1.29524,2.1141217
4.85285,34.937664
0.0795326,2.1141217
1.61215,6.8086452
13.4477,5.4174643
0.0,2.1141217
26.988,22.028315
31.889,21.893522
0.0,2.1141217
75.181,14.675628
0.0468538,61.18591
1.50108,3.0673761
0.647525,2.1141217
6.71487,-4.015747
16.1526,11.347529
0.986962,0.7603247
22.0206,20.53613
13.3234,18.9626
0.511384,1.7671654
28.6632,2.1141217
0.0274291,13.37946
1.66053,5.2509212
5.57964,16.015026
96.6188,56.292416
0.0,8.345823
0.0541491,2.1141217
8.58138,19.214441
43.0722,6.062763
1.58275,15.153686
11.9053,24.71589
3.99544,14.244638
0.0526354,14.415469
2.23965,9.364363
8.48562,18.289577
0.0344196,4.093458
0.486084,17.357073
0.0,2.1141217
0.0374623,2.1141217
19.6877,24.51622
12.3122,7.80099
57.9345,43.01475
12.3122,14.779863
0.0134494,-2.4482207
0.124748,1.7037818
0.0,2.1141217
0.0,2.1141217
0.0,2.1141217
0.237729,2.6030626
0.0419176,2.1141217
0.0,21.772102
0.0,2.1141217
0.196942,2.1141217
25.7056,9.81828
7.25476,19.24958
0.0,2.1141217
28.6632,2.1141217
43.4606,-1.9472091
20.3765,10.640912
1.05912,40.204845
3.84675,3.2658224
0.314487,17.126757
8.60295,13.466214
5.39411,8.383818
28.5725,11.1856785
86.4956,50.407116
10.411,11.430261
30.084,9.42498
27.4685,15.871144
10.7396,19.026735
0.0,2.1141217
0.00757005,2.1141217
0.0,1.0983262
0.66808,0.40223908
0.0,2.1141217
29.3384,18.109982
21.4343,26.125593
11.3911,32.363533
37.887,8.137612
16.4925,17.136702
0.0968266,5.203061
23.6532,-1.3834136
0.0480081,2.1141217
0.0,2.1141217
0.0610322,2.1141217
6.82818,8.207519
3.62445,-7.589018
0.0,2.1141217
5.30152,14.714749
0.0,2.1141217
3.85496,4.016053
0.18013,2.1141217
0.872144,2.4854138
25.6865,3.1584702
0.0879474,19.26241
20.65,7.4586506
7.70401,3.0488293
19.4241,12.33274
0.0548003,3.5543869
64.8804,41.218708
0.0,2.1141217
0.10973,2.8727198
22.4149,4.865325
14.9468,1.7295687
0.100129,2.1141217
9.70645,7.4273777
12.3155,20.322618
9.31878,11.312515
54.8596,58.96626
16.643,1.7488718
0.0170874,3.932155
9.01874,12.745901
0.0,2.1141217
0.096906,2.1141217
17.5005,9.255119
4.54025,29.501026
7.38977,4.9915714
0.471161,2.1141217
0.0,2.1141217
0.0285757,4.8637643
0.0,0.24352527
2.81433,8.999922
12.3122,12.197191
26.145,18.89468
0.169266,0.5277586
0.0,2.1141217
11.5061,11.981066
0.0296782,4.808668
5.64967,14.811035
0.0,0.111061096
0.0992041,6.863328
0.0,2.1141217
0.0,1.1360853
5.91012,12.388314
0.0735709,2.1141217
0.0,2.1141217
0.0498451,2.1141217
0.556026,2.1141217
3.25845,12.836935
12.6916,18.207026
9.66222,979.53864
0.0,2.1141217
0.0408579,2.1141217
18.5874,10.193798
0.97247,5.533186
0.0772649,2.1141217
0.0,2.1141217
8.06948,3.661031
0.0,0.83258224
12.3122,7.80099
0.0,2.1141217
3.42946,12.508247
0.0,31.217537
61.6673,18.013735
16.01,21.653328
0.0,2.1141217
36.8233,18.9626
69.8285,29.371094
0.0,7.736518
19.0973,-7.7570868
0.0,2.1141217
0.0129911,2.1141217
0.0,2.1141217
86.9453,71.757866
0.914182,8.295052
7.93361,18.89825
31.6808,7.7902346
8.06209,2.0987885
0.0,1.4414401
31.5645,8.251821
0.0,2.1141217
21.3463,18.96202
0.0,2.1141217
14.1541,7.628742
11.5823,6.6529264
356.985,189.84404
63.6629,28.922869
2.42901,1.461534
0.0,2.1141217
0.0,14.218343
1.44539,4.117528
14.7694,10.986008
3.32266,11.473732
0.0,2.1141217
0.0,2.3550985
0.0,2.1141217
5.20467,-3.858765
9.95179,14.724149
1.34353,5.73207
0.051393,2.182158
10.3601,20.077217
128.484,46.996346
7.81582,20.938263
9.66222,979.53864
0.0951988,3.0772378
138.872,9.09865
0.0437111,1.5864818
0.0,2.1141217
0.0894378,1.0530863
131.913,148.75148
0.202625,15.730353
0.051393,10.640912
0.0,2.1141217
14.5686,47.857914
2.95128,11.735118
0.095025,0.7277944
6.56271,2.1141217
23.569,21.365574
0.0,7.8813066
0.0,2.1141217
3.84675,3.2658224
31.4133,8.434434
0.0352722,1.7248418
98.2978,17.902672
0.13558,2.1141217
11.9314,9.694339
0.571642,4.0327816
0.0,2.1141217
0.463098,11.004595
19.9297,0.5771313
0.041474,2.1141217
9.13074,12.8341675
0.0385472,4.4866986
1.28297,6.639433
0.0274204,2.1141217
0.0,2.1141217
0.0,2.1141217
0.0,2.1141217
0.0260902,5.077751
1.93666,19.67479
9.4149,22.957647
0.0,-0.625828
2.60487,17.476128
191.374,79.67991
78.8657,74.31631
127.163,58.720875
0.0,14.721429
0.0,2.1141217
0.0541491,2.1141217
13.3558,6.8579206
7.13458,16.655676
12.5304,0.87175536
4.66779,2.1141217
0.0236888,0.7721243
0.0131697,2.1141217
0.0,1.0983262
0.0529374,2.1141217
9.45517,24.905373
48.0989,28.032299
1.7788,0.5282669
2.59736,15.475394
0.0,2.1141217
0.530209,-2.4328406
0.488137,19.200867
0.254666,2.9586818
0.0348965,2.1141217
0.53919,3.9862936
1.84481,19.447475
20.1295,20.63307
0.0,2.1141217
0.0757449,1.7238653
0.0379598,2.1141217
0.0,2.1141217
1.67192,-2.7970178
61.3507,29.149555
1.4983,4.0487194
0.15761,3.0056677
17.241,5.3885
4.91134,-3.0796802
18.3487,2.1141217
13.098,-3.912514
0.0,9.898188
228.807,232.03015
0.0,2.1141217
2.81657,5.731306
0.0,2.1141217
1.61219,-2.7970178
0.108161,2.1141217
0.0,2.1141217
7.80756,-37.09846
0.0,2.1141217
0.16082,17.357073
0.720367,31.203728
5.647,2.1141217
0.0,2.1141217
1.00418,2.1141217
20.6311,14.369919
0.0,15.544454
12.5438,18.556225
0.0,2.1141217
0.0,2.1141217
0.0,2.1141217
0.530209,-2.4328406
0.0,18.498844
0.0,2.1141217
0.0,2.2035422
0.0,2.1141217
8.36011,0.32566
9.13831,15.893312
0.734031,6.411743
18.374,17.446598
1180.95,933.19055
1.1301,28.99607
0.171564,20.82304
4.9666,12.682918
0.0,2.1141217
122.832,61.836674
0.707836,79.437096
12.6742,12.02814
29.1625,8.818016
0.0,2.1141217
3.80921,27.622911
0.0927253,2.1141217
30.323,-3.1979053
21.3134,14.920226
2.97393,8.428376
6.18577,13.869979
0.0,7.265312
15.4888,2.1141217
14.3497,9.582608
0.0,2.1141217
0.0789774,0.66169405
1.19568,8.952002
17.2556,2.9634378
0.127449,2.1141217
36.2545,31.056225
0.0,2.1141217
0.144784,2.3550985
0.55095,1.0165434
12.6915,11.354997
5.57964,16.015026
0.0,2.1141217
16.9595,6.4695387
48.1875,21.47291
20.4535,9.702716
1.3234,14.565988
0.0,2.1141217
0.336423,6.657467
0.0647448,2.1141217
0.0,91.622826
23.0654,8.983391
11.89,8.429376
14.0807,27.695055
19.2125,11.167752
14.0998,8.48352
0.0,2.1141217
0.0,2.1141217
1.59969,0.9352126
0.0,2.1141217
0.0,18.174421
17.3319,21.329239
20.3765,10.640912
30.2065,12.013198
0.0,2.1141217
7.22547,24.776314
0.984085,26.17534
0.0175519,2.1141217
8.98008,5.105727
10.5207,8.340164
0.0,2.1141217
47.8693,8.289624
0.130512,2.1141217
0.0,2.1141217
0.0,2.1141217
0.0,2.1141217
60.3985,62.8472
0.0417007,18.71165
39.0673,12.552976
0.0,2.1141217
0.0,2.1141217
38.7378,43.689198
0.0,2.1141217
0.0,2.1141217
13.7455,7.2248926
12.6111,18.351051
0.0236888,0.7721243
38.9799,11.2411375
37.7274,15.489123
1.02618,10.1774645
0.0,5.0759068
49.3187,27.995983
33.978,27.051125
0.0,2.1141217
10.5121,11.79823
0.0,0.9532323
0.0,2.1141217
0.0506962,2.1141217
0.0,1.5910406
0.0,2.1141217
0.0,2.1141217
0.0155102,2.1141217
0.0507568,8.289624
2.66844,10.618019
0.0263778,2.1141217
0.0,2.1141217
20.3765,10.640912
0.051393,0.29744983
0.872144,2.4854138
17.3394,20.03215
10.7566,109.494774
1.85569,-1.9082377
0.0,1.64979
14.9424,1.7977374
0.0,0.9999714
0.173933,6.9186726
1.93666,12.347754
39.0673,12.552976
4.3151,35.10269
2.8793,2.930811
0.0554498,2.1141217
6.08398,28.95123
9.9046,41.33076
3.81813,8.837474
2.62049,12.880393
5.52068,-3.9367893
1.52665,22.988718
31.889,21.893522
31.5645,4.9671755
59.8603,36.58726
0.0,40.476032
6.26589,10.469604
0.0,2.1141217
9.34477,17.99911
0.0,2.1141217
39.0798,14.459924
0.0,3.2658224
58.0741,26.59693
0.0130207,2.5935335
0.0610322,2.1141217
0.0,9.958895
0.0747703,8.823915
6.32027,6.5035286
24.8424,11.451528
46.0233,42.941402
0.343542,27.2086
0.106452,9.712905
0.0212999,2.1141217
0.0,2.1141217
0.0101776,2.1141217
0.0,2.1141217
0.0,12.182632
0.0,2.1141217
12.5238,19.630936
176.437,93.97668
0.0608233,7.308421
4.98572,9.822929
38.0233,26.982023
0.0,2.1141217
2.36522,9.898188
81.5728,56.015446
0.0,2.1141217
0.430817,1.4087701
1.95883,6.444151
5.09901,6.0814238
0.128932,2.1141217
8.87697,12.736652
11.4504,11.411149
69.4129,7.1250925
0.0143901,1.6751451
0.0949071,2.1141217
2.91861,2.1141217
13.801,12.708058
0.00905393,1.545265
0.0261254,2.1141217
21.4206,31.22477
0.938995,2.1141217
12.5903,20.700068
0.0,2.1141217
0.0281296,2.0516143
0.0,2.1141217
7.75207,14.444611
31.889,21.893522
260.61,52.505276
0.0,2.1141217
0.0,2.1141217
0.337834,2.1141217
0.200307,1.4180701
15.1532,11.121687
42.7882,32.617336
0.0848639,2.1141217
11.925,13.343078
0.0,-1.2776003
4.85685,2.1141217
230.705,218.89227
50.4777,33.074425
0.165477,2.1141217
20.9074,9.557388
0.0,2.662797
3.4621,30.181307
0.00904113,6.2426605
0.0147105,2.1141217
0.568928,2.1141217
11.8978,6.432233
52.2343,45.36385
16.0916,15.564557
0.37654,3.5481496
0.0698271,2.1141217
0.0147194,2.1141217
0.0,2.1141217
0.0247339,6.5898895
0.025486,7.4242964
110.894,105.09818
4.39554,0.83258224
14.4675,8.150931
0.0460222,6.9040947
0.0,7.128663
14.8348,8.035438
32.9818,6.7275257
126.004,104.282906
0.0,2.1141217
1.45705,2.1141217
0.0299826,-0.43072224
7.56916,9.499555
5.73474,10.933267
0.0,8.969569
1.67037,13.240232
23.5057,21.816422
0.0,4.860505
0.306576,9.387284
0.0,-2.8248255
151.923,98.20641
12.761,0.3697772
0.0,2.1141217
0.23267,23.206806
0.0,8.822473
1.70305,19.370007
21.0285,11.530229
3.04248,13.805651
52.9514,90.22558
1.02305,5.656184
4.28139,3.232003
0.0,3.2658224
0.105792,2.1141217
58.088,11.365024
0.0,2.1141217
0.0,1.9849222
0.0,7.8813066
66.0095,23.907263
0.0,2.1141217
3.62445,-7.589018
0.183,2.1141217
0.0,2.1141217
0.041684,-1.7270887
13.5279,37.60172
0.0,2.1141217
40.2252,9.780547
0.0,2.1141217
10.04,36.820415
0.0,14.459064
50.4199,42.65687
23.5057,21.816422
0.0,2.1141217
0.026868,2.1141217
19.5804,23.082924
0.0,-1.8459575
0.0,2.1076355
11.3911,32.363533
1.83906,25.231962
1.85287,6.6246557
0.77757,12.266177
2.82707,9.318501
13.6708,8.523897
74.3385,65.904915
0.0,2.1141217
21.6066,10.073897
0.173196,3.621923
11.3911,32.363533
0.0,0.16230655
1.70305,19.370007
0.0,2.1141217
0.0,4.2483196
0.0,2.1141217
0.0,2.1141217
0.0,2.1141217
11.5688,957.0675
3.80485,11.790348
0.047398,2.1141217
0.0,2.1141217
0.0,-29.002003
0.051393,10.640912
9.99881,12.241067
22.5788,-7.6501265
0.0,-2.634526
140.312,150.66098
0.269299,13.810935
1.18369,4.584762
0.272533,-2.4781044
21.7269,-1.2105179
18.2872,2.6174242
0.0455585,2.1141217
0.0892583,10.759589
16.2677,30.181307
0.0,2.1141217
6.16726,2.608721
0.0,2.1141217
0.118923,-0.022946835
12.9352,25.258486
0.0,1.9134045
29.4994,11.04279
13.9082,37.051884
1.00418,1.7671654
0.556268,1.8668158
0.0,2.1141217
0.0262574,0.86535645
0.0,2.1141217
61.6673,-3.3594615
0.166315,1.4960337
0.774973,17.174604
23.5333,16.551046
34.4245,30.461222
78.8296,21.914467
0.0,2.1141217
9.6883,15.708516
18.3755,10.694226
8.8373,7.4242964
17.383,22.407894
13.5086,6.3304567
0.0816582,0.66490173
9.09213,1.8950937
20.497,22.606134
6.26558,2.1931915
2.98271,37.767124
60.0743,27.556583
0.0,2.1141217
0.0,2.4895453
54.4611,22.089474
14.4586,41.895016
0.0,2.265363
0.0224547,2.1141217
0.0,2.623018
1.21365,21.99824
0.0,4.041506
1.13373,8.57442
9.4149,22.957647
4.82554,4.773302
53.5033,-0.32984328
12.3122,7.80099
0.0,2.1141217
70.5637,13.533288
2.95128,-4.0456066
2.56689,8.756703
0.0,2.1141217
1.29001,2.6388075
127.163,58.720875
1.11007,5.2509212
1.04575,4.9394712
9.45225,-1.2070091
0.170468,21.036192
1063.86,549.2233
0.0,2.1141217
12.8249,23.560652
4.90962,15.092061
0.0,2.1141217
11.1026,15.99045
20.9778,36.557873
0.0,2.1141217
0.0,2.1141217
68.0183,10.949407
3.77359,9.904396
0.0320489,1.1502571
18.7132,8.280661
0.0606786,2.1141217
0.0498663,2.1804624
68.7,61.280434
0.423245,2.1141217
0.0,2.1141217
400.363,121.82208
0.0803287,2.1141217
2.81384,11.366533
1.5408,20.605999
0.0,-2.634526
0.0,20.739819
0.0541491,2.1141217
0.0,2.1141217
0.0,-1.2776003
0.0,2.1141217
0.102832,12.689538
6.18135,4.0021896
0.702269,2.1141217
11.1983,20.357113
15.8446,26.931528
5.06259,2.819084
0.0,1.8577285
9.22554,0.82010317
0.0,2.1141217
0.058586,2.1141217
0.0,2.1141217
0.0,2.1141217
26.343,8.543942
0.0,21.716799
0.0,2.1141217
19.325,28.901512
3.91957,8.461138
0.0,2.1141217
0.00317201,0.17918122
795.558,969.2137
6.26589,32.171265
7.60944,-20.942436
6.00461,8.27661
30.0409,0.5392983
0.0,2.1141217
40.0648,41.170296
0.273661,10.604936
0.520391,23.561405
8.76341,5.309883
72.0642,65.6155
0.0,2.1141217
0.103857,2.1141217
30.594,12.642684
0.0,2.1141217
0.645114,2.1141217
6.41804,77.07952
0.0,2.1141217
12.7705,13.583585
0.0,3.4835994
0.172827,15.338521
2.26397,33.420635
0.0797178,1.7762794
0.0,0.83424807
169.204,177.49995
0.0,2.1141217
2.93284,4.2865295
7.14585,4.917487
0.0,2.1141217
0.0,2.1141217
0.0,17.688923
5.21638,1.140723
0.526179,27.883862
0.0,2.949648
2.4657,2.1141217
35.6945,43.514175
0.921524,12.2557
31.8925,30.938923
12.6518,2.1141217
52.2343,45.36385
5.53292,3.9298768
47.556,10.0243025
0.0680929,-0.15564609
77.0235,16.765327
12.6332,10.91179
0.0105311,-1.1603291
0.0,5.467619
4.08312,12.391461
0.411408,-0.13019228
21.2267,7.936366
16.457,24.14474
0.0,2.1141217
0.0,2.1141217
96.6188,56.292416
2.91861,2.1141217
2.62049,15.540274
0.0,2.1141217
0.74506,2.1141217
0.0,2.1141217
0.408575,4.623864
0.0735687,6.860343
0.0,2.1141217
0.0489275,148.75148
0.168847,1.2764044
0.903396,2.1141217
12.2934,21.067387
228.807,232.03015
3.7689,3.7712471
44.9807,27.109915
49.3187,23.168228
20.035,16.172352
89.6832,48.062916
0.0217999,2.1141217
9.20815,17.289219
9.55845,18.62221
18.5874,10.193798
89.6832,48.062916
1.95134,2.1141217
38.112,13.976842
0.388057,2.1141217
3.1782,1.1069005
0.0,7.290594
27.3942,11.562959
7.13458,16.655676
0.0,2.1141217
13.1135,36.338627
0.0,2.1141217
0.214822,7.198861
7.90835,16.67945
0.0,2.1141217
0.810132,2.1899223
7.39886,48.742554
27.489,17.738604
13.2664,-1.7211194
63.2181,2.1141217
4.97182,9.498295
0.095025,0.7277944
9.31878,11.312515
19.7705,10.994979
0.0,8.271456
8.58346,41.835133
0.0,19.110567
0.0,2.1141217
6.05792,31.006626
10.0146,10.655471
0.378151,7.0098867
1.18369,4.584762
282.73,202.24155
0.0,0.7688017
7.13458,16.655676
14.363,17.634422
4.50339,2.1141217
0.530209,-2.4328406
0.0,2.1141217
6.60336,27.349953
72.2247,22.946861
456.247,79.42939
113.339,30.298405
1180.83,611.996
0.0,2.1141217
31.889,21.893522
0.0,2.1141217
0.258255,10.244259
0.0298962,2.1141217
0.0,2.1141217
60.042,40.817997
0.0493872,2.1141217
18.2763,20.646618
0.0489251,2.1141217
0.613162,-1.2780235
17.6751,5.770054
2.06551,8.047235
0.120195,2.1141217
0.0,2.1141217
38.704,7.384486
10.1609,16.646482
0.0,2.1141217
0.141256,2.1141217
0.0,7.477748
0.0,2.1141217
6.74107,10.380468
5.52068,-3.9367893
0.0,-0.50011516
0.92021,2.1141217
1.72625,10.851462
4.17273,6.5554934
2.69025,4.494054
5.06259,2.819084
0.549255,2.1141217
7.38977,4.9915714
2.97393,8.428376
4.25521,21.096123
0.66808,0.40223908
0.0,1.4514513
0.0,2.1141217
3.35623,26.539175
7.16027,38.29369
0.0,2.1141217
0.0,2.1141217
0.0142934,-8.80868
0.0434497,2.1141217
21.8819,20.460121
140.907,101.433525
31.4133,8.434434
0.0753823,2.1141217
11.4609,-1.1740537
0.0,2.1141217
1.02096,-1.6204274
0.0116914,0.9336648
112.449,31.36682
0.0,2.1141217
1.61219,-2.7970178
0.0,2.1141217
7.96072,-1.9187844
0.0,2.1141217
0.0,2.1141217
0.0,3.5425167
1.37359,3.8447692
0.0,-1.9556873
0.431208,26.125593
0.0,-2.634526
0.0156339,2.1141217
0.0,2.1141217
3.8263,6.929698
0.0,1.1044195
10.5139,28.625751
15.036,7.1287756
0.026868,2.1141217
16.4165,8.888712
21.4343,26.125593
41.4786,20.969517
0.0194222,2.1141217
0.0,2.1141217
46.8588,22.226856
0.0176521,2.1141217
3.74162,1.2334211
63.4439,44.63856
4.09223,3.9267251
0.0110203,2.1141217
9.36233,2.9015365
0.662044,7.6127234
0.0,1.4173002
12.3794,15.009306
2.54224,5.6706495
0.0,2.1141217
0.55637,2.1141217
0.0527473,1.221262
0.0189604,2.1141217
0.0,2.1141217
0.0,2.1141217
0.00808029,3.5235908
3.50671,22.493443
0.0,2.1141217
0.314389,11.411149
0.0,2.1141217
2.66844,10.618019
0.0,2.1141217
31.889,21.893522
7.93361,18.89825
0.095025,-0.21265972
0.0,29.349716
272.341,92.68478
14.8916,13.735548
0.0,2.1141217
0.0,2.38076
0.0368987,-1.6417942
0.026868,2.1141217
42.9746,6.0948486
15.3548,9.784096
0.233384,434.20877
0.0393917,2.1141217
0.473211,2.1141217
391.37,241.17305
0.0133143,2.1141217
0.0114788,2.1141217
95.8946,29.34002
0.103453,2.1141217
7.28997,12.212889
0.052786,2.1141217
2.35078,-1.7092566
6.54425,2.4505343
7.70401,3.0488293
0.0362957,3.1990519
0.0,1.1779215
0.161006,-0.8942995
0.0,0.8758261
0.0394029,1.5711787
0.118923,-0.022946835
19.3196,10.028743
5.39411,8.383818
0.0,8.412605
0.0684481,1.5452235
30.345,13.500933
3.90691,23.423569
0.15257,2.1141217
0.0713237,3.6373026
0.0,2.1141217
0.0,2.1141217
221.788,101.346954
0.0,2.1141217
0.0251358,2.1141217
21.3148,8.7426815
16.3166,62.75977
19.8771,24.55452
0.534861,9.909786
2.89723,4.2784767
0.00887881,2.093198
13.427,-2.701555
1.02523,10.34011
13.4078,16.94414
0.232573,7.8813066
74.3385,65.904915
0.0,2.1141217
1.28642,0.38109183
1.54364,27.364796
23.6752,43.52218
7.15171,19.602364
11.1051,28.614124
9.45517,24.905373
0.0,2.1141217
0.169663,24.763466
0.0,2.1141217
0.0,1.0863454
0.0,4.093458
23.3864,5.6360207
3.8158,19.48229
17.5554,49.313316
10.3992,23.61837
8.30396,15.854009
2.70478,14.681173
3.89551,5.3020415
3.42946,12.508247
0.0,2.1141217
29.3097,13.379887
5.1564,7.477748
4.0899,10.0767145
1.06258,2.6407218
0.0,2.1141217
12.8303,13.742554
0.0263781,2.1141217
22.0206,15.729869
1.06258,3.1960177
0.0129563,3.9587405
66.0095,23.6217
11.566,3.4195948
0.0,2.1141217
0.0412964,3.4065287
0.0,2.1141217
1.91025,2.1141217
0.0558323,0.40073705
0.0,2.1141217
0.0835016,2.1141217
0.112575,2.1141217
0.0,2.1141217
35.6083,9.452274
0.536926,2.2468162
2.8793,2.930811
0.0,1.7488718
6.26074,-17.08833
0.0194222,2.1141217
0.182946,0.69926
13.0285,16.682617
0.0328138,-1.0499291
0.0,3.4904535
2.92734,0.5697515
6.74107,10.380468
0.346638,5.7229185
0.0196267,2.1141217
27.4125,2.1141217
63.3801,11.8432665
36.1493,2.204531
0.0623884,2.1141217
0.0,7.2449627
3.75554,19.994993
0.0,0.8612819
4.45024,66.99574
0.0497915,2.1141217
0.487407,8.289624
0.0,2.1141217
6.08398,28.95123
36.8233,18.9626
0.0,9.392183
0.23815,2.1141217
14.6375,3.1076014
0.0,2.1141217
27.1802,13.847035
4.48616,10.707809
0.0,2.1141217
0.699426,2.1141217
4.90962,15.092061
0.0711397,-3.2943766
0.0,1.1537287
0.465225,4.6165786
12.6563,19.334057
0.0,-0.51932716
201.331,44.54836
0.196355,4.5804896
0.472967,-0.7464278
0.0,2.1141217
0.0,2.1141217
0.133934,13.879927
0.0270571,2.1141217
6.33662,30.913923
2.90635,13.125197
5.21219,21.47519
0.0,2.1141217
22.6392,22.235886
37.437,36.330948
8.74897,0.11635518
18.4566,8.189738
31.6466,35.105732
2.92301,11.525947
0.0,-1.2776003
86.3551,85.7454
0.82062,5.7375765
0.0,1.0372045
1.95883,6.444151
50.0241,31.100965
0.106513,2.4852421
15.103,4.6840963
0.0472131,2.1141217
0.0771056,1.9791236
12.3842,1.6731446
0.0,2.1141217
0.0,2.1141217
17.2999,9.722077
2.85747,-6.298641
35.4133,-4.025339
6.43976,10.689906
0.0,2.1141217
30.5917,14.21594
2.33532,15.120784
17.8076,21.21178
1.56199,26.522371
0.159386,2.1141217
8.89369,51.583336
23.6521,2.4055424
0.0,-0.16035342
0.275986,8.261537
0.051393,10.640912
0.0,2.1141217
58.1102,10.541773
11.4566,14.750207
0.0,2.1141217
0.0,2.1141217
0.128932,2.1141217
4.43939,2.1141217
0.139701,2.1141217
0.231219,8.2854595
21.5036,34.895916
5.87561,17.18505
6.41466,-5.9288864
3.62445,-7.589018
0.0,2.1141217
0.0,2.1141217
0.183023,-0.3993194
1.50345,1.6764815
34.0234,15.539712
2.49685,27.733875
5.78663,3.5001225
0.0,0.5771313
0.0,4.05832
0.0,0.16451192
0.0684671,2.1141217
0.0,2.1141217
13.7221,30.876862
0.0,12.411217
11.566,3.4195948
113.654,2.1141217
13.2992,11.3947735
7.13458,16.655676
26.1965,15.0522585
0.937133,8.184753
0.0755944,2.8671756
1.20083,4.4467125
7.15964,-4.4158726
23.5602,20.178146
5.29795,3.868088
15.3531,12.1869135
0.0,18.860306
0.0,9.392183
0.0095824,2.1141217
16.2677,21.998775
0.392164,20.447876
0.0,2.1141217
5.78663,3.5001225
0.0,2.1141217
25.2336,11.527003
2.90771,7.3436146
0.52827,2.1141217
12.0561,34.10858
21.4343,26.125593
3.41602,3.0882304
13.3042,15.073131
0.096906,2.1141217
0.0,2.1141217
10.2526,0.10518193
0.0,0.82010317
0.114664,2.1141217
9.24052,12.696203
0.0,0.5771313
0.0,2.1141217
19.3574,2.5827491
7.13458,16.655676
0.0,2.1141217
19.3636,28.353058
0.0,2.1141217
0.0,-5.41833
0.0,2.1141217
0.0,2.1141217
0.0,2.1141217
0.0,2.1141217
0.0,2.1141217
0.113065,2.1141217
41.0336,35.166073
0.0,2.1141217
1.14091,10.556384
0.144305,4.6383896
229.891,221.51668
9.25835,27.253155
6.32027,6.5035286
0.948007,15.544454
0.05843,2.1141217
0.0,2.1141217
1.33039,22.593872
2.59898,1.9284613
55.562,4.520793
0.152698,9.845256
0.0,2.1141217
26.1206,7.8952684
2.49685,27.733875
0.0501345,2.1141217
8.60295,13.466214
2.09635,2.1141217
0.0,44.604202
0.775893,2.1141217
0.0,0.07330418
31.889,21.893522
0.0,8.744347
0.101169,2.1141217
0.0,2.1141217
0.127069,8.137612
0.28881,-1.9472091
0.0,1.3405097
0.0,3.1027374
0.958575,5.3971796
0.0,21.949873
105.821,50.75503
0.0,12.8341675
10.1635,32.01463
0.0,2.1141217
0.0,2.1141217
3.65365,16.824203
4.61178,10.156065
0.258255,10.244259
0.0175958,2.1141217
0.0493823,2.1141217
0.0566849,2.1141217
0.0645255,-3.4684393
397.601,27.733875
37.2924,21.414684
0.0,-1.8906844
0.0,14.436345
14.4733,10.811414
0.0,2.1141217
31.8821,8.428287
9.95179,14.724149
0.0,1.8117394
9.37829,75.083725
20.7139,11.317439
0.0,2.1141217
0.0,1.6960747
0.0,7.4251614
0.0362784,2.863255
0.97247,5.533186
0.0,2.1141217
0.0171162,2.1141217
0.0,2.1141217
0.0990721,2.1141217
34.3872,27.260025
0.0,2.1141217
29.2788,8.60874
15.2282,20.561453
62.0056,34.514748
0.0,2.1141217
0.0,2.1141217
0.0,2.1141217
0.0,4.650951
0.0,2.1141217
0.0,1.1844966
0.0,0.048031926
15.4888,2.1141217
75.5545,28.540543
8.46153,16.847925
0.0223306,-6.071208
47.7297,-8.7584305
0.0603654,3.621923
3.905,21.275522
1.29968,2.1141217
7.8104,28.016323
0.202952,2.0732057
29.1625,8.818016
992.686,5.9772453
0.601586,11.571185
0.0,3.1547158
4.09223,3.9267251
6.18577,13.869979
0.0,2.1141217
68.0121,14.353573
0.0,4.3724766
0.0,2.1141217
0.0,2.1141217
0.394956,19.39312
12.4058,4.0487194
0.0,2.1141217
21.4696,40.645058
2.27551,17.052147
7.13458,16.655676
0.0,2.1141217
0.931906,11.356318
3.98402,2.1141217
0.0,-2.634526
23.5057,21.816422
3.92283,13.885331
0.334225,2.1141217
0.132043,2.1141217
0.0,2.1141217
1.34405,30.793034
23.6752,43.52218
0.0,2.1141217
0.00808029,3.5235908
0.0283879,0.7074795
0.900053,20.228436
31.0359,19.854628
0.0,2.1141217
1.59969,0.9352126
0.138812,2.1141217
1.34291,2.4788744
1.58275,15.153686
0.722886,2.5846238
40.1571,31.370226
1.18369,4.584762
0.0,5.283948
32.2509,23.66734
0.0,2.1141217
1.96732,26.462921
53.3411,23.261015
0.0,2.1141217
0.0,2.1141217
0.0,-1.999862
0.0,2.1141217
0.0255319,1.3110793
0.571642,5.772444
4.97182,2.1141217
0.28881,-1.9472091
0.0351924,36.06346
1.96863,4.7234097
12.8594,6.707921
22.5786,2.1408927
0.0,2.1141217
0.0,0.29744983
0.0,2.1141217
18.2676,1.034899
0.0772334,2.1141217
0.0,2.1141217
0.0,2.1141217
11.3911,19.992884
4.0341,8.315525
0.0,2.1141217
23.1255,8.196114
43.6408,18.860306
2.18458,2.1666377
0.0713469,2.1141217
0.377013,21.253788
3.32871,-10.550673
0.0,2.1141217
0.0,2.1141217
0.0,2.1141217
26.1965,15.0522585
0.0,-0.9409034
4.99398,2.1141217
8.20516,10.8913555
24.3026,16.065147
1.85998,4.958221
0.0,2.1141217
14.9617,16.318947
0.0,1.6806939
14.2404,1.0983262
0.71417,-3.370601
0.0789774,0.66169405
0.0176443,2.1141217
0.0,2.1141217
12.0457,14.095833
9.40631,26.905664
0.0243204,2.1141217
0.0,-0.5455644
1.32434,33.109955
1.52986,5.4899273
0.0,7.4787025
0.0623884,2.1141217
6.04753,28.841034
21.9108,36.581593
0.571642,5.772444
1.21998,6.145591
0.0,1.2342758
0.158944,2.1141217
369.853,224.37514
17.4511,31.432217
0.0194613,2.8311386
0.0633151,2.739288
0.0950896,6.2213545
0.0,2.1141217
30.8985,39.762157
11.6114,20.631374
7.67685,8.337211
4.61967,37.742016
10.04,36.820415
0.0,2.1141217
0.0,1.3941808
12.2933,16.416798
2.41969,33.074703
10.7566,109.494774
9.17985,9.892288
0.0,-0.09892583
0.0978433,2.1141217
0.0212215,2.1141217
21.5605,23.692043
39.4082,10.971111
12.011,2.6910422
0.0,5.5058775
0.0203082,1.7420213
0.0365124,2.1141217
2.33532,15.120784
101.91,45.152477
6.62436,28.969646
0.430817,1.4087701
0.882717,27.531765
29.5061,40.39932
1.32434,19.182476
0.0538038,6.05783
9.36878,6.8288355
43.2114,36.67361
26.276,6.9648666
0.0436637,2.1141217
0.0,14.749506
0.0,2.1141217
1.44539,2.1141217
1685.57,725.8243
3.84675,3.2658224
0.0,2.1141217
0.0997638,2.1141217
10.8696,7.300952
0.0,1.2178514
0.0,25.96365
0.133775,2.1141217
0.156659,2.1141217
0.0,2.1141217
0.0,-2.634526
0.0,0.32187057
0.0,2.307272
0.0,1.4982033
0.322745,14.6625595
0.0,5.562128
0.160392,13.627924
4.95834,13.597182
0.00507226,2.1141217
6.51382,15.140662
0.0850534,2.1141217
2.02248,7.8813066
22.4566,10.991165
16.4543,38.023853
0.0,2.1141217
0.19907,22.585728
78.7397,25.515686
0.0,24.267813
0.0,2.1141217
1.32143,-1.3001394
0.0328706,0.22449994
22.8476,2.1141217
5.43982,3.9135275
80.5417,37.16126
4.70951,22.999554
60.3985,62.8472
17.0383,13.449593
0.110268,9.740008
0.0324436,2.1141217
45.9377,35.232307
0.269299,13.810935
0.0183421,2.0188527
0.0,2.1141217
31.889,21.893522
216.012,21.498894
3.60053,3.4021785
2.02097,5.8999786
0.181771,6.612899
3.62445,-7.589018
0.0797178,1.7762794
535.516,408.3
11.7602,2.4378073
11.7977,25.5471
0.0,2.1141217
0.0,13.343078
0.395147,1.6680295
0.0755944,2.8671756
0.0,1.527014
0.0,2.1141217
16.4599,0.24263847
2.39605,1.4221065
20.9569,2.1141217
9.26417,5.3010254
0.0,2.1141217
0.433965,0.48485875
0.0190806,1.3515141
0.532481,1.872144
8.01113,5.125725
0.126268,2.1141217
15.9549,50.66509
8.37055,10.990064
0.431208,26.125593
0.00986858,2.1141217
0.789754,2.4518008
0.0,2.1141217
0.0,7.7703295
0.0,1.7641304
0.0,2.1141217
3.34978,56.614372
7.34953,4.440122
15.475,40.44164
23.5057,21.816422
17.243,0.82010317
3.7689,3.7712471
15.1906,30.559162
0.0,2.1141217
0.0,2.1141217
279.087,65.38458
0.00808029,3.5235908
8.08582,11.150835
0.0,1.8084252
90.1931,46.60856
19.053,6.9989443
7.30085,26.150126
0.0,0.9093549
9.97045,14.575435
0.0354657,21.555902
0.346506,-3.840078
619.796,434.20877
29.2456,43.287296
0.19158,2.4759533
0.0,2.1141217
0.0538038,6.05783
2.8793,2.930811
0.0778408,-1.1080408
14.2265,37.083496
0.360221,2.150024
0.0,2.1141217
0.0,2.1141217
0.0396249,4.2666564
7.23403,27.393269
29.961,37.442562
31.889,21.893522
18.2872,2.6174242
16.4448,21.654411
0.0791029,5.2117577
0.0168941,2.1141217
0.150147,61.18591
9.95179,14.724149
6.57803,19.378431
57.7158,21.984438
2.03315,20.583496
0.0,2.1141217
0.0,7.8456926
0.0,2.1141217
19.0535,6.001665
0.0,2.1141217
34.4265,66.661125
0.0,4.18683
7.75804,16.530993
7.72727,12.537587
0.781791,2.1141217
8.57879,20.631374
0.0,2.1141217
1.4993,15.039185
0.0,2.1141217
0.0,2.1141217
0.0,2.1141217
0.808567,2.1141217
76.8716,75.30477
12.3571,23.718971
0.0,2.1141217
0.0,2.1141217
0.0213137,0.35733128
2.6135,9.033802
3.42239,3.3999474
0.027453,-1.5067499
0.0,24.20831
9.91484,4.7071433
48.3711,18.554947
4.90962,15.092061
0.0,2.1141217
2.68705,9.528311
0.0,5.283948
0.0,2.1141217
14.0008,0.015552044
6.50038,2.8707416
10.2716,34.47391
14.3224,3.8547902
43.0166,25.76461
0.0,2.1141217
0.0742893,2.1141217
0.0,2.1141217
17.5554,49.313316
0.0,2.1141217
0.0,12.891946
0.372758,7.4242964
22.7891,2.9149468
0.0,2.1141217
0.0,2.1141217
0.0106149,1.8838608
19.3196,10.028743
0.216623,2.8882394
0.0,2.1141217
0.0,2.1141217
0.0484491,0.078888655
0.0,2.1141217
10.2526,0.10518193
11.3911,19.992884
12.6916,18.207026
0.0228214,2.1141217
24.7117,-7.1797295
17.9842,20.42752
0.0,2.1141217
21.4356,14.218343
2.56798,21.40118
0.0,2.1141217
2.34971,5.74734
0.175766,2.1141217
0.0897363,2.1141217
6.32027,6.5035286
0.0,2.1141217
8.52643,64.90266
34.0732,35.306004
0.0584246,12.60401
0.0,-2.117314
5.02841,0.66490173
8.92213,18.842077
35.0216,34.536022
0.0,3.2865114
10.3509,-2.1562238
4.27029,36.958576
0.0,-2.634526
0.0,2.1141217
4.21751,4.613679
0.0,2.1141217
0.0,2.1141217
0.0,2.1141217
10.4332,3.8368883
0.150147,61.18591
6.82818,8.207519
257.44,18.498844
23.0309,6.68552
0.170468,21.036192
0.0263495,2.819792
11.1677,12.961598
0.0,2.1141217
6.57905,4.661065
0.0,2.1141217
8.87697,12.736652
0.0626873,2.1141217
24.4617,9.339417
0.0,3.5639863
1.16659,23.261015
3.64344,12.375654
0.0128127,2.1141217
38.704,7.384486
0.301423,12.880393
2.61851,19.403263
1.34825,10.976277
0.0,2.1141217
1.76379,16.866945
17.9272,11.98941
0.0541491,2.1141217
0.0,2.1141217
0.569794,-0.31390738
11.9172,-4.0449305
17.7602,22.322918
0.830205,2.1141217
3.03215,0.9124925
123.482,133.57274
80.5417,37.16126
19.7844,26.413437
1.22649,2.6462476
14.4521,2.1141217
1.98213,13.897782
0.0,2.1141217
0.0,2.1141217
3.38186,0.8265302
0.0,2.1141217
16.6777,-1.3113465
6.94088,40.224796
11.8915,19.599068
0.0,-1.3135884
0.0546156,2.1141217
0.0296009,2.1141217
0.24238,13.140169
5.38804,-6.777852
0.0106149,1.8838608
0.272102,2.1141217
0.111054,26.407774
0.177288,30.371185
0.0,2.1141217
45.9377,35.232307
0.0,0.5818193
0.0,2.1141217
204.262,25.576536
2.68705,9.528311
7.93361,18.89825
0.0,2.1141217
146.296,51.281746
0.0,2.1141217
0.220335,28.704147
9.99168,-1.6005414
1.32599,44.604202
0.718386,29.68325
0.0,2.1141217
3.17315,3.9345748
0.0,2.410558
0.0,2.1141217
21.3463,18.96202
0.966317,18.920326
4.68681,7.7477713
0.0,2.1141217
2.22872,4.0356126
23.6372,32.38702
34.0699,9.417664
1.67315,-6.865896
8.51378,3.0949957
5.54419,0.41351032
11.2641,34.21069
0.0,2.1141217
0.0,2.1141217
1.81734,25.246609
4.94766,3.6866925
14.3497,9.582608
22.1832,20.009834
2.85747,-6.298641
5.1564,7.477748
14.8348,8.035438
9.31878,10.46751
0.0,2.1141217
0.173933,6.9186726
0.0,2.1141217
0.0,2.182158
0.0,2.1141217
0.37654,3.5481496
0.0,2.1141217
86.6291,93.002525
0.0,2.1141217
12.6111,18.351051
0.0,-1.2776003
0.0,2.1141217
0.0,2.1141217
20.9569,4.465564
7.72727,12.537587
13.6708,8.523897
0.468849,21.276329
31.889,21.893522
27.6598,24.352205
0.0,2.1141217
67.7779,41.846657
10.3538,21.343754
0.0854619,12.886062
0.0,3.3276572
31.889,21.893522
0.0,2.1141217
3.83245,12.665593
16.3166,16.953072
0.0,2.1141217
0.571642,5.772444
0.0105002,2.1141217
0.0,1.243686
0.0,2.1141217
0.0978433,2.1141217
16.4448,21.654411
0.0436978,2.1141217
0.0,2.134604
0.0,5.1759024
0.0134073,4.740137
73.5802,29.253323
0.0,2.1141217
0.161673,2.1141217
0.0,2.1141217
13.4788,11.344407
4.3179,4.9274054
0.185588,5.7229185
3.4258,4.582966
22.4149,5.7925005
0.123341,23.189003
2.59898,1.9284613
0.0,2.1141217
0.0,2.1141217
0.0,-2.634526
0.0,2.1141217
19.9297,4.887971
38.7189,8.172306
0.0626873,5.6736784
2.68947,-1.0063834
0.736154,2.1141217
0.0,2.1141217
7.93361,18.89825
0.299234,2.1141217
31.8925,15.607489
0.0,2.4230373
12.9969,17.113083
91.8889,14.929069
1.68809,1.6335256
0.160392,13.627924
11.0134,1.563101
0.0190806,1.3515141
0.0329041,2.1141217
0.0607464,2.1141217
34.684,21.69781
65.8736,28.888218
14.7355,11.540882
0.227111,2.1141217
0.0,2.1141217
27.025,58.761467
0.00760631,2.1141217
0.0,2.1141217
0.0,2.1141217
110.905,23.040335
2.03315,20.583496
0.0,2.1141217
0.0589175,2.1141217
0.0,2.1141217
13.9122,22.010479
1.52594,12.671809
0.038988,15.606725
6.00416,7.284609
10.2635,8.87165
0.656222,-2.120679
0.0,1.2526953
0.0,2.1141217
0.123116,0.4001565
0.0,2.1141217
8.46153,-2.338165
6.23221,2.1141217
0.0,2.1141217
16.4448,21.654411
0.0,-0.90776896
26.3449,27.25573
0.0,1.6565335
0.0855931,1.0702248
38.012,12.836405
0.0,2.1141217
7.84176,82.561455
7.68402,12.103691
28.4181,34.678646
13.8031,2.1141217
5.1839,6.9186726
5.72192,1.9631965
17.2133,9.399067
0.0,1.1903033
0.736154,2.1141217
14.5293,35.719997
3.54823,-0.17377341
0.0,2.1141217
49.3187,27.995983
0.0,2.1141217
25.3389,-0.15538669
0.0,2.1141217
30.2831,33.21736
9.40631,16.148993
13.3781,9.791596
0.0272644,1.2445958
0.0,2.1141217
0.0,2.1141217
0.0,1.4200249
34.5456,2.474578
6.95008,9.811825
4.24122,12.005107
0.300234,2.1141217
0.00973541,5.3768916
53.5033,4.1290407
7.8104,5.6115723
1.17735,7.868469
0.249562,0.12338662
25.0896,5.140582
6.98252,8.415914
6.2082,15.418272
49.3187,23.168228
10.8677,16.92848
20.3765,10.640912
194.251,95.85627
0.0,1.9440725
0.0437111,2.938205
185.622,2.1141217
3.92858,17.172031
9.91484,4.7071433
0.178165,37.92875
2.85747,-6.298641
29.2461,37.31021
0.0,1.4341352
23.4552,30.154346
6.4306,1.8449137
6.71604,21.236992
0.0,2.1141217
228.807,232.03015
0.0,1.1894324
0.0,2.1141217
1.81632,5.216484
26.8874,30.53358
16.7084,39.968853
0.0,2.1141217
18.7897,14.0975065
0.0698554,1.8214407
0.0,2.1141217
31.889,21.893522
0.535877,11.669469
32.7078,52.19234
0.0,1.1225266
16.0687,5.4886456
0.0,2.1141217
7.93361,18.89825
28.8048,22.634153
12.4639,2.1141217
0.0,4.6370735
1.80628,15.073131
2.59898,9.723608
0.301719,1.2150905
0.0833102,2.1141217
0.0,2.1141217
0.0276603,2.1141217
6.08398,28.95123
0.120171,11.868009
28.1376,12.335235
0.0120289,4.707614
6.97012,11.418522
0.0,2.1141217
4.18611,10.130814
0.0,2.1214488
0.0,-0.86694646
3.74162,1.2334211
0.0,1.7613995
1.77718,1.5209494
0.0,2.1141217
113.286,22.956436
0.0,14.150109
10.5992,1.3384106
0.0,-0.052932978
37.3936,0.5542848
3.61034,20.918056
67.7254,19.630344
0.029949,1.4826834
16.4003,17.390299
40.7414,19.069733
0.535877,2.1141217
0.0143878,-1.7330163
0.0351588,2.1141217
52.0819,5.145871
7.33227,32.993034
0.504179,2.1141217
0.0,2.1141217
0.0,2.1141217
1.9817,22.482477
0.0672431,2.1141217
19.7835,20.157131
10.8169,9.909786
0.0,2.1141217
45.9039,14.968238
0.0,2.1141217
9.84674,28.694233
0.00820536,2.1141217
0.0,2.1141217
0.0,3.9399197
0.0,0.32187057
0.0,2.1141217
5.76944,32.802216
4.54498,20.431618
46.6668,56.18516
369.853,224.37514
39.7798,16.928448
0.0,2.1141217
0.0,13.649716
0.0,2.1141217
29.0531,1.2210748
8.62209,35.890793
0.149583,3.2247245
10.8066,5.889045
4.57721,2.0032527
0.0,15.562503
19.4241,12.33274
23.5057,21.816422
0.0,2.1141217
0.0,2.1141217
1.90781,51.43884
0.0,27.36461
2.38675,29.207705
0.0,2.1141217
18.209,18.754967
2.56798,11.1590185
0.0,2.1141217
17.2728,36.724373
0.0428877,2.1141217
0.339197,0.10518193
0.0294241,30.606953
23.569,21.365574
0.0,2.1141217
19.3196,10.028743
0.0600719,2.1141217
10.1609,16.646482
6.47026,33.207016
0.0,2.1141217
0.0276267,5.090398
0.0929124,2.1141217
16.4448,21.654411
30.5792,10.601001
0.0782584,2.1141217
77.0235,50.666264
2.62229,24.759777
3.36182,13.686793
69.8357,51.6181
3.77614,8.985717
60.8617,29.421284
0.0,2.1141217
0.0,2.1141217
17.383,22.407894
0.0,2.8751018
0.0657912,0.45112586
0.0,2.1141217
4.18053,28.803114
10.7566,109.494774
9.463,2.1141217
0.0,2.1141217
9.42161,66.048134
0.0,2.1141217
5.06259,2.819084
17.1771,2.735294
16.325,3.172859
0.0,2.1141217
17.243,0.82010317
18.374,17.446598
3.94202,0.34535432
0.0,2.1141217
28.3986,21.106653
0.0589175,2.1141217
41.4786,46.66471
0.0,2.1141217
3.35149,26.443491
0.0,2.1141217
10.6428,28.57281
0.0,0.9080229
0.0,2.1141217
0.0,0.25726867
5.93282,18.128143
1.61219,-2.7970178
23.569,21.365574
16.4599,0.24263847
0.0,7.331991
8.96255,6.392685
0.690993,2.3348918
0.0,2.1141217
0.0936641,2.1141217
40.7339,-0.28217697
17.0974,8.3452635
0.0,2.1141217
0.0,2.1141217
0.144784,2.3550985
0.0,2.1141217
6.41882,15.31948
1.45705,20.634068
16.4448,21.654411
0.0,2.1141217
18.7897,14.0975065
0.0,1.1779215
0.0,2.1141217
12.5591,5.4735737
11.6269,13.381017
0.0,0.82010317
0.0,2.1141217
0.0,2.1141217
0.0,2.1141217
0.0,2.1141217
49.2648,20.870726
9.86318,17.832855
28.9819,21.010216
0.0,2.1141217
29.2335,9.365639
0.885176,21.284657
0.0,2.1141217
0.0,2.1141217
12.3578,16.102467
0.0,2.1141217
52.2404,19.97969
50.0979,-0.25099576
0.0,2.1141217
19.8674,14.434878
10.4821,5.967244
0.0,2.1141217
0.0,12.939656
15.332,23.328384
0.103637,-1.597868
16.2326,18.75601
1.89412,8.068688
1.24542,2.316946
20.4143,13.431645
0.5899,9.898188
0.0,2.1141217
25.2712,4.830035
1.3827,42.85196
14.6375,3.1076014
5.65498,15.885867
0.0,2.1141217
2.73634,2.1141217
9.13831,23.220432
25.7537,6.1086254
69.8534,22.4343
18.0396,20.97514
0.0,2.1141217
0.0,-0.58544993
0.0574138,5.1459646
329.336,190.8882
0.0730304,2.4858763
0.0598996,19.620708
0.0,2.1141217
1.90568,2.1141217
0.033392,3.2515829
0.0,0.59498954
6.22231,15.379952
4.87841,25.602213
0.0,2.1141217
8.99935,22.510468
3.89551,5.3020415
0.0352451,2.1141217
0.0,1.6752121
6.86187e-06,2.1141217
0.0879026,1.5660942
17.5554,49.313316
0.0,2.1141217
0.0,2.1141217
0.0,2.1141217
0.0,41.218708
0.0,31.186005
61.7468,42.32584
9.91484,4.7071433
15.7461,-0.45812678
0.0305259,2.1141217
0.30508,4.062438
0.0,20.410673
619.796,434.20877
0.0,13.832611
13.6708,8.523897
0.0,3.1487815
10.6141,17.420406
0.0512541,2.1141217
0.0,2.1141217
16.4599,0.24263847
4.25857,13.591169
12.5176,7.5246763
12.0554,12.752933
45.3564,9.77436
0.144784,0.32187057
0.0,-0.86694646
0.620975,2.1141217
238.224,183.44614
0.0689686,1.4598725
1.37359,3.8447692
9.36233,2.9015365
0.265995,3.9701755
13.3042,15.073131
0.0,-2.634526
4.52907,19.029829
1.06559,52.391766
140.312,40.985767
0.0,2.1141217
0.129307,2.1141217
5.87127,1.2801943
7.16273,9.787513
0.0662744,2.1141217
1.57529,-1.8687651
0.834837,12.317666
70.6236,60.977932
16.1526,11.347529
0.910897,3.541621
2.74106,6.8910837
0.0916769,2.1141217
0.626267,2.1141217
0.432452,2.5746112
0.00930226,2.1141217
0.0,13.074402
4.0341,8.315525
0.375869,3.757612
0.103637,-1.597868
2.22122,9.873184
0.0207901,1.6059716
2.92301,11.525947
0.0323348,11.053229
36.5753,27.876606
4.85685,2.1141217
0.0657912,0.45112586
17.4992,-11.343066
157.205,39.021313
0.496611,2.1141217
0.0,2.1141217
0.132425,4.0967426
9.22554,0.82010317
0.0,2.1141217
0.0,2.1141217
2.93396,36.088467
0.105102,-2.4667041
1.65003,9.023109
0.0591675,-0.52477956
2.61957,9.912817
7.157,4.188431
57.3396,9.072177
0.0614976,2.1141217
0.0626873,2.1141217
0.0,2.303575
81.5728,77.25051
0.0,2.1141217
9.70645,14.700516
0.18013,2.1141217
0.0,24.708408
0.0368987,-1.6417942
75.4154,19.801426
0.111079,2.0371778
0.581551,20.715538
0.0,2.1141217
0.0169032,2.1141217
0.0198227,4.3643274
0.345062,12.43255
0.0347835,3.4261441
0.0,0.80443263
36.5509,17.172604
0.0,1.2445958
0.0,2.1141217
44.4403,25.351534
0.250793,20.583496
18.4152,9.530865
0.0,2.1141217
0.251745,11.323427
0.0,2.1135747
0.242017,1.3570955
16.4448,21.654411
19.3974,21.52784
0.0,0.29086542
54.9264,59.097954
0.227111,2.1141217
0.0,2.1141217
11.6477,41.11948
238.224,183.44614
0.02025,2.1141217
0.571642,4.0327816
284.186,2.1141217
5.52068,-3.9367893
16.5249,25.270668
5.31905,9.185401
0.0446926,2.1141217
20.3765,0.29744983
0.288447,2.1993341
0.0,2.1141217
0.0270653,1.8124747
24.5695,19.715477
0.0,2.1141217
0.0347934,2.5963957
0.0,2.1141217
39.6299,-1.1134276
0.0756973,2.1141217
0.0324436,2.1141217
0.0931813,2.1141217
29.1174,16.727327
12.3578,16.102467
0.0,2.1141217
0.0,2.1141217
17.2556,18.042282
0.365597,19.676054
31.6073,13.252067
0.0,2.1141217
1.2552,2.1141217
53.0483,35.026638
0.0,3.2865114
9.84674,28.694233
32.5265,2.1141217
1.71379,12.77907
0.025486,7.4242964
0.0,2.1141217
0.0,2.1141217
7.81582,20.938263
5.52068,-3.9367893
0.0,26.626692
0.332686,14.289702
12.3317,-3.679713
0.891171,10.435331
0.110945,2.1141217
6.32027,6.5035286
0.0,7.7846727
10.7566,109.494774
0.0,27.527927
5.24507,22.119654
13.0092,2.1141217
0.0625221,2.1141217
0.0,2.1141217
17.4652,21.812561
0.0,2.1141217
0.0995542,2.1141217
89.741,42.025944
3.80485,2.1141217
2.7544,9.793563
8.18148,16.901068
0.0,2.1141217
0.0,3.5639863
0.0806803,3.9488125
7.28997,12.212889
8.74772,24.145414
0.0,2.1141217
0.0,2.1141217
0.194605,2.1141217
0.0,2.1141217
5.54419,6.6290503
8.29918,4.210681
3.01554,12.65297
2.59898,9.723608
8.68537,11.738059
17.9272,21.92455
8.15758,18.215109
0.797986,-1.8792388
0.0,2.1141217
0.0,2.1141217
11.5061,11.981066
0.0,2.1141217
39.6299,-1.1134276
8.26712,1.7887456
11.1964,22.164715
5.73474,10.933267
17.6175,23.586443
37.8396,15.489123
0.0,2.1141217
18.6769,20.776756
22.5227,29.068928
31.7232,26.822247
8.54713,1.5715945
0.328541,17.174093
0.614049,10.034148
0.425769,10.59468
12.4639,2.1141217
0.11602,2.1141217
27.3451,27.962639
23.569,21.365574
5.7807,10.958059
0.051393,0.29744983
0.0,42.07466
0.0,2.1141217
9.13831,23.220432
0.179279,12.164913
2.24119,27.987976
0.751981,27.494837
0.0377064,0.29086542
0.0311339,2.1141217
23.0695,9.424894
0.684311,6.288002
0.02025,2.1141217
34.0732,14.971354
0.0,2.1141217
29.1625,8.818016
0.0,3.0768182
6.34011,9.2391205
0.245768,12.436717
21.7379,18.35537
0.0506962,2.1141217
1.50983,-0.19677234
28.2793,12.629026
0.0130207,2.5935335
22.5174,25.545338
6.32027,6.5035286
7.29843,20.053232
0.0,2.1141217
0.144043,3.3280761
0.0,23.261015
13.2173,10.218873
58.1102,10.541773
4.68552,27.693064
0.0,2.1141217
26.1965,23.195505
21.1136,23.271587
0.0137033,1.6542675
0.01267,2.1141217
0.0464147,2.587566
0.0,2.1141217
46.9646,21.30013
28.6632,2.1141217
0.0,0.23818994
5.20518,3.7321448
803.796,591.1702
2.0112,22.51567
18.9824,42.571568
0.0,1.3038502
41.5662,23.867569
0.0,1.053874
0.0503724,-0.69649386
0.0,2.1141217
1.96732,26.462921
4.39554,0.83258224
0.0606786,2.1141217
20.7926,7.6101017
0.249562,0.12338662
1.25105,16.780394
11.3667,7.109027
0.0,2.1141217
35.9072,17.661873
0.0,2.1141217
0.0,2.1141217
9.77187,6.593405
0.0,2.1141217
0.0,2.1141217
2.09633,14.548491
19.633,20.23693
2.64048,2.5237453
0.0,2.1141217
0.0,2.1141217
0.0,2.1141217
1.11499,15.72045
8.26953,12.033612
15.7858,9.4837265
0.0,2.1141217
0.38795,2.1141217
1.7973,0.380116
0.0,2.1141217
9.86152,8.36168
1.28297,-25.893597
0.0,2.1141217
0.0,26.938784
16.4925,17.136702
0.0221484,3.289676
0.835289,7.557605
0.0,2.1141217
0.0,2.1141217
93.0804,61.96769
24.7117,2.1141217
0.0,2.1141217
16.2454,22.142788
0.0,2.1141217
0.0,-2.0255048
25.3914,42.644386
0.0,2.1141217
0.0,2.1141217
115.406,39.465214
226.44,123.623695
9.9046,41.33076
1045.48,307.0721
5.33864,12.968989
0.0575151,2.1141217
1.40734,2.1141217
7.88359,21.519276
0.0,2.2632823
0.0,2.1141217
0.0,2.1141217
0.111054,2.1141217
4.74464,12.30243
0.0,2.1141217
15.7273,0.33002996
388.687,300.3846
11.9639,8.208203
0.0,16.477692
194.475,67.47471
36.9143,14.88445
0.792194,0.22055268
0.0,2.1141217
7.66203,9.511516
0.105792,2.1141217
0.890405,12.242013
0.0,2.1141217
29.961,37.442562
0.0,2.1141217
0.0,2.1141217
12.627,14.529803
0.886348,2.1141217
0.0,2.1141217
0.409423,2.917946
0.0426157,-0.28248084
0.234005,1.8119814
0.144784,0.32187057
0.901907,13.832611
50.4199,36.242344
11.6433,9.349525
5.16592,12.6873865
13.3042,15.073131
0.0467859,0.7773931
0.0279739,3.969967
0.0,2.1141217
71.0243,83.96317
0.0,2.1141217
11.1964,22.164715
0.0,10.408883
13.1318,-2.8347104
0.0,2.1141217
28.9256,1.8119814
7.38977,4.9915714
20.0894,21.022554
0.966317,18.920326
23.0079,30.548077
8.71518,13.341858
6.4931,5.995144
0.0,-1.364193
5.41455,14.088052
0.762179,41.82817
0.0,2.1141217
10.6178,16.72379
0.0,13.460553
0.0,2.1141217
0.0,2.1141217
0.31996,9.898188
14.7039,6.176255
0.0,2.1141217
12.7551,-1.6572886
2.22558,3.6310375
0.178689,2.7844126
0.635897,6.125622
0.132783,2.1141217
0.0,2.1141217
0.628994,2.080645
0.0,2.1141217
0.027591,3.7348528
0.0574949,0.1375947
12.1396,-2.8070405
9.47653,3.8391938
0.830667,2.1141217
9.4149,22.957647
5.26932,3.92746
97.4002,58.89825
11.2641,34.21069
0.0994218,2.1141217
0.0,-29.002003
0.0,2.1141217
12.3122,12.197191
0.675238,4.689583
0.0,70.00494
2.62049,12.880393
77.0235,2.1141217
0.0,-3.7115495
1.08185,4.2690334
30.3527,6.1022053
0.0,-2.634526
141.193,55.208614
169.204,177.49995
0.0,2.1141217
0.0,16.29937
2.95917,5.8945866
0.168757,4.7411222
0.0,2.1141217
50.4777,33.074425
0.0,2.1141217
0.0107011,2.1141217
0.0,2.1141217
0.0377064,0.29086542
11.3712,6.4121466
19.4241,12.33274
78.8657,74.31631
0.0,1.7065876
4.71807,49.278996
0.02025,2.1141217
23.5057,21.816422
12.4457,14.838422
0.0898809,-0.3751905
17.6053,16.301317
0.456477,45.479626
18.2878,14.922467
0.317921,-0.1368444
67.7941,34.27927
26.1965,15.0522585
0.0,10.0767145
11.4622,5.590687
41.0443,8.696648
14.4473,-18.416367
133.336,71.002205
0.0950896,28.249992
5.72736,25.606443
0.0,-2.3862267
3.83202,14.142978
0.0,2.1141217
0.454819,9.72211
6.32035,0.31600738
1.59969,16.3433
0.153238,7.916854
28.6632,2.1141217
0.678751,2.1141217
7.8008,4.707923
0.171902,5.0456114
9.72954,-0.8928628
0.0,17.698967
71.8092,36.791588
33.7368,4.876521
0.364658,14.1590605
25.161,5.913929
12.3578,16.102467
0.0178874,2.1141217
0.0118779,2.3457112
0.30269,2.5877697
22.4628,2.1141217
0.0,2.1141217
40.4993,47.420902
0.0,2.1141217
0.0,2.1141217
0.0,2.1141217
16.7383,28.520363
4.05046,11.931605
12.7752,-109.377266
14.9119,13.114638
135.162,33.093777
1.23097,2.1141217
0.16364,2.1141217
0.0,10.759589
14.0855,13.72173
13.5394,13.749336
22.6165,44.767735
0.0,2.2329335
0.0790217,2.1141217
6.16726,2.608721
0.096906,2.1141217
0.0694929,2.1141217
20.3765,10.640912
0.606088,1.84133
5.56911,3.1936011
6.32027,6.5035286
1.80889,0.67432
0.0643914,1.79281
0.736154,2.1141217
0.383809,2.1141217
14.7784,17.66933
4.17273,6.5554934
76.748,17.232622
0.0367926,21.513577
21.3463,18.96202
4.91671,5.141102
0.0,1.9134045
20.6573,30.94889
0.0,3.989751
0.0,2.1141217
0.0,1.4856396
0.0,2.1141217
0.0,2.1141217
0.114256,2.1141217
11.3911,19.992884
0.217464,9.093595
0.0,2.1141217
57.1107,35.8438
17.957,22.607895
115.353,56.15271
3.298,4.025865
0.0324436,2.1141217
0.885176,21.284657
88.0783,51.97717
0.0930758,3.6179678
0.0,2.1141217
0.0,2.545734
0.963527,42.94617
0.0,1.5094061
15.1906,30.559162
4.43243,-1.6287558
0.0,2.1141217
12.8443,22.557976
21.5036,9.454957
0.0165863,2.1141217
1.85969,10.110908
0.0,2.1141217
0.514134,0.22055268
5.8166,8.822473
0.0,2.1141217
0.16082,2.1141217
4.4391,3.1621983
0.0,2.1141217
0.0,8.969569
0.0210097,0.081269264
0.288033,-37.09846
7.29843,20.053232
17.5688,6.8314457
0.0394029,1.8512552
74.0911,7.198861
0.102701,2.1141217
11.8354,8.63562
0.205377,5.4409432
0.0105764,2.1141217
46.2607,15.489123
0.496611,-2.7219298
6.0391,19.326395
12.6742,12.02814
0.0,13.440008
0.0610322,2.1141217
0.0165863,2.1141217
0.0,2.4712393
0.49084,3.3763208
9.96983,11.330293
17.4511,31.432217
0.0,2.1141217
40.1683,22.044437
4.82083,6.2331944
0.027591,3.7348528
0.0,2.1141217
50.4777,33.074425
1.32434,33.109955
0.0,2.1141217
66.5703,4.818945
0.0995542,2.1141217
0.0476635,19.476517
0.0771056,1.9791236
0.0,2.1141217
0.0,2.1141217
0.375869,3.757612
19.633,20.23693
23.9209,12.206191
0.0443369,0.18679142
17.243,0.82010317
93.6125,62.979836
0.0927349,2.1141217
77.2059,37.37764
0.0,0.7688017
0.0,2.1141217
0.0339982,9.898188
0.838381,17.994759
0.00596473,2.1141217
6.58066,13.966818
2.88541,42.744797
0.0,2.1141217
0.051393,10.640912
49.0936,28.887573
0.0,1.3078759
8.56211,20.435944
0.541685,0.14989567
0.0,2.1141217
0.839133,0.82010317
1.5408,20.605999
0.0,1.0041125
0.0422013,-4.7733746
16.651,6.9716806
0.0,2.1141217
2.26045,2.2282217
38.3718,53.655064
31.889,21.893522
0.0,0.80443263
13.6265,7.868375
0.0,2.1141217
6.69117,-1.8496583
0.0,1.8117394
5.02273,4.1533623
0.0,3.2658224
1.58275,15.153686
0.0,-1.9556873
0.0,2.1141217
0.0493872,2.1141217
0.200307,2.1141217
0.0,1.0528219
64.329,2.261417
2.62976,2.0075862
0.0,2.5286202
28.0864,16.69036
0.738765,15.435817
52.5314,10.482551
0.0,2.1141217
27.0957,14.865526
13.9542,-6.6009407
0.173933,2.1141217
0.0483081,2.1141217
48.1875,62.82497
29.3879,5.1060457
3.81813,8.837474
0.0,2.1141217
6.49945,15.811655
45.9852,2.1141217
0.0,2.1141217
0.553444,3.3558862
0.0633444,2.1141217
0.0219448,2.1141217
0.0,2.5038996
0.0,2.1141217
4.40395,18.953417
0.0,-0.30830288
0.0377064,0.29086542
8.40817,36.72555
5.97234,13.948318
12.0945,-2.00752
2.05419,15.736459
0.370303,7.5929995
37.1852,26.776608
1.91111,2.1141217
0.0571442,-1.1662993
0.387586,2.1645496
17.5005,2.1141217
31.889,21.893522
110.799,66.75547
0.0,2.1141217
0.0,2.1141217
0.663635,-0.18402219
0.0,2.1141217
0.97247,5.533186
0.0,2.8174307
15.6274,19.517946
0.0,2.1141217
9.33523,8.05382
0.0,1.3802133
1.20503,2.1141217
46.9646,21.30013
0.0,2.1141217
11.3792,21.755737
0.0,0.5771313
397.601,27.733875
0.0,1.9055262
95.38,75.97858
0.0352722,1.6092777
7.50482,1.982399
7.5427,45.81317
0.0,50.546867
0.0672102,2.1141217
0.0,2.1141217
20.7329,30.469097
5.80388,54.218708
0.552373,10.851462
3.02328,-1.1835473
0.0,2.1141217
9.31878,10.46751
6.61661,28.388197
30.7407,20.473797
0.546353,2.1141217
0.511387,22.120384
5.57721,5.2003517
5.02841,0.66490173
16.651,6.9716806
23.569,21.365574
0.103805,2.1141217
32.3262,24.57002
0.0,-1.8459575
35.4512,44.636066
0.0892567,14.695136
0.0933876,14.627446
181.813,76.126884
84.2077,48.983906
0.0,2.1141217
248.46,50.956738
0.0,2.1141217
0.0,2.1141217
7.98703,32.049744
3.5795,1.7563076
35.2742,7.1287756
23.8543,2.1141217
0.0,8.412605
197.497,40.74506
55.489,20.959446
8.99935,20.447876
14.1949,18.580204
27.5158,15.513185
6.94836,17.617842
0.795791,2.1141217
9.4149,22.957647
17.3573,24.56287
1.61069,9.286931
0.0,1.692682
0.0,2.1141217
12.3122,7.80099
0.0,2.1141217
9.26149,21.004723
29.0894,28.068438
0.0441422,7.1715965
54.8613,2.5952942
12.8384,35.5914
61.7468,42.32584
0.319336,8.554059
0.217464,0.3372779
0.613407,24.28534
0.0468538,61.18591
31.6466,35.105732
3.4099,-41.936836
26.9514,2.1141217
0.0464147,2.587566
53.2938,37.033314
84.2077,48.983906
2.62049,12.880393
0.165727,1.2098997
47.1426,36.454002
0.0,2.1141217
18.6327,22.600948
0.0,2.1141217
0.0,2.1141217
55.8734,23.068256
0.0,2.1141217
6.42352,12.842875
5.34906,1.3923142
14.4787,21.965393
10.4987,0.73700213
31.889,21.893522
0.0,2.1141217
0.041684,-1.7270887
0.0198446,-0.2861935
4.54029,23.752392
0.0,2.1141217
0.173196,3.621923
0.0,2.1141217
41.1354,2.2013795
0.0405724,23.31474
2.8386,4.123357
0.627129,13.437821
1.43715,12.211312
27.5158,21.92455
6.96124,40.808414
0.0,2.1141217
4.15016,6.6593018
2.19107,7.443712
4.25521,21.096123
32.0812,5.347686
24.7117,-7.1797295
0.0,7.8813066
14.2404,1.0983262
56.8403,41.082558
0.014401,2.3580024
31.889,21.893522
3.68977,6.2716837
0.0385982,2.1141217
0.0,2.1141217
0.0,2.1141217
0.0,3.661031
24.6134,20.79081
1.47888,0.82010317
1.47614,4.926675
4.60872,3.437445
0.0,2.1141217
23.9847,26.924408
0.0528512,2.1141217
1.18369,4.584762
32.5265,2.1141217
0.792368,-19.363539
3.85496,4.016053
0.0,2.1141217
0.051393,10.640912
0.735041,9.962192
0.0,2.1141217
21.7949,16.536327
74.3385,58.945747
12.2934,21.067387
32.6081,13.530164
0.095132,14.513859
0.0,2.1141217
0.0,2.1141217
0.0,2.1141217
13.5935,39.109245
0.0159457,1.6923387
0.0,2.1141217
0.0,14.436345
2.33011,1.6008718
0.0,2.1141217
8.67667,21.128986
0.0,1.2836053
0.0729982,2.1141217
0.0221842,0.2852447
0.0137033,1.6542675
0.0,2.1141217
0.0,-6.0643682
66.0182,23.26998
0.00905912,-0.02811122
0.396267,2.1141217
0.0284012,2.1141217
86.3551,85.7454
0.0,2.1141217
0.0,2.1141217
2.9901,1.6139076
8.87697,12.736652
0.0,2.1141217
0.0,0.29086542
0.0,2.1141217
0.0799965,2.1141217
0.0,1.9707439
46.9265,43.31048
12.9993,15.3572855
317.826,131.27013
11.3131,12.147494
0.102512,2.1141217
0.0,18.332233
0.0629288,2.1141217
8.35015,17.946491
0.0713237,-1.8705728
0.0359843,2.1141217
7.49834,10.705868
0.0,1.6542675
60.3985,62.8472
3.75554,36.054043
0.0,2.1141217
0.0357039,2.1141217
0.0,29.371094
38.8106,21.905872
3.40206,11.675517
0.0,2.1141217
0.105614,2.1141217
0.0455359,2.1141217
1.99183,13.650822
10.0719,6.941328
0.0,2.1141217
0.0210097,0.081269264
5.16,13.395265
0.0454055,2.1141217
2.02652,12.43255
0.164834,2.1141217
0.0,2.1141217
0.00992251,2.1141217
0.0,2.1141217
0.0,2.1141217
0.0,1.1606264
7.28997,12.212889
0.0,0.29086542
3.20272,17.74612
15.6812,16.77366
0.0,1.1357708
0.0,2.1141217
0.5899,9.898188
0.0,2.1141217
0.0134532,0.7698097
25.3641,11.298175
0.958575,5.3971796
19.8766,33.074703
30.6925,26.891708
23.7573,10.663116
0.065881,0.5005071
0.0,2.1141217
0.0,1.1689358
15.5078,20.778877
0.0,2.1141217
12.3571,23.718971
2.45441,5.674466
5.52068,-3.9367893
67.7821,122.159065
0.0,2.1141217
1.28642,0.38109183
9.92708,11.343523
0.0,2.1141217
9.44222,0.3589573
12.186,4.499382
0.223302,3.6475482
0.0104634,2.1141217
0.0,2.1141217
14.2894,11.5041895
0.01066,1.4869483
0.0,2.1141217
0.597943,7.290594
11.9314,9.694339
0.0,2.1141217
9.52719,10.541505
27.6193,14.770433
0.0,2.1141217
0.756351,6.767269
2.97333,10.655471
18.1666,14.705096
22.0206,8.511662
0.0157039,-1.9556873
16.1797,8.6883745
13.1361,-1.2776232
0.511384,2.1141217
26.1965,23.195505
60.3985,62.8472
0.0,2.2980793
0.0,2.1141217
0.529199,10.377083
0.0,2.1141217
3.29546,3.7885969
0.571642,5.772444
0.853314,20.116638
0.0285535,1.4239025
13.0144,12.043419
0.0,2.1141217
0.125719,1.1606264
73.4655,28.25628
0.0148745,-0.010811567
6.66568,5.5867844
32.6081,13.530164
0.700428,5.5113134
0.0,2.1141217
6.12865,7.2852087
0.0,0.5771313
2.30733,12.250508
2.73993,1.2791839
0.0,0.29744983
7.18014,5.647048
8.44341,-2.7970178
14.2189,4.4441996
1.81632,5.216484
22.0206,15.729869
0.0,1.467035
0.0,45.150013
2.92734,0.39718294
0.214522,18.727428
0.0232924,3.69653
0.195654,4.7769012
0.454176,2.1141217
7.24983,35.124447
2.59898,1.9284613
93.0901,155.81557
13.7404,2.0259993
10.4322,38.53622
10.5992,1.3384106
6.58066,13.966818
13.3117,22.231422
0.0757449,2.1141217
0.0,2.1141217
202.187,135.56563
7.74843,11.426965
0.0,1.6154392
0.0,2.1141217
0.259034,8.156797
1.54195,-2.0603368
2.92653,2.1141217
34.7113,0.103936434
13.2632,14.864829
21.4343,26.125593
0.0,2.1141217
2.24119,27.987976
21.587,15.2647505
0.994498,2.3328109
25.05,24.838282
27.0976,9.313635
0.0,9.724065
21.6382,10.865241
0.0,2.1141217
0.0,2.1141217
8.24252,15.425185
18.8538,6.118285
5.59409,2.1141217
5.73377,13.911994
13.801,12.708058
0.0,0.9093549
14.6496,7.290594
0.0,14.134147
0.0,0.60117507
189.88,68.87721
4.21751,4.613679
0.27959,2.1141217
12.992,21.633718
14.9189,12.268069
0.0194959,4.4635944
17.7734,17.169327
148.512,51.299713
7.03976,2.1141217
0.0,2.1141217
17.3293,28.01065
37.4822,32.07098
0.0933876,1.0973876
0.0236888,0.7721243
0.0,2.1141217
0.0,2.1141217
13.1361,2.1141217
3.6301,3.7142632
0.0166473,2.1141217
2.18458,2.1666377
0.0506962,2.1141217
0.0354657,21.555902
9.79811,23.08047
32.9917,18.341232
0.196792,1.180531
5.1839,6.9186726
5.16818,13.174434
1.26098,1.0983262
0.242017,1.3570955
3.5795,1.7563076
0.0,2.1141217
0.23815,2.1141217
0.0,2.1141217
0.0,1.0870891
17.6053,16.301317
0.0,-2.634526
0.062601,1.2758057
0.0,1.5802901
0.0,2.1141217
6.83592,20.064575
0.0345689,2.103591
9.45517,24.905373
0.241039,2.1141217
1280.87,-6.7644415
0.0398024,1.2805178
0.0357039,2.1141217
0.0,1.5903652
8.4425,13.405335
103.316,38.344707
10.7675,22.607895
3.31365,5.141102
0.0788355,18.352467
7.93916,22.228308
0.0820103,0.57958484
18.2872,2.6174242
13.8586,4.9755125
0.0,24.455345
0.0,2.1141217
0.307996,16.31264
5.61546,13.032371
2.91861,2.1141217
0.226759,-3.488312
28.7411,20.342075
0.486461,-1.2029183
18.3279,13.478728
15.893,25.819319
274.252,116.23048
1.85055,15.572171
0.0,2.1141217
21.2297,3.3277707
0.273661,42.571568
0.0,-1.230902
14.7658,10.350167
0.00899691,1.2756829
0.0,2.1141217
127.057,24.455345
29.0439,30.586754
9.99394,18.21691
0.473352,7.251457
7.49062,5.1169796
4.41925,-0.19104433
0.0,10.640912
14.6375,2.1141217
0.0,2.1141217
0.237497,1.5399765
0.0,-12.017974
14.1155,3.2499092
21.9927,22.145355
0.0879026,31.99709
0.0362714,2.6312058
25.6865,3.1584702
93.0901,155.81557
18.2872,2.6174242
6.97007,10.70078
0.334677,2.1141217
0.0,2.1141217
0.0722183,2.1141217
0.0160634,0.80443263
0.0,2.1141217
56.0883,18.191132
0.0,2.1141217
14.8319,15.980302
4.74985,1.9156694
0.0734416,3.4751265
7.14585,4.917487
0.0,1.9134045
8.67667,21.128986
0.0,2.1141217
0.0,2.1141217
9.45517,24.905373
1.20083,4.4467125
2.64016,16.755632
0.0,2.1141217
13.509,8.925465
16.0687,14.519736
0.251554,2.1141217
56.1358,22.059027
27.4574,17.240921
8.18569,14.285699
0.0,2.1141217
0.814287,11.453752
0.0,2.1141217
2.9214,-8.80868
79.756,20.216993
0.668523,0.46547556
0.209847,53.59527
31.889,21.893522
0.00529184,2.1141217
1453.55,323.21393
0.0734686,16.097927
6.77438,1.8419385
0.111079,2.0371778
17.6696,10.100707
7.74843,11.426965
23.3344,12.629026
0.523155,6.125622
0.0870096,2.1141217
4.91117,3.751591
22.6392,22.235886
7.9533,1.044394
0.0262871,2.1141217
0.0219575,2.1141217
0.0,2.4248152
0.0394935,2.1141217
42.7111,32.134922
23.5057,21.816422
2.2593,47.180145
0.0,2.1141217
41.1944,15.540343
0.0,2.1141217
23.7995,2.1141217
2.15402,10.534335
2146.5,541.1199
0.0,2.1141217
0.0,2.1141217
29.1051,24.517738
0.0,20.036362
0.542442,8.06158
6.37074,-0.39824772
0.0,24.048119
279.087,65.38458
0.542215,1.6068642
0.0,2.1141217
0.72045,11.347529
18.8605,31.110634
0.53003,8.051935
0.0,0.8747239
8.30396,22.658602
68.1974,68.59871
0.148794,1.721946
24.5835,14.672391
0.0685767,2.1141217
18.7897,14.0975065
0.146254,2.1141217
0.0,2.1141217
6.86443,9.686059
2.30486,8.999922
0.0743324,2.9054687
1.66843,3.12074
8.18259,20.277609
0.0,2.1141217
20.1487,1.9199128
3.9012,3.596226
41.1222,40.656338
1.00418,1.7671654
0.341669,0.9734473
4.91671,5.141102
0.885176,2.1141217
29.2461,37.31021
8.98008,5.105727
7.44695,36.43048
0.0,2.1141217
15.3317,-23.481853
0.0,2.1141217
0.0,2.1141217
1672.53,979.53864
4.51484,19.173737
0.0,2.1141217
2.59898,9.723608
11.1811,28.803894
0.0,-0.5591302
0.11797,2.1141217
0.0844384,2.1141217
0.0,19.514023
9.95179,14.724149
14.8348,8.035438
0.180045,19.676054
0.0,2.1485076
9.75614,-0.2706256
5.39411,-1.9450574
37.5404,22.421799
0.0,3.159176
0.0,20.410673
0.0,2.1141217
0.0,2.1141217
0.948007,15.544454
18.4372,25.513723
8.21892,23.560123
0.0,2.1141217
0.0,1.5859475
0.0,2.1141217
47.861,10.417995
23.4552,30.154346
0.120245,2.1141217
7.94747,17.397125
0.0479309,2.1141217
28.8048,22.634153
0.0400654,2.1141217
0.0,2.1141217
74.0086,3.5481496
0.105102,-4.5107555
3.70573,17.34619
9.47991,11.0621195
18.8462,9.618952
0.406895,14.071963
21.2758,10.589299
9.19978,25.453693
35.6027,16.596125
0.0,8.554446
0.124447,2.5995474
0.014177,2.1141217
16.1068,10.199182
0.486884,2.4973404
16.7667,12.857332
0.540857,16.866945
21.4356,14.218343
14.3389,14.072628
0.0,2.1141217
15.1982,10.746299
0.0291621,2.1141217
21.9927,22.145355
5.35623,6.794776
6.43976,10.689906
0.423245,2.1141217
28.3925,10.527169
0.0209461,2.1141217
0.051393,10.640912
13.7455,-6.779336
0.0,2.1141217
16.325,3.172859
7.95061,22.391941
0.0501345,2.1141217
0.0244278,2.1141217
5.06259,2.819084
0.0,3.8543437
0.051393,0.29744983
1.48847,-0.33639956
13.1413,10.946456
0.0,0.24352527
2.54372,6.079302
0.047893,2.1141217
0.0,8.622451
40.1571,31.370226
5.77299,2.5566387
2.92734,0.5697515
0.0,2.1141217
0.0535501,0.9583409
19.8674,11.453752
2.96613,15.099345
8.30447,30.531797
0.0,2.1141217
78.8296,109.494774
0.0,2.1141217
0.0,2.1141217
8.59654,13.231314
5.62025,2.1141217
0.0,2.1141217
0.0,3.2865114
5.20518,7.736518
3.33636,5.642212
0.464321,2.1141217
0.0,2.1141217
0.430176,31.623793
0.0,2.1141217
0.0,2.1141217
15.3311,-2.6705472
0.300234,19.055916
0.220766,-0.2629969
0.0712323,1.3882785
6.22829,36.431572
51.892,-4.993409
0.0214958,18.39528
0.167075,2.1141217
19.4241,12.33274
16.4811,2.4852505
23.0309,6.68552
0.0304709,-0.356925
17.4759,10.714571
0.0,2.1141217
2.68224,10.8913555
0.0767444,0.4273628
0.243223,3.0793552
0.0,2.1141217
2.16773,5.790037
86.786,107.9738
0.0,0.024073124
37.5398,14.03368
19.6877,24.51622
0.108294,1.72176
44.8934,10.564359
15.7976,20.165342
14.0484,14.825624
7.38977,4.9915714
9.93582,74.91602
16.1797,8.6883745
3.9038,23.184177
8.1665,25.222813
37.4698,12.1587105
0.0,2.5476768
20.3765,10.640912
10.8169,9.909786
0.301719,-5.982645
0.0,2.1141217
0.0,15.413606
37.8184,20.010143
6.53582,-0.9767976
0.658421,1.6701337
0.0146036,-0.29235578
0.11544,2.1141217
0.0,10.640912
181.385,61.18591
0.0,2.1141217
0.0390648,2.3045232
0.0672375,2.1141217
11.1811,19.216227
0.0558077,2.1141217
0.0,2.1141217
86.3551,75.20783
47.994,25.722134
1.34405,30.793034
0.0,2.1141217
0.0,10.82565
2.98434,-0.0018808842
53.3411,23.261015
0.304895,2.1141217
9.73282,21.253862
26.1965,15.0522585
0.219357,18.23589
0.0393917,2.1141217
0.0,2.1141217
181.115,101.54472
0.186278,0.078888655
43.6351,30.528194
0.223349,6.9039116
0.0,2.1141217
27.6193,14.770433
7.88268,-4.132309
4.84084,-2.5341804
0.0,2.1141217
0.106439,-1.974541
0.0,2.1141217
4.71807,-2.9428856
3.90653,12.774911
0.0,2.1141217
1.21839,22.11009
0.0,2.1141217
2.29405,0.3372779
1.52986,-4.1705093
0.208997,0.73700213
1.7675,4.641487
699.207,444.13113
0.047583,61.18591
0.0489275,148.75148
0.0,2.1141217
1.55502,3.8391938
7.03849,22.179356
10.6332,9.724065
17.5418,14.003628
8.61474,22.044437
0.0,2.1141217
0.0700714,2.1141217
1.92986,1.9412405
20.7926,7.6101017
19.4241,12.33274
22.5498,12.102918
0.0,0.5771313
7.14585,4.917487
5.08513,10.862136
0.0,0.83258224
0.0,1.3078759
66.0095,23.6217
0.0323338,21.401966
0.0285535,1.4239025
0.0677474,2.1141217
34.0793,22.608952
0.00503254,1.8641453
63.6629,28.922869
0.0,-0.21499014
61.3507,29.149555
0.205377,5.4409432
10.2463,48.377068
0.542215,1.6068642
0.150163,2.139377
10.8677,16.92848
5.59568,23.6217
0.0378206,-2.0255048
3.42381,26.674381
0.152073,2.1141217
4.72714,22.266403
14.8373,3.3277707
0.106553,4.4877434
2.64048,2.5237453
13.1307,16.485008
0.0896572,33.821404
2.893,4.6298227
0.0,2.1141217
7.44206,17.020126
3.75198,19.111803
0.0815587,2.1141217
0.38795,2.1141217
22.8508,13.396178
23.5127,17.081825
16.3663,1.8892715
17.8586,4.8441076
12.3409,18.74993
6.08989,14.070733
0.0,1.6760542
14.6783,16.320417
0.0394029,1.5582583
0.379956,5.5511866
0.0,2.1141217
26.0248,16.101465
0.0,2.1141217
4.85574,24.678688
4.60452,-0.4032607
0.0,2.4255724
0.0,0.7688017
27.3206,13.741237
0.0,2.1141217
0.0,2.1141217
0.0471666,2.1141217
24.8424,11.451528
0.149628,2.1141217
0.0,2.1141217
0.0,8.271456
0.0,2.1141217
209.235,153.9433
8.40864,2.1141217
14.747,18.706148
0.0,2.1141217
0.0230158,2.1141217
0.0995542,2.1141217
284.308,92.07931
9.31878,11.312515
8.78718,8.207854
0.164074,2.201394
4.68474,6.675783
0.0,2.1141217
0.0,2.1141217
0.194898,2.1141217
0.0,-0.83892775
14.1322,4.500206
4.29189,12.931564
0.0,7.696827
5.49693,12.316306
36.1719,38.79511
35.9187,7.6697283
0.0,2.1141217
31.8586,26.53698
0.0752463,2.1141217
86.3551,75.20783
0.0,2.1141217
24.6485,6.384899
19.3196,10.028743
2.85747,-6.298641
0.0,2.1141217
1.26475,16.534485
0.00507226,2.1141217
0.0,2.1141217
0.0,2.1141217
9.35322,51.35554
3.53768,16.35541
8.55836,31.118984
0.979575,1.0193677
29.1706,2.1141217
0.0,2.1141217
0.0,2.1141217
0.0,7.35075
3.42946,12.508247
526.834,14.188363
101.91,30.896786
2.48554,13.627924
0.0,0.38656664
0.0,2.1141217
8.90506,17.376719
1.56199,26.522371
0.0,1.0983262
5.39411,0.99042726
86.3551,85.7454
3.60053,3.4021785
0.0,2.1141217
6.08398,28.95123
0.0,2.1141217
0.775053,6.7206182
0.0,1.0172246
10.6699,23.74799
0.0,2.1141217
6.49117,16.689898
6.91163,32.685486
0.0413947,0.73577857
12.3122,12.197191
0.0,2.1141217
0.0,2.1141217
8.14864,2.692115
0.0,1.3319666
1.00624,13.7748575
11.3824,8.704698
4.43515,0.7417822
2.24119,27.987976
131.913,148.75148
0.0,2.1141217
0.051393,10.640912
11.1964,22.164715
3.1115,-4.4787683
0.443856,2.027608
0.0,2.1141217
0.0,2.1141217
0.645114,2.1141217
13.2472,38.000355
0.196942,2.1141217
0.233686,23.505182
13.6965,24.25099
0.839133,0.82010317
4.42726,12.880393
0.66808,0.40223908
12.3571,23.718971
30.6237,28.706139
0.0,17.126757
1571.01,957.0675
0.709393,66.75547
0.0,10.640912
0.0949071,2.1141217
0.0146291,1.2998784
0.0,2.1141217
77.0235,2.1141217
31.889,21.893522
0.0,2.1141217
0.0,2.1141217
0.0290253,2.146422
0.0,2.363513
0.0,1.4054816
0.0624708,5.861888
0.0,1.9189589
36.8578,23.21264
1.83748,9.068514
17.9505,17.748734
0.00884019,2.1141217
0.0,2.1141217
8.15758,10.270487
0.216134,13.251504
0.0,2.1141217
0.0,2.1141217
19.9297,4.887971
0.0587993,2.1141217
5.59409,2.1141217
23.7004,13.928565
3.34978,56.614372
0.0,10.304553
0.0,0.15778041
0.16082,2.1141217
9.93428,12.7761135
5.01558,11.537773
0.0973958,2.1141217
16.2989,21.682842
0.0,2.1141217
0.622454,2.1141217
0.0196829,4.0624247
0.0,-2.634526
0.0,18.174421
38.704,7.384486
221.788,101.346954
1.03734,1.2297847
0.0,2.1141217
0.0,2.408522
0.0,0.67052484
13.0092,2.1141217
0.0,1.7200739
0.127013,11.958759
0.2591,8.184753
0.0344133,-0.6733215
0.0,0.16055799
0.05843,2.1141217
0.0310379,2.1141217
0.00932824,2.1141217
0.0427096,2.1141217
140.312,150.66098
35.6337,10.043649
22.5174,29.616034
0.609691,-2.9808486
0.0,2.1141217
0.388986,-0.47274137
2.22106,7.05457
4.7289,25.759094
0.0700714,2.1141217
0.0,2.1141217
214.545,148.98354
106.185,35.810432
7.93916,22.228308
89.6832,48.062916
0.0,2.1141217
0.443035,9.349525
2.08579,14.741757
4.01418,27.563217
2.8163,4.464723
4.20667,9.228945
12.8693,8.140476
2.69787,9.5552225
0.300234,19.055916
0.0,2.8334663
0.0462409,-0.31246006
66.0095,23.907263
0.0,1.3405097
0.0,2.1141217
0.0,2.650937
0.0,2.1141217
0.202952,14.882545
0.0,-2.634526
0.0,2.1141217
13.4987,28.700243
0.55758,-2.086001
0.0,2.1141217
11.879,53.59527
0.0,2.1141217
1.06105,24.720905
0.224466,2.1141217
0.535877,28.17271
0.0,2.1141217
0.334225,2.1141217
8.8498,-3.0747726
1.84062,6.794239
14.8373,3.3277707
0.0,2.1141217
5.52068,-3.9367893
1.82368,13.268753
20.3765,10.640912
86.3551,75.20783
0.497355,0.915061
0.0,2.1141217
0.0,-2.338165
6.67038,7.1777935
25.8108,42.32584
13.4247,2.0928152
22.6392,22.235886
67.7779,41.846657
0.0,2.1141217
6.32027,6.5035286
0.0,2.1141217
0.0,2.1141217
9.51941,28.833735
0.31557,-28.779152
0.0755944,2.8671756
0.0,2.1141217
24.7885,41.73658
0.0,2.1141217
7.08421,10.433523
15.8592,7.221714
0.0,2.413124
0.782975,0.25689816
4.0899,10.0767145
17.0076,10.643322
0.0,2.1141217
29.1625,8.818016
91.3848,34.47371
0.0,4.860505
0.0279681,2.1141217
0.0181193,2.1141217
0.372758,7.4242964
20.9778,36.557873
5.20518,7.736518
10.6229,15.873927
0.0,2.1141217
0.0,2.1141217
12.3578,16.102467
194.475,67.47471
0.0,2.1141217
0.233384,434.20877
0.0,-1.2776003
0.115845,2.1141217
0.0,2.1141217
0.0,8.744347
19.5035,8.888712
14.8794,23.031616
28.3986,-13.51555
0.416174,2.1141217
0.0,2.1141217
13.6482,18.189413
1.85764,-3.6121156
2.8793,2.930811
11.6645,-4.484084
0.0703577,0.9568136
0.0711397,-3.2943766
22.0933,72.75911
0.467997,-0.2097187
169.019,93.272415
8.51378,3.0949957
0.0,2.1141217
0.0,2.1141217
0.0698696,72.038734
18.9655,-1.7686846
5.34605,-1.7092566
18.8462,9.618952
30.323,-3.1979053
0.0,2.1141217
10.5733,7.683386
0.0,2.1141217
4.74985,1.9156694
1.32434,33.109955
101.91,30.896786
0.0,0.7688017
0.0,2.1141217
0.0,26.666275
0.0199938,2.1141217
0.0,2.1141217
0.0,2.1141217
0.0,0.29086542
0.0,2.1141217
13.234,17.20741
0.02025,2.1141217
0.0,2.1141217
9.89553,33.34759
2.68705,9.528311
7.20437,15.572171
63.3801,11.8432665
0.0187816,4.851143
0.039932,2.1141217
0.0390648,2.3045232
85.6526,22.310318
0.177502,2.1141217
5.13061,8.789571
0.0,2.1141217
0.133885,6.936804
0.424285,1.1955736
12.3842,28.17271
120.835,135.09126
0.346404,0.078888655
23.5057,21.816422
0.0424993,2.1141217
1.58275,15.153686
5.38568,4.6291003
17.5749,25.596344
0.0,2.1141217
0.0,2.1141217
3.65365,16.824203
128.636,53.50878
14.6556,24.084667
0.0,2.1141217
13.7388,7.5972395
186.351,11.837329
53.3411,23.261015
0.0,2.1141217
4.58285,2.2339795
0.0,2.1141217
16.2904,12.18266
6.31848,5.423787
46.2607,15.489123
31.496,19.510775
3.70459,10.466016
18.7897,14.0975065
2.6963,11.353447
36.4117,7.4475193
0.0,2.1141217
0.0,-1.9472091
0.0,2.1141217
1.79176,-0.8614471
209.235,153.9433
9.4149,22.957647
0.0661457,2.1141217
0.795791,2.1141217
0.0587993,2.1141217
0.387816,-0.591285
13.9068,31.568516
11.8624,12.583863
0.0,12.642684
0.0,2.1141217
6.26558,10.718521
40.2077,4.296212
0.193732,19.564873
0.318429,11.209919
10.3538,21.343754
3.90281,0.98555636
0.199039,12.8341675
0.0,2.1141217
23.5458,2.1141217
28.2945,6.521964
18.7132,1.3781793
0.0,2.1141217
1.10146,1.1693177
20.3765,12.939656
0.505088,93.2756
0.0,2.1141217
1.13365,2.1141217
0.183057,-0.9475024
7.18879,9.392183
0.535877,1.6731446
6.3398,6.619046
24.8424,11.451528
7.38977,4.9915714
0.486171,17.895067
4.54608,2.1141217
0.0,2.1141217
0.0129563,3.9587405
4.02702,6.4367113
0.0,2.1141217
7.5882,-0.65148354
51.8407,35.06078
0.205377,2.1141217
0.0222586,2.1141217
0.0,2.1141217
10.6178,16.72379
0.0,2.1141217
0.0,2.1141217
4.4869,4.900806
0.0,2.1141217
16.075,25.902636
3.89551,5.3020415
2.00082,9.846566
0.0,2.1141217
0.568515,3.6185753
40.1683,22.044437
0.712285,7.922347
22.0206,15.729869
13.1278,-2.9826324
10.7625,17.010515
0.248631,2.1141217
0.0722183,2.1141217
0.0,2.1141217
0.00916865,2.1141217
0.0350043,2.1141217
123.002,54.12268
0.0,2.182158
0.00874122,0.596704
0.0,2.1141217
7.50714,55.56724
28.7756,24.134556
0.592882,7.0903254
34.9726,11.889792
20.8289,21.582125
0.0,2.1141217
13.4477,5.4174643
4.91671,5.141102
78.8049,5.467619
0.024356,1.5586431
0.0,2.1141217
17.4413,10.946456
0.0,2.1141217
0.0471581,2.1141217
0.795791,2.1141217
0.0,2.1141217
0.482879,-5.044528
3.02985,8.893848
0.0,2.1141217
0.523938,2.819084
0.0229381,1.8829272
5.65579,7.5879974
0.0,2.1141217
9.17639,12.622117
0.142322,2.1141217
0.0,-2.634526
12.6946,13.53781
8.4425,13.405335
3.66676,12.889579
3.50103,20.015713
18.5812,20.228436
5.73474,18.440155
17.4265,37.353233
0.0224096,4.663022
3.70573,17.34619
27.4125,2.1141217
0.0,-1.6444747
8.74577,17.222078
77.0513,19.931341
0.611647,2.1141217
0.0,1.4200249
9.22554,0.82010317
22.6165,27.29194
0.0,10.647904
0.848641,0.27353132
28.8132,26.1535
0.0,2.1141217
2.85747,-6.298641
0.272102,2.1141217
0.0,2.1141217
0.0541491,2.1141217
7.98251,12.59224
0.894353,2.1141217
0.0,1.1058831
0.0,2.1141217
0.0,2.1141217
56.6049,34.960186
0.0,2.1141217
5.44464,13.921571
0.0,2.1141217
0.0,10.640912
0.0,2.2841702
0.0,2.1141217
0.0,2.1141217
0.0,2.1141217
0.180222,2.4081907
4.99398,14.6094475
0.0,5.1759024
8.73149,7.4692707
60.3985,62.8472
6.17769,22.157505
0.0,2.1141217
0.0,2.1141217
0.0,76.219795
68.9565,41.60047
0.0,2.1141217
120.835,135.09126
0.797986,5.66488
11.8397,12.08939
1.55944,15.140662
0.0,2.1141217
21.3463,18.96202
13.1918,19.154867
0.670516,2.1141217
0.205377,2.1141217
0.123055,2.1141217
31.6466,35.105732
8.74577,17.222078
34.0732,35.306004
0.0,2.6174242
0.0214629,2.1141217
0.0,2.1141217
8.9007,2.1141217
4.30556,4.5804896
0.266531,2.1141217
16.9895,9.553025
0.0,2.1141217
0.0287865,2.9705076
0.0,2.1141217
4.95834,3.5988638
0.0,2.1141217
7.05387,11.891062
53.941,17.030712
0.0,2.6174242
40.2252,50.468742
31.889,21.893522
0.0603654,3.621923
0.0456034,21.335642
4.43062,6.8691463
0.727431,2.1141217
3.74162,1.2334211
0.0,-2.634526
4.88149,6.6703033
22.0206,15.729869
6.2082,15.418272
12.0519,10.8930855
0.0,2.1141217
0.0324436,2.1141217
0.0,2.1141217
19.9248,19.204723
16.01,21.653328
0.0,2.1141217
0.0,2.1141217
0.890859,22.224403
0.0,2.1141217
36.5753,27.876606
0.0,2.1141217
2.73993,5.902238
0.0488299,23.204113
0.0296009,2.1141217
18.24,4.531988
18.6472,21.13603
31.889,21.893522
0.0,1.1606264
7.15171,17.504833
70.5637,13.533288
0.00751281,2.1141217
0.095025,1.2809432
6.90883,5.1046076
0.0,26.638401
0.0763863,2.1141217
0.0,2.1141217
3.80485,11.790348
11.8289,54.131496
30.5348,40.50285
1.38841,13.051064
40.0706,65.274704
0.0,9.620176
4.38853,27.491829
1.6711,4.0857134
0.0,2.027608
0.504179,2.1141217
0.054314,0.14989567
0.872144,2.4854138
0.378827,12.60575
27.5158,21.92455
0.0,30.775469
122.832,110.9088
0.0252895,2.1141217
5.38749,-2.4814622
0.0,2.1141217
9.57138,15.416329
0.285904,3.3280761
0.0,19.514023
8.78232,26.665617
0.624512,2.1141217
0.525407,2.6274037
0.0,2.1141217
16.8529,22.322918
25.6244,14.127624
0.949409,1.5226839
1685.57,725.8243
36.0552,27.084333
0.0570174,8.337211
8.92213,18.842077
8.18259,20.277609
0.0757449,1.7238653
0.0926075,1.770819
0.0324739,0.33002996
0.0196105,2.1141217
7.84897,2.9932961
1.00168,48.137802
0.324248,22.747501
5.86462,4.100054
0.0,2.1141217
7.18879,9.392183
0.23815,2.1141217
0.0657912,0.45112586
45.4482,14.968068
0.873881,3.9090211
16.3773,2.1141217
0.148794,1.721946
19.9297,4.887971
28.6632,2.1141217
0.0973958,2.1141217
0.0,2.1141217
30.3364,27.853107
11.4053,2.1141217
1.54364,27.364796
60.8617,29.421284
317.826,131.27013
0.0,1.0983262
0.0,2.1141217
0.138926,10.262797
0.0,0.54197025
0.0,2.1141217
0.010561,2.1141217
0.0,2.1141217
0.0,2.1141217
0.0,2.1141217
0.0,2.1141217
0.0105449,31.737785
167.45,22.203283
0.225641,2.1141217
0.0,2.1141217
0.0,331.7589
0.83686,29.526554
4.40566,10.408883
0.143909,15.265631
51.8407,35.06078
0.0324436,2.1141217
13.6965,24.25099
2.88541,3.1987975
0.146855,2.1141217
317.826,155.04575
24.0281,14.178884
18.4886,32.638958
8.86263,28.167728
18.374,17.446598
0.0,1.1667805
0.0,2.1141217
166.341,66.24732
0.401134,4.7552967
10.1449,-2.132696
25.6997,0.5771313
14.4598,6.654891
5.1564,7.477748
0.0,3.4243028
5.24351,29.880478
0.0110213,2.1141217
2.39114,11.362599
6.66949,15.770354
0.0,4.2666564
10.919,12.090957
0.0,3.1275482
0.0,2.1141217
2109.74,972.938
23.3864,5.6360207
0.676883,24.74687
75.7574,26.428066
0.5899,9.898188
0.0995822,1.3913918
20.1295,1.9719915
8.46153,-2.338165
0.0493975,2.1141217
0.0,2.1141217
0.0,2.1141217
0.339008,16.097927
11.9358,11.174649
0.0,2.1141217
0.0234363,2.1141217
0.0,2.1141217
4.0,-4.1110306
0.0,2.1141217
0.0188296,32.244713
75.4895,18.00283
10.0159,-1.9187844
13.9068,31.568516
0.16082,2.1141217
0.0,2.1141217
27.1802,13.847035
0.0,2.1141217
0.209847,53.59527
9.26149,26.114075
21.1136,23.271587
0.0,2.1141217
15.6158,29.084074
8.09838,83.25275
0.0,4.2483196
0.302613,15.309202
0.0,0.7183857
0.0,2.1141217
23.4116,0.47133446
0.0489275,148.75148
0.0254356,2.1141217
0.0,2.1141217
31.6466,35.105732
8.90506,30.199495
19.7847,30.050552
6.73429,-9.250891
0.0,-2.634526
0.0,2.1141217
0.051393,10.640912
79.6712,77.35988
254.401,278.16992
0.494796,11.167752
20.7045,22.585728
0.0,2.1141217
0.0,2.1141217
15.6064,18.300407
0.506249,-1.9472091
0.151285,2.1141217
0.0,2.1141217
22.0206,15.729869
0.0,8.76058
1.53964,-8.37515
11.2349,29.607979
0.0,18.051956
24.6134,20.79081
0.307538,7.4251614
0.0,2.1141217
0.0,2.1141217
5.54419,6.6290503
1063.86,549.2233
5.1564,7.477748
0.0,4.6370735
5.4147,5.6597977
0.115055,2.1141217
12.5145,2.9204228
0.0,2.1141217
1.18923,0.3295474
2.73993,1.2791839
12.9993,15.3572855
4.3179,4.9274054
14.9424,1.7977374
24.3914,25.266235
3.46179,2.1141217
0.795791,2.1141217
12.5416,7.245531
0.0352636,4.2483196
14.3202,30.542353
0.0757449,2.1141217
0.0,2.1141217
0.431208,26.125593
0.0,2.1141217
23.5057,21.816422
6.10661,21.321823
0.0635397,-0.90776896
0.0238135,-2.3376489
5.4147,5.6597977
0.251833,10.630488
57.3396,8.610009
5.72192,0.6234927
37.0849,18.352703
0.0,2.1141217
0.0,2.1141217
0.365548,1.5001705
26.9514,16.194698
0.0,2.1141217
11.948,15.531394
0.285233,0.9444294
5.78663,3.5001225
0.0,-2.634526
0.0,2.1141217
27.1264,-1.8496583
38.2598,19.484516
0.0,2.1141217
0.421199,2.1141217
0.0,2.1141217
50.9345,21.113712
18.0932,2.9927647
0.0339982,9.898188
11.7977,25.5471
0.027453,-1.5067499
7.70401,3.0488293
0.461512,3.9530177
73.3151,51.266453
6.42487,15.084323
2.0112,22.51567
0.0,2.1141217
0.0503214,2.1141217
8.90259,6.959835
29.1625,8.818016
13.0823,15.9684
0.0,2.1141217
0.0,2.1141217
0.0097177,2.1141217
7.44047,9.141575
14.1541,7.628742
0.0,2.1141217
0.230591,2.7420688
0.150105,-0.2170496
0.0610322,2.1141217
5.78663,3.5001225
0.0244278,2.1141217
0.0227304,0.29086542
0.464321,2.1141217
0.0,2.1141217
24.4709,16.269522
0.0,2.1141217
13.6702,25.858809
0.459812,17.903618
29.8626,9.99821
23.569,21.365574
0.186621,2.1141217
0.0,2.1141217
0.0,2.1141217
4.7978,12.33643
0.0480081,2.1141217
0.0483223,2.1141217
0.0,10.640912
0.0,2.1141217
0.0,2.1141217
0.0844384,2.1141217
0.0,2.1141217
0.0,-0.9409034
5.64921,1.857413
0.0,2.1141217
40.1683,22.044437
102.047,13.53781
0.0,-1.4208922
11.3911,32.363533
0.0261254,1.223414
47.6235,10.385361
78.8296,109.494774
1.04923,-3.1698353
19.5569,27.830551
3.62445,-7.589018
45.1944,39.231472
5.69653,2.5399861
45.9377,35.232307
7.18317,18.669558
0.0,2.1141217
78.1824,73.63906
3.45172,0.9115877
6.73907,21.0195
0.0419033,2.1141217
5.33753,12.547595
8.99935,20.447876
0.0102744,6.4109564
0.0,2.1141217
0.068396,2.1141217
1.63154,2.1141217
0.0,2.1141217
118.592,23.316647
12.4414,15.515805
0.0211106,1.4229939
23.0654,8.983391
4.73864,-1.4119627
49.0391,-22.525036
78.91,47.357586
0.0247866,8.880323
0.0,2.1141217
0.264436,0.13438678
0.0134532,1.6371257
0.0,2.1141217
19.5867,26.472483
0.0,2.1141217
0.0,2.1141217
0.0,0.82010317
15.89,3.3735201
0.060059,2.253926
12.9969,17.113083
2.4618,2.1141217
0.736154,2.1141217
39.7765,13.532025
0.035362,2.1141217
88.1568,28.704147
0.0372422,3.2862854
0.731623,2.1141217
22.6569,11.93314
115.716,22.51567
0.199732,25.319445
9.70918,6.3501215
9.72921,0.6383333
0.051393,12.939656
0.0,2.1141217
0.0,2.1141217
8.74577,17.222078
0.0,12.318085
0.0,2.1141217
25.3389,-0.15538669
0.23815,2.1141217
0.53868,2.1141217
1.61215,6.8086452
0.0527842,-1.230902
0.110789,2.1141217
9.13074,0.9776747
0.0,6.3895636
18.1051,30.404806
0.0703554,2.1141217
0.0,2.1141217
0.0,2.2976658
23.0388,-3.0098474
16.2922,11.404849
0.0,2.1141217
0.0417447,2.2211642
22.5879,13.291675
31.6701,6.4951906
1.30501,2.1141217
0.0563849,2.1141217
0.318302,1.456706
0.0,2.1141217
12.4882,2.5637379
8.203,2.6554432
20.8289,21.582125
0.31487,12.282547
131.913,148.75148
10.6178,16.72379
0.0,51.123985
4.76093,1.5952482
0.0,2.1141217
15.8345,5.3378043
32.0479,-8.250848
0.0424993,2.1141217
0.0264189,2.1141217
0.0,28.510448
0.0,2.1141217
0.553444,3.3558862
0.0,2.1141217
0.0,2.1141217
0.0,1.6341054
27.4069,20.97514
43.4355,21.141932
0.0,2.1141217
4.39261,11.780152
0.0324436,2.1141217
11.0931,36.64203
16.6398,13.37946
2.32633,7.6261435
0.0774752,1.2801943
120.835,135.09126
0.0,2.1141217
0.154268,2.1141217
0.0,1.7756441
0.0507568,8.289624
30.2328,2.1141217
48.0737,40.949596
9.57138,27.502678
0.0215975,0.98555636
0.0,2.504849
0.0,14.150109
0.0,3.2865114
987.415,632.2827
54.4108,34.55755
0.0672431,2.1141217
0.0,2.1141217
14.0998,8.48352
0.0121924,2.1141217
0.0,2.1141217
0.0110302,2.1141217
12.3578,16.102467
169.204,177.49995
0.0,2.1141217
0.0,2.1141217
6.33747,1.9241645
9.29231,2.1141217
2.1598,13.164859
6.08398,28.95123
0.0,2.1141217
0.0895068,2.1141217
0.839133,0.82010317
0.0,2.1141217
31.8142,37.679436
51.3971,21.98602
5.87127,1.2801943
8.07693,3.159176
65.2633,49.49648
0.0,2.1141217
4.24562,24.031614
0.0481385,11.404849
3.90281,0.98555636
0.0,2.4995852
0.0289939,2.1141217
0.0,2.1141217
0.0,2.1141217
0.0132778,-0.89207363
0.0,2.1141217
13.3605,10.915148
0.0,2.1141217
183.183,126.68731
2.33069,2.1141217
11.7182,16.097927
4.40566,10.408883
0.0,4.5804896
0.0,2.1141217
16.9895,9.553025
0.0477546,2.1141217
0.0,0.57355666
4.70951,22.999554
1.32434,33.109955
8.46153,-2.338165
16.7626,11.866763
0.0193813,2.1141217
12.6788,15.195733
0.0,2.1141217
23.5057,21.816422
0.0,127.02221
0.0,2.1141217
112.036,-3.3946764
0.142322,2.1141217
0.0,2.1141217
0.883593,-0.7302296
4.10174,7.5262365
0.0,2.1141217
0.589279,2.1141217
48.0737,40.949596
8.16661,5.3772893
140.312,150.66098
4.5382,20.031654
66.5703,4.818945
1.90851,17.895067
0.0,2.1141217
66.5085,70.67744
34.3014,29.397217
60.3985,62.8472
4.14783,15.053646
19.4245,43.46918
0.0,-2.117314
0.70041,2.1141217
1.95883,6.444151
1.99982,36.07431
0.0,2.1141217
7.18879,9.392183
191.374,79.67991
5.64967,14.811035
0.099321,18.863464
0.130635,1.5439796
9.11898,14.281298
0.484055,2.1141217
19.6408,35.724266
0.0394029,2.001246
0.0,2.1141217
0.0,0.24352527
8.48148,2.1141217
31.7616,29.555214
1.13507,15.8758955
0.0297383,1.6926057
0.0,12.747003
19.0026,16.450718
1.55944,15.140662
62.3171,27.852406
0.0961261,2.1141217
0.02025,2.1141217
0.156251,2.1141217
6.1345,9.825721
0.0489251,2.1141217
0.0,2.1141217
4.88202,6.0344286
0.0,1.1844966
0.298491,11.274973
0.132043,2.1141217
0.0,2.1141217
0.0,2.1141217
2.87811,0.59498954
0.153342,19.004944
13.5897,13.275623
0.368738,9.499555
0.240924,4.4929867
23.7592,26.837093
0.339197,0.8144176
0.03749,2.2296555
0.0367091,11.055564
0.0352722,1.6092777
5.78663,3.5001225
0.0135177,2.1141217
0.127812,1.885808
0.0420718,2.1141217
0.0,2.1141217
29.1625,8.818016
76.6305,18.44519
0.0,2.1141217
0.0,2.1141217
0.0,1.989397
21.0896,18.826567
3.88338,7.1834764
0.633513,2.337091
23.2319,11.674155
0.0672509,2.1141217
0.0,5.578393
5.4147,5.6597977
0.226759,-3.488312
0.0,2.1141217
1.7845,-2.1986923
0.0351793,2.1141217
15.332,0.6167872
23.7563,-0.13019228
5.24351,29.880478
2.19578,5.6736784
4.98572,9.822929
31.889,21.893522
0.0,2.1141217
1.56213,8.09167
3.88411,11.713963
0.0,2.1141217
23.1255,8.196114
14.6375,7.4730806
0.0783498,2.1141217
21.4696,40.645058
0.019213,2.1141217
26.3449,27.25573
0.0,0.9093549
25.3766,31.52459
5.24507,22.119654
17.7989,2.1141217
0.0199938,2.1141217
0.0,-5.8510265
18.7444,21.47998
3.80485,11.790348
24.7117,-7.1797295
9.91484,4.7071433
0.242888,-2.2318544
220.719,62.03393
7.51125,9.553025
0.118244,27.279915
2.90635,14.704086
0.0,2.1141217
34.3512,13.078134
17.8076,21.21178
0.035062,2.1141217
0.0,2.1141217
0.942564,14.681467
0.0,2.1141217
11.6114,20.631374
16.651,6.9716806
0.0,2.1141217
6.08398,28.95123
11.948,15.531394
0.0,2.1141217
24.9532,1.00209
0.0,-0.625828
0.0,1.7181852
0.556268,1.8668158
8.84532,4.6643915
1.001,307.0721
5.59568,23.907263
4.52996,21.284657
5.65498,35.69324
0.126268,2.1141217
0.0180262,5.6675987
0.0,2.1141217
1.16659,16.29937
77.4221,8.60874
21.9927,22.145355
0.0471679,2.1141217
0.0,2.1141217
0.0,2.1141217
12.3308,18.607054
12.3578,16.102467
126.38,114.40177
9.16142,22.781166
40.1683,22.044437
0.0,37.619724
45.9377,35.232307
0.258797,42.165443
0.0,1.1069355
1.75888,2.1141217
5.586,2.7634902
2.36522,9.898188
0.0,30.775469
5.33136,1.1386125
0.0,2.1141217
0.0304211,18.183434
35.0486,30.46339
7.14585,4.917487
0.0,2.1141217
15.332,23.328384
0.0899775,-1.3256924
0.0,2.1141217
6.26558,10.718521
28.0426,4.0118036
0.0,2.1141217
0.0,2.1141217
4.16084,17.507841
10.6178,16.72379
0.127013,12.021923
0.0688849,1.5876985
7.0451,10.0243025
0.0619506,2.1141217
9.40349,26.052723
0.0620864,0.59048367
10.5293,33.899143
0.0,2.1141217
0.0672431,2.1141217
0.0,2.1141217
4.21751,-7.0856304
0.0,2.630879
0.0,2.408522
0.0,6.2642384
4.18717,34.47391
0.0,2.1141217
254.852,2.1141217
0.0,2.1141217
71.0243,83.96317
14.6375,3.1076014
0.0911935,1.8412018
0.146158,2.1141217
0.0841203,1.4425433
7.92102,7.9658413
2.64364,4.319917
24.7117,2.1141217
0.0,2.1141217
0.0,1.0983262
3.02521,8.801147
14.6737,32.81975
5.78663,3.5001225
10.6178,16.72379
5.47233,12.512979
0.0,19.17149
15.8502,-0.20204759
36.3421,74.60927
174.135,110.59986
0.712285,7.922347
16.2494,6.1022053
7.93361,18.89825
15.9548,21.043152
0.0626555,1.9394019
0.0982469,4.6310816
0.129069,2.1141217
0.0,2.1141217
2.04196,-0.7701669
35.0216,34.536022
0.0491022,2.1141217
0.0,2.1141217
8.76745,12.922563
28.6632,2.1141217
7.93361,18.89825
0.0,2.1141217
18.8538,6.118285
0.0,2.1141217
13.0285,16.682617
1.04575,4.9394712
0.0,2.1141217
0.0156562,2.1141217
31.889,21.893522
256.653,237.34142
0.0,4.8370123
0.814287,11.453752
23.5343,-0.8614471
0.0,2.1141217
0.0,2.1141217
0.455084,51.70237
0.025486,7.4242964
0.0,2.1141217
2.92734,0.5697515
0.0,1.9644475
0.0,2.1141217
9.47172,18.65945
0.120046,22.481903
0.900053,20.228436
15.8502,-0.20204759
20.945,55.11265
1.32176,15.454626
6.94318,6.4542036
0.0,2.1141217
0.0,2.1141217
0.0481385,11.404849
0.0261254,2.1141217
0.0,1.7756441
33.4098,16.258965
9.31878,11.312515
16.1925,18.188267
11.3911,19.992884
24.1317,25.840141
11.4609,-1.1740537
22.6392,22.235886
1.21707,4.607402
0.0,2.1141217
0.0,2.1141217
0.0,2.1141217
0.0,-1.6444747
0.0,1.053874
12.3259,27.852512
0.0,2.1141217
0.0,2.1141217
2.68224,10.8913555
0.0,2.1141217
122.832,61.836674
0.0,2.1141217
0.0,1.1357708
89.6832,48.062916
20.2039,-1.1532614
3.298,4.025865
0.252443,13.943673
0.0,2.1141217
0.0,2.1141217
0.365576,2.1141217
14.8687,21.068687
0.274841,19.514133
9.97712,24.74687
20.1295,1.9719915
27.1771,31.219501
18.836,17.54046
0.0,2.1141217
3.28353,16.108603
0.0883291,1.4928205
0.658322,2.1141217
0.0452508,2.1141217
0.0210448,-1.3918688
0.0,331.7589
29.7392,1.8696063
10.2115,22.33419
0.0,2.1141217
0.0349655,2.1141217
0.0,2.1141217
0.0,2.1141217
2.35078,-1.7092566
109.221,66.048134
1.81713,1.4111121
0.0,2.1141217
0.249562,1.4382951
0.036109,2.1141217
1.85055,15.572171
0.0855751,2.1141217
22.0206,15.729869
0.588782,15.5828085
0.141256,2.1141217
10.5207,43.988228
0.0,2.1141217
0.0,2.1141217
19.0873,1.5722468
0.0,2.1141217
0.0,2.1141217
20.5771,12.555034
5.0811,18.055077
15.8502,-0.20204759
69.8285,29.371094
174.135,110.59986
18.3755,10.694226
4.12372,-16.429459
24.6134,20.79081
3.80604,2.1141217
0.0,2.1141217
27.6502,25.639355
0.0261254,2.1141217
22.6392,22.235886
0.0,2.1141217
114.402,92.78826
0.0558077,2.1141217
0.0576456,2.1141217
3.34962,20.76796
0.0501937,2.1141217
0.0,2.1141217
0.0,2.1141217
11.3212,36.938465
0.0,3.2658224
0.0,2.1141217
0.0328138,-4.865039
30.3562,4.190859
30.0052,74.06888
0.0,2.1141217
0.0,1.3802133
0.0,-0.29539275
0.885176,2.1141217
31.889,21.893522
0.993603,1.8769066
0.0274204,2.1141217
0.0,91.622826
0.0344196,4.093458
10.1402,10.518575
4.85934,-7.0194845
0.0,2.1141217
0.0,2.1141217
86.9453,71.757866
0.465225,22.454456
0.275986,8.261537
4.74609,11.432178
0.0,2.1141217
0.0,33.696865
6.35077,1.438174
32.6081,13.530164
7.45451,11.390002
2.49685,27.733875
0.0,2.1141217
0.0,2.1141217
0.0,-2.1938334
0.885176,21.284657
45.1502,15.23865
41.3054,22.732105
25.1973,13.202497
13.2166,32.05729
9.58086,5.2493286
0.0,3.5639863
30.6646,14.178064
23.0404,16.31561
0.0,2.1141217
41.9503,64.75972
0.0,4.6385927
0.322485,2.1141217
0.0,2.1141217
0.0,2.1141217
12.3578,16.102467
7.38977,4.9915714
2.91906,22.4343
8.54713,1.5715945
0.0,2.1141217
0.167618,2.3404405
0.0,2.1141217
7.81582,20.938263
21.2796,4.2467804
3.60053,3.4021785
0.0548003,3.5543869
0.00808029,3.5235908
2.64652,2.6902978
4.61178,10.156065
0.0,13.513191
0.285904,3.3280761
0.23567,-5.41833
0.0,2.1141217
0.0,2.1141217
0.0,2.2976658
0.0,0.5771313
0.0,17.342384
0.0176207,2.1141217
0.0,2.1141217
0.0076329,0.47244382
0.0,2.1141217
4.20724,16.040833
91.3848,34.47371
2.39605,1.3662713
73.0222,25.348879
35.6741,17.396734
144.826,71.53556
3.67181,4.305233
0.0,2.1141217
0.0,2.1141217
0.206025,-1.8906844
0.144784,2.3550985
14.9777,21.190523
8.57879,20.631374
22.0206,15.729869
15.3157,9.796737
0.122367,-0.9246619
1.65003,2.8395424
0.107556,2.1141217
9.93582,2.1141217
0.443889,9.528311
13.233,16.780394
1.34353,5.73207
3.08732,2.1141217
0.0,2.1141217
8.98008,5.105727
0.0,2.1141217
0.488137,19.200867
0.0578544,2.1141217
8.56211,20.435944
0.0650783,2.1141217
20.3765,10.640912
0.0,-2.1801388
0.579666,-5.9888706
0.0,2.1141217
0.082366,2.1141217
0.0,2.1141217
1.16659,23.261015
0.0,4.9394712
0.0,1.0983262
31.7122,21.694448
0.0,2.1141217
35.2742,7.1287756
0.0213137,0.00032019615
2.36245,1.0617623
169.204,177.49995
0.0205246,2.1141217
0.0,2.1141217
1.68959,8.164414
90.4579,57.36945
0.433965,0.48485875
0.0179047,4.7071433
9.08381,26.38433
3.90281,0.98555636
170.167,60.60109
0.295629,6.2033253
2.97301,5.6992493
0.0,2.1141217
0.222996,1.8668158
0.0,2.1141217
4.54029,23.752392
44.4679,1.6691697
0.01267,2.1141217
21.1571,34.11913
0.0988916,-0.42731047
74.3385,46.01965
0.271209,2.1141217
5.60581,-55.084755
0.0995542,0.574332
46.797,10.889378
2.11577,8.489235
0.00412802,2.1141217
0.0,2.1141217
0.0,2.1141217
3.69528,8.890026
0.0170318,2.1141217
0.0,2.5846238
0.0,2.1141217
4.25273,25.699764
120.835,135.09126
0.0,2.1141217
57.049,2.1141217
0.265853,8.445214
0.0,2.1141217
0.901711,2.1141217
0.0,2.1141217
0.0507438,0.30523944
0.180045,11.021447
0.0145899,2.1141217
4.70673,0.20749974
0.0,9.620176
1.55598,32.383827
14.5233,47.71184
1.32143,22.897148
0.132043,2.1141217
0.516177,1.7488718
0.0,7.374118
0.0,24.556816
0.0,2.1141217
5.19755,7.641983
1.35218,3.7777708
5.87009,2.1141217
2.50381,8.85318
8.56412,12.945036
73.6452,30.775469
6.4306,1.8449137
54.8596,58.96626
0.0,2.1141217
2.92301,11.525947
0.0973958,2.1141217
7.25514,6.793144
0.0,2.1141217
0.0,2.1141217
11.6114,20.631374
0.0181138,4.808668
8.99207,3.1549697
20.4833,5.849244
0.0,2.1141217
0.442903,14.7673235
0.0527945,14.852157
4.27785,9.31468
0.0,2.1141217
0.076132,8.200064
0.641061,2.1141217
10.3538,21.343754
6.49652,33.545284
52.1765,39.17518
0.511384,2.1141217
0.0,0.5771313
0.0,2.1141217
16.0812,28.189285
0.0,2.1141217
0.0,2.1141217
0.0,5.9541464
0.0166473,2.1141217
0.187298,-9.181872
0.0,2.1141217
0.346404,48.66799
25.5172,20.141962
29.0844,20.506618
0.301423,12.880393
17.5418,14.003628
0.285233,0.9444294
0.0,-3.280266
65.702,49.478497
0.0,2.1141217
24.7055,6.380171
0.0,2.0248256
14.3497,9.582608
12.1094,12.522966
36.2545,31.056225
7.89165,1.065536
0.275945,8.06158
13.6206,25.816208
26.1965,23.195505
0.0501469,8.349429
0.0,12.939656
0.0,2.1141217
9.4149,22.957647
0.613162,-1.2780235
0.0,0.7688017
1.11466,6.945629
0.0262046,2.1141217
0.0,2.1141217
0.0,2.1141217
0.630093,-0.2053945
22.6392,22.235886
0.0,2.1141217
8.21892,-0.65148354
130.387,24.35073
10.5992,1.3384106
204.063,281.84427
8.54713,1.5715945
9.91484,4.7071433
2.91784,10.749166
31.6466,35.105732
61.3507,29.149555
21.2436,16.824078
0.0623884,2.1141217
20.1384,3.8081915
47.3759,18.191132
2.67434,11.74753
0.0,12.053571
16.651,6.9716806
49.2648,20.870726
0.150105,2.1141217
0.0,2.1141217
33.357,15.230395
0.431208,26.125593
0.0648047,5.525735
0.479893,20.14523
8.06367,21.096577
0.0,2.1141217
2.30087,22.203283
13.1672,25.465168
0.0,0.2146883
2.48554,13.627924
0.0,2.1141217
11.1868,14.537275
6.02049,27.825779
0.0,9.421543
0.0304338,1.3409531
1.01876,5.109956
93.6125,62.979836
0.0553014,0.09118867
7.34953,4.440122
0.43826,2.1141217
0.0,2.1141217
0.072478,-1.6986771
4.0341,8.315525
0.0,2.1141217
0.0758396,2.1141217
0.0,1.7863524
0.459308,30.858093
0.0,0.015797377
0.0154189,4.8581104
0.0,-1.2776003
9.93582,74.91602
6.56271,2.1141217
9.47358,25.019388
0.0,1.4200249
0.0,2.1141217
0.0,2.1141217
0.836202,13.5893135
3.81662,11.900233
5.52068,-3.9367893
16.0916,15.564557
1.43546,2.1141217
0.795791,2.1141217
0.665929,2.1141217
0.128938,2.1141217
0.0,2.1141217
13.3634,17.645685
12.3357,18.50888
1.13365,2.1141217
18.5812,20.228436
0.102074,-1.8562982
17.1412,0.87265897
1.13365,2.1141217
41.4786,46.66471
17.3394,20.03215
0.0,2.1141217
18.7132,1.3781793
0.0,3.903364
206.507,187.50812
0.0,2.1141217
0.0,1.4838111
3.12729,5.36409
0.0,2.1141217
0.0,2.1141217
19.6433,4.314885
5.69682,48.465637
4.3179,4.9274054
0.0160634,0.80443263
0.0,2.1141217
0.083875,0.4617207
0.0465449,8.743146
0.0465395,2.1141217
0.256811,2.1141217
0.217464,-5.87136
0.096906,2.1141217
38.4467,20.871431
26.6208,-0.12354994
0.0,0.5771313
113.928,17.806824
0.0,1.6333606
13.191,5.2079315
11.6936,14.554375
0.0734416,3.4751265
4.89097,28.99086
0.0,2.1141217
13.0842,13.983684
0.0,4.818945
15.4758,20.709417
13.9068,26.346605
0.0263778,2.1141217
0.0462628,2.1141217
0.0,0.9080229
64.9969,33.348335
0.0,7.477748
8.64925,10.102147
23.2925,9.616488
24.8885,11.713963
43.2114,31.972515
1.71714,0.9453049
2.12306,8.495175
11.2349,29.607979
6.86239,13.315091
0.0170318,2.1141217
4.39634,0.10518193
14.6375,7.4730806
60.3985,62.8472
0.0768075,2.0054321
0.918487,13.910262
0.0509695,2.1141217
0.205377,0.6406727
0.0683978,61.18591
8.26953,14.980666
0.0,19.357891
38.0233,26.982023
0.0309695,9.168653
7.72727,12.537587
0.11681,2.1141217
0.0399908,2.1141217
0.0295022,2.1141217
8.42896,1.0708325
4.06206,10.610669
4.23289,10.234557
0.645114,2.1141217
5.6568,24.008984
122.832,61.836674
10.919,12.090957
13.6545,2.6575673
7.72727,12.537587
26.0496,16.369684
16.167,16.225918
60.3458,23.184568
0.232203,21.716799
0.139573,2.1141217
0.0,2.1141217
0.0,13.513191
0.0,2.1141217
0.546353,2.1141217
0.0,0.5771313
0.0,2.1141217
13.7455,7.2248926
0.0105311,-1.1603291
0.0,2.1141217
0.0,2.1141217
39.9616,19.096832
0.0,2.1141217
0.0352722,1.4838111
0.0,8.315482
0.0,2.4026875
3.52096,1.5390248
4.97182,9.498295
0.0,0.29086542
9.31878,11.312515
8.4425,13.405335
0.0,-1.6444747
3.80485,12.413011
112.152,2.1141217
19.3196,10.028743
0.0,2.1141217
1.29509,29.889574
86.3551,75.20783
0.0623884,2.1141217
0.0,1.8710768
6.13584,4.672763
45.3564,9.77436
0.0623884,2.1141217
16.4448,21.654411
0.134388,28.426044
15.3078,1.6634734
0.0,5.309065
0.0,0.7688017
192.642,65.95193
2.42329,0.61371326
1.08083,1.6720421
47.7532,33.420635
22.0206,15.729869
2.30816,18.98362
0.0134494,1.8713377
0.0,2.1141217
0.0,2.1141217
8.05086,10.524122
0.0,2.1141217
1.59973,16.964005
7.51521,6.768832
10.5121,10.792705
0.0,2.1141217
22.6392,22.235886
1.50983,2.1141217
0.0,39.021313
45.4518,15.72803
7.37028,34.343147
0.0,2.1141217
3.83202,4.0720577
0.104512,2.1141217
17.0383,13.449593
5.2929,6.8168316
9.84674,28.694233
20.3765,10.640912
0.0671478,2.1141217
22.5227,29.068928
0.0,2.1141217
0.219357,6.9857435
0.0,2.1141217
0.0,2.1141217
4.3179,4.9274054
0.0,39.021313
0.0,2.1141217
0.019328,2.1141217
0.0155897,2.1141217
0.339197,0.8144176
0.0,2.1141217
9.57138,15.416329
0.0,1.4808524
0.0,2.1141217
0.744356,2.1141217
9.66222,979.53864
0.0,2.1141217
0.0,2.1141217
3.99476,21.641783
0.0,2.1141217
11.0785,6.2141285
0.593276,22.120384
0.0,2.1141217
9.18426,23.075815
0.53003,8.051935
0.0,2.1141217
3.60053,3.4021785
0.29633,5.9474545
0.0,19.123045
0.0,2.2046185
0.0416894,3.250691
0.22088,2.4644325
0.0852943,2.1141217
4.42726,12.880393
13.2664,-1.7211194
12.3155,32.19772
13.0144,12.9574375
41.5146,10.141198
0.0,5.0971823
7.15902,52.55598
0.0,2.1141217
0.493416,9.909786
0.0437111,2.938205
0.0,2.1141217
0.044806,4.31981
0.0,2.1141217
14.6904,15.620978
16.5368,2.6213138
1.96863,4.7234097
0.0,2.1141217
0.0,3.5639863
15.1728,45.88496
0.365548,1.2998784
0.0,2.1141217
0.0,7.2248926
0.0,2.1141217
3.90281,0.98555636
16.9321,10.664905
9.31878,10.46751
0.0734416,3.4751265
6.35077,1.438174
0.0342642,2.1141217
0.00429083,2.1141217
0.979962,7.194359
0.813112,1.8151839
2.30087,22.203283
5.80315,23.714573
9.87826,6.725999
0.0,0.8894048
9.98324,28.10453
0.0201361,2.1141217
0.530209,-2.4328406
0.0,2.1141217
8.57879,20.631374
0.0,2.1141217
0.0667464,1.6505287
0.0,1.5094061
0.0,2.1141217
0.02025,2.1141217
32.4131,15.781441
0.0912077,2.1141217
1.67037,20.66959
0.0329041,2.1141217
0.0,1.1667805
0.0318162,6.8086452
0.0,11.07588
0.119356,2.1141217
38.5095,10.485111
0.0227304,0.29086542
65.9312,49.061672
0.122329,2.1141217
0.0243693,2.1141217
0.0,25.005543
0.31996,9.898188
0.0,2.1141217
1.00717,2.8747485
41.3178,2.1141217
63.5438,24.261372
3.87993,41.57177
0.0,2.1141217
6.86627,40.482403
22.3011,21.260221
0.0,2.1141217
0.0272456,2.1141217
0.0,2.1141217
3.13552,6.585475
0.00808029,3.5235908
143.433,34.927513
0.0,2.1141217
0.339008,16.097927
0.821226,16.278784
6.95536,5.7005224
12.5145,2.9204228
0.125719,1.1606264
4.3174,17.47487
0.0,2.1141217
9.3275,11.956265
9.21953,-6.163205
0.0,1.2340183
10.3455,22.958447
0.0,2.1141217
0.0,10.640912
0.97247,5.533186
24.2966,30.458046
1.51667,-3.9561245
49.8151,10.830307
0.0,2.1141217
0.0,2.1141217
0.0,2.1141217
3.79881,20.49762
0.0,2.1141217
19.3857,12.836405
0.0446951,1.3580816
2.36926,11.211113
0.143577,2.1141217
0.243125,2.1141217
0.306484,17.035135
31.889,21.893522
0.0,2.1141217
0.0,2.1141217
22.5331,18.01314
5.64967,14.811035
5.41516,14.78301
1.29509,2.1141217
44.0347,33.46741
13.3042,15.073131
19.0873,1.5722468
0.0,2.1141217
0.0,2.1141217
0.0589175,2.1141217
52.3091,22.938303
0.0,2.1334686
0.571642,5.772444
6.28008,2.1141217
0.0,1.5748456
0.0,10.59468
9.40205,8.766888
1.69762,5.9178276
0.0,1.0983262
5.57964,16.015026
0.0,2.1141217
0.0,2.1141217
0.0916607,2.1141217
0.0,4.2001047
0.775302,3.645083
23.6853,23.14975
25.4244,39.28087
0.0,10.212213
0.462918,6.76357
1.02578,1.2040689
55.562,14.245423
1.99183,13.650822
42.093,12.841117
0.127344,1.9809105
0.0,28.210985
0.0,2.1141217
0.0230888,2.1141217
0.0,2.1141217
0.0,2.1141217
0.038955,2.1141217
13.4342,12.881057
0.0211106,1.4229939
0.0496673,2.1141217
0.0775661,12.326921
78.8657,74.31631
0.0,-2.634526
14.4278,9.718663
90.1931,96.71566
0.0,-0.58544993
24.7055,6.380171
18.0201,20.025307
29.3879,5.1060457
0.389651,7.290594
0.0,2.1141217
0.0,7.477748
0.0,2.1141217
0.0,2.3746126
21.3463,18.96202
9.91484,4.7071433
12.2866,21.128532
1.68959,8.164414
0.0789655,0.13823962
4.52196,2.1141217
24.8679,20.414667
52.7444,2.1141217
0.0,7.374118
10.0115,14.523519
11.6114,20.631374
0.0,7.806714
12.2738,14.584438
0.0,0.88092923
89.6832,8.708745
24.8285,-5.9660645
0.339008,16.097927
0.620922,2.1141217
0.0,2.1141217
5.7861,13.251761
7.39194,79.42939
25.8958,28.746237
0.0,2.1141217
17.1223,2.1141217
0.0,2.1141217
0.00844904,0.27279973
41.1122,33.739017
6.18583,6.9340506
0.0,8.365119
0.0219642,28.17271
0.0,24.208754
2.93284,4.2865295
0.0,2.1141217
192.728,95.59994
4.42726,12.880393
0.0,2.1141217
4.36892,22.689314
0.0,2.1141217
0.0,2.1141217
0.0118156,2.1141217
8.21964,7.0325613
6.66568,5.5867844
11.104,13.480784
0.0,2.1141217
0.0,2.1141217
0.0,2.1141217
1.07637,4.707923
0.0,2.1141217
8.67667,15.570559
27.4574,17.240921
3.91957,8.461138
0.0561515,2.1141217
1.92803,2.1141217
12.6946,13.53781
0.512462,0.73700213
43.1164,15.994381
0.0,0.800612
28.7013,18.912045
0.0,2.1141217
8.56891,11.287562
0.0,2.1141217
433.236,256.0741
2.05754,29.880478
13.5935,39.109245
0.0,2.1141217
5.43498,5.8915815
19.2125,11.167752
0.0832453,2.1141217
0.0,2.1141217
0.0,2.1141217
169.204,177.49995
4.814,2.6193836
0.0,2.992619
0.150147,61.18591
3.02521,8.801147
172.303,83.1194
0.0,2.1141217
23.5921,3.0835638
20.2579,23.012753
7.13458,16.655676
0.0,34.75192
41.4786,46.66471
0.0,23.744047
0.0,2.1141217
0.0,12.99438
3.55067,21.806274
5.29286,3.7383084
0.0,2.1141217
3.66412,5.093215
0.0,2.1141217
13.0285,16.682617
0.121235,3.5481496
0.0,2.1141217
10.2172,14.647026
0.659262,1.6893399
0.0,2.0941005
0.0,2.1141217
0.0,2.1141217
86.3551,75.20783
0.0,2.64883
9.66222,979.53864
0.0,9.105166
0.0930992,2.1141217
0.0,2.1141217
0.151923,2.1141217
4.86962,28.225727
49.9266,32.939144
39.5927,29.24619
11.8329,25.538425
1.53763,2.1078613
181.115,101.54472
0.0,2.5469666
0.0405562,2.1141217
0.138812,2.1141217
0.0,2.1141217
0.144133,2.5995474
8.48195,11.716409
0.595357,24.336775
12.5145,2.9204228
0.0,17.081537
9.4149,22.957647
0.0,4.2666564
0.0,2.1141217
127.302,58.602287
0.0,1.2836053
90.1931,96.71566
74.3385,46.01965
12.3122,7.80099
14.3497,9.582608
0.0,1.7066774
16.2677,30.181307
0.0,2.1141217
0.0384637,2.1141217
0.0978433,2.1141217
5.95518,2.4025204
0.0,2.1141217
0.0,2.1141217
22.8781,4.7947655
0.0,2.1141217
14.3224,3.8547902
70.3369,35.45989
5.31933,18.658743
0.0,2.1141217
0.425769,10.59468
0.0,-2.117314
0.0,2.686831
0.0367091,11.055564
27.1771,31.219501
9.47172,18.65945
22.8231,26.358185
18.8186,4.9266214
0.0,2.1141217
11.6675,9.149248
0.0,2.1141217
0.0906917,2.1141217
1.00882,2.1141217
61.019,19.95058
0.0,2.1141217
78.7397,25.515686
0.0951988,2.1141217
17.5418,14.003628
15.0214,44.816326
0.0185412,2.1141217
41.734,27.909876
18.3641,-222.15822
0.101265,18.439833
0.0,2.1141217
0.271741,19.788597
1.55914,25.588684
5.52068,-3.9367893
0.0126236,2.0195196
0.0393917,2.1141217
0.0215975,0.98555636
0.0,2.1141217
0.0,2.1141217
0.0,-1.2776003
18.8462,9.618952
0.0,12.315131
27.025,58.761467
19.7309,17.698967
10.5201,19.086647
0.0321666,2.1141217
21.4822,28.09718
21.5036,34.895916
0.0,2.1141217
0.0,2.1141217
0.0,2.1141217
32.9177,14.948352
9.5369,32.363293
0.0,0.92234063
0.0,2.1141217
0.160609,3.656964
0.141702,2.0967867
8.60295,13.466214
0.0,2.1141217
0.0,2.1141217
0.0,2.1141217
2.97868,10.527551
16.651,6.9716806
0.0394029,1.8512552
4.90964,20.614803
0.0,2.1141217
11.0343,27.386011
3.16817,15.469668
1.15041,2.1141217
8.38864,4.3931046
98.6757,27.41853
0.0319278,3.2932243
1155.82,235.13461
0.0,0.29086542
0.0,2.1141217
3.95929,29.963112
0.387361,-2.19611
0.0,2.1141217
783.773,456.30902
0.121057,1.6629405
0.0,2.1141217
0.1352,-0.36713457
8.74577,17.222078
14.1253,42.20987
7.56916,9.499555
0.620032,21.321823
0.0484848,2.1141217
10.1402,10.518575
15.741,10.305993
13.7987,15.871144
6.89367,17.19137
0.0,2.1141217
5.49693,12.316306
8.03788,10.242926
19.3196,10.028743
18.2872,2.6174242
0.0569866,2.1141217
0.0572617,10.859766
0.506356,-24.853127
7.05002,14.993738
74.3385,65.904915
71.9843,32.63485
0.0833001,2.1799645
18.2979,4.2175207
0.0872672,2.1141217
0.0503724,-0.69649386
0.0995542,2.1141217
23.3962,39.844254
0.0546348,2.1141217
34.7652,29.716736
0.0,2.1141217
63.3518,96.71566
0.0729982,2.1141217
27.4685,15.871144
1.94104,2.1141217
0.0933876,-1.4019248
22.561,31.861574
2.73993,1.2791839
86.3551,75.20783
0.00507226,2.1141217
228.807,232.03015
2.56689,2.2374644
0.0,2.1141217
0.536697,2.1141217
0.0187816,4.851143
24.3287,-1.9087338
0.0,1.6760542
0.0,2.1141217
6.86239,13.315091
0.127013,12.021923
0.043218,0.41471982
0.0132973,2.1141217
17.241,5.3885
0.0,2.1141217
0.0,2.1141217
0.0244278,1.2444239
0.0482619,2.1141217
0.229059,0.511606
0.0350981,6.54243
96.1357,2.1141217
0.608552,19.204723
1.7566,2.1141217
60.3985,62.8472
43.674,9.876651
0.147932,2.1141217
79.1213,33.109955
6.31484,-12.341338
8.4425,13.405335
8.05408,25.704666
11.6675,9.149248
35.9308,61.58827
0.0,23.068256
3.84032,2.1141217
2.15402,10.534335
0.0220383,2.1141217
0.0227304,0.29086542
22.0206,15.729869
0.0324436,2.1141217
0.411317,0.18901587
14.6483,6.3506994
42.3658,57.468773
53.2671,2.1141217
19.4687,21.960314
10.5201,2.171344
56.424,22.386698
95.5694,46.040302
2.02652,12.43255
11.5204,-0.61486936
0.0,2.3259826
0.0,2.1141217
0.0194014,2.1141217
0.0,2.1141217
14.8266,15.648969
16.4169,46.4856
4.63845,17.985767
0.0774752,1.2801943
0.0,2.1141217
321.405,87.111496
7.75683,1.5112829
8.61256,16.029943
0.0,33.612766
0.695473,5.651844
10.2463,21.370684
0.884516,23.511986
0.0219642,1.6731446
0.144784,2.3550985
0.0,1.6154392
0.0,2.1141217
39.5552,63.957798
0.0,1.7873015
22.5227,29.068928
0.014625,2.1141217
9.17932,30.626543
0.0683978,61.18591
3.81985,2.1141217
6.58495,-8.126753
166.341,66.24732
31.889,21.893522
0.0,2.1141217
0.0101776,2.1141217
7.03976,2.1141217
2.2831,21.026978
0.0,2.1141217
5.06259,2.819084
0.335168,-1.4503024
13.5651,27.217049
31.889,21.893522
0.0541491,2.1141217
0.038756,-0.48020887
2.1209,14.586855
8.30844,16.386951
0.0,2.1141217
0.0,3.918041
53.3411,23.261015
38.0233,26.982023
0.0134494,-2.4482207
52.2404,19.97969
95.6333,148.75148
16.3663,1.8892715
4.4131,29.639969
0.0522123,-0.5801146
0.0,2.1141217
0.600308,1.0395103
24.4512,7.553067
0.0,0.7688017
9.59899,20.638868
7.14585,4.917487
0.584309,-1.9686599
19.7381,26.305202
0.153776,13.387051
13.0144,12.043419
7.7561,22.586449
0.0,17.380154
4.30556,4.5804896
0.360681,20.720459
0.913003,31.217537
0.0,2.1141217
27.8376,-7.4027567
0.154268,2.1141217
0.0,2.1141217
0.0533663,2.1141217
1.87517,-4.5843763
0.0168345,2.030281
0.0,1.0983262
123.482,133.57274
0.023733,2.1141217
0.0,2.3550985
0.506804,2.7769518
0.0,1.9750199
9.18444,14.238876
0.0572685,2.1141217
12.0095,42.50144
7.75804,-1.6246097
0.0,13.570205
22.4628,6.2320213
0.0,2.1141217
2.36522,9.898188
11.3063,2.1141217
0.0,2.1141217
0.966317,18.920326
28.3842,4.5824437
7.75693,3.5992248
1.73916,12.479974
23.8784,16.184977
13.1413,10.946456
0.0,27.035336
0.0,2.1141217
0.0,2.1141217
19.9297,4.887971
0.0285757,7.315551
0.433299,3.4205756
0.0,2.1141217
0.0,7.8813066
9.34879,-2.0053287
0.0789583,2.1640315
0.0,2.1141217
0.0,2.1141217
20.7926,7.6101017
0.0,2.1141217
0.836064,2.1141217
0.0572742,2.1141217
57.049,2.1141217
0.0,26.638401
44.0347,17.030947
0.0,0.83258224
16.4599,0.24263847
0.0,1.053874
9.31878,11.312515
0.0,2.1141217
8.54713,2.1141217
1.55944,15.140662
0.00826875,2.1141217
0.0,-6.9523344
0.435642,-3.8556898
20.3765,0.29744983
1.49994,17.919346
38.4953,25.261395
13.234,17.20741
5.23117,-3.6392186
183.183,126.68731
10.9794,15.435817
0.215605,2.1141217
0.0,2.1141217
5.75467,12.697857
48.8198,35.121403
7.06927,16.794437
0.0,0.29086542
8.76273,59.639988
6.39203,28.463034
0.0,7.35075
0.0,2.4215493
0.0,1.4808524
9.91484,4.7071433
0.0683978,61.18591
5.1839,6.9186726
2.66844,10.618019
13.8031,2.1141217
0.02025,2.1141217
0.0932878,-0.06845856
10.5733,12.446902
141.18,51.540432
16.8592,3.9989533
0.0451382,2.1141217
25.0851,15.553423
7.75683,1.5112829
73.3554,55.918507
0.0157039,-1.9556873
16.5368,6.769498
0.0566512,2.1141217
5.86462,4.100054
0.0,2.1141217
0.524087,1.427366
148.617,60.85343
0.0413947,0.73577857
11.5717,11.828261
0.0852943,11.57337
8.44341,-2.7970178
13.3341,31.899164
0.030774,1.4754741
0.346506,-3.840078
176.437,93.97668
24.01,25.96365
32.9684,30.059849
19.3857,12.836405
13.4906,16.97263
0.0394935,2.1141217
0.00673864,2.1141217
0.125719,1.1606264
11.5933,-2.086001
0.0,13.204291
7.78391,33.82257
6.33747,1.9241645
14.5905,-8.466352
0.0,0.6707423
0.150791,2.1141217
0.0,2.1141217
0.0,2.1141217
4.53936,0.5853441
0.0,2.1141217
0.0,2.1141217
33.3964,20.672998
0.0,2.1141217
17.5972,11.659295
13.427,-2.701555
0.996024,18.904358
0.0,2.408181
0.0290041,2.1141217
0.267555,17.126757
11.2831,12.525912
0.0,13.513191
0.0124043,6.5625963
12.3122,2.1141217
0.0,2.1141217
0.124475,9.3419485
18.7733,24.720932
6.87894,24.799393
8.8373,7.4242964
9.68664,10.584289
0.0,1.9189589
16.1526,11.347529
26.0635,10.995067
59.275,35.798004
4.21318,11.802487
10.5992,1.3384106
0.53003,8.051935
0.0,2.1141217
0.383809,2.1141217
1.47722,2.1141217
0.16686,1.9319446
11.2459,14.131247
0.0,2.1141217
0.044806,4.31981
0.0156562,2.1141217
0.0,2.1141217
7.72727,12.537587
10.5353,5.61464
7.2315,48.451687
0.0,2.1141217
0.0,2.1141217
0.237022,35.798004
0.0244235,2.1141217
74.3385,65.904915
0.457822,-9.69069
31.8925,36.43914
0.0,2.1141217
37.1852,26.776608
0.49245,11.824836
0.128932,2.1141217
0.0,19.514023
1.13448,16.526127
0.0,9.392183
16.5723,30.371185
0.0,2.1141217
77.0053,57.654015
0.104649,23.135092
7.18879,9.392183
0.0493823,2.1141217
2.66118,2.1141217
0.0,2.1141217
0.0,-0.4212011
0.0,2.1141217
4.71181,2.1141217
6.42834,24.376175
0.27028,5.017812
0.0789774,4.350357
6.17529,21.826984
2.87811,0.59498954
5.78663,3.5001225
0.0,2.1141217
0.0,0.15175617
0.134373,0.12338662
0.0,2.1141217
0.595201,17.733091
16.651,6.9716806
61.3507,29.149555
2.26397,10.34162
21.6391,3.1404088
12.7354,6.3997517
1.43546,2.1141217
26.9925,12.919643
10.5869,19.953743
0.0,0.7688017
70.3369,21.088154
0.0,0.7417822
49.6106,16.940699
0.0,2.1141217
0.0,2.1141217
0.550818,27.373598
0.0,2.021357
23.5057,21.816422
0.0,2.1141217
0.22857,1.3520288
0.0,1.5870538
0.0,1.6565335
0.559344,2.1141217
17.542,30.793034
1.19575,0.96163774
11.72,43.78519
7.70336,-53.61278
4.06206,10.610669
0.0,1.2715867
14.3418,10.76313
0.0,2.1141217
51.5995,54.569717
0.0,2.1141217
12.9157,3.3704975
4.55497,2.943418
3.35149,32.01187
0.0,1.4833181
0.0,2.1141217
111.689,35.086723
5.10657,13.376378
0.0,2.1141217
0.0,2.1141217
0.802017,1.923887
5.60303,10.67738
0.272102,2.1141217
12.0453,1.7699025
2.36741,2.1141217
9.12907,3.6946294
31.889,21.893522
0.0,-0.63274574
0.0299962,2.1141217
18.5139,27.312777
0.0465395,19.620708
25.633,19.02691
5.78663,3.5001225
0.0335812,2.1141217
0.0,-2.634526
0.0,3.5551698
0.0630355,2.1141217
3.16878,8.8534975
37.4675,78.706924
0.0,0.5771313
1.18369,4.584762
16.5966,6.833269
0.0,2.1141217
5.6552,14.689702
0.0,2.1141217
24.6137,14.436345
8.07476,16.535696
2.85794,24.860943
0.0,-1.2776003
0.242017,1.3570955
2.90635,13.125197
6.43976,10.689906
3.39072,15.121294
0.082622,2.1141217
0.0929124,2.1141217
0.0,3.0024357
0.0,-19.363539
0.0912077,-1.7136152
26.9829,15.772093
2.89723,12.506158
0.232573,19.282736
4.27029,36.958576
0.0,6.5625963
0.0651436,2.1141217
2.35672,19.175354
0.0995296,2.1141217
0.0,2.1141217
0.795791,2.1141217
0.0,52.281452
26.4945,9.082363
23.8673,18.264107
9.32373,-0.591285
0.369767,38.48309
21.3561,32.527668
0.387485,8.303036
0.29436,2.103591
0.0,2.1141217
6.16632,9.754073
24.2314,7.488348
0.152745,2.1141217
33.0915,8.7563
10.4821,5.967244
140.312,150.66098
0.0173308,2.1141217
7.72727,12.537587
16.963,13.542436
0.0,2.1141217
10.6686,3.5015957
0.0,2.1141217
74.3385,65.904915
11.1964,22.164715
0.0265841,2.1141217
4.74464,12.30243
7.53909,-6.1335115
2.97333,10.655471
8.67667,21.128986
49.1967,8.335664
0.269299,13.810935
0.160974,-3.0098474
4.42534,9.858688
14.3015,15.984732
0.0,10.640912
0.0393917,2.1141217
0.0198191,2.1141217
0.0,2.1141217
0.2002,2.3968506
7.36251,18.361214
5.34971,10.548388
0.0,2.1141217
0.0,2.1141217
0.454844,-0.5793288
8.45355,-0.24114382
0.0118743,2.3453345
0.0,2.1141217
0.0629288,2.1141217
0.0,2.1141217
0.0,2.1141217
18.9655,-1.7686846
0.0,2.1141217
0.0138797,2.1141217
20.3666,9.925052
0.0706443,8.60874
6.26589,10.469604
21.9927,22.145355
11.6152,20.945662
7.96039,9.620176
0.0,2.1141217
13.9629,5.674466
23.8569,1.1984627
0.0,2.1141217
18.7859,35.545757
18.7132,4.9870405
0.0,6.542513
0.158944,2.1141217
52.2918,16.866028
0.13219,2.4501696
0.0,0.5771313
0.0,2.1141217
0.0,2.1141217
0.784984,32.328053
0.0,2.1141217
2.97682,1.9912834
0.0423925,2.1141217
0.00880007,2.1141217
0.0,2.3550985
3.31365,5.141102
5.87878,11.92335
0.0,2.1141217
0.0,2.1141217
19.0973,21.549389
0.0,2.1141217
0.0,2.1141217
49.8568,10.716872
0.0,2.1141217
3.68034,2.1141217
16.7768,2.1141217
0.0,2.1141217
0.0,-1.2776003
4.29189,12.931564
0.0,2.1141217
7.14585,4.917487
7.05387,-11.005898
0.0,2.1141217
0.731623,2.1141217
6.32027,6.5035286
0.0,2.1141217
13.6702,25.858809
0.0,19.446562
31.889,21.893522
0.20815,2.1141217
14.2189,4.4441996
0.197127,14.869777
4.85934,-7.0194845
3.31365,5.141102
0.836202,13.782507
19.9821,33.41453
19.8674,11.453752
22.6272,13.452102
0.0,2.1141217
0.0,3.7292492
17.0383,13.449593
0.0,2.1141217
7.81582,20.938263
0.11797,2.1141217
0.759499,9.492305
1.14865,2.147346
30.2213,5.6076317
4.06891,20.715656
0.0,2.1141217
0.0,2.1141217
0.0,2.1141217
5.7861,13.251761
7.18879,9.392183
0.0262574,2.4942183
0.0,2.1141217
2.38675,29.207705
1.91025,23.511986
10.1766,3.8359482
0.0219259,2.1141217
0.0,2.1141217
0.0,2.1141217
24.7117,-7.1797295
0.0396249,4.2666564
1.73733,1.9741108
49.3181,27.297867
0.344931,2.7248785
200.795,110.40382
0.0,1.2174494
0.0,2.1141217
8.18569,14.285699
0.0,2.1141217
5.31336,1.9149206
0.0,2.1141217
3.39633,23.994356
6.16944,2.1141217
0.0,14.142978
228.807,232.03015
0.0,2.1141217
62.2029,47.338978
0.0275588,2.0401828
0.0,10.640912
0.553249,11.062936
37.7198,22.697857
4.52996,21.284657
0.0,2.1141217
0.0,2.1141217
0.0,2.1141217
0.110217,2.1141217
38.012,12.836405
0.0,2.1141217
41.5651,30.638252
18.1842,22.51697
0.0,2.1141217
17.8416,10.658912
0.153342,19.004944
0.0,2.1141217
0.0,2.1141217
10.5514,9.282409
2.49862,2.1141217
15.4143,12.880393
7.94594,23.511986
3.0284,8.828617
0.814287,14.434878
4.76998,3.338223
0.139393,-2.0085332
0.0779642,-0.17347503
1.81373,0.22805285
0.0496801,2.1141217
18.2676,1.034899
0.0129563,3.9587405
4.61178,10.156065
7.67185,-1.6246097
0.0729982,2.1141217
15.9415,11.147017
0.0,27.527927
4.21381,17.894262
8.87697,12.736652
2.54224,5.6706495
0.568093,2.1141217
0.185318,17.446726
22.0933,72.75911
0.0,1.9405279
0.0553946,1.270817
0.0,2.1141217
19.633,20.23693
0.0,1.4230201
0.0,2.1141217
12.8027,2.1141217
0.0,2.1141217
13.2992,11.3947735
27.3319,2.1141217
1.24093,9.137863
3.51536,18.38452
0.498276,-3.8556898
25.0729,16.382135
6.83028,13.513191
0.173196,3.621923
10.2115,22.33419
125.046,24.029541
3.40206,11.675517
19.2937,4.6571703
24.4788,13.8821335
9.68664,10.584289
0.0,2.1141217
0.835289,8.035438
0.0,2.1141217
0.152073,2.1141217
0.735041,9.962192
169.985,85.027565
8.3715,5.147152
0.0,1.7703428
4.97765,30.283873
0.0,2.1141217
0.0,2.1141217
37.5751,19.346153
0.229278,2.1141217
0.0733279,2.1141217
0.0,-0.9767976
0.97584,2.545785
8.71518,13.341858
8.94272,15.491654
0.0,2.1141217
0.0,5.6226053
1.28219,2.1141217
0.875072,10.1774645
0.0,2.223213
0.0335017,3.3389904
15.7413,46.572357
16.5481,7.5853815
68.9289,40.125473
0.0,2.1141217
1.04654,22.747501
26.885,4.755062
5.14796,12.356772
0.0,2.1141217
30.8501,56.402084
0.220675,0.60950303
0.0,2.1141217
0.0,2.1141217
1.24542,2.316946
12.5166,1.9943833
0.0,2.1141217
76.9977,41.646782
4.61967,23.46494
0.0,2.1141217
13.9629,5.674466
1.58275,15.153686
2.49685,27.733875
0.0,2.1141217
0.0,2.1141217
12.6788,15.195733
82.0616,57.782417
0.0547589,16.534239
0.88287,15.125806
0.0,-0.7399101
0.0,2.1141217
7.6859,26.692604
0.0,2.1141217
0.0,3.7264857
0.0,2.1141217
49.3181,27.297867
0.0,2.1141217
19.9297,4.887971
12.3842,1.6731446
1.59969,0.9352126
37.4822,24.989555
9.36233,2.9015365
13.9068,6.930381
44.2972,20.06414
0.656222,-2.120679
0.006161,2.1141217
0.0978433,2.1141217
0.0,2.1141217
34.9264,5.237281
0.128932,2.1141217
0.166993,30.918863
0.174824,2.1141217
6.77438,1.8419385
8.57879,20.631374
0.0,0.1129905
2.55989,16.751703
21.2758,-7.1126966
0.083875,0.8543918
7.92071,8.466211
0.0181295,2.1141217
0.456055,2.1141217
6.07532,1.7807486
0.0134494,-2.4482207
3.93496,20.518745
0.0,0.16451192
0.0,0.82010317
3.80485,11.790348
14.5686,47.857914
0.97247,5.533186
0.0,2.1141217
4.33623,10.294889
14.1581,34.47526
0.0,2.1141217
89.3986,47.49535
13.3722,15.606725
331.816,159.3635
0.380248,1.7707787
0.0,2.1141217
10.1206,0.103936434
0.0,19.916473
16.4448,21.654411
21.6391,21.501095
0.0,2.1141217
0.0101776,2.1141217
0.00786319,1.1069355
0.0284757,2.1141217
1.06649,5.9772453
12.9302,8.571423
0.0,2.1141217
7.5882,-0.65148354
9.53814,16.254421
53.0483,8.686477
0.835289,8.035438
11.2349,6.371951
73.0323,14.056665
0.0174847,6.137435
0.508521,1.5407491
20.3821,9.068138
0.353843,14.647026
20.2321,6.8904877
3.42381,26.674381
0.0,2.1141217
5.77299,2.5566387
0.0,2.1141217
0.0,2.265363
2.08647,12.347754
81.91,28.355368
0.0,5.234668
0.0,2.1141217
5.34906,1.3923142
0.0,1.1667805
16.4165,8.888712
0.0,2.1141217
0.0,4.455803
0.0,2.1141217
0.0,29.371094
1.00264,-11.896937
258.84,16.58432
6.56178,7.431877
0.0,2.1141217
3.42946,12.508247
477.65,317.90964
0.0,2.1141217
0.233384,434.20877
9.47172,18.65945
31.889,21.893522
14.8348,7.557605
0.0,0.7688017
0.0464147,2.587566
0.0,2.1141217
25.3641,11.298175
6.18583,6.9340506
0.0,2.1141217
0.0,2.1141217
18.2498,8.670391
0.0538038,6.05783
0.0,2.1141217
0.0,1.3290293
21.9927,22.145355
0.0,10.851462
19.0535,6.001665
0.348336,2.1141217
0.0569866,2.1141217
0.0,2.1141217
0.0,39.021313
0.0,2.1141217
0.0,7.79317
0.0,-1.5855246
1.78563,47.51804
25.6265,37.31998
12.6388,20.506859
5.35623,6.4302053
25.7777,2.1141217
0.158853,-4.40853
95.38,75.97858
0.0862949,2.1141217
23.7563,-0.13019228
0.0,2.1141217
0.0,2.1141217
0.0294058,2.1141217
7.28997,12.212889
14.8394,25.250135
5.46058,20.746386
6.17769,29.412369
5.20518,3.7321448
0.0104508,1.3934808
112.42,70.52169
7.49617,22.626156
3.08732,2.1141217
9.38405,14.098549
0.030325,3.5197153
11.3911,19.992884
9.8197,8.897542
0.259435,2.1141217
9.03346,-1.1333861
0.303486,2.1141217
0.0522945,2.1141217
9.20186,10.62346
0.0,2.1141217
2.70478,14.681173
5.14796,12.356772
0.386214,16.06007
0.0546254,2.1141217
0.0,2.1141217
4.21751,4.613679
15.9835,4.1185865
0.0,2.1141217
1672.53,979.53864
0.0,13.0262785
3.15769,0.055983067
0.0,2.1141217
1.91292,17.120209
7.65274,-5.2352133
0.0866043,4.210681
0.169663,24.763466
0.0,2.1141217
45.8853,24.274422
0.147257,2.1141217
0.0,0.1375947
29.3384,26.543316
3.19082,4.5029116
18.24,4.531988
0.0171162,2.1141217
26.1972,1.9756968
0.226036,19.620708
1.77605,22.807981
0.0,2.1141217
31.8821,41.84309
27.2008,22.842728
0.0,2.1141217
19.7844,27.199154
52.1765,39.17518
0.0,1.7873015
26.9232,67.85139
8.57879,20.631374
0.0227304,0.29086542
11.3911,19.992884
0.0,2.1141217
0.0265756,16.912287
68.9289,40.125473
8.35051,2.674699
13.8431,25.376982
1.45222,2.1141217
2.14041,2.1141217
0.0,2.1141217
35.6287,28.751709
21.9927,22.145355
7.88268,12.572993
0.0803971,2.1141217
12.9128,21.077612
0.0,2.1141217
22.4149,14.938543
0.0,2.1141217
31.8932,2.1141217
0.0,2.1141217
1.51667,-3.9561245
0.743623,16.494013
25.6866,16.254164
0.0,2.1141217
18.4886,32.638958
0.0,2.1141217
26.5551,20.471733
0.0129563,3.9587405
11.7918,-2.117314
0.0,1.8214407
0.0,2.1141217
0.0110928,1.0810854
0.0,1.664017
0.0,2.1141217
4.5796,20.713127
8.76341,5.309883
6.16726,2.608721
279.087,151.90787
23.5333,16.551046
4.8625,35.052498
0.0,2.1141217
0.0,2.1141217
0.0,2.2736251
0.0,1.4651377
0.0,2.1141217
0.0,7.265312
0.0,2.1141217
101.91,18.465242
1.16746,2.1141217
26.2865,35.822117
0.0401409,2.1141217
76.748,17.232622
0.182939,2.9015365
0.0360348,2.1141217
0.0,2.1141217
5.39411,8.383818
0.546353,2.1141217
3.93496,6.390974
284.399,103.19117
0.0,2.408181
0.0339202,2.1141217
0.0549566,17.09898
0.0,2.1141217
0.0995542,0.574332
0.0,2.1141217
51.9888,23.55938
0.0,2.1141217
0.0219642,1.6731446
6.39901,13.769444
0.0,2.1141217
2.7109,5.1620045
12.2934,21.067387
0.0621603,6.9578114
10.4143,23.717867
8.68579,11.651674
0.0059639,5.48277
4.545,9.898188
12.9084,4.865488
0.0,2.1141217
0.0,2.1141217
0.0,-2.634526
10.8052,36.664642
0.514458,2.1141217
3.28353,16.108603
0.306027,17.54545
2.20978,2.1141217
18.333,25.62982
31.6155,25.654314
0.0,2.1141217
4.0341,8.315525
12.4457,14.838422
0.337834,2.1141217
28.7013,18.912045
20.2629,20.258125
9.22554,0.82010317
34.9264,5.237281
14.8916,13.735548
32.9177,14.948352
0.0,2.6174242
0.0,2.1141217
46.797,10.889378
133.142,52.008034
4.54834,16.16358
0.0,2.1141217
0.0,5.283948
0.0166665,13.27768
0.0,2.1141217
23.8144,3.2605584
3.12215,15.315433
0.0,27.349953
12.7252,12.024989
12.3578,16.102467
36.2545,42.08692
0.571642,4.0327816
3.31146,21.512083
0.0,2.1141217
0.0,2.1141217
4.85934,-7.0194845
4.95834,3.5988638
3.93496,6.390974
0.0,-2.634526
9.91484,4.7071433
5.55645,-6.8775864
0.0,2.1141217
0.0,2.1141217
0.0183801,1.7754734
0.0372422,3.2862854
0.0059639,5.48277
11.0758,11.562729
2.91784,10.749166
0.242017,1.3570955
0.0,2.1141217
1.00998,2.1141217
0.0,2.1141217
22.2375,32.931194
0.0,7.12035
0.0951988,6.021492
0.0,2.1141217
166.297,2.1141217
1302.44,920.2691
49.2648,20.870726
6.58066,13.966818
1.81878,6.6617184
5.39369,31.991062
0.0,2.1141217
0.0587993,2.1141217
0.0,2.1141217
22.8231,17.606323
0.406212,6.8872557
0.318302,0.86535645
0.0,2.1141217
3.71542,14.741757
0.0463064,2.51183
0.0,2.1141217
12.0573,1.9288018
0.0,2.1141217
0.256118,2.1141217
0.0,2.1141217
1.23407,0.5553372
0.0,2.1141217
0.0,1.745013
0.183057,-0.9475024
10.3455,22.958447
0.0398024,1.5555673
2.38815,-5.609516
3.298,4.025865
84.2505,55.613396
0.0,4.865488
0.493416,9.909786
0.0,2.1141217
4.88125,25.182108
0.0,2.1141217
23.5057,20.063862
8.10573,2.1500964
0.0,2.587566
3.25462,5.344107
12.3122,14.779863
0.535877,1.6731446
0.386214,16.06007
0.247214,-0.32233787
2.01469,15.337039
4.88149,6.6703033
3.02328,-1.1835473
0.0302849,20.460423
0.0,2.1141217
10.1728,25.87177
0.0,2.1141217
0.0,2.1141217
0.0,2.1141217
0.0575503,2.1141217
28.0828,12.169276
1.32143,-1.3001394
78.8296,109.494774
0.24238,13.140169
9.21146,-20.942436
2.7109,10.742601
0.128932,2.1141217
0.0,5.8427896
0.0,2.1141217
22.5498,6.4819794
8.17572,4.4954576
0.0,2.1141217
0.180282,4.461481
230.705,218.89227
41.1289,32.326847
31.5645,8.251821
0.0647448,2.1141217
0.0,-0.70289254
0.0,2.1141217
0.0717698,3.6339765
0.0734416,3.4751265
2.3241,7.7794523
35.7609,-2.872534
1.00021,2.1141217
4.14783,15.053646
0.0,2.021357
27.5158,21.92455
5.86486,10.717915
0.0,2.1141217
31.889,21.893522
19.7884,24.066763
0.0,2.1141217
12.3578,16.102467
1.00418,2.1141217
0.0867748,2.1141217
0.0355729,0.6812427
3.71846,2.1141217
2.24119,27.987976
0.0210097,0.081269264
0.280465,1.5797184
39.1888,-1.6399114
0.0,0.45068574
0.0,2.8751018
89.2021,31.903868
0.314389,4.966498
0.0390648,2.3045232
6.54579,9.044126
0.0,2.1141217
42.4619,18.123716
0.0,4.2172585
13.792,14.685266
0.300234,19.055916
0.0727032,2.1141217
120.835,135.09126
13.1516,6.279414
26.9232,18.831715
0.0,2.1141217
0.0,2.1141217
33.7368,17.59534
0.711576,3.9383605
24.8391,8.355647
258.84,16.58432
15.9221,14.197778
0.0978433,2.1141217
1.26098,1.0983262
0.0,1.3515141
0.0156715,2.1141217
24.734,-1.0876112
0.0,2.1141217
0.0,0.5771313
0.0194222,2.1141217
7.00152,-8.205176
0.00483917,0.7161324
0.0,3.2865114
78.8296,109.494774
0.0,2.1141217
4.98572,9.822929
8.74772,9.561637
11.6093,21.370617
1.04575,4.9394712
0.0,2.1141217
0.0,1.0029194
5.22933,11.709648
0.148227,2.1141217
8.4425,13.405335
41.5746,20.544447
20.0364,2.1141217
33.0979,39.86218
397.223,114.59307
2.93284,4.2865295
86.3551,75.20783
20.044,27.632336
0.0,2.1141217
0.0,2.1141217
0.0,2.1141217
0.0818675,18.00283
18.9926,4.0508814
0.0,2.1141217
7.11917,1.8204663
0.0,2.1141217
2.59898,1.9284613
0.0,2.1141217
0.0,2.1141217
0.0465422,0.8098099
0.0,1.3025146
0.222996,10.496265
70.0764,28.695236
5.1564,7.477748
0.0101261,1.1380856
3.62923,42.92141
0.0633624,4.2973633
13.5237,15.2522
0.0,1.1844966
0.0,2.1141217
0.0,2.1141217
0.0,2.4350557
0.0,2.1141217
37.437,36.330948
16.4601,28.373228
19.4241,12.33274
0.0,0.29086542
160.067,74.0113
0.0,2.2726843
9.1599,17.12061
9.90804,7.760931
0.0630775,3.3651342
0.0367091,11.055564
0.432042,34.47391
0.0,2.1141217
7.62417,19.39312
0.0,1.7051728
3.42946,12.508247
4.30556,4.5804896
68.9289,40.125473
0.012238,-0.35804868
1.96863,4.7234097
0.0,2.1141217
1.46214,-1.7031183
504.325,324.78696
0.0533205,1.486959
0.0,1.4856396
0.0,2.1141217
0.0,6.3895636
0.0,-2.3862267
25.7056,2.7438295
0.553941,2.1559145
0.0367091,11.055564
0.0,2.1141217
8.18259,9.928989
1.47245,5.6718063
28.6774,-9.232228
0.0995542,2.1141217
0.456012,5.955969
0.121235,3.5481496
0.0755944,2.8671756
2.0945,2.1141217
3.61919,19.450148
18.8261,29.455374
2.61957,9.912817
3.93102,33.6486
0.0,11.735118
0.611819,2.1141217
0.476896,-3.3837535
25.1238,114.40177
0.403338,0.24238682
9.9046,41.33076
0.0,2.1141217
0.0,2.1141217
0.109426,-2.562412
0.454844,-0.5793288
0.0,2.1141217
0.248463,-1.9244473
0.0,18.860306
4.99855,2.1141217
6.32027,6.5035286
0.0,2.1141217
45.5749,39.021313
47.7532,33.420635
16.0255,-1.8723705
1.20083,4.4467125
0.0683978,61.18591
0.0,2.1141217
0.0,2.1141217
375.08,146.48347
0.0,2.1141217
8.78232,6.7159014
197.497,40.74506
0.486084,17.357073
0.0,0.048031926
16.643,1.7488718
25.5902,17.126757
0.571642,5.772444
95.38,75.97858
2.66716,23.962276
0.0,2.1141217
3.10884,20.815653
0.0170887,1.9800608
0.125719,0.32840252
27.7688,19.819302
5.23652,9.951734
11.7182,16.097927
0.5899,9.898188
148.512,51.299713
3.62445,-7.589018
0.0413947,0.73577857
110.894,68.457375
0.170908,4.190859
0.0,2.1141217
0.138878,41.8313
2.56798,21.40118
0.00887042,2.1141217
47.7097,2.1141217
21.9927,22.145355
0.0,0.41577673
0.0,2.1141217
0.0554498,2.1141217
4.50339,13.671357
0.531442,0.83723664
2.02248,7.8813066
0.0,2.1141217
0.0995036,5.507628
1.85577,19.645636
69.8851,21.018957
36.9143,14.88445
0.0,1.9707439
0.0,2.1141217
0.0281096,2.1141217
24.1555,2.1141217
0.0393917,2.1141217
0.836202,43.52218
5.97234,13.948318
0.620975,2.1141217
0.0,1.8642809
0.0699702,10.889378
0.0,9.392183
22.4149,4.865325
0.0,2.1141217
0.0,2.1141217
0.0,0.29086542
44.4718,46.2551
0.0383494,2.5380225
8.76745,12.922563
2.67564,11.044768
0.0,1.2342758
17.5554,49.313316
228.807,232.03015
5.78663,3.5001225
0.356688,2.1141217
2.1209,14.586855
0.0477546,2.1141217
0.0105662,-0.69649386
0.0,2.1141217
0.0,2.1141217
4.90962,15.092061
11.726,23.769938
16.1804,17.800873
6.83818,4.061064
0.0,2.1141217
30.3886,1.7269657
13.1106,3.4734788
0.0,2.1141217
1.16659,23.261015
51.8625,26.225563
4.86473,5.121929
0.0,2.1141217
22.2234,3.8435247
0.0,2.1141217
0.802453,0.94567466
0.835289,7.557605
2.06579,5.189763
0.0,2.1141217
0.0,2.1141217
0.0371211,2.1141217
0.0,2.1141217
0.363451,10.056268
0.99531,2.3797622
0.0,19.446562
17.243,0.82010317
0.0,2.1141217
20.945,55.11265
0.0300674,-1.254282
0.0,1.8633096
0.0239684,2.1141217
32.0064,25.620604
5.59409,2.1141217
0.205817,10.604936
1.08019,5.634753
0.0677474,2.1141217
18.836,11.708184
0.0,2.1141217
0.0484491,2.1141217
0.0,1.75318
9.9758,16.624735
0.0,2.1141217
135.592,62.280308
0.0,0.60071945
0.051393,0.29744983
0.0,2.1141217
1.47888,0.82010317
80.0908,47.488605
0.365548,0.8025327
0.0,2.1141217
1.14344,5.731306
3.42239,3.3999474
0.0,2.1141217
23.5049,18.863464
0.0,2.1141217
6.03438,5.6178026
0.314487,17.126757
0.72045,11.347529
8.77471,3.8022437
3.99476,0.17113996
20.7197,10.195967
6.5619,39.014206
58.9106,12.486201
10.0159,-1.9187844
1.1092,20.612888
0.0999994,24.3035
0.0,2.1141217
63.5438,24.261372
11.6433,9.349525
0.0973958,2.1141217
0.0,2.1141217
0.156968,2.1141217
0.0,-2.634526
0.0,2.1141217
0.275945,39.751785
29.3069,6.767269
0.0,10.199997
0.805263,8.17738
9.20815,17.289219
0.0,2.1141217
0.0126944,2.1141217
41.2784,40.068165
0.00956374,2.1141217
0.0,2.1141217
0.0,6.497467
0.0,-0.9767976
0.0301525,-1.9822395
1.90472,10.350167
0.0,1.467035
0.530209,-2.4328406
421.713,191.50102
0.0,7.79317
0.0,2.1141217
0.0,2.1141217
0.0,2.1141217
3.42946,12.508247
0.0,9.898188
36.1941,25.473759
28.3842,9.160614
0.0,11.081368
0.0,1.4356036
0.021961,2.1141217
14.1253,42.20987
0.0,1.3164706
0.0,2.1141217
6.10661,21.321823
0.0,2.1141217
23.7592,26.837093
0.26033,25.586132
32.4131,15.781441
54.6051,18.232676
1.47732,1.3123553
0.656222,-2.120679
64.4556,20.511848
7.81582,20.938263
127.163,58.720875
0.0834597,2.1141217
8.51798,6.186096
13.3234,18.9626
115.609,42.165443
0.620922,2.1141217
24.8424,11.451528
20.2579,23.012753
0.721388,6.673257
0.0,2.1141217
5.4827,12.027078
0.0404362,2.1141217
7.07182,17.324467
0.620975,2.1141217
0.530209,-2.4328406
8.14734,13.634362
11.2459,23.194996
1.69153,19.410345
0.066106,3.8702695
0.0,13.376378
11.3911,19.992884
22.4149,5.7925005
0.0,2.1141217
15.4015,21.622105
2.69744,1.5501807
0.199732,25.319445
1.7469,4.6992197
8.99338,6.937025
4.66285,12.053571
49.8476,23.26215
53.3411,23.261015
0.0,2.183911
0.0,2.1141217
22.6272,13.452102
23.6372,32.38702
0.0626684,1.6506631
41.4786,46.66471
2.30816,13.940641
30.6925,26.891708
323.72,2.1141217
58.1945,0.7934859
8.77471,2.1141217
1.54157,2.1141217
12.4414,15.515805
0.299788,6.8086452
4.09223,3.9267251
24.3086,18.116604
0.243547,2.1141217
0.0995542,2.1141217
0.0,2.1141217
8.78718,8.207854
0.0365421,3.7908325
49.3187,27.995983
0.0,2.1141217
7.29843,20.053232
0.0,2.1141217
9.93582,74.91602
3.1273,9.765088
0.0,0.82010317
3.62445,-7.589018
0.0744665,2.1141217
1.12293,2.0259993
26.0107,21.343384
4.76267,29.043724
23.569,21.365574
16.2018,8.163723
2.87896,-1.7784674
1.7297,9.3075
0.292027,-1.816767
0.0279926,2.1141217
0.0301766,1.8802478
0.0,2.1141217
0.0417242,2.2025445
10.5992,1.3384106
0.075198,2.9058235
118.592,23.316647
29.0844,20.506618
47.4039,16.215656
30.8101,20.69764
0.263235,2.1141217
3.20182,8.113508
2.88462,14.042529
4.74927,-0.39824772
0.219818,2.1141217
0.0,2.1141217
0.0059639,5.48277
0.0,2.1141217
0.0,2.1141217
11.3063,10.815307
4.58484,-1.335083
0.0,27.525848
0.108294,1.72176
619.796,434.20877
6.08398,28.95123
0.224466,2.1666377
0.0,2.1141217
14.3442,1.8927033
0.0,2.1141217
3.42946,12.508247
60.3458,23.184568
0.0,2.1141217
73.5802,29.253323
0.0,2.1141217
0.0,2.1141217
1.56213,-3.280266
2.33011,1.4652302
0.0,2.1141217
0.0,2.1141217
17.4509,14.543107
16.2922,11.404849
0.0,1.527014
0.0,2.1141217
10.919,12.090957
0.0,2.1141217
0.0,2.1141217
0.0,2.1141217
31.5645,8.251821
47.7532,33.420635
9.22554,0.82010317
0.0,2.1141217
0.0,8.76058
0.0,2.1141217
11.6645,-4.484084
0.0,2.1141217
0.900068,24.387857
49.7586,41.181976
55.562,4.520793
18.2676,1.034899
0.0411764,-0.2044611
9.47653,3.8391938
0.0427537,-0.30564666
10.2525,25.196087
10.6293,16.272045
1.07012,20.750544
0.0,5.55128
0.0,2.1141217
0.0657912,0.45112586
0.655056,2.9731753
0.0875726,-6.8510866
4.68474,-0.9130306
16.1817,14.579251
0.0572197,6.419259
15.2823,11.221619
0.0,2.1141217
0.020618,4.895401
0.0,1.1606264
0.0,1.7225616
0.0,2.1141217
6.17527,4.9284763
0.601586,11.571185
751.657,466.97546
0.0,-2.634526
0.103699,6.657467
0.769238,24.466303
0.0,2.1141217
6.50334,10.894438
34.4028,4.283907
22.4149,4.865325
0.0,0.18668771
0.0219642,1.6731446
0.0,0.7561085
5.81057,10.585648
2.05356,2.1141217
0.339008,16.097927
0.0703577,0.9568136
0.0,2.1141217
1.26219,2.7510846
0.0219642,1.6731446
7.81582,20.938263
0.0,2.1141217
20.6152,-2.0303204
0.0148971,2.1141217
2.97682,1.9912834
0.0,2.1141217
0.322485,2.1141217
8.0937,2.1408422
0.0755944,2.8671756
3.42946,12.508247
14.1028,6.1271086
0.0,2.1141217
12.4461,11.432433
0.0,-3.5760252
24.9296,0.47007155
5.16,16.12527
0.0148117,2.1141217
0.499656,7.198861
0.0117422,5.9541464
1.58275,15.153686
0.0,2.1141217
0.556268,23.140617
0.0,2.1141217
0.0,2.1141217
12.9993,15.3572855
0.0328138,-1.0499291
0.0,2.1141217
0.443035,9.349525
40.0165,45.45181
0.0144449,1.3259263
16.2319,24.000633
2.7544,9.793563
7.81563,5.1575646
3.41662,9.161806
0.0125627,2.1141217
0.0,2.1141217
0.022673,0.08277583
3.02521,8.801147
0.0,2.1141217
0.339197,0.10518193
0.0367091,11.055564
10.2463,18.851559
8.59654,14.764064
14.1322,33.836975
0.55758,16.60723
0.0631048,2.1141217
11.3499,24.06985
0.265696,10.667785
0.0,3.2865114
0.0,2.1141217
0.0,2.1141217
4.17273,6.5554934
15.6109,10.056861
0.0,16.367395
0.0,2.1141217
0.0,2.1141217
61.3169,51.293804
0.372758,7.4242964
6.58084,10.982307
0.456055,2.1141217
0.0265209,2.1141217
0.511169,6.199526
0.0,-1.2776003
26.3449,27.25573
0.0,2.1141217
3.67181,4.305233
0.051393,2.182158
5.34906,-0.7069156
10.5788,6.5059633
35.7241,29.149555
32.5872,21.096123
0.0,3.2865114
0.0,1.6565335
2.28143,20.25443
233.507,148.90923
13.3234,18.9626
8.4425,13.405335
13.2992,11.3947735
0.392828,3.342856
73.2579,56.38516
19.5035,8.888712
64.9969,33.348335
0.0730475,25.465168
1.7655,-3.1890943
44.7525,46.593597
0.0,2.1141217
2.40926,39.176373
0.112139,2.1141217
0.64019,-3.4851406
0.0629815,1.364775
0.0,2.1141217
46.6077,6.8599873
0.0,2.1141217
2.24119,27.987976
23.8774,21.859512
194.673,77.930275
7.05002,14.993738
0.0610322,2.1141217
14.0855,13.72173
0.0,10.640912
0.720367,8.251821
6.70053,6.808032
17.0285,44.709743
6.68065,21.372055
10.5121,23.176193
20.3765,10.640912
0.0210097,0.081269264
9.25745,15.61599
1.38387,15.449824
11.2695,1.0338976
0.0,4.860505
1.71823,12.8341675
12.2701,3.5392358
6.74496,22.2816
0.0633624,10.488999
1.13347,0.36704612
0.0,1.5463746
14.9817,4.210681
14.3642,22.222195
0.0,2.1141217
8.58381,12.244406
0.0898809,-0.3751905
95.4293,69.87285
0.228174,15.013402
39.723,4.622549
12.6916,18.207026
68.9289,40.125473
13.5683,1.3642375
0.0,23.261015
10.5139,7.9554634
0.0,2.1141217
9.97059,10.703694
0.75264,8.164414
5.08513,10.862136
41.5924,1.9920433
0.0,0.57451725
3.17418,-4.7733746
1.17408,14.920226
0.0,2.1141217
0.0,2.1141217
27.6193,14.770433
0.0,2.1141217
0.0,2.1141217
0.0,2.1141217
1.39755,-2.079481
0.0,2.1141217
0.114101,2.921297
0.427519,9.59723
0.0,4.067505
0.0951901,14.2971945
75.9912,75.10346
0.0,0.29086542
0.242888,-2.2318544
0.0,1.8458757
0.0,1.7353847
0.0,2.1141217
2.63587,19.98094
0.0,2.1141217
85.7132,3.645083
0.0,2.1141217
27.8933,9.622249
6.17769,22.157505
0.0,10.640912
4.74985,1.9156694
3.71382,16.74495
16.167,16.225918
0.0,2.1141217
22.0206,15.729869
0.0,2.1141217
11.4078,24.822645
0.0,-2.4814622
0.00786319,1.7361288
0.499043,2.1141217
0.0,2.1141217
9.47653,3.8391938
0.0,-2.634526
0.0622858,2.1141217
0.0,2.1141217
0.0,10.24279
2.66615,16.507822
0.0447757,4.7547426
2.64629,25.045626
0.0,2.1141217
0.0,2.1141217
5.15777,12.134303
23.9091,22.595102
0.0122473,2.1141217
36.5646,41.811604
12.1408,14.537553
0.0,2.1141217
0.120368,24.706692
1.26219,2.7510846
8.65669,13.799873
0.0519969,3.9373531
0.368738,2.1141217
0.0,-2.634526
0.0,2.1141217
0.497355,0.915061
42.2843,23.952246
0.383168,2.1141217
21.2436,16.824078
45.6525,25.836916
0.0,2.1141217
10.8052,2.1141217
31.6605,14.721123
0.0880483,2.1141217
39.5927,29.24619
13.3042,15.073131
1.51571,4.3067408
21.5018,74.534904
7.93361,18.89825
0.0,2.1141217
4.76267,29.043724
0.160588,2.1141217
0.0150878,2.1141217
0.0,0.7561085
0.0,2.1141217
82.2596,11.85782
2.45039,5.284176
12.5461,7.4962473
0.0,2.1141217
1.93666,12.347754
22.6165,25.098743
0.0,1.2532814
5.73474,10.933267
1.49864,2.4657426
0.16172,-1.8906844
11.3499,14.826503
13.3913,22.245434
0.527433,0.49805713
36.5915,15.920818
1.30528,10.759589
3.41662,9.161806
0.0,2.1141217
0.0734416,3.4751265
0.242017,1.3570955
11.4504,15.813272
4.81095,24.429205
0.0,2.1141217
0.0,2.1141217
0.0,2.1141217
0.214522,18.727428
0.932083,2.1249511
18.7859,35.545757
5.33753,3.6525607
0.0,2.1141217
2.36522,9.898188
0.0,8.271456
258.84,16.58432
0.411408,-0.13019228
1.37625,62.03085
0.26354,15.450118
0.0,2.1141217
30.0409,0.5392983
5.78663,3.5001225
22.1297,25.932491
0.0,2.1141217
24.3086,18.116604
5.05107,10.685491
0.0,1.7478554
0.0,2.1141217
8.08687,16.794985
31.6466,35.105732
0.0,8.365119
3.29546,3.7885969
68.9289,40.125473
14.5591,-2.848832
0.598602,2.1141217
8.82057,-2.3556957
0.0236764,2.1141217
31.2163,6.4286556
0.0,1.3794901
166.297,2.1141217
20.3765,10.640912
0.0549566,1.6851699
22.2711,11.773914
477.65,317.90964
135.592,52.31966
0.0,2.1141217
0.0,34.52274
0.511387,22.120384
0.0,2.1141217
3.62445,-7.589018
0.0125586,2.6877408
5475.9,2.1141217
6.2082,15.418272
541.09,2.1141217
0.0980159,6.4813843
10.8847,5.347686
0.190232,1.8972383
0.0,2.1141217
4.36972,-5.372404
0.0,2.1141217
0.0,2.1141217
0.0,2.1141217
21.2885,23.034536
0.0,2.1141217
0.0624081,2.1141217
0.222829,4.408534
0.868541,19.801426
0.430817,1.4087701
103.714,51.453205
16.6061,6.2134
6.18238,2.1141217
0.283477,8.970785
0.0261254,2.4101722
0.0429488,2.1141217
0.0319278,3.2932243
6.95536,21.482521
6.94055,4.5194664
1.55502,3.8391938
0.051393,10.640912
0.0,0.5771313
0.22857,2.9551132
0.0,2.1141217
0.0,10.640912
2.64364,4.319917
0.917604,27.932095
0.0,2.1141217
140.312,150.66098
0.0667324,1.4472945
6.70053,6.808032
35.4133,-4.025339
0.0,9.620176
0.0,0.7184974
0.0,2.1141217
1.51834,-2.1079202
0.0,22.711828
5.29084,71.07916
7.64859,13.253303
0.0,2.1141217
18.836,17.54046
0.559344,2.1141217
0.0844384,2.1141217
49.3187,23.168228
4.18162,11.840631
25.1162,57.72151
39.9574,10.512031
0.159222,3.0206122
9.89553,33.34759
0.0,3.4117794
11.6972,50.16502
22.6392,22.235886
0.0335017,3.3389904
0.101786,2.1141217
0.0,2.1141217
0.0,19.620708
31.5645,8.251821
111.378,42.6607
17.5554,49.313316
8.35015,12.700729
5.22673,19.744669
0.0,0.7688017
0.0,2.1141217
1.45776,43.82115
0.0,2.6174242
4.0,4.1488237
0.0,2.3550985
5.38804,-6.777852
7.56916,2.1141217
0.0,2.1141217
8.14611,8.934425
5.29916,24.630873
22.9447,20.136526
2.61378,13.500966
0.0,2.552075
26.7938,21.18842
38.1966,4.8365707
24.7117,2.1141217
22.2086,11.035192
2.64048,14.018958
0.0672375,2.1141217
0.0,2.1141217
53.2938,37.033314
5.60448,30.93102
0.0,2.1141217
8.30447,30.531797
75.4016,45.48102
0.0,2.1141217
23.7427,6.4022655
0.0,2.1141217
0.0,0.18276668
0.0,2.1141217
15.4143,12.880393
22.0206,15.729869
18.7733,24.720932
6.75086,19.307161
8.26712,1.7887456
13.534,2.1141217
0.0,2.1141217
0.568093,2.1141217
0.0,2.1141217
7.72727,12.537587
0.848508,6.6253624
0.0,2.1141217
10.4076,20.997494
0.402087,3.321902
38.2069,13.461856
1.61978,7.2263193
0.0,2.1141217
7.79231,34.989685
0.287353,2.1141217
31.889,21.893522
5.00993,15.405807
0.511384,2.1141217
0.0146036,-0.29235578
0.180222,2.4081907
4.8807,16.710522
0.103857,2.1141217
0.0831501,2.1141217
0.0,2.1141217
0.0,2.3550985
5.25244,2.1141217
0.0,2.1141217
16.652,15.70481
3.57158,18.492474
0.162101,1.8605993
0.249562,0.12338662
11.4762,18.645842
0.185535,2.1141217
4.40566,10.067172
19.4241,12.33274
1.00418,2.1141217
8.44341,-2.7970178
0.0,2.1141217
4.39554,0.83258224
0.0,2.1141217
25.4964,8.470191
0.0188633,2.1141217
22.2207,18.262247
9.12761,25.75571
0.734085,4.017062
46.3926,28.473923
86.3551,75.20783
140.312,150.66098
6.81054,7.2682743
68.9289,40.125473
0.0,2.1141217
12.7551,-1.6572886
0.0,2.1141217
0.31557,-28.779152
0.0,2.1141217
0.711576,3.9383605
16.4599,0.24263847
9.66222,979.53864
8.30447,30.531797
7.70408,9.526366
9.3748,12.810727
0.137176,6.4501553
2.90855,17.867952
4.252,7.590458
0.430817,1.4087701
89.6832,75.183846
0.0,2.1141217
5.64259,-25.893597
0.218677,5.958519
69.8851,21.018957
0.0615141,2.1141217
0.242017,1.3570955
0.0,2.1141217
0.0429645,14.695136
3.20005,8.287493
26.8984,11.156904
0.0,2.0163882
0.0,12.053571
14.8534,48.76818
21.4206,31.22477
0.0,7.3911543
5.14936,14.256824
0.0,1.2836053
0.0734416,3.4751265
0.0,2.1141217
5.73164,14.441779
0.0,2.1141217
11.5871,30.761658
96.6188,56.292416
0.0,4.895401
0.0,2.1141217
0.0,-5.8851137
0.0,2.1141217
6.70053,6.808032
0.0,2.1141217
70.6535,11.717363
0.0,2.1141217
11.2349,29.607979
0.0,3.7292492
0.0,31.99259
14.3224,3.8547902
0.0978433,2.1141217
0.0,2.1141217
12.5479,10.628518
0.535684,5.7983522
24.8424,11.451528
0.0995542,2.1141217
0.0,31.186005
57.891,9.33584
5.56891,7.1507664
0.0,2.1141217
19.0973,25.586132
1.06559,52.391766
6.36949,3.32709
0.0,2.1141217
0.5478,2.1141217
0.0,-2.4482207
0.0,2.1141217
29.6076,18.003849
13.3221,4.425946
120.835,135.09126
0.0237853,11.91084
3.298,4.025865
0.00529184,2.1141217
3.93496,6.390974
0.0,2.1141217
34.6966,20.630426
13.6658,-4.9662743
6.42487,15.084323
22.7626,2.1141217
19.6144,16.36996
0.831891,14.467593
0.0,2.1141217
25.4244,2.1141217
0.0,2.1141217
0.169266,0.5277586
0.0,4.2853746
0.0,2.1141217
0.535937,2.1141217
0.0,2.1141217
0.00867621,1.6631563
19.4241,12.33274
0.0541491,2.1141217
23.7573,10.663116
0.228694,1.8115153
0.0,2.1141217
0.641705,18.296602
0.265706,2.7143884
7.58157,6.7740498
3.1273,9.765088
0.0,2.1141217
0.0,2.1141217
14.8266,15.648969
0.0,2.1141217
0.0458164,2.1141217
0.051393,0.29744983
0.0,4.029936
0.0,2.1141217
0.0362889,2.1141217
0.0,2.1141217
0.0,2.1141217
0.0,0.87175536
39.4874,26.250858
6.01716,-0.04388976
1.21839,22.11009
10.7566,109.494774
0.0,2.1141217
77.3501,12.237702
22.6518,11.323427
1063.86,549.2233
31.5645,8.251821
0.0,-29.002003
0.0,2.1141217
0.0423201,10.0767145
85.6316,49.313316
10.5992,1.3384106
0.0109566,0.41556168
16.5723,30.371185
3.6194,2.1141217
2.42329,0.61371326
0.671246,3.0201304
0.0,0.8747239
0.0462628,2.1141217
8.4425,13.405335
0.0,2.1141217
52.0819,5.145871
1571.01,957.0675
4.33664,-1.2167556
20.3065,9.761781
3.71542,14.741757
0.0,2.5810225
27.5158,11.98941
18.9655,-1.7686846
795.558,969.2137
0.926497,5.268491
32.6081,13.530164
0.0,-0.2769878
44.2972,20.06414
0.0,3.0768182
10.1753,6.7233334
0.0139217,2.1141217
0.0,2.1141217
0.0,2.1141217
0.789754,2.4518008
7.03976,2.1141217
0.0,1.5910406
69.2914,21.513577
7.63395,17.148113
10.3419,21.576546
4.37095,-2.2910569
0.00529184,2.1141217
14.2404,1.0983262
929.506,39.096127
0.0244278,0.59533095
13.6463,-0.9767976
0.173498,2.1141217
0.0,2.1141217
0.0,2.1141217
48.1054,58.080425
23.5057,21.816422
11.5443,14.143864
17.0759,-2.0156546
1.18549,2.1141217
46.6668,56.18516
19.8674,11.453752
2.54738,39.690693
12.3122,12.197191
5.93282,18.128143
0.0207901,2.1141217
61.3507,29.149555
0.0,7.477748
18.0724,1.183852
21.3463,18.96202
0.0,2.7764475
86.9453,71.757866
24.9983,9.583174
0.0,2.1141217
0.571642,4.0327816
0.0,1.9707439
2.61288,6.3151884
0.0,14.436345
0.574434,32.330414
0.0,2.1141217
16.0916,15.564557
0.0,2.1141217
14.0341,10.931262
7.42519,2.5096316
0.507646,8.266532
2.88764,8.972624
17.5005,9.255119
0.177107,2.6045082
0.0,2.1141217
0.0734778,2.3991253
0.0,2.1141217
11.3911,19.992884
46.5089,17.502953
2.48531,53.539906
0.0506962,2.1141217
21.3148,8.7426815
174.296,219.157
0.0,2.1141217
0.0495336,2.1141217
53.5033,23.537954
3.65862,-0.35803795
0.0,2.1141217
0.0,10.0767145
41.4786,46.66471
0.803335,1.8726537
9.67158,17.129805
4.15016,6.6593018
13.7581,0.9583409
0.0252579,-3.2085278
0.904192,-0.13019228
10.9778,-1.2706928
0.0,2.1141217
4.61178,10.156065
27.5158,21.92455
0.0,2.1141217
0.0,2.1141217
12.3578,16.102467
26.9829,15.772093
114.343,33.76407
12.893,33.57069
28.003,38.98644
0.0,2.1141217
0.0,2.1141217
3.15239,4.0719185
0.0,2.1141217
1.39592,5.432102
0.0,2.1141217
0.0,2.1467338
0.0,2.1141217
0.438031,31.843307
2.35482,6.768832
0.0,28.334543
0.0,0.7688017
0.0,2.1141217
0.0,2.1141217
0.0289529,2.1141217
15.103,4.6840963
31.0359,33.18314
0.0,2.1141217
0.0144318,43.56716
0.0212548,8.162522
0.0,2.1141217
0.0,2.1141217
0.108805,16.648016
19.1213,19.945032
0.0,13.440008
0.0848835,2.1141217
2.52886,16.77366
0.0,2.1141217
43.6408,18.860306
4.13278,4.818945
0.129562,19.574865
0.0,2.1141217
1.38387,15.449824
3.80485,11.790348
2.15237,-2.0156546
21.9927,22.145355
12.9993,15.3572855
10.5992,1.3384106
31.889,21.893522
0.0629815,3.134174
0.0,-1.2776003
0.0,18.2841
7.93361,18.89825
72.2247,22.946861
98.9403,26.878162
0.493416,9.909786
0.0,2.1141217
0.0,-0.21920466
0.0497915,2.1141217
0.143577,2.1141217
0.0,2.1141217
0.0,1.5802901
0.0,2.1141217
0.0489275,148.75148
0.0,24.281233
8.29133,18.121632
18.6081,15.25504
0.123711,9.508779
0.0,1.2445958
18.2489,79.555016
0.0198227,3.1337047
34.0699,9.417664
0.228483,1.302305
19.0973,25.586132
0.0631601,6.721158
6.17527,10.842842
0.0095824,2.1141217
5.36806,32.22313
5.62854,14.78301
0.0698193,7.5520706
20.1384,3.8081915
13.6965,24.25099
25.2712,4.830035
110.799,66.75547
0.732176,2.1141217
0.0,-1.5256121
9.33566,4.9784536
49.6649,24.850681
99.4998,20.945662
1.52524,21.373796
48.6834,13.75441
7.67293,148.90923
0.0159444,1.1025805
0.500276,2.1141217
7.85233,-5.358903
14.5686,47.857914
0.0,2.1141217
77.2059,37.37764
0.0,-2.634526
0.0,2.1141217
0.0,8.562472
6.78202,11.994485
0.0,3.2515829
86.0813,16.183014
6.73429,-9.250891
26.1965,23.195505
80.0908,47.488605
0.818625,19.782597
0.0174459,-2.338165
3.62445,-7.589018
0.231526,2.1141217
0.0,21.919443
169.204,177.49995
0.0,-0.28989935
18.374,17.446598
13.4342,12.881057
3.32649,9.682183
5.30159,30.571873
0.0,1.0983262
0.559344,2.1141217
10.067,3.8289478
65.2633,49.49648
0.125561,2.1141217
0.0,3.2865114
0.00764868,2.1141217
1.12649,2.4461079
0.0155102,2.1141217
0.0324436,2.1141217
2.26397,10.34162
16.0968,6.192958
0.0,35.732746
2.53132,8.190554
5.39411,-1.9450574
29.2461,37.31021
0.339008,16.097927
12.0419,9.821137
0.0,3.2865114
0.0,2.1141217
1.34353,5.73207
0.0632379,10.377083
0.0,2.1141217
0.201845,5.1963186
2.92734,0.5697515
0.0,-0.2706256
10.3538,21.343754
8.56412,12.945036
12.3155,32.19772
17.5005,9.255119
31.8925,36.43914
5.80679,-4.636327
7.13458,16.655676
0.0128127,2.1141217
0.0,2.1141217
0.0632911,2.1141217
0.0202203,2.1141217
19.0957,13.802456
0.0,2.1151655
72.9475,41.903538
0.0,2.1141217
3.25487,4.318756
12.2311,-0.45487666
1.85125,33.18314
18.2738,32.63712
22.5227,29.068928
2.12334,10.128112
0.0,8.554446
11.2831,12.525912
433.955,117.46094
1.18923,4.7182317
0.39754,8.923252
0.0,65.38458
0.0168296,2.1141217
0.803882,0.078888655
22.6165,25.098743
19.0873,1.5722468
5.34906,-0.7069156
22.2555,18.094536
0.0,1.1440624
7.93361,18.89825
4.6505,31.949331
5.52068,-3.9367893
15.7275,6.5068645
14.4675,8.150931
63.3518,23.037476
0.0,2.1141217
0.0,2.1141217
0.0,2.1141217
282.601,121.081154
6.28008,2.1141217
28.5329,17.556026
12.1678,9.97171
0.0,1.467035
0.0,2.1141217
0.0735687,5.4588747
17.0709,36.33992
0.0,2.1141217
0.0,26.720026
49.7688,12.718217
13.6708,8.523897
5.02155,9.353794
7.18911,3.2010467
0.0,13.460553
0.0,2.1141217
0.535877,4.737774
0.0317417,3.11053
0.250134,12.470141
8.51827,9.015478
0.0,1.7245543
0.249562,0.12338662
22.4624,24.034443
0.012238,-0.35804868
0.0198062,1.6724958
0.0468538,61.18591
4.39634,0.10518193
0.0281296,2.0516143
81.0794,23.502466
0.21864,2.1141217
2.09408,3.9787126
0.514322,0.10803616
0.373143,19.527817
41.1644,57.378647
0.0632379,17.126757
10.6699,23.74799
0.059734,3.37808
54.8317,23.434006
0.0,7.477748
4.85574,24.678688
0.0,2.1141217
0.0,2.1141217
0.0,2.1141217
44.0342,6.060853
0.0,1.1357708
6.05792,31.006626
0.0,1.467035
0.0,2.1141217
0.0,2.1151655
38.2598,19.484516
0.056115,2.1141217
1.79176,-0.8614471
6.13331,17.311209
6.86627,40.482403
0.0,0.06294966
54.8596,58.96626
157.205,39.021313
1.99086,0.30768263
6.84908,2.1745195
0.0,1.64979
0.0558077,2.1141217
0.0,2.1141217
0.0,1.0395103
17.5972,11.659295
0.0,2.1141217
0.0,2.1141217
0.0,0.74539304
0.66808,0.40223908
23.5057,21.816422
22.0206,15.729869
11.7977,25.5471
0.0,2.1141217
0.0484034,5.001437
0.0,18.842743
4.8686,2.1141217
2.15413,22.034885
4.71807,-2.9428856
0.0,2.1141217
0.0220235,-0.017397046
30.6925,26.891708
0.0,2.1141217
0.0195521,1.1221142
16.1769,22.399872
31.889,21.893522
0.0,2.4518008
0.0,2.1141217
0.110139,2.1141217
0.0197545,2.1141217
7.18911,3.2010467
0.0238568,2.1141217
0.0,0.7904384
0.0,2.1141217
0.183057,-0.9475024
0.0,2.1141217
24.8424,11.451528
0.0,2.5476768
11.2641,34.21069
4.45751,-28.588465
22.5331,18.01314
10.5121,11.79823
23.8569,23.430515
0.0415987,3.3420968
0.0,2.1141217
2.23261,1.2115092
0.0,2.1141217
0.0,2.491691
9.66222,979.53864
2.71362,6.34886
0.0,-29.002003
5.24318,4.4907503
21.2194,27.602318
0.311347,1.2758057
37.4974,21.33091
0.0,1.5873566
4.252,7.590458
18.1628,7.6297245
11.0146,19.112703
1.44842,-1.1750803
7.1303,13.804632
0.0,2.1141217
23.9123,13.872738
0.0,2.1141217
8.26953,14.980666
0.530209,-2.4328406
1.04575,4.9394712
0.516681,12.460323
73.5802,35.82716
0.0,2.1141217
10.9823,-12.713101
35.6083,9.452274
0.0,2.1141217
0.0217221,2.8079438
2.7153,10.59468
5.50462,17.41804
0.105727,2.1141217
0.0322104,21.859512
0.0,18.000711
0.00512238,2.1141217
0.0,2.1141217
13.3312,-1.3509614
21.2977,25.604427
0.0,2.1141217
0.0,1.8531551
0.0,2.1141217
19.0535,6.001665
4.35779,2.2282217
0.0,1.9055262
3.71454,17.126757
0.0120871,2.1119206
13.0563,13.889041
0.0134494,-2.4482207
18.058,14.502532
15.842,18.380703
0.0,-1.0427907
1.81658,-1.3251126
24.9386,8.622451
9.56915,7.45207
0.0,14.721429
0.0,2.1141217
0.249089,2.1141217
8.44341,-2.7970178
0.0,2.1141217
0.272661,2.1141217
0.386955,0.040503144
30.704,25.706467
31.3304,40.60439
0.0190806,1.3515141
4.02702,6.4367113
0.0,3.1027374
0.0,2.1141217
9.36233,2.9015365
0.0,2.1141217
8.72667,15.263544
5.89798,-1.6842844
5.64921,1.857413
82.423,44.120834
12.1678,9.97171
0.188824,2.1141217
0.750729,5.2079315
50.8854,30.749561
0.015438,2.1141217
0.0503724,-0.69649386
0.0,2.1141217
0.0,42.62015
4.28139,3.232003
0.0,-1.1603291
0.0,2.1141217
20.3765,10.640912
34.7113,0.103936434
4.08605,11.568307
0.0,-2.4482207
44.3922,24.938452
127.163,58.720875
11.5564,1.8090711
11.8397,-2.6986434
10.1766,3.8359482
0.0227304,0.29086542
0.0365124,2.1141217
0.0420161,2.1141217
0.0,2.1141217
4.05019,52.925484
0.0,2.1141217
0.0,3.2865114
6.02408,19.52861
21.5605,23.692043
9.4149,22.957647
0.301423,12.880393
2.15402,10.534335
5.53442,13.750573
7.29843,20.053232
0.795791,2.1141217
0.0,2.1141217
0.0,43.06912
0.0829705,6.774004
0.0367926,21.513577
0.0,2.1141217
0.659278,13.967477
763.307,365.58868
16.2904,12.18266
0.0,-5.8510265
0.0,2.5469666
69.591,23.190022
65.7132,22.099901
68.9289,40.125473
0.00610409,2.4861293
10.77,1.1527865
0.94857,5.215578
0.0,43.03889
0.0289939,2.1141217
102.405,22.832174
6.32027,6.5035286
0.192688,40.45799
30.4823,20.410673
0.0,2.1141217
0.0,2.1141217
0.0,2.1141217
0.0334241,2.1141217
0.095025,0.7277944
8.44341,-2.7970178
0.0,2.1141217
12.0554,12.752933
0.00878863,2.1141217
115.716,22.51567
0.0,2.1141217
3731.54,1614.9839
0.0,2.1141217
0.0,16.535696
97.5563,56.86553
13.4987,26.597775
0.00913518,0.060615778
5.5232,2.1141217
0.0,2.1141217
11.4504,7.150223
0.0,2.1141217
10.8319,31.816353
0.0,2.1141217
0.158261,2.1141217
0.123055,2.1141217
0.0,2.1141217
0.0718751,3.7626476
0.0,2.1141217
0.0,2.1141217
0.0139357,-14.72194
9.4149,22.957647
7.96072,-1.9187844
0.835289,7.557605
0.051393,0.29744983
3.80485,11.790348
0.0158971,2.1141217
5.90823,18.021832
0.0125627,2.1141217
16.1453,14.369495
0.0110529,2.1141217
0.0,2.1141217
324.379,172.75807
0.00905912,-0.02811122
3.17672,13.943135
0.0,6.539192
3.4621,21.998775
0.125719,1.1606264
0.0483931,8.908229
18.2738,32.63712
0.0,2.3523715
0.0562069,3.8413146
0.536304,0.923733
11.315,-3.1928556
21.5036,16.494415
0.0,-2.634526
1.51519,-0.31498384
17.2617,2.145859
8.20827,20.410673
30.7407,20.473797
0.0,1.4405212
69.2914,21.513577
0.816466,48.442356
0.573467,2.1141217
0.3041,2.1141217
0.232937,2.1141217
0.0,-1.2776003
7.18879,8.315482
25.5172,20.141962
0.0,10.640912
2.66844,10.618019
20.3765,2.182158
0.0417242,2.2025445
6.61661,28.388197
4.70495,6.5383234
0.0,2.1141217
8.74577,17.222078
0.210362,2.1141217
0.0,2.1141217
0.0,-0.00840497
0.0,2.1141217
0.148432,14.152888
0.0,2.1141217
19.9248,19.204723
5.56911,3.1936011
2.42329,5.185109
49.6929,2.1141217
12.8677,15.745861
4.68332,28.899824
0.0739612,3.6293013
72.8219,24.022892
21.4388,-3.0837324
0.0755944,2.8671756
22.0206,15.729869
1.92986,1.9412405
0.0,22.888176
0.0,2.1141217
0.097461,13.88186
7.71846,8.926164
18.8009,47.05524
6.82818,8.207519
2.35093,23.927542
0.0319036,2.1141217
59.8603,36.58726
0.0,2.1141217
18.8462,9.618952
27.393,-1.2776232
10.0159,-1.9187844
127.197,32.411545
0.0237487,11.490277
0.156903,2.1141217
0.0,2.1141217
25.7986,27.255737
0.0,1.5094061
0.313107,1.3437421
0.224466,2.1666377
5.1564,7.477748
0.0,18.860195
0.380248,1.6621363
0.0,2.1141217
31.3003,11.126855
0.265706,2.7143884
5.34439,5.9425554
0.0,2.1141217
0.0,32.566517
0.0929055,-27.530704
1167.97,252.1545
0.0,0.7688017
0.0209033,2.1141217
0.0,2.3550985
0.0,17.20741
2.92382,15.606725
0.0,2.1257355
21.5036,2.1141217
3.47213,19.98016
6.02408,19.52861
2.08647,12.347754
1.31869,-0.23684895
0.0420718,2.1141217
84.5029,38.451973
15.2454,10.76313
0.0,2.1141217
0.0,176.89882
6.32027,6.5035286
1.68702,31.843307
0.0,2.1141217
0.540725,16.921762
1.23559,2.4732232
2.15665,-4.003973
0.0,1.1360853
29.1642,30.288643
0.0,2.1141217
0.0236023,2.7504148
0.0630541,2.1141217
0.02025,2.1141217
3.73044,2.1141217
9.59899,20.638868
0.006161,2.1141217
8.49454,6.986594
21.9546,16.736546
0.172357,6.8248844
8.54713,1.5715945
6.36209,6.369076
1.15064,7.0877085
5.59568,23.907263
46.797,10.889378
15.4888,2.1141217
16.4925,17.136702
21.3463,18.96202
27.7688,19.819302
7.18879,9.392183
10.0162,7.497691
2.36965,0.7243568
0.101599,4.2504
6.35077,1.438174
0.221629,1.6365983
0.0681974,2.1141217
76.7571,176.89882
0.0,2.1141217
18.3279,24.673061
0.0,2.1141217
38.012,12.836405
0.0,2.1141217
30.1359,16.714666
0.0,2.1141217
0.0929124,2.1141217
42.9746,6.2774935
4.66285,12.053571
0.0375261,1.3101735
2.91657,17.379555
16.6777,-1.3113465
37.887,8.137612
7.20437,15.572171
8.20827,20.410673
0.050222,2.1141217
0.0803971,2.1141217
0.0,2.1141217
8.00603,-4.3565397
0.217464,0.3372779
0.205377,5.4409432
0.0219184,2.1141217
3.298,4.025865
4.08792,16.648016
0.0,2.1141217
0.233384,434.20877
21.1112,9.694079
0.0,2.1141217
46.4472,13.312503
0.0,2.1141217
0.0,2.1141217
0.0,2.1141217
1.42799,2.9560838
0.0,2.1141217
0.0,2.1141217
0.0744665,2.1141217
0.0,2.1141217
74.5041,25.412306
0.948982,18.5604
9.26417,5.3010254
65.7132,22.099901
0.0377064,0.29086542
0.0633624,0.95825505
0.690993,2.3348918
0.0,1.2167482
0.0,2.1141217
0.0377064,0.29086542
0.0,2.1141217
0.0,2.1141217
27.1802,13.847035
9.45517,24.905373
0.0,2.1141217
0.0,2.6174242
0.0,2.1141217
0.0160101,2.1141217
0.0,2.1141217
0.0,2.1141217
7.72727,12.537587
1.76379,16.866945
0.0,0.7688017
0.432429,2.1141217
0.0,3.2658224
4.85574,34.336613
12.6111,18.351051
0.0,1.527014
0.0,1.7488718
5.84351,26.37127
13.0144,12.043419
0.0,2.1141217
9.51941,5.537122
1.26098,1.0983262
1.80628,15.073131
282.73,202.24155
0.0,2.1141217
46.1337,32.426346
19.1377,10.59468
0.0,2.1141217
0.0348319,4.2483196
0.0,2.1141217
21.5912,19.758692
0.0883291,0.22805774
0.0,2.1141217
0.0167724,2.1141217
12.1394,9.863429
0.0,2.1141217
0.0,3.2515829
8.30396,7.02357
0.337974,5.915943
29.961,37.442562
0.0,10.435331
0.0,2.1141217
0.0,1.0983262
3.80485,12.413011
26.276,9.502628
0.0298017,2.1141217
0.427061,7.7649384
29.1625,8.818016
0.0,2.1141217
87.6687,5.9738455
0.051393,2.182158
6.44702,14.994535
29.3384,26.543316
40.9894,22.136734
0.0603654,3.621923
0.0,6.34573
41.2784,40.068165
0.486084,17.357073
0.0,10.915148
0.0657912,0.45112586
8.10299,11.267959
0.99009,15.913727
8.26423,20.437159
17.7654,11.211113
20.65,7.4586506
0.119966,2.4287496
0.249562,0.12338662
8.60684,16.819206
0.0,2.1141217
5.69682,17.357677
0.0,2.1141217
0.0,2.1141217
9.93428,12.7761135
0.0197567,0.7277944
47.1499,520.5881
0.0,2.1141217
0.0,1.3435018
0.0,2.1141217
0.0,1.5211177
0.0,2.1141217
0.0,2.1141217
39.7765,13.532025
20.9569,4.465564
63.6629,27.280706
0.288295,16.369684
5.50462,17.41804
9.4149,22.957647
29.1625,8.818016
8.74772,24.145414
9.20186,15.884029
1.9025,6.4701223
22.4126,5.187582
2.27551,17.052147
7.15625,20.972446
0.0,2.1141217
22.852,28.209509
0.334225,2.1141217
0.0,2.1141217
5.39411,-1.9450574
0.0,31.737785
10.5735,16.809221
0.0357039,2.1141217
4.16084,17.507841
0.0,8.123019
27.7354,8.528919
0.16748,6.8086452
3.6301,3.7142632
0.0,2.1141217
26.5685,38.29288
0.421923,36.6246
0.0184449,2.1141217
23.569,21.365574
21.4343,26.125593
5.71728,13.797638
0.144784,2.3550985
13.6937,17.612076
40.8759,11.268407
0.0958108,2.1141217
9.59899,5.479795
0.0203489,0.5868914
0.0617473,2.1141217
7.49062,18.195332
1.99982,36.07431
19.6435,12.465957
4.82083,2.756099
0.0244364,1.6827023
0.0,2.1141217
0.576135,93.272415
86.3551,75.20783
38.0254,34.871502
0.0135413,2.1141217
0.146754,18.98362
39.8526,31.532642
0.0,11.956265
0.0,2.1141217
17.9272,21.92455
0.0,2.1141217
24.1555,36.664642
67.7821,122.159065
0.0,2.1141217
0.105717,13.121076
22.8476,2.1141217
0.0,12.939656
0.0352722,1.4838111
0.0,2.1141217
3.08665,21.893284
0.0134532,0.7698097
132.356,40.286366
0.0,2.1141217
0.0,2.1141217
3.17315,3.9345748
0.0,2.1141217
0.0171162,2.1141217
60.3985,62.8472
257.44,47.322083
21.9927,22.145355
5.19755,7.641983
0.0,26.514914
0.0,2.1141217
2.71024,2.104963
7.1688,11.236975
0.517011,13.460553
0.10239,2.1141217
21.3271,3.7149062
4.16915,22.320343
11.7618,5.2003517
19.4241,12.33274
49.2648,20.870726
17.3043,15.060851
0.0,2.1141217
0.0129563,3.9587405
0.0,2.1141217
0.0,2.1141217
6.23633,-3.8291776
0.0,2.1141217
26.8021,29.052921
5.61638,11.652608
0.233384,434.20877
32.6081,13.530164
77.0235,16.765327
0.0,2.3550985
0.0,2.1141217
5.39411,-1.9450574
0.0,8.412605
0.172827,15.338521
10.6499,12.798263
1.17408,19.38123
0.0,2.1141217
0.0,-0.052932978
13.374,12.317123
0.0,2.1141217
5.22253,14.838422
0.0,0.11054015
14.6483,6.3506994
13.3234,18.9626
1.91025,23.511986
0.0711728,9.283534
23.569,21.365574
0.0,-2.634526
0.105977,2.5935335
1.15678,11.362064
0.0,2.1141217
9.4149,22.957647
0.0897234,2.1141217
0.221133,2.1141217
0.0,2.1141217
0.0,2.1141217
7.67293,148.90923
0.0,2.1141217
5.64921,1.857413
39.6085,18.59976
68.9289,40.125473
16.651,6.9716806
0.0,12.629026
3.49067,16.743319
0.0392876,2.1141217
12.5119,9.799609
39.734,23.422894
0.118742,3.361131
0.02025,2.1141217
8.36759,27.52571
0.278055,2.1141217
0.0,2.1141217
0.0614197,2.1141217
2.34971,5.74734
0.0,2.1141217
0.0,39.096127
0.116567,2.1141217
76.6259,37.910732
71.4958,5.298852
0.0,-3.280266
13.7472,12.580719
0.0,2.1141217
56.5219,43.76781
7.13458,16.655676
21.7924,17.029978
1.01885,2.1141217
0.0059639,5.48277
56.4664,4.159754
0.0462278,2.1141217
0.0438265,1.1760001
4.47577,7.607629
0.00641776,2.1141217
6.83092,0.915061
0.0,2.1141217
19.1377,18.850994
82.7146,17.930685
0.167659,12.659634
0.221825,1.6821253
0.0263074,2.1141217
0.0,2.1141217
0.149628,2.1141217
12.9819,22.08456
0.129545,1.3290904
0.0,1.8214407
11.2391,22.752783
0.233384,434.20877
0.0407019,2.1141217
8.76954,13.152589
21.1136,24.389406
0.516177,1.7488718
0.10821,5.4239273
0.0118156,2.1141217
0.309085,5.5058775
0.0,10.365504
0.0339982,9.898188
6.54572,8.944879
0.0194613,1.5589631
0.52367,40.57142
0.0,2.1141217
122.353,13.725671
10.154,-0.2936113
32.2663,18.915112
3.45836,9.920287
0.0,-2.338165
0.0,-0.35804868
16.8101,4.870427
6.46963,2.1141217
0.0,9.392183
1.12193,11.981216
23.0404,25.780485
5.00489,4.0390396
0.0,2.1141217
1.05183,4.739744
3.74162,1.2334211
0.0,-19.363539
0.0,4.860505
0.0764985,2.1141217
0.887909,7.2223673
7.75804,-1.6246097
0.0,17.444912
0.0,2.1141217
0.0,2.1141217
0.0,1.2444239
2.73993,1.2791839
0.0,2.1141217
0.0,2.1141217
3.73044,2.1141217
49.3187,23.168228
0.0462409,0.123473644
0.0,2.1141217
0.0,2.1141217
21.8505,21.124203
18.8462,9.618952
7.14585,4.917487
0.0,2.1141217
0.105102,-4.5107555
0.511384,1.7671654
0.430817,-16.767294
0.0468583,2.1141217
0.0,2.1141217
12.6742,12.02814
2.88108,14.071963
24.9296,22.795532
0.0,2.5505657
0.0490979,2.1141217
21.2036,19.513603
0.0,2.1141217
0.0,2.1141217
65.7132,22.099901
0.11804,2.1141217
8.51378,3.0949957
26.037,31.22477
8.57879,20.631374
15.7497,32.498177
27.1771,31.219501
11.4504,7.755352
0.17867,7.1573524
0.342275,-0.6075337
0.0558323,0.40073705
0.0,2.1141217
44.3593,-0.11209488
0.0,2.1141217
52.9832,13.204291
3.09294,3.3590214
16.5429,7.025364
4.15016,6.6593018
27.9783,8.606917
1.79176,-0.8614471
4.85574,24.678688
0.136691,-0.97088885
0.0,2.1141217
0.0,2.1141217
24.7117,-7.1797295
0.0,2.1141217
0.0,2.1141217
0.0,2.1141217
12.9989,44.91657
0.0,0.5771313
47.9026,-3.126372
4.14537,18.185585
3.23312,-5.1005325
11.89,3.4518251
0.532481,1.872144
0.0,0.38273466
0.943136,17.126757
4.89209,2.1141217
47.3354,18.371857
0.086773,1.7417548
13.1792,36.573734
31.889,21.893522
16.1453,14.369495
21.1136,23.271587
0.0164366,2.1141217
0.555762,2.1141217
0.0,49.441677
9.99394,-3.9792988
0.0,2.1141217
0.433965,0.48485875
8.62519,9.811629
4.17273,6.5554934
0.0,2.916539
0.0,2.1141217
0.020758,2.1141217
0.0,-0.29329884
10.5121,17.143417
0.192778,2.1141217
0.0,2.1141217
0.0,2.1141217
47.7532,20.457756
2.91906,11.051726
0.0,7.477748
0.431208,26.125593
11.4504,4.966498
0.0,2.1141217
0.0231969,2.1141217
120.835,135.09126
5.62209,22.09756
9.91484,4.7071433
0.0,2.1141217
0.0,2.1141217
11.6114,20.631374
1.98644,35.696754
28.3986,21.106653
3.5171,12.411217
0.0174318,2.1141217
0.0,2.1141217
0.0,10.24279
19.8771,18.664726
0.218858,25.699764
0.0,2.1141217
0.0104638,2.1141217
13.7664,21.106932
0.0,2.1141217
15.7461,6.199526
0.073954,2.4113896
0.782975,0.25689816
12.1107,18.211805
16.4003,17.390299
3.11227,16.225918
0.0,2.1141217
0.170752,2.1141217
0.0,17.446726
9.69132,21.359962
9.56222,1.9967446
0.0,5.8497124
2.73993,1.2791839
28.8826,6.722411
0.764589,2.1141217
0.577257,2.1141217
5.30832,2.1141217
1.00418,1.7671654
10.919,12.090957
0.0377064,0.29086542
15.0913,38.378628
0.0789682,1.8017576
12.3578,16.102467
1.15544,3.878122
0.0,2.1141217
4.7026,2.1141217
0.0,3.2658224
0.697837,2.1141217
0.775302,2.1398542
4.60452,12.317666
2.738,3.1242473
0.0,9.051236
14.8348,8.035438
0.099321,18.863464
12.0095,42.50144
0.0,6.542513
0.0230888,2.1141217
53.941,17.030712
0.0,2.1141217
0.0185412,2.1141217
0.0,2.1141217
0.523938,2.819084
0.019213,2.1141217
7.81001,2.2895124
0.0995542,0.574332
11.89,8.429376
0.0,2.1141217
0.0,2.1141217
0.0778408,1.5361545
0.0,0.32840252
0.287353,2.1141217
0.0569866,2.1141217
58.7983,27.63639
13.2173,10.218873
21.3463,18.96202
17.3016,26.15282
13.4782,2.1141217
0.0219642,4.737774
0.0171549,8.248811
2.0569,37.540894
15.7312,-3.0356004
0.0,2.1141217
14.0998,29.921043
53.1485,37.54453
0.647028,61.18591
0.0263761,-2.132696
0.0,2.1141217
3.32048,-7.071663
4.6505,31.949331
1.12193,11.981216
6.25644,17.849895
0.722218,37.36086
15.4048,48.490623
10.8422,-20.028954
57.5615,-4.2706633
14.5233,47.71184
2.17836,5.7375765
0.186705,2.1141217
0.0,2.182158
0.0,2.1141217
29.7185,3.6619704
10.919,12.090957
0.0,2.1141217
10.4821,5.967244
0.0,2.1141217
0.489898,3.656964
0.0,2.1141217
11.9314,9.694339
24.6134,20.79081
48.3711,18.554947
140.312,150.66098
0.0,2.1141217
16.652,15.70481
10.8169,9.909786
0.0,9.051236
6.87925,7.198861
143.863,47.65949
23.8144,3.2605584
18.1432,19.485128
0.158944,2.1141217
4.76267,29.043724
0.0317711,2.1141217
11.0852,32.073658
37.4822,24.989555
0.0,2.1141217
0.183023,-0.3993194
0.0,0.82010317
28.1376,12.335235
0.0,2.1141217
15.4767,14.745647
0.0,1.6659222
0.0,2.1141217
0.110217,2.1141217
0.0,2.1141217
3.4258,4.582966
0.0,2.1141217
0.0103384,2.1141217
0.206906,13.060006
3.08732,2.1141217
74.3385,65.904915
0.0,2.1141217
0.0,2.1141217
0.460062,2.9053833
0.0,2.1141217
0.0,2.1141217
0.00684528,-0.1235342
49.2648,20.870726
0.0151819,2.5049214
526.804,33.4376
15.9952,11.905935
0.0274204,2.1141217
0.0460222,6.9040947
19.3857,12.836405
39.0449,24.163815
0.0295758,2.1141217
0.0,2.1141217
0.0,2.3883488
3.12215,15.315433
13.1945,22.267548
2.77794,18.432531
15.4758,3.9705775
10.2463,21.370684
21.5036,34.895916
0.0,0.9093549
0.500156,4.1355276
0.038988,15.606725
3.62445,-7.589018
4.37095,-2.2910569
6.8565,14.196554
12.011,2.6910422
1.81658,4.2530727
0.0183687,-0.25658143
2.89358,7.5499334
25.8992,42.786343
0.0,2.1141217
13.6965,24.25099
20.9778,36.557873
0.0,2.1141217
0.0,2.1141217
0.0,2.1141217
0.0,16.781927
0.0,2.1141217
0.620975,2.1141217
0.0104653,2.1141217
27.1519,38.993755
26.3396,715.2729
0.22883,1.3437421
0.228483,2.733778
0.0,1.053874
0.0,3.7321448
0.0,2.1141217
0.0,2.1141217
16.3773,15.753988
11.5285,10.139628
10.0562,23.26668
4.65611,8.122929
9.31878,13.013128
0.31996,9.898188
0.231134,1.0395103
10.919,40.886463
0.0,2.1141217
0.0323811,7.968055
0.916067,22.650017
3.31365,5.141102
0.0,2.1141217
0.0,2.1141217
14.5686,47.857914
9.31878,11.312515
0.0,2.1141217
0.629978,-3.4658935
0.0,2.1141217
0.0154189,4.8581104
0.185833,2.1141217
20.3512,5.662879
23.3703,27.018272
14.2404,1.0983262
86.3551,75.20783
17.6696,3.1008542
0.0,-1.0413806
0.0,2.1141217
10.1375,2.1141217
0.133724,2.1141217
9.60602,26.05397
0.0134632,2.1141217
5.59409,2.1141217
22.8508,11.634659
0.0568623,0.111163855
0.0,2.1141217
0.0172373,11.568307
1.61793,2.1141217
0.0828994,2.1141217
0.0,2.1141217
0.161957,4.2723
0.0506783,2.1141217
9.31878,10.46751
8.90259,11.169949
8.51883,26.180576
0.0,2.1141217
5.34971,5.4464455
0.477112,2.8567123
0.0,2.1141217
0.0,2.1141217
0.0,2.1141217
0.0,2.1141217
0.0443369,10.089036
0.123349,2.1141217
0.118235,2.1141217
4.52996,2.1141217
0.0,3.5639863
2.44943,7.83724
0.0,2.1141217
4.40395,11.223458
0.0170975,1.6595948
23.0231,27.990602
21.5146,16.321802
2.76298,8.027544
0.0300559,13.805448
72.0507,11.17879
14.0998,23.998009
23.7218,23.255768
3.99422,8.315453
0.0,1.5012152
0.0,0.82010317
0.43431,6.1246014
0.0,2.1141217
0.51474,2.5523252
0.0,2.1141217
0.0,1.2000599
9.4149,22.957647
0.0,2.1141217
148.964,50.53658
16.4165,8.888712
0.0164124,4.74872
0.00557245,1.1667805
18.2872,2.6174242
0.0,2.1141217
0.0,12.053571
2.62049,12.880393
0.995124,-1.9738991
0.0841026,4.123825
0.379094,18.806652
0.891171,10.435331
0.0250986,-2.840265
6.08398,28.95123
29.3069,6.767269
0.0281096,2.1141217
7.56531,4.1294327
0.0604672,2.576652
11.6972,50.16502
0.0,0.83258224
0.0,1.7877991
22.9901,16.74532
0.147257,2.1141217
0.0289539,0.8511088
14.4902,20.709417
0.0,2.1141217
0.0,2.1141217
14.0127,36.444813
0.148011,3.9421573
1.98213,13.897782
32.6081,13.530164
0.0297383,1.6926057
0.0,-2.634526
8.60295,13.466214
0.0,1.1357708
7.86301,11.432178
0.0,2.1141217
24.2703,15.041385
0.0,2.1141217
17.9397,10.246526
2.47586,3.2250285
6.71538,20.460121
0.0,2.1141217
0.0,2.1141217
1.18369,4.584762
23.0417,13.965192
0.0,1.821307
73.4181,92.75944
0.0,2.1141217
1.13456,21.113712
0.0,2.1141217
0.0,2.1141217
0.0,2.1141217
0.0420966,2.1141217
0.0,2.1141217
0.462707,0.6513026
0.234831,2.1141217
29.3384,20.540047
0.345062,12.43255
0.0,2.1141217
14.9691,11.697114
0.387361,10.59468
0.018341,2.1141217
20.1227,10.385486
0.0427096,-0.23684025
1.15935,6.319721
0.0,1.5165379
37.3251,22.86554
0.0,1.8059378
0.287353,2.1141217
10.1646,5.9092207
16.4012,-5.20327
1.00168,4.9122996
0.0115695,2.1141217
0.310805,14.324264
4.09223,3.9267251
0.36302,16.167282
0.0,2.1141217
4.1624,5.366645
0.0298953,4.2530727
0.0,2.1141217
0.0105311,-1.1603291
0.411408,-0.13019228
32.9818,6.7275257
0.183,2.1141217
11.0804,44.599606
20.9778,36.557873
0.0,-0.9409034
24.7117,23.827044
0.0,2.1141217
1.36061,2.2012832
11.6074,2.1141217
8.57879,20.631374
10.2463,48.377068
0.191288,0.13762593
97.7892,116.575615
0.0,2.1141217
43.6408,18.860306
0.0,2.1141217
32.727,51.24387
0.0479485,2.1141217
0.0149761,2.1141217
5.19755,7.641983
5.24548,17.919632
0.0323811,7.968055
0.944647,25.706093
0.873785,2.1141217
69.2914,21.513577
0.0,2.1141217
26.9514,2.1141217
0.743053,-3.8556898
2.3424,13.878369
0.027453,-1.5067499
0.0,2.1141217
47.1426,36.454002
0.307553,0.13789952
4.66756,13.006375
4.89894,12.124999
13.5683,1.3642375
10.9533,31.019854
0.0190806,1.3515141
8.20234,16.66786
6.04453,-3.840078
16.651,6.9716806
64.9969,33.348335
0.428143,2.1141217
13.2632,14.864829
93.0901,155.81557
0.0,2.1141217
0.0968266,5.203061
0.0,2.1141217
128.763,102.9359
0.536304,-3.3853376
27.2617,32.016148
3.31398,2.1141217
3.84675,3.2658224
2.35076,6.0596533
20.3666,9.925052
73.0222,25.348879
72.2247,22.946861
0.0473529,2.1141217
0.0308958,4.9546194
0.0,2.1141217
1.34405,30.793034
19.633,20.23693
0.0,6.637149
0.0,2.1141217
6.33747,1.9241645
16.4599,0.24263847
0.323139,14.989064
0.0230888,2.1141217
0.0,2.1141217
5.59568,23.907263
1.45705,21.390472
5.59568,23.907263
13.6965,24.25099
2.22496,23.561405
0.0,2.1141217
38.0254,34.871502
0.269489,8.049791
0.0,2.1141217
0.134373,0.12338662
10.2968,3.6999643
0.0,2.1141217
0.0205246,2.1141217
0.0,0.29744983
0.0,2.1141217
110.799,66.75547
2.95801,-6.6080523
19.2125,11.167752
4.252,7.590458
3.42016,2.1141217
1.45654,-2.3197198
0.0,2.1141217
0.0,2.1141217
0.0031855,3.3810468
0.157358,2.1141217
0.0171162,2.1141217
0.0610322,2.1141217
0.0,0.9093549
2.91784,10.749166
0.0,2.1141217
0.0,2.1141217
0.0,1.4654009
0.242017,1.3570955
5.75467,12.697857
18.8261,22.516964
0.178675,14.03368
4.91671,5.141102
54.3977,22.373875
21.4206,31.22477
2.62049,12.880393
0.465156,2.1141217
598.347,268.57544
15.6978,25.915155
32.2659,14.703738
0.096906,2.1141217
0.0680929,-0.15564609
23.569,21.365574
0.0,2.001482
0.0,2.1141217
0.0391393,-0.16035342
0.143781,0.15522456
13.1318,18.285511
1672.53,979.53864
9.4149,22.957647
6.16726,2.608721
0.695579,12.092991
0.0,2.1141217
89.7514,21.54554
3.12919,2.6900272
4.3179,4.9274054
0.0,1.8738658
14.6904,15.620978
60.3985,62.8472
0.0,2.1141217
1.35879,38.734486
25.2336,9.090595
0.430817,1.4087701
0.0,2.1141217
0.0,1.5165379
12.6111,18.351051
46.8588,22.226856
0.0,2.1141217
0.02025,2.1141217
15.7415,47.16462
7.7561,22.586449
7.54229,14.4763365
30.6925,26.891708
12.0095,24.51921
177.36,178.38622
23.5333,16.551046
1.59969,10.429269
18.2979,1.1980598
28.6774,-9.232228
0.0,-29.002003
0.0,2.1141217
0.0951901,14.2971945
0.524165,26.16868
0.21423,4.454011
0.0838009,2.1141217
12.921,240.99825
20.65,7.4586506
24.5863,0.69926
12.5126,36.685486
0.936119,3.8359482
0.0,2.1141217
0.0,10.541773
144.826,71.53556
0.0,2.992619
0.0,2.1141217
31.889,21.893522
0.0,2.1141217
0.0180879,1.5012152
0.523938,2.819084
0.0309695,9.168653
0.0109431,-3.0784466
0.0,2.1141217
5.07773,22.067415
13.2992,11.3947735
230.705,218.89227
127.197,48.5851
0.00874122,0.596704
0.0,2.3270123
0.0,2.1141217
0.0377064,0.29086542
2.17362,16.113268
0.224191,2.1141217
12.3317,-3.679713
0.231526,2.1141217
19.4241,12.33274
15.9952,11.905935
0.496241,-4.2409534
18.9931,22.021582
0.0,2.1141217
4.98238,15.489123
0.0,0.800612
28.9225,12.326921
0.242017,1.3570955
8.32285,10.183697
0.609691,20.57483
0.0,2.677876
0.0,2.1141217
0.108348,18.842743
0.0,2.1141217
0.0,2.1141217
15.0677,4.6678047
30.5792,40.106575
0.014349,0.5752163
8.30396,1.958463
1063.86,549.2233
4.52907,19.029829
21.3657,11.264199
21.1058,9.84655
1.89412,8.068688
0.0,2.1141217
3.23608,2.1141217
18.2572,15.290307
38.2676,27.962898
0.037566,7.4116945
0.0629288,2.1141217
2.8793,2.930811
9.82064,2.1141217
0.02025,2.1141217
0.0856053,2.1141217
1.85386,20.35402
10.8127,27.85907
0.0,2.1141217
1.14894,8.434663
26.037,31.22477
88.224,20.75889
0.0467182,2.1141217
0.0,1.6015034
13.234,17.20741
0.0,2.5067255
0.0,10.435331
4.52996,21.284657
89.741,37.12076
0.0197359,2.1141217
12.3578,16.102467
0.0162162,2.1141217
0.0,-3.8556898
0.0,2.1141217
6.49026,11.059208
0.0605592,10.82565
0.0,2.1141217
0.0317711,2.1141217
0.0,2.1141217
0.0,2.1141217
0.528339,18.810678
0.266052,24.443579
48.8333,5.7424536
0.0,2.1141217
12.0573,1.9288018
0.0101273,2.1141217
0.0,2.1141217
0.31385,2.1141217
8.00468,16.365225
26.037,31.22477
49.4155,15.49833
9.31878,13.013128
0.0,2.1141217
67.6386,-1.7176278
12.7565,3.1476789
1.2432,7.31036
0.0,2.1141217
3.29546,3.7885969
2.62049,12.880393
44.6306,21.645199
2.87073,8.901865
70.2331,27.210756
25.803,24.081938
39.9616,19.096832
0.0,4.808668
0.0733279,1.6033592
1.61069,9.286931
0.0,0.82010317
30.7407,20.473797
7.94747,17.397125
0.318302,2.1141217
0.0,6.501981
21.4822,25.303303
0.0,2.1141217
0.542442,2.1141217
0.0,2.1141217
0.0118156,2.1141217
3.8263,6.929698
23.9091,46.98753
1.26676,2.1141217
4.45397,38.318913
3.5795,1.7563076
1.08083,1.6720421
0.230591,2.8278508
0.0,2.1141217
1.21112,17.165186
7.28997,12.212889
17.5729,24.254318
0.0,2.1141217
14.8348,8.035438
19.5035,8.888712
0.429009,2.1141217
3.28943,30.591824
0.836202,43.52218
0.0108776,2.1141217
26.9829,15.772093
22.4628,6.2320213
0.0,2.1141217
0.0,1.4819174
10.9407,7.207139
5.22933,11.709648
10.0159,-1.9187844
0.0,2.1141217
28.8841,-2.0498784
92.2528,45.191273
0.578598,-6.955476
10.7538,8.828191
7.30451,11.040448
0.611214,2.1141217
0.0,7.8813066
7.86185,22.986462
0.692599,10.59468
0.0,0.24352527
0.0,2.1141217
0.0,7.1052723
0.0,2.1141217
0.473211,-10.002038
0.0,2.1141217
39.9955,1.9288018
7.81582,20.938263
12.6111,18.351051
2.90269,6.544347
0.0,0.2852447
11.124,25.006868
0.0490222,2.1141217
8.87697,12.736652
8.13618,2.1141217
31.889,21.893522
0.0,2.1141217
0.0,2.1141217
3.12215,15.315433
0.0,2.1141217
32.2663,18.915112
3.57158,18.492474
2.1426,3.788635
0.0,2.1141217
0.0,2.1141217
9.31878,11.312515
0.0,-2.117314
0.0,2.1141217
3.62445,-7.589018
33.978,43.27274
0.178423,1.1983473
0.0,2.1141217
93.0579,46.18132
0.0142934,-8.80868
21.5912,16.937962
0.0,1.5309823
0.0236038,2.1141217
0.0653796,2.1141217
0.0995891,2.1141217
0.0214824,2.2296555
14.8373,3.3277707
0.0,2.1141217
1.27897,11.0395775
1.5419,2.1141217
14.5572,10.1182375
0.293554,2.1141217
0.213921,15.343149
15.1356,7.656291
0.0,2.1141217
4.252,7.590458
0.0328706,0.22449994
0.0,2.1141217
0.0,2.1141217
0.0318162,6.8086452
2.85747,-6.298641
45.9377,35.232307
0.0,2.1141217
0.237729,2.6030626
14.5588,39.480476
7.14585,4.917487
0.0,2.1141217
0.0,1.0513065
0.62692,12.498466
0.0163062,2.1141217
0.0506413,2.1141217
0.0,3.8505058
28.5578,19.552647
0.0,2.1141217
8.33035,5.915943
0.0285757,4.8637643
0.0,2.545734
0.0730475,25.465168
0.0,-2.634526
0.0413947,0.73577857
29.2461,37.31021
26.9829,18.103214
10.5139,1.1682589
17.0974,8.3452635
27.1771,31.219501
26.8874,30.53358
21.7016,-8.110519
25.2336,11.527003
33.0915,8.7563
0.0645255,30.531797
0.0,2.1141217
7.84583,26.275034
46.9646,28.332542
0.0,2.1141217
0.0,2.1141217
66.5222,63.748154
0.0284757,2.1141217
10.5139,7.9554634
0.00874122,0.596704
20.3576,-20.656557
1.6993,18.046402
24.7117,23.827044
74.3385,58.945747
0.739897,19.341862
2.00082,-3.1134174
19.633,20.23693
0.0,2.1141217
21.0123,23.274628
0.0,21.45477
23.4271,40.32219
0.0,2.1141217
0.0422045,2.1141217
0.0,2.1141217
0.0,8.562472
3.53293,11.204447
30.7785,63.255573
0.553034,14.969362
37.6281,6.279414
0.0,2.1141217
7.95061,22.391941
26.0933,28.753853
0.0443425,61.18591
0.0416894,6.8298187
0.276085,6.1552706
28.5707,7.577408
55.5987,34.54204
0.535877,11.669469
9.01373,8.002766
0.0,2.1141217
4.17273,6.5554934
0.431208,26.125593
126.38,114.40177
5.75467,12.697857
74.4531,74.89123
0.0,2.1141217
28.7554,0.35563254
0.268398,2.1141217
0.0,2.1141217
0.0,2.1141217
0.0771056,1.9791236
0.115845,2.1141217
0.0226457,2.1141217
0.20584,2.1141217
0.0,2.1141217
0.156968,2.1141217
0.0,2.1141217
2.02652,12.43255
8.36754,-0.66702247
1.20083,4.4467125
1.32143,-1.3001394
2.7029,15.41295
1.15824,-0.29517972
18.7132,4.9870405
0.0,0.7688017
0.0,1.7795846
3.39969,2.2915711
0.0,0.48856425
0.0,2.1141217
0.0,2.1141217
2.7153,10.59468
0.0,2.1141217
0.0,2.1141217
29.5061,40.39932
47.6788,14.586855
13.8575,34.525494
13.534,2.1141217
3.80604,2.1141217
135.592,120.14659
1.20603,45.667347
0.0,37.84209
9.56915,7.45207
63.6629,28.922869
12.8249,2.1141217
4.41878,7.7692556
2.88903,23.447826
0.0423201,10.0767145
0.102663,1.5994694
0.099321,18.863464
0.0,2.1141217
0.502828,8.528641
0.816026,30.050552
11.315,-3.1928556
30.2065,12.013198
0.0,2.1141217
0.0,2.1141217
0.0,2.1141217
2.29405,0.3372779
0.66808,0.40223908
10.8958,7.22381
1.05183,2.0064366
0.0,-1.4357309
11.9537,2.255048
0.0,2.1141217
12.4457,14.838422
7.72727,12.537587
0.0,2.1141217
0.0,2.992619
0.0,4.101246
10.5353,5.61464
0.0124043,6.5625963
0.0,2.1141217
0.0,2.1141217
0.0490979,2.1141217
0.0,2.1141217
22.5174,29.616034
13.2385,25.954979
0.0,2.1141217
0.182946,0.69926
4.14783,15.053646
0.0895577,2.1141217
1.20083,4.4467125
19.9023,3.2928975
0.0,2.1141217
0.0837542,1.3131187
27.0281,26.093649
3.42484,7.479128
1.32143,22.897148
0.0,2.1141217
0.571642,5.772444
0.0,2.1141217
0.613162,-1.2780235
0.0,2.1141217
25.8108,42.32584
24.5863,0.69926
0.0,2.1141217
0.66808,0.40223908
0.571642,5.772444
67.7779,41.846657
7.88359,21.519276
2.93284,4.2865295
0.315451,5.375204
0.0,27.36461
0.0129563,3.9587405
0.0,2.1141217
44.4679,18.699596
0.0,2.1141217
11.5061,11.981066
0.00768744,1.9732587
0.0755083,4.0720577
0.0,0.7782593
1.61215,6.8086452
0.0,2.1141217
0.0,2.1141217
1.68421,5.5229263
0.0,2.1141217
0.00635723,2.1141217
18.8462,13.676598
0.183023,2.1141217
2.46857,2.1141217
19.2694,1.0035114
0.430817,1.4087701
0.095025,0.7277944
0.0,2.1141217
10.6428,28.57281
0.0,2.1141217
10.2142,8.171075
0.0,4.896928
0.0,37.158936
14.8922,28.393679
185.622,2.1141217
0.0614197,2.1141217
0.690993,2.3348918
0.0136762,6.219836
0.0230888,2.1141217
0.0,17.081537
0.0,-2.634526
50.4937,18.401838
0.0,2.1141217
13.6665,12.151826
11.8307,-1.4000409
43.2699,29.497759
0.530209,-2.4328406
0.0,3.1394968
36.2004,24.378696
23.8903,32.955193
2.70478,14.681173
0.0,10.719877
0.00767109,2.1141217
0.0,1.4833181
33.0627,6.9040947
0.0,0.73577857
4.36892,12.021923
37.8798,19.717781
7.13458,16.655676
6.71487,-4.015747
0.0,21.981182
183.037,132.56255
0.0,0.1129905
1672.53,979.53864
27.6481,-2.2434585
3.06707,19.165173
0.0,0.99635935
17.9272,11.98941
74.4531,74.89123
233.507,125.65554
106.537,69.761345
0.111263,19.364506
26.7938,21.18842
0.302419,2.1141217
0.0,2.1141217
10.2526,0.10518193
2.44808,2.1141217
15.4501,4.988266
0.145035,2.1141217
0.0,2.1141217
0.0,12.939656
0.0,2.1141217
0.0,2.1141217
12.6916,41.90914
0.0,1.4458632
0.0195011,4.786478
0.0,0.47490835
32.6551,32.74255
0.466408,13.491502
0.0,2.1141217
0.0,1.8778269
0.0516347,2.1750813
0.218858,25.699764
1.7973,0.380116
9.56915,7.45207
7.95061,22.391941
0.0,2.1141217
0.0,2.1141217
1.76295,35.974815
0.0,2.1141217
13.1278,-2.9826324
16.075,8.107159
0.0,2.1141217
48.7147,19.783201
0.0,2.1141217
0.0,2.1141217
8.72443,26.245443
28.2793,12.629026
0.234676,0.2244277
0.147257,2.1141217
0.0,2.1141217
1.80628,15.073131
0.291267,-0.41768765
19.9297,4.887971
0.629978,2.1141217
26.4642,14.721429
0.0,-2.634526
6.11847,2.1141217
0.230591,2.7420688
0.0175443,2.1141217
0.0,2.6650019
8.82057,-2.3556957
1.51519,-0.31498384
8.67667,21.128986
0.16748,6.8086452
7.69662,10.437711
0.0,2.1141217
16.651,12.5795355
11.9358,11.174649
4.87841,61.91255
5.16068,4.9553237
0.0,2.1141217
13.7664,21.106932
1.94104,2.4081907
0.0629288,2.1141217
10.5476,19.049995
0.0,2.1141217
0.79134,9.424894
25.4982,14.261628
0.0100754,2.1141217
0.194229,2.1141217
3.4258,4.582966
0.0,0.83258224
4.09223,4.3849344
0.0,1.4844239
0.02025,2.1141217
10.4071,25.907602
0.00557799,2.1141217
18.8552,16.538132
6.49652,33.545284
0.0,2.1141217
8.98008,5.105727
13.2442,20.436623
0.0,2.1141217
0.0770898,2.1141217
0.0,2.1141217
23.7592,15.468816
8.32206,12.348928
8.61474,22.044437
18.0387,18.231762
5.23681,8.123387
5.83225,26.973951
12.5903,20.700068
0.237729,2.6030626
1.26098,1.0983262
0.517011,13.460553
0.0413947,0.73577857
0.529199,17.126757
0.0105764,2.1141217
0.0205005,2.1141217
0.0,2.1141217
0.0503602,2.1141217
0.0263778,2.1141217
5.39411,0.99042726
36.1142,27.399734
0.306027,17.54545
26.9954,13.670972
0.0,2.1141217
0.0,2.1141217
0.00507226,2.1141217
0.764455,-1.0876112
0.0,2.1141217
10.8169,9.909786
0.0,0.7688017
11.948,15.531394
4.66285,12.053571
0.0,1.2445958
211.163,111.95861
10.3538,21.343754
0.0238001,1.4902458
0.116408,2.1141217
0.0,1.3662713
6.32027,6.5035286
1.93037,-19.684452
0.0,2.1141217
25.803,24.081938
18.4028,20.41174
0.0,1.1606264
89.6832,48.062916
2.62261,17.251627
0.0,10.640912
0.0344196,4.093458
0.0,2.1141217
0.0,2.1141217
43.5617,31.957092
0.025486,7.4242964
1.02305,9.370679
0.0,2.1141217
30.2328,2.1141217
0.0,3.5639863
0.0,2.1141217
174.296,219.157
0.0,2.1141217
6.34516,2.7713957
0.0,2.1141217
5.73513,13.686793
2.7244,8.382948
0.0,2.1141217
0.0,23.795254
35.7241,44.865963
43.4355,21.141932
0.138593,13.849974
7.38977,4.9915714
0.0244278,1.2444239
4.74927,5.681079
9.25835,27.253155
76.8259,62.408382
0.0,2.1141217
97.9946,13.908255
0.33863,2.1141217
0.0,2.1141217
15.4538,3.7908325
0.703189,35.529274
0.0,2.1141217
0.0,2.1141217
0.144603,2.1141217
3.8158,19.48229
16.0374,25.293869
0.0156562,2.1141217
0.0,2.1141217
0.0,2.1141217
0.0623447,2.1141217
19.9297,4.887971
0.00874122,0.596704
0.601586,11.571185
0.0,2.408522
0.0,2.1141217
0.0194959,0.3614905
11.1336,26.236088
0.147898,3.8448002
206.269,55.02634
0.0,2.1141217
89.9161,29.141563
19.3196,10.028743
0.0377064,0.29086542
0.041684,-1.7270887
0.23567,-5.41833
0.110194,2.1141217
1.18369,4.584762
10.0719,15.966916
0.0,2.1141217
0.0,1.0983262
2.93695,4.7411222
58.7779,85.039795
4.6034,9.412441
0.534861,9.909786
0.0,2.1141217
2.54224,5.6706495
1.2621,22.888176
17.7894,20.295534
12.3155,40.10317
4.17482,2.1141217
0.196991,6.05783
1.29012,2.1141217
4.89097,28.99086
13.3117,22.231422
0.0,2.1141217
0.0,13.513191
13.2992,11.3947735
4.68681,0.19106865
6.51382,15.140662
0.31996,9.898188
7.18879,9.392183
230.705,218.89227
1.40437,-0.38958216
0.0,44.478836
12.3571,23.718971
0.144784,2.3550985
24.7117,23.827044
0.0485775,2.1141217
31.6073,13.252067
32.3678,16.824146
0.0373925,39.21181
0.424285,0.8271718
5.75467,12.697857
23.0829,2.3348918
3.21711,18.183434
50.4777,33.074425
5.80388,54.218708
4.30556,4.5804896
0.0,10.477565
3.02215,0.5142741
231.28,23.317171
19.4462,17.453035
0.0,0.29086542
3.66676,12.889579
0.0494545,2.1141217
2.1209,14.586855
1.8901,11.0592165
34.4265,66.661125
0.0,2.1141217
0.0416772,2.1141217
0.0475073,2.1141217
15.6481,18.034672
4.0341,8.315525
0.0,3.5425167
0.0,2.1141217
13.5556,13.967477
0.851235,12.537585
0.0,2.1141217
5.6568,11.444449
8.98008,5.105727
0.0,1.834928
4.40251,14.969362
0.165811,4.9640617
0.0,2.1141217
119.708,45.09306
1.29648,2.1141217
6.10661,21.321823
0.0,2.1141217
19.5991,37.51185
0.289861,-1.921602
0.173885,5.128237
0.0211106,1.9536145
0.0,2.1141217
0.0,2.1141217
7.68164,6.3345404
6.58066,13.966818
13.3117,22.231422
1.13347,0.36704612
16.5723,30.371185
0.0,2.1141217
11.9097,8.261537
51.1107,4.578937
0.0,30.578808
6.58449,2.1141217
70.0459,36.71146
0.0,2.1141217
0.00668393,1.6658294
10.2463,48.377068
0.0610322,2.1141217
0.0,0.7688017
7.46963,18.869747
206.269,55.02634
96.6188,56.292416
14.4002,-7.9970055
0.0,-0.9050443
0.0,2.1141217
31.889,21.893522
0.0,2.1141217
0.454147,13.461856
0.081285,2.1141217
0.0,2.1141217
0.663275,3.163276
12.4058,4.0487194
5.66359,20.406023
0.0,2.1141217
0.0,-1.6444747
0.0,2.1141217
3.12215,15.315433
0.0,2.1141217
0.0,2.1141217
0.0,2.1141217
0.0753512,7.769553
0.0,2.1141217
0.0,2.1141217
15.7724,25.877728
0.0,2.1141217
12.3816,17.268692
13.3789,15.4608965
64.5569,32.060078
19.6408,15.626292
0.0,1.9150257
0.0,2.1141217
16.651,25.918133
0.00505011,2.1141217
0.0256454,2.1141217
0.0,0.9292886
0.0852025,1.9372029
30.4005,11.209919
0.0,2.1141217
7.18879,9.392183
12.9406,9.07431
0.0819501,2.1141217
15.3531,31.321712
28.1376,12.335235
6.43976,10.689906
0.0,2.1141217
0.0,2.1141217
0.0199723,2.1141217
12.7551,-1.6572886
0.120152,18.993622
19.1567,34.83832
0.0137361,2.1141217
0.0,2.1141217
15.6109,10.056861
13.3117,22.231422
21.3401,8.1998
0.131732,2.1141217
83.9564,43.156574
0.485898,3.618161
6.37074,5.681079
11.2641,34.21069
0.0496801,2.1141217
15.4048,48.490623
8.82523,2.856825
0.0179047,4.7071433
3.80485,11.790348
0.0,2.1141217
0.0,2.1141217
0.0,2.1141217
3.07855,16.919724
0.0,2.1141217
0.0546572,-0.2940402
45.5749,39.021313
0.0,2.1141217
6.68153,-0.3751905
119.268,2.1141217
0.0,2.1141217
19.4241,12.33274
0.0140157,2.390437
10.5353,-1.5167286
0.0,1.7268283
0.0585232,22.157505
4.8686,12.442225
0.0,2.1141217
7.03849,22.179356
0.564268,4.7761593
0.0,2.1141217
1.06208,7.287857
89.6832,75.183846
0.0912077,2.1141217
0.0,2.1141217
0.0,2.1141217
0.0,2.1141217
7.81638,-4.793475
0.0718349,2.1141217
0.308492,-0.42721248
0.0983347,2.1141217
7.80756,-37.09846
0.0346423,2.1141217
0.0,2.3550985
12.2817,29.238087
0.425769,-2.19611
22.2662,29.17405
6.61293,19.68583
0.226083,2.1141217
229.09,84.15299
0.0,2.1141217
0.0,2.1141217
1.02096,1.0024364
0.0,2.1141217
0.0,2.1141217
23.0404,25.780485
0.814287,11.453752
0.116267,19.84235
0.0,0.69411206
29.1625,8.818016
7.28997,12.212889
3.66676,12.889579
10.6954,14.486653
2.70478,14.681173
0.1349,5.967271
8.16969,12.727949
0.0,2.1141217
0.0,1.6015034
0.0,2.1141217
12.5945,40.164867
1.42426,20.1143
0.269299,13.810935
654.473,176.89882
0.0,2.1141217
0.0,2.3550985
6.70053,6.808032
113.424,75.35847
10.1728,25.87177
0.0,2.1141217
2.6129,2.692115
0.0,1.18029
0.0,2.4148016
0.108294,1.72176
36.5411,35.276623
0.0,0.54888654
9.22554,0.82010317
2.49685,27.733875
47.0054,21.833992
22.2885,7.5954494
20.9778,15.450052
0.458915,2.1141217
0.0157141,4.912451
0.0,1.5094061
1.2432,7.31036
12.8249,23.560652
0.267055,0.30122232
0.556871,2.2976658
0.315423,2.1141217
0.610725,2.1141217
30.2705,11.000648
15.3164,26.525799
19.3196,10.028743
7.88354,17.126055
0.0656044,2.1141217
12.2578,21.793106
10.8734,21.772102
2.02248,7.8813066
18.9464,1.4188256
0.00595438,2.1141217
0.0,2.1141217
0.447712,-1.1259851
0.0626457,2.1141217
39.6299,-1.1134276
0.00483917,1.2279108
3.54183,16.205585
0.0,-2.634526
3.6633,-9.947484
29.961,37.442562
16.4925,17.136702
0.0,2.1141217
0.0490229,2.1141217
4.7978,12.33643
0.0,2.1141217
0.0,11.697114
13.2166,32.05729
20.1384,3.8081915
0.0214629,2.1141217
8.90259,6.959835
0.0065704,2.1141217
0.0,2.1141217
0.0,2.1141217
0.530209,-2.4328406
0.807879,14.262389
0.0,2.1141217
0.0,2.1141217
0.51474,2.5523252
24.5695,22.159485
0.0423742,10.85421
3.92858,17.172031
0.868541,19.801426
11.2349,29.607979
0.0,2.1141217
66.6478,44.085644
3.17315,30.565157
0.0,2.1141217
25.1238,114.40177
0.0,2.1141217
4.0,-4.1110306
4.67639,26.521809
0.250134,12.470141
0.298915,23.144455
121.213,104.33621
0.524165,26.16868
0.676883,24.74687
8.60295,13.466214
0.215837,2.1141217
24.7117,-7.1797295
9.11898,11.358082
0.0,15.791329
0.0,2.1141217
2.15402,10.534335
8.17572,4.4954576
1.40205,39.51333
0.100186,6.5892324
0.0,2.1141217
66.5085,70.67744
0.791529,16.41791
3.93496,6.2394056
18.7444,21.47998
2.49685,27.733875
47.5559,76.029915
0.0514544,2.1141217
0.0,5.3020415
0.177502,2.1141217
37.5398,14.03368
0.048191,2.1141217
0.0657912,0.45112586
15.7858,7.22381
4.98238,15.489123
0.534861,9.909786
16.3773,7.4605436
5.41473,15.475394
0.525407,2.6274037
0.0322283,3.1027374
0.0487945,11.072339
0.433965,0.48485875
0.0,-6.779336
0.0,2.1141217
0.0,2.1141217
0.0,2.1141217
1.95829,2.1141217
1.11007,5.2509212
0.0,2.1141217
0.0,2.1141217
5.39411,0.99042726
103.211,2.1141217
35.0486,30.46339
0.029801,2.1141217
0.0,2.6174242
0.0,2.1141217
0.0455585,2.1141217
0.0,2.1141217
10.0536,4.4565587
5.85685,21.492155
2.01469,15.337039
0.0,2.1141217
0.0,1.1440624
37.887,8.137612
0.0,0.67236876
0.0,2.1141217
0.0,3.5639863
5.08154,21.555502
0.0,2.1141217
6.64375,2.1141217
1125.9,185.91435
0.0572996,1.6059716
16.4448,21.654411
0.0105662,2.1141217
9.59899,20.638868
0.0,2.1141217
0.0,2.1141217
0.0,2.1141217
33.4795,17.39054
11.2706,0.31491327
0.470712,18.239193
3.40233,14.099893
449.819,226.1631
8.54891,4.6358433
12.3155,32.19772
14.1121,17.641216
0.0,2.1141217
16.0687,5.4886456
0.0226111,2.1141217
0.0,1.5801685
12.3578,16.102467
0.0,-0.09892583
0.764589,2.1141217
8.84733,17.937992
19.1256,20.657928
0.0,2.1141217
0.0117422,5.9541464
0.0,2.1141217
0.285904,8.251821
0.0,2.1141217
0.227111,2.1141217
0.076349,16.477692
0.222726,16.58432
0.0,0.30122232
89.6832,48.062916
31.889,21.893522
10.7538,6.9330063
4.39554,0.83258224
0.00457431,2.1141217
35.0216,34.536022
0.0,2.1141217
4.7267,19.233435
0.0,2.1141217
1.46424,2.1141217
0.0,2.1141217
0.506815,14.096973
0.26033,25.586132
0.0,39.09057
0.535877,28.17271
0.0,-0.93257976
0.0,2.1141217
0.0,2.1141217
7.97993,28.597366
0.0,0.46889877
0.0134494,-2.4482207
0.220675,0.60950303
0.0912077,2.1141217
0.0,2.1141217
0.0,2.1141217
0.0,4.860505
48.1875,62.82497
23.569,21.365574
7.44047,9.141575
19.3196,10.028743
0.496241,-4.2409534
4.61967,37.742016
86.6865,27.460447
0.0,2.1141217
0.134488,9.83043
4.74741,83.20896
0.226759,2.0288775
0.0,2.1141217
0.217464,0.3372779
50.8703,19.873135
0.0,2.1141217
3.73044,2.1141217
7.28997,12.212889
0.0,2.1141217
0.0059639,5.48277
0.867243,0.7216425
213.647,125.805305
21.9927,22.145355
0.0,-6.8775864
3.34962,20.76796
0.0,9.668855
31.6466,35.105732
11.7892,2.1141217
9.89053,2.1141217
7.65143,2.0188715
2.66615,16.507822
1.17065,-2.4667041
5.64923,18.690212
4.59297,7.868469
0.904999,14.6625595
6.32027,6.5035286
111.689,35.086723
6.57163,21.268776
0.446527,11.341596
194.673,77.930275
0.0318162,6.8086452
17.6053,16.301317
11.1801,2.550875
3.62445,-7.589018
1672.53,979.53864
11.8397,12.08939
0.0115695,2.1141217
0.0,2.1141217
3.24636,16.818552
29.7447,15.7205
7.58571,4.7406225
7.08421,10.433523
7.54229,14.4763365
7.13458,16.655676
2.83266,2.1141217
1.20083,4.4467125
31.6466,35.105732
13.0144,12.043419
2.32627,0.34590888
127.163,58.720875
22.8508,13.396178
11.613,25.771011
18.8462,9.618952
15.7273,0.33002996
40.7414,19.069733
1.05497,16.690323
6.33935,22.92575
31.4133,8.434434
8.46153,-2.338165
0.964534,7.2449627
24.7055,0.31581986
8.67667,21.128986
0.0,-2.634526
4.67639,26.521809
38.6802,10.300567
0.0,1.3025146
0.0,2.1141217
30.4823,20.410673
31.8915,13.217658
0.0,2.1141217
0.0,2.1141217
10.4821,5.967244
0.0,2.1500964
0.556485,18.904358
0.0334507,2.1141217
0.0,2.1141217
2036.01,-29.002003
4.47134,14.144607
4.09223,3.9267251
0.0734416,3.4751265
0.0,2.1141217
0.383168,2.1141217
0.0,2.1141217
0.0,2.1141217
84.2077,48.983906
0.0779642,1.3318977
0.0,6.1668797
0.0,2.1141217
0.0531632,2.1141217
3.02215,0.5142741
176.34,115.632545
12.0011,25.967743
0.0,2.1141217
8.71518,13.341858
4.6505,31.949331
0.0,41.11749
9.09324,10.212213
7.13458,16.655676
22.0206,8.511662
5.63465,2.734866
0.0,2.1141217
0.0,2.1141217
1.70576,2.1141217
17.7989,2.1141217
3.97178,16.454317
0.0,9.0826
0.0,20.410673
1.13365,2.1141217
0.0,2.1141217
9.18391,24.441113
0.0453734,2.1141217
0.0209403,2.1141217
0.0377064,0.29086542
0.0,2.1141217
0.0401582,2.1141217
5.69682,48.465637
29.8042,26.30776
4.61178,10.156065
0.0718414,1.2237008
0.0,2.1141217
0.0,0.32187057
0.0995542,2.1141217
0.0,2.1141217
0.0,2.1141217
0.222996,1.8668158
6.28008,2.1141217
0.0,2.1141217
0.0,1.7918034
1.13347,0.36704612
2.24531,2.1141217
32.6742,30.668325
30.8501,56.402084
8.8137,0.40189338
3.08833,45.042973
29.2068,3.8645978
3.6501,18.67885
27.79,15.72045
3.80485,11.790348
31.9071,0.6513026
39.6299,-1.1134276
4.42726,12.880393
49.3187,27.995983
10.6332,9.724065
1.72473,6.590948
0.0,2.1141217
100.839,22.361938
0.120171,11.868009
22.0206,15.729869
11.5871,30.761658
10.2172,14.647026
0.0,1.3025146
0.0,2.4895453
0.0,-1.4119627
0.0,2.079506
8.31828,49.36285
0.571642,5.772444
0.0,6.542513
0.299234,2.1141217
0.0,2.1141217
1.74564,8.471891
0.364658,28.318563
20.2579,23.012753
9.8197,8.897542
4.75915,16.290054
0.0,2.1141217
0.66808,0.40223908
0.0241012,1.7522435
24.4512,-2.9808486
0.149628,2.1141217
28.3925,10.527169
0.0,6.542513
0.0555944,24.706692
0.232687,9.962012
19.5569,27.830551
0.0175253,2.1141217
4.76267,29.043724
0.0,2.1141217
25.3389,-0.15538669
2.50284,5.445097
0.431208,26.125593
0.438031,31.843307
11.6114,20.631374
0.0,2.1141217
0.0,7.477748
14.564,52.6678
0.0893227,9.641165
6.82818,8.207519
0.0,2.1141217
0.256122,2.1141217
0.00992251,2.1141217
0.0722253,17.126757
1.98213,13.897782
7.2347,8.956078
1.43411,-2.8312767
1.80312,31.623793
13.9082,37.051884
0.138583,2.1141217
88.227,20.25443
10.5207,43.988228
6.27998,31.992409
0.0,2.1141217
3.41377,3.165041
0.0,2.1141217
6.70068,3.5633643
1.83083,10.630488
0.12318,2.1159506
4.42522,20.485989
0.0,2.1141217
7.49617,22.626156
0.0,2.1141217
18.3982,6.2953568
0.0,2.1141217
88.224,20.75889
2.49685,27.733875
5.24548,17.919632
0.0,1.4439611
0.620975,2.1141217
0.0,14.864829
3.80604,2.1141217
1.54364,27.364796
0.0,2.1141217
10.8734,21.772102
0.487577,2.1141217
22.6272,13.452102
68.0183,58.385834
10.4744,13.986696
0.0,2.1141217
0.0457223,2.1141217
13.8431,13.477483
0.0169503,2.4020724
0.556268,25.706093
7.53909,18.969332
12.7705,13.583585
9.02091,2.1141217
86.3551,75.20783
0.0146291,1.2998784
16.8248,11.702735
57.9345,18.53814
3.69482,18.511936
11.144,28.33913
0.0,1.9372163
0.0324436,2.1141217
0.0,41.218708
37.6582,-1.7871869
9.4149,22.957647
0.0300559,-0.85107183
4.44642,10.133754
0.058586,2.1141217
0.186621,2.1141217
0.0,8.084035
0.115769,6.923908
0.0,2.1141217
23.5049,18.863464
0.0153647,2.1141217
4.2222,2.7099676
119.944,86.89568
0.0,2.1141217
0.0,2.1141217
0.0,0.24352527
397.601,27.733875
20.4815,22.324127
0.00556789,2.1141217
0.0,2.1141217
0.0717444,2.1141217
0.0,8.271456
11.3911,19.992884
13.3341,31.899164
0.0181295,2.1141217
0.0,2.1141217
0.0,2.8751018
26.1605,4.085552
19.2125,11.167752
4.48371,2.1141217
12.7342,23.619755
13.6364,3.2499092
34.0732,14.971354
0.0,3.5528576
24.9532,21.739193
7.93361,18.89825
47.4767,25.526749
1.10923,2.5399861
8.58138,31.391958
3.84818,12.783644
1160.7,413.43604
0.0,2.1141217
0.0,2.1141217
5.1564,7.477748
0.0,1.9700315
4.98908,29.034206
0.0,2.1141217
1.70629,2.938205
17.0624,11.14849
2.76298,8.027544
0.273661,42.571568
19.0973,25.586132
0.0,2.1141217
9.21721,4.7539625
110.799,66.75547
12.3842,11.669469
4.02535,49.133804
0.0158332,5.205822
0.0607464,-0.052932978
0.0367822,2.1141217
0.0,2.1141217
27.4685,15.871144
7.03849,22.179356
6.72182,13.489436
24.2596,25.092682
12.7177,38.01109
0.318302,1.456706
0.0271285,1.5094061
7.62724,15.151774
0.0,7.35075
11.7739,17.030497
0.0,2.1141217
5.1564,7.477748
21.1629,17.992235
24.2768,1.6500609
25.4868,21.957617
0.224348,1.5003829
0.0,2.1141217
3.72617,18.0604
0.0162317,2.1141217
0.530209,-2.4328406
0.0933876,10.476972
0.454819,9.72211
0.0414775,-1.932859
0.0,2.1141217
0.0257964,2.9681976
0.0,2.1141217
13.7845,4.1775875
3.12215,15.315433
13.7987,15.871144
0.0,10.640912
3.35923,7.0263023
0.112871,2.1141217
0.0,0.24352527
5.59409,2.1141217
13.234,17.20741
2.30368,22.136734
0.0,16.485008
0.0,2.1141217
8.29918,4.210681
11.3911,19.992884
1.98158,32.014984
21.8581,40.74064
0.188373,2.1141217
17.4759,10.714571
0.0,0.29086542
0.0,15.073512
0.301423,12.880393
0.021705,2.1141217
0.0161967,2.1141217
0.0558912,2.1141217
28.1376,12.335235
3.20294,15.5828085
5.62209,22.09756
13.4342,12.881057
0.0,2.182158
36.2545,31.056225
3.52253,27.36461
0.0,2.1141217
0.0,2.1141217
0.0269443,2.1141217
1.84812,8.24494
0.0,2.1141217
39.5829,26.545702
17.9842,20.42752
0.583336,14.727658
0.0,2.1141217
16.9595,6.4695387
5.97234,13.948318
4.36892,12.021923
51.9129,48.022022
1.23326,2.1141217
27.5158,11.98941
72.9475,33.312885
0.346404,0.078888655
8.64048,0.59064126
2.91861,2.1141217
3.90281,0.98555636
0.149905,4.500206
501.184,103.57276
13.7987,15.871144
0.0,2.1141217
0.0,2.1141217
0.0503724,2.1141217
0.0505051,2.1141217
0.0,-0.3135078
19.8113,13.140037
9.18391,28.353058
45.9377,35.232307
3.67047,2.1141217
16.4118,51.219463
20.1235,40.311325
0.0,21.512083
35.6083,9.452274
34.9726,35.725346
7.75693,3.5992248
9.47653,3.8391938
0.0,2.1141217
1.39764,0.9484341
0.0,2.5384026
2.46857,2.1141217
2.93396,36.088467
0.985679,10.918052
0.134373,0.12338662
0.102512,2.1141217
0.0,-5.0786963
66.5085,70.67744
4.97182,9.498295
0.0,3.7785275
12.9128,21.077612
12.3578,16.102467
9.54167,39.096127
4.40566,14.134147
0.0,2.2299297
5.1564,7.477748
2.59898,9.723608
0.0,2.1141217
0.00521469,2.1141217
0.0,2.1141217
0.149628,2.1141217
0.041684,-1.7270887
0.0,2.1141217
0.0,2.1141217
0.0,2.1141217
0.0764948,2.9032714
0.0,2.1141217
0.197985,2.1141217
0.0,2.1141217
4.50339,2.1141217
0.0,2.1141217
1.06308,-7.2487297
0.288601,0.99495673
7.93361,18.89825
0.0,2.1141217
7.29843,20.053232
0.287353,2.1141217
10.6178,16.72379
0.00596473,2.1141217
9.11279,61.45277
1.34353,5.73207
0.597943,7.290594
0.0,2.1141217
0.0,2.1141217
12.7252,12.024989
0.0244278,2.1141217
0.0,0.915061
17.6053,16.301317
3.52253,27.36461
22.5227,29.068928
19.0973,25.586132
9.22554,0.82010317
0.0,0.24352527
0.0,2.1141217
3.2944,11.627429
0.0,2.1141217
0.0,2.1141217
0.0367926,21.513577
0.130971,-2.0053287
12.8642,7.0123835
6.32027,6.5035286
1.54195,21.575893
19.4241,12.33274
0.0,2.1141217
9.97059,10.703694
16.2511,15.488265
0.0,2.1141217
0.304227,0.21487927
19.4241,12.33274
0.767151,1.3274851
16.7626,41.415436
7.68164,6.3345404
0.502504,20.750544
101.932,91.391205
19.0443,32.115993
63.5438,24.261372
0.0,2.1141217
0.0148745,-0.010811567
2.8163,4.464723
9.26417,5.3010254
38.704,7.384486
0.0,2.1141217
1.04421,8.828761
0.0101776,2.1141217
0.0261993,2.1141217
0.0,39.021313
19.9248,19.204723
0.0541491,2.1141217
11.3063,2.1141217
0.0,2.1141217
19.9297,4.887971
9.34879,-2.0053287
5.34906,2.1141217
0.0,2.1141217
0.0,2.1141217
1.68702,31.843307
0.0,2.1141217
0.16748,6.8086452
0.0,2.1141217
4.75134,7.7846727
0.0,2.1141217
0.221825,1.6821253
5.78663,3.5001225
0.23815,2.1141217
0.914182,8.295052
10.2388,0.84844565
0.0,2.1141217
0.0,2.1141217
0.0,2.1141217
0.05843,2.1141217
0.0,2.1141217
4.06435,6.2033253
0.0,2.1141217
0.0,2.1141217
0.0,9.660478
206.507,187.50812
0.0,-0.24123526
231.91,133.67192
6.10661,21.321823
397.601,27.733875
4.1897,-2.7372239
0.0450396,18.52758
8.67667,21.128986
0.0,2.1141217
1.96863,4.7234097
4.00783,6.0059853
0.0,2.1141217
10.919,12.090957
19.9297,4.887971
6.09922,6.1514034
0.748226,9.400915
29.0531,19.950005
0.0,2.1141217
0.738765,15.435817
8.61474,22.044437
1.62089,9.52695
0.0,2.1141217
5.1564,7.477748
20.3512,1.6110239
0.0,2.1141217
0.0,2.1141217
19.5016,36.518604
9.9758,16.624735
9.7083,19.116264
0.5899,9.898188
0.563877,25.704666
101.932,91.391205
21.9927,22.145355
0.0,2.1141217
0.0488522,2.1141217
1.5047,9.436274
0.0352451,4.789089
0.0,2.8540843
0.0,2.1141217
0.0231881,12.860572
0.0,2.1141217
40.0693,3.6186383
0.0,39.096127
47.6788,14.586855
16.7415,2.377587
13.7046,17.043142
0.0988916,-0.42731047
0.0,2.1141217
11.9358,11.174649
0.413523,9.424894
1.79644,11.527003
0.0657912,0.45112586
0.0,2.1141217
9.60602,26.05397
12.3578,16.102467
356.985,189.84404
0.0,1.1606264
92.574,41.06501
0.0,9.898188
0.0,10.640912
1.06717,9.461386
0.124748,1.7037818
0.0,2.1141217
166.341,66.24732
7.45222,14.23837
0.0,2.1141217
0.0,2.1141217
5.75467,12.697857
0.0,2.1141217
0.73739,2.1141217
0.365576,2.1141217
0.0169662,2.1141217
10.8125,15.4608965
4.22201,10.091945
4.60452,-0.4032607
0.0,39.021313
0.130971,-2.0053287
0.0,2.1141217
0.0797178,1.8693516
24.8391,8.355647
0.232211,2.9282317
2.98434,-0.0018808842
3.71382,16.74495
0.0,2.1141217
0.0,2.1141217
0.0,0.7688017
27.7932,42.79949
3.13478,2.0677853
0.0227304,0.29086542
19.419,8.971623
1.67192,-2.7970178
0.0,-2.634526
0.0,2.1141217
68.9289,40.125473
0.0,3.5639863
0.0541491,2.1141217
14.4473,-18.416367
0.1352,-0.36713457
0.051393,10.640912
17.0383,13.449593
0.0211065,4.5372
17.7654,15.619127
751.657,466.97546
45.9377,35.232307
0.11227,13.9724
0.320538,1.8466201
0.0,8.615007
0.0,2.1141217
12.2679,15.442027
39.8546,12.860572
0.0,2.1141217
8.44341,-2.7970178
14.9617,16.318947
7.37312,-3.0837324
3.95531,2.1141217
15.4015,21.622105
1.68959,8.164414
0.0,-3.3946764
0.0,2.1141217
0.749273,2.1141217
0.0,-2.634526
27.1519,61.949703
272.196,131.28772
30.6925,26.891708
0.0,2.1141217
9.92708,11.343523
0.0190806,1.3515141
0.0,2.1141217
0.0,2.1141217
5.59409,2.1141217
7.21241,29.066124
0.506804,2.7769518
0.0134822,1.3293478
0.0,2.1141217
0.186593,2.1141217
0.0,2.1141217
10.5992,1.3384106
17.9272,21.92455
1.00624,13.7748575
9.77936,-2.718757
4.84952,10.719877
0.123055,2.1141217
10.5992,1.3384106
7.14585,4.917487
2.46103,9.659641
0.0,1.467035
55.2513,23.830349
3.40454,9.453904
6.35224,33.733833
7.68314,19.465399
0.0,2.1141217
5.52068,-3.9367893
13.8431,11.628849
6.85145,11.635428
0.0304709,0.4777043
0.0,2.1141217
29.961,37.442562
6.54572,8.944879
0.0,2.1141217
6.86627,40.482403
0.190232,1.8972383
23.9011,49.34357
24.4512,7.553067
0.0,2.1141217
2.62049,12.880393
24.3086,18.116604
0.0729982,2.1141217
0.0,2.1141217
0.0,2.1141217
0.0,2.1141217
0.00824332,2.1141217
0.0,2.1141217
0.0,2.1141217
0.0,2.1141217
0.0797178,1.7762794
9.43502,-2.6949918
24.3086,18.116604
0.0,2.1141217
0.160392,13.627924
12.1992,16.390074
0.037736,2.1141217
1.42227,2.1141217
6.03438,4.539823
43.5617,31.957092
0.748912,9.089123
0.0,2.1141217
0.0,2.1141217
0.0,2.1141217
0.148443,2.1141217
0.805263,8.17738
0.0,1.0983262
39.5426,22.115734
0.134779,1.4356036
0.0316926,2.1141217
0.0,2.1141217
3.62445,-7.589018
74.3385,58.945747
0.0,-19.363539
15.5361,9.044068
23.0404,25.780485
0.0,19.38123
0.408575,0.31213832
9.22554,0.82010317
0.0,1.9770992
7.56531,4.1294327
1.02246,1.6843569
0.00840599,-4.739934
0.0,1.5751789
23.7173,30.775944
0.0,2.029073
0.0233073,2.1141217
8.20733,22.285063
0.0,2.1141217
0.0105662,-0.69649386
0.0161861,1.8044326
0.423245,2.1141217
74.4531,74.89123
21.088,16.94414
0.0,10.631906
0.0,2.1141217
11.0065,26.238375
0.0,10.640912
0.0,2.1141217
0.0,2.1141217
4.91671,5.141102
0.0988916,-0.42731047
2.91179,2.1141217
31.0862,11.712934
0.0372422,4.0221004
10.2945,22.522873
0.0,2.1141217
0.0,2.1141217
7.9533,1.044394
0.0,2.1141217
11.7182,16.097927
2.88764,8.972624
2.93284,4.2865295
78.8296,109.494774
1.59283,2.5822048
5.89589,65.74547
220.719,81.8663
4.33664,-1.2167556
0.0,1.4581215
0.693186,2.0136156
72.2034,-5.20327
4.07364,33.089237
0.0,2.1141217
7.0301,20.267963
2.85747,-6.298641
0.0,2.1141217
187.956,37.158936
45.9377,35.232307
10.9277,8.105944
60.3985,62.8472
5.30832,2.1141217
1.93542,2.1141217
0.222726,16.58432
0.0820103,1.6636326
1.20721,1.0302765
0.0417242,2.2025445
19.3857,12.836405
5.90719,17.48166
4.20667,9.228945
0.245057,5.9548626
3.41662,9.161806
0.110139,10.0767145
34.8138,2.5827491
46.3926,26.251875
0.0,2.1141217
0.0,2.1141217
1.93666,12.347754
0.0318162,6.8086452
0.0,2.1141217
0.0,1.7478554
0.0,-22.28276
8.46153,-2.338165
0.0,2.1141217
16.2102,50.450146
0.0,2.1141217
0.0,2.1141217
0.446041,2.1141217
9.89553,33.34759
17.9531,49.63284
0.535877,3.3234959
0.0,2.1141217
3.80665,12.81007
0.0,2.1141217
63.3518,46.60856
2.33532,15.120784
6.84802,16.906874
0.0,1.7488718
0.0,2.1141217
1.29001,2.6388075
0.146754,18.98362
17.0383,13.449593
183.037,66.74593
10.5706,0.32788038
0.0,0.5771313
0.0,2.1141217
0.966317,18.920326
1.47888,0.82010317
17.6649,20.713127
74.4531,74.89123
0.0302849,20.460423
0.0,2.1141217
10.2232,25.138847
0.285233,0.9444294
0.0211065,14.741449
0.0,1.3405097
0.0,8.271456
6.43976,10.689906
0.0344196,4.093458
8.21892,28.829206
30.0376,18.037718
0.0,2.1141217
60.1482,69.14228
0.0,2.8334663
31.889,21.893522
30.4823,20.410673
0.0,0.7688017
4.37563,20.782557
0.412941,7.5572233
0.0,2.1141217
237.319,238.49196
0.0683978,61.18591
0.94857,5.215578
0.0733279,2.1141217
10.5992,1.3384106
12.011,2.6910422
7.14585,4.917487
31.889,21.893522
6.32027,6.5035286
26.2865,5.2822237
0.0,2.1141217
12.3842,28.17271
20.1595,23.405788
0.0,10.640912
10.5992,1.3384106
0.0,0.24352527
9.91484,4.7071433
2.0112,22.51567
10.5992,1.3384106
5.28818,-5.666622
4.26666,35.639217
125.046,72.886635
1.95362,18.296602
0.0596386,2.1141217
0.0,2.1141217
30.8101,21.998756
0.0,2.1141217
43.2699,29.497759
0.0,2.1141217
0.0454203,2.1141217
1310.38,635.1254
0.0522548,1.5960112
0.0602178,2.1141217
7.12667,25.317183
14.6375,3.1076014
0.577968,8.184753
751.657,466.97546
0.748854,2.1141217
0.0,2.1141217
10.1609,16.646482
0.552448,2.1141217
16.0441,3.3399003
0.0274204,2.1141217
0.0219525,2.1141217
0.0,2.1141217
0.0,2.1141217
19.4241,12.33274
0.0,7.1052723
5.29286,3.7383084
4.252,7.590458
3.26845,4.839779
0.0,2.1141217
0.0315748,2.8883138
6.39349,17.054342
0.0,25.315784
0.306591,33.84065
19.633,20.23693
13.4342,12.881057
0.0,4.2723
10.5992,1.3384106
32.4123,18.920326
0.0,2.1141217
0.173196,3.621923
1.47888,0.82010317
0.0,-2.634526
13.1361,-1.2776232
0.0,2.1141217
0.0,2.1141217
75.9912,75.10346
0.0,2.1141217
0.196792,1.180531
0.0,2.587566
151.923,98.20641
14.6234,16.17553
17.0222,33.79568
0.0,5.1349173
19.633,20.23693
0.0,2.1141217
16.2904,12.18266
0.571642,5.772444
3.78142,18.060768
0.0105662,2.1141217
0.0,2.1141217
0.155749,1.2479677
2.49685,27.733875
0.0,2.1141217
2.41248,2.1141217
0.0,2.1141217
0.0,2.1141217
0.68252,11.430261
0.0161967,2.1141217
0.0,2.1141217
5.57806,1.6406596
6.32027,6.5035286
13.768,9.314223
4.12438,11.612208
1.65003,2.1141217
4.3174,17.47487
26.8509,29.808008
3.567,11.604247
7.72727,12.537587
23.1502,42.393246
0.0770328,5.1519804
91.0492,15.412017
3.20294,15.5828085
4.70244,11.589749
0.0,2.1141217
7.79231,34.989685
0.0,7.35075
0.314417,16.891506
22.7051,9.450109
0.0153815,2.1141217
0.150153,14.2971945
0.0,2.1141217
0.143577,-0.16170537
0.0,2.1141217
3.91661,17.091187
3.93496,6.390974
0.0,2.1141217
1.22844,18.411255
1672.53,979.53864
0.0,2.1141217
0.900053,20.228436
3.84675,3.2658224
5.22933,11.709648
9.31878,11.312515
0.0,2.1141217
1.81734,25.246609
4.3179,4.9274054
0.0,39.021313
29.0844,25.165718
39.8526,31.532642
0.0,2.1141217
4.07356,4.935999
0.0,0.73577857
0.611819,2.1141217
111.689,35.086723
0.0,-0.9409034
53.3892,10.860226
0.0,2.1141217
19.7884,24.066763
0.571642,5.772444
0.0,2.1141217
0.0,2.1141217
68.4984,2.1141217
0.0755083,14.142978
127.057,40.476032
0.0,2.6174242
0.0,2.1141217
0.0,2.1141217
0.0,2.4885733
0.0,2.1141217
23.569,21.365574
0.0484491,0.078888655
1.28297,-25.893597
20.1361,2.1141217
2.92561,1.6547382
0.138095,10.424472
0.613162,-1.2780235
0.494796,11.167752
71.8092,36.791588
4.56064,26.91962
0.0,1.3539
2.96836,10.860226
0.0,0.9292886
0.995124,-1.9738991
3.42239,3.3999474
6.32027,6.5035286
0.010742,1.7641304
0.0,2.1141217
0.0,2.1141217
0.0,-2.634526
0.0,0.8000059
21.9927,22.145355
11.3911,19.992884
0.0,2.1141217
8.71629,28.450424
5.35409,19.84682
0.0143392,2.0774047
0.0,2.1141217
0.0105764,2.1141217
0.0,2.1141217
60.8617,53.951042
0.0,2.1141217
54.3436,21.21178
0.0,29.483345
0.0,1.6471424
25.7812,23.373404
0.16686,1.9319446
4.92304,8.295052
0.0114788,2.1141217
229.891,221.51668
18.6327,22.600948
0.0471666,2.1141217
0.0503724,1.3923142
0.0,2.1141217
1.08249,-0.98595047
0.0,2.1141217
0.0,2.1141217
1.70629,2.938205
13.1864,17.839577
11.925,13.343078
0.0,-0.2981515
29.1288,21.477297
14.4902,20.709417
0.0245126,2.1141217
0.0,2.2688084
0.641705,1.6213324
4.92304,8.295052
0.0,29.349716
4.27029,-1.933269
0.0,176.89882
0.0,2.1141217
18.7132,4.9870405
8.30396,22.658602
0.0899775,-1.3256924
35.7528,10.69263
0.0,2.1141217
12.5219,3.2615967
177.793,99.45475
0.534861,9.909786
4.01142,18.720442
10.8169,9.909786
0.511384,2.1141217
0.183023,2.1141217
2.97393,8.428376
0.0,2.1141217
0.0126944,2.1141217
20.3512,5.662879
0.0,2.1141217
0.0,2.1141217
26.234,7.4227295
9.18444,14.238876
0.0,2.1141217
0.0,2.1141217
0.530209,-2.4328406
0.26522,-3.370601
6.17961,11.63191
0.0,2.0449169
47.83,41.3549
0.0,2.1141217
0.0,2.1141217
0.0,2.1141217
10.3259,5.8389177
0.0203818,2.1141217
0.109324,-3.4846647
0.0,2.1141217
0.301423,12.880393
13.4795,8.775095
0.0,18.886417
0.04065,2.1141217
0.0,1.3794901
0.181472,3.163276
0.0667185,0.6992481
0.0,2.1141217
0.0361485,2.1141217
21.4867,21.312914
66.5085,34.293713
0.147257,2.1141217
7.39886,15.928702
17.383,22.407894
2.72421,26.103592
0.721388,6.673257
0.0,2.1141217
6.93851,10.295382
18.8186,20.06213
0.164682,2.1141217
0.0127006,2.1141217
4.22201,10.091945
0.0,37.84209
0.0,2.1141217
0.803335,1.8726537
0.0,2.1141217
9.34477,15.091726
0.0,2.4230373
93.0579,13.467874
2.69025,4.494054
18.0396,20.97514
31.2435,7.8086166
0.0,2.1141217
57.9342,25.34225
0.5899,9.898188
17.865,15.522381
0.0324436,2.1141217
14.4598,6.654891
0.145632,2.1141217
0.433586,2.1141217
2.10043,14.393861
0.0,2.1141217
0.0,2.1141217
1.85569,11.140429
95.5694,46.040302
0.0167702,0.103040695
0.0,2.1141217
98.0394,3.5523632
0.955229,30.895113
0.0,18.824154
2.36522,9.898188
7.67191,32.287605
0.0,2.1141217
11.0977,22.897148
10.6273,13.839597
203.641,99.02424
105.929,5.915943
2.19219,1.3199823
0.0,2.1141217
0.0,2.1141217
0.0,2.6174242
0.0,2.1141217
0.0,2.1141217
0.0,-3.4137857
0.0558912,2.1141217
0.0,5.8427896
0.0,2.1141217
0.0,2.1141217
6.74107,10.380468
0.539677,0.08730745
0.0198743,2.1141217
14.8363,3.5955513
16.0374,25.293869
6.39267,4.8497586
0.0136612,8.875759
33.3482,50.99485
0.0,2.1141217
0.0,1.6392021
0.0,2.1141217
0.12318,2.1159506
0.0,2.1141217
0.304523,9.365925
10.775,12.13841
26.1965,15.0522585
0.0734686,16.097927
10.8169,9.909786
24.8424,11.451528
2.0112,22.51567
9.97045,14.575435
0.0,20.228436
7.6085,18.102535
0.0,2.1141217
0.0405724,3.8264892
0.0233739,2.1141217
0.0,2.3550985
14.298,14.262389
4.08251,8.864041
0.62692,2.1141217
0.0,2.1141217
0.0757449,1.7238653
0.530209,1.7873843
1129.6,2.1141217
12.5304,0.87175536
5.78663,3.5001225
0.839133,0.82010317
6.86627,40.482403
0.0,1.3908415
0.0,0.29086542
0.991837,2.1141217
0.0396249,4.2666564
0.173196,3.621923
10.6233,5.309065
0.0,1.467035
72.7336,92.31927
0.0968266,-0.4557004
4.01733,2.1141217
7.67703,13.164319
21.6391,21.501095
16.4448,21.654411
0.0179047,4.7071433
10.5394,81.07133
0.0,2.1141217
10.2526,0.10518193
0.0,2.1141217
8.30447,30.531797
0.0,0.34500754
0.473111,1.255852
0.0,-2.634526
0.0293579,2.1141217
0.324646,2.1141217
0.339197,0.10518193
6.54572,8.944879
0.0324436,2.1141217
7.44731,9.804444
4.66285,12.053571
7.96072,-1.9187844
0.117478,8.645442
3.42239,3.3999474
0.0443369,10.089036
11.3947,16.321802
6.41138,8.950802
20.1574,13.094565
0.229331,2.1141217
0.284535,2.1141217
24.7117,-7.1797295
0.0,22.481903
0.0,1.1606264
11.7977,25.5471
0.0,2.1141217
0.0,2.1141217
10.919,40.886463
0.0182915,-1.3393106
28.1427,12.2930765
0.0607162,2.1141217
0.0,2.1141217
0.463098,11.004595
0.139843,1.1883488
0.0465422,0.8098099
0.0537922,-9.443101
0.275793,0.7665117
93.9524,34.913544
0.0,2.1141217
0.0129072,2.1141217
0.0,2.1141217
0.0,2.1141217
8.203,2.6554432
5.39411,20.67595
86.786,107.9738
2.15796,5.1519804
12.5416,7.245531
0.0,2.1141217
12.6111,18.351051
36.8233,18.9626
4.16915,22.320343
14.2189,4.4441996
0.0773348,2.33629
0.0,2.992619
0.0,-2.4482207
3.15769,0.055983067
0.0,10.640912
76.2633,24.623173
0.0544604,2.1141217
1180.83,611.996
0.0,2.0260804
0.0,9.898188
1.76909,11.331415
10.5063,19.178844
0.0,23.659164
84.2077,48.983906
0.301423,12.880393
0.1208,0.5998874
1.65636,4.3817606
0.107545,0.8987231
86.786,14.311963
0.0,2.1141217
0.0169503,-0.25840807
0.530209,-2.4328406
2.66615,16.507822
7.18879,9.392183
0.414388,2.1141217
0.0,1.1667805
11.2831,12.525912
0.0,2.1141217
14.298,14.262389
0.186204,2.577311
0.0,7.736518
1.00982,1.7575395
1.62329,2.532862
5.69439,25.91192
20.3765,10.640912
0.11826,2.1141217
0.0755944,2.8671756
2.8793,2.930811
4.545,9.898188
0.165477,2.1141217
0.0215975,0.98555636
0.0840411,2.5958238
260.61,137.08946
15.4589,33.452217
38.0233,26.982023
0.816387,14.119567
4.02702,6.4367113
118.592,23.316647
0.0527068,2.1141217
0.301423,12.880393
0.0,2.1141217
0.0,24.99114
2.47586,0.40223908
2.7029,15.41295
15.0041,1.5154239
10.1635,32.01463
0.0,2.1141217
6.73429,-9.250891
0.249089,31.208206
7.13458,16.655676
6.3749,25.199938
0.0,2.1141217
9.47558,20.337944
0.0978433,2.1141217
4.11487,11.489612
1.45705,21.390472
14.8266,15.648969
8.08582,7.445469
4.15016,6.6593018
0.0,2.1141217
82.423,44.120834
0.0,2.1141217
13.2992,11.3947735
32.2663,18.915112
0.0,2.1141217
97.5563,47.14314
22.2086,11.035192
19.7884,24.066763
12.7217,29.052187
0.0713237,2.1141217
11.3911,19.992884
0.38795,2.1141217
13.8431,13.477483
0.0,2.1141217
604.396,299.93356
0.0,1.7488718
0.0,2.0838482
26.6832,8.903003
8.15758,10.270487
22.5174,25.545338
23.7592,15.468816
0.0,2.1141217
7.53906,36.00001
0.0,2.5476768
31.889,21.893522
7.71801,2.4187715
0.144784,2.3550985
0.108294,1.72176
14.6234,6.925785
5.06028,8.583163
4.03114,6.4498043
9.45517,24.905373
71.8092,36.791588
0.0,10.640912
73.4181,92.75944
1.14596,4.848382
8.42446,14.304371
0.0,6.542638
14.6309,15.512566
0.620975,2.1141217
0.147257,2.1141217
41.4786,46.66471
1.13365,2.1141217
1.89258,33.648376
0.156159,2.1141217
48.6022,43.316456
0.0,-0.70289254
0.0,2.1141217
0.0,2.0181746
28.3986,21.106653
0.0900076,2.1141217
3.95256,2.1141217
0.0,2.1141217
0.0285757,0.41467452
0.0,2.8657358
0.0,2.1141217
22.0206,15.729869
0.0,2.1141217
2.29766,34.152134
0.0,2.1141217
0.0,2.1141217
0.0,9.693795
0.0,2.1141217
5.96252,2.1141217
0.685917,-0.666049
24.0913,12.012788
0.0,2.1141217
14.7903,21.189205
0.0,2.1141217
1.13365,2.1141217
3.29977,6.232521
1.16314,-6.890052
3.09189,2.1141217
4.21561,9.114814
2.91784,10.749166
49.0936,28.887573
0.0,2.1141217
17.243,0.82010317
0.339008,16.097927
0.0,2.1141217
9.4149,22.957647
6.49558,2.1141217
19.0535,6.001665
0.0,2.828444
9.71452,0.19327474
0.0,0.31442904
0.797986,-1.8792388
58.9342,24.211939
0.0287167,40.39932
21.3148,8.7426815
0.0,2.1141217
0.0616941,2.1141217
1.01885,2.1141217
0.576761,14.775846
0.0,2.1141217
4.0929,3.1381106
52.0819,5.145871
0.0,2.1141217
69.9618,25.673096
8.20827,20.410673
0.0,2.1141217
39.2797,21.630062
0.0,2.1141217
0.0,1.527014
0.0,2.1141217
9.45517,24.905373
0.0755083,14.142978
13.3341,31.899164
0.0,2.1141217
0.571642,2.1141217
16.5429,7.025364
22.0206,15.729869
8.51378,3.0949957
0.0132973,2.1141217
0.0127198,1.4982033
3.92962,-4.2409534
0.0,0.78606486
11.5783,9.846994
0.919641,2.1141217
138.822,100.0604
8.57879,20.631374
0.530209,-2.4328406
13.8586,4.9755125
22.5227,29.068928
0.184332,2.647594
0.0,2.1141217
13.2992,11.3947735
0.0285757,4.8637643
0.00692932,2.1141217
0.0439948,2.1141217
25.8512,24.047787
18.3487,2.2040646
14.6294,5.283948
0.0515482,3.5585685
0.0,2.1141217
0.0916607,-2.4814622
39.9955,1.9288018
0.0,2.1141217
33.0915,8.7563
0.0,-2.9264505
0.051393,12.939656
2.58352,22.195969
0.0,2.1141217
0.0,2.1141217
14.3202,30.542353
0.603987,2.1141217
47.7532,33.420635
7.90152,30.018024
0.0359983,2.1141217
0.0927349,2.1141217
3.71899,-9.468662
0.0652797,2.1141217
16.3134,2.1141217
0.0610322,2.1141217
37.6281,18.6965
0.0,2.1141217
19.0592,13.701619
0.0,18.824154
81.5728,23.71553
0.743623,13.261205
9.40349,26.052723
0.0,2.1141217
0.0,2.1141217
6.58066,13.966818
0.0,-1.9556873
0.148812,1.4200249
0.16748,6.8086452
20.3765,10.640912
3.70929,23.891754
315.706,123.99794
2.51154,2.1141217
13.4906,16.97263
0.0945989,0.011194706
2.83478,8.223753
0.0,2.1141217
3.32048,-7.071663
0.0,2.1141217
0.503129,3.9806893
49.2648,20.870726
9.8532,12.807808
6.95536,21.482521
12.3831,1.5994284
0.0285195,2.1141217
11.7411,12.287051
0.0,2.1141217
3.96694,31.764145
2.02248,7.8813066
1.24121,0.7603247
9.42356,7.493946
1.40665,21.397713
0.0285757,4.8637643
0.0776316,1.7238653
0.0134494,-2.4482207
22.0206,8.511662
127.163,58.720875
6.94991,14.6625595
8.40584,31.31324
0.0256454,2.1141217
1.17735,7.868469
7.93361,18.89825
0.722886,2.5846238
22.4628,2.1141217
0.0474848,2.1141217
0.0,0.29086542
18.2872,2.6174242
0.216623,2.8882394
21.8505,10.285014
69.8534,11.051726
12.011,2.6910422
41.5218,18.014599
0.0,2.1141217
22.0206,15.729869
0.0,2.1141217
5.50462,17.41804
526.804,344.12268
0.0,1.5122564
18.7897,14.0975065
1.66765,21.590876
19.736,25.567032
25.0915,6.8097553
0.0,2.1141217
0.0,1.4819174
0.0,2.1141217
49.3187,15.216051
1.02305,11.283882
0.0,0.6558373
0.0,2.1141217
29.961,37.442562
0.110034,21.230015
0.0,6.83778
13.7664,21.106932
0.062008,2.1141217
0.609691,7.553067
0.0,4.3489676
146.296,129.09953
0.0606207,1.5489454
7.69239,11.152529
19.3974,21.52784
2.19578,5.6736784
8.74577,17.222078
0.0,2.1141217
2.83266,2.1141217
0.91163,26.453505
0.803882,0.078888655
0.0,2.2708728
0.0896572,-2.206093
13.5086,24.872986
2.73993,1.2791839
24.0097,19.33196
3.60053,3.4021785
9.54313,3.5633643
6.26589,26.413254
228.807,232.03015
4.08251,8.864041
0.0,2.662797
12.0587,34.75192
0.685256,18.719166
18.7845,2.8833954
0.0,2.1141217
0.150153,14.2971945
1.54324,31.81858
13.2567,51.596302
0.00806127,2.6650717
0.0,2.1141217
17.243,0.82010317
15.1905,6.863328
0.0,2.1141217
23.9789,2.5877697
0.0626873,5.6736784
0.0,37.6524
0.300234,19.055916
1.44816,2.1141217
0.0,1.4387722
4.3848,0.94531107
3.5985,11.947242
1.14778,2.5995474
53.1266,5.1869974
13.3781,9.791596
0.0,2.1141217
0.97247,5.533186
6.60336,27.349953
26.3643,3.621923
0.504247,6.8248844
4.55497,2.943418
0.04065,2.1141217
0.0362714,2.6312058
0.829205,-2.3172493
0.0734416,3.4751265
0.0,2.1141217
32.0779,23.447826
0.0,2.1141217
15.2282,20.561453
0.0,0.29744983
226.44,123.623695
0.0,2.1141217
0.0,2.1141217
4.66919,19.457664
1.90851,17.895067
0.02025,2.1141217
0.0,2.1141217
0.443035,9.349525
0.0514166,2.1141217
0.0,18.850994
0.0,2.1141217
22.7661,23.144455
5.85859,-3.2331617
49.7618,9.017895
0.741945,2.7713957
0.492848,19.346153
7.14585,4.917487
4.76564,1.3162344
0.0,2.1141217
41.5651,30.638252
0.0126881,1.7703428
0.0452995,2.1141217
135.348,99.21163
15.8102,2.1540756
0.0,2.1141217
0.0,2.1141217
0.187759,2.1141217
0.0,-3.280266
0.0,2.1141217
0.0,2.1141217
0.0349215,30.793034
0.0262871,2.1141217
0.132861,11.188569
0.0933876,-1.4019248
5.30943,11.46157
0.0539679,-0.49467564
0.00641776,2.1141217
0.047583,61.18591
10.3114,13.987545
0.0,2.1141217
5.78663,3.5001225
0.0,7.1052723
0.192025,2.4856527
0.0,2.1141217
0.0713237,2.1141217
0.0,2.1141217
0.0,3.2658224
2.64489,20.469166
10.6178,16.72379
21.3463,18.96202
0.0,2.1141217
12.3079,13.806123
4.92439,5.569358
11.5285,10.139628
0.0,2.1141217
0.0,2.1141217
1.14344,5.731306
28.0426,4.0118036
69.5907,40.2418
4.88149,6.6703033
0.0,2.1141217
3.60174,2.1141217
0.0494545,2.1141217
76.9566,69.28895
0.0372422,3.2862854
0.0,2.3665888
0.0,2.1141217
0.512059,-5.20327
0.0,2.1141217
10.1657,5.81005
0.110194,2.1141217
246.5,60.057198
0.0,2.1141217
18.9926,4.0508814
0.0186084,2.1141217
0.0995036,2.1141217
4.4869,4.900806
122.368,56.38516
0.0,0.9433658
0.0,2.1141217
0.127812,1.885808
1.61219,-2.7970178
0.125561,2.1141217
803.796,591.1702
19.0693,70.813194
20.3765,10.640912
16.01,21.653328
0.829006,2.1141217
22.5174,19.89521
0.0339982,9.898188
0.0,-1.1603291
15.332,23.328384
25.6265,19.21511
2.56918,43.514175
16.8505,31.441113
12.4882,2.5637379
7.24983,35.124447
784.004,424.29138
0.609691,10.495885
0.0,2.1141217
0.0,0.73577857
0.530209,-2.4328406
10.4322,38.53622
0.0,2.1141217
37.0203,3.767307
11.8289,42.448124
11.5871,30.761658
4.69327,5.844041
24.9477,56.385838
1.50108,3.0673761
20.5008,-9.645839
8.87697,12.736652
0.0,2.1141217
0.157924,2.1141217
0.0,2.1141217
0.0,2.1141217
15.475,17.960814
0.0161592,-4.2201653
0.0281296,2.0516143
0.655056,2.9731753
0.0133143,2.1141217
0.963283,21.885277
4.55354,32.774773
0.0503724,-0.69649386
0.618823,2.1141217
0.0,3.694677
228.807,232.03015
0.0,2.1141217
0.0,2.1141217
1.61215,6.8086452
0.0,2.1141217
0.128219,29.639969
19.325,33.994793
12.3122,14.779863
0.0,2.1141217
0.0219448,2.1141217
1.15144,2.1141217
24.7117,23.827044
2.60487,17.476128
0.014475,12.837022
4.50339,13.671357
11.7182,16.097927
100.839,22.361938
12.3409,18.74993
0.0362016,2.1141217
0.0685767,2.1141217
162.718,22.320343
18.2872,2.6174242
3.31398,2.1141217
0.143909,2.1141217
121.443,2.139377
0.0,2.1141217
22.0206,15.729869
0.221629,1.6365983
13.1307,16.485008
6.49558,1.6722376
7.87027,2.1141217
22.0206,15.729869
0.46427,10.908929
16.0206,5.4084883
1.20083,4.4467125
397.601,27.733875
0.0,2.1141217
0.0688083,-1.4275653
3.45172,0.9115877
0.103364,-179.6038
8.51378,3.0949957
0.0434497,2.1141217
0.0,2.1141217
5.02155,9.353794
19.0535,6.001665
22.4149,5.7925005
0.0635397,-0.90776896
0.138926,6.2485113
0.205377,5.4409432
0.0,1.1069355
0.0105662,-0.7069156
0.0,2.1141217
0.386214,16.06007
0.0,2.1141217
2.48554,13.627924
0.242017,1.3570955
16.6253,7.0814447
13.2992,11.3947735
11.7411,12.287051
0.0347934,2.1141217
0.0,2.1141217
11.6495,-0.072625875
1.5047,9.436274
3.84675,3.2658224
0.0,2.1141217
0.0,1.7880836
4.75134,7.7846727
0.258797,42.165443
8.24252,15.425185
3.17672,13.943135
0.0323968,2.1141217
26.9829,15.772093
9.45517,24.905373
3.81813,8.837474
0.0,0.5771313
6.71487,-4.015747
31.1072,32.614716
0.0,1.8142893
22.0206,15.729869
0.0,2.1141217
0.0,2.1141217
14.6496,2.1141217
5.31531,-1.5159972
15.036,7.1287756
0.0501312,0.27279973
3.12141,11.350246
0.0,-0.61456656
0.223302,3.6475482
0.0175519,2.1141217
10.919,12.090957
3.50575,22.523302
8.40817,36.72555
55.2517,39.6748
0.16748,6.8086452
9.47653,3.8391938
22.2012,17.732471
0.012716,2.1141217
115.153,138.34578
5.74481,14.331632
0.0,2.1141217
28.7411,7.857871
0.0,-0.8913498
0.0,9.392183
19.5991,37.51185
0.0,2.2415144
0.0,1.4356036
36.2545,31.056225
0.0,2.1141217
0.0758396,2.1141217
17.4721,17.120275
0.0,30.775469
31.6466,35.105732
0.393714,38.79511
26.0635,6.432233
0.0,2.1141217
105.491,33.311104
0.462398,42.94617
0.0,2.1141217
9.52719,10.541505
2.56798,11.1590185
2.12334,10.128112
0.0629288,2.1141217
145.306,32.06727
3.41662,9.161806
1.4983,4.0487194
0.105792,2.1141217
0.578598,3.2864776
1.58275,15.153686
1.09037,27.998077
16.4448,21.654411
16.5368,2.6213138
7.71846,2.1141217
9.50832,4.2954473
21.9927,22.145355
5.06259,2.819084
3.90475,14.3567095
0.24016,-0.26875937
0.0,2.1141217
14.9497,2.1141217
0.0,5.54774
0.471518,-2.2708473
8.01408,3.0666413
0.42481,11.176911
0.178675,25.54396
0.0,2.1141217
1.32143,-1.3001394
0.339008,16.097927
0.0,2.1141217
146.584,92.643326
0.0554498,2.1141217
0.540857,16.866945
59.4508,30.579424
5.75813,6.2862597
0.0484491,0.078888655
8.05408,25.704666
18.2872,2.6174242
0.00808029,3.5235908
8.35015,12.700729
0.111391,10.684604
0.0235549,2.1141217
26.1965,23.195505
0.345062,12.43255
0.0,2.1141217
9.13831,23.220432
0.32105,21.98602
3.91661,17.091187
12.3578,16.102467
3.13777,1.3614898
0.0271285,1.5094061
1.34405,30.793034
4.252,7.590458
92.574,46.200073
0.0,2.1141217
0.0,2.1141217
16.1453,14.369495
0.0,2.1141217
28.6632,2.1141217
0.353103,0.25070238
0.0,0.59498954
0.0183687,-0.25658143
0.0,1.4808524
0.108294,1.72176
7.05387,11.891062
21.4862,17.224457
0.0,2.1141217
0.0,2.1141217
21.5036,16.392014
0.0121537,0.053010702
12.6729,16.24177
3.73044,2.1141217
0.0,2.1141217
5.98211,37.763336
42.6595,23.962276
85.2341,37.506275
0.0,2.1141217
12.3122,12.197191
0.0,2.1141217
0.0485279,2.1141217
0.0,2.1141217
0.748226,9.400915
0.0,2.1141217
7.07213,0.03042388
8.74577,17.222078
8.36754,-0.66702247
1.24542,2.316946
119.708,45.09306
1125.9,185.91435
0.0,1.0940177
0.75264,8.164414
0.0,2.1141217
0.0,26.733458
0.0,2.1141217
0.0553014,0.09118867
0.0,2.1141217
0.00472057,2.1141217
23.6318,7.772046
0.0,2.1141217
6.0841,2.958129
19.8766,33.074703
0.0,2.1141217
6.86627,40.482403
0.0,1.7636132
0.0,2.1141217
0.0,19.514023
5.73124,25.2671
5.52068,-3.9367893
5.78663,3.5001225
3.2192,185.91435
0.165477,2.1141217
12.7752,23.300926
10.1609,16.646482
39.6299,8.54145
38.704,7.384486
17.237,13.011281
14.9211,22.33488
0.120152,18.993622
24.3914,70.36663
38.7644,14.196477
1.63142,5.132366
0.530209,-2.4328406
11.1051,11.519759
0.0,-1.4208922
0.220675,0.60950303
0.0,1.0983262
16.2677,21.998775
0.0,2.1141217
3.42239,3.3999474
3.74538,20.608093
8.13901,235.13461
14.6375,7.4730806
0.0,2.1141217
9.26149,16.27571
0.535877,1.6731446
0.0219455,2.1141217
3.54183,16.205585
12.3578,16.102467
42.2534,32.606434
0.885176,21.284657
0.467997,-0.2097187
0.0598996,3.6932793
3.45172,0.9115877
3.04662,3.4952343
12.4414,15.515805
1571.01,957.0675
60.8617,53.951042
44.6306,8.212755
0.0149761,1.8798091
0.0,6.1841726
1.66884,5.6076317
12.3155,32.19772
0.0505199,2.1141217
2.69744,1.5501807
0.0,2.1141217
0.0549919,2.1141217
7.93361,18.89825
28.1376,12.335235
0.0,0.5771313
0.0244278,0.59533095
38.0254,34.871502
9.31878,11.312515
10.4987,0.73700213
26.3643,3.621923
32.4999,21.066158
0.835289,8.035438
6.58449,2.1141217
6.90356,22.742485
24.5835,14.672391
5.75649,3.8281772
0.0,3.3820415
0.0757449,2.1141217
4.42534,9.858688
5.59568,23.6217
0.018341,2.1141217
22.2207,18.262247
0.0,2.1141217
15.2827,26.409372
0.0,2.1141217
12.7752,23.300926
59.6358,39.046402
0.0152311,2.5889707
13.534,13.684079
0.0,2.1141217
0.0,2.1141217
30.6925,26.891708
3.76207,2.1141217
32.6081,13.530164
25.4868,21.957617
0.0,2.1141217
0.918487,13.910262
32.9212,20.663242
0.0,2.1141217
31.2788,1.8832254
0.0,2.1141217
5.39411,-1.9450574
0.0,-2.634526
52.1765,39.17518
49.2648,24.123367
27.9572,45.919083
74.3385,58.945747
0.0617871,-1.7897265
2.83586,9.048852
0.0199938,2.1141217
8.4425,13.405335
0.0541491,2.1141217
0.0,2.1141217
89.6832,48.062916
0.0,10.610669
5.23652,9.951734
9.47653,3.8391938
11.9358,11.174649
6.2425,12.911397
18.7897,14.0975065
0.0,1.7755003
0.0,2.1141217
8.72667,15.263544
0.0,0.5356524
0.115194,4.779152
21.4343,26.125593
0.0,2.1141217
0.0,2.1141217
75.4154,19.801426
0.0271285,1.5094061
0.00905393,2.1141217
12.8011,23.03108
0.095025,0.7277944
0.0,1.4439611
33.357,15.230395
5.3585,28.369677
19.7884,24.066763
0.0,2.1141217
0.600088,15.914542
12.186,4.499382
0.153703,2.1141217
0.0568757,0.14685023
11.3911,19.992884
0.0201684,2.1141217
9.21721,4.7539625
15.1906,30.559162
0.300234,19.055916
0.0683978,61.18591
1.26676,2.1141217
0.0289939,2.1141217
11.7739,4.382701
0.0,1.6281524
12.9993,15.3572855
14.2189,4.4441996
62.0056,34.514748
4.06206,10.610669
0.863657,15.593267
0.380248,1.7707787
7.92071,8.466211
21.4206,31.22477
5.06259,2.819084
0.0,0.915061
0.277373,1.0395103
0.0,2.1141217
32.5668,2.1141217
0.235525,4.0943966
0.0933876,1.0973876
0.0,2.64883
139.021,28.785095
36.5509,17.172604
0.0,2.1141217
9.63117,21.183983
1.7566,1.6091523
4.3151,6.670347
0.0,2.1141217
0.0466087,2.3378508
0.0,-0.43898678
0.604184,3.656964
23.8903,32.955193
0.0,2.1141217
0.0,2.1820128
0.186859,2.9913058
0.0,-2.0053287
45.2152,8.1445465
16.6398,13.37946
11.7892,10.694226
2.73993,1.2791839
0.0,2.1141217
0.0,2.1141217
13.2632,14.864829
30.5976,39.23473
0.5899,9.898188
6.66568,5.5867844
0.0,11.473732
18.9817,1.5014608
0.0,2.1141217
5.00489,-2.0285187
0.0,24.09755
36.7183,38.503757
7.0598,185.91435
7.7561,22.586449
0.0158908,2.1141217
228.807,232.03015
8.64048,17.268692
0.0,25.96365
0.0,2.1141217
58.9342,24.211939
0.144043,3.3280761
0.099321,18.863464
10.4821,5.967244
1.26737,20.510948
24.8885,11.713963
0.656222,-2.120679
4.00067,26.417938
30.594,12.642684
0.0,6.6064825
0.0,2.1141217
23.1255,8.196114
0.0,2.1141217
0.0,2.2299297
0.0,2.1141217
9.8197,8.897542
0.0,2.1141217
26.3396,715.2729
5.47925,2.1141217
0.143577,2.1141217
31.889,21.893522
0.0137091,2.5505657
20.3935,20.492825
2.59898,9.723608
10.2515,2.013378
0.0,2.1141217
10.7396,10.767645
9.43502,2.1141217
0.192066,2.1141217
0.0479309,2.1141217
0.0415987,3.3420968
0.0,0.29086542
0.0,2.1141217
0.23056,31.446735
6.03438,5.6178026
0.0,2.1141217
0.0,1.3778787
2.73993,1.2791839
18.2872,2.6174242
0.0461823,2.1141217
5.52068,-3.9367893
0.0397651,2.1141217
0.0,3.2865114
0.0733134,12.1403055
0.0,3.2658224
0.0126937,2.1141217
12.6563,19.334057
1.93037,3.8854482
0.214342,2.1141217
18.2979,1.1980598
9.56032,10.319459
15.91,8.497644
0.0349014,0.26873398
0.0584078,4.0336275
0.0,2.1141217
41.4786,46.66471
8.57879,20.631374
35.9072,28.922516
0.156531,2.1141217
80.0908,47.488605
89.741,42.025944
29.7447,15.7205
6.71538,20.460121
11.5176,6.0578165
78.8657,74.31631
0.0538038,6.05783
5.52068,-3.9367893
0.0,1.9189589
8.6826,25.269358
3.1273,9.765088
0.123353,2.1141217
31.6466,35.105732
0.0285757,4.8637643
2.47586,0.40223908
14.7039,17.918964
0.0,0.9093549
0.0,2.1141217
0.0515496,2.1141217
38.012,20.746702
0.224348,5.0522833
19.8674,11.453752
0.0,2.1141217
29.4994,24.903893
0.0,2.1141217
13.3899,-3.0098474
1.55944,15.140662
0.0,2.1141217
0.205377,2.1141217
27.6481,9.562016
0.0,2.1141217
0.0,2.568968
0.614049,10.034148
0.0,2.4113896
0.550381,2.9586818
0.0303929,0.48987412
0.0,1.467035
10.2463,48.377068
0.0,2.1141217
0.0309695,9.168653
8.78468,24.53521
0.0401426,2.4423811
0.0262574,2.4942183
0.0,2.1141217
0.0,3.2658224
0.0180422,0.5218811
0.0,2.1141217
12.3578,16.102467
0.0,2.1141217
0.0,1.8943183
0.622454,2.1141217
0.0,2.1141217
0.0,2.1141217
0.0,2.1141217
7.09776,12.122705
0.0,2.1141217
13.8431,20.327045
0.154562,7.8789234
38.7908,20.505093
0.0,10.610669
0.0,2.1141217
93.6125,62.979836
10.3826,32.688267
10.8169,9.909786
0.0,1.5870538
146.296,129.09953
4.01733,2.1141217
0.0,2.3903494
19.3196,10.028743
0.0415295,2.1141217
0.0219642,1.6731446
30.6925,26.891708
0.0546348,1.0383179
0.0,2.1141217
38.704,7.384486
0.0,2.1141217
8.34417,24.068071
0.0,13.590098
20.7632,2.1141217
54.8596,58.96626
13.2992,11.3947735
6.32027,6.5035286
0.0807021,6.6908197
11.2224,19.435055
23.0231,27.990602
0.0971393,2.1141217
0.0753823,8.823915
0.0543031,8.471964
2.76975,22.593872
21.9108,36.581593
0.0,2.1141217
0.0,2.335539
86.3551,75.20783
6.08398,28.95123
0.0105662,-0.69649386
134.69,82.53335
8.60295,13.466214
49.2308,13.8821335
4.21751,4.613679
36.5388,56.30267
19.4241,12.33274
0.0,2.1141217
26.1892,16.187202
0.0442276,2.1141217
7.44957,1.5003829
0.0,4.663022
47.5839,72.25213
0.0244278,0.59533095
80.465,21.944666
2.59898,1.9284613
0.0764985,2.1141217
0.0,2.1141217
181.385,61.18591
12.6854,22.800161
7.48506,46.4462
0.890727,-0.15661359
0.0,13.343078
6.3446,4.093458
0.486588,13.127429
30.4823,20.410673
16.4232,19.732885
7.13458,16.655676
0.0,2.1141217
1.13347,0.36704612
0.0,2.1141217
0.0,3.690747
0.0170887,1.9800608
50.9345,21.113712
0.0,2.1141217
0.0,5.234668
0.0170318,2.1141217
71.0243,83.96317
0.0,1.5777144
0.0,2.1141217
0.0,2.1141217
0.0,1.527014
24.6299,34.21069
0.0281125,5.737813
73.3896,12.369348
0.0,4.3489676
0.533856,2.1141217
0.130615,2.1331263
32.6742,30.668325
0.0,2.1141217
0.0,17.919632
69.457,4.776923
10.5708,3.323843
0.0,1.1693177
0.0,2.1141217
0.0218479,2.1141217
0.0,2.1141217
89.2021,31.903868
29.2788,8.60874
0.0,2.1141217
0.0689686,2.1141217
0.0,1.5309823
3.32396,2.454959
38.7644,14.196477
3.92962,-4.2409534
0.0,7.477748
0.131901,2.1141217
0.0441985,2.1141217
8.39085,22.072178
67.7779,41.846657
7.28997,12.212889
17.5688,2.1141217
2.17889,2.5849905
9.66222,979.53864
23.1255,8.196114
72.1933,42.85196
7.72727,12.537587
0.0,2.1141217
56.6049,34.960186
1.4546,4.0384607
3.90281,0.98555636
4.87503,7.6229057
0.0,2.1141217
0.0,2.1141217
9.4149,22.957647
0.0,10.640912
158.563,151.23729
31.8586,26.53698
9.12761,25.75571
0.0276267,5.090398
13.2992,11.3947735
0.0,2.1141217
0.0,3.9718459
2.62049,12.880393
0.0,2.1141217
9.4149,22.957647
0.0274204,2.1141217
1672.53,979.53864
23.2996,43.404724
15.4538,3.7908325
7.45762,6.8792515
84.2077,48.983906
1.3366,0.030369043
0.0,2.1141217
13.4059,8.2765875
0.0,2.1141217
25.1973,13.202497
0.0,2.1141217
4.16915,22.320343
0.0,2.1141217
0.133934,13.879927
0.0,4.895401
0.0,2.1141217
28.1376,12.335235
8.39144,-6.545865
22.9447,19.21511
0.0,2.1141217
15.6106,12.067921
19.4241,12.33274
0.0,2.1141217
0.0,2.1141217
22.5879,2.1141217
0.0,2.1141217
31.889,21.893522
0.0,2.1141217
0.0349215,30.793034
9.71452,0.19327474
19.3196,10.028743
0.0,2.1141217
0.0106149,1.8838608
17.4265,37.353233
74.0911,7.198861
0.232573,7.8813066
61.4332,62.344242
0.571642,5.772444
0.0552115,23.434006
0.0,2.1141217
0.0,2.1141217
4.06813,15.620978
3.80485,11.790348
8005.12,-53.61278
0.285904,8.251821
5.7861,13.251761
0.0,2.1141217
20.073,33.111137
0.0656044,2.1141217
8.71629,28.450424
17.5005,2.1141217
1.59969,0.9352126
0.0265841,2.1141217
7.08421,4.8179226
110.162,24.530575
0.0,2.1141217
0.019555,1.6960747
12.9993,15.3572855
0.0422601,0.73986864
1.63321,17.294075
12.3957,27.726288
0.0,2.1141217
4.37095,-2.2910569
41.4786,46.66471
41.4786,46.66471
0.0757449,1.7238653
3.97178,16.454317
0.0115032,-1.3135884
0.0,2.1141217
0.0,2.1141217
0.0,2.1141217
6.69756,14.532139
2.83586,9.048852
4.74464,12.30243
14.0008,0.015552044
29.3097,6.5625963
0.0,2.1141217
19.9248,19.204723
0.0219448,2.1141217
0.0261254,1.223414
0.0,2.1141217
0.222726,16.58432
13.2567,6.846981
0.0,2.1141217
7.72727,12.537587
3.80485,11.790348
26.1972,12.954878
0.0,2.1141217
0.0,33.348335
0.0460123,1.764157
0.0,7.477748
1.07475,2.1141217
0.0,2.1141217
0.0,2.1141217
0.178451,2.1141217
0.0,26.103592
2.47586,0.40223908
0.0206646,2.9058945
0.458218,-0.29235578
0.05843,2.1141217
0.0,2.1141217
0.0,2.1141217
115.716,22.51567
0.144784,2.3550985
0.329325,10.851462
0.0,2.1141217
115.068,55.707943
1.12501,5.6736784
11.5176,2.1141217
0.0,0.29744983
0.0,2.1141217
54.0569,34.10472
0.0263781,2.1141217
44.7525,46.593597
0.465225,20.739819
0.0317711,2.1141217
44.6865,33.375725
13.3267,19.300432
0.0230888,2.1141217
0.391616,9.528311
0.0744665,2.1141217
11.0079,1.2668886
751.657,466.97546
9.76383,16.247486
4.33894,0.030369043
0.0372422,2.1141217
0.0,2.1141217
0.0,7.265312
0.0,2.1141217
84.2077,48.983906
0.0,0.74008346
0.0,2.1141217
8.61474,22.044437
76.5195,23.2036
15.1906,30.559162
12.7177,38.01109
27.766,2.5807288
2.08647,12.347754
0.565411,1.6390679
0.0,1.5122564
0.0,2.1141217
23.5057,21.816422
10.4322,38.53622
0.0,2.1141217
3.95256,19.777546
19.9879,32.55222
42.3658,57.468773
0.0244278,2.1141217
0.0,2.2379806
0.0,2.1141217
0.0,2.1141217
0.0,7.0475864
0.926287,7.194359
0.0790217,2.1141217
0.0633624,0.95825505
0.0463158,19.872961
0.0,2.1141217
21.9108,36.581593
21.9927,22.145355
9.21049,21.908848
0.0,2.1141217
0.0722183,2.1141217
0.0,2.1141217
10.8847,5.347686
0.0875176,2.1141217
0.0,2.1141217
0.0,1.6806939
11.7892,2.1141217
7.03849,22.179356
0.0,2.1141217
13.3267,0.37570167
0.0915076,2.1141217
0.0,2.1141217
19.787,23.414236
0.403338,-0.26253104
5.53292,3.9298768
0.0,2.1141217
0.0239684,2.1141217
1.41237,2.1141217
11.754,91.87504
0.0,2.1141217
34.3247,14.377724
13.4395,10.375258
0.0,2.1141217
0.632674,2.9586818
400.363,121.82208
0.969841,-4.40853
0.111489,8.09167
10.6701,14.366651
17.2133,9.399067
0.139393,-2.0085332
0.373263,11.693262
0.0462628,2.1141217
74.3385,65.904915
3.45379,3.9662125
19.2125,11.167752
0.0163261,1.5202796
8.12195,2.258166
56.1216,36.766586
0.0,10.0767145
0.0,2.2296555
12.2934,21.067387
6.41431,12.355937
151.923,98.20641
0.0626684,1.6506631
41.4786,46.66471
0.0276603,2.1141217
11.9358,11.174649
0.336721,23.189003
0.0484491,48.66799
0.0159109,16.970734
16.8505,31.441113
7.16027,3.918527
120.835,135.09126
0.0562228,2.1141217
0.0,2.1141217
21.4867,21.312914
0.373128,-13.748555
0.0,10.915148
0.0,0.29744983
169.242,75.54958
0.0,2.1141217
0.15761,3.0056677
9.91484,4.7071433
0.0,2.1141217
11.0134,1.563101
0.0,2.1141217
0.0,2.1141217
27.6481,35.789776
49.3187,27.995983
28.3986,21.106653
7.80874,19.714382
0.0,2.1141217
1.7973,0.380116
46.0233,42.941402
0.150147,61.18591
7.67293,10.660026
0.697837,2.1141217
0.0,-0.58544993
0.0252579,0.733963
0.460481,2.1141217
0.0,2.1141217
1.89412,8.068688
0.0,10.640912
2.44019,-4.778208
0.0,2.1141217
0.0,2.1141217
41.3248,13.050959
3.93784,0.43930554
3.02366,-4.60505
21.1112,9.694079
9.66222,979.53864
1.89412,8.068688
12.7565,3.1476789
0.0722183,2.1141217
0.0,2.1141217
7.00152,-8.205176
0.0,2.1141217
13.9629,5.674466
197.497,42.868366
44.3257,0.9366596
0.019213,2.1141217
38.0233,26.982023
26.3282,16.845749
27.4574,17.240921
46.8588,22.226856
4.0058,13.251504
7.36394,17.494926
7.03849,22.179356
3.31658,7.8789234
0.0,2.1141217
0.0,-0.58544993
65.7132,22.099901
40.973,15.84295
41.5975,14.7673235
6.74064,8.298885
0.432429,2.1141217
9.59899,20.638868
0.0,8.09167
13.6032,20.480837
4.06891,20.715656
0.0438842,0.9366596
0.128857,4.7515926
11.9358,11.174649
0.0130336,0.99495673
5.33753,3.6525607
466.796,300.66562
0.0,2.1141217
0.0,-2.338165
1.28215,2.532862
22.1832,20.009834
0.0284988,0.7349374
0.42647,5.3971796
20.3765,12.939656
5.20518,-5.982645
0.0,2.1141217
0.0289529,2.1141217
8.31828,49.36285
0.158854,6.2670145
4.72532,10.197926
0.0,2.1141217
0.603987,2.1141217
0.354003,2.1141217
0.0319017,1.6760542
0.0401582,2.1141217
1.04575,4.9394712
0.756547,4.151981
13.3779,6.868679
16.3869,17.478636
0.0,2.1141217
1.26098,1.0983262
0.0,2.1141217
0.0,2.1141217
24.7744,18.897806
0.0,2.1141217
2.738,3.1242473
4.80848,12.391461
0.0357071,-1.3076849
32.2113,17.311655
0.141645,-0.5591302
1.30415,2.1141217
0.0471679,2.1141217
14.4902,20.709417
7.11122,33.62874
12.2255,14.537656
30.0409,10.1876955
0.95158,0.027748346
115.406,39.465214
93.6125,62.979836
6.83995,21.477879
0.0,2.1141217
19.0592,13.701619
0.0728837,2.1141217
10.0626,19.589756
0.0505199,2.1141217
21.7269,12.186673
0.0,2.1141217
0.0,2.1141217
8.24252,15.425185
15.475,23.032515
0.294002,2.1141217
4.16915,22.320343
803.796,591.1702
0.0,2.1141217
0.0,2.1141217
0.0,5.6226053
0.0,2.1141217
2.55277,19.81503
0.0126654,9.747314
5.1564,7.477748
22.5824,32.61362
0.0,0.58190227
0.918717,0.18539286
0.0713237,2.1141217
47.3053,53.59527
1.25708,1.6430504
0.0074001,2.1141217
0.0,0.38273466
9.08801,38.344707
0.0,2.1141217
0.0522548,1.5960112
1.84481,19.447475
0.0805545,-1.364193
7.37709,21.919443
0.0,2.1141217
0.0,2.1141217
3.62445,-7.589018
46.7275,3.6867049
0.0,1.6565335
7.84897,11.365551
88.2999,59.876373
13.0144,12.043419
23.9091,22.595102
17.0723,15.492502
8.46153,-2.338165
2.33532,15.120784
206.269,55.02634
13.1278,-2.9826324
10.4559,6.2356796
0.0,14.096973
16.2207,88.99688
14.3224,3.8547902
0.0,2.1141217
12.9819,22.08456
0.0593326,45.81317
5.31933,18.658743
0.0816582,0.66490173
15.7858,7.22381
10.8125,5.3909035
31.889,21.893522
0.431369,11.347529
12.4505,47.855923
73.6452,30.775469
8.44341,-2.7970178
0.0,2.1141217
16.0374,25.293869
0.432042,34.47391
3.33722,3.2229545
8.12195,2.258166
0.289861,-1.921602
1.41438,17.197456
1.83906,25.231962
0.0,1.4200249
23.2438,7.764764
115.588,9.044126
6.49117,16.689898
65.6107,-0.2307229
0.0,0.29086542
0.0,0.82010317
0.0,2.1141217
0.0878853,2.1141217
0.0,2.1141217
0.0734686,16.097927
31.889,21.893522
0.0,0.54197025
22.0206,15.729869
60.9055,14.983272
0.0,2.1141217
60.2353,5.604722
4.83247,18.048378
0.0,0.73577857
0.0,1.791409
2.76486,11.363651
0.0291227,2.1141217
0.0388675,2.1141217
6.28842,6.6593018
26.6208,-0.12354994
72.9475,41.903538
16.4599,0.24263847
0.0327247,26.638401
0.0,2.1141217
0.0314092,2.1141217
11.2349,29.607979
4.85934,-7.0194845
1.34825,5.307881
0.430817,1.4087701
18.2676,1.034899
0.110139,10.0767145
27.2787,24.927685
0.0,2.1141217
7.93361,18.89825
0.795791,2.1141217
0.0317711,2.189496
11.7411,12.287051
0.0,23.744047
0.237729,2.6030626
0.0269707,2.6622517
0.0,1.0983262
1.61215,6.8086452
0.0,1.237073
20.3765,12.939656
6.75583,21.844019
0.0,2.1141217
0.0,2.1141217
10.3601,15.04849
86.3551,85.7454
1.32143,-1.3001394
23.569,21.365574
4.28886,1.4639022
0.246802,2.1141217
25.6865,3.1584702
6.02159,1.0135872
24.4617,9.339417
4.84952,2.1141217
0.156531,2.1141217
0.0,2.1141217
0.0257441,2.1141217
0.0,2.1141217
0.0501345,2.1141217
0.55095,1.0165434
0.098391,6.76301
2.42901,1.461534
3.62445,-7.589018
0.0,2.1141217
19.4241,12.33274
0.726586,-9.232228
59.7792,19.858963
0.0,10.0243025
4.29189,12.931564
1.20083,4.4467125
14.2404,1.0983262
3.51759,31.739681
0.337974,5.915943
0.0,2.1141217
0.0,1.3405097
0.620975,2.1141217
0.0,7.696827
6.10661,21.321823
0.0803971,2.1141217
0.075898,4.4345512
0.0628861,-9.232228
64.3365,19.57548
39.9616,19.096832
0.177107,2.1137927
0.974143,23.952246
0.0580302,0.640548
0.0,2.1141217
0.0,0.891906
0.620975,2.1141217
8.68572,7.7724276
27.6206,0.59385896
8.30447,30.531797
0.0375974,-0.7286744
0.0,2.1141217
28.4969,1.1505234
16.4925,17.136702
0.310805,8.983391
1.16098,4.839779
11.3911,19.992884
0.111893,3.2374208
0.0,-2.634526
0.0190806,1.3515141
0.0522609,1.4718959
23.4401,21.08215
11.7618,5.2003517
0.97247,5.533186
3.42239,3.3999474
24.6137,14.436345
0.0,1.2445958
0.0,2.1141217
1.49994,17.919346
0.0,2.1141217
5475.9,2.1141217
0.0,2.1141217
0.180604,47.180145
0.0,2.1141217
0.0,2.1141217
1.39937,15.949363
54.3593,19.836218
0.0,2.1141217
1.14145,4.9333153
0.0,2.1141217
0.014177,2.1141217
0.205675,14.1590605
12.7354,6.3997517
0.0,2.1141217
0.0,2.1141217
0.0221464,2.3376849
0.0,2.1141217
0.0211065,2.1141217
0.12809,2.1141217
0.125447,-5.1360445
0.0,2.1141217
0.544829,16.824203
11.3911,19.992884
0.0,2.1141217
9.18705,21.041988
44.3922,24.938452
0.0254356,2.1141217
12.5304,0.87175536
14.5496,24.839499
0.0,2.1141217
2.91784,10.749166
15.1833,3.9092577
0.0,2.1141217
13.0144,12.043419
13.2664,-1.7211194
8.30396,7.02357
0.443035,9.349525
1.16603,3.143894
0.0,2.1141217
12.5698,8.769099
19.3196,10.028743
33.0627,6.9040947
0.0,1.5989428
6.38249,14.94083
0.904999,14.6625595
0.0,2.1141217
71.4958,5.298852
0.0,10.0767145
0.0130207,1.212857
3.33781,18.987898
4.29189,12.931564
0.0352451,1.6861973
0.380248,1.6621363
0.0,2.1141217
0.0,2.1141217
42.7111,32.134922
57.5816,21.33736
1.81611,4.355752
23.1255,8.196114
0.0,2.1141217
0.0465212,1.5938191
0.76572,6.1485825
74.3385,65.904915
11.7178,6.163146
86.3551,75.20783
0.0459681,2.1141217
26.037,31.22477
0.0,2.1141217
0.056907,7.536195
0.0,2.1141217
0.0549566,17.09898
0.0,2.1141217
0.29492,1.700746
54.4108,34.55755
143.863,47.65949
1.58275,15.153686
0.0,2.1141217
8.07033,6.585347
0.0,2.1141217
0.0262574,2.4942183
0.196355,4.5804896
0.318955,-3.8556898
3.91887,0.49805713
11.8502,28.99607
0.0,2.1141217
0.0,2.1141217
85.6316,49.313316
74.6795,21.97828
22.2234,-3.0832736
15.6158,11.392013
3.8445,-41.398792
0.439725,-0.5375407
0.0,2.1141217
19.5575,-14.922605
0.0,2.1141217
0.019213,2.1141217
34.7652,29.716736
0.0,2.1141217
17.243,0.82010317
0.0581922,1.9010701
0.0,2.1141217
7.21241,29.066124
8.09838,83.25275
0.0,2.1141217
0.0,2.1141217
0.0879026,31.99709
6.31848,5.423787
96.5523,27.124386
34.0234,15.539712
3.71454,17.126757
2.67242,9.044126
11.3911,19.992884
0.0763142,2.1141217
0.0128127,2.1141217
19.4241,12.33274
18.4028,20.41174
0.0,2.1141217
11.7182,16.097927
14.797,5.468561
0.0,2.1141217
4.30556,4.5804896
0.0,7.8813066
3.93245,-5.747239
16.7626,11.866763
0.0,9.620176
0.0,2.1141217
0.104211,11.547847
4.99398,-0.7235906
1.61978,7.2263193
7.44731,9.804444
0.0725011,4.776923
0.0,2.1141217
8.86629,8.123019
11.9358,11.174649
8.24252,15.425185
0.0251359,2.1141217
0.0597723,2.1141217
1.71904,2.1141217
0.491604,8.06158
34.0793,13.3713
4.72532,15.201582
4.14783,15.053646
1672.53,979.53864
26.343,8.543942
0.0796739,2.1141217
2.42329,5.185109
0.0376121,-0.6650107
0.0,2.1141217
738.118,15.793878
21.6382,2.4011798
17.6053,16.301317
0.0,4.748838
0.0,-2.634526
0.144828,25.540295
0.0,1.4455223
0.748226,9.400915
7.72727,12.537587
0.0,2.1141217
0.0,2.1141217
7.13458,16.655676
0.317493,2.649564
1.56577,0.4391296
3.93496,10.399516
53.2938,37.033314
5.78663,3.5001225
0.0,2.1141217
0.0,2.1141217
46.9646,28.332542
4.86997,12.102918
0.0,2.1141217
26.1381,25.026474
0.0219642,11.669469
2.59898,1.9284613
0.301719,3.7321448
26.2081,51.185703
39.8526,31.532642
0.0,2.1141217
104.052,24.19186
2.71723,2.9447665
0.0215975,0.98555636
0.0,2.1141217
3.48496,8.271456
127.197,124.658165
0.0,2.1141217
0.0,2.1141217
6.42487,15.084323
1.41599,25.77293
0.0,4.650951
63.3414,35.58236
0.0,2.1141217
0.0,1.642782
0.421923,36.6246
14.0043,200.85652
13.3117,22.231422
0.0,1.5012152
0.37654,3.5481496
4.03233e-05,2.1141217
11.3911,19.992884
15.4141,29.380768
14.3224,3.8547902
0.267529,2.0016806
2.09998,14.718625
456.247,79.42939
4.40566,10.408883
1.35988,0.25070238
0.0,2.1141217
0.0,1.6542675
22.5227,29.068928
14.4733,10.811414
1.47732,10.432179
0.0,2.1141217
0.0,2.1141217
14.0396,25.342793
0.0,33.438
8.49454,11.961121
24.3894,27.91536
0.0458709,-1.9488213
1.10146,5.215027
5.29795,3.868088
0.0,2.1141217
0.184332,2.1141217
4.3179,4.9274054
8.83965,31.694859
0.0,2.1141217
0.0,-2.8248255
0.182946,0.69926
0.406795,19.765842
10.4744,13.986696
11.3911,19.992884
1.05687,11.535732
3.80485,12.413011
23.7573,0.77236056
6.07532,1.7807486
69.4052,34.295563
1.10621,8.803337
9.86249,6.0859013
15.1536,20.416458
29.4806,22.486702
10.5992,1.3384106
0.86867,2.1141217
0.346638,5.7229185
7.0451,10.0243025
0.0,-6.7644415
0.0,2.1141217
44.2817,11.948827
17.243,0.82010317
60.2629,3.1536295
0.189481,12.400117
0.0158816,8.280682
0.0211071,2.1141217
0.0,2.0181746
18.3982,6.2953568
0.518322,1.4639022
0.0,2.1141217
4.16531,6.356574
0.0,2.1141217
37.3772,0.27611184
0.0370189,-0.44359612
25.5367,20.18131
0.339197,0.10518193
0.0,1.5903652
6.93894,15.731107
0.315714,-2.918496
27.5158,15.513185
1.5408,20.605999
0.0,-1.230902
5.54419,0.41351032
0.170468,21.036192
0.0,2.1141217
5.83212,22.708881
28.963,11.228391
55.2517,38.819168
1.70883,5.0971823
0.0866043,4.210681
44.5184,26.741402
2.0161,8.457172
2.12103,31.713472
72.0507,26.492132
14.4278,9.718663
0.0,23.744047
4.26574,7.790655
0.571642,5.772444
17.9272,11.98941
18.189,7.8177977
0.0,2.1141217
99.9945,10.646551
0.0,2.1141217
0.0,2.1467338
0.0,2.1141217
8.04768,44.38692
5.65542,-5.277607
10.6249,3.201615
10.5353,5.61464
1.48456e-06,2.1141217
25.1162,57.72151
0.0,2.1141217
0.0298962,3.6293013
122.832,110.9088
0.0,2.1141217
0.0,2.1141217
1.53617,-3.7281377
0.0739612,2.1141217
70.0764,28.695236
60.2629,10.902751
0.0,7.300952
0.0144449,1.3259263
36.9073,57.47948
0.0,7.8813066
4.97182,9.498295
0.441539,2.1141217
0.0,11.697114
12.3122,14.779863
0.00832832,2.1141217
0.0437111,1.5864818
8.85757,3.8571408
0.0,2.1141217
0.0399721,1.8081255
11.9358,11.174649
0.0,1.6806939
0.0,2.1141217
4.50449,9.305793
21.5036,34.895916
21.9927,22.145355
35.6753,29.811136
0.0,2.1141217
0.0,2.1141217
45.9377,35.232307
0.0,2.1141217
0.0,1.0983262
0.0,10.59468
4.1897,-2.7372239
1.55502,3.8391938
0.0175519,2.1141217
4.75134,7.7846727
25.4406,13.25785
7.14585,4.917487
23.5049,18.863464
2.26397,10.34162
6.70987,15.432702
0.0396249,4.2666564
3.02366,-4.60505
0.536926,2.2468162
21.4696,40.645058
18.5812,20.228436
0.0,2.1141217
0.0,14.287582
73.5802,29.253323
38.3952,24.066763
9.4149,22.957647
42.4463,19.44992
0.0331224,5.3881783
9.31878,11.312515
0.0,0.37570167
13.1672,25.465168
14.4787,21.965393
0.0377064,0.29086542
53.2671,80.86481
4.67708,2.1141217
0.0781199,0.31254005
0.0744665,2.1141217
0.0,2.1141217
0.0,2.1141217
78.8296,109.494774
0.0304709,-0.356925
0.0,2.1141217
0.0,2.1141217
56.424,22.386698
0.0800517,4.6385927
31.6073,13.252067
0.0,2.1141217
0.504247,6.8248844
0.224576,20.750544
0.0,2.1141217
0.0309796,1.8801861
0.232056,2.1141217
17.2556,18.042282
0.0,2.1141217
0.0,2.1141217
4.61561,8.3452635
0.0,2.1141217
9.4149,22.957647
0.0,2.1141217
0.0,2.1141217
0.0,2.1141217
0.051393,10.640912
5.78663,3.5001225
29.961,37.442562
25.191,14.869777
0.0,2.1141217
5.16818,13.174434
78.91,47.357586
1.24908,2.1141217
1.06717,9.461386
0.0,2.1141217
0.0261254,2.1141217
0.0747677,1.712598
0.0257749,4.4160986
0.0,2.1141217
12.2701,3.5392358
0.0081748,2.1141217
1.2981,2.1141217
0.0,2.1141217
10.919,12.090957
8.30447,30.531797
0.42647,5.3971796
0.0,2.1141217
0.0,2.1141217
0.0194534,2.1141217
0.0,2.1141217
0.0618555,33.84065
0.0,2.1141217
0.0,2.1141217
13.3042,15.073131
5.78663,3.5001225
0.0995542,2.1141217
0.6957,1.0798264
0.0,2.1141217
0.0397736,2.7327988
4.34776,17.361687
0.0,2.1141217
49.7266,50.39364
0.0,2.1141217
21.5036,16.494415
9.91484,4.7071433
32.9177,14.948352
0.0,2.1141217
0.517011,13.460553
0.0832453,2.1175272
0.196792,1.180531
0.0167446,2.1141217
0.0240603,2.1141217
10.8713,2.0510108
6.86443,9.686059
29.0844,25.165718
3.91329,43.68341
0.00720244,2.1141217
0.0,2.1141217
0.0,2.1141217
322.11,149.97255
0.0,2.8473794
0.0,-2.634526
0.295166,23.502466
12.2701,3.5392358
17.0383,13.449593
0.0599749,42.71915
0.205377,5.4409432
63.6629,27.280706
18.7132,8.280661
0.438031,7.851946
6.74107,10.380468
0.0,24.048119
9.97059,12.779553
7.60034,63.30957
0.0,2.1141217
6.16726,2.608721
6.89648,8.901161
0.0,2.1141217
0.450437,45.150013
23.5343,-0.8614471
20.9778,36.557873
0.884516,23.511986
0.00429083,2.1141217
29.8042,26.30776
0.0,2.1141217
15.036,7.1287756
0.0,2.1141217
15.4758,3.9705775
79.1213,33.109955
0.0,2.1141217
16.331,5.1480083
18.7132,4.9870405
14.3224,3.8547902
34.3395,12.316306
11.1964,22.164715
12.0554,12.752933
6.74064,8.298885
0.0,1.3826494
14.3224,14.172719
0.0,2.1141217
0.0,2.1141217
4.22201,10.091945
47.4526,21.885277
0.0,2.1141217
16.4811,2.4852505
0.0,2.1141217
17.9203,-19.363539
0.0,2.1141217
0.0,2.1141217
0.0227304,0.29086542
13.4342,12.881057
0.0,2.1141217
0.0,2.1141217
0.0,2.1141217
0.0639686,0.8842244
17.9272,21.92455
16.7444,4.2101593
0.235774,2.1141217
0.0630775,6.443555
0.0,2.1141217
13.3234,18.9626
0.0377064,0.29086542
1.22861,15.632468
111.675,72.36488
8.74577,17.222078
21.1507,53.44408
0.0,2.1141217
0.0,0.7688017
18.8113,9.782739
67.7779,41.846657
6.04453,-3.840078
0.0,2.265363
0.0,27.494837
12.2933,16.416798
2.21092,29.568508
12.5145,2.9204228
22.2217,11.029873
5.61322,8.863297
0.0,2.1957207
0.183654,18.00283
0.0506783,2.1141217
5.41036,21.632624
12.1932,15.794751
16.5429,7.025364
0.0,0.800612
0.0503724,-0.69649386
22.0933,72.75911
0.0,2.1141217
19.3428,19.285362
3.54183,16.205585
0.014177,2.1141217
0.0,2.1141217
5.16592,0.91183114
0.0,1.7333522
0.0,1.3078759
0.0930278,4.8260636
0.674076,17.466925
32.6241,2.1141217
0.0,2.1141217
0.0,2.1141217
0.097461,13.88186
23.6752,43.52218
74.3385,65.904915
0.0587993,2.1141217
3.23361,-2.0498784
6.80446,15.288222
0.0,-2.634526
21.3993,35.40739
0.0,2.1141217
0.0,0.24352527
0.039932,2.1141217
6.33957,5.630911
0.0,2.1141217
0.0,16.97449
10.1657,5.81005
7.71256,20.560421
0.0,2.1141217
15.9303,27.112457
7.72727,12.537587
0.0,2.1141217
2.91784,-8.404115
0.0,-0.5814831
0.0,21.512083
9.66222,979.53864
0.0,2.1141217
0.0574949,0.1375947
0.0,2.1141217
31.8932,40.791397
8.13805,12.659634
0.139822,2.1141217
10.1873,42.15637
0.151593,2.1141217
0.0,2.1141217
2.29018,27.796062
15.8812,13.26199
0.0,2.1141217
21.1112,12.568706
139.129,30.412392
0.0,2.1141217
17.7602,51.588383
0.0,15.72045
0.0951306,2.1141217
10.067,3.8289478
0.0145622,1.6521883
0.179337,1.989397
0.0,-3.8556898
0.0,2.1141217
0.0,2.1141217
0.5899,9.898188
0.0,6.769498
7.80756,-37.09846
7.16273,9.787513
2.7544,33.727253
0.0372422,3.2862854
0.0,2.1141217
0.0,2.1141217
0.0,-2.634526
987.415,632.2827
12.4461,11.432433
0.0,2.1141217
3.14507,0.103936434
0.15934,2.1141217
13.0463,-2.9725845
0.0134822,1.3293478
1.00014,2.1141217
13.7581,0.9583409
23.5921,3.0835638
203.641,99.02424
2.44943,5.289277
0.0,2.1141217
0.0,2.1141217
13.2912,15.346025
6.64375,2.1141217
5.38804,-6.777852
3.29546,3.7885969
0.0507568,8.289624
0.0645255,30.531797
0.13315,4.8581104
5.61638,11.652608
0.0,2.1141217
0.774944,1.9284613
23.6547,11.911724
1.00418,1.7671654
8.85757,1.9453342
0.0,2.1141217
17.1115,11.490277
0.0,2.1606567
0.271209,2.1141217
0.0,2.1141217
7.61484,9.754135
0.0,2.1141217
0.0130336,0.99495673
0.00236083,1.2725718
80.9018,29.841213
1.1515,40.481236
13.1307,16.485008
0.0,2.1141217
100.183,44.932846
3.40272,7.4451284
0.0271436,2.3651853
0.664123,0.4972222
2.32633,7.6261435
6.94088,40.224796
63.3801,11.8432665
0.728503,35.695927
0.0,2.1141217
9.86318,17.832855
4.89894,12.124999
0.0262279,2.1141217
22.6392,22.235886
0.0,2.1141217
13.3789,5.3909035
0.944481,17.413902
28.1376,12.335235
0.259251,2.1141217
0.0,2.1735725
0.0,2.1141217
8.08582,2.7843924
82.423,44.120834
5.29795,3.868088
0.299788,6.8086452
28.6774,-9.232228
29.2456,7.9140997
0.0,2.1141217
4.67371,15.638361
25.4966,5.648841
0.0931813,2.1141217
0.026868,2.1141217
37.5261,11.369178
0.0,2.1141217
0.392828,3.342856
0.0,2.1141217
0.0,2.1141217
11.2034,-1.306215
0.133226,2.1141217
0.0820103,1.6636326
0.0,2.1141217
0.053204,35.443256
41.0052,37.176746
0.0,19.620708
45.4518,15.72803
29.149,24.51732
0.0323348,11.053229
0.0396249,4.2666564
1.54603,4.4007006
0.946129,2.1141217
228.807,232.03015
10.154,-0.2936113
0.264613,17.114553
0.0,2.1141217
2.48086,-2.718725
0.0,2.1141217
0.116093,2.10783
0.0,15.72045
0.143577,-0.16170537
0.0,2.1141217
0.0,2.1141217
7.76256,-6.57837
0.0,2.1141217
24.5863,24.378107
0.0,2.1141217
1.02182,-0.65540314
20.3765,10.640912
31.889,21.893522
11.6114,20.631374
4.1624,5.366645
19.3196,10.028743
0.113065,2.1141217
1.16659,23.261015
23.5458,18.767208
76.7571,176.89882
0.0322283,3.1027374
133.444,26.61922
0.0,2.1141217
21.5036,16.392014
0.177288,30.371185
0.0,20.410673
0.0,2.1141217
3.1273,9.765088
5.5232,2.1141217
60.3985,62.8472
5.24351,29.880478
0.037736,2.1141217
28.3842,9.160614
35.7755,7.35075
8.02989,10.28357
6.23975,6.382633
10.8077,1.4982033
17.6518,17.769512
3.31365,6.956174
16.0206,5.4084883
1685.57,725.8243
8.16969,21.451338
0.0294058,2.1141217
7.54229,14.4763365
0.0185423,2.1742525
0.918818,1.6589038
27.5158,11.98941
2.6963,11.353447
12.4882,2.5637379
24.6485,6.384899
0.0,2.1141217
8.18569,14.285699
1.18369,4.584762
0.0562069,1.1154206
4.01733,2.1141217
39.8347,23.056976
6.7931,5.6542206
40.1683,22.044437
0.0852943,2.1141217
5.64967,5.1543865
0.0,-0.6883671
6.18577,13.869979
25.0896,5.140582
1.02793,3.852115
8.76341,5.309883
4.43243,-1.6287558
0.0,22.454456
0.0,2.1141217
238.224,183.44614
48.1875,62.82497
0.0219642,28.17271
26.1317,14.572064
0.0,2.1141217
1.51667,-3.9561245
169.356,130.62428
0.0,13.343078
15.0934,16.20052
0.232573,7.8813066
0.588782,15.5828085
0.0,2.1141217
0.0,2.1141217
30.2599,6.0230913
952.601,541.861
0.0,2.1141217
0.0,7.477748
55.8569,2.10918
0.0,26.969109
28.1376,12.335235
0.0,8.086258
3.90691,23.423569
0.105136,8.289624
0.0,2.1141217
15.8452,27.260025
0.0,1.8531551
4.82649,4.3592663
0.486171,17.895067
0.0129563,3.9587405
0.795791,2.1141217
5.64967,14.811035
8.18569,14.285699
1.2621,2.1141217
19.0873,1.5722468
45.1502,15.23865
0.285904,3.3280761
17.1115,29.046099
0.0,2.1141217
0.272102,2.1141217
0.0,2.1141217
15.4582,2.1141217
0.0,2.1141217
6.64903,13.723997
0.0,7.79317
0.0,2.1141217
31.889,21.893522
0.0,-29.002003
0.0,2.1141217
1.02618,20.097414
0.272837,10.369043
3.86845,10.794506
0.530209,-2.4328406
19.9297,4.887971
0.0349957,2.1141217
0.283806,2.1141217
0.0,2.1141217
13.7046,17.043142
26.5159,10.783709
0.0,2.1141217
0.0465395,2.1141217
0.0828994,2.1141217
0.0,2.1141217
0.0100121,2.1239622
1.90472,10.350167
18.209,18.754967
0.0,3.2865114
0.095025,0.7277944
0.0,2.1141217
13.3256,22.391941
7.62417,19.39312
10.1753,6.7233334
46.6668,22.282488
0.0,-2.634526
0.103805,2.1141217
0.0,2.1141217
22.126,29.621124
0.620218,17.895067
9.84674,28.694233
14.1198,22.25095
81.5728,77.25051
0.512127,21.859512
0.139843,1.1883488
2.53052,60.10619
0.0509011,-3.975612
6.11847,2.1141217
7.6826,36.161915
19.9297,4.887971
10.1873,42.15637
0.271209,2.1141217
7.95033,45.426662
3.47315,29.20094
0.0167702,0.103040695
1.17408,14.920226
3.00101,19.820292
0.0,7.2248926
0.0199938,2.1141217
6.32035,0.31600738
12.7752,23.300926
16.5368,2.6213138
21.8819,20.460121
14.7903,21.189205
7.84176,42.07466
23.9401,24.524628
0.0132588,2.1141217
46.7864,60.001274
0.0259697,2.1141217
0.249562,1.4382951
22.0206,15.729869
2.47586,0.40223908
1.2714,10.88116
0.0,2.1141217
0.0753823,2.1141217
31.863,17.699825
89.6832,48.062916
26.0752,35.480442
208.249,167.17511
9.73844,-0.24546027
0.0,2.1141217
6.8555,8.202877
5.80376,22.840235
69.8357,51.6181
86.3551,75.20783
0.0,2.1141217
6.34757,4.783038
19.4241,12.33274
43.2114,31.972515
7.2525,22.205603
0.16748,2.537656
0.0,1.5366476
0.0,2.1141217
86.3551,75.20783
7.05387,6.8699036
4.252,7.590458
0.0,0.24352527
0.0,14.126948
3.08732,2.1141217
10.1873,42.15637
33.8268,34.621105
0.222996,1.8668158
88.224,20.75889
0.0410295,2.1141217
43.6408,18.860306
1.78476,33.84065
8.87697,12.736652
7.94747,17.397125
0.0,2.1141217
12.4058,4.0487194
4.252,7.590458
0.0,34.52274
11.5933,-2.086001
21.4206,31.22477
17.5005,21.325544
8.78718,8.207854
2.47586,0.40223908
0.0,2.1141217
47.7532,10.34162
0.0,2.1141217
0.0,1.4356036
0.0,2.1141217
0.0,0.60117507
0.0951988,6.021492
0.0,2.183911
8.95032,8.645713
9.45517,24.905373
0.0599783,2.1141217
112.108,27.285454
0.00808029,3.5235908
5.73474,10.933267
5.20518,7.736518
0.0,2.1141217
0.160502,24.225487
23.569,21.365574
0.0,2.1141217
8.31659,8.457564
0.0393917,2.1141217
34.1317,47.019352
0.0,6.4286556
0.0,10.610669
5.46058,19.95095
8.16661,5.3772893
0.0294058,2.1141217
8.57879,20.631374
90.0406,29.678215
27.6481,-3.058665
0.0,2.1141217
1.32599,3.694677
0.0215975,0.98555636
1.61219,-2.7970178
0.00885146,1.575515
0.298491,-0.44477248
0.0503724,-0.7069156
0.0693409,2.3662195
0.0,2.1141217
32.6551,34.287823
0.0,2.1141217
29.4406,6.6915255
74.0086,3.5481496
0.0,2.1141217
0.0,1.4054816
3.40454,9.453904
0.0301525,-1.9822395
0.473111,1.255852
10.5735,16.809221
170.727,86.26467
0.096906,2.1141217
8.71047,15.744869
8.30396,7.02357
169.019,93.272415
36.9143,13.301736
0.0338607,2.1141217
0.507646,10.903262
7.67293,148.90923
74.3385,58.945747
25.6866,16.254164
0.0,2.1141217
19.3196,10.028743
8.71518,2.1141217
15.9835,4.1185865
0.0,2.567384
0.357686,2.1899223
0.0,-2.117314
32.3262,24.57002
7.81563,5.1575646
0.00992251,2.1141217
6.70987,15.432702
19.0535,6.001665
7.2347,8.956078
0.0,2.1141217
23.5283,25.996378
0.0326002,7.469186
0.0,2.1141217
9.45517,24.905373
3.34477,6.2249746
0.0,2.1141217
0.692599,-2.19611
3.08732,2.1141217
35.2746,66.207985
0.0,2.1141217
8.78718,8.207854
0.318302,2.1141217
1.73772,29.463419
29.1625,8.818016
0.0,2.1141217
0.0,2.1141217
4.64645,37.022198
25.8108,42.32584
0.16686,1.9319446
9.45517,24.905373
0.0,12.318085
0.183391,2.1141217
2.36522,9.898188
0.0,2.1141217
30.2328,2.1141217
4.25521,21.096123
0.0,2.1141217
1.18369,4.584762
4.16084,17.507841
0.885176,21.284657
6.05767,13.314841
0.0,1.0983262
0.0,2.1141217
0.0994218,2.1141217
8005.12,-53.61278
19.4241,12.33274
0.0,2.1141217
0.158261,2.1141217
0.0,2.1141217
5.24507,40.135384
0.0,2.1141217
13.0665,37.309513
0.0,16.209227
6.28842,6.6593018
233.507,90.77099
6.66949,15.770354
36.3421,74.60927
0.02025,2.1141217
0.179337,20.630749
31.8925,15.607489
0.0,1.9214756
0.0426991,2.1593802
6.41804,13.725671
78.8657,74.31631
17.8912,4.182682
24.7055,6.380171
48.0989,28.032299
0.0,2.1141217
0.609691,-2.9808486
0.0,14.072561
4.35703,15.073512
0.271501,66.19367
8.54891,4.6358433
22.6165,25.098743
0.0400654,2.1141217
6.32595,23.215714
0.149628,2.1141217
1.13365,2.1141217
4.25879,13.170432
39.7798,16.928448
0.0115032,-1.3135884
7.03849,22.179356
0.556268,23.140617
4.46909,-14.417689
0.0,2.1141217
54.8317,23.434006
0.0,2.1141217
6.58449,2.1141217
0.0621603,6.9578114
6.08398,28.95123
3.3771,1.6805272
0.802453,0.94567466
16.651,12.5795355
23.342,2.453398
0.0677474,2.1141217
2.11887,6.1776457
7.39603,17.520828
0.192688,31.579262
0.0274204,2.1141217
0.0,2.1141217
76.7176,63.607395
0.432429,-2.4955413
0.0,2.1141217
21.2436,16.824078
45.9377,35.232307
0.0,2.1141217
89.6832,48.062916
0.242017,1.3570955
0.0,-2.117314
0.0,2.1141217
0.0144449,1.3259263
38.012,12.836405
9.6883,15.708516
2.35672,19.175354
0.222788,6.2924967
11.7339,16.88359
0.133885,1.0712411
0.302622,13.204162
0.0,1.438062
0.230342,15.763674
11.7977,25.5471
0.0,2.3599436
38.5095,-159.50853
43.9491,18.628426
0.0,1.6870759
135.592,120.14659
0.0281779,2.1141217
31.6466,35.105732
28.3925,10.527169
0.00808029,3.5235908
0.0,16.348291
185.622,97.96546
130.825,87.99749
0.0,42.07466
23.5057,21.816422
0.0,1.7138112
0.0,2.3665888
3.20272,17.74612
0.0,23.551388
0.0,15.265631
0.0,2.1141217
0.0,2.1141217
6.94055,4.5194664
28.1376,12.335235
5.52068,-3.9367893
29.3879,5.1060457
5.75256,16.679386
6.08989,14.070733
29.0844,25.165718
0.0289529,2.1141217
0.0,2.1141217
0.0541491,2.1141217
5.67805,16.528854
1.47245,5.6718063
0.0,2.1141217
0.0929124,2.1141217
10.6178,16.72379
0.0,2.1141217
12.8443,18.85833
0.2659,2.1141217
0.0,2.1141217
0.0367091,11.055564
59.6358,39.046402
0.0,26.720026
0.0,6.5354815
1.96872,14.737699
21.4343,26.125593
0.745192,2.1141217
0.0194014,2.1141217
0.0274204,2.1141217
29.9351,15.308858
2.1209,14.586855
182.039,21.874157
2.31454,2.1661813
26.1315,18.55086
9.45517,24.905373
1.06559,52.391766
0.0,2.1141217
14.6375,3.1076014
0.0,2.1141217
27.4069,20.97514
6.45367,2.1141217
3.20272,17.74612
0.0,2.1141217
10.455,26.836708
9.49865,19.601852
0.0175253,2.1141217
7.28674,6.334852
8.71047,15.744869
0.0563689,2.0547676
0.0706443,8.60874
10.4473,31.196472
0.0606207,1.5489454
0.0734416,3.4751265
0.311563,11.530229
0.0,2.1141217
0.0,2.1141217
0.0,2.5476768
4.34811,4.6376305
12.0386,31.243374
0.0738175,2.1141217
0.072993,2.5408227
0.14997,2.1141217
0.0,2.1141217
0.0,2.1141217
36.9143,13.40922
14.8373,3.3277707
0.0,2.1141217
0.0,2.1141217
0.0,8.56416
0.656222,-2.120679
0.0,2.1141217
0.0,8.315482
0.339008,16.097927
40.2252,50.468742
1.69762,5.9178276
0.0,2.1141217
35.7755,7.35075
26.1965,15.0522585
0.0,1.6333606
3.50103,20.015713
0.0,2.1141217
79.756,20.216993
7.51125,9.553025
36.3421,98.99585
0.0768075,2.0054321
0.0,1.3662713
9.66222,979.53864
0.0734416,3.4751265
51.3322,13.412292
5.59568,23.6217
0.0167702,1.7728527
0.0,2.1141217
25.5367,20.18131
0.0,2.1141217
38.7328,14.838842
48.5175,19.939684
0.0,1.5555673
2.73993,1.2791839
0.0,1.9281795
0.0,2.1141217
2.48411,8.3389225
0.0,10.640912
0.0157039,-1.9556873
0.0349513,2.1141217
8.21892,28.829206
738.118,225.93274
0.0,2.1141217
21.4206,31.22477
0.0,2.1141217
0.0630775,3.3651342
58.6287,28.04792
0.318302,1.456706
0.0734416,3.4751265
258.84,16.58432
12.7752,19.312134
1.26871,40.642887
1.87287,17.966564
8.34805,27.32914
13.0144,12.043419
0.0566787,2.2627873
0.24238,14.908818
9.66222,979.53864
0.0,2.1141217
2.69787,9.5552225
0.0,1.1844966
74.3385,65.904915
0.0,1.0983262
0.0,4.613063
0.144784,2.3550985
6.87925,7.198861
12.6916,18.207026
10.411,11.430261
26.037,31.22477
0.633513,2.1141217
16.1449,2.055732
22.0206,15.729869
0.0,2.1141217
0.0,2.1141217
0.0,4.6370735
0.227656,11.872487
0.0,0.7417822
0.0,2.1141217
0.0324739,0.33002996
4.61967,37.742016
1.24448,6.76357
8.73149,7.4692707
0.740684,12.256593
11.1321,28.400454
97.4455,13.742554
33.427,18.939379
1.77507,8.54439
3.92333,11.344407
13.1723,32.32953
0.0,2.1141217
22.9302,22.879417
0.0,2.1141217
0.0,2.1141217
3.29546,3.7885969
74.4531,74.89123
0.65571,17.035135
9.7083,19.116264
5.25782,19.48394
0.0648115,12.317123
13.3117,22.231422
0.123299,2.1141217
0.0613975,7.6210566
0.011101,0.503978
4.6505,31.949331
0.0,2.1141217
11.9358,11.174649
0.0,-1.2776003
18.8538,6.118285
0.096906,2.1141217
0.0260798,2.1141217
20.1688,47.058945
0.0,1.2477388
0.0,2.1141217
0.0,18.628426
0.408642,0.9581115
0.0734416,3.4751265
73.3151,1.4903967
11.6114,20.631374
0.0310379,2.1141217
0.0840941,17.918964
0.491604,2.1141217
0.0,2.1141217
31.8821,41.84309
0.0,0.14810252
0.0,2.1141217
0.0326644,2.1141217
0.0,2.1141217
0.424285,0.8271718
0.0,2.1141217
9.20199,2.029073
0.0541491,2.1141217
38.9204,23.05894
3.84675,3.2658224
2.02248,19.282736
41.2146,21.109516
8.52065,8.699045
3.40454,9.453904
111.835,22.777142
73.1544,61.35371
0.0193864,15.821267
0.872144,2.4854138
11.3911,19.992884
6.14369,18.442125
0.0137685,2.1141217
0.0,2.1141217
9.22554,0.82010317
110.437,49.32637
2.45846,11.071755
34.9534,11.14195
8.71518,2.1141217
0.43431,6.1246014
0.0359998,2.2290618
0.0219642,28.17271
24.642,22.443317
0.0,2.1141217
0.0,2.1141217
0.0,4.6385927
106.391,34.607513
2.73993,1.2791839
0.0,2.1141217
0.0,2.1141217
0.0,2.1141217
15.9596,57.775314
53.3411,23.261015
8.51378,3.0949957
0.00808029,3.5235908
10.5992,1.3384106
0.0234931,2.1141217
0.0,2.1141217
3.17418,-4.7733746
10.0562,23.26668
43.6351,30.528194
0.0,2.1141217
10.1609,16.646482
0.0,0.59498954
0.0,5.8427896
26.1965,23.195505
0.0,2.1141217
0.0,2.6174242
0.0,2.1141217
1.02611,9.520675
2.3241,7.7794523
19.3196,10.028743
0.0,2.1141217
46.6668,56.18516
0.0,1.6511106
6.70218,7.8696146
0.021705,2.1141217
7.08421,10.433523
23.1255,8.196114
1.84481,19.447475
0.0,2.1141217
0.682695,61.342777
5.33369,9.951848
0.0585232,22.157505
26.234,20.285316
18.7444,21.47998
0.16082,2.1141217
0.0,2.1141217
5.06259,2.819084
10.4744,13.986696
0.145731,1.861089
8.56412,4.1473966
4.21751,4.613679
4.22201,10.091945
0.0,2.1141217
0.265004,2.1141217
0.46676,2.9586818
123.482,133.57274
2.15913,3.9177668
67.7821,122.159065
0.0,2.1141217
11.1983,20.357113
6.39448,3.9508584
0.0677076,2.1141217
47.1499,10.678339
5.67805,16.528854
0.0,3.656964
5.57806,1.6406596
16.4599,0.24263847
3.45172,4.142333
0.403338,0.24238682
0.0,2.8029132
0.0,1.4856396
0.104732,2.1141217
0.0462409,0.91473174
0.0,2.1141217
0.0978433,2.1141217
0.0,30.371185
241.021,203.94714
0.740412,36.444813
1.21175,28.859598
0.0,1.8531377
0.836202,43.52218
27.7688,19.819302
35.7241,29.149555
0.0,2.1141217
162.427,73.68377
2.15402,10.534335
45.4482,14.968068
2.15402,10.534335
2.51154,30.578808
5.24507,22.119654
0.0,13.343078
0.0655249,2.1141217
0.567987,31.488834
0.0,2.1141217
8.8373,7.4242964
5.78663,3.5001225
0.0,1.1606264
0.0,2.1141217
0.0,2.1141217
0.0,2.1141217
0.0,77.930275
98.9403,26.878162
3.62055,21.667477
0.0,2.1141217
7.18911,3.2010467
0.00964872,3.5943747
68.9289,40.125473
7.18911,3.2010467
119.944,86.89568
18.2489,79.555016
0.0713469,2.1141217
4.38853,27.491829
19.7835,20.157131
0.0215975,0.98555636
13.6658,1.4617805
0.0,1.6019077
0.214822,7.198861
2.97393,8.428376
3.84355,2.1141217
1.67192,-2.7970178
0.0,1.4838111
0.0594986,2.1141217
27.8904,-1.5932484
11.7977,25.5471
0.0262574,2.4942183
0.0,1.7756441
1.67192,-2.7970178
0.0,2.1141217
0.05843,2.1141217
0.0272644,1.2445958
2.7153,10.59468
26.8021,29.052921
397.601,27.733875
0.0978433,2.1141217
0.118923,17.389153
4.00067,1.3176091
44.9541,2.1141217
2.62049,12.880393
3.66676,12.889579
0.0,2.1141217
0.0317417,3.11053
3.93496,6.390974
0.540725,7.2825537
0.00353253,1.3543108
11.1321,28.400454
60.282,10.827845
0.0,1.2000599
0.0153647,1.6772654
0.0,2.1141217
0.0,2.1141217
0.0194959,4.4635944
0.0,2.1141217
2.15317,6.865243
2.57364,1.8411682
0.0,2.1141217
1.83906,25.231962
14.9497,2.1141217
39.527,25.706093
120.835,135.09126
8.67667,21.128986
0.0,2.1141217
6.55775,4.587603
0.0,5.3502474
0.702269,2.1141217
16.651,6.9716806
0.0,1.4808524
0.0,10.640912
74.3385,65.904915
9.59899,20.638868
10.0698,2.1141217
25.1973,13.202497
13.3042,15.073131
45.9377,35.232307
2.87614,2.1141217
6.32027,6.5035286
0.216623,2.8882394
6.82818,8.207519
0.0,2.1141217
0.0,2.1141217
0.0,0.80443263
17.5005,9.255119
0.0189361,3.3732793
19.4241,12.33274
5.00993,15.405807
0.0,2.1141217
13.1349,4.702815
7.14585,4.917487
3.28943,30.591824
92.5276,38.48309
6.17503,12.30139
20.8624,19.091852
9.4149,22.957647
0.0334241,2.1141217
71.1736,38.80892
0.0,2.1141217
66.0182,23.26998
0.0298017,2.1141217
0.0363941,2.4973404
14.8348,7.557605
1.55502,3.8391938
0.0,1.5802901
0.0,2.1141217
7.28997,12.212889
0.0,2.1141217
0.0,2.1141217
0.0,2.1141217
0.0250148,2.1141217
169.242,75.54958
0.944594,2.1141217
0.0,-3.2212665
113.381,6.287303
17.5039,15.266291
0.066106,3.8702695
84.2077,48.983906
0.0171963,2.1141217
0.0,2.1141217
0.051393,10.640912
20.7484,2.1141217
0.0,2.1141217
21.3134,14.920226
80.0908,47.488605
0.0,2.1141217
0.908909,8.3933525
2.87811,0.59498954
24.0913,12.012788
0.0261254,2.1141217
0.0,2.718015
1.00717,2.8747485
40.4184,35.834545
1.21089,6.657467
12.3578,16.102467
4.30371,18.128143
0.0,2.1141217
9.463,2.1141217
1.54364,27.364796
0.194898,2.1141217
11.89,8.429376
0.53003,8.051935
1.58275,15.153686
3.20005,8.287493
0.156659,2.1141217
14.363,17.065
14.0008,0.015552044
5.50462,17.41804
0.0,2.1141217
0.18013,2.1141217
0.0,2.1141217
0.0,2.1141217
7.94747,17.397125
0.100878,3.3409986
0.0,2.1141217
0.174824,2.1141217
53.941,17.030712
0.0,2.1141217
54.8155,11.064788
0.0852025,1.9372029
42.5608,29.426355
17.0759,-2.0156546
0.0,-3.8556898
51.2472,69.18101
0.00328886,2.1141217
21.811,5.6260357
16.8315,22.221104
0.0327177,2.1141217
31.8959,23.735996
8.18134,20.45361
12.3122,18.827114
22.5174,25.545338
0.0,4.093458
0.0,10.640912
13.9365,26.464165
89.6832,48.062916
5.57851,46.631084
0.0331224,5.3881783
0.0,2.1141217
12.8677,15.745861
14.8348,7.557605
11.7739,2.1141217
0.0,7.536886
8.25999,48.63187
84.2077,48.983906
0.118244,27.279915
8.54713,1.5715945
1.17408,14.920226
0.0,1.9644475
2.61378,13.500966
14.8534,48.76818
0.225534,15.246185
0.0244278,2.1141217
4.99636,-1.3901849
2.05356,2.1141217
0.0,2.1141217
0.0,2.1141217
3.80485,11.790348
10.8169,9.909786
1.82111,-0.44660664
21.7269,12.186673
0.0,9.620176
0.0115695,2.1141217
45.5749,39.021313
0.288806,2.1141217
17.7654,11.211113
20.6573,30.94889
7.1688,11.236975
8.61256,16.029943
5.38749,-2.4814622
0.0,2.1141217
5.87127,1.2801943
0.0,0.32187057
21.088,16.94414
14.4733,10.811414
0.0,2.1141217
0.0417242,2.2025445
0.0,2.1141217
14.4586,41.895016
0.301895,3.4063835
8.71047,2.0311813
0.0,2.1141217
7.93916,9.048649
8.21892,28.829206
3.905,21.275522
0.220028,2.1141217
21.9108,36.581593
177.36,178.38622
0.0837542,2.1141217
3.24739,6.6989107
0.0,2.1141217
0.0254098,2.1141217
12.5698,14.68145
2.69787,9.5552225
0.0,28.172323
8.48658,11.391421
12.3578,16.102467
1.14344,5.731306
0.0750536,4.213785
9.4149,22.957647
0.345062,12.43255
0.661411,0.6961858
21.4343,26.125593
0.0,2.1141217
12.5696,-4.697961
0.0,2.1141217
4.7978,12.33643
7.69668,12.369348
0.680079,22.066801
33.4795,17.39054
6.61661,8.953059
0.0,19.282736
9.31878,11.312515
1.04923,-3.1698353
2.56689,8.756703
0.0703577,0.9568136
10.5992,1.3384106
9.22554,0.82010317
0.0,2.029073
0.0,7.35075
0.269299,13.810935
5.34971,10.548388
8.65113,21.836155
26.8252,16.074121
0.0,2.1141217
61.3507,29.149555
0.288447,2.1993341
0.0,-2.634526
12.4692,11.8158245
107.268,31.062729
6.24448,8.480323
0.0,2.1141217
0.167349,1.686626
0.0,2.1141217
0.0,2.1141217
32.2663,18.915112
21.6202,15.114982
0.0,2.1141217
0.0438842,0.9366596
0.0,2.1141217
0.493416,9.909786
47.556,10.0243025
12.0612,19.362984
5.34906,-0.69649386
6.82818,8.207519
2.37526,14.825624
3.08732,2.1141217
24.1137,9.590278
28.3403,15.525888
24.8568,45.967735
9.42356,7.493946
127.151,56.83315
14.4787,40.256386
10.2463,44.000423
5.78663,3.5001225
0.0,0.24352527
0.0,2.1141217
12.6916,18.207026
0.0300559,-0.85107183
22.0206,15.729869
6.41431,12.355937
0.0,2.1141217
0.542442,2.1141217
0.490718,0.915061
49.3187,27.995983
0.223302,3.6475482
0.0772334,2.1141217
131.913,148.75148
18.058,14.502532
26.0752,61.21554
3.51759,31.739681
0.0,0.5771313
0.242381,1.7036111
2.81433,8.999922
0.03394,2.1141217
0.0,1.2252965
0.0505051,2.1141217
0.173498,2.1141217
56.1216,12.400736
0.0507568,8.289624
183.183,126.68731
0.174549,2.1141217
0.0,2.1141217
19.4241,12.33274
14.449,2.6267664
0.0,2.1141217
43.6408,18.860306
0.0,2.1141217
0.0776316,1.7238653
0.469417,2.1141217
185.622,97.96546
8.30447,30.531797
0.0,2.1141217
0.0,0.68544173
0.0,2.1141217
0.080121,2.1141217
0.0,2.1141217
12.9302,8.571423
0.037876,21.859512
12.4639,2.1141217
2.47954,29.662815
10.5353,5.61464
1.45222,2.1141217
0.0326644,2.1141217
0.0,2.1141217
1.44316,-1.4305427
10.6273,13.839597
11.0919,8.827566
0.0,2.1141217
4.16426,19.095732
0.0,2.1141217
3.5795,1.7563076
3.8058,23.524734
1.04575,4.9394712
42.3893,75.329956
0.0995542,2.1141217
18.9302,20.014832
134.69,82.53335
0.0153961,2.1141217
0.0,2.1141217
0.0416929,-0.18556905
0.0,2.1141217
5.47233,12.512979
30.6925,26.891708
0.0,4.7411222
0.0210097,0.081269264
0.31996,9.898188
17.6518,2.1141217
0.0279625,2.1141217
27.3451,27.962639
8.01113,5.125725
6.89649,16.97263
1.58275,15.153686
0.0,2.1141217
0.0,9.898188
16.167,42.953026
2.80295,4.279069
0.0,2.9997134
0.0,2.1141217
0.0,2.1141217
13.4342,12.881057
31.5469,2.1141217
0.0222586,2.1141217
14.3878,24.259146
0.196911,2.1141217
5.33864,12.968989
1.47888,0.82010317
1.80628,15.073131
31.889,21.893522
7.2347,8.956078
0.0,2.1141217
11.4504,14.813041
6.86754,21.322147
76.8716,75.30477
0.0445226,1.2295291
0.0,2.1141217
0.0,2.1141217
71.1736,38.80892
37.1852,26.776608
1.91883,2.1141217
0.0,2.1141217
0.0,2.0054321
0.0768543,2.1141217
0.0,2.1141217
0.0482619,2.1141217
29.481,13.998848
0.948007,15.544454
5.32181,7.956991
5.97234,13.948318
14.4598,6.654891
13.9082,32.05013
0.0228214,2.1141217
0.0388675,2.1141217
0.0,2.1141217
44.7525,46.593597
0.0,2.1141217
0.0972882,2.1141217
4.07762,31.857773
38.4291,22.632938
4.03266,14.82945
0.0,2.1141217
1.55502,3.8391938
0.0503724,1.3923142
6.76852,-6.93099
54.8613,2.5952942
0.0,2.1141217
0.0,2.1141217
63.3801,11.8432665
1.89412,8.068688
0.0,2.1141217
0.0,2.1141217
0.0,6.497467
0.0,2.1141217
0.0,2.1141217
22.6165,25.098743
1.38682,0.3563304
3.3563,18.886417
0.0,0.29086542
0.0,2.1141217
0.0,2.1141217
3.02521,8.801147
23.0079,30.548077
0.0,2.1141217
10.6332,9.724065
0.350339,31.424826
4.12372,-16.429459
0.0317711,2.3991416
34.0699,9.417664
6.98693,6.358738
0.144784,2.3550985
0.0,2.1141217
0.0,2.1141217
0.0,2.1141217
0.0,2.1141217
0.0,2.067527
0.0995542,2.1141217
0.0471918,2.1141217
0.017859,2.1141217
17.9208,7.1052723
54.8596,58.96626
0.0,2.1141217
35.0216,24.453323
75.5545,2.8796856
0.0,2.1141217
0.0,2.1141217
0.0119841,2.0235105
19.6701,15.949363
0.0336431,2.1141217
19.0798,18.778984
13.191,2.805373
0.138402,2.1141217
4.61178,10.156065
28.1784,14.078573
2.26397,10.34162
0.530209,-2.4328406
0.0439518,14.853553
23.7427,6.4022655
0.0183421,2.0188527
0.0,2.1141217
0.0,7.477748
8.24252,15.425185
39.723,9.0024185
10.455,26.836708
73.0222,25.348879
4.2247,28.199247
91.3848,34.47371
4.61561,8.3452635
0.0,2.1141217
5.31905,9.185401
125.046,7.9769497
18.8009,47.05524
0.0,2.1141217
4.02702,6.4367113
115.366,31.049143
10.4682,19.765842
0.485898,3.618161
0.0456051,1.6573684
8.10299,11.267959
0.0,2.1141217
0.0,2.1141217
0.140811,0.9336648
5.18211,6.0943203
10.5869,19.953743
0.346506,-3.840078
0.0932878,2.1141217
0.0757449,2.1141217
48.1875,21.47291
0.095025,0.7277944
0.0293719,12.330021
1.06258,3.1960177
18.4566,8.189738
15.332,23.328384
169.204,177.49995
0.0,1.4852524
0.795791,2.1141217
7.72727,12.537587
8.46153,-2.338165
7.5427,45.81317
0.456012,5.955969
18.3982,6.2953568
0.00483917,-1.0735538
0.258242,11.705256
5.78663,3.5001225
0.0,1.7699025
8.26953,14.980666
81.1292,45.268734
14.2404,1.0983262
0.31996,9.898188
0.0,0.29744983
11.4008,36.493717
0.033392,3.2515829
0.0390648,2.3045232
251.292,57.72151
0.0,2.1141217
0.0,2.1141217
0.0225444,8.687983
0.0,2.1141217
12.6111,18.351051
12.766,7.3672657
17.5005,9.255119
0.0,2.1141217
0.307538,7.4251614
28.7411,20.342075
0.0,2.1141217
0.0,0.19598043
15.4758,3.9705775
5.95757,12.65297
9.17639,12.622117
0.0617816,2.1141217
13.8431,13.477483
0.0,2.1141217
0.0,2.1141217
0.0,1.5873566
9.10983,-2.6992323
1.64039,17.688923
0.0,0.29744983
0.105717,13.121076
8.4425,13.405335
0.0,10.610669
10.7303,5.3232603
0.0,2.1141217
0.0,2.1141217
0.0735709,2.1141217
6.51382,15.140662
0.0289172,4.0959578
1.22285,5.9997616
5.88866,2.1141217
0.0703373,2.1141217
7.44731,9.804444
40.9894,22.136734
28.2793,12.629026
8.16969,12.727949
0.0589891,-1.5177312
0.00691066,2.1141217
0.0,2.1141217
0.0,0.86252236
0.0,2.1141217
2.20452,2.1141217
0.0,2.1141217
2.36522,9.898188
0.0,2.1141217
12.1678,9.97171
19.4462,17.453035
0.0424993,2.1141217
0.027453,-1.5067499
0.0,14.920226
0.0,2.1141217
2.68705,9.528311
2.59898,9.723608
11.6645,-4.484084
5.647,2.1141217
0.0129563,3.9587405
5.46058,19.95095
0.0735709,2.1141217
0.0,2.1141217
0.0,2.1141217
0.0,2.1141217
2.95568,4.463396
15.9221,14.197778
18.7903,30.104174
5.52068,-3.9367893
18.7132,4.9870405
0.313107,0.409863
44.7525,46.593597
0.0528512,2.1141217
0.764589,2.1141217
31.0359,10.486205
12.649,38.108364
0.0,1.4333539
0.0,2.1141217
0.0,2.1141217
0.0639502,3.754885
0.0,1.4982033
6.66568,5.5867844
3.04662,19.1781
0.0397736,2.7327988
12.8202,0.88306165
0.0,2.1141217
8.13341,-1.2855103
20.945,30.784157
0.0,1.2715867
2.66844,10.618019
8.61474,22.044437
0.0,2.1141217
0.0,2.1141217
0.0,0.32840252
0.044806,4.31981
0.0,1.9756095
0.0,2.1141217
0.687225,-3.2943766
0.0,7.477748
8.14611,8.934425
0.0,35.639217
0.0,2.1141217
0.0,11.568307
0.104732,2.1141217
70.5637,13.533288
0.0261162,2.552032
0.0203282,2.1141217
38.0233,26.982023
68.1974,68.59871
0.0,2.1141217
0.0,2.1141217
21.1058,9.84655
12.9128,21.077612
0.0443369,1.5610101
105.821,50.75503
0.0,20.228436
0.237581,2.1141217
13.3312,-1.3509614
0.155163,39.48933
17.5639,48.172047
0.0,2.1141217
0.0,2.1141217
0.0647448,2.1141217
0.0,0.19598043
0.0,2.1141217
38.7328,14.838842
0.0150878,2.1141217
0.0535125,2.4798203
0.0,2.1141217
14.4733,10.811414
0.127783,17.75038
0.156968,2.1141217
0.0,2.1151655
16.2353,2.1464055
2.6129,2.692115
0.0185423,2.2802076
0.0,2.1141217
0.0,2.1141217
0.0,2.1141217
3.02366,-4.60505
22.4149,4.865325
8.80444,29.824427
1.84949,1.645561
0.0,2.1141217
41.4786,46.66471
3.50366,27.867878
0.0,21.203766
0.556268,23.140617
0.0541491,2.1141217
80.5417,37.16126
0.0139038,2.1141217
0.0,2.1141217
0.0841026,1.6959672
1.21998,6.145591
0.0,2.1141217
0.0,2.1141217
0.0289597,2.1141217
0.051393,10.640912
12.6267,17.345436
9.9046,41.33076
39.5927,29.24619
6.52047,16.036358
0.0,2.1141217
0.0,2.1141217
0.42647,10.537756
0.0551446,0.5448663
13.4596,2.3035314
1.14478,16.100048
0.144043,3.3280761
0.0114603,2.3051336
167.952,17.466925
0.0,23.040335
0.530209,-2.4328406
16.9082,6.822302
0.0,3.4117794
0.02025,2.1141217
0.0522548,0.0652585
31.889,21.893522
0.0,2.1141217
0.126442,14.415469
8.42896,1.0708325
0.048364,28.99607
0.0,2.1141217
0.0978433,2.1141217
17.9953,3.8447692
67.7821,122.159065
0.0,1.3794901
9.31878,13.013128
3.8283,10.244259
0.0,2.1141217
4.30973,77.467354
21.3121,12.697263
6.03438,5.6178026
0.0271516,2.7444334
0.0,2.1141217
0.0,2.3550985
7.86085,9.524216
3.45172,0.9115877
17.9272,11.98941
0.0129563,3.9587405
0.0425362,27.5046
0.517011,13.460553
0.051393,10.640912
0.162101,1.8605993
0.0,2.1141217
0.0,2.1141217
0.0,2.1141217
29.3384,26.543316
2.47703,2.1141217
22.1781,18.67077
0.0220725,2.1141217
120.835,135.09126
0.0192427,2.1141217
7.45222,14.23837
220.719,12.584094
3.02521,8.801147
81.5728,56.015446
23.6853,23.14975
3.08732,2.1141217
0.407326,2.1141217
178.517,21.91036
2.55277,19.81503
8.35015,17.946491
0.32573,0.9999714
1.44363,2.1141217
0.0194531,2.9244766
0.0,2.1141217
23.8569,1.1984627
0.0,2.1141217
0.0,2.1141217
4.39554,0.83258224
0.0,2.1141217
13.4342,12.881057
38.3628,4.341461
3.68977,6.2716837
0.0,-6.8775864
6.74064,8.298885
0.196835,2.1141217
16.7383,28.520363
21.6632,2.1141217
17.9272,11.98941
0.0,2.1141217
28.4039,19.620708
0.099321,18.863464
9.21049,21.908848
169.204,177.49995
0.229634,1.5845642
5.61638,11.652608
15.7407,20.540318
3.10352,3.5978796
1.5047,9.436274
12.6916,18.207026
0.0,2.302541
0.223302,3.6475482
5.86462,4.100054
0.0,2.1141217
0.462918,17.721863
0.0,2.1141217
0.0,2.1141217
0.0,2.1141217
26.2865,5.2822237
238.224,103.93381
0.0393173,2.1141217
9.70645,7.4273777
0.0,16.93587
0.014177,2.1141217
34.5456,2.474578
21.3993,9.267695
0.10036,2.1141217
33.8268,34.621105
0.196991,6.05783
93.6522,80.57008
1.13448,16.526127
0.00596473,2.1141217
6.94088,40.224796
15.9952,11.905935
50.5981,5.216434
2.19578,5.6736784
0.0324436,2.1141217
21.811,5.6260357
46.5089,17.502953
0.0,2.1141217
0.0,28.595284
0.0,2.1141217
0.0,2.1141217
0.116093,2.10783
0.96569,6.0448236
17.9989,17.18108
21.0919,14.923743
0.0753823,8.823915
9.97059,10.703694
0.0,2.1141217
7.68337,35.632996
29.2461,37.31021
31.889,21.893522
0.112467,-8.863786
0.520366,2.1141217
0.0534402,0.13823962
0.051393,0.29744983
0.183654,18.00283
0.0,2.1141217
0.0,2.1141217
1.87287,17.966564
0.0,2.1141217
40.133,17.694519
43.2548,10.47264
8.22595,1.5901458
18.8186,4.9266214
47.1426,36.454002
0.855994,2.1141217
0.551099,2.1141217
0.0,2.487132
5.03441,12.594551
0.0,2.1141217
4.02702,6.4367113
12.9993,15.3572855
0.0,1.7488718
157.205,39.021313
26.0752,35.480442
0.236042,1.3146286
0.0,11.518466
0.228483,1.302305
0.0372422,3.2862854
0.0,0.58190227
1.05032,8.274825
4.21751,4.613679
58.1102,10.541773
18.7132,8.280661
0.217464,0.3372779
73.6762,70.18848
3.80485,2.1141217
0.152073,2.1141217
1.67606,8.8684
0.0,2.1141217
159.491,58.271828
10.5063,19.178844
35.8779,13.599095
3.61257,18.824154
7.30838,1.989397
3.8144,11.680999
16.4978,5.263463
0.0978433,2.1141217
15.4143,12.880393
0.0,2.1141217
12.4324,11.704476
0.137409,8.652748
8.96842,10.589299
0.0126779,1.081742
7.42519,2.5096316
3.51106,19.157423
0.211054,2.1141217
0.106379,-2.4294899
0.0,1.0190287
0.0,2.1141217
21.8505,21.124203
32.5265,2.1141217
2.59898,1.9284613
22.7646,34.861565
14.2404,1.0983262
4.0982,28.76678
20.1595,23.405788
0.0,0.5771313
22.9447,19.21511
2.91784,10.749166
0.0,1.1606264
2.26945,0.44568777
0.0,1.5870538
0.530209,-2.4328406
11.2706,2.1123564
26.9514,1.4778087
0.165811,4.9640617
0.00736899,2.1141217
0.0874501,13.140037
2.92301,11.525947
0.0439518,14.853553
0.368738,9.499555
26.4945,5.0742373
7.95817,11.4248085
62.1057,11.693188
1.61215,6.8086452
0.914182,8.295052
0.0,2.1141217
0.550172,29.483675
3.84675,3.2658224
0.0558912,2.1141217
0.182939,2.9015365
8.34805,27.32914
1.81734,25.246609
0.284589,13.449555
0.0572685,2.1141217
16.7824,14.022057
0.0,2.1141217
0.0,2.1141217
7.87055,14.072561
0.0,2.1141217
0.0,2.1141217
0.0573763,17.252565
0.0,0.23343706
0.922114,4.983097
3.42381,26.674381
47.3378,8.274825
0.0,2.1141217
2.66844,10.618019
9.4149,22.957647
0.0,2.1141217
3.40206,11.675517
8.42896,1.0708325
0.230591,2.7420688
1.57644,2.1141217
53.941,17.030712
4.21318,11.802487
74.3385,58.945747
0.0,2.1141217
0.00779217,2.1141217
0.0,1.1844966
10.5207,8.340164
0.0,26.517256
8.60132,2.6278703
0.0,2.1141217
2.74096,13.121621
0.0574949,0.1375947
0.443035,9.349525
14.1198,22.25095
8.71047,15.744869
0.0,2.1141217
0.0,1.5656264
0.0234646,2.1141217
0.914182,8.295052
0.872144,2.4854138
0.0,0.73577857
47.7532,10.34162
0.0187744,2.1141217
4.90947,24.054592
9.80748,12.193162
9.26149,26.114075
8.57879,20.631374
0.569794,-0.31390738
125.046,72.886635
0.390612,2.1141217
0.156659,2.1141217
4.28886,1.4639022
0.0,2.182158
0.671246,3.0201304
0.0546572,-0.2940402
0.0,9.898188
0.02025,2.1141217
0.504247,6.8248844
6.10661,21.321823
23.7218,23.255768
0.0875726,-6.8510866
115.609,42.165443
22.7498,7.1873446
0.0503724,1.3923142
0.428425,2.1141217
106.723,12.318085
0.075198,2.9058235
0.0,2.182158
5.87214,2.1141217
0.0,2.1141217
0.0,2.1141217
7.93916,22.228308
0.0490445,2.1141217
32.6081,13.530164
11.7977,25.5471
115.785,48.79816
1.54364,27.364796
0.0,1.3405097
0.259435,2.1141217
0.0105662,-0.69649386
3.34347,15.363396
15.8345,5.3378043
1.07522,12.362185
37.4675,78.706924
25.803,24.081938
0.0,2.1141217
0.0665804,2.1141217
0.0452995,2.1141217
0.0,2.1141217
0.277533,1.5825756
0.0,3.2515829
12.3755,25.135262
12.9993,15.3572855
5.69682,40.709255
0.0,2.1141217
0.465516,7.327524
2.02652,12.43255
2.78299,12.21938
8.203,1.9193213
0.0,2.1141217
1155.0,162.48741
0.0190806,1.3515141
0.0,52.281452
0.0,2.1141217
258.492,2.1141217
0.0722253,17.126757
0.226598,2.9274552
3.80978,6.9188566
0.0,2.1141217
0.0,2.7133367
0.0,2.1141217
58.3437,5.2796392
0.02025,2.1141217
0.0,5.1575646
2.0112,22.51567
6.17503,12.30139
0.0,8.744347
0.0,2.1141217
0.40315,1.4200249
0.073975,1.4619286
0.0,34.451984
0.0,2.1141217
11.2349,6.371951
0.0,2.1141217
3.80485,11.790348
238.224,183.44614
0.0,2.1141217
0.605897,8.334756
0.0589175,2.1141217
5.7861,13.251761
1.86713,2.1141217
0.0,0.9776747
0.0894583,3.2705524
0.0,1.4951167
0.068396,2.1141217
0.0,2.1141217
0.0897363,1.4718959
0.0,2.1141217
30.8999,8.945632
0.0104638,2.1141217
0.0,0.29086542
34.164,31.86648
11.0977,-1.3001394
0.0265851,1.3539
0.0,-0.601033
0.0,2.1141217
1.20083,4.4467125
6.18238,2.1141217
80.984,35.78145
0.0161967,2.1141217
0.182946,0.69926
23.5057,21.816422
0.0,2.1141217
0.0,2.1141217
12.2074,2.1141217
15.8502,-0.20204759
43.5617,31.957092
135.592,120.14659
16.5368,2.6213138
24.4512,5.364051
7.51521,13.368033
0.0324436,2.1141217
2.90855,17.867952
12.3578,16.102467
19.2181,34.620266
17.7654,11.211113
4.16531,6.356574
0.598544,2.1141217
12.8303,13.742554
17.5639,38.188786
5.0881,3.9383605
0.0,2.1141217
8.06948,3.661031
2.48554,13.627924
0.013317,2.0218592
0.195798,2.1141217
0.0,2.1141217
0.301423,12.880393
0.0,2.1141217
19.3196,10.028743
11.5518,2.1141217
41.6039,23.51757
0.0,2.1141217
22.8231,11.662015
0.0372422,3.2862854
0.0,2.1141217
8.74888,26.181318
114.038,127.725296
19.3477,38.29455
0.0606786,2.1141217
0.00483917,1.2431438
2.15237,-2.0156546
15.348,8.052019
0.0,0.38180208
0.0930992,2.1141217
9.4149,22.957647
0.0179047,4.7071433
0.0830095,-0.24764562
13.5817,2.6442068
89.6832,75.183846
4.99636,-1.3901849
0.0,2.1141217
89.6832,48.062916
18.2965,19.430582
0.0,2.1141217
0.0,19.446562
7.14585,4.917487
77.0053,57.654015
0.030774,1.4754741
0.0238505,-1.9403946
26.5551,20.471733
20.2414,17.15134
13.6965,24.25099
0.0384907,24.5413
20.1295,1.9719915
0.314102,2.1141217
0.0,0.29086542
0.0,2.1141217
0.0,2.1141217
31.7232,26.822247
30.0376,18.037718
0.0,2.1141217
679.721,424.90738
0.406118,2.1141217
19.7884,24.066763
0.523155,6.125622
0.0,11.2411375
0.0,0.56621695
0.201017,2.1141217
5.67886,-1.4619637
21.5036,34.895916
0.782975,0.25689816
0.0,2.1141217
0.0377064,0.29086542
82.3402,17.748055
0.0,2.1141217
6.00461,8.27661
0.0999777,0.21205163
22.5174,29.616034
0.0,2.1141217
0.140155,8.504501
0.356688,2.1141217
8.48658,11.391421
0.251745,11.323427
0.099321,18.863464
1.72479,19.294214
19.7309,17.698967
0.168429,24.065964
7.95512,6.941951
0.0,2.1141217
0.608246,18.376732
0.051393,10.640912
8.30447,30.531797
0.0,-2.634526
44.4403,25.351534
0.0,2.1141217
0.0,2.1141217
0.0112633,2.5469666
2.30452,8.84205
0.0,2.1141217
10.4744,13.986696
0.0,-12.017974
93.6125,62.979836
6.08398,28.95123
43.5617,31.957092
12.2255,14.537656
26.0635,6.432233
0.182946,0.69926
3.07149,0.5542848
2.9214,-8.80868
0.0,2.1141217
3.37369,19.447475
0.0394029,2.001246
42.1167,39.913784
0.0,2.1141217
21.4696,40.645058
27.489,17.738604
14.0894,20.687786
0.0,2.1141217
34.199,17.04217
0.0,2.1141217
0.0210097,0.081269264
22.6966,24.621618
0.051393,10.640912
30.8985,39.762157
0.0,2.1141217
2.48411,8.3389225
13.4342,12.881057
5.00993,15.405807
143.433,84.173935
32.9177,14.948352
19.2409,22.214563
75.4154,19.801426
5.14181,16.871122
2.32039,4.8393297
0.116408,2.1141217
30.4107,-2.5133889
27.9481,19.080906
16.5368,20.548243
0.152698,9.845256
0.227111,2.1141217
19.8769,3.9566996
0.0,19.300432
204.063,281.84427
9.51775,5.215187
4.25521,21.096123
0.0,2.1141217
0.0,16.256031
4.39014,-4.690462
0.0533345,2.1141217
2.1209,14.586855
0.469571,2.1141217
110.84,45.723698
0.0,2.1141217
0.571642,5.772444
0.0319278,3.2932243
6.78202,30.283464
23.3344,12.629026
25.8958,28.746237
0.0,22.565208
18.0932,2.1141217
8.54713,1.5715945
0.0,2.408522
0.108294,1.72176
0.0,2.1141217
0.0,2.1141217
64.9969,8.108937
0.0,2.1141217
45.3164,26.797703
9.53957,21.907833
0.080121,-0.53094554
0.0,1.1667805
5.60448,30.93102
125.393,48.442356
2.9242,2.9824584
0.0671478,0.9118793
10.6954,14.486653
5.83212,22.708881
0.304555,5.9013786
12.5134,16.626
0.512127,21.859512
0.0,2.1141217
7.13458,16.655676
0.0,-1.9556873
19.4241,10.367993
7.13458,16.655676
9.91484,4.7071433
0.0,2.1141217
33.4098,16.258965
3.74162,15.343101
0.19443,2.3049543
0.0,2.1141217
0.029801,2.1141217
0.0,2.1141217
0.0713237,3.6373026
0.0109604,2.1141217
16.2677,21.998775
22.9901,4.849659
26.1648,27.499826
0.21452,5.8427896
13.2992,11.3947735
13.3136,28.705048
2.02329,22.877893
0.43826,20.198942
0.0,2.1141217
0.732386,2.3592784
0.052786,2.1141217
0.0596705,11.872487
25.1973,13.202497
0.504247,6.8248844
0.32829,11.632712
0.0,2.1141217
0.695897,9.659505
0.372758,7.4242964
44.4679,19.908691
0.559344,8.06158
0.0154189,0.707237
0.0349215,30.793034
38.0233,26.982023
0.139393,-2.0085332
3.31398,2.1141217
1.47712,0.8852186
0.571642,5.772444
0.0,2.1141217
0.0,2.1141217
0.0,2.1141217
0.0,2.1141217
22.0206,15.729869
1.03622,2.1141217
0.0419176,2.1141217
0.0,2.1141217
0.0,2.1141217
22.4714,39.40118
0.839133,0.82010317
0.0,8.471255
7.13458,16.655676
26.988,22.028315
21.4348,27.279915
20.2765,-0.64629006
11.6269,-2.2162015
1.52665,22.988718
0.353917,2.675951
0.146855,2.1141217
60.3985,62.8472
6.3446,4.093458
18.514,11.725606
0.0755805,2.1141217
0.19443,2.3049543
22.2482,14.337651
0.906209,2.1141217
6.58302,22.074091
42.7133,4.8991604
0.0362889,2.1141217
0.0,1.3759305
0.0,2.1141217
38.704,7.384486
0.0254356,2.1141217
0.0,1.0983262
0.0,2.1141217
43.6408,18.860306
0.030325,2.1141217
7.70401,3.0488293
0.0,-5.41833
1.30528,10.759589
0.17808,4.05832
0.0,2.1141217
1.63293,4.052496
13.0144,12.043419
13.8431,20.327045
0.0,2.1141217
67.7821,2.1141217
0.0303929,0.48987412
31.6466,35.105732
0.0,2.1141217
11.0804,2.1141217
6.62436,11.772029
0.205114,3.788635
3.67181,4.305233
5.39701,5.83525
0.0139038,2.1141217
53.941,17.030712
3.7689,3.7712471
0.288601,0.99495673
0.0429781,1.4219022
0.0,2.1141217
0.0,6.769498
0.0,0.800612
11.3824,8.704698
0.814287,14.434878
8.57879,20.631374
0.0916382,25.54396
0.0189509,2.1141217
9.91484,4.7071433
0.0,2.1141217
8.45355,-3.4851406
16.2326,19.932068
0.0,2.1141217
0.0,2.1141217
8.05654,4.668498
0.0,2.1141217
0.31996,9.898188
60.665,95.133255
0.0227304,0.29086542
0.530209,-2.4328406
13.1318,18.285511
0.0,2.1141217
5.4147,5.6597977
0.0730475,25.465168
0.0541491,2.1141217
8.46153,-2.338165
0.0022001,2.1141217
9.45517,24.905373
2.76486,11.363651
5.66335,13.407755
11.6645,-4.484084
0.0,0.29086542
2.53132,8.190554
2.24424,2.7728636
20.3765,12.939656
4.41312,3.990185
0.0,2.1141217
9.77309,31.029911
0.0,2.1141217
0.0,2.1141217
0.0215975,0.98555636
43.2114,31.972515
3.66676,12.889579
0.0105311,-1.1603291
35.7559,13.917843
0.0,-2.634526
2.61378,13.500966
0.0312093,2.1141217
0.0,4.5320177
23.029,12.971644
51.2472,69.18101
0.0,2.1141217
14.9387,102.40743
2.36522,9.898188
0.0393917,2.1141217
6.89648,8.901161
0.0,2.1141217
2.22256,8.736885
0.0587131,2.1141217
0.0,1.6590316
0.491604,8.06158
2.95514,-1.4983506
32.0779,8.54145
0.0,2.1141217
1.32143,22.897148
0.153151,5.6155186
0.209847,53.59527
0.020878,2.1141217
0.0,-0.25840807
0.0,4.860505
0.506249,-1.9472091
22.6392,22.235886
0.0,2.1141217
0.430381,-3.840078
0.0,2.1141217
0.0,2.1141217
0.0,2.1141217
0.051393,10.640912
34.9534,11.14195
0.0302222,3.2790482
9.11898,14.281298
7.56916,7.620309
0.0,2.1141217
0.051393,10.640912
0.326888,2.1141217
1.2967,3.1364849
65.8736,28.888218
0.0,2.1141217
1.48847,4.247219
18.8186,20.06213
7.15171,19.602364
45.4482,14.968068
1.2981,2.1141217
20.6157,-6.077404
29.9613,11.648831
0.0,2.1141217
1.20623,1.6980858
0.0,0.5682595
0.0390604,2.1141217
24.9655,10.654388
9.97241,2.1141217
4.50938,40.591045
58.1102,10.541773
74.6795,39.369404
2.1598,13.164859
4.16915,22.320343
0.0367091,11.055564
0.0,2.1141217
19.9108,12.020323
120.835,135.09126
39.5829,13.083946
19.6924,35.119324
11.0919,11.889246
125.393,48.442356
8.54891,5.6767807
16.4448,21.654411
0.756851,2.1141217
37.7274,15.489123
0.280835,2.1141217
119.708,45.09306
3.09294,3.3590214
0.0663601,2.1750813
0.128932,2.1141217
13.1918,19.154867
0.0,2.1141217
0.0289539,0.8511088
0.0,2.1141217
18.7678,26.750496
0.0,2.6174242
0.0,4.6165786
0.0,1.2836053
9.53719,18.905878
0.0,2.1141217
0.0,2.1141217
0.0,2.1141217
6.68171,11.858035
0.0,2.1141217
36.8578,23.21264
58.7779,85.039795
24.8651,11.834139
0.0,2.1141217
0.0,6.4286556
27.6481,35.789776
10.3338,17.717674
7.62847,10.653412
0.0,2.1141217
19.0973,13.576932
10.4744,13.986696
0.0,2.9522915
104.993,24.207367
2.59898,1.9284613
18.7859,35.545757
15.801,20.870287
15.4888,2.1141217
0.0,2.1141217
0.0,2.1141217
9.59899,20.638868
0.030774,1.4754741
0.0,7.79317
0.0100148,2.1141217
0.19443,2.3049543
1.50932,20.032597
1.00624,13.7748575
2.8793,2.930811
0.0304184,2.1141217
0.834837,12.317666
64.8804,17.447927
0.0,-1.3018804
0.193118,2.1141217
8.28284,17.192806
12.1118,13.254858
74.3385,46.01965
6.77438,12.194971
0.146754,5.3821993
0.0,2.1141217
0.0471679,2.1141217
0.0349127,18.52758
0.0,2.1141217
6.83028,1.2526953
61.2563,24.806034
0.0,2.1141217
0.0399567,3.0263553
0.0546572,-0.2940402
0.131845,2.1141217
28.1376,12.335235
0.620975,2.1141217
135.592,2.1141217
2.88903,-1.1134276
21.8819,20.460121
0.0,2.1141217
0.0,1.5903652
10.2142,8.171075
7.96039,9.620176
0.0,10.640912
2.83586,1.7063673
0.711576,3.9383605
181.385,61.18591
0.0,151.90787
7.95033,45.426662
19.7669,11.929037
11.0804,2.1141217
11.4688,18.488394
0.144043,8.251821
4.24814,35.387207
60.3985,62.8472
15.8592,8.678621
0.0,17.20741
8.79761,23.319124
3.72976,3.3237393
17.5005,9.255119
35.8993,19.620708
0.0,2.1141217
0.0719362,2.1141217
1.7845,1.3026521
1.71379,12.77907
1.07475,2.1141217
0.0,2.1141217
0.890859,22.224403
25.4392,4.283907
48.1856,5.3328
0.465516,7.327524
0.0,2.1141217
0.02025,2.1141217
18.8462,9.618952
0.030774,1.4754741
0.00883951,2.1141217
0.0,-2.117314
0.0,1.8076708
28.6632,2.1141217
1.30415,16.277033
0.814287,11.453752
17.5554,49.313316
105.491,33.311104
21.2796,4.2467804
0.0,2.1141217
0.718754,9.930091
9.97241,3.7023196
38.012,12.836405
0.0,7.8813066
0.182946,0.69926
0.0,176.89882
5.64967,14.811035
0.242017,1.3570955
2.3566,9.022102
0.0,2.1141217
0.0,2.1141217
2.84066,-1.5629308
0.0,2.1141217
125.393,48.442356
0.0,2.1141217
0.0213519,2.1141217
0.0657912,0.45112586
0.051393,10.640912
0.392164,22.510468
2.7029,15.41295
0.0,19.734026
0.0,2.1141217
0.00732287,2.1141217
7.18879,8.315482
24.1137,9.590278
0.0,2.1141217
50.821,21.094193
0.50208,8.957945
0.0319741,2.1141217
69.8285,29.371094
0.249562,0.12338662
0.0598996,16.568308
0.921524,12.2557
71.8092,36.791588
0.0,0.5771313
0.221002,-13.219216
16.2593,2.6832478
0.0,2.1141217
0.350979,2.1141217
0.0,0.5771313
22.0206,15.729869
0.0,1.8736091
9.91484,4.7071433
42.093,10.118767
0.0182024,2.1141217
7.30838,20.630749
3.80604,2.1141217
0.0,2.1141217
0.0352451,4.789089
0.731623,2.1141217
0.101265,18.77942
0.0,2.1141217
0.0,34.55755
0.0,17.380154
7.15625,18.926508
0.0,2.1141217
7.77801,3.7064323
69.2168,28.249992
5.52528,7.929861
12.186,4.499382
0.0,2.1141217
0.95049,36.045807
0.140461,2.1141217
0.0,2.1141217
4.22479,2.1141217
0.0,2.1141217
0.0,2.1141217
0.0515552,15.653768
3.71542,14.741757
26.1315,2.1141217
7.93361,18.89825
9.95179,14.724149
0.0,1.8651412
148.964,50.53658
3.95405,8.442276
0.0298953,-1.3251126
0.0335812,2.1141217
21.4696,40.645058
41.0959,43.766884
67.7254,19.630344
0.0,2.1141217
4.72517,34.528927
0.0,0.95582914
0.0164465,2.1141217
39.6302,27.888292
22.6392,22.235886
0.0,1.0217772
0.5899,9.898188
0.0,2.1141217
0.0196105,2.1141217
65.9312,15.741511
0.0,2.1141217
0.645388,2.7972007
16.651,6.9716806
27.9437,12.362185
0.250308,2.1141217
1.77718,11.004595
0.0,1.4067833
0.0,2.1141217
5.34906,-0.69649386
0.0,2.1141217
0.0,8.690841
4.74842,25.753876
0.0,2.1141217
0.0,0.23550344
21.1058,9.84655
31.688,5.6812572
0.0,2.1141217
32.8867,32.37284
0.0205435,3.8846037
13.3117,22.231422
0.0519899,2.1141217
0.0,0.5771313
14.3224,3.8547902
9.33881,10.063693
0.05704,1.7636831
23.5057,21.816422
0.370948,22.203283
9.26149,26.114075
39.9955,1.9288018
0.0213508,2.3584757
0.0263495,2.819792
2.31478,8.57442
0.0,2.1141217
0.0,2.1141217
0.0,2.1141217
0.0,2.1141217
15.8452,27.260025
4.23913,0.30199766
0.0,2.1141217
21.5036,9.454957
0.286364,12.875667
0.395147,1.6680295
2117.69,770.2522
4.44392,15.230742
4.252,7.590458
19.3636,28.353058
0.288295,16.369684
0.0,0.32187057
13.4342,12.881057
0.0,14.436345
69.8534,33.892338
0.0558323,0.40073705
0.0,2.1141217
0.0,2.1141217
12.1992,16.390074
15.4143,12.880393
0.0249441,2.1141217
1310.38,635.1254
67.7941,21.70385
215.418,6.9280405
1.2448,21.164936
1.06559,52.391766
4.42522,36.25721
6.70068,3.5633643
1.48258,2.1141217
0.0,2.1141217
12.5119,9.799609
5.62778,28.63213
0.00317201,0.8304486
44.0179,13.652997
2.62196,12.102918
0.041684,0.70320606
25.3452,24.860943
7.88268,-4.132309
16.5429,7.025364
0.0,2.1141217
0.0,2.1141217
0.0,1.318897
0.189405,20.055475
12.0386,31.243374
3.17315,3.9345748
0.0324436,2.1141217
11.0111,2.5822458
0.0,2.1141217
0.392164,22.510468
0.579666,-5.9888706
3.9038,23.372967
0.0,2.1141217
20.9778,15.450052
0.0,2.1141217
0.0,1.0983262
0.0,2.1141217
6.31433,18.7044
0.0,2.1141217
0.0,2.1141217
0.0,2.1141217
0.051393,10.640912
0.0377064,0.29086542
11.6433,9.349525
0.0,2.1141217
6.18577,2.1141217
0.115567,2.1141217
25.6865,3.1584702
0.0,2.1141217
0.0349127,18.52758
15.4771,34.90824
18.2872,2.6174242
2.92382,15.606725
0.0,2.1141217
18.2572,15.290307
0.748226,9.400915
0.0439948,2.1141217
0.267008,6.2995634
19.3857,20.746702
0.102877,2.1141217
6.98693,6.358738
25.7777,4.499515
0.0,2.1141217
6.17503,12.30139
0.0,2.1141217
13.7639,28.02745
0.0,2.1141217
9.93782,-1.7465196
29.8626,9.99821
1.11074,4.250741
34.4265,66.661125
22.6392,22.235886
17.383,22.407894
23.0079,30.548077
1.33908,57.70426
449.819,226.1631
1.57899,17.45542
0.0,2.1141217
0.0533205,1.777457
0.261291,2.738549
0.044806,4.31981
0.0,2.1141217
0.0,2.1141217
0.0491806,-4.2015467
0.189148,30.154346
0.152698,9.845256
0.0471666,2.1141217
0.128932,2.1141217
31.889,21.893522
118.592,23.316647
5.62778,2.1141217
0.0663706,20.016771
0.0,2.1141217
0.00483917,-1.0735538
0.0,4.6370735
0.141132,2.1141217
9.79811,25.351694
10.3566,13.681395
0.0298213,0.74353814
125.393,48.442356
0.0,2.1141217
0.0,2.1141217
0.0,2.1141217
6.97012,-7.001562
59.8603,36.58726
20.7012,4.903678
0.0,2.1141217
4.4391,3.1621983
13.2992,11.3947735
4.6505,31.949331
82.423,44.120834
0.495369,-5.8510265
4.39634,0.10518193
3.79386,24.161053
0.966317,18.920326
0.0,18.542484
2.77634,10.760471
7.98251,12.59224
68.9565,41.60047
66.0095,23.907263
4.24562,24.031614
0.0,2.1141217
9.17639,12.622117
0.0,2.1141217
80.0908,47.488605
0.46655,2.1141217
0.0186586,2.1141217
12.4414,12.649867
0.205817,10.604936
15.8502,-0.20204759
0.848572,2.1141217
19.0907,23.068142
0.0,-0.17613196
0.0150512,2.1141217
0.0936892,38.820187
0.0,2.1141217
0.0,2.1141217
10.5992,1.3384106
0.0,-2.634526
0.0175394,2.1141217
0.0,1.9134045
0.0,2.1141217
0.0,0.4957726
4.28871,12.2628565
0.11804,2.1141217
0.527433,0.4703896
0.0995296,2.1141217
3.48776,21.840158
0.0,2.1141217
8.90006,23.220577
6.3446,4.093458
0.0,2.1141217
0.0,0.23550344
32.7106,0.5830095
61.8439,23.132519
0.0,2.1141217
120.835,135.09126
23.5049,18.863464
0.0,2.1141217
0.0,25.706093
16.7626,11.866763
0.0,2.1141217
0.0775661,12.326921
52.2404,19.97969
9.50146,16.337927
0.0,0.29086542
13.3312,-1.3509614
9.03346,3.665801
0.0631601,16.161892
0.0,2.1141217
1.66252,-1.8562982
0.506804,0.24509883
0.274875,-5.5513115
0.0,1.1667805
19.1377,10.59468
0.121128,2.1141217
3.44411,26.85794
4.252,7.590458
0.0182262,2.0288339
0.0,12.939656
0.0,2.1141217
10.2968,3.6999643
17.5535,0.761076
0.0,1.0983262
7.18879,9.392183
0.0,82.561455
0.0,2.1141217
24.8424,11.451528
0.0,2.1141217
0.0443065,2.1141217
0.110139,10.0767145
11.613,19.272999
0.0,1.467035
7.0301,3.5782177
3.8158,19.48229
22.2012,2.256387
20.3765,10.640912
16.0374,16.473394
8.92213,18.842077
0.0,2.1141217
8.74772,24.145414
8.58183,21.113712
0.0207707,2.1141217
16.4978,5.263463
0.0,2.1141217
2.84027,39.270187
16.652,15.70481
35.6083,9.452274
64.6435,44.61304
6.34268,18.719242
9.30776,1.8620818
2.90635,13.125197
111.675,77.079254
26.037,31.22477
90.4579,57.36945
2.61288,6.3151884
2.15454,30.475992
0.0174459,-2.338165
0.0,2.1141217
2.29405,1.2912896
0.0,1.0983262
0.0,2.1141217
0.0,16.535696
26.5159,2.7758322
40.7414,19.069733
0.0,2.1141217
0.267529,2.8285208
0.0,26.720026
4.61178,10.156065
0.152073,2.1141217
12.3571,23.718971
0.0167702,0.103040695
0.0593236,1.2174494
1.95134,1.7391689
4.9521,18.11908
0.0,2.1141217
0.0,2.1141217
0.096906,2.1141217
10.5992,1.3384106
0.0,2.1141217
13.2992,11.3947735
0.0,-0.9409034
5.5321,2.1141217
3.42946,12.508247
0.0,4.5804896
0.0,4.860505
0.0,2.1141217
0.0298017,2.1141217
0.882688,2.1141217
0.0,2.1141217
0.17381,6.413969
0.0,2.1141217
0.144043,3.3280761
18.8462,13.676598
32.2663,18.915112
26.5685,38.29288
0.0,2.630879
13.4906,16.97263
0.0,4.093458
0.0413947,0.73577857
0.0,2.1141217
0.0,-0.2132678
0.0289529,2.1141217
13.8431,20.327045
0.048364,28.99607
0.0,2.1141217
7.86085,2.1141217
0.0,2.2803752
16.4448,21.654411
0.020878,2.1141217
0.233901,3.5633643
0.0,0.82010317
5.72758,-7.969224
12.2934,21.067387
77.4792,47.29542
0.0629815,9.647389
0.0,2.1141217
0.0,2.1141217
18.2676,1.034899
0.0,2.1141217
6.14369,18.442125
0.167532,2.1141217
0.0,2.1655145
0.0,2.1141217
0.0,2.1141217
0.775053,6.7206182
5.14796,17.497374
70.6535,11.717363
0.0643209,2.1141217
44.6865,33.375725
17.6053,16.301317
1.48847,-0.33639956
57.9345,18.53814
53.3411,23.261015
8.14864,9.115444
0.0,2.1141217
0.0,3.2865114
3.41305,23.565973
12.0114,15.282107
38.0233,26.982023
0.0,2.1141217
11.3911,19.992884
421.713,191.50102
0.0471918,2.1141217
0.0,2.1141217
0.0,2.674599
0.339008,16.097927
0.0,2.1141217
0.26099,10.215133
34.3778,29.530094
0.839133,0.82010317
49.3187,15.216051
0.443035,9.349525
3.74162,1.2334211
1.51571,4.39907
51.3322,13.412292
0.0,6.3895636
0.601574,17.035135
19.6408,35.724266
4.08605,11.568307
13.5897,13.275623
10.1753,6.7233334
0.0,11.929037
17.241,5.3885
4.66756,13.006375
0.0,2.1141217
25.6865,1.9187403
0.0,2.091471
0.0929124,2.1141217
0.0225315,1.5501807
0.0,2.1141217
2.85292,14.223868
81.5728,77.25051
4.86997,12.102918
8.146,1.8355954
0.0,-0.25156605
12.1107,26.946754
3.56969,20.613127
2.1426,13.030187
26.1965,15.0522585
9.59899,20.638868
11.1051,11.519759
84.2077,48.983906
0.0,2.1141217
3.34978,56.614372
8.79761,23.319124
0.196911,2.1141217
0.0591675,2.837563
0.152073,2.1141217
2.02648,19.64812
7.51723,42.9865
6.41804,13.725671
72.9475,41.903538
20.3765,12.939656
10.3538,21.343754
0.203546,-4.2201653
0.0,2.1141217
0.0437111,2.938205
4.49927,12.227067
0.150153,14.2971945
2.7544,9.793563
0.0,-0.58296895
4.33894,0.030369043
12.3842,1.6731446
0.795791,2.1141217
15.7728,23.255983
0.0,2.1141217
1.83936,4.883544
0.0,2.1141217
3.05303,24.401108
0.0,9.620176
11.9639,8.208203
0.0105662,-0.69649386
0.0,17.466925
10.6428,28.57281
60.6128,14.8970995
13.7754,-1.0408132
0.0,2.1141217
0.0,0.9093549
19.633,20.23693
1.67192,-2.7970178
35.6625,1.7104518
15.1536,20.416458
1.06258,3.1960177
0.0,6.5354815
0.435769,8.184753
0.11797,2.1141217
7.93916,22.228308
0.0,0.3853283
0.605419,2.1141217
619.796,434.20877
0.116934,-4.5107555
0.0,2.1141217
9.91484,4.7071433
45.3527,28.551937
0.391701,1.6604376
25.9758,2.1141217
2.77545,2.5970259
0.0507438,0.30523944
0.493416,9.909786
4.56078,26.231361
0.0,2.1500964
0.114685,10.1176
1.61219,-2.7970178
0.0323338,21.401966
0.0,2.1141217
0.145731,1.861089
23.8569,1.1984627
1.05183,4.739744
0.144043,3.3280761
5.82246,46.78689
21.9108,36.581593
0.0,17.180706
16.0374,25.293869
0.108438,3.1698961
9.90804,5.0643463
0.0,2.1141217
3.12215,15.315433
2.0112,22.51567
4.02724,1.5991087
0.0,1.9700315
0.153628,2.4678602
5.26338,12.242013
0.0,2.1141217
4.40395,11.223458
11.3093,16.286243
4.8582,2.7745726
10.5992,1.3384106
0.0,2.1141217
0.0,2.1141217
0.661148,13.078752
45.4482,14.968068
0.347893,2.1141217
4.6208,0.12969851
45.9039,14.968238
0.0,2.1141217
0.0,17.698967
1.16659,23.261015
17.542,30.793034
48.9936,42.94617
6.9048,30.23168
0.235525,4.0943966
8.86629,8.123019
4.63381,2.1141217
23.5049,18.863464
0.0,2.1141217
0.0,12.629026
0.144043,8.251821
118.158,72.17413
0.00636721,2.1141217
0.0,2.5476768
5.79564,17.904425
0.685934,5.1369324
22.5027,7.587393
0.0210097,0.081269264
10.6428,28.57281
0.0,2.1141217
9.20009,6.128113
16.651,6.9716806
0.0,2.1141217
11.8048,35.00632
0.245531,3.2252088
0.0585149,2.1141217
7.61104,16.89824
0.249562,0.83095837
4.61178,10.156065
39.572,5.5240297
13.4554,7.714532
18.8462,13.676598
31.4853,-2.9932468
0.0,1.2725718
19.325,13.161967
7.30085,26.150126
24.8424,11.451528
46.4472,13.312503
3.92858,17.172031
23.3742,-0.8142781
169.909,23.070824
3.34189,15.039185
0.307538,7.4251614
0.0713237,2.1141217
0.0,2.1141217
34.7113,0.103936434
26.8146,37.675488
0.096906,2.1141217
0.0,2.1141217
0.1799,2.1141217
21.4206,31.22477
17.2867,66.19367
10.6593,19.84562
37.7718,24.386005
0.0,2.1141217
0.0,2.1141217
0.0,3.7575486
1.84488,68.73067
0.0,2.1141217
0.0535501,0.9583409
0.784984,7.2852087
48.8198,35.121403
0.0,5.9666567
0.0,2.1141217
1.08185,4.2690334
127.128,43.03889
7.11868,2.1141217
0.0,2.1141217
0.0,1.9729297
9.51941,28.833735
36.1719,38.79511
6.43976,10.101254
12.7177,38.01109
1.62673,2.1141217
23.569,21.365574
8.15758,10.270487
6.57905,4.661065
0.0,9.869285
0.0,2.1141217
0.0126407,2.6173744
4.06435,6.2033253
0.0,2.1141217
0.0,1.1844966
0.0,2.021357
0.144904,2.1141217
0.0,2.1141217
0.0,2.1141217
37.6582,-1.7871869
0.0672646,1.5148344
0.0,-0.8270278
0.0,17.919632
3.56694,5.6058874
0.493416,9.909786
0.0,15.584801
0.0,2.1141217
0.0,2.1141217
0.809665,18.055077
31.889,21.893522
10.5992,1.3384106
12.8269,6.033325
0.0401582,2.1141217
0.0,1.9262223
0.277087,7.0376606
0.32237,17.096403
1672.53,979.53864
0.0,2.1141217
12.0573,1.9288018
2.73993,1.2791839
0.25537,0.6558373
46.9646,28.332542
0.210907,1.7726028
0.110526,1.0236454
0.32082,0.62366176
19.6644,2.1141217
0.0,2.1141217
22.6518,11.323427
0.234831,2.1141217
20.9778,36.557873
1.3173,-0.15998054
0.0126912,2.1141217
0.0,2.1141217
12.1938,6.6488075
13.7472,12.580719
18.4835,18.824154
21.5605,23.692043
0.0,2.1141217
9.21049,21.908848
7.87052,2.1141217
3.84675,3.2658224
25.7322,0.21847963
1.32143,-1.3001394
0.0,2.1141217
0.0,20.571957
0.0,2.1141217
0.0755083,14.142978
2.17957,-3.8556898
0.0,2.1141217
24.7055,6.380171
0.0,2.1141217
0.00929197,12.265712
0.0,2.1141217
13.3117,22.231422
0.0,27.10631
12.6111,18.351051
18.1842,22.51697
0.0,2.1141217
0.0730475,25.465168
95.5694,46.040302
2.62049,12.880393
0.0,-2.1801388
0.0527068,2.1141217
49.8636,11.690372
213.647,44.29129
0.0,2.1141217
39.734,23.422894
13.4782,2.1141217
1.61215,6.8086452
17.9806,69.23782
0.38795,2.1141217
0.356682,14.187299
0.00881279,2.157343
2.02097,5.8999786
0.675582,7.4796715
0.405692,29.10675
8.82209,16.777163
17.5213,8.180635
0.0,2.8751018
8.98008,5.105727
13.8431,20.327045
0.287353,2.1141217
0.0,2.1141217
0.097734,2.1141217
15.6565,11.02563
3.93496,6.390974
2.59291,12.116845
137.862,5.2959323
0.126845,2.1141217
8.44341,-2.7970178
0.0,-1.1964519
6.34757,4.783038
12.0457,14.095833
73.3151,51.266453
0.0,79.42939
25.3641,11.298175
0.0,2.1141217
0.255391,8.699045
0.0528116,24.20831
5.25244,2.545725
0.0,-2.5393417
32.5265,2.1141217
0.0416894,3.250691
69.4052,34.295563
0.234589,13.454934
0.0,-2.117314
0.0,6.370822
0.205377,5.4409432
0.0,2.1141217
31.889,21.893522
0.0,2.1141217
0.533996,7.6865845
5.27784,7.4684772
10.7566,109.494774
5.75256,16.679386
85.6316,49.313316
0.0,2.1141217
23.7592,26.837093
1.13365,2.1141217
0.0,2.1141217
7.88277,9.082206
0.0,2.1141217
0.095244,3.7396672
52.7999,12.394505
0.02025,2.1141217
13.3267,37.16463
0.0,32.383827
0.0,2.1141217
0.103001,13.998017
0.640254,1.0902624
0.0,2.1141217
11.6433,9.349525
0.0,2.1141217
0.365548,1.0874643
0.365904,2.1141217
0.192688,28.032505
0.0317711,2.3991416
7.88359,-1.3921068
5.38459,13.240333
1.40665,21.397713
0.50208,8.957945
55.5987,34.54204
546.123,537.6102
15.2282,20.561453
0.00808029,3.5235908
0.430817,1.4087701
0.0355344,-2.4333835
0.224466,2.1666377
2.15317,6.865243
14.4278,9.718663
82.423,44.120834
6.86443,9.686059
20.3765,10.640912
0.083875,0.4617207
5.71485,8.162873
3.42484,7.479128
0.0,0.7688017
11.9358,11.174649
3.42239,3.3999474
16.4003,17.390299
13.6965,15.296647
5.80315,-8.022828
0.0,2.1141217
0.0,2.1141217
3.56435,5.1459646
0.251966,9.991023
0.0,0.16451192
0.0,2.1141217
0.0,1.5910406
0.0,2.1141217
7.88268,-4.132309
14.7658,10.350167
0.02025,2.1141217
10.6178,16.72379
2.91784,10.749166
0.0,2.1141217
39.9277,3.4104068
0.0,2.1141217
15.1906,30.559162
11.8814,2.621599
10.8701,10.716125
13.2385,25.954979
0.0244364,1.7711942
80.0908,47.488605
0.0,2.1141217
0.186278,11.527003
12.011,2.6910422
13.1318,18.285511
0.0,2.1141217
11.684,10.562799
0.0,2.1141217
0.0,2.1141217
38.0233,26.982023
0.0274851,6.983735
0.586897,18.166927
32.9177,14.948352
63.3518,96.71566
10.3338,17.717674
34.8418,20.649689
1.65003,9.023109
0.0,2.1141217
0.0,1.6542675
0.085572,1.5539007
0.124839,2.1141217
7.15625,5.962779
9.31878,11.312515
8.20827,20.410673
0.0615141,2.1141217
0.535877,11.669469
0.0,1.7756441
0.259034,7.18423
0.0,4.035578
0.0,2.1141217
0.0,2.1141217
63.3414,16.209227
3.92858,17.172031
12.8278,0.380116
0.0327912,-1.4504831
0.0,2.1141217
0.051393,0.29744983
15.6962,38.60654
0.0503724,1.3923142
8.3931,6.6434584
4.91671,5.141102
0.0531188,2.1141217
0.0196105,2.1141217
3.82681,8.77594
21.4214,1.2447252
0.0,9.392183
0.0,2.1141217
0.0,2.3622813
0.0240347,2.1141217
20.6573,30.94889
0.0701119,1.2577598
0.114676,21.859512
0.0178514,1.152406
25.2905,2.1141217
40.7339,16.791557
24.6137,14.436345
22.312,10.03251
0.0734416,3.4751265
0.0261254,2.1141217
0.0,2.1141217
30.8985,39.762157
67.7821,122.159065
131.913,148.75148
110.851,54.27954
0.172357,6.8248844
0.183023,-0.3993194
19.4241,12.33274
0.0,2.1141217
0.0,2.1141217
7.42049,53.44865
0.0,2.1141217
74.0086,3.5481496
3.40206,11.675517
0.0,2.1141217
30.6925,26.891708
0.0,2.1141217
19.9297,21.359615
5.78663,3.5001225
17.823,-11.805087
6.08398,28.95123
6.02159,2.1141217
0.0,2.1141217
0.0,2.1141217
0.0,2.8783617
0.0,2.1141217
31.889,21.893522
0.0719362,2.1141217
4.89267,23.720135
0.0584246,12.60401
13.7455,7.2248926
5.16245,23.882925
97.9946,13.908255
102.929,6.0525026
9.8331,19.378792
2.64652,2.6902978
15.1496,0.35352492
0.0178514,3.6641629
93.6125,31.362514
1.45705,21.390472
1.37014,14.3600855
0.0,2.1141217
0.0,2.1141217
5.02146,3.536998
9.75614,17.127977
5.59409,2.1141217
73.5095,96.569824
5.54419,6.6290503
6.77438,1.8419385
0.0,2.1141217
8.82209,16.777163
0.0,2.1141217
0.0,1.2351191
23.5283,25.996378
29.4862,12.499374
0.0,2.1141217
4.237,-1.5331583
1.26219,2.7510846
0.0548003,3.5543869
0.0,1.0395103
20.1227,10.385486
0.0,1.3778787
8.54713,1.5715945
0.0377064,0.29086542
7.56916,9.499555
0.383168,2.1141217
38.7644,14.196477
7.29843,20.053232
0.0264659,2.1141217
1.34405,30.793034
22.2885,7.5954494
0.405245,-6.627083
0.736154,2.1141217
0.0,-2.1938334
0.0225525,2.537656
3.64295,6.3813343
23.2925,23.204113
0.0,2.1141217
8.29906,14.975915
0.0929055,-27.530704
0.0934376,11.358022
5.0811,18.055077
0.797986,5.66488
3.22638,2.1141217
0.295121,19.061857
0.265853,8.445214
0.193096,2.1141217
8.203,26.963102
0.0,2.1141217
19.3196,10.028743
0.0813193,2.1141217
0.523938,2.819084
0.0,2.1141217
0.0,2.1141217
0.0,2.1141217
0.0,2.1141217
0.0,2.1141217
125.393,48.442356
7.92071,8.466211
5.21219,21.47519
0.728755,7.070903
6.89648,8.901161
0.0995036,5.507628
0.546353,2.1141217
0.0,2.1141217
36.1053,28.188713
208.301,81.07133
9.99134,-1.2827265
9.91484,4.7071433
0.0,1.7488718
0.0477546,2.1141217
32.4123,18.920326
0.0556715,65.50309
0.0941157,2.1141217
0.0,2.1141217
6.84802,3.1768386
17.956,14.975915
0.0603654,3.621923
2.57364,2.5451124
7.75207,16.923578
11.5061,11.981066
3.567,11.604247
0.184332,2.647594
0.41738,2.1141217
34.7799,6.915885
11.3792,21.755737
0.11251,2.1141217
0.0,2.1141217
0.0,2.1141217
0.0,2.1141217
0.00483917,2.1141217
2.91784,10.749166
0.0990968,2.1141217
60.8617,53.951042
44.3593,3.4527056
0.0,5.363702
0.0,7.8813066
0.0279625,2.1141217
10.7566,109.494774
0.0,1.4902458
0.251745,11.323427
0.0631601,6.721158
0.0,1.5841131
6.32027,6.5035286
4.80261,6.386096
0.0,2.5476768
0.0,21.859512
4.09921,2.1141217
0.0,2.1141217
0.0384701,2.1141217
19.4241,12.33274
0.0,2.1141217
4.32993,18.492495
0.207645,2.1141217
0.523938,2.819084
6.45017,28.813023
0.0,2.1141217
0.389173,30.88197
24.4512,7.553067
3.5456,5.526293
0.894353,2.1141217
7.0598,185.91435
11.9299,20.986195
0.0,2.1141217
0.0,2.4350557
9.97059,10.703694
31.889,21.893522
0.0,7.477748
0.0,2.1141217
16.5429,7.025364
9.18391,24.441113
3.1273,9.765088
0.0,2.1141217
0.0192044,2.2080545
13.9122,22.010479
0.0109018,1.618458
0.0,2.1141217
0.687824,2.7802448
11.0146,28.65237
0.720367,8.476936
0.551099,2.1141217
0.0170887,1.9800608
0.0,2.1141217
15.1883,-0.4926467
1.24157,2.1141217
18.7897,14.0975065
0.0,2.1141217
2.47586,0.40223908
0.0,2.1141217
0.0489275,148.75148
0.0,2.1141217
0.0,-0.00840497
0.0,2.1141217
28.0861,22.504894
0.216623,2.8882394
22.6165,25.098743
54.8596,58.96626
0.785863,11.924985
0.161006,-0.8942995
0.00883951,2.1141217
135.592,120.14659
0.0261993,2.1141217
0.0,2.1141217
0.0274204,2.1141217
19.633,20.23693
31.6808,7.7902346
5.57806,1.6406596
0.0,31.99386
1.21872,28.474463
0.0,7.374118
3.84611,25.26387
0.0313687,2.1141217
0.01066,1.4869483
81.5728,56.015446
20.7279,26.275034
0.0911023,1.6059716
0.0,2.1141217
0.24016,8.8348055
0.0312286,2.1141217
26.1965,23.195505
0.0,2.1141217
71.9296,53.655827
0.0227304,0.29086542
0.197127,11.081368
25.9484,23.705532
65.9041,44.343952
0.0,2.1141217
0.00483917,-1.0735538
0.0,2.1141217
0.0174459,16.847925
30.2065,12.013198
5.89798,-1.6842844
1.85386,20.35402
0.0,2.1141217
0.0,2.1141217
1.37359,3.8447692
3.78142,18.060768
1.98381,2.1141217
0.0,2.1141217
0.0376121,-0.6650107
26.037,31.22477
8.20516,10.8913555
0.0,19.123045
4.30556,4.5804896
21.1797,19.83668
19.3477,38.29455
0.0,2.1141217
0.0,2.1141217
0.0606471,2.6650019
6.18583,6.9340506
1.43893,3.1987975
0.0,22.888176
2.0945,2.1141217
0.0,2.1141217
0.613162,5.081085
11.9299,20.986195
31.889,21.893522
26.3449,27.25573
23.5057,21.816422
0.0,2.1141217
10.4332,3.8368883
0.0527068,2.1141217
2.41063,30.270824
0.835289,7.557605
4.252,7.590458
8.60684,16.819206
0.0,31.764145
12.3578,16.102467
32.6081,13.530164
27.5933,18.794815
1.53771,1.6991017
0.0,2.1141217
0.0,2.1141217
18.9655,-1.7686846
10.9277,3.7187657
28.7013,18.912045
0.0,2.1141217
7.15625,18.926508
50.8703,19.873135
0.0612858,29.69132
1.90568,2.1141217
20.3935,20.492825
39.4271,7.793908
12.2861,15.886534
9.21146,-20.942436
16.4448,21.654411
0.0,2.1141217
0.0,2.1141217
0.900053,20.228436
13.2118,25.511133
23.9789,2.5877697
0.0880575,9.001527
41.4786,46.66471
0.534153,2.1141217
0.23815,2.1141217
15.9863,15.862617
0.0,2.1141217
16.4925,17.136702
63.5438,24.261372
16.651,6.9716806
0.620975,2.1141217
0.0,-1.3135884
6.15595,26.395243
0.0,2.1141217
0.0,2.1141217
0.0755944,2.8671756
6.57803,19.378431
0.0,2.4189692
0.0,27.36461
2.16714,-1.4194787
73.4181,92.75944
10.775,12.13841
0.0,19.48394
6.32027,6.5035286
4.92439,5.569358
5.52068,-3.9367893
0.0552115,23.434006
0.921524,12.2557
0.0322283,1.0513065
0.0439948,2.1141217
0.0394029,2.3012564
0.0933876,1.0973876
4.80848,12.391461
0.0,2.1141217
2.85747,-6.298641
11.566,3.4195948
0.0048556,2.1141217
11.8329,25.538425
0.0,3.3065732
0.0224391,2.1141217
8.74772,9.561637
3.24636,16.818552
0.0,2.1141217
127.163,58.720875
3.54183,24.248484
1.26475,16.534485
5475.9,2.1141217
0.00808029,3.5235908
9.45225,-1.2070091
0.0,1.5771606
14.3389,8.091732
2.96211,13.240333
0.0,1.9189589
0.111054,34.723335
0.0,2.1141217
0.0,10.482551
0.0,0.800612
0.0,2.1141217
0.0234931,2.1141217
0.0,1.1844966
0.0,1.1295116
4.11243,5.6121855
9.77187,6.593405
999.037,722.5451
2.15317,4.285709
22.5788,2.674599
9.22554,0.82010317
0.0,8.901161
0.486084,17.357073
0.0,4.5587883
19.4284,1.5572522
0.0,2.1141217
0.0763863,2.1141217
0.0,2.1141217
9.68664,10.584289
20.7484,36.703526
0.0929124,2.1141217
0.0,4.808668
8.34133,11.548773
0.0,2.2040646
0.0,2.1141217
69.8357,51.6181
19.2374,23.206806
0.277373,1.0395103
0.0,2.1141217
3.2192,185.91435
10.9407,3.7090974
0.0,2.1141217
0.0,2.1141217
0.0,2.1141217
3.80485,12.413011
0.472333,11.404849
0.125719,1.1606264
27.5158,15.513185
540.622,183.37103
4.74927,19.321396
0.096906,2.1141217
1.51571,4.39907
0.0,2.1141217
22.5174,25.545338
0.387586,2.1645496
73.3554,55.918507
71.1452,27.070995
0.0,2.1141217
0.0,2.1141217
0.903396,2.1141217
6.33957,5.630911
0.396953,2.1141217
228.807,232.03015
0.134373,0.12338662
0.0,2.1141217
0.0,2.2209299
0.0,2.1141217
7.75683,1.5112829
0.0159444,1.1025805
0.0,2.1141217
0.0,0.83258224
0.0,-29.002003
1.07798,2.1141217
51.8407,35.06078
2.02248,19.282736
11.511,25.342793
5.88053,37.39488
12.5119,9.799609
0.0,2.790201
9.70918,6.3501215
6.28196,19.638403
13.6268,16.29248
0.0129563,3.9587405
0.807879,14.262389
0.0,10.640912
14.5681,8.389814
5.39411,8.383818
12.3692,5.8952036
0.0,2.1141217
36.044,8.697381
0.0,2.1141217
0.0,2.1141217
10.919,12.090957
1.67974,0.7603247
0.0,8.123019
0.0,2.1141217
3.84675,3.2658224
0.0,2.1141217
0.0,2.1141217
32.2663,18.915112
0.0,2.1141217
131.78,41.97781
0.0,1.3662713
0.476896,-3.3837535
0.276195,2.1141217
8.16661,5.3772893
0.0,-1.0427907
0.0,2.1141217
0.0443369,10.089036
41.4786,46.66471
0.0,2.1558995
26.8887,19.319578
0.0,2.1141217
0.0153356,2.1141217
9.15288,34.063732
0.0,2.1141217
15.9221,14.197778
0.140937,2.1141217
0.111489,-3.280266
36.9024,26.768509
77.5204,44.5948
0.0,2.1141217
5.13791,1.991874
2.47586,0.40223908
0.290254,8.049791
26.5595,-10.837208
29.2287,43.60593
0.0324739,0.33002996
0.251745,11.323427
7.74843,11.426965
19.2652,14.5943
0.0271285,1.5094061
0.463391,3.3696053
0.0,2.1534836
12.5145,2.9204228
0.0,2.1141217
3.21711,18.183434
4.66285,12.053571
28.1549,24.583374
46.1337,32.426346
0.801035,10.23961
0.0,2.1141217
0.0538977,1.787838
0.0,1.4070075
13.3341,31.899164
0.099321,18.863464
0.0,2.718015
35.7241,29.149555
0.0300586,2.1141217
7.39603,11.29555
19.4562,20.2921
0.0352722,1.6092777
16.2904,12.18266
47.6269,20.359526
0.0,2.1141217
0.350174,5.9043646
6.68511,18.000711
0.0,2.1141217
0.0,-1.1603291
2.9242,2.9824584
0.839133,0.82010317
9.53814,16.254421
18.6327,22.600948
0.0358075,2.1141217
37.4822,24.989555
0.473766,0.24263847
0.0215975,0.98555636
0.0545806,1.5859475
20.3765,0.29744983
20.2414,17.15134
0.0,2.1141217
3.92962,-4.2409534
0.0219642,1.6731446
0.0,2.1141217
0.189737,2.7248785
0.0,2.1141217
9.34879,-2.0053287
42.2534,32.606434
81.6833,40.624275
0.0,2.1141217
0.523938,2.819084
0.0,2.1141217
0.0,2.1141217
0.109324,-3.4846647
0.0,2.1141217
0.0,4.818945
0.523938,0.7144058
0.0,2.1141217
6.64903,13.723997
0.183023,-0.3993194
0.169072,2.1141217
0.0995036,5.507628
0.396267,2.1141217
0.0,2.1141217
38.012,12.836405
0.0,2.1141217
0.53003,8.051935
3.68977,6.2716837
5.72736,25.606443
0.0,2.1141217
6.41431,12.355937
1.45222,2.1141217
9.17639,12.622117
0.0,2.1141217
43.2114,31.972515
0.0,3.2658224
1.21628,19.781853
0.0471918,2.1141217
0.0,2.1141217
0.232573,7.8813066
0.0,7.8813066
0.0059639,5.48277
3.42946,12.508247
0.0,2.1141217
13.1278,-2.9826324
0.0,2.1141217
4.94766,14.345891
0.0324436,2.1141217
80.984,34.07179
0.996847,5.870553
0.0,2.1141217
0.0,2.1141217
0.31557,9.576032
4.87216,13.374253
58.8973,20.91948
0.15934,2.1141217
0.0,2.1141217
0.0215975,0.98555636
0.173498,2.1141217
0.0,13.460553
3.89335,2.1141217
8.05086,10.524122
56.1216,12.400736
0.0558912,2.1141217
0.0552115,23.434006
0.0764985,2.1141217
0.0611258,2.1283977
0.0,1.246783
16.643,1.7488718
0.0,2.5846238
0.530209,-2.4328406
5.5232,2.1141217
9.01874,12.745901
0.0734416,3.4751265
0.0214824,2.2296555
0.0,2.1141217
7.54107,10.86667
26.1605,4.085552
2.30816,5.3821993
0.0209604,2.1141217
0.0,2.1141217
1.55944,15.140662
21.9927,22.145355
0.0,7.7846727
1.46424,14.417108
53.941,17.030712
233.507,10.660026
21.9927,22.145355
0.144043,3.3280761
15.6978,5.483918
0.0,2.1141217
114.402,92.78826
64.6435,44.61304
0.0,10.640912
0.0,2.1141217
0.117825,14.532139
29.102,46.72956
0.0,2.1141217
3.86654,11.834139
0.0231881,12.860572
42.7882,32.617336
95.6333,148.75148
0.0,2.1141217
21.4343,26.125593
74.4413,7.8713646
0.0,0.30201936
77.3469,38.332794
0.0203818,2.1141217
2.56798,11.1590185
0.0,2.1141217
16.1817,14.579251
6.18605,-4.25599
0.0,2.1141217
19.4241,12.33274
4.43543,3.3182988
0.0,2.1141217
4.25339,12.817225
9.95179,14.724149
12.2934,21.067387
0.0,2.1141217
0.0324436,2.1141217
0.0,-1.2776003
0.0324436,2.1141217
0.0,-1.2776003
0.0730475,25.465168
34.1317,47.019352
0.196792,1.180531
1.34405,30.793034
85.6316,49.313316
2.92734,0.5697515
0.679415,-1.9189279
0.0,1.1468518
0.0,-2.634526
0.228427,3.4162571
1.83627,7.546157
0.16686,2.0475273
0.0,2.1141217
8.8373,7.4242964
0.0,2.1141217
0.0,2.1141217
7.02549,52.2299
0.014271,2.5347397
1.61219,-2.7970178
17.1223,31.58688
0.0,12.757758
31.889,21.893522
12.5126,36.685486
0.0,2.1141217
0.0,5.3661222
0.731201,4.8370123
0.128932,2.1141217
0.0,10.211017
2.84066,-1.5629308
0.0,2.1141217
15.6852,23.286343
0.0,2.1141217
5.33143,36.46951
9.68165,-13.67969
0.0,1.7918034
7.81001,2.2895124
0.0,2.1141217
5.52068,-3.9367893
0.0,3.2658224
7.72727,12.537587
25.4966,5.648841
6.17529,21.826984
20.3765,10.640912
0.0,2.1141217
0.0963651,6.151945
90.9355,34.432293
7.60593,20.739077
0.0,-2.634526
0.0,1.3941808
0.0,2.1141217
0.0,2.335539
0.0466771,2.1141217
0.0,2.1141217
7.39603,11.29555
0.274277,-1.549608
0.0297182,2.1141217
0.0,2.1141217
0.0,28.6583
3.65365,11.552848
0.0236764,2.1141217
57.1242,43.250576
0.0,2.1141217
0.0,2.1141217
12.2876,34.723335
18.8462,13.676598
0.0,2.1141217
66.0095,23.6217
14.6904,15.620978
7.29843,20.053232
0.66808,3.2250285
21.2267,7.936366
0.0,2.1141217
0.0,2.1141217
0.391701,1.6604376
13.6542,55.56834
9.41833,5.363702
0.0,2.1141217
0.0,2.1141217
5.08513,10.862136
26.3314,8.763604
0.0,10.915148
0.0,2.1141217
0.126442,14.415469
0.0,2.1141217
0.0,2.1141217
3.73044,2.1141217
12.3578,16.102467
22.0206,15.729869
0.0,2.1141217
3.21194,9.766704
13.0842,13.983684
9.91484,4.7071433
19.6144,16.36996
0.0992041,6.863328
0.0,2.1141217
18.058,14.502532
0.0,2.1141217
0.0657912,0.45112586
0.0,2.5625207
0.0339982,9.898188
27.2276,15.8784895
0.0,1.0983262
8.99338,6.937025
8.74888,26.181318
0.0,2.1141217
19.4241,12.33274
72.8,60.11593
0.19443,2.3049543
0.599454,4.151981
169.204,177.49995
28.3832,35.365227
4.17273,6.5554934
0.0779552,1.8535633
5.38391,13.484441
0.0215975,0.98555636
18.4835,18.824154
1.96863,4.7234097
35.0216,34.536022
0.0,2.1141217
2.01911,6.6286907
0.0,-5.8510265
0.0,2.1141217
0.0,1.1704123
0.0476741,6.721158
38.9204,42.205048
10.5992,1.3384106
0.0,10.0767145
0.125719,1.1606264
0.0,2.1500964
0.0,13.613509
0.299234,2.1141217
228.807,232.03015
0.0,1.8410656
0.0,10.038256
7.0301,3.5782177
0.571642,5.772444
1.00717,2.8747485
2.0112,22.51567
0.0,2.1141217
0.0951988,2.1141217
29.3555,27.065012
0.0,2.1141217
3.42239,3.3999474
21.3463,18.96202
1.25105,16.780394
7.13458,16.655676
26.1965,15.241258
0.738765,15.435817
0.0,2.1141217
37.5751,19.346153
0.125719,1.1606264
7.93361,18.89825
0.186278,0.078888655
1.77718,11.004595
68.9289,40.125473
0.0,2.1141217
19.7884,2.1141217
0.0,2.1141217
0.365548,0.60117507
8.45355,-3.4851406
10.7566,109.494774
8.8373,7.4242964
0.0,2.1141217
0.0126654,13.00756
4.21751,4.613679
1.55598,14.981039
0.0,3.2658224
0.123151,2.1141217
0.0,2.2397728
0.0,7.8813066
0.0,2.1141217
0.146497,15.259856
19.0873,1.5722468
0.0,1.8642809
0.259034,23.220432
0.0,2.1141217
2.64879,11.711758
12.9993,15.3572855
0.0,2.1141217
0.0,3.0768182
4.74464,12.30243
0.0,2.1141217
0.0407668,2.1141217
22.0206,15.729869
10.2463,48.377068
0.0693409,2.3662195
2.87896,18.385353
31.6605,14.721123
0.0535501,0.9583409
0.0179047,4.7071433
2.42901,1.461534
1.78545,-1.5335376
0.0,2.1141217
4.95834,13.597182
2.16714,-1.4194787
0.0589175,2.1141217
44.0526,29.583755
0.0755944,2.8671756
0.0221842,0.2852447
4.33664,-1.2167556
0.0932137,31.243374
0.0,2.1141217
0.0,2.1141217
0.0,6.243685
0.136099,21.719234
0.0,2.1141217
0.0,2.1141217
0.375869,3.757612
0.0,2.1141217
2.64652,2.6902978
26.1892,16.187202
0.103214,1.3337121
0.0,1.6806939
0.0,2.1141217
0.0323811,7.968055
0.409423,2.917946
28.1427,12.2930765
1.02618,10.1774645
0.0,2.1141217
15.348,3.2471302
0.0,4.589987
8.79761,23.319124
5.03248,2.1141217
9.09213,1.8950937
19.7847,30.050552
7.93361,18.89825
11.6433,9.349525
0.0,2.1141217
0.0,2.1141217
0.0,2.1141217
32.8621,5.803911
1.13347,0.36704612
7.05387,11.891062
60.5572,23.315998
37.1852,26.776608
12.3578,16.102467
2.49685,27.733875
97.4455,13.742554
31.889,21.893522
0.095025,0.7277944
0.0,3.7750463
0.0,4.2483196
46.4183,15.989819
12.8642,7.0123835
3.80485,11.790348
8.17572,4.4954576
45.9377,35.232307
0.0265841,2.1141217
0.0,2.1141217
0.0,2.1141217
0.0,2.1141217
0.0,1.4856396
91.3823,26.646442
146.641,58.45385
5.57925,33.26266
16.2455,9.72878
0.0,2.1141217
0.0,2.1141217
0.700818,0.42691803
0.943136,17.126757
0.0130855,6.83778
24.5835,14.672391
0.0,2.2040646
16.2511,15.488265
12.3382,20.4896
0.0,2.1141217
0.0,11.07588
10.4744,13.986696
77.0235,16.765327
0.182939,2.9015365
6.43976,10.101254
0.0,2.1141217
12.5311,50.582424
11.0977,-1.3001394
0.051393,10.640912
0.0,1.7990053
0.253644,2.1141217
6.3398,6.619046
31.6466,35.105732
19.4241,12.33274
0.0,2.1141217
0.112592,-10.933797
0.123102,0.12347925
0.0,2.1141217
0.0933876,-1.4019248
0.0,1.3405097
0.0,2.1141217
0.0764948,0.90974355
23.0829,2.3348918
0.080121,2.1141217
0.125719,1.1606264
0.0,2.1141217
0.0610322,2.1141217
1.66053,5.2509212
22.7626,26.345663
3.15788,-0.8901329
12.5145,2.9204228
6.96426,17.183605
6.57556,38.398502
126.529,68.64651
0.0,2.1141217
0.0198511,2.1141217
0.0,2.1141217
191.374,79.67991
0.0,2.146422
0.099321,18.863464
0.37654,3.5481496
89.6832,48.062916
0.0755944,2.8671756
29.1625,8.818016
0.0,2.1141217
0.0,2.1141217
12.0095,12.7311125
0.0,2.1141217
0.0,24.374374
27.2294,15.182749
0.027453,-1.5067499
11.5688,957.0675
4.30556,4.5804896
0.0566849,2.1141217
7.08421,4.8179226
0.0,-2.338165
0.0,2.1141217
0.384548,11.287562
3.44443,1.989861
1.12501,5.6736784
169.019,93.272415
0.0624949,2.1141217
21.4214,18.232676
122.832,61.836674
169.019,2.1141217
0.0617622,-14.922605
0.0,2.1141217
0.0233073,2.1141217
0.0538038,1.0043492
0.0,-1.6590426
751.657,466.97546
4.68552,11.521
2.87073,8.901865
13.7664,21.106932
22.5174,29.616034
0.0253342,2.1141217
0.0,2.1141217
5.86462,4.100054
2.81433,8.999922
7.25476,19.24958
22.6392,22.235886
0.0,17.75038
0.0,2.1141217
7.56243,-1.2416193
0.0315748,-0.7187896
1.20655,-9.579877
8.61474,22.044437
0.0362784,2.863255
0.0,2.1141217
12.8419,-2.2725887
0.0538863,5.1349173
0.0,2.1141217
0.158944,2.1141217
11.2695,6.0911407
0.0401582,2.1141217
0.0,2.1141217
0.712285,1.6730034
5.78663,3.5001225
9.95179,14.724149
2.3566,9.022102
9.35322,51.35554
5.22253,14.838422
0.0,4.146819
0.700818,0.42691803
0.0228214,2.1141217
0.890405,12.242013
60.3985,62.8472
22.0206,15.729869
0.0,2.1141217
0.0978433,2.1141217
0.0,2.1141217
0.255049,2.1141217
0.0,2.1141217
9.4149,22.957647
5.586,2.7634902
0.0,2.1141217
9.33523,8.05382
0.01066,1.4869483
37.2997,13.159718
0.518322,1.4639022
8.17039,23.053654
13.2118,49.24588
0.0,2.6361299
8.56465,8.053684
11.8978,6.432233
0.0,2.1141217
0.64019,-0.24114382
29.6262,22.625748
0.0120289,4.707614
95.5694,46.040302
4.74985,1.9156694
0.0,2.1141217
32.6081,13.530164
102.178,69.8409
14.6807,36.918476
12.3578,16.102467
9.91896,12.0182905
0.0,2.1141217
0.31996,9.898188
0.0,2.1141217
27.79,6.637149
0.0,13.217658
18.9464,1.4188256
1.55598,13.513191
2.61378,13.500966
0.0,2.1141217
0.0,20.410673
2.92301,11.525947
0.0,2.1141217
5.56785,4.3126316
0.184393,6.8288355
9.1663,14.121364
0.937009,4.6720943
9.28804,7.4631977
0.0,1.2406754
60.3985,62.8472
4.54406,0.6640599
0.0,2.1141217
0.0,2.1141217
0.0,26.733458
10.2172,14.647026
1.18369,4.584762
0.549255,2.1141217
0.389651,7.290594
0.0,2.1141217
11.5061,11.981066
17.7008,30.508253
0.0652121,2.1141217
9.63148,4.373531
0.0377064,0.29086542
9.97241,2.1141217
0.287044,23.385815
0.620975,2.1141217
0.0,-1.3234899
14.449,2.6267664
2.6963,11.353447
5.46374,2.1141217
10.5706,0.32788038
10.775,12.13841
0.0,2.1141217
0.0,2.1141217
6.77438,1.8419385
15.1906,12.202189
28.7411,20.342075
181.385,61.18591
2.6963,11.353447
39.8531,21.537369
0.0441422,7.1715965
0.0,2.1141217
2.47507,18.615328
0.0,2.1141217
0.0,2.1141217
33.6491,4.705023
25.7553,7.16442
11.6114,20.631374
10.8751,19.614422
1.11409,7.9812737
0.0,9.620176
0.0,2.1141217
0.869892,1.9983017
0.140705,2.1141217
0.0,1.527014
0.0,40.60439
0.0206278,2.8872736
14.9211,22.33488
8.46153,-2.338165
0.127013,12.021923
0.0,14.891013
31.889,21.893522
0.68252,11.430261
0.242578,12.60575
2.69684,2.1141217
0.0,2.1141217
32.3352,32.14287
9.4149,22.957647
12.5696,-0.6827228
0.0,2.1141217
0.0,2.1141217
25.6931,10.436809
0.0,2.1141217
0.0,2.1141217
1.77667,-0.5765805
0.0,2.1141217
31.889,21.893522
4.54892,21.856894
4.61561,8.3452635
24.5835,14.672391
0.0701119,1.2577598
0.571642,5.772444
17.9272,21.92455
0.700818,0.42691803
5.18211,6.0943203
0.343421,-3.370601
0.0,2.1141217
0.0,-1.2776003
0.303938,0.56106544
0.836202,13.5893135
1.45006,2.1794312
5.97234,13.948318
0.0,2.1141217
18.9655,-1.7686846
0.0,1.1365442
15.8834,41.732845
0.0,2.1141217
20.9428,2.1141217
20.1384,3.8081915
0.0,2.1141217
0.0263074,2.1141217
8.92614,6.402009
0.0701119,1.2577598
32.2509,23.66734
18.8462,9.618952
3.67181,4.305233
11.911,8.60874
6.41431,12.355937
18.5823,20.36246
48.6651,1.1293983
19.8622,23.71527
149.594,46.54674
0.0,2.1141217
0.0,2.1141217
2.91861,2.1141217
1.26519,18.121674
0.0,2.1141217
0.0,1.6659222
127.128,43.03889
0.0,2.1141217
3.60053,3.4021785
34.4265,66.661125
0.0546641,2.1141217
8.57879,20.631374
27.9783,8.606917
0.0213089,1.0240903
0.0,2.1141217
0.0244278,0.59533095
0.0,2.1141217
3.71454,10.377083
66.0095,23.6217
77.4792,47.29542
2.72784,13.556673
8.51798,6.186096
2.0112,22.51567
34.9534,11.14195
2.87896,18.385353
0.0173851,2.1141217
23.5057,20.063862
0.0,2.1141217
201.331,92.37909
0.0,2.1141217
0.0,2.1141217
0.0602178,2.1141217
1840.94,240.99825
25.6866,16.254164
0.0,2.058914
0.0,2.1141217
26.6826,33.79312
0.189737,2.7248785
9.86318,17.832855
0.0,2.1141217
0.0,2.1141217
0.0664854,3.5633643
14.0484,14.825624
10.4821,5.967244
0.0,2.1141217
6.39349,17.054342
15.4771,13.027259
0.577257,2.1141217
1.26098,1.0983262
0.0131004,2.1141217
0.0611009,5.125306
0.0357071,-1.3076849
11.8048,35.00632
0.0111961,19.957119
0.284236,13.725908
0.632073,1.4783685
0.0,2.4812396
1.31361,-0.6061163
0.0,2.1141217
13.2992,11.3947735
0.0296009,2.1141217
0.0,13.314841
16.4925,17.136702
0.0,2.1141217
0.0,2.1141217
18.3641,24.289549
0.0,2.1141217
1.99982,36.07431
1.11784,8.071148
0.0,25.96365
5.93188,7.0270596
0.0,19.282736
13.1672,25.465168
0.0,2.1141217
51.4147,2.1141217
1.93666,12.347754
16.4448,21.654411
6.37578,22.99186
0.0,2.1141217
0.0,2.1141217
0.0,2.1141217
0.0,2.1141217
0.0,2.1141217
86.6865,27.460447
37.5261,11.369178
18.2853,11.07588
1.83906,25.231962
0.196308,16.20052
0.0,19.51391
11.3212,39.91103
7.0301,14.301915
