y_test,y_pred
0.0,2.1141217
0.0,2.1141217
0.0782644,2.1141217
0.00575578,2.1141217
13.9542,18.808857
0.0,2.1141217
0.66091,2.1141217
0.0879039,2.1141217
27.5158,21.92455
122.832,61.836674
15.1356,7.656291
57.7158,21.984438
3.77479,2.8499217
3.17463,2.1141217
9.45517,24.905373
12.3578,16.102467
3.95256,2.1141217
0.0,2.1141217
75.9546,30.166367
0.0,0.7688017
8.49454,11.961121
7.2347,8.956078
0.0703577,0.9568136
0.0,2.1141217
0.0,4.9394712
38.21,4.4360676
0.0,2.1141217
2.06445,30.051884
0.113605,10.435331
24.0097,18.214397
18.2853,11.07588
0.0607464,2.5067255
0.0,14.513859
62.0056,34.514748
0.0503269,3.2371113
4.79727,2.1141217
16.9263,26.15165
0.042854,21.949873
11.7977,25.5471
0.0,2.1141217
16.5368,-3.9112132
20.7045,22.585728
5.59568,23.6217
0.0,4.6233053
23.1255,8.196114
5.34906,1.3923142
5.52779,18.526205
67.7821,122.159065
6.40323,28.56968
0.0921453,0.8200009
6.73907,21.0195
0.0,2.1141217
0.108294,1.72176
4.43062,6.8691463
0.0,1.7762794
27.5158,11.98941
5.74901,1.6764815
0.0367926,21.513577
0.223818,2.1141217
33.0915,8.7563
2.97393,8.428376
6.77438,1.8419385
0.0,2.1141217
5.20467,-3.858765
0.0362957,3.1990519
16.8101,4.870427
11.3986,2.4957225
0.326888,2.1141217
0.0230882,4.301256
0.0471918,2.1141217
0.0303503,2.1141217
10.3085,17.657698
0.0,2.1141217
0.144784,0.32187057
11.1251,29.704018
0.0,2.1141217
0.0615141,2.1141217
8.98122,16.830963
0.114685,-1.0876112
0.00805205,1.1745551
77.4792,47.29542
86.9453,71.757866
0.0,2.6045082
0.0,7.8813066
18.4586,9.361917
5.97234,13.948318
0.0,2.1141217
0.0,2.1141217
10.1753,6.7233334
10.6686,20.074507
0.0443369,1.5610101
11.0104,6.8164988
13.7455,7.2248926
128.763,102.9359
23.569,21.365574
0.0,1.5309823
0.0,31.926151
0.0149761,1.8798091
14.7039,14.21502
12.3578,16.102467
619.796,434.20877
0.0,2.1141217
1.55502,3.8391938
1.63821,9.029842
0.0,2.1141217
3.74162,1.2334211
5.1564,7.477748
12.8249,23.560652
0.0,2.1141217
4.0341,8.315525
0.233384,434.20877
0.0,2.1141217
4.40395,1.8315818
0.143328,1.7692268
18.8009,47.05524
0.0,2.1141217
0.0,2.1141217
0.0,2.1141217
0.0,2.1141217
131.913,148.75148
5.85859,-3.2331617
0.0,2.1141217
0.0,2.1141217
0.0,2.4020724
10.2142,8.171075
15.332,23.328384
1.56213,2.1141217
185.622,2.1141217
46.8588,22.226856
9.31878,11.312515
12.7752,23.300926
7.79231,34.989685
5.83212,22.708881
9.4149,22.957647
3.49699,-2.3862267
10.0626,19.589756
0.0,2.1141217
1.54364,27.364796
67.7957,12.133975
5.14796,12.356772
0.0408511,2.2452915
0.0,1.053874
229.09,84.15299
0.0,2.1141217
3.78142,18.060768
0.0455359,2.1141217
32.8961,24.720905
2.59898,23.071262
26.5832,1.2577598
2.15237,-2.0156546
0.0,2.1141217
1.37625,2.1141217
0.287353,2.1141217
0.0,7.8813066
1.25708,11.872974
22.6392,22.235886
0.0187744,2.1141217
2.21442,12.282547
28.4181,34.678646
0.690993,2.3348918
0.092315,1.3941808
35.2742,7.1287756
21.6219,14.121459
60.3717,30.253979
1.05603,37.289772
17.4142,-0.96028185
0.16686,1.9319446
15.6106,12.067921
0.0264222,2.1141217
0.0,2.5286202
0.0,2.1141217
6.58066,13.966818
0.0,1.9134045
5.77299,2.5566387
0.0,2.1141217
49.0173,19.607388
8.16661,5.3772893
0.0,2.1141217
2.93367,13.6767845
6.51382,20.548103
52.0819,5.145871
0.0229089,1.2316391
0.096906,2.1141217
0.0754227,2.1141217
10.2716,34.47391
1.27446,11.211113
7.88354,17.126055
0.770695,2.2436645
5.02155,9.353794
0.0262705,2.1141217
0.0781199,2.8382652
2.39287,1.5750256
1.87517,-4.5843763
18.8462,9.618952
0.147257,2.1141217
16.3921,2.1141217
0.0,2.287625
78.8296,109.494774
12.5145,2.9204228
0.0,4.569929
0.745192,2.1141217
0.0,2.1141217
6.31848,5.423787
0.0,2.1141217
0.0,2.1141217
29.3384,26.543316
8.76789,-8.059416
28.7411,7.857871
7.88359,-1.3921068
0.0387366,2.1141217
0.0,2.1141217
0.0,2.3401284
0.0,-1.9472091
5.75467,12.697857
5.19545,47.492435
1.97158,4.5617094
3.62445,-7.589018
2.69744,1.5501807
15.2823,11.221619
4.74985,1.9156694
41.2784,40.068165
41.4786,46.66471
0.0,2.1141217
188.562,60.778034
18.9655,-1.7686846
9.31878,11.312515
0.0,0.59498954
12.3578,16.102467
0.0201047,1.6325543
0.0,2.1141217
0.430381,-3.840078
26.5298,10.520144
0.0,2.1141217
11.5865,15.427257
10.5992,1.3384106
3.68977,6.2716837
13.3042,15.073131
0.0,2.1141217
5.59568,23.907263
3.38696,10.651805
13.4342,12.881057
0.0,2.1141217
16.7901,-3.8429224
24.2557,-5.1360445
0.0,2.1141217
0.0,20.410673
0.0,1.6565335
9.18444,14.238876
0.0,2.1141217
12.3578,16.102467
0.0,2.5204844
0.0,0.098704815
4.42726,15.540274
2.59898,1.9284613
9.8331,19.378792
0.0,2.1141217
18.2676,1.034899
0.0558077,2.1141217
0.207426,2.1141217
32.8704,8.195742
21.3463,18.96202
0.0,2.1141217
197.497,40.74506
5.64259,6.639433
257.44,18.498844
10.4559,6.2356796
6.2425,44.655663
2.56689,2.2374644
13.3117,22.231422
38.7908,20.505093
0.0415987,3.3420968
0.0,2.1141217
0.0,2.1141217
4.74985,1.9156694
1.03622,2.1141217
31.889,21.893522
0.0,10.82565
115.716,22.51567
21.3134,14.920226
0.0514485,13.899204
22.5227,29.068928
0.0606786,2.1141217
0.0,2.1141217
12.6291,11.483293
0.0177207,2.1141217
0.116024,0.5834062
0.0,-0.58296895
0.0151055,2.1141217
5.16818,13.174434
6.5387,4.216051
0.0426607,2.1141217
15.4143,12.880393
0.0339202,2.1141217
11.9164,4.9394712
0.0,1.4800501
11.8502,28.99607
12.5945,40.164867
0.0,2.1141217
0.0,2.1141217
0.0,2.1141217
0.0672646,2.1141217
4.64645,37.022198
0.186552,1.0057163
0.223349,6.9039116
0.144784,0.32187057
0.0,28.317226
2.34811,3.3640482
0.0129911,2.1141217
0.0,9.893525
16.0374,4.0430346
0.0,27.36461
8.203,2.6554432
0.132043,2.1141217
26.7264,12.864972
0.0,2.1141217
1.46693,26.245905
23.5057,20.063862
36.5753,27.876606
11.2349,6.371951
16.4925,17.136702
0.0,1.1689358
0.0,0.74539304
51.2472,69.18101
0.0,2.1141217
19.6539,8.724517
6.87894,24.799393
30.4823,20.410673
4.70154,-1.5831506
9.31878,11.312515
1.68702,31.843307
0.355747,1.2749536
23.6547,11.911724
14.8266,15.648969
0.0752463,2.1141217
0.0,13.376378
0.0,2.1141217
76.4643,81.25808
11.6645,-4.484084
7.14585,2.1141217
0.0190806,1.3515141
0.0648146,-1.3620837
18.9655,-1.7686846
77.0235,16.765327
0.202952,2.0732057
0.192117,2.1141217
0.106015,-4.7733746
8.80649,7.220104
9.36233,2.9015365
0.0,2.1141217
0.598492,22.943193
3.08732,2.1141217
10.5992,1.3384106
14.8348,8.035438
0.0285535,1.4239025
1.26098,1.0983262
2.28143,20.25443
0.0,2.1141217
0.0109604,2.1141217
0.0,35.20047
6.75583,21.844019
13.3761,40.536747
0.0541491,2.1141217
0.483763,8.571423
10.6954,0.75117135
0.0,2.1141217
0.0,2.1141217
0.0349605,4.195163
8.54713,-3.5042245
8.30396,7.02357
13.9482,79.94779
8.7999,23.357658
9.95179,14.724149
20.328,14.457542
0.0,2.1141217
9.36233,2.9015365
0.269299,13.810935
7.56243,20.400246
0.0,2.1141217
0.23815,2.1141217
12.4414,12.649867
0.0315748,-0.7187896
0.730467,17.175259
0.0601238,2.1141217
6.28842,6.6593018
14.8266,15.648969
0.0412964,1.3999445
8.57879,20.631374
0.163484,2.1141217
5.26338,12.242013
0.36302,2.2693107
0.268727,2.1141217
11.9358,11.174649
0.49207,7.7414064
6.00461,8.27661
0.287353,2.1141217
0.276187,10.424472
0.0320994,41.80423
0.0582332,2.1141217
0.138989,-10.933797
0.0,0.7561085
0.0,2.1141217
1.13553,17.15134
1.06258,3.1960177
15.8812,13.26199
0.025486,7.4242964
0.0,2.1141217
21.5912,19.758692
0.0303929,0.48987412
0.0,2.1141217
21.4343,26.125593
0.0,10.640912
0.0,4.6233053
23.5049,18.863464
9.40875,43.46918
0.663635,-0.18402219
11.1051,11.519759
7.32356,4.1033688
0.0,2.1141217
1.84488,69.32643
6.70053,6.808032
26.9294,19.217102
0.0394935,2.1141217
29.9351,33.265396
0.0183687,-0.25658143
20.3765,2.182158
0.0,2.1141217
10.4316,2.1141217
1.31195,2.1141217
60.3985,62.8472
2.66844,10.618019
34.254,40.714294
0.0,7.331991
0.0,2.1141217
0.211532,2.1141217
12.0457,14.095833
3.42946,12.508247
7.09675,23.285349
0.465225,20.739819
0.0,2.1141217
5.52068,-3.9367893
0.0,2.1141217
16.1449,2.055732
42.7111,32.134922
0.0916607,-2.4814622
28.7819,15.655776
18.0724,1.183852
0.94857,5.215578
0.0,10.640912
0.0,2.1141217
5.52779,18.526205
1.54364,27.364796
15.1751,17.199108
3.8263,13.693404
16.2454,22.142788
3.92803,-0.40226972
0.0,2.1141217
0.0,2.1141217
0.0,2.1141217
0.02025,2.1141217
0.571642,5.772444
0.571642,2.1141217
7.59372,29.97843
0.0,2.1141217
0.0683726,7.769553
0.0,0.8258369
0.0,2.1141217
1.15824,-0.29517972
119.268,2.1141217
4.03114,6.4498043
3.8158,19.48229
2.87896,14.225223
43.9186,66.28094
7.39603,11.29555
0.0,2.1141217
0.0,0.8873422
31.889,21.893522
40.2252,50.468742
22.6272,13.452102
0.699727,8.888712
0.0,1.957248
0.0,2.1141217
13.2992,11.3947735
0.10356,2.0422978
0.301423,12.880393
2.39114,11.362599
0.181382,27.474136
0.240296,2.1141217
3.567,11.604247
0.0,2.1141217
1160.7,413.43604
0.0,2.1141217
11.6645,-4.484084
0.0,2.1141217
0.571642,5.772444
71.0243,83.96317
53.7064,24.81356
0.205377,5.4409432
0.0,2.1141217
0.0324436,2.1141217
59.9702,76.4687
0.0,2.1141217
10.0159,-1.9187844
1.51571,4.3067408
0.0,2.8282804
0.0844384,2.1141217
0.242381,1.7036111
0.0930278,16.225918
7.75683,1.5112829
0.0148986,2.1141217
1.66884,5.6076317
0.0733279,2.1141217
0.150812,2.1141217
7.03447,28.807642
13.4342,12.881057
7.13458,16.655676
0.0,2.1141217
0.0455585,2.1141217
3.93245,-5.747239
0.0,2.1141217
1.78478,1.8929172
0.0,4.860505
0.0,2.1141217
0.0,0.56621695
42.7111,32.134922
795.558,19.620708
27.8933,9.622249
3.53838,6.5477486
0.0,2.1141217
53.941,17.030712
3.90281,0.98555636
154.968,79.20347
19.9297,4.887971
0.0,2.1141217
44.9807,27.109915
0.0,15.111761
4.95834,13.597182
0.0310379,2.1141217
0.0190806,1.3515141
9.01874,4.1137514
4.1077,25.474121
17.9272,22.732603
0.0,2.1141217
4.48371,2.1141217
0.086773,3.7263448
0.443035,9.349525
0.365597,-2.3355212
8.26953,12.033612
0.0,8.662162
3.10796,7.7353373
4.49545,56.245716
17.243,0.82010317
0.0,1.6154392
0.0978433,2.1141217
6.73429,-9.250891
31.889,21.893522
17.4093,28.746006
9.41273,17.771055
2.29465,74.35694
12.3578,16.102467
35.6083,9.452274
0.0,2.1141217
24.0658,30.506737
3.14507,0.103936434
0.250134,2.1141217
158.563,151.23729
7.70166,5.4074507
185.622,2.1141217
0.0,5.0759068
1.63159,2.1141217
0.0,1.1606264
88.4875,2.1141217
3.95256,19.777546
7.51521,13.368033
0.095025,0.7277944
137.862,5.2959323
19.4241,12.33274
0.0,2.1141217
0.0585232,22.157505
238.224,24.112448
6.33957,25.435575
19.1256,20.657928
13.4342,12.881057
5.39411,0.99042726
16.1817,14.579251
0.0390588,2.1141217
12.3578,16.102467
0.0,2.1141217
0.0,1.0721695
0.0972054,2.1141217
8.42446,14.304371
0.125719,1.1606264
0.0,23.261015
0.0,7.670437
4.92908,17.206396
10.7948,49.359867
52.0819,5.145871
4.6505,31.949331
11.6269,2.0355964
0.0478645,-0.08306742
39.5207,15.577853
2.2972,5.8395786
0.0933876,14.627446
0.0,2.1141217
3.93496,6.390974
0.147257,2.1141217
0.631495,0.5853441
4.74741,83.20896
0.0,2.1141217
0.0,3.2865114
6.78017,9.934561
9.18391,28.353058
20.9778,15.450052
0.0,-2.634526
11.6645,-4.484084
1.58686,6.4862766
0.0,0.54197025
0.0301525,-1.9822395
0.825871,13.928565
11.0111,2.5822458
0.0,2.1141217
0.0385982,2.1141217
2.02248,7.8813066
6.4931,5.995144
7.94747,17.397125
164.459,92.96802
30.345,13.500933
1.14478,16.100048
1.24121,2.1141217
5.09374,28.763397
13.5696,3.3685048
0.0309695,9.168653
91.3823,26.646442
1.60828,7.3066072
0.0,1.3794901
14.4902,3.9705775
0.0,2.1141217
4.99855,12.416163
0.0572685,2.1141217
0.249562,0.12338662
0.0,2.1141217
0.0,1.1946802
5.84351,26.37127
0.0124043,6.5625963
53.5033,4.1290407
0.994498,11.755557
0.0,2.1141217
0.080121,2.1141217
0.0,2.1141217
3.32396,2.454959
1.3833,2.3534865
12.3842,11.669469
0.0,0.87175536
14.3224,3.8547902
0.0,2.1141217
0.430817,24.76671
0.0,2.1141217
0.0,10.482551
10.1699,15.664758
0.0256138,1.5489454
0.038988,15.606725
8.4727,6.5309258
14.7874,86.31068
12.3135,36.446682
1.96863,4.7234097
2.95128,11.735118
3.17463,2.1141217
5.33753,3.6525607
17.243,0.82010317
8.8137,3.5543869
0.0,2.1141217
0.0,2.1141217
0.0,2.1141217
0.0,2.631047
3.84675,3.2658224
0.0,2.1141217
0.0342283,2.1141217
10.9407,3.7090974
18.3232,-3.7161577
0.368738,2.1141217
13.1349,4.702815
4.91134,13.256722
9.57138,32.41159
0.0,1.0983262
0.284313,2.1141217
0.0916382,18.71879
157.205,39.021313
0.0408511,2.2452915
14.8348,8.035438
0.0,2.1141217
0.0,2.1141217
0.0,7.477748
0.0423201,10.0767145
0.153789,2.1141217
0.0513269,0.91498137
19.5016,36.518604
7.93916,22.228308
0.274148,13.824176
0.0,2.1141217
1.06258,3.1960177
0.0,0.42796993
25.1705,34.976025
0.0546641,2.1141217
72.1933,39.122387
0.31996,9.898188
125.393,48.442356
0.0,2.1141217
0.0,1.4856396
0.316666,2.1141217
22.4628,2.1141217
17.5554,49.313316
0.160974,-3.0098474
0.0,2.1141217
0.0471679,2.1141217
2.84066,-1.5629308
3.68317,9.168653
0.0,2.1141217
0.127807,2.1141217
6.33662,30.913923
6.75941,44.045948
6.58066,13.966818
0.0,2.1141217
3.0564,28.108158
1.1717,3.4203484
6.18583,6.9340506
28.3844,11.199965
0.444659,2.1141217
0.368738,-1.4024279
11.6645,-4.484084
0.120171,41.8313
0.196355,4.5804896
1.14724,21.129606
75.4154,19.801426
4.87503,31.285336
0.0,2.1141217
3.44301,11.31034
0.138812,2.1141217
0.0,2.1141217
0.119957,2.9824584
110.799,66.75547
0.02025,2.1141217
0.0139834,2.1141217
0.0594986,2.1141217
0.0,0.47149754
0.030774,1.4754741
13.3781,9.791596
19.7884,24.066763
5.39411,20.67595
4.16915,22.320343
0.0412964,-2.047098
10.0255,19.797455
0.133885,2.1141217
158.563,151.23729
37.3936,0.5542848
0.0,1.6715765
5.43982,3.9135275
15.7833,6.82621
4.06206,10.610669
3.01746,29.944885
0.0,2.5682049
213.647,125.805305
0.0734236,-0.017938256
0.0,2.1141217
26.7938,21.18842
0.0,2.1141217
0.0261162,2.552032
101.91,30.896786
13.1239,14.765896
5.3585,1.0142503
0.702268,6.9942665
0.0,1.3989697
1.70305,2.1141217
0.302419,2.1141217
0.100968,13.060006
0.0,2.1141217
0.364178,2.6958294
0.289861,-1.921602
2.22872,4.0356126
14.9777,21.190523
0.0,2.1141217
9.97045,66.90976
0.493416,9.909786
0.044921,-2.6413944
0.0,2.99274
47.5839,72.25213
0.0,2.1141217
5.75467,12.697857
15.9221,14.197778
0.0,2.1141217
0.0,2.1141217
4.21751,4.613679
35.4133,-4.025339
20.7139,11.317439
0.318955,-3.8556898
0.217464,1.2912896
0.0,0.24352527
132.356,40.286366
0.0739612,-2.6949918
5.75256,16.679386
0.0,2.1141217
1.06258,3.1960177
0.0634393,-0.48595548
0.0,2.1141217
0.0,2.1141217
8.98008,5.105727
0.0,3.2865114
4.27029,-1.933269
15.6481,20.988897
3.04662,3.4952343
12.5184,2.1722057
6.58449,2.1141217
11.0266,9.051236
23.8569,1.1984627
8.74897,0.11635518
2.70275,14.531841
15.7891,3.9179657
238.224,103.93381
0.0,28.014736
0.0552115,23.434006
0.277669,7.8401966
0.0,1.8846953
7.67185,16.530993
72.0507,11.17879
14.6555,33.696865
0.0466107,16.534239
37.053,1.6249335
22.1832,20.009834
19.4241,12.33274
0.0,2.1141217
0.546353,2.1141217
0.0,2.1141217
0.394956,19.39312
38.704,7.384486
0.0,2.1141217
0.0,-2.634526
0.081201,-1.8919656
74.3385,58.945747
0.0,2.1141217
6.82818,8.949483
397.601,27.733875
7.93361,18.89825
0.0,2.1141217
13.5817,26.046423
8.30447,30.531797
0.0,2.1141217
0.0,2.1141217
0.0613384,5.9738455
0.536926,2.2468162
0.0,2.1141217
0.0,-2.3862267
0.0,1.5748456
6.32027,6.5035286
0.220335,28.704147
5.39411,20.67595
21.3463,18.96202
9.70645,15.562503
60.9116,11.836109
0.0219642,1.6731446
0.528339,18.810678
4.29189,12.931564
0.0261254,2.1141217
0.0,2.1141217
0.0,2.1141217
0.0391943,2.1141217
0.0,1.1360853
7.56916,-1.4024279
1.83753,45.482677
0.0,2.1141217
0.00379472,-5.4363194
0.641061,2.1141217
18.0396,20.97514
24.4512,7.553067
1.53993,41.409355
0.0100148,2.1141217
7.84897,19.693722
15.4143,12.880393
0.0,2.1141217
8.46153,16.847925
5.78663,3.5001225
0.030252,20.031654
0.0,2.1141217
1.51667,-3.9561245
0.0,2.1141217
0.0439948,2.1141217
74.3385,65.904915
9.4149,22.957647
2.70478,14.681173
12.766,7.3672657
1.32143,22.897148
61.7468,42.32584
3.51916,3.8081915
3.21659,25.87177
0.229703,13.535956
8.44341,-2.7970178
2.54224,5.6706495
0.0,2.1141217
2.58962,12.277952
0.0272644,1.2445958
12.3578,16.102467
0.0,2.1141217
19.3196,10.028743
0.0,6.7016144
63.9287,31.808615
0.0973819,2.1141217
0.026162,2.892273
0.0319017,1.6760542
0.0,2.1141217
5.59409,2.1141217
0.0,2.1141217
20.3765,10.640912
32.2659,29.724974
0.442296,6.194536
0.0,20.630749
89.741,42.025944
6.54572,8.944879
2.49685,27.733875
0.0180422,-1.5254672
8.17468,30.775469
8.18264,27.283619
103.289,70.095436
3.12215,15.315433
4.34034,22.894775
26.1965,15.0522585
4.85574,16.922182
0.127069,2.933278
0.0,2.1141217
0.0,2.4849577
7.47546,17.679813
0.330019,2.1141217
20.9778,15.450052
0.0,2.1141217
0.0,19.282736
49.0936,28.887573
0.0,2.1141217
0.0118156,2.1141217
0.0,2.1141217
0.0538038,6.05783
0.0,2.9408255
15.3148,2.6882975
4.85685,4.034765
12.9352,25.258486
23.6901,26.89024
0.473766,0.24263847
47.556,10.0243025
0.0,2.1141217
0.0126912,2.1141217
0.0,19.84562
3.40206,11.675517
0.0,2.1141217
0.053634,2.1141217
0.0,2.1141217
11.754,91.87504
0.0,1.8326206
7.14585,4.917487
30.3562,4.190859
18.0819,0.28741527
5.41516,14.78301
18.7132,4.9870405
8.83965,38.417
0.0,1.1606264
0.0,2.1141217
27.4685,15.871144
9.66222,979.53864
0.530209,-2.4328406
0.0,2.1141217
12.0114,15.282107
50.0068,36.6246
0.0,2.1141217
0.0,2.1141217
0.0,12.315131
41.0927,10.407796
0.0,-1.0670235
0.0,25.907602
1.08083,3.4366353
6.32027,6.5035286
41.4786,46.66471
0.0,2.691761
0.0215975,0.98555636
3.39243,5.2545986
13.8882,28.376488
0.0,1.0983262
4.74985,1.9156694
0.0,-1.853627
12.6946,13.53781
26.9829,15.772093
0.0,0.3470726
0.0,2.1141217
16.961,6.5778446
0.0506962,2.1141217
3.7689,3.7712471
11.9358,11.174649
5.52068,-3.9367893
0.926497,5.268491
0.00596473,2.1141217
0.0,2.1141217
29.1625,8.818016
13.3136,28.705048
0.0,2.1141217
26.9925,12.919643
3.90281,0.98555636
13.2992,11.3947735
0.079933,121.82208
0.341669,0.9734473
0.0,0.25066566
0.336746,-0.33709002
9.42113,29.601181
0.0,2.1141217
2.47703,2.1141217
0.086773,1.7417548
71.0243,83.96317
1.59969,0.9352126
200.795,110.40382
0.242017,13.307373
0.542523,-5.4807043
8.36011,0.32566
86.3551,85.7454
22.2234,-2.239937
45.7714,40.959564
89.6832,48.062916
0.52848,6.941328
0.0,7.7846727
89.6832,48.062916
2.81398,25.699764
26.0107,21.343384
4.88202,6.0344286
0.0170036,1.5220373
0.411317,0.18901587
26.9514,16.194698
0.0522609,2.1141217
60.3458,23.184568
26.4642,14.721429
0.0,2.1141217
0.0,5.283948
14.298,14.262389
1.45222,2.1141217
8.74577,17.222078
0.0,2.1141217
28.3842,20.838066
7.13458,16.655676
0.0227304,0.29086542
1.52858,2.1141217
0.756573,2.1141217
4.29189,12.931564
8.37909,54.775326
1.03649,12.526887
0.0398024,1.2805178
13.3234,18.9626
6.52047,16.036358
92.574,23.659258
0.136691,-0.97088885
6.83028,13.513191
13.9017,23.211607
14.8348,8.035438
1.47888,0.82010317
5.35623,6.4302053
0.430381,-3.840078
24.6137,14.436345
0.104821,-3.8556898
0.0189819,2.1141217
74.3385,58.945747
397.601,27.733875
7.76978,8.171075
1.27008,22.650017
4.68474,-0.9130306
0.0631601,26.908882
21.9927,22.145355
0.0,-2.634526
11.5285,10.139628
0.0,2.1141217
23.5057,21.816422
29.2481,1.0621779
0.118235,2.1141217
9.18444,14.238876
204.063,281.84427
0.0209403,2.1141217
55.2517,13.265998
1.18369,4.584762
15.8452,27.260025
6.87519,3.2237656
0.217464,-5.87136
18.2872,2.6174242
0.0,2.1141217
0.243547,2.1141217
0.0,2.1141217
12.3692,5.8952036
115.716,22.51567
7.45222,14.23837
3.34477,14.906627
0.0,2.1141217
0.626267,2.1141217
0.0483388,2.1141217
0.00691066,2.1141217
16.8672,8.834926
0.0,2.1141217
3.85496,4.016053
0.0,2.1141217
0.104833,22.407097
1.53964,2.1141217
96.5523,27.124386
0.0,2.1141217
120.835,135.09126
2.5831,7.108738
0.0,2.1141217
11.3911,19.992884
3.6885,13.749338
0.0429134,1.1361175
43.8842,18.018705
0.288072,1.1422143
0.0,2.1141217
1.06258,3.1960177
0.0705002,17.126757
6.58066,13.966818
0.132446,2.1141217
38.5095,-1.1724887
0.0503724,-0.7069156
1.99183,13.650822
0.0,3.5551698
0.0,2.1141217
0.0157039,-1.9556873
11.0104,6.8164988
0.0,-0.5917618
0.0,2.1141217
8.78718,8.207854
0.149628,2.1141217
6.71538,20.460121
0.0,2.1141217
1.96747,7.3036404
5.10486,6.2677183
0.0365421,3.7908325
7.67293,125.65554
0.051393,10.640912
6.72896,38.20799
0.0750536,4.213785
0.0443425,61.18591
0.0,2.1141217
0.0,2.1141217
6.91316,20.27246
0.0840941,6.176255
0.0289529,2.1141217
3.81662,11.900233
0.008585,2.1141217
0.0362889,2.1141217
17.6696,10.100707
0.0,3.0768182
6.28842,6.6593018
0.0,2.1141217
3.24636,16.818552
0.41119,2.1141217
37.1884,22.240917
19.3196,10.028743
0.0,0.1129905
9.75266,20.737457
4.08312,12.391461
0.166845,30.579424
0.299778,17.15229
4.14783,15.053646
0.0178473,2.1141217
0.113443,2.1141217
5.78663,3.5001225
3.30022,5.568783
0.13315,4.8581104
0.0,2.1141217
5.20674,20.988348
28.6632,2.1141217
1.22072,2.1141217
0.0361485,2.1141217
2.74767,17.940979
19.6435,12.465957
0.042854,2.1141217
19.6543,22.836739
0.775302,2.1141217
0.224466,2.1141217
0.0,2.1141217
0.00808029,3.5235908
37.2758,9.592179
0.0252895,2.1141217
0.0585681,2.1141217
1.18146,22.650017
0.0,2.1141217
0.222996,1.8668158
0.0394029,2.001246
24.6137,14.436345
22.9447,37.31998
0.0,4.9720745
0.0,8.434607
0.0329641,2.1141217
0.458915,2.1141217
8.24252,15.425185
19.633,20.23693
0.0,2.1141217
12.3578,16.102467
47.3053,5.7674522
4.0694,2.6492279
0.143577,2.1141217
100.959,13.8969965
0.0,2.023501
0.0,2.1141217
5.78663,3.5001225
4.75134,27.035336
3.42381,26.674381
0.0154189,4.8581104
0.0,2.1141217
4.85285,34.937664
9.51941,5.537122
9.4149,22.957647
9.77896,27.981419
0.0,4.9394712
30.4658,1.8629806
0.0268512,19.872961
8.49454,11.961121
3.02521,8.801147
0.0578393,8.91982
0.0228675,2.1141217
0.0,2.1141217
0.0,31.99386
2.08647,12.347754
0.0,1.0983262
0.0,2.1141217
21.4696,40.645058
5.06259,0.7144058
0.0,1.3078759
74.3385,65.904915
65.702,49.478497
0.0,2.1141217
0.0,7.769553
0.0,10.0243025
1.42276,6.607259
0.00557245,1.8531551
0.56614,26.103592
10.5573,6.8875856
24.1472,1.3413949
0.138812,2.1141217
0.0272436,29.720078
0.0,5.1459646
22.6392,22.235886
0.0,-2.634526
0.365548,0.8025327
0.0,2.1141217
18.3977,26.938784
97.6646,8.9575815
1.39755,-2.079481
0.0231969,2.1141217
9.68664,10.584289
6.56271,2.1141217
0.0,-1.9472091
23.6853,23.14975
0.0074001,2.1141217
5.87127,1.2801943
0.0,2.1141217
0.0,2.1141217
4.25339,12.817225
3.49699,18.174421
9.26417,5.3010254
21.9853,18.166927
0.119921,25.11127
30.1359,16.714666
0.0,2.1141217
0.0,20.36246
0.0,2.1141217
0.0169503,2.1141217
8.45355,-3.4851406
25.6931,10.436809
23.9789,2.5877697
0.528457,6.82621
738.118,282.59302
0.0,2.1141217
0.0,2.1141217
0.0403582,-3.4549387
0.0283879,1.6460071
0.0,2.1141217
2.93284,4.2865295
12.0159,23.312378
0.00855462,2.106155
12.7354,6.3997517
12.6854,22.800161
162.718,22.320343
0.0498663,1.0493445
0.0,2.1141217
0.183,2.1141217
0.66808,0.40223908
10.6699,23.74799
1.74905,12.460323
6.72939,48.044044
0.0257964,2.9681976
5.72321,23.040335
1.27604,11.519759
0.102775,-0.6733453
0.0,2.1141217
9.33881,10.063693
0.150147,61.18591
30.7603,41.82063
120.835,135.09126
6.08398,28.95123
0.0318162,6.8086452
0.0,-2.634526
0.0,1.3025146
0.0134073,1.2836955
0.873785,2.1141217
0.0304709,-0.356925
0.02025,2.1141217
0.0730475,25.465168
0.0,2.6174242
0.0,-0.1618321
14.8348,7.557605
0.318955,-3.8556898
3.39633,11.092667
48.8198,2.1141217
26.5832,1.2577598
0.489212,1.6908927
15.1356,2.1141217
43.6408,18.860306
14.8373,3.3277707
13.176,15.255332
0.0755944,2.8671756
18.1224,44.747852
0.0,2.1141217
0.835289,7.557605
7.70336,-53.61278
1231.18,306.149
8.49454,11.961121
5.00721,17.142605
21.088,16.94414
0.0,2.1141217
0.014625,2.1141217
0.398911,45.665714
0.0,1.6752121
0.0,2.1141217
24.9477,56.385838
0.0194222,2.1141217
0.430817,1.4087701
0.835289,8.035438
0.0,2.1141217
7.05002,14.993738
48.6082,8.246661
0.0783148,3.170659
32.2509,23.66734
0.0,2.1141217
0.571642,5.772444
17.383,22.407894
0.0,6.542513
0.148608,13.461856
7.33825,16.437067
39.8775,15.79142
39.8526,54.60603
89.6832,48.062916
21.7924,17.029978
4.39582,6.7016144
0.0157039,-1.9556873
0.0,-3.215037
0.0,2.1141217
0.0,2.1141217
21.069,0.92818
4.74609,11.432178
21.1507,53.44408
211.163,-0.7712681
14.4858,39.449005
16.9792,8.434607
9.31878,13.013128
10.5063,19.178844
2.24424,2.7728636
0.0946048,-1.2827265
0.0385982,2.1141217
0.697837,2.1141217
2.81891,-25.971018
0.0396249,4.2666564
7.93361,18.89825
11.613,19.272999
183.352,73.954445
59.8603,36.58726
0.0,-0.7399101
0.547939,2.1141217
0.0,7.1052723
20.2579,23.012753
0.0,2.1141217
0.0995542,2.1141217
0.0,0.29744983
4.1897,7.642392
37.1707,26.592281
0.0,2.1141217
5.84351,26.37127
0.0,2.1141217
14.1155,3.2499092
127.197,100.87507
8.51378,3.0949957
0.0,2.1141217
3.08732,2.1141217
4.1624,5.366645
24.5695,19.715477
30.8985,39.762157
7.18879,9.392183
17.8586,4.8441076
0.0,2.1141217
0.0404362,2.1141217
8.4627,8.969569
89.741,36.646183
0.362855,2.1141217
0.0757449,2.1141217
0.0,2.1141217
41.6039,-2.3146915
6.43976,10.689906
0.0,2.1141217
4.68474,-0.9130306
0.713643,10.123751
13.4667,11.704222
0.0215975,0.98555636
127.197,17.91616
0.0324436,2.1141217
70.6104,19.419764
3.95929,16.134686
68.4984,2.1141217
0.0,2.1141217
0.0,2.1141217
0.0,2.1141217
0.0630775,3.3651342
39.5927,29.24619
0.0,0.54197025
0.0145336,1.2510271
138.915,25.104025
0.0,2.1141217
0.0,2.1141217
4.08251,8.864041
0.0,-3.2943766
0.0484491,0.078888655
10.5708,3.323843
0.0,13.613509
0.0392231,9.096232
0.38795,2.1141217
216.012,21.498894
0.00540989,2.1141217
6.68128,26.818836
0.0,2.1141217
0.0,2.1141217
0.469032,21.99824
0.0,1.89169
2.36245,4.98724
0.0,2.1141217
0.423672,20.943953
0.0734416,3.4751265
4.06891,20.715656
31.8821,8.428287
0.0231081,7.1785593
3.84675,3.2658224
3.2944,11.627429
5.39411,42.65079
0.0,2.1141217
5.02841,0.66490173
0.0,2.1141217
7.25476,19.24958
8.20827,4.7515383
0.0,-1.5855246
0.0,2.1141217
0.0479832,2.1141217
10.5758,12.878409
20.6422,3.7805161
0.969841,-4.40853
0.0,2.1141217
7.18879,8.315482
0.231526,2.1141217
0.0,2.1141217
28.6632,2.1141217
26.1965,23.195505
0.0,2.1141217
3.39633,23.994356
28.7411,20.342075
0.0,2.1141217
5.24507,22.119654
21.2036,13.89675
1.05183,4.739744
0.0,2.1141217
0.0,2.1141217
0.0,2.1141217
43.0485,9.553025
0.45884,2.1141217
0.026868,2.1141217
2.15402,10.534335
1236.7,16.648697
0.229093,0.11144781
3.13777,1.3614898
0.0,2.938205
0.0,1.7245543
0.0,2.1141217
1.86054,23.271646
20.6152,-2.0303204
0.0,2.1141217
4.06891,20.715656
1.5047,5.808461
0.00959419,2.1141217
9.4149,22.957647
0.620218,17.895067
0.564027,-1.2100883
71.1906,8.367288
10.4744,13.986696
0.0,2.1141217
0.609691,7.553067
44.7779,61.6112
7.51723,42.9865
13.1864,25.19419
0.0,2.1141217
0.0629288,2.1141217
4.64645,37.022198
0.0,2.1141217
0.0,5.3608103
3.09294,15.011228
2.7029,11.63305
0.0,2.1141217
0.0,2.1141217
0.0,2.1141217
0.0114788,2.1141217
0.0,2.1141217
5.86462,4.100054
32.7782,22.958447
63.3801,11.8432665
0.0,2.1141217
0.245194,2.133566
0.0,5.8427896
13.5943,2.8282804
0.314102,2.1141217
24.1317,17.937084
123.679,129.7415
12.996,21.882978
8.90259,6.959835
21.9927,22.145355
5.73474,10.933267
0.0,2.1141217
0.123251,3.4006026
0.100433,-0.30143607
0.0,2.1141217
0.0735366,2.1141217
3.8263,6.929698
2.26945,0.44568777
0.0,20.986195
16.2677,21.998775
59.4852,6.488825
0.0,0.89802957
0.0,17.61854
1.67707,0.706908
23.3344,12.629026
45.1169,5.521412
3.298,4.025865
106.185,35.810432
129.109,29.084074
0.0,2.2284868
0.337211,2.1141217
21.9927,22.145355
17.4509,14.543107
23.8795,24.114328
0.0,2.1141217
0.0,2.1141217
410.978,20.608093
0.0,2.1141217
4.06813,15.620978
6.3395,4.2426367
0.027453,-1.5067499
33.4083,23.08702
0.685917,-0.666049
10.5788,2.6630483
23.569,21.365574
48.1896,0.8784225
0.0743354,4.5565166
8.71047,15.744869
0.0,2.4885733
6.18577,13.869979
0.0334164,2.1141217
0.0,-0.6426079
26.1025,19.952087
20.6152,10.869063
23.5057,20.063862
0.0709231,1.0484931
0.0,2.1141217
4.26125,2.1141217
115.716,22.51567
0.0,-2.634526
1.22844,18.411255
1.46424,14.417108
0.0,2.1141217
29.2481,44.056366
0.0,5.309065
0.0,2.1141217
4.26295,27.441593
15.4143,12.880393
21.5036,34.542706
0.0538135,-0.6842849
0.0,2.1141217
27.1802,13.847035
1.18369,4.584762
0.0,0.80443263
0.0,2.1141217
0.0,2.2976658
0.0616941,2.1141217
18.9373,5.7375765
0.0246216,2.1141217
0.0,0.74539304
158.563,151.23729
0.112294,2.1141217
0.0859006,2.1141217
0.123544,-1.4431689
0.0129563,3.9587405
0.0,2.1141217
0.0,2.1141217
0.0,2.2675853
0.0,10.640912
7.81582,20.938263
0.0,2.1141217
0.0,2.1141217
1.80422,3.28499
12.7565,3.1476789
0.0,16.93587
0.19791,2.1141217
19.0954,14.299064
3.46179,2.1141217
0.123353,2.1141217
23.5057,21.816422
0.808567,2.1141217
6.32027,6.5035286
0.0,1.1372583
0.0,17.34638
2.09327,4.9799604
4.53858,10.020538
2.28143,20.25443
11.566,3.4195948
10.7303,5.3232603
0.0,2.1141217
1.83466,-5.016985
58.1287,15.836788
0.0475146,6.611726
0.0,36.451904
10.6178,16.72379
0.0,-2.634526
8.51378,3.0949957
0.0,2.1141217
6.46963,2.1141217
10.5478,47.34296
5.39411,-1.9450574
45.9377,35.232307
0.0205246,1.4586072
0.0,2.1141217
0.0239739,2.1141217
2.56798,11.1590185
0.0,2.1141217
19.0873,1.5722468
16.8101,4.870427
6.94836,17.617842
0.463098,1.1505234
29.9857,39.37254
85.9824,53.676968
126.529,68.64651
43.7037,-0.2990787
0.40315,1.4200249
0.0,2.1141217
13.1672,25.465168
0.0,2.1141217
0.0887828,2.1141217
9.11898,14.281298
12.3578,16.102467
0.0,2.1141217
0.0,2.1141217
25.1973,10.043084
0.0,2.1141217
0.0,2.1141217
6.66568,5.5867844
0.0,2.1141217
9.03346,-1.1333861
48.1875,21.47291
24.7055,0.31581986
1.83141,20.918056
305.136,109.15099
22.0206,15.729869
1.06308,-7.2487297
3.93496,6.390974
37.053,8.64738
28.8132,26.1535
0.0,2.1141217
0.136849,12.385264
0.0742279,2.1141217
3.62445,-7.589018
0.0283879,0.88612795
60.5572,23.315998
7.75804,16.530993
7.70401,2.1141217
3.1273,9.765088
0.0329041,2.1141217
33.1188,34.164246
8.46153,16.847925
0.0,2.1141217
5.64726,39.432926
0.262684,-1.773447
8.99935,22.510468
8.65413,33.30522
5.02841,0.66490173
0.0,2.1141217
13.3117,22.231422
0.674076,17.466925
0.0,1.8638394
0.0,2.1141217
78.4003,32.064777
2.8793,2.930811
49.2648,20.870726
24.2557,-5.1360445
16.075,47.1002
0.051393,0.29744983
0.0,-1.6943381
0.0672117,8.200064
0.0,2.1141217
0.208153,2.1141217
0.353558,2.1141217
0.0214133,2.1141217
0.0,2.1141217
5.32064,22.480377
21.6437,40.199646
0.0112561,1.3105311
20.7403,2.1141217
12.6712,3.212492
12.9084,4.865488
0.0260902,5.077751
44.7525,46.593597
11.5815,1.4625089
52.3091,22.938303
1.38387,15.449824
42.4572,1.8095901
0.0101273,2.1141217
0.0,15.880484
0.0,1.1667805
279.087,151.90787
12.3578,16.102467
0.0,2.1141217
0.0,2.1141217
7.67185,16.530993
0.0,15.073512
8.35015,12.700729
9.87826,6.725999
0.0,2.1141217
10.1609,16.646482
0.0637817,2.1141217
0.0,2.1141217
0.0,2.1141217
22.1205,1.7587452
0.00472057,2.1141217
23.569,21.365574
7.78391,33.82257
0.0,2.3126147
4.61561,8.3452635
50.0979,14.884671
0.136463,0.81757355
0.789675,9.82761
202.176,78.09229
8.74772,24.145414
26.9514,16.194698
2.91784,10.749166
0.0,2.1141217
0.0813706,5.192835
66.9768,41.875328
36.7233,9.2964325
13.8431,25.376982
0.890344,-1.6876764
4.88125,2.8129647
0.0,2.1141217
19.747,15.025212
0.0,0.7688017
6.77438,1.8419385
0.0,2.1141217
0.00837214,4.1553097
0.0,2.1141217
0.0198062,6.0777626
0.0,14.142978
181.385,61.18591
26.1965,23.195505
30.2705,11.000648
8.36754,-0.66702247
5.0881,3.9383605
12.3076,15.113751
14.9508,1.2375495
0.0,2.1141217
0.0,6.0162487
0.0,2.1141217
194.475,67.47471
5.54151,-3.2943766
16.6061,6.2134
2.59898,1.9284613
0.0,2.1141217
0.0,2.1141217
0.0,2.1141217
0.0309796,1.8801861
8.7999,23.357658
0.0,40.74506
0.0217105,2.1141217
0.0219642,28.17271
0.0,0.24352527
0.0187744,2.1141217
0.0,2.1141217
17.243,0.82010317
4.99398,2.1141217
4.85574,24.678688
0.0,2.1141217
0.0,2.1141217
0.0,2.1141217
1.42501,12.60575
3.75554,36.054043
0.0,2.1141217
0.0,9.898188
0.129337,0.55793357
7.78391,33.82257
0.0146291,1.2998784
0.186278,0.078888655
0.0535501,0.9583409
0.0,2.1141217
10.5121,11.79823
16.3086,14.380448
9.45517,24.905373
0.0315748,0.34310937
6.90897,48.25005
0.0,2.1141217
24.3914,25.266235
5.60448,34.365482
0.0324436,2.1141217
20.1384,3.8081915
8.57879,20.631374
3.13951,-5.139413
5.57925,1.643637
0.0324436,2.1141217
7.93361,18.89825
0.530209,-2.4328406
7.0301,20.267963
0.00453811,2.2990296
49.2648,20.870726
4.01476,9.838452
39.9277,3.4104068
54.3977,22.373875
0.0607464,-0.052932978
0.530209,-2.4328406
51.4147,2.1141217
1.93037,-19.684452
0.0,12.282547
0.0,2.1141217
1.96186,36.087532
4.37095,-2.2910569
1.88518,14.727658
0.345062,12.43255
5.22253,9.6487665
1.13347,0.36704612
3.13722,22.837986
7.13458,16.655676
3.5795,1.7563076
0.0,2.1141217
0.0,2.1141217
13.4342,12.881057
7.88359,21.519276
0.392828,2.1141217
1.27604,28.614124
0.0,2.1141217
0.0,3.2865114
0.808567,2.3154287
0.0,2.1141217
0.145731,1.861089
0.0,2.1141217
0.0,-2.117314
0.0,2.1141217
0.95381,3.454669
23.029,12.971644
0.0,2.1141217
0.0,2.1141217
7.38977,4.9915714
0.0,2.1141217
11.5717,11.828261
0.0,2.1141217
16.2393,1.2372963
16.4978,5.263463
0.0,2.1141217
11.6269,2.0355964
0.147898,3.8448002
5.59568,23.907263
0.0527842,-1.230902
0.0,2.1141217
28.3832,3.8698268
0.283806,2.1141217
69.8285,29.371094
52.2404,19.97969
0.0,2.1141217
146.641,58.45385
1.47163,11.807872
0.0349215,30.793034
1.51667,-3.9561245
5.36827,-8.72046
0.0384637,2.1141217
0.0,2.1141217
0.0,0.92234063
0.0377064,0.29086542
0.885176,21.284657
3.7689,3.7712471
0.0238001,1.4902458
0.0,20.739819
0.0,2.4350557
7.22575,19.110567
1.16659,23.261015
0.299841,7.6865845
0.0,2.1141217
12.4505,47.855923
0.0396249,4.2666564
2.85747,-6.298641
0.0288431,2.1141217
0.0170318,2.1141217
31.5581,2.1141217
8.72191,-0.9767976
32.0779,-1.1134276
17.9272,21.92455
0.0528227,12.227067
22.0206,15.729869
12.2861,15.886534
3.16447,-5.086215
0.0,2.1141217
0.0,1.2324681
0.26799,0.7417822
0.209364,1.4424984
0.0,2.1141217
0.0,4.6370735
9.13831,2.1141217
51.2023,19.739477
3.51916,3.8081915
0.797986,-1.8792388
14.5233,47.71184
0.686096,2.1141217
3.48165,18.553757
0.0,2.5476768
0.0364445,-0.105356574
22.2581,-6.545865
7.24983,35.124447
0.0,2.1141217
29.3384,37.70396
0.0,2.1141217
0.127666,2.1141217
0.00982372,2.1141217
0.0,2.1141217
81.4655,2.1141217
22.869,23.070919
0.182946,0.69926
0.150147,61.18591
4.85285,34.937664
5.24351,29.880478
0.174825,3.297391
0.0,2.1141217
4.68474,-0.9130306
0.559344,2.1141217
0.0,2.7565455
63.3801,11.8432665
281.918,29.626003
14.6632,6.262186
0.0545806,1.5859475
0.0105662,-0.69649386
6.70987,15.432702
3.28943,30.591824
26.2865,2.1141217
0.0,2.1141217
4.88149,6.6703033
2.05356,2.1141217
26.6045,35.940357
28.6632,2.1141217
0.129727,2.1141217
0.0,7.7846727
37.3251,22.86554
9.45517,24.905373
25.2788,6.0514183
17.9272,15.513185
3.12215,15.315433
0.0,2.1141217
0.0472634,2.1141217
4.07047,15.209104
0.0,2.1141217
0.047583,61.18591
0.0352722,-0.020623684
2.00074,0.9468534
1.24093,0.9064994
0.810039,5.3976054
4.52996,21.284657
1.73772,29.325922
0.144043,3.3280761
5.93095,21.370617
0.0,2.1141217
5.41516,14.78301
2.36245,14.865811
0.0,0.24352527
35.8779,13.599095
4.17273,6.5554934
0.0,0.9776747
0.0,2.1141217
13.2992,11.3947735
4.42726,12.880393
13.3267,20.189337
0.0,1.2591839
0.0,2.1141217
0.0,5.166884
2.17957,-3.8556898
20.1227,10.385486
0.0444299,0.31860113
0.0,2.1141217
47.0054,21.833992
19.633,20.23693
0.0,2.1141217
3.40454,9.453904
6.94055,4.5194664
0.000367701,8.303036
0.348552,2.1141217
0.0,2.1141217
11.4908,14.150109
0.0415572,2.0420444
2.47586,0.40223908
0.216134,13.251504
0.0,2.1141217
13.8431,20.327045
0.0,2.1141217
6.54606,58.335052
53.941,17.030712
0.643755,34.58429
0.0,28.188713
95.6333,148.75148
0.0,2.1141217
0.0,16.51482
0.0,9.23144
1.88867,9.024048
18.8462,9.618952
0.0,2.1141217
0.0156715,2.1141217
0.0,2.1141217
1.41837,11.358022
44.7525,46.593597
40.9894,22.136734
0.0,76.219795
60.4931,7.628742
0.0643064,2.1141217
6.32027,6.5035286
8.49454,11.961121
0.0490229,2.1141217
11.5176,2.1141217
0.0,2.1141217
81.5749,31.816353
929.506,19.123045
0.0,9.620176
8.26712,1.7887456
4.86473,5.121929
12.3692,6.007868
18.2872,2.6174242
0.0,4.6838884
0.768857,11.170817
0.0,2.1141217
0.0,2.1141217
0.490448,-3.3946764
11.9164,4.9394712
32.2663,18.915112
0.139701,2.1141217
8.30396,7.02357
16.0916,15.564557
4.23809,11.401886
0.0,4.650951
0.0,2.1141217
4.09223,3.9267251
0.0818675,18.00283
0.0,2.1141217
16.4448,21.654411
0.0190347,2.1141217
0.116668,6.542513
55.5987,4.980236
0.0,2.1141217
0.0222479,1.5822775
0.0,19.915451
0.0,2.1141217
0.00521469,2.1141217
0.0,2.1141217
20.5605,6.936858
45.4482,14.968068
0.0,2.1141217
0.0626684,1.6506631
0.0,1.0983262
0.0,2.1141217
0.0160634,0.80443263
14.8348,8.035438
0.0490229,2.1141217
8.57879,20.631374
0.0,2.1141217
1.26871,40.642887
9.28192,33.830524
0.0,11.040448
12.6267,17.345436
0.0149743,1.9721193
2.45441,5.674466
1.3366,0.030369043
35.7241,29.149555
19.736,25.567032
0.413808,-4.40853
0.0,0.16451192
10.7566,109.494774
0.0317417,3.11053
0.0,2.1141217
0.556268,1.8668158
0.0,2.1141217
143.863,56.080685
2.09633,14.548491
228.807,232.03015
0.0,2.13387
0.0127622,0.64724755
0.0,2.1141217
0.09266,-0.29322553
12.3578,16.102467
0.0,2.1141217
0.0,2.1141217
0.0995036,2.1141217
2.91784,-1.2314451
0.072993,2.5408227
0.0,2.1141217
0.0310281,2.1141217
0.0,2.1141217
7.62417,19.39312
0.224348,5.0522833
10.7103,19.188862
0.0,-1.2776003
18.2872,2.6174242
3.08732,2.1141217
0.0,2.408522
0.0095824,2.1141217
0.0443369,0.18679142
619.796,434.20877
2.47544,2.1141217
0.0117334,2.1141217
0.267752,4.72297
86.3551,75.20783
0.0,2.1141217
36.112,14.818353
19.2521,24.374374
49.2648,24.123367
0.0,26.517256
7.29843,20.053232
2.66615,16.507822
0.0129563,3.9587405
0.0,1.2591839
0.0,2.1141217
8.51378,3.0949957
92.574,14.219272
0.0,2.1141217
23.5057,21.816422
9.13831,23.220432
0.153628,2.4678602
23.6372,32.38702
28.2793,12.629026
0.135243,2.1141217
12.3122,2.1141217
1.96747,10.588627
1.13518,-9.98883
0.0,-2.634526
0.0,2.1141217
0.0213519,2.1141217
44.6647,0.140095
0.0,2.1141217
3.66676,12.889579
0.0144449,1.3259263
0.0,2.146422
9.3748,12.903621
0.0,1.3078759
0.0585232,22.157505
0.287353,2.1141217
8.18264,27.283619
0.0,3.5639863
0.0125772,2.1141217
0.0,2.1141217
3.68317,9.168653
17.957,22.607895
1312.75,33.269524
0.0,15.791329
11.5735,6.076619
1.90929,9.217381
0.506804,0.24509883
2.36522,9.898188
0.0,2.1141217
10.455,26.836708
0.059642,2.1141217
77.9774,34.94905
1.70629,2.938205
0.130971,0.47053504
0.411539,14.119567
89.8552,17.533812
0.0852943,2.1141217
3.84675,3.2658224
12.7498,16.16364
0.0448181,2.1141217
33.357,15.230395
31.889,21.893522
0.0,-3.2943766
11.7182,16.097927
0.620975,2.1141217
0.0,2.1141217
3.71083,16.93239
0.183732,21.110481
0.0,2.1141217
0.900053,20.228436
16.0989,15.364087
5.53292,3.9298768
0.0546348,1.0383179
12.3122,12.197191
10.6593,19.84562
0.0,2.1141217
95.5694,46.040302
0.0,24.048119
14.9762,36.120846
0.787799,38.48309
0.051393,10.640912
7.59372,69.793015
0.0,2.1141217
88.227,20.25443
0.0,2.1141217
0.010088,2.1141217
4.47577,7.607629
0.0,6.038291
0.0,2.1141217
9.32373,-0.591285
4.28886,1.4639022
46.9265,43.31048
0.0377064,0.29086542
36.2545,31.056225
60.3985,62.8472
0.0,2.1141217
29.961,37.442562
9.45215,128.13774
4.28139,3.232003
12.9609,11.780883
1.84584,14.637717
0.106452,9.712905
0.0,2.1141217
0.720367,8.251821
17.9953,3.8447692
32.5693,10.99425
20.3765,10.640912
5.30152,6.4901943
0.872144,2.4854138
135.592,120.14659
0.0224526,23.070814
2.59898,1.9284613
1.80628,15.073131
0.0,2.1141217
0.00930226,2.1141217
0.0,2.1141217
0.210659,2.1141217
7.93361,18.89825
0.0,2.1141217
0.322485,2.1141217
0.673946,7.0017548
0.0148117,2.1141217
0.0558323,0.40073705
1.53848,957.0675
0.476896,-3.3837535
10.8334,-20.942436
43.1966,27.632336
8.44341,-2.7970178
19.4241,12.33274
28.1376,12.335235
0.0,2.1141217
7.70401,3.0488293
29.3384,20.540047
0.0,2.1141217
123.482,133.57274
0.0,2.1141217
52.1071,-5.9888706
0.180045,11.021447
38.0254,34.871502
3.48153,33.299656
4.85285,34.937664
0.0205246,-0.7235906
31.9031,6.2083063
24.8424,11.451528
0.0339982,9.898188
16.1268,14.450659
14.8534,48.76818
0.0,2.1141217
0.0,2.559457
0.0,1.8117394
7.84176,42.07466
6.34268,18.719242
0.346404,0.078888655
0.0,2.1141217
0.0647448,2.1141217
24.6134,20.79081
0.0541491,2.1141217
2.47586,0.40223908
0.0,2.1141217
7.89957,12.596095
0.0,2.1141217
5.72192,1.9631965
0.0,2.04429
0.0146291,6.077709
34.254,40.714294
1.93666,12.347754
74.3385,58.945747
10.3538,-0.9829204
1.68002,17.334919
0.0,2.1141217
19.5867,29.24379
0.0317711,2.189496
15.2572,15.2567215
6.98341,19.75835
0.0,2.1141217
11.7892,2.1141217
6.17851,10.935599
1.61219,-2.7970178
0.0100148,2.1141217
0.0,3.6862953
0.521266,2.1141217
0.0,2.1141217
0.0,8.304112
0.0633151,2.739288
0.0623884,2.1141217
18.6755,2.1141217
0.360221,2.150024
0.0,2.1141217
2.73993,1.2791839
0.0,2.1141217
95.6333,148.75148
6.86443,9.686059
11.3911,19.992884
12.3578,16.102467
0.0,0.7688017
0.0181711,2.1141217
0.0,2.1141217
0.0164366,2.1141217
5.64967,14.811035
0.581551,20.715538
0.0,1.1844966
5.53292,3.9298768
0.532481,1.872144
0.0,2.1141217
4.45915,3.8903735
14.1541,3.7345197
4.26189,-46.32639
0.0,7.35075
123.482,133.57274
0.0,2.1141217
0.600362,31.807407
11.6618,4.8878384
6.70987,15.432702
0.0,10.640912
0.0,2.1141217
5.14796,12.356772
0.0,2.1141217
0.0,2.1141217
333.491,24.951523
10.5869,19.953743
22.9224,17.452831
1.39764,0.9484341
92.3116,5.4074507
53.7064,24.81356
4.29189,12.931564
5.91939,7.265312
0.0,2.1141217
259.033,7.194598
0.835289,8.035438
0.00218881,2.1141217
0.0,2.1141217
11.0861,18.189701
2.08603,0.14989567
0.138812,2.1141217
21.9927,22.145355
6.70053,17.63815
0.0300559,-0.85107183
2.66844,10.618019
0.0,2.1141217
142.75,38.3036
12.6111,18.351051
7.32787,21.493116
35.8993,14.651383
0.0,2.1141217
4.18611,10.130814
53.3892,10.860226
2.91179,2.1141217
9.73291,21.203833
1.17427,8.959245
0.0144224,1.5419917
0.0466057,5.354374
0.486516,2.1141217
0.375689,2.2708344
0.0,-2.117314
0.0,2.1141217
17.8305,33.314644
8.18658,-1.5035303
23.8582,7.922347
0.0480407,-0.34212887
24.1481,26.150736
41.1289,32.326847
0.0,2.1141217
0.0,-1.5855246
0.0661457,2.1141217
12.6881,9.474025
0.0552115,23.434006
0.0725104,2.1141217
0.0,2.1141217
114.038,127.725296
22.6392,22.235886
0.0173895,2.1141217
0.0,0.29086542
5.64967,14.811035
0.0415193,2.1141217
7.88314,18.028728
0.0,2.1141217
22.2375,32.931194
0.0,2.1141217
0.364178,6.062167
0.0,2.1141217
18.2872,2.6174242
23.2156,17.539925
4.64645,37.022198
0.26799,2.7738788
1.84488,68.73067
0.0,2.1141217
0.0,2.1141217
0.899505,15.868905
0.0,24.20831
0.0501345,2.1141217
0.0,2.1141217
12.5219,3.2615967
0.0911935,2.2578914
27.5158,15.513185
0.189837,2.1141217
13.6708,8.523897
0.26033,13.576932
3.65862,-0.35803795
231.91,9.343449
187.407,76.33068
0.542442,2.1141217
7.92071,8.466211
0.0,2.1141217
0.0,2.1141217
59.7792,19.858963
0.108471,6.392027
0.0629534,2.1141217
0.0,33.59831
39.8531,21.537369
5.40012,24.127033
7.05002,14.993738
58.9342,16.135311
8.67667,10.341769
3.16164,7.6865845
0.0,2.1141217
20.7848,-12.56826
0.132209,2.3584757
3.99873,13.318992
0.0,2.1141217
0.0,2.1141217
18.2872,2.6174242
0.0,3.767518
17.2072,-1.1358683
0.0,2.1141217
1.14091,10.556384
0.0,32.606434
6.83995,21.477879
21.9927,22.145355
2.33652,6.2953568
1.47614,4.926675
0.229731,2.1141217
1.58275,15.153686
9.20009,6.128113
0.0270571,2.1141217
0.0104026,8.467127
19.4284,1.5572522
10.2463,48.377068
1.55598,1.2526953
0.0,2.1141217
6.1345,9.825721
0.111079,2.0371778
9.4149,22.957647
14.6375,7.4730806
61.7468,42.32584
19.1121,12.513417
0.336746,-0.33709002
0.148443,2.1141217
0.0,2.1141217
6.70987,15.432702
7.88354,17.126055
0.0,2.1141217
2.88462,14.042529
3.4731,2.067527
186.492,77.19356
0.0,2.1141217
0.0150878,2.1141217
15.8834,41.732845
17.3394,12.417307
1.70576,2.1141217
0.0,-0.4389348
0.0,17.996603
6.97007,10.70078
4.0341,8.315525
0.0,2.1141217
0.0438842,0.9366596
0.0,2.1141217
0.250134,12.470141
0.0289529,2.1141217
59.3129,10.094853
13.8754,28.426044
6.81054,7.2682743
0.162525,2.1141217
0.0,2.1141217
7.1822,0.07409203
6.74333,6.930214
19.4241,12.33274
4.21751,9.608385
17.0076,99.14591
0.223349,6.9039116
0.033392,9.105166
0.0,7.477748
2.96836,10.860226
0.0,2.1141217
0.0735954,2.5702555
2.07538,8.091752
0.019213,9.23144
5.97234,13.948318
0.0,2.1141217
0.0,2.253926
3.3563,41.11749
10.5992,1.3384106
19.3636,28.353058
9.91484,4.7071433
0.0,2.1141217
0.0,2.1141217
0.0718392,0.5771313
0.0,2.1141217
0.0,2.1141217
1.73916,12.479974
0.153238,7.916854
0.193732,14.44236
65.9041,44.343952
0.0260902,5.077751
0.181098,2.1141217
0.0,1.7478554
2.62049,12.880393
13.1196,2.1141217
0.0,2.1141217
0.0,27.349953
0.0718414,1.2237008
12.2933,16.416798
0.340281,13.368033
57.9342,25.34225
0.0,2.1141217
14.7658,10.350167
62.2321,31.706562
0.0413947,0.73577857
31.889,21.893522
15.9535,114.40177
17.6734,-6.6000443
0.0,2.1141217
0.0,2.1141217
22.5227,29.068928
134.521,18.590302
0.0,-14.1287775
5.39024,2.432709
13.6573,16.849003
0.0219642,11.669469
0.0299033,1.0745633
0.0,-0.8270278
11.7336,3.589284
0.0222586,2.1141217
0.0789655,0.13823962
1.20085,2.1141217
108.9,26.517256
0.114664,2.1141217
11.4049,6.2900686
9.41915,17.737183
25.2146,131.28772
0.0,2.1141217
26.7357,18.290136
29.0844,20.506618
0.0,0.8968451
0.424285,0.8271718
0.0,18.493279
0.0,2.1141217
0.00368268,2.522265
0.727649,10.188674
89.741,42.025944
0.0,2.1141217
9.91484,4.7071433
2.87073,8.901865
0.0,2.1141217
15.6971,14.381747
46.5786,10.647904
0.0,2.1141217
0.0,2.1141217
69.8357,51.6181
0.0,2.1141217
0.0943112,2.6189091
0.0,2.1141217
0.534143,2.0061283
49.3187,23.168228
0.549255,2.1141217
0.0,2.1141217
0.0499555,-0.17731369
0.0,2.1141217
71.0243,83.96317
0.435642,-3.8556898
0.423189,4.214486
45.4518,15.72803
0.628994,2.080645
6.89499,19.620708
2.1914,-35.47813
0.553941,2.1559145
0.0394935,2.1141217
131.913,148.75148
29.1625,8.818016
2.38675,29.207705
0.0,-6.93099
1.93037,-19.684452
0.83869,2.1141217
26.3314,8.763604
0.216623,2.8882394
0.0495336,2.1141217
0.040789,31.223167
55.8569,2.10918
10.2463,42.877457
32.7516,37.902935
39.9574,10.512031
8.90506,30.199495
0.0,2.1141217
0.0,2.1141217
0.294262,7.79317
158.364,63.424587
0.0,2.2868674
0.0,2.1141217
0.308492,-0.42721248
0.432429,2.1141217
0.0,2.1141217
0.0,2.1141217
4.36892,11.958759
0.0,7.8813066
29.961,37.442562
27.1771,31.219501
1.3851,16.534239
8.61474,22.044437
0.0,0.048031926
0.0,2.1141217
0.0176443,2.1141217
0.0,0.7688017
0.0,2.1141217
0.00529184,2.1141217
21.4574,32.382965
0.0,3.2658224
3.66676,12.889579
19.5016,36.518604
29.2068,3.8645978
0.0,2.1141217
14.9691,11.697114
45.5749,39.021313
0.0,1.64979
46.5089,17.502953
0.0126236,2.0195196
0.0,1.527014
21.9927,22.145355
0.0672431,2.1141217
0.0224868,1.424967
13.4342,12.881057
0.0,2.021357
0.0789607,3.5844986
0.0,3.6037571
0.839133,0.82010317
29.3097,6.5625963
0.0,2.1141217
0.0,10.827845
14.1541,7.628742
0.0,2.1141217
3.42946,12.508247
0.0,3.3390532
1.78228,5.6718063
9.51941,5.537122
1.87581,13.681395
13.8527,21.68448
0.0,2.1141217
6.10661,21.321823
8.54713,1.5715945
2.12323,19.479706
0.0,2.1141217
0.0,10.640912
0.236539,24.739529
2.66716,23.962276
4.36892,11.958759
1.52665,22.988718
49.2648,20.870726
0.346506,-3.840078
0.0734416,3.4751265
9.34879,-2.0053287
0.0,2.1141217
0.540344,49.192684
2.81657,5.731306
0.0,2.1141217
226.44,123.623695
0.0,2.1141217
7.93361,18.89825
20.8624,19.091852
0.0734236,-0.017938256
18.2872,2.6174242
42.7111,32.134922
0.02025,2.1141217
2.47472,45.665714
0.46427,4.821404
0.324248,22.747501
0.0859618,0.8142228
0.0,2.1141217
16.4448,21.654411
0.0,2.1141217
0.125447,-5.1360445
0.0,2.1141217
11.0977,-1.3001394
19.3196,10.028743
0.0623884,2.1141217
9.97712,24.74687
3.31398,2.1141217
0.571642,5.772444
0.0,1.184521
0.0120289,4.707614
9.57138,27.502678
0.0,2.1141217
0.0,2.1141217
0.0883291,1.4374967
87.9496,52.241497
1.96732,26.462921
237.319,-0.51550937
13.4342,12.881057
0.610725,2.1141217
2.47586,0.40223908
50.7916,20.995825
0.0,2.1141217
0.0,2.1141217
0.53868,2.1141217
0.0,1.5012152
0.0,2.1141217
74.3385,65.904915
4.75134,2.1141217
2.89723,16.828724
0.127013,22.689314
0.0127124,3.2759957
39.4874,14.171908
4.50339,13.671357
40.5102,42.941402
540.622,-8.246076
0.0927253,2.1141217
5.39369,10.574039
3.58947,18.239906
0.027453,-1.5067499
0.0,3.0768182
0.0,2.1141217
0.0,2.1141217
2.62049,12.880393
4.74927,12.467231
0.0734416,3.4751265
0.108294,1.72176
4.79727,6.1916485
0.803882,0.078888655
11.6675,9.149248
0.0,12.429694
0.39772,2.1141217
0.5899,9.898188
0.498276,-3.8556898
22.0379,18.293547
0.0,2.1141217
0.0,2.1141217
3.05566,14.529785
0.1751,2.0498037
0.0,2.1141217
2.91784,10.749166
0.300234,19.055916
0.0,2.1441393
0.174863,2.1141217
0.0,2.1141217
2.47586,3.2250285
0.0,2.1141217
0.0238001,0.49370623
2.15317,6.865243
4.24122,12.005107
2.8793,2.930811
0.0,2.1141217
2.08647,12.347754
0.0,2.1141217
0.0,2.1141217
0.0,2.1141217
4.1897,-2.7372239
0.0645255,30.531797
36.5915,15.920818
1.34405,30.793034
0.0,2.1141217
0.0,2.1141217
0.353103,0.25070238
1.90472,10.350167
0.890859,22.224403
5.59568,23.907263
146.641,58.45385
14.1121,17.641216
6.08398,28.95123
0.0,1.1062078
0.0,2.1141217
8.38179,11.799247
0.966778,-0.74996734
0.0,2.1141217
0.0240531,19.620708
5.27882,2.875514
19.4241,12.33274
82.7121,13.368033
13.1278,-2.9826324
16.3773,7.4605436
0.0419176,2.1141217
0.217464,0.3372779
5.39701,5.83525
9.88996,-13.914273
0.0,2.1891801
39.9616,15.095095
0.051393,10.640912
0.0,7.1052723
0.0,24.048119
0.0,2.1141217
0.0,2.1141217
0.0134532,0.7698097
23.5283,25.996378
0.0785744,6.4951906
37.1852,2.1141217
18.2498,8.670391
12.3578,16.102467
0.0323811,7.968055
15.4501,4.988266
0.0734416,3.4751265
0.0,2.1141217
0.0,2.1141217
0.0,2.1141217
10.3826,32.688267
4.83477,34.76762
0.0,2.1141217
0.103302,2.3603935
18.2979,4.2175207
0.0,2.1141217
22.5788,-5.3159494
0.0,2.1141217
8.21892,-0.65148354
0.0,12.564429
0.0,15.544454
30.6708,22.666693
6.43976,10.689906
11.7135,15.868905
0.0552628,0.0029431581
11.3947,16.321802
0.0,8.76058
0.0,2.1141217
9.31878,11.312515
0.0222586,2.1141217
0.0192345,2.1141217
2.7544,9.793563
0.0734416,3.4751265
0.0,2.1141217
233.507,148.90923
0.0,2.1141217
0.274167,2.1141217
60.3985,62.8472
0.0,79.42939
0.0,2.1141217
0.148869,1.1136734
89.6832,48.062916
1.33569,13.8947735
0.0,2.1141217
0.0251359,2.1141217
3.34978,56.614372
26.988,22.028315
30.128,11.659546
0.0,2.1141217
4.59297,7.868469
370.815,23.132519
9.18426,12.021347
0.0,1.64979
2.50284,5.445097
0.0,2.1141217
12.5936,21.98602
39.2243,-6.7068844
0.242037,2.1141217
30.6925,26.891708
7.70401,3.0488293
127.197,32.411545
0.0,2.1141217
23.7563,-0.13019228
1.19753,2.5655801
0.0,2.408181
0.0897363,1.4718959
0.0,2.1141217
32.6081,13.530164
0.0,1.7245543
0.0,2.1141217
61.6673,-3.3594615
0.0159109,16.970734
0.0,2.1141217
4.85685,4.034765
14.9497,2.1141217
0.0443369,1.5610101
0.0415193,2.1141217
0.0,76.219795
1.30415,16.277033
619.796,434.20877
2.8793,2.930811
18.209,37.721706
0.0,2.1141217
102.929,18.430231
5.34145,12.980166
2.47586,0.40223908
0.31996,9.898188
1.21089,2.1141217
74.3385,65.904915
397.601,27.733875
0.0576959,2.1141217
0.0,2.1141217
0.0401582,2.1141217
0.0308414,6.349061
2.8163,4.464723
1.70576,2.1141217
39.5927,29.24619
0.614049,10.034148
0.182358,2.1141217
0.0,2.1141217
0.0,2.1141217
10.8422,15.884739
27.0281,26.093649
1.67192,-2.7970178
1.69555,-1.1693041
16.0812,28.189285
0.0115032,-0.65173626
10.6686,20.074507
0.0,2.1141217
6.28842,6.6593018
0.0,14.721429
0.00610409,2.3528333
38.0233,26.982023
0.0,2.1141217
0.0,1.9075017
0.0,2.1141217
18.209,18.754967
26.6208,-0.12354994
0.0,11.592898
0.0573763,17.252565
0.0,2.1141217
89.6832,75.183846
0.0573763,2.1141217
3.41898,11.714422
3.90281,0.98555636
22.0379,18.293547
0.0,2.1141217
67.4523,7.688876
0.156903,2.1141217
6.73907,21.0195
0.0309796,1.8801861
0.199732,25.319445
0.0,6.542513
0.0181711,2.1141217
0.0578019,0.5080402
0.0,1.527014
0.0,16.321802
0.207724,1.3437421
4.33643,21.335642
0.0,2.1141217
987.415,32.430614
0.473766,0.24263847
20.3765,0.29744983
8.99745,12.812347
0.26033,-7.7570868
0.0,-2.634526
0.0,2.1141217
1.61403,-0.6808078
11.2349,29.607979
20.3765,12.939656
0.0,2.1141217
0.0,2.1141217
1.00624,13.7748575
3.43098,10.419185
0.219512,1.3290293
7.92102,2.1141217
0.0,2.1141217
23.5057,21.816422
73.7988,7.979206
0.0593326,45.81317
0.0,2.1141217
1.99104,38.139668
0.106799,2.1141217
0.0,2.1141217
69.8357,51.6181
0.458468,17.767242
0.264436,0.13438678
7.72727,12.537587
0.0,2.1141217
1.42191,22.595102
0.0270327,2.1141217
0.0,2.1141217
0.0319741,2.1141217
17.3573,24.56287
5.78663,3.5001225
0.051393,12.939656
0.246802,2.1141217
0.0,2.1141217
0.051393,10.640912
0.0317711,2.3991416
24.3086,18.116604
57.891,9.33584
0.0,2.1141217
40.1683,22.044437
0.0,2.1141217
0.0950008,2.1141217
0.0137033,1.6542675
20.3765,12.939656
5.57925,33.26266
12.2817,29.238087
24.6854,42.79763
7.2347,8.956078
201.331,92.37909
9.9192,4.3864937
8.4425,13.405335
69.8534,26.368776
0.111893,3.2374208
0.0,20.410673
4.74985,1.9156694
0.0,2.1141217
0.0274204,2.1141217
0.0,2.1141217
0.0,2.1141217
11.6058,9.781146
7.28997,12.212889
20.1227,12.183113
0.0,2.1141217
95.5694,22.199251
0.0,2.1141217
0.0,17.996603
4.92439,5.569358
0.0140005,2.1141217
5.29286,3.7383084
0.504247,6.8248844
7.29843,20.053232
9.34879,-2.0053287
82.423,44.120834
6.3236,-0.4032607
0.0,2.8398025
0.330802,17.043142
0.0,2.1141217
15.7275,6.5068645
28.003,38.98644
15.9535,114.40177
7.81563,5.1575646
0.0,2.630879
0.0,2.1141217
92.574,19.620708
0.0,0.6707423
230.705,218.89227
0.0,2.1141217
1.0646,13.138385
27.7688,19.819302
0.0,2.1141217
11.2349,29.607979
0.0,5.283948
3.31365,5.141102
0.0,2.1141217
0.0,2.147618
15.4538,3.7908325
9.18391,28.353058
23.5057,21.816422
76.9977,41.646782
17.0222,33.79568
0.0,2.1141217
3.80736,2.1141217
24.4617,9.339417
0.0,2.1141217
13.6032,20.480837
19.3196,10.028743
2.09633,1.8921926
4.74741,83.20896
18.836,17.54046
0.0,2.1141217
2.29405,0.3372779
26.988,22.028315
0.322745,14.6625595
8.59654,13.26217
0.0274204,2.1141217
0.511178,20.431618
0.0799573,2.1141217
0.0,2.1141217
4.66756,13.006375
0.0,2.1141217
39.4874,48.010715
8.20516,10.8913555
0.232211,1.0009394
0.0,2.1141217
169.019,2.1141217
1125.9,185.91435
0.0170887,1.9800608
8.44341,-2.7970178
0.0,2.1141217
8.4425,13.405335
0.0,1.467035
9.41098,42.71915
0.0,-0.2044611
0.280038,39.465214
0.51474,11.767924
0.123102,0.12347925
1.12501,5.6736784
0.0,2.1141217
21.7269,0.29614902
0.0219642,28.17271
3.32243,18.81449
0.0,2.1141217
53.2671,80.86481
9.47172,18.65945
2.64652,2.6902978
0.0377064,0.29086542
111.051,44.732708
10.8471,18.39021
0.00905912,-7.5730314
4.87841,61.91255
0.0,2.1141217
0.0272644,1.2445958
11.6645,-4.484084
21.9108,36.581593
13.3558,6.8579206
0.028893,0.16055799
29.2461,37.31021
127.197,17.91616
0.299788,6.8086452
0.0,2.1141217
19.6877,24.51622
0.0,2.1341903
7.7561,22.586449
0.678751,2.1141217
2.91861,2.1141217
0.647028,61.18591
0.0,2.1141217
0.0,-1.8459575
3.45128,13.032371
4.74741,83.20896
80.836,40.865913
0.0,2.3037076
0.0,3.5639863
3.81662,11.900233
0.0,2.1141217
25.2336,11.527003
2.33011,2.1141217
51.2472,69.18101
5.22933,10.142891
14.0998,8.48352
0.0230888,2.1141217
32.6296,36.791588
0.100459,2.1141217
9.53957,2.1141217
36.044,13.455043
8.98008,5.105727
0.0112075,2.1141217
7.7064,16.43347
0.0488949,2.1141217
25.8726,29.880478
0.645114,2.1141217
0.0713237,3.6373026
0.0,2.749577
0.080121,2.1141217
9.24237,13.465081
35.0216,34.536022
0.0,2.408522
0.0,1.0983262
0.0184449,2.1141217
10.2554,-2.44832
3.72617,18.0604
0.0,1.1069355
26.1965,15.0522585
7.93916,-3.162473
3.72617,18.0604
149.689,2.1141217
19.1213,19.945032
40.4993,47.420902
11.3063,10.815307
0.125719,1.1606264
0.112871,2.1141217
4.26574,7.790655
1.55944,15.140662
31.7686,4.9259987
0.344931,2.7248785
1.2981,2.1141217
0.0367091,11.055564
0.0,2.1141217
0.869482,26.154362
2.92734,0.5697515
0.0,2.1141217
200.795,110.40382
0.00964872,3.5943747
41.5651,30.638252
0.365597,11.021447
0.816026,30.050552
0.0,2.3550985
208.249,57.071697
0.0,2.7567146
33.1188,21.11839
0.0,2.1141217
42.3715,76.219795
0.5899,9.898188
0.0,2.1141217
0.0,1.3405097
19.3857,12.836405
1.00982,1.7575395
3.31146,21.512083
0.0,2.1141217
196.96,15.722737
0.0,2.1141217
20.9778,15.450052
20.3065,9.761781
62.0056,34.514748
0.105902,17.493221
1.67192,-2.7970178
0.0,2.1141217
0.287353,2.1141217
0.0,2.1141217
0.0,2.1141217
69.2914,-7.7072277
0.620975,2.1141217
1.93666,12.347754
37.4822,24.989555
0.0735725,1.9948652
21.7269,0.29614902
1.49141,20.35402
47.556,10.0243025
6.32027,6.5035286
0.0706443,8.60874
40.2252,50.468742
11.5061,11.981066
19.3196,10.028743
0.0227304,0.29086542
82.423,44.120834
0.0,6.497467
0.0,2.1141217
0.496241,-4.2409534
0.974311,9.424894
15.7976,20.165342
0.0929784,1.5385242
9.18391,28.353058
4.4131,-30.696602
0.0,1.6260092
50.5521,6.721158
66.5085,70.67744
9.25745,15.61599
0.0471651,1.6716747
1.48575,9.647885
5.52068,-3.9367893
0.0,2.1141217
14.2404,1.0983262
22.5174,29.616034
14.2894,7.865575
0.0734416,3.4751265
0.0541491,2.1141217
65.8054,44.05927
29.0844,20.506618
0.0,1.5012152
0.0995036,5.507628
1.20083,4.4467125
21.2297,3.3277707
0.0,16.367395
16.29,8.246666
37.887,8.137612
0.0372422,3.2862854
24.3026,14.328533
0.0,2.1141217
0.0,2.1141217
8.54155,3.4950767
47.6788,14.586855
35.2742,7.1287756
0.885176,21.284657
0.0,2.1141217
0.0,1.6349592
0.0,2.1141217
0.0734416,3.4751265
0.00808029,3.5235908
0.0,2.1141217
0.0789607,5.0917196
33.4851,28.597366
0.0,2.1141217
11.4008,36.493717
0.00874122,0.596704
0.0143126,2.1141217
22.5788,2.674599
2.57179,0.9975357
14.6294,5.283948
0.0190806,1.3515141
0.0484491,0.078888655
38.7644,14.196477
0.0,0.7688017
0.0,0.7349374
8.30844,16.386951
0.170942,0.10803616
23.8908,24.834696
154.968,79.20347
27.4125,2.1141217
0.0,2.1141217
0.0,2.0834918
0.0,-0.9409034
7.13458,16.655676
36.2545,31.056225
0.0,-2.634526
4.39634,0.10518193
8.18259,9.928989
0.0129072,2.1141217
0.8503,6.0562143
0.0,-0.6252909
86.3551,75.20783
115.716,22.51567
0.0376121,-0.6650107
24.0097,19.33196
1.16065,19.581356
0.145632,2.1141217
0.388369,38.48309
0.0610322,2.1141217
0.0,9.392183
0.0,2.1141217
0.0,2.1141217
21.5036,16.494415
0.0,2.1141217
0.0558077,2.1141217
8.46153,-2.338165
20.3765,10.640912
0.0,14.317309
15.662,17.463013
0.0413947,0.73577857
0.0,1.4808524
167.223,30.88197
0.201269,1.7828956
0.131854,9.513114
0.0,10.610669
1.3366,0.030369043
0.31996,9.898188
4.42726,12.880393
7.00393,5.379559
0.496241,-4.2409534
0.00982372,2.1141217
0.0,2.1141217
26.9925,11.168645
9.40205,8.766888
3.62445,-7.589018
0.0,2.1141217
7.80756,-37.09846
7.54107,10.86667
4.21318,11.802487
2.30368,22.136734
0.168757,4.7411222
0.0,16.321802
8.74897,0.11635518
22.5174,25.545338
0.123055,2.1141217
1.26098,1.0983262
0.0874501,13.140037
9.57138,27.502678
4.61178,10.156065
25.9758,2.1141217
0.0170975,1.8319004
36.1902,27.83561
6.89649,16.97263
9.25835,27.253155
0.0,2.1141217
8.73149,7.4692707
0.00483917,1.4629667
11.3911,19.992884
20.2034,11.079893
0.0616941,2.1141217
0.0,2.1141217
4.42681,48.399494
22.9447,37.31998
0.868527,2.1141217
0.252591,2.1141217
0.0734416,3.4751265
2.29766,34.152134
0.275986,-188.56708
14.7008,31.99259
21.5036,16.392014
0.0,5.234668
11.731,23.018078
0.0,2.1141217
10.479,4.783038
0.471737,-0.8283117
0.0226457,2.1141217
0.0,2.1141217
0.0,2.1141217
0.0181138,2.1141217
26.1965,15.0522585
4.545,9.898188
0.0,2.1094716
10.2115,22.33419
0.0194222,2.1141217
0.31996,9.898188
0.0931813,2.1141217
4.33811,2.0292418
23.0079,30.548077
0.0,2.1141217
0.0,2.1141217
14.8558,32.686596
0.0126912,2.1141217
33.1188,28.357132
3.40206,11.675517
42.2709,11.516248
0.181625,0.4119053
0.0,1.8165648
0.876184,41.732845
20.4762,25.02614
0.0,2.1141217
0.656383,2.1141217
5.64259,-25.893597
0.0,2.1141217
0.0591538,2.1141217
0.0,2.1141217
58.088,11.365024
0.215631,-2.562206
23.0886,44.73193
0.119957,2.9824584
12.4414,15.515805
0.0317711,2.3991416
4.58484,-1.335083
0.0485279,2.1141217
4.21751,9.608385
0.0,2.1141217
0.0,31.089407
0.127514,2.4611237
0.814752,17.6354
0.276195,1.5538857
0.868541,19.801426
47.8693,8.289624
135.348,99.21163
0.0,2.1141217
0.0,-0.9409034
0.652652,-3.6604788
4.0899,2.1141217
0.0,2.49898
1672.53,979.53864
9.67349,26.32478
2.92734,0.5697515
14.3224,3.8547902
0.748226,9.400915
0.0757449,1.7238653
44.8206,116.02889
0.144784,0.32187057
2.59898,1.9284613
12.4692,13.571224
11.2349,29.607979
26.1965,15.0522585
11.9358,11.174649
5.78663,3.5001225
0.128932,2.1141217
5.4147,5.6597977
6.32027,6.5035286
0.0,2.1141217
3.31974,16.205772
1.00717,2.8747485
43.6408,18.860306
0.0507568,8.289624
11.5258,13.848124
0.214922,2.5001998
11.5518,2.1141217
0.0,2.1141217
397.601,27.733875
0.185664,-0.2981515
3.29546,3.7885969
22.6392,22.235886
0.0,2.1141217
0.0187635,2.1141217
0.0,2.1141217
0.66808,0.40223908
0.0490229,2.1141217
0.0,18.2841
7.21241,29.066124
0.0,2.1141217
7.71801,50.545
0.0,1.4808524
6.18238,2.1141217
2.16773,5.790037
0.0,2.1141217
251.292,57.72151
0.0,3.2658224
0.051393,10.640912
0.0,2.1141217
0.0,52.281452
0.0,2.1141217
0.0,2.1141217
4.47958,7.215782
0.0,14.4763365
3.43098,10.419185
13.3634,17.645685
0.937009,4.6720943
12.5311,50.582424
0.0719362,2.1141217
89.6832,48.062916
2.92301,2.1141217
0.178451,2.1141217
9.56915,7.45207
0.0,2.1141217
0.0,2.1141217
0.43431,6.1246014
25.2971,30.944012
0.0641311,-4.40853
0.0,2.1141217
0.0,1.8252368
0.0,2.7803407
14.6904,15.620978
0.314417,16.891506
0.0,2.1141217
6.40439,11.369777
0.0131354,2.1141217
0.0,2.1141217
9.75614,-0.2706256
0.0,2.1141217
0.0263074,2.1141217
0.222996,1.8668158
11.6114,20.631374
7.27815,12.596511
0.144784,2.3550985
0.0,-3.8556898
11.2831,12.525912
0.0,2.1141217
1.21707,1.3429558
5.16592,12.6873865
11.6114,20.631374
0.43545,2.1141217
0.0,2.1141217
32.6296,36.791588
22.2012,9.5108795
0.0,1.4351318
0.0932137,31.243374
4.74985,1.9156694
5.5232,2.1141217
0.275945,2.1141217
0.123151,2.1141217
9.07465,9.825882
0.582167,7.0047293
26.4655,19.748135
18.1432,19.485128
0.530209,-2.4328406
0.0489275,148.75148
0.785868,-0.56933594
13.6716,13.580606
0.0,1.0229003
0.099631,2.1141217
2.96133,2.907746
0.712285,7.922347
68.9289,40.125473
30.4823,20.410673
0.0,2.1141217
0.0757449,2.1141217
29.8626,9.99821
4.51348,23.495083
2.59898,9.723608
5.85685,21.492155
8.51798,6.186096
5.29084,71.07916
5.4147,5.6597977
2.56798,21.40118
1.29001,2.6388075
0.257321,2.1141217
0.0,7.4273777
20.3765,10.640912
13.3312,-1.3509614
0.0,2.1141217
10.2132,38.344707
57.049,2.1141217
0.0134822,1.3293478
2.19107,7.443712
4.52996,21.284657
0.0,2.1467338
2.68224,10.8913555
0.105614,2.1141217
0.0118933,9.211744
0.0,2.1141217
0.0,2.1141217
0.144784,0.32187057
26.9829,15.772093
0.0569825,2.1141217
0.0,2.1141217
12.4324,24.611614
0.0,2.1141217
38.4291,22.632938
13.2442,20.436623
0.0,8.769099
16.5966,6.833269
0.0436978,2.1141217
0.0651436,2.1141217
24.3914,12.73981
14.6375,2.1141217
0.0,1.4939725
2.02652,12.43255
2.18458,2.1666377
0.318429,11.209919
1.43546,2.1141217
0.0,0.56621695
0.512462,0.73700213
0.0,2.1141217
1.61856,9.392735
0.0,2.0787692
2.85747,-6.298641
13.2385,25.954979
0.0973958,2.1141217
1.19533,-1.2141659
3.84675,-2.9264505
0.532481,1.872144
6.79786,5.4875727
0.0129563,3.9587405
0.0,0.9292886
15.4143,12.880393
3.07596,23.287373
0.300234,19.055916
5.80679,-4.636327
11.0861,18.189701
0.0,2.1141217
4.85574,24.678688
0.205377,0.6406727
38.0233,26.982023
0.0,2.1141217
2.08647,12.347754
2.91784,10.749166
2.70055,2.1141217
0.0,2.1141217
5.31933,18.658743
0.0,2.1141217
5.54419,-2.3265376
4.55759,7.6101017
0.0,18.00283
0.154268,2.1141217
0.0,4.146819
6.86443,9.686059
0.082366,2.1141217
30.7603,41.82063
0.287353,2.1141217
0.0,2.1141217
0.0,2.1141217
46.4472,13.312503
11.925,13.343078
13.4342,12.881057
0.476896,-3.3837535
0.156659,2.1141217
0.0619506,2.1141217
0.0,2.1141217
5.90745,22.069971
0.0534402,0.13823962
0.162755,23.502466
13.3117,22.231422
12.6673,20.114492
0.0,15.09835
0.0132763,2.1141217
0.0,2.1141217
0.0,0.9999714
5.31933,18.658743
0.112871,2.1141217
0.0,2.4003186
0.00927739,2.1141217
0.0774752,1.2801943
0.535937,2.1141217
164.174,-2.7095916
0.0,2.1141217
12.6388,20.506859
0.0,2.1141217
13.2992,11.3947735
0.881826,2.1141217
0.056115,2.1141217
11.7977,25.5471
14.4675,8.150931
24.5398,18.124903
19.0973,13.576932
3.42946,12.508247
1.62318,7.9153833
0.142322,2.1141217
13.8431,25.376982
12.8011,20.689846
0.218525,0.54465675
0.0,2.1141217
28.3842,9.160614
20.2765,24.119934
0.0,2.1141217
3.1782,1.1069005
9.95179,14.724149
0.0,2.1141217
20.1574,13.094565
13.8431,20.327045
0.0,16.847925
0.272188,-10.933797
6.5619,39.014206
6.82818,8.207519
0.0,2.3550985
0.182946,24.378107
0.00571813,2.1141217
20.3765,10.640912
0.0755944,2.8671756
0.134388,28.426044
0.0995542,0.574332
228.807,232.03015
17.6053,16.301317
0.0,-0.44727516
1.5047,5.808461
0.0,2.1141217
4.37563,20.782557
4.12438,27.512741
35.7609,20.518614
0.0,2.1141217
0.0339982,9.898188
6.73375,19.837177
11.9358,11.174649
0.0407668,2.1141217
0.0,2.1141217
0.0,9.670459
0.762179,41.82817
17.4509,14.543107
0.217464,-5.87136
10.455,26.836708
0.0,2.1141217
7.49617,-0.6643803
0.106379,-2.4294899
22.5511,28.861464
53.1995,29.726826
0.0654067,2.1141217
0.0,2.1141217
66.8852,9.540775
0.0,15.492502
0.168411,31.118984
0.0,2.1141217
174.296,219.157
2.26045,2.2282217
0.041474,2.1141217
0.0,2.1141217
7.72727,12.537587
0.0,2.1141217
0.383809,2.1141217
11.7977,25.5471
5.09901,6.0814238
0.0257749,2.1141217
8.34417,24.068071
30.2599,6.0230913
19.4241,12.33274
0.0,10.377083
0.0,2.1141217
0.0,2.1141217
11.7739,4.382701
0.0,2.1141217
0.0,2.0996945
0.632674,2.9586818
0.0,2.1141217
6.06853,15.736459
0.0236888,0.7721243
0.0,2.1141217
31.889,21.893522
3.29546,3.7885969
0.0,2.1141217
4.54406,0.6640599
0.0,2.1141217
0.211532,2.1141217
23.569,21.365574
0.0803971,2.1141217
12.6916,18.207026
0.0,2.1141217
7.18403,10.9387455
0.319336,8.554059
17.5039,15.266291
0.0,-2.634526
258.84,16.58432
53.5033,4.1290407
0.105389,2.1141217
4.56991,16.795708
7.29843,20.053232
6.32027,6.5035286
0.0465422,1.5907471
8.13805,12.659634
0.639668,2.1141217
74.3385,46.01965
0.0,2.1141217
18.1842,22.51697
0.328867,2.1141217
18.8538,6.118285
0.086773,1.7417548
0.102832,12.689538
21.5036,34.895916
0.0,2.1141217
0.0,2.1141217
19.4241,12.33274
0.0831501,2.1141217
9.79811,23.08047
10.2463,48.377068
0.524087,1.427366
0.0,2.1141217
5.05006,2.1141217
30.0849,6.0230913
4.0058,13.251504
0.00808029,3.5235908
13.8586,4.9755125
18.9248,3.3353012
0.211054,2.1141217
10.5478,47.34296
0.301423,12.880393
0.0,-2.338165
21.3993,3.4006026
6.328,6.9485016
0.0,-0.8974123
8.74772,9.561637
0.0,2.1141217
1.16659,23.261015
56.992,10.454958
0.0,2.1141217
9.87826,6.725999
2.29225,23.505182
0.0546348,2.1141217
4.91671,5.141102
0.301423,15.540274
8.80649,7.220104
8.94272,15.491654
0.0,-4.4787683
3.61257,18.824154
31.1438,22.481903
0.521266,3.9605038
1.47888,0.82010317
0.134373,0.12338662
0.0,0.7688017
17.2867,66.19367
22.6392,22.235886
88.2999,59.876373
15.332,23.328384
22.0206,15.729869
0.431208,26.125593
8.67667,21.128986
0.113443,17.554647
0.559874,8.010252
0.0,2.1141217
0.0,2.1141217
69.591,23.190022
0.0,0.42793107
0.0,2.1141217
8.46153,16.847925
1.27604,11.519759
0.0297383,1.6926057
9.60602,26.05397
10.8366,19.940596
25.3641,11.298175
9.91484,4.7071433
18.8914,13.951895
0.030774,1.4754741
4.75134,7.7846727
6.17822,13.497239
0.0563849,2.1141217
23.1255,8.196114
10.7073,26.337606
4.33481,15.625489
0.0908411,-1.7594087
0.0,-1.6444747
5.64967,14.811035
1.02305,9.370679
86.6865,27.460447
0.261045,2.1141217
0.0,2.1141217
0.0,2.1141217
5.64923,18.690212
0.0,2.1141217
1148.4,12.435082
12.7752,23.300926
12.9993,15.3572855
27.4685,15.871144
36.2545,42.08692
0.0,2.1141217
0.0,2.1151655
1.11208,19.195816
0.0,2.1141217
7.03976,2.1141217
4.38561,14.105091
18.2498,8.670391
3.7505,9.08546
0.0129563,3.9587405
0.0,2.1141217
0.238702,2.6662683
0.0,2.1141217
0.124658,2.1141217
1.1301,28.99607
2057.03,44.396206
0.0822271,3.5481212
8.95032,2.905653
25.4868,21.957617
0.0,1.4200249
1672.53,979.53864
0.0,0.32840252
25.8992,42.786343
17.9842,20.42752
5.59409,2.1141217
0.0,8.108937
0.0262574,2.4942183
0.152526,2.1141217
0.0,2.2296555
45.9039,54.694447
38.3952,2.1141217
0.0,36.451904
0.0,2.1141217
0.0722183,-2.1863542
0.0,2.1141217
0.0,2.1141217
0.0,2.1141217
7.29843,20.053232
0.0,2.1141217
0.0681974,2.1141217
0.0,2.1141217
15.3208,30.174023
0.0,-1.1603291
25.6865,3.1584702
1.21027,2.1141217
0.0,2.1141217
0.0,0.83258224
6.24168,17.745565
16.9082,6.822302
0.454014,2.1141217
1.51978,-3.705981
16.1453,14.369495
0.0,2.1141217
0.0,2.1141217
0.0,4.818945
7.30451,11.040448
0.0270743,2.1141217
5.96252,2.1141217
0.0,2.1141217
17.5039,15.266291
222.75,109.53627
74.3385,58.945747
4.59627,12.857332
0.0,2.1141217
0.0198191,2.1141217
2.45846,11.071755
4.88202,6.0344286
15.332,23.328384
8.8373,7.4242964
0.0,2.1141217
7.89957,12.596095
8.15758,10.270487
0.0,3.7064323
46.0233,42.941402
0.0,2.1141217
23.5057,21.816422
8.58381,12.244406
0.0,2.1141217
1.41397,11.944812
0.512127,21.859512
0.535877,28.17271
0.656222,2.1141217
0.0,2.1141217
0.397739,26.245443
20.8624,19.091852
0.0,2.1141217
11.1964,22.164715
0.0,2.1141217
32.6081,13.530164
22.6392,22.235886
8.23375,8.694052
3.60174,1.7391689
11.2349,29.607979
0.127347,2.0786824
1.11499,6.637149
0.0,2.1141217
0.501173,26.969109
0.029949,1.4826834
9.63148,4.373531
1.17489,18.021832
2.77831,9.695086
0.0,2.1141217
0.183247,6.09383
17.9272,11.98941
20.497,22.606134
0.0,2.1141217
36.891,-5.8510265
85.5778,43.752567
0.0166872,1.6603973
0.0645255,30.531797
0.0,2.1141217
0.0,-2.4482207
0.0382792,2.1141217
0.16748,6.8086452
11.2349,6.371951
0.56614,26.103592
15.5377,16.745
3.21659,25.87177
0.0,16.93587
0.0,2.1141217
0.597943,7.290594
0.482503,7.7353373
3.10352,15.092954
0.0244278,0.59533095
3.35149,26.443491
20.945,55.11265
0.0200258,3.7920587
17.1223,15.08184
6.85145,11.635428
3.60176,2.6940408
0.02025,2.1141217
185.622,2.1141217
2.49685,27.733875
6.33952,13.776421
0.0,2.1141217
0.0438842,0.9366596
4.4869,4.900806
0.392561,2.1141217
3.92962,-4.2409534
1.45006,2.1794312
0.0105662,-0.7069156
17.9889,16.60784
0.582328,9.424894
6.08398,28.95123
0.430381,-3.840078
0.0214824,2.2296555
0.441196,6.359544
0.0394029,2.001246
0.0657912,0.45112586
7.88268,-4.132309
0.26033,25.586132
0.0,2.1141217
38.3952,24.066763
4.22201,10.091945
9.83226,14.060397
0.0,2.1141217
0.0,2.1141217
0.0283879,0.88612795
32.2663,18.915112
1.72756,21.970518
14.8102,19.010601
47.7097,7.18279
0.0,33.438
0.0213137,-8.287419
0.0,2.1141217
13.509,2.1141217
0.53919,3.9862936
14.7048,4.2281466
0.0,2.4113896
0.0278917,1.0363469
16.8988,46.128765
6.73907,21.0195
120.835,135.09126
6.8158,162.48741
0.0,12.745299
7.00254,0.7802882
0.0,2.1141217
13.3136,28.705048
0.127069,8.137612
6.54572,8.944879
0.0,2.1141217
178.517,62.90764
0.0,2.1141217
12.2701,3.5392358
0.0,1.7311971
1.40665,21.397713
0.0274204,2.1141217
0.137484,2.9872708
0.0,2.1141217
2.27419,12.136846
5.73474,10.933267
0.0,2.1141217
0.0,2.1141217
0.0,2.1141217
0.0296009,2.1141217
1.17735,7.868469
0.0438842,0.9366596
0.160392,73.79689
0.0,2.1141217
14.2386,20.259695
0.377764,1.2860053
0.0,2.1141217
31.7122,50.201828
0.0,2.1141217
0.0,2.4025238
0.0179047,4.7071433
0.0,2.1141217
0.0,8.17738
0.0,2.1141217
12.9969,40.380085
108.9,17.444912
0.0,3.2865114
0.0261254,2.1141217
0.0,2.1141217
0.0,2.1141217
3.96255,7.3319635
60.3717,30.253979
0.0,2.182158
0.0,2.1141217
0.0263781,2.1141217
2.68224,10.8913555
0.0,39.09057
47.3513,19.514023
0.0407668,2.1141217
370.815,23.132519
30.7785,63.255573
0.0,3.5639863
0.0790217,2.1141217
0.53003,8.051935
9.03346,-1.1333861
17.8236,56.10233
0.0,2.1141217
0.0,2.4350557
13.2992,11.3947735
0.0579628,11.776607
0.0,2.1141217
0.121479,18.154331
0.0683726,7.769553
0.0,2.1141217
0.0,2.1141217
22.5174,29.616034
0.0,2.1141217
0.0,2.1141217
0.0,1.6842396
0.0,2.1141217
40.2252,50.468742
0.0276208,2.1141217
0.0,5.283948
8.59654,-11.819057
433.955,117.46094
22.4149,5.7925005
0.168818,2.0379012
45.9852,2.1141217
0.0,2.1141217
6.77438,1.8419385
16.1453,14.369495
17.6613,9.715337
0.0,2.1141217
0.536924,2.9586818
0.0,2.1141217
8.31722,0.59125733
15.3241,12.429694
23.4437,33.246967
6.09898,-1.5531638
0.441484,8.342382
2.46857,2.1141217
0.0,2.1467338
0.165727,2.1141217
52.9832,13.204291
0.0930278,2.1141217
0.0,1.8472421
0.955229,30.895113
31.889,21.893522
0.0898809,-0.3751905
0.97247,5.533186
1090.25,11.518466
8.57879,20.631374
0.0,2.1141217
4.63619,-5.0072584
3.62445,-7.589018
1.85969,10.110908
0.0,21.000864
0.0,2.1141217
7.80756,-37.09846
9.18444,14.238876
8.60295,13.466214
0.0,2.1141217
0.0,1.7051728
0.0,23.994356
13.6965,24.25099
56.992,10.454958
0.361531,5.260463
96.6188,56.292416
0.0766251,15.641857
0.0,2.1141217
0.0648194,2.1141217
0.0180207,2.342123
11.3771,4.5018864
3.43723,18.807312
11.3947,16.321802
10.3114,13.987545
0.0,2.5476768
0.0,2.1141217
14.5324,14.444611
123.679,129.7415
9.9387,51.31232
0.0,10.408883
7.93361,18.89825
18.8462,9.618952
3.68034,2.1141217
0.147257,2.1141217
38.0254,34.871502
3.80485,12.413011
19.5867,19.620708
3.71311,13.19852
6.86627,13.505689
0.235774,2.1141217
4.54025,29.501026
110.913,136.47797
4.252,7.590458
2.36147,19.364506
0.0226374,2.1141217
0.410641,4.903678
21.7269,0.29614902
17.4135,16.683928
1.16449,6.304579
0.0,2.1141217
0.269299,13.810935
10.2067,31.045212
13.4342,12.881057
0.462918,17.721863
21.4696,40.645058
36.3421,74.60927
11.3212,36.28035
19.1489,25.181282
0.0,2.1141217
0.0,26.16103
13.7664,21.106932
15.8452,27.260025
0.310734,1.1234658
9.31878,10.46751
0.0575503,2.1141217
0.40315,1.4200249
19.8674,11.453752
0.0,2.1141217
0.0,2.38076
5.89798,-1.6842844
0.434756,2.1141217
0.241438,8.103632
0.0304159,11.369178
0.0508101,2.1086056
7.88359,21.519276
5.02841,0.66490173
0.117386,1.6595232
0.0,2.1141217
13.6965,24.25099
5.91939,7.265312
20.2414,17.15134
13.2496,2.1141217
0.0,2.4885733
8.30447,30.531797
0.123364,4.4664583
86.3551,85.7454
9.85834,27.56427
8.61256,16.029943
3.8617,42.358997
0.23267,23.206806
12.3794,15.009306
0.0,-2.117314
0.0,2.1141217
0.396008,15.92916
0.0,-2.634526
0.161006,-0.8942995
0.0,1.9029748
0.0,2.1141217
2.64652,2.6902978
0.0,1.1117935
9.4149,22.957647
18.1396,2.7980564
0.0,3.2658224
13.0144,2.1141217
0.0209738,2.1141217
0.121209,2.1141217
11.3911,19.992884
0.0,-0.85504603
0.0803287,2.1141217
8.203,54.869045
0.0,1.6565335
0.524087,1.427366
0.0,2.1141217
1.03734,1.2297847
0.0,2.1141217
7.77056,4.662524
0.0,35.774742
68.9289,40.125473
0.40574,2.1141217
12.3755,25.135262
3.60176,44.099407
14.4902,3.9705775
0.104821,-3.8556898
0.0,15.09835
12.8303,13.742554
0.0,2.1141217
0.0,2.1141217
8.21892,53.987846
1.9201,-0.15538669
0.0,2.1141217
0.02025,2.1141217
0.0,2.1141217
6.38249,52.496113
0.0,9.392183
0.0,0.8435476
0.0947648,2.1141217
38.012,12.836405
11.3911,19.992884
0.0486026,13.934741
39.7765,13.532025
0.105717,13.121076
0.26033,25.586132
11.5518,14.4402
0.0,2.1141217
24.7055,6.380171
24.1123,2.2025445
0.0,2.146422
4.27692,11.294283
0.0211065,2.1141217
3.628,20.615242
0.0261254,2.1141217
22.0206,15.729869
26.1456,11.764952
0.0,2.1141217
38.4839,18.937986
0.0,2.1141217
0.0,2.1141217
0.0304184,2.1141217
20.6263,25.61792
0.0597723,2.1141217
17.5554,49.313316
0.0,2.1141217
7.96072,-1.9187844
0.0,2.1141217
0.153007,2.1141217
0.0174459,3.780841
11.4008,36.493717
0.0,8.76058
0.0,18.00283
0.0,-0.7069156
2.62049,12.880393
1.02611,5.5100713
0.0,2.1141217
0.0,2.1141217
9.4149,22.957647
126.18,63.212612
2.7544,27.538229
0.0,3.2658224
26.0752,26.32685
20.6311,14.369919
0.024356,1.5586431
5.14796,17.497374
1.69762,5.9178276
0.0,2.5476768
0.0,2.1141217
0.129307,2.1141217
0.0747703,8.823915
0.542215,1.6068642
0.016778,0.38296628
27.6241,39.08353
0.0,2.1141217
24.1123,2.2025445
0.0,2.787024
0.0,2.1141217
10.2809,8.96423
63.9398,20.842007
0.0,2.1141217
0.0,2.1141217
0.0,2.1141217
22.4149,4.865325
0.0,2.1141217
0.831891,14.467593
0.526505,3.7688868
2.87896,-1.7784674
0.116024,0.5834062
115.353,56.15271
0.0,2.1141217
7.18879,9.392183
0.0,2.1141217
0.0,2.1141217
42.5577,21.313828
20.9778,15.450052
0.0,4.0701766
0.0,2.1141217
0.196308,16.20052
0.096906,2.1141217
6.02159,1.0135872
21.5605,23.692043
0.0,0.9093549
0.259034,23.220432
63.6629,27.280706
0.0,4.0701766
0.0,2.1141217
0.0,2.1141217
6.34788,2.4117818
2.74106,24.185177
0.0805441,2.1141217
0.0527473,1.221262
27.3942,11.562959
0.766402,29.9287
6.97007,2.1141217
21.6382,2.4011798
0.0261254,2.1141217
3.40206,11.675517
4.0899,10.0767145
0.0,2.1141217
16.167,42.953026
3.74306,-0.120013714
11.9358,11.174649
126.38,114.40177
2.56689,2.2374644
0.033392,3.2515829
0.0,2.1141217
0.0,2.1141217
18.2676,1.034899
0.0,2.1141217
0.0,2.1141217
0.288984,3.3917162
0.0,13.275623
0.141534,-6.149766
16.4003,17.390299
0.018648,2.1141217
43.8743,33.711628
5.52068,-3.9367893
2.8793,2.930811
0.0703577,0.9568136
0.118235,2.1141217
0.0,0.5393441
0.0,2.1141217
0.0,2.1141217
0.0,5.234668
1.08497,26.245443
47.1426,36.454002
0.0,2.1141217
0.0,2.1141217
0.330469,6.678856
10.5207,8.340164
0.0,2.1141217
92.3116,5.4074507
0.0,2.1141217
4.40845,2.522174
0.275945,2.1141217
18.374,17.446598
6.10457,16.256031
13.2992,11.3947735
2.3566,9.022102
0.0,18.860306
0.0310379,2.1141217
1.00717,2.8747485
0.0169503,6.5354815
0.0,-2.634526
6.73907,21.0195
0.0,7.5795145
0.241039,2.1141217
0.0,2.1141217
29.0894,28.068438
40.8006,29.276737
0.612532,23.143307
3.52253,27.36461
0.853314,20.116638
2.92734,0.5697515
5.22253,1.1772845
7.65274,-5.2352133
4.56991,16.795708
32.9177,14.948352
11.0146,19.112703
37.8396,15.489123
9.60602,26.05397
32.3352,32.14287
43.2114,31.972515
86.3551,85.7454
0.0,3.754885
0.0,2.1141217
1.55502,3.8391938
0.0,20.410673
2.38675,29.207705
1.63293,4.052496
803.796,591.1702
0.0,1.4793439
0.0,2.1141217
121.756,22.766937
9.68664,-1.7604172
0.0,2.1141217
74.3385,65.904915
9.84674,28.694233
0.0377064,0.29086542
25.8435,26.867382
1.19608,15.954427
0.138878,11.868009
0.0,2.1141217
0.256596,21.590776
0.0,2.1141217
0.0,2.1141217
0.0354814,1.5864818
0.0889348,2.1141217
10.7571,6.548314
0.0,2.1141217
10.154,26.849123
1.40205,39.51333
51.1107,30.82277
3.39375,2.1141217
14.6904,15.620978
5.43055,21.919443
0.0,-2.4814622
11.0146,19.112703
0.0,12.682918
0.0,-0.90776896
94.7963,25.582222
0.0,2.1141217
0.0367091,11.055564
0.0,2.1141217
0.0,2.1141217
2117.69,770.2522
0.0,2.1141217
0.0,2.1141217
0.530209,-2.4328406
15.2827,5.9509706
15.1388,11.167932
9.66222,979.53864
0.0,10.640912
0.0685767,2.1141217
0.294691,2.641049
48.3711,18.554947
0.00673864,-1.9101906
0.0,2.1141217
0.0,2.1141217
0.170468,21.036192
0.0,2.1141217
8.20516,10.8913555
0.0,9.898188
67.0111,2.9690259
17.3319,21.329239
11.6074,2.1141217
0.0,2.1141217
0.0,2.1141217
0.0274204,2.1141217
0.0,10.610669
0.0,2.1141217
0.051393,10.640912
0.532481,1.872144
22.6272,13.452102
89.6832,48.062916
24.4512,33.331886
37.7274,15.936254
0.206719,1.0050318
0.0,2.1141217
13.6708,8.523897
4.70115,49.27154
0.0,8.76058
3.08732,2.1141217
0.02025,2.1141217
16.5723,30.371185
0.152698,9.845256
0.0059639,5.48277
0.0149006,2.1383107
0.0,2.1141217
0.0,1.9134045
0.00775797,2.1141217
5.62209,22.09756
15.8592,8.678621
0.443035,9.349525
32.6296,36.791588
4.0694,2.6492279
47.1426,36.454002
6.86627,40.482403
0.860813,26.566483
0.948007,15.544454
67.9757,-0.29560685
0.0,0.6707423
8.85757,3.8571408
0.0422045,2.1141217
4.27029,-1.933269
0.0,2.1141217
2.31526,13.910456
0.0,2.1141217
0.0,1.467035
0.0672117,8.200064
1.17065,-4.5107555
0.493416,9.909786
42.8467,32.38059
31.2435,7.8086166
3.42946,12.508247
52.0819,5.145871
22.6392,22.235886
1.02618,10.1774645
9.4149,22.957647
0.0,19.620708
12.9887,1.9707439
6.58449,2.1141217
0.0519234,4.191457
8.38179,11.799247
78.0455,42.257275
11.684,10.562799
0.989546,6.358738
95.5694,46.040302
0.0,2.1141217
0.0,-3.8556898
0.00961352,2.0039427
18.2498,8.670391
0.23567,-5.41833
11.2349,29.607979
33.8268,-2.1703122
16.3631,8.632871
0.0,2.1141217
17.3394,20.03215
0.600218,4.4704494
11.2831,12.525912
0.0396249,4.2666564
2.92561,1.6547382
68.1974,68.59871
0.931777,2.1141217
0.692599,2.1141217
0.0,2.1141217
0.0101568,2.1141217
0.051393,12.939656
0.0,-2.634526
0.0,2.1141217
22.0206,15.729869
0.194923,-8.951203
14.1541,7.628742
41.2784,40.068165
12.9819,22.08456
0.449778,18.318754
0.0,2.1141217
3.37369,19.447475
9.70621,27.998695
0.0,2.1141217
0.0,0.7429209
9.68664,10.584289
0.182946,0.69926
14.5324,16.923578
35.5888,26.46421
1.20083,4.4467125
2.16714,-1.4194787
11.0804,44.599606
5.54151,-3.2943766
46.7864,24.695724
0.0,0.800612
13.3136,28.705048
0.234005,1.8119814
0.0,23.189003
1.35178,-2.8921096
0.430817,1.4087701
1.26999,2.8484325
0.0585701,2.1141217
47.3378,36.451904
0.0,2.1141217
0.177711,4.2483196
0.183057,-0.9475024
19.9297,4.887971
10.4071,25.907602
0.02025,2.1141217
0.0,2.1141217
0.0,2.1141217
1.4025,2.1141217
20.2295,19.620708
0.0218479,2.1141217
11.7377,-0.945281
0.363451,1.7908373
10.5139,28.625751
0.405692,29.10675
5.59409,2.1141217
0.0,2.1141217
6.04863,4.8814344
0.107556,2.1141217
126.529,68.64651
4.49234,37.540894
0.0,-1.8459575
7.15625,18.926508
0.0,2.1141217
1.55598,13.513191
0.175384,2.0104387
28.1376,12.335235
1.4259,-2.1469195
122.958,15.791329
0.0,15.873317
31.889,21.893522
17.3394,20.03215
11.715,20.789295
13.0129,13.492628
1.63293,4.052496
11.4176,17.2523
7.72854,4.444975
0.662085,14.989064
0.709381,-0.17875385
0.0,3.8022437
0.0,2.1141217
0.0555846,17.688032
0.873785,2.1141217
26.2397,-0.26933503
0.0154171,2.1141217
120.835,135.09126
7.72727,12.537587
0.052786,2.1141217
25.3766,31.52459
0.0,0.73577857
0.0,2.1141217
1.3851,26.398607
3.81813,8.837474
0.0,2.1141217
0.0,0.100058556
0.0,2.1141217
9.07852,43.931004
0.0,24.708408
16.2922,11.404849
0.0,2.1141217
0.0667514,2.4075363
0.0614976,2.1141217
21.3561,38.08978
32.5265,2.1141217
8.14611,8.934425
0.0973958,2.1141217
40.2252,7.070903
0.0,33.696865
1.57767,2.1141217
0.0,2.1141217
4.27029,-1.933269
13.8431,25.376982
0.0,2.1141217
0.0752463,2.1141217
5.64921,1.857413
38.7328,14.838842
1.93666,12.347754
0.571642,5.772444
0.0,0.19596243
26.0933,28.753853
89.6832,48.062916
0.0,-0.9409034
11.1947,21.916708
0.02025,2.1141217
27.7434,43.88538
17.5213,57.87345
0.0,2.1141217
44.8789,11.301112
7.93361,18.89825
0.0286426,2.1141217
0.0463012,2.1141217
39.723,-0.705858
0.353103,0.25070238
4.88734,6.743162
0.0,-1.6444747
0.0,2.1141217
0.0,2.1141217
0.281248,2.1141217
0.0,2.1141217
2.48086,2.1141217
0.0105764,2.1141217
3.8263,13.693404
0.0187414,2.1141217
0.0384244,-0.7668507
7.70336,-53.61278
154.968,79.20347
0.0,2.1141217
0.0657912,0.45112586
0.0,2.1141217
0.0,1.0983262
0.0,2.1141217
60.3985,62.8472
13.7404,2.0259993
5.59409,2.1141217
1.17735,7.868469
0.0,2.1141217
18.058,14.502532
0.0,-6.8775864
0.0310379,2.1141217
0.0,2.1141217
8.35015,12.700729
28.4969,1.5209494
0.0,0.96825266
0.0,5.5058775
0.080073,2.1141217
0.18146,8.441756
8.54891,4.6358433
1.26219,2.7510846
0.0319278,3.2932243
0.0995296,2.1141217
0.0,2.1141217
0.0,10.0243025
3.84675,3.2658224
14.3356,42.77213
64.8804,41.218708
3.66676,12.889579
31.6466,35.105732
35.4146,18.2841
0.0,2.1141217
13.0285,16.682617
88.1568,28.704147
14.4592,-3.1544573
20.9074,0.9347367
12.7354,6.3997517
0.0,2.1141217
0.0717698,3.6339765
0.0,2.1141217
5.78663,3.5001225
0.0,-0.3050475
0.0,4.6370735
8.18569,14.285699
0.0,2.1141217
0.0,2.1141217
0.0,2.1141217
15.1905,6.863328
0.210919,-0.11892748
48.6022,37.680218
0.0643346,24.618435
0.0407668,2.1141217
0.0,2.1141217
0.608544,37.617874
0.241125,1.5309374
0.0633712,3.7169273
6.71487,-4.015747
17.3016,26.15282
0.0,2.1141217
0.0130336,0.99495673
3.33722,3.2229545
31.889,21.893522
1220.51,520.5881
11.2349,29.607979
2.98434,-0.0018808842
38.012,12.836405
26.5551,19.72782
6.08012,27.620867
11.5803,10.531574
2.2757,18.837893
20.1227,12.183113
11.9639,8.208203
13.4078,16.94414
36.8233,18.9626
11.144,28.33913
76.8259,62.408382
0.340899,2.1141217
15.741,45.259476
27.528,24.023397
0.0,2.1141217
1.2634,-5.0101366
0.122288,2.1141217
37.8184,20.010143
6.1125,2.7149708
21.9927,22.145355
6.2082,15.418272
47.7297,-8.7584305
11.5803,10.531574
0.3569,6.82255
16.7626,41.415436
6.00416,7.284609
28.1376,12.335235
0.0,2.1141217
0.839133,0.82010317
9.66222,979.53864
1.48847,-0.33639956
20.65,7.4586506
12.766,7.3672657
0.170468,21.036192
1.63293,4.052496
63.5438,24.261372
0.0,2.1141217
15.99,36.29213
0.0,1.2052763
0.0,2.1141217
0.0,2.1141217
0.0,2.1141217
0.0,2.1141217
10.2463,48.377068
85.6316,49.313316
17.7894,8.342382
0.0,2.1141217
10.411,11.430261
0.0,2.1141217
0.966778,9.476464
7.14585,4.917487
25.6866,16.254164
0.0,2.1141217
0.0,2.1141217
7.20484,5.184735
0.0115644,2.1141217
0.0231005,2.1141217
0.0,2.1141217
0.517011,4.2172585
0.0,2.1141217
1.31869,-0.23684895
6.28008,2.1141217
2.30816,13.940641
11.1811,28.803894
0.0,1.6565335
1.93037,3.8854482
0.123718,2.1141217
11.7182,16.097927
0.0476741,26.908882
0.271209,15.265631
6.51382,15.140662
8.03788,20.416468
6.86627,40.482403
0.0,2.1141217
0.0,2.1141217
0.0,2.1141217
4.39554,0.83258224
0.0,2.1141217
5.45664,31.63918
0.534143,2.0061283
0.209364,1.4424984
88.227,20.25443
51.4147,-5.46344
0.493416,9.909786
0.0158971,2.1141217
0.196923,13.060006
2.86354,19.940445
16.0687,14.519736
8.54155,3.4950767
27.6502,10.467694
195.28,17.20854
12.9157,3.3704975
24.9532,21.739193
0.0463136,5.6700535
3.74162,36.08652
12.4639,2.1141217
272.196,131.28772
1.12688,16.444122
0.0,2.1141217
13.534,-5.024227
11.6536,23.5167
30.4005,11.209919
0.152745,2.1141217
0.0,2.1141217
0.00992251,2.1141217
0.0,2.1141217
0.0222064,2.1141217
0.0145785,2.1141217
8.36754,-0.66702247
21.1404,9.6496315
0.0,2.1141217
11.2831,12.525912
5.85685,21.492155
0.0153356,2.1141217
10.4821,5.967244
2.1687,31.328304
35.0216,34.536022
0.0,2.6174242
78.8296,109.494774
0.763368,2.1141217
192.728,122.12616
0.0541491,2.1141217
0.754826,2.1141217
0.75264,8.164414
0.0,2.1141217
9.59899,20.638868
30.345,13.500933
16.8498,46.956978
8.203,2.6554432
4.8694,1.3453071
0.0,2.1141217
0.791812,26.592281
0.387361,10.59468
29.4276,-4.0886154
0.0,0.8747239
0.0,2.1141217
2.08647,12.347754
0.0571442,-1.1662993
49.2648,24.123367
27.0342,11.025123
0.0119285,12.005107
0.0,4.6370735
4.71181,2.1141217
5.1564,7.477748
0.681433,15.70481
11.3911,19.992884
0.0,8.365119
0.496241,-4.2409534
112.303,49.80837
21.9927,22.145355
2.94202,31.926151
8.20827,20.410673
0.0,2.1141217
1672.53,979.53864
7.09776,12.122705
0.0,2.1141217
0.0,2.1141217
12.8269,27.474136
3.51536,18.38452
7.18879,9.392183
14.5588,39.480476
0.839133,0.82010317
0.0,3.5639863
24.3086,18.116604
6.93717,2.4518008
0.0,1.3176091
0.164682,2.1141217
0.080121,2.1141217
0.0,0.048031926
3.4731,2.067527
0.205377,5.4409432
13.4342,12.881057
0.0,2.1141217
4.545,9.898188
0.0,2.1141217
0.0,2.1141217
0.0,1.7106283
5.61369,23.136318
0.620975,2.1141217
14.8319,15.980302
0.0128127,2.1141217
0.0,2.1141217
8.67667,21.128986
0.161331,2.1141217
0.0,2.1141217
84.2505,19.161415
6.59443,24.328691
7.18663,21.401966
7.13458,16.655676
10.8319,31.816353
0.0527068,2.1141217
16.1769,22.399872
7.28997,12.212889
0.0,2.1141217
5.48619,21.632624
0.048191,2.1141217
16.4061,13.892822
0.0,2.1141217
0.0,21.45477
4.06435,6.2033253
12.8443,22.697792
0.430646,8.506075
41.1122,33.739017
0.0,5.1575646
2.46857,2.1141217
0.144784,2.3550985
2.738,3.1242473
11.7324,27.23544
4.51348,23.495083
11.574,27.946754
0.0,57.70426
0.164682,2.1141217
12.4457,14.838422
2.66844,10.618019
0.265303,2.1141217
4.64168,7.5462065
6.91163,32.685486
10.9545,9.550933
0.0633151,2.739288
16.4925,17.136702
0.251745,11.323427
15.0677,4.6678047
0.0,2.1141217
0.0842092,2.1141217
0.0,2.1141217
0.0,2.1141217
0.0228214,2.1141217
0.324999,0.7603247
0.0296726,2.1141217
0.126268,2.1141217
0.0279625,2.1141217
9.91484,4.7071433
0.0,2.1141217
0.040939,2.1141217
158.563,151.23729
6.1345,9.825721
0.216623,2.8882394
0.0,2.1141217
103.001,55.09771
9.463,2.1141217
7.24419,10.013529
410.978,20.608093
3.33156,26.917011
0.0,2.1141217
0.147257,2.1141217
15.7273,0.33002996
0.0551446,0.5448663
0.00887042,2.1141217
0.0,1.8660507
4.74741,83.20896
0.371223,4.8574934
2.9242,2.9824584
0.0,2.1141217
0.0361774,5.621873
0.0,2.1141217
0.0243009,28.188713
22.6518,11.323427
11.2641,34.21069
26.276,6.9648666
0.319634,-7.835616
0.0764985,2.1141217
4.64645,37.022198
0.0,4.6291003
5.03248,26.672958
4.85934,-7.0194845
14.8348,7.557605
0.449709,9.827389
0.0,2.1141217
14.3224,3.8547902
0.0254483,0.40957117
4.6505,31.949331
0.0,40.74506
122.353,13.725671
4.39634,0.10518193
2.64652,2.6902978
10.5139,1.1682589
0.0,1.2800832
0.548949,1.2191815
46.0233,42.941402
5.69175,10.063436
0.0,2.1141217
0.0,2.1141217
13.2361,16.578321
0.0803287,2.1141217
0.0505051,2.1141217
0.289539,25.805725
0.0,11.697114
0.05699,2.1141217
12.3578,16.102467
0.392828,3.342856
8.10299,11.267959
0.0,2.1141217
0.0265841,2.1141217
169.242,75.54958
1.23554,17.191982
30.1359,16.714666
10.8913,15.450118
0.0,2.1141217
0.0774752,1.2801943
22.6392,22.235886
13.1918,19.154867
115.716,22.51567
22.5027,7.587393
12.6572,7.081067
1.27604,11.519759
11.2831,12.525912
11.6114,20.631374
13.1239,14.765896
0.0,2.1141217
8.14864,9.115444
0.0,4.2483196
0.679415,-1.9189279
0.0,2.1141217
0.0734236,-0.017938256
9.68664,10.584289
9.03346,-1.1333861
41.0443,19.004944
0.0,2.1141217
0.109324,-3.4846647
24.5835,14.672391
20.1295,1.9719915
0.329182,7.6477957
6.84802,16.906874
0.0655596,2.7014163
0.0,2.1141217
0.0,0.7688017
4.26047,50.09676
4.24122,12.005107
11.6536,23.5167
0.025486,7.4242964
8.61474,22.044437
0.0645255,30.531797
19.9248,19.204723
26.5434,25.138847
10.919,40.886463
28.9256,1.8119814
0.0,10.640912
0.0980159,16.781927
4.52907,19.029829
0.0,2.1141217
0.0,2.1141217
0.0,2.1141217
0.0,2.1141217
0.0,2.1141217
0.133885,16.234379
0.0158816,2.1141217
0.0265851,1.3539
0.0,2.1141217
3.88447,32.378174
0.0,2.1141217
52.2918,16.866028
5.65542,-5.277607
2.33652,6.2953568
42.2709,11.516248
0.0,2.1141217
0.0167702,0.103040695
0.353103,1.2900162
0.0,2.1141217
0.233062,9.089123
0.0593236,1.1360853
0.0,2.1141217
0.700803,4.6070547
0.0,2.1141217
0.0,2.1141217
0.0,1.9441156
8.87697,12.736652
29.102,46.72956
19.4687,21.960314
54.7708,8.35464
1.38841,13.051064
8.40817,36.72555
0.802017,1.923887
0.670411,6.2426605
0.168847,3.7438412
4.75915,15.593955
0.0,2.1141217
0.281248,10.551716
0.095025,0.7277944
36.2545,31.056225
0.0185423,2.1742525
0.0,2.1141217
0.0439948,2.1141217
4.64859,2.6018374
4.92439,5.569358
13.3341,31.899164
0.203546,-4.2201653
19.4241,12.33274
0.0,2.1141217
18.7897,14.0975065
1.42503,4.656186
6.21711,19.115297
5.18852,4.1185865
0.685463,0.59125733
9.57138,27.502678
4.70951,23.78068
0.0,2.1141217
5.78663,3.5001225
0.0,2.5772364
0.0,2.1141217
0.0,2.1141217
0.0683978,61.18591
12.8546,28.466269
0.0629815,1.364775
29.1625,8.818016
65.8736,14.408666
27.0976,9.313635
13.3117,22.231422
74.3385,65.904915
7.79231,34.989685
0.0,2.1141217
0.0,2.1141217
16.8505,9.561405
0.0,2.1141217
6.6427,4.690707
8.7999,23.357658
0.302294,11.3778715
0.0318162,6.8086452
0.0,2.1141217
7.09103,15.326509
27.7483,5.5112953
0.0,9.392183
0.0198511,2.1141217
2.89538,36.727547
0.0322283,3.1027374
0.0,2.1141217
12.2934,21.067387
0.0,2.1141217
0.915715,5.1405153
0.0,2.1141217
19.3196,10.028743
8.90006,47.63944
0.0,2.1141217
0.0,2.1141217
0.0,2.1141217
25.2743,17.779999
0.0156339,2.1141217
17.9272,11.98941
8.20516,10.8913555
45.9377,35.232307
0.406795,39.7664
28.1376,12.335235
8.79761,23.319124
0.0,2.1141217
0.139701,-0.7186549
0.0538038,1.0043492
0.0,36.451904
71.0243,83.96317
0.0,-2.634526
0.0178874,2.1141217
53.3411,23.261015
0.0,2.1141217
23.0079,30.548077
24.4617,9.339417
25.7322,18.494852
0.0,2.1141217
2.69684,31.93972
0.0168296,2.1141217
22.4628,2.1141217
169.985,39.300777
0.133885,2.1141217
0.0,2.1141217
0.112871,2.1141217
0.00727648,2.1141217
0.0,-2.634526
80.0908,47.488605
23.569,21.365574
0.0,1.467035
0.0506783,2.1141217
18.3232,-3.7161577
0.0,2.1141217
0.0,2.1141217
20.3935,20.492825
31.4133,8.434434
0.0261254,2.1141217
0.125719,0.32840252
16.643,1.7488718
0.630093,-0.2053945
0.0,2.1141217
31.889,21.893522
0.0,10.0767145
0.0,1.5801685
0.0,18.860306
0.0,2.1141217
0.011101,0.503978
20.6311,14.369919
13.3234,18.9626
5.78663,3.5001225
0.0,7.290594
0.0,2.1141217
0.0,3.3880484
9.31878,11.312515
4.37563,20.782557
0.0471918,2.1141217
0.0,2.1141217
61.3507,44.865963
15.9221,14.197778
2.42901,1.461534
13.4596,2.3035314
4.54892,21.856894
2.26397,33.420635
35.0486,30.46339
0.0,2.1141217
0.441484,20.295534
0.624512,2.1141217
3.62445,-7.589018
10.4143,15.013402
0.0,0.32187057
0.0,2.1141217
1.3366,0.030369043
0.0898018,17.380154
9.9387,19.61731
0.0,2.1141217
3.51618,17.867952
0.966317,18.920326
11.2284,3.7805161
0.0285757,4.8637643
0.0,2.1141217
91.3823,26.646442
6.68171,11.858035
0.0,1.2150905
20.6133,29.339724
0.288601,0.99495673
8.51378,3.0949957
0.0955366,2.1141217
5.16818,13.174434
13.5853,29.785936
0.0,2.1141217
154.968,79.20347
6.87925,7.198861
0.167349,1.686626
20.3765,10.640912
0.0,2.1141217
4.52996,9.971467
0.0,3.1318483
0.0629534,2.1141217
0.0,2.421192
2.29766,34.152134
14.7351,17.504196
33.1131,14.810761
1.27446,11.211113
0.0,2.0680065
32.9684,30.059849
0.0,2.1141217
0.0,2.1141217
0.128932,2.1141217
181.813,76.126884
0.00808029,3.5235908
44.5136,17.673676
0.0819871,2.1141217
0.0764985,2.1141217
50.567,25.28925
85.6316,49.313316
0.149905,33.836975
370.815,23.132519
0.0,3.3276572
6.54572,8.944879
0.748226,9.400915
2.18394,-0.22078109
0.0,2.1141217
57.049,2.1141217
28.313,-6.9687796
0.115845,2.1141217
10.5353,5.61464
68.9289,40.125473
0.234831,2.1141217
11.9164,4.9394712
4.1897,7.642392
0.03749,2.2296555
0.534143,2.0061283
0.0,2.3289566
23.5057,21.816422
3.1273,9.765088
0.0,2.1141217
0.0278073,4.0922327
12.3079,13.806123
7.88354,17.126055
6.13331,17.311209
0.0170975,1.8319004
0.0214629,2.1141217
85.1751,28.383383
52.7444,65.48177
35.3348,15.910844
0.0388604,2.7634902
10.8023,7.959915
20.3765,0.29744983
231.91,34.262318
9.31878,10.46751
69.4026,306.149
6.28842,6.6593018
0.0,2.1141217
0.0,1.6806939
0.471161,2.1141217
0.0623884,2.1141217
26.234,7.4227295
22.3609,28.294819
29.3384,26.543316
11.0977,-1.3001394
16.8529,51.588383
0.0,1.3759305
0.0,2.1141217
9.30771,14.243463
74.4531,74.89123
181.96,42.506294
42.5758,14.1848545
27.7434,37.069477
2.59898,9.723608
17.8586,4.8441076
0.0,2.1141217
0.0,2.1141217
0.0,2.1141217
0.0,2.1141217
30.36,0.6197884
0.0,2.1141217
12.6111,18.351051
73.0222,-2.7764947
0.0324435,2.1141217
1.55502,3.8391938
10.1436,5.4489365
0.0,0.29086542
0.0420966,2.1141217
0.0,1.906657
0.0129563,3.9587405
115.716,22.51567
0.105977,2.5935335
0.0546641,2.1141217
0.0704301,-0.50011516
15.7275,6.5068645
0.0148074,2.1141217
1.78663,5.4936094
1.12501,7.8604536
0.0,2.5268478
0.0,2.1141217
3.42946,12.508247
17.7602,22.322918
68.9565,41.60047
12.8546,28.466269
1.26519,18.121674
0.0,2.1141217
0.0324739,0.33002996
33.4603,7.5028963
0.797986,-1.8792388
8.88717,36.45731
0.0,20.055475
0.671246,3.0201304
0.839838,7.131156
0.0,2.1141217
0.0,2.1141217
4.29189,12.931564
0.154268,2.1141217
0.0,2.1141217
16.2904,12.18266
36.1719,38.79511
20.4143,13.431645
0.0,2.1141217
0.0528512,2.1141217
21.9927,22.145355
50.3607,19.168018
0.689814,15.86966
14.6375,3.1076014
27.9572,45.919083
0.152325,3.0772436
0.0,2.1141217
0.0,2.9249833
0.0,2.1141217
0.027385,2.0656862
2.84066,-1.5629308
0.02025,2.1141217
0.0,-2.117314
10.2463,21.370684
0.0,2.1141217
0.0,2.1141217
0.0293181,-1.0058887
1.4467,7.785323
0.0,2.1141217
87.0906,0.8763621
0.21459,19.780693
0.041083,1.271942
9.47653,3.8391938
0.00703583,2.1141217
2.32627,0.34590888
0.077815,2.1141217
8.57879,20.631374
0.0,2.1141217
0.0,2.1141217
0.0,2.1141217
14.0233,18.466518
3.4621,21.998775
3.82122,16.97263
59.6986,26.428587
54.8596,58.96626
18.2394,36.79112
0.0,2.1141217
13.1239,4.3917913
0.0,2.1141217
7.72727,12.537587
0.593276,22.120384
16.961,6.5778446
55.2517,13.265998
28.1987,19.392921
0.0,1.0217772
0.0400535,-0.38298225
0.0,2.1141217
2.84066,-1.5629308
0.0,2.1141217
13.3781,9.791596
9.36233,2.9015365
14.5392,3.4770658
7.93361,18.89825
0.532195,3.163276
16.6061,6.2134
0.695969,14.921854
9.51941,5.537122
1.94248,47.64075
77.4792,47.29542
0.0,2.1141217
0.380775,2.1141217
0.0323811,7.968055
0.0,2.1141217
0.0376121,-0.6650107
4.7028,7.117467
0.233751,36.06346
6.94055,4.5194664
89.9161,29.141563
16.2541,27.93372
0.0,2.1141217
0.051393,12.939656
0.0,2.1141217
0.0803971,2.1141217
1.20238,2.8833954
0.0,23.235348
1.9817,22.482477
0.0,2.1141217
11.0919,8.827566
80.3929,18.123716
0.0,1.5012152
0.0,2.1141217
14.9189,12.268069
18.1842,22.51697
5.34605,-1.7092566
2.3566,9.022102
9.22554,0.82010317
0.0,2.1141217
0.0,2.1141217
0.0393917,2.1141217
0.0,2.1141217
0.340281,13.368033
0.0,10.541773
3.41662,9.161806
37.3936,0.5542848
3.32871,-10.550673
67.0111,2.9690259
0.0,2.1141217
0.0,1.7478554
10.3601,15.04849
10.039,28.333717
0.0132778,-0.89207363
0.0,2.1141217
30.5976,39.23473
24.5835,14.672391
9.56915,7.45207
0.0,2.1141217
0.0,19.08897
9.20199,2.029073
0.561068,2.1141217
0.0645255,30.531797
3.94202,0.34535432
0.0,2.7107801
6.33662,2.1141217
0.0415572,2.5585096
5.03441,12.594551
0.132446,1.255852
0.0757449,1.7238653
0.0,2.1141217
801.127,258.62933
0.0,2.1141217
44.0347,17.030947
32.6081,13.530164
0.096906,2.1141217
0.507646,8.266532
3.93496,6.390974
0.242037,6.859453
3.52253,27.36461
5.0881,3.9383605
4.56991,16.795708
1.84062,6.794239
0.02025,2.1141217
29.4994,24.903893
130.387,13.538344
738.118,282.59302
9.4149,22.957647
0.00973541,5.3768916
12.3794,15.009306
9.66222,979.53864
0.0,0.5771313
0.0,2.1141217
1.58771,-8.059416
10.04,36.820415
0.0951901,14.2971945
2.40825,5.5203743
5.16818,13.174434
0.921524,12.2557
55.2129,28.422338
0.0,2.1141217
21.5036,5.877512
7.53429,47.572483
24.9532,1.00209
4.35779,2.2282217
0.0,2.1141217
0.0,2.1141217
0.0,-2.634526
7.06242,3.166702
6.71487,-4.015747
0.0,2.1141217
10.6178,16.72379
7.72727,12.537587
0.492848,19.346153
0.873254,2.1141217
23.8582,7.922347
0.0,0.19812012
0.0,2.1141217
0.0503692,4.128661
0.0,1.9356527
11.3499,14.826503
9.37391,25.269358
32.2663,18.915112
1.26999,2.8484325
0.0,2.992619
16.9237,15.641463
22.6392,22.235886
0.0,18.824154
0.0,2.1141217
0.00866662,2.1141217
0.0712323,1.3882785
5.90745,23.726202
0.0,2.1141217
0.0,2.1141217
20.3765,0.29744983
0.0415987,3.3420968
0.0527945,27.017792
0.0,2.1141217
1.45222,2.1141217
0.0,2.1141217
0.0621603,6.9578114
57.3396,0.4647262
0.0,2.1141217
0.00683605,2.1141217
9.45517,24.905373
0.0199938,2.1141217
10.7553,9.135575
0.0,-7.6501265
0.0149743,2.769215
0.0,2.1141217
110.799,66.75547
0.0,2.1141217
0.248463,1.847503
11.3911,19.992884
35.7755,7.35075
0.144784,2.3550985
11.0146,19.112703
5.21638,1.140723
7.5882,28.829206
3.50575,23.428162
4.545,9.898188
0.0,2.1141217
0.0,2.1141217
0.0,0.68544173
7.65143,14.820606
255.378,91.87504
4.92304,8.295052
1.4467,7.785323
21.4343,26.125593
4.3505,12.900447
11.2706,0.31491327
1.55598,13.513191
7.75683,1.5112829
0.0,2.1141217
6.68511,18.000711
4.3151,6.670347
0.0435377,2.3879163
31.7944,19.432884
0.0323968,2.1141217
13.5897,13.275623
80.836,40.865913
0.0417562,2.1141217
0.0652797,2.1141217
0.0286426,2.1141217
12.3578,16.102467
0.0850534,2.1141217
0.0645255,30.531797
2.91906,26.368776
3.31331,4.6222486
0.0309568,2.1141217
8.8137,3.5543869
4.26574,7.790655
0.0,2.1141217
7.78329,0.34148574
0.0,2.1141217
69.5907,40.2418
0.565411,4.1234045
76.9977,41.646782
0.0,2.1141217
0.0345443,2.4845593
10.8696,7.300952
0.0262574,2.4942183
6.39448,32.27368
0.0,16.321802
11.1811,28.803894
102.047,13.53781
0.0,2.1141217
0.0,2.1141217
13.0144,35.69137
0.0,13.440008
0.0,2.1141217
25.8108,42.32584
9.08801,38.344707
0.0,2.1141217
0.0,2.1141217
49.0173,19.607388
0.0,0.9093549
0.0,2.1141217
17.0723,15.492502
22.6392,22.235886
2.6129,2.692115
0.496611,2.1141217
0.0,2.1141217
3.17315,3.9345748
1.25708,1.6430504
4.04668,7.787754
0.242888,-2.2318544
177.36,178.38622
0.041158,2.1141217
0.0,2.1141217
0.0,2.1141217
0.0,11.530229
0.0,19.509785
4.4391,7.4891195
0.553941,2.1559145
0.0,2.1141217
5.39411,20.67595
19.9112,21.542622
31.8925,31.897083
15.9952,11.905935
12.39,14.366414
0.0,2.1141217
8.20827,20.410673
0.75264,8.164414
0.0,2.1141217
0.0,2.1141217
1.20083,4.4467125
0.0429052,6.270138
0.0,8.554446
5.74144,5.4084883
0.160508,-2.6655605
3731.54,1614.9839
51.7546,15.71143
9.66222,979.53864
0.100224,35.443256
0.0146776,1.5514798
0.0219676,2.1141217
0.19907,22.585728
3.68977,6.2716837
0.310805,8.983391
0.013013,23.070814
12.3842,3.3234959
2.62049,12.880393
0.0,2.1141217
0.143557,2.1141217
0.0,2.1141217
0.0,1.6752121
0.0651436,2.1141217
0.0,2.7738788
8.78468,39.337933
13.3605,15.512364
0.587905,0.10803616
0.0,2.4025238
62.4155,75.34166
0.0327247,33.612766
2.08579,14.741757
6.39349,17.054342
11.613,12.868609
0.492471,4.3340435
27.5158,11.98941
0.68951,1.9732587
0.0,-2.634526
18.4826,3.5363004
0.0150878,2.1141217
0.0,2.1141217
5.16245,23.882925
29.149,24.51732
9.68664,10.584289
0.782975,0.25689816
26.4642,14.721429
0.0,0.92234063
0.027453,-1.5067499
0.0,2.38076
0.0,2.1141217
23.1255,8.196114
7.81582,20.938263
0.0352636,4.2483196
7.72727,12.537587
8.10573,2.1141217
0.0,1.9007542
1.20482,13.947819
0.0,2.1141217
1.34405,30.793034
0.0,7.7969294
0.0339982,9.898188
0.0,2.1141217
0.0174285,2.2879498
0.03437,9.879044
0.0,2.1141217
145.657,85.02947
0.0634393,6.1022177
2.18394,-0.22078109
0.0,8.8684
0.0115032,-2.9733608
60.0743,41.010616
0.0,1.7353847
0.0,2.1141217
0.0165863,2.1141217
0.0,2.1141217
0.0,2.1141217
0.0,2.1141217
0.0,8.108937
0.0,13.539199
15.6387,13.770558
0.041083,2.1141217
0.861373,6.767269
0.0,2.1141217
0.0,2.1141217
16.651,6.9716806
14.0998,8.48352
1.27446,11.211113
0.086623,2.1141217
0.0735725,1.9948652
0.0475428,2.1141217
0.163732,30.88102
0.232937,-1.9472091
9.4149,22.957647
9.57138,15.416329
0.894353,9.377893
25.8108,42.32584
15.2671,39.232044
0.0,2.027608
0.0,2.1141217
38.012,12.836405
19.5991,37.51185
0.0803971,2.1141217
0.0261254,1.223414
3.62055,21.667477
0.0,2.182158
5.78663,3.5001225
3.44411,26.85794
46.7275,3.6867049
18.0396,20.97514
2.01795,2.1141217
18.53,29.72059
68.9289,40.125473
0.0,2.206656
0.0896572,33.821404
0.0,2.1141217
0.0,2.1141217
0.0,18.498844
0.0506962,17.163574
0.11251,2.1141217
0.241715,24.441486
0.0,1.8577285
0.0,2.1141217
0.0,2.1141217
0.0,2.1141217
1.15678,5.3234625
0.265004,2.1141217
0.766402,29.9287
2.24119,27.987976
15.3676,9.869285
0.03713,2.1141217
0.0215975,0.98555636
0.0,2.1141217
1.90472,10.350167
7.5882,23.560123
29.0894,28.068438
63.9287,31.808615
0.430817,1.4087701
0.0,-1.847964
53.392,2.1141217
86.3551,75.20783
0.0,2.1141217
4.12583,37.906124
0.0,2.1141217
4.37563,20.782557
72.0507,26.492132
0.0,2.1141217
0.0,2.1141217
4.15016,6.6593018
16.7626,41.415436
0.0,2.1141217
1.2552,2.1141217
6.81054,7.2682743
4.4131,-30.696602
0.0931813,2.1141217
36.1941,25.473759
3.30789,20.394524
22.0933,72.75911
0.0,2.1141217
0.0,18.886417
21.2436,16.824078
15.1906,12.202189
1.00717,2.8747485
0.18877,10.759589
3.47315,29.20094
7.67703,13.164319
0.438031,31.843307
12.7705,13.583585
80.0908,47.488605
10.919,12.090957
0.0,0.8543918
0.0730304,0.016302586
37.3936,0.5542848
0.534861,9.909786
0.620032,21.321823
22.6442,11.65784
0.0530535,2.2641523
6.33747,1.9241645
47.6788,14.586855
31.889,21.893522
4.00067,3.5528576
13.7455,7.2248926
0.0,33.612766
3.08732,2.1141217
202.187,19.010601
12.8677,15.745861
0.02025,2.1141217
0.0541491,2.1141217
0.0,6.5625963
46.7275,4.9355955
2.87614,2.1141217
0.0162918,2.0637617
19.0798,18.778984
0.0,2.1141217
619.796,434.20877
0.0,3.7321448
0.0,2.1141217
0.0,1.0395103
29.8053,34.21067
0.0,2.1141217
0.0,2.1141217
3.60053,3.4021785
1.13347,0.36704612
11.308,5.8153324
0.0,2.1141217
19.1647,7.8843527
8.30447,30.531797
1.11784,8.071148
0.0,2.1141217
0.0,1.527014
0.138878,11.868009
5.59568,23.6217
2.41248,2.1141217
37.3772,10.85421
0.0,2.1141217
16.457,24.14474
8.203,26.963102
2.42467,0.5771313
3.1273,9.765088
2.22496,23.561405
0.0713469,2.1141217
17.6053,16.301317
0.0167724,2.1141217
0.0,9.724065
0.105717,13.121076
0.116538,2.1141217
0.0,2.1141217
15.4538,3.7908325
0.0,2.1141217
13.3341,31.899164
0.838692,-0.3751905
6.6255,2.1141217
0.0,2.1141217
18.2965,0.91457915
0.174932,-0.17613196
1.2714,10.88116
4.74464,12.30243
0.00832832,2.1141217
40.2252,50.468742
13.6716,13.580606
14.1028,6.1271086
0.0105662,1.3923142
13.0144,12.043419
0.875072,20.097414
0.0,20.986195
12.1094,12.522966
0.0607677,2.537656
19.0535,6.001665
0.0,2.1141217
7.30478,2.1141217
0.025486,7.4242964
0.0,1.6995153
0.68252,11.430261
0.0363823,2.1141217
13.3866,11.915067
0.0,2.1141217
0.921524,25.075397
61.77,17.593884
0.0,2.1141217
0.0193289,2.1141217
11.9212,36.451904
0.0109827,1.5084784
0.249562,0.12338662
0.0,2.1141217
10.2809,19.87213
1.85569,-1.9082377
0.185893,2.1141217
15.1568,23.926252
0.0,1.7762794
0.0,2.1141217
23.5057,21.816422
11.1811,28.803894
0.0,0.7782593
0.0189604,2.1141217
5.75256,16.679386
0.251745,11.323427
0.0,2.1141217
18.1698,13.9634
0.0317711,2.3991416
0.571642,4.0327816
3.50939,5.8395786
0.645114,2.1141217
0.0,1.7868974
0.0,2.1141217
0.0,2.1141217
0.0,2.1141217
6.71604,21.236992
10.5992,1.3384106
0.0,2.1141217
3.24739,3.2891567
32.4123,18.920326
1.24908,1.7646384
0.0,2.1141217
30.6925,26.891708
3.04972,8.271456
0.0980159,2.1141217
27.971,22.714294
1.45163,15.730353
619.796,434.20877
0.0,2.1141217
1.26519,18.121674
0.0258166,2.1141217
0.129077,5.2003517
0.0718414,1.2237008
7.63516,36.22013
44.5126,15.593267
23.7004,13.928565
0.387816,-0.591285
15.0041,1.5154239
2.83586,1.7063673
21.4787,70.5882
0.171019,6.09383
5.59409,2.1141217
0.0,2.1141217
25.2295,52.008034
1.19608,1.1648421
36.7901,11.222703
2.19219,1.3199823
9.22554,0.82010317
0.0,2.1141217
4.64846,5.898443
4.57112,48.96494
24.9532,21.739193
54.3436,-2.0828934
0.162101,1.8605993
0.0230774,2.1141217
6.70987,15.432702
0.0479309,2.1141217
0.675141,2.1141217
2.47586,0.40223908
0.111489,-1.9472091
3.74162,1.2334211
0.413002,93.272415
9.31878,10.46751
0.0,4.605831
0.237022,35.798004
1.91025,23.511986
0.438031,7.851946
0.0,1.0983262
0.0,10.915148
0.0130855,2.3665888
1.21645,2.1141217
5.1839,6.9186726
11.1051,28.614124
0.0,1.1606264
0.0,2.1141217
12.5184,2.1722057
11.3499,14.826503
0.0120289,5.727188
0.0603654,3.621923
6.31848,5.423787
0.530209,-2.4328406
0.379956,2.1775744
0.0,2.1141217
0.0131872,2.924507
9.4149,22.957647
0.0,2.1141217
1.61219,-2.7970178
5.23978,4.3685865
9.41833,5.363702
19.3857,12.836405
0.0168296,2.1141217
0.0,2.1141217
24.5386,5.887804
6.40323,28.56968
53.3411,23.261015
1.02096,35.10849
0.0,-0.70289254
0.13323,2.1141217
0.0,9.333728
8.58183,21.113712
78.8657,74.31631
2.81657,5.731306
18.0201,20.025307
9.28526,-3.177852
9.31878,11.312515
4.78224,11.883675
0.468693,2.1141217
15.7976,20.165342
36.9073,7.5903873
0.014177,2.1141217
12.6111,18.351051
6.41239,8.353074
89.6832,48.062916
4.86962,28.225727
0.0995542,2.1141217
11.7058,6.478319
0.0261254,2.1141217
0.0,2.1141217
0.0,10.610669
1.52665,22.988718
5.64675,25.42098
5.43982,3.9135275
0.144784,2.3550985
0.0,1.1606264
0.534143,2.0061283
71.4958,5.298852
0.0,2.1141217
0.0,2.1141217
0.0,2.1141217
0.019213,2.1141217
18.727,16.039366
0.0,2.1141217
92.3816,25.706093
0.0,10.82565
2.0161,8.457172
1.99144,19.867794
0.0,2.1141217
5.20518,0.9292886
32.0479,-8.250848
29.4994,11.04279
9.91484,4.7071433
11.715,20.789295
0.0,2.1141217
0.0,2.1141217
0.0,13.275623
0.0755944,2.8671756
0.309085,5.5058775
2.01911,8.171075
0.0,2.1141217
0.16082,17.357073
0.104496,2.1141217
1.49569,3.020029
1.20655,-9.579877
18.7877,23.659164
0.0,2.1141217
6.30304,7.893404
1.43498,7.111248
0.609691,7.553067
70.3369,-0.50289154
24.4512,5.364051
23.5333,16.551046
0.237497,4.2465525
0.0,2.1141217
0.0,2.1141217
5.74927,18.39528
0.0,2.1141217
27.1771,31.219501
0.0,2.1141217
13.234,17.20741
6.18605,-4.25599
0.221825,1.6821253
3.78142,18.060768
30.7407,20.473797
18.916,24.901228
0.242017,13.307373
0.0,2.1141217
7.54229,14.4763365
6.03438,4.539823
0.0708623,1.5601075
0.0476741,6.721158
22.8508,13.396178
6.42265,26.746527
2.0112,22.51567
0.0158971,2.1141217
0.0,2.1141217
20.9772,27.267166
12.5591,5.4735737
0.0538038,6.05783
2.78856,2.1141217
0.0,14.920226
0.0,9.392183
5.72192,0.6234927
8.56465,8.053684
23.1255,25.598162
23.5049,18.863464
0.301719,7.736518
2.41969,33.074703
0.0,2.1141217
0.443727,9.701388
0.0,2.1141217
0.346442,2.1141217
0.0,2.1141217
4.06206,10.610669
73.3554,19.24432
0.800597,2.1141217
10.5932,37.29507
7.78391,33.82257
17.7321,14.646306
15.7843,30.545425
5.59409,2.1141217
0.0,9.620176
0.856165,-1.6658542
0.0,2.1141217
0.0657912,0.45112586
54.6051,7.5797625
0.0657912,0.45112586
0.43431,6.1246014
0.0,3.652745
9.9387,19.61731
0.346404,0.078888655
0.0393256,2.1141217
0.0,28.210985
10.1436,5.4489365
0.00317201,-0.33063543
7.4921,14.656067
0.249144,2.1141217
0.0630506,1.1589701
1.99681,78.09229
0.0,2.1141217
0.034299,2.1141217
68.9289,40.125473
15.4517,10.089753
0.926497,5.268491
5.91012,12.388314
9.66222,594.06744
6.33662,14.897795
0.0153815,2.1141217
146.296,129.09953
0.0,2.1141217
0.0295758,2.1141217
0.000327993,-10.933797
0.0,2.1141217
0.184332,2.1141217
0.0289154,13.681395
13.4114,43.27589
49.7618,9.017895
0.0,2.1141217
15.6971,14.381747
78.8296,109.494774
0.0,2.1141217
1.52665,22.988718
0.636784,24.350603
0.97243,2.1141217
0.0,2.1141217
0.138839,2.1141217
0.0,2.1141217
7.88268,12.572993
76.7357,2.1141217
31.2841,12.756165
10.919,12.090957
3.10352,3.5978796
0.0,2.1141217
0.0,3.596226
0.245379,3.8113172
23.5057,21.816422
2.19107,7.443712
4.25339,12.817225
0.0728837,2.1141217
7.54107,10.86667
0.0,3.7321448
0.015563,2.2188323
71.8092,36.791588
12.3842,1.6731446
0.0,1.0983262
1.32434,33.109955
0.0,2.1141217
17.0624,22.725073
5.62209,22.09756
7.18879,8.315482
0.43431,6.1246014
20.3765,10.640912
0.0,2.1141217
21.4696,40.645058
0.0,2.1141217
0.0,2.1141217
1.26999,2.8484325
8.87697,12.736652
0.144043,3.3280761
17.8849,18.049381
0.0,2.1141217
0.0,1.2445958
32.8704,8.195742
171.987,2.1141217
1.54364,27.364796
0.0,2.1141217
110.799,66.75547
0.00641776,2.1141217
0.0,2.1141217
1.18369,4.584762
0.0,2.1141217
4.3179,4.9274054
0.0422045,2.1141217
0.759499,9.492305
0.0,2.1141217
4.26047,8.241121
0.0,2.1141217
0.0,2.1141217
52.1765,28.172146
0.0,3.2515829
14.0233,18.466518
0.0420966,2.1141217
44.7028,32.873085
57.7565,9.416961
0.153628,2.4678602
10.5207,43.988228
0.0,2.1141217
0.0,2.1141217
139.129,73.70147
3.31398,2.1141217
0.45884,2.1141217
7.56243,-1.2416193
0.0,2.1141217
27.6447,20.507132
0.817473,6.657467
17.6696,10.100707
1160.7,413.43604
11.3911,19.992884
4.252,7.590458
0.0854279,2.1141217
35.6753,29.811136
0.0,1.6155827
3.82681,8.77594
2.50742,25.319445
0.144985,-5.663007
1.0497,2.1141217
0.00684662,1.3435018
0.0,2.1141217
28.3832,35.365227
1.63154,2.1141217
0.039932,2.1141217
0.0,18.824154
0.0,2.1141217
0.0,2.1141217
95.5694,46.040302
36.044,13.455043
0.0959594,2.603368
43.1512,12.732034
4.74985,1.9156694
19.6435,12.465957
1.64904,6.386096
0.033392,9.105166
3.66676,12.889579
0.0,-2.634526
0.904192,-0.13019228
11.7977,25.5471
0.0734416,3.4751265
7.13458,16.655676
29.1625,8.818016
0.0228741,2.1141217
0.041684,3.0091183
30.8985,39.762157
5.07368,16.31264
0.0,7.4251614
0.0,2.1141217
0.0,2.1141217
8.20516,10.8913555
0.0489275,148.75148
27.9249,7.265312
10.1091,2.1141217
7.93361,18.89825
17.5729,1.3692379
0.0194222,2.1141217
108.9,17.444912
9.91484,4.7071433
0.0,2.1141217
0.0,2.1141217
20.6573,30.94889
3.29546,3.7885969
0.0,2.1141217
13.4342,12.881057
0.153703,2.1141217
0.0,2.1141217
0.0,2.1141217
17.5554,49.313316
0.018341,2.1141217
0.0,2.1141217
0.0755944,2.8671756
0.0683683,1.7726028
120.835,135.09126
12.3578,16.102467
11.7618,5.2003517
0.0,2.1141217
44.7525,46.593597
0.0,2.1141217
0.0,1.3941808
0.128932,2.1141217
0.0,2.1141217
0.267747,21.86389
0.643053,7.571681
162.718,22.320343
49.2308,13.8821335
40.9999,32.706547
0.0,2.1141217
24.0067,27.283161
0.0614976,2.1141217
0.19158,2.4759533
0.643755,26.275034
0.0,2.6174242
0.0,-4.4787683
0.0,-4.144415
0.647028,61.18591
4.07168,12.36263
0.111079,2.0371778
10.3538,4.999197
1.32434,43.843727
20.9668,-12.57938
12.011,2.6910422
143.863,47.65949
23.8673,18.264107
0.348336,3.7382283
1.02305,9.370679
0.0648194,2.1141217
8.51503,13.867726
7.63668,30.335726
0.0,2.1141217
0.28766,4.574724
7.28997,12.212889
35.8928,-9.587572
4.21751,4.613679
0.786952,-1.9944098
0.130149,12.7669935
0.0,2.1141217
0.0,2.1141217
22.0206,15.729869
0.127783,9.670459
0.0285535,1.4239025
11.4053,22.99762
71.1906,8.367288
16.7382,10.324475
0.0,2.1141217
0.0,-4.032343
10.7009,20.245075
0.0,2.1141217
45.1028,16.403708
0.0,9.620176
0.0,2.1141217
12.7498,16.16364
0.0,2.1141217
5.60303,10.67738
7.72727,12.537587
0.0,2.1141217
77.0053,57.654015
3.75554,19.994993
0.759184,15.603084
0.0482792,47.001144
0.0610322,2.1141217
10.7396,19.026735
0.0,-2.634526
16.9595,6.4695387
9.22554,0.82010317
10.1206,0.103936434
0.0124682,2.157343
0.102942,2.1141217
1.18089,2.1141217
0.111895,2.1141217
0.0,33.348335
1.71906,22.523302
23.0388,-3.0098474
0.0,2.1141217
0.432255,2.1141217
0.0,-0.7069156
0.0,2.1141217
0.0,2.1141217
10.4071,19.734026
0.0,2.1141217
0.0,2.1141217
9.66222,979.53864
0.0,2.1141217
0.0,2.1141217
0.0,2.1141217
0.0,2.1141217
0.0336482,4.50204
157.205,39.021313
81.5728,77.25051
0.0238001,1.4902458
0.0657912,0.45112586
0.0,2.1141217
5.00721,17.142605
13.6872,25.958843
0.0,2.1141217
0.0,2.1141217
0.0,2.1141217
0.0,2.1141217
3.92962,-4.2409534
0.0,2.5067255
0.046363,2.1141217
9.63188,26.319538
11.4074,29.337078
0.151593,2.1141217
36.044,13.455043
34.0964,27.879097
0.264293,2.1141217
0.0,2.1141217
5.16592,0.91183114
1.44316,-1.4305427
0.183,2.1141217
4.21318,11.802487
38.0233,26.982023
2.15402,10.534335
0.386341,30.207794
19.4241,12.33274
0.0,1.64979
0.0,2.1141217
0.814287,14.434878
25.6265,47.68893
0.0856053,2.1141217
0.0,2.1722193
9.31295,26.733458
9.45517,24.905373
39.6108,47.045574
5.78663,3.5001225
19.633,20.23693
11.1051,11.519759
0.104732,2.1141217
0.0,2.1141217
11.0804,44.599606
0.0,2.1141217
0.0519234,4.191457
0.0,1.467035
0.0621603,6.9578114
17.3449,32.244713
0.0,2.1141217
39.8546,12.860572
0.0,18.860306
9.26149,16.27571
0.32573,0.9999714
9.99413,4.991558
0.0843749,10.181166
0.0,2.1141217
43.4355,21.141932
11.9358,11.174649
13.6105,8.719174
0.0,2.1141217
0.0349215,30.793034
16.4925,17.136702
16.8671,23.226162
5.47925,16.736208
0.0167702,0.103040695
0.0,0.16451192
26.9514,2.1141217
2.97333,10.655471
17.9842,20.42752
28.3832,35.365227
0.206309,1.8169866
0.0,2.1141217
5.1564,7.477748
0.0,2.1141217
0.879977,2.1141217
0.0,2.1141217
0.295629,6.2033253
2.0112,22.51567
93.0804,61.96769
0.0734416,3.4751265
112.108,-3.7066295
0.0,2.1141217
39.7229,10.746421
24.5863,0.69926
0.0352451,1.6861973
2.73993,1.2791839
30.7603,41.82063
0.0,2.0813608
0.301719,3.7321448
0.0,1.8142893
0.230591,2.8278508
0.0,2.1141217
0.148812,1.4200249
0.0,2.1141217
45.1028,11.236436
25.9174,18.533113
0.119957,2.9824584
5.21572,-6.4244833
1.18146,22.650017
19.5991,37.51185
0.699727,8.888712
0.0209403,2.1141217
16.651,6.9716806
0.0,2.1141217
0.0859299,0.46218348
26.0107,21.343384
4.22201,10.091945
28.1376,12.335235
0.460856,2.1141217
0.0175409,-1.3256924
25.8644,39.85796
86.4956,50.407116
0.0,-2.4482207
0.0,2.1141217
0.0,2.1137927
13.3221,4.425946
22.7891,2.9149468
3.1273,9.765088
0.0,9.321926
0.0265841,2.1141217
0.26325,4.9468317
5.72192,0.6234927
2.74767,17.940979
10.5121,11.79823
0.0,2.1141217
0.795791,2.1141217
0.784079,24.682663
0.0,2.1141217
9.66222,979.53864
6.42352,12.842875
21.2436,16.824078
9.80748,12.193162
5.35623,6.794776
0.0322104,21.859512
69.2168,6.2213545
127.163,58.720875
0.46655,2.1141217
2.1209,14.586855
2.05754,29.880478
1.26676,2.1141217
20.3666,5.9606085
12.2934,21.067387
39.734,23.422894
0.0,2.1141217
0.0,2.1141217
27.4069,20.97514
12.3122,12.197191
8.44341,-2.7970178
9.58822,10.276561
0.0,2.1141217
0.0,2.1141217
11.6645,8.029825
6.18583,6.9340506
0.0,23.068256
0.656222,-2.120679
0.0,2.1141217
18.0932,2.9927647
9.77309,31.029911
37.8456,8.355856
0.232573,7.8813066
0.0,2.1141217
0.152411,2.1141217
0.0,2.1141217
0.0894583,3.2705524
2.86956,17.493221
49.0391,-22.525036
1.001,428.75888
7.76978,8.171075
8.74577,17.222078
12.8642,7.0123835
25.7322,20.647997
9.31878,13.013128
0.139645,8.302017
17.0285,5.089911
8.4727,6.5309258
0.0115032,2.1141217
0.0276267,5.090398
0.0,22.454456
5.78529,-0.2288394
0.0,2.1141217
0.0,2.1141217
0.0,2.1141217
0.711576,3.9383605
10.8713,2.0510108
0.0,1.2167482
15.4141,29.380768
0.0,3.1027374
30.2375,22.999813
0.0,2.265363
0.0703577,4.761137
5.24507,22.119654
0.0,2.1141217
0.0317711,2.189496
63.4439,44.63856
0.820588,-2.3354795
0.02025,2.1141217
7.93361,18.89825
25.6866,16.254164
0.530209,-2.4328406
619.796,434.20877
0.0841613,48.96494
95.5694,46.040302
0.118923,-0.022946835
7.93361,18.89825
0.486171,17.895067
0.0274204,2.1141217
0.210362,2.1141217
0.0,2.1141217
27.6714,30.739319
0.839133,0.82010317
6.86558,19.378462
1.17427,8.959245
0.0,2.1141217
0.158946,2.1141217
0.0,2.1141217
0.593276,3.5858655
6.57163,21.268776
0.183023,2.1141217
0.0,2.1141217
0.0,0.8132851
0.945871,4.0958023
0.0,20.410673
2.98434,-0.0018808842
6.70987,15.432702
0.42647,10.537756
0.0,2.5120873
449.819,226.1631
23.0025,13.316171
18.7733,24.720932
3.56694,5.6058874
0.0,2.1141217
0.126526,20.009834
22.2375,32.931194
0.0,2.1141217
0.0131822,2.1141217
12.0386,31.243374
0.534861,9.909786
3.62445,-7.589018
11.2391,22.752783
0.624302,14.184611
0.259034,2.1141217
32.9738,3.1020095
21.7949,7.363964
18.7259,17.424276
4.54608,2.1141217
0.0514544,2.1141217
31.6605,14.721123
4.87841,28.803587
12.2933,2.1141217
187.407,76.33068
95.6333,148.75148
0.0,2.1141217
6.66568,15.693244
11.7618,5.2003517
11.0146,19.112703
0.0,2.1141217
0.749724,5.2079315
19.8674,14.434878
0.0362418,0.21086204
0.0930992,2.1141217
0.0,2.1141217
40.1683,22.044437
4.78746,16.916595
35.7528,10.69263
0.0436748,10.196488
38.0233,26.982023
0.083875,1.5720677
0.110904,2.3404405
25.2089,39.08036
48.3711,18.554947
0.0435404,2.1141217
2.0112,22.51567
0.0,2.1141217
0.0,2.1141217
0.0,2.1341903
0.0,2.1141217
225.715,141.94853
0.0,2.1141217
0.0112633,2.5469666
0.0,2.1141217
0.0,2.1141217
0.058586,2.1141217
11.4944,49.91924
5.59568,23.6217
0.0,2.1141217
0.0,2.1141217
3.08239,54.385113
0.095025,0.7277944
14.6555,33.696865
5.6568,11.52925
0.0,2.1141217
0.0,2.1141217
13.6702,25.858809
7.76466,-2.4397392
2.73699,6.8754387
16.8101,4.870427
0.0,2.1141217
0.0,4.2784767
127.057,28.334543
0.0,12.629026
751.657,466.97546
0.0,2.1141217
25.7322,0.21847963
10.6229,15.873927
1.42191,22.595102
0.0,0.9080229
7.30478,2.1141217
0.0,2.1141217
0.0,2.1141217
0.0246216,2.1141217
0.0149761,1.8798091
5.20467,-3.858765
4.02702,6.4367113
17.7248,19.894592
60.3985,62.8472
0.0231005,2.1141217
43.3082,28.54025
0.0,-0.052932978
12.9585,0.81775594
0.884516,23.511986
0.0,2.1141217
15.6575,10.539039
0.0,2.1141217
0.226083,2.1141217
0.630093,-0.2053945
25.9484,23.705532
8.58243,4.6839232
0.0,2.6174242
2.59898,1.9284613
0.0,0.7688017
0.494796,11.167752
0.0260902,5.077751
0.0,3.11053
14.6294,5.283948
0.0,2.1141217
2.89538,10.869491
37.0849,18.352703
0.0,2.1141217
0.0,21.859512
14.5233,47.71184
0.0,2.1141217
0.0587993,2.1141217
0.0134822,1.3293478
0.0179047,4.7071433
3.93496,6.390974
12.2933,16.416798
32.8704,-10.172589
0.00557245,1.1667805
0.22883,0.409863
0.0405151,2.1141217
0.0,2.1141217
11.6114,20.631374
0.183023,2.1141217
0.287353,2.1141217
110.851,54.27954
0.0160634,-0.21499014
1.23712,16.650274
9.18391,28.353058
0.424285,1.1955736
0.808567,2.1141217
0.635571,-0.26321507
0.095,1.398802
12.3842,1.6731446
24.7117,-7.1797295
0.0,1.0338409
4.87841,28.803587
0.0435128,1.9515789
15.1536,9.430535
0.0,2.1141217
1.22844,18.411255
24.8885,11.713963
3.40454,9.453904
0.797986,-1.8792388
0.0059639,5.48277
0.0,2.1141217
16.4165,8.888712
4.83942,2.0624616
929.506,12.355921
26.8021,29.052921
0.112706,2.1141217
51.4147,-5.46344
16.1532,12.053571
0.592882,7.0903254
7.14585,4.917487
2.49685,27.733875
0.0,3.8331416
15.5967,13.977793
0.571642,4.0327816
43.4606,-1.9472091
0.215929,0.83761334
34.0732,14.971354
49.3187,27.995983
22.4149,5.7925005
0.866662,2.1899223
0.0865347,2.1141217
0.0,2.1141217
0.0,2.1141217
8.45355,-0.24114382
10.7303,10.388597
0.0224556,2.1141217
12.5145,2.9204228
0.608552,19.204723
0.345062,12.43255
19.053,6.9989443
85.7132,2.1398542
0.0,2.1141217
0.151476,0.9393685
68.0121,14.353573
0.0222586,2.1141217
53.1266,5.1869974
0.0266381,4.579506
0.0,2.1141217
15.2454,18.089024
2.30452,8.84205
2.05754,29.880478
0.546353,2.1141217
7.87126,62.226013
8.20827,20.410673
0.0,2.1141217
0.021982,2.1141217
0.0,2.1141217
26.0587,37.102413
31.1072,32.614716
13.3042,15.073131
16.9488,23.618347
0.757812,-0.5022814
10.1873,42.15637
28.9256,1.8119814
0.0,2.1141217
36.2545,42.08692
182.105,12.565173
0.0,2.408522
0.0,2.257739
2.47954,29.662815
0.19158,3.3735034
0.0,2.1141217
39.8775,15.79142
20.0597,13.613509
0.0,2.1141217
12.3816,17.268692
0.0,1.9134045
5.85685,21.492155
17.9208,7.1052723
0.0,1.0998225
74.3385,65.904915
0.0186963,2.1141217
0.0,2.8029132
5.40438,19.574865
0.0519234,4.191457
61.2563,24.806034
28.9819,21.010216
0.0362784,2.863255
0.0,2.1141217
12.3842,11.669469
0.350372,24.530575
526.804,15.812446
0.0634336,2.1141217
0.272102,2.1141217
9.86318,17.832855
29.8393,-14.074295
18.8462,9.618952
26.1965,15.0522585
0.0,2.1141217
23.9859,26.90495
6.17527,10.842842
12.3578,16.102467
0.0,2.1141217
1.05032,36.451904
63.6629,28.922869
1.28817,7.7902346
26.0933,28.753853
0.0,2.1141217
0.0,8.622451
12.6408,6.6990595
3.94202,0.34535432
86.786,44.5184
0.118235,2.1141217
7.93361,18.89825
0.304523,9.365925
17.243,0.82010317
9.4149,22.957647
0.322154,0.17223
0.763943,23.549297
0.0,2.1141217
0.0442276,2.1141217
1.18448,13.987545
0.0,2.1141217
0.0217221,15.780705
1.02282,18.904358
0.0,2.1141217
4.4869,4.900806
23.9209,12.206191
6.54572,8.944879
0.221629,1.6365983
10.9029,56.83315
18.459,31.828218
0.02025,2.1141217
0.182946,2.1141217
0.0,2.1141217
25.9474,9.264103
4.61967,37.742016
5.39411,8.383818
28.1784,10.835094
2048.89,715.2729
0.0,2.1141217
5.35623,6.4302053
0.0,2.1141217
0.0,2.1141217
0.0,2.1141217
0.0,2.1141217
0.116452,0.9628067
14.1322,4.500206
0.300234,19.055916
4.41312,11.150835
0.0,2.1141217
0.0,2.1141217
12.3122,12.197191
0.883129,0.5005071
0.0,2.3550985
0.0,2.1141217
0.0,2.1141217
0.0,2.1141217
0.0,2.1141217
15.6481,10.879815
20.9772,27.267166
0.740412,36.444813
13.3136,-0.6052084
0.0,2.1141217
0.0,2.1141217
0.534143,2.0061283
0.922114,1.7337003
60.5572,23.315998
27.4498,10.163865
21.9927,22.145355
1.09655,-0.845489
39.6108,47.045574
0.0,3.5639863
1.50345,17.481268
0.0,28.317226
39.7765,13.532025
0.0,2.1141217
0.0,0.29086542
2.02248,7.8813066
0.821348,10.728023
1.62062,2.1141217
17.8076,21.21178
0.0,0.4426887
0.114333,2.1141217
3.6885,13.749338
0.601586,11.571185
14.97,-8.650383
7.4172,8.3190365
0.0,2.7764475
4.89097,28.99086
0.0303929,0.48987412
0.0254356,2.1141217
4.52996,21.284657
1.20423,30.154346
31.4517,16.89199
0.0,2.1141217
29.9396,48.752308
0.0,2.1141217
0.0153356,2.6256568
0.0304159,11.369178
17.383,22.407894
2.26397,35.926517
9.40459,8.3050995
9.0536,12.205644
22.0206,15.729869
0.663635,-0.18402219
0.192066,16.93587
6.18583,6.9340506
12.4414,15.515805
0.0,28.6583
17.243,0.82010317
0.0993689,0.4517522
46.6668,56.18516
1.2981,2.1141217
0.0,10.541773
45.4482,14.968068
0.110945,2.1141217
6.4931,5.995144
7.75683,1.5112829
0.614049,10.034148
2.95801,-6.6080523
8.78232,6.7159014
0.0,16.568308
0.0880483,2.1141217
0.0,2.1141217
13.8754,28.426044
0.0643545,2.1141217
0.0541491,2.1141217
95.6333,148.75148
4.44712,-4.0313826
0.0,2.5286026
882.552,422.86575
1.61219,-2.7970178
0.92021,2.1141217
0.0,12.60575
163.777,34.799347
16.4307,-71.178635
39.8526,32.46934
2.59898,1.9284613
0.13219,4.0352077
9.28804,7.4631977
0.0,2.1141217
0.0095824,2.1141217
19.4562,20.2921
36.8578,23.21264
0.847076,7.6107874
12.1527,23.849949
16.651,6.9716806
7.09776,88.96143
0.0,0.9093549
0.127812,1.885808
12.2014,47.0071
8.46703,23.149986
36.2545,70.38914
15.9548,21.043152
4.1573,10.758387
0.137176,2.1141217
0.787806,13.832611
0.0,2.1141217
13.6142,37.71453
0.0,2.1141217
0.0,2.1141217
0.455084,32.159348
0.0,-1.2776003
0.0,2.1141217
37.578,9.185942
4.67371,39.21181
0.182946,0.69926
18.2872,2.6174242
0.0,2.1141217
0.0,2.1141217
0.0443425,61.18591
0.26325,4.9468317
22.869,2.1141217
0.0671403,7.1380625
0.0,12.227067
0.0164459,-0.087203264
11.8307,29.756279
0.0,2.6394439
228.807,232.03015
13.1755,13.533404
0.0,2.1141217
0.472333,11.404849
14.5591,-2.848832
5.50912,12.151674
0.0223268,2.1141217
0.0544411,2.1141217
0.108294,1.72176
0.0,12.939656
0.0210097,0.081269264
0.0,2.1141217
11.3063,12.120492
0.0,8.562472
16.4307,21.631847
1.58275,15.153686
0.0,2.1141217
11.6618,4.8878384
0.44067,2.1141217
39.8526,32.46934
0.0,2.2557266
3.29977,6.232521
0.0,2.1141217
7.8085,35.855648
3.66676,12.889579
0.809665,18.055077
0.0,2.1141217
7.69518,18.118645
0.0,2.1141217
0.0252579,0.733963
4.75134,7.7846727
0.445342,1.9964364
0.0477186,3.6115074
11.9164,4.9394712
2.15402,10.534335
8.2064,20.27524
6.37074,12.467231
23.7573,0.77236056
61.8439,23.132519
2.7029,15.41295
13.2992,11.3947735
3.33134,1.8339596
13.233,16.780394
26.1892,16.187202
4.47958,7.215782
4.61178,10.156065
0.0363376,2.1141217
16.2904,12.18266
0.0,0.9074924
0.0352722,1.6092777
0.0,3.5639863
4.12438,23.41571
46.9646,21.30013
0.0,2.1141217
43.9491,18.628426
1.85577,55.727047
4.2222,2.7099676
40.0693,3.6186383
16.2904,12.18266
1.49141,20.35402
0.0,2.1141217
0.0339982,9.898188
5094.75,13.414037
0.353103,0.25070238
24.7117,-7.1797295
0.0,29.778143
0.0479309,2.1141217
6.33747,3.8723242
0.105717,13.121076
0.420006,12.7761135
0.0,2.1141217
3.74741,8.9737835
9.40351,15.086513
106.185,35.810432
16.4813,41.74731
3.47122,-1.2526252
23.8144,3.2605584
0.0,2.1141217
0.0,2.1141217
21.4877,-0.25752795
24.7117,-7.1797295
0.0473213,4.8910694
0.0841613,48.96494
0.0394029,2.001246
0.5899,9.898188
57.7565,9.416961
0.0,31.705284
1.83936,0.5176952
0.0,2.1141217
0.235774,2.1141217
0.129545,1.3290904
0.088978,2.1141217
14.3497,9.582608
0.0,6.370822
0.0,2.1141217
0.0284757,28.055666
0.0,2.1141217
0.565411,4.1234045
11.3911,19.992884
1.51571,4.3067408
0.0,2.1141217
1.54364,27.364796
27.7354,7.8295794
13.4078,16.94414
9.07465,9.825882
24.5863,0.69926
5.5742,-1.511689
0.248631,2.1141217
0.0121285,1.0193677
7.70039,45.807796
0.324646,2.1141217
5.09374,28.763397
1.13365,2.1141217
0.0,-1.2776003
0.5899,9.898188
3.54183,15.168129
19.3196,10.028743
0.172067,-5.9888706
2.3316,2.1141217
8.42446,14.304371
0.0333265,4.8212366
1.9201,-0.15538669
0.0,2.1141217
5.06259,2.819084
1.30501,18.70531
34.1317,47.019352
0.0,2.1141217
0.0,2.1141217
17.2133,9.399067
19.8674,11.453752
1.50108,3.0673761
0.0,-1.5855246
181.96,42.506294
5.5232,2.1141217
0.0,8.822473
0.0,20.739819
0.0,2.1141217
27.5158,11.98941
0.201958,162.468
0.0501567,2.1141217
305.067,25.117252
4.68552,27.693064
12.4505,47.855923
0.052162,2.1141217
12.3571,23.718971
258.84,16.58432
140.312,150.66098
20.3765,12.939656
13.8431,20.327045
3.1273,9.765088
0.0,19.52861
25.3641,11.298175
17.243,0.82010317
0.0,2.1141217
0.0,2.1141217
0.0,2.1141217
2.15402,10.534335
0.0,20.228436
1.42191,46.98753
0.0310379,2.1141217
0.0,2.1141217
27.2008,22.842728
0.159075,10.654388
42.2843,23.952246
56.6998,37.870796
0.0,2.1141217
0.0,2.1141217
9.92708,11.343523
47.8693,8.289624
6.77438,1.8419385
5.1564,7.477748
410.978,20.608093
60.3985,62.8472
0.0,2.1141217
16.4925,17.136702
0.0443369,10.089036
0.02025,2.1141217
15.4406,2.1141217
48.6134,2.10783
0.0,2.1141217
0.0,2.1141217
0.0,2.1141217
3.62445,26.561535
0.0,4.6385927
0.825871,13.928565
2.96133,2.907746
4.3174,82.72754
0.0,0.07745862
0.0,1.2255523
0.0,2.1141217
0.348339,11.131852
0.0,2.1141217
4.22201,10.091945
22.869,23.070919
29.4994,24.903893
0.284589,8.801514
74.0086,3.5481496
0.243955,2.1141217
0.803882,0.078888655
0.0356115,2.1141217
0.0169936,2.1141217
0.399107,15.3869095
331.816,159.3635
0.0,2.1141217
0.0,2.1141217
27.393,-1.2776232
23.6901,26.89024
0.0,2.1141217
3.98391,14.539292
19.6435,12.465957
0.0,2.1141217
64.9969,72.152405
22.9447,9.794081
0.170752,2.1141217
1.13518,-9.98883
1.67707,0.706908
43.1164,15.994381
0.0439876,2.1141217
0.160588,2.1141217
1.55944,15.140662
1.57676,17.922802
10.0159,-1.9187844
1040.91,20.571957
10.2463,48.377068
2.3241,7.7794523
0.0,1.7756441
7.93916,22.228308
14.8394,-1.4018991
0.700803,4.6070547
19.0592,13.701619
0.0,2.1141217
4.27692,11.294283
6.60592,15.814652
0.158944,2.1141217
0.0,2.1141217
0.0,1.2342758
0.0,2.1141217
13.4342,12.881057
0.301895,2.1141217
0.0,14.4763365
29.3384,20.540047
11.5783,9.846994
5.52068,-3.9367893
10.3818,19.41954
69.8357,51.6181
0.0,2.1141217
0.246759,2.1141217
0.228919,2.1141217
0.233632,31.351545
9.99413,4.991558
0.0,2.1141217
13.9082,37.051884
0.0,6.542513
0.0,-2.634526
6.94569,2.1141217
0.0,2.1141217
0.0,2.1141217
7.54229,14.4763365
10.3748,24.504084
0.0,2.1141217
24.1555,2.1141217
36.9073,57.47948
0.0,2.1141217
12.7134,2.1141217
0.0471918,2.1141217
27.4744,0.108584166
44.3922,24.938452
4.76564,2.1141217
0.0,2.1141217
45.9377,35.232307
0.0336751,2.1141217
1.71379,12.77907
16.4448,21.654411
10.2968,3.6999643
0.099298,6.33517
0.0,2.1141217
0.0,2.1141217
4.06206,10.610669
0.011101,0.503978
2.32215,10.827845
3.56139,0.16686082
0.245293,3.3609438
3.70929,23.891754
0.0735687,-0.21207166
9.66222,979.53864
99.5549,26.610989
4.87503,7.568885
48.3711,18.554947
78.2679,2.1141217
89.0259,22.851128
0.0319741,2.1141217
5.3114,16.120773
0.651057,2.1141217
3.85496,4.016053
2.85747,-6.298641
27.7688,19.819302
0.0,2.1141217
10.5735,16.809221
13.6364,3.2499092
0.208071,17.792171
0.0,2.1141217
3.88411,11.713963
0.150105,-0.2170496
6.18238,2.1141217
18.3674,3.2808864
8.4425,7.213208
5.07368,16.31264
8.51827,9.015478
0.0506962,2.1141217
0.0,32.606434
3.55422,7.1628304
23.5057,21.816422
0.0,8.554446
0.0,2.1141217
0.0,176.89882
6.70987,15.432702
10.2172,14.647026
0.0,4.2666564
0.401151,-1.725491
7.15625,20.972446
2036.01,-29.002003
0.0,2.1141217
0.051393,12.939656
7.79231,34.989685
23.569,21.365574
0.0,0.19598043
16.5723,30.371185
0.0,0.9080229
0.0,2.1141217
0.0,5.2493286
0.0,2.1141217
88.224,20.75889
0.0,2.1141217
3.36491,-2.9532611
0.43431,6.1246014
8.40864,2.1141217
0.0,2.1141217
0.0525717,2.1141217
0.904666,10.4963665
7.42939,35.82716
5.78663,3.5001225
2.37217,11.860008
0.511169,-0.45812678
0.775171,0.21194267
22.0206,15.729869
0.182358,2.1141217
0.192688,40.45799
0.0,2.1141217
1.1457,24.000893
0.0,1.9356527
10.0219,34.98993
26.3449,27.25573
4.71745,10.291387
106.022,30.293674
0.0,2.1141217
0.0310379,2.1141217
0.0,2.1141217
31.889,21.893522
0.0285757,7.315551
41.4786,46.66471
14.1798,17.584549
0.0,0.9093549
0.0,-0.9409034
30.0849,6.0230913
0.0,2.1141217
122.832,110.9088
0.0,2.1141217
0.0,2.1141217
0.0,2.1141217
394.63,445.62277
38.7378,43.689198
1.45222,2.1141217
0.39772,2.1141217
4.98572,9.822929
12.8546,299.84894
55.6461,2.6619375
1.52816,9.325867
107.268,31.062729
0.0,2.1141217
13.1918,19.154867
13.7172,23.637188
5.49693,12.316306
0.00457431,2.1141217
0.0,2.595129
0.748226,9.400915
25.7986,27.255737
0.0,2.1141217
0.0879039,3.0219831
0.0439876,2.1141217
11.3267,2.1141217
11.6433,9.349525
61.7468,42.32584
0.0144449,1.3259263
15.4126,23.174608
9.40349,26.052723
5.16,16.12527
16.4448,21.654411
0.0,2.1141217
20.3765,12.939656
86.9453,71.757866
6.39448,40.57142
35.2418,23.647852
24.3026,16.065147
0.0324739,0.33002996
30.8985,39.762157
8.18569,14.285699
12.6019,11.386095
34.4712,5.8794117
0.877677,2.261417
0.0968266,-0.4557004
23.4271,7.752675
0.290254,8.049791
79.2286,27.320324
0.0,13.275623
8.62519,9.811629
0.609691,7.553067
0.264436,0.13438678
0.0,1.9134045
0.294262,7.79317
0.0,2.1141217
0.0350981,9.675714
16.3663,1.8892715
0.0,8.999922
0.0261254,2.1141217
0.622161,2.1141217
3.89551,27.068884
0.0,25.192032
0.0308958,4.9546194
118.592,23.316647
0.0,37.910435
0.0229381,1.5190942
0.553941,2.1559145
0.0,10.915148
0.718754,9.930091
32.5265,2.1141217
0.0,2.1141217
9.4149,22.957647
3.92962,-4.2409534
17.6053,16.301317
16.2454,22.142788
21.7269,12.186673
1.50932,20.032597
0.0,2.1141217
1.14091,10.556384
0.0,4.05832
0.775171,7.4679785
0.0,0.29086542
4.25643,29.9287
90.1931,96.71566
6.32027,6.5035286
18.8261,29.455374
1.74564,8.471891
18.6947,6.3259964
0.0,2.1141217
16.8505,2.1141217
0.835289,8.035438
0.0626873,5.6736784
0.0,2.1141217
8.53334,30.93951
63.3801,11.8432665
0.0,31.292416
23.5057,21.816422
30.6925,26.891708
0.0,1.9134045
0.0,8.76058
0.267421,2.1141217
10.6178,16.72379
0.0,1.6175301
0.0,2.1141217
0.0,16.485008
0.210108,2.1141217
4.92439,5.569358
27.4685,15.871144
10.3641,16.43527
65.7132,22.099901
7.94594,23.511986
0.0789607,5.0917196
0.236539,2.1141217
8.4425,13.405335
0.0,2.1141217
6.18577,29.82043
3.4258,4.582966
0.0,2.1141217
0.0,2.1141217
0.0845528,2.1141217
13.2992,11.3947735
0.0,2.1141217
9.45008,8.561093
5.52068,-3.9367893
0.392164,22.510468
26.1965,23.195505
0.0,2.1141217
0.0,2.1141217
0.0407668,2.1141217
22.2482,14.337651
0.233384,434.20877
0.0,2.5476768
0.0,1.9908321
1.16659,23.261015
14.5681,29.882824
0.0,2.1141217
0.0,2.1141217
32.6551,32.74255
0.0190519,2.1141217
26.9829,18.103214
0.192778,2.1141217
0.0,2.1141217
0.0285757,4.8637643
0.0697059,15.914542
13.3866,11.915067
0.0,2.1141217
0.0,2.1141217
86.7999,14.951126
0.0,2.1141217
5.6552,14.689702
8.13618,27.461372
27.4685,15.871144
60.0505,34.016068
2.87896,14.225223
0.0,2.1141217
18.374,17.446598
53.0483,35.026638
0.0,2.1141217
0.0,2.1141217
0.0,2.1141217
0.0,2.1141217
2109.74,972.938
0.0628861,-9.232228
0.0,2.1141217
38.7644,14.196477
8.07777,6.4165926
8.96255,39.20304
4.29189,12.931564
0.0,2.1141217
0.835289,7.557605
2.93284,4.2865295
0.0,1.0983262
0.0244278,2.1141217
0.0,2.1141217
9.02859,4.840473
4.66513,16.355303
0.0396249,4.2666564
0.0,2.8140516
2.26295,2.79029
110.894,-2.6093729
8.61474,22.044437
0.53003,8.051935
0.926497,5.268491
0.0177513,2.1141217
1.65636,4.3817606
10.2515,2.013378
6.97012,-7.001562
0.040753,2.1141217
0.39772,2.1141217
0.638611,2.1141217
0.0,2.1141217
22.6272,13.452102
9.73486,10.99755
93.6125,62.979836
0.888845,-8.059416
60.3985,62.8472
0.0,2.1141217
4.65514,6.5194473
2.1914,-35.47813
9.21908,8.093574
0.0,2.1141217
0.0,2.1141217
0.196991,6.05783
0.0546641,2.1141217
12.5184,2.1722057
0.0,2.1141217
5.52068,-3.9367893
18.8009,47.05524
7.0301,14.302112
12.1107,18.211805
0.0258678,1.0358522
0.0,2.1141217
0.263235,2.1141217
4.47958,7.215782
77.2059,37.37764
0.0734686,16.097927
0.0145047,2.1141217
0.0,2.1141217
0.32237,17.096403
1.64039,17.688923
9.34879,7.7234774
13.4247,2.0928152
6.0461,36.983006
9.8235,6.173558
0.0,2.1141217
0.0,3.8022437
0.0,2.1141217
0.0,2.1141217
0.0,9.898188
19.0873,1.5722468
0.0,2.1141217
0.0,2.147618
0.233901,3.5633643
0.871594,11.620719
1.45654,-2.3197198
0.0,2.1141217
1672.53,979.53864
13.7754,-1.0408132
17.7397,24.281233
106.545,12.717129
6.94009,19.127054
0.346506,-3.840078
0.00521469,2.1141217
0.0,2.1141217
5.59409,2.1141217
32.6081,13.530164
0.0,2.1141217
3.1782,3.321902
0.0272436,29.720078
0.0,2.1141217
5.72321,23.040335
0.0,2.1141217
0.49026,-5.313773
0.0,2.1141217
22.0206,15.729869
0.0,2.1141217
0.0,4.6838884
0.0,2.1141217
9.32373,-0.591285
93.0901,155.81557
0.03394,2.1141217
0.0,2.1141217
9.79371,-4.3617744
0.119256,2.1141217
0.0,2.992619
51.2472,69.18101
3.12215,15.315433
32.5265,2.1141217
35.8779,13.599095
0.0,2.1141217
5.05006,40.67869
4.4869,4.900806
0.0,2.1141217
16.9321,-7.7138844
0.0574672,8.052019
2.18261,6.7084627
120.835,135.09126
71.4958,5.298852
0.0,2.1141217
131.913,148.75148
46.4183,15.989819
8.51378,3.0949957
4.39634,0.10518193
45.6525,25.836916
0.0,2.559457
0.0,2.1141217
26.1206,8.435011
0.0,2.1141217
0.0,2.1141217
0.0179047,4.7071433
0.0,2.1141217
7.15171,19.602364
0.0,2.1141217
11.2349,29.607979
17.5554,49.313316
0.0,2.1141217
27.6481,-2.2434585
0.0,16.369684
3.29546,3.7885969
0.030774,1.4754741
0.0244684,2.1141217
2.20592,12.206918
0.0170887,1.9800608
7.34111,10.580871
69.457,4.776923
1.26098,1.0983262
15.4143,12.880393
0.0711453,2.1141217
2.60487,17.476128
0.0,2.1141217
1.19533,-1.2141659
0.0,2.1141217
25.7777,25.402067
0.0416263,30.057243
88.2999,59.876373
10.2463,21.370684
0.0164971,2.1141217
0.0,9.724003
0.0,3.2933092
1.47888,0.82010317
30.5976,39.23473
0.0,2.1141217
0.00671422,2.1141217
0.720367,8.251821
0.275986,-188.56708
9.8331,14.179015
0.080121,2.1141217
0.144784,2.3550985
3.21194,9.766704
0.0,30.761715
8.14611,8.934425
0.0,72.152405
26.1965,23.195505
12.6291,11.483293
0.444659,0.7474897
0.0,2.1141217
8.57879,20.631374
0.0,28.35015
2.73993,1.2791839
28.1376,12.335235
14.1949,18.580204
0.0,2.1141217
0.0,0.7688017
5.39411,8.383818
0.0,2.1141217
0.643,6.243579
0.0,2.1141217
23.5049,18.863464
79.1213,33.109955
0.0,2.1141217
0.0,2.1141217
16.4448,21.654411
9.4149,22.957647
68.0011,2.1141217
3.93245,-5.747239
0.0,2.1141217
0.0,2.1141217
6.83028,14.981039
0.0450396,18.52758
0.0,2.1141217
12.2738,-2.383546
0.0,2.1141217
0.0,2.1141217
1.50108,24.031532
1.51667,-3.9561245
9.18705,21.041988
1.72625,-5.8510265
0.0198536,1.3662713
0.0,-2.9264505
1.11784,8.071148
26.9056,0.40168118
0.0,-1.5855246
79.1213,33.109955
117.136,27.217049
5.59409,2.1141217
83.9564,43.156574
7.92153,6.527705
2.24119,5.6576395
4.85934,-7.0194845
10.6273,13.839597
5.62055,28.776237
0.0,2.1141217
0.0167724,2.1141217
0.0,1.9134045
0.0,2.1141217
8.48155,20.481262
1.06258,3.1960177
5.69351,7.939245
13.0665,16.332031
0.0,2.1141217
33.3482,31.843307
0.0883291,0.22805774
2.8793,2.930811
0.160392,13.627924
26.1965,23.195505
3.83202,14.142978
3.8263,1.9985001
260.495,49.441677
1.9342,28.6583
0.0,2.1141217
7.74843,12.25644
0.110281,2.1141217
0.0,2.1141217
146.641,58.45385
0.0,2.1141217
0.295121,8.223639
0.0,10.640912
0.0,2.1141217
8.98008,5.105727
26.7938,21.18842
0.126606,2.1141217
0.0,2.1141217
24.8391,8.355647
16.457,16.34294
410.978,62.28468
0.095025,0.7277944
54.0669,7.7579613
0.0,2.1141217
2.35078,2.91936
9.73844,-0.24546027
5.73474,10.933267
8.8498,-3.0747726
9.14676,69.406784
2.56798,21.40118
26.8688,10.811579
2.0369,6.198181
2.92734,8.415467
0.0,2.1141217
0.0,2.1141217
0.114256,2.1141217
9.45008,8.561093
52.2404,19.97969
10.919,12.090957
9.26417,5.3010254
19.3196,10.028743
35.9871,24.69191
8.02989,10.28357
9.97045,23.454653
13.6965,24.25099
0.0,2.1141217
6.82818,8.207519
0.0,-3.8556898
0.468849,40.10896
0.0,2.1141217
263.743,100.87415
0.0,4.0701766
3.02366,-4.60505
16.8505,2.1141217
9.59899,20.638868
57.7565,9.416961
0.18845,1.1011977
0.0,2.1141217
16.457,24.14474
6.19468,5.9183187
0.0607464,-0.052932978
0.0,2.1141217
0.0,10.610669
0.179337,20.630749
0.0788493,2.1141217
0.0,2.1141217
0.0645255,30.531797
31.7122,21.694448
0.0,2.4138737
0.043272,1.9400699
0.0,2.1141217
4.52907,19.029829
46.5786,10.647904
0.168411,31.118984
0.0,2.1141217
0.0134182,2.1141217
26.0248,16.101465
1.13347,0.36704612
1.31698,-3.7005847
0.0,1.4405212
170.727,86.26467
1.43893,22.204496
7.67703,43.732777
6.45041,3.7128565
15.892,20.739077
5.06259,2.819084
0.0506962,2.1141217
0.0543723,2.1141217
8.51883,26.180576
0.0,14.150109
0.0,2.1141217
0.0,28.336359
0.0,2.1141217
0.0,2.3550985
14.6375,3.1076014
0.0930758,3.6179678
0.0,2.1141217
0.243653,2.1141217
0.0,2.1141217
4.2338,-8.102589
7.42939,29.253323
0.571642,5.772444
23.5057,21.816422
0.390753,4.4006844
0.256122,2.1141217
29.4862,12.499374
0.252204,2.1141217
0.322485,2.1141217
1.65984,13.314841
10.6178,16.72379
0.0335382,4.041506
2.01911,8.229494
0.329325,-5.8510265
0.0,2.1141217
0.0,2.1141217
0.0,1.9189589
0.0,0.5771313
4.37563,20.782557
0.0,151.90787
0.498276,-3.8556898
0.0,2.1141217
8.51827,9.015478
0.535877,28.17271
0.67179,18.810678
48.0737,40.949596
65.2633,49.49648
5.3692,45.30193
0.22721,2.1141217
0.0,2.1141217
0.246802,2.1141217
40.8927,30.32101
0.681433,15.70481
11.7324,27.23544
0.0,0.9093549
9.31878,13.013128
0.0,2.1141217
1.001,307.0721
0.047583,61.18591
0.0,2.1141217
49.2308,13.8821335
0.0,91.622826
0.0,-2.0121257
33.1188,34.164246
0.0,5.8779287
13.8839,15.926715
8.30396,7.02357
0.0,2.1141217
60.3985,62.8472
3.75198,19.111803
0.0924405,10.186105
10.411,11.430261
49.0936,25.495327
40.5104,25.029945
0.0932878,-0.06845856
738.118,35.409336
8.94592,9.249226
0.0,7.477748
0.0209403,2.1141217
0.0164465,26.818836
2.61851,6.09383
4.54834,16.16358
28.1376,12.335235
38.9799,11.2411375
0.0803287,2.1141217
0.0,2.1141217
16.651,6.9716806
0.0,2.1141217
22.2086,11.035192
4.54608,2.1141217
0.0,2.1141217
0.362688,3.4088445
1.9224,17.082733
15.3548,9.784096
0.0227304,0.29086542
1.2981,2.1141217
0.0,4.2001047
0.0,1.6995153
16.4448,21.654411
0.0,0.60095453
1672.53,979.53864
0.0,2.1141217
3.65587,16.535696
0.0,2.1141217
0.0,2.1141217
26.037,31.22477
0.0,2.1141217
0.0317711,2.1141217
1.13553,17.15134
57.7565,9.416961
11.566,3.4195948
6.36949,3.32709
0.645114,2.1141217
0.0,41.218708
0.0,2.1141217
208.249,111.25212
0.0,2.1141217
0.542442,8.06158
0.0,2.1141217
0.183057,2.0831993
0.0,2.5846238
8.30447,30.531797
0.0,1.7675381
1.26098,1.0983262
13.6542,55.56834
96.6188,56.292416
4.8807,16.710522
0.0286426,2.1141217
13.1278,-2.9826324
0.530209,-2.4328406
0.0,2.1141217
0.0175519,2.1141217
2.02248,19.282736
0.299788,6.8086452
0.0283075,2.1141217
7.2347,8.956078
0.0,2.992619
94.7963,25.582222
0.863657,15.593267
2.47586,0.40223908
11.8289,42.448124
0.0,1.6565335
0.128932,2.1141217
28.4785,1.221262
0.0,2.1141217
7.54229,14.4763365
86.3551,75.20783
27.1519,38.993755
0.631495,0.5853441
0.299788,6.8086452
0.0,2.021357
1.20083,4.4467125
10.8115,7.4085026
1.02523,10.34011
0.0319017,1.6760542
0.0,2.4248152
0.276521,-9.699692
4.9666,12.682918
0.0382284,0.027748346
0.0,2.1141217
0.52367,40.57142
6.49026,7.0092115
3.01974,13.27768
27.4069,20.97514
12.6465,20.941805
0.0,2.1141217
0.0,1.1357708
13.1349,4.702815
0.0,3.2865114
0.506249,-1.9472091
76.1291,18.363361
32.4577,3.935332
7.15625,5.962779
0.0,1.6281524
3.8263,1.9985001
0.0,2.1141217
2.98434,-0.0018808842
0.0,23.261015
0.20808,15.558393
0.00929197,12.265712
3.80485,7.8916492
6.87979,30.88916
0.318302,2.4067893
1.84446,2.1141217
0.0,2.1141217
5.72966,23.149986
19.9297,4.887971
12.1992,3.0146477
0.0107023,2.1141217
96.5523,27.124386
94.7963,25.582222
86.3551,85.7454
5.16818,13.174434
37.5751,19.346153
28.4785,1.221262
0.0,4.865488
36.1902,27.83561
2.26397,33.420635
1.56213,-3.280266
0.0,2.1141217
0.0,1.3405097
0.0,2.1141217
0.0,1.4439611
74.3385,65.904915
1.18369,4.584762
0.0,2.1141217
0.0,4.860505
0.0,2.1141217
14.7658,10.350167
0.0434396,1.1380856
0.109414,10.297044
0.0,2.1141217
18.2498,8.670391
6.57556,5.55128
0.0,7.7846727
5.34906,-0.69649386
0.0,5.621873
0.0,2.1141217
6.74107,10.380468
0.144985,-5.663007
2.38448,30.754765
0.454844,-0.5793288
0.0,2.1141217
0.0,2.1141217
0.133885,1.0712411
14.747,18.706148
0.0,2.1141217
12.4639,2.1141217
5.85738,12.341675
6.71487,-4.015747
35.7528,10.69263
0.0,2.1141217
0.0,32.330414
8.73149,7.4692707
228.807,232.03015
0.0514544,2.1141217
0.0,2.1141217
0.0,2.1141217
0.472333,11.404849
12.4326,63.583935
4.252,7.590458
5.34971,10.548388
0.0,2.1141217
0.0,2.1141217
0.0344191,154.28857
0.0,2.1141217
11.8048,35.00632
18.2459,-0.080112815
0.0,0.73577857
0.0,2.1141217
4.33894,0.030369043
37.8767,16.592194
0.0344196,4.093458
0.0205246,14.6094475
0.0,2.1141217
6.8555,8.202877
0.0,2.1141217
0.0284257,2.1141217
4.40395,18.953417
13.2442,20.436623
0.0,2.1141217
0.0,15.544454
4.70673,26.273605
43.29,8.579314
15.1388,11.167932
1.20083,7.9358587
0.0,2.1141217
0.0,2.1141217
33.7824,8.707454
29.961,37.442562
0.0,2.1141217
0.0,0.3597064
0.401957,-0.39132464
21.7949,16.536327
0.0214723,2.1141217
0.353415,2.1141217
0.0224096,4.663022
0.0148745,-0.010811567
0.0,2.1141217
0.0,35.002964
31.889,21.893522
44.7525,46.593597
18.8186,4.9266214
0.0,2.5286202
0.0,2.1141217
17.542,30.793034
0.0,2.1141217
1.19568,25.339388
8.78468,39.337933
13.4342,12.881057
0.0,2.1141217
1.73772,29.463419
0.0,77.467354
0.010088,2.1141217
7.93361,18.89825
2.33652,6.2953568
20.9772,27.267166
6.58449,2.1141217
32.9917,18.341232
0.0,2.1141217
0.0,2.1141217
0.571642,5.772444
0.0,2.1141217
64.9969,33.348335
0.0,2.1141217
0.0,2.1141217
0.0,72.152405
0.196835,2.1141217
10.8713,2.0510108
16.1284,17.689213
8.30447,-3.4684393
37.0203,7.237338
0.0,2.1141217
0.0,2.1141217
16.4448,21.654411
23.0079,30.548077
228.807,232.03015
0.0,2.1141217
0.0,2.1141217
3.66146,8.312926
0.0,2.1141217
0.0,-2.634526
0.0630775,6.443555
10.5992,1.3384106
0.0,2.1141217
28.0864,16.69036
0.0,2.1141217
6.08398,28.95123
0.0,30.556084
4.35779,2.2282217
0.0,2.1141217
4.10174,8.430272
0.0,2.182158
0.0,2.1141217
0.484112,16.082375
0.105717,13.121076
0.0,2.1141217
1.59871,10.498689
0.0,2.1141217
7.00081,26.0489
6.32027,6.5035286
0.0,1.6591423
0.101706,17.54545
23.0309,6.68552
0.0883291,1.4374967
1.0646,13.138385
19.1274,0.5516443
0.0285757,4.8637643
18.2965,19.430582
6.2082,15.418272
0.142605,-0.007194996
8.88717,4.5409584
3.73849,11.627055
5.66459,2.1141217
26.8021,29.052921
13.5865,27.748457
79.7199,22.115948
25.5902,17.126757
0.0,2.1141217
0.0,2.1141217
0.074776,2.1141217
5.74144,15.915755
2.90269,6.544347
13.2992,11.3947735
0.0,24.188871
1.37359,3.8447692
12.3357,18.50888
16.4118,51.219463
0.0,2.1141217
7.95659,2.807731
0.129307,2.1141217
194.475,17.903618
0.628994,2.080645
18.0932,2.9927647
18.0886,23.08909
0.0134632,2.1141217
0.0717698,3.6339765
0.0,5.52657
0.0,2.1141217
0.0,1.3759305
20.1295,1.9719915
0.0115644,2.1141217
89.9161,46.94812
0.0,2.1141217
18.189,7.8177977
12.2876,5.4201956
89.6832,48.062916
23.5049,18.863464
5.21638,1.140723
0.0,2.1141217
0.0,2.1141217
1.51977,2.590473
15.91,8.497644
0.0649161,23.72483
35.6753,29.811136
6.37023,14.201658
0.171858,-6.627083
13.7455,7.2248926
15.8812,13.26199
0.0657912,0.45112586
1.55944,15.140662
0.0,2.1141217
13.3781,9.791596
1.21503,6.9004784
0.232573,7.8813066
32.5693,10.99425
3.07596,23.287373
0.443346,23.505182
0.31996,9.898188
0.0,2.5476768
0.0,2.1141217
0.0,2.1141217
0.0587597,2.1141217
0.720744,14.206883
0.0,0.7688017
9.75266,20.737457
54.8596,58.96626
0.00917711,2.1141217
0.0373925,15.638361
22.2482,14.337651
86.3551,75.20783
25.6931,10.436809
0.596588,-3.0784466
546.123,537.6102
32.2509,23.66734
3.42381,26.674381
7.38977,4.9915714
9.87826,6.725999
0.0,-2.0255048
0.00808029,3.5235908
0.0,2.1141217
0.0,0.7688017
0.0184828,0.88723636
22.2012,17.732471
3.49067,16.743319
1.16659,23.261015
0.829205,-2.3172493
0.540725,16.921762
0.0,2.1141217
4.37095,-2.2910569
61.77,17.593884
0.0,2.1141217
0.214515,7.7743807
0.314389,15.813272
0.0,2.1141217
0.0,2.1141217
0.0587993,2.1141217
0.0293719,-6.4244833
0.0349215,30.793034
15.0328,12.301016
3.99476,0.17113996
0.0,1.0983262
0.0,2.1141217
37.4649,18.395994
45.1259,11.829993
0.53003,8.051935
0.0,2.1141217
0.0,8.76058
115.716,22.51567
4.33623,10.294889
3.8058,23.524734
36.4471,35.229103
8.05031,19.052454
0.0362889,2.1141217
9.78208,24.97588
28.3986,21.106653
0.0105662,2.1141217
19.4241,12.33274
0.0,2.1141217
1.83466,-5.016985
0.0,2.1141217
79.1213,33.109955
100.202,43.7104
0.0,2.1141217
4.1897,7.642392
1.87192,4.5085545
0.0,23.235348
0.0367926,21.513577
11.9358,36.59696
44.1062,16.142859
18.6755,3.4349616
3.6633,-9.947484
0.0733279,2.1141217
7.44047,9.141575
0.0,1.7990053
0.0,2.1141217
47.6788,14.586855
0.0219525,2.1141217
7.28997,12.212889
5.87878,11.92335
6.32027,6.5035286
6.17769,22.157505
0.0,2.1141217
197.497,40.74506
3.17463,36.664642
86.7261,36.192463
0.0283075,2.1141217
0.0,2.1141217
0.0382792,2.1141217
0.0,4.2483196
0.0230356,2.1141217
0.0059639,5.48277
4.97182,9.498295
8.9007,2.1141217
0.241907,2.1141217
0.099298,6.33517
1.05518,22.894512
10.1753,6.7233334
10.2526,0.10518193
0.143577,2.1141217
45.9377,35.232307
13.2992,11.3947735
0.0,2.1141217
3.96255,34.180416
0.230342,15.763674
0.0194539,2.1141217
26.3643,3.621923
7.25476,19.24958
0.0,2.1141217
3.43098,10.419185
0.0,2.1141217
0.0,2.1141217
0.0,10.377083
0.0,0.29086542
0.0,2.1141217
19.7844,26.413437
0.0,11.07588
0.0,2.1141217
0.0,2.3878307
18.7678,26.750496
1.62318,7.9153833
5.34906,1.3923142
18.2965,19.430582
0.26033,25.586132
0.0,1.3164706
654.473,176.89882
4.252,7.590458
0.0,2.1141217
19.3857,12.836405
27.5158,21.92455
55.2517,39.6748
3.1115,-4.4787683
34.6455,100.87415
0.00788695,4.821404
15.3164,6.464204
5.57964,16.015026
6.37074,48.74907
2.15402,10.534335
0.0,4.7411222
0.0,2.1141217
0.0,0.8816743
71.5502,2.6035898
42.7111,32.134922
0.183172,3.0982223
7.24983,35.124447
8.06611,11.620046
0.0,2.1141217
0.0,1.9281795
10.919,12.090957
27.6481,2.1141217
6.41882,15.31948
0.0,2.1141217
0.165792,-1.761796
6.4931,5.995144
24.8285,-5.9660645
1.01234,18.030445
0.0,2.1141217
26.9925,12.919643
20.3821,9.068138
11.5976,30.626543
14.2404,1.0983262
0.0,2.1141217
7.15902,52.55598
0.0384907,24.5413
0.0,2.1141217
45.4518,15.72803
84.2655,21.479305
0.0572685,2.1141217
0.0120289,4.707614
0.0,2.1141217
0.00532618,2.1141217
0.0609834,2.1141217
0.0,2.1141217
9.11947,36.816555
6.34516,2.7713957
25.1649,17.245846
0.952204,25.985994
0.0,7.265312
22.0206,8.511662
1.62503,21.643764
0.0,1.1844966
32.2663,18.915112
4.23809,15.790274
14.363,17.065
0.0,2.1141217
0.168818,1.4772584
0.0,-0.2840159
2.87073,8.901865
0.0229089,1.2316391
0.0,58.386227
7.13458,16.655676
4.11632,18.263529
49.2648,20.870726
0.0110302,2.1141217
0.0,2.1141217
32.2509,23.66734
1.67315,-6.865896
8.26423,20.437159
0.141643,7.7703295
0.494796,11.167752
0.0,2.1141217
6.05584,5.994069
20.2579,23.012753
0.197961,-2.1032856
0.0,2.1141217
0.0,2.1141217
0.00703583,2.1141217
0.218488,2.1141217
2.30486,8.999922
6.11847,2.1141217
0.0,2.1141217
0.0,-2.634526
0.00575578,2.1141217
0.0,2.1141217
0.0,2.26317
0.0,2.1141217
0.0,2.1141217
99.9679,40.763313
29.0844,20.506618
72.3697,2.1141217
0.0,0.29086542
0.242017,1.3570955
0.0,19.300432
5.52068,-3.9367893
0.0683978,61.18591
2.90771,7.3436146
3.42946,12.508247
17.1223,31.58688
0.0,12.629026
0.0503724,-0.7069156
0.0,1.864835
0.0,1.5282185
0.196991,6.05783
16.1769,22.399872
1.72756,21.970518
0.0,0.56568265
54.4611,22.089474
10.5992,1.3384106
36.044,13.455043
0.105136,8.289624
1.98644,38.79511
0.0,3.2658224
0.183023,-0.3993194
6.02408,19.52861
11.2459,14.131247
0.16082,17.357073
0.0,2.1141217
67.9757,-0.29560685
5.64921,1.857413
12.4639,2.1141217
2.23965,9.364363
1.55944,20.548103
0.0,2.1141217
0.0,2.1141217
0.0137095,2.7634902
118.592,23.316647
4.02535,49.133804
0.380248,2.1963336
27.5933,18.794815
0.0,2.1141217
5.39369,11.236436
19.2937,37.267494
0.489444,16.648016
14.8363,8.069787
0.0,2.1141217
0.0468538,61.18591
0.539552,2.1141217
0.0,2.1141217
12.6563,19.334057
0.13732,4.542409
0.0230888,2.1141217
0.0266381,-8.340513
16.2573,26.514914
37.887,2.933278
0.0,26.103592
43.0722,32.663094
2.90635,13.125197
6.77438,1.8419385
10.5992,1.3384106
0.0,0.7349374
0.13315,4.8581104
100.183,44.932846
0.0115644,2.1141217
12.3122,7.80099
26.0107,21.343384
0.0,2.1141217
0.0,1.527014
0.0,18.051956
10.2515,2.013378
0.0471918,2.1141217
73.5802,29.253323
0.0125551,2.1141217
0.0,3.5639863
1.92986,1.9412405
0.0,2.1141217
0.0,2.1141217
0.611819,2.1141217
1.9224,17.082733
3.68977,6.2716837
0.75264,8.164414
8.61474,22.044437
0.0,41.218708
2.0464,2.1141217
0.709381,-1.4036467
57.7646,43.529095
0.97247,5.533186
0.0349215,30.793034
0.0,2.1141217
0.0,2.1141217
0.0,2.1141217
36.7901,11.222703
89.6832,48.062916
0.24238,14.908818
0.00968093,2.1141217
0.803882,0.078888655
0.0,9.23144
0.205377,5.4409432
17.9806,69.23782
8.20958,19.867794
3.62445,-7.589018
18.24,4.531988
0.0649567,1.6698534
0.0,0.47739875
3.01422,17.830345
9.27328,-2.8993943
14.2189,4.4441996
0.184863,26.120579
0.0,2.1141217
0.306576,9.387284
0.0,-4.144415
0.699727,8.888712
21.8819,20.460121
0.0,2.1141217
32.5781,18.754772
41.3471,9.370707
9.33523,-3.171036
0.0703577,0.9568136
0.682235,10.921738
3.41305,23.565973
0.0,2.1141217
95.6333,148.75148
8.33035,5.915943
17.6696,10.100707
0.0,9.392183
0.0,2.1141217
1.17427,8.959245
6.84802,16.906874
120.835,135.09126
11.3911,19.992884
0.0274204,2.1141217
61.2563,24.806034
0.0310379,2.1141217
0.0,2.1141217
8.44341,-2.7970178
0.051393,2.182158
0.609691,-2.9808486
32.5668,2.1141217
42.4463,19.44992
0.0,2.1141217
2.3241,7.7794523
9.95858,23.697495
0.0,1.5295784
4.53626,18.481121
26.8887,19.319578
57.049,2.1141217
45.2152,8.1445465
24.9386,8.622451
6.32595,23.215714
26.1965,23.195505
7.5427,45.81317
3.92962,-7.790761
2.20574,12.7761135
0.536926,2.1141217
26.145,18.89468
16.6586,6.489355
5.19622,8.844833
8.26953,14.980666
4.3151,17.286629
19.4241,12.33274
0.0,2.1141217
0.0,1.467035
98.2557,9.893525
35.0216,34.536022
31.8925,-5.71393
0.0,2.1141217
27.7354,47.09924
0.847076,7.6107874
0.0,2.1141217
0.2253,-39.289333
1.06258,3.1960177
25.5367,20.18131
0.0978433,2.1141217
3.62445,-7.589018
1.5047,5.808461
34.0699,9.417664
22.6518,11.323427
0.0,2.1141217
0.0705002,10.377083
0.0302849,20.460423
0.0381735,2.1141217
16.4448,21.654411
13.1349,4.702815
21.1686,2.1141217
0.845482,4.848382
0.0,16.225918
4.12461,28.589054
11.0919,8.827566
11.3911,19.992884
13.3919,30.057243
0.0,2.1141217
0.685934,5.1369324
0.0,-3.8556898
1.34405,30.793034
5.16592,0.91183114
3.38631,25.592646
11.566,3.4195948
0.254666,2.9586818
0.0,2.1141217
4.57112,48.96494
0.0718392,3.4720197
26.1965,15.0522585
0.0136227,2.1141217
0.3569,6.82255
2.32304,6.481143
0.70454,18.046402
9.65741,14.231286
0.0239684,2.1141217
0.0146069,2.1141217
0.886279,2.1141217
0.0,2.1141217
15.9103,19.95828
1.20083,4.4467125
0.0,2.1141217
0.0,2.1141217
3.45836,9.920287
0.0533205,2.2802076
138.872,9.09865
8.68572,7.7724276
9.97059,12.779553
28.1376,12.335235
0.0,2.1141217
10.2526,0.10518193
4.01418,27.563217
21.7912,12.373834
1.30596,29.778143
3.80123,56.65749
0.0,2.1141217
37.5404,22.421799
0.0505051,2.1141217
2.85794,24.860943
8.46703,23.149986
5.80388,20.425627
0.0,8.901161
7.75683,1.5112829
0.0211065,2.1141217
0.0,18.607054
6.61661,8.953059
0.390753,16.914639
0.205377,5.4409432
2.38675,29.207705
0.55758,-2.086001
4.5581,1.7017577
17.5005,21.325544
2.36271,14.119567
16.7044,24.03796
2.30816,18.98362
194.475,15.637289
0.0,2.1141217
0.0272644,1.2445958
0.0219642,3.3234959
11.4922,44.986988
1.3851,26.398607
0.0,2.1141217
20.3765,12.939656
44.0179,13.652997
0.0,14.920226
13.1998,8.032313
0.0,1.8214407
0.0578393,8.91982
21.4343,26.125593
0.089359,36.06913
86.9453,71.757866
0.0,2.1141217
0.0,34.55755
1.31869,-0.23684895
32.4577,3.935332
31.889,21.893522
0.0,2.1141217
45.1614,19.076237
0.0,2.1141217
4.29189,12.931564
0.0,2.1141217
0.0534402,0.13823962
26.2397,23.664385
0.0,2.1141217
0.0,2.1141217
9.40349,26.052723
0.734255,4.891997
0.0,2.1141217
16.8671,23.226162
2.6963,11.353447
14.8916,13.735548
2.73699,6.8754387
0.0,2.587566
0.0,2.1141217
0.0,0.59498954
1.65003,2.8395424
5.78529,36.91121
197.497,9.693795
0.747373,2.1141217
0.0,2.1141217
0.0,2.1141217
0.0,1.4819174
0.0,2.1141217
0.0,2.1141217
7.00099,2.946893
0.0,12.429694
15.4888,2.1141217
23.0886,44.73193
0.0,2.1141217
4.545,9.898188
1.42763,1.1289244
2.02329,7.585228
0.0,2.1141217
0.0,2.1141217
34.1317,47.019352
0.319678,5.4232626
0.699426,2.1141217
0.0,27.349953
2.22496,23.561405
0.0506783,2.1141217
2.93284,4.2865295
0.124035,2.1141217
0.0,2.1141217
0.721388,3.0755212
23.2925,9.616488
7.13458,16.655676
4.87841,61.91255
0.0503214,2.1141217
11.9358,11.174649
18.4408,22.56183
7.14585,4.917487
0.83686,29.526554
2.74106,26.276852
10.4071,2.1141217
0.0441422,7.1715965
2.29766,34.152134
0.0,2.1141217
0.0,2.1141217
0.535877,4.737774
1.66884,5.6076317
22.6392,22.235886
0.130615,2.1331263
1.69518,-2.701555
7.20599,13.596672
0.0,2.650937
84.784,64.04007
8.78718,8.207854
0.0,2.1141217
3.7689,3.7712471
17.5729,24.254318
66.723,19.307571
3.3563,41.11749
40.5102,42.941402
0.834837,-0.4032607
0.0,2.1141217
0.0,2.1141217
66.0095,23.907263
0.0,2.1141217
0.0,2.1141217
15.0344,6.999872
0.158856,2.1141217
0.0,2.1141217
3.86845,10.794506
0.0,2.1141217
0.885176,21.284657
1.82111,2.1141217
6.31848,5.423787
41.4786,46.66471
12.3578,16.102467
0.0130207,1.8704488
751.657,466.97546
0.346404,0.078888655
0.0,0.15757513
4.86847,2.1141217
7.65143,14.820606
0.0,2.1141217
0.751724,-8.059416
8.4425,13.405335
88.7445,11.455608
0.0493707,3.7206247
20.3765,2.182158
0.117648,46.01247
37.7718,24.386005
0.0,2.1141217
0.0,2.1141217
0.0,2.1141217
0.0,-2.634526
4.52996,21.284657
0.0,2.1141217
0.0,2.1141217
7.08421,4.8179226
0.518322,14.82258
428.302,2.1141217
0.0,2.457545
6.60746,40.61903
0.0,151.90787
56.7611,4.425946
1.20655,23.297472
0.699279,2.171344
0.0,35.58236
20.3765,2.182158
14.0942,17.376543
20.6806,35.877663
0.125719,1.1606264
0.153151,5.6155186
0.0,2.1141217
1.00717,2.8747485
24.9296,0.47007155
0.121209,2.1141217
0.0362889,2.1141217
12.8639,-1.225842
1.63946,9.653333
16.8505,31.441113
0.0,2.1141217
0.0,2.1141217
0.0789774,0.66169405
0.0,2.1141217
0.0322104,21.859512
0.0610322,2.1141217
0.0,2.1141217
0.230925,5.856879
0.0,2.1141217
49.8151,10.830307
0.0,2.1141217
0.0,2.1291945
0.0,2.1141217
3.5795,1.7563076
13.5237,15.2522
0.0,2.1141217
9.28526,-3.177852
2.7153,-2.19611
1.81068,12.073617
15.8731,28.642502
7.63668,28.695808
4.50339,13.671357
0.0129911,2.1141217
9.20009,6.128113
0.0,3.2084723
0.0,2.1141217
19.3196,10.028743
0.0,2.1141217
0.0,0.5771313
0.530209,-2.4328406
0.0,2.1141217
7.71497,12.45251
0.349096,2.1141217
0.153509,2.1141217
0.0,16.535696
0.0,18.00283
10.0219,34.98993
0.0,2.1141217
27.2787,17.621975
0.55758,-2.086001
1.10776,-4.7143507
0.220706,5.007592
0.318214,4.641981
12.766,7.3672657
11.3947,16.321802
10.9794,15.435817
10.5081,5.1291513
0.0,2.1141217
20.3765,0.29744983
19.6408,15.626292
10.7675,22.607895
0.0430212,2.1141217
0.237022,35.798004
34.1565,44.197502
0.0,-2.3862267
4.4391,15.682866
22.6518,11.323427
5.05382,22.945126
0.069534,2.1141217
0.0735954,2.5702555
15.0913,38.378628
49.2648,20.870726
14.399,19.856003
0.228301,19.476517
41.1289,32.326847
0.0481385,11.404849
0.0420308,2.1141217
19.3477,38.29455
0.0,2.1141217
8.4425,13.405335
0.0,2.1141217
12.9157,3.3704975
19.1878,23.0625
0.169882,-10.933797
8.74247,12.174203
0.0,2.1141217
0.0,25.712742
0.795791,2.1141217
5.90117,10.287447
0.942564,14.681467
0.0,-5.8510265
11.7739,4.382701
60.3985,62.8472
45.9377,35.232307
11.0977,-1.3001394
11.8289,16.900154
0.0,8.334756
0.0,2.1141217
0.0124043,13.379887
0.0,2.1141217
0.0,2.1141217
16.2018,8.163723
0.0293181,-1.0058887
90.8729,8.554103
0.0,2.1141217
3.48253,2.1141217
0.0,2.1141217
8.24252,15.425185
0.0,2.5846238
5.09901,6.0814238
17.9272,11.98941
13.6708,8.523897
0.0,2.1141217
0.0,2.1141217
5.39411,16.962301
123.482,133.57274
17.0383,13.449593
24.4512,7.553067
9.56915,7.45207
2.59898,1.9284613
0.0145016,1.7631772
2.18394,-0.22078109
0.0261254,2.1141217
0.058586,2.1141217
0.0,2.1141217
9.4149,22.957647
38.012,12.836405
0.377169,2.1141217
1.54195,21.575893
0.0,2.1141217
0.0,2.1141217
3.08732,2.1141217
5.16818,13.174434
9.33523,8.05382
0.0593326,45.81317
2.47507,33.652344
0.0,2.7744374
6.32595,23.215714
3.02366,2.1141217
36.9143,14.88445
3.8283,10.244259
5.64967,14.811035
0.488137,2.1141217
11.5815,1.4625089
0.348336,12.428775
3.69528,8.890026
0.0123709,1.5912416
10.0115,14.523519
9.57747,27.962349
317.826,155.04575
18.8462,13.676598
5.57721,5.2003517
0.0,0.29086542
7.11917,1.8204663
0.0,2.1141217
0.519642,2.1141217
7.84176,42.07466
0.535877,11.669469
0.0,2.1141217
46.1519,0.34312344
15.4143,12.880393
0.0196105,2.1141217
0.0,2.1141217
0.0,2.1141217
53.5033,4.1290407
13.6658,-4.9662743
0.0218479,2.1141217
17.2254,15.327314
5.06028,12.486291
0.185092,-3.464836
8.56692,-0.5591302
0.0,2.1141217
0.0,2.1141217
18.2965,19.430582
7.76466,-2.4397392
0.645114,2.1141217
0.0,-1.7692297
0.116668,6.542513
0.0263083,2.1141217
17.8849,1.1711433
0.0,1.4800501
45.2152,8.1445465
3.75554,19.994993
2.61769,110.391716
0.0,2.1141217
0.0,2.1141217
17.6696,10.100707
13.4667,11.704222
14.1541,7.628742
0.148443,2.1141217
0.147257,2.1141217
6.80099,11.832628
40.1471,8.348162
1.07475,2.1141217
6.51382,15.140662
8.71518,2.1141217
13.3605,10.915148
6.12208,9.809691
7.50482,1.982399
5.90059,6.4010057
0.0,0.31254005
0.0,2.1141217
0.0,2.1141217
0.0105662,-0.69649386
0.0,2.1141217
5.75256,16.679386
3.93496,6.390974
0.0,2.1141217
17.8586,4.8441076
0.55758,24.796005
74.4531,74.89123
0.030774,1.4754741
0.0,4.860505
0.18877,10.759589
0.0,2.1141217
0.0,2.1141217
38.704,7.384486
0.444784,2.1141217
23.9847,32.476936
47.1426,36.454002
0.0438265,1.1760001
0.0315748,-0.7187896
0.0,2.1141217
0.0274204,2.1141217
0.0,3.1936011
3.72617,18.0604
3.92962,-4.2409534
9.36233,2.9015365
0.0,2.1141217
6.10661,12.069366
64.9261,27.562447
0.110281,2.1141217
11.3911,32.363533
26.9954,8.657786
5.52028,34.82929
0.395607,2.2002633
0.0,2.1141217
10.2526,0.10518193
2.89538,36.727547
0.0205246,2.1141217
0.0,0.7688017
0.0,0.29086542
1.14478,16.100048
0.0897234,2.1141217
18.7259,17.424276
60.0505,35.794178
89.6832,48.062916
0.0145899,2.1141217
293.299,93.2756
23.8582,7.922347
0.519284,2.32166
0.0,2.1141217
0.0383336,25.096664
52.0819,5.145871
0.683661,2.1141217
0.505088,93.2756
17.7008,30.508253
41.9503,64.75972
0.0,2.1141217
10.0159,-1.9187844
0.0196327,2.1141217
11.566,3.4195948
0.0,0.24352527
4.21751,4.613679
0.0281779,2.1141217
0.503129,3.9806893
1.93037,3.8854482
25.3032,24.920248
0.0629123,10.516346
0.0,2.1141217
13.4078,16.94414
23.0654,1.8024015
0.113443,26.454733
4.82808,21.654207
0.0,8.76058
0.0933876,3.1861737
3.80485,11.790348
0.0713469,2.1141217
0.0,2.1141217
0.0,2.6078255
3.68977,6.2716837
0.0362957,2.8887582
0.0,2.1141217
0.00673864,2.1141217
5.72192,1.9631965
0.0,2.1141217
0.0,2.1141217
0.0,0.7942822
1.19568,17.029716
0.0,2.2675853
186.227,8.304112
0.0,2.1141217
4.6505,31.949331
2.81786,19.818373
0.0,2.1141217
0.129077,5.2003517
0.834837,2.1141217
17.5578,20.743767
4.55654,9.206421
54.8596,58.96626
92.8442,42.681118
11.5285,10.139628
0.0,2.1141217
0.0323811,7.968055
32.7516,37.902935
6.4931,5.995144
0.0,-2.634526
0.0,2.2632823
17.9272,11.98941
17.0709,2.1141217
0.110217,2.1141217
2.26045,2.2282217
0.0,-2.634526
0.0382119,2.1141217
11.5061,11.981066
0.0,0.32187057
1.40205,39.51333
0.0,16.645258
0.360438,-1.0823755
0.0,2.1141217
0.0683978,61.18591
0.0198511,2.1141217
6.94553,23.357174
4.13278,4.818945
73.5802,29.253323
7.28997,12.212889
12.4457,14.838422
0.259435,2.1141217
0.101265,22.877893
0.226083,2.1141217
22.2086,11.035192
0.0999994,24.3035
0.68252,11.430261
4.33623,10.294889
0.0359843,2.1141217
39.5207,32.9759
0.0,8.763798
11.308,5.8153324
0.0589175,2.1141217
86.0813,16.183014
0.0129563,3.9587405
19.3196,10.028743
36.9143,14.88445
0.0174285,2.1521823
28.3842,8.458029
0.403338,0.24238682
0.0841203,1.4425433
17.9208,7.1052723
2.15402,10.534335
0.0,2.1141217
0.0,2.3374143
32.8867,32.37284
11.925,13.343078
0.0,1.1570115
9.42536,25.668005
7.88359,-1.3921068
0.0,1.8255048
0.0289529,2.1141217
0.0,37.46197
4.52728,19.076237
35.0216,34.536022
10.2968,3.6999643
14.5538,22.840694
10.5992,1.3384106
1.99982,36.07431
18.9817,11.505215
0.0,2.1141217
0.0903813,2.1141217
0.0324437,4.895095
0.0,2.1141217
0.0355143,1.5652723
0.0,2.1141217
1.7788,21.749355
0.0,2.1141217
0.0983347,2.1141217
0.0,2.1141217
12.9993,15.3572855
23.6752,43.52218
0.0224391,2.1141217
0.0,2.1141217
0.0,2.1141217
0.0,2.1141217
0.0,0.051113367
0.0753003,2.1141217
0.0,2.1141217
4.12061,2.1141217
1.78476,33.84065
27.3319,2.1141217
0.932083,2.1249511
1.32179,5.301935
0.0372422,4.0221004
18.1842,22.51697
22.0206,15.729869
0.0,2.1141217
0.0,2.1141217
0.299025,4.0487194
28.3925,10.527169
18.2676,1.034899
1.45705,21.390472
0.0,2.1141217
0.0,2.0856354
44.9703,27.443022
32.6296,36.791588
181.385,61.18591
3.28353,16.108603
8.18259,43.631397
0.967653,1.3084719
1.49482,62.21651
12.9585,0.81775594
0.0,2.1141217
9.31878,11.312515
8.19347,0.7896745
5.69682,48.465637
0.0,2.1141217
7.44745,33.37744
5.39411,16.962301
0.0,2.1141217
1.24542,2.316946
2.52507,2.047046
5.22933,11.709648
0.0,-1.0670235
0.0,2.1141217
0.839133,0.82010317
60.4376,19.620708
11.0977,-1.3001394
0.0335017,3.3389904
35.0216,34.536022
4.10174,7.5262365
0.0629288,2.1141217
0.0,2.1141217
21.9927,22.145355
0.0,0.024073124
0.092315,1.3941808
0.189148,30.154346
7.49652,21.128532
0.0285757,4.8637643
194.475,73.59432
7.00152,-8.205176
13.8527,21.68448
0.0,2.1141217
13.443,16.012505
0.0,2.1141217
36.2545,4.8430624
0.0634421,5.0177507
0.427559,130.16856
95.38,75.97858
1.06761,7.20407
0.0464147,2.587566
0.0,19.282736
25.1238,114.40177
0.0,30.371185
3.51618,17.867952
1.73733,1.9741108
0.0,2.1141217
0.0,2.1141217
5.55705,151.85214
8.49649,16.17809
95.5694,46.040302
1.31759,11.335125
19.5991,37.51185
6.01797,24.374374
0.0265841,2.1141217
3.80485,11.790348
0.0,39.43091
4.3827,2.0551193
0.0,-0.5290632
0.0,2.1141217
7.78329,0.34148574
13.9068,31.568516
0.101652,20.334608
30.4835,2.2513356
6.71487,-4.015747
0.0,2.1141217
0.0179047,4.7071433
21.3463,18.96202
13.7987,15.871144
10.7625,17.010515
0.55637,2.1141217
5.32794,39.405
0.0,2.1141217
229.09,84.15299
4.03114,6.4498043
139.212,27.883862
67.7254,19.630344
4.74985,1.9156694
5.52068,-3.9367893
4.9399,22.711828
15.8834,41.732845
71.5502,2.6035898
10.5154,22.084417
8.78718,8.207854
29.961,37.442562
0.207055,13.396178
55.562,4.520793
5.02841,0.66490173
1.14091,10.556384
48.3711,18.554947
0.0544411,2.1141217
0.0,2.1141217
0.00478567,1.4275918
0.349331,8.2765875
1.66252,-1.8562982
0.0258409,2.1141217
0.0,2.2510014
3.60053,3.4021785
0.0231124,1.6491513
0.28357,16.321802
0.0,2.1141217
0.0,18.00283
4.58484,-1.335083
16.4448,21.654411
0.0,2.1141217
0.0,2.1141217
18.9655,-1.7686846
7.53906,36.00001
0.231132,21.36838
0.0,2.1141217
0.0,2.1141217
0.0,2.1141217
0.0643545,2.1141217
2.36926,11.211113
135.8,9.421543
13.234,17.20741
0.0,2.1141217
0.0,2.1141217
47.6788,14.586855
1.55834,128.13774
1.9342,28.6583
0.0,2.1141217
3.78142,18.060768
0.0,2.1141217
0.0,2.1141217
0.02025,2.1141217
11.879,53.59527
14.3224,3.8547902
16.651,6.9716806
24.5863,0.69926
13.3234,18.9626
0.0413769,2.1141217
0.0,2.1141217
9.4149,22.957647
29.1625,8.818016
0.0,2.1141217
0.111054,34.723335
0.0498663,1.0493445
158.364,63.424587
4.76267,29.043724
0.0562142,2.1141217
0.0186084,24.739529
8.24868,15.097581
3.55067,21.806274
0.966778,9.476464
14.797,5.468561
1.59871,10.498689
10.479,4.783038
0.0,23.261015
0.0,25.712742
0.923912,2.9984212
0.0,2.1141217
0.0,2.1141217
0.0390394,7.2096815
0.0,2.1141217
0.323331,2.0528293
0.0120871,2.1119206
0.363451,1.7908373
0.0,2.1141217
0.68252,11.430261
0.0,9.106105
0.0,149.97255
3.4621,30.181307
0.096906,2.1141217
0.0,-5.995919
11.9212,36.451904
5.34906,-0.7069156
1.32143,-1.3001394
18.2853,11.07588
52.3091,22.938303
7.5882,53.987846
1.06105,24.720905
13.0129,13.492628
0.156968,2.1141217
8.10573,2.1500964
14.0127,36.444813
0.026868,2.1141217
0.0,4.2666564
0.00805205,5.0419703
0.0105662,1.3923142
0.0,2.1141217
1.7845,1.3026521
2.17957,-3.8556898
0.0,2.1141217
0.10863,1.24249
3.08732,2.1141217
2.61957,9.912817
7.90092,10.458313
20.3666,23.820892
0.31996,9.898188
6.86627,40.482403
0.0,2.1141217
0.0239684,2.1141217
0.0,3.0628848
1.01876,5.109956
0.0,2.2076924
0.542442,2.1141217
0.0244684,2.1141217
0.0,2.1141217
5.7861,1.0592062
9.14964,9.132153
7.96072,-1.9187844
3.46771,17.01775
0.829006,2.1141217
5.45671,14.163946
14.8348,7.557605
52.2343,45.36385
5.39369,31.991062
0.0,20.410673
0.0665804,1.3362634
160.161,76.77027
28.4723,28.036291
0.0,1.1844966
0.0,-3.7115495
0.0,2.1141217
0.0,10.647904
26.1965,15.0522585
43.4767,24.799675
0.0883291,0.22805774
0.0,2.1141217
4.252,7.590458
17.3229,57.19273
0.0,2.1141217
0.034088,31.424974
12.3578,16.102467
0.138031,2.1141217
0.0,19.476517
4.98572,9.822929
0.232211,1.5633714
17.5554,49.313316
0.0,2.1141217
26.5832,1.2577598
10.8169,9.909786
0.0,30.131905
3.28353,16.108603
0.0,5.9541464
16.4448,21.654411
0.0,1.2836053
115.406,39.465214
68.0121,14.353573
16.2353,2.1464055
155.242,55.283123
17.542,30.793034
7.88359,21.519276
1.58039,2.1141217
32.6296,36.791588
0.0,2.1141217
0.0254356,2.1141217
0.0,2.1141217
0.0501567,2.1141217
86.3551,75.20783
0.0,15.279182
0.054314,0.14989567
13.1413,10.946456
0.0,2.1141217
0.0,2.1141217
0.0339269,2.9287934
33.0627,6.9040947
0.0,2.1141217
0.033392,3.2515829
0.0,2.1141217
5.65498,16.596039
0.0,2.1141217
0.353415,2.1141217
0.0,2.1141217
0.182954,2.1141217
0.0,0.34622085
25.6865,23.996323
12.3578,16.102467
0.0,2.1141217
0.0,7.331991
0.0,2.1141217
4.85574,16.922182
0.101507,2.1141217
15.1388,11.167932
0.0643346,24.618435
12.6332,10.91179
6.77438,1.8419385
0.0,2.408522
5.34906,-0.69649386
89.9161,46.94812
0.700818,0.42691803
8.26953,14.980666
0.0,1.5012152
0.0,2.093198
0.0,8.365119
0.0209461,2.1141217
0.0,2.1141217
0.01378,-0.90776896
0.178423,1.1983473
0.0,19.957119
0.0667464,1.6505287
0.0633151,2.739288
37.887,8.137612
0.0,2.1141217
0.0144449,1.3259263
0.0444264,2.1141217
0.0867852,-0.34851575
46.1337,32.426346
0.0,5.309065
18.301,15.108539
5.18211,6.0943203
2.26397,2.1141217
0.278283,2.1141217
22.0206,15.729869
0.52367,40.57142
5.15777,12.134303
0.0139038,2.1141217
71.9291,7.754325
13.509,8.925465
36.8233,18.9626
0.597943,2.1141217
0.128067,4.564385
0.0,1.6491513
0.182946,0.69926
1.67192,-2.7970178
0.00775797,2.1141217
2.59898,1.9284613
0.0,4.18683
0.132043,2.1141217
9.85463,18.591795
0.0,2.1141217
16.2904,12.18266
0.0,2.1141217
0.334246,-3.44968
21.5036,16.392014
0.0,2.1141217
47.1426,36.454002
1.67192,-2.7970178
2.08647,12.347754
0.430106,23.220432
5.30943,11.46157
77.4792,47.29542
5.39411,8.383818
0.0,2.1141217
0.0,2.1141217
0.0,2.1141217
0.0,2.1141217
66.5703,4.818945
0.0,2.1141217
7.56531,4.1294327
1.71906,23.428162
0.0,2.1141217
0.0,2.1141217
0.72781,-2.783262
0.0289529,2.1141217
0.974143,23.952246
70.3835,48.861767
0.0,2.1141217
50.4199,36.242344
0.0,10.610669
49.3187,27.995983
0.665645,4.101246
0.0,2.1141217
0.0,2.1141217
0.0,2.3012564
18.4408,22.56183
0.0,2.1141217
35.6337,10.043649
0.209847,53.59527
0.0629288,2.1141217
16.2677,30.181307
2.70478,14.681173
0.0,2.1141217
0.0,2.1141217
0.0,2.1141217
0.0,2.1141217
0.469417,2.1141217
0.20815,2.1141217
89.2021,14.958444
13.7987,15.871144
0.0,7.2449627
19.0957,13.802456
0.0,8.76058
43.0166,31.81858
26.1605,4.085552
0.146754,13.940641
15.0214,44.816326
0.0129563,3.9587405
0.0,2.1141217
0.0,2.1141217
13.8431,25.376982
8.71047,15.744869
9.99881,12.241067
12.115,22.711828
228.807,232.03015
15.0968,9.610042
8.24252,15.425185
0.72045,11.347529
0.0,2.1141217
0.210907,2.1141217
0.0,2.1141217
0.0,4.093458
0.0,2.1141217
2.59677,1.3637285
0.792368,-19.363539
2.86907,27.623796
0.0,2.6472225
0.0,2.1141217
1063.86,549.2233
0.477638,34.52274
0.0,2.1141217
49.3187,27.995983
0.0,2.930811
0.0,2.1141217
0.387361,10.59468
15.842,18.380703
38.3952,24.066763
9.4149,22.957647
0.0,2.1141217
0.0,2.1141217
0.0,2.1141217
5.47233,12.512979
0.0,2.1141217
0.014177,2.1141217
0.55272,21.98602
0.0,4.860505
33.357,15.230395
0.227111,2.1141217
9.40349,26.052723
2.54224,5.6706495
36.1719,38.79511
0.0,2.1141217
0.0251359,2.1141217
0.886348,2.1141217
5.16169,9.63075
1083.88,38.913654
0.0134494,-2.4482207
0.0,1.6333606
0.0373148,2.1141217
0.0,1.4856396
4.0341,8.315525
5.34906,-0.7069156
73.2579,56.38516
0.0,2.1141217
0.0,2.1141217
0.0,2.1141217
7.72727,12.537587
0.535877,1.6731446
90.9355,34.432293
0.647028,61.18591
0.456626,6.2849874
8.25858,0.33916163
11.7739,4.382701
11.6675,9.149248
13.1278,-2.9826324
0.0,46.772343
174.296,219.157
0.0,2.1141217
6.84802,16.906874
1.20174,5.856879
134.521,18.590302
28.244,25.790836
13.6708,8.523897
0.535877,1.6731446
22.6966,24.621618
82.1792,15.382724
0.0,2.1141217
0.0,-2.762883
0.0,2.5932803
0.134363,2.270281
0.02025,2.1141217
11.6114,20.631374
0.0,2.1141217
0.0,2.1141217
0.0,-4.3565397
0.404285,30.049988
22.0206,20.53613
26.1965,23.195505
0.0,4.5372
16.2677,21.998775
0.836706,2.1141217
4.37095,-2.2910569
5.19622,23.13572
32.5668,2.1141217
0.0,1.1117935
0.0,10.640912
10.5733,12.446902
1.96582,8.474301
6.54888,13.816971
42.3715,76.219795
16.651,6.9716806
110.799,66.75547
139.129,73.70147
0.0,41.11749
0.0610322,2.1141217
21.9927,22.145355
0.0,2.1141217
0.0,2.1141217
0.0,5.234668
0.0,2.1141217
6.18583,6.9340506
18.2965,0.95551705
0.0897234,2.1141217
0.172357,6.8248844
0.0163062,2.1141217
25.8108,42.32584
22.0206,15.729869
0.0,2.1141217
0.0757449,2.1141217
17.1126,29.115883
0.0362784,3.6101682
7.5427,45.81317
0.0189998,2.1141217
0.18013,2.1141217
0.40315,1.4200249
0.0,0.29086542
0.0,2.1141217
46.7864,24.695724
0.0,19.38123
41.2784,40.068165
0.0,2.1141217
3.79881,20.49762
36.044,13.455043
16.8505,31.441113
16.1532,12.053571
0.16364,2.1141217
1180.83,611.996
0.0,2.1141217
6.7969,25.205208
0.0995542,2.1141217
16.8101,4.870427
14.0233,18.466518
8.49454,11.961121
4.0899,10.0767145
0.0,1.2150087
73.6452,30.775469
48.0989,28.032299
23.5343,-0.8614471
17.6696,10.100707
16.4165,8.888712
72.8693,93.71528
0.0,2.1141217
31.6155,25.654314
0.0103819,17.446726
4.85574,16.922182
0.0,2.1141217
0.0930373,2.466871
10.6332,9.724065
0.0733279,1.6033592
0.487577,2.1141217
19.5016,36.518604
96.1357,2.1141217
0.018194,1.7756801
37.7821,56.928547
4.67141,-1.9851012
73.3554,55.918507
37.887,8.137612
0.013013,23.070814
15.3676,9.869285
228.807,232.03015
25.1649,8.418391
2.05782,2.1141217
10.2716,34.47391
0.36302,-1.5593245
0.0,2.1141217
0.289089,1.3452747
68.9289,40.125473
0.0201684,2.4840412
0.571642,5.772444
0.0,0.800612
231.91,133.67192
0.0199723,2.1141217
0.295747,2.1141217
0.483763,8.571423
0.0413353,2.9185658
0.0285535,1.4239025
16.1543,5.606658
6.32027,6.5035286
0.0285757,0.41467452
0.0140005,2.1141217
14.1155,3.2499092
5.59409,2.1141217
4.10452,0.773679
0.0,2.1141217
1.25708,11.872974
0.0,2.1141217
0.143577,2.1141217
0.0230888,2.1141217
0.0,-2.634526
0.0,20.630749
0.0,2.1141217
0.500156,4.1355276
69.4026,306.149
5.17439,7.3024693
7.24983,35.124447
0.0,2.1141217
1.16659,23.261015
0.0252579,3.6917312
15.6971,14.381747
0.0,2.1141217
49.3187,27.995983
0.314698,14.523519
10.9119,16.126772
0.0,2.1141217
2.87811,0.59498954
8.32161,2.1141217
0.303486,2.1141217
0.409133,5.3551197
12.4884,4.7775745
0.0,2.1141217
10.1609,16.646482
0.0,5.254098
3.46595,11.313926
0.0,2.1141217
0.0310379,2.1141217
16.4448,21.654411
6.08398,28.95123
19.3196,10.028743
0.193852,27.217049
0.0261254,2.4261484
0.0,2.1141217
15.348,8.052019
1.05541,2.1141217
0.00808029,3.5235908
0.218525,0.54465675
1.69662,-3.12972
22.9634,24.288364
1.81713,1.4111121
5.39411,0.99042726
0.201977,2.6650717
38.7644,14.196477
9.26149,16.27571
0.0,2.5255709
0.0,2.1141217
5.05006,2.1141217
25.1973,13.202497
78.8657,74.31631
6.68585,2.9166005
0.766402,2.1141217
0.0,3.2865114
2.2831,21.026978
1.63293,4.052496
0.0,2.1141217
0.0,2.1141217
42.2534,32.606434
0.0,2.1141217
14.4733,10.811414
0.196355,4.5804896
0.0,0.58190227
0.669699,8.279618
0.0,2.1141217
0.0,-2.239937
0.0,2.1141217
0.0,2.1141217
3.5795,1.7563076
0.131497,2.1141217
0.03749,2.2296555
0.0,2.1141217
12.8278,0.380116
7.11185,10.846306
0.0703373,2.1141217
46.9646,21.30013
1.74564,8.471891
0.0165132,2.1141217
0.586897,12.601313
27.4069,20.97514
0.0131004,2.1141217
0.0,1.9214756
6.95536,21.482521
3.67181,4.305233
1.43893,42.744797
0.0,0.24352527
10.0053,-46.618153
4.40566,10.408883
2.61851,6.09383
0.0,2.1141217
0.0,2.471035
0.0,-2.634526
66.5222,63.748154
0.0,17.446726
0.0719362,2.1141217
12.2933,16.416798
21.9927,22.145355
3.80921,106.24457
2.37312,20.259035
9.68664,10.584289
11.1947,21.916708
1.80628,15.073131
0.0,3.2658224
3.80485,11.790348
0.01066,1.4869483
4.37563,20.782557
1.02618,-2.9786527
0.0,2.1141217
28.1376,12.335235
96.6188,56.292416
0.0,2.1141217
9.06062,2.1899223
0.0115644,2.1141217
0.0,2.1141217
0.0,2.1141217
7.4921,14.656067
0.0683978,61.18591
13.2047,14.380448
0.290254,8.049791
26.8874,30.53358
0.839133,0.82010317
7.34953,4.440122
0.206719,1.0050318
14.6851,2.1141217
2.0112,22.51567
0.0,2.1141217
96.1357,2.1141217
3.12215,15.315433
0.0385982,2.4575686
0.0863636,8.317242
0.0,2.1141217
598.347,268.57544
28.2056,1.1837449
43.8743,44.035797
22.0829,2.1141217
10.0146,10.655471
0.0,0.1375947
0.0,2.1141217
5.83212,22.708881
14.1322,33.836975
19.9297,4.887971
3.5795,9.402138
16.9595,6.4695387
0.0296726,2.1141217
0.532077,32.1388
0.142454,2.1141217
0.181888,4.2609305
74.3385,58.945747
0.0129563,3.9587405
0.0,2.1141217
23.5057,21.816422
0.372758,7.4242964
3.72053,12.51063
5.7861,13.251761
0.0,30.918863
39.5927,29.24619
9.73486,10.99755
0.0341683,3.4492576
0.970146,7.2665014
15.8731,28.642502
0.0757449,2.1141217
0.0505051,2.1141217
21.9927,22.145355
5.80313,18.50914
0.0,1.2743697
0.19443,2.3049543
2.36965,0.7243568
0.0,2.021357
3.90281,0.98555636
9.51699,29.382378
3.07933,25.246609
6.8555,8.202877
0.0,2.1141217
0.0,13.343078
4.16915,22.320343
0.0,2.1141217
0.0,2.1141217
97.4455,13.742554
23.3684,6.064555
31.8361,23.172453
1.10621,8.803337
22.1656,50.077465
0.42647,5.3971796
7.66119,1.7908373
0.797986,-1.8792388
0.0,2.1141217
0.35243,0.520833
0.331106,2.1141217
0.0,2.1141217
3.41305,23.565973
0.225915,16.89824
12.0715,12.827571
0.0,2.1141217
2.2831,21.026978
0.0,16.209227
67.8708,2.1141217
23.3864,5.6360207
21.4862,17.224457
16.2353,9.763946
0.205377,5.4409432
19.1213,19.945032
0.572656,22.539371
0.0,10.640912
1.00021,2.1141217
17.4698,-4.20016
40.7339,16.791557
1.3366,5.775589
20.4762,19.173409
3.8058,23.524734
68.0183,49.06395
4.15016,6.6593018
0.0329641,2.1141217
7.88354,17.126055
0.0,2.1141217
0.286364,26.648865
0.766073,19.041386
0.0,23.261015
307.122,6.8878336
0.152411,2.1141217
0.0157707,3.1487815
43.9491,18.628426
40.1683,22.044437
13.3042,15.073131
2.30368,22.136734
0.0355143,1.5652723
0.0,6.8314457
126.095,66.08396
0.0,2.1141217
22.6392,22.235886
7.60944,-20.942436
9.26417,5.3010254
10.8052,2.1141217
0.0,1.6591423
0.0317711,2.3991416
0.0,2.1141217
0.0,4.650951
1.65003,-5.066473
0.0,2.067527
55.234,9.920861
0.0,2.5476768
5.87878,13.587939
0.0,2.1141217
0.0,0.5771313
0.0,2.091471
12.2934,21.067387
0.0,39.021313
0.0,2.1141217
0.0,42.177856
7.24983,35.124447
0.0310379,2.1141217
8.26953,14.980666
0.0261254,2.1141217
0.110945,2.1141217
0.0,2.1141217
7.1822,0.07409203
0.0,2.1141217
3.49067,16.743319
10.5992,1.3384106
141.193,35.72667
0.0120871,2.1119206
21.7949,7.363964
0.173933,6.9186726
6.43976,10.101254
0.0,2.1141217
22.312,7.131156
0.010401,2.1301005
7.93361,18.89825
30.3886,6.9360685
0.110705,2.1141217
16.4448,21.654411
5.78663,3.5001225
0.310805,8.983391
0.0,2.1141217
0.0,0.5771313
26.1965,15.241258
84.2077,48.983906
0.0,2.1141217
12.1678,2.1141217
1.0596,4.9789953
0.0159444,1.1025805
0.080121,2.1141217
13.7987,11.182519
174.296,219.157
0.0693409,2.3662195
1.67037,13.240232
0.0,0.6707423
0.116721,-5.5513115
5.78663,3.5001225
3.02061,12.273714
32.5265,2.1141217
0.0,1.3794901
30.6925,26.891708
11.9053,24.71589
0.564027,-1.2100883
47.4526,21.885277
7.22575,19.110567
14.8373,3.3277707
20.3765,2.182158
5.1839,6.9186726
0.0,2.1141217
9.26417,5.3010254
0.431208,26.125593
0.0,1.0983262
4.54406,0.6640599
0.0831002,2.1141217
0.0,2.1141217
0.0,-2.634526
25.7039,24.401169
10.6332,9.724065
23.7573,0.77236056
875.743,22.187134
17.5729,24.254318
23.8774,21.859512
216.012,21.498894
0.0,2.1141217
68.0121,14.353573
0.0,1.6612914
4.252,7.590458
0.0,2.0248256
0.0,2.1141217
8.20827,20.410673
0.0,2.1141217
0.0,1.1606264
0.0,2.1141217
0.299788,6.8086452
0.0,2.1141217
0.0065704,2.1141217
6.32027,6.5035286
0.0,2.1141217
0.0424993,2.1141217
0.0,10.640912
0.116517,2.1141217
0.0339982,9.898188
8.02989,10.28357
0.0,2.1141217
0.05843,2.1141217
0.0,2.1141217
0.692599,18.850994
0.0233216,13.832611
2.52583,6.014304
53.5739,1.7541363
53.4941,19.170685
0.534861,9.909786
0.0,2.1141217
0.0431546,2.1141217
34.0732,14.971354
0.298784,28.785095
0.430106,23.220432
0.0,2.1815078
0.00734836,0.22406101
9.98148,17.065
12.0095,28.419449
0.0591675,2.1141217
5.25943,10.326659
0.0,4.818945
0.0,2.3550985
13.0292,53.545925
0.0,2.1141217
0.0,2.1141217
13.5394,13.749336
103.886,13.437821
8.8137,3.5543869
0.196355,4.5804896
0.0,2.1141217
45.6011,20.253546
0.48296,26.51199
0.0,4.05832
0.0,2.1141217
0.0950008,2.1141217
54.0669,7.7579613
41.7138,17.081537
3.77614,8.985717
1.79176,-0.8614471
21.7269,0.29614902
10.6428,28.57281
0.0,2.1141217
16.1817,14.579251
0.0,16.162485
0.0,2.1141217
5475.9,2.1141217
0.0,2.265363
27.454,18.675934
0.0,2.1141217
6.44702,14.994535
8.30447,30.531797
0.0227273,1.5806906
0.0,9.898188
0.0930278,2.1141217
13.3722,15.606725
0.0,2.1141217
0.0289529,2.1141217
0.477638,34.52274
3.68977,6.2716837
36.891,-5.8510265
2.93284,4.2865295
17.5749,25.596344
0.0606786,2.1141217
0.0,2.1141217
0.0,1.0983262
26.1206,8.435011
4.05046,11.931605
0.0,2.1141217
9.33991,13.498984
0.0,2.1141217
0.845695,2.1141217
177.793,99.45475
0.0355344,7.1673803
0.0,2.1141217
5.1839,6.9186726
0.900053,20.228436
12.5304,0.87175536
0.0,-2.9264505
2.70478,14.681173
3.92962,-4.2409534
6.77438,1.8419385
0.0,2.1141217
0.0,2.1141217
0.0,2.1141217
48.918,43.606834
6.61334,70.038795
2.45039,5.284176
42.7882,32.617336
12.4457,14.838422
0.099321,18.863464
41.4786,46.66471
0.0,11.516248
53.3411,23.261015
16.6398,13.37946
0.0,31.208206
0.423672,4.8865347
135.281,23.845818
0.0,-2.634526
13.1864,25.19419
26.5636,7.176646
26.6832,8.903003
0.0,1.3025146
0.365548,1.5001705
21.811,5.6260357
0.0558077,2.1141217
5.47925,17.487225
0.0527068,2.1141217
0.099321,18.863464
0.0,2.1141217
3.46591,18.504114
1.79644,9.090595
1.69518,-2.701555
0.0,2.1141217
8.08271,0.6826718
15.7146,48.546688
3.32396,2.454959
0.138031,2.1141217
7.38977,4.9915714
75.4154,19.801426
26.0752,13.920688
9.83226,14.060397
1.58275,15.153686
33.061,19.344427
0.0,7.2248926
0.0,2.1141217
0.609691,10.495885
9.56262,2.3965082
41.0927,10.407796
0.0,2.1141217
54.8596,58.96626
0.05843,2.1141217
2.0161,8.457172
0.0239197,1.5735292
0.0786566,2.1141217
0.0,2.1141217
7.37709,21.919443
16.0071,36.876442
0.0,2.1141217
11.3499,24.06985
9.8197,8.897542
0.283806,2.1141217
0.069534,2.1141217
18.8375,26.710327
18.9655,-1.7686846
5.25244,2.545725
248.611,22.47459
0.0,11.092667
12.2679,28.990227
0.0137033,1.6542675
30.6237,28.706139
0.216623,8.644763
0.621602,6.589999
69.8534,11.051726
8.18569,14.285699
0.0,2.1141217
0.0,2.1141217
0.0,2.1141217
0.348336,12.428775
0.520391,23.561405
25.0795,11.000205
145.657,41.931957
7.42241,15.649251
0.0,2.1141217
4.17273,6.5554934
0.0,2.1141217
12.186,4.499382
1.99982,36.07431
6.03225,2.3256009
0.743623,16.494013
0.0,2.1141217
0.014401,2.3580024
0.0,2.1141217
0.233384,434.20877
4.252,7.590458
24.6134,20.79081
27.5158,21.92455
0.0158332,5.205822
12.5438,18.556225
0.0179047,4.7071433
0.214666,2.1141217
33.6491,4.705023
11.6269,13.381017
0.0,2.1141217
0.182791,2.1141217
0.0252579,0.733963
0.0,2.1141217
0.0,2.1141217
0.0,2.1141217
0.06429,3.0213017
11.7411,12.287051
7.18879,9.392183
0.196942,2.1141217
63.5438,24.261372
0.571642,5.772444
12.4882,2.5637379
0.051393,2.182158
0.0,2.1141217
0.0,2.1141217
46.7864,24.695724
0.0,1.3405097
0.0,0.46889877
6.51382,20.548103
0.0,2.1141217
0.02025,2.1141217
0.0,2.1141217
0.0227304,0.29086542
0.0252672,3.5053825
16.2102,50.450146
0.0,2.1141217
0.0,2.1141217
0.0146291,10.1314
54.4611,22.089474
1.06258,3.1960177
8.24868,15.097581
29.961,37.442562
0.0,4.0701766
57.9342,30.579731
0.0,2.1141217
0.0,2.1141217
14.9374,26.915056
0.0,2.1141217
5.29064,19.139114
16.651,6.9716806
0.0,3.2865114
0.612755,8.184753
9.17639,12.622117
286.647,22.422005
4.85574,24.678688
0.03872,2.1141217
8.58441,8.758278
0.0753512,3.8644674
4.52996,21.284657
47.3354,9.45949
0.0,10.59468
0.0,0.99635935
19.3636,24.441113
0.0,0.82010317
0.153703,2.1141217
24.5863,0.69926
0.52367,32.27368
0.21938,-0.94801307
0.0573763,17.252565
0.223302,3.6475482
0.324646,2.1141217
0.0,12.404754
0.0,2.1141217
0.0,0.054127216
35.7528,10.69263
15.1311,17.930079
31.6391,15.313945
68.9289,40.125473
47.0054,21.833992
3.80604,2.1141217
0.104588,0.3282764
1.21628,19.781853
0.0219642,28.17271
0.0,2.1815078
4.52996,21.284657
6.17569,44.11925
12.2934,21.067387
6.09922,26.16103
0.0,2.1141217
0.0,20.228436
12.1396,10.304553
1.78545,-1.5335376
15.8592,8.678621
0.0,2.1141217
3.09294,3.3590214
0.0855931,1.0702248
31.6466,35.105732
0.191738,2.1141217
0.0,2.1141217
0.0,2.1141217
0.0,2.1141217
0.080121,2.1141217
0.0,2.1141217
6.94088,40.224796
0.0,3.1008542
1.17735,7.868469
0.0,2.1141217
0.0,2.1141217
11.8606,19.314981
5.83212,22.708881
0.0,2.1141217
0.045982,1.7863524
0.0,1.2342758
0.0,2.1141217
0.0,16.369684
0.486084,17.357073
0.0,2.1141217
82.7146,33.638134
0.0,2.1141217
3.12215,15.315433
0.0,2.1141217
0.0806803,0.91115785
2.03327,2.635876
0.0297383,1.6926057
0.0,1.359339
0.0,2.1141217
0.0,2.1141217
3.42381,26.674381
0.0852943,2.1141217
89.6832,75.183846
6.57803,19.378431
9.95179,14.724149
0.0329746,14.761985
0.0,1.0926456
3.45025,27.386011
195.28,17.20854
1.25708,11.872974
45.9377,35.232307
7.03849,22.179356
0.0362889,2.1141217
22.0206,15.729869
21.6066,14.919477
6.93485,9.958323
0.0,2.1141217
6.70503,3.2093132
4.82437,0.22890973
0.473766,0.24263847
2.15402,10.534335
0.0,2.1141217
1.05032,36.451904
0.729187,-0.29921746
0.0,2.1141217
8.65669,13.799873
1.06258,3.1960177
4.52907,8.516584
3.41602,3.0882304
0.0,2.1141217
0.0,2.1141217
0.814287,11.453752
0.0,2.1141217
0.0,2.1141217
14.2975,10.516074
10.2526,0.10518193
0.0,2.1141217
40.2252,7.070903
6.84285,74.33083
0.0,0.5771313
49.3187,27.995983
19.4241,12.33274
0.645114,2.1141217
0.0,-0.52648616
3.29947,9.901052
3.29546,3.7885969
8.78718,8.207854
4.69737,5.4038334
1.22072,2.1141217
0.0363102,3.6975534
0.0297985,0.3738644
22.6392,22.235886
34.6966,20.630426
0.0,2.1141217
0.298915,39.56832
8.30396,22.658602
22.5331,18.01314
6.67046,0.20884848
0.0,2.1141217
0.0,2.1141217
0.140786,2.1141217
0.0,2.1141217
0.0,2.1141217
0.0289172,7.662265
4.30371,18.128143
0.0609893,2.1141217
10.7009,20.245075
0.0,2.1141217
0.33863,2.1141217
0.0,2.1141217
29.0086,8.112155
206.507,187.50812
0.0,2.1141217
891.877,389.95557
4.61178,10.156065
0.0,4.093458
2.97333,10.655471
238.224,14.123664
0.0,2.1141217
7.72727,12.537587
1.53848,957.0675
5.64967,14.811035
0.0,2.1141217
0.253644,2.1141217
14.9929,18.012074
29.3384,18.109982
0.0322007,1.024256
0.0,2.1141217
0.0,2.1141217
0.0472634,2.1141217
58.1102,10.541773
12.9993,15.3572855
16.4448,21.654411
4.39634,0.10518193
2.47586,0.40223908
31.7232,26.822247
3.5171,18.542484
0.620218,17.895067
0.230591,0.08927345
0.0314092,2.1141217
0.0623884,2.1141217
0.256811,2.1141217
0.0475428,2.1141217
68.9289,40.125473
3.5795,1.7563076
2.97855,2.1141217
1.69762,5.9178276
0.0,2.1141217
15.9735,6.884845
0.556268,23.140617
0.0,1.5989428
0.0,2.1141217
8.98008,5.105727
0.0,1.467035
47.5839,7.647361
0.014271,2.5347397
0.233384,434.20877
0.03437,9.879044
19.4562,20.2921
4.1897,-2.7372239
0.0,2.1141217
4.237,-1.5331583
0.0747703,8.823915
19.0873,1.5722468
8.74772,24.145414
0.165725,2.1141217
66.0095,23.907263
34.3872,27.260025
11.2641,34.21069
0.0396673,2.7036898
15.3628,18.411566
11.911,8.60874
5.64259,-25.893597
1.84594,24.065964
52.9514,90.22558
21.4206,2.1141217
0.556268,1.8668158
0.0,2.1141217
10.4508,2.1141217
21.9927,22.145355
0.782975,0.25689816
4.60452,2.1141217
0.430817,1.4087701
0.0,2.1141217
0.0324436,2.1141217
112.365,113.04106
11.2349,29.607979
0.0,0.80443263
0.121934,2.1141217
103.116,14.48194
33.8268,34.621105
21.3463,18.96202
0.0,2.1141217
0.0,2.1141217
3.12215,15.315433
0.0,2.1141217
0.0,2.1141217
0.0,2.1141217
0.18013,2.1141217
0.0891279,6.413969
5.16,13.395265
0.0,2.1141217
0.0,7.8813066
0.394956,19.39312
4.79727,2.1141217
0.0331224,1.4848576
166.297,13.486715
24.8424,11.451528
12.0457,14.095833
1.64473,13.250175
5.52068,-3.9367893
0.0,2.1141217
22.2207,18.262247
0.150147,61.18591
0.0,5.0759068
10.3538,21.343754
0.0,2.6174242
0.161673,2.1141217
0.0,1.0983262
0.0,2.1141217
0.0,1.6517417
0.0,2.1141217
0.31557,1.0495834
0.0,2.1141217
2.66554,18.62907
4.39554,0.83258224
99.9945,10.646551
0.0754227,2.1141217
13.2085,12.240786
1.42799,2.9560838
2.56798,11.1590185
0.0,2.8473794
12.0159,-3.1355326
28.3986,21.106653
0.0,2.1141217
33.774,25.428886
7.93916,22.228308
5.35623,6.794776
14.8348,8.035438
22.6994,6.6474257
0.0,2.1141217
0.0,24.676172
16.7274,0.95641685
0.0,2.1141217
0.267529,8.816201
0.0,2.1141217
15.1428,19.453762
4.28886,1.4639022
29.2068,3.8645978
0.0,2.1141217
128.636,53.50878
0.0,1.6811795
0.673946,7.0017548
0.0,1.3662713
71.0243,83.96317
6.83028,13.513191
39.4874,48.010715
0.00485317,2.1141217
0.0,2.1141217
0.0276747,2.1141217
0.0,2.1141217
0.19443,2.3049543
0.432429,2.1141217
0.0,2.4255724
3.80485,11.790348
138.822,100.0604
0.0950608,2.1141217
62.2029,47.338978
11.8329,25.538425
3.79386,24.161053
0.0621113,5.4735737
9.03346,-1.1333861
5.47233,12.512979
0.0534402,0.13823962
0.0,2.1141217
12.9993,15.3572855
60.3985,62.8472
6.32027,6.5035286
0.0,2.1141217
0.0,2.1141217
1.2981,2.1141217
0.0,3.073079
0.0471666,2.1141217
0.0,2.3378508
0.00982299,2.1141217
0.548949,1.2191815
0.731623,2.1141217
4.51348,23.495083
0.11544,2.1141217
16.4448,21.654411
0.875072,10.1774645
441.86,4.5622425
6.25644,17.849895
0.0,2.1141217
2.95917,5.8945866
0.387227,2.1141217
0.0,2.1141217
6.18605,-4.25599
6.70289,10.827845
0.0,2.1141217
14.6294,5.283948
47.7532,16.483328
0.160392,13.627924
12.6788,15.195733
88.2999,59.876373
0.491228,2.1141217
9.32437,9.394639
0.571642,5.772444
0.133226,3.4223337
0.0,2.1141217
26.2865,35.822117
0.0390604,2.1141217
0.350174,1.2275071
0.0,2.1141217
0.0,11.929037
0.496241,-4.2409534
8.77471,3.8022437
0.0153356,2.6256568
0.185833,2.1141217
0.0,2.64883
7.82945,7.791711
2.93396,2.3372817
0.0,2.1141217
92.275,53.553196
69.8636,-5.0072584
46.9605,103.831
0.0831501,2.1141217
0.0,2.4350557
1.43988,2.1141217
13.3899,-3.0098474
2.15402,10.534335
0.242017,1.3570955
12.3578,16.102467
9.40351,15.086513
0.530209,-2.4328406
0.0,2.1141217
7.00152,-8.205176
13.8431,20.327045
3.6676,55.1386
0.0,2.1141217
50.5521,6.721158
0.0,2.1141217
7.64598,9.807572
8.74577,17.222078
0.097734,2.1141217
45.9497,37.219193
40.1683,22.044437
17.5554,49.313316
13.6872,25.958843
0.0,2.1141217
0.0,2.1141217
12.5184,2.1722057
20.4535,21.606731
3.92962,-4.2409534
0.0,2.1141217
0.800597,2.1141217
0.0,2.1141217
23.5057,20.063862
7.18879,9.392183
0.0,2.1141217
9.51941,28.833735
0.195798,2.1141217
0.0,2.1141217
25.3641,11.298175
0.012716,2.1141217
0.0,52.66178
0.0,2.1141217
8.16196,-0.97486186
0.0,1.1062078
0.0,2.1141217
0.210907,1.7726028
0.0,-0.625828
46.7275,4.9355955
21.4343,26.125593
7.92071,8.466211
0.834837,-0.4032607
0.0440028,2.2768426
0.0772649,2.1141217
0.19443,2.3049543
16.4448,21.654411
0.921524,12.2557
0.0,-2.5028436
0.0,2.1141217
7.18879,9.392183
0.0,0.988863
4.545,9.898188
3.8234,13.972169
0.0,2.1141217
18.24,4.531988
54.4632,11.956872
0.0,2.1141217
0.529795,2.1141217
0.0,18.886417
0.0,2.1141217
82.423,44.120834
13.1672,25.465168
0.529947,-3.6859562
8.53085,12.734853
27.1519,15.761068
0.720367,2.1141217
3.42105,9.733517
0.0,2.1141217
11.3911,32.363533
6.10661,21.321823
0.0,2.1141217
0.0,2.1141217
0.0307666,1.9205415
7.95512,6.941951
0.0,2.1141217
6.89367,17.19137
0.0,2.1141217
0.0,2.1141217
4.22201,10.091945
5.3686,6.2292595
10.5708,3.323843
10.0146,10.655471
19.0535,6.001665
0.0,2.1141217
0.0,2.1141217
14.8916,13.735548
53.0483,35.026638
0.0,3.767518
0.106439,7.2328196
1.00717,2.8747485
1.52594,12.671809
0.0415987,3.3420968
0.0,2.1141217
27.7434,37.069477
0.027453,-1.5067499
0.0,2.1141217
0.134373,1.4382951
25.7614,3.6179678
0.173196,3.621923
0.237729,2.6030626
42.1167,39.913784
0.0,2.1141217
0.0,2.1141217
6.43976,10.689906
36.2545,25.563015
11.3911,32.363533
17.6696,10.100707
5.78663,3.5001225
4.545,9.898188
5.79969,5.1405153
0.548949,1.2191815
14.7455,2.1141217
7.68695,22.434353
2.738,3.1242473
0.0,2.1141217
12.7752,23.300926
41.4786,17.11059
89.6832,75.183846
0.0,2.1141217
0.0,2.1141217
0.403338,0.24238682
0.0,2.1141217
75.3521,80.05516
27.2276,15.8784895
0.0,2.6174242
0.051393,10.640912
0.0,0.6743603
4.88341,11.41825
2.59898,1.9284613
57.2468,7.6363354
45.7714,40.959564
0.0,2.1141217
2.90855,17.867952
2.7782,11.869038
3.80485,7.8916492
0.0,2.1141217
0.620975,2.1141217
5.22933,11.709648
35.4146,18.2841
3.31974,16.205772
0.0,2.5476768
2.0112,22.51567
19.7847,30.050552
92.8442,42.681118
23.569,21.365574
27.4125,2.1141217
0.0,2.1141217
14.1939,10.601821
0.0,1.1357708
0.0,2.1141217
0.0,2.1141217
28.5582,12.711934
3.02328,-1.1835473
0.0,2.1141217
90.9479,8.437852
0.0,2.1141217
8.51378,3.0949957
0.885176,21.284657
0.0349215,30.793034
0.0,2.1141217
0.0258166,2.1141217
0.0,2.1141217
5.1564,7.477748
0.217464,-5.87136
0.0852943,2.1141217
238.555,92.64777
10.4473,31.196472
0.0,2.1141217
0.0,2.1141217
0.153628,2.4678602
23.5057,21.816422
39.8526,29.986162
0.0,2.1141217
0.0211065,2.1141217
0.478407,2.1141217
0.04007,1.8281164
0.0247727,16.369394
0.0647753,2.1141217
0.0,2.1141217
13.6915,31.278332
0.123364,4.4664583
0.0,2.1141217
4.99855,12.416163
5.65579,9.02606
5.62209,22.09756
1.13347,0.36704612
0.0,1.2406754
0.0,2.1141217
0.0104508,1.3934808
3.8263,13.693404
3.12729,7.9684505
16.8602,20.750544
0.0541491,2.1141217
19.9297,21.359615
0.0362714,2.6312058
15.8452,27.260025
2.5717,11.583545
7.577,30.096655
0.0,2.1141217
0.0244386,10.433106
1.98213,13.897782
0.0,2.1141217
5.54281,5.521412
108.9,17.444912
0.0814258,2.1141217
0.205377,5.4409432
3.62445,-7.589018
0.0,2.1141217
0.0,2.1141217
0.0722256,-0.13231134
24.2596,25.092682
13.7987,15.871144
42.3715,76.219795
0.0,-2.634526
20.3765,0.29744983
28.1376,12.335235
7.32787,17.069082
0.0527473,1.221262
53.5033,23.537954
0.0,2.1141217
115.716,22.51567
0.0,2.1141217
5.35409,19.84682
0.0,0.15778041
5.23978,-2.421926
2.04185,2.5880632
0.0,2.1141217
10.9407,3.7090974
15.7407,20.540318
0.124035,2.1141217
0.0146014,2.1141217
0.0,2.1141217
15.9171,14.764258
0.0,2.1141217
24.5863,0.69926
17.9272,11.98941
0.353843,14.647026
0.0,2.9249833
0.227111,2.1141217
0.0,2.1141217
0.0,4.860505
27.6481,35.789776
0.0327252,2.1141217
23.3703,14.555171
0.0410215,2.1141217
0.0,2.1141217
0.0,3.2658224
0.0,1.4902458
0.137928,13.832611
0.0,2.1141217
0.0541491,2.1141217
6.72939,48.044044
0.0544411,2.1141217
8.36754,-0.66702247
118.592,23.316647
0.288601,0.99495673
2.36522,9.898188
6.58495,-8.126753
0.0,2.5160117
0.0,9.403674
9.98324,28.10453
0.0,2.1141217
17.0974,8.3452635
0.0407668,2.1141217
0.0,2.1141217
51.4147,-5.46344
52.3091,22.938303
8.8373,7.4242964
0.0,2.1141217
13.4114,25.604877
0.571642,5.772444
0.55758,24.796005
6.39349,17.054342
38.704,7.384486
5.08154,21.555502
9.12761,25.75571
0.0,2.1141217
3.56694,5.6058874
0.0672431,2.1141217
0.0301766,1.8802478
0.0,2.1141217
1.00418,2.1141217
11.9358,11.174649
679.721,424.90738
15.6481,20.988897
61.6673,8.429355
0.0,2.1141217
3.7689,3.7712471
12.6931,15.371577
0.82062,5.7375765
0.0,2.1141217
0.0983347,2.1141217
17.5578,20.743767
0.0,2.1141217
29.5091,29.86891
0.0280649,0.7224846
5.57964,16.015026
1.55944,20.548103
0.0929055,-27.530704
10.5708,3.323843
0.0,2.409166
1.90718,18.7445
0.0,19.419764
0.0,2.1141217
17.6053,16.301317
31.6466,35.105732
0.688051,4.071004
0.0,2.1141217
0.368738,7.620309
0.016778,8.713228
1.19094,2.1141217
0.0,5.466859
0.0233073,2.1141217
1.04654,22.747501
4.18634,13.373485
10.5992,1.3384106
0.530209,-2.4328406
16.1526,11.347529
0.0227304,0.29086542
4.21751,2.1141217
157.205,39.021313
0.0,2.1141217
9.5994,6.5939255
7.58157,6.7740498
10.094,5.6985664
0.0,2.1141217
371.009,31.99386
0.0,2.1141217
0.0,2.1141217
0.0,2.1141217
98.9403,26.878162
2.66615,16.507822
30.2328,10.82565
0.465225,4.6165786
60.8617,53.951042
96.9964,25.932415
8.8373,7.4242964
1.74564,8.471891
20.7938,1.4789488
16.651,6.9716806
0.0179047,4.7071433
0.0,2.1141217
49.3187,15.216051
29.1625,8.818016
0.0,2.1141217
0.0,2.1141217
0.690548,2.1141217
30.0052,28.167793
8.54891,4.6358433
9.4149,22.957647
34.3872,27.260025
0.143328,1.7692268
3.34962,20.76796
0.306591,33.84065
0.0,2.1141217
0.0105311,-1.1603291
11.8048,35.00632
0.193627,2.1141217
0.051393,10.640912
0.0,0.87606883
0.0,1.1062078
135.348,99.21163
1.02096,35.10849
1.04382,7.108738
22.1781,18.67077
3.72328,-22.156197
7.38977,4.9915714
7.89797,30.88102
15.3317,-23.481853
0.0,2.1141217
0.0,1.2836053
6.84802,-7.7729273
0.0,2.4283798
7.13458,16.655676
0.0,2.1141217
21.1058,9.84655
0.0,-0.58544993
7.85865,15.259856
6.51382,15.140662
0.0401582,2.1141217
0.0,2.1141217
0.0,2.1141217
7.67185,-1.6246097
57.3396,9.072177
0.0,2.1141217
9.60521,6.413969
0.0,1.1705563
22.9447,47.68893
22.0206,15.729869
1.9201,-0.15538669
0.0,1.4581215
0.0,1.4902458
0.0,2.1141217
0.523938,2.819084
17.8964,22.309351
1.68959,8.164414
0.0270283,2.1141217
0.118235,2.1141217
9.59899,20.638868
0.0,2.1141217
0.0,50.546867
0.0,2.307272
18.1224,44.747852
11.0977,-1.3001394
0.0102758,2.1141217
5.02155,9.353794
0.73739,2.1141217
39.0521,29.076906
30.4823,20.410673
13.3605,10.915148
0.0,2.1141217
0.40574,16.93587
0.0,2.1141217
0.0175659,3.8392622
1.69861,5.779311
12.2738,14.584438
74.6795,39.369404
1.18369,4.584762
7.50482,1.982399
0.551782,6.8872557
5.35847,28.193396
20.1574,13.094565
8.18569,14.285699
80.0908,47.488605
28.1376,12.335235
0.387586,2.1645496
3.30789,20.394524
0.0105662,-0.7069156
0.222996,1.8668158
0.0,2.265363
1.15544,-4.619323
0.0,2.1141217
16.1453,14.369495
18.3856,2.1141217
0.0541491,2.1141217
8.94489,14.429632
10.6702,12.665593
0.0,-1.2776003
8.51827,9.015478
0.0104653,2.1141217
60.2093,60.478813
0.0,13.204291
1.15643,16.225918
15.3911,-0.12056756
45.9377,35.232307
3.84675,-2.9264505
0.0324739,0.33002996
88.224,20.75889
0.53003,8.051935
0.0,2.1141217
0.600088,15.914542
21.411,48.3639
0.0,2.1141217
8.67667,21.128986
0.0,2.1141217
7.28674,5.1861615
4.80848,12.391461
5.36806,32.22313
0.0,2.021357
3.41602,3.0882304
0.0,2.1141217
0.868541,19.801426
0.0,2.1141217
6.35632,-0.7119777
2.92734,0.5697515
0.0,1.3290293
0.053634,2.1141217
0.0109566,2.1141217
24.8391,13.797301
0.0,1.3794901
19.2937,37.267494
0.0,1.1844966
3.55422,7.1628304
0.0,2.1141217
0.0,0.24352527
0.0,0.9292886
2.48352,2.1141217
18.8462,13.676598
0.0,0.34148574
97.7892,116.575615
0.0,2.1141217
74.3385,65.904915
72.1635,29.349716
0.0175253,2.1141217
8.80633,2.1141217
1.18369,4.584762
24.01,25.96365
26.3643,3.621923
0.568928,2.1141217
4.47958,7.215782
11.925,13.343078
0.0556715,65.50309
4.92681,9.634633
0.318196,-18.314247
0.0,2.1141217
0.207055,13.396178
0.0,2.1141217
0.0,16.225918
0.0,2.1141217
6.08398,28.95123
7.9698,3.4253964
0.0803287,2.1141217
9.50146,16.337927
0.05784,5.8384466
0.0171162,2.1141217
0.487407,8.289624
14.8365,12.110877
0.0186586,2.1141217
0.0,2.1141217
0.0256659,5.878951
0.0,2.1141217
0.0,4.860505
0.0,-2.0255048
0.0,2.1141217
6.37074,-0.39824772
0.38795,2.1141217
0.0,20.630749
0.311563,11.530229
0.0,2.4382274
0.0095824,2.1141217
0.0,0.5771313
0.0,19.282736
10.5992,1.3384106
2.96133,2.907746
0.0,2.1141217
0.0,2.1141217
0.0,2.1141217
0.0,3.1027374
0.0,1.0998225
0.00521469,2.1141217
0.0,-0.21093702
0.709381,6.798031
47.4526,21.885277
0.921524,12.2557
0.0,2.1141217
19.0873,1.5722468
0.0,2.1141217
22.5498,15.88071
3.8158,19.48229
8.16661,5.3772893
13.0123,8.846784
63.9287,31.808615
0.0372422,4.0221004
0.0,2.1141217
5.78663,3.5001225
0.0,0.8758261
0.0,2.1141217
9.31878,11.312515
19.1878,28.369925
0.0623884,2.1141217
17.0974,8.3452635
0.0,2.1141217
3.90281,0.98555636
0.75264,8.164414
0.0,1.77929
11.6433,9.349525
0.210886,2.1141217
0.0233073,2.1141217
5.31933,18.658743
0.431369,11.347529
0.16686,1.9319446
21.4206,31.22477
0.0,-0.7186549
0.0,2.1141217
0.0,2.1141217
2.04957,24.706692
1.84812,2.1141217
1.40311,15.471508
0.0,5.1759024
0.0354006,2.1141217
5.54151,-3.2943766
0.0,2.1141217
0.0,2.457545
0.0445317,1.4912229
0.0176443,2.1141217
0.0,2.1141217
9.4149,22.957647
21.9108,36.581593
0.0,0.8816743
0.944647,25.706093
0.720367,20.582989
19.1565,13.194596
0.0,2.1141217
0.0,2.992619
0.0,2.1141217
0.0,2.1141217
0.0274204,2.1141217
1231.18,9.963548
0.0,8.315482
10.3601,15.04849
0.0,2.021357
22.6392,22.235886
0.0,2.1141217
6.75583,21.844019
0.0,2.1141217
0.0,0.7803285
0.180222,8.620048
4.12583,1.2905006
3.78142,18.060768
0.571642,2.1141217
0.024356,1.5586431
221.788,101.346954
1.00717,2.8747485
0.0,1.5094061
0.304523,9.365925
4.85934,-7.0194845
20.3765,2.182158
0.0355344,-2.4333835
0.0,2.1141217
0.0,2.1141217
46.1839,6.321268
0.0,8.519562
0.712285,7.922347
0.0,2.1141217
1.58275,15.153686
0.0278994,2.1141217
0.0247339,6.5898895
0.645114,2.1141217
0.0,2.1141217
0.0413947,0.73577857
0.251745,11.323427
0.0,2.1141217
0.0,2.1141217
5.42813,11.274973
0.0,2.1141217
0.0,0.5771313
32.6081,13.530164
20.3793,36.97623
9.4149,22.957647
143.223,1.9376373
0.0376121,-0.6650107
7.24983,10.397749
3.90281,0.98555636
0.0,2.1141217
0.0,12.053571
0.0,2.1141217
0.0,1.4414401
41.4786,46.66471
37.4822,32.07098
1.91787,9.911873
35.8779,13.599095
4.61967,37.742016
5.64967,14.811035
1.67606,8.8684
0.0533205,1.7039969
31.8361,23.172453
0.195798,2.1141217
4.252,7.590458
0.0,2.1141217
3.93245,61.728283
16.075,25.902636
0.156531,2.1141217
15.4888,2.1141217
0.0,2.1141217
7.77633,18.414467
4.51348,23.495083
0.075898,2.1918678
0.19158,2.4759533
6.04453,-3.840078
0.0,4.895401
36.1924,3.1156714
0.0,0.9397032
0.0,2.1141217
0.0,1.664017
6.17769,22.157505
23.5057,21.816422
0.051393,10.640912
163.165,45.012474
0.189067,19.620708
0.0,2.1141217
1045.48,307.0721
1.47888,0.82010317
2.47663,10.859766
18.2498,8.670391
0.0,2.1141217
28.7141,1.0409567
0.836202,43.52218
6.7752,2.1141217
0.0,2.1141217
5.39369,16.403708
11.9358,11.174649
0.0,3.5639863
4.27785,2.1141217
0.0,2.1141217
0.391701,1.6604376
7.72727,12.537587
0.0,2.1141217
23.1255,8.196114
18.7132,8.280661
1.78476,33.84065
16.4448,21.654411
0.0198062,1.9687705
0.0,2.1141217
0.0,-2.634526
16.2904,12.18266
1312.75,32.75683
0.0,8.365119
0.0546641,2.1141217
0.0166473,2.1141217
0.0623884,2.1141217
0.0,2.1141217
16.167,16.225918
1.80725,9.71539
0.0,2.1141217
0.620975,2.1141217
1.17115,2.1141217
0.0264059,3.693113
25.1371,9.7824335
4.85574,24.678688
0.0165863,2.1141217
0.0,2.1141217
0.0,2.1141217
40.9894,22.136734
34.8431,38.153534
0.0,0.34622085
15.0934,16.20052
0.0,2.1141217
1.20083,4.4467125
0.0431546,2.1141217
0.0783148,3.170659
13.3234,18.9626
0.431208,26.125593
0.0,2.1141217
0.0328138,-1.3360178
0.0175519,2.1141217
10.775,12.13841
0.66808,0.40223908
17.2617,2.145859
0.0652121,2.1141217
0.0,13.343078
3.9038,19.41307
0.0,1.6517417
0.0,17.126757
0.948007,15.544454
0.0757449,2.1141217
0.0,5.860177
15.8554,22.669266
127.197,10.434967
4.63845,17.985767
7.56531,4.1294327
131.913,148.75148
12.8278,0.380116
0.0,2.1141217
0.0,8.846208
0.0,12.096286
5.34906,-0.7069156
16.4448,21.654411
0.0584078,4.0336275
14.0341,14.239281
0.0,1.6760542
1.15144,23.511986
0.0,2.1141217
17.243,0.82010317
24.7055,0.31581986
0.0,2.1141217
5.54151,-3.2943766
9.47653,3.8391938
0.0,2.1141217
5.38804,-6.777852
0.0,2.1141217
1.27446,11.211113
18.6327,22.600948
171.987,2.1141217
8.18569,14.285699
2.13995,35.545757
19.0443,32.115993
9.53228,26.595703
226.209,116.68059
0.0,2.1141217
0.0,2.1141217
3.43098,10.419185
0.0,2.1141217
0.0,1.8531551
0.0810239,0.65633225
0.0107011,2.1141217
45.1614,15.679715
0.0,2.1141217
0.0304709,-0.356925
7.34111,10.580871
0.0,-2.634526
0.03394,2.1141217
0.02025,2.1141217
0.0645255,30.531797
5.1564,7.477748
5.89065,-0.5734
19.6408,15.626292
6.61661,28.388197
13.1106,3.4734788
8.76368,17.14481
0.0,2.9997134
12.3578,16.102467
0.0,2.1141217
0.33863,2.1141217
0.0297015,2.1141217
4.28886,14.82258
0.025486,7.4242964
11.3911,19.992884
9.33523,8.05382
19.5016,36.518604
11.3911,19.992884
0.102663,2.1141217
0.029949,5.363702
755.335,20.932568
127.057,24.455345
12.9993,15.3572855
7.44957,5.0522833
0.0272456,2.1141217
0.0,2.9522915
323.72,2.1141217
1.02096,35.10849
0.00807543,2.1141217
0.173498,2.1141217
25.8726,29.880478
10.9414,34.52274
211.163,-0.7712681
52.1071,-5.9888706
10.7396,19.026735
0.0,10.195967
0.0657912,0.45112586
0.080121,2.1141217
1.2714,2.1141217
0.0,1.6790285
31.6466,35.105732
6.32027,6.5035286
10.9808,29.208427
6.1193,0.7603247
22.2086,11.035192
24.7151,37.16126
0.0,2.1141217
0.140786,2.1141217
20.1486,3.8766434
31.6073,13.252067
43.9011,18.434458
0.0181711,2.1141217
0.0,1.5094061
2.47586,0.40223908
0.0,2.1141217
11.566,3.4195948
0.174932,-0.17613196
7.88268,-4.132309
2.29405,9.093595
12.4639,2.1141217
1.26006,3.163276
22.2555,18.094536
0.0,2.1141217
9.91484,4.7071433
29.7447,15.7205
1.69555,-1.1693041
64.8804,41.218708
0.0,2.1141217
0.0,2.1141217
0.0,2.1141217
0.0,2.1141217
14.5422,46.772343
145.657,85.02947
45.6525,25.836916
0.202142,0.0876565
0.0,2.1141217
0.00684528,2.9174895
3.95256,2.1141217
0.0,2.1141217
11.6114,20.631374
0.836064,2.1141217
81.5728,56.015446
0.0,2.1141217
0.0227304,0.29086542
3.84675,3.2658224
0.099321,18.863464
3.31365,5.141102
57.049,2.1141217
0.0,2.1141217
0.00596473,2.1141217
0.0,2.3082325
2.61378,13.500966
6.33662,2.1141217
0.0,2.1141217
0.0,77.467354
38.704,7.384486
34.3512,13.078134
4.03114,6.4498043
30.306,26.800323
10.8734,21.772102
2.73699,6.8754387
11.5285,10.139628
0.0181138,4.808668
0.0530535,2.2641523
0.182358,2.1141217
0.0,2.1141217
9.27441,28.875708
0.00433382,2.1141217
16.6281,22.640629
0.28751,2.1141217
77.0235,50.666264
38.704,7.384486
0.0296009,2.1141217
0.0758396,2.1141217
0.0489275,148.75148
8.51378,3.0949957
21.5146,16.321802
0.0657912,0.45112586
9.24052,12.696203
0.0,1.0983262
0.0,0.5771313
0.0,2.1141217
1.7845,1.3026521
501.184,32.67882
16.061,2.1141217
0.609691,20.57483
8.98122,16.830963
0.161006,-0.8942995
0.0,2.4049432
0.0,1.7225616
0.152698,9.845256
0.0219642,28.17271
0.044806,4.31981
14.3224,3.8547902
0.0097177,2.1141217
3.28352,2.1141217
0.0,2.1141217
20.6263,25.61792
64.8804,41.218708
11.1811,28.803894
29.3879,5.1060457
95.5694,46.040302
0.0,2.1141217
85.6316,49.313316
6.85145,11.635428
0.0,-2.634526
62.2277,27.743855
0.195212,-5.201524
0.020618,4.895401
0.00610409,2.3528333
0.180045,-2.3355212
0.146124,1.3614898
11.7411,12.287051
0.0,2.1141217
4.68443,16.813807
36.0404,43.594933
0.0478645,-0.08306742
0.0,1.1606264
0.678751,2.1141217
5.64451,42.773952
0.361121,2.1141217
0.0,2.1141217
9.58637,13.680148
1.20083,4.4467125
11.104,2.1141217
0.749724,5.2079315
10.1635,32.01463
0.0,-2.4814622
115.406,39.465214
6.59443,24.328691
0.0274204,2.1141217
0.0,2.1141217
8.36759,16.637222
0.414039,2.1141217
5.05107,10.685491
30.6925,26.891708
2.05356,2.1141217
19.8574,10.71079
0.0,2.1141217
0.625926,2.1141217
0.292217,2.1141217
2.38815,-5.609516
20.1487,1.9199128
145.657,41.931957
0.0,20.739819
31.6525,22.677132
21.5036,34.895916
7.59087,16.075691
72.3697,2.1141217
6.53582,-0.9767976
19.0973,25.586132
24.5835,14.566916
0.0,2.1141217
0.0,14.761985
0.0258179,32.43977
0.0501277,2.1141217
47.44,27.146074
24.1123,2.2025445
0.18013,2.1141217
2.73699,6.8754387
0.568557,1.3283703
16.4118,2.1141217
0.0,2.1141217
1.67192,-2.7970178
0.0,2.1141217
15.2282,20.561453
0.0,2.5303414
0.0,-1.9821692
