Seed: 789  |  Range: 0-31
Dataset : /group/pmc021/amunif/epi-thesis/workflow/17_Pairwise Ranking HepG2 GSE76344/dataset
Output  : /group/pmc021/amunif/epi-thesis/workflow/17_Pairwise Ranking HepG2 GSE76344/output
Using device: cpu
Train :  17723  (80.0%)
Val   :   2215  (10.0%)
Test  :   2216  (10.0%)
No overlap between partitions

000-H3K4me3
Train label distribution:
  Label 0:   4257 (53.2%)
  Label 1:   3743 (46.8%)
Val label distribution:
  Label 0:    535 (53.5%)
  Label 1:    465 (46.5%)
Test label distribution:
  Label 0:    523 (52.3%)
  Label 1:    477 (47.7%)
Epoch [1/100] [TRAIN] Loss: 0.7145, Accuracy: 64.04%, AUC: 0.64 [VAL] Loss: 0.6610, Accuracy: 65.70%, Precision: 0.61, Recall: 0.72, F1: 0.66, AUC: 0.66
Epoch [2/100] [TRAIN] Loss: 0.6700, Accuracy: 67.96%, AUC: 0.68 [VAL] Loss: 0.6583, Accuracy: 65.10%, Precision: 0.61, Recall: 0.71, F1: 0.65, AUC: 0.65
Epoch [3/100] [TRAIN] Loss: 0.6632, Accuracy: 67.72%, AUC: 0.68 [VAL] Loss: 0.6582, Accuracy: 65.00%, Precision: 0.61, Recall: 0.71, F1: 0.65, AUC: 0.65
Epoch [4/100] [TRAIN] Loss: 0.6514, Accuracy: 68.75%, AUC: 0.69 [VAL] Loss: 0.6580, Accuracy: 64.60%, Precision: 0.60, Recall: 0.71, F1: 0.65, AUC: 0.65
Epoch [5/100] [TRAIN] Loss: 0.6522, Accuracy: 68.31%, AUC: 0.68 [VAL] Loss: 0.6573, Accuracy: 64.80%, Precision: 0.60, Recall: 0.71, F1: 0.65, AUC: 0.65
Epoch [6/100] [TRAIN] Loss: 0.6490, Accuracy: 68.41%, AUC: 0.68 [VAL] Loss: 0.6572, Accuracy: 65.00%, Precision: 0.61, Recall: 0.71, F1: 0.65, AUC: 0.65
Epoch [7/100] [TRAIN] Loss: 0.6466, Accuracy: 68.79%, AUC: 0.69 [VAL] Loss: 0.6565, Accuracy: 64.80%, Precision: 0.60, Recall: 0.71, F1: 0.65, AUC: 0.65
Epoch [8/100] [TRAIN] Loss: 0.6452, Accuracy: 68.74%, AUC: 0.69 [VAL] Loss: 0.6568, Accuracy: 64.60%, Precision: 0.60, Recall: 0.71, F1: 0.65, AUC: 0.65
Epoch [9/100] [TRAIN] Loss: 0.6419, Accuracy: 69.11%, AUC: 0.69 [VAL] Loss: 0.6563, Accuracy: 64.60%, Precision: 0.60, Recall: 0.71, F1: 0.65, AUC: 0.65
Epoch [10/100] [TRAIN] Loss: 0.6410, Accuracy: 68.99%, AUC: 0.69 [VAL] Loss: 0.6561, Accuracy: 64.50%, Precision: 0.60, Recall: 0.70, F1: 0.65, AUC: 0.65
Epoch [11/100] [TRAIN] Loss: 0.6413, Accuracy: 68.78%, AUC: 0.69 [VAL] Loss: 0.6562, Accuracy: 64.40%, Precision: 0.60, Recall: 0.70, F1: 0.65, AUC: 0.65
Epoch [12/100] [TRAIN] Loss: 0.6400, Accuracy: 69.01%, AUC: 0.69 [VAL] Loss: 0.6563, Accuracy: 64.40%, Precision: 0.60, Recall: 0.71, F1: 0.65, AUC: 0.65
Epoch [13/100] [TRAIN] Loss: 0.6418, Accuracy: 68.91%, AUC: 0.69 [VAL] Loss: 0.6554, Accuracy: 64.60%, Precision: 0.60, Recall: 0.71, F1: 0.65, AUC: 0.65
Epoch [14/100] [TRAIN] Loss: 0.6390, Accuracy: 68.90%, AUC: 0.69 [VAL] Loss: 0.6551, Accuracy: 64.30%, Precision: 0.60, Recall: 0.70, F1: 0.65, AUC: 0.65
Epoch [15/100] [TRAIN] Loss: 0.6400, Accuracy: 68.97%, AUC: 0.69 [VAL] Loss: 0.6548, Accuracy: 64.20%, Precision: 0.60, Recall: 0.70, F1: 0.64, AUC: 0.65
Epoch [16/100] [TRAIN] Loss: 0.6351, Accuracy: 69.42%, AUC: 0.69 [VAL] Loss: 0.6544, Accuracy: 64.30%, Precision: 0.60, Recall: 0.70, F1: 0.65, AUC: 0.65
Epoch [17/100] [TRAIN] Loss: 0.6384, Accuracy: 68.75%, AUC: 0.69 [VAL] Loss: 0.6543, Accuracy: 64.00%, Precision: 0.60, Recall: 0.70, F1: 0.64, AUC: 0.64
Epoch [18/100] [TRAIN] Loss: 0.6355, Accuracy: 69.40%, AUC: 0.69 [VAL] Loss: 0.6540, Accuracy: 64.10%, Precision: 0.60, Recall: 0.70, F1: 0.64, AUC: 0.64
Epoch [19/100] [TRAIN] Loss: 0.6370, Accuracy: 68.85%, AUC: 0.69 [VAL] Loss: 0.6542, Accuracy: 64.20%, Precision: 0.60, Recall: 0.70, F1: 0.65, AUC: 0.65
Epoch [20/100] [TRAIN] Loss: 0.6321, Accuracy: 69.41%, AUC: 0.69 [VAL] Loss: 0.6543, Accuracy: 64.10%, Precision: 0.60, Recall: 0.70, F1: 0.65, AUC: 0.65
Epoch [21/100] [TRAIN] Loss: 0.6335, Accuracy: 69.09%, AUC: 0.69 [VAL] Loss: 0.6539, Accuracy: 63.90%, Precision: 0.59, Recall: 0.70, F1: 0.64, AUC: 0.64
Epoch [22/100] [TRAIN] Loss: 0.6348, Accuracy: 69.06%, AUC: 0.69 [VAL] Loss: 0.6532, Accuracy: 64.50%, Precision: 0.60, Recall: 0.71, F1: 0.65, AUC: 0.65
Epoch [23/100] [TRAIN] Loss: 0.6295, Accuracy: 69.25%, AUC: 0.69 [VAL] Loss: 0.6527, Accuracy: 64.50%, Precision: 0.60, Recall: 0.70, F1: 0.65, AUC: 0.65
Epoch [24/100] [TRAIN] Loss: 0.6329, Accuracy: 68.89%, AUC: 0.69 [VAL] Loss: 0.6526, Accuracy: 64.40%, Precision: 0.60, Recall: 0.70, F1: 0.65, AUC: 0.65
Epoch [25/100] [TRAIN] Loss: 0.6322, Accuracy: 69.08%, AUC: 0.69 [VAL] Loss: 0.6530, Accuracy: 64.00%, Precision: 0.60, Recall: 0.70, F1: 0.64, AUC: 0.64
Epoch [26/100] [TRAIN] Loss: 0.6336, Accuracy: 69.01%, AUC: 0.69 [VAL] Loss: 0.6530, Accuracy: 64.20%, Precision: 0.60, Recall: 0.70, F1: 0.64, AUC: 0.65
Epoch [27/100] [TRAIN] Loss: 0.6325, Accuracy: 68.99%, AUC: 0.69 [VAL] Loss: 0.6532, Accuracy: 64.20%, Precision: 0.60, Recall: 0.70, F1: 0.65, AUC: 0.65
Epoch [28/100] [TRAIN] Loss: 0.6300, Accuracy: 69.51%, AUC: 0.70 [VAL] Loss: 0.6531, Accuracy: 64.50%, Precision: 0.60, Recall: 0.70, F1: 0.65, AUC: 0.65
Epoch [29/100] [TRAIN] Loss: 0.6329, Accuracy: 68.78%, AUC: 0.69 [VAL] Loss: 0.6529, Accuracy: 64.40%, Precision: 0.60, Recall: 0.70, F1: 0.65, AUC: 0.65
Epoch [30/100] [TRAIN] Loss: 0.6314, Accuracy: 69.20%, AUC: 0.69 [VAL] Loss: 0.6526, Accuracy: 64.40%, Precision: 0.60, Recall: 0.70, F1: 0.65, AUC: 0.65
Epoch [31/100] [TRAIN] Loss: 0.6301, Accuracy: 69.75%, AUC: 0.70 [VAL] Loss: 0.6526, Accuracy: 64.40%, Precision: 0.60, Recall: 0.70, F1: 0.65, AUC: 0.65
Epoch [32/100] [TRAIN] Loss: 0.6318, Accuracy: 68.79%, AUC: 0.69 [VAL] Loss: 0.6526, Accuracy: 64.40%, Precision: 0.60, Recall: 0.70, F1: 0.65, AUC: 0.65
Epoch [33/100] [TRAIN] Loss: 0.6334, Accuracy: 69.44%, AUC: 0.69 [VAL] Loss: 0.6525, Accuracy: 64.40%, Precision: 0.60, Recall: 0.70, F1: 0.65, AUC: 0.65
Epoch [34/100] [TRAIN] Loss: 0.6294, Accuracy: 69.38%, AUC: 0.69 [VAL] Loss: 0.6525, Accuracy: 64.40%, Precision: 0.60, Recall: 0.70, F1: 0.65, AUC: 0.65
  Early stopping at epoch 34 (no val_loss improvement for 10 epochs)
  Antisymmetry score:      0.9000
  Total violations:        100 / 1000
  Pairs near boundary:     397 (39.7%)
  Avg |prob-0.5| at violation: 0.0000  (near 0 = boundary issue, larger = real failure)
Seed: 789
Accuracy:  69.10 %
AUC:       0.6941
Precision: 0.6505
Recall:    0.7610
F1-Score:  0.7014

Antisymmetry score:  0.9000  (1.0 = perfect, ~0.5 = random)

Detailed Classification Report:
              precision    recall  f1-score   support

           0       0.74      0.63      0.68       523
           1       0.65      0.76      0.70       477

    accuracy                           0.69      1000
   macro avg       0.70      0.69      0.69      1000
weighted avg       0.70      0.69      0.69      1000


Confusion Matrix:
[[328 195]
 [114 363]]


001-H3K9ac
Train label distribution:
  Label 0:   4257 (53.2%)
  Label 1:   3743 (46.8%)
Val label distribution:
  Label 0:    535 (53.5%)
  Label 1:    465 (46.5%)
Test label distribution:
  Label 0:    523 (52.3%)
  Label 1:    477 (47.7%)
Epoch [1/100] [TRAIN] Loss: 0.7127, Accuracy: 60.83%, AUC: 0.61 [VAL] Loss: 0.6852, Accuracy: 63.90%, Precision: 0.60, Recall: 0.69, F1: 0.64, AUC: 0.64
Epoch [2/100] [TRAIN] Loss: 0.6887, Accuracy: 64.79%, AUC: 0.65 [VAL] Loss: 0.6832, Accuracy: 63.70%, Precision: 0.59, Recall: 0.69, F1: 0.64, AUC: 0.64
Epoch [3/100] [TRAIN] Loss: 0.6783, Accuracy: 66.28%, AUC: 0.66 [VAL] Loss: 0.6808, Accuracy: 63.60%, Precision: 0.59, Recall: 0.69, F1: 0.64, AUC: 0.64
Epoch [4/100] [TRAIN] Loss: 0.6730, Accuracy: 66.95%, AUC: 0.67 [VAL] Loss: 0.6785, Accuracy: 63.70%, Precision: 0.60, Recall: 0.68, F1: 0.64, AUC: 0.64
Epoch [5/100] [TRAIN] Loss: 0.6695, Accuracy: 66.74%, AUC: 0.67 [VAL] Loss: 0.6771, Accuracy: 63.80%, Precision: 0.60, Recall: 0.68, F1: 0.64, AUC: 0.64
Epoch [6/100] [TRAIN] Loss: 0.6694, Accuracy: 66.94%, AUC: 0.67 [VAL] Loss: 0.6761, Accuracy: 63.70%, Precision: 0.60, Recall: 0.68, F1: 0.63, AUC: 0.64
Epoch [7/100] [TRAIN] Loss: 0.6640, Accuracy: 67.10%, AUC: 0.67 [VAL] Loss: 0.6751, Accuracy: 64.10%, Precision: 0.60, Recall: 0.69, F1: 0.64, AUC: 0.64
Epoch [8/100] [TRAIN] Loss: 0.6628, Accuracy: 67.38%, AUC: 0.67 [VAL] Loss: 0.6744, Accuracy: 63.80%, Precision: 0.60, Recall: 0.68, F1: 0.64, AUC: 0.64
Epoch [9/100] [TRAIN] Loss: 0.6607, Accuracy: 67.64%, AUC: 0.68 [VAL] Loss: 0.6736, Accuracy: 64.50%, Precision: 0.60, Recall: 0.69, F1: 0.64, AUC: 0.65
Epoch [10/100] [TRAIN] Loss: 0.6586, Accuracy: 67.81%, AUC: 0.68 [VAL] Loss: 0.6733, Accuracy: 64.30%, Precision: 0.60, Recall: 0.69, F1: 0.64, AUC: 0.65
Epoch [11/100] [TRAIN] Loss: 0.6603, Accuracy: 67.47%, AUC: 0.68 [VAL] Loss: 0.6727, Accuracy: 64.60%, Precision: 0.60, Recall: 0.69, F1: 0.64, AUC: 0.65
Epoch [12/100] [TRAIN] Loss: 0.6566, Accuracy: 67.33%, AUC: 0.67 [VAL] Loss: 0.6720, Accuracy: 64.60%, Precision: 0.60, Recall: 0.69, F1: 0.64, AUC: 0.65
Epoch [13/100] [TRAIN] Loss: 0.6555, Accuracy: 67.33%, AUC: 0.67 [VAL] Loss: 0.6717, Accuracy: 64.60%, Precision: 0.60, Recall: 0.69, F1: 0.64, AUC: 0.65
Epoch [14/100] [TRAIN] Loss: 0.6554, Accuracy: 67.55%, AUC: 0.68 [VAL] Loss: 0.6712, Accuracy: 64.60%, Precision: 0.60, Recall: 0.69, F1: 0.64, AUC: 0.65
Epoch [15/100] [TRAIN] Loss: 0.6497, Accuracy: 68.22%, AUC: 0.68 [VAL] Loss: 0.6708, Accuracy: 64.70%, Precision: 0.61, Recall: 0.69, F1: 0.65, AUC: 0.65
Epoch [16/100] [TRAIN] Loss: 0.6522, Accuracy: 67.67%, AUC: 0.68 [VAL] Loss: 0.6702, Accuracy: 64.70%, Precision: 0.61, Recall: 0.69, F1: 0.64, AUC: 0.65
Epoch [17/100] [TRAIN] Loss: 0.6515, Accuracy: 68.28%, AUC: 0.68 [VAL] Loss: 0.6701, Accuracy: 64.70%, Precision: 0.61, Recall: 0.69, F1: 0.65, AUC: 0.65
Epoch [18/100] [TRAIN] Loss: 0.6523, Accuracy: 68.05%, AUC: 0.68 [VAL] Loss: 0.6698, Accuracy: 64.80%, Precision: 0.61, Recall: 0.69, F1: 0.65, AUC: 0.65
Epoch [19/100] [TRAIN] Loss: 0.6491, Accuracy: 68.19%, AUC: 0.68 [VAL] Loss: 0.6698, Accuracy: 64.70%, Precision: 0.61, Recall: 0.69, F1: 0.65, AUC: 0.65
Epoch [20/100] [TRAIN] Loss: 0.6481, Accuracy: 68.11%, AUC: 0.68 [VAL] Loss: 0.6697, Accuracy: 64.70%, Precision: 0.61, Recall: 0.69, F1: 0.65, AUC: 0.65
Epoch [21/100] [TRAIN] Loss: 0.6496, Accuracy: 68.09%, AUC: 0.68 [VAL] Loss: 0.6694, Accuracy: 64.70%, Precision: 0.61, Recall: 0.69, F1: 0.65, AUC: 0.65
Epoch [22/100] [TRAIN] Loss: 0.6479, Accuracy: 68.01%, AUC: 0.68 [VAL] Loss: 0.6693, Accuracy: 64.70%, Precision: 0.61, Recall: 0.69, F1: 0.65, AUC: 0.65
Epoch [23/100] [TRAIN] Loss: 0.6444, Accuracy: 68.14%, AUC: 0.68 [VAL] Loss: 0.6692, Accuracy: 64.80%, Precision: 0.61, Recall: 0.69, F1: 0.65, AUC: 0.65
Epoch [24/100] [TRAIN] Loss: 0.6460, Accuracy: 68.38%, AUC: 0.68 [VAL] Loss: 0.6691, Accuracy: 65.00%, Precision: 0.61, Recall: 0.70, F1: 0.65, AUC: 0.65
Epoch [25/100] [TRAIN] Loss: 0.6468, Accuracy: 68.25%, AUC: 0.68 [VAL] Loss: 0.6689, Accuracy: 65.00%, Precision: 0.61, Recall: 0.70, F1: 0.65, AUC: 0.65
Epoch [26/100] [TRAIN] Loss: 0.6438, Accuracy: 68.46%, AUC: 0.69 [VAL] Loss: 0.6688, Accuracy: 65.10%, Precision: 0.61, Recall: 0.70, F1: 0.65, AUC: 0.65
Epoch [27/100] [TRAIN] Loss: 0.6457, Accuracy: 68.34%, AUC: 0.68 [VAL] Loss: 0.6683, Accuracy: 65.10%, Precision: 0.61, Recall: 0.70, F1: 0.65, AUC: 0.65
Epoch [28/100] [TRAIN] Loss: 0.6451, Accuracy: 68.44%, AUC: 0.68 [VAL] Loss: 0.6682, Accuracy: 65.10%, Precision: 0.61, Recall: 0.70, F1: 0.65, AUC: 0.65
Epoch [29/100] [TRAIN] Loss: 0.6456, Accuracy: 67.92%, AUC: 0.68 [VAL] Loss: 0.6681, Accuracy: 65.20%, Precision: 0.61, Recall: 0.70, F1: 0.65, AUC: 0.65
Epoch [30/100] [TRAIN] Loss: 0.6421, Accuracy: 68.33%, AUC: 0.68 [VAL] Loss: 0.6681, Accuracy: 65.20%, Precision: 0.61, Recall: 0.70, F1: 0.65, AUC: 0.65
Epoch [31/100] [TRAIN] Loss: 0.6434, Accuracy: 68.11%, AUC: 0.68 [VAL] Loss: 0.6678, Accuracy: 65.20%, Precision: 0.61, Recall: 0.70, F1: 0.65, AUC: 0.65
Epoch [32/100] [TRAIN] Loss: 0.6446, Accuracy: 67.61%, AUC: 0.68 [VAL] Loss: 0.6675, Accuracy: 65.10%, Precision: 0.61, Recall: 0.70, F1: 0.65, AUC: 0.65
Epoch [33/100] [TRAIN] Loss: 0.6418, Accuracy: 68.12%, AUC: 0.68 [VAL] Loss: 0.6672, Accuracy: 65.20%, Precision: 0.61, Recall: 0.70, F1: 0.65, AUC: 0.65
Epoch [34/100] [TRAIN] Loss: 0.6425, Accuracy: 67.84%, AUC: 0.68 [VAL] Loss: 0.6672, Accuracy: 65.30%, Precision: 0.61, Recall: 0.70, F1: 0.65, AUC: 0.66
Epoch [35/100] [TRAIN] Loss: 0.6417, Accuracy: 68.60%, AUC: 0.69 [VAL] Loss: 0.6670, Accuracy: 65.30%, Precision: 0.61, Recall: 0.70, F1: 0.65, AUC: 0.66
Epoch [36/100] [TRAIN] Loss: 0.6425, Accuracy: 68.47%, AUC: 0.69 [VAL] Loss: 0.6669, Accuracy: 65.00%, Precision: 0.61, Recall: 0.70, F1: 0.65, AUC: 0.65
Epoch [37/100] [TRAIN] Loss: 0.6418, Accuracy: 68.40%, AUC: 0.68 [VAL] Loss: 0.6669, Accuracy: 65.00%, Precision: 0.61, Recall: 0.70, F1: 0.65, AUC: 0.65
Epoch [38/100] [TRAIN] Loss: 0.6408, Accuracy: 68.56%, AUC: 0.69 [VAL] Loss: 0.6667, Accuracy: 65.30%, Precision: 0.61, Recall: 0.70, F1: 0.65, AUC: 0.66
Epoch [39/100] [TRAIN] Loss: 0.6398, Accuracy: 68.36%, AUC: 0.68 [VAL] Loss: 0.6665, Accuracy: 65.10%, Precision: 0.61, Recall: 0.70, F1: 0.65, AUC: 0.65
Epoch [40/100] [TRAIN] Loss: 0.6429, Accuracy: 68.03%, AUC: 0.68 [VAL] Loss: 0.6659, Accuracy: 65.20%, Precision: 0.61, Recall: 0.70, F1: 0.65, AUC: 0.66
Epoch [41/100] [TRAIN] Loss: 0.6378, Accuracy: 68.50%, AUC: 0.69 [VAL] Loss: 0.6658, Accuracy: 65.00%, Precision: 0.61, Recall: 0.70, F1: 0.65, AUC: 0.65
Epoch [42/100] [TRAIN] Loss: 0.6403, Accuracy: 68.36%, AUC: 0.68 [VAL] Loss: 0.6657, Accuracy: 65.10%, Precision: 0.61, Recall: 0.70, F1: 0.65, AUC: 0.65
Epoch [43/100] [TRAIN] Loss: 0.6408, Accuracy: 68.10%, AUC: 0.68 [VAL] Loss: 0.6653, Accuracy: 65.10%, Precision: 0.61, Recall: 0.70, F1: 0.65, AUC: 0.65
Epoch [44/100] [TRAIN] Loss: 0.6430, Accuracy: 68.45%, AUC: 0.69 [VAL] Loss: 0.6647, Accuracy: 64.90%, Precision: 0.61, Recall: 0.69, F1: 0.65, AUC: 0.65
Epoch [45/100] [TRAIN] Loss: 0.6391, Accuracy: 68.20%, AUC: 0.68 [VAL] Loss: 0.6645, Accuracy: 65.00%, Precision: 0.61, Recall: 0.69, F1: 0.65, AUC: 0.65
Epoch [46/100] [TRAIN] Loss: 0.6406, Accuracy: 68.39%, AUC: 0.68 [VAL] Loss: 0.6644, Accuracy: 64.90%, Precision: 0.61, Recall: 0.69, F1: 0.65, AUC: 0.65
Epoch [47/100] [TRAIN] Loss: 0.6391, Accuracy: 68.76%, AUC: 0.69 [VAL] Loss: 0.6643, Accuracy: 65.20%, Precision: 0.61, Recall: 0.70, F1: 0.65, AUC: 0.66
Epoch [48/100] [TRAIN] Loss: 0.6399, Accuracy: 68.41%, AUC: 0.68 [VAL] Loss: 0.6641, Accuracy: 65.20%, Precision: 0.61, Recall: 0.70, F1: 0.65, AUC: 0.66
Epoch [49/100] [TRAIN] Loss: 0.6389, Accuracy: 68.54%, AUC: 0.69 [VAL] Loss: 0.6640, Accuracy: 65.20%, Precision: 0.61, Recall: 0.70, F1: 0.65, AUC: 0.66
Epoch [50/100] [TRAIN] Loss: 0.6356, Accuracy: 68.45%, AUC: 0.68 [VAL] Loss: 0.6640, Accuracy: 65.20%, Precision: 0.61, Recall: 0.70, F1: 0.65, AUC: 0.66
Epoch [51/100] [TRAIN] Loss: 0.6407, Accuracy: 68.15%, AUC: 0.68 [VAL] Loss: 0.6637, Accuracy: 64.90%, Precision: 0.61, Recall: 0.69, F1: 0.65, AUC: 0.65
Epoch [52/100] [TRAIN] Loss: 0.6380, Accuracy: 68.33%, AUC: 0.68 [VAL] Loss: 0.6636, Accuracy: 65.00%, Precision: 0.61, Recall: 0.70, F1: 0.65, AUC: 0.65
Epoch [53/100] [TRAIN] Loss: 0.6371, Accuracy: 68.25%, AUC: 0.68 [VAL] Loss: 0.6635, Accuracy: 65.10%, Precision: 0.61, Recall: 0.70, F1: 0.65, AUC: 0.65
Epoch [54/100] [TRAIN] Loss: 0.6382, Accuracy: 68.84%, AUC: 0.69 [VAL] Loss: 0.6632, Accuracy: 65.10%, Precision: 0.61, Recall: 0.70, F1: 0.65, AUC: 0.65
Epoch [55/100] [TRAIN] Loss: 0.6377, Accuracy: 68.69%, AUC: 0.69 [VAL] Loss: 0.6630, Accuracy: 65.10%, Precision: 0.61, Recall: 0.70, F1: 0.65, AUC: 0.65
Epoch [56/100] [TRAIN] Loss: 0.6361, Accuracy: 68.60%, AUC: 0.69 [VAL] Loss: 0.6631, Accuracy: 65.10%, Precision: 0.61, Recall: 0.70, F1: 0.65, AUC: 0.65
Epoch [57/100] [TRAIN] Loss: 0.6389, Accuracy: 68.75%, AUC: 0.69 [VAL] Loss: 0.6628, Accuracy: 65.20%, Precision: 0.61, Recall: 0.70, F1: 0.65, AUC: 0.66
Epoch [58/100] [TRAIN] Loss: 0.6389, Accuracy: 68.59%, AUC: 0.69 [VAL] Loss: 0.6629, Accuracy: 65.20%, Precision: 0.61, Recall: 0.70, F1: 0.65, AUC: 0.66
Epoch [59/100] [TRAIN] Loss: 0.6363, Accuracy: 68.78%, AUC: 0.69 [VAL] Loss: 0.6628, Accuracy: 65.20%, Precision: 0.61, Recall: 0.70, F1: 0.65, AUC: 0.66
Epoch [60/100] [TRAIN] Loss: 0.6358, Accuracy: 68.69%, AUC: 0.69 [VAL] Loss: 0.6626, Accuracy: 65.20%, Precision: 0.61, Recall: 0.70, F1: 0.65, AUC: 0.66
Epoch [61/100] [TRAIN] Loss: 0.6376, Accuracy: 68.56%, AUC: 0.69 [VAL] Loss: 0.6623, Accuracy: 65.20%, Precision: 0.61, Recall: 0.70, F1: 0.65, AUC: 0.66
Epoch [62/100] [TRAIN] Loss: 0.6375, Accuracy: 68.17%, AUC: 0.68 [VAL] Loss: 0.6621, Accuracy: 65.20%, Precision: 0.61, Recall: 0.70, F1: 0.65, AUC: 0.66
Epoch [63/100] [TRAIN] Loss: 0.6342, Accuracy: 68.45%, AUC: 0.68 [VAL] Loss: 0.6623, Accuracy: 65.20%, Precision: 0.61, Recall: 0.70, F1: 0.65, AUC: 0.66
Epoch [64/100] [TRAIN] Loss: 0.6360, Accuracy: 68.54%, AUC: 0.69 [VAL] Loss: 0.6619, Accuracy: 65.20%, Precision: 0.61, Recall: 0.70, F1: 0.65, AUC: 0.66
Epoch [65/100] [TRAIN] Loss: 0.6355, Accuracy: 68.83%, AUC: 0.69 [VAL] Loss: 0.6618, Accuracy: 65.20%, Precision: 0.61, Recall: 0.70, F1: 0.65, AUC: 0.66
Epoch [66/100] [TRAIN] Loss: 0.6352, Accuracy: 68.80%, AUC: 0.69 [VAL] Loss: 0.6616, Accuracy: 65.20%, Precision: 0.61, Recall: 0.70, F1: 0.65, AUC: 0.66
Epoch [67/100] [TRAIN] Loss: 0.6351, Accuracy: 68.31%, AUC: 0.68 [VAL] Loss: 0.6615, Accuracy: 64.90%, Precision: 0.61, Recall: 0.69, F1: 0.65, AUC: 0.65
Epoch [68/100] [TRAIN] Loss: 0.6360, Accuracy: 68.46%, AUC: 0.68 [VAL] Loss: 0.6614, Accuracy: 65.10%, Precision: 0.61, Recall: 0.70, F1: 0.65, AUC: 0.65
Epoch [69/100] [TRAIN] Loss: 0.6346, Accuracy: 68.58%, AUC: 0.69 [VAL] Loss: 0.6615, Accuracy: 65.20%, Precision: 0.61, Recall: 0.70, F1: 0.65, AUC: 0.66
Epoch [70/100] [TRAIN] Loss: 0.6338, Accuracy: 68.72%, AUC: 0.69 [VAL] Loss: 0.6611, Accuracy: 65.10%, Precision: 0.61, Recall: 0.70, F1: 0.65, AUC: 0.65
Epoch [71/100] [TRAIN] Loss: 0.6351, Accuracy: 68.60%, AUC: 0.69 [VAL] Loss: 0.6605, Accuracy: 65.00%, Precision: 0.61, Recall: 0.70, F1: 0.65, AUC: 0.65
Epoch [72/100] [TRAIN] Loss: 0.6356, Accuracy: 68.40%, AUC: 0.68 [VAL] Loss: 0.6604, Accuracy: 65.30%, Precision: 0.61, Recall: 0.70, F1: 0.65, AUC: 0.66
Epoch [73/100] [TRAIN] Loss: 0.6342, Accuracy: 68.44%, AUC: 0.68 [VAL] Loss: 0.6605, Accuracy: 65.30%, Precision: 0.61, Recall: 0.70, F1: 0.65, AUC: 0.66
Epoch [74/100] [TRAIN] Loss: 0.6337, Accuracy: 68.53%, AUC: 0.69 [VAL] Loss: 0.6603, Accuracy: 65.10%, Precision: 0.61, Recall: 0.70, F1: 0.65, AUC: 0.65
Epoch [75/100] [TRAIN] Loss: 0.6347, Accuracy: 68.67%, AUC: 0.69 [VAL] Loss: 0.6601, Accuracy: 65.10%, Precision: 0.61, Recall: 0.70, F1: 0.65, AUC: 0.65
Epoch [76/100] [TRAIN] Loss: 0.6357, Accuracy: 68.29%, AUC: 0.68 [VAL] Loss: 0.6598, Accuracy: 65.10%, Precision: 0.61, Recall: 0.70, F1: 0.65, AUC: 0.65
Epoch [77/100] [TRAIN] Loss: 0.6339, Accuracy: 68.69%, AUC: 0.69 [VAL] Loss: 0.6597, Accuracy: 65.10%, Precision: 0.61, Recall: 0.70, F1: 0.65, AUC: 0.65
Epoch [78/100] [TRAIN] Loss: 0.6320, Accuracy: 69.58%, AUC: 0.70 [VAL] Loss: 0.6594, Accuracy: 65.00%, Precision: 0.61, Recall: 0.70, F1: 0.65, AUC: 0.65
Epoch [79/100] [TRAIN] Loss: 0.6361, Accuracy: 68.59%, AUC: 0.69 [VAL] Loss: 0.6593, Accuracy: 65.10%, Precision: 0.61, Recall: 0.70, F1: 0.65, AUC: 0.65
Epoch [80/100] [TRAIN] Loss: 0.6348, Accuracy: 68.29%, AUC: 0.68 [VAL] Loss: 0.6593, Accuracy: 65.20%, Precision: 0.61, Recall: 0.70, F1: 0.65, AUC: 0.66
Epoch [81/100] [TRAIN] Loss: 0.6328, Accuracy: 68.39%, AUC: 0.68 [VAL] Loss: 0.6594, Accuracy: 65.10%, Precision: 0.61, Recall: 0.70, F1: 0.65, AUC: 0.65
Epoch [82/100] [TRAIN] Loss: 0.6309, Accuracy: 68.54%, AUC: 0.69 [VAL] Loss: 0.6592, Accuracy: 65.00%, Precision: 0.61, Recall: 0.70, F1: 0.65, AUC: 0.65
Epoch [83/100] [TRAIN] Loss: 0.6341, Accuracy: 68.14%, AUC: 0.68 [VAL] Loss: 0.6588, Accuracy: 65.30%, Precision: 0.61, Recall: 0.70, F1: 0.65, AUC: 0.66
Epoch [84/100] [TRAIN] Loss: 0.6330, Accuracy: 68.26%, AUC: 0.68 [VAL] Loss: 0.6586, Accuracy: 65.30%, Precision: 0.61, Recall: 0.70, F1: 0.65, AUC: 0.66
Epoch [85/100] [TRAIN] Loss: 0.6346, Accuracy: 68.28%, AUC: 0.68 [VAL] Loss: 0.6583, Accuracy: 65.20%, Precision: 0.61, Recall: 0.70, F1: 0.65, AUC: 0.66
Epoch [86/100] [TRAIN] Loss: 0.6346, Accuracy: 68.45%, AUC: 0.68 [VAL] Loss: 0.6580, Accuracy: 65.20%, Precision: 0.61, Recall: 0.70, F1: 0.65, AUC: 0.66
Epoch [87/100] [TRAIN] Loss: 0.6339, Accuracy: 69.06%, AUC: 0.69 [VAL] Loss: 0.6580, Accuracy: 65.30%, Precision: 0.61, Recall: 0.70, F1: 0.65, AUC: 0.66
Epoch [88/100] [TRAIN] Loss: 0.6318, Accuracy: 68.50%, AUC: 0.69 [VAL] Loss: 0.6580, Accuracy: 65.20%, Precision: 0.61, Recall: 0.70, F1: 0.65, AUC: 0.66
Epoch [89/100] [TRAIN] Loss: 0.6333, Accuracy: 68.92%, AUC: 0.69 [VAL] Loss: 0.6582, Accuracy: 65.10%, Precision: 0.61, Recall: 0.70, F1: 0.65, AUC: 0.65
Epoch [90/100] [TRAIN] Loss: 0.6337, Accuracy: 68.35%, AUC: 0.68 [VAL] Loss: 0.6576, Accuracy: 65.40%, Precision: 0.61, Recall: 0.70, F1: 0.65, AUC: 0.66
Epoch [91/100] [TRAIN] Loss: 0.6344, Accuracy: 68.64%, AUC: 0.69 [VAL] Loss: 0.6572, Accuracy: 65.40%, Precision: 0.61, Recall: 0.70, F1: 0.65, AUC: 0.66
Epoch [92/100] [TRAIN] Loss: 0.6337, Accuracy: 68.12%, AUC: 0.68 [VAL] Loss: 0.6574, Accuracy: 65.50%, Precision: 0.61, Recall: 0.70, F1: 0.65, AUC: 0.66
Epoch [93/100] [TRAIN] Loss: 0.6346, Accuracy: 68.38%, AUC: 0.68 [VAL] Loss: 0.6571, Accuracy: 65.60%, Precision: 0.61, Recall: 0.70, F1: 0.66, AUC: 0.66
Epoch [94/100] [TRAIN] Loss: 0.6318, Accuracy: 68.49%, AUC: 0.69 [VAL] Loss: 0.6571, Accuracy: 65.50%, Precision: 0.61, Recall: 0.70, F1: 0.65, AUC: 0.66
Epoch [95/100] [TRAIN] Loss: 0.6324, Accuracy: 68.67%, AUC: 0.69 [VAL] Loss: 0.6570, Accuracy: 65.50%, Precision: 0.61, Recall: 0.70, F1: 0.65, AUC: 0.66
Epoch [96/100] [TRAIN] Loss: 0.6301, Accuracy: 68.66%, AUC: 0.69 [VAL] Loss: 0.6569, Accuracy: 65.40%, Precision: 0.61, Recall: 0.70, F1: 0.65, AUC: 0.66
Epoch [97/100] [TRAIN] Loss: 0.6318, Accuracy: 68.59%, AUC: 0.69 [VAL] Loss: 0.6566, Accuracy: 65.40%, Precision: 0.61, Recall: 0.70, F1: 0.65, AUC: 0.66
Epoch [98/100] [TRAIN] Loss: 0.6282, Accuracy: 68.65%, AUC: 0.69 [VAL] Loss: 0.6567, Accuracy: 65.30%, Precision: 0.61, Recall: 0.70, F1: 0.65, AUC: 0.66
Epoch [99/100] [TRAIN] Loss: 0.6318, Accuracy: 68.60%, AUC: 0.69 [VAL] Loss: 0.6560, Accuracy: 65.40%, Precision: 0.61, Recall: 0.70, F1: 0.65, AUC: 0.66
Epoch [100/100] [TRAIN] Loss: 0.6316, Accuracy: 68.42%, AUC: 0.68 [VAL] Loss: 0.6561, Accuracy: 65.40%, Precision: 0.61, Recall: 0.70, F1: 0.65, AUC: 0.66
  Antisymmetry score:      0.9270
  Total violations:        73 / 1000
  Pairs near boundary:     361 (36.1%)
  Avg |prob-0.5| at violation: 0.0000  (near 0 = boundary issue, larger = real failure)
Seed: 789
Accuracy:  67.50 %
AUC:       0.6777
Precision: 0.6382
Recall:    0.7358
F1-Score:  0.6835

Antisymmetry score:  0.9270  (1.0 = perfect, ~0.5 = random)

Detailed Classification Report:
              precision    recall  f1-score   support

           0       0.72      0.62      0.67       523
           1       0.64      0.74      0.68       477

    accuracy                           0.68      1000
   macro avg       0.68      0.68      0.67      1000
weighted avg       0.68      0.68      0.67      1000


Confusion Matrix:
[[324 199]
 [126 351]]


002-H3K9me3
Train label distribution:
  Label 0:   4257 (53.2%)
  Label 1:   3743 (46.8%)
Val label distribution:
  Label 0:    535 (53.5%)
  Label 1:    465 (46.5%)
Test label distribution:
  Label 0:    523 (52.3%)
  Label 1:    477 (47.7%)
Epoch [1/100] [TRAIN] Loss: 0.7259, Accuracy: 53.58%, AUC: 0.54 [VAL] Loss: 0.7253, Accuracy: 52.10%, Precision: 0.49, Recall: 0.67, F1: 0.57, AUC: 0.53
Epoch [2/100] [TRAIN] Loss: 0.7267, Accuracy: 52.94%, AUC: 0.53 [VAL] Loss: 0.7241, Accuracy: 52.40%, Precision: 0.49, Recall: 0.68, F1: 0.57, AUC: 0.53
Epoch [3/100] [TRAIN] Loss: 0.7259, Accuracy: 53.15%, AUC: 0.53 [VAL] Loss: 0.7232, Accuracy: 52.00%, Precision: 0.49, Recall: 0.67, F1: 0.56, AUC: 0.53
Epoch [4/100] [TRAIN] Loss: 0.7243, Accuracy: 53.90%, AUC: 0.54 [VAL] Loss: 0.7224, Accuracy: 52.20%, Precision: 0.49, Recall: 0.67, F1: 0.56, AUC: 0.53
Epoch [5/100] [TRAIN] Loss: 0.7220, Accuracy: 54.56%, AUC: 0.55 [VAL] Loss: 0.7219, Accuracy: 52.40%, Precision: 0.49, Recall: 0.67, F1: 0.57, AUC: 0.53
Epoch [6/100] [TRAIN] Loss: 0.7206, Accuracy: 55.61%, AUC: 0.56 [VAL] Loss: 0.7214, Accuracy: 52.50%, Precision: 0.49, Recall: 0.67, F1: 0.57, AUC: 0.53
Epoch [7/100] [TRAIN] Loss: 0.7202, Accuracy: 55.86%, AUC: 0.56 [VAL] Loss: 0.7210, Accuracy: 52.50%, Precision: 0.49, Recall: 0.66, F1: 0.57, AUC: 0.53
Epoch [8/100] [TRAIN] Loss: 0.7194, Accuracy: 55.61%, AUC: 0.56 [VAL] Loss: 0.7207, Accuracy: 52.50%, Precision: 0.49, Recall: 0.66, F1: 0.56, AUC: 0.53
Epoch [9/100] [TRAIN] Loss: 0.7186, Accuracy: 55.92%, AUC: 0.56 [VAL] Loss: 0.7204, Accuracy: 52.40%, Precision: 0.49, Recall: 0.66, F1: 0.56, AUC: 0.53
Epoch [10/100] [TRAIN] Loss: 0.7197, Accuracy: 55.79%, AUC: 0.56 [VAL] Loss: 0.7202, Accuracy: 52.30%, Precision: 0.49, Recall: 0.66, F1: 0.56, AUC: 0.53
Epoch [11/100] [TRAIN] Loss: 0.7172, Accuracy: 55.89%, AUC: 0.56 [VAL] Loss: 0.7200, Accuracy: 52.30%, Precision: 0.49, Recall: 0.66, F1: 0.56, AUC: 0.53
Epoch [12/100] [TRAIN] Loss: 0.7181, Accuracy: 55.95%, AUC: 0.56 [VAL] Loss: 0.7199, Accuracy: 52.50%, Precision: 0.49, Recall: 0.66, F1: 0.56, AUC: 0.53
Epoch [13/100] [TRAIN] Loss: 0.7172, Accuracy: 56.24%, AUC: 0.56 [VAL] Loss: 0.7197, Accuracy: 52.50%, Precision: 0.49, Recall: 0.66, F1: 0.56, AUC: 0.53
Epoch [14/100] [TRAIN] Loss: 0.7166, Accuracy: 55.99%, AUC: 0.56 [VAL] Loss: 0.7195, Accuracy: 52.30%, Precision: 0.49, Recall: 0.66, F1: 0.56, AUC: 0.53
Epoch [15/100] [TRAIN] Loss: 0.7164, Accuracy: 56.25%, AUC: 0.56 [VAL] Loss: 0.7194, Accuracy: 52.20%, Precision: 0.49, Recall: 0.66, F1: 0.56, AUC: 0.53
Epoch [16/100] [TRAIN] Loss: 0.7168, Accuracy: 56.50%, AUC: 0.57 [VAL] Loss: 0.7193, Accuracy: 52.00%, Precision: 0.49, Recall: 0.66, F1: 0.56, AUC: 0.53
Epoch [17/100] [TRAIN] Loss: 0.7153, Accuracy: 57.02%, AUC: 0.57 [VAL] Loss: 0.7192, Accuracy: 52.10%, Precision: 0.49, Recall: 0.66, F1: 0.56, AUC: 0.53
Epoch [18/100] [TRAIN] Loss: 0.7157, Accuracy: 56.51%, AUC: 0.57 [VAL] Loss: 0.7192, Accuracy: 52.00%, Precision: 0.49, Recall: 0.66, F1: 0.56, AUC: 0.53
Epoch [19/100] [TRAIN] Loss: 0.7153, Accuracy: 56.66%, AUC: 0.57 [VAL] Loss: 0.7191, Accuracy: 52.00%, Precision: 0.49, Recall: 0.66, F1: 0.56, AUC: 0.53
Epoch [20/100] [TRAIN] Loss: 0.7142, Accuracy: 57.02%, AUC: 0.57 [VAL] Loss: 0.7191, Accuracy: 52.10%, Precision: 0.49, Recall: 0.66, F1: 0.56, AUC: 0.53
Epoch [21/100] [TRAIN] Loss: 0.7147, Accuracy: 56.81%, AUC: 0.57 [VAL] Loss: 0.7190, Accuracy: 51.90%, Precision: 0.49, Recall: 0.65, F1: 0.56, AUC: 0.53
Epoch [22/100] [TRAIN] Loss: 0.7132, Accuracy: 57.58%, AUC: 0.58 [VAL] Loss: 0.7189, Accuracy: 51.90%, Precision: 0.49, Recall: 0.65, F1: 0.56, AUC: 0.53
Epoch [23/100] [TRAIN] Loss: 0.7145, Accuracy: 57.33%, AUC: 0.57 [VAL] Loss: 0.7189, Accuracy: 52.00%, Precision: 0.49, Recall: 0.66, F1: 0.56, AUC: 0.53
Epoch [24/100] [TRAIN] Loss: 0.7137, Accuracy: 56.58%, AUC: 0.57 [VAL] Loss: 0.7188, Accuracy: 51.90%, Precision: 0.49, Recall: 0.66, F1: 0.56, AUC: 0.53
Epoch [25/100] [TRAIN] Loss: 0.7142, Accuracy: 57.04%, AUC: 0.57 [VAL] Loss: 0.7188, Accuracy: 52.10%, Precision: 0.49, Recall: 0.66, F1: 0.56, AUC: 0.53
Epoch [26/100] [TRAIN] Loss: 0.7132, Accuracy: 57.31%, AUC: 0.57 [VAL] Loss: 0.7187, Accuracy: 52.10%, Precision: 0.49, Recall: 0.66, F1: 0.56, AUC: 0.53
Epoch [27/100] [TRAIN] Loss: 0.7134, Accuracy: 57.40%, AUC: 0.57 [VAL] Loss: 0.7187, Accuracy: 52.00%, Precision: 0.49, Recall: 0.65, F1: 0.56, AUC: 0.53
Epoch [28/100] [TRAIN] Loss: 0.7134, Accuracy: 57.08%, AUC: 0.57 [VAL] Loss: 0.7187, Accuracy: 52.10%, Precision: 0.49, Recall: 0.65, F1: 0.56, AUC: 0.53
Epoch [29/100] [TRAIN] Loss: 0.7127, Accuracy: 57.51%, AUC: 0.58 [VAL] Loss: 0.7186, Accuracy: 52.10%, Precision: 0.49, Recall: 0.65, F1: 0.56, AUC: 0.53
Epoch [30/100] [TRAIN] Loss: 0.7115, Accuracy: 56.77%, AUC: 0.57 [VAL] Loss: 0.7186, Accuracy: 52.10%, Precision: 0.49, Recall: 0.65, F1: 0.56, AUC: 0.53
Epoch [31/100] [TRAIN] Loss: 0.7125, Accuracy: 56.71%, AUC: 0.57 [VAL] Loss: 0.7186, Accuracy: 52.10%, Precision: 0.49, Recall: 0.65, F1: 0.56, AUC: 0.53
Epoch [32/100] [TRAIN] Loss: 0.7128, Accuracy: 57.08%, AUC: 0.57 [VAL] Loss: 0.7185, Accuracy: 52.10%, Precision: 0.49, Recall: 0.65, F1: 0.56, AUC: 0.53
Epoch [33/100] [TRAIN] Loss: 0.7133, Accuracy: 56.96%, AUC: 0.57 [VAL] Loss: 0.7185, Accuracy: 52.10%, Precision: 0.49, Recall: 0.65, F1: 0.56, AUC: 0.53
Epoch [34/100] [TRAIN] Loss: 0.7124, Accuracy: 57.25%, AUC: 0.57 [VAL] Loss: 0.7184, Accuracy: 52.10%, Precision: 0.49, Recall: 0.65, F1: 0.56, AUC: 0.53
Epoch [35/100] [TRAIN] Loss: 0.7123, Accuracy: 56.76%, AUC: 0.57 [VAL] Loss: 0.7184, Accuracy: 52.10%, Precision: 0.49, Recall: 0.65, F1: 0.56, AUC: 0.53
Epoch [36/100] [TRAIN] Loss: 0.7118, Accuracy: 57.76%, AUC: 0.58 [VAL] Loss: 0.7184, Accuracy: 52.00%, Precision: 0.49, Recall: 0.65, F1: 0.56, AUC: 0.53
Epoch [37/100] [TRAIN] Loss: 0.7125, Accuracy: 57.01%, AUC: 0.57 [VAL] Loss: 0.7183, Accuracy: 52.10%, Precision: 0.49, Recall: 0.65, F1: 0.56, AUC: 0.53
Epoch [38/100] [TRAIN] Loss: 0.7124, Accuracy: 57.40%, AUC: 0.57 [VAL] Loss: 0.7182, Accuracy: 52.40%, Precision: 0.49, Recall: 0.66, F1: 0.56, AUC: 0.53
Epoch [39/100] [TRAIN] Loss: 0.7114, Accuracy: 57.76%, AUC: 0.58 [VAL] Loss: 0.7182, Accuracy: 52.40%, Precision: 0.49, Recall: 0.66, F1: 0.56, AUC: 0.53
Epoch [40/100] [TRAIN] Loss: 0.7118, Accuracy: 57.17%, AUC: 0.57 [VAL] Loss: 0.7182, Accuracy: 52.40%, Precision: 0.49, Recall: 0.66, F1: 0.56, AUC: 0.53
Epoch [41/100] [TRAIN] Loss: 0.7125, Accuracy: 56.81%, AUC: 0.57 [VAL] Loss: 0.7182, Accuracy: 52.60%, Precision: 0.49, Recall: 0.66, F1: 0.57, AUC: 0.54
Epoch [42/100] [TRAIN] Loss: 0.7103, Accuracy: 57.59%, AUC: 0.58 [VAL] Loss: 0.7181, Accuracy: 52.60%, Precision: 0.49, Recall: 0.66, F1: 0.57, AUC: 0.54
Epoch [43/100] [TRAIN] Loss: 0.7108, Accuracy: 56.99%, AUC: 0.57 [VAL] Loss: 0.7181, Accuracy: 52.70%, Precision: 0.49, Recall: 0.66, F1: 0.57, AUC: 0.54
Epoch [44/100] [TRAIN] Loss: 0.7096, Accuracy: 57.79%, AUC: 0.58 [VAL] Loss: 0.7181, Accuracy: 52.70%, Precision: 0.49, Recall: 0.66, F1: 0.57, AUC: 0.54
Epoch [45/100] [TRAIN] Loss: 0.7114, Accuracy: 57.26%, AUC: 0.57 [VAL] Loss: 0.7181, Accuracy: 52.70%, Precision: 0.49, Recall: 0.66, F1: 0.57, AUC: 0.54
Epoch [46/100] [TRAIN] Loss: 0.7102, Accuracy: 57.01%, AUC: 0.57 [VAL] Loss: 0.7180, Accuracy: 52.70%, Precision: 0.49, Recall: 0.66, F1: 0.57, AUC: 0.54
Epoch [47/100] [TRAIN] Loss: 0.7106, Accuracy: 57.11%, AUC: 0.57 [VAL] Loss: 0.7180, Accuracy: 52.70%, Precision: 0.49, Recall: 0.66, F1: 0.57, AUC: 0.54
Epoch [48/100] [TRAIN] Loss: 0.7092, Accuracy: 58.23%, AUC: 0.58 [VAL] Loss: 0.7180, Accuracy: 52.80%, Precision: 0.49, Recall: 0.66, F1: 0.57, AUC: 0.54
Epoch [49/100] [TRAIN] Loss: 0.7109, Accuracy: 57.60%, AUC: 0.58 [VAL] Loss: 0.7179, Accuracy: 52.90%, Precision: 0.50, Recall: 0.66, F1: 0.57, AUC: 0.54
Epoch [50/100] [TRAIN] Loss: 0.7110, Accuracy: 56.95%, AUC: 0.57 [VAL] Loss: 0.7179, Accuracy: 53.00%, Precision: 0.50, Recall: 0.66, F1: 0.57, AUC: 0.54
Epoch [51/100] [TRAIN] Loss: 0.7103, Accuracy: 57.26%, AUC: 0.57 [VAL] Loss: 0.7178, Accuracy: 53.00%, Precision: 0.50, Recall: 0.66, F1: 0.57, AUC: 0.54
Epoch [52/100] [TRAIN] Loss: 0.7108, Accuracy: 57.05%, AUC: 0.57 [VAL] Loss: 0.7178, Accuracy: 52.90%, Precision: 0.50, Recall: 0.66, F1: 0.57, AUC: 0.54
Epoch [53/100] [TRAIN] Loss: 0.7097, Accuracy: 57.76%, AUC: 0.58 [VAL] Loss: 0.7177, Accuracy: 52.80%, Precision: 0.49, Recall: 0.66, F1: 0.57, AUC: 0.54
Epoch [54/100] [TRAIN] Loss: 0.7113, Accuracy: 56.95%, AUC: 0.57 [VAL] Loss: 0.7177, Accuracy: 52.90%, Precision: 0.50, Recall: 0.66, F1: 0.57, AUC: 0.54
Epoch [55/100] [TRAIN] Loss: 0.7096, Accuracy: 57.88%, AUC: 0.58 [VAL] Loss: 0.7177, Accuracy: 52.90%, Precision: 0.50, Recall: 0.66, F1: 0.57, AUC: 0.54
Epoch [56/100] [TRAIN] Loss: 0.7110, Accuracy: 57.15%, AUC: 0.57 [VAL] Loss: 0.7176, Accuracy: 52.80%, Precision: 0.49, Recall: 0.66, F1: 0.57, AUC: 0.54
Epoch [57/100] [TRAIN] Loss: 0.7095, Accuracy: 57.20%, AUC: 0.57 [VAL] Loss: 0.7176, Accuracy: 52.80%, Precision: 0.49, Recall: 0.66, F1: 0.57, AUC: 0.54
Epoch [58/100] [TRAIN] Loss: 0.7115, Accuracy: 57.49%, AUC: 0.58 [VAL] Loss: 0.7175, Accuracy: 52.80%, Precision: 0.49, Recall: 0.66, F1: 0.57, AUC: 0.54
Epoch [59/100] [TRAIN] Loss: 0.7094, Accuracy: 58.01%, AUC: 0.58 [VAL] Loss: 0.7175, Accuracy: 52.80%, Precision: 0.49, Recall: 0.66, F1: 0.57, AUC: 0.54
Epoch [60/100] [TRAIN] Loss: 0.7101, Accuracy: 57.06%, AUC: 0.57 [VAL] Loss: 0.7175, Accuracy: 52.80%, Precision: 0.49, Recall: 0.66, F1: 0.57, AUC: 0.54
Epoch [61/100] [TRAIN] Loss: 0.7102, Accuracy: 57.65%, AUC: 0.58 [VAL] Loss: 0.7174, Accuracy: 52.80%, Precision: 0.49, Recall: 0.66, F1: 0.57, AUC: 0.54
Epoch [62/100] [TRAIN] Loss: 0.7095, Accuracy: 57.33%, AUC: 0.57 [VAL] Loss: 0.7174, Accuracy: 52.80%, Precision: 0.49, Recall: 0.66, F1: 0.57, AUC: 0.54
Epoch [63/100] [TRAIN] Loss: 0.7086, Accuracy: 57.79%, AUC: 0.58 [VAL] Loss: 0.7174, Accuracy: 52.80%, Precision: 0.49, Recall: 0.66, F1: 0.57, AUC: 0.54
Epoch [64/100] [TRAIN] Loss: 0.7103, Accuracy: 56.51%, AUC: 0.57 [VAL] Loss: 0.7173, Accuracy: 52.90%, Precision: 0.50, Recall: 0.66, F1: 0.57, AUC: 0.54
Epoch [65/100] [TRAIN] Loss: 0.7097, Accuracy: 57.24%, AUC: 0.57 [VAL] Loss: 0.7173, Accuracy: 52.90%, Precision: 0.50, Recall: 0.66, F1: 0.57, AUC: 0.54
Epoch [66/100] [TRAIN] Loss: 0.7090, Accuracy: 57.41%, AUC: 0.57 [VAL] Loss: 0.7172, Accuracy: 52.90%, Precision: 0.50, Recall: 0.66, F1: 0.57, AUC: 0.54
Epoch [67/100] [TRAIN] Loss: 0.7091, Accuracy: 57.54%, AUC: 0.58 [VAL] Loss: 0.7172, Accuracy: 52.90%, Precision: 0.50, Recall: 0.66, F1: 0.57, AUC: 0.54
Epoch [68/100] [TRAIN] Loss: 0.7085, Accuracy: 57.52%, AUC: 0.58 [VAL] Loss: 0.7172, Accuracy: 52.80%, Precision: 0.49, Recall: 0.66, F1: 0.57, AUC: 0.54
Epoch [69/100] [TRAIN] Loss: 0.7092, Accuracy: 56.74%, AUC: 0.57 [VAL] Loss: 0.7172, Accuracy: 52.80%, Precision: 0.49, Recall: 0.66, F1: 0.57, AUC: 0.54
Epoch [70/100] [TRAIN] Loss: 0.7094, Accuracy: 57.42%, AUC: 0.57 [VAL] Loss: 0.7171, Accuracy: 52.70%, Precision: 0.49, Recall: 0.66, F1: 0.57, AUC: 0.54
Epoch [71/100] [TRAIN] Loss: 0.7090, Accuracy: 57.02%, AUC: 0.57 [VAL] Loss: 0.7171, Accuracy: 52.70%, Precision: 0.49, Recall: 0.66, F1: 0.57, AUC: 0.54
Epoch [72/100] [TRAIN] Loss: 0.7077, Accuracy: 57.91%, AUC: 0.58 [VAL] Loss: 0.7171, Accuracy: 52.70%, Precision: 0.49, Recall: 0.66, F1: 0.57, AUC: 0.54
Epoch [73/100] [TRAIN] Loss: 0.7077, Accuracy: 57.65%, AUC: 0.58 [VAL] Loss: 0.7171, Accuracy: 52.70%, Precision: 0.49, Recall: 0.66, F1: 0.57, AUC: 0.54
Epoch [74/100] [TRAIN] Loss: 0.7090, Accuracy: 57.01%, AUC: 0.57 [VAL] Loss: 0.7170, Accuracy: 52.70%, Precision: 0.49, Recall: 0.66, F1: 0.57, AUC: 0.54
Epoch [75/100] [TRAIN] Loss: 0.7078, Accuracy: 58.15%, AUC: 0.58 [VAL] Loss: 0.7170, Accuracy: 52.70%, Precision: 0.49, Recall: 0.66, F1: 0.57, AUC: 0.54
Epoch [76/100] [TRAIN] Loss: 0.7091, Accuracy: 57.83%, AUC: 0.58 [VAL] Loss: 0.7170, Accuracy: 52.70%, Precision: 0.49, Recall: 0.66, F1: 0.57, AUC: 0.54
Epoch [77/100] [TRAIN] Loss: 0.7081, Accuracy: 57.24%, AUC: 0.57 [VAL] Loss: 0.7170, Accuracy: 52.70%, Precision: 0.49, Recall: 0.66, F1: 0.57, AUC: 0.54
Epoch [78/100] [TRAIN] Loss: 0.7086, Accuracy: 57.30%, AUC: 0.57 [VAL] Loss: 0.7169, Accuracy: 52.50%, Precision: 0.49, Recall: 0.66, F1: 0.56, AUC: 0.53
Epoch [79/100] [TRAIN] Loss: 0.7081, Accuracy: 57.31%, AUC: 0.57 [VAL] Loss: 0.7169, Accuracy: 52.60%, Precision: 0.49, Recall: 0.66, F1: 0.57, AUC: 0.53
Epoch [80/100] [TRAIN] Loss: 0.7080, Accuracy: 56.98%, AUC: 0.57 [VAL] Loss: 0.7169, Accuracy: 52.50%, Precision: 0.49, Recall: 0.66, F1: 0.56, AUC: 0.53
Epoch [81/100] [TRAIN] Loss: 0.7085, Accuracy: 57.17%, AUC: 0.57 [VAL] Loss: 0.7168, Accuracy: 52.50%, Precision: 0.49, Recall: 0.66, F1: 0.56, AUC: 0.53
Epoch [82/100] [TRAIN] Loss: 0.7079, Accuracy: 57.62%, AUC: 0.58 [VAL] Loss: 0.7168, Accuracy: 52.60%, Precision: 0.49, Recall: 0.66, F1: 0.57, AUC: 0.53
Epoch [83/100] [TRAIN] Loss: 0.7076, Accuracy: 57.44%, AUC: 0.58 [VAL] Loss: 0.7168, Accuracy: 52.50%, Precision: 0.49, Recall: 0.66, F1: 0.56, AUC: 0.53
Epoch [84/100] [TRAIN] Loss: 0.7081, Accuracy: 57.52%, AUC: 0.58 [VAL] Loss: 0.7167, Accuracy: 52.60%, Precision: 0.49, Recall: 0.66, F1: 0.57, AUC: 0.53
Epoch [85/100] [TRAIN] Loss: 0.7068, Accuracy: 57.74%, AUC: 0.58 [VAL] Loss: 0.7167, Accuracy: 52.60%, Precision: 0.49, Recall: 0.66, F1: 0.57, AUC: 0.53
Epoch [86/100] [TRAIN] Loss: 0.7067, Accuracy: 57.96%, AUC: 0.58 [VAL] Loss: 0.7167, Accuracy: 52.60%, Precision: 0.49, Recall: 0.66, F1: 0.57, AUC: 0.53
Epoch [87/100] [TRAIN] Loss: 0.7075, Accuracy: 58.38%, AUC: 0.58 [VAL] Loss: 0.7167, Accuracy: 52.60%, Precision: 0.49, Recall: 0.66, F1: 0.57, AUC: 0.53
Epoch [88/100] [TRAIN] Loss: 0.7060, Accuracy: 58.26%, AUC: 0.58 [VAL] Loss: 0.7167, Accuracy: 52.60%, Precision: 0.49, Recall: 0.66, F1: 0.57, AUC: 0.53
Epoch [89/100] [TRAIN] Loss: 0.7073, Accuracy: 57.71%, AUC: 0.58 [VAL] Loss: 0.7167, Accuracy: 52.60%, Precision: 0.49, Recall: 0.66, F1: 0.57, AUC: 0.53
Epoch [90/100] [TRAIN] Loss: 0.7070, Accuracy: 57.70%, AUC: 0.58 [VAL] Loss: 0.7166, Accuracy: 52.60%, Precision: 0.49, Recall: 0.66, F1: 0.57, AUC: 0.53
Epoch [91/100] [TRAIN] Loss: 0.7063, Accuracy: 57.52%, AUC: 0.58 [VAL] Loss: 0.7167, Accuracy: 52.60%, Precision: 0.49, Recall: 0.66, F1: 0.57, AUC: 0.53
Epoch [92/100] [TRAIN] Loss: 0.7084, Accuracy: 58.02%, AUC: 0.58 [VAL] Loss: 0.7167, Accuracy: 52.60%, Precision: 0.49, Recall: 0.66, F1: 0.57, AUC: 0.53
Epoch [93/100] [TRAIN] Loss: 0.7067, Accuracy: 57.69%, AUC: 0.58 [VAL] Loss: 0.7167, Accuracy: 52.60%, Precision: 0.49, Recall: 0.66, F1: 0.57, AUC: 0.53
Epoch [94/100] [TRAIN] Loss: 0.7081, Accuracy: 58.20%, AUC: 0.58 [VAL] Loss: 0.7166, Accuracy: 52.60%, Precision: 0.49, Recall: 0.66, F1: 0.57, AUC: 0.53
Epoch [95/100] [TRAIN] Loss: 0.7064, Accuracy: 58.17%, AUC: 0.58 [VAL] Loss: 0.7166, Accuracy: 52.60%, Precision: 0.49, Recall: 0.66, F1: 0.57, AUC: 0.53
Epoch [96/100] [TRAIN] Loss: 0.7065, Accuracy: 57.94%, AUC: 0.58 [VAL] Loss: 0.7166, Accuracy: 52.60%, Precision: 0.49, Recall: 0.66, F1: 0.57, AUC: 0.53
Epoch [97/100] [TRAIN] Loss: 0.7075, Accuracy: 57.62%, AUC: 0.58 [VAL] Loss: 0.7166, Accuracy: 52.60%, Precision: 0.49, Recall: 0.66, F1: 0.57, AUC: 0.53
  Early stopping at epoch 97 (no val_loss improvement for 10 epochs)
  Antisymmetry score:      0.7790
  Total violations:        221 / 1000
  Pairs near boundary:     767 (76.7%)
  Avg |prob-0.5| at violation: 0.0000  (near 0 = boundary issue, larger = real failure)
Seed: 789
Accuracy:  56.50 %
AUC:       0.5704
Precision: 0.5342
Recall:    0.6876
F1-Score:  0.6013

Antisymmetry score:  0.7790  (1.0 = perfect, ~0.5 = random)

Detailed Classification Report:
              precision    recall  f1-score   support

           0       0.61      0.45      0.52       523
           1       0.53      0.69      0.60       477

    accuracy                           0.56      1000
   macro avg       0.57      0.57      0.56      1000
weighted avg       0.58      0.56      0.56      1000


Confusion Matrix:
[[237 286]
 [149 328]]


003-H3K27ac
Train label distribution:
  Label 0:   4257 (53.2%)
  Label 1:   3743 (46.8%)
Val label distribution:
  Label 0:    535 (53.5%)
  Label 1:    465 (46.5%)
Test label distribution:
  Label 0:    523 (52.3%)
  Label 1:    477 (47.7%)
Epoch [1/100] [TRAIN] Loss: 0.7340, Accuracy: 57.99%, AUC: 0.58 [VAL] Loss: 0.6812, Accuracy: 63.80%, Precision: 0.59, Recall: 0.71, F1: 0.65, AUC: 0.64
Epoch [2/100] [TRAIN] Loss: 0.6793, Accuracy: 66.76%, AUC: 0.67 [VAL] Loss: 0.6745, Accuracy: 64.30%, Precision: 0.60, Recall: 0.71, F1: 0.65, AUC: 0.65
Epoch [3/100] [TRAIN] Loss: 0.6703, Accuracy: 67.51%, AUC: 0.68 [VAL] Loss: 0.6690, Accuracy: 64.20%, Precision: 0.60, Recall: 0.72, F1: 0.65, AUC: 0.65
Epoch [4/100] [TRAIN] Loss: 0.6634, Accuracy: 67.95%, AUC: 0.68 [VAL] Loss: 0.6662, Accuracy: 64.40%, Precision: 0.60, Recall: 0.72, F1: 0.65, AUC: 0.65
Epoch [5/100] [TRAIN] Loss: 0.6625, Accuracy: 68.12%, AUC: 0.68 [VAL] Loss: 0.6634, Accuracy: 64.50%, Precision: 0.60, Recall: 0.72, F1: 0.65, AUC: 0.65
Epoch [6/100] [TRAIN] Loss: 0.6618, Accuracy: 68.28%, AUC: 0.68 [VAL] Loss: 0.6623, Accuracy: 64.20%, Precision: 0.60, Recall: 0.72, F1: 0.65, AUC: 0.65
Epoch [7/100] [TRAIN] Loss: 0.6611, Accuracy: 68.49%, AUC: 0.69 [VAL] Loss: 0.6604, Accuracy: 64.20%, Precision: 0.60, Recall: 0.71, F1: 0.65, AUC: 0.65
Epoch [8/100] [TRAIN] Loss: 0.6551, Accuracy: 68.51%, AUC: 0.69 [VAL] Loss: 0.6595, Accuracy: 64.00%, Precision: 0.59, Recall: 0.71, F1: 0.65, AUC: 0.64
Epoch [9/100] [TRAIN] Loss: 0.6517, Accuracy: 68.88%, AUC: 0.69 [VAL] Loss: 0.6587, Accuracy: 63.60%, Precision: 0.59, Recall: 0.71, F1: 0.64, AUC: 0.64
Epoch [10/100] [TRAIN] Loss: 0.6491, Accuracy: 68.96%, AUC: 0.69 [VAL] Loss: 0.6579, Accuracy: 63.70%, Precision: 0.59, Recall: 0.71, F1: 0.64, AUC: 0.64
Epoch [11/100] [TRAIN] Loss: 0.6482, Accuracy: 68.67%, AUC: 0.69 [VAL] Loss: 0.6577, Accuracy: 64.10%, Precision: 0.59, Recall: 0.71, F1: 0.65, AUC: 0.65
Epoch [12/100] [TRAIN] Loss: 0.6482, Accuracy: 68.95%, AUC: 0.69 [VAL] Loss: 0.6573, Accuracy: 64.00%, Precision: 0.59, Recall: 0.71, F1: 0.65, AUC: 0.64
Epoch [13/100] [TRAIN] Loss: 0.6468, Accuracy: 69.20%, AUC: 0.69 [VAL] Loss: 0.6570, Accuracy: 64.10%, Precision: 0.59, Recall: 0.71, F1: 0.65, AUC: 0.65
Epoch [14/100] [TRAIN] Loss: 0.6451, Accuracy: 69.46%, AUC: 0.70 [VAL] Loss: 0.6568, Accuracy: 64.10%, Precision: 0.59, Recall: 0.71, F1: 0.65, AUC: 0.65
Epoch [15/100] [TRAIN] Loss: 0.6415, Accuracy: 69.34%, AUC: 0.69 [VAL] Loss: 0.6563, Accuracy: 64.20%, Precision: 0.60, Recall: 0.71, F1: 0.65, AUC: 0.65
Epoch [16/100] [TRAIN] Loss: 0.6446, Accuracy: 69.08%, AUC: 0.69 [VAL] Loss: 0.6556, Accuracy: 64.10%, Precision: 0.60, Recall: 0.71, F1: 0.65, AUC: 0.65
Epoch [17/100] [TRAIN] Loss: 0.6435, Accuracy: 69.26%, AUC: 0.69 [VAL] Loss: 0.6553, Accuracy: 64.10%, Precision: 0.60, Recall: 0.71, F1: 0.65, AUC: 0.65
Epoch [18/100] [TRAIN] Loss: 0.6433, Accuracy: 69.12%, AUC: 0.69 [VAL] Loss: 0.6549, Accuracy: 64.00%, Precision: 0.59, Recall: 0.71, F1: 0.65, AUC: 0.64
Epoch [19/100] [TRAIN] Loss: 0.6404, Accuracy: 68.75%, AUC: 0.69 [VAL] Loss: 0.6545, Accuracy: 64.20%, Precision: 0.60, Recall: 0.71, F1: 0.65, AUC: 0.65
Epoch [20/100] [TRAIN] Loss: 0.6422, Accuracy: 68.61%, AUC: 0.69 [VAL] Loss: 0.6544, Accuracy: 64.20%, Precision: 0.60, Recall: 0.71, F1: 0.65, AUC: 0.65
Epoch [21/100] [TRAIN] Loss: 0.6371, Accuracy: 69.17%, AUC: 0.69 [VAL] Loss: 0.6542, Accuracy: 64.30%, Precision: 0.60, Recall: 0.72, F1: 0.65, AUC: 0.65
Epoch [22/100] [TRAIN] Loss: 0.6382, Accuracy: 69.03%, AUC: 0.69 [VAL] Loss: 0.6539, Accuracy: 64.30%, Precision: 0.60, Recall: 0.71, F1: 0.65, AUC: 0.65
Epoch [23/100] [TRAIN] Loss: 0.6411, Accuracy: 68.72%, AUC: 0.69 [VAL] Loss: 0.6536, Accuracy: 64.30%, Precision: 0.60, Recall: 0.71, F1: 0.65, AUC: 0.65
Epoch [24/100] [TRAIN] Loss: 0.6377, Accuracy: 69.16%, AUC: 0.69 [VAL] Loss: 0.6536, Accuracy: 64.30%, Precision: 0.60, Recall: 0.71, F1: 0.65, AUC: 0.65
Epoch [25/100] [TRAIN] Loss: 0.6371, Accuracy: 68.65%, AUC: 0.69 [VAL] Loss: 0.6534, Accuracy: 64.40%, Precision: 0.60, Recall: 0.72, F1: 0.65, AUC: 0.65
Epoch [26/100] [TRAIN] Loss: 0.6384, Accuracy: 68.79%, AUC: 0.69 [VAL] Loss: 0.6533, Accuracy: 64.30%, Precision: 0.60, Recall: 0.71, F1: 0.65, AUC: 0.65
Epoch [27/100] [TRAIN] Loss: 0.6386, Accuracy: 69.06%, AUC: 0.69 [VAL] Loss: 0.6528, Accuracy: 64.40%, Precision: 0.60, Recall: 0.71, F1: 0.65, AUC: 0.65
Epoch [28/100] [TRAIN] Loss: 0.6373, Accuracy: 69.40%, AUC: 0.69 [VAL] Loss: 0.6527, Accuracy: 64.30%, Precision: 0.60, Recall: 0.71, F1: 0.65, AUC: 0.65
Epoch [29/100] [TRAIN] Loss: 0.6356, Accuracy: 69.21%, AUC: 0.69 [VAL] Loss: 0.6521, Accuracy: 64.40%, Precision: 0.60, Recall: 0.71, F1: 0.65, AUC: 0.65
Epoch [30/100] [TRAIN] Loss: 0.6359, Accuracy: 68.66%, AUC: 0.69 [VAL] Loss: 0.6518, Accuracy: 64.10%, Precision: 0.59, Recall: 0.71, F1: 0.65, AUC: 0.65
Epoch [31/100] [TRAIN] Loss: 0.6342, Accuracy: 69.11%, AUC: 0.69 [VAL] Loss: 0.6515, Accuracy: 64.10%, Precision: 0.60, Recall: 0.71, F1: 0.65, AUC: 0.65
Epoch [32/100] [TRAIN] Loss: 0.6353, Accuracy: 69.12%, AUC: 0.69 [VAL] Loss: 0.6511, Accuracy: 64.20%, Precision: 0.60, Recall: 0.71, F1: 0.65, AUC: 0.65
Epoch [33/100] [TRAIN] Loss: 0.6325, Accuracy: 69.53%, AUC: 0.70 [VAL] Loss: 0.6510, Accuracy: 64.00%, Precision: 0.59, Recall: 0.71, F1: 0.65, AUC: 0.64
Epoch [34/100] [TRAIN] Loss: 0.6331, Accuracy: 68.80%, AUC: 0.69 [VAL] Loss: 0.6508, Accuracy: 64.00%, Precision: 0.59, Recall: 0.71, F1: 0.65, AUC: 0.64
Epoch [35/100] [TRAIN] Loss: 0.6335, Accuracy: 69.86%, AUC: 0.70 [VAL] Loss: 0.6504, Accuracy: 64.50%, Precision: 0.60, Recall: 0.72, F1: 0.65, AUC: 0.65
Epoch [36/100] [TRAIN] Loss: 0.6308, Accuracy: 69.62%, AUC: 0.70 [VAL] Loss: 0.6501, Accuracy: 64.30%, Precision: 0.60, Recall: 0.71, F1: 0.65, AUC: 0.65
Epoch [37/100] [TRAIN] Loss: 0.6337, Accuracy: 69.06%, AUC: 0.69 [VAL] Loss: 0.6497, Accuracy: 64.40%, Precision: 0.60, Recall: 0.71, F1: 0.65, AUC: 0.65
Epoch [38/100] [TRAIN] Loss: 0.6318, Accuracy: 69.42%, AUC: 0.69 [VAL] Loss: 0.6494, Accuracy: 64.40%, Precision: 0.60, Recall: 0.71, F1: 0.65, AUC: 0.65
Epoch [39/100] [TRAIN] Loss: 0.6371, Accuracy: 69.62%, AUC: 0.70 [VAL] Loss: 0.6491, Accuracy: 64.40%, Precision: 0.60, Recall: 0.71, F1: 0.65, AUC: 0.65
Epoch [40/100] [TRAIN] Loss: 0.6308, Accuracy: 69.39%, AUC: 0.69 [VAL] Loss: 0.6488, Accuracy: 64.40%, Precision: 0.60, Recall: 0.71, F1: 0.65, AUC: 0.65
Epoch [41/100] [TRAIN] Loss: 0.6315, Accuracy: 69.15%, AUC: 0.69 [VAL] Loss: 0.6488, Accuracy: 64.40%, Precision: 0.60, Recall: 0.72, F1: 0.65, AUC: 0.65
Epoch [42/100] [TRAIN] Loss: 0.6317, Accuracy: 68.71%, AUC: 0.69 [VAL] Loss: 0.6485, Accuracy: 64.30%, Precision: 0.60, Recall: 0.72, F1: 0.65, AUC: 0.65
Epoch [43/100] [TRAIN] Loss: 0.6316, Accuracy: 69.04%, AUC: 0.69 [VAL] Loss: 0.6483, Accuracy: 64.30%, Precision: 0.60, Recall: 0.71, F1: 0.65, AUC: 0.65
Epoch [44/100] [TRAIN] Loss: 0.6293, Accuracy: 69.85%, AUC: 0.70 [VAL] Loss: 0.6478, Accuracy: 64.40%, Precision: 0.60, Recall: 0.72, F1: 0.65, AUC: 0.65
Epoch [45/100] [TRAIN] Loss: 0.6315, Accuracy: 69.33%, AUC: 0.69 [VAL] Loss: 0.6478, Accuracy: 64.40%, Precision: 0.60, Recall: 0.71, F1: 0.65, AUC: 0.65
Epoch [46/100] [TRAIN] Loss: 0.6319, Accuracy: 69.08%, AUC: 0.69 [VAL] Loss: 0.6475, Accuracy: 64.50%, Precision: 0.60, Recall: 0.72, F1: 0.65, AUC: 0.65
Epoch [47/100] [TRAIN] Loss: 0.6293, Accuracy: 69.31%, AUC: 0.69 [VAL] Loss: 0.6474, Accuracy: 64.50%, Precision: 0.60, Recall: 0.72, F1: 0.65, AUC: 0.65
Epoch [48/100] [TRAIN] Loss: 0.6301, Accuracy: 69.69%, AUC: 0.70 [VAL] Loss: 0.6469, Accuracy: 64.50%, Precision: 0.60, Recall: 0.72, F1: 0.65, AUC: 0.65
Epoch [49/100] [TRAIN] Loss: 0.6306, Accuracy: 69.19%, AUC: 0.69 [VAL] Loss: 0.6468, Accuracy: 64.30%, Precision: 0.60, Recall: 0.72, F1: 0.65, AUC: 0.65
Epoch [50/100] [TRAIN] Loss: 0.6277, Accuracy: 69.71%, AUC: 0.70 [VAL] Loss: 0.6468, Accuracy: 64.40%, Precision: 0.60, Recall: 0.72, F1: 0.65, AUC: 0.65
Epoch [51/100] [TRAIN] Loss: 0.6265, Accuracy: 69.35%, AUC: 0.69 [VAL] Loss: 0.6466, Accuracy: 64.50%, Precision: 0.60, Recall: 0.72, F1: 0.65, AUC: 0.65
Epoch [52/100] [TRAIN] Loss: 0.6276, Accuracy: 68.88%, AUC: 0.69 [VAL] Loss: 0.6463, Accuracy: 64.40%, Precision: 0.60, Recall: 0.72, F1: 0.65, AUC: 0.65
Epoch [53/100] [TRAIN] Loss: 0.6256, Accuracy: 69.45%, AUC: 0.69 [VAL] Loss: 0.6458, Accuracy: 64.50%, Precision: 0.60, Recall: 0.72, F1: 0.65, AUC: 0.65
Epoch [54/100] [TRAIN] Loss: 0.6265, Accuracy: 69.15%, AUC: 0.69 [VAL] Loss: 0.6457, Accuracy: 64.50%, Precision: 0.60, Recall: 0.71, F1: 0.65, AUC: 0.65
Epoch [55/100] [TRAIN] Loss: 0.6271, Accuracy: 69.56%, AUC: 0.70 [VAL] Loss: 0.6454, Accuracy: 64.30%, Precision: 0.60, Recall: 0.71, F1: 0.65, AUC: 0.65
Epoch [56/100] [TRAIN] Loss: 0.6261, Accuracy: 69.19%, AUC: 0.69 [VAL] Loss: 0.6454, Accuracy: 64.20%, Precision: 0.60, Recall: 0.71, F1: 0.65, AUC: 0.65
Epoch [57/100] [TRAIN] Loss: 0.6280, Accuracy: 68.74%, AUC: 0.69 [VAL] Loss: 0.6449, Accuracy: 64.30%, Precision: 0.60, Recall: 0.71, F1: 0.65, AUC: 0.65
Epoch [58/100] [TRAIN] Loss: 0.6278, Accuracy: 69.39%, AUC: 0.69 [VAL] Loss: 0.6449, Accuracy: 64.00%, Precision: 0.59, Recall: 0.71, F1: 0.65, AUC: 0.64
Epoch [59/100] [TRAIN] Loss: 0.6255, Accuracy: 69.46%, AUC: 0.70 [VAL] Loss: 0.6448, Accuracy: 64.20%, Precision: 0.60, Recall: 0.71, F1: 0.65, AUC: 0.65
Epoch [60/100] [TRAIN] Loss: 0.6264, Accuracy: 69.34%, AUC: 0.69 [VAL] Loss: 0.6443, Accuracy: 64.00%, Precision: 0.60, Recall: 0.71, F1: 0.65, AUC: 0.64
Epoch [61/100] [TRAIN] Loss: 0.6243, Accuracy: 69.49%, AUC: 0.70 [VAL] Loss: 0.6440, Accuracy: 64.00%, Precision: 0.60, Recall: 0.71, F1: 0.65, AUC: 0.64
Epoch [62/100] [TRAIN] Loss: 0.6254, Accuracy: 69.20%, AUC: 0.69 [VAL] Loss: 0.6435, Accuracy: 64.10%, Precision: 0.60, Recall: 0.71, F1: 0.65, AUC: 0.65
Epoch [63/100] [TRAIN] Loss: 0.6267, Accuracy: 68.66%, AUC: 0.69 [VAL] Loss: 0.6430, Accuracy: 64.30%, Precision: 0.60, Recall: 0.71, F1: 0.65, AUC: 0.65
Epoch [64/100] [TRAIN] Loss: 0.6274, Accuracy: 69.01%, AUC: 0.69 [VAL] Loss: 0.6427, Accuracy: 64.40%, Precision: 0.60, Recall: 0.71, F1: 0.65, AUC: 0.65
Epoch [65/100] [TRAIN] Loss: 0.6244, Accuracy: 69.22%, AUC: 0.69 [VAL] Loss: 0.6425, Accuracy: 64.40%, Precision: 0.60, Recall: 0.71, F1: 0.65, AUC: 0.65
Epoch [66/100] [TRAIN] Loss: 0.6262, Accuracy: 69.40%, AUC: 0.69 [VAL] Loss: 0.6421, Accuracy: 64.40%, Precision: 0.60, Recall: 0.71, F1: 0.65, AUC: 0.65
Epoch [67/100] [TRAIN] Loss: 0.6261, Accuracy: 69.40%, AUC: 0.69 [VAL] Loss: 0.6415, Accuracy: 64.50%, Precision: 0.60, Recall: 0.71, F1: 0.65, AUC: 0.65
Epoch [68/100] [TRAIN] Loss: 0.6214, Accuracy: 68.97%, AUC: 0.69 [VAL] Loss: 0.6410, Accuracy: 64.50%, Precision: 0.60, Recall: 0.71, F1: 0.65, AUC: 0.65
Epoch [69/100] [TRAIN] Loss: 0.6235, Accuracy: 69.34%, AUC: 0.69 [VAL] Loss: 0.6407, Accuracy: 64.40%, Precision: 0.60, Recall: 0.71, F1: 0.65, AUC: 0.65
Epoch [70/100] [TRAIN] Loss: 0.6219, Accuracy: 69.74%, AUC: 0.70 [VAL] Loss: 0.6404, Accuracy: 64.40%, Precision: 0.60, Recall: 0.71, F1: 0.65, AUC: 0.65
Epoch [71/100] [TRAIN] Loss: 0.6227, Accuracy: 69.66%, AUC: 0.70 [VAL] Loss: 0.6400, Accuracy: 64.40%, Precision: 0.60, Recall: 0.71, F1: 0.65, AUC: 0.65
Epoch [72/100] [TRAIN] Loss: 0.6216, Accuracy: 69.53%, AUC: 0.70 [VAL] Loss: 0.6397, Accuracy: 64.30%, Precision: 0.60, Recall: 0.71, F1: 0.65, AUC: 0.65
Epoch [73/100] [TRAIN] Loss: 0.6204, Accuracy: 69.59%, AUC: 0.70 [VAL] Loss: 0.6395, Accuracy: 64.30%, Precision: 0.60, Recall: 0.71, F1: 0.65, AUC: 0.65
Epoch [74/100] [TRAIN] Loss: 0.6221, Accuracy: 69.42%, AUC: 0.69 [VAL] Loss: 0.6391, Accuracy: 64.40%, Precision: 0.60, Recall: 0.71, F1: 0.65, AUC: 0.65
Epoch [75/100] [TRAIN] Loss: 0.6240, Accuracy: 69.00%, AUC: 0.69 [VAL] Loss: 0.6391, Accuracy: 64.10%, Precision: 0.60, Recall: 0.71, F1: 0.65, AUC: 0.65
Epoch [76/100] [TRAIN] Loss: 0.6191, Accuracy: 69.70%, AUC: 0.70 [VAL] Loss: 0.6391, Accuracy: 64.20%, Precision: 0.60, Recall: 0.71, F1: 0.65, AUC: 0.65
Epoch [77/100] [TRAIN] Loss: 0.6203, Accuracy: 69.58%, AUC: 0.70 [VAL] Loss: 0.6387, Accuracy: 64.40%, Precision: 0.60, Recall: 0.71, F1: 0.65, AUC: 0.65
Epoch [78/100] [TRAIN] Loss: 0.6199, Accuracy: 69.64%, AUC: 0.70 [VAL] Loss: 0.6382, Accuracy: 64.40%, Precision: 0.60, Recall: 0.71, F1: 0.65, AUC: 0.65
Epoch [79/100] [TRAIN] Loss: 0.6211, Accuracy: 69.17%, AUC: 0.69 [VAL] Loss: 0.6379, Accuracy: 64.40%, Precision: 0.60, Recall: 0.71, F1: 0.65, AUC: 0.65
Epoch [80/100] [TRAIN] Loss: 0.6209, Accuracy: 69.08%, AUC: 0.69 [VAL] Loss: 0.6378, Accuracy: 64.30%, Precision: 0.60, Recall: 0.71, F1: 0.65, AUC: 0.65
Epoch [81/100] [TRAIN] Loss: 0.6174, Accuracy: 69.61%, AUC: 0.70 [VAL] Loss: 0.6377, Accuracy: 64.20%, Precision: 0.60, Recall: 0.71, F1: 0.65, AUC: 0.65
Epoch [82/100] [TRAIN] Loss: 0.6175, Accuracy: 69.69%, AUC: 0.70 [VAL] Loss: 0.6375, Accuracy: 64.30%, Precision: 0.60, Recall: 0.71, F1: 0.65, AUC: 0.65
Epoch [83/100] [TRAIN] Loss: 0.6196, Accuracy: 70.20%, AUC: 0.70 [VAL] Loss: 0.6372, Accuracy: 64.00%, Precision: 0.59, Recall: 0.71, F1: 0.65, AUC: 0.64
Epoch [84/100] [TRAIN] Loss: 0.6183, Accuracy: 69.05%, AUC: 0.69 [VAL] Loss: 0.6369, Accuracy: 64.30%, Precision: 0.60, Recall: 0.71, F1: 0.65, AUC: 0.65
Epoch [85/100] [TRAIN] Loss: 0.6160, Accuracy: 69.65%, AUC: 0.70 [VAL] Loss: 0.6365, Accuracy: 64.30%, Precision: 0.60, Recall: 0.71, F1: 0.65, AUC: 0.65
Epoch [86/100] [TRAIN] Loss: 0.6192, Accuracy: 69.66%, AUC: 0.70 [VAL] Loss: 0.6362, Accuracy: 64.10%, Precision: 0.60, Recall: 0.71, F1: 0.65, AUC: 0.65
Epoch [87/100] [TRAIN] Loss: 0.6163, Accuracy: 69.12%, AUC: 0.69 [VAL] Loss: 0.6358, Accuracy: 64.20%, Precision: 0.60, Recall: 0.71, F1: 0.65, AUC: 0.65
Epoch [88/100] [TRAIN] Loss: 0.6179, Accuracy: 69.29%, AUC: 0.69 [VAL] Loss: 0.6356, Accuracy: 64.10%, Precision: 0.60, Recall: 0.71, F1: 0.65, AUC: 0.65
Epoch [89/100] [TRAIN] Loss: 0.6155, Accuracy: 69.88%, AUC: 0.70 [VAL] Loss: 0.6354, Accuracy: 64.10%, Precision: 0.60, Recall: 0.71, F1: 0.65, AUC: 0.65
Epoch [90/100] [TRAIN] Loss: 0.6179, Accuracy: 69.56%, AUC: 0.70 [VAL] Loss: 0.6349, Accuracy: 64.40%, Precision: 0.60, Recall: 0.71, F1: 0.65, AUC: 0.65
Epoch [91/100] [TRAIN] Loss: 0.6179, Accuracy: 69.36%, AUC: 0.69 [VAL] Loss: 0.6345, Accuracy: 64.50%, Precision: 0.60, Recall: 0.71, F1: 0.65, AUC: 0.65
Epoch [92/100] [TRAIN] Loss: 0.6190, Accuracy: 69.44%, AUC: 0.69 [VAL] Loss: 0.6341, Accuracy: 64.40%, Precision: 0.60, Recall: 0.71, F1: 0.65, AUC: 0.65
Epoch [93/100] [TRAIN] Loss: 0.6136, Accuracy: 69.10%, AUC: 0.69 [VAL] Loss: 0.6340, Accuracy: 64.40%, Precision: 0.60, Recall: 0.71, F1: 0.65, AUC: 0.65
Epoch [94/100] [TRAIN] Loss: 0.6169, Accuracy: 69.01%, AUC: 0.69 [VAL] Loss: 0.6337, Accuracy: 64.20%, Precision: 0.60, Recall: 0.70, F1: 0.65, AUC: 0.65
Epoch [95/100] [TRAIN] Loss: 0.6145, Accuracy: 69.34%, AUC: 0.69 [VAL] Loss: 0.6335, Accuracy: 64.30%, Precision: 0.60, Recall: 0.71, F1: 0.65, AUC: 0.65
Epoch [96/100] [TRAIN] Loss: 0.6123, Accuracy: 70.00%, AUC: 0.70 [VAL] Loss: 0.6330, Accuracy: 64.40%, Precision: 0.60, Recall: 0.71, F1: 0.65, AUC: 0.65
Epoch [97/100] [TRAIN] Loss: 0.6137, Accuracy: 69.46%, AUC: 0.69 [VAL] Loss: 0.6327, Accuracy: 64.20%, Precision: 0.60, Recall: 0.71, F1: 0.65, AUC: 0.65
Epoch [98/100] [TRAIN] Loss: 0.6147, Accuracy: 69.42%, AUC: 0.69 [VAL] Loss: 0.6324, Accuracy: 64.40%, Precision: 0.60, Recall: 0.71, F1: 0.65, AUC: 0.65
Epoch [99/100] [TRAIN] Loss: 0.6140, Accuracy: 69.75%, AUC: 0.70 [VAL] Loss: 0.6322, Accuracy: 64.10%, Precision: 0.60, Recall: 0.70, F1: 0.65, AUC: 0.65
Epoch [100/100] [TRAIN] Loss: 0.6126, Accuracy: 69.50%, AUC: 0.70 [VAL] Loss: 0.6317, Accuracy: 64.30%, Precision: 0.60, Recall: 0.70, F1: 0.65, AUC: 0.65
  Antisymmetry score:      0.8740
  Total violations:        126 / 1000
  Pairs near boundary:     364 (36.4%)
  Avg |prob-0.5| at violation: 0.0000  (near 0 = boundary issue, larger = real failure)
Seed: 789
Accuracy:  67.40 %
AUC:       0.6780
Precision: 0.6304
Recall:    0.7652
F1-Score:  0.6913

Antisymmetry score:  0.8740  (1.0 = perfect, ~0.5 = random)

Detailed Classification Report:
              precision    recall  f1-score   support

           0       0.73      0.59      0.65       523
           1       0.63      0.77      0.69       477

    accuracy                           0.67      1000
   macro avg       0.68      0.68      0.67      1000
weighted avg       0.68      0.67      0.67      1000


Confusion Matrix:
[[309 214]
 [112 365]]


004-H3K27me3
Train label distribution:
  Label 0:   4257 (53.2%)
  Label 1:   3743 (46.8%)
Val label distribution:
  Label 0:    535 (53.5%)
  Label 1:    465 (46.5%)
Test label distribution:
  Label 0:    523 (52.3%)
  Label 1:    477 (47.7%)
Epoch [1/100] [TRAIN] Loss: 0.7200, Accuracy: 53.91%, AUC: 0.54 [VAL] Loss: 0.7084, Accuracy: 59.10%, Precision: 0.54, Recall: 0.81, F1: 0.65, AUC: 0.61
Epoch [2/100] [TRAIN] Loss: 0.7156, Accuracy: 55.60%, AUC: 0.56 [VAL] Loss: 0.7040, Accuracy: 60.30%, Precision: 0.55, Recall: 0.82, F1: 0.66, AUC: 0.62
Epoch [3/100] [TRAIN] Loss: 0.7137, Accuracy: 57.08%, AUC: 0.57 [VAL] Loss: 0.7015, Accuracy: 59.50%, Precision: 0.54, Recall: 0.81, F1: 0.65, AUC: 0.61
Epoch [4/100] [TRAIN] Loss: 0.7114, Accuracy: 57.49%, AUC: 0.58 [VAL] Loss: 0.6995, Accuracy: 59.60%, Precision: 0.54, Recall: 0.81, F1: 0.65, AUC: 0.61
Epoch [5/100] [TRAIN] Loss: 0.7085, Accuracy: 57.46%, AUC: 0.57 [VAL] Loss: 0.6980, Accuracy: 59.20%, Precision: 0.54, Recall: 0.80, F1: 0.65, AUC: 0.61
Epoch [6/100] [TRAIN] Loss: 0.7086, Accuracy: 57.75%, AUC: 0.58 [VAL] Loss: 0.6969, Accuracy: 59.10%, Precision: 0.54, Recall: 0.80, F1: 0.65, AUC: 0.60
Epoch [7/100] [TRAIN] Loss: 0.7076, Accuracy: 57.92%, AUC: 0.58 [VAL] Loss: 0.6959, Accuracy: 59.10%, Precision: 0.54, Recall: 0.81, F1: 0.65, AUC: 0.61
Epoch [8/100] [TRAIN] Loss: 0.7062, Accuracy: 58.70%, AUC: 0.59 [VAL] Loss: 0.6952, Accuracy: 59.20%, Precision: 0.54, Recall: 0.81, F1: 0.65, AUC: 0.61
Epoch [9/100] [TRAIN] Loss: 0.7048, Accuracy: 58.09%, AUC: 0.58 [VAL] Loss: 0.6947, Accuracy: 59.30%, Precision: 0.54, Recall: 0.81, F1: 0.65, AUC: 0.61
Epoch [10/100] [TRAIN] Loss: 0.7048, Accuracy: 58.24%, AUC: 0.58 [VAL] Loss: 0.6942, Accuracy: 59.30%, Precision: 0.54, Recall: 0.81, F1: 0.65, AUC: 0.61
Epoch [11/100] [TRAIN] Loss: 0.7050, Accuracy: 58.96%, AUC: 0.59 [VAL] Loss: 0.6938, Accuracy: 59.20%, Precision: 0.54, Recall: 0.81, F1: 0.65, AUC: 0.61
Epoch [12/100] [TRAIN] Loss: 0.7031, Accuracy: 58.59%, AUC: 0.59 [VAL] Loss: 0.6931, Accuracy: 59.30%, Precision: 0.54, Recall: 0.81, F1: 0.65, AUC: 0.61
Epoch [13/100] [TRAIN] Loss: 0.7023, Accuracy: 58.17%, AUC: 0.58 [VAL] Loss: 0.6927, Accuracy: 59.30%, Precision: 0.54, Recall: 0.81, F1: 0.65, AUC: 0.61
Epoch [14/100] [TRAIN] Loss: 0.7025, Accuracy: 59.16%, AUC: 0.59 [VAL] Loss: 0.6922, Accuracy: 59.30%, Precision: 0.54, Recall: 0.81, F1: 0.65, AUC: 0.61
Epoch [15/100] [TRAIN] Loss: 0.7045, Accuracy: 58.86%, AUC: 0.59 [VAL] Loss: 0.6920, Accuracy: 59.30%, Precision: 0.54, Recall: 0.81, F1: 0.65, AUC: 0.61
Epoch [16/100] [TRAIN] Loss: 0.7028, Accuracy: 58.16%, AUC: 0.58 [VAL] Loss: 0.6917, Accuracy: 59.30%, Precision: 0.54, Recall: 0.81, F1: 0.65, AUC: 0.61
Epoch [17/100] [TRAIN] Loss: 0.7020, Accuracy: 58.10%, AUC: 0.58 [VAL] Loss: 0.6914, Accuracy: 59.30%, Precision: 0.54, Recall: 0.81, F1: 0.65, AUC: 0.61
Epoch [18/100] [TRAIN] Loss: 0.7022, Accuracy: 58.17%, AUC: 0.58 [VAL] Loss: 0.6911, Accuracy: 59.30%, Precision: 0.54, Recall: 0.81, F1: 0.65, AUC: 0.61
Epoch [19/100] [TRAIN] Loss: 0.7028, Accuracy: 58.06%, AUC: 0.58 [VAL] Loss: 0.6910, Accuracy: 59.30%, Precision: 0.54, Recall: 0.81, F1: 0.65, AUC: 0.61
Epoch [20/100] [TRAIN] Loss: 0.7020, Accuracy: 58.46%, AUC: 0.59 [VAL] Loss: 0.6910, Accuracy: 59.40%, Precision: 0.54, Recall: 0.81, F1: 0.65, AUC: 0.61
Epoch [21/100] [TRAIN] Loss: 0.7043, Accuracy: 59.39%, AUC: 0.59 [VAL] Loss: 0.6910, Accuracy: 59.50%, Precision: 0.54, Recall: 0.81, F1: 0.65, AUC: 0.61
Epoch [22/100] [TRAIN] Loss: 0.7022, Accuracy: 58.92%, AUC: 0.59 [VAL] Loss: 0.6906, Accuracy: 59.50%, Precision: 0.54, Recall: 0.81, F1: 0.65, AUC: 0.61
Epoch [23/100] [TRAIN] Loss: 0.7003, Accuracy: 58.41%, AUC: 0.58 [VAL] Loss: 0.6903, Accuracy: 59.50%, Precision: 0.54, Recall: 0.81, F1: 0.65, AUC: 0.61
Epoch [24/100] [TRAIN] Loss: 0.7025, Accuracy: 58.24%, AUC: 0.58 [VAL] Loss: 0.6902, Accuracy: 59.50%, Precision: 0.54, Recall: 0.81, F1: 0.65, AUC: 0.61
Epoch [25/100] [TRAIN] Loss: 0.7021, Accuracy: 58.16%, AUC: 0.58 [VAL] Loss: 0.6900, Accuracy: 59.50%, Precision: 0.54, Recall: 0.81, F1: 0.65, AUC: 0.61
Epoch [26/100] [TRAIN] Loss: 0.7024, Accuracy: 58.52%, AUC: 0.59 [VAL] Loss: 0.6898, Accuracy: 59.50%, Precision: 0.54, Recall: 0.81, F1: 0.65, AUC: 0.61
Epoch [27/100] [TRAIN] Loss: 0.6998, Accuracy: 58.19%, AUC: 0.58 [VAL] Loss: 0.6896, Accuracy: 59.50%, Precision: 0.54, Recall: 0.81, F1: 0.65, AUC: 0.61
Epoch [28/100] [TRAIN] Loss: 0.6988, Accuracy: 59.15%, AUC: 0.59 [VAL] Loss: 0.6894, Accuracy: 59.50%, Precision: 0.54, Recall: 0.81, F1: 0.65, AUC: 0.61
Epoch [29/100] [TRAIN] Loss: 0.6999, Accuracy: 58.44%, AUC: 0.58 [VAL] Loss: 0.6892, Accuracy: 59.50%, Precision: 0.54, Recall: 0.81, F1: 0.65, AUC: 0.61
Epoch [30/100] [TRAIN] Loss: 0.6999, Accuracy: 58.44%, AUC: 0.58 [VAL] Loss: 0.6890, Accuracy: 59.60%, Precision: 0.54, Recall: 0.81, F1: 0.65, AUC: 0.61
Epoch [31/100] [TRAIN] Loss: 0.7017, Accuracy: 56.95%, AUC: 0.57 [VAL] Loss: 0.6889, Accuracy: 59.60%, Precision: 0.54, Recall: 0.81, F1: 0.65, AUC: 0.61
Epoch [32/100] [TRAIN] Loss: 0.7005, Accuracy: 58.16%, AUC: 0.58 [VAL] Loss: 0.6887, Accuracy: 59.60%, Precision: 0.54, Recall: 0.81, F1: 0.65, AUC: 0.61
Epoch [33/100] [TRAIN] Loss: 0.6997, Accuracy: 58.16%, AUC: 0.58 [VAL] Loss: 0.6886, Accuracy: 59.60%, Precision: 0.54, Recall: 0.81, F1: 0.65, AUC: 0.61
Epoch [34/100] [TRAIN] Loss: 0.6985, Accuracy: 58.51%, AUC: 0.59 [VAL] Loss: 0.6883, Accuracy: 59.60%, Precision: 0.54, Recall: 0.81, F1: 0.65, AUC: 0.61
Epoch [35/100] [TRAIN] Loss: 0.6986, Accuracy: 59.01%, AUC: 0.59 [VAL] Loss: 0.6879, Accuracy: 59.60%, Precision: 0.54, Recall: 0.81, F1: 0.65, AUC: 0.61
Epoch [36/100] [TRAIN] Loss: 0.6976, Accuracy: 58.62%, AUC: 0.59 [VAL] Loss: 0.6877, Accuracy: 59.50%, Precision: 0.54, Recall: 0.81, F1: 0.65, AUC: 0.61
Epoch [37/100] [TRAIN] Loss: 0.6983, Accuracy: 57.91%, AUC: 0.58 [VAL] Loss: 0.6876, Accuracy: 59.50%, Precision: 0.54, Recall: 0.81, F1: 0.65, AUC: 0.61
Epoch [38/100] [TRAIN] Loss: 0.6984, Accuracy: 58.79%, AUC: 0.59 [VAL] Loss: 0.6875, Accuracy: 59.50%, Precision: 0.54, Recall: 0.81, F1: 0.65, AUC: 0.61
Epoch [39/100] [TRAIN] Loss: 0.6979, Accuracy: 58.59%, AUC: 0.59 [VAL] Loss: 0.6873, Accuracy: 59.50%, Precision: 0.54, Recall: 0.81, F1: 0.65, AUC: 0.61
Epoch [40/100] [TRAIN] Loss: 0.6995, Accuracy: 58.69%, AUC: 0.59 [VAL] Loss: 0.6873, Accuracy: 59.50%, Precision: 0.54, Recall: 0.81, F1: 0.65, AUC: 0.61
Epoch [41/100] [TRAIN] Loss: 0.6984, Accuracy: 59.24%, AUC: 0.59 [VAL] Loss: 0.6870, Accuracy: 59.50%, Precision: 0.54, Recall: 0.81, F1: 0.65, AUC: 0.61
Epoch [42/100] [TRAIN] Loss: 0.6971, Accuracy: 59.08%, AUC: 0.59 [VAL] Loss: 0.6869, Accuracy: 59.60%, Precision: 0.54, Recall: 0.81, F1: 0.65, AUC: 0.61
Epoch [43/100] [TRAIN] Loss: 0.6975, Accuracy: 58.80%, AUC: 0.59 [VAL] Loss: 0.6869, Accuracy: 59.60%, Precision: 0.54, Recall: 0.81, F1: 0.65, AUC: 0.61
Epoch [44/100] [TRAIN] Loss: 0.6972, Accuracy: 58.61%, AUC: 0.59 [VAL] Loss: 0.6866, Accuracy: 59.60%, Precision: 0.54, Recall: 0.81, F1: 0.65, AUC: 0.61
Epoch [45/100] [TRAIN] Loss: 0.6970, Accuracy: 59.08%, AUC: 0.59 [VAL] Loss: 0.6865, Accuracy: 59.60%, Precision: 0.54, Recall: 0.81, F1: 0.65, AUC: 0.61
Epoch [46/100] [TRAIN] Loss: 0.6980, Accuracy: 59.02%, AUC: 0.59 [VAL] Loss: 0.6864, Accuracy: 59.60%, Precision: 0.54, Recall: 0.81, F1: 0.65, AUC: 0.61
Epoch [47/100] [TRAIN] Loss: 0.6950, Accuracy: 59.23%, AUC: 0.59 [VAL] Loss: 0.6861, Accuracy: 59.60%, Precision: 0.54, Recall: 0.81, F1: 0.65, AUC: 0.61
Epoch [48/100] [TRAIN] Loss: 0.6974, Accuracy: 58.40%, AUC: 0.58 [VAL] Loss: 0.6861, Accuracy: 59.60%, Precision: 0.54, Recall: 0.81, F1: 0.65, AUC: 0.61
Epoch [49/100] [TRAIN] Loss: 0.6958, Accuracy: 59.49%, AUC: 0.60 [VAL] Loss: 0.6858, Accuracy: 59.60%, Precision: 0.54, Recall: 0.81, F1: 0.65, AUC: 0.61
Epoch [50/100] [TRAIN] Loss: 0.6977, Accuracy: 58.71%, AUC: 0.59 [VAL] Loss: 0.6858, Accuracy: 59.60%, Precision: 0.54, Recall: 0.81, F1: 0.65, AUC: 0.61
Epoch [51/100] [TRAIN] Loss: 0.6981, Accuracy: 58.80%, AUC: 0.59 [VAL] Loss: 0.6858, Accuracy: 59.60%, Precision: 0.54, Recall: 0.81, F1: 0.65, AUC: 0.61
Epoch [52/100] [TRAIN] Loss: 0.6975, Accuracy: 59.25%, AUC: 0.59 [VAL] Loss: 0.6857, Accuracy: 59.60%, Precision: 0.54, Recall: 0.81, F1: 0.65, AUC: 0.61
Epoch [53/100] [TRAIN] Loss: 0.6957, Accuracy: 58.89%, AUC: 0.59 [VAL] Loss: 0.6856, Accuracy: 59.60%, Precision: 0.54, Recall: 0.81, F1: 0.65, AUC: 0.61
Epoch [54/100] [TRAIN] Loss: 0.6960, Accuracy: 59.27%, AUC: 0.59 [VAL] Loss: 0.6853, Accuracy: 59.60%, Precision: 0.54, Recall: 0.81, F1: 0.65, AUC: 0.61
Epoch [55/100] [TRAIN] Loss: 0.6953, Accuracy: 58.69%, AUC: 0.59 [VAL] Loss: 0.6851, Accuracy: 59.60%, Precision: 0.54, Recall: 0.81, F1: 0.65, AUC: 0.61
Epoch [56/100] [TRAIN] Loss: 0.6974, Accuracy: 59.56%, AUC: 0.60 [VAL] Loss: 0.6851, Accuracy: 59.60%, Precision: 0.54, Recall: 0.81, F1: 0.65, AUC: 0.61
Epoch [57/100] [TRAIN] Loss: 0.6954, Accuracy: 59.14%, AUC: 0.59 [VAL] Loss: 0.6848, Accuracy: 59.60%, Precision: 0.54, Recall: 0.81, F1: 0.65, AUC: 0.61
Epoch [58/100] [TRAIN] Loss: 0.6956, Accuracy: 58.73%, AUC: 0.59 [VAL] Loss: 0.6847, Accuracy: 59.60%, Precision: 0.54, Recall: 0.81, F1: 0.65, AUC: 0.61
Epoch [59/100] [TRAIN] Loss: 0.6970, Accuracy: 58.71%, AUC: 0.59 [VAL] Loss: 0.6848, Accuracy: 59.60%, Precision: 0.54, Recall: 0.81, F1: 0.65, AUC: 0.61
Epoch [60/100] [TRAIN] Loss: 0.6969, Accuracy: 58.33%, AUC: 0.58 [VAL] Loss: 0.6848, Accuracy: 59.60%, Precision: 0.54, Recall: 0.81, F1: 0.65, AUC: 0.61
Epoch [61/100] [TRAIN] Loss: 0.6973, Accuracy: 58.44%, AUC: 0.58 [VAL] Loss: 0.6848, Accuracy: 59.60%, Precision: 0.54, Recall: 0.81, F1: 0.65, AUC: 0.61
Epoch [62/100] [TRAIN] Loss: 0.6973, Accuracy: 58.27%, AUC: 0.58 [VAL] Loss: 0.6849, Accuracy: 59.70%, Precision: 0.54, Recall: 0.81, F1: 0.65, AUC: 0.61
Epoch [63/100] [TRAIN] Loss: 0.6960, Accuracy: 58.45%, AUC: 0.58 [VAL] Loss: 0.6848, Accuracy: 59.70%, Precision: 0.54, Recall: 0.81, F1: 0.65, AUC: 0.61
Epoch [64/100] [TRAIN] Loss: 0.6957, Accuracy: 59.02%, AUC: 0.59 [VAL] Loss: 0.6846, Accuracy: 59.70%, Precision: 0.54, Recall: 0.81, F1: 0.65, AUC: 0.61
Epoch [65/100] [TRAIN] Loss: 0.6952, Accuracy: 59.09%, AUC: 0.59 [VAL] Loss: 0.6846, Accuracy: 59.70%, Precision: 0.54, Recall: 0.81, F1: 0.65, AUC: 0.61
Epoch [66/100] [TRAIN] Loss: 0.6964, Accuracy: 58.49%, AUC: 0.59 [VAL] Loss: 0.6846, Accuracy: 59.70%, Precision: 0.54, Recall: 0.81, F1: 0.65, AUC: 0.61
Epoch [67/100] [TRAIN] Loss: 0.6961, Accuracy: 58.62%, AUC: 0.59 [VAL] Loss: 0.6846, Accuracy: 59.70%, Precision: 0.54, Recall: 0.81, F1: 0.65, AUC: 0.61
Epoch [68/100] [TRAIN] Loss: 0.6952, Accuracy: 58.40%, AUC: 0.58 [VAL] Loss: 0.6846, Accuracy: 59.70%, Precision: 0.54, Recall: 0.81, F1: 0.65, AUC: 0.61
  Early stopping at epoch 68 (no val_loss improvement for 10 epochs)
  Antisymmetry score:      0.5980
  Total violations:        402 / 1000
  Pairs near boundary:     753 (75.3%)
  Avg |prob-0.5| at violation: 0.0000  (near 0 = boundary issue, larger = real failure)
Seed: 789
Accuracy:  57.50 %
AUC:       0.5859
Precision: 0.5355
Recall:    0.8218
F1-Score:  0.6485

Antisymmetry score:  0.5980  (1.0 = perfect, ~0.5 = random)

Detailed Classification Report:
              precision    recall  f1-score   support

           0       0.68      0.35      0.46       523
           1       0.54      0.82      0.65       477

    accuracy                           0.57      1000
   macro avg       0.61      0.59      0.56      1000
weighted avg       0.61      0.57      0.55      1000


Confusion Matrix:
[[183 340]
 [ 85 392]]


005-H3K4me3-H3K9ac
Train label distribution:
  Label 0:   4257 (53.2%)
  Label 1:   3743 (46.8%)
Val label distribution:
  Label 0:    535 (53.5%)
  Label 1:    465 (46.5%)
Test label distribution:
  Label 0:    523 (52.3%)
  Label 1:    477 (47.7%)
Epoch [1/100] [TRAIN] Loss: 0.7099, Accuracy: 63.75%, AUC: 0.64 [VAL] Loss: 0.6649, Accuracy: 63.20%, Precision: 0.59, Recall: 0.66, F1: 0.63, AUC: 0.63
Epoch [2/100] [TRAIN] Loss: 0.6701, Accuracy: 66.90%, AUC: 0.67 [VAL] Loss: 0.6618, Accuracy: 63.40%, Precision: 0.60, Recall: 0.66, F1: 0.63, AUC: 0.64
Epoch [3/100] [TRAIN] Loss: 0.6485, Accuracy: 68.08%, AUC: 0.68 [VAL] Loss: 0.6595, Accuracy: 63.20%, Precision: 0.59, Recall: 0.67, F1: 0.63, AUC: 0.63
Epoch [4/100] [TRAIN] Loss: 0.6482, Accuracy: 68.33%, AUC: 0.68 [VAL] Loss: 0.6590, Accuracy: 63.00%, Precision: 0.59, Recall: 0.67, F1: 0.63, AUC: 0.63
Epoch [5/100] [TRAIN] Loss: 0.6454, Accuracy: 68.16%, AUC: 0.68 [VAL] Loss: 0.6582, Accuracy: 63.50%, Precision: 0.60, Recall: 0.67, F1: 0.63, AUC: 0.64
Epoch [6/100] [TRAIN] Loss: 0.6444, Accuracy: 67.80%, AUC: 0.68 [VAL] Loss: 0.6570, Accuracy: 63.70%, Precision: 0.60, Recall: 0.68, F1: 0.63, AUC: 0.64
Epoch [7/100] [TRAIN] Loss: 0.6413, Accuracy: 67.99%, AUC: 0.68 [VAL] Loss: 0.6561, Accuracy: 63.80%, Precision: 0.60, Recall: 0.68, F1: 0.64, AUC: 0.64
Epoch [8/100] [TRAIN] Loss: 0.6386, Accuracy: 68.60%, AUC: 0.69 [VAL] Loss: 0.6559, Accuracy: 63.70%, Precision: 0.60, Recall: 0.68, F1: 0.64, AUC: 0.64
Epoch [9/100] [TRAIN] Loss: 0.6379, Accuracy: 68.50%, AUC: 0.69 [VAL] Loss: 0.6552, Accuracy: 63.40%, Precision: 0.59, Recall: 0.68, F1: 0.63, AUC: 0.64
Epoch [10/100] [TRAIN] Loss: 0.6392, Accuracy: 68.42%, AUC: 0.68 [VAL] Loss: 0.6548, Accuracy: 63.60%, Precision: 0.59, Recall: 0.68, F1: 0.64, AUC: 0.64
Epoch [11/100] [TRAIN] Loss: 0.6374, Accuracy: 68.76%, AUC: 0.69 [VAL] Loss: 0.6546, Accuracy: 63.50%, Precision: 0.59, Recall: 0.68, F1: 0.63, AUC: 0.64
Epoch [12/100] [TRAIN] Loss: 0.6382, Accuracy: 68.20%, AUC: 0.68 [VAL] Loss: 0.6542, Accuracy: 63.60%, Precision: 0.59, Recall: 0.68, F1: 0.64, AUC: 0.64
Epoch [13/100] [TRAIN] Loss: 0.6322, Accuracy: 69.12%, AUC: 0.69 [VAL] Loss: 0.6540, Accuracy: 63.60%, Precision: 0.59, Recall: 0.68, F1: 0.64, AUC: 0.64
Epoch [14/100] [TRAIN] Loss: 0.6349, Accuracy: 69.09%, AUC: 0.69 [VAL] Loss: 0.6534, Accuracy: 63.40%, Precision: 0.59, Recall: 0.68, F1: 0.63, AUC: 0.64
Epoch [15/100] [TRAIN] Loss: 0.6328, Accuracy: 68.91%, AUC: 0.69 [VAL] Loss: 0.6531, Accuracy: 63.70%, Precision: 0.60, Recall: 0.68, F1: 0.64, AUC: 0.64
Epoch [16/100] [TRAIN] Loss: 0.6310, Accuracy: 69.26%, AUC: 0.69 [VAL] Loss: 0.6530, Accuracy: 63.40%, Precision: 0.59, Recall: 0.68, F1: 0.63, AUC: 0.64
Epoch [17/100] [TRAIN] Loss: 0.6302, Accuracy: 69.10%, AUC: 0.69 [VAL] Loss: 0.6528, Accuracy: 63.30%, Precision: 0.59, Recall: 0.68, F1: 0.63, AUC: 0.64
Epoch [18/100] [TRAIN] Loss: 0.6266, Accuracy: 69.53%, AUC: 0.70 [VAL] Loss: 0.6519, Accuracy: 63.40%, Precision: 0.59, Recall: 0.68, F1: 0.63, AUC: 0.64
Epoch [19/100] [TRAIN] Loss: 0.6331, Accuracy: 68.50%, AUC: 0.69 [VAL] Loss: 0.6517, Accuracy: 63.40%, Precision: 0.59, Recall: 0.68, F1: 0.63, AUC: 0.64
Epoch [20/100] [TRAIN] Loss: 0.6291, Accuracy: 68.47%, AUC: 0.69 [VAL] Loss: 0.6521, Accuracy: 63.20%, Precision: 0.59, Recall: 0.68, F1: 0.63, AUC: 0.63
Epoch [21/100] [TRAIN] Loss: 0.6319, Accuracy: 69.29%, AUC: 0.69 [VAL] Loss: 0.6514, Accuracy: 63.40%, Precision: 0.59, Recall: 0.68, F1: 0.63, AUC: 0.64
Epoch [22/100] [TRAIN] Loss: 0.6256, Accuracy: 69.59%, AUC: 0.70 [VAL] Loss: 0.6514, Accuracy: 63.40%, Precision: 0.59, Recall: 0.68, F1: 0.63, AUC: 0.64
Epoch [23/100] [TRAIN] Loss: 0.6296, Accuracy: 68.44%, AUC: 0.68 [VAL] Loss: 0.6516, Accuracy: 63.40%, Precision: 0.59, Recall: 0.68, F1: 0.63, AUC: 0.64
Epoch [24/100] [TRAIN] Loss: 0.6274, Accuracy: 69.39%, AUC: 0.69 [VAL] Loss: 0.6514, Accuracy: 63.50%, Precision: 0.59, Recall: 0.68, F1: 0.64, AUC: 0.64
Epoch [25/100] [TRAIN] Loss: 0.6265, Accuracy: 68.66%, AUC: 0.69 [VAL] Loss: 0.6510, Accuracy: 63.60%, Precision: 0.59, Recall: 0.68, F1: 0.64, AUC: 0.64
Epoch [26/100] [TRAIN] Loss: 0.6243, Accuracy: 69.44%, AUC: 0.69 [VAL] Loss: 0.6505, Accuracy: 63.60%, Precision: 0.59, Recall: 0.69, F1: 0.64, AUC: 0.64
Epoch [27/100] [TRAIN] Loss: 0.6275, Accuracy: 69.44%, AUC: 0.69 [VAL] Loss: 0.6505, Accuracy: 63.50%, Precision: 0.59, Recall: 0.68, F1: 0.64, AUC: 0.64
Epoch [28/100] [TRAIN] Loss: 0.6254, Accuracy: 69.38%, AUC: 0.69 [VAL] Loss: 0.6502, Accuracy: 63.80%, Precision: 0.60, Recall: 0.69, F1: 0.64, AUC: 0.64
Epoch [29/100] [TRAIN] Loss: 0.6235, Accuracy: 69.31%, AUC: 0.69 [VAL] Loss: 0.6505, Accuracy: 63.50%, Precision: 0.59, Recall: 0.68, F1: 0.63, AUC: 0.64
Epoch [30/100] [TRAIN] Loss: 0.6270, Accuracy: 68.46%, AUC: 0.68 [VAL] Loss: 0.6507, Accuracy: 63.50%, Precision: 0.59, Recall: 0.68, F1: 0.63, AUC: 0.64
Epoch [31/100] [TRAIN] Loss: 0.6219, Accuracy: 69.49%, AUC: 0.69 [VAL] Loss: 0.6502, Accuracy: 63.40%, Precision: 0.59, Recall: 0.68, F1: 0.63, AUC: 0.64
Epoch [32/100] [TRAIN] Loss: 0.6281, Accuracy: 68.64%, AUC: 0.69 [VAL] Loss: 0.6501, Accuracy: 63.30%, Precision: 0.59, Recall: 0.68, F1: 0.63, AUC: 0.64
Epoch [33/100] [TRAIN] Loss: 0.6243, Accuracy: 69.70%, AUC: 0.70 [VAL] Loss: 0.6502, Accuracy: 63.60%, Precision: 0.59, Recall: 0.68, F1: 0.64, AUC: 0.64
Epoch [34/100] [TRAIN] Loss: 0.6241, Accuracy: 69.16%, AUC: 0.69 [VAL] Loss: 0.6505, Accuracy: 63.30%, Precision: 0.59, Recall: 0.68, F1: 0.63, AUC: 0.64
Epoch [35/100] [TRAIN] Loss: 0.6216, Accuracy: 69.51%, AUC: 0.70 [VAL] Loss: 0.6504, Accuracy: 63.60%, Precision: 0.59, Recall: 0.68, F1: 0.64, AUC: 0.64
Epoch [36/100] [TRAIN] Loss: 0.6244, Accuracy: 69.55%, AUC: 0.70 [VAL] Loss: 0.6503, Accuracy: 63.50%, Precision: 0.59, Recall: 0.68, F1: 0.63, AUC: 0.64
Epoch [37/100] [TRAIN] Loss: 0.6233, Accuracy: 69.56%, AUC: 0.70 [VAL] Loss: 0.6500, Accuracy: 63.60%, Precision: 0.59, Recall: 0.68, F1: 0.64, AUC: 0.64
Epoch [38/100] [TRAIN] Loss: 0.6242, Accuracy: 69.49%, AUC: 0.70 [VAL] Loss: 0.6499, Accuracy: 63.70%, Precision: 0.60, Recall: 0.69, F1: 0.64, AUC: 0.64
Epoch [39/100] [TRAIN] Loss: 0.6214, Accuracy: 69.51%, AUC: 0.70 [VAL] Loss: 0.6498, Accuracy: 63.60%, Precision: 0.59, Recall: 0.68, F1: 0.64, AUC: 0.64
Epoch [40/100] [TRAIN] Loss: 0.6248, Accuracy: 69.14%, AUC: 0.69 [VAL] Loss: 0.6495, Accuracy: 63.70%, Precision: 0.60, Recall: 0.68, F1: 0.64, AUC: 0.64
Epoch [41/100] [TRAIN] Loss: 0.6244, Accuracy: 69.05%, AUC: 0.69 [VAL] Loss: 0.6497, Accuracy: 63.60%, Precision: 0.59, Recall: 0.68, F1: 0.64, AUC: 0.64
Epoch [42/100] [TRAIN] Loss: 0.6210, Accuracy: 69.06%, AUC: 0.69 [VAL] Loss: 0.6491, Accuracy: 63.50%, Precision: 0.59, Recall: 0.68, F1: 0.63, AUC: 0.64
Epoch [43/100] [TRAIN] Loss: 0.6217, Accuracy: 69.69%, AUC: 0.70 [VAL] Loss: 0.6490, Accuracy: 63.70%, Precision: 0.60, Recall: 0.68, F1: 0.64, AUC: 0.64
Epoch [44/100] [TRAIN] Loss: 0.6216, Accuracy: 69.30%, AUC: 0.69 [VAL] Loss: 0.6489, Accuracy: 63.60%, Precision: 0.59, Recall: 0.68, F1: 0.64, AUC: 0.64
Epoch [45/100] [TRAIN] Loss: 0.6211, Accuracy: 69.38%, AUC: 0.69 [VAL] Loss: 0.6485, Accuracy: 63.50%, Precision: 0.59, Recall: 0.68, F1: 0.63, AUC: 0.64
Epoch [46/100] [TRAIN] Loss: 0.6213, Accuracy: 69.06%, AUC: 0.69 [VAL] Loss: 0.6484, Accuracy: 63.70%, Precision: 0.60, Recall: 0.69, F1: 0.64, AUC: 0.64
Epoch [47/100] [TRAIN] Loss: 0.6238, Accuracy: 68.89%, AUC: 0.69 [VAL] Loss: 0.6485, Accuracy: 63.90%, Precision: 0.60, Recall: 0.69, F1: 0.64, AUC: 0.64
Epoch [48/100] [TRAIN] Loss: 0.6214, Accuracy: 68.95%, AUC: 0.69 [VAL] Loss: 0.6479, Accuracy: 63.70%, Precision: 0.60, Recall: 0.68, F1: 0.64, AUC: 0.64
Epoch [49/100] [TRAIN] Loss: 0.6205, Accuracy: 69.34%, AUC: 0.69 [VAL] Loss: 0.6479, Accuracy: 63.80%, Precision: 0.60, Recall: 0.69, F1: 0.64, AUC: 0.64
Epoch [50/100] [TRAIN] Loss: 0.6190, Accuracy: 69.19%, AUC: 0.69 [VAL] Loss: 0.6478, Accuracy: 63.80%, Precision: 0.60, Recall: 0.69, F1: 0.64, AUC: 0.64
Epoch [51/100] [TRAIN] Loss: 0.6218, Accuracy: 69.29%, AUC: 0.69 [VAL] Loss: 0.6480, Accuracy: 63.80%, Precision: 0.60, Recall: 0.69, F1: 0.64, AUC: 0.64
Epoch [52/100] [TRAIN] Loss: 0.6218, Accuracy: 69.29%, AUC: 0.69 [VAL] Loss: 0.6479, Accuracy: 63.90%, Precision: 0.60, Recall: 0.69, F1: 0.64, AUC: 0.64
Epoch [53/100] [TRAIN] Loss: 0.6198, Accuracy: 69.24%, AUC: 0.69 [VAL] Loss: 0.6479, Accuracy: 64.00%, Precision: 0.60, Recall: 0.69, F1: 0.64, AUC: 0.64
Epoch [54/100] [TRAIN] Loss: 0.6166, Accuracy: 69.74%, AUC: 0.70 [VAL] Loss: 0.6478, Accuracy: 64.00%, Precision: 0.60, Recall: 0.69, F1: 0.64, AUC: 0.64
Epoch [55/100] [TRAIN] Loss: 0.6196, Accuracy: 69.31%, AUC: 0.69 [VAL] Loss: 0.6474, Accuracy: 63.90%, Precision: 0.60, Recall: 0.69, F1: 0.64, AUC: 0.64
Epoch [56/100] [TRAIN] Loss: 0.6194, Accuracy: 68.92%, AUC: 0.69 [VAL] Loss: 0.6474, Accuracy: 64.10%, Precision: 0.60, Recall: 0.69, F1: 0.64, AUC: 0.64
Epoch [57/100] [TRAIN] Loss: 0.6180, Accuracy: 69.95%, AUC: 0.70 [VAL] Loss: 0.6472, Accuracy: 64.30%, Precision: 0.60, Recall: 0.69, F1: 0.64, AUC: 0.65
Epoch [58/100] [TRAIN] Loss: 0.6198, Accuracy: 69.14%, AUC: 0.69 [VAL] Loss: 0.6469, Accuracy: 64.40%, Precision: 0.60, Recall: 0.69, F1: 0.64, AUC: 0.65
Epoch [59/100] [TRAIN] Loss: 0.6181, Accuracy: 69.33%, AUC: 0.69 [VAL] Loss: 0.6469, Accuracy: 64.50%, Precision: 0.60, Recall: 0.69, F1: 0.65, AUC: 0.65
Epoch [60/100] [TRAIN] Loss: 0.6159, Accuracy: 69.71%, AUC: 0.70 [VAL] Loss: 0.6468, Accuracy: 64.10%, Precision: 0.60, Recall: 0.69, F1: 0.64, AUC: 0.64
Epoch [61/100] [TRAIN] Loss: 0.6168, Accuracy: 69.34%, AUC: 0.69 [VAL] Loss: 0.6468, Accuracy: 64.10%, Precision: 0.60, Recall: 0.69, F1: 0.64, AUC: 0.64
Epoch [62/100] [TRAIN] Loss: 0.6183, Accuracy: 69.42%, AUC: 0.69 [VAL] Loss: 0.6461, Accuracy: 63.90%, Precision: 0.60, Recall: 0.69, F1: 0.64, AUC: 0.64
Epoch [63/100] [TRAIN] Loss: 0.6177, Accuracy: 69.59%, AUC: 0.70 [VAL] Loss: 0.6459, Accuracy: 63.90%, Precision: 0.60, Recall: 0.69, F1: 0.64, AUC: 0.64
Epoch [64/100] [TRAIN] Loss: 0.6163, Accuracy: 69.40%, AUC: 0.69 [VAL] Loss: 0.6459, Accuracy: 63.90%, Precision: 0.60, Recall: 0.69, F1: 0.64, AUC: 0.64
Epoch [65/100] [TRAIN] Loss: 0.6207, Accuracy: 69.05%, AUC: 0.69 [VAL] Loss: 0.6455, Accuracy: 64.00%, Precision: 0.60, Recall: 0.69, F1: 0.64, AUC: 0.64
Epoch [66/100] [TRAIN] Loss: 0.6146, Accuracy: 69.91%, AUC: 0.70 [VAL] Loss: 0.6457, Accuracy: 64.00%, Precision: 0.60, Recall: 0.69, F1: 0.64, AUC: 0.64
Epoch [67/100] [TRAIN] Loss: 0.6181, Accuracy: 69.09%, AUC: 0.69 [VAL] Loss: 0.6457, Accuracy: 64.30%, Precision: 0.60, Recall: 0.69, F1: 0.64, AUC: 0.65
Epoch [68/100] [TRAIN] Loss: 0.6147, Accuracy: 69.74%, AUC: 0.70 [VAL] Loss: 0.6459, Accuracy: 64.20%, Precision: 0.60, Recall: 0.69, F1: 0.64, AUC: 0.65
Epoch [69/100] [TRAIN] Loss: 0.6127, Accuracy: 69.55%, AUC: 0.70 [VAL] Loss: 0.6459, Accuracy: 64.60%, Precision: 0.60, Recall: 0.69, F1: 0.65, AUC: 0.65
Epoch [70/100] [TRAIN] Loss: 0.6166, Accuracy: 69.26%, AUC: 0.69 [VAL] Loss: 0.6459, Accuracy: 64.70%, Precision: 0.61, Recall: 0.69, F1: 0.65, AUC: 0.65
Epoch [71/100] [TRAIN] Loss: 0.6160, Accuracy: 69.05%, AUC: 0.69 [VAL] Loss: 0.6459, Accuracy: 64.60%, Precision: 0.60, Recall: 0.69, F1: 0.65, AUC: 0.65
Epoch [72/100] [TRAIN] Loss: 0.6167, Accuracy: 69.10%, AUC: 0.69 [VAL] Loss: 0.6459, Accuracy: 64.60%, Precision: 0.60, Recall: 0.69, F1: 0.65, AUC: 0.65
Epoch [73/100] [TRAIN] Loss: 0.6156, Accuracy: 69.55%, AUC: 0.70 [VAL] Loss: 0.6459, Accuracy: 64.70%, Precision: 0.60, Recall: 0.69, F1: 0.65, AUC: 0.65
Epoch [74/100] [TRAIN] Loss: 0.6170, Accuracy: 69.47%, AUC: 0.70 [VAL] Loss: 0.6458, Accuracy: 64.60%, Precision: 0.60, Recall: 0.69, F1: 0.65, AUC: 0.65
Epoch [75/100] [TRAIN] Loss: 0.6145, Accuracy: 69.16%, AUC: 0.69 [VAL] Loss: 0.6458, Accuracy: 64.60%, Precision: 0.60, Recall: 0.69, F1: 0.65, AUC: 0.65
  Early stopping at epoch 75 (no val_loss improvement for 10 epochs)
  Antisymmetry score:      0.9320
  Total violations:        68 / 1000
  Pairs near boundary:     372 (37.2%)
  Avg |prob-0.5| at violation: 0.0000  (near 0 = boundary issue, larger = real failure)
Seed: 789
Accuracy:  70.00 %
AUC:       0.7026
Precision: 0.6618
Recall:    0.7589
F1-Score:  0.7070

Antisymmetry score:  0.9320  (1.0 = perfect, ~0.5 = random)

Detailed Classification Report:
              precision    recall  f1-score   support

           0       0.75      0.65      0.69       523
           1       0.66      0.76      0.71       477

    accuracy                           0.70      1000
   macro avg       0.70      0.70      0.70      1000
weighted avg       0.71      0.70      0.70      1000


Confusion Matrix:
[[338 185]
 [115 362]]


006-H3K4me3-H3K9me3
Train label distribution:
  Label 0:   4257 (53.2%)
  Label 1:   3743 (46.8%)
Val label distribution:
  Label 0:    535 (53.5%)
  Label 1:    465 (46.5%)
Test label distribution:
  Label 0:    523 (52.3%)
  Label 1:    477 (47.7%)
Epoch [1/100] [TRAIN] Loss: 0.6799, Accuracy: 64.94%, AUC: 0.65 [VAL] Loss: 0.6541, Accuracy: 62.90%, Precision: 0.59, Recall: 0.68, F1: 0.63, AUC: 0.63
Epoch [2/100] [TRAIN] Loss: 0.6551, Accuracy: 68.11%, AUC: 0.68 [VAL] Loss: 0.6530, Accuracy: 63.30%, Precision: 0.59, Recall: 0.68, F1: 0.63, AUC: 0.64
Epoch [3/100] [TRAIN] Loss: 0.6502, Accuracy: 67.90%, AUC: 0.68 [VAL] Loss: 0.6525, Accuracy: 63.10%, Precision: 0.59, Recall: 0.68, F1: 0.63, AUC: 0.63
Epoch [4/100] [TRAIN] Loss: 0.6463, Accuracy: 68.36%, AUC: 0.68 [VAL] Loss: 0.6523, Accuracy: 63.20%, Precision: 0.59, Recall: 0.69, F1: 0.63, AUC: 0.64
Epoch [5/100] [TRAIN] Loss: 0.6410, Accuracy: 68.11%, AUC: 0.68 [VAL] Loss: 0.6518, Accuracy: 63.30%, Precision: 0.59, Recall: 0.69, F1: 0.64, AUC: 0.64
Epoch [6/100] [TRAIN] Loss: 0.6390, Accuracy: 68.66%, AUC: 0.69 [VAL] Loss: 0.6512, Accuracy: 63.30%, Precision: 0.59, Recall: 0.69, F1: 0.64, AUC: 0.64
Epoch [7/100] [TRAIN] Loss: 0.6390, Accuracy: 68.16%, AUC: 0.68 [VAL] Loss: 0.6510, Accuracy: 63.70%, Precision: 0.59, Recall: 0.69, F1: 0.64, AUC: 0.64
Epoch [8/100] [TRAIN] Loss: 0.6363, Accuracy: 68.70%, AUC: 0.69 [VAL] Loss: 0.6503, Accuracy: 63.60%, Precision: 0.59, Recall: 0.69, F1: 0.64, AUC: 0.64
Epoch [9/100] [TRAIN] Loss: 0.6336, Accuracy: 68.49%, AUC: 0.68 [VAL] Loss: 0.6498, Accuracy: 63.40%, Precision: 0.59, Recall: 0.69, F1: 0.64, AUC: 0.64
Epoch [10/100] [TRAIN] Loss: 0.6354, Accuracy: 68.45%, AUC: 0.68 [VAL] Loss: 0.6497, Accuracy: 63.50%, Precision: 0.59, Recall: 0.69, F1: 0.64, AUC: 0.64
Epoch [11/100] [TRAIN] Loss: 0.6335, Accuracy: 68.39%, AUC: 0.68 [VAL] Loss: 0.6500, Accuracy: 63.70%, Precision: 0.59, Recall: 0.69, F1: 0.64, AUC: 0.64
Epoch [12/100] [TRAIN] Loss: 0.6358, Accuracy: 68.06%, AUC: 0.68 [VAL] Loss: 0.6498, Accuracy: 63.60%, Precision: 0.59, Recall: 0.69, F1: 0.64, AUC: 0.64
Epoch [13/100] [TRAIN] Loss: 0.6334, Accuracy: 68.79%, AUC: 0.69 [VAL] Loss: 0.6499, Accuracy: 63.60%, Precision: 0.59, Recall: 0.69, F1: 0.64, AUC: 0.64
Epoch [14/100] [TRAIN] Loss: 0.6305, Accuracy: 68.81%, AUC: 0.69 [VAL] Loss: 0.6495, Accuracy: 63.50%, Precision: 0.59, Recall: 0.69, F1: 0.64, AUC: 0.64
Epoch [15/100] [TRAIN] Loss: 0.6278, Accuracy: 68.94%, AUC: 0.69 [VAL] Loss: 0.6493, Accuracy: 63.50%, Precision: 0.59, Recall: 0.69, F1: 0.64, AUC: 0.64
Epoch [16/100] [TRAIN] Loss: 0.6326, Accuracy: 68.58%, AUC: 0.69 [VAL] Loss: 0.6490, Accuracy: 63.10%, Precision: 0.59, Recall: 0.69, F1: 0.63, AUC: 0.63
Epoch [17/100] [TRAIN] Loss: 0.6288, Accuracy: 69.08%, AUC: 0.69 [VAL] Loss: 0.6484, Accuracy: 63.20%, Precision: 0.59, Recall: 0.69, F1: 0.63, AUC: 0.64
Epoch [18/100] [TRAIN] Loss: 0.6278, Accuracy: 68.84%, AUC: 0.69 [VAL] Loss: 0.6485, Accuracy: 64.00%, Precision: 0.60, Recall: 0.70, F1: 0.64, AUC: 0.64
Epoch [19/100] [TRAIN] Loss: 0.6281, Accuracy: 68.70%, AUC: 0.69 [VAL] Loss: 0.6489, Accuracy: 63.80%, Precision: 0.59, Recall: 0.70, F1: 0.64, AUC: 0.64
Epoch [20/100] [TRAIN] Loss: 0.6280, Accuracy: 68.91%, AUC: 0.69 [VAL] Loss: 0.6480, Accuracy: 63.40%, Precision: 0.59, Recall: 0.69, F1: 0.64, AUC: 0.64
Epoch [21/100] [TRAIN] Loss: 0.6287, Accuracy: 69.01%, AUC: 0.69 [VAL] Loss: 0.6482, Accuracy: 63.50%, Precision: 0.59, Recall: 0.69, F1: 0.64, AUC: 0.64
Epoch [22/100] [TRAIN] Loss: 0.6309, Accuracy: 69.10%, AUC: 0.69 [VAL] Loss: 0.6476, Accuracy: 63.60%, Precision: 0.59, Recall: 0.69, F1: 0.64, AUC: 0.64
Epoch [23/100] [TRAIN] Loss: 0.6299, Accuracy: 68.76%, AUC: 0.69 [VAL] Loss: 0.6472, Accuracy: 63.70%, Precision: 0.59, Recall: 0.69, F1: 0.64, AUC: 0.64
Epoch [24/100] [TRAIN] Loss: 0.6268, Accuracy: 69.05%, AUC: 0.69 [VAL] Loss: 0.6474, Accuracy: 63.60%, Precision: 0.59, Recall: 0.69, F1: 0.64, AUC: 0.64
Epoch [25/100] [TRAIN] Loss: 0.6273, Accuracy: 69.16%, AUC: 0.69 [VAL] Loss: 0.6473, Accuracy: 63.70%, Precision: 0.59, Recall: 0.69, F1: 0.64, AUC: 0.64
Epoch [26/100] [TRAIN] Loss: 0.6296, Accuracy: 68.29%, AUC: 0.68 [VAL] Loss: 0.6472, Accuracy: 63.60%, Precision: 0.59, Recall: 0.69, F1: 0.64, AUC: 0.64
Epoch [27/100] [TRAIN] Loss: 0.6273, Accuracy: 68.69%, AUC: 0.69 [VAL] Loss: 0.6470, Accuracy: 63.90%, Precision: 0.60, Recall: 0.69, F1: 0.64, AUC: 0.64
Epoch [28/100] [TRAIN] Loss: 0.6285, Accuracy: 68.30%, AUC: 0.68 [VAL] Loss: 0.6467, Accuracy: 63.90%, Precision: 0.60, Recall: 0.69, F1: 0.64, AUC: 0.64
Epoch [29/100] [TRAIN] Loss: 0.6255, Accuracy: 69.45%, AUC: 0.69 [VAL] Loss: 0.6468, Accuracy: 64.10%, Precision: 0.60, Recall: 0.69, F1: 0.64, AUC: 0.64
Epoch [30/100] [TRAIN] Loss: 0.6222, Accuracy: 68.91%, AUC: 0.69 [VAL] Loss: 0.6462, Accuracy: 64.00%, Precision: 0.60, Recall: 0.69, F1: 0.64, AUC: 0.64
Epoch [31/100] [TRAIN] Loss: 0.6281, Accuracy: 68.69%, AUC: 0.69 [VAL] Loss: 0.6464, Accuracy: 64.10%, Precision: 0.60, Recall: 0.69, F1: 0.64, AUC: 0.64
Epoch [32/100] [TRAIN] Loss: 0.6241, Accuracy: 69.26%, AUC: 0.69 [VAL] Loss: 0.6467, Accuracy: 64.50%, Precision: 0.60, Recall: 0.70, F1: 0.65, AUC: 0.65
Epoch [33/100] [TRAIN] Loss: 0.6244, Accuracy: 68.92%, AUC: 0.69 [VAL] Loss: 0.6464, Accuracy: 64.10%, Precision: 0.60, Recall: 0.69, F1: 0.64, AUC: 0.64
Epoch [34/100] [TRAIN] Loss: 0.6246, Accuracy: 68.69%, AUC: 0.69 [VAL] Loss: 0.6463, Accuracy: 64.10%, Precision: 0.60, Recall: 0.69, F1: 0.64, AUC: 0.64
Epoch [35/100] [TRAIN] Loss: 0.6253, Accuracy: 68.71%, AUC: 0.69 [VAL] Loss: 0.6462, Accuracy: 64.10%, Precision: 0.60, Recall: 0.69, F1: 0.64, AUC: 0.64
Epoch [36/100] [TRAIN] Loss: 0.6264, Accuracy: 69.19%, AUC: 0.69 [VAL] Loss: 0.6462, Accuracy: 63.90%, Precision: 0.60, Recall: 0.69, F1: 0.64, AUC: 0.64
Epoch [37/100] [TRAIN] Loss: 0.6221, Accuracy: 68.92%, AUC: 0.69 [VAL] Loss: 0.6462, Accuracy: 63.90%, Precision: 0.60, Recall: 0.69, F1: 0.64, AUC: 0.64
Epoch [38/100] [TRAIN] Loss: 0.6249, Accuracy: 68.91%, AUC: 0.69 [VAL] Loss: 0.6461, Accuracy: 63.90%, Precision: 0.60, Recall: 0.69, F1: 0.64, AUC: 0.64
Epoch [39/100] [TRAIN] Loss: 0.6239, Accuracy: 68.89%, AUC: 0.69 [VAL] Loss: 0.6461, Accuracy: 63.90%, Precision: 0.60, Recall: 0.69, F1: 0.64, AUC: 0.64
Epoch [40/100] [TRAIN] Loss: 0.6248, Accuracy: 68.88%, AUC: 0.69 [VAL] Loss: 0.6462, Accuracy: 63.90%, Precision: 0.60, Recall: 0.69, F1: 0.64, AUC: 0.64
  Early stopping at epoch 40 (no val_loss improvement for 10 epochs)
  Antisymmetry score:      0.9360
  Total violations:        64 / 1000
  Pairs near boundary:     375 (37.5%)
  Avg |prob-0.5| at violation: 0.0000  (near 0 = boundary issue, larger = real failure)
Seed: 789
Accuracy:  69.90 %
AUC:       0.7008
Precision: 0.6660
Recall:    0.7400
F1-Score:  0.7011

Antisymmetry score:  0.9360  (1.0 = perfect, ~0.5 = random)

Detailed Classification Report:
              precision    recall  f1-score   support

           0       0.74      0.66      0.70       523
           1       0.67      0.74      0.70       477

    accuracy                           0.70      1000
   macro avg       0.70      0.70      0.70      1000
weighted avg       0.70      0.70      0.70      1000


Confusion Matrix:
[[346 177]
 [124 353]]


007-H3K4me3-H3K27ac
Train label distribution:
  Label 0:   4257 (53.2%)
  Label 1:   3743 (46.8%)
Val label distribution:
  Label 0:    535 (53.5%)
  Label 1:    465 (46.5%)
Test label distribution:
  Label 0:    523 (52.3%)
  Label 1:    477 (47.7%)
Epoch [1/100] [TRAIN] Loss: 0.7221, Accuracy: 58.34%, AUC: 0.58 [VAL] Loss: 0.6614, Accuracy: 63.20%, Precision: 0.59, Recall: 0.67, F1: 0.63, AUC: 0.63
Epoch [2/100] [TRAIN] Loss: 0.6686, Accuracy: 67.08%, AUC: 0.67 [VAL] Loss: 0.6573, Accuracy: 63.30%, Precision: 0.59, Recall: 0.68, F1: 0.63, AUC: 0.64
Epoch [3/100] [TRAIN] Loss: 0.6561, Accuracy: 67.88%, AUC: 0.68 [VAL] Loss: 0.6552, Accuracy: 64.00%, Precision: 0.60, Recall: 0.69, F1: 0.64, AUC: 0.64
Epoch [4/100] [TRAIN] Loss: 0.6485, Accuracy: 68.72%, AUC: 0.69 [VAL] Loss: 0.6528, Accuracy: 64.20%, Precision: 0.60, Recall: 0.69, F1: 0.64, AUC: 0.65
Epoch [5/100] [TRAIN] Loss: 0.6462, Accuracy: 68.67%, AUC: 0.69 [VAL] Loss: 0.6517, Accuracy: 63.80%, Precision: 0.60, Recall: 0.69, F1: 0.64, AUC: 0.64
Epoch [6/100] [TRAIN] Loss: 0.6452, Accuracy: 67.90%, AUC: 0.68 [VAL] Loss: 0.6513, Accuracy: 64.20%, Precision: 0.60, Recall: 0.69, F1: 0.64, AUC: 0.65
Epoch [7/100] [TRAIN] Loss: 0.6424, Accuracy: 68.94%, AUC: 0.69 [VAL] Loss: 0.6502, Accuracy: 64.10%, Precision: 0.60, Recall: 0.69, F1: 0.64, AUC: 0.64
Epoch [8/100] [TRAIN] Loss: 0.6364, Accuracy: 68.90%, AUC: 0.69 [VAL] Loss: 0.6493, Accuracy: 63.80%, Precision: 0.60, Recall: 0.68, F1: 0.64, AUC: 0.64
Epoch [9/100] [TRAIN] Loss: 0.6344, Accuracy: 68.79%, AUC: 0.69 [VAL] Loss: 0.6487, Accuracy: 63.50%, Precision: 0.59, Recall: 0.68, F1: 0.63, AUC: 0.64
Epoch [10/100] [TRAIN] Loss: 0.6396, Accuracy: 68.65%, AUC: 0.69 [VAL] Loss: 0.6484, Accuracy: 63.50%, Precision: 0.59, Recall: 0.68, F1: 0.63, AUC: 0.64
Epoch [11/100] [TRAIN] Loss: 0.6368, Accuracy: 69.24%, AUC: 0.69 [VAL] Loss: 0.6476, Accuracy: 63.50%, Precision: 0.59, Recall: 0.68, F1: 0.63, AUC: 0.64
Epoch [12/100] [TRAIN] Loss: 0.6309, Accuracy: 69.19%, AUC: 0.69 [VAL] Loss: 0.6471, Accuracy: 63.90%, Precision: 0.60, Recall: 0.69, F1: 0.64, AUC: 0.64
Epoch [13/100] [TRAIN] Loss: 0.6342, Accuracy: 68.61%, AUC: 0.69 [VAL] Loss: 0.6467, Accuracy: 63.70%, Precision: 0.59, Recall: 0.69, F1: 0.64, AUC: 0.64
Epoch [14/100] [TRAIN] Loss: 0.6336, Accuracy: 68.99%, AUC: 0.69 [VAL] Loss: 0.6466, Accuracy: 63.60%, Precision: 0.59, Recall: 0.68, F1: 0.64, AUC: 0.64
Epoch [15/100] [TRAIN] Loss: 0.6286, Accuracy: 69.40%, AUC: 0.69 [VAL] Loss: 0.6467, Accuracy: 63.80%, Precision: 0.60, Recall: 0.69, F1: 0.64, AUC: 0.64
Epoch [16/100] [TRAIN] Loss: 0.6294, Accuracy: 69.30%, AUC: 0.69 [VAL] Loss: 0.6458, Accuracy: 63.70%, Precision: 0.60, Recall: 0.68, F1: 0.64, AUC: 0.64
Epoch [17/100] [TRAIN] Loss: 0.6309, Accuracy: 69.24%, AUC: 0.69 [VAL] Loss: 0.6460, Accuracy: 63.80%, Precision: 0.60, Recall: 0.68, F1: 0.64, AUC: 0.64
Epoch [18/100] [TRAIN] Loss: 0.6300, Accuracy: 68.97%, AUC: 0.69 [VAL] Loss: 0.6460, Accuracy: 63.90%, Precision: 0.60, Recall: 0.68, F1: 0.64, AUC: 0.64
Epoch [19/100] [TRAIN] Loss: 0.6256, Accuracy: 69.51%, AUC: 0.70 [VAL] Loss: 0.6455, Accuracy: 64.10%, Precision: 0.60, Recall: 0.68, F1: 0.64, AUC: 0.64
Epoch [20/100] [TRAIN] Loss: 0.6273, Accuracy: 69.39%, AUC: 0.69 [VAL] Loss: 0.6453, Accuracy: 64.00%, Precision: 0.60, Recall: 0.69, F1: 0.64, AUC: 0.64
Epoch [21/100] [TRAIN] Loss: 0.6273, Accuracy: 69.30%, AUC: 0.69 [VAL] Loss: 0.6452, Accuracy: 64.20%, Precision: 0.60, Recall: 0.69, F1: 0.64, AUC: 0.64
Epoch [22/100] [TRAIN] Loss: 0.6287, Accuracy: 69.10%, AUC: 0.69 [VAL] Loss: 0.6450, Accuracy: 64.10%, Precision: 0.60, Recall: 0.69, F1: 0.64, AUC: 0.64
Epoch [23/100] [TRAIN] Loss: 0.6252, Accuracy: 69.89%, AUC: 0.70 [VAL] Loss: 0.6447, Accuracy: 64.20%, Precision: 0.60, Recall: 0.69, F1: 0.64, AUC: 0.64
Epoch [24/100] [TRAIN] Loss: 0.6260, Accuracy: 69.21%, AUC: 0.69 [VAL] Loss: 0.6443, Accuracy: 64.30%, Precision: 0.60, Recall: 0.69, F1: 0.64, AUC: 0.65
Epoch [25/100] [TRAIN] Loss: 0.6253, Accuracy: 68.96%, AUC: 0.69 [VAL] Loss: 0.6443, Accuracy: 64.60%, Precision: 0.60, Recall: 0.69, F1: 0.65, AUC: 0.65
Epoch [26/100] [TRAIN] Loss: 0.6245, Accuracy: 69.58%, AUC: 0.70 [VAL] Loss: 0.6442, Accuracy: 64.50%, Precision: 0.60, Recall: 0.69, F1: 0.64, AUC: 0.65
Epoch [27/100] [TRAIN] Loss: 0.6233, Accuracy: 69.67%, AUC: 0.70 [VAL] Loss: 0.6441, Accuracy: 64.50%, Precision: 0.60, Recall: 0.69, F1: 0.64, AUC: 0.65
Epoch [28/100] [TRAIN] Loss: 0.6224, Accuracy: 69.14%, AUC: 0.69 [VAL] Loss: 0.6438, Accuracy: 64.40%, Precision: 0.60, Recall: 0.69, F1: 0.64, AUC: 0.65
Epoch [29/100] [TRAIN] Loss: 0.6254, Accuracy: 69.55%, AUC: 0.70 [VAL] Loss: 0.6436, Accuracy: 64.40%, Precision: 0.60, Recall: 0.69, F1: 0.64, AUC: 0.65
Epoch [30/100] [TRAIN] Loss: 0.6252, Accuracy: 69.01%, AUC: 0.69 [VAL] Loss: 0.6435, Accuracy: 64.40%, Precision: 0.60, Recall: 0.69, F1: 0.64, AUC: 0.65
Epoch [31/100] [TRAIN] Loss: 0.6226, Accuracy: 69.47%, AUC: 0.69 [VAL] Loss: 0.6432, Accuracy: 64.50%, Precision: 0.60, Recall: 0.69, F1: 0.64, AUC: 0.65
Epoch [32/100] [TRAIN] Loss: 0.6246, Accuracy: 69.00%, AUC: 0.69 [VAL] Loss: 0.6432, Accuracy: 64.50%, Precision: 0.60, Recall: 0.69, F1: 0.64, AUC: 0.65
Epoch [33/100] [TRAIN] Loss: 0.6193, Accuracy: 70.01%, AUC: 0.70 [VAL] Loss: 0.6427, Accuracy: 64.20%, Precision: 0.60, Recall: 0.69, F1: 0.64, AUC: 0.65
Epoch [34/100] [TRAIN] Loss: 0.6199, Accuracy: 69.92%, AUC: 0.70 [VAL] Loss: 0.6422, Accuracy: 64.00%, Precision: 0.60, Recall: 0.69, F1: 0.64, AUC: 0.64
Epoch [35/100] [TRAIN] Loss: 0.6217, Accuracy: 70.00%, AUC: 0.70 [VAL] Loss: 0.6424, Accuracy: 64.10%, Precision: 0.60, Recall: 0.69, F1: 0.64, AUC: 0.64
Epoch [36/100] [TRAIN] Loss: 0.6204, Accuracy: 69.74%, AUC: 0.70 [VAL] Loss: 0.6425, Accuracy: 64.30%, Precision: 0.60, Recall: 0.69, F1: 0.64, AUC: 0.65
Epoch [37/100] [TRAIN] Loss: 0.6222, Accuracy: 69.94%, AUC: 0.70 [VAL] Loss: 0.6422, Accuracy: 64.10%, Precision: 0.60, Recall: 0.69, F1: 0.64, AUC: 0.64
Epoch [38/100] [TRAIN] Loss: 0.6189, Accuracy: 69.89%, AUC: 0.70 [VAL] Loss: 0.6422, Accuracy: 64.10%, Precision: 0.60, Recall: 0.69, F1: 0.64, AUC: 0.64
Epoch [39/100] [TRAIN] Loss: 0.6179, Accuracy: 69.62%, AUC: 0.70 [VAL] Loss: 0.6420, Accuracy: 64.40%, Precision: 0.60, Recall: 0.69, F1: 0.64, AUC: 0.65
Epoch [40/100] [TRAIN] Loss: 0.6199, Accuracy: 69.91%, AUC: 0.70 [VAL] Loss: 0.6415, Accuracy: 64.30%, Precision: 0.60, Recall: 0.69, F1: 0.64, AUC: 0.65
Epoch [41/100] [TRAIN] Loss: 0.6193, Accuracy: 69.38%, AUC: 0.69 [VAL] Loss: 0.6415, Accuracy: 64.30%, Precision: 0.60, Recall: 0.69, F1: 0.64, AUC: 0.65
Epoch [42/100] [TRAIN] Loss: 0.6213, Accuracy: 69.51%, AUC: 0.70 [VAL] Loss: 0.6417, Accuracy: 64.10%, Precision: 0.60, Recall: 0.69, F1: 0.64, AUC: 0.64
Epoch [43/100] [TRAIN] Loss: 0.6167, Accuracy: 69.94%, AUC: 0.70 [VAL] Loss: 0.6416, Accuracy: 64.20%, Precision: 0.60, Recall: 0.69, F1: 0.64, AUC: 0.65
Epoch [44/100] [TRAIN] Loss: 0.6185, Accuracy: 69.08%, AUC: 0.69 [VAL] Loss: 0.6414, Accuracy: 64.10%, Precision: 0.60, Recall: 0.69, F1: 0.64, AUC: 0.64
Epoch [45/100] [TRAIN] Loss: 0.6176, Accuracy: 69.40%, AUC: 0.69 [VAL] Loss: 0.6409, Accuracy: 64.60%, Precision: 0.60, Recall: 0.69, F1: 0.65, AUC: 0.65
Epoch [46/100] [TRAIN] Loss: 0.6180, Accuracy: 69.60%, AUC: 0.70 [VAL] Loss: 0.6413, Accuracy: 64.20%, Precision: 0.60, Recall: 0.69, F1: 0.64, AUC: 0.65
Epoch [47/100] [TRAIN] Loss: 0.6179, Accuracy: 69.31%, AUC: 0.69 [VAL] Loss: 0.6407, Accuracy: 64.10%, Precision: 0.60, Recall: 0.69, F1: 0.64, AUC: 0.64
Epoch [48/100] [TRAIN] Loss: 0.6187, Accuracy: 69.04%, AUC: 0.69 [VAL] Loss: 0.6403, Accuracy: 64.10%, Precision: 0.60, Recall: 0.69, F1: 0.64, AUC: 0.64
Epoch [49/100] [TRAIN] Loss: 0.6170, Accuracy: 69.75%, AUC: 0.70 [VAL] Loss: 0.6402, Accuracy: 64.70%, Precision: 0.60, Recall: 0.69, F1: 0.65, AUC: 0.65
Epoch [50/100] [TRAIN] Loss: 0.6179, Accuracy: 69.76%, AUC: 0.70 [VAL] Loss: 0.6406, Accuracy: 64.60%, Precision: 0.60, Recall: 0.69, F1: 0.65, AUC: 0.65
Epoch [51/100] [TRAIN] Loss: 0.6191, Accuracy: 69.38%, AUC: 0.69 [VAL] Loss: 0.6406, Accuracy: 64.20%, Precision: 0.60, Recall: 0.69, F1: 0.64, AUC: 0.65
Epoch [52/100] [TRAIN] Loss: 0.6158, Accuracy: 69.76%, AUC: 0.70 [VAL] Loss: 0.6406, Accuracy: 64.20%, Precision: 0.60, Recall: 0.69, F1: 0.64, AUC: 0.65
Epoch [53/100] [TRAIN] Loss: 0.6170, Accuracy: 69.05%, AUC: 0.69 [VAL] Loss: 0.6404, Accuracy: 64.20%, Precision: 0.60, Recall: 0.69, F1: 0.64, AUC: 0.65
Epoch [54/100] [TRAIN] Loss: 0.6159, Accuracy: 69.17%, AUC: 0.69 [VAL] Loss: 0.6403, Accuracy: 64.20%, Precision: 0.60, Recall: 0.69, F1: 0.64, AUC: 0.65
Epoch [55/100] [TRAIN] Loss: 0.6163, Accuracy: 70.22%, AUC: 0.70 [VAL] Loss: 0.6404, Accuracy: 64.50%, Precision: 0.60, Recall: 0.69, F1: 0.64, AUC: 0.65
Epoch [56/100] [TRAIN] Loss: 0.6159, Accuracy: 69.55%, AUC: 0.70 [VAL] Loss: 0.6403, Accuracy: 64.50%, Precision: 0.60, Recall: 0.69, F1: 0.64, AUC: 0.65
Epoch [57/100] [TRAIN] Loss: 0.6163, Accuracy: 69.91%, AUC: 0.70 [VAL] Loss: 0.6403, Accuracy: 64.50%, Precision: 0.60, Recall: 0.69, F1: 0.64, AUC: 0.65
Epoch [58/100] [TRAIN] Loss: 0.6189, Accuracy: 69.89%, AUC: 0.70 [VAL] Loss: 0.6403, Accuracy: 64.50%, Precision: 0.60, Recall: 0.69, F1: 0.64, AUC: 0.65
  Early stopping at epoch 58 (no val_loss improvement for 10 epochs)
  Antisymmetry score:      0.9230
  Total violations:        77 / 1000
  Pairs near boundary:     370 (37.0%)
  Avg |prob-0.5| at violation: 0.0000  (near 0 = boundary issue, larger = real failure)
Seed: 789
Accuracy:  68.50 %
AUC:       0.6879
Precision: 0.6462
Recall:    0.7505
F1-Score:  0.6945

Antisymmetry score:  0.9230  (1.0 = perfect, ~0.5 = random)

Detailed Classification Report:
              precision    recall  f1-score   support

           0       0.73      0.63      0.67       523
           1       0.65      0.75      0.69       477

    accuracy                           0.69      1000
   macro avg       0.69      0.69      0.68      1000
weighted avg       0.69      0.69      0.68      1000


Confusion Matrix:
[[327 196]
 [119 358]]


008-H3K4me3-H3K27me3
Train label distribution:
  Label 0:   4257 (53.2%)
  Label 1:   3743 (46.8%)
Val label distribution:
  Label 0:    535 (53.5%)
  Label 1:    465 (46.5%)
Test label distribution:
  Label 0:    523 (52.3%)
  Label 1:    477 (47.7%)
Epoch [1/100] [TRAIN] Loss: 0.6938, Accuracy: 64.72%, AUC: 0.65 [VAL] Loss: 0.6618, Accuracy: 63.90%, Precision: 0.60, Recall: 0.67, F1: 0.63, AUC: 0.64
Epoch [2/100] [TRAIN] Loss: 0.6550, Accuracy: 67.65%, AUC: 0.68 [VAL] Loss: 0.6562, Accuracy: 64.20%, Precision: 0.60, Recall: 0.67, F1: 0.63, AUC: 0.64
Epoch [3/100] [TRAIN] Loss: 0.6511, Accuracy: 67.85%, AUC: 0.68 [VAL] Loss: 0.6548, Accuracy: 63.70%, Precision: 0.60, Recall: 0.66, F1: 0.63, AUC: 0.64
Epoch [4/100] [TRAIN] Loss: 0.6424, Accuracy: 68.12%, AUC: 0.68 [VAL] Loss: 0.6524, Accuracy: 63.70%, Precision: 0.60, Recall: 0.66, F1: 0.63, AUC: 0.64
Epoch [5/100] [TRAIN] Loss: 0.6385, Accuracy: 68.22%, AUC: 0.68 [VAL] Loss: 0.6513, Accuracy: 63.70%, Precision: 0.60, Recall: 0.66, F1: 0.63, AUC: 0.64
Epoch [6/100] [TRAIN] Loss: 0.6358, Accuracy: 69.01%, AUC: 0.69 [VAL] Loss: 0.6502, Accuracy: 63.90%, Precision: 0.60, Recall: 0.67, F1: 0.63, AUC: 0.64
Epoch [7/100] [TRAIN] Loss: 0.6380, Accuracy: 68.53%, AUC: 0.69 [VAL] Loss: 0.6490, Accuracy: 63.90%, Precision: 0.60, Recall: 0.66, F1: 0.63, AUC: 0.64
Epoch [8/100] [TRAIN] Loss: 0.6347, Accuracy: 68.67%, AUC: 0.69 [VAL] Loss: 0.6484, Accuracy: 64.00%, Precision: 0.60, Recall: 0.66, F1: 0.63, AUC: 0.64
Epoch [9/100] [TRAIN] Loss: 0.6351, Accuracy: 68.44%, AUC: 0.68 [VAL] Loss: 0.6481, Accuracy: 64.10%, Precision: 0.60, Recall: 0.67, F1: 0.63, AUC: 0.64
Epoch [10/100] [TRAIN] Loss: 0.6316, Accuracy: 68.65%, AUC: 0.69 [VAL] Loss: 0.6480, Accuracy: 64.30%, Precision: 0.60, Recall: 0.67, F1: 0.64, AUC: 0.64
Epoch [11/100] [TRAIN] Loss: 0.6293, Accuracy: 68.96%, AUC: 0.69 [VAL] Loss: 0.6471, Accuracy: 64.60%, Precision: 0.61, Recall: 0.67, F1: 0.64, AUC: 0.65
Epoch [12/100] [TRAIN] Loss: 0.6272, Accuracy: 68.80%, AUC: 0.69 [VAL] Loss: 0.6465, Accuracy: 64.30%, Precision: 0.60, Recall: 0.67, F1: 0.64, AUC: 0.64
Epoch [13/100] [TRAIN] Loss: 0.6298, Accuracy: 68.67%, AUC: 0.69 [VAL] Loss: 0.6456, Accuracy: 64.40%, Precision: 0.61, Recall: 0.67, F1: 0.64, AUC: 0.65
Epoch [14/100] [TRAIN] Loss: 0.6255, Accuracy: 69.17%, AUC: 0.69 [VAL] Loss: 0.6450, Accuracy: 63.70%, Precision: 0.60, Recall: 0.66, F1: 0.63, AUC: 0.64
Epoch [15/100] [TRAIN] Loss: 0.6295, Accuracy: 68.61%, AUC: 0.69 [VAL] Loss: 0.6448, Accuracy: 64.00%, Precision: 0.60, Recall: 0.66, F1: 0.63, AUC: 0.64
Epoch [16/100] [TRAIN] Loss: 0.6314, Accuracy: 68.89%, AUC: 0.69 [VAL] Loss: 0.6446, Accuracy: 64.30%, Precision: 0.61, Recall: 0.67, F1: 0.63, AUC: 0.64
Epoch [17/100] [TRAIN] Loss: 0.6284, Accuracy: 68.29%, AUC: 0.68 [VAL] Loss: 0.6442, Accuracy: 64.10%, Precision: 0.60, Recall: 0.67, F1: 0.63, AUC: 0.64
Epoch [18/100] [TRAIN] Loss: 0.6264, Accuracy: 68.41%, AUC: 0.68 [VAL] Loss: 0.6440, Accuracy: 64.20%, Precision: 0.60, Recall: 0.67, F1: 0.63, AUC: 0.64
Epoch [19/100] [TRAIN] Loss: 0.6254, Accuracy: 68.89%, AUC: 0.69 [VAL] Loss: 0.6433, Accuracy: 64.50%, Precision: 0.61, Recall: 0.66, F1: 0.64, AUC: 0.65
Epoch [20/100] [TRAIN] Loss: 0.6228, Accuracy: 68.76%, AUC: 0.69 [VAL] Loss: 0.6432, Accuracy: 64.20%, Precision: 0.60, Recall: 0.67, F1: 0.63, AUC: 0.64
Epoch [21/100] [TRAIN] Loss: 0.6233, Accuracy: 69.12%, AUC: 0.69 [VAL] Loss: 0.6434, Accuracy: 64.30%, Precision: 0.61, Recall: 0.67, F1: 0.64, AUC: 0.64
Epoch [22/100] [TRAIN] Loss: 0.6251, Accuracy: 68.71%, AUC: 0.69 [VAL] Loss: 0.6428, Accuracy: 64.50%, Precision: 0.61, Recall: 0.67, F1: 0.64, AUC: 0.65
Epoch [23/100] [TRAIN] Loss: 0.6252, Accuracy: 68.69%, AUC: 0.69 [VAL] Loss: 0.6428, Accuracy: 64.40%, Precision: 0.61, Recall: 0.67, F1: 0.64, AUC: 0.65
Epoch [24/100] [TRAIN] Loss: 0.6217, Accuracy: 69.06%, AUC: 0.69 [VAL] Loss: 0.6422, Accuracy: 64.40%, Precision: 0.61, Recall: 0.67, F1: 0.64, AUC: 0.65
Epoch [25/100] [TRAIN] Loss: 0.6238, Accuracy: 68.99%, AUC: 0.69 [VAL] Loss: 0.6415, Accuracy: 64.40%, Precision: 0.61, Recall: 0.67, F1: 0.64, AUC: 0.65
Epoch [26/100] [TRAIN] Loss: 0.6255, Accuracy: 68.65%, AUC: 0.69 [VAL] Loss: 0.6410, Accuracy: 64.70%, Precision: 0.61, Recall: 0.68, F1: 0.64, AUC: 0.65
Epoch [27/100] [TRAIN] Loss: 0.6206, Accuracy: 69.25%, AUC: 0.69 [VAL] Loss: 0.6407, Accuracy: 64.90%, Precision: 0.61, Recall: 0.68, F1: 0.64, AUC: 0.65
Epoch [28/100] [TRAIN] Loss: 0.6225, Accuracy: 69.24%, AUC: 0.69 [VAL] Loss: 0.6409, Accuracy: 64.60%, Precision: 0.61, Recall: 0.68, F1: 0.64, AUC: 0.65
Epoch [29/100] [TRAIN] Loss: 0.6251, Accuracy: 68.61%, AUC: 0.69 [VAL] Loss: 0.6405, Accuracy: 65.00%, Precision: 0.61, Recall: 0.68, F1: 0.64, AUC: 0.65
Epoch [30/100] [TRAIN] Loss: 0.6186, Accuracy: 68.49%, AUC: 0.69 [VAL] Loss: 0.6405, Accuracy: 64.70%, Precision: 0.61, Recall: 0.68, F1: 0.64, AUC: 0.65
Epoch [31/100] [TRAIN] Loss: 0.6220, Accuracy: 68.56%, AUC: 0.69 [VAL] Loss: 0.6406, Accuracy: 64.70%, Precision: 0.61, Recall: 0.68, F1: 0.64, AUC: 0.65
Epoch [32/100] [TRAIN] Loss: 0.6192, Accuracy: 69.61%, AUC: 0.70 [VAL] Loss: 0.6409, Accuracy: 64.70%, Precision: 0.61, Recall: 0.68, F1: 0.64, AUC: 0.65
Epoch [33/100] [TRAIN] Loss: 0.6181, Accuracy: 69.05%, AUC: 0.69 [VAL] Loss: 0.6403, Accuracy: 64.90%, Precision: 0.61, Recall: 0.68, F1: 0.64, AUC: 0.65
Epoch [34/100] [TRAIN] Loss: 0.6217, Accuracy: 69.19%, AUC: 0.69 [VAL] Loss: 0.6399, Accuracy: 64.50%, Precision: 0.61, Recall: 0.67, F1: 0.64, AUC: 0.65
Epoch [35/100] [TRAIN] Loss: 0.6182, Accuracy: 69.72%, AUC: 0.70 [VAL] Loss: 0.6402, Accuracy: 64.80%, Precision: 0.61, Recall: 0.68, F1: 0.64, AUC: 0.65
Epoch [36/100] [TRAIN] Loss: 0.6194, Accuracy: 69.45%, AUC: 0.69 [VAL] Loss: 0.6397, Accuracy: 65.00%, Precision: 0.61, Recall: 0.68, F1: 0.64, AUC: 0.65
Epoch [37/100] [TRAIN] Loss: 0.6220, Accuracy: 69.00%, AUC: 0.69 [VAL] Loss: 0.6396, Accuracy: 64.90%, Precision: 0.61, Recall: 0.68, F1: 0.64, AUC: 0.65
Epoch [38/100] [TRAIN] Loss: 0.6186, Accuracy: 69.12%, AUC: 0.69 [VAL] Loss: 0.6392, Accuracy: 64.90%, Precision: 0.61, Recall: 0.68, F1: 0.64, AUC: 0.65
Epoch [39/100] [TRAIN] Loss: 0.6194, Accuracy: 69.15%, AUC: 0.69 [VAL] Loss: 0.6399, Accuracy: 64.50%, Precision: 0.61, Recall: 0.68, F1: 0.64, AUC: 0.65
Epoch [40/100] [TRAIN] Loss: 0.6216, Accuracy: 68.97%, AUC: 0.69 [VAL] Loss: 0.6397, Accuracy: 64.50%, Precision: 0.61, Recall: 0.68, F1: 0.64, AUC: 0.65
Epoch [41/100] [TRAIN] Loss: 0.6187, Accuracy: 68.89%, AUC: 0.69 [VAL] Loss: 0.6393, Accuracy: 64.80%, Precision: 0.61, Recall: 0.68, F1: 0.64, AUC: 0.65
Epoch [42/100] [TRAIN] Loss: 0.6182, Accuracy: 69.26%, AUC: 0.69 [VAL] Loss: 0.6392, Accuracy: 64.90%, Precision: 0.61, Recall: 0.68, F1: 0.64, AUC: 0.65
Epoch [43/100] [TRAIN] Loss: 0.6156, Accuracy: 69.50%, AUC: 0.70 [VAL] Loss: 0.6388, Accuracy: 64.60%, Precision: 0.61, Recall: 0.68, F1: 0.64, AUC: 0.65
Epoch [44/100] [TRAIN] Loss: 0.6209, Accuracy: 69.44%, AUC: 0.69 [VAL] Loss: 0.6388, Accuracy: 64.70%, Precision: 0.61, Recall: 0.68, F1: 0.64, AUC: 0.65
Epoch [45/100] [TRAIN] Loss: 0.6187, Accuracy: 69.08%, AUC: 0.69 [VAL] Loss: 0.6386, Accuracy: 64.80%, Precision: 0.61, Recall: 0.68, F1: 0.64, AUC: 0.65
Epoch [46/100] [TRAIN] Loss: 0.6174, Accuracy: 69.08%, AUC: 0.69 [VAL] Loss: 0.6383, Accuracy: 64.90%, Precision: 0.61, Recall: 0.68, F1: 0.64, AUC: 0.65
Epoch [47/100] [TRAIN] Loss: 0.6178, Accuracy: 69.16%, AUC: 0.69 [VAL] Loss: 0.6380, Accuracy: 65.10%, Precision: 0.61, Recall: 0.68, F1: 0.64, AUC: 0.65
Epoch [48/100] [TRAIN] Loss: 0.6169, Accuracy: 69.12%, AUC: 0.69 [VAL] Loss: 0.6381, Accuracy: 65.00%, Precision: 0.61, Recall: 0.68, F1: 0.64, AUC: 0.65
Epoch [49/100] [TRAIN] Loss: 0.6196, Accuracy: 69.62%, AUC: 0.70 [VAL] Loss: 0.6380, Accuracy: 65.00%, Precision: 0.61, Recall: 0.68, F1: 0.64, AUC: 0.65
Epoch [50/100] [TRAIN] Loss: 0.6154, Accuracy: 69.39%, AUC: 0.69 [VAL] Loss: 0.6382, Accuracy: 65.10%, Precision: 0.61, Recall: 0.68, F1: 0.64, AUC: 0.65
Epoch [51/100] [TRAIN] Loss: 0.6155, Accuracy: 69.11%, AUC: 0.69 [VAL] Loss: 0.6383, Accuracy: 65.20%, Precision: 0.61, Recall: 0.68, F1: 0.64, AUC: 0.65
Epoch [52/100] [TRAIN] Loss: 0.6161, Accuracy: 69.33%, AUC: 0.69 [VAL] Loss: 0.6380, Accuracy: 65.10%, Precision: 0.61, Recall: 0.68, F1: 0.64, AUC: 0.65
Epoch [53/100] [TRAIN] Loss: 0.6183, Accuracy: 69.01%, AUC: 0.69 [VAL] Loss: 0.6382, Accuracy: 65.10%, Precision: 0.61, Recall: 0.68, F1: 0.64, AUC: 0.65
Epoch [54/100] [TRAIN] Loss: 0.6178, Accuracy: 69.45%, AUC: 0.70 [VAL] Loss: 0.6381, Accuracy: 65.10%, Precision: 0.61, Recall: 0.68, F1: 0.64, AUC: 0.65
Epoch [55/100] [TRAIN] Loss: 0.6147, Accuracy: 69.15%, AUC: 0.69 [VAL] Loss: 0.6381, Accuracy: 65.10%, Precision: 0.61, Recall: 0.68, F1: 0.64, AUC: 0.65
Epoch [56/100] [TRAIN] Loss: 0.6140, Accuracy: 69.28%, AUC: 0.69 [VAL] Loss: 0.6381, Accuracy: 65.10%, Precision: 0.61, Recall: 0.68, F1: 0.64, AUC: 0.65
Epoch [57/100] [TRAIN] Loss: 0.6188, Accuracy: 68.86%, AUC: 0.69 [VAL] Loss: 0.6381, Accuracy: 65.10%, Precision: 0.61, Recall: 0.68, F1: 0.64, AUC: 0.65
  Early stopping at epoch 57 (no val_loss improvement for 10 epochs)
  Antisymmetry score:      0.9570
  Total violations:        43 / 1000
  Pairs near boundary:     370 (37.0%)
  Avg |prob-0.5| at violation: 0.0000  (near 0 = boundary issue, larger = real failure)
Seed: 789
Accuracy:  70.40 %
AUC:       0.7062
Precision: 0.6679
Recall:    0.7547
F1-Score:  0.7087

Antisymmetry score:  0.9570  (1.0 = perfect, ~0.5 = random)

Detailed Classification Report:
              precision    recall  f1-score   support

           0       0.75      0.66      0.70       523
           1       0.67      0.75      0.71       477

    accuracy                           0.70      1000
   macro avg       0.71      0.71      0.70      1000
weighted avg       0.71      0.70      0.70      1000


Confusion Matrix:
[[344 179]
 [117 360]]


009-H3K9ac-H3K9me3
Train label distribution:
  Label 0:   4257 (53.2%)
  Label 1:   3743 (46.8%)
Val label distribution:
  Label 0:    535 (53.5%)
  Label 1:    465 (46.5%)
Test label distribution:
  Label 0:    523 (52.3%)
  Label 1:    477 (47.7%)
Epoch [1/100] [TRAIN] Loss: 0.7056, Accuracy: 58.69%, AUC: 0.59 [VAL] Loss: 0.6792, Accuracy: 63.30%, Precision: 0.60, Recall: 0.66, F1: 0.63, AUC: 0.63
Epoch [2/100] [TRAIN] Loss: 0.6675, Accuracy: 66.03%, AUC: 0.66 [VAL] Loss: 0.6719, Accuracy: 63.00%, Precision: 0.59, Recall: 0.65, F1: 0.62, AUC: 0.63
Epoch [3/100] [TRAIN] Loss: 0.6561, Accuracy: 67.72%, AUC: 0.68 [VAL] Loss: 0.6707, Accuracy: 63.90%, Precision: 0.60, Recall: 0.66, F1: 0.63, AUC: 0.64
Epoch [4/100] [TRAIN] Loss: 0.6565, Accuracy: 67.46%, AUC: 0.68 [VAL] Loss: 0.6694, Accuracy: 64.10%, Precision: 0.60, Recall: 0.67, F1: 0.63, AUC: 0.64
Epoch [5/100] [TRAIN] Loss: 0.6527, Accuracy: 67.53%, AUC: 0.68 [VAL] Loss: 0.6688, Accuracy: 64.10%, Precision: 0.60, Recall: 0.67, F1: 0.63, AUC: 0.64
Epoch [6/100] [TRAIN] Loss: 0.6525, Accuracy: 68.22%, AUC: 0.68 [VAL] Loss: 0.6677, Accuracy: 64.20%, Precision: 0.60, Recall: 0.67, F1: 0.63, AUC: 0.64
Epoch [7/100] [TRAIN] Loss: 0.6514, Accuracy: 67.66%, AUC: 0.68 [VAL] Loss: 0.6669, Accuracy: 64.40%, Precision: 0.61, Recall: 0.67, F1: 0.64, AUC: 0.65
Epoch [8/100] [TRAIN] Loss: 0.6465, Accuracy: 68.16%, AUC: 0.68 [VAL] Loss: 0.6666, Accuracy: 64.40%, Precision: 0.61, Recall: 0.67, F1: 0.64, AUC: 0.65
Epoch [9/100] [TRAIN] Loss: 0.6492, Accuracy: 68.01%, AUC: 0.68 [VAL] Loss: 0.6658, Accuracy: 64.50%, Precision: 0.61, Recall: 0.67, F1: 0.64, AUC: 0.65
Epoch [10/100] [TRAIN] Loss: 0.6463, Accuracy: 68.20%, AUC: 0.68 [VAL] Loss: 0.6655, Accuracy: 64.80%, Precision: 0.61, Recall: 0.68, F1: 0.64, AUC: 0.65
Epoch [11/100] [TRAIN] Loss: 0.6467, Accuracy: 68.03%, AUC: 0.68 [VAL] Loss: 0.6647, Accuracy: 64.80%, Precision: 0.61, Recall: 0.68, F1: 0.64, AUC: 0.65
Epoch [12/100] [TRAIN] Loss: 0.6426, Accuracy: 68.12%, AUC: 0.68 [VAL] Loss: 0.6646, Accuracy: 64.70%, Precision: 0.61, Recall: 0.67, F1: 0.64, AUC: 0.65
Epoch [13/100] [TRAIN] Loss: 0.6442, Accuracy: 68.29%, AUC: 0.68 [VAL] Loss: 0.6640, Accuracy: 64.60%, Precision: 0.61, Recall: 0.67, F1: 0.64, AUC: 0.65
Epoch [14/100] [TRAIN] Loss: 0.6465, Accuracy: 68.20%, AUC: 0.68 [VAL] Loss: 0.6634, Accuracy: 64.60%, Precision: 0.61, Recall: 0.67, F1: 0.64, AUC: 0.65
Epoch [15/100] [TRAIN] Loss: 0.6441, Accuracy: 68.33%, AUC: 0.68 [VAL] Loss: 0.6632, Accuracy: 64.60%, Precision: 0.61, Recall: 0.67, F1: 0.64, AUC: 0.65
Epoch [16/100] [TRAIN] Loss: 0.6451, Accuracy: 67.94%, AUC: 0.68 [VAL] Loss: 0.6626, Accuracy: 64.40%, Precision: 0.61, Recall: 0.67, F1: 0.64, AUC: 0.65
Epoch [17/100] [TRAIN] Loss: 0.6441, Accuracy: 67.78%, AUC: 0.68 [VAL] Loss: 0.6622, Accuracy: 64.50%, Precision: 0.61, Recall: 0.67, F1: 0.64, AUC: 0.65
Epoch [18/100] [TRAIN] Loss: 0.6431, Accuracy: 67.85%, AUC: 0.68 [VAL] Loss: 0.6621, Accuracy: 64.60%, Precision: 0.61, Recall: 0.67, F1: 0.64, AUC: 0.65
Epoch [19/100] [TRAIN] Loss: 0.6411, Accuracy: 68.10%, AUC: 0.68 [VAL] Loss: 0.6618, Accuracy: 64.60%, Precision: 0.61, Recall: 0.67, F1: 0.64, AUC: 0.65
Epoch [20/100] [TRAIN] Loss: 0.6412, Accuracy: 68.58%, AUC: 0.69 [VAL] Loss: 0.6615, Accuracy: 64.60%, Precision: 0.61, Recall: 0.67, F1: 0.64, AUC: 0.65
Epoch [21/100] [TRAIN] Loss: 0.6420, Accuracy: 68.08%, AUC: 0.68 [VAL] Loss: 0.6612, Accuracy: 64.60%, Precision: 0.61, Recall: 0.67, F1: 0.64, AUC: 0.65
Epoch [22/100] [TRAIN] Loss: 0.6420, Accuracy: 67.96%, AUC: 0.68 [VAL] Loss: 0.6608, Accuracy: 64.50%, Precision: 0.61, Recall: 0.67, F1: 0.64, AUC: 0.65
Epoch [23/100] [TRAIN] Loss: 0.6416, Accuracy: 68.40%, AUC: 0.68 [VAL] Loss: 0.6607, Accuracy: 64.50%, Precision: 0.61, Recall: 0.67, F1: 0.64, AUC: 0.65
Epoch [24/100] [TRAIN] Loss: 0.6398, Accuracy: 68.22%, AUC: 0.68 [VAL] Loss: 0.6605, Accuracy: 64.70%, Precision: 0.61, Recall: 0.67, F1: 0.64, AUC: 0.65
Epoch [25/100] [TRAIN] Loss: 0.6376, Accuracy: 68.78%, AUC: 0.69 [VAL] Loss: 0.6605, Accuracy: 64.80%, Precision: 0.61, Recall: 0.67, F1: 0.64, AUC: 0.65
Epoch [26/100] [TRAIN] Loss: 0.6389, Accuracy: 68.58%, AUC: 0.69 [VAL] Loss: 0.6602, Accuracy: 64.80%, Precision: 0.61, Recall: 0.67, F1: 0.64, AUC: 0.65
Epoch [27/100] [TRAIN] Loss: 0.6376, Accuracy: 68.64%, AUC: 0.69 [VAL] Loss: 0.6601, Accuracy: 64.80%, Precision: 0.61, Recall: 0.67, F1: 0.64, AUC: 0.65
Epoch [28/100] [TRAIN] Loss: 0.6359, Accuracy: 68.42%, AUC: 0.68 [VAL] Loss: 0.6599, Accuracy: 64.80%, Precision: 0.61, Recall: 0.67, F1: 0.64, AUC: 0.65
Epoch [29/100] [TRAIN] Loss: 0.6355, Accuracy: 68.58%, AUC: 0.69 [VAL] Loss: 0.6599, Accuracy: 64.80%, Precision: 0.61, Recall: 0.67, F1: 0.64, AUC: 0.65
Epoch [30/100] [TRAIN] Loss: 0.6370, Accuracy: 68.66%, AUC: 0.69 [VAL] Loss: 0.6592, Accuracy: 64.80%, Precision: 0.61, Recall: 0.67, F1: 0.64, AUC: 0.65
Epoch [31/100] [TRAIN] Loss: 0.6362, Accuracy: 68.65%, AUC: 0.69 [VAL] Loss: 0.6592, Accuracy: 65.10%, Precision: 0.61, Recall: 0.68, F1: 0.64, AUC: 0.65
Epoch [32/100] [TRAIN] Loss: 0.6383, Accuracy: 68.96%, AUC: 0.69 [VAL] Loss: 0.6587, Accuracy: 65.10%, Precision: 0.61, Recall: 0.68, F1: 0.64, AUC: 0.65
Epoch [33/100] [TRAIN] Loss: 0.6351, Accuracy: 68.40%, AUC: 0.68 [VAL] Loss: 0.6585, Accuracy: 65.10%, Precision: 0.61, Recall: 0.68, F1: 0.64, AUC: 0.65
Epoch [34/100] [TRAIN] Loss: 0.6357, Accuracy: 68.55%, AUC: 0.69 [VAL] Loss: 0.6585, Accuracy: 65.00%, Precision: 0.61, Recall: 0.68, F1: 0.64, AUC: 0.65
Epoch [35/100] [TRAIN] Loss: 0.6321, Accuracy: 68.72%, AUC: 0.69 [VAL] Loss: 0.6583, Accuracy: 65.00%, Precision: 0.61, Recall: 0.68, F1: 0.64, AUC: 0.65
Epoch [36/100] [TRAIN] Loss: 0.6323, Accuracy: 68.62%, AUC: 0.69 [VAL] Loss: 0.6582, Accuracy: 65.00%, Precision: 0.61, Recall: 0.68, F1: 0.64, AUC: 0.65
Epoch [37/100] [TRAIN] Loss: 0.6325, Accuracy: 69.06%, AUC: 0.69 [VAL] Loss: 0.6584, Accuracy: 64.80%, Precision: 0.61, Recall: 0.67, F1: 0.64, AUC: 0.65
Epoch [38/100] [TRAIN] Loss: 0.6356, Accuracy: 68.65%, AUC: 0.69 [VAL] Loss: 0.6576, Accuracy: 64.90%, Precision: 0.61, Recall: 0.67, F1: 0.64, AUC: 0.65
Epoch [39/100] [TRAIN] Loss: 0.6365, Accuracy: 68.79%, AUC: 0.69 [VAL] Loss: 0.6569, Accuracy: 65.00%, Precision: 0.61, Recall: 0.67, F1: 0.64, AUC: 0.65
Epoch [40/100] [TRAIN] Loss: 0.6343, Accuracy: 68.55%, AUC: 0.69 [VAL] Loss: 0.6567, Accuracy: 65.00%, Precision: 0.61, Recall: 0.67, F1: 0.64, AUC: 0.65
Epoch [41/100] [TRAIN] Loss: 0.6331, Accuracy: 69.05%, AUC: 0.69 [VAL] Loss: 0.6567, Accuracy: 65.00%, Precision: 0.61, Recall: 0.67, F1: 0.64, AUC: 0.65
Epoch [42/100] [TRAIN] Loss: 0.6316, Accuracy: 68.75%, AUC: 0.69 [VAL] Loss: 0.6566, Accuracy: 65.00%, Precision: 0.61, Recall: 0.67, F1: 0.64, AUC: 0.65
Epoch [43/100] [TRAIN] Loss: 0.6321, Accuracy: 68.79%, AUC: 0.69 [VAL] Loss: 0.6565, Accuracy: 64.90%, Precision: 0.61, Recall: 0.67, F1: 0.64, AUC: 0.65
Epoch [44/100] [TRAIN] Loss: 0.6297, Accuracy: 69.01%, AUC: 0.69 [VAL] Loss: 0.6565, Accuracy: 64.90%, Precision: 0.61, Recall: 0.67, F1: 0.64, AUC: 0.65
Epoch [45/100] [TRAIN] Loss: 0.6330, Accuracy: 68.34%, AUC: 0.68 [VAL] Loss: 0.6559, Accuracy: 65.00%, Precision: 0.61, Recall: 0.68, F1: 0.64, AUC: 0.65
Epoch [46/100] [TRAIN] Loss: 0.6327, Accuracy: 68.44%, AUC: 0.68 [VAL] Loss: 0.6558, Accuracy: 65.10%, Precision: 0.61, Recall: 0.68, F1: 0.64, AUC: 0.65
Epoch [47/100] [TRAIN] Loss: 0.6330, Accuracy: 68.59%, AUC: 0.69 [VAL] Loss: 0.6555, Accuracy: 65.30%, Precision: 0.62, Recall: 0.68, F1: 0.64, AUC: 0.65
Epoch [48/100] [TRAIN] Loss: 0.6291, Accuracy: 68.81%, AUC: 0.69 [VAL] Loss: 0.6556, Accuracy: 65.20%, Precision: 0.61, Recall: 0.68, F1: 0.64, AUC: 0.65
Epoch [49/100] [TRAIN] Loss: 0.6327, Accuracy: 68.22%, AUC: 0.68 [VAL] Loss: 0.6554, Accuracy: 65.10%, Precision: 0.61, Recall: 0.68, F1: 0.64, AUC: 0.65
Epoch [50/100] [TRAIN] Loss: 0.6353, Accuracy: 68.78%, AUC: 0.69 [VAL] Loss: 0.6551, Accuracy: 65.10%, Precision: 0.61, Recall: 0.68, F1: 0.64, AUC: 0.65
Epoch [51/100] [TRAIN] Loss: 0.6300, Accuracy: 69.06%, AUC: 0.69 [VAL] Loss: 0.6548, Accuracy: 65.20%, Precision: 0.61, Recall: 0.68, F1: 0.64, AUC: 0.65
Epoch [52/100] [TRAIN] Loss: 0.6303, Accuracy: 68.62%, AUC: 0.69 [VAL] Loss: 0.6547, Accuracy: 65.20%, Precision: 0.61, Recall: 0.68, F1: 0.64, AUC: 0.65
Epoch [53/100] [TRAIN] Loss: 0.6293, Accuracy: 68.75%, AUC: 0.69 [VAL] Loss: 0.6545, Accuracy: 65.20%, Precision: 0.61, Recall: 0.68, F1: 0.64, AUC: 0.65
Epoch [54/100] [TRAIN] Loss: 0.6307, Accuracy: 68.12%, AUC: 0.68 [VAL] Loss: 0.6543, Accuracy: 65.20%, Precision: 0.61, Recall: 0.68, F1: 0.64, AUC: 0.65
Epoch [55/100] [TRAIN] Loss: 0.6282, Accuracy: 68.94%, AUC: 0.69 [VAL] Loss: 0.6540, Accuracy: 65.20%, Precision: 0.61, Recall: 0.68, F1: 0.64, AUC: 0.65
Epoch [56/100] [TRAIN] Loss: 0.6322, Accuracy: 68.76%, AUC: 0.69 [VAL] Loss: 0.6536, Accuracy: 65.10%, Precision: 0.61, Recall: 0.68, F1: 0.64, AUC: 0.65
Epoch [57/100] [TRAIN] Loss: 0.6317, Accuracy: 68.21%, AUC: 0.68 [VAL] Loss: 0.6534, Accuracy: 65.30%, Precision: 0.61, Recall: 0.68, F1: 0.65, AUC: 0.66
Epoch [58/100] [TRAIN] Loss: 0.6334, Accuracy: 68.35%, AUC: 0.68 [VAL] Loss: 0.6532, Accuracy: 65.30%, Precision: 0.61, Recall: 0.68, F1: 0.65, AUC: 0.66
Epoch [59/100] [TRAIN] Loss: 0.6310, Accuracy: 69.47%, AUC: 0.69 [VAL] Loss: 0.6529, Accuracy: 65.50%, Precision: 0.62, Recall: 0.69, F1: 0.65, AUC: 0.66
Epoch [60/100] [TRAIN] Loss: 0.6294, Accuracy: 69.11%, AUC: 0.69 [VAL] Loss: 0.6528, Accuracy: 65.50%, Precision: 0.62, Recall: 0.69, F1: 0.65, AUC: 0.66
Epoch [61/100] [TRAIN] Loss: 0.6293, Accuracy: 68.69%, AUC: 0.69 [VAL] Loss: 0.6528, Accuracy: 65.50%, Precision: 0.62, Recall: 0.69, F1: 0.65, AUC: 0.66
Epoch [62/100] [TRAIN] Loss: 0.6289, Accuracy: 68.74%, AUC: 0.69 [VAL] Loss: 0.6528, Accuracy: 65.50%, Precision: 0.62, Recall: 0.69, F1: 0.65, AUC: 0.66
Epoch [63/100] [TRAIN] Loss: 0.6307, Accuracy: 68.59%, AUC: 0.69 [VAL] Loss: 0.6524, Accuracy: 65.50%, Precision: 0.62, Recall: 0.69, F1: 0.65, AUC: 0.66
Epoch [64/100] [TRAIN] Loss: 0.6274, Accuracy: 69.21%, AUC: 0.69 [VAL] Loss: 0.6523, Accuracy: 65.50%, Precision: 0.62, Recall: 0.69, F1: 0.65, AUC: 0.66
Epoch [65/100] [TRAIN] Loss: 0.6289, Accuracy: 68.76%, AUC: 0.69 [VAL] Loss: 0.6522, Accuracy: 65.50%, Precision: 0.62, Recall: 0.69, F1: 0.65, AUC: 0.66
Epoch [66/100] [TRAIN] Loss: 0.6298, Accuracy: 68.79%, AUC: 0.69 [VAL] Loss: 0.6519, Accuracy: 65.50%, Precision: 0.62, Recall: 0.69, F1: 0.65, AUC: 0.66
Epoch [67/100] [TRAIN] Loss: 0.6269, Accuracy: 68.97%, AUC: 0.69 [VAL] Loss: 0.6518, Accuracy: 65.50%, Precision: 0.62, Recall: 0.69, F1: 0.65, AUC: 0.66
Epoch [68/100] [TRAIN] Loss: 0.6271, Accuracy: 68.83%, AUC: 0.69 [VAL] Loss: 0.6516, Accuracy: 65.40%, Precision: 0.61, Recall: 0.69, F1: 0.65, AUC: 0.66
Epoch [69/100] [TRAIN] Loss: 0.6283, Accuracy: 68.51%, AUC: 0.69 [VAL] Loss: 0.6512, Accuracy: 65.40%, Precision: 0.61, Recall: 0.69, F1: 0.65, AUC: 0.66
Epoch [70/100] [TRAIN] Loss: 0.6258, Accuracy: 69.31%, AUC: 0.69 [VAL] Loss: 0.6511, Accuracy: 65.40%, Precision: 0.61, Recall: 0.69, F1: 0.65, AUC: 0.66
Epoch [71/100] [TRAIN] Loss: 0.6264, Accuracy: 68.92%, AUC: 0.69 [VAL] Loss: 0.6507, Accuracy: 65.40%, Precision: 0.61, Recall: 0.69, F1: 0.65, AUC: 0.66
Epoch [72/100] [TRAIN] Loss: 0.6291, Accuracy: 69.08%, AUC: 0.69 [VAL] Loss: 0.6501, Accuracy: 65.40%, Precision: 0.61, Recall: 0.69, F1: 0.65, AUC: 0.66
Epoch [73/100] [TRAIN] Loss: 0.6277, Accuracy: 69.03%, AUC: 0.69 [VAL] Loss: 0.6502, Accuracy: 65.40%, Precision: 0.61, Recall: 0.69, F1: 0.65, AUC: 0.66
Epoch [74/100] [TRAIN] Loss: 0.6277, Accuracy: 68.75%, AUC: 0.69 [VAL] Loss: 0.6499, Accuracy: 65.40%, Precision: 0.61, Recall: 0.69, F1: 0.65, AUC: 0.66
Epoch [75/100] [TRAIN] Loss: 0.6296, Accuracy: 68.81%, AUC: 0.69 [VAL] Loss: 0.6496, Accuracy: 65.40%, Precision: 0.62, Recall: 0.68, F1: 0.65, AUC: 0.66
Epoch [76/100] [TRAIN] Loss: 0.6294, Accuracy: 68.91%, AUC: 0.69 [VAL] Loss: 0.6494, Accuracy: 65.30%, Precision: 0.61, Recall: 0.68, F1: 0.65, AUC: 0.65
Epoch [77/100] [TRAIN] Loss: 0.6269, Accuracy: 68.26%, AUC: 0.68 [VAL] Loss: 0.6493, Accuracy: 65.40%, Precision: 0.62, Recall: 0.68, F1: 0.65, AUC: 0.66
Epoch [78/100] [TRAIN] Loss: 0.6261, Accuracy: 68.66%, AUC: 0.69 [VAL] Loss: 0.6495, Accuracy: 65.50%, Precision: 0.62, Recall: 0.69, F1: 0.65, AUC: 0.66
Epoch [79/100] [TRAIN] Loss: 0.6239, Accuracy: 68.91%, AUC: 0.69 [VAL] Loss: 0.6491, Accuracy: 65.50%, Precision: 0.62, Recall: 0.68, F1: 0.65, AUC: 0.66
Epoch [80/100] [TRAIN] Loss: 0.6277, Accuracy: 68.75%, AUC: 0.69 [VAL] Loss: 0.6488, Accuracy: 65.50%, Precision: 0.62, Recall: 0.68, F1: 0.65, AUC: 0.66
Epoch [81/100] [TRAIN] Loss: 0.6220, Accuracy: 69.51%, AUC: 0.70 [VAL] Loss: 0.6491, Accuracy: 65.50%, Precision: 0.62, Recall: 0.68, F1: 0.65, AUC: 0.66
Epoch [82/100] [TRAIN] Loss: 0.6253, Accuracy: 69.24%, AUC: 0.69 [VAL] Loss: 0.6485, Accuracy: 65.60%, Precision: 0.62, Recall: 0.69, F1: 0.65, AUC: 0.66
Epoch [83/100] [TRAIN] Loss: 0.6255, Accuracy: 69.14%, AUC: 0.69 [VAL] Loss: 0.6481, Accuracy: 65.60%, Precision: 0.62, Recall: 0.69, F1: 0.65, AUC: 0.66
Epoch [84/100] [TRAIN] Loss: 0.6241, Accuracy: 69.20%, AUC: 0.69 [VAL] Loss: 0.6480, Accuracy: 65.80%, Precision: 0.62, Recall: 0.69, F1: 0.65, AUC: 0.66
Epoch [85/100] [TRAIN] Loss: 0.6224, Accuracy: 68.90%, AUC: 0.69 [VAL] Loss: 0.6478, Accuracy: 65.90%, Precision: 0.62, Recall: 0.69, F1: 0.65, AUC: 0.66
Epoch [86/100] [TRAIN] Loss: 0.6249, Accuracy: 68.85%, AUC: 0.69 [VAL] Loss: 0.6477, Accuracy: 65.80%, Precision: 0.62, Recall: 0.69, F1: 0.65, AUC: 0.66
Epoch [87/100] [TRAIN] Loss: 0.6235, Accuracy: 69.50%, AUC: 0.70 [VAL] Loss: 0.6475, Accuracy: 65.90%, Precision: 0.62, Recall: 0.69, F1: 0.65, AUC: 0.66
Epoch [88/100] [TRAIN] Loss: 0.6246, Accuracy: 69.45%, AUC: 0.69 [VAL] Loss: 0.6472, Accuracy: 65.90%, Precision: 0.62, Recall: 0.69, F1: 0.65, AUC: 0.66
Epoch [89/100] [TRAIN] Loss: 0.6242, Accuracy: 69.00%, AUC: 0.69 [VAL] Loss: 0.6469, Accuracy: 65.80%, Precision: 0.62, Recall: 0.69, F1: 0.65, AUC: 0.66
Epoch [90/100] [TRAIN] Loss: 0.6235, Accuracy: 69.25%, AUC: 0.69 [VAL] Loss: 0.6466, Accuracy: 65.80%, Precision: 0.62, Recall: 0.69, F1: 0.65, AUC: 0.66
Epoch [91/100] [TRAIN] Loss: 0.6209, Accuracy: 69.21%, AUC: 0.69 [VAL] Loss: 0.6465, Accuracy: 65.90%, Precision: 0.62, Recall: 0.69, F1: 0.65, AUC: 0.66
Epoch [92/100] [TRAIN] Loss: 0.6230, Accuracy: 68.61%, AUC: 0.69 [VAL] Loss: 0.6460, Accuracy: 65.90%, Precision: 0.62, Recall: 0.69, F1: 0.65, AUC: 0.66
Epoch [93/100] [TRAIN] Loss: 0.6235, Accuracy: 69.25%, AUC: 0.69 [VAL] Loss: 0.6457, Accuracy: 65.90%, Precision: 0.62, Recall: 0.69, F1: 0.65, AUC: 0.66
Epoch [94/100] [TRAIN] Loss: 0.6217, Accuracy: 69.40%, AUC: 0.69 [VAL] Loss: 0.6454, Accuracy: 65.90%, Precision: 0.62, Recall: 0.69, F1: 0.65, AUC: 0.66
Epoch [95/100] [TRAIN] Loss: 0.6214, Accuracy: 69.20%, AUC: 0.69 [VAL] Loss: 0.6451, Accuracy: 66.10%, Precision: 0.62, Recall: 0.69, F1: 0.66, AUC: 0.66
Epoch [96/100] [TRAIN] Loss: 0.6184, Accuracy: 69.44%, AUC: 0.69 [VAL] Loss: 0.6451, Accuracy: 65.90%, Precision: 0.62, Recall: 0.69, F1: 0.65, AUC: 0.66
Epoch [97/100] [TRAIN] Loss: 0.6228, Accuracy: 69.00%, AUC: 0.69 [VAL] Loss: 0.6446, Accuracy: 66.00%, Precision: 0.62, Recall: 0.69, F1: 0.65, AUC: 0.66
Epoch [98/100] [TRAIN] Loss: 0.6243, Accuracy: 69.06%, AUC: 0.69 [VAL] Loss: 0.6440, Accuracy: 66.20%, Precision: 0.62, Recall: 0.69, F1: 0.66, AUC: 0.66
Epoch [99/100] [TRAIN] Loss: 0.6215, Accuracy: 69.08%, AUC: 0.69 [VAL] Loss: 0.6440, Accuracy: 66.20%, Precision: 0.62, Recall: 0.69, F1: 0.66, AUC: 0.66
Epoch [100/100] [TRAIN] Loss: 0.6219, Accuracy: 69.46%, AUC: 0.69 [VAL] Loss: 0.6438, Accuracy: 66.30%, Precision: 0.62, Recall: 0.70, F1: 0.66, AUC: 0.67
  Antisymmetry score:      0.9510
  Total violations:        49 / 1000
  Pairs near boundary:     341 (34.1%)
  Avg |prob-0.5| at violation: 0.0000  (near 0 = boundary issue, larger = real failure)
Seed: 789
Accuracy:  68.00 %
AUC:       0.6821
Precision: 0.6462
Recall:    0.7275
F1-Score:  0.6844

Antisymmetry score:  0.9510  (1.0 = perfect, ~0.5 = random)

Detailed Classification Report:
              precision    recall  f1-score   support

           0       0.72      0.64      0.68       523
           1       0.65      0.73      0.68       477

    accuracy                           0.68      1000
   macro avg       0.68      0.68      0.68      1000
weighted avg       0.68      0.68      0.68      1000


Confusion Matrix:
[[333 190]
 [130 347]]


010-H3K9ac-H3K27ac
Train label distribution:
  Label 0:   4257 (53.2%)
  Label 1:   3743 (46.8%)
Val label distribution:
  Label 0:    535 (53.5%)
  Label 1:    465 (46.5%)
Test label distribution:
  Label 0:    523 (52.3%)
  Label 1:    477 (47.7%)
Epoch [1/100] [TRAIN] Loss: 0.6920, Accuracy: 63.70%, AUC: 0.64 [VAL] Loss: 0.6659, Accuracy: 63.80%, Precision: 0.60, Recall: 0.68, F1: 0.64, AUC: 0.64
Epoch [2/100] [TRAIN] Loss: 0.6621, Accuracy: 67.64%, AUC: 0.68 [VAL] Loss: 0.6618, Accuracy: 64.80%, Precision: 0.61, Recall: 0.69, F1: 0.65, AUC: 0.65
Epoch [3/100] [TRAIN] Loss: 0.6548, Accuracy: 67.67%, AUC: 0.68 [VAL] Loss: 0.6597, Accuracy: 66.00%, Precision: 0.62, Recall: 0.70, F1: 0.66, AUC: 0.66
Epoch [4/100] [TRAIN] Loss: 0.6535, Accuracy: 68.11%, AUC: 0.68 [VAL] Loss: 0.6583, Accuracy: 65.40%, Precision: 0.61, Recall: 0.70, F1: 0.65, AUC: 0.66
Epoch [5/100] [TRAIN] Loss: 0.6476, Accuracy: 68.22%, AUC: 0.68 [VAL] Loss: 0.6571, Accuracy: 65.70%, Precision: 0.61, Recall: 0.71, F1: 0.66, AUC: 0.66
Epoch [6/100] [TRAIN] Loss: 0.6475, Accuracy: 67.92%, AUC: 0.68 [VAL] Loss: 0.6560, Accuracy: 65.90%, Precision: 0.62, Recall: 0.71, F1: 0.66, AUC: 0.66
Epoch [7/100] [TRAIN] Loss: 0.6481, Accuracy: 68.03%, AUC: 0.68 [VAL] Loss: 0.6556, Accuracy: 66.10%, Precision: 0.62, Recall: 0.70, F1: 0.66, AUC: 0.66
Epoch [8/100] [TRAIN] Loss: 0.6402, Accuracy: 68.50%, AUC: 0.69 [VAL] Loss: 0.6551, Accuracy: 66.10%, Precision: 0.62, Recall: 0.70, F1: 0.66, AUC: 0.66
Epoch [9/100] [TRAIN] Loss: 0.6380, Accuracy: 68.86%, AUC: 0.69 [VAL] Loss: 0.6550, Accuracy: 65.90%, Precision: 0.62, Recall: 0.70, F1: 0.66, AUC: 0.66
Epoch [10/100] [TRAIN] Loss: 0.6384, Accuracy: 68.85%, AUC: 0.69 [VAL] Loss: 0.6544, Accuracy: 65.70%, Precision: 0.62, Recall: 0.70, F1: 0.65, AUC: 0.66
Epoch [11/100] [TRAIN] Loss: 0.6426, Accuracy: 68.95%, AUC: 0.69 [VAL] Loss: 0.6539, Accuracy: 65.70%, Precision: 0.62, Recall: 0.70, F1: 0.65, AUC: 0.66
Epoch [12/100] [TRAIN] Loss: 0.6359, Accuracy: 68.94%, AUC: 0.69 [VAL] Loss: 0.6538, Accuracy: 66.30%, Precision: 0.62, Recall: 0.70, F1: 0.66, AUC: 0.67
Epoch [13/100] [TRAIN] Loss: 0.6365, Accuracy: 68.50%, AUC: 0.69 [VAL] Loss: 0.6533, Accuracy: 65.80%, Precision: 0.62, Recall: 0.70, F1: 0.66, AUC: 0.66
Epoch [14/100] [TRAIN] Loss: 0.6365, Accuracy: 68.84%, AUC: 0.69 [VAL] Loss: 0.6530, Accuracy: 65.80%, Precision: 0.62, Recall: 0.70, F1: 0.66, AUC: 0.66
Epoch [15/100] [TRAIN] Loss: 0.6343, Accuracy: 69.09%, AUC: 0.69 [VAL] Loss: 0.6525, Accuracy: 65.60%, Precision: 0.61, Recall: 0.70, F1: 0.65, AUC: 0.66
Epoch [16/100] [TRAIN] Loss: 0.6362, Accuracy: 68.38%, AUC: 0.68 [VAL] Loss: 0.6525, Accuracy: 66.00%, Precision: 0.62, Recall: 0.71, F1: 0.66, AUC: 0.66
Epoch [17/100] [TRAIN] Loss: 0.6347, Accuracy: 68.72%, AUC: 0.69 [VAL] Loss: 0.6522, Accuracy: 66.00%, Precision: 0.62, Recall: 0.70, F1: 0.66, AUC: 0.66
Epoch [18/100] [TRAIN] Loss: 0.6340, Accuracy: 69.10%, AUC: 0.69 [VAL] Loss: 0.6524, Accuracy: 65.80%, Precision: 0.62, Recall: 0.70, F1: 0.66, AUC: 0.66
Epoch [19/100] [TRAIN] Loss: 0.6343, Accuracy: 68.96%, AUC: 0.69 [VAL] Loss: 0.6520, Accuracy: 65.90%, Precision: 0.62, Recall: 0.71, F1: 0.66, AUC: 0.66
Epoch [20/100] [TRAIN] Loss: 0.6342, Accuracy: 69.21%, AUC: 0.69 [VAL] Loss: 0.6514, Accuracy: 66.10%, Precision: 0.62, Recall: 0.71, F1: 0.66, AUC: 0.66
Epoch [21/100] [TRAIN] Loss: 0.6303, Accuracy: 69.58%, AUC: 0.70 [VAL] Loss: 0.6510, Accuracy: 65.90%, Precision: 0.62, Recall: 0.70, F1: 0.66, AUC: 0.66
Epoch [22/100] [TRAIN] Loss: 0.6324, Accuracy: 68.54%, AUC: 0.69 [VAL] Loss: 0.6509, Accuracy: 65.90%, Precision: 0.62, Recall: 0.70, F1: 0.66, AUC: 0.66
Epoch [23/100] [TRAIN] Loss: 0.6318, Accuracy: 68.88%, AUC: 0.69 [VAL] Loss: 0.6508, Accuracy: 65.70%, Precision: 0.62, Recall: 0.70, F1: 0.66, AUC: 0.66
Epoch [24/100] [TRAIN] Loss: 0.6308, Accuracy: 69.35%, AUC: 0.69 [VAL] Loss: 0.6504, Accuracy: 65.80%, Precision: 0.62, Recall: 0.70, F1: 0.66, AUC: 0.66
Epoch [25/100] [TRAIN] Loss: 0.6306, Accuracy: 69.14%, AUC: 0.69 [VAL] Loss: 0.6506, Accuracy: 65.70%, Precision: 0.62, Recall: 0.70, F1: 0.65, AUC: 0.66
Epoch [26/100] [TRAIN] Loss: 0.6299, Accuracy: 69.25%, AUC: 0.69 [VAL] Loss: 0.6505, Accuracy: 65.70%, Precision: 0.62, Recall: 0.70, F1: 0.66, AUC: 0.66
Epoch [27/100] [TRAIN] Loss: 0.6317, Accuracy: 69.11%, AUC: 0.69 [VAL] Loss: 0.6503, Accuracy: 65.90%, Precision: 0.62, Recall: 0.70, F1: 0.66, AUC: 0.66
Epoch [28/100] [TRAIN] Loss: 0.6298, Accuracy: 69.25%, AUC: 0.69 [VAL] Loss: 0.6503, Accuracy: 65.80%, Precision: 0.62, Recall: 0.70, F1: 0.66, AUC: 0.66
Epoch [29/100] [TRAIN] Loss: 0.6278, Accuracy: 69.28%, AUC: 0.69 [VAL] Loss: 0.6499, Accuracy: 65.80%, Precision: 0.62, Recall: 0.70, F1: 0.66, AUC: 0.66
Epoch [30/100] [TRAIN] Loss: 0.6305, Accuracy: 69.30%, AUC: 0.69 [VAL] Loss: 0.6498, Accuracy: 65.90%, Precision: 0.62, Recall: 0.70, F1: 0.66, AUC: 0.66
Epoch [31/100] [TRAIN] Loss: 0.6303, Accuracy: 68.97%, AUC: 0.69 [VAL] Loss: 0.6498, Accuracy: 65.70%, Precision: 0.62, Recall: 0.70, F1: 0.66, AUC: 0.66
Epoch [32/100] [TRAIN] Loss: 0.6300, Accuracy: 69.04%, AUC: 0.69 [VAL] Loss: 0.6497, Accuracy: 65.80%, Precision: 0.62, Recall: 0.70, F1: 0.66, AUC: 0.66
Epoch [33/100] [TRAIN] Loss: 0.6280, Accuracy: 69.50%, AUC: 0.70 [VAL] Loss: 0.6491, Accuracy: 65.90%, Precision: 0.62, Recall: 0.71, F1: 0.66, AUC: 0.66
Epoch [34/100] [TRAIN] Loss: 0.6286, Accuracy: 69.31%, AUC: 0.69 [VAL] Loss: 0.6487, Accuracy: 65.90%, Precision: 0.62, Recall: 0.71, F1: 0.66, AUC: 0.66
Epoch [35/100] [TRAIN] Loss: 0.6292, Accuracy: 68.86%, AUC: 0.69 [VAL] Loss: 0.6485, Accuracy: 65.90%, Precision: 0.62, Recall: 0.71, F1: 0.66, AUC: 0.66
Epoch [36/100] [TRAIN] Loss: 0.6311, Accuracy: 69.15%, AUC: 0.69 [VAL] Loss: 0.6481, Accuracy: 65.90%, Precision: 0.62, Recall: 0.71, F1: 0.66, AUC: 0.66
Epoch [37/100] [TRAIN] Loss: 0.6268, Accuracy: 69.58%, AUC: 0.70 [VAL] Loss: 0.6478, Accuracy: 66.10%, Precision: 0.62, Recall: 0.71, F1: 0.66, AUC: 0.66
Epoch [38/100] [TRAIN] Loss: 0.6253, Accuracy: 69.41%, AUC: 0.69 [VAL] Loss: 0.6481, Accuracy: 66.30%, Precision: 0.62, Recall: 0.71, F1: 0.66, AUC: 0.67
Epoch [39/100] [TRAIN] Loss: 0.6284, Accuracy: 68.95%, AUC: 0.69 [VAL] Loss: 0.6476, Accuracy: 66.00%, Precision: 0.62, Recall: 0.71, F1: 0.66, AUC: 0.66
Epoch [40/100] [TRAIN] Loss: 0.6252, Accuracy: 69.10%, AUC: 0.69 [VAL] Loss: 0.6475, Accuracy: 66.20%, Precision: 0.62, Recall: 0.71, F1: 0.66, AUC: 0.66
Epoch [41/100] [TRAIN] Loss: 0.6268, Accuracy: 69.35%, AUC: 0.69 [VAL] Loss: 0.6476, Accuracy: 66.10%, Precision: 0.62, Recall: 0.70, F1: 0.66, AUC: 0.66
Epoch [42/100] [TRAIN] Loss: 0.6277, Accuracy: 69.01%, AUC: 0.69 [VAL] Loss: 0.6477, Accuracy: 66.20%, Precision: 0.62, Recall: 0.70, F1: 0.66, AUC: 0.66
Epoch [43/100] [TRAIN] Loss: 0.6248, Accuracy: 69.42%, AUC: 0.69 [VAL] Loss: 0.6474, Accuracy: 66.10%, Precision: 0.62, Recall: 0.71, F1: 0.66, AUC: 0.66
Epoch [44/100] [TRAIN] Loss: 0.6256, Accuracy: 69.41%, AUC: 0.69 [VAL] Loss: 0.6469, Accuracy: 65.90%, Precision: 0.62, Recall: 0.70, F1: 0.66, AUC: 0.66
Epoch [45/100] [TRAIN] Loss: 0.6205, Accuracy: 69.76%, AUC: 0.70 [VAL] Loss: 0.6469, Accuracy: 66.00%, Precision: 0.62, Recall: 0.70, F1: 0.66, AUC: 0.66
Epoch [46/100] [TRAIN] Loss: 0.6234, Accuracy: 69.46%, AUC: 0.69 [VAL] Loss: 0.6470, Accuracy: 66.10%, Precision: 0.62, Recall: 0.71, F1: 0.66, AUC: 0.66
Epoch [47/100] [TRAIN] Loss: 0.6227, Accuracy: 69.24%, AUC: 0.69 [VAL] Loss: 0.6469, Accuracy: 66.00%, Precision: 0.62, Recall: 0.70, F1: 0.66, AUC: 0.66
Epoch [48/100] [TRAIN] Loss: 0.6240, Accuracy: 69.19%, AUC: 0.69 [VAL] Loss: 0.6465, Accuracy: 66.00%, Precision: 0.62, Recall: 0.70, F1: 0.66, AUC: 0.66
Epoch [49/100] [TRAIN] Loss: 0.6220, Accuracy: 69.33%, AUC: 0.69 [VAL] Loss: 0.6463, Accuracy: 66.10%, Precision: 0.62, Recall: 0.71, F1: 0.66, AUC: 0.66
Epoch [50/100] [TRAIN] Loss: 0.6254, Accuracy: 68.86%, AUC: 0.69 [VAL] Loss: 0.6463, Accuracy: 65.90%, Precision: 0.62, Recall: 0.70, F1: 0.66, AUC: 0.66
Epoch [51/100] [TRAIN] Loss: 0.6210, Accuracy: 69.56%, AUC: 0.70 [VAL] Loss: 0.6461, Accuracy: 65.70%, Precision: 0.62, Recall: 0.70, F1: 0.65, AUC: 0.66
Epoch [52/100] [TRAIN] Loss: 0.6202, Accuracy: 70.04%, AUC: 0.70 [VAL] Loss: 0.6459, Accuracy: 65.80%, Precision: 0.62, Recall: 0.70, F1: 0.66, AUC: 0.66
Epoch [53/100] [TRAIN] Loss: 0.6230, Accuracy: 69.29%, AUC: 0.69 [VAL] Loss: 0.6453, Accuracy: 65.70%, Precision: 0.62, Recall: 0.70, F1: 0.65, AUC: 0.66
Epoch [54/100] [TRAIN] Loss: 0.6219, Accuracy: 69.28%, AUC: 0.69 [VAL] Loss: 0.6452, Accuracy: 65.70%, Precision: 0.62, Recall: 0.70, F1: 0.65, AUC: 0.66
Epoch [55/100] [TRAIN] Loss: 0.6209, Accuracy: 68.99%, AUC: 0.69 [VAL] Loss: 0.6456, Accuracy: 65.90%, Precision: 0.62, Recall: 0.70, F1: 0.66, AUC: 0.66
Epoch [56/100] [TRAIN] Loss: 0.6233, Accuracy: 69.16%, AUC: 0.69 [VAL] Loss: 0.6452, Accuracy: 65.60%, Precision: 0.61, Recall: 0.70, F1: 0.65, AUC: 0.66
Epoch [57/100] [TRAIN] Loss: 0.6230, Accuracy: 69.09%, AUC: 0.69 [VAL] Loss: 0.6451, Accuracy: 65.60%, Precision: 0.62, Recall: 0.69, F1: 0.65, AUC: 0.66
Epoch [58/100] [TRAIN] Loss: 0.6219, Accuracy: 69.33%, AUC: 0.69 [VAL] Loss: 0.6450, Accuracy: 65.70%, Precision: 0.62, Recall: 0.70, F1: 0.65, AUC: 0.66
Epoch [59/100] [TRAIN] Loss: 0.6229, Accuracy: 69.17%, AUC: 0.69 [VAL] Loss: 0.6449, Accuracy: 65.50%, Precision: 0.61, Recall: 0.69, F1: 0.65, AUC: 0.66
Epoch [60/100] [TRAIN] Loss: 0.6215, Accuracy: 69.53%, AUC: 0.70 [VAL] Loss: 0.6449, Accuracy: 65.60%, Precision: 0.61, Recall: 0.70, F1: 0.65, AUC: 0.66
Epoch [61/100] [TRAIN] Loss: 0.6211, Accuracy: 69.45%, AUC: 0.70 [VAL] Loss: 0.6446, Accuracy: 65.60%, Precision: 0.62, Recall: 0.69, F1: 0.65, AUC: 0.66
Epoch [62/100] [TRAIN] Loss: 0.6201, Accuracy: 69.42%, AUC: 0.69 [VAL] Loss: 0.6441, Accuracy: 65.30%, Precision: 0.61, Recall: 0.69, F1: 0.65, AUC: 0.66
Epoch [63/100] [TRAIN] Loss: 0.6229, Accuracy: 69.34%, AUC: 0.69 [VAL] Loss: 0.6437, Accuracy: 65.60%, Precision: 0.62, Recall: 0.69, F1: 0.65, AUC: 0.66
Epoch [64/100] [TRAIN] Loss: 0.6203, Accuracy: 69.49%, AUC: 0.70 [VAL] Loss: 0.6436, Accuracy: 65.50%, Precision: 0.61, Recall: 0.69, F1: 0.65, AUC: 0.66
Epoch [65/100] [TRAIN] Loss: 0.6219, Accuracy: 69.25%, AUC: 0.69 [VAL] Loss: 0.6435, Accuracy: 65.60%, Precision: 0.62, Recall: 0.69, F1: 0.65, AUC: 0.66
Epoch [66/100] [TRAIN] Loss: 0.6197, Accuracy: 69.59%, AUC: 0.70 [VAL] Loss: 0.6429, Accuracy: 65.50%, Precision: 0.61, Recall: 0.69, F1: 0.65, AUC: 0.66
Epoch [67/100] [TRAIN] Loss: 0.6194, Accuracy: 69.50%, AUC: 0.70 [VAL] Loss: 0.6426, Accuracy: 65.50%, Precision: 0.61, Recall: 0.69, F1: 0.65, AUC: 0.66
Epoch [68/100] [TRAIN] Loss: 0.6209, Accuracy: 69.45%, AUC: 0.69 [VAL] Loss: 0.6429, Accuracy: 65.80%, Precision: 0.62, Recall: 0.69, F1: 0.65, AUC: 0.66
Epoch [69/100] [TRAIN] Loss: 0.6217, Accuracy: 69.40%, AUC: 0.69 [VAL] Loss: 0.6425, Accuracy: 65.60%, Precision: 0.62, Recall: 0.69, F1: 0.65, AUC: 0.66
Epoch [70/100] [TRAIN] Loss: 0.6174, Accuracy: 69.76%, AUC: 0.70 [VAL] Loss: 0.6422, Accuracy: 65.70%, Precision: 0.62, Recall: 0.69, F1: 0.65, AUC: 0.66
Epoch [71/100] [TRAIN] Loss: 0.6179, Accuracy: 69.59%, AUC: 0.70 [VAL] Loss: 0.6420, Accuracy: 65.80%, Precision: 0.62, Recall: 0.70, F1: 0.65, AUC: 0.66
Epoch [72/100] [TRAIN] Loss: 0.6194, Accuracy: 69.72%, AUC: 0.70 [VAL] Loss: 0.6419, Accuracy: 65.40%, Precision: 0.61, Recall: 0.69, F1: 0.65, AUC: 0.66
Epoch [73/100] [TRAIN] Loss: 0.6190, Accuracy: 69.56%, AUC: 0.70 [VAL] Loss: 0.6418, Accuracy: 65.60%, Precision: 0.62, Recall: 0.69, F1: 0.65, AUC: 0.66
Epoch [74/100] [TRAIN] Loss: 0.6194, Accuracy: 69.44%, AUC: 0.69 [VAL] Loss: 0.6416, Accuracy: 65.70%, Precision: 0.62, Recall: 0.69, F1: 0.65, AUC: 0.66
Epoch [75/100] [TRAIN] Loss: 0.6178, Accuracy: 69.46%, AUC: 0.70 [VAL] Loss: 0.6415, Accuracy: 65.70%, Precision: 0.62, Recall: 0.69, F1: 0.65, AUC: 0.66
Epoch [76/100] [TRAIN] Loss: 0.6184, Accuracy: 68.91%, AUC: 0.69 [VAL] Loss: 0.6412, Accuracy: 65.80%, Precision: 0.62, Recall: 0.70, F1: 0.65, AUC: 0.66
Epoch [77/100] [TRAIN] Loss: 0.6165, Accuracy: 69.62%, AUC: 0.70 [VAL] Loss: 0.6408, Accuracy: 65.80%, Precision: 0.62, Recall: 0.70, F1: 0.65, AUC: 0.66
Epoch [78/100] [TRAIN] Loss: 0.6155, Accuracy: 69.30%, AUC: 0.69 [VAL] Loss: 0.6405, Accuracy: 65.70%, Precision: 0.62, Recall: 0.70, F1: 0.65, AUC: 0.66
Epoch [79/100] [TRAIN] Loss: 0.6177, Accuracy: 69.65%, AUC: 0.70 [VAL] Loss: 0.6403, Accuracy: 65.90%, Precision: 0.62, Recall: 0.70, F1: 0.66, AUC: 0.66
Epoch [80/100] [TRAIN] Loss: 0.6150, Accuracy: 69.94%, AUC: 0.70 [VAL] Loss: 0.6402, Accuracy: 66.00%, Precision: 0.62, Recall: 0.70, F1: 0.66, AUC: 0.66
Epoch [81/100] [TRAIN] Loss: 0.6138, Accuracy: 69.58%, AUC: 0.70 [VAL] Loss: 0.6402, Accuracy: 66.00%, Precision: 0.62, Recall: 0.70, F1: 0.66, AUC: 0.66
Epoch [82/100] [TRAIN] Loss: 0.6169, Accuracy: 69.38%, AUC: 0.69 [VAL] Loss: 0.6402, Accuracy: 65.80%, Precision: 0.62, Recall: 0.70, F1: 0.65, AUC: 0.66
Epoch [83/100] [TRAIN] Loss: 0.6134, Accuracy: 69.53%, AUC: 0.70 [VAL] Loss: 0.6403, Accuracy: 65.80%, Precision: 0.62, Recall: 0.69, F1: 0.65, AUC: 0.66
Epoch [84/100] [TRAIN] Loss: 0.6151, Accuracy: 68.99%, AUC: 0.69 [VAL] Loss: 0.6396, Accuracy: 65.80%, Precision: 0.62, Recall: 0.69, F1: 0.65, AUC: 0.66
Epoch [85/100] [TRAIN] Loss: 0.6129, Accuracy: 70.10%, AUC: 0.70 [VAL] Loss: 0.6393, Accuracy: 65.70%, Precision: 0.62, Recall: 0.69, F1: 0.65, AUC: 0.66
Epoch [86/100] [TRAIN] Loss: 0.6160, Accuracy: 69.84%, AUC: 0.70 [VAL] Loss: 0.6393, Accuracy: 66.40%, Precision: 0.62, Recall: 0.70, F1: 0.66, AUC: 0.67
Epoch [87/100] [TRAIN] Loss: 0.6146, Accuracy: 69.49%, AUC: 0.70 [VAL] Loss: 0.6393, Accuracy: 66.00%, Precision: 0.62, Recall: 0.70, F1: 0.66, AUC: 0.66
Epoch [88/100] [TRAIN] Loss: 0.6147, Accuracy: 69.26%, AUC: 0.69 [VAL] Loss: 0.6388, Accuracy: 65.90%, Precision: 0.62, Recall: 0.69, F1: 0.65, AUC: 0.66
Epoch [89/100] [TRAIN] Loss: 0.6172, Accuracy: 69.16%, AUC: 0.69 [VAL] Loss: 0.6385, Accuracy: 65.80%, Precision: 0.62, Recall: 0.69, F1: 0.65, AUC: 0.66
Epoch [90/100] [TRAIN] Loss: 0.6140, Accuracy: 69.62%, AUC: 0.70 [VAL] Loss: 0.6381, Accuracy: 65.80%, Precision: 0.62, Recall: 0.69, F1: 0.65, AUC: 0.66
Epoch [91/100] [TRAIN] Loss: 0.6154, Accuracy: 69.85%, AUC: 0.70 [VAL] Loss: 0.6378, Accuracy: 65.70%, Precision: 0.62, Recall: 0.69, F1: 0.65, AUC: 0.66
Epoch [92/100] [TRAIN] Loss: 0.6152, Accuracy: 69.46%, AUC: 0.70 [VAL] Loss: 0.6378, Accuracy: 65.80%, Precision: 0.62, Recall: 0.69, F1: 0.65, AUC: 0.66
Epoch [93/100] [TRAIN] Loss: 0.6163, Accuracy: 69.25%, AUC: 0.69 [VAL] Loss: 0.6372, Accuracy: 66.00%, Precision: 0.62, Recall: 0.69, F1: 0.66, AUC: 0.66
Epoch [94/100] [TRAIN] Loss: 0.6147, Accuracy: 69.31%, AUC: 0.69 [VAL] Loss: 0.6372, Accuracy: 65.70%, Precision: 0.62, Recall: 0.69, F1: 0.65, AUC: 0.66
Epoch [95/100] [TRAIN] Loss: 0.6144, Accuracy: 69.76%, AUC: 0.70 [VAL] Loss: 0.6369, Accuracy: 65.80%, Precision: 0.62, Recall: 0.69, F1: 0.65, AUC: 0.66
Epoch [96/100] [TRAIN] Loss: 0.6152, Accuracy: 69.40%, AUC: 0.69 [VAL] Loss: 0.6368, Accuracy: 65.90%, Precision: 0.62, Recall: 0.69, F1: 0.65, AUC: 0.66
Epoch [97/100] [TRAIN] Loss: 0.6141, Accuracy: 69.90%, AUC: 0.70 [VAL] Loss: 0.6368, Accuracy: 66.00%, Precision: 0.62, Recall: 0.69, F1: 0.65, AUC: 0.66
Epoch [98/100] [TRAIN] Loss: 0.6116, Accuracy: 70.30%, AUC: 0.70 [VAL] Loss: 0.6365, Accuracy: 66.00%, Precision: 0.62, Recall: 0.69, F1: 0.65, AUC: 0.66
Epoch [99/100] [TRAIN] Loss: 0.6095, Accuracy: 69.78%, AUC: 0.70 [VAL] Loss: 0.6366, Accuracy: 65.80%, Precision: 0.62, Recall: 0.69, F1: 0.65, AUC: 0.66
Epoch [100/100] [TRAIN] Loss: 0.6138, Accuracy: 69.76%, AUC: 0.70 [VAL] Loss: 0.6365, Accuracy: 65.80%, Precision: 0.62, Recall: 0.69, F1: 0.65, AUC: 0.66
  Antisymmetry score:      0.9360
  Total violations:        64 / 1000
  Pairs near boundary:     377 (37.7%)
  Avg |prob-0.5| at violation: 0.0000  (near 0 = boundary issue, larger = real failure)
Seed: 789
Accuracy:  68.40 %
AUC:       0.6870
Precision: 0.6445
Recall:    0.7526
F1-Score:  0.6944

Antisymmetry score:  0.9360  (1.0 = perfect, ~0.5 = random)

Detailed Classification Report:
              precision    recall  f1-score   support

           0       0.73      0.62      0.67       523
           1       0.64      0.75      0.69       477

    accuracy                           0.68      1000
   macro avg       0.69      0.69      0.68      1000
weighted avg       0.69      0.68      0.68      1000


Confusion Matrix:
[[325 198]
 [118 359]]


011-H3K9ac-H3K27me3
Train label distribution:
  Label 0:   4257 (53.2%)
  Label 1:   3743 (46.8%)
Val label distribution:
  Label 0:    535 (53.5%)
  Label 1:    465 (46.5%)
Test label distribution:
  Label 0:    523 (52.3%)
  Label 1:    477 (47.7%)
Epoch [1/100] [TRAIN] Loss: 0.7055, Accuracy: 58.27%, AUC: 0.58 [VAL] Loss: 0.6685, Accuracy: 65.80%, Precision: 0.62, Recall: 0.67, F1: 0.65, AUC: 0.66
Epoch [2/100] [TRAIN] Loss: 0.6658, Accuracy: 66.66%, AUC: 0.67 [VAL] Loss: 0.6592, Accuracy: 66.00%, Precision: 0.62, Recall: 0.68, F1: 0.65, AUC: 0.66
Epoch [3/100] [TRAIN] Loss: 0.6574, Accuracy: 67.29%, AUC: 0.67 [VAL] Loss: 0.6557, Accuracy: 65.20%, Precision: 0.61, Recall: 0.68, F1: 0.64, AUC: 0.65
Epoch [4/100] [TRAIN] Loss: 0.6548, Accuracy: 67.50%, AUC: 0.68 [VAL] Loss: 0.6533, Accuracy: 64.90%, Precision: 0.61, Recall: 0.68, F1: 0.64, AUC: 0.65
Epoch [5/100] [TRAIN] Loss: 0.6492, Accuracy: 68.21%, AUC: 0.68 [VAL] Loss: 0.6510, Accuracy: 65.20%, Precision: 0.61, Recall: 0.67, F1: 0.64, AUC: 0.65
Epoch [6/100] [TRAIN] Loss: 0.6469, Accuracy: 67.70%, AUC: 0.68 [VAL] Loss: 0.6495, Accuracy: 65.10%, Precision: 0.61, Recall: 0.67, F1: 0.64, AUC: 0.65
Epoch [7/100] [TRAIN] Loss: 0.6402, Accuracy: 68.54%, AUC: 0.69 [VAL] Loss: 0.6484, Accuracy: 65.40%, Precision: 0.62, Recall: 0.68, F1: 0.65, AUC: 0.66
Epoch [8/100] [TRAIN] Loss: 0.6418, Accuracy: 68.40%, AUC: 0.68 [VAL] Loss: 0.6473, Accuracy: 65.50%, Precision: 0.62, Recall: 0.68, F1: 0.65, AUC: 0.66
Epoch [9/100] [TRAIN] Loss: 0.6419, Accuracy: 68.17%, AUC: 0.68 [VAL] Loss: 0.6464, Accuracy: 65.70%, Precision: 0.62, Recall: 0.68, F1: 0.65, AUC: 0.66
Epoch [10/100] [TRAIN] Loss: 0.6381, Accuracy: 68.39%, AUC: 0.68 [VAL] Loss: 0.6453, Accuracy: 65.50%, Precision: 0.62, Recall: 0.68, F1: 0.65, AUC: 0.66
Epoch [11/100] [TRAIN] Loss: 0.6360, Accuracy: 68.83%, AUC: 0.69 [VAL] Loss: 0.6448, Accuracy: 65.50%, Precision: 0.62, Recall: 0.68, F1: 0.65, AUC: 0.66
Epoch [12/100] [TRAIN] Loss: 0.6339, Accuracy: 69.09%, AUC: 0.69 [VAL] Loss: 0.6439, Accuracy: 65.40%, Precision: 0.62, Recall: 0.68, F1: 0.65, AUC: 0.66
Epoch [13/100] [TRAIN] Loss: 0.6349, Accuracy: 68.89%, AUC: 0.69 [VAL] Loss: 0.6431, Accuracy: 65.50%, Precision: 0.62, Recall: 0.68, F1: 0.65, AUC: 0.66
Epoch [14/100] [TRAIN] Loss: 0.6359, Accuracy: 68.09%, AUC: 0.68 [VAL] Loss: 0.6428, Accuracy: 65.30%, Precision: 0.61, Recall: 0.68, F1: 0.65, AUC: 0.65
Epoch [15/100] [TRAIN] Loss: 0.6345, Accuracy: 68.29%, AUC: 0.68 [VAL] Loss: 0.6419, Accuracy: 65.50%, Precision: 0.62, Recall: 0.68, F1: 0.65, AUC: 0.66
Epoch [16/100] [TRAIN] Loss: 0.6311, Accuracy: 68.54%, AUC: 0.69 [VAL] Loss: 0.6413, Accuracy: 65.50%, Precision: 0.62, Recall: 0.68, F1: 0.65, AUC: 0.66
Epoch [17/100] [TRAIN] Loss: 0.6287, Accuracy: 69.15%, AUC: 0.69 [VAL] Loss: 0.6406, Accuracy: 65.60%, Precision: 0.62, Recall: 0.68, F1: 0.65, AUC: 0.66
Epoch [18/100] [TRAIN] Loss: 0.6301, Accuracy: 69.03%, AUC: 0.69 [VAL] Loss: 0.6402, Accuracy: 65.70%, Precision: 0.62, Recall: 0.68, F1: 0.65, AUC: 0.66
Epoch [19/100] [TRAIN] Loss: 0.6315, Accuracy: 68.55%, AUC: 0.69 [VAL] Loss: 0.6396, Accuracy: 65.70%, Precision: 0.62, Recall: 0.68, F1: 0.65, AUC: 0.66
Epoch [20/100] [TRAIN] Loss: 0.6287, Accuracy: 68.95%, AUC: 0.69 [VAL] Loss: 0.6390, Accuracy: 65.70%, Precision: 0.62, Recall: 0.68, F1: 0.65, AUC: 0.66
Epoch [21/100] [TRAIN] Loss: 0.6296, Accuracy: 68.76%, AUC: 0.69 [VAL] Loss: 0.6384, Accuracy: 65.80%, Precision: 0.62, Recall: 0.68, F1: 0.65, AUC: 0.66
Epoch [22/100] [TRAIN] Loss: 0.6327, Accuracy: 68.17%, AUC: 0.68 [VAL] Loss: 0.6376, Accuracy: 66.00%, Precision: 0.62, Recall: 0.68, F1: 0.65, AUC: 0.66
Epoch [23/100] [TRAIN] Loss: 0.6278, Accuracy: 68.61%, AUC: 0.69 [VAL] Loss: 0.6372, Accuracy: 65.60%, Precision: 0.62, Recall: 0.68, F1: 0.65, AUC: 0.66
Epoch [24/100] [TRAIN] Loss: 0.6285, Accuracy: 68.41%, AUC: 0.68 [VAL] Loss: 0.6373, Accuracy: 65.80%, Precision: 0.62, Recall: 0.68, F1: 0.65, AUC: 0.66
Epoch [25/100] [TRAIN] Loss: 0.6242, Accuracy: 69.31%, AUC: 0.69 [VAL] Loss: 0.6371, Accuracy: 65.60%, Precision: 0.62, Recall: 0.68, F1: 0.65, AUC: 0.66
Epoch [26/100] [TRAIN] Loss: 0.6255, Accuracy: 69.56%, AUC: 0.70 [VAL] Loss: 0.6368, Accuracy: 65.60%, Precision: 0.62, Recall: 0.68, F1: 0.65, AUC: 0.66
Epoch [27/100] [TRAIN] Loss: 0.6281, Accuracy: 68.79%, AUC: 0.69 [VAL] Loss: 0.6362, Accuracy: 65.60%, Precision: 0.62, Recall: 0.68, F1: 0.65, AUC: 0.66
Epoch [28/100] [TRAIN] Loss: 0.6253, Accuracy: 68.85%, AUC: 0.69 [VAL] Loss: 0.6358, Accuracy: 65.70%, Precision: 0.62, Recall: 0.68, F1: 0.65, AUC: 0.66
Epoch [29/100] [TRAIN] Loss: 0.6253, Accuracy: 68.66%, AUC: 0.69 [VAL] Loss: 0.6358, Accuracy: 65.70%, Precision: 0.62, Recall: 0.68, F1: 0.65, AUC: 0.66
Epoch [30/100] [TRAIN] Loss: 0.6273, Accuracy: 68.75%, AUC: 0.69 [VAL] Loss: 0.6350, Accuracy: 65.40%, Precision: 0.62, Recall: 0.68, F1: 0.65, AUC: 0.66
Epoch [31/100] [TRAIN] Loss: 0.6240, Accuracy: 68.40%, AUC: 0.68 [VAL] Loss: 0.6349, Accuracy: 65.20%, Precision: 0.61, Recall: 0.68, F1: 0.64, AUC: 0.65
Epoch [32/100] [TRAIN] Loss: 0.6244, Accuracy: 68.90%, AUC: 0.69 [VAL] Loss: 0.6344, Accuracy: 65.40%, Precision: 0.62, Recall: 0.68, F1: 0.65, AUC: 0.66
Epoch [33/100] [TRAIN] Loss: 0.6256, Accuracy: 68.45%, AUC: 0.68 [VAL] Loss: 0.6342, Accuracy: 65.40%, Precision: 0.62, Recall: 0.68, F1: 0.65, AUC: 0.66
Epoch [34/100] [TRAIN] Loss: 0.6214, Accuracy: 68.76%, AUC: 0.69 [VAL] Loss: 0.6340, Accuracy: 65.70%, Precision: 0.62, Recall: 0.68, F1: 0.65, AUC: 0.66
Epoch [35/100] [TRAIN] Loss: 0.6239, Accuracy: 69.14%, AUC: 0.69 [VAL] Loss: 0.6335, Accuracy: 65.70%, Precision: 0.62, Recall: 0.68, F1: 0.65, AUC: 0.66
Epoch [36/100] [TRAIN] Loss: 0.6208, Accuracy: 69.36%, AUC: 0.69 [VAL] Loss: 0.6336, Accuracy: 65.90%, Precision: 0.62, Recall: 0.69, F1: 0.65, AUC: 0.66
Epoch [37/100] [TRAIN] Loss: 0.6226, Accuracy: 69.06%, AUC: 0.69 [VAL] Loss: 0.6331, Accuracy: 65.80%, Precision: 0.62, Recall: 0.69, F1: 0.65, AUC: 0.66
Epoch [38/100] [TRAIN] Loss: 0.6197, Accuracy: 69.35%, AUC: 0.69 [VAL] Loss: 0.6328, Accuracy: 65.80%, Precision: 0.62, Recall: 0.68, F1: 0.65, AUC: 0.66
Epoch [39/100] [TRAIN] Loss: 0.6218, Accuracy: 68.89%, AUC: 0.69 [VAL] Loss: 0.6326, Accuracy: 65.80%, Precision: 0.62, Recall: 0.68, F1: 0.65, AUC: 0.66
Epoch [40/100] [TRAIN] Loss: 0.6199, Accuracy: 69.39%, AUC: 0.69 [VAL] Loss: 0.6321, Accuracy: 65.70%, Precision: 0.62, Recall: 0.68, F1: 0.65, AUC: 0.66
Epoch [41/100] [TRAIN] Loss: 0.6209, Accuracy: 68.92%, AUC: 0.69 [VAL] Loss: 0.6316, Accuracy: 65.70%, Precision: 0.62, Recall: 0.68, F1: 0.65, AUC: 0.66
Epoch [42/100] [TRAIN] Loss: 0.6212, Accuracy: 68.67%, AUC: 0.69 [VAL] Loss: 0.6313, Accuracy: 65.70%, Precision: 0.62, Recall: 0.68, F1: 0.65, AUC: 0.66
Epoch [43/100] [TRAIN] Loss: 0.6237, Accuracy: 68.71%, AUC: 0.69 [VAL] Loss: 0.6310, Accuracy: 65.70%, Precision: 0.62, Recall: 0.68, F1: 0.65, AUC: 0.66
Epoch [44/100] [TRAIN] Loss: 0.6202, Accuracy: 68.75%, AUC: 0.69 [VAL] Loss: 0.6310, Accuracy: 65.80%, Precision: 0.62, Recall: 0.68, F1: 0.65, AUC: 0.66
Epoch [45/100] [TRAIN] Loss: 0.6190, Accuracy: 68.78%, AUC: 0.69 [VAL] Loss: 0.6305, Accuracy: 65.80%, Precision: 0.62, Recall: 0.69, F1: 0.65, AUC: 0.66
Epoch [46/100] [TRAIN] Loss: 0.6184, Accuracy: 69.03%, AUC: 0.69 [VAL] Loss: 0.6303, Accuracy: 65.90%, Precision: 0.62, Recall: 0.69, F1: 0.65, AUC: 0.66
Epoch [47/100] [TRAIN] Loss: 0.6191, Accuracy: 69.42%, AUC: 0.69 [VAL] Loss: 0.6303, Accuracy: 65.80%, Precision: 0.62, Recall: 0.69, F1: 0.65, AUC: 0.66
Epoch [48/100] [TRAIN] Loss: 0.6207, Accuracy: 69.11%, AUC: 0.69 [VAL] Loss: 0.6300, Accuracy: 65.80%, Precision: 0.62, Recall: 0.69, F1: 0.65, AUC: 0.66
Epoch [49/100] [TRAIN] Loss: 0.6194, Accuracy: 68.91%, AUC: 0.69 [VAL] Loss: 0.6298, Accuracy: 65.70%, Precision: 0.62, Recall: 0.68, F1: 0.65, AUC: 0.66
Epoch [50/100] [TRAIN] Loss: 0.6165, Accuracy: 69.15%, AUC: 0.69 [VAL] Loss: 0.6295, Accuracy: 65.70%, Precision: 0.62, Recall: 0.68, F1: 0.65, AUC: 0.66
Epoch [51/100] [TRAIN] Loss: 0.6173, Accuracy: 69.11%, AUC: 0.69 [VAL] Loss: 0.6292, Accuracy: 65.70%, Precision: 0.62, Recall: 0.68, F1: 0.65, AUC: 0.66
Epoch [52/100] [TRAIN] Loss: 0.6184, Accuracy: 69.16%, AUC: 0.69 [VAL] Loss: 0.6292, Accuracy: 65.70%, Precision: 0.62, Recall: 0.68, F1: 0.65, AUC: 0.66
Epoch [53/100] [TRAIN] Loss: 0.6196, Accuracy: 68.88%, AUC: 0.69 [VAL] Loss: 0.6288, Accuracy: 65.80%, Precision: 0.62, Recall: 0.69, F1: 0.65, AUC: 0.66
Epoch [54/100] [TRAIN] Loss: 0.6172, Accuracy: 69.20%, AUC: 0.69 [VAL] Loss: 0.6287, Accuracy: 65.80%, Precision: 0.62, Recall: 0.69, F1: 0.65, AUC: 0.66
Epoch [55/100] [TRAIN] Loss: 0.6180, Accuracy: 69.74%, AUC: 0.70 [VAL] Loss: 0.6282, Accuracy: 65.80%, Precision: 0.62, Recall: 0.69, F1: 0.65, AUC: 0.66
Epoch [56/100] [TRAIN] Loss: 0.6152, Accuracy: 69.33%, AUC: 0.69 [VAL] Loss: 0.6280, Accuracy: 65.60%, Precision: 0.62, Recall: 0.68, F1: 0.65, AUC: 0.66
Epoch [57/100] [TRAIN] Loss: 0.6147, Accuracy: 69.58%, AUC: 0.70 [VAL] Loss: 0.6278, Accuracy: 65.60%, Precision: 0.62, Recall: 0.68, F1: 0.65, AUC: 0.66
Epoch [58/100] [TRAIN] Loss: 0.6117, Accuracy: 69.67%, AUC: 0.70 [VAL] Loss: 0.6275, Accuracy: 65.70%, Precision: 0.62, Recall: 0.69, F1: 0.65, AUC: 0.66
Epoch [59/100] [TRAIN] Loss: 0.6156, Accuracy: 69.44%, AUC: 0.70 [VAL] Loss: 0.6274, Accuracy: 65.90%, Precision: 0.62, Recall: 0.68, F1: 0.65, AUC: 0.66
Epoch [60/100] [TRAIN] Loss: 0.6155, Accuracy: 68.89%, AUC: 0.69 [VAL] Loss: 0.6270, Accuracy: 65.90%, Precision: 0.62, Recall: 0.69, F1: 0.65, AUC: 0.66
Epoch [61/100] [TRAIN] Loss: 0.6127, Accuracy: 69.44%, AUC: 0.69 [VAL] Loss: 0.6269, Accuracy: 65.70%, Precision: 0.62, Recall: 0.68, F1: 0.65, AUC: 0.66
Epoch [62/100] [TRAIN] Loss: 0.6135, Accuracy: 69.64%, AUC: 0.70 [VAL] Loss: 0.6262, Accuracy: 65.90%, Precision: 0.62, Recall: 0.69, F1: 0.65, AUC: 0.66
Epoch [63/100] [TRAIN] Loss: 0.6152, Accuracy: 69.46%, AUC: 0.70 [VAL] Loss: 0.6259, Accuracy: 66.00%, Precision: 0.62, Recall: 0.69, F1: 0.65, AUC: 0.66
Epoch [64/100] [TRAIN] Loss: 0.6155, Accuracy: 69.64%, AUC: 0.70 [VAL] Loss: 0.6257, Accuracy: 66.20%, Precision: 0.62, Recall: 0.69, F1: 0.65, AUC: 0.66
Epoch [65/100] [TRAIN] Loss: 0.6137, Accuracy: 69.26%, AUC: 0.69 [VAL] Loss: 0.6256, Accuracy: 66.00%, Precision: 0.62, Recall: 0.69, F1: 0.65, AUC: 0.66
Epoch [66/100] [TRAIN] Loss: 0.6154, Accuracy: 68.94%, AUC: 0.69 [VAL] Loss: 0.6251, Accuracy: 66.10%, Precision: 0.62, Recall: 0.69, F1: 0.65, AUC: 0.66
Epoch [67/100] [TRAIN] Loss: 0.6153, Accuracy: 68.92%, AUC: 0.69 [VAL] Loss: 0.6248, Accuracy: 66.10%, Precision: 0.62, Recall: 0.69, F1: 0.65, AUC: 0.66
Epoch [68/100] [TRAIN] Loss: 0.6124, Accuracy: 69.72%, AUC: 0.70 [VAL] Loss: 0.6249, Accuracy: 66.20%, Precision: 0.62, Recall: 0.69, F1: 0.66, AUC: 0.66
Epoch [69/100] [TRAIN] Loss: 0.6123, Accuracy: 69.25%, AUC: 0.69 [VAL] Loss: 0.6248, Accuracy: 66.00%, Precision: 0.62, Recall: 0.69, F1: 0.65, AUC: 0.66
Epoch [70/100] [TRAIN] Loss: 0.6112, Accuracy: 69.65%, AUC: 0.70 [VAL] Loss: 0.6243, Accuracy: 66.20%, Precision: 0.62, Recall: 0.69, F1: 0.65, AUC: 0.66
Epoch [71/100] [TRAIN] Loss: 0.6136, Accuracy: 69.01%, AUC: 0.69 [VAL] Loss: 0.6240, Accuracy: 66.40%, Precision: 0.63, Recall: 0.69, F1: 0.66, AUC: 0.67
Epoch [72/100] [TRAIN] Loss: 0.6137, Accuracy: 69.56%, AUC: 0.70 [VAL] Loss: 0.6238, Accuracy: 66.40%, Precision: 0.63, Recall: 0.69, F1: 0.66, AUC: 0.67
Epoch [73/100] [TRAIN] Loss: 0.6113, Accuracy: 69.79%, AUC: 0.70 [VAL] Loss: 0.6237, Accuracy: 66.30%, Precision: 0.62, Recall: 0.69, F1: 0.66, AUC: 0.66
Epoch [74/100] [TRAIN] Loss: 0.6109, Accuracy: 69.53%, AUC: 0.70 [VAL] Loss: 0.6237, Accuracy: 66.30%, Precision: 0.62, Recall: 0.69, F1: 0.66, AUC: 0.66
Epoch [75/100] [TRAIN] Loss: 0.6132, Accuracy: 69.53%, AUC: 0.70 [VAL] Loss: 0.6232, Accuracy: 66.30%, Precision: 0.62, Recall: 0.69, F1: 0.66, AUC: 0.66
Epoch [76/100] [TRAIN] Loss: 0.6109, Accuracy: 69.69%, AUC: 0.70 [VAL] Loss: 0.6231, Accuracy: 66.30%, Precision: 0.62, Recall: 0.69, F1: 0.66, AUC: 0.66
Epoch [77/100] [TRAIN] Loss: 0.6100, Accuracy: 69.44%, AUC: 0.70 [VAL] Loss: 0.6228, Accuracy: 66.40%, Precision: 0.63, Recall: 0.69, F1: 0.66, AUC: 0.67
Epoch [78/100] [TRAIN] Loss: 0.6102, Accuracy: 69.39%, AUC: 0.69 [VAL] Loss: 0.6227, Accuracy: 66.30%, Precision: 0.62, Recall: 0.69, F1: 0.66, AUC: 0.66
Epoch [79/100] [TRAIN] Loss: 0.6109, Accuracy: 69.42%, AUC: 0.69 [VAL] Loss: 0.6226, Accuracy: 66.40%, Precision: 0.63, Recall: 0.69, F1: 0.66, AUC: 0.67
Epoch [80/100] [TRAIN] Loss: 0.6103, Accuracy: 69.70%, AUC: 0.70 [VAL] Loss: 0.6223, Accuracy: 66.40%, Precision: 0.63, Recall: 0.69, F1: 0.66, AUC: 0.67
Epoch [81/100] [TRAIN] Loss: 0.6115, Accuracy: 69.28%, AUC: 0.69 [VAL] Loss: 0.6220, Accuracy: 66.10%, Precision: 0.62, Recall: 0.69, F1: 0.65, AUC: 0.66
Epoch [82/100] [TRAIN] Loss: 0.6098, Accuracy: 69.62%, AUC: 0.70 [VAL] Loss: 0.6219, Accuracy: 66.40%, Precision: 0.63, Recall: 0.69, F1: 0.66, AUC: 0.67
Epoch [83/100] [TRAIN] Loss: 0.6099, Accuracy: 69.30%, AUC: 0.69 [VAL] Loss: 0.6220, Accuracy: 66.40%, Precision: 0.63, Recall: 0.69, F1: 0.66, AUC: 0.67
Epoch [84/100] [TRAIN] Loss: 0.6121, Accuracy: 69.22%, AUC: 0.69 [VAL] Loss: 0.6217, Accuracy: 66.60%, Precision: 0.63, Recall: 0.69, F1: 0.66, AUC: 0.67
Epoch [85/100] [TRAIN] Loss: 0.6112, Accuracy: 69.40%, AUC: 0.69 [VAL] Loss: 0.6213, Accuracy: 66.70%, Precision: 0.63, Recall: 0.69, F1: 0.66, AUC: 0.67
Epoch [86/100] [TRAIN] Loss: 0.6114, Accuracy: 68.92%, AUC: 0.69 [VAL] Loss: 0.6211, Accuracy: 66.70%, Precision: 0.63, Recall: 0.69, F1: 0.66, AUC: 0.67
Epoch [87/100] [TRAIN] Loss: 0.6114, Accuracy: 69.55%, AUC: 0.70 [VAL] Loss: 0.6208, Accuracy: 66.80%, Precision: 0.63, Recall: 0.69, F1: 0.66, AUC: 0.67
Epoch [88/100] [TRAIN] Loss: 0.6106, Accuracy: 69.39%, AUC: 0.69 [VAL] Loss: 0.6206, Accuracy: 66.60%, Precision: 0.63, Recall: 0.69, F1: 0.66, AUC: 0.67
Epoch [89/100] [TRAIN] Loss: 0.6120, Accuracy: 69.03%, AUC: 0.69 [VAL] Loss: 0.6204, Accuracy: 66.70%, Precision: 0.63, Recall: 0.69, F1: 0.66, AUC: 0.67
Epoch [90/100] [TRAIN] Loss: 0.6095, Accuracy: 69.46%, AUC: 0.70 [VAL] Loss: 0.6202, Accuracy: 66.70%, Precision: 0.63, Recall: 0.69, F1: 0.66, AUC: 0.67
Epoch [91/100] [TRAIN] Loss: 0.6090, Accuracy: 69.20%, AUC: 0.69 [VAL] Loss: 0.6200, Accuracy: 66.60%, Precision: 0.63, Recall: 0.69, F1: 0.66, AUC: 0.67
Epoch [92/100] [TRAIN] Loss: 0.6093, Accuracy: 69.21%, AUC: 0.69 [VAL] Loss: 0.6198, Accuracy: 66.60%, Precision: 0.63, Recall: 0.69, F1: 0.66, AUC: 0.67
Epoch [93/100] [TRAIN] Loss: 0.6087, Accuracy: 69.44%, AUC: 0.69 [VAL] Loss: 0.6194, Accuracy: 66.60%, Precision: 0.63, Recall: 0.69, F1: 0.66, AUC: 0.67
Epoch [94/100] [TRAIN] Loss: 0.6086, Accuracy: 69.55%, AUC: 0.70 [VAL] Loss: 0.6191, Accuracy: 66.60%, Precision: 0.63, Recall: 0.69, F1: 0.66, AUC: 0.67
Epoch [95/100] [TRAIN] Loss: 0.6080, Accuracy: 69.69%, AUC: 0.70 [VAL] Loss: 0.6193, Accuracy: 66.60%, Precision: 0.63, Recall: 0.69, F1: 0.66, AUC: 0.67
Epoch [96/100] [TRAIN] Loss: 0.6083, Accuracy: 69.69%, AUC: 0.70 [VAL] Loss: 0.6190, Accuracy: 66.60%, Precision: 0.63, Recall: 0.69, F1: 0.66, AUC: 0.67
Epoch [97/100] [TRAIN] Loss: 0.6086, Accuracy: 69.17%, AUC: 0.69 [VAL] Loss: 0.6187, Accuracy: 66.50%, Precision: 0.63, Recall: 0.69, F1: 0.66, AUC: 0.67
Epoch [98/100] [TRAIN] Loss: 0.6096, Accuracy: 69.12%, AUC: 0.69 [VAL] Loss: 0.6185, Accuracy: 66.70%, Precision: 0.63, Recall: 0.69, F1: 0.66, AUC: 0.67
Epoch [99/100] [TRAIN] Loss: 0.6072, Accuracy: 69.84%, AUC: 0.70 [VAL] Loss: 0.6182, Accuracy: 66.70%, Precision: 0.63, Recall: 0.69, F1: 0.66, AUC: 0.67
Epoch [100/100] [TRAIN] Loss: 0.6074, Accuracy: 69.20%, AUC: 0.69 [VAL] Loss: 0.6180, Accuracy: 66.70%, Precision: 0.63, Recall: 0.69, F1: 0.66, AUC: 0.67
  Antisymmetry score:      0.9660
  Total violations:        34 / 1000
  Pairs near boundary:     340 (34.0%)
  Avg |prob-0.5| at violation: 0.0000  (near 0 = boundary issue, larger = real failure)
Seed: 789
Accuracy:  69.90 %
AUC:       0.7010
Precision: 0.6648
Recall:    0.7442
F1-Score:  0.7023

Antisymmetry score:  0.9660  (1.0 = perfect, ~0.5 = random)

Detailed Classification Report:
              precision    recall  f1-score   support

           0       0.74      0.66      0.70       523
           1       0.66      0.74      0.70       477

    accuracy                           0.70      1000
   macro avg       0.70      0.70      0.70      1000
weighted avg       0.70      0.70      0.70      1000


Confusion Matrix:
[[344 179]
 [122 355]]


012-H3K9me3-H3K27ac
Train label distribution:
  Label 0:   4257 (53.2%)
  Label 1:   3743 (46.8%)
Val label distribution:
  Label 0:    535 (53.5%)
  Label 1:    465 (46.5%)
Test label distribution:
  Label 0:    523 (52.3%)
  Label 1:    477 (47.7%)
Epoch [1/100] [TRAIN] Loss: 0.7075, Accuracy: 59.06%, AUC: 0.59 [VAL] Loss: 0.6810, Accuracy: 65.30%, Precision: 0.61, Recall: 0.68, F1: 0.65, AUC: 0.66
Epoch [2/100] [TRAIN] Loss: 0.6702, Accuracy: 67.54%, AUC: 0.68 [VAL] Loss: 0.6723, Accuracy: 65.30%, Precision: 0.61, Recall: 0.69, F1: 0.65, AUC: 0.66
Epoch [3/100] [TRAIN] Loss: 0.6618, Accuracy: 68.41%, AUC: 0.68 [VAL] Loss: 0.6694, Accuracy: 65.40%, Precision: 0.61, Recall: 0.69, F1: 0.65, AUC: 0.66
Epoch [4/100] [TRAIN] Loss: 0.6580, Accuracy: 68.54%, AUC: 0.69 [VAL] Loss: 0.6668, Accuracy: 65.70%, Precision: 0.62, Recall: 0.69, F1: 0.65, AUC: 0.66
Epoch [5/100] [TRAIN] Loss: 0.6543, Accuracy: 68.67%, AUC: 0.69 [VAL] Loss: 0.6646, Accuracy: 65.60%, Precision: 0.61, Recall: 0.70, F1: 0.65, AUC: 0.66
Epoch [6/100] [TRAIN] Loss: 0.6518, Accuracy: 68.64%, AUC: 0.69 [VAL] Loss: 0.6626, Accuracy: 65.40%, Precision: 0.61, Recall: 0.69, F1: 0.65, AUC: 0.66
Epoch [7/100] [TRAIN] Loss: 0.6469, Accuracy: 68.91%, AUC: 0.69 [VAL] Loss: 0.6611, Accuracy: 65.30%, Precision: 0.61, Recall: 0.69, F1: 0.65, AUC: 0.66
Epoch [8/100] [TRAIN] Loss: 0.6446, Accuracy: 68.95%, AUC: 0.69 [VAL] Loss: 0.6601, Accuracy: 65.40%, Precision: 0.61, Recall: 0.69, F1: 0.65, AUC: 0.66
Epoch [9/100] [TRAIN] Loss: 0.6490, Accuracy: 68.80%, AUC: 0.69 [VAL] Loss: 0.6589, Accuracy: 65.00%, Precision: 0.61, Recall: 0.69, F1: 0.65, AUC: 0.65
Epoch [10/100] [TRAIN] Loss: 0.6457, Accuracy: 69.11%, AUC: 0.69 [VAL] Loss: 0.6578, Accuracy: 65.30%, Precision: 0.61, Recall: 0.69, F1: 0.65, AUC: 0.66
Epoch [11/100] [TRAIN] Loss: 0.6457, Accuracy: 69.14%, AUC: 0.69 [VAL] Loss: 0.6576, Accuracy: 65.50%, Precision: 0.61, Recall: 0.69, F1: 0.65, AUC: 0.66
Epoch [12/100] [TRAIN] Loss: 0.6443, Accuracy: 69.04%, AUC: 0.69 [VAL] Loss: 0.6568, Accuracy: 65.40%, Precision: 0.61, Recall: 0.70, F1: 0.65, AUC: 0.66
Epoch [13/100] [TRAIN] Loss: 0.6437, Accuracy: 68.83%, AUC: 0.69 [VAL] Loss: 0.6562, Accuracy: 65.70%, Precision: 0.62, Recall: 0.70, F1: 0.66, AUC: 0.66
Epoch [14/100] [TRAIN] Loss: 0.6412, Accuracy: 68.76%, AUC: 0.69 [VAL] Loss: 0.6558, Accuracy: 65.70%, Precision: 0.62, Recall: 0.70, F1: 0.66, AUC: 0.66
Epoch [15/100] [TRAIN] Loss: 0.6392, Accuracy: 69.61%, AUC: 0.70 [VAL] Loss: 0.6549, Accuracy: 65.90%, Precision: 0.62, Recall: 0.70, F1: 0.66, AUC: 0.66
Epoch [16/100] [TRAIN] Loss: 0.6381, Accuracy: 68.94%, AUC: 0.69 [VAL] Loss: 0.6543, Accuracy: 65.90%, Precision: 0.62, Recall: 0.70, F1: 0.66, AUC: 0.66
Epoch [17/100] [TRAIN] Loss: 0.6371, Accuracy: 68.70%, AUC: 0.69 [VAL] Loss: 0.6537, Accuracy: 65.60%, Precision: 0.61, Recall: 0.70, F1: 0.65, AUC: 0.66
Epoch [18/100] [TRAIN] Loss: 0.6387, Accuracy: 68.94%, AUC: 0.69 [VAL] Loss: 0.6533, Accuracy: 65.50%, Precision: 0.61, Recall: 0.70, F1: 0.65, AUC: 0.66
Epoch [19/100] [TRAIN] Loss: 0.6380, Accuracy: 69.06%, AUC: 0.69 [VAL] Loss: 0.6526, Accuracy: 65.60%, Precision: 0.61, Recall: 0.70, F1: 0.65, AUC: 0.66
Epoch [20/100] [TRAIN] Loss: 0.6353, Accuracy: 69.49%, AUC: 0.70 [VAL] Loss: 0.6520, Accuracy: 65.70%, Precision: 0.62, Recall: 0.70, F1: 0.66, AUC: 0.66
Epoch [21/100] [TRAIN] Loss: 0.6357, Accuracy: 69.10%, AUC: 0.69 [VAL] Loss: 0.6516, Accuracy: 65.80%, Precision: 0.62, Recall: 0.70, F1: 0.66, AUC: 0.66
Epoch [22/100] [TRAIN] Loss: 0.6348, Accuracy: 69.12%, AUC: 0.69 [VAL] Loss: 0.6510, Accuracy: 65.90%, Precision: 0.62, Recall: 0.70, F1: 0.66, AUC: 0.66
Epoch [23/100] [TRAIN] Loss: 0.6359, Accuracy: 69.59%, AUC: 0.70 [VAL] Loss: 0.6508, Accuracy: 65.90%, Precision: 0.62, Recall: 0.70, F1: 0.66, AUC: 0.66
Epoch [24/100] [TRAIN] Loss: 0.6326, Accuracy: 69.66%, AUC: 0.70 [VAL] Loss: 0.6505, Accuracy: 65.80%, Precision: 0.62, Recall: 0.70, F1: 0.65, AUC: 0.66
Epoch [25/100] [TRAIN] Loss: 0.6321, Accuracy: 69.26%, AUC: 0.69 [VAL] Loss: 0.6502, Accuracy: 65.80%, Precision: 0.62, Recall: 0.70, F1: 0.65, AUC: 0.66
Epoch [26/100] [TRAIN] Loss: 0.6360, Accuracy: 68.55%, AUC: 0.69 [VAL] Loss: 0.6501, Accuracy: 65.80%, Precision: 0.62, Recall: 0.69, F1: 0.65, AUC: 0.66
Epoch [27/100] [TRAIN] Loss: 0.6285, Accuracy: 69.69%, AUC: 0.70 [VAL] Loss: 0.6502, Accuracy: 66.00%, Precision: 0.62, Recall: 0.70, F1: 0.66, AUC: 0.66
Epoch [28/100] [TRAIN] Loss: 0.6330, Accuracy: 69.29%, AUC: 0.69 [VAL] Loss: 0.6495, Accuracy: 66.00%, Precision: 0.62, Recall: 0.69, F1: 0.66, AUC: 0.66
Epoch [29/100] [TRAIN] Loss: 0.6324, Accuracy: 68.62%, AUC: 0.69 [VAL] Loss: 0.6492, Accuracy: 65.90%, Precision: 0.62, Recall: 0.69, F1: 0.65, AUC: 0.66
Epoch [30/100] [TRAIN] Loss: 0.6292, Accuracy: 69.30%, AUC: 0.69 [VAL] Loss: 0.6491, Accuracy: 65.90%, Precision: 0.62, Recall: 0.69, F1: 0.65, AUC: 0.66
Epoch [31/100] [TRAIN] Loss: 0.6289, Accuracy: 69.30%, AUC: 0.69 [VAL] Loss: 0.6487, Accuracy: 65.70%, Precision: 0.62, Recall: 0.69, F1: 0.65, AUC: 0.66
Epoch [32/100] [TRAIN] Loss: 0.6329, Accuracy: 69.20%, AUC: 0.69 [VAL] Loss: 0.6484, Accuracy: 65.70%, Precision: 0.62, Recall: 0.69, F1: 0.65, AUC: 0.66
Epoch [33/100] [TRAIN] Loss: 0.6312, Accuracy: 69.15%, AUC: 0.69 [VAL] Loss: 0.6482, Accuracy: 65.70%, Precision: 0.62, Recall: 0.69, F1: 0.65, AUC: 0.66
Epoch [34/100] [TRAIN] Loss: 0.6298, Accuracy: 69.06%, AUC: 0.69 [VAL] Loss: 0.6480, Accuracy: 65.80%, Precision: 0.62, Recall: 0.69, F1: 0.65, AUC: 0.66
Epoch [35/100] [TRAIN] Loss: 0.6299, Accuracy: 69.29%, AUC: 0.69 [VAL] Loss: 0.6480, Accuracy: 65.90%, Precision: 0.62, Recall: 0.69, F1: 0.65, AUC: 0.66
Epoch [36/100] [TRAIN] Loss: 0.6289, Accuracy: 69.28%, AUC: 0.69 [VAL] Loss: 0.6478, Accuracy: 65.80%, Precision: 0.62, Recall: 0.69, F1: 0.65, AUC: 0.66
Epoch [37/100] [TRAIN] Loss: 0.6295, Accuracy: 69.51%, AUC: 0.70 [VAL] Loss: 0.6474, Accuracy: 65.50%, Precision: 0.62, Recall: 0.69, F1: 0.65, AUC: 0.66
Epoch [38/100] [TRAIN] Loss: 0.6275, Accuracy: 69.41%, AUC: 0.69 [VAL] Loss: 0.6468, Accuracy: 65.60%, Precision: 0.62, Recall: 0.69, F1: 0.65, AUC: 0.66
Epoch [39/100] [TRAIN] Loss: 0.6238, Accuracy: 69.84%, AUC: 0.70 [VAL] Loss: 0.6466, Accuracy: 65.50%, Precision: 0.62, Recall: 0.69, F1: 0.65, AUC: 0.66
Epoch [40/100] [TRAIN] Loss: 0.6278, Accuracy: 68.97%, AUC: 0.69 [VAL] Loss: 0.6463, Accuracy: 65.50%, Precision: 0.62, Recall: 0.69, F1: 0.65, AUC: 0.66
Epoch [41/100] [TRAIN] Loss: 0.6302, Accuracy: 69.22%, AUC: 0.69 [VAL] Loss: 0.6460, Accuracy: 65.30%, Precision: 0.61, Recall: 0.69, F1: 0.65, AUC: 0.66
Epoch [42/100] [TRAIN] Loss: 0.6278, Accuracy: 69.22%, AUC: 0.69 [VAL] Loss: 0.6457, Accuracy: 65.20%, Precision: 0.61, Recall: 0.69, F1: 0.65, AUC: 0.65
Epoch [43/100] [TRAIN] Loss: 0.6251, Accuracy: 69.28%, AUC: 0.69 [VAL] Loss: 0.6454, Accuracy: 65.20%, Precision: 0.61, Recall: 0.69, F1: 0.65, AUC: 0.65
Epoch [44/100] [TRAIN] Loss: 0.6259, Accuracy: 69.40%, AUC: 0.69 [VAL] Loss: 0.6449, Accuracy: 65.30%, Precision: 0.61, Recall: 0.69, F1: 0.65, AUC: 0.66
Epoch [45/100] [TRAIN] Loss: 0.6262, Accuracy: 69.10%, AUC: 0.69 [VAL] Loss: 0.6445, Accuracy: 65.30%, Precision: 0.61, Recall: 0.69, F1: 0.65, AUC: 0.66
Epoch [46/100] [TRAIN] Loss: 0.6241, Accuracy: 69.88%, AUC: 0.70 [VAL] Loss: 0.6442, Accuracy: 65.30%, Precision: 0.61, Recall: 0.69, F1: 0.65, AUC: 0.66
Epoch [47/100] [TRAIN] Loss: 0.6241, Accuracy: 69.80%, AUC: 0.70 [VAL] Loss: 0.6440, Accuracy: 65.30%, Precision: 0.61, Recall: 0.69, F1: 0.65, AUC: 0.66
Epoch [48/100] [TRAIN] Loss: 0.6242, Accuracy: 68.90%, AUC: 0.69 [VAL] Loss: 0.6439, Accuracy: 65.40%, Precision: 0.61, Recall: 0.69, F1: 0.65, AUC: 0.66
Epoch [49/100] [TRAIN] Loss: 0.6266, Accuracy: 69.36%, AUC: 0.69 [VAL] Loss: 0.6434, Accuracy: 65.20%, Precision: 0.61, Recall: 0.69, F1: 0.65, AUC: 0.65
Epoch [50/100] [TRAIN] Loss: 0.6254, Accuracy: 68.86%, AUC: 0.69 [VAL] Loss: 0.6431, Accuracy: 65.20%, Precision: 0.61, Recall: 0.69, F1: 0.65, AUC: 0.65
Epoch [51/100] [TRAIN] Loss: 0.6220, Accuracy: 69.24%, AUC: 0.69 [VAL] Loss: 0.6427, Accuracy: 65.20%, Precision: 0.61, Recall: 0.69, F1: 0.65, AUC: 0.65
Epoch [52/100] [TRAIN] Loss: 0.6213, Accuracy: 69.25%, AUC: 0.69 [VAL] Loss: 0.6424, Accuracy: 65.20%, Precision: 0.61, Recall: 0.69, F1: 0.65, AUC: 0.65
Epoch [53/100] [TRAIN] Loss: 0.6251, Accuracy: 69.34%, AUC: 0.69 [VAL] Loss: 0.6419, Accuracy: 65.10%, Precision: 0.61, Recall: 0.69, F1: 0.65, AUC: 0.65
Epoch [54/100] [TRAIN] Loss: 0.6195, Accuracy: 69.26%, AUC: 0.69 [VAL] Loss: 0.6415, Accuracy: 65.20%, Precision: 0.61, Recall: 0.69, F1: 0.65, AUC: 0.65
Epoch [55/100] [TRAIN] Loss: 0.6225, Accuracy: 69.12%, AUC: 0.69 [VAL] Loss: 0.6413, Accuracy: 65.20%, Precision: 0.61, Recall: 0.69, F1: 0.65, AUC: 0.65
Epoch [56/100] [TRAIN] Loss: 0.6219, Accuracy: 69.06%, AUC: 0.69 [VAL] Loss: 0.6408, Accuracy: 65.10%, Precision: 0.61, Recall: 0.69, F1: 0.65, AUC: 0.65
Epoch [57/100] [TRAIN] Loss: 0.6213, Accuracy: 69.15%, AUC: 0.69 [VAL] Loss: 0.6406, Accuracy: 65.10%, Precision: 0.61, Recall: 0.69, F1: 0.65, AUC: 0.65
Epoch [58/100] [TRAIN] Loss: 0.6223, Accuracy: 68.75%, AUC: 0.69 [VAL] Loss: 0.6401, Accuracy: 65.30%, Precision: 0.61, Recall: 0.69, F1: 0.65, AUC: 0.66
Epoch [59/100] [TRAIN] Loss: 0.6201, Accuracy: 69.05%, AUC: 0.69 [VAL] Loss: 0.6400, Accuracy: 65.20%, Precision: 0.61, Recall: 0.69, F1: 0.65, AUC: 0.65
Epoch [60/100] [TRAIN] Loss: 0.6234, Accuracy: 68.94%, AUC: 0.69 [VAL] Loss: 0.6394, Accuracy: 65.30%, Precision: 0.61, Recall: 0.69, F1: 0.65, AUC: 0.66
Epoch [61/100] [TRAIN] Loss: 0.6171, Accuracy: 69.53%, AUC: 0.70 [VAL] Loss: 0.6391, Accuracy: 65.10%, Precision: 0.61, Recall: 0.69, F1: 0.65, AUC: 0.65
Epoch [62/100] [TRAIN] Loss: 0.6197, Accuracy: 69.29%, AUC: 0.69 [VAL] Loss: 0.6388, Accuracy: 65.30%, Precision: 0.61, Recall: 0.69, F1: 0.65, AUC: 0.66
Epoch [63/100] [TRAIN] Loss: 0.6198, Accuracy: 68.91%, AUC: 0.69 [VAL] Loss: 0.6385, Accuracy: 65.40%, Precision: 0.61, Recall: 0.69, F1: 0.65, AUC: 0.66
Epoch [64/100] [TRAIN] Loss: 0.6189, Accuracy: 69.31%, AUC: 0.69 [VAL] Loss: 0.6381, Accuracy: 65.40%, Precision: 0.61, Recall: 0.69, F1: 0.65, AUC: 0.66
Epoch [65/100] [TRAIN] Loss: 0.6183, Accuracy: 69.20%, AUC: 0.69 [VAL] Loss: 0.6378, Accuracy: 65.20%, Precision: 0.61, Recall: 0.69, F1: 0.65, AUC: 0.65
Epoch [66/100] [TRAIN] Loss: 0.6191, Accuracy: 68.95%, AUC: 0.69 [VAL] Loss: 0.6373, Accuracy: 65.20%, Precision: 0.61, Recall: 0.69, F1: 0.65, AUC: 0.65
Epoch [67/100] [TRAIN] Loss: 0.6165, Accuracy: 69.33%, AUC: 0.69 [VAL] Loss: 0.6368, Accuracy: 65.10%, Precision: 0.61, Recall: 0.69, F1: 0.65, AUC: 0.65
Epoch [68/100] [TRAIN] Loss: 0.6175, Accuracy: 68.91%, AUC: 0.69 [VAL] Loss: 0.6364, Accuracy: 65.20%, Precision: 0.61, Recall: 0.69, F1: 0.65, AUC: 0.65
Epoch [69/100] [TRAIN] Loss: 0.6178, Accuracy: 69.62%, AUC: 0.70 [VAL] Loss: 0.6365, Accuracy: 65.30%, Precision: 0.61, Recall: 0.69, F1: 0.65, AUC: 0.66
Epoch [70/100] [TRAIN] Loss: 0.6182, Accuracy: 69.04%, AUC: 0.69 [VAL] Loss: 0.6359, Accuracy: 65.20%, Precision: 0.61, Recall: 0.68, F1: 0.65, AUC: 0.65
Epoch [71/100] [TRAIN] Loss: 0.6146, Accuracy: 69.67%, AUC: 0.70 [VAL] Loss: 0.6357, Accuracy: 65.30%, Precision: 0.61, Recall: 0.68, F1: 0.65, AUC: 0.66
Epoch [72/100] [TRAIN] Loss: 0.6161, Accuracy: 69.10%, AUC: 0.69 [VAL] Loss: 0.6352, Accuracy: 65.50%, Precision: 0.62, Recall: 0.69, F1: 0.65, AUC: 0.66
Epoch [73/100] [TRAIN] Loss: 0.6143, Accuracy: 68.90%, AUC: 0.69 [VAL] Loss: 0.6350, Accuracy: 65.40%, Precision: 0.61, Recall: 0.69, F1: 0.65, AUC: 0.66
Epoch [74/100] [TRAIN] Loss: 0.6164, Accuracy: 69.38%, AUC: 0.69 [VAL] Loss: 0.6348, Accuracy: 65.40%, Precision: 0.61, Recall: 0.69, F1: 0.65, AUC: 0.66
Epoch [75/100] [TRAIN] Loss: 0.6168, Accuracy: 69.10%, AUC: 0.69 [VAL] Loss: 0.6343, Accuracy: 65.20%, Precision: 0.61, Recall: 0.68, F1: 0.65, AUC: 0.65
Epoch [76/100] [TRAIN] Loss: 0.6128, Accuracy: 69.70%, AUC: 0.70 [VAL] Loss: 0.6337, Accuracy: 65.40%, Precision: 0.61, Recall: 0.69, F1: 0.65, AUC: 0.66
Epoch [77/100] [TRAIN] Loss: 0.6120, Accuracy: 69.36%, AUC: 0.69 [VAL] Loss: 0.6333, Accuracy: 65.30%, Precision: 0.61, Recall: 0.69, F1: 0.65, AUC: 0.66
Epoch [78/100] [TRAIN] Loss: 0.6158, Accuracy: 68.83%, AUC: 0.69 [VAL] Loss: 0.6330, Accuracy: 65.40%, Precision: 0.61, Recall: 0.69, F1: 0.65, AUC: 0.66
Epoch [79/100] [TRAIN] Loss: 0.6144, Accuracy: 69.46%, AUC: 0.70 [VAL] Loss: 0.6329, Accuracy: 65.20%, Precision: 0.61, Recall: 0.68, F1: 0.65, AUC: 0.65
Epoch [80/100] [TRAIN] Loss: 0.6159, Accuracy: 68.85%, AUC: 0.69 [VAL] Loss: 0.6326, Accuracy: 65.40%, Precision: 0.61, Recall: 0.69, F1: 0.65, AUC: 0.66
Epoch [81/100] [TRAIN] Loss: 0.6177, Accuracy: 68.76%, AUC: 0.69 [VAL] Loss: 0.6322, Accuracy: 65.50%, Precision: 0.62, Recall: 0.69, F1: 0.65, AUC: 0.66
Epoch [82/100] [TRAIN] Loss: 0.6112, Accuracy: 69.58%, AUC: 0.70 [VAL] Loss: 0.6320, Accuracy: 65.30%, Precision: 0.61, Recall: 0.68, F1: 0.65, AUC: 0.66
Epoch [83/100] [TRAIN] Loss: 0.6140, Accuracy: 68.90%, AUC: 0.69 [VAL] Loss: 0.6316, Accuracy: 65.40%, Precision: 0.61, Recall: 0.69, F1: 0.65, AUC: 0.66
Epoch [84/100] [TRAIN] Loss: 0.6117, Accuracy: 69.17%, AUC: 0.69 [VAL] Loss: 0.6313, Accuracy: 65.60%, Precision: 0.62, Recall: 0.69, F1: 0.65, AUC: 0.66
Epoch [85/100] [TRAIN] Loss: 0.6143, Accuracy: 69.03%, AUC: 0.69 [VAL] Loss: 0.6308, Accuracy: 65.50%, Precision: 0.62, Recall: 0.69, F1: 0.65, AUC: 0.66
Epoch [86/100] [TRAIN] Loss: 0.6136, Accuracy: 69.46%, AUC: 0.70 [VAL] Loss: 0.6306, Accuracy: 65.40%, Precision: 0.62, Recall: 0.68, F1: 0.65, AUC: 0.66
Epoch [87/100] [TRAIN] Loss: 0.6125, Accuracy: 68.62%, AUC: 0.69 [VAL] Loss: 0.6306, Accuracy: 65.40%, Precision: 0.61, Recall: 0.69, F1: 0.65, AUC: 0.66
Epoch [88/100] [TRAIN] Loss: 0.6141, Accuracy: 68.85%, AUC: 0.69 [VAL] Loss: 0.6301, Accuracy: 65.60%, Precision: 0.62, Recall: 0.69, F1: 0.65, AUC: 0.66
Epoch [89/100] [TRAIN] Loss: 0.6115, Accuracy: 69.42%, AUC: 0.69 [VAL] Loss: 0.6298, Accuracy: 65.40%, Precision: 0.62, Recall: 0.68, F1: 0.65, AUC: 0.66
Epoch [90/100] [TRAIN] Loss: 0.6114, Accuracy: 69.14%, AUC: 0.69 [VAL] Loss: 0.6295, Accuracy: 65.30%, Precision: 0.61, Recall: 0.68, F1: 0.65, AUC: 0.65
Epoch [91/100] [TRAIN] Loss: 0.6105, Accuracy: 68.92%, AUC: 0.69 [VAL] Loss: 0.6293, Accuracy: 65.30%, Precision: 0.61, Recall: 0.68, F1: 0.65, AUC: 0.65
Epoch [92/100] [TRAIN] Loss: 0.6109, Accuracy: 69.44%, AUC: 0.70 [VAL] Loss: 0.6290, Accuracy: 65.40%, Precision: 0.62, Recall: 0.68, F1: 0.65, AUC: 0.66
Epoch [93/100] [TRAIN] Loss: 0.6099, Accuracy: 69.28%, AUC: 0.69 [VAL] Loss: 0.6287, Accuracy: 65.40%, Precision: 0.62, Recall: 0.68, F1: 0.65, AUC: 0.66
Epoch [94/100] [TRAIN] Loss: 0.6111, Accuracy: 69.11%, AUC: 0.69 [VAL] Loss: 0.6284, Accuracy: 65.40%, Precision: 0.62, Recall: 0.68, F1: 0.65, AUC: 0.66
Epoch [95/100] [TRAIN] Loss: 0.6088, Accuracy: 69.79%, AUC: 0.70 [VAL] Loss: 0.6282, Accuracy: 65.40%, Precision: 0.62, Recall: 0.68, F1: 0.65, AUC: 0.66
Epoch [96/100] [TRAIN] Loss: 0.6107, Accuracy: 69.44%, AUC: 0.69 [VAL] Loss: 0.6279, Accuracy: 65.30%, Precision: 0.61, Recall: 0.68, F1: 0.65, AUC: 0.65
Epoch [97/100] [TRAIN] Loss: 0.6090, Accuracy: 69.50%, AUC: 0.70 [VAL] Loss: 0.6278, Accuracy: 65.30%, Precision: 0.61, Recall: 0.68, F1: 0.65, AUC: 0.65
Epoch [98/100] [TRAIN] Loss: 0.6109, Accuracy: 69.31%, AUC: 0.69 [VAL] Loss: 0.6274, Accuracy: 65.40%, Precision: 0.62, Recall: 0.68, F1: 0.65, AUC: 0.66
Epoch [99/100] [TRAIN] Loss: 0.6094, Accuracy: 69.39%, AUC: 0.69 [VAL] Loss: 0.6269, Accuracy: 65.40%, Precision: 0.62, Recall: 0.68, F1: 0.65, AUC: 0.66
Epoch [100/100] [TRAIN] Loss: 0.6084, Accuracy: 69.62%, AUC: 0.70 [VAL] Loss: 0.6266, Accuracy: 65.40%, Precision: 0.62, Recall: 0.68, F1: 0.65, AUC: 0.66
  Antisymmetry score:      0.9350
  Total violations:        65 / 1000
  Pairs near boundary:     376 (37.6%)
  Avg |prob-0.5| at violation: 0.0000  (near 0 = boundary issue, larger = real failure)
Seed: 789
Accuracy:  67.90 %
AUC:       0.6819
Precision: 0.6408
Recall:    0.7442
F1-Score:  0.6887

Antisymmetry score:  0.9350  (1.0 = perfect, ~0.5 = random)

Detailed Classification Report:
              precision    recall  f1-score   support

           0       0.73      0.62      0.67       523
           1       0.64      0.74      0.69       477

    accuracy                           0.68      1000
   macro avg       0.68      0.68      0.68      1000
weighted avg       0.69      0.68      0.68      1000


Confusion Matrix:
[[324 199]
 [122 355]]


013-H3K9me3-H3K27me3
Train label distribution:
  Label 0:   4257 (53.2%)
  Label 1:   3743 (46.8%)
Val label distribution:
  Label 0:    535 (53.5%)
  Label 1:    465 (46.5%)
Test label distribution:
  Label 0:    523 (52.3%)
  Label 1:    477 (47.7%)
Epoch [1/100] [TRAIN] Loss: 0.7205, Accuracy: 54.40%, AUC: 0.54 [VAL] Loss: 0.7163, Accuracy: 55.00%, Precision: 0.51, Recall: 0.62, F1: 0.56, AUC: 0.55
Epoch [2/100] [TRAIN] Loss: 0.7144, Accuracy: 55.71%, AUC: 0.56 [VAL] Loss: 0.7096, Accuracy: 57.40%, Precision: 0.53, Recall: 0.65, F1: 0.59, AUC: 0.58
Epoch [3/100] [TRAIN] Loss: 0.7087, Accuracy: 57.36%, AUC: 0.57 [VAL] Loss: 0.7043, Accuracy: 59.20%, Precision: 0.55, Recall: 0.66, F1: 0.60, AUC: 0.60
Epoch [4/100] [TRAIN] Loss: 0.7060, Accuracy: 58.36%, AUC: 0.58 [VAL] Loss: 0.6999, Accuracy: 59.70%, Precision: 0.56, Recall: 0.67, F1: 0.61, AUC: 0.60
Epoch [5/100] [TRAIN] Loss: 0.7004, Accuracy: 60.05%, AUC: 0.60 [VAL] Loss: 0.6963, Accuracy: 60.60%, Precision: 0.56, Recall: 0.68, F1: 0.62, AUC: 0.61
Epoch [6/100] [TRAIN] Loss: 0.6986, Accuracy: 59.40%, AUC: 0.59 [VAL] Loss: 0.6933, Accuracy: 60.20%, Precision: 0.56, Recall: 0.67, F1: 0.61, AUC: 0.61
Epoch [7/100] [TRAIN] Loss: 0.6956, Accuracy: 61.11%, AUC: 0.61 [VAL] Loss: 0.6911, Accuracy: 60.90%, Precision: 0.57, Recall: 0.68, F1: 0.62, AUC: 0.61
Epoch [8/100] [TRAIN] Loss: 0.6945, Accuracy: 60.71%, AUC: 0.61 [VAL] Loss: 0.6892, Accuracy: 61.00%, Precision: 0.57, Recall: 0.68, F1: 0.62, AUC: 0.61
Epoch [9/100] [TRAIN] Loss: 0.6944, Accuracy: 61.75%, AUC: 0.62 [VAL] Loss: 0.6877, Accuracy: 61.00%, Precision: 0.57, Recall: 0.68, F1: 0.62, AUC: 0.61
Epoch [10/100] [TRAIN] Loss: 0.6925, Accuracy: 61.55%, AUC: 0.62 [VAL] Loss: 0.6865, Accuracy: 60.90%, Precision: 0.57, Recall: 0.68, F1: 0.62, AUC: 0.61
Epoch [11/100] [TRAIN] Loss: 0.6898, Accuracy: 61.15%, AUC: 0.61 [VAL] Loss: 0.6851, Accuracy: 60.50%, Precision: 0.56, Recall: 0.68, F1: 0.61, AUC: 0.61
Epoch [12/100] [TRAIN] Loss: 0.6897, Accuracy: 62.10%, AUC: 0.62 [VAL] Loss: 0.6840, Accuracy: 60.60%, Precision: 0.56, Recall: 0.68, F1: 0.61, AUC: 0.61
Epoch [13/100] [TRAIN] Loss: 0.6893, Accuracy: 61.80%, AUC: 0.62 [VAL] Loss: 0.6830, Accuracy: 60.90%, Precision: 0.57, Recall: 0.68, F1: 0.62, AUC: 0.61
Epoch [14/100] [TRAIN] Loss: 0.6868, Accuracy: 62.14%, AUC: 0.62 [VAL] Loss: 0.6820, Accuracy: 61.10%, Precision: 0.57, Recall: 0.68, F1: 0.62, AUC: 0.62
Epoch [15/100] [TRAIN] Loss: 0.6856, Accuracy: 62.83%, AUC: 0.63 [VAL] Loss: 0.6813, Accuracy: 61.20%, Precision: 0.57, Recall: 0.68, F1: 0.62, AUC: 0.62
Epoch [16/100] [TRAIN] Loss: 0.6862, Accuracy: 62.17%, AUC: 0.62 [VAL] Loss: 0.6805, Accuracy: 61.40%, Precision: 0.57, Recall: 0.68, F1: 0.62, AUC: 0.62
Epoch [17/100] [TRAIN] Loss: 0.6847, Accuracy: 62.48%, AUC: 0.63 [VAL] Loss: 0.6798, Accuracy: 61.10%, Precision: 0.57, Recall: 0.69, F1: 0.62, AUC: 0.62
Epoch [18/100] [TRAIN] Loss: 0.6826, Accuracy: 62.83%, AUC: 0.63 [VAL] Loss: 0.6790, Accuracy: 61.20%, Precision: 0.57, Recall: 0.69, F1: 0.62, AUC: 0.62
Epoch [19/100] [TRAIN] Loss: 0.6826, Accuracy: 63.12%, AUC: 0.63 [VAL] Loss: 0.6785, Accuracy: 61.30%, Precision: 0.57, Recall: 0.69, F1: 0.62, AUC: 0.62
Epoch [20/100] [TRAIN] Loss: 0.6826, Accuracy: 62.15%, AUC: 0.62 [VAL] Loss: 0.6780, Accuracy: 61.00%, Precision: 0.57, Recall: 0.69, F1: 0.62, AUC: 0.61
Epoch [21/100] [TRAIN] Loss: 0.6805, Accuracy: 62.36%, AUC: 0.63 [VAL] Loss: 0.6774, Accuracy: 61.10%, Precision: 0.57, Recall: 0.69, F1: 0.62, AUC: 0.62
Epoch [22/100] [TRAIN] Loss: 0.6794, Accuracy: 63.24%, AUC: 0.63 [VAL] Loss: 0.6768, Accuracy: 60.90%, Precision: 0.57, Recall: 0.69, F1: 0.62, AUC: 0.61
Epoch [23/100] [TRAIN] Loss: 0.6790, Accuracy: 63.34%, AUC: 0.63 [VAL] Loss: 0.6763, Accuracy: 60.70%, Precision: 0.56, Recall: 0.69, F1: 0.62, AUC: 0.61
Epoch [24/100] [TRAIN] Loss: 0.6812, Accuracy: 62.77%, AUC: 0.63 [VAL] Loss: 0.6759, Accuracy: 60.90%, Precision: 0.57, Recall: 0.69, F1: 0.62, AUC: 0.61
Epoch [25/100] [TRAIN] Loss: 0.6804, Accuracy: 63.35%, AUC: 0.63 [VAL] Loss: 0.6755, Accuracy: 61.00%, Precision: 0.57, Recall: 0.69, F1: 0.62, AUC: 0.62
Epoch [26/100] [TRAIN] Loss: 0.6768, Accuracy: 63.56%, AUC: 0.64 [VAL] Loss: 0.6750, Accuracy: 60.90%, Precision: 0.57, Recall: 0.69, F1: 0.62, AUC: 0.61
Epoch [27/100] [TRAIN] Loss: 0.6792, Accuracy: 63.35%, AUC: 0.63 [VAL] Loss: 0.6747, Accuracy: 60.90%, Precision: 0.57, Recall: 0.69, F1: 0.62, AUC: 0.61
Epoch [28/100] [TRAIN] Loss: 0.6777, Accuracy: 63.42%, AUC: 0.64 [VAL] Loss: 0.6743, Accuracy: 60.90%, Precision: 0.57, Recall: 0.69, F1: 0.62, AUC: 0.61
Epoch [29/100] [TRAIN] Loss: 0.6770, Accuracy: 63.05%, AUC: 0.63 [VAL] Loss: 0.6740, Accuracy: 60.90%, Precision: 0.57, Recall: 0.69, F1: 0.62, AUC: 0.61
Epoch [30/100] [TRAIN] Loss: 0.6749, Accuracy: 63.39%, AUC: 0.63 [VAL] Loss: 0.6735, Accuracy: 61.00%, Precision: 0.57, Recall: 0.69, F1: 0.62, AUC: 0.62
Epoch [31/100] [TRAIN] Loss: 0.6755, Accuracy: 63.83%, AUC: 0.64 [VAL] Loss: 0.6733, Accuracy: 61.20%, Precision: 0.57, Recall: 0.69, F1: 0.62, AUC: 0.62
Epoch [32/100] [TRAIN] Loss: 0.6776, Accuracy: 63.35%, AUC: 0.63 [VAL] Loss: 0.6731, Accuracy: 61.40%, Precision: 0.57, Recall: 0.70, F1: 0.63, AUC: 0.62
Epoch [33/100] [TRAIN] Loss: 0.6747, Accuracy: 63.39%, AUC: 0.63 [VAL] Loss: 0.6728, Accuracy: 61.40%, Precision: 0.57, Recall: 0.70, F1: 0.63, AUC: 0.62
Epoch [34/100] [TRAIN] Loss: 0.6757, Accuracy: 63.64%, AUC: 0.64 [VAL] Loss: 0.6726, Accuracy: 61.40%, Precision: 0.57, Recall: 0.70, F1: 0.63, AUC: 0.62
Epoch [35/100] [TRAIN] Loss: 0.6752, Accuracy: 63.04%, AUC: 0.63 [VAL] Loss: 0.6724, Accuracy: 61.70%, Precision: 0.57, Recall: 0.70, F1: 0.63, AUC: 0.62
Epoch [36/100] [TRAIN] Loss: 0.6718, Accuracy: 64.01%, AUC: 0.64 [VAL] Loss: 0.6721, Accuracy: 61.70%, Precision: 0.57, Recall: 0.70, F1: 0.63, AUC: 0.62
Epoch [37/100] [TRAIN] Loss: 0.6732, Accuracy: 63.40%, AUC: 0.63 [VAL] Loss: 0.6719, Accuracy: 61.70%, Precision: 0.57, Recall: 0.70, F1: 0.63, AUC: 0.62
Epoch [38/100] [TRAIN] Loss: 0.6718, Accuracy: 63.79%, AUC: 0.64 [VAL] Loss: 0.6714, Accuracy: 61.80%, Precision: 0.57, Recall: 0.70, F1: 0.63, AUC: 0.62
Epoch [39/100] [TRAIN] Loss: 0.6710, Accuracy: 63.45%, AUC: 0.64 [VAL] Loss: 0.6711, Accuracy: 61.80%, Precision: 0.57, Recall: 0.70, F1: 0.63, AUC: 0.62
Epoch [40/100] [TRAIN] Loss: 0.6734, Accuracy: 63.15%, AUC: 0.63 [VAL] Loss: 0.6709, Accuracy: 61.80%, Precision: 0.57, Recall: 0.70, F1: 0.63, AUC: 0.62
Epoch [41/100] [TRAIN] Loss: 0.6716, Accuracy: 63.80%, AUC: 0.64 [VAL] Loss: 0.6708, Accuracy: 61.70%, Precision: 0.57, Recall: 0.70, F1: 0.63, AUC: 0.62
Epoch [42/100] [TRAIN] Loss: 0.6721, Accuracy: 63.15%, AUC: 0.63 [VAL] Loss: 0.6706, Accuracy: 61.80%, Precision: 0.57, Recall: 0.70, F1: 0.63, AUC: 0.62
Epoch [43/100] [TRAIN] Loss: 0.6724, Accuracy: 63.38%, AUC: 0.63 [VAL] Loss: 0.6706, Accuracy: 61.80%, Precision: 0.57, Recall: 0.70, F1: 0.63, AUC: 0.62
Epoch [44/100] [TRAIN] Loss: 0.6713, Accuracy: 63.51%, AUC: 0.64 [VAL] Loss: 0.6705, Accuracy: 61.80%, Precision: 0.57, Recall: 0.70, F1: 0.63, AUC: 0.62
Epoch [45/100] [TRAIN] Loss: 0.6718, Accuracy: 63.64%, AUC: 0.64 [VAL] Loss: 0.6702, Accuracy: 61.90%, Precision: 0.57, Recall: 0.70, F1: 0.63, AUC: 0.62
Epoch [46/100] [TRAIN] Loss: 0.6723, Accuracy: 63.96%, AUC: 0.64 [VAL] Loss: 0.6701, Accuracy: 62.00%, Precision: 0.57, Recall: 0.70, F1: 0.63, AUC: 0.63
Epoch [47/100] [TRAIN] Loss: 0.6714, Accuracy: 63.23%, AUC: 0.63 [VAL] Loss: 0.6699, Accuracy: 61.90%, Precision: 0.57, Recall: 0.70, F1: 0.63, AUC: 0.62
Epoch [48/100] [TRAIN] Loss: 0.6697, Accuracy: 63.83%, AUC: 0.64 [VAL] Loss: 0.6697, Accuracy: 61.90%, Precision: 0.57, Recall: 0.70, F1: 0.63, AUC: 0.62
Epoch [49/100] [TRAIN] Loss: 0.6708, Accuracy: 63.65%, AUC: 0.64 [VAL] Loss: 0.6697, Accuracy: 61.80%, Precision: 0.57, Recall: 0.70, F1: 0.63, AUC: 0.62
Epoch [50/100] [TRAIN] Loss: 0.6685, Accuracy: 64.09%, AUC: 0.64 [VAL] Loss: 0.6695, Accuracy: 61.80%, Precision: 0.57, Recall: 0.70, F1: 0.63, AUC: 0.62
Epoch [51/100] [TRAIN] Loss: 0.6689, Accuracy: 64.00%, AUC: 0.64 [VAL] Loss: 0.6693, Accuracy: 61.80%, Precision: 0.57, Recall: 0.70, F1: 0.63, AUC: 0.62
Epoch [52/100] [TRAIN] Loss: 0.6701, Accuracy: 64.01%, AUC: 0.64 [VAL] Loss: 0.6692, Accuracy: 61.80%, Precision: 0.57, Recall: 0.70, F1: 0.63, AUC: 0.62
Epoch [53/100] [TRAIN] Loss: 0.6671, Accuracy: 64.05%, AUC: 0.64 [VAL] Loss: 0.6689, Accuracy: 62.10%, Precision: 0.58, Recall: 0.70, F1: 0.63, AUC: 0.63
Epoch [54/100] [TRAIN] Loss: 0.6692, Accuracy: 63.56%, AUC: 0.64 [VAL] Loss: 0.6688, Accuracy: 62.10%, Precision: 0.58, Recall: 0.70, F1: 0.63, AUC: 0.63
Epoch [55/100] [TRAIN] Loss: 0.6672, Accuracy: 64.35%, AUC: 0.64 [VAL] Loss: 0.6687, Accuracy: 62.10%, Precision: 0.58, Recall: 0.70, F1: 0.63, AUC: 0.63
Epoch [56/100] [TRAIN] Loss: 0.6678, Accuracy: 64.29%, AUC: 0.64 [VAL] Loss: 0.6685, Accuracy: 62.10%, Precision: 0.58, Recall: 0.70, F1: 0.63, AUC: 0.63
Epoch [57/100] [TRAIN] Loss: 0.6672, Accuracy: 63.66%, AUC: 0.64 [VAL] Loss: 0.6684, Accuracy: 62.00%, Precision: 0.57, Recall: 0.70, F1: 0.63, AUC: 0.63
Epoch [58/100] [TRAIN] Loss: 0.6677, Accuracy: 64.29%, AUC: 0.64 [VAL] Loss: 0.6684, Accuracy: 61.90%, Precision: 0.57, Recall: 0.70, F1: 0.63, AUC: 0.62
Epoch [59/100] [TRAIN] Loss: 0.6693, Accuracy: 63.99%, AUC: 0.64 [VAL] Loss: 0.6684, Accuracy: 62.00%, Precision: 0.57, Recall: 0.70, F1: 0.63, AUC: 0.63
Epoch [60/100] [TRAIN] Loss: 0.6676, Accuracy: 63.80%, AUC: 0.64 [VAL] Loss: 0.6682, Accuracy: 61.90%, Precision: 0.57, Recall: 0.70, F1: 0.63, AUC: 0.62
Epoch [61/100] [TRAIN] Loss: 0.6687, Accuracy: 63.90%, AUC: 0.64 [VAL] Loss: 0.6681, Accuracy: 62.00%, Precision: 0.58, Recall: 0.70, F1: 0.63, AUC: 0.63
Epoch [62/100] [TRAIN] Loss: 0.6671, Accuracy: 64.06%, AUC: 0.64 [VAL] Loss: 0.6680, Accuracy: 62.00%, Precision: 0.58, Recall: 0.70, F1: 0.63, AUC: 0.63
Epoch [63/100] [TRAIN] Loss: 0.6652, Accuracy: 64.30%, AUC: 0.64 [VAL] Loss: 0.6677, Accuracy: 61.90%, Precision: 0.57, Recall: 0.70, F1: 0.63, AUC: 0.62
Epoch [64/100] [TRAIN] Loss: 0.6671, Accuracy: 64.14%, AUC: 0.64 [VAL] Loss: 0.6676, Accuracy: 62.00%, Precision: 0.58, Recall: 0.70, F1: 0.63, AUC: 0.63
Epoch [65/100] [TRAIN] Loss: 0.6662, Accuracy: 64.41%, AUC: 0.64 [VAL] Loss: 0.6674, Accuracy: 62.10%, Precision: 0.58, Recall: 0.70, F1: 0.63, AUC: 0.63
Epoch [66/100] [TRAIN] Loss: 0.6652, Accuracy: 64.28%, AUC: 0.64 [VAL] Loss: 0.6672, Accuracy: 62.00%, Precision: 0.58, Recall: 0.69, F1: 0.63, AUC: 0.62
Epoch [67/100] [TRAIN] Loss: 0.6662, Accuracy: 64.42%, AUC: 0.65 [VAL] Loss: 0.6672, Accuracy: 62.10%, Precision: 0.58, Recall: 0.70, F1: 0.63, AUC: 0.63
Epoch [68/100] [TRAIN] Loss: 0.6660, Accuracy: 63.86%, AUC: 0.64 [VAL] Loss: 0.6671, Accuracy: 62.10%, Precision: 0.58, Recall: 0.70, F1: 0.63, AUC: 0.63
Epoch [69/100] [TRAIN] Loss: 0.6634, Accuracy: 64.21%, AUC: 0.64 [VAL] Loss: 0.6669, Accuracy: 62.00%, Precision: 0.58, Recall: 0.70, F1: 0.63, AUC: 0.63
Epoch [70/100] [TRAIN] Loss: 0.6634, Accuracy: 64.86%, AUC: 0.65 [VAL] Loss: 0.6668, Accuracy: 62.00%, Precision: 0.58, Recall: 0.70, F1: 0.63, AUC: 0.63
Epoch [71/100] [TRAIN] Loss: 0.6644, Accuracy: 64.33%, AUC: 0.64 [VAL] Loss: 0.6668, Accuracy: 61.90%, Precision: 0.57, Recall: 0.70, F1: 0.63, AUC: 0.62
Epoch [72/100] [TRAIN] Loss: 0.6656, Accuracy: 64.59%, AUC: 0.65 [VAL] Loss: 0.6668, Accuracy: 61.90%, Precision: 0.57, Recall: 0.70, F1: 0.63, AUC: 0.62
Epoch [73/100] [TRAIN] Loss: 0.6636, Accuracy: 64.65%, AUC: 0.65 [VAL] Loss: 0.6667, Accuracy: 62.00%, Precision: 0.58, Recall: 0.70, F1: 0.63, AUC: 0.63
Epoch [74/100] [TRAIN] Loss: 0.6649, Accuracy: 63.99%, AUC: 0.64 [VAL] Loss: 0.6666, Accuracy: 62.00%, Precision: 0.58, Recall: 0.70, F1: 0.63, AUC: 0.63
Epoch [75/100] [TRAIN] Loss: 0.6627, Accuracy: 64.11%, AUC: 0.64 [VAL] Loss: 0.6665, Accuracy: 61.90%, Precision: 0.57, Recall: 0.70, F1: 0.63, AUC: 0.62
Epoch [76/100] [TRAIN] Loss: 0.6648, Accuracy: 64.60%, AUC: 0.65 [VAL] Loss: 0.6665, Accuracy: 61.90%, Precision: 0.57, Recall: 0.70, F1: 0.63, AUC: 0.62
Epoch [77/100] [TRAIN] Loss: 0.6661, Accuracy: 64.15%, AUC: 0.64 [VAL] Loss: 0.6666, Accuracy: 62.00%, Precision: 0.58, Recall: 0.70, F1: 0.63, AUC: 0.63
Epoch [78/100] [TRAIN] Loss: 0.6644, Accuracy: 63.91%, AUC: 0.64 [VAL] Loss: 0.6665, Accuracy: 62.00%, Precision: 0.58, Recall: 0.70, F1: 0.63, AUC: 0.63
Epoch [79/100] [TRAIN] Loss: 0.6637, Accuracy: 64.84%, AUC: 0.65 [VAL] Loss: 0.6664, Accuracy: 62.10%, Precision: 0.58, Recall: 0.70, F1: 0.63, AUC: 0.63
Epoch [80/100] [TRAIN] Loss: 0.6643, Accuracy: 64.25%, AUC: 0.64 [VAL] Loss: 0.6664, Accuracy: 62.10%, Precision: 0.58, Recall: 0.70, F1: 0.63, AUC: 0.63
Epoch [81/100] [TRAIN] Loss: 0.6636, Accuracy: 64.06%, AUC: 0.64 [VAL] Loss: 0.6662, Accuracy: 62.00%, Precision: 0.58, Recall: 0.70, F1: 0.63, AUC: 0.63
Epoch [82/100] [TRAIN] Loss: 0.6621, Accuracy: 64.19%, AUC: 0.64 [VAL] Loss: 0.6662, Accuracy: 62.10%, Precision: 0.58, Recall: 0.70, F1: 0.63, AUC: 0.63
Epoch [83/100] [TRAIN] Loss: 0.6639, Accuracy: 64.40%, AUC: 0.64 [VAL] Loss: 0.6661, Accuracy: 62.00%, Precision: 0.58, Recall: 0.70, F1: 0.63, AUC: 0.63
Epoch [84/100] [TRAIN] Loss: 0.6635, Accuracy: 64.79%, AUC: 0.65 [VAL] Loss: 0.6660, Accuracy: 62.10%, Precision: 0.58, Recall: 0.70, F1: 0.63, AUC: 0.63
Epoch [85/100] [TRAIN] Loss: 0.6631, Accuracy: 64.03%, AUC: 0.64 [VAL] Loss: 0.6660, Accuracy: 62.10%, Precision: 0.58, Recall: 0.70, F1: 0.63, AUC: 0.63
Epoch [86/100] [TRAIN] Loss: 0.6625, Accuracy: 64.19%, AUC: 0.64 [VAL] Loss: 0.6659, Accuracy: 62.00%, Precision: 0.57, Recall: 0.70, F1: 0.63, AUC: 0.63
Epoch [87/100] [TRAIN] Loss: 0.6609, Accuracy: 65.01%, AUC: 0.65 [VAL] Loss: 0.6659, Accuracy: 62.00%, Precision: 0.57, Recall: 0.70, F1: 0.63, AUC: 0.63
Epoch [88/100] [TRAIN] Loss: 0.6612, Accuracy: 64.62%, AUC: 0.65 [VAL] Loss: 0.6657, Accuracy: 62.10%, Precision: 0.58, Recall: 0.70, F1: 0.63, AUC: 0.63
Epoch [89/100] [TRAIN] Loss: 0.6625, Accuracy: 64.83%, AUC: 0.65 [VAL] Loss: 0.6655, Accuracy: 62.10%, Precision: 0.58, Recall: 0.70, F1: 0.63, AUC: 0.63
Epoch [90/100] [TRAIN] Loss: 0.6620, Accuracy: 64.14%, AUC: 0.64 [VAL] Loss: 0.6656, Accuracy: 62.10%, Precision: 0.58, Recall: 0.70, F1: 0.63, AUC: 0.63
Epoch [91/100] [TRAIN] Loss: 0.6613, Accuracy: 64.45%, AUC: 0.65 [VAL] Loss: 0.6655, Accuracy: 62.10%, Precision: 0.58, Recall: 0.70, F1: 0.63, AUC: 0.63
Epoch [92/100] [TRAIN] Loss: 0.6608, Accuracy: 64.38%, AUC: 0.64 [VAL] Loss: 0.6654, Accuracy: 62.10%, Precision: 0.58, Recall: 0.70, F1: 0.63, AUC: 0.63
Epoch [93/100] [TRAIN] Loss: 0.6607, Accuracy: 64.40%, AUC: 0.65 [VAL] Loss: 0.6653, Accuracy: 62.10%, Precision: 0.58, Recall: 0.70, F1: 0.63, AUC: 0.63
Epoch [94/100] [TRAIN] Loss: 0.6627, Accuracy: 64.31%, AUC: 0.64 [VAL] Loss: 0.6653, Accuracy: 62.00%, Precision: 0.57, Recall: 0.70, F1: 0.63, AUC: 0.63
Epoch [95/100] [TRAIN] Loss: 0.6587, Accuracy: 65.06%, AUC: 0.65 [VAL] Loss: 0.6652, Accuracy: 62.00%, Precision: 0.57, Recall: 0.70, F1: 0.63, AUC: 0.63
Epoch [96/100] [TRAIN] Loss: 0.6607, Accuracy: 64.65%, AUC: 0.65 [VAL] Loss: 0.6651, Accuracy: 62.00%, Precision: 0.57, Recall: 0.70, F1: 0.63, AUC: 0.63
Epoch [97/100] [TRAIN] Loss: 0.6617, Accuracy: 64.62%, AUC: 0.65 [VAL] Loss: 0.6651, Accuracy: 62.00%, Precision: 0.57, Recall: 0.70, F1: 0.63, AUC: 0.63
Epoch [98/100] [TRAIN] Loss: 0.6620, Accuracy: 64.86%, AUC: 0.65 [VAL] Loss: 0.6651, Accuracy: 62.00%, Precision: 0.57, Recall: 0.70, F1: 0.63, AUC: 0.63
Epoch [99/100] [TRAIN] Loss: 0.6605, Accuracy: 64.24%, AUC: 0.64 [VAL] Loss: 0.6650, Accuracy: 62.00%, Precision: 0.57, Recall: 0.70, F1: 0.63, AUC: 0.63
Epoch [100/100] [TRAIN] Loss: 0.6595, Accuracy: 64.30%, AUC: 0.64 [VAL] Loss: 0.6649, Accuracy: 61.80%, Precision: 0.57, Recall: 0.70, F1: 0.63, AUC: 0.62
  Antisymmetry score:      0.8800
  Total violations:        120 / 1000
  Pairs near boundary:     461 (46.1%)
  Avg |prob-0.5| at violation: 0.0000  (near 0 = boundary issue, larger = real failure)
Seed: 789
Accuracy:  64.90 %
AUC:       0.6533
Precision: 0.6075
Recall:    0.7463
F1-Score:  0.6698

Antisymmetry score:  0.8800  (1.0 = perfect, ~0.5 = random)

Detailed Classification Report:
              precision    recall  f1-score   support

           0       0.71      0.56      0.63       523
           1       0.61      0.75      0.67       477

    accuracy                           0.65      1000
   macro avg       0.66      0.65      0.65      1000
weighted avg       0.66      0.65      0.65      1000


Confusion Matrix:
[[293 230]
 [121 356]]


014-H3K27ac-H3K27me3
Train label distribution:
  Label 0:   4257 (53.2%)
  Label 1:   3743 (46.8%)
Val label distribution:
  Label 0:    535 (53.5%)
  Label 1:    465 (46.5%)
Test label distribution:
  Label 0:    523 (52.3%)
  Label 1:    477 (47.7%)
Epoch [1/100] [TRAIN] Loss: 0.6963, Accuracy: 61.05%, AUC: 0.61 [VAL] Loss: 0.6813, Accuracy: 66.20%, Precision: 0.63, Recall: 0.68, F1: 0.65, AUC: 0.66
Epoch [2/100] [TRAIN] Loss: 0.6736, Accuracy: 66.11%, AUC: 0.66 [VAL] Loss: 0.6726, Accuracy: 65.40%, Precision: 0.62, Recall: 0.68, F1: 0.65, AUC: 0.66
Epoch [3/100] [TRAIN] Loss: 0.6630, Accuracy: 67.85%, AUC: 0.68 [VAL] Loss: 0.6679, Accuracy: 64.50%, Precision: 0.61, Recall: 0.67, F1: 0.64, AUC: 0.65
Epoch [4/100] [TRAIN] Loss: 0.6614, Accuracy: 67.70%, AUC: 0.68 [VAL] Loss: 0.6641, Accuracy: 65.00%, Precision: 0.61, Recall: 0.68, F1: 0.64, AUC: 0.65
Epoch [5/100] [TRAIN] Loss: 0.6553, Accuracy: 68.04%, AUC: 0.68 [VAL] Loss: 0.6615, Accuracy: 64.80%, Precision: 0.61, Recall: 0.68, F1: 0.64, AUC: 0.65
Epoch [6/100] [TRAIN] Loss: 0.6496, Accuracy: 69.03%, AUC: 0.69 [VAL] Loss: 0.6595, Accuracy: 64.70%, Precision: 0.61, Recall: 0.67, F1: 0.64, AUC: 0.65
Epoch [7/100] [TRAIN] Loss: 0.6525, Accuracy: 68.42%, AUC: 0.69 [VAL] Loss: 0.6580, Accuracy: 64.70%, Precision: 0.61, Recall: 0.68, F1: 0.64, AUC: 0.65
Epoch [8/100] [TRAIN] Loss: 0.6488, Accuracy: 68.29%, AUC: 0.68 [VAL] Loss: 0.6570, Accuracy: 64.60%, Precision: 0.61, Recall: 0.67, F1: 0.64, AUC: 0.65
Epoch [9/100] [TRAIN] Loss: 0.6479, Accuracy: 68.26%, AUC: 0.68 [VAL] Loss: 0.6556, Accuracy: 64.50%, Precision: 0.61, Recall: 0.67, F1: 0.64, AUC: 0.65
Epoch [10/100] [TRAIN] Loss: 0.6449, Accuracy: 68.72%, AUC: 0.69 [VAL] Loss: 0.6544, Accuracy: 64.70%, Precision: 0.61, Recall: 0.67, F1: 0.64, AUC: 0.65
Epoch [11/100] [TRAIN] Loss: 0.6458, Accuracy: 68.69%, AUC: 0.69 [VAL] Loss: 0.6534, Accuracy: 64.50%, Precision: 0.61, Recall: 0.67, F1: 0.64, AUC: 0.65
Epoch [12/100] [TRAIN] Loss: 0.6416, Accuracy: 68.10%, AUC: 0.68 [VAL] Loss: 0.6524, Accuracy: 64.50%, Precision: 0.61, Recall: 0.67, F1: 0.64, AUC: 0.65
Epoch [13/100] [TRAIN] Loss: 0.6440, Accuracy: 68.24%, AUC: 0.68 [VAL] Loss: 0.6513, Accuracy: 64.70%, Precision: 0.61, Recall: 0.67, F1: 0.64, AUC: 0.65
Epoch [14/100] [TRAIN] Loss: 0.6416, Accuracy: 68.14%, AUC: 0.68 [VAL] Loss: 0.6506, Accuracy: 64.70%, Precision: 0.61, Recall: 0.68, F1: 0.64, AUC: 0.65
Epoch [15/100] [TRAIN] Loss: 0.6422, Accuracy: 69.03%, AUC: 0.69 [VAL] Loss: 0.6503, Accuracy: 64.60%, Precision: 0.61, Recall: 0.68, F1: 0.64, AUC: 0.65
Epoch [16/100] [TRAIN] Loss: 0.6406, Accuracy: 68.76%, AUC: 0.69 [VAL] Loss: 0.6498, Accuracy: 64.80%, Precision: 0.61, Recall: 0.68, F1: 0.64, AUC: 0.65
Epoch [17/100] [TRAIN] Loss: 0.6361, Accuracy: 68.91%, AUC: 0.69 [VAL] Loss: 0.6491, Accuracy: 64.60%, Precision: 0.61, Recall: 0.68, F1: 0.64, AUC: 0.65
Epoch [18/100] [TRAIN] Loss: 0.6399, Accuracy: 68.45%, AUC: 0.68 [VAL] Loss: 0.6487, Accuracy: 64.60%, Precision: 0.61, Recall: 0.68, F1: 0.64, AUC: 0.65
Epoch [19/100] [TRAIN] Loss: 0.6383, Accuracy: 68.79%, AUC: 0.69 [VAL] Loss: 0.6479, Accuracy: 64.70%, Precision: 0.61, Recall: 0.68, F1: 0.64, AUC: 0.65
Epoch [20/100] [TRAIN] Loss: 0.6376, Accuracy: 68.86%, AUC: 0.69 [VAL] Loss: 0.6475, Accuracy: 64.70%, Precision: 0.61, Recall: 0.68, F1: 0.64, AUC: 0.65
Epoch [21/100] [TRAIN] Loss: 0.6390, Accuracy: 68.45%, AUC: 0.69 [VAL] Loss: 0.6473, Accuracy: 64.70%, Precision: 0.61, Recall: 0.68, F1: 0.64, AUC: 0.65
Epoch [22/100] [TRAIN] Loss: 0.6385, Accuracy: 68.89%, AUC: 0.69 [VAL] Loss: 0.6469, Accuracy: 64.90%, Precision: 0.61, Recall: 0.68, F1: 0.64, AUC: 0.65
Epoch [23/100] [TRAIN] Loss: 0.6372, Accuracy: 68.65%, AUC: 0.69 [VAL] Loss: 0.6467, Accuracy: 64.80%, Precision: 0.61, Recall: 0.68, F1: 0.64, AUC: 0.65
Epoch [24/100] [TRAIN] Loss: 0.6340, Accuracy: 68.58%, AUC: 0.69 [VAL] Loss: 0.6466, Accuracy: 64.70%, Precision: 0.61, Recall: 0.68, F1: 0.64, AUC: 0.65
Epoch [25/100] [TRAIN] Loss: 0.6330, Accuracy: 69.05%, AUC: 0.69 [VAL] Loss: 0.6460, Accuracy: 64.70%, Precision: 0.61, Recall: 0.68, F1: 0.64, AUC: 0.65
Epoch [26/100] [TRAIN] Loss: 0.6354, Accuracy: 68.79%, AUC: 0.69 [VAL] Loss: 0.6456, Accuracy: 64.70%, Precision: 0.61, Recall: 0.68, F1: 0.64, AUC: 0.65
Epoch [27/100] [TRAIN] Loss: 0.6345, Accuracy: 68.64%, AUC: 0.69 [VAL] Loss: 0.6453, Accuracy: 64.70%, Precision: 0.61, Recall: 0.68, F1: 0.64, AUC: 0.65
Epoch [28/100] [TRAIN] Loss: 0.6305, Accuracy: 68.92%, AUC: 0.69 [VAL] Loss: 0.6451, Accuracy: 64.90%, Precision: 0.61, Recall: 0.68, F1: 0.64, AUC: 0.65
Epoch [29/100] [TRAIN] Loss: 0.6302, Accuracy: 69.22%, AUC: 0.69 [VAL] Loss: 0.6446, Accuracy: 64.80%, Precision: 0.61, Recall: 0.68, F1: 0.64, AUC: 0.65
Epoch [30/100] [TRAIN] Loss: 0.6307, Accuracy: 68.38%, AUC: 0.68 [VAL] Loss: 0.6440, Accuracy: 64.70%, Precision: 0.61, Recall: 0.68, F1: 0.64, AUC: 0.65
Epoch [31/100] [TRAIN] Loss: 0.6326, Accuracy: 68.78%, AUC: 0.69 [VAL] Loss: 0.6435, Accuracy: 64.90%, Precision: 0.61, Recall: 0.68, F1: 0.64, AUC: 0.65
Epoch [32/100] [TRAIN] Loss: 0.6262, Accuracy: 68.79%, AUC: 0.69 [VAL] Loss: 0.6435, Accuracy: 64.90%, Precision: 0.61, Recall: 0.68, F1: 0.64, AUC: 0.65
Epoch [33/100] [TRAIN] Loss: 0.6301, Accuracy: 69.19%, AUC: 0.69 [VAL] Loss: 0.6431, Accuracy: 64.80%, Precision: 0.61, Recall: 0.68, F1: 0.64, AUC: 0.65
Epoch [34/100] [TRAIN] Loss: 0.6314, Accuracy: 68.71%, AUC: 0.69 [VAL] Loss: 0.6431, Accuracy: 65.00%, Precision: 0.61, Recall: 0.68, F1: 0.64, AUC: 0.65
Epoch [35/100] [TRAIN] Loss: 0.6251, Accuracy: 68.88%, AUC: 0.69 [VAL] Loss: 0.6429, Accuracy: 65.20%, Precision: 0.61, Recall: 0.68, F1: 0.64, AUC: 0.65
Epoch [36/100] [TRAIN] Loss: 0.6265, Accuracy: 69.11%, AUC: 0.69 [VAL] Loss: 0.6426, Accuracy: 65.10%, Precision: 0.61, Recall: 0.68, F1: 0.64, AUC: 0.65
Epoch [37/100] [TRAIN] Loss: 0.6270, Accuracy: 68.90%, AUC: 0.69 [VAL] Loss: 0.6421, Accuracy: 64.90%, Precision: 0.61, Recall: 0.67, F1: 0.64, AUC: 0.65
Epoch [38/100] [TRAIN] Loss: 0.6296, Accuracy: 68.95%, AUC: 0.69 [VAL] Loss: 0.6414, Accuracy: 64.60%, Precision: 0.61, Recall: 0.67, F1: 0.64, AUC: 0.65
Epoch [39/100] [TRAIN] Loss: 0.6263, Accuracy: 68.75%, AUC: 0.69 [VAL] Loss: 0.6412, Accuracy: 64.70%, Precision: 0.61, Recall: 0.67, F1: 0.64, AUC: 0.65
Epoch [40/100] [TRAIN] Loss: 0.6284, Accuracy: 68.75%, AUC: 0.69 [VAL] Loss: 0.6409, Accuracy: 64.60%, Precision: 0.61, Recall: 0.67, F1: 0.64, AUC: 0.65
Epoch [41/100] [TRAIN] Loss: 0.6290, Accuracy: 68.53%, AUC: 0.69 [VAL] Loss: 0.6407, Accuracy: 64.50%, Precision: 0.61, Recall: 0.67, F1: 0.64, AUC: 0.65
Epoch [42/100] [TRAIN] Loss: 0.6278, Accuracy: 68.64%, AUC: 0.69 [VAL] Loss: 0.6401, Accuracy: 64.50%, Precision: 0.61, Recall: 0.67, F1: 0.64, AUC: 0.65
Epoch [43/100] [TRAIN] Loss: 0.6263, Accuracy: 68.84%, AUC: 0.69 [VAL] Loss: 0.6399, Accuracy: 64.70%, Precision: 0.61, Recall: 0.67, F1: 0.64, AUC: 0.65
Epoch [44/100] [TRAIN] Loss: 0.6260, Accuracy: 68.67%, AUC: 0.69 [VAL] Loss: 0.6394, Accuracy: 64.50%, Precision: 0.61, Recall: 0.67, F1: 0.64, AUC: 0.65
Epoch [45/100] [TRAIN] Loss: 0.6250, Accuracy: 69.21%, AUC: 0.69 [VAL] Loss: 0.6391, Accuracy: 64.70%, Precision: 0.61, Recall: 0.67, F1: 0.64, AUC: 0.65
Epoch [46/100] [TRAIN] Loss: 0.6248, Accuracy: 69.11%, AUC: 0.69 [VAL] Loss: 0.6389, Accuracy: 64.50%, Precision: 0.61, Recall: 0.67, F1: 0.64, AUC: 0.65
Epoch [47/100] [TRAIN] Loss: 0.6252, Accuracy: 69.34%, AUC: 0.69 [VAL] Loss: 0.6387, Accuracy: 64.40%, Precision: 0.61, Recall: 0.67, F1: 0.64, AUC: 0.65
Epoch [48/100] [TRAIN] Loss: 0.6251, Accuracy: 69.04%, AUC: 0.69 [VAL] Loss: 0.6385, Accuracy: 64.50%, Precision: 0.61, Recall: 0.67, F1: 0.64, AUC: 0.65
Epoch [49/100] [TRAIN] Loss: 0.6250, Accuracy: 68.64%, AUC: 0.69 [VAL] Loss: 0.6384, Accuracy: 64.70%, Precision: 0.61, Recall: 0.67, F1: 0.64, AUC: 0.65
Epoch [50/100] [TRAIN] Loss: 0.6263, Accuracy: 68.76%, AUC: 0.69 [VAL] Loss: 0.6380, Accuracy: 64.80%, Precision: 0.61, Recall: 0.67, F1: 0.64, AUC: 0.65
Epoch [51/100] [TRAIN] Loss: 0.6261, Accuracy: 68.51%, AUC: 0.69 [VAL] Loss: 0.6377, Accuracy: 64.80%, Precision: 0.61, Recall: 0.67, F1: 0.64, AUC: 0.65
Epoch [52/100] [TRAIN] Loss: 0.6237, Accuracy: 68.89%, AUC: 0.69 [VAL] Loss: 0.6375, Accuracy: 64.90%, Precision: 0.61, Recall: 0.67, F1: 0.64, AUC: 0.65
Epoch [53/100] [TRAIN] Loss: 0.6242, Accuracy: 68.92%, AUC: 0.69 [VAL] Loss: 0.6367, Accuracy: 64.70%, Precision: 0.61, Recall: 0.67, F1: 0.64, AUC: 0.65
Epoch [54/100] [TRAIN] Loss: 0.6261, Accuracy: 68.50%, AUC: 0.69 [VAL] Loss: 0.6365, Accuracy: 64.80%, Precision: 0.61, Recall: 0.67, F1: 0.64, AUC: 0.65
Epoch [55/100] [TRAIN] Loss: 0.6219, Accuracy: 68.88%, AUC: 0.69 [VAL] Loss: 0.6361, Accuracy: 64.90%, Precision: 0.61, Recall: 0.67, F1: 0.64, AUC: 0.65
Epoch [56/100] [TRAIN] Loss: 0.6214, Accuracy: 69.30%, AUC: 0.69 [VAL] Loss: 0.6357, Accuracy: 65.10%, Precision: 0.61, Recall: 0.67, F1: 0.64, AUC: 0.65
Epoch [57/100] [TRAIN] Loss: 0.6222, Accuracy: 68.50%, AUC: 0.69 [VAL] Loss: 0.6358, Accuracy: 65.00%, Precision: 0.61, Recall: 0.67, F1: 0.64, AUC: 0.65
Epoch [58/100] [TRAIN] Loss: 0.6222, Accuracy: 69.34%, AUC: 0.69 [VAL] Loss: 0.6353, Accuracy: 65.20%, Precision: 0.62, Recall: 0.67, F1: 0.64, AUC: 0.65
Epoch [59/100] [TRAIN] Loss: 0.6212, Accuracy: 69.25%, AUC: 0.69 [VAL] Loss: 0.6351, Accuracy: 65.20%, Precision: 0.62, Recall: 0.67, F1: 0.64, AUC: 0.65
Epoch [60/100] [TRAIN] Loss: 0.6196, Accuracy: 69.16%, AUC: 0.69 [VAL] Loss: 0.6345, Accuracy: 65.20%, Precision: 0.62, Recall: 0.67, F1: 0.64, AUC: 0.65
Epoch [61/100] [TRAIN] Loss: 0.6185, Accuracy: 68.94%, AUC: 0.69 [VAL] Loss: 0.6344, Accuracy: 65.30%, Precision: 0.62, Recall: 0.67, F1: 0.64, AUC: 0.65
Epoch [62/100] [TRAIN] Loss: 0.6223, Accuracy: 68.99%, AUC: 0.69 [VAL] Loss: 0.6338, Accuracy: 65.30%, Precision: 0.62, Recall: 0.67, F1: 0.64, AUC: 0.65
Epoch [63/100] [TRAIN] Loss: 0.6215, Accuracy: 69.19%, AUC: 0.69 [VAL] Loss: 0.6336, Accuracy: 65.30%, Precision: 0.62, Recall: 0.67, F1: 0.64, AUC: 0.65
Epoch [64/100] [TRAIN] Loss: 0.6188, Accuracy: 69.36%, AUC: 0.69 [VAL] Loss: 0.6334, Accuracy: 65.20%, Precision: 0.62, Recall: 0.67, F1: 0.64, AUC: 0.65
Epoch [65/100] [TRAIN] Loss: 0.6184, Accuracy: 69.35%, AUC: 0.69 [VAL] Loss: 0.6333, Accuracy: 65.30%, Precision: 0.62, Recall: 0.67, F1: 0.64, AUC: 0.65
Epoch [66/100] [TRAIN] Loss: 0.6174, Accuracy: 69.71%, AUC: 0.70 [VAL] Loss: 0.6330, Accuracy: 65.30%, Precision: 0.62, Recall: 0.67, F1: 0.64, AUC: 0.65
Epoch [67/100] [TRAIN] Loss: 0.6188, Accuracy: 68.74%, AUC: 0.69 [VAL] Loss: 0.6330, Accuracy: 65.30%, Precision: 0.62, Recall: 0.67, F1: 0.64, AUC: 0.65
Epoch [68/100] [TRAIN] Loss: 0.6187, Accuracy: 69.08%, AUC: 0.69 [VAL] Loss: 0.6327, Accuracy: 65.40%, Precision: 0.62, Recall: 0.67, F1: 0.64, AUC: 0.66
Epoch [69/100] [TRAIN] Loss: 0.6176, Accuracy: 69.10%, AUC: 0.69 [VAL] Loss: 0.6325, Accuracy: 65.60%, Precision: 0.62, Recall: 0.67, F1: 0.64, AUC: 0.66
Epoch [70/100] [TRAIN] Loss: 0.6207, Accuracy: 68.80%, AUC: 0.69 [VAL] Loss: 0.6320, Accuracy: 65.60%, Precision: 0.62, Recall: 0.67, F1: 0.64, AUC: 0.66
Epoch [71/100] [TRAIN] Loss: 0.6169, Accuracy: 68.94%, AUC: 0.69 [VAL] Loss: 0.6318, Accuracy: 65.70%, Precision: 0.62, Recall: 0.67, F1: 0.65, AUC: 0.66
Epoch [72/100] [TRAIN] Loss: 0.6170, Accuracy: 69.50%, AUC: 0.70 [VAL] Loss: 0.6318, Accuracy: 65.50%, Precision: 0.62, Recall: 0.67, F1: 0.64, AUC: 0.66
Epoch [73/100] [TRAIN] Loss: 0.6187, Accuracy: 68.70%, AUC: 0.69 [VAL] Loss: 0.6316, Accuracy: 65.20%, Precision: 0.62, Recall: 0.67, F1: 0.64, AUC: 0.65
Epoch [74/100] [TRAIN] Loss: 0.6159, Accuracy: 69.26%, AUC: 0.69 [VAL] Loss: 0.6313, Accuracy: 65.30%, Precision: 0.62, Recall: 0.67, F1: 0.64, AUC: 0.65
Epoch [75/100] [TRAIN] Loss: 0.6163, Accuracy: 69.10%, AUC: 0.69 [VAL] Loss: 0.6310, Accuracy: 65.20%, Precision: 0.62, Recall: 0.67, F1: 0.64, AUC: 0.65
Epoch [76/100] [TRAIN] Loss: 0.6147, Accuracy: 69.28%, AUC: 0.69 [VAL] Loss: 0.6305, Accuracy: 65.40%, Precision: 0.62, Recall: 0.67, F1: 0.64, AUC: 0.65
Epoch [77/100] [TRAIN] Loss: 0.6172, Accuracy: 69.41%, AUC: 0.69 [VAL] Loss: 0.6301, Accuracy: 65.70%, Precision: 0.62, Recall: 0.67, F1: 0.65, AUC: 0.66
Epoch [78/100] [TRAIN] Loss: 0.6144, Accuracy: 69.36%, AUC: 0.69 [VAL] Loss: 0.6299, Accuracy: 65.40%, Precision: 0.62, Recall: 0.67, F1: 0.64, AUC: 0.65
Epoch [79/100] [TRAIN] Loss: 0.6169, Accuracy: 68.96%, AUC: 0.69 [VAL] Loss: 0.6299, Accuracy: 65.30%, Precision: 0.62, Recall: 0.67, F1: 0.64, AUC: 0.65
Epoch [80/100] [TRAIN] Loss: 0.6153, Accuracy: 69.24%, AUC: 0.69 [VAL] Loss: 0.6295, Accuracy: 65.30%, Precision: 0.62, Recall: 0.67, F1: 0.64, AUC: 0.65
Epoch [81/100] [TRAIN] Loss: 0.6142, Accuracy: 69.61%, AUC: 0.70 [VAL] Loss: 0.6292, Accuracy: 65.40%, Precision: 0.62, Recall: 0.67, F1: 0.64, AUC: 0.65
Epoch [82/100] [TRAIN] Loss: 0.6125, Accuracy: 69.64%, AUC: 0.70 [VAL] Loss: 0.6291, Accuracy: 65.20%, Precision: 0.62, Recall: 0.67, F1: 0.64, AUC: 0.65
Epoch [83/100] [TRAIN] Loss: 0.6136, Accuracy: 69.22%, AUC: 0.69 [VAL] Loss: 0.6290, Accuracy: 65.10%, Precision: 0.61, Recall: 0.67, F1: 0.64, AUC: 0.65
Epoch [84/100] [TRAIN] Loss: 0.6169, Accuracy: 69.09%, AUC: 0.69 [VAL] Loss: 0.6286, Accuracy: 65.10%, Precision: 0.61, Recall: 0.67, F1: 0.64, AUC: 0.65
Epoch [85/100] [TRAIN] Loss: 0.6127, Accuracy: 68.76%, AUC: 0.69 [VAL] Loss: 0.6280, Accuracy: 65.40%, Precision: 0.62, Recall: 0.67, F1: 0.64, AUC: 0.65
Epoch [86/100] [TRAIN] Loss: 0.6128, Accuracy: 69.29%, AUC: 0.69 [VAL] Loss: 0.6278, Accuracy: 65.30%, Precision: 0.62, Recall: 0.67, F1: 0.64, AUC: 0.65
Epoch [87/100] [TRAIN] Loss: 0.6121, Accuracy: 69.42%, AUC: 0.69 [VAL] Loss: 0.6275, Accuracy: 65.40%, Precision: 0.62, Recall: 0.67, F1: 0.64, AUC: 0.65
Epoch [88/100] [TRAIN] Loss: 0.6139, Accuracy: 68.64%, AUC: 0.69 [VAL] Loss: 0.6269, Accuracy: 65.60%, Precision: 0.62, Recall: 0.67, F1: 0.64, AUC: 0.66
Epoch [89/100] [TRAIN] Loss: 0.6143, Accuracy: 68.89%, AUC: 0.69 [VAL] Loss: 0.6265, Accuracy: 65.60%, Precision: 0.62, Recall: 0.67, F1: 0.64, AUC: 0.66
Epoch [90/100] [TRAIN] Loss: 0.6112, Accuracy: 69.46%, AUC: 0.70 [VAL] Loss: 0.6261, Accuracy: 65.60%, Precision: 0.62, Recall: 0.67, F1: 0.64, AUC: 0.66
Epoch [91/100] [TRAIN] Loss: 0.6111, Accuracy: 69.28%, AUC: 0.69 [VAL] Loss: 0.6257, Accuracy: 65.60%, Precision: 0.62, Recall: 0.67, F1: 0.64, AUC: 0.66
Epoch [92/100] [TRAIN] Loss: 0.6095, Accuracy: 69.15%, AUC: 0.69 [VAL] Loss: 0.6257, Accuracy: 65.60%, Precision: 0.62, Recall: 0.67, F1: 0.64, AUC: 0.66
Epoch [93/100] [TRAIN] Loss: 0.6124, Accuracy: 69.22%, AUC: 0.69 [VAL] Loss: 0.6254, Accuracy: 65.60%, Precision: 0.62, Recall: 0.67, F1: 0.64, AUC: 0.66
Epoch [94/100] [TRAIN] Loss: 0.6112, Accuracy: 69.22%, AUC: 0.69 [VAL] Loss: 0.6249, Accuracy: 65.50%, Precision: 0.62, Recall: 0.67, F1: 0.64, AUC: 0.66
Epoch [95/100] [TRAIN] Loss: 0.6104, Accuracy: 69.15%, AUC: 0.69 [VAL] Loss: 0.6248, Accuracy: 65.50%, Precision: 0.62, Recall: 0.67, F1: 0.64, AUC: 0.66
Epoch [96/100] [TRAIN] Loss: 0.6111, Accuracy: 68.83%, AUC: 0.69 [VAL] Loss: 0.6244, Accuracy: 65.60%, Precision: 0.62, Recall: 0.67, F1: 0.64, AUC: 0.66
Epoch [97/100] [TRAIN] Loss: 0.6103, Accuracy: 69.58%, AUC: 0.70 [VAL] Loss: 0.6240, Accuracy: 65.50%, Precision: 0.62, Recall: 0.67, F1: 0.64, AUC: 0.66
Epoch [98/100] [TRAIN] Loss: 0.6138, Accuracy: 69.01%, AUC: 0.69 [VAL] Loss: 0.6239, Accuracy: 65.40%, Precision: 0.62, Recall: 0.67, F1: 0.64, AUC: 0.66
Epoch [99/100] [TRAIN] Loss: 0.6093, Accuracy: 69.55%, AUC: 0.70 [VAL] Loss: 0.6237, Accuracy: 65.40%, Precision: 0.62, Recall: 0.67, F1: 0.64, AUC: 0.65
Epoch [100/100] [TRAIN] Loss: 0.6082, Accuracy: 69.41%, AUC: 0.69 [VAL] Loss: 0.6236, Accuracy: 65.50%, Precision: 0.62, Recall: 0.66, F1: 0.64, AUC: 0.66
  Antisymmetry score:      0.9680
  Total violations:        32 / 1000
  Pairs near boundary:     362 (36.2%)
  Avg |prob-0.5| at violation: 0.0000  (near 0 = boundary issue, larger = real failure)
Seed: 789
Accuracy:  68.20 %
AUC:       0.6843
Precision: 0.6470
Recall:    0.7338
F1-Score:  0.6876

Antisymmetry score:  0.9680  (1.0 = perfect, ~0.5 = random)

Detailed Classification Report:
              precision    recall  f1-score   support

           0       0.72      0.63      0.68       523
           1       0.65      0.73      0.69       477

    accuracy                           0.68      1000
   macro avg       0.69      0.68      0.68      1000
weighted avg       0.69      0.68      0.68      1000


Confusion Matrix:
[[332 191]
 [127 350]]


015-H3K4me3-H3K9ac-H3K9me3
Train label distribution:
  Label 0:   4257 (53.2%)
  Label 1:   3743 (46.8%)
Val label distribution:
  Label 0:    535 (53.5%)
  Label 1:    465 (46.5%)
Test label distribution:
  Label 0:    523 (52.3%)
  Label 1:    477 (47.7%)
Epoch [1/100] [TRAIN] Loss: 0.6893, Accuracy: 64.16%, AUC: 0.64 [VAL] Loss: 0.6523, Accuracy: 64.70%, Precision: 0.61, Recall: 0.69, F1: 0.65, AUC: 0.65
Epoch [2/100] [TRAIN] Loss: 0.6532, Accuracy: 67.55%, AUC: 0.68 [VAL] Loss: 0.6530, Accuracy: 65.10%, Precision: 0.61, Recall: 0.70, F1: 0.65, AUC: 0.65
Epoch [3/100] [TRAIN] Loss: 0.6462, Accuracy: 67.65%, AUC: 0.68 [VAL] Loss: 0.6524, Accuracy: 65.00%, Precision: 0.61, Recall: 0.69, F1: 0.65, AUC: 0.65
Epoch [4/100] [TRAIN] Loss: 0.6407, Accuracy: 68.60%, AUC: 0.69 [VAL] Loss: 0.6519, Accuracy: 64.60%, Precision: 0.60, Recall: 0.69, F1: 0.64, AUC: 0.65
Epoch [5/100] [TRAIN] Loss: 0.6349, Accuracy: 68.62%, AUC: 0.69 [VAL] Loss: 0.6508, Accuracy: 65.00%, Precision: 0.61, Recall: 0.69, F1: 0.65, AUC: 0.65
Epoch [6/100] [TRAIN] Loss: 0.6356, Accuracy: 68.66%, AUC: 0.69 [VAL] Loss: 0.6506, Accuracy: 65.20%, Precision: 0.61, Recall: 0.70, F1: 0.65, AUC: 0.65
Epoch [7/100] [TRAIN] Loss: 0.6376, Accuracy: 68.61%, AUC: 0.69 [VAL] Loss: 0.6510, Accuracy: 65.10%, Precision: 0.61, Recall: 0.70, F1: 0.65, AUC: 0.65
Epoch [8/100] [TRAIN] Loss: 0.6336, Accuracy: 68.91%, AUC: 0.69 [VAL] Loss: 0.6506, Accuracy: 65.70%, Precision: 0.61, Recall: 0.71, F1: 0.66, AUC: 0.66
Epoch [9/100] [TRAIN] Loss: 0.6316, Accuracy: 68.46%, AUC: 0.68 [VAL] Loss: 0.6510, Accuracy: 65.30%, Precision: 0.61, Recall: 0.70, F1: 0.65, AUC: 0.66
Epoch [10/100] [TRAIN] Loss: 0.6312, Accuracy: 68.96%, AUC: 0.69 [VAL] Loss: 0.6505, Accuracy: 65.10%, Precision: 0.61, Recall: 0.70, F1: 0.65, AUC: 0.65
Epoch [11/100] [TRAIN] Loss: 0.6281, Accuracy: 68.71%, AUC: 0.69 [VAL] Loss: 0.6502, Accuracy: 65.60%, Precision: 0.61, Recall: 0.70, F1: 0.65, AUC: 0.66
Epoch [12/100] [TRAIN] Loss: 0.6339, Accuracy: 68.53%, AUC: 0.69 [VAL] Loss: 0.6498, Accuracy: 65.50%, Precision: 0.61, Recall: 0.70, F1: 0.65, AUC: 0.66
Epoch [13/100] [TRAIN] Loss: 0.6297, Accuracy: 68.67%, AUC: 0.69 [VAL] Loss: 0.6492, Accuracy: 65.50%, Precision: 0.61, Recall: 0.70, F1: 0.65, AUC: 0.66
Epoch [14/100] [TRAIN] Loss: 0.6333, Accuracy: 68.41%, AUC: 0.68 [VAL] Loss: 0.6491, Accuracy: 65.30%, Precision: 0.61, Recall: 0.69, F1: 0.65, AUC: 0.66
Epoch [15/100] [TRAIN] Loss: 0.6267, Accuracy: 69.14%, AUC: 0.69 [VAL] Loss: 0.6491, Accuracy: 66.00%, Precision: 0.62, Recall: 0.70, F1: 0.66, AUC: 0.66
Epoch [16/100] [TRAIN] Loss: 0.6272, Accuracy: 69.08%, AUC: 0.69 [VAL] Loss: 0.6490, Accuracy: 65.20%, Precision: 0.61, Recall: 0.69, F1: 0.65, AUC: 0.65
Epoch [17/100] [TRAIN] Loss: 0.6302, Accuracy: 68.78%, AUC: 0.69 [VAL] Loss: 0.6485, Accuracy: 65.40%, Precision: 0.61, Recall: 0.70, F1: 0.65, AUC: 0.66
Epoch [18/100] [TRAIN] Loss: 0.6265, Accuracy: 68.79%, AUC: 0.69 [VAL] Loss: 0.6485, Accuracy: 65.30%, Precision: 0.61, Recall: 0.70, F1: 0.65, AUC: 0.66
Epoch [19/100] [TRAIN] Loss: 0.6280, Accuracy: 69.56%, AUC: 0.70 [VAL] Loss: 0.6487, Accuracy: 65.30%, Precision: 0.61, Recall: 0.70, F1: 0.65, AUC: 0.66
Epoch [20/100] [TRAIN] Loss: 0.6239, Accuracy: 69.31%, AUC: 0.69 [VAL] Loss: 0.6480, Accuracy: 65.30%, Precision: 0.61, Recall: 0.70, F1: 0.65, AUC: 0.66
Epoch [21/100] [TRAIN] Loss: 0.6251, Accuracy: 69.42%, AUC: 0.69 [VAL] Loss: 0.6480, Accuracy: 65.50%, Precision: 0.61, Recall: 0.70, F1: 0.65, AUC: 0.66
Epoch [22/100] [TRAIN] Loss: 0.6240, Accuracy: 68.84%, AUC: 0.69 [VAL] Loss: 0.6474, Accuracy: 65.90%, Precision: 0.62, Recall: 0.70, F1: 0.66, AUC: 0.66
Epoch [23/100] [TRAIN] Loss: 0.6233, Accuracy: 68.66%, AUC: 0.69 [VAL] Loss: 0.6473, Accuracy: 65.90%, Precision: 0.62, Recall: 0.70, F1: 0.66, AUC: 0.66
Epoch [24/100] [TRAIN] Loss: 0.6263, Accuracy: 68.64%, AUC: 0.69 [VAL] Loss: 0.6477, Accuracy: 66.20%, Precision: 0.62, Recall: 0.70, F1: 0.66, AUC: 0.66
Epoch [25/100] [TRAIN] Loss: 0.6235, Accuracy: 69.29%, AUC: 0.69 [VAL] Loss: 0.6472, Accuracy: 65.90%, Precision: 0.62, Recall: 0.70, F1: 0.66, AUC: 0.66
Epoch [26/100] [TRAIN] Loss: 0.6213, Accuracy: 69.50%, AUC: 0.70 [VAL] Loss: 0.6468, Accuracy: 65.70%, Precision: 0.61, Recall: 0.71, F1: 0.66, AUC: 0.66
Epoch [27/100] [TRAIN] Loss: 0.6253, Accuracy: 68.81%, AUC: 0.69 [VAL] Loss: 0.6466, Accuracy: 65.80%, Precision: 0.62, Recall: 0.70, F1: 0.66, AUC: 0.66
Epoch [28/100] [TRAIN] Loss: 0.6195, Accuracy: 69.84%, AUC: 0.70 [VAL] Loss: 0.6470, Accuracy: 65.50%, Precision: 0.61, Recall: 0.70, F1: 0.65, AUC: 0.66
Epoch [29/100] [TRAIN] Loss: 0.6218, Accuracy: 68.89%, AUC: 0.69 [VAL] Loss: 0.6471, Accuracy: 65.50%, Precision: 0.61, Recall: 0.70, F1: 0.65, AUC: 0.66
Epoch [30/100] [TRAIN] Loss: 0.6217, Accuracy: 69.12%, AUC: 0.69 [VAL] Loss: 0.6469, Accuracy: 65.80%, Precision: 0.62, Recall: 0.70, F1: 0.66, AUC: 0.66
Epoch [31/100] [TRAIN] Loss: 0.6184, Accuracy: 69.59%, AUC: 0.70 [VAL] Loss: 0.6471, Accuracy: 65.80%, Precision: 0.62, Recall: 0.70, F1: 0.66, AUC: 0.66
Epoch [32/100] [TRAIN] Loss: 0.6198, Accuracy: 69.05%, AUC: 0.69 [VAL] Loss: 0.6468, Accuracy: 65.70%, Precision: 0.62, Recall: 0.70, F1: 0.66, AUC: 0.66
Epoch [33/100] [TRAIN] Loss: 0.6237, Accuracy: 69.26%, AUC: 0.69 [VAL] Loss: 0.6464, Accuracy: 65.60%, Precision: 0.61, Recall: 0.70, F1: 0.65, AUC: 0.66
Epoch [34/100] [TRAIN] Loss: 0.6202, Accuracy: 69.40%, AUC: 0.69 [VAL] Loss: 0.6465, Accuracy: 65.40%, Precision: 0.61, Recall: 0.70, F1: 0.65, AUC: 0.66
Epoch [35/100] [TRAIN] Loss: 0.6200, Accuracy: 68.97%, AUC: 0.69 [VAL] Loss: 0.6460, Accuracy: 66.00%, Precision: 0.62, Recall: 0.71, F1: 0.66, AUC: 0.66
Epoch [36/100] [TRAIN] Loss: 0.6208, Accuracy: 69.35%, AUC: 0.69 [VAL] Loss: 0.6463, Accuracy: 65.70%, Precision: 0.61, Recall: 0.70, F1: 0.66, AUC: 0.66
Epoch [37/100] [TRAIN] Loss: 0.6186, Accuracy: 69.17%, AUC: 0.69 [VAL] Loss: 0.6457, Accuracy: 65.70%, Precision: 0.61, Recall: 0.70, F1: 0.66, AUC: 0.66
Epoch [38/100] [TRAIN] Loss: 0.6190, Accuracy: 69.22%, AUC: 0.69 [VAL] Loss: 0.6458, Accuracy: 65.70%, Precision: 0.62, Recall: 0.70, F1: 0.66, AUC: 0.66
Epoch [39/100] [TRAIN] Loss: 0.6157, Accuracy: 69.92%, AUC: 0.70 [VAL] Loss: 0.6456, Accuracy: 65.70%, Precision: 0.61, Recall: 0.71, F1: 0.66, AUC: 0.66
Epoch [40/100] [TRAIN] Loss: 0.6186, Accuracy: 68.97%, AUC: 0.69 [VAL] Loss: 0.6453, Accuracy: 65.90%, Precision: 0.62, Recall: 0.70, F1: 0.66, AUC: 0.66
Epoch [41/100] [TRAIN] Loss: 0.6181, Accuracy: 69.56%, AUC: 0.70 [VAL] Loss: 0.6450, Accuracy: 65.70%, Precision: 0.61, Recall: 0.70, F1: 0.66, AUC: 0.66
Epoch [42/100] [TRAIN] Loss: 0.6179, Accuracy: 69.53%, AUC: 0.70 [VAL] Loss: 0.6453, Accuracy: 65.70%, Precision: 0.62, Recall: 0.70, F1: 0.66, AUC: 0.66
Epoch [43/100] [TRAIN] Loss: 0.6166, Accuracy: 69.56%, AUC: 0.70 [VAL] Loss: 0.6455, Accuracy: 65.70%, Precision: 0.62, Recall: 0.70, F1: 0.65, AUC: 0.66
Epoch [44/100] [TRAIN] Loss: 0.6167, Accuracy: 69.53%, AUC: 0.70 [VAL] Loss: 0.6454, Accuracy: 65.80%, Precision: 0.62, Recall: 0.70, F1: 0.66, AUC: 0.66
Epoch [45/100] [TRAIN] Loss: 0.6164, Accuracy: 69.55%, AUC: 0.70 [VAL] Loss: 0.6449, Accuracy: 66.00%, Precision: 0.62, Recall: 0.71, F1: 0.66, AUC: 0.66
Epoch [46/100] [TRAIN] Loss: 0.6184, Accuracy: 69.55%, AUC: 0.70 [VAL] Loss: 0.6444, Accuracy: 65.80%, Precision: 0.62, Recall: 0.70, F1: 0.66, AUC: 0.66
Epoch [47/100] [TRAIN] Loss: 0.6191, Accuracy: 69.09%, AUC: 0.69 [VAL] Loss: 0.6449, Accuracy: 65.90%, Precision: 0.62, Recall: 0.70, F1: 0.66, AUC: 0.66
Epoch [48/100] [TRAIN] Loss: 0.6165, Accuracy: 69.19%, AUC: 0.69 [VAL] Loss: 0.6444, Accuracy: 65.70%, Precision: 0.62, Recall: 0.70, F1: 0.66, AUC: 0.66
Epoch [49/100] [TRAIN] Loss: 0.6154, Accuracy: 69.81%, AUC: 0.70 [VAL] Loss: 0.6445, Accuracy: 65.40%, Precision: 0.61, Recall: 0.69, F1: 0.65, AUC: 0.66
Epoch [50/100] [TRAIN] Loss: 0.6148, Accuracy: 69.21%, AUC: 0.69 [VAL] Loss: 0.6449, Accuracy: 65.60%, Precision: 0.61, Recall: 0.70, F1: 0.65, AUC: 0.66
Epoch [51/100] [TRAIN] Loss: 0.6145, Accuracy: 69.83%, AUC: 0.70 [VAL] Loss: 0.6443, Accuracy: 65.50%, Precision: 0.61, Recall: 0.70, F1: 0.65, AUC: 0.66
Epoch [52/100] [TRAIN] Loss: 0.6146, Accuracy: 70.17%, AUC: 0.70 [VAL] Loss: 0.6444, Accuracy: 65.70%, Precision: 0.62, Recall: 0.70, F1: 0.65, AUC: 0.66
Epoch [53/100] [TRAIN] Loss: 0.6196, Accuracy: 69.46%, AUC: 0.70 [VAL] Loss: 0.6438, Accuracy: 65.40%, Precision: 0.61, Recall: 0.70, F1: 0.65, AUC: 0.66
Epoch [54/100] [TRAIN] Loss: 0.6162, Accuracy: 68.99%, AUC: 0.69 [VAL] Loss: 0.6434, Accuracy: 65.40%, Precision: 0.61, Recall: 0.70, F1: 0.65, AUC: 0.66
Epoch [55/100] [TRAIN] Loss: 0.6146, Accuracy: 69.41%, AUC: 0.69 [VAL] Loss: 0.6438, Accuracy: 65.50%, Precision: 0.61, Recall: 0.70, F1: 0.65, AUC: 0.66
Epoch [56/100] [TRAIN] Loss: 0.6133, Accuracy: 69.90%, AUC: 0.70 [VAL] Loss: 0.6435, Accuracy: 65.30%, Precision: 0.61, Recall: 0.70, F1: 0.65, AUC: 0.66
Epoch [57/100] [TRAIN] Loss: 0.6160, Accuracy: 69.81%, AUC: 0.70 [VAL] Loss: 0.6440, Accuracy: 65.40%, Precision: 0.61, Recall: 0.70, F1: 0.65, AUC: 0.66
Epoch [58/100] [TRAIN] Loss: 0.6146, Accuracy: 69.50%, AUC: 0.70 [VAL] Loss: 0.6445, Accuracy: 65.50%, Precision: 0.61, Recall: 0.70, F1: 0.65, AUC: 0.66
Epoch [59/100] [TRAIN] Loss: 0.6140, Accuracy: 69.64%, AUC: 0.70 [VAL] Loss: 0.6435, Accuracy: 65.40%, Precision: 0.61, Recall: 0.70, F1: 0.65, AUC: 0.66
Epoch [60/100] [TRAIN] Loss: 0.6125, Accuracy: 69.58%, AUC: 0.70 [VAL] Loss: 0.6430, Accuracy: 65.50%, Precision: 0.61, Recall: 0.70, F1: 0.65, AUC: 0.66
Epoch [61/100] [TRAIN] Loss: 0.6151, Accuracy: 69.45%, AUC: 0.69 [VAL] Loss: 0.6430, Accuracy: 65.80%, Precision: 0.62, Recall: 0.70, F1: 0.66, AUC: 0.66
Epoch [62/100] [TRAIN] Loss: 0.6101, Accuracy: 70.08%, AUC: 0.70 [VAL] Loss: 0.6431, Accuracy: 65.80%, Precision: 0.62, Recall: 0.70, F1: 0.66, AUC: 0.66
Epoch [63/100] [TRAIN] Loss: 0.6127, Accuracy: 69.61%, AUC: 0.70 [VAL] Loss: 0.6432, Accuracy: 65.90%, Precision: 0.62, Recall: 0.70, F1: 0.66, AUC: 0.66
Epoch [64/100] [TRAIN] Loss: 0.6151, Accuracy: 69.50%, AUC: 0.70 [VAL] Loss: 0.6428, Accuracy: 65.80%, Precision: 0.62, Recall: 0.70, F1: 0.66, AUC: 0.66
Epoch [65/100] [TRAIN] Loss: 0.6136, Accuracy: 69.51%, AUC: 0.70 [VAL] Loss: 0.6433, Accuracy: 65.50%, Precision: 0.61, Recall: 0.70, F1: 0.65, AUC: 0.66
Epoch [66/100] [TRAIN] Loss: 0.6158, Accuracy: 69.26%, AUC: 0.69 [VAL] Loss: 0.6423, Accuracy: 65.70%, Precision: 0.62, Recall: 0.70, F1: 0.66, AUC: 0.66
Epoch [67/100] [TRAIN] Loss: 0.6101, Accuracy: 70.10%, AUC: 0.70 [VAL] Loss: 0.6419, Accuracy: 65.40%, Precision: 0.61, Recall: 0.70, F1: 0.65, AUC: 0.66
Epoch [68/100] [TRAIN] Loss: 0.6112, Accuracy: 69.90%, AUC: 0.70 [VAL] Loss: 0.6418, Accuracy: 65.60%, Precision: 0.61, Recall: 0.70, F1: 0.65, AUC: 0.66
Epoch [69/100] [TRAIN] Loss: 0.6115, Accuracy: 69.80%, AUC: 0.70 [VAL] Loss: 0.6420, Accuracy: 65.80%, Precision: 0.62, Recall: 0.70, F1: 0.66, AUC: 0.66
Epoch [70/100] [TRAIN] Loss: 0.6112, Accuracy: 69.89%, AUC: 0.70 [VAL] Loss: 0.6418, Accuracy: 65.60%, Precision: 0.61, Recall: 0.70, F1: 0.65, AUC: 0.66
Epoch [71/100] [TRAIN] Loss: 0.6108, Accuracy: 69.90%, AUC: 0.70 [VAL] Loss: 0.6418, Accuracy: 65.60%, Precision: 0.61, Recall: 0.70, F1: 0.65, AUC: 0.66
Epoch [72/100] [TRAIN] Loss: 0.6139, Accuracy: 69.83%, AUC: 0.70 [VAL] Loss: 0.6418, Accuracy: 66.00%, Precision: 0.62, Recall: 0.71, F1: 0.66, AUC: 0.66
Epoch [73/100] [TRAIN] Loss: 0.6130, Accuracy: 69.94%, AUC: 0.70 [VAL] Loss: 0.6419, Accuracy: 65.80%, Precision: 0.62, Recall: 0.70, F1: 0.66, AUC: 0.66
Epoch [74/100] [TRAIN] Loss: 0.6113, Accuracy: 69.51%, AUC: 0.70 [VAL] Loss: 0.6418, Accuracy: 65.80%, Precision: 0.62, Recall: 0.70, F1: 0.66, AUC: 0.66
Epoch [75/100] [TRAIN] Loss: 0.6096, Accuracy: 70.29%, AUC: 0.70 [VAL] Loss: 0.6418, Accuracy: 65.80%, Precision: 0.62, Recall: 0.70, F1: 0.66, AUC: 0.66
Epoch [76/100] [TRAIN] Loss: 0.6107, Accuracy: 70.00%, AUC: 0.70 [VAL] Loss: 0.6417, Accuracy: 65.80%, Precision: 0.62, Recall: 0.70, F1: 0.66, AUC: 0.66
Epoch [77/100] [TRAIN] Loss: 0.6095, Accuracy: 69.95%, AUC: 0.70 [VAL] Loss: 0.6417, Accuracy: 65.80%, Precision: 0.62, Recall: 0.70, F1: 0.66, AUC: 0.66
Epoch [78/100] [TRAIN] Loss: 0.6091, Accuracy: 69.74%, AUC: 0.70 [VAL] Loss: 0.6416, Accuracy: 65.60%, Precision: 0.61, Recall: 0.70, F1: 0.65, AUC: 0.66
Epoch [79/100] [TRAIN] Loss: 0.6096, Accuracy: 69.74%, AUC: 0.70 [VAL] Loss: 0.6415, Accuracy: 65.60%, Precision: 0.61, Recall: 0.70, F1: 0.65, AUC: 0.66
Epoch [80/100] [TRAIN] Loss: 0.6101, Accuracy: 69.60%, AUC: 0.70 [VAL] Loss: 0.6415, Accuracy: 65.80%, Precision: 0.62, Recall: 0.70, F1: 0.66, AUC: 0.66
Epoch [81/100] [TRAIN] Loss: 0.6077, Accuracy: 69.89%, AUC: 0.70 [VAL] Loss: 0.6415, Accuracy: 65.80%, Precision: 0.62, Recall: 0.70, F1: 0.66, AUC: 0.66
Epoch [82/100] [TRAIN] Loss: 0.6082, Accuracy: 70.21%, AUC: 0.70 [VAL] Loss: 0.6415, Accuracy: 65.80%, Precision: 0.62, Recall: 0.70, F1: 0.66, AUC: 0.66
Epoch [83/100] [TRAIN] Loss: 0.6090, Accuracy: 69.61%, AUC: 0.70 [VAL] Loss: 0.6415, Accuracy: 65.70%, Precision: 0.62, Recall: 0.70, F1: 0.66, AUC: 0.66
Epoch [84/100] [TRAIN] Loss: 0.6110, Accuracy: 70.03%, AUC: 0.70 [VAL] Loss: 0.6414, Accuracy: 65.80%, Precision: 0.62, Recall: 0.70, F1: 0.66, AUC: 0.66
Epoch [85/100] [TRAIN] Loss: 0.6089, Accuracy: 70.12%, AUC: 0.70 [VAL] Loss: 0.6414, Accuracy: 65.80%, Precision: 0.62, Recall: 0.70, F1: 0.66, AUC: 0.66
Epoch [86/100] [TRAIN] Loss: 0.6092, Accuracy: 70.17%, AUC: 0.70 [VAL] Loss: 0.6414, Accuracy: 65.80%, Precision: 0.62, Recall: 0.70, F1: 0.66, AUC: 0.66
Epoch [87/100] [TRAIN] Loss: 0.6081, Accuracy: 70.17%, AUC: 0.70 [VAL] Loss: 0.6414, Accuracy: 65.80%, Precision: 0.62, Recall: 0.70, F1: 0.66, AUC: 0.66
Epoch [88/100] [TRAIN] Loss: 0.6102, Accuracy: 70.10%, AUC: 0.70 [VAL] Loss: 0.6414, Accuracy: 65.80%, Precision: 0.62, Recall: 0.70, F1: 0.66, AUC: 0.66
Epoch [89/100] [TRAIN] Loss: 0.6105, Accuracy: 69.86%, AUC: 0.70 [VAL] Loss: 0.6414, Accuracy: 66.10%, Precision: 0.62, Recall: 0.71, F1: 0.66, AUC: 0.66
Epoch [90/100] [TRAIN] Loss: 0.6089, Accuracy: 69.62%, AUC: 0.70 [VAL] Loss: 0.6413, Accuracy: 66.10%, Precision: 0.62, Recall: 0.71, F1: 0.66, AUC: 0.66
Epoch [91/100] [TRAIN] Loss: 0.6082, Accuracy: 69.89%, AUC: 0.70 [VAL] Loss: 0.6413, Accuracy: 65.90%, Precision: 0.62, Recall: 0.71, F1: 0.66, AUC: 0.66
Epoch [92/100] [TRAIN] Loss: 0.6096, Accuracy: 69.74%, AUC: 0.70 [VAL] Loss: 0.6413, Accuracy: 66.10%, Precision: 0.62, Recall: 0.71, F1: 0.66, AUC: 0.66
Epoch [93/100] [TRAIN] Loss: 0.6098, Accuracy: 70.01%, AUC: 0.70 [VAL] Loss: 0.6413, Accuracy: 66.10%, Precision: 0.62, Recall: 0.71, F1: 0.66, AUC: 0.66
Epoch [94/100] [TRAIN] Loss: 0.6077, Accuracy: 69.81%, AUC: 0.70 [VAL] Loss: 0.6412, Accuracy: 65.90%, Precision: 0.62, Recall: 0.71, F1: 0.66, AUC: 0.66
Epoch [95/100] [TRAIN] Loss: 0.6100, Accuracy: 69.81%, AUC: 0.70 [VAL] Loss: 0.6412, Accuracy: 65.80%, Precision: 0.62, Recall: 0.70, F1: 0.66, AUC: 0.66
Epoch [96/100] [TRAIN] Loss: 0.6081, Accuracy: 69.84%, AUC: 0.70 [VAL] Loss: 0.6412, Accuracy: 65.80%, Precision: 0.62, Recall: 0.70, F1: 0.66, AUC: 0.66
Epoch [97/100] [TRAIN] Loss: 0.6086, Accuracy: 69.89%, AUC: 0.70 [VAL] Loss: 0.6412, Accuracy: 65.90%, Precision: 0.62, Recall: 0.71, F1: 0.66, AUC: 0.66
Epoch [98/100] [TRAIN] Loss: 0.6102, Accuracy: 69.62%, AUC: 0.70 [VAL] Loss: 0.6411, Accuracy: 65.90%, Precision: 0.62, Recall: 0.71, F1: 0.66, AUC: 0.66
Epoch [99/100] [TRAIN] Loss: 0.6082, Accuracy: 69.90%, AUC: 0.70 [VAL] Loss: 0.6411, Accuracy: 66.00%, Precision: 0.62, Recall: 0.71, F1: 0.66, AUC: 0.66
Epoch [100/100] [TRAIN] Loss: 0.6090, Accuracy: 69.84%, AUC: 0.70 [VAL] Loss: 0.6411, Accuracy: 66.00%, Precision: 0.62, Recall: 0.71, F1: 0.66, AUC: 0.66
  Antisymmetry score:      0.9550
  Total violations:        45 / 1000
  Pairs near boundary:     356 (35.6%)
  Avg |prob-0.5| at violation: 0.0000  (near 0 = boundary issue, larger = real failure)
Seed: 789
Accuracy:  70.00 %
AUC:       0.7017
Precision: 0.6679
Recall:    0.7379
F1-Score:  0.7012

Antisymmetry score:  0.9550  (1.0 = perfect, ~0.5 = random)

Detailed Classification Report:
              precision    recall  f1-score   support

           0       0.74      0.67      0.70       523
           1       0.67      0.74      0.70       477

    accuracy                           0.70      1000
   macro avg       0.70      0.70      0.70      1000
weighted avg       0.70      0.70      0.70      1000


Confusion Matrix:
[[348 175]
 [125 352]]


016-H3K4me3-H3K9ac-H3K27ac
Train label distribution:
  Label 0:   4257 (53.2%)
  Label 1:   3743 (46.8%)
Val label distribution:
  Label 0:    535 (53.5%)
  Label 1:    465 (46.5%)
Test label distribution:
  Label 0:    523 (52.3%)
  Label 1:    477 (47.7%)
Epoch [1/100] [TRAIN] Loss: 0.6959, Accuracy: 64.54%, AUC: 0.65 [VAL] Loss: 0.6546, Accuracy: 64.00%, Precision: 0.60, Recall: 0.67, F1: 0.63, AUC: 0.64
Epoch [2/100] [TRAIN] Loss: 0.6502, Accuracy: 68.21%, AUC: 0.68 [VAL] Loss: 0.6531, Accuracy: 63.80%, Precision: 0.60, Recall: 0.67, F1: 0.63, AUC: 0.64
Epoch [3/100] [TRAIN] Loss: 0.6392, Accuracy: 68.66%, AUC: 0.69 [VAL] Loss: 0.6534, Accuracy: 63.90%, Precision: 0.60, Recall: 0.67, F1: 0.63, AUC: 0.64
Epoch [4/100] [TRAIN] Loss: 0.6366, Accuracy: 69.15%, AUC: 0.69 [VAL] Loss: 0.6528, Accuracy: 63.80%, Precision: 0.60, Recall: 0.67, F1: 0.63, AUC: 0.64
Epoch [5/100] [TRAIN] Loss: 0.6361, Accuracy: 68.70%, AUC: 0.69 [VAL] Loss: 0.6520, Accuracy: 63.80%, Precision: 0.60, Recall: 0.67, F1: 0.63, AUC: 0.64
Epoch [6/100] [TRAIN] Loss: 0.6291, Accuracy: 69.36%, AUC: 0.69 [VAL] Loss: 0.6519, Accuracy: 63.70%, Precision: 0.60, Recall: 0.67, F1: 0.63, AUC: 0.64
Epoch [7/100] [TRAIN] Loss: 0.6325, Accuracy: 68.95%, AUC: 0.69 [VAL] Loss: 0.6508, Accuracy: 64.50%, Precision: 0.60, Recall: 0.68, F1: 0.64, AUC: 0.65
Epoch [8/100] [TRAIN] Loss: 0.6282, Accuracy: 69.56%, AUC: 0.70 [VAL] Loss: 0.6503, Accuracy: 64.70%, Precision: 0.61, Recall: 0.69, F1: 0.64, AUC: 0.65
Epoch [9/100] [TRAIN] Loss: 0.6275, Accuracy: 68.79%, AUC: 0.69 [VAL] Loss: 0.6501, Accuracy: 64.80%, Precision: 0.61, Recall: 0.69, F1: 0.65, AUC: 0.65
Epoch [10/100] [TRAIN] Loss: 0.6295, Accuracy: 69.00%, AUC: 0.69 [VAL] Loss: 0.6497, Accuracy: 64.60%, Precision: 0.61, Recall: 0.69, F1: 0.64, AUC: 0.65
Epoch [11/100] [TRAIN] Loss: 0.6270, Accuracy: 69.17%, AUC: 0.69 [VAL] Loss: 0.6490, Accuracy: 64.60%, Precision: 0.61, Recall: 0.69, F1: 0.64, AUC: 0.65
Epoch [12/100] [TRAIN] Loss: 0.6240, Accuracy: 69.47%, AUC: 0.69 [VAL] Loss: 0.6482, Accuracy: 64.40%, Precision: 0.60, Recall: 0.68, F1: 0.64, AUC: 0.65
Epoch [13/100] [TRAIN] Loss: 0.6222, Accuracy: 69.61%, AUC: 0.70 [VAL] Loss: 0.6487, Accuracy: 64.40%, Precision: 0.60, Recall: 0.68, F1: 0.64, AUC: 0.65
Epoch [14/100] [TRAIN] Loss: 0.6226, Accuracy: 69.35%, AUC: 0.69 [VAL] Loss: 0.6482, Accuracy: 64.80%, Precision: 0.61, Recall: 0.69, F1: 0.65, AUC: 0.65
Epoch [15/100] [TRAIN] Loss: 0.6228, Accuracy: 69.38%, AUC: 0.69 [VAL] Loss: 0.6470, Accuracy: 64.90%, Precision: 0.61, Recall: 0.69, F1: 0.65, AUC: 0.65
Epoch [16/100] [TRAIN] Loss: 0.6226, Accuracy: 69.19%, AUC: 0.69 [VAL] Loss: 0.6467, Accuracy: 65.00%, Precision: 0.61, Recall: 0.69, F1: 0.65, AUC: 0.65
Epoch [17/100] [TRAIN] Loss: 0.6208, Accuracy: 69.84%, AUC: 0.70 [VAL] Loss: 0.6455, Accuracy: 65.00%, Precision: 0.61, Recall: 0.69, F1: 0.65, AUC: 0.65
Epoch [18/100] [TRAIN] Loss: 0.6241, Accuracy: 68.91%, AUC: 0.69 [VAL] Loss: 0.6456, Accuracy: 65.00%, Precision: 0.61, Recall: 0.69, F1: 0.65, AUC: 0.65
Epoch [19/100] [TRAIN] Loss: 0.6210, Accuracy: 69.16%, AUC: 0.69 [VAL] Loss: 0.6453, Accuracy: 65.50%, Precision: 0.61, Recall: 0.70, F1: 0.65, AUC: 0.66
Epoch [20/100] [TRAIN] Loss: 0.6201, Accuracy: 69.84%, AUC: 0.70 [VAL] Loss: 0.6449, Accuracy: 65.40%, Precision: 0.61, Recall: 0.69, F1: 0.65, AUC: 0.66
Epoch [21/100] [TRAIN] Loss: 0.6215, Accuracy: 69.62%, AUC: 0.70 [VAL] Loss: 0.6450, Accuracy: 65.50%, Precision: 0.61, Recall: 0.70, F1: 0.65, AUC: 0.66
Epoch [22/100] [TRAIN] Loss: 0.6193, Accuracy: 69.33%, AUC: 0.69 [VAL] Loss: 0.6445, Accuracy: 65.30%, Precision: 0.61, Recall: 0.69, F1: 0.65, AUC: 0.66
Epoch [23/100] [TRAIN] Loss: 0.6183, Accuracy: 69.45%, AUC: 0.69 [VAL] Loss: 0.6449, Accuracy: 65.30%, Precision: 0.61, Recall: 0.70, F1: 0.65, AUC: 0.66
Epoch [24/100] [TRAIN] Loss: 0.6193, Accuracy: 69.94%, AUC: 0.70 [VAL] Loss: 0.6442, Accuracy: 65.50%, Precision: 0.61, Recall: 0.70, F1: 0.65, AUC: 0.66
Epoch [25/100] [TRAIN] Loss: 0.6217, Accuracy: 69.49%, AUC: 0.69 [VAL] Loss: 0.6443, Accuracy: 65.40%, Precision: 0.61, Recall: 0.69, F1: 0.65, AUC: 0.66
Epoch [26/100] [TRAIN] Loss: 0.6181, Accuracy: 69.96%, AUC: 0.70 [VAL] Loss: 0.6442, Accuracy: 65.00%, Precision: 0.61, Recall: 0.70, F1: 0.65, AUC: 0.65
Epoch [27/100] [TRAIN] Loss: 0.6196, Accuracy: 69.74%, AUC: 0.70 [VAL] Loss: 0.6434, Accuracy: 65.30%, Precision: 0.61, Recall: 0.70, F1: 0.65, AUC: 0.66
Epoch [28/100] [TRAIN] Loss: 0.6188, Accuracy: 69.74%, AUC: 0.70 [VAL] Loss: 0.6433, Accuracy: 65.00%, Precision: 0.61, Recall: 0.69, F1: 0.65, AUC: 0.65
Epoch [29/100] [TRAIN] Loss: 0.6170, Accuracy: 69.24%, AUC: 0.69 [VAL] Loss: 0.6430, Accuracy: 65.30%, Precision: 0.61, Recall: 0.70, F1: 0.65, AUC: 0.66
Epoch [30/100] [TRAIN] Loss: 0.6179, Accuracy: 69.91%, AUC: 0.70 [VAL] Loss: 0.6424, Accuracy: 65.30%, Precision: 0.61, Recall: 0.70, F1: 0.65, AUC: 0.66
Epoch [31/100] [TRAIN] Loss: 0.6193, Accuracy: 69.38%, AUC: 0.69 [VAL] Loss: 0.6425, Accuracy: 65.40%, Precision: 0.61, Recall: 0.70, F1: 0.65, AUC: 0.66
Epoch [32/100] [TRAIN] Loss: 0.6180, Accuracy: 69.67%, AUC: 0.70 [VAL] Loss: 0.6417, Accuracy: 65.80%, Precision: 0.62, Recall: 0.71, F1: 0.66, AUC: 0.66
Epoch [33/100] [TRAIN] Loss: 0.6157, Accuracy: 69.64%, AUC: 0.70 [VAL] Loss: 0.6420, Accuracy: 65.70%, Precision: 0.61, Recall: 0.70, F1: 0.66, AUC: 0.66
Epoch [34/100] [TRAIN] Loss: 0.6154, Accuracy: 70.01%, AUC: 0.70 [VAL] Loss: 0.6419, Accuracy: 65.60%, Precision: 0.61, Recall: 0.70, F1: 0.66, AUC: 0.66
Epoch [35/100] [TRAIN] Loss: 0.6158, Accuracy: 69.88%, AUC: 0.70 [VAL] Loss: 0.6416, Accuracy: 65.80%, Precision: 0.62, Recall: 0.71, F1: 0.66, AUC: 0.66
Epoch [36/100] [TRAIN] Loss: 0.6126, Accuracy: 69.96%, AUC: 0.70 [VAL] Loss: 0.6416, Accuracy: 65.80%, Precision: 0.61, Recall: 0.71, F1: 0.66, AUC: 0.66
Epoch [37/100] [TRAIN] Loss: 0.6141, Accuracy: 69.85%, AUC: 0.70 [VAL] Loss: 0.6415, Accuracy: 65.80%, Precision: 0.62, Recall: 0.71, F1: 0.66, AUC: 0.66
Epoch [38/100] [TRAIN] Loss: 0.6136, Accuracy: 69.15%, AUC: 0.69 [VAL] Loss: 0.6411, Accuracy: 65.80%, Precision: 0.62, Recall: 0.70, F1: 0.66, AUC: 0.66
Epoch [39/100] [TRAIN] Loss: 0.6104, Accuracy: 69.53%, AUC: 0.70 [VAL] Loss: 0.6410, Accuracy: 66.10%, Precision: 0.62, Recall: 0.71, F1: 0.66, AUC: 0.66
Epoch [40/100] [TRAIN] Loss: 0.6143, Accuracy: 69.64%, AUC: 0.70 [VAL] Loss: 0.6406, Accuracy: 66.40%, Precision: 0.62, Recall: 0.71, F1: 0.66, AUC: 0.67
Epoch [41/100] [TRAIN] Loss: 0.6130, Accuracy: 69.91%, AUC: 0.70 [VAL] Loss: 0.6404, Accuracy: 66.40%, Precision: 0.62, Recall: 0.71, F1: 0.66, AUC: 0.67
Epoch [42/100] [TRAIN] Loss: 0.6158, Accuracy: 69.66%, AUC: 0.70 [VAL] Loss: 0.6403, Accuracy: 66.50%, Precision: 0.62, Recall: 0.71, F1: 0.66, AUC: 0.67
Epoch [43/100] [TRAIN] Loss: 0.6132, Accuracy: 69.91%, AUC: 0.70 [VAL] Loss: 0.6406, Accuracy: 66.40%, Precision: 0.62, Recall: 0.71, F1: 0.66, AUC: 0.67
Epoch [44/100] [TRAIN] Loss: 0.6132, Accuracy: 69.55%, AUC: 0.70 [VAL] Loss: 0.6404, Accuracy: 65.90%, Precision: 0.62, Recall: 0.71, F1: 0.66, AUC: 0.66
Epoch [45/100] [TRAIN] Loss: 0.6109, Accuracy: 69.62%, AUC: 0.70 [VAL] Loss: 0.6400, Accuracy: 65.90%, Precision: 0.62, Recall: 0.70, F1: 0.66, AUC: 0.66
Epoch [46/100] [TRAIN] Loss: 0.6141, Accuracy: 69.84%, AUC: 0.70 [VAL] Loss: 0.6396, Accuracy: 66.10%, Precision: 0.62, Recall: 0.70, F1: 0.66, AUC: 0.66
Epoch [47/100] [TRAIN] Loss: 0.6117, Accuracy: 69.50%, AUC: 0.70 [VAL] Loss: 0.6391, Accuracy: 66.30%, Precision: 0.62, Recall: 0.70, F1: 0.66, AUC: 0.67
Epoch [48/100] [TRAIN] Loss: 0.6125, Accuracy: 70.06%, AUC: 0.70 [VAL] Loss: 0.6394, Accuracy: 66.30%, Precision: 0.62, Recall: 0.70, F1: 0.66, AUC: 0.67
Epoch [49/100] [TRAIN] Loss: 0.6113, Accuracy: 69.99%, AUC: 0.70 [VAL] Loss: 0.6403, Accuracy: 65.60%, Precision: 0.61, Recall: 0.70, F1: 0.66, AUC: 0.66
Epoch [50/100] [TRAIN] Loss: 0.6120, Accuracy: 69.31%, AUC: 0.69 [VAL] Loss: 0.6391, Accuracy: 66.00%, Precision: 0.62, Recall: 0.70, F1: 0.66, AUC: 0.66
Epoch [51/100] [TRAIN] Loss: 0.6118, Accuracy: 69.54%, AUC: 0.70 [VAL] Loss: 0.6390, Accuracy: 66.00%, Precision: 0.62, Recall: 0.70, F1: 0.66, AUC: 0.66
Epoch [52/100] [TRAIN] Loss: 0.6102, Accuracy: 69.80%, AUC: 0.70 [VAL] Loss: 0.6388, Accuracy: 65.90%, Precision: 0.62, Recall: 0.70, F1: 0.66, AUC: 0.66
Epoch [53/100] [TRAIN] Loss: 0.6090, Accuracy: 70.09%, AUC: 0.70 [VAL] Loss: 0.6394, Accuracy: 65.60%, Precision: 0.62, Recall: 0.69, F1: 0.65, AUC: 0.66
Epoch [54/100] [TRAIN] Loss: 0.6095, Accuracy: 70.04%, AUC: 0.70 [VAL] Loss: 0.6391, Accuracy: 65.90%, Precision: 0.62, Recall: 0.70, F1: 0.66, AUC: 0.66
Epoch [55/100] [TRAIN] Loss: 0.6097, Accuracy: 69.99%, AUC: 0.70 [VAL] Loss: 0.6381, Accuracy: 65.90%, Precision: 0.62, Recall: 0.70, F1: 0.66, AUC: 0.66
Epoch [56/100] [TRAIN] Loss: 0.6089, Accuracy: 70.14%, AUC: 0.70 [VAL] Loss: 0.6379, Accuracy: 65.80%, Precision: 0.62, Recall: 0.70, F1: 0.66, AUC: 0.66
Epoch [57/100] [TRAIN] Loss: 0.6103, Accuracy: 70.11%, AUC: 0.70 [VAL] Loss: 0.6381, Accuracy: 65.80%, Precision: 0.62, Recall: 0.70, F1: 0.66, AUC: 0.66
Epoch [58/100] [TRAIN] Loss: 0.6103, Accuracy: 69.64%, AUC: 0.70 [VAL] Loss: 0.6382, Accuracy: 66.20%, Precision: 0.62, Recall: 0.70, F1: 0.66, AUC: 0.66
Epoch [59/100] [TRAIN] Loss: 0.6089, Accuracy: 70.00%, AUC: 0.70 [VAL] Loss: 0.6382, Accuracy: 65.50%, Precision: 0.61, Recall: 0.70, F1: 0.65, AUC: 0.66
Epoch [60/100] [TRAIN] Loss: 0.6096, Accuracy: 69.97%, AUC: 0.70 [VAL] Loss: 0.6377, Accuracy: 65.90%, Precision: 0.62, Recall: 0.70, F1: 0.66, AUC: 0.66
Epoch [61/100] [TRAIN] Loss: 0.6109, Accuracy: 69.66%, AUC: 0.70 [VAL] Loss: 0.6374, Accuracy: 66.00%, Precision: 0.62, Recall: 0.70, F1: 0.66, AUC: 0.66
Epoch [62/100] [TRAIN] Loss: 0.6079, Accuracy: 70.17%, AUC: 0.70 [VAL] Loss: 0.6376, Accuracy: 66.20%, Precision: 0.62, Recall: 0.70, F1: 0.66, AUC: 0.66
Epoch [63/100] [TRAIN] Loss: 0.6075, Accuracy: 69.91%, AUC: 0.70 [VAL] Loss: 0.6373, Accuracy: 66.00%, Precision: 0.62, Recall: 0.70, F1: 0.66, AUC: 0.66
Epoch [64/100] [TRAIN] Loss: 0.6074, Accuracy: 69.71%, AUC: 0.70 [VAL] Loss: 0.6386, Accuracy: 65.90%, Precision: 0.62, Recall: 0.70, F1: 0.66, AUC: 0.66
Epoch [65/100] [TRAIN] Loss: 0.6083, Accuracy: 70.10%, AUC: 0.70 [VAL] Loss: 0.6379, Accuracy: 65.90%, Precision: 0.62, Recall: 0.70, F1: 0.66, AUC: 0.66
Epoch [66/100] [TRAIN] Loss: 0.6073, Accuracy: 70.12%, AUC: 0.70 [VAL] Loss: 0.6373, Accuracy: 66.10%, Precision: 0.62, Recall: 0.70, F1: 0.66, AUC: 0.66
Epoch [67/100] [TRAIN] Loss: 0.6055, Accuracy: 70.47%, AUC: 0.71 [VAL] Loss: 0.6374, Accuracy: 65.90%, Precision: 0.62, Recall: 0.70, F1: 0.66, AUC: 0.66
Epoch [68/100] [TRAIN] Loss: 0.6069, Accuracy: 70.46%, AUC: 0.70 [VAL] Loss: 0.6370, Accuracy: 65.80%, Precision: 0.62, Recall: 0.70, F1: 0.66, AUC: 0.66
Epoch [69/100] [TRAIN] Loss: 0.6068, Accuracy: 70.36%, AUC: 0.70 [VAL] Loss: 0.6371, Accuracy: 66.00%, Precision: 0.62, Recall: 0.70, F1: 0.66, AUC: 0.66
Epoch [70/100] [TRAIN] Loss: 0.6075, Accuracy: 70.20%, AUC: 0.70 [VAL] Loss: 0.6362, Accuracy: 66.30%, Precision: 0.62, Recall: 0.70, F1: 0.66, AUC: 0.67
Epoch [71/100] [TRAIN] Loss: 0.6043, Accuracy: 70.90%, AUC: 0.71 [VAL] Loss: 0.6362, Accuracy: 65.90%, Precision: 0.62, Recall: 0.70, F1: 0.66, AUC: 0.66
Epoch [72/100] [TRAIN] Loss: 0.6062, Accuracy: 70.22%, AUC: 0.70 [VAL] Loss: 0.6361, Accuracy: 66.00%, Precision: 0.62, Recall: 0.70, F1: 0.66, AUC: 0.66
Epoch [73/100] [TRAIN] Loss: 0.6076, Accuracy: 69.88%, AUC: 0.70 [VAL] Loss: 0.6360, Accuracy: 66.30%, Precision: 0.62, Recall: 0.71, F1: 0.66, AUC: 0.67
Epoch [74/100] [TRAIN] Loss: 0.6055, Accuracy: 70.34%, AUC: 0.70 [VAL] Loss: 0.6364, Accuracy: 66.20%, Precision: 0.62, Recall: 0.70, F1: 0.66, AUC: 0.66
Epoch [75/100] [TRAIN] Loss: 0.6063, Accuracy: 70.56%, AUC: 0.71 [VAL] Loss: 0.6366, Accuracy: 66.00%, Precision: 0.62, Recall: 0.70, F1: 0.66, AUC: 0.66
Epoch [76/100] [TRAIN] Loss: 0.6049, Accuracy: 69.86%, AUC: 0.70 [VAL] Loss: 0.6364, Accuracy: 66.10%, Precision: 0.62, Recall: 0.70, F1: 0.66, AUC: 0.66
Epoch [77/100] [TRAIN] Loss: 0.6061, Accuracy: 70.21%, AUC: 0.70 [VAL] Loss: 0.6366, Accuracy: 65.80%, Precision: 0.62, Recall: 0.70, F1: 0.66, AUC: 0.66
Epoch [78/100] [TRAIN] Loss: 0.6025, Accuracy: 70.28%, AUC: 0.70 [VAL] Loss: 0.6369, Accuracy: 65.60%, Precision: 0.61, Recall: 0.70, F1: 0.65, AUC: 0.66
Epoch [79/100] [TRAIN] Loss: 0.6070, Accuracy: 70.20%, AUC: 0.70 [VAL] Loss: 0.6361, Accuracy: 66.00%, Precision: 0.62, Recall: 0.70, F1: 0.66, AUC: 0.66
Epoch [80/100] [TRAIN] Loss: 0.6054, Accuracy: 70.14%, AUC: 0.70 [VAL] Loss: 0.6362, Accuracy: 66.00%, Precision: 0.62, Recall: 0.70, F1: 0.66, AUC: 0.66
Epoch [81/100] [TRAIN] Loss: 0.6027, Accuracy: 70.40%, AUC: 0.70 [VAL] Loss: 0.6362, Accuracy: 66.10%, Precision: 0.62, Recall: 0.71, F1: 0.66, AUC: 0.66
Epoch [82/100] [TRAIN] Loss: 0.6047, Accuracy: 70.08%, AUC: 0.70 [VAL] Loss: 0.6362, Accuracy: 65.90%, Precision: 0.62, Recall: 0.70, F1: 0.66, AUC: 0.66
Epoch [83/100] [TRAIN] Loss: 0.6043, Accuracy: 70.47%, AUC: 0.71 [VAL] Loss: 0.6361, Accuracy: 65.90%, Precision: 0.62, Recall: 0.70, F1: 0.66, AUC: 0.66
  Early stopping at epoch 83 (no val_loss improvement for 10 epochs)
  Antisymmetry score:      0.9400
  Total violations:        60 / 1000
  Pairs near boundary:     360 (36.0%)
  Avg |prob-0.5| at violation: 0.0000  (near 0 = boundary issue, larger = real failure)
Seed: 789
Accuracy:  70.50 %
AUC:       0.7074
Precision: 0.6679
Recall:    0.7589
F1-Score:  0.7105

Antisymmetry score:  0.9400  (1.0 = perfect, ~0.5 = random)

Detailed Classification Report:
              precision    recall  f1-score   support

           0       0.75      0.66      0.70       523
           1       0.67      0.76      0.71       477

    accuracy                           0.70      1000
   macro avg       0.71      0.71      0.70      1000
weighted avg       0.71      0.70      0.70      1000


Confusion Matrix:
[[343 180]
 [115 362]]


017-H3K4me3-H3K9ac-H3K27me3
Train label distribution:
  Label 0:   4257 (53.2%)
  Label 1:   3743 (46.8%)
Val label distribution:
  Label 0:    535 (53.5%)
  Label 1:    465 (46.5%)
Test label distribution:
  Label 0:    523 (52.3%)
  Label 1:    477 (47.7%)
Epoch [1/100] [TRAIN] Loss: 0.6747, Accuracy: 64.66%, AUC: 0.65 [VAL] Loss: 0.6522, Accuracy: 64.50%, Precision: 0.61, Recall: 0.66, F1: 0.63, AUC: 0.65
Epoch [2/100] [TRAIN] Loss: 0.6518, Accuracy: 67.96%, AUC: 0.68 [VAL] Loss: 0.6509, Accuracy: 64.40%, Precision: 0.61, Recall: 0.66, F1: 0.63, AUC: 0.65
Epoch [3/100] [TRAIN] Loss: 0.6478, Accuracy: 68.50%, AUC: 0.69 [VAL] Loss: 0.6491, Accuracy: 64.90%, Precision: 0.61, Recall: 0.67, F1: 0.64, AUC: 0.65
Epoch [4/100] [TRAIN] Loss: 0.6441, Accuracy: 68.19%, AUC: 0.68 [VAL] Loss: 0.6482, Accuracy: 64.40%, Precision: 0.61, Recall: 0.67, F1: 0.64, AUC: 0.65
Epoch [5/100] [TRAIN] Loss: 0.6434, Accuracy: 68.20%, AUC: 0.68 [VAL] Loss: 0.6477, Accuracy: 64.70%, Precision: 0.61, Recall: 0.67, F1: 0.64, AUC: 0.65
Epoch [6/100] [TRAIN] Loss: 0.6374, Accuracy: 68.95%, AUC: 0.69 [VAL] Loss: 0.6464, Accuracy: 65.20%, Precision: 0.62, Recall: 0.67, F1: 0.64, AUC: 0.65
Epoch [7/100] [TRAIN] Loss: 0.6339, Accuracy: 68.95%, AUC: 0.69 [VAL] Loss: 0.6456, Accuracy: 65.30%, Precision: 0.62, Recall: 0.67, F1: 0.64, AUC: 0.65
Epoch [8/100] [TRAIN] Loss: 0.6344, Accuracy: 69.14%, AUC: 0.69 [VAL] Loss: 0.6453, Accuracy: 65.10%, Precision: 0.61, Recall: 0.67, F1: 0.64, AUC: 0.65
Epoch [9/100] [TRAIN] Loss: 0.6338, Accuracy: 68.86%, AUC: 0.69 [VAL] Loss: 0.6445, Accuracy: 64.90%, Precision: 0.61, Recall: 0.67, F1: 0.64, AUC: 0.65
Epoch [10/100] [TRAIN] Loss: 0.6332, Accuracy: 69.08%, AUC: 0.69 [VAL] Loss: 0.6442, Accuracy: 65.40%, Precision: 0.62, Recall: 0.68, F1: 0.64, AUC: 0.66
Epoch [11/100] [TRAIN] Loss: 0.6290, Accuracy: 69.72%, AUC: 0.70 [VAL] Loss: 0.6441, Accuracy: 65.50%, Precision: 0.62, Recall: 0.68, F1: 0.65, AUC: 0.66
Epoch [12/100] [TRAIN] Loss: 0.6278, Accuracy: 68.95%, AUC: 0.69 [VAL] Loss: 0.6433, Accuracy: 66.00%, Precision: 0.62, Recall: 0.68, F1: 0.65, AUC: 0.66
Epoch [13/100] [TRAIN] Loss: 0.6239, Accuracy: 69.25%, AUC: 0.69 [VAL] Loss: 0.6427, Accuracy: 65.70%, Precision: 0.62, Recall: 0.68, F1: 0.65, AUC: 0.66
Epoch [14/100] [TRAIN] Loss: 0.6280, Accuracy: 68.99%, AUC: 0.69 [VAL] Loss: 0.6424, Accuracy: 65.60%, Precision: 0.62, Recall: 0.68, F1: 0.65, AUC: 0.66
Epoch [15/100] [TRAIN] Loss: 0.6258, Accuracy: 69.62%, AUC: 0.70 [VAL] Loss: 0.6423, Accuracy: 65.70%, Precision: 0.62, Recall: 0.68, F1: 0.65, AUC: 0.66
Epoch [16/100] [TRAIN] Loss: 0.6271, Accuracy: 68.85%, AUC: 0.69 [VAL] Loss: 0.6423, Accuracy: 66.00%, Precision: 0.62, Recall: 0.68, F1: 0.65, AUC: 0.66
Epoch [17/100] [TRAIN] Loss: 0.6201, Accuracy: 69.81%, AUC: 0.70 [VAL] Loss: 0.6419, Accuracy: 66.00%, Precision: 0.62, Recall: 0.68, F1: 0.65, AUC: 0.66
Epoch [18/100] [TRAIN] Loss: 0.6260, Accuracy: 69.08%, AUC: 0.69 [VAL] Loss: 0.6409, Accuracy: 65.90%, Precision: 0.62, Recall: 0.68, F1: 0.65, AUC: 0.66
Epoch [19/100] [TRAIN] Loss: 0.6239, Accuracy: 69.45%, AUC: 0.70 [VAL] Loss: 0.6402, Accuracy: 65.60%, Precision: 0.62, Recall: 0.68, F1: 0.65, AUC: 0.66
Epoch [20/100] [TRAIN] Loss: 0.6226, Accuracy: 69.24%, AUC: 0.69 [VAL] Loss: 0.6400, Accuracy: 65.90%, Precision: 0.62, Recall: 0.68, F1: 0.65, AUC: 0.66
Epoch [21/100] [TRAIN] Loss: 0.6212, Accuracy: 69.11%, AUC: 0.69 [VAL] Loss: 0.6398, Accuracy: 65.90%, Precision: 0.62, Recall: 0.68, F1: 0.65, AUC: 0.66
Epoch [22/100] [TRAIN] Loss: 0.6196, Accuracy: 69.39%, AUC: 0.69 [VAL] Loss: 0.6393, Accuracy: 66.20%, Precision: 0.62, Recall: 0.68, F1: 0.65, AUC: 0.66
Epoch [23/100] [TRAIN] Loss: 0.6221, Accuracy: 68.90%, AUC: 0.69 [VAL] Loss: 0.6389, Accuracy: 66.40%, Precision: 0.63, Recall: 0.69, F1: 0.66, AUC: 0.67
Epoch [24/100] [TRAIN] Loss: 0.6213, Accuracy: 69.09%, AUC: 0.69 [VAL] Loss: 0.6383, Accuracy: 66.10%, Precision: 0.62, Recall: 0.68, F1: 0.65, AUC: 0.66
Epoch [25/100] [TRAIN] Loss: 0.6203, Accuracy: 69.30%, AUC: 0.69 [VAL] Loss: 0.6382, Accuracy: 66.40%, Precision: 0.63, Recall: 0.68, F1: 0.65, AUC: 0.67
Epoch [26/100] [TRAIN] Loss: 0.6207, Accuracy: 69.16%, AUC: 0.69 [VAL] Loss: 0.6376, Accuracy: 66.10%, Precision: 0.62, Recall: 0.68, F1: 0.65, AUC: 0.66
Epoch [27/100] [TRAIN] Loss: 0.6184, Accuracy: 69.25%, AUC: 0.69 [VAL] Loss: 0.6370, Accuracy: 66.10%, Precision: 0.62, Recall: 0.68, F1: 0.65, AUC: 0.66
Epoch [28/100] [TRAIN] Loss: 0.6197, Accuracy: 69.14%, AUC: 0.69 [VAL] Loss: 0.6365, Accuracy: 66.50%, Precision: 0.63, Recall: 0.68, F1: 0.65, AUC: 0.67
Epoch [29/100] [TRAIN] Loss: 0.6173, Accuracy: 69.35%, AUC: 0.69 [VAL] Loss: 0.6361, Accuracy: 66.40%, Precision: 0.63, Recall: 0.68, F1: 0.65, AUC: 0.67
Epoch [30/100] [TRAIN] Loss: 0.6208, Accuracy: 68.74%, AUC: 0.69 [VAL] Loss: 0.6361, Accuracy: 66.10%, Precision: 0.62, Recall: 0.68, F1: 0.65, AUC: 0.66
Epoch [31/100] [TRAIN] Loss: 0.6162, Accuracy: 69.38%, AUC: 0.69 [VAL] Loss: 0.6359, Accuracy: 66.30%, Precision: 0.63, Recall: 0.68, F1: 0.65, AUC: 0.66
Epoch [32/100] [TRAIN] Loss: 0.6170, Accuracy: 69.59%, AUC: 0.70 [VAL] Loss: 0.6357, Accuracy: 66.00%, Precision: 0.62, Recall: 0.68, F1: 0.65, AUC: 0.66
Epoch [33/100] [TRAIN] Loss: 0.6180, Accuracy: 68.79%, AUC: 0.69 [VAL] Loss: 0.6356, Accuracy: 65.90%, Precision: 0.62, Recall: 0.68, F1: 0.65, AUC: 0.66
Epoch [34/100] [TRAIN] Loss: 0.6176, Accuracy: 69.29%, AUC: 0.69 [VAL] Loss: 0.6357, Accuracy: 66.10%, Precision: 0.62, Recall: 0.68, F1: 0.65, AUC: 0.66
Epoch [35/100] [TRAIN] Loss: 0.6173, Accuracy: 69.29%, AUC: 0.69 [VAL] Loss: 0.6355, Accuracy: 66.40%, Precision: 0.63, Recall: 0.69, F1: 0.66, AUC: 0.67
Epoch [36/100] [TRAIN] Loss: 0.6149, Accuracy: 69.97%, AUC: 0.70 [VAL] Loss: 0.6353, Accuracy: 66.30%, Precision: 0.63, Recall: 0.69, F1: 0.65, AUC: 0.66
Epoch [37/100] [TRAIN] Loss: 0.6162, Accuracy: 69.34%, AUC: 0.69 [VAL] Loss: 0.6350, Accuracy: 66.10%, Precision: 0.62, Recall: 0.68, F1: 0.65, AUC: 0.66
Epoch [38/100] [TRAIN] Loss: 0.6160, Accuracy: 68.62%, AUC: 0.69 [VAL] Loss: 0.6345, Accuracy: 66.00%, Precision: 0.62, Recall: 0.68, F1: 0.65, AUC: 0.66
Epoch [39/100] [TRAIN] Loss: 0.6162, Accuracy: 69.85%, AUC: 0.70 [VAL] Loss: 0.6346, Accuracy: 66.00%, Precision: 0.62, Recall: 0.68, F1: 0.65, AUC: 0.66
Epoch [40/100] [TRAIN] Loss: 0.6153, Accuracy: 69.30%, AUC: 0.69 [VAL] Loss: 0.6339, Accuracy: 65.90%, Precision: 0.62, Recall: 0.68, F1: 0.65, AUC: 0.66
Epoch [41/100] [TRAIN] Loss: 0.6161, Accuracy: 69.39%, AUC: 0.69 [VAL] Loss: 0.6336, Accuracy: 66.10%, Precision: 0.62, Recall: 0.68, F1: 0.65, AUC: 0.66
Epoch [42/100] [TRAIN] Loss: 0.6163, Accuracy: 69.34%, AUC: 0.69 [VAL] Loss: 0.6336, Accuracy: 66.20%, Precision: 0.63, Recall: 0.68, F1: 0.65, AUC: 0.66
Epoch [43/100] [TRAIN] Loss: 0.6137, Accuracy: 69.66%, AUC: 0.70 [VAL] Loss: 0.6333, Accuracy: 66.20%, Precision: 0.63, Recall: 0.68, F1: 0.65, AUC: 0.66
Epoch [44/100] [TRAIN] Loss: 0.6118, Accuracy: 69.60%, AUC: 0.70 [VAL] Loss: 0.6330, Accuracy: 66.20%, Precision: 0.63, Recall: 0.68, F1: 0.65, AUC: 0.66
Epoch [45/100] [TRAIN] Loss: 0.6127, Accuracy: 69.67%, AUC: 0.70 [VAL] Loss: 0.6330, Accuracy: 66.20%, Precision: 0.63, Recall: 0.68, F1: 0.65, AUC: 0.66
Epoch [46/100] [TRAIN] Loss: 0.6121, Accuracy: 69.42%, AUC: 0.70 [VAL] Loss: 0.6328, Accuracy: 66.30%, Precision: 0.63, Recall: 0.68, F1: 0.65, AUC: 0.66
Epoch [47/100] [TRAIN] Loss: 0.6117, Accuracy: 69.31%, AUC: 0.69 [VAL] Loss: 0.6328, Accuracy: 66.80%, Precision: 0.63, Recall: 0.69, F1: 0.66, AUC: 0.67
Epoch [48/100] [TRAIN] Loss: 0.6120, Accuracy: 69.50%, AUC: 0.70 [VAL] Loss: 0.6327, Accuracy: 66.40%, Precision: 0.63, Recall: 0.68, F1: 0.65, AUC: 0.67
Epoch [49/100] [TRAIN] Loss: 0.6129, Accuracy: 69.59%, AUC: 0.70 [VAL] Loss: 0.6322, Accuracy: 66.50%, Precision: 0.63, Recall: 0.68, F1: 0.65, AUC: 0.67
Epoch [50/100] [TRAIN] Loss: 0.6144, Accuracy: 69.11%, AUC: 0.69 [VAL] Loss: 0.6321, Accuracy: 66.60%, Precision: 0.63, Recall: 0.68, F1: 0.65, AUC: 0.67
Epoch [51/100] [TRAIN] Loss: 0.6104, Accuracy: 68.96%, AUC: 0.69 [VAL] Loss: 0.6323, Accuracy: 66.60%, Precision: 0.63, Recall: 0.68, F1: 0.65, AUC: 0.67
Epoch [52/100] [TRAIN] Loss: 0.6124, Accuracy: 69.91%, AUC: 0.70 [VAL] Loss: 0.6317, Accuracy: 66.50%, Precision: 0.63, Recall: 0.68, F1: 0.65, AUC: 0.67
Epoch [53/100] [TRAIN] Loss: 0.6115, Accuracy: 69.58%, AUC: 0.70 [VAL] Loss: 0.6316, Accuracy: 66.60%, Precision: 0.63, Recall: 0.68, F1: 0.65, AUC: 0.67
Epoch [54/100] [TRAIN] Loss: 0.6103, Accuracy: 69.12%, AUC: 0.69 [VAL] Loss: 0.6319, Accuracy: 66.60%, Precision: 0.63, Recall: 0.68, F1: 0.65, AUC: 0.67
Epoch [55/100] [TRAIN] Loss: 0.6122, Accuracy: 69.40%, AUC: 0.69 [VAL] Loss: 0.6317, Accuracy: 66.40%, Precision: 0.63, Recall: 0.68, F1: 0.65, AUC: 0.67
Epoch [56/100] [TRAIN] Loss: 0.6122, Accuracy: 69.54%, AUC: 0.70 [VAL] Loss: 0.6320, Accuracy: 66.60%, Precision: 0.63, Recall: 0.68, F1: 0.66, AUC: 0.67
Epoch [57/100] [TRAIN] Loss: 0.6104, Accuracy: 69.95%, AUC: 0.70 [VAL] Loss: 0.6318, Accuracy: 66.70%, Precision: 0.63, Recall: 0.68, F1: 0.66, AUC: 0.67
Epoch [58/100] [TRAIN] Loss: 0.6113, Accuracy: 69.36%, AUC: 0.69 [VAL] Loss: 0.6311, Accuracy: 66.40%, Precision: 0.63, Recall: 0.68, F1: 0.65, AUC: 0.67
Epoch [59/100] [TRAIN] Loss: 0.6140, Accuracy: 69.21%, AUC: 0.69 [VAL] Loss: 0.6309, Accuracy: 66.50%, Precision: 0.63, Recall: 0.68, F1: 0.65, AUC: 0.67
Epoch [60/100] [TRAIN] Loss: 0.6096, Accuracy: 69.45%, AUC: 0.70 [VAL] Loss: 0.6311, Accuracy: 66.50%, Precision: 0.63, Recall: 0.68, F1: 0.65, AUC: 0.67
Epoch [61/100] [TRAIN] Loss: 0.6093, Accuracy: 69.67%, AUC: 0.70 [VAL] Loss: 0.6309, Accuracy: 66.30%, Precision: 0.63, Recall: 0.68, F1: 0.65, AUC: 0.66
Epoch [62/100] [TRAIN] Loss: 0.6086, Accuracy: 69.35%, AUC: 0.69 [VAL] Loss: 0.6311, Accuracy: 66.80%, Precision: 0.63, Recall: 0.68, F1: 0.66, AUC: 0.67
Epoch [63/100] [TRAIN] Loss: 0.6107, Accuracy: 69.47%, AUC: 0.70 [VAL] Loss: 0.6312, Accuracy: 66.60%, Precision: 0.63, Recall: 0.68, F1: 0.66, AUC: 0.67
Epoch [64/100] [TRAIN] Loss: 0.6086, Accuracy: 69.76%, AUC: 0.70 [VAL] Loss: 0.6312, Accuracy: 66.50%, Precision: 0.63, Recall: 0.68, F1: 0.65, AUC: 0.67
Epoch [65/100] [TRAIN] Loss: 0.6086, Accuracy: 69.85%, AUC: 0.70 [VAL] Loss: 0.6310, Accuracy: 66.80%, Precision: 0.63, Recall: 0.68, F1: 0.66, AUC: 0.67
Epoch [66/100] [TRAIN] Loss: 0.6084, Accuracy: 69.66%, AUC: 0.70 [VAL] Loss: 0.6309, Accuracy: 66.60%, Precision: 0.63, Recall: 0.68, F1: 0.65, AUC: 0.67
Epoch [67/100] [TRAIN] Loss: 0.6073, Accuracy: 69.94%, AUC: 0.70 [VAL] Loss: 0.6309, Accuracy: 66.70%, Precision: 0.63, Recall: 0.68, F1: 0.65, AUC: 0.67
Epoch [68/100] [TRAIN] Loss: 0.6071, Accuracy: 69.47%, AUC: 0.70 [VAL] Loss: 0.6308, Accuracy: 66.60%, Precision: 0.63, Recall: 0.68, F1: 0.65, AUC: 0.67
Epoch [69/100] [TRAIN] Loss: 0.6050, Accuracy: 69.81%, AUC: 0.70 [VAL] Loss: 0.6309, Accuracy: 66.60%, Precision: 0.63, Recall: 0.68, F1: 0.65, AUC: 0.67
  Early stopping at epoch 69 (no val_loss improvement for 10 epochs)
  Antisymmetry score:      0.9660
  Total violations:        34 / 1000
  Pairs near boundary:     370 (37.0%)
  Avg |prob-0.5| at violation: 0.0000  (near 0 = boundary issue, larger = real failure)
Seed: 789
Accuracy:  69.80 %
AUC:       0.7000
Precision: 0.6636
Recall:    0.7442
F1-Score:  0.7016

Antisymmetry score:  0.9660  (1.0 = perfect, ~0.5 = random)

Detailed Classification Report:
              precision    recall  f1-score   support

           0       0.74      0.66      0.69       523
           1       0.66      0.74      0.70       477

    accuracy                           0.70      1000
   macro avg       0.70      0.70      0.70      1000
weighted avg       0.70      0.70      0.70      1000


Confusion Matrix:
[[343 180]
 [122 355]]


018-H3K4me3-H3K9me3-H3K27ac
Train label distribution:
  Label 0:   4257 (53.2%)
  Label 1:   3743 (46.8%)
Val label distribution:
  Label 0:    535 (53.5%)
  Label 1:    465 (46.5%)
Test label distribution:
  Label 0:    523 (52.3%)
  Label 1:    477 (47.7%)
Epoch [1/100] [TRAIN] Loss: 0.6922, Accuracy: 64.78%, AUC: 0.65 [VAL] Loss: 0.6654, Accuracy: 63.30%, Precision: 0.59, Recall: 0.67, F1: 0.63, AUC: 0.64
Epoch [2/100] [TRAIN] Loss: 0.6616, Accuracy: 67.20%, AUC: 0.67 [VAL] Loss: 0.6598, Accuracy: 63.60%, Precision: 0.60, Recall: 0.68, F1: 0.63, AUC: 0.64
Epoch [3/100] [TRAIN] Loss: 0.6474, Accuracy: 68.60%, AUC: 0.69 [VAL] Loss: 0.6557, Accuracy: 63.70%, Precision: 0.60, Recall: 0.67, F1: 0.63, AUC: 0.64
Epoch [4/100] [TRAIN] Loss: 0.6401, Accuracy: 68.76%, AUC: 0.69 [VAL] Loss: 0.6527, Accuracy: 64.40%, Precision: 0.60, Recall: 0.69, F1: 0.64, AUC: 0.65
Epoch [5/100] [TRAIN] Loss: 0.6339, Accuracy: 69.03%, AUC: 0.69 [VAL] Loss: 0.6507, Accuracy: 64.10%, Precision: 0.60, Recall: 0.68, F1: 0.64, AUC: 0.64
Epoch [6/100] [TRAIN] Loss: 0.6347, Accuracy: 69.44%, AUC: 0.69 [VAL] Loss: 0.6497, Accuracy: 64.20%, Precision: 0.60, Recall: 0.69, F1: 0.64, AUC: 0.65
Epoch [7/100] [TRAIN] Loss: 0.6315, Accuracy: 68.99%, AUC: 0.69 [VAL] Loss: 0.6483, Accuracy: 64.10%, Precision: 0.60, Recall: 0.69, F1: 0.64, AUC: 0.64
Epoch [8/100] [TRAIN] Loss: 0.6337, Accuracy: 68.47%, AUC: 0.69 [VAL] Loss: 0.6471, Accuracy: 64.40%, Precision: 0.60, Recall: 0.70, F1: 0.65, AUC: 0.65
Epoch [9/100] [TRAIN] Loss: 0.6296, Accuracy: 68.96%, AUC: 0.69 [VAL] Loss: 0.6468, Accuracy: 64.30%, Precision: 0.60, Recall: 0.70, F1: 0.65, AUC: 0.65
Epoch [10/100] [TRAIN] Loss: 0.6282, Accuracy: 69.09%, AUC: 0.69 [VAL] Loss: 0.6464, Accuracy: 64.20%, Precision: 0.60, Recall: 0.69, F1: 0.64, AUC: 0.65
Epoch [11/100] [TRAIN] Loss: 0.6276, Accuracy: 69.08%, AUC: 0.69 [VAL] Loss: 0.6460, Accuracy: 63.90%, Precision: 0.60, Recall: 0.69, F1: 0.64, AUC: 0.64
Epoch [12/100] [TRAIN] Loss: 0.6279, Accuracy: 69.59%, AUC: 0.70 [VAL] Loss: 0.6459, Accuracy: 64.30%, Precision: 0.60, Recall: 0.69, F1: 0.64, AUC: 0.65
Epoch [13/100] [TRAIN] Loss: 0.6281, Accuracy: 69.19%, AUC: 0.69 [VAL] Loss: 0.6452, Accuracy: 64.10%, Precision: 0.60, Recall: 0.69, F1: 0.64, AUC: 0.64
Epoch [14/100] [TRAIN] Loss: 0.6235, Accuracy: 69.79%, AUC: 0.70 [VAL] Loss: 0.6448, Accuracy: 64.10%, Precision: 0.60, Recall: 0.69, F1: 0.64, AUC: 0.64
Epoch [15/100] [TRAIN] Loss: 0.6263, Accuracy: 69.15%, AUC: 0.69 [VAL] Loss: 0.6444, Accuracy: 64.00%, Precision: 0.60, Recall: 0.69, F1: 0.64, AUC: 0.64
Epoch [16/100] [TRAIN] Loss: 0.6228, Accuracy: 69.28%, AUC: 0.69 [VAL] Loss: 0.6439, Accuracy: 64.20%, Precision: 0.60, Recall: 0.69, F1: 0.64, AUC: 0.65
Epoch [17/100] [TRAIN] Loss: 0.6234, Accuracy: 69.05%, AUC: 0.69 [VAL] Loss: 0.6432, Accuracy: 64.90%, Precision: 0.61, Recall: 0.70, F1: 0.65, AUC: 0.65
Epoch [18/100] [TRAIN] Loss: 0.6222, Accuracy: 69.58%, AUC: 0.70 [VAL] Loss: 0.6427, Accuracy: 64.70%, Precision: 0.60, Recall: 0.70, F1: 0.65, AUC: 0.65
Epoch [19/100] [TRAIN] Loss: 0.6204, Accuracy: 69.67%, AUC: 0.70 [VAL] Loss: 0.6420, Accuracy: 64.40%, Precision: 0.60, Recall: 0.69, F1: 0.64, AUC: 0.65
Epoch [20/100] [TRAIN] Loss: 0.6208, Accuracy: 69.39%, AUC: 0.69 [VAL] Loss: 0.6413, Accuracy: 64.70%, Precision: 0.60, Recall: 0.70, F1: 0.65, AUC: 0.65
Epoch [21/100] [TRAIN] Loss: 0.6220, Accuracy: 69.34%, AUC: 0.69 [VAL] Loss: 0.6413, Accuracy: 64.90%, Precision: 0.61, Recall: 0.70, F1: 0.65, AUC: 0.65
Epoch [22/100] [TRAIN] Loss: 0.6181, Accuracy: 69.83%, AUC: 0.70 [VAL] Loss: 0.6415, Accuracy: 64.60%, Precision: 0.60, Recall: 0.70, F1: 0.65, AUC: 0.65
Epoch [23/100] [TRAIN] Loss: 0.6216, Accuracy: 69.53%, AUC: 0.70 [VAL] Loss: 0.6410, Accuracy: 64.70%, Precision: 0.60, Recall: 0.70, F1: 0.65, AUC: 0.65
Epoch [24/100] [TRAIN] Loss: 0.6175, Accuracy: 69.95%, AUC: 0.70 [VAL] Loss: 0.6414, Accuracy: 64.80%, Precision: 0.61, Recall: 0.70, F1: 0.65, AUC: 0.65
Epoch [25/100] [TRAIN] Loss: 0.6181, Accuracy: 69.62%, AUC: 0.70 [VAL] Loss: 0.6408, Accuracy: 64.70%, Precision: 0.60, Recall: 0.70, F1: 0.65, AUC: 0.65
Epoch [26/100] [TRAIN] Loss: 0.6220, Accuracy: 69.11%, AUC: 0.69 [VAL] Loss: 0.6409, Accuracy: 64.60%, Precision: 0.60, Recall: 0.70, F1: 0.65, AUC: 0.65
Epoch [27/100] [TRAIN] Loss: 0.6180, Accuracy: 69.29%, AUC: 0.69 [VAL] Loss: 0.6409, Accuracy: 64.80%, Precision: 0.61, Recall: 0.70, F1: 0.65, AUC: 0.65
Epoch [28/100] [TRAIN] Loss: 0.6178, Accuracy: 69.42%, AUC: 0.69 [VAL] Loss: 0.6407, Accuracy: 64.50%, Precision: 0.60, Recall: 0.69, F1: 0.65, AUC: 0.65
Epoch [29/100] [TRAIN] Loss: 0.6180, Accuracy: 69.47%, AUC: 0.69 [VAL] Loss: 0.6407, Accuracy: 64.60%, Precision: 0.60, Recall: 0.70, F1: 0.65, AUC: 0.65
Epoch [30/100] [TRAIN] Loss: 0.6154, Accuracy: 69.88%, AUC: 0.70 [VAL] Loss: 0.6402, Accuracy: 64.80%, Precision: 0.61, Recall: 0.70, F1: 0.65, AUC: 0.65
Epoch [31/100] [TRAIN] Loss: 0.6142, Accuracy: 69.74%, AUC: 0.70 [VAL] Loss: 0.6397, Accuracy: 64.60%, Precision: 0.60, Recall: 0.69, F1: 0.65, AUC: 0.65
Epoch [32/100] [TRAIN] Loss: 0.6160, Accuracy: 69.34%, AUC: 0.69 [VAL] Loss: 0.6395, Accuracy: 64.70%, Precision: 0.60, Recall: 0.70, F1: 0.65, AUC: 0.65
Epoch [33/100] [TRAIN] Loss: 0.6151, Accuracy: 69.47%, AUC: 0.69 [VAL] Loss: 0.6388, Accuracy: 64.60%, Precision: 0.60, Recall: 0.69, F1: 0.65, AUC: 0.65
Epoch [34/100] [TRAIN] Loss: 0.6158, Accuracy: 69.47%, AUC: 0.69 [VAL] Loss: 0.6389, Accuracy: 65.10%, Precision: 0.61, Recall: 0.70, F1: 0.65, AUC: 0.65
Epoch [35/100] [TRAIN] Loss: 0.6155, Accuracy: 69.54%, AUC: 0.70 [VAL] Loss: 0.6389, Accuracy: 64.70%, Precision: 0.60, Recall: 0.70, F1: 0.65, AUC: 0.65
Epoch [36/100] [TRAIN] Loss: 0.6145, Accuracy: 69.51%, AUC: 0.70 [VAL] Loss: 0.6388, Accuracy: 64.60%, Precision: 0.60, Recall: 0.69, F1: 0.65, AUC: 0.65
Epoch [37/100] [TRAIN] Loss: 0.6119, Accuracy: 70.14%, AUC: 0.70 [VAL] Loss: 0.6385, Accuracy: 64.40%, Precision: 0.60, Recall: 0.69, F1: 0.64, AUC: 0.65
Epoch [38/100] [TRAIN] Loss: 0.6141, Accuracy: 69.62%, AUC: 0.70 [VAL] Loss: 0.6386, Accuracy: 64.50%, Precision: 0.60, Recall: 0.69, F1: 0.65, AUC: 0.65
Epoch [39/100] [TRAIN] Loss: 0.6125, Accuracy: 70.16%, AUC: 0.70 [VAL] Loss: 0.6384, Accuracy: 64.40%, Precision: 0.60, Recall: 0.69, F1: 0.64, AUC: 0.65
Epoch [40/100] [TRAIN] Loss: 0.6106, Accuracy: 69.78%, AUC: 0.70 [VAL] Loss: 0.6381, Accuracy: 64.70%, Precision: 0.60, Recall: 0.70, F1: 0.65, AUC: 0.65
Epoch [41/100] [TRAIN] Loss: 0.6123, Accuracy: 69.88%, AUC: 0.70 [VAL] Loss: 0.6380, Accuracy: 64.40%, Precision: 0.60, Recall: 0.69, F1: 0.64, AUC: 0.65
Epoch [42/100] [TRAIN] Loss: 0.6133, Accuracy: 69.85%, AUC: 0.70 [VAL] Loss: 0.6372, Accuracy: 64.70%, Precision: 0.61, Recall: 0.69, F1: 0.65, AUC: 0.65
Epoch [43/100] [TRAIN] Loss: 0.6120, Accuracy: 69.65%, AUC: 0.70 [VAL] Loss: 0.6373, Accuracy: 64.80%, Precision: 0.61, Recall: 0.70, F1: 0.65, AUC: 0.65
Epoch [44/100] [TRAIN] Loss: 0.6104, Accuracy: 69.81%, AUC: 0.70 [VAL] Loss: 0.6377, Accuracy: 65.00%, Precision: 0.61, Recall: 0.70, F1: 0.65, AUC: 0.65
Epoch [45/100] [TRAIN] Loss: 0.6100, Accuracy: 70.50%, AUC: 0.71 [VAL] Loss: 0.6374, Accuracy: 64.90%, Precision: 0.61, Recall: 0.70, F1: 0.65, AUC: 0.65
Epoch [46/100] [TRAIN] Loss: 0.6089, Accuracy: 69.75%, AUC: 0.70 [VAL] Loss: 0.6378, Accuracy: 64.90%, Precision: 0.61, Recall: 0.70, F1: 0.65, AUC: 0.65
Epoch [47/100] [TRAIN] Loss: 0.6115, Accuracy: 69.89%, AUC: 0.70 [VAL] Loss: 0.6376, Accuracy: 65.50%, Precision: 0.61, Recall: 0.71, F1: 0.66, AUC: 0.66
Epoch [48/100] [TRAIN] Loss: 0.6107, Accuracy: 70.00%, AUC: 0.70 [VAL] Loss: 0.6368, Accuracy: 65.20%, Precision: 0.61, Recall: 0.70, F1: 0.65, AUC: 0.66
Epoch [49/100] [TRAIN] Loss: 0.6125, Accuracy: 70.00%, AUC: 0.70 [VAL] Loss: 0.6369, Accuracy: 65.10%, Precision: 0.61, Recall: 0.70, F1: 0.65, AUC: 0.65
Epoch [50/100] [TRAIN] Loss: 0.6095, Accuracy: 69.74%, AUC: 0.70 [VAL] Loss: 0.6369, Accuracy: 65.40%, Precision: 0.61, Recall: 0.71, F1: 0.65, AUC: 0.66
Epoch [51/100] [TRAIN] Loss: 0.6098, Accuracy: 70.20%, AUC: 0.70 [VAL] Loss: 0.6366, Accuracy: 65.30%, Precision: 0.61, Recall: 0.71, F1: 0.65, AUC: 0.66
Epoch [52/100] [TRAIN] Loss: 0.6087, Accuracy: 70.55%, AUC: 0.71 [VAL] Loss: 0.6367, Accuracy: 65.20%, Precision: 0.61, Recall: 0.71, F1: 0.65, AUC: 0.66
Epoch [53/100] [TRAIN] Loss: 0.6079, Accuracy: 70.36%, AUC: 0.70 [VAL] Loss: 0.6364, Accuracy: 64.60%, Precision: 0.60, Recall: 0.70, F1: 0.65, AUC: 0.65
Epoch [54/100] [TRAIN] Loss: 0.6102, Accuracy: 69.84%, AUC: 0.70 [VAL] Loss: 0.6359, Accuracy: 64.90%, Precision: 0.61, Recall: 0.70, F1: 0.65, AUC: 0.65
Epoch [55/100] [TRAIN] Loss: 0.6096, Accuracy: 70.08%, AUC: 0.70 [VAL] Loss: 0.6356, Accuracy: 65.00%, Precision: 0.61, Recall: 0.71, F1: 0.65, AUC: 0.65
Epoch [56/100] [TRAIN] Loss: 0.6060, Accuracy: 70.19%, AUC: 0.70 [VAL] Loss: 0.6361, Accuracy: 65.10%, Precision: 0.61, Recall: 0.71, F1: 0.65, AUC: 0.65
Epoch [57/100] [TRAIN] Loss: 0.6078, Accuracy: 69.90%, AUC: 0.70 [VAL] Loss: 0.6361, Accuracy: 65.10%, Precision: 0.61, Recall: 0.71, F1: 0.65, AUC: 0.65
Epoch [58/100] [TRAIN] Loss: 0.6101, Accuracy: 69.74%, AUC: 0.70 [VAL] Loss: 0.6352, Accuracy: 65.10%, Precision: 0.61, Recall: 0.71, F1: 0.65, AUC: 0.65
Epoch [59/100] [TRAIN] Loss: 0.6081, Accuracy: 69.99%, AUC: 0.70 [VAL] Loss: 0.6356, Accuracy: 65.10%, Precision: 0.61, Recall: 0.71, F1: 0.65, AUC: 0.65
Epoch [60/100] [TRAIN] Loss: 0.6067, Accuracy: 70.11%, AUC: 0.70 [VAL] Loss: 0.6360, Accuracy: 64.80%, Precision: 0.60, Recall: 0.70, F1: 0.65, AUC: 0.65
Epoch [61/100] [TRAIN] Loss: 0.6071, Accuracy: 70.19%, AUC: 0.70 [VAL] Loss: 0.6353, Accuracy: 65.50%, Precision: 0.61, Recall: 0.71, F1: 0.66, AUC: 0.66
Epoch [62/100] [TRAIN] Loss: 0.6058, Accuracy: 70.54%, AUC: 0.71 [VAL] Loss: 0.6354, Accuracy: 65.10%, Precision: 0.61, Recall: 0.70, F1: 0.65, AUC: 0.65
Epoch [63/100] [TRAIN] Loss: 0.6075, Accuracy: 70.31%, AUC: 0.70 [VAL] Loss: 0.6354, Accuracy: 65.10%, Precision: 0.61, Recall: 0.70, F1: 0.65, AUC: 0.65
Epoch [64/100] [TRAIN] Loss: 0.6054, Accuracy: 70.01%, AUC: 0.70 [VAL] Loss: 0.6355, Accuracy: 65.10%, Precision: 0.61, Recall: 0.70, F1: 0.65, AUC: 0.65
Epoch [65/100] [TRAIN] Loss: 0.6045, Accuracy: 69.58%, AUC: 0.70 [VAL] Loss: 0.6354, Accuracy: 65.20%, Precision: 0.61, Recall: 0.70, F1: 0.65, AUC: 0.66
Epoch [66/100] [TRAIN] Loss: 0.6071, Accuracy: 70.22%, AUC: 0.70 [VAL] Loss: 0.6353, Accuracy: 65.20%, Precision: 0.61, Recall: 0.70, F1: 0.65, AUC: 0.66
Epoch [67/100] [TRAIN] Loss: 0.6072, Accuracy: 70.11%, AUC: 0.70 [VAL] Loss: 0.6352, Accuracy: 65.20%, Precision: 0.61, Recall: 0.70, F1: 0.65, AUC: 0.66
Epoch [68/100] [TRAIN] Loss: 0.6065, Accuracy: 70.15%, AUC: 0.70 [VAL] Loss: 0.6352, Accuracy: 65.10%, Precision: 0.61, Recall: 0.70, F1: 0.65, AUC: 0.65
  Early stopping at epoch 68 (no val_loss improvement for 10 epochs)
  Antisymmetry score:      0.9530
  Total violations:        47 / 1000
  Pairs near boundary:     371 (37.1%)
  Avg |prob-0.5| at violation: 0.0000  (near 0 = boundary issue, larger = real failure)
Seed: 789
Accuracy:  70.00 %
AUC:       0.7019
Precision: 0.6660
Recall:    0.7442
F1-Score:  0.7030

Antisymmetry score:  0.9530  (1.0 = perfect, ~0.5 = random)

Detailed Classification Report:
              precision    recall  f1-score   support

           0       0.74      0.66      0.70       523
           1       0.67      0.74      0.70       477

    accuracy                           0.70      1000
   macro avg       0.70      0.70      0.70      1000
weighted avg       0.70      0.70      0.70      1000


Confusion Matrix:
[[345 178]
 [122 355]]


019-H3K4me3-H3K9me3-H3K27me3
Train label distribution:
  Label 0:   4257 (53.2%)
  Label 1:   3743 (46.8%)
Val label distribution:
  Label 0:    535 (53.5%)
  Label 1:    465 (46.5%)
Test label distribution:
  Label 0:    523 (52.3%)
  Label 1:    477 (47.7%)
Epoch [1/100] [TRAIN] Loss: 0.6910, Accuracy: 62.51%, AUC: 0.63 [VAL] Loss: 0.6595, Accuracy: 64.80%, Precision: 0.61, Recall: 0.69, F1: 0.64, AUC: 0.65
Epoch [2/100] [TRAIN] Loss: 0.6578, Accuracy: 67.42%, AUC: 0.67 [VAL] Loss: 0.6549, Accuracy: 64.50%, Precision: 0.61, Recall: 0.67, F1: 0.64, AUC: 0.65
Epoch [3/100] [TRAIN] Loss: 0.6530, Accuracy: 68.42%, AUC: 0.68 [VAL] Loss: 0.6524, Accuracy: 64.90%, Precision: 0.61, Recall: 0.68, F1: 0.64, AUC: 0.65
Epoch [4/100] [TRAIN] Loss: 0.6431, Accuracy: 68.83%, AUC: 0.69 [VAL] Loss: 0.6501, Accuracy: 64.40%, Precision: 0.60, Recall: 0.68, F1: 0.64, AUC: 0.65
Epoch [5/100] [TRAIN] Loss: 0.6428, Accuracy: 68.22%, AUC: 0.68 [VAL] Loss: 0.6489, Accuracy: 64.70%, Precision: 0.61, Recall: 0.68, F1: 0.64, AUC: 0.65
Epoch [6/100] [TRAIN] Loss: 0.6415, Accuracy: 68.41%, AUC: 0.68 [VAL] Loss: 0.6478, Accuracy: 64.70%, Precision: 0.61, Recall: 0.68, F1: 0.64, AUC: 0.65
Epoch [7/100] [TRAIN] Loss: 0.6368, Accuracy: 68.41%, AUC: 0.68 [VAL] Loss: 0.6465, Accuracy: 64.70%, Precision: 0.61, Recall: 0.68, F1: 0.64, AUC: 0.65
Epoch [8/100] [TRAIN] Loss: 0.6344, Accuracy: 68.71%, AUC: 0.69 [VAL] Loss: 0.6455, Accuracy: 65.10%, Precision: 0.61, Recall: 0.68, F1: 0.64, AUC: 0.65
Epoch [9/100] [TRAIN] Loss: 0.6351, Accuracy: 68.59%, AUC: 0.69 [VAL] Loss: 0.6450, Accuracy: 65.10%, Precision: 0.61, Recall: 0.68, F1: 0.64, AUC: 0.65
Epoch [10/100] [TRAIN] Loss: 0.6305, Accuracy: 69.19%, AUC: 0.69 [VAL] Loss: 0.6443, Accuracy: 65.20%, Precision: 0.61, Recall: 0.68, F1: 0.64, AUC: 0.65
Epoch [11/100] [TRAIN] Loss: 0.6328, Accuracy: 68.86%, AUC: 0.69 [VAL] Loss: 0.6434, Accuracy: 65.40%, Precision: 0.62, Recall: 0.68, F1: 0.65, AUC: 0.66
Epoch [12/100] [TRAIN] Loss: 0.6288, Accuracy: 68.97%, AUC: 0.69 [VAL] Loss: 0.6421, Accuracy: 65.50%, Precision: 0.62, Recall: 0.68, F1: 0.65, AUC: 0.66
Epoch [13/100] [TRAIN] Loss: 0.6303, Accuracy: 68.55%, AUC: 0.69 [VAL] Loss: 0.6413, Accuracy: 65.70%, Precision: 0.62, Recall: 0.68, F1: 0.65, AUC: 0.66
Epoch [14/100] [TRAIN] Loss: 0.6317, Accuracy: 68.65%, AUC: 0.69 [VAL] Loss: 0.6408, Accuracy: 65.90%, Precision: 0.62, Recall: 0.68, F1: 0.65, AUC: 0.66
Epoch [15/100] [TRAIN] Loss: 0.6272, Accuracy: 68.88%, AUC: 0.69 [VAL] Loss: 0.6400, Accuracy: 65.70%, Precision: 0.62, Recall: 0.68, F1: 0.65, AUC: 0.66
Epoch [16/100] [TRAIN] Loss: 0.6249, Accuracy: 69.01%, AUC: 0.69 [VAL] Loss: 0.6394, Accuracy: 66.20%, Precision: 0.63, Recall: 0.68, F1: 0.65, AUC: 0.66
Epoch [17/100] [TRAIN] Loss: 0.6249, Accuracy: 68.61%, AUC: 0.69 [VAL] Loss: 0.6389, Accuracy: 66.10%, Precision: 0.62, Recall: 0.68, F1: 0.65, AUC: 0.66
Epoch [18/100] [TRAIN] Loss: 0.6224, Accuracy: 68.71%, AUC: 0.69 [VAL] Loss: 0.6388, Accuracy: 66.10%, Precision: 0.62, Recall: 0.68, F1: 0.65, AUC: 0.66
Epoch [19/100] [TRAIN] Loss: 0.6254, Accuracy: 68.56%, AUC: 0.69 [VAL] Loss: 0.6382, Accuracy: 66.10%, Precision: 0.62, Recall: 0.68, F1: 0.65, AUC: 0.66
Epoch [20/100] [TRAIN] Loss: 0.6250, Accuracy: 69.06%, AUC: 0.69 [VAL] Loss: 0.6378, Accuracy: 66.40%, Precision: 0.63, Recall: 0.68, F1: 0.65, AUC: 0.67
Epoch [21/100] [TRAIN] Loss: 0.6232, Accuracy: 69.14%, AUC: 0.69 [VAL] Loss: 0.6374, Accuracy: 66.30%, Precision: 0.63, Recall: 0.68, F1: 0.65, AUC: 0.66
Epoch [22/100] [TRAIN] Loss: 0.6248, Accuracy: 68.22%, AUC: 0.68 [VAL] Loss: 0.6370, Accuracy: 66.60%, Precision: 0.63, Recall: 0.68, F1: 0.65, AUC: 0.67
Epoch [23/100] [TRAIN] Loss: 0.6243, Accuracy: 68.72%, AUC: 0.69 [VAL] Loss: 0.6360, Accuracy: 66.50%, Precision: 0.63, Recall: 0.68, F1: 0.65, AUC: 0.67
Epoch [24/100] [TRAIN] Loss: 0.6226, Accuracy: 69.09%, AUC: 0.69 [VAL] Loss: 0.6355, Accuracy: 66.50%, Precision: 0.63, Recall: 0.68, F1: 0.65, AUC: 0.67
Epoch [25/100] [TRAIN] Loss: 0.6230, Accuracy: 68.84%, AUC: 0.69 [VAL] Loss: 0.6353, Accuracy: 66.70%, Precision: 0.63, Recall: 0.68, F1: 0.66, AUC: 0.67
Epoch [26/100] [TRAIN] Loss: 0.6217, Accuracy: 68.91%, AUC: 0.69 [VAL] Loss: 0.6350, Accuracy: 66.60%, Precision: 0.63, Recall: 0.68, F1: 0.65, AUC: 0.67
Epoch [27/100] [TRAIN] Loss: 0.6197, Accuracy: 68.97%, AUC: 0.69 [VAL] Loss: 0.6348, Accuracy: 66.80%, Precision: 0.63, Recall: 0.68, F1: 0.66, AUC: 0.67
Epoch [28/100] [TRAIN] Loss: 0.6218, Accuracy: 68.76%, AUC: 0.69 [VAL] Loss: 0.6345, Accuracy: 66.50%, Precision: 0.63, Recall: 0.68, F1: 0.65, AUC: 0.67
Epoch [29/100] [TRAIN] Loss: 0.6201, Accuracy: 69.03%, AUC: 0.69 [VAL] Loss: 0.6341, Accuracy: 66.70%, Precision: 0.63, Recall: 0.68, F1: 0.66, AUC: 0.67
Epoch [30/100] [TRAIN] Loss: 0.6207, Accuracy: 69.15%, AUC: 0.69 [VAL] Loss: 0.6342, Accuracy: 67.00%, Precision: 0.63, Recall: 0.69, F1: 0.66, AUC: 0.67
Epoch [31/100] [TRAIN] Loss: 0.6170, Accuracy: 68.75%, AUC: 0.69 [VAL] Loss: 0.6342, Accuracy: 66.90%, Precision: 0.63, Recall: 0.69, F1: 0.66, AUC: 0.67
Epoch [32/100] [TRAIN] Loss: 0.6142, Accuracy: 69.60%, AUC: 0.70 [VAL] Loss: 0.6337, Accuracy: 66.70%, Precision: 0.63, Recall: 0.68, F1: 0.66, AUC: 0.67
Epoch [33/100] [TRAIN] Loss: 0.6169, Accuracy: 68.35%, AUC: 0.68 [VAL] Loss: 0.6332, Accuracy: 66.80%, Precision: 0.63, Recall: 0.68, F1: 0.66, AUC: 0.67
Epoch [34/100] [TRAIN] Loss: 0.6198, Accuracy: 68.61%, AUC: 0.69 [VAL] Loss: 0.6327, Accuracy: 66.80%, Precision: 0.63, Recall: 0.68, F1: 0.66, AUC: 0.67
Epoch [35/100] [TRAIN] Loss: 0.6161, Accuracy: 69.00%, AUC: 0.69 [VAL] Loss: 0.6327, Accuracy: 66.60%, Precision: 0.63, Recall: 0.69, F1: 0.66, AUC: 0.67
Epoch [36/100] [TRAIN] Loss: 0.6187, Accuracy: 68.36%, AUC: 0.68 [VAL] Loss: 0.6324, Accuracy: 66.90%, Precision: 0.63, Recall: 0.69, F1: 0.66, AUC: 0.67
Epoch [37/100] [TRAIN] Loss: 0.6177, Accuracy: 68.80%, AUC: 0.69 [VAL] Loss: 0.6326, Accuracy: 66.60%, Precision: 0.63, Recall: 0.68, F1: 0.66, AUC: 0.67
Epoch [38/100] [TRAIN] Loss: 0.6178, Accuracy: 68.50%, AUC: 0.69 [VAL] Loss: 0.6326, Accuracy: 66.70%, Precision: 0.63, Recall: 0.69, F1: 0.66, AUC: 0.67
Epoch [39/100] [TRAIN] Loss: 0.6168, Accuracy: 69.03%, AUC: 0.69 [VAL] Loss: 0.6324, Accuracy: 66.60%, Precision: 0.63, Recall: 0.69, F1: 0.66, AUC: 0.67
Epoch [40/100] [TRAIN] Loss: 0.6145, Accuracy: 68.78%, AUC: 0.69 [VAL] Loss: 0.6325, Accuracy: 66.60%, Precision: 0.63, Recall: 0.69, F1: 0.66, AUC: 0.67
Epoch [41/100] [TRAIN] Loss: 0.6182, Accuracy: 68.58%, AUC: 0.69 [VAL] Loss: 0.6325, Accuracy: 66.70%, Precision: 0.63, Recall: 0.69, F1: 0.66, AUC: 0.67
Epoch [42/100] [TRAIN] Loss: 0.6163, Accuracy: 68.83%, AUC: 0.69 [VAL] Loss: 0.6320, Accuracy: 67.20%, Precision: 0.64, Recall: 0.69, F1: 0.66, AUC: 0.67
Epoch [43/100] [TRAIN] Loss: 0.6159, Accuracy: 69.17%, AUC: 0.69 [VAL] Loss: 0.6316, Accuracy: 67.00%, Precision: 0.63, Recall: 0.69, F1: 0.66, AUC: 0.67
Epoch [44/100] [TRAIN] Loss: 0.6163, Accuracy: 69.16%, AUC: 0.69 [VAL] Loss: 0.6315, Accuracy: 66.60%, Precision: 0.63, Recall: 0.69, F1: 0.66, AUC: 0.67
Epoch [45/100] [TRAIN] Loss: 0.6138, Accuracy: 69.25%, AUC: 0.69 [VAL] Loss: 0.6316, Accuracy: 66.70%, Precision: 0.63, Recall: 0.69, F1: 0.66, AUC: 0.67
Epoch [46/100] [TRAIN] Loss: 0.6137, Accuracy: 69.41%, AUC: 0.69 [VAL] Loss: 0.6314, Accuracy: 67.00%, Precision: 0.63, Recall: 0.69, F1: 0.66, AUC: 0.67
Epoch [47/100] [TRAIN] Loss: 0.6129, Accuracy: 69.11%, AUC: 0.69 [VAL] Loss: 0.6311, Accuracy: 67.00%, Precision: 0.63, Recall: 0.69, F1: 0.66, AUC: 0.67
Epoch [48/100] [TRAIN] Loss: 0.6108, Accuracy: 69.16%, AUC: 0.69 [VAL] Loss: 0.6312, Accuracy: 66.80%, Precision: 0.63, Recall: 0.69, F1: 0.66, AUC: 0.67
Epoch [49/100] [TRAIN] Loss: 0.6141, Accuracy: 69.10%, AUC: 0.69 [VAL] Loss: 0.6310, Accuracy: 66.60%, Precision: 0.63, Recall: 0.69, F1: 0.66, AUC: 0.67
Epoch [50/100] [TRAIN] Loss: 0.6142, Accuracy: 69.62%, AUC: 0.70 [VAL] Loss: 0.6307, Accuracy: 67.00%, Precision: 0.63, Recall: 0.69, F1: 0.66, AUC: 0.67
Epoch [51/100] [TRAIN] Loss: 0.6121, Accuracy: 69.53%, AUC: 0.70 [VAL] Loss: 0.6306, Accuracy: 67.00%, Precision: 0.63, Recall: 0.69, F1: 0.66, AUC: 0.67
Epoch [52/100] [TRAIN] Loss: 0.6137, Accuracy: 69.10%, AUC: 0.69 [VAL] Loss: 0.6302, Accuracy: 67.20%, Precision: 0.64, Recall: 0.69, F1: 0.66, AUC: 0.67
Epoch [53/100] [TRAIN] Loss: 0.6122, Accuracy: 69.45%, AUC: 0.69 [VAL] Loss: 0.6302, Accuracy: 67.10%, Precision: 0.63, Recall: 0.69, F1: 0.66, AUC: 0.67
Epoch [54/100] [TRAIN] Loss: 0.6133, Accuracy: 68.90%, AUC: 0.69 [VAL] Loss: 0.6302, Accuracy: 67.10%, Precision: 0.63, Recall: 0.69, F1: 0.66, AUC: 0.67
Epoch [55/100] [TRAIN] Loss: 0.6120, Accuracy: 69.10%, AUC: 0.69 [VAL] Loss: 0.6302, Accuracy: 67.30%, Precision: 0.64, Recall: 0.69, F1: 0.66, AUC: 0.67
Epoch [56/100] [TRAIN] Loss: 0.6110, Accuracy: 69.60%, AUC: 0.70 [VAL] Loss: 0.6298, Accuracy: 67.10%, Precision: 0.63, Recall: 0.69, F1: 0.66, AUC: 0.67
Epoch [57/100] [TRAIN] Loss: 0.6134, Accuracy: 69.01%, AUC: 0.69 [VAL] Loss: 0.6300, Accuracy: 67.10%, Precision: 0.63, Recall: 0.69, F1: 0.66, AUC: 0.67
Epoch [58/100] [TRAIN] Loss: 0.6131, Accuracy: 69.08%, AUC: 0.69 [VAL] Loss: 0.6295, Accuracy: 66.90%, Precision: 0.63, Recall: 0.69, F1: 0.66, AUC: 0.67
Epoch [59/100] [TRAIN] Loss: 0.6113, Accuracy: 69.51%, AUC: 0.70 [VAL] Loss: 0.6296, Accuracy: 67.10%, Precision: 0.63, Recall: 0.69, F1: 0.66, AUC: 0.67
Epoch [60/100] [TRAIN] Loss: 0.6113, Accuracy: 69.47%, AUC: 0.70 [VAL] Loss: 0.6300, Accuracy: 67.30%, Precision: 0.64, Recall: 0.69, F1: 0.66, AUC: 0.67
Epoch [61/100] [TRAIN] Loss: 0.6112, Accuracy: 69.10%, AUC: 0.69 [VAL] Loss: 0.6300, Accuracy: 67.10%, Precision: 0.63, Recall: 0.69, F1: 0.66, AUC: 0.67
Epoch [62/100] [TRAIN] Loss: 0.6107, Accuracy: 69.33%, AUC: 0.69 [VAL] Loss: 0.6295, Accuracy: 66.90%, Precision: 0.63, Recall: 0.69, F1: 0.66, AUC: 0.67
Epoch [63/100] [TRAIN] Loss: 0.6114, Accuracy: 69.09%, AUC: 0.69 [VAL] Loss: 0.6296, Accuracy: 66.90%, Precision: 0.63, Recall: 0.69, F1: 0.66, AUC: 0.67
Epoch [64/100] [TRAIN] Loss: 0.6092, Accuracy: 70.11%, AUC: 0.70 [VAL] Loss: 0.6295, Accuracy: 67.00%, Precision: 0.63, Recall: 0.69, F1: 0.66, AUC: 0.67
Epoch [65/100] [TRAIN] Loss: 0.6089, Accuracy: 69.30%, AUC: 0.69 [VAL] Loss: 0.6294, Accuracy: 67.10%, Precision: 0.63, Recall: 0.69, F1: 0.66, AUC: 0.67
Epoch [66/100] [TRAIN] Loss: 0.6125, Accuracy: 69.25%, AUC: 0.69 [VAL] Loss: 0.6293, Accuracy: 67.30%, Precision: 0.64, Recall: 0.69, F1: 0.66, AUC: 0.67
Epoch [67/100] [TRAIN] Loss: 0.6082, Accuracy: 69.62%, AUC: 0.70 [VAL] Loss: 0.6293, Accuracy: 67.20%, Precision: 0.64, Recall: 0.69, F1: 0.66, AUC: 0.67
Epoch [68/100] [TRAIN] Loss: 0.6130, Accuracy: 68.99%, AUC: 0.69 [VAL] Loss: 0.6293, Accuracy: 67.20%, Precision: 0.64, Recall: 0.69, F1: 0.66, AUC: 0.67
Epoch [69/100] [TRAIN] Loss: 0.6105, Accuracy: 69.38%, AUC: 0.69 [VAL] Loss: 0.6292, Accuracy: 67.30%, Precision: 0.64, Recall: 0.69, F1: 0.66, AUC: 0.67
Epoch [70/100] [TRAIN] Loss: 0.6079, Accuracy: 69.22%, AUC: 0.69 [VAL] Loss: 0.6292, Accuracy: 67.20%, Precision: 0.64, Recall: 0.69, F1: 0.66, AUC: 0.67
Epoch [71/100] [TRAIN] Loss: 0.6092, Accuracy: 69.29%, AUC: 0.69 [VAL] Loss: 0.6293, Accuracy: 67.30%, Precision: 0.64, Recall: 0.69, F1: 0.66, AUC: 0.67
Epoch [72/100] [TRAIN] Loss: 0.6116, Accuracy: 68.83%, AUC: 0.69 [VAL] Loss: 0.6293, Accuracy: 67.20%, Precision: 0.64, Recall: 0.69, F1: 0.66, AUC: 0.67
Epoch [73/100] [TRAIN] Loss: 0.6068, Accuracy: 69.35%, AUC: 0.69 [VAL] Loss: 0.6293, Accuracy: 67.20%, Precision: 0.64, Recall: 0.69, F1: 0.66, AUC: 0.67
Epoch [74/100] [TRAIN] Loss: 0.6088, Accuracy: 69.41%, AUC: 0.69 [VAL] Loss: 0.6293, Accuracy: 67.00%, Precision: 0.63, Recall: 0.69, F1: 0.66, AUC: 0.67
Epoch [75/100] [TRAIN] Loss: 0.6100, Accuracy: 69.46%, AUC: 0.70 [VAL] Loss: 0.6293, Accuracy: 67.00%, Precision: 0.63, Recall: 0.69, F1: 0.66, AUC: 0.67
Epoch [76/100] [TRAIN] Loss: 0.6099, Accuracy: 69.03%, AUC: 0.69 [VAL] Loss: 0.6293, Accuracy: 67.00%, Precision: 0.63, Recall: 0.69, F1: 0.66, AUC: 0.67
Epoch [77/100] [TRAIN] Loss: 0.6112, Accuracy: 69.54%, AUC: 0.70 [VAL] Loss: 0.6293, Accuracy: 67.00%, Precision: 0.63, Recall: 0.69, F1: 0.66, AUC: 0.67
Epoch [78/100] [TRAIN] Loss: 0.6110, Accuracy: 69.10%, AUC: 0.69 [VAL] Loss: 0.6293, Accuracy: 67.00%, Precision: 0.63, Recall: 0.69, F1: 0.66, AUC: 0.67
Epoch [79/100] [TRAIN] Loss: 0.6130, Accuracy: 69.05%, AUC: 0.69 [VAL] Loss: 0.6293, Accuracy: 67.00%, Precision: 0.63, Recall: 0.69, F1: 0.66, AUC: 0.67
  Early stopping at epoch 79 (no val_loss improvement for 10 epochs)
  Antisymmetry score:      0.9610
  Total violations:        39 / 1000
  Pairs near boundary:     357 (35.7%)
  Avg |prob-0.5| at violation: 0.0000  (near 0 = boundary issue, larger = real failure)
Seed: 789
Accuracy:  70.80 %
AUC:       0.7095
Precision: 0.6769
Recall:    0.7421
F1-Score:  0.7080

Antisymmetry score:  0.9610  (1.0 = perfect, ~0.5 = random)

Detailed Classification Report:
              precision    recall  f1-score   support

           0       0.74      0.68      0.71       523
           1       0.68      0.74      0.71       477

    accuracy                           0.71      1000
   macro avg       0.71      0.71      0.71      1000
weighted avg       0.71      0.71      0.71      1000


Confusion Matrix:
[[354 169]
 [123 354]]


020-H3K4me3-H3K27ac-H3K27me3
Train label distribution:
  Label 0:   4257 (53.2%)
  Label 1:   3743 (46.8%)
Val label distribution:
  Label 0:    535 (53.5%)
  Label 1:    465 (46.5%)
Test label distribution:
  Label 0:    523 (52.3%)
  Label 1:    477 (47.7%)
Epoch [1/100] [TRAIN] Loss: 0.6825, Accuracy: 66.47%, AUC: 0.67 [VAL] Loss: 0.6543, Accuracy: 65.80%, Precision: 0.62, Recall: 0.67, F1: 0.64, AUC: 0.66
Epoch [2/100] [TRAIN] Loss: 0.6521, Accuracy: 67.70%, AUC: 0.68 [VAL] Loss: 0.6504, Accuracy: 65.80%, Precision: 0.62, Recall: 0.67, F1: 0.65, AUC: 0.66
Epoch [3/100] [TRAIN] Loss: 0.6441, Accuracy: 68.00%, AUC: 0.68 [VAL] Loss: 0.6480, Accuracy: 65.40%, Precision: 0.62, Recall: 0.66, F1: 0.64, AUC: 0.65
Epoch [4/100] [TRAIN] Loss: 0.6354, Accuracy: 68.50%, AUC: 0.69 [VAL] Loss: 0.6455, Accuracy: 66.00%, Precision: 0.63, Recall: 0.67, F1: 0.65, AUC: 0.66
Epoch [5/100] [TRAIN] Loss: 0.6310, Accuracy: 69.03%, AUC: 0.69 [VAL] Loss: 0.6438, Accuracy: 66.00%, Precision: 0.63, Recall: 0.67, F1: 0.65, AUC: 0.66
Epoch [6/100] [TRAIN] Loss: 0.6305, Accuracy: 68.80%, AUC: 0.69 [VAL] Loss: 0.6418, Accuracy: 66.20%, Precision: 0.63, Recall: 0.67, F1: 0.65, AUC: 0.66
Epoch [7/100] [TRAIN] Loss: 0.6289, Accuracy: 68.96%, AUC: 0.69 [VAL] Loss: 0.6404, Accuracy: 66.30%, Precision: 0.63, Recall: 0.68, F1: 0.65, AUC: 0.66
Epoch [8/100] [TRAIN] Loss: 0.6264, Accuracy: 69.15%, AUC: 0.69 [VAL] Loss: 0.6397, Accuracy: 66.60%, Precision: 0.63, Recall: 0.68, F1: 0.65, AUC: 0.67
Epoch [9/100] [TRAIN] Loss: 0.6260, Accuracy: 68.74%, AUC: 0.69 [VAL] Loss: 0.6389, Accuracy: 67.00%, Precision: 0.63, Recall: 0.68, F1: 0.66, AUC: 0.67
Epoch [10/100] [TRAIN] Loss: 0.6254, Accuracy: 69.20%, AUC: 0.69 [VAL] Loss: 0.6378, Accuracy: 66.90%, Precision: 0.63, Recall: 0.68, F1: 0.66, AUC: 0.67
Epoch [11/100] [TRAIN] Loss: 0.6243, Accuracy: 69.08%, AUC: 0.69 [VAL] Loss: 0.6372, Accuracy: 66.80%, Precision: 0.63, Recall: 0.68, F1: 0.66, AUC: 0.67
Epoch [12/100] [TRAIN] Loss: 0.6255, Accuracy: 68.78%, AUC: 0.69 [VAL] Loss: 0.6367, Accuracy: 66.70%, Precision: 0.63, Recall: 0.68, F1: 0.66, AUC: 0.67
Epoch [13/100] [TRAIN] Loss: 0.6238, Accuracy: 68.79%, AUC: 0.69 [VAL] Loss: 0.6360, Accuracy: 66.90%, Precision: 0.63, Recall: 0.69, F1: 0.66, AUC: 0.67
Epoch [14/100] [TRAIN] Loss: 0.6197, Accuracy: 69.26%, AUC: 0.69 [VAL] Loss: 0.6353, Accuracy: 67.00%, Precision: 0.63, Recall: 0.69, F1: 0.66, AUC: 0.67
Epoch [15/100] [TRAIN] Loss: 0.6193, Accuracy: 69.09%, AUC: 0.69 [VAL] Loss: 0.6350, Accuracy: 66.80%, Precision: 0.63, Recall: 0.69, F1: 0.66, AUC: 0.67
Epoch [16/100] [TRAIN] Loss: 0.6205, Accuracy: 69.17%, AUC: 0.69 [VAL] Loss: 0.6347, Accuracy: 67.30%, Precision: 0.64, Recall: 0.69, F1: 0.66, AUC: 0.67
Epoch [17/100] [TRAIN] Loss: 0.6167, Accuracy: 69.50%, AUC: 0.70 [VAL] Loss: 0.6343, Accuracy: 67.30%, Precision: 0.64, Recall: 0.69, F1: 0.66, AUC: 0.67
Epoch [18/100] [TRAIN] Loss: 0.6162, Accuracy: 69.45%, AUC: 0.70 [VAL] Loss: 0.6344, Accuracy: 67.30%, Precision: 0.64, Recall: 0.69, F1: 0.66, AUC: 0.67
Epoch [19/100] [TRAIN] Loss: 0.6174, Accuracy: 69.08%, AUC: 0.69 [VAL] Loss: 0.6334, Accuracy: 67.30%, Precision: 0.64, Recall: 0.69, F1: 0.66, AUC: 0.67
Epoch [20/100] [TRAIN] Loss: 0.6191, Accuracy: 68.94%, AUC: 0.69 [VAL] Loss: 0.6332, Accuracy: 67.30%, Precision: 0.64, Recall: 0.69, F1: 0.66, AUC: 0.67
Epoch [21/100] [TRAIN] Loss: 0.6142, Accuracy: 69.72%, AUC: 0.70 [VAL] Loss: 0.6333, Accuracy: 67.20%, Precision: 0.64, Recall: 0.69, F1: 0.66, AUC: 0.67
Epoch [22/100] [TRAIN] Loss: 0.6158, Accuracy: 69.17%, AUC: 0.69 [VAL] Loss: 0.6329, Accuracy: 67.40%, Precision: 0.64, Recall: 0.69, F1: 0.66, AUC: 0.68
Epoch [23/100] [TRAIN] Loss: 0.6158, Accuracy: 69.67%, AUC: 0.70 [VAL] Loss: 0.6323, Accuracy: 67.30%, Precision: 0.64, Recall: 0.69, F1: 0.66, AUC: 0.67
Epoch [24/100] [TRAIN] Loss: 0.6164, Accuracy: 69.40%, AUC: 0.69 [VAL] Loss: 0.6317, Accuracy: 67.70%, Precision: 0.64, Recall: 0.69, F1: 0.67, AUC: 0.68
Epoch [25/100] [TRAIN] Loss: 0.6137, Accuracy: 68.99%, AUC: 0.69 [VAL] Loss: 0.6321, Accuracy: 67.60%, Precision: 0.64, Recall: 0.69, F1: 0.67, AUC: 0.68
Epoch [26/100] [TRAIN] Loss: 0.6133, Accuracy: 69.16%, AUC: 0.69 [VAL] Loss: 0.6315, Accuracy: 67.80%, Precision: 0.64, Recall: 0.69, F1: 0.67, AUC: 0.68
Epoch [27/100] [TRAIN] Loss: 0.6127, Accuracy: 69.16%, AUC: 0.69 [VAL] Loss: 0.6310, Accuracy: 67.80%, Precision: 0.64, Recall: 0.69, F1: 0.67, AUC: 0.68
Epoch [28/100] [TRAIN] Loss: 0.6131, Accuracy: 69.16%, AUC: 0.69 [VAL] Loss: 0.6310, Accuracy: 67.70%, Precision: 0.64, Recall: 0.69, F1: 0.67, AUC: 0.68
Epoch [29/100] [TRAIN] Loss: 0.6127, Accuracy: 69.71%, AUC: 0.70 [VAL] Loss: 0.6309, Accuracy: 67.90%, Precision: 0.64, Recall: 0.70, F1: 0.67, AUC: 0.68
Epoch [30/100] [TRAIN] Loss: 0.6142, Accuracy: 69.06%, AUC: 0.69 [VAL] Loss: 0.6309, Accuracy: 67.60%, Precision: 0.64, Recall: 0.69, F1: 0.67, AUC: 0.68
Epoch [31/100] [TRAIN] Loss: 0.6137, Accuracy: 69.72%, AUC: 0.70 [VAL] Loss: 0.6311, Accuracy: 67.40%, Precision: 0.64, Recall: 0.69, F1: 0.66, AUC: 0.68
Epoch [32/100] [TRAIN] Loss: 0.6125, Accuracy: 69.35%, AUC: 0.69 [VAL] Loss: 0.6305, Accuracy: 67.40%, Precision: 0.64, Recall: 0.69, F1: 0.66, AUC: 0.68
Epoch [33/100] [TRAIN] Loss: 0.6121, Accuracy: 69.53%, AUC: 0.70 [VAL] Loss: 0.6299, Accuracy: 67.50%, Precision: 0.64, Recall: 0.69, F1: 0.66, AUC: 0.68
Epoch [34/100] [TRAIN] Loss: 0.6115, Accuracy: 69.65%, AUC: 0.70 [VAL] Loss: 0.6293, Accuracy: 67.50%, Precision: 0.64, Recall: 0.69, F1: 0.66, AUC: 0.68
Epoch [35/100] [TRAIN] Loss: 0.6093, Accuracy: 69.89%, AUC: 0.70 [VAL] Loss: 0.6296, Accuracy: 67.50%, Precision: 0.64, Recall: 0.69, F1: 0.66, AUC: 0.68
Epoch [36/100] [TRAIN] Loss: 0.6117, Accuracy: 69.30%, AUC: 0.69 [VAL] Loss: 0.6293, Accuracy: 67.30%, Precision: 0.64, Recall: 0.68, F1: 0.66, AUC: 0.67
Epoch [37/100] [TRAIN] Loss: 0.6105, Accuracy: 69.66%, AUC: 0.70 [VAL] Loss: 0.6292, Accuracy: 67.20%, Precision: 0.64, Recall: 0.68, F1: 0.66, AUC: 0.67
Epoch [38/100] [TRAIN] Loss: 0.6129, Accuracy: 69.22%, AUC: 0.69 [VAL] Loss: 0.6291, Accuracy: 67.70%, Precision: 0.64, Recall: 0.69, F1: 0.67, AUC: 0.68
Epoch [39/100] [TRAIN] Loss: 0.6112, Accuracy: 69.72%, AUC: 0.70 [VAL] Loss: 0.6287, Accuracy: 67.60%, Precision: 0.64, Recall: 0.69, F1: 0.66, AUC: 0.68
Epoch [40/100] [TRAIN] Loss: 0.6093, Accuracy: 69.38%, AUC: 0.69 [VAL] Loss: 0.6287, Accuracy: 67.30%, Precision: 0.64, Recall: 0.68, F1: 0.66, AUC: 0.67
Epoch [41/100] [TRAIN] Loss: 0.6110, Accuracy: 69.65%, AUC: 0.70 [VAL] Loss: 0.6286, Accuracy: 67.30%, Precision: 0.64, Recall: 0.69, F1: 0.66, AUC: 0.67
Epoch [42/100] [TRAIN] Loss: 0.6080, Accuracy: 69.80%, AUC: 0.70 [VAL] Loss: 0.6287, Accuracy: 67.40%, Precision: 0.64, Recall: 0.69, F1: 0.66, AUC: 0.67
Epoch [43/100] [TRAIN] Loss: 0.6066, Accuracy: 69.70%, AUC: 0.70 [VAL] Loss: 0.6285, Accuracy: 67.40%, Precision: 0.64, Recall: 0.69, F1: 0.66, AUC: 0.67
Epoch [44/100] [TRAIN] Loss: 0.6071, Accuracy: 69.53%, AUC: 0.70 [VAL] Loss: 0.6281, Accuracy: 67.40%, Precision: 0.64, Recall: 0.69, F1: 0.66, AUC: 0.67
Epoch [45/100] [TRAIN] Loss: 0.6070, Accuracy: 69.97%, AUC: 0.70 [VAL] Loss: 0.6280, Accuracy: 67.50%, Precision: 0.64, Recall: 0.69, F1: 0.66, AUC: 0.68
Epoch [46/100] [TRAIN] Loss: 0.6069, Accuracy: 69.38%, AUC: 0.69 [VAL] Loss: 0.6280, Accuracy: 67.20%, Precision: 0.64, Recall: 0.68, F1: 0.66, AUC: 0.67
Epoch [47/100] [TRAIN] Loss: 0.6044, Accuracy: 69.80%, AUC: 0.70 [VAL] Loss: 0.6281, Accuracy: 67.10%, Precision: 0.64, Recall: 0.68, F1: 0.66, AUC: 0.67
Epoch [48/100] [TRAIN] Loss: 0.6091, Accuracy: 69.76%, AUC: 0.70 [VAL] Loss: 0.6279, Accuracy: 67.20%, Precision: 0.64, Recall: 0.69, F1: 0.66, AUC: 0.67
Epoch [49/100] [TRAIN] Loss: 0.6090, Accuracy: 69.75%, AUC: 0.70 [VAL] Loss: 0.6278, Accuracy: 67.00%, Precision: 0.63, Recall: 0.68, F1: 0.66, AUC: 0.67
Epoch [50/100] [TRAIN] Loss: 0.6040, Accuracy: 70.12%, AUC: 0.70 [VAL] Loss: 0.6277, Accuracy: 66.80%, Precision: 0.63, Recall: 0.68, F1: 0.66, AUC: 0.67
Epoch [51/100] [TRAIN] Loss: 0.6054, Accuracy: 70.00%, AUC: 0.70 [VAL] Loss: 0.6280, Accuracy: 67.00%, Precision: 0.64, Recall: 0.68, F1: 0.66, AUC: 0.67
Epoch [52/100] [TRAIN] Loss: 0.6047, Accuracy: 70.16%, AUC: 0.70 [VAL] Loss: 0.6277, Accuracy: 66.90%, Precision: 0.63, Recall: 0.68, F1: 0.66, AUC: 0.67
Epoch [53/100] [TRAIN] Loss: 0.6072, Accuracy: 69.99%, AUC: 0.70 [VAL] Loss: 0.6274, Accuracy: 66.70%, Precision: 0.63, Recall: 0.68, F1: 0.65, AUC: 0.67
Epoch [54/100] [TRAIN] Loss: 0.6068, Accuracy: 69.58%, AUC: 0.70 [VAL] Loss: 0.6273, Accuracy: 66.70%, Precision: 0.63, Recall: 0.68, F1: 0.65, AUC: 0.67
Epoch [55/100] [TRAIN] Loss: 0.6079, Accuracy: 69.25%, AUC: 0.69 [VAL] Loss: 0.6272, Accuracy: 66.90%, Precision: 0.63, Recall: 0.68, F1: 0.66, AUC: 0.67
Epoch [56/100] [TRAIN] Loss: 0.6047, Accuracy: 69.78%, AUC: 0.70 [VAL] Loss: 0.6270, Accuracy: 67.10%, Precision: 0.64, Recall: 0.68, F1: 0.66, AUC: 0.67
Epoch [57/100] [TRAIN] Loss: 0.6058, Accuracy: 69.15%, AUC: 0.69 [VAL] Loss: 0.6272, Accuracy: 66.80%, Precision: 0.63, Recall: 0.68, F1: 0.66, AUC: 0.67
Epoch [58/100] [TRAIN] Loss: 0.6046, Accuracy: 69.76%, AUC: 0.70 [VAL] Loss: 0.6269, Accuracy: 66.80%, Precision: 0.63, Recall: 0.68, F1: 0.66, AUC: 0.67
Epoch [59/100] [TRAIN] Loss: 0.6040, Accuracy: 69.76%, AUC: 0.70 [VAL] Loss: 0.6271, Accuracy: 66.90%, Precision: 0.63, Recall: 0.68, F1: 0.66, AUC: 0.67
Epoch [60/100] [TRAIN] Loss: 0.6038, Accuracy: 70.08%, AUC: 0.70 [VAL] Loss: 0.6267, Accuracy: 66.80%, Precision: 0.63, Recall: 0.68, F1: 0.66, AUC: 0.67
Epoch [61/100] [TRAIN] Loss: 0.6029, Accuracy: 69.55%, AUC: 0.70 [VAL] Loss: 0.6270, Accuracy: 66.90%, Precision: 0.63, Recall: 0.68, F1: 0.66, AUC: 0.67
Epoch [62/100] [TRAIN] Loss: 0.6030, Accuracy: 69.91%, AUC: 0.70 [VAL] Loss: 0.6269, Accuracy: 66.80%, Precision: 0.63, Recall: 0.68, F1: 0.66, AUC: 0.67
Epoch [63/100] [TRAIN] Loss: 0.6048, Accuracy: 69.83%, AUC: 0.70 [VAL] Loss: 0.6259, Accuracy: 66.90%, Precision: 0.63, Recall: 0.68, F1: 0.66, AUC: 0.67
Epoch [64/100] [TRAIN] Loss: 0.6043, Accuracy: 69.85%, AUC: 0.70 [VAL] Loss: 0.6258, Accuracy: 66.80%, Precision: 0.63, Recall: 0.68, F1: 0.66, AUC: 0.67
Epoch [65/100] [TRAIN] Loss: 0.6044, Accuracy: 69.84%, AUC: 0.70 [VAL] Loss: 0.6256, Accuracy: 67.20%, Precision: 0.64, Recall: 0.68, F1: 0.66, AUC: 0.67
Epoch [66/100] [TRAIN] Loss: 0.6021, Accuracy: 70.00%, AUC: 0.70 [VAL] Loss: 0.6259, Accuracy: 66.80%, Precision: 0.63, Recall: 0.68, F1: 0.66, AUC: 0.67
Epoch [67/100] [TRAIN] Loss: 0.6048, Accuracy: 69.61%, AUC: 0.70 [VAL] Loss: 0.6252, Accuracy: 67.00%, Precision: 0.63, Recall: 0.68, F1: 0.66, AUC: 0.67
Epoch [68/100] [TRAIN] Loss: 0.6030, Accuracy: 69.97%, AUC: 0.70 [VAL] Loss: 0.6253, Accuracy: 67.10%, Precision: 0.64, Recall: 0.69, F1: 0.66, AUC: 0.67
Epoch [69/100] [TRAIN] Loss: 0.6009, Accuracy: 70.10%, AUC: 0.70 [VAL] Loss: 0.6254, Accuracy: 67.10%, Precision: 0.63, Recall: 0.69, F1: 0.66, AUC: 0.67
Epoch [70/100] [TRAIN] Loss: 0.6031, Accuracy: 70.08%, AUC: 0.70 [VAL] Loss: 0.6253, Accuracy: 67.30%, Precision: 0.64, Recall: 0.69, F1: 0.66, AUC: 0.67
Epoch [71/100] [TRAIN] Loss: 0.6009, Accuracy: 70.15%, AUC: 0.70 [VAL] Loss: 0.6251, Accuracy: 67.30%, Precision: 0.64, Recall: 0.69, F1: 0.66, AUC: 0.67
Epoch [72/100] [TRAIN] Loss: 0.6005, Accuracy: 70.22%, AUC: 0.70 [VAL] Loss: 0.6246, Accuracy: 67.50%, Precision: 0.64, Recall: 0.69, F1: 0.66, AUC: 0.68
Epoch [73/100] [TRAIN] Loss: 0.6046, Accuracy: 69.83%, AUC: 0.70 [VAL] Loss: 0.6243, Accuracy: 67.40%, Precision: 0.64, Recall: 0.69, F1: 0.66, AUC: 0.68
Epoch [74/100] [TRAIN] Loss: 0.5978, Accuracy: 70.33%, AUC: 0.70 [VAL] Loss: 0.6249, Accuracy: 67.40%, Precision: 0.64, Recall: 0.69, F1: 0.66, AUC: 0.68
Epoch [75/100] [TRAIN] Loss: 0.5976, Accuracy: 69.99%, AUC: 0.70 [VAL] Loss: 0.6243, Accuracy: 67.60%, Precision: 0.64, Recall: 0.69, F1: 0.66, AUC: 0.68
Epoch [76/100] [TRAIN] Loss: 0.6028, Accuracy: 70.31%, AUC: 0.70 [VAL] Loss: 0.6239, Accuracy: 67.20%, Precision: 0.64, Recall: 0.69, F1: 0.66, AUC: 0.67
Epoch [77/100] [TRAIN] Loss: 0.5993, Accuracy: 70.05%, AUC: 0.70 [VAL] Loss: 0.6234, Accuracy: 67.30%, Precision: 0.64, Recall: 0.69, F1: 0.66, AUC: 0.67
Epoch [78/100] [TRAIN] Loss: 0.5987, Accuracy: 70.04%, AUC: 0.70 [VAL] Loss: 0.6235, Accuracy: 67.30%, Precision: 0.64, Recall: 0.69, F1: 0.66, AUC: 0.67
Epoch [79/100] [TRAIN] Loss: 0.5997, Accuracy: 70.05%, AUC: 0.70 [VAL] Loss: 0.6235, Accuracy: 67.70%, Precision: 0.64, Recall: 0.69, F1: 0.67, AUC: 0.68
Epoch [80/100] [TRAIN] Loss: 0.6007, Accuracy: 70.15%, AUC: 0.70 [VAL] Loss: 0.6232, Accuracy: 67.30%, Precision: 0.64, Recall: 0.69, F1: 0.66, AUC: 0.67
Epoch [81/100] [TRAIN] Loss: 0.5984, Accuracy: 70.11%, AUC: 0.70 [VAL] Loss: 0.6231, Accuracy: 67.40%, Precision: 0.64, Recall: 0.69, F1: 0.66, AUC: 0.67
Epoch [82/100] [TRAIN] Loss: 0.5990, Accuracy: 70.60%, AUC: 0.71 [VAL] Loss: 0.6229, Accuracy: 67.30%, Precision: 0.64, Recall: 0.69, F1: 0.66, AUC: 0.67
Epoch [83/100] [TRAIN] Loss: 0.5986, Accuracy: 70.38%, AUC: 0.70 [VAL] Loss: 0.6231, Accuracy: 67.50%, Precision: 0.64, Recall: 0.69, F1: 0.66, AUC: 0.68
Epoch [84/100] [TRAIN] Loss: 0.5999, Accuracy: 69.67%, AUC: 0.70 [VAL] Loss: 0.6236, Accuracy: 67.30%, Precision: 0.64, Recall: 0.69, F1: 0.66, AUC: 0.67
Epoch [85/100] [TRAIN] Loss: 0.5969, Accuracy: 70.28%, AUC: 0.70 [VAL] Loss: 0.6237, Accuracy: 67.50%, Precision: 0.64, Recall: 0.69, F1: 0.67, AUC: 0.68
Epoch [86/100] [TRAIN] Loss: 0.5972, Accuracy: 70.31%, AUC: 0.70 [VAL] Loss: 0.6232, Accuracy: 67.50%, Precision: 0.64, Recall: 0.69, F1: 0.67, AUC: 0.68
Epoch [87/100] [TRAIN] Loss: 0.5982, Accuracy: 70.19%, AUC: 0.70 [VAL] Loss: 0.6225, Accuracy: 67.60%, Precision: 0.64, Recall: 0.70, F1: 0.67, AUC: 0.68
Epoch [88/100] [TRAIN] Loss: 0.5986, Accuracy: 70.19%, AUC: 0.70 [VAL] Loss: 0.6226, Accuracy: 67.60%, Precision: 0.64, Recall: 0.69, F1: 0.67, AUC: 0.68
Epoch [89/100] [TRAIN] Loss: 0.5964, Accuracy: 70.14%, AUC: 0.70 [VAL] Loss: 0.6230, Accuracy: 67.30%, Precision: 0.64, Recall: 0.69, F1: 0.66, AUC: 0.67
Epoch [90/100] [TRAIN] Loss: 0.5980, Accuracy: 69.65%, AUC: 0.70 [VAL] Loss: 0.6231, Accuracy: 67.50%, Precision: 0.64, Recall: 0.70, F1: 0.67, AUC: 0.68
Epoch [91/100] [TRAIN] Loss: 0.5980, Accuracy: 70.42%, AUC: 0.70 [VAL] Loss: 0.6224, Accuracy: 67.60%, Precision: 0.64, Recall: 0.70, F1: 0.67, AUC: 0.68
Epoch [92/100] [TRAIN] Loss: 0.5980, Accuracy: 70.54%, AUC: 0.71 [VAL] Loss: 0.6223, Accuracy: 67.50%, Precision: 0.64, Recall: 0.69, F1: 0.66, AUC: 0.68
Epoch [93/100] [TRAIN] Loss: 0.5983, Accuracy: 69.79%, AUC: 0.70 [VAL] Loss: 0.6223, Accuracy: 67.60%, Precision: 0.64, Recall: 0.69, F1: 0.67, AUC: 0.68
Epoch [94/100] [TRAIN] Loss: 0.5937, Accuracy: 70.99%, AUC: 0.71 [VAL] Loss: 0.6222, Accuracy: 67.70%, Precision: 0.64, Recall: 0.69, F1: 0.67, AUC: 0.68
Epoch [95/100] [TRAIN] Loss: 0.5952, Accuracy: 70.59%, AUC: 0.71 [VAL] Loss: 0.6220, Accuracy: 67.60%, Precision: 0.64, Recall: 0.69, F1: 0.67, AUC: 0.68
Epoch [96/100] [TRAIN] Loss: 0.5969, Accuracy: 69.96%, AUC: 0.70 [VAL] Loss: 0.6222, Accuracy: 67.60%, Precision: 0.64, Recall: 0.69, F1: 0.67, AUC: 0.68
Epoch [97/100] [TRAIN] Loss: 0.5959, Accuracy: 70.33%, AUC: 0.70 [VAL] Loss: 0.6218, Accuracy: 67.60%, Precision: 0.64, Recall: 0.70, F1: 0.67, AUC: 0.68
Epoch [98/100] [TRAIN] Loss: 0.5982, Accuracy: 70.33%, AUC: 0.70 [VAL] Loss: 0.6211, Accuracy: 67.50%, Precision: 0.64, Recall: 0.69, F1: 0.66, AUC: 0.68
Epoch [99/100] [TRAIN] Loss: 0.5942, Accuracy: 70.71%, AUC: 0.71 [VAL] Loss: 0.6218, Accuracy: 67.70%, Precision: 0.64, Recall: 0.70, F1: 0.67, AUC: 0.68
Epoch [100/100] [TRAIN] Loss: 0.5973, Accuracy: 70.15%, AUC: 0.70 [VAL] Loss: 0.6209, Accuracy: 67.90%, Precision: 0.64, Recall: 0.70, F1: 0.67, AUC: 0.68
  Antisymmetry score:      0.9700
  Total violations:        30 / 1000
  Pairs near boundary:     348 (34.8%)
  Avg |prob-0.5| at violation: 0.0000  (near 0 = boundary issue, larger = real failure)
Seed: 789
Accuracy:  70.40 %
AUC:       0.7053
Precision: 0.6744
Recall:    0.7338
F1-Score:  0.7028

Antisymmetry score:  0.9700  (1.0 = perfect, ~0.5 = random)

Detailed Classification Report:
              precision    recall  f1-score   support

           0       0.74      0.68      0.71       523
           1       0.67      0.73      0.70       477

    accuracy                           0.70      1000
   macro avg       0.71      0.71      0.70      1000
weighted avg       0.71      0.70      0.70      1000


Confusion Matrix:
[[354 169]
 [127 350]]


021-H3K9ac-H3K9me3-H3K27ac
Train label distribution:
  Label 0:   4257 (53.2%)
  Label 1:   3743 (46.8%)
Val label distribution:
  Label 0:    535 (53.5%)
  Label 1:    465 (46.5%)
Test label distribution:
  Label 0:    523 (52.3%)
  Label 1:    477 (47.7%)
Epoch [1/100] [TRAIN] Loss: 0.6900, Accuracy: 62.85%, AUC: 0.63 [VAL] Loss: 0.6747, Accuracy: 63.90%, Precision: 0.60, Recall: 0.67, F1: 0.63, AUC: 0.64
Epoch [2/100] [TRAIN] Loss: 0.6609, Accuracy: 67.76%, AUC: 0.68 [VAL] Loss: 0.6697, Accuracy: 64.00%, Precision: 0.60, Recall: 0.67, F1: 0.63, AUC: 0.64
Epoch [3/100] [TRAIN] Loss: 0.6566, Accuracy: 68.55%, AUC: 0.69 [VAL] Loss: 0.6658, Accuracy: 64.40%, Precision: 0.61, Recall: 0.67, F1: 0.64, AUC: 0.65
Epoch [4/100] [TRAIN] Loss: 0.6506, Accuracy: 68.61%, AUC: 0.69 [VAL] Loss: 0.6634, Accuracy: 64.20%, Precision: 0.60, Recall: 0.68, F1: 0.64, AUC: 0.64
Epoch [5/100] [TRAIN] Loss: 0.6472, Accuracy: 68.66%, AUC: 0.69 [VAL] Loss: 0.6619, Accuracy: 64.50%, Precision: 0.61, Recall: 0.68, F1: 0.64, AUC: 0.65
Epoch [6/100] [TRAIN] Loss: 0.6437, Accuracy: 69.21%, AUC: 0.69 [VAL] Loss: 0.6604, Accuracy: 64.60%, Precision: 0.61, Recall: 0.68, F1: 0.64, AUC: 0.65
Epoch [7/100] [TRAIN] Loss: 0.6403, Accuracy: 69.25%, AUC: 0.69 [VAL] Loss: 0.6589, Accuracy: 64.70%, Precision: 0.61, Recall: 0.68, F1: 0.64, AUC: 0.65
Epoch [8/100] [TRAIN] Loss: 0.6389, Accuracy: 69.00%, AUC: 0.69 [VAL] Loss: 0.6579, Accuracy: 64.80%, Precision: 0.61, Recall: 0.68, F1: 0.64, AUC: 0.65
Epoch [9/100] [TRAIN] Loss: 0.6397, Accuracy: 68.86%, AUC: 0.69 [VAL] Loss: 0.6569, Accuracy: 64.70%, Precision: 0.61, Recall: 0.68, F1: 0.64, AUC: 0.65
Epoch [10/100] [TRAIN] Loss: 0.6398, Accuracy: 68.70%, AUC: 0.69 [VAL] Loss: 0.6562, Accuracy: 64.60%, Precision: 0.61, Recall: 0.68, F1: 0.64, AUC: 0.65
Epoch [11/100] [TRAIN] Loss: 0.6353, Accuracy: 68.92%, AUC: 0.69 [VAL] Loss: 0.6554, Accuracy: 64.80%, Precision: 0.61, Recall: 0.68, F1: 0.64, AUC: 0.65
Epoch [12/100] [TRAIN] Loss: 0.6367, Accuracy: 68.90%, AUC: 0.69 [VAL] Loss: 0.6548, Accuracy: 64.80%, Precision: 0.61, Recall: 0.68, F1: 0.64, AUC: 0.65
Epoch [13/100] [TRAIN] Loss: 0.6364, Accuracy: 69.01%, AUC: 0.69 [VAL] Loss: 0.6543, Accuracy: 64.80%, Precision: 0.61, Recall: 0.68, F1: 0.64, AUC: 0.65
Epoch [14/100] [TRAIN] Loss: 0.6344, Accuracy: 69.44%, AUC: 0.69 [VAL] Loss: 0.6537, Accuracy: 64.90%, Precision: 0.61, Recall: 0.69, F1: 0.65, AUC: 0.65
Epoch [15/100] [TRAIN] Loss: 0.6347, Accuracy: 68.94%, AUC: 0.69 [VAL] Loss: 0.6528, Accuracy: 65.10%, Precision: 0.61, Recall: 0.69, F1: 0.65, AUC: 0.65
Epoch [16/100] [TRAIN] Loss: 0.6326, Accuracy: 69.08%, AUC: 0.69 [VAL] Loss: 0.6526, Accuracy: 65.20%, Precision: 0.61, Recall: 0.69, F1: 0.65, AUC: 0.65
Epoch [17/100] [TRAIN] Loss: 0.6325, Accuracy: 68.84%, AUC: 0.69 [VAL] Loss: 0.6524, Accuracy: 65.20%, Precision: 0.61, Recall: 0.69, F1: 0.65, AUC: 0.65
Epoch [18/100] [TRAIN] Loss: 0.6271, Accuracy: 69.64%, AUC: 0.70 [VAL] Loss: 0.6519, Accuracy: 65.20%, Precision: 0.61, Recall: 0.69, F1: 0.65, AUC: 0.65
Epoch [19/100] [TRAIN] Loss: 0.6328, Accuracy: 68.89%, AUC: 0.69 [VAL] Loss: 0.6514, Accuracy: 65.40%, Precision: 0.61, Recall: 0.69, F1: 0.65, AUC: 0.66
Epoch [20/100] [TRAIN] Loss: 0.6313, Accuracy: 69.00%, AUC: 0.69 [VAL] Loss: 0.6514, Accuracy: 65.40%, Precision: 0.61, Recall: 0.69, F1: 0.65, AUC: 0.66
Epoch [21/100] [TRAIN] Loss: 0.6304, Accuracy: 69.00%, AUC: 0.69 [VAL] Loss: 0.6511, Accuracy: 65.70%, Precision: 0.62, Recall: 0.69, F1: 0.65, AUC: 0.66
Epoch [22/100] [TRAIN] Loss: 0.6293, Accuracy: 69.29%, AUC: 0.69 [VAL] Loss: 0.6506, Accuracy: 65.40%, Precision: 0.61, Recall: 0.69, F1: 0.65, AUC: 0.66
Epoch [23/100] [TRAIN] Loss: 0.6268, Accuracy: 69.44%, AUC: 0.69 [VAL] Loss: 0.6500, Accuracy: 65.50%, Precision: 0.62, Recall: 0.69, F1: 0.65, AUC: 0.66
Epoch [24/100] [TRAIN] Loss: 0.6295, Accuracy: 69.55%, AUC: 0.70 [VAL] Loss: 0.6500, Accuracy: 66.00%, Precision: 0.62, Recall: 0.69, F1: 0.66, AUC: 0.66
Epoch [25/100] [TRAIN] Loss: 0.6292, Accuracy: 69.28%, AUC: 0.69 [VAL] Loss: 0.6499, Accuracy: 65.80%, Precision: 0.62, Recall: 0.69, F1: 0.65, AUC: 0.66
Epoch [26/100] [TRAIN] Loss: 0.6274, Accuracy: 69.45%, AUC: 0.70 [VAL] Loss: 0.6493, Accuracy: 65.90%, Precision: 0.62, Recall: 0.69, F1: 0.65, AUC: 0.66
Epoch [27/100] [TRAIN] Loss: 0.6278, Accuracy: 69.05%, AUC: 0.69 [VAL] Loss: 0.6488, Accuracy: 65.70%, Precision: 0.62, Recall: 0.69, F1: 0.65, AUC: 0.66
Epoch [28/100] [TRAIN] Loss: 0.6288, Accuracy: 69.12%, AUC: 0.69 [VAL] Loss: 0.6485, Accuracy: 65.70%, Precision: 0.62, Recall: 0.69, F1: 0.65, AUC: 0.66
Epoch [29/100] [TRAIN] Loss: 0.6282, Accuracy: 69.33%, AUC: 0.69 [VAL] Loss: 0.6481, Accuracy: 65.90%, Precision: 0.62, Recall: 0.69, F1: 0.65, AUC: 0.66
Epoch [30/100] [TRAIN] Loss: 0.6262, Accuracy: 69.31%, AUC: 0.69 [VAL] Loss: 0.6479, Accuracy: 65.90%, Precision: 0.62, Recall: 0.69, F1: 0.65, AUC: 0.66
Epoch [31/100] [TRAIN] Loss: 0.6273, Accuracy: 69.40%, AUC: 0.69 [VAL] Loss: 0.6476, Accuracy: 65.80%, Precision: 0.62, Recall: 0.69, F1: 0.65, AUC: 0.66
Epoch [32/100] [TRAIN] Loss: 0.6247, Accuracy: 69.44%, AUC: 0.69 [VAL] Loss: 0.6473, Accuracy: 65.90%, Precision: 0.62, Recall: 0.69, F1: 0.65, AUC: 0.66
Epoch [33/100] [TRAIN] Loss: 0.6268, Accuracy: 69.41%, AUC: 0.69 [VAL] Loss: 0.6470, Accuracy: 65.90%, Precision: 0.62, Recall: 0.69, F1: 0.65, AUC: 0.66
Epoch [34/100] [TRAIN] Loss: 0.6286, Accuracy: 69.22%, AUC: 0.69 [VAL] Loss: 0.6469, Accuracy: 65.80%, Precision: 0.62, Recall: 0.69, F1: 0.65, AUC: 0.66
Epoch [35/100] [TRAIN] Loss: 0.6256, Accuracy: 69.58%, AUC: 0.70 [VAL] Loss: 0.6468, Accuracy: 65.70%, Precision: 0.62, Recall: 0.69, F1: 0.65, AUC: 0.66
Epoch [36/100] [TRAIN] Loss: 0.6228, Accuracy: 69.53%, AUC: 0.70 [VAL] Loss: 0.6465, Accuracy: 65.90%, Precision: 0.62, Recall: 0.69, F1: 0.65, AUC: 0.66
Epoch [37/100] [TRAIN] Loss: 0.6238, Accuracy: 69.36%, AUC: 0.69 [VAL] Loss: 0.6463, Accuracy: 65.80%, Precision: 0.62, Recall: 0.69, F1: 0.65, AUC: 0.66
Epoch [38/100] [TRAIN] Loss: 0.6229, Accuracy: 69.53%, AUC: 0.70 [VAL] Loss: 0.6464, Accuracy: 65.70%, Precision: 0.62, Recall: 0.69, F1: 0.65, AUC: 0.66
Epoch [39/100] [TRAIN] Loss: 0.6232, Accuracy: 69.15%, AUC: 0.69 [VAL] Loss: 0.6459, Accuracy: 66.00%, Precision: 0.62, Recall: 0.69, F1: 0.65, AUC: 0.66
Epoch [40/100] [TRAIN] Loss: 0.6228, Accuracy: 69.65%, AUC: 0.70 [VAL] Loss: 0.6456, Accuracy: 66.10%, Precision: 0.62, Recall: 0.69, F1: 0.66, AUC: 0.66
Epoch [41/100] [TRAIN] Loss: 0.6216, Accuracy: 69.12%, AUC: 0.69 [VAL] Loss: 0.6453, Accuracy: 66.00%, Precision: 0.62, Recall: 0.69, F1: 0.66, AUC: 0.66
Epoch [42/100] [TRAIN] Loss: 0.6214, Accuracy: 69.78%, AUC: 0.70 [VAL] Loss: 0.6455, Accuracy: 65.70%, Precision: 0.62, Recall: 0.69, F1: 0.65, AUC: 0.66
Epoch [43/100] [TRAIN] Loss: 0.6203, Accuracy: 69.39%, AUC: 0.69 [VAL] Loss: 0.6451, Accuracy: 65.80%, Precision: 0.62, Recall: 0.69, F1: 0.65, AUC: 0.66
Epoch [44/100] [TRAIN] Loss: 0.6215, Accuracy: 69.03%, AUC: 0.69 [VAL] Loss: 0.6447, Accuracy: 65.80%, Precision: 0.62, Recall: 0.69, F1: 0.65, AUC: 0.66
Epoch [45/100] [TRAIN] Loss: 0.6235, Accuracy: 69.14%, AUC: 0.69 [VAL] Loss: 0.6441, Accuracy: 66.20%, Precision: 0.62, Recall: 0.69, F1: 0.66, AUC: 0.66
Epoch [46/100] [TRAIN] Loss: 0.6212, Accuracy: 69.64%, AUC: 0.70 [VAL] Loss: 0.6440, Accuracy: 66.20%, Precision: 0.62, Recall: 0.70, F1: 0.66, AUC: 0.66
Epoch [47/100] [TRAIN] Loss: 0.6212, Accuracy: 69.44%, AUC: 0.69 [VAL] Loss: 0.6437, Accuracy: 66.30%, Precision: 0.62, Recall: 0.70, F1: 0.66, AUC: 0.67
Epoch [48/100] [TRAIN] Loss: 0.6181, Accuracy: 69.61%, AUC: 0.70 [VAL] Loss: 0.6437, Accuracy: 66.30%, Precision: 0.62, Recall: 0.70, F1: 0.66, AUC: 0.67
Epoch [49/100] [TRAIN] Loss: 0.6185, Accuracy: 69.81%, AUC: 0.70 [VAL] Loss: 0.6435, Accuracy: 65.90%, Precision: 0.62, Recall: 0.69, F1: 0.65, AUC: 0.66
Epoch [50/100] [TRAIN] Loss: 0.6200, Accuracy: 69.36%, AUC: 0.69 [VAL] Loss: 0.6434, Accuracy: 66.00%, Precision: 0.62, Recall: 0.70, F1: 0.66, AUC: 0.66
Epoch [51/100] [TRAIN] Loss: 0.6179, Accuracy: 69.67%, AUC: 0.70 [VAL] Loss: 0.6428, Accuracy: 66.00%, Precision: 0.62, Recall: 0.69, F1: 0.65, AUC: 0.66
Epoch [52/100] [TRAIN] Loss: 0.6154, Accuracy: 69.66%, AUC: 0.70 [VAL] Loss: 0.6428, Accuracy: 66.00%, Precision: 0.62, Recall: 0.69, F1: 0.65, AUC: 0.66
Epoch [53/100] [TRAIN] Loss: 0.6184, Accuracy: 69.88%, AUC: 0.70 [VAL] Loss: 0.6422, Accuracy: 66.20%, Precision: 0.62, Recall: 0.69, F1: 0.66, AUC: 0.66
Epoch [54/100] [TRAIN] Loss: 0.6186, Accuracy: 69.79%, AUC: 0.70 [VAL] Loss: 0.6419, Accuracy: 66.50%, Precision: 0.62, Recall: 0.70, F1: 0.66, AUC: 0.67
Epoch [55/100] [TRAIN] Loss: 0.6192, Accuracy: 69.29%, AUC: 0.69 [VAL] Loss: 0.6420, Accuracy: 66.50%, Precision: 0.62, Recall: 0.70, F1: 0.66, AUC: 0.67
Epoch [56/100] [TRAIN] Loss: 0.6187, Accuracy: 69.85%, AUC: 0.70 [VAL] Loss: 0.6419, Accuracy: 66.60%, Precision: 0.63, Recall: 0.70, F1: 0.66, AUC: 0.67
Epoch [57/100] [TRAIN] Loss: 0.6178, Accuracy: 69.66%, AUC: 0.70 [VAL] Loss: 0.6416, Accuracy: 66.50%, Precision: 0.62, Recall: 0.70, F1: 0.66, AUC: 0.67
Epoch [58/100] [TRAIN] Loss: 0.6178, Accuracy: 70.31%, AUC: 0.70 [VAL] Loss: 0.6415, Accuracy: 66.60%, Precision: 0.63, Recall: 0.70, F1: 0.66, AUC: 0.67
Epoch [59/100] [TRAIN] Loss: 0.6171, Accuracy: 69.71%, AUC: 0.70 [VAL] Loss: 0.6410, Accuracy: 66.70%, Precision: 0.63, Recall: 0.70, F1: 0.66, AUC: 0.67
Epoch [60/100] [TRAIN] Loss: 0.6145, Accuracy: 69.60%, AUC: 0.70 [VAL] Loss: 0.6408, Accuracy: 66.50%, Precision: 0.62, Recall: 0.70, F1: 0.66, AUC: 0.67
Epoch [61/100] [TRAIN] Loss: 0.6175, Accuracy: 69.08%, AUC: 0.69 [VAL] Loss: 0.6406, Accuracy: 66.50%, Precision: 0.62, Recall: 0.70, F1: 0.66, AUC: 0.67
Epoch [62/100] [TRAIN] Loss: 0.6174, Accuracy: 69.54%, AUC: 0.70 [VAL] Loss: 0.6399, Accuracy: 66.30%, Precision: 0.62, Recall: 0.69, F1: 0.66, AUC: 0.67
Epoch [63/100] [TRAIN] Loss: 0.6161, Accuracy: 69.67%, AUC: 0.70 [VAL] Loss: 0.6397, Accuracy: 66.30%, Precision: 0.62, Recall: 0.69, F1: 0.66, AUC: 0.67
Epoch [64/100] [TRAIN] Loss: 0.6168, Accuracy: 69.05%, AUC: 0.69 [VAL] Loss: 0.6392, Accuracy: 66.10%, Precision: 0.62, Recall: 0.69, F1: 0.66, AUC: 0.66
Epoch [65/100] [TRAIN] Loss: 0.6144, Accuracy: 69.45%, AUC: 0.70 [VAL] Loss: 0.6394, Accuracy: 66.00%, Precision: 0.62, Recall: 0.69, F1: 0.65, AUC: 0.66
Epoch [66/100] [TRAIN] Loss: 0.6149, Accuracy: 69.76%, AUC: 0.70 [VAL] Loss: 0.6393, Accuracy: 66.40%, Precision: 0.62, Recall: 0.69, F1: 0.66, AUC: 0.67
Epoch [67/100] [TRAIN] Loss: 0.6154, Accuracy: 69.45%, AUC: 0.69 [VAL] Loss: 0.6387, Accuracy: 66.30%, Precision: 0.62, Recall: 0.69, F1: 0.66, AUC: 0.66
Epoch [68/100] [TRAIN] Loss: 0.6138, Accuracy: 70.09%, AUC: 0.70 [VAL] Loss: 0.6384, Accuracy: 66.00%, Precision: 0.62, Recall: 0.69, F1: 0.66, AUC: 0.66
Epoch [69/100] [TRAIN] Loss: 0.6161, Accuracy: 69.44%, AUC: 0.69 [VAL] Loss: 0.6381, Accuracy: 66.10%, Precision: 0.62, Recall: 0.69, F1: 0.66, AUC: 0.66
Epoch [70/100] [TRAIN] Loss: 0.6140, Accuracy: 69.78%, AUC: 0.70 [VAL] Loss: 0.6379, Accuracy: 66.10%, Precision: 0.62, Recall: 0.69, F1: 0.66, AUC: 0.66
Epoch [71/100] [TRAIN] Loss: 0.6124, Accuracy: 69.66%, AUC: 0.70 [VAL] Loss: 0.6377, Accuracy: 66.20%, Precision: 0.62, Recall: 0.69, F1: 0.66, AUC: 0.66
Epoch [72/100] [TRAIN] Loss: 0.6091, Accuracy: 70.11%, AUC: 0.70 [VAL] Loss: 0.6374, Accuracy: 66.40%, Precision: 0.62, Recall: 0.69, F1: 0.66, AUC: 0.67
Epoch [73/100] [TRAIN] Loss: 0.6143, Accuracy: 70.17%, AUC: 0.70 [VAL] Loss: 0.6372, Accuracy: 66.40%, Precision: 0.62, Recall: 0.69, F1: 0.66, AUC: 0.67
Epoch [74/100] [TRAIN] Loss: 0.6135, Accuracy: 69.56%, AUC: 0.70 [VAL] Loss: 0.6370, Accuracy: 66.40%, Precision: 0.62, Recall: 0.69, F1: 0.66, AUC: 0.67
Epoch [75/100] [TRAIN] Loss: 0.6122, Accuracy: 69.81%, AUC: 0.70 [VAL] Loss: 0.6368, Accuracy: 66.50%, Precision: 0.63, Recall: 0.69, F1: 0.66, AUC: 0.67
Epoch [76/100] [TRAIN] Loss: 0.6134, Accuracy: 69.91%, AUC: 0.70 [VAL] Loss: 0.6361, Accuracy: 66.50%, Precision: 0.63, Recall: 0.69, F1: 0.66, AUC: 0.67
Epoch [77/100] [TRAIN] Loss: 0.6132, Accuracy: 70.01%, AUC: 0.70 [VAL] Loss: 0.6357, Accuracy: 66.60%, Precision: 0.63, Recall: 0.69, F1: 0.66, AUC: 0.67
Epoch [78/100] [TRAIN] Loss: 0.6122, Accuracy: 69.72%, AUC: 0.70 [VAL] Loss: 0.6354, Accuracy: 66.60%, Precision: 0.63, Recall: 0.69, F1: 0.66, AUC: 0.67
Epoch [79/100] [TRAIN] Loss: 0.6108, Accuracy: 70.03%, AUC: 0.70 [VAL] Loss: 0.6352, Accuracy: 66.40%, Precision: 0.63, Recall: 0.69, F1: 0.66, AUC: 0.67
Epoch [80/100] [TRAIN] Loss: 0.6119, Accuracy: 69.70%, AUC: 0.70 [VAL] Loss: 0.6352, Accuracy: 66.60%, Precision: 0.63, Recall: 0.69, F1: 0.66, AUC: 0.67
Epoch [81/100] [TRAIN] Loss: 0.6119, Accuracy: 69.61%, AUC: 0.70 [VAL] Loss: 0.6350, Accuracy: 66.70%, Precision: 0.63, Recall: 0.69, F1: 0.66, AUC: 0.67
Epoch [82/100] [TRAIN] Loss: 0.6111, Accuracy: 69.65%, AUC: 0.70 [VAL] Loss: 0.6348, Accuracy: 66.70%, Precision: 0.63, Recall: 0.69, F1: 0.66, AUC: 0.67
Epoch [83/100] [TRAIN] Loss: 0.6104, Accuracy: 69.81%, AUC: 0.70 [VAL] Loss: 0.6346, Accuracy: 66.60%, Precision: 0.63, Recall: 0.69, F1: 0.66, AUC: 0.67
Epoch [84/100] [TRAIN] Loss: 0.6114, Accuracy: 69.64%, AUC: 0.70 [VAL] Loss: 0.6341, Accuracy: 66.70%, Precision: 0.63, Recall: 0.69, F1: 0.66, AUC: 0.67
Epoch [85/100] [TRAIN] Loss: 0.6119, Accuracy: 70.03%, AUC: 0.70 [VAL] Loss: 0.6337, Accuracy: 66.70%, Precision: 0.63, Recall: 0.69, F1: 0.66, AUC: 0.67
Epoch [86/100] [TRAIN] Loss: 0.6119, Accuracy: 69.49%, AUC: 0.70 [VAL] Loss: 0.6334, Accuracy: 66.80%, Precision: 0.63, Recall: 0.69, F1: 0.66, AUC: 0.67
Epoch [87/100] [TRAIN] Loss: 0.6110, Accuracy: 70.17%, AUC: 0.70 [VAL] Loss: 0.6327, Accuracy: 66.70%, Precision: 0.63, Recall: 0.69, F1: 0.66, AUC: 0.67
Epoch [88/100] [TRAIN] Loss: 0.6092, Accuracy: 69.74%, AUC: 0.70 [VAL] Loss: 0.6328, Accuracy: 66.80%, Precision: 0.63, Recall: 0.70, F1: 0.66, AUC: 0.67
Epoch [89/100] [TRAIN] Loss: 0.6075, Accuracy: 70.61%, AUC: 0.71 [VAL] Loss: 0.6324, Accuracy: 66.70%, Precision: 0.63, Recall: 0.69, F1: 0.66, AUC: 0.67
Epoch [90/100] [TRAIN] Loss: 0.6090, Accuracy: 69.66%, AUC: 0.70 [VAL] Loss: 0.6318, Accuracy: 66.60%, Precision: 0.63, Recall: 0.69, F1: 0.66, AUC: 0.67
Epoch [91/100] [TRAIN] Loss: 0.6101, Accuracy: 69.92%, AUC: 0.70 [VAL] Loss: 0.6314, Accuracy: 66.90%, Precision: 0.63, Recall: 0.70, F1: 0.66, AUC: 0.67
Epoch [92/100] [TRAIN] Loss: 0.6100, Accuracy: 69.84%, AUC: 0.70 [VAL] Loss: 0.6317, Accuracy: 67.00%, Precision: 0.63, Recall: 0.70, F1: 0.66, AUC: 0.67
Epoch [93/100] [TRAIN] Loss: 0.6090, Accuracy: 70.09%, AUC: 0.70 [VAL] Loss: 0.6313, Accuracy: 66.90%, Precision: 0.63, Recall: 0.70, F1: 0.66, AUC: 0.67
Epoch [94/100] [TRAIN] Loss: 0.6079, Accuracy: 69.65%, AUC: 0.70 [VAL] Loss: 0.6310, Accuracy: 67.10%, Precision: 0.63, Recall: 0.70, F1: 0.66, AUC: 0.67
Epoch [95/100] [TRAIN] Loss: 0.6083, Accuracy: 70.06%, AUC: 0.70 [VAL] Loss: 0.6310, Accuracy: 66.80%, Precision: 0.63, Recall: 0.70, F1: 0.66, AUC: 0.67
Epoch [96/100] [TRAIN] Loss: 0.6072, Accuracy: 69.92%, AUC: 0.70 [VAL] Loss: 0.6305, Accuracy: 67.00%, Precision: 0.63, Recall: 0.70, F1: 0.66, AUC: 0.67
Epoch [97/100] [TRAIN] Loss: 0.6096, Accuracy: 69.83%, AUC: 0.70 [VAL] Loss: 0.6305, Accuracy: 67.10%, Precision: 0.63, Recall: 0.71, F1: 0.67, AUC: 0.67
Epoch [98/100] [TRAIN] Loss: 0.6073, Accuracy: 69.69%, AUC: 0.70 [VAL] Loss: 0.6296, Accuracy: 66.90%, Precision: 0.63, Recall: 0.70, F1: 0.66, AUC: 0.67
Epoch [99/100] [TRAIN] Loss: 0.6067, Accuracy: 69.97%, AUC: 0.70 [VAL] Loss: 0.6295, Accuracy: 66.90%, Precision: 0.63, Recall: 0.70, F1: 0.66, AUC: 0.67
Epoch [100/100] [TRAIN] Loss: 0.6073, Accuracy: 70.10%, AUC: 0.70 [VAL] Loss: 0.6295, Accuracy: 67.10%, Precision: 0.63, Recall: 0.70, F1: 0.67, AUC: 0.67
  Antisymmetry score:      0.9580
  Total violations:        42 / 1000
  Pairs near boundary:     359 (35.9%)
  Avg |prob-0.5| at violation: 0.0000  (near 0 = boundary issue, larger = real failure)
Seed: 789
Accuracy:  68.30 %
AUC:       0.6845
Precision: 0.6527
Recall:    0.7170
F1-Score:  0.6833

Antisymmetry score:  0.9580  (1.0 = perfect, ~0.5 = random)

Detailed Classification Report:
              precision    recall  f1-score   support

           0       0.72      0.65      0.68       523
           1       0.65      0.72      0.68       477

    accuracy                           0.68      1000
   macro avg       0.68      0.68      0.68      1000
weighted avg       0.69      0.68      0.68      1000


Confusion Matrix:
[[341 182]
 [135 342]]


022-H3K9ac-H3K9me3-H3K27me3
Train label distribution:
  Label 0:   4257 (53.2%)
  Label 1:   3743 (46.8%)
Val label distribution:
  Label 0:    535 (53.5%)
  Label 1:    465 (46.5%)
Test label distribution:
  Label 0:    523 (52.3%)
  Label 1:    477 (47.7%)
Epoch [1/100] [TRAIN] Loss: 0.7019, Accuracy: 59.20%, AUC: 0.59 [VAL] Loss: 0.6737, Accuracy: 64.30%, Precision: 0.61, Recall: 0.65, F1: 0.63, AUC: 0.64
Epoch [2/100] [TRAIN] Loss: 0.6701, Accuracy: 65.86%, AUC: 0.66 [VAL] Loss: 0.6630, Accuracy: 63.60%, Precision: 0.60, Recall: 0.65, F1: 0.62, AUC: 0.64
Epoch [3/100] [TRAIN] Loss: 0.6557, Accuracy: 68.15%, AUC: 0.68 [VAL] Loss: 0.6588, Accuracy: 63.80%, Precision: 0.60, Recall: 0.65, F1: 0.63, AUC: 0.64
Epoch [4/100] [TRAIN] Loss: 0.6555, Accuracy: 67.84%, AUC: 0.68 [VAL] Loss: 0.6565, Accuracy: 64.40%, Precision: 0.61, Recall: 0.66, F1: 0.63, AUC: 0.64
Epoch [5/100] [TRAIN] Loss: 0.6508, Accuracy: 68.14%, AUC: 0.68 [VAL] Loss: 0.6547, Accuracy: 64.90%, Precision: 0.61, Recall: 0.66, F1: 0.64, AUC: 0.65
Epoch [6/100] [TRAIN] Loss: 0.6476, Accuracy: 68.22%, AUC: 0.68 [VAL] Loss: 0.6530, Accuracy: 65.10%, Precision: 0.62, Recall: 0.66, F1: 0.64, AUC: 0.65
Epoch [7/100] [TRAIN] Loss: 0.6478, Accuracy: 68.16%, AUC: 0.68 [VAL] Loss: 0.6516, Accuracy: 65.30%, Precision: 0.62, Recall: 0.66, F1: 0.64, AUC: 0.65
Epoch [8/100] [TRAIN] Loss: 0.6428, Accuracy: 68.38%, AUC: 0.68 [VAL] Loss: 0.6508, Accuracy: 65.30%, Precision: 0.62, Recall: 0.66, F1: 0.64, AUC: 0.65
Epoch [9/100] [TRAIN] Loss: 0.6365, Accuracy: 69.00%, AUC: 0.69 [VAL] Loss: 0.6499, Accuracy: 65.70%, Precision: 0.62, Recall: 0.67, F1: 0.64, AUC: 0.66
Epoch [10/100] [TRAIN] Loss: 0.6422, Accuracy: 68.17%, AUC: 0.68 [VAL] Loss: 0.6487, Accuracy: 65.90%, Precision: 0.62, Recall: 0.67, F1: 0.65, AUC: 0.66
Epoch [11/100] [TRAIN] Loss: 0.6366, Accuracy: 68.74%, AUC: 0.69 [VAL] Loss: 0.6479, Accuracy: 66.10%, Precision: 0.63, Recall: 0.68, F1: 0.65, AUC: 0.66
Epoch [12/100] [TRAIN] Loss: 0.6357, Accuracy: 68.80%, AUC: 0.69 [VAL] Loss: 0.6470, Accuracy: 65.90%, Precision: 0.62, Recall: 0.67, F1: 0.65, AUC: 0.66
Epoch [13/100] [TRAIN] Loss: 0.6367, Accuracy: 68.65%, AUC: 0.69 [VAL] Loss: 0.6460, Accuracy: 66.00%, Precision: 0.63, Recall: 0.67, F1: 0.65, AUC: 0.66
Epoch [14/100] [TRAIN] Loss: 0.6365, Accuracy: 68.91%, AUC: 0.69 [VAL] Loss: 0.6453, Accuracy: 66.00%, Precision: 0.63, Recall: 0.67, F1: 0.65, AUC: 0.66
Epoch [15/100] [TRAIN] Loss: 0.6323, Accuracy: 68.69%, AUC: 0.69 [VAL] Loss: 0.6447, Accuracy: 66.10%, Precision: 0.63, Recall: 0.67, F1: 0.65, AUC: 0.66
Epoch [16/100] [TRAIN] Loss: 0.6324, Accuracy: 68.83%, AUC: 0.69 [VAL] Loss: 0.6441, Accuracy: 66.10%, Precision: 0.63, Recall: 0.67, F1: 0.65, AUC: 0.66
Epoch [17/100] [TRAIN] Loss: 0.6294, Accuracy: 69.12%, AUC: 0.69 [VAL] Loss: 0.6436, Accuracy: 66.00%, Precision: 0.62, Recall: 0.67, F1: 0.65, AUC: 0.66
Epoch [18/100] [TRAIN] Loss: 0.6335, Accuracy: 68.53%, AUC: 0.69 [VAL] Loss: 0.6430, Accuracy: 65.90%, Precision: 0.62, Recall: 0.67, F1: 0.65, AUC: 0.66
Epoch [19/100] [TRAIN] Loss: 0.6285, Accuracy: 68.72%, AUC: 0.69 [VAL] Loss: 0.6426, Accuracy: 66.00%, Precision: 0.63, Recall: 0.67, F1: 0.65, AUC: 0.66
Epoch [20/100] [TRAIN] Loss: 0.6286, Accuracy: 69.26%, AUC: 0.69 [VAL] Loss: 0.6421, Accuracy: 66.00%, Precision: 0.62, Recall: 0.67, F1: 0.65, AUC: 0.66
Epoch [21/100] [TRAIN] Loss: 0.6235, Accuracy: 69.58%, AUC: 0.70 [VAL] Loss: 0.6418, Accuracy: 66.30%, Precision: 0.63, Recall: 0.68, F1: 0.65, AUC: 0.66
Epoch [22/100] [TRAIN] Loss: 0.6291, Accuracy: 68.78%, AUC: 0.69 [VAL] Loss: 0.6408, Accuracy: 66.00%, Precision: 0.62, Recall: 0.67, F1: 0.65, AUC: 0.66
Epoch [23/100] [TRAIN] Loss: 0.6217, Accuracy: 69.01%, AUC: 0.69 [VAL] Loss: 0.6408, Accuracy: 66.20%, Precision: 0.63, Recall: 0.68, F1: 0.65, AUC: 0.66
Epoch [24/100] [TRAIN] Loss: 0.6285, Accuracy: 69.04%, AUC: 0.69 [VAL] Loss: 0.6404, Accuracy: 66.00%, Precision: 0.62, Recall: 0.67, F1: 0.65, AUC: 0.66
Epoch [25/100] [TRAIN] Loss: 0.6294, Accuracy: 68.95%, AUC: 0.69 [VAL] Loss: 0.6401, Accuracy: 66.00%, Precision: 0.62, Recall: 0.67, F1: 0.65, AUC: 0.66
Epoch [26/100] [TRAIN] Loss: 0.6286, Accuracy: 68.65%, AUC: 0.69 [VAL] Loss: 0.6396, Accuracy: 66.20%, Precision: 0.63, Recall: 0.68, F1: 0.65, AUC: 0.66
Epoch [27/100] [TRAIN] Loss: 0.6253, Accuracy: 69.11%, AUC: 0.69 [VAL] Loss: 0.6391, Accuracy: 65.90%, Precision: 0.62, Recall: 0.68, F1: 0.65, AUC: 0.66
Epoch [28/100] [TRAIN] Loss: 0.6239, Accuracy: 69.39%, AUC: 0.69 [VAL] Loss: 0.6388, Accuracy: 66.00%, Precision: 0.62, Recall: 0.68, F1: 0.65, AUC: 0.66
Epoch [29/100] [TRAIN] Loss: 0.6260, Accuracy: 69.09%, AUC: 0.69 [VAL] Loss: 0.6382, Accuracy: 66.00%, Precision: 0.62, Recall: 0.68, F1: 0.65, AUC: 0.66
Epoch [30/100] [TRAIN] Loss: 0.6240, Accuracy: 68.75%, AUC: 0.69 [VAL] Loss: 0.6376, Accuracy: 66.20%, Precision: 0.63, Recall: 0.68, F1: 0.65, AUC: 0.66
Epoch [31/100] [TRAIN] Loss: 0.6258, Accuracy: 69.03%, AUC: 0.69 [VAL] Loss: 0.6371, Accuracy: 66.00%, Precision: 0.62, Recall: 0.68, F1: 0.65, AUC: 0.66
Epoch [32/100] [TRAIN] Loss: 0.6241, Accuracy: 68.88%, AUC: 0.69 [VAL] Loss: 0.6368, Accuracy: 66.10%, Precision: 0.62, Recall: 0.68, F1: 0.65, AUC: 0.66
Epoch [33/100] [TRAIN] Loss: 0.6228, Accuracy: 68.75%, AUC: 0.69 [VAL] Loss: 0.6365, Accuracy: 66.30%, Precision: 0.63, Recall: 0.68, F1: 0.65, AUC: 0.66
Epoch [34/100] [TRAIN] Loss: 0.6222, Accuracy: 68.94%, AUC: 0.69 [VAL] Loss: 0.6359, Accuracy: 66.20%, Precision: 0.63, Recall: 0.68, F1: 0.65, AUC: 0.66
Epoch [35/100] [TRAIN] Loss: 0.6229, Accuracy: 69.30%, AUC: 0.69 [VAL] Loss: 0.6355, Accuracy: 66.20%, Precision: 0.62, Recall: 0.68, F1: 0.65, AUC: 0.66
Epoch [36/100] [TRAIN] Loss: 0.6202, Accuracy: 69.04%, AUC: 0.69 [VAL] Loss: 0.6354, Accuracy: 66.20%, Precision: 0.62, Recall: 0.68, F1: 0.65, AUC: 0.66
Epoch [37/100] [TRAIN] Loss: 0.6223, Accuracy: 68.56%, AUC: 0.69 [VAL] Loss: 0.6349, Accuracy: 66.50%, Precision: 0.63, Recall: 0.69, F1: 0.66, AUC: 0.67
Epoch [38/100] [TRAIN] Loss: 0.6217, Accuracy: 68.65%, AUC: 0.69 [VAL] Loss: 0.6346, Accuracy: 66.20%, Precision: 0.62, Recall: 0.68, F1: 0.65, AUC: 0.66
Epoch [39/100] [TRAIN] Loss: 0.6232, Accuracy: 69.08%, AUC: 0.69 [VAL] Loss: 0.6342, Accuracy: 66.20%, Precision: 0.62, Recall: 0.68, F1: 0.65, AUC: 0.66
Epoch [40/100] [TRAIN] Loss: 0.6166, Accuracy: 69.38%, AUC: 0.69 [VAL] Loss: 0.6342, Accuracy: 66.20%, Precision: 0.62, Recall: 0.68, F1: 0.65, AUC: 0.66
Epoch [41/100] [TRAIN] Loss: 0.6193, Accuracy: 69.38%, AUC: 0.69 [VAL] Loss: 0.6338, Accuracy: 66.20%, Precision: 0.63, Recall: 0.68, F1: 0.65, AUC: 0.66
Epoch [42/100] [TRAIN] Loss: 0.6191, Accuracy: 69.11%, AUC: 0.69 [VAL] Loss: 0.6332, Accuracy: 66.00%, Precision: 0.62, Recall: 0.68, F1: 0.65, AUC: 0.66
Epoch [43/100] [TRAIN] Loss: 0.6202, Accuracy: 68.96%, AUC: 0.69 [VAL] Loss: 0.6329, Accuracy: 66.00%, Precision: 0.62, Recall: 0.68, F1: 0.65, AUC: 0.66
Epoch [44/100] [TRAIN] Loss: 0.6179, Accuracy: 69.53%, AUC: 0.70 [VAL] Loss: 0.6325, Accuracy: 66.20%, Precision: 0.62, Recall: 0.69, F1: 0.65, AUC: 0.66
Epoch [45/100] [TRAIN] Loss: 0.6172, Accuracy: 69.11%, AUC: 0.69 [VAL] Loss: 0.6325, Accuracy: 66.00%, Precision: 0.62, Recall: 0.68, F1: 0.65, AUC: 0.66
Epoch [46/100] [TRAIN] Loss: 0.6192, Accuracy: 68.89%, AUC: 0.69 [VAL] Loss: 0.6319, Accuracy: 66.20%, Precision: 0.62, Recall: 0.69, F1: 0.65, AUC: 0.66
Epoch [47/100] [TRAIN] Loss: 0.6149, Accuracy: 69.61%, AUC: 0.70 [VAL] Loss: 0.6315, Accuracy: 66.10%, Precision: 0.62, Recall: 0.68, F1: 0.65, AUC: 0.66
Epoch [48/100] [TRAIN] Loss: 0.6197, Accuracy: 68.85%, AUC: 0.69 [VAL] Loss: 0.6312, Accuracy: 66.20%, Precision: 0.62, Recall: 0.68, F1: 0.65, AUC: 0.66
Epoch [49/100] [TRAIN] Loss: 0.6152, Accuracy: 69.04%, AUC: 0.69 [VAL] Loss: 0.6309, Accuracy: 66.30%, Precision: 0.63, Recall: 0.69, F1: 0.65, AUC: 0.66
Epoch [50/100] [TRAIN] Loss: 0.6178, Accuracy: 69.22%, AUC: 0.69 [VAL] Loss: 0.6306, Accuracy: 66.30%, Precision: 0.62, Recall: 0.69, F1: 0.66, AUC: 0.66
Epoch [51/100] [TRAIN] Loss: 0.6167, Accuracy: 69.29%, AUC: 0.69 [VAL] Loss: 0.6305, Accuracy: 66.30%, Precision: 0.63, Recall: 0.69, F1: 0.65, AUC: 0.66
Epoch [52/100] [TRAIN] Loss: 0.6149, Accuracy: 69.26%, AUC: 0.69 [VAL] Loss: 0.6303, Accuracy: 66.30%, Precision: 0.63, Recall: 0.69, F1: 0.65, AUC: 0.66
Epoch [53/100] [TRAIN] Loss: 0.6168, Accuracy: 69.28%, AUC: 0.69 [VAL] Loss: 0.6296, Accuracy: 66.30%, Precision: 0.63, Recall: 0.69, F1: 0.65, AUC: 0.66
Epoch [54/100] [TRAIN] Loss: 0.6142, Accuracy: 69.42%, AUC: 0.69 [VAL] Loss: 0.6293, Accuracy: 66.40%, Precision: 0.63, Recall: 0.69, F1: 0.66, AUC: 0.67
Epoch [55/100] [TRAIN] Loss: 0.6145, Accuracy: 69.31%, AUC: 0.69 [VAL] Loss: 0.6289, Accuracy: 66.30%, Precision: 0.62, Recall: 0.69, F1: 0.66, AUC: 0.66
Epoch [56/100] [TRAIN] Loss: 0.6127, Accuracy: 69.26%, AUC: 0.69 [VAL] Loss: 0.6288, Accuracy: 66.40%, Precision: 0.63, Recall: 0.69, F1: 0.66, AUC: 0.67
Epoch [57/100] [TRAIN] Loss: 0.6145, Accuracy: 69.14%, AUC: 0.69 [VAL] Loss: 0.6281, Accuracy: 66.40%, Precision: 0.63, Recall: 0.69, F1: 0.66, AUC: 0.67
Epoch [58/100] [TRAIN] Loss: 0.6131, Accuracy: 69.50%, AUC: 0.70 [VAL] Loss: 0.6280, Accuracy: 66.30%, Precision: 0.63, Recall: 0.68, F1: 0.65, AUC: 0.66
Epoch [59/100] [TRAIN] Loss: 0.6129, Accuracy: 69.41%, AUC: 0.69 [VAL] Loss: 0.6279, Accuracy: 66.50%, Precision: 0.63, Recall: 0.69, F1: 0.66, AUC: 0.67
Epoch [60/100] [TRAIN] Loss: 0.6134, Accuracy: 68.67%, AUC: 0.69 [VAL] Loss: 0.6276, Accuracy: 66.40%, Precision: 0.63, Recall: 0.69, F1: 0.66, AUC: 0.67
Epoch [61/100] [TRAIN] Loss: 0.6114, Accuracy: 69.79%, AUC: 0.70 [VAL] Loss: 0.6278, Accuracy: 66.50%, Precision: 0.63, Recall: 0.69, F1: 0.66, AUC: 0.67
Epoch [62/100] [TRAIN] Loss: 0.6152, Accuracy: 69.64%, AUC: 0.70 [VAL] Loss: 0.6271, Accuracy: 66.40%, Precision: 0.63, Recall: 0.69, F1: 0.66, AUC: 0.67
Epoch [63/100] [TRAIN] Loss: 0.6086, Accuracy: 69.44%, AUC: 0.69 [VAL] Loss: 0.6269, Accuracy: 66.40%, Precision: 0.63, Recall: 0.69, F1: 0.66, AUC: 0.67
Epoch [64/100] [TRAIN] Loss: 0.6117, Accuracy: 69.26%, AUC: 0.69 [VAL] Loss: 0.6265, Accuracy: 66.50%, Precision: 0.63, Recall: 0.69, F1: 0.66, AUC: 0.67
Epoch [65/100] [TRAIN] Loss: 0.6109, Accuracy: 69.31%, AUC: 0.69 [VAL] Loss: 0.6260, Accuracy: 66.60%, Precision: 0.63, Recall: 0.69, F1: 0.66, AUC: 0.67
Epoch [66/100] [TRAIN] Loss: 0.6100, Accuracy: 69.39%, AUC: 0.69 [VAL] Loss: 0.6257, Accuracy: 66.60%, Precision: 0.63, Recall: 0.69, F1: 0.66, AUC: 0.67
Epoch [67/100] [TRAIN] Loss: 0.6109, Accuracy: 70.03%, AUC: 0.70 [VAL] Loss: 0.6256, Accuracy: 66.60%, Precision: 0.63, Recall: 0.69, F1: 0.66, AUC: 0.67
Epoch [68/100] [TRAIN] Loss: 0.6125, Accuracy: 69.65%, AUC: 0.70 [VAL] Loss: 0.6253, Accuracy: 66.90%, Precision: 0.63, Recall: 0.69, F1: 0.66, AUC: 0.67
Epoch [69/100] [TRAIN] Loss: 0.6105, Accuracy: 68.97%, AUC: 0.69 [VAL] Loss: 0.6248, Accuracy: 66.60%, Precision: 0.63, Recall: 0.69, F1: 0.66, AUC: 0.67
Epoch [70/100] [TRAIN] Loss: 0.6140, Accuracy: 69.06%, AUC: 0.69 [VAL] Loss: 0.6247, Accuracy: 66.70%, Precision: 0.63, Recall: 0.69, F1: 0.66, AUC: 0.67
Epoch [71/100] [TRAIN] Loss: 0.6126, Accuracy: 69.35%, AUC: 0.69 [VAL] Loss: 0.6242, Accuracy: 66.80%, Precision: 0.63, Recall: 0.69, F1: 0.66, AUC: 0.67
Epoch [72/100] [TRAIN] Loss: 0.6123, Accuracy: 69.34%, AUC: 0.69 [VAL] Loss: 0.6241, Accuracy: 66.50%, Precision: 0.63, Recall: 0.69, F1: 0.66, AUC: 0.67
Epoch [73/100] [TRAIN] Loss: 0.6116, Accuracy: 68.61%, AUC: 0.69 [VAL] Loss: 0.6239, Accuracy: 66.50%, Precision: 0.63, Recall: 0.68, F1: 0.65, AUC: 0.67
Epoch [74/100] [TRAIN] Loss: 0.6105, Accuracy: 69.24%, AUC: 0.69 [VAL] Loss: 0.6238, Accuracy: 66.70%, Precision: 0.63, Recall: 0.69, F1: 0.66, AUC: 0.67
Epoch [75/100] [TRAIN] Loss: 0.6073, Accuracy: 70.06%, AUC: 0.70 [VAL] Loss: 0.6235, Accuracy: 66.80%, Precision: 0.63, Recall: 0.69, F1: 0.66, AUC: 0.67
Epoch [76/100] [TRAIN] Loss: 0.6081, Accuracy: 69.61%, AUC: 0.70 [VAL] Loss: 0.6229, Accuracy: 66.50%, Precision: 0.63, Recall: 0.68, F1: 0.65, AUC: 0.67
Epoch [77/100] [TRAIN] Loss: 0.6089, Accuracy: 69.06%, AUC: 0.69 [VAL] Loss: 0.6225, Accuracy: 66.50%, Precision: 0.63, Recall: 0.68, F1: 0.65, AUC: 0.67
Epoch [78/100] [TRAIN] Loss: 0.6107, Accuracy: 69.45%, AUC: 0.70 [VAL] Loss: 0.6219, Accuracy: 66.50%, Precision: 0.63, Recall: 0.68, F1: 0.65, AUC: 0.67
Epoch [79/100] [TRAIN] Loss: 0.6084, Accuracy: 69.36%, AUC: 0.69 [VAL] Loss: 0.6218, Accuracy: 66.60%, Precision: 0.63, Recall: 0.69, F1: 0.66, AUC: 0.67
Epoch [80/100] [TRAIN] Loss: 0.6083, Accuracy: 69.78%, AUC: 0.70 [VAL] Loss: 0.6212, Accuracy: 67.00%, Precision: 0.63, Recall: 0.69, F1: 0.66, AUC: 0.67
Epoch [81/100] [TRAIN] Loss: 0.6090, Accuracy: 69.76%, AUC: 0.70 [VAL] Loss: 0.6213, Accuracy: 67.20%, Precision: 0.63, Recall: 0.69, F1: 0.66, AUC: 0.67
Epoch [82/100] [TRAIN] Loss: 0.6086, Accuracy: 69.44%, AUC: 0.69 [VAL] Loss: 0.6209, Accuracy: 67.20%, Precision: 0.63, Recall: 0.69, F1: 0.66, AUC: 0.67
Epoch [83/100] [TRAIN] Loss: 0.6069, Accuracy: 69.47%, AUC: 0.70 [VAL] Loss: 0.6203, Accuracy: 67.20%, Precision: 0.63, Recall: 0.69, F1: 0.66, AUC: 0.67
Epoch [84/100] [TRAIN] Loss: 0.6072, Accuracy: 69.64%, AUC: 0.70 [VAL] Loss: 0.6202, Accuracy: 67.00%, Precision: 0.63, Recall: 0.69, F1: 0.66, AUC: 0.67
Epoch [85/100] [TRAIN] Loss: 0.6080, Accuracy: 69.42%, AUC: 0.69 [VAL] Loss: 0.6195, Accuracy: 67.20%, Precision: 0.63, Recall: 0.69, F1: 0.66, AUC: 0.67
Epoch [86/100] [TRAIN] Loss: 0.6066, Accuracy: 69.72%, AUC: 0.70 [VAL] Loss: 0.6197, Accuracy: 66.90%, Precision: 0.63, Recall: 0.69, F1: 0.66, AUC: 0.67
Epoch [87/100] [TRAIN] Loss: 0.6041, Accuracy: 69.80%, AUC: 0.70 [VAL] Loss: 0.6196, Accuracy: 67.60%, Precision: 0.64, Recall: 0.70, F1: 0.67, AUC: 0.68
Epoch [88/100] [TRAIN] Loss: 0.6049, Accuracy: 69.85%, AUC: 0.70 [VAL] Loss: 0.6193, Accuracy: 67.60%, Precision: 0.64, Recall: 0.70, F1: 0.67, AUC: 0.68
Epoch [89/100] [TRAIN] Loss: 0.6042, Accuracy: 69.64%, AUC: 0.70 [VAL] Loss: 0.6187, Accuracy: 67.60%, Precision: 0.64, Recall: 0.70, F1: 0.67, AUC: 0.68
Epoch [90/100] [TRAIN] Loss: 0.6046, Accuracy: 70.28%, AUC: 0.70 [VAL] Loss: 0.6183, Accuracy: 67.50%, Precision: 0.64, Recall: 0.70, F1: 0.67, AUC: 0.68
Epoch [91/100] [TRAIN] Loss: 0.6063, Accuracy: 69.39%, AUC: 0.69 [VAL] Loss: 0.6183, Accuracy: 67.70%, Precision: 0.64, Recall: 0.69, F1: 0.67, AUC: 0.68
Epoch [92/100] [TRAIN] Loss: 0.6042, Accuracy: 70.12%, AUC: 0.70 [VAL] Loss: 0.6178, Accuracy: 67.70%, Precision: 0.64, Recall: 0.69, F1: 0.67, AUC: 0.68
Epoch [93/100] [TRAIN] Loss: 0.6056, Accuracy: 69.62%, AUC: 0.70 [VAL] Loss: 0.6173, Accuracy: 67.60%, Precision: 0.64, Recall: 0.69, F1: 0.67, AUC: 0.68
Epoch [94/100] [TRAIN] Loss: 0.6021, Accuracy: 69.90%, AUC: 0.70 [VAL] Loss: 0.6171, Accuracy: 67.50%, Precision: 0.64, Recall: 0.69, F1: 0.66, AUC: 0.68
Epoch [95/100] [TRAIN] Loss: 0.6036, Accuracy: 69.71%, AUC: 0.70 [VAL] Loss: 0.6170, Accuracy: 67.40%, Precision: 0.64, Recall: 0.69, F1: 0.66, AUC: 0.68
Epoch [96/100] [TRAIN] Loss: 0.6040, Accuracy: 69.83%, AUC: 0.70 [VAL] Loss: 0.6165, Accuracy: 67.60%, Precision: 0.64, Recall: 0.69, F1: 0.67, AUC: 0.68
Epoch [97/100] [TRAIN] Loss: 0.6060, Accuracy: 69.56%, AUC: 0.70 [VAL] Loss: 0.6162, Accuracy: 67.50%, Precision: 0.64, Recall: 0.69, F1: 0.67, AUC: 0.68
Epoch [98/100] [TRAIN] Loss: 0.6045, Accuracy: 69.56%, AUC: 0.70 [VAL] Loss: 0.6156, Accuracy: 67.50%, Precision: 0.64, Recall: 0.69, F1: 0.66, AUC: 0.68
Epoch [99/100] [TRAIN] Loss: 0.6020, Accuracy: 70.16%, AUC: 0.70 [VAL] Loss: 0.6155, Accuracy: 67.60%, Precision: 0.64, Recall: 0.69, F1: 0.67, AUC: 0.68
Epoch [100/100] [TRAIN] Loss: 0.6015, Accuracy: 69.59%, AUC: 0.70 [VAL] Loss: 0.6151, Accuracy: 67.40%, Precision: 0.64, Recall: 0.69, F1: 0.66, AUC: 0.68
  Antisymmetry score:      0.9700
  Total violations:        30 / 1000
  Pairs near boundary:     336 (33.6%)
  Avg |prob-0.5| at violation: 0.0000  (near 0 = boundary issue, larger = real failure)
Seed: 789
Accuracy:  70.90 %
AUC:       0.7103
Precision: 0.6795
Recall:    0.7379
F1-Score:  0.7075

Antisymmetry score:  0.9700  (1.0 = perfect, ~0.5 = random)

Detailed Classification Report:
              precision    recall  f1-score   support

           0       0.74      0.68      0.71       523
           1       0.68      0.74      0.71       477

    accuracy                           0.71      1000
   macro avg       0.71      0.71      0.71      1000
weighted avg       0.71      0.71      0.71      1000


Confusion Matrix:
[[357 166]
 [125 352]]


023-H3K9ac-H3K27ac-H3K27me3
Train label distribution:
  Label 0:   4257 (53.2%)
  Label 1:   3743 (46.8%)
Val label distribution:
  Label 0:    535 (53.5%)
  Label 1:    465 (46.5%)
Test label distribution:
  Label 0:    523 (52.3%)
  Label 1:    477 (47.7%)
Epoch [1/100] [TRAIN] Loss: 0.6852, Accuracy: 63.58%, AUC: 0.64 [VAL] Loss: 0.6624, Accuracy: 66.40%, Precision: 0.63, Recall: 0.69, F1: 0.66, AUC: 0.67
Epoch [2/100] [TRAIN] Loss: 0.6644, Accuracy: 66.29%, AUC: 0.66 [VAL] Loss: 0.6582, Accuracy: 66.30%, Precision: 0.63, Recall: 0.68, F1: 0.65, AUC: 0.66
Epoch [3/100] [TRAIN] Loss: 0.6567, Accuracy: 68.65%, AUC: 0.69 [VAL] Loss: 0.6549, Accuracy: 66.40%, Precision: 0.63, Recall: 0.68, F1: 0.65, AUC: 0.67
Epoch [4/100] [TRAIN] Loss: 0.6480, Accuracy: 68.92%, AUC: 0.69 [VAL] Loss: 0.6521, Accuracy: 66.40%, Precision: 0.63, Recall: 0.68, F1: 0.65, AUC: 0.67
Epoch [5/100] [TRAIN] Loss: 0.6440, Accuracy: 69.47%, AUC: 0.70 [VAL] Loss: 0.6501, Accuracy: 66.70%, Precision: 0.63, Recall: 0.69, F1: 0.66, AUC: 0.67
Epoch [6/100] [TRAIN] Loss: 0.6375, Accuracy: 69.54%, AUC: 0.70 [VAL] Loss: 0.6490, Accuracy: 67.10%, Precision: 0.63, Recall: 0.69, F1: 0.66, AUC: 0.67
Epoch [7/100] [TRAIN] Loss: 0.6423, Accuracy: 68.45%, AUC: 0.69 [VAL] Loss: 0.6478, Accuracy: 66.60%, Precision: 0.63, Recall: 0.69, F1: 0.66, AUC: 0.67
Epoch [8/100] [TRAIN] Loss: 0.6379, Accuracy: 69.17%, AUC: 0.69 [VAL] Loss: 0.6465, Accuracy: 66.50%, Precision: 0.63, Recall: 0.69, F1: 0.66, AUC: 0.67
Epoch [9/100] [TRAIN] Loss: 0.6357, Accuracy: 69.01%, AUC: 0.69 [VAL] Loss: 0.6456, Accuracy: 66.50%, Precision: 0.63, Recall: 0.69, F1: 0.66, AUC: 0.67
Epoch [10/100] [TRAIN] Loss: 0.6366, Accuracy: 68.84%, AUC: 0.69 [VAL] Loss: 0.6446, Accuracy: 66.60%, Precision: 0.63, Recall: 0.69, F1: 0.66, AUC: 0.67
Epoch [11/100] [TRAIN] Loss: 0.6290, Accuracy: 68.86%, AUC: 0.69 [VAL] Loss: 0.6439, Accuracy: 66.70%, Precision: 0.63, Recall: 0.69, F1: 0.66, AUC: 0.67
Epoch [12/100] [TRAIN] Loss: 0.6307, Accuracy: 69.08%, AUC: 0.69 [VAL] Loss: 0.6428, Accuracy: 66.90%, Precision: 0.63, Recall: 0.69, F1: 0.66, AUC: 0.67
Epoch [13/100] [TRAIN] Loss: 0.6307, Accuracy: 68.95%, AUC: 0.69 [VAL] Loss: 0.6423, Accuracy: 67.10%, Precision: 0.63, Recall: 0.69, F1: 0.66, AUC: 0.67
Epoch [14/100] [TRAIN] Loss: 0.6340, Accuracy: 69.25%, AUC: 0.69 [VAL] Loss: 0.6415, Accuracy: 67.40%, Precision: 0.64, Recall: 0.69, F1: 0.66, AUC: 0.68
Epoch [15/100] [TRAIN] Loss: 0.6280, Accuracy: 69.12%, AUC: 0.69 [VAL] Loss: 0.6411, Accuracy: 67.10%, Precision: 0.63, Recall: 0.69, F1: 0.66, AUC: 0.67
Epoch [16/100] [TRAIN] Loss: 0.6244, Accuracy: 69.33%, AUC: 0.69 [VAL] Loss: 0.6400, Accuracy: 67.20%, Precision: 0.64, Recall: 0.69, F1: 0.66, AUC: 0.67
Epoch [17/100] [TRAIN] Loss: 0.6258, Accuracy: 69.49%, AUC: 0.70 [VAL] Loss: 0.6398, Accuracy: 67.20%, Precision: 0.64, Recall: 0.69, F1: 0.66, AUC: 0.67
Epoch [18/100] [TRAIN] Loss: 0.6250, Accuracy: 69.04%, AUC: 0.69 [VAL] Loss: 0.6388, Accuracy: 67.50%, Precision: 0.64, Recall: 0.69, F1: 0.67, AUC: 0.68
Epoch [19/100] [TRAIN] Loss: 0.6249, Accuracy: 68.79%, AUC: 0.69 [VAL] Loss: 0.6383, Accuracy: 67.80%, Precision: 0.64, Recall: 0.70, F1: 0.67, AUC: 0.68
Epoch [20/100] [TRAIN] Loss: 0.6255, Accuracy: 69.15%, AUC: 0.69 [VAL] Loss: 0.6377, Accuracy: 67.80%, Precision: 0.64, Recall: 0.70, F1: 0.67, AUC: 0.68
Epoch [21/100] [TRAIN] Loss: 0.6257, Accuracy: 68.51%, AUC: 0.69 [VAL] Loss: 0.6372, Accuracy: 67.60%, Precision: 0.64, Recall: 0.70, F1: 0.67, AUC: 0.68
Epoch [22/100] [TRAIN] Loss: 0.6215, Accuracy: 68.97%, AUC: 0.69 [VAL] Loss: 0.6365, Accuracy: 67.70%, Precision: 0.64, Recall: 0.70, F1: 0.67, AUC: 0.68
Epoch [23/100] [TRAIN] Loss: 0.6218, Accuracy: 69.31%, AUC: 0.69 [VAL] Loss: 0.6361, Accuracy: 67.60%, Precision: 0.64, Recall: 0.70, F1: 0.67, AUC: 0.68
Epoch [24/100] [TRAIN] Loss: 0.6229, Accuracy: 69.34%, AUC: 0.69 [VAL] Loss: 0.6356, Accuracy: 67.60%, Precision: 0.64, Recall: 0.70, F1: 0.67, AUC: 0.68
Epoch [25/100] [TRAIN] Loss: 0.6203, Accuracy: 68.84%, AUC: 0.69 [VAL] Loss: 0.6354, Accuracy: 67.60%, Precision: 0.64, Recall: 0.70, F1: 0.67, AUC: 0.68
Epoch [26/100] [TRAIN] Loss: 0.6207, Accuracy: 69.30%, AUC: 0.69 [VAL] Loss: 0.6348, Accuracy: 67.70%, Precision: 0.64, Recall: 0.70, F1: 0.67, AUC: 0.68
Epoch [27/100] [TRAIN] Loss: 0.6196, Accuracy: 69.17%, AUC: 0.69 [VAL] Loss: 0.6343, Accuracy: 67.60%, Precision: 0.64, Recall: 0.70, F1: 0.67, AUC: 0.68
Epoch [28/100] [TRAIN] Loss: 0.6190, Accuracy: 69.21%, AUC: 0.69 [VAL] Loss: 0.6341, Accuracy: 67.80%, Precision: 0.64, Recall: 0.70, F1: 0.67, AUC: 0.68
Epoch [29/100] [TRAIN] Loss: 0.6200, Accuracy: 69.14%, AUC: 0.69 [VAL] Loss: 0.6337, Accuracy: 67.60%, Precision: 0.64, Recall: 0.70, F1: 0.67, AUC: 0.68
Epoch [30/100] [TRAIN] Loss: 0.6191, Accuracy: 68.89%, AUC: 0.69 [VAL] Loss: 0.6331, Accuracy: 67.50%, Precision: 0.64, Recall: 0.70, F1: 0.67, AUC: 0.68
Epoch [31/100] [TRAIN] Loss: 0.6203, Accuracy: 69.08%, AUC: 0.69 [VAL] Loss: 0.6331, Accuracy: 67.50%, Precision: 0.64, Recall: 0.70, F1: 0.67, AUC: 0.68
Epoch [32/100] [TRAIN] Loss: 0.6151, Accuracy: 69.59%, AUC: 0.70 [VAL] Loss: 0.6330, Accuracy: 67.70%, Precision: 0.64, Recall: 0.70, F1: 0.67, AUC: 0.68
Epoch [33/100] [TRAIN] Loss: 0.6123, Accuracy: 69.62%, AUC: 0.70 [VAL] Loss: 0.6329, Accuracy: 67.50%, Precision: 0.64, Recall: 0.70, F1: 0.67, AUC: 0.68
Epoch [34/100] [TRAIN] Loss: 0.6159, Accuracy: 69.25%, AUC: 0.69 [VAL] Loss: 0.6318, Accuracy: 67.40%, Precision: 0.64, Recall: 0.70, F1: 0.67, AUC: 0.68
Epoch [35/100] [TRAIN] Loss: 0.6153, Accuracy: 69.21%, AUC: 0.69 [VAL] Loss: 0.6318, Accuracy: 67.50%, Precision: 0.64, Recall: 0.70, F1: 0.67, AUC: 0.68
Epoch [36/100] [TRAIN] Loss: 0.6162, Accuracy: 69.20%, AUC: 0.69 [VAL] Loss: 0.6316, Accuracy: 67.50%, Precision: 0.64, Recall: 0.70, F1: 0.67, AUC: 0.68
Epoch [37/100] [TRAIN] Loss: 0.6159, Accuracy: 69.29%, AUC: 0.69 [VAL] Loss: 0.6312, Accuracy: 67.60%, Precision: 0.64, Recall: 0.70, F1: 0.67, AUC: 0.68
Epoch [38/100] [TRAIN] Loss: 0.6152, Accuracy: 69.70%, AUC: 0.70 [VAL] Loss: 0.6306, Accuracy: 67.70%, Precision: 0.64, Recall: 0.70, F1: 0.67, AUC: 0.68
Epoch [39/100] [TRAIN] Loss: 0.6129, Accuracy: 69.40%, AUC: 0.69 [VAL] Loss: 0.6308, Accuracy: 67.50%, Precision: 0.64, Recall: 0.70, F1: 0.67, AUC: 0.68
Epoch [40/100] [TRAIN] Loss: 0.6151, Accuracy: 69.22%, AUC: 0.69 [VAL] Loss: 0.6305, Accuracy: 67.40%, Precision: 0.64, Recall: 0.70, F1: 0.67, AUC: 0.68
Epoch [41/100] [TRAIN] Loss: 0.6113, Accuracy: 68.97%, AUC: 0.69 [VAL] Loss: 0.6303, Accuracy: 67.50%, Precision: 0.64, Recall: 0.70, F1: 0.67, AUC: 0.68
Epoch [42/100] [TRAIN] Loss: 0.6128, Accuracy: 69.39%, AUC: 0.69 [VAL] Loss: 0.6299, Accuracy: 67.50%, Precision: 0.64, Recall: 0.70, F1: 0.67, AUC: 0.68
Epoch [43/100] [TRAIN] Loss: 0.6151, Accuracy: 69.21%, AUC: 0.69 [VAL] Loss: 0.6295, Accuracy: 67.70%, Precision: 0.64, Recall: 0.70, F1: 0.67, AUC: 0.68
Epoch [44/100] [TRAIN] Loss: 0.6115, Accuracy: 69.50%, AUC: 0.70 [VAL] Loss: 0.6290, Accuracy: 67.60%, Precision: 0.64, Recall: 0.70, F1: 0.67, AUC: 0.68
Epoch [45/100] [TRAIN] Loss: 0.6124, Accuracy: 69.49%, AUC: 0.70 [VAL] Loss: 0.6284, Accuracy: 67.80%, Precision: 0.64, Recall: 0.70, F1: 0.67, AUC: 0.68
Epoch [46/100] [TRAIN] Loss: 0.6118, Accuracy: 69.36%, AUC: 0.69 [VAL] Loss: 0.6283, Accuracy: 67.50%, Precision: 0.64, Recall: 0.70, F1: 0.67, AUC: 0.68
Epoch [47/100] [TRAIN] Loss: 0.6115, Accuracy: 69.11%, AUC: 0.69 [VAL] Loss: 0.6282, Accuracy: 67.50%, Precision: 0.64, Recall: 0.70, F1: 0.67, AUC: 0.68
Epoch [48/100] [TRAIN] Loss: 0.6130, Accuracy: 69.00%, AUC: 0.69 [VAL] Loss: 0.6279, Accuracy: 67.60%, Precision: 0.64, Recall: 0.70, F1: 0.67, AUC: 0.68
Epoch [49/100] [TRAIN] Loss: 0.6107, Accuracy: 69.21%, AUC: 0.69 [VAL] Loss: 0.6280, Accuracy: 67.70%, Precision: 0.64, Recall: 0.70, F1: 0.67, AUC: 0.68
Epoch [50/100] [TRAIN] Loss: 0.6128, Accuracy: 68.81%, AUC: 0.69 [VAL] Loss: 0.6278, Accuracy: 67.80%, Precision: 0.64, Recall: 0.70, F1: 0.67, AUC: 0.68
Epoch [51/100] [TRAIN] Loss: 0.6114, Accuracy: 69.33%, AUC: 0.69 [VAL] Loss: 0.6276, Accuracy: 67.90%, Precision: 0.64, Recall: 0.70, F1: 0.67, AUC: 0.68
Epoch [52/100] [TRAIN] Loss: 0.6090, Accuracy: 69.46%, AUC: 0.70 [VAL] Loss: 0.6271, Accuracy: 67.60%, Precision: 0.64, Recall: 0.70, F1: 0.67, AUC: 0.68
Epoch [53/100] [TRAIN] Loss: 0.6081, Accuracy: 69.30%, AUC: 0.69 [VAL] Loss: 0.6268, Accuracy: 67.50%, Precision: 0.64, Recall: 0.69, F1: 0.67, AUC: 0.68
Epoch [54/100] [TRAIN] Loss: 0.6117, Accuracy: 69.00%, AUC: 0.69 [VAL] Loss: 0.6267, Accuracy: 67.30%, Precision: 0.64, Recall: 0.69, F1: 0.66, AUC: 0.67
Epoch [55/100] [TRAIN] Loss: 0.6118, Accuracy: 68.90%, AUC: 0.69 [VAL] Loss: 0.6263, Accuracy: 67.40%, Precision: 0.64, Recall: 0.69, F1: 0.66, AUC: 0.68
Epoch [56/100] [TRAIN] Loss: 0.6082, Accuracy: 69.71%, AUC: 0.70 [VAL] Loss: 0.6261, Accuracy: 67.10%, Precision: 0.63, Recall: 0.69, F1: 0.66, AUC: 0.67
Epoch [57/100] [TRAIN] Loss: 0.6083, Accuracy: 69.39%, AUC: 0.69 [VAL] Loss: 0.6257, Accuracy: 67.30%, Precision: 0.64, Recall: 0.69, F1: 0.66, AUC: 0.67
Epoch [58/100] [TRAIN] Loss: 0.6095, Accuracy: 68.91%, AUC: 0.69 [VAL] Loss: 0.6254, Accuracy: 67.30%, Precision: 0.64, Recall: 0.69, F1: 0.66, AUC: 0.67
Epoch [59/100] [TRAIN] Loss: 0.6097, Accuracy: 69.22%, AUC: 0.69 [VAL] Loss: 0.6251, Accuracy: 67.40%, Precision: 0.64, Recall: 0.69, F1: 0.66, AUC: 0.68
Epoch [60/100] [TRAIN] Loss: 0.6075, Accuracy: 69.20%, AUC: 0.69 [VAL] Loss: 0.6250, Accuracy: 67.40%, Precision: 0.64, Recall: 0.69, F1: 0.66, AUC: 0.68
Epoch [61/100] [TRAIN] Loss: 0.6085, Accuracy: 69.42%, AUC: 0.69 [VAL] Loss: 0.6253, Accuracy: 67.40%, Precision: 0.64, Recall: 0.69, F1: 0.66, AUC: 0.68
Epoch [62/100] [TRAIN] Loss: 0.6056, Accuracy: 70.10%, AUC: 0.70 [VAL] Loss: 0.6248, Accuracy: 67.20%, Precision: 0.64, Recall: 0.69, F1: 0.66, AUC: 0.67
Epoch [63/100] [TRAIN] Loss: 0.6078, Accuracy: 69.55%, AUC: 0.70 [VAL] Loss: 0.6244, Accuracy: 67.30%, Precision: 0.64, Recall: 0.69, F1: 0.66, AUC: 0.67
Epoch [64/100] [TRAIN] Loss: 0.6082, Accuracy: 69.46%, AUC: 0.70 [VAL] Loss: 0.6246, Accuracy: 67.50%, Precision: 0.64, Recall: 0.70, F1: 0.67, AUC: 0.68
Epoch [65/100] [TRAIN] Loss: 0.6072, Accuracy: 69.69%, AUC: 0.70 [VAL] Loss: 0.6245, Accuracy: 67.50%, Precision: 0.64, Recall: 0.70, F1: 0.67, AUC: 0.68
Epoch [66/100] [TRAIN] Loss: 0.6075, Accuracy: 69.61%, AUC: 0.70 [VAL] Loss: 0.6236, Accuracy: 67.40%, Precision: 0.64, Recall: 0.69, F1: 0.66, AUC: 0.68
Epoch [67/100] [TRAIN] Loss: 0.6057, Accuracy: 69.71%, AUC: 0.70 [VAL] Loss: 0.6236, Accuracy: 67.50%, Precision: 0.64, Recall: 0.69, F1: 0.66, AUC: 0.68
Epoch [68/100] [TRAIN] Loss: 0.6079, Accuracy: 69.00%, AUC: 0.69 [VAL] Loss: 0.6231, Accuracy: 67.40%, Precision: 0.64, Recall: 0.69, F1: 0.66, AUC: 0.68
Epoch [69/100] [TRAIN] Loss: 0.6066, Accuracy: 69.33%, AUC: 0.69 [VAL] Loss: 0.6228, Accuracy: 67.40%, Precision: 0.64, Recall: 0.69, F1: 0.66, AUC: 0.68
Epoch [70/100] [TRAIN] Loss: 0.6046, Accuracy: 70.20%, AUC: 0.70 [VAL] Loss: 0.6228, Accuracy: 67.20%, Precision: 0.63, Recall: 0.69, F1: 0.66, AUC: 0.67
Epoch [71/100] [TRAIN] Loss: 0.6050, Accuracy: 69.72%, AUC: 0.70 [VAL] Loss: 0.6225, Accuracy: 67.40%, Precision: 0.64, Recall: 0.69, F1: 0.66, AUC: 0.68
Epoch [72/100] [TRAIN] Loss: 0.6057, Accuracy: 69.80%, AUC: 0.70 [VAL] Loss: 0.6224, Accuracy: 67.30%, Precision: 0.64, Recall: 0.69, F1: 0.66, AUC: 0.67
Epoch [73/100] [TRAIN] Loss: 0.6019, Accuracy: 70.17%, AUC: 0.70 [VAL] Loss: 0.6219, Accuracy: 67.20%, Precision: 0.64, Recall: 0.69, F1: 0.66, AUC: 0.67
Epoch [74/100] [TRAIN] Loss: 0.6038, Accuracy: 69.50%, AUC: 0.70 [VAL] Loss: 0.6221, Accuracy: 67.20%, Precision: 0.64, Recall: 0.69, F1: 0.66, AUC: 0.67
Epoch [75/100] [TRAIN] Loss: 0.6048, Accuracy: 69.65%, AUC: 0.70 [VAL] Loss: 0.6218, Accuracy: 67.20%, Precision: 0.64, Recall: 0.69, F1: 0.66, AUC: 0.67
Epoch [76/100] [TRAIN] Loss: 0.6034, Accuracy: 69.53%, AUC: 0.70 [VAL] Loss: 0.6214, Accuracy: 67.10%, Precision: 0.63, Recall: 0.69, F1: 0.66, AUC: 0.67
Epoch [77/100] [TRAIN] Loss: 0.6051, Accuracy: 69.81%, AUC: 0.70 [VAL] Loss: 0.6212, Accuracy: 67.20%, Precision: 0.64, Recall: 0.69, F1: 0.66, AUC: 0.67
Epoch [78/100] [TRAIN] Loss: 0.6028, Accuracy: 69.50%, AUC: 0.70 [VAL] Loss: 0.6207, Accuracy: 67.10%, Precision: 0.63, Recall: 0.69, F1: 0.66, AUC: 0.67
Epoch [79/100] [TRAIN] Loss: 0.6021, Accuracy: 69.92%, AUC: 0.70 [VAL] Loss: 0.6206, Accuracy: 67.00%, Precision: 0.63, Recall: 0.69, F1: 0.66, AUC: 0.67
Epoch [80/100] [TRAIN] Loss: 0.5998, Accuracy: 70.38%, AUC: 0.70 [VAL] Loss: 0.6206, Accuracy: 67.00%, Precision: 0.63, Recall: 0.69, F1: 0.66, AUC: 0.67
Epoch [81/100] [TRAIN] Loss: 0.6007, Accuracy: 69.72%, AUC: 0.70 [VAL] Loss: 0.6206, Accuracy: 67.10%, Precision: 0.63, Recall: 0.69, F1: 0.66, AUC: 0.67
Epoch [82/100] [TRAIN] Loss: 0.5999, Accuracy: 69.72%, AUC: 0.70 [VAL] Loss: 0.6202, Accuracy: 67.30%, Precision: 0.64, Recall: 0.69, F1: 0.66, AUC: 0.67
Epoch [83/100] [TRAIN] Loss: 0.6019, Accuracy: 70.01%, AUC: 0.70 [VAL] Loss: 0.6201, Accuracy: 67.20%, Precision: 0.64, Recall: 0.69, F1: 0.66, AUC: 0.67
Epoch [84/100] [TRAIN] Loss: 0.6011, Accuracy: 70.22%, AUC: 0.70 [VAL] Loss: 0.6196, Accuracy: 67.10%, Precision: 0.63, Recall: 0.69, F1: 0.66, AUC: 0.67
Epoch [85/100] [TRAIN] Loss: 0.6004, Accuracy: 69.62%, AUC: 0.70 [VAL] Loss: 0.6197, Accuracy: 67.20%, Precision: 0.63, Recall: 0.69, F1: 0.66, AUC: 0.67
Epoch [86/100] [TRAIN] Loss: 0.6020, Accuracy: 69.88%, AUC: 0.70 [VAL] Loss: 0.6199, Accuracy: 67.10%, Precision: 0.63, Recall: 0.69, F1: 0.66, AUC: 0.67
Epoch [87/100] [TRAIN] Loss: 0.6029, Accuracy: 69.49%, AUC: 0.70 [VAL] Loss: 0.6192, Accuracy: 67.00%, Precision: 0.63, Recall: 0.69, F1: 0.66, AUC: 0.67
Epoch [88/100] [TRAIN] Loss: 0.6011, Accuracy: 70.44%, AUC: 0.71 [VAL] Loss: 0.6190, Accuracy: 67.30%, Precision: 0.64, Recall: 0.70, F1: 0.66, AUC: 0.67
Epoch [89/100] [TRAIN] Loss: 0.6017, Accuracy: 69.80%, AUC: 0.70 [VAL] Loss: 0.6187, Accuracy: 67.30%, Precision: 0.64, Recall: 0.70, F1: 0.66, AUC: 0.67
Epoch [90/100] [TRAIN] Loss: 0.6008, Accuracy: 69.72%, AUC: 0.70 [VAL] Loss: 0.6184, Accuracy: 67.10%, Precision: 0.63, Recall: 0.69, F1: 0.66, AUC: 0.67
Epoch [91/100] [TRAIN] Loss: 0.6024, Accuracy: 69.92%, AUC: 0.70 [VAL] Loss: 0.6184, Accuracy: 67.20%, Precision: 0.64, Recall: 0.69, F1: 0.66, AUC: 0.67
Epoch [92/100] [TRAIN] Loss: 0.6016, Accuracy: 69.66%, AUC: 0.70 [VAL] Loss: 0.6182, Accuracy: 67.30%, Precision: 0.64, Recall: 0.69, F1: 0.66, AUC: 0.67
Epoch [93/100] [TRAIN] Loss: 0.5988, Accuracy: 69.95%, AUC: 0.70 [VAL] Loss: 0.6181, Accuracy: 67.40%, Precision: 0.64, Recall: 0.69, F1: 0.66, AUC: 0.68
Epoch [94/100] [TRAIN] Loss: 0.6017, Accuracy: 69.58%, AUC: 0.70 [VAL] Loss: 0.6183, Accuracy: 67.40%, Precision: 0.64, Recall: 0.70, F1: 0.67, AUC: 0.68
Epoch [95/100] [TRAIN] Loss: 0.6000, Accuracy: 69.94%, AUC: 0.70 [VAL] Loss: 0.6175, Accuracy: 67.00%, Precision: 0.63, Recall: 0.69, F1: 0.66, AUC: 0.67
Epoch [96/100] [TRAIN] Loss: 0.5989, Accuracy: 70.03%, AUC: 0.70 [VAL] Loss: 0.6176, Accuracy: 67.20%, Precision: 0.64, Recall: 0.69, F1: 0.66, AUC: 0.67
Epoch [97/100] [TRAIN] Loss: 0.5999, Accuracy: 70.14%, AUC: 0.70 [VAL] Loss: 0.6176, Accuracy: 67.10%, Precision: 0.63, Recall: 0.69, F1: 0.66, AUC: 0.67
Epoch [98/100] [TRAIN] Loss: 0.5989, Accuracy: 69.86%, AUC: 0.70 [VAL] Loss: 0.6173, Accuracy: 66.90%, Precision: 0.63, Recall: 0.69, F1: 0.66, AUC: 0.67
Epoch [99/100] [TRAIN] Loss: 0.5970, Accuracy: 69.69%, AUC: 0.70 [VAL] Loss: 0.6177, Accuracy: 67.00%, Precision: 0.63, Recall: 0.69, F1: 0.66, AUC: 0.67
Epoch [100/100] [TRAIN] Loss: 0.5977, Accuracy: 69.86%, AUC: 0.70 [VAL] Loss: 0.6175, Accuracy: 66.80%, Precision: 0.63, Recall: 0.69, F1: 0.66, AUC: 0.67
  Antisymmetry score:      0.9720
  Total violations:        28 / 1000
  Pairs near boundary:     325 (32.5%)
  Avg |prob-0.5| at violation: 0.0000  (near 0 = boundary issue, larger = real failure)
Seed: 789
Accuracy:  70.00 %
AUC:       0.7015
Precision: 0.6692
Recall:    0.7338
F1-Score:  0.7000

Antisymmetry score:  0.9720  (1.0 = perfect, ~0.5 = random)

Detailed Classification Report:
              precision    recall  f1-score   support

           0       0.73      0.67      0.70       523
           1       0.67      0.73      0.70       477

    accuracy                           0.70      1000
   macro avg       0.70      0.70      0.70      1000
weighted avg       0.70      0.70      0.70      1000


Confusion Matrix:
[[350 173]
 [127 350]]


024-H3K9me3-H3K27ac-H3K27me3
Train label distribution:
  Label 0:   4257 (53.2%)
  Label 1:   3743 (46.8%)
Val label distribution:
  Label 0:    535 (53.5%)
  Label 1:    465 (46.5%)
Test label distribution:
  Label 0:    523 (52.3%)
  Label 1:    477 (47.7%)
Epoch [1/100] [TRAIN] Loss: 0.6826, Accuracy: 63.36%, AUC: 0.63 [VAL] Loss: 0.6768, Accuracy: 65.60%, Precision: 0.62, Recall: 0.68, F1: 0.65, AUC: 0.66
Epoch [2/100] [TRAIN] Loss: 0.6692, Accuracy: 66.66%, AUC: 0.67 [VAL] Loss: 0.6688, Accuracy: 66.20%, Precision: 0.62, Recall: 0.68, F1: 0.65, AUC: 0.66
Epoch [3/100] [TRAIN] Loss: 0.6610, Accuracy: 67.46%, AUC: 0.68 [VAL] Loss: 0.6644, Accuracy: 66.00%, Precision: 0.62, Recall: 0.69, F1: 0.65, AUC: 0.66
Epoch [4/100] [TRAIN] Loss: 0.6507, Accuracy: 68.38%, AUC: 0.68 [VAL] Loss: 0.6608, Accuracy: 66.20%, Precision: 0.62, Recall: 0.68, F1: 0.65, AUC: 0.66
Epoch [5/100] [TRAIN] Loss: 0.6532, Accuracy: 67.79%, AUC: 0.68 [VAL] Loss: 0.6584, Accuracy: 66.30%, Precision: 0.63, Recall: 0.68, F1: 0.65, AUC: 0.66
Epoch [6/100] [TRAIN] Loss: 0.6470, Accuracy: 68.42%, AUC: 0.68 [VAL] Loss: 0.6563, Accuracy: 66.40%, Precision: 0.63, Recall: 0.69, F1: 0.66, AUC: 0.67
Epoch [7/100] [TRAIN] Loss: 0.6427, Accuracy: 68.12%, AUC: 0.68 [VAL] Loss: 0.6542, Accuracy: 65.80%, Precision: 0.62, Recall: 0.68, F1: 0.65, AUC: 0.66
Epoch [8/100] [TRAIN] Loss: 0.6422, Accuracy: 68.46%, AUC: 0.69 [VAL] Loss: 0.6529, Accuracy: 65.90%, Precision: 0.62, Recall: 0.68, F1: 0.65, AUC: 0.66
Epoch [9/100] [TRAIN] Loss: 0.6397, Accuracy: 68.47%, AUC: 0.69 [VAL] Loss: 0.6514, Accuracy: 66.10%, Precision: 0.62, Recall: 0.69, F1: 0.65, AUC: 0.66
Epoch [10/100] [TRAIN] Loss: 0.6395, Accuracy: 68.49%, AUC: 0.69 [VAL] Loss: 0.6500, Accuracy: 66.40%, Precision: 0.63, Recall: 0.69, F1: 0.66, AUC: 0.67
Epoch [11/100] [TRAIN] Loss: 0.6385, Accuracy: 68.78%, AUC: 0.69 [VAL] Loss: 0.6492, Accuracy: 66.50%, Precision: 0.63, Recall: 0.69, F1: 0.66, AUC: 0.67
Epoch [12/100] [TRAIN] Loss: 0.6395, Accuracy: 68.49%, AUC: 0.69 [VAL] Loss: 0.6482, Accuracy: 66.60%, Precision: 0.63, Recall: 0.69, F1: 0.66, AUC: 0.67
Epoch [13/100] [TRAIN] Loss: 0.6359, Accuracy: 68.08%, AUC: 0.68 [VAL] Loss: 0.6475, Accuracy: 66.50%, Precision: 0.63, Recall: 0.69, F1: 0.66, AUC: 0.67
Epoch [14/100] [TRAIN] Loss: 0.6341, Accuracy: 68.91%, AUC: 0.69 [VAL] Loss: 0.6468, Accuracy: 66.50%, Precision: 0.63, Recall: 0.69, F1: 0.66, AUC: 0.67
Epoch [15/100] [TRAIN] Loss: 0.6322, Accuracy: 69.00%, AUC: 0.69 [VAL] Loss: 0.6458, Accuracy: 66.40%, Precision: 0.63, Recall: 0.69, F1: 0.66, AUC: 0.67
Epoch [16/100] [TRAIN] Loss: 0.6322, Accuracy: 68.64%, AUC: 0.69 [VAL] Loss: 0.6455, Accuracy: 66.40%, Precision: 0.63, Recall: 0.69, F1: 0.66, AUC: 0.67
Epoch [17/100] [TRAIN] Loss: 0.6337, Accuracy: 68.67%, AUC: 0.69 [VAL] Loss: 0.6446, Accuracy: 66.40%, Precision: 0.63, Recall: 0.69, F1: 0.66, AUC: 0.67
Epoch [18/100] [TRAIN] Loss: 0.6351, Accuracy: 68.41%, AUC: 0.68 [VAL] Loss: 0.6436, Accuracy: 66.20%, Precision: 0.62, Recall: 0.68, F1: 0.65, AUC: 0.66
Epoch [19/100] [TRAIN] Loss: 0.6319, Accuracy: 69.50%, AUC: 0.70 [VAL] Loss: 0.6429, Accuracy: 66.20%, Precision: 0.62, Recall: 0.68, F1: 0.65, AUC: 0.66
Epoch [20/100] [TRAIN] Loss: 0.6308, Accuracy: 68.50%, AUC: 0.69 [VAL] Loss: 0.6426, Accuracy: 65.90%, Precision: 0.62, Recall: 0.68, F1: 0.65, AUC: 0.66
Epoch [21/100] [TRAIN] Loss: 0.6334, Accuracy: 69.17%, AUC: 0.69 [VAL] Loss: 0.6421, Accuracy: 65.90%, Precision: 0.62, Recall: 0.68, F1: 0.65, AUC: 0.66
Epoch [22/100] [TRAIN] Loss: 0.6299, Accuracy: 68.17%, AUC: 0.68 [VAL] Loss: 0.6417, Accuracy: 65.90%, Precision: 0.62, Recall: 0.68, F1: 0.65, AUC: 0.66
Epoch [23/100] [TRAIN] Loss: 0.6251, Accuracy: 69.35%, AUC: 0.69 [VAL] Loss: 0.6410, Accuracy: 66.00%, Precision: 0.62, Recall: 0.68, F1: 0.65, AUC: 0.66
Epoch [24/100] [TRAIN] Loss: 0.6292, Accuracy: 68.88%, AUC: 0.69 [VAL] Loss: 0.6406, Accuracy: 66.30%, Precision: 0.63, Recall: 0.68, F1: 0.65, AUC: 0.66
Epoch [25/100] [TRAIN] Loss: 0.6297, Accuracy: 68.45%, AUC: 0.69 [VAL] Loss: 0.6405, Accuracy: 66.20%, Precision: 0.63, Recall: 0.68, F1: 0.65, AUC: 0.66
Epoch [26/100] [TRAIN] Loss: 0.6255, Accuracy: 68.88%, AUC: 0.69 [VAL] Loss: 0.6406, Accuracy: 65.90%, Precision: 0.62, Recall: 0.68, F1: 0.65, AUC: 0.66
Epoch [27/100] [TRAIN] Loss: 0.6270, Accuracy: 69.08%, AUC: 0.69 [VAL] Loss: 0.6401, Accuracy: 66.20%, Precision: 0.63, Recall: 0.68, F1: 0.65, AUC: 0.66
Epoch [28/100] [TRAIN] Loss: 0.6252, Accuracy: 68.47%, AUC: 0.69 [VAL] Loss: 0.6399, Accuracy: 66.10%, Precision: 0.62, Recall: 0.68, F1: 0.65, AUC: 0.66
Epoch [29/100] [TRAIN] Loss: 0.6267, Accuracy: 68.64%, AUC: 0.69 [VAL] Loss: 0.6393, Accuracy: 66.30%, Precision: 0.63, Recall: 0.68, F1: 0.65, AUC: 0.66
Epoch [30/100] [TRAIN] Loss: 0.6265, Accuracy: 69.56%, AUC: 0.70 [VAL] Loss: 0.6392, Accuracy: 66.10%, Precision: 0.62, Recall: 0.68, F1: 0.65, AUC: 0.66
Epoch [31/100] [TRAIN] Loss: 0.6245, Accuracy: 69.36%, AUC: 0.69 [VAL] Loss: 0.6391, Accuracy: 65.90%, Precision: 0.62, Recall: 0.68, F1: 0.65, AUC: 0.66
Epoch [32/100] [TRAIN] Loss: 0.6243, Accuracy: 68.92%, AUC: 0.69 [VAL] Loss: 0.6386, Accuracy: 66.30%, Precision: 0.63, Recall: 0.68, F1: 0.65, AUC: 0.66
Epoch [33/100] [TRAIN] Loss: 0.6260, Accuracy: 68.50%, AUC: 0.69 [VAL] Loss: 0.6382, Accuracy: 66.30%, Precision: 0.63, Recall: 0.68, F1: 0.65, AUC: 0.66
Epoch [34/100] [TRAIN] Loss: 0.6249, Accuracy: 69.29%, AUC: 0.69 [VAL] Loss: 0.6383, Accuracy: 66.30%, Precision: 0.63, Recall: 0.68, F1: 0.65, AUC: 0.66
Epoch [35/100] [TRAIN] Loss: 0.6218, Accuracy: 68.95%, AUC: 0.69 [VAL] Loss: 0.6375, Accuracy: 66.20%, Precision: 0.63, Recall: 0.68, F1: 0.65, AUC: 0.66
Epoch [36/100] [TRAIN] Loss: 0.6216, Accuracy: 69.31%, AUC: 0.69 [VAL] Loss: 0.6372, Accuracy: 66.20%, Precision: 0.63, Recall: 0.68, F1: 0.65, AUC: 0.66
Epoch [37/100] [TRAIN] Loss: 0.6197, Accuracy: 69.12%, AUC: 0.69 [VAL] Loss: 0.6371, Accuracy: 66.10%, Precision: 0.62, Recall: 0.68, F1: 0.65, AUC: 0.66
Epoch [38/100] [TRAIN] Loss: 0.6225, Accuracy: 68.97%, AUC: 0.69 [VAL] Loss: 0.6368, Accuracy: 66.10%, Precision: 0.62, Recall: 0.68, F1: 0.65, AUC: 0.66
Epoch [39/100] [TRAIN] Loss: 0.6206, Accuracy: 68.75%, AUC: 0.69 [VAL] Loss: 0.6366, Accuracy: 66.10%, Precision: 0.62, Recall: 0.68, F1: 0.65, AUC: 0.66
Epoch [40/100] [TRAIN] Loss: 0.6233, Accuracy: 68.79%, AUC: 0.69 [VAL] Loss: 0.6364, Accuracy: 66.10%, Precision: 0.62, Recall: 0.68, F1: 0.65, AUC: 0.66
Epoch [41/100] [TRAIN] Loss: 0.6174, Accuracy: 69.10%, AUC: 0.69 [VAL] Loss: 0.6367, Accuracy: 66.00%, Precision: 0.62, Recall: 0.68, F1: 0.65, AUC: 0.66
Epoch [42/100] [TRAIN] Loss: 0.6210, Accuracy: 68.79%, AUC: 0.69 [VAL] Loss: 0.6365, Accuracy: 66.10%, Precision: 0.62, Recall: 0.68, F1: 0.65, AUC: 0.66
Epoch [43/100] [TRAIN] Loss: 0.6190, Accuracy: 69.06%, AUC: 0.69 [VAL] Loss: 0.6361, Accuracy: 66.20%, Precision: 0.63, Recall: 0.68, F1: 0.65, AUC: 0.66
Epoch [44/100] [TRAIN] Loss: 0.6206, Accuracy: 68.81%, AUC: 0.69 [VAL] Loss: 0.6360, Accuracy: 66.30%, Precision: 0.63, Recall: 0.68, F1: 0.65, AUC: 0.66
Epoch [45/100] [TRAIN] Loss: 0.6184, Accuracy: 69.03%, AUC: 0.69 [VAL] Loss: 0.6351, Accuracy: 66.50%, Precision: 0.63, Recall: 0.68, F1: 0.65, AUC: 0.67
Epoch [46/100] [TRAIN] Loss: 0.6196, Accuracy: 69.55%, AUC: 0.70 [VAL] Loss: 0.6351, Accuracy: 66.20%, Precision: 0.63, Recall: 0.68, F1: 0.65, AUC: 0.66
Epoch [47/100] [TRAIN] Loss: 0.6185, Accuracy: 69.12%, AUC: 0.69 [VAL] Loss: 0.6350, Accuracy: 66.10%, Precision: 0.62, Recall: 0.68, F1: 0.65, AUC: 0.66
Epoch [48/100] [TRAIN] Loss: 0.6192, Accuracy: 69.28%, AUC: 0.69 [VAL] Loss: 0.6344, Accuracy: 66.10%, Precision: 0.63, Recall: 0.68, F1: 0.65, AUC: 0.66
Epoch [49/100] [TRAIN] Loss: 0.6208, Accuracy: 69.41%, AUC: 0.69 [VAL] Loss: 0.6343, Accuracy: 66.30%, Precision: 0.63, Recall: 0.68, F1: 0.65, AUC: 0.66
Epoch [50/100] [TRAIN] Loss: 0.6180, Accuracy: 69.44%, AUC: 0.70 [VAL] Loss: 0.6341, Accuracy: 66.40%, Precision: 0.63, Recall: 0.68, F1: 0.65, AUC: 0.67
Epoch [51/100] [TRAIN] Loss: 0.6223, Accuracy: 68.74%, AUC: 0.69 [VAL] Loss: 0.6335, Accuracy: 66.20%, Precision: 0.63, Recall: 0.68, F1: 0.65, AUC: 0.66
Epoch [52/100] [TRAIN] Loss: 0.6194, Accuracy: 69.22%, AUC: 0.69 [VAL] Loss: 0.6338, Accuracy: 66.20%, Precision: 0.63, Recall: 0.68, F1: 0.65, AUC: 0.66
Epoch [53/100] [TRAIN] Loss: 0.6168, Accuracy: 69.41%, AUC: 0.69 [VAL] Loss: 0.6331, Accuracy: 66.10%, Precision: 0.63, Recall: 0.68, F1: 0.65, AUC: 0.66
Epoch [54/100] [TRAIN] Loss: 0.6167, Accuracy: 69.17%, AUC: 0.69 [VAL] Loss: 0.6330, Accuracy: 66.30%, Precision: 0.63, Recall: 0.68, F1: 0.65, AUC: 0.66
Epoch [55/100] [TRAIN] Loss: 0.6173, Accuracy: 68.92%, AUC: 0.69 [VAL] Loss: 0.6329, Accuracy: 66.10%, Precision: 0.63, Recall: 0.68, F1: 0.65, AUC: 0.66
Epoch [56/100] [TRAIN] Loss: 0.6155, Accuracy: 69.72%, AUC: 0.70 [VAL] Loss: 0.6327, Accuracy: 66.10%, Precision: 0.63, Recall: 0.68, F1: 0.65, AUC: 0.66
Epoch [57/100] [TRAIN] Loss: 0.6185, Accuracy: 69.08%, AUC: 0.69 [VAL] Loss: 0.6324, Accuracy: 66.30%, Precision: 0.63, Recall: 0.68, F1: 0.65, AUC: 0.66
Epoch [58/100] [TRAIN] Loss: 0.6168, Accuracy: 69.03%, AUC: 0.69 [VAL] Loss: 0.6321, Accuracy: 66.40%, Precision: 0.63, Recall: 0.68, F1: 0.65, AUC: 0.67
Epoch [59/100] [TRAIN] Loss: 0.6137, Accuracy: 69.25%, AUC: 0.69 [VAL] Loss: 0.6320, Accuracy: 66.20%, Precision: 0.63, Recall: 0.68, F1: 0.65, AUC: 0.66
Epoch [60/100] [TRAIN] Loss: 0.6165, Accuracy: 69.24%, AUC: 0.69 [VAL] Loss: 0.6315, Accuracy: 66.20%, Precision: 0.63, Recall: 0.68, F1: 0.65, AUC: 0.66
Epoch [61/100] [TRAIN] Loss: 0.6177, Accuracy: 69.11%, AUC: 0.69 [VAL] Loss: 0.6316, Accuracy: 66.00%, Precision: 0.62, Recall: 0.68, F1: 0.65, AUC: 0.66
Epoch [62/100] [TRAIN] Loss: 0.6138, Accuracy: 69.28%, AUC: 0.69 [VAL] Loss: 0.6318, Accuracy: 65.80%, Precision: 0.62, Recall: 0.67, F1: 0.65, AUC: 0.66
Epoch [63/100] [TRAIN] Loss: 0.6127, Accuracy: 69.69%, AUC: 0.70 [VAL] Loss: 0.6314, Accuracy: 66.20%, Precision: 0.63, Recall: 0.68, F1: 0.65, AUC: 0.66
Epoch [64/100] [TRAIN] Loss: 0.6160, Accuracy: 69.06%, AUC: 0.69 [VAL] Loss: 0.6306, Accuracy: 66.10%, Precision: 0.63, Recall: 0.67, F1: 0.65, AUC: 0.66
Epoch [65/100] [TRAIN] Loss: 0.6134, Accuracy: 68.96%, AUC: 0.69 [VAL] Loss: 0.6302, Accuracy: 66.20%, Precision: 0.63, Recall: 0.68, F1: 0.65, AUC: 0.66
Epoch [66/100] [TRAIN] Loss: 0.6164, Accuracy: 68.97%, AUC: 0.69 [VAL] Loss: 0.6296, Accuracy: 66.50%, Precision: 0.63, Recall: 0.68, F1: 0.65, AUC: 0.67
Epoch [67/100] [TRAIN] Loss: 0.6106, Accuracy: 70.31%, AUC: 0.70 [VAL] Loss: 0.6299, Accuracy: 65.90%, Precision: 0.62, Recall: 0.67, F1: 0.65, AUC: 0.66
Epoch [68/100] [TRAIN] Loss: 0.6128, Accuracy: 69.60%, AUC: 0.70 [VAL] Loss: 0.6297, Accuracy: 65.90%, Precision: 0.62, Recall: 0.67, F1: 0.65, AUC: 0.66
Epoch [69/100] [TRAIN] Loss: 0.6154, Accuracy: 69.65%, AUC: 0.70 [VAL] Loss: 0.6290, Accuracy: 66.20%, Precision: 0.63, Recall: 0.68, F1: 0.65, AUC: 0.66
Epoch [70/100] [TRAIN] Loss: 0.6136, Accuracy: 69.45%, AUC: 0.69 [VAL] Loss: 0.6286, Accuracy: 66.30%, Precision: 0.63, Recall: 0.68, F1: 0.65, AUC: 0.66
Epoch [71/100] [TRAIN] Loss: 0.6118, Accuracy: 69.95%, AUC: 0.70 [VAL] Loss: 0.6287, Accuracy: 66.20%, Precision: 0.63, Recall: 0.68, F1: 0.65, AUC: 0.66
Epoch [72/100] [TRAIN] Loss: 0.6136, Accuracy: 69.12%, AUC: 0.69 [VAL] Loss: 0.6283, Accuracy: 66.40%, Precision: 0.63, Recall: 0.68, F1: 0.65, AUC: 0.66
Epoch [73/100] [TRAIN] Loss: 0.6118, Accuracy: 69.15%, AUC: 0.69 [VAL] Loss: 0.6283, Accuracy: 66.30%, Precision: 0.63, Recall: 0.68, F1: 0.65, AUC: 0.66
Epoch [74/100] [TRAIN] Loss: 0.6088, Accuracy: 69.53%, AUC: 0.70 [VAL] Loss: 0.6283, Accuracy: 66.40%, Precision: 0.63, Recall: 0.68, F1: 0.65, AUC: 0.66
Epoch [75/100] [TRAIN] Loss: 0.6114, Accuracy: 69.49%, AUC: 0.70 [VAL] Loss: 0.6280, Accuracy: 66.60%, Precision: 0.63, Recall: 0.68, F1: 0.65, AUC: 0.67
Epoch [76/100] [TRAIN] Loss: 0.6129, Accuracy: 69.58%, AUC: 0.70 [VAL] Loss: 0.6274, Accuracy: 66.70%, Precision: 0.63, Recall: 0.68, F1: 0.65, AUC: 0.67
Epoch [77/100] [TRAIN] Loss: 0.6129, Accuracy: 69.30%, AUC: 0.69 [VAL] Loss: 0.6273, Accuracy: 66.50%, Precision: 0.63, Recall: 0.68, F1: 0.65, AUC: 0.67
Epoch [78/100] [TRAIN] Loss: 0.6115, Accuracy: 69.17%, AUC: 0.69 [VAL] Loss: 0.6269, Accuracy: 67.10%, Precision: 0.64, Recall: 0.68, F1: 0.66, AUC: 0.67
Epoch [79/100] [TRAIN] Loss: 0.6090, Accuracy: 69.59%, AUC: 0.70 [VAL] Loss: 0.6268, Accuracy: 66.70%, Precision: 0.63, Recall: 0.68, F1: 0.65, AUC: 0.67
Epoch [80/100] [TRAIN] Loss: 0.6123, Accuracy: 69.34%, AUC: 0.69 [VAL] Loss: 0.6261, Accuracy: 66.70%, Precision: 0.63, Recall: 0.68, F1: 0.65, AUC: 0.67
Epoch [81/100] [TRAIN] Loss: 0.6093, Accuracy: 69.33%, AUC: 0.69 [VAL] Loss: 0.6261, Accuracy: 66.70%, Precision: 0.63, Recall: 0.68, F1: 0.65, AUC: 0.67
Epoch [82/100] [TRAIN] Loss: 0.6128, Accuracy: 69.12%, AUC: 0.69 [VAL] Loss: 0.6259, Accuracy: 66.80%, Precision: 0.63, Recall: 0.68, F1: 0.65, AUC: 0.67
Epoch [83/100] [TRAIN] Loss: 0.6101, Accuracy: 69.25%, AUC: 0.69 [VAL] Loss: 0.6254, Accuracy: 66.80%, Precision: 0.63, Recall: 0.68, F1: 0.65, AUC: 0.67
Epoch [84/100] [TRAIN] Loss: 0.6069, Accuracy: 69.42%, AUC: 0.69 [VAL] Loss: 0.6250, Accuracy: 67.10%, Precision: 0.64, Recall: 0.68, F1: 0.66, AUC: 0.67
Epoch [85/100] [TRAIN] Loss: 0.6086, Accuracy: 69.20%, AUC: 0.69 [VAL] Loss: 0.6251, Accuracy: 67.10%, Precision: 0.64, Recall: 0.68, F1: 0.66, AUC: 0.67
Epoch [86/100] [TRAIN] Loss: 0.6070, Accuracy: 69.67%, AUC: 0.70 [VAL] Loss: 0.6249, Accuracy: 67.00%, Precision: 0.64, Recall: 0.68, F1: 0.66, AUC: 0.67
Epoch [87/100] [TRAIN] Loss: 0.6084, Accuracy: 69.24%, AUC: 0.69 [VAL] Loss: 0.6244, Accuracy: 67.10%, Precision: 0.64, Recall: 0.68, F1: 0.66, AUC: 0.67
Epoch [88/100] [TRAIN] Loss: 0.6077, Accuracy: 69.71%, AUC: 0.70 [VAL] Loss: 0.6242, Accuracy: 67.00%, Precision: 0.64, Recall: 0.68, F1: 0.66, AUC: 0.67
Epoch [89/100] [TRAIN] Loss: 0.6077, Accuracy: 69.51%, AUC: 0.70 [VAL] Loss: 0.6239, Accuracy: 66.90%, Precision: 0.63, Recall: 0.68, F1: 0.66, AUC: 0.67
Epoch [90/100] [TRAIN] Loss: 0.6095, Accuracy: 69.55%, AUC: 0.70 [VAL] Loss: 0.6236, Accuracy: 66.70%, Precision: 0.63, Recall: 0.68, F1: 0.65, AUC: 0.67
Epoch [91/100] [TRAIN] Loss: 0.6064, Accuracy: 69.78%, AUC: 0.70 [VAL] Loss: 0.6234, Accuracy: 66.80%, Precision: 0.63, Recall: 0.68, F1: 0.66, AUC: 0.67
Epoch [92/100] [TRAIN] Loss: 0.6080, Accuracy: 69.61%, AUC: 0.70 [VAL] Loss: 0.6231, Accuracy: 67.00%, Precision: 0.63, Recall: 0.68, F1: 0.66, AUC: 0.67
Epoch [93/100] [TRAIN] Loss: 0.6073, Accuracy: 69.33%, AUC: 0.69 [VAL] Loss: 0.6224, Accuracy: 66.90%, Precision: 0.63, Recall: 0.68, F1: 0.66, AUC: 0.67
Epoch [94/100] [TRAIN] Loss: 0.6059, Accuracy: 69.42%, AUC: 0.69 [VAL] Loss: 0.6223, Accuracy: 66.80%, Precision: 0.63, Recall: 0.68, F1: 0.65, AUC: 0.67
Epoch [95/100] [TRAIN] Loss: 0.6077, Accuracy: 69.36%, AUC: 0.69 [VAL] Loss: 0.6224, Accuracy: 66.90%, Precision: 0.63, Recall: 0.68, F1: 0.66, AUC: 0.67
Epoch [96/100] [TRAIN] Loss: 0.6034, Accuracy: 69.80%, AUC: 0.70 [VAL] Loss: 0.6223, Accuracy: 67.10%, Precision: 0.64, Recall: 0.68, F1: 0.66, AUC: 0.67
Epoch [97/100] [TRAIN] Loss: 0.6052, Accuracy: 69.49%, AUC: 0.70 [VAL] Loss: 0.6220, Accuracy: 67.00%, Precision: 0.64, Recall: 0.68, F1: 0.66, AUC: 0.67
Epoch [98/100] [TRAIN] Loss: 0.6036, Accuracy: 69.94%, AUC: 0.70 [VAL] Loss: 0.6220, Accuracy: 67.30%, Precision: 0.64, Recall: 0.68, F1: 0.66, AUC: 0.67
Epoch [99/100] [TRAIN] Loss: 0.6058, Accuracy: 69.53%, AUC: 0.70 [VAL] Loss: 0.6217, Accuracy: 67.20%, Precision: 0.64, Recall: 0.68, F1: 0.66, AUC: 0.67
Epoch [100/100] [TRAIN] Loss: 0.6063, Accuracy: 70.31%, AUC: 0.70 [VAL] Loss: 0.6212, Accuracy: 67.30%, Precision: 0.64, Recall: 0.68, F1: 0.66, AUC: 0.67
  Antisymmetry score:      0.9720
  Total violations:        28 / 1000
  Pairs near boundary:     347 (34.7%)
  Avg |prob-0.5| at violation: 0.0000  (near 0 = boundary issue, larger = real failure)
Seed: 789
Accuracy:  69.50 %
AUC:       0.6972
Precision: 0.6599
Recall:    0.7442
F1-Score:  0.6995

Antisymmetry score:  0.9720  (1.0 = perfect, ~0.5 = random)

Detailed Classification Report:
              precision    recall  f1-score   support

           0       0.74      0.65      0.69       523
           1       0.66      0.74      0.70       477

    accuracy                           0.69      1000
   macro avg       0.70      0.70      0.69      1000
weighted avg       0.70      0.69      0.69      1000


Confusion Matrix:
[[340 183]
 [122 355]]


025-H3K4me3-H3K9ac-H3K9me3-H3K27ac
Train label distribution:
  Label 0:   4257 (53.2%)
  Label 1:   3743 (46.8%)
Val label distribution:
  Label 0:    535 (53.5%)
  Label 1:    465 (46.5%)
Test label distribution:
  Label 0:    523 (52.3%)
  Label 1:    477 (47.7%)
Epoch [1/100] [TRAIN] Loss: 0.6707, Accuracy: 65.86%, AUC: 0.66 [VAL] Loss: 0.6499, Accuracy: 65.40%, Precision: 0.61, Recall: 0.69, F1: 0.65, AUC: 0.66
Epoch [2/100] [TRAIN] Loss: 0.6496, Accuracy: 68.15%, AUC: 0.68 [VAL] Loss: 0.6473, Accuracy: 64.80%, Precision: 0.61, Recall: 0.69, F1: 0.64, AUC: 0.65
Epoch [3/100] [TRAIN] Loss: 0.6471, Accuracy: 68.28%, AUC: 0.68 [VAL] Loss: 0.6467, Accuracy: 65.40%, Precision: 0.62, Recall: 0.68, F1: 0.65, AUC: 0.66
Epoch [4/100] [TRAIN] Loss: 0.6367, Accuracy: 69.12%, AUC: 0.69 [VAL] Loss: 0.6450, Accuracy: 64.80%, Precision: 0.61, Recall: 0.67, F1: 0.64, AUC: 0.65
Epoch [5/100] [TRAIN] Loss: 0.6412, Accuracy: 68.50%, AUC: 0.69 [VAL] Loss: 0.6453, Accuracy: 64.40%, Precision: 0.61, Recall: 0.67, F1: 0.64, AUC: 0.65
Epoch [6/100] [TRAIN] Loss: 0.6320, Accuracy: 69.30%, AUC: 0.69 [VAL] Loss: 0.6445, Accuracy: 64.50%, Precision: 0.61, Recall: 0.67, F1: 0.64, AUC: 0.65
Epoch [7/100] [TRAIN] Loss: 0.6304, Accuracy: 68.71%, AUC: 0.69 [VAL] Loss: 0.6441, Accuracy: 65.00%, Precision: 0.61, Recall: 0.68, F1: 0.64, AUC: 0.65
Epoch [8/100] [TRAIN] Loss: 0.6298, Accuracy: 69.03%, AUC: 0.69 [VAL] Loss: 0.6437, Accuracy: 65.10%, Precision: 0.61, Recall: 0.67, F1: 0.64, AUC: 0.65
Epoch [9/100] [TRAIN] Loss: 0.6285, Accuracy: 69.03%, AUC: 0.69 [VAL] Loss: 0.6436, Accuracy: 65.50%, Precision: 0.62, Recall: 0.68, F1: 0.65, AUC: 0.66
Epoch [10/100] [TRAIN] Loss: 0.6289, Accuracy: 68.76%, AUC: 0.69 [VAL] Loss: 0.6436, Accuracy: 65.20%, Precision: 0.61, Recall: 0.68, F1: 0.65, AUC: 0.65
Epoch [11/100] [TRAIN] Loss: 0.6261, Accuracy: 68.54%, AUC: 0.69 [VAL] Loss: 0.6431, Accuracy: 65.40%, Precision: 0.62, Recall: 0.68, F1: 0.65, AUC: 0.66
Epoch [12/100] [TRAIN] Loss: 0.6248, Accuracy: 69.12%, AUC: 0.69 [VAL] Loss: 0.6428, Accuracy: 65.60%, Precision: 0.62, Recall: 0.68, F1: 0.65, AUC: 0.66
Epoch [13/100] [TRAIN] Loss: 0.6216, Accuracy: 69.50%, AUC: 0.70 [VAL] Loss: 0.6422, Accuracy: 65.50%, Precision: 0.62, Recall: 0.68, F1: 0.65, AUC: 0.66
Epoch [14/100] [TRAIN] Loss: 0.6256, Accuracy: 69.49%, AUC: 0.70 [VAL] Loss: 0.6432, Accuracy: 65.30%, Precision: 0.61, Recall: 0.68, F1: 0.65, AUC: 0.65
Epoch [15/100] [TRAIN] Loss: 0.6252, Accuracy: 69.55%, AUC: 0.70 [VAL] Loss: 0.6435, Accuracy: 65.40%, Precision: 0.62, Recall: 0.68, F1: 0.65, AUC: 0.66
Epoch [16/100] [TRAIN] Loss: 0.6195, Accuracy: 69.83%, AUC: 0.70 [VAL] Loss: 0.6430, Accuracy: 65.50%, Precision: 0.62, Recall: 0.68, F1: 0.65, AUC: 0.66
Epoch [17/100] [TRAIN] Loss: 0.6186, Accuracy: 69.51%, AUC: 0.70 [VAL] Loss: 0.6422, Accuracy: 65.20%, Precision: 0.61, Recall: 0.68, F1: 0.64, AUC: 0.65
Epoch [18/100] [TRAIN] Loss: 0.6213, Accuracy: 69.61%, AUC: 0.70 [VAL] Loss: 0.6415, Accuracy: 65.30%, Precision: 0.61, Recall: 0.68, F1: 0.65, AUC: 0.65
Epoch [19/100] [TRAIN] Loss: 0.6196, Accuracy: 69.55%, AUC: 0.70 [VAL] Loss: 0.6416, Accuracy: 65.50%, Precision: 0.62, Recall: 0.68, F1: 0.65, AUC: 0.66
Epoch [20/100] [TRAIN] Loss: 0.6184, Accuracy: 69.66%, AUC: 0.70 [VAL] Loss: 0.6407, Accuracy: 65.60%, Precision: 0.62, Recall: 0.68, F1: 0.65, AUC: 0.66
Epoch [21/100] [TRAIN] Loss: 0.6185, Accuracy: 69.71%, AUC: 0.70 [VAL] Loss: 0.6413, Accuracy: 65.50%, Precision: 0.62, Recall: 0.68, F1: 0.65, AUC: 0.66
Epoch [22/100] [TRAIN] Loss: 0.6201, Accuracy: 69.86%, AUC: 0.70 [VAL] Loss: 0.6417, Accuracy: 65.40%, Precision: 0.62, Recall: 0.68, F1: 0.65, AUC: 0.66
Epoch [23/100] [TRAIN] Loss: 0.6182, Accuracy: 69.33%, AUC: 0.69 [VAL] Loss: 0.6412, Accuracy: 65.30%, Precision: 0.62, Recall: 0.68, F1: 0.64, AUC: 0.65
Epoch [24/100] [TRAIN] Loss: 0.6175, Accuracy: 69.69%, AUC: 0.70 [VAL] Loss: 0.6411, Accuracy: 65.40%, Precision: 0.62, Recall: 0.68, F1: 0.64, AUC: 0.66
Epoch [25/100] [TRAIN] Loss: 0.6205, Accuracy: 69.50%, AUC: 0.70 [VAL] Loss: 0.6401, Accuracy: 65.20%, Precision: 0.61, Recall: 0.68, F1: 0.64, AUC: 0.65
Epoch [26/100] [TRAIN] Loss: 0.6193, Accuracy: 69.34%, AUC: 0.69 [VAL] Loss: 0.6403, Accuracy: 65.40%, Precision: 0.62, Recall: 0.68, F1: 0.64, AUC: 0.66
Epoch [27/100] [TRAIN] Loss: 0.6185, Accuracy: 69.25%, AUC: 0.69 [VAL] Loss: 0.6407, Accuracy: 65.30%, Precision: 0.62, Recall: 0.68, F1: 0.64, AUC: 0.65
Epoch [28/100] [TRAIN] Loss: 0.6204, Accuracy: 69.55%, AUC: 0.70 [VAL] Loss: 0.6407, Accuracy: 65.00%, Precision: 0.61, Recall: 0.67, F1: 0.64, AUC: 0.65
Epoch [29/100] [TRAIN] Loss: 0.6176, Accuracy: 69.38%, AUC: 0.69 [VAL] Loss: 0.6397, Accuracy: 65.10%, Precision: 0.61, Recall: 0.68, F1: 0.64, AUC: 0.65
Epoch [30/100] [TRAIN] Loss: 0.6136, Accuracy: 69.91%, AUC: 0.70 [VAL] Loss: 0.6396, Accuracy: 65.40%, Precision: 0.62, Recall: 0.68, F1: 0.65, AUC: 0.66
Epoch [31/100] [TRAIN] Loss: 0.6164, Accuracy: 69.64%, AUC: 0.70 [VAL] Loss: 0.6396, Accuracy: 65.50%, Precision: 0.62, Recall: 0.68, F1: 0.65, AUC: 0.66
Epoch [32/100] [TRAIN] Loss: 0.6181, Accuracy: 69.35%, AUC: 0.69 [VAL] Loss: 0.6397, Accuracy: 65.20%, Precision: 0.61, Recall: 0.68, F1: 0.64, AUC: 0.65
Epoch [33/100] [TRAIN] Loss: 0.6157, Accuracy: 70.04%, AUC: 0.70 [VAL] Loss: 0.6398, Accuracy: 65.20%, Precision: 0.61, Recall: 0.68, F1: 0.64, AUC: 0.65
Epoch [34/100] [TRAIN] Loss: 0.6134, Accuracy: 70.15%, AUC: 0.70 [VAL] Loss: 0.6394, Accuracy: 65.30%, Precision: 0.61, Recall: 0.68, F1: 0.65, AUC: 0.65
Epoch [35/100] [TRAIN] Loss: 0.6115, Accuracy: 69.96%, AUC: 0.70 [VAL] Loss: 0.6390, Accuracy: 65.00%, Precision: 0.61, Recall: 0.68, F1: 0.64, AUC: 0.65
Epoch [36/100] [TRAIN] Loss: 0.6130, Accuracy: 69.59%, AUC: 0.70 [VAL] Loss: 0.6388, Accuracy: 65.50%, Precision: 0.62, Recall: 0.68, F1: 0.65, AUC: 0.66
Epoch [37/100] [TRAIN] Loss: 0.6126, Accuracy: 69.90%, AUC: 0.70 [VAL] Loss: 0.6380, Accuracy: 65.80%, Precision: 0.62, Recall: 0.68, F1: 0.65, AUC: 0.66
Epoch [38/100] [TRAIN] Loss: 0.6130, Accuracy: 69.50%, AUC: 0.70 [VAL] Loss: 0.6377, Accuracy: 65.60%, Precision: 0.62, Recall: 0.68, F1: 0.65, AUC: 0.66
Epoch [39/100] [TRAIN] Loss: 0.6135, Accuracy: 69.94%, AUC: 0.70 [VAL] Loss: 0.6377, Accuracy: 65.50%, Precision: 0.62, Recall: 0.68, F1: 0.65, AUC: 0.66
Epoch [40/100] [TRAIN] Loss: 0.6108, Accuracy: 69.65%, AUC: 0.70 [VAL] Loss: 0.6380, Accuracy: 65.60%, Precision: 0.62, Recall: 0.68, F1: 0.65, AUC: 0.66
Epoch [41/100] [TRAIN] Loss: 0.6111, Accuracy: 69.94%, AUC: 0.70 [VAL] Loss: 0.6373, Accuracy: 65.30%, Precision: 0.62, Recall: 0.68, F1: 0.64, AUC: 0.65
Epoch [42/100] [TRAIN] Loss: 0.6106, Accuracy: 69.86%, AUC: 0.70 [VAL] Loss: 0.6372, Accuracy: 65.30%, Precision: 0.62, Recall: 0.67, F1: 0.64, AUC: 0.65
Epoch [43/100] [TRAIN] Loss: 0.6100, Accuracy: 69.81%, AUC: 0.70 [VAL] Loss: 0.6366, Accuracy: 65.70%, Precision: 0.62, Recall: 0.68, F1: 0.65, AUC: 0.66
Epoch [44/100] [TRAIN] Loss: 0.6092, Accuracy: 70.56%, AUC: 0.71 [VAL] Loss: 0.6361, Accuracy: 65.60%, Precision: 0.62, Recall: 0.68, F1: 0.65, AUC: 0.66
Epoch [45/100] [TRAIN] Loss: 0.6111, Accuracy: 70.06%, AUC: 0.70 [VAL] Loss: 0.6360, Accuracy: 65.60%, Precision: 0.62, Recall: 0.68, F1: 0.65, AUC: 0.66
Epoch [46/100] [TRAIN] Loss: 0.6088, Accuracy: 69.92%, AUC: 0.70 [VAL] Loss: 0.6362, Accuracy: 65.60%, Precision: 0.62, Recall: 0.68, F1: 0.65, AUC: 0.66
Epoch [47/100] [TRAIN] Loss: 0.6100, Accuracy: 70.25%, AUC: 0.70 [VAL] Loss: 0.6357, Accuracy: 65.90%, Precision: 0.62, Recall: 0.68, F1: 0.65, AUC: 0.66
Epoch [48/100] [TRAIN] Loss: 0.6103, Accuracy: 69.99%, AUC: 0.70 [VAL] Loss: 0.6356, Accuracy: 66.00%, Precision: 0.62, Recall: 0.68, F1: 0.65, AUC: 0.66
Epoch [49/100] [TRAIN] Loss: 0.6097, Accuracy: 70.59%, AUC: 0.71 [VAL] Loss: 0.6360, Accuracy: 65.50%, Precision: 0.62, Recall: 0.68, F1: 0.65, AUC: 0.66
Epoch [50/100] [TRAIN] Loss: 0.6095, Accuracy: 69.97%, AUC: 0.70 [VAL] Loss: 0.6367, Accuracy: 65.40%, Precision: 0.62, Recall: 0.67, F1: 0.64, AUC: 0.66
Epoch [51/100] [TRAIN] Loss: 0.6092, Accuracy: 69.96%, AUC: 0.70 [VAL] Loss: 0.6358, Accuracy: 65.60%, Precision: 0.62, Recall: 0.67, F1: 0.65, AUC: 0.66
Epoch [52/100] [TRAIN] Loss: 0.6087, Accuracy: 70.04%, AUC: 0.70 [VAL] Loss: 0.6360, Accuracy: 65.60%, Precision: 0.62, Recall: 0.67, F1: 0.65, AUC: 0.66
Epoch [53/100] [TRAIN] Loss: 0.6105, Accuracy: 70.03%, AUC: 0.70 [VAL] Loss: 0.6355, Accuracy: 65.60%, Precision: 0.62, Recall: 0.67, F1: 0.65, AUC: 0.66
Epoch [54/100] [TRAIN] Loss: 0.6079, Accuracy: 70.06%, AUC: 0.70 [VAL] Loss: 0.6345, Accuracy: 65.70%, Precision: 0.62, Recall: 0.68, F1: 0.65, AUC: 0.66
Epoch [55/100] [TRAIN] Loss: 0.6060, Accuracy: 70.20%, AUC: 0.70 [VAL] Loss: 0.6348, Accuracy: 65.80%, Precision: 0.62, Recall: 0.68, F1: 0.65, AUC: 0.66
Epoch [56/100] [TRAIN] Loss: 0.6069, Accuracy: 70.54%, AUC: 0.71 [VAL] Loss: 0.6356, Accuracy: 65.50%, Precision: 0.62, Recall: 0.67, F1: 0.64, AUC: 0.66
Epoch [57/100] [TRAIN] Loss: 0.6078, Accuracy: 69.85%, AUC: 0.70 [VAL] Loss: 0.6346, Accuracy: 65.70%, Precision: 0.62, Recall: 0.68, F1: 0.65, AUC: 0.66
Epoch [58/100] [TRAIN] Loss: 0.6063, Accuracy: 70.53%, AUC: 0.71 [VAL] Loss: 0.6346, Accuracy: 65.40%, Precision: 0.62, Recall: 0.67, F1: 0.64, AUC: 0.66
Epoch [59/100] [TRAIN] Loss: 0.6036, Accuracy: 70.31%, AUC: 0.70 [VAL] Loss: 0.6342, Accuracy: 65.70%, Precision: 0.62, Recall: 0.68, F1: 0.65, AUC: 0.66
Epoch [60/100] [TRAIN] Loss: 0.6048, Accuracy: 70.86%, AUC: 0.71 [VAL] Loss: 0.6348, Accuracy: 65.60%, Precision: 0.62, Recall: 0.68, F1: 0.65, AUC: 0.66
Epoch [61/100] [TRAIN] Loss: 0.6039, Accuracy: 70.05%, AUC: 0.70 [VAL] Loss: 0.6351, Accuracy: 66.00%, Precision: 0.62, Recall: 0.68, F1: 0.65, AUC: 0.66
Epoch [62/100] [TRAIN] Loss: 0.6069, Accuracy: 70.22%, AUC: 0.70 [VAL] Loss: 0.6344, Accuracy: 65.70%, Precision: 0.62, Recall: 0.68, F1: 0.65, AUC: 0.66
Epoch [63/100] [TRAIN] Loss: 0.6049, Accuracy: 70.69%, AUC: 0.71 [VAL] Loss: 0.6335, Accuracy: 65.90%, Precision: 0.62, Recall: 0.68, F1: 0.65, AUC: 0.66
Epoch [64/100] [TRAIN] Loss: 0.6042, Accuracy: 70.84%, AUC: 0.71 [VAL] Loss: 0.6333, Accuracy: 66.00%, Precision: 0.62, Recall: 0.68, F1: 0.65, AUC: 0.66
Epoch [65/100] [TRAIN] Loss: 0.6041, Accuracy: 70.67%, AUC: 0.71 [VAL] Loss: 0.6329, Accuracy: 65.60%, Precision: 0.62, Recall: 0.68, F1: 0.65, AUC: 0.66
Epoch [66/100] [TRAIN] Loss: 0.6055, Accuracy: 70.35%, AUC: 0.70 [VAL] Loss: 0.6335, Accuracy: 65.50%, Precision: 0.62, Recall: 0.68, F1: 0.65, AUC: 0.66
Epoch [67/100] [TRAIN] Loss: 0.6022, Accuracy: 70.58%, AUC: 0.71 [VAL] Loss: 0.6330, Accuracy: 65.50%, Precision: 0.62, Recall: 0.68, F1: 0.65, AUC: 0.66
Epoch [68/100] [TRAIN] Loss: 0.6051, Accuracy: 70.55%, AUC: 0.71 [VAL] Loss: 0.6326, Accuracy: 65.80%, Precision: 0.62, Recall: 0.68, F1: 0.65, AUC: 0.66
Epoch [69/100] [TRAIN] Loss: 0.6052, Accuracy: 70.41%, AUC: 0.70 [VAL] Loss: 0.6329, Accuracy: 65.50%, Precision: 0.62, Recall: 0.67, F1: 0.64, AUC: 0.66
Epoch [70/100] [TRAIN] Loss: 0.6031, Accuracy: 71.04%, AUC: 0.71 [VAL] Loss: 0.6328, Accuracy: 65.30%, Precision: 0.62, Recall: 0.67, F1: 0.64, AUC: 0.65
Epoch [71/100] [TRAIN] Loss: 0.6026, Accuracy: 70.81%, AUC: 0.71 [VAL] Loss: 0.6328, Accuracy: 65.60%, Precision: 0.62, Recall: 0.68, F1: 0.65, AUC: 0.66
Epoch [72/100] [TRAIN] Loss: 0.6034, Accuracy: 70.54%, AUC: 0.71 [VAL] Loss: 0.6325, Accuracy: 65.60%, Precision: 0.62, Recall: 0.67, F1: 0.65, AUC: 0.66
Epoch [73/100] [TRAIN] Loss: 0.6036, Accuracy: 70.14%, AUC: 0.70 [VAL] Loss: 0.6333, Accuracy: 65.40%, Precision: 0.62, Recall: 0.67, F1: 0.64, AUC: 0.66
Epoch [74/100] [TRAIN] Loss: 0.6025, Accuracy: 70.41%, AUC: 0.70 [VAL] Loss: 0.6330, Accuracy: 65.50%, Precision: 0.62, Recall: 0.68, F1: 0.65, AUC: 0.66
Epoch [75/100] [TRAIN] Loss: 0.6015, Accuracy: 71.15%, AUC: 0.71 [VAL] Loss: 0.6334, Accuracy: 65.20%, Precision: 0.61, Recall: 0.67, F1: 0.64, AUC: 0.65
Epoch [76/100] [TRAIN] Loss: 0.6013, Accuracy: 70.67%, AUC: 0.71 [VAL] Loss: 0.6323, Accuracy: 65.20%, Precision: 0.61, Recall: 0.67, F1: 0.64, AUC: 0.65
Epoch [77/100] [TRAIN] Loss: 0.6050, Accuracy: 70.59%, AUC: 0.71 [VAL] Loss: 0.6327, Accuracy: 65.10%, Precision: 0.61, Recall: 0.67, F1: 0.64, AUC: 0.65
Epoch [78/100] [TRAIN] Loss: 0.6027, Accuracy: 70.66%, AUC: 0.71 [VAL] Loss: 0.6329, Accuracy: 65.30%, Precision: 0.62, Recall: 0.67, F1: 0.64, AUC: 0.65
Epoch [79/100] [TRAIN] Loss: 0.5998, Accuracy: 70.97%, AUC: 0.71 [VAL] Loss: 0.6321, Accuracy: 65.20%, Precision: 0.62, Recall: 0.67, F1: 0.64, AUC: 0.65
Epoch [80/100] [TRAIN] Loss: 0.6019, Accuracy: 70.60%, AUC: 0.71 [VAL] Loss: 0.6318, Accuracy: 65.60%, Precision: 0.62, Recall: 0.68, F1: 0.65, AUC: 0.66
Epoch [81/100] [TRAIN] Loss: 0.5993, Accuracy: 70.67%, AUC: 0.71 [VAL] Loss: 0.6320, Accuracy: 65.40%, Precision: 0.62, Recall: 0.67, F1: 0.64, AUC: 0.66
Epoch [82/100] [TRAIN] Loss: 0.5982, Accuracy: 70.61%, AUC: 0.71 [VAL] Loss: 0.6316, Accuracy: 65.60%, Precision: 0.62, Recall: 0.68, F1: 0.65, AUC: 0.66
Epoch [83/100] [TRAIN] Loss: 0.6010, Accuracy: 70.95%, AUC: 0.71 [VAL] Loss: 0.6315, Accuracy: 65.50%, Precision: 0.62, Recall: 0.68, F1: 0.65, AUC: 0.66
Epoch [84/100] [TRAIN] Loss: 0.5977, Accuracy: 71.26%, AUC: 0.71 [VAL] Loss: 0.6319, Accuracy: 65.80%, Precision: 0.62, Recall: 0.68, F1: 0.65, AUC: 0.66
Epoch [85/100] [TRAIN] Loss: 0.5987, Accuracy: 70.74%, AUC: 0.71 [VAL] Loss: 0.6311, Accuracy: 65.80%, Precision: 0.62, Recall: 0.68, F1: 0.65, AUC: 0.66
Epoch [86/100] [TRAIN] Loss: 0.5986, Accuracy: 70.59%, AUC: 0.71 [VAL] Loss: 0.6314, Accuracy: 66.10%, Precision: 0.62, Recall: 0.68, F1: 0.65, AUC: 0.66
Epoch [87/100] [TRAIN] Loss: 0.5979, Accuracy: 70.62%, AUC: 0.71 [VAL] Loss: 0.6313, Accuracy: 66.10%, Precision: 0.62, Recall: 0.69, F1: 0.65, AUC: 0.66
Epoch [88/100] [TRAIN] Loss: 0.5977, Accuracy: 70.74%, AUC: 0.71 [VAL] Loss: 0.6303, Accuracy: 65.80%, Precision: 0.62, Recall: 0.69, F1: 0.65, AUC: 0.66
Epoch [89/100] [TRAIN] Loss: 0.5979, Accuracy: 70.96%, AUC: 0.71 [VAL] Loss: 0.6308, Accuracy: 66.10%, Precision: 0.62, Recall: 0.69, F1: 0.65, AUC: 0.66
Epoch [90/100] [TRAIN] Loss: 0.5995, Accuracy: 70.79%, AUC: 0.71 [VAL] Loss: 0.6310, Accuracy: 66.00%, Precision: 0.62, Recall: 0.68, F1: 0.65, AUC: 0.66
Epoch [91/100] [TRAIN] Loss: 0.5944, Accuracy: 71.50%, AUC: 0.72 [VAL] Loss: 0.6310, Accuracy: 66.00%, Precision: 0.62, Recall: 0.68, F1: 0.65, AUC: 0.66
Epoch [92/100] [TRAIN] Loss: 0.6007, Accuracy: 70.34%, AUC: 0.70 [VAL] Loss: 0.6319, Accuracy: 65.90%, Precision: 0.62, Recall: 0.68, F1: 0.65, AUC: 0.66
Epoch [93/100] [TRAIN] Loss: 0.5976, Accuracy: 70.89%, AUC: 0.71 [VAL] Loss: 0.6308, Accuracy: 65.70%, Precision: 0.62, Recall: 0.69, F1: 0.65, AUC: 0.66
Epoch [94/100] [TRAIN] Loss: 0.5979, Accuracy: 70.76%, AUC: 0.71 [VAL] Loss: 0.6296, Accuracy: 66.00%, Precision: 0.62, Recall: 0.69, F1: 0.65, AUC: 0.66
Epoch [95/100] [TRAIN] Loss: 0.5949, Accuracy: 71.35%, AUC: 0.71 [VAL] Loss: 0.6294, Accuracy: 66.00%, Precision: 0.62, Recall: 0.69, F1: 0.65, AUC: 0.66
Epoch [96/100] [TRAIN] Loss: 0.5938, Accuracy: 71.17%, AUC: 0.71 [VAL] Loss: 0.6311, Accuracy: 66.20%, Precision: 0.62, Recall: 0.69, F1: 0.66, AUC: 0.66
Epoch [97/100] [TRAIN] Loss: 0.5941, Accuracy: 71.59%, AUC: 0.72 [VAL] Loss: 0.6312, Accuracy: 66.10%, Precision: 0.62, Recall: 0.69, F1: 0.65, AUC: 0.66
Epoch [98/100] [TRAIN] Loss: 0.5983, Accuracy: 70.95%, AUC: 0.71 [VAL] Loss: 0.6307, Accuracy: 66.10%, Precision: 0.62, Recall: 0.68, F1: 0.65, AUC: 0.66
Epoch [99/100] [TRAIN] Loss: 0.5932, Accuracy: 71.20%, AUC: 0.71 [VAL] Loss: 0.6317, Accuracy: 66.20%, Precision: 0.62, Recall: 0.69, F1: 0.66, AUC: 0.66
Epoch [100/100] [TRAIN] Loss: 0.5970, Accuracy: 70.55%, AUC: 0.71 [VAL] Loss: 0.6306, Accuracy: 66.20%, Precision: 0.62, Recall: 0.69, F1: 0.65, AUC: 0.66
  Antisymmetry score:      0.9610
  Total violations:        39 / 1000
  Pairs near boundary:     363 (36.3%)
  Avg |prob-0.5| at violation: 0.0000  (near 0 = boundary issue, larger = real failure)
Seed: 789
Accuracy:  69.80 %
AUC:       0.6992
Precision: 0.6692
Recall:    0.7254
F1-Score:  0.6962

Antisymmetry score:  0.9610  (1.0 = perfect, ~0.5 = random)

Detailed Classification Report:
              precision    recall  f1-score   support

           0       0.73      0.67      0.70       523
           1       0.67      0.73      0.70       477

    accuracy                           0.70      1000
   macro avg       0.70      0.70      0.70      1000
weighted avg       0.70      0.70      0.70      1000


Confusion Matrix:
[[352 171]
 [131 346]]


026-H3K4me3-H3K9ac-H3K9me3-H3K27me3
Train label distribution:
  Label 0:   4257 (53.2%)
  Label 1:   3743 (46.8%)
Val label distribution:
  Label 0:    535 (53.5%)
  Label 1:    465 (46.5%)
Test label distribution:
  Label 0:    523 (52.3%)
  Label 1:    477 (47.7%)
Epoch [1/100] [TRAIN] Loss: 0.6695, Accuracy: 66.85%, AUC: 0.67 [VAL] Loss: 0.6586, Accuracy: 62.70%, Precision: 0.59, Recall: 0.66, F1: 0.62, AUC: 0.63
Epoch [2/100] [TRAIN] Loss: 0.6510, Accuracy: 67.60%, AUC: 0.68 [VAL] Loss: 0.6538, Accuracy: 64.10%, Precision: 0.60, Recall: 0.67, F1: 0.63, AUC: 0.64
Epoch [3/100] [TRAIN] Loss: 0.6466, Accuracy: 68.26%, AUC: 0.68 [VAL] Loss: 0.6513, Accuracy: 64.10%, Precision: 0.60, Recall: 0.67, F1: 0.63, AUC: 0.64
Epoch [4/100] [TRAIN] Loss: 0.6402, Accuracy: 68.81%, AUC: 0.69 [VAL] Loss: 0.6487, Accuracy: 64.00%, Precision: 0.60, Recall: 0.67, F1: 0.63, AUC: 0.64
Epoch [5/100] [TRAIN] Loss: 0.6369, Accuracy: 68.53%, AUC: 0.69 [VAL] Loss: 0.6475, Accuracy: 64.60%, Precision: 0.61, Recall: 0.67, F1: 0.64, AUC: 0.65
Epoch [6/100] [TRAIN] Loss: 0.6346, Accuracy: 68.88%, AUC: 0.69 [VAL] Loss: 0.6459, Accuracy: 64.10%, Precision: 0.60, Recall: 0.67, F1: 0.63, AUC: 0.64
Epoch [7/100] [TRAIN] Loss: 0.6286, Accuracy: 69.19%, AUC: 0.69 [VAL] Loss: 0.6446, Accuracy: 64.10%, Precision: 0.60, Recall: 0.67, F1: 0.63, AUC: 0.64
Epoch [8/100] [TRAIN] Loss: 0.6304, Accuracy: 68.97%, AUC: 0.69 [VAL] Loss: 0.6438, Accuracy: 64.10%, Precision: 0.60, Recall: 0.67, F1: 0.63, AUC: 0.64
Epoch [9/100] [TRAIN] Loss: 0.6261, Accuracy: 69.42%, AUC: 0.69 [VAL] Loss: 0.6433, Accuracy: 64.00%, Precision: 0.60, Recall: 0.67, F1: 0.63, AUC: 0.64
Epoch [10/100] [TRAIN] Loss: 0.6241, Accuracy: 69.09%, AUC: 0.69 [VAL] Loss: 0.6427, Accuracy: 63.90%, Precision: 0.60, Recall: 0.66, F1: 0.63, AUC: 0.64
Epoch [11/100] [TRAIN] Loss: 0.6234, Accuracy: 69.12%, AUC: 0.69 [VAL] Loss: 0.6415, Accuracy: 64.00%, Precision: 0.60, Recall: 0.67, F1: 0.63, AUC: 0.64
Epoch [12/100] [TRAIN] Loss: 0.6212, Accuracy: 69.04%, AUC: 0.69 [VAL] Loss: 0.6413, Accuracy: 64.50%, Precision: 0.61, Recall: 0.67, F1: 0.64, AUC: 0.65
Epoch [13/100] [TRAIN] Loss: 0.6217, Accuracy: 69.55%, AUC: 0.70 [VAL] Loss: 0.6401, Accuracy: 64.60%, Precision: 0.61, Recall: 0.67, F1: 0.64, AUC: 0.65
Epoch [14/100] [TRAIN] Loss: 0.6200, Accuracy: 69.05%, AUC: 0.69 [VAL] Loss: 0.6395, Accuracy: 64.70%, Precision: 0.61, Recall: 0.67, F1: 0.64, AUC: 0.65
Epoch [15/100] [TRAIN] Loss: 0.6188, Accuracy: 69.38%, AUC: 0.69 [VAL] Loss: 0.6388, Accuracy: 65.20%, Precision: 0.61, Recall: 0.68, F1: 0.64, AUC: 0.65
Epoch [16/100] [TRAIN] Loss: 0.6192, Accuracy: 69.21%, AUC: 0.69 [VAL] Loss: 0.6380, Accuracy: 65.10%, Precision: 0.61, Recall: 0.68, F1: 0.64, AUC: 0.65
Epoch [17/100] [TRAIN] Loss: 0.6187, Accuracy: 68.83%, AUC: 0.69 [VAL] Loss: 0.6378, Accuracy: 64.90%, Precision: 0.61, Recall: 0.68, F1: 0.64, AUC: 0.65
Epoch [18/100] [TRAIN] Loss: 0.6214, Accuracy: 69.26%, AUC: 0.69 [VAL] Loss: 0.6369, Accuracy: 65.20%, Precision: 0.61, Recall: 0.68, F1: 0.64, AUC: 0.65
Epoch [19/100] [TRAIN] Loss: 0.6184, Accuracy: 69.01%, AUC: 0.69 [VAL] Loss: 0.6362, Accuracy: 65.00%, Precision: 0.61, Recall: 0.68, F1: 0.64, AUC: 0.65
Epoch [20/100] [TRAIN] Loss: 0.6160, Accuracy: 68.74%, AUC: 0.69 [VAL] Loss: 0.6358, Accuracy: 65.00%, Precision: 0.61, Recall: 0.68, F1: 0.64, AUC: 0.65
Epoch [21/100] [TRAIN] Loss: 0.6176, Accuracy: 69.50%, AUC: 0.70 [VAL] Loss: 0.6354, Accuracy: 65.30%, Precision: 0.61, Recall: 0.68, F1: 0.65, AUC: 0.65
Epoch [22/100] [TRAIN] Loss: 0.6140, Accuracy: 69.41%, AUC: 0.69 [VAL] Loss: 0.6349, Accuracy: 65.30%, Precision: 0.61, Recall: 0.68, F1: 0.65, AUC: 0.65
Epoch [23/100] [TRAIN] Loss: 0.6147, Accuracy: 69.85%, AUC: 0.70 [VAL] Loss: 0.6346, Accuracy: 65.20%, Precision: 0.61, Recall: 0.68, F1: 0.64, AUC: 0.65
Epoch [24/100] [TRAIN] Loss: 0.6152, Accuracy: 69.31%, AUC: 0.69 [VAL] Loss: 0.6342, Accuracy: 65.40%, Precision: 0.62, Recall: 0.68, F1: 0.65, AUC: 0.66
Epoch [25/100] [TRAIN] Loss: 0.6150, Accuracy: 68.91%, AUC: 0.69 [VAL] Loss: 0.6337, Accuracy: 65.60%, Precision: 0.62, Recall: 0.69, F1: 0.65, AUC: 0.66
Epoch [26/100] [TRAIN] Loss: 0.6152, Accuracy: 69.15%, AUC: 0.69 [VAL] Loss: 0.6333, Accuracy: 65.50%, Precision: 0.62, Recall: 0.69, F1: 0.65, AUC: 0.66
Epoch [27/100] [TRAIN] Loss: 0.6156, Accuracy: 68.67%, AUC: 0.69 [VAL] Loss: 0.6330, Accuracy: 65.70%, Precision: 0.62, Recall: 0.69, F1: 0.65, AUC: 0.66
Epoch [28/100] [TRAIN] Loss: 0.6136, Accuracy: 69.72%, AUC: 0.70 [VAL] Loss: 0.6327, Accuracy: 65.40%, Precision: 0.62, Recall: 0.68, F1: 0.65, AUC: 0.66
Epoch [29/100] [TRAIN] Loss: 0.6137, Accuracy: 68.94%, AUC: 0.69 [VAL] Loss: 0.6324, Accuracy: 66.00%, Precision: 0.62, Recall: 0.69, F1: 0.65, AUC: 0.66
Epoch [30/100] [TRAIN] Loss: 0.6114, Accuracy: 69.28%, AUC: 0.69 [VAL] Loss: 0.6322, Accuracy: 66.00%, Precision: 0.62, Recall: 0.69, F1: 0.65, AUC: 0.66
Epoch [31/100] [TRAIN] Loss: 0.6113, Accuracy: 69.35%, AUC: 0.69 [VAL] Loss: 0.6321, Accuracy: 65.90%, Precision: 0.62, Recall: 0.69, F1: 0.65, AUC: 0.66
Epoch [32/100] [TRAIN] Loss: 0.6126, Accuracy: 69.53%, AUC: 0.70 [VAL] Loss: 0.6314, Accuracy: 66.10%, Precision: 0.62, Recall: 0.69, F1: 0.66, AUC: 0.66
Epoch [33/100] [TRAIN] Loss: 0.6134, Accuracy: 68.84%, AUC: 0.69 [VAL] Loss: 0.6311, Accuracy: 66.00%, Precision: 0.62, Recall: 0.69, F1: 0.65, AUC: 0.66
Epoch [34/100] [TRAIN] Loss: 0.6086, Accuracy: 69.41%, AUC: 0.69 [VAL] Loss: 0.6310, Accuracy: 65.90%, Precision: 0.62, Recall: 0.69, F1: 0.65, AUC: 0.66
Epoch [35/100] [TRAIN] Loss: 0.6085, Accuracy: 69.41%, AUC: 0.69 [VAL] Loss: 0.6306, Accuracy: 66.20%, Precision: 0.62, Recall: 0.69, F1: 0.66, AUC: 0.66
Epoch [36/100] [TRAIN] Loss: 0.6077, Accuracy: 69.05%, AUC: 0.69 [VAL] Loss: 0.6304, Accuracy: 66.10%, Precision: 0.62, Recall: 0.69, F1: 0.66, AUC: 0.66
Epoch [37/100] [TRAIN] Loss: 0.6080, Accuracy: 69.89%, AUC: 0.70 [VAL] Loss: 0.6298, Accuracy: 66.10%, Precision: 0.62, Recall: 0.69, F1: 0.65, AUC: 0.66
Epoch [38/100] [TRAIN] Loss: 0.6097, Accuracy: 69.15%, AUC: 0.69 [VAL] Loss: 0.6297, Accuracy: 66.10%, Precision: 0.62, Recall: 0.69, F1: 0.65, AUC: 0.66
Epoch [39/100] [TRAIN] Loss: 0.6063, Accuracy: 69.30%, AUC: 0.69 [VAL] Loss: 0.6298, Accuracy: 66.00%, Precision: 0.62, Recall: 0.69, F1: 0.65, AUC: 0.66
Epoch [40/100] [TRAIN] Loss: 0.6075, Accuracy: 69.70%, AUC: 0.70 [VAL] Loss: 0.6296, Accuracy: 66.40%, Precision: 0.63, Recall: 0.69, F1: 0.66, AUC: 0.67
Epoch [41/100] [TRAIN] Loss: 0.6091, Accuracy: 69.46%, AUC: 0.70 [VAL] Loss: 0.6290, Accuracy: 66.20%, Precision: 0.62, Recall: 0.69, F1: 0.66, AUC: 0.66
Epoch [42/100] [TRAIN] Loss: 0.6104, Accuracy: 69.03%, AUC: 0.69 [VAL] Loss: 0.6289, Accuracy: 66.00%, Precision: 0.62, Recall: 0.69, F1: 0.65, AUC: 0.66
Epoch [43/100] [TRAIN] Loss: 0.6077, Accuracy: 69.28%, AUC: 0.69 [VAL] Loss: 0.6288, Accuracy: 66.10%, Precision: 0.62, Recall: 0.69, F1: 0.65, AUC: 0.66
Epoch [44/100] [TRAIN] Loss: 0.6061, Accuracy: 69.55%, AUC: 0.70 [VAL] Loss: 0.6283, Accuracy: 66.00%, Precision: 0.62, Recall: 0.69, F1: 0.65, AUC: 0.66
Epoch [45/100] [TRAIN] Loss: 0.6080, Accuracy: 69.45%, AUC: 0.69 [VAL] Loss: 0.6283, Accuracy: 66.50%, Precision: 0.63, Recall: 0.69, F1: 0.66, AUC: 0.67
Epoch [46/100] [TRAIN] Loss: 0.6075, Accuracy: 69.76%, AUC: 0.70 [VAL] Loss: 0.6279, Accuracy: 66.80%, Precision: 0.63, Recall: 0.69, F1: 0.66, AUC: 0.67
Epoch [47/100] [TRAIN] Loss: 0.6072, Accuracy: 69.42%, AUC: 0.69 [VAL] Loss: 0.6276, Accuracy: 66.90%, Precision: 0.63, Recall: 0.69, F1: 0.66, AUC: 0.67
Epoch [48/100] [TRAIN] Loss: 0.6054, Accuracy: 69.88%, AUC: 0.70 [VAL] Loss: 0.6270, Accuracy: 67.00%, Precision: 0.63, Recall: 0.70, F1: 0.66, AUC: 0.67
Epoch [49/100] [TRAIN] Loss: 0.6057, Accuracy: 69.83%, AUC: 0.70 [VAL] Loss: 0.6269, Accuracy: 67.10%, Precision: 0.63, Recall: 0.70, F1: 0.66, AUC: 0.67
Epoch [50/100] [TRAIN] Loss: 0.6087, Accuracy: 68.86%, AUC: 0.69 [VAL] Loss: 0.6269, Accuracy: 66.90%, Precision: 0.63, Recall: 0.70, F1: 0.66, AUC: 0.67
Epoch [51/100] [TRAIN] Loss: 0.6080, Accuracy: 69.15%, AUC: 0.69 [VAL] Loss: 0.6264, Accuracy: 67.10%, Precision: 0.63, Recall: 0.69, F1: 0.66, AUC: 0.67
Epoch [52/100] [TRAIN] Loss: 0.6030, Accuracy: 69.75%, AUC: 0.70 [VAL] Loss: 0.6257, Accuracy: 67.20%, Precision: 0.64, Recall: 0.69, F1: 0.66, AUC: 0.67
Epoch [53/100] [TRAIN] Loss: 0.6040, Accuracy: 69.86%, AUC: 0.70 [VAL] Loss: 0.6257, Accuracy: 67.30%, Precision: 0.64, Recall: 0.69, F1: 0.66, AUC: 0.67
Epoch [54/100] [TRAIN] Loss: 0.6039, Accuracy: 69.21%, AUC: 0.69 [VAL] Loss: 0.6260, Accuracy: 66.90%, Precision: 0.63, Recall: 0.70, F1: 0.66, AUC: 0.67
Epoch [55/100] [TRAIN] Loss: 0.6025, Accuracy: 69.84%, AUC: 0.70 [VAL] Loss: 0.6256, Accuracy: 67.20%, Precision: 0.63, Recall: 0.70, F1: 0.66, AUC: 0.67
Epoch [56/100] [TRAIN] Loss: 0.6055, Accuracy: 69.42%, AUC: 0.69 [VAL] Loss: 0.6251, Accuracy: 67.30%, Precision: 0.63, Recall: 0.70, F1: 0.67, AUC: 0.67
Epoch [57/100] [TRAIN] Loss: 0.6036, Accuracy: 69.64%, AUC: 0.70 [VAL] Loss: 0.6246, Accuracy: 67.60%, Precision: 0.64, Recall: 0.70, F1: 0.67, AUC: 0.68
Epoch [58/100] [TRAIN] Loss: 0.6061, Accuracy: 69.46%, AUC: 0.70 [VAL] Loss: 0.6244, Accuracy: 67.50%, Precision: 0.64, Recall: 0.70, F1: 0.67, AUC: 0.68
Epoch [59/100] [TRAIN] Loss: 0.6039, Accuracy: 69.44%, AUC: 0.69 [VAL] Loss: 0.6244, Accuracy: 67.60%, Precision: 0.64, Recall: 0.70, F1: 0.67, AUC: 0.68
Epoch [60/100] [TRAIN] Loss: 0.6040, Accuracy: 69.65%, AUC: 0.70 [VAL] Loss: 0.6240, Accuracy: 67.40%, Precision: 0.64, Recall: 0.70, F1: 0.67, AUC: 0.68
Epoch [61/100] [TRAIN] Loss: 0.5984, Accuracy: 69.94%, AUC: 0.70 [VAL] Loss: 0.6238, Accuracy: 67.40%, Precision: 0.64, Recall: 0.70, F1: 0.67, AUC: 0.68
Epoch [62/100] [TRAIN] Loss: 0.6011, Accuracy: 69.76%, AUC: 0.70 [VAL] Loss: 0.6237, Accuracy: 67.40%, Precision: 0.64, Recall: 0.70, F1: 0.67, AUC: 0.68
Epoch [63/100] [TRAIN] Loss: 0.6007, Accuracy: 69.75%, AUC: 0.70 [VAL] Loss: 0.6236, Accuracy: 67.20%, Precision: 0.63, Recall: 0.70, F1: 0.66, AUC: 0.67
Epoch [64/100] [TRAIN] Loss: 0.5998, Accuracy: 69.97%, AUC: 0.70 [VAL] Loss: 0.6235, Accuracy: 67.30%, Precision: 0.64, Recall: 0.70, F1: 0.66, AUC: 0.67
Epoch [65/100] [TRAIN] Loss: 0.5999, Accuracy: 69.34%, AUC: 0.69 [VAL] Loss: 0.6236, Accuracy: 67.30%, Precision: 0.64, Recall: 0.70, F1: 0.66, AUC: 0.67
Epoch [66/100] [TRAIN] Loss: 0.6007, Accuracy: 69.99%, AUC: 0.70 [VAL] Loss: 0.6238, Accuracy: 67.30%, Precision: 0.64, Recall: 0.70, F1: 0.66, AUC: 0.67
Epoch [67/100] [TRAIN] Loss: 0.6008, Accuracy: 69.64%, AUC: 0.70 [VAL] Loss: 0.6229, Accuracy: 67.40%, Precision: 0.64, Recall: 0.70, F1: 0.67, AUC: 0.68
Epoch [68/100] [TRAIN] Loss: 0.6015, Accuracy: 70.01%, AUC: 0.70 [VAL] Loss: 0.6227, Accuracy: 67.60%, Precision: 0.64, Recall: 0.70, F1: 0.67, AUC: 0.68
Epoch [69/100] [TRAIN] Loss: 0.5992, Accuracy: 70.06%, AUC: 0.70 [VAL] Loss: 0.6234, Accuracy: 67.40%, Precision: 0.64, Recall: 0.70, F1: 0.67, AUC: 0.68
Epoch [70/100] [TRAIN] Loss: 0.6000, Accuracy: 69.62%, AUC: 0.70 [VAL] Loss: 0.6221, Accuracy: 67.50%, Precision: 0.64, Recall: 0.70, F1: 0.67, AUC: 0.68
Epoch [71/100] [TRAIN] Loss: 0.5999, Accuracy: 69.90%, AUC: 0.70 [VAL] Loss: 0.6221, Accuracy: 67.60%, Precision: 0.64, Recall: 0.70, F1: 0.67, AUC: 0.68
Epoch [72/100] [TRAIN] Loss: 0.5996, Accuracy: 70.12%, AUC: 0.70 [VAL] Loss: 0.6220, Accuracy: 67.40%, Precision: 0.64, Recall: 0.69, F1: 0.66, AUC: 0.68
Epoch [73/100] [TRAIN] Loss: 0.5974, Accuracy: 70.29%, AUC: 0.70 [VAL] Loss: 0.6221, Accuracy: 67.30%, Precision: 0.64, Recall: 0.69, F1: 0.66, AUC: 0.67
Epoch [74/100] [TRAIN] Loss: 0.5982, Accuracy: 69.85%, AUC: 0.70 [VAL] Loss: 0.6218, Accuracy: 67.40%, Precision: 0.64, Recall: 0.70, F1: 0.67, AUC: 0.68
Epoch [75/100] [TRAIN] Loss: 0.6020, Accuracy: 69.90%, AUC: 0.70 [VAL] Loss: 0.6209, Accuracy: 67.50%, Precision: 0.64, Recall: 0.70, F1: 0.67, AUC: 0.68
Epoch [76/100] [TRAIN] Loss: 0.5994, Accuracy: 69.76%, AUC: 0.70 [VAL] Loss: 0.6210, Accuracy: 67.60%, Precision: 0.64, Recall: 0.70, F1: 0.67, AUC: 0.68
Epoch [77/100] [TRAIN] Loss: 0.5985, Accuracy: 69.97%, AUC: 0.70 [VAL] Loss: 0.6208, Accuracy: 67.90%, Precision: 0.64, Recall: 0.70, F1: 0.67, AUC: 0.68
Epoch [78/100] [TRAIN] Loss: 0.5958, Accuracy: 70.09%, AUC: 0.70 [VAL] Loss: 0.6208, Accuracy: 67.70%, Precision: 0.64, Recall: 0.70, F1: 0.67, AUC: 0.68
Epoch [79/100] [TRAIN] Loss: 0.5981, Accuracy: 69.80%, AUC: 0.70 [VAL] Loss: 0.6204, Accuracy: 67.60%, Precision: 0.64, Recall: 0.70, F1: 0.67, AUC: 0.68
Epoch [80/100] [TRAIN] Loss: 0.5961, Accuracy: 70.22%, AUC: 0.70 [VAL] Loss: 0.6203, Accuracy: 67.50%, Precision: 0.64, Recall: 0.70, F1: 0.67, AUC: 0.68
Epoch [81/100] [TRAIN] Loss: 0.5967, Accuracy: 70.50%, AUC: 0.71 [VAL] Loss: 0.6206, Accuracy: 67.70%, Precision: 0.64, Recall: 0.70, F1: 0.67, AUC: 0.68
Epoch [82/100] [TRAIN] Loss: 0.5984, Accuracy: 70.00%, AUC: 0.70 [VAL] Loss: 0.6201, Accuracy: 67.90%, Precision: 0.64, Recall: 0.70, F1: 0.67, AUC: 0.68
Epoch [83/100] [TRAIN] Loss: 0.5962, Accuracy: 70.42%, AUC: 0.70 [VAL] Loss: 0.6198, Accuracy: 67.90%, Precision: 0.64, Recall: 0.71, F1: 0.67, AUC: 0.68
Epoch [84/100] [TRAIN] Loss: 0.5969, Accuracy: 69.80%, AUC: 0.70 [VAL] Loss: 0.6200, Accuracy: 68.10%, Precision: 0.64, Recall: 0.71, F1: 0.67, AUC: 0.68
Epoch [85/100] [TRAIN] Loss: 0.5979, Accuracy: 70.17%, AUC: 0.70 [VAL] Loss: 0.6196, Accuracy: 68.00%, Precision: 0.64, Recall: 0.70, F1: 0.67, AUC: 0.68
Epoch [86/100] [TRAIN] Loss: 0.5949, Accuracy: 70.08%, AUC: 0.70 [VAL] Loss: 0.6198, Accuracy: 68.00%, Precision: 0.64, Recall: 0.70, F1: 0.67, AUC: 0.68
Epoch [87/100] [TRAIN] Loss: 0.5963, Accuracy: 69.83%, AUC: 0.70 [VAL] Loss: 0.6193, Accuracy: 68.00%, Precision: 0.64, Recall: 0.70, F1: 0.67, AUC: 0.68
Epoch [88/100] [TRAIN] Loss: 0.5963, Accuracy: 69.67%, AUC: 0.70 [VAL] Loss: 0.6194, Accuracy: 68.30%, Precision: 0.65, Recall: 0.71, F1: 0.67, AUC: 0.68
Epoch [89/100] [TRAIN] Loss: 0.5946, Accuracy: 70.15%, AUC: 0.70 [VAL] Loss: 0.6188, Accuracy: 68.00%, Precision: 0.64, Recall: 0.71, F1: 0.67, AUC: 0.68
Epoch [90/100] [TRAIN] Loss: 0.5942, Accuracy: 70.56%, AUC: 0.71 [VAL] Loss: 0.6186, Accuracy: 68.10%, Precision: 0.64, Recall: 0.71, F1: 0.67, AUC: 0.68
Epoch [91/100] [TRAIN] Loss: 0.5949, Accuracy: 69.95%, AUC: 0.70 [VAL] Loss: 0.6181, Accuracy: 68.00%, Precision: 0.64, Recall: 0.71, F1: 0.67, AUC: 0.68
Epoch [92/100] [TRAIN] Loss: 0.5965, Accuracy: 70.26%, AUC: 0.70 [VAL] Loss: 0.6183, Accuracy: 68.00%, Precision: 0.64, Recall: 0.70, F1: 0.67, AUC: 0.68
Epoch [93/100] [TRAIN] Loss: 0.5917, Accuracy: 70.80%, AUC: 0.71 [VAL] Loss: 0.6185, Accuracy: 67.90%, Precision: 0.64, Recall: 0.70, F1: 0.67, AUC: 0.68
Epoch [94/100] [TRAIN] Loss: 0.5955, Accuracy: 70.12%, AUC: 0.70 [VAL] Loss: 0.6174, Accuracy: 68.10%, Precision: 0.64, Recall: 0.70, F1: 0.67, AUC: 0.68
Epoch [95/100] [TRAIN] Loss: 0.5944, Accuracy: 70.40%, AUC: 0.70 [VAL] Loss: 0.6176, Accuracy: 68.20%, Precision: 0.64, Recall: 0.71, F1: 0.67, AUC: 0.68
Epoch [96/100] [TRAIN] Loss: 0.5937, Accuracy: 69.79%, AUC: 0.70 [VAL] Loss: 0.6181, Accuracy: 68.40%, Precision: 0.65, Recall: 0.71, F1: 0.68, AUC: 0.69
Epoch [97/100] [TRAIN] Loss: 0.5928, Accuracy: 70.36%, AUC: 0.70 [VAL] Loss: 0.6178, Accuracy: 68.50%, Precision: 0.65, Recall: 0.71, F1: 0.68, AUC: 0.69
Epoch [98/100] [TRAIN] Loss: 0.5939, Accuracy: 70.55%, AUC: 0.71 [VAL] Loss: 0.6168, Accuracy: 67.80%, Precision: 0.64, Recall: 0.70, F1: 0.67, AUC: 0.68
Epoch [99/100] [TRAIN] Loss: 0.5921, Accuracy: 70.19%, AUC: 0.70 [VAL] Loss: 0.6165, Accuracy: 68.00%, Precision: 0.64, Recall: 0.70, F1: 0.67, AUC: 0.68
Epoch [100/100] [TRAIN] Loss: 0.5918, Accuracy: 70.44%, AUC: 0.70 [VAL] Loss: 0.6171, Accuracy: 67.90%, Precision: 0.64, Recall: 0.70, F1: 0.67, AUC: 0.68
  Antisymmetry score:      0.9700
  Total violations:        30 / 1000
  Pairs near boundary:     356 (35.6%)
  Avg |prob-0.5| at violation: 0.0000  (near 0 = boundary issue, larger = real failure)
Seed: 789
Accuracy:  71.10 %
AUC:       0.7127
Precision: 0.6780
Recall:    0.7505
F1-Score:  0.7124

Antisymmetry score:  0.9700  (1.0 = perfect, ~0.5 = random)

Detailed Classification Report:
              precision    recall  f1-score   support

           0       0.75      0.67      0.71       523
           1       0.68      0.75      0.71       477

    accuracy                           0.71      1000
   macro avg       0.71      0.71      0.71      1000
weighted avg       0.71      0.71      0.71      1000


Confusion Matrix:
[[353 170]
 [119 358]]


027-H3K4me3-H3K9ac-H3K27ac-H3K27me3
Train label distribution:
  Label 0:   4257 (53.2%)
  Label 1:   3743 (46.8%)
Val label distribution:
  Label 0:    535 (53.5%)
  Label 1:    465 (46.5%)
Test label distribution:
  Label 0:    523 (52.3%)
  Label 1:    477 (47.7%)
Epoch [1/100] [TRAIN] Loss: 0.6961, Accuracy: 63.91%, AUC: 0.64 [VAL] Loss: 0.6523, Accuracy: 65.60%, Precision: 0.62, Recall: 0.68, F1: 0.65, AUC: 0.66
Epoch [2/100] [TRAIN] Loss: 0.6573, Accuracy: 67.62%, AUC: 0.68 [VAL] Loss: 0.6482, Accuracy: 65.30%, Precision: 0.62, Recall: 0.68, F1: 0.64, AUC: 0.65
Epoch [3/100] [TRAIN] Loss: 0.6388, Accuracy: 68.61%, AUC: 0.69 [VAL] Loss: 0.6450, Accuracy: 65.80%, Precision: 0.62, Recall: 0.68, F1: 0.65, AUC: 0.66
Epoch [4/100] [TRAIN] Loss: 0.6417, Accuracy: 68.61%, AUC: 0.69 [VAL] Loss: 0.6436, Accuracy: 65.80%, Precision: 0.62, Recall: 0.67, F1: 0.65, AUC: 0.66
Epoch [5/100] [TRAIN] Loss: 0.6379, Accuracy: 69.03%, AUC: 0.69 [VAL] Loss: 0.6422, Accuracy: 66.30%, Precision: 0.63, Recall: 0.68, F1: 0.65, AUC: 0.66
Epoch [6/100] [TRAIN] Loss: 0.6322, Accuracy: 69.21%, AUC: 0.69 [VAL] Loss: 0.6404, Accuracy: 66.20%, Precision: 0.63, Recall: 0.68, F1: 0.65, AUC: 0.66
Epoch [7/100] [TRAIN] Loss: 0.6319, Accuracy: 68.83%, AUC: 0.69 [VAL] Loss: 0.6398, Accuracy: 66.20%, Precision: 0.63, Recall: 0.68, F1: 0.65, AUC: 0.66
Epoch [8/100] [TRAIN] Loss: 0.6316, Accuracy: 68.46%, AUC: 0.68 [VAL] Loss: 0.6386, Accuracy: 66.40%, Precision: 0.63, Recall: 0.68, F1: 0.65, AUC: 0.67
Epoch [9/100] [TRAIN] Loss: 0.6278, Accuracy: 68.88%, AUC: 0.69 [VAL] Loss: 0.6380, Accuracy: 66.20%, Precision: 0.62, Recall: 0.68, F1: 0.65, AUC: 0.66
Epoch [10/100] [TRAIN] Loss: 0.6275, Accuracy: 68.40%, AUC: 0.68 [VAL] Loss: 0.6374, Accuracy: 66.30%, Precision: 0.63, Recall: 0.68, F1: 0.65, AUC: 0.66
Epoch [11/100] [TRAIN] Loss: 0.6244, Accuracy: 69.20%, AUC: 0.69 [VAL] Loss: 0.6361, Accuracy: 66.30%, Precision: 0.63, Recall: 0.68, F1: 0.65, AUC: 0.66
Epoch [12/100] [TRAIN] Loss: 0.6241, Accuracy: 69.16%, AUC: 0.69 [VAL] Loss: 0.6346, Accuracy: 66.10%, Precision: 0.62, Recall: 0.68, F1: 0.65, AUC: 0.66
Epoch [13/100] [TRAIN] Loss: 0.6236, Accuracy: 68.74%, AUC: 0.69 [VAL] Loss: 0.6347, Accuracy: 66.20%, Precision: 0.63, Recall: 0.68, F1: 0.65, AUC: 0.66
Epoch [14/100] [TRAIN] Loss: 0.6215, Accuracy: 69.39%, AUC: 0.69 [VAL] Loss: 0.6341, Accuracy: 66.40%, Precision: 0.63, Recall: 0.68, F1: 0.65, AUC: 0.67
Epoch [15/100] [TRAIN] Loss: 0.6230, Accuracy: 69.56%, AUC: 0.70 [VAL] Loss: 0.6341, Accuracy: 66.00%, Precision: 0.62, Recall: 0.68, F1: 0.65, AUC: 0.66
Epoch [16/100] [TRAIN] Loss: 0.6180, Accuracy: 69.31%, AUC: 0.69 [VAL] Loss: 0.6333, Accuracy: 66.40%, Precision: 0.63, Recall: 0.68, F1: 0.65, AUC: 0.67
Epoch [17/100] [TRAIN] Loss: 0.6211, Accuracy: 68.91%, AUC: 0.69 [VAL] Loss: 0.6327, Accuracy: 66.50%, Precision: 0.63, Recall: 0.68, F1: 0.65, AUC: 0.67
Epoch [18/100] [TRAIN] Loss: 0.6193, Accuracy: 69.42%, AUC: 0.69 [VAL] Loss: 0.6328, Accuracy: 66.50%, Precision: 0.63, Recall: 0.68, F1: 0.65, AUC: 0.67
Epoch [19/100] [TRAIN] Loss: 0.6201, Accuracy: 69.29%, AUC: 0.69 [VAL] Loss: 0.6323, Accuracy: 66.50%, Precision: 0.63, Recall: 0.69, F1: 0.66, AUC: 0.67
Epoch [20/100] [TRAIN] Loss: 0.6188, Accuracy: 69.24%, AUC: 0.69 [VAL] Loss: 0.6318, Accuracy: 66.50%, Precision: 0.63, Recall: 0.69, F1: 0.66, AUC: 0.67
Epoch [21/100] [TRAIN] Loss: 0.6157, Accuracy: 69.34%, AUC: 0.69 [VAL] Loss: 0.6321, Accuracy: 66.30%, Precision: 0.63, Recall: 0.69, F1: 0.65, AUC: 0.66
Epoch [22/100] [TRAIN] Loss: 0.6154, Accuracy: 69.29%, AUC: 0.69 [VAL] Loss: 0.6313, Accuracy: 66.60%, Precision: 0.63, Recall: 0.69, F1: 0.66, AUC: 0.67
Epoch [23/100] [TRAIN] Loss: 0.6157, Accuracy: 69.88%, AUC: 0.70 [VAL] Loss: 0.6313, Accuracy: 66.60%, Precision: 0.63, Recall: 0.68, F1: 0.66, AUC: 0.67
Epoch [24/100] [TRAIN] Loss: 0.6184, Accuracy: 69.21%, AUC: 0.69 [VAL] Loss: 0.6307, Accuracy: 66.90%, Precision: 0.63, Recall: 0.69, F1: 0.66, AUC: 0.67
Epoch [25/100] [TRAIN] Loss: 0.6125, Accuracy: 69.61%, AUC: 0.70 [VAL] Loss: 0.6303, Accuracy: 66.80%, Precision: 0.63, Recall: 0.69, F1: 0.66, AUC: 0.67
Epoch [26/100] [TRAIN] Loss: 0.6156, Accuracy: 69.54%, AUC: 0.70 [VAL] Loss: 0.6303, Accuracy: 66.80%, Precision: 0.63, Recall: 0.69, F1: 0.66, AUC: 0.67
Epoch [27/100] [TRAIN] Loss: 0.6162, Accuracy: 69.00%, AUC: 0.69 [VAL] Loss: 0.6300, Accuracy: 67.10%, Precision: 0.63, Recall: 0.69, F1: 0.66, AUC: 0.67
Epoch [28/100] [TRAIN] Loss: 0.6123, Accuracy: 69.24%, AUC: 0.69 [VAL] Loss: 0.6300, Accuracy: 66.90%, Precision: 0.63, Recall: 0.69, F1: 0.66, AUC: 0.67
Epoch [29/100] [TRAIN] Loss: 0.6141, Accuracy: 69.31%, AUC: 0.69 [VAL] Loss: 0.6298, Accuracy: 67.10%, Precision: 0.63, Recall: 0.69, F1: 0.66, AUC: 0.67
Epoch [30/100] [TRAIN] Loss: 0.6138, Accuracy: 69.56%, AUC: 0.70 [VAL] Loss: 0.6295, Accuracy: 67.40%, Precision: 0.64, Recall: 0.70, F1: 0.67, AUC: 0.68
Epoch [31/100] [TRAIN] Loss: 0.6138, Accuracy: 69.74%, AUC: 0.70 [VAL] Loss: 0.6294, Accuracy: 67.40%, Precision: 0.64, Recall: 0.70, F1: 0.67, AUC: 0.68
Epoch [32/100] [TRAIN] Loss: 0.6124, Accuracy: 69.25%, AUC: 0.69 [VAL] Loss: 0.6297, Accuracy: 67.20%, Precision: 0.63, Recall: 0.70, F1: 0.66, AUC: 0.67
Epoch [33/100] [TRAIN] Loss: 0.6104, Accuracy: 69.94%, AUC: 0.70 [VAL] Loss: 0.6286, Accuracy: 67.30%, Precision: 0.64, Recall: 0.69, F1: 0.66, AUC: 0.67
Epoch [34/100] [TRAIN] Loss: 0.6103, Accuracy: 69.44%, AUC: 0.69 [VAL] Loss: 0.6286, Accuracy: 67.30%, Precision: 0.64, Recall: 0.70, F1: 0.66, AUC: 0.67
Epoch [35/100] [TRAIN] Loss: 0.6103, Accuracy: 69.26%, AUC: 0.69 [VAL] Loss: 0.6289, Accuracy: 66.90%, Precision: 0.63, Recall: 0.69, F1: 0.66, AUC: 0.67
Epoch [36/100] [TRAIN] Loss: 0.6094, Accuracy: 69.56%, AUC: 0.70 [VAL] Loss: 0.6281, Accuracy: 67.70%, Precision: 0.64, Recall: 0.69, F1: 0.67, AUC: 0.68
Epoch [37/100] [TRAIN] Loss: 0.6123, Accuracy: 69.38%, AUC: 0.69 [VAL] Loss: 0.6282, Accuracy: 67.50%, Precision: 0.64, Recall: 0.69, F1: 0.67, AUC: 0.68
Epoch [38/100] [TRAIN] Loss: 0.6090, Accuracy: 69.95%, AUC: 0.70 [VAL] Loss: 0.6273, Accuracy: 67.60%, Precision: 0.64, Recall: 0.69, F1: 0.67, AUC: 0.68
Epoch [39/100] [TRAIN] Loss: 0.6091, Accuracy: 70.06%, AUC: 0.70 [VAL] Loss: 0.6273, Accuracy: 67.10%, Precision: 0.63, Recall: 0.69, F1: 0.66, AUC: 0.67
Epoch [40/100] [TRAIN] Loss: 0.6070, Accuracy: 69.61%, AUC: 0.70 [VAL] Loss: 0.6274, Accuracy: 67.10%, Precision: 0.63, Recall: 0.69, F1: 0.66, AUC: 0.67
Epoch [41/100] [TRAIN] Loss: 0.6088, Accuracy: 69.85%, AUC: 0.70 [VAL] Loss: 0.6272, Accuracy: 67.30%, Precision: 0.64, Recall: 0.69, F1: 0.66, AUC: 0.67
Epoch [42/100] [TRAIN] Loss: 0.6090, Accuracy: 69.62%, AUC: 0.70 [VAL] Loss: 0.6270, Accuracy: 67.30%, Precision: 0.64, Recall: 0.69, F1: 0.66, AUC: 0.67
Epoch [43/100] [TRAIN] Loss: 0.6082, Accuracy: 69.71%, AUC: 0.70 [VAL] Loss: 0.6269, Accuracy: 67.40%, Precision: 0.64, Recall: 0.69, F1: 0.66, AUC: 0.68
Epoch [44/100] [TRAIN] Loss: 0.6059, Accuracy: 69.59%, AUC: 0.70 [VAL] Loss: 0.6265, Accuracy: 67.10%, Precision: 0.63, Recall: 0.69, F1: 0.66, AUC: 0.67
Epoch [45/100] [TRAIN] Loss: 0.6079, Accuracy: 70.19%, AUC: 0.70 [VAL] Loss: 0.6266, Accuracy: 67.30%, Precision: 0.64, Recall: 0.69, F1: 0.66, AUC: 0.67
Epoch [46/100] [TRAIN] Loss: 0.6070, Accuracy: 69.99%, AUC: 0.70 [VAL] Loss: 0.6266, Accuracy: 67.30%, Precision: 0.64, Recall: 0.69, F1: 0.66, AUC: 0.67
Epoch [47/100] [TRAIN] Loss: 0.6056, Accuracy: 69.40%, AUC: 0.69 [VAL] Loss: 0.6266, Accuracy: 67.10%, Precision: 0.63, Recall: 0.69, F1: 0.66, AUC: 0.67
Epoch [48/100] [TRAIN] Loss: 0.6043, Accuracy: 69.89%, AUC: 0.70 [VAL] Loss: 0.6269, Accuracy: 67.20%, Precision: 0.64, Recall: 0.69, F1: 0.66, AUC: 0.67
Epoch [49/100] [TRAIN] Loss: 0.6062, Accuracy: 70.10%, AUC: 0.70 [VAL] Loss: 0.6261, Accuracy: 67.00%, Precision: 0.63, Recall: 0.69, F1: 0.66, AUC: 0.67
Epoch [50/100] [TRAIN] Loss: 0.6058, Accuracy: 69.71%, AUC: 0.70 [VAL] Loss: 0.6259, Accuracy: 66.90%, Precision: 0.63, Recall: 0.69, F1: 0.66, AUC: 0.67
Epoch [51/100] [TRAIN] Loss: 0.6060, Accuracy: 69.92%, AUC: 0.70 [VAL] Loss: 0.6261, Accuracy: 67.00%, Precision: 0.63, Recall: 0.69, F1: 0.66, AUC: 0.67
Epoch [52/100] [TRAIN] Loss: 0.6046, Accuracy: 70.17%, AUC: 0.70 [VAL] Loss: 0.6261, Accuracy: 67.00%, Precision: 0.63, Recall: 0.69, F1: 0.66, AUC: 0.67
Epoch [53/100] [TRAIN] Loss: 0.6048, Accuracy: 69.78%, AUC: 0.70 [VAL] Loss: 0.6262, Accuracy: 66.80%, Precision: 0.63, Recall: 0.69, F1: 0.66, AUC: 0.67
Epoch [54/100] [TRAIN] Loss: 0.6043, Accuracy: 69.76%, AUC: 0.70 [VAL] Loss: 0.6260, Accuracy: 67.20%, Precision: 0.64, Recall: 0.69, F1: 0.66, AUC: 0.67
Epoch [55/100] [TRAIN] Loss: 0.6041, Accuracy: 69.79%, AUC: 0.70 [VAL] Loss: 0.6263, Accuracy: 66.80%, Precision: 0.63, Recall: 0.68, F1: 0.66, AUC: 0.67
Epoch [56/100] [TRAIN] Loss: 0.6049, Accuracy: 70.22%, AUC: 0.70 [VAL] Loss: 0.6250, Accuracy: 67.20%, Precision: 0.64, Recall: 0.69, F1: 0.66, AUC: 0.67
Epoch [57/100] [TRAIN] Loss: 0.6034, Accuracy: 69.80%, AUC: 0.70 [VAL] Loss: 0.6243, Accuracy: 67.30%, Precision: 0.64, Recall: 0.69, F1: 0.66, AUC: 0.67
Epoch [58/100] [TRAIN] Loss: 0.6044, Accuracy: 69.89%, AUC: 0.70 [VAL] Loss: 0.6243, Accuracy: 67.30%, Precision: 0.64, Recall: 0.69, F1: 0.66, AUC: 0.67
Epoch [59/100] [TRAIN] Loss: 0.6038, Accuracy: 69.85%, AUC: 0.70 [VAL] Loss: 0.6239, Accuracy: 67.00%, Precision: 0.63, Recall: 0.69, F1: 0.66, AUC: 0.67
Epoch [60/100] [TRAIN] Loss: 0.6040, Accuracy: 70.08%, AUC: 0.70 [VAL] Loss: 0.6243, Accuracy: 67.30%, Precision: 0.64, Recall: 0.69, F1: 0.66, AUC: 0.67
Epoch [61/100] [TRAIN] Loss: 0.5977, Accuracy: 70.64%, AUC: 0.71 [VAL] Loss: 0.6251, Accuracy: 67.10%, Precision: 0.64, Recall: 0.68, F1: 0.66, AUC: 0.67
Epoch [62/100] [TRAIN] Loss: 0.6016, Accuracy: 69.47%, AUC: 0.70 [VAL] Loss: 0.6245, Accuracy: 67.30%, Precision: 0.64, Recall: 0.69, F1: 0.66, AUC: 0.67
Epoch [63/100] [TRAIN] Loss: 0.6013, Accuracy: 70.09%, AUC: 0.70 [VAL] Loss: 0.6250, Accuracy: 67.00%, Precision: 0.63, Recall: 0.68, F1: 0.66, AUC: 0.67
Epoch [64/100] [TRAIN] Loss: 0.6011, Accuracy: 69.95%, AUC: 0.70 [VAL] Loss: 0.6241, Accuracy: 66.90%, Precision: 0.63, Recall: 0.68, F1: 0.66, AUC: 0.67
Epoch [65/100] [TRAIN] Loss: 0.6005, Accuracy: 70.11%, AUC: 0.70 [VAL] Loss: 0.6239, Accuracy: 67.60%, Precision: 0.64, Recall: 0.69, F1: 0.67, AUC: 0.68
Epoch [66/100] [TRAIN] Loss: 0.6012, Accuracy: 69.88%, AUC: 0.70 [VAL] Loss: 0.6237, Accuracy: 67.70%, Precision: 0.64, Recall: 0.70, F1: 0.67, AUC: 0.68
Epoch [67/100] [TRAIN] Loss: 0.5985, Accuracy: 69.94%, AUC: 0.70 [VAL] Loss: 0.6236, Accuracy: 67.70%, Precision: 0.64, Recall: 0.70, F1: 0.67, AUC: 0.68
Epoch [68/100] [TRAIN] Loss: 0.6010, Accuracy: 70.20%, AUC: 0.70 [VAL] Loss: 0.6236, Accuracy: 67.70%, Precision: 0.64, Recall: 0.70, F1: 0.67, AUC: 0.68
Epoch [69/100] [TRAIN] Loss: 0.5992, Accuracy: 70.42%, AUC: 0.70 [VAL] Loss: 0.6236, Accuracy: 67.70%, Precision: 0.64, Recall: 0.70, F1: 0.67, AUC: 0.68
Epoch [70/100] [TRAIN] Loss: 0.6023, Accuracy: 69.88%, AUC: 0.70 [VAL] Loss: 0.6235, Accuracy: 67.70%, Precision: 0.64, Recall: 0.70, F1: 0.67, AUC: 0.68
Epoch [71/100] [TRAIN] Loss: 0.6016, Accuracy: 70.28%, AUC: 0.70 [VAL] Loss: 0.6235, Accuracy: 67.70%, Precision: 0.64, Recall: 0.70, F1: 0.67, AUC: 0.68
Epoch [72/100] [TRAIN] Loss: 0.5992, Accuracy: 70.40%, AUC: 0.70 [VAL] Loss: 0.6235, Accuracy: 67.60%, Precision: 0.64, Recall: 0.69, F1: 0.67, AUC: 0.68
Epoch [73/100] [TRAIN] Loss: 0.5989, Accuracy: 70.21%, AUC: 0.70 [VAL] Loss: 0.6235, Accuracy: 67.50%, Precision: 0.64, Recall: 0.69, F1: 0.67, AUC: 0.68
Epoch [74/100] [TRAIN] Loss: 0.6007, Accuracy: 70.10%, AUC: 0.70 [VAL] Loss: 0.6234, Accuracy: 67.50%, Precision: 0.64, Recall: 0.69, F1: 0.67, AUC: 0.68
Epoch [75/100] [TRAIN] Loss: 0.5990, Accuracy: 69.78%, AUC: 0.70 [VAL] Loss: 0.6235, Accuracy: 67.50%, Precision: 0.64, Recall: 0.69, F1: 0.67, AUC: 0.68
Epoch [76/100] [TRAIN] Loss: 0.5981, Accuracy: 70.29%, AUC: 0.70 [VAL] Loss: 0.6236, Accuracy: 67.50%, Precision: 0.64, Recall: 0.69, F1: 0.67, AUC: 0.68
Epoch [77/100] [TRAIN] Loss: 0.5994, Accuracy: 70.45%, AUC: 0.70 [VAL] Loss: 0.6236, Accuracy: 67.40%, Precision: 0.64, Recall: 0.69, F1: 0.66, AUC: 0.68
Epoch [78/100] [TRAIN] Loss: 0.6000, Accuracy: 69.88%, AUC: 0.70 [VAL] Loss: 0.6235, Accuracy: 67.40%, Precision: 0.64, Recall: 0.69, F1: 0.66, AUC: 0.68
Epoch [79/100] [TRAIN] Loss: 0.6002, Accuracy: 70.42%, AUC: 0.70 [VAL] Loss: 0.6236, Accuracy: 67.30%, Precision: 0.64, Recall: 0.69, F1: 0.66, AUC: 0.67
Epoch [80/100] [TRAIN] Loss: 0.6014, Accuracy: 69.70%, AUC: 0.70 [VAL] Loss: 0.6235, Accuracy: 67.30%, Precision: 0.64, Recall: 0.69, F1: 0.66, AUC: 0.67
  Early stopping at epoch 80 (no val_loss improvement for 10 epochs)
  Antisymmetry score:      0.9720
  Total violations:        28 / 1000
  Pairs near boundary:     350 (35.0%)
  Avg |prob-0.5| at violation: 0.0000  (near 0 = boundary issue, larger = real failure)
Seed: 789
Accuracy:  70.10 %
AUC:       0.7028
Precision: 0.6679
Recall:    0.7421
F1-Score:  0.7031

Antisymmetry score:  0.9720  (1.0 = perfect, ~0.5 = random)

Detailed Classification Report:
              precision    recall  f1-score   support

           0       0.74      0.66      0.70       523
           1       0.67      0.74      0.70       477

    accuracy                           0.70      1000
   macro avg       0.70      0.70      0.70      1000
weighted avg       0.70      0.70      0.70      1000


Confusion Matrix:
[[347 176]
 [123 354]]


028-H3K4me3-H3K9me3-H3K27ac-H3K27me3
Train label distribution:
  Label 0:   4257 (53.2%)
  Label 1:   3743 (46.8%)
Val label distribution:
  Label 0:    535 (53.5%)
  Label 1:    465 (46.5%)
Test label distribution:
  Label 0:    523 (52.3%)
  Label 1:    477 (47.7%)
Epoch [1/100] [TRAIN] Loss: 0.6789, Accuracy: 63.38%, AUC: 0.63 [VAL] Loss: 0.6519, Accuracy: 65.10%, Precision: 0.61, Recall: 0.67, F1: 0.64, AUC: 0.65
Epoch [2/100] [TRAIN] Loss: 0.6478, Accuracy: 68.10%, AUC: 0.68 [VAL] Loss: 0.6482, Accuracy: 65.20%, Precision: 0.61, Recall: 0.68, F1: 0.64, AUC: 0.65
Epoch [3/100] [TRAIN] Loss: 0.6477, Accuracy: 67.66%, AUC: 0.68 [VAL] Loss: 0.6473, Accuracy: 65.70%, Precision: 0.62, Recall: 0.67, F1: 0.65, AUC: 0.66
Epoch [4/100] [TRAIN] Loss: 0.6419, Accuracy: 68.60%, AUC: 0.69 [VAL] Loss: 0.6444, Accuracy: 65.90%, Precision: 0.62, Recall: 0.68, F1: 0.65, AUC: 0.66
Epoch [5/100] [TRAIN] Loss: 0.6365, Accuracy: 68.53%, AUC: 0.69 [VAL] Loss: 0.6434, Accuracy: 65.50%, Precision: 0.62, Recall: 0.67, F1: 0.64, AUC: 0.66
Epoch [6/100] [TRAIN] Loss: 0.6301, Accuracy: 68.86%, AUC: 0.69 [VAL] Loss: 0.6426, Accuracy: 65.70%, Precision: 0.62, Recall: 0.67, F1: 0.65, AUC: 0.66
Epoch [7/100] [TRAIN] Loss: 0.6296, Accuracy: 69.28%, AUC: 0.69 [VAL] Loss: 0.6417, Accuracy: 65.60%, Precision: 0.62, Recall: 0.68, F1: 0.65, AUC: 0.66
Epoch [8/100] [TRAIN] Loss: 0.6312, Accuracy: 69.26%, AUC: 0.69 [VAL] Loss: 0.6409, Accuracy: 65.70%, Precision: 0.62, Recall: 0.68, F1: 0.65, AUC: 0.66
Epoch [9/100] [TRAIN] Loss: 0.6293, Accuracy: 68.97%, AUC: 0.69 [VAL] Loss: 0.6400, Accuracy: 65.60%, Precision: 0.62, Recall: 0.68, F1: 0.65, AUC: 0.66
Epoch [10/100] [TRAIN] Loss: 0.6282, Accuracy: 68.84%, AUC: 0.69 [VAL] Loss: 0.6391, Accuracy: 65.50%, Precision: 0.62, Recall: 0.68, F1: 0.65, AUC: 0.66
Epoch [11/100] [TRAIN] Loss: 0.6259, Accuracy: 69.00%, AUC: 0.69 [VAL] Loss: 0.6384, Accuracy: 65.90%, Precision: 0.62, Recall: 0.68, F1: 0.65, AUC: 0.66
Epoch [12/100] [TRAIN] Loss: 0.6223, Accuracy: 69.39%, AUC: 0.69 [VAL] Loss: 0.6378, Accuracy: 65.70%, Precision: 0.62, Recall: 0.69, F1: 0.65, AUC: 0.66
Epoch [13/100] [TRAIN] Loss: 0.6233, Accuracy: 69.16%, AUC: 0.69 [VAL] Loss: 0.6372, Accuracy: 65.80%, Precision: 0.62, Recall: 0.69, F1: 0.65, AUC: 0.66
Epoch [14/100] [TRAIN] Loss: 0.6266, Accuracy: 69.10%, AUC: 0.69 [VAL] Loss: 0.6365, Accuracy: 66.10%, Precision: 0.62, Recall: 0.69, F1: 0.65, AUC: 0.66
Epoch [15/100] [TRAIN] Loss: 0.6198, Accuracy: 69.61%, AUC: 0.70 [VAL] Loss: 0.6360, Accuracy: 66.00%, Precision: 0.62, Recall: 0.69, F1: 0.65, AUC: 0.66
Epoch [16/100] [TRAIN] Loss: 0.6246, Accuracy: 69.15%, AUC: 0.69 [VAL] Loss: 0.6352, Accuracy: 65.90%, Precision: 0.62, Recall: 0.68, F1: 0.65, AUC: 0.66
Epoch [17/100] [TRAIN] Loss: 0.6198, Accuracy: 68.90%, AUC: 0.69 [VAL] Loss: 0.6347, Accuracy: 65.80%, Precision: 0.62, Recall: 0.68, F1: 0.65, AUC: 0.66
Epoch [18/100] [TRAIN] Loss: 0.6236, Accuracy: 69.21%, AUC: 0.69 [VAL] Loss: 0.6341, Accuracy: 65.70%, Precision: 0.62, Recall: 0.68, F1: 0.65, AUC: 0.66
Epoch [19/100] [TRAIN] Loss: 0.6204, Accuracy: 68.81%, AUC: 0.69 [VAL] Loss: 0.6339, Accuracy: 65.90%, Precision: 0.62, Recall: 0.68, F1: 0.65, AUC: 0.66
Epoch [20/100] [TRAIN] Loss: 0.6200, Accuracy: 69.30%, AUC: 0.69 [VAL] Loss: 0.6334, Accuracy: 65.90%, Precision: 0.62, Recall: 0.68, F1: 0.65, AUC: 0.66
Epoch [21/100] [TRAIN] Loss: 0.6157, Accuracy: 69.76%, AUC: 0.70 [VAL] Loss: 0.6329, Accuracy: 66.40%, Precision: 0.63, Recall: 0.68, F1: 0.65, AUC: 0.67
Epoch [22/100] [TRAIN] Loss: 0.6193, Accuracy: 68.95%, AUC: 0.69 [VAL] Loss: 0.6325, Accuracy: 66.50%, Precision: 0.63, Recall: 0.68, F1: 0.65, AUC: 0.67
Epoch [23/100] [TRAIN] Loss: 0.6147, Accuracy: 69.70%, AUC: 0.70 [VAL] Loss: 0.6323, Accuracy: 66.20%, Precision: 0.62, Recall: 0.68, F1: 0.65, AUC: 0.66
Epoch [24/100] [TRAIN] Loss: 0.6188, Accuracy: 69.40%, AUC: 0.69 [VAL] Loss: 0.6323, Accuracy: 66.30%, Precision: 0.63, Recall: 0.69, F1: 0.65, AUC: 0.66
Epoch [25/100] [TRAIN] Loss: 0.6193, Accuracy: 69.10%, AUC: 0.69 [VAL] Loss: 0.6318, Accuracy: 66.80%, Precision: 0.63, Recall: 0.69, F1: 0.66, AUC: 0.67
Epoch [26/100] [TRAIN] Loss: 0.6171, Accuracy: 69.25%, AUC: 0.69 [VAL] Loss: 0.6319, Accuracy: 66.50%, Precision: 0.63, Recall: 0.69, F1: 0.66, AUC: 0.67
Epoch [27/100] [TRAIN] Loss: 0.6164, Accuracy: 69.12%, AUC: 0.69 [VAL] Loss: 0.6309, Accuracy: 66.60%, Precision: 0.63, Recall: 0.69, F1: 0.66, AUC: 0.67
Epoch [28/100] [TRAIN] Loss: 0.6160, Accuracy: 69.45%, AUC: 0.69 [VAL] Loss: 0.6308, Accuracy: 66.30%, Precision: 0.63, Recall: 0.69, F1: 0.65, AUC: 0.66
Epoch [29/100] [TRAIN] Loss: 0.6146, Accuracy: 69.38%, AUC: 0.69 [VAL] Loss: 0.6304, Accuracy: 66.40%, Precision: 0.63, Recall: 0.69, F1: 0.66, AUC: 0.67
Epoch [30/100] [TRAIN] Loss: 0.6129, Accuracy: 69.59%, AUC: 0.70 [VAL] Loss: 0.6298, Accuracy: 66.40%, Precision: 0.63, Recall: 0.68, F1: 0.65, AUC: 0.67
Epoch [31/100] [TRAIN] Loss: 0.6131, Accuracy: 69.15%, AUC: 0.69 [VAL] Loss: 0.6295, Accuracy: 66.40%, Precision: 0.63, Recall: 0.68, F1: 0.65, AUC: 0.67
Epoch [32/100] [TRAIN] Loss: 0.6136, Accuracy: 69.26%, AUC: 0.69 [VAL] Loss: 0.6291, Accuracy: 66.50%, Precision: 0.63, Recall: 0.68, F1: 0.65, AUC: 0.67
Epoch [33/100] [TRAIN] Loss: 0.6126, Accuracy: 69.39%, AUC: 0.69 [VAL] Loss: 0.6285, Accuracy: 66.60%, Precision: 0.63, Recall: 0.68, F1: 0.66, AUC: 0.67
Epoch [34/100] [TRAIN] Loss: 0.6135, Accuracy: 69.06%, AUC: 0.69 [VAL] Loss: 0.6283, Accuracy: 66.60%, Precision: 0.63, Recall: 0.68, F1: 0.66, AUC: 0.67
Epoch [35/100] [TRAIN] Loss: 0.6128, Accuracy: 69.44%, AUC: 0.70 [VAL] Loss: 0.6285, Accuracy: 66.80%, Precision: 0.63, Recall: 0.68, F1: 0.66, AUC: 0.67
Epoch [36/100] [TRAIN] Loss: 0.6109, Accuracy: 68.96%, AUC: 0.69 [VAL] Loss: 0.6282, Accuracy: 66.70%, Precision: 0.63, Recall: 0.68, F1: 0.66, AUC: 0.67
Epoch [37/100] [TRAIN] Loss: 0.6119, Accuracy: 69.58%, AUC: 0.70 [VAL] Loss: 0.6288, Accuracy: 66.50%, Precision: 0.63, Recall: 0.68, F1: 0.65, AUC: 0.67
Epoch [38/100] [TRAIN] Loss: 0.6098, Accuracy: 69.94%, AUC: 0.70 [VAL] Loss: 0.6287, Accuracy: 66.40%, Precision: 0.63, Recall: 0.68, F1: 0.65, AUC: 0.67
Epoch [39/100] [TRAIN] Loss: 0.6099, Accuracy: 69.75%, AUC: 0.70 [VAL] Loss: 0.6283, Accuracy: 66.60%, Precision: 0.63, Recall: 0.68, F1: 0.66, AUC: 0.67
Epoch [40/100] [TRAIN] Loss: 0.6122, Accuracy: 68.90%, AUC: 0.69 [VAL] Loss: 0.6277, Accuracy: 66.60%, Precision: 0.63, Recall: 0.68, F1: 0.66, AUC: 0.67
Epoch [41/100] [TRAIN] Loss: 0.6074, Accuracy: 69.64%, AUC: 0.70 [VAL] Loss: 0.6274, Accuracy: 66.80%, Precision: 0.63, Recall: 0.69, F1: 0.66, AUC: 0.67
Epoch [42/100] [TRAIN] Loss: 0.6097, Accuracy: 69.26%, AUC: 0.69 [VAL] Loss: 0.6272, Accuracy: 67.00%, Precision: 0.63, Recall: 0.69, F1: 0.66, AUC: 0.67
Epoch [43/100] [TRAIN] Loss: 0.6096, Accuracy: 69.78%, AUC: 0.70 [VAL] Loss: 0.6274, Accuracy: 67.00%, Precision: 0.63, Recall: 0.69, F1: 0.66, AUC: 0.67
Epoch [44/100] [TRAIN] Loss: 0.6084, Accuracy: 69.31%, AUC: 0.69 [VAL] Loss: 0.6273, Accuracy: 66.80%, Precision: 0.63, Recall: 0.69, F1: 0.66, AUC: 0.67
Epoch [45/100] [TRAIN] Loss: 0.6099, Accuracy: 69.24%, AUC: 0.69 [VAL] Loss: 0.6270, Accuracy: 67.10%, Precision: 0.63, Recall: 0.69, F1: 0.66, AUC: 0.67
Epoch [46/100] [TRAIN] Loss: 0.6078, Accuracy: 69.51%, AUC: 0.70 [VAL] Loss: 0.6269, Accuracy: 67.20%, Precision: 0.64, Recall: 0.69, F1: 0.66, AUC: 0.67
Epoch [47/100] [TRAIN] Loss: 0.6107, Accuracy: 69.34%, AUC: 0.69 [VAL] Loss: 0.6268, Accuracy: 67.10%, Precision: 0.63, Recall: 0.69, F1: 0.66, AUC: 0.67
Epoch [48/100] [TRAIN] Loss: 0.6057, Accuracy: 69.95%, AUC: 0.70 [VAL] Loss: 0.6263, Accuracy: 67.00%, Precision: 0.63, Recall: 0.69, F1: 0.66, AUC: 0.67
Epoch [49/100] [TRAIN] Loss: 0.6062, Accuracy: 69.67%, AUC: 0.70 [VAL] Loss: 0.6261, Accuracy: 67.10%, Precision: 0.63, Recall: 0.69, F1: 0.66, AUC: 0.67
Epoch [50/100] [TRAIN] Loss: 0.6062, Accuracy: 69.44%, AUC: 0.69 [VAL] Loss: 0.6262, Accuracy: 67.30%, Precision: 0.64, Recall: 0.69, F1: 0.66, AUC: 0.67
Epoch [51/100] [TRAIN] Loss: 0.6087, Accuracy: 69.29%, AUC: 0.69 [VAL] Loss: 0.6259, Accuracy: 67.20%, Precision: 0.64, Recall: 0.69, F1: 0.66, AUC: 0.67
Epoch [52/100] [TRAIN] Loss: 0.6032, Accuracy: 69.79%, AUC: 0.70 [VAL] Loss: 0.6259, Accuracy: 67.20%, Precision: 0.64, Recall: 0.69, F1: 0.66, AUC: 0.67
Epoch [53/100] [TRAIN] Loss: 0.6060, Accuracy: 69.96%, AUC: 0.70 [VAL] Loss: 0.6250, Accuracy: 67.30%, Precision: 0.64, Recall: 0.69, F1: 0.66, AUC: 0.67
Epoch [54/100] [TRAIN] Loss: 0.6064, Accuracy: 69.31%, AUC: 0.69 [VAL] Loss: 0.6253, Accuracy: 67.20%, Precision: 0.64, Recall: 0.69, F1: 0.66, AUC: 0.67
Epoch [55/100] [TRAIN] Loss: 0.6065, Accuracy: 69.26%, AUC: 0.69 [VAL] Loss: 0.6254, Accuracy: 67.30%, Precision: 0.64, Recall: 0.69, F1: 0.66, AUC: 0.67
Epoch [56/100] [TRAIN] Loss: 0.6064, Accuracy: 69.51%, AUC: 0.70 [VAL] Loss: 0.6255, Accuracy: 67.20%, Precision: 0.64, Recall: 0.69, F1: 0.66, AUC: 0.67
Epoch [57/100] [TRAIN] Loss: 0.6023, Accuracy: 69.99%, AUC: 0.70 [VAL] Loss: 0.6249, Accuracy: 67.40%, Precision: 0.64, Recall: 0.69, F1: 0.66, AUC: 0.68
Epoch [58/100] [TRAIN] Loss: 0.6046, Accuracy: 69.88%, AUC: 0.70 [VAL] Loss: 0.6244, Accuracy: 67.20%, Precision: 0.64, Recall: 0.69, F1: 0.66, AUC: 0.67
Epoch [59/100] [TRAIN] Loss: 0.6035, Accuracy: 69.91%, AUC: 0.70 [VAL] Loss: 0.6246, Accuracy: 67.00%, Precision: 0.63, Recall: 0.69, F1: 0.66, AUC: 0.67
Epoch [60/100] [TRAIN] Loss: 0.6029, Accuracy: 70.05%, AUC: 0.70 [VAL] Loss: 0.6248, Accuracy: 67.20%, Precision: 0.64, Recall: 0.69, F1: 0.66, AUC: 0.67
Epoch [61/100] [TRAIN] Loss: 0.6023, Accuracy: 69.90%, AUC: 0.70 [VAL] Loss: 0.6246, Accuracy: 67.10%, Precision: 0.63, Recall: 0.69, F1: 0.66, AUC: 0.67
Epoch [62/100] [TRAIN] Loss: 0.6018, Accuracy: 70.19%, AUC: 0.70 [VAL] Loss: 0.6243, Accuracy: 67.20%, Precision: 0.64, Recall: 0.69, F1: 0.66, AUC: 0.67
Epoch [63/100] [TRAIN] Loss: 0.5986, Accuracy: 70.31%, AUC: 0.70 [VAL] Loss: 0.6237, Accuracy: 67.30%, Precision: 0.64, Recall: 0.69, F1: 0.66, AUC: 0.67
Epoch [64/100] [TRAIN] Loss: 0.6057, Accuracy: 69.46%, AUC: 0.70 [VAL] Loss: 0.6232, Accuracy: 67.20%, Precision: 0.64, Recall: 0.69, F1: 0.66, AUC: 0.67
Epoch [65/100] [TRAIN] Loss: 0.6030, Accuracy: 70.09%, AUC: 0.70 [VAL] Loss: 0.6236, Accuracy: 67.50%, Precision: 0.64, Recall: 0.69, F1: 0.67, AUC: 0.68
Epoch [66/100] [TRAIN] Loss: 0.6032, Accuracy: 70.24%, AUC: 0.70 [VAL] Loss: 0.6232, Accuracy: 67.20%, Precision: 0.64, Recall: 0.69, F1: 0.66, AUC: 0.67
Epoch [67/100] [TRAIN] Loss: 0.6015, Accuracy: 70.03%, AUC: 0.70 [VAL] Loss: 0.6235, Accuracy: 67.50%, Precision: 0.64, Recall: 0.69, F1: 0.66, AUC: 0.68
Epoch [68/100] [TRAIN] Loss: 0.6030, Accuracy: 69.79%, AUC: 0.70 [VAL] Loss: 0.6236, Accuracy: 67.50%, Precision: 0.64, Recall: 0.69, F1: 0.67, AUC: 0.68
Epoch [69/100] [TRAIN] Loss: 0.6043, Accuracy: 69.67%, AUC: 0.70 [VAL] Loss: 0.6227, Accuracy: 67.20%, Precision: 0.64, Recall: 0.69, F1: 0.66, AUC: 0.67
Epoch [70/100] [TRAIN] Loss: 0.6007, Accuracy: 69.88%, AUC: 0.70 [VAL] Loss: 0.6238, Accuracy: 67.60%, Precision: 0.64, Recall: 0.69, F1: 0.67, AUC: 0.68
Epoch [71/100] [TRAIN] Loss: 0.6016, Accuracy: 70.38%, AUC: 0.70 [VAL] Loss: 0.6227, Accuracy: 67.40%, Precision: 0.64, Recall: 0.69, F1: 0.66, AUC: 0.68
Epoch [72/100] [TRAIN] Loss: 0.5999, Accuracy: 70.03%, AUC: 0.70 [VAL] Loss: 0.6229, Accuracy: 67.50%, Precision: 0.64, Recall: 0.69, F1: 0.67, AUC: 0.68
Epoch [73/100] [TRAIN] Loss: 0.6007, Accuracy: 69.46%, AUC: 0.70 [VAL] Loss: 0.6226, Accuracy: 67.30%, Precision: 0.64, Recall: 0.69, F1: 0.66, AUC: 0.67
Epoch [74/100] [TRAIN] Loss: 0.6003, Accuracy: 70.33%, AUC: 0.70 [VAL] Loss: 0.6225, Accuracy: 67.30%, Precision: 0.64, Recall: 0.69, F1: 0.66, AUC: 0.67
Epoch [75/100] [TRAIN] Loss: 0.5997, Accuracy: 70.29%, AUC: 0.70 [VAL] Loss: 0.6230, Accuracy: 67.20%, Precision: 0.63, Recall: 0.69, F1: 0.66, AUC: 0.67
Epoch [76/100] [TRAIN] Loss: 0.5999, Accuracy: 70.25%, AUC: 0.70 [VAL] Loss: 0.6221, Accuracy: 67.30%, Precision: 0.64, Recall: 0.69, F1: 0.66, AUC: 0.67
Epoch [77/100] [TRAIN] Loss: 0.6012, Accuracy: 69.94%, AUC: 0.70 [VAL] Loss: 0.6224, Accuracy: 67.50%, Precision: 0.64, Recall: 0.69, F1: 0.66, AUC: 0.68
Epoch [78/100] [TRAIN] Loss: 0.5978, Accuracy: 70.46%, AUC: 0.71 [VAL] Loss: 0.6228, Accuracy: 67.10%, Precision: 0.63, Recall: 0.69, F1: 0.66, AUC: 0.67
Epoch [79/100] [TRAIN] Loss: 0.5988, Accuracy: 69.70%, AUC: 0.70 [VAL] Loss: 0.6228, Accuracy: 67.70%, Precision: 0.64, Recall: 0.69, F1: 0.67, AUC: 0.68
Epoch [80/100] [TRAIN] Loss: 0.5998, Accuracy: 69.88%, AUC: 0.70 [VAL] Loss: 0.6225, Accuracy: 67.20%, Precision: 0.64, Recall: 0.69, F1: 0.66, AUC: 0.67
Epoch [81/100] [TRAIN] Loss: 0.5979, Accuracy: 70.00%, AUC: 0.70 [VAL] Loss: 0.6224, Accuracy: 67.40%, Precision: 0.64, Recall: 0.69, F1: 0.66, AUC: 0.67
Epoch [82/100] [TRAIN] Loss: 0.5976, Accuracy: 70.19%, AUC: 0.70 [VAL] Loss: 0.6225, Accuracy: 67.60%, Precision: 0.64, Recall: 0.69, F1: 0.67, AUC: 0.68
Epoch [83/100] [TRAIN] Loss: 0.5957, Accuracy: 70.31%, AUC: 0.70 [VAL] Loss: 0.6225, Accuracy: 67.60%, Precision: 0.64, Recall: 0.69, F1: 0.67, AUC: 0.68
Epoch [84/100] [TRAIN] Loss: 0.5968, Accuracy: 70.14%, AUC: 0.70 [VAL] Loss: 0.6223, Accuracy: 67.30%, Precision: 0.64, Recall: 0.69, F1: 0.66, AUC: 0.67
Epoch [85/100] [TRAIN] Loss: 0.5998, Accuracy: 69.81%, AUC: 0.70 [VAL] Loss: 0.6221, Accuracy: 67.30%, Precision: 0.64, Recall: 0.69, F1: 0.66, AUC: 0.67
Epoch [86/100] [TRAIN] Loss: 0.5974, Accuracy: 70.31%, AUC: 0.70 [VAL] Loss: 0.6221, Accuracy: 67.30%, Precision: 0.64, Recall: 0.69, F1: 0.66, AUC: 0.67
  Early stopping at epoch 86 (no val_loss improvement for 10 epochs)
  Antisymmetry score:      0.9740
  Total violations:        26 / 1000
  Pairs near boundary:     355 (35.5%)
  Avg |prob-0.5| at violation: 0.0000  (near 0 = boundary issue, larger = real failure)
Seed: 789
Accuracy:  70.80 %
AUC:       0.7097
Precision: 0.6755
Recall:    0.7463
F1-Score:  0.7092

Antisymmetry score:  0.9740  (1.0 = perfect, ~0.5 = random)

Detailed Classification Report:
              precision    recall  f1-score   support

           0       0.74      0.67      0.71       523
           1       0.68      0.75      0.71       477

    accuracy                           0.71      1000
   macro avg       0.71      0.71      0.71      1000
weighted avg       0.71      0.71      0.71      1000


Confusion Matrix:
[[352 171]
 [121 356]]


029-H3K9ac-H3K9me3-H3K27ac-H3K27me3
Train label distribution:
  Label 0:   4257 (53.2%)
  Label 1:   3743 (46.8%)
Val label distribution:
  Label 0:    535 (53.5%)
  Label 1:    465 (46.5%)
Test label distribution:
  Label 0:    523 (52.3%)
  Label 1:    477 (47.7%)
Epoch [1/100] [TRAIN] Loss: 0.6906, Accuracy: 60.89%, AUC: 0.61 [VAL] Loss: 0.6595, Accuracy: 64.20%, Precision: 0.60, Recall: 0.67, F1: 0.64, AUC: 0.64
Epoch [2/100] [TRAIN] Loss: 0.6486, Accuracy: 67.95%, AUC: 0.68 [VAL] Loss: 0.6534, Accuracy: 65.00%, Precision: 0.61, Recall: 0.68, F1: 0.64, AUC: 0.65
Epoch [3/100] [TRAIN] Loss: 0.6380, Accuracy: 68.29%, AUC: 0.68 [VAL] Loss: 0.6510, Accuracy: 65.30%, Precision: 0.62, Recall: 0.68, F1: 0.64, AUC: 0.65
Epoch [4/100] [TRAIN] Loss: 0.6343, Accuracy: 68.51%, AUC: 0.69 [VAL] Loss: 0.6488, Accuracy: 65.30%, Precision: 0.61, Recall: 0.68, F1: 0.65, AUC: 0.65
Epoch [5/100] [TRAIN] Loss: 0.6330, Accuracy: 68.80%, AUC: 0.69 [VAL] Loss: 0.6465, Accuracy: 65.40%, Precision: 0.62, Recall: 0.67, F1: 0.64, AUC: 0.66
Epoch [6/100] [TRAIN] Loss: 0.6312, Accuracy: 68.61%, AUC: 0.69 [VAL] Loss: 0.6450, Accuracy: 65.60%, Precision: 0.62, Recall: 0.68, F1: 0.65, AUC: 0.66
Epoch [7/100] [TRAIN] Loss: 0.6275, Accuracy: 69.21%, AUC: 0.69 [VAL] Loss: 0.6434, Accuracy: 65.20%, Precision: 0.61, Recall: 0.67, F1: 0.64, AUC: 0.65
Epoch [8/100] [TRAIN] Loss: 0.6278, Accuracy: 69.17%, AUC: 0.69 [VAL] Loss: 0.6419, Accuracy: 65.60%, Precision: 0.62, Recall: 0.68, F1: 0.65, AUC: 0.66
Epoch [9/100] [TRAIN] Loss: 0.6268, Accuracy: 69.06%, AUC: 0.69 [VAL] Loss: 0.6409, Accuracy: 65.80%, Precision: 0.62, Recall: 0.68, F1: 0.65, AUC: 0.66
Epoch [10/100] [TRAIN] Loss: 0.6275, Accuracy: 68.92%, AUC: 0.69 [VAL] Loss: 0.6401, Accuracy: 65.90%, Precision: 0.62, Recall: 0.68, F1: 0.65, AUC: 0.66
Epoch [11/100] [TRAIN] Loss: 0.6245, Accuracy: 68.83%, AUC: 0.69 [VAL] Loss: 0.6391, Accuracy: 65.70%, Precision: 0.62, Recall: 0.68, F1: 0.65, AUC: 0.66
Epoch [12/100] [TRAIN] Loss: 0.6225, Accuracy: 69.10%, AUC: 0.69 [VAL] Loss: 0.6381, Accuracy: 66.00%, Precision: 0.62, Recall: 0.68, F1: 0.65, AUC: 0.66
Epoch [13/100] [TRAIN] Loss: 0.6231, Accuracy: 68.71%, AUC: 0.69 [VAL] Loss: 0.6376, Accuracy: 66.10%, Precision: 0.62, Recall: 0.69, F1: 0.65, AUC: 0.66
Epoch [14/100] [TRAIN] Loss: 0.6212, Accuracy: 69.41%, AUC: 0.69 [VAL] Loss: 0.6371, Accuracy: 66.20%, Precision: 0.62, Recall: 0.69, F1: 0.65, AUC: 0.66
Epoch [15/100] [TRAIN] Loss: 0.6196, Accuracy: 68.88%, AUC: 0.69 [VAL] Loss: 0.6367, Accuracy: 66.30%, Precision: 0.63, Recall: 0.69, F1: 0.65, AUC: 0.66
Epoch [16/100] [TRAIN] Loss: 0.6210, Accuracy: 69.38%, AUC: 0.69 [VAL] Loss: 0.6367, Accuracy: 66.30%, Precision: 0.63, Recall: 0.69, F1: 0.65, AUC: 0.66
Epoch [17/100] [TRAIN] Loss: 0.6186, Accuracy: 69.41%, AUC: 0.69 [VAL] Loss: 0.6364, Accuracy: 66.40%, Precision: 0.63, Recall: 0.68, F1: 0.65, AUC: 0.67
Epoch [18/100] [TRAIN] Loss: 0.6169, Accuracy: 69.05%, AUC: 0.69 [VAL] Loss: 0.6356, Accuracy: 66.40%, Precision: 0.63, Recall: 0.68, F1: 0.65, AUC: 0.67
Epoch [19/100] [TRAIN] Loss: 0.6172, Accuracy: 69.11%, AUC: 0.69 [VAL] Loss: 0.6351, Accuracy: 66.40%, Precision: 0.63, Recall: 0.68, F1: 0.65, AUC: 0.67
Epoch [20/100] [TRAIN] Loss: 0.6177, Accuracy: 69.22%, AUC: 0.69 [VAL] Loss: 0.6350, Accuracy: 66.40%, Precision: 0.63, Recall: 0.68, F1: 0.65, AUC: 0.67
Epoch [21/100] [TRAIN] Loss: 0.6180, Accuracy: 69.08%, AUC: 0.69 [VAL] Loss: 0.6343, Accuracy: 66.30%, Precision: 0.63, Recall: 0.68, F1: 0.65, AUC: 0.66
Epoch [22/100] [TRAIN] Loss: 0.6176, Accuracy: 68.86%, AUC: 0.69 [VAL] Loss: 0.6335, Accuracy: 66.30%, Precision: 0.63, Recall: 0.68, F1: 0.65, AUC: 0.66
Epoch [23/100] [TRAIN] Loss: 0.6166, Accuracy: 69.26%, AUC: 0.69 [VAL] Loss: 0.6332, Accuracy: 66.30%, Precision: 0.63, Recall: 0.68, F1: 0.65, AUC: 0.66
Epoch [24/100] [TRAIN] Loss: 0.6125, Accuracy: 69.14%, AUC: 0.69 [VAL] Loss: 0.6325, Accuracy: 66.40%, Precision: 0.63, Recall: 0.69, F1: 0.66, AUC: 0.67
Epoch [25/100] [TRAIN] Loss: 0.6146, Accuracy: 69.10%, AUC: 0.69 [VAL] Loss: 0.6322, Accuracy: 66.30%, Precision: 0.63, Recall: 0.68, F1: 0.65, AUC: 0.66
Epoch [26/100] [TRAIN] Loss: 0.6103, Accuracy: 69.44%, AUC: 0.70 [VAL] Loss: 0.6319, Accuracy: 66.20%, Precision: 0.63, Recall: 0.68, F1: 0.65, AUC: 0.66
Epoch [27/100] [TRAIN] Loss: 0.6143, Accuracy: 69.12%, AUC: 0.69 [VAL] Loss: 0.6314, Accuracy: 66.20%, Precision: 0.63, Recall: 0.68, F1: 0.65, AUC: 0.66
Epoch [28/100] [TRAIN] Loss: 0.6132, Accuracy: 69.36%, AUC: 0.69 [VAL] Loss: 0.6312, Accuracy: 66.30%, Precision: 0.63, Recall: 0.68, F1: 0.65, AUC: 0.66
Epoch [29/100] [TRAIN] Loss: 0.6124, Accuracy: 69.29%, AUC: 0.69 [VAL] Loss: 0.6308, Accuracy: 66.40%, Precision: 0.63, Recall: 0.68, F1: 0.65, AUC: 0.67
Epoch [30/100] [TRAIN] Loss: 0.6112, Accuracy: 69.47%, AUC: 0.70 [VAL] Loss: 0.6304, Accuracy: 66.40%, Precision: 0.63, Recall: 0.68, F1: 0.65, AUC: 0.67
Epoch [31/100] [TRAIN] Loss: 0.6108, Accuracy: 69.25%, AUC: 0.69 [VAL] Loss: 0.6302, Accuracy: 66.50%, Precision: 0.63, Recall: 0.68, F1: 0.65, AUC: 0.67
Epoch [32/100] [TRAIN] Loss: 0.6116, Accuracy: 69.35%, AUC: 0.69 [VAL] Loss: 0.6297, Accuracy: 66.60%, Precision: 0.63, Recall: 0.68, F1: 0.66, AUC: 0.67
Epoch [33/100] [TRAIN] Loss: 0.6093, Accuracy: 69.90%, AUC: 0.70 [VAL] Loss: 0.6294, Accuracy: 66.60%, Precision: 0.63, Recall: 0.68, F1: 0.66, AUC: 0.67
Epoch [34/100] [TRAIN] Loss: 0.6078, Accuracy: 69.81%, AUC: 0.70 [VAL] Loss: 0.6291, Accuracy: 66.70%, Precision: 0.63, Recall: 0.69, F1: 0.66, AUC: 0.67
Epoch [35/100] [TRAIN] Loss: 0.6097, Accuracy: 68.69%, AUC: 0.69 [VAL] Loss: 0.6285, Accuracy: 66.80%, Precision: 0.63, Recall: 0.69, F1: 0.66, AUC: 0.67
Epoch [36/100] [TRAIN] Loss: 0.6075, Accuracy: 69.72%, AUC: 0.70 [VAL] Loss: 0.6285, Accuracy: 66.80%, Precision: 0.63, Recall: 0.69, F1: 0.66, AUC: 0.67
Epoch [37/100] [TRAIN] Loss: 0.6093, Accuracy: 69.08%, AUC: 0.69 [VAL] Loss: 0.6284, Accuracy: 67.00%, Precision: 0.63, Recall: 0.69, F1: 0.66, AUC: 0.67
Epoch [38/100] [TRAIN] Loss: 0.6078, Accuracy: 69.47%, AUC: 0.70 [VAL] Loss: 0.6281, Accuracy: 67.00%, Precision: 0.63, Recall: 0.69, F1: 0.66, AUC: 0.67
Epoch [39/100] [TRAIN] Loss: 0.6077, Accuracy: 69.54%, AUC: 0.70 [VAL] Loss: 0.6273, Accuracy: 66.80%, Precision: 0.63, Recall: 0.68, F1: 0.66, AUC: 0.67
Epoch [40/100] [TRAIN] Loss: 0.6060, Accuracy: 70.09%, AUC: 0.70 [VAL] Loss: 0.6270, Accuracy: 66.60%, Precision: 0.63, Recall: 0.68, F1: 0.65, AUC: 0.67
Epoch [41/100] [TRAIN] Loss: 0.6075, Accuracy: 69.45%, AUC: 0.70 [VAL] Loss: 0.6265, Accuracy: 66.70%, Precision: 0.63, Recall: 0.68, F1: 0.66, AUC: 0.67
Epoch [42/100] [TRAIN] Loss: 0.6095, Accuracy: 69.40%, AUC: 0.69 [VAL] Loss: 0.6263, Accuracy: 66.90%, Precision: 0.63, Recall: 0.69, F1: 0.66, AUC: 0.67
Epoch [43/100] [TRAIN] Loss: 0.6089, Accuracy: 69.67%, AUC: 0.70 [VAL] Loss: 0.6258, Accuracy: 67.10%, Precision: 0.64, Recall: 0.69, F1: 0.66, AUC: 0.67
Epoch [44/100] [TRAIN] Loss: 0.6071, Accuracy: 69.53%, AUC: 0.70 [VAL] Loss: 0.6257, Accuracy: 67.10%, Precision: 0.64, Recall: 0.69, F1: 0.66, AUC: 0.67
Epoch [45/100] [TRAIN] Loss: 0.6066, Accuracy: 69.28%, AUC: 0.69 [VAL] Loss: 0.6257, Accuracy: 67.10%, Precision: 0.64, Recall: 0.69, F1: 0.66, AUC: 0.67
Epoch [46/100] [TRAIN] Loss: 0.6037, Accuracy: 69.97%, AUC: 0.70 [VAL] Loss: 0.6250, Accuracy: 66.90%, Precision: 0.63, Recall: 0.69, F1: 0.66, AUC: 0.67
Epoch [47/100] [TRAIN] Loss: 0.6056, Accuracy: 69.11%, AUC: 0.69 [VAL] Loss: 0.6247, Accuracy: 66.90%, Precision: 0.63, Recall: 0.69, F1: 0.66, AUC: 0.67
Epoch [48/100] [TRAIN] Loss: 0.6032, Accuracy: 69.54%, AUC: 0.70 [VAL] Loss: 0.6248, Accuracy: 66.90%, Precision: 0.63, Recall: 0.69, F1: 0.66, AUC: 0.67
Epoch [49/100] [TRAIN] Loss: 0.6034, Accuracy: 69.69%, AUC: 0.70 [VAL] Loss: 0.6245, Accuracy: 66.90%, Precision: 0.63, Recall: 0.69, F1: 0.66, AUC: 0.67
Epoch [50/100] [TRAIN] Loss: 0.6030, Accuracy: 69.94%, AUC: 0.70 [VAL] Loss: 0.6241, Accuracy: 66.70%, Precision: 0.63, Recall: 0.69, F1: 0.66, AUC: 0.67
Epoch [51/100] [TRAIN] Loss: 0.6026, Accuracy: 70.17%, AUC: 0.70 [VAL] Loss: 0.6233, Accuracy: 67.00%, Precision: 0.63, Recall: 0.69, F1: 0.66, AUC: 0.67
Epoch [52/100] [TRAIN] Loss: 0.6025, Accuracy: 69.78%, AUC: 0.70 [VAL] Loss: 0.6231, Accuracy: 66.80%, Precision: 0.63, Recall: 0.69, F1: 0.66, AUC: 0.67
Epoch [53/100] [TRAIN] Loss: 0.6043, Accuracy: 69.11%, AUC: 0.69 [VAL] Loss: 0.6228, Accuracy: 67.10%, Precision: 0.63, Recall: 0.69, F1: 0.66, AUC: 0.67
Epoch [54/100] [TRAIN] Loss: 0.6034, Accuracy: 69.69%, AUC: 0.70 [VAL] Loss: 0.6224, Accuracy: 67.10%, Precision: 0.63, Recall: 0.69, F1: 0.66, AUC: 0.67
Epoch [55/100] [TRAIN] Loss: 0.6018, Accuracy: 69.95%, AUC: 0.70 [VAL] Loss: 0.6220, Accuracy: 67.00%, Precision: 0.63, Recall: 0.69, F1: 0.66, AUC: 0.67
Epoch [56/100] [TRAIN] Loss: 0.6025, Accuracy: 69.74%, AUC: 0.70 [VAL] Loss: 0.6216, Accuracy: 67.20%, Precision: 0.64, Recall: 0.69, F1: 0.66, AUC: 0.67
Epoch [57/100] [TRAIN] Loss: 0.6016, Accuracy: 69.41%, AUC: 0.70 [VAL] Loss: 0.6212, Accuracy: 67.00%, Precision: 0.63, Recall: 0.69, F1: 0.66, AUC: 0.67
Epoch [58/100] [TRAIN] Loss: 0.6002, Accuracy: 69.60%, AUC: 0.70 [VAL] Loss: 0.6209, Accuracy: 67.00%, Precision: 0.63, Recall: 0.69, F1: 0.66, AUC: 0.67
Epoch [59/100] [TRAIN] Loss: 0.6009, Accuracy: 69.41%, AUC: 0.70 [VAL] Loss: 0.6207, Accuracy: 67.00%, Precision: 0.63, Recall: 0.69, F1: 0.66, AUC: 0.67
Epoch [60/100] [TRAIN] Loss: 0.6005, Accuracy: 69.79%, AUC: 0.70 [VAL] Loss: 0.6204, Accuracy: 67.10%, Precision: 0.63, Recall: 0.69, F1: 0.66, AUC: 0.67
Epoch [61/100] [TRAIN] Loss: 0.5991, Accuracy: 70.03%, AUC: 0.70 [VAL] Loss: 0.6200, Accuracy: 67.00%, Precision: 0.63, Recall: 0.69, F1: 0.66, AUC: 0.67
Epoch [62/100] [TRAIN] Loss: 0.5992, Accuracy: 69.69%, AUC: 0.70 [VAL] Loss: 0.6198, Accuracy: 66.90%, Precision: 0.63, Recall: 0.69, F1: 0.66, AUC: 0.67
Epoch [63/100] [TRAIN] Loss: 0.5974, Accuracy: 69.89%, AUC: 0.70 [VAL] Loss: 0.6191, Accuracy: 66.80%, Precision: 0.63, Recall: 0.69, F1: 0.66, AUC: 0.67
Epoch [64/100] [TRAIN] Loss: 0.6005, Accuracy: 69.66%, AUC: 0.70 [VAL] Loss: 0.6191, Accuracy: 66.80%, Precision: 0.63, Recall: 0.69, F1: 0.66, AUC: 0.67
Epoch [65/100] [TRAIN] Loss: 0.5985, Accuracy: 70.16%, AUC: 0.70 [VAL] Loss: 0.6188, Accuracy: 66.70%, Precision: 0.63, Recall: 0.69, F1: 0.66, AUC: 0.67
Epoch [66/100] [TRAIN] Loss: 0.5983, Accuracy: 69.62%, AUC: 0.70 [VAL] Loss: 0.6186, Accuracy: 66.90%, Precision: 0.63, Recall: 0.69, F1: 0.66, AUC: 0.67
Epoch [67/100] [TRAIN] Loss: 0.5984, Accuracy: 69.75%, AUC: 0.70 [VAL] Loss: 0.6180, Accuracy: 66.70%, Precision: 0.63, Recall: 0.69, F1: 0.66, AUC: 0.67
Epoch [68/100] [TRAIN] Loss: 0.5978, Accuracy: 70.09%, AUC: 0.70 [VAL] Loss: 0.6177, Accuracy: 66.80%, Precision: 0.63, Recall: 0.69, F1: 0.66, AUC: 0.67
Epoch [69/100] [TRAIN] Loss: 0.5966, Accuracy: 69.99%, AUC: 0.70 [VAL] Loss: 0.6174, Accuracy: 66.70%, Precision: 0.63, Recall: 0.69, F1: 0.66, AUC: 0.67
Epoch [70/100] [TRAIN] Loss: 0.5970, Accuracy: 69.85%, AUC: 0.70 [VAL] Loss: 0.6169, Accuracy: 66.80%, Precision: 0.63, Recall: 0.69, F1: 0.66, AUC: 0.67
Epoch [71/100] [TRAIN] Loss: 0.5958, Accuracy: 70.06%, AUC: 0.70 [VAL] Loss: 0.6167, Accuracy: 66.70%, Precision: 0.63, Recall: 0.69, F1: 0.66, AUC: 0.67
Epoch [72/100] [TRAIN] Loss: 0.5966, Accuracy: 69.89%, AUC: 0.70 [VAL] Loss: 0.6163, Accuracy: 66.60%, Precision: 0.63, Recall: 0.69, F1: 0.66, AUC: 0.67
Epoch [73/100] [TRAIN] Loss: 0.5940, Accuracy: 70.15%, AUC: 0.70 [VAL] Loss: 0.6162, Accuracy: 66.80%, Precision: 0.63, Recall: 0.69, F1: 0.66, AUC: 0.67
Epoch [74/100] [TRAIN] Loss: 0.5943, Accuracy: 69.95%, AUC: 0.70 [VAL] Loss: 0.6159, Accuracy: 66.80%, Precision: 0.63, Recall: 0.69, F1: 0.66, AUC: 0.67
Epoch [75/100] [TRAIN] Loss: 0.5927, Accuracy: 69.88%, AUC: 0.70 [VAL] Loss: 0.6158, Accuracy: 66.90%, Precision: 0.63, Recall: 0.69, F1: 0.66, AUC: 0.67
Epoch [76/100] [TRAIN] Loss: 0.5947, Accuracy: 69.74%, AUC: 0.70 [VAL] Loss: 0.6158, Accuracy: 66.70%, Precision: 0.63, Recall: 0.69, F1: 0.66, AUC: 0.67
Epoch [77/100] [TRAIN] Loss: 0.5942, Accuracy: 70.03%, AUC: 0.70 [VAL] Loss: 0.6158, Accuracy: 66.80%, Precision: 0.63, Recall: 0.69, F1: 0.66, AUC: 0.67
Epoch [78/100] [TRAIN] Loss: 0.5933, Accuracy: 69.70%, AUC: 0.70 [VAL] Loss: 0.6155, Accuracy: 66.90%, Precision: 0.63, Recall: 0.69, F1: 0.66, AUC: 0.67
Epoch [79/100] [TRAIN] Loss: 0.5927, Accuracy: 69.91%, AUC: 0.70 [VAL] Loss: 0.6152, Accuracy: 66.80%, Precision: 0.63, Recall: 0.69, F1: 0.66, AUC: 0.67
Epoch [80/100] [TRAIN] Loss: 0.5921, Accuracy: 69.95%, AUC: 0.70 [VAL] Loss: 0.6146, Accuracy: 66.70%, Precision: 0.63, Recall: 0.69, F1: 0.66, AUC: 0.67
Epoch [81/100] [TRAIN] Loss: 0.5918, Accuracy: 70.49%, AUC: 0.71 [VAL] Loss: 0.6143, Accuracy: 66.70%, Precision: 0.63, Recall: 0.69, F1: 0.66, AUC: 0.67
Epoch [82/100] [TRAIN] Loss: 0.5909, Accuracy: 70.33%, AUC: 0.70 [VAL] Loss: 0.6140, Accuracy: 66.90%, Precision: 0.63, Recall: 0.68, F1: 0.66, AUC: 0.67
Epoch [83/100] [TRAIN] Loss: 0.5933, Accuracy: 70.11%, AUC: 0.70 [VAL] Loss: 0.6137, Accuracy: 66.70%, Precision: 0.63, Recall: 0.69, F1: 0.66, AUC: 0.67
Epoch [84/100] [TRAIN] Loss: 0.5893, Accuracy: 70.19%, AUC: 0.70 [VAL] Loss: 0.6134, Accuracy: 67.10%, Precision: 0.63, Recall: 0.69, F1: 0.66, AUC: 0.67
Epoch [85/100] [TRAIN] Loss: 0.5904, Accuracy: 70.36%, AUC: 0.70 [VAL] Loss: 0.6131, Accuracy: 66.60%, Precision: 0.63, Recall: 0.69, F1: 0.66, AUC: 0.67
Epoch [86/100] [TRAIN] Loss: 0.5932, Accuracy: 70.12%, AUC: 0.70 [VAL] Loss: 0.6127, Accuracy: 66.80%, Precision: 0.63, Recall: 0.69, F1: 0.66, AUC: 0.67
Epoch [87/100] [TRAIN] Loss: 0.5906, Accuracy: 70.22%, AUC: 0.70 [VAL] Loss: 0.6129, Accuracy: 66.70%, Precision: 0.63, Recall: 0.69, F1: 0.66, AUC: 0.67
Epoch [88/100] [TRAIN] Loss: 0.5894, Accuracy: 69.97%, AUC: 0.70 [VAL] Loss: 0.6127, Accuracy: 66.60%, Precision: 0.63, Recall: 0.69, F1: 0.66, AUC: 0.67
Epoch [89/100] [TRAIN] Loss: 0.5902, Accuracy: 70.15%, AUC: 0.70 [VAL] Loss: 0.6118, Accuracy: 66.80%, Precision: 0.63, Recall: 0.69, F1: 0.66, AUC: 0.67
Epoch [90/100] [TRAIN] Loss: 0.5894, Accuracy: 70.50%, AUC: 0.71 [VAL] Loss: 0.6118, Accuracy: 66.60%, Precision: 0.63, Recall: 0.68, F1: 0.66, AUC: 0.67
Epoch [91/100] [TRAIN] Loss: 0.5893, Accuracy: 70.29%, AUC: 0.70 [VAL] Loss: 0.6120, Accuracy: 66.50%, Precision: 0.63, Recall: 0.68, F1: 0.65, AUC: 0.67
Epoch [92/100] [TRAIN] Loss: 0.5874, Accuracy: 70.36%, AUC: 0.70 [VAL] Loss: 0.6118, Accuracy: 66.60%, Precision: 0.63, Recall: 0.68, F1: 0.66, AUC: 0.67
Epoch [93/100] [TRAIN] Loss: 0.5896, Accuracy: 70.03%, AUC: 0.70 [VAL] Loss: 0.6115, Accuracy: 66.90%, Precision: 0.63, Recall: 0.69, F1: 0.66, AUC: 0.67
Epoch [94/100] [TRAIN] Loss: 0.5902, Accuracy: 70.11%, AUC: 0.70 [VAL] Loss: 0.6115, Accuracy: 66.80%, Precision: 0.63, Recall: 0.68, F1: 0.66, AUC: 0.67
Epoch [95/100] [TRAIN] Loss: 0.5888, Accuracy: 70.40%, AUC: 0.70 [VAL] Loss: 0.6115, Accuracy: 66.90%, Precision: 0.63, Recall: 0.69, F1: 0.66, AUC: 0.67
Epoch [96/100] [TRAIN] Loss: 0.5882, Accuracy: 70.42%, AUC: 0.70 [VAL] Loss: 0.6110, Accuracy: 66.90%, Precision: 0.63, Recall: 0.69, F1: 0.66, AUC: 0.67
Epoch [97/100] [TRAIN] Loss: 0.5892, Accuracy: 70.05%, AUC: 0.70 [VAL] Loss: 0.6105, Accuracy: 66.80%, Precision: 0.63, Recall: 0.68, F1: 0.66, AUC: 0.67
Epoch [98/100] [TRAIN] Loss: 0.5896, Accuracy: 70.00%, AUC: 0.70 [VAL] Loss: 0.6101, Accuracy: 66.80%, Precision: 0.63, Recall: 0.69, F1: 0.66, AUC: 0.67
Epoch [99/100] [TRAIN] Loss: 0.5869, Accuracy: 70.39%, AUC: 0.70 [VAL] Loss: 0.6099, Accuracy: 66.80%, Precision: 0.63, Recall: 0.69, F1: 0.66, AUC: 0.67
Epoch [100/100] [TRAIN] Loss: 0.5873, Accuracy: 70.29%, AUC: 0.70 [VAL] Loss: 0.6095, Accuracy: 66.90%, Precision: 0.63, Recall: 0.69, F1: 0.66, AUC: 0.67
  Antisymmetry score:      0.9760
  Total violations:        24 / 1000
  Pairs near boundary:     338 (33.8%)
  Avg |prob-0.5| at violation: 0.0000  (near 0 = boundary issue, larger = real failure)
Seed: 789
Accuracy:  69.70 %
AUC:       0.6985
Precision: 0.6660
Recall:    0.7317
F1-Score:  0.6973

Antisymmetry score:  0.9760  (1.0 = perfect, ~0.5 = random)

Detailed Classification Report:
              precision    recall  f1-score   support

           0       0.73      0.67      0.70       523
           1       0.67      0.73      0.70       477

    accuracy                           0.70      1000
   macro avg       0.70      0.70      0.70      1000
weighted avg       0.70      0.70      0.70      1000


Confusion Matrix:
[[348 175]
 [128 349]]


030-H3K4me3-H3K9ac-H3K9me3-H3K27ac-H3K27me3
Train label distribution:
  Label 0:   4257 (53.2%)
  Label 1:   3743 (46.8%)
Val label distribution:
  Label 0:    535 (53.5%)
  Label 1:    465 (46.5%)
Test label distribution:
  Label 0:    523 (52.3%)
  Label 1:    477 (47.7%)
Epoch [1/100] [TRAIN] Loss: 0.6731, Accuracy: 65.30%, AUC: 0.65 [VAL] Loss: 0.6491, Accuracy: 67.00%, Precision: 0.63, Recall: 0.71, F1: 0.67, AUC: 0.67
Epoch [2/100] [TRAIN] Loss: 0.6605, Accuracy: 66.89%, AUC: 0.67 [VAL] Loss: 0.6457, Accuracy: 66.90%, Precision: 0.63, Recall: 0.70, F1: 0.66, AUC: 0.67
Epoch [3/100] [TRAIN] Loss: 0.6451, Accuracy: 68.04%, AUC: 0.68 [VAL] Loss: 0.6433, Accuracy: 67.00%, Precision: 0.63, Recall: 0.69, F1: 0.66, AUC: 0.67
Epoch [4/100] [TRAIN] Loss: 0.6399, Accuracy: 68.64%, AUC: 0.69 [VAL] Loss: 0.6411, Accuracy: 66.70%, Precision: 0.63, Recall: 0.69, F1: 0.66, AUC: 0.67
Epoch [5/100] [TRAIN] Loss: 0.6366, Accuracy: 68.50%, AUC: 0.69 [VAL] Loss: 0.6401, Accuracy: 66.50%, Precision: 0.63, Recall: 0.69, F1: 0.66, AUC: 0.67
Epoch [6/100] [TRAIN] Loss: 0.6278, Accuracy: 69.29%, AUC: 0.69 [VAL] Loss: 0.6390, Accuracy: 66.50%, Precision: 0.63, Recall: 0.69, F1: 0.66, AUC: 0.67
Epoch [7/100] [TRAIN] Loss: 0.6239, Accuracy: 69.49%, AUC: 0.70 [VAL] Loss: 0.6378, Accuracy: 66.80%, Precision: 0.63, Recall: 0.69, F1: 0.66, AUC: 0.67
Epoch [8/100] [TRAIN] Loss: 0.6264, Accuracy: 68.49%, AUC: 0.69 [VAL] Loss: 0.6369, Accuracy: 67.10%, Precision: 0.63, Recall: 0.70, F1: 0.66, AUC: 0.67
Epoch [9/100] [TRAIN] Loss: 0.6201, Accuracy: 69.28%, AUC: 0.69 [VAL] Loss: 0.6358, Accuracy: 66.90%, Precision: 0.63, Recall: 0.69, F1: 0.66, AUC: 0.67
Epoch [10/100] [TRAIN] Loss: 0.6228, Accuracy: 69.31%, AUC: 0.69 [VAL] Loss: 0.6348, Accuracy: 66.80%, Precision: 0.63, Recall: 0.69, F1: 0.66, AUC: 0.67
Epoch [11/100] [TRAIN] Loss: 0.6204, Accuracy: 69.28%, AUC: 0.69 [VAL] Loss: 0.6343, Accuracy: 66.60%, Precision: 0.63, Recall: 0.69, F1: 0.66, AUC: 0.67
Epoch [12/100] [TRAIN] Loss: 0.6184, Accuracy: 69.70%, AUC: 0.70 [VAL] Loss: 0.6331, Accuracy: 67.10%, Precision: 0.63, Recall: 0.70, F1: 0.66, AUC: 0.67
Epoch [13/100] [TRAIN] Loss: 0.6188, Accuracy: 69.12%, AUC: 0.69 [VAL] Loss: 0.6322, Accuracy: 67.10%, Precision: 0.63, Recall: 0.69, F1: 0.66, AUC: 0.67
Epoch [14/100] [TRAIN] Loss: 0.6172, Accuracy: 69.50%, AUC: 0.70 [VAL] Loss: 0.6318, Accuracy: 66.90%, Precision: 0.63, Recall: 0.69, F1: 0.66, AUC: 0.67
Epoch [15/100] [TRAIN] Loss: 0.6178, Accuracy: 69.49%, AUC: 0.70 [VAL] Loss: 0.6319, Accuracy: 66.80%, Precision: 0.63, Recall: 0.69, F1: 0.66, AUC: 0.67
Epoch [16/100] [TRAIN] Loss: 0.6184, Accuracy: 68.84%, AUC: 0.69 [VAL] Loss: 0.6314, Accuracy: 66.90%, Precision: 0.63, Recall: 0.69, F1: 0.66, AUC: 0.67
Epoch [17/100] [TRAIN] Loss: 0.6127, Accuracy: 69.59%, AUC: 0.70 [VAL] Loss: 0.6303, Accuracy: 66.80%, Precision: 0.63, Recall: 0.69, F1: 0.66, AUC: 0.67
Epoch [18/100] [TRAIN] Loss: 0.6163, Accuracy: 69.39%, AUC: 0.69 [VAL] Loss: 0.6296, Accuracy: 67.00%, Precision: 0.63, Recall: 0.69, F1: 0.66, AUC: 0.67
Epoch [19/100] [TRAIN] Loss: 0.6160, Accuracy: 69.41%, AUC: 0.69 [VAL] Loss: 0.6301, Accuracy: 66.90%, Precision: 0.63, Recall: 0.69, F1: 0.66, AUC: 0.67
Epoch [20/100] [TRAIN] Loss: 0.6103, Accuracy: 69.53%, AUC: 0.70 [VAL] Loss: 0.6296, Accuracy: 67.20%, Precision: 0.64, Recall: 0.69, F1: 0.66, AUC: 0.67
Epoch [21/100] [TRAIN] Loss: 0.6158, Accuracy: 68.80%, AUC: 0.69 [VAL] Loss: 0.6284, Accuracy: 67.40%, Precision: 0.64, Recall: 0.70, F1: 0.67, AUC: 0.68
Epoch [22/100] [TRAIN] Loss: 0.6118, Accuracy: 69.56%, AUC: 0.70 [VAL] Loss: 0.6283, Accuracy: 67.20%, Precision: 0.64, Recall: 0.69, F1: 0.66, AUC: 0.67
Epoch [23/100] [TRAIN] Loss: 0.6102, Accuracy: 69.85%, AUC: 0.70 [VAL] Loss: 0.6288, Accuracy: 67.20%, Precision: 0.64, Recall: 0.69, F1: 0.66, AUC: 0.67
Epoch [24/100] [TRAIN] Loss: 0.6110, Accuracy: 70.11%, AUC: 0.70 [VAL] Loss: 0.6282, Accuracy: 67.10%, Precision: 0.63, Recall: 0.69, F1: 0.66, AUC: 0.67
Epoch [25/100] [TRAIN] Loss: 0.6078, Accuracy: 69.53%, AUC: 0.70 [VAL] Loss: 0.6271, Accuracy: 67.30%, Precision: 0.64, Recall: 0.69, F1: 0.66, AUC: 0.67
Epoch [26/100] [TRAIN] Loss: 0.6078, Accuracy: 70.08%, AUC: 0.70 [VAL] Loss: 0.6268, Accuracy: 67.30%, Precision: 0.64, Recall: 0.70, F1: 0.66, AUC: 0.67
Epoch [27/100] [TRAIN] Loss: 0.6080, Accuracy: 69.39%, AUC: 0.69 [VAL] Loss: 0.6270, Accuracy: 67.50%, Precision: 0.64, Recall: 0.69, F1: 0.67, AUC: 0.68
Epoch [28/100] [TRAIN] Loss: 0.6066, Accuracy: 69.94%, AUC: 0.70 [VAL] Loss: 0.6268, Accuracy: 67.20%, Precision: 0.64, Recall: 0.69, F1: 0.66, AUC: 0.67
Epoch [29/100] [TRAIN] Loss: 0.6106, Accuracy: 69.12%, AUC: 0.69 [VAL] Loss: 0.6266, Accuracy: 67.20%, Precision: 0.64, Recall: 0.69, F1: 0.66, AUC: 0.67
Epoch [30/100] [TRAIN] Loss: 0.6095, Accuracy: 69.54%, AUC: 0.70 [VAL] Loss: 0.6256, Accuracy: 67.30%, Precision: 0.64, Recall: 0.69, F1: 0.66, AUC: 0.67
Epoch [31/100] [TRAIN] Loss: 0.6084, Accuracy: 69.53%, AUC: 0.70 [VAL] Loss: 0.6257, Accuracy: 67.30%, Precision: 0.64, Recall: 0.69, F1: 0.66, AUC: 0.67
Epoch [32/100] [TRAIN] Loss: 0.6030, Accuracy: 70.40%, AUC: 0.70 [VAL] Loss: 0.6258, Accuracy: 67.40%, Precision: 0.64, Recall: 0.69, F1: 0.66, AUC: 0.68
Epoch [33/100] [TRAIN] Loss: 0.6051, Accuracy: 69.74%, AUC: 0.70 [VAL] Loss: 0.6258, Accuracy: 67.10%, Precision: 0.63, Recall: 0.69, F1: 0.66, AUC: 0.67
Epoch [34/100] [TRAIN] Loss: 0.6069, Accuracy: 69.06%, AUC: 0.69 [VAL] Loss: 0.6255, Accuracy: 67.20%, Precision: 0.64, Recall: 0.69, F1: 0.66, AUC: 0.67
Epoch [35/100] [TRAIN] Loss: 0.6051, Accuracy: 69.75%, AUC: 0.70 [VAL] Loss: 0.6262, Accuracy: 66.90%, Precision: 0.63, Recall: 0.69, F1: 0.66, AUC: 0.67
Epoch [36/100] [TRAIN] Loss: 0.6036, Accuracy: 70.09%, AUC: 0.70 [VAL] Loss: 0.6246, Accuracy: 67.30%, Precision: 0.64, Recall: 0.69, F1: 0.66, AUC: 0.67
Epoch [37/100] [TRAIN] Loss: 0.6037, Accuracy: 69.54%, AUC: 0.70 [VAL] Loss: 0.6242, Accuracy: 67.20%, Precision: 0.64, Recall: 0.69, F1: 0.66, AUC: 0.67
Epoch [38/100] [TRAIN] Loss: 0.6049, Accuracy: 69.62%, AUC: 0.70 [VAL] Loss: 0.6242, Accuracy: 67.10%, Precision: 0.63, Recall: 0.69, F1: 0.66, AUC: 0.67
Epoch [39/100] [TRAIN] Loss: 0.6056, Accuracy: 69.40%, AUC: 0.69 [VAL] Loss: 0.6249, Accuracy: 66.90%, Precision: 0.63, Recall: 0.69, F1: 0.66, AUC: 0.67
Epoch [40/100] [TRAIN] Loss: 0.6026, Accuracy: 69.65%, AUC: 0.70 [VAL] Loss: 0.6243, Accuracy: 67.00%, Precision: 0.63, Recall: 0.69, F1: 0.66, AUC: 0.67
Epoch [41/100] [TRAIN] Loss: 0.6061, Accuracy: 69.62%, AUC: 0.70 [VAL] Loss: 0.6243, Accuracy: 67.40%, Precision: 0.64, Recall: 0.69, F1: 0.66, AUC: 0.68
Epoch [42/100] [TRAIN] Loss: 0.6027, Accuracy: 69.71%, AUC: 0.70 [VAL] Loss: 0.6241, Accuracy: 67.50%, Precision: 0.64, Recall: 0.70, F1: 0.67, AUC: 0.68
Epoch [43/100] [TRAIN] Loss: 0.6045, Accuracy: 70.12%, AUC: 0.70 [VAL] Loss: 0.6238, Accuracy: 67.40%, Precision: 0.64, Recall: 0.70, F1: 0.67, AUC: 0.68
Epoch [44/100] [TRAIN] Loss: 0.6032, Accuracy: 70.22%, AUC: 0.70 [VAL] Loss: 0.6235, Accuracy: 67.60%, Precision: 0.64, Recall: 0.70, F1: 0.67, AUC: 0.68
Epoch [45/100] [TRAIN] Loss: 0.6034, Accuracy: 69.94%, AUC: 0.70 [VAL] Loss: 0.6237, Accuracy: 67.50%, Precision: 0.64, Recall: 0.69, F1: 0.67, AUC: 0.68
Epoch [46/100] [TRAIN] Loss: 0.6010, Accuracy: 70.05%, AUC: 0.70 [VAL] Loss: 0.6233, Accuracy: 67.70%, Precision: 0.64, Recall: 0.70, F1: 0.67, AUC: 0.68
Epoch [47/100] [TRAIN] Loss: 0.6012, Accuracy: 70.00%, AUC: 0.70 [VAL] Loss: 0.6228, Accuracy: 67.70%, Precision: 0.64, Recall: 0.69, F1: 0.67, AUC: 0.68
Epoch [48/100] [TRAIN] Loss: 0.6014, Accuracy: 70.01%, AUC: 0.70 [VAL] Loss: 0.6240, Accuracy: 67.60%, Precision: 0.64, Recall: 0.69, F1: 0.67, AUC: 0.68
Epoch [49/100] [TRAIN] Loss: 0.6005, Accuracy: 69.66%, AUC: 0.70 [VAL] Loss: 0.6227, Accuracy: 67.50%, Precision: 0.64, Recall: 0.69, F1: 0.67, AUC: 0.68
Epoch [50/100] [TRAIN] Loss: 0.6028, Accuracy: 69.97%, AUC: 0.70 [VAL] Loss: 0.6223, Accuracy: 67.50%, Precision: 0.64, Recall: 0.69, F1: 0.66, AUC: 0.68
Epoch [51/100] [TRAIN] Loss: 0.6005, Accuracy: 69.97%, AUC: 0.70 [VAL] Loss: 0.6226, Accuracy: 67.60%, Precision: 0.64, Recall: 0.69, F1: 0.67, AUC: 0.68
Epoch [52/100] [TRAIN] Loss: 0.6006, Accuracy: 69.69%, AUC: 0.70 [VAL] Loss: 0.6222, Accuracy: 67.70%, Precision: 0.64, Recall: 0.69, F1: 0.67, AUC: 0.68
Epoch [53/100] [TRAIN] Loss: 0.6002, Accuracy: 70.15%, AUC: 0.70 [VAL] Loss: 0.6221, Accuracy: 67.50%, Precision: 0.64, Recall: 0.69, F1: 0.67, AUC: 0.68
Epoch [54/100] [TRAIN] Loss: 0.5981, Accuracy: 70.58%, AUC: 0.71 [VAL] Loss: 0.6215, Accuracy: 67.40%, Precision: 0.64, Recall: 0.69, F1: 0.66, AUC: 0.68
Epoch [55/100] [TRAIN] Loss: 0.5974, Accuracy: 69.85%, AUC: 0.70 [VAL] Loss: 0.6218, Accuracy: 67.60%, Precision: 0.64, Recall: 0.70, F1: 0.67, AUC: 0.68
Epoch [56/100] [TRAIN] Loss: 0.6000, Accuracy: 70.20%, AUC: 0.70 [VAL] Loss: 0.6212, Accuracy: 67.50%, Precision: 0.64, Recall: 0.69, F1: 0.66, AUC: 0.68
Epoch [57/100] [TRAIN] Loss: 0.5993, Accuracy: 70.49%, AUC: 0.71 [VAL] Loss: 0.6212, Accuracy: 67.40%, Precision: 0.64, Recall: 0.69, F1: 0.66, AUC: 0.68
Epoch [58/100] [TRAIN] Loss: 0.5949, Accuracy: 70.44%, AUC: 0.70 [VAL] Loss: 0.6213, Accuracy: 67.50%, Precision: 0.64, Recall: 0.69, F1: 0.67, AUC: 0.68
Epoch [59/100] [TRAIN] Loss: 0.5967, Accuracy: 70.60%, AUC: 0.71 [VAL] Loss: 0.6210, Accuracy: 67.20%, Precision: 0.64, Recall: 0.69, F1: 0.66, AUC: 0.67
Epoch [60/100] [TRAIN] Loss: 0.5976, Accuracy: 70.10%, AUC: 0.70 [VAL] Loss: 0.6214, Accuracy: 67.50%, Precision: 0.64, Recall: 0.69, F1: 0.66, AUC: 0.68
Epoch [61/100] [TRAIN] Loss: 0.5950, Accuracy: 70.03%, AUC: 0.70 [VAL] Loss: 0.6204, Accuracy: 67.60%, Precision: 0.64, Recall: 0.69, F1: 0.67, AUC: 0.68
Epoch [62/100] [TRAIN] Loss: 0.5958, Accuracy: 70.62%, AUC: 0.71 [VAL] Loss: 0.6201, Accuracy: 67.50%, Precision: 0.64, Recall: 0.69, F1: 0.66, AUC: 0.68
Epoch [63/100] [TRAIN] Loss: 0.5928, Accuracy: 70.26%, AUC: 0.70 [VAL] Loss: 0.6203, Accuracy: 67.40%, Precision: 0.64, Recall: 0.69, F1: 0.66, AUC: 0.68
Epoch [64/100] [TRAIN] Loss: 0.5957, Accuracy: 70.05%, AUC: 0.70 [VAL] Loss: 0.6195, Accuracy: 67.60%, Precision: 0.64, Recall: 0.69, F1: 0.67, AUC: 0.68
Epoch [65/100] [TRAIN] Loss: 0.5963, Accuracy: 70.54%, AUC: 0.71 [VAL] Loss: 0.6196, Accuracy: 67.60%, Precision: 0.64, Recall: 0.69, F1: 0.67, AUC: 0.68
Epoch [66/100] [TRAIN] Loss: 0.5948, Accuracy: 70.17%, AUC: 0.70 [VAL] Loss: 0.6197, Accuracy: 67.60%, Precision: 0.64, Recall: 0.69, F1: 0.67, AUC: 0.68
Epoch [67/100] [TRAIN] Loss: 0.5941, Accuracy: 70.34%, AUC: 0.70 [VAL] Loss: 0.6196, Accuracy: 67.40%, Precision: 0.64, Recall: 0.69, F1: 0.66, AUC: 0.68
Epoch [68/100] [TRAIN] Loss: 0.5940, Accuracy: 70.38%, AUC: 0.70 [VAL] Loss: 0.6199, Accuracy: 67.50%, Precision: 0.64, Recall: 0.69, F1: 0.66, AUC: 0.68
Epoch [69/100] [TRAIN] Loss: 0.5947, Accuracy: 70.86%, AUC: 0.71 [VAL] Loss: 0.6197, Accuracy: 67.20%, Precision: 0.64, Recall: 0.69, F1: 0.66, AUC: 0.67
Epoch [70/100] [TRAIN] Loss: 0.5928, Accuracy: 70.67%, AUC: 0.71 [VAL] Loss: 0.6194, Accuracy: 67.60%, Precision: 0.64, Recall: 0.69, F1: 0.67, AUC: 0.68
Epoch [71/100] [TRAIN] Loss: 0.5933, Accuracy: 70.55%, AUC: 0.71 [VAL] Loss: 0.6186, Accuracy: 67.90%, Precision: 0.64, Recall: 0.70, F1: 0.67, AUC: 0.68
Epoch [72/100] [TRAIN] Loss: 0.5917, Accuracy: 70.67%, AUC: 0.71 [VAL] Loss: 0.6183, Accuracy: 67.70%, Precision: 0.64, Recall: 0.69, F1: 0.67, AUC: 0.68
Epoch [73/100] [TRAIN] Loss: 0.5937, Accuracy: 71.00%, AUC: 0.71 [VAL] Loss: 0.6179, Accuracy: 67.40%, Precision: 0.64, Recall: 0.69, F1: 0.66, AUC: 0.68
Epoch [74/100] [TRAIN] Loss: 0.5938, Accuracy: 70.22%, AUC: 0.70 [VAL] Loss: 0.6182, Accuracy: 67.50%, Precision: 0.64, Recall: 0.69, F1: 0.66, AUC: 0.68
Epoch [75/100] [TRAIN] Loss: 0.5949, Accuracy: 70.38%, AUC: 0.70 [VAL] Loss: 0.6181, Accuracy: 67.40%, Precision: 0.64, Recall: 0.69, F1: 0.66, AUC: 0.68
Epoch [76/100] [TRAIN] Loss: 0.5926, Accuracy: 70.35%, AUC: 0.70 [VAL] Loss: 0.6179, Accuracy: 67.60%, Precision: 0.64, Recall: 0.70, F1: 0.67, AUC: 0.68
Epoch [77/100] [TRAIN] Loss: 0.5917, Accuracy: 70.49%, AUC: 0.71 [VAL] Loss: 0.6174, Accuracy: 67.50%, Precision: 0.64, Recall: 0.70, F1: 0.67, AUC: 0.68
Epoch [78/100] [TRAIN] Loss: 0.5901, Accuracy: 70.59%, AUC: 0.71 [VAL] Loss: 0.6180, Accuracy: 67.30%, Precision: 0.64, Recall: 0.69, F1: 0.66, AUC: 0.67
Epoch [79/100] [TRAIN] Loss: 0.5927, Accuracy: 70.80%, AUC: 0.71 [VAL] Loss: 0.6173, Accuracy: 67.30%, Precision: 0.64, Recall: 0.69, F1: 0.66, AUC: 0.67
Epoch [80/100] [TRAIN] Loss: 0.5929, Accuracy: 70.64%, AUC: 0.71 [VAL] Loss: 0.6178, Accuracy: 67.70%, Precision: 0.64, Recall: 0.70, F1: 0.67, AUC: 0.68
Epoch [81/100] [TRAIN] Loss: 0.5907, Accuracy: 70.54%, AUC: 0.71 [VAL] Loss: 0.6175, Accuracy: 67.50%, Precision: 0.64, Recall: 0.70, F1: 0.67, AUC: 0.68
Epoch [82/100] [TRAIN] Loss: 0.5905, Accuracy: 70.64%, AUC: 0.71 [VAL] Loss: 0.6170, Accuracy: 67.40%, Precision: 0.64, Recall: 0.70, F1: 0.67, AUC: 0.68
Epoch [83/100] [TRAIN] Loss: 0.5906, Accuracy: 70.66%, AUC: 0.71 [VAL] Loss: 0.6168, Accuracy: 67.50%, Precision: 0.64, Recall: 0.70, F1: 0.67, AUC: 0.68
Epoch [84/100] [TRAIN] Loss: 0.5912, Accuracy: 70.91%, AUC: 0.71 [VAL] Loss: 0.6167, Accuracy: 67.90%, Precision: 0.64, Recall: 0.70, F1: 0.67, AUC: 0.68
Epoch [85/100] [TRAIN] Loss: 0.5886, Accuracy: 70.41%, AUC: 0.70 [VAL] Loss: 0.6163, Accuracy: 67.70%, Precision: 0.64, Recall: 0.70, F1: 0.67, AUC: 0.68
Epoch [86/100] [TRAIN] Loss: 0.5891, Accuracy: 70.59%, AUC: 0.71 [VAL] Loss: 0.6166, Accuracy: 67.40%, Precision: 0.64, Recall: 0.70, F1: 0.67, AUC: 0.68
Epoch [87/100] [TRAIN] Loss: 0.5846, Accuracy: 70.85%, AUC: 0.71 [VAL] Loss: 0.6163, Accuracy: 67.90%, Precision: 0.64, Recall: 0.70, F1: 0.67, AUC: 0.68
Epoch [88/100] [TRAIN] Loss: 0.5908, Accuracy: 70.70%, AUC: 0.71 [VAL] Loss: 0.6164, Accuracy: 67.70%, Precision: 0.64, Recall: 0.70, F1: 0.67, AUC: 0.68
Epoch [89/100] [TRAIN] Loss: 0.5864, Accuracy: 70.76%, AUC: 0.71 [VAL] Loss: 0.6162, Accuracy: 67.50%, Precision: 0.64, Recall: 0.70, F1: 0.67, AUC: 0.68
Epoch [90/100] [TRAIN] Loss: 0.5875, Accuracy: 71.09%, AUC: 0.71 [VAL] Loss: 0.6154, Accuracy: 68.10%, Precision: 0.64, Recall: 0.70, F1: 0.67, AUC: 0.68
Epoch [91/100] [TRAIN] Loss: 0.5857, Accuracy: 71.00%, AUC: 0.71 [VAL] Loss: 0.6170, Accuracy: 67.50%, Precision: 0.64, Recall: 0.70, F1: 0.67, AUC: 0.68
Epoch [92/100] [TRAIN] Loss: 0.5868, Accuracy: 70.66%, AUC: 0.71 [VAL] Loss: 0.6154, Accuracy: 67.30%, Precision: 0.64, Recall: 0.69, F1: 0.66, AUC: 0.67
Epoch [93/100] [TRAIN] Loss: 0.5845, Accuracy: 71.14%, AUC: 0.71 [VAL] Loss: 0.6163, Accuracy: 67.20%, Precision: 0.64, Recall: 0.69, F1: 0.66, AUC: 0.67
Epoch [94/100] [TRAIN] Loss: 0.5850, Accuracy: 71.62%, AUC: 0.72 [VAL] Loss: 0.6160, Accuracy: 67.60%, Precision: 0.64, Recall: 0.70, F1: 0.67, AUC: 0.68
Epoch [95/100] [TRAIN] Loss: 0.5876, Accuracy: 71.17%, AUC: 0.71 [VAL] Loss: 0.6152, Accuracy: 67.70%, Precision: 0.64, Recall: 0.70, F1: 0.67, AUC: 0.68
Epoch [96/100] [TRAIN] Loss: 0.5835, Accuracy: 71.39%, AUC: 0.71 [VAL] Loss: 0.6159, Accuracy: 67.40%, Precision: 0.64, Recall: 0.70, F1: 0.67, AUC: 0.68
Epoch [97/100] [TRAIN] Loss: 0.5858, Accuracy: 70.74%, AUC: 0.71 [VAL] Loss: 0.6146, Accuracy: 67.90%, Precision: 0.64, Recall: 0.70, F1: 0.67, AUC: 0.68
Epoch [98/100] [TRAIN] Loss: 0.5834, Accuracy: 71.38%, AUC: 0.71 [VAL] Loss: 0.6156, Accuracy: 67.40%, Precision: 0.64, Recall: 0.70, F1: 0.67, AUC: 0.68
Epoch [99/100] [TRAIN] Loss: 0.5831, Accuracy: 71.44%, AUC: 0.72 [VAL] Loss: 0.6149, Accuracy: 67.80%, Precision: 0.64, Recall: 0.70, F1: 0.67, AUC: 0.68
Epoch [100/100] [TRAIN] Loss: 0.5837, Accuracy: 71.15%, AUC: 0.71 [VAL] Loss: 0.6144, Accuracy: 68.10%, Precision: 0.64, Recall: 0.70, F1: 0.67, AUC: 0.68
  Antisymmetry score:      0.9760
  Total violations:        24 / 1000
  Pairs near boundary:     328 (32.8%)
  Avg |prob-0.5| at violation: 0.0000  (near 0 = boundary issue, larger = real failure)
Seed: 789
Accuracy:  70.80 %
AUC:       0.7089
Precision: 0.6810
Recall:    0.7296
F1-Score:  0.7045

Antisymmetry score:  0.9760  (1.0 = perfect, ~0.5 = random)

Detailed Classification Report:
              precision    recall  f1-score   support

           0       0.74      0.69      0.71       523
           1       0.68      0.73      0.70       477

    accuracy                           0.71      1000
   macro avg       0.71      0.71      0.71      1000
weighted avg       0.71      0.71      0.71      1000


Confusion Matrix:
[[360 163]
 [129 348]]


Batch FINISHED!!!

Real-time duration: 3873.968858347 seconds
