Seed: 123  |  Range: 0-31
Dataset : /group/pmc021/amunif/epi-thesis/workflow/16_Pairwise Ranking Healthy Liver/dataset/donor_4
Output  : /group/pmc021/amunif/epi-thesis/workflow/16_Pairwise Ranking Healthy Liver/output/combined/donor_4
Using device: cpu
Train :  15716  (80.0%)
Val   :   1964  (10.0%)
Test  :   1965  (10.0%)
No overlap between partitions

======================================================================
000-H3K4me3
======================================================================
Train label distribution:
  Label 0:   4091 (51.1%)
  Label 1:   3909 (48.9%)
Val label distribution:
  Label 0:    494 (49.4%)
  Label 1:    506 (50.6%)
Test label distribution:
  Label 0:    508 (50.8%)
  Label 1:    492 (49.2%)

--- Training DirectRanker ---
Epoch [1/100] [TRAIN] Loss: 0.6733, Accuracy: 65.11%, AUC: 0.71 [VAL] Loss: 0.5862, Accuracy: 71.80%, Precision: 0.70, Recall: 0.79, F1: 0.74, AUC: 0.81
Epoch [2/100] [TRAIN] Loss: 0.6296, Accuracy: 70.39%, AUC: 0.77 [VAL] Loss: 0.5693, Accuracy: 72.70%, Precision: 0.71, Recall: 0.79, F1: 0.75, AUC: 0.82
Epoch [3/100] [TRAIN] Loss: 0.6198, Accuracy: 71.14%, AUC: 0.78 [VAL] Loss: 0.5633, Accuracy: 73.40%, Precision: 0.71, Recall: 0.79, F1: 0.75, AUC: 0.82
Epoch [4/100] [TRAIN] Loss: 0.6166, Accuracy: 70.66%, AUC: 0.78 [VAL] Loss: 0.5591, Accuracy: 73.60%, Precision: 0.71, Recall: 0.80, F1: 0.75, AUC: 0.82
Epoch [5/100] [TRAIN] Loss: 0.6095, Accuracy: 70.28%, AUC: 0.78 [VAL] Loss: 0.5560, Accuracy: 73.70%, Precision: 0.72, Recall: 0.80, F1: 0.75, AUC: 0.83
Epoch [6/100] [TRAIN] Loss: 0.6060, Accuracy: 71.50%, AUC: 0.79 [VAL] Loss: 0.5559, Accuracy: 73.80%, Precision: 0.72, Recall: 0.79, F1: 0.75, AUC: 0.83
Epoch [7/100] [TRAIN] Loss: 0.6037, Accuracy: 71.90%, AUC: 0.79 [VAL] Loss: 0.5543, Accuracy: 73.50%, Precision: 0.72, Recall: 0.78, F1: 0.75, AUC: 0.83
Epoch [8/100] [TRAIN] Loss: 0.6087, Accuracy: 71.64%, AUC: 0.78 [VAL] Loss: 0.5548, Accuracy: 73.80%, Precision: 0.72, Recall: 0.79, F1: 0.75, AUC: 0.83
Epoch [9/100] [TRAIN] Loss: 0.5983, Accuracy: 71.74%, AUC: 0.79 [VAL] Loss: 0.5525, Accuracy: 73.80%, Precision: 0.72, Recall: 0.79, F1: 0.75, AUC: 0.83
Epoch [10/100] [TRAIN] Loss: 0.5983, Accuracy: 71.65%, AUC: 0.79 [VAL] Loss: 0.5517, Accuracy: 73.60%, Precision: 0.72, Recall: 0.78, F1: 0.75, AUC: 0.83
Epoch [11/100] [TRAIN] Loss: 0.5959, Accuracy: 71.78%, AUC: 0.79 [VAL] Loss: 0.5513, Accuracy: 73.70%, Precision: 0.72, Recall: 0.79, F1: 0.75, AUC: 0.83
Epoch [12/100] [TRAIN] Loss: 0.5985, Accuracy: 71.54%, AUC: 0.79 [VAL] Loss: 0.5517, Accuracy: 73.70%, Precision: 0.72, Recall: 0.79, F1: 0.75, AUC: 0.83
Epoch [13/100] [TRAIN] Loss: 0.5919, Accuracy: 71.47%, AUC: 0.79 [VAL] Loss: 0.5498, Accuracy: 73.50%, Precision: 0.72, Recall: 0.79, F1: 0.75, AUC: 0.83
Epoch [14/100] [TRAIN] Loss: 0.5973, Accuracy: 71.64%, AUC: 0.79 [VAL] Loss: 0.5511, Accuracy: 73.60%, Precision: 0.72, Recall: 0.79, F1: 0.75, AUC: 0.83
Epoch [15/100] [TRAIN] Loss: 0.5956, Accuracy: 71.71%, AUC: 0.79 [VAL] Loss: 0.5504, Accuracy: 73.70%, Precision: 0.72, Recall: 0.79, F1: 0.75, AUC: 0.83
Epoch [16/100] [TRAIN] Loss: 0.5923, Accuracy: 72.28%, AUC: 0.80 [VAL] Loss: 0.5496, Accuracy: 74.00%, Precision: 0.72, Recall: 0.79, F1: 0.76, AUC: 0.83
Epoch [17/100] [TRAIN] Loss: 0.5934, Accuracy: 71.79%, AUC: 0.79 [VAL] Loss: 0.5506, Accuracy: 74.20%, Precision: 0.72, Recall: 0.79, F1: 0.76, AUC: 0.83
Epoch [18/100] [TRAIN] Loss: 0.5904, Accuracy: 72.03%, AUC: 0.80 [VAL] Loss: 0.5504, Accuracy: 74.10%, Precision: 0.72, Recall: 0.79, F1: 0.76, AUC: 0.83
Epoch [19/100] [TRAIN] Loss: 0.5891, Accuracy: 71.81%, AUC: 0.79 [VAL] Loss: 0.5487, Accuracy: 73.90%, Precision: 0.72, Recall: 0.79, F1: 0.75, AUC: 0.83
Epoch [20/100] [TRAIN] Loss: 0.5884, Accuracy: 71.99%, AUC: 0.80 [VAL] Loss: 0.5481, Accuracy: 74.10%, Precision: 0.72, Recall: 0.79, F1: 0.76, AUC: 0.83
Epoch [21/100] [TRAIN] Loss: 0.5915, Accuracy: 72.19%, AUC: 0.80 [VAL] Loss: 0.5483, Accuracy: 74.00%, Precision: 0.72, Recall: 0.79, F1: 0.75, AUC: 0.83
Epoch [22/100] [TRAIN] Loss: 0.5875, Accuracy: 72.28%, AUC: 0.80 [VAL] Loss: 0.5482, Accuracy: 73.80%, Precision: 0.72, Recall: 0.79, F1: 0.75, AUC: 0.83
Epoch [23/100] [TRAIN] Loss: 0.5828, Accuracy: 72.58%, AUC: 0.80 [VAL] Loss: 0.5470, Accuracy: 73.80%, Precision: 0.72, Recall: 0.78, F1: 0.75, AUC: 0.83
Epoch [24/100] [TRAIN] Loss: 0.5863, Accuracy: 71.92%, AUC: 0.80 [VAL] Loss: 0.5475, Accuracy: 73.90%, Precision: 0.72, Recall: 0.78, F1: 0.75, AUC: 0.83
Epoch [25/100] [TRAIN] Loss: 0.5876, Accuracy: 72.16%, AUC: 0.80 [VAL] Loss: 0.5467, Accuracy: 73.90%, Precision: 0.72, Recall: 0.78, F1: 0.75, AUC: 0.83
Epoch [26/100] [TRAIN] Loss: 0.5868, Accuracy: 72.05%, AUC: 0.80 [VAL] Loss: 0.5468, Accuracy: 73.90%, Precision: 0.72, Recall: 0.78, F1: 0.75, AUC: 0.83
Epoch [27/100] [TRAIN] Loss: 0.5839, Accuracy: 72.20%, AUC: 0.80 [VAL] Loss: 0.5463, Accuracy: 74.00%, Precision: 0.72, Recall: 0.79, F1: 0.75, AUC: 0.83
Epoch [28/100] [TRAIN] Loss: 0.5833, Accuracy: 72.34%, AUC: 0.80 [VAL] Loss: 0.5466, Accuracy: 74.00%, Precision: 0.72, Recall: 0.79, F1: 0.75, AUC: 0.83
Epoch [29/100] [TRAIN] Loss: 0.5840, Accuracy: 72.67%, AUC: 0.80 [VAL] Loss: 0.5464, Accuracy: 73.80%, Precision: 0.72, Recall: 0.78, F1: 0.75, AUC: 0.83
Epoch [30/100] [TRAIN] Loss: 0.5881, Accuracy: 71.67%, AUC: 0.80 [VAL] Loss: 0.5471, Accuracy: 73.90%, Precision: 0.72, Recall: 0.79, F1: 0.75, AUC: 0.83
Epoch [31/100] [TRAIN] Loss: 0.5836, Accuracy: 72.33%, AUC: 0.80 [VAL] Loss: 0.5460, Accuracy: 74.00%, Precision: 0.72, Recall: 0.79, F1: 0.75, AUC: 0.83
Epoch [32/100] [TRAIN] Loss: 0.5864, Accuracy: 72.14%, AUC: 0.80 [VAL] Loss: 0.5466, Accuracy: 73.90%, Precision: 0.72, Recall: 0.79, F1: 0.75, AUC: 0.83
Epoch [33/100] [TRAIN] Loss: 0.5807, Accuracy: 72.17%, AUC: 0.80 [VAL] Loss: 0.5459, Accuracy: 73.90%, Precision: 0.72, Recall: 0.79, F1: 0.75, AUC: 0.83
Epoch [34/100] [TRAIN] Loss: 0.5819, Accuracy: 72.34%, AUC: 0.80 [VAL] Loss: 0.5447, Accuracy: 74.00%, Precision: 0.72, Recall: 0.79, F1: 0.75, AUC: 0.83
Epoch [35/100] [TRAIN] Loss: 0.5832, Accuracy: 72.16%, AUC: 0.80 [VAL] Loss: 0.5452, Accuracy: 73.90%, Precision: 0.72, Recall: 0.79, F1: 0.75, AUC: 0.83
Epoch [36/100] [TRAIN] Loss: 0.5827, Accuracy: 72.26%, AUC: 0.80 [VAL] Loss: 0.5447, Accuracy: 74.00%, Precision: 0.72, Recall: 0.79, F1: 0.75, AUC: 0.83
Epoch [37/100] [TRAIN] Loss: 0.5814, Accuracy: 72.78%, AUC: 0.80 [VAL] Loss: 0.5452, Accuracy: 73.90%, Precision: 0.72, Recall: 0.79, F1: 0.75, AUC: 0.83
Epoch [38/100] [TRAIN] Loss: 0.5850, Accuracy: 72.39%, AUC: 0.80 [VAL] Loss: 0.5460, Accuracy: 74.10%, Precision: 0.72, Recall: 0.79, F1: 0.76, AUC: 0.83
Epoch [39/100] [TRAIN] Loss: 0.5820, Accuracy: 72.40%, AUC: 0.80 [VAL] Loss: 0.5444, Accuracy: 74.00%, Precision: 0.72, Recall: 0.79, F1: 0.75, AUC: 0.83
Epoch [40/100] [TRAIN] Loss: 0.5815, Accuracy: 72.35%, AUC: 0.80 [VAL] Loss: 0.5445, Accuracy: 74.20%, Precision: 0.72, Recall: 0.79, F1: 0.76, AUC: 0.83
Epoch [41/100] [TRAIN] Loss: 0.5817, Accuracy: 72.35%, AUC: 0.80 [VAL] Loss: 0.5445, Accuracy: 74.30%, Precision: 0.73, Recall: 0.79, F1: 0.76, AUC: 0.83
Epoch [42/100] [TRAIN] Loss: 0.5820, Accuracy: 72.45%, AUC: 0.80 [VAL] Loss: 0.5437, Accuracy: 74.30%, Precision: 0.73, Recall: 0.79, F1: 0.76, AUC: 0.83
Epoch [43/100] [TRAIN] Loss: 0.5785, Accuracy: 72.38%, AUC: 0.80 [VAL] Loss: 0.5431, Accuracy: 74.30%, Precision: 0.73, Recall: 0.79, F1: 0.76, AUC: 0.83
Epoch [44/100] [TRAIN] Loss: 0.5782, Accuracy: 72.44%, AUC: 0.80 [VAL] Loss: 0.5438, Accuracy: 74.00%, Precision: 0.72, Recall: 0.79, F1: 0.75, AUC: 0.83
Epoch [45/100] [TRAIN] Loss: 0.5773, Accuracy: 72.34%, AUC: 0.80 [VAL] Loss: 0.5433, Accuracy: 74.50%, Precision: 0.73, Recall: 0.79, F1: 0.76, AUC: 0.83
Epoch [46/100] [TRAIN] Loss: 0.5797, Accuracy: 72.21%, AUC: 0.80 [VAL] Loss: 0.5438, Accuracy: 74.20%, Precision: 0.73, Recall: 0.79, F1: 0.76, AUC: 0.83
Epoch [47/100] [TRAIN] Loss: 0.5788, Accuracy: 72.40%, AUC: 0.80 [VAL] Loss: 0.5435, Accuracy: 74.20%, Precision: 0.72, Recall: 0.79, F1: 0.76, AUC: 0.83
Epoch [48/100] [TRAIN] Loss: 0.5790, Accuracy: 72.33%, AUC: 0.80 [VAL] Loss: 0.5428, Accuracy: 74.30%, Precision: 0.73, Recall: 0.79, F1: 0.76, AUC: 0.83
Epoch [49/100] [TRAIN] Loss: 0.5772, Accuracy: 72.66%, AUC: 0.80 [VAL] Loss: 0.5428, Accuracy: 74.40%, Precision: 0.73, Recall: 0.79, F1: 0.76, AUC: 0.83
Epoch [50/100] [TRAIN] Loss: 0.5744, Accuracy: 72.79%, AUC: 0.81 [VAL] Loss: 0.5419, Accuracy: 74.10%, Precision: 0.72, Recall: 0.79, F1: 0.75, AUC: 0.83
Epoch [51/100] [TRAIN] Loss: 0.5792, Accuracy: 72.44%, AUC: 0.80 [VAL] Loss: 0.5423, Accuracy: 74.20%, Precision: 0.72, Recall: 0.79, F1: 0.76, AUC: 0.83
Epoch [52/100] [TRAIN] Loss: 0.5803, Accuracy: 72.76%, AUC: 0.80 [VAL] Loss: 0.5422, Accuracy: 74.10%, Precision: 0.72, Recall: 0.79, F1: 0.76, AUC: 0.83
Epoch [53/100] [TRAIN] Loss: 0.5773, Accuracy: 72.67%, AUC: 0.80 [VAL] Loss: 0.5424, Accuracy: 74.10%, Precision: 0.72, Recall: 0.79, F1: 0.76, AUC: 0.83
Epoch [54/100] [TRAIN] Loss: 0.5775, Accuracy: 72.17%, AUC: 0.80 [VAL] Loss: 0.5423, Accuracy: 74.40%, Precision: 0.73, Recall: 0.79, F1: 0.76, AUC: 0.83
Epoch [55/100] [TRAIN] Loss: 0.5758, Accuracy: 72.25%, AUC: 0.80 [VAL] Loss: 0.5429, Accuracy: 74.00%, Precision: 0.72, Recall: 0.79, F1: 0.75, AUC: 0.83
Epoch [56/100] [TRAIN] Loss: 0.5767, Accuracy: 72.04%, AUC: 0.80 [VAL] Loss: 0.5423, Accuracy: 73.70%, Precision: 0.72, Recall: 0.78, F1: 0.75, AUC: 0.83
Epoch [57/100] [TRAIN] Loss: 0.5782, Accuracy: 71.89%, AUC: 0.80 [VAL] Loss: 0.5423, Accuracy: 73.70%, Precision: 0.72, Recall: 0.78, F1: 0.75, AUC: 0.83
Epoch [58/100] [TRAIN] Loss: 0.5763, Accuracy: 72.35%, AUC: 0.80 [VAL] Loss: 0.5422, Accuracy: 73.70%, Precision: 0.72, Recall: 0.78, F1: 0.75, AUC: 0.83
Epoch [59/100] [TRAIN] Loss: 0.5753, Accuracy: 72.49%, AUC: 0.80 [VAL] Loss: 0.5421, Accuracy: 73.70%, Precision: 0.72, Recall: 0.78, F1: 0.75, AUC: 0.83
Epoch [60/100] [TRAIN] Loss: 0.5758, Accuracy: 72.76%, AUC: 0.80 [VAL] Loss: 0.5421, Accuracy: 73.70%, Precision: 0.72, Recall: 0.78, F1: 0.75, AUC: 0.83
  Early stopping at epoch 60 (no val_loss improvement for 10 epochs)
  Antisymmetry score (raw):        0.8920
  Antisymmetry score (confident):  1.0000
  Total violations:                108 / 1000
  Pairs near boundary:             199 (19.9%)
  Avg |prob-0.5| at violation:     0.0000

--- Training baselines (LogisticRegression, RandomForest, SVM) ---

  Training LogisticRegression...
  Val accuracy: 73.20%

  [LogisticRegression]  Accuracy: 72.50%  AUC: 0.7991  Precision: 0.7517  Recall: 0.6585  F1: 0.7021  Antisym: 0.8100

  Training RandomForest...
  Val accuracy: 75.00%

  [RandomForest]  Accuracy: 72.90%  AUC: 0.8046  Precision: 0.7576  Recall: 0.6606  F1: 0.7058  Antisym: 0.7970

  Training SVM_Linear...
  Val accuracy: 72.80%

  [SVM_Linear]  Accuracy: 73.00%  AUC: 0.7985  Precision: 0.7558  Recall: 0.6667  F1: 0.7084  Antisym: 0.8100
Seed: 123
=== DirectRanker ===
Accuracy:  71.60 %
AUC:       0.8145
Precision: 0.6891
Recall:    0.7703
F1-Score:  0.7274
Antisymmetry score:  0.8920  (1.0 = perfect, ~0.5 = random)

Detailed Classification Report:
              precision    recall  f1-score   support

           0       0.75      0.66      0.70       508
           1       0.69      0.77      0.73       492

    accuracy                           0.72      1000
   macro avg       0.72      0.72      0.72      1000
weighted avg       0.72      0.72      0.72      1000


Confusion Matrix:
[[337 171]
 [113 379]]

=== LogisticRegression ===
Accuracy:  72.50 %
AUC:       0.7991
Precision: 0.7517
Recall:    0.6585
F1-Score:  0.7021
Antisymmetry score:  0.8100
Confusion Matrix:
[[401 107]
 [168 324]]

=== RandomForest ===
Accuracy:  72.90 %
AUC:       0.8046
Precision: 0.7576
Recall:    0.6606
F1-Score:  0.7058
Antisymmetry score:  0.7970
Confusion Matrix:
[[404 104]
 [167 325]]

=== SVM_Linear ===
Accuracy:  73.00 %
AUC:       0.7985
Precision: 0.7558
Recall:    0.6667
F1-Score:  0.7084
Antisymmetry score:  0.8100
Confusion Matrix:
[[402 106]
 [164 328]]

Saved combined test metrics: /group/pmc021/amunif/epi-thesis/workflow/16_Pairwise Ranking Healthy Liver/output/combined/donor_4/test/000-H3K4me3-seed123-test-metrics.csv
Saved combined ROC plot: /group/pmc021/amunif/epi-thesis/workflow/16_Pairwise Ranking Healthy Liver/output/combined/donor_4/img/roc/000-H3K4me3-seed123-roc-combined.png

Finished 000-H3K4me3 (seed 123)

======================================================================
001-H3K9ac
======================================================================
Train label distribution:
  Label 0:   4091 (51.1%)
  Label 1:   3909 (48.9%)
Val label distribution:
  Label 0:    494 (49.4%)
  Label 1:    506 (50.6%)
Test label distribution:
  Label 0:    508 (50.8%)
  Label 1:    492 (49.2%)

--- Training DirectRanker ---
Epoch [1/100] [TRAIN] Loss: 0.7424, Accuracy: 51.16%, AUC: 0.52 [VAL] Loss: 0.6574, Accuracy: 71.10%, Precision: 0.69, Recall: 0.79, F1: 0.74, AUC: 0.80
Epoch [2/100] [TRAIN] Loss: 0.6591, Accuracy: 68.26%, AUC: 0.75 [VAL] Loss: 0.6012, Accuracy: 73.60%, Precision: 0.70, Recall: 0.83, F1: 0.76, AUC: 0.82
Epoch [3/100] [TRAIN] Loss: 0.6350, Accuracy: 70.36%, AUC: 0.77 [VAL] Loss: 0.5778, Accuracy: 74.10%, Precision: 0.71, Recall: 0.84, F1: 0.77, AUC: 0.83
Epoch [4/100] [TRAIN] Loss: 0.6224, Accuracy: 70.95%, AUC: 0.78 [VAL] Loss: 0.5671, Accuracy: 74.00%, Precision: 0.70, Recall: 0.84, F1: 0.77, AUC: 0.83
Epoch [5/100] [TRAIN] Loss: 0.6145, Accuracy: 71.33%, AUC: 0.79 [VAL] Loss: 0.5626, Accuracy: 73.90%, Precision: 0.70, Recall: 0.84, F1: 0.77, AUC: 0.83
Epoch [6/100] [TRAIN] Loss: 0.6146, Accuracy: 72.01%, AUC: 0.78 [VAL] Loss: 0.5602, Accuracy: 74.30%, Precision: 0.71, Recall: 0.84, F1: 0.77, AUC: 0.83
Epoch [7/100] [TRAIN] Loss: 0.6088, Accuracy: 72.04%, AUC: 0.79 [VAL] Loss: 0.5586, Accuracy: 74.20%, Precision: 0.71, Recall: 0.84, F1: 0.77, AUC: 0.83
Epoch [8/100] [TRAIN] Loss: 0.6012, Accuracy: 72.17%, AUC: 0.79 [VAL] Loss: 0.5569, Accuracy: 74.20%, Precision: 0.71, Recall: 0.84, F1: 0.77, AUC: 0.83
Epoch [9/100] [TRAIN] Loss: 0.6066, Accuracy: 72.00%, AUC: 0.79 [VAL] Loss: 0.5563, Accuracy: 74.30%, Precision: 0.71, Recall: 0.84, F1: 0.77, AUC: 0.83
Epoch [10/100] [TRAIN] Loss: 0.6047, Accuracy: 71.22%, AUC: 0.79 [VAL] Loss: 0.5555, Accuracy: 74.20%, Precision: 0.71, Recall: 0.84, F1: 0.77, AUC: 0.83
Epoch [11/100] [TRAIN] Loss: 0.6054, Accuracy: 71.79%, AUC: 0.79 [VAL] Loss: 0.5556, Accuracy: 74.30%, Precision: 0.71, Recall: 0.84, F1: 0.77, AUC: 0.83
Epoch [12/100] [TRAIN] Loss: 0.5993, Accuracy: 71.61%, AUC: 0.79 [VAL] Loss: 0.5547, Accuracy: 74.30%, Precision: 0.71, Recall: 0.84, F1: 0.77, AUC: 0.83
Epoch [13/100] [TRAIN] Loss: 0.6010, Accuracy: 71.46%, AUC: 0.79 [VAL] Loss: 0.5544, Accuracy: 74.40%, Precision: 0.71, Recall: 0.84, F1: 0.77, AUC: 0.83
Epoch [14/100] [TRAIN] Loss: 0.6005, Accuracy: 71.36%, AUC: 0.79 [VAL] Loss: 0.5540, Accuracy: 74.40%, Precision: 0.71, Recall: 0.84, F1: 0.77, AUC: 0.83
Epoch [15/100] [TRAIN] Loss: 0.5964, Accuracy: 72.05%, AUC: 0.79 [VAL] Loss: 0.5530, Accuracy: 74.20%, Precision: 0.71, Recall: 0.84, F1: 0.77, AUC: 0.83
Epoch [16/100] [TRAIN] Loss: 0.5938, Accuracy: 72.58%, AUC: 0.80 [VAL] Loss: 0.5522, Accuracy: 74.20%, Precision: 0.71, Recall: 0.84, F1: 0.77, AUC: 0.83
Epoch [17/100] [TRAIN] Loss: 0.5940, Accuracy: 71.97%, AUC: 0.80 [VAL] Loss: 0.5514, Accuracy: 74.30%, Precision: 0.71, Recall: 0.84, F1: 0.77, AUC: 0.83
Epoch [18/100] [TRAIN] Loss: 0.5930, Accuracy: 71.78%, AUC: 0.80 [VAL] Loss: 0.5512, Accuracy: 74.20%, Precision: 0.71, Recall: 0.84, F1: 0.77, AUC: 0.83
Epoch [19/100] [TRAIN] Loss: 0.5915, Accuracy: 72.20%, AUC: 0.80 [VAL] Loss: 0.5506, Accuracy: 74.30%, Precision: 0.71, Recall: 0.84, F1: 0.77, AUC: 0.83
Epoch [20/100] [TRAIN] Loss: 0.5921, Accuracy: 72.15%, AUC: 0.80 [VAL] Loss: 0.5507, Accuracy: 74.20%, Precision: 0.71, Recall: 0.84, F1: 0.77, AUC: 0.83
Epoch [21/100] [TRAIN] Loss: 0.5884, Accuracy: 71.89%, AUC: 0.80 [VAL] Loss: 0.5497, Accuracy: 74.20%, Precision: 0.71, Recall: 0.84, F1: 0.77, AUC: 0.83
Epoch [22/100] [TRAIN] Loss: 0.5929, Accuracy: 71.60%, AUC: 0.79 [VAL] Loss: 0.5501, Accuracy: 74.20%, Precision: 0.71, Recall: 0.84, F1: 0.77, AUC: 0.83
Epoch [23/100] [TRAIN] Loss: 0.5843, Accuracy: 72.55%, AUC: 0.80 [VAL] Loss: 0.5491, Accuracy: 74.20%, Precision: 0.71, Recall: 0.84, F1: 0.77, AUC: 0.83
Epoch [24/100] [TRAIN] Loss: 0.5915, Accuracy: 71.66%, AUC: 0.80 [VAL] Loss: 0.5493, Accuracy: 74.20%, Precision: 0.71, Recall: 0.84, F1: 0.77, AUC: 0.83
Epoch [25/100] [TRAIN] Loss: 0.5884, Accuracy: 72.30%, AUC: 0.80 [VAL] Loss: 0.5492, Accuracy: 74.20%, Precision: 0.71, Recall: 0.84, F1: 0.77, AUC: 0.83
Epoch [26/100] [TRAIN] Loss: 0.5881, Accuracy: 71.51%, AUC: 0.80 [VAL] Loss: 0.5489, Accuracy: 74.10%, Precision: 0.71, Recall: 0.83, F1: 0.77, AUC: 0.83
Epoch [27/100] [TRAIN] Loss: 0.5863, Accuracy: 71.97%, AUC: 0.80 [VAL] Loss: 0.5487, Accuracy: 74.10%, Precision: 0.71, Recall: 0.83, F1: 0.77, AUC: 0.83
Epoch [28/100] [TRAIN] Loss: 0.5852, Accuracy: 72.30%, AUC: 0.80 [VAL] Loss: 0.5486, Accuracy: 74.10%, Precision: 0.71, Recall: 0.83, F1: 0.77, AUC: 0.83
Epoch [29/100] [TRAIN] Loss: 0.5845, Accuracy: 72.20%, AUC: 0.80 [VAL] Loss: 0.5481, Accuracy: 74.10%, Precision: 0.71, Recall: 0.83, F1: 0.77, AUC: 0.83
Epoch [30/100] [TRAIN] Loss: 0.5838, Accuracy: 72.49%, AUC: 0.80 [VAL] Loss: 0.5478, Accuracy: 74.10%, Precision: 0.71, Recall: 0.83, F1: 0.77, AUC: 0.83
Epoch [31/100] [TRAIN] Loss: 0.5838, Accuracy: 72.00%, AUC: 0.80 [VAL] Loss: 0.5477, Accuracy: 73.90%, Precision: 0.71, Recall: 0.83, F1: 0.76, AUC: 0.83
Epoch [32/100] [TRAIN] Loss: 0.5849, Accuracy: 71.88%, AUC: 0.80 [VAL] Loss: 0.5480, Accuracy: 73.90%, Precision: 0.71, Recall: 0.83, F1: 0.76, AUC: 0.83
Epoch [33/100] [TRAIN] Loss: 0.5831, Accuracy: 71.60%, AUC: 0.80 [VAL] Loss: 0.5474, Accuracy: 74.00%, Precision: 0.71, Recall: 0.83, F1: 0.76, AUC: 0.83
Epoch [34/100] [TRAIN] Loss: 0.5813, Accuracy: 72.11%, AUC: 0.80 [VAL] Loss: 0.5470, Accuracy: 74.00%, Precision: 0.71, Recall: 0.83, F1: 0.76, AUC: 0.83
Epoch [35/100] [TRAIN] Loss: 0.5825, Accuracy: 71.90%, AUC: 0.80 [VAL] Loss: 0.5467, Accuracy: 74.10%, Precision: 0.71, Recall: 0.83, F1: 0.76, AUC: 0.83
Epoch [36/100] [TRAIN] Loss: 0.5808, Accuracy: 72.17%, AUC: 0.80 [VAL] Loss: 0.5461, Accuracy: 74.10%, Precision: 0.71, Recall: 0.83, F1: 0.76, AUC: 0.83
Epoch [37/100] [TRAIN] Loss: 0.5811, Accuracy: 71.50%, AUC: 0.80 [VAL] Loss: 0.5458, Accuracy: 74.10%, Precision: 0.71, Recall: 0.83, F1: 0.77, AUC: 0.83
Epoch [38/100] [TRAIN] Loss: 0.5785, Accuracy: 71.78%, AUC: 0.80 [VAL] Loss: 0.5453, Accuracy: 74.20%, Precision: 0.71, Recall: 0.83, F1: 0.77, AUC: 0.83
Epoch [39/100] [TRAIN] Loss: 0.5790, Accuracy: 71.90%, AUC: 0.80 [VAL] Loss: 0.5450, Accuracy: 74.20%, Precision: 0.71, Recall: 0.83, F1: 0.77, AUC: 0.83
Epoch [40/100] [TRAIN] Loss: 0.5805, Accuracy: 71.95%, AUC: 0.80 [VAL] Loss: 0.5453, Accuracy: 74.20%, Precision: 0.71, Recall: 0.83, F1: 0.77, AUC: 0.83
Epoch [41/100] [TRAIN] Loss: 0.5810, Accuracy: 71.92%, AUC: 0.80 [VAL] Loss: 0.5453, Accuracy: 74.20%, Precision: 0.71, Recall: 0.83, F1: 0.77, AUC: 0.83
Epoch [42/100] [TRAIN] Loss: 0.5796, Accuracy: 71.60%, AUC: 0.80 [VAL] Loss: 0.5454, Accuracy: 74.20%, Precision: 0.71, Recall: 0.83, F1: 0.77, AUC: 0.83
Epoch [43/100] [TRAIN] Loss: 0.5767, Accuracy: 72.56%, AUC: 0.81 [VAL] Loss: 0.5445, Accuracy: 74.10%, Precision: 0.71, Recall: 0.83, F1: 0.76, AUC: 0.83
Epoch [44/100] [TRAIN] Loss: 0.5795, Accuracy: 72.10%, AUC: 0.80 [VAL] Loss: 0.5449, Accuracy: 74.00%, Precision: 0.71, Recall: 0.83, F1: 0.76, AUC: 0.83
Epoch [45/100] [TRAIN] Loss: 0.5770, Accuracy: 71.74%, AUC: 0.80 [VAL] Loss: 0.5443, Accuracy: 74.00%, Precision: 0.71, Recall: 0.83, F1: 0.76, AUC: 0.83
Epoch [46/100] [TRAIN] Loss: 0.5757, Accuracy: 71.83%, AUC: 0.80 [VAL] Loss: 0.5440, Accuracy: 74.00%, Precision: 0.71, Recall: 0.83, F1: 0.76, AUC: 0.83
Epoch [47/100] [TRAIN] Loss: 0.5754, Accuracy: 72.25%, AUC: 0.80 [VAL] Loss: 0.5442, Accuracy: 74.00%, Precision: 0.71, Recall: 0.83, F1: 0.76, AUC: 0.83
Epoch [48/100] [TRAIN] Loss: 0.5765, Accuracy: 71.92%, AUC: 0.80 [VAL] Loss: 0.5439, Accuracy: 73.90%, Precision: 0.71, Recall: 0.83, F1: 0.76, AUC: 0.83
Epoch [49/100] [TRAIN] Loss: 0.5758, Accuracy: 72.25%, AUC: 0.80 [VAL] Loss: 0.5439, Accuracy: 73.90%, Precision: 0.71, Recall: 0.83, F1: 0.76, AUC: 0.83
Epoch [50/100] [TRAIN] Loss: 0.5727, Accuracy: 72.25%, AUC: 0.81 [VAL] Loss: 0.5430, Accuracy: 73.90%, Precision: 0.71, Recall: 0.83, F1: 0.76, AUC: 0.83
Epoch [51/100] [TRAIN] Loss: 0.5747, Accuracy: 72.40%, AUC: 0.81 [VAL] Loss: 0.5429, Accuracy: 73.90%, Precision: 0.71, Recall: 0.83, F1: 0.76, AUC: 0.83
Epoch [52/100] [TRAIN] Loss: 0.5710, Accuracy: 72.61%, AUC: 0.81 [VAL] Loss: 0.5426, Accuracy: 73.90%, Precision: 0.71, Recall: 0.83, F1: 0.76, AUC: 0.83
Epoch [53/100] [TRAIN] Loss: 0.5706, Accuracy: 72.06%, AUC: 0.81 [VAL] Loss: 0.5420, Accuracy: 73.90%, Precision: 0.71, Recall: 0.83, F1: 0.76, AUC: 0.83
Epoch [54/100] [TRAIN] Loss: 0.5717, Accuracy: 72.51%, AUC: 0.81 [VAL] Loss: 0.5417, Accuracy: 73.90%, Precision: 0.71, Recall: 0.83, F1: 0.76, AUC: 0.83
Epoch [55/100] [TRAIN] Loss: 0.5716, Accuracy: 72.11%, AUC: 0.81 [VAL] Loss: 0.5418, Accuracy: 73.80%, Precision: 0.70, Recall: 0.83, F1: 0.76, AUC: 0.83
Epoch [56/100] [TRAIN] Loss: 0.5720, Accuracy: 71.81%, AUC: 0.81 [VAL] Loss: 0.5417, Accuracy: 73.80%, Precision: 0.70, Recall: 0.83, F1: 0.76, AUC: 0.83
Epoch [57/100] [TRAIN] Loss: 0.5691, Accuracy: 72.88%, AUC: 0.81 [VAL] Loss: 0.5412, Accuracy: 73.80%, Precision: 0.70, Recall: 0.83, F1: 0.76, AUC: 0.83
Epoch [58/100] [TRAIN] Loss: 0.5683, Accuracy: 72.61%, AUC: 0.81 [VAL] Loss: 0.5410, Accuracy: 73.80%, Precision: 0.70, Recall: 0.83, F1: 0.76, AUC: 0.83
Epoch [59/100] [TRAIN] Loss: 0.5693, Accuracy: 72.42%, AUC: 0.81 [VAL] Loss: 0.5413, Accuracy: 73.80%, Precision: 0.70, Recall: 0.83, F1: 0.76, AUC: 0.83
Epoch [60/100] [TRAIN] Loss: 0.5721, Accuracy: 72.04%, AUC: 0.81 [VAL] Loss: 0.5418, Accuracy: 73.90%, Precision: 0.70, Recall: 0.83, F1: 0.76, AUC: 0.83
Epoch [61/100] [TRAIN] Loss: 0.5678, Accuracy: 72.28%, AUC: 0.81 [VAL] Loss: 0.5415, Accuracy: 73.90%, Precision: 0.70, Recall: 0.83, F1: 0.76, AUC: 0.83
Epoch [62/100] [TRAIN] Loss: 0.5708, Accuracy: 71.99%, AUC: 0.81 [VAL] Loss: 0.5411, Accuracy: 73.90%, Precision: 0.70, Recall: 0.83, F1: 0.76, AUC: 0.83
Epoch [63/100] [TRAIN] Loss: 0.5709, Accuracy: 71.83%, AUC: 0.81 [VAL] Loss: 0.5411, Accuracy: 73.90%, Precision: 0.70, Recall: 0.83, F1: 0.76, AUC: 0.83
Epoch [64/100] [TRAIN] Loss: 0.5690, Accuracy: 71.79%, AUC: 0.81 [VAL] Loss: 0.5408, Accuracy: 73.90%, Precision: 0.70, Recall: 0.83, F1: 0.76, AUC: 0.83
Epoch [65/100] [TRAIN] Loss: 0.5679, Accuracy: 72.40%, AUC: 0.81 [VAL] Loss: 0.5400, Accuracy: 73.90%, Precision: 0.70, Recall: 0.83, F1: 0.76, AUC: 0.83
Epoch [66/100] [TRAIN] Loss: 0.5680, Accuracy: 72.10%, AUC: 0.81 [VAL] Loss: 0.5402, Accuracy: 73.90%, Precision: 0.70, Recall: 0.83, F1: 0.76, AUC: 0.83
Epoch [67/100] [TRAIN] Loss: 0.5671, Accuracy: 72.45%, AUC: 0.81 [VAL] Loss: 0.5400, Accuracy: 73.90%, Precision: 0.70, Recall: 0.83, F1: 0.76, AUC: 0.83
Epoch [68/100] [TRAIN] Loss: 0.5731, Accuracy: 71.54%, AUC: 0.80 [VAL] Loss: 0.5408, Accuracy: 73.90%, Precision: 0.70, Recall: 0.83, F1: 0.76, AUC: 0.83
Epoch [69/100] [TRAIN] Loss: 0.5668, Accuracy: 72.21%, AUC: 0.81 [VAL] Loss: 0.5403, Accuracy: 73.90%, Precision: 0.70, Recall: 0.83, F1: 0.76, AUC: 0.83
Epoch [70/100] [TRAIN] Loss: 0.5669, Accuracy: 72.31%, AUC: 0.81 [VAL] Loss: 0.5394, Accuracy: 73.90%, Precision: 0.70, Recall: 0.83, F1: 0.76, AUC: 0.83
Epoch [71/100] [TRAIN] Loss: 0.5650, Accuracy: 72.70%, AUC: 0.81 [VAL] Loss: 0.5391, Accuracy: 73.90%, Precision: 0.70, Recall: 0.83, F1: 0.76, AUC: 0.83
Epoch [72/100] [TRAIN] Loss: 0.5680, Accuracy: 71.80%, AUC: 0.81 [VAL] Loss: 0.5393, Accuracy: 73.90%, Precision: 0.70, Recall: 0.83, F1: 0.76, AUC: 0.83
Epoch [73/100] [TRAIN] Loss: 0.5619, Accuracy: 72.50%, AUC: 0.81 [VAL] Loss: 0.5387, Accuracy: 73.90%, Precision: 0.70, Recall: 0.83, F1: 0.76, AUC: 0.83
Epoch [74/100] [TRAIN] Loss: 0.5658, Accuracy: 72.01%, AUC: 0.81 [VAL] Loss: 0.5389, Accuracy: 73.90%, Precision: 0.70, Recall: 0.83, F1: 0.76, AUC: 0.83
Epoch [75/100] [TRAIN] Loss: 0.5644, Accuracy: 72.34%, AUC: 0.81 [VAL] Loss: 0.5383, Accuracy: 73.90%, Precision: 0.70, Recall: 0.83, F1: 0.76, AUC: 0.83
Epoch [76/100] [TRAIN] Loss: 0.5696, Accuracy: 71.91%, AUC: 0.81 [VAL] Loss: 0.5385, Accuracy: 73.90%, Precision: 0.70, Recall: 0.83, F1: 0.76, AUC: 0.83
Epoch [77/100] [TRAIN] Loss: 0.5640, Accuracy: 72.26%, AUC: 0.81 [VAL] Loss: 0.5385, Accuracy: 73.90%, Precision: 0.70, Recall: 0.83, F1: 0.76, AUC: 0.83
Epoch [78/100] [TRAIN] Loss: 0.5638, Accuracy: 72.34%, AUC: 0.81 [VAL] Loss: 0.5380, Accuracy: 73.90%, Precision: 0.70, Recall: 0.83, F1: 0.76, AUC: 0.83
Epoch [79/100] [TRAIN] Loss: 0.5680, Accuracy: 71.78%, AUC: 0.81 [VAL] Loss: 0.5384, Accuracy: 73.90%, Precision: 0.70, Recall: 0.83, F1: 0.76, AUC: 0.83
Epoch [80/100] [TRAIN] Loss: 0.5659, Accuracy: 72.53%, AUC: 0.81 [VAL] Loss: 0.5387, Accuracy: 73.80%, Precision: 0.70, Recall: 0.83, F1: 0.76, AUC: 0.83
Epoch [81/100] [TRAIN] Loss: 0.5652, Accuracy: 72.17%, AUC: 0.81 [VAL] Loss: 0.5382, Accuracy: 73.80%, Precision: 0.70, Recall: 0.83, F1: 0.76, AUC: 0.83
Epoch [82/100] [TRAIN] Loss: 0.5638, Accuracy: 72.03%, AUC: 0.81 [VAL] Loss: 0.5381, Accuracy: 73.80%, Precision: 0.70, Recall: 0.83, F1: 0.76, AUC: 0.83
Epoch [83/100] [TRAIN] Loss: 0.5641, Accuracy: 72.59%, AUC: 0.81 [VAL] Loss: 0.5375, Accuracy: 73.70%, Precision: 0.70, Recall: 0.83, F1: 0.76, AUC: 0.83
Epoch [84/100] [TRAIN] Loss: 0.5627, Accuracy: 72.74%, AUC: 0.81 [VAL] Loss: 0.5373, Accuracy: 73.70%, Precision: 0.70, Recall: 0.83, F1: 0.76, AUC: 0.83
Epoch [85/100] [TRAIN] Loss: 0.5640, Accuracy: 72.59%, AUC: 0.81 [VAL] Loss: 0.5373, Accuracy: 73.80%, Precision: 0.70, Recall: 0.83, F1: 0.76, AUC: 0.83
Epoch [86/100] [TRAIN] Loss: 0.5640, Accuracy: 72.08%, AUC: 0.81 [VAL] Loss: 0.5372, Accuracy: 73.80%, Precision: 0.70, Recall: 0.83, F1: 0.76, AUC: 0.83
Epoch [87/100] [TRAIN] Loss: 0.5653, Accuracy: 72.06%, AUC: 0.81 [VAL] Loss: 0.5374, Accuracy: 73.80%, Precision: 0.70, Recall: 0.83, F1: 0.76, AUC: 0.83
Epoch [88/100] [TRAIN] Loss: 0.5621, Accuracy: 72.24%, AUC: 0.81 [VAL] Loss: 0.5371, Accuracy: 73.80%, Precision: 0.70, Recall: 0.83, F1: 0.76, AUC: 0.83
Epoch [89/100] [TRAIN] Loss: 0.5641, Accuracy: 71.78%, AUC: 0.81 [VAL] Loss: 0.5370, Accuracy: 73.70%, Precision: 0.70, Recall: 0.83, F1: 0.76, AUC: 0.83
Epoch [90/100] [TRAIN] Loss: 0.5601, Accuracy: 72.65%, AUC: 0.82 [VAL] Loss: 0.5365, Accuracy: 73.70%, Precision: 0.70, Recall: 0.83, F1: 0.76, AUC: 0.83
Epoch [91/100] [TRAIN] Loss: 0.5625, Accuracy: 72.19%, AUC: 0.81 [VAL] Loss: 0.5363, Accuracy: 73.70%, Precision: 0.70, Recall: 0.83, F1: 0.76, AUC: 0.83
Epoch [92/100] [TRAIN] Loss: 0.5627, Accuracy: 71.84%, AUC: 0.81 [VAL] Loss: 0.5360, Accuracy: 73.70%, Precision: 0.70, Recall: 0.83, F1: 0.76, AUC: 0.83
Epoch [93/100] [TRAIN] Loss: 0.5640, Accuracy: 71.56%, AUC: 0.81 [VAL] Loss: 0.5364, Accuracy: 73.80%, Precision: 0.70, Recall: 0.83, F1: 0.76, AUC: 0.83
Epoch [94/100] [TRAIN] Loss: 0.5626, Accuracy: 71.86%, AUC: 0.81 [VAL] Loss: 0.5362, Accuracy: 73.80%, Precision: 0.70, Recall: 0.83, F1: 0.76, AUC: 0.83
Epoch [95/100] [TRAIN] Loss: 0.5631, Accuracy: 72.15%, AUC: 0.81 [VAL] Loss: 0.5361, Accuracy: 73.80%, Precision: 0.70, Recall: 0.83, F1: 0.76, AUC: 0.83
Epoch [96/100] [TRAIN] Loss: 0.5599, Accuracy: 72.47%, AUC: 0.81 [VAL] Loss: 0.5360, Accuracy: 73.80%, Precision: 0.70, Recall: 0.83, F1: 0.76, AUC: 0.83
Epoch [97/100] [TRAIN] Loss: 0.5601, Accuracy: 72.24%, AUC: 0.81 [VAL] Loss: 0.5356, Accuracy: 73.70%, Precision: 0.70, Recall: 0.83, F1: 0.76, AUC: 0.83
Epoch [98/100] [TRAIN] Loss: 0.5617, Accuracy: 72.36%, AUC: 0.81 [VAL] Loss: 0.5359, Accuracy: 73.70%, Precision: 0.70, Recall: 0.83, F1: 0.76, AUC: 0.83
Epoch [99/100] [TRAIN] Loss: 0.5597, Accuracy: 72.45%, AUC: 0.81 [VAL] Loss: 0.5355, Accuracy: 73.70%, Precision: 0.70, Recall: 0.83, F1: 0.76, AUC: 0.83
Epoch [100/100] [TRAIN] Loss: 0.5642, Accuracy: 72.17%, AUC: 0.81 [VAL] Loss: 0.5357, Accuracy: 73.70%, Precision: 0.70, Recall: 0.83, F1: 0.76, AUC: 0.83
  Antisymmetry score (raw):        0.8160
  Antisymmetry score (confident):  1.0000
  Total violations:                184 / 1000
  Pairs near boundary:             265 (26.5%)
  Avg |prob-0.5| at violation:     0.0000

--- Training baselines (LogisticRegression, RandomForest, SVM) ---

  Training LogisticRegression...
  Val accuracy: 74.20%

  [LogisticRegression]  Accuracy: 71.10%  AUC: 0.7871  Precision: 0.7570  Recall: 0.6077  F1: 0.6742  Antisym: 0.7220

  Training RandomForest...
  Val accuracy: 76.30%

  [RandomForest]  Accuracy: 72.40%  AUC: 0.8180  Precision: 0.7727  Recall: 0.6220  F1: 0.6892  Antisym: 0.7460

  Training SVM_Linear...
  Val accuracy: 73.80%

  [SVM_Linear]  Accuracy: 71.20%  AUC: 0.7884  Precision: 0.7615  Recall: 0.6037  F1: 0.6735  Antisym: 0.7220
Seed: 123
=== DirectRanker ===
Accuracy:  72.10 %
AUC:       0.8206
Precision: 0.6827
Recall:    0.8089
F1-Score:  0.7405
Antisymmetry score:  0.8160  (1.0 = perfect, ~0.5 = random)

Detailed Classification Report:
              precision    recall  f1-score   support

           0       0.77      0.64      0.70       508
           1       0.68      0.81      0.74       492

    accuracy                           0.72      1000
   macro avg       0.73      0.72      0.72      1000
weighted avg       0.73      0.72      0.72      1000


Confusion Matrix:
[[323 185]
 [ 94 398]]

=== LogisticRegression ===
Accuracy:  71.10 %
AUC:       0.7871
Precision: 0.7570
Recall:    0.6077
F1-Score:  0.6742
Antisymmetry score:  0.7220
Confusion Matrix:
[[412  96]
 [193 299]]

=== RandomForest ===
Accuracy:  72.40 %
AUC:       0.8180
Precision: 0.7727
Recall:    0.6220
F1-Score:  0.6892
Antisymmetry score:  0.7460
Confusion Matrix:
[[418  90]
 [186 306]]

=== SVM_Linear ===
Accuracy:  71.20 %
AUC:       0.7884
Precision: 0.7615
Recall:    0.6037
F1-Score:  0.6735
Antisymmetry score:  0.7220
Confusion Matrix:
[[415  93]
 [195 297]]

Saved combined test metrics: /group/pmc021/amunif/epi-thesis/workflow/16_Pairwise Ranking Healthy Liver/output/combined/donor_4/test/001-H3K9ac-seed123-test-metrics.csv
Saved combined ROC plot: /group/pmc021/amunif/epi-thesis/workflow/16_Pairwise Ranking Healthy Liver/output/combined/donor_4/img/roc/001-H3K9ac-seed123-roc-combined.png

Finished 001-H3K9ac (seed 123)

======================================================================
002-H3K9me3
======================================================================
Train label distribution:
  Label 0:   4091 (51.1%)
  Label 1:   3909 (48.9%)
Val label distribution:
  Label 0:    494 (49.4%)
  Label 1:    506 (50.6%)
Test label distribution:
  Label 0:    508 (50.8%)
  Label 1:    492 (49.2%)

--- Training DirectRanker ---
Epoch [1/100] [TRAIN] Loss: 0.7278, Accuracy: 49.96%, AUC: 0.50 [VAL] Loss: 0.7275, Accuracy: 49.70%, Precision: 0.50, Recall: 0.94, F1: 0.66, AUC: 0.49
Epoch [2/100] [TRAIN] Loss: 0.7278, Accuracy: 49.85%, AUC: 0.49 [VAL] Loss: 0.7270, Accuracy: 49.60%, Precision: 0.50, Recall: 0.95, F1: 0.66, AUC: 0.49
Epoch [3/100] [TRAIN] Loss: 0.7277, Accuracy: 50.24%, AUC: 0.50 [VAL] Loss: 0.7266, Accuracy: 49.60%, Precision: 0.50, Recall: 0.95, F1: 0.66, AUC: 0.49
Epoch [4/100] [TRAIN] Loss: 0.7269, Accuracy: 50.80%, AUC: 0.51 [VAL] Loss: 0.7263, Accuracy: 49.80%, Precision: 0.50, Recall: 0.95, F1: 0.66, AUC: 0.50
Epoch [5/100] [TRAIN] Loss: 0.7268, Accuracy: 49.39%, AUC: 0.49 [VAL] Loss: 0.7261, Accuracy: 49.80%, Precision: 0.50, Recall: 0.95, F1: 0.66, AUC: 0.50
Epoch [6/100] [TRAIN] Loss: 0.7262, Accuracy: 50.16%, AUC: 0.50 [VAL] Loss: 0.7259, Accuracy: 49.80%, Precision: 0.50, Recall: 0.95, F1: 0.66, AUC: 0.50
Epoch [7/100] [TRAIN] Loss: 0.7258, Accuracy: 51.30%, AUC: 0.51 [VAL] Loss: 0.7257, Accuracy: 49.80%, Precision: 0.50, Recall: 0.95, F1: 0.66, AUC: 0.50
Epoch [8/100] [TRAIN] Loss: 0.7263, Accuracy: 49.45%, AUC: 0.49 [VAL] Loss: 0.7256, Accuracy: 50.10%, Precision: 0.50, Recall: 0.95, F1: 0.66, AUC: 0.50
Epoch [9/100] [TRAIN] Loss: 0.7261, Accuracy: 49.05%, AUC: 0.49 [VAL] Loss: 0.7254, Accuracy: 50.20%, Precision: 0.50, Recall: 0.95, F1: 0.66, AUC: 0.50
Epoch [10/100] [TRAIN] Loss: 0.7259, Accuracy: 49.91%, AUC: 0.50 [VAL] Loss: 0.7253, Accuracy: 50.20%, Precision: 0.50, Recall: 0.95, F1: 0.66, AUC: 0.50
Epoch [11/100] [TRAIN] Loss: 0.7259, Accuracy: 50.38%, AUC: 0.51 [VAL] Loss: 0.7251, Accuracy: 50.10%, Precision: 0.50, Recall: 0.95, F1: 0.66, AUC: 0.50
Epoch [12/100] [TRAIN] Loss: 0.7256, Accuracy: 49.86%, AUC: 0.50 [VAL] Loss: 0.7250, Accuracy: 49.90%, Precision: 0.50, Recall: 0.95, F1: 0.66, AUC: 0.50
Epoch [13/100] [TRAIN] Loss: 0.7255, Accuracy: 50.05%, AUC: 0.50 [VAL] Loss: 0.7249, Accuracy: 50.10%, Precision: 0.50, Recall: 0.95, F1: 0.66, AUC: 0.50
Epoch [14/100] [TRAIN] Loss: 0.7258, Accuracy: 50.35%, AUC: 0.50 [VAL] Loss: 0.7248, Accuracy: 50.20%, Precision: 0.50, Recall: 0.96, F1: 0.66, AUC: 0.50
Epoch [15/100] [TRAIN] Loss: 0.7256, Accuracy: 51.41%, AUC: 0.51 [VAL] Loss: 0.7246, Accuracy: 50.20%, Precision: 0.50, Recall: 0.96, F1: 0.66, AUC: 0.50
Epoch [16/100] [TRAIN] Loss: 0.7257, Accuracy: 49.84%, AUC: 0.49 [VAL] Loss: 0.7245, Accuracy: 50.20%, Precision: 0.50, Recall: 0.96, F1: 0.66, AUC: 0.50
Epoch [17/100] [TRAIN] Loss: 0.7249, Accuracy: 50.27%, AUC: 0.51 [VAL] Loss: 0.7244, Accuracy: 50.30%, Precision: 0.50, Recall: 0.96, F1: 0.66, AUC: 0.51
Epoch [18/100] [TRAIN] Loss: 0.7250, Accuracy: 49.83%, AUC: 0.50 [VAL] Loss: 0.7243, Accuracy: 50.50%, Precision: 0.51, Recall: 0.96, F1: 0.66, AUC: 0.51
Epoch [19/100] [TRAIN] Loss: 0.7251, Accuracy: 50.60%, AUC: 0.51 [VAL] Loss: 0.7242, Accuracy: 50.70%, Precision: 0.51, Recall: 0.96, F1: 0.66, AUC: 0.51
Epoch [20/100] [TRAIN] Loss: 0.7252, Accuracy: 50.31%, AUC: 0.50 [VAL] Loss: 0.7241, Accuracy: 50.80%, Precision: 0.51, Recall: 0.97, F1: 0.67, AUC: 0.52
Epoch [21/100] [TRAIN] Loss: 0.7248, Accuracy: 49.84%, AUC: 0.49 [VAL] Loss: 0.7241, Accuracy: 50.80%, Precision: 0.51, Recall: 0.97, F1: 0.67, AUC: 0.52
Epoch [22/100] [TRAIN] Loss: 0.7241, Accuracy: 50.89%, AUC: 0.51 [VAL] Loss: 0.7240, Accuracy: 51.00%, Precision: 0.51, Recall: 0.97, F1: 0.67, AUC: 0.52
Epoch [23/100] [TRAIN] Loss: 0.7245, Accuracy: 50.80%, AUC: 0.51 [VAL] Loss: 0.7239, Accuracy: 51.00%, Precision: 0.51, Recall: 0.97, F1: 0.67, AUC: 0.52
Epoch [24/100] [TRAIN] Loss: 0.7244, Accuracy: 50.79%, AUC: 0.51 [VAL] Loss: 0.7238, Accuracy: 50.80%, Precision: 0.51, Recall: 0.97, F1: 0.67, AUC: 0.52
Epoch [25/100] [TRAIN] Loss: 0.7243, Accuracy: 50.12%, AUC: 0.51 [VAL] Loss: 0.7238, Accuracy: 50.80%, Precision: 0.51, Recall: 0.97, F1: 0.67, AUC: 0.52
Epoch [26/100] [TRAIN] Loss: 0.7236, Accuracy: 50.60%, AUC: 0.51 [VAL] Loss: 0.7237, Accuracy: 50.80%, Precision: 0.51, Recall: 0.97, F1: 0.67, AUC: 0.52
Epoch [27/100] [TRAIN] Loss: 0.7247, Accuracy: 50.66%, AUC: 0.51 [VAL] Loss: 0.7236, Accuracy: 50.80%, Precision: 0.51, Recall: 0.97, F1: 0.67, AUC: 0.52
Epoch [28/100] [TRAIN] Loss: 0.7244, Accuracy: 50.12%, AUC: 0.51 [VAL] Loss: 0.7236, Accuracy: 50.70%, Precision: 0.51, Recall: 0.97, F1: 0.67, AUC: 0.51
Epoch [29/100] [TRAIN] Loss: 0.7240, Accuracy: 50.84%, AUC: 0.52 [VAL] Loss: 0.7235, Accuracy: 50.80%, Precision: 0.51, Recall: 0.97, F1: 0.67, AUC: 0.52
Epoch [30/100] [TRAIN] Loss: 0.7241, Accuracy: 51.40%, AUC: 0.51 [VAL] Loss: 0.7235, Accuracy: 50.80%, Precision: 0.51, Recall: 0.97, F1: 0.67, AUC: 0.52
Epoch [31/100] [TRAIN] Loss: 0.7236, Accuracy: 50.67%, AUC: 0.51 [VAL] Loss: 0.7234, Accuracy: 50.80%, Precision: 0.51, Recall: 0.97, F1: 0.67, AUC: 0.52
Epoch [32/100] [TRAIN] Loss: 0.7241, Accuracy: 50.10%, AUC: 0.51 [VAL] Loss: 0.7233, Accuracy: 50.80%, Precision: 0.51, Recall: 0.97, F1: 0.67, AUC: 0.52
Epoch [33/100] [TRAIN] Loss: 0.7238, Accuracy: 50.19%, AUC: 0.51 [VAL] Loss: 0.7233, Accuracy: 50.70%, Precision: 0.51, Recall: 0.97, F1: 0.67, AUC: 0.51
Epoch [34/100] [TRAIN] Loss: 0.7239, Accuracy: 49.94%, AUC: 0.51 [VAL] Loss: 0.7232, Accuracy: 50.70%, Precision: 0.51, Recall: 0.97, F1: 0.67, AUC: 0.51
Epoch [35/100] [TRAIN] Loss: 0.7243, Accuracy: 51.24%, AUC: 0.51 [VAL] Loss: 0.7232, Accuracy: 50.70%, Precision: 0.51, Recall: 0.97, F1: 0.67, AUC: 0.51
Epoch [36/100] [TRAIN] Loss: 0.7238, Accuracy: 50.64%, AUC: 0.51 [VAL] Loss: 0.7231, Accuracy: 50.70%, Precision: 0.51, Recall: 0.97, F1: 0.67, AUC: 0.51
Epoch [37/100] [TRAIN] Loss: 0.7236, Accuracy: 51.25%, AUC: 0.51 [VAL] Loss: 0.7231, Accuracy: 50.70%, Precision: 0.51, Recall: 0.97, F1: 0.67, AUC: 0.51
Epoch [38/100] [TRAIN] Loss: 0.7233, Accuracy: 50.35%, AUC: 0.51 [VAL] Loss: 0.7230, Accuracy: 50.70%, Precision: 0.51, Recall: 0.97, F1: 0.67, AUC: 0.51
Epoch [39/100] [TRAIN] Loss: 0.7238, Accuracy: 50.84%, AUC: 0.51 [VAL] Loss: 0.7230, Accuracy: 50.70%, Precision: 0.51, Recall: 0.97, F1: 0.67, AUC: 0.51
Epoch [40/100] [TRAIN] Loss: 0.7237, Accuracy: 50.10%, AUC: 0.51 [VAL] Loss: 0.7229, Accuracy: 50.70%, Precision: 0.51, Recall: 0.97, F1: 0.67, AUC: 0.51
Epoch [41/100] [TRAIN] Loss: 0.7234, Accuracy: 51.04%, AUC: 0.51 [VAL] Loss: 0.7229, Accuracy: 50.70%, Precision: 0.51, Recall: 0.97, F1: 0.67, AUC: 0.51
Epoch [42/100] [TRAIN] Loss: 0.7237, Accuracy: 49.94%, AUC: 0.50 [VAL] Loss: 0.7229, Accuracy: 50.70%, Precision: 0.51, Recall: 0.97, F1: 0.67, AUC: 0.51
Epoch [43/100] [TRAIN] Loss: 0.7243, Accuracy: 49.90%, AUC: 0.50 [VAL] Loss: 0.7228, Accuracy: 50.70%, Precision: 0.51, Recall: 0.97, F1: 0.67, AUC: 0.51
Epoch [44/100] [TRAIN] Loss: 0.7235, Accuracy: 50.25%, AUC: 0.51 [VAL] Loss: 0.7228, Accuracy: 50.70%, Precision: 0.51, Recall: 0.97, F1: 0.67, AUC: 0.51
Epoch [45/100] [TRAIN] Loss: 0.7236, Accuracy: 49.67%, AUC: 0.50 [VAL] Loss: 0.7227, Accuracy: 50.70%, Precision: 0.51, Recall: 0.97, F1: 0.67, AUC: 0.51
Epoch [46/100] [TRAIN] Loss: 0.7235, Accuracy: 51.34%, AUC: 0.51 [VAL] Loss: 0.7227, Accuracy: 50.70%, Precision: 0.51, Recall: 0.97, F1: 0.67, AUC: 0.51
Epoch [47/100] [TRAIN] Loss: 0.7231, Accuracy: 50.94%, AUC: 0.51 [VAL] Loss: 0.7227, Accuracy: 50.70%, Precision: 0.51, Recall: 0.97, F1: 0.67, AUC: 0.51
Epoch [48/100] [TRAIN] Loss: 0.7232, Accuracy: 50.79%, AUC: 0.51 [VAL] Loss: 0.7226, Accuracy: 50.70%, Precision: 0.51, Recall: 0.97, F1: 0.67, AUC: 0.51
Epoch [49/100] [TRAIN] Loss: 0.7230, Accuracy: 50.76%, AUC: 0.51 [VAL] Loss: 0.7226, Accuracy: 50.60%, Precision: 0.51, Recall: 0.97, F1: 0.66, AUC: 0.51
Epoch [50/100] [TRAIN] Loss: 0.7234, Accuracy: 51.60%, AUC: 0.52 [VAL] Loss: 0.7225, Accuracy: 50.60%, Precision: 0.51, Recall: 0.97, F1: 0.66, AUC: 0.51
Epoch [51/100] [TRAIN] Loss: 0.7236, Accuracy: 49.99%, AUC: 0.50 [VAL] Loss: 0.7225, Accuracy: 50.70%, Precision: 0.51, Recall: 0.97, F1: 0.67, AUC: 0.51
Epoch [52/100] [TRAIN] Loss: 0.7231, Accuracy: 50.91%, AUC: 0.51 [VAL] Loss: 0.7225, Accuracy: 50.70%, Precision: 0.51, Recall: 0.97, F1: 0.67, AUC: 0.51
Epoch [53/100] [TRAIN] Loss: 0.7236, Accuracy: 50.11%, AUC: 0.50 [VAL] Loss: 0.7224, Accuracy: 50.70%, Precision: 0.51, Recall: 0.97, F1: 0.67, AUC: 0.51
Epoch [54/100] [TRAIN] Loss: 0.7232, Accuracy: 50.46%, AUC: 0.51 [VAL] Loss: 0.7224, Accuracy: 50.70%, Precision: 0.51, Recall: 0.97, F1: 0.67, AUC: 0.51
Epoch [55/100] [TRAIN] Loss: 0.7224, Accuracy: 50.76%, AUC: 0.51 [VAL] Loss: 0.7223, Accuracy: 50.70%, Precision: 0.51, Recall: 0.97, F1: 0.67, AUC: 0.51
Epoch [56/100] [TRAIN] Loss: 0.7229, Accuracy: 50.16%, AUC: 0.50 [VAL] Loss: 0.7223, Accuracy: 50.70%, Precision: 0.51, Recall: 0.97, F1: 0.67, AUC: 0.51
Epoch [57/100] [TRAIN] Loss: 0.7231, Accuracy: 49.23%, AUC: 0.50 [VAL] Loss: 0.7223, Accuracy: 50.80%, Precision: 0.51, Recall: 0.97, F1: 0.67, AUC: 0.52
Epoch [58/100] [TRAIN] Loss: 0.7224, Accuracy: 51.41%, AUC: 0.52 [VAL] Loss: 0.7222, Accuracy: 50.80%, Precision: 0.51, Recall: 0.97, F1: 0.67, AUC: 0.52
Epoch [59/100] [TRAIN] Loss: 0.7226, Accuracy: 50.40%, AUC: 0.51 [VAL] Loss: 0.7222, Accuracy: 50.80%, Precision: 0.51, Recall: 0.97, F1: 0.67, AUC: 0.52
Epoch [60/100] [TRAIN] Loss: 0.7230, Accuracy: 50.51%, AUC: 0.51 [VAL] Loss: 0.7221, Accuracy: 50.80%, Precision: 0.51, Recall: 0.97, F1: 0.67, AUC: 0.52
Epoch [61/100] [TRAIN] Loss: 0.7227, Accuracy: 51.00%, AUC: 0.52 [VAL] Loss: 0.7221, Accuracy: 51.10%, Precision: 0.51, Recall: 0.97, F1: 0.67, AUC: 0.52
Epoch [62/100] [TRAIN] Loss: 0.7230, Accuracy: 50.89%, AUC: 0.51 [VAL] Loss: 0.7221, Accuracy: 51.10%, Precision: 0.51, Recall: 0.97, F1: 0.67, AUC: 0.52
Epoch [63/100] [TRAIN] Loss: 0.7234, Accuracy: 51.16%, AUC: 0.51 [VAL] Loss: 0.7220, Accuracy: 51.10%, Precision: 0.51, Recall: 0.97, F1: 0.67, AUC: 0.52
Epoch [64/100] [TRAIN] Loss: 0.7226, Accuracy: 51.00%, AUC: 0.52 [VAL] Loss: 0.7220, Accuracy: 51.10%, Precision: 0.51, Recall: 0.97, F1: 0.67, AUC: 0.52
Epoch [65/100] [TRAIN] Loss: 0.7224, Accuracy: 50.85%, AUC: 0.51 [VAL] Loss: 0.7220, Accuracy: 51.10%, Precision: 0.51, Recall: 0.97, F1: 0.67, AUC: 0.52
Epoch [66/100] [TRAIN] Loss: 0.7224, Accuracy: 50.31%, AUC: 0.51 [VAL] Loss: 0.7219, Accuracy: 51.10%, Precision: 0.51, Recall: 0.97, F1: 0.67, AUC: 0.52
Epoch [67/100] [TRAIN] Loss: 0.7222, Accuracy: 50.70%, AUC: 0.52 [VAL] Loss: 0.7219, Accuracy: 51.10%, Precision: 0.51, Recall: 0.97, F1: 0.67, AUC: 0.52
Epoch [68/100] [TRAIN] Loss: 0.7227, Accuracy: 51.08%, AUC: 0.52 [VAL] Loss: 0.7219, Accuracy: 51.10%, Precision: 0.51, Recall: 0.97, F1: 0.67, AUC: 0.52
Epoch [69/100] [TRAIN] Loss: 0.7221, Accuracy: 51.48%, AUC: 0.52 [VAL] Loss: 0.7218, Accuracy: 51.10%, Precision: 0.51, Recall: 0.97, F1: 0.67, AUC: 0.52
Epoch [70/100] [TRAIN] Loss: 0.7224, Accuracy: 51.10%, AUC: 0.52 [VAL] Loss: 0.7218, Accuracy: 51.10%, Precision: 0.51, Recall: 0.97, F1: 0.67, AUC: 0.52
Epoch [71/100] [TRAIN] Loss: 0.7221, Accuracy: 49.60%, AUC: 0.50 [VAL] Loss: 0.7218, Accuracy: 51.10%, Precision: 0.51, Recall: 0.97, F1: 0.67, AUC: 0.52
Epoch [72/100] [TRAIN] Loss: 0.7223, Accuracy: 51.42%, AUC: 0.52 [VAL] Loss: 0.7217, Accuracy: 51.10%, Precision: 0.51, Recall: 0.97, F1: 0.67, AUC: 0.52
Epoch [73/100] [TRAIN] Loss: 0.7224, Accuracy: 51.55%, AUC: 0.52 [VAL] Loss: 0.7217, Accuracy: 51.10%, Precision: 0.51, Recall: 0.97, F1: 0.67, AUC: 0.52
Epoch [74/100] [TRAIN] Loss: 0.7222, Accuracy: 50.38%, AUC: 0.51 [VAL] Loss: 0.7217, Accuracy: 51.10%, Precision: 0.51, Recall: 0.97, F1: 0.67, AUC: 0.52
Epoch [75/100] [TRAIN] Loss: 0.7225, Accuracy: 50.40%, AUC: 0.50 [VAL] Loss: 0.7216, Accuracy: 51.10%, Precision: 0.51, Recall: 0.97, F1: 0.67, AUC: 0.52
Epoch [76/100] [TRAIN] Loss: 0.7224, Accuracy: 50.17%, AUC: 0.50 [VAL] Loss: 0.7216, Accuracy: 51.10%, Precision: 0.51, Recall: 0.97, F1: 0.67, AUC: 0.52
Epoch [77/100] [TRAIN] Loss: 0.7222, Accuracy: 50.45%, AUC: 0.51 [VAL] Loss: 0.7216, Accuracy: 51.10%, Precision: 0.51, Recall: 0.97, F1: 0.67, AUC: 0.52
Epoch [78/100] [TRAIN] Loss: 0.7221, Accuracy: 51.14%, AUC: 0.52 [VAL] Loss: 0.7216, Accuracy: 51.10%, Precision: 0.51, Recall: 0.97, F1: 0.67, AUC: 0.52
Epoch [79/100] [TRAIN] Loss: 0.7222, Accuracy: 50.76%, AUC: 0.52 [VAL] Loss: 0.7215, Accuracy: 51.10%, Precision: 0.51, Recall: 0.97, F1: 0.67, AUC: 0.52
Epoch [80/100] [TRAIN] Loss: 0.7223, Accuracy: 50.59%, AUC: 0.51 [VAL] Loss: 0.7215, Accuracy: 51.10%, Precision: 0.51, Recall: 0.97, F1: 0.67, AUC: 0.52
Epoch [81/100] [TRAIN] Loss: 0.7217, Accuracy: 51.19%, AUC: 0.52 [VAL] Loss: 0.7215, Accuracy: 51.10%, Precision: 0.51, Recall: 0.97, F1: 0.67, AUC: 0.52
Epoch [82/100] [TRAIN] Loss: 0.7221, Accuracy: 50.83%, AUC: 0.51 [VAL] Loss: 0.7214, Accuracy: 51.10%, Precision: 0.51, Recall: 0.97, F1: 0.67, AUC: 0.52
Epoch [83/100] [TRAIN] Loss: 0.7218, Accuracy: 50.42%, AUC: 0.51 [VAL] Loss: 0.7214, Accuracy: 51.10%, Precision: 0.51, Recall: 0.97, F1: 0.67, AUC: 0.52
Epoch [84/100] [TRAIN] Loss: 0.7217, Accuracy: 51.12%, AUC: 0.52 [VAL] Loss: 0.7214, Accuracy: 51.10%, Precision: 0.51, Recall: 0.97, F1: 0.67, AUC: 0.52
Epoch [85/100] [TRAIN] Loss: 0.7219, Accuracy: 51.19%, AUC: 0.52 [VAL] Loss: 0.7214, Accuracy: 51.10%, Precision: 0.51, Recall: 0.97, F1: 0.67, AUC: 0.52
Epoch [86/100] [TRAIN] Loss: 0.7219, Accuracy: 50.66%, AUC: 0.51 [VAL] Loss: 0.7213, Accuracy: 51.10%, Precision: 0.51, Recall: 0.97, F1: 0.67, AUC: 0.52
Epoch [87/100] [TRAIN] Loss: 0.7222, Accuracy: 50.85%, AUC: 0.52 [VAL] Loss: 0.7213, Accuracy: 51.10%, Precision: 0.51, Recall: 0.97, F1: 0.67, AUC: 0.52
Epoch [88/100] [TRAIN] Loss: 0.7218, Accuracy: 50.52%, AUC: 0.51 [VAL] Loss: 0.7213, Accuracy: 51.10%, Precision: 0.51, Recall: 0.97, F1: 0.67, AUC: 0.52
Epoch [89/100] [TRAIN] Loss: 0.7218, Accuracy: 50.96%, AUC: 0.52 [VAL] Loss: 0.7212, Accuracy: 51.10%, Precision: 0.51, Recall: 0.97, F1: 0.67, AUC: 0.52
Epoch [90/100] [TRAIN] Loss: 0.7215, Accuracy: 50.96%, AUC: 0.52 [VAL] Loss: 0.7212, Accuracy: 51.10%, Precision: 0.51, Recall: 0.97, F1: 0.67, AUC: 0.52
Epoch [91/100] [TRAIN] Loss: 0.7220, Accuracy: 51.00%, AUC: 0.52 [VAL] Loss: 0.7212, Accuracy: 50.90%, Precision: 0.51, Recall: 0.97, F1: 0.67, AUC: 0.52
Epoch [92/100] [TRAIN] Loss: 0.7217, Accuracy: 50.71%, AUC: 0.51 [VAL] Loss: 0.7212, Accuracy: 51.10%, Precision: 0.51, Recall: 0.97, F1: 0.67, AUC: 0.52
Epoch [93/100] [TRAIN] Loss: 0.7217, Accuracy: 50.96%, AUC: 0.51 [VAL] Loss: 0.7211, Accuracy: 51.10%, Precision: 0.51, Recall: 0.97, F1: 0.67, AUC: 0.52
Epoch [94/100] [TRAIN] Loss: 0.7219, Accuracy: 50.02%, AUC: 0.51 [VAL] Loss: 0.7211, Accuracy: 50.90%, Precision: 0.51, Recall: 0.97, F1: 0.67, AUC: 0.52
Epoch [95/100] [TRAIN] Loss: 0.7217, Accuracy: 51.14%, AUC: 0.52 [VAL] Loss: 0.7211, Accuracy: 50.90%, Precision: 0.51, Recall: 0.97, F1: 0.67, AUC: 0.52
Epoch [96/100] [TRAIN] Loss: 0.7219, Accuracy: 50.23%, AUC: 0.51 [VAL] Loss: 0.7210, Accuracy: 50.90%, Precision: 0.51, Recall: 0.97, F1: 0.67, AUC: 0.52
Epoch [97/100] [TRAIN] Loss: 0.7213, Accuracy: 51.23%, AUC: 0.52 [VAL] Loss: 0.7210, Accuracy: 50.90%, Precision: 0.51, Recall: 0.97, F1: 0.67, AUC: 0.52
Epoch [98/100] [TRAIN] Loss: 0.7214, Accuracy: 50.76%, AUC: 0.51 [VAL] Loss: 0.7210, Accuracy: 50.90%, Precision: 0.51, Recall: 0.97, F1: 0.67, AUC: 0.52
Epoch [99/100] [TRAIN] Loss: 0.7221, Accuracy: 49.94%, AUC: 0.50 [VAL] Loss: 0.7210, Accuracy: 50.90%, Precision: 0.51, Recall: 0.97, F1: 0.67, AUC: 0.52
Epoch [100/100] [TRAIN] Loss: 0.7214, Accuracy: 51.49%, AUC: 0.52 [VAL] Loss: 0.7209, Accuracy: 50.90%, Precision: 0.51, Recall: 0.97, F1: 0.67, AUC: 0.52
  Antisymmetry score (raw):        0.0910
  Antisymmetry score (confident):  1.0000
  Total violations:                909 / 1000
  Pairs near boundary:             984 (98.4%)
  Avg |prob-0.5| at violation:     0.0000

--- Training baselines (LogisticRegression, RandomForest, SVM) ---

  Training LogisticRegression...
  Val accuracy: 50.20%

  [LogisticRegression]  Accuracy: 50.40%  AUC: 0.4890  Precision: 0.4500  Recall: 0.0366  F1: 0.0677  Antisym: 0.0610

  Training RandomForest...
  Val accuracy: 50.90%

  [RandomForest]  Accuracy: 51.80%  AUC: 0.5185  Precision: 0.6042  Recall: 0.0589  F1: 0.1074  Antisym: 0.0550

  Training SVM_Linear...
  Val accuracy: 49.80%

  [SVM_Linear]  Accuracy: 51.40%  AUC: 0.5047  Precision: 0.7500  Recall: 0.0183  F1: 0.0357  Antisym: 0.0170
Seed: 123
=== DirectRanker ===
Accuracy:  51.00 %
AUC:       0.5371
Precision: 0.5010
Recall:    0.9715
F1-Score:  0.6611
Antisymmetry score:  0.0910  (1.0 = perfect, ~0.5 = random)

Detailed Classification Report:
              precision    recall  f1-score   support

           0       0.70      0.06      0.12       508
           1       0.50      0.97      0.66       492

    accuracy                           0.51      1000
   macro avg       0.60      0.52      0.39      1000
weighted avg       0.60      0.51      0.38      1000


Confusion Matrix:
[[ 32 476]
 [ 14 478]]

=== LogisticRegression ===
Accuracy:  50.40 %
AUC:       0.4890
Precision: 0.4500
Recall:    0.0366
F1-Score:  0.0677
Antisymmetry score:  0.0610
Confusion Matrix:
[[486  22]
 [474  18]]

=== RandomForest ===
Accuracy:  51.80 %
AUC:       0.5185
Precision: 0.6042
Recall:    0.0589
F1-Score:  0.1074
Antisymmetry score:  0.0550
Confusion Matrix:
[[489  19]
 [463  29]]

=== SVM_Linear ===
Accuracy:  51.40 %
AUC:       0.5047
Precision: 0.7500
Recall:    0.0183
F1-Score:  0.0357
Antisymmetry score:  0.0170
Confusion Matrix:
[[505   3]
 [483   9]]

Saved combined test metrics: /group/pmc021/amunif/epi-thesis/workflow/16_Pairwise Ranking Healthy Liver/output/combined/donor_4/test/002-H3K9me3-seed123-test-metrics.csv
Saved combined ROC plot: /group/pmc021/amunif/epi-thesis/workflow/16_Pairwise Ranking Healthy Liver/output/combined/donor_4/img/roc/002-H3K9me3-seed123-roc-combined.png

Finished 002-H3K9me3 (seed 123)

======================================================================
003-H3K27ac
======================================================================
Train label distribution:
  Label 0:   4091 (51.1%)
  Label 1:   3909 (48.9%)
Val label distribution:
  Label 0:    494 (49.4%)
  Label 1:    506 (50.6%)
Test label distribution:
  Label 0:    508 (50.8%)
  Label 1:    492 (49.2%)

--- Training DirectRanker ---
Epoch [1/100] [TRAIN] Loss: 0.6781, Accuracy: 65.01%, AUC: 0.71 [VAL] Loss: 0.5867, Accuracy: 73.10%, Precision: 0.71, Recall: 0.80, F1: 0.75, AUC: 0.81
Epoch [2/100] [TRAIN] Loss: 0.6261, Accuracy: 71.90%, AUC: 0.78 [VAL] Loss: 0.5791, Accuracy: 72.80%, Precision: 0.70, Recall: 0.80, F1: 0.75, AUC: 0.81
Epoch [3/100] [TRAIN] Loss: 0.6200, Accuracy: 72.36%, AUC: 0.78 [VAL] Loss: 0.5760, Accuracy: 72.60%, Precision: 0.70, Recall: 0.80, F1: 0.75, AUC: 0.81
Epoch [4/100] [TRAIN] Loss: 0.6133, Accuracy: 72.46%, AUC: 0.79 [VAL] Loss: 0.5750, Accuracy: 72.20%, Precision: 0.70, Recall: 0.80, F1: 0.74, AUC: 0.81
Epoch [5/100] [TRAIN] Loss: 0.6072, Accuracy: 72.65%, AUC: 0.79 [VAL] Loss: 0.5732, Accuracy: 72.60%, Precision: 0.70, Recall: 0.80, F1: 0.75, AUC: 0.81
Epoch [6/100] [TRAIN] Loss: 0.6031, Accuracy: 72.64%, AUC: 0.79 [VAL] Loss: 0.5720, Accuracy: 72.60%, Precision: 0.70, Recall: 0.80, F1: 0.75, AUC: 0.81
Epoch [7/100] [TRAIN] Loss: 0.5989, Accuracy: 73.14%, AUC: 0.80 [VAL] Loss: 0.5703, Accuracy: 72.40%, Precision: 0.70, Recall: 0.81, F1: 0.75, AUC: 0.81
Epoch [8/100] [TRAIN] Loss: 0.5993, Accuracy: 72.31%, AUC: 0.79 [VAL] Loss: 0.5695, Accuracy: 72.30%, Precision: 0.70, Recall: 0.80, F1: 0.75, AUC: 0.81
Epoch [9/100] [TRAIN] Loss: 0.5981, Accuracy: 72.56%, AUC: 0.79 [VAL] Loss: 0.5688, Accuracy: 72.40%, Precision: 0.70, Recall: 0.81, F1: 0.75, AUC: 0.81
Epoch [10/100] [TRAIN] Loss: 0.5933, Accuracy: 73.09%, AUC: 0.80 [VAL] Loss: 0.5681, Accuracy: 72.20%, Precision: 0.69, Recall: 0.81, F1: 0.75, AUC: 0.81
Epoch [11/100] [TRAIN] Loss: 0.5925, Accuracy: 73.75%, AUC: 0.80 [VAL] Loss: 0.5668, Accuracy: 72.10%, Precision: 0.69, Recall: 0.81, F1: 0.75, AUC: 0.81
Epoch [12/100] [TRAIN] Loss: 0.5963, Accuracy: 72.55%, AUC: 0.79 [VAL] Loss: 0.5673, Accuracy: 72.10%, Precision: 0.69, Recall: 0.81, F1: 0.75, AUC: 0.81
Epoch [13/100] [TRAIN] Loss: 0.5954, Accuracy: 73.05%, AUC: 0.80 [VAL] Loss: 0.5669, Accuracy: 72.00%, Precision: 0.69, Recall: 0.81, F1: 0.74, AUC: 0.81
Epoch [14/100] [TRAIN] Loss: 0.5925, Accuracy: 72.85%, AUC: 0.80 [VAL] Loss: 0.5658, Accuracy: 72.00%, Precision: 0.69, Recall: 0.81, F1: 0.74, AUC: 0.81
Epoch [15/100] [TRAIN] Loss: 0.5898, Accuracy: 72.84%, AUC: 0.80 [VAL] Loss: 0.5648, Accuracy: 72.20%, Precision: 0.69, Recall: 0.81, F1: 0.75, AUC: 0.81
Epoch [16/100] [TRAIN] Loss: 0.5913, Accuracy: 72.97%, AUC: 0.80 [VAL] Loss: 0.5647, Accuracy: 72.70%, Precision: 0.70, Recall: 0.82, F1: 0.75, AUC: 0.82
Epoch [17/100] [TRAIN] Loss: 0.5903, Accuracy: 73.12%, AUC: 0.80 [VAL] Loss: 0.5637, Accuracy: 72.50%, Precision: 0.69, Recall: 0.82, F1: 0.75, AUC: 0.82
Epoch [18/100] [TRAIN] Loss: 0.5828, Accuracy: 73.41%, AUC: 0.81 [VAL] Loss: 0.5630, Accuracy: 72.70%, Precision: 0.70, Recall: 0.82, F1: 0.75, AUC: 0.82
Epoch [19/100] [TRAIN] Loss: 0.5879, Accuracy: 72.36%, AUC: 0.80 [VAL] Loss: 0.5633, Accuracy: 72.70%, Precision: 0.70, Recall: 0.82, F1: 0.75, AUC: 0.82
Epoch [20/100] [TRAIN] Loss: 0.5885, Accuracy: 73.04%, AUC: 0.80 [VAL] Loss: 0.5634, Accuracy: 72.60%, Precision: 0.70, Recall: 0.82, F1: 0.75, AUC: 0.82
Epoch [21/100] [TRAIN] Loss: 0.5853, Accuracy: 73.00%, AUC: 0.80 [VAL] Loss: 0.5628, Accuracy: 72.60%, Precision: 0.70, Recall: 0.82, F1: 0.75, AUC: 0.82
Epoch [22/100] [TRAIN] Loss: 0.5880, Accuracy: 73.03%, AUC: 0.80 [VAL] Loss: 0.5626, Accuracy: 72.60%, Precision: 0.70, Recall: 0.82, F1: 0.75, AUC: 0.82
Epoch [23/100] [TRAIN] Loss: 0.5859, Accuracy: 72.58%, AUC: 0.80 [VAL] Loss: 0.5620, Accuracy: 72.50%, Precision: 0.69, Recall: 0.82, F1: 0.75, AUC: 0.82
Epoch [24/100] [TRAIN] Loss: 0.5872, Accuracy: 73.14%, AUC: 0.80 [VAL] Loss: 0.5622, Accuracy: 72.50%, Precision: 0.69, Recall: 0.82, F1: 0.75, AUC: 0.82
Epoch [25/100] [TRAIN] Loss: 0.5827, Accuracy: 73.04%, AUC: 0.80 [VAL] Loss: 0.5613, Accuracy: 72.80%, Precision: 0.70, Recall: 0.82, F1: 0.75, AUC: 0.82
Epoch [26/100] [TRAIN] Loss: 0.5867, Accuracy: 73.15%, AUC: 0.80 [VAL] Loss: 0.5617, Accuracy: 72.60%, Precision: 0.70, Recall: 0.82, F1: 0.75, AUC: 0.82
Epoch [27/100] [TRAIN] Loss: 0.5842, Accuracy: 73.20%, AUC: 0.80 [VAL] Loss: 0.5610, Accuracy: 72.60%, Precision: 0.70, Recall: 0.82, F1: 0.75, AUC: 0.82
Epoch [28/100] [TRAIN] Loss: 0.5846, Accuracy: 72.64%, AUC: 0.80 [VAL] Loss: 0.5607, Accuracy: 72.60%, Precision: 0.70, Recall: 0.82, F1: 0.75, AUC: 0.82
Epoch [29/100] [TRAIN] Loss: 0.5873, Accuracy: 72.64%, AUC: 0.80 [VAL] Loss: 0.5606, Accuracy: 72.60%, Precision: 0.70, Recall: 0.82, F1: 0.75, AUC: 0.82
Epoch [30/100] [TRAIN] Loss: 0.5854, Accuracy: 72.81%, AUC: 0.80 [VAL] Loss: 0.5604, Accuracy: 72.60%, Precision: 0.69, Recall: 0.82, F1: 0.75, AUC: 0.82
Epoch [31/100] [TRAIN] Loss: 0.5806, Accuracy: 73.08%, AUC: 0.80 [VAL] Loss: 0.5594, Accuracy: 72.60%, Precision: 0.69, Recall: 0.82, F1: 0.75, AUC: 0.82
Epoch [32/100] [TRAIN] Loss: 0.5805, Accuracy: 72.67%, AUC: 0.80 [VAL] Loss: 0.5589, Accuracy: 72.60%, Precision: 0.69, Recall: 0.82, F1: 0.75, AUC: 0.82
Epoch [33/100] [TRAIN] Loss: 0.5829, Accuracy: 72.64%, AUC: 0.80 [VAL] Loss: 0.5591, Accuracy: 72.80%, Precision: 0.70, Recall: 0.82, F1: 0.75, AUC: 0.82
Epoch [34/100] [TRAIN] Loss: 0.5838, Accuracy: 72.75%, AUC: 0.80 [VAL] Loss: 0.5590, Accuracy: 72.80%, Precision: 0.70, Recall: 0.82, F1: 0.75, AUC: 0.82
Epoch [35/100] [TRAIN] Loss: 0.5797, Accuracy: 73.12%, AUC: 0.80 [VAL] Loss: 0.5589, Accuracy: 72.90%, Precision: 0.70, Recall: 0.82, F1: 0.75, AUC: 0.82
Epoch [36/100] [TRAIN] Loss: 0.5813, Accuracy: 73.15%, AUC: 0.81 [VAL] Loss: 0.5585, Accuracy: 72.80%, Precision: 0.70, Recall: 0.82, F1: 0.75, AUC: 0.82
Epoch [37/100] [TRAIN] Loss: 0.5809, Accuracy: 72.71%, AUC: 0.80 [VAL] Loss: 0.5580, Accuracy: 72.80%, Precision: 0.70, Recall: 0.82, F1: 0.75, AUC: 0.82
Epoch [38/100] [TRAIN] Loss: 0.5818, Accuracy: 73.15%, AUC: 0.80 [VAL] Loss: 0.5580, Accuracy: 72.90%, Precision: 0.70, Recall: 0.82, F1: 0.75, AUC: 0.82
Epoch [39/100] [TRAIN] Loss: 0.5836, Accuracy: 72.83%, AUC: 0.80 [VAL] Loss: 0.5585, Accuracy: 72.90%, Precision: 0.70, Recall: 0.82, F1: 0.75, AUC: 0.82
Epoch [40/100] [TRAIN] Loss: 0.5808, Accuracy: 72.51%, AUC: 0.80 [VAL] Loss: 0.5574, Accuracy: 72.90%, Precision: 0.70, Recall: 0.82, F1: 0.75, AUC: 0.82
Epoch [41/100] [TRAIN] Loss: 0.5795, Accuracy: 72.86%, AUC: 0.80 [VAL] Loss: 0.5572, Accuracy: 72.70%, Precision: 0.70, Recall: 0.81, F1: 0.75, AUC: 0.82
Epoch [42/100] [TRAIN] Loss: 0.5790, Accuracy: 72.97%, AUC: 0.80 [VAL] Loss: 0.5568, Accuracy: 72.60%, Precision: 0.70, Recall: 0.81, F1: 0.75, AUC: 0.82
Epoch [43/100] [TRAIN] Loss: 0.5763, Accuracy: 73.11%, AUC: 0.81 [VAL] Loss: 0.5559, Accuracy: 72.80%, Precision: 0.70, Recall: 0.82, F1: 0.75, AUC: 0.82
Epoch [44/100] [TRAIN] Loss: 0.5766, Accuracy: 73.26%, AUC: 0.81 [VAL] Loss: 0.5565, Accuracy: 72.60%, Precision: 0.70, Recall: 0.81, F1: 0.75, AUC: 0.82
Epoch [45/100] [TRAIN] Loss: 0.5808, Accuracy: 72.62%, AUC: 0.80 [VAL] Loss: 0.5563, Accuracy: 72.70%, Precision: 0.70, Recall: 0.81, F1: 0.75, AUC: 0.82
Epoch [46/100] [TRAIN] Loss: 0.5773, Accuracy: 72.78%, AUC: 0.81 [VAL] Loss: 0.5555, Accuracy: 72.90%, Precision: 0.70, Recall: 0.82, F1: 0.75, AUC: 0.82
Epoch [47/100] [TRAIN] Loss: 0.5773, Accuracy: 72.94%, AUC: 0.81 [VAL] Loss: 0.5554, Accuracy: 73.10%, Precision: 0.70, Recall: 0.82, F1: 0.76, AUC: 0.82
Epoch [48/100] [TRAIN] Loss: 0.5766, Accuracy: 73.46%, AUC: 0.81 [VAL] Loss: 0.5553, Accuracy: 73.10%, Precision: 0.70, Recall: 0.82, F1: 0.75, AUC: 0.82
Epoch [49/100] [TRAIN] Loss: 0.5731, Accuracy: 73.45%, AUC: 0.81 [VAL] Loss: 0.5544, Accuracy: 73.20%, Precision: 0.70, Recall: 0.82, F1: 0.76, AUC: 0.82
Epoch [50/100] [TRAIN] Loss: 0.5766, Accuracy: 73.38%, AUC: 0.81 [VAL] Loss: 0.5544, Accuracy: 73.10%, Precision: 0.70, Recall: 0.82, F1: 0.75, AUC: 0.82
Epoch [51/100] [TRAIN] Loss: 0.5761, Accuracy: 72.88%, AUC: 0.81 [VAL] Loss: 0.5546, Accuracy: 72.80%, Precision: 0.70, Recall: 0.81, F1: 0.75, AUC: 0.82
Epoch [52/100] [TRAIN] Loss: 0.5772, Accuracy: 73.22%, AUC: 0.81 [VAL] Loss: 0.5544, Accuracy: 72.90%, Precision: 0.70, Recall: 0.81, F1: 0.75, AUC: 0.82
Epoch [53/100] [TRAIN] Loss: 0.5769, Accuracy: 73.12%, AUC: 0.81 [VAL] Loss: 0.5545, Accuracy: 72.90%, Precision: 0.70, Recall: 0.81, F1: 0.75, AUC: 0.82
Epoch [54/100] [TRAIN] Loss: 0.5746, Accuracy: 73.08%, AUC: 0.81 [VAL] Loss: 0.5541, Accuracy: 72.90%, Precision: 0.70, Recall: 0.81, F1: 0.75, AUC: 0.82
Epoch [55/100] [TRAIN] Loss: 0.5752, Accuracy: 72.83%, AUC: 0.81 [VAL] Loss: 0.5539, Accuracy: 72.90%, Precision: 0.70, Recall: 0.81, F1: 0.75, AUC: 0.82
Epoch [56/100] [TRAIN] Loss: 0.5760, Accuracy: 72.71%, AUC: 0.81 [VAL] Loss: 0.5545, Accuracy: 72.90%, Precision: 0.70, Recall: 0.81, F1: 0.75, AUC: 0.82
Epoch [57/100] [TRAIN] Loss: 0.5731, Accuracy: 73.20%, AUC: 0.81 [VAL] Loss: 0.5535, Accuracy: 72.90%, Precision: 0.70, Recall: 0.81, F1: 0.75, AUC: 0.82
Epoch [58/100] [TRAIN] Loss: 0.5777, Accuracy: 72.85%, AUC: 0.81 [VAL] Loss: 0.5535, Accuracy: 72.80%, Precision: 0.70, Recall: 0.81, F1: 0.75, AUC: 0.82
Epoch [59/100] [TRAIN] Loss: 0.5771, Accuracy: 73.40%, AUC: 0.81 [VAL] Loss: 0.5534, Accuracy: 72.90%, Precision: 0.70, Recall: 0.81, F1: 0.75, AUC: 0.82
Epoch [60/100] [TRAIN] Loss: 0.5722, Accuracy: 73.21%, AUC: 0.81 [VAL] Loss: 0.5528, Accuracy: 72.80%, Precision: 0.70, Recall: 0.81, F1: 0.75, AUC: 0.82
Epoch [61/100] [TRAIN] Loss: 0.5724, Accuracy: 72.94%, AUC: 0.81 [VAL] Loss: 0.5528, Accuracy: 72.90%, Precision: 0.70, Recall: 0.81, F1: 0.75, AUC: 0.82
Epoch [62/100] [TRAIN] Loss: 0.5766, Accuracy: 72.89%, AUC: 0.81 [VAL] Loss: 0.5527, Accuracy: 72.80%, Precision: 0.70, Recall: 0.81, F1: 0.75, AUC: 0.82
Epoch [63/100] [TRAIN] Loss: 0.5728, Accuracy: 72.86%, AUC: 0.81 [VAL] Loss: 0.5519, Accuracy: 72.90%, Precision: 0.70, Recall: 0.81, F1: 0.75, AUC: 0.82
Epoch [64/100] [TRAIN] Loss: 0.5741, Accuracy: 73.22%, AUC: 0.81 [VAL] Loss: 0.5517, Accuracy: 72.90%, Precision: 0.70, Recall: 0.81, F1: 0.75, AUC: 0.82
Epoch [65/100] [TRAIN] Loss: 0.5753, Accuracy: 73.47%, AUC: 0.81 [VAL] Loss: 0.5522, Accuracy: 72.80%, Precision: 0.70, Recall: 0.81, F1: 0.75, AUC: 0.82
Epoch [66/100] [TRAIN] Loss: 0.5756, Accuracy: 72.91%, AUC: 0.81 [VAL] Loss: 0.5524, Accuracy: 72.90%, Precision: 0.70, Recall: 0.81, F1: 0.75, AUC: 0.82
Epoch [67/100] [TRAIN] Loss: 0.5759, Accuracy: 72.51%, AUC: 0.81 [VAL] Loss: 0.5523, Accuracy: 72.90%, Precision: 0.70, Recall: 0.81, F1: 0.75, AUC: 0.82
Epoch [68/100] [TRAIN] Loss: 0.5727, Accuracy: 73.08%, AUC: 0.81 [VAL] Loss: 0.5523, Accuracy: 72.90%, Precision: 0.70, Recall: 0.81, F1: 0.75, AUC: 0.82
Epoch [69/100] [TRAIN] Loss: 0.5724, Accuracy: 73.26%, AUC: 0.81 [VAL] Loss: 0.5511, Accuracy: 72.90%, Precision: 0.70, Recall: 0.81, F1: 0.75, AUC: 0.82
Epoch [70/100] [TRAIN] Loss: 0.5715, Accuracy: 73.31%, AUC: 0.81 [VAL] Loss: 0.5510, Accuracy: 72.90%, Precision: 0.70, Recall: 0.81, F1: 0.75, AUC: 0.82
Epoch [71/100] [TRAIN] Loss: 0.5725, Accuracy: 72.75%, AUC: 0.81 [VAL] Loss: 0.5508, Accuracy: 72.90%, Precision: 0.70, Recall: 0.81, F1: 0.75, AUC: 0.82
Epoch [72/100] [TRAIN] Loss: 0.5676, Accuracy: 73.31%, AUC: 0.81 [VAL] Loss: 0.5502, Accuracy: 72.90%, Precision: 0.70, Recall: 0.81, F1: 0.75, AUC: 0.82
Epoch [73/100] [TRAIN] Loss: 0.5698, Accuracy: 73.04%, AUC: 0.81 [VAL] Loss: 0.5504, Accuracy: 72.90%, Precision: 0.70, Recall: 0.81, F1: 0.75, AUC: 0.82
Epoch [74/100] [TRAIN] Loss: 0.5722, Accuracy: 72.84%, AUC: 0.81 [VAL] Loss: 0.5501, Accuracy: 72.90%, Precision: 0.70, Recall: 0.81, F1: 0.75, AUC: 0.82
Epoch [75/100] [TRAIN] Loss: 0.5712, Accuracy: 73.41%, AUC: 0.81 [VAL] Loss: 0.5498, Accuracy: 72.80%, Precision: 0.70, Recall: 0.81, F1: 0.75, AUC: 0.82
Epoch [76/100] [TRAIN] Loss: 0.5708, Accuracy: 73.34%, AUC: 0.81 [VAL] Loss: 0.5498, Accuracy: 72.80%, Precision: 0.70, Recall: 0.81, F1: 0.75, AUC: 0.82
Epoch [77/100] [TRAIN] Loss: 0.5683, Accuracy: 73.84%, AUC: 0.81 [VAL] Loss: 0.5495, Accuracy: 72.70%, Precision: 0.70, Recall: 0.81, F1: 0.75, AUC: 0.82
Epoch [78/100] [TRAIN] Loss: 0.5675, Accuracy: 73.19%, AUC: 0.81 [VAL] Loss: 0.5491, Accuracy: 72.80%, Precision: 0.70, Recall: 0.81, F1: 0.75, AUC: 0.82
Epoch [79/100] [TRAIN] Loss: 0.5676, Accuracy: 73.51%, AUC: 0.81 [VAL] Loss: 0.5488, Accuracy: 72.80%, Precision: 0.70, Recall: 0.81, F1: 0.75, AUC: 0.82
Epoch [80/100] [TRAIN] Loss: 0.5694, Accuracy: 73.49%, AUC: 0.81 [VAL] Loss: 0.5486, Accuracy: 72.60%, Precision: 0.70, Recall: 0.81, F1: 0.75, AUC: 0.82
Epoch [81/100] [TRAIN] Loss: 0.5697, Accuracy: 73.45%, AUC: 0.81 [VAL] Loss: 0.5490, Accuracy: 72.60%, Precision: 0.70, Recall: 0.81, F1: 0.75, AUC: 0.82
Epoch [82/100] [TRAIN] Loss: 0.5720, Accuracy: 73.38%, AUC: 0.81 [VAL] Loss: 0.5494, Accuracy: 72.70%, Precision: 0.70, Recall: 0.81, F1: 0.75, AUC: 0.82
Epoch [83/100] [TRAIN] Loss: 0.5682, Accuracy: 73.14%, AUC: 0.81 [VAL] Loss: 0.5487, Accuracy: 72.80%, Precision: 0.70, Recall: 0.81, F1: 0.75, AUC: 0.82
Epoch [84/100] [TRAIN] Loss: 0.5691, Accuracy: 72.79%, AUC: 0.81 [VAL] Loss: 0.5488, Accuracy: 72.60%, Precision: 0.70, Recall: 0.81, F1: 0.75, AUC: 0.82
Epoch [85/100] [TRAIN] Loss: 0.5701, Accuracy: 73.11%, AUC: 0.81 [VAL] Loss: 0.5483, Accuracy: 72.70%, Precision: 0.70, Recall: 0.81, F1: 0.75, AUC: 0.82
Epoch [86/100] [TRAIN] Loss: 0.5680, Accuracy: 73.01%, AUC: 0.81 [VAL] Loss: 0.5478, Accuracy: 72.70%, Precision: 0.70, Recall: 0.81, F1: 0.75, AUC: 0.82
Epoch [87/100] [TRAIN] Loss: 0.5672, Accuracy: 73.11%, AUC: 0.81 [VAL] Loss: 0.5476, Accuracy: 72.70%, Precision: 0.70, Recall: 0.81, F1: 0.75, AUC: 0.82
Epoch [88/100] [TRAIN] Loss: 0.5654, Accuracy: 73.59%, AUC: 0.81 [VAL] Loss: 0.5474, Accuracy: 72.70%, Precision: 0.70, Recall: 0.81, F1: 0.75, AUC: 0.82
Epoch [89/100] [TRAIN] Loss: 0.5675, Accuracy: 72.74%, AUC: 0.81 [VAL] Loss: 0.5479, Accuracy: 72.60%, Precision: 0.70, Recall: 0.81, F1: 0.75, AUC: 0.82
Epoch [90/100] [TRAIN] Loss: 0.5668, Accuracy: 72.67%, AUC: 0.81 [VAL] Loss: 0.5472, Accuracy: 72.60%, Precision: 0.70, Recall: 0.81, F1: 0.75, AUC: 0.82
Epoch [91/100] [TRAIN] Loss: 0.5646, Accuracy: 72.94%, AUC: 0.81 [VAL] Loss: 0.5469, Accuracy: 72.60%, Precision: 0.70, Recall: 0.81, F1: 0.75, AUC: 0.82
Epoch [92/100] [TRAIN] Loss: 0.5632, Accuracy: 73.78%, AUC: 0.82 [VAL] Loss: 0.5463, Accuracy: 72.50%, Precision: 0.70, Recall: 0.81, F1: 0.75, AUC: 0.82
Epoch [93/100] [TRAIN] Loss: 0.5700, Accuracy: 73.22%, AUC: 0.81 [VAL] Loss: 0.5469, Accuracy: 72.70%, Precision: 0.70, Recall: 0.81, F1: 0.75, AUC: 0.83
Epoch [94/100] [TRAIN] Loss: 0.5667, Accuracy: 73.34%, AUC: 0.81 [VAL] Loss: 0.5467, Accuracy: 72.80%, Precision: 0.70, Recall: 0.81, F1: 0.75, AUC: 0.83
Epoch [95/100] [TRAIN] Loss: 0.5629, Accuracy: 73.50%, AUC: 0.82 [VAL] Loss: 0.5457, Accuracy: 72.80%, Precision: 0.70, Recall: 0.81, F1: 0.75, AUC: 0.83
Epoch [96/100] [TRAIN] Loss: 0.5676, Accuracy: 73.51%, AUC: 0.81 [VAL] Loss: 0.5462, Accuracy: 72.70%, Precision: 0.70, Recall: 0.81, F1: 0.75, AUC: 0.83
Epoch [97/100] [TRAIN] Loss: 0.5649, Accuracy: 73.03%, AUC: 0.81 [VAL] Loss: 0.5459, Accuracy: 72.60%, Precision: 0.70, Recall: 0.81, F1: 0.75, AUC: 0.83
Epoch [98/100] [TRAIN] Loss: 0.5662, Accuracy: 73.14%, AUC: 0.81 [VAL] Loss: 0.5462, Accuracy: 72.70%, Precision: 0.70, Recall: 0.81, F1: 0.75, AUC: 0.83
Epoch [99/100] [TRAIN] Loss: 0.5648, Accuracy: 72.88%, AUC: 0.81 [VAL] Loss: 0.5456, Accuracy: 72.80%, Precision: 0.70, Recall: 0.81, F1: 0.75, AUC: 0.83
Epoch [100/100] [TRAIN] Loss: 0.5647, Accuracy: 73.21%, AUC: 0.81 [VAL] Loss: 0.5456, Accuracy: 72.60%, Precision: 0.70, Recall: 0.81, F1: 0.75, AUC: 0.83
  Antisymmetry score (raw):        0.8630
  Antisymmetry score (confident):  1.0000
  Total violations:                137 / 1000
  Pairs near boundary:             213 (21.3%)
  Avg |prob-0.5| at violation:     0.0000

--- Training baselines (LogisticRegression, RandomForest, SVM) ---

  Training LogisticRegression...
  Val accuracy: 73.30%

  [LogisticRegression]  Accuracy: 72.70%  AUC: 0.7957  Precision: 0.7626  Recall: 0.6463  F1: 0.6997  Antisym: 0.7450

  Training RandomForest...
  Val accuracy: 74.10%

  [RandomForest]  Accuracy: 74.30%  AUC: 0.8205  Precision: 0.7818  Recall: 0.6626  F1: 0.7173  Antisym: 0.7960

  Training SVM_Linear...
  Val accuracy: 72.70%

  [SVM_Linear]  Accuracy: 72.40%  AUC: 0.7951  Precision: 0.7621  Recall: 0.6382  F1: 0.6947  Antisym: 0.7450
Seed: 123
=== DirectRanker ===
Accuracy:  72.00 %
AUC:       0.8186
Precision: 0.6860
Recall:    0.7947
F1-Score:  0.7363
Antisymmetry score:  0.8630  (1.0 = perfect, ~0.5 = random)

Detailed Classification Report:
              precision    recall  f1-score   support

           0       0.77      0.65      0.70       508
           1       0.69      0.79      0.74       492

    accuracy                           0.72      1000
   macro avg       0.73      0.72      0.72      1000
weighted avg       0.73      0.72      0.72      1000


Confusion Matrix:
[[329 179]
 [101 391]]

=== LogisticRegression ===
Accuracy:  72.70 %
AUC:       0.7957
Precision: 0.7626
Recall:    0.6463
F1-Score:  0.6997
Antisymmetry score:  0.7450
Confusion Matrix:
[[409  99]
 [174 318]]

=== RandomForest ===
Accuracy:  74.30 %
AUC:       0.8205
Precision: 0.7818
Recall:    0.6626
F1-Score:  0.7173
Antisymmetry score:  0.7960
Confusion Matrix:
[[417  91]
 [166 326]]

=== SVM_Linear ===
Accuracy:  72.40 %
AUC:       0.7951
Precision: 0.7621
Recall:    0.6382
F1-Score:  0.6947
Antisymmetry score:  0.7450
Confusion Matrix:
[[410  98]
 [178 314]]

Saved combined test metrics: /group/pmc021/amunif/epi-thesis/workflow/16_Pairwise Ranking Healthy Liver/output/combined/donor_4/test/003-H3K27ac-seed123-test-metrics.csv
Saved combined ROC plot: /group/pmc021/amunif/epi-thesis/workflow/16_Pairwise Ranking Healthy Liver/output/combined/donor_4/img/roc/003-H3K27ac-seed123-roc-combined.png

Finished 003-H3K27ac (seed 123)

======================================================================
004-H3K27me3
======================================================================
Train label distribution:
  Label 0:   4091 (51.1%)
  Label 1:   3909 (48.9%)
Val label distribution:
  Label 0:    494 (49.4%)
  Label 1:    506 (50.6%)
Test label distribution:
  Label 0:    508 (50.8%)
  Label 1:    492 (49.2%)

--- Training DirectRanker ---
Epoch [1/100] [TRAIN] Loss: 0.7299, Accuracy: 49.48%, AUC: 0.49 [VAL] Loss: 0.7297, Accuracy: 49.70%, Precision: 0.50, Recall: 0.95, F1: 0.66, AUC: 0.48
Epoch [2/100] [TRAIN] Loss: 0.7295, Accuracy: 49.58%, AUC: 0.49 [VAL] Loss: 0.7292, Accuracy: 49.70%, Precision: 0.50, Recall: 0.95, F1: 0.66, AUC: 0.48
Epoch [3/100] [TRAIN] Loss: 0.7288, Accuracy: 49.29%, AUC: 0.49 [VAL] Loss: 0.7287, Accuracy: 49.70%, Precision: 0.50, Recall: 0.95, F1: 0.66, AUC: 0.48
Epoch [4/100] [TRAIN] Loss: 0.7285, Accuracy: 49.59%, AUC: 0.49 [VAL] Loss: 0.7282, Accuracy: 49.70%, Precision: 0.50, Recall: 0.95, F1: 0.66, AUC: 0.48
Epoch [5/100] [TRAIN] Loss: 0.7277, Accuracy: 50.96%, AUC: 0.51 [VAL] Loss: 0.7278, Accuracy: 49.90%, Precision: 0.50, Recall: 0.96, F1: 0.66, AUC: 0.49
Epoch [6/100] [TRAIN] Loss: 0.7276, Accuracy: 49.91%, AUC: 0.50 [VAL] Loss: 0.7275, Accuracy: 49.90%, Precision: 0.50, Recall: 0.96, F1: 0.66, AUC: 0.49
Epoch [7/100] [TRAIN] Loss: 0.7272, Accuracy: 49.21%, AUC: 0.49 [VAL] Loss: 0.7272, Accuracy: 49.90%, Precision: 0.50, Recall: 0.96, F1: 0.66, AUC: 0.49
Epoch [8/100] [TRAIN] Loss: 0.7268, Accuracy: 49.58%, AUC: 0.50 [VAL] Loss: 0.7269, Accuracy: 49.90%, Precision: 0.50, Recall: 0.96, F1: 0.66, AUC: 0.49
Epoch [9/100] [TRAIN] Loss: 0.7267, Accuracy: 49.01%, AUC: 0.49 [VAL] Loss: 0.7266, Accuracy: 50.20%, Precision: 0.50, Recall: 0.96, F1: 0.66, AUC: 0.49
Epoch [10/100] [TRAIN] Loss: 0.7262, Accuracy: 50.46%, AUC: 0.50 [VAL] Loss: 0.7264, Accuracy: 50.20%, Precision: 0.50, Recall: 0.96, F1: 0.66, AUC: 0.49
Epoch [11/100] [TRAIN] Loss: 0.7261, Accuracy: 50.09%, AUC: 0.50 [VAL] Loss: 0.7262, Accuracy: 50.20%, Precision: 0.50, Recall: 0.96, F1: 0.66, AUC: 0.49
Epoch [12/100] [TRAIN] Loss: 0.7258, Accuracy: 50.05%, AUC: 0.51 [VAL] Loss: 0.7260, Accuracy: 50.30%, Precision: 0.50, Recall: 0.97, F1: 0.66, AUC: 0.50
Epoch [13/100] [TRAIN] Loss: 0.7259, Accuracy: 50.33%, AUC: 0.50 [VAL] Loss: 0.7258, Accuracy: 50.30%, Precision: 0.50, Recall: 0.97, F1: 0.66, AUC: 0.50
Epoch [14/100] [TRAIN] Loss: 0.7258, Accuracy: 49.91%, AUC: 0.50 [VAL] Loss: 0.7256, Accuracy: 50.50%, Precision: 0.51, Recall: 0.97, F1: 0.66, AUC: 0.50
Epoch [15/100] [TRAIN] Loss: 0.7255, Accuracy: 50.19%, AUC: 0.51 [VAL] Loss: 0.7254, Accuracy: 50.50%, Precision: 0.51, Recall: 0.97, F1: 0.66, AUC: 0.50
Epoch [16/100] [TRAIN] Loss: 0.7251, Accuracy: 50.39%, AUC: 0.51 [VAL] Loss: 0.7253, Accuracy: 50.50%, Precision: 0.51, Recall: 0.97, F1: 0.66, AUC: 0.50
Epoch [17/100] [TRAIN] Loss: 0.7254, Accuracy: 49.24%, AUC: 0.49 [VAL] Loss: 0.7251, Accuracy: 50.40%, Precision: 0.51, Recall: 0.97, F1: 0.66, AUC: 0.50
Epoch [18/100] [TRAIN] Loss: 0.7249, Accuracy: 50.99%, AUC: 0.51 [VAL] Loss: 0.7250, Accuracy: 50.50%, Precision: 0.51, Recall: 0.97, F1: 0.66, AUC: 0.50
Epoch [19/100] [TRAIN] Loss: 0.7253, Accuracy: 49.91%, AUC: 0.50 [VAL] Loss: 0.7248, Accuracy: 50.50%, Precision: 0.51, Recall: 0.97, F1: 0.66, AUC: 0.50
Epoch [20/100] [TRAIN] Loss: 0.7249, Accuracy: 49.60%, AUC: 0.50 [VAL] Loss: 0.7247, Accuracy: 50.70%, Precision: 0.51, Recall: 0.97, F1: 0.67, AUC: 0.50
Epoch [21/100] [TRAIN] Loss: 0.7248, Accuracy: 49.73%, AUC: 0.50 [VAL] Loss: 0.7246, Accuracy: 50.80%, Precision: 0.51, Recall: 0.98, F1: 0.67, AUC: 0.51
Epoch [22/100] [TRAIN] Loss: 0.7246, Accuracy: 50.80%, AUC: 0.51 [VAL] Loss: 0.7245, Accuracy: 50.80%, Precision: 0.51, Recall: 0.98, F1: 0.67, AUC: 0.51
Epoch [23/100] [TRAIN] Loss: 0.7243, Accuracy: 51.59%, AUC: 0.52 [VAL] Loss: 0.7243, Accuracy: 50.80%, Precision: 0.51, Recall: 0.98, F1: 0.67, AUC: 0.51
Epoch [24/100] [TRAIN] Loss: 0.7244, Accuracy: 50.51%, AUC: 0.51 [VAL] Loss: 0.7242, Accuracy: 50.80%, Precision: 0.51, Recall: 0.98, F1: 0.67, AUC: 0.51
Epoch [25/100] [TRAIN] Loss: 0.7242, Accuracy: 50.94%, AUC: 0.51 [VAL] Loss: 0.7241, Accuracy: 51.00%, Precision: 0.51, Recall: 0.98, F1: 0.67, AUC: 0.51
Epoch [26/100] [TRAIN] Loss: 0.7242, Accuracy: 50.56%, AUC: 0.51 [VAL] Loss: 0.7240, Accuracy: 51.10%, Precision: 0.51, Recall: 0.98, F1: 0.67, AUC: 0.51
Epoch [27/100] [TRAIN] Loss: 0.7238, Accuracy: 51.30%, AUC: 0.51 [VAL] Loss: 0.7239, Accuracy: 51.20%, Precision: 0.51, Recall: 0.98, F1: 0.67, AUC: 0.51
Epoch [28/100] [TRAIN] Loss: 0.7240, Accuracy: 50.54%, AUC: 0.51 [VAL] Loss: 0.7238, Accuracy: 51.30%, Precision: 0.51, Recall: 0.98, F1: 0.67, AUC: 0.52
Epoch [29/100] [TRAIN] Loss: 0.7242, Accuracy: 49.26%, AUC: 0.50 [VAL] Loss: 0.7237, Accuracy: 51.40%, Precision: 0.51, Recall: 0.98, F1: 0.67, AUC: 0.52
Epoch [30/100] [TRAIN] Loss: 0.7238, Accuracy: 50.25%, AUC: 0.51 [VAL] Loss: 0.7236, Accuracy: 51.40%, Precision: 0.51, Recall: 0.98, F1: 0.67, AUC: 0.52
Epoch [31/100] [TRAIN] Loss: 0.7234, Accuracy: 50.64%, AUC: 0.51 [VAL] Loss: 0.7235, Accuracy: 51.40%, Precision: 0.51, Recall: 0.98, F1: 0.67, AUC: 0.52
Epoch [32/100] [TRAIN] Loss: 0.7234, Accuracy: 51.49%, AUC: 0.52 [VAL] Loss: 0.7234, Accuracy: 51.40%, Precision: 0.51, Recall: 0.98, F1: 0.67, AUC: 0.52
Epoch [33/100] [TRAIN] Loss: 0.7231, Accuracy: 51.81%, AUC: 0.52 [VAL] Loss: 0.7233, Accuracy: 51.40%, Precision: 0.51, Recall: 0.98, F1: 0.67, AUC: 0.52
Epoch [34/100] [TRAIN] Loss: 0.7230, Accuracy: 51.74%, AUC: 0.53 [VAL] Loss: 0.7232, Accuracy: 51.40%, Precision: 0.51, Recall: 0.98, F1: 0.67, AUC: 0.52
Epoch [35/100] [TRAIN] Loss: 0.7230, Accuracy: 51.51%, AUC: 0.52 [VAL] Loss: 0.7231, Accuracy: 51.50%, Precision: 0.51, Recall: 0.98, F1: 0.67, AUC: 0.52
Epoch [36/100] [TRAIN] Loss: 0.7230, Accuracy: 51.01%, AUC: 0.52 [VAL] Loss: 0.7230, Accuracy: 51.50%, Precision: 0.51, Recall: 0.98, F1: 0.67, AUC: 0.52
Epoch [37/100] [TRAIN] Loss: 0.7228, Accuracy: 50.58%, AUC: 0.51 [VAL] Loss: 0.7229, Accuracy: 51.50%, Precision: 0.51, Recall: 0.98, F1: 0.67, AUC: 0.52
Epoch [38/100] [TRAIN] Loss: 0.7230, Accuracy: 50.60%, AUC: 0.52 [VAL] Loss: 0.7228, Accuracy: 51.50%, Precision: 0.51, Recall: 0.98, F1: 0.67, AUC: 0.52
Epoch [39/100] [TRAIN] Loss: 0.7230, Accuracy: 50.30%, AUC: 0.51 [VAL] Loss: 0.7227, Accuracy: 51.50%, Precision: 0.51, Recall: 0.98, F1: 0.67, AUC: 0.52
Epoch [40/100] [TRAIN] Loss: 0.7225, Accuracy: 50.73%, AUC: 0.52 [VAL] Loss: 0.7226, Accuracy: 51.20%, Precision: 0.51, Recall: 0.98, F1: 0.67, AUC: 0.51
Epoch [41/100] [TRAIN] Loss: 0.7228, Accuracy: 50.42%, AUC: 0.51 [VAL] Loss: 0.7225, Accuracy: 51.20%, Precision: 0.51, Recall: 0.98, F1: 0.67, AUC: 0.51
Epoch [42/100] [TRAIN] Loss: 0.7226, Accuracy: 51.10%, AUC: 0.52 [VAL] Loss: 0.7224, Accuracy: 51.20%, Precision: 0.51, Recall: 0.98, F1: 0.67, AUC: 0.51
Epoch [43/100] [TRAIN] Loss: 0.7228, Accuracy: 49.94%, AUC: 0.51 [VAL] Loss: 0.7223, Accuracy: 51.20%, Precision: 0.51, Recall: 0.98, F1: 0.67, AUC: 0.51
Epoch [44/100] [TRAIN] Loss: 0.7225, Accuracy: 50.21%, AUC: 0.51 [VAL] Loss: 0.7222, Accuracy: 51.20%, Precision: 0.51, Recall: 0.98, F1: 0.67, AUC: 0.51
Epoch [45/100] [TRAIN] Loss: 0.7223, Accuracy: 51.10%, AUC: 0.52 [VAL] Loss: 0.7222, Accuracy: 51.20%, Precision: 0.51, Recall: 0.98, F1: 0.67, AUC: 0.51
Epoch [46/100] [TRAIN] Loss: 0.7225, Accuracy: 50.71%, AUC: 0.52 [VAL] Loss: 0.7221, Accuracy: 51.20%, Precision: 0.51, Recall: 0.98, F1: 0.67, AUC: 0.51
Epoch [47/100] [TRAIN] Loss: 0.7223, Accuracy: 49.80%, AUC: 0.51 [VAL] Loss: 0.7220, Accuracy: 51.20%, Precision: 0.51, Recall: 0.98, F1: 0.67, AUC: 0.51
Epoch [48/100] [TRAIN] Loss: 0.7218, Accuracy: 51.86%, AUC: 0.53 [VAL] Loss: 0.7219, Accuracy: 51.20%, Precision: 0.51, Recall: 0.98, F1: 0.67, AUC: 0.51
Epoch [49/100] [TRAIN] Loss: 0.7221, Accuracy: 50.67%, AUC: 0.52 [VAL] Loss: 0.7218, Accuracy: 51.20%, Precision: 0.51, Recall: 0.98, F1: 0.67, AUC: 0.51
Epoch [50/100] [TRAIN] Loss: 0.7217, Accuracy: 51.39%, AUC: 0.53 [VAL] Loss: 0.7218, Accuracy: 51.20%, Precision: 0.51, Recall: 0.98, F1: 0.67, AUC: 0.51
Epoch [51/100] [TRAIN] Loss: 0.7216, Accuracy: 51.80%, AUC: 0.53 [VAL] Loss: 0.7217, Accuracy: 51.40%, Precision: 0.51, Recall: 0.98, F1: 0.67, AUC: 0.52
Epoch [52/100] [TRAIN] Loss: 0.7221, Accuracy: 50.38%, AUC: 0.51 [VAL] Loss: 0.7216, Accuracy: 51.40%, Precision: 0.51, Recall: 0.98, F1: 0.67, AUC: 0.52
Epoch [53/100] [TRAIN] Loss: 0.7217, Accuracy: 50.45%, AUC: 0.51 [VAL] Loss: 0.7215, Accuracy: 51.60%, Precision: 0.51, Recall: 0.98, F1: 0.67, AUC: 0.52
Epoch [54/100] [TRAIN] Loss: 0.7218, Accuracy: 51.16%, AUC: 0.52 [VAL] Loss: 0.7214, Accuracy: 51.60%, Precision: 0.51, Recall: 0.98, F1: 0.67, AUC: 0.52
Epoch [55/100] [TRAIN] Loss: 0.7219, Accuracy: 50.34%, AUC: 0.51 [VAL] Loss: 0.7214, Accuracy: 51.60%, Precision: 0.51, Recall: 0.98, F1: 0.67, AUC: 0.52
Epoch [56/100] [TRAIN] Loss: 0.7214, Accuracy: 50.83%, AUC: 0.52 [VAL] Loss: 0.7213, Accuracy: 51.60%, Precision: 0.51, Recall: 0.98, F1: 0.67, AUC: 0.52
Epoch [57/100] [TRAIN] Loss: 0.7212, Accuracy: 51.15%, AUC: 0.52 [VAL] Loss: 0.7212, Accuracy: 51.60%, Precision: 0.51, Recall: 0.98, F1: 0.67, AUC: 0.52
Epoch [58/100] [TRAIN] Loss: 0.7210, Accuracy: 51.35%, AUC: 0.52 [VAL] Loss: 0.7211, Accuracy: 51.60%, Precision: 0.51, Recall: 0.98, F1: 0.67, AUC: 0.52
Epoch [59/100] [TRAIN] Loss: 0.7211, Accuracy: 51.56%, AUC: 0.53 [VAL] Loss: 0.7210, Accuracy: 51.60%, Precision: 0.51, Recall: 0.98, F1: 0.67, AUC: 0.52
Epoch [60/100] [TRAIN] Loss: 0.7211, Accuracy: 51.05%, AUC: 0.52 [VAL] Loss: 0.7210, Accuracy: 51.60%, Precision: 0.51, Recall: 0.98, F1: 0.67, AUC: 0.52
Epoch [61/100] [TRAIN] Loss: 0.7212, Accuracy: 50.12%, AUC: 0.51 [VAL] Loss: 0.7209, Accuracy: 51.60%, Precision: 0.51, Recall: 0.98, F1: 0.67, AUC: 0.52
Epoch [62/100] [TRAIN] Loss: 0.7208, Accuracy: 51.56%, AUC: 0.53 [VAL] Loss: 0.7208, Accuracy: 51.60%, Precision: 0.51, Recall: 0.98, F1: 0.67, AUC: 0.52
Epoch [63/100] [TRAIN] Loss: 0.7207, Accuracy: 51.35%, AUC: 0.52 [VAL] Loss: 0.7208, Accuracy: 51.60%, Precision: 0.51, Recall: 0.98, F1: 0.67, AUC: 0.52
Epoch [64/100] [TRAIN] Loss: 0.7205, Accuracy: 51.30%, AUC: 0.53 [VAL] Loss: 0.7207, Accuracy: 51.60%, Precision: 0.51, Recall: 0.98, F1: 0.67, AUC: 0.52
Epoch [65/100] [TRAIN] Loss: 0.7209, Accuracy: 50.55%, AUC: 0.52 [VAL] Loss: 0.7206, Accuracy: 51.60%, Precision: 0.51, Recall: 0.98, F1: 0.67, AUC: 0.52
Epoch [66/100] [TRAIN] Loss: 0.7205, Accuracy: 51.31%, AUC: 0.52 [VAL] Loss: 0.7205, Accuracy: 51.60%, Precision: 0.51, Recall: 0.98, F1: 0.67, AUC: 0.52
Epoch [67/100] [TRAIN] Loss: 0.7205, Accuracy: 51.23%, AUC: 0.52 [VAL] Loss: 0.7205, Accuracy: 51.60%, Precision: 0.51, Recall: 0.98, F1: 0.67, AUC: 0.52
Epoch [68/100] [TRAIN] Loss: 0.7207, Accuracy: 51.60%, AUC: 0.52 [VAL] Loss: 0.7204, Accuracy: 51.60%, Precision: 0.51, Recall: 0.98, F1: 0.67, AUC: 0.52
Epoch [69/100] [TRAIN] Loss: 0.7202, Accuracy: 51.51%, AUC: 0.53 [VAL] Loss: 0.7203, Accuracy: 51.60%, Precision: 0.51, Recall: 0.98, F1: 0.67, AUC: 0.52
Epoch [70/100] [TRAIN] Loss: 0.7200, Accuracy: 51.77%, AUC: 0.53 [VAL] Loss: 0.7202, Accuracy: 51.60%, Precision: 0.51, Recall: 0.98, F1: 0.67, AUC: 0.52
Epoch [71/100] [TRAIN] Loss: 0.7204, Accuracy: 51.35%, AUC: 0.52 [VAL] Loss: 0.7202, Accuracy: 51.60%, Precision: 0.51, Recall: 0.98, F1: 0.67, AUC: 0.52
Epoch [72/100] [TRAIN] Loss: 0.7203, Accuracy: 51.00%, AUC: 0.52 [VAL] Loss: 0.7201, Accuracy: 51.60%, Precision: 0.51, Recall: 0.98, F1: 0.67, AUC: 0.52
Epoch [73/100] [TRAIN] Loss: 0.7201, Accuracy: 51.70%, AUC: 0.53 [VAL] Loss: 0.7200, Accuracy: 51.60%, Precision: 0.51, Recall: 0.98, F1: 0.67, AUC: 0.52
Epoch [74/100] [TRAIN] Loss: 0.7200, Accuracy: 51.51%, AUC: 0.53 [VAL] Loss: 0.7200, Accuracy: 51.60%, Precision: 0.51, Recall: 0.98, F1: 0.67, AUC: 0.52
Epoch [75/100] [TRAIN] Loss: 0.7200, Accuracy: 51.80%, AUC: 0.53 [VAL] Loss: 0.7199, Accuracy: 51.60%, Precision: 0.51, Recall: 0.98, F1: 0.67, AUC: 0.52
Epoch [76/100] [TRAIN] Loss: 0.7201, Accuracy: 51.04%, AUC: 0.52 [VAL] Loss: 0.7198, Accuracy: 51.60%, Precision: 0.51, Recall: 0.98, F1: 0.67, AUC: 0.52
Epoch [77/100] [TRAIN] Loss: 0.7199, Accuracy: 51.61%, AUC: 0.53 [VAL] Loss: 0.7198, Accuracy: 51.60%, Precision: 0.51, Recall: 0.98, F1: 0.67, AUC: 0.52
Epoch [78/100] [TRAIN] Loss: 0.7199, Accuracy: 50.88%, AUC: 0.53 [VAL] Loss: 0.7197, Accuracy: 51.60%, Precision: 0.51, Recall: 0.98, F1: 0.67, AUC: 0.52
Epoch [79/100] [TRAIN] Loss: 0.7201, Accuracy: 51.25%, AUC: 0.52 [VAL] Loss: 0.7196, Accuracy: 51.60%, Precision: 0.51, Recall: 0.98, F1: 0.67, AUC: 0.52
Epoch [80/100] [TRAIN] Loss: 0.7198, Accuracy: 51.85%, AUC: 0.53 [VAL] Loss: 0.7196, Accuracy: 51.70%, Precision: 0.51, Recall: 0.98, F1: 0.67, AUC: 0.52
Epoch [81/100] [TRAIN] Loss: 0.7196, Accuracy: 51.02%, AUC: 0.53 [VAL] Loss: 0.7195, Accuracy: 51.70%, Precision: 0.51, Recall: 0.98, F1: 0.67, AUC: 0.52
Epoch [82/100] [TRAIN] Loss: 0.7195, Accuracy: 51.49%, AUC: 0.52 [VAL] Loss: 0.7194, Accuracy: 51.70%, Precision: 0.51, Recall: 0.98, F1: 0.67, AUC: 0.52
Epoch [83/100] [TRAIN] Loss: 0.7197, Accuracy: 50.98%, AUC: 0.52 [VAL] Loss: 0.7194, Accuracy: 51.70%, Precision: 0.51, Recall: 0.98, F1: 0.67, AUC: 0.52
Epoch [84/100] [TRAIN] Loss: 0.7196, Accuracy: 51.25%, AUC: 0.52 [VAL] Loss: 0.7193, Accuracy: 51.70%, Precision: 0.51, Recall: 0.98, F1: 0.67, AUC: 0.52
Epoch [85/100] [TRAIN] Loss: 0.7197, Accuracy: 51.34%, AUC: 0.52 [VAL] Loss: 0.7192, Accuracy: 51.70%, Precision: 0.51, Recall: 0.98, F1: 0.67, AUC: 0.52
Epoch [86/100] [TRAIN] Loss: 0.7200, Accuracy: 50.24%, AUC: 0.51 [VAL] Loss: 0.7192, Accuracy: 51.70%, Precision: 0.51, Recall: 0.98, F1: 0.67, AUC: 0.52
Epoch [87/100] [TRAIN] Loss: 0.7193, Accuracy: 51.33%, AUC: 0.53 [VAL] Loss: 0.7191, Accuracy: 51.90%, Precision: 0.51, Recall: 0.99, F1: 0.67, AUC: 0.53
Epoch [88/100] [TRAIN] Loss: 0.7192, Accuracy: 51.76%, AUC: 0.53 [VAL] Loss: 0.7191, Accuracy: 51.90%, Precision: 0.51, Recall: 0.99, F1: 0.67, AUC: 0.53
Epoch [89/100] [TRAIN] Loss: 0.7191, Accuracy: 51.66%, AUC: 0.53 [VAL] Loss: 0.7190, Accuracy: 51.90%, Precision: 0.51, Recall: 0.99, F1: 0.67, AUC: 0.53
Epoch [90/100] [TRAIN] Loss: 0.7189, Accuracy: 51.42%, AUC: 0.53 [VAL] Loss: 0.7189, Accuracy: 51.90%, Precision: 0.51, Recall: 0.99, F1: 0.67, AUC: 0.53
Epoch [91/100] [TRAIN] Loss: 0.7193, Accuracy: 52.16%, AUC: 0.53 [VAL] Loss: 0.7189, Accuracy: 51.90%, Precision: 0.51, Recall: 0.99, F1: 0.67, AUC: 0.53
Epoch [92/100] [TRAIN] Loss: 0.7192, Accuracy: 51.12%, AUC: 0.52 [VAL] Loss: 0.7188, Accuracy: 51.90%, Precision: 0.51, Recall: 0.99, F1: 0.67, AUC: 0.53
Epoch [93/100] [TRAIN] Loss: 0.7192, Accuracy: 51.41%, AUC: 0.53 [VAL] Loss: 0.7188, Accuracy: 51.90%, Precision: 0.51, Recall: 0.99, F1: 0.67, AUC: 0.53
Epoch [94/100] [TRAIN] Loss: 0.7189, Accuracy: 52.02%, AUC: 0.53 [VAL] Loss: 0.7187, Accuracy: 51.90%, Precision: 0.51, Recall: 0.99, F1: 0.67, AUC: 0.53
Epoch [95/100] [TRAIN] Loss: 0.7191, Accuracy: 50.58%, AUC: 0.52 [VAL] Loss: 0.7187, Accuracy: 51.90%, Precision: 0.51, Recall: 0.99, F1: 0.67, AUC: 0.53
Epoch [96/100] [TRAIN] Loss: 0.7191, Accuracy: 50.64%, AUC: 0.51 [VAL] Loss: 0.7186, Accuracy: 51.90%, Precision: 0.51, Recall: 0.99, F1: 0.67, AUC: 0.53
Epoch [97/100] [TRAIN] Loss: 0.7185, Accuracy: 51.99%, AUC: 0.53 [VAL] Loss: 0.7185, Accuracy: 51.90%, Precision: 0.51, Recall: 0.99, F1: 0.67, AUC: 0.53
Epoch [98/100] [TRAIN] Loss: 0.7183, Accuracy: 51.34%, AUC: 0.53 [VAL] Loss: 0.7185, Accuracy: 51.90%, Precision: 0.51, Recall: 0.99, F1: 0.67, AUC: 0.53
Epoch [99/100] [TRAIN] Loss: 0.7184, Accuracy: 52.05%, AUC: 0.53 [VAL] Loss: 0.7184, Accuracy: 51.90%, Precision: 0.51, Recall: 0.99, F1: 0.67, AUC: 0.53
Epoch [100/100] [TRAIN] Loss: 0.7181, Accuracy: 51.69%, AUC: 0.54 [VAL] Loss: 0.7184, Accuracy: 51.90%, Precision: 0.51, Recall: 0.99, F1: 0.67, AUC: 0.53
  Antisymmetry score (raw):        0.0460
  Antisymmetry score (confident):  1.0000
  Total violations:                954 / 1000
  Pairs near boundary:             957 (95.7%)
  Avg |prob-0.5| at violation:     0.0000

--- Training baselines (LogisticRegression, RandomForest, SVM) ---

  Training LogisticRegression...
  Val accuracy: 50.30%

  [LogisticRegression]  Accuracy: 51.70%  AUC: 0.5158  Precision: 0.7368  Recall: 0.0285  F1: 0.0548  Antisym: 0.0280

  Training RandomForest...
  Val accuracy: 50.60%

  [RandomForest]  Accuracy: 52.20%  AUC: 0.5255  Precision: 0.7917  Recall: 0.0386  F1: 0.0736  Antisym: 0.0450

  Training SVM_Linear...
  Val accuracy: 50.40%

  [SVM_Linear]  Accuracy: 51.50%  AUC: 0.5118  Precision: 0.7059  Recall: 0.0244  F1: 0.0472  Antisym: 0.0250
Seed: 123
=== DirectRanker ===
Accuracy:  50.40 %
AUC:       0.5255
Precision: 0.4980
Recall:    0.9898
F1-Score:  0.6626
Antisymmetry score:  0.0460  (1.0 = perfect, ~0.5 = random)

Detailed Classification Report:
              precision    recall  f1-score   support

           0       0.77      0.03      0.06       508
           1       0.50      0.99      0.66       492

    accuracy                           0.50      1000
   macro avg       0.64      0.51      0.36      1000
weighted avg       0.64      0.50      0.36      1000


Confusion Matrix:
[[ 17 491]
 [  5 487]]

=== LogisticRegression ===
Accuracy:  51.70 %
AUC:       0.5158
Precision: 0.7368
Recall:    0.0285
F1-Score:  0.0548
Antisymmetry score:  0.0280
Confusion Matrix:
[[503   5]
 [478  14]]

=== RandomForest ===
Accuracy:  52.20 %
AUC:       0.5255
Precision: 0.7917
Recall:    0.0386
F1-Score:  0.0736
Antisymmetry score:  0.0450
Confusion Matrix:
[[503   5]
 [473  19]]

=== SVM_Linear ===
Accuracy:  51.50 %
AUC:       0.5118
Precision: 0.7059
Recall:    0.0244
F1-Score:  0.0472
Antisymmetry score:  0.0250
Confusion Matrix:
[[503   5]
 [480  12]]

Saved combined test metrics: /group/pmc021/amunif/epi-thesis/workflow/16_Pairwise Ranking Healthy Liver/output/combined/donor_4/test/004-H3K27me3-seed123-test-metrics.csv
Saved combined ROC plot: /group/pmc021/amunif/epi-thesis/workflow/16_Pairwise Ranking Healthy Liver/output/combined/donor_4/img/roc/004-H3K27me3-seed123-roc-combined.png

Finished 004-H3K27me3 (seed 123)

======================================================================
005-H3K4me3-H3K9ac
======================================================================
Train label distribution:
  Label 0:   4091 (51.1%)
  Label 1:   3909 (48.9%)
Val label distribution:
  Label 0:    494 (49.4%)
  Label 1:    506 (50.6%)
Test label distribution:
  Label 0:    508 (50.8%)
  Label 1:    492 (49.2%)

--- Training DirectRanker ---
Epoch [1/100] [TRAIN] Loss: 0.6426, Accuracy: 68.74%, AUC: 0.75 [VAL] Loss: 0.5591, Accuracy: 75.10%, Precision: 0.73, Recall: 0.81, F1: 0.77, AUC: 0.83
Epoch [2/100] [TRAIN] Loss: 0.6085, Accuracy: 72.22%, AUC: 0.79 [VAL] Loss: 0.5482, Accuracy: 74.70%, Precision: 0.73, Recall: 0.80, F1: 0.76, AUC: 0.83
Epoch [3/100] [TRAIN] Loss: 0.6032, Accuracy: 72.67%, AUC: 0.79 [VAL] Loss: 0.5441, Accuracy: 74.70%, Precision: 0.72, Recall: 0.81, F1: 0.76, AUC: 0.83
Epoch [4/100] [TRAIN] Loss: 0.6022, Accuracy: 72.29%, AUC: 0.79 [VAL] Loss: 0.5436, Accuracy: 75.00%, Precision: 0.73, Recall: 0.81, F1: 0.77, AUC: 0.83
Epoch [5/100] [TRAIN] Loss: 0.5982, Accuracy: 72.34%, AUC: 0.79 [VAL] Loss: 0.5426, Accuracy: 74.90%, Precision: 0.73, Recall: 0.80, F1: 0.76, AUC: 0.83
Epoch [6/100] [TRAIN] Loss: 0.5908, Accuracy: 73.25%, AUC: 0.80 [VAL] Loss: 0.5409, Accuracy: 74.90%, Precision: 0.73, Recall: 0.80, F1: 0.76, AUC: 0.83
Epoch [7/100] [TRAIN] Loss: 0.5910, Accuracy: 72.81%, AUC: 0.80 [VAL] Loss: 0.5402, Accuracy: 75.00%, Precision: 0.73, Recall: 0.81, F1: 0.77, AUC: 0.83
Epoch [8/100] [TRAIN] Loss: 0.5861, Accuracy: 72.69%, AUC: 0.80 [VAL] Loss: 0.5396, Accuracy: 74.90%, Precision: 0.73, Recall: 0.80, F1: 0.76, AUC: 0.83
Epoch [9/100] [TRAIN] Loss: 0.5838, Accuracy: 72.96%, AUC: 0.80 [VAL] Loss: 0.5372, Accuracy: 75.20%, Precision: 0.73, Recall: 0.81, F1: 0.77, AUC: 0.84
Epoch [10/100] [TRAIN] Loss: 0.5816, Accuracy: 73.01%, AUC: 0.80 [VAL] Loss: 0.5371, Accuracy: 75.30%, Precision: 0.73, Recall: 0.81, F1: 0.77, AUC: 0.84
Epoch [11/100] [TRAIN] Loss: 0.5847, Accuracy: 72.79%, AUC: 0.80 [VAL] Loss: 0.5368, Accuracy: 75.20%, Precision: 0.73, Recall: 0.81, F1: 0.77, AUC: 0.84
Epoch [12/100] [TRAIN] Loss: 0.5792, Accuracy: 73.25%, AUC: 0.80 [VAL] Loss: 0.5370, Accuracy: 75.40%, Precision: 0.73, Recall: 0.81, F1: 0.77, AUC: 0.84
Epoch [13/100] [TRAIN] Loss: 0.5794, Accuracy: 73.44%, AUC: 0.80 [VAL] Loss: 0.5356, Accuracy: 75.10%, Precision: 0.73, Recall: 0.81, F1: 0.77, AUC: 0.84
Epoch [14/100] [TRAIN] Loss: 0.5807, Accuracy: 73.24%, AUC: 0.80 [VAL] Loss: 0.5352, Accuracy: 75.20%, Precision: 0.73, Recall: 0.81, F1: 0.77, AUC: 0.84
Epoch [15/100] [TRAIN] Loss: 0.5815, Accuracy: 72.74%, AUC: 0.80 [VAL] Loss: 0.5354, Accuracy: 75.20%, Precision: 0.73, Recall: 0.81, F1: 0.77, AUC: 0.84
Epoch [16/100] [TRAIN] Loss: 0.5802, Accuracy: 73.15%, AUC: 0.80 [VAL] Loss: 0.5354, Accuracy: 75.30%, Precision: 0.73, Recall: 0.81, F1: 0.77, AUC: 0.84
Epoch [17/100] [TRAIN] Loss: 0.5772, Accuracy: 73.29%, AUC: 0.81 [VAL] Loss: 0.5349, Accuracy: 75.20%, Precision: 0.73, Recall: 0.81, F1: 0.77, AUC: 0.84
Epoch [18/100] [TRAIN] Loss: 0.5800, Accuracy: 73.03%, AUC: 0.80 [VAL] Loss: 0.5352, Accuracy: 75.20%, Precision: 0.73, Recall: 0.81, F1: 0.77, AUC: 0.84
Epoch [19/100] [TRAIN] Loss: 0.5763, Accuracy: 73.25%, AUC: 0.81 [VAL] Loss: 0.5349, Accuracy: 75.30%, Precision: 0.73, Recall: 0.81, F1: 0.77, AUC: 0.84
Epoch [20/100] [TRAIN] Loss: 0.5799, Accuracy: 73.12%, AUC: 0.80 [VAL] Loss: 0.5359, Accuracy: 75.30%, Precision: 0.73, Recall: 0.81, F1: 0.77, AUC: 0.84
Epoch [21/100] [TRAIN] Loss: 0.5770, Accuracy: 72.59%, AUC: 0.80 [VAL] Loss: 0.5349, Accuracy: 75.20%, Precision: 0.73, Recall: 0.81, F1: 0.77, AUC: 0.84
Epoch [22/100] [TRAIN] Loss: 0.5790, Accuracy: 73.22%, AUC: 0.80 [VAL] Loss: 0.5352, Accuracy: 75.50%, Precision: 0.73, Recall: 0.81, F1: 0.77, AUC: 0.84
Epoch [23/100] [TRAIN] Loss: 0.5743, Accuracy: 73.35%, AUC: 0.81 [VAL] Loss: 0.5343, Accuracy: 75.30%, Precision: 0.73, Recall: 0.80, F1: 0.77, AUC: 0.84
Epoch [24/100] [TRAIN] Loss: 0.5727, Accuracy: 72.94%, AUC: 0.81 [VAL] Loss: 0.5342, Accuracy: 75.40%, Precision: 0.73, Recall: 0.81, F1: 0.77, AUC: 0.84
Epoch [25/100] [TRAIN] Loss: 0.5749, Accuracy: 73.16%, AUC: 0.81 [VAL] Loss: 0.5339, Accuracy: 75.30%, Precision: 0.73, Recall: 0.80, F1: 0.77, AUC: 0.84
Epoch [26/100] [TRAIN] Loss: 0.5719, Accuracy: 73.86%, AUC: 0.81 [VAL] Loss: 0.5336, Accuracy: 75.40%, Precision: 0.73, Recall: 0.81, F1: 0.77, AUC: 0.84
Epoch [27/100] [TRAIN] Loss: 0.5697, Accuracy: 73.44%, AUC: 0.81 [VAL] Loss: 0.5328, Accuracy: 75.40%, Precision: 0.73, Recall: 0.81, F1: 0.77, AUC: 0.84
Epoch [28/100] [TRAIN] Loss: 0.5695, Accuracy: 73.59%, AUC: 0.81 [VAL] Loss: 0.5335, Accuracy: 75.30%, Precision: 0.73, Recall: 0.80, F1: 0.77, AUC: 0.84
Epoch [29/100] [TRAIN] Loss: 0.5727, Accuracy: 73.21%, AUC: 0.81 [VAL] Loss: 0.5330, Accuracy: 75.30%, Precision: 0.73, Recall: 0.80, F1: 0.77, AUC: 0.84
Epoch [30/100] [TRAIN] Loss: 0.5681, Accuracy: 73.88%, AUC: 0.81 [VAL] Loss: 0.5321, Accuracy: 75.40%, Precision: 0.73, Recall: 0.80, F1: 0.77, AUC: 0.84
Epoch [31/100] [TRAIN] Loss: 0.5705, Accuracy: 73.28%, AUC: 0.81 [VAL] Loss: 0.5331, Accuracy: 75.40%, Precision: 0.73, Recall: 0.80, F1: 0.77, AUC: 0.84
Epoch [32/100] [TRAIN] Loss: 0.5679, Accuracy: 73.28%, AUC: 0.81 [VAL] Loss: 0.5319, Accuracy: 75.50%, Precision: 0.74, Recall: 0.80, F1: 0.77, AUC: 0.84
Epoch [33/100] [TRAIN] Loss: 0.5720, Accuracy: 73.00%, AUC: 0.81 [VAL] Loss: 0.5332, Accuracy: 75.50%, Precision: 0.74, Recall: 0.80, F1: 0.77, AUC: 0.84
Epoch [34/100] [TRAIN] Loss: 0.5686, Accuracy: 73.75%, AUC: 0.81 [VAL] Loss: 0.5335, Accuracy: 75.50%, Precision: 0.74, Recall: 0.80, F1: 0.77, AUC: 0.84
Epoch [35/100] [TRAIN] Loss: 0.5685, Accuracy: 73.09%, AUC: 0.81 [VAL] Loss: 0.5323, Accuracy: 75.30%, Precision: 0.73, Recall: 0.80, F1: 0.77, AUC: 0.84
Epoch [36/100] [TRAIN] Loss: 0.5693, Accuracy: 73.34%, AUC: 0.81 [VAL] Loss: 0.5326, Accuracy: 75.30%, Precision: 0.73, Recall: 0.80, F1: 0.77, AUC: 0.84
Epoch [37/100] [TRAIN] Loss: 0.5695, Accuracy: 73.46%, AUC: 0.81 [VAL] Loss: 0.5326, Accuracy: 75.30%, Precision: 0.73, Recall: 0.80, F1: 0.77, AUC: 0.84
Epoch [38/100] [TRAIN] Loss: 0.5706, Accuracy: 73.17%, AUC: 0.81 [VAL] Loss: 0.5327, Accuracy: 75.30%, Precision: 0.73, Recall: 0.80, F1: 0.77, AUC: 0.84
Epoch [39/100] [TRAIN] Loss: 0.5702, Accuracy: 73.70%, AUC: 0.81 [VAL] Loss: 0.5329, Accuracy: 75.30%, Precision: 0.73, Recall: 0.80, F1: 0.77, AUC: 0.84
Epoch [40/100] [TRAIN] Loss: 0.5705, Accuracy: 73.26%, AUC: 0.81 [VAL] Loss: 0.5329, Accuracy: 75.30%, Precision: 0.73, Recall: 0.80, F1: 0.77, AUC: 0.84
Epoch [41/100] [TRAIN] Loss: 0.5663, Accuracy: 73.54%, AUC: 0.81 [VAL] Loss: 0.5327, Accuracy: 75.30%, Precision: 0.73, Recall: 0.80, F1: 0.77, AUC: 0.84
Epoch [42/100] [TRAIN] Loss: 0.5661, Accuracy: 73.72%, AUC: 0.81 [VAL] Loss: 0.5326, Accuracy: 75.30%, Precision: 0.73, Recall: 0.80, F1: 0.77, AUC: 0.84
  Early stopping at epoch 42 (no val_loss improvement for 10 epochs)
  Antisymmetry score (raw):        0.9000
  Antisymmetry score (confident):  1.0000
  Total violations:                100 / 1000
  Pairs near boundary:             191 (19.1%)
  Avg |prob-0.5| at violation:     0.0000

--- Training baselines (LogisticRegression, RandomForest, SVM) ---

  Training LogisticRegression...
  Val accuracy: 74.50%

  [LogisticRegression]  Accuracy: 71.90%  AUC: 0.7958  Precision: 0.7381  Recall: 0.6646  F1: 0.6995  Antisym: 0.7790

  Training RandomForest...
  Val accuracy: 76.70%

  [RandomForest]  Accuracy: 74.60%  AUC: 0.8303  Precision: 0.7705  Recall: 0.6890  F1: 0.7275  Antisym: 0.8080

  Training SVM_Linear...
  Val accuracy: 75.00%

  [SVM_Linear]  Accuracy: 72.00%  AUC: 0.7973  Precision: 0.7409  Recall: 0.6626  F1: 0.6996  Antisym: 0.7720
Seed: 123
=== DirectRanker ===
Accuracy:  72.70 %
AUC:       0.8201
Precision: 0.7039
Recall:    0.7683
F1-Score:  0.7347
Antisymmetry score:  0.9000  (1.0 = perfect, ~0.5 = random)

Detailed Classification Report:
              precision    recall  f1-score   support

           0       0.75      0.69      0.72       508
           1       0.70      0.77      0.73       492

    accuracy                           0.73      1000
   macro avg       0.73      0.73      0.73      1000
weighted avg       0.73      0.73      0.73      1000


Confusion Matrix:
[[349 159]
 [114 378]]

=== LogisticRegression ===
Accuracy:  71.90 %
AUC:       0.7958
Precision: 0.7381
Recall:    0.6646
F1-Score:  0.6995
Antisymmetry score:  0.7790
Confusion Matrix:
[[392 116]
 [165 327]]

=== RandomForest ===
Accuracy:  74.60 %
AUC:       0.8303
Precision: 0.7705
Recall:    0.6890
F1-Score:  0.7275
Antisymmetry score:  0.8080
Confusion Matrix:
[[407 101]
 [153 339]]

=== SVM_Linear ===
Accuracy:  72.00 %
AUC:       0.7973
Precision: 0.7409
Recall:    0.6626
F1-Score:  0.6996
Antisymmetry score:  0.7720
Confusion Matrix:
[[394 114]
 [166 326]]

Saved combined test metrics: /group/pmc021/amunif/epi-thesis/workflow/16_Pairwise Ranking Healthy Liver/output/combined/donor_4/test/005-H3K4me3-H3K9ac-seed123-test-metrics.csv
Saved combined ROC plot: /group/pmc021/amunif/epi-thesis/workflow/16_Pairwise Ranking Healthy Liver/output/combined/donor_4/img/roc/005-H3K4me3-H3K9ac-seed123-roc-combined.png

Finished 005-H3K4me3-H3K9ac (seed 123)

======================================================================
006-H3K4me3-H3K9me3
======================================================================
Train label distribution:
  Label 0:   4091 (51.1%)
  Label 1:   3909 (48.9%)
Val label distribution:
  Label 0:    494 (49.4%)
  Label 1:    506 (50.6%)
Test label distribution:
  Label 0:    508 (50.8%)
  Label 1:    492 (49.2%)

--- Training DirectRanker ---
Epoch [1/100] [TRAIN] Loss: 0.7026, Accuracy: 58.56%, AUC: 0.63 [VAL] Loss: 0.5981, Accuracy: 73.30%, Precision: 0.71, Recall: 0.79, F1: 0.75, AUC: 0.82
Epoch [2/100] [TRAIN] Loss: 0.6347, Accuracy: 69.53%, AUC: 0.76 [VAL] Loss: 0.5681, Accuracy: 73.50%, Precision: 0.71, Recall: 0.79, F1: 0.75, AUC: 0.82
Epoch [3/100] [TRAIN] Loss: 0.6163, Accuracy: 70.86%, AUC: 0.77 [VAL] Loss: 0.5581, Accuracy: 73.50%, Precision: 0.72, Recall: 0.79, F1: 0.75, AUC: 0.82
Epoch [4/100] [TRAIN] Loss: 0.6147, Accuracy: 71.40%, AUC: 0.78 [VAL] Loss: 0.5559, Accuracy: 73.60%, Precision: 0.72, Recall: 0.79, F1: 0.75, AUC: 0.83
Epoch [5/100] [TRAIN] Loss: 0.6095, Accuracy: 71.41%, AUC: 0.78 [VAL] Loss: 0.5534, Accuracy: 73.90%, Precision: 0.72, Recall: 0.79, F1: 0.75, AUC: 0.83
Epoch [6/100] [TRAIN] Loss: 0.6071, Accuracy: 71.74%, AUC: 0.78 [VAL] Loss: 0.5523, Accuracy: 74.10%, Precision: 0.72, Recall: 0.79, F1: 0.76, AUC: 0.83
Epoch [7/100] [TRAIN] Loss: 0.6067, Accuracy: 70.79%, AUC: 0.78 [VAL] Loss: 0.5517, Accuracy: 74.40%, Precision: 0.73, Recall: 0.79, F1: 0.76, AUC: 0.83
Epoch [8/100] [TRAIN] Loss: 0.6036, Accuracy: 71.84%, AUC: 0.79 [VAL] Loss: 0.5502, Accuracy: 74.40%, Precision: 0.73, Recall: 0.79, F1: 0.76, AUC: 0.83
Epoch [9/100] [TRAIN] Loss: 0.6002, Accuracy: 71.79%, AUC: 0.79 [VAL] Loss: 0.5488, Accuracy: 74.40%, Precision: 0.73, Recall: 0.79, F1: 0.76, AUC: 0.83
Epoch [10/100] [TRAIN] Loss: 0.5967, Accuracy: 72.03%, AUC: 0.79 [VAL] Loss: 0.5473, Accuracy: 74.20%, Precision: 0.72, Recall: 0.79, F1: 0.76, AUC: 0.83
Epoch [11/100] [TRAIN] Loss: 0.5971, Accuracy: 71.64%, AUC: 0.79 [VAL] Loss: 0.5465, Accuracy: 74.10%, Precision: 0.72, Recall: 0.79, F1: 0.76, AUC: 0.83
Epoch [12/100] [TRAIN] Loss: 0.5910, Accuracy: 71.80%, AUC: 0.79 [VAL] Loss: 0.5461, Accuracy: 73.90%, Precision: 0.72, Recall: 0.79, F1: 0.75, AUC: 0.83
Epoch [13/100] [TRAIN] Loss: 0.5885, Accuracy: 72.34%, AUC: 0.80 [VAL] Loss: 0.5451, Accuracy: 73.80%, Precision: 0.72, Recall: 0.78, F1: 0.75, AUC: 0.83
Epoch [14/100] [TRAIN] Loss: 0.5905, Accuracy: 72.01%, AUC: 0.79 [VAL] Loss: 0.5448, Accuracy: 73.80%, Precision: 0.72, Recall: 0.78, F1: 0.75, AUC: 0.83
Epoch [15/100] [TRAIN] Loss: 0.5856, Accuracy: 72.58%, AUC: 0.80 [VAL] Loss: 0.5441, Accuracy: 74.00%, Precision: 0.72, Recall: 0.78, F1: 0.75, AUC: 0.83
Epoch [16/100] [TRAIN] Loss: 0.5861, Accuracy: 72.11%, AUC: 0.80 [VAL] Loss: 0.5430, Accuracy: 73.90%, Precision: 0.72, Recall: 0.78, F1: 0.75, AUC: 0.83
Epoch [17/100] [TRAIN] Loss: 0.5852, Accuracy: 72.60%, AUC: 0.80 [VAL] Loss: 0.5441, Accuracy: 74.00%, Precision: 0.72, Recall: 0.78, F1: 0.75, AUC: 0.83
Epoch [18/100] [TRAIN] Loss: 0.5849, Accuracy: 72.38%, AUC: 0.80 [VAL] Loss: 0.5434, Accuracy: 73.90%, Precision: 0.72, Recall: 0.78, F1: 0.75, AUC: 0.83
Epoch [19/100] [TRAIN] Loss: 0.5845, Accuracy: 72.35%, AUC: 0.80 [VAL] Loss: 0.5437, Accuracy: 74.00%, Precision: 0.72, Recall: 0.78, F1: 0.75, AUC: 0.83
Epoch [20/100] [TRAIN] Loss: 0.5860, Accuracy: 72.33%, AUC: 0.80 [VAL] Loss: 0.5436, Accuracy: 73.90%, Precision: 0.72, Recall: 0.78, F1: 0.75, AUC: 0.83
Epoch [21/100] [TRAIN] Loss: 0.5820, Accuracy: 72.05%, AUC: 0.80 [VAL] Loss: 0.5434, Accuracy: 73.80%, Precision: 0.72, Recall: 0.78, F1: 0.75, AUC: 0.83
Epoch [22/100] [TRAIN] Loss: 0.5825, Accuracy: 72.42%, AUC: 0.80 [VAL] Loss: 0.5420, Accuracy: 73.80%, Precision: 0.72, Recall: 0.78, F1: 0.75, AUC: 0.83
Epoch [23/100] [TRAIN] Loss: 0.5816, Accuracy: 72.74%, AUC: 0.80 [VAL] Loss: 0.5423, Accuracy: 73.80%, Precision: 0.72, Recall: 0.78, F1: 0.75, AUC: 0.83
Epoch [24/100] [TRAIN] Loss: 0.5814, Accuracy: 72.22%, AUC: 0.80 [VAL] Loss: 0.5415, Accuracy: 73.70%, Precision: 0.72, Recall: 0.78, F1: 0.75, AUC: 0.83
Epoch [25/100] [TRAIN] Loss: 0.5802, Accuracy: 72.47%, AUC: 0.80 [VAL] Loss: 0.5414, Accuracy: 73.70%, Precision: 0.72, Recall: 0.78, F1: 0.75, AUC: 0.83
Epoch [26/100] [TRAIN] Loss: 0.5851, Accuracy: 71.84%, AUC: 0.79 [VAL] Loss: 0.5420, Accuracy: 73.50%, Precision: 0.72, Recall: 0.78, F1: 0.75, AUC: 0.83
Epoch [27/100] [TRAIN] Loss: 0.5839, Accuracy: 72.50%, AUC: 0.80 [VAL] Loss: 0.5430, Accuracy: 73.40%, Precision: 0.72, Recall: 0.78, F1: 0.75, AUC: 0.83
Epoch [28/100] [TRAIN] Loss: 0.5796, Accuracy: 72.58%, AUC: 0.80 [VAL] Loss: 0.5416, Accuracy: 73.70%, Precision: 0.72, Recall: 0.78, F1: 0.75, AUC: 0.83
Epoch [29/100] [TRAIN] Loss: 0.5817, Accuracy: 72.67%, AUC: 0.80 [VAL] Loss: 0.5421, Accuracy: 73.80%, Precision: 0.72, Recall: 0.78, F1: 0.75, AUC: 0.83
Epoch [30/100] [TRAIN] Loss: 0.5781, Accuracy: 71.95%, AUC: 0.80 [VAL] Loss: 0.5410, Accuracy: 73.70%, Precision: 0.72, Recall: 0.78, F1: 0.75, AUC: 0.83
Epoch [31/100] [TRAIN] Loss: 0.5831, Accuracy: 72.20%, AUC: 0.80 [VAL] Loss: 0.5411, Accuracy: 73.60%, Precision: 0.72, Recall: 0.78, F1: 0.75, AUC: 0.83
Epoch [32/100] [TRAIN] Loss: 0.5802, Accuracy: 72.42%, AUC: 0.80 [VAL] Loss: 0.5413, Accuracy: 73.70%, Precision: 0.72, Recall: 0.78, F1: 0.75, AUC: 0.83
Epoch [33/100] [TRAIN] Loss: 0.5812, Accuracy: 72.19%, AUC: 0.80 [VAL] Loss: 0.5415, Accuracy: 73.60%, Precision: 0.72, Recall: 0.79, F1: 0.75, AUC: 0.83
Epoch [34/100] [TRAIN] Loss: 0.5752, Accuracy: 72.76%, AUC: 0.80 [VAL] Loss: 0.5408, Accuracy: 73.70%, Precision: 0.72, Recall: 0.79, F1: 0.75, AUC: 0.83
Epoch [35/100] [TRAIN] Loss: 0.5809, Accuracy: 72.12%, AUC: 0.80 [VAL] Loss: 0.5424, Accuracy: 73.80%, Precision: 0.72, Recall: 0.79, F1: 0.75, AUC: 0.83
Epoch [36/100] [TRAIN] Loss: 0.5758, Accuracy: 72.50%, AUC: 0.80 [VAL] Loss: 0.5414, Accuracy: 73.80%, Precision: 0.72, Recall: 0.78, F1: 0.75, AUC: 0.83
Epoch [37/100] [TRAIN] Loss: 0.5785, Accuracy: 72.72%, AUC: 0.80 [VAL] Loss: 0.5415, Accuracy: 73.80%, Precision: 0.72, Recall: 0.78, F1: 0.75, AUC: 0.83
Epoch [38/100] [TRAIN] Loss: 0.5790, Accuracy: 71.88%, AUC: 0.80 [VAL] Loss: 0.5409, Accuracy: 73.90%, Precision: 0.72, Recall: 0.79, F1: 0.75, AUC: 0.83
Epoch [39/100] [TRAIN] Loss: 0.5758, Accuracy: 72.67%, AUC: 0.80 [VAL] Loss: 0.5413, Accuracy: 73.80%, Precision: 0.72, Recall: 0.79, F1: 0.75, AUC: 0.83
Epoch [40/100] [TRAIN] Loss: 0.5781, Accuracy: 71.75%, AUC: 0.80 [VAL] Loss: 0.5417, Accuracy: 73.60%, Precision: 0.72, Recall: 0.78, F1: 0.75, AUC: 0.83
Epoch [41/100] [TRAIN] Loss: 0.5758, Accuracy: 72.69%, AUC: 0.80 [VAL] Loss: 0.5416, Accuracy: 73.70%, Precision: 0.72, Recall: 0.78, F1: 0.75, AUC: 0.83
Epoch [42/100] [TRAIN] Loss: 0.5778, Accuracy: 72.11%, AUC: 0.80 [VAL] Loss: 0.5415, Accuracy: 73.70%, Precision: 0.72, Recall: 0.78, F1: 0.75, AUC: 0.83
Epoch [43/100] [TRAIN] Loss: 0.5739, Accuracy: 72.46%, AUC: 0.80 [VAL] Loss: 0.5413, Accuracy: 73.70%, Precision: 0.72, Recall: 0.78, F1: 0.75, AUC: 0.83
Epoch [44/100] [TRAIN] Loss: 0.5721, Accuracy: 72.86%, AUC: 0.81 [VAL] Loss: 0.5411, Accuracy: 73.60%, Precision: 0.72, Recall: 0.78, F1: 0.75, AUC: 0.83
  Early stopping at epoch 44 (no val_loss improvement for 10 epochs)
  Antisymmetry score (raw):        0.9030
  Antisymmetry score (confident):  1.0000
  Total violations:                97 / 1000
  Pairs near boundary:             196 (19.6%)
  Avg |prob-0.5| at violation:     0.0000

--- Training baselines (LogisticRegression, RandomForest, SVM) ---

  Training LogisticRegression...
  Val accuracy: 72.30%

  [LogisticRegression]  Accuracy: 71.60%  AUC: 0.7792  Precision: 0.7407  Recall: 0.6504  F1: 0.6926  Antisym: 0.7860

  Training RandomForest...
  Val accuracy: 74.60%

  [RandomForest]  Accuracy: 73.00%  AUC: 0.8073  Precision: 0.7546  Recall: 0.6687  F1: 0.7091  Antisym: 0.8100

  Training SVM_Linear...
  Val accuracy: 71.80%

  [SVM_Linear]  Accuracy: 71.30%  AUC: 0.7776  Precision: 0.7412  Recall: 0.6402  F1: 0.6870  Antisym: 0.7800
Seed: 123
=== DirectRanker ===
Accuracy:  72.00 %
AUC:       0.8108
Precision: 0.6934
Recall:    0.7724
F1-Score:  0.7308
Antisymmetry score:  0.9030  (1.0 = perfect, ~0.5 = random)

Detailed Classification Report:
              precision    recall  f1-score   support

           0       0.75      0.67      0.71       508
           1       0.69      0.77      0.73       492

    accuracy                           0.72      1000
   macro avg       0.72      0.72      0.72      1000
weighted avg       0.72      0.72      0.72      1000


Confusion Matrix:
[[340 168]
 [112 380]]

=== LogisticRegression ===
Accuracy:  71.60 %
AUC:       0.7792
Precision: 0.7407
Recall:    0.6504
F1-Score:  0.6926
Antisymmetry score:  0.7860
Confusion Matrix:
[[396 112]
 [172 320]]

=== RandomForest ===
Accuracy:  73.00 %
AUC:       0.8073
Precision: 0.7546
Recall:    0.6687
F1-Score:  0.7091
Antisymmetry score:  0.8100
Confusion Matrix:
[[401 107]
 [163 329]]

=== SVM_Linear ===
Accuracy:  71.30 %
AUC:       0.7776
Precision: 0.7412
Recall:    0.6402
F1-Score:  0.6870
Antisymmetry score:  0.7800
Confusion Matrix:
[[398 110]
 [177 315]]

Saved combined test metrics: /group/pmc021/amunif/epi-thesis/workflow/16_Pairwise Ranking Healthy Liver/output/combined/donor_4/test/006-H3K4me3-H3K9me3-seed123-test-metrics.csv
Saved combined ROC plot: /group/pmc021/amunif/epi-thesis/workflow/16_Pairwise Ranking Healthy Liver/output/combined/donor_4/img/roc/006-H3K4me3-H3K9me3-seed123-roc-combined.png

Finished 006-H3K4me3-H3K9me3 (seed 123)

======================================================================
007-H3K4me3-H3K27ac
======================================================================
Train label distribution:
  Label 0:   4091 (51.1%)
  Label 1:   3909 (48.9%)
Val label distribution:
  Label 0:    494 (49.4%)
  Label 1:    506 (50.6%)
Test label distribution:
  Label 0:    508 (50.8%)
  Label 1:    492 (49.2%)

--- Training DirectRanker ---
Epoch [1/100] [TRAIN] Loss: 0.6811, Accuracy: 62.52%, AUC: 0.68 [VAL] Loss: 0.5663, Accuracy: 75.20%, Precision: 0.73, Recall: 0.82, F1: 0.77, AUC: 0.84
Epoch [2/100] [TRAIN] Loss: 0.6101, Accuracy: 72.03%, AUC: 0.78 [VAL] Loss: 0.5402, Accuracy: 75.10%, Precision: 0.72, Recall: 0.82, F1: 0.77, AUC: 0.84
Epoch [3/100] [TRAIN] Loss: 0.5964, Accuracy: 72.75%, AUC: 0.79 [VAL] Loss: 0.5333, Accuracy: 75.10%, Precision: 0.73, Recall: 0.82, F1: 0.77, AUC: 0.84
Epoch [4/100] [TRAIN] Loss: 0.5878, Accuracy: 73.84%, AUC: 0.80 [VAL] Loss: 0.5327, Accuracy: 74.80%, Precision: 0.72, Recall: 0.81, F1: 0.76, AUC: 0.84
Epoch [5/100] [TRAIN] Loss: 0.5845, Accuracy: 73.84%, AUC: 0.80 [VAL] Loss: 0.5309, Accuracy: 74.80%, Precision: 0.72, Recall: 0.81, F1: 0.76, AUC: 0.84
Epoch [6/100] [TRAIN] Loss: 0.5821, Accuracy: 73.25%, AUC: 0.80 [VAL] Loss: 0.5297, Accuracy: 74.80%, Precision: 0.72, Recall: 0.81, F1: 0.76, AUC: 0.84
Epoch [7/100] [TRAIN] Loss: 0.5792, Accuracy: 73.78%, AUC: 0.81 [VAL] Loss: 0.5290, Accuracy: 74.70%, Precision: 0.72, Recall: 0.81, F1: 0.76, AUC: 0.84
Epoch [8/100] [TRAIN] Loss: 0.5777, Accuracy: 73.86%, AUC: 0.81 [VAL] Loss: 0.5281, Accuracy: 74.70%, Precision: 0.72, Recall: 0.81, F1: 0.76, AUC: 0.84
Epoch [9/100] [TRAIN] Loss: 0.5771, Accuracy: 73.45%, AUC: 0.81 [VAL] Loss: 0.5278, Accuracy: 74.80%, Precision: 0.72, Recall: 0.81, F1: 0.76, AUC: 0.84
Epoch [10/100] [TRAIN] Loss: 0.5734, Accuracy: 73.11%, AUC: 0.81 [VAL] Loss: 0.5275, Accuracy: 74.80%, Precision: 0.72, Recall: 0.81, F1: 0.77, AUC: 0.84
Epoch [11/100] [TRAIN] Loss: 0.5720, Accuracy: 73.80%, AUC: 0.81 [VAL] Loss: 0.5274, Accuracy: 74.70%, Precision: 0.72, Recall: 0.81, F1: 0.76, AUC: 0.84
Epoch [12/100] [TRAIN] Loss: 0.5721, Accuracy: 74.17%, AUC: 0.81 [VAL] Loss: 0.5275, Accuracy: 74.70%, Precision: 0.72, Recall: 0.81, F1: 0.76, AUC: 0.84
Epoch [13/100] [TRAIN] Loss: 0.5716, Accuracy: 74.15%, AUC: 0.81 [VAL] Loss: 0.5265, Accuracy: 74.70%, Precision: 0.72, Recall: 0.81, F1: 0.76, AUC: 0.84
Epoch [14/100] [TRAIN] Loss: 0.5682, Accuracy: 73.65%, AUC: 0.81 [VAL] Loss: 0.5262, Accuracy: 74.70%, Precision: 0.72, Recall: 0.81, F1: 0.76, AUC: 0.84
Epoch [15/100] [TRAIN] Loss: 0.5724, Accuracy: 73.99%, AUC: 0.81 [VAL] Loss: 0.5271, Accuracy: 74.70%, Precision: 0.72, Recall: 0.81, F1: 0.76, AUC: 0.84
Epoch [16/100] [TRAIN] Loss: 0.5637, Accuracy: 74.26%, AUC: 0.82 [VAL] Loss: 0.5249, Accuracy: 74.60%, Precision: 0.72, Recall: 0.81, F1: 0.76, AUC: 0.84
Epoch [17/100] [TRAIN] Loss: 0.5645, Accuracy: 74.12%, AUC: 0.82 [VAL] Loss: 0.5250, Accuracy: 74.60%, Precision: 0.72, Recall: 0.81, F1: 0.76, AUC: 0.84
Epoch [18/100] [TRAIN] Loss: 0.5668, Accuracy: 74.22%, AUC: 0.81 [VAL] Loss: 0.5255, Accuracy: 74.70%, Precision: 0.72, Recall: 0.81, F1: 0.76, AUC: 0.84
Epoch [19/100] [TRAIN] Loss: 0.5671, Accuracy: 74.36%, AUC: 0.81 [VAL] Loss: 0.5269, Accuracy: 74.80%, Precision: 0.73, Recall: 0.81, F1: 0.76, AUC: 0.84
Epoch [20/100] [TRAIN] Loss: 0.5607, Accuracy: 73.89%, AUC: 0.82 [VAL] Loss: 0.5258, Accuracy: 74.90%, Precision: 0.73, Recall: 0.81, F1: 0.77, AUC: 0.84
Epoch [21/100] [TRAIN] Loss: 0.5659, Accuracy: 73.72%, AUC: 0.81 [VAL] Loss: 0.5257, Accuracy: 74.80%, Precision: 0.73, Recall: 0.81, F1: 0.76, AUC: 0.84
Epoch [22/100] [TRAIN] Loss: 0.5641, Accuracy: 74.03%, AUC: 0.81 [VAL] Loss: 0.5247, Accuracy: 74.70%, Precision: 0.72, Recall: 0.81, F1: 0.76, AUC: 0.84
Epoch [23/100] [TRAIN] Loss: 0.5620, Accuracy: 74.24%, AUC: 0.82 [VAL] Loss: 0.5244, Accuracy: 74.80%, Precision: 0.73, Recall: 0.81, F1: 0.76, AUC: 0.84
Epoch [24/100] [TRAIN] Loss: 0.5636, Accuracy: 74.04%, AUC: 0.82 [VAL] Loss: 0.5242, Accuracy: 74.80%, Precision: 0.73, Recall: 0.81, F1: 0.76, AUC: 0.84
Epoch [25/100] [TRAIN] Loss: 0.5615, Accuracy: 74.46%, AUC: 0.82 [VAL] Loss: 0.5243, Accuracy: 74.90%, Precision: 0.73, Recall: 0.81, F1: 0.77, AUC: 0.84
Epoch [26/100] [TRAIN] Loss: 0.5620, Accuracy: 73.80%, AUC: 0.82 [VAL] Loss: 0.5240, Accuracy: 74.90%, Precision: 0.73, Recall: 0.81, F1: 0.77, AUC: 0.84
Epoch [27/100] [TRAIN] Loss: 0.5612, Accuracy: 74.54%, AUC: 0.82 [VAL] Loss: 0.5236, Accuracy: 74.90%, Precision: 0.73, Recall: 0.81, F1: 0.77, AUC: 0.84
Epoch [28/100] [TRAIN] Loss: 0.5558, Accuracy: 74.30%, AUC: 0.82 [VAL] Loss: 0.5232, Accuracy: 75.00%, Precision: 0.73, Recall: 0.81, F1: 0.77, AUC: 0.84
Epoch [29/100] [TRAIN] Loss: 0.5572, Accuracy: 74.49%, AUC: 0.82 [VAL] Loss: 0.5229, Accuracy: 74.80%, Precision: 0.73, Recall: 0.81, F1: 0.76, AUC: 0.84
Epoch [30/100] [TRAIN] Loss: 0.5598, Accuracy: 74.08%, AUC: 0.82 [VAL] Loss: 0.5228, Accuracy: 74.80%, Precision: 0.73, Recall: 0.81, F1: 0.76, AUC: 0.84
Epoch [31/100] [TRAIN] Loss: 0.5550, Accuracy: 74.44%, AUC: 0.82 [VAL] Loss: 0.5220, Accuracy: 74.80%, Precision: 0.73, Recall: 0.81, F1: 0.76, AUC: 0.84
Epoch [32/100] [TRAIN] Loss: 0.5597, Accuracy: 73.62%, AUC: 0.82 [VAL] Loss: 0.5220, Accuracy: 74.80%, Precision: 0.73, Recall: 0.81, F1: 0.76, AUC: 0.84
Epoch [33/100] [TRAIN] Loss: 0.5584, Accuracy: 74.16%, AUC: 0.82 [VAL] Loss: 0.5227, Accuracy: 74.90%, Precision: 0.73, Recall: 0.80, F1: 0.76, AUC: 0.84
Epoch [34/100] [TRAIN] Loss: 0.5542, Accuracy: 74.60%, AUC: 0.82 [VAL] Loss: 0.5223, Accuracy: 74.90%, Precision: 0.73, Recall: 0.80, F1: 0.76, AUC: 0.84
Epoch [35/100] [TRAIN] Loss: 0.5580, Accuracy: 74.64%, AUC: 0.82 [VAL] Loss: 0.5224, Accuracy: 74.80%, Precision: 0.73, Recall: 0.80, F1: 0.76, AUC: 0.84
Epoch [36/100] [TRAIN] Loss: 0.5566, Accuracy: 74.34%, AUC: 0.82 [VAL] Loss: 0.5218, Accuracy: 74.80%, Precision: 0.73, Recall: 0.80, F1: 0.76, AUC: 0.84
Epoch [37/100] [TRAIN] Loss: 0.5527, Accuracy: 74.74%, AUC: 0.82 [VAL] Loss: 0.5215, Accuracy: 74.90%, Precision: 0.73, Recall: 0.80, F1: 0.76, AUC: 0.84
Epoch [38/100] [TRAIN] Loss: 0.5563, Accuracy: 74.35%, AUC: 0.82 [VAL] Loss: 0.5218, Accuracy: 75.10%, Precision: 0.73, Recall: 0.81, F1: 0.77, AUC: 0.84
Epoch [39/100] [TRAIN] Loss: 0.5575, Accuracy: 74.00%, AUC: 0.82 [VAL] Loss: 0.5225, Accuracy: 75.00%, Precision: 0.73, Recall: 0.81, F1: 0.77, AUC: 0.84
Epoch [40/100] [TRAIN] Loss: 0.5566, Accuracy: 74.03%, AUC: 0.82 [VAL] Loss: 0.5223, Accuracy: 75.00%, Precision: 0.73, Recall: 0.81, F1: 0.77, AUC: 0.84
Epoch [41/100] [TRAIN] Loss: 0.5546, Accuracy: 73.83%, AUC: 0.82 [VAL] Loss: 0.5222, Accuracy: 75.00%, Precision: 0.73, Recall: 0.81, F1: 0.77, AUC: 0.84
Epoch [42/100] [TRAIN] Loss: 0.5536, Accuracy: 74.22%, AUC: 0.82 [VAL] Loss: 0.5213, Accuracy: 75.10%, Precision: 0.73, Recall: 0.81, F1: 0.77, AUC: 0.84
Epoch [43/100] [TRAIN] Loss: 0.5511, Accuracy: 74.26%, AUC: 0.82 [VAL] Loss: 0.5206, Accuracy: 75.10%, Precision: 0.73, Recall: 0.81, F1: 0.77, AUC: 0.84
Epoch [44/100] [TRAIN] Loss: 0.5543, Accuracy: 74.54%, AUC: 0.82 [VAL] Loss: 0.5210, Accuracy: 75.00%, Precision: 0.73, Recall: 0.81, F1: 0.77, AUC: 0.84
Epoch [45/100] [TRAIN] Loss: 0.5547, Accuracy: 74.19%, AUC: 0.82 [VAL] Loss: 0.5215, Accuracy: 75.00%, Precision: 0.73, Recall: 0.81, F1: 0.77, AUC: 0.84
Epoch [46/100] [TRAIN] Loss: 0.5542, Accuracy: 74.50%, AUC: 0.82 [VAL] Loss: 0.5208, Accuracy: 75.00%, Precision: 0.73, Recall: 0.81, F1: 0.77, AUC: 0.84
Epoch [47/100] [TRAIN] Loss: 0.5529, Accuracy: 74.11%, AUC: 0.82 [VAL] Loss: 0.5207, Accuracy: 75.20%, Precision: 0.73, Recall: 0.81, F1: 0.77, AUC: 0.84
Epoch [48/100] [TRAIN] Loss: 0.5545, Accuracy: 74.06%, AUC: 0.82 [VAL] Loss: 0.5215, Accuracy: 75.20%, Precision: 0.73, Recall: 0.81, F1: 0.77, AUC: 0.84
Epoch [49/100] [TRAIN] Loss: 0.5534, Accuracy: 74.64%, AUC: 0.82 [VAL] Loss: 0.5216, Accuracy: 75.20%, Precision: 0.73, Recall: 0.81, F1: 0.77, AUC: 0.84
Epoch [50/100] [TRAIN] Loss: 0.5544, Accuracy: 74.40%, AUC: 0.82 [VAL] Loss: 0.5215, Accuracy: 75.20%, Precision: 0.73, Recall: 0.81, F1: 0.77, AUC: 0.84
Epoch [51/100] [TRAIN] Loss: 0.5519, Accuracy: 74.61%, AUC: 0.82 [VAL] Loss: 0.5214, Accuracy: 75.20%, Precision: 0.73, Recall: 0.81, F1: 0.77, AUC: 0.84
Epoch [52/100] [TRAIN] Loss: 0.5559, Accuracy: 74.26%, AUC: 0.82 [VAL] Loss: 0.5214, Accuracy: 75.20%, Precision: 0.73, Recall: 0.81, F1: 0.77, AUC: 0.84
Epoch [53/100] [TRAIN] Loss: 0.5524, Accuracy: 74.88%, AUC: 0.82 [VAL] Loss: 0.5214, Accuracy: 75.20%, Precision: 0.73, Recall: 0.81, F1: 0.77, AUC: 0.84
  Early stopping at epoch 53 (no val_loss improvement for 10 epochs)
  Antisymmetry score (raw):        0.9150
  Antisymmetry score (confident):  1.0000
  Total violations:                85 / 1000
  Pairs near boundary:             167 (16.7%)
  Avg |prob-0.5| at violation:     0.0000

--- Training baselines (LogisticRegression, RandomForest, SVM) ---

  Training LogisticRegression...
  Val accuracy: 74.10%

  [LogisticRegression]  Accuracy: 73.50%  AUC: 0.8074  Precision: 0.7585  Recall: 0.6768  F1: 0.7154  Antisym: 0.7840

  Training RandomForest...
  Val accuracy: 76.70%

  [RandomForest]  Accuracy: 76.00%  AUC: 0.8334  Precision: 0.7864  Recall: 0.7033  F1: 0.7425  Antisym: 0.8500

  Training SVM_Linear...
  Val accuracy: 73.20%

  [SVM_Linear]  Accuracy: 73.20%  AUC: 0.8074  Precision: 0.7569  Recall: 0.6707  F1: 0.7112  Antisym: 0.7810
Seed: 123
=== DirectRanker ===
Accuracy:  73.50 %
AUC:       0.8339
Precision: 0.7121
Recall:    0.7744
F1-Score:  0.7420
Antisymmetry score:  0.9150  (1.0 = perfect, ~0.5 = random)

Detailed Classification Report:
              precision    recall  f1-score   support

           0       0.76      0.70      0.73       508
           1       0.71      0.77      0.74       492

    accuracy                           0.73      1000
   macro avg       0.74      0.74      0.73      1000
weighted avg       0.74      0.73      0.73      1000


Confusion Matrix:
[[354 154]
 [111 381]]

=== LogisticRegression ===
Accuracy:  73.50 %
AUC:       0.8074
Precision: 0.7585
Recall:    0.6768
F1-Score:  0.7154
Antisymmetry score:  0.7840
Confusion Matrix:
[[402 106]
 [159 333]]

=== RandomForest ===
Accuracy:  76.00 %
AUC:       0.8334
Precision: 0.7864
Recall:    0.7033
F1-Score:  0.7425
Antisymmetry score:  0.8500
Confusion Matrix:
[[414  94]
 [146 346]]

=== SVM_Linear ===
Accuracy:  73.20 %
AUC:       0.8074
Precision: 0.7569
Recall:    0.6707
F1-Score:  0.7112
Antisymmetry score:  0.7810
Confusion Matrix:
[[402 106]
 [162 330]]

Saved combined test metrics: /group/pmc021/amunif/epi-thesis/workflow/16_Pairwise Ranking Healthy Liver/output/combined/donor_4/test/007-H3K4me3-H3K27ac-seed123-test-metrics.csv
Saved combined ROC plot: /group/pmc021/amunif/epi-thesis/workflow/16_Pairwise Ranking Healthy Liver/output/combined/donor_4/img/roc/007-H3K4me3-H3K27ac-seed123-roc-combined.png

Finished 007-H3K4me3-H3K27ac (seed 123)

======================================================================
008-H3K4me3-H3K27me3
======================================================================
Train label distribution:
  Label 0:   4091 (51.1%)
  Label 1:   3909 (48.9%)
Val label distribution:
  Label 0:    494 (49.4%)
  Label 1:    506 (50.6%)
Test label distribution:
  Label 0:    508 (50.8%)
  Label 1:    492 (49.2%)

--- Training DirectRanker ---
Epoch [1/100] [TRAIN] Loss: 0.6539, Accuracy: 67.24%, AUC: 0.73 [VAL] Loss: 0.5837, Accuracy: 73.20%, Precision: 0.71, Recall: 0.79, F1: 0.75, AUC: 0.81
Epoch [2/100] [TRAIN] Loss: 0.6149, Accuracy: 70.71%, AUC: 0.77 [VAL] Loss: 0.5629, Accuracy: 73.40%, Precision: 0.72, Recall: 0.79, F1: 0.75, AUC: 0.82
Epoch [3/100] [TRAIN] Loss: 0.6082, Accuracy: 71.26%, AUC: 0.78 [VAL] Loss: 0.5571, Accuracy: 73.70%, Precision: 0.72, Recall: 0.79, F1: 0.75, AUC: 0.82
Epoch [4/100] [TRAIN] Loss: 0.6053, Accuracy: 70.80%, AUC: 0.78 [VAL] Loss: 0.5545, Accuracy: 73.60%, Precision: 0.72, Recall: 0.79, F1: 0.75, AUC: 0.82
Epoch [5/100] [TRAIN] Loss: 0.6006, Accuracy: 71.74%, AUC: 0.79 [VAL] Loss: 0.5531, Accuracy: 73.70%, Precision: 0.72, Recall: 0.79, F1: 0.75, AUC: 0.82
Epoch [6/100] [TRAIN] Loss: 0.5988, Accuracy: 71.61%, AUC: 0.79 [VAL] Loss: 0.5517, Accuracy: 73.80%, Precision: 0.72, Recall: 0.79, F1: 0.75, AUC: 0.83
Epoch [7/100] [TRAIN] Loss: 0.5963, Accuracy: 71.66%, AUC: 0.79 [VAL] Loss: 0.5503, Accuracy: 73.90%, Precision: 0.72, Recall: 0.79, F1: 0.75, AUC: 0.83
Epoch [8/100] [TRAIN] Loss: 0.5936, Accuracy: 71.66%, AUC: 0.79 [VAL] Loss: 0.5494, Accuracy: 74.10%, Precision: 0.72, Recall: 0.79, F1: 0.76, AUC: 0.83
Epoch [9/100] [TRAIN] Loss: 0.5914, Accuracy: 71.67%, AUC: 0.79 [VAL] Loss: 0.5492, Accuracy: 74.20%, Precision: 0.72, Recall: 0.79, F1: 0.76, AUC: 0.83
Epoch [10/100] [TRAIN] Loss: 0.5909, Accuracy: 71.72%, AUC: 0.79 [VAL] Loss: 0.5473, Accuracy: 74.30%, Precision: 0.73, Recall: 0.79, F1: 0.76, AUC: 0.83
Epoch [11/100] [TRAIN] Loss: 0.5945, Accuracy: 72.16%, AUC: 0.79 [VAL] Loss: 0.5481, Accuracy: 74.20%, Precision: 0.72, Recall: 0.79, F1: 0.76, AUC: 0.83
Epoch [12/100] [TRAIN] Loss: 0.5909, Accuracy: 71.54%, AUC: 0.79 [VAL] Loss: 0.5474, Accuracy: 74.30%, Precision: 0.73, Recall: 0.79, F1: 0.76, AUC: 0.83
Epoch [13/100] [TRAIN] Loss: 0.5905, Accuracy: 72.22%, AUC: 0.79 [VAL] Loss: 0.5468, Accuracy: 74.50%, Precision: 0.73, Recall: 0.79, F1: 0.76, AUC: 0.83
Epoch [14/100] [TRAIN] Loss: 0.5883, Accuracy: 71.49%, AUC: 0.79 [VAL] Loss: 0.5464, Accuracy: 74.60%, Precision: 0.73, Recall: 0.79, F1: 0.76, AUC: 0.83
Epoch [15/100] [TRAIN] Loss: 0.5905, Accuracy: 71.55%, AUC: 0.79 [VAL] Loss: 0.5464, Accuracy: 74.50%, Precision: 0.73, Recall: 0.79, F1: 0.76, AUC: 0.83
Epoch [16/100] [TRAIN] Loss: 0.5893, Accuracy: 71.90%, AUC: 0.79 [VAL] Loss: 0.5455, Accuracy: 74.50%, Precision: 0.73, Recall: 0.79, F1: 0.76, AUC: 0.83
Epoch [17/100] [TRAIN] Loss: 0.5839, Accuracy: 72.26%, AUC: 0.80 [VAL] Loss: 0.5455, Accuracy: 74.70%, Precision: 0.73, Recall: 0.79, F1: 0.76, AUC: 0.83
Epoch [18/100] [TRAIN] Loss: 0.5844, Accuracy: 71.81%, AUC: 0.80 [VAL] Loss: 0.5446, Accuracy: 74.60%, Precision: 0.73, Recall: 0.79, F1: 0.76, AUC: 0.83
Epoch [19/100] [TRAIN] Loss: 0.5836, Accuracy: 72.06%, AUC: 0.80 [VAL] Loss: 0.5437, Accuracy: 74.60%, Precision: 0.73, Recall: 0.79, F1: 0.76, AUC: 0.83
Epoch [20/100] [TRAIN] Loss: 0.5863, Accuracy: 71.75%, AUC: 0.79 [VAL] Loss: 0.5447, Accuracy: 74.40%, Precision: 0.73, Recall: 0.79, F1: 0.76, AUC: 0.83
Epoch [21/100] [TRAIN] Loss: 0.5847, Accuracy: 72.11%, AUC: 0.80 [VAL] Loss: 0.5450, Accuracy: 74.20%, Precision: 0.73, Recall: 0.79, F1: 0.76, AUC: 0.83
Epoch [22/100] [TRAIN] Loss: 0.5832, Accuracy: 72.81%, AUC: 0.80 [VAL] Loss: 0.5443, Accuracy: 74.50%, Precision: 0.73, Recall: 0.79, F1: 0.76, AUC: 0.83
Epoch [23/100] [TRAIN] Loss: 0.5835, Accuracy: 71.71%, AUC: 0.80 [VAL] Loss: 0.5436, Accuracy: 74.30%, Precision: 0.73, Recall: 0.79, F1: 0.76, AUC: 0.83
Epoch [24/100] [TRAIN] Loss: 0.5824, Accuracy: 72.17%, AUC: 0.80 [VAL] Loss: 0.5432, Accuracy: 74.30%, Precision: 0.73, Recall: 0.79, F1: 0.76, AUC: 0.83
Epoch [25/100] [TRAIN] Loss: 0.5817, Accuracy: 72.66%, AUC: 0.80 [VAL] Loss: 0.5439, Accuracy: 74.60%, Precision: 0.73, Recall: 0.79, F1: 0.76, AUC: 0.83
Epoch [26/100] [TRAIN] Loss: 0.5800, Accuracy: 72.20%, AUC: 0.80 [VAL] Loss: 0.5436, Accuracy: 74.30%, Precision: 0.73, Recall: 0.79, F1: 0.76, AUC: 0.83
Epoch [27/100] [TRAIN] Loss: 0.5824, Accuracy: 72.06%, AUC: 0.80 [VAL] Loss: 0.5424, Accuracy: 74.50%, Precision: 0.73, Recall: 0.79, F1: 0.76, AUC: 0.83
Epoch [28/100] [TRAIN] Loss: 0.5795, Accuracy: 72.16%, AUC: 0.80 [VAL] Loss: 0.5424, Accuracy: 74.30%, Precision: 0.73, Recall: 0.79, F1: 0.76, AUC: 0.83
Epoch [29/100] [TRAIN] Loss: 0.5821, Accuracy: 71.91%, AUC: 0.80 [VAL] Loss: 0.5433, Accuracy: 74.40%, Precision: 0.73, Recall: 0.79, F1: 0.76, AUC: 0.83
Epoch [30/100] [TRAIN] Loss: 0.5794, Accuracy: 72.22%, AUC: 0.80 [VAL] Loss: 0.5427, Accuracy: 74.40%, Precision: 0.73, Recall: 0.79, F1: 0.76, AUC: 0.83
Epoch [31/100] [TRAIN] Loss: 0.5822, Accuracy: 72.04%, AUC: 0.80 [VAL] Loss: 0.5431, Accuracy: 74.30%, Precision: 0.73, Recall: 0.79, F1: 0.76, AUC: 0.83
Epoch [32/100] [TRAIN] Loss: 0.5818, Accuracy: 72.05%, AUC: 0.80 [VAL] Loss: 0.5435, Accuracy: 74.30%, Precision: 0.73, Recall: 0.79, F1: 0.76, AUC: 0.83
Epoch [33/100] [TRAIN] Loss: 0.5812, Accuracy: 71.88%, AUC: 0.80 [VAL] Loss: 0.5428, Accuracy: 74.30%, Precision: 0.73, Recall: 0.79, F1: 0.76, AUC: 0.83
Epoch [34/100] [TRAIN] Loss: 0.5801, Accuracy: 72.44%, AUC: 0.80 [VAL] Loss: 0.5434, Accuracy: 74.50%, Precision: 0.73, Recall: 0.79, F1: 0.76, AUC: 0.83
Epoch [35/100] [TRAIN] Loss: 0.5818, Accuracy: 71.72%, AUC: 0.80 [VAL] Loss: 0.5433, Accuracy: 74.50%, Precision: 0.73, Recall: 0.79, F1: 0.76, AUC: 0.83
Epoch [36/100] [TRAIN] Loss: 0.5775, Accuracy: 72.59%, AUC: 0.80 [VAL] Loss: 0.5432, Accuracy: 74.50%, Precision: 0.73, Recall: 0.79, F1: 0.76, AUC: 0.83
Epoch [37/100] [TRAIN] Loss: 0.5759, Accuracy: 72.69%, AUC: 0.80 [VAL] Loss: 0.5429, Accuracy: 74.50%, Precision: 0.73, Recall: 0.79, F1: 0.76, AUC: 0.83
  Early stopping at epoch 37 (no val_loss improvement for 10 epochs)
  Antisymmetry score (raw):        0.9000
  Antisymmetry score (confident):  1.0000
  Total violations:                100 / 1000
  Pairs near boundary:             193 (19.3%)
  Avg |prob-0.5| at violation:     0.0000

--- Training baselines (LogisticRegression, RandomForest, SVM) ---

  Training LogisticRegression...
  Val accuracy: 72.80%

  [LogisticRegression]  Accuracy: 72.60%  AUC: 0.7927  Precision: 0.7535  Recall: 0.6585  F1: 0.7028  Antisym: 0.8050

  Training RandomForest...
  Val accuracy: 74.80%

  [RandomForest]  Accuracy: 73.00%  AUC: 0.8068  Precision: 0.7606  Recall: 0.6585  F1: 0.7059  Antisym: 0.8060

  Training SVM_Linear...
  Val accuracy: 72.60%

  [SVM_Linear]  Accuracy: 72.50%  AUC: 0.7927  Precision: 0.7506  Recall: 0.6606  F1: 0.7027  Antisym: 0.8050
Seed: 123
=== DirectRanker ===
Accuracy:  71.50 %
AUC:       0.8096
Precision: 0.6906
Recall:    0.7622
F1-Score:  0.7246
Antisymmetry score:  0.9000  (1.0 = perfect, ~0.5 = random)

Detailed Classification Report:
              precision    recall  f1-score   support

           0       0.74      0.67      0.70       508
           1       0.69      0.76      0.72       492

    accuracy                           0.71      1000
   macro avg       0.72      0.72      0.71      1000
weighted avg       0.72      0.71      0.71      1000


Confusion Matrix:
[[340 168]
 [117 375]]

=== LogisticRegression ===
Accuracy:  72.60 %
AUC:       0.7927
Precision: 0.7535
Recall:    0.6585
F1-Score:  0.7028
Antisymmetry score:  0.8050
Confusion Matrix:
[[402 106]
 [168 324]]

=== RandomForest ===
Accuracy:  73.00 %
AUC:       0.8068
Precision: 0.7606
Recall:    0.6585
F1-Score:  0.7059
Antisymmetry score:  0.8060
Confusion Matrix:
[[406 102]
 [168 324]]

=== SVM_Linear ===
Accuracy:  72.50 %
AUC:       0.7927
Precision: 0.7506
Recall:    0.6606
F1-Score:  0.7027
Antisymmetry score:  0.8050
Confusion Matrix:
[[400 108]
 [167 325]]

Saved combined test metrics: /group/pmc021/amunif/epi-thesis/workflow/16_Pairwise Ranking Healthy Liver/output/combined/donor_4/test/008-H3K4me3-H3K27me3-seed123-test-metrics.csv
Saved combined ROC plot: /group/pmc021/amunif/epi-thesis/workflow/16_Pairwise Ranking Healthy Liver/output/combined/donor_4/img/roc/008-H3K4me3-H3K27me3-seed123-roc-combined.png

Finished 008-H3K4me3-H3K27me3 (seed 123)

======================================================================
009-H3K9ac-H3K9me3
======================================================================
Train label distribution:
  Label 0:   4091 (51.1%)
  Label 1:   3909 (48.9%)
Val label distribution:
  Label 0:    494 (49.4%)
  Label 1:    506 (50.6%)
Test label distribution:
  Label 0:    508 (50.8%)
  Label 1:    492 (49.2%)

--- Training DirectRanker ---
Epoch [1/100] [TRAIN] Loss: 0.6794, Accuracy: 64.56%, AUC: 0.71 [VAL] Loss: 0.6288, Accuracy: 71.70%, Precision: 0.70, Recall: 0.78, F1: 0.74, AUC: 0.80
Epoch [2/100] [TRAIN] Loss: 0.6341, Accuracy: 69.84%, AUC: 0.76 [VAL] Loss: 0.5902, Accuracy: 73.20%, Precision: 0.71, Recall: 0.80, F1: 0.75, AUC: 0.81
Epoch [3/100] [TRAIN] Loss: 0.6221, Accuracy: 70.99%, AUC: 0.77 [VAL] Loss: 0.5754, Accuracy: 73.30%, Precision: 0.71, Recall: 0.81, F1: 0.75, AUC: 0.82
Epoch [4/100] [TRAIN] Loss: 0.6113, Accuracy: 71.47%, AUC: 0.78 [VAL] Loss: 0.5674, Accuracy: 73.70%, Precision: 0.71, Recall: 0.82, F1: 0.76, AUC: 0.82
Epoch [5/100] [TRAIN] Loss: 0.6091, Accuracy: 71.28%, AUC: 0.78 [VAL] Loss: 0.5646, Accuracy: 73.90%, Precision: 0.71, Recall: 0.82, F1: 0.76, AUC: 0.82
Epoch [6/100] [TRAIN] Loss: 0.6038, Accuracy: 71.81%, AUC: 0.79 [VAL] Loss: 0.5621, Accuracy: 73.80%, Precision: 0.71, Recall: 0.82, F1: 0.76, AUC: 0.82
Epoch [7/100] [TRAIN] Loss: 0.6055, Accuracy: 71.53%, AUC: 0.79 [VAL] Loss: 0.5610, Accuracy: 73.70%, Precision: 0.71, Recall: 0.82, F1: 0.76, AUC: 0.82
Epoch [8/100] [TRAIN] Loss: 0.6031, Accuracy: 71.39%, AUC: 0.79 [VAL] Loss: 0.5603, Accuracy: 73.60%, Precision: 0.71, Recall: 0.82, F1: 0.76, AUC: 0.82
Epoch [9/100] [TRAIN] Loss: 0.5984, Accuracy: 71.76%, AUC: 0.79 [VAL] Loss: 0.5588, Accuracy: 73.70%, Precision: 0.71, Recall: 0.82, F1: 0.76, AUC: 0.82
Epoch [10/100] [TRAIN] Loss: 0.5979, Accuracy: 71.58%, AUC: 0.79 [VAL] Loss: 0.5575, Accuracy: 73.80%, Precision: 0.71, Recall: 0.82, F1: 0.76, AUC: 0.82
Epoch [11/100] [TRAIN] Loss: 0.5962, Accuracy: 71.34%, AUC: 0.79 [VAL] Loss: 0.5566, Accuracy: 73.80%, Precision: 0.71, Recall: 0.82, F1: 0.76, AUC: 0.82
Epoch [12/100] [TRAIN] Loss: 0.5949, Accuracy: 71.34%, AUC: 0.79 [VAL] Loss: 0.5559, Accuracy: 73.80%, Precision: 0.71, Recall: 0.82, F1: 0.76, AUC: 0.82
Epoch [13/100] [TRAIN] Loss: 0.5955, Accuracy: 71.54%, AUC: 0.79 [VAL] Loss: 0.5555, Accuracy: 73.50%, Precision: 0.71, Recall: 0.82, F1: 0.76, AUC: 0.82
Epoch [14/100] [TRAIN] Loss: 0.5973, Accuracy: 70.96%, AUC: 0.79 [VAL] Loss: 0.5555, Accuracy: 73.40%, Precision: 0.70, Recall: 0.82, F1: 0.76, AUC: 0.82
Epoch [15/100] [TRAIN] Loss: 0.5927, Accuracy: 71.94%, AUC: 0.79 [VAL] Loss: 0.5549, Accuracy: 73.40%, Precision: 0.70, Recall: 0.82, F1: 0.76, AUC: 0.82
Epoch [16/100] [TRAIN] Loss: 0.5921, Accuracy: 72.09%, AUC: 0.79 [VAL] Loss: 0.5545, Accuracy: 73.50%, Precision: 0.70, Recall: 0.82, F1: 0.76, AUC: 0.82
Epoch [17/100] [TRAIN] Loss: 0.5879, Accuracy: 72.20%, AUC: 0.80 [VAL] Loss: 0.5535, Accuracy: 73.50%, Precision: 0.70, Recall: 0.82, F1: 0.76, AUC: 0.82
Epoch [18/100] [TRAIN] Loss: 0.5895, Accuracy: 71.67%, AUC: 0.79 [VAL] Loss: 0.5527, Accuracy: 73.50%, Precision: 0.70, Recall: 0.82, F1: 0.76, AUC: 0.82
Epoch [19/100] [TRAIN] Loss: 0.5888, Accuracy: 71.79%, AUC: 0.79 [VAL] Loss: 0.5520, Accuracy: 73.60%, Precision: 0.71, Recall: 0.82, F1: 0.76, AUC: 0.82
Epoch [20/100] [TRAIN] Loss: 0.5908, Accuracy: 71.31%, AUC: 0.79 [VAL] Loss: 0.5528, Accuracy: 73.60%, Precision: 0.71, Recall: 0.82, F1: 0.76, AUC: 0.82
Epoch [21/100] [TRAIN] Loss: 0.5864, Accuracy: 72.21%, AUC: 0.80 [VAL] Loss: 0.5515, Accuracy: 73.60%, Precision: 0.71, Recall: 0.82, F1: 0.76, AUC: 0.82
Epoch [22/100] [TRAIN] Loss: 0.5909, Accuracy: 71.46%, AUC: 0.79 [VAL] Loss: 0.5515, Accuracy: 73.60%, Precision: 0.71, Recall: 0.82, F1: 0.76, AUC: 0.83
Epoch [23/100] [TRAIN] Loss: 0.5890, Accuracy: 71.66%, AUC: 0.79 [VAL] Loss: 0.5513, Accuracy: 73.60%, Precision: 0.71, Recall: 0.82, F1: 0.76, AUC: 0.83
Epoch [24/100] [TRAIN] Loss: 0.5864, Accuracy: 71.83%, AUC: 0.80 [VAL] Loss: 0.5513, Accuracy: 73.60%, Precision: 0.71, Recall: 0.82, F1: 0.76, AUC: 0.83
Epoch [25/100] [TRAIN] Loss: 0.5895, Accuracy: 71.83%, AUC: 0.79 [VAL] Loss: 0.5512, Accuracy: 73.60%, Precision: 0.71, Recall: 0.82, F1: 0.76, AUC: 0.83
Epoch [26/100] [TRAIN] Loss: 0.5825, Accuracy: 71.92%, AUC: 0.80 [VAL] Loss: 0.5503, Accuracy: 73.60%, Precision: 0.71, Recall: 0.82, F1: 0.76, AUC: 0.83
Epoch [27/100] [TRAIN] Loss: 0.5861, Accuracy: 72.01%, AUC: 0.80 [VAL] Loss: 0.5504, Accuracy: 73.40%, Precision: 0.70, Recall: 0.82, F1: 0.76, AUC: 0.82
Epoch [28/100] [TRAIN] Loss: 0.5830, Accuracy: 71.45%, AUC: 0.80 [VAL] Loss: 0.5501, Accuracy: 73.40%, Precision: 0.70, Recall: 0.82, F1: 0.76, AUC: 0.82
Epoch [29/100] [TRAIN] Loss: 0.5847, Accuracy: 72.11%, AUC: 0.80 [VAL] Loss: 0.5499, Accuracy: 73.40%, Precision: 0.70, Recall: 0.82, F1: 0.76, AUC: 0.82
Epoch [30/100] [TRAIN] Loss: 0.5816, Accuracy: 72.09%, AUC: 0.80 [VAL] Loss: 0.5494, Accuracy: 73.50%, Precision: 0.70, Recall: 0.82, F1: 0.76, AUC: 0.83
Epoch [31/100] [TRAIN] Loss: 0.5828, Accuracy: 72.08%, AUC: 0.80 [VAL] Loss: 0.5489, Accuracy: 73.30%, Precision: 0.70, Recall: 0.82, F1: 0.76, AUC: 0.82
Epoch [32/100] [TRAIN] Loss: 0.5814, Accuracy: 72.09%, AUC: 0.80 [VAL] Loss: 0.5490, Accuracy: 73.40%, Precision: 0.70, Recall: 0.82, F1: 0.76, AUC: 0.83
Epoch [33/100] [TRAIN] Loss: 0.5813, Accuracy: 72.42%, AUC: 0.80 [VAL] Loss: 0.5486, Accuracy: 73.30%, Precision: 0.70, Recall: 0.82, F1: 0.76, AUC: 0.82
Epoch [34/100] [TRAIN] Loss: 0.5799, Accuracy: 71.86%, AUC: 0.80 [VAL] Loss: 0.5484, Accuracy: 73.40%, Precision: 0.70, Recall: 0.82, F1: 0.76, AUC: 0.83
Epoch [35/100] [TRAIN] Loss: 0.5796, Accuracy: 72.20%, AUC: 0.80 [VAL] Loss: 0.5481, Accuracy: 73.50%, Precision: 0.70, Recall: 0.82, F1: 0.76, AUC: 0.83
Epoch [36/100] [TRAIN] Loss: 0.5824, Accuracy: 71.84%, AUC: 0.80 [VAL] Loss: 0.5485, Accuracy: 73.70%, Precision: 0.71, Recall: 0.82, F1: 0.76, AUC: 0.83
Epoch [37/100] [TRAIN] Loss: 0.5801, Accuracy: 72.22%, AUC: 0.80 [VAL] Loss: 0.5481, Accuracy: 73.70%, Precision: 0.71, Recall: 0.82, F1: 0.76, AUC: 0.83
Epoch [38/100] [TRAIN] Loss: 0.5795, Accuracy: 72.15%, AUC: 0.80 [VAL] Loss: 0.5482, Accuracy: 73.70%, Precision: 0.71, Recall: 0.82, F1: 0.76, AUC: 0.83
Epoch [39/100] [TRAIN] Loss: 0.5803, Accuracy: 72.09%, AUC: 0.80 [VAL] Loss: 0.5484, Accuracy: 73.70%, Precision: 0.71, Recall: 0.82, F1: 0.76, AUC: 0.83
Epoch [40/100] [TRAIN] Loss: 0.5785, Accuracy: 71.94%, AUC: 0.80 [VAL] Loss: 0.5477, Accuracy: 73.70%, Precision: 0.71, Recall: 0.82, F1: 0.76, AUC: 0.83
Epoch [41/100] [TRAIN] Loss: 0.5778, Accuracy: 71.76%, AUC: 0.80 [VAL] Loss: 0.5469, Accuracy: 73.70%, Precision: 0.71, Recall: 0.82, F1: 0.76, AUC: 0.83
Epoch [42/100] [TRAIN] Loss: 0.5750, Accuracy: 72.75%, AUC: 0.80 [VAL] Loss: 0.5468, Accuracy: 73.70%, Precision: 0.71, Recall: 0.82, F1: 0.76, AUC: 0.83
Epoch [43/100] [TRAIN] Loss: 0.5773, Accuracy: 72.58%, AUC: 0.80 [VAL] Loss: 0.5471, Accuracy: 73.70%, Precision: 0.71, Recall: 0.82, F1: 0.76, AUC: 0.83
Epoch [44/100] [TRAIN] Loss: 0.5775, Accuracy: 72.21%, AUC: 0.80 [VAL] Loss: 0.5469, Accuracy: 73.80%, Precision: 0.71, Recall: 0.82, F1: 0.76, AUC: 0.83
Epoch [45/100] [TRAIN] Loss: 0.5757, Accuracy: 72.15%, AUC: 0.80 [VAL] Loss: 0.5471, Accuracy: 73.80%, Precision: 0.71, Recall: 0.82, F1: 0.76, AUC: 0.83
Epoch [46/100] [TRAIN] Loss: 0.5784, Accuracy: 71.64%, AUC: 0.80 [VAL] Loss: 0.5476, Accuracy: 74.10%, Precision: 0.71, Recall: 0.83, F1: 0.76, AUC: 0.83
Epoch [47/100] [TRAIN] Loss: 0.5749, Accuracy: 72.22%, AUC: 0.80 [VAL] Loss: 0.5471, Accuracy: 74.20%, Precision: 0.71, Recall: 0.83, F1: 0.76, AUC: 0.83
Epoch [48/100] [TRAIN] Loss: 0.5773, Accuracy: 72.22%, AUC: 0.80 [VAL] Loss: 0.5468, Accuracy: 74.10%, Precision: 0.71, Recall: 0.83, F1: 0.76, AUC: 0.83
Epoch [49/100] [TRAIN] Loss: 0.5777, Accuracy: 72.21%, AUC: 0.80 [VAL] Loss: 0.5468, Accuracy: 74.10%, Precision: 0.71, Recall: 0.83, F1: 0.76, AUC: 0.83
Epoch [50/100] [TRAIN] Loss: 0.5761, Accuracy: 71.97%, AUC: 0.80 [VAL] Loss: 0.5468, Accuracy: 74.10%, Precision: 0.71, Recall: 0.83, F1: 0.76, AUC: 0.83
Epoch [51/100] [TRAIN] Loss: 0.5770, Accuracy: 72.14%, AUC: 0.80 [VAL] Loss: 0.5468, Accuracy: 74.10%, Precision: 0.71, Recall: 0.83, F1: 0.76, AUC: 0.83
  Early stopping at epoch 51 (no val_loss improvement for 10 epochs)
  Antisymmetry score (raw):        0.8370
  Antisymmetry score (confident):  1.0000
  Total violations:                163 / 1000
  Pairs near boundary:             241 (24.1%)
  Avg |prob-0.5| at violation:     0.0000

--- Training baselines (LogisticRegression, RandomForest, SVM) ---

  Training LogisticRegression...
  Val accuracy: 72.90%

  [LogisticRegression]  Accuracy: 70.10%  AUC: 0.7662  Precision: 0.7455  Recall: 0.5955  F1: 0.6621  Antisym: 0.7280

  Training RandomForest...
  Val accuracy: 76.70%

  [RandomForest]  Accuracy: 72.00%  AUC: 0.8160  Precision: 0.7650  Recall: 0.6220  F1: 0.6861  Antisym: 0.7570

  Training SVM_Linear...
  Val accuracy: 72.70%

  [SVM_Linear]  Accuracy: 68.90%  AUC: 0.7611  Precision: 0.7315  Recall: 0.5813  F1: 0.6478  Antisym: 0.7040
Seed: 123
=== DirectRanker ===
Accuracy:  72.30 %
AUC:       0.8125
Precision: 0.6870
Recall:    0.8028
F1-Score:  0.7404
Antisymmetry score:  0.8370  (1.0 = perfect, ~0.5 = random)

Detailed Classification Report:
              precision    recall  f1-score   support

           0       0.77      0.65      0.70       508
           1       0.69      0.80      0.74       492

    accuracy                           0.72      1000
   macro avg       0.73      0.72      0.72      1000
weighted avg       0.73      0.72      0.72      1000


Confusion Matrix:
[[328 180]
 [ 97 395]]

=== LogisticRegression ===
Accuracy:  70.10 %
AUC:       0.7662
Precision: 0.7455
Recall:    0.5955
F1-Score:  0.6621
Antisymmetry score:  0.7280
Confusion Matrix:
[[408 100]
 [199 293]]

=== RandomForest ===
Accuracy:  72.00 %
AUC:       0.8160
Precision: 0.7650
Recall:    0.6220
F1-Score:  0.6861
Antisymmetry score:  0.7570
Confusion Matrix:
[[414  94]
 [186 306]]

=== SVM_Linear ===
Accuracy:  68.90 %
AUC:       0.7611
Precision: 0.7315
Recall:    0.5813
F1-Score:  0.6478
Antisymmetry score:  0.7040
Confusion Matrix:
[[403 105]
 [206 286]]

Saved combined test metrics: /group/pmc021/amunif/epi-thesis/workflow/16_Pairwise Ranking Healthy Liver/output/combined/donor_4/test/009-H3K9ac-H3K9me3-seed123-test-metrics.csv
Saved combined ROC plot: /group/pmc021/amunif/epi-thesis/workflow/16_Pairwise Ranking Healthy Liver/output/combined/donor_4/img/roc/009-H3K9ac-H3K9me3-seed123-roc-combined.png

Finished 009-H3K9ac-H3K9me3 (seed 123)

======================================================================
010-H3K9ac-H3K27ac
======================================================================
Train label distribution:
  Label 0:   4091 (51.1%)
  Label 1:   3909 (48.9%)
Val label distribution:
  Label 0:    494 (49.4%)
  Label 1:    506 (50.6%)
Test label distribution:
  Label 0:    508 (50.8%)
  Label 1:    492 (49.2%)

--- Training DirectRanker ---
Epoch [1/100] [TRAIN] Loss: 0.6674, Accuracy: 65.66%, AUC: 0.72 [VAL] Loss: 0.5815, Accuracy: 73.90%, Precision: 0.71, Recall: 0.81, F1: 0.76, AUC: 0.83
Epoch [2/100] [TRAIN] Loss: 0.6161, Accuracy: 72.33%, AUC: 0.78 [VAL] Loss: 0.5578, Accuracy: 74.30%, Precision: 0.71, Recall: 0.82, F1: 0.76, AUC: 0.83
Epoch [3/100] [TRAIN] Loss: 0.6067, Accuracy: 72.88%, AUC: 0.79 [VAL] Loss: 0.5528, Accuracy: 74.10%, Precision: 0.71, Recall: 0.82, F1: 0.76, AUC: 0.83
Epoch [4/100] [TRAIN] Loss: 0.6027, Accuracy: 73.16%, AUC: 0.79 [VAL] Loss: 0.5495, Accuracy: 73.90%, Precision: 0.71, Recall: 0.81, F1: 0.76, AUC: 0.83
Epoch [5/100] [TRAIN] Loss: 0.5936, Accuracy: 73.41%, AUC: 0.80 [VAL] Loss: 0.5463, Accuracy: 74.20%, Precision: 0.71, Recall: 0.82, F1: 0.76, AUC: 0.83
Epoch [6/100] [TRAIN] Loss: 0.5909, Accuracy: 73.79%, AUC: 0.80 [VAL] Loss: 0.5452, Accuracy: 74.20%, Precision: 0.71, Recall: 0.82, F1: 0.76, AUC: 0.83
Epoch [7/100] [TRAIN] Loss: 0.5886, Accuracy: 73.78%, AUC: 0.80 [VAL] Loss: 0.5440, Accuracy: 74.20%, Precision: 0.71, Recall: 0.82, F1: 0.76, AUC: 0.83
Epoch [8/100] [TRAIN] Loss: 0.5868, Accuracy: 73.64%, AUC: 0.80 [VAL] Loss: 0.5428, Accuracy: 74.00%, Precision: 0.71, Recall: 0.82, F1: 0.76, AUC: 0.83
Epoch [9/100] [TRAIN] Loss: 0.5852, Accuracy: 73.80%, AUC: 0.80 [VAL] Loss: 0.5421, Accuracy: 74.10%, Precision: 0.71, Recall: 0.82, F1: 0.76, AUC: 0.83
Epoch [10/100] [TRAIN] Loss: 0.5846, Accuracy: 73.45%, AUC: 0.80 [VAL] Loss: 0.5421, Accuracy: 74.40%, Precision: 0.71, Recall: 0.82, F1: 0.76, AUC: 0.83
Epoch [11/100] [TRAIN] Loss: 0.5802, Accuracy: 73.70%, AUC: 0.81 [VAL] Loss: 0.5410, Accuracy: 74.40%, Precision: 0.71, Recall: 0.82, F1: 0.76, AUC: 0.83
Epoch [12/100] [TRAIN] Loss: 0.5840, Accuracy: 73.78%, AUC: 0.81 [VAL] Loss: 0.5409, Accuracy: 74.50%, Precision: 0.72, Recall: 0.82, F1: 0.77, AUC: 0.83
Epoch [13/100] [TRAIN] Loss: 0.5824, Accuracy: 73.49%, AUC: 0.81 [VAL] Loss: 0.5413, Accuracy: 74.40%, Precision: 0.71, Recall: 0.82, F1: 0.76, AUC: 0.83
Epoch [14/100] [TRAIN] Loss: 0.5781, Accuracy: 73.92%, AUC: 0.81 [VAL] Loss: 0.5401, Accuracy: 74.50%, Precision: 0.72, Recall: 0.82, F1: 0.77, AUC: 0.83
Epoch [15/100] [TRAIN] Loss: 0.5762, Accuracy: 74.04%, AUC: 0.81 [VAL] Loss: 0.5391, Accuracy: 74.50%, Precision: 0.72, Recall: 0.82, F1: 0.77, AUC: 0.83
Epoch [16/100] [TRAIN] Loss: 0.5761, Accuracy: 73.72%, AUC: 0.81 [VAL] Loss: 0.5396, Accuracy: 74.80%, Precision: 0.72, Recall: 0.82, F1: 0.77, AUC: 0.84
Epoch [17/100] [TRAIN] Loss: 0.5779, Accuracy: 73.71%, AUC: 0.81 [VAL] Loss: 0.5393, Accuracy: 74.60%, Precision: 0.72, Recall: 0.82, F1: 0.77, AUC: 0.83
Epoch [18/100] [TRAIN] Loss: 0.5750, Accuracy: 73.59%, AUC: 0.81 [VAL] Loss: 0.5389, Accuracy: 74.70%, Precision: 0.72, Recall: 0.82, F1: 0.77, AUC: 0.84
Epoch [19/100] [TRAIN] Loss: 0.5774, Accuracy: 73.54%, AUC: 0.81 [VAL] Loss: 0.5392, Accuracy: 74.70%, Precision: 0.72, Recall: 0.82, F1: 0.77, AUC: 0.83
Epoch [20/100] [TRAIN] Loss: 0.5707, Accuracy: 74.29%, AUC: 0.81 [VAL] Loss: 0.5383, Accuracy: 74.90%, Precision: 0.72, Recall: 0.83, F1: 0.77, AUC: 0.84
Epoch [21/100] [TRAIN] Loss: 0.5768, Accuracy: 73.81%, AUC: 0.81 [VAL] Loss: 0.5377, Accuracy: 75.10%, Precision: 0.72, Recall: 0.83, F1: 0.77, AUC: 0.84
Epoch [22/100] [TRAIN] Loss: 0.5734, Accuracy: 73.99%, AUC: 0.81 [VAL] Loss: 0.5373, Accuracy: 75.10%, Precision: 0.72, Recall: 0.83, F1: 0.77, AUC: 0.84
Epoch [23/100] [TRAIN] Loss: 0.5704, Accuracy: 73.76%, AUC: 0.81 [VAL] Loss: 0.5372, Accuracy: 75.00%, Precision: 0.72, Recall: 0.83, F1: 0.77, AUC: 0.84
Epoch [24/100] [TRAIN] Loss: 0.5705, Accuracy: 73.16%, AUC: 0.81 [VAL] Loss: 0.5365, Accuracy: 75.00%, Precision: 0.72, Recall: 0.83, F1: 0.77, AUC: 0.84
Epoch [25/100] [TRAIN] Loss: 0.5732, Accuracy: 73.61%, AUC: 0.81 [VAL] Loss: 0.5366, Accuracy: 75.10%, Precision: 0.72, Recall: 0.83, F1: 0.77, AUC: 0.84
Epoch [26/100] [TRAIN] Loss: 0.5699, Accuracy: 73.71%, AUC: 0.81 [VAL] Loss: 0.5362, Accuracy: 75.00%, Precision: 0.72, Recall: 0.83, F1: 0.77, AUC: 0.84
Epoch [27/100] [TRAIN] Loss: 0.5691, Accuracy: 73.94%, AUC: 0.81 [VAL] Loss: 0.5362, Accuracy: 75.10%, Precision: 0.72, Recall: 0.83, F1: 0.77, AUC: 0.84
Epoch [28/100] [TRAIN] Loss: 0.5670, Accuracy: 74.21%, AUC: 0.81 [VAL] Loss: 0.5356, Accuracy: 75.10%, Precision: 0.72, Recall: 0.83, F1: 0.77, AUC: 0.84
Epoch [29/100] [TRAIN] Loss: 0.5701, Accuracy: 73.74%, AUC: 0.81 [VAL] Loss: 0.5364, Accuracy: 74.90%, Precision: 0.72, Recall: 0.83, F1: 0.77, AUC: 0.84
Epoch [30/100] [TRAIN] Loss: 0.5703, Accuracy: 73.76%, AUC: 0.81 [VAL] Loss: 0.5355, Accuracy: 75.00%, Precision: 0.72, Recall: 0.83, F1: 0.77, AUC: 0.84
Epoch [31/100] [TRAIN] Loss: 0.5669, Accuracy: 73.70%, AUC: 0.81 [VAL] Loss: 0.5348, Accuracy: 74.90%, Precision: 0.72, Recall: 0.83, F1: 0.77, AUC: 0.84
Epoch [32/100] [TRAIN] Loss: 0.5658, Accuracy: 73.90%, AUC: 0.81 [VAL] Loss: 0.5350, Accuracy: 74.90%, Precision: 0.72, Recall: 0.83, F1: 0.77, AUC: 0.84
Epoch [33/100] [TRAIN] Loss: 0.5656, Accuracy: 73.96%, AUC: 0.81 [VAL] Loss: 0.5355, Accuracy: 75.00%, Precision: 0.72, Recall: 0.83, F1: 0.77, AUC: 0.84
Epoch [34/100] [TRAIN] Loss: 0.5676, Accuracy: 74.09%, AUC: 0.81 [VAL] Loss: 0.5348, Accuracy: 74.90%, Precision: 0.72, Recall: 0.83, F1: 0.77, AUC: 0.84
Epoch [35/100] [TRAIN] Loss: 0.5665, Accuracy: 73.88%, AUC: 0.81 [VAL] Loss: 0.5346, Accuracy: 74.90%, Precision: 0.72, Recall: 0.83, F1: 0.77, AUC: 0.84
Epoch [36/100] [TRAIN] Loss: 0.5664, Accuracy: 73.42%, AUC: 0.81 [VAL] Loss: 0.5346, Accuracy: 74.70%, Precision: 0.72, Recall: 0.83, F1: 0.77, AUC: 0.84
Epoch [37/100] [TRAIN] Loss: 0.5632, Accuracy: 73.85%, AUC: 0.82 [VAL] Loss: 0.5339, Accuracy: 74.70%, Precision: 0.72, Recall: 0.82, F1: 0.77, AUC: 0.84
Epoch [38/100] [TRAIN] Loss: 0.5648, Accuracy: 73.75%, AUC: 0.81 [VAL] Loss: 0.5339, Accuracy: 74.80%, Precision: 0.72, Recall: 0.82, F1: 0.77, AUC: 0.84
Epoch [39/100] [TRAIN] Loss: 0.5665, Accuracy: 73.91%, AUC: 0.81 [VAL] Loss: 0.5349, Accuracy: 74.60%, Precision: 0.72, Recall: 0.82, F1: 0.77, AUC: 0.84
Epoch [40/100] [TRAIN] Loss: 0.5637, Accuracy: 73.60%, AUC: 0.82 [VAL] Loss: 0.5341, Accuracy: 74.70%, Precision: 0.72, Recall: 0.82, F1: 0.77, AUC: 0.84
Epoch [41/100] [TRAIN] Loss: 0.5602, Accuracy: 74.01%, AUC: 0.82 [VAL] Loss: 0.5337, Accuracy: 74.70%, Precision: 0.72, Recall: 0.82, F1: 0.77, AUC: 0.84
Epoch [42/100] [TRAIN] Loss: 0.5647, Accuracy: 73.96%, AUC: 0.81 [VAL] Loss: 0.5344, Accuracy: 74.70%, Precision: 0.72, Recall: 0.82, F1: 0.77, AUC: 0.84
Epoch [43/100] [TRAIN] Loss: 0.5632, Accuracy: 74.15%, AUC: 0.82 [VAL] Loss: 0.5346, Accuracy: 74.70%, Precision: 0.72, Recall: 0.82, F1: 0.77, AUC: 0.84
Epoch [44/100] [TRAIN] Loss: 0.5645, Accuracy: 73.54%, AUC: 0.81 [VAL] Loss: 0.5346, Accuracy: 74.70%, Precision: 0.72, Recall: 0.82, F1: 0.77, AUC: 0.84
Epoch [45/100] [TRAIN] Loss: 0.5643, Accuracy: 74.31%, AUC: 0.82 [VAL] Loss: 0.5351, Accuracy: 74.80%, Precision: 0.72, Recall: 0.83, F1: 0.77, AUC: 0.84
Epoch [46/100] [TRAIN] Loss: 0.5603, Accuracy: 74.56%, AUC: 0.82 [VAL] Loss: 0.5342, Accuracy: 74.70%, Precision: 0.72, Recall: 0.82, F1: 0.77, AUC: 0.84
Epoch [47/100] [TRAIN] Loss: 0.5607, Accuracy: 73.95%, AUC: 0.82 [VAL] Loss: 0.5344, Accuracy: 74.70%, Precision: 0.72, Recall: 0.82, F1: 0.77, AUC: 0.84
Epoch [48/100] [TRAIN] Loss: 0.5635, Accuracy: 73.92%, AUC: 0.81 [VAL] Loss: 0.5345, Accuracy: 74.70%, Precision: 0.72, Recall: 0.82, F1: 0.77, AUC: 0.84
Epoch [49/100] [TRAIN] Loss: 0.5601, Accuracy: 74.14%, AUC: 0.82 [VAL] Loss: 0.5345, Accuracy: 74.70%, Precision: 0.72, Recall: 0.82, F1: 0.77, AUC: 0.84
Epoch [50/100] [TRAIN] Loss: 0.5618, Accuracy: 73.89%, AUC: 0.82 [VAL] Loss: 0.5344, Accuracy: 74.70%, Precision: 0.72, Recall: 0.82, F1: 0.77, AUC: 0.84
Epoch [51/100] [TRAIN] Loss: 0.5631, Accuracy: 74.10%, AUC: 0.82 [VAL] Loss: 0.5345, Accuracy: 74.70%, Precision: 0.72, Recall: 0.82, F1: 0.77, AUC: 0.84
  Early stopping at epoch 51 (no val_loss improvement for 10 epochs)
  Antisymmetry score (raw):        0.8730
  Antisymmetry score (confident):  1.0000
  Total violations:                127 / 1000
  Pairs near boundary:             207 (20.7%)
  Avg |prob-0.5| at violation:     0.0000

--- Training baselines (LogisticRegression, RandomForest, SVM) ---

  Training LogisticRegression...
  Val accuracy: 74.70%

  [LogisticRegression]  Accuracy: 72.60%  AUC: 0.7934  Precision: 0.7608  Recall: 0.6463  F1: 0.6989  Antisym: 0.7410

  Training RandomForest...
  Val accuracy: 76.20%

  [RandomForest]  Accuracy: 76.00%  AUC: 0.8410  Precision: 0.8029  Recall: 0.6789  F1: 0.7357  Antisym: 0.8140

  Training SVM_Linear...
  Val accuracy: 74.20%

  [SVM_Linear]  Accuracy: 72.70%  AUC: 0.7968  Precision: 0.7601  Recall: 0.6504  F1: 0.7010  Antisym: 0.7490
Seed: 123
=== DirectRanker ===
Accuracy:  72.50 %
AUC:       0.8226
Precision: 0.6969
Recall:    0.7805
F1-Score:  0.7363
Antisymmetry score:  0.8730  (1.0 = perfect, ~0.5 = random)

Detailed Classification Report:
              precision    recall  f1-score   support

           0       0.76      0.67      0.71       508
           1       0.70      0.78      0.74       492

    accuracy                           0.72      1000
   macro avg       0.73      0.73      0.72      1000
weighted avg       0.73      0.72      0.72      1000


Confusion Matrix:
[[341 167]
 [108 384]]

=== LogisticRegression ===
Accuracy:  72.60 %
AUC:       0.7934
Precision: 0.7608
Recall:    0.6463
F1-Score:  0.6989
Antisymmetry score:  0.7410
Confusion Matrix:
[[408 100]
 [174 318]]

=== RandomForest ===
Accuracy:  76.00 %
AUC:       0.8410
Precision: 0.8029
Recall:    0.6789
F1-Score:  0.7357
Antisymmetry score:  0.8140
Confusion Matrix:
[[426  82]
 [158 334]]

=== SVM_Linear ===
Accuracy:  72.70 %
AUC:       0.7968
Precision: 0.7601
Recall:    0.6504
F1-Score:  0.7010
Antisymmetry score:  0.7490
Confusion Matrix:
[[407 101]
 [172 320]]

Saved combined test metrics: /group/pmc021/amunif/epi-thesis/workflow/16_Pairwise Ranking Healthy Liver/output/combined/donor_4/test/010-H3K9ac-H3K27ac-seed123-test-metrics.csv
Saved combined ROC plot: /group/pmc021/amunif/epi-thesis/workflow/16_Pairwise Ranking Healthy Liver/output/combined/donor_4/img/roc/010-H3K9ac-H3K27ac-seed123-roc-combined.png

Finished 010-H3K9ac-H3K27ac (seed 123)

======================================================================
011-H3K9ac-H3K27me3
======================================================================
Train label distribution:
  Label 0:   4091 (51.1%)
  Label 1:   3909 (48.9%)
Val label distribution:
  Label 0:    494 (49.4%)
  Label 1:    506 (50.6%)
Test label distribution:
  Label 0:    508 (50.8%)
  Label 1:    492 (49.2%)

--- Training DirectRanker ---
Epoch [1/100] [TRAIN] Loss: 0.6927, Accuracy: 62.39%, AUC: 0.67 [VAL] Loss: 0.6374, Accuracy: 71.80%, Precision: 0.69, Recall: 0.80, F1: 0.74, AUC: 0.80
Epoch [2/100] [TRAIN] Loss: 0.6321, Accuracy: 70.41%, AUC: 0.77 [VAL] Loss: 0.5872, Accuracy: 72.90%, Precision: 0.70, Recall: 0.80, F1: 0.75, AUC: 0.81
Epoch [3/100] [TRAIN] Loss: 0.6129, Accuracy: 71.14%, AUC: 0.78 [VAL] Loss: 0.5694, Accuracy: 72.80%, Precision: 0.70, Recall: 0.81, F1: 0.75, AUC: 0.82
Epoch [4/100] [TRAIN] Loss: 0.6081, Accuracy: 71.26%, AUC: 0.78 [VAL] Loss: 0.5627, Accuracy: 73.20%, Precision: 0.70, Recall: 0.81, F1: 0.75, AUC: 0.82
Epoch [5/100] [TRAIN] Loss: 0.6051, Accuracy: 71.80%, AUC: 0.79 [VAL] Loss: 0.5601, Accuracy: 73.00%, Precision: 0.70, Recall: 0.81, F1: 0.75, AUC: 0.82
Epoch [6/100] [TRAIN] Loss: 0.6037, Accuracy: 71.39%, AUC: 0.78 [VAL] Loss: 0.5581, Accuracy: 73.10%, Precision: 0.70, Recall: 0.82, F1: 0.75, AUC: 0.82
Epoch [7/100] [TRAIN] Loss: 0.6014, Accuracy: 71.21%, AUC: 0.78 [VAL] Loss: 0.5567, Accuracy: 73.60%, Precision: 0.71, Recall: 0.82, F1: 0.76, AUC: 0.82
Epoch [8/100] [TRAIN] Loss: 0.6007, Accuracy: 71.54%, AUC: 0.79 [VAL] Loss: 0.5558, Accuracy: 73.80%, Precision: 0.71, Recall: 0.82, F1: 0.76, AUC: 0.82
Epoch [9/100] [TRAIN] Loss: 0.5957, Accuracy: 71.40%, AUC: 0.79 [VAL] Loss: 0.5546, Accuracy: 74.00%, Precision: 0.71, Recall: 0.82, F1: 0.76, AUC: 0.82
Epoch [10/100] [TRAIN] Loss: 0.6000, Accuracy: 71.67%, AUC: 0.79 [VAL] Loss: 0.5545, Accuracy: 74.20%, Precision: 0.71, Recall: 0.83, F1: 0.76, AUC: 0.82
Epoch [11/100] [TRAIN] Loss: 0.5968, Accuracy: 71.74%, AUC: 0.79 [VAL] Loss: 0.5540, Accuracy: 74.20%, Precision: 0.71, Recall: 0.83, F1: 0.76, AUC: 0.82
Epoch [12/100] [TRAIN] Loss: 0.5987, Accuracy: 71.53%, AUC: 0.79 [VAL] Loss: 0.5533, Accuracy: 74.30%, Precision: 0.71, Recall: 0.83, F1: 0.77, AUC: 0.82
Epoch [13/100] [TRAIN] Loss: 0.5928, Accuracy: 71.53%, AUC: 0.79 [VAL] Loss: 0.5523, Accuracy: 74.30%, Precision: 0.71, Recall: 0.83, F1: 0.77, AUC: 0.82
Epoch [14/100] [TRAIN] Loss: 0.5940, Accuracy: 71.58%, AUC: 0.79 [VAL] Loss: 0.5520, Accuracy: 74.30%, Precision: 0.71, Recall: 0.83, F1: 0.77, AUC: 0.82
Epoch [15/100] [TRAIN] Loss: 0.5894, Accuracy: 72.12%, AUC: 0.79 [VAL] Loss: 0.5513, Accuracy: 74.10%, Precision: 0.71, Recall: 0.83, F1: 0.76, AUC: 0.82
Epoch [16/100] [TRAIN] Loss: 0.5919, Accuracy: 71.81%, AUC: 0.79 [VAL] Loss: 0.5512, Accuracy: 74.00%, Precision: 0.71, Recall: 0.83, F1: 0.76, AUC: 0.82
Epoch [17/100] [TRAIN] Loss: 0.5932, Accuracy: 71.15%, AUC: 0.79 [VAL] Loss: 0.5512, Accuracy: 74.00%, Precision: 0.71, Recall: 0.83, F1: 0.76, AUC: 0.82
Epoch [18/100] [TRAIN] Loss: 0.5918, Accuracy: 71.44%, AUC: 0.79 [VAL] Loss: 0.5509, Accuracy: 74.10%, Precision: 0.71, Recall: 0.83, F1: 0.76, AUC: 0.82
Epoch [19/100] [TRAIN] Loss: 0.5920, Accuracy: 71.50%, AUC: 0.79 [VAL] Loss: 0.5510, Accuracy: 74.10%, Precision: 0.71, Recall: 0.83, F1: 0.76, AUC: 0.83
Epoch [20/100] [TRAIN] Loss: 0.5918, Accuracy: 71.42%, AUC: 0.79 [VAL] Loss: 0.5506, Accuracy: 74.10%, Precision: 0.71, Recall: 0.83, F1: 0.76, AUC: 0.83
Epoch [21/100] [TRAIN] Loss: 0.5890, Accuracy: 71.76%, AUC: 0.79 [VAL] Loss: 0.5504, Accuracy: 74.00%, Precision: 0.71, Recall: 0.82, F1: 0.76, AUC: 0.82
Epoch [22/100] [TRAIN] Loss: 0.5889, Accuracy: 71.75%, AUC: 0.79 [VAL] Loss: 0.5496, Accuracy: 74.00%, Precision: 0.71, Recall: 0.82, F1: 0.76, AUC: 0.83
Epoch [23/100] [TRAIN] Loss: 0.5909, Accuracy: 71.31%, AUC: 0.79 [VAL] Loss: 0.5499, Accuracy: 74.00%, Precision: 0.71, Recall: 0.82, F1: 0.76, AUC: 0.82
Epoch [24/100] [TRAIN] Loss: 0.5875, Accuracy: 72.17%, AUC: 0.80 [VAL] Loss: 0.5497, Accuracy: 74.10%, Precision: 0.71, Recall: 0.83, F1: 0.76, AUC: 0.83
Epoch [25/100] [TRAIN] Loss: 0.5907, Accuracy: 71.66%, AUC: 0.79 [VAL] Loss: 0.5493, Accuracy: 74.10%, Precision: 0.71, Recall: 0.83, F1: 0.76, AUC: 0.83
Epoch [26/100] [TRAIN] Loss: 0.5883, Accuracy: 71.84%, AUC: 0.79 [VAL] Loss: 0.5495, Accuracy: 74.10%, Precision: 0.71, Recall: 0.82, F1: 0.76, AUC: 0.83
Epoch [27/100] [TRAIN] Loss: 0.5903, Accuracy: 72.26%, AUC: 0.79 [VAL] Loss: 0.5497, Accuracy: 74.10%, Precision: 0.71, Recall: 0.82, F1: 0.76, AUC: 0.83
Epoch [28/100] [TRAIN] Loss: 0.5851, Accuracy: 71.45%, AUC: 0.80 [VAL] Loss: 0.5486, Accuracy: 74.10%, Precision: 0.71, Recall: 0.82, F1: 0.76, AUC: 0.83
Epoch [29/100] [TRAIN] Loss: 0.5851, Accuracy: 71.97%, AUC: 0.80 [VAL] Loss: 0.5486, Accuracy: 74.10%, Precision: 0.71, Recall: 0.82, F1: 0.76, AUC: 0.83
Epoch [30/100] [TRAIN] Loss: 0.5884, Accuracy: 72.09%, AUC: 0.79 [VAL] Loss: 0.5484, Accuracy: 74.00%, Precision: 0.71, Recall: 0.82, F1: 0.76, AUC: 0.83
Epoch [31/100] [TRAIN] Loss: 0.5868, Accuracy: 71.83%, AUC: 0.79 [VAL] Loss: 0.5485, Accuracy: 74.00%, Precision: 0.71, Recall: 0.82, F1: 0.76, AUC: 0.83
Epoch [32/100] [TRAIN] Loss: 0.5839, Accuracy: 71.86%, AUC: 0.80 [VAL] Loss: 0.5482, Accuracy: 74.00%, Precision: 0.71, Recall: 0.82, F1: 0.76, AUC: 0.83
Epoch [33/100] [TRAIN] Loss: 0.5822, Accuracy: 71.95%, AUC: 0.80 [VAL] Loss: 0.5476, Accuracy: 74.00%, Precision: 0.71, Recall: 0.82, F1: 0.76, AUC: 0.83
Epoch [34/100] [TRAIN] Loss: 0.5861, Accuracy: 71.92%, AUC: 0.79 [VAL] Loss: 0.5480, Accuracy: 74.10%, Precision: 0.71, Recall: 0.83, F1: 0.76, AUC: 0.83
Epoch [35/100] [TRAIN] Loss: 0.5858, Accuracy: 72.01%, AUC: 0.79 [VAL] Loss: 0.5481, Accuracy: 74.10%, Precision: 0.71, Recall: 0.83, F1: 0.76, AUC: 0.83
Epoch [36/100] [TRAIN] Loss: 0.5867, Accuracy: 72.05%, AUC: 0.79 [VAL] Loss: 0.5480, Accuracy: 74.10%, Precision: 0.71, Recall: 0.83, F1: 0.76, AUC: 0.83
Epoch [37/100] [TRAIN] Loss: 0.5847, Accuracy: 71.94%, AUC: 0.80 [VAL] Loss: 0.5475, Accuracy: 74.10%, Precision: 0.71, Recall: 0.83, F1: 0.76, AUC: 0.83
Epoch [38/100] [TRAIN] Loss: 0.5850, Accuracy: 71.75%, AUC: 0.79 [VAL] Loss: 0.5478, Accuracy: 74.10%, Precision: 0.71, Recall: 0.83, F1: 0.76, AUC: 0.83
Epoch [39/100] [TRAIN] Loss: 0.5848, Accuracy: 71.81%, AUC: 0.79 [VAL] Loss: 0.5477, Accuracy: 74.10%, Precision: 0.71, Recall: 0.83, F1: 0.76, AUC: 0.83
Epoch [40/100] [TRAIN] Loss: 0.5836, Accuracy: 71.91%, AUC: 0.80 [VAL] Loss: 0.5478, Accuracy: 74.10%, Precision: 0.71, Recall: 0.82, F1: 0.76, AUC: 0.83
Epoch [41/100] [TRAIN] Loss: 0.5836, Accuracy: 72.00%, AUC: 0.80 [VAL] Loss: 0.5471, Accuracy: 74.10%, Precision: 0.71, Recall: 0.82, F1: 0.76, AUC: 0.83
Epoch [42/100] [TRAIN] Loss: 0.5808, Accuracy: 71.86%, AUC: 0.80 [VAL] Loss: 0.5465, Accuracy: 74.20%, Precision: 0.71, Recall: 0.83, F1: 0.76, AUC: 0.83
Epoch [43/100] [TRAIN] Loss: 0.5817, Accuracy: 71.95%, AUC: 0.80 [VAL] Loss: 0.5464, Accuracy: 74.10%, Precision: 0.71, Recall: 0.83, F1: 0.76, AUC: 0.83
Epoch [44/100] [TRAIN] Loss: 0.5825, Accuracy: 72.31%, AUC: 0.80 [VAL] Loss: 0.5466, Accuracy: 74.00%, Precision: 0.71, Recall: 0.82, F1: 0.76, AUC: 0.83
Epoch [45/100] [TRAIN] Loss: 0.5810, Accuracy: 72.10%, AUC: 0.80 [VAL] Loss: 0.5460, Accuracy: 74.00%, Precision: 0.71, Recall: 0.82, F1: 0.76, AUC: 0.83
Epoch [46/100] [TRAIN] Loss: 0.5803, Accuracy: 72.06%, AUC: 0.80 [VAL] Loss: 0.5456, Accuracy: 74.10%, Precision: 0.71, Recall: 0.82, F1: 0.76, AUC: 0.83
Epoch [47/100] [TRAIN] Loss: 0.5791, Accuracy: 71.80%, AUC: 0.80 [VAL] Loss: 0.5455, Accuracy: 74.00%, Precision: 0.71, Recall: 0.82, F1: 0.76, AUC: 0.83
Epoch [48/100] [TRAIN] Loss: 0.5761, Accuracy: 72.28%, AUC: 0.80 [VAL] Loss: 0.5450, Accuracy: 74.10%, Precision: 0.71, Recall: 0.82, F1: 0.76, AUC: 0.83
Epoch [49/100] [TRAIN] Loss: 0.5821, Accuracy: 71.83%, AUC: 0.80 [VAL] Loss: 0.5456, Accuracy: 73.90%, Precision: 0.71, Recall: 0.82, F1: 0.76, AUC: 0.83
Epoch [50/100] [TRAIN] Loss: 0.5785, Accuracy: 72.24%, AUC: 0.80 [VAL] Loss: 0.5454, Accuracy: 74.00%, Precision: 0.71, Recall: 0.82, F1: 0.76, AUC: 0.83
Epoch [51/100] [TRAIN] Loss: 0.5801, Accuracy: 72.05%, AUC: 0.80 [VAL] Loss: 0.5457, Accuracy: 73.80%, Precision: 0.71, Recall: 0.82, F1: 0.76, AUC: 0.83
Epoch [52/100] [TRAIN] Loss: 0.5773, Accuracy: 71.69%, AUC: 0.80 [VAL] Loss: 0.5456, Accuracy: 73.70%, Precision: 0.71, Recall: 0.82, F1: 0.76, AUC: 0.83
Epoch [53/100] [TRAIN] Loss: 0.5800, Accuracy: 71.78%, AUC: 0.80 [VAL] Loss: 0.5455, Accuracy: 73.70%, Precision: 0.71, Recall: 0.82, F1: 0.76, AUC: 0.83
Epoch [54/100] [TRAIN] Loss: 0.5798, Accuracy: 72.35%, AUC: 0.80 [VAL] Loss: 0.5457, Accuracy: 73.70%, Precision: 0.71, Recall: 0.82, F1: 0.76, AUC: 0.83
Epoch [55/100] [TRAIN] Loss: 0.5767, Accuracy: 71.84%, AUC: 0.80 [VAL] Loss: 0.5456, Accuracy: 73.70%, Precision: 0.71, Recall: 0.82, F1: 0.76, AUC: 0.83
Epoch [56/100] [TRAIN] Loss: 0.5808, Accuracy: 72.15%, AUC: 0.80 [VAL] Loss: 0.5457, Accuracy: 73.70%, Precision: 0.71, Recall: 0.82, F1: 0.76, AUC: 0.83
Epoch [57/100] [TRAIN] Loss: 0.5764, Accuracy: 71.99%, AUC: 0.80 [VAL] Loss: 0.5456, Accuracy: 73.70%, Precision: 0.71, Recall: 0.82, F1: 0.76, AUC: 0.83
Epoch [58/100] [TRAIN] Loss: 0.5751, Accuracy: 71.71%, AUC: 0.80 [VAL] Loss: 0.5456, Accuracy: 73.70%, Precision: 0.71, Recall: 0.82, F1: 0.76, AUC: 0.83
  Early stopping at epoch 58 (no val_loss improvement for 10 epochs)
  Antisymmetry score (raw):        0.8300
  Antisymmetry score (confident):  1.0000
  Total violations:                170 / 1000
  Pairs near boundary:             243 (24.3%)
  Avg |prob-0.5| at violation:     0.0000

--- Training baselines (LogisticRegression, RandomForest, SVM) ---

  Training LogisticRegression...
  Val accuracy: 73.60%

  [LogisticRegression]  Accuracy: 70.80%  AUC: 0.7827  Precision: 0.7564  Recall: 0.5996  F1: 0.6689  Antisym: 0.7200

  Training RandomForest...
  Val accuracy: 76.60%

  [RandomForest]  Accuracy: 71.90%  AUC: 0.8191  Precision: 0.7698  Recall: 0.6118  F1: 0.6818  Antisym: 0.7450

  Training SVM_Linear...
  Val accuracy: 73.30%

  [SVM_Linear]  Accuracy: 71.00%  AUC: 0.7841  Precision: 0.7577  Recall: 0.6037  F1: 0.6719  Antisym: 0.7190
Seed: 123
=== DirectRanker ===
Accuracy:  72.60 %
AUC:       0.8114
Precision: 0.6906
Recall:    0.8028
F1-Score:  0.7425
Antisymmetry score:  0.8300  (1.0 = perfect, ~0.5 = random)

Detailed Classification Report:
              precision    recall  f1-score   support

           0       0.77      0.65      0.71       508
           1       0.69      0.80      0.74       492

    accuracy                           0.73      1000
   macro avg       0.73      0.73      0.72      1000
weighted avg       0.73      0.73      0.72      1000


Confusion Matrix:
[[331 177]
 [ 97 395]]

=== LogisticRegression ===
Accuracy:  70.80 %
AUC:       0.7827
Precision: 0.7564
Recall:    0.5996
F1-Score:  0.6689
Antisymmetry score:  0.7200
Confusion Matrix:
[[413  95]
 [197 295]]

=== RandomForest ===
Accuracy:  71.90 %
AUC:       0.8191
Precision: 0.7698
Recall:    0.6118
F1-Score:  0.6818
Antisymmetry score:  0.7450
Confusion Matrix:
[[418  90]
 [191 301]]

=== SVM_Linear ===
Accuracy:  71.00 %
AUC:       0.7841
Precision: 0.7577
Recall:    0.6037
F1-Score:  0.6719
Antisymmetry score:  0.7190
Confusion Matrix:
[[413  95]
 [195 297]]

Saved combined test metrics: /group/pmc021/amunif/epi-thesis/workflow/16_Pairwise Ranking Healthy Liver/output/combined/donor_4/test/011-H3K9ac-H3K27me3-seed123-test-metrics.csv
Saved combined ROC plot: /group/pmc021/amunif/epi-thesis/workflow/16_Pairwise Ranking Healthy Liver/output/combined/donor_4/img/roc/011-H3K9ac-H3K27me3-seed123-roc-combined.png

Finished 011-H3K9ac-H3K27me3 (seed 123)

======================================================================
012-H3K9me3-H3K27ac
======================================================================
Train label distribution:
  Label 0:   4091 (51.1%)
  Label 1:   3909 (48.9%)
Val label distribution:
  Label 0:    494 (49.4%)
  Label 1:    506 (50.6%)
Test label distribution:
  Label 0:    508 (50.8%)
  Label 1:    492 (49.2%)

--- Training DirectRanker ---
Epoch [1/100] [TRAIN] Loss: 0.6389, Accuracy: 70.69%, AUC: 0.77 [VAL] Loss: 0.5855, Accuracy: 72.60%, Precision: 0.70, Recall: 0.79, F1: 0.74, AUC: 0.81
Epoch [2/100] [TRAIN] Loss: 0.6091, Accuracy: 72.60%, AUC: 0.79 [VAL] Loss: 0.5724, Accuracy: 72.70%, Precision: 0.71, Recall: 0.79, F1: 0.74, AUC: 0.81
Epoch [3/100] [TRAIN] Loss: 0.5987, Accuracy: 72.26%, AUC: 0.79 [VAL] Loss: 0.5674, Accuracy: 73.00%, Precision: 0.71, Recall: 0.79, F1: 0.75, AUC: 0.81
Epoch [4/100] [TRAIN] Loss: 0.5974, Accuracy: 73.10%, AUC: 0.79 [VAL] Loss: 0.5652, Accuracy: 72.90%, Precision: 0.71, Recall: 0.79, F1: 0.75, AUC: 0.81
Epoch [5/100] [TRAIN] Loss: 0.5994, Accuracy: 72.97%, AUC: 0.79 [VAL] Loss: 0.5640, Accuracy: 73.00%, Precision: 0.71, Recall: 0.79, F1: 0.75, AUC: 0.81
Epoch [6/100] [TRAIN] Loss: 0.5955, Accuracy: 73.11%, AUC: 0.80 [VAL] Loss: 0.5631, Accuracy: 73.00%, Precision: 0.71, Recall: 0.79, F1: 0.75, AUC: 0.82
Epoch [7/100] [TRAIN] Loss: 0.5943, Accuracy: 72.60%, AUC: 0.80 [VAL] Loss: 0.5623, Accuracy: 73.00%, Precision: 0.71, Recall: 0.79, F1: 0.75, AUC: 0.82
Epoch [8/100] [TRAIN] Loss: 0.5929, Accuracy: 72.84%, AUC: 0.80 [VAL] Loss: 0.5612, Accuracy: 72.90%, Precision: 0.71, Recall: 0.79, F1: 0.75, AUC: 0.82
Epoch [9/100] [TRAIN] Loss: 0.5902, Accuracy: 73.14%, AUC: 0.80 [VAL] Loss: 0.5602, Accuracy: 73.00%, Precision: 0.71, Recall: 0.79, F1: 0.75, AUC: 0.82
Epoch [10/100] [TRAIN] Loss: 0.5857, Accuracy: 73.16%, AUC: 0.80 [VAL] Loss: 0.5591, Accuracy: 72.90%, Precision: 0.71, Recall: 0.79, F1: 0.75, AUC: 0.82
Epoch [11/100] [TRAIN] Loss: 0.5869, Accuracy: 73.17%, AUC: 0.80 [VAL] Loss: 0.5585, Accuracy: 72.70%, Precision: 0.70, Recall: 0.79, F1: 0.75, AUC: 0.82
Epoch [12/100] [TRAIN] Loss: 0.5855, Accuracy: 72.97%, AUC: 0.80 [VAL] Loss: 0.5583, Accuracy: 72.60%, Precision: 0.70, Recall: 0.79, F1: 0.75, AUC: 0.82
Epoch [13/100] [TRAIN] Loss: 0.5868, Accuracy: 73.10%, AUC: 0.80 [VAL] Loss: 0.5581, Accuracy: 72.80%, Precision: 0.71, Recall: 0.79, F1: 0.75, AUC: 0.82
Epoch [14/100] [TRAIN] Loss: 0.5835, Accuracy: 73.04%, AUC: 0.80 [VAL] Loss: 0.5576, Accuracy: 72.70%, Precision: 0.70, Recall: 0.79, F1: 0.75, AUC: 0.82
Epoch [15/100] [TRAIN] Loss: 0.5832, Accuracy: 73.10%, AUC: 0.80 [VAL] Loss: 0.5573, Accuracy: 72.70%, Precision: 0.70, Recall: 0.79, F1: 0.75, AUC: 0.82
Epoch [16/100] [TRAIN] Loss: 0.5824, Accuracy: 73.42%, AUC: 0.80 [VAL] Loss: 0.5569, Accuracy: 72.70%, Precision: 0.70, Recall: 0.79, F1: 0.75, AUC: 0.82
Epoch [17/100] [TRAIN] Loss: 0.5858, Accuracy: 73.29%, AUC: 0.80 [VAL] Loss: 0.5574, Accuracy: 72.80%, Precision: 0.71, Recall: 0.79, F1: 0.75, AUC: 0.82
Epoch [18/100] [TRAIN] Loss: 0.5819, Accuracy: 73.06%, AUC: 0.80 [VAL] Loss: 0.5567, Accuracy: 72.90%, Precision: 0.71, Recall: 0.80, F1: 0.75, AUC: 0.82
Epoch [19/100] [TRAIN] Loss: 0.5805, Accuracy: 73.29%, AUC: 0.80 [VAL] Loss: 0.5562, Accuracy: 72.70%, Precision: 0.70, Recall: 0.79, F1: 0.75, AUC: 0.82
Epoch [20/100] [TRAIN] Loss: 0.5808, Accuracy: 73.01%, AUC: 0.80 [VAL] Loss: 0.5563, Accuracy: 72.70%, Precision: 0.70, Recall: 0.80, F1: 0.75, AUC: 0.82
Epoch [21/100] [TRAIN] Loss: 0.5793, Accuracy: 73.42%, AUC: 0.80 [VAL] Loss: 0.5560, Accuracy: 72.80%, Precision: 0.70, Recall: 0.80, F1: 0.75, AUC: 0.82
Epoch [22/100] [TRAIN] Loss: 0.5769, Accuracy: 73.14%, AUC: 0.81 [VAL] Loss: 0.5562, Accuracy: 72.70%, Precision: 0.70, Recall: 0.80, F1: 0.75, AUC: 0.82
Epoch [23/100] [TRAIN] Loss: 0.5808, Accuracy: 72.86%, AUC: 0.80 [VAL] Loss: 0.5562, Accuracy: 72.70%, Precision: 0.70, Recall: 0.80, F1: 0.75, AUC: 0.82
Epoch [24/100] [TRAIN] Loss: 0.5819, Accuracy: 73.69%, AUC: 0.80 [VAL] Loss: 0.5566, Accuracy: 72.80%, Precision: 0.70, Recall: 0.80, F1: 0.75, AUC: 0.82
Epoch [25/100] [TRAIN] Loss: 0.5802, Accuracy: 72.88%, AUC: 0.80 [VAL] Loss: 0.5560, Accuracy: 72.50%, Precision: 0.70, Recall: 0.79, F1: 0.75, AUC: 0.82
Epoch [26/100] [TRAIN] Loss: 0.5787, Accuracy: 73.55%, AUC: 0.81 [VAL] Loss: 0.5556, Accuracy: 72.60%, Precision: 0.70, Recall: 0.80, F1: 0.75, AUC: 0.82
Epoch [27/100] [TRAIN] Loss: 0.5765, Accuracy: 73.62%, AUC: 0.81 [VAL] Loss: 0.5554, Accuracy: 72.70%, Precision: 0.70, Recall: 0.80, F1: 0.75, AUC: 0.82
Epoch [28/100] [TRAIN] Loss: 0.5801, Accuracy: 72.79%, AUC: 0.80 [VAL] Loss: 0.5555, Accuracy: 72.70%, Precision: 0.70, Recall: 0.80, F1: 0.75, AUC: 0.82
Epoch [29/100] [TRAIN] Loss: 0.5766, Accuracy: 73.20%, AUC: 0.80 [VAL] Loss: 0.5558, Accuracy: 72.80%, Precision: 0.70, Recall: 0.80, F1: 0.75, AUC: 0.82
Epoch [30/100] [TRAIN] Loss: 0.5784, Accuracy: 72.79%, AUC: 0.80 [VAL] Loss: 0.5548, Accuracy: 72.80%, Precision: 0.70, Recall: 0.80, F1: 0.75, AUC: 0.82
Epoch [31/100] [TRAIN] Loss: 0.5778, Accuracy: 72.96%, AUC: 0.80 [VAL] Loss: 0.5546, Accuracy: 72.80%, Precision: 0.70, Recall: 0.80, F1: 0.75, AUC: 0.82
Epoch [32/100] [TRAIN] Loss: 0.5753, Accuracy: 73.11%, AUC: 0.81 [VAL] Loss: 0.5545, Accuracy: 72.70%, Precision: 0.70, Recall: 0.80, F1: 0.75, AUC: 0.82
Epoch [33/100] [TRAIN] Loss: 0.5744, Accuracy: 72.85%, AUC: 0.81 [VAL] Loss: 0.5542, Accuracy: 72.90%, Precision: 0.71, Recall: 0.80, F1: 0.75, AUC: 0.82
Epoch [34/100] [TRAIN] Loss: 0.5749, Accuracy: 73.39%, AUC: 0.81 [VAL] Loss: 0.5544, Accuracy: 72.90%, Precision: 0.71, Recall: 0.80, F1: 0.75, AUC: 0.82
Epoch [35/100] [TRAIN] Loss: 0.5765, Accuracy: 73.04%, AUC: 0.81 [VAL] Loss: 0.5542, Accuracy: 72.80%, Precision: 0.70, Recall: 0.80, F1: 0.75, AUC: 0.82
Epoch [36/100] [TRAIN] Loss: 0.5743, Accuracy: 72.99%, AUC: 0.81 [VAL] Loss: 0.5539, Accuracy: 72.70%, Precision: 0.70, Recall: 0.80, F1: 0.75, AUC: 0.82
Epoch [37/100] [TRAIN] Loss: 0.5734, Accuracy: 73.30%, AUC: 0.81 [VAL] Loss: 0.5535, Accuracy: 72.90%, Precision: 0.71, Recall: 0.80, F1: 0.75, AUC: 0.82
Epoch [38/100] [TRAIN] Loss: 0.5766, Accuracy: 72.96%, AUC: 0.81 [VAL] Loss: 0.5531, Accuracy: 72.80%, Precision: 0.70, Recall: 0.80, F1: 0.75, AUC: 0.82
Epoch [39/100] [TRAIN] Loss: 0.5755, Accuracy: 72.76%, AUC: 0.80 [VAL] Loss: 0.5535, Accuracy: 72.70%, Precision: 0.70, Recall: 0.79, F1: 0.75, AUC: 0.82
Epoch [40/100] [TRAIN] Loss: 0.5752, Accuracy: 72.75%, AUC: 0.80 [VAL] Loss: 0.5533, Accuracy: 72.70%, Precision: 0.70, Recall: 0.79, F1: 0.75, AUC: 0.82
Epoch [41/100] [TRAIN] Loss: 0.5739, Accuracy: 73.20%, AUC: 0.81 [VAL] Loss: 0.5536, Accuracy: 72.80%, Precision: 0.70, Recall: 0.80, F1: 0.75, AUC: 0.82
Epoch [42/100] [TRAIN] Loss: 0.5725, Accuracy: 73.75%, AUC: 0.81 [VAL] Loss: 0.5530, Accuracy: 72.70%, Precision: 0.70, Recall: 0.79, F1: 0.75, AUC: 0.82
Epoch [43/100] [TRAIN] Loss: 0.5740, Accuracy: 73.53%, AUC: 0.81 [VAL] Loss: 0.5527, Accuracy: 72.90%, Precision: 0.71, Recall: 0.80, F1: 0.75, AUC: 0.82
Epoch [44/100] [TRAIN] Loss: 0.5722, Accuracy: 73.17%, AUC: 0.81 [VAL] Loss: 0.5524, Accuracy: 72.80%, Precision: 0.70, Recall: 0.80, F1: 0.75, AUC: 0.82
Epoch [45/100] [TRAIN] Loss: 0.5704, Accuracy: 73.40%, AUC: 0.81 [VAL] Loss: 0.5521, Accuracy: 72.90%, Precision: 0.71, Recall: 0.80, F1: 0.75, AUC: 0.82
Epoch [46/100] [TRAIN] Loss: 0.5706, Accuracy: 73.51%, AUC: 0.81 [VAL] Loss: 0.5517, Accuracy: 72.90%, Precision: 0.71, Recall: 0.80, F1: 0.75, AUC: 0.82
Epoch [47/100] [TRAIN] Loss: 0.5690, Accuracy: 73.60%, AUC: 0.81 [VAL] Loss: 0.5512, Accuracy: 72.90%, Precision: 0.71, Recall: 0.80, F1: 0.75, AUC: 0.82
Epoch [48/100] [TRAIN] Loss: 0.5754, Accuracy: 72.72%, AUC: 0.81 [VAL] Loss: 0.5519, Accuracy: 73.00%, Precision: 0.71, Recall: 0.80, F1: 0.75, AUC: 0.82
Epoch [49/100] [TRAIN] Loss: 0.5711, Accuracy: 72.71%, AUC: 0.81 [VAL] Loss: 0.5517, Accuracy: 73.00%, Precision: 0.71, Recall: 0.80, F1: 0.75, AUC: 0.82
Epoch [50/100] [TRAIN] Loss: 0.5688, Accuracy: 73.44%, AUC: 0.81 [VAL] Loss: 0.5510, Accuracy: 73.10%, Precision: 0.71, Recall: 0.80, F1: 0.75, AUC: 0.82
Epoch [51/100] [TRAIN] Loss: 0.5687, Accuracy: 73.06%, AUC: 0.81 [VAL] Loss: 0.5508, Accuracy: 73.00%, Precision: 0.71, Recall: 0.80, F1: 0.75, AUC: 0.82
Epoch [52/100] [TRAIN] Loss: 0.5653, Accuracy: 73.95%, AUC: 0.81 [VAL] Loss: 0.5507, Accuracy: 73.10%, Precision: 0.71, Recall: 0.80, F1: 0.75, AUC: 0.82
Epoch [53/100] [TRAIN] Loss: 0.5698, Accuracy: 72.64%, AUC: 0.81 [VAL] Loss: 0.5507, Accuracy: 72.90%, Precision: 0.71, Recall: 0.80, F1: 0.75, AUC: 0.82
Epoch [54/100] [TRAIN] Loss: 0.5699, Accuracy: 73.11%, AUC: 0.81 [VAL] Loss: 0.5512, Accuracy: 72.80%, Precision: 0.70, Recall: 0.80, F1: 0.75, AUC: 0.82
Epoch [55/100] [TRAIN] Loss: 0.5701, Accuracy: 73.12%, AUC: 0.81 [VAL] Loss: 0.5505, Accuracy: 73.00%, Precision: 0.71, Recall: 0.80, F1: 0.75, AUC: 0.82
Epoch [56/100] [TRAIN] Loss: 0.5690, Accuracy: 73.09%, AUC: 0.81 [VAL] Loss: 0.5505, Accuracy: 73.00%, Precision: 0.71, Recall: 0.80, F1: 0.75, AUC: 0.82
Epoch [57/100] [TRAIN] Loss: 0.5716, Accuracy: 73.03%, AUC: 0.81 [VAL] Loss: 0.5510, Accuracy: 72.70%, Precision: 0.70, Recall: 0.80, F1: 0.75, AUC: 0.82
Epoch [58/100] [TRAIN] Loss: 0.5718, Accuracy: 73.16%, AUC: 0.81 [VAL] Loss: 0.5511, Accuracy: 72.80%, Precision: 0.70, Recall: 0.80, F1: 0.75, AUC: 0.82
Epoch [59/100] [TRAIN] Loss: 0.5682, Accuracy: 73.42%, AUC: 0.81 [VAL] Loss: 0.5502, Accuracy: 72.80%, Precision: 0.70, Recall: 0.80, F1: 0.75, AUC: 0.82
Epoch [60/100] [TRAIN] Loss: 0.5681, Accuracy: 73.39%, AUC: 0.81 [VAL] Loss: 0.5503, Accuracy: 72.70%, Precision: 0.70, Recall: 0.79, F1: 0.75, AUC: 0.82
Epoch [61/100] [TRAIN] Loss: 0.5696, Accuracy: 73.44%, AUC: 0.81 [VAL] Loss: 0.5505, Accuracy: 72.80%, Precision: 0.70, Recall: 0.80, F1: 0.75, AUC: 0.82
Epoch [62/100] [TRAIN] Loss: 0.5666, Accuracy: 73.36%, AUC: 0.81 [VAL] Loss: 0.5498, Accuracy: 72.80%, Precision: 0.70, Recall: 0.80, F1: 0.75, AUC: 0.82
Epoch [63/100] [TRAIN] Loss: 0.5676, Accuracy: 72.69%, AUC: 0.81 [VAL] Loss: 0.5500, Accuracy: 72.80%, Precision: 0.70, Recall: 0.80, F1: 0.75, AUC: 0.82
Epoch [64/100] [TRAIN] Loss: 0.5705, Accuracy: 72.75%, AUC: 0.81 [VAL] Loss: 0.5503, Accuracy: 72.80%, Precision: 0.71, Recall: 0.79, F1: 0.75, AUC: 0.82
Epoch [65/100] [TRAIN] Loss: 0.5668, Accuracy: 73.09%, AUC: 0.81 [VAL] Loss: 0.5496, Accuracy: 72.90%, Precision: 0.71, Recall: 0.80, F1: 0.75, AUC: 0.82
Epoch [66/100] [TRAIN] Loss: 0.5648, Accuracy: 73.46%, AUC: 0.81 [VAL] Loss: 0.5490, Accuracy: 73.10%, Precision: 0.71, Recall: 0.80, F1: 0.75, AUC: 0.82
Epoch [67/100] [TRAIN] Loss: 0.5651, Accuracy: 73.47%, AUC: 0.81 [VAL] Loss: 0.5490, Accuracy: 73.00%, Precision: 0.71, Recall: 0.80, F1: 0.75, AUC: 0.82
Epoch [68/100] [TRAIN] Loss: 0.5684, Accuracy: 72.91%, AUC: 0.81 [VAL] Loss: 0.5491, Accuracy: 73.00%, Precision: 0.71, Recall: 0.80, F1: 0.75, AUC: 0.82
Epoch [69/100] [TRAIN] Loss: 0.5650, Accuracy: 73.12%, AUC: 0.81 [VAL] Loss: 0.5488, Accuracy: 73.00%, Precision: 0.71, Recall: 0.80, F1: 0.75, AUC: 0.82
Epoch [70/100] [TRAIN] Loss: 0.5668, Accuracy: 73.25%, AUC: 0.81 [VAL] Loss: 0.5491, Accuracy: 72.90%, Precision: 0.71, Recall: 0.80, F1: 0.75, AUC: 0.82
Epoch [71/100] [TRAIN] Loss: 0.5667, Accuracy: 72.99%, AUC: 0.81 [VAL] Loss: 0.5489, Accuracy: 72.90%, Precision: 0.71, Recall: 0.80, F1: 0.75, AUC: 0.82
Epoch [72/100] [TRAIN] Loss: 0.5651, Accuracy: 73.42%, AUC: 0.81 [VAL] Loss: 0.5484, Accuracy: 73.00%, Precision: 0.71, Recall: 0.80, F1: 0.75, AUC: 0.82
Epoch [73/100] [TRAIN] Loss: 0.5632, Accuracy: 73.70%, AUC: 0.81 [VAL] Loss: 0.5482, Accuracy: 72.90%, Precision: 0.71, Recall: 0.80, F1: 0.75, AUC: 0.82
Epoch [74/100] [TRAIN] Loss: 0.5655, Accuracy: 73.62%, AUC: 0.81 [VAL] Loss: 0.5482, Accuracy: 72.90%, Precision: 0.71, Recall: 0.80, F1: 0.75, AUC: 0.82
Epoch [75/100] [TRAIN] Loss: 0.5662, Accuracy: 73.33%, AUC: 0.81 [VAL] Loss: 0.5484, Accuracy: 72.90%, Precision: 0.71, Recall: 0.80, F1: 0.75, AUC: 0.82
Epoch [76/100] [TRAIN] Loss: 0.5643, Accuracy: 73.12%, AUC: 0.81 [VAL] Loss: 0.5479, Accuracy: 72.80%, Precision: 0.70, Recall: 0.80, F1: 0.75, AUC: 0.82
Epoch [77/100] [TRAIN] Loss: 0.5613, Accuracy: 73.59%, AUC: 0.82 [VAL] Loss: 0.5478, Accuracy: 72.80%, Precision: 0.70, Recall: 0.80, F1: 0.75, AUC: 0.82
Epoch [78/100] [TRAIN] Loss: 0.5625, Accuracy: 73.74%, AUC: 0.81 [VAL] Loss: 0.5476, Accuracy: 72.90%, Precision: 0.71, Recall: 0.80, F1: 0.75, AUC: 0.82
Epoch [79/100] [TRAIN] Loss: 0.5656, Accuracy: 73.36%, AUC: 0.81 [VAL] Loss: 0.5479, Accuracy: 73.00%, Precision: 0.71, Recall: 0.80, F1: 0.75, AUC: 0.82
Epoch [80/100] [TRAIN] Loss: 0.5659, Accuracy: 73.46%, AUC: 0.81 [VAL] Loss: 0.5474, Accuracy: 73.10%, Precision: 0.71, Recall: 0.80, F1: 0.75, AUC: 0.82
Epoch [81/100] [TRAIN] Loss: 0.5650, Accuracy: 73.19%, AUC: 0.81 [VAL] Loss: 0.5470, Accuracy: 73.00%, Precision: 0.71, Recall: 0.80, F1: 0.75, AUC: 0.82
Epoch [82/100] [TRAIN] Loss: 0.5662, Accuracy: 73.24%, AUC: 0.81 [VAL] Loss: 0.5472, Accuracy: 73.00%, Precision: 0.71, Recall: 0.80, F1: 0.75, AUC: 0.82
Epoch [83/100] [TRAIN] Loss: 0.5637, Accuracy: 73.10%, AUC: 0.81 [VAL] Loss: 0.5468, Accuracy: 72.90%, Precision: 0.71, Recall: 0.80, F1: 0.75, AUC: 0.82
Epoch [84/100] [TRAIN] Loss: 0.5624, Accuracy: 73.75%, AUC: 0.81 [VAL] Loss: 0.5463, Accuracy: 72.90%, Precision: 0.71, Recall: 0.80, F1: 0.75, AUC: 0.82
Epoch [85/100] [TRAIN] Loss: 0.5647, Accuracy: 73.16%, AUC: 0.81 [VAL] Loss: 0.5465, Accuracy: 72.90%, Precision: 0.71, Recall: 0.80, F1: 0.75, AUC: 0.82
Epoch [86/100] [TRAIN] Loss: 0.5622, Accuracy: 73.42%, AUC: 0.81 [VAL] Loss: 0.5464, Accuracy: 73.00%, Precision: 0.71, Recall: 0.80, F1: 0.75, AUC: 0.82
Epoch [87/100] [TRAIN] Loss: 0.5601, Accuracy: 73.80%, AUC: 0.82 [VAL] Loss: 0.5462, Accuracy: 73.10%, Precision: 0.71, Recall: 0.80, F1: 0.75, AUC: 0.82
Epoch [88/100] [TRAIN] Loss: 0.5644, Accuracy: 73.62%, AUC: 0.81 [VAL] Loss: 0.5463, Accuracy: 73.20%, Precision: 0.71, Recall: 0.80, F1: 0.75, AUC: 0.82
Epoch [89/100] [TRAIN] Loss: 0.5636, Accuracy: 73.05%, AUC: 0.81 [VAL] Loss: 0.5459, Accuracy: 73.10%, Precision: 0.71, Recall: 0.80, F1: 0.75, AUC: 0.82
Epoch [90/100] [TRAIN] Loss: 0.5617, Accuracy: 73.41%, AUC: 0.81 [VAL] Loss: 0.5455, Accuracy: 73.10%, Precision: 0.71, Recall: 0.80, F1: 0.75, AUC: 0.82
Epoch [91/100] [TRAIN] Loss: 0.5610, Accuracy: 73.72%, AUC: 0.81 [VAL] Loss: 0.5450, Accuracy: 73.00%, Precision: 0.71, Recall: 0.80, F1: 0.75, AUC: 0.82
Epoch [92/100] [TRAIN] Loss: 0.5631, Accuracy: 73.30%, AUC: 0.81 [VAL] Loss: 0.5451, Accuracy: 72.70%, Precision: 0.70, Recall: 0.79, F1: 0.75, AUC: 0.82
Epoch [93/100] [TRAIN] Loss: 0.5618, Accuracy: 73.19%, AUC: 0.81 [VAL] Loss: 0.5451, Accuracy: 72.90%, Precision: 0.71, Recall: 0.80, F1: 0.75, AUC: 0.82
Epoch [94/100] [TRAIN] Loss: 0.5627, Accuracy: 72.91%, AUC: 0.81 [VAL] Loss: 0.5454, Accuracy: 72.90%, Precision: 0.71, Recall: 0.80, F1: 0.75, AUC: 0.82
Epoch [95/100] [TRAIN] Loss: 0.5619, Accuracy: 73.24%, AUC: 0.81 [VAL] Loss: 0.5447, Accuracy: 72.80%, Precision: 0.70, Recall: 0.80, F1: 0.75, AUC: 0.82
Epoch [96/100] [TRAIN] Loss: 0.5603, Accuracy: 73.11%, AUC: 0.81 [VAL] Loss: 0.5444, Accuracy: 72.90%, Precision: 0.71, Recall: 0.80, F1: 0.75, AUC: 0.82
Epoch [97/100] [TRAIN] Loss: 0.5619, Accuracy: 73.29%, AUC: 0.81 [VAL] Loss: 0.5441, Accuracy: 72.80%, Precision: 0.70, Recall: 0.80, F1: 0.75, AUC: 0.82
Epoch [98/100] [TRAIN] Loss: 0.5626, Accuracy: 73.35%, AUC: 0.81 [VAL] Loss: 0.5442, Accuracy: 72.90%, Precision: 0.71, Recall: 0.80, F1: 0.75, AUC: 0.82
Epoch [99/100] [TRAIN] Loss: 0.5624, Accuracy: 72.90%, AUC: 0.81 [VAL] Loss: 0.5444, Accuracy: 72.70%, Precision: 0.70, Recall: 0.80, F1: 0.75, AUC: 0.82
Epoch [100/100] [TRAIN] Loss: 0.5604, Accuracy: 73.81%, AUC: 0.81 [VAL] Loss: 0.5439, Accuracy: 72.70%, Precision: 0.70, Recall: 0.80, F1: 0.75, AUC: 0.82
  Antisymmetry score (raw):        0.8770
  Antisymmetry score (confident):  1.0000
  Total violations:                123 / 1000
  Pairs near boundary:             212 (21.2%)
  Avg |prob-0.5| at violation:     0.0000

--- Training baselines (LogisticRegression, RandomForest, SVM) ---

  Training LogisticRegression...
  Val accuracy: 72.00%

  [LogisticRegression]  Accuracy: 71.10%  AUC: 0.7726  Precision: 0.7377  Recall: 0.6402  F1: 0.6855  Antisym: 0.7400

  Training RandomForest...
  Val accuracy: 74.70%

  [RandomForest]  Accuracy: 74.20%  AUC: 0.8250  Precision: 0.7759  Recall: 0.6687  F1: 0.7183  Antisym: 0.7930

  Training SVM_Linear...
  Val accuracy: 71.40%

  [SVM_Linear]  Accuracy: 70.80%  AUC: 0.7671  Precision: 0.7392  Recall: 0.6280  F1: 0.6791  Antisym: 0.7170
Seed: 123
=== DirectRanker ===
Accuracy:  71.80 %
AUC:       0.8174
Precision: 0.6882
Recall:    0.7805
F1-Score:  0.7314
Antisymmetry score:  0.8770  (1.0 = perfect, ~0.5 = random)

Detailed Classification Report:
              precision    recall  f1-score   support

           0       0.76      0.66      0.70       508
           1       0.69      0.78      0.73       492

    accuracy                           0.72      1000
   macro avg       0.72      0.72      0.72      1000
weighted avg       0.72      0.72      0.72      1000


Confusion Matrix:
[[334 174]
 [108 384]]

=== LogisticRegression ===
Accuracy:  71.10 %
AUC:       0.7726
Precision: 0.7377
Recall:    0.6402
F1-Score:  0.6855
Antisymmetry score:  0.7400
Confusion Matrix:
[[396 112]
 [177 315]]

=== RandomForest ===
Accuracy:  74.20 %
AUC:       0.8250
Precision: 0.7759
Recall:    0.6687
F1-Score:  0.7183
Antisymmetry score:  0.7930
Confusion Matrix:
[[413  95]
 [163 329]]

=== SVM_Linear ===
Accuracy:  70.80 %
AUC:       0.7671
Precision: 0.7392
Recall:    0.6280
F1-Score:  0.6791
Antisymmetry score:  0.7170
Confusion Matrix:
[[399 109]
 [183 309]]

Saved combined test metrics: /group/pmc021/amunif/epi-thesis/workflow/16_Pairwise Ranking Healthy Liver/output/combined/donor_4/test/012-H3K9me3-H3K27ac-seed123-test-metrics.csv
Saved combined ROC plot: /group/pmc021/amunif/epi-thesis/workflow/16_Pairwise Ranking Healthy Liver/output/combined/donor_4/img/roc/012-H3K9me3-H3K27ac-seed123-roc-combined.png

Finished 012-H3K9me3-H3K27ac (seed 123)

======================================================================
013-H3K9me3-H3K27me3
======================================================================
Train label distribution:
  Label 0:   4091 (51.1%)
  Label 1:   3909 (48.9%)
Val label distribution:
  Label 0:    494 (49.4%)
  Label 1:    506 (50.6%)
Test label distribution:
  Label 0:    508 (50.8%)
  Label 1:    492 (49.2%)

--- Training DirectRanker ---
Epoch [1/100] [TRAIN] Loss: 0.7233, Accuracy: 51.11%, AUC: 0.52 [VAL] Loss: 0.7226, Accuracy: 51.70%, Precision: 0.51, Recall: 0.95, F1: 0.66, AUC: 0.53
Epoch [2/100] [TRAIN] Loss: 0.7231, Accuracy: 50.42%, AUC: 0.51 [VAL] Loss: 0.7218, Accuracy: 51.80%, Precision: 0.51, Recall: 0.95, F1: 0.67, AUC: 0.53
Epoch [3/100] [TRAIN] Loss: 0.7223, Accuracy: 50.74%, AUC: 0.51 [VAL] Loss: 0.7210, Accuracy: 51.90%, Precision: 0.51, Recall: 0.95, F1: 0.67, AUC: 0.54
Epoch [4/100] [TRAIN] Loss: 0.7214, Accuracy: 51.39%, AUC: 0.52 [VAL] Loss: 0.7204, Accuracy: 52.10%, Precision: 0.51, Recall: 0.95, F1: 0.67, AUC: 0.54
Epoch [5/100] [TRAIN] Loss: 0.7209, Accuracy: 50.86%, AUC: 0.52 [VAL] Loss: 0.7199, Accuracy: 52.00%, Precision: 0.51, Recall: 0.95, F1: 0.67, AUC: 0.54
Epoch [6/100] [TRAIN] Loss: 0.7200, Accuracy: 51.29%, AUC: 0.52 [VAL] Loss: 0.7195, Accuracy: 52.00%, Precision: 0.51, Recall: 0.95, F1: 0.67, AUC: 0.54
Epoch [7/100] [TRAIN] Loss: 0.7206, Accuracy: 50.00%, AUC: 0.51 [VAL] Loss: 0.7190, Accuracy: 52.20%, Precision: 0.52, Recall: 0.95, F1: 0.67, AUC: 0.54
Epoch [8/100] [TRAIN] Loss: 0.7195, Accuracy: 50.91%, AUC: 0.52 [VAL] Loss: 0.7187, Accuracy: 52.00%, Precision: 0.51, Recall: 0.95, F1: 0.67, AUC: 0.54
Epoch [9/100] [TRAIN] Loss: 0.7192, Accuracy: 52.30%, AUC: 0.53 [VAL] Loss: 0.7184, Accuracy: 52.10%, Precision: 0.51, Recall: 0.95, F1: 0.67, AUC: 0.54
Epoch [10/100] [TRAIN] Loss: 0.7197, Accuracy: 51.01%, AUC: 0.52 [VAL] Loss: 0.7181, Accuracy: 52.50%, Precision: 0.52, Recall: 0.95, F1: 0.67, AUC: 0.55
Epoch [11/100] [TRAIN] Loss: 0.7188, Accuracy: 51.46%, AUC: 0.53 [VAL] Loss: 0.7178, Accuracy: 52.60%, Precision: 0.52, Recall: 0.95, F1: 0.67, AUC: 0.55
Epoch [12/100] [TRAIN] Loss: 0.7189, Accuracy: 51.50%, AUC: 0.53 [VAL] Loss: 0.7176, Accuracy: 52.60%, Precision: 0.52, Recall: 0.95, F1: 0.67, AUC: 0.55
Epoch [13/100] [TRAIN] Loss: 0.7187, Accuracy: 51.34%, AUC: 0.52 [VAL] Loss: 0.7174, Accuracy: 53.00%, Precision: 0.52, Recall: 0.96, F1: 0.67, AUC: 0.56
Epoch [14/100] [TRAIN] Loss: 0.7179, Accuracy: 51.50%, AUC: 0.53 [VAL] Loss: 0.7172, Accuracy: 52.90%, Precision: 0.52, Recall: 0.95, F1: 0.67, AUC: 0.55
Epoch [15/100] [TRAIN] Loss: 0.7183, Accuracy: 51.21%, AUC: 0.52 [VAL] Loss: 0.7170, Accuracy: 52.80%, Precision: 0.52, Recall: 0.95, F1: 0.67, AUC: 0.55
Epoch [16/100] [TRAIN] Loss: 0.7175, Accuracy: 52.08%, AUC: 0.53 [VAL] Loss: 0.7168, Accuracy: 52.70%, Precision: 0.52, Recall: 0.95, F1: 0.67, AUC: 0.55
Epoch [17/100] [TRAIN] Loss: 0.7176, Accuracy: 51.61%, AUC: 0.53 [VAL] Loss: 0.7167, Accuracy: 52.80%, Precision: 0.52, Recall: 0.96, F1: 0.67, AUC: 0.55
Epoch [18/100] [TRAIN] Loss: 0.7177, Accuracy: 50.94%, AUC: 0.52 [VAL] Loss: 0.7165, Accuracy: 52.80%, Precision: 0.52, Recall: 0.96, F1: 0.67, AUC: 0.55
Epoch [19/100] [TRAIN] Loss: 0.7175, Accuracy: 50.96%, AUC: 0.52 [VAL] Loss: 0.7164, Accuracy: 52.80%, Precision: 0.52, Recall: 0.96, F1: 0.67, AUC: 0.55
Epoch [20/100] [TRAIN] Loss: 0.7174, Accuracy: 50.76%, AUC: 0.52 [VAL] Loss: 0.7162, Accuracy: 52.80%, Precision: 0.52, Recall: 0.96, F1: 0.67, AUC: 0.55
Epoch [21/100] [TRAIN] Loss: 0.7173, Accuracy: 51.61%, AUC: 0.52 [VAL] Loss: 0.7161, Accuracy: 52.80%, Precision: 0.52, Recall: 0.96, F1: 0.67, AUC: 0.55
Epoch [22/100] [TRAIN] Loss: 0.7168, Accuracy: 52.35%, AUC: 0.54 [VAL] Loss: 0.7160, Accuracy: 52.70%, Precision: 0.52, Recall: 0.96, F1: 0.67, AUC: 0.55
Epoch [23/100] [TRAIN] Loss: 0.7163, Accuracy: 51.60%, AUC: 0.53 [VAL] Loss: 0.7158, Accuracy: 52.70%, Precision: 0.52, Recall: 0.96, F1: 0.67, AUC: 0.55
Epoch [24/100] [TRAIN] Loss: 0.7171, Accuracy: 51.11%, AUC: 0.52 [VAL] Loss: 0.7157, Accuracy: 52.70%, Precision: 0.52, Recall: 0.96, F1: 0.67, AUC: 0.55
Epoch [25/100] [TRAIN] Loss: 0.7167, Accuracy: 52.38%, AUC: 0.54 [VAL] Loss: 0.7156, Accuracy: 52.70%, Precision: 0.52, Recall: 0.96, F1: 0.67, AUC: 0.55
Epoch [26/100] [TRAIN] Loss: 0.7162, Accuracy: 52.59%, AUC: 0.54 [VAL] Loss: 0.7155, Accuracy: 52.70%, Precision: 0.52, Recall: 0.96, F1: 0.67, AUC: 0.55
Epoch [27/100] [TRAIN] Loss: 0.7162, Accuracy: 52.34%, AUC: 0.54 [VAL] Loss: 0.7154, Accuracy: 52.70%, Precision: 0.52, Recall: 0.96, F1: 0.67, AUC: 0.55
Epoch [28/100] [TRAIN] Loss: 0.7162, Accuracy: 51.56%, AUC: 0.53 [VAL] Loss: 0.7152, Accuracy: 52.70%, Precision: 0.52, Recall: 0.96, F1: 0.67, AUC: 0.55
Epoch [29/100] [TRAIN] Loss: 0.7159, Accuracy: 52.01%, AUC: 0.54 [VAL] Loss: 0.7151, Accuracy: 52.70%, Precision: 0.52, Recall: 0.96, F1: 0.67, AUC: 0.55
Epoch [30/100] [TRAIN] Loss: 0.7159, Accuracy: 52.34%, AUC: 0.54 [VAL] Loss: 0.7150, Accuracy: 52.60%, Precision: 0.52, Recall: 0.96, F1: 0.67, AUC: 0.55
Epoch [31/100] [TRAIN] Loss: 0.7158, Accuracy: 51.44%, AUC: 0.53 [VAL] Loss: 0.7149, Accuracy: 52.60%, Precision: 0.52, Recall: 0.96, F1: 0.67, AUC: 0.55
Epoch [32/100] [TRAIN] Loss: 0.7154, Accuracy: 51.61%, AUC: 0.54 [VAL] Loss: 0.7148, Accuracy: 52.60%, Precision: 0.52, Recall: 0.96, F1: 0.67, AUC: 0.55
Epoch [33/100] [TRAIN] Loss: 0.7155, Accuracy: 51.16%, AUC: 0.54 [VAL] Loss: 0.7147, Accuracy: 52.60%, Precision: 0.52, Recall: 0.96, F1: 0.67, AUC: 0.55
Epoch [34/100] [TRAIN] Loss: 0.7154, Accuracy: 52.74%, AUC: 0.55 [VAL] Loss: 0.7146, Accuracy: 52.60%, Precision: 0.52, Recall: 0.96, F1: 0.67, AUC: 0.55
Epoch [35/100] [TRAIN] Loss: 0.7154, Accuracy: 52.04%, AUC: 0.54 [VAL] Loss: 0.7145, Accuracy: 52.40%, Precision: 0.52, Recall: 0.96, F1: 0.67, AUC: 0.55
Epoch [36/100] [TRAIN] Loss: 0.7153, Accuracy: 53.46%, AUC: 0.55 [VAL] Loss: 0.7144, Accuracy: 52.40%, Precision: 0.52, Recall: 0.96, F1: 0.67, AUC: 0.55
Epoch [37/100] [TRAIN] Loss: 0.7152, Accuracy: 52.05%, AUC: 0.54 [VAL] Loss: 0.7143, Accuracy: 52.50%, Precision: 0.52, Recall: 0.96, F1: 0.67, AUC: 0.55
Epoch [38/100] [TRAIN] Loss: 0.7152, Accuracy: 51.35%, AUC: 0.53 [VAL] Loss: 0.7142, Accuracy: 52.50%, Precision: 0.52, Recall: 0.96, F1: 0.67, AUC: 0.55
Epoch [39/100] [TRAIN] Loss: 0.7147, Accuracy: 51.49%, AUC: 0.54 [VAL] Loss: 0.7141, Accuracy: 52.50%, Precision: 0.52, Recall: 0.96, F1: 0.67, AUC: 0.55
Epoch [40/100] [TRAIN] Loss: 0.7151, Accuracy: 52.35%, AUC: 0.54 [VAL] Loss: 0.7140, Accuracy: 52.50%, Precision: 0.52, Recall: 0.96, F1: 0.67, AUC: 0.55
Epoch [41/100] [TRAIN] Loss: 0.7149, Accuracy: 52.02%, AUC: 0.54 [VAL] Loss: 0.7139, Accuracy: 52.30%, Precision: 0.52, Recall: 0.95, F1: 0.67, AUC: 0.54
Epoch [42/100] [TRAIN] Loss: 0.7147, Accuracy: 51.54%, AUC: 0.54 [VAL] Loss: 0.7138, Accuracy: 52.30%, Precision: 0.52, Recall: 0.95, F1: 0.67, AUC: 0.54
Epoch [43/100] [TRAIN] Loss: 0.7143, Accuracy: 52.45%, AUC: 0.54 [VAL] Loss: 0.7137, Accuracy: 52.30%, Precision: 0.52, Recall: 0.95, F1: 0.67, AUC: 0.54
Epoch [44/100] [TRAIN] Loss: 0.7142, Accuracy: 52.50%, AUC: 0.55 [VAL] Loss: 0.7136, Accuracy: 52.30%, Precision: 0.52, Recall: 0.95, F1: 0.67, AUC: 0.54
Epoch [45/100] [TRAIN] Loss: 0.7145, Accuracy: 51.81%, AUC: 0.53 [VAL] Loss: 0.7135, Accuracy: 52.30%, Precision: 0.52, Recall: 0.95, F1: 0.67, AUC: 0.54
Epoch [46/100] [TRAIN] Loss: 0.7144, Accuracy: 51.00%, AUC: 0.53 [VAL] Loss: 0.7134, Accuracy: 52.30%, Precision: 0.52, Recall: 0.95, F1: 0.67, AUC: 0.54
Epoch [47/100] [TRAIN] Loss: 0.7145, Accuracy: 51.12%, AUC: 0.53 [VAL] Loss: 0.7133, Accuracy: 52.30%, Precision: 0.52, Recall: 0.95, F1: 0.67, AUC: 0.54
Epoch [48/100] [TRAIN] Loss: 0.7139, Accuracy: 52.14%, AUC: 0.55 [VAL] Loss: 0.7132, Accuracy: 52.30%, Precision: 0.52, Recall: 0.95, F1: 0.67, AUC: 0.54
Epoch [49/100] [TRAIN] Loss: 0.7137, Accuracy: 52.21%, AUC: 0.55 [VAL] Loss: 0.7131, Accuracy: 52.30%, Precision: 0.52, Recall: 0.95, F1: 0.67, AUC: 0.54
Epoch [50/100] [TRAIN] Loss: 0.7137, Accuracy: 52.04%, AUC: 0.55 [VAL] Loss: 0.7130, Accuracy: 52.40%, Precision: 0.52, Recall: 0.96, F1: 0.67, AUC: 0.55
Epoch [51/100] [TRAIN] Loss: 0.7134, Accuracy: 52.20%, AUC: 0.55 [VAL] Loss: 0.7129, Accuracy: 52.40%, Precision: 0.52, Recall: 0.96, F1: 0.67, AUC: 0.55
Epoch [52/100] [TRAIN] Loss: 0.7138, Accuracy: 52.08%, AUC: 0.54 [VAL] Loss: 0.7129, Accuracy: 52.40%, Precision: 0.52, Recall: 0.96, F1: 0.67, AUC: 0.55
Epoch [53/100] [TRAIN] Loss: 0.7135, Accuracy: 52.67%, AUC: 0.55 [VAL] Loss: 0.7128, Accuracy: 52.40%, Precision: 0.52, Recall: 0.96, F1: 0.67, AUC: 0.55
Epoch [54/100] [TRAIN] Loss: 0.7131, Accuracy: 52.34%, AUC: 0.55 [VAL] Loss: 0.7127, Accuracy: 52.40%, Precision: 0.52, Recall: 0.96, F1: 0.67, AUC: 0.55
Epoch [55/100] [TRAIN] Loss: 0.7133, Accuracy: 52.49%, AUC: 0.55 [VAL] Loss: 0.7126, Accuracy: 52.40%, Precision: 0.52, Recall: 0.96, F1: 0.67, AUC: 0.55
Epoch [56/100] [TRAIN] Loss: 0.7137, Accuracy: 52.17%, AUC: 0.54 [VAL] Loss: 0.7125, Accuracy: 52.40%, Precision: 0.52, Recall: 0.96, F1: 0.67, AUC: 0.55
Epoch [57/100] [TRAIN] Loss: 0.7134, Accuracy: 51.90%, AUC: 0.54 [VAL] Loss: 0.7124, Accuracy: 52.40%, Precision: 0.52, Recall: 0.96, F1: 0.67, AUC: 0.55
Epoch [58/100] [TRAIN] Loss: 0.7138, Accuracy: 52.29%, AUC: 0.54 [VAL] Loss: 0.7123, Accuracy: 52.40%, Precision: 0.52, Recall: 0.96, F1: 0.67, AUC: 0.55
Epoch [59/100] [TRAIN] Loss: 0.7132, Accuracy: 51.95%, AUC: 0.54 [VAL] Loss: 0.7122, Accuracy: 52.40%, Precision: 0.52, Recall: 0.96, F1: 0.67, AUC: 0.55
Epoch [60/100] [TRAIN] Loss: 0.7127, Accuracy: 52.70%, AUC: 0.55 [VAL] Loss: 0.7121, Accuracy: 52.40%, Precision: 0.52, Recall: 0.96, F1: 0.67, AUC: 0.55
Epoch [61/100] [TRAIN] Loss: 0.7126, Accuracy: 52.11%, AUC: 0.54 [VAL] Loss: 0.7121, Accuracy: 52.40%, Precision: 0.52, Recall: 0.96, F1: 0.67, AUC: 0.55
Epoch [62/100] [TRAIN] Loss: 0.7127, Accuracy: 52.41%, AUC: 0.54 [VAL] Loss: 0.7120, Accuracy: 52.40%, Precision: 0.52, Recall: 0.96, F1: 0.67, AUC: 0.55
Epoch [63/100] [TRAIN] Loss: 0.7125, Accuracy: 52.62%, AUC: 0.54 [VAL] Loss: 0.7119, Accuracy: 52.40%, Precision: 0.52, Recall: 0.96, F1: 0.67, AUC: 0.55
Epoch [64/100] [TRAIN] Loss: 0.7128, Accuracy: 52.05%, AUC: 0.54 [VAL] Loss: 0.7118, Accuracy: 52.40%, Precision: 0.52, Recall: 0.96, F1: 0.67, AUC: 0.55
Epoch [65/100] [TRAIN] Loss: 0.7125, Accuracy: 52.62%, AUC: 0.55 [VAL] Loss: 0.7117, Accuracy: 52.40%, Precision: 0.52, Recall: 0.96, F1: 0.67, AUC: 0.55
Epoch [66/100] [TRAIN] Loss: 0.7123, Accuracy: 53.17%, AUC: 0.55 [VAL] Loss: 0.7117, Accuracy: 52.40%, Precision: 0.52, Recall: 0.96, F1: 0.67, AUC: 0.55
Epoch [67/100] [TRAIN] Loss: 0.7119, Accuracy: 52.16%, AUC: 0.55 [VAL] Loss: 0.7116, Accuracy: 52.40%, Precision: 0.52, Recall: 0.96, F1: 0.67, AUC: 0.55
Epoch [68/100] [TRAIN] Loss: 0.7121, Accuracy: 52.59%, AUC: 0.55 [VAL] Loss: 0.7115, Accuracy: 52.40%, Precision: 0.52, Recall: 0.96, F1: 0.67, AUC: 0.55
Epoch [69/100] [TRAIN] Loss: 0.7124, Accuracy: 52.33%, AUC: 0.54 [VAL] Loss: 0.7114, Accuracy: 52.40%, Precision: 0.52, Recall: 0.96, F1: 0.67, AUC: 0.55
Epoch [70/100] [TRAIN] Loss: 0.7126, Accuracy: 52.15%, AUC: 0.54 [VAL] Loss: 0.7113, Accuracy: 52.40%, Precision: 0.52, Recall: 0.96, F1: 0.67, AUC: 0.55
Epoch [71/100] [TRAIN] Loss: 0.7119, Accuracy: 51.76%, AUC: 0.54 [VAL] Loss: 0.7113, Accuracy: 52.40%, Precision: 0.52, Recall: 0.96, F1: 0.67, AUC: 0.55
Epoch [72/100] [TRAIN] Loss: 0.7118, Accuracy: 52.09%, AUC: 0.54 [VAL] Loss: 0.7112, Accuracy: 52.40%, Precision: 0.52, Recall: 0.96, F1: 0.67, AUC: 0.55
Epoch [73/100] [TRAIN] Loss: 0.7122, Accuracy: 51.74%, AUC: 0.54 [VAL] Loss: 0.7111, Accuracy: 52.40%, Precision: 0.52, Recall: 0.96, F1: 0.67, AUC: 0.55
Epoch [74/100] [TRAIN] Loss: 0.7116, Accuracy: 52.52%, AUC: 0.54 [VAL] Loss: 0.7110, Accuracy: 52.40%, Precision: 0.52, Recall: 0.96, F1: 0.67, AUC: 0.55
Epoch [75/100] [TRAIN] Loss: 0.7121, Accuracy: 52.11%, AUC: 0.54 [VAL] Loss: 0.7110, Accuracy: 52.40%, Precision: 0.52, Recall: 0.96, F1: 0.67, AUC: 0.55
Epoch [76/100] [TRAIN] Loss: 0.7116, Accuracy: 51.51%, AUC: 0.53 [VAL] Loss: 0.7109, Accuracy: 52.40%, Precision: 0.52, Recall: 0.96, F1: 0.67, AUC: 0.55
Epoch [77/100] [TRAIN] Loss: 0.7110, Accuracy: 52.31%, AUC: 0.55 [VAL] Loss: 0.7108, Accuracy: 52.40%, Precision: 0.52, Recall: 0.96, F1: 0.67, AUC: 0.55
Epoch [78/100] [TRAIN] Loss: 0.7113, Accuracy: 52.86%, AUC: 0.55 [VAL] Loss: 0.7108, Accuracy: 52.40%, Precision: 0.52, Recall: 0.96, F1: 0.67, AUC: 0.55
Epoch [79/100] [TRAIN] Loss: 0.7117, Accuracy: 52.29%, AUC: 0.54 [VAL] Loss: 0.7107, Accuracy: 52.40%, Precision: 0.52, Recall: 0.96, F1: 0.67, AUC: 0.55
Epoch [80/100] [TRAIN] Loss: 0.7120, Accuracy: 52.98%, AUC: 0.55 [VAL] Loss: 0.7107, Accuracy: 52.40%, Precision: 0.52, Recall: 0.96, F1: 0.67, AUC: 0.55
Epoch [81/100] [TRAIN] Loss: 0.7113, Accuracy: 52.44%, AUC: 0.54 [VAL] Loss: 0.7106, Accuracy: 52.40%, Precision: 0.52, Recall: 0.96, F1: 0.67, AUC: 0.55
Epoch [82/100] [TRAIN] Loss: 0.7116, Accuracy: 52.49%, AUC: 0.54 [VAL] Loss: 0.7105, Accuracy: 52.40%, Precision: 0.52, Recall: 0.96, F1: 0.67, AUC: 0.55
Epoch [83/100] [TRAIN] Loss: 0.7109, Accuracy: 52.52%, AUC: 0.54 [VAL] Loss: 0.7105, Accuracy: 52.40%, Precision: 0.52, Recall: 0.96, F1: 0.67, AUC: 0.55
Epoch [84/100] [TRAIN] Loss: 0.7099, Accuracy: 53.20%, AUC: 0.55 [VAL] Loss: 0.7104, Accuracy: 52.40%, Precision: 0.52, Recall: 0.96, F1: 0.67, AUC: 0.55
Epoch [85/100] [TRAIN] Loss: 0.7110, Accuracy: 51.88%, AUC: 0.55 [VAL] Loss: 0.7103, Accuracy: 52.40%, Precision: 0.52, Recall: 0.96, F1: 0.67, AUC: 0.55
Epoch [86/100] [TRAIN] Loss: 0.7103, Accuracy: 52.86%, AUC: 0.55 [VAL] Loss: 0.7103, Accuracy: 52.40%, Precision: 0.52, Recall: 0.96, F1: 0.67, AUC: 0.55
Epoch [87/100] [TRAIN] Loss: 0.7106, Accuracy: 52.59%, AUC: 0.55 [VAL] Loss: 0.7102, Accuracy: 52.40%, Precision: 0.52, Recall: 0.96, F1: 0.67, AUC: 0.55
Epoch [88/100] [TRAIN] Loss: 0.7111, Accuracy: 51.45%, AUC: 0.54 [VAL] Loss: 0.7101, Accuracy: 52.40%, Precision: 0.52, Recall: 0.96, F1: 0.67, AUC: 0.55
Epoch [89/100] [TRAIN] Loss: 0.7108, Accuracy: 52.21%, AUC: 0.54 [VAL] Loss: 0.7101, Accuracy: 52.40%, Precision: 0.52, Recall: 0.96, F1: 0.67, AUC: 0.55
Epoch [90/100] [TRAIN] Loss: 0.7106, Accuracy: 52.64%, AUC: 0.55 [VAL] Loss: 0.7100, Accuracy: 52.40%, Precision: 0.52, Recall: 0.96, F1: 0.67, AUC: 0.55
Epoch [91/100] [TRAIN] Loss: 0.7106, Accuracy: 52.29%, AUC: 0.55 [VAL] Loss: 0.7100, Accuracy: 52.40%, Precision: 0.52, Recall: 0.96, F1: 0.67, AUC: 0.55
Epoch [92/100] [TRAIN] Loss: 0.7102, Accuracy: 53.02%, AUC: 0.55 [VAL] Loss: 0.7099, Accuracy: 52.40%, Precision: 0.52, Recall: 0.96, F1: 0.67, AUC: 0.55
Epoch [93/100] [TRAIN] Loss: 0.7089, Accuracy: 52.95%, AUC: 0.56 [VAL] Loss: 0.7098, Accuracy: 52.40%, Precision: 0.52, Recall: 0.96, F1: 0.67, AUC: 0.55
Epoch [94/100] [TRAIN] Loss: 0.7102, Accuracy: 51.62%, AUC: 0.55 [VAL] Loss: 0.7098, Accuracy: 52.40%, Precision: 0.52, Recall: 0.96, F1: 0.67, AUC: 0.55
Epoch [95/100] [TRAIN] Loss: 0.7101, Accuracy: 52.66%, AUC: 0.55 [VAL] Loss: 0.7097, Accuracy: 52.40%, Precision: 0.52, Recall: 0.96, F1: 0.67, AUC: 0.55
Epoch [96/100] [TRAIN] Loss: 0.7101, Accuracy: 53.14%, AUC: 0.56 [VAL] Loss: 0.7097, Accuracy: 52.40%, Precision: 0.52, Recall: 0.96, F1: 0.67, AUC: 0.55
Epoch [97/100] [TRAIN] Loss: 0.7101, Accuracy: 51.67%, AUC: 0.53 [VAL] Loss: 0.7096, Accuracy: 52.40%, Precision: 0.52, Recall: 0.96, F1: 0.67, AUC: 0.55
Epoch [98/100] [TRAIN] Loss: 0.7098, Accuracy: 52.49%, AUC: 0.54 [VAL] Loss: 0.7096, Accuracy: 52.40%, Precision: 0.52, Recall: 0.96, F1: 0.67, AUC: 0.55
Epoch [99/100] [TRAIN] Loss: 0.7099, Accuracy: 51.76%, AUC: 0.55 [VAL] Loss: 0.7095, Accuracy: 52.40%, Precision: 0.52, Recall: 0.96, F1: 0.67, AUC: 0.55
Epoch [100/100] [TRAIN] Loss: 0.7095, Accuracy: 52.16%, AUC: 0.54 [VAL] Loss: 0.7095, Accuracy: 52.40%, Precision: 0.52, Recall: 0.96, F1: 0.67, AUC: 0.55
  Antisymmetry score (raw):        0.1350
  Antisymmetry score (confident):  1.0000
  Total violations:                865 / 1000
  Pairs near boundary:             925 (92.5%)
  Avg |prob-0.5| at violation:     0.0000

--- Training baselines (LogisticRegression, RandomForest, SVM) ---

  Training LogisticRegression...
  Val accuracy: 51.10%

  [LogisticRegression]  Accuracy: 51.50%  AUC: 0.5105  Precision: 0.5556  Recall: 0.0711  F1: 0.1261  Antisym: 0.0770

  Training RandomForest...
  Val accuracy: 51.80%

  [RandomForest]  Accuracy: 53.30%  AUC: 0.5467  Precision: 0.6667  Recall: 0.1016  F1: 0.1764  Antisym: 0.0960

  Training SVM_Linear...
  Val accuracy: 51.10%

  [SVM_Linear]  Accuracy: 52.00%  AUC: 0.5125  Precision: 0.6200  Recall: 0.0630  F1: 0.1144  Antisym: 0.0600
Seed: 123
=== DirectRanker ===
Accuracy:  51.90 %
AUC:       0.5534
Precision: 0.5059
Recall:    0.9533
F1-Score:  0.6610
Antisymmetry score:  0.1350  (1.0 = perfect, ~0.5 = random)

Detailed Classification Report:
              precision    recall  f1-score   support

           0       0.68      0.10      0.17       508
           1       0.51      0.95      0.66       492

    accuracy                           0.52      1000
   macro avg       0.60      0.53      0.42      1000
weighted avg       0.60      0.52      0.41      1000


Confusion Matrix:
[[ 50 458]
 [ 23 469]]

=== LogisticRegression ===
Accuracy:  51.50 %
AUC:       0.5105
Precision: 0.5556
Recall:    0.0711
F1-Score:  0.1261
Antisymmetry score:  0.0770
Confusion Matrix:
[[480  28]
 [457  35]]

=== RandomForest ===
Accuracy:  53.30 %
AUC:       0.5467
Precision: 0.6667
Recall:    0.1016
F1-Score:  0.1764
Antisymmetry score:  0.0960
Confusion Matrix:
[[483  25]
 [442  50]]

=== SVM_Linear ===
Accuracy:  52.00 %
AUC:       0.5125
Precision: 0.6200
Recall:    0.0630
F1-Score:  0.1144
Antisymmetry score:  0.0600
Confusion Matrix:
[[489  19]
 [461  31]]

Saved combined test metrics: /group/pmc021/amunif/epi-thesis/workflow/16_Pairwise Ranking Healthy Liver/output/combined/donor_4/test/013-H3K9me3-H3K27me3-seed123-test-metrics.csv
Saved combined ROC plot: /group/pmc021/amunif/epi-thesis/workflow/16_Pairwise Ranking Healthy Liver/output/combined/donor_4/img/roc/013-H3K9me3-H3K27me3-seed123-roc-combined.png

Finished 013-H3K9me3-H3K27me3 (seed 123)

======================================================================
014-H3K27ac-H3K27me3
======================================================================
Train label distribution:
  Label 0:   4091 (51.1%)
  Label 1:   3909 (48.9%)
Val label distribution:
  Label 0:    494 (49.4%)
  Label 1:    506 (50.6%)
Test label distribution:
  Label 0:    508 (50.8%)
  Label 1:    492 (49.2%)

--- Training DirectRanker ---
Epoch [1/100] [TRAIN] Loss: 0.7050, Accuracy: 59.80%, AUC: 0.63 [VAL] Loss: 0.6107, Accuracy: 72.40%, Precision: 0.70, Recall: 0.78, F1: 0.74, AUC: 0.80
Epoch [2/100] [TRAIN] Loss: 0.6319, Accuracy: 70.62%, AUC: 0.77 [VAL] Loss: 0.5804, Accuracy: 73.90%, Precision: 0.72, Recall: 0.80, F1: 0.76, AUC: 0.81
Epoch [3/100] [TRAIN] Loss: 0.6203, Accuracy: 71.46%, AUC: 0.78 [VAL] Loss: 0.5717, Accuracy: 73.30%, Precision: 0.71, Recall: 0.80, F1: 0.75, AUC: 0.81
Epoch [4/100] [TRAIN] Loss: 0.6105, Accuracy: 72.41%, AUC: 0.79 [VAL] Loss: 0.5683, Accuracy: 73.40%, Precision: 0.71, Recall: 0.80, F1: 0.75, AUC: 0.81
Epoch [5/100] [TRAIN] Loss: 0.6082, Accuracy: 72.53%, AUC: 0.79 [VAL] Loss: 0.5655, Accuracy: 73.40%, Precision: 0.71, Recall: 0.80, F1: 0.75, AUC: 0.82
Epoch [6/100] [TRAIN] Loss: 0.6094, Accuracy: 72.30%, AUC: 0.79 [VAL] Loss: 0.5644, Accuracy: 72.90%, Precision: 0.71, Recall: 0.79, F1: 0.75, AUC: 0.82
Epoch [7/100] [TRAIN] Loss: 0.6054, Accuracy: 72.29%, AUC: 0.79 [VAL] Loss: 0.5630, Accuracy: 73.10%, Precision: 0.71, Recall: 0.80, F1: 0.75, AUC: 0.82
Epoch [8/100] [TRAIN] Loss: 0.5996, Accuracy: 72.30%, AUC: 0.79 [VAL] Loss: 0.5610, Accuracy: 73.20%, Precision: 0.71, Recall: 0.80, F1: 0.75, AUC: 0.82
Epoch [9/100] [TRAIN] Loss: 0.5971, Accuracy: 72.26%, AUC: 0.79 [VAL] Loss: 0.5598, Accuracy: 73.00%, Precision: 0.71, Recall: 0.80, F1: 0.75, AUC: 0.82
Epoch [10/100] [TRAIN] Loss: 0.5966, Accuracy: 72.29%, AUC: 0.79 [VAL] Loss: 0.5590, Accuracy: 73.10%, Precision: 0.71, Recall: 0.80, F1: 0.75, AUC: 0.82
Epoch [11/100] [TRAIN] Loss: 0.5929, Accuracy: 72.30%, AUC: 0.79 [VAL] Loss: 0.5580, Accuracy: 73.10%, Precision: 0.71, Recall: 0.80, F1: 0.75, AUC: 0.82
Epoch [12/100] [TRAIN] Loss: 0.5968, Accuracy: 72.56%, AUC: 0.79 [VAL] Loss: 0.5581, Accuracy: 73.20%, Precision: 0.71, Recall: 0.80, F1: 0.75, AUC: 0.82
Epoch [13/100] [TRAIN] Loss: 0.5909, Accuracy: 73.08%, AUC: 0.80 [VAL] Loss: 0.5572, Accuracy: 73.00%, Precision: 0.71, Recall: 0.80, F1: 0.75, AUC: 0.82
Epoch [14/100] [TRAIN] Loss: 0.5898, Accuracy: 72.31%, AUC: 0.80 [VAL] Loss: 0.5566, Accuracy: 73.10%, Precision: 0.71, Recall: 0.80, F1: 0.75, AUC: 0.82
Epoch [15/100] [TRAIN] Loss: 0.5916, Accuracy: 72.61%, AUC: 0.80 [VAL] Loss: 0.5560, Accuracy: 73.20%, Precision: 0.71, Recall: 0.80, F1: 0.75, AUC: 0.82
Epoch [16/100] [TRAIN] Loss: 0.5826, Accuracy: 73.24%, AUC: 0.80 [VAL] Loss: 0.5547, Accuracy: 73.10%, Precision: 0.71, Recall: 0.80, F1: 0.75, AUC: 0.82
Epoch [17/100] [TRAIN] Loss: 0.5864, Accuracy: 73.08%, AUC: 0.80 [VAL] Loss: 0.5549, Accuracy: 73.10%, Precision: 0.71, Recall: 0.80, F1: 0.75, AUC: 0.82
Epoch [18/100] [TRAIN] Loss: 0.5833, Accuracy: 72.86%, AUC: 0.80 [VAL] Loss: 0.5542, Accuracy: 73.10%, Precision: 0.71, Recall: 0.80, F1: 0.75, AUC: 0.82
Epoch [19/100] [TRAIN] Loss: 0.5809, Accuracy: 73.19%, AUC: 0.80 [VAL] Loss: 0.5536, Accuracy: 73.00%, Precision: 0.71, Recall: 0.80, F1: 0.75, AUC: 0.82
Epoch [20/100] [TRAIN] Loss: 0.5847, Accuracy: 72.14%, AUC: 0.80 [VAL] Loss: 0.5536, Accuracy: 72.90%, Precision: 0.71, Recall: 0.80, F1: 0.75, AUC: 0.82
Epoch [21/100] [TRAIN] Loss: 0.5840, Accuracy: 73.34%, AUC: 0.80 [VAL] Loss: 0.5537, Accuracy: 73.10%, Precision: 0.71, Recall: 0.80, F1: 0.75, AUC: 0.82
Epoch [22/100] [TRAIN] Loss: 0.5814, Accuracy: 73.05%, AUC: 0.80 [VAL] Loss: 0.5526, Accuracy: 73.20%, Precision: 0.71, Recall: 0.80, F1: 0.75, AUC: 0.82
Epoch [23/100] [TRAIN] Loss: 0.5816, Accuracy: 72.90%, AUC: 0.80 [VAL] Loss: 0.5526, Accuracy: 73.10%, Precision: 0.71, Recall: 0.80, F1: 0.75, AUC: 0.82
Epoch [24/100] [TRAIN] Loss: 0.5788, Accuracy: 72.99%, AUC: 0.80 [VAL] Loss: 0.5519, Accuracy: 73.20%, Precision: 0.71, Recall: 0.80, F1: 0.75, AUC: 0.82
Epoch [25/100] [TRAIN] Loss: 0.5803, Accuracy: 73.03%, AUC: 0.80 [VAL] Loss: 0.5519, Accuracy: 73.20%, Precision: 0.71, Recall: 0.80, F1: 0.75, AUC: 0.82
Epoch [26/100] [TRAIN] Loss: 0.5801, Accuracy: 72.69%, AUC: 0.80 [VAL] Loss: 0.5513, Accuracy: 73.20%, Precision: 0.71, Recall: 0.80, F1: 0.75, AUC: 0.82
Epoch [27/100] [TRAIN] Loss: 0.5799, Accuracy: 73.19%, AUC: 0.80 [VAL] Loss: 0.5511, Accuracy: 73.20%, Precision: 0.71, Recall: 0.80, F1: 0.75, AUC: 0.82
Epoch [28/100] [TRAIN] Loss: 0.5810, Accuracy: 72.71%, AUC: 0.80 [VAL] Loss: 0.5509, Accuracy: 73.10%, Precision: 0.71, Recall: 0.80, F1: 0.75, AUC: 0.82
Epoch [29/100] [TRAIN] Loss: 0.5774, Accuracy: 72.92%, AUC: 0.80 [VAL] Loss: 0.5504, Accuracy: 73.10%, Precision: 0.71, Recall: 0.80, F1: 0.75, AUC: 0.82
Epoch [30/100] [TRAIN] Loss: 0.5775, Accuracy: 72.53%, AUC: 0.80 [VAL] Loss: 0.5501, Accuracy: 73.30%, Precision: 0.71, Recall: 0.80, F1: 0.75, AUC: 0.82
Epoch [31/100] [TRAIN] Loss: 0.5783, Accuracy: 73.20%, AUC: 0.81 [VAL] Loss: 0.5501, Accuracy: 73.10%, Precision: 0.71, Recall: 0.80, F1: 0.75, AUC: 0.82
Epoch [32/100] [TRAIN] Loss: 0.5797, Accuracy: 72.84%, AUC: 0.80 [VAL] Loss: 0.5498, Accuracy: 73.20%, Precision: 0.71, Recall: 0.80, F1: 0.75, AUC: 0.82
Epoch [33/100] [TRAIN] Loss: 0.5739, Accuracy: 73.26%, AUC: 0.81 [VAL] Loss: 0.5491, Accuracy: 73.00%, Precision: 0.71, Recall: 0.80, F1: 0.75, AUC: 0.82
Epoch [34/100] [TRAIN] Loss: 0.5723, Accuracy: 73.41%, AUC: 0.81 [VAL] Loss: 0.5486, Accuracy: 73.00%, Precision: 0.70, Recall: 0.80, F1: 0.75, AUC: 0.82
Epoch [35/100] [TRAIN] Loss: 0.5756, Accuracy: 73.06%, AUC: 0.81 [VAL] Loss: 0.5484, Accuracy: 73.00%, Precision: 0.70, Recall: 0.80, F1: 0.75, AUC: 0.82
Epoch [36/100] [TRAIN] Loss: 0.5741, Accuracy: 73.12%, AUC: 0.81 [VAL] Loss: 0.5483, Accuracy: 73.00%, Precision: 0.70, Recall: 0.80, F1: 0.75, AUC: 0.82
Epoch [37/100] [TRAIN] Loss: 0.5730, Accuracy: 72.92%, AUC: 0.81 [VAL] Loss: 0.5483, Accuracy: 73.00%, Precision: 0.70, Recall: 0.80, F1: 0.75, AUC: 0.82
Epoch [38/100] [TRAIN] Loss: 0.5733, Accuracy: 72.91%, AUC: 0.81 [VAL] Loss: 0.5478, Accuracy: 73.00%, Precision: 0.70, Recall: 0.80, F1: 0.75, AUC: 0.82
Epoch [39/100] [TRAIN] Loss: 0.5725, Accuracy: 73.40%, AUC: 0.81 [VAL] Loss: 0.5472, Accuracy: 73.00%, Precision: 0.70, Recall: 0.80, F1: 0.75, AUC: 0.82
Epoch [40/100] [TRAIN] Loss: 0.5745, Accuracy: 73.21%, AUC: 0.81 [VAL] Loss: 0.5476, Accuracy: 73.00%, Precision: 0.70, Recall: 0.80, F1: 0.75, AUC: 0.82
Epoch [41/100] [TRAIN] Loss: 0.5722, Accuracy: 73.44%, AUC: 0.81 [VAL] Loss: 0.5474, Accuracy: 72.90%, Precision: 0.70, Recall: 0.80, F1: 0.75, AUC: 0.82
Epoch [42/100] [TRAIN] Loss: 0.5735, Accuracy: 73.14%, AUC: 0.81 [VAL] Loss: 0.5471, Accuracy: 72.90%, Precision: 0.70, Recall: 0.80, F1: 0.75, AUC: 0.82
Epoch [43/100] [TRAIN] Loss: 0.5726, Accuracy: 73.19%, AUC: 0.81 [VAL] Loss: 0.5469, Accuracy: 72.90%, Precision: 0.70, Recall: 0.80, F1: 0.75, AUC: 0.82
Epoch [44/100] [TRAIN] Loss: 0.5756, Accuracy: 72.81%, AUC: 0.80 [VAL] Loss: 0.5470, Accuracy: 72.90%, Precision: 0.70, Recall: 0.80, F1: 0.75, AUC: 0.82
Epoch [45/100] [TRAIN] Loss: 0.5702, Accuracy: 72.92%, AUC: 0.81 [VAL] Loss: 0.5466, Accuracy: 72.90%, Precision: 0.70, Recall: 0.80, F1: 0.75, AUC: 0.82
Epoch [46/100] [TRAIN] Loss: 0.5738, Accuracy: 72.76%, AUC: 0.81 [VAL] Loss: 0.5467, Accuracy: 72.90%, Precision: 0.70, Recall: 0.80, F1: 0.75, AUC: 0.82
Epoch [47/100] [TRAIN] Loss: 0.5695, Accuracy: 73.56%, AUC: 0.81 [VAL] Loss: 0.5461, Accuracy: 72.90%, Precision: 0.70, Recall: 0.80, F1: 0.75, AUC: 0.82
Epoch [48/100] [TRAIN] Loss: 0.5685, Accuracy: 73.36%, AUC: 0.81 [VAL] Loss: 0.5455, Accuracy: 73.00%, Precision: 0.70, Recall: 0.80, F1: 0.75, AUC: 0.82
Epoch [49/100] [TRAIN] Loss: 0.5713, Accuracy: 72.96%, AUC: 0.81 [VAL] Loss: 0.5454, Accuracy: 73.00%, Precision: 0.70, Recall: 0.80, F1: 0.75, AUC: 0.82
Epoch [50/100] [TRAIN] Loss: 0.5683, Accuracy: 73.05%, AUC: 0.81 [VAL] Loss: 0.5451, Accuracy: 73.00%, Precision: 0.70, Recall: 0.80, F1: 0.75, AUC: 0.82
Epoch [51/100] [TRAIN] Loss: 0.5639, Accuracy: 73.53%, AUC: 0.81 [VAL] Loss: 0.5448, Accuracy: 73.10%, Precision: 0.71, Recall: 0.80, F1: 0.75, AUC: 0.82
Epoch [52/100] [TRAIN] Loss: 0.5705, Accuracy: 73.60%, AUC: 0.81 [VAL] Loss: 0.5450, Accuracy: 73.20%, Precision: 0.71, Recall: 0.81, F1: 0.75, AUC: 0.82
Epoch [53/100] [TRAIN] Loss: 0.5704, Accuracy: 73.24%, AUC: 0.81 [VAL] Loss: 0.5450, Accuracy: 73.20%, Precision: 0.71, Recall: 0.81, F1: 0.75, AUC: 0.82
Epoch [54/100] [TRAIN] Loss: 0.5690, Accuracy: 72.71%, AUC: 0.81 [VAL] Loss: 0.5449, Accuracy: 73.20%, Precision: 0.71, Recall: 0.81, F1: 0.75, AUC: 0.82
Epoch [55/100] [TRAIN] Loss: 0.5675, Accuracy: 73.26%, AUC: 0.81 [VAL] Loss: 0.5445, Accuracy: 73.10%, Precision: 0.71, Recall: 0.80, F1: 0.75, AUC: 0.82
Epoch [56/100] [TRAIN] Loss: 0.5665, Accuracy: 73.12%, AUC: 0.81 [VAL] Loss: 0.5441, Accuracy: 73.10%, Precision: 0.71, Recall: 0.80, F1: 0.75, AUC: 0.82
Epoch [57/100] [TRAIN] Loss: 0.5701, Accuracy: 73.34%, AUC: 0.81 [VAL] Loss: 0.5443, Accuracy: 73.10%, Precision: 0.71, Recall: 0.80, F1: 0.75, AUC: 0.83
Epoch [58/100] [TRAIN] Loss: 0.5683, Accuracy: 73.36%, AUC: 0.81 [VAL] Loss: 0.5439, Accuracy: 73.10%, Precision: 0.71, Recall: 0.80, F1: 0.75, AUC: 0.83
Epoch [59/100] [TRAIN] Loss: 0.5679, Accuracy: 73.16%, AUC: 0.81 [VAL] Loss: 0.5437, Accuracy: 73.20%, Precision: 0.71, Recall: 0.81, F1: 0.75, AUC: 0.83
Epoch [60/100] [TRAIN] Loss: 0.5630, Accuracy: 73.24%, AUC: 0.81 [VAL] Loss: 0.5430, Accuracy: 73.10%, Precision: 0.71, Recall: 0.80, F1: 0.75, AUC: 0.83
Epoch [61/100] [TRAIN] Loss: 0.5687, Accuracy: 72.49%, AUC: 0.81 [VAL] Loss: 0.5429, Accuracy: 73.10%, Precision: 0.71, Recall: 0.80, F1: 0.75, AUC: 0.83
Epoch [62/100] [TRAIN] Loss: 0.5656, Accuracy: 73.45%, AUC: 0.81 [VAL] Loss: 0.5427, Accuracy: 73.10%, Precision: 0.71, Recall: 0.80, F1: 0.75, AUC: 0.83
Epoch [63/100] [TRAIN] Loss: 0.5642, Accuracy: 73.22%, AUC: 0.81 [VAL] Loss: 0.5424, Accuracy: 73.10%, Precision: 0.71, Recall: 0.80, F1: 0.75, AUC: 0.83
Epoch [64/100] [TRAIN] Loss: 0.5603, Accuracy: 73.80%, AUC: 0.82 [VAL] Loss: 0.5417, Accuracy: 73.10%, Precision: 0.71, Recall: 0.80, F1: 0.75, AUC: 0.83
Epoch [65/100] [TRAIN] Loss: 0.5635, Accuracy: 73.62%, AUC: 0.81 [VAL] Loss: 0.5419, Accuracy: 73.10%, Precision: 0.71, Recall: 0.80, F1: 0.75, AUC: 0.83
Epoch [66/100] [TRAIN] Loss: 0.5632, Accuracy: 73.01%, AUC: 0.81 [VAL] Loss: 0.5414, Accuracy: 73.10%, Precision: 0.71, Recall: 0.80, F1: 0.75, AUC: 0.83
Epoch [67/100] [TRAIN] Loss: 0.5614, Accuracy: 73.28%, AUC: 0.81 [VAL] Loss: 0.5409, Accuracy: 73.10%, Precision: 0.71, Recall: 0.80, F1: 0.75, AUC: 0.83
Epoch [68/100] [TRAIN] Loss: 0.5659, Accuracy: 73.11%, AUC: 0.81 [VAL] Loss: 0.5411, Accuracy: 73.20%, Precision: 0.71, Recall: 0.80, F1: 0.75, AUC: 0.83
Epoch [69/100] [TRAIN] Loss: 0.5623, Accuracy: 73.04%, AUC: 0.81 [VAL] Loss: 0.5409, Accuracy: 73.10%, Precision: 0.71, Recall: 0.80, F1: 0.75, AUC: 0.83
Epoch [70/100] [TRAIN] Loss: 0.5609, Accuracy: 73.69%, AUC: 0.82 [VAL] Loss: 0.5404, Accuracy: 73.20%, Precision: 0.71, Recall: 0.81, F1: 0.75, AUC: 0.83
Epoch [71/100] [TRAIN] Loss: 0.5623, Accuracy: 73.55%, AUC: 0.81 [VAL] Loss: 0.5403, Accuracy: 73.30%, Precision: 0.71, Recall: 0.81, F1: 0.75, AUC: 0.83
Epoch [72/100] [TRAIN] Loss: 0.5600, Accuracy: 73.74%, AUC: 0.82 [VAL] Loss: 0.5398, Accuracy: 73.30%, Precision: 0.71, Recall: 0.81, F1: 0.75, AUC: 0.83
Epoch [73/100] [TRAIN] Loss: 0.5611, Accuracy: 72.92%, AUC: 0.81 [VAL] Loss: 0.5397, Accuracy: 73.30%, Precision: 0.71, Recall: 0.81, F1: 0.75, AUC: 0.83
Epoch [74/100] [TRAIN] Loss: 0.5630, Accuracy: 73.06%, AUC: 0.81 [VAL] Loss: 0.5396, Accuracy: 73.20%, Precision: 0.71, Recall: 0.80, F1: 0.75, AUC: 0.83
Epoch [75/100] [TRAIN] Loss: 0.5615, Accuracy: 73.38%, AUC: 0.81 [VAL] Loss: 0.5392, Accuracy: 73.30%, Precision: 0.71, Recall: 0.81, F1: 0.75, AUC: 0.83
Epoch [76/100] [TRAIN] Loss: 0.5600, Accuracy: 72.80%, AUC: 0.81 [VAL] Loss: 0.5388, Accuracy: 73.30%, Precision: 0.71, Recall: 0.81, F1: 0.75, AUC: 0.83
Epoch [77/100] [TRAIN] Loss: 0.5588, Accuracy: 72.85%, AUC: 0.82 [VAL] Loss: 0.5387, Accuracy: 73.20%, Precision: 0.71, Recall: 0.80, F1: 0.75, AUC: 0.83
Epoch [78/100] [TRAIN] Loss: 0.5607, Accuracy: 72.81%, AUC: 0.81 [VAL] Loss: 0.5384, Accuracy: 73.30%, Precision: 0.71, Recall: 0.81, F1: 0.75, AUC: 0.83
Epoch [79/100] [TRAIN] Loss: 0.5581, Accuracy: 73.54%, AUC: 0.82 [VAL] Loss: 0.5380, Accuracy: 73.20%, Precision: 0.71, Recall: 0.80, F1: 0.75, AUC: 0.83
Epoch [80/100] [TRAIN] Loss: 0.5585, Accuracy: 73.26%, AUC: 0.82 [VAL] Loss: 0.5380, Accuracy: 73.20%, Precision: 0.71, Recall: 0.80, F1: 0.75, AUC: 0.83
Epoch [81/100] [TRAIN] Loss: 0.5574, Accuracy: 73.09%, AUC: 0.82 [VAL] Loss: 0.5376, Accuracy: 73.10%, Precision: 0.71, Recall: 0.80, F1: 0.75, AUC: 0.83
Epoch [82/100] [TRAIN] Loss: 0.5567, Accuracy: 73.71%, AUC: 0.82 [VAL] Loss: 0.5374, Accuracy: 73.10%, Precision: 0.71, Recall: 0.80, F1: 0.75, AUC: 0.83
Epoch [83/100] [TRAIN] Loss: 0.5564, Accuracy: 73.99%, AUC: 0.82 [VAL] Loss: 0.5373, Accuracy: 73.30%, Precision: 0.71, Recall: 0.81, F1: 0.75, AUC: 0.83
Epoch [84/100] [TRAIN] Loss: 0.5579, Accuracy: 73.71%, AUC: 0.82 [VAL] Loss: 0.5371, Accuracy: 73.30%, Precision: 0.71, Recall: 0.81, F1: 0.75, AUC: 0.83
Epoch [85/100] [TRAIN] Loss: 0.5581, Accuracy: 73.69%, AUC: 0.82 [VAL] Loss: 0.5371, Accuracy: 73.10%, Precision: 0.71, Recall: 0.80, F1: 0.75, AUC: 0.83
Epoch [86/100] [TRAIN] Loss: 0.5553, Accuracy: 73.67%, AUC: 0.82 [VAL] Loss: 0.5367, Accuracy: 73.30%, Precision: 0.71, Recall: 0.81, F1: 0.75, AUC: 0.83
Epoch [87/100] [TRAIN] Loss: 0.5569, Accuracy: 73.34%, AUC: 0.82 [VAL] Loss: 0.5367, Accuracy: 73.20%, Precision: 0.71, Recall: 0.80, F1: 0.75, AUC: 0.83
Epoch [88/100] [TRAIN] Loss: 0.5577, Accuracy: 73.67%, AUC: 0.82 [VAL] Loss: 0.5364, Accuracy: 73.30%, Precision: 0.71, Recall: 0.81, F1: 0.75, AUC: 0.83
Epoch [89/100] [TRAIN] Loss: 0.5553, Accuracy: 73.29%, AUC: 0.82 [VAL] Loss: 0.5357, Accuracy: 73.30%, Precision: 0.71, Recall: 0.81, F1: 0.75, AUC: 0.83
Epoch [90/100] [TRAIN] Loss: 0.5561, Accuracy: 73.99%, AUC: 0.82 [VAL] Loss: 0.5358, Accuracy: 73.20%, Precision: 0.71, Recall: 0.80, F1: 0.75, AUC: 0.83
Epoch [91/100] [TRAIN] Loss: 0.5551, Accuracy: 74.10%, AUC: 0.82 [VAL] Loss: 0.5354, Accuracy: 73.20%, Precision: 0.71, Recall: 0.80, F1: 0.75, AUC: 0.83
Epoch [92/100] [TRAIN] Loss: 0.5549, Accuracy: 73.44%, AUC: 0.82 [VAL] Loss: 0.5354, Accuracy: 73.10%, Precision: 0.71, Recall: 0.80, F1: 0.75, AUC: 0.83
Epoch [93/100] [TRAIN] Loss: 0.5545, Accuracy: 73.28%, AUC: 0.82 [VAL] Loss: 0.5348, Accuracy: 73.20%, Precision: 0.71, Recall: 0.80, F1: 0.75, AUC: 0.83
Epoch [94/100] [TRAIN] Loss: 0.5537, Accuracy: 73.09%, AUC: 0.82 [VAL] Loss: 0.5343, Accuracy: 73.20%, Precision: 0.71, Recall: 0.80, F1: 0.75, AUC: 0.83
Epoch [95/100] [TRAIN] Loss: 0.5552, Accuracy: 73.30%, AUC: 0.82 [VAL] Loss: 0.5342, Accuracy: 73.30%, Precision: 0.71, Recall: 0.81, F1: 0.75, AUC: 0.83
Epoch [96/100] [TRAIN] Loss: 0.5534, Accuracy: 73.45%, AUC: 0.82 [VAL] Loss: 0.5341, Accuracy: 73.20%, Precision: 0.71, Recall: 0.80, F1: 0.75, AUC: 0.83
Epoch [97/100] [TRAIN] Loss: 0.5540, Accuracy: 72.78%, AUC: 0.82 [VAL] Loss: 0.5340, Accuracy: 73.10%, Precision: 0.70, Recall: 0.81, F1: 0.75, AUC: 0.83
Epoch [98/100] [TRAIN] Loss: 0.5533, Accuracy: 73.39%, AUC: 0.82 [VAL] Loss: 0.5340, Accuracy: 73.10%, Precision: 0.71, Recall: 0.80, F1: 0.75, AUC: 0.83
Epoch [99/100] [TRAIN] Loss: 0.5546, Accuracy: 73.65%, AUC: 0.82 [VAL] Loss: 0.5339, Accuracy: 73.10%, Precision: 0.71, Recall: 0.80, F1: 0.75, AUC: 0.83
Epoch [100/100] [TRAIN] Loss: 0.5529, Accuracy: 73.11%, AUC: 0.82 [VAL] Loss: 0.5334, Accuracy: 73.10%, Precision: 0.71, Recall: 0.80, F1: 0.75, AUC: 0.83
  Antisymmetry score (raw):        0.8760
  Antisymmetry score (confident):  1.0000
  Total violations:                124 / 1000
  Pairs near boundary:             218 (21.8%)
  Avg |prob-0.5| at violation:     0.0000

--- Training baselines (LogisticRegression, RandomForest, SVM) ---

  Training LogisticRegression...
  Val accuracy: 73.10%

  [LogisticRegression]  Accuracy: 72.80%  AUC: 0.7912  Precision: 0.7632  Recall: 0.6484  F1: 0.7011  Antisym: 0.7420

  Training RandomForest...
  Val accuracy: 74.00%

  [RandomForest]  Accuracy: 74.20%  AUC: 0.8242  Precision: 0.7786  Recall: 0.6646  F1: 0.7171  Antisym: 0.7910

  Training SVM_Linear...
  Val accuracy: 72.30%

  [SVM_Linear]  Accuracy: 72.80%  AUC: 0.7921  Precision: 0.7644  Recall: 0.6463  F1: 0.7004  Antisym: 0.7430
Seed: 123
=== DirectRanker ===
Accuracy:  71.20 %
AUC:       0.8192
Precision: 0.6821
Recall:    0.7764
F1-Score:  0.7262
Antisymmetry score:  0.8760  (1.0 = perfect, ~0.5 = random)

Detailed Classification Report:
              precision    recall  f1-score   support

           0       0.75      0.65      0.70       508
           1       0.68      0.78      0.73       492

    accuracy                           0.71      1000
   macro avg       0.72      0.71      0.71      1000
weighted avg       0.72      0.71      0.71      1000


Confusion Matrix:
[[330 178]
 [110 382]]

=== LogisticRegression ===
Accuracy:  72.80 %
AUC:       0.7912
Precision: 0.7632
Recall:    0.6484
F1-Score:  0.7011
Antisymmetry score:  0.7420
Confusion Matrix:
[[409  99]
 [173 319]]

=== RandomForest ===
Accuracy:  74.20 %
AUC:       0.8242
Precision: 0.7786
Recall:    0.6646
F1-Score:  0.7171
Antisymmetry score:  0.7910
Confusion Matrix:
[[415  93]
 [165 327]]

=== SVM_Linear ===
Accuracy:  72.80 %
AUC:       0.7921
Precision: 0.7644
Recall:    0.6463
F1-Score:  0.7004
Antisymmetry score:  0.7430
Confusion Matrix:
[[410  98]
 [174 318]]

Saved combined test metrics: /group/pmc021/amunif/epi-thesis/workflow/16_Pairwise Ranking Healthy Liver/output/combined/donor_4/test/014-H3K27ac-H3K27me3-seed123-test-metrics.csv
Saved combined ROC plot: /group/pmc021/amunif/epi-thesis/workflow/16_Pairwise Ranking Healthy Liver/output/combined/donor_4/img/roc/014-H3K27ac-H3K27me3-seed123-roc-combined.png

Finished 014-H3K27ac-H3K27me3 (seed 123)

======================================================================
015-H3K4me3-H3K9ac-H3K9me3
======================================================================
Train label distribution:
  Label 0:   4091 (51.1%)
  Label 1:   3909 (48.9%)
Val label distribution:
  Label 0:    494 (49.4%)
  Label 1:    506 (50.6%)
Test label distribution:
  Label 0:    508 (50.8%)
  Label 1:    492 (49.2%)

--- Training DirectRanker ---
Epoch [1/100] [TRAIN] Loss: 0.6564, Accuracy: 67.60%, AUC: 0.73 [VAL] Loss: 0.5730, Accuracy: 73.50%, Precision: 0.72, Recall: 0.79, F1: 0.75, AUC: 0.82
Epoch [2/100] [TRAIN] Loss: 0.6192, Accuracy: 71.05%, AUC: 0.77 [VAL] Loss: 0.5528, Accuracy: 74.00%, Precision: 0.72, Recall: 0.79, F1: 0.75, AUC: 0.83
Epoch [3/100] [TRAIN] Loss: 0.6054, Accuracy: 71.71%, AUC: 0.78 [VAL] Loss: 0.5442, Accuracy: 74.30%, Precision: 0.72, Recall: 0.79, F1: 0.76, AUC: 0.83
Epoch [4/100] [TRAIN] Loss: 0.6000, Accuracy: 72.35%, AUC: 0.79 [VAL] Loss: 0.5429, Accuracy: 74.40%, Precision: 0.73, Recall: 0.79, F1: 0.76, AUC: 0.83
Epoch [5/100] [TRAIN] Loss: 0.5971, Accuracy: 71.90%, AUC: 0.79 [VAL] Loss: 0.5410, Accuracy: 74.10%, Precision: 0.72, Recall: 0.79, F1: 0.76, AUC: 0.83
Epoch [6/100] [TRAIN] Loss: 0.5933, Accuracy: 72.38%, AUC: 0.79 [VAL] Loss: 0.5397, Accuracy: 74.20%, Precision: 0.72, Recall: 0.79, F1: 0.76, AUC: 0.83
Epoch [7/100] [TRAIN] Loss: 0.5877, Accuracy: 72.60%, AUC: 0.80 [VAL] Loss: 0.5362, Accuracy: 74.50%, Precision: 0.73, Recall: 0.79, F1: 0.76, AUC: 0.83
Epoch [8/100] [TRAIN] Loss: 0.5906, Accuracy: 72.54%, AUC: 0.79 [VAL] Loss: 0.5359, Accuracy: 74.60%, Precision: 0.73, Recall: 0.79, F1: 0.76, AUC: 0.84
Epoch [9/100] [TRAIN] Loss: 0.5853, Accuracy: 72.83%, AUC: 0.80 [VAL] Loss: 0.5346, Accuracy: 74.60%, Precision: 0.73, Recall: 0.79, F1: 0.76, AUC: 0.84
Epoch [10/100] [TRAIN] Loss: 0.5862, Accuracy: 72.55%, AUC: 0.80 [VAL] Loss: 0.5349, Accuracy: 74.60%, Precision: 0.73, Recall: 0.79, F1: 0.76, AUC: 0.84
Epoch [11/100] [TRAIN] Loss: 0.5834, Accuracy: 72.36%, AUC: 0.80 [VAL] Loss: 0.5344, Accuracy: 74.80%, Precision: 0.73, Recall: 0.79, F1: 0.76, AUC: 0.84
Epoch [12/100] [TRAIN] Loss: 0.5781, Accuracy: 73.05%, AUC: 0.80 [VAL] Loss: 0.5329, Accuracy: 74.60%, Precision: 0.73, Recall: 0.79, F1: 0.76, AUC: 0.84
Epoch [13/100] [TRAIN] Loss: 0.5778, Accuracy: 73.25%, AUC: 0.80 [VAL] Loss: 0.5322, Accuracy: 74.90%, Precision: 0.73, Recall: 0.79, F1: 0.76, AUC: 0.84
Epoch [14/100] [TRAIN] Loss: 0.5810, Accuracy: 73.03%, AUC: 0.80 [VAL] Loss: 0.5337, Accuracy: 74.70%, Precision: 0.73, Recall: 0.79, F1: 0.76, AUC: 0.84
Epoch [15/100] [TRAIN] Loss: 0.5753, Accuracy: 73.09%, AUC: 0.80 [VAL] Loss: 0.5317, Accuracy: 74.80%, Precision: 0.73, Recall: 0.79, F1: 0.76, AUC: 0.84
Epoch [16/100] [TRAIN] Loss: 0.5762, Accuracy: 72.40%, AUC: 0.80 [VAL] Loss: 0.5325, Accuracy: 74.80%, Precision: 0.73, Recall: 0.79, F1: 0.76, AUC: 0.84
Epoch [17/100] [TRAIN] Loss: 0.5723, Accuracy: 73.30%, AUC: 0.81 [VAL] Loss: 0.5309, Accuracy: 74.70%, Precision: 0.73, Recall: 0.79, F1: 0.76, AUC: 0.84
Epoch [18/100] [TRAIN] Loss: 0.5736, Accuracy: 73.75%, AUC: 0.81 [VAL] Loss: 0.5324, Accuracy: 74.70%, Precision: 0.73, Recall: 0.79, F1: 0.76, AUC: 0.84
Epoch [19/100] [TRAIN] Loss: 0.5748, Accuracy: 73.17%, AUC: 0.80 [VAL] Loss: 0.5320, Accuracy: 74.70%, Precision: 0.73, Recall: 0.79, F1: 0.76, AUC: 0.84
Epoch [20/100] [TRAIN] Loss: 0.5739, Accuracy: 72.64%, AUC: 0.80 [VAL] Loss: 0.5326, Accuracy: 74.60%, Precision: 0.73, Recall: 0.79, F1: 0.76, AUC: 0.84
Epoch [21/100] [TRAIN] Loss: 0.5676, Accuracy: 73.28%, AUC: 0.81 [VAL] Loss: 0.5304, Accuracy: 74.60%, Precision: 0.73, Recall: 0.79, F1: 0.76, AUC: 0.84
Epoch [22/100] [TRAIN] Loss: 0.5685, Accuracy: 73.33%, AUC: 0.81 [VAL] Loss: 0.5308, Accuracy: 74.80%, Precision: 0.73, Recall: 0.79, F1: 0.76, AUC: 0.84
Epoch [23/100] [TRAIN] Loss: 0.5691, Accuracy: 73.38%, AUC: 0.81 [VAL] Loss: 0.5304, Accuracy: 74.70%, Precision: 0.73, Recall: 0.79, F1: 0.76, AUC: 0.84
Epoch [24/100] [TRAIN] Loss: 0.5733, Accuracy: 72.85%, AUC: 0.80 [VAL] Loss: 0.5315, Accuracy: 74.60%, Precision: 0.73, Recall: 0.79, F1: 0.76, AUC: 0.83
Epoch [25/100] [TRAIN] Loss: 0.5711, Accuracy: 73.31%, AUC: 0.81 [VAL] Loss: 0.5317, Accuracy: 74.80%, Precision: 0.73, Recall: 0.79, F1: 0.76, AUC: 0.84
Epoch [26/100] [TRAIN] Loss: 0.5675, Accuracy: 73.42%, AUC: 0.81 [VAL] Loss: 0.5312, Accuracy: 75.00%, Precision: 0.73, Recall: 0.79, F1: 0.76, AUC: 0.84
Epoch [27/100] [TRAIN] Loss: 0.5682, Accuracy: 73.24%, AUC: 0.81 [VAL] Loss: 0.5306, Accuracy: 74.90%, Precision: 0.73, Recall: 0.79, F1: 0.76, AUC: 0.84
Epoch [28/100] [TRAIN] Loss: 0.5669, Accuracy: 73.30%, AUC: 0.81 [VAL] Loss: 0.5306, Accuracy: 74.90%, Precision: 0.73, Recall: 0.79, F1: 0.76, AUC: 0.84
Epoch [29/100] [TRAIN] Loss: 0.5716, Accuracy: 72.95%, AUC: 0.81 [VAL] Loss: 0.5306, Accuracy: 74.90%, Precision: 0.73, Recall: 0.79, F1: 0.76, AUC: 0.84
Epoch [30/100] [TRAIN] Loss: 0.5658, Accuracy: 73.25%, AUC: 0.81 [VAL] Loss: 0.5306, Accuracy: 74.90%, Precision: 0.73, Recall: 0.79, F1: 0.76, AUC: 0.84
Epoch [31/100] [TRAIN] Loss: 0.5707, Accuracy: 73.12%, AUC: 0.81 [VAL] Loss: 0.5307, Accuracy: 74.90%, Precision: 0.73, Recall: 0.79, F1: 0.76, AUC: 0.84
  Early stopping at epoch 31 (no val_loss improvement for 10 epochs)
  Antisymmetry score (raw):        0.9100
  Antisymmetry score (confident):  1.0000
  Total violations:                90 / 1000
  Pairs near boundary:             197 (19.7%)
  Avg |prob-0.5| at violation:     0.0000

--- Training baselines (LogisticRegression, RandomForest, SVM) ---

  Training LogisticRegression...
  Val accuracy: 73.90%

  [LogisticRegression]  Accuracy: 70.50%  AUC: 0.7768  Precision: 0.7254  Recall: 0.6443  F1: 0.6825  Antisym: 0.7720

  Training RandomForest...
  Val accuracy: 76.50%

  [RandomForest]  Accuracy: 74.80%  AUC: 0.8335  Precision: 0.7752  Recall: 0.6870  F1: 0.7284  Antisym: 0.8180

  Training SVM_Linear...
  Val accuracy: 73.10%

  [SVM_Linear]  Accuracy: 70.50%  AUC: 0.7728  Precision: 0.7307  Recall: 0.6341  F1: 0.6790  Antisym: 0.7520
Seed: 123
=== DirectRanker ===
Accuracy:  73.30 %
AUC:       0.8196
Precision: 0.7095
Recall:    0.7744
F1-Score:  0.7405
Antisymmetry score:  0.9100  (1.0 = perfect, ~0.5 = random)

Detailed Classification Report:
              precision    recall  f1-score   support

           0       0.76      0.69      0.73       508
           1       0.71      0.77      0.74       492

    accuracy                           0.73      1000
   macro avg       0.73      0.73      0.73      1000
weighted avg       0.74      0.73      0.73      1000


Confusion Matrix:
[[352 156]
 [111 381]]

=== LogisticRegression ===
Accuracy:  70.50 %
AUC:       0.7768
Precision: 0.7254
Recall:    0.6443
F1-Score:  0.6825
Antisymmetry score:  0.7720
Confusion Matrix:
[[388 120]
 [175 317]]

=== RandomForest ===
Accuracy:  74.80 %
AUC:       0.8335
Precision: 0.7752
Recall:    0.6870
F1-Score:  0.7284
Antisymmetry score:  0.8180
Confusion Matrix:
[[410  98]
 [154 338]]

=== SVM_Linear ===
Accuracy:  70.50 %
AUC:       0.7728
Precision: 0.7307
Recall:    0.6341
F1-Score:  0.6790
Antisymmetry score:  0.7520
Confusion Matrix:
[[393 115]
 [180 312]]

Saved combined test metrics: /group/pmc021/amunif/epi-thesis/workflow/16_Pairwise Ranking Healthy Liver/output/combined/donor_4/test/015-H3K4me3-H3K9ac-H3K9me3-seed123-test-metrics.csv
Saved combined ROC plot: /group/pmc021/amunif/epi-thesis/workflow/16_Pairwise Ranking Healthy Liver/output/combined/donor_4/img/roc/015-H3K4me3-H3K9ac-H3K9me3-seed123-roc-combined.png

Finished 015-H3K4me3-H3K9ac-H3K9me3 (seed 123)

======================================================================
016-H3K4me3-H3K9ac-H3K27ac
======================================================================
Train label distribution:
  Label 0:   4091 (51.1%)
  Label 1:   3909 (48.9%)
Val label distribution:
  Label 0:    494 (49.4%)
  Label 1:    506 (50.6%)
Test label distribution:
  Label 0:    508 (50.8%)
  Label 1:    492 (49.2%)

--- Training DirectRanker ---
Epoch [1/100] [TRAIN] Loss: 0.6675, Accuracy: 64.20%, AUC: 0.70 [VAL] Loss: 0.5700, Accuracy: 73.70%, Precision: 0.72, Recall: 0.79, F1: 0.75, AUC: 0.82
Epoch [2/100] [TRAIN] Loss: 0.6105, Accuracy: 72.21%, AUC: 0.78 [VAL] Loss: 0.5506, Accuracy: 74.50%, Precision: 0.72, Recall: 0.80, F1: 0.76, AUC: 0.83
Epoch [3/100] [TRAIN] Loss: 0.5922, Accuracy: 72.60%, AUC: 0.80 [VAL] Loss: 0.5423, Accuracy: 74.20%, Precision: 0.72, Recall: 0.80, F1: 0.76, AUC: 0.83
Epoch [4/100] [TRAIN] Loss: 0.5824, Accuracy: 74.11%, AUC: 0.81 [VAL] Loss: 0.5373, Accuracy: 74.40%, Precision: 0.72, Recall: 0.80, F1: 0.76, AUC: 0.83
Epoch [5/100] [TRAIN] Loss: 0.5806, Accuracy: 73.62%, AUC: 0.80 [VAL] Loss: 0.5354, Accuracy: 74.40%, Precision: 0.72, Recall: 0.80, F1: 0.76, AUC: 0.83
Epoch [6/100] [TRAIN] Loss: 0.5769, Accuracy: 74.08%, AUC: 0.81 [VAL] Loss: 0.5348, Accuracy: 74.30%, Precision: 0.72, Recall: 0.80, F1: 0.76, AUC: 0.83
Epoch [7/100] [TRAIN] Loss: 0.5746, Accuracy: 73.41%, AUC: 0.81 [VAL] Loss: 0.5351, Accuracy: 74.20%, Precision: 0.72, Recall: 0.80, F1: 0.76, AUC: 0.83
Epoch [8/100] [TRAIN] Loss: 0.5711, Accuracy: 73.74%, AUC: 0.81 [VAL] Loss: 0.5320, Accuracy: 74.20%, Precision: 0.72, Recall: 0.80, F1: 0.76, AUC: 0.83
Epoch [9/100] [TRAIN] Loss: 0.5719, Accuracy: 73.95%, AUC: 0.81 [VAL] Loss: 0.5325, Accuracy: 74.00%, Precision: 0.72, Recall: 0.80, F1: 0.76, AUC: 0.83
Epoch [10/100] [TRAIN] Loss: 0.5689, Accuracy: 74.09%, AUC: 0.81 [VAL] Loss: 0.5326, Accuracy: 74.00%, Precision: 0.72, Recall: 0.80, F1: 0.76, AUC: 0.83
Epoch [11/100] [TRAIN] Loss: 0.5663, Accuracy: 73.64%, AUC: 0.81 [VAL] Loss: 0.5304, Accuracy: 73.90%, Precision: 0.72, Recall: 0.80, F1: 0.76, AUC: 0.83
Epoch [12/100] [TRAIN] Loss: 0.5683, Accuracy: 73.67%, AUC: 0.81 [VAL] Loss: 0.5317, Accuracy: 74.10%, Precision: 0.72, Recall: 0.80, F1: 0.76, AUC: 0.83
Epoch [13/100] [TRAIN] Loss: 0.5676, Accuracy: 73.35%, AUC: 0.81 [VAL] Loss: 0.5313, Accuracy: 74.30%, Precision: 0.72, Recall: 0.80, F1: 0.76, AUC: 0.83
Epoch [14/100] [TRAIN] Loss: 0.5624, Accuracy: 74.60%, AUC: 0.82 [VAL] Loss: 0.5302, Accuracy: 74.20%, Precision: 0.72, Recall: 0.80, F1: 0.76, AUC: 0.83
Epoch [15/100] [TRAIN] Loss: 0.5603, Accuracy: 74.65%, AUC: 0.82 [VAL] Loss: 0.5284, Accuracy: 74.30%, Precision: 0.72, Recall: 0.80, F1: 0.76, AUC: 0.83
Epoch [16/100] [TRAIN] Loss: 0.5689, Accuracy: 74.14%, AUC: 0.81 [VAL] Loss: 0.5304, Accuracy: 74.30%, Precision: 0.72, Recall: 0.80, F1: 0.76, AUC: 0.84
Epoch [17/100] [TRAIN] Loss: 0.5635, Accuracy: 73.97%, AUC: 0.81 [VAL] Loss: 0.5300, Accuracy: 74.30%, Precision: 0.72, Recall: 0.80, F1: 0.76, AUC: 0.84
Epoch [18/100] [TRAIN] Loss: 0.5587, Accuracy: 74.41%, AUC: 0.82 [VAL] Loss: 0.5286, Accuracy: 74.50%, Precision: 0.72, Recall: 0.81, F1: 0.76, AUC: 0.84
Epoch [19/100] [TRAIN] Loss: 0.5609, Accuracy: 74.41%, AUC: 0.82 [VAL] Loss: 0.5278, Accuracy: 74.50%, Precision: 0.72, Recall: 0.80, F1: 0.76, AUC: 0.84
Epoch [20/100] [TRAIN] Loss: 0.5601, Accuracy: 73.94%, AUC: 0.82 [VAL] Loss: 0.5286, Accuracy: 74.70%, Precision: 0.72, Recall: 0.81, F1: 0.76, AUC: 0.84
Epoch [21/100] [TRAIN] Loss: 0.5573, Accuracy: 74.05%, AUC: 0.82 [VAL] Loss: 0.5287, Accuracy: 74.80%, Precision: 0.73, Recall: 0.81, F1: 0.76, AUC: 0.84
Epoch [22/100] [TRAIN] Loss: 0.5635, Accuracy: 74.36%, AUC: 0.82 [VAL] Loss: 0.5297, Accuracy: 74.80%, Precision: 0.73, Recall: 0.81, F1: 0.76, AUC: 0.84
Epoch [23/100] [TRAIN] Loss: 0.5604, Accuracy: 74.04%, AUC: 0.82 [VAL] Loss: 0.5290, Accuracy: 74.60%, Precision: 0.72, Recall: 0.81, F1: 0.76, AUC: 0.84
Epoch [24/100] [TRAIN] Loss: 0.5558, Accuracy: 74.58%, AUC: 0.82 [VAL] Loss: 0.5274, Accuracy: 74.50%, Precision: 0.72, Recall: 0.80, F1: 0.76, AUC: 0.84
Epoch [25/100] [TRAIN] Loss: 0.5577, Accuracy: 74.80%, AUC: 0.82 [VAL] Loss: 0.5278, Accuracy: 74.70%, Precision: 0.72, Recall: 0.81, F1: 0.76, AUC: 0.84
Epoch [26/100] [TRAIN] Loss: 0.5548, Accuracy: 74.55%, AUC: 0.82 [VAL] Loss: 0.5286, Accuracy: 74.80%, Precision: 0.72, Recall: 0.81, F1: 0.76, AUC: 0.84
Epoch [27/100] [TRAIN] Loss: 0.5573, Accuracy: 74.47%, AUC: 0.82 [VAL] Loss: 0.5284, Accuracy: 74.70%, Precision: 0.72, Recall: 0.81, F1: 0.76, AUC: 0.84
Epoch [28/100] [TRAIN] Loss: 0.5536, Accuracy: 74.51%, AUC: 0.82 [VAL] Loss: 0.5268, Accuracy: 74.60%, Precision: 0.72, Recall: 0.81, F1: 0.76, AUC: 0.84
Epoch [29/100] [TRAIN] Loss: 0.5606, Accuracy: 74.35%, AUC: 0.82 [VAL] Loss: 0.5286, Accuracy: 74.60%, Precision: 0.72, Recall: 0.80, F1: 0.76, AUC: 0.84
Epoch [30/100] [TRAIN] Loss: 0.5534, Accuracy: 74.44%, AUC: 0.82 [VAL] Loss: 0.5268, Accuracy: 74.80%, Precision: 0.73, Recall: 0.81, F1: 0.76, AUC: 0.84
Epoch [31/100] [TRAIN] Loss: 0.5567, Accuracy: 74.25%, AUC: 0.82 [VAL] Loss: 0.5279, Accuracy: 74.50%, Precision: 0.72, Recall: 0.80, F1: 0.76, AUC: 0.84
Epoch [32/100] [TRAIN] Loss: 0.5535, Accuracy: 74.46%, AUC: 0.82 [VAL] Loss: 0.5269, Accuracy: 74.60%, Precision: 0.72, Recall: 0.81, F1: 0.76, AUC: 0.84
Epoch [33/100] [TRAIN] Loss: 0.5546, Accuracy: 74.61%, AUC: 0.82 [VAL] Loss: 0.5282, Accuracy: 74.60%, Precision: 0.72, Recall: 0.81, F1: 0.76, AUC: 0.84
Epoch [34/100] [TRAIN] Loss: 0.5555, Accuracy: 74.41%, AUC: 0.82 [VAL] Loss: 0.5273, Accuracy: 74.50%, Precision: 0.72, Recall: 0.81, F1: 0.76, AUC: 0.84
Epoch [35/100] [TRAIN] Loss: 0.5572, Accuracy: 74.15%, AUC: 0.82 [VAL] Loss: 0.5273, Accuracy: 74.50%, Precision: 0.72, Recall: 0.81, F1: 0.76, AUC: 0.84
Epoch [36/100] [TRAIN] Loss: 0.5504, Accuracy: 74.67%, AUC: 0.82 [VAL] Loss: 0.5272, Accuracy: 74.40%, Precision: 0.72, Recall: 0.81, F1: 0.76, AUC: 0.84
Epoch [37/100] [TRAIN] Loss: 0.5548, Accuracy: 74.58%, AUC: 0.82 [VAL] Loss: 0.5272, Accuracy: 74.40%, Precision: 0.72, Recall: 0.81, F1: 0.76, AUC: 0.84
Epoch [38/100] [TRAIN] Loss: 0.5524, Accuracy: 74.20%, AUC: 0.82 [VAL] Loss: 0.5272, Accuracy: 74.40%, Precision: 0.72, Recall: 0.81, F1: 0.76, AUC: 0.84
  Early stopping at epoch 38 (no val_loss improvement for 10 epochs)
  Antisymmetry score (raw):        0.9150
  Antisymmetry score (confident):  1.0000
  Total violations:                85 / 1000
  Pairs near boundary:             174 (17.4%)
  Avg |prob-0.5| at violation:     0.0000

--- Training baselines (LogisticRegression, RandomForest, SVM) ---

  Training LogisticRegression...
  Val accuracy: 74.50%

  [LogisticRegression]  Accuracy: 72.30%  AUC: 0.7969  Precision: 0.7394  Recall: 0.6748  F1: 0.7056  Antisym: 0.7570

  Training RandomForest...
  Val accuracy: 77.40%

  [RandomForest]  Accuracy: 76.40%  AUC: 0.8398  Precision: 0.7883  Recall: 0.7114  F1: 0.7479  Antisym: 0.8540

  Training SVM_Linear...
  Val accuracy: 74.20%

  [SVM_Linear]  Accuracy: 72.90%  AUC: 0.7987  Precision: 0.7483  Recall: 0.6768  F1: 0.7108  Antisym: 0.7460
Seed: 123
=== DirectRanker ===
Accuracy:  73.10 %
AUC:       0.8275
Precision: 0.7061
Recall:    0.7764
F1-Score:  0.7396
Antisymmetry score:  0.9150  (1.0 = perfect, ~0.5 = random)

Detailed Classification Report:
              precision    recall  f1-score   support

           0       0.76      0.69      0.72       508
           1       0.71      0.78      0.74       492

    accuracy                           0.73      1000
   macro avg       0.73      0.73      0.73      1000
weighted avg       0.73      0.73      0.73      1000


Confusion Matrix:
[[349 159]
 [110 382]]

=== LogisticRegression ===
Accuracy:  72.30 %
AUC:       0.7969
Precision: 0.7394
Recall:    0.6748
F1-Score:  0.7056
Antisymmetry score:  0.7570
Confusion Matrix:
[[391 117]
 [160 332]]

=== RandomForest ===
Accuracy:  76.40 %
AUC:       0.8398
Precision: 0.7883
Recall:    0.7114
F1-Score:  0.7479
Antisymmetry score:  0.8540
Confusion Matrix:
[[414  94]
 [142 350]]

=== SVM_Linear ===
Accuracy:  72.90 %
AUC:       0.7987
Precision: 0.7483
Recall:    0.6768
F1-Score:  0.7108
Antisymmetry score:  0.7460
Confusion Matrix:
[[396 112]
 [159 333]]

Saved combined test metrics: /group/pmc021/amunif/epi-thesis/workflow/16_Pairwise Ranking Healthy Liver/output/combined/donor_4/test/016-H3K4me3-H3K9ac-H3K27ac-seed123-test-metrics.csv
Saved combined ROC plot: /group/pmc021/amunif/epi-thesis/workflow/16_Pairwise Ranking Healthy Liver/output/combined/donor_4/img/roc/016-H3K4me3-H3K9ac-H3K27ac-seed123-roc-combined.png

Finished 016-H3K4me3-H3K9ac-H3K27ac (seed 123)

======================================================================
017-H3K4me3-H3K9ac-H3K27me3
======================================================================
Train label distribution:
  Label 0:   4091 (51.1%)
  Label 1:   3909 (48.9%)
Val label distribution:
  Label 0:    494 (49.4%)
  Label 1:    506 (50.6%)
Test label distribution:
  Label 0:    508 (50.8%)
  Label 1:    492 (49.2%)

--- Training DirectRanker ---
Epoch [1/100] [TRAIN] Loss: 0.6451, Accuracy: 67.42%, AUC: 0.74 [VAL] Loss: 0.5549, Accuracy: 75.10%, Precision: 0.74, Recall: 0.79, F1: 0.76, AUC: 0.83
Epoch [2/100] [TRAIN] Loss: 0.6079, Accuracy: 71.74%, AUC: 0.78 [VAL] Loss: 0.5455, Accuracy: 75.40%, Precision: 0.74, Recall: 0.80, F1: 0.77, AUC: 0.83
Epoch [3/100] [TRAIN] Loss: 0.5991, Accuracy: 71.81%, AUC: 0.79 [VAL] Loss: 0.5396, Accuracy: 75.60%, Precision: 0.74, Recall: 0.80, F1: 0.77, AUC: 0.83
Epoch [4/100] [TRAIN] Loss: 0.5970, Accuracy: 72.16%, AUC: 0.79 [VAL] Loss: 0.5392, Accuracy: 75.50%, Precision: 0.74, Recall: 0.80, F1: 0.77, AUC: 0.83
Epoch [5/100] [TRAIN] Loss: 0.5892, Accuracy: 72.29%, AUC: 0.79 [VAL] Loss: 0.5367, Accuracy: 75.50%, Precision: 0.74, Recall: 0.80, F1: 0.77, AUC: 0.83
Epoch [6/100] [TRAIN] Loss: 0.5858, Accuracy: 73.38%, AUC: 0.80 [VAL] Loss: 0.5351, Accuracy: 75.30%, Precision: 0.74, Recall: 0.80, F1: 0.77, AUC: 0.83
Epoch [7/100] [TRAIN] Loss: 0.5882, Accuracy: 73.03%, AUC: 0.80 [VAL] Loss: 0.5353, Accuracy: 75.40%, Precision: 0.73, Recall: 0.80, F1: 0.77, AUC: 0.83
Epoch [8/100] [TRAIN] Loss: 0.5771, Accuracy: 73.03%, AUC: 0.80 [VAL] Loss: 0.5342, Accuracy: 75.60%, Precision: 0.74, Recall: 0.81, F1: 0.77, AUC: 0.84
Epoch [9/100] [TRAIN] Loss: 0.5839, Accuracy: 73.08%, AUC: 0.80 [VAL] Loss: 0.5352, Accuracy: 75.50%, Precision: 0.74, Recall: 0.80, F1: 0.77, AUC: 0.84
Epoch [10/100] [TRAIN] Loss: 0.5819, Accuracy: 72.46%, AUC: 0.80 [VAL] Loss: 0.5340, Accuracy: 75.40%, Precision: 0.73, Recall: 0.80, F1: 0.77, AUC: 0.84
Epoch [11/100] [TRAIN] Loss: 0.5744, Accuracy: 73.46%, AUC: 0.81 [VAL] Loss: 0.5333, Accuracy: 75.00%, Precision: 0.73, Recall: 0.80, F1: 0.76, AUC: 0.83
Epoch [12/100] [TRAIN] Loss: 0.5809, Accuracy: 72.21%, AUC: 0.80 [VAL] Loss: 0.5348, Accuracy: 74.90%, Precision: 0.73, Recall: 0.80, F1: 0.76, AUC: 0.83
Epoch [13/100] [TRAIN] Loss: 0.5737, Accuracy: 73.51%, AUC: 0.81 [VAL] Loss: 0.5330, Accuracy: 75.00%, Precision: 0.73, Recall: 0.80, F1: 0.76, AUC: 0.83
Epoch [14/100] [TRAIN] Loss: 0.5742, Accuracy: 72.94%, AUC: 0.80 [VAL] Loss: 0.5323, Accuracy: 75.20%, Precision: 0.73, Recall: 0.80, F1: 0.77, AUC: 0.84
Epoch [15/100] [TRAIN] Loss: 0.5752, Accuracy: 72.83%, AUC: 0.80 [VAL] Loss: 0.5337, Accuracy: 75.10%, Precision: 0.73, Recall: 0.80, F1: 0.76, AUC: 0.83
Epoch [16/100] [TRAIN] Loss: 0.5779, Accuracy: 73.22%, AUC: 0.80 [VAL] Loss: 0.5335, Accuracy: 75.10%, Precision: 0.73, Recall: 0.80, F1: 0.76, AUC: 0.84
Epoch [17/100] [TRAIN] Loss: 0.5733, Accuracy: 72.97%, AUC: 0.81 [VAL] Loss: 0.5329, Accuracy: 75.30%, Precision: 0.73, Recall: 0.80, F1: 0.77, AUC: 0.84
Epoch [18/100] [TRAIN] Loss: 0.5714, Accuracy: 72.91%, AUC: 0.81 [VAL] Loss: 0.5326, Accuracy: 75.20%, Precision: 0.73, Recall: 0.80, F1: 0.77, AUC: 0.84
Epoch [19/100] [TRAIN] Loss: 0.5732, Accuracy: 73.29%, AUC: 0.81 [VAL] Loss: 0.5324, Accuracy: 75.10%, Precision: 0.73, Recall: 0.80, F1: 0.76, AUC: 0.83
Epoch [20/100] [TRAIN] Loss: 0.5753, Accuracy: 73.28%, AUC: 0.80 [VAL] Loss: 0.5330, Accuracy: 75.10%, Precision: 0.73, Recall: 0.80, F1: 0.76, AUC: 0.84
Epoch [21/100] [TRAIN] Loss: 0.5736, Accuracy: 73.35%, AUC: 0.80 [VAL] Loss: 0.5329, Accuracy: 75.10%, Precision: 0.73, Recall: 0.80, F1: 0.76, AUC: 0.83
Epoch [22/100] [TRAIN] Loss: 0.5743, Accuracy: 73.00%, AUC: 0.80 [VAL] Loss: 0.5329, Accuracy: 75.00%, Precision: 0.73, Recall: 0.80, F1: 0.76, AUC: 0.83
Epoch [23/100] [TRAIN] Loss: 0.5731, Accuracy: 73.38%, AUC: 0.81 [VAL] Loss: 0.5329, Accuracy: 75.00%, Precision: 0.73, Recall: 0.80, F1: 0.76, AUC: 0.83
Epoch [24/100] [TRAIN] Loss: 0.5760, Accuracy: 73.49%, AUC: 0.80 [VAL] Loss: 0.5330, Accuracy: 75.00%, Precision: 0.73, Recall: 0.80, F1: 0.76, AUC: 0.83
  Early stopping at epoch 24 (no val_loss improvement for 10 epochs)
  Antisymmetry score (raw):        0.9080
  Antisymmetry score (confident):  1.0000
  Total violations:                92 / 1000
  Pairs near boundary:             196 (19.6%)
  Avg |prob-0.5| at violation:     0.0000

--- Training baselines (LogisticRegression, RandomForest, SVM) ---

  Training LogisticRegression...
  Val accuracy: 74.30%

  [LogisticRegression]  Accuracy: 72.00%  AUC: 0.7920  Precision: 0.7387  Recall: 0.6667  F1: 0.7009  Antisym: 0.7800

  Training RandomForest...
  Val accuracy: 76.10%

  [RandomForest]  Accuracy: 74.70%  AUC: 0.8311  Precision: 0.7786  Recall: 0.6789  F1: 0.7253  Antisym: 0.8070

  Training SVM_Linear...
  Val accuracy: 74.60%

  [SVM_Linear]  Accuracy: 72.40%  AUC: 0.7942  Precision: 0.7455  Recall: 0.6667  F1: 0.7039  Antisym: 0.7740
Seed: 123
=== DirectRanker ===
Accuracy:  73.00 %
AUC:       0.8156
Precision: 0.7079
Recall:    0.7683
F1-Score:  0.7368
Antisymmetry score:  0.9080  (1.0 = perfect, ~0.5 = random)

Detailed Classification Report:
              precision    recall  f1-score   support

           0       0.76      0.69      0.72       508
           1       0.71      0.77      0.74       492

    accuracy                           0.73      1000
   macro avg       0.73      0.73      0.73      1000
weighted avg       0.73      0.73      0.73      1000


Confusion Matrix:
[[352 156]
 [114 378]]

=== LogisticRegression ===
Accuracy:  72.00 %
AUC:       0.7920
Precision: 0.7387
Recall:    0.6667
F1-Score:  0.7009
Antisymmetry score:  0.7800
Confusion Matrix:
[[392 116]
 [164 328]]

=== RandomForest ===
Accuracy:  74.70 %
AUC:       0.8311
Precision: 0.7786
Recall:    0.6789
F1-Score:  0.7253
Antisymmetry score:  0.8070
Confusion Matrix:
[[413  95]
 [158 334]]

=== SVM_Linear ===
Accuracy:  72.40 %
AUC:       0.7942
Precision: 0.7455
Recall:    0.6667
F1-Score:  0.7039
Antisymmetry score:  0.7740
Confusion Matrix:
[[396 112]
 [164 328]]

Saved combined test metrics: /group/pmc021/amunif/epi-thesis/workflow/16_Pairwise Ranking Healthy Liver/output/combined/donor_4/test/017-H3K4me3-H3K9ac-H3K27me3-seed123-test-metrics.csv
Saved combined ROC plot: /group/pmc021/amunif/epi-thesis/workflow/16_Pairwise Ranking Healthy Liver/output/combined/donor_4/img/roc/017-H3K4me3-H3K9ac-H3K27me3-seed123-roc-combined.png

Finished 017-H3K4me3-H3K9ac-H3K27me3 (seed 123)

======================================================================
018-H3K4me3-H3K9me3-H3K27ac
======================================================================
Train label distribution:
  Label 0:   4091 (51.1%)
  Label 1:   3909 (48.9%)
Val label distribution:
  Label 0:    494 (49.4%)
  Label 1:    506 (50.6%)
Test label distribution:
  Label 0:    508 (50.8%)
  Label 1:    492 (49.2%)

--- Training DirectRanker ---
Epoch [1/100] [TRAIN] Loss: 0.6401, Accuracy: 69.06%, AUC: 0.75 [VAL] Loss: 0.5482, Accuracy: 74.70%, Precision: 0.73, Recall: 0.80, F1: 0.76, AUC: 0.84
Epoch [2/100] [TRAIN] Loss: 0.6018, Accuracy: 72.40%, AUC: 0.79 [VAL] Loss: 0.5397, Accuracy: 74.40%, Precision: 0.72, Recall: 0.80, F1: 0.76, AUC: 0.84
Epoch [3/100] [TRAIN] Loss: 0.6003, Accuracy: 72.80%, AUC: 0.79 [VAL] Loss: 0.5367, Accuracy: 74.40%, Precision: 0.72, Recall: 0.80, F1: 0.76, AUC: 0.84
Epoch [4/100] [TRAIN] Loss: 0.5947, Accuracy: 72.25%, AUC: 0.79 [VAL] Loss: 0.5339, Accuracy: 74.50%, Precision: 0.72, Recall: 0.80, F1: 0.76, AUC: 0.84
Epoch [5/100] [TRAIN] Loss: 0.5872, Accuracy: 73.24%, AUC: 0.80 [VAL] Loss: 0.5321, Accuracy: 74.70%, Precision: 0.72, Recall: 0.81, F1: 0.76, AUC: 0.84
Epoch [6/100] [TRAIN] Loss: 0.5844, Accuracy: 73.40%, AUC: 0.80 [VAL] Loss: 0.5318, Accuracy: 74.70%, Precision: 0.72, Recall: 0.81, F1: 0.76, AUC: 0.84
Epoch [7/100] [TRAIN] Loss: 0.5838, Accuracy: 72.97%, AUC: 0.80 [VAL] Loss: 0.5313, Accuracy: 74.40%, Precision: 0.72, Recall: 0.80, F1: 0.76, AUC: 0.84
Epoch [8/100] [TRAIN] Loss: 0.5807, Accuracy: 73.17%, AUC: 0.80 [VAL] Loss: 0.5304, Accuracy: 74.20%, Precision: 0.72, Recall: 0.80, F1: 0.76, AUC: 0.84
Epoch [9/100] [TRAIN] Loss: 0.5791, Accuracy: 73.50%, AUC: 0.80 [VAL] Loss: 0.5298, Accuracy: 74.60%, Precision: 0.72, Recall: 0.80, F1: 0.76, AUC: 0.84
Epoch [10/100] [TRAIN] Loss: 0.5774, Accuracy: 73.46%, AUC: 0.81 [VAL] Loss: 0.5287, Accuracy: 74.60%, Precision: 0.72, Recall: 0.80, F1: 0.76, AUC: 0.84
Epoch [11/100] [TRAIN] Loss: 0.5714, Accuracy: 73.53%, AUC: 0.81 [VAL] Loss: 0.5277, Accuracy: 74.70%, Precision: 0.73, Recall: 0.80, F1: 0.76, AUC: 0.84
Epoch [12/100] [TRAIN] Loss: 0.5682, Accuracy: 73.79%, AUC: 0.81 [VAL] Loss: 0.5263, Accuracy: 74.50%, Precision: 0.72, Recall: 0.80, F1: 0.76, AUC: 0.84
Epoch [13/100] [TRAIN] Loss: 0.5752, Accuracy: 73.64%, AUC: 0.81 [VAL] Loss: 0.5275, Accuracy: 74.60%, Precision: 0.73, Recall: 0.80, F1: 0.76, AUC: 0.84
Epoch [14/100] [TRAIN] Loss: 0.5666, Accuracy: 74.31%, AUC: 0.81 [VAL] Loss: 0.5270, Accuracy: 74.60%, Precision: 0.73, Recall: 0.80, F1: 0.76, AUC: 0.84
Epoch [15/100] [TRAIN] Loss: 0.5735, Accuracy: 73.78%, AUC: 0.81 [VAL] Loss: 0.5268, Accuracy: 74.60%, Precision: 0.73, Recall: 0.80, F1: 0.76, AUC: 0.84
Epoch [16/100] [TRAIN] Loss: 0.5663, Accuracy: 74.22%, AUC: 0.81 [VAL] Loss: 0.5260, Accuracy: 74.60%, Precision: 0.73, Recall: 0.80, F1: 0.76, AUC: 0.84
Epoch [17/100] [TRAIN] Loss: 0.5718, Accuracy: 73.79%, AUC: 0.81 [VAL] Loss: 0.5273, Accuracy: 74.50%, Precision: 0.73, Recall: 0.79, F1: 0.76, AUC: 0.84
Epoch [18/100] [TRAIN] Loss: 0.5640, Accuracy: 74.15%, AUC: 0.81 [VAL] Loss: 0.5251, Accuracy: 74.40%, Precision: 0.73, Recall: 0.79, F1: 0.76, AUC: 0.84
Epoch [19/100] [TRAIN] Loss: 0.5632, Accuracy: 74.22%, AUC: 0.82 [VAL] Loss: 0.5251, Accuracy: 74.40%, Precision: 0.73, Recall: 0.79, F1: 0.76, AUC: 0.84
Epoch [20/100] [TRAIN] Loss: 0.5660, Accuracy: 74.10%, AUC: 0.81 [VAL] Loss: 0.5256, Accuracy: 74.40%, Precision: 0.73, Recall: 0.79, F1: 0.76, AUC: 0.84
Epoch [21/100] [TRAIN] Loss: 0.5593, Accuracy: 74.14%, AUC: 0.82 [VAL] Loss: 0.5235, Accuracy: 74.30%, Precision: 0.73, Recall: 0.79, F1: 0.76, AUC: 0.84
Epoch [22/100] [TRAIN] Loss: 0.5663, Accuracy: 73.67%, AUC: 0.81 [VAL] Loss: 0.5254, Accuracy: 74.40%, Precision: 0.73, Recall: 0.79, F1: 0.76, AUC: 0.84
Epoch [23/100] [TRAIN] Loss: 0.5647, Accuracy: 73.70%, AUC: 0.81 [VAL] Loss: 0.5250, Accuracy: 74.40%, Precision: 0.73, Recall: 0.79, F1: 0.76, AUC: 0.84
Epoch [24/100] [TRAIN] Loss: 0.5610, Accuracy: 74.15%, AUC: 0.82 [VAL] Loss: 0.5249, Accuracy: 74.40%, Precision: 0.73, Recall: 0.79, F1: 0.76, AUC: 0.84
Epoch [25/100] [TRAIN] Loss: 0.5621, Accuracy: 73.69%, AUC: 0.81 [VAL] Loss: 0.5254, Accuracy: 74.50%, Precision: 0.73, Recall: 0.80, F1: 0.76, AUC: 0.84
Epoch [26/100] [TRAIN] Loss: 0.5601, Accuracy: 73.70%, AUC: 0.82 [VAL] Loss: 0.5240, Accuracy: 74.50%, Precision: 0.73, Recall: 0.80, F1: 0.76, AUC: 0.84
Epoch [27/100] [TRAIN] Loss: 0.5558, Accuracy: 74.49%, AUC: 0.82 [VAL] Loss: 0.5235, Accuracy: 74.50%, Precision: 0.73, Recall: 0.80, F1: 0.76, AUC: 0.84
Epoch [28/100] [TRAIN] Loss: 0.5618, Accuracy: 74.19%, AUC: 0.82 [VAL] Loss: 0.5237, Accuracy: 74.50%, Precision: 0.73, Recall: 0.80, F1: 0.76, AUC: 0.84
Epoch [29/100] [TRAIN] Loss: 0.5624, Accuracy: 74.15%, AUC: 0.82 [VAL] Loss: 0.5239, Accuracy: 74.50%, Precision: 0.73, Recall: 0.80, F1: 0.76, AUC: 0.84
Epoch [30/100] [TRAIN] Loss: 0.5633, Accuracy: 74.25%, AUC: 0.81 [VAL] Loss: 0.5241, Accuracy: 74.50%, Precision: 0.73, Recall: 0.80, F1: 0.76, AUC: 0.84
Epoch [31/100] [TRAIN] Loss: 0.5582, Accuracy: 73.92%, AUC: 0.82 [VAL] Loss: 0.5240, Accuracy: 74.50%, Precision: 0.73, Recall: 0.80, F1: 0.76, AUC: 0.84
  Early stopping at epoch 31 (no val_loss improvement for 10 epochs)
  Antisymmetry score (raw):        0.9240
  Antisymmetry score (confident):  1.0000
  Total violations:                76 / 1000
  Pairs near boundary:             176 (17.6%)
  Avg |prob-0.5| at violation:     0.0000

--- Training baselines (LogisticRegression, RandomForest, SVM) ---

  Training LogisticRegression...
  Val accuracy: 73.20%

  [LogisticRegression]  Accuracy: 72.20%  AUC: 0.7879  Precision: 0.7454  Recall: 0.6606  F1: 0.7004  Antisym: 0.7760

  Training RandomForest...
  Val accuracy: 77.40%

  [RandomForest]  Accuracy: 76.30%  AUC: 0.8334  Precision: 0.7904  Recall: 0.7053  F1: 0.7454  Antisym: 0.8510

  Training SVM_Linear...
  Val accuracy: 72.70%

  [SVM_Linear]  Accuracy: 71.10%  AUC: 0.7843  Precision: 0.7366  Recall: 0.6423  F1: 0.6862  Antisym: 0.7470
Seed: 123
=== DirectRanker ===
Accuracy:  73.70 %
AUC:       0.8271
Precision: 0.7116
Recall:    0.7825
F1-Score:  0.7454
Antisymmetry score:  0.9240  (1.0 = perfect, ~0.5 = random)

Detailed Classification Report:
              precision    recall  f1-score   support

           0       0.77      0.69      0.73       508
           1       0.71      0.78      0.75       492

    accuracy                           0.74      1000
   macro avg       0.74      0.74      0.74      1000
weighted avg       0.74      0.74      0.74      1000


Confusion Matrix:
[[352 156]
 [107 385]]

=== LogisticRegression ===
Accuracy:  72.20 %
AUC:       0.7879
Precision: 0.7454
Recall:    0.6606
F1-Score:  0.7004
Antisymmetry score:  0.7760
Confusion Matrix:
[[397 111]
 [167 325]]

=== RandomForest ===
Accuracy:  76.30 %
AUC:       0.8334
Precision: 0.7904
Recall:    0.7053
F1-Score:  0.7454
Antisymmetry score:  0.8510
Confusion Matrix:
[[416  92]
 [145 347]]

=== SVM_Linear ===
Accuracy:  71.10 %
AUC:       0.7843
Precision: 0.7366
Recall:    0.6423
F1-Score:  0.6862
Antisymmetry score:  0.7470
Confusion Matrix:
[[395 113]
 [176 316]]

Saved combined test metrics: /group/pmc021/amunif/epi-thesis/workflow/16_Pairwise Ranking Healthy Liver/output/combined/donor_4/test/018-H3K4me3-H3K9me3-H3K27ac-seed123-test-metrics.csv
Saved combined ROC plot: /group/pmc021/amunif/epi-thesis/workflow/16_Pairwise Ranking Healthy Liver/output/combined/donor_4/img/roc/018-H3K4me3-H3K9me3-H3K27ac-seed123-roc-combined.png

Finished 018-H3K4me3-H3K9me3-H3K27ac (seed 123)

======================================================================
019-H3K4me3-H3K9me3-H3K27me3
======================================================================
Train label distribution:
  Label 0:   4091 (51.1%)
  Label 1:   3909 (48.9%)
Val label distribution:
  Label 0:    494 (49.4%)
  Label 1:    506 (50.6%)
Test label distribution:
  Label 0:    508 (50.8%)
  Label 1:    492 (49.2%)

--- Training DirectRanker ---
Epoch [1/100] [TRAIN] Loss: 0.6717, Accuracy: 63.46%, AUC: 0.69 [VAL] Loss: 0.5960, Accuracy: 72.40%, Precision: 0.70, Recall: 0.78, F1: 0.74, AUC: 0.80
Epoch [2/100] [TRAIN] Loss: 0.6206, Accuracy: 70.55%, AUC: 0.77 [VAL] Loss: 0.5690, Accuracy: 72.60%, Precision: 0.71, Recall: 0.78, F1: 0.74, AUC: 0.81
Epoch [3/100] [TRAIN] Loss: 0.6122, Accuracy: 70.56%, AUC: 0.77 [VAL] Loss: 0.5595, Accuracy: 72.70%, Precision: 0.71, Recall: 0.78, F1: 0.74, AUC: 0.82
Epoch [4/100] [TRAIN] Loss: 0.6021, Accuracy: 71.61%, AUC: 0.78 [VAL] Loss: 0.5534, Accuracy: 73.20%, Precision: 0.71, Recall: 0.79, F1: 0.75, AUC: 0.82
Epoch [5/100] [TRAIN] Loss: 0.6026, Accuracy: 72.03%, AUC: 0.78 [VAL] Loss: 0.5519, Accuracy: 73.50%, Precision: 0.72, Recall: 0.79, F1: 0.75, AUC: 0.83
Epoch [6/100] [TRAIN] Loss: 0.5957, Accuracy: 71.81%, AUC: 0.79 [VAL] Loss: 0.5485, Accuracy: 73.70%, Precision: 0.72, Recall: 0.79, F1: 0.75, AUC: 0.83
Epoch [7/100] [TRAIN] Loss: 0.5970, Accuracy: 71.90%, AUC: 0.79 [VAL] Loss: 0.5471, Accuracy: 74.00%, Precision: 0.72, Recall: 0.79, F1: 0.75, AUC: 0.83
Epoch [8/100] [TRAIN] Loss: 0.5900, Accuracy: 72.19%, AUC: 0.79 [VAL] Loss: 0.5461, Accuracy: 73.80%, Precision: 0.72, Recall: 0.79, F1: 0.75, AUC: 0.83
Epoch [9/100] [TRAIN] Loss: 0.5887, Accuracy: 71.96%, AUC: 0.79 [VAL] Loss: 0.5435, Accuracy: 73.60%, Precision: 0.72, Recall: 0.79, F1: 0.75, AUC: 0.83
Epoch [10/100] [TRAIN] Loss: 0.5894, Accuracy: 72.45%, AUC: 0.79 [VAL] Loss: 0.5432, Accuracy: 74.00%, Precision: 0.72, Recall: 0.79, F1: 0.75, AUC: 0.83
Epoch [11/100] [TRAIN] Loss: 0.5853, Accuracy: 72.40%, AUC: 0.80 [VAL] Loss: 0.5420, Accuracy: 74.00%, Precision: 0.72, Recall: 0.79, F1: 0.75, AUC: 0.83
Epoch [12/100] [TRAIN] Loss: 0.5873, Accuracy: 71.69%, AUC: 0.79 [VAL] Loss: 0.5421, Accuracy: 73.80%, Precision: 0.72, Recall: 0.78, F1: 0.75, AUC: 0.83
Epoch [13/100] [TRAIN] Loss: 0.5862, Accuracy: 72.41%, AUC: 0.80 [VAL] Loss: 0.5418, Accuracy: 73.70%, Precision: 0.72, Recall: 0.78, F1: 0.75, AUC: 0.83
Epoch [14/100] [TRAIN] Loss: 0.5840, Accuracy: 72.40%, AUC: 0.80 [VAL] Loss: 0.5411, Accuracy: 73.60%, Precision: 0.72, Recall: 0.78, F1: 0.75, AUC: 0.83
Epoch [15/100] [TRAIN] Loss: 0.5816, Accuracy: 72.69%, AUC: 0.80 [VAL] Loss: 0.5403, Accuracy: 73.40%, Precision: 0.72, Recall: 0.78, F1: 0.75, AUC: 0.83
Epoch [16/100] [TRAIN] Loss: 0.5834, Accuracy: 72.33%, AUC: 0.80 [VAL] Loss: 0.5401, Accuracy: 73.60%, Precision: 0.72, Recall: 0.78, F1: 0.75, AUC: 0.83
Epoch [17/100] [TRAIN] Loss: 0.5806, Accuracy: 72.60%, AUC: 0.80 [VAL] Loss: 0.5396, Accuracy: 73.80%, Precision: 0.72, Recall: 0.78, F1: 0.75, AUC: 0.83
Epoch [18/100] [TRAIN] Loss: 0.5837, Accuracy: 72.29%, AUC: 0.80 [VAL] Loss: 0.5400, Accuracy: 73.50%, Precision: 0.72, Recall: 0.78, F1: 0.75, AUC: 0.83
Epoch [19/100] [TRAIN] Loss: 0.5783, Accuracy: 72.49%, AUC: 0.80 [VAL] Loss: 0.5390, Accuracy: 73.50%, Precision: 0.72, Recall: 0.78, F1: 0.75, AUC: 0.83
Epoch [20/100] [TRAIN] Loss: 0.5832, Accuracy: 72.58%, AUC: 0.80 [VAL] Loss: 0.5411, Accuracy: 73.50%, Precision: 0.72, Recall: 0.77, F1: 0.75, AUC: 0.83
Epoch [21/100] [TRAIN] Loss: 0.5788, Accuracy: 72.62%, AUC: 0.80 [VAL] Loss: 0.5395, Accuracy: 73.30%, Precision: 0.72, Recall: 0.77, F1: 0.74, AUC: 0.83
Epoch [22/100] [TRAIN] Loss: 0.5798, Accuracy: 72.19%, AUC: 0.80 [VAL] Loss: 0.5398, Accuracy: 73.30%, Precision: 0.72, Recall: 0.77, F1: 0.74, AUC: 0.83
Epoch [23/100] [TRAIN] Loss: 0.5814, Accuracy: 72.60%, AUC: 0.80 [VAL] Loss: 0.5403, Accuracy: 73.30%, Precision: 0.72, Recall: 0.77, F1: 0.74, AUC: 0.83
Epoch [24/100] [TRAIN] Loss: 0.5808, Accuracy: 72.09%, AUC: 0.80 [VAL] Loss: 0.5394, Accuracy: 73.20%, Precision: 0.72, Recall: 0.77, F1: 0.74, AUC: 0.83
Epoch [25/100] [TRAIN] Loss: 0.5814, Accuracy: 72.44%, AUC: 0.80 [VAL] Loss: 0.5399, Accuracy: 73.30%, Precision: 0.72, Recall: 0.77, F1: 0.74, AUC: 0.83
Epoch [26/100] [TRAIN] Loss: 0.5802, Accuracy: 72.38%, AUC: 0.80 [VAL] Loss: 0.5399, Accuracy: 73.30%, Precision: 0.72, Recall: 0.77, F1: 0.74, AUC: 0.83
Epoch [27/100] [TRAIN] Loss: 0.5743, Accuracy: 73.01%, AUC: 0.80 [VAL] Loss: 0.5397, Accuracy: 73.30%, Precision: 0.72, Recall: 0.77, F1: 0.74, AUC: 0.83
Epoch [28/100] [TRAIN] Loss: 0.5806, Accuracy: 71.95%, AUC: 0.80 [VAL] Loss: 0.5398, Accuracy: 73.20%, Precision: 0.72, Recall: 0.77, F1: 0.74, AUC: 0.83
Epoch [29/100] [TRAIN] Loss: 0.5814, Accuracy: 72.25%, AUC: 0.80 [VAL] Loss: 0.5398, Accuracy: 73.20%, Precision: 0.72, Recall: 0.77, F1: 0.74, AUC: 0.83
  Early stopping at epoch 29 (no val_loss improvement for 10 epochs)
  Antisymmetry score (raw):        0.9100
  Antisymmetry score (confident):  1.0000
  Total violations:                90 / 1000
  Pairs near boundary:             195 (19.5%)
  Avg |prob-0.5| at violation:     0.0000

--- Training baselines (LogisticRegression, RandomForest, SVM) ---

  Training LogisticRegression...
  Val accuracy: 71.80%

  [LogisticRegression]  Accuracy: 71.60%  AUC: 0.7718  Precision: 0.7419  Recall: 0.6484  F1: 0.6920  Antisym: 0.7780

  Training RandomForest...
  Val accuracy: 74.60%

  [RandomForest]  Accuracy: 73.30%  AUC: 0.8085  Precision: 0.7622  Recall: 0.6646  F1: 0.7101  Antisym: 0.8040

  Training SVM_Linear...
  Val accuracy: 71.20%

  [SVM_Linear]  Accuracy: 70.20%  AUC: 0.7664  Precision: 0.7277  Recall: 0.6301  F1: 0.6754  Antisym: 0.7770
Seed: 123
=== DirectRanker ===
Accuracy:  72.00 %
AUC:       0.8126
Precision: 0.6970
Recall:    0.7622
F1-Score:  0.7282
Antisymmetry score:  0.9100  (1.0 = perfect, ~0.5 = random)

Detailed Classification Report:
              precision    recall  f1-score   support

           0       0.75      0.68      0.71       508
           1       0.70      0.76      0.73       492

    accuracy                           0.72      1000
   macro avg       0.72      0.72      0.72      1000
weighted avg       0.72      0.72      0.72      1000


Confusion Matrix:
[[345 163]
 [117 375]]

=== LogisticRegression ===
Accuracy:  71.60 %
AUC:       0.7718
Precision: 0.7419
Recall:    0.6484
F1-Score:  0.6920
Antisymmetry score:  0.7780
Confusion Matrix:
[[397 111]
 [173 319]]

=== RandomForest ===
Accuracy:  73.30 %
AUC:       0.8085
Precision: 0.7622
Recall:    0.6646
F1-Score:  0.7101
Antisymmetry score:  0.8040
Confusion Matrix:
[[406 102]
 [165 327]]

=== SVM_Linear ===
Accuracy:  70.20 %
AUC:       0.7664
Precision: 0.7277
Recall:    0.6301
F1-Score:  0.6754
Antisymmetry score:  0.7770
Confusion Matrix:
[[392 116]
 [182 310]]

Saved combined test metrics: /group/pmc021/amunif/epi-thesis/workflow/16_Pairwise Ranking Healthy Liver/output/combined/donor_4/test/019-H3K4me3-H3K9me3-H3K27me3-seed123-test-metrics.csv
Saved combined ROC plot: /group/pmc021/amunif/epi-thesis/workflow/16_Pairwise Ranking Healthy Liver/output/combined/donor_4/img/roc/019-H3K4me3-H3K9me3-H3K27me3-seed123-roc-combined.png

Finished 019-H3K4me3-H3K9me3-H3K27me3 (seed 123)

======================================================================
020-H3K4me3-H3K27ac-H3K27me3
======================================================================
Train label distribution:
  Label 0:   4091 (51.1%)
  Label 1:   3909 (48.9%)
Val label distribution:
  Label 0:    494 (49.4%)
  Label 1:    506 (50.6%)
Test label distribution:
  Label 0:    508 (50.8%)
  Label 1:    492 (49.2%)

--- Training DirectRanker ---
Epoch [1/100] [TRAIN] Loss: 0.6708, Accuracy: 64.47%, AUC: 0.70 [VAL] Loss: 0.5859, Accuracy: 74.70%, Precision: 0.73, Recall: 0.80, F1: 0.76, AUC: 0.83
Epoch [2/100] [TRAIN] Loss: 0.6108, Accuracy: 71.95%, AUC: 0.78 [VAL] Loss: 0.5532, Accuracy: 75.30%, Precision: 0.73, Recall: 0.81, F1: 0.77, AUC: 0.84
Epoch [3/100] [TRAIN] Loss: 0.5891, Accuracy: 72.95%, AUC: 0.80 [VAL] Loss: 0.5430, Accuracy: 75.10%, Precision: 0.73, Recall: 0.81, F1: 0.77, AUC: 0.84
Epoch [4/100] [TRAIN] Loss: 0.5820, Accuracy: 73.53%, AUC: 0.80 [VAL] Loss: 0.5379, Accuracy: 75.30%, Precision: 0.73, Recall: 0.81, F1: 0.77, AUC: 0.84
Epoch [5/100] [TRAIN] Loss: 0.5826, Accuracy: 73.29%, AUC: 0.80 [VAL] Loss: 0.5363, Accuracy: 75.30%, Precision: 0.73, Recall: 0.81, F1: 0.77, AUC: 0.84
Epoch [6/100] [TRAIN] Loss: 0.5847, Accuracy: 73.22%, AUC: 0.80 [VAL] Loss: 0.5366, Accuracy: 75.50%, Precision: 0.73, Recall: 0.81, F1: 0.77, AUC: 0.84
Epoch [7/100] [TRAIN] Loss: 0.5778, Accuracy: 73.54%, AUC: 0.81 [VAL] Loss: 0.5342, Accuracy: 75.50%, Precision: 0.73, Recall: 0.81, F1: 0.77, AUC: 0.84
Epoch [8/100] [TRAIN] Loss: 0.5789, Accuracy: 73.79%, AUC: 0.81 [VAL] Loss: 0.5333, Accuracy: 75.50%, Precision: 0.73, Recall: 0.81, F1: 0.77, AUC: 0.84
Epoch [9/100] [TRAIN] Loss: 0.5775, Accuracy: 73.74%, AUC: 0.81 [VAL] Loss: 0.5341, Accuracy: 75.60%, Precision: 0.73, Recall: 0.81, F1: 0.77, AUC: 0.84
Epoch [10/100] [TRAIN] Loss: 0.5723, Accuracy: 73.91%, AUC: 0.81 [VAL] Loss: 0.5322, Accuracy: 75.60%, Precision: 0.74, Recall: 0.81, F1: 0.77, AUC: 0.84
Epoch [11/100] [TRAIN] Loss: 0.5765, Accuracy: 73.49%, AUC: 0.81 [VAL] Loss: 0.5323, Accuracy: 75.60%, Precision: 0.74, Recall: 0.81, F1: 0.77, AUC: 0.84
Epoch [12/100] [TRAIN] Loss: 0.5743, Accuracy: 73.42%, AUC: 0.81 [VAL] Loss: 0.5316, Accuracy: 75.50%, Precision: 0.74, Recall: 0.81, F1: 0.77, AUC: 0.84
Epoch [13/100] [TRAIN] Loss: 0.5752, Accuracy: 73.25%, AUC: 0.81 [VAL] Loss: 0.5324, Accuracy: 75.50%, Precision: 0.74, Recall: 0.81, F1: 0.77, AUC: 0.84
Epoch [14/100] [TRAIN] Loss: 0.5694, Accuracy: 73.81%, AUC: 0.81 [VAL] Loss: 0.5309, Accuracy: 75.40%, Precision: 0.73, Recall: 0.80, F1: 0.77, AUC: 0.84
Epoch [15/100] [TRAIN] Loss: 0.5671, Accuracy: 74.16%, AUC: 0.81 [VAL] Loss: 0.5301, Accuracy: 75.30%, Precision: 0.73, Recall: 0.80, F1: 0.77, AUC: 0.84
Epoch [16/100] [TRAIN] Loss: 0.5673, Accuracy: 73.97%, AUC: 0.81 [VAL] Loss: 0.5297, Accuracy: 75.30%, Precision: 0.73, Recall: 0.80, F1: 0.77, AUC: 0.84
Epoch [17/100] [TRAIN] Loss: 0.5656, Accuracy: 74.39%, AUC: 0.81 [VAL] Loss: 0.5296, Accuracy: 75.20%, Precision: 0.73, Recall: 0.80, F1: 0.77, AUC: 0.84
Epoch [18/100] [TRAIN] Loss: 0.5674, Accuracy: 73.91%, AUC: 0.81 [VAL] Loss: 0.5289, Accuracy: 75.20%, Precision: 0.73, Recall: 0.80, F1: 0.77, AUC: 0.84
Epoch [19/100] [TRAIN] Loss: 0.5674, Accuracy: 73.71%, AUC: 0.81 [VAL] Loss: 0.5293, Accuracy: 75.10%, Precision: 0.73, Recall: 0.80, F1: 0.76, AUC: 0.84
Epoch [20/100] [TRAIN] Loss: 0.5627, Accuracy: 74.10%, AUC: 0.82 [VAL] Loss: 0.5283, Accuracy: 75.10%, Precision: 0.73, Recall: 0.80, F1: 0.76, AUC: 0.84
Epoch [21/100] [TRAIN] Loss: 0.5639, Accuracy: 74.42%, AUC: 0.82 [VAL] Loss: 0.5283, Accuracy: 75.10%, Precision: 0.73, Recall: 0.80, F1: 0.76, AUC: 0.84
Epoch [22/100] [TRAIN] Loss: 0.5659, Accuracy: 73.35%, AUC: 0.81 [VAL] Loss: 0.5290, Accuracy: 75.40%, Precision: 0.73, Recall: 0.81, F1: 0.77, AUC: 0.84
Epoch [23/100] [TRAIN] Loss: 0.5592, Accuracy: 73.83%, AUC: 0.82 [VAL] Loss: 0.5266, Accuracy: 75.30%, Precision: 0.73, Recall: 0.80, F1: 0.77, AUC: 0.84
Epoch [24/100] [TRAIN] Loss: 0.5623, Accuracy: 73.95%, AUC: 0.81 [VAL] Loss: 0.5272, Accuracy: 75.40%, Precision: 0.73, Recall: 0.81, F1: 0.77, AUC: 0.84
Epoch [25/100] [TRAIN] Loss: 0.5637, Accuracy: 74.06%, AUC: 0.82 [VAL] Loss: 0.5267, Accuracy: 75.40%, Precision: 0.73, Recall: 0.80, F1: 0.77, AUC: 0.84
Epoch [26/100] [TRAIN] Loss: 0.5608, Accuracy: 74.49%, AUC: 0.82 [VAL] Loss: 0.5265, Accuracy: 75.40%, Precision: 0.73, Recall: 0.81, F1: 0.77, AUC: 0.84
Epoch [27/100] [TRAIN] Loss: 0.5620, Accuracy: 73.66%, AUC: 0.81 [VAL] Loss: 0.5275, Accuracy: 75.30%, Precision: 0.73, Recall: 0.80, F1: 0.77, AUC: 0.84
Epoch [28/100] [TRAIN] Loss: 0.5581, Accuracy: 73.54%, AUC: 0.82 [VAL] Loss: 0.5261, Accuracy: 75.20%, Precision: 0.73, Recall: 0.80, F1: 0.77, AUC: 0.84
Epoch [29/100] [TRAIN] Loss: 0.5600, Accuracy: 73.95%, AUC: 0.82 [VAL] Loss: 0.5270, Accuracy: 75.10%, Precision: 0.73, Recall: 0.80, F1: 0.76, AUC: 0.84
Epoch [30/100] [TRAIN] Loss: 0.5549, Accuracy: 74.47%, AUC: 0.82 [VAL] Loss: 0.5264, Accuracy: 75.20%, Precision: 0.73, Recall: 0.80, F1: 0.77, AUC: 0.84
Epoch [31/100] [TRAIN] Loss: 0.5609, Accuracy: 73.83%, AUC: 0.82 [VAL] Loss: 0.5266, Accuracy: 75.20%, Precision: 0.73, Recall: 0.80, F1: 0.77, AUC: 0.84
Epoch [32/100] [TRAIN] Loss: 0.5597, Accuracy: 74.25%, AUC: 0.82 [VAL] Loss: 0.5265, Accuracy: 75.20%, Precision: 0.73, Recall: 0.80, F1: 0.77, AUC: 0.84
Epoch [33/100] [TRAIN] Loss: 0.5553, Accuracy: 74.31%, AUC: 0.82 [VAL] Loss: 0.5254, Accuracy: 75.30%, Precision: 0.74, Recall: 0.80, F1: 0.77, AUC: 0.84
Epoch [34/100] [TRAIN] Loss: 0.5533, Accuracy: 74.20%, AUC: 0.82 [VAL] Loss: 0.5250, Accuracy: 75.40%, Precision: 0.74, Recall: 0.80, F1: 0.77, AUC: 0.84
Epoch [35/100] [TRAIN] Loss: 0.5591, Accuracy: 74.29%, AUC: 0.82 [VAL] Loss: 0.5267, Accuracy: 75.60%, Precision: 0.74, Recall: 0.80, F1: 0.77, AUC: 0.84
Epoch [36/100] [TRAIN] Loss: 0.5590, Accuracy: 74.30%, AUC: 0.82 [VAL] Loss: 0.5257, Accuracy: 75.40%, Precision: 0.74, Recall: 0.80, F1: 0.77, AUC: 0.84
Epoch [37/100] [TRAIN] Loss: 0.5513, Accuracy: 74.71%, AUC: 0.82 [VAL] Loss: 0.5249, Accuracy: 75.40%, Precision: 0.74, Recall: 0.80, F1: 0.77, AUC: 0.84
Epoch [38/100] [TRAIN] Loss: 0.5557, Accuracy: 74.42%, AUC: 0.82 [VAL] Loss: 0.5254, Accuracy: 75.50%, Precision: 0.74, Recall: 0.80, F1: 0.77, AUC: 0.84
Epoch [39/100] [TRAIN] Loss: 0.5598, Accuracy: 73.99%, AUC: 0.82 [VAL] Loss: 0.5263, Accuracy: 75.50%, Precision: 0.74, Recall: 0.80, F1: 0.77, AUC: 0.84
Epoch [40/100] [TRAIN] Loss: 0.5539, Accuracy: 74.11%, AUC: 0.82 [VAL] Loss: 0.5255, Accuracy: 75.40%, Precision: 0.74, Recall: 0.80, F1: 0.77, AUC: 0.84
Epoch [41/100] [TRAIN] Loss: 0.5548, Accuracy: 74.44%, AUC: 0.82 [VAL] Loss: 0.5255, Accuracy: 75.40%, Precision: 0.74, Recall: 0.80, F1: 0.77, AUC: 0.84
Epoch [42/100] [TRAIN] Loss: 0.5569, Accuracy: 74.30%, AUC: 0.82 [VAL] Loss: 0.5256, Accuracy: 75.40%, Precision: 0.74, Recall: 0.80, F1: 0.77, AUC: 0.84
Epoch [43/100] [TRAIN] Loss: 0.5559, Accuracy: 73.78%, AUC: 0.82 [VAL] Loss: 0.5255, Accuracy: 75.40%, Precision: 0.74, Recall: 0.80, F1: 0.77, AUC: 0.84
Epoch [44/100] [TRAIN] Loss: 0.5554, Accuracy: 74.34%, AUC: 0.82 [VAL] Loss: 0.5256, Accuracy: 75.40%, Precision: 0.74, Recall: 0.80, F1: 0.77, AUC: 0.84
  Early stopping at epoch 44 (no val_loss improvement for 10 epochs)
  Antisymmetry score (raw):        0.9230
  Antisymmetry score (confident):  1.0000
  Total violations:                77 / 1000
  Pairs near boundary:             165 (16.5%)
  Avg |prob-0.5| at violation:     0.0000

--- Training baselines (LogisticRegression, RandomForest, SVM) ---

  Training LogisticRegression...
  Val accuracy: 73.00%

  [LogisticRegression]  Accuracy: 73.20%  AUC: 0.8017  Precision: 0.7545  Recall: 0.6748  F1: 0.7124  Antisym: 0.7780

  Training RandomForest...
  Val accuracy: 77.00%

  [RandomForest]  Accuracy: 76.30%  AUC: 0.8353  Precision: 0.7931  Recall: 0.7012  F1: 0.7443  Antisym: 0.8450

  Training SVM_Linear...
  Val accuracy: 72.50%

  [SVM_Linear]  Accuracy: 73.40%  AUC: 0.8028  Precision: 0.7616  Recall: 0.6687  F1: 0.7121  Antisym: 0.7730
Seed: 123
=== DirectRanker ===
Accuracy:  73.60 %
AUC:       0.8325
Precision: 0.7127
Recall:    0.7764
F1-Score:  0.7432
Antisymmetry score:  0.9230  (1.0 = perfect, ~0.5 = random)

Detailed Classification Report:
              precision    recall  f1-score   support

           0       0.76      0.70      0.73       508
           1       0.71      0.78      0.74       492

    accuracy                           0.74      1000
   macro avg       0.74      0.74      0.74      1000
weighted avg       0.74      0.74      0.74      1000


Confusion Matrix:
[[354 154]
 [110 382]]

=== LogisticRegression ===
Accuracy:  73.20 %
AUC:       0.8017
Precision: 0.7545
Recall:    0.6748
F1-Score:  0.7124
Antisymmetry score:  0.7780
Confusion Matrix:
[[400 108]
 [160 332]]

=== RandomForest ===
Accuracy:  76.30 %
AUC:       0.8353
Precision: 0.7931
Recall:    0.7012
F1-Score:  0.7443
Antisymmetry score:  0.8450
Confusion Matrix:
[[418  90]
 [147 345]]

=== SVM_Linear ===
Accuracy:  73.40 %
AUC:       0.8028
Precision: 0.7616
Recall:    0.6687
F1-Score:  0.7121
Antisymmetry score:  0.7730
Confusion Matrix:
[[405 103]
 [163 329]]

Saved combined test metrics: /group/pmc021/amunif/epi-thesis/workflow/16_Pairwise Ranking Healthy Liver/output/combined/donor_4/test/020-H3K4me3-H3K27ac-H3K27me3-seed123-test-metrics.csv
Saved combined ROC plot: /group/pmc021/amunif/epi-thesis/workflow/16_Pairwise Ranking Healthy Liver/output/combined/donor_4/img/roc/020-H3K4me3-H3K27ac-H3K27me3-seed123-roc-combined.png

Finished 020-H3K4me3-H3K27ac-H3K27me3 (seed 123)

======================================================================
021-H3K9ac-H3K9me3-H3K27ac
======================================================================
Train label distribution:
  Label 0:   4091 (51.1%)
  Label 1:   3909 (48.9%)
Val label distribution:
  Label 0:    494 (49.4%)
  Label 1:    506 (50.6%)
Test label distribution:
  Label 0:    508 (50.8%)
  Label 1:    492 (49.2%)

--- Training DirectRanker ---
Epoch [1/100] [TRAIN] Loss: 0.6684, Accuracy: 63.77%, AUC: 0.70 [VAL] Loss: 0.5854, Accuracy: 74.10%, Precision: 0.71, Recall: 0.81, F1: 0.76, AUC: 0.82
Epoch [2/100] [TRAIN] Loss: 0.6189, Accuracy: 72.22%, AUC: 0.78 [VAL] Loss: 0.5658, Accuracy: 74.30%, Precision: 0.72, Recall: 0.81, F1: 0.76, AUC: 0.82
Epoch [3/100] [TRAIN] Loss: 0.6037, Accuracy: 73.08%, AUC: 0.79 [VAL] Loss: 0.5591, Accuracy: 74.50%, Precision: 0.72, Recall: 0.82, F1: 0.76, AUC: 0.82
Epoch [4/100] [TRAIN] Loss: 0.6040, Accuracy: 72.67%, AUC: 0.79 [VAL] Loss: 0.5559, Accuracy: 74.30%, Precision: 0.72, Recall: 0.82, F1: 0.76, AUC: 0.82
Epoch [5/100] [TRAIN] Loss: 0.5931, Accuracy: 73.61%, AUC: 0.80 [VAL] Loss: 0.5528, Accuracy: 74.40%, Precision: 0.72, Recall: 0.81, F1: 0.76, AUC: 0.82
Epoch [6/100] [TRAIN] Loss: 0.5937, Accuracy: 73.38%, AUC: 0.80 [VAL] Loss: 0.5509, Accuracy: 74.80%, Precision: 0.72, Recall: 0.82, F1: 0.77, AUC: 0.83
Epoch [7/100] [TRAIN] Loss: 0.5860, Accuracy: 73.42%, AUC: 0.80 [VAL] Loss: 0.5486, Accuracy: 74.80%, Precision: 0.72, Recall: 0.82, F1: 0.77, AUC: 0.83
Epoch [8/100] [TRAIN] Loss: 0.5880, Accuracy: 73.59%, AUC: 0.80 [VAL] Loss: 0.5472, Accuracy: 74.90%, Precision: 0.72, Recall: 0.82, F1: 0.77, AUC: 0.83
Epoch [9/100] [TRAIN] Loss: 0.5862, Accuracy: 73.58%, AUC: 0.80 [VAL] Loss: 0.5460, Accuracy: 74.60%, Precision: 0.72, Recall: 0.81, F1: 0.76, AUC: 0.83
Epoch [10/100] [TRAIN] Loss: 0.5826, Accuracy: 73.39%, AUC: 0.80 [VAL] Loss: 0.5445, Accuracy: 74.40%, Precision: 0.72, Recall: 0.81, F1: 0.76, AUC: 0.83
Epoch [11/100] [TRAIN] Loss: 0.5839, Accuracy: 73.17%, AUC: 0.80 [VAL] Loss: 0.5436, Accuracy: 74.40%, Precision: 0.72, Recall: 0.81, F1: 0.76, AUC: 0.83
Epoch [12/100] [TRAIN] Loss: 0.5788, Accuracy: 73.90%, AUC: 0.81 [VAL] Loss: 0.5424, Accuracy: 74.50%, Precision: 0.72, Recall: 0.81, F1: 0.76, AUC: 0.83
Epoch [13/100] [TRAIN] Loss: 0.5760, Accuracy: 73.64%, AUC: 0.81 [VAL] Loss: 0.5407, Accuracy: 74.40%, Precision: 0.72, Recall: 0.81, F1: 0.76, AUC: 0.83
Epoch [14/100] [TRAIN] Loss: 0.5805, Accuracy: 73.14%, AUC: 0.81 [VAL] Loss: 0.5405, Accuracy: 74.30%, Precision: 0.72, Recall: 0.81, F1: 0.76, AUC: 0.83
Epoch [15/100] [TRAIN] Loss: 0.5763, Accuracy: 73.74%, AUC: 0.81 [VAL] Loss: 0.5393, Accuracy: 74.30%, Precision: 0.72, Recall: 0.81, F1: 0.76, AUC: 0.83
Epoch [16/100] [TRAIN] Loss: 0.5753, Accuracy: 73.83%, AUC: 0.81 [VAL] Loss: 0.5390, Accuracy: 74.30%, Precision: 0.72, Recall: 0.81, F1: 0.76, AUC: 0.83
Epoch [17/100] [TRAIN] Loss: 0.5746, Accuracy: 73.51%, AUC: 0.81 [VAL] Loss: 0.5382, Accuracy: 74.20%, Precision: 0.72, Recall: 0.81, F1: 0.76, AUC: 0.83
Epoch [18/100] [TRAIN] Loss: 0.5766, Accuracy: 74.25%, AUC: 0.81 [VAL] Loss: 0.5379, Accuracy: 74.30%, Precision: 0.72, Recall: 0.81, F1: 0.76, AUC: 0.83
Epoch [19/100] [TRAIN] Loss: 0.5717, Accuracy: 73.70%, AUC: 0.81 [VAL] Loss: 0.5376, Accuracy: 74.00%, Precision: 0.71, Recall: 0.81, F1: 0.76, AUC: 0.83
Epoch [20/100] [TRAIN] Loss: 0.5732, Accuracy: 73.78%, AUC: 0.81 [VAL] Loss: 0.5369, Accuracy: 74.10%, Precision: 0.71, Recall: 0.81, F1: 0.76, AUC: 0.83
Epoch [21/100] [TRAIN] Loss: 0.5733, Accuracy: 73.50%, AUC: 0.81 [VAL] Loss: 0.5366, Accuracy: 74.10%, Precision: 0.71, Recall: 0.81, F1: 0.76, AUC: 0.83
Epoch [22/100] [TRAIN] Loss: 0.5712, Accuracy: 73.50%, AUC: 0.81 [VAL] Loss: 0.5361, Accuracy: 73.80%, Precision: 0.71, Recall: 0.81, F1: 0.76, AUC: 0.83
Epoch [23/100] [TRAIN] Loss: 0.5699, Accuracy: 74.09%, AUC: 0.81 [VAL] Loss: 0.5362, Accuracy: 73.90%, Precision: 0.71, Recall: 0.81, F1: 0.76, AUC: 0.83
Epoch [24/100] [TRAIN] Loss: 0.5700, Accuracy: 73.91%, AUC: 0.81 [VAL] Loss: 0.5350, Accuracy: 73.90%, Precision: 0.71, Recall: 0.81, F1: 0.76, AUC: 0.83
Epoch [25/100] [TRAIN] Loss: 0.5725, Accuracy: 73.89%, AUC: 0.81 [VAL] Loss: 0.5358, Accuracy: 73.80%, Precision: 0.71, Recall: 0.81, F1: 0.76, AUC: 0.83
Epoch [26/100] [TRAIN] Loss: 0.5688, Accuracy: 73.92%, AUC: 0.81 [VAL] Loss: 0.5345, Accuracy: 73.90%, Precision: 0.71, Recall: 0.81, F1: 0.76, AUC: 0.83
Epoch [27/100] [TRAIN] Loss: 0.5675, Accuracy: 73.95%, AUC: 0.81 [VAL] Loss: 0.5343, Accuracy: 74.00%, Precision: 0.71, Recall: 0.81, F1: 0.76, AUC: 0.83
Epoch [28/100] [TRAIN] Loss: 0.5685, Accuracy: 73.66%, AUC: 0.81 [VAL] Loss: 0.5342, Accuracy: 74.00%, Precision: 0.71, Recall: 0.81, F1: 0.76, AUC: 0.83
Epoch [29/100] [TRAIN] Loss: 0.5695, Accuracy: 73.74%, AUC: 0.81 [VAL] Loss: 0.5346, Accuracy: 74.10%, Precision: 0.71, Recall: 0.81, F1: 0.76, AUC: 0.83
Epoch [30/100] [TRAIN] Loss: 0.5664, Accuracy: 74.15%, AUC: 0.81 [VAL] Loss: 0.5333, Accuracy: 74.20%, Precision: 0.71, Recall: 0.82, F1: 0.76, AUC: 0.83
Epoch [31/100] [TRAIN] Loss: 0.5628, Accuracy: 73.86%, AUC: 0.82 [VAL] Loss: 0.5334, Accuracy: 74.30%, Precision: 0.72, Recall: 0.82, F1: 0.76, AUC: 0.83
Epoch [32/100] [TRAIN] Loss: 0.5639, Accuracy: 73.75%, AUC: 0.81 [VAL] Loss: 0.5328, Accuracy: 74.30%, Precision: 0.72, Recall: 0.82, F1: 0.76, AUC: 0.83
Epoch [33/100] [TRAIN] Loss: 0.5602, Accuracy: 74.59%, AUC: 0.82 [VAL] Loss: 0.5327, Accuracy: 74.30%, Precision: 0.72, Recall: 0.82, F1: 0.76, AUC: 0.83
Epoch [34/100] [TRAIN] Loss: 0.5652, Accuracy: 73.75%, AUC: 0.81 [VAL] Loss: 0.5330, Accuracy: 74.40%, Precision: 0.72, Recall: 0.82, F1: 0.76, AUC: 0.83
Epoch [35/100] [TRAIN] Loss: 0.5674, Accuracy: 73.88%, AUC: 0.81 [VAL] Loss: 0.5339, Accuracy: 74.30%, Precision: 0.72, Recall: 0.82, F1: 0.76, AUC: 0.83
Epoch [36/100] [TRAIN] Loss: 0.5618, Accuracy: 74.55%, AUC: 0.82 [VAL] Loss: 0.5332, Accuracy: 74.30%, Precision: 0.72, Recall: 0.82, F1: 0.76, AUC: 0.83
Epoch [37/100] [TRAIN] Loss: 0.5660, Accuracy: 73.60%, AUC: 0.81 [VAL] Loss: 0.5327, Accuracy: 74.40%, Precision: 0.72, Recall: 0.82, F1: 0.76, AUC: 0.83
Epoch [38/100] [TRAIN] Loss: 0.5628, Accuracy: 73.80%, AUC: 0.82 [VAL] Loss: 0.5326, Accuracy: 74.20%, Precision: 0.72, Recall: 0.81, F1: 0.76, AUC: 0.83
Epoch [39/100] [TRAIN] Loss: 0.5604, Accuracy: 74.26%, AUC: 0.82 [VAL] Loss: 0.5318, Accuracy: 74.20%, Precision: 0.72, Recall: 0.81, F1: 0.76, AUC: 0.83
Epoch [40/100] [TRAIN] Loss: 0.5635, Accuracy: 73.84%, AUC: 0.81 [VAL] Loss: 0.5322, Accuracy: 74.20%, Precision: 0.72, Recall: 0.81, F1: 0.76, AUC: 0.83
Epoch [41/100] [TRAIN] Loss: 0.5629, Accuracy: 73.69%, AUC: 0.81 [VAL] Loss: 0.5320, Accuracy: 74.10%, Precision: 0.71, Recall: 0.81, F1: 0.76, AUC: 0.83
Epoch [42/100] [TRAIN] Loss: 0.5631, Accuracy: 73.66%, AUC: 0.81 [VAL] Loss: 0.5314, Accuracy: 74.20%, Precision: 0.72, Recall: 0.81, F1: 0.76, AUC: 0.83
Epoch [43/100] [TRAIN] Loss: 0.5650, Accuracy: 73.83%, AUC: 0.81 [VAL] Loss: 0.5324, Accuracy: 74.10%, Precision: 0.71, Recall: 0.81, F1: 0.76, AUC: 0.83
Epoch [44/100] [TRAIN] Loss: 0.5617, Accuracy: 73.85%, AUC: 0.82 [VAL] Loss: 0.5319, Accuracy: 74.20%, Precision: 0.72, Recall: 0.81, F1: 0.76, AUC: 0.83
Epoch [45/100] [TRAIN] Loss: 0.5604, Accuracy: 73.74%, AUC: 0.82 [VAL] Loss: 0.5314, Accuracy: 74.20%, Precision: 0.72, Recall: 0.81, F1: 0.76, AUC: 0.83
Epoch [46/100] [TRAIN] Loss: 0.5594, Accuracy: 73.90%, AUC: 0.82 [VAL] Loss: 0.5314, Accuracy: 74.20%, Precision: 0.72, Recall: 0.81, F1: 0.76, AUC: 0.83
Epoch [47/100] [TRAIN] Loss: 0.5635, Accuracy: 73.78%, AUC: 0.81 [VAL] Loss: 0.5314, Accuracy: 74.20%, Precision: 0.72, Recall: 0.81, F1: 0.76, AUC: 0.83
Epoch [48/100] [TRAIN] Loss: 0.5569, Accuracy: 73.96%, AUC: 0.82 [VAL] Loss: 0.5310, Accuracy: 74.40%, Precision: 0.72, Recall: 0.81, F1: 0.76, AUC: 0.83
Epoch [49/100] [TRAIN] Loss: 0.5602, Accuracy: 73.65%, AUC: 0.82 [VAL] Loss: 0.5304, Accuracy: 74.30%, Precision: 0.72, Recall: 0.81, F1: 0.76, AUC: 0.83
Epoch [50/100] [TRAIN] Loss: 0.5603, Accuracy: 74.03%, AUC: 0.82 [VAL] Loss: 0.5309, Accuracy: 74.40%, Precision: 0.72, Recall: 0.81, F1: 0.76, AUC: 0.83
Epoch [51/100] [TRAIN] Loss: 0.5604, Accuracy: 74.20%, AUC: 0.82 [VAL] Loss: 0.5318, Accuracy: 74.20%, Precision: 0.72, Recall: 0.81, F1: 0.76, AUC: 0.83
Epoch [52/100] [TRAIN] Loss: 0.5606, Accuracy: 73.88%, AUC: 0.82 [VAL] Loss: 0.5314, Accuracy: 74.40%, Precision: 0.72, Recall: 0.81, F1: 0.76, AUC: 0.83
Epoch [53/100] [TRAIN] Loss: 0.5573, Accuracy: 74.11%, AUC: 0.82 [VAL] Loss: 0.5309, Accuracy: 74.40%, Precision: 0.72, Recall: 0.81, F1: 0.76, AUC: 0.83
Epoch [54/100] [TRAIN] Loss: 0.5568, Accuracy: 74.25%, AUC: 0.82 [VAL] Loss: 0.5312, Accuracy: 74.40%, Precision: 0.72, Recall: 0.81, F1: 0.76, AUC: 0.83
Epoch [55/100] [TRAIN] Loss: 0.5552, Accuracy: 74.25%, AUC: 0.82 [VAL] Loss: 0.5301, Accuracy: 74.30%, Precision: 0.72, Recall: 0.81, F1: 0.76, AUC: 0.83
Epoch [56/100] [TRAIN] Loss: 0.5551, Accuracy: 74.34%, AUC: 0.82 [VAL] Loss: 0.5300, Accuracy: 74.40%, Precision: 0.72, Recall: 0.81, F1: 0.76, AUC: 0.83
Epoch [57/100] [TRAIN] Loss: 0.5589, Accuracy: 74.14%, AUC: 0.82 [VAL] Loss: 0.5306, Accuracy: 74.20%, Precision: 0.72, Recall: 0.81, F1: 0.76, AUC: 0.83
Epoch [58/100] [TRAIN] Loss: 0.5591, Accuracy: 73.96%, AUC: 0.82 [VAL] Loss: 0.5305, Accuracy: 74.00%, Precision: 0.71, Recall: 0.81, F1: 0.76, AUC: 0.83
Epoch [59/100] [TRAIN] Loss: 0.5548, Accuracy: 73.95%, AUC: 0.82 [VAL] Loss: 0.5300, Accuracy: 74.10%, Precision: 0.72, Recall: 0.81, F1: 0.76, AUC: 0.83
Epoch [60/100] [TRAIN] Loss: 0.5550, Accuracy: 74.33%, AUC: 0.82 [VAL] Loss: 0.5301, Accuracy: 74.00%, Precision: 0.72, Recall: 0.81, F1: 0.76, AUC: 0.83
Epoch [61/100] [TRAIN] Loss: 0.5550, Accuracy: 74.05%, AUC: 0.82 [VAL] Loss: 0.5303, Accuracy: 74.10%, Precision: 0.72, Recall: 0.81, F1: 0.76, AUC: 0.83
Epoch [62/100] [TRAIN] Loss: 0.5572, Accuracy: 74.14%, AUC: 0.82 [VAL] Loss: 0.5311, Accuracy: 74.10%, Precision: 0.72, Recall: 0.81, F1: 0.76, AUC: 0.83
Epoch [63/100] [TRAIN] Loss: 0.5554, Accuracy: 74.33%, AUC: 0.82 [VAL] Loss: 0.5309, Accuracy: 74.10%, Precision: 0.72, Recall: 0.81, F1: 0.76, AUC: 0.83
Epoch [64/100] [TRAIN] Loss: 0.5573, Accuracy: 73.95%, AUC: 0.82 [VAL] Loss: 0.5308, Accuracy: 74.10%, Precision: 0.72, Recall: 0.81, F1: 0.76, AUC: 0.83
Epoch [65/100] [TRAIN] Loss: 0.5550, Accuracy: 74.17%, AUC: 0.82 [VAL] Loss: 0.5307, Accuracy: 74.10%, Precision: 0.72, Recall: 0.81, F1: 0.76, AUC: 0.83
Epoch [66/100] [TRAIN] Loss: 0.5585, Accuracy: 73.86%, AUC: 0.82 [VAL] Loss: 0.5307, Accuracy: 74.10%, Precision: 0.72, Recall: 0.81, F1: 0.76, AUC: 0.83
  Early stopping at epoch 66 (no val_loss improvement for 10 epochs)
  Antisymmetry score (raw):        0.8860
  Antisymmetry score (confident):  1.0000
  Total violations:                114 / 1000
  Pairs near boundary:             208 (20.8%)
  Avg |prob-0.5| at violation:     0.0000

--- Training baselines (LogisticRegression, RandomForest, SVM) ---

  Training LogisticRegression...
  Val accuracy: 73.40%

  [LogisticRegression]  Accuracy: 71.10%  AUC: 0.7732  Precision: 0.7446  Recall: 0.6280  F1: 0.6814  Antisym: 0.7250

  Training RandomForest...
  Val accuracy: 76.70%

  [RandomForest]  Accuracy: 75.80%  AUC: 0.8403  Precision: 0.7990  Recall: 0.6789  F1: 0.7341  Antisym: 0.8220

  Training SVM_Linear...
  Val accuracy: 73.00%

  [SVM_Linear]  Accuracy: 70.70%  AUC: 0.7710  Precision: 0.7421  Recall: 0.6199  F1: 0.6755  Antisym: 0.7220
Seed: 123
=== DirectRanker ===
Accuracy:  72.70 %
AUC:       0.8233
Precision: 0.7002
Recall:    0.7785
F1-Score:  0.7372
Antisymmetry score:  0.8860  (1.0 = perfect, ~0.5 = random)

Detailed Classification Report:
              precision    recall  f1-score   support

           0       0.76      0.68      0.72       508
           1       0.70      0.78      0.74       492

    accuracy                           0.73      1000
   macro avg       0.73      0.73      0.73      1000
weighted avg       0.73      0.73      0.73      1000


Confusion Matrix:
[[344 164]
 [109 383]]

=== LogisticRegression ===
Accuracy:  71.10 %
AUC:       0.7732
Precision: 0.7446
Recall:    0.6280
F1-Score:  0.6814
Antisymmetry score:  0.7250
Confusion Matrix:
[[402 106]
 [183 309]]

=== RandomForest ===
Accuracy:  75.80 %
AUC:       0.8403
Precision: 0.7990
Recall:    0.6789
F1-Score:  0.7341
Antisymmetry score:  0.8220
Confusion Matrix:
[[424  84]
 [158 334]]

=== SVM_Linear ===
Accuracy:  70.70 %
AUC:       0.7710
Precision: 0.7421
Recall:    0.6199
F1-Score:  0.6755
Antisymmetry score:  0.7220
Confusion Matrix:
[[402 106]
 [187 305]]

Saved combined test metrics: /group/pmc021/amunif/epi-thesis/workflow/16_Pairwise Ranking Healthy Liver/output/combined/donor_4/test/021-H3K9ac-H3K9me3-H3K27ac-seed123-test-metrics.csv
Saved combined ROC plot: /group/pmc021/amunif/epi-thesis/workflow/16_Pairwise Ranking Healthy Liver/output/combined/donor_4/img/roc/021-H3K9ac-H3K9me3-H3K27ac-seed123-roc-combined.png

Finished 021-H3K9ac-H3K9me3-H3K27ac (seed 123)

======================================================================
022-H3K9ac-H3K9me3-H3K27me3
======================================================================
Train label distribution:
  Label 0:   4091 (51.1%)
  Label 1:   3909 (48.9%)
Val label distribution:
  Label 0:    494 (49.4%)
  Label 1:    506 (50.6%)
Test label distribution:
  Label 0:    508 (50.8%)
  Label 1:    492 (49.2%)

--- Training DirectRanker ---
Epoch [1/100] [TRAIN] Loss: 0.6872, Accuracy: 63.83%, AUC: 0.69 [VAL] Loss: 0.6394, Accuracy: 72.50%, Precision: 0.69, Recall: 0.82, F1: 0.75, AUC: 0.81
Epoch [2/100] [TRAIN] Loss: 0.6372, Accuracy: 70.41%, AUC: 0.77 [VAL] Loss: 0.5935, Accuracy: 73.30%, Precision: 0.70, Recall: 0.82, F1: 0.76, AUC: 0.82
Epoch [3/100] [TRAIN] Loss: 0.6158, Accuracy: 70.81%, AUC: 0.78 [VAL] Loss: 0.5720, Accuracy: 73.20%, Precision: 0.70, Recall: 0.82, F1: 0.76, AUC: 0.82
Epoch [4/100] [TRAIN] Loss: 0.6037, Accuracy: 71.66%, AUC: 0.79 [VAL] Loss: 0.5628, Accuracy: 73.30%, Precision: 0.70, Recall: 0.81, F1: 0.76, AUC: 0.82
Epoch [5/100] [TRAIN] Loss: 0.5998, Accuracy: 71.40%, AUC: 0.79 [VAL] Loss: 0.5582, Accuracy: 73.10%, Precision: 0.70, Recall: 0.81, F1: 0.75, AUC: 0.82
Epoch [6/100] [TRAIN] Loss: 0.6008, Accuracy: 72.01%, AUC: 0.79 [VAL] Loss: 0.5566, Accuracy: 73.20%, Precision: 0.70, Recall: 0.82, F1: 0.76, AUC: 0.82
Epoch [7/100] [TRAIN] Loss: 0.5963, Accuracy: 71.66%, AUC: 0.79 [VAL] Loss: 0.5549, Accuracy: 73.20%, Precision: 0.70, Recall: 0.81, F1: 0.75, AUC: 0.82
Epoch [8/100] [TRAIN] Loss: 0.5962, Accuracy: 72.12%, AUC: 0.79 [VAL] Loss: 0.5543, Accuracy: 73.10%, Precision: 0.70, Recall: 0.81, F1: 0.75, AUC: 0.82
Epoch [9/100] [TRAIN] Loss: 0.5958, Accuracy: 71.89%, AUC: 0.79 [VAL] Loss: 0.5540, Accuracy: 73.00%, Precision: 0.70, Recall: 0.81, F1: 0.75, AUC: 0.82
Epoch [10/100] [TRAIN] Loss: 0.5964, Accuracy: 71.61%, AUC: 0.79 [VAL] Loss: 0.5538, Accuracy: 73.00%, Precision: 0.70, Recall: 0.81, F1: 0.75, AUC: 0.82
Epoch [11/100] [TRAIN] Loss: 0.5977, Accuracy: 72.11%, AUC: 0.79 [VAL] Loss: 0.5534, Accuracy: 73.10%, Precision: 0.70, Recall: 0.81, F1: 0.75, AUC: 0.82
Epoch [12/100] [TRAIN] Loss: 0.5886, Accuracy: 72.10%, AUC: 0.79 [VAL] Loss: 0.5518, Accuracy: 73.10%, Precision: 0.70, Recall: 0.82, F1: 0.75, AUC: 0.82
Epoch [13/100] [TRAIN] Loss: 0.5942, Accuracy: 71.65%, AUC: 0.79 [VAL] Loss: 0.5520, Accuracy: 73.10%, Precision: 0.70, Recall: 0.82, F1: 0.75, AUC: 0.82
Epoch [14/100] [TRAIN] Loss: 0.5886, Accuracy: 72.09%, AUC: 0.79 [VAL] Loss: 0.5514, Accuracy: 73.20%, Precision: 0.70, Recall: 0.82, F1: 0.76, AUC: 0.82
Epoch [15/100] [TRAIN] Loss: 0.5888, Accuracy: 72.06%, AUC: 0.79 [VAL] Loss: 0.5508, Accuracy: 73.10%, Precision: 0.70, Recall: 0.82, F1: 0.75, AUC: 0.82
Epoch [16/100] [TRAIN] Loss: 0.5893, Accuracy: 71.94%, AUC: 0.79 [VAL] Loss: 0.5505, Accuracy: 73.20%, Precision: 0.70, Recall: 0.82, F1: 0.76, AUC: 0.82
Epoch [17/100] [TRAIN] Loss: 0.5893, Accuracy: 71.70%, AUC: 0.79 [VAL] Loss: 0.5505, Accuracy: 73.10%, Precision: 0.70, Recall: 0.81, F1: 0.75, AUC: 0.82
Epoch [18/100] [TRAIN] Loss: 0.5889, Accuracy: 71.85%, AUC: 0.80 [VAL] Loss: 0.5505, Accuracy: 73.00%, Precision: 0.70, Recall: 0.81, F1: 0.75, AUC: 0.82
Epoch [19/100] [TRAIN] Loss: 0.5865, Accuracy: 72.03%, AUC: 0.79 [VAL] Loss: 0.5499, Accuracy: 73.10%, Precision: 0.70, Recall: 0.81, F1: 0.75, AUC: 0.82
Epoch [20/100] [TRAIN] Loss: 0.5905, Accuracy: 72.29%, AUC: 0.79 [VAL] Loss: 0.5502, Accuracy: 73.10%, Precision: 0.70, Recall: 0.81, F1: 0.75, AUC: 0.82
Epoch [21/100] [TRAIN] Loss: 0.5866, Accuracy: 72.12%, AUC: 0.80 [VAL] Loss: 0.5495, Accuracy: 73.10%, Precision: 0.70, Recall: 0.81, F1: 0.75, AUC: 0.82
Epoch [22/100] [TRAIN] Loss: 0.5865, Accuracy: 72.20%, AUC: 0.80 [VAL] Loss: 0.5495, Accuracy: 73.10%, Precision: 0.70, Recall: 0.81, F1: 0.75, AUC: 0.82
Epoch [23/100] [TRAIN] Loss: 0.5863, Accuracy: 71.97%, AUC: 0.79 [VAL] Loss: 0.5491, Accuracy: 73.10%, Precision: 0.70, Recall: 0.81, F1: 0.75, AUC: 0.82
Epoch [24/100] [TRAIN] Loss: 0.5849, Accuracy: 71.91%, AUC: 0.80 [VAL] Loss: 0.5489, Accuracy: 73.10%, Precision: 0.70, Recall: 0.81, F1: 0.75, AUC: 0.82
Epoch [25/100] [TRAIN] Loss: 0.5833, Accuracy: 72.06%, AUC: 0.80 [VAL] Loss: 0.5482, Accuracy: 73.10%, Precision: 0.70, Recall: 0.81, F1: 0.75, AUC: 0.82
Epoch [26/100] [TRAIN] Loss: 0.5828, Accuracy: 72.24%, AUC: 0.80 [VAL] Loss: 0.5481, Accuracy: 73.10%, Precision: 0.70, Recall: 0.81, F1: 0.75, AUC: 0.82
Epoch [27/100] [TRAIN] Loss: 0.5844, Accuracy: 72.06%, AUC: 0.80 [VAL] Loss: 0.5478, Accuracy: 73.10%, Precision: 0.70, Recall: 0.81, F1: 0.75, AUC: 0.82
Epoch [28/100] [TRAIN] Loss: 0.5884, Accuracy: 72.12%, AUC: 0.79 [VAL] Loss: 0.5490, Accuracy: 73.00%, Precision: 0.70, Recall: 0.81, F1: 0.75, AUC: 0.82
Epoch [29/100] [TRAIN] Loss: 0.5811, Accuracy: 72.22%, AUC: 0.80 [VAL] Loss: 0.5476, Accuracy: 73.10%, Precision: 0.70, Recall: 0.81, F1: 0.75, AUC: 0.82
Epoch [30/100] [TRAIN] Loss: 0.5830, Accuracy: 72.56%, AUC: 0.80 [VAL] Loss: 0.5475, Accuracy: 73.10%, Precision: 0.70, Recall: 0.81, F1: 0.75, AUC: 0.82
Epoch [31/100] [TRAIN] Loss: 0.5850, Accuracy: 72.04%, AUC: 0.80 [VAL] Loss: 0.5477, Accuracy: 73.10%, Precision: 0.70, Recall: 0.81, F1: 0.75, AUC: 0.82
Epoch [32/100] [TRAIN] Loss: 0.5811, Accuracy: 72.12%, AUC: 0.80 [VAL] Loss: 0.5478, Accuracy: 73.10%, Precision: 0.70, Recall: 0.81, F1: 0.75, AUC: 0.82
Epoch [33/100] [TRAIN] Loss: 0.5805, Accuracy: 71.84%, AUC: 0.80 [VAL] Loss: 0.5472, Accuracy: 73.10%, Precision: 0.70, Recall: 0.81, F1: 0.75, AUC: 0.82
Epoch [34/100] [TRAIN] Loss: 0.5843, Accuracy: 72.04%, AUC: 0.80 [VAL] Loss: 0.5478, Accuracy: 73.10%, Precision: 0.70, Recall: 0.81, F1: 0.75, AUC: 0.82
Epoch [35/100] [TRAIN] Loss: 0.5813, Accuracy: 71.59%, AUC: 0.80 [VAL] Loss: 0.5473, Accuracy: 73.10%, Precision: 0.70, Recall: 0.81, F1: 0.75, AUC: 0.82
Epoch [36/100] [TRAIN] Loss: 0.5786, Accuracy: 72.53%, AUC: 0.80 [VAL] Loss: 0.5467, Accuracy: 73.10%, Precision: 0.70, Recall: 0.81, F1: 0.75, AUC: 0.82
Epoch [37/100] [TRAIN] Loss: 0.5769, Accuracy: 72.75%, AUC: 0.80 [VAL] Loss: 0.5463, Accuracy: 73.10%, Precision: 0.70, Recall: 0.81, F1: 0.75, AUC: 0.82
Epoch [38/100] [TRAIN] Loss: 0.5785, Accuracy: 72.20%, AUC: 0.80 [VAL] Loss: 0.5456, Accuracy: 73.20%, Precision: 0.70, Recall: 0.81, F1: 0.75, AUC: 0.82
Epoch [39/100] [TRAIN] Loss: 0.5775, Accuracy: 71.99%, AUC: 0.80 [VAL] Loss: 0.5454, Accuracy: 73.20%, Precision: 0.70, Recall: 0.81, F1: 0.75, AUC: 0.82
Epoch [40/100] [TRAIN] Loss: 0.5782, Accuracy: 71.92%, AUC: 0.80 [VAL] Loss: 0.5455, Accuracy: 73.30%, Precision: 0.70, Recall: 0.81, F1: 0.75, AUC: 0.82
Epoch [41/100] [TRAIN] Loss: 0.5770, Accuracy: 72.15%, AUC: 0.80 [VAL] Loss: 0.5454, Accuracy: 73.40%, Precision: 0.71, Recall: 0.81, F1: 0.76, AUC: 0.82
Epoch [42/100] [TRAIN] Loss: 0.5820, Accuracy: 71.74%, AUC: 0.80 [VAL] Loss: 0.5460, Accuracy: 73.60%, Precision: 0.71, Recall: 0.82, F1: 0.76, AUC: 0.82
Epoch [43/100] [TRAIN] Loss: 0.5793, Accuracy: 72.16%, AUC: 0.80 [VAL] Loss: 0.5456, Accuracy: 73.60%, Precision: 0.71, Recall: 0.82, F1: 0.76, AUC: 0.82
Epoch [44/100] [TRAIN] Loss: 0.5795, Accuracy: 72.24%, AUC: 0.80 [VAL] Loss: 0.5461, Accuracy: 73.60%, Precision: 0.71, Recall: 0.82, F1: 0.76, AUC: 0.82
Epoch [45/100] [TRAIN] Loss: 0.5779, Accuracy: 72.22%, AUC: 0.80 [VAL] Loss: 0.5451, Accuracy: 73.60%, Precision: 0.71, Recall: 0.82, F1: 0.76, AUC: 0.82
Epoch [46/100] [TRAIN] Loss: 0.5731, Accuracy: 72.39%, AUC: 0.80 [VAL] Loss: 0.5446, Accuracy: 73.60%, Precision: 0.71, Recall: 0.82, F1: 0.76, AUC: 0.82
Epoch [47/100] [TRAIN] Loss: 0.5792, Accuracy: 72.20%, AUC: 0.80 [VAL] Loss: 0.5448, Accuracy: 73.70%, Precision: 0.71, Recall: 0.82, F1: 0.76, AUC: 0.82
Epoch [48/100] [TRAIN] Loss: 0.5745, Accuracy: 72.19%, AUC: 0.80 [VAL] Loss: 0.5443, Accuracy: 73.70%, Precision: 0.71, Recall: 0.82, F1: 0.76, AUC: 0.82
Epoch [49/100] [TRAIN] Loss: 0.5747, Accuracy: 72.85%, AUC: 0.80 [VAL] Loss: 0.5440, Accuracy: 73.70%, Precision: 0.71, Recall: 0.82, F1: 0.76, AUC: 0.82
Epoch [50/100] [TRAIN] Loss: 0.5727, Accuracy: 72.46%, AUC: 0.80 [VAL] Loss: 0.5443, Accuracy: 73.70%, Precision: 0.71, Recall: 0.82, F1: 0.76, AUC: 0.83
Epoch [51/100] [TRAIN] Loss: 0.5769, Accuracy: 72.45%, AUC: 0.80 [VAL] Loss: 0.5443, Accuracy: 73.70%, Precision: 0.71, Recall: 0.82, F1: 0.76, AUC: 0.83
Epoch [52/100] [TRAIN] Loss: 0.5744, Accuracy: 72.72%, AUC: 0.80 [VAL] Loss: 0.5443, Accuracy: 73.70%, Precision: 0.71, Recall: 0.82, F1: 0.76, AUC: 0.83
Epoch [53/100] [TRAIN] Loss: 0.5732, Accuracy: 71.89%, AUC: 0.80 [VAL] Loss: 0.5438, Accuracy: 73.70%, Precision: 0.71, Recall: 0.82, F1: 0.76, AUC: 0.83
Epoch [54/100] [TRAIN] Loss: 0.5749, Accuracy: 72.19%, AUC: 0.80 [VAL] Loss: 0.5438, Accuracy: 73.50%, Precision: 0.71, Recall: 0.82, F1: 0.76, AUC: 0.83
Epoch [55/100] [TRAIN] Loss: 0.5725, Accuracy: 72.47%, AUC: 0.80 [VAL] Loss: 0.5434, Accuracy: 73.50%, Precision: 0.71, Recall: 0.82, F1: 0.76, AUC: 0.83
Epoch [56/100] [TRAIN] Loss: 0.5737, Accuracy: 72.29%, AUC: 0.80 [VAL] Loss: 0.5433, Accuracy: 73.60%, Precision: 0.71, Recall: 0.82, F1: 0.76, AUC: 0.83
Epoch [57/100] [TRAIN] Loss: 0.5708, Accuracy: 72.44%, AUC: 0.81 [VAL] Loss: 0.5429, Accuracy: 73.50%, Precision: 0.71, Recall: 0.82, F1: 0.76, AUC: 0.83
Epoch [58/100] [TRAIN] Loss: 0.5737, Accuracy: 72.08%, AUC: 0.80 [VAL] Loss: 0.5428, Accuracy: 73.50%, Precision: 0.71, Recall: 0.82, F1: 0.76, AUC: 0.83
Epoch [59/100] [TRAIN] Loss: 0.5737, Accuracy: 71.60%, AUC: 0.80 [VAL] Loss: 0.5426, Accuracy: 73.50%, Precision: 0.71, Recall: 0.82, F1: 0.76, AUC: 0.83
Epoch [60/100] [TRAIN] Loss: 0.5700, Accuracy: 72.30%, AUC: 0.81 [VAL] Loss: 0.5423, Accuracy: 73.40%, Precision: 0.70, Recall: 0.82, F1: 0.76, AUC: 0.83
Epoch [61/100] [TRAIN] Loss: 0.5701, Accuracy: 72.70%, AUC: 0.81 [VAL] Loss: 0.5419, Accuracy: 73.50%, Precision: 0.71, Recall: 0.82, F1: 0.76, AUC: 0.83
Epoch [62/100] [TRAIN] Loss: 0.5708, Accuracy: 72.46%, AUC: 0.80 [VAL] Loss: 0.5417, Accuracy: 73.50%, Precision: 0.71, Recall: 0.82, F1: 0.76, AUC: 0.83
Epoch [63/100] [TRAIN] Loss: 0.5693, Accuracy: 72.47%, AUC: 0.81 [VAL] Loss: 0.5420, Accuracy: 73.40%, Precision: 0.71, Recall: 0.81, F1: 0.76, AUC: 0.83
Epoch [64/100] [TRAIN] Loss: 0.5731, Accuracy: 71.90%, AUC: 0.80 [VAL] Loss: 0.5421, Accuracy: 73.40%, Precision: 0.71, Recall: 0.81, F1: 0.76, AUC: 0.83
Epoch [65/100] [TRAIN] Loss: 0.5739, Accuracy: 72.08%, AUC: 0.80 [VAL] Loss: 0.5422, Accuracy: 73.40%, Precision: 0.71, Recall: 0.81, F1: 0.76, AUC: 0.83
Epoch [66/100] [TRAIN] Loss: 0.5706, Accuracy: 72.36%, AUC: 0.80 [VAL] Loss: 0.5416, Accuracy: 73.50%, Precision: 0.71, Recall: 0.81, F1: 0.76, AUC: 0.83
Epoch [67/100] [TRAIN] Loss: 0.5686, Accuracy: 72.53%, AUC: 0.81 [VAL] Loss: 0.5415, Accuracy: 73.50%, Precision: 0.71, Recall: 0.81, F1: 0.76, AUC: 0.83
Epoch [68/100] [TRAIN] Loss: 0.5687, Accuracy: 72.30%, AUC: 0.81 [VAL] Loss: 0.5409, Accuracy: 73.50%, Precision: 0.71, Recall: 0.81, F1: 0.76, AUC: 0.83
Epoch [69/100] [TRAIN] Loss: 0.5692, Accuracy: 72.65%, AUC: 0.81 [VAL] Loss: 0.5410, Accuracy: 73.50%, Precision: 0.71, Recall: 0.81, F1: 0.76, AUC: 0.83
Epoch [70/100] [TRAIN] Loss: 0.5680, Accuracy: 72.29%, AUC: 0.81 [VAL] Loss: 0.5405, Accuracy: 73.50%, Precision: 0.71, Recall: 0.81, F1: 0.76, AUC: 0.83
Epoch [71/100] [TRAIN] Loss: 0.5691, Accuracy: 72.39%, AUC: 0.81 [VAL] Loss: 0.5407, Accuracy: 73.50%, Precision: 0.71, Recall: 0.82, F1: 0.76, AUC: 0.83
Epoch [72/100] [TRAIN] Loss: 0.5715, Accuracy: 72.25%, AUC: 0.80 [VAL] Loss: 0.5411, Accuracy: 73.40%, Precision: 0.71, Recall: 0.81, F1: 0.76, AUC: 0.83
Epoch [73/100] [TRAIN] Loss: 0.5684, Accuracy: 72.39%, AUC: 0.81 [VAL] Loss: 0.5407, Accuracy: 73.10%, Precision: 0.70, Recall: 0.81, F1: 0.75, AUC: 0.83
Epoch [74/100] [TRAIN] Loss: 0.5660, Accuracy: 72.08%, AUC: 0.81 [VAL] Loss: 0.5403, Accuracy: 73.30%, Precision: 0.70, Recall: 0.81, F1: 0.76, AUC: 0.83
Epoch [75/100] [TRAIN] Loss: 0.5690, Accuracy: 72.79%, AUC: 0.81 [VAL] Loss: 0.5403, Accuracy: 73.30%, Precision: 0.70, Recall: 0.81, F1: 0.76, AUC: 0.83
Epoch [76/100] [TRAIN] Loss: 0.5657, Accuracy: 72.08%, AUC: 0.81 [VAL] Loss: 0.5400, Accuracy: 73.30%, Precision: 0.70, Recall: 0.81, F1: 0.76, AUC: 0.83
Epoch [77/100] [TRAIN] Loss: 0.5650, Accuracy: 72.84%, AUC: 0.81 [VAL] Loss: 0.5397, Accuracy: 73.20%, Precision: 0.70, Recall: 0.81, F1: 0.75, AUC: 0.83
Epoch [78/100] [TRAIN] Loss: 0.5676, Accuracy: 72.26%, AUC: 0.81 [VAL] Loss: 0.5396, Accuracy: 73.30%, Precision: 0.70, Recall: 0.81, F1: 0.76, AUC: 0.83
Epoch [79/100] [TRAIN] Loss: 0.5670, Accuracy: 72.16%, AUC: 0.81 [VAL] Loss: 0.5395, Accuracy: 73.20%, Precision: 0.70, Recall: 0.81, F1: 0.75, AUC: 0.83
Epoch [80/100] [TRAIN] Loss: 0.5650, Accuracy: 72.11%, AUC: 0.81 [VAL] Loss: 0.5395, Accuracy: 73.30%, Precision: 0.70, Recall: 0.81, F1: 0.76, AUC: 0.83
Epoch [81/100] [TRAIN] Loss: 0.5627, Accuracy: 72.59%, AUC: 0.81 [VAL] Loss: 0.5392, Accuracy: 73.10%, Precision: 0.70, Recall: 0.81, F1: 0.75, AUC: 0.83
Epoch [82/100] [TRAIN] Loss: 0.5655, Accuracy: 72.04%, AUC: 0.81 [VAL] Loss: 0.5389, Accuracy: 73.40%, Precision: 0.71, Recall: 0.81, F1: 0.76, AUC: 0.83
Epoch [83/100] [TRAIN] Loss: 0.5636, Accuracy: 72.47%, AUC: 0.81 [VAL] Loss: 0.5387, Accuracy: 73.10%, Precision: 0.70, Recall: 0.81, F1: 0.75, AUC: 0.83
Epoch [84/100] [TRAIN] Loss: 0.5637, Accuracy: 72.75%, AUC: 0.81 [VAL] Loss: 0.5385, Accuracy: 73.00%, Precision: 0.70, Recall: 0.81, F1: 0.75, AUC: 0.83
Epoch [85/100] [TRAIN] Loss: 0.5633, Accuracy: 72.89%, AUC: 0.81 [VAL] Loss: 0.5385, Accuracy: 73.00%, Precision: 0.70, Recall: 0.81, F1: 0.75, AUC: 0.83
Epoch [86/100] [TRAIN] Loss: 0.5629, Accuracy: 72.76%, AUC: 0.81 [VAL] Loss: 0.5384, Accuracy: 73.00%, Precision: 0.70, Recall: 0.81, F1: 0.75, AUC: 0.83
Epoch [87/100] [TRAIN] Loss: 0.5614, Accuracy: 72.76%, AUC: 0.81 [VAL] Loss: 0.5382, Accuracy: 73.00%, Precision: 0.70, Recall: 0.81, F1: 0.75, AUC: 0.83
Epoch [88/100] [TRAIN] Loss: 0.5652, Accuracy: 72.78%, AUC: 0.81 [VAL] Loss: 0.5386, Accuracy: 73.00%, Precision: 0.70, Recall: 0.81, F1: 0.75, AUC: 0.83
Epoch [89/100] [TRAIN] Loss: 0.5634, Accuracy: 72.38%, AUC: 0.81 [VAL] Loss: 0.5383, Accuracy: 72.90%, Precision: 0.70, Recall: 0.81, F1: 0.75, AUC: 0.83
Epoch [90/100] [TRAIN] Loss: 0.5638, Accuracy: 72.56%, AUC: 0.81 [VAL] Loss: 0.5379, Accuracy: 73.00%, Precision: 0.70, Recall: 0.81, F1: 0.75, AUC: 0.83
Epoch [91/100] [TRAIN] Loss: 0.5621, Accuracy: 72.62%, AUC: 0.81 [VAL] Loss: 0.5379, Accuracy: 73.00%, Precision: 0.70, Recall: 0.81, F1: 0.75, AUC: 0.83
Epoch [92/100] [TRAIN] Loss: 0.5638, Accuracy: 72.03%, AUC: 0.81 [VAL] Loss: 0.5380, Accuracy: 73.00%, Precision: 0.70, Recall: 0.81, F1: 0.75, AUC: 0.83
Epoch [93/100] [TRAIN] Loss: 0.5617, Accuracy: 72.55%, AUC: 0.81 [VAL] Loss: 0.5375, Accuracy: 73.00%, Precision: 0.70, Recall: 0.81, F1: 0.75, AUC: 0.83
Epoch [94/100] [TRAIN] Loss: 0.5633, Accuracy: 72.36%, AUC: 0.81 [VAL] Loss: 0.5377, Accuracy: 73.00%, Precision: 0.70, Recall: 0.81, F1: 0.75, AUC: 0.83
Epoch [95/100] [TRAIN] Loss: 0.5602, Accuracy: 72.86%, AUC: 0.81 [VAL] Loss: 0.5371, Accuracy: 73.00%, Precision: 0.70, Recall: 0.81, F1: 0.75, AUC: 0.83
Epoch [96/100] [TRAIN] Loss: 0.5617, Accuracy: 72.33%, AUC: 0.81 [VAL] Loss: 0.5371, Accuracy: 73.00%, Precision: 0.70, Recall: 0.81, F1: 0.75, AUC: 0.83
Epoch [97/100] [TRAIN] Loss: 0.5594, Accuracy: 72.69%, AUC: 0.81 [VAL] Loss: 0.5367, Accuracy: 73.10%, Precision: 0.70, Recall: 0.81, F1: 0.75, AUC: 0.83
Epoch [98/100] [TRAIN] Loss: 0.5625, Accuracy: 72.41%, AUC: 0.81 [VAL] Loss: 0.5368, Accuracy: 73.10%, Precision: 0.70, Recall: 0.81, F1: 0.75, AUC: 0.83
Epoch [99/100] [TRAIN] Loss: 0.5583, Accuracy: 72.50%, AUC: 0.81 [VAL] Loss: 0.5366, Accuracy: 73.00%, Precision: 0.70, Recall: 0.81, F1: 0.75, AUC: 0.83
Epoch [100/100] [TRAIN] Loss: 0.5592, Accuracy: 72.84%, AUC: 0.81 [VAL] Loss: 0.5362, Accuracy: 73.00%, Precision: 0.70, Recall: 0.81, F1: 0.75, AUC: 0.83
  Antisymmetry score (raw):        0.8490
  Antisymmetry score (confident):  1.0000
  Total violations:                151 / 1000
  Pairs near boundary:             233 (23.3%)
  Avg |prob-0.5| at violation:     0.0000

--- Training baselines (LogisticRegression, RandomForest, SVM) ---

  Training LogisticRegression...
  Val accuracy: 73.00%

  [LogisticRegression]  Accuracy: 69.80%  AUC: 0.7603  Precision: 0.7423  Recall: 0.5915  F1: 0.6584  Antisym: 0.7140

  Training RandomForest...
  Val accuracy: 76.70%

  [RandomForest]  Accuracy: 72.20%  AUC: 0.8186  Precision: 0.7662  Recall: 0.6260  F1: 0.6890  Antisym: 0.7590

  Training SVM_Linear...
  Val accuracy: 72.10%

  [SVM_Linear]  Accuracy: 69.00%  AUC: 0.7590  Precision: 0.7370  Recall: 0.5752  F1: 0.6461  Antisym: 0.6860
Seed: 123
=== DirectRanker ===
Accuracy:  72.00 %
AUC:       0.8148
Precision: 0.6893
Recall:    0.7846
F1-Score:  0.7338
Antisymmetry score:  0.8490  (1.0 = perfect, ~0.5 = random)

Detailed Classification Report:
              precision    recall  f1-score   support

           0       0.76      0.66      0.70       508
           1       0.69      0.78      0.73       492

    accuracy                           0.72      1000
   macro avg       0.72      0.72      0.72      1000
weighted avg       0.72      0.72      0.72      1000


Confusion Matrix:
[[334 174]
 [106 386]]

=== LogisticRegression ===
Accuracy:  69.80 %
AUC:       0.7603
Precision: 0.7423
Recall:    0.5915
F1-Score:  0.6584
Antisymmetry score:  0.7140
Confusion Matrix:
[[407 101]
 [201 291]]

=== RandomForest ===
Accuracy:  72.20 %
AUC:       0.8186
Precision: 0.7662
Recall:    0.6260
F1-Score:  0.6890
Antisymmetry score:  0.7590
Confusion Matrix:
[[414  94]
 [184 308]]

=== SVM_Linear ===
Accuracy:  69.00 %
AUC:       0.7590
Precision: 0.7370
Recall:    0.5752
F1-Score:  0.6461
Antisymmetry score:  0.6860
Confusion Matrix:
[[407 101]
 [209 283]]

Saved combined test metrics: /group/pmc021/amunif/epi-thesis/workflow/16_Pairwise Ranking Healthy Liver/output/combined/donor_4/test/022-H3K9ac-H3K9me3-H3K27me3-seed123-test-metrics.csv
Saved combined ROC plot: /group/pmc021/amunif/epi-thesis/workflow/16_Pairwise Ranking Healthy Liver/output/combined/donor_4/img/roc/022-H3K9ac-H3K9me3-H3K27me3-seed123-roc-combined.png

Finished 022-H3K9ac-H3K9me3-H3K27me3 (seed 123)

======================================================================
023-H3K9ac-H3K27ac-H3K27me3
======================================================================
Train label distribution:
  Label 0:   4091 (51.1%)
  Label 1:   3909 (48.9%)
Val label distribution:
  Label 0:    494 (49.4%)
  Label 1:    506 (50.6%)
Test label distribution:
  Label 0:    508 (50.8%)
  Label 1:    492 (49.2%)

--- Training DirectRanker ---
Epoch [1/100] [TRAIN] Loss: 0.6509, Accuracy: 67.61%, AUC: 0.74 [VAL] Loss: 0.5707, Accuracy: 75.90%, Precision: 0.74, Recall: 0.82, F1: 0.77, AUC: 0.83
Epoch [2/100] [TRAIN] Loss: 0.6148, Accuracy: 72.36%, AUC: 0.78 [VAL] Loss: 0.5587, Accuracy: 75.50%, Precision: 0.73, Recall: 0.82, F1: 0.77, AUC: 0.83
Epoch [3/100] [TRAIN] Loss: 0.5941, Accuracy: 72.90%, AUC: 0.80 [VAL] Loss: 0.5521, Accuracy: 75.40%, Precision: 0.73, Recall: 0.81, F1: 0.77, AUC: 0.83
Epoch [4/100] [TRAIN] Loss: 0.5993, Accuracy: 73.08%, AUC: 0.79 [VAL] Loss: 0.5512, Accuracy: 75.40%, Precision: 0.73, Recall: 0.81, F1: 0.77, AUC: 0.83
Epoch [5/100] [TRAIN] Loss: 0.5925, Accuracy: 73.08%, AUC: 0.80 [VAL] Loss: 0.5493, Accuracy: 75.10%, Precision: 0.73, Recall: 0.81, F1: 0.77, AUC: 0.83
Epoch [6/100] [TRAIN] Loss: 0.5859, Accuracy: 73.39%, AUC: 0.80 [VAL] Loss: 0.5473, Accuracy: 75.00%, Precision: 0.73, Recall: 0.81, F1: 0.77, AUC: 0.83
Epoch [7/100] [TRAIN] Loss: 0.5805, Accuracy: 73.85%, AUC: 0.81 [VAL] Loss: 0.5442, Accuracy: 75.10%, Precision: 0.73, Recall: 0.81, F1: 0.77, AUC: 0.83
Epoch [8/100] [TRAIN] Loss: 0.5844, Accuracy: 73.22%, AUC: 0.80 [VAL] Loss: 0.5439, Accuracy: 75.00%, Precision: 0.73, Recall: 0.81, F1: 0.77, AUC: 0.83
Epoch [9/100] [TRAIN] Loss: 0.5830, Accuracy: 73.58%, AUC: 0.80 [VAL] Loss: 0.5438, Accuracy: 74.80%, Precision: 0.73, Recall: 0.81, F1: 0.76, AUC: 0.83
Epoch [10/100] [TRAIN] Loss: 0.5805, Accuracy: 73.70%, AUC: 0.81 [VAL] Loss: 0.5433, Accuracy: 74.70%, Precision: 0.72, Recall: 0.81, F1: 0.76, AUC: 0.83
Epoch [11/100] [TRAIN] Loss: 0.5772, Accuracy: 73.51%, AUC: 0.81 [VAL] Loss: 0.5430, Accuracy: 74.70%, Precision: 0.72, Recall: 0.81, F1: 0.76, AUC: 0.83
Epoch [12/100] [TRAIN] Loss: 0.5785, Accuracy: 73.29%, AUC: 0.81 [VAL] Loss: 0.5422, Accuracy: 74.60%, Precision: 0.72, Recall: 0.81, F1: 0.76, AUC: 0.83
Epoch [13/100] [TRAIN] Loss: 0.5786, Accuracy: 73.65%, AUC: 0.81 [VAL] Loss: 0.5412, Accuracy: 74.70%, Precision: 0.72, Recall: 0.81, F1: 0.76, AUC: 0.83
Epoch [14/100] [TRAIN] Loss: 0.5741, Accuracy: 73.84%, AUC: 0.81 [VAL] Loss: 0.5414, Accuracy: 74.60%, Precision: 0.72, Recall: 0.81, F1: 0.76, AUC: 0.83
Epoch [15/100] [TRAIN] Loss: 0.5706, Accuracy: 73.75%, AUC: 0.81 [VAL] Loss: 0.5402, Accuracy: 74.60%, Precision: 0.72, Recall: 0.81, F1: 0.76, AUC: 0.83
Epoch [16/100] [TRAIN] Loss: 0.5739, Accuracy: 74.15%, AUC: 0.81 [VAL] Loss: 0.5402, Accuracy: 74.60%, Precision: 0.72, Recall: 0.81, F1: 0.76, AUC: 0.83
Epoch [17/100] [TRAIN] Loss: 0.5743, Accuracy: 73.53%, AUC: 0.81 [VAL] Loss: 0.5401, Accuracy: 74.40%, Precision: 0.72, Recall: 0.80, F1: 0.76, AUC: 0.83
Epoch [18/100] [TRAIN] Loss: 0.5716, Accuracy: 73.66%, AUC: 0.81 [VAL] Loss: 0.5400, Accuracy: 74.40%, Precision: 0.72, Recall: 0.80, F1: 0.76, AUC: 0.83
Epoch [19/100] [TRAIN] Loss: 0.5697, Accuracy: 73.21%, AUC: 0.81 [VAL] Loss: 0.5390, Accuracy: 74.40%, Precision: 0.72, Recall: 0.80, F1: 0.76, AUC: 0.83
Epoch [20/100] [TRAIN] Loss: 0.5671, Accuracy: 73.61%, AUC: 0.81 [VAL] Loss: 0.5380, Accuracy: 74.50%, Precision: 0.72, Recall: 0.80, F1: 0.76, AUC: 0.83
Epoch [21/100] [TRAIN] Loss: 0.5692, Accuracy: 73.66%, AUC: 0.81 [VAL] Loss: 0.5383, Accuracy: 74.60%, Precision: 0.72, Recall: 0.81, F1: 0.76, AUC: 0.83
Epoch [22/100] [TRAIN] Loss: 0.5634, Accuracy: 73.81%, AUC: 0.82 [VAL] Loss: 0.5377, Accuracy: 74.60%, Precision: 0.72, Recall: 0.81, F1: 0.76, AUC: 0.83
Epoch [23/100] [TRAIN] Loss: 0.5669, Accuracy: 73.61%, AUC: 0.81 [VAL] Loss: 0.5382, Accuracy: 74.60%, Precision: 0.72, Recall: 0.81, F1: 0.76, AUC: 0.83
Epoch [24/100] [TRAIN] Loss: 0.5667, Accuracy: 73.79%, AUC: 0.81 [VAL] Loss: 0.5381, Accuracy: 74.70%, Precision: 0.72, Recall: 0.81, F1: 0.76, AUC: 0.83
Epoch [25/100] [TRAIN] Loss: 0.5695, Accuracy: 73.79%, AUC: 0.81 [VAL] Loss: 0.5376, Accuracy: 74.80%, Precision: 0.73, Recall: 0.81, F1: 0.76, AUC: 0.83
Epoch [26/100] [TRAIN] Loss: 0.5682, Accuracy: 73.88%, AUC: 0.81 [VAL] Loss: 0.5372, Accuracy: 74.80%, Precision: 0.73, Recall: 0.81, F1: 0.76, AUC: 0.83
Epoch [27/100] [TRAIN] Loss: 0.5647, Accuracy: 73.69%, AUC: 0.81 [VAL] Loss: 0.5361, Accuracy: 74.60%, Precision: 0.72, Recall: 0.81, F1: 0.76, AUC: 0.83
Epoch [28/100] [TRAIN] Loss: 0.5677, Accuracy: 73.53%, AUC: 0.81 [VAL] Loss: 0.5365, Accuracy: 74.80%, Precision: 0.73, Recall: 0.81, F1: 0.76, AUC: 0.83
Epoch [29/100] [TRAIN] Loss: 0.5668, Accuracy: 73.78%, AUC: 0.81 [VAL] Loss: 0.5362, Accuracy: 74.80%, Precision: 0.73, Recall: 0.81, F1: 0.76, AUC: 0.83
Epoch [30/100] [TRAIN] Loss: 0.5655, Accuracy: 73.51%, AUC: 0.81 [VAL] Loss: 0.5368, Accuracy: 74.90%, Precision: 0.73, Recall: 0.81, F1: 0.77, AUC: 0.83
Epoch [31/100] [TRAIN] Loss: 0.5636, Accuracy: 73.38%, AUC: 0.81 [VAL] Loss: 0.5364, Accuracy: 74.80%, Precision: 0.73, Recall: 0.81, F1: 0.76, AUC: 0.83
Epoch [32/100] [TRAIN] Loss: 0.5637, Accuracy: 73.45%, AUC: 0.81 [VAL] Loss: 0.5358, Accuracy: 75.00%, Precision: 0.73, Recall: 0.81, F1: 0.77, AUC: 0.83
Epoch [33/100] [TRAIN] Loss: 0.5618, Accuracy: 73.88%, AUC: 0.82 [VAL] Loss: 0.5360, Accuracy: 75.10%, Precision: 0.73, Recall: 0.81, F1: 0.77, AUC: 0.83
Epoch [34/100] [TRAIN] Loss: 0.5602, Accuracy: 74.25%, AUC: 0.82 [VAL] Loss: 0.5357, Accuracy: 75.10%, Precision: 0.73, Recall: 0.81, F1: 0.77, AUC: 0.83
Epoch [35/100] [TRAIN] Loss: 0.5614, Accuracy: 73.64%, AUC: 0.82 [VAL] Loss: 0.5352, Accuracy: 75.10%, Precision: 0.73, Recall: 0.81, F1: 0.77, AUC: 0.83
Epoch [36/100] [TRAIN] Loss: 0.5596, Accuracy: 73.84%, AUC: 0.82 [VAL] Loss: 0.5353, Accuracy: 75.00%, Precision: 0.73, Recall: 0.81, F1: 0.77, AUC: 0.83
Epoch [37/100] [TRAIN] Loss: 0.5577, Accuracy: 74.01%, AUC: 0.82 [VAL] Loss: 0.5351, Accuracy: 75.00%, Precision: 0.73, Recall: 0.81, F1: 0.77, AUC: 0.83
Epoch [38/100] [TRAIN] Loss: 0.5595, Accuracy: 74.10%, AUC: 0.82 [VAL] Loss: 0.5348, Accuracy: 74.90%, Precision: 0.73, Recall: 0.81, F1: 0.77, AUC: 0.83
Epoch [39/100] [TRAIN] Loss: 0.5606, Accuracy: 73.78%, AUC: 0.82 [VAL] Loss: 0.5353, Accuracy: 75.00%, Precision: 0.73, Recall: 0.81, F1: 0.77, AUC: 0.83
Epoch [40/100] [TRAIN] Loss: 0.5622, Accuracy: 73.71%, AUC: 0.81 [VAL] Loss: 0.5357, Accuracy: 74.80%, Precision: 0.72, Recall: 0.81, F1: 0.76, AUC: 0.83
Epoch [41/100] [TRAIN] Loss: 0.5580, Accuracy: 74.17%, AUC: 0.82 [VAL] Loss: 0.5349, Accuracy: 74.80%, Precision: 0.72, Recall: 0.81, F1: 0.76, AUC: 0.83
Epoch [42/100] [TRAIN] Loss: 0.5591, Accuracy: 73.69%, AUC: 0.82 [VAL] Loss: 0.5349, Accuracy: 75.10%, Precision: 0.73, Recall: 0.81, F1: 0.77, AUC: 0.83
Epoch [43/100] [TRAIN] Loss: 0.5611, Accuracy: 73.55%, AUC: 0.81 [VAL] Loss: 0.5345, Accuracy: 75.00%, Precision: 0.73, Recall: 0.81, F1: 0.77, AUC: 0.83
Epoch [44/100] [TRAIN] Loss: 0.5599, Accuracy: 73.67%, AUC: 0.82 [VAL] Loss: 0.5343, Accuracy: 75.00%, Precision: 0.73, Recall: 0.81, F1: 0.77, AUC: 0.83
Epoch [45/100] [TRAIN] Loss: 0.5584, Accuracy: 74.45%, AUC: 0.82 [VAL] Loss: 0.5347, Accuracy: 74.90%, Precision: 0.72, Recall: 0.81, F1: 0.77, AUC: 0.83
Epoch [46/100] [TRAIN] Loss: 0.5574, Accuracy: 74.33%, AUC: 0.82 [VAL] Loss: 0.5340, Accuracy: 75.00%, Precision: 0.73, Recall: 0.81, F1: 0.77, AUC: 0.83
Epoch [47/100] [TRAIN] Loss: 0.5601, Accuracy: 73.92%, AUC: 0.82 [VAL] Loss: 0.5344, Accuracy: 75.00%, Precision: 0.73, Recall: 0.81, F1: 0.77, AUC: 0.83
Epoch [48/100] [TRAIN] Loss: 0.5530, Accuracy: 74.67%, AUC: 0.82 [VAL] Loss: 0.5332, Accuracy: 75.00%, Precision: 0.73, Recall: 0.81, F1: 0.77, AUC: 0.83
Epoch [49/100] [TRAIN] Loss: 0.5547, Accuracy: 74.09%, AUC: 0.82 [VAL] Loss: 0.5331, Accuracy: 75.00%, Precision: 0.73, Recall: 0.81, F1: 0.77, AUC: 0.83
Epoch [50/100] [TRAIN] Loss: 0.5585, Accuracy: 73.95%, AUC: 0.82 [VAL] Loss: 0.5330, Accuracy: 74.70%, Precision: 0.72, Recall: 0.81, F1: 0.76, AUC: 0.83
Epoch [51/100] [TRAIN] Loss: 0.5551, Accuracy: 74.35%, AUC: 0.82 [VAL] Loss: 0.5328, Accuracy: 74.80%, Precision: 0.72, Recall: 0.81, F1: 0.76, AUC: 0.83
Epoch [52/100] [TRAIN] Loss: 0.5585, Accuracy: 74.03%, AUC: 0.82 [VAL] Loss: 0.5337, Accuracy: 74.80%, Precision: 0.72, Recall: 0.81, F1: 0.76, AUC: 0.83
Epoch [53/100] [TRAIN] Loss: 0.5559, Accuracy: 74.20%, AUC: 0.82 [VAL] Loss: 0.5329, Accuracy: 74.70%, Precision: 0.72, Recall: 0.81, F1: 0.76, AUC: 0.83
Epoch [54/100] [TRAIN] Loss: 0.5577, Accuracy: 73.45%, AUC: 0.82 [VAL] Loss: 0.5325, Accuracy: 74.80%, Precision: 0.72, Recall: 0.81, F1: 0.77, AUC: 0.83
Epoch [55/100] [TRAIN] Loss: 0.5550, Accuracy: 73.96%, AUC: 0.82 [VAL] Loss: 0.5326, Accuracy: 75.10%, Precision: 0.73, Recall: 0.81, F1: 0.77, AUC: 0.84
Epoch [56/100] [TRAIN] Loss: 0.5562, Accuracy: 73.96%, AUC: 0.82 [VAL] Loss: 0.5321, Accuracy: 75.10%, Precision: 0.73, Recall: 0.81, F1: 0.77, AUC: 0.84
Epoch [57/100] [TRAIN] Loss: 0.5528, Accuracy: 74.29%, AUC: 0.82 [VAL] Loss: 0.5313, Accuracy: 74.90%, Precision: 0.72, Recall: 0.81, F1: 0.77, AUC: 0.84
Epoch [58/100] [TRAIN] Loss: 0.5558, Accuracy: 73.99%, AUC: 0.82 [VAL] Loss: 0.5310, Accuracy: 74.90%, Precision: 0.72, Recall: 0.81, F1: 0.77, AUC: 0.84
Epoch [59/100] [TRAIN] Loss: 0.5510, Accuracy: 74.08%, AUC: 0.82 [VAL] Loss: 0.5304, Accuracy: 74.90%, Precision: 0.72, Recall: 0.81, F1: 0.77, AUC: 0.84
Epoch [60/100] [TRAIN] Loss: 0.5530, Accuracy: 73.96%, AUC: 0.82 [VAL] Loss: 0.5309, Accuracy: 74.80%, Precision: 0.72, Recall: 0.81, F1: 0.76, AUC: 0.84
Epoch [61/100] [TRAIN] Loss: 0.5509, Accuracy: 73.95%, AUC: 0.82 [VAL] Loss: 0.5302, Accuracy: 74.70%, Precision: 0.72, Recall: 0.81, F1: 0.76, AUC: 0.84
Epoch [62/100] [TRAIN] Loss: 0.5502, Accuracy: 74.01%, AUC: 0.82 [VAL] Loss: 0.5298, Accuracy: 74.80%, Precision: 0.72, Recall: 0.81, F1: 0.76, AUC: 0.84
Epoch [63/100] [TRAIN] Loss: 0.5564, Accuracy: 74.05%, AUC: 0.82 [VAL] Loss: 0.5303, Accuracy: 74.80%, Precision: 0.72, Recall: 0.81, F1: 0.76, AUC: 0.84
Epoch [64/100] [TRAIN] Loss: 0.5545, Accuracy: 73.94%, AUC: 0.82 [VAL] Loss: 0.5305, Accuracy: 74.70%, Precision: 0.72, Recall: 0.81, F1: 0.76, AUC: 0.84
Epoch [65/100] [TRAIN] Loss: 0.5531, Accuracy: 74.01%, AUC: 0.82 [VAL] Loss: 0.5301, Accuracy: 74.80%, Precision: 0.72, Recall: 0.81, F1: 0.76, AUC: 0.84
Epoch [66/100] [TRAIN] Loss: 0.5545, Accuracy: 73.86%, AUC: 0.82 [VAL] Loss: 0.5301, Accuracy: 74.90%, Precision: 0.72, Recall: 0.81, F1: 0.77, AUC: 0.84
Epoch [67/100] [TRAIN] Loss: 0.5512, Accuracy: 74.22%, AUC: 0.82 [VAL] Loss: 0.5300, Accuracy: 74.80%, Precision: 0.72, Recall: 0.81, F1: 0.76, AUC: 0.84
Epoch [68/100] [TRAIN] Loss: 0.5515, Accuracy: 74.19%, AUC: 0.82 [VAL] Loss: 0.5298, Accuracy: 74.90%, Precision: 0.73, Recall: 0.81, F1: 0.77, AUC: 0.84
Epoch [69/100] [TRAIN] Loss: 0.5533, Accuracy: 74.15%, AUC: 0.82 [VAL] Loss: 0.5298, Accuracy: 74.90%, Precision: 0.73, Recall: 0.81, F1: 0.77, AUC: 0.84
Epoch [70/100] [TRAIN] Loss: 0.5490, Accuracy: 74.58%, AUC: 0.82 [VAL] Loss: 0.5298, Accuracy: 74.80%, Precision: 0.73, Recall: 0.81, F1: 0.76, AUC: 0.84
Epoch [71/100] [TRAIN] Loss: 0.5512, Accuracy: 74.58%, AUC: 0.82 [VAL] Loss: 0.5298, Accuracy: 74.80%, Precision: 0.73, Recall: 0.81, F1: 0.76, AUC: 0.84
Epoch [72/100] [TRAIN] Loss: 0.5504, Accuracy: 74.33%, AUC: 0.82 [VAL] Loss: 0.5297, Accuracy: 74.80%, Precision: 0.73, Recall: 0.81, F1: 0.76, AUC: 0.84
Epoch [73/100] [TRAIN] Loss: 0.5517, Accuracy: 73.78%, AUC: 0.82 [VAL] Loss: 0.5298, Accuracy: 74.80%, Precision: 0.73, Recall: 0.81, F1: 0.76, AUC: 0.84
Epoch [74/100] [TRAIN] Loss: 0.5527, Accuracy: 74.28%, AUC: 0.82 [VAL] Loss: 0.5298, Accuracy: 74.80%, Precision: 0.73, Recall: 0.81, F1: 0.76, AUC: 0.84
Epoch [75/100] [TRAIN] Loss: 0.5481, Accuracy: 74.14%, AUC: 0.82 [VAL] Loss: 0.5297, Accuracy: 74.80%, Precision: 0.73, Recall: 0.81, F1: 0.76, AUC: 0.84
Epoch [76/100] [TRAIN] Loss: 0.5522, Accuracy: 74.25%, AUC: 0.82 [VAL] Loss: 0.5298, Accuracy: 74.80%, Precision: 0.73, Recall: 0.81, F1: 0.76, AUC: 0.84
Epoch [77/100] [TRAIN] Loss: 0.5508, Accuracy: 74.56%, AUC: 0.82 [VAL] Loss: 0.5298, Accuracy: 74.80%, Precision: 0.73, Recall: 0.81, F1: 0.76, AUC: 0.84
Epoch [78/100] [TRAIN] Loss: 0.5521, Accuracy: 73.90%, AUC: 0.82 [VAL] Loss: 0.5298, Accuracy: 74.80%, Precision: 0.73, Recall: 0.81, F1: 0.76, AUC: 0.84
Epoch [79/100] [TRAIN] Loss: 0.5515, Accuracy: 74.10%, AUC: 0.82 [VAL] Loss: 0.5298, Accuracy: 74.80%, Precision: 0.73, Recall: 0.81, F1: 0.76, AUC: 0.84
Epoch [80/100] [TRAIN] Loss: 0.5498, Accuracy: 74.42%, AUC: 0.82 [VAL] Loss: 0.5298, Accuracy: 74.80%, Precision: 0.73, Recall: 0.81, F1: 0.76, AUC: 0.84
Epoch [81/100] [TRAIN] Loss: 0.5529, Accuracy: 73.94%, AUC: 0.82 [VAL] Loss: 0.5298, Accuracy: 74.80%, Precision: 0.73, Recall: 0.81, F1: 0.76, AUC: 0.84
Epoch [82/100] [TRAIN] Loss: 0.5551, Accuracy: 74.05%, AUC: 0.82 [VAL] Loss: 0.5298, Accuracy: 74.80%, Precision: 0.73, Recall: 0.81, F1: 0.76, AUC: 0.84
  Early stopping at epoch 82 (no val_loss improvement for 10 epochs)
  Antisymmetry score (raw):        0.8860
  Antisymmetry score (confident):  1.0000
  Total violations:                114 / 1000
  Pairs near boundary:             196 (19.6%)
  Avg |prob-0.5| at violation:     0.0000

--- Training baselines (LogisticRegression, RandomForest, SVM) ---

  Training LogisticRegression...
  Val accuracy: 73.30%

  [LogisticRegression]  Accuracy: 72.20%  AUC: 0.7902  Precision: 0.7560  Recall: 0.6423  F1: 0.6945  Antisym: 0.7390

  Training RandomForest...
  Val accuracy: 76.30%

  [RandomForest]  Accuracy: 76.40%  AUC: 0.8403  Precision: 0.8048  Recall: 0.6870  F1: 0.7412  Antisym: 0.8160

  Training SVM_Linear...
  Val accuracy: 73.60%

  [SVM_Linear]  Accuracy: 72.70%  AUC: 0.7939  Precision: 0.7613  Recall: 0.6484  F1: 0.7003  Antisym: 0.7470
Seed: 123
=== DirectRanker ===
Accuracy:  71.90 %
AUC:       0.8208
Precision: 0.6929
Recall:    0.7703
F1-Score:  0.7295
Antisymmetry score:  0.8860  (1.0 = perfect, ~0.5 = random)

Detailed Classification Report:
              precision    recall  f1-score   support

           0       0.75      0.67      0.71       508
           1       0.69      0.77      0.73       492

    accuracy                           0.72      1000
   macro avg       0.72      0.72      0.72      1000
weighted avg       0.72      0.72      0.72      1000


Confusion Matrix:
[[340 168]
 [113 379]]

=== LogisticRegression ===
Accuracy:  72.20 %
AUC:       0.7902
Precision: 0.7560
Recall:    0.6423
F1-Score:  0.6945
Antisymmetry score:  0.7390
Confusion Matrix:
[[406 102]
 [176 316]]

=== RandomForest ===
Accuracy:  76.40 %
AUC:       0.8403
Precision: 0.8048
Recall:    0.6870
F1-Score:  0.7412
Antisymmetry score:  0.8160
Confusion Matrix:
[[426  82]
 [154 338]]

=== SVM_Linear ===
Accuracy:  72.70 %
AUC:       0.7939
Precision: 0.7613
Recall:    0.6484
F1-Score:  0.7003
Antisymmetry score:  0.7470
Confusion Matrix:
[[408 100]
 [173 319]]

Saved combined test metrics: /group/pmc021/amunif/epi-thesis/workflow/16_Pairwise Ranking Healthy Liver/output/combined/donor_4/test/023-H3K9ac-H3K27ac-H3K27me3-seed123-test-metrics.csv
Saved combined ROC plot: /group/pmc021/amunif/epi-thesis/workflow/16_Pairwise Ranking Healthy Liver/output/combined/donor_4/img/roc/023-H3K9ac-H3K27ac-H3K27me3-seed123-roc-combined.png

Finished 023-H3K9ac-H3K27ac-H3K27me3 (seed 123)

======================================================================
024-H3K9me3-H3K27ac-H3K27me3
======================================================================
Train label distribution:
  Label 0:   4091 (51.1%)
  Label 1:   3909 (48.9%)
Val label distribution:
  Label 0:    494 (49.4%)
  Label 1:    506 (50.6%)
Test label distribution:
  Label 0:    508 (50.8%)
  Label 1:    492 (49.2%)

--- Training DirectRanker ---
Epoch [1/100] [TRAIN] Loss: 0.6351, Accuracy: 70.31%, AUC: 0.77 [VAL] Loss: 0.5873, Accuracy: 73.10%, Precision: 0.71, Recall: 0.80, F1: 0.75, AUC: 0.81
Epoch [2/100] [TRAIN] Loss: 0.6126, Accuracy: 72.51%, AUC: 0.78 [VAL] Loss: 0.5740, Accuracy: 72.90%, Precision: 0.71, Recall: 0.79, F1: 0.75, AUC: 0.81
Epoch [3/100] [TRAIN] Loss: 0.6027, Accuracy: 71.90%, AUC: 0.79 [VAL] Loss: 0.5697, Accuracy: 72.90%, Precision: 0.71, Recall: 0.79, F1: 0.75, AUC: 0.81
Epoch [4/100] [TRAIN] Loss: 0.6052, Accuracy: 72.22%, AUC: 0.79 [VAL] Loss: 0.5678, Accuracy: 72.70%, Precision: 0.71, Recall: 0.79, F1: 0.75, AUC: 0.81
Epoch [5/100] [TRAIN] Loss: 0.5992, Accuracy: 72.46%, AUC: 0.79 [VAL] Loss: 0.5663, Accuracy: 72.90%, Precision: 0.71, Recall: 0.79, F1: 0.75, AUC: 0.81
Epoch [6/100] [TRAIN] Loss: 0.6000, Accuracy: 72.85%, AUC: 0.79 [VAL] Loss: 0.5652, Accuracy: 72.90%, Precision: 0.71, Recall: 0.79, F1: 0.75, AUC: 0.81
Epoch [7/100] [TRAIN] Loss: 0.5963, Accuracy: 72.74%, AUC: 0.79 [VAL] Loss: 0.5640, Accuracy: 72.60%, Precision: 0.71, Recall: 0.78, F1: 0.74, AUC: 0.81
Epoch [8/100] [TRAIN] Loss: 0.5935, Accuracy: 72.58%, AUC: 0.79 [VAL] Loss: 0.5631, Accuracy: 72.60%, Precision: 0.71, Recall: 0.78, F1: 0.74, AUC: 0.81
Epoch [9/100] [TRAIN] Loss: 0.5918, Accuracy: 72.50%, AUC: 0.79 [VAL] Loss: 0.5623, Accuracy: 72.90%, Precision: 0.71, Recall: 0.79, F1: 0.75, AUC: 0.81
Epoch [10/100] [TRAIN] Loss: 0.5873, Accuracy: 72.50%, AUC: 0.80 [VAL] Loss: 0.5612, Accuracy: 72.60%, Precision: 0.71, Recall: 0.79, F1: 0.74, AUC: 0.81
Epoch [11/100] [TRAIN] Loss: 0.5943, Accuracy: 72.39%, AUC: 0.79 [VAL] Loss: 0.5612, Accuracy: 72.70%, Precision: 0.71, Recall: 0.79, F1: 0.75, AUC: 0.81
Epoch [12/100] [TRAIN] Loss: 0.5903, Accuracy: 72.75%, AUC: 0.80 [VAL] Loss: 0.5612, Accuracy: 72.80%, Precision: 0.71, Recall: 0.79, F1: 0.75, AUC: 0.81
Epoch [13/100] [TRAIN] Loss: 0.5869, Accuracy: 72.92%, AUC: 0.80 [VAL] Loss: 0.5599, Accuracy: 72.80%, Precision: 0.71, Recall: 0.79, F1: 0.75, AUC: 0.81
Epoch [14/100] [TRAIN] Loss: 0.5867, Accuracy: 72.71%, AUC: 0.80 [VAL] Loss: 0.5593, Accuracy: 73.10%, Precision: 0.71, Recall: 0.79, F1: 0.75, AUC: 0.81
Epoch [15/100] [TRAIN] Loss: 0.5859, Accuracy: 72.86%, AUC: 0.80 [VAL] Loss: 0.5589, Accuracy: 73.00%, Precision: 0.71, Recall: 0.79, F1: 0.75, AUC: 0.81
Epoch [16/100] [TRAIN] Loss: 0.5804, Accuracy: 72.81%, AUC: 0.80 [VAL] Loss: 0.5581, Accuracy: 73.00%, Precision: 0.71, Recall: 0.79, F1: 0.75, AUC: 0.81
Epoch [17/100] [TRAIN] Loss: 0.5815, Accuracy: 72.85%, AUC: 0.80 [VAL] Loss: 0.5577, Accuracy: 73.10%, Precision: 0.71, Recall: 0.79, F1: 0.75, AUC: 0.81
Epoch [18/100] [TRAIN] Loss: 0.5869, Accuracy: 73.04%, AUC: 0.80 [VAL] Loss: 0.5579, Accuracy: 72.90%, Precision: 0.71, Recall: 0.79, F1: 0.75, AUC: 0.81
Epoch [19/100] [TRAIN] Loss: 0.5793, Accuracy: 73.38%, AUC: 0.80 [VAL] Loss: 0.5573, Accuracy: 72.70%, Precision: 0.71, Recall: 0.79, F1: 0.75, AUC: 0.81
Epoch [20/100] [TRAIN] Loss: 0.5788, Accuracy: 73.14%, AUC: 0.80 [VAL] Loss: 0.5569, Accuracy: 72.80%, Precision: 0.71, Recall: 0.79, F1: 0.75, AUC: 0.81
Epoch [21/100] [TRAIN] Loss: 0.5801, Accuracy: 72.96%, AUC: 0.80 [VAL] Loss: 0.5572, Accuracy: 72.70%, Precision: 0.71, Recall: 0.79, F1: 0.75, AUC: 0.81
Epoch [22/100] [TRAIN] Loss: 0.5819, Accuracy: 72.78%, AUC: 0.80 [VAL] Loss: 0.5571, Accuracy: 72.60%, Precision: 0.71, Recall: 0.79, F1: 0.74, AUC: 0.81
Epoch [23/100] [TRAIN] Loss: 0.5795, Accuracy: 72.96%, AUC: 0.80 [VAL] Loss: 0.5568, Accuracy: 72.80%, Precision: 0.71, Recall: 0.79, F1: 0.75, AUC: 0.81
Epoch [24/100] [TRAIN] Loss: 0.5777, Accuracy: 73.20%, AUC: 0.80 [VAL] Loss: 0.5562, Accuracy: 72.60%, Precision: 0.70, Recall: 0.79, F1: 0.74, AUC: 0.81
Epoch [25/100] [TRAIN] Loss: 0.5777, Accuracy: 73.06%, AUC: 0.80 [VAL] Loss: 0.5556, Accuracy: 72.70%, Precision: 0.71, Recall: 0.79, F1: 0.75, AUC: 0.82
Epoch [26/100] [TRAIN] Loss: 0.5798, Accuracy: 72.96%, AUC: 0.80 [VAL] Loss: 0.5561, Accuracy: 72.70%, Precision: 0.71, Recall: 0.79, F1: 0.75, AUC: 0.82
Epoch [27/100] [TRAIN] Loss: 0.5768, Accuracy: 73.28%, AUC: 0.80 [VAL] Loss: 0.5553, Accuracy: 72.70%, Precision: 0.71, Recall: 0.79, F1: 0.75, AUC: 0.82
Epoch [28/100] [TRAIN] Loss: 0.5795, Accuracy: 72.74%, AUC: 0.80 [VAL] Loss: 0.5556, Accuracy: 72.60%, Precision: 0.70, Recall: 0.79, F1: 0.74, AUC: 0.82
Epoch [29/100] [TRAIN] Loss: 0.5759, Accuracy: 72.90%, AUC: 0.80 [VAL] Loss: 0.5547, Accuracy: 72.50%, Precision: 0.70, Recall: 0.79, F1: 0.74, AUC: 0.82
Epoch [30/100] [TRAIN] Loss: 0.5799, Accuracy: 72.69%, AUC: 0.80 [VAL] Loss: 0.5553, Accuracy: 72.60%, Precision: 0.70, Recall: 0.79, F1: 0.74, AUC: 0.82
Epoch [31/100] [TRAIN] Loss: 0.5751, Accuracy: 73.10%, AUC: 0.80 [VAL] Loss: 0.5542, Accuracy: 72.40%, Precision: 0.70, Recall: 0.79, F1: 0.74, AUC: 0.82
Epoch [32/100] [TRAIN] Loss: 0.5765, Accuracy: 72.55%, AUC: 0.80 [VAL] Loss: 0.5538, Accuracy: 72.40%, Precision: 0.70, Recall: 0.79, F1: 0.74, AUC: 0.82
Epoch [33/100] [TRAIN] Loss: 0.5779, Accuracy: 72.99%, AUC: 0.80 [VAL] Loss: 0.5544, Accuracy: 72.50%, Precision: 0.70, Recall: 0.79, F1: 0.74, AUC: 0.82
Epoch [34/100] [TRAIN] Loss: 0.5735, Accuracy: 73.45%, AUC: 0.81 [VAL] Loss: 0.5539, Accuracy: 72.40%, Precision: 0.70, Recall: 0.79, F1: 0.74, AUC: 0.82
Epoch [35/100] [TRAIN] Loss: 0.5751, Accuracy: 72.69%, AUC: 0.80 [VAL] Loss: 0.5536, Accuracy: 72.40%, Precision: 0.70, Recall: 0.79, F1: 0.74, AUC: 0.82
Epoch [36/100] [TRAIN] Loss: 0.5740, Accuracy: 73.12%, AUC: 0.81 [VAL] Loss: 0.5537, Accuracy: 72.30%, Precision: 0.70, Recall: 0.79, F1: 0.74, AUC: 0.82
Epoch [37/100] [TRAIN] Loss: 0.5709, Accuracy: 73.41%, AUC: 0.81 [VAL] Loss: 0.5533, Accuracy: 72.50%, Precision: 0.70, Recall: 0.79, F1: 0.74, AUC: 0.82
Epoch [38/100] [TRAIN] Loss: 0.5724, Accuracy: 72.55%, AUC: 0.80 [VAL] Loss: 0.5526, Accuracy: 72.40%, Precision: 0.70, Recall: 0.79, F1: 0.74, AUC: 0.82
Epoch [39/100] [TRAIN] Loss: 0.5772, Accuracy: 72.95%, AUC: 0.80 [VAL] Loss: 0.5532, Accuracy: 72.80%, Precision: 0.71, Recall: 0.79, F1: 0.75, AUC: 0.82
Epoch [40/100] [TRAIN] Loss: 0.5758, Accuracy: 72.74%, AUC: 0.80 [VAL] Loss: 0.5532, Accuracy: 72.70%, Precision: 0.71, Recall: 0.79, F1: 0.75, AUC: 0.82
Epoch [41/100] [TRAIN] Loss: 0.5749, Accuracy: 73.30%, AUC: 0.80 [VAL] Loss: 0.5529, Accuracy: 72.90%, Precision: 0.71, Recall: 0.79, F1: 0.75, AUC: 0.82
Epoch [42/100] [TRAIN] Loss: 0.5725, Accuracy: 73.11%, AUC: 0.81 [VAL] Loss: 0.5519, Accuracy: 72.80%, Precision: 0.71, Recall: 0.79, F1: 0.75, AUC: 0.82
Epoch [43/100] [TRAIN] Loss: 0.5699, Accuracy: 73.00%, AUC: 0.81 [VAL] Loss: 0.5519, Accuracy: 72.70%, Precision: 0.71, Recall: 0.79, F1: 0.75, AUC: 0.82
Epoch [44/100] [TRAIN] Loss: 0.5707, Accuracy: 73.58%, AUC: 0.81 [VAL] Loss: 0.5520, Accuracy: 72.80%, Precision: 0.71, Recall: 0.79, F1: 0.75, AUC: 0.82
Epoch [45/100] [TRAIN] Loss: 0.5743, Accuracy: 73.11%, AUC: 0.80 [VAL] Loss: 0.5519, Accuracy: 73.00%, Precision: 0.71, Recall: 0.79, F1: 0.75, AUC: 0.82
Epoch [46/100] [TRAIN] Loss: 0.5752, Accuracy: 72.88%, AUC: 0.80 [VAL] Loss: 0.5524, Accuracy: 73.00%, Precision: 0.71, Recall: 0.79, F1: 0.75, AUC: 0.82
Epoch [47/100] [TRAIN] Loss: 0.5722, Accuracy: 73.15%, AUC: 0.81 [VAL] Loss: 0.5518, Accuracy: 73.00%, Precision: 0.71, Recall: 0.79, F1: 0.75, AUC: 0.82
Epoch [48/100] [TRAIN] Loss: 0.5704, Accuracy: 72.89%, AUC: 0.81 [VAL] Loss: 0.5518, Accuracy: 72.90%, Precision: 0.71, Recall: 0.79, F1: 0.75, AUC: 0.82
Epoch [49/100] [TRAIN] Loss: 0.5714, Accuracy: 72.84%, AUC: 0.81 [VAL] Loss: 0.5518, Accuracy: 72.90%, Precision: 0.71, Recall: 0.79, F1: 0.75, AUC: 0.82
Epoch [50/100] [TRAIN] Loss: 0.5733, Accuracy: 72.78%, AUC: 0.80 [VAL] Loss: 0.5517, Accuracy: 72.90%, Precision: 0.71, Recall: 0.79, F1: 0.75, AUC: 0.82
Epoch [51/100] [TRAIN] Loss: 0.5721, Accuracy: 72.83%, AUC: 0.81 [VAL] Loss: 0.5517, Accuracy: 72.90%, Precision: 0.71, Recall: 0.79, F1: 0.75, AUC: 0.82
Epoch [52/100] [TRAIN] Loss: 0.5718, Accuracy: 72.90%, AUC: 0.81 [VAL] Loss: 0.5517, Accuracy: 72.90%, Precision: 0.71, Recall: 0.79, F1: 0.75, AUC: 0.82
Epoch [53/100] [TRAIN] Loss: 0.5704, Accuracy: 73.00%, AUC: 0.81 [VAL] Loss: 0.5516, Accuracy: 72.90%, Precision: 0.71, Recall: 0.79, F1: 0.75, AUC: 0.82
Epoch [54/100] [TRAIN] Loss: 0.5744, Accuracy: 72.56%, AUC: 0.80 [VAL] Loss: 0.5515, Accuracy: 72.90%, Precision: 0.71, Recall: 0.79, F1: 0.75, AUC: 0.82
Epoch [55/100] [TRAIN] Loss: 0.5710, Accuracy: 72.89%, AUC: 0.81 [VAL] Loss: 0.5515, Accuracy: 72.90%, Precision: 0.71, Recall: 0.79, F1: 0.75, AUC: 0.82
Epoch [56/100] [TRAIN] Loss: 0.5717, Accuracy: 72.95%, AUC: 0.81 [VAL] Loss: 0.5515, Accuracy: 72.90%, Precision: 0.71, Recall: 0.79, F1: 0.75, AUC: 0.82
Epoch [57/100] [TRAIN] Loss: 0.5704, Accuracy: 73.29%, AUC: 0.81 [VAL] Loss: 0.5515, Accuracy: 72.90%, Precision: 0.71, Recall: 0.79, F1: 0.75, AUC: 0.82
Epoch [58/100] [TRAIN] Loss: 0.5691, Accuracy: 73.65%, AUC: 0.81 [VAL] Loss: 0.5513, Accuracy: 72.90%, Precision: 0.71, Recall: 0.79, F1: 0.75, AUC: 0.82
Epoch [59/100] [TRAIN] Loss: 0.5683, Accuracy: 73.39%, AUC: 0.81 [VAL] Loss: 0.5513, Accuracy: 72.90%, Precision: 0.71, Recall: 0.79, F1: 0.75, AUC: 0.82
Epoch [60/100] [TRAIN] Loss: 0.5687, Accuracy: 73.31%, AUC: 0.81 [VAL] Loss: 0.5512, Accuracy: 72.80%, Precision: 0.71, Recall: 0.79, F1: 0.75, AUC: 0.82
Epoch [61/100] [TRAIN] Loss: 0.5704, Accuracy: 73.80%, AUC: 0.81 [VAL] Loss: 0.5512, Accuracy: 72.90%, Precision: 0.71, Recall: 0.79, F1: 0.75, AUC: 0.82
Epoch [62/100] [TRAIN] Loss: 0.5699, Accuracy: 73.09%, AUC: 0.81 [VAL] Loss: 0.5511, Accuracy: 72.90%, Precision: 0.71, Recall: 0.79, F1: 0.75, AUC: 0.82
Epoch [63/100] [TRAIN] Loss: 0.5717, Accuracy: 72.96%, AUC: 0.81 [VAL] Loss: 0.5511, Accuracy: 72.90%, Precision: 0.71, Recall: 0.79, F1: 0.75, AUC: 0.82
Epoch [64/100] [TRAIN] Loss: 0.5719, Accuracy: 72.91%, AUC: 0.81 [VAL] Loss: 0.5511, Accuracy: 72.80%, Precision: 0.71, Recall: 0.79, F1: 0.75, AUC: 0.82
Epoch [65/100] [TRAIN] Loss: 0.5695, Accuracy: 73.22%, AUC: 0.81 [VAL] Loss: 0.5511, Accuracy: 72.80%, Precision: 0.71, Recall: 0.79, F1: 0.75, AUC: 0.82
Epoch [66/100] [TRAIN] Loss: 0.5715, Accuracy: 73.25%, AUC: 0.81 [VAL] Loss: 0.5511, Accuracy: 72.80%, Precision: 0.71, Recall: 0.79, F1: 0.75, AUC: 0.82
Epoch [67/100] [TRAIN] Loss: 0.5693, Accuracy: 73.44%, AUC: 0.81 [VAL] Loss: 0.5511, Accuracy: 72.80%, Precision: 0.71, Recall: 0.79, F1: 0.75, AUC: 0.82
Epoch [68/100] [TRAIN] Loss: 0.5720, Accuracy: 72.94%, AUC: 0.81 [VAL] Loss: 0.5511, Accuracy: 72.80%, Precision: 0.71, Recall: 0.79, F1: 0.75, AUC: 0.82
Epoch [69/100] [TRAIN] Loss: 0.5701, Accuracy: 72.66%, AUC: 0.81 [VAL] Loss: 0.5511, Accuracy: 72.80%, Precision: 0.71, Recall: 0.79, F1: 0.75, AUC: 0.82
Epoch [70/100] [TRAIN] Loss: 0.5709, Accuracy: 73.42%, AUC: 0.81 [VAL] Loss: 0.5510, Accuracy: 72.80%, Precision: 0.71, Recall: 0.79, F1: 0.75, AUC: 0.82
Epoch [71/100] [TRAIN] Loss: 0.5712, Accuracy: 73.33%, AUC: 0.81 [VAL] Loss: 0.5510, Accuracy: 72.80%, Precision: 0.71, Recall: 0.79, F1: 0.75, AUC: 0.82
Epoch [72/100] [TRAIN] Loss: 0.5725, Accuracy: 72.83%, AUC: 0.80 [VAL] Loss: 0.5510, Accuracy: 72.80%, Precision: 0.71, Recall: 0.79, F1: 0.75, AUC: 0.82
Epoch [73/100] [TRAIN] Loss: 0.5718, Accuracy: 72.96%, AUC: 0.80 [VAL] Loss: 0.5510, Accuracy: 72.80%, Precision: 0.71, Recall: 0.79, F1: 0.75, AUC: 0.82
Epoch [74/100] [TRAIN] Loss: 0.5708, Accuracy: 73.38%, AUC: 0.81 [VAL] Loss: 0.5510, Accuracy: 72.80%, Precision: 0.71, Recall: 0.79, F1: 0.75, AUC: 0.82
Epoch [75/100] [TRAIN] Loss: 0.5711, Accuracy: 72.80%, AUC: 0.81 [VAL] Loss: 0.5510, Accuracy: 72.80%, Precision: 0.71, Recall: 0.79, F1: 0.75, AUC: 0.82
  Early stopping at epoch 75 (no val_loss improvement for 10 epochs)
  Antisymmetry score (raw):        0.8880
  Antisymmetry score (confident):  1.0000
  Total violations:                112 / 1000
  Pairs near boundary:             212 (21.2%)
  Avg |prob-0.5| at violation:     0.0000

--- Training baselines (LogisticRegression, RandomForest, SVM) ---

  Training LogisticRegression...
  Val accuracy: 71.30%

  [LogisticRegression]  Accuracy: 71.00%  AUC: 0.7670  Precision: 0.7405  Recall: 0.6321  F1: 0.6820  Antisym: 0.7310

  Training RandomForest...
  Val accuracy: 74.70%

  [RandomForest]  Accuracy: 74.90%  AUC: 0.8268  Precision: 0.7890  Recall: 0.6687  F1: 0.7239  Antisym: 0.8050

  Training SVM_Linear...
  Val accuracy: 71.10%

  [SVM_Linear]  Accuracy: 70.90%  AUC: 0.7608  Precision: 0.7433  Recall: 0.6240  F1: 0.6785  Antisym: 0.7160
Seed: 123
=== DirectRanker ===
Accuracy:  71.90 %
AUC:       0.8144
Precision: 0.6887
Recall:    0.7825
F1-Score:  0.7326
Antisymmetry score:  0.8880  (1.0 = perfect, ~0.5 = random)

Detailed Classification Report:
              precision    recall  f1-score   support

           0       0.76      0.66      0.70       508
           1       0.69      0.78      0.73       492

    accuracy                           0.72      1000
   macro avg       0.72      0.72      0.72      1000
weighted avg       0.72      0.72      0.72      1000


Confusion Matrix:
[[334 174]
 [107 385]]

=== LogisticRegression ===
Accuracy:  71.00 %
AUC:       0.7670
Precision: 0.7405
Recall:    0.6321
F1-Score:  0.6820
Antisymmetry score:  0.7310
Confusion Matrix:
[[399 109]
 [181 311]]

=== RandomForest ===
Accuracy:  74.90 %
AUC:       0.8268
Precision: 0.7890
Recall:    0.6687
F1-Score:  0.7239
Antisymmetry score:  0.8050
Confusion Matrix:
[[420  88]
 [163 329]]

=== SVM_Linear ===
Accuracy:  70.90 %
AUC:       0.7608
Precision: 0.7433
Recall:    0.6240
F1-Score:  0.6785
Antisymmetry score:  0.7160
Confusion Matrix:
[[402 106]
 [185 307]]

Saved combined test metrics: /group/pmc021/amunif/epi-thesis/workflow/16_Pairwise Ranking Healthy Liver/output/combined/donor_4/test/024-H3K9me3-H3K27ac-H3K27me3-seed123-test-metrics.csv
Saved combined ROC plot: /group/pmc021/amunif/epi-thesis/workflow/16_Pairwise Ranking Healthy Liver/output/combined/donor_4/img/roc/024-H3K9me3-H3K27ac-H3K27me3-seed123-roc-combined.png

Finished 024-H3K9me3-H3K27ac-H3K27me3 (seed 123)

======================================================================
025-H3K4me3-H3K9ac-H3K9me3-H3K27ac
======================================================================
Train label distribution:
  Label 0:   4091 (51.1%)
  Label 1:   3909 (48.9%)
Val label distribution:
  Label 0:    494 (49.4%)
  Label 1:    506 (50.6%)
Test label distribution:
  Label 0:    508 (50.8%)
  Label 1:    492 (49.2%)

--- Training DirectRanker ---
Epoch [1/100] [TRAIN] Loss: 0.6418, Accuracy: 67.34%, AUC: 0.74 [VAL] Loss: 0.5515, Accuracy: 74.20%, Precision: 0.72, Recall: 0.79, F1: 0.76, AUC: 0.83
Epoch [2/100] [TRAIN] Loss: 0.6024, Accuracy: 72.09%, AUC: 0.79 [VAL] Loss: 0.5406, Accuracy: 75.00%, Precision: 0.73, Recall: 0.81, F1: 0.77, AUC: 0.84
Epoch [3/100] [TRAIN] Loss: 0.5928, Accuracy: 72.88%, AUC: 0.79 [VAL] Loss: 0.5359, Accuracy: 75.00%, Precision: 0.73, Recall: 0.81, F1: 0.77, AUC: 0.84
Epoch [4/100] [TRAIN] Loss: 0.5840, Accuracy: 73.22%, AUC: 0.80 [VAL] Loss: 0.5340, Accuracy: 75.20%, Precision: 0.73, Recall: 0.81, F1: 0.77, AUC: 0.84
Epoch [5/100] [TRAIN] Loss: 0.5781, Accuracy: 73.84%, AUC: 0.81 [VAL] Loss: 0.5306, Accuracy: 75.20%, Precision: 0.73, Recall: 0.81, F1: 0.77, AUC: 0.84
Epoch [6/100] [TRAIN] Loss: 0.5830, Accuracy: 73.11%, AUC: 0.80 [VAL] Loss: 0.5296, Accuracy: 75.20%, Precision: 0.73, Recall: 0.81, F1: 0.77, AUC: 0.84
Epoch [7/100] [TRAIN] Loss: 0.5754, Accuracy: 73.74%, AUC: 0.81 [VAL] Loss: 0.5266, Accuracy: 75.20%, Precision: 0.73, Recall: 0.81, F1: 0.77, AUC: 0.84
Epoch [8/100] [TRAIN] Loss: 0.5773, Accuracy: 73.40%, AUC: 0.80 [VAL] Loss: 0.5282, Accuracy: 75.10%, Precision: 0.73, Recall: 0.81, F1: 0.77, AUC: 0.84
Epoch [9/100] [TRAIN] Loss: 0.5688, Accuracy: 73.94%, AUC: 0.81 [VAL] Loss: 0.5249, Accuracy: 74.90%, Precision: 0.73, Recall: 0.80, F1: 0.76, AUC: 0.84
Epoch [10/100] [TRAIN] Loss: 0.5721, Accuracy: 73.85%, AUC: 0.81 [VAL] Loss: 0.5256, Accuracy: 75.30%, Precision: 0.73, Recall: 0.81, F1: 0.77, AUC: 0.84
Epoch [11/100] [TRAIN] Loss: 0.5649, Accuracy: 73.51%, AUC: 0.81 [VAL] Loss: 0.5242, Accuracy: 75.10%, Precision: 0.73, Recall: 0.81, F1: 0.77, AUC: 0.84
Epoch [12/100] [TRAIN] Loss: 0.5665, Accuracy: 73.75%, AUC: 0.81 [VAL] Loss: 0.5236, Accuracy: 75.20%, Precision: 0.73, Recall: 0.81, F1: 0.77, AUC: 0.84
Epoch [13/100] [TRAIN] Loss: 0.5699, Accuracy: 73.97%, AUC: 0.81 [VAL] Loss: 0.5233, Accuracy: 75.00%, Precision: 0.73, Recall: 0.80, F1: 0.77, AUC: 0.84
Epoch [14/100] [TRAIN] Loss: 0.5633, Accuracy: 74.33%, AUC: 0.81 [VAL] Loss: 0.5230, Accuracy: 74.50%, Precision: 0.72, Recall: 0.80, F1: 0.76, AUC: 0.84
Epoch [15/100] [TRAIN] Loss: 0.5636, Accuracy: 73.92%, AUC: 0.81 [VAL] Loss: 0.5237, Accuracy: 74.90%, Precision: 0.73, Recall: 0.81, F1: 0.76, AUC: 0.84
Epoch [16/100] [TRAIN] Loss: 0.5638, Accuracy: 73.99%, AUC: 0.81 [VAL] Loss: 0.5228, Accuracy: 74.80%, Precision: 0.73, Recall: 0.80, F1: 0.76, AUC: 0.84
Epoch [17/100] [TRAIN] Loss: 0.5659, Accuracy: 73.89%, AUC: 0.81 [VAL] Loss: 0.5224, Accuracy: 74.80%, Precision: 0.73, Recall: 0.80, F1: 0.76, AUC: 0.84
Epoch [18/100] [TRAIN] Loss: 0.5621, Accuracy: 73.74%, AUC: 0.81 [VAL] Loss: 0.5229, Accuracy: 75.10%, Precision: 0.73, Recall: 0.80, F1: 0.77, AUC: 0.84
Epoch [19/100] [TRAIN] Loss: 0.5629, Accuracy: 73.89%, AUC: 0.81 [VAL] Loss: 0.5236, Accuracy: 75.10%, Precision: 0.73, Recall: 0.81, F1: 0.77, AUC: 0.84
Epoch [20/100] [TRAIN] Loss: 0.5563, Accuracy: 75.00%, AUC: 0.82 [VAL] Loss: 0.5213, Accuracy: 75.10%, Precision: 0.73, Recall: 0.81, F1: 0.77, AUC: 0.84
Epoch [21/100] [TRAIN] Loss: 0.5632, Accuracy: 74.12%, AUC: 0.81 [VAL] Loss: 0.5221, Accuracy: 75.10%, Precision: 0.73, Recall: 0.81, F1: 0.77, AUC: 0.84
Epoch [22/100] [TRAIN] Loss: 0.5614, Accuracy: 74.10%, AUC: 0.82 [VAL] Loss: 0.5214, Accuracy: 75.40%, Precision: 0.73, Recall: 0.81, F1: 0.77, AUC: 0.84
Epoch [23/100] [TRAIN] Loss: 0.5586, Accuracy: 74.49%, AUC: 0.82 [VAL] Loss: 0.5219, Accuracy: 75.30%, Precision: 0.73, Recall: 0.81, F1: 0.77, AUC: 0.84
Epoch [24/100] [TRAIN] Loss: 0.5597, Accuracy: 74.16%, AUC: 0.82 [VAL] Loss: 0.5212, Accuracy: 75.50%, Precision: 0.73, Recall: 0.81, F1: 0.77, AUC: 0.84
Epoch [25/100] [TRAIN] Loss: 0.5584, Accuracy: 74.05%, AUC: 0.82 [VAL] Loss: 0.5212, Accuracy: 75.50%, Precision: 0.73, Recall: 0.81, F1: 0.77, AUC: 0.84
Epoch [26/100] [TRAIN] Loss: 0.5564, Accuracy: 74.65%, AUC: 0.82 [VAL] Loss: 0.5214, Accuracy: 75.40%, Precision: 0.73, Recall: 0.81, F1: 0.77, AUC: 0.84
Epoch [27/100] [TRAIN] Loss: 0.5591, Accuracy: 74.24%, AUC: 0.82 [VAL] Loss: 0.5211, Accuracy: 75.60%, Precision: 0.73, Recall: 0.81, F1: 0.77, AUC: 0.84
Epoch [28/100] [TRAIN] Loss: 0.5586, Accuracy: 74.08%, AUC: 0.82 [VAL] Loss: 0.5221, Accuracy: 75.40%, Precision: 0.73, Recall: 0.81, F1: 0.77, AUC: 0.84
Epoch [29/100] [TRAIN] Loss: 0.5562, Accuracy: 74.54%, AUC: 0.82 [VAL] Loss: 0.5219, Accuracy: 75.40%, Precision: 0.73, Recall: 0.81, F1: 0.77, AUC: 0.84
Epoch [30/100] [TRAIN] Loss: 0.5581, Accuracy: 74.01%, AUC: 0.82 [VAL] Loss: 0.5203, Accuracy: 75.80%, Precision: 0.74, Recall: 0.81, F1: 0.77, AUC: 0.84
Epoch [31/100] [TRAIN] Loss: 0.5540, Accuracy: 74.33%, AUC: 0.82 [VAL] Loss: 0.5207, Accuracy: 75.50%, Precision: 0.73, Recall: 0.81, F1: 0.77, AUC: 0.84
Epoch [32/100] [TRAIN] Loss: 0.5540, Accuracy: 74.74%, AUC: 0.82 [VAL] Loss: 0.5209, Accuracy: 75.50%, Precision: 0.74, Recall: 0.81, F1: 0.77, AUC: 0.84
Epoch [33/100] [TRAIN] Loss: 0.5515, Accuracy: 74.24%, AUC: 0.82 [VAL] Loss: 0.5191, Accuracy: 75.60%, Precision: 0.74, Recall: 0.81, F1: 0.77, AUC: 0.84
Epoch [34/100] [TRAIN] Loss: 0.5580, Accuracy: 74.14%, AUC: 0.82 [VAL] Loss: 0.5208, Accuracy: 75.60%, Precision: 0.74, Recall: 0.81, F1: 0.77, AUC: 0.84
Epoch [35/100] [TRAIN] Loss: 0.5536, Accuracy: 74.65%, AUC: 0.82 [VAL] Loss: 0.5211, Accuracy: 75.50%, Precision: 0.74, Recall: 0.80, F1: 0.77, AUC: 0.84
Epoch [36/100] [TRAIN] Loss: 0.5509, Accuracy: 74.51%, AUC: 0.82 [VAL] Loss: 0.5204, Accuracy: 75.60%, Precision: 0.74, Recall: 0.81, F1: 0.77, AUC: 0.84
Epoch [37/100] [TRAIN] Loss: 0.5521, Accuracy: 74.58%, AUC: 0.82 [VAL] Loss: 0.5198, Accuracy: 75.60%, Precision: 0.74, Recall: 0.81, F1: 0.77, AUC: 0.84
Epoch [38/100] [TRAIN] Loss: 0.5529, Accuracy: 74.51%, AUC: 0.82 [VAL] Loss: 0.5198, Accuracy: 75.70%, Precision: 0.74, Recall: 0.81, F1: 0.77, AUC: 0.84
Epoch [39/100] [TRAIN] Loss: 0.5515, Accuracy: 74.39%, AUC: 0.82 [VAL] Loss: 0.5197, Accuracy: 75.80%, Precision: 0.74, Recall: 0.81, F1: 0.77, AUC: 0.84
Epoch [40/100] [TRAIN] Loss: 0.5504, Accuracy: 74.46%, AUC: 0.82 [VAL] Loss: 0.5196, Accuracy: 75.80%, Precision: 0.74, Recall: 0.81, F1: 0.77, AUC: 0.84
Epoch [41/100] [TRAIN] Loss: 0.5499, Accuracy: 74.65%, AUC: 0.82 [VAL] Loss: 0.5198, Accuracy: 75.80%, Precision: 0.74, Recall: 0.81, F1: 0.77, AUC: 0.84
Epoch [42/100] [TRAIN] Loss: 0.5520, Accuracy: 74.67%, AUC: 0.82 [VAL] Loss: 0.5198, Accuracy: 75.80%, Precision: 0.74, Recall: 0.81, F1: 0.77, AUC: 0.84
Epoch [43/100] [TRAIN] Loss: 0.5523, Accuracy: 74.21%, AUC: 0.82 [VAL] Loss: 0.5199, Accuracy: 75.80%, Precision: 0.74, Recall: 0.81, F1: 0.77, AUC: 0.84
  Early stopping at epoch 43 (no val_loss improvement for 10 epochs)
  Antisymmetry score (raw):        0.9240
  Antisymmetry score (confident):  1.0000
  Total violations:                76 / 1000
  Pairs near boundary:             168 (16.8%)
  Avg |prob-0.5| at violation:     0.0000

--- Training baselines (LogisticRegression, RandomForest, SVM) ---

  Training LogisticRegression...
  Val accuracy: 73.50%

  [LogisticRegression]  Accuracy: 71.40%  AUC: 0.7789  Precision: 0.7362  Recall: 0.6524  F1: 0.6918  Antisym: 0.7400

  Training RandomForest...
  Val accuracy: 77.00%

  [RandomForest]  Accuracy: 76.70%  AUC: 0.8411  Precision: 0.7859  Recall: 0.7236  F1: 0.7534  Antisym: 0.8520

  Training SVM_Linear...
  Val accuracy: 72.30%

  [SVM_Linear]  Accuracy: 70.30%  AUC: 0.7744  Precision: 0.7316  Recall: 0.6260  F1: 0.6747  Antisym: 0.7040
Seed: 123
=== DirectRanker ===
Accuracy:  73.70 %
AUC:       0.8333
Precision: 0.7116
Recall:    0.7825
F1-Score:  0.7454
Antisymmetry score:  0.9240  (1.0 = perfect, ~0.5 = random)

Detailed Classification Report:
              precision    recall  f1-score   support

           0       0.77      0.69      0.73       508
           1       0.71      0.78      0.75       492

    accuracy                           0.74      1000
   macro avg       0.74      0.74      0.74      1000
weighted avg       0.74      0.74      0.74      1000


Confusion Matrix:
[[352 156]
 [107 385]]

=== LogisticRegression ===
Accuracy:  71.40 %
AUC:       0.7789
Precision: 0.7362
Recall:    0.6524
F1-Score:  0.6918
Antisymmetry score:  0.7400
Confusion Matrix:
[[393 115]
 [171 321]]

=== RandomForest ===
Accuracy:  76.70 %
AUC:       0.8411
Precision: 0.7859
Recall:    0.7236
F1-Score:  0.7534
Antisymmetry score:  0.8520
Confusion Matrix:
[[411  97]
 [136 356]]

=== SVM_Linear ===
Accuracy:  70.30 %
AUC:       0.7744
Precision: 0.7316
Recall:    0.6260
F1-Score:  0.6747
Antisymmetry score:  0.7040
Confusion Matrix:
[[395 113]
 [184 308]]

Saved combined test metrics: /group/pmc021/amunif/epi-thesis/workflow/16_Pairwise Ranking Healthy Liver/output/combined/donor_4/test/025-H3K4me3-H3K9ac-H3K9me3-H3K27ac-seed123-test-metrics.csv
Saved combined ROC plot: /group/pmc021/amunif/epi-thesis/workflow/16_Pairwise Ranking Healthy Liver/output/combined/donor_4/img/roc/025-H3K4me3-H3K9ac-H3K9me3-H3K27ac-seed123-roc-combined.png

Finished 025-H3K4me3-H3K9ac-H3K9me3-H3K27ac (seed 123)

======================================================================
026-H3K4me3-H3K9ac-H3K9me3-H3K27me3
======================================================================
Train label distribution:
  Label 0:   4091 (51.1%)
  Label 1:   3909 (48.9%)
Val label distribution:
  Label 0:    494 (49.4%)
  Label 1:    506 (50.6%)
Test label distribution:
  Label 0:    508 (50.8%)
  Label 1:    492 (49.2%)

--- Training DirectRanker ---
Epoch [1/100] [TRAIN] Loss: 0.6326, Accuracy: 69.62%, AUC: 0.76 [VAL] Loss: 0.5580, Accuracy: 74.30%, Precision: 0.73, Recall: 0.79, F1: 0.76, AUC: 0.83
Epoch [2/100] [TRAIN] Loss: 0.6041, Accuracy: 71.96%, AUC: 0.78 [VAL] Loss: 0.5445, Accuracy: 75.10%, Precision: 0.74, Recall: 0.79, F1: 0.76, AUC: 0.83
Epoch [3/100] [TRAIN] Loss: 0.5996, Accuracy: 72.09%, AUC: 0.79 [VAL] Loss: 0.5418, Accuracy: 75.00%, Precision: 0.74, Recall: 0.79, F1: 0.76, AUC: 0.83
Epoch [4/100] [TRAIN] Loss: 0.5925, Accuracy: 72.69%, AUC: 0.79 [VAL] Loss: 0.5371, Accuracy: 75.00%, Precision: 0.74, Recall: 0.79, F1: 0.76, AUC: 0.83
Epoch [5/100] [TRAIN] Loss: 0.5938, Accuracy: 72.46%, AUC: 0.79 [VAL] Loss: 0.5376, Accuracy: 74.90%, Precision: 0.73, Recall: 0.79, F1: 0.76, AUC: 0.83
Epoch [6/100] [TRAIN] Loss: 0.5928, Accuracy: 72.44%, AUC: 0.79 [VAL] Loss: 0.5375, Accuracy: 75.20%, Precision: 0.74, Recall: 0.79, F1: 0.76, AUC: 0.84
Epoch [7/100] [TRAIN] Loss: 0.5894, Accuracy: 71.64%, AUC: 0.79 [VAL] Loss: 0.5361, Accuracy: 75.40%, Precision: 0.74, Recall: 0.79, F1: 0.77, AUC: 0.84
Epoch [8/100] [TRAIN] Loss: 0.5848, Accuracy: 72.62%, AUC: 0.80 [VAL] Loss: 0.5340, Accuracy: 75.40%, Precision: 0.74, Recall: 0.79, F1: 0.77, AUC: 0.84
Epoch [9/100] [TRAIN] Loss: 0.5892, Accuracy: 72.50%, AUC: 0.79 [VAL] Loss: 0.5341, Accuracy: 75.10%, Precision: 0.74, Recall: 0.79, F1: 0.76, AUC: 0.84
Epoch [10/100] [TRAIN] Loss: 0.5804, Accuracy: 72.53%, AUC: 0.80 [VAL] Loss: 0.5314, Accuracy: 74.90%, Precision: 0.74, Recall: 0.78, F1: 0.76, AUC: 0.84
Epoch [11/100] [TRAIN] Loss: 0.5840, Accuracy: 72.62%, AUC: 0.80 [VAL] Loss: 0.5323, Accuracy: 74.80%, Precision: 0.74, Recall: 0.78, F1: 0.76, AUC: 0.84
Epoch [12/100] [TRAIN] Loss: 0.5816, Accuracy: 72.56%, AUC: 0.80 [VAL] Loss: 0.5324, Accuracy: 74.80%, Precision: 0.74, Recall: 0.78, F1: 0.76, AUC: 0.84
Epoch [13/100] [TRAIN] Loss: 0.5795, Accuracy: 72.58%, AUC: 0.80 [VAL] Loss: 0.5314, Accuracy: 74.90%, Precision: 0.74, Recall: 0.78, F1: 0.76, AUC: 0.84
Epoch [14/100] [TRAIN] Loss: 0.5798, Accuracy: 72.81%, AUC: 0.80 [VAL] Loss: 0.5323, Accuracy: 74.90%, Precision: 0.74, Recall: 0.78, F1: 0.76, AUC: 0.84
Epoch [15/100] [TRAIN] Loss: 0.5779, Accuracy: 72.61%, AUC: 0.80 [VAL] Loss: 0.5301, Accuracy: 75.00%, Precision: 0.74, Recall: 0.79, F1: 0.76, AUC: 0.84
Epoch [16/100] [TRAIN] Loss: 0.5764, Accuracy: 72.85%, AUC: 0.80 [VAL] Loss: 0.5293, Accuracy: 74.90%, Precision: 0.74, Recall: 0.78, F1: 0.76, AUC: 0.84
Epoch [17/100] [TRAIN] Loss: 0.5716, Accuracy: 73.29%, AUC: 0.81 [VAL] Loss: 0.5283, Accuracy: 74.70%, Precision: 0.73, Recall: 0.78, F1: 0.76, AUC: 0.84
Epoch [18/100] [TRAIN] Loss: 0.5781, Accuracy: 73.08%, AUC: 0.80 [VAL] Loss: 0.5303, Accuracy: 74.90%, Precision: 0.74, Recall: 0.78, F1: 0.76, AUC: 0.84
Epoch [19/100] [TRAIN] Loss: 0.5732, Accuracy: 73.41%, AUC: 0.81 [VAL] Loss: 0.5292, Accuracy: 74.80%, Precision: 0.74, Recall: 0.78, F1: 0.76, AUC: 0.84
Epoch [20/100] [TRAIN] Loss: 0.5742, Accuracy: 72.97%, AUC: 0.80 [VAL] Loss: 0.5293, Accuracy: 74.80%, Precision: 0.74, Recall: 0.78, F1: 0.76, AUC: 0.84
Epoch [21/100] [TRAIN] Loss: 0.5744, Accuracy: 72.65%, AUC: 0.80 [VAL] Loss: 0.5304, Accuracy: 74.90%, Precision: 0.74, Recall: 0.78, F1: 0.76, AUC: 0.84
Epoch [22/100] [TRAIN] Loss: 0.5725, Accuracy: 73.58%, AUC: 0.81 [VAL] Loss: 0.5282, Accuracy: 75.00%, Precision: 0.74, Recall: 0.79, F1: 0.76, AUC: 0.84
Epoch [23/100] [TRAIN] Loss: 0.5764, Accuracy: 72.67%, AUC: 0.80 [VAL] Loss: 0.5288, Accuracy: 75.00%, Precision: 0.74, Recall: 0.79, F1: 0.76, AUC: 0.84
Epoch [24/100] [TRAIN] Loss: 0.5721, Accuracy: 72.97%, AUC: 0.81 [VAL] Loss: 0.5280, Accuracy: 74.90%, Precision: 0.74, Recall: 0.79, F1: 0.76, AUC: 0.84
Epoch [25/100] [TRAIN] Loss: 0.5676, Accuracy: 73.17%, AUC: 0.81 [VAL] Loss: 0.5271, Accuracy: 75.00%, Precision: 0.74, Recall: 0.79, F1: 0.76, AUC: 0.84
Epoch [26/100] [TRAIN] Loss: 0.5691, Accuracy: 73.15%, AUC: 0.81 [VAL] Loss: 0.5285, Accuracy: 74.90%, Precision: 0.74, Recall: 0.78, F1: 0.76, AUC: 0.84
Epoch [27/100] [TRAIN] Loss: 0.5704, Accuracy: 73.45%, AUC: 0.81 [VAL] Loss: 0.5288, Accuracy: 75.00%, Precision: 0.74, Recall: 0.79, F1: 0.76, AUC: 0.84
Epoch [28/100] [TRAIN] Loss: 0.5713, Accuracy: 72.84%, AUC: 0.80 [VAL] Loss: 0.5289, Accuracy: 75.20%, Precision: 0.74, Recall: 0.79, F1: 0.76, AUC: 0.84
Epoch [29/100] [TRAIN] Loss: 0.5667, Accuracy: 73.31%, AUC: 0.81 [VAL] Loss: 0.5291, Accuracy: 74.70%, Precision: 0.74, Recall: 0.78, F1: 0.76, AUC: 0.84
Epoch [30/100] [TRAIN] Loss: 0.5637, Accuracy: 73.62%, AUC: 0.81 [VAL] Loss: 0.5276, Accuracy: 74.90%, Precision: 0.74, Recall: 0.78, F1: 0.76, AUC: 0.84
Epoch [31/100] [TRAIN] Loss: 0.5681, Accuracy: 73.19%, AUC: 0.81 [VAL] Loss: 0.5289, Accuracy: 74.80%, Precision: 0.74, Recall: 0.78, F1: 0.76, AUC: 0.84
Epoch [32/100] [TRAIN] Loss: 0.5694, Accuracy: 73.24%, AUC: 0.81 [VAL] Loss: 0.5288, Accuracy: 74.80%, Precision: 0.74, Recall: 0.78, F1: 0.76, AUC: 0.84
Epoch [33/100] [TRAIN] Loss: 0.5699, Accuracy: 73.88%, AUC: 0.81 [VAL] Loss: 0.5289, Accuracy: 74.80%, Precision: 0.74, Recall: 0.78, F1: 0.76, AUC: 0.84
Epoch [34/100] [TRAIN] Loss: 0.5693, Accuracy: 73.40%, AUC: 0.81 [VAL] Loss: 0.5288, Accuracy: 74.80%, Precision: 0.74, Recall: 0.78, F1: 0.76, AUC: 0.84
Epoch [35/100] [TRAIN] Loss: 0.5667, Accuracy: 73.41%, AUC: 0.81 [VAL] Loss: 0.5287, Accuracy: 74.80%, Precision: 0.74, Recall: 0.78, F1: 0.76, AUC: 0.84
  Early stopping at epoch 35 (no val_loss improvement for 10 epochs)
  Antisymmetry score (raw):        0.9170
  Antisymmetry score (confident):  1.0000
  Total violations:                83 / 1000
  Pairs near boundary:             188 (18.8%)
  Avg |prob-0.5| at violation:     0.0000

--- Training baselines (LogisticRegression, RandomForest, SVM) ---

  Training LogisticRegression...
  Val accuracy: 73.40%

  [LogisticRegression]  Accuracy: 70.90%  AUC: 0.7727  Precision: 0.7310  Recall: 0.6463  F1: 0.6861  Antisym: 0.7590

  Training RandomForest...
  Val accuracy: 75.70%

  [RandomForest]  Accuracy: 74.60%  AUC: 0.8310  Precision: 0.7755  Recall: 0.6809  F1: 0.7251  Antisym: 0.8110

  Training SVM_Linear...
  Val accuracy: 73.10%

  [SVM_Linear]  Accuracy: 70.50%  AUC: 0.7688  Precision: 0.7275  Recall: 0.6402  F1: 0.6811  Antisym: 0.7500
Seed: 123
=== DirectRanker ===
Accuracy:  72.80 %
AUC:       0.8163
Precision: 0.7052
Recall:    0.7683
F1-Score:  0.7354
Antisymmetry score:  0.9170  (1.0 = perfect, ~0.5 = random)

Detailed Classification Report:
              precision    recall  f1-score   support

           0       0.75      0.69      0.72       508
           1       0.71      0.77      0.74       492

    accuracy                           0.73      1000
   macro avg       0.73      0.73      0.73      1000
weighted avg       0.73      0.73      0.73      1000


Confusion Matrix:
[[350 158]
 [114 378]]

=== LogisticRegression ===
Accuracy:  70.90 %
AUC:       0.7727
Precision: 0.7310
Recall:    0.6463
F1-Score:  0.6861
Antisymmetry score:  0.7590
Confusion Matrix:
[[391 117]
 [174 318]]

=== RandomForest ===
Accuracy:  74.60 %
AUC:       0.8310
Precision: 0.7755
Recall:    0.6809
F1-Score:  0.7251
Antisymmetry score:  0.8110
Confusion Matrix:
[[411  97]
 [157 335]]

=== SVM_Linear ===
Accuracy:  70.50 %
AUC:       0.7688
Precision: 0.7275
Recall:    0.6402
F1-Score:  0.6811
Antisymmetry score:  0.7500
Confusion Matrix:
[[390 118]
 [177 315]]

Saved combined test metrics: /group/pmc021/amunif/epi-thesis/workflow/16_Pairwise Ranking Healthy Liver/output/combined/donor_4/test/026-H3K4me3-H3K9ac-H3K9me3-H3K27me3-seed123-test-metrics.csv
Saved combined ROC plot: /group/pmc021/amunif/epi-thesis/workflow/16_Pairwise Ranking Healthy Liver/output/combined/donor_4/img/roc/026-H3K4me3-H3K9ac-H3K9me3-H3K27me3-seed123-roc-combined.png

Finished 026-H3K4me3-H3K9ac-H3K9me3-H3K27me3 (seed 123)

======================================================================
027-H3K4me3-H3K9ac-H3K27ac-H3K27me3
======================================================================
Train label distribution:
  Label 0:   4091 (51.1%)
  Label 1:   3909 (48.9%)
Val label distribution:
  Label 0:    494 (49.4%)
  Label 1:    506 (50.6%)
Test label distribution:
  Label 0:    508 (50.8%)
  Label 1:    492 (49.2%)

--- Training DirectRanker ---
Epoch [1/100] [TRAIN] Loss: 0.6763, Accuracy: 61.52%, AUC: 0.67 [VAL] Loss: 0.5579, Accuracy: 75.10%, Precision: 0.74, Recall: 0.79, F1: 0.76, AUC: 0.83
Epoch [2/100] [TRAIN] Loss: 0.6100, Accuracy: 72.10%, AUC: 0.78 [VAL] Loss: 0.5386, Accuracy: 74.50%, Precision: 0.73, Recall: 0.80, F1: 0.76, AUC: 0.84
Epoch [3/100] [TRAIN] Loss: 0.5968, Accuracy: 72.53%, AUC: 0.79 [VAL] Loss: 0.5335, Accuracy: 74.90%, Precision: 0.73, Recall: 0.80, F1: 0.76, AUC: 0.84
Epoch [4/100] [TRAIN] Loss: 0.5931, Accuracy: 73.03%, AUC: 0.80 [VAL] Loss: 0.5309, Accuracy: 75.00%, Precision: 0.73, Recall: 0.81, F1: 0.77, AUC: 0.84
Epoch [5/100] [TRAIN] Loss: 0.5872, Accuracy: 73.65%, AUC: 0.80 [VAL] Loss: 0.5300, Accuracy: 75.10%, Precision: 0.73, Recall: 0.81, F1: 0.77, AUC: 0.84
Epoch [6/100] [TRAIN] Loss: 0.5788, Accuracy: 73.91%, AUC: 0.80 [VAL] Loss: 0.5273, Accuracy: 75.30%, Precision: 0.73, Recall: 0.81, F1: 0.77, AUC: 0.84
Epoch [7/100] [TRAIN] Loss: 0.5785, Accuracy: 73.58%, AUC: 0.81 [VAL] Loss: 0.5288, Accuracy: 75.30%, Precision: 0.73, Recall: 0.81, F1: 0.77, AUC: 0.84
Epoch [8/100] [TRAIN] Loss: 0.5820, Accuracy: 73.45%, AUC: 0.80 [VAL] Loss: 0.5293, Accuracy: 75.30%, Precision: 0.73, Recall: 0.81, F1: 0.77, AUC: 0.84
Epoch [9/100] [TRAIN] Loss: 0.5775, Accuracy: 74.19%, AUC: 0.81 [VAL] Loss: 0.5294, Accuracy: 75.40%, Precision: 0.73, Recall: 0.80, F1: 0.77, AUC: 0.84
Epoch [10/100] [TRAIN] Loss: 0.5709, Accuracy: 74.04%, AUC: 0.81 [VAL] Loss: 0.5276, Accuracy: 75.60%, Precision: 0.74, Recall: 0.81, F1: 0.77, AUC: 0.84
Epoch [11/100] [TRAIN] Loss: 0.5777, Accuracy: 73.88%, AUC: 0.81 [VAL] Loss: 0.5288, Accuracy: 75.20%, Precision: 0.73, Recall: 0.80, F1: 0.77, AUC: 0.84
Epoch [12/100] [TRAIN] Loss: 0.5724, Accuracy: 73.83%, AUC: 0.81 [VAL] Loss: 0.5282, Accuracy: 75.20%, Precision: 0.73, Recall: 0.80, F1: 0.77, AUC: 0.84
Epoch [13/100] [TRAIN] Loss: 0.5684, Accuracy: 74.16%, AUC: 0.81 [VAL] Loss: 0.5279, Accuracy: 75.20%, Precision: 0.73, Recall: 0.80, F1: 0.77, AUC: 0.84
Epoch [14/100] [TRAIN] Loss: 0.5699, Accuracy: 73.94%, AUC: 0.81 [VAL] Loss: 0.5279, Accuracy: 75.20%, Precision: 0.73, Recall: 0.80, F1: 0.77, AUC: 0.84
Epoch [15/100] [TRAIN] Loss: 0.5744, Accuracy: 73.97%, AUC: 0.81 [VAL] Loss: 0.5280, Accuracy: 75.20%, Precision: 0.73, Recall: 0.80, F1: 0.77, AUC: 0.84
Epoch [16/100] [TRAIN] Loss: 0.5726, Accuracy: 73.60%, AUC: 0.81 [VAL] Loss: 0.5278, Accuracy: 75.20%, Precision: 0.73, Recall: 0.80, F1: 0.77, AUC: 0.84
  Early stopping at epoch 16 (no val_loss improvement for 10 epochs)
  Antisymmetry score (raw):        0.9230
  Antisymmetry score (confident):  1.0000
  Total violations:                77 / 1000
  Pairs near boundary:             198 (19.8%)
  Avg |prob-0.5| at violation:     0.0000

--- Training baselines (LogisticRegression, RandomForest, SVM) ---

  Training LogisticRegression...
  Val accuracy: 73.10%

  [LogisticRegression]  Accuracy: 72.60%  AUC: 0.7928  Precision: 0.7444  Recall: 0.6748  F1: 0.7079  Antisym: 0.7500

  Training RandomForest...
  Val accuracy: 77.10%

  [RandomForest]  Accuracy: 76.70%  AUC: 0.8423  Precision: 0.7910  Recall: 0.7154  F1: 0.7513  Antisym: 0.8580

  Training SVM_Linear...
  Val accuracy: 73.30%

  [SVM_Linear]  Accuracy: 72.60%  AUC: 0.7942  Precision: 0.7477  Recall: 0.6687  F1: 0.7060  Antisym: 0.7420
Seed: 123
=== DirectRanker ===
Accuracy:  74.40 %
AUC:       0.8328
Precision: 0.7201
Recall:    0.7846
F1-Score:  0.7510
Antisymmetry score:  0.9230  (1.0 = perfect, ~0.5 = random)

Detailed Classification Report:
              precision    recall  f1-score   support

           0       0.77      0.70      0.74       508
           1       0.72      0.78      0.75       492

    accuracy                           0.74      1000
   macro avg       0.75      0.74      0.74      1000
weighted avg       0.75      0.74      0.74      1000


Confusion Matrix:
[[358 150]
 [106 386]]

=== LogisticRegression ===
Accuracy:  72.60 %
AUC:       0.7928
Precision: 0.7444
Recall:    0.6748
F1-Score:  0.7079
Antisymmetry score:  0.7500
Confusion Matrix:
[[394 114]
 [160 332]]

=== RandomForest ===
Accuracy:  76.70 %
AUC:       0.8423
Precision: 0.7910
Recall:    0.7154
F1-Score:  0.7513
Antisymmetry score:  0.8580
Confusion Matrix:
[[415  93]
 [140 352]]

=== SVM_Linear ===
Accuracy:  72.60 %
AUC:       0.7942
Precision: 0.7477
Recall:    0.6687
F1-Score:  0.7060
Antisymmetry score:  0.7420
Confusion Matrix:
[[397 111]
 [163 329]]

Saved combined test metrics: /group/pmc021/amunif/epi-thesis/workflow/16_Pairwise Ranking Healthy Liver/output/combined/donor_4/test/027-H3K4me3-H3K9ac-H3K27ac-H3K27me3-seed123-test-metrics.csv
Saved combined ROC plot: /group/pmc021/amunif/epi-thesis/workflow/16_Pairwise Ranking Healthy Liver/output/combined/donor_4/img/roc/027-H3K4me3-H3K9ac-H3K27ac-H3K27me3-seed123-roc-combined.png

Finished 027-H3K4me3-H3K9ac-H3K27ac-H3K27me3 (seed 123)

======================================================================
028-H3K4me3-H3K9me3-H3K27ac-H3K27me3
======================================================================
Train label distribution:
  Label 0:   4091 (51.1%)
  Label 1:   3909 (48.9%)
Val label distribution:
  Label 0:    494 (49.4%)
  Label 1:    506 (50.6%)
Test label distribution:
  Label 0:    508 (50.8%)
  Label 1:    492 (49.2%)

--- Training DirectRanker ---
Epoch [1/100] [TRAIN] Loss: 0.6477, Accuracy: 67.80%, AUC: 0.74 [VAL] Loss: 0.5681, Accuracy: 74.20%, Precision: 0.72, Recall: 0.79, F1: 0.76, AUC: 0.83
Epoch [2/100] [TRAIN] Loss: 0.5980, Accuracy: 72.97%, AUC: 0.79 [VAL] Loss: 0.5464, Accuracy: 74.60%, Precision: 0.73, Recall: 0.80, F1: 0.76, AUC: 0.83
Epoch [3/100] [TRAIN] Loss: 0.5936, Accuracy: 73.16%, AUC: 0.80 [VAL] Loss: 0.5431, Accuracy: 74.80%, Precision: 0.73, Recall: 0.80, F1: 0.76, AUC: 0.83
Epoch [4/100] [TRAIN] Loss: 0.5869, Accuracy: 73.45%, AUC: 0.80 [VAL] Loss: 0.5389, Accuracy: 74.80%, Precision: 0.73, Recall: 0.80, F1: 0.76, AUC: 0.83
Epoch [5/100] [TRAIN] Loss: 0.5829, Accuracy: 73.92%, AUC: 0.80 [VAL] Loss: 0.5370, Accuracy: 74.80%, Precision: 0.73, Recall: 0.80, F1: 0.76, AUC: 0.84
Epoch [6/100] [TRAIN] Loss: 0.5787, Accuracy: 73.54%, AUC: 0.80 [VAL] Loss: 0.5357, Accuracy: 74.90%, Precision: 0.73, Recall: 0.80, F1: 0.76, AUC: 0.84
Epoch [7/100] [TRAIN] Loss: 0.5771, Accuracy: 73.39%, AUC: 0.80 [VAL] Loss: 0.5345, Accuracy: 74.60%, Precision: 0.73, Recall: 0.79, F1: 0.76, AUC: 0.84
Epoch [8/100] [TRAIN] Loss: 0.5715, Accuracy: 74.08%, AUC: 0.81 [VAL] Loss: 0.5325, Accuracy: 74.70%, Precision: 0.73, Recall: 0.80, F1: 0.76, AUC: 0.84
Epoch [9/100] [TRAIN] Loss: 0.5747, Accuracy: 73.33%, AUC: 0.81 [VAL] Loss: 0.5324, Accuracy: 74.80%, Precision: 0.73, Recall: 0.80, F1: 0.76, AUC: 0.84
Epoch [10/100] [TRAIN] Loss: 0.5730, Accuracy: 73.12%, AUC: 0.81 [VAL] Loss: 0.5314, Accuracy: 74.60%, Precision: 0.73, Recall: 0.79, F1: 0.76, AUC: 0.84
Epoch [11/100] [TRAIN] Loss: 0.5695, Accuracy: 73.72%, AUC: 0.81 [VAL] Loss: 0.5306, Accuracy: 74.60%, Precision: 0.73, Recall: 0.79, F1: 0.76, AUC: 0.84
Epoch [12/100] [TRAIN] Loss: 0.5686, Accuracy: 73.86%, AUC: 0.81 [VAL] Loss: 0.5294, Accuracy: 74.50%, Precision: 0.73, Recall: 0.79, F1: 0.76, AUC: 0.84
Epoch [13/100] [TRAIN] Loss: 0.5667, Accuracy: 73.66%, AUC: 0.81 [VAL] Loss: 0.5285, Accuracy: 74.20%, Precision: 0.73, Recall: 0.79, F1: 0.76, AUC: 0.84
Epoch [14/100] [TRAIN] Loss: 0.5676, Accuracy: 73.51%, AUC: 0.81 [VAL] Loss: 0.5299, Accuracy: 74.10%, Precision: 0.72, Recall: 0.79, F1: 0.75, AUC: 0.84
Epoch [15/100] [TRAIN] Loss: 0.5636, Accuracy: 74.29%, AUC: 0.81 [VAL] Loss: 0.5286, Accuracy: 74.10%, Precision: 0.72, Recall: 0.79, F1: 0.75, AUC: 0.84
Epoch [16/100] [TRAIN] Loss: 0.5654, Accuracy: 73.95%, AUC: 0.81 [VAL] Loss: 0.5282, Accuracy: 74.10%, Precision: 0.72, Recall: 0.79, F1: 0.75, AUC: 0.84
Epoch [17/100] [TRAIN] Loss: 0.5643, Accuracy: 73.38%, AUC: 0.81 [VAL] Loss: 0.5266, Accuracy: 74.10%, Precision: 0.72, Recall: 0.79, F1: 0.75, AUC: 0.84
Epoch [18/100] [TRAIN] Loss: 0.5635, Accuracy: 73.47%, AUC: 0.81 [VAL] Loss: 0.5261, Accuracy: 74.10%, Precision: 0.72, Recall: 0.79, F1: 0.75, AUC: 0.84
Epoch [19/100] [TRAIN] Loss: 0.5645, Accuracy: 73.81%, AUC: 0.81 [VAL] Loss: 0.5269, Accuracy: 74.10%, Precision: 0.72, Recall: 0.79, F1: 0.75, AUC: 0.84
Epoch [20/100] [TRAIN] Loss: 0.5619, Accuracy: 73.81%, AUC: 0.81 [VAL] Loss: 0.5262, Accuracy: 74.00%, Precision: 0.72, Recall: 0.79, F1: 0.75, AUC: 0.84
Epoch [21/100] [TRAIN] Loss: 0.5636, Accuracy: 73.91%, AUC: 0.81 [VAL] Loss: 0.5262, Accuracy: 74.00%, Precision: 0.72, Recall: 0.79, F1: 0.75, AUC: 0.84
Epoch [22/100] [TRAIN] Loss: 0.5622, Accuracy: 73.96%, AUC: 0.81 [VAL] Loss: 0.5259, Accuracy: 74.00%, Precision: 0.72, Recall: 0.79, F1: 0.75, AUC: 0.84
Epoch [23/100] [TRAIN] Loss: 0.5593, Accuracy: 74.20%, AUC: 0.82 [VAL] Loss: 0.5251, Accuracy: 74.10%, Precision: 0.72, Recall: 0.79, F1: 0.76, AUC: 0.84
Epoch [24/100] [TRAIN] Loss: 0.5554, Accuracy: 74.03%, AUC: 0.82 [VAL] Loss: 0.5241, Accuracy: 74.00%, Precision: 0.72, Recall: 0.79, F1: 0.75, AUC: 0.84
Epoch [25/100] [TRAIN] Loss: 0.5610, Accuracy: 73.80%, AUC: 0.81 [VAL] Loss: 0.5250, Accuracy: 74.00%, Precision: 0.72, Recall: 0.79, F1: 0.75, AUC: 0.84
Epoch [26/100] [TRAIN] Loss: 0.5598, Accuracy: 73.67%, AUC: 0.82 [VAL] Loss: 0.5256, Accuracy: 74.00%, Precision: 0.72, Recall: 0.79, F1: 0.75, AUC: 0.84
Epoch [27/100] [TRAIN] Loss: 0.5585, Accuracy: 74.00%, AUC: 0.82 [VAL] Loss: 0.5242, Accuracy: 73.90%, Precision: 0.72, Recall: 0.79, F1: 0.75, AUC: 0.84
Epoch [28/100] [TRAIN] Loss: 0.5592, Accuracy: 74.35%, AUC: 0.82 [VAL] Loss: 0.5236, Accuracy: 73.90%, Precision: 0.72, Recall: 0.79, F1: 0.75, AUC: 0.84
Epoch [29/100] [TRAIN] Loss: 0.5580, Accuracy: 73.74%, AUC: 0.82 [VAL] Loss: 0.5245, Accuracy: 73.90%, Precision: 0.72, Recall: 0.79, F1: 0.75, AUC: 0.84
Epoch [30/100] [TRAIN] Loss: 0.5584, Accuracy: 73.91%, AUC: 0.82 [VAL] Loss: 0.5249, Accuracy: 73.90%, Precision: 0.72, Recall: 0.79, F1: 0.75, AUC: 0.84
Epoch [31/100] [TRAIN] Loss: 0.5554, Accuracy: 74.08%, AUC: 0.82 [VAL] Loss: 0.5243, Accuracy: 74.00%, Precision: 0.72, Recall: 0.79, F1: 0.75, AUC: 0.84
Epoch [32/100] [TRAIN] Loss: 0.5537, Accuracy: 74.14%, AUC: 0.82 [VAL] Loss: 0.5240, Accuracy: 74.00%, Precision: 0.72, Recall: 0.79, F1: 0.75, AUC: 0.84
Epoch [33/100] [TRAIN] Loss: 0.5554, Accuracy: 74.45%, AUC: 0.82 [VAL] Loss: 0.5234, Accuracy: 74.00%, Precision: 0.72, Recall: 0.79, F1: 0.75, AUC: 0.84
Epoch [34/100] [TRAIN] Loss: 0.5557, Accuracy: 74.15%, AUC: 0.82 [VAL] Loss: 0.5232, Accuracy: 74.00%, Precision: 0.72, Recall: 0.79, F1: 0.75, AUC: 0.84
Epoch [35/100] [TRAIN] Loss: 0.5574, Accuracy: 73.96%, AUC: 0.82 [VAL] Loss: 0.5241, Accuracy: 74.20%, Precision: 0.72, Recall: 0.79, F1: 0.76, AUC: 0.84
Epoch [36/100] [TRAIN] Loss: 0.5523, Accuracy: 74.15%, AUC: 0.82 [VAL] Loss: 0.5230, Accuracy: 74.20%, Precision: 0.72, Recall: 0.79, F1: 0.76, AUC: 0.84
Epoch [37/100] [TRAIN] Loss: 0.5574, Accuracy: 74.15%, AUC: 0.82 [VAL] Loss: 0.5242, Accuracy: 74.30%, Precision: 0.73, Recall: 0.79, F1: 0.76, AUC: 0.84
Epoch [38/100] [TRAIN] Loss: 0.5555, Accuracy: 73.94%, AUC: 0.82 [VAL] Loss: 0.5244, Accuracy: 74.30%, Precision: 0.73, Recall: 0.79, F1: 0.76, AUC: 0.84
Epoch [39/100] [TRAIN] Loss: 0.5538, Accuracy: 73.89%, AUC: 0.82 [VAL] Loss: 0.5237, Accuracy: 74.40%, Precision: 0.73, Recall: 0.79, F1: 0.76, AUC: 0.84
Epoch [40/100] [TRAIN] Loss: 0.5525, Accuracy: 74.06%, AUC: 0.82 [VAL] Loss: 0.5224, Accuracy: 74.20%, Precision: 0.73, Recall: 0.79, F1: 0.76, AUC: 0.84
Epoch [41/100] [TRAIN] Loss: 0.5552, Accuracy: 73.72%, AUC: 0.82 [VAL] Loss: 0.5237, Accuracy: 74.10%, Precision: 0.72, Recall: 0.79, F1: 0.75, AUC: 0.84
Epoch [42/100] [TRAIN] Loss: 0.5504, Accuracy: 74.54%, AUC: 0.82 [VAL] Loss: 0.5217, Accuracy: 74.30%, Precision: 0.73, Recall: 0.79, F1: 0.76, AUC: 0.84
Epoch [43/100] [TRAIN] Loss: 0.5520, Accuracy: 74.29%, AUC: 0.82 [VAL] Loss: 0.5227, Accuracy: 74.20%, Precision: 0.73, Recall: 0.79, F1: 0.76, AUC: 0.84
Epoch [44/100] [TRAIN] Loss: 0.5483, Accuracy: 74.56%, AUC: 0.82 [VAL] Loss: 0.5219, Accuracy: 74.20%, Precision: 0.73, Recall: 0.79, F1: 0.76, AUC: 0.84
Epoch [45/100] [TRAIN] Loss: 0.5518, Accuracy: 75.09%, AUC: 0.82 [VAL] Loss: 0.5221, Accuracy: 74.40%, Precision: 0.73, Recall: 0.79, F1: 0.76, AUC: 0.84
Epoch [46/100] [TRAIN] Loss: 0.5510, Accuracy: 74.14%, AUC: 0.82 [VAL] Loss: 0.5225, Accuracy: 74.40%, Precision: 0.73, Recall: 0.79, F1: 0.76, AUC: 0.84
Epoch [47/100] [TRAIN] Loss: 0.5515, Accuracy: 74.22%, AUC: 0.82 [VAL] Loss: 0.5231, Accuracy: 74.40%, Precision: 0.73, Recall: 0.79, F1: 0.76, AUC: 0.84
Epoch [48/100] [TRAIN] Loss: 0.5505, Accuracy: 74.62%, AUC: 0.82 [VAL] Loss: 0.5224, Accuracy: 74.40%, Precision: 0.73, Recall: 0.79, F1: 0.76, AUC: 0.84
Epoch [49/100] [TRAIN] Loss: 0.5507, Accuracy: 74.34%, AUC: 0.82 [VAL] Loss: 0.5222, Accuracy: 74.40%, Precision: 0.73, Recall: 0.79, F1: 0.76, AUC: 0.84
Epoch [50/100] [TRAIN] Loss: 0.5542, Accuracy: 74.53%, AUC: 0.82 [VAL] Loss: 0.5222, Accuracy: 74.40%, Precision: 0.73, Recall: 0.79, F1: 0.76, AUC: 0.84
Epoch [51/100] [TRAIN] Loss: 0.5531, Accuracy: 74.31%, AUC: 0.82 [VAL] Loss: 0.5222, Accuracy: 74.40%, Precision: 0.73, Recall: 0.79, F1: 0.76, AUC: 0.84
Epoch [52/100] [TRAIN] Loss: 0.5507, Accuracy: 74.31%, AUC: 0.82 [VAL] Loss: 0.5221, Accuracy: 74.30%, Precision: 0.73, Recall: 0.79, F1: 0.76, AUC: 0.84
  Early stopping at epoch 52 (no val_loss improvement for 10 epochs)
  Antisymmetry score (raw):        0.9310
  Antisymmetry score (confident):  1.0000
  Total violations:                69 / 1000
  Pairs near boundary:             175 (17.5%)
  Avg |prob-0.5| at violation:     0.0000

--- Training baselines (LogisticRegression, RandomForest, SVM) ---

  Training LogisticRegression...
  Val accuracy: 72.70%

  [LogisticRegression]  Accuracy: 72.20%  AUC: 0.7810  Precision: 0.7454  Recall: 0.6606  F1: 0.7004  Antisym: 0.7660

  Training RandomForest...
  Val accuracy: 76.70%

  [RandomForest]  Accuracy: 76.40%  AUC: 0.8349  Precision: 0.7909  Recall: 0.7073  F1: 0.7468  Antisym: 0.8500

  Training SVM_Linear...
  Val accuracy: 72.10%

  [SVM_Linear]  Accuracy: 70.40%  AUC: 0.7763  Precision: 0.7269  Recall: 0.6382  F1: 0.6797  Antisym: 0.7440
Seed: 123
=== DirectRanker ===
Accuracy:  74.10 %
AUC:       0.8309
Precision: 0.7169
Recall:    0.7825
F1-Score:  0.7483
Antisymmetry score:  0.9310  (1.0 = perfect, ~0.5 = random)

Detailed Classification Report:
              precision    recall  f1-score   support

           0       0.77      0.70      0.73       508
           1       0.72      0.78      0.75       492

    accuracy                           0.74      1000
   macro avg       0.74      0.74      0.74      1000
weighted avg       0.74      0.74      0.74      1000


Confusion Matrix:
[[356 152]
 [107 385]]

=== LogisticRegression ===
Accuracy:  72.20 %
AUC:       0.7810
Precision: 0.7454
Recall:    0.6606
F1-Score:  0.7004
Antisymmetry score:  0.7660
Confusion Matrix:
[[397 111]
 [167 325]]

=== RandomForest ===
Accuracy:  76.40 %
AUC:       0.8349
Precision: 0.7909
Recall:    0.7073
F1-Score:  0.7468
Antisymmetry score:  0.8500
Confusion Matrix:
[[416  92]
 [144 348]]

=== SVM_Linear ===
Accuracy:  70.40 %
AUC:       0.7763
Precision: 0.7269
Recall:    0.6382
F1-Score:  0.6797
Antisymmetry score:  0.7440
Confusion Matrix:
[[390 118]
 [178 314]]

Saved combined test metrics: /group/pmc021/amunif/epi-thesis/workflow/16_Pairwise Ranking Healthy Liver/output/combined/donor_4/test/028-H3K4me3-H3K9me3-H3K27ac-H3K27me3-seed123-test-metrics.csv
Saved combined ROC plot: /group/pmc021/amunif/epi-thesis/workflow/16_Pairwise Ranking Healthy Liver/output/combined/donor_4/img/roc/028-H3K4me3-H3K9me3-H3K27ac-H3K27me3-seed123-roc-combined.png

Finished 028-H3K4me3-H3K9me3-H3K27ac-H3K27me3 (seed 123)

======================================================================
029-H3K9ac-H3K9me3-H3K27ac-H3K27me3
======================================================================
Train label distribution:
  Label 0:   4091 (51.1%)
  Label 1:   3909 (48.9%)
Val label distribution:
  Label 0:    494 (49.4%)
  Label 1:    506 (50.6%)
Test label distribution:
  Label 0:    508 (50.8%)
  Label 1:    492 (49.2%)

--- Training DirectRanker ---
Epoch [1/100] [TRAIN] Loss: 0.6473, Accuracy: 67.86%, AUC: 0.74 [VAL] Loss: 0.5691, Accuracy: 74.30%, Precision: 0.72, Recall: 0.81, F1: 0.76, AUC: 0.82
Epoch [2/100] [TRAIN] Loss: 0.6092, Accuracy: 72.35%, AUC: 0.79 [VAL] Loss: 0.5542, Accuracy: 74.50%, Precision: 0.72, Recall: 0.81, F1: 0.76, AUC: 0.82
Epoch [3/100] [TRAIN] Loss: 0.6031, Accuracy: 72.60%, AUC: 0.79 [VAL] Loss: 0.5498, Accuracy: 75.10%, Precision: 0.73, Recall: 0.81, F1: 0.77, AUC: 0.83
Epoch [4/100] [TRAIN] Loss: 0.5983, Accuracy: 73.44%, AUC: 0.80 [VAL] Loss: 0.5483, Accuracy: 74.90%, Precision: 0.73, Recall: 0.81, F1: 0.77, AUC: 0.83
Epoch [5/100] [TRAIN] Loss: 0.5923, Accuracy: 73.89%, AUC: 0.80 [VAL] Loss: 0.5455, Accuracy: 74.60%, Precision: 0.72, Recall: 0.81, F1: 0.76, AUC: 0.83
Epoch [6/100] [TRAIN] Loss: 0.5883, Accuracy: 73.34%, AUC: 0.80 [VAL] Loss: 0.5442, Accuracy: 74.50%, Precision: 0.72, Recall: 0.81, F1: 0.76, AUC: 0.83
Epoch [7/100] [TRAIN] Loss: 0.5901, Accuracy: 72.84%, AUC: 0.80 [VAL] Loss: 0.5433, Accuracy: 74.40%, Precision: 0.72, Recall: 0.81, F1: 0.76, AUC: 0.83
Epoch [8/100] [TRAIN] Loss: 0.5829, Accuracy: 73.75%, AUC: 0.80 [VAL] Loss: 0.5416, Accuracy: 74.40%, Precision: 0.72, Recall: 0.81, F1: 0.76, AUC: 0.83
Epoch [9/100] [TRAIN] Loss: 0.5803, Accuracy: 73.76%, AUC: 0.81 [VAL] Loss: 0.5390, Accuracy: 74.20%, Precision: 0.72, Recall: 0.81, F1: 0.76, AUC: 0.83
Epoch [10/100] [TRAIN] Loss: 0.5802, Accuracy: 73.14%, AUC: 0.80 [VAL] Loss: 0.5391, Accuracy: 74.50%, Precision: 0.72, Recall: 0.81, F1: 0.76, AUC: 0.83
Epoch [11/100] [TRAIN] Loss: 0.5796, Accuracy: 73.86%, AUC: 0.81 [VAL] Loss: 0.5388, Accuracy: 74.40%, Precision: 0.72, Recall: 0.81, F1: 0.76, AUC: 0.83
Epoch [12/100] [TRAIN] Loss: 0.5764, Accuracy: 73.81%, AUC: 0.81 [VAL] Loss: 0.5376, Accuracy: 74.20%, Precision: 0.72, Recall: 0.81, F1: 0.76, AUC: 0.83
Epoch [13/100] [TRAIN] Loss: 0.5771, Accuracy: 73.66%, AUC: 0.81 [VAL] Loss: 0.5370, Accuracy: 74.30%, Precision: 0.72, Recall: 0.81, F1: 0.76, AUC: 0.83
Epoch [14/100] [TRAIN] Loss: 0.5767, Accuracy: 73.44%, AUC: 0.81 [VAL] Loss: 0.5361, Accuracy: 74.20%, Precision: 0.72, Recall: 0.81, F1: 0.76, AUC: 0.83
Epoch [15/100] [TRAIN] Loss: 0.5727, Accuracy: 73.78%, AUC: 0.81 [VAL] Loss: 0.5357, Accuracy: 74.20%, Precision: 0.72, Recall: 0.81, F1: 0.76, AUC: 0.83
Epoch [16/100] [TRAIN] Loss: 0.5730, Accuracy: 73.64%, AUC: 0.81 [VAL] Loss: 0.5353, Accuracy: 74.10%, Precision: 0.72, Recall: 0.81, F1: 0.76, AUC: 0.83
Epoch [17/100] [TRAIN] Loss: 0.5733, Accuracy: 73.62%, AUC: 0.81 [VAL] Loss: 0.5355, Accuracy: 74.20%, Precision: 0.72, Recall: 0.81, F1: 0.76, AUC: 0.83
Epoch [18/100] [TRAIN] Loss: 0.5722, Accuracy: 73.81%, AUC: 0.81 [VAL] Loss: 0.5351, Accuracy: 74.00%, Precision: 0.72, Recall: 0.81, F1: 0.76, AUC: 0.83
Epoch [19/100] [TRAIN] Loss: 0.5745, Accuracy: 73.94%, AUC: 0.81 [VAL] Loss: 0.5357, Accuracy: 74.20%, Precision: 0.72, Recall: 0.81, F1: 0.76, AUC: 0.83
Epoch [20/100] [TRAIN] Loss: 0.5693, Accuracy: 73.76%, AUC: 0.81 [VAL] Loss: 0.5343, Accuracy: 74.20%, Precision: 0.72, Recall: 0.81, F1: 0.76, AUC: 0.83
Epoch [21/100] [TRAIN] Loss: 0.5687, Accuracy: 73.89%, AUC: 0.81 [VAL] Loss: 0.5339, Accuracy: 74.00%, Precision: 0.72, Recall: 0.81, F1: 0.76, AUC: 0.83
Epoch [22/100] [TRAIN] Loss: 0.5663, Accuracy: 74.01%, AUC: 0.81 [VAL] Loss: 0.5335, Accuracy: 74.20%, Precision: 0.72, Recall: 0.81, F1: 0.76, AUC: 0.83
Epoch [23/100] [TRAIN] Loss: 0.5716, Accuracy: 73.44%, AUC: 0.81 [VAL] Loss: 0.5339, Accuracy: 74.30%, Precision: 0.72, Recall: 0.81, F1: 0.76, AUC: 0.83
Epoch [24/100] [TRAIN] Loss: 0.5713, Accuracy: 73.30%, AUC: 0.81 [VAL] Loss: 0.5340, Accuracy: 74.30%, Precision: 0.72, Recall: 0.81, F1: 0.76, AUC: 0.83
Epoch [25/100] [TRAIN] Loss: 0.5646, Accuracy: 74.03%, AUC: 0.81 [VAL] Loss: 0.5330, Accuracy: 74.20%, Precision: 0.72, Recall: 0.81, F1: 0.76, AUC: 0.83
Epoch [26/100] [TRAIN] Loss: 0.5629, Accuracy: 74.36%, AUC: 0.82 [VAL] Loss: 0.5323, Accuracy: 74.20%, Precision: 0.72, Recall: 0.81, F1: 0.76, AUC: 0.83
Epoch [27/100] [TRAIN] Loss: 0.5644, Accuracy: 73.80%, AUC: 0.81 [VAL] Loss: 0.5317, Accuracy: 74.10%, Precision: 0.72, Recall: 0.80, F1: 0.76, AUC: 0.83
Epoch [28/100] [TRAIN] Loss: 0.5676, Accuracy: 73.60%, AUC: 0.81 [VAL] Loss: 0.5320, Accuracy: 73.90%, Precision: 0.72, Recall: 0.80, F1: 0.76, AUC: 0.83
Epoch [29/100] [TRAIN] Loss: 0.5641, Accuracy: 73.94%, AUC: 0.81 [VAL] Loss: 0.5327, Accuracy: 74.00%, Precision: 0.72, Recall: 0.80, F1: 0.76, AUC: 0.83
Epoch [30/100] [TRAIN] Loss: 0.5665, Accuracy: 73.65%, AUC: 0.81 [VAL] Loss: 0.5331, Accuracy: 74.30%, Precision: 0.72, Recall: 0.81, F1: 0.76, AUC: 0.83
Epoch [31/100] [TRAIN] Loss: 0.5655, Accuracy: 74.01%, AUC: 0.81 [VAL] Loss: 0.5326, Accuracy: 74.20%, Precision: 0.72, Recall: 0.81, F1: 0.76, AUC: 0.83
Epoch [32/100] [TRAIN] Loss: 0.5619, Accuracy: 74.30%, AUC: 0.82 [VAL] Loss: 0.5319, Accuracy: 74.20%, Precision: 0.72, Recall: 0.81, F1: 0.76, AUC: 0.83
Epoch [33/100] [TRAIN] Loss: 0.5603, Accuracy: 74.06%, AUC: 0.82 [VAL] Loss: 0.5310, Accuracy: 74.20%, Precision: 0.72, Recall: 0.81, F1: 0.76, AUC: 0.83
Epoch [34/100] [TRAIN] Loss: 0.5625, Accuracy: 73.99%, AUC: 0.82 [VAL] Loss: 0.5311, Accuracy: 74.00%, Precision: 0.72, Recall: 0.80, F1: 0.76, AUC: 0.83
Epoch [35/100] [TRAIN] Loss: 0.5602, Accuracy: 73.71%, AUC: 0.81 [VAL] Loss: 0.5304, Accuracy: 74.10%, Precision: 0.72, Recall: 0.81, F1: 0.76, AUC: 0.83
Epoch [36/100] [TRAIN] Loss: 0.5589, Accuracy: 74.22%, AUC: 0.82 [VAL] Loss: 0.5307, Accuracy: 74.00%, Precision: 0.72, Recall: 0.81, F1: 0.76, AUC: 0.83
Epoch [37/100] [TRAIN] Loss: 0.5627, Accuracy: 74.26%, AUC: 0.82 [VAL] Loss: 0.5307, Accuracy: 74.00%, Precision: 0.72, Recall: 0.81, F1: 0.76, AUC: 0.83
Epoch [38/100] [TRAIN] Loss: 0.5615, Accuracy: 74.15%, AUC: 0.81 [VAL] Loss: 0.5308, Accuracy: 74.00%, Precision: 0.72, Recall: 0.81, F1: 0.76, AUC: 0.83
Epoch [39/100] [TRAIN] Loss: 0.5593, Accuracy: 74.00%, AUC: 0.82 [VAL] Loss: 0.5309, Accuracy: 74.00%, Precision: 0.72, Recall: 0.81, F1: 0.76, AUC: 0.83
Epoch [40/100] [TRAIN] Loss: 0.5619, Accuracy: 73.74%, AUC: 0.81 [VAL] Loss: 0.5309, Accuracy: 74.00%, Precision: 0.72, Recall: 0.81, F1: 0.76, AUC: 0.83
Epoch [41/100] [TRAIN] Loss: 0.5594, Accuracy: 74.21%, AUC: 0.82 [VAL] Loss: 0.5310, Accuracy: 73.90%, Precision: 0.72, Recall: 0.80, F1: 0.76, AUC: 0.83
Epoch [42/100] [TRAIN] Loss: 0.5565, Accuracy: 74.28%, AUC: 0.82 [VAL] Loss: 0.5308, Accuracy: 73.90%, Precision: 0.72, Recall: 0.80, F1: 0.76, AUC: 0.83
Epoch [43/100] [TRAIN] Loss: 0.5583, Accuracy: 74.25%, AUC: 0.82 [VAL] Loss: 0.5308, Accuracy: 73.90%, Precision: 0.72, Recall: 0.80, F1: 0.76, AUC: 0.83
Epoch [44/100] [TRAIN] Loss: 0.5583, Accuracy: 74.26%, AUC: 0.82 [VAL] Loss: 0.5307, Accuracy: 73.90%, Precision: 0.72, Recall: 0.80, F1: 0.76, AUC: 0.83
Epoch [45/100] [TRAIN] Loss: 0.5574, Accuracy: 74.04%, AUC: 0.82 [VAL] Loss: 0.5306, Accuracy: 73.90%, Precision: 0.72, Recall: 0.80, F1: 0.76, AUC: 0.83
  Early stopping at epoch 45 (no val_loss improvement for 10 epochs)
  Antisymmetry score (raw):        0.8970
  Antisymmetry score (confident):  1.0000
  Total violations:                103 / 1000
  Pairs near boundary:             208 (20.8%)
  Avg |prob-0.5| at violation:     0.0000

--- Training baselines (LogisticRegression, RandomForest, SVM) ---

  Training LogisticRegression...
  Val accuracy: 72.10%

  [LogisticRegression]  Accuracy: 70.80%  AUC: 0.7686  Precision: 0.7392  Recall: 0.6280  F1: 0.6791  Antisym: 0.7260

  Training RandomForest...
  Val accuracy: 77.20%

  [RandomForest]  Accuracy: 75.90%  AUC: 0.8396  Precision: 0.7953  Recall: 0.6870  F1: 0.7372  Antisym: 0.8140

  Training SVM_Linear...
  Val accuracy: 72.20%

  [SVM_Linear]  Accuracy: 70.60%  AUC: 0.7657  Precision: 0.7426  Recall: 0.6159  F1: 0.6733  Antisym: 0.7060
Seed: 123
=== DirectRanker ===
Accuracy:  73.70 %
AUC:       0.8261
Precision: 0.7124
Recall:    0.7805
F1-Score:  0.7449
Antisymmetry score:  0.8970  (1.0 = perfect, ~0.5 = random)

Detailed Classification Report:
              precision    recall  f1-score   support

           0       0.77      0.69      0.73       508
           1       0.71      0.78      0.74       492

    accuracy                           0.74      1000
   macro avg       0.74      0.74      0.74      1000
weighted avg       0.74      0.74      0.74      1000


Confusion Matrix:
[[353 155]
 [108 384]]

=== LogisticRegression ===
Accuracy:  70.80 %
AUC:       0.7686
Precision: 0.7392
Recall:    0.6280
F1-Score:  0.6791
Antisymmetry score:  0.7260
Confusion Matrix:
[[399 109]
 [183 309]]

=== RandomForest ===
Accuracy:  75.90 %
AUC:       0.8396
Precision: 0.7953
Recall:    0.6870
F1-Score:  0.7372
Antisymmetry score:  0.8140
Confusion Matrix:
[[421  87]
 [154 338]]

=== SVM_Linear ===
Accuracy:  70.60 %
AUC:       0.7657
Precision: 0.7426
Recall:    0.6159
F1-Score:  0.6733
Antisymmetry score:  0.7060
Confusion Matrix:
[[403 105]
 [189 303]]

Saved combined test metrics: /group/pmc021/amunif/epi-thesis/workflow/16_Pairwise Ranking Healthy Liver/output/combined/donor_4/test/029-H3K9ac-H3K9me3-H3K27ac-H3K27me3-seed123-test-metrics.csv
Saved combined ROC plot: /group/pmc021/amunif/epi-thesis/workflow/16_Pairwise Ranking Healthy Liver/output/combined/donor_4/img/roc/029-H3K9ac-H3K9me3-H3K27ac-H3K27me3-seed123-roc-combined.png

Finished 029-H3K9ac-H3K9me3-H3K27ac-H3K27me3 (seed 123)

======================================================================
030-H3K4me3-H3K9ac-H3K9me3-H3K27ac-H3K27me3
======================================================================
Train label distribution:
  Label 0:   4091 (51.1%)
  Label 1:   3909 (48.9%)
Val label distribution:
  Label 0:    494 (49.4%)
  Label 1:    506 (50.6%)
Test label distribution:
  Label 0:    508 (50.8%)
  Label 1:    492 (49.2%)

--- Training DirectRanker ---
Epoch [1/100] [TRAIN] Loss: 0.6475, Accuracy: 68.12%, AUC: 0.75 [VAL] Loss: 0.5691, Accuracy: 73.90%, Precision: 0.73, Recall: 0.78, F1: 0.75, AUC: 0.83
Epoch [2/100] [TRAIN] Loss: 0.6043, Accuracy: 72.79%, AUC: 0.79 [VAL] Loss: 0.5474, Accuracy: 74.70%, Precision: 0.73, Recall: 0.78, F1: 0.76, AUC: 0.83
Epoch [3/100] [TRAIN] Loss: 0.5965, Accuracy: 72.58%, AUC: 0.79 [VAL] Loss: 0.5402, Accuracy: 74.80%, Precision: 0.73, Recall: 0.79, F1: 0.76, AUC: 0.83
Epoch [4/100] [TRAIN] Loss: 0.5861, Accuracy: 73.03%, AUC: 0.80 [VAL] Loss: 0.5370, Accuracy: 75.00%, Precision: 0.74, Recall: 0.79, F1: 0.76, AUC: 0.83
Epoch [5/100] [TRAIN] Loss: 0.5830, Accuracy: 73.91%, AUC: 0.80 [VAL] Loss: 0.5345, Accuracy: 74.90%, Precision: 0.73, Recall: 0.79, F1: 0.76, AUC: 0.83
Epoch [6/100] [TRAIN] Loss: 0.5830, Accuracy: 73.25%, AUC: 0.80 [VAL] Loss: 0.5354, Accuracy: 74.70%, Precision: 0.73, Recall: 0.78, F1: 0.76, AUC: 0.83
Epoch [7/100] [TRAIN] Loss: 0.5798, Accuracy: 74.01%, AUC: 0.80 [VAL] Loss: 0.5328, Accuracy: 74.40%, Precision: 0.73, Recall: 0.78, F1: 0.76, AUC: 0.83
Epoch [8/100] [TRAIN] Loss: 0.5745, Accuracy: 74.08%, AUC: 0.81 [VAL] Loss: 0.5326, Accuracy: 74.40%, Precision: 0.73, Recall: 0.78, F1: 0.76, AUC: 0.83
Epoch [9/100] [TRAIN] Loss: 0.5706, Accuracy: 73.64%, AUC: 0.81 [VAL] Loss: 0.5309, Accuracy: 74.60%, Precision: 0.73, Recall: 0.79, F1: 0.76, AUC: 0.84
Epoch [10/100] [TRAIN] Loss: 0.5744, Accuracy: 73.70%, AUC: 0.81 [VAL] Loss: 0.5305, Accuracy: 74.70%, Precision: 0.73, Recall: 0.79, F1: 0.76, AUC: 0.84
Epoch [11/100] [TRAIN] Loss: 0.5682, Accuracy: 74.11%, AUC: 0.81 [VAL] Loss: 0.5291, Accuracy: 74.70%, Precision: 0.73, Recall: 0.79, F1: 0.76, AUC: 0.84
Epoch [12/100] [TRAIN] Loss: 0.5722, Accuracy: 73.81%, AUC: 0.81 [VAL] Loss: 0.5278, Accuracy: 74.60%, Precision: 0.73, Recall: 0.79, F1: 0.76, AUC: 0.84
Epoch [13/100] [TRAIN] Loss: 0.5693, Accuracy: 73.79%, AUC: 0.81 [VAL] Loss: 0.5280, Accuracy: 74.60%, Precision: 0.73, Recall: 0.79, F1: 0.76, AUC: 0.84
Epoch [14/100] [TRAIN] Loss: 0.5695, Accuracy: 74.17%, AUC: 0.81 [VAL] Loss: 0.5285, Accuracy: 74.30%, Precision: 0.73, Recall: 0.79, F1: 0.76, AUC: 0.84
Epoch [15/100] [TRAIN] Loss: 0.5662, Accuracy: 74.35%, AUC: 0.81 [VAL] Loss: 0.5269, Accuracy: 74.50%, Precision: 0.73, Recall: 0.79, F1: 0.76, AUC: 0.84
Epoch [16/100] [TRAIN] Loss: 0.5663, Accuracy: 74.55%, AUC: 0.81 [VAL] Loss: 0.5272, Accuracy: 74.40%, Precision: 0.73, Recall: 0.79, F1: 0.76, AUC: 0.84
Epoch [17/100] [TRAIN] Loss: 0.5655, Accuracy: 73.90%, AUC: 0.81 [VAL] Loss: 0.5266, Accuracy: 74.60%, Precision: 0.73, Recall: 0.79, F1: 0.76, AUC: 0.84
Epoch [18/100] [TRAIN] Loss: 0.5598, Accuracy: 74.61%, AUC: 0.82 [VAL] Loss: 0.5251, Accuracy: 74.70%, Precision: 0.73, Recall: 0.79, F1: 0.76, AUC: 0.84
Epoch [19/100] [TRAIN] Loss: 0.5662, Accuracy: 73.90%, AUC: 0.81 [VAL] Loss: 0.5276, Accuracy: 74.40%, Precision: 0.73, Recall: 0.79, F1: 0.76, AUC: 0.84
Epoch [20/100] [TRAIN] Loss: 0.5652, Accuracy: 74.06%, AUC: 0.81 [VAL] Loss: 0.5258, Accuracy: 74.70%, Precision: 0.73, Recall: 0.79, F1: 0.76, AUC: 0.84
Epoch [21/100] [TRAIN] Loss: 0.5625, Accuracy: 74.46%, AUC: 0.81 [VAL] Loss: 0.5262, Accuracy: 74.50%, Precision: 0.73, Recall: 0.78, F1: 0.76, AUC: 0.84
Epoch [22/100] [TRAIN] Loss: 0.5606, Accuracy: 74.41%, AUC: 0.82 [VAL] Loss: 0.5241, Accuracy: 74.50%, Precision: 0.73, Recall: 0.78, F1: 0.76, AUC: 0.84
Epoch [23/100] [TRAIN] Loss: 0.5622, Accuracy: 73.75%, AUC: 0.81 [VAL] Loss: 0.5250, Accuracy: 74.50%, Precision: 0.73, Recall: 0.78, F1: 0.76, AUC: 0.84
Epoch [24/100] [TRAIN] Loss: 0.5595, Accuracy: 73.97%, AUC: 0.82 [VAL] Loss: 0.5236, Accuracy: 74.30%, Precision: 0.73, Recall: 0.78, F1: 0.76, AUC: 0.84
Epoch [25/100] [TRAIN] Loss: 0.5585, Accuracy: 74.59%, AUC: 0.82 [VAL] Loss: 0.5252, Accuracy: 74.30%, Precision: 0.73, Recall: 0.78, F1: 0.76, AUC: 0.84
Epoch [26/100] [TRAIN] Loss: 0.5581, Accuracy: 74.50%, AUC: 0.82 [VAL] Loss: 0.5235, Accuracy: 74.40%, Precision: 0.73, Recall: 0.78, F1: 0.76, AUC: 0.84
Epoch [27/100] [TRAIN] Loss: 0.5592, Accuracy: 74.09%, AUC: 0.82 [VAL] Loss: 0.5243, Accuracy: 74.50%, Precision: 0.73, Recall: 0.79, F1: 0.76, AUC: 0.84
Epoch [28/100] [TRAIN] Loss: 0.5562, Accuracy: 74.71%, AUC: 0.82 [VAL] Loss: 0.5238, Accuracy: 74.60%, Precision: 0.73, Recall: 0.79, F1: 0.76, AUC: 0.84
Epoch [29/100] [TRAIN] Loss: 0.5574, Accuracy: 74.05%, AUC: 0.82 [VAL] Loss: 0.5236, Accuracy: 74.60%, Precision: 0.73, Recall: 0.79, F1: 0.76, AUC: 0.84
Epoch [30/100] [TRAIN] Loss: 0.5571, Accuracy: 74.53%, AUC: 0.82 [VAL] Loss: 0.5239, Accuracy: 74.70%, Precision: 0.73, Recall: 0.79, F1: 0.76, AUC: 0.84
Epoch [31/100] [TRAIN] Loss: 0.5592, Accuracy: 74.39%, AUC: 0.82 [VAL] Loss: 0.5238, Accuracy: 74.60%, Precision: 0.73, Recall: 0.79, F1: 0.76, AUC: 0.84
Epoch [32/100] [TRAIN] Loss: 0.5533, Accuracy: 74.76%, AUC: 0.82 [VAL] Loss: 0.5229, Accuracy: 74.60%, Precision: 0.73, Recall: 0.79, F1: 0.76, AUC: 0.84
Epoch [33/100] [TRAIN] Loss: 0.5534, Accuracy: 74.62%, AUC: 0.82 [VAL] Loss: 0.5225, Accuracy: 74.70%, Precision: 0.73, Recall: 0.79, F1: 0.76, AUC: 0.84
Epoch [34/100] [TRAIN] Loss: 0.5554, Accuracy: 74.31%, AUC: 0.82 [VAL] Loss: 0.5228, Accuracy: 74.70%, Precision: 0.73, Recall: 0.79, F1: 0.76, AUC: 0.84
Epoch [35/100] [TRAIN] Loss: 0.5530, Accuracy: 74.36%, AUC: 0.82 [VAL] Loss: 0.5226, Accuracy: 74.70%, Precision: 0.73, Recall: 0.79, F1: 0.76, AUC: 0.84
Epoch [36/100] [TRAIN] Loss: 0.5554, Accuracy: 74.62%, AUC: 0.82 [VAL] Loss: 0.5236, Accuracy: 74.70%, Precision: 0.73, Recall: 0.79, F1: 0.76, AUC: 0.84
Epoch [37/100] [TRAIN] Loss: 0.5539, Accuracy: 74.46%, AUC: 0.82 [VAL] Loss: 0.5226, Accuracy: 74.60%, Precision: 0.73, Recall: 0.79, F1: 0.76, AUC: 0.84
Epoch [38/100] [TRAIN] Loss: 0.5550, Accuracy: 74.83%, AUC: 0.82 [VAL] Loss: 0.5222, Accuracy: 74.70%, Precision: 0.73, Recall: 0.79, F1: 0.76, AUC: 0.84
Epoch [39/100] [TRAIN] Loss: 0.5538, Accuracy: 74.72%, AUC: 0.82 [VAL] Loss: 0.5229, Accuracy: 74.60%, Precision: 0.73, Recall: 0.79, F1: 0.76, AUC: 0.84
Epoch [40/100] [TRAIN] Loss: 0.5535, Accuracy: 74.71%, AUC: 0.82 [VAL] Loss: 0.5227, Accuracy: 74.60%, Precision: 0.73, Recall: 0.79, F1: 0.76, AUC: 0.84
Epoch [41/100] [TRAIN] Loss: 0.5553, Accuracy: 74.38%, AUC: 0.82 [VAL] Loss: 0.5231, Accuracy: 74.50%, Precision: 0.73, Recall: 0.79, F1: 0.76, AUC: 0.84
Epoch [42/100] [TRAIN] Loss: 0.5492, Accuracy: 75.09%, AUC: 0.82 [VAL] Loss: 0.5220, Accuracy: 74.70%, Precision: 0.73, Recall: 0.79, F1: 0.76, AUC: 0.84
Epoch [43/100] [TRAIN] Loss: 0.5520, Accuracy: 74.81%, AUC: 0.82 [VAL] Loss: 0.5226, Accuracy: 74.80%, Precision: 0.73, Recall: 0.79, F1: 0.76, AUC: 0.84
Epoch [44/100] [TRAIN] Loss: 0.5529, Accuracy: 74.58%, AUC: 0.82 [VAL] Loss: 0.5225, Accuracy: 74.80%, Precision: 0.73, Recall: 0.79, F1: 0.76, AUC: 0.84
Epoch [45/100] [TRAIN] Loss: 0.5502, Accuracy: 74.15%, AUC: 0.82 [VAL] Loss: 0.5221, Accuracy: 74.50%, Precision: 0.73, Recall: 0.79, F1: 0.76, AUC: 0.84
Epoch [46/100] [TRAIN] Loss: 0.5523, Accuracy: 74.79%, AUC: 0.82 [VAL] Loss: 0.5223, Accuracy: 74.70%, Precision: 0.73, Recall: 0.79, F1: 0.76, AUC: 0.84
Epoch [47/100] [TRAIN] Loss: 0.5521, Accuracy: 74.65%, AUC: 0.82 [VAL] Loss: 0.5229, Accuracy: 74.70%, Precision: 0.73, Recall: 0.79, F1: 0.76, AUC: 0.84
Epoch [48/100] [TRAIN] Loss: 0.5513, Accuracy: 74.75%, AUC: 0.82 [VAL] Loss: 0.5214, Accuracy: 74.50%, Precision: 0.73, Recall: 0.79, F1: 0.76, AUC: 0.84
Epoch [49/100] [TRAIN] Loss: 0.5494, Accuracy: 74.66%, AUC: 0.82 [VAL] Loss: 0.5223, Accuracy: 74.40%, Precision: 0.73, Recall: 0.79, F1: 0.76, AUC: 0.84
Epoch [50/100] [TRAIN] Loss: 0.5486, Accuracy: 74.88%, AUC: 0.82 [VAL] Loss: 0.5213, Accuracy: 74.60%, Precision: 0.73, Recall: 0.79, F1: 0.76, AUC: 0.84
Epoch [51/100] [TRAIN] Loss: 0.5476, Accuracy: 74.50%, AUC: 0.82 [VAL] Loss: 0.5207, Accuracy: 74.70%, Precision: 0.73, Recall: 0.79, F1: 0.76, AUC: 0.84
Epoch [52/100] [TRAIN] Loss: 0.5521, Accuracy: 74.51%, AUC: 0.82 [VAL] Loss: 0.5222, Accuracy: 74.80%, Precision: 0.73, Recall: 0.79, F1: 0.76, AUC: 0.84
Epoch [53/100] [TRAIN] Loss: 0.5515, Accuracy: 74.60%, AUC: 0.82 [VAL] Loss: 0.5221, Accuracy: 74.70%, Precision: 0.73, Recall: 0.79, F1: 0.76, AUC: 0.84
Epoch [54/100] [TRAIN] Loss: 0.5473, Accuracy: 74.71%, AUC: 0.82 [VAL] Loss: 0.5210, Accuracy: 74.60%, Precision: 0.73, Recall: 0.79, F1: 0.76, AUC: 0.84
Epoch [55/100] [TRAIN] Loss: 0.5475, Accuracy: 75.01%, AUC: 0.82 [VAL] Loss: 0.5219, Accuracy: 74.60%, Precision: 0.73, Recall: 0.79, F1: 0.76, AUC: 0.84
Epoch [56/100] [TRAIN] Loss: 0.5501, Accuracy: 74.58%, AUC: 0.82 [VAL] Loss: 0.5215, Accuracy: 74.50%, Precision: 0.73, Recall: 0.79, F1: 0.76, AUC: 0.84
Epoch [57/100] [TRAIN] Loss: 0.5490, Accuracy: 74.47%, AUC: 0.82 [VAL] Loss: 0.5226, Accuracy: 74.60%, Precision: 0.73, Recall: 0.79, F1: 0.76, AUC: 0.84
Epoch [58/100] [TRAIN] Loss: 0.5453, Accuracy: 74.83%, AUC: 0.83 [VAL] Loss: 0.5223, Accuracy: 74.70%, Precision: 0.73, Recall: 0.79, F1: 0.76, AUC: 0.84
Epoch [59/100] [TRAIN] Loss: 0.5447, Accuracy: 74.67%, AUC: 0.83 [VAL] Loss: 0.5221, Accuracy: 74.70%, Precision: 0.73, Recall: 0.79, F1: 0.76, AUC: 0.84
Epoch [60/100] [TRAIN] Loss: 0.5498, Accuracy: 74.99%, AUC: 0.82 [VAL] Loss: 0.5222, Accuracy: 74.70%, Precision: 0.73, Recall: 0.79, F1: 0.76, AUC: 0.84
Epoch [61/100] [TRAIN] Loss: 0.5490, Accuracy: 74.75%, AUC: 0.82 [VAL] Loss: 0.5222, Accuracy: 74.70%, Precision: 0.73, Recall: 0.79, F1: 0.76, AUC: 0.84
  Early stopping at epoch 61 (no val_loss improvement for 10 epochs)
  Antisymmetry score (raw):        0.9310
  Antisymmetry score (confident):  1.0000
  Total violations:                69 / 1000
  Pairs near boundary:             175 (17.5%)
  Avg |prob-0.5| at violation:     0.0000

--- Training baselines (LogisticRegression, RandomForest, SVM) ---

  Training LogisticRegression...
  Val accuracy: 73.00%

  [LogisticRegression]  Accuracy: 71.20%  AUC: 0.7745  Precision: 0.7361  Recall: 0.6463  F1: 0.6883  Antisym: 0.7330

  Training RandomForest...
  Val accuracy: 76.50%

  [RandomForest]  Accuracy: 77.10%  AUC: 0.8431  Precision: 0.7955  Recall: 0.7195  F1: 0.7556  Antisym: 0.8520

  Training SVM_Linear...
  Val accuracy: 72.20%

  [SVM_Linear]  Accuracy: 70.00%  AUC: 0.7682  Precision: 0.7254  Recall: 0.6280  F1: 0.6732  Antisym: 0.7070
Seed: 123
=== DirectRanker ===
Accuracy:  74.30 %
AUC:       0.8296
Precision: 0.7213
Recall:    0.7785
F1-Score:  0.7488
Antisymmetry score:  0.9310  (1.0 = perfect, ~0.5 = random)

Detailed Classification Report:
              precision    recall  f1-score   support

           0       0.77      0.71      0.74       508
           1       0.72      0.78      0.75       492

    accuracy                           0.74      1000
   macro avg       0.74      0.74      0.74      1000
weighted avg       0.74      0.74      0.74      1000


Confusion Matrix:
[[360 148]
 [109 383]]

=== LogisticRegression ===
Accuracy:  71.20 %
AUC:       0.7745
Precision: 0.7361
Recall:    0.6463
F1-Score:  0.6883
Antisymmetry score:  0.7330
Confusion Matrix:
[[394 114]
 [174 318]]

=== RandomForest ===
Accuracy:  77.10 %
AUC:       0.8431
Precision: 0.7955
Recall:    0.7195
F1-Score:  0.7556
Antisymmetry score:  0.8520
Confusion Matrix:
[[417  91]
 [138 354]]

=== SVM_Linear ===
Accuracy:  70.00 %
AUC:       0.7682
Precision: 0.7254
Recall:    0.6280
F1-Score:  0.6732
Antisymmetry score:  0.7070
Confusion Matrix:
[[391 117]
 [183 309]]

Saved combined test metrics: /group/pmc021/amunif/epi-thesis/workflow/16_Pairwise Ranking Healthy Liver/output/combined/donor_4/test/030-H3K4me3-H3K9ac-H3K9me3-H3K27ac-H3K27me3-seed123-test-metrics.csv
Saved combined ROC plot: /group/pmc021/amunif/epi-thesis/workflow/16_Pairwise Ranking Healthy Liver/output/combined/donor_4/img/roc/030-H3K4me3-H3K9ac-H3K9me3-H3K27ac-H3K27me3-seed123-roc-combined.png

Finished 030-H3K4me3-H3K9ac-H3K9me3-H3K27ac-H3K27me3 (seed 123)

Batch FINISHED!!!

Real-time duration: 5325.509151046 seconds
