Using cuda device
Loading the data ...
Loading the permutation list ...
Item: H3K9ac-H3K27me3-H3K9me3-H3K27ac-H3K4me3
Train set shape: (7399, 5, 4000) (7399,)
Validation set shape: (7377, 5, 4000) (7377,)
Test set shape: (7378, 5, 4000) (7378,)
New best model saved with validation metric: 19.4242
Epoch [1/100] - [TRAIN] Loss: 0.6684, Accuracy: 60.82%, AUC: 0.50 - [VAL] Loss: 0.6484, Accuracy: 60.82%, AUC: 0.50
Epoch [2/100] - [TRAIN] Loss: 0.6331, Accuracy: 60.82%, AUC: 0.50 - [VAL] Loss: 0.6136, Accuracy: 60.82%, AUC: 0.50
Epoch [3/100] - [TRAIN] Loss: 0.6015, Accuracy: 60.82%, AUC: 0.50 - [VAL] Loss: 0.5845, Accuracy: 60.82%, AUC: 0.50
Epoch [4/100] - [TRAIN] Loss: 0.5766, Accuracy: 60.82%, AUC: 0.50 - [VAL] Loss: 0.5616, Accuracy: 60.82%, AUC: 0.50
New best model saved with validation metric: 24.8788
Epoch [5/100] - [TRAIN] Loss: 0.5585, Accuracy: 69.82%, AUC: 0.64 - [VAL] Loss: 0.5458, Accuracy: 77.90%, AUC: 0.76
New best model saved with validation metric: 24.9957
Epoch [6/100] - [TRAIN] Loss: 0.5468, Accuracy: 77.79%, AUC: 0.76 - [VAL] Loss: 0.5360, Accuracy: 78.27%, AUC: 0.77
Epoch [7/100] - [TRAIN] Loss: 0.5378, Accuracy: 78.36%, AUC: 0.77 - [VAL] Loss: 0.5295, Accuracy: 78.23%, AUC: 0.78
Epoch [8/100] - [TRAIN] Loss: 0.5313, Accuracy: 78.32%, AUC: 0.77 - [VAL] Loss: 0.5248, Accuracy: 78.11%, AUC: 0.78
Epoch [9/100] - [TRAIN] Loss: 0.5269, Accuracy: 78.32%, AUC: 0.78 - [VAL] Loss: 0.5213, Accuracy: 77.85%, AUC: 0.78
Epoch [10/100] - [TRAIN] Loss: 0.5247, Accuracy: 78.27%, AUC: 0.78 - [VAL] Loss: 0.5185, Accuracy: 77.86%, AUC: 0.78
Epoch [11/100] - [TRAIN] Loss: 0.5196, Accuracy: 78.19%, AUC: 0.78 - [VAL] Loss: 0.5154, Accuracy: 77.97%, AUC: 0.78
Epoch [12/100] - [TRAIN] Loss: 0.5186, Accuracy: 78.09%, AUC: 0.78 - [VAL] Loss: 0.5135, Accuracy: 77.90%, AUC: 0.78
Epoch [13/100] - [TRAIN] Loss: 0.5159, Accuracy: 78.23%, AUC: 0.78 - [VAL] Loss: 0.5116, Accuracy: 77.96%, AUC: 0.78
Epoch [14/100] - [TRAIN] Loss: 0.5147, Accuracy: 78.06%, AUC: 0.78 - [VAL] Loss: 0.5101, Accuracy: 78.05%, AUC: 0.78
Epoch [15/100] - [TRAIN] Loss: 0.5121, Accuracy: 78.28%, AUC: 0.78 - [VAL] Loss: 0.5089, Accuracy: 78.04%, AUC: 0.78
Epoch [16/100] - [TRAIN] Loss: 0.5117, Accuracy: 78.16%, AUC: 0.78 - [VAL] Loss: 0.5078, Accuracy: 78.08%, AUC: 0.78
Epoch [17/100] - [TRAIN] Loss: 0.5101, Accuracy: 78.27%, AUC: 0.78 - [VAL] Loss: 0.5070, Accuracy: 77.90%, AUC: 0.78
Epoch [18/100] - [TRAIN] Loss: 0.5083, Accuracy: 78.31%, AUC: 0.78 - [VAL] Loss: 0.5059, Accuracy: 78.11%, AUC: 0.78
Epoch [19/100] - [TRAIN] Loss: 0.5073, Accuracy: 78.33%, AUC: 0.78 - [VAL] Loss: 0.5050, Accuracy: 78.24%, AUC: 0.78
Epoch [20/100] - [TRAIN] Loss: 0.5066, Accuracy: 78.32%, AUC: 0.78 - [VAL] Loss: 0.5047, Accuracy: 78.16%, AUC: 0.78
Epoch [21/100] - [TRAIN] Loss: 0.5054, Accuracy: 78.36%, AUC: 0.78 - [VAL] Loss: 0.5038, Accuracy: 78.27%, AUC: 0.78
New best model saved with validation metric: 25.0390
Epoch [22/100] - [TRAIN] Loss: 0.5036, Accuracy: 78.46%, AUC: 0.78 - [VAL] Loss: 0.5029, Accuracy: 78.41%, AUC: 0.78
Epoch [23/100] - [TRAIN] Loss: 0.5043, Accuracy: 78.59%, AUC: 0.78 - [VAL] Loss: 0.5024, Accuracy: 78.32%, AUC: 0.78
Epoch [24/100] - [TRAIN] Loss: 0.5019, Accuracy: 78.54%, AUC: 0.78 - [VAL] Loss: 0.5025, Accuracy: 78.23%, AUC: 0.78
Epoch [25/100] - [TRAIN] Loss: 0.5014, Accuracy: 78.48%, AUC: 0.78 - [VAL] Loss: 0.5016, Accuracy: 78.39%, AUC: 0.78
Epoch [26/100] - [TRAIN] Loss: 0.5000, Accuracy: 78.46%, AUC: 0.78 - [VAL] Loss: 0.5013, Accuracy: 78.37%, AUC: 0.78
New best model saved with validation metric: 25.0476
Epoch [27/100] - [TRAIN] Loss: 0.5002, Accuracy: 78.52%, AUC: 0.78 - [VAL] Loss: 0.5007, Accuracy: 78.43%, AUC: 0.78
New best model saved with validation metric: 25.0519
Epoch [28/100] - [TRAIN] Loss: 0.4996, Accuracy: 78.61%, AUC: 0.78 - [VAL] Loss: 0.5002, Accuracy: 78.45%, AUC: 0.78
Epoch [29/100] - [TRAIN] Loss: 0.4986, Accuracy: 78.56%, AUC: 0.78 - [VAL] Loss: 0.4997, Accuracy: 78.42%, AUC: 0.78
Epoch [30/100] - [TRAIN] Loss: 0.4989, Accuracy: 78.63%, AUC: 0.78 - [VAL] Loss: 0.4994, Accuracy: 78.45%, AUC: 0.78
New best model saved with validation metric: 25.0693
Epoch [31/100] - [TRAIN] Loss: 0.4985, Accuracy: 78.63%, AUC: 0.78 - [VAL] Loss: 0.4988, Accuracy: 78.50%, AUC: 0.78
Epoch [32/100] - [TRAIN] Loss: 0.4967, Accuracy: 78.79%, AUC: 0.78 - [VAL] Loss: 0.4988, Accuracy: 78.46%, AUC: 0.78
Epoch [33/100] - [TRAIN] Loss: 0.4975, Accuracy: 78.74%, AUC: 0.78 - [VAL] Loss: 0.4985, Accuracy: 78.46%, AUC: 0.78
Epoch [34/100] - [TRAIN] Loss: 0.4963, Accuracy: 78.74%, AUC: 0.78 - [VAL] Loss: 0.4980, Accuracy: 78.46%, AUC: 0.78
Epoch [35/100] - [TRAIN] Loss: 0.4969, Accuracy: 78.71%, AUC: 0.78 - [VAL] Loss: 0.4976, Accuracy: 78.45%, AUC: 0.78
Epoch [36/100] - [TRAIN] Loss: 0.4961, Accuracy: 78.77%, AUC: 0.78 - [VAL] Loss: 0.4975, Accuracy: 78.47%, AUC: 0.78
Epoch [37/100] - [TRAIN] Loss: 0.4949, Accuracy: 78.81%, AUC: 0.78 - [VAL] Loss: 0.4974, Accuracy: 78.47%, AUC: 0.78
Epoch [38/100] - [TRAIN] Loss: 0.4954, Accuracy: 78.89%, AUC: 0.78 - [VAL] Loss: 0.4969, Accuracy: 78.45%, AUC: 0.78
New best model saved with validation metric: 25.0736
Epoch [39/100] - [TRAIN] Loss: 0.4948, Accuracy: 78.86%, AUC: 0.78 - [VAL] Loss: 0.4965, Accuracy: 78.51%, AUC: 0.78
New best model saved with validation metric: 25.0823
Epoch [40/100] - [TRAIN] Loss: 0.4932, Accuracy: 78.79%, AUC: 0.78 - [VAL] Loss: 0.4961, Accuracy: 78.54%, AUC: 0.78
Epoch [41/100] - [TRAIN] Loss: 0.4937, Accuracy: 78.93%, AUC: 0.78 - [VAL] Loss: 0.4962, Accuracy: 78.51%, AUC: 0.78
New best model saved with validation metric: 25.0952
Epoch [42/100] - [TRAIN] Loss: 0.4920, Accuracy: 78.75%, AUC: 0.78 - [VAL] Loss: 0.4956, Accuracy: 78.58%, AUC: 0.78
New best model saved with validation metric: 25.1255
Epoch [43/100] - [TRAIN] Loss: 0.4913, Accuracy: 79.00%, AUC: 0.78 - [VAL] Loss: 0.4952, Accuracy: 78.68%, AUC: 0.78
Epoch [44/100] - [TRAIN] Loss: 0.4919, Accuracy: 78.90%, AUC: 0.78 - [VAL] Loss: 0.4953, Accuracy: 78.57%, AUC: 0.78
Epoch [45/100] - [TRAIN] Loss: 0.4917, Accuracy: 78.94%, AUC: 0.78 - [VAL] Loss: 0.4952, Accuracy: 78.57%, AUC: 0.78
New best model saved with validation metric: 25.1385
Epoch [46/100] - [TRAIN] Loss: 0.4910, Accuracy: 78.97%, AUC: 0.78 - [VAL] Loss: 0.4945, Accuracy: 78.72%, AUC: 0.78
Epoch [47/100] - [TRAIN] Loss: 0.4909, Accuracy: 78.92%, AUC: 0.78 - [VAL] Loss: 0.4944, Accuracy: 78.70%, AUC: 0.78
New best model saved with validation metric: 25.1602
Epoch [48/100] - [TRAIN] Loss: 0.4901, Accuracy: 78.96%, AUC: 0.78 - [VAL] Loss: 0.4942, Accuracy: 78.79%, AUC: 0.78
Epoch [49/100] - [TRAIN] Loss: 0.4898, Accuracy: 79.06%, AUC: 0.78 - [VAL] Loss: 0.4947, Accuracy: 78.66%, AUC: 0.78
Epoch [50/100] - [TRAIN] Loss: 0.4889, Accuracy: 79.13%, AUC: 0.78 - [VAL] Loss: 0.4937, Accuracy: 78.72%, AUC: 0.78
Epoch [51/100] - [TRAIN] Loss: 0.4902, Accuracy: 78.97%, AUC: 0.78 - [VAL] Loss: 0.4938, Accuracy: 78.70%, AUC: 0.78
Epoch [52/100] - [TRAIN] Loss: 0.4888, Accuracy: 79.11%, AUC: 0.78 - [VAL] Loss: 0.4940, Accuracy: 78.66%, AUC: 0.78
Epoch [53/100] - [TRAIN] Loss: 0.4885, Accuracy: 79.08%, AUC: 0.78 - [VAL] Loss: 0.4932, Accuracy: 78.73%, AUC: 0.78
Epoch [54/100] - [TRAIN] Loss: 0.4868, Accuracy: 79.11%, AUC: 0.78 - [VAL] Loss: 0.4930, Accuracy: 78.74%, AUC: 0.78
New best model saved with validation metric: 25.1688
Epoch [55/100] - [TRAIN] Loss: 0.4861, Accuracy: 79.12%, AUC: 0.78 - [VAL] Loss: 0.4929, Accuracy: 78.81%, AUC: 0.78
Epoch [56/100] - [TRAIN] Loss: 0.4869, Accuracy: 79.13%, AUC: 0.78 - [VAL] Loss: 0.4940, Accuracy: 78.64%, AUC: 0.78
Epoch [57/100] - [TRAIN] Loss: 0.4869, Accuracy: 79.15%, AUC: 0.78 - [VAL] Loss: 0.4933, Accuracy: 78.73%, AUC: 0.78
Epoch [58/100] - [TRAIN] Loss: 0.4855, Accuracy: 79.00%, AUC: 0.78 - [VAL] Loss: 0.4926, Accuracy: 78.76%, AUC: 0.78
Epoch [59/100] - [TRAIN] Loss: 0.4866, Accuracy: 79.09%, AUC: 0.78 - [VAL] Loss: 0.4925, Accuracy: 78.74%, AUC: 0.78
Epoch [60/100] - [TRAIN] Loss: 0.4849, Accuracy: 79.12%, AUC: 0.78 - [VAL] Loss: 0.4922, Accuracy: 78.74%, AUC: 0.78
New best model saved with validation metric: 25.1861
Epoch [61/100] - [TRAIN] Loss: 0.4853, Accuracy: 79.02%, AUC: 0.78 - [VAL] Loss: 0.4921, Accuracy: 78.87%, AUC: 0.78
Epoch [62/100] - [TRAIN] Loss: 0.4844, Accuracy: 79.16%, AUC: 0.78 - [VAL] Loss: 0.4926, Accuracy: 78.79%, AUC: 0.78
New best model saved with validation metric: 25.1905
Epoch [63/100] - [TRAIN] Loss: 0.4836, Accuracy: 79.20%, AUC: 0.78 - [VAL] Loss: 0.4920, Accuracy: 78.88%, AUC: 0.78
Epoch [64/100] - [TRAIN] Loss: 0.4833, Accuracy: 79.17%, AUC: 0.78 - [VAL] Loss: 0.4917, Accuracy: 78.80%, AUC: 0.78
Epoch [65/100] - [TRAIN] Loss: 0.4830, Accuracy: 79.13%, AUC: 0.78 - [VAL] Loss: 0.4916, Accuracy: 78.73%, AUC: 0.78
Epoch [66/100] - [TRAIN] Loss: 0.4825, Accuracy: 79.20%, AUC: 0.78 - [VAL] Loss: 0.4918, Accuracy: 78.80%, AUC: 0.78
Epoch [67/100] - [TRAIN] Loss: 0.4825, Accuracy: 79.24%, AUC: 0.78 - [VAL] Loss: 0.4935, Accuracy: 78.72%, AUC: 0.78
New best model saved with validation metric: 25.1948
Epoch [68/100] - [TRAIN] Loss: 0.4819, Accuracy: 79.17%, AUC: 0.78 - [VAL] Loss: 0.4913, Accuracy: 78.89%, AUC: 0.78
Epoch [69/100] - [TRAIN] Loss: 0.4818, Accuracy: 79.17%, AUC: 0.78 - [VAL] Loss: 0.4931, Accuracy: 78.77%, AUC: 0.78
Epoch [70/100] - [TRAIN] Loss: 0.4806, Accuracy: 79.27%, AUC: 0.79 - [VAL] Loss: 0.4915, Accuracy: 78.87%, AUC: 0.78
Epoch [71/100] - [TRAIN] Loss: 0.4808, Accuracy: 79.32%, AUC: 0.79 - [VAL] Loss: 0.4925, Accuracy: 78.77%, AUC: 0.78
Epoch [72/100] - [TRAIN] Loss: 0.4801, Accuracy: 79.29%, AUC: 0.79 - [VAL] Loss: 0.4917, Accuracy: 78.81%, AUC: 0.78
New best model saved with validation metric: 25.1991
Epoch [73/100] - [TRAIN] Loss: 0.4798, Accuracy: 79.19%, AUC: 0.78 - [VAL] Loss: 0.4918, Accuracy: 78.91%, AUC: 0.78
Epoch [74/100] - [TRAIN] Loss: 0.4803, Accuracy: 79.43%, AUC: 0.79 - [VAL] Loss: 0.4916, Accuracy: 78.88%, AUC: 0.78
New best model saved with validation metric: 25.2424
Epoch [75/100] - [TRAIN] Loss: 0.4786, Accuracy: 79.40%, AUC: 0.79 - [VAL] Loss: 0.4911, Accuracy: 79.04%, AUC: 0.78
Epoch [76/100] - [TRAIN] Loss: 0.4781, Accuracy: 79.34%, AUC: 0.79 - [VAL] Loss: 0.4913, Accuracy: 78.93%, AUC: 0.78
Epoch [77/100] - [TRAIN] Loss: 0.4783, Accuracy: 79.46%, AUC: 0.79 - [VAL] Loss: 0.4911, Accuracy: 78.96%, AUC: 0.78
Epoch [78/100] - [TRAIN] Loss: 0.4802, Accuracy: 79.31%, AUC: 0.79 - [VAL] Loss: 0.4914, Accuracy: 79.03%, AUC: 0.78
Epoch [79/100] - [TRAIN] Loss: 0.4788, Accuracy: 79.34%, AUC: 0.79 - [VAL] Loss: 0.4912, Accuracy: 78.99%, AUC: 0.78
Epoch [80/100] - [TRAIN] Loss: 0.4791, Accuracy: 79.39%, AUC: 0.79 - [VAL] Loss: 0.4919, Accuracy: 78.89%, AUC: 0.78
New best model saved with validation metric: 25.2511
Epoch [81/100] - [TRAIN] Loss: 0.4774, Accuracy: 79.39%, AUC: 0.79 - [VAL] Loss: 0.4911, Accuracy: 79.07%, AUC: 0.78
Epoch [82/100] - [TRAIN] Loss: 0.4778, Accuracy: 79.31%, AUC: 0.78 - [VAL] Loss: 0.4921, Accuracy: 78.80%, AUC: 0.78
Epoch [83/100] - [TRAIN] Loss: 0.4780, Accuracy: 79.54%, AUC: 0.79 - [VAL] Loss: 0.4917, Accuracy: 78.89%, AUC: 0.78
Epoch [84/100] - [TRAIN] Loss: 0.4762, Accuracy: 79.52%, AUC: 0.79 - [VAL] Loss: 0.4921, Accuracy: 78.81%, AUC: 0.78
Epoch [85/100] - [TRAIN] Loss: 0.4769, Accuracy: 79.47%, AUC: 0.79 - [VAL] Loss: 0.4915, Accuracy: 79.06%, AUC: 0.78
Epoch [86/100] - [TRAIN] Loss: 0.4757, Accuracy: 79.63%, AUC: 0.79 - [VAL] Loss: 0.4935, Accuracy: 78.70%, AUC: 0.78
Epoch [87/100] - [TRAIN] Loss: 0.4756, Accuracy: 79.50%, AUC: 0.79 - [VAL] Loss: 0.4914, Accuracy: 79.04%, AUC: 0.78
Epoch [88/100] - [TRAIN] Loss: 0.4752, Accuracy: 79.44%, AUC: 0.79 - [VAL] Loss: 0.4914, Accuracy: 79.03%, AUC: 0.78
Epoch [89/100] - [TRAIN] Loss: 0.4751, Accuracy: 79.52%, AUC: 0.79 - [VAL] Loss: 0.4922, Accuracy: 79.03%, AUC: 0.78
Epoch [90/100] - [TRAIN] Loss: 0.4756, Accuracy: 79.58%, AUC: 0.79 - [VAL] Loss: 0.4917, Accuracy: 79.06%, AUC: 0.78
Epoch [91/100] - [TRAIN] Loss: 0.4739, Accuracy: 79.55%, AUC: 0.79 - [VAL] Loss: 0.4927, Accuracy: 78.81%, AUC: 0.78
New best model saved with validation metric: 25.2554
Epoch [92/100] - [TRAIN] Loss: 0.4755, Accuracy: 79.66%, AUC: 0.79 - [VAL] Loss: 0.4913, Accuracy: 79.08%, AUC: 0.78
Epoch [93/100] - [TRAIN] Loss: 0.4748, Accuracy: 79.59%, AUC: 0.79 - [VAL] Loss: 0.4923, Accuracy: 78.87%, AUC: 0.78
Epoch [94/100] - [TRAIN] Loss: 0.4726, Accuracy: 79.70%, AUC: 0.79 - [VAL] Loss: 0.4919, Accuracy: 78.88%, AUC: 0.78
Epoch [95/100] - [TRAIN] Loss: 0.4729, Accuracy: 79.62%, AUC: 0.79 - [VAL] Loss: 0.4916, Accuracy: 79.02%, AUC: 0.78
New best model saved with validation metric: 25.2597
Epoch [96/100] - [TRAIN] Loss: 0.4729, Accuracy: 79.66%, AUC: 0.79 - [VAL] Loss: 0.4915, Accuracy: 79.10%, AUC: 0.78
New best model saved with validation metric: 25.2771
Epoch [97/100] - [TRAIN] Loss: 0.4730, Accuracy: 79.81%, AUC: 0.79 - [VAL] Loss: 0.4915, Accuracy: 79.15%, AUC: 0.78
Epoch [98/100] - [TRAIN] Loss: 0.4725, Accuracy: 79.63%, AUC: 0.79 - [VAL] Loss: 0.4923, Accuracy: 78.89%, AUC: 0.78
Epoch [99/100] - [TRAIN] Loss: 0.4720, Accuracy: 79.62%, AUC: 0.79 - [VAL] Loss: 0.4926, Accuracy: 78.89%, AUC: 0.78
Epoch [100/100] - [TRAIN] Loss: 0.4727, Accuracy: 79.62%, AUC: 0.79 - [VAL] Loss: 0.4920, Accuracy: 79.08%, AUC: 0.78
Training finished!
Accuracy Score on test set: 79.40 %
AUC Score on test set: 0.79
Item: H3K9ac-H3K27me3-H3K27ac-H3K4me3-H3K9me3
Train set shape: (7399, 5, 4000) (7399,)
Validation set shape: (7377, 5, 4000) (7377,)
Test set shape: (7378, 5, 4000) (7378,)
New best model saved with validation metric: 19.4242
Epoch [1/100] - [TRAIN] Loss: 0.6727, Accuracy: 59.94%, AUC: 0.55 - [VAL] Loss: 0.6425, Accuracy: 60.82%, AUC: 0.50
Epoch [2/100] - [TRAIN] Loss: 0.6195, Accuracy: 60.82%, AUC: 0.50 - [VAL] Loss: 0.5956, Accuracy: 60.82%, AUC: 0.50
New best model saved with validation metric: 24.0476
Epoch [3/100] - [TRAIN] Loss: 0.5806, Accuracy: 61.05%, AUC: 0.50 - [VAL] Loss: 0.5624, Accuracy: 75.30%, AUC: 0.72
New best model saved with validation metric: 25.0000
Epoch [4/100] - [TRAIN] Loss: 0.5543, Accuracy: 75.98%, AUC: 0.73 - [VAL] Loss: 0.5412, Accuracy: 78.28%, AUC: 0.77
New best model saved with validation metric: 25.0649
Epoch [5/100] - [TRAIN] Loss: 0.5406, Accuracy: 78.46%, AUC: 0.77 - [VAL] Loss: 0.5306, Accuracy: 78.49%, AUC: 0.78
Epoch [6/100] - [TRAIN] Loss: 0.5312, Accuracy: 78.61%, AUC: 0.78 - [VAL] Loss: 0.5246, Accuracy: 78.32%, AUC: 0.78
Epoch [7/100] - [TRAIN] Loss: 0.5263, Accuracy: 78.50%, AUC: 0.78 - [VAL] Loss: 0.5204, Accuracy: 78.34%, AUC: 0.78
Epoch [8/100] - [TRAIN] Loss: 0.5228, Accuracy: 78.40%, AUC: 0.78 - [VAL] Loss: 0.5172, Accuracy: 78.20%, AUC: 0.78
Epoch [9/100] - [TRAIN] Loss: 0.5194, Accuracy: 78.31%, AUC: 0.78 - [VAL] Loss: 0.5148, Accuracy: 78.05%, AUC: 0.78
Epoch [10/100] - [TRAIN] Loss: 0.5167, Accuracy: 78.17%, AUC: 0.78 - [VAL] Loss: 0.5126, Accuracy: 78.04%, AUC: 0.78
Epoch [11/100] - [TRAIN] Loss: 0.5150, Accuracy: 78.19%, AUC: 0.78 - [VAL] Loss: 0.5111, Accuracy: 77.89%, AUC: 0.78
Epoch [12/100] - [TRAIN] Loss: 0.5125, Accuracy: 78.27%, AUC: 0.78 - [VAL] Loss: 0.5098, Accuracy: 77.80%, AUC: 0.78
Epoch [13/100] - [TRAIN] Loss: 0.5118, Accuracy: 78.24%, AUC: 0.78 - [VAL] Loss: 0.5085, Accuracy: 77.93%, AUC: 0.78
Epoch [14/100] - [TRAIN] Loss: 0.5099, Accuracy: 78.13%, AUC: 0.78 - [VAL] Loss: 0.5079, Accuracy: 77.69%, AUC: 0.78
Epoch [15/100] - [TRAIN] Loss: 0.5087, Accuracy: 78.13%, AUC: 0.78 - [VAL] Loss: 0.5066, Accuracy: 77.96%, AUC: 0.78
Epoch [16/100] - [TRAIN] Loss: 0.5077, Accuracy: 78.32%, AUC: 0.78 - [VAL] Loss: 0.5059, Accuracy: 77.96%, AUC: 0.78
Epoch [17/100] - [TRAIN] Loss: 0.5073, Accuracy: 78.17%, AUC: 0.78 - [VAL] Loss: 0.5050, Accuracy: 78.08%, AUC: 0.78
Epoch [18/100] - [TRAIN] Loss: 0.5050, Accuracy: 78.29%, AUC: 0.78 - [VAL] Loss: 0.5046, Accuracy: 78.09%, AUC: 0.78
Epoch [19/100] - [TRAIN] Loss: 0.5050, Accuracy: 78.29%, AUC: 0.78 - [VAL] Loss: 0.5037, Accuracy: 78.32%, AUC: 0.78
Epoch [20/100] - [TRAIN] Loss: 0.5038, Accuracy: 78.39%, AUC: 0.78 - [VAL] Loss: 0.5032, Accuracy: 78.34%, AUC: 0.78
Epoch [21/100] - [TRAIN] Loss: 0.5032, Accuracy: 78.43%, AUC: 0.78 - [VAL] Loss: 0.5027, Accuracy: 78.38%, AUC: 0.78
Epoch [22/100] - [TRAIN] Loss: 0.5022, Accuracy: 78.47%, AUC: 0.78 - [VAL] Loss: 0.5025, Accuracy: 78.24%, AUC: 0.78
New best model saved with validation metric: 25.1169
Epoch [23/100] - [TRAIN] Loss: 0.5016, Accuracy: 78.48%, AUC: 0.78 - [VAL] Loss: 0.5015, Accuracy: 78.65%, AUC: 0.78
Epoch [24/100] - [TRAIN] Loss: 0.5011, Accuracy: 78.44%, AUC: 0.78 - [VAL] Loss: 0.5012, Accuracy: 78.50%, AUC: 0.78
Epoch [25/100] - [TRAIN] Loss: 0.5002, Accuracy: 78.50%, AUC: 0.78 - [VAL] Loss: 0.5007, Accuracy: 78.55%, AUC: 0.78
Epoch [26/100] - [TRAIN] Loss: 0.5010, Accuracy: 78.58%, AUC: 0.78 - [VAL] Loss: 0.5009, Accuracy: 78.37%, AUC: 0.78
Epoch [27/100] - [TRAIN] Loss: 0.4987, Accuracy: 78.61%, AUC: 0.78 - [VAL] Loss: 0.5000, Accuracy: 78.57%, AUC: 0.78
Epoch [28/100] - [TRAIN] Loss: 0.4988, Accuracy: 78.79%, AUC: 0.78 - [VAL] Loss: 0.4996, Accuracy: 78.61%, AUC: 0.78
Epoch [29/100] - [TRAIN] Loss: 0.4990, Accuracy: 78.73%, AUC: 0.78 - [VAL] Loss: 0.4992, Accuracy: 78.57%, AUC: 0.78
Epoch [30/100] - [TRAIN] Loss: 0.4979, Accuracy: 78.77%, AUC: 0.78 - [VAL] Loss: 0.4991, Accuracy: 78.50%, AUC: 0.78
Epoch [31/100] - [TRAIN] Loss: 0.4989, Accuracy: 78.73%, AUC: 0.78 - [VAL] Loss: 0.4988, Accuracy: 78.49%, AUC: 0.78
Epoch [32/100] - [TRAIN] Loss: 0.4971, Accuracy: 78.85%, AUC: 0.78 - [VAL] Loss: 0.4982, Accuracy: 78.60%, AUC: 0.78
New best model saved with validation metric: 25.1342
Epoch [33/100] - [TRAIN] Loss: 0.4968, Accuracy: 78.79%, AUC: 0.78 - [VAL] Loss: 0.4978, Accuracy: 78.70%, AUC: 0.78
Epoch [34/100] - [TRAIN] Loss: 0.4958, Accuracy: 78.88%, AUC: 0.78 - [VAL] Loss: 0.4978, Accuracy: 78.57%, AUC: 0.78
Epoch [35/100] - [TRAIN] Loss: 0.4944, Accuracy: 78.86%, AUC: 0.78 - [VAL] Loss: 0.4971, Accuracy: 78.65%, AUC: 0.78
Epoch [36/100] - [TRAIN] Loss: 0.4958, Accuracy: 78.93%, AUC: 0.78 - [VAL] Loss: 0.4972, Accuracy: 78.57%, AUC: 0.78
Epoch [37/100] - [TRAIN] Loss: 0.4949, Accuracy: 79.09%, AUC: 0.78 - [VAL] Loss: 0.4968, Accuracy: 78.60%, AUC: 0.78
Epoch [38/100] - [TRAIN] Loss: 0.4928, Accuracy: 78.94%, AUC: 0.78 - [VAL] Loss: 0.4963, Accuracy: 78.69%, AUC: 0.78
New best model saved with validation metric: 25.1385
Epoch [39/100] - [TRAIN] Loss: 0.4940, Accuracy: 78.97%, AUC: 0.78 - [VAL] Loss: 0.4960, Accuracy: 78.72%, AUC: 0.78
Epoch [40/100] - [TRAIN] Loss: 0.4927, Accuracy: 79.04%, AUC: 0.78 - [VAL] Loss: 0.4971, Accuracy: 78.43%, AUC: 0.78
Epoch [41/100] - [TRAIN] Loss: 0.4924, Accuracy: 78.97%, AUC: 0.78 - [VAL] Loss: 0.4955, Accuracy: 78.72%, AUC: 0.78
New best model saved with validation metric: 25.1732
Epoch [42/100] - [TRAIN] Loss: 0.4926, Accuracy: 78.94%, AUC: 0.78 - [VAL] Loss: 0.4952, Accuracy: 78.83%, AUC: 0.78
Epoch [43/100] - [TRAIN] Loss: 0.4911, Accuracy: 78.93%, AUC: 0.78 - [VAL] Loss: 0.4956, Accuracy: 78.54%, AUC: 0.78
Epoch [44/100] - [TRAIN] Loss: 0.4913, Accuracy: 78.89%, AUC: 0.78 - [VAL] Loss: 0.4948, Accuracy: 78.74%, AUC: 0.78
Epoch [45/100] - [TRAIN] Loss: 0.4920, Accuracy: 78.89%, AUC: 0.78 - [VAL] Loss: 0.4947, Accuracy: 78.80%, AUC: 0.78
Epoch [46/100] - [TRAIN] Loss: 0.4903, Accuracy: 79.06%, AUC: 0.78 - [VAL] Loss: 0.4946, Accuracy: 78.76%, AUC: 0.78
Epoch [47/100] - [TRAIN] Loss: 0.4899, Accuracy: 79.05%, AUC: 0.78 - [VAL] Loss: 0.4946, Accuracy: 78.68%, AUC: 0.78
Epoch [48/100] - [TRAIN] Loss: 0.4900, Accuracy: 79.13%, AUC: 0.78 - [VAL] Loss: 0.4942, Accuracy: 78.77%, AUC: 0.78
Epoch [49/100] - [TRAIN] Loss: 0.4889, Accuracy: 79.08%, AUC: 0.78 - [VAL] Loss: 0.4937, Accuracy: 78.81%, AUC: 0.78
Epoch [50/100] - [TRAIN] Loss: 0.4883, Accuracy: 79.12%, AUC: 0.78 - [VAL] Loss: 0.4937, Accuracy: 78.79%, AUC: 0.78
Epoch [51/100] - [TRAIN] Loss: 0.4882, Accuracy: 79.09%, AUC: 0.78 - [VAL] Loss: 0.4936, Accuracy: 78.83%, AUC: 0.78
Epoch [52/100] - [TRAIN] Loss: 0.4885, Accuracy: 79.02%, AUC: 0.78 - [VAL] Loss: 0.4933, Accuracy: 78.79%, AUC: 0.78
Epoch [53/100] - [TRAIN] Loss: 0.4869, Accuracy: 78.98%, AUC: 0.78 - [VAL] Loss: 0.4933, Accuracy: 78.83%, AUC: 0.78
Epoch [54/100] - [TRAIN] Loss: 0.4875, Accuracy: 79.05%, AUC: 0.78 - [VAL] Loss: 0.4936, Accuracy: 78.74%, AUC: 0.78
Epoch [55/100] - [TRAIN] Loss: 0.4878, Accuracy: 79.12%, AUC: 0.78 - [VAL] Loss: 0.4931, Accuracy: 78.80%, AUC: 0.78
New best model saved with validation metric: 25.1818
Epoch [56/100] - [TRAIN] Loss: 0.4871, Accuracy: 79.15%, AUC: 0.78 - [VAL] Loss: 0.4926, Accuracy: 78.85%, AUC: 0.78
Epoch [57/100] - [TRAIN] Loss: 0.4857, Accuracy: 79.09%, AUC: 0.78 - [VAL] Loss: 0.4936, Accuracy: 78.73%, AUC: 0.78
New best model saved with validation metric: 25.1861
Epoch [58/100] - [TRAIN] Loss: 0.4871, Accuracy: 79.00%, AUC: 0.78 - [VAL] Loss: 0.4926, Accuracy: 78.87%, AUC: 0.78
New best model saved with validation metric: 25.1991
Epoch [59/100] - [TRAIN] Loss: 0.4854, Accuracy: 79.20%, AUC: 0.78 - [VAL] Loss: 0.4922, Accuracy: 78.91%, AUC: 0.78
Epoch [60/100] - [TRAIN] Loss: 0.4870, Accuracy: 79.20%, AUC: 0.78 - [VAL] Loss: 0.4930, Accuracy: 78.79%, AUC: 0.78
Epoch [61/100] - [TRAIN] Loss: 0.4843, Accuracy: 79.09%, AUC: 0.78 - [VAL] Loss: 0.4923, Accuracy: 78.87%, AUC: 0.78
Epoch [62/100] - [TRAIN] Loss: 0.4851, Accuracy: 79.21%, AUC: 0.78 - [VAL] Loss: 0.4923, Accuracy: 78.87%, AUC: 0.78
Epoch [63/100] - [TRAIN] Loss: 0.4846, Accuracy: 79.15%, AUC: 0.78 - [VAL] Loss: 0.4920, Accuracy: 78.85%, AUC: 0.78
Epoch [64/100] - [TRAIN] Loss: 0.4852, Accuracy: 79.25%, AUC: 0.78 - [VAL] Loss: 0.4930, Accuracy: 78.84%, AUC: 0.78
Epoch [65/100] - [TRAIN] Loss: 0.4827, Accuracy: 79.31%, AUC: 0.78 - [VAL] Loss: 0.4932, Accuracy: 78.69%, AUC: 0.78
Epoch [66/100] - [TRAIN] Loss: 0.4831, Accuracy: 79.24%, AUC: 0.78 - [VAL] Loss: 0.4926, Accuracy: 78.74%, AUC: 0.78
Epoch [67/100] - [TRAIN] Loss: 0.4823, Accuracy: 79.19%, AUC: 0.78 - [VAL] Loss: 0.4921, Accuracy: 78.88%, AUC: 0.78
New best model saved with validation metric: 25.2035
Epoch [68/100] - [TRAIN] Loss: 0.4832, Accuracy: 79.11%, AUC: 0.78 - [VAL] Loss: 0.4918, Accuracy: 78.92%, AUC: 0.78
Epoch [69/100] - [TRAIN] Loss: 0.4820, Accuracy: 79.16%, AUC: 0.78 - [VAL] Loss: 0.4933, Accuracy: 78.66%, AUC: 0.78
Epoch [70/100] - [TRAIN] Loss: 0.4831, Accuracy: 79.02%, AUC: 0.78 - [VAL] Loss: 0.4920, Accuracy: 78.89%, AUC: 0.78
Epoch [71/100] - [TRAIN] Loss: 0.4820, Accuracy: 79.11%, AUC: 0.78 - [VAL] Loss: 0.4914, Accuracy: 78.88%, AUC: 0.78
New best model saved with validation metric: 25.2078
Epoch [72/100] - [TRAIN] Loss: 0.4826, Accuracy: 79.35%, AUC: 0.79 - [VAL] Loss: 0.4919, Accuracy: 78.93%, AUC: 0.78
Epoch [73/100] - [TRAIN] Loss: 0.4820, Accuracy: 79.29%, AUC: 0.78 - [VAL] Loss: 0.4920, Accuracy: 78.92%, AUC: 0.78
New best model saved with validation metric: 25.2165
Epoch [74/100] - [TRAIN] Loss: 0.4820, Accuracy: 79.16%, AUC: 0.78 - [VAL] Loss: 0.4914, Accuracy: 78.96%, AUC: 0.78
Epoch [75/100] - [TRAIN] Loss: 0.4812, Accuracy: 79.21%, AUC: 0.78 - [VAL] Loss: 0.4912, Accuracy: 78.96%, AUC: 0.78
Epoch [76/100] - [TRAIN] Loss: 0.4806, Accuracy: 79.24%, AUC: 0.78 - [VAL] Loss: 0.4913, Accuracy: 78.88%, AUC: 0.78
Epoch [77/100] - [TRAIN] Loss: 0.4788, Accuracy: 79.39%, AUC: 0.79 - [VAL] Loss: 0.4911, Accuracy: 78.89%, AUC: 0.78
Epoch [78/100] - [TRAIN] Loss: 0.4799, Accuracy: 79.47%, AUC: 0.79 - [VAL] Loss: 0.4912, Accuracy: 78.95%, AUC: 0.78
New best model saved with validation metric: 25.2208
Epoch [79/100] - [TRAIN] Loss: 0.4791, Accuracy: 79.31%, AUC: 0.78 - [VAL] Loss: 0.4914, Accuracy: 78.98%, AUC: 0.78
Epoch [80/100] - [TRAIN] Loss: 0.4788, Accuracy: 79.31%, AUC: 0.78 - [VAL] Loss: 0.4912, Accuracy: 78.95%, AUC: 0.78
Epoch [81/100] - [TRAIN] Loss: 0.4797, Accuracy: 79.40%, AUC: 0.79 - [VAL] Loss: 0.4911, Accuracy: 78.92%, AUC: 0.78
New best model saved with validation metric: 25.2468
Epoch [82/100] - [TRAIN] Loss: 0.4786, Accuracy: 79.34%, AUC: 0.79 - [VAL] Loss: 0.4913, Accuracy: 79.06%, AUC: 0.78
Epoch [83/100] - [TRAIN] Loss: 0.4783, Accuracy: 79.40%, AUC: 0.79 - [VAL] Loss: 0.4929, Accuracy: 78.83%, AUC: 0.78
Epoch [84/100] - [TRAIN] Loss: 0.4790, Accuracy: 79.35%, AUC: 0.79 - [VAL] Loss: 0.4917, Accuracy: 78.91%, AUC: 0.78
Epoch [85/100] - [TRAIN] Loss: 0.4775, Accuracy: 79.50%, AUC: 0.79 - [VAL] Loss: 0.4917, Accuracy: 78.96%, AUC: 0.78
Epoch [86/100] - [TRAIN] Loss: 0.4774, Accuracy: 79.54%, AUC: 0.79 - [VAL] Loss: 0.4909, Accuracy: 79.03%, AUC: 0.78
Epoch [87/100] - [TRAIN] Loss: 0.4777, Accuracy: 79.38%, AUC: 0.79 - [VAL] Loss: 0.4909, Accuracy: 79.04%, AUC: 0.78
Epoch [88/100] - [TRAIN] Loss: 0.4771, Accuracy: 79.39%, AUC: 0.79 - [VAL] Loss: 0.4919, Accuracy: 78.95%, AUC: 0.78
New best model saved with validation metric: 25.2597
Epoch [89/100] - [TRAIN] Loss: 0.4765, Accuracy: 79.38%, AUC: 0.79 - [VAL] Loss: 0.4910, Accuracy: 79.10%, AUC: 0.78
New best model saved with validation metric: 25.2641
Epoch [90/100] - [TRAIN] Loss: 0.4769, Accuracy: 79.54%, AUC: 0.79 - [VAL] Loss: 0.4916, Accuracy: 79.11%, AUC: 0.78
Epoch [91/100] - [TRAIN] Loss: 0.4785, Accuracy: 79.70%, AUC: 0.79 - [VAL] Loss: 0.4914, Accuracy: 78.95%, AUC: 0.78
Epoch [92/100] - [TRAIN] Loss: 0.4764, Accuracy: 79.62%, AUC: 0.79 - [VAL] Loss: 0.4915, Accuracy: 79.11%, AUC: 0.78
Epoch [93/100] - [TRAIN] Loss: 0.4773, Accuracy: 79.75%, AUC: 0.79 - [VAL] Loss: 0.4914, Accuracy: 79.08%, AUC: 0.78
New best model saved with validation metric: 25.2684
Epoch [94/100] - [TRAIN] Loss: 0.4738, Accuracy: 79.69%, AUC: 0.79 - [VAL] Loss: 0.4910, Accuracy: 79.12%, AUC: 0.78
New best model saved with validation metric: 25.2987
Epoch [95/100] - [TRAIN] Loss: 0.4751, Accuracy: 79.77%, AUC: 0.79 - [VAL] Loss: 0.4911, Accuracy: 79.22%, AUC: 0.79
Epoch [96/100] - [TRAIN] Loss: 0.4752, Accuracy: 79.58%, AUC: 0.79 - [VAL] Loss: 0.4912, Accuracy: 79.16%, AUC: 0.78
Epoch [97/100] - [TRAIN] Loss: 0.4744, Accuracy: 79.59%, AUC: 0.79 - [VAL] Loss: 0.4910, Accuracy: 79.19%, AUC: 0.79
Epoch [98/100] - [TRAIN] Loss: 0.4745, Accuracy: 79.74%, AUC: 0.79 - [VAL] Loss: 0.4911, Accuracy: 79.14%, AUC: 0.78
Epoch [99/100] - [TRAIN] Loss: 0.4747, Accuracy: 79.62%, AUC: 0.79 - [VAL] Loss: 0.4913, Accuracy: 79.15%, AUC: 0.78
Epoch [100/100] - [TRAIN] Loss: 0.4741, Accuracy: 79.66%, AUC: 0.79 - [VAL] Loss: 0.4912, Accuracy: 79.16%, AUC: 0.78
Training finished!
Accuracy Score on test set: 79.24 %
AUC Score on test set: 0.79
Item: H3K9ac-H3K27me3-H3K27ac-H3K9me3-H3K4me3
Train set shape: (7399, 5, 4000) (7399,)
Validation set shape: (7377, 5, 4000) (7377,)
Test set shape: (7378, 5, 4000) (7378,)
New best model saved with validation metric: 19.4242
Epoch [1/100] - [TRAIN] Loss: 0.6619, Accuracy: 60.21%, AUC: 0.50 - [VAL] Loss: 0.6292, Accuracy: 60.82%, AUC: 0.50
Epoch [2/100] - [TRAIN] Loss: 0.6053, Accuracy: 60.82%, AUC: 0.50 - [VAL] Loss: 0.5810, Accuracy: 60.82%, AUC: 0.50
New best model saved with validation metric: 24.4805
Epoch [3/100] - [TRAIN] Loss: 0.5699, Accuracy: 63.14%, AUC: 0.54 - [VAL] Loss: 0.5530, Accuracy: 76.66%, AUC: 0.74
New best model saved with validation metric: 24.9913
Epoch [4/100] - [TRAIN] Loss: 0.5500, Accuracy: 77.54%, AUC: 0.76 - [VAL] Loss: 0.5378, Accuracy: 78.26%, AUC: 0.77
Epoch [5/100] - [TRAIN] Loss: 0.5381, Accuracy: 78.31%, AUC: 0.77 - [VAL] Loss: 0.5300, Accuracy: 78.24%, AUC: 0.77
Epoch [6/100] - [TRAIN] Loss: 0.5313, Accuracy: 78.44%, AUC: 0.78 - [VAL] Loss: 0.5243, Accuracy: 78.23%, AUC: 0.78
Epoch [7/100] - [TRAIN] Loss: 0.5268, Accuracy: 78.36%, AUC: 0.78 - [VAL] Loss: 0.5204, Accuracy: 77.96%, AUC: 0.78
Epoch [8/100] - [TRAIN] Loss: 0.5220, Accuracy: 78.28%, AUC: 0.78 - [VAL] Loss: 0.5170, Accuracy: 78.01%, AUC: 0.78
Epoch [9/100] - [TRAIN] Loss: 0.5218, Accuracy: 78.17%, AUC: 0.78 - [VAL] Loss: 0.5151, Accuracy: 77.78%, AUC: 0.78
Epoch [10/100] - [TRAIN] Loss: 0.5173, Accuracy: 78.21%, AUC: 0.78 - [VAL] Loss: 0.5126, Accuracy: 77.90%, AUC: 0.78
Epoch [11/100] - [TRAIN] Loss: 0.5139, Accuracy: 78.13%, AUC: 0.78 - [VAL] Loss: 0.5109, Accuracy: 77.86%, AUC: 0.78
Epoch [12/100] - [TRAIN] Loss: 0.5134, Accuracy: 78.20%, AUC: 0.78 - [VAL] Loss: 0.5098, Accuracy: 77.76%, AUC: 0.78
Epoch [13/100] - [TRAIN] Loss: 0.5103, Accuracy: 78.23%, AUC: 0.78 - [VAL] Loss: 0.5082, Accuracy: 78.05%, AUC: 0.78
Epoch [14/100] - [TRAIN] Loss: 0.5090, Accuracy: 78.20%, AUC: 0.78 - [VAL] Loss: 0.5072, Accuracy: 78.04%, AUC: 0.78
Epoch [15/100] - [TRAIN] Loss: 0.5071, Accuracy: 78.16%, AUC: 0.78 - [VAL] Loss: 0.5067, Accuracy: 77.93%, AUC: 0.78
Epoch [16/100] - [TRAIN] Loss: 0.5069, Accuracy: 78.15%, AUC: 0.78 - [VAL] Loss: 0.5055, Accuracy: 78.22%, AUC: 0.78
Epoch [17/100] - [TRAIN] Loss: 0.5042, Accuracy: 78.35%, AUC: 0.78 - [VAL] Loss: 0.5051, Accuracy: 78.03%, AUC: 0.78
New best model saved with validation metric: 25.0043
Epoch [18/100] - [TRAIN] Loss: 0.5052, Accuracy: 78.27%, AUC: 0.78 - [VAL] Loss: 0.5040, Accuracy: 78.30%, AUC: 0.78
Epoch [19/100] - [TRAIN] Loss: 0.5035, Accuracy: 78.42%, AUC: 0.78 - [VAL] Loss: 0.5037, Accuracy: 78.28%, AUC: 0.78
Epoch [20/100] - [TRAIN] Loss: 0.5027, Accuracy: 78.36%, AUC: 0.78 - [VAL] Loss: 0.5035, Accuracy: 78.22%, AUC: 0.78
New best model saved with validation metric: 25.0130
Epoch [21/100] - [TRAIN] Loss: 0.5023, Accuracy: 78.44%, AUC: 0.78 - [VAL] Loss: 0.5024, Accuracy: 78.32%, AUC: 0.78
New best model saved with validation metric: 25.0173
Epoch [22/100] - [TRAIN] Loss: 0.5012, Accuracy: 78.48%, AUC: 0.78 - [VAL] Loss: 0.5023, Accuracy: 78.34%, AUC: 0.78
Epoch [23/100] - [TRAIN] Loss: 0.5011, Accuracy: 78.59%, AUC: 0.78 - [VAL] Loss: 0.5019, Accuracy: 78.32%, AUC: 0.78
New best model saved with validation metric: 25.0216
Epoch [24/100] - [TRAIN] Loss: 0.5023, Accuracy: 78.55%, AUC: 0.78 - [VAL] Loss: 0.5015, Accuracy: 78.35%, AUC: 0.78
Epoch [25/100] - [TRAIN] Loss: 0.5002, Accuracy: 78.66%, AUC: 0.78 - [VAL] Loss: 0.5014, Accuracy: 78.34%, AUC: 0.78
New best model saved with validation metric: 25.0303
Epoch [26/100] - [TRAIN] Loss: 0.5004, Accuracy: 78.52%, AUC: 0.78 - [VAL] Loss: 0.5011, Accuracy: 78.38%, AUC: 0.78
New best model saved with validation metric: 25.0476
Epoch [27/100] - [TRAIN] Loss: 0.4980, Accuracy: 78.55%, AUC: 0.78 - [VAL] Loss: 0.5001, Accuracy: 78.43%, AUC: 0.78
New best model saved with validation metric: 25.0693
Epoch [28/100] - [TRAIN] Loss: 0.4995, Accuracy: 78.63%, AUC: 0.78 - [VAL] Loss: 0.4997, Accuracy: 78.50%, AUC: 0.78
Epoch [29/100] - [TRAIN] Loss: 0.4966, Accuracy: 78.75%, AUC: 0.78 - [VAL] Loss: 0.4997, Accuracy: 78.43%, AUC: 0.78
Epoch [30/100] - [TRAIN] Loss: 0.4971, Accuracy: 78.81%, AUC: 0.78 - [VAL] Loss: 0.4991, Accuracy: 78.49%, AUC: 0.78
New best model saved with validation metric: 25.0779
Epoch [31/100] - [TRAIN] Loss: 0.4956, Accuracy: 78.85%, AUC: 0.78 - [VAL] Loss: 0.4990, Accuracy: 78.53%, AUC: 0.78
Epoch [32/100] - [TRAIN] Loss: 0.4959, Accuracy: 78.83%, AUC: 0.78 - [VAL] Loss: 0.4996, Accuracy: 78.45%, AUC: 0.78
New best model saved with validation metric: 25.0866
Epoch [33/100] - [TRAIN] Loss: 0.4968, Accuracy: 78.75%, AUC: 0.78 - [VAL] Loss: 0.4982, Accuracy: 78.55%, AUC: 0.78
Epoch [34/100] - [TRAIN] Loss: 0.4948, Accuracy: 78.79%, AUC: 0.78 - [VAL] Loss: 0.4978, Accuracy: 78.55%, AUC: 0.78
Epoch [35/100] - [TRAIN] Loss: 0.4943, Accuracy: 78.96%, AUC: 0.78 - [VAL] Loss: 0.4980, Accuracy: 78.55%, AUC: 0.78
Epoch [36/100] - [TRAIN] Loss: 0.4957, Accuracy: 78.79%, AUC: 0.78 - [VAL] Loss: 0.4976, Accuracy: 78.45%, AUC: 0.78
Epoch [37/100] - [TRAIN] Loss: 0.4927, Accuracy: 78.82%, AUC: 0.78 - [VAL] Loss: 0.4971, Accuracy: 78.54%, AUC: 0.78
Epoch [38/100] - [TRAIN] Loss: 0.4928, Accuracy: 78.88%, AUC: 0.78 - [VAL] Loss: 0.4969, Accuracy: 78.51%, AUC: 0.78
New best model saved with validation metric: 25.0996
Epoch [39/100] - [TRAIN] Loss: 0.4919, Accuracy: 78.93%, AUC: 0.78 - [VAL] Loss: 0.4964, Accuracy: 78.60%, AUC: 0.78
Epoch [40/100] - [TRAIN] Loss: 0.4927, Accuracy: 78.96%, AUC: 0.78 - [VAL] Loss: 0.4970, Accuracy: 78.55%, AUC: 0.78
Epoch [41/100] - [TRAIN] Loss: 0.4921, Accuracy: 78.97%, AUC: 0.78 - [VAL] Loss: 0.4962, Accuracy: 78.51%, AUC: 0.78
Epoch [42/100] - [TRAIN] Loss: 0.4900, Accuracy: 78.98%, AUC: 0.78 - [VAL] Loss: 0.4959, Accuracy: 78.55%, AUC: 0.78
Epoch [43/100] - [TRAIN] Loss: 0.4906, Accuracy: 79.04%, AUC: 0.78 - [VAL] Loss: 0.4965, Accuracy: 78.57%, AUC: 0.78
Epoch [44/100] - [TRAIN] Loss: 0.4898, Accuracy: 78.94%, AUC: 0.78 - [VAL] Loss: 0.4961, Accuracy: 78.55%, AUC: 0.78
New best model saved with validation metric: 25.1212
Epoch [45/100] - [TRAIN] Loss: 0.4910, Accuracy: 79.06%, AUC: 0.78 - [VAL] Loss: 0.4952, Accuracy: 78.66%, AUC: 0.78
Epoch [46/100] - [TRAIN] Loss: 0.4902, Accuracy: 78.98%, AUC: 0.78 - [VAL] Loss: 0.4951, Accuracy: 78.65%, AUC: 0.78
Epoch [47/100] - [TRAIN] Loss: 0.4883, Accuracy: 79.13%, AUC: 0.78 - [VAL] Loss: 0.4950, Accuracy: 78.61%, AUC: 0.78
Epoch [48/100] - [TRAIN] Loss: 0.4891, Accuracy: 79.01%, AUC: 0.78 - [VAL] Loss: 0.4951, Accuracy: 78.66%, AUC: 0.78
New best model saved with validation metric: 25.1515
Epoch [49/100] - [TRAIN] Loss: 0.4868, Accuracy: 79.17%, AUC: 0.78 - [VAL] Loss: 0.4947, Accuracy: 78.76%, AUC: 0.78
Epoch [50/100] - [TRAIN] Loss: 0.4864, Accuracy: 79.05%, AUC: 0.78 - [VAL] Loss: 0.4946, Accuracy: 78.68%, AUC: 0.78
Epoch [51/100] - [TRAIN] Loss: 0.4863, Accuracy: 79.00%, AUC: 0.78 - [VAL] Loss: 0.4950, Accuracy: 78.64%, AUC: 0.78
Epoch [52/100] - [TRAIN] Loss: 0.4880, Accuracy: 79.13%, AUC: 0.78 - [VAL] Loss: 0.4944, Accuracy: 78.76%, AUC: 0.78
Epoch [53/100] - [TRAIN] Loss: 0.4873, Accuracy: 79.01%, AUC: 0.78 - [VAL] Loss: 0.4947, Accuracy: 78.73%, AUC: 0.78
Epoch [54/100] - [TRAIN] Loss: 0.4855, Accuracy: 79.16%, AUC: 0.78 - [VAL] Loss: 0.4942, Accuracy: 78.70%, AUC: 0.78
New best model saved with validation metric: 25.1688
Epoch [55/100] - [TRAIN] Loss: 0.4848, Accuracy: 79.11%, AUC: 0.78 - [VAL] Loss: 0.4939, Accuracy: 78.81%, AUC: 0.78
Epoch [56/100] - [TRAIN] Loss: 0.4856, Accuracy: 79.11%, AUC: 0.78 - [VAL] Loss: 0.4943, Accuracy: 78.68%, AUC: 0.78
Epoch [57/100] - [TRAIN] Loss: 0.4842, Accuracy: 79.12%, AUC: 0.78 - [VAL] Loss: 0.4940, Accuracy: 78.69%, AUC: 0.78
New best model saved with validation metric: 25.1732
Epoch [58/100] - [TRAIN] Loss: 0.4845, Accuracy: 79.15%, AUC: 0.78 - [VAL] Loss: 0.4936, Accuracy: 78.83%, AUC: 0.78
Epoch [59/100] - [TRAIN] Loss: 0.4846, Accuracy: 79.21%, AUC: 0.78 - [VAL] Loss: 0.4952, Accuracy: 78.66%, AUC: 0.78
New best model saved with validation metric: 25.1861
Epoch [60/100] - [TRAIN] Loss: 0.4830, Accuracy: 79.20%, AUC: 0.78 - [VAL] Loss: 0.4934, Accuracy: 78.87%, AUC: 0.78
Epoch [61/100] - [TRAIN] Loss: 0.4831, Accuracy: 79.08%, AUC: 0.78 - [VAL] Loss: 0.4939, Accuracy: 78.73%, AUC: 0.78
Epoch [62/100] - [TRAIN] Loss: 0.4820, Accuracy: 79.21%, AUC: 0.78 - [VAL] Loss: 0.4935, Accuracy: 78.84%, AUC: 0.78
Epoch [63/100] - [TRAIN] Loss: 0.4831, Accuracy: 79.16%, AUC: 0.78 - [VAL] Loss: 0.4933, Accuracy: 78.87%, AUC: 0.78
Epoch [64/100] - [TRAIN] Loss: 0.4824, Accuracy: 79.21%, AUC: 0.78 - [VAL] Loss: 0.4945, Accuracy: 78.66%, AUC: 0.78
New best model saved with validation metric: 25.1905
Epoch [65/100] - [TRAIN] Loss: 0.4815, Accuracy: 79.20%, AUC: 0.78 - [VAL] Loss: 0.4934, Accuracy: 78.88%, AUC: 0.78
New best model saved with validation metric: 25.1948
Epoch [66/100] - [TRAIN] Loss: 0.4809, Accuracy: 79.20%, AUC: 0.78 - [VAL] Loss: 0.4932, Accuracy: 78.89%, AUC: 0.78
New best model saved with validation metric: 25.1991
Epoch [67/100] - [TRAIN] Loss: 0.4811, Accuracy: 79.32%, AUC: 0.79 - [VAL] Loss: 0.4932, Accuracy: 78.91%, AUC: 0.78
Epoch [68/100] - [TRAIN] Loss: 0.4815, Accuracy: 79.31%, AUC: 0.79 - [VAL] Loss: 0.4932, Accuracy: 78.89%, AUC: 0.78
Epoch [69/100] - [TRAIN] Loss: 0.4809, Accuracy: 79.29%, AUC: 0.78 - [VAL] Loss: 0.4931, Accuracy: 78.91%, AUC: 0.78
Epoch [70/100] - [TRAIN] Loss: 0.4808, Accuracy: 79.43%, AUC: 0.79 - [VAL] Loss: 0.4938, Accuracy: 78.84%, AUC: 0.78
Epoch [71/100] - [TRAIN] Loss: 0.4803, Accuracy: 79.29%, AUC: 0.78 - [VAL] Loss: 0.4931, Accuracy: 78.91%, AUC: 0.78
New best model saved with validation metric: 25.2035
Epoch [72/100] - [TRAIN] Loss: 0.4799, Accuracy: 79.32%, AUC: 0.79 - [VAL] Loss: 0.4935, Accuracy: 78.92%, AUC: 0.78
New best model saved with validation metric: 25.2165
Epoch [73/100] - [TRAIN] Loss: 0.4785, Accuracy: 79.43%, AUC: 0.79 - [VAL] Loss: 0.4931, Accuracy: 78.96%, AUC: 0.78
Epoch [74/100] - [TRAIN] Loss: 0.4803, Accuracy: 79.40%, AUC: 0.79 - [VAL] Loss: 0.4931, Accuracy: 78.96%, AUC: 0.78
Epoch [75/100] - [TRAIN] Loss: 0.4784, Accuracy: 79.36%, AUC: 0.79 - [VAL] Loss: 0.4933, Accuracy: 78.91%, AUC: 0.78
Epoch [76/100] - [TRAIN] Loss: 0.4786, Accuracy: 79.46%, AUC: 0.79 - [VAL] Loss: 0.4929, Accuracy: 78.92%, AUC: 0.78
New best model saved with validation metric: 25.2251
Epoch [77/100] - [TRAIN] Loss: 0.4781, Accuracy: 79.40%, AUC: 0.79 - [VAL] Loss: 0.4930, Accuracy: 78.99%, AUC: 0.78
Epoch [78/100] - [TRAIN] Loss: 0.4799, Accuracy: 79.44%, AUC: 0.79 - [VAL] Loss: 0.4946, Accuracy: 78.83%, AUC: 0.78
Epoch [79/100] - [TRAIN] Loss: 0.4772, Accuracy: 79.51%, AUC: 0.79 - [VAL] Loss: 0.4935, Accuracy: 78.93%, AUC: 0.78
Epoch [80/100] - [TRAIN] Loss: 0.4769, Accuracy: 79.50%, AUC: 0.79 - [VAL] Loss: 0.4969, Accuracy: 78.54%, AUC: 0.78
Epoch [81/100] - [TRAIN] Loss: 0.4782, Accuracy: 79.34%, AUC: 0.79 - [VAL] Loss: 0.4937, Accuracy: 78.92%, AUC: 0.78
Epoch [82/100] - [TRAIN] Loss: 0.4768, Accuracy: 79.47%, AUC: 0.79 - [VAL] Loss: 0.4930, Accuracy: 78.99%, AUC: 0.78
Epoch [83/100] - [TRAIN] Loss: 0.4756, Accuracy: 79.36%, AUC: 0.79 - [VAL] Loss: 0.4930, Accuracy: 78.98%, AUC: 0.78
Epoch [84/100] - [TRAIN] Loss: 0.4758, Accuracy: 79.47%, AUC: 0.79 - [VAL] Loss: 0.4949, Accuracy: 78.72%, AUC: 0.78
Epoch [85/100] - [TRAIN] Loss: 0.4758, Accuracy: 79.52%, AUC: 0.79 - [VAL] Loss: 0.4932, Accuracy: 78.95%, AUC: 0.78
Epoch [86/100] - [TRAIN] Loss: 0.4766, Accuracy: 79.51%, AUC: 0.79 - [VAL] Loss: 0.4934, Accuracy: 78.92%, AUC: 0.78
Epoch [87/100] - [TRAIN] Loss: 0.4761, Accuracy: 79.47%, AUC: 0.79 - [VAL] Loss: 0.4935, Accuracy: 78.93%, AUC: 0.78
New best model saved with validation metric: 25.2381
Epoch [88/100] - [TRAIN] Loss: 0.4759, Accuracy: 79.48%, AUC: 0.79 - [VAL] Loss: 0.4930, Accuracy: 79.03%, AUC: 0.78
Epoch [89/100] - [TRAIN] Loss: 0.4737, Accuracy: 79.58%, AUC: 0.79 - [VAL] Loss: 0.4932, Accuracy: 78.96%, AUC: 0.78
Epoch [90/100] - [TRAIN] Loss: 0.4739, Accuracy: 79.63%, AUC: 0.79 - [VAL] Loss: 0.4930, Accuracy: 78.99%, AUC: 0.78
Epoch [91/100] - [TRAIN] Loss: 0.4741, Accuracy: 79.51%, AUC: 0.79 - [VAL] Loss: 0.4934, Accuracy: 78.95%, AUC: 0.78
Epoch [92/100] - [TRAIN] Loss: 0.4751, Accuracy: 79.65%, AUC: 0.79 - [VAL] Loss: 0.4936, Accuracy: 78.95%, AUC: 0.78
Epoch [93/100] - [TRAIN] Loss: 0.4726, Accuracy: 79.54%, AUC: 0.79 - [VAL] Loss: 0.4934, Accuracy: 78.92%, AUC: 0.78
Epoch [94/100] - [TRAIN] Loss: 0.4739, Accuracy: 79.63%, AUC: 0.79 - [VAL] Loss: 0.4933, Accuracy: 78.98%, AUC: 0.78
Epoch [95/100] - [TRAIN] Loss: 0.4728, Accuracy: 79.66%, AUC: 0.79 - [VAL] Loss: 0.4937, Accuracy: 78.93%, AUC: 0.78
Epoch [96/100] - [TRAIN] Loss: 0.4711, Accuracy: 79.81%, AUC: 0.79 - [VAL] Loss: 0.4934, Accuracy: 78.93%, AUC: 0.78
Epoch [97/100] - [TRAIN] Loss: 0.4719, Accuracy: 79.71%, AUC: 0.79 - [VAL] Loss: 0.4937, Accuracy: 78.99%, AUC: 0.78
Epoch [98/100] - [TRAIN] Loss: 0.4718, Accuracy: 79.75%, AUC: 0.79 - [VAL] Loss: 0.4944, Accuracy: 78.85%, AUC: 0.78
Epoch [99/100] - [TRAIN] Loss: 0.4709, Accuracy: 79.75%, AUC: 0.79 - [VAL] Loss: 0.4957, Accuracy: 78.70%, AUC: 0.78
Epoch [100/100] - [TRAIN] Loss: 0.4695, Accuracy: 79.70%, AUC: 0.79 - [VAL] Loss: 0.4945, Accuracy: 78.77%, AUC: 0.78
Training finished!
Accuracy Score on test set: 79.28 %
AUC Score on test set: 0.79
Item: H3K9me3-H3K4me3-H3K9ac-H3K27ac-H3K27me3
Train set shape: (7399, 5, 4000) (7399,)
Validation set shape: (7377, 5, 4000) (7377,)
Test set shape: (7378, 5, 4000) (7378,)
New best model saved with validation metric: 19.4242
Epoch [1/100] - [TRAIN] Loss: 0.6583, Accuracy: 60.83%, AUC: 0.50 - [VAL] Loss: 0.6275, Accuracy: 60.82%, AUC: 0.50
Epoch [2/100] - [TRAIN] Loss: 0.6087, Accuracy: 60.82%, AUC: 0.50 - [VAL] Loss: 0.5879, Accuracy: 60.82%, AUC: 0.50
Epoch [3/100] - [TRAIN] Loss: 0.5774, Accuracy: 60.82%, AUC: 0.50 - [VAL] Loss: 0.5607, Accuracy: 60.82%, AUC: 0.50
New best model saved with validation metric: 25.0216
Epoch [4/100] - [TRAIN] Loss: 0.5556, Accuracy: 70.16%, AUC: 0.64 - [VAL] Loss: 0.5440, Accuracy: 78.35%, AUC: 0.77
New best model saved with validation metric: 25.1212
Epoch [5/100] - [TRAIN] Loss: 0.5435, Accuracy: 78.46%, AUC: 0.77 - [VAL] Loss: 0.5351, Accuracy: 78.66%, AUC: 0.78
Epoch [6/100] - [TRAIN] Loss: 0.5362, Accuracy: 78.77%, AUC: 0.78 - [VAL] Loss: 0.5294, Accuracy: 78.53%, AUC: 0.78
Epoch [7/100] - [TRAIN] Loss: 0.5303, Accuracy: 78.61%, AUC: 0.78 - [VAL] Loss: 0.5255, Accuracy: 78.34%, AUC: 0.78
Epoch [8/100] - [TRAIN] Loss: 0.5268, Accuracy: 78.50%, AUC: 0.78 - [VAL] Loss: 0.5215, Accuracy: 78.18%, AUC: 0.78
Epoch [9/100] - [TRAIN] Loss: 0.5229, Accuracy: 78.58%, AUC: 0.78 - [VAL] Loss: 0.5184, Accuracy: 78.18%, AUC: 0.78
Epoch [10/100] - [TRAIN] Loss: 0.5195, Accuracy: 78.36%, AUC: 0.78 - [VAL] Loss: 0.5154, Accuracy: 78.20%, AUC: 0.78
Epoch [11/100] - [TRAIN] Loss: 0.5177, Accuracy: 78.33%, AUC: 0.78 - [VAL] Loss: 0.5139, Accuracy: 77.82%, AUC: 0.78
Epoch [12/100] - [TRAIN] Loss: 0.5150, Accuracy: 78.25%, AUC: 0.78 - [VAL] Loss: 0.5112, Accuracy: 78.08%, AUC: 0.78
Epoch [13/100] - [TRAIN] Loss: 0.5127, Accuracy: 78.31%, AUC: 0.78 - [VAL] Loss: 0.5098, Accuracy: 78.07%, AUC: 0.78
Epoch [14/100] - [TRAIN] Loss: 0.5105, Accuracy: 78.19%, AUC: 0.78 - [VAL] Loss: 0.5084, Accuracy: 78.07%, AUC: 0.78
Epoch [15/100] - [TRAIN] Loss: 0.5085, Accuracy: 78.27%, AUC: 0.78 - [VAL] Loss: 0.5071, Accuracy: 78.05%, AUC: 0.78
Epoch [16/100] - [TRAIN] Loss: 0.5075, Accuracy: 78.27%, AUC: 0.78 - [VAL] Loss: 0.5062, Accuracy: 78.08%, AUC: 0.78
Epoch [17/100] - [TRAIN] Loss: 0.5075, Accuracy: 78.28%, AUC: 0.78 - [VAL] Loss: 0.5053, Accuracy: 78.11%, AUC: 0.78
Epoch [18/100] - [TRAIN] Loss: 0.5044, Accuracy: 78.43%, AUC: 0.78 - [VAL] Loss: 0.5043, Accuracy: 78.27%, AUC: 0.78
Epoch [19/100] - [TRAIN] Loss: 0.5050, Accuracy: 78.46%, AUC: 0.78 - [VAL] Loss: 0.5037, Accuracy: 78.22%, AUC: 0.78
Epoch [20/100] - [TRAIN] Loss: 0.5032, Accuracy: 78.46%, AUC: 0.78 - [VAL] Loss: 0.5031, Accuracy: 78.20%, AUC: 0.78
Epoch [21/100] - [TRAIN] Loss: 0.5035, Accuracy: 78.46%, AUC: 0.78 - [VAL] Loss: 0.5024, Accuracy: 78.28%, AUC: 0.78
Epoch [22/100] - [TRAIN] Loss: 0.5015, Accuracy: 78.51%, AUC: 0.78 - [VAL] Loss: 0.5017, Accuracy: 78.46%, AUC: 0.78
Epoch [23/100] - [TRAIN] Loss: 0.5006, Accuracy: 78.55%, AUC: 0.78 - [VAL] Loss: 0.5011, Accuracy: 78.55%, AUC: 0.78
Epoch [24/100] - [TRAIN] Loss: 0.5009, Accuracy: 78.63%, AUC: 0.78 - [VAL] Loss: 0.5008, Accuracy: 78.42%, AUC: 0.78
Epoch [25/100] - [TRAIN] Loss: 0.4999, Accuracy: 78.61%, AUC: 0.78 - [VAL] Loss: 0.5005, Accuracy: 78.43%, AUC: 0.78
Epoch [26/100] - [TRAIN] Loss: 0.4986, Accuracy: 78.61%, AUC: 0.78 - [VAL] Loss: 0.4995, Accuracy: 78.54%, AUC: 0.78
Epoch [27/100] - [TRAIN] Loss: 0.4973, Accuracy: 78.69%, AUC: 0.78 - [VAL] Loss: 0.4991, Accuracy: 78.54%, AUC: 0.78
Epoch [28/100] - [TRAIN] Loss: 0.4972, Accuracy: 78.67%, AUC: 0.78 - [VAL] Loss: 0.4987, Accuracy: 78.53%, AUC: 0.78
Epoch [29/100] - [TRAIN] Loss: 0.4957, Accuracy: 78.71%, AUC: 0.78 - [VAL] Loss: 0.4982, Accuracy: 78.62%, AUC: 0.78
Epoch [30/100] - [TRAIN] Loss: 0.4964, Accuracy: 78.78%, AUC: 0.78 - [VAL] Loss: 0.4982, Accuracy: 78.58%, AUC: 0.78
Epoch [31/100] - [TRAIN] Loss: 0.4949, Accuracy: 78.77%, AUC: 0.78 - [VAL] Loss: 0.4977, Accuracy: 78.50%, AUC: 0.78
Epoch [32/100] - [TRAIN] Loss: 0.4947, Accuracy: 78.86%, AUC: 0.78 - [VAL] Loss: 0.4979, Accuracy: 78.46%, AUC: 0.78
Epoch [33/100] - [TRAIN] Loss: 0.4943, Accuracy: 78.75%, AUC: 0.78 - [VAL] Loss: 0.4971, Accuracy: 78.53%, AUC: 0.78
Epoch [34/100] - [TRAIN] Loss: 0.4939, Accuracy: 78.78%, AUC: 0.78 - [VAL] Loss: 0.4967, Accuracy: 78.62%, AUC: 0.78
New best model saved with validation metric: 25.1558
Epoch [35/100] - [TRAIN] Loss: 0.4928, Accuracy: 78.92%, AUC: 0.78 - [VAL] Loss: 0.4963, Accuracy: 78.77%, AUC: 0.78
Epoch [36/100] - [TRAIN] Loss: 0.4936, Accuracy: 79.00%, AUC: 0.78 - [VAL] Loss: 0.4962, Accuracy: 78.70%, AUC: 0.78
Epoch [37/100] - [TRAIN] Loss: 0.4935, Accuracy: 78.85%, AUC: 0.78 - [VAL] Loss: 0.4962, Accuracy: 78.62%, AUC: 0.78
Epoch [38/100] - [TRAIN] Loss: 0.4924, Accuracy: 78.81%, AUC: 0.78 - [VAL] Loss: 0.4966, Accuracy: 78.53%, AUC: 0.78
Epoch [39/100] - [TRAIN] Loss: 0.4903, Accuracy: 78.82%, AUC: 0.78 - [VAL] Loss: 0.4955, Accuracy: 78.66%, AUC: 0.78
New best model saved with validation metric: 25.1775
Epoch [40/100] - [TRAIN] Loss: 0.4906, Accuracy: 78.92%, AUC: 0.78 - [VAL] Loss: 0.4949, Accuracy: 78.84%, AUC: 0.78
Epoch [41/100] - [TRAIN] Loss: 0.4910, Accuracy: 78.92%, AUC: 0.78 - [VAL] Loss: 0.4951, Accuracy: 78.68%, AUC: 0.78
Epoch [42/100] - [TRAIN] Loss: 0.4902, Accuracy: 78.92%, AUC: 0.78 - [VAL] Loss: 0.4957, Accuracy: 78.60%, AUC: 0.78
Epoch [43/100] - [TRAIN] Loss: 0.4890, Accuracy: 79.00%, AUC: 0.78 - [VAL] Loss: 0.4944, Accuracy: 78.77%, AUC: 0.78
New best model saved with validation metric: 25.1905
Epoch [44/100] - [TRAIN] Loss: 0.4898, Accuracy: 78.85%, AUC: 0.78 - [VAL] Loss: 0.4941, Accuracy: 78.88%, AUC: 0.78
Epoch [45/100] - [TRAIN] Loss: 0.4886, Accuracy: 79.00%, AUC: 0.78 - [VAL] Loss: 0.4940, Accuracy: 78.76%, AUC: 0.78
Epoch [46/100] - [TRAIN] Loss: 0.4874, Accuracy: 79.00%, AUC: 0.78 - [VAL] Loss: 0.4940, Accuracy: 78.73%, AUC: 0.78
Epoch [47/100] - [TRAIN] Loss: 0.4880, Accuracy: 78.92%, AUC: 0.78 - [VAL] Loss: 0.4936, Accuracy: 78.80%, AUC: 0.78
Epoch [48/100] - [TRAIN] Loss: 0.4861, Accuracy: 78.93%, AUC: 0.78 - [VAL] Loss: 0.4934, Accuracy: 78.85%, AUC: 0.78
Epoch [49/100] - [TRAIN] Loss: 0.4883, Accuracy: 79.02%, AUC: 0.78 - [VAL] Loss: 0.4932, Accuracy: 78.84%, AUC: 0.78
Epoch [50/100] - [TRAIN] Loss: 0.4861, Accuracy: 79.01%, AUC: 0.78 - [VAL] Loss: 0.4931, Accuracy: 78.79%, AUC: 0.78
Epoch [51/100] - [TRAIN] Loss: 0.4858, Accuracy: 79.02%, AUC: 0.78 - [VAL] Loss: 0.4935, Accuracy: 78.73%, AUC: 0.78
Epoch [52/100] - [TRAIN] Loss: 0.4851, Accuracy: 79.00%, AUC: 0.78 - [VAL] Loss: 0.4929, Accuracy: 78.80%, AUC: 0.78
Epoch [53/100] - [TRAIN] Loss: 0.4861, Accuracy: 79.02%, AUC: 0.78 - [VAL] Loss: 0.4931, Accuracy: 78.72%, AUC: 0.78
Epoch [54/100] - [TRAIN] Loss: 0.4848, Accuracy: 79.19%, AUC: 0.78 - [VAL] Loss: 0.4928, Accuracy: 78.76%, AUC: 0.78
Epoch [55/100] - [TRAIN] Loss: 0.4845, Accuracy: 79.04%, AUC: 0.78 - [VAL] Loss: 0.4933, Accuracy: 78.77%, AUC: 0.78
Epoch [56/100] - [TRAIN] Loss: 0.4858, Accuracy: 79.24%, AUC: 0.78 - [VAL] Loss: 0.4932, Accuracy: 78.77%, AUC: 0.78
Epoch [57/100] - [TRAIN] Loss: 0.4842, Accuracy: 79.19%, AUC: 0.78 - [VAL] Loss: 0.4924, Accuracy: 78.80%, AUC: 0.78
Epoch [58/100] - [TRAIN] Loss: 0.4832, Accuracy: 79.19%, AUC: 0.78 - [VAL] Loss: 0.4924, Accuracy: 78.84%, AUC: 0.78
Epoch [59/100] - [TRAIN] Loss: 0.4838, Accuracy: 79.21%, AUC: 0.78 - [VAL] Loss: 0.4927, Accuracy: 78.81%, AUC: 0.78
Epoch [60/100] - [TRAIN] Loss: 0.4833, Accuracy: 79.19%, AUC: 0.78 - [VAL] Loss: 0.4926, Accuracy: 78.81%, AUC: 0.78
Epoch [61/100] - [TRAIN] Loss: 0.4821, Accuracy: 79.25%, AUC: 0.79 - [VAL] Loss: 0.4925, Accuracy: 78.81%, AUC: 0.78
Epoch [62/100] - [TRAIN] Loss: 0.4802, Accuracy: 79.31%, AUC: 0.79 - [VAL] Loss: 0.4927, Accuracy: 78.80%, AUC: 0.78
Epoch [63/100] - [TRAIN] Loss: 0.4817, Accuracy: 79.23%, AUC: 0.79 - [VAL] Loss: 0.4921, Accuracy: 78.88%, AUC: 0.78
New best model saved with validation metric: 25.1991
Epoch [64/100] - [TRAIN] Loss: 0.4810, Accuracy: 79.31%, AUC: 0.79 - [VAL] Loss: 0.4922, Accuracy: 78.91%, AUC: 0.78
Epoch [65/100] - [TRAIN] Loss: 0.4808, Accuracy: 79.39%, AUC: 0.79 - [VAL] Loss: 0.4933, Accuracy: 78.68%, AUC: 0.78
Epoch [66/100] - [TRAIN] Loss: 0.4803, Accuracy: 79.36%, AUC: 0.79 - [VAL] Loss: 0.4930, Accuracy: 78.72%, AUC: 0.78
Epoch [67/100] - [TRAIN] Loss: 0.4802, Accuracy: 79.36%, AUC: 0.79 - [VAL] Loss: 0.4922, Accuracy: 78.84%, AUC: 0.78
Epoch [68/100] - [TRAIN] Loss: 0.4804, Accuracy: 79.46%, AUC: 0.79 - [VAL] Loss: 0.4919, Accuracy: 78.88%, AUC: 0.78
Epoch [69/100] - [TRAIN] Loss: 0.4805, Accuracy: 79.31%, AUC: 0.79 - [VAL] Loss: 0.4923, Accuracy: 78.81%, AUC: 0.78
Epoch [70/100] - [TRAIN] Loss: 0.4789, Accuracy: 79.44%, AUC: 0.79 - [VAL] Loss: 0.4923, Accuracy: 78.84%, AUC: 0.78
Epoch [71/100] - [TRAIN] Loss: 0.4788, Accuracy: 79.44%, AUC: 0.79 - [VAL] Loss: 0.4920, Accuracy: 78.88%, AUC: 0.78
Epoch [72/100] - [TRAIN] Loss: 0.4784, Accuracy: 79.34%, AUC: 0.79 - [VAL] Loss: 0.4919, Accuracy: 78.85%, AUC: 0.78
Epoch [73/100] - [TRAIN] Loss: 0.4791, Accuracy: 79.47%, AUC: 0.79 - [VAL] Loss: 0.4920, Accuracy: 78.81%, AUC: 0.78
Epoch [74/100] - [TRAIN] Loss: 0.4782, Accuracy: 79.40%, AUC: 0.79 - [VAL] Loss: 0.4921, Accuracy: 78.81%, AUC: 0.78
Epoch [75/100] - [TRAIN] Loss: 0.4774, Accuracy: 79.52%, AUC: 0.79 - [VAL] Loss: 0.4918, Accuracy: 78.88%, AUC: 0.78
Epoch [76/100] - [TRAIN] Loss: 0.4779, Accuracy: 79.55%, AUC: 0.79 - [VAL] Loss: 0.4930, Accuracy: 78.84%, AUC: 0.78
Epoch [77/100] - [TRAIN] Loss: 0.4777, Accuracy: 79.44%, AUC: 0.79 - [VAL] Loss: 0.4922, Accuracy: 78.81%, AUC: 0.78
Epoch [78/100] - [TRAIN] Loss: 0.4765, Accuracy: 79.54%, AUC: 0.79 - [VAL] Loss: 0.4922, Accuracy: 78.83%, AUC: 0.78
Epoch [79/100] - [TRAIN] Loss: 0.4756, Accuracy: 79.48%, AUC: 0.79 - [VAL] Loss: 0.4921, Accuracy: 78.79%, AUC: 0.78
Epoch [80/100] - [TRAIN] Loss: 0.4778, Accuracy: 79.38%, AUC: 0.79 - [VAL] Loss: 0.4928, Accuracy: 78.83%, AUC: 0.78
Epoch [81/100] - [TRAIN] Loss: 0.4757, Accuracy: 79.51%, AUC: 0.79 - [VAL] Loss: 0.4924, Accuracy: 78.84%, AUC: 0.78
Epoch [82/100] - [TRAIN] Loss: 0.4738, Accuracy: 79.62%, AUC: 0.79 - [VAL] Loss: 0.4923, Accuracy: 78.84%, AUC: 0.78
Epoch [83/100] - [TRAIN] Loss: 0.4744, Accuracy: 79.58%, AUC: 0.79 - [VAL] Loss: 0.4919, Accuracy: 78.89%, AUC: 0.78
Epoch [84/100] - [TRAIN] Loss: 0.4742, Accuracy: 79.78%, AUC: 0.79 - [VAL] Loss: 0.4927, Accuracy: 78.89%, AUC: 0.78
New best model saved with validation metric: 25.2554
Epoch [85/100] - [TRAIN] Loss: 0.4740, Accuracy: 79.67%, AUC: 0.79 - [VAL] Loss: 0.4922, Accuracy: 79.08%, AUC: 0.78
Epoch [86/100] - [TRAIN] Loss: 0.4766, Accuracy: 79.73%, AUC: 0.79 - [VAL] Loss: 0.4929, Accuracy: 78.88%, AUC: 0.78
Epoch [87/100] - [TRAIN] Loss: 0.4740, Accuracy: 79.54%, AUC: 0.79 - [VAL] Loss: 0.4924, Accuracy: 78.92%, AUC: 0.78
Epoch [88/100] - [TRAIN] Loss: 0.4737, Accuracy: 79.58%, AUC: 0.79 - [VAL] Loss: 0.4922, Accuracy: 78.98%, AUC: 0.78
Epoch [89/100] - [TRAIN] Loss: 0.4733, Accuracy: 79.89%, AUC: 0.79 - [VAL] Loss: 0.4922, Accuracy: 78.88%, AUC: 0.78
Epoch [90/100] - [TRAIN] Loss: 0.4719, Accuracy: 79.70%, AUC: 0.79 - [VAL] Loss: 0.4929, Accuracy: 78.88%, AUC: 0.78
Epoch [91/100] - [TRAIN] Loss: 0.4726, Accuracy: 79.67%, AUC: 0.79 - [VAL] Loss: 0.4922, Accuracy: 79.04%, AUC: 0.78
Epoch [92/100] - [TRAIN] Loss: 0.4735, Accuracy: 79.55%, AUC: 0.79 - [VAL] Loss: 0.4922, Accuracy: 79.04%, AUC: 0.78
Epoch [93/100] - [TRAIN] Loss: 0.4731, Accuracy: 79.73%, AUC: 0.79 - [VAL] Loss: 0.4927, Accuracy: 79.06%, AUC: 0.78
Epoch [94/100] - [TRAIN] Loss: 0.4716, Accuracy: 79.75%, AUC: 0.79 - [VAL] Loss: 0.4925, Accuracy: 79.03%, AUC: 0.78
Epoch [95/100] - [TRAIN] Loss: 0.4712, Accuracy: 79.75%, AUC: 0.79 - [VAL] Loss: 0.4927, Accuracy: 78.92%, AUC: 0.78
Epoch [96/100] - [TRAIN] Loss: 0.4727, Accuracy: 79.63%, AUC: 0.79 - [VAL] Loss: 0.4926, Accuracy: 78.99%, AUC: 0.78
Epoch [97/100] - [TRAIN] Loss: 0.4708, Accuracy: 79.86%, AUC: 0.79 - [VAL] Loss: 0.4925, Accuracy: 79.04%, AUC: 0.78
Epoch [98/100] - [TRAIN] Loss: 0.4710, Accuracy: 79.70%, AUC: 0.79 - [VAL] Loss: 0.4931, Accuracy: 79.06%, AUC: 0.78
Epoch [99/100] - [TRAIN] Loss: 0.4701, Accuracy: 79.69%, AUC: 0.79 - [VAL] Loss: 0.4933, Accuracy: 78.95%, AUC: 0.78
Epoch [100/100] - [TRAIN] Loss: 0.4715, Accuracy: 79.85%, AUC: 0.79 - [VAL] Loss: 0.4928, Accuracy: 79.07%, AUC: 0.78
Training finished!
Accuracy Score on test set: 79.45 %
AUC Score on test set: 0.79
Item: H3K9me3-H3K4me3-H3K9ac-H3K27me3-H3K27ac
Train set shape: (7399, 5, 4000) (7399,)
Validation set shape: (7377, 5, 4000) (7377,)
Test set shape: (7378, 5, 4000) (7378,)
New best model saved with validation metric: 19.4242
Epoch [1/100] - [TRAIN] Loss: 0.6636, Accuracy: 61.18%, AUC: 0.57 - [VAL] Loss: 0.6245, Accuracy: 60.82%, AUC: 0.50
Epoch [2/100] - [TRAIN] Loss: 0.6029, Accuracy: 60.82%, AUC: 0.50 - [VAL] Loss: 0.5832, Accuracy: 60.82%, AUC: 0.50
Epoch [3/100] - [TRAIN] Loss: 0.5732, Accuracy: 60.82%, AUC: 0.50 - [VAL] Loss: 0.5600, Accuracy: 60.82%, AUC: 0.50
New best model saved with validation metric: 24.9004
Epoch [4/100] - [TRAIN] Loss: 0.5555, Accuracy: 72.24%, AUC: 0.68 - [VAL] Loss: 0.5445, Accuracy: 77.97%, AUC: 0.77
New best model saved with validation metric: 24.9654
Epoch [5/100] - [TRAIN] Loss: 0.5432, Accuracy: 78.16%, AUC: 0.77 - [VAL] Loss: 0.5349, Accuracy: 78.18%, AUC: 0.77
New best model saved with validation metric: 24.9784
Epoch [6/100] - [TRAIN] Loss: 0.5351, Accuracy: 78.24%, AUC: 0.77 - [VAL] Loss: 0.5296, Accuracy: 78.22%, AUC: 0.77
Epoch [7/100] - [TRAIN] Loss: 0.5314, Accuracy: 78.47%, AUC: 0.77 - [VAL] Loss: 0.5267, Accuracy: 78.00%, AUC: 0.77
Epoch [8/100] - [TRAIN] Loss: 0.5284, Accuracy: 78.35%, AUC: 0.78 - [VAL] Loss: 0.5239, Accuracy: 78.03%, AUC: 0.78
Epoch [9/100] - [TRAIN] Loss: 0.5252, Accuracy: 78.42%, AUC: 0.78 - [VAL] Loss: 0.5217, Accuracy: 77.93%, AUC: 0.77
Epoch [10/100] - [TRAIN] Loss: 0.5244, Accuracy: 78.33%, AUC: 0.78 - [VAL] Loss: 0.5197, Accuracy: 77.90%, AUC: 0.78
Epoch [11/100] - [TRAIN] Loss: 0.5210, Accuracy: 78.29%, AUC: 0.78 - [VAL] Loss: 0.5180, Accuracy: 77.81%, AUC: 0.78
Epoch [12/100] - [TRAIN] Loss: 0.5199, Accuracy: 78.29%, AUC: 0.78 - [VAL] Loss: 0.5164, Accuracy: 77.88%, AUC: 0.78
Epoch [13/100] - [TRAIN] Loss: 0.5168, Accuracy: 78.24%, AUC: 0.78 - [VAL] Loss: 0.5149, Accuracy: 77.93%, AUC: 0.78
Epoch [14/100] - [TRAIN] Loss: 0.5160, Accuracy: 78.20%, AUC: 0.78 - [VAL] Loss: 0.5137, Accuracy: 77.88%, AUC: 0.78
Epoch [15/100] - [TRAIN] Loss: 0.5151, Accuracy: 78.28%, AUC: 0.78 - [VAL] Loss: 0.5123, Accuracy: 78.05%, AUC: 0.78
Epoch [16/100] - [TRAIN] Loss: 0.5132, Accuracy: 78.43%, AUC: 0.78 - [VAL] Loss: 0.5117, Accuracy: 77.93%, AUC: 0.78
Epoch [17/100] - [TRAIN] Loss: 0.5112, Accuracy: 78.25%, AUC: 0.78 - [VAL] Loss: 0.5108, Accuracy: 77.93%, AUC: 0.78
Epoch [18/100] - [TRAIN] Loss: 0.5104, Accuracy: 78.42%, AUC: 0.78 - [VAL] Loss: 0.5101, Accuracy: 77.97%, AUC: 0.78
Epoch [19/100] - [TRAIN] Loss: 0.5102, Accuracy: 78.29%, AUC: 0.78 - [VAL] Loss: 0.5093, Accuracy: 78.00%, AUC: 0.78
Epoch [20/100] - [TRAIN] Loss: 0.5079, Accuracy: 78.44%, AUC: 0.78 - [VAL] Loss: 0.5091, Accuracy: 77.89%, AUC: 0.78
Epoch [21/100] - [TRAIN] Loss: 0.5080, Accuracy: 78.38%, AUC: 0.78 - [VAL] Loss: 0.5087, Accuracy: 77.90%, AUC: 0.78
Epoch [22/100] - [TRAIN] Loss: 0.5074, Accuracy: 78.40%, AUC: 0.78 - [VAL] Loss: 0.5074, Accuracy: 78.03%, AUC: 0.78
Epoch [23/100] - [TRAIN] Loss: 0.5074, Accuracy: 78.36%, AUC: 0.78 - [VAL] Loss: 0.5072, Accuracy: 77.96%, AUC: 0.78
Epoch [24/100] - [TRAIN] Loss: 0.5062, Accuracy: 78.47%, AUC: 0.78 - [VAL] Loss: 0.5066, Accuracy: 78.04%, AUC: 0.78
New best model saved with validation metric: 24.9827
Epoch [25/100] - [TRAIN] Loss: 0.5057, Accuracy: 78.52%, AUC: 0.78 - [VAL] Loss: 0.5059, Accuracy: 78.23%, AUC: 0.78
New best model saved with validation metric: 25.0043
Epoch [26/100] - [TRAIN] Loss: 0.5046, Accuracy: 78.50%, AUC: 0.78 - [VAL] Loss: 0.5053, Accuracy: 78.30%, AUC: 0.78
New best model saved with validation metric: 25.0173
Epoch [27/100] - [TRAIN] Loss: 0.5043, Accuracy: 78.58%, AUC: 0.78 - [VAL] Loss: 0.5048, Accuracy: 78.34%, AUC: 0.78
Epoch [28/100] - [TRAIN] Loss: 0.5029, Accuracy: 78.69%, AUC: 0.78 - [VAL] Loss: 0.5052, Accuracy: 77.97%, AUC: 0.78
Epoch [29/100] - [TRAIN] Loss: 0.5025, Accuracy: 78.51%, AUC: 0.78 - [VAL] Loss: 0.5041, Accuracy: 78.34%, AUC: 0.78
New best model saved with validation metric: 25.0346
Epoch [30/100] - [TRAIN] Loss: 0.5024, Accuracy: 78.62%, AUC: 0.78 - [VAL] Loss: 0.5035, Accuracy: 78.39%, AUC: 0.78
Epoch [31/100] - [TRAIN] Loss: 0.5007, Accuracy: 78.69%, AUC: 0.78 - [VAL] Loss: 0.5033, Accuracy: 78.38%, AUC: 0.78
Epoch [32/100] - [TRAIN] Loss: 0.5008, Accuracy: 78.82%, AUC: 0.78 - [VAL] Loss: 0.5030, Accuracy: 78.37%, AUC: 0.78
New best model saved with validation metric: 25.0606
Epoch [33/100] - [TRAIN] Loss: 0.4991, Accuracy: 78.82%, AUC: 0.78 - [VAL] Loss: 0.5024, Accuracy: 78.47%, AUC: 0.78
Epoch [34/100] - [TRAIN] Loss: 0.4993, Accuracy: 78.81%, AUC: 0.78 - [VAL] Loss: 0.5023, Accuracy: 78.39%, AUC: 0.78
Epoch [35/100] - [TRAIN] Loss: 0.4990, Accuracy: 78.86%, AUC: 0.78 - [VAL] Loss: 0.5023, Accuracy: 78.22%, AUC: 0.78
Epoch [36/100] - [TRAIN] Loss: 0.4983, Accuracy: 78.67%, AUC: 0.78 - [VAL] Loss: 0.5021, Accuracy: 78.22%, AUC: 0.78
Epoch [37/100] - [TRAIN] Loss: 0.4990, Accuracy: 78.79%, AUC: 0.78 - [VAL] Loss: 0.5014, Accuracy: 78.34%, AUC: 0.78
Epoch [38/100] - [TRAIN] Loss: 0.4966, Accuracy: 78.82%, AUC: 0.78 - [VAL] Loss: 0.5006, Accuracy: 78.47%, AUC: 0.78
Epoch [39/100] - [TRAIN] Loss: 0.4963, Accuracy: 78.88%, AUC: 0.78 - [VAL] Loss: 0.5009, Accuracy: 78.34%, AUC: 0.78
New best model saved with validation metric: 25.1082
Epoch [40/100] - [TRAIN] Loss: 0.4967, Accuracy: 78.79%, AUC: 0.78 - [VAL] Loss: 0.4999, Accuracy: 78.62%, AUC: 0.78
Epoch [41/100] - [TRAIN] Loss: 0.4956, Accuracy: 78.90%, AUC: 0.78 - [VAL] Loss: 0.5000, Accuracy: 78.46%, AUC: 0.78
Epoch [42/100] - [TRAIN] Loss: 0.4957, Accuracy: 78.97%, AUC: 0.78 - [VAL] Loss: 0.4998, Accuracy: 78.45%, AUC: 0.78
Epoch [43/100] - [TRAIN] Loss: 0.4939, Accuracy: 78.98%, AUC: 0.78 - [VAL] Loss: 0.4991, Accuracy: 78.58%, AUC: 0.78
Epoch [44/100] - [TRAIN] Loss: 0.4948, Accuracy: 78.93%, AUC: 0.78 - [VAL] Loss: 0.4991, Accuracy: 78.45%, AUC: 0.78
Epoch [45/100] - [TRAIN] Loss: 0.4930, Accuracy: 79.05%, AUC: 0.78 - [VAL] Loss: 0.4983, Accuracy: 78.55%, AUC: 0.78
Epoch [46/100] - [TRAIN] Loss: 0.4930, Accuracy: 78.90%, AUC: 0.78 - [VAL] Loss: 0.4986, Accuracy: 78.53%, AUC: 0.78
New best model saved with validation metric: 25.1255
Epoch [47/100] - [TRAIN] Loss: 0.4914, Accuracy: 79.09%, AUC: 0.78 - [VAL] Loss: 0.4977, Accuracy: 78.68%, AUC: 0.78
Epoch [48/100] - [TRAIN] Loss: 0.4919, Accuracy: 79.06%, AUC: 0.78 - [VAL] Loss: 0.4980, Accuracy: 78.47%, AUC: 0.78
Epoch [49/100] - [TRAIN] Loss: 0.4916, Accuracy: 79.04%, AUC: 0.78 - [VAL] Loss: 0.4974, Accuracy: 78.57%, AUC: 0.78
Epoch [50/100] - [TRAIN] Loss: 0.4920, Accuracy: 78.98%, AUC: 0.78 - [VAL] Loss: 0.4972, Accuracy: 78.57%, AUC: 0.78
New best model saved with validation metric: 25.1299
Epoch [51/100] - [TRAIN] Loss: 0.4912, Accuracy: 78.98%, AUC: 0.78 - [VAL] Loss: 0.4968, Accuracy: 78.69%, AUC: 0.78
Epoch [52/100] - [TRAIN] Loss: 0.4906, Accuracy: 79.06%, AUC: 0.78 - [VAL] Loss: 0.4966, Accuracy: 78.64%, AUC: 0.78
Epoch [53/100] - [TRAIN] Loss: 0.4887, Accuracy: 79.16%, AUC: 0.78 - [VAL] Loss: 0.4964, Accuracy: 78.66%, AUC: 0.78
Epoch [54/100] - [TRAIN] Loss: 0.4893, Accuracy: 79.16%, AUC: 0.78 - [VAL] Loss: 0.4963, Accuracy: 78.62%, AUC: 0.78
Epoch [55/100] - [TRAIN] Loss: 0.4888, Accuracy: 79.15%, AUC: 0.78 - [VAL] Loss: 0.4961, Accuracy: 78.65%, AUC: 0.78
Epoch [56/100] - [TRAIN] Loss: 0.4891, Accuracy: 79.01%, AUC: 0.78 - [VAL] Loss: 0.4960, Accuracy: 78.64%, AUC: 0.78
New best model saved with validation metric: 25.1342
Epoch [57/100] - [TRAIN] Loss: 0.4874, Accuracy: 79.01%, AUC: 0.78 - [VAL] Loss: 0.4953, Accuracy: 78.70%, AUC: 0.78
Epoch [58/100] - [TRAIN] Loss: 0.4868, Accuracy: 79.15%, AUC: 0.78 - [VAL] Loss: 0.4951, Accuracy: 78.62%, AUC: 0.78
Epoch [59/100] - [TRAIN] Loss: 0.4882, Accuracy: 79.17%, AUC: 0.78 - [VAL] Loss: 0.4962, Accuracy: 78.50%, AUC: 0.78
New best model saved with validation metric: 25.1558
Epoch [60/100] - [TRAIN] Loss: 0.4862, Accuracy: 79.16%, AUC: 0.78 - [VAL] Loss: 0.4947, Accuracy: 78.77%, AUC: 0.78
Epoch [61/100] - [TRAIN] Loss: 0.4867, Accuracy: 79.13%, AUC: 0.78 - [VAL] Loss: 0.4952, Accuracy: 78.69%, AUC: 0.78
Epoch [62/100] - [TRAIN] Loss: 0.4851, Accuracy: 79.12%, AUC: 0.78 - [VAL] Loss: 0.4946, Accuracy: 78.74%, AUC: 0.78
Epoch [63/100] - [TRAIN] Loss: 0.4867, Accuracy: 79.08%, AUC: 0.78 - [VAL] Loss: 0.4943, Accuracy: 78.77%, AUC: 0.78
Epoch [64/100] - [TRAIN] Loss: 0.4855, Accuracy: 79.17%, AUC: 0.78 - [VAL] Loss: 0.4944, Accuracy: 78.74%, AUC: 0.78
Epoch [65/100] - [TRAIN] Loss: 0.4846, Accuracy: 79.13%, AUC: 0.78 - [VAL] Loss: 0.4938, Accuracy: 78.76%, AUC: 0.78
Epoch [66/100] - [TRAIN] Loss: 0.4840, Accuracy: 79.17%, AUC: 0.78 - [VAL] Loss: 0.4944, Accuracy: 78.70%, AUC: 0.78
Epoch [67/100] - [TRAIN] Loss: 0.4834, Accuracy: 79.06%, AUC: 0.78 - [VAL] Loss: 0.4936, Accuracy: 78.76%, AUC: 0.78
New best model saved with validation metric: 25.1905
Epoch [68/100] - [TRAIN] Loss: 0.4830, Accuracy: 79.06%, AUC: 0.78 - [VAL] Loss: 0.4937, Accuracy: 78.88%, AUC: 0.78
Epoch [69/100] - [TRAIN] Loss: 0.4828, Accuracy: 79.34%, AUC: 0.79 - [VAL] Loss: 0.4933, Accuracy: 78.88%, AUC: 0.78
Epoch [70/100] - [TRAIN] Loss: 0.4827, Accuracy: 79.19%, AUC: 0.78 - [VAL] Loss: 0.4933, Accuracy: 78.88%, AUC: 0.78
Epoch [71/100] - [TRAIN] Loss: 0.4849, Accuracy: 79.15%, AUC: 0.78 - [VAL] Loss: 0.4940, Accuracy: 78.76%, AUC: 0.78
Epoch [72/100] - [TRAIN] Loss: 0.4821, Accuracy: 79.36%, AUC: 0.79 - [VAL] Loss: 0.4941, Accuracy: 78.73%, AUC: 0.78
Epoch [73/100] - [TRAIN] Loss: 0.4815, Accuracy: 79.36%, AUC: 0.79 - [VAL] Loss: 0.4952, Accuracy: 78.64%, AUC: 0.78
Epoch [74/100] - [TRAIN] Loss: 0.4819, Accuracy: 79.28%, AUC: 0.79 - [VAL] Loss: 0.4928, Accuracy: 78.80%, AUC: 0.78
Epoch [75/100] - [TRAIN] Loss: 0.4801, Accuracy: 79.36%, AUC: 0.79 - [VAL] Loss: 0.4929, Accuracy: 78.83%, AUC: 0.78
Epoch [76/100] - [TRAIN] Loss: 0.4809, Accuracy: 79.42%, AUC: 0.79 - [VAL] Loss: 0.4929, Accuracy: 78.83%, AUC: 0.78
Epoch [77/100] - [TRAIN] Loss: 0.4810, Accuracy: 79.36%, AUC: 0.78 - [VAL] Loss: 0.4927, Accuracy: 78.85%, AUC: 0.78
Epoch [78/100] - [TRAIN] Loss: 0.4792, Accuracy: 79.17%, AUC: 0.78 - [VAL] Loss: 0.4928, Accuracy: 78.83%, AUC: 0.78
Epoch [79/100] - [TRAIN] Loss: 0.4788, Accuracy: 79.40%, AUC: 0.79 - [VAL] Loss: 0.4926, Accuracy: 78.83%, AUC: 0.78
Epoch [80/100] - [TRAIN] Loss: 0.4780, Accuracy: 79.50%, AUC: 0.79 - [VAL] Loss: 0.4926, Accuracy: 78.83%, AUC: 0.78
Epoch [81/100] - [TRAIN] Loss: 0.4782, Accuracy: 79.52%, AUC: 0.79 - [VAL] Loss: 0.4930, Accuracy: 78.76%, AUC: 0.78
Epoch [82/100] - [TRAIN] Loss: 0.4782, Accuracy: 79.44%, AUC: 0.79 - [VAL] Loss: 0.4927, Accuracy: 78.81%, AUC: 0.78
Epoch [83/100] - [TRAIN] Loss: 0.4774, Accuracy: 79.50%, AUC: 0.79 - [VAL] Loss: 0.4942, Accuracy: 78.76%, AUC: 0.78
Epoch [84/100] - [TRAIN] Loss: 0.4772, Accuracy: 79.40%, AUC: 0.79 - [VAL] Loss: 0.4935, Accuracy: 78.74%, AUC: 0.78
Epoch [85/100] - [TRAIN] Loss: 0.4771, Accuracy: 79.46%, AUC: 0.79 - [VAL] Loss: 0.4928, Accuracy: 78.84%, AUC: 0.78
Epoch [86/100] - [TRAIN] Loss: 0.4771, Accuracy: 79.54%, AUC: 0.79 - [VAL] Loss: 0.4942, Accuracy: 78.76%, AUC: 0.78
Epoch [87/100] - [TRAIN] Loss: 0.4758, Accuracy: 79.56%, AUC: 0.79 - [VAL] Loss: 0.4929, Accuracy: 78.79%, AUC: 0.78
Epoch [88/100] - [TRAIN] Loss: 0.4775, Accuracy: 79.48%, AUC: 0.79 - [VAL] Loss: 0.4937, Accuracy: 78.74%, AUC: 0.78
New best model saved with validation metric: 25.2078
Epoch [89/100] - [TRAIN] Loss: 0.4756, Accuracy: 79.56%, AUC: 0.79 - [VAL] Loss: 0.4921, Accuracy: 78.93%, AUC: 0.78
Epoch [90/100] - [TRAIN] Loss: 0.4753, Accuracy: 79.61%, AUC: 0.79 - [VAL] Loss: 0.4920, Accuracy: 78.91%, AUC: 0.78
Epoch [91/100] - [TRAIN] Loss: 0.4757, Accuracy: 79.66%, AUC: 0.79 - [VAL] Loss: 0.4962, Accuracy: 78.70%, AUC: 0.78
Epoch [92/100] - [TRAIN] Loss: 0.4744, Accuracy: 79.58%, AUC: 0.79 - [VAL] Loss: 0.4919, Accuracy: 78.91%, AUC: 0.78
New best model saved with validation metric: 25.2165
Epoch [93/100] - [TRAIN] Loss: 0.4742, Accuracy: 79.65%, AUC: 0.79 - [VAL] Loss: 0.4919, Accuracy: 78.96%, AUC: 0.78
Epoch [94/100] - [TRAIN] Loss: 0.4741, Accuracy: 79.70%, AUC: 0.79 - [VAL] Loss: 0.4923, Accuracy: 78.84%, AUC: 0.78
Epoch [95/100] - [TRAIN] Loss: 0.4744, Accuracy: 79.74%, AUC: 0.79 - [VAL] Loss: 0.4964, Accuracy: 78.74%, AUC: 0.78
Epoch [96/100] - [TRAIN] Loss: 0.4741, Accuracy: 79.61%, AUC: 0.79 - [VAL] Loss: 0.4926, Accuracy: 78.84%, AUC: 0.78
Epoch [97/100] - [TRAIN] Loss: 0.4726, Accuracy: 79.69%, AUC: 0.79 - [VAL] Loss: 0.4921, Accuracy: 78.93%, AUC: 0.78
Epoch [98/100] - [TRAIN] Loss: 0.4736, Accuracy: 79.73%, AUC: 0.79 - [VAL] Loss: 0.4920, Accuracy: 78.95%, AUC: 0.78
New best model saved with validation metric: 25.2208
Epoch [99/100] - [TRAIN] Loss: 0.4730, Accuracy: 79.73%, AUC: 0.79 - [VAL] Loss: 0.4921, Accuracy: 78.98%, AUC: 0.78
Epoch [100/100] - [TRAIN] Loss: 0.4729, Accuracy: 79.66%, AUC: 0.79 - [VAL] Loss: 0.4925, Accuracy: 78.96%, AUC: 0.78
Training finished!
Accuracy Score on test set: 79.47 %
AUC Score on test set: 0.79
Item: H3K9me3-H3K4me3-H3K27ac-H3K9ac-H3K27me3
Train set shape: (7399, 5, 4000) (7399,)
Validation set shape: (7377, 5, 4000) (7377,)
Test set shape: (7378, 5, 4000) (7378,)
New best model saved with validation metric: 19.4242
Epoch [1/100] - [TRAIN] Loss: 0.6514, Accuracy: 61.66%, AUC: 0.52 - [VAL] Loss: 0.6140, Accuracy: 60.82%, AUC: 0.50
Epoch [2/100] - [TRAIN] Loss: 0.5956, Accuracy: 60.82%, AUC: 0.50 - [VAL] Loss: 0.5755, Accuracy: 60.82%, AUC: 0.50
New best model saved with validation metric: 24.6104
Epoch [3/100] - [TRAIN] Loss: 0.5669, Accuracy: 62.62%, AUC: 0.53 - [VAL] Loss: 0.5523, Accuracy: 77.06%, AUC: 0.75
New best model saved with validation metric: 25.0693
Epoch [4/100] - [TRAIN] Loss: 0.5513, Accuracy: 77.74%, AUC: 0.76 - [VAL] Loss: 0.5409, Accuracy: 78.50%, AUC: 0.77
Epoch [5/100] - [TRAIN] Loss: 0.5422, Accuracy: 78.39%, AUC: 0.77 - [VAL] Loss: 0.5351, Accuracy: 78.45%, AUC: 0.78
New best model saved with validation metric: 25.0736
Epoch [6/100] - [TRAIN] Loss: 0.5373, Accuracy: 78.63%, AUC: 0.78 - [VAL] Loss: 0.5302, Accuracy: 78.51%, AUC: 0.78
Epoch [7/100] - [TRAIN] Loss: 0.5328, Accuracy: 78.42%, AUC: 0.78 - [VAL] Loss: 0.5267, Accuracy: 78.35%, AUC: 0.78
Epoch [8/100] - [TRAIN] Loss: 0.5306, Accuracy: 78.44%, AUC: 0.78 - [VAL] Loss: 0.5249, Accuracy: 78.07%, AUC: 0.78
Epoch [9/100] - [TRAIN] Loss: 0.5275, Accuracy: 78.33%, AUC: 0.78 - [VAL] Loss: 0.5217, Accuracy: 78.09%, AUC: 0.78
Epoch [10/100] - [TRAIN] Loss: 0.5260, Accuracy: 78.42%, AUC: 0.78 - [VAL] Loss: 0.5208, Accuracy: 77.81%, AUC: 0.78
Epoch [11/100] - [TRAIN] Loss: 0.5217, Accuracy: 78.40%, AUC: 0.78 - [VAL] Loss: 0.5172, Accuracy: 78.00%, AUC: 0.78
Epoch [12/100] - [TRAIN] Loss: 0.5191, Accuracy: 78.38%, AUC: 0.78 - [VAL] Loss: 0.5153, Accuracy: 77.99%, AUC: 0.78
Epoch [13/100] - [TRAIN] Loss: 0.5171, Accuracy: 78.29%, AUC: 0.78 - [VAL] Loss: 0.5147, Accuracy: 77.67%, AUC: 0.78
Epoch [14/100] - [TRAIN] Loss: 0.5154, Accuracy: 78.21%, AUC: 0.78 - [VAL] Loss: 0.5134, Accuracy: 77.57%, AUC: 0.78
Epoch [15/100] - [TRAIN] Loss: 0.5162, Accuracy: 78.16%, AUC: 0.78 - [VAL] Loss: 0.5123, Accuracy: 77.55%, AUC: 0.78
Epoch [16/100] - [TRAIN] Loss: 0.5136, Accuracy: 78.21%, AUC: 0.78 - [VAL] Loss: 0.5105, Accuracy: 77.77%, AUC: 0.78
Epoch [17/100] - [TRAIN] Loss: 0.5126, Accuracy: 78.23%, AUC: 0.78 - [VAL] Loss: 0.5098, Accuracy: 77.73%, AUC: 0.78
Epoch [18/100] - [TRAIN] Loss: 0.5096, Accuracy: 78.29%, AUC: 0.78 - [VAL] Loss: 0.5092, Accuracy: 77.74%, AUC: 0.78
Epoch [19/100] - [TRAIN] Loss: 0.5091, Accuracy: 78.32%, AUC: 0.78 - [VAL] Loss: 0.5076, Accuracy: 78.08%, AUC: 0.78
Epoch [20/100] - [TRAIN] Loss: 0.5085, Accuracy: 78.38%, AUC: 0.78 - [VAL] Loss: 0.5072, Accuracy: 77.88%, AUC: 0.78
Epoch [21/100] - [TRAIN] Loss: 0.5075, Accuracy: 78.32%, AUC: 0.78 - [VAL] Loss: 0.5063, Accuracy: 78.05%, AUC: 0.78
Epoch [22/100] - [TRAIN] Loss: 0.5069, Accuracy: 78.40%, AUC: 0.78 - [VAL] Loss: 0.5062, Accuracy: 77.96%, AUC: 0.78
Epoch [23/100] - [TRAIN] Loss: 0.5049, Accuracy: 78.47%, AUC: 0.78 - [VAL] Loss: 0.5047, Accuracy: 78.30%, AUC: 0.78
Epoch [24/100] - [TRAIN] Loss: 0.5033, Accuracy: 78.52%, AUC: 0.78 - [VAL] Loss: 0.5055, Accuracy: 77.92%, AUC: 0.78
Epoch [25/100] - [TRAIN] Loss: 0.5034, Accuracy: 78.38%, AUC: 0.78 - [VAL] Loss: 0.5035, Accuracy: 78.41%, AUC: 0.78
Epoch [26/100] - [TRAIN] Loss: 0.5016, Accuracy: 78.61%, AUC: 0.78 - [VAL] Loss: 0.5034, Accuracy: 78.20%, AUC: 0.78
Epoch [27/100] - [TRAIN] Loss: 0.5036, Accuracy: 78.55%, AUC: 0.78 - [VAL] Loss: 0.5036, Accuracy: 78.11%, AUC: 0.78
Epoch [28/100] - [TRAIN] Loss: 0.5007, Accuracy: 78.54%, AUC: 0.78 - [VAL] Loss: 0.5020, Accuracy: 78.41%, AUC: 0.78
Epoch [29/100] - [TRAIN] Loss: 0.5000, Accuracy: 78.59%, AUC: 0.78 - [VAL] Loss: 0.5023, Accuracy: 78.20%, AUC: 0.78
Epoch [30/100] - [TRAIN] Loss: 0.4992, Accuracy: 78.67%, AUC: 0.78 - [VAL] Loss: 0.5020, Accuracy: 78.27%, AUC: 0.78
New best model saved with validation metric: 25.0909
Epoch [31/100] - [TRAIN] Loss: 0.4987, Accuracy: 78.55%, AUC: 0.78 - [VAL] Loss: 0.5003, Accuracy: 78.57%, AUC: 0.78
Epoch [32/100] - [TRAIN] Loss: 0.4983, Accuracy: 78.74%, AUC: 0.78 - [VAL] Loss: 0.5008, Accuracy: 78.42%, AUC: 0.78
Epoch [33/100] - [TRAIN] Loss: 0.4982, Accuracy: 78.73%, AUC: 0.78 - [VAL] Loss: 0.5000, Accuracy: 78.50%, AUC: 0.78
Epoch [34/100] - [TRAIN] Loss: 0.4978, Accuracy: 78.81%, AUC: 0.78 - [VAL] Loss: 0.5001, Accuracy: 78.45%, AUC: 0.78
Epoch [35/100] - [TRAIN] Loss: 0.4954, Accuracy: 78.77%, AUC: 0.78 - [VAL] Loss: 0.4996, Accuracy: 78.47%, AUC: 0.78
Epoch [36/100] - [TRAIN] Loss: 0.4949, Accuracy: 78.94%, AUC: 0.78 - [VAL] Loss: 0.4989, Accuracy: 78.46%, AUC: 0.78
Epoch [37/100] - [TRAIN] Loss: 0.4947, Accuracy: 78.83%, AUC: 0.78 - [VAL] Loss: 0.4984, Accuracy: 78.49%, AUC: 0.78
Epoch [38/100] - [TRAIN] Loss: 0.4935, Accuracy: 78.88%, AUC: 0.78 - [VAL] Loss: 0.4980, Accuracy: 78.51%, AUC: 0.78
New best model saved with validation metric: 25.1126
Epoch [39/100] - [TRAIN] Loss: 0.4936, Accuracy: 78.88%, AUC: 0.78 - [VAL] Loss: 0.4972, Accuracy: 78.64%, AUC: 0.78
Epoch [40/100] - [TRAIN] Loss: 0.4927, Accuracy: 78.97%, AUC: 0.78 - [VAL] Loss: 0.4968, Accuracy: 78.64%, AUC: 0.78
Epoch [41/100] - [TRAIN] Loss: 0.4941, Accuracy: 78.96%, AUC: 0.78 - [VAL] Loss: 0.4976, Accuracy: 78.42%, AUC: 0.78
Epoch [42/100] - [TRAIN] Loss: 0.4913, Accuracy: 78.85%, AUC: 0.78 - [VAL] Loss: 0.4965, Accuracy: 78.64%, AUC: 0.78
Epoch [43/100] - [TRAIN] Loss: 0.4914, Accuracy: 78.96%, AUC: 0.78 - [VAL] Loss: 0.4965, Accuracy: 78.60%, AUC: 0.78
New best model saved with validation metric: 25.1558
Epoch [44/100] - [TRAIN] Loss: 0.4919, Accuracy: 78.92%, AUC: 0.78 - [VAL] Loss: 0.4956, Accuracy: 78.77%, AUC: 0.78
Epoch [45/100] - [TRAIN] Loss: 0.4893, Accuracy: 78.86%, AUC: 0.78 - [VAL] Loss: 0.4955, Accuracy: 78.73%, AUC: 0.78
Epoch [46/100] - [TRAIN] Loss: 0.4902, Accuracy: 79.04%, AUC: 0.78 - [VAL] Loss: 0.4956, Accuracy: 78.68%, AUC: 0.78
Epoch [47/100] - [TRAIN] Loss: 0.4904, Accuracy: 79.01%, AUC: 0.78 - [VAL] Loss: 0.4951, Accuracy: 78.74%, AUC: 0.78
Epoch [48/100] - [TRAIN] Loss: 0.4883, Accuracy: 79.01%, AUC: 0.78 - [VAL] Loss: 0.4949, Accuracy: 78.76%, AUC: 0.78
Epoch [49/100] - [TRAIN] Loss: 0.4893, Accuracy: 78.98%, AUC: 0.78 - [VAL] Loss: 0.4960, Accuracy: 78.68%, AUC: 0.78
Epoch [50/100] - [TRAIN] Loss: 0.4875, Accuracy: 79.11%, AUC: 0.78 - [VAL] Loss: 0.4946, Accuracy: 78.76%, AUC: 0.78
Epoch [51/100] - [TRAIN] Loss: 0.4859, Accuracy: 79.06%, AUC: 0.78 - [VAL] Loss: 0.4943, Accuracy: 78.72%, AUC: 0.78
Epoch [52/100] - [TRAIN] Loss: 0.4859, Accuracy: 79.08%, AUC: 0.78 - [VAL] Loss: 0.4952, Accuracy: 78.64%, AUC: 0.78
Epoch [53/100] - [TRAIN] Loss: 0.4859, Accuracy: 78.98%, AUC: 0.78 - [VAL] Loss: 0.4951, Accuracy: 78.70%, AUC: 0.78
New best model saved with validation metric: 25.1688
Epoch [54/100] - [TRAIN] Loss: 0.4851, Accuracy: 79.04%, AUC: 0.78 - [VAL] Loss: 0.4937, Accuracy: 78.81%, AUC: 0.78
Epoch [55/100] - [TRAIN] Loss: 0.4864, Accuracy: 79.08%, AUC: 0.78 - [VAL] Loss: 0.4936, Accuracy: 78.79%, AUC: 0.78
Epoch [56/100] - [TRAIN] Loss: 0.4832, Accuracy: 79.08%, AUC: 0.78 - [VAL] Loss: 0.4960, Accuracy: 78.60%, AUC: 0.78
Epoch [57/100] - [TRAIN] Loss: 0.4853, Accuracy: 79.01%, AUC: 0.78 - [VAL] Loss: 0.4939, Accuracy: 78.73%, AUC: 0.78
Epoch [58/100] - [TRAIN] Loss: 0.4835, Accuracy: 79.11%, AUC: 0.78 - [VAL] Loss: 0.4937, Accuracy: 78.74%, AUC: 0.78
New best model saved with validation metric: 25.1818
Epoch [59/100] - [TRAIN] Loss: 0.4830, Accuracy: 79.15%, AUC: 0.78 - [VAL] Loss: 0.4929, Accuracy: 78.85%, AUC: 0.78
Epoch [60/100] - [TRAIN] Loss: 0.4825, Accuracy: 79.17%, AUC: 0.78 - [VAL] Loss: 0.4941, Accuracy: 78.72%, AUC: 0.78
Epoch [61/100] - [TRAIN] Loss: 0.4837, Accuracy: 79.09%, AUC: 0.78 - [VAL] Loss: 0.4932, Accuracy: 78.83%, AUC: 0.78
Epoch [62/100] - [TRAIN] Loss: 0.4813, Accuracy: 79.11%, AUC: 0.78 - [VAL] Loss: 0.4933, Accuracy: 78.81%, AUC: 0.78
New best model saved with validation metric: 25.1991
Epoch [63/100] - [TRAIN] Loss: 0.4824, Accuracy: 79.23%, AUC: 0.78 - [VAL] Loss: 0.4926, Accuracy: 78.91%, AUC: 0.78
Epoch [64/100] - [TRAIN] Loss: 0.4819, Accuracy: 79.21%, AUC: 0.78 - [VAL] Loss: 0.4962, Accuracy: 78.70%, AUC: 0.78
Epoch [65/100] - [TRAIN] Loss: 0.4810, Accuracy: 79.13%, AUC: 0.78 - [VAL] Loss: 0.4931, Accuracy: 78.80%, AUC: 0.78
Epoch [66/100] - [TRAIN] Loss: 0.4799, Accuracy: 79.34%, AUC: 0.79 - [VAL] Loss: 0.4938, Accuracy: 78.77%, AUC: 0.78
Epoch [67/100] - [TRAIN] Loss: 0.4815, Accuracy: 79.32%, AUC: 0.79 - [VAL] Loss: 0.4936, Accuracy: 78.80%, AUC: 0.78
New best model saved with validation metric: 25.2165
Epoch [68/100] - [TRAIN] Loss: 0.4808, Accuracy: 79.36%, AUC: 0.79 - [VAL] Loss: 0.4924, Accuracy: 78.96%, AUC: 0.78
Epoch [69/100] - [TRAIN] Loss: 0.4787, Accuracy: 79.34%, AUC: 0.79 - [VAL] Loss: 0.4931, Accuracy: 78.80%, AUC: 0.78
Epoch [70/100] - [TRAIN] Loss: 0.4794, Accuracy: 79.29%, AUC: 0.79 - [VAL] Loss: 0.4934, Accuracy: 78.80%, AUC: 0.78
Epoch [71/100] - [TRAIN] Loss: 0.4788, Accuracy: 79.31%, AUC: 0.79 - [VAL] Loss: 0.4924, Accuracy: 78.95%, AUC: 0.78
Epoch [72/100] - [TRAIN] Loss: 0.4776, Accuracy: 79.34%, AUC: 0.79 - [VAL] Loss: 0.4932, Accuracy: 78.77%, AUC: 0.78
Epoch [73/100] - [TRAIN] Loss: 0.4772, Accuracy: 79.48%, AUC: 0.79 - [VAL] Loss: 0.4938, Accuracy: 78.73%, AUC: 0.78
Epoch [74/100] - [TRAIN] Loss: 0.4774, Accuracy: 79.42%, AUC: 0.79 - [VAL] Loss: 0.4935, Accuracy: 78.81%, AUC: 0.78
Epoch [75/100] - [TRAIN] Loss: 0.4764, Accuracy: 79.46%, AUC: 0.79 - [VAL] Loss: 0.4941, Accuracy: 78.74%, AUC: 0.78
Epoch [76/100] - [TRAIN] Loss: 0.4772, Accuracy: 79.52%, AUC: 0.79 - [VAL] Loss: 0.4955, Accuracy: 78.65%, AUC: 0.78
Epoch [77/100] - [TRAIN] Loss: 0.4764, Accuracy: 79.36%, AUC: 0.79 - [VAL] Loss: 0.4932, Accuracy: 78.80%, AUC: 0.78
New best model saved with validation metric: 25.2381
Epoch [78/100] - [TRAIN] Loss: 0.4756, Accuracy: 79.46%, AUC: 0.79 - [VAL] Loss: 0.4925, Accuracy: 79.03%, AUC: 0.78
Epoch [79/100] - [TRAIN] Loss: 0.4759, Accuracy: 79.52%, AUC: 0.79 - [VAL] Loss: 0.4940, Accuracy: 78.70%, AUC: 0.78
Epoch [80/100] - [TRAIN] Loss: 0.4756, Accuracy: 79.48%, AUC: 0.79 - [VAL] Loss: 0.4927, Accuracy: 78.99%, AUC: 0.78
Epoch [81/100] - [TRAIN] Loss: 0.4757, Accuracy: 79.56%, AUC: 0.79 - [VAL] Loss: 0.4925, Accuracy: 79.03%, AUC: 0.78
Epoch [82/100] - [TRAIN] Loss: 0.4766, Accuracy: 79.52%, AUC: 0.79 - [VAL] Loss: 0.4943, Accuracy: 78.87%, AUC: 0.78
Epoch [83/100] - [TRAIN] Loss: 0.4753, Accuracy: 79.52%, AUC: 0.79 - [VAL] Loss: 0.4937, Accuracy: 78.81%, AUC: 0.78
Epoch [84/100] - [TRAIN] Loss: 0.4752, Accuracy: 79.48%, AUC: 0.79 - [VAL] Loss: 0.4926, Accuracy: 78.96%, AUC: 0.78
New best model saved with validation metric: 25.2641
Epoch [85/100] - [TRAIN] Loss: 0.4753, Accuracy: 79.61%, AUC: 0.79 - [VAL] Loss: 0.4934, Accuracy: 79.11%, AUC: 0.78
Epoch [86/100] - [TRAIN] Loss: 0.4736, Accuracy: 79.59%, AUC: 0.79 - [VAL] Loss: 0.4946, Accuracy: 78.73%, AUC: 0.78
Epoch [87/100] - [TRAIN] Loss: 0.4752, Accuracy: 79.48%, AUC: 0.79 - [VAL] Loss: 0.4928, Accuracy: 78.89%, AUC: 0.78
Epoch [88/100] - [TRAIN] Loss: 0.4728, Accuracy: 79.62%, AUC: 0.79 - [VAL] Loss: 0.4930, Accuracy: 78.89%, AUC: 0.78
Epoch [89/100] - [TRAIN] Loss: 0.4714, Accuracy: 79.63%, AUC: 0.79 - [VAL] Loss: 0.4929, Accuracy: 79.06%, AUC: 0.78
Epoch [90/100] - [TRAIN] Loss: 0.4717, Accuracy: 79.66%, AUC: 0.79 - [VAL] Loss: 0.4943, Accuracy: 79.04%, AUC: 0.78
Epoch [91/100] - [TRAIN] Loss: 0.4712, Accuracy: 79.55%, AUC: 0.79 - [VAL] Loss: 0.4930, Accuracy: 78.95%, AUC: 0.78
Epoch [92/100] - [TRAIN] Loss: 0.4730, Accuracy: 79.63%, AUC: 0.79 - [VAL] Loss: 0.4954, Accuracy: 78.70%, AUC: 0.78
Epoch [93/100] - [TRAIN] Loss: 0.4725, Accuracy: 79.71%, AUC: 0.79 - [VAL] Loss: 0.4949, Accuracy: 78.88%, AUC: 0.78
New best model saved with validation metric: 25.2684
Epoch [94/100] - [TRAIN] Loss: 0.4720, Accuracy: 79.59%, AUC: 0.79 - [VAL] Loss: 0.4931, Accuracy: 79.12%, AUC: 0.78
Epoch [95/100] - [TRAIN] Loss: 0.4706, Accuracy: 79.69%, AUC: 0.79 - [VAL] Loss: 0.4933, Accuracy: 78.88%, AUC: 0.78
Epoch [96/100] - [TRAIN] Loss: 0.4702, Accuracy: 79.69%, AUC: 0.79 - [VAL] Loss: 0.4938, Accuracy: 78.96%, AUC: 0.78
Epoch [97/100] - [TRAIN] Loss: 0.4694, Accuracy: 79.67%, AUC: 0.79 - [VAL] Loss: 0.4965, Accuracy: 78.60%, AUC: 0.78
Epoch [98/100] - [TRAIN] Loss: 0.4693, Accuracy: 79.73%, AUC: 0.79 - [VAL] Loss: 0.4955, Accuracy: 78.74%, AUC: 0.78
Epoch [99/100] - [TRAIN] Loss: 0.4694, Accuracy: 79.66%, AUC: 0.79 - [VAL] Loss: 0.4944, Accuracy: 78.84%, AUC: 0.78
Epoch [100/100] - [TRAIN] Loss: 0.4702, Accuracy: 79.79%, AUC: 0.79 - [VAL] Loss: 0.4959, Accuracy: 78.81%, AUC: 0.78
Training finished!
Accuracy Score on test set: 79.32 %
AUC Score on test set: 0.79
Item: H3K9me3-H3K4me3-H3K27ac-H3K27me3-H3K9ac
Train set shape: (7399, 5, 4000) (7399,)
Validation set shape: (7377, 5, 4000) (7377,)
Test set shape: (7378, 5, 4000) (7378,)
New best model saved with validation metric: 19.4242
Epoch [1/100] - [TRAIN] Loss: 0.6576, Accuracy: 60.78%, AUC: 0.50 - [VAL] Loss: 0.6280, Accuracy: 60.82%, AUC: 0.50
Epoch [2/100] - [TRAIN] Loss: 0.6098, Accuracy: 60.82%, AUC: 0.50 - [VAL] Loss: 0.5894, Accuracy: 60.82%, AUC: 0.50
Epoch [3/100] - [TRAIN] Loss: 0.5786, Accuracy: 60.83%, AUC: 0.50 - [VAL] Loss: 0.5622, Accuracy: 60.82%, AUC: 0.50
New best model saved with validation metric: 24.8831
Epoch [4/100] - [TRAIN] Loss: 0.5560, Accuracy: 72.85%, AUC: 0.68 - [VAL] Loss: 0.5430, Accuracy: 77.92%, AUC: 0.77
New best model saved with validation metric: 24.9091
Epoch [5/100] - [TRAIN] Loss: 0.5410, Accuracy: 78.19%, AUC: 0.77 - [VAL] Loss: 0.5321, Accuracy: 78.00%, AUC: 0.77
New best model saved with validation metric: 24.9394
Epoch [6/100] - [TRAIN] Loss: 0.5309, Accuracy: 78.15%, AUC: 0.77 - [VAL] Loss: 0.5245, Accuracy: 78.09%, AUC: 0.78
Epoch [7/100] - [TRAIN] Loss: 0.5269, Accuracy: 78.19%, AUC: 0.78 - [VAL] Loss: 0.5211, Accuracy: 77.86%, AUC: 0.78
Epoch [8/100] - [TRAIN] Loss: 0.5219, Accuracy: 77.94%, AUC: 0.77 - [VAL] Loss: 0.5171, Accuracy: 77.99%, AUC: 0.78
Epoch [9/100] - [TRAIN] Loss: 0.5188, Accuracy: 77.85%, AUC: 0.77 - [VAL] Loss: 0.5147, Accuracy: 77.85%, AUC: 0.78
Epoch [10/100] - [TRAIN] Loss: 0.5161, Accuracy: 77.92%, AUC: 0.77 - [VAL] Loss: 0.5125, Accuracy: 78.05%, AUC: 0.78
Epoch [11/100] - [TRAIN] Loss: 0.5132, Accuracy: 78.13%, AUC: 0.78 - [VAL] Loss: 0.5110, Accuracy: 77.78%, AUC: 0.78
Epoch [12/100] - [TRAIN] Loss: 0.5118, Accuracy: 78.23%, AUC: 0.78 - [VAL] Loss: 0.5100, Accuracy: 77.62%, AUC: 0.78
Epoch [13/100] - [TRAIN] Loss: 0.5093, Accuracy: 78.08%, AUC: 0.78 - [VAL] Loss: 0.5085, Accuracy: 77.74%, AUC: 0.78
Epoch [14/100] - [TRAIN] Loss: 0.5107, Accuracy: 78.19%, AUC: 0.78 - [VAL] Loss: 0.5073, Accuracy: 77.89%, AUC: 0.78
Epoch [15/100] - [TRAIN] Loss: 0.5097, Accuracy: 78.29%, AUC: 0.78 - [VAL] Loss: 0.5062, Accuracy: 78.05%, AUC: 0.78
Epoch [16/100] - [TRAIN] Loss: 0.5057, Accuracy: 78.31%, AUC: 0.78 - [VAL] Loss: 0.5055, Accuracy: 78.09%, AUC: 0.78
New best model saved with validation metric: 25.0390
Epoch [17/100] - [TRAIN] Loss: 0.5065, Accuracy: 78.25%, AUC: 0.78 - [VAL] Loss: 0.5046, Accuracy: 78.41%, AUC: 0.78
Epoch [18/100] - [TRAIN] Loss: 0.5048, Accuracy: 78.40%, AUC: 0.78 - [VAL] Loss: 0.5041, Accuracy: 78.28%, AUC: 0.78
New best model saved with validation metric: 25.0996
Epoch [19/100] - [TRAIN] Loss: 0.5027, Accuracy: 78.48%, AUC: 0.78 - [VAL] Loss: 0.5033, Accuracy: 78.60%, AUC: 0.78
Epoch [20/100] - [TRAIN] Loss: 0.5040, Accuracy: 78.39%, AUC: 0.78 - [VAL] Loss: 0.5029, Accuracy: 78.41%, AUC: 0.78
Epoch [21/100] - [TRAIN] Loss: 0.5018, Accuracy: 78.46%, AUC: 0.78 - [VAL] Loss: 0.5024, Accuracy: 78.42%, AUC: 0.78
Epoch [22/100] - [TRAIN] Loss: 0.5040, Accuracy: 78.59%, AUC: 0.78 - [VAL] Loss: 0.5029, Accuracy: 78.26%, AUC: 0.78
Epoch [23/100] - [TRAIN] Loss: 0.5006, Accuracy: 78.50%, AUC: 0.78 - [VAL] Loss: 0.5015, Accuracy: 78.46%, AUC: 0.78
Epoch [24/100] - [TRAIN] Loss: 0.5011, Accuracy: 78.63%, AUC: 0.78 - [VAL] Loss: 0.5009, Accuracy: 78.55%, AUC: 0.78
Epoch [25/100] - [TRAIN] Loss: 0.4987, Accuracy: 78.55%, AUC: 0.78 - [VAL] Loss: 0.5008, Accuracy: 78.42%, AUC: 0.78
Epoch [26/100] - [TRAIN] Loss: 0.4991, Accuracy: 78.69%, AUC: 0.78 - [VAL] Loss: 0.5019, Accuracy: 78.35%, AUC: 0.78
New best model saved with validation metric: 25.1212
Epoch [27/100] - [TRAIN] Loss: 0.4990, Accuracy: 78.63%, AUC: 0.78 - [VAL] Loss: 0.4996, Accuracy: 78.66%, AUC: 0.78
Epoch [28/100] - [TRAIN] Loss: 0.4982, Accuracy: 78.75%, AUC: 0.78 - [VAL] Loss: 0.4997, Accuracy: 78.43%, AUC: 0.78
Epoch [29/100] - [TRAIN] Loss: 0.4968, Accuracy: 78.62%, AUC: 0.78 - [VAL] Loss: 0.4991, Accuracy: 78.45%, AUC: 0.78
Epoch [30/100] - [TRAIN] Loss: 0.4976, Accuracy: 78.85%, AUC: 0.78 - [VAL] Loss: 0.4989, Accuracy: 78.47%, AUC: 0.78
Epoch [31/100] - [TRAIN] Loss: 0.4977, Accuracy: 78.83%, AUC: 0.78 - [VAL] Loss: 0.4983, Accuracy: 78.64%, AUC: 0.78
Epoch [32/100] - [TRAIN] Loss: 0.4964, Accuracy: 78.85%, AUC: 0.78 - [VAL] Loss: 0.4981, Accuracy: 78.53%, AUC: 0.78
Epoch [33/100] - [TRAIN] Loss: 0.4950, Accuracy: 78.82%, AUC: 0.78 - [VAL] Loss: 0.4978, Accuracy: 78.47%, AUC: 0.78
New best model saved with validation metric: 25.1429
Epoch [34/100] - [TRAIN] Loss: 0.4961, Accuracy: 78.86%, AUC: 0.78 - [VAL] Loss: 0.4973, Accuracy: 78.73%, AUC: 0.78
Epoch [35/100] - [TRAIN] Loss: 0.4931, Accuracy: 78.86%, AUC: 0.78 - [VAL] Loss: 0.4971, Accuracy: 78.69%, AUC: 0.78
Epoch [36/100] - [TRAIN] Loss: 0.4929, Accuracy: 78.96%, AUC: 0.78 - [VAL] Loss: 0.4971, Accuracy: 78.50%, AUC: 0.78
Epoch [37/100] - [TRAIN] Loss: 0.4921, Accuracy: 78.96%, AUC: 0.78 - [VAL] Loss: 0.4978, Accuracy: 78.28%, AUC: 0.78
Epoch [38/100] - [TRAIN] Loss: 0.4922, Accuracy: 78.88%, AUC: 0.78 - [VAL] Loss: 0.4965, Accuracy: 78.65%, AUC: 0.78
Epoch [39/100] - [TRAIN] Loss: 0.4911, Accuracy: 79.02%, AUC: 0.78 - [VAL] Loss: 0.4971, Accuracy: 78.37%, AUC: 0.78
Epoch [40/100] - [TRAIN] Loss: 0.4910, Accuracy: 78.77%, AUC: 0.78 - [VAL] Loss: 0.4961, Accuracy: 78.64%, AUC: 0.78
Epoch [41/100] - [TRAIN] Loss: 0.4910, Accuracy: 79.02%, AUC: 0.78 - [VAL] Loss: 0.4961, Accuracy: 78.55%, AUC: 0.78
New best model saved with validation metric: 25.1645
Epoch [42/100] - [TRAIN] Loss: 0.4911, Accuracy: 79.00%, AUC: 0.78 - [VAL] Loss: 0.4952, Accuracy: 78.80%, AUC: 0.78
Epoch [43/100] - [TRAIN] Loss: 0.4907, Accuracy: 79.11%, AUC: 0.78 - [VAL] Loss: 0.4951, Accuracy: 78.70%, AUC: 0.78
New best model saved with validation metric: 25.1775
Epoch [44/100] - [TRAIN] Loss: 0.4906, Accuracy: 78.90%, AUC: 0.78 - [VAL] Loss: 0.4948, Accuracy: 78.84%, AUC: 0.78
Epoch [45/100] - [TRAIN] Loss: 0.4909, Accuracy: 79.04%, AUC: 0.78 - [VAL] Loss: 0.4950, Accuracy: 78.66%, AUC: 0.78
Epoch [46/100] - [TRAIN] Loss: 0.4900, Accuracy: 78.92%, AUC: 0.78 - [VAL] Loss: 0.4950, Accuracy: 78.68%, AUC: 0.78
Epoch [47/100] - [TRAIN] Loss: 0.4874, Accuracy: 78.96%, AUC: 0.78 - [VAL] Loss: 0.4943, Accuracy: 78.77%, AUC: 0.78
Epoch [48/100] - [TRAIN] Loss: 0.4878, Accuracy: 79.01%, AUC: 0.78 - [VAL] Loss: 0.4946, Accuracy: 78.69%, AUC: 0.78
Epoch [49/100] - [TRAIN] Loss: 0.4884, Accuracy: 78.98%, AUC: 0.78 - [VAL] Loss: 0.4939, Accuracy: 78.80%, AUC: 0.78
New best model saved with validation metric: 25.1818
Epoch [50/100] - [TRAIN] Loss: 0.4873, Accuracy: 79.04%, AUC: 0.78 - [VAL] Loss: 0.4937, Accuracy: 78.85%, AUC: 0.78
Epoch [51/100] - [TRAIN] Loss: 0.4874, Accuracy: 79.06%, AUC: 0.78 - [VAL] Loss: 0.4955, Accuracy: 78.55%, AUC: 0.78
Epoch [52/100] - [TRAIN] Loss: 0.4877, Accuracy: 79.15%, AUC: 0.78 - [VAL] Loss: 0.4937, Accuracy: 78.73%, AUC: 0.78
Epoch [53/100] - [TRAIN] Loss: 0.4854, Accuracy: 79.06%, AUC: 0.78 - [VAL] Loss: 0.4935, Accuracy: 78.74%, AUC: 0.78
Epoch [54/100] - [TRAIN] Loss: 0.4848, Accuracy: 79.17%, AUC: 0.78 - [VAL] Loss: 0.4930, Accuracy: 78.84%, AUC: 0.78
New best model saved with validation metric: 25.1991
Epoch [55/100] - [TRAIN] Loss: 0.4869, Accuracy: 79.23%, AUC: 0.78 - [VAL] Loss: 0.4931, Accuracy: 78.91%, AUC: 0.78
Epoch [56/100] - [TRAIN] Loss: 0.4852, Accuracy: 79.17%, AUC: 0.78 - [VAL] Loss: 0.4928, Accuracy: 78.84%, AUC: 0.78
Epoch [57/100] - [TRAIN] Loss: 0.4840, Accuracy: 79.15%, AUC: 0.78 - [VAL] Loss: 0.4932, Accuracy: 78.70%, AUC: 0.78
Epoch [58/100] - [TRAIN] Loss: 0.4840, Accuracy: 79.06%, AUC: 0.78 - [VAL] Loss: 0.4928, Accuracy: 78.76%, AUC: 0.78
Epoch [59/100] - [TRAIN] Loss: 0.4842, Accuracy: 79.23%, AUC: 0.78 - [VAL] Loss: 0.4929, Accuracy: 78.74%, AUC: 0.78
Epoch [60/100] - [TRAIN] Loss: 0.4828, Accuracy: 79.21%, AUC: 0.78 - [VAL] Loss: 0.4931, Accuracy: 78.76%, AUC: 0.78
Epoch [61/100] - [TRAIN] Loss: 0.4823, Accuracy: 79.24%, AUC: 0.79 - [VAL] Loss: 0.4924, Accuracy: 78.87%, AUC: 0.78
Epoch [62/100] - [TRAIN] Loss: 0.4840, Accuracy: 79.29%, AUC: 0.79 - [VAL] Loss: 0.4927, Accuracy: 78.74%, AUC: 0.78
Epoch [63/100] - [TRAIN] Loss: 0.4815, Accuracy: 79.34%, AUC: 0.79 - [VAL] Loss: 0.4930, Accuracy: 78.72%, AUC: 0.78
Epoch [64/100] - [TRAIN] Loss: 0.4824, Accuracy: 79.29%, AUC: 0.79 - [VAL] Loss: 0.4926, Accuracy: 78.77%, AUC: 0.78
New best model saved with validation metric: 25.2035
Epoch [65/100] - [TRAIN] Loss: 0.4806, Accuracy: 79.27%, AUC: 0.79 - [VAL] Loss: 0.4921, Accuracy: 78.92%, AUC: 0.78
Epoch [66/100] - [TRAIN] Loss: 0.4809, Accuracy: 79.28%, AUC: 0.79 - [VAL] Loss: 0.4938, Accuracy: 78.61%, AUC: 0.78
Epoch [67/100] - [TRAIN] Loss: 0.4805, Accuracy: 79.31%, AUC: 0.79 - [VAL] Loss: 0.4931, Accuracy: 78.70%, AUC: 0.78
Epoch [68/100] - [TRAIN] Loss: 0.4812, Accuracy: 79.42%, AUC: 0.79 - [VAL] Loss: 0.4920, Accuracy: 78.92%, AUC: 0.78
Epoch [69/100] - [TRAIN] Loss: 0.4804, Accuracy: 79.38%, AUC: 0.79 - [VAL] Loss: 0.4923, Accuracy: 78.76%, AUC: 0.78
Epoch [70/100] - [TRAIN] Loss: 0.4795, Accuracy: 79.50%, AUC: 0.79 - [VAL] Loss: 0.4932, Accuracy: 78.65%, AUC: 0.78
Epoch [71/100] - [TRAIN] Loss: 0.4810, Accuracy: 79.46%, AUC: 0.79 - [VAL] Loss: 0.4948, Accuracy: 78.70%, AUC: 0.78
Epoch [72/100] - [TRAIN] Loss: 0.4785, Accuracy: 79.32%, AUC: 0.79 - [VAL] Loss: 0.4947, Accuracy: 78.65%, AUC: 0.78
Epoch [73/100] - [TRAIN] Loss: 0.4787, Accuracy: 79.42%, AUC: 0.79 - [VAL] Loss: 0.4931, Accuracy: 78.70%, AUC: 0.78
New best model saved with validation metric: 25.2078
Epoch [74/100] - [TRAIN] Loss: 0.4797, Accuracy: 79.35%, AUC: 0.79 - [VAL] Loss: 0.4919, Accuracy: 78.93%, AUC: 0.78
New best model saved with validation metric: 25.2468
Epoch [75/100] - [TRAIN] Loss: 0.4785, Accuracy: 79.44%, AUC: 0.79 - [VAL] Loss: 0.4924, Accuracy: 79.06%, AUC: 0.78
Epoch [76/100] - [TRAIN] Loss: 0.4772, Accuracy: 79.66%, AUC: 0.79 - [VAL] Loss: 0.4926, Accuracy: 78.80%, AUC: 0.78
Epoch [77/100] - [TRAIN] Loss: 0.4784, Accuracy: 79.59%, AUC: 0.79 - [VAL] Loss: 0.4921, Accuracy: 78.88%, AUC: 0.78
New best model saved with validation metric: 25.2727
Epoch [78/100] - [TRAIN] Loss: 0.4774, Accuracy: 79.65%, AUC: 0.79 - [VAL] Loss: 0.4919, Accuracy: 79.14%, AUC: 0.78
Epoch [79/100] - [TRAIN] Loss: 0.4774, Accuracy: 79.62%, AUC: 0.79 - [VAL] Loss: 0.4919, Accuracy: 79.03%, AUC: 0.78
Epoch [80/100] - [TRAIN] Loss: 0.4787, Accuracy: 79.66%, AUC: 0.79 - [VAL] Loss: 0.4929, Accuracy: 78.81%, AUC: 0.78
Epoch [81/100] - [TRAIN] Loss: 0.4768, Accuracy: 79.77%, AUC: 0.79 - [VAL] Loss: 0.4919, Accuracy: 78.93%, AUC: 0.78
Epoch [82/100] - [TRAIN] Loss: 0.4770, Accuracy: 79.78%, AUC: 0.79 - [VAL] Loss: 0.4923, Accuracy: 78.85%, AUC: 0.78
Epoch [83/100] - [TRAIN] Loss: 0.4772, Accuracy: 79.52%, AUC: 0.79 - [VAL] Loss: 0.4941, Accuracy: 78.79%, AUC: 0.78
Epoch [84/100] - [TRAIN] Loss: 0.4774, Accuracy: 79.51%, AUC: 0.79 - [VAL] Loss: 0.4923, Accuracy: 78.95%, AUC: 0.78
Epoch [85/100] - [TRAIN] Loss: 0.4744, Accuracy: 79.79%, AUC: 0.79 - [VAL] Loss: 0.4924, Accuracy: 78.88%, AUC: 0.78
Epoch [86/100] - [TRAIN] Loss: 0.4747, Accuracy: 79.59%, AUC: 0.79 - [VAL] Loss: 0.4920, Accuracy: 79.08%, AUC: 0.78
Epoch [87/100] - [TRAIN] Loss: 0.4755, Accuracy: 79.55%, AUC: 0.79 - [VAL] Loss: 0.4925, Accuracy: 78.92%, AUC: 0.78
Epoch [88/100] - [TRAIN] Loss: 0.4743, Accuracy: 79.84%, AUC: 0.79 - [VAL] Loss: 0.4922, Accuracy: 79.04%, AUC: 0.78
Epoch [89/100] - [TRAIN] Loss: 0.4749, Accuracy: 79.94%, AUC: 0.79 - [VAL] Loss: 0.4921, Accuracy: 79.06%, AUC: 0.78
Epoch [90/100] - [TRAIN] Loss: 0.4747, Accuracy: 79.66%, AUC: 0.79 - [VAL] Loss: 0.4941, Accuracy: 78.70%, AUC: 0.78
Epoch [91/100] - [TRAIN] Loss: 0.4727, Accuracy: 79.71%, AUC: 0.79 - [VAL] Loss: 0.4949, Accuracy: 78.69%, AUC: 0.78
Epoch [92/100] - [TRAIN] Loss: 0.4743, Accuracy: 79.73%, AUC: 0.79 - [VAL] Loss: 0.4927, Accuracy: 78.91%, AUC: 0.78
Epoch [93/100] - [TRAIN] Loss: 0.4733, Accuracy: 79.82%, AUC: 0.79 - [VAL] Loss: 0.4948, Accuracy: 78.70%, AUC: 0.78
Epoch [94/100] - [TRAIN] Loss: 0.4731, Accuracy: 79.71%, AUC: 0.79 - [VAL] Loss: 0.4922, Accuracy: 79.07%, AUC: 0.78
Epoch [95/100] - [TRAIN] Loss: 0.4731, Accuracy: 79.78%, AUC: 0.79 - [VAL] Loss: 0.4928, Accuracy: 79.03%, AUC: 0.78
Epoch [96/100] - [TRAIN] Loss: 0.4714, Accuracy: 79.61%, AUC: 0.79 - [VAL] Loss: 0.4926, Accuracy: 79.04%, AUC: 0.78
Epoch [97/100] - [TRAIN] Loss: 0.4723, Accuracy: 79.74%, AUC: 0.79 - [VAL] Loss: 0.4926, Accuracy: 79.06%, AUC: 0.78
Epoch [98/100] - [TRAIN] Loss: 0.4726, Accuracy: 79.71%, AUC: 0.79 - [VAL] Loss: 0.4927, Accuracy: 79.08%, AUC: 0.78
Epoch [99/100] - [TRAIN] Loss: 0.4711, Accuracy: 79.85%, AUC: 0.79 - [VAL] Loss: 0.4949, Accuracy: 79.03%, AUC: 0.78
Epoch [100/100] - [TRAIN] Loss: 0.4715, Accuracy: 79.74%, AUC: 0.79 - [VAL] Loss: 0.4929, Accuracy: 78.96%, AUC: 0.78
Training finished!
Accuracy Score on test set: 79.33 %
AUC Score on test set: 0.79
Item: H3K9me3-H3K4me3-H3K27me3-H3K9ac-H3K27ac
Train set shape: (7399, 5, 4000) (7399,)
Validation set shape: (7377, 5, 4000) (7377,)
Test set shape: (7378, 5, 4000) (7378,)
New best model saved with validation metric: 19.4242
Epoch [1/100] - [TRAIN] Loss: 0.6838, Accuracy: 59.41%, AUC: 0.61 - [VAL] Loss: 0.6638, Accuracy: 60.82%, AUC: 0.50
Epoch [2/100] - [TRAIN] Loss: 0.6452, Accuracy: 60.82%, AUC: 0.50 - [VAL] Loss: 0.6225, Accuracy: 60.82%, AUC: 0.50
Epoch [3/100] - [TRAIN] Loss: 0.6053, Accuracy: 60.82%, AUC: 0.50 - [VAL] Loss: 0.5850, Accuracy: 60.82%, AUC: 0.50
New best model saved with validation metric: 23.8009
Epoch [4/100] - [TRAIN] Loss: 0.5748, Accuracy: 60.98%, AUC: 0.50 - [VAL] Loss: 0.5588, Accuracy: 74.53%, AUC: 0.71
New best model saved with validation metric: 25.1558
Epoch [5/100] - [TRAIN] Loss: 0.5552, Accuracy: 75.97%, AUC: 0.73 - [VAL] Loss: 0.5426, Accuracy: 78.77%, AUC: 0.78
Epoch [6/100] - [TRAIN] Loss: 0.5417, Accuracy: 78.62%, AUC: 0.77 - [VAL] Loss: 0.5332, Accuracy: 78.54%, AUC: 0.78
Epoch [7/100] - [TRAIN] Loss: 0.5356, Accuracy: 78.50%, AUC: 0.78 - [VAL] Loss: 0.5275, Accuracy: 78.39%, AUC: 0.78
Epoch [8/100] - [TRAIN] Loss: 0.5310, Accuracy: 78.40%, AUC: 0.78 - [VAL] Loss: 0.5234, Accuracy: 78.27%, AUC: 0.78
Epoch [9/100] - [TRAIN] Loss: 0.5277, Accuracy: 78.28%, AUC: 0.78 - [VAL] Loss: 0.5206, Accuracy: 78.15%, AUC: 0.78
Epoch [10/100] - [TRAIN] Loss: 0.5224, Accuracy: 78.23%, AUC: 0.78 - [VAL] Loss: 0.5175, Accuracy: 78.12%, AUC: 0.78
Epoch [11/100] - [TRAIN] Loss: 0.5211, Accuracy: 78.33%, AUC: 0.78 - [VAL] Loss: 0.5154, Accuracy: 77.99%, AUC: 0.78
Epoch [12/100] - [TRAIN] Loss: 0.5176, Accuracy: 78.25%, AUC: 0.78 - [VAL] Loss: 0.5135, Accuracy: 77.96%, AUC: 0.78
Epoch [13/100] - [TRAIN] Loss: 0.5155, Accuracy: 78.27%, AUC: 0.78 - [VAL] Loss: 0.5118, Accuracy: 77.97%, AUC: 0.78
Epoch [14/100] - [TRAIN] Loss: 0.5150, Accuracy: 78.28%, AUC: 0.78 - [VAL] Loss: 0.5103, Accuracy: 78.00%, AUC: 0.78
Epoch [15/100] - [TRAIN] Loss: 0.5122, Accuracy: 78.29%, AUC: 0.78 - [VAL] Loss: 0.5087, Accuracy: 78.12%, AUC: 0.78
Epoch [16/100] - [TRAIN] Loss: 0.5116, Accuracy: 78.38%, AUC: 0.78 - [VAL] Loss: 0.5079, Accuracy: 78.03%, AUC: 0.78
Epoch [17/100] - [TRAIN] Loss: 0.5100, Accuracy: 78.35%, AUC: 0.78 - [VAL] Loss: 0.5069, Accuracy: 78.07%, AUC: 0.78
Epoch [18/100] - [TRAIN] Loss: 0.5085, Accuracy: 78.25%, AUC: 0.78 - [VAL] Loss: 0.5060, Accuracy: 78.19%, AUC: 0.78
Epoch [19/100] - [TRAIN] Loss: 0.5073, Accuracy: 78.39%, AUC: 0.78 - [VAL] Loss: 0.5055, Accuracy: 78.08%, AUC: 0.78
Epoch [20/100] - [TRAIN] Loss: 0.5053, Accuracy: 78.42%, AUC: 0.78 - [VAL] Loss: 0.5043, Accuracy: 78.22%, AUC: 0.78
Epoch [21/100] - [TRAIN] Loss: 0.5039, Accuracy: 78.50%, AUC: 0.78 - [VAL] Loss: 0.5037, Accuracy: 78.23%, AUC: 0.78
Epoch [22/100] - [TRAIN] Loss: 0.5036, Accuracy: 78.48%, AUC: 0.78 - [VAL] Loss: 0.5032, Accuracy: 78.22%, AUC: 0.78
Epoch [23/100] - [TRAIN] Loss: 0.5040, Accuracy: 78.43%, AUC: 0.78 - [VAL] Loss: 0.5026, Accuracy: 78.31%, AUC: 0.78
Epoch [24/100] - [TRAIN] Loss: 0.5019, Accuracy: 78.54%, AUC: 0.78 - [VAL] Loss: 0.5021, Accuracy: 78.32%, AUC: 0.78
Epoch [25/100] - [TRAIN] Loss: 0.5018, Accuracy: 78.67%, AUC: 0.78 - [VAL] Loss: 0.5015, Accuracy: 78.35%, AUC: 0.78
Epoch [26/100] - [TRAIN] Loss: 0.5018, Accuracy: 78.50%, AUC: 0.78 - [VAL] Loss: 0.5010, Accuracy: 78.38%, AUC: 0.78
Epoch [27/100] - [TRAIN] Loss: 0.5005, Accuracy: 78.59%, AUC: 0.78 - [VAL] Loss: 0.5003, Accuracy: 78.41%, AUC: 0.78
Epoch [28/100] - [TRAIN] Loss: 0.4989, Accuracy: 78.66%, AUC: 0.78 - [VAL] Loss: 0.4998, Accuracy: 78.64%, AUC: 0.78
Epoch [29/100] - [TRAIN] Loss: 0.4990, Accuracy: 78.62%, AUC: 0.78 - [VAL] Loss: 0.4999, Accuracy: 78.35%, AUC: 0.78
Epoch [30/100] - [TRAIN] Loss: 0.4981, Accuracy: 78.71%, AUC: 0.78 - [VAL] Loss: 0.4995, Accuracy: 78.51%, AUC: 0.78
Epoch [31/100] - [TRAIN] Loss: 0.4972, Accuracy: 78.75%, AUC: 0.78 - [VAL] Loss: 0.4992, Accuracy: 78.54%, AUC: 0.78
Epoch [32/100] - [TRAIN] Loss: 0.4960, Accuracy: 78.78%, AUC: 0.78 - [VAL] Loss: 0.4984, Accuracy: 78.64%, AUC: 0.78
Epoch [33/100] - [TRAIN] Loss: 0.4962, Accuracy: 78.85%, AUC: 0.78 - [VAL] Loss: 0.4982, Accuracy: 78.60%, AUC: 0.78
Epoch [34/100] - [TRAIN] Loss: 0.4949, Accuracy: 78.79%, AUC: 0.78 - [VAL] Loss: 0.4984, Accuracy: 78.60%, AUC: 0.78
Epoch [35/100] - [TRAIN] Loss: 0.4941, Accuracy: 78.83%, AUC: 0.78 - [VAL] Loss: 0.4972, Accuracy: 78.64%, AUC: 0.78
Epoch [36/100] - [TRAIN] Loss: 0.4943, Accuracy: 78.93%, AUC: 0.78 - [VAL] Loss: 0.4973, Accuracy: 78.64%, AUC: 0.78
Epoch [37/100] - [TRAIN] Loss: 0.4949, Accuracy: 78.82%, AUC: 0.78 - [VAL] Loss: 0.4967, Accuracy: 78.68%, AUC: 0.78
Epoch [38/100] - [TRAIN] Loss: 0.4942, Accuracy: 78.83%, AUC: 0.78 - [VAL] Loss: 0.4963, Accuracy: 78.69%, AUC: 0.78
Epoch [39/100] - [TRAIN] Loss: 0.4930, Accuracy: 78.83%, AUC: 0.78 - [VAL] Loss: 0.4959, Accuracy: 78.69%, AUC: 0.78
Epoch [40/100] - [TRAIN] Loss: 0.4929, Accuracy: 78.90%, AUC: 0.78 - [VAL] Loss: 0.4957, Accuracy: 78.72%, AUC: 0.78
Epoch [41/100] - [TRAIN] Loss: 0.4916, Accuracy: 78.94%, AUC: 0.78 - [VAL] Loss: 0.4955, Accuracy: 78.70%, AUC: 0.78
Epoch [42/100] - [TRAIN] Loss: 0.4914, Accuracy: 78.90%, AUC: 0.78 - [VAL] Loss: 0.4953, Accuracy: 78.69%, AUC: 0.78
Epoch [43/100] - [TRAIN] Loss: 0.4910, Accuracy: 79.04%, AUC: 0.78 - [VAL] Loss: 0.4950, Accuracy: 78.69%, AUC: 0.78
Epoch [44/100] - [TRAIN] Loss: 0.4914, Accuracy: 79.01%, AUC: 0.78 - [VAL] Loss: 0.4952, Accuracy: 78.69%, AUC: 0.78
Epoch [45/100] - [TRAIN] Loss: 0.4896, Accuracy: 79.04%, AUC: 0.78 - [VAL] Loss: 0.4951, Accuracy: 78.70%, AUC: 0.78
Epoch [46/100] - [TRAIN] Loss: 0.4902, Accuracy: 79.00%, AUC: 0.78 - [VAL] Loss: 0.4947, Accuracy: 78.70%, AUC: 0.78
New best model saved with validation metric: 25.1688
Epoch [47/100] - [TRAIN] Loss: 0.4888, Accuracy: 78.89%, AUC: 0.78 - [VAL] Loss: 0.4940, Accuracy: 78.81%, AUC: 0.78
Epoch [48/100] - [TRAIN] Loss: 0.4892, Accuracy: 78.96%, AUC: 0.78 - [VAL] Loss: 0.4940, Accuracy: 78.70%, AUC: 0.78
Epoch [49/100] - [TRAIN] Loss: 0.4896, Accuracy: 79.02%, AUC: 0.78 - [VAL] Loss: 0.4947, Accuracy: 78.72%, AUC: 0.78
Epoch [50/100] - [TRAIN] Loss: 0.4887, Accuracy: 78.94%, AUC: 0.78 - [VAL] Loss: 0.4938, Accuracy: 78.70%, AUC: 0.78
Epoch [51/100] - [TRAIN] Loss: 0.4873, Accuracy: 79.01%, AUC: 0.78 - [VAL] Loss: 0.4938, Accuracy: 78.68%, AUC: 0.78
Epoch [52/100] - [TRAIN] Loss: 0.4864, Accuracy: 79.05%, AUC: 0.78 - [VAL] Loss: 0.4937, Accuracy: 78.68%, AUC: 0.78
Epoch [53/100] - [TRAIN] Loss: 0.4867, Accuracy: 78.98%, AUC: 0.78 - [VAL] Loss: 0.4931, Accuracy: 78.77%, AUC: 0.78
New best model saved with validation metric: 25.1775
Epoch [54/100] - [TRAIN] Loss: 0.4853, Accuracy: 78.96%, AUC: 0.78 - [VAL] Loss: 0.4929, Accuracy: 78.84%, AUC: 0.78
New best model saved with validation metric: 25.1948
Epoch [55/100] - [TRAIN] Loss: 0.4849, Accuracy: 79.08%, AUC: 0.78 - [VAL] Loss: 0.4929, Accuracy: 78.89%, AUC: 0.78
Epoch [56/100] - [TRAIN] Loss: 0.4870, Accuracy: 79.21%, AUC: 0.78 - [VAL] Loss: 0.4928, Accuracy: 78.88%, AUC: 0.78
Epoch [57/100] - [TRAIN] Loss: 0.4839, Accuracy: 79.21%, AUC: 0.78 - [VAL] Loss: 0.4933, Accuracy: 78.69%, AUC: 0.78
Epoch [58/100] - [TRAIN] Loss: 0.4847, Accuracy: 79.05%, AUC: 0.78 - [VAL] Loss: 0.4925, Accuracy: 78.84%, AUC: 0.78
Epoch [59/100] - [TRAIN] Loss: 0.4831, Accuracy: 79.04%, AUC: 0.78 - [VAL] Loss: 0.4925, Accuracy: 78.84%, AUC: 0.78
Epoch [60/100] - [TRAIN] Loss: 0.4839, Accuracy: 79.20%, AUC: 0.78 - [VAL] Loss: 0.4935, Accuracy: 78.73%, AUC: 0.78
Epoch [61/100] - [TRAIN] Loss: 0.4838, Accuracy: 79.16%, AUC: 0.78 - [VAL] Loss: 0.4930, Accuracy: 78.76%, AUC: 0.78
Epoch [62/100] - [TRAIN] Loss: 0.4822, Accuracy: 79.21%, AUC: 0.78 - [VAL] Loss: 0.4925, Accuracy: 78.85%, AUC: 0.78
Epoch [63/100] - [TRAIN] Loss: 0.4819, Accuracy: 79.17%, AUC: 0.78 - [VAL] Loss: 0.4923, Accuracy: 78.88%, AUC: 0.78
New best model saved with validation metric: 25.2078
Epoch [64/100] - [TRAIN] Loss: 0.4816, Accuracy: 79.21%, AUC: 0.78 - [VAL] Loss: 0.4922, Accuracy: 78.93%, AUC: 0.78
Epoch [65/100] - [TRAIN] Loss: 0.4803, Accuracy: 79.32%, AUC: 0.79 - [VAL] Loss: 0.4928, Accuracy: 78.73%, AUC: 0.78
Epoch [66/100] - [TRAIN] Loss: 0.4809, Accuracy: 79.17%, AUC: 0.78 - [VAL] Loss: 0.4921, Accuracy: 78.89%, AUC: 0.78
Epoch [67/100] - [TRAIN] Loss: 0.4803, Accuracy: 79.21%, AUC: 0.78 - [VAL] Loss: 0.4927, Accuracy: 78.84%, AUC: 0.78
Epoch [68/100] - [TRAIN] Loss: 0.4818, Accuracy: 79.27%, AUC: 0.78 - [VAL] Loss: 0.4926, Accuracy: 78.85%, AUC: 0.78
Epoch [69/100] - [TRAIN] Loss: 0.4801, Accuracy: 79.34%, AUC: 0.79 - [VAL] Loss: 0.4922, Accuracy: 78.88%, AUC: 0.78
Epoch [70/100] - [TRAIN] Loss: 0.4804, Accuracy: 79.28%, AUC: 0.79 - [VAL] Loss: 0.4926, Accuracy: 78.84%, AUC: 0.78
Epoch [71/100] - [TRAIN] Loss: 0.4805, Accuracy: 79.50%, AUC: 0.79 - [VAL] Loss: 0.4932, Accuracy: 78.74%, AUC: 0.78
Epoch [72/100] - [TRAIN] Loss: 0.4820, Accuracy: 79.48%, AUC: 0.79 - [VAL] Loss: 0.4938, Accuracy: 78.70%, AUC: 0.78
Epoch [73/100] - [TRAIN] Loss: 0.4777, Accuracy: 79.35%, AUC: 0.79 - [VAL] Loss: 0.4924, Accuracy: 78.84%, AUC: 0.78
Epoch [74/100] - [TRAIN] Loss: 0.4781, Accuracy: 79.39%, AUC: 0.79 - [VAL] Loss: 0.4926, Accuracy: 78.81%, AUC: 0.78
Epoch [75/100] - [TRAIN] Loss: 0.4777, Accuracy: 79.42%, AUC: 0.79 - [VAL] Loss: 0.4923, Accuracy: 78.87%, AUC: 0.78
New best model saved with validation metric: 25.2381
Epoch [76/100] - [TRAIN] Loss: 0.4776, Accuracy: 79.38%, AUC: 0.79 - [VAL] Loss: 0.4921, Accuracy: 79.03%, AUC: 0.78
Epoch [77/100] - [TRAIN] Loss: 0.4769, Accuracy: 79.42%, AUC: 0.79 - [VAL] Loss: 0.4921, Accuracy: 78.87%, AUC: 0.78
Epoch [78/100] - [TRAIN] Loss: 0.4764, Accuracy: 79.39%, AUC: 0.79 - [VAL] Loss: 0.4922, Accuracy: 78.87%, AUC: 0.78
Epoch [79/100] - [TRAIN] Loss: 0.4770, Accuracy: 79.46%, AUC: 0.79 - [VAL] Loss: 0.4923, Accuracy: 78.88%, AUC: 0.78
Epoch [80/100] - [TRAIN] Loss: 0.4769, Accuracy: 79.44%, AUC: 0.79 - [VAL] Loss: 0.4923, Accuracy: 78.89%, AUC: 0.78
Epoch [81/100] - [TRAIN] Loss: 0.4754, Accuracy: 79.47%, AUC: 0.79 - [VAL] Loss: 0.4927, Accuracy: 78.83%, AUC: 0.78
Epoch [82/100] - [TRAIN] Loss: 0.4756, Accuracy: 79.52%, AUC: 0.79 - [VAL] Loss: 0.4950, Accuracy: 78.69%, AUC: 0.78
Epoch [83/100] - [TRAIN] Loss: 0.4756, Accuracy: 79.43%, AUC: 0.79 - [VAL] Loss: 0.4929, Accuracy: 78.85%, AUC: 0.78
Epoch [84/100] - [TRAIN] Loss: 0.4772, Accuracy: 79.48%, AUC: 0.79 - [VAL] Loss: 0.4929, Accuracy: 78.95%, AUC: 0.78
Epoch [85/100] - [TRAIN] Loss: 0.4743, Accuracy: 79.54%, AUC: 0.79 - [VAL] Loss: 0.4926, Accuracy: 78.91%, AUC: 0.78
Epoch [86/100] - [TRAIN] Loss: 0.4753, Accuracy: 79.54%, AUC: 0.79 - [VAL] Loss: 0.4931, Accuracy: 78.89%, AUC: 0.78
Epoch [87/100] - [TRAIN] Loss: 0.4753, Accuracy: 79.74%, AUC: 0.79 - [VAL] Loss: 0.4951, Accuracy: 78.68%, AUC: 0.78
Epoch [88/100] - [TRAIN] Loss: 0.4741, Accuracy: 79.50%, AUC: 0.79 - [VAL] Loss: 0.4925, Accuracy: 79.00%, AUC: 0.78
Epoch [89/100] - [TRAIN] Loss: 0.4733, Accuracy: 79.71%, AUC: 0.79 - [VAL] Loss: 0.4929, Accuracy: 78.93%, AUC: 0.78
Epoch [90/100] - [TRAIN] Loss: 0.4737, Accuracy: 79.63%, AUC: 0.79 - [VAL] Loss: 0.4926, Accuracy: 78.91%, AUC: 0.78
Epoch [91/100] - [TRAIN] Loss: 0.4734, Accuracy: 79.66%, AUC: 0.79 - [VAL] Loss: 0.4934, Accuracy: 78.89%, AUC: 0.78
Epoch [92/100] - [TRAIN] Loss: 0.4735, Accuracy: 79.71%, AUC: 0.79 - [VAL] Loss: 0.4927, Accuracy: 78.92%, AUC: 0.78
Epoch [93/100] - [TRAIN] Loss: 0.4731, Accuracy: 79.81%, AUC: 0.79 - [VAL] Loss: 0.4930, Accuracy: 78.81%, AUC: 0.78
Epoch [94/100] - [TRAIN] Loss: 0.4726, Accuracy: 79.70%, AUC: 0.79 - [VAL] Loss: 0.4954, Accuracy: 78.70%, AUC: 0.78
Epoch [95/100] - [TRAIN] Loss: 0.4720, Accuracy: 79.77%, AUC: 0.79 - [VAL] Loss: 0.4929, Accuracy: 79.00%, AUC: 0.78
Epoch [96/100] - [TRAIN] Loss: 0.4724, Accuracy: 79.86%, AUC: 0.79 - [VAL] Loss: 0.4928, Accuracy: 78.95%, AUC: 0.78
Epoch [97/100] - [TRAIN] Loss: 0.4713, Accuracy: 79.66%, AUC: 0.79 - [VAL] Loss: 0.4932, Accuracy: 78.83%, AUC: 0.78
New best model saved with validation metric: 25.2771
Epoch [98/100] - [TRAIN] Loss: 0.4721, Accuracy: 79.62%, AUC: 0.79 - [VAL] Loss: 0.4936, Accuracy: 79.15%, AUC: 0.78
Epoch [99/100] - [TRAIN] Loss: 0.4723, Accuracy: 79.88%, AUC: 0.79 - [VAL] Loss: 0.4933, Accuracy: 78.85%, AUC: 0.78
Epoch [100/100] - [TRAIN] Loss: 0.4725, Accuracy: 79.78%, AUC: 0.79 - [VAL] Loss: 0.4936, Accuracy: 78.95%, AUC: 0.78
Training finished!
Accuracy Score on test set: 79.34 %
AUC Score on test set: 0.79
Item: H3K9me3-H3K4me3-H3K27me3-H3K27ac-H3K9ac
Train set shape: (7399, 5, 4000) (7399,)
Validation set shape: (7377, 5, 4000) (7377,)
Test set shape: (7378, 5, 4000) (7378,)
New best model saved with validation metric: 19.4242
Epoch [1/100] - [TRAIN] Loss: 0.6620, Accuracy: 60.82%, AUC: 0.50 - [VAL] Loss: 0.6417, Accuracy: 60.82%, AUC: 0.50
Epoch [2/100] - [TRAIN] Loss: 0.6247, Accuracy: 60.82%, AUC: 0.50 - [VAL] Loss: 0.6058, Accuracy: 60.82%, AUC: 0.50
Epoch [3/100] - [TRAIN] Loss: 0.5935, Accuracy: 60.82%, AUC: 0.50 - [VAL] Loss: 0.5788, Accuracy: 60.82%, AUC: 0.50
Epoch [4/100] - [TRAIN] Loss: 0.5717, Accuracy: 60.82%, AUC: 0.50 - [VAL] Loss: 0.5581, Accuracy: 60.82%, AUC: 0.50
New best model saved with validation metric: 24.9524
Epoch [5/100] - [TRAIN] Loss: 0.5553, Accuracy: 71.23%, AUC: 0.66 - [VAL] Loss: 0.5441, Accuracy: 78.13%, AUC: 0.77
New best model saved with validation metric: 25.0606
Epoch [6/100] - [TRAIN] Loss: 0.5434, Accuracy: 78.33%, AUC: 0.77 - [VAL] Loss: 0.5351, Accuracy: 78.47%, AUC: 0.78
Epoch [7/100] - [TRAIN] Loss: 0.5359, Accuracy: 78.59%, AUC: 0.78 - [VAL] Loss: 0.5290, Accuracy: 78.26%, AUC: 0.78
Epoch [8/100] - [TRAIN] Loss: 0.5308, Accuracy: 78.46%, AUC: 0.78 - [VAL] Loss: 0.5244, Accuracy: 78.16%, AUC: 0.78
Epoch [9/100] - [TRAIN] Loss: 0.5265, Accuracy: 78.38%, AUC: 0.78 - [VAL] Loss: 0.5210, Accuracy: 78.05%, AUC: 0.78
Epoch [10/100] - [TRAIN] Loss: 0.5230, Accuracy: 78.29%, AUC: 0.78 - [VAL] Loss: 0.5178, Accuracy: 77.96%, AUC: 0.78
Epoch [11/100] - [TRAIN] Loss: 0.5192, Accuracy: 78.29%, AUC: 0.78 - [VAL] Loss: 0.5154, Accuracy: 77.93%, AUC: 0.78
Epoch [12/100] - [TRAIN] Loss: 0.5177, Accuracy: 78.15%, AUC: 0.78 - [VAL] Loss: 0.5131, Accuracy: 77.96%, AUC: 0.78
Epoch [13/100] - [TRAIN] Loss: 0.5143, Accuracy: 78.32%, AUC: 0.78 - [VAL] Loss: 0.5110, Accuracy: 78.01%, AUC: 0.78
Epoch [14/100] - [TRAIN] Loss: 0.5135, Accuracy: 78.25%, AUC: 0.78 - [VAL] Loss: 0.5097, Accuracy: 77.94%, AUC: 0.78
Epoch [15/100] - [TRAIN] Loss: 0.5111, Accuracy: 78.28%, AUC: 0.78 - [VAL] Loss: 0.5085, Accuracy: 77.94%, AUC: 0.78
Epoch [16/100] - [TRAIN] Loss: 0.5092, Accuracy: 78.24%, AUC: 0.78 - [VAL] Loss: 0.5074, Accuracy: 77.94%, AUC: 0.78
Epoch [17/100] - [TRAIN] Loss: 0.5080, Accuracy: 78.38%, AUC: 0.78 - [VAL] Loss: 0.5063, Accuracy: 78.05%, AUC: 0.78
Epoch [18/100] - [TRAIN] Loss: 0.5070, Accuracy: 78.27%, AUC: 0.78 - [VAL] Loss: 0.5056, Accuracy: 78.05%, AUC: 0.78
Epoch [19/100] - [TRAIN] Loss: 0.5054, Accuracy: 78.29%, AUC: 0.78 - [VAL] Loss: 0.5048, Accuracy: 78.22%, AUC: 0.78
Epoch [20/100] - [TRAIN] Loss: 0.5050, Accuracy: 78.43%, AUC: 0.78 - [VAL] Loss: 0.5039, Accuracy: 78.38%, AUC: 0.78
Epoch [21/100] - [TRAIN] Loss: 0.5034, Accuracy: 78.47%, AUC: 0.78 - [VAL] Loss: 0.5035, Accuracy: 78.34%, AUC: 0.78
Epoch [22/100] - [TRAIN] Loss: 0.5029, Accuracy: 78.51%, AUC: 0.78 - [VAL] Loss: 0.5028, Accuracy: 78.41%, AUC: 0.78
Epoch [23/100] - [TRAIN] Loss: 0.5029, Accuracy: 78.51%, AUC: 0.78 - [VAL] Loss: 0.5024, Accuracy: 78.45%, AUC: 0.78
Epoch [24/100] - [TRAIN] Loss: 0.5020, Accuracy: 78.59%, AUC: 0.78 - [VAL] Loss: 0.5019, Accuracy: 78.41%, AUC: 0.78
Epoch [25/100] - [TRAIN] Loss: 0.5004, Accuracy: 78.50%, AUC: 0.78 - [VAL] Loss: 0.5017, Accuracy: 78.42%, AUC: 0.78
Epoch [26/100] - [TRAIN] Loss: 0.5000, Accuracy: 78.46%, AUC: 0.78 - [VAL] Loss: 0.5008, Accuracy: 78.45%, AUC: 0.78
Epoch [27/100] - [TRAIN] Loss: 0.5005, Accuracy: 78.69%, AUC: 0.78 - [VAL] Loss: 0.5011, Accuracy: 78.38%, AUC: 0.78
Epoch [28/100] - [TRAIN] Loss: 0.4991, Accuracy: 78.65%, AUC: 0.78 - [VAL] Loss: 0.5002, Accuracy: 78.45%, AUC: 0.78
Epoch [29/100] - [TRAIN] Loss: 0.4980, Accuracy: 78.71%, AUC: 0.78 - [VAL] Loss: 0.5000, Accuracy: 78.46%, AUC: 0.78
Epoch [30/100] - [TRAIN] Loss: 0.4980, Accuracy: 78.74%, AUC: 0.78 - [VAL] Loss: 0.4996, Accuracy: 78.39%, AUC: 0.78
Epoch [31/100] - [TRAIN] Loss: 0.4974, Accuracy: 78.65%, AUC: 0.78 - [VAL] Loss: 0.4991, Accuracy: 78.46%, AUC: 0.78
New best model saved with validation metric: 25.0693
Epoch [32/100] - [TRAIN] Loss: 0.4967, Accuracy: 78.70%, AUC: 0.78 - [VAL] Loss: 0.4987, Accuracy: 78.50%, AUC: 0.78
Epoch [33/100] - [TRAIN] Loss: 0.4975, Accuracy: 78.82%, AUC: 0.78 - [VAL] Loss: 0.4987, Accuracy: 78.42%, AUC: 0.78
New best model saved with validation metric: 25.0736
Epoch [34/100] - [TRAIN] Loss: 0.4960, Accuracy: 78.85%, AUC: 0.78 - [VAL] Loss: 0.4981, Accuracy: 78.51%, AUC: 0.78
Epoch [35/100] - [TRAIN] Loss: 0.4944, Accuracy: 78.78%, AUC: 0.78 - [VAL] Loss: 0.4978, Accuracy: 78.50%, AUC: 0.78
New best model saved with validation metric: 25.0909
Epoch [36/100] - [TRAIN] Loss: 0.4941, Accuracy: 78.92%, AUC: 0.78 - [VAL] Loss: 0.4974, Accuracy: 78.57%, AUC: 0.78
Epoch [37/100] - [TRAIN] Loss: 0.4945, Accuracy: 78.96%, AUC: 0.78 - [VAL] Loss: 0.4973, Accuracy: 78.53%, AUC: 0.78
Epoch [38/100] - [TRAIN] Loss: 0.4931, Accuracy: 78.85%, AUC: 0.78 - [VAL] Loss: 0.4971, Accuracy: 78.50%, AUC: 0.78
Epoch [39/100] - [TRAIN] Loss: 0.4951, Accuracy: 78.81%, AUC: 0.78 - [VAL] Loss: 0.4970, Accuracy: 78.51%, AUC: 0.78
New best model saved with validation metric: 25.1515
Epoch [40/100] - [TRAIN] Loss: 0.4929, Accuracy: 78.92%, AUC: 0.78 - [VAL] Loss: 0.4963, Accuracy: 78.76%, AUC: 0.78
Epoch [41/100] - [TRAIN] Loss: 0.4921, Accuracy: 78.98%, AUC: 0.78 - [VAL] Loss: 0.4961, Accuracy: 78.68%, AUC: 0.78
Epoch [42/100] - [TRAIN] Loss: 0.4920, Accuracy: 78.89%, AUC: 0.78 - [VAL] Loss: 0.4961, Accuracy: 78.55%, AUC: 0.78
New best model saved with validation metric: 25.1602
Epoch [43/100] - [TRAIN] Loss: 0.4913, Accuracy: 78.90%, AUC: 0.78 - [VAL] Loss: 0.4956, Accuracy: 78.79%, AUC: 0.78
Epoch [44/100] - [TRAIN] Loss: 0.4911, Accuracy: 79.01%, AUC: 0.78 - [VAL] Loss: 0.4958, Accuracy: 78.60%, AUC: 0.78
Epoch [45/100] - [TRAIN] Loss: 0.4899, Accuracy: 78.90%, AUC: 0.78 - [VAL] Loss: 0.4954, Accuracy: 78.60%, AUC: 0.78
Epoch [46/100] - [TRAIN] Loss: 0.4912, Accuracy: 79.05%, AUC: 0.78 - [VAL] Loss: 0.4957, Accuracy: 78.57%, AUC: 0.78
New best model saved with validation metric: 25.1688
Epoch [47/100] - [TRAIN] Loss: 0.4891, Accuracy: 79.01%, AUC: 0.78 - [VAL] Loss: 0.4948, Accuracy: 78.81%, AUC: 0.78
Epoch [48/100] - [TRAIN] Loss: 0.4894, Accuracy: 78.98%, AUC: 0.78 - [VAL] Loss: 0.4950, Accuracy: 78.61%, AUC: 0.78
Epoch [49/100] - [TRAIN] Loss: 0.4892, Accuracy: 79.02%, AUC: 0.78 - [VAL] Loss: 0.4950, Accuracy: 78.64%, AUC: 0.78
Epoch [50/100] - [TRAIN] Loss: 0.4875, Accuracy: 79.05%, AUC: 0.78 - [VAL] Loss: 0.4945, Accuracy: 78.72%, AUC: 0.78
Epoch [51/100] - [TRAIN] Loss: 0.4881, Accuracy: 78.92%, AUC: 0.78 - [VAL] Loss: 0.4943, Accuracy: 78.72%, AUC: 0.78
New best model saved with validation metric: 25.1732
Epoch [52/100] - [TRAIN] Loss: 0.4867, Accuracy: 79.02%, AUC: 0.78 - [VAL] Loss: 0.4941, Accuracy: 78.83%, AUC: 0.78
Epoch [53/100] - [TRAIN] Loss: 0.4867, Accuracy: 78.93%, AUC: 0.78 - [VAL] Loss: 0.4942, Accuracy: 78.70%, AUC: 0.78
Epoch [54/100] - [TRAIN] Loss: 0.4872, Accuracy: 79.11%, AUC: 0.78 - [VAL] Loss: 0.4946, Accuracy: 78.58%, AUC: 0.78
Epoch [55/100] - [TRAIN] Loss: 0.4864, Accuracy: 79.11%, AUC: 0.78 - [VAL] Loss: 0.4937, Accuracy: 78.79%, AUC: 0.78
Epoch [56/100] - [TRAIN] Loss: 0.4865, Accuracy: 79.02%, AUC: 0.78 - [VAL] Loss: 0.4938, Accuracy: 78.73%, AUC: 0.78
Epoch [57/100] - [TRAIN] Loss: 0.4848, Accuracy: 79.00%, AUC: 0.78 - [VAL] Loss: 0.4936, Accuracy: 78.73%, AUC: 0.78
New best model saved with validation metric: 25.1861
Epoch [58/100] - [TRAIN] Loss: 0.4869, Accuracy: 79.08%, AUC: 0.78 - [VAL] Loss: 0.4932, Accuracy: 78.87%, AUC: 0.78
Epoch [59/100] - [TRAIN] Loss: 0.4844, Accuracy: 79.11%, AUC: 0.78 - [VAL] Loss: 0.4938, Accuracy: 78.68%, AUC: 0.78
Epoch [60/100] - [TRAIN] Loss: 0.4862, Accuracy: 79.29%, AUC: 0.79 - [VAL] Loss: 0.4939, Accuracy: 78.66%, AUC: 0.78
Epoch [61/100] - [TRAIN] Loss: 0.4835, Accuracy: 79.23%, AUC: 0.79 - [VAL] Loss: 0.4930, Accuracy: 78.74%, AUC: 0.78
Epoch [62/100] - [TRAIN] Loss: 0.4830, Accuracy: 79.16%, AUC: 0.78 - [VAL] Loss: 0.4931, Accuracy: 78.70%, AUC: 0.78
Epoch [63/100] - [TRAIN] Loss: 0.4837, Accuracy: 79.38%, AUC: 0.79 - [VAL] Loss: 0.4930, Accuracy: 78.73%, AUC: 0.78
Epoch [64/100] - [TRAIN] Loss: 0.4826, Accuracy: 79.20%, AUC: 0.78 - [VAL] Loss: 0.4927, Accuracy: 78.79%, AUC: 0.78
Epoch [65/100] - [TRAIN] Loss: 0.4838, Accuracy: 79.29%, AUC: 0.79 - [VAL] Loss: 0.4929, Accuracy: 78.81%, AUC: 0.78
Epoch [66/100] - [TRAIN] Loss: 0.4828, Accuracy: 79.35%, AUC: 0.79 - [VAL] Loss: 0.4941, Accuracy: 78.66%, AUC: 0.78
Epoch [67/100] - [TRAIN] Loss: 0.4839, Accuracy: 79.28%, AUC: 0.79 - [VAL] Loss: 0.4931, Accuracy: 78.81%, AUC: 0.78
Epoch [68/100] - [TRAIN] Loss: 0.4827, Accuracy: 79.31%, AUC: 0.79 - [VAL] Loss: 0.4936, Accuracy: 78.68%, AUC: 0.78
Epoch [69/100] - [TRAIN] Loss: 0.4827, Accuracy: 79.34%, AUC: 0.79 - [VAL] Loss: 0.4928, Accuracy: 78.79%, AUC: 0.78
Epoch [70/100] - [TRAIN] Loss: 0.4831, Accuracy: 79.38%, AUC: 0.79 - [VAL] Loss: 0.4931, Accuracy: 78.70%, AUC: 0.78
New best model saved with validation metric: 25.2338
Epoch [71/100] - [TRAIN] Loss: 0.4803, Accuracy: 79.35%, AUC: 0.79 - [VAL] Loss: 0.4930, Accuracy: 79.02%, AUC: 0.78
Epoch [72/100] - [TRAIN] Loss: 0.4800, Accuracy: 79.39%, AUC: 0.79 - [VAL] Loss: 0.4930, Accuracy: 78.69%, AUC: 0.78
Epoch [73/100] - [TRAIN] Loss: 0.4786, Accuracy: 79.42%, AUC: 0.79 - [VAL] Loss: 0.4924, Accuracy: 78.81%, AUC: 0.78
Epoch [74/100] - [TRAIN] Loss: 0.4796, Accuracy: 79.51%, AUC: 0.79 - [VAL] Loss: 0.4931, Accuracy: 78.69%, AUC: 0.78
Epoch [75/100] - [TRAIN] Loss: 0.4797, Accuracy: 79.46%, AUC: 0.79 - [VAL] Loss: 0.4924, Accuracy: 78.95%, AUC: 0.78
Epoch [76/100] - [TRAIN] Loss: 0.4784, Accuracy: 79.61%, AUC: 0.79 - [VAL] Loss: 0.4924, Accuracy: 78.83%, AUC: 0.78
Epoch [77/100] - [TRAIN] Loss: 0.4806, Accuracy: 79.44%, AUC: 0.79 - [VAL] Loss: 0.4928, Accuracy: 78.70%, AUC: 0.78
New best model saved with validation metric: 25.2424
Epoch [78/100] - [TRAIN] Loss: 0.4779, Accuracy: 79.48%, AUC: 0.79 - [VAL] Loss: 0.4927, Accuracy: 79.04%, AUC: 0.78
Epoch [79/100] - [TRAIN] Loss: 0.4780, Accuracy: 79.54%, AUC: 0.79 - [VAL] Loss: 0.4925, Accuracy: 78.85%, AUC: 0.78
Epoch [80/100] - [TRAIN] Loss: 0.4764, Accuracy: 79.71%, AUC: 0.79 - [VAL] Loss: 0.4929, Accuracy: 78.72%, AUC: 0.78
Epoch [81/100] - [TRAIN] Loss: 0.4773, Accuracy: 79.50%, AUC: 0.79 - [VAL] Loss: 0.4922, Accuracy: 78.96%, AUC: 0.78
Epoch [82/100] - [TRAIN] Loss: 0.4772, Accuracy: 79.75%, AUC: 0.79 - [VAL] Loss: 0.4931, Accuracy: 78.73%, AUC: 0.78
Epoch [83/100] - [TRAIN] Loss: 0.4774, Accuracy: 79.55%, AUC: 0.79 - [VAL] Loss: 0.4922, Accuracy: 78.98%, AUC: 0.78
Epoch [84/100] - [TRAIN] Loss: 0.4753, Accuracy: 79.78%, AUC: 0.79 - [VAL] Loss: 0.4923, Accuracy: 79.02%, AUC: 0.79
Epoch [85/100] - [TRAIN] Loss: 0.4761, Accuracy: 79.63%, AUC: 0.79 - [VAL] Loss: 0.4929, Accuracy: 78.72%, AUC: 0.78
Epoch [86/100] - [TRAIN] Loss: 0.4755, Accuracy: 79.66%, AUC: 0.79 - [VAL] Loss: 0.4929, Accuracy: 78.79%, AUC: 0.78
Epoch [87/100] - [TRAIN] Loss: 0.4761, Accuracy: 79.51%, AUC: 0.79 - [VAL] Loss: 0.4931, Accuracy: 78.72%, AUC: 0.78
New best model saved with validation metric: 25.2684
Epoch [88/100] - [TRAIN] Loss: 0.4748, Accuracy: 79.71%, AUC: 0.79 - [VAL] Loss: 0.4927, Accuracy: 79.12%, AUC: 0.78
Epoch [89/100] - [TRAIN] Loss: 0.4773, Accuracy: 79.62%, AUC: 0.79 - [VAL] Loss: 0.4941, Accuracy: 79.02%, AUC: 0.78
Epoch [90/100] - [TRAIN] Loss: 0.4753, Accuracy: 79.54%, AUC: 0.79 - [VAL] Loss: 0.4923, Accuracy: 79.07%, AUC: 0.79
Epoch [91/100] - [TRAIN] Loss: 0.4753, Accuracy: 79.66%, AUC: 0.79 - [VAL] Loss: 0.4929, Accuracy: 78.89%, AUC: 0.78
Epoch [92/100] - [TRAIN] Loss: 0.4747, Accuracy: 79.73%, AUC: 0.79 - [VAL] Loss: 0.4924, Accuracy: 79.06%, AUC: 0.78
Epoch [93/100] - [TRAIN] Loss: 0.4733, Accuracy: 79.88%, AUC: 0.79 - [VAL] Loss: 0.4927, Accuracy: 78.96%, AUC: 0.78
Epoch [94/100] - [TRAIN] Loss: 0.4728, Accuracy: 79.74%, AUC: 0.79 - [VAL] Loss: 0.4924, Accuracy: 79.04%, AUC: 0.78
Epoch [95/100] - [TRAIN] Loss: 0.4741, Accuracy: 79.75%, AUC: 0.79 - [VAL] Loss: 0.4953, Accuracy: 78.76%, AUC: 0.78
Epoch [96/100] - [TRAIN] Loss: 0.4741, Accuracy: 79.66%, AUC: 0.79 - [VAL] Loss: 0.4925, Accuracy: 79.02%, AUC: 0.78
Epoch [97/100] - [TRAIN] Loss: 0.4743, Accuracy: 79.81%, AUC: 0.79 - [VAL] Loss: 0.4928, Accuracy: 78.96%, AUC: 0.78
Epoch [98/100] - [TRAIN] Loss: 0.4727, Accuracy: 79.67%, AUC: 0.79 - [VAL] Loss: 0.4926, Accuracy: 79.02%, AUC: 0.78
Epoch [99/100] - [TRAIN] Loss: 0.4727, Accuracy: 79.75%, AUC: 0.79 - [VAL] Loss: 0.4928, Accuracy: 79.00%, AUC: 0.78
Epoch [100/100] - [TRAIN] Loss: 0.4742, Accuracy: 79.66%, AUC: 0.79 - [VAL] Loss: 0.4932, Accuracy: 78.93%, AUC: 0.78
Training finished!
Accuracy Score on test set: 79.45 %
AUC Score on test set: 0.79
Item: H3K9me3-H3K9ac-H3K4me3-H3K27ac-H3K27me3
Train set shape: (7399, 5, 4000) (7399,)
Validation set shape: (7377, 5, 4000) (7377,)
Test set shape: (7378, 5, 4000) (7378,)
New best model saved with validation metric: 19.4242
Epoch [1/100] - [TRAIN] Loss: 0.6758, Accuracy: 59.33%, AUC: 0.58 - [VAL] Loss: 0.6441, Accuracy: 60.82%, AUC: 0.50
Epoch [2/100] - [TRAIN] Loss: 0.6210, Accuracy: 60.82%, AUC: 0.50 - [VAL] Loss: 0.5967, Accuracy: 60.82%, AUC: 0.50
New best model saved with validation metric: 19.4372
Epoch [3/100] - [TRAIN] Loss: 0.5821, Accuracy: 60.97%, AUC: 0.50 - [VAL] Loss: 0.5640, Accuracy: 60.86%, AUC: 0.50
New best model saved with validation metric: 25.0433
Epoch [4/100] - [TRAIN] Loss: 0.5549, Accuracy: 75.56%, AUC: 0.72 - [VAL] Loss: 0.5415, Accuracy: 78.42%, AUC: 0.77
Epoch [5/100] - [TRAIN] Loss: 0.5387, Accuracy: 78.21%, AUC: 0.77 - [VAL] Loss: 0.5291, Accuracy: 78.19%, AUC: 0.78
Epoch [6/100] - [TRAIN] Loss: 0.5303, Accuracy: 78.21%, AUC: 0.78 - [VAL] Loss: 0.5225, Accuracy: 78.19%, AUC: 0.78
Epoch [7/100] - [TRAIN] Loss: 0.5247, Accuracy: 78.11%, AUC: 0.77 - [VAL] Loss: 0.5190, Accuracy: 77.97%, AUC: 0.78
Epoch [8/100] - [TRAIN] Loss: 0.5213, Accuracy: 78.12%, AUC: 0.78 - [VAL] Loss: 0.5162, Accuracy: 77.99%, AUC: 0.78
Epoch [9/100] - [TRAIN] Loss: 0.5177, Accuracy: 78.12%, AUC: 0.78 - [VAL] Loss: 0.5140, Accuracy: 77.86%, AUC: 0.78
Epoch [10/100] - [TRAIN] Loss: 0.5159, Accuracy: 78.19%, AUC: 0.78 - [VAL] Loss: 0.5124, Accuracy: 77.76%, AUC: 0.78
Epoch [11/100] - [TRAIN] Loss: 0.5153, Accuracy: 78.11%, AUC: 0.78 - [VAL] Loss: 0.5106, Accuracy: 77.80%, AUC: 0.78
Epoch [12/100] - [TRAIN] Loss: 0.5127, Accuracy: 78.04%, AUC: 0.78 - [VAL] Loss: 0.5093, Accuracy: 78.03%, AUC: 0.78
Epoch [13/100] - [TRAIN] Loss: 0.5129, Accuracy: 78.09%, AUC: 0.78 - [VAL] Loss: 0.5083, Accuracy: 77.99%, AUC: 0.78
Epoch [14/100] - [TRAIN] Loss: 0.5100, Accuracy: 78.25%, AUC: 0.78 - [VAL] Loss: 0.5074, Accuracy: 77.99%, AUC: 0.78
Epoch [15/100] - [TRAIN] Loss: 0.5080, Accuracy: 78.29%, AUC: 0.78 - [VAL] Loss: 0.5065, Accuracy: 78.01%, AUC: 0.78
Epoch [16/100] - [TRAIN] Loss: 0.5073, Accuracy: 78.19%, AUC: 0.78 - [VAL] Loss: 0.5057, Accuracy: 78.15%, AUC: 0.78
Epoch [17/100] - [TRAIN] Loss: 0.5063, Accuracy: 78.35%, AUC: 0.78 - [VAL] Loss: 0.5050, Accuracy: 78.30%, AUC: 0.78
Epoch [18/100] - [TRAIN] Loss: 0.5055, Accuracy: 78.33%, AUC: 0.78 - [VAL] Loss: 0.5045, Accuracy: 78.20%, AUC: 0.78
Epoch [19/100] - [TRAIN] Loss: 0.5058, Accuracy: 78.46%, AUC: 0.78 - [VAL] Loss: 0.5040, Accuracy: 78.22%, AUC: 0.78
Epoch [20/100] - [TRAIN] Loss: 0.5056, Accuracy: 78.32%, AUC: 0.78 - [VAL] Loss: 0.5037, Accuracy: 78.24%, AUC: 0.78
New best model saved with validation metric: 25.0779
Epoch [21/100] - [TRAIN] Loss: 0.5020, Accuracy: 78.36%, AUC: 0.78 - [VAL] Loss: 0.5027, Accuracy: 78.53%, AUC: 0.78
Epoch [22/100] - [TRAIN] Loss: 0.5031, Accuracy: 78.38%, AUC: 0.78 - [VAL] Loss: 0.5022, Accuracy: 78.49%, AUC: 0.78
Epoch [23/100] - [TRAIN] Loss: 0.5038, Accuracy: 78.55%, AUC: 0.78 - [VAL] Loss: 0.5020, Accuracy: 78.37%, AUC: 0.78
Epoch [24/100] - [TRAIN] Loss: 0.5005, Accuracy: 78.61%, AUC: 0.78 - [VAL] Loss: 0.5017, Accuracy: 78.35%, AUC: 0.78
Epoch [25/100] - [TRAIN] Loss: 0.4999, Accuracy: 78.73%, AUC: 0.78 - [VAL] Loss: 0.5011, Accuracy: 78.31%, AUC: 0.78
Epoch [26/100] - [TRAIN] Loss: 0.5008, Accuracy: 78.61%, AUC: 0.78 - [VAL] Loss: 0.5008, Accuracy: 78.31%, AUC: 0.78
New best model saved with validation metric: 25.0909
Epoch [27/100] - [TRAIN] Loss: 0.4987, Accuracy: 78.61%, AUC: 0.78 - [VAL] Loss: 0.5000, Accuracy: 78.57%, AUC: 0.78
Epoch [28/100] - [TRAIN] Loss: 0.4983, Accuracy: 78.73%, AUC: 0.78 - [VAL] Loss: 0.4995, Accuracy: 78.50%, AUC: 0.78
Epoch [29/100] - [TRAIN] Loss: 0.4983, Accuracy: 78.74%, AUC: 0.78 - [VAL] Loss: 0.4992, Accuracy: 78.49%, AUC: 0.78
Epoch [30/100] - [TRAIN] Loss: 0.4981, Accuracy: 78.83%, AUC: 0.78 - [VAL] Loss: 0.4989, Accuracy: 78.51%, AUC: 0.78
Epoch [31/100] - [TRAIN] Loss: 0.4975, Accuracy: 78.85%, AUC: 0.78 - [VAL] Loss: 0.4987, Accuracy: 78.49%, AUC: 0.78
Epoch [32/100] - [TRAIN] Loss: 0.4976, Accuracy: 78.78%, AUC: 0.78 - [VAL] Loss: 0.4983, Accuracy: 78.51%, AUC: 0.78
New best model saved with validation metric: 25.0996
Epoch [33/100] - [TRAIN] Loss: 0.4960, Accuracy: 78.82%, AUC: 0.78 - [VAL] Loss: 0.4978, Accuracy: 78.60%, AUC: 0.78
Epoch [34/100] - [TRAIN] Loss: 0.4951, Accuracy: 78.88%, AUC: 0.78 - [VAL] Loss: 0.4979, Accuracy: 78.50%, AUC: 0.78
New best model saved with validation metric: 25.1558
Epoch [35/100] - [TRAIN] Loss: 0.4951, Accuracy: 78.81%, AUC: 0.78 - [VAL] Loss: 0.4973, Accuracy: 78.77%, AUC: 0.78
Epoch [36/100] - [TRAIN] Loss: 0.4933, Accuracy: 78.78%, AUC: 0.78 - [VAL] Loss: 0.4970, Accuracy: 78.58%, AUC: 0.78
Epoch [37/100] - [TRAIN] Loss: 0.4933, Accuracy: 78.89%, AUC: 0.78 - [VAL] Loss: 0.4968, Accuracy: 78.65%, AUC: 0.78
Epoch [38/100] - [TRAIN] Loss: 0.4937, Accuracy: 78.88%, AUC: 0.78 - [VAL] Loss: 0.4966, Accuracy: 78.62%, AUC: 0.78
Epoch [39/100] - [TRAIN] Loss: 0.4937, Accuracy: 78.94%, AUC: 0.78 - [VAL] Loss: 0.4964, Accuracy: 78.64%, AUC: 0.78
New best model saved with validation metric: 25.1645
Epoch [40/100] - [TRAIN] Loss: 0.4926, Accuracy: 78.88%, AUC: 0.78 - [VAL] Loss: 0.4961, Accuracy: 78.80%, AUC: 0.78
Epoch [41/100] - [TRAIN] Loss: 0.4916, Accuracy: 78.94%, AUC: 0.78 - [VAL] Loss: 0.4962, Accuracy: 78.66%, AUC: 0.78
Epoch [42/100] - [TRAIN] Loss: 0.4907, Accuracy: 78.92%, AUC: 0.78 - [VAL] Loss: 0.4969, Accuracy: 78.46%, AUC: 0.78
Epoch [43/100] - [TRAIN] Loss: 0.4905, Accuracy: 78.92%, AUC: 0.78 - [VAL] Loss: 0.4961, Accuracy: 78.55%, AUC: 0.78
Epoch [44/100] - [TRAIN] Loss: 0.4913, Accuracy: 79.02%, AUC: 0.78 - [VAL] Loss: 0.4953, Accuracy: 78.73%, AUC: 0.78
Epoch [45/100] - [TRAIN] Loss: 0.4897, Accuracy: 78.97%, AUC: 0.78 - [VAL] Loss: 0.4948, Accuracy: 78.74%, AUC: 0.78
Epoch [46/100] - [TRAIN] Loss: 0.4897, Accuracy: 79.13%, AUC: 0.78 - [VAL] Loss: 0.4950, Accuracy: 78.73%, AUC: 0.78
Epoch [47/100] - [TRAIN] Loss: 0.4886, Accuracy: 79.17%, AUC: 0.78 - [VAL] Loss: 0.4948, Accuracy: 78.74%, AUC: 0.78
Epoch [48/100] - [TRAIN] Loss: 0.4879, Accuracy: 78.98%, AUC: 0.78 - [VAL] Loss: 0.4945, Accuracy: 78.80%, AUC: 0.78
Epoch [49/100] - [TRAIN] Loss: 0.4885, Accuracy: 78.98%, AUC: 0.78 - [VAL] Loss: 0.4945, Accuracy: 78.65%, AUC: 0.78
Epoch [50/100] - [TRAIN] Loss: 0.4877, Accuracy: 79.01%, AUC: 0.78 - [VAL] Loss: 0.4942, Accuracy: 78.80%, AUC: 0.78
Epoch [51/100] - [TRAIN] Loss: 0.4875, Accuracy: 79.08%, AUC: 0.78 - [VAL] Loss: 0.4939, Accuracy: 78.80%, AUC: 0.78
Epoch [52/100] - [TRAIN] Loss: 0.4873, Accuracy: 79.09%, AUC: 0.78 - [VAL] Loss: 0.4939, Accuracy: 78.79%, AUC: 0.78
New best model saved with validation metric: 25.1775
Epoch [53/100] - [TRAIN] Loss: 0.4871, Accuracy: 79.06%, AUC: 0.78 - [VAL] Loss: 0.4937, Accuracy: 78.84%, AUC: 0.78
Epoch [54/100] - [TRAIN] Loss: 0.4855, Accuracy: 79.02%, AUC: 0.78 - [VAL] Loss: 0.4934, Accuracy: 78.83%, AUC: 0.78
Epoch [55/100] - [TRAIN] Loss: 0.4851, Accuracy: 79.01%, AUC: 0.78 - [VAL] Loss: 0.4937, Accuracy: 78.74%, AUC: 0.78
Epoch [56/100] - [TRAIN] Loss: 0.4848, Accuracy: 79.11%, AUC: 0.78 - [VAL] Loss: 0.4932, Accuracy: 78.80%, AUC: 0.78
Epoch [57/100] - [TRAIN] Loss: 0.4840, Accuracy: 79.21%, AUC: 0.78 - [VAL] Loss: 0.4936, Accuracy: 78.68%, AUC: 0.78
Epoch [58/100] - [TRAIN] Loss: 0.4857, Accuracy: 79.13%, AUC: 0.78 - [VAL] Loss: 0.4936, Accuracy: 78.74%, AUC: 0.78
Epoch [59/100] - [TRAIN] Loss: 0.4834, Accuracy: 79.21%, AUC: 0.78 - [VAL] Loss: 0.4932, Accuracy: 78.76%, AUC: 0.78
Epoch [60/100] - [TRAIN] Loss: 0.4839, Accuracy: 79.24%, AUC: 0.78 - [VAL] Loss: 0.4933, Accuracy: 78.74%, AUC: 0.78
Epoch [61/100] - [TRAIN] Loss: 0.4827, Accuracy: 79.20%, AUC: 0.78 - [VAL] Loss: 0.4930, Accuracy: 78.76%, AUC: 0.78
New best model saved with validation metric: 25.2121
Epoch [62/100] - [TRAIN] Loss: 0.4833, Accuracy: 79.12%, AUC: 0.78 - [VAL] Loss: 0.4927, Accuracy: 78.95%, AUC: 0.78
Epoch [63/100] - [TRAIN] Loss: 0.4835, Accuracy: 79.23%, AUC: 0.78 - [VAL] Loss: 0.4966, Accuracy: 78.50%, AUC: 0.78
Epoch [64/100] - [TRAIN] Loss: 0.4832, Accuracy: 79.20%, AUC: 0.78 - [VAL] Loss: 0.4929, Accuracy: 78.77%, AUC: 0.78
Epoch [65/100] - [TRAIN] Loss: 0.4813, Accuracy: 79.43%, AUC: 0.79 - [VAL] Loss: 0.4927, Accuracy: 78.81%, AUC: 0.78
Epoch [66/100] - [TRAIN] Loss: 0.4803, Accuracy: 79.24%, AUC: 0.78 - [VAL] Loss: 0.4930, Accuracy: 78.76%, AUC: 0.78
Epoch [67/100] - [TRAIN] Loss: 0.4816, Accuracy: 79.31%, AUC: 0.79 - [VAL] Loss: 0.4925, Accuracy: 78.88%, AUC: 0.78
Epoch [68/100] - [TRAIN] Loss: 0.4816, Accuracy: 79.43%, AUC: 0.79 - [VAL] Loss: 0.4924, Accuracy: 78.91%, AUC: 0.78
Epoch [69/100] - [TRAIN] Loss: 0.4796, Accuracy: 79.29%, AUC: 0.78 - [VAL] Loss: 0.4924, Accuracy: 78.88%, AUC: 0.78
Epoch [70/100] - [TRAIN] Loss: 0.4810, Accuracy: 79.34%, AUC: 0.79 - [VAL] Loss: 0.4929, Accuracy: 78.72%, AUC: 0.78
Epoch [71/100] - [TRAIN] Loss: 0.4802, Accuracy: 79.38%, AUC: 0.79 - [VAL] Loss: 0.4924, Accuracy: 78.89%, AUC: 0.78
Epoch [72/100] - [TRAIN] Loss: 0.4785, Accuracy: 79.47%, AUC: 0.79 - [VAL] Loss: 0.4923, Accuracy: 78.93%, AUC: 0.78
Epoch [73/100] - [TRAIN] Loss: 0.4794, Accuracy: 79.42%, AUC: 0.79 - [VAL] Loss: 0.4930, Accuracy: 78.76%, AUC: 0.78
New best model saved with validation metric: 25.2338
Epoch [74/100] - [TRAIN] Loss: 0.4798, Accuracy: 79.35%, AUC: 0.79 - [VAL] Loss: 0.4923, Accuracy: 79.02%, AUC: 0.78
Epoch [75/100] - [TRAIN] Loss: 0.4797, Accuracy: 79.50%, AUC: 0.79 - [VAL] Loss: 0.4925, Accuracy: 78.96%, AUC: 0.78
Epoch [76/100] - [TRAIN] Loss: 0.4782, Accuracy: 79.46%, AUC: 0.79 - [VAL] Loss: 0.4927, Accuracy: 78.98%, AUC: 0.78
Epoch [77/100] - [TRAIN] Loss: 0.4771, Accuracy: 79.42%, AUC: 0.79 - [VAL] Loss: 0.4925, Accuracy: 78.95%, AUC: 0.78
Epoch [78/100] - [TRAIN] Loss: 0.4783, Accuracy: 79.42%, AUC: 0.79 - [VAL] Loss: 0.4933, Accuracy: 78.76%, AUC: 0.78
Epoch [79/100] - [TRAIN] Loss: 0.4781, Accuracy: 79.50%, AUC: 0.79 - [VAL] Loss: 0.4928, Accuracy: 78.80%, AUC: 0.78
New best model saved with validation metric: 25.2641
Epoch [80/100] - [TRAIN] Loss: 0.4749, Accuracy: 79.42%, AUC: 0.79 - [VAL] Loss: 0.4923, Accuracy: 79.11%, AUC: 0.78
New best model saved with validation metric: 25.2684
Epoch [81/100] - [TRAIN] Loss: 0.4760, Accuracy: 79.42%, AUC: 0.79 - [VAL] Loss: 0.4932, Accuracy: 79.12%, AUC: 0.78
Epoch [82/100] - [TRAIN] Loss: 0.4758, Accuracy: 79.51%, AUC: 0.79 - [VAL] Loss: 0.4927, Accuracy: 78.92%, AUC: 0.78
Epoch [83/100] - [TRAIN] Loss: 0.4752, Accuracy: 79.54%, AUC: 0.79 - [VAL] Loss: 0.4926, Accuracy: 79.00%, AUC: 0.78
Epoch [84/100] - [TRAIN] Loss: 0.4764, Accuracy: 79.63%, AUC: 0.79 - [VAL] Loss: 0.4924, Accuracy: 79.03%, AUC: 0.78
Epoch [85/100] - [TRAIN] Loss: 0.4755, Accuracy: 79.52%, AUC: 0.79 - [VAL] Loss: 0.4927, Accuracy: 78.98%, AUC: 0.78
Epoch [86/100] - [TRAIN] Loss: 0.4762, Accuracy: 79.63%, AUC: 0.79 - [VAL] Loss: 0.4944, Accuracy: 78.77%, AUC: 0.78
Epoch [87/100] - [TRAIN] Loss: 0.4755, Accuracy: 79.63%, AUC: 0.79 - [VAL] Loss: 0.4926, Accuracy: 79.07%, AUC: 0.78
Epoch [88/100] - [TRAIN] Loss: 0.4739, Accuracy: 79.77%, AUC: 0.79 - [VAL] Loss: 0.4926, Accuracy: 79.06%, AUC: 0.78
Epoch [89/100] - [TRAIN] Loss: 0.4730, Accuracy: 79.65%, AUC: 0.79 - [VAL] Loss: 0.4944, Accuracy: 78.68%, AUC: 0.78
Epoch [90/100] - [TRAIN] Loss: 0.4740, Accuracy: 79.69%, AUC: 0.79 - [VAL] Loss: 0.4930, Accuracy: 78.99%, AUC: 0.78
Epoch [91/100] - [TRAIN] Loss: 0.4732, Accuracy: 79.73%, AUC: 0.79 - [VAL] Loss: 0.4928, Accuracy: 79.07%, AUC: 0.78
Epoch [92/100] - [TRAIN] Loss: 0.4737, Accuracy: 79.74%, AUC: 0.79 - [VAL] Loss: 0.4938, Accuracy: 78.89%, AUC: 0.78
Epoch [93/100] - [TRAIN] Loss: 0.4735, Accuracy: 79.75%, AUC: 0.79 - [VAL] Loss: 0.4932, Accuracy: 78.91%, AUC: 0.78
Epoch [94/100] - [TRAIN] Loss: 0.4715, Accuracy: 79.74%, AUC: 0.79 - [VAL] Loss: 0.4927, Accuracy: 79.06%, AUC: 0.78
Epoch [95/100] - [TRAIN] Loss: 0.4729, Accuracy: 79.74%, AUC: 0.79 - [VAL] Loss: 0.4937, Accuracy: 78.89%, AUC: 0.78
Epoch [96/100] - [TRAIN] Loss: 0.4723, Accuracy: 79.84%, AUC: 0.79 - [VAL] Loss: 0.4938, Accuracy: 78.85%, AUC: 0.78
Epoch [97/100] - [TRAIN] Loss: 0.4727, Accuracy: 79.77%, AUC: 0.79 - [VAL] Loss: 0.4931, Accuracy: 79.04%, AUC: 0.78
Epoch [98/100] - [TRAIN] Loss: 0.4726, Accuracy: 79.78%, AUC: 0.79 - [VAL] Loss: 0.4943, Accuracy: 78.81%, AUC: 0.78
Epoch [99/100] - [TRAIN] Loss: 0.4707, Accuracy: 79.75%, AUC: 0.79 - [VAL] Loss: 0.4930, Accuracy: 78.98%, AUC: 0.78
Epoch [100/100] - [TRAIN] Loss: 0.4721, Accuracy: 79.84%, AUC: 0.79 - [VAL] Loss: 0.4969, Accuracy: 78.62%, AUC: 0.78
Training finished!
Accuracy Score on test set: 79.34 %
AUC Score on test set: 0.79
Item: H3K9me3-H3K9ac-H3K4me3-H3K27me3-H3K27ac
Train set shape: (7399, 5, 4000) (7399,)
Validation set shape: (7377, 5, 4000) (7377,)
Test set shape: (7378, 5, 4000) (7378,)
New best model saved with validation metric: 19.4242
Epoch [1/100] - [TRAIN] Loss: 0.6625, Accuracy: 60.82%, AUC: 0.50 - [VAL] Loss: 0.6363, Accuracy: 60.82%, AUC: 0.50
Epoch [2/100] - [TRAIN] Loss: 0.6167, Accuracy: 60.82%, AUC: 0.50 - [VAL] Loss: 0.5945, Accuracy: 60.82%, AUC: 0.50
Epoch [3/100] - [TRAIN] Loss: 0.5822, Accuracy: 60.82%, AUC: 0.50 - [VAL] Loss: 0.5631, Accuracy: 60.82%, AUC: 0.50
New best model saved with validation metric: 25.0476
Epoch [4/100] - [TRAIN] Loss: 0.5563, Accuracy: 70.02%, AUC: 0.64 - [VAL] Loss: 0.5427, Accuracy: 78.43%, AUC: 0.77
New best model saved with validation metric: 25.1126
Epoch [5/100] - [TRAIN] Loss: 0.5423, Accuracy: 78.59%, AUC: 0.77 - [VAL] Loss: 0.5314, Accuracy: 78.64%, AUC: 0.78
Epoch [6/100] - [TRAIN] Loss: 0.5330, Accuracy: 78.54%, AUC: 0.78 - [VAL] Loss: 0.5247, Accuracy: 78.26%, AUC: 0.78
Epoch [7/100] - [TRAIN] Loss: 0.5280, Accuracy: 78.55%, AUC: 0.78 - [VAL] Loss: 0.5198, Accuracy: 78.00%, AUC: 0.78
Epoch [8/100] - [TRAIN] Loss: 0.5221, Accuracy: 78.21%, AUC: 0.78 - [VAL] Loss: 0.5161, Accuracy: 77.89%, AUC: 0.78
Epoch [9/100] - [TRAIN] Loss: 0.5199, Accuracy: 78.21%, AUC: 0.78 - [VAL] Loss: 0.5144, Accuracy: 77.58%, AUC: 0.78
Epoch [10/100] - [TRAIN] Loss: 0.5144, Accuracy: 78.06%, AUC: 0.78 - [VAL] Loss: 0.5110, Accuracy: 77.88%, AUC: 0.78
Epoch [11/100] - [TRAIN] Loss: 0.5144, Accuracy: 78.24%, AUC: 0.78 - [VAL] Loss: 0.5101, Accuracy: 77.70%, AUC: 0.78
Epoch [12/100] - [TRAIN] Loss: 0.5114, Accuracy: 78.19%, AUC: 0.78 - [VAL] Loss: 0.5084, Accuracy: 77.77%, AUC: 0.78
Epoch [13/100] - [TRAIN] Loss: 0.5083, Accuracy: 78.27%, AUC: 0.78 - [VAL] Loss: 0.5071, Accuracy: 77.80%, AUC: 0.78
Epoch [14/100] - [TRAIN] Loss: 0.5080, Accuracy: 78.21%, AUC: 0.78 - [VAL] Loss: 0.5055, Accuracy: 78.12%, AUC: 0.78
Epoch [15/100] - [TRAIN] Loss: 0.5064, Accuracy: 78.29%, AUC: 0.78 - [VAL] Loss: 0.5047, Accuracy: 78.07%, AUC: 0.78
Epoch [16/100] - [TRAIN] Loss: 0.5056, Accuracy: 78.28%, AUC: 0.78 - [VAL] Loss: 0.5036, Accuracy: 78.26%, AUC: 0.78
Epoch [17/100] - [TRAIN] Loss: 0.5036, Accuracy: 78.51%, AUC: 0.78 - [VAL] Loss: 0.5037, Accuracy: 77.99%, AUC: 0.78
Epoch [18/100] - [TRAIN] Loss: 0.5026, Accuracy: 78.43%, AUC: 0.78 - [VAL] Loss: 0.5024, Accuracy: 78.28%, AUC: 0.78
Epoch [19/100] - [TRAIN] Loss: 0.5011, Accuracy: 78.43%, AUC: 0.78 - [VAL] Loss: 0.5019, Accuracy: 78.31%, AUC: 0.78
Epoch [20/100] - [TRAIN] Loss: 0.5014, Accuracy: 78.55%, AUC: 0.78 - [VAL] Loss: 0.5014, Accuracy: 78.34%, AUC: 0.78
Epoch [21/100] - [TRAIN] Loss: 0.5001, Accuracy: 78.50%, AUC: 0.78 - [VAL] Loss: 0.5005, Accuracy: 78.45%, AUC: 0.78
Epoch [22/100] - [TRAIN] Loss: 0.4996, Accuracy: 78.66%, AUC: 0.78 - [VAL] Loss: 0.5009, Accuracy: 78.32%, AUC: 0.78
Epoch [23/100] - [TRAIN] Loss: 0.4992, Accuracy: 78.71%, AUC: 0.78 - [VAL] Loss: 0.5009, Accuracy: 78.27%, AUC: 0.78
Epoch [24/100] - [TRAIN] Loss: 0.4984, Accuracy: 78.69%, AUC: 0.78 - [VAL] Loss: 0.4996, Accuracy: 78.37%, AUC: 0.78
Epoch [25/100] - [TRAIN] Loss: 0.4973, Accuracy: 78.67%, AUC: 0.78 - [VAL] Loss: 0.4989, Accuracy: 78.41%, AUC: 0.78
Epoch [26/100] - [TRAIN] Loss: 0.4970, Accuracy: 78.81%, AUC: 0.78 - [VAL] Loss: 0.4991, Accuracy: 78.34%, AUC: 0.78
Epoch [27/100] - [TRAIN] Loss: 0.4979, Accuracy: 78.73%, AUC: 0.78 - [VAL] Loss: 0.4983, Accuracy: 78.45%, AUC: 0.78
Epoch [28/100] - [TRAIN] Loss: 0.4960, Accuracy: 78.90%, AUC: 0.78 - [VAL] Loss: 0.4981, Accuracy: 78.41%, AUC: 0.78
Epoch [29/100] - [TRAIN] Loss: 0.4962, Accuracy: 78.78%, AUC: 0.78 - [VAL] Loss: 0.4977, Accuracy: 78.46%, AUC: 0.78
Epoch [30/100] - [TRAIN] Loss: 0.4955, Accuracy: 78.78%, AUC: 0.78 - [VAL] Loss: 0.4976, Accuracy: 78.43%, AUC: 0.78
Epoch [31/100] - [TRAIN] Loss: 0.4949, Accuracy: 78.79%, AUC: 0.78 - [VAL] Loss: 0.4976, Accuracy: 78.35%, AUC: 0.78
Epoch [32/100] - [TRAIN] Loss: 0.4940, Accuracy: 78.94%, AUC: 0.78 - [VAL] Loss: 0.4973, Accuracy: 78.35%, AUC: 0.78
Epoch [33/100] - [TRAIN] Loss: 0.4947, Accuracy: 78.90%, AUC: 0.78 - [VAL] Loss: 0.4967, Accuracy: 78.51%, AUC: 0.78
Epoch [34/100] - [TRAIN] Loss: 0.4931, Accuracy: 78.77%, AUC: 0.78 - [VAL] Loss: 0.4962, Accuracy: 78.57%, AUC: 0.78
Epoch [35/100] - [TRAIN] Loss: 0.4926, Accuracy: 78.96%, AUC: 0.78 - [VAL] Loss: 0.4969, Accuracy: 78.38%, AUC: 0.78
Epoch [36/100] - [TRAIN] Loss: 0.4922, Accuracy: 78.83%, AUC: 0.78 - [VAL] Loss: 0.4955, Accuracy: 78.62%, AUC: 0.78
Epoch [37/100] - [TRAIN] Loss: 0.4921, Accuracy: 78.98%, AUC: 0.78 - [VAL] Loss: 0.4956, Accuracy: 78.60%, AUC: 0.78
Epoch [38/100] - [TRAIN] Loss: 0.4908, Accuracy: 78.88%, AUC: 0.78 - [VAL] Loss: 0.4951, Accuracy: 78.62%, AUC: 0.78
New best model saved with validation metric: 25.1212
Epoch [39/100] - [TRAIN] Loss: 0.4919, Accuracy: 78.82%, AUC: 0.78 - [VAL] Loss: 0.4953, Accuracy: 78.66%, AUC: 0.78
New best model saved with validation metric: 25.1342
Epoch [40/100] - [TRAIN] Loss: 0.4904, Accuracy: 78.92%, AUC: 0.78 - [VAL] Loss: 0.4947, Accuracy: 78.70%, AUC: 0.78
Epoch [41/100] - [TRAIN] Loss: 0.4924, Accuracy: 79.09%, AUC: 0.78 - [VAL] Loss: 0.4949, Accuracy: 78.68%, AUC: 0.78
Epoch [42/100] - [TRAIN] Loss: 0.4898, Accuracy: 78.97%, AUC: 0.78 - [VAL] Loss: 0.4947, Accuracy: 78.66%, AUC: 0.78
Epoch [43/100] - [TRAIN] Loss: 0.4887, Accuracy: 79.01%, AUC: 0.78 - [VAL] Loss: 0.4943, Accuracy: 78.70%, AUC: 0.78
Epoch [44/100] - [TRAIN] Loss: 0.4895, Accuracy: 79.01%, AUC: 0.78 - [VAL] Loss: 0.4947, Accuracy: 78.62%, AUC: 0.78
Epoch [45/100] - [TRAIN] Loss: 0.4892, Accuracy: 79.05%, AUC: 0.78 - [VAL] Loss: 0.4955, Accuracy: 78.50%, AUC: 0.78
Epoch [46/100] - [TRAIN] Loss: 0.4882, Accuracy: 78.90%, AUC: 0.78 - [VAL] Loss: 0.4940, Accuracy: 78.65%, AUC: 0.78
New best model saved with validation metric: 25.1385
Epoch [47/100] - [TRAIN] Loss: 0.4877, Accuracy: 79.00%, AUC: 0.78 - [VAL] Loss: 0.4938, Accuracy: 78.72%, AUC: 0.78
New best model saved with validation metric: 25.1861
Epoch [48/100] - [TRAIN] Loss: 0.4878, Accuracy: 79.01%, AUC: 0.78 - [VAL] Loss: 0.4934, Accuracy: 78.87%, AUC: 0.78
Epoch [49/100] - [TRAIN] Loss: 0.4881, Accuracy: 78.94%, AUC: 0.78 - [VAL] Loss: 0.4932, Accuracy: 78.83%, AUC: 0.78
Epoch [50/100] - [TRAIN] Loss: 0.4865, Accuracy: 79.06%, AUC: 0.78 - [VAL] Loss: 0.4938, Accuracy: 78.70%, AUC: 0.78
Epoch [51/100] - [TRAIN] Loss: 0.4868, Accuracy: 79.11%, AUC: 0.78 - [VAL] Loss: 0.4927, Accuracy: 78.81%, AUC: 0.78
Epoch [52/100] - [TRAIN] Loss: 0.4866, Accuracy: 79.13%, AUC: 0.78 - [VAL] Loss: 0.4927, Accuracy: 78.77%, AUC: 0.78
Epoch [53/100] - [TRAIN] Loss: 0.4869, Accuracy: 79.08%, AUC: 0.78 - [VAL] Loss: 0.4928, Accuracy: 78.83%, AUC: 0.78
Epoch [54/100] - [TRAIN] Loss: 0.4841, Accuracy: 79.13%, AUC: 0.78 - [VAL] Loss: 0.4939, Accuracy: 78.66%, AUC: 0.78
Epoch [55/100] - [TRAIN] Loss: 0.4848, Accuracy: 79.09%, AUC: 0.78 - [VAL] Loss: 0.4923, Accuracy: 78.84%, AUC: 0.78
New best model saved with validation metric: 25.1948
Epoch [56/100] - [TRAIN] Loss: 0.4843, Accuracy: 79.34%, AUC: 0.79 - [VAL] Loss: 0.4923, Accuracy: 78.89%, AUC: 0.78
New best model saved with validation metric: 25.1991
Epoch [57/100] - [TRAIN] Loss: 0.4839, Accuracy: 79.20%, AUC: 0.78 - [VAL] Loss: 0.4922, Accuracy: 78.91%, AUC: 0.78
Epoch [58/100] - [TRAIN] Loss: 0.4848, Accuracy: 79.15%, AUC: 0.78 - [VAL] Loss: 0.4921, Accuracy: 78.83%, AUC: 0.78
Epoch [59/100] - [TRAIN] Loss: 0.4842, Accuracy: 79.17%, AUC: 0.78 - [VAL] Loss: 0.4923, Accuracy: 78.84%, AUC: 0.78
Epoch [60/100] - [TRAIN] Loss: 0.4832, Accuracy: 79.19%, AUC: 0.78 - [VAL] Loss: 0.4919, Accuracy: 78.91%, AUC: 0.78
Epoch [61/100] - [TRAIN] Loss: 0.4833, Accuracy: 79.05%, AUC: 0.78 - [VAL] Loss: 0.4920, Accuracy: 78.91%, AUC: 0.78
Epoch [62/100] - [TRAIN] Loss: 0.4833, Accuracy: 79.21%, AUC: 0.78 - [VAL] Loss: 0.4921, Accuracy: 78.89%, AUC: 0.78
Epoch [63/100] - [TRAIN] Loss: 0.4826, Accuracy: 79.31%, AUC: 0.79 - [VAL] Loss: 0.4919, Accuracy: 78.89%, AUC: 0.78
Epoch [64/100] - [TRAIN] Loss: 0.4819, Accuracy: 79.19%, AUC: 0.78 - [VAL] Loss: 0.4922, Accuracy: 78.88%, AUC: 0.78
New best model saved with validation metric: 25.2035
Epoch [65/100] - [TRAIN] Loss: 0.4829, Accuracy: 79.27%, AUC: 0.78 - [VAL] Loss: 0.4919, Accuracy: 78.92%, AUC: 0.78
Epoch [66/100] - [TRAIN] Loss: 0.4812, Accuracy: 79.23%, AUC: 0.78 - [VAL] Loss: 0.4919, Accuracy: 78.88%, AUC: 0.78
Epoch [67/100] - [TRAIN] Loss: 0.4833, Accuracy: 79.32%, AUC: 0.79 - [VAL] Loss: 0.4919, Accuracy: 78.88%, AUC: 0.78
New best model saved with validation metric: 25.2078
Epoch [68/100] - [TRAIN] Loss: 0.4823, Accuracy: 79.28%, AUC: 0.78 - [VAL] Loss: 0.4919, Accuracy: 78.93%, AUC: 0.78
Epoch [69/100] - [TRAIN] Loss: 0.4813, Accuracy: 79.52%, AUC: 0.79 - [VAL] Loss: 0.4917, Accuracy: 78.92%, AUC: 0.78
Epoch [70/100] - [TRAIN] Loss: 0.4814, Accuracy: 79.34%, AUC: 0.79 - [VAL] Loss: 0.4916, Accuracy: 78.93%, AUC: 0.78
Epoch [71/100] - [TRAIN] Loss: 0.4814, Accuracy: 79.24%, AUC: 0.78 - [VAL] Loss: 0.4920, Accuracy: 78.91%, AUC: 0.78
Epoch [72/100] - [TRAIN] Loss: 0.4802, Accuracy: 79.36%, AUC: 0.79 - [VAL] Loss: 0.4935, Accuracy: 78.79%, AUC: 0.78
Epoch [73/100] - [TRAIN] Loss: 0.4812, Accuracy: 79.28%, AUC: 0.78 - [VAL] Loss: 0.4918, Accuracy: 78.91%, AUC: 0.78
Epoch [74/100] - [TRAIN] Loss: 0.4799, Accuracy: 79.43%, AUC: 0.79 - [VAL] Loss: 0.4926, Accuracy: 78.81%, AUC: 0.78
New best model saved with validation metric: 25.2165
Epoch [75/100] - [TRAIN] Loss: 0.4798, Accuracy: 79.36%, AUC: 0.79 - [VAL] Loss: 0.4917, Accuracy: 78.96%, AUC: 0.78
New best model saved with validation metric: 25.2208
Epoch [76/100] - [TRAIN] Loss: 0.4797, Accuracy: 79.55%, AUC: 0.79 - [VAL] Loss: 0.4916, Accuracy: 78.98%, AUC: 0.78
Epoch [77/100] - [TRAIN] Loss: 0.4798, Accuracy: 79.42%, AUC: 0.79 - [VAL] Loss: 0.4917, Accuracy: 78.98%, AUC: 0.78
Epoch [78/100] - [TRAIN] Loss: 0.4775, Accuracy: 79.50%, AUC: 0.79 - [VAL] Loss: 0.4920, Accuracy: 78.93%, AUC: 0.78
Epoch [79/100] - [TRAIN] Loss: 0.4779, Accuracy: 79.29%, AUC: 0.78 - [VAL] Loss: 0.4923, Accuracy: 78.93%, AUC: 0.78
Epoch [80/100] - [TRAIN] Loss: 0.4785, Accuracy: 79.56%, AUC: 0.79 - [VAL] Loss: 0.4934, Accuracy: 78.83%, AUC: 0.78
New best model saved with validation metric: 25.2424
Epoch [81/100] - [TRAIN] Loss: 0.4789, Accuracy: 79.36%, AUC: 0.79 - [VAL] Loss: 0.4916, Accuracy: 79.04%, AUC: 0.78
Epoch [82/100] - [TRAIN] Loss: 0.4784, Accuracy: 79.48%, AUC: 0.79 - [VAL] Loss: 0.4916, Accuracy: 78.96%, AUC: 0.78
Epoch [83/100] - [TRAIN] Loss: 0.4768, Accuracy: 79.51%, AUC: 0.79 - [VAL] Loss: 0.4932, Accuracy: 78.91%, AUC: 0.78
Epoch [84/100] - [TRAIN] Loss: 0.4767, Accuracy: 79.58%, AUC: 0.79 - [VAL] Loss: 0.4917, Accuracy: 78.99%, AUC: 0.78
Epoch [85/100] - [TRAIN] Loss: 0.4760, Accuracy: 79.46%, AUC: 0.79 - [VAL] Loss: 0.4916, Accuracy: 78.98%, AUC: 0.78
Epoch [86/100] - [TRAIN] Loss: 0.4766, Accuracy: 79.50%, AUC: 0.79 - [VAL] Loss: 0.4924, Accuracy: 78.99%, AUC: 0.78
New best model saved with validation metric: 25.2727
Epoch [87/100] - [TRAIN] Loss: 0.4764, Accuracy: 79.54%, AUC: 0.79 - [VAL] Loss: 0.4926, Accuracy: 79.14%, AUC: 0.79
Epoch [88/100] - [TRAIN] Loss: 0.4758, Accuracy: 79.59%, AUC: 0.79 - [VAL] Loss: 0.4920, Accuracy: 79.10%, AUC: 0.79
Epoch [89/100] - [TRAIN] Loss: 0.4764, Accuracy: 79.55%, AUC: 0.79 - [VAL] Loss: 0.4923, Accuracy: 79.12%, AUC: 0.79
Epoch [90/100] - [TRAIN] Loss: 0.4751, Accuracy: 79.56%, AUC: 0.79 - [VAL] Loss: 0.4917, Accuracy: 79.02%, AUC: 0.78
Epoch [91/100] - [TRAIN] Loss: 0.4742, Accuracy: 79.67%, AUC: 0.79 - [VAL] Loss: 0.4928, Accuracy: 79.03%, AUC: 0.79
Epoch [92/100] - [TRAIN] Loss: 0.4762, Accuracy: 79.46%, AUC: 0.79 - [VAL] Loss: 0.4931, Accuracy: 79.10%, AUC: 0.79
Epoch [93/100] - [TRAIN] Loss: 0.4751, Accuracy: 79.56%, AUC: 0.79 - [VAL] Loss: 0.4919, Accuracy: 79.12%, AUC: 0.79
Epoch [94/100] - [TRAIN] Loss: 0.4744, Accuracy: 79.50%, AUC: 0.79 - [VAL] Loss: 0.4919, Accuracy: 79.11%, AUC: 0.78
Epoch [95/100] - [TRAIN] Loss: 0.4734, Accuracy: 79.56%, AUC: 0.79 - [VAL] Loss: 0.4919, Accuracy: 79.07%, AUC: 0.78
New best model saved with validation metric: 25.2814
Epoch [96/100] - [TRAIN] Loss: 0.4745, Accuracy: 79.61%, AUC: 0.79 - [VAL] Loss: 0.4922, Accuracy: 79.16%, AUC: 0.79
Epoch [97/100] - [TRAIN] Loss: 0.4739, Accuracy: 79.63%, AUC: 0.79 - [VAL] Loss: 0.4921, Accuracy: 79.14%, AUC: 0.79
Epoch [98/100] - [TRAIN] Loss: 0.4723, Accuracy: 79.85%, AUC: 0.79 - [VAL] Loss: 0.4920, Accuracy: 79.07%, AUC: 0.78
Epoch [99/100] - [TRAIN] Loss: 0.4719, Accuracy: 79.66%, AUC: 0.79 - [VAL] Loss: 0.4923, Accuracy: 79.12%, AUC: 0.79
Epoch [100/100] - [TRAIN] Loss: 0.4730, Accuracy: 79.62%, AUC: 0.79 - [VAL] Loss: 0.4919, Accuracy: 79.02%, AUC: 0.78
Training finished!
Accuracy Score on test set: 79.49 %
AUC Score on test set: 0.79
Item: H3K9me3-H3K9ac-H3K27ac-H3K4me3-H3K27me3
Train set shape: (7399, 5, 4000) (7399,)
Validation set shape: (7377, 5, 4000) (7377,)
Test set shape: (7378, 5, 4000) (7378,)
New best model saved with validation metric: 19.4242
Epoch [1/100] - [TRAIN] Loss: 0.6631, Accuracy: 65.08%, AUC: 0.62 - [VAL] Loss: 0.6236, Accuracy: 60.82%, AUC: 0.50
Epoch [2/100] - [TRAIN] Loss: 0.5967, Accuracy: 60.87%, AUC: 0.50 - [VAL] Loss: 0.5709, Accuracy: 60.82%, AUC: 0.50
New best model saved with validation metric: 24.9654
Epoch [3/100] - [TRAIN] Loss: 0.5603, Accuracy: 74.28%, AUC: 0.71 - [VAL] Loss: 0.5445, Accuracy: 78.18%, AUC: 0.77
New best model saved with validation metric: 25.0519
Epoch [4/100] - [TRAIN] Loss: 0.5440, Accuracy: 78.16%, AUC: 0.77 - [VAL] Loss: 0.5337, Accuracy: 78.45%, AUC: 0.78
Epoch [5/100] - [TRAIN] Loss: 0.5360, Accuracy: 78.48%, AUC: 0.78 - [VAL] Loss: 0.5281, Accuracy: 78.23%, AUC: 0.78
Epoch [6/100] - [TRAIN] Loss: 0.5325, Accuracy: 78.46%, AUC: 0.78 - [VAL] Loss: 0.5239, Accuracy: 78.24%, AUC: 0.78
Epoch [7/100] - [TRAIN] Loss: 0.5264, Accuracy: 78.25%, AUC: 0.78 - [VAL] Loss: 0.5204, Accuracy: 78.15%, AUC: 0.78
Epoch [8/100] - [TRAIN] Loss: 0.5234, Accuracy: 78.35%, AUC: 0.78 - [VAL] Loss: 0.5175, Accuracy: 78.09%, AUC: 0.78
Epoch [9/100] - [TRAIN] Loss: 0.5199, Accuracy: 78.27%, AUC: 0.78 - [VAL] Loss: 0.5150, Accuracy: 78.05%, AUC: 0.78
Epoch [10/100] - [TRAIN] Loss: 0.5183, Accuracy: 78.11%, AUC: 0.78 - [VAL] Loss: 0.5130, Accuracy: 77.97%, AUC: 0.78
Epoch [11/100] - [TRAIN] Loss: 0.5151, Accuracy: 78.20%, AUC: 0.78 - [VAL] Loss: 0.5115, Accuracy: 77.86%, AUC: 0.78
Epoch [12/100] - [TRAIN] Loss: 0.5143, Accuracy: 78.20%, AUC: 0.78 - [VAL] Loss: 0.5098, Accuracy: 78.12%, AUC: 0.78
Epoch [13/100] - [TRAIN] Loss: 0.5120, Accuracy: 78.25%, AUC: 0.78 - [VAL] Loss: 0.5087, Accuracy: 77.94%, AUC: 0.78
Epoch [14/100] - [TRAIN] Loss: 0.5118, Accuracy: 78.15%, AUC: 0.78 - [VAL] Loss: 0.5076, Accuracy: 78.04%, AUC: 0.78
Epoch [15/100] - [TRAIN] Loss: 0.5100, Accuracy: 78.19%, AUC: 0.78 - [VAL] Loss: 0.5065, Accuracy: 78.24%, AUC: 0.78
Epoch [16/100] - [TRAIN] Loss: 0.5084, Accuracy: 78.35%, AUC: 0.78 - [VAL] Loss: 0.5058, Accuracy: 78.18%, AUC: 0.78
Epoch [17/100] - [TRAIN] Loss: 0.5086, Accuracy: 78.33%, AUC: 0.78 - [VAL] Loss: 0.5056, Accuracy: 77.99%, AUC: 0.78
Epoch [18/100] - [TRAIN] Loss: 0.5054, Accuracy: 78.38%, AUC: 0.78 - [VAL] Loss: 0.5046, Accuracy: 78.11%, AUC: 0.78
Epoch [19/100] - [TRAIN] Loss: 0.5044, Accuracy: 78.47%, AUC: 0.78 - [VAL] Loss: 0.5036, Accuracy: 78.35%, AUC: 0.78
Epoch [20/100] - [TRAIN] Loss: 0.5045, Accuracy: 78.44%, AUC: 0.78 - [VAL] Loss: 0.5034, Accuracy: 78.20%, AUC: 0.78
Epoch [21/100] - [TRAIN] Loss: 0.5025, Accuracy: 78.39%, AUC: 0.78 - [VAL] Loss: 0.5024, Accuracy: 78.43%, AUC: 0.78
Epoch [22/100] - [TRAIN] Loss: 0.5020, Accuracy: 78.43%, AUC: 0.78 - [VAL] Loss: 0.5022, Accuracy: 78.41%, AUC: 0.78
Epoch [23/100] - [TRAIN] Loss: 0.5019, Accuracy: 78.42%, AUC: 0.78 - [VAL] Loss: 0.5013, Accuracy: 78.39%, AUC: 0.78
Epoch [24/100] - [TRAIN] Loss: 0.5010, Accuracy: 78.65%, AUC: 0.78 - [VAL] Loss: 0.5009, Accuracy: 78.41%, AUC: 0.78
Epoch [25/100] - [TRAIN] Loss: 0.4998, Accuracy: 78.50%, AUC: 0.78 - [VAL] Loss: 0.5005, Accuracy: 78.37%, AUC: 0.78
Epoch [26/100] - [TRAIN] Loss: 0.5010, Accuracy: 78.62%, AUC: 0.78 - [VAL] Loss: 0.5002, Accuracy: 78.42%, AUC: 0.78
Epoch [27/100] - [TRAIN] Loss: 0.4987, Accuracy: 78.61%, AUC: 0.78 - [VAL] Loss: 0.5001, Accuracy: 78.31%, AUC: 0.78
Epoch [28/100] - [TRAIN] Loss: 0.4979, Accuracy: 78.67%, AUC: 0.78 - [VAL] Loss: 0.4997, Accuracy: 78.37%, AUC: 0.78
Epoch [29/100] - [TRAIN] Loss: 0.4984, Accuracy: 78.58%, AUC: 0.78 - [VAL] Loss: 0.4990, Accuracy: 78.39%, AUC: 0.78
Epoch [30/100] - [TRAIN] Loss: 0.4974, Accuracy: 78.65%, AUC: 0.78 - [VAL] Loss: 0.4986, Accuracy: 78.45%, AUC: 0.78
Epoch [31/100] - [TRAIN] Loss: 0.4957, Accuracy: 78.75%, AUC: 0.78 - [VAL] Loss: 0.4986, Accuracy: 78.38%, AUC: 0.78
New best model saved with validation metric: 25.0736
Epoch [32/100] - [TRAIN] Loss: 0.4966, Accuracy: 78.81%, AUC: 0.78 - [VAL] Loss: 0.4979, Accuracy: 78.51%, AUC: 0.78
Epoch [33/100] - [TRAIN] Loss: 0.4947, Accuracy: 78.73%, AUC: 0.78 - [VAL] Loss: 0.4975, Accuracy: 78.50%, AUC: 0.78
New best model saved with validation metric: 25.0779
Epoch [34/100] - [TRAIN] Loss: 0.4939, Accuracy: 78.86%, AUC: 0.78 - [VAL] Loss: 0.4971, Accuracy: 78.53%, AUC: 0.78
New best model saved with validation metric: 25.0866
Epoch [35/100] - [TRAIN] Loss: 0.4938, Accuracy: 78.82%, AUC: 0.78 - [VAL] Loss: 0.4968, Accuracy: 78.55%, AUC: 0.78
New best model saved with validation metric: 25.1082
Epoch [36/100] - [TRAIN] Loss: 0.4937, Accuracy: 78.88%, AUC: 0.78 - [VAL] Loss: 0.4964, Accuracy: 78.62%, AUC: 0.78
Epoch [37/100] - [TRAIN] Loss: 0.4928, Accuracy: 78.90%, AUC: 0.78 - [VAL] Loss: 0.4965, Accuracy: 78.58%, AUC: 0.78
Epoch [38/100] - [TRAIN] Loss: 0.4924, Accuracy: 78.96%, AUC: 0.78 - [VAL] Loss: 0.4961, Accuracy: 78.62%, AUC: 0.78
Epoch [39/100] - [TRAIN] Loss: 0.4936, Accuracy: 78.85%, AUC: 0.78 - [VAL] Loss: 0.4957, Accuracy: 78.62%, AUC: 0.78
New best model saved with validation metric: 25.1126
Epoch [40/100] - [TRAIN] Loss: 0.4916, Accuracy: 78.93%, AUC: 0.78 - [VAL] Loss: 0.4957, Accuracy: 78.64%, AUC: 0.78
New best model saved with validation metric: 25.1255
Epoch [41/100] - [TRAIN] Loss: 0.4915, Accuracy: 78.85%, AUC: 0.78 - [VAL] Loss: 0.4952, Accuracy: 78.68%, AUC: 0.78
New best model saved with validation metric: 25.1472
Epoch [42/100] - [TRAIN] Loss: 0.4911, Accuracy: 78.89%, AUC: 0.78 - [VAL] Loss: 0.4950, Accuracy: 78.74%, AUC: 0.78
New best model saved with validation metric: 25.1602
Epoch [43/100] - [TRAIN] Loss: 0.4908, Accuracy: 78.92%, AUC: 0.78 - [VAL] Loss: 0.4946, Accuracy: 78.79%, AUC: 0.78
Epoch [44/100] - [TRAIN] Loss: 0.4926, Accuracy: 78.90%, AUC: 0.78 - [VAL] Loss: 0.4948, Accuracy: 78.76%, AUC: 0.78
Epoch [45/100] - [TRAIN] Loss: 0.4896, Accuracy: 78.98%, AUC: 0.78 - [VAL] Loss: 0.4946, Accuracy: 78.74%, AUC: 0.78
Epoch [46/100] - [TRAIN] Loss: 0.4900, Accuracy: 78.94%, AUC: 0.78 - [VAL] Loss: 0.4944, Accuracy: 78.74%, AUC: 0.78
New best model saved with validation metric: 25.1861
Epoch [47/100] - [TRAIN] Loss: 0.4904, Accuracy: 78.93%, AUC: 0.78 - [VAL] Loss: 0.4941, Accuracy: 78.87%, AUC: 0.78
Epoch [48/100] - [TRAIN] Loss: 0.4893, Accuracy: 78.98%, AUC: 0.78 - [VAL] Loss: 0.4938, Accuracy: 78.79%, AUC: 0.78
Epoch [49/100] - [TRAIN] Loss: 0.4883, Accuracy: 79.20%, AUC: 0.78 - [VAL] Loss: 0.4939, Accuracy: 78.80%, AUC: 0.78
Epoch [50/100] - [TRAIN] Loss: 0.4874, Accuracy: 78.98%, AUC: 0.78 - [VAL] Loss: 0.4943, Accuracy: 78.62%, AUC: 0.78
Epoch [51/100] - [TRAIN] Loss: 0.4867, Accuracy: 79.05%, AUC: 0.78 - [VAL] Loss: 0.4941, Accuracy: 78.69%, AUC: 0.78
Epoch [52/100] - [TRAIN] Loss: 0.4871, Accuracy: 79.04%, AUC: 0.78 - [VAL] Loss: 0.4934, Accuracy: 78.80%, AUC: 0.78
Epoch [53/100] - [TRAIN] Loss: 0.4880, Accuracy: 79.19%, AUC: 0.78 - [VAL] Loss: 0.4932, Accuracy: 78.84%, AUC: 0.78
Epoch [54/100] - [TRAIN] Loss: 0.4858, Accuracy: 78.89%, AUC: 0.78 - [VAL] Loss: 0.4933, Accuracy: 78.80%, AUC: 0.78
Epoch [55/100] - [TRAIN] Loss: 0.4847, Accuracy: 79.12%, AUC: 0.78 - [VAL] Loss: 0.4930, Accuracy: 78.83%, AUC: 0.78
Epoch [56/100] - [TRAIN] Loss: 0.4851, Accuracy: 79.06%, AUC: 0.78 - [VAL] Loss: 0.4930, Accuracy: 78.80%, AUC: 0.78
Epoch [57/100] - [TRAIN] Loss: 0.4841, Accuracy: 79.04%, AUC: 0.78 - [VAL] Loss: 0.4926, Accuracy: 78.81%, AUC: 0.78
Epoch [58/100] - [TRAIN] Loss: 0.4853, Accuracy: 79.13%, AUC: 0.78 - [VAL] Loss: 0.4926, Accuracy: 78.81%, AUC: 0.78
Epoch [59/100] - [TRAIN] Loss: 0.4829, Accuracy: 79.25%, AUC: 0.78 - [VAL] Loss: 0.4939, Accuracy: 78.66%, AUC: 0.78
Epoch [60/100] - [TRAIN] Loss: 0.4846, Accuracy: 79.21%, AUC: 0.78 - [VAL] Loss: 0.4929, Accuracy: 78.79%, AUC: 0.78
Epoch [61/100] - [TRAIN] Loss: 0.4822, Accuracy: 79.12%, AUC: 0.78 - [VAL] Loss: 0.4937, Accuracy: 78.72%, AUC: 0.78
New best model saved with validation metric: 25.1905
Epoch [62/100] - [TRAIN] Loss: 0.4833, Accuracy: 79.09%, AUC: 0.78 - [VAL] Loss: 0.4923, Accuracy: 78.88%, AUC: 0.78
New best model saved with validation metric: 25.1991
Epoch [63/100] - [TRAIN] Loss: 0.4813, Accuracy: 79.09%, AUC: 0.78 - [VAL] Loss: 0.4924, Accuracy: 78.91%, AUC: 0.78
Epoch [64/100] - [TRAIN] Loss: 0.4821, Accuracy: 79.13%, AUC: 0.78 - [VAL] Loss: 0.4923, Accuracy: 78.84%, AUC: 0.78
Epoch [65/100] - [TRAIN] Loss: 0.4820, Accuracy: 79.23%, AUC: 0.78 - [VAL] Loss: 0.4928, Accuracy: 78.74%, AUC: 0.78
Epoch [66/100] - [TRAIN] Loss: 0.4813, Accuracy: 79.20%, AUC: 0.78 - [VAL] Loss: 0.4925, Accuracy: 78.74%, AUC: 0.78
Epoch [67/100] - [TRAIN] Loss: 0.4801, Accuracy: 79.29%, AUC: 0.79 - [VAL] Loss: 0.4937, Accuracy: 78.73%, AUC: 0.78
Epoch [68/100] - [TRAIN] Loss: 0.4811, Accuracy: 79.28%, AUC: 0.79 - [VAL] Loss: 0.4927, Accuracy: 78.74%, AUC: 0.78
Epoch [69/100] - [TRAIN] Loss: 0.4807, Accuracy: 79.27%, AUC: 0.79 - [VAL] Loss: 0.4926, Accuracy: 78.77%, AUC: 0.78
Epoch [70/100] - [TRAIN] Loss: 0.4789, Accuracy: 79.29%, AUC: 0.79 - [VAL] Loss: 0.4923, Accuracy: 78.81%, AUC: 0.78
New best model saved with validation metric: 25.2121
Epoch [71/100] - [TRAIN] Loss: 0.4791, Accuracy: 79.35%, AUC: 0.79 - [VAL] Loss: 0.4920, Accuracy: 78.95%, AUC: 0.78
New best model saved with validation metric: 25.2165
Epoch [72/100] - [TRAIN] Loss: 0.4794, Accuracy: 79.31%, AUC: 0.79 - [VAL] Loss: 0.4919, Accuracy: 78.96%, AUC: 0.78
Epoch [73/100] - [TRAIN] Loss: 0.4791, Accuracy: 79.35%, AUC: 0.79 - [VAL] Loss: 0.4927, Accuracy: 78.74%, AUC: 0.78
New best model saved with validation metric: 25.2468
Epoch [74/100] - [TRAIN] Loss: 0.4794, Accuracy: 79.32%, AUC: 0.79 - [VAL] Loss: 0.4921, Accuracy: 79.06%, AUC: 0.78
Epoch [75/100] - [TRAIN] Loss: 0.4791, Accuracy: 79.44%, AUC: 0.79 - [VAL] Loss: 0.4924, Accuracy: 78.92%, AUC: 0.78
Epoch [76/100] - [TRAIN] Loss: 0.4787, Accuracy: 79.29%, AUC: 0.79 - [VAL] Loss: 0.4943, Accuracy: 78.69%, AUC: 0.78
Epoch [77/100] - [TRAIN] Loss: 0.4792, Accuracy: 79.34%, AUC: 0.79 - [VAL] Loss: 0.4927, Accuracy: 78.92%, AUC: 0.78
Epoch [78/100] - [TRAIN] Loss: 0.4779, Accuracy: 79.44%, AUC: 0.79 - [VAL] Loss: 0.4930, Accuracy: 78.81%, AUC: 0.78
Epoch [79/100] - [TRAIN] Loss: 0.4769, Accuracy: 79.39%, AUC: 0.79 - [VAL] Loss: 0.4929, Accuracy: 78.83%, AUC: 0.78
Epoch [80/100] - [TRAIN] Loss: 0.4764, Accuracy: 79.54%, AUC: 0.79 - [VAL] Loss: 0.4937, Accuracy: 78.77%, AUC: 0.78
Epoch [81/100] - [TRAIN] Loss: 0.4780, Accuracy: 79.54%, AUC: 0.79 - [VAL] Loss: 0.4930, Accuracy: 78.83%, AUC: 0.78
New best model saved with validation metric: 25.2511
Epoch [82/100] - [TRAIN] Loss: 0.4756, Accuracy: 79.44%, AUC: 0.79 - [VAL] Loss: 0.4921, Accuracy: 79.07%, AUC: 0.78
Epoch [83/100] - [TRAIN] Loss: 0.4771, Accuracy: 79.61%, AUC: 0.79 - [VAL] Loss: 0.4924, Accuracy: 78.99%, AUC: 0.78
Epoch [84/100] - [TRAIN] Loss: 0.4773, Accuracy: 79.52%, AUC: 0.79 - [VAL] Loss: 0.4929, Accuracy: 78.92%, AUC: 0.78
Epoch [85/100] - [TRAIN] Loss: 0.4752, Accuracy: 79.50%, AUC: 0.79 - [VAL] Loss: 0.4921, Accuracy: 79.03%, AUC: 0.78
Epoch [86/100] - [TRAIN] Loss: 0.4756, Accuracy: 79.52%, AUC: 0.79 - [VAL] Loss: 0.4922, Accuracy: 78.98%, AUC: 0.78
Epoch [87/100] - [TRAIN] Loss: 0.4754, Accuracy: 79.55%, AUC: 0.79 - [VAL] Loss: 0.4937, Accuracy: 78.83%, AUC: 0.78
Epoch [88/100] - [TRAIN] Loss: 0.4765, Accuracy: 79.59%, AUC: 0.79 - [VAL] Loss: 0.4927, Accuracy: 79.04%, AUC: 0.78
Epoch [89/100] - [TRAIN] Loss: 0.4746, Accuracy: 79.73%, AUC: 0.79 - [VAL] Loss: 0.4922, Accuracy: 79.06%, AUC: 0.78
Epoch [90/100] - [TRAIN] Loss: 0.4744, Accuracy: 79.47%, AUC: 0.79 - [VAL] Loss: 0.4926, Accuracy: 79.03%, AUC: 0.78
Epoch [91/100] - [TRAIN] Loss: 0.4742, Accuracy: 79.59%, AUC: 0.79 - [VAL] Loss: 0.4927, Accuracy: 78.99%, AUC: 0.78
Epoch [92/100] - [TRAIN] Loss: 0.4732, Accuracy: 79.62%, AUC: 0.79 - [VAL] Loss: 0.4932, Accuracy: 78.83%, AUC: 0.78
Epoch [93/100] - [TRAIN] Loss: 0.4735, Accuracy: 79.52%, AUC: 0.79 - [VAL] Loss: 0.4931, Accuracy: 78.91%, AUC: 0.78
Epoch [94/100] - [TRAIN] Loss: 0.4737, Accuracy: 79.70%, AUC: 0.79 - [VAL] Loss: 0.4938, Accuracy: 78.83%, AUC: 0.78
Epoch [95/100] - [TRAIN] Loss: 0.4716, Accuracy: 79.56%, AUC: 0.79 - [VAL] Loss: 0.4930, Accuracy: 78.92%, AUC: 0.78
Epoch [96/100] - [TRAIN] Loss: 0.4726, Accuracy: 79.62%, AUC: 0.79 - [VAL] Loss: 0.4923, Accuracy: 79.03%, AUC: 0.78
Epoch [97/100] - [TRAIN] Loss: 0.4717, Accuracy: 79.70%, AUC: 0.79 - [VAL] Loss: 0.4938, Accuracy: 78.83%, AUC: 0.78
Epoch [98/100] - [TRAIN] Loss: 0.4718, Accuracy: 79.74%, AUC: 0.79 - [VAL] Loss: 0.4929, Accuracy: 79.06%, AUC: 0.78
Epoch [99/100] - [TRAIN] Loss: 0.4722, Accuracy: 79.79%, AUC: 0.79 - [VAL] Loss: 0.4927, Accuracy: 79.04%, AUC: 0.78
New best model saved with validation metric: 25.2641
Epoch [100/100] - [TRAIN] Loss: 0.4716, Accuracy: 79.78%, AUC: 0.79 - [VAL] Loss: 0.4933, Accuracy: 79.11%, AUC: 0.78
Training finished!
Accuracy Score on test set: 79.40 %
AUC Score on test set: 0.79
Item: H3K9me3-H3K9ac-H3K27ac-H3K27me3-H3K4me3
Train set shape: (7399, 5, 4000) (7399,)
Validation set shape: (7377, 5, 4000) (7377,)
Test set shape: (7378, 5, 4000) (7378,)
New best model saved with validation metric: 19.4242
Epoch [1/100] - [TRAIN] Loss: 0.6446, Accuracy: 60.52%, AUC: 0.50 - [VAL] Loss: 0.6022, Accuracy: 60.82%, AUC: 0.50
Epoch [2/100] - [TRAIN] Loss: 0.5835, Accuracy: 60.82%, AUC: 0.50 - [VAL] Loss: 0.5637, Accuracy: 60.82%, AUC: 0.50
New best model saved with validation metric: 24.8745
Epoch [3/100] - [TRAIN] Loss: 0.5584, Accuracy: 70.05%, AUC: 0.64 - [VAL] Loss: 0.5436, Accuracy: 77.89%, AUC: 0.76
New best model saved with validation metric: 25.0346
Epoch [4/100] - [TRAIN] Loss: 0.5432, Accuracy: 78.05%, AUC: 0.77 - [VAL] Loss: 0.5327, Accuracy: 78.39%, AUC: 0.78
Epoch [5/100] - [TRAIN] Loss: 0.5330, Accuracy: 78.35%, AUC: 0.77 - [VAL] Loss: 0.5267, Accuracy: 78.31%, AUC: 0.78
Epoch [6/100] - [TRAIN] Loss: 0.5284, Accuracy: 78.23%, AUC: 0.78 - [VAL] Loss: 0.5220, Accuracy: 78.16%, AUC: 0.78
Epoch [7/100] - [TRAIN] Loss: 0.5232, Accuracy: 78.21%, AUC: 0.78 - [VAL] Loss: 0.5185, Accuracy: 78.00%, AUC: 0.78
Epoch [8/100] - [TRAIN] Loss: 0.5200, Accuracy: 78.29%, AUC: 0.78 - [VAL] Loss: 0.5163, Accuracy: 77.74%, AUC: 0.78
Epoch [9/100] - [TRAIN] Loss: 0.5168, Accuracy: 78.13%, AUC: 0.78 - [VAL] Loss: 0.5135, Accuracy: 77.86%, AUC: 0.78
Epoch [10/100] - [TRAIN] Loss: 0.5140, Accuracy: 78.13%, AUC: 0.78 - [VAL] Loss: 0.5116, Accuracy: 77.80%, AUC: 0.78
Epoch [11/100] - [TRAIN] Loss: 0.5125, Accuracy: 78.04%, AUC: 0.78 - [VAL] Loss: 0.5099, Accuracy: 77.84%, AUC: 0.78
Epoch [12/100] - [TRAIN] Loss: 0.5107, Accuracy: 78.17%, AUC: 0.78 - [VAL] Loss: 0.5086, Accuracy: 77.84%, AUC: 0.78
Epoch [13/100] - [TRAIN] Loss: 0.5097, Accuracy: 78.31%, AUC: 0.78 - [VAL] Loss: 0.5075, Accuracy: 77.84%, AUC: 0.78
Epoch [14/100] - [TRAIN] Loss: 0.5073, Accuracy: 78.28%, AUC: 0.78 - [VAL] Loss: 0.5063, Accuracy: 77.97%, AUC: 0.78
Epoch [15/100] - [TRAIN] Loss: 0.5072, Accuracy: 78.24%, AUC: 0.78 - [VAL] Loss: 0.5053, Accuracy: 78.31%, AUC: 0.78
New best model saved with validation metric: 25.0433
Epoch [16/100] - [TRAIN] Loss: 0.5073, Accuracy: 78.31%, AUC: 0.78 - [VAL] Loss: 0.5045, Accuracy: 78.42%, AUC: 0.78
Epoch [17/100] - [TRAIN] Loss: 0.5059, Accuracy: 78.25%, AUC: 0.78 - [VAL] Loss: 0.5039, Accuracy: 78.20%, AUC: 0.78
New best model saved with validation metric: 25.0606
Epoch [18/100] - [TRAIN] Loss: 0.5043, Accuracy: 78.39%, AUC: 0.78 - [VAL] Loss: 0.5031, Accuracy: 78.47%, AUC: 0.78
Epoch [19/100] - [TRAIN] Loss: 0.5028, Accuracy: 78.40%, AUC: 0.78 - [VAL] Loss: 0.5031, Accuracy: 78.22%, AUC: 0.78
Epoch [20/100] - [TRAIN] Loss: 0.5019, Accuracy: 78.40%, AUC: 0.78 - [VAL] Loss: 0.5023, Accuracy: 78.31%, AUC: 0.78
Epoch [21/100] - [TRAIN] Loss: 0.5014, Accuracy: 78.48%, AUC: 0.78 - [VAL] Loss: 0.5018, Accuracy: 78.37%, AUC: 0.78
Epoch [22/100] - [TRAIN] Loss: 0.5005, Accuracy: 78.62%, AUC: 0.78 - [VAL] Loss: 0.5011, Accuracy: 78.43%, AUC: 0.78
Epoch [23/100] - [TRAIN] Loss: 0.4993, Accuracy: 78.56%, AUC: 0.78 - [VAL] Loss: 0.5014, Accuracy: 78.34%, AUC: 0.78
Epoch [24/100] - [TRAIN] Loss: 0.4994, Accuracy: 78.59%, AUC: 0.78 - [VAL] Loss: 0.5002, Accuracy: 78.41%, AUC: 0.78
Epoch [25/100] - [TRAIN] Loss: 0.4993, Accuracy: 78.70%, AUC: 0.78 - [VAL] Loss: 0.4998, Accuracy: 78.42%, AUC: 0.78
Epoch [26/100] - [TRAIN] Loss: 0.4975, Accuracy: 78.70%, AUC: 0.78 - [VAL] Loss: 0.4992, Accuracy: 78.45%, AUC: 0.78
New best model saved with validation metric: 25.0693
Epoch [27/100] - [TRAIN] Loss: 0.4977, Accuracy: 78.78%, AUC: 0.78 - [VAL] Loss: 0.4988, Accuracy: 78.50%, AUC: 0.78
Epoch [28/100] - [TRAIN] Loss: 0.4967, Accuracy: 78.81%, AUC: 0.78 - [VAL] Loss: 0.4984, Accuracy: 78.45%, AUC: 0.78
New best model saved with validation metric: 25.0779
Epoch [29/100] - [TRAIN] Loss: 0.4949, Accuracy: 78.86%, AUC: 0.78 - [VAL] Loss: 0.4981, Accuracy: 78.53%, AUC: 0.78
Epoch [30/100] - [TRAIN] Loss: 0.4947, Accuracy: 78.94%, AUC: 0.78 - [VAL] Loss: 0.4985, Accuracy: 78.39%, AUC: 0.78
New best model saved with validation metric: 25.1126
Epoch [31/100] - [TRAIN] Loss: 0.4954, Accuracy: 78.82%, AUC: 0.78 - [VAL] Loss: 0.4973, Accuracy: 78.64%, AUC: 0.78
Epoch [32/100] - [TRAIN] Loss: 0.4946, Accuracy: 78.90%, AUC: 0.78 - [VAL] Loss: 0.4974, Accuracy: 78.45%, AUC: 0.78
New best model saved with validation metric: 25.1212
Epoch [33/100] - [TRAIN] Loss: 0.4930, Accuracy: 78.82%, AUC: 0.78 - [VAL] Loss: 0.4967, Accuracy: 78.66%, AUC: 0.78
Epoch [34/100] - [TRAIN] Loss: 0.4928, Accuracy: 78.88%, AUC: 0.78 - [VAL] Loss: 0.4963, Accuracy: 78.66%, AUC: 0.78
Epoch [35/100] - [TRAIN] Loss: 0.4926, Accuracy: 78.93%, AUC: 0.78 - [VAL] Loss: 0.4965, Accuracy: 78.58%, AUC: 0.78
Epoch [36/100] - [TRAIN] Loss: 0.4925, Accuracy: 78.75%, AUC: 0.78 - [VAL] Loss: 0.4967, Accuracy: 78.46%, AUC: 0.78
New best model saved with validation metric: 25.1255
Epoch [37/100] - [TRAIN] Loss: 0.4920, Accuracy: 78.83%, AUC: 0.78 - [VAL] Loss: 0.4956, Accuracy: 78.68%, AUC: 0.78
Epoch [38/100] - [TRAIN] Loss: 0.4903, Accuracy: 79.01%, AUC: 0.78 - [VAL] Loss: 0.4955, Accuracy: 78.66%, AUC: 0.78
New best model saved with validation metric: 25.1299
Epoch [39/100] - [TRAIN] Loss: 0.4905, Accuracy: 79.06%, AUC: 0.78 - [VAL] Loss: 0.4950, Accuracy: 78.69%, AUC: 0.78
Epoch [40/100] - [TRAIN] Loss: 0.4899, Accuracy: 79.12%, AUC: 0.78 - [VAL] Loss: 0.4958, Accuracy: 78.60%, AUC: 0.78
Epoch [41/100] - [TRAIN] Loss: 0.4902, Accuracy: 78.92%, AUC: 0.78 - [VAL] Loss: 0.4948, Accuracy: 78.68%, AUC: 0.78
Epoch [42/100] - [TRAIN] Loss: 0.4890, Accuracy: 78.96%, AUC: 0.78 - [VAL] Loss: 0.4948, Accuracy: 78.68%, AUC: 0.78
Epoch [43/100] - [TRAIN] Loss: 0.4887, Accuracy: 79.05%, AUC: 0.78 - [VAL] Loss: 0.4947, Accuracy: 78.69%, AUC: 0.78
New best model saved with validation metric: 25.1732
Epoch [44/100] - [TRAIN] Loss: 0.4879, Accuracy: 79.13%, AUC: 0.78 - [VAL] Loss: 0.4940, Accuracy: 78.83%, AUC: 0.78
Epoch [45/100] - [TRAIN] Loss: 0.4870, Accuracy: 78.96%, AUC: 0.78 - [VAL] Loss: 0.4938, Accuracy: 78.73%, AUC: 0.78
Epoch [46/100] - [TRAIN] Loss: 0.4872, Accuracy: 79.02%, AUC: 0.78 - [VAL] Loss: 0.4938, Accuracy: 78.72%, AUC: 0.78
Epoch [47/100] - [TRAIN] Loss: 0.4867, Accuracy: 78.94%, AUC: 0.78 - [VAL] Loss: 0.4935, Accuracy: 78.72%, AUC: 0.78
Epoch [48/100] - [TRAIN] Loss: 0.4861, Accuracy: 79.00%, AUC: 0.78 - [VAL] Loss: 0.4939, Accuracy: 78.66%, AUC: 0.78
Epoch [49/100] - [TRAIN] Loss: 0.4850, Accuracy: 79.05%, AUC: 0.78 - [VAL] Loss: 0.4935, Accuracy: 78.68%, AUC: 0.78
Epoch [50/100] - [TRAIN] Loss: 0.4853, Accuracy: 79.09%, AUC: 0.78 - [VAL] Loss: 0.4940, Accuracy: 78.68%, AUC: 0.78
Epoch [51/100] - [TRAIN] Loss: 0.4837, Accuracy: 79.12%, AUC: 0.78 - [VAL] Loss: 0.4930, Accuracy: 78.81%, AUC: 0.78
Epoch [52/100] - [TRAIN] Loss: 0.4837, Accuracy: 79.09%, AUC: 0.78 - [VAL] Loss: 0.4934, Accuracy: 78.72%, AUC: 0.78
Epoch [53/100] - [TRAIN] Loss: 0.4839, Accuracy: 79.13%, AUC: 0.78 - [VAL] Loss: 0.4928, Accuracy: 78.83%, AUC: 0.78
Epoch [54/100] - [TRAIN] Loss: 0.4833, Accuracy: 79.20%, AUC: 0.78 - [VAL] Loss: 0.4934, Accuracy: 78.74%, AUC: 0.78
Epoch [55/100] - [TRAIN] Loss: 0.4822, Accuracy: 79.20%, AUC: 0.78 - [VAL] Loss: 0.4932, Accuracy: 78.66%, AUC: 0.78
Epoch [56/100] - [TRAIN] Loss: 0.4840, Accuracy: 79.29%, AUC: 0.79 - [VAL] Loss: 0.4929, Accuracy: 78.83%, AUC: 0.78
New best model saved with validation metric: 25.1861
Epoch [57/100] - [TRAIN] Loss: 0.4825, Accuracy: 79.13%, AUC: 0.78 - [VAL] Loss: 0.4923, Accuracy: 78.87%, AUC: 0.78
Epoch [58/100] - [TRAIN] Loss: 0.4812, Accuracy: 79.28%, AUC: 0.78 - [VAL] Loss: 0.4928, Accuracy: 78.77%, AUC: 0.78
Epoch [59/100] - [TRAIN] Loss: 0.4808, Accuracy: 79.19%, AUC: 0.78 - [VAL] Loss: 0.4929, Accuracy: 78.76%, AUC: 0.78
Epoch [60/100] - [TRAIN] Loss: 0.4813, Accuracy: 79.38%, AUC: 0.79 - [VAL] Loss: 0.4948, Accuracy: 78.66%, AUC: 0.78
Epoch [61/100] - [TRAIN] Loss: 0.4826, Accuracy: 79.17%, AUC: 0.78 - [VAL] Loss: 0.4927, Accuracy: 78.84%, AUC: 0.78
Epoch [62/100] - [TRAIN] Loss: 0.4809, Accuracy: 79.32%, AUC: 0.79 - [VAL] Loss: 0.4938, Accuracy: 78.73%, AUC: 0.78
Epoch [63/100] - [TRAIN] Loss: 0.4810, Accuracy: 79.38%, AUC: 0.79 - [VAL] Loss: 0.4930, Accuracy: 78.77%, AUC: 0.78
New best model saved with validation metric: 25.2078
Epoch [64/100] - [TRAIN] Loss: 0.4802, Accuracy: 79.36%, AUC: 0.79 - [VAL] Loss: 0.4920, Accuracy: 78.93%, AUC: 0.78
Epoch [65/100] - [TRAIN] Loss: 0.4804, Accuracy: 79.47%, AUC: 0.79 - [VAL] Loss: 0.4926, Accuracy: 78.89%, AUC: 0.78
Epoch [66/100] - [TRAIN] Loss: 0.4803, Accuracy: 79.47%, AUC: 0.79 - [VAL] Loss: 0.4939, Accuracy: 78.72%, AUC: 0.78
Epoch [67/100] - [TRAIN] Loss: 0.4795, Accuracy: 79.47%, AUC: 0.79 - [VAL] Loss: 0.4920, Accuracy: 78.89%, AUC: 0.78
Epoch [68/100] - [TRAIN] Loss: 0.4782, Accuracy: 79.46%, AUC: 0.79 - [VAL] Loss: 0.4919, Accuracy: 78.88%, AUC: 0.78
Epoch [69/100] - [TRAIN] Loss: 0.4783, Accuracy: 79.44%, AUC: 0.79 - [VAL] Loss: 0.4919, Accuracy: 78.88%, AUC: 0.78
Epoch [70/100] - [TRAIN] Loss: 0.4766, Accuracy: 79.54%, AUC: 0.79 - [VAL] Loss: 0.4935, Accuracy: 78.73%, AUC: 0.78
Epoch [71/100] - [TRAIN] Loss: 0.4777, Accuracy: 79.43%, AUC: 0.79 - [VAL] Loss: 0.4931, Accuracy: 78.76%, AUC: 0.78
Epoch [72/100] - [TRAIN] Loss: 0.4764, Accuracy: 79.66%, AUC: 0.79 - [VAL] Loss: 0.4926, Accuracy: 78.81%, AUC: 0.78
Epoch [73/100] - [TRAIN] Loss: 0.4756, Accuracy: 79.67%, AUC: 0.79 - [VAL] Loss: 0.4926, Accuracy: 78.85%, AUC: 0.78
Epoch [74/100] - [TRAIN] Loss: 0.4759, Accuracy: 79.73%, AUC: 0.79 - [VAL] Loss: 0.4934, Accuracy: 78.72%, AUC: 0.78
Epoch [75/100] - [TRAIN] Loss: 0.4768, Accuracy: 79.73%, AUC: 0.79 - [VAL] Loss: 0.4920, Accuracy: 78.93%, AUC: 0.78
Epoch [76/100] - [TRAIN] Loss: 0.4783, Accuracy: 79.63%, AUC: 0.79 - [VAL] Loss: 0.4933, Accuracy: 78.88%, AUC: 0.78
New best model saved with validation metric: 25.2424
Epoch [77/100] - [TRAIN] Loss: 0.4768, Accuracy: 79.62%, AUC: 0.79 - [VAL] Loss: 0.4919, Accuracy: 79.04%, AUC: 0.78
Epoch [78/100] - [TRAIN] Loss: 0.4744, Accuracy: 79.71%, AUC: 0.79 - [VAL] Loss: 0.4942, Accuracy: 78.70%, AUC: 0.78
Epoch [79/100] - [TRAIN] Loss: 0.4755, Accuracy: 79.73%, AUC: 0.79 - [VAL] Loss: 0.4917, Accuracy: 78.99%, AUC: 0.78
Epoch [80/100] - [TRAIN] Loss: 0.4759, Accuracy: 79.75%, AUC: 0.79 - [VAL] Loss: 0.4919, Accuracy: 78.98%, AUC: 0.78
Epoch [81/100] - [TRAIN] Loss: 0.4730, Accuracy: 79.74%, AUC: 0.79 - [VAL] Loss: 0.4918, Accuracy: 79.04%, AUC: 0.78
Epoch [82/100] - [TRAIN] Loss: 0.4738, Accuracy: 79.74%, AUC: 0.79 - [VAL] Loss: 0.4917, Accuracy: 79.02%, AUC: 0.78
Epoch [83/100] - [TRAIN] Loss: 0.4724, Accuracy: 79.74%, AUC: 0.79 - [VAL] Loss: 0.4921, Accuracy: 78.98%, AUC: 0.78
Epoch [84/100] - [TRAIN] Loss: 0.4733, Accuracy: 79.84%, AUC: 0.79 - [VAL] Loss: 0.4922, Accuracy: 78.95%, AUC: 0.78
Epoch [85/100] - [TRAIN] Loss: 0.4726, Accuracy: 79.74%, AUC: 0.79 - [VAL] Loss: 0.4933, Accuracy: 78.91%, AUC: 0.78
Epoch [86/100] - [TRAIN] Loss: 0.4718, Accuracy: 79.75%, AUC: 0.79 - [VAL] Loss: 0.4932, Accuracy: 78.93%, AUC: 0.78
New best model saved with validation metric: 25.2641
Epoch [87/100] - [TRAIN] Loss: 0.4717, Accuracy: 79.73%, AUC: 0.79 - [VAL] Loss: 0.4920, Accuracy: 79.11%, AUC: 0.78
Epoch [88/100] - [TRAIN] Loss: 0.4725, Accuracy: 79.71%, AUC: 0.79 - [VAL] Loss: 0.4935, Accuracy: 78.79%, AUC: 0.78
Epoch [89/100] - [TRAIN] Loss: 0.4725, Accuracy: 79.73%, AUC: 0.79 - [VAL] Loss: 0.4922, Accuracy: 79.06%, AUC: 0.78
New best model saved with validation metric: 25.2684
Epoch [90/100] - [TRAIN] Loss: 0.4709, Accuracy: 79.85%, AUC: 0.79 - [VAL] Loss: 0.4924, Accuracy: 79.12%, AUC: 0.79
Epoch [91/100] - [TRAIN] Loss: 0.4705, Accuracy: 79.82%, AUC: 0.79 - [VAL] Loss: 0.4938, Accuracy: 78.87%, AUC: 0.78
Epoch [92/100] - [TRAIN] Loss: 0.4710, Accuracy: 79.74%, AUC: 0.79 - [VAL] Loss: 0.4926, Accuracy: 79.08%, AUC: 0.78
Epoch [93/100] - [TRAIN] Loss: 0.4724, Accuracy: 80.01%, AUC: 0.79 - [VAL] Loss: 0.4937, Accuracy: 79.06%, AUC: 0.79
Epoch [94/100] - [TRAIN] Loss: 0.4708, Accuracy: 79.86%, AUC: 0.79 - [VAL] Loss: 0.4929, Accuracy: 79.12%, AUC: 0.78
New best model saved with validation metric: 25.2727
Epoch [95/100] - [TRAIN] Loss: 0.4690, Accuracy: 79.90%, AUC: 0.79 - [VAL] Loss: 0.4924, Accuracy: 79.14%, AUC: 0.78
Epoch [96/100] - [TRAIN] Loss: 0.4703, Accuracy: 79.90%, AUC: 0.79 - [VAL] Loss: 0.4928, Accuracy: 79.12%, AUC: 0.78
Epoch [97/100] - [TRAIN] Loss: 0.4696, Accuracy: 79.92%, AUC: 0.79 - [VAL] Loss: 0.4925, Accuracy: 79.08%, AUC: 0.78
Epoch [98/100] - [TRAIN] Loss: 0.4694, Accuracy: 80.00%, AUC: 0.79 - [VAL] Loss: 0.4928, Accuracy: 79.11%, AUC: 0.79
Epoch [99/100] - [TRAIN] Loss: 0.4676, Accuracy: 79.86%, AUC: 0.79 - [VAL] Loss: 0.4926, Accuracy: 79.08%, AUC: 0.78
Epoch [100/100] - [TRAIN] Loss: 0.4704, Accuracy: 79.89%, AUC: 0.79 - [VAL] Loss: 0.4939, Accuracy: 79.14%, AUC: 0.79
Training finished!
Accuracy Score on test set: 79.49 %
AUC Score on test set: 0.79
Item: H3K9me3-H3K9ac-H3K27me3-H3K4me3-H3K27ac
Train set shape: (7399, 5, 4000) (7399,)
Validation set shape: (7377, 5, 4000) (7377,)
Test set shape: (7378, 5, 4000) (7378,)
New best model saved with validation metric: 19.4242
Epoch [1/100] - [TRAIN] Loss: 0.6713, Accuracy: 61.58%, AUC: 0.55 - [VAL] Loss: 0.6436, Accuracy: 60.82%, AUC: 0.50
Epoch [2/100] - [TRAIN] Loss: 0.6208, Accuracy: 60.82%, AUC: 0.50 - [VAL] Loss: 0.5946, Accuracy: 60.82%, AUC: 0.50
New best model saved with validation metric: 24.0476
Epoch [3/100] - [TRAIN] Loss: 0.5796, Accuracy: 61.66%, AUC: 0.51 - [VAL] Loss: 0.5589, Accuracy: 75.30%, AUC: 0.72
New best model saved with validation metric: 25.1126
Epoch [4/100] - [TRAIN] Loss: 0.5540, Accuracy: 77.17%, AUC: 0.75 - [VAL] Loss: 0.5398, Accuracy: 78.64%, AUC: 0.78
Epoch [5/100] - [TRAIN] Loss: 0.5391, Accuracy: 78.61%, AUC: 0.78 - [VAL] Loss: 0.5296, Accuracy: 78.46%, AUC: 0.78
Epoch [6/100] - [TRAIN] Loss: 0.5310, Accuracy: 78.61%, AUC: 0.78 - [VAL] Loss: 0.5237, Accuracy: 78.39%, AUC: 0.78
Epoch [7/100] - [TRAIN] Loss: 0.5255, Accuracy: 78.42%, AUC: 0.78 - [VAL] Loss: 0.5201, Accuracy: 78.13%, AUC: 0.78
Epoch [8/100] - [TRAIN] Loss: 0.5222, Accuracy: 78.28%, AUC: 0.78 - [VAL] Loss: 0.5171, Accuracy: 78.00%, AUC: 0.78
Epoch [9/100] - [TRAIN] Loss: 0.5197, Accuracy: 78.17%, AUC: 0.78 - [VAL] Loss: 0.5145, Accuracy: 78.05%, AUC: 0.78
Epoch [10/100] - [TRAIN] Loss: 0.5168, Accuracy: 78.25%, AUC: 0.78 - [VAL] Loss: 0.5129, Accuracy: 77.66%, AUC: 0.78
Epoch [11/100] - [TRAIN] Loss: 0.5152, Accuracy: 78.06%, AUC: 0.78 - [VAL] Loss: 0.5108, Accuracy: 77.88%, AUC: 0.78
Epoch [12/100] - [TRAIN] Loss: 0.5121, Accuracy: 78.19%, AUC: 0.78 - [VAL] Loss: 0.5094, Accuracy: 77.89%, AUC: 0.78
Epoch [13/100] - [TRAIN] Loss: 0.5112, Accuracy: 77.98%, AUC: 0.78 - [VAL] Loss: 0.5081, Accuracy: 77.92%, AUC: 0.78
Epoch [14/100] - [TRAIN] Loss: 0.5089, Accuracy: 78.12%, AUC: 0.78 - [VAL] Loss: 0.5069, Accuracy: 78.18%, AUC: 0.78
Epoch [15/100] - [TRAIN] Loss: 0.5093, Accuracy: 78.19%, AUC: 0.78 - [VAL] Loss: 0.5060, Accuracy: 78.09%, AUC: 0.78
Epoch [16/100] - [TRAIN] Loss: 0.5063, Accuracy: 78.25%, AUC: 0.78 - [VAL] Loss: 0.5050, Accuracy: 78.13%, AUC: 0.78
Epoch [17/100] - [TRAIN] Loss: 0.5060, Accuracy: 78.29%, AUC: 0.78 - [VAL] Loss: 0.5041, Accuracy: 78.32%, AUC: 0.78
Epoch [18/100] - [TRAIN] Loss: 0.5037, Accuracy: 78.32%, AUC: 0.78 - [VAL] Loss: 0.5035, Accuracy: 78.23%, AUC: 0.78
Epoch [19/100] - [TRAIN] Loss: 0.5031, Accuracy: 78.39%, AUC: 0.78 - [VAL] Loss: 0.5029, Accuracy: 78.24%, AUC: 0.78
Epoch [20/100] - [TRAIN] Loss: 0.5024, Accuracy: 78.29%, AUC: 0.78 - [VAL] Loss: 0.5023, Accuracy: 78.27%, AUC: 0.78
Epoch [21/100] - [TRAIN] Loss: 0.5021, Accuracy: 78.36%, AUC: 0.78 - [VAL] Loss: 0.5015, Accuracy: 78.39%, AUC: 0.78
Epoch [22/100] - [TRAIN] Loss: 0.5030, Accuracy: 78.44%, AUC: 0.78 - [VAL] Loss: 0.5013, Accuracy: 78.41%, AUC: 0.78
Epoch [23/100] - [TRAIN] Loss: 0.5007, Accuracy: 78.48%, AUC: 0.78 - [VAL] Loss: 0.5007, Accuracy: 78.41%, AUC: 0.78
Epoch [24/100] - [TRAIN] Loss: 0.5004, Accuracy: 78.52%, AUC: 0.78 - [VAL] Loss: 0.5005, Accuracy: 78.39%, AUC: 0.78
Epoch [25/100] - [TRAIN] Loss: 0.4994, Accuracy: 78.55%, AUC: 0.78 - [VAL] Loss: 0.4996, Accuracy: 78.46%, AUC: 0.78
Epoch [26/100] - [TRAIN] Loss: 0.4977, Accuracy: 78.61%, AUC: 0.78 - [VAL] Loss: 0.4990, Accuracy: 78.49%, AUC: 0.78
Epoch [27/100] - [TRAIN] Loss: 0.4966, Accuracy: 78.62%, AUC: 0.78 - [VAL] Loss: 0.4986, Accuracy: 78.54%, AUC: 0.78
Epoch [28/100] - [TRAIN] Loss: 0.4965, Accuracy: 78.63%, AUC: 0.78 - [VAL] Loss: 0.4983, Accuracy: 78.55%, AUC: 0.78
Epoch [29/100] - [TRAIN] Loss: 0.4964, Accuracy: 78.81%, AUC: 0.78 - [VAL] Loss: 0.4978, Accuracy: 78.53%, AUC: 0.78
Epoch [30/100] - [TRAIN] Loss: 0.4954, Accuracy: 78.75%, AUC: 0.78 - [VAL] Loss: 0.4973, Accuracy: 78.54%, AUC: 0.78
Epoch [31/100] - [TRAIN] Loss: 0.4945, Accuracy: 78.86%, AUC: 0.78 - [VAL] Loss: 0.4974, Accuracy: 78.50%, AUC: 0.78
Epoch [32/100] - [TRAIN] Loss: 0.4942, Accuracy: 78.77%, AUC: 0.78 - [VAL] Loss: 0.4966, Accuracy: 78.57%, AUC: 0.78
Epoch [33/100] - [TRAIN] Loss: 0.4948, Accuracy: 78.94%, AUC: 0.78 - [VAL] Loss: 0.4971, Accuracy: 78.45%, AUC: 0.78
Epoch [34/100] - [TRAIN] Loss: 0.4939, Accuracy: 78.82%, AUC: 0.78 - [VAL] Loss: 0.4960, Accuracy: 78.60%, AUC: 0.78
New best model saved with validation metric: 25.1342
Epoch [35/100] - [TRAIN] Loss: 0.4923, Accuracy: 78.78%, AUC: 0.78 - [VAL] Loss: 0.4955, Accuracy: 78.70%, AUC: 0.78
Epoch [36/100] - [TRAIN] Loss: 0.4935, Accuracy: 79.04%, AUC: 0.78 - [VAL] Loss: 0.4954, Accuracy: 78.68%, AUC: 0.78
Epoch [37/100] - [TRAIN] Loss: 0.4921, Accuracy: 78.90%, AUC: 0.78 - [VAL] Loss: 0.4955, Accuracy: 78.55%, AUC: 0.78
Epoch [38/100] - [TRAIN] Loss: 0.4908, Accuracy: 78.89%, AUC: 0.78 - [VAL] Loss: 0.4954, Accuracy: 78.54%, AUC: 0.78
New best model saved with validation metric: 25.1558
Epoch [39/100] - [TRAIN] Loss: 0.4912, Accuracy: 78.81%, AUC: 0.78 - [VAL] Loss: 0.4944, Accuracy: 78.77%, AUC: 0.78
New best model saved with validation metric: 25.1645
Epoch [40/100] - [TRAIN] Loss: 0.4902, Accuracy: 78.79%, AUC: 0.78 - [VAL] Loss: 0.4942, Accuracy: 78.80%, AUC: 0.78
Epoch [41/100] - [TRAIN] Loss: 0.4896, Accuracy: 78.93%, AUC: 0.78 - [VAL] Loss: 0.4942, Accuracy: 78.77%, AUC: 0.78
Epoch [42/100] - [TRAIN] Loss: 0.4891, Accuracy: 79.00%, AUC: 0.78 - [VAL] Loss: 0.4937, Accuracy: 78.80%, AUC: 0.78
Epoch [43/100] - [TRAIN] Loss: 0.4887, Accuracy: 78.88%, AUC: 0.78 - [VAL] Loss: 0.4936, Accuracy: 78.74%, AUC: 0.78
Epoch [44/100] - [TRAIN] Loss: 0.4883, Accuracy: 79.04%, AUC: 0.78 - [VAL] Loss: 0.4937, Accuracy: 78.73%, AUC: 0.78
Epoch [45/100] - [TRAIN] Loss: 0.4874, Accuracy: 78.98%, AUC: 0.78 - [VAL] Loss: 0.4940, Accuracy: 78.65%, AUC: 0.78
Epoch [46/100] - [TRAIN] Loss: 0.4877, Accuracy: 78.90%, AUC: 0.78 - [VAL] Loss: 0.4936, Accuracy: 78.64%, AUC: 0.78
New best model saved with validation metric: 25.1688
Epoch [47/100] - [TRAIN] Loss: 0.4871, Accuracy: 78.86%, AUC: 0.78 - [VAL] Loss: 0.4929, Accuracy: 78.81%, AUC: 0.78
Epoch [48/100] - [TRAIN] Loss: 0.4871, Accuracy: 78.90%, AUC: 0.78 - [VAL] Loss: 0.4930, Accuracy: 78.77%, AUC: 0.78
Epoch [49/100] - [TRAIN] Loss: 0.4859, Accuracy: 79.08%, AUC: 0.78 - [VAL] Loss: 0.4928, Accuracy: 78.79%, AUC: 0.78
New best model saved with validation metric: 25.1732
Epoch [50/100] - [TRAIN] Loss: 0.4865, Accuracy: 79.12%, AUC: 0.78 - [VAL] Loss: 0.4927, Accuracy: 78.83%, AUC: 0.78
Epoch [51/100] - [TRAIN] Loss: 0.4854, Accuracy: 79.09%, AUC: 0.78 - [VAL] Loss: 0.4924, Accuracy: 78.83%, AUC: 0.78
Epoch [52/100] - [TRAIN] Loss: 0.4848, Accuracy: 79.12%, AUC: 0.78 - [VAL] Loss: 0.4922, Accuracy: 78.83%, AUC: 0.78
Epoch [53/100] - [TRAIN] Loss: 0.4860, Accuracy: 79.00%, AUC: 0.78 - [VAL] Loss: 0.4922, Accuracy: 78.81%, AUC: 0.78
Epoch [54/100] - [TRAIN] Loss: 0.4862, Accuracy: 78.92%, AUC: 0.78 - [VAL] Loss: 0.4931, Accuracy: 78.73%, AUC: 0.78
Epoch [55/100] - [TRAIN] Loss: 0.4830, Accuracy: 79.16%, AUC: 0.78 - [VAL] Loss: 0.4924, Accuracy: 78.76%, AUC: 0.78
New best model saved with validation metric: 25.1818
Epoch [56/100] - [TRAIN] Loss: 0.4839, Accuracy: 79.12%, AUC: 0.78 - [VAL] Loss: 0.4917, Accuracy: 78.85%, AUC: 0.78
Epoch [57/100] - [TRAIN] Loss: 0.4827, Accuracy: 79.13%, AUC: 0.78 - [VAL] Loss: 0.4922, Accuracy: 78.76%, AUC: 0.78
Epoch [58/100] - [TRAIN] Loss: 0.4841, Accuracy: 79.13%, AUC: 0.78 - [VAL] Loss: 0.4917, Accuracy: 78.85%, AUC: 0.78
Epoch [59/100] - [TRAIN] Loss: 0.4820, Accuracy: 79.09%, AUC: 0.78 - [VAL] Loss: 0.4919, Accuracy: 78.80%, AUC: 0.78
Epoch [60/100] - [TRAIN] Loss: 0.4830, Accuracy: 79.13%, AUC: 0.78 - [VAL] Loss: 0.4920, Accuracy: 78.73%, AUC: 0.78
Epoch [61/100] - [TRAIN] Loss: 0.4810, Accuracy: 79.17%, AUC: 0.78 - [VAL] Loss: 0.4915, Accuracy: 78.85%, AUC: 0.78
Epoch [62/100] - [TRAIN] Loss: 0.4819, Accuracy: 79.21%, AUC: 0.78 - [VAL] Loss: 0.4915, Accuracy: 78.85%, AUC: 0.78
Epoch [63/100] - [TRAIN] Loss: 0.4819, Accuracy: 79.25%, AUC: 0.78 - [VAL] Loss: 0.4916, Accuracy: 78.83%, AUC: 0.78
New best model saved with validation metric: 25.1861
Epoch [64/100] - [TRAIN] Loss: 0.4809, Accuracy: 79.20%, AUC: 0.78 - [VAL] Loss: 0.4914, Accuracy: 78.87%, AUC: 0.78
Epoch [65/100] - [TRAIN] Loss: 0.4805, Accuracy: 79.29%, AUC: 0.79 - [VAL] Loss: 0.4920, Accuracy: 78.76%, AUC: 0.78
New best model saved with validation metric: 25.1948
Epoch [66/100] - [TRAIN] Loss: 0.4802, Accuracy: 79.19%, AUC: 0.78 - [VAL] Loss: 0.4914, Accuracy: 78.89%, AUC: 0.78
Epoch [67/100] - [TRAIN] Loss: 0.4803, Accuracy: 79.24%, AUC: 0.78 - [VAL] Loss: 0.4915, Accuracy: 78.80%, AUC: 0.78
New best model saved with validation metric: 25.2121
Epoch [68/100] - [TRAIN] Loss: 0.4788, Accuracy: 79.39%, AUC: 0.79 - [VAL] Loss: 0.4914, Accuracy: 78.95%, AUC: 0.78
Epoch [69/100] - [TRAIN] Loss: 0.4792, Accuracy: 79.40%, AUC: 0.79 - [VAL] Loss: 0.4927, Accuracy: 78.74%, AUC: 0.78
Epoch [70/100] - [TRAIN] Loss: 0.4780, Accuracy: 79.38%, AUC: 0.79 - [VAL] Loss: 0.4913, Accuracy: 78.93%, AUC: 0.78
Epoch [71/100] - [TRAIN] Loss: 0.4780, Accuracy: 79.31%, AUC: 0.79 - [VAL] Loss: 0.4914, Accuracy: 78.89%, AUC: 0.78
Epoch [72/100] - [TRAIN] Loss: 0.4791, Accuracy: 79.32%, AUC: 0.79 - [VAL] Loss: 0.4914, Accuracy: 78.88%, AUC: 0.78
Epoch [73/100] - [TRAIN] Loss: 0.4775, Accuracy: 79.38%, AUC: 0.79 - [VAL] Loss: 0.4916, Accuracy: 78.83%, AUC: 0.78
Epoch [74/100] - [TRAIN] Loss: 0.4779, Accuracy: 79.40%, AUC: 0.79 - [VAL] Loss: 0.4921, Accuracy: 78.84%, AUC: 0.78
Epoch [75/100] - [TRAIN] Loss: 0.4788, Accuracy: 79.44%, AUC: 0.79 - [VAL] Loss: 0.4924, Accuracy: 78.84%, AUC: 0.78
New best model saved with validation metric: 25.2597
Epoch [76/100] - [TRAIN] Loss: 0.4782, Accuracy: 79.52%, AUC: 0.79 - [VAL] Loss: 0.4920, Accuracy: 79.10%, AUC: 0.78
Epoch [77/100] - [TRAIN] Loss: 0.4754, Accuracy: 79.56%, AUC: 0.79 - [VAL] Loss: 0.4914, Accuracy: 78.99%, AUC: 0.78
Epoch [78/100] - [TRAIN] Loss: 0.4755, Accuracy: 79.58%, AUC: 0.79 - [VAL] Loss: 0.4916, Accuracy: 78.98%, AUC: 0.78
Epoch [79/100] - [TRAIN] Loss: 0.4764, Accuracy: 79.59%, AUC: 0.79 - [VAL] Loss: 0.4915, Accuracy: 79.00%, AUC: 0.78
Epoch [80/100] - [TRAIN] Loss: 0.4756, Accuracy: 79.54%, AUC: 0.79 - [VAL] Loss: 0.4916, Accuracy: 79.00%, AUC: 0.78
New best model saved with validation metric: 25.2727
Epoch [81/100] - [TRAIN] Loss: 0.4747, Accuracy: 79.58%, AUC: 0.79 - [VAL] Loss: 0.4916, Accuracy: 79.14%, AUC: 0.79
Epoch [82/100] - [TRAIN] Loss: 0.4759, Accuracy: 79.58%, AUC: 0.79 - [VAL] Loss: 0.4918, Accuracy: 79.00%, AUC: 0.78
Epoch [83/100] - [TRAIN] Loss: 0.4761, Accuracy: 79.71%, AUC: 0.79 - [VAL] Loss: 0.4918, Accuracy: 79.14%, AUC: 0.79
Epoch [84/100] - [TRAIN] Loss: 0.4749, Accuracy: 79.65%, AUC: 0.79 - [VAL] Loss: 0.4923, Accuracy: 78.96%, AUC: 0.78
Epoch [85/100] - [TRAIN] Loss: 0.4739, Accuracy: 79.71%, AUC: 0.79 - [VAL] Loss: 0.4921, Accuracy: 79.14%, AUC: 0.78
Epoch [86/100] - [TRAIN] Loss: 0.4746, Accuracy: 79.70%, AUC: 0.79 - [VAL] Loss: 0.4920, Accuracy: 78.99%, AUC: 0.78
Epoch [87/100] - [TRAIN] Loss: 0.4729, Accuracy: 79.77%, AUC: 0.79 - [VAL] Loss: 0.4931, Accuracy: 78.81%, AUC: 0.78
Epoch [88/100] - [TRAIN] Loss: 0.4738, Accuracy: 79.66%, AUC: 0.79 - [VAL] Loss: 0.4922, Accuracy: 79.00%, AUC: 0.78
New best model saved with validation metric: 25.2771
Epoch [89/100] - [TRAIN] Loss: 0.4735, Accuracy: 79.63%, AUC: 0.79 - [VAL] Loss: 0.4919, Accuracy: 79.15%, AUC: 0.79
Epoch [90/100] - [TRAIN] Loss: 0.4727, Accuracy: 79.71%, AUC: 0.79 - [VAL] Loss: 0.4928, Accuracy: 78.89%, AUC: 0.78
Epoch [91/100] - [TRAIN] Loss: 0.4725, Accuracy: 79.66%, AUC: 0.79 - [VAL] Loss: 0.4921, Accuracy: 79.14%, AUC: 0.79
Epoch [92/100] - [TRAIN] Loss: 0.4731, Accuracy: 79.85%, AUC: 0.79 - [VAL] Loss: 0.4926, Accuracy: 78.88%, AUC: 0.78
Epoch [93/100] - [TRAIN] Loss: 0.4730, Accuracy: 79.71%, AUC: 0.79 - [VAL] Loss: 0.4922, Accuracy: 79.10%, AUC: 0.79
Epoch [94/100] - [TRAIN] Loss: 0.4727, Accuracy: 79.78%, AUC: 0.79 - [VAL] Loss: 0.4927, Accuracy: 78.95%, AUC: 0.78
Epoch [95/100] - [TRAIN] Loss: 0.4719, Accuracy: 79.71%, AUC: 0.79 - [VAL] Loss: 0.4929, Accuracy: 78.88%, AUC: 0.78
Epoch [96/100] - [TRAIN] Loss: 0.4718, Accuracy: 79.73%, AUC: 0.79 - [VAL] Loss: 0.4924, Accuracy: 79.14%, AUC: 0.79
Epoch [97/100] - [TRAIN] Loss: 0.4713, Accuracy: 79.78%, AUC: 0.79 - [VAL] Loss: 0.4923, Accuracy: 79.14%, AUC: 0.78
Epoch [98/100] - [TRAIN] Loss: 0.4714, Accuracy: 79.82%, AUC: 0.79 - [VAL] Loss: 0.4938, Accuracy: 79.11%, AUC: 0.79
Epoch [99/100] - [TRAIN] Loss: 0.4706, Accuracy: 79.89%, AUC: 0.79 - [VAL] Loss: 0.4930, Accuracy: 79.10%, AUC: 0.79
Epoch [100/100] - [TRAIN] Loss: 0.4717, Accuracy: 79.79%, AUC: 0.79 - [VAL] Loss: 0.4923, Accuracy: 79.15%, AUC: 0.78
Training finished!
Accuracy Score on test set: 79.41 %
AUC Score on test set: 0.79
Item: H3K9me3-H3K9ac-H3K27me3-H3K27ac-H3K4me3
Train set shape: (7399, 5, 4000) (7399,)
Validation set shape: (7377, 5, 4000) (7377,)
Test set shape: (7378, 5, 4000) (7378,)
New best model saved with validation metric: 19.4632
Epoch [1/100] - [TRAIN] Loss: 0.6571, Accuracy: 66.36%, AUC: 0.68 - [VAL] Loss: 0.6049, Accuracy: 60.95%, AUC: 0.50
Epoch [2/100] - [TRAIN] Loss: 0.5795, Accuracy: 61.75%, AUC: 0.51 - [VAL] Loss: 0.5602, Accuracy: 60.82%, AUC: 0.50
New best model saved with validation metric: 24.9610
Epoch [3/100] - [TRAIN] Loss: 0.5539, Accuracy: 75.43%, AUC: 0.72 - [VAL] Loss: 0.5430, Accuracy: 78.16%, AUC: 0.77
New best model saved with validation metric: 25.0996
Epoch [4/100] - [TRAIN] Loss: 0.5427, Accuracy: 78.35%, AUC: 0.77 - [VAL] Loss: 0.5340, Accuracy: 78.60%, AUC: 0.78
Epoch [5/100] - [TRAIN] Loss: 0.5355, Accuracy: 78.58%, AUC: 0.77 - [VAL] Loss: 0.5290, Accuracy: 78.57%, AUC: 0.78
Epoch [6/100] - [TRAIN] Loss: 0.5317, Accuracy: 78.63%, AUC: 0.78 - [VAL] Loss: 0.5255, Accuracy: 78.37%, AUC: 0.78
Epoch [7/100] - [TRAIN] Loss: 0.5297, Accuracy: 78.55%, AUC: 0.78 - [VAL] Loss: 0.5230, Accuracy: 78.35%, AUC: 0.78
Epoch [8/100] - [TRAIN] Loss: 0.5246, Accuracy: 78.46%, AUC: 0.78 - [VAL] Loss: 0.5198, Accuracy: 78.39%, AUC: 0.78
Epoch [9/100] - [TRAIN] Loss: 0.5231, Accuracy: 78.36%, AUC: 0.78 - [VAL] Loss: 0.5177, Accuracy: 78.24%, AUC: 0.78
Epoch [10/100] - [TRAIN] Loss: 0.5203, Accuracy: 78.44%, AUC: 0.78 - [VAL] Loss: 0.5155, Accuracy: 78.18%, AUC: 0.78
Epoch [11/100] - [TRAIN] Loss: 0.5185, Accuracy: 78.33%, AUC: 0.78 - [VAL] Loss: 0.5143, Accuracy: 78.09%, AUC: 0.78
Epoch [12/100] - [TRAIN] Loss: 0.5148, Accuracy: 78.39%, AUC: 0.78 - [VAL] Loss: 0.5124, Accuracy: 78.18%, AUC: 0.78
Epoch [13/100] - [TRAIN] Loss: 0.5131, Accuracy: 78.21%, AUC: 0.78 - [VAL] Loss: 0.5108, Accuracy: 78.16%, AUC: 0.78
Epoch [14/100] - [TRAIN] Loss: 0.5128, Accuracy: 78.35%, AUC: 0.78 - [VAL] Loss: 0.5095, Accuracy: 78.24%, AUC: 0.78
Epoch [15/100] - [TRAIN] Loss: 0.5100, Accuracy: 78.39%, AUC: 0.78 - [VAL] Loss: 0.5086, Accuracy: 78.22%, AUC: 0.78
Epoch [16/100] - [TRAIN] Loss: 0.5111, Accuracy: 78.24%, AUC: 0.78 - [VAL] Loss: 0.5077, Accuracy: 78.24%, AUC: 0.78
Epoch [17/100] - [TRAIN] Loss: 0.5077, Accuracy: 78.35%, AUC: 0.78 - [VAL] Loss: 0.5068, Accuracy: 78.24%, AUC: 0.78
Epoch [18/100] - [TRAIN] Loss: 0.5073, Accuracy: 78.31%, AUC: 0.78 - [VAL] Loss: 0.5060, Accuracy: 78.43%, AUC: 0.78
Epoch [19/100] - [TRAIN] Loss: 0.5060, Accuracy: 78.48%, AUC: 0.78 - [VAL] Loss: 0.5054, Accuracy: 78.31%, AUC: 0.78
Epoch [20/100] - [TRAIN] Loss: 0.5057, Accuracy: 78.36%, AUC: 0.78 - [VAL] Loss: 0.5049, Accuracy: 78.34%, AUC: 0.78
Epoch [21/100] - [TRAIN] Loss: 0.5040, Accuracy: 78.48%, AUC: 0.78 - [VAL] Loss: 0.5042, Accuracy: 78.34%, AUC: 0.78
Epoch [22/100] - [TRAIN] Loss: 0.5027, Accuracy: 78.44%, AUC: 0.78 - [VAL] Loss: 0.5039, Accuracy: 78.32%, AUC: 0.78
Epoch [23/100] - [TRAIN] Loss: 0.5019, Accuracy: 78.50%, AUC: 0.78 - [VAL] Loss: 0.5030, Accuracy: 78.38%, AUC: 0.78
Epoch [24/100] - [TRAIN] Loss: 0.5010, Accuracy: 78.70%, AUC: 0.78 - [VAL] Loss: 0.5030, Accuracy: 78.31%, AUC: 0.78
Epoch [25/100] - [TRAIN] Loss: 0.5005, Accuracy: 78.75%, AUC: 0.78 - [VAL] Loss: 0.5026, Accuracy: 78.30%, AUC: 0.78
Epoch [26/100] - [TRAIN] Loss: 0.4995, Accuracy: 78.75%, AUC: 0.78 - [VAL] Loss: 0.5017, Accuracy: 78.34%, AUC: 0.78
Epoch [27/100] - [TRAIN] Loss: 0.4991, Accuracy: 78.83%, AUC: 0.78 - [VAL] Loss: 0.5012, Accuracy: 78.34%, AUC: 0.78
Epoch [28/100] - [TRAIN] Loss: 0.4993, Accuracy: 78.79%, AUC: 0.78 - [VAL] Loss: 0.5010, Accuracy: 78.32%, AUC: 0.78
Epoch [29/100] - [TRAIN] Loss: 0.4994, Accuracy: 78.82%, AUC: 0.78 - [VAL] Loss: 0.5007, Accuracy: 78.30%, AUC: 0.78
Epoch [30/100] - [TRAIN] Loss: 0.4982, Accuracy: 78.73%, AUC: 0.78 - [VAL] Loss: 0.5006, Accuracy: 78.27%, AUC: 0.78
Epoch [31/100] - [TRAIN] Loss: 0.4990, Accuracy: 78.78%, AUC: 0.78 - [VAL] Loss: 0.5005, Accuracy: 78.22%, AUC: 0.78
Epoch [32/100] - [TRAIN] Loss: 0.4964, Accuracy: 78.79%, AUC: 0.78 - [VAL] Loss: 0.4992, Accuracy: 78.57%, AUC: 0.78
Epoch [33/100] - [TRAIN] Loss: 0.4958, Accuracy: 78.88%, AUC: 0.78 - [VAL] Loss: 0.4994, Accuracy: 78.30%, AUC: 0.78
Epoch [34/100] - [TRAIN] Loss: 0.4945, Accuracy: 78.81%, AUC: 0.78 - [VAL] Loss: 0.4987, Accuracy: 78.58%, AUC: 0.78
New best model saved with validation metric: 25.1342
Epoch [35/100] - [TRAIN] Loss: 0.4955, Accuracy: 78.85%, AUC: 0.78 - [VAL] Loss: 0.4982, Accuracy: 78.70%, AUC: 0.78
Epoch [36/100] - [TRAIN] Loss: 0.4935, Accuracy: 78.90%, AUC: 0.78 - [VAL] Loss: 0.4982, Accuracy: 78.43%, AUC: 0.78
Epoch [37/100] - [TRAIN] Loss: 0.4930, Accuracy: 78.89%, AUC: 0.78 - [VAL] Loss: 0.4977, Accuracy: 78.62%, AUC: 0.78
Epoch [38/100] - [TRAIN] Loss: 0.4942, Accuracy: 79.01%, AUC: 0.78 - [VAL] Loss: 0.4974, Accuracy: 78.70%, AUC: 0.78
Epoch [39/100] - [TRAIN] Loss: 0.4921, Accuracy: 79.02%, AUC: 0.78 - [VAL] Loss: 0.4971, Accuracy: 78.68%, AUC: 0.78
Epoch [40/100] - [TRAIN] Loss: 0.4923, Accuracy: 78.94%, AUC: 0.78 - [VAL] Loss: 0.4973, Accuracy: 78.60%, AUC: 0.78
Epoch [41/100] - [TRAIN] Loss: 0.4916, Accuracy: 79.04%, AUC: 0.78 - [VAL] Loss: 0.4966, Accuracy: 78.69%, AUC: 0.78
Epoch [42/100] - [TRAIN] Loss: 0.4908, Accuracy: 78.97%, AUC: 0.78 - [VAL] Loss: 0.4969, Accuracy: 78.55%, AUC: 0.78
New best model saved with validation metric: 25.1558
Epoch [43/100] - [TRAIN] Loss: 0.4901, Accuracy: 79.06%, AUC: 0.78 - [VAL] Loss: 0.4959, Accuracy: 78.77%, AUC: 0.78
Epoch [44/100] - [TRAIN] Loss: 0.4889, Accuracy: 79.05%, AUC: 0.78 - [VAL] Loss: 0.4962, Accuracy: 78.62%, AUC: 0.78
Epoch [45/100] - [TRAIN] Loss: 0.4887, Accuracy: 78.97%, AUC: 0.78 - [VAL] Loss: 0.4956, Accuracy: 78.66%, AUC: 0.78
New best model saved with validation metric: 25.1688
Epoch [46/100] - [TRAIN] Loss: 0.4886, Accuracy: 79.08%, AUC: 0.78 - [VAL] Loss: 0.4951, Accuracy: 78.81%, AUC: 0.78
Epoch [47/100] - [TRAIN] Loss: 0.4877, Accuracy: 79.01%, AUC: 0.78 - [VAL] Loss: 0.4949, Accuracy: 78.76%, AUC: 0.78
Epoch [48/100] - [TRAIN] Loss: 0.4881, Accuracy: 79.04%, AUC: 0.78 - [VAL] Loss: 0.4950, Accuracy: 78.66%, AUC: 0.78
Epoch [49/100] - [TRAIN] Loss: 0.4875, Accuracy: 79.05%, AUC: 0.78 - [VAL] Loss: 0.4955, Accuracy: 78.55%, AUC: 0.78
Epoch [50/100] - [TRAIN] Loss: 0.4874, Accuracy: 79.09%, AUC: 0.78 - [VAL] Loss: 0.4951, Accuracy: 78.65%, AUC: 0.78
Epoch [51/100] - [TRAIN] Loss: 0.4865, Accuracy: 79.13%, AUC: 0.78 - [VAL] Loss: 0.4943, Accuracy: 78.70%, AUC: 0.78
Epoch [52/100] - [TRAIN] Loss: 0.4853, Accuracy: 79.09%, AUC: 0.78 - [VAL] Loss: 0.4945, Accuracy: 78.73%, AUC: 0.78
Epoch [53/100] - [TRAIN] Loss: 0.4850, Accuracy: 79.11%, AUC: 0.78 - [VAL] Loss: 0.4940, Accuracy: 78.70%, AUC: 0.78
Epoch [54/100] - [TRAIN] Loss: 0.4844, Accuracy: 79.11%, AUC: 0.78 - [VAL] Loss: 0.4942, Accuracy: 78.70%, AUC: 0.78
Epoch [55/100] - [TRAIN] Loss: 0.4838, Accuracy: 79.09%, AUC: 0.78 - [VAL] Loss: 0.4941, Accuracy: 78.76%, AUC: 0.78
Epoch [56/100] - [TRAIN] Loss: 0.4852, Accuracy: 79.19%, AUC: 0.78 - [VAL] Loss: 0.4943, Accuracy: 78.72%, AUC: 0.78
Epoch [57/100] - [TRAIN] Loss: 0.4820, Accuracy: 79.15%, AUC: 0.78 - [VAL] Loss: 0.4944, Accuracy: 78.66%, AUC: 0.78
Epoch [58/100] - [TRAIN] Loss: 0.4828, Accuracy: 79.23%, AUC: 0.78 - [VAL] Loss: 0.4933, Accuracy: 78.77%, AUC: 0.78
Epoch [59/100] - [TRAIN] Loss: 0.4835, Accuracy: 79.32%, AUC: 0.79 - [VAL] Loss: 0.4938, Accuracy: 78.72%, AUC: 0.78
New best model saved with validation metric: 25.1948
Epoch [60/100] - [TRAIN] Loss: 0.4819, Accuracy: 79.13%, AUC: 0.78 - [VAL] Loss: 0.4930, Accuracy: 78.89%, AUC: 0.78
Epoch [61/100] - [TRAIN] Loss: 0.4832, Accuracy: 79.32%, AUC: 0.79 - [VAL] Loss: 0.4928, Accuracy: 78.88%, AUC: 0.78
Epoch [62/100] - [TRAIN] Loss: 0.4814, Accuracy: 79.27%, AUC: 0.78 - [VAL] Loss: 0.4931, Accuracy: 78.72%, AUC: 0.78
Epoch [63/100] - [TRAIN] Loss: 0.4800, Accuracy: 79.36%, AUC: 0.79 - [VAL] Loss: 0.4930, Accuracy: 78.80%, AUC: 0.78
Epoch [64/100] - [TRAIN] Loss: 0.4815, Accuracy: 79.38%, AUC: 0.79 - [VAL] Loss: 0.4938, Accuracy: 78.74%, AUC: 0.78
Epoch [65/100] - [TRAIN] Loss: 0.4813, Accuracy: 79.20%, AUC: 0.78 - [VAL] Loss: 0.4937, Accuracy: 78.79%, AUC: 0.78
Epoch [66/100] - [TRAIN] Loss: 0.4803, Accuracy: 79.31%, AUC: 0.79 - [VAL] Loss: 0.4925, Accuracy: 78.87%, AUC: 0.78
Epoch [67/100] - [TRAIN] Loss: 0.4804, Accuracy: 79.40%, AUC: 0.79 - [VAL] Loss: 0.4923, Accuracy: 78.85%, AUC: 0.78
New best model saved with validation metric: 25.2078
Epoch [68/100] - [TRAIN] Loss: 0.4784, Accuracy: 79.40%, AUC: 0.79 - [VAL] Loss: 0.4921, Accuracy: 78.93%, AUC: 0.78
New best model saved with validation metric: 25.2381
Epoch [69/100] - [TRAIN] Loss: 0.4787, Accuracy: 79.48%, AUC: 0.79 - [VAL] Loss: 0.4921, Accuracy: 79.03%, AUC: 0.78
New best model saved with validation metric: 25.2554
Epoch [70/100] - [TRAIN] Loss: 0.4768, Accuracy: 79.55%, AUC: 0.79 - [VAL] Loss: 0.4921, Accuracy: 79.08%, AUC: 0.78
Epoch [71/100] - [TRAIN] Loss: 0.4777, Accuracy: 79.56%, AUC: 0.79 - [VAL] Loss: 0.4929, Accuracy: 78.80%, AUC: 0.78
Epoch [72/100] - [TRAIN] Loss: 0.4792, Accuracy: 79.48%, AUC: 0.79 - [VAL] Loss: 0.4923, Accuracy: 79.00%, AUC: 0.78
Epoch [73/100] - [TRAIN] Loss: 0.4759, Accuracy: 79.50%, AUC: 0.79 - [VAL] Loss: 0.4923, Accuracy: 78.98%, AUC: 0.78
Epoch [74/100] - [TRAIN] Loss: 0.4769, Accuracy: 79.55%, AUC: 0.79 - [VAL] Loss: 0.4935, Accuracy: 78.76%, AUC: 0.78
Epoch [75/100] - [TRAIN] Loss: 0.4767, Accuracy: 79.62%, AUC: 0.79 - [VAL] Loss: 0.4922, Accuracy: 79.03%, AUC: 0.78
Epoch [76/100] - [TRAIN] Loss: 0.4769, Accuracy: 79.67%, AUC: 0.79 - [VAL] Loss: 0.4929, Accuracy: 78.91%, AUC: 0.78
Epoch [77/100] - [TRAIN] Loss: 0.4762, Accuracy: 79.58%, AUC: 0.79 - [VAL] Loss: 0.4922, Accuracy: 78.98%, AUC: 0.78
Epoch [78/100] - [TRAIN] Loss: 0.4759, Accuracy: 79.75%, AUC: 0.79 - [VAL] Loss: 0.4922, Accuracy: 79.04%, AUC: 0.78
Epoch [79/100] - [TRAIN] Loss: 0.4729, Accuracy: 79.56%, AUC: 0.79 - [VAL] Loss: 0.4933, Accuracy: 78.88%, AUC: 0.78
Epoch [80/100] - [TRAIN] Loss: 0.4734, Accuracy: 79.69%, AUC: 0.79 - [VAL] Loss: 0.4933, Accuracy: 78.92%, AUC: 0.78
Epoch [81/100] - [TRAIN] Loss: 0.4738, Accuracy: 79.62%, AUC: 0.79 - [VAL] Loss: 0.4924, Accuracy: 78.93%, AUC: 0.78
Epoch [82/100] - [TRAIN] Loss: 0.4724, Accuracy: 79.74%, AUC: 0.79 - [VAL] Loss: 0.4924, Accuracy: 78.93%, AUC: 0.78
Epoch [83/100] - [TRAIN] Loss: 0.4732, Accuracy: 79.71%, AUC: 0.79 - [VAL] Loss: 0.4927, Accuracy: 79.00%, AUC: 0.78
Epoch [84/100] - [TRAIN] Loss: 0.4727, Accuracy: 79.78%, AUC: 0.79 - [VAL] Loss: 0.4929, Accuracy: 78.89%, AUC: 0.78
Epoch [85/100] - [TRAIN] Loss: 0.4717, Accuracy: 79.67%, AUC: 0.79 - [VAL] Loss: 0.4925, Accuracy: 79.00%, AUC: 0.78
Epoch [86/100] - [TRAIN] Loss: 0.4726, Accuracy: 79.69%, AUC: 0.79 - [VAL] Loss: 0.4926, Accuracy: 79.06%, AUC: 0.78
Epoch [87/100] - [TRAIN] Loss: 0.4709, Accuracy: 79.78%, AUC: 0.79 - [VAL] Loss: 0.4926, Accuracy: 79.00%, AUC: 0.78
Epoch [88/100] - [TRAIN] Loss: 0.4711, Accuracy: 79.70%, AUC: 0.79 - [VAL] Loss: 0.4924, Accuracy: 79.07%, AUC: 0.78
Epoch [89/100] - [TRAIN] Loss: 0.4708, Accuracy: 79.88%, AUC: 0.79 - [VAL] Loss: 0.4929, Accuracy: 79.02%, AUC: 0.78
Epoch [90/100] - [TRAIN] Loss: 0.4698, Accuracy: 79.85%, AUC: 0.79 - [VAL] Loss: 0.4924, Accuracy: 79.00%, AUC: 0.78
Epoch [91/100] - [TRAIN] Loss: 0.4708, Accuracy: 79.70%, AUC: 0.79 - [VAL] Loss: 0.4939, Accuracy: 78.93%, AUC: 0.78
Epoch [92/100] - [TRAIN] Loss: 0.4690, Accuracy: 79.96%, AUC: 0.79 - [VAL] Loss: 0.4937, Accuracy: 78.96%, AUC: 0.78
Epoch [93/100] - [TRAIN] Loss: 0.4695, Accuracy: 79.89%, AUC: 0.79 - [VAL] Loss: 0.4955, Accuracy: 78.81%, AUC: 0.78
Epoch [94/100] - [TRAIN] Loss: 0.4697, Accuracy: 79.93%, AUC: 0.79 - [VAL] Loss: 0.4929, Accuracy: 78.96%, AUC: 0.78
Epoch [95/100] - [TRAIN] Loss: 0.4681, Accuracy: 79.93%, AUC: 0.79 - [VAL] Loss: 0.4932, Accuracy: 78.95%, AUC: 0.78
Epoch [96/100] - [TRAIN] Loss: 0.4699, Accuracy: 79.89%, AUC: 0.79 - [VAL] Loss: 0.4931, Accuracy: 78.96%, AUC: 0.78
Epoch [97/100] - [TRAIN] Loss: 0.4688, Accuracy: 79.93%, AUC: 0.79 - [VAL] Loss: 0.4931, Accuracy: 78.95%, AUC: 0.78
Epoch [98/100] - [TRAIN] Loss: 0.4693, Accuracy: 79.81%, AUC: 0.79 - [VAL] Loss: 0.4939, Accuracy: 78.99%, AUC: 0.78
Epoch [99/100] - [TRAIN] Loss: 0.4683, Accuracy: 80.00%, AUC: 0.79 - [VAL] Loss: 0.4933, Accuracy: 79.02%, AUC: 0.78
Epoch [100/100] - [TRAIN] Loss: 0.4670, Accuracy: 79.94%, AUC: 0.79 - [VAL] Loss: 0.4945, Accuracy: 78.91%, AUC: 0.78
Training finished!
Accuracy Score on test set: 79.34 %
AUC Score on test set: 0.79
Item: H3K9me3-H3K27ac-H3K4me3-H3K9ac-H3K27me3
Train set shape: (7399, 5, 4000) (7399,)
Validation set shape: (7377, 5, 4000) (7377,)
Test set shape: (7378, 5, 4000) (7378,)
New best model saved with validation metric: 19.4242
Epoch [1/100] - [TRAIN] Loss: 0.6486, Accuracy: 60.39%, AUC: 0.54 - [VAL] Loss: 0.5975, Accuracy: 60.82%, AUC: 0.50
New best model saved with validation metric: 23.8918
Epoch [2/100] - [TRAIN] Loss: 0.5776, Accuracy: 60.94%, AUC: 0.50 - [VAL] Loss: 0.5558, Accuracy: 74.81%, AUC: 0.72
New best model saved with validation metric: 25.1169
Epoch [3/100] - [TRAIN] Loss: 0.5518, Accuracy: 77.11%, AUC: 0.75 - [VAL] Loss: 0.5384, Accuracy: 78.65%, AUC: 0.78
Epoch [4/100] - [TRAIN] Loss: 0.5389, Accuracy: 78.56%, AUC: 0.78 - [VAL] Loss: 0.5293, Accuracy: 78.43%, AUC: 0.78
Epoch [5/100] - [TRAIN] Loss: 0.5321, Accuracy: 78.44%, AUC: 0.78 - [VAL] Loss: 0.5241, Accuracy: 78.11%, AUC: 0.78
Epoch [6/100] - [TRAIN] Loss: 0.5275, Accuracy: 78.31%, AUC: 0.78 - [VAL] Loss: 0.5196, Accuracy: 78.13%, AUC: 0.78
Epoch [7/100] - [TRAIN] Loss: 0.5217, Accuracy: 78.25%, AUC: 0.78 - [VAL] Loss: 0.5160, Accuracy: 78.12%, AUC: 0.78
Epoch [8/100] - [TRAIN] Loss: 0.5206, Accuracy: 78.32%, AUC: 0.78 - [VAL] Loss: 0.5132, Accuracy: 78.13%, AUC: 0.78
Epoch [9/100] - [TRAIN] Loss: 0.5190, Accuracy: 78.25%, AUC: 0.78 - [VAL] Loss: 0.5112, Accuracy: 78.08%, AUC: 0.78
Epoch [10/100] - [TRAIN] Loss: 0.5131, Accuracy: 78.28%, AUC: 0.78 - [VAL] Loss: 0.5092, Accuracy: 78.05%, AUC: 0.78
Epoch [11/100] - [TRAIN] Loss: 0.5119, Accuracy: 78.28%, AUC: 0.78 - [VAL] Loss: 0.5079, Accuracy: 78.13%, AUC: 0.78
Epoch [12/100] - [TRAIN] Loss: 0.5099, Accuracy: 78.35%, AUC: 0.78 - [VAL] Loss: 0.5065, Accuracy: 78.12%, AUC: 0.78
Epoch [13/100] - [TRAIN] Loss: 0.5077, Accuracy: 78.44%, AUC: 0.78 - [VAL] Loss: 0.5053, Accuracy: 78.22%, AUC: 0.78
Epoch [14/100] - [TRAIN] Loss: 0.5070, Accuracy: 78.25%, AUC: 0.78 - [VAL] Loss: 0.5043, Accuracy: 78.31%, AUC: 0.78
Epoch [15/100] - [TRAIN] Loss: 0.5050, Accuracy: 78.44%, AUC: 0.78 - [VAL] Loss: 0.5036, Accuracy: 78.27%, AUC: 0.78
Epoch [16/100] - [TRAIN] Loss: 0.5064, Accuracy: 78.56%, AUC: 0.78 - [VAL] Loss: 0.5036, Accuracy: 78.26%, AUC: 0.78
Epoch [17/100] - [TRAIN] Loss: 0.5029, Accuracy: 78.52%, AUC: 0.78 - [VAL] Loss: 0.5019, Accuracy: 78.38%, AUC: 0.78
Epoch [18/100] - [TRAIN] Loss: 0.5023, Accuracy: 78.67%, AUC: 0.78 - [VAL] Loss: 0.5013, Accuracy: 78.39%, AUC: 0.78
Epoch [19/100] - [TRAIN] Loss: 0.5038, Accuracy: 78.58%, AUC: 0.78 - [VAL] Loss: 0.5013, Accuracy: 78.32%, AUC: 0.78
Epoch [20/100] - [TRAIN] Loss: 0.5020, Accuracy: 78.66%, AUC: 0.78 - [VAL] Loss: 0.5003, Accuracy: 78.37%, AUC: 0.78
Epoch [21/100] - [TRAIN] Loss: 0.4990, Accuracy: 78.73%, AUC: 0.78 - [VAL] Loss: 0.4998, Accuracy: 78.34%, AUC: 0.78
Epoch [22/100] - [TRAIN] Loss: 0.5006, Accuracy: 78.59%, AUC: 0.78 - [VAL] Loss: 0.4992, Accuracy: 78.49%, AUC: 0.78
Epoch [23/100] - [TRAIN] Loss: 0.4987, Accuracy: 78.81%, AUC: 0.78 - [VAL] Loss: 0.4985, Accuracy: 78.51%, AUC: 0.78
Epoch [24/100] - [TRAIN] Loss: 0.4972, Accuracy: 78.63%, AUC: 0.78 - [VAL] Loss: 0.4979, Accuracy: 78.57%, AUC: 0.78
Epoch [25/100] - [TRAIN] Loss: 0.4978, Accuracy: 78.77%, AUC: 0.78 - [VAL] Loss: 0.4975, Accuracy: 78.54%, AUC: 0.78
Epoch [26/100] - [TRAIN] Loss: 0.4961, Accuracy: 78.90%, AUC: 0.78 - [VAL] Loss: 0.4971, Accuracy: 78.65%, AUC: 0.78
Epoch [27/100] - [TRAIN] Loss: 0.4965, Accuracy: 78.77%, AUC: 0.78 - [VAL] Loss: 0.4968, Accuracy: 78.65%, AUC: 0.78
Epoch [28/100] - [TRAIN] Loss: 0.4951, Accuracy: 78.82%, AUC: 0.78 - [VAL] Loss: 0.4967, Accuracy: 78.64%, AUC: 0.78
New best model saved with validation metric: 25.1342
Epoch [29/100] - [TRAIN] Loss: 0.4950, Accuracy: 78.86%, AUC: 0.78 - [VAL] Loss: 0.4958, Accuracy: 78.70%, AUC: 0.78
Epoch [30/100] - [TRAIN] Loss: 0.4948, Accuracy: 78.90%, AUC: 0.78 - [VAL] Loss: 0.4957, Accuracy: 78.65%, AUC: 0.78
Epoch [31/100] - [TRAIN] Loss: 0.4934, Accuracy: 78.93%, AUC: 0.78 - [VAL] Loss: 0.4956, Accuracy: 78.64%, AUC: 0.78
New best model saved with validation metric: 25.1429
Epoch [32/100] - [TRAIN] Loss: 0.4925, Accuracy: 78.94%, AUC: 0.78 - [VAL] Loss: 0.4949, Accuracy: 78.73%, AUC: 0.78
Epoch [33/100] - [TRAIN] Loss: 0.4923, Accuracy: 78.97%, AUC: 0.78 - [VAL] Loss: 0.4947, Accuracy: 78.72%, AUC: 0.78
Epoch [34/100] - [TRAIN] Loss: 0.4926, Accuracy: 78.82%, AUC: 0.78 - [VAL] Loss: 0.4944, Accuracy: 78.69%, AUC: 0.78
Epoch [35/100] - [TRAIN] Loss: 0.4918, Accuracy: 79.00%, AUC: 0.78 - [VAL] Loss: 0.4944, Accuracy: 78.69%, AUC: 0.78
Epoch [36/100] - [TRAIN] Loss: 0.4908, Accuracy: 79.00%, AUC: 0.78 - [VAL] Loss: 0.4950, Accuracy: 78.64%, AUC: 0.78
Epoch [37/100] - [TRAIN] Loss: 0.4900, Accuracy: 78.96%, AUC: 0.78 - [VAL] Loss: 0.4941, Accuracy: 78.69%, AUC: 0.78
Epoch [38/100] - [TRAIN] Loss: 0.4903, Accuracy: 78.98%, AUC: 0.78 - [VAL] Loss: 0.4942, Accuracy: 78.70%, AUC: 0.78
Epoch [39/100] - [TRAIN] Loss: 0.4888, Accuracy: 79.01%, AUC: 0.78 - [VAL] Loss: 0.4935, Accuracy: 78.73%, AUC: 0.78
New best model saved with validation metric: 25.1732
Epoch [40/100] - [TRAIN] Loss: 0.4890, Accuracy: 78.90%, AUC: 0.78 - [VAL] Loss: 0.4931, Accuracy: 78.83%, AUC: 0.78
Epoch [41/100] - [TRAIN] Loss: 0.4874, Accuracy: 79.02%, AUC: 0.78 - [VAL] Loss: 0.4941, Accuracy: 78.72%, AUC: 0.78
Epoch [42/100] - [TRAIN] Loss: 0.4887, Accuracy: 79.09%, AUC: 0.78 - [VAL] Loss: 0.4932, Accuracy: 78.72%, AUC: 0.78
Epoch [43/100] - [TRAIN] Loss: 0.4875, Accuracy: 78.94%, AUC: 0.78 - [VAL] Loss: 0.4925, Accuracy: 78.83%, AUC: 0.78
Epoch [44/100] - [TRAIN] Loss: 0.4868, Accuracy: 79.04%, AUC: 0.78 - [VAL] Loss: 0.4929, Accuracy: 78.73%, AUC: 0.78
Epoch [45/100] - [TRAIN] Loss: 0.4866, Accuracy: 79.11%, AUC: 0.78 - [VAL] Loss: 0.4923, Accuracy: 78.83%, AUC: 0.78
Epoch [46/100] - [TRAIN] Loss: 0.4854, Accuracy: 79.02%, AUC: 0.78 - [VAL] Loss: 0.4923, Accuracy: 78.83%, AUC: 0.78
Epoch [47/100] - [TRAIN] Loss: 0.4858, Accuracy: 79.16%, AUC: 0.78 - [VAL] Loss: 0.4928, Accuracy: 78.72%, AUC: 0.78
Epoch [48/100] - [TRAIN] Loss: 0.4847, Accuracy: 79.12%, AUC: 0.78 - [VAL] Loss: 0.4936, Accuracy: 78.74%, AUC: 0.78
Epoch [49/100] - [TRAIN] Loss: 0.4835, Accuracy: 79.05%, AUC: 0.78 - [VAL] Loss: 0.4932, Accuracy: 78.69%, AUC: 0.78
Epoch [50/100] - [TRAIN] Loss: 0.4839, Accuracy: 79.20%, AUC: 0.78 - [VAL] Loss: 0.4934, Accuracy: 78.74%, AUC: 0.78
Epoch [51/100] - [TRAIN] Loss: 0.4827, Accuracy: 79.11%, AUC: 0.78 - [VAL] Loss: 0.4925, Accuracy: 78.74%, AUC: 0.78
Epoch [52/100] - [TRAIN] Loss: 0.4836, Accuracy: 79.36%, AUC: 0.79 - [VAL] Loss: 0.4922, Accuracy: 78.83%, AUC: 0.78
Epoch [53/100] - [TRAIN] Loss: 0.4833, Accuracy: 79.17%, AUC: 0.78 - [VAL] Loss: 0.4929, Accuracy: 78.72%, AUC: 0.78
Epoch [54/100] - [TRAIN] Loss: 0.4826, Accuracy: 79.23%, AUC: 0.78 - [VAL] Loss: 0.4921, Accuracy: 78.81%, AUC: 0.78
Epoch [55/100] - [TRAIN] Loss: 0.4825, Accuracy: 79.11%, AUC: 0.78 - [VAL] Loss: 0.4923, Accuracy: 78.80%, AUC: 0.78
Epoch [56/100] - [TRAIN] Loss: 0.4829, Accuracy: 79.23%, AUC: 0.78 - [VAL] Loss: 0.4922, Accuracy: 78.80%, AUC: 0.78
Epoch [57/100] - [TRAIN] Loss: 0.4810, Accuracy: 79.27%, AUC: 0.78 - [VAL] Loss: 0.4919, Accuracy: 78.83%, AUC: 0.78
New best model saved with validation metric: 25.1861
Epoch [58/100] - [TRAIN] Loss: 0.4805, Accuracy: 79.19%, AUC: 0.78 - [VAL] Loss: 0.4919, Accuracy: 78.87%, AUC: 0.78
Epoch [59/100] - [TRAIN] Loss: 0.4810, Accuracy: 79.19%, AUC: 0.78 - [VAL] Loss: 0.4921, Accuracy: 78.87%, AUC: 0.78
Epoch [60/100] - [TRAIN] Loss: 0.4797, Accuracy: 79.20%, AUC: 0.78 - [VAL] Loss: 0.4921, Accuracy: 78.84%, AUC: 0.78
Epoch [61/100] - [TRAIN] Loss: 0.4799, Accuracy: 79.27%, AUC: 0.78 - [VAL] Loss: 0.4927, Accuracy: 78.77%, AUC: 0.78
Epoch [62/100] - [TRAIN] Loss: 0.4799, Accuracy: 79.27%, AUC: 0.78 - [VAL] Loss: 0.4925, Accuracy: 78.81%, AUC: 0.78
New best model saved with validation metric: 25.1991
Epoch [63/100] - [TRAIN] Loss: 0.4800, Accuracy: 79.27%, AUC: 0.78 - [VAL] Loss: 0.4921, Accuracy: 78.91%, AUC: 0.78
Epoch [64/100] - [TRAIN] Loss: 0.4794, Accuracy: 79.29%, AUC: 0.78 - [VAL] Loss: 0.4923, Accuracy: 78.88%, AUC: 0.78
Epoch [65/100] - [TRAIN] Loss: 0.4789, Accuracy: 79.31%, AUC: 0.79 - [VAL] Loss: 0.4918, Accuracy: 78.91%, AUC: 0.78
New best model saved with validation metric: 25.2078
Epoch [66/100] - [TRAIN] Loss: 0.4793, Accuracy: 79.44%, AUC: 0.79 - [VAL] Loss: 0.4930, Accuracy: 78.93%, AUC: 0.78
Epoch [67/100] - [TRAIN] Loss: 0.4770, Accuracy: 79.27%, AUC: 0.79 - [VAL] Loss: 0.4922, Accuracy: 78.91%, AUC: 0.78
Epoch [68/100] - [TRAIN] Loss: 0.4785, Accuracy: 79.29%, AUC: 0.79 - [VAL] Loss: 0.4929, Accuracy: 78.93%, AUC: 0.78
Epoch [69/100] - [TRAIN] Loss: 0.4778, Accuracy: 79.36%, AUC: 0.79 - [VAL] Loss: 0.4923, Accuracy: 78.92%, AUC: 0.78
Epoch [70/100] - [TRAIN] Loss: 0.4781, Accuracy: 79.27%, AUC: 0.78 - [VAL] Loss: 0.4924, Accuracy: 78.89%, AUC: 0.78
Epoch [71/100] - [TRAIN] Loss: 0.4775, Accuracy: 79.44%, AUC: 0.79 - [VAL] Loss: 0.4934, Accuracy: 78.87%, AUC: 0.78
New best model saved with validation metric: 25.2208
Epoch [72/100] - [TRAIN] Loss: 0.4763, Accuracy: 79.34%, AUC: 0.79 - [VAL] Loss: 0.4922, Accuracy: 78.98%, AUC: 0.78
Epoch [73/100] - [TRAIN] Loss: 0.4776, Accuracy: 79.43%, AUC: 0.79 - [VAL] Loss: 0.4929, Accuracy: 78.96%, AUC: 0.78
New best model saved with validation metric: 25.2294
Epoch [74/100] - [TRAIN] Loss: 0.4771, Accuracy: 79.32%, AUC: 0.79 - [VAL] Loss: 0.4923, Accuracy: 79.00%, AUC: 0.78
Epoch [75/100] - [TRAIN] Loss: 0.4764, Accuracy: 79.50%, AUC: 0.79 - [VAL] Loss: 0.4930, Accuracy: 79.00%, AUC: 0.78
New best model saved with validation metric: 25.2381
Epoch [76/100] - [TRAIN] Loss: 0.4758, Accuracy: 79.47%, AUC: 0.79 - [VAL] Loss: 0.4926, Accuracy: 79.03%, AUC: 0.78
New best model saved with validation metric: 25.2684
Epoch [77/100] - [TRAIN] Loss: 0.4758, Accuracy: 79.61%, AUC: 0.79 - [VAL] Loss: 0.4930, Accuracy: 79.12%, AUC: 0.78
Epoch [78/100] - [TRAIN] Loss: 0.4761, Accuracy: 79.54%, AUC: 0.79 - [VAL] Loss: 0.4930, Accuracy: 79.00%, AUC: 0.78
Epoch [79/100] - [TRAIN] Loss: 0.4754, Accuracy: 79.38%, AUC: 0.79 - [VAL] Loss: 0.4924, Accuracy: 79.04%, AUC: 0.78
Epoch [80/100] - [TRAIN] Loss: 0.4757, Accuracy: 79.59%, AUC: 0.79 - [VAL] Loss: 0.4924, Accuracy: 79.04%, AUC: 0.78
Epoch [81/100] - [TRAIN] Loss: 0.4753, Accuracy: 79.61%, AUC: 0.79 - [VAL] Loss: 0.4924, Accuracy: 79.03%, AUC: 0.78
Epoch [82/100] - [TRAIN] Loss: 0.4735, Accuracy: 79.46%, AUC: 0.79 - [VAL] Loss: 0.4925, Accuracy: 79.03%, AUC: 0.78
Epoch [83/100] - [TRAIN] Loss: 0.4745, Accuracy: 79.56%, AUC: 0.79 - [VAL] Loss: 0.4949, Accuracy: 78.72%, AUC: 0.78
Epoch [84/100] - [TRAIN] Loss: 0.4725, Accuracy: 79.66%, AUC: 0.79 - [VAL] Loss: 0.4926, Accuracy: 78.99%, AUC: 0.78
Epoch [85/100] - [TRAIN] Loss: 0.4735, Accuracy: 79.66%, AUC: 0.79 - [VAL] Loss: 0.4926, Accuracy: 79.03%, AUC: 0.78
Epoch [86/100] - [TRAIN] Loss: 0.4735, Accuracy: 79.65%, AUC: 0.79 - [VAL] Loss: 0.4939, Accuracy: 78.80%, AUC: 0.78
Epoch [87/100] - [TRAIN] Loss: 0.4731, Accuracy: 79.59%, AUC: 0.79 - [VAL] Loss: 0.4928, Accuracy: 78.98%, AUC: 0.78
Epoch [88/100] - [TRAIN] Loss: 0.4736, Accuracy: 79.66%, AUC: 0.79 - [VAL] Loss: 0.4930, Accuracy: 78.98%, AUC: 0.78
Epoch [89/100] - [TRAIN] Loss: 0.4721, Accuracy: 79.69%, AUC: 0.79 - [VAL] Loss: 0.4932, Accuracy: 78.95%, AUC: 0.78
Epoch [90/100] - [TRAIN] Loss: 0.4725, Accuracy: 79.74%, AUC: 0.79 - [VAL] Loss: 0.4931, Accuracy: 78.98%, AUC: 0.78
Epoch [91/100] - [TRAIN] Loss: 0.4712, Accuracy: 79.65%, AUC: 0.79 - [VAL] Loss: 0.4944, Accuracy: 78.87%, AUC: 0.78
Epoch [92/100] - [TRAIN] Loss: 0.4722, Accuracy: 79.66%, AUC: 0.79 - [VAL] Loss: 0.4934, Accuracy: 78.93%, AUC: 0.78
Epoch [93/100] - [TRAIN] Loss: 0.4709, Accuracy: 79.62%, AUC: 0.79 - [VAL] Loss: 0.4933, Accuracy: 78.99%, AUC: 0.78
Epoch [94/100] - [TRAIN] Loss: 0.4699, Accuracy: 79.63%, AUC: 0.79 - [VAL] Loss: 0.4930, Accuracy: 79.06%, AUC: 0.78
Epoch [95/100] - [TRAIN] Loss: 0.4682, Accuracy: 79.82%, AUC: 0.79 - [VAL] Loss: 0.4943, Accuracy: 78.84%, AUC: 0.78
Epoch [96/100] - [TRAIN] Loss: 0.4704, Accuracy: 79.66%, AUC: 0.79 - [VAL] Loss: 0.4963, Accuracy: 78.96%, AUC: 0.78
Epoch [97/100] - [TRAIN] Loss: 0.4696, Accuracy: 79.71%, AUC: 0.79 - [VAL] Loss: 0.4952, Accuracy: 78.85%, AUC: 0.78
Epoch [98/100] - [TRAIN] Loss: 0.4699, Accuracy: 79.77%, AUC: 0.79 - [VAL] Loss: 0.4933, Accuracy: 79.02%, AUC: 0.78
Epoch [99/100] - [TRAIN] Loss: 0.4699, Accuracy: 79.74%, AUC: 0.79 - [VAL] Loss: 0.4937, Accuracy: 79.12%, AUC: 0.78
New best model saved with validation metric: 25.2727
Epoch [100/100] - [TRAIN] Loss: 0.4680, Accuracy: 79.73%, AUC: 0.79 - [VAL] Loss: 0.4934, Accuracy: 79.14%, AUC: 0.78
Training finished!
Accuracy Score on test set: 79.38 %
AUC Score on test set: 0.79
Item: H3K9me3-H3K27ac-H3K4me3-H3K27me3-H3K9ac
Train set shape: (7399, 5, 4000) (7399,)
Validation set shape: (7377, 5, 4000) (7377,)
Test set shape: (7378, 5, 4000) (7378,)
New best model saved with validation metric: 19.4242
Epoch [1/100] - [TRAIN] Loss: 0.6754, Accuracy: 58.10%, AUC: 0.55 - [VAL] Loss: 0.6435, Accuracy: 60.82%, AUC: 0.50
Epoch [2/100] - [TRAIN] Loss: 0.6239, Accuracy: 60.82%, AUC: 0.50 - [VAL] Loss: 0.6041, Accuracy: 60.82%, AUC: 0.50
Epoch [3/100] - [TRAIN] Loss: 0.5930, Accuracy: 60.82%, AUC: 0.50 - [VAL] Loss: 0.5773, Accuracy: 60.82%, AUC: 0.50
New best model saved with validation metric: 24.6840
Epoch [4/100] - [TRAIN] Loss: 0.5684, Accuracy: 63.40%, AUC: 0.54 - [VAL] Loss: 0.5540, Accuracy: 77.29%, AUC: 0.75
New best model saved with validation metric: 24.9481
Epoch [5/100] - [TRAIN] Loss: 0.5494, Accuracy: 77.82%, AUC: 0.76 - [VAL] Loss: 0.5376, Accuracy: 78.12%, AUC: 0.77
New best model saved with validation metric: 24.9524
Epoch [6/100] - [TRAIN] Loss: 0.5357, Accuracy: 78.27%, AUC: 0.77 - [VAL] Loss: 0.5277, Accuracy: 78.13%, AUC: 0.78
Epoch [7/100] - [TRAIN] Loss: 0.5288, Accuracy: 78.28%, AUC: 0.78 - [VAL] Loss: 0.5222, Accuracy: 78.11%, AUC: 0.78
Epoch [8/100] - [TRAIN] Loss: 0.5243, Accuracy: 78.05%, AUC: 0.77 - [VAL] Loss: 0.5192, Accuracy: 77.96%, AUC: 0.78
Epoch [9/100] - [TRAIN] Loss: 0.5205, Accuracy: 78.09%, AUC: 0.78 - [VAL] Loss: 0.5161, Accuracy: 78.01%, AUC: 0.78
Epoch [10/100] - [TRAIN] Loss: 0.5179, Accuracy: 78.11%, AUC: 0.78 - [VAL] Loss: 0.5140, Accuracy: 77.92%, AUC: 0.78
Epoch [11/100] - [TRAIN] Loss: 0.5160, Accuracy: 78.20%, AUC: 0.78 - [VAL] Loss: 0.5123, Accuracy: 77.81%, AUC: 0.78
Epoch [12/100] - [TRAIN] Loss: 0.5141, Accuracy: 78.08%, AUC: 0.78 - [VAL] Loss: 0.5109, Accuracy: 77.76%, AUC: 0.78
Epoch [13/100] - [TRAIN] Loss: 0.5111, Accuracy: 78.12%, AUC: 0.78 - [VAL] Loss: 0.5101, Accuracy: 77.61%, AUC: 0.78
Epoch [14/100] - [TRAIN] Loss: 0.5093, Accuracy: 78.23%, AUC: 0.78 - [VAL] Loss: 0.5084, Accuracy: 78.01%, AUC: 0.78
Epoch [15/100] - [TRAIN] Loss: 0.5084, Accuracy: 78.25%, AUC: 0.78 - [VAL] Loss: 0.5074, Accuracy: 77.85%, AUC: 0.78
Epoch [16/100] - [TRAIN] Loss: 0.5081, Accuracy: 78.36%, AUC: 0.78 - [VAL] Loss: 0.5067, Accuracy: 77.81%, AUC: 0.78
Epoch [17/100] - [TRAIN] Loss: 0.5071, Accuracy: 78.35%, AUC: 0.78 - [VAL] Loss: 0.5060, Accuracy: 77.89%, AUC: 0.78
Epoch [18/100] - [TRAIN] Loss: 0.5059, Accuracy: 78.27%, AUC: 0.78 - [VAL] Loss: 0.5051, Accuracy: 78.03%, AUC: 0.78
Epoch [19/100] - [TRAIN] Loss: 0.5052, Accuracy: 78.38%, AUC: 0.78 - [VAL] Loss: 0.5045, Accuracy: 78.09%, AUC: 0.78
New best model saved with validation metric: 25.0303
Epoch [20/100] - [TRAIN] Loss: 0.5047, Accuracy: 78.39%, AUC: 0.78 - [VAL] Loss: 0.5037, Accuracy: 78.38%, AUC: 0.78
Epoch [21/100] - [TRAIN] Loss: 0.5029, Accuracy: 78.48%, AUC: 0.78 - [VAL] Loss: 0.5033, Accuracy: 78.28%, AUC: 0.78
Epoch [22/100] - [TRAIN] Loss: 0.5036, Accuracy: 78.48%, AUC: 0.78 - [VAL] Loss: 0.5028, Accuracy: 78.35%, AUC: 0.78
New best model saved with validation metric: 25.0823
Epoch [23/100] - [TRAIN] Loss: 0.5029, Accuracy: 78.38%, AUC: 0.78 - [VAL] Loss: 0.5021, Accuracy: 78.54%, AUC: 0.78
Epoch [24/100] - [TRAIN] Loss: 0.5004, Accuracy: 78.56%, AUC: 0.78 - [VAL] Loss: 0.5017, Accuracy: 78.46%, AUC: 0.78
Epoch [25/100] - [TRAIN] Loss: 0.4991, Accuracy: 78.55%, AUC: 0.78 - [VAL] Loss: 0.5012, Accuracy: 78.51%, AUC: 0.78
Epoch [26/100] - [TRAIN] Loss: 0.5003, Accuracy: 78.67%, AUC: 0.78 - [VAL] Loss: 0.5010, Accuracy: 78.43%, AUC: 0.78
Epoch [27/100] - [TRAIN] Loss: 0.4989, Accuracy: 78.74%, AUC: 0.78 - [VAL] Loss: 0.5007, Accuracy: 78.47%, AUC: 0.78
Epoch [28/100] - [TRAIN] Loss: 0.4986, Accuracy: 78.69%, AUC: 0.78 - [VAL] Loss: 0.5004, Accuracy: 78.49%, AUC: 0.78
Epoch [29/100] - [TRAIN] Loss: 0.4981, Accuracy: 78.71%, AUC: 0.78 - [VAL] Loss: 0.4996, Accuracy: 78.46%, AUC: 0.78
Epoch [30/100] - [TRAIN] Loss: 0.4982, Accuracy: 78.71%, AUC: 0.78 - [VAL] Loss: 0.4993, Accuracy: 78.43%, AUC: 0.78
Epoch [31/100] - [TRAIN] Loss: 0.4971, Accuracy: 78.70%, AUC: 0.78 - [VAL] Loss: 0.4990, Accuracy: 78.43%, AUC: 0.78
Epoch [32/100] - [TRAIN] Loss: 0.4978, Accuracy: 78.88%, AUC: 0.78 - [VAL] Loss: 0.4990, Accuracy: 78.46%, AUC: 0.78
Epoch [33/100] - [TRAIN] Loss: 0.4960, Accuracy: 78.74%, AUC: 0.78 - [VAL] Loss: 0.4982, Accuracy: 78.46%, AUC: 0.78
New best model saved with validation metric: 25.0866
Epoch [34/100] - [TRAIN] Loss: 0.4962, Accuracy: 78.75%, AUC: 0.78 - [VAL] Loss: 0.4978, Accuracy: 78.55%, AUC: 0.78
Epoch [35/100] - [TRAIN] Loss: 0.4963, Accuracy: 78.81%, AUC: 0.78 - [VAL] Loss: 0.4982, Accuracy: 78.47%, AUC: 0.78
Epoch [36/100] - [TRAIN] Loss: 0.4943, Accuracy: 78.82%, AUC: 0.78 - [VAL] Loss: 0.4976, Accuracy: 78.46%, AUC: 0.78
Epoch [37/100] - [TRAIN] Loss: 0.4940, Accuracy: 78.79%, AUC: 0.78 - [VAL] Loss: 0.4973, Accuracy: 78.46%, AUC: 0.78
Epoch [38/100] - [TRAIN] Loss: 0.4930, Accuracy: 79.00%, AUC: 0.78 - [VAL] Loss: 0.4969, Accuracy: 78.46%, AUC: 0.78
Epoch [39/100] - [TRAIN] Loss: 0.4947, Accuracy: 78.88%, AUC: 0.78 - [VAL] Loss: 0.4969, Accuracy: 78.46%, AUC: 0.78
Epoch [40/100] - [TRAIN] Loss: 0.4934, Accuracy: 78.89%, AUC: 0.78 - [VAL] Loss: 0.4966, Accuracy: 78.49%, AUC: 0.78
Epoch [41/100] - [TRAIN] Loss: 0.4933, Accuracy: 78.94%, AUC: 0.78 - [VAL] Loss: 0.4966, Accuracy: 78.50%, AUC: 0.78
Epoch [42/100] - [TRAIN] Loss: 0.4933, Accuracy: 78.90%, AUC: 0.78 - [VAL] Loss: 0.4969, Accuracy: 78.45%, AUC: 0.78
Epoch [43/100] - [TRAIN] Loss: 0.4914, Accuracy: 79.00%, AUC: 0.78 - [VAL] Loss: 0.4961, Accuracy: 78.53%, AUC: 0.78
New best model saved with validation metric: 25.1299
Epoch [44/100] - [TRAIN] Loss: 0.4909, Accuracy: 79.06%, AUC: 0.78 - [VAL] Loss: 0.4952, Accuracy: 78.69%, AUC: 0.78
New best model saved with validation metric: 25.1385
Epoch [45/100] - [TRAIN] Loss: 0.4906, Accuracy: 78.93%, AUC: 0.78 - [VAL] Loss: 0.4951, Accuracy: 78.72%, AUC: 0.78
Epoch [46/100] - [TRAIN] Loss: 0.4895, Accuracy: 79.04%, AUC: 0.78 - [VAL] Loss: 0.4949, Accuracy: 78.68%, AUC: 0.78
Epoch [47/100] - [TRAIN] Loss: 0.4887, Accuracy: 79.02%, AUC: 0.78 - [VAL] Loss: 0.4951, Accuracy: 78.61%, AUC: 0.78
Epoch [48/100] - [TRAIN] Loss: 0.4878, Accuracy: 79.08%, AUC: 0.78 - [VAL] Loss: 0.4955, Accuracy: 78.54%, AUC: 0.78
Epoch [49/100] - [TRAIN] Loss: 0.4893, Accuracy: 79.02%, AUC: 0.78 - [VAL] Loss: 0.4952, Accuracy: 78.54%, AUC: 0.78
New best model saved with validation metric: 25.1515
Epoch [50/100] - [TRAIN] Loss: 0.4877, Accuracy: 79.02%, AUC: 0.78 - [VAL] Loss: 0.4940, Accuracy: 78.76%, AUC: 0.78
Epoch [51/100] - [TRAIN] Loss: 0.4880, Accuracy: 79.16%, AUC: 0.78 - [VAL] Loss: 0.4938, Accuracy: 78.76%, AUC: 0.78
New best model saved with validation metric: 25.1775
Epoch [52/100] - [TRAIN] Loss: 0.4870, Accuracy: 79.16%, AUC: 0.78 - [VAL] Loss: 0.4936, Accuracy: 78.84%, AUC: 0.78
Epoch [53/100] - [TRAIN] Loss: 0.4865, Accuracy: 79.12%, AUC: 0.78 - [VAL] Loss: 0.4934, Accuracy: 78.81%, AUC: 0.78
New best model saved with validation metric: 25.1905
Epoch [54/100] - [TRAIN] Loss: 0.4855, Accuracy: 79.08%, AUC: 0.78 - [VAL] Loss: 0.4932, Accuracy: 78.88%, AUC: 0.78
Epoch [55/100] - [TRAIN] Loss: 0.4852, Accuracy: 79.09%, AUC: 0.78 - [VAL] Loss: 0.4932, Accuracy: 78.77%, AUC: 0.78
Epoch [56/100] - [TRAIN] Loss: 0.4878, Accuracy: 79.15%, AUC: 0.78 - [VAL] Loss: 0.4931, Accuracy: 78.85%, AUC: 0.78
Epoch [57/100] - [TRAIN] Loss: 0.4853, Accuracy: 79.21%, AUC: 0.78 - [VAL] Loss: 0.4929, Accuracy: 78.77%, AUC: 0.78
Epoch [58/100] - [TRAIN] Loss: 0.4854, Accuracy: 79.09%, AUC: 0.78 - [VAL] Loss: 0.4933, Accuracy: 78.74%, AUC: 0.78
Epoch [59/100] - [TRAIN] Loss: 0.4841, Accuracy: 79.08%, AUC: 0.78 - [VAL] Loss: 0.4926, Accuracy: 78.85%, AUC: 0.78
Epoch [60/100] - [TRAIN] Loss: 0.4863, Accuracy: 79.11%, AUC: 0.78 - [VAL] Loss: 0.4932, Accuracy: 78.73%, AUC: 0.78
New best model saved with validation metric: 25.2078
Epoch [61/100] - [TRAIN] Loss: 0.4829, Accuracy: 79.17%, AUC: 0.78 - [VAL] Loss: 0.4927, Accuracy: 78.93%, AUC: 0.78
New best model saved with validation metric: 25.2165
Epoch [62/100] - [TRAIN] Loss: 0.4839, Accuracy: 79.19%, AUC: 0.78 - [VAL] Loss: 0.4923, Accuracy: 78.96%, AUC: 0.78
Epoch [63/100] - [TRAIN] Loss: 0.4830, Accuracy: 79.25%, AUC: 0.79 - [VAL] Loss: 0.4922, Accuracy: 78.95%, AUC: 0.78
Epoch [64/100] - [TRAIN] Loss: 0.4822, Accuracy: 79.39%, AUC: 0.79 - [VAL] Loss: 0.4931, Accuracy: 78.64%, AUC: 0.78
Epoch [65/100] - [TRAIN] Loss: 0.4819, Accuracy: 79.32%, AUC: 0.79 - [VAL] Loss: 0.4921, Accuracy: 78.91%, AUC: 0.78
Epoch [66/100] - [TRAIN] Loss: 0.4835, Accuracy: 79.43%, AUC: 0.79 - [VAL] Loss: 0.4922, Accuracy: 78.79%, AUC: 0.78
Epoch [67/100] - [TRAIN] Loss: 0.4818, Accuracy: 79.29%, AUC: 0.79 - [VAL] Loss: 0.4919, Accuracy: 78.93%, AUC: 0.78
Epoch [68/100] - [TRAIN] Loss: 0.4820, Accuracy: 79.32%, AUC: 0.79 - [VAL] Loss: 0.4923, Accuracy: 78.85%, AUC: 0.78
Epoch [69/100] - [TRAIN] Loss: 0.4810, Accuracy: 79.32%, AUC: 0.79 - [VAL] Loss: 0.4922, Accuracy: 78.81%, AUC: 0.78
Epoch [70/100] - [TRAIN] Loss: 0.4805, Accuracy: 79.42%, AUC: 0.79 - [VAL] Loss: 0.4919, Accuracy: 78.87%, AUC: 0.78
Epoch [71/100] - [TRAIN] Loss: 0.4798, Accuracy: 79.40%, AUC: 0.79 - [VAL] Loss: 0.4919, Accuracy: 78.87%, AUC: 0.78
Epoch [72/100] - [TRAIN] Loss: 0.4800, Accuracy: 79.51%, AUC: 0.79 - [VAL] Loss: 0.4940, Accuracy: 78.61%, AUC: 0.78
Epoch [73/100] - [TRAIN] Loss: 0.4803, Accuracy: 79.27%, AUC: 0.79 - [VAL] Loss: 0.4919, Accuracy: 78.87%, AUC: 0.78
Epoch [74/100] - [TRAIN] Loss: 0.4801, Accuracy: 79.46%, AUC: 0.79 - [VAL] Loss: 0.4922, Accuracy: 78.79%, AUC: 0.78
Epoch [75/100] - [TRAIN] Loss: 0.4784, Accuracy: 79.40%, AUC: 0.79 - [VAL] Loss: 0.4931, Accuracy: 78.64%, AUC: 0.78
Epoch [76/100] - [TRAIN] Loss: 0.4795, Accuracy: 79.62%, AUC: 0.79 - [VAL] Loss: 0.4923, Accuracy: 78.79%, AUC: 0.78
Epoch [77/100] - [TRAIN] Loss: 0.4771, Accuracy: 79.46%, AUC: 0.79 - [VAL] Loss: 0.4919, Accuracy: 78.88%, AUC: 0.78
Epoch [78/100] - [TRAIN] Loss: 0.4763, Accuracy: 79.51%, AUC: 0.79 - [VAL] Loss: 0.4931, Accuracy: 78.69%, AUC: 0.78
Epoch [79/100] - [TRAIN] Loss: 0.4773, Accuracy: 79.50%, AUC: 0.79 - [VAL] Loss: 0.4917, Accuracy: 78.85%, AUC: 0.78
Epoch [80/100] - [TRAIN] Loss: 0.4780, Accuracy: 79.58%, AUC: 0.79 - [VAL] Loss: 0.4931, Accuracy: 78.70%, AUC: 0.78
Epoch [81/100] - [TRAIN] Loss: 0.4777, Accuracy: 79.69%, AUC: 0.79 - [VAL] Loss: 0.4920, Accuracy: 78.91%, AUC: 0.78
Epoch [82/100] - [TRAIN] Loss: 0.4775, Accuracy: 79.54%, AUC: 0.79 - [VAL] Loss: 0.4918, Accuracy: 78.91%, AUC: 0.78
Epoch [83/100] - [TRAIN] Loss: 0.4754, Accuracy: 79.71%, AUC: 0.79 - [VAL] Loss: 0.4918, Accuracy: 78.91%, AUC: 0.78
Epoch [84/100] - [TRAIN] Loss: 0.4768, Accuracy: 79.66%, AUC: 0.79 - [VAL] Loss: 0.4921, Accuracy: 78.93%, AUC: 0.78
Epoch [85/100] - [TRAIN] Loss: 0.4755, Accuracy: 79.70%, AUC: 0.79 - [VAL] Loss: 0.4935, Accuracy: 78.66%, AUC: 0.78
New best model saved with validation metric: 25.2511
Epoch [86/100] - [TRAIN] Loss: 0.4751, Accuracy: 79.66%, AUC: 0.79 - [VAL] Loss: 0.4920, Accuracy: 79.07%, AUC: 0.78
New best model saved with validation metric: 25.2641
Epoch [87/100] - [TRAIN] Loss: 0.4740, Accuracy: 79.73%, AUC: 0.79 - [VAL] Loss: 0.4919, Accuracy: 79.11%, AUC: 0.78
Epoch [88/100] - [TRAIN] Loss: 0.4755, Accuracy: 79.77%, AUC: 0.79 - [VAL] Loss: 0.4932, Accuracy: 78.79%, AUC: 0.78
Epoch [89/100] - [TRAIN] Loss: 0.4744, Accuracy: 79.74%, AUC: 0.79 - [VAL] Loss: 0.4921, Accuracy: 79.00%, AUC: 0.78
New best model saved with validation metric: 25.2771
Epoch [90/100] - [TRAIN] Loss: 0.4743, Accuracy: 79.78%, AUC: 0.79 - [VAL] Loss: 0.4919, Accuracy: 79.15%, AUC: 0.78
Epoch [91/100] - [TRAIN] Loss: 0.4733, Accuracy: 79.81%, AUC: 0.79 - [VAL] Loss: 0.4929, Accuracy: 78.89%, AUC: 0.78
Epoch [92/100] - [TRAIN] Loss: 0.4746, Accuracy: 79.59%, AUC: 0.79 - [VAL] Loss: 0.4925, Accuracy: 78.95%, AUC: 0.78
Epoch [93/100] - [TRAIN] Loss: 0.4723, Accuracy: 79.67%, AUC: 0.79 - [VAL] Loss: 0.4925, Accuracy: 79.12%, AUC: 0.78
Epoch [94/100] - [TRAIN] Loss: 0.4737, Accuracy: 79.74%, AUC: 0.79 - [VAL] Loss: 0.4922, Accuracy: 79.08%, AUC: 0.78
Epoch [95/100] - [TRAIN] Loss: 0.4730, Accuracy: 79.70%, AUC: 0.79 - [VAL] Loss: 0.4947, Accuracy: 78.69%, AUC: 0.78
Epoch [96/100] - [TRAIN] Loss: 0.4734, Accuracy: 79.75%, AUC: 0.79 - [VAL] Loss: 0.4923, Accuracy: 79.06%, AUC: 0.78
Epoch [97/100] - [TRAIN] Loss: 0.4728, Accuracy: 79.85%, AUC: 0.79 - [VAL] Loss: 0.4922, Accuracy: 79.08%, AUC: 0.78
Epoch [98/100] - [TRAIN] Loss: 0.4718, Accuracy: 80.00%, AUC: 0.79 - [VAL] Loss: 0.4925, Accuracy: 79.11%, AUC: 0.79
Epoch [99/100] - [TRAIN] Loss: 0.4710, Accuracy: 79.96%, AUC: 0.79 - [VAL] Loss: 0.4927, Accuracy: 79.08%, AUC: 0.78
Epoch [100/100] - [TRAIN] Loss: 0.4734, Accuracy: 79.86%, AUC: 0.79 - [VAL] Loss: 0.4930, Accuracy: 79.07%, AUC: 0.78
Training finished!
Accuracy Score on test set: 79.48 %
AUC Score on test set: 0.79
Item: H3K9me3-H3K27ac-H3K9ac-H3K4me3-H3K27me3
Train set shape: (7399, 5, 4000) (7399,)
Validation set shape: (7377, 5, 4000) (7377,)
Test set shape: (7378, 5, 4000) (7378,)
New best model saved with validation metric: 19.4242
Epoch [1/100] - [TRAIN] Loss: 0.6723, Accuracy: 57.93%, AUC: 0.53 - [VAL] Loss: 0.6396, Accuracy: 60.82%, AUC: 0.50
Epoch [2/100] - [TRAIN] Loss: 0.6178, Accuracy: 60.82%, AUC: 0.50 - [VAL] Loss: 0.5909, Accuracy: 60.82%, AUC: 0.50
New best model saved with validation metric: 24.9957
Epoch [3/100] - [TRAIN] Loss: 0.5754, Accuracy: 67.79%, AUC: 0.61 - [VAL] Loss: 0.5538, Accuracy: 78.27%, AUC: 0.77
New best model saved with validation metric: 25.0606
Epoch [4/100] - [TRAIN] Loss: 0.5469, Accuracy: 78.70%, AUC: 0.78 - [VAL] Loss: 0.5327, Accuracy: 78.47%, AUC: 0.78
Epoch [5/100] - [TRAIN] Loss: 0.5311, Accuracy: 78.31%, AUC: 0.78 - [VAL] Loss: 0.5221, Accuracy: 78.37%, AUC: 0.78
Epoch [6/100] - [TRAIN] Loss: 0.5230, Accuracy: 78.28%, AUC: 0.78 - [VAL] Loss: 0.5171, Accuracy: 77.94%, AUC: 0.78
Epoch [7/100] - [TRAIN] Loss: 0.5190, Accuracy: 77.97%, AUC: 0.78 - [VAL] Loss: 0.5147, Accuracy: 77.66%, AUC: 0.78
Epoch [8/100] - [TRAIN] Loss: 0.5162, Accuracy: 78.05%, AUC: 0.78 - [VAL] Loss: 0.5127, Accuracy: 77.58%, AUC: 0.78
Epoch [9/100] - [TRAIN] Loss: 0.5134, Accuracy: 78.11%, AUC: 0.78 - [VAL] Loss: 0.5102, Accuracy: 77.69%, AUC: 0.78
Epoch [10/100] - [TRAIN] Loss: 0.5112, Accuracy: 78.02%, AUC: 0.78 - [VAL] Loss: 0.5086, Accuracy: 77.90%, AUC: 0.78
Epoch [11/100] - [TRAIN] Loss: 0.5100, Accuracy: 78.20%, AUC: 0.78 - [VAL] Loss: 0.5077, Accuracy: 77.61%, AUC: 0.78
Epoch [12/100] - [TRAIN] Loss: 0.5091, Accuracy: 78.09%, AUC: 0.78 - [VAL] Loss: 0.5068, Accuracy: 77.63%, AUC: 0.78
Epoch [13/100] - [TRAIN] Loss: 0.5061, Accuracy: 78.27%, AUC: 0.78 - [VAL] Loss: 0.5059, Accuracy: 77.65%, AUC: 0.78
Epoch [14/100] - [TRAIN] Loss: 0.5058, Accuracy: 78.25%, AUC: 0.78 - [VAL] Loss: 0.5049, Accuracy: 77.67%, AUC: 0.78
Epoch [15/100] - [TRAIN] Loss: 0.5052, Accuracy: 78.44%, AUC: 0.78 - [VAL] Loss: 0.5039, Accuracy: 77.81%, AUC: 0.78
Epoch [16/100] - [TRAIN] Loss: 0.5032, Accuracy: 78.42%, AUC: 0.78 - [VAL] Loss: 0.5032, Accuracy: 78.01%, AUC: 0.78
Epoch [17/100] - [TRAIN] Loss: 0.5035, Accuracy: 78.38%, AUC: 0.78 - [VAL] Loss: 0.5037, Accuracy: 77.78%, AUC: 0.78
Epoch [18/100] - [TRAIN] Loss: 0.5025, Accuracy: 78.33%, AUC: 0.78 - [VAL] Loss: 0.5016, Accuracy: 78.43%, AUC: 0.78
Epoch [19/100] - [TRAIN] Loss: 0.5012, Accuracy: 78.50%, AUC: 0.78 - [VAL] Loss: 0.5011, Accuracy: 78.46%, AUC: 0.78
Epoch [20/100] - [TRAIN] Loss: 0.5006, Accuracy: 78.44%, AUC: 0.78 - [VAL] Loss: 0.5014, Accuracy: 78.19%, AUC: 0.78
New best model saved with validation metric: 25.1126
Epoch [21/100] - [TRAIN] Loss: 0.4997, Accuracy: 78.54%, AUC: 0.78 - [VAL] Loss: 0.4999, Accuracy: 78.64%, AUC: 0.78
Epoch [22/100] - [TRAIN] Loss: 0.4988, Accuracy: 78.59%, AUC: 0.78 - [VAL] Loss: 0.4994, Accuracy: 78.64%, AUC: 0.78
Epoch [23/100] - [TRAIN] Loss: 0.4985, Accuracy: 78.59%, AUC: 0.78 - [VAL] Loss: 0.4992, Accuracy: 78.60%, AUC: 0.78
New best model saved with validation metric: 25.1169
Epoch [24/100] - [TRAIN] Loss: 0.4976, Accuracy: 78.73%, AUC: 0.78 - [VAL] Loss: 0.4986, Accuracy: 78.65%, AUC: 0.78
Epoch [25/100] - [TRAIN] Loss: 0.4962, Accuracy: 78.66%, AUC: 0.78 - [VAL] Loss: 0.4981, Accuracy: 78.62%, AUC: 0.78
New best model saved with validation metric: 25.1255
Epoch [26/100] - [TRAIN] Loss: 0.4964, Accuracy: 78.79%, AUC: 0.78 - [VAL] Loss: 0.4979, Accuracy: 78.68%, AUC: 0.78
Epoch [27/100] - [TRAIN] Loss: 0.4952, Accuracy: 78.75%, AUC: 0.78 - [VAL] Loss: 0.4980, Accuracy: 78.50%, AUC: 0.78
Epoch [28/100] - [TRAIN] Loss: 0.4952, Accuracy: 78.83%, AUC: 0.78 - [VAL] Loss: 0.4972, Accuracy: 78.61%, AUC: 0.78
Epoch [29/100] - [TRAIN] Loss: 0.4949, Accuracy: 78.83%, AUC: 0.78 - [VAL] Loss: 0.4973, Accuracy: 78.53%, AUC: 0.78
Epoch [30/100] - [TRAIN] Loss: 0.4936, Accuracy: 78.81%, AUC: 0.78 - [VAL] Loss: 0.4963, Accuracy: 78.65%, AUC: 0.78
New best model saved with validation metric: 25.1385
Epoch [31/100] - [TRAIN] Loss: 0.4940, Accuracy: 78.83%, AUC: 0.78 - [VAL] Loss: 0.4961, Accuracy: 78.72%, AUC: 0.78
Epoch [32/100] - [TRAIN] Loss: 0.4928, Accuracy: 78.88%, AUC: 0.78 - [VAL] Loss: 0.4957, Accuracy: 78.66%, AUC: 0.78
New best model saved with validation metric: 25.1472
Epoch [33/100] - [TRAIN] Loss: 0.4927, Accuracy: 78.96%, AUC: 0.78 - [VAL] Loss: 0.4955, Accuracy: 78.74%, AUC: 0.78
Epoch [34/100] - [TRAIN] Loss: 0.4925, Accuracy: 78.83%, AUC: 0.78 - [VAL] Loss: 0.4952, Accuracy: 78.74%, AUC: 0.78
Epoch [35/100] - [TRAIN] Loss: 0.4925, Accuracy: 78.92%, AUC: 0.78 - [VAL] Loss: 0.4951, Accuracy: 78.66%, AUC: 0.78
Epoch [36/100] - [TRAIN] Loss: 0.4912, Accuracy: 78.94%, AUC: 0.78 - [VAL] Loss: 0.4947, Accuracy: 78.73%, AUC: 0.78
Epoch [37/100] - [TRAIN] Loss: 0.4917, Accuracy: 78.94%, AUC: 0.78 - [VAL] Loss: 0.4947, Accuracy: 78.66%, AUC: 0.78
New best model saved with validation metric: 25.1645
Epoch [38/100] - [TRAIN] Loss: 0.4908, Accuracy: 78.78%, AUC: 0.78 - [VAL] Loss: 0.4941, Accuracy: 78.80%, AUC: 0.78
Epoch [39/100] - [TRAIN] Loss: 0.4904, Accuracy: 78.94%, AUC: 0.78 - [VAL] Loss: 0.4948, Accuracy: 78.65%, AUC: 0.78
Epoch [40/100] - [TRAIN] Loss: 0.4885, Accuracy: 78.83%, AUC: 0.78 - [VAL] Loss: 0.4944, Accuracy: 78.62%, AUC: 0.78
Epoch [41/100] - [TRAIN] Loss: 0.4901, Accuracy: 78.96%, AUC: 0.78 - [VAL] Loss: 0.4938, Accuracy: 78.80%, AUC: 0.78
New best model saved with validation metric: 25.1688
Epoch [42/100] - [TRAIN] Loss: 0.4899, Accuracy: 78.96%, AUC: 0.78 - [VAL] Loss: 0.4934, Accuracy: 78.81%, AUC: 0.78
Epoch [43/100] - [TRAIN] Loss: 0.4896, Accuracy: 79.08%, AUC: 0.78 - [VAL] Loss: 0.4936, Accuracy: 78.76%, AUC: 0.78
New best model saved with validation metric: 25.1818
Epoch [44/100] - [TRAIN] Loss: 0.4884, Accuracy: 78.97%, AUC: 0.78 - [VAL] Loss: 0.4930, Accuracy: 78.85%, AUC: 0.78
Epoch [45/100] - [TRAIN] Loss: 0.4877, Accuracy: 78.96%, AUC: 0.78 - [VAL] Loss: 0.4933, Accuracy: 78.76%, AUC: 0.78
New best model saved with validation metric: 25.2078
Epoch [46/100] - [TRAIN] Loss: 0.4864, Accuracy: 79.13%, AUC: 0.78 - [VAL] Loss: 0.4926, Accuracy: 78.93%, AUC: 0.78
Epoch [47/100] - [TRAIN] Loss: 0.4874, Accuracy: 79.12%, AUC: 0.78 - [VAL] Loss: 0.4926, Accuracy: 78.85%, AUC: 0.78
Epoch [48/100] - [TRAIN] Loss: 0.4857, Accuracy: 79.15%, AUC: 0.78 - [VAL] Loss: 0.4928, Accuracy: 78.70%, AUC: 0.78
Epoch [49/100] - [TRAIN] Loss: 0.4861, Accuracy: 79.02%, AUC: 0.78 - [VAL] Loss: 0.4931, Accuracy: 78.74%, AUC: 0.78
Epoch [50/100] - [TRAIN] Loss: 0.4853, Accuracy: 79.05%, AUC: 0.78 - [VAL] Loss: 0.4923, Accuracy: 78.84%, AUC: 0.78
Epoch [51/100] - [TRAIN] Loss: 0.4849, Accuracy: 79.24%, AUC: 0.78 - [VAL] Loss: 0.4928, Accuracy: 78.73%, AUC: 0.78
Epoch [52/100] - [TRAIN] Loss: 0.4847, Accuracy: 79.16%, AUC: 0.78 - [VAL] Loss: 0.4926, Accuracy: 78.73%, AUC: 0.78
Epoch [53/100] - [TRAIN] Loss: 0.4859, Accuracy: 79.05%, AUC: 0.78 - [VAL] Loss: 0.4923, Accuracy: 78.76%, AUC: 0.78
New best model saved with validation metric: 25.2165
Epoch [54/100] - [TRAIN] Loss: 0.4856, Accuracy: 79.23%, AUC: 0.78 - [VAL] Loss: 0.4917, Accuracy: 78.96%, AUC: 0.78
Epoch [55/100] - [TRAIN] Loss: 0.4854, Accuracy: 79.16%, AUC: 0.78 - [VAL] Loss: 0.4926, Accuracy: 78.74%, AUC: 0.78
Epoch [56/100] - [TRAIN] Loss: 0.4822, Accuracy: 79.13%, AUC: 0.78 - [VAL] Loss: 0.4916, Accuracy: 78.84%, AUC: 0.78
Epoch [57/100] - [TRAIN] Loss: 0.4834, Accuracy: 79.21%, AUC: 0.78 - [VAL] Loss: 0.4916, Accuracy: 78.89%, AUC: 0.78
New best model saved with validation metric: 25.2338
Epoch [58/100] - [TRAIN] Loss: 0.4835, Accuracy: 79.38%, AUC: 0.79 - [VAL] Loss: 0.4913, Accuracy: 79.02%, AUC: 0.78
Epoch [59/100] - [TRAIN] Loss: 0.4821, Accuracy: 79.25%, AUC: 0.78 - [VAL] Loss: 0.4915, Accuracy: 78.88%, AUC: 0.78
Epoch [60/100] - [TRAIN] Loss: 0.4829, Accuracy: 79.20%, AUC: 0.78 - [VAL] Loss: 0.4919, Accuracy: 78.87%, AUC: 0.78
Epoch [61/100] - [TRAIN] Loss: 0.4812, Accuracy: 79.36%, AUC: 0.79 - [VAL] Loss: 0.4912, Accuracy: 78.99%, AUC: 0.78
Epoch [62/100] - [TRAIN] Loss: 0.4823, Accuracy: 79.12%, AUC: 0.78 - [VAL] Loss: 0.4916, Accuracy: 78.92%, AUC: 0.78
Epoch [63/100] - [TRAIN] Loss: 0.4820, Accuracy: 79.17%, AUC: 0.78 - [VAL] Loss: 0.4913, Accuracy: 78.87%, AUC: 0.78
Epoch [64/100] - [TRAIN] Loss: 0.4817, Accuracy: 79.44%, AUC: 0.79 - [VAL] Loss: 0.4911, Accuracy: 78.98%, AUC: 0.78
Epoch [65/100] - [TRAIN] Loss: 0.4807, Accuracy: 79.25%, AUC: 0.78 - [VAL] Loss: 0.4911, Accuracy: 78.96%, AUC: 0.78
Epoch [66/100] - [TRAIN] Loss: 0.4810, Accuracy: 79.44%, AUC: 0.79 - [VAL] Loss: 0.4910, Accuracy: 78.99%, AUC: 0.78
Epoch [67/100] - [TRAIN] Loss: 0.4800, Accuracy: 79.28%, AUC: 0.78 - [VAL] Loss: 0.4921, Accuracy: 78.79%, AUC: 0.78
Epoch [68/100] - [TRAIN] Loss: 0.4787, Accuracy: 79.38%, AUC: 0.79 - [VAL] Loss: 0.4910, Accuracy: 78.95%, AUC: 0.78
New best model saved with validation metric: 25.2424
Epoch [69/100] - [TRAIN] Loss: 0.4802, Accuracy: 79.29%, AUC: 0.79 - [VAL] Loss: 0.4911, Accuracy: 79.04%, AUC: 0.78
Epoch [70/100] - [TRAIN] Loss: 0.4793, Accuracy: 79.47%, AUC: 0.79 - [VAL] Loss: 0.4911, Accuracy: 79.04%, AUC: 0.78
Epoch [71/100] - [TRAIN] Loss: 0.4794, Accuracy: 79.51%, AUC: 0.79 - [VAL] Loss: 0.4919, Accuracy: 78.87%, AUC: 0.78
Epoch [72/100] - [TRAIN] Loss: 0.4780, Accuracy: 79.50%, AUC: 0.79 - [VAL] Loss: 0.4912, Accuracy: 78.98%, AUC: 0.78
Epoch [73/100] - [TRAIN] Loss: 0.4782, Accuracy: 79.69%, AUC: 0.79 - [VAL] Loss: 0.4937, Accuracy: 78.70%, AUC: 0.78
Epoch [74/100] - [TRAIN] Loss: 0.4780, Accuracy: 79.61%, AUC: 0.79 - [VAL] Loss: 0.4917, Accuracy: 78.83%, AUC: 0.78
Epoch [75/100] - [TRAIN] Loss: 0.4790, Accuracy: 79.48%, AUC: 0.79 - [VAL] Loss: 0.4937, Accuracy: 78.73%, AUC: 0.78
Epoch [76/100] - [TRAIN] Loss: 0.4770, Accuracy: 79.66%, AUC: 0.79 - [VAL] Loss: 0.4910, Accuracy: 78.98%, AUC: 0.78
Epoch [77/100] - [TRAIN] Loss: 0.4770, Accuracy: 79.67%, AUC: 0.79 - [VAL] Loss: 0.4912, Accuracy: 79.00%, AUC: 0.78
Epoch [78/100] - [TRAIN] Loss: 0.4769, Accuracy: 79.58%, AUC: 0.79 - [VAL] Loss: 0.4910, Accuracy: 79.03%, AUC: 0.78
Epoch [79/100] - [TRAIN] Loss: 0.4757, Accuracy: 79.55%, AUC: 0.79 - [VAL] Loss: 0.4910, Accuracy: 79.02%, AUC: 0.78
New best model saved with validation metric: 25.2641
Epoch [80/100] - [TRAIN] Loss: 0.4753, Accuracy: 79.62%, AUC: 0.79 - [VAL] Loss: 0.4918, Accuracy: 79.11%, AUC: 0.78
Epoch [81/100] - [TRAIN] Loss: 0.4757, Accuracy: 79.56%, AUC: 0.79 - [VAL] Loss: 0.4919, Accuracy: 78.98%, AUC: 0.79
Epoch [82/100] - [TRAIN] Loss: 0.4753, Accuracy: 79.66%, AUC: 0.79 - [VAL] Loss: 0.4915, Accuracy: 78.96%, AUC: 0.78
Epoch [83/100] - [TRAIN] Loss: 0.4754, Accuracy: 79.63%, AUC: 0.79 - [VAL] Loss: 0.4911, Accuracy: 79.06%, AUC: 0.78
Epoch [84/100] - [TRAIN] Loss: 0.4763, Accuracy: 79.70%, AUC: 0.79 - [VAL] Loss: 0.4915, Accuracy: 78.92%, AUC: 0.78
Epoch [85/100] - [TRAIN] Loss: 0.4743, Accuracy: 79.65%, AUC: 0.79 - [VAL] Loss: 0.4916, Accuracy: 78.95%, AUC: 0.78
Epoch [86/100] - [TRAIN] Loss: 0.4740, Accuracy: 79.77%, AUC: 0.79 - [VAL] Loss: 0.4913, Accuracy: 79.02%, AUC: 0.78
Epoch [87/100] - [TRAIN] Loss: 0.4737, Accuracy: 79.74%, AUC: 0.79 - [VAL] Loss: 0.4924, Accuracy: 78.99%, AUC: 0.79
Epoch [88/100] - [TRAIN] Loss: 0.4730, Accuracy: 79.73%, AUC: 0.79 - [VAL] Loss: 0.4928, Accuracy: 79.00%, AUC: 0.79
Epoch [89/100] - [TRAIN] Loss: 0.4745, Accuracy: 79.86%, AUC: 0.79 - [VAL] Loss: 0.4913, Accuracy: 79.00%, AUC: 0.78
Epoch [90/100] - [TRAIN] Loss: 0.4737, Accuracy: 79.81%, AUC: 0.79 - [VAL] Loss: 0.4917, Accuracy: 79.07%, AUC: 0.79
Epoch [91/100] - [TRAIN] Loss: 0.4732, Accuracy: 79.84%, AUC: 0.79 - [VAL] Loss: 0.4922, Accuracy: 79.02%, AUC: 0.79
Epoch [92/100] - [TRAIN] Loss: 0.4715, Accuracy: 79.85%, AUC: 0.79 - [VAL] Loss: 0.4918, Accuracy: 79.08%, AUC: 0.78
Epoch [93/100] - [TRAIN] Loss: 0.4722, Accuracy: 79.90%, AUC: 0.79 - [VAL] Loss: 0.4927, Accuracy: 78.99%, AUC: 0.79
Epoch [94/100] - [TRAIN] Loss: 0.4715, Accuracy: 79.82%, AUC: 0.79 - [VAL] Loss: 0.4927, Accuracy: 79.02%, AUC: 0.79
Epoch [95/100] - [TRAIN] Loss: 0.4720, Accuracy: 79.70%, AUC: 0.79 - [VAL] Loss: 0.4919, Accuracy: 79.06%, AUC: 0.79
Epoch [96/100] - [TRAIN] Loss: 0.4704, Accuracy: 79.88%, AUC: 0.79 - [VAL] Loss: 0.4931, Accuracy: 78.93%, AUC: 0.78
Epoch [97/100] - [TRAIN] Loss: 0.4709, Accuracy: 79.85%, AUC: 0.79 - [VAL] Loss: 0.4923, Accuracy: 79.08%, AUC: 0.78
Epoch [98/100] - [TRAIN] Loss: 0.4698, Accuracy: 79.92%, AUC: 0.79 - [VAL] Loss: 0.4920, Accuracy: 79.11%, AUC: 0.78
Epoch [99/100] - [TRAIN] Loss: 0.4708, Accuracy: 79.90%, AUC: 0.79 - [VAL] Loss: 0.4934, Accuracy: 78.95%, AUC: 0.79
Epoch [100/100] - [TRAIN] Loss: 0.4707, Accuracy: 79.85%, AUC: 0.79 - [VAL] Loss: 0.4934, Accuracy: 79.02%, AUC: 0.79
Training finished!
Accuracy Score on test set: 79.47 %
AUC Score on test set: 0.79
Item: H3K9me3-H3K27ac-H3K9ac-H3K27me3-H3K4me3
Train set shape: (7399, 5, 4000) (7399,)
Validation set shape: (7377, 5, 4000) (7377,)
Test set shape: (7378, 5, 4000) (7378,)
New best model saved with validation metric: 19.4242
Epoch [1/100] - [TRAIN] Loss: 0.6696, Accuracy: 59.51%, AUC: 0.51 - [VAL] Loss: 0.6406, Accuracy: 60.82%, AUC: 0.50
Epoch [2/100] - [TRAIN] Loss: 0.6194, Accuracy: 60.82%, AUC: 0.50 - [VAL] Loss: 0.5960, Accuracy: 60.82%, AUC: 0.50
New best model saved with validation metric: 19.5108
Epoch [3/100] - [TRAIN] Loss: 0.5835, Accuracy: 60.82%, AUC: 0.50 - [VAL] Loss: 0.5643, Accuracy: 61.10%, AUC: 0.50
New best model saved with validation metric: 25.0390
Epoch [4/100] - [TRAIN] Loss: 0.5564, Accuracy: 73.27%, AUC: 0.69 - [VAL] Loss: 0.5427, Accuracy: 78.41%, AUC: 0.77
New best model saved with validation metric: 25.0606
Epoch [5/100] - [TRAIN] Loss: 0.5386, Accuracy: 78.65%, AUC: 0.78 - [VAL] Loss: 0.5295, Accuracy: 78.47%, AUC: 0.78
Epoch [6/100] - [TRAIN] Loss: 0.5294, Accuracy: 78.39%, AUC: 0.78 - [VAL] Loss: 0.5219, Accuracy: 78.27%, AUC: 0.78
Epoch [7/100] - [TRAIN] Loss: 0.5233, Accuracy: 78.28%, AUC: 0.78 - [VAL] Loss: 0.5173, Accuracy: 78.27%, AUC: 0.78
Epoch [8/100] - [TRAIN] Loss: 0.5179, Accuracy: 78.20%, AUC: 0.78 - [VAL] Loss: 0.5144, Accuracy: 77.97%, AUC: 0.78
Epoch [9/100] - [TRAIN] Loss: 0.5169, Accuracy: 78.12%, AUC: 0.78 - [VAL] Loss: 0.5120, Accuracy: 77.94%, AUC: 0.78
Epoch [10/100] - [TRAIN] Loss: 0.5126, Accuracy: 78.12%, AUC: 0.78 - [VAL] Loss: 0.5099, Accuracy: 77.92%, AUC: 0.78
Epoch [11/100] - [TRAIN] Loss: 0.5108, Accuracy: 78.17%, AUC: 0.78 - [VAL] Loss: 0.5083, Accuracy: 77.89%, AUC: 0.78
Epoch [12/100] - [TRAIN] Loss: 0.5090, Accuracy: 78.17%, AUC: 0.78 - [VAL] Loss: 0.5070, Accuracy: 77.90%, AUC: 0.78
Epoch [13/100] - [TRAIN] Loss: 0.5079, Accuracy: 78.25%, AUC: 0.78 - [VAL] Loss: 0.5063, Accuracy: 77.88%, AUC: 0.78
Epoch [14/100] - [TRAIN] Loss: 0.5062, Accuracy: 78.21%, AUC: 0.78 - [VAL] Loss: 0.5050, Accuracy: 77.93%, AUC: 0.78
Epoch [15/100] - [TRAIN] Loss: 0.5055, Accuracy: 78.28%, AUC: 0.78 - [VAL] Loss: 0.5043, Accuracy: 78.05%, AUC: 0.78
Epoch [16/100] - [TRAIN] Loss: 0.5045, Accuracy: 78.33%, AUC: 0.78 - [VAL] Loss: 0.5033, Accuracy: 78.16%, AUC: 0.78
Epoch [17/100] - [TRAIN] Loss: 0.5030, Accuracy: 78.42%, AUC: 0.78 - [VAL] Loss: 0.5024, Accuracy: 78.37%, AUC: 0.78
New best model saved with validation metric: 25.1082
Epoch [18/100] - [TRAIN] Loss: 0.5024, Accuracy: 78.40%, AUC: 0.78 - [VAL] Loss: 0.5016, Accuracy: 78.62%, AUC: 0.78
Epoch [19/100] - [TRAIN] Loss: 0.5022, Accuracy: 78.51%, AUC: 0.78 - [VAL] Loss: 0.5011, Accuracy: 78.58%, AUC: 0.78
Epoch [20/100] - [TRAIN] Loss: 0.5003, Accuracy: 78.61%, AUC: 0.78 - [VAL] Loss: 0.5015, Accuracy: 78.23%, AUC: 0.78
Epoch [21/100] - [TRAIN] Loss: 0.5003, Accuracy: 78.61%, AUC: 0.78 - [VAL] Loss: 0.5003, Accuracy: 78.57%, AUC: 0.78
Epoch [22/100] - [TRAIN] Loss: 0.4989, Accuracy: 78.63%, AUC: 0.78 - [VAL] Loss: 0.5002, Accuracy: 78.39%, AUC: 0.78
Epoch [23/100] - [TRAIN] Loss: 0.4987, Accuracy: 78.69%, AUC: 0.78 - [VAL] Loss: 0.4994, Accuracy: 78.58%, AUC: 0.78
Epoch [24/100] - [TRAIN] Loss: 0.4978, Accuracy: 78.69%, AUC: 0.78 - [VAL] Loss: 0.4990, Accuracy: 78.60%, AUC: 0.78
Epoch [25/100] - [TRAIN] Loss: 0.4982, Accuracy: 78.79%, AUC: 0.78 - [VAL] Loss: 0.4988, Accuracy: 78.50%, AUC: 0.78
New best model saved with validation metric: 25.1342
Epoch [26/100] - [TRAIN] Loss: 0.4974, Accuracy: 78.66%, AUC: 0.78 - [VAL] Loss: 0.4977, Accuracy: 78.70%, AUC: 0.78
Epoch [27/100] - [TRAIN] Loss: 0.4956, Accuracy: 78.90%, AUC: 0.78 - [VAL] Loss: 0.4978, Accuracy: 78.60%, AUC: 0.78
Epoch [28/100] - [TRAIN] Loss: 0.4957, Accuracy: 78.74%, AUC: 0.78 - [VAL] Loss: 0.4973, Accuracy: 78.55%, AUC: 0.78
Epoch [29/100] - [TRAIN] Loss: 0.4958, Accuracy: 78.90%, AUC: 0.78 - [VAL] Loss: 0.4967, Accuracy: 78.65%, AUC: 0.78
Epoch [30/100] - [TRAIN] Loss: 0.4960, Accuracy: 78.94%, AUC: 0.78 - [VAL] Loss: 0.4980, Accuracy: 78.38%, AUC: 0.78
Epoch [31/100] - [TRAIN] Loss: 0.4953, Accuracy: 79.00%, AUC: 0.78 - [VAL] Loss: 0.4972, Accuracy: 78.50%, AUC: 0.78
Epoch [32/100] - [TRAIN] Loss: 0.4956, Accuracy: 78.92%, AUC: 0.78 - [VAL] Loss: 0.4971, Accuracy: 78.49%, AUC: 0.78
Epoch [33/100] - [TRAIN] Loss: 0.4949, Accuracy: 78.83%, AUC: 0.78 - [VAL] Loss: 0.4961, Accuracy: 78.69%, AUC: 0.78
Epoch [34/100] - [TRAIN] Loss: 0.4945, Accuracy: 78.85%, AUC: 0.78 - [VAL] Loss: 0.4956, Accuracy: 78.65%, AUC: 0.78
Epoch [35/100] - [TRAIN] Loss: 0.4934, Accuracy: 78.89%, AUC: 0.78 - [VAL] Loss: 0.4963, Accuracy: 78.53%, AUC: 0.78
New best model saved with validation metric: 25.1558
Epoch [36/100] - [TRAIN] Loss: 0.4927, Accuracy: 78.88%, AUC: 0.78 - [VAL] Loss: 0.4948, Accuracy: 78.77%, AUC: 0.78
Epoch [37/100] - [TRAIN] Loss: 0.4920, Accuracy: 78.96%, AUC: 0.78 - [VAL] Loss: 0.4947, Accuracy: 78.72%, AUC: 0.78
New best model saved with validation metric: 25.1602
Epoch [38/100] - [TRAIN] Loss: 0.4899, Accuracy: 78.93%, AUC: 0.78 - [VAL] Loss: 0.4943, Accuracy: 78.79%, AUC: 0.78
Epoch [39/100] - [TRAIN] Loss: 0.4909, Accuracy: 78.96%, AUC: 0.78 - [VAL] Loss: 0.4949, Accuracy: 78.73%, AUC: 0.78
Epoch [40/100] - [TRAIN] Loss: 0.4922, Accuracy: 78.96%, AUC: 0.78 - [VAL] Loss: 0.4943, Accuracy: 78.72%, AUC: 0.78
Epoch [41/100] - [TRAIN] Loss: 0.4917, Accuracy: 78.89%, AUC: 0.78 - [VAL] Loss: 0.4938, Accuracy: 78.77%, AUC: 0.78
Epoch [42/100] - [TRAIN] Loss: 0.4915, Accuracy: 78.98%, AUC: 0.78 - [VAL] Loss: 0.4939, Accuracy: 78.79%, AUC: 0.78
New best model saved with validation metric: 25.1688
Epoch [43/100] - [TRAIN] Loss: 0.4883, Accuracy: 79.04%, AUC: 0.78 - [VAL] Loss: 0.4934, Accuracy: 78.81%, AUC: 0.78
Epoch [44/100] - [TRAIN] Loss: 0.4881, Accuracy: 79.12%, AUC: 0.78 - [VAL] Loss: 0.4932, Accuracy: 78.77%, AUC: 0.78
Epoch [45/100] - [TRAIN] Loss: 0.4896, Accuracy: 79.15%, AUC: 0.78 - [VAL] Loss: 0.4931, Accuracy: 78.74%, AUC: 0.78
Epoch [46/100] - [TRAIN] Loss: 0.4885, Accuracy: 79.13%, AUC: 0.78 - [VAL] Loss: 0.4939, Accuracy: 78.70%, AUC: 0.78
New best model saved with validation metric: 25.1732
Epoch [47/100] - [TRAIN] Loss: 0.4894, Accuracy: 79.08%, AUC: 0.78 - [VAL] Loss: 0.4934, Accuracy: 78.83%, AUC: 0.78
Epoch [48/100] - [TRAIN] Loss: 0.4884, Accuracy: 79.08%, AUC: 0.78 - [VAL] Loss: 0.4925, Accuracy: 78.79%, AUC: 0.78
Epoch [49/100] - [TRAIN] Loss: 0.4862, Accuracy: 79.06%, AUC: 0.78 - [VAL] Loss: 0.4925, Accuracy: 78.76%, AUC: 0.78
New best model saved with validation metric: 25.1775
Epoch [50/100] - [TRAIN] Loss: 0.4861, Accuracy: 79.09%, AUC: 0.78 - [VAL] Loss: 0.4923, Accuracy: 78.84%, AUC: 0.78
New best model saved with validation metric: 25.1818
Epoch [51/100] - [TRAIN] Loss: 0.4861, Accuracy: 79.15%, AUC: 0.78 - [VAL] Loss: 0.4921, Accuracy: 78.85%, AUC: 0.78
Epoch [52/100] - [TRAIN] Loss: 0.4857, Accuracy: 79.23%, AUC: 0.78 - [VAL] Loss: 0.4929, Accuracy: 78.74%, AUC: 0.78
Epoch [53/100] - [TRAIN] Loss: 0.4854, Accuracy: 79.08%, AUC: 0.78 - [VAL] Loss: 0.4921, Accuracy: 78.84%, AUC: 0.78
Epoch [54/100] - [TRAIN] Loss: 0.4851, Accuracy: 79.19%, AUC: 0.78 - [VAL] Loss: 0.4938, Accuracy: 78.70%, AUC: 0.78
Epoch [55/100] - [TRAIN] Loss: 0.4859, Accuracy: 79.12%, AUC: 0.78 - [VAL] Loss: 0.4917, Accuracy: 78.84%, AUC: 0.78
Epoch [56/100] - [TRAIN] Loss: 0.4846, Accuracy: 79.25%, AUC: 0.78 - [VAL] Loss: 0.4932, Accuracy: 78.68%, AUC: 0.78
Epoch [57/100] - [TRAIN] Loss: 0.4842, Accuracy: 79.21%, AUC: 0.78 - [VAL] Loss: 0.4924, Accuracy: 78.74%, AUC: 0.78
New best model saved with validation metric: 25.1948
Epoch [58/100] - [TRAIN] Loss: 0.4837, Accuracy: 79.19%, AUC: 0.78 - [VAL] Loss: 0.4914, Accuracy: 78.89%, AUC: 0.78
Epoch [59/100] - [TRAIN] Loss: 0.4830, Accuracy: 79.36%, AUC: 0.79 - [VAL] Loss: 0.4919, Accuracy: 78.81%, AUC: 0.78
Epoch [60/100] - [TRAIN] Loss: 0.4828, Accuracy: 79.23%, AUC: 0.78 - [VAL] Loss: 0.4923, Accuracy: 78.74%, AUC: 0.78
Epoch [61/100] - [TRAIN] Loss: 0.4824, Accuracy: 79.31%, AUC: 0.79 - [VAL] Loss: 0.4912, Accuracy: 78.88%, AUC: 0.78
Epoch [62/100] - [TRAIN] Loss: 0.4822, Accuracy: 79.40%, AUC: 0.79 - [VAL] Loss: 0.4914, Accuracy: 78.85%, AUC: 0.78
New best model saved with validation metric: 25.2078
Epoch [63/100] - [TRAIN] Loss: 0.4818, Accuracy: 79.28%, AUC: 0.78 - [VAL] Loss: 0.4916, Accuracy: 78.93%, AUC: 0.78
Epoch [64/100] - [TRAIN] Loss: 0.4817, Accuracy: 79.32%, AUC: 0.79 - [VAL] Loss: 0.4912, Accuracy: 78.92%, AUC: 0.78
Epoch [65/100] - [TRAIN] Loss: 0.4827, Accuracy: 79.35%, AUC: 0.79 - [VAL] Loss: 0.4912, Accuracy: 78.87%, AUC: 0.78
Epoch [66/100] - [TRAIN] Loss: 0.4803, Accuracy: 79.44%, AUC: 0.79 - [VAL] Loss: 0.4914, Accuracy: 78.93%, AUC: 0.78
Epoch [67/100] - [TRAIN] Loss: 0.4813, Accuracy: 79.38%, AUC: 0.79 - [VAL] Loss: 0.4910, Accuracy: 78.89%, AUC: 0.78
Epoch [68/100] - [TRAIN] Loss: 0.4801, Accuracy: 79.29%, AUC: 0.78 - [VAL] Loss: 0.4913, Accuracy: 78.92%, AUC: 0.78
Epoch [69/100] - [TRAIN] Loss: 0.4796, Accuracy: 79.50%, AUC: 0.79 - [VAL] Loss: 0.4922, Accuracy: 78.88%, AUC: 0.78
Epoch [70/100] - [TRAIN] Loss: 0.4805, Accuracy: 79.34%, AUC: 0.79 - [VAL] Loss: 0.4910, Accuracy: 78.87%, AUC: 0.78
New best model saved with validation metric: 25.2121
Epoch [71/100] - [TRAIN] Loss: 0.4811, Accuracy: 79.42%, AUC: 0.79 - [VAL] Loss: 0.4911, Accuracy: 78.95%, AUC: 0.78
Epoch [72/100] - [TRAIN] Loss: 0.4788, Accuracy: 79.40%, AUC: 0.79 - [VAL] Loss: 0.4916, Accuracy: 78.93%, AUC: 0.78
Epoch [73/100] - [TRAIN] Loss: 0.4790, Accuracy: 79.28%, AUC: 0.78 - [VAL] Loss: 0.4919, Accuracy: 78.92%, AUC: 0.78
Epoch [74/100] - [TRAIN] Loss: 0.4786, Accuracy: 79.50%, AUC: 0.79 - [VAL] Loss: 0.4947, Accuracy: 78.69%, AUC: 0.78
Epoch [75/100] - [TRAIN] Loss: 0.4778, Accuracy: 79.39%, AUC: 0.79 - [VAL] Loss: 0.4919, Accuracy: 78.91%, AUC: 0.78
Epoch [76/100] - [TRAIN] Loss: 0.4788, Accuracy: 79.48%, AUC: 0.79 - [VAL] Loss: 0.4924, Accuracy: 78.92%, AUC: 0.78
Epoch [77/100] - [TRAIN] Loss: 0.4786, Accuracy: 79.40%, AUC: 0.79 - [VAL] Loss: 0.4910, Accuracy: 78.92%, AUC: 0.78
Epoch [78/100] - [TRAIN] Loss: 0.4778, Accuracy: 79.51%, AUC: 0.79 - [VAL] Loss: 0.4920, Accuracy: 78.95%, AUC: 0.78
New best model saved with validation metric: 25.2381
Epoch [79/100] - [TRAIN] Loss: 0.4766, Accuracy: 79.56%, AUC: 0.79 - [VAL] Loss: 0.4910, Accuracy: 79.03%, AUC: 0.78
Epoch [80/100] - [TRAIN] Loss: 0.4763, Accuracy: 79.52%, AUC: 0.79 - [VAL] Loss: 0.4911, Accuracy: 79.02%, AUC: 0.78
Epoch [81/100] - [TRAIN] Loss: 0.4766, Accuracy: 79.47%, AUC: 0.79 - [VAL] Loss: 0.4912, Accuracy: 79.00%, AUC: 0.78
Epoch [82/100] - [TRAIN] Loss: 0.4770, Accuracy: 79.66%, AUC: 0.79 - [VAL] Loss: 0.4913, Accuracy: 78.96%, AUC: 0.78
Epoch [83/100] - [TRAIN] Loss: 0.4770, Accuracy: 79.58%, AUC: 0.79 - [VAL] Loss: 0.4923, Accuracy: 78.96%, AUC: 0.78
Epoch [84/100] - [TRAIN] Loss: 0.4771, Accuracy: 79.52%, AUC: 0.79 - [VAL] Loss: 0.4929, Accuracy: 78.89%, AUC: 0.78
New best model saved with validation metric: 25.2684
Epoch [85/100] - [TRAIN] Loss: 0.4760, Accuracy: 79.66%, AUC: 0.79 - [VAL] Loss: 0.4912, Accuracy: 79.12%, AUC: 0.78
Epoch [86/100] - [TRAIN] Loss: 0.4755, Accuracy: 79.70%, AUC: 0.79 - [VAL] Loss: 0.4913, Accuracy: 79.12%, AUC: 0.78
Epoch [87/100] - [TRAIN] Loss: 0.4745, Accuracy: 79.66%, AUC: 0.79 - [VAL] Loss: 0.4917, Accuracy: 79.07%, AUC: 0.79
Epoch [88/100] - [TRAIN] Loss: 0.4751, Accuracy: 79.54%, AUC: 0.79 - [VAL] Loss: 0.4917, Accuracy: 79.07%, AUC: 0.78
Epoch [89/100] - [TRAIN] Loss: 0.4742, Accuracy: 79.70%, AUC: 0.79 - [VAL] Loss: 0.4947, Accuracy: 78.74%, AUC: 0.78
Epoch [90/100] - [TRAIN] Loss: 0.4748, Accuracy: 79.74%, AUC: 0.79 - [VAL] Loss: 0.4922, Accuracy: 79.02%, AUC: 0.78
Epoch [91/100] - [TRAIN] Loss: 0.4758, Accuracy: 79.73%, AUC: 0.79 - [VAL] Loss: 0.4919, Accuracy: 79.12%, AUC: 0.78
New best model saved with validation metric: 25.2814
Epoch [92/100] - [TRAIN] Loss: 0.4735, Accuracy: 79.81%, AUC: 0.79 - [VAL] Loss: 0.4918, Accuracy: 79.16%, AUC: 0.79
Epoch [93/100] - [TRAIN] Loss: 0.4726, Accuracy: 79.82%, AUC: 0.79 - [VAL] Loss: 0.4917, Accuracy: 79.14%, AUC: 0.79
Epoch [94/100] - [TRAIN] Loss: 0.4742, Accuracy: 79.70%, AUC: 0.79 - [VAL] Loss: 0.4921, Accuracy: 79.15%, AUC: 0.79
Epoch [95/100] - [TRAIN] Loss: 0.4727, Accuracy: 79.74%, AUC: 0.79 - [VAL] Loss: 0.4923, Accuracy: 79.10%, AUC: 0.79
Epoch [96/100] - [TRAIN] Loss: 0.4752, Accuracy: 79.77%, AUC: 0.79 - [VAL] Loss: 0.4917, Accuracy: 79.16%, AUC: 0.78
Epoch [97/100] - [TRAIN] Loss: 0.4739, Accuracy: 79.67%, AUC: 0.79 - [VAL] Loss: 0.4921, Accuracy: 79.12%, AUC: 0.78
New best model saved with validation metric: 25.2857
Epoch [98/100] - [TRAIN] Loss: 0.4728, Accuracy: 79.79%, AUC: 0.79 - [VAL] Loss: 0.4920, Accuracy: 79.18%, AUC: 0.79
Epoch [99/100] - [TRAIN] Loss: 0.4733, Accuracy: 79.74%, AUC: 0.79 - [VAL] Loss: 0.4920, Accuracy: 79.11%, AUC: 0.78
Epoch [100/100] - [TRAIN] Loss: 0.4729, Accuracy: 79.88%, AUC: 0.79 - [VAL] Loss: 0.4917, Accuracy: 79.11%, AUC: 0.78
Training finished!
Accuracy Score on test set: 79.43 %
AUC Score on test set: 0.79
Item: H3K9me3-H3K27ac-H3K27me3-H3K4me3-H3K9ac
Train set shape: (7399, 5, 4000) (7399,)
Validation set shape: (7377, 5, 4000) (7377,)
Test set shape: (7378, 5, 4000) (7378,)
New best model saved with validation metric: 19.4242
Epoch [1/100] - [TRAIN] Loss: 0.6541, Accuracy: 60.82%, AUC: 0.50 - [VAL] Loss: 0.6296, Accuracy: 60.82%, AUC: 0.50
Epoch [2/100] - [TRAIN] Loss: 0.6124, Accuracy: 60.82%, AUC: 0.50 - [VAL] Loss: 0.5924, Accuracy: 60.82%, AUC: 0.50
Epoch [3/100] - [TRAIN] Loss: 0.5808, Accuracy: 60.82%, AUC: 0.50 - [VAL] Loss: 0.5634, Accuracy: 60.82%, AUC: 0.50
New best model saved with validation metric: 24.6580
Epoch [4/100] - [TRAIN] Loss: 0.5591, Accuracy: 67.23%, AUC: 0.60 - [VAL] Loss: 0.5471, Accuracy: 77.21%, AUC: 0.75
New best model saved with validation metric: 25.0260
Epoch [5/100] - [TRAIN] Loss: 0.5467, Accuracy: 77.70%, AUC: 0.76 - [VAL] Loss: 0.5384, Accuracy: 78.37%, AUC: 0.77
Epoch [6/100] - [TRAIN] Loss: 0.5401, Accuracy: 78.43%, AUC: 0.77 - [VAL] Loss: 0.5330, Accuracy: 78.19%, AUC: 0.78
Epoch [7/100] - [TRAIN] Loss: 0.5340, Accuracy: 78.48%, AUC: 0.78 - [VAL] Loss: 0.5275, Accuracy: 78.24%, AUC: 0.78
Epoch [8/100] - [TRAIN] Loss: 0.5301, Accuracy: 78.27%, AUC: 0.78 - [VAL] Loss: 0.5234, Accuracy: 78.12%, AUC: 0.78
Epoch [9/100] - [TRAIN] Loss: 0.5268, Accuracy: 78.27%, AUC: 0.78 - [VAL] Loss: 0.5207, Accuracy: 77.93%, AUC: 0.78
Epoch [10/100] - [TRAIN] Loss: 0.5216, Accuracy: 78.27%, AUC: 0.78 - [VAL] Loss: 0.5179, Accuracy: 77.86%, AUC: 0.78
Epoch [11/100] - [TRAIN] Loss: 0.5205, Accuracy: 78.21%, AUC: 0.78 - [VAL] Loss: 0.5158, Accuracy: 77.84%, AUC: 0.78
Epoch [12/100] - [TRAIN] Loss: 0.5164, Accuracy: 78.09%, AUC: 0.78 - [VAL] Loss: 0.5135, Accuracy: 77.82%, AUC: 0.78
Epoch [13/100] - [TRAIN] Loss: 0.5146, Accuracy: 78.13%, AUC: 0.78 - [VAL] Loss: 0.5121, Accuracy: 77.67%, AUC: 0.78
Epoch [14/100] - [TRAIN] Loss: 0.5126, Accuracy: 78.20%, AUC: 0.78 - [VAL] Loss: 0.5103, Accuracy: 77.81%, AUC: 0.78
Epoch [15/100] - [TRAIN] Loss: 0.5127, Accuracy: 78.21%, AUC: 0.78 - [VAL] Loss: 0.5087, Accuracy: 78.07%, AUC: 0.78
Epoch [16/100] - [TRAIN] Loss: 0.5101, Accuracy: 78.15%, AUC: 0.78 - [VAL] Loss: 0.5075, Accuracy: 78.16%, AUC: 0.78
Epoch [17/100] - [TRAIN] Loss: 0.5086, Accuracy: 78.24%, AUC: 0.78 - [VAL] Loss: 0.5065, Accuracy: 78.08%, AUC: 0.78
Epoch [18/100] - [TRAIN] Loss: 0.5062, Accuracy: 78.24%, AUC: 0.78 - [VAL] Loss: 0.5055, Accuracy: 78.16%, AUC: 0.78
Epoch [19/100] - [TRAIN] Loss: 0.5059, Accuracy: 78.31%, AUC: 0.78 - [VAL] Loss: 0.5049, Accuracy: 78.07%, AUC: 0.78
Epoch [20/100] - [TRAIN] Loss: 0.5044, Accuracy: 78.40%, AUC: 0.78 - [VAL] Loss: 0.5040, Accuracy: 78.08%, AUC: 0.78
New best model saved with validation metric: 25.0303
Epoch [21/100] - [TRAIN] Loss: 0.5029, Accuracy: 78.32%, AUC: 0.78 - [VAL] Loss: 0.5031, Accuracy: 78.38%, AUC: 0.78
Epoch [22/100] - [TRAIN] Loss: 0.5040, Accuracy: 78.47%, AUC: 0.78 - [VAL] Loss: 0.5035, Accuracy: 77.96%, AUC: 0.78
Epoch [23/100] - [TRAIN] Loss: 0.5015, Accuracy: 78.32%, AUC: 0.78 - [VAL] Loss: 0.5021, Accuracy: 78.24%, AUC: 0.78
New best model saved with validation metric: 25.0476
Epoch [24/100] - [TRAIN] Loss: 0.5004, Accuracy: 78.42%, AUC: 0.78 - [VAL] Loss: 0.5012, Accuracy: 78.43%, AUC: 0.78
New best model saved with validation metric: 25.0779
Epoch [25/100] - [TRAIN] Loss: 0.5012, Accuracy: 78.54%, AUC: 0.78 - [VAL] Loss: 0.5006, Accuracy: 78.53%, AUC: 0.78
Epoch [26/100] - [TRAIN] Loss: 0.4979, Accuracy: 78.69%, AUC: 0.78 - [VAL] Loss: 0.5006, Accuracy: 78.32%, AUC: 0.78
Epoch [27/100] - [TRAIN] Loss: 0.4991, Accuracy: 78.50%, AUC: 0.78 - [VAL] Loss: 0.4999, Accuracy: 78.37%, AUC: 0.78
Epoch [28/100] - [TRAIN] Loss: 0.4989, Accuracy: 78.58%, AUC: 0.78 - [VAL] Loss: 0.4998, Accuracy: 78.35%, AUC: 0.78
Epoch [29/100] - [TRAIN] Loss: 0.4976, Accuracy: 78.61%, AUC: 0.78 - [VAL] Loss: 0.4991, Accuracy: 78.39%, AUC: 0.78
New best model saved with validation metric: 25.0823
Epoch [30/100] - [TRAIN] Loss: 0.4957, Accuracy: 78.65%, AUC: 0.78 - [VAL] Loss: 0.4983, Accuracy: 78.54%, AUC: 0.78
Epoch [31/100] - [TRAIN] Loss: 0.4959, Accuracy: 78.71%, AUC: 0.78 - [VAL] Loss: 0.4983, Accuracy: 78.47%, AUC: 0.78
Epoch [32/100] - [TRAIN] Loss: 0.4949, Accuracy: 78.82%, AUC: 0.78 - [VAL] Loss: 0.4995, Accuracy: 78.28%, AUC: 0.78
New best model saved with validation metric: 25.0866
Epoch [33/100] - [TRAIN] Loss: 0.4946, Accuracy: 78.61%, AUC: 0.78 - [VAL] Loss: 0.4975, Accuracy: 78.55%, AUC: 0.78
Epoch [34/100] - [TRAIN] Loss: 0.4947, Accuracy: 78.77%, AUC: 0.78 - [VAL] Loss: 0.4974, Accuracy: 78.54%, AUC: 0.78
Epoch [35/100] - [TRAIN] Loss: 0.4940, Accuracy: 78.78%, AUC: 0.78 - [VAL] Loss: 0.4969, Accuracy: 78.49%, AUC: 0.78
Epoch [36/100] - [TRAIN] Loss: 0.4920, Accuracy: 78.78%, AUC: 0.78 - [VAL] Loss: 0.4964, Accuracy: 78.51%, AUC: 0.78
Epoch [37/100] - [TRAIN] Loss: 0.4918, Accuracy: 78.90%, AUC: 0.78 - [VAL] Loss: 0.4969, Accuracy: 78.50%, AUC: 0.78
New best model saved with validation metric: 25.0996
Epoch [38/100] - [TRAIN] Loss: 0.4914, Accuracy: 78.92%, AUC: 0.78 - [VAL] Loss: 0.4957, Accuracy: 78.60%, AUC: 0.78
Epoch [39/100] - [TRAIN] Loss: 0.4913, Accuracy: 78.81%, AUC: 0.78 - [VAL] Loss: 0.4957, Accuracy: 78.55%, AUC: 0.78
New best model saved with validation metric: 25.1082
Epoch [40/100] - [TRAIN] Loss: 0.4906, Accuracy: 78.88%, AUC: 0.78 - [VAL] Loss: 0.4955, Accuracy: 78.62%, AUC: 0.78
Epoch [41/100] - [TRAIN] Loss: 0.4916, Accuracy: 78.94%, AUC: 0.78 - [VAL] Loss: 0.4956, Accuracy: 78.55%, AUC: 0.78
New best model saved with validation metric: 25.1558
Epoch [42/100] - [TRAIN] Loss: 0.4895, Accuracy: 78.78%, AUC: 0.78 - [VAL] Loss: 0.4946, Accuracy: 78.77%, AUC: 0.78
Epoch [43/100] - [TRAIN] Loss: 0.4897, Accuracy: 78.83%, AUC: 0.78 - [VAL] Loss: 0.4951, Accuracy: 78.61%, AUC: 0.78
Epoch [44/100] - [TRAIN] Loss: 0.4897, Accuracy: 78.96%, AUC: 0.78 - [VAL] Loss: 0.4944, Accuracy: 78.60%, AUC: 0.78
Epoch [45/100] - [TRAIN] Loss: 0.4877, Accuracy: 79.09%, AUC: 0.78 - [VAL] Loss: 0.4942, Accuracy: 78.69%, AUC: 0.78
Epoch [46/100] - [TRAIN] Loss: 0.4881, Accuracy: 78.90%, AUC: 0.78 - [VAL] Loss: 0.4943, Accuracy: 78.60%, AUC: 0.78
Epoch [47/100] - [TRAIN] Loss: 0.4870, Accuracy: 79.15%, AUC: 0.78 - [VAL] Loss: 0.4943, Accuracy: 78.60%, AUC: 0.78
Epoch [48/100] - [TRAIN] Loss: 0.4867, Accuracy: 79.01%, AUC: 0.78 - [VAL] Loss: 0.4937, Accuracy: 78.69%, AUC: 0.78
Epoch [49/100] - [TRAIN] Loss: 0.4857, Accuracy: 78.98%, AUC: 0.78 - [VAL] Loss: 0.4933, Accuracy: 78.72%, AUC: 0.78
Epoch [50/100] - [TRAIN] Loss: 0.4847, Accuracy: 79.00%, AUC: 0.78 - [VAL] Loss: 0.4932, Accuracy: 78.69%, AUC: 0.78
Epoch [51/100] - [TRAIN] Loss: 0.4849, Accuracy: 79.05%, AUC: 0.78 - [VAL] Loss: 0.4931, Accuracy: 78.70%, AUC: 0.78
Epoch [52/100] - [TRAIN] Loss: 0.4845, Accuracy: 78.98%, AUC: 0.78 - [VAL] Loss: 0.4934, Accuracy: 78.70%, AUC: 0.78
Epoch [53/100] - [TRAIN] Loss: 0.4834, Accuracy: 79.06%, AUC: 0.78 - [VAL] Loss: 0.4932, Accuracy: 78.72%, AUC: 0.78
New best model saved with validation metric: 25.1861
Epoch [54/100] - [TRAIN] Loss: 0.4837, Accuracy: 79.11%, AUC: 0.78 - [VAL] Loss: 0.4925, Accuracy: 78.87%, AUC: 0.78
Epoch [55/100] - [TRAIN] Loss: 0.4825, Accuracy: 79.11%, AUC: 0.78 - [VAL] Loss: 0.4930, Accuracy: 78.74%, AUC: 0.78
Epoch [56/100] - [TRAIN] Loss: 0.4828, Accuracy: 78.98%, AUC: 0.78 - [VAL] Loss: 0.4934, Accuracy: 78.69%, AUC: 0.78
Epoch [57/100] - [TRAIN] Loss: 0.4829, Accuracy: 79.27%, AUC: 0.79 - [VAL] Loss: 0.4939, Accuracy: 78.55%, AUC: 0.78
Epoch [58/100] - [TRAIN] Loss: 0.4829, Accuracy: 79.15%, AUC: 0.78 - [VAL] Loss: 0.4926, Accuracy: 78.79%, AUC: 0.78
Epoch [59/100] - [TRAIN] Loss: 0.4804, Accuracy: 79.29%, AUC: 0.79 - [VAL] Loss: 0.4924, Accuracy: 78.81%, AUC: 0.78
Epoch [60/100] - [TRAIN] Loss: 0.4807, Accuracy: 79.29%, AUC: 0.79 - [VAL] Loss: 0.4926, Accuracy: 78.81%, AUC: 0.78
Epoch [61/100] - [TRAIN] Loss: 0.4813, Accuracy: 79.28%, AUC: 0.79 - [VAL] Loss: 0.4943, Accuracy: 78.60%, AUC: 0.78
New best model saved with validation metric: 25.1948
Epoch [62/100] - [TRAIN] Loss: 0.4797, Accuracy: 79.16%, AUC: 0.78 - [VAL] Loss: 0.4923, Accuracy: 78.89%, AUC: 0.78
Epoch [63/100] - [TRAIN] Loss: 0.4809, Accuracy: 79.25%, AUC: 0.79 - [VAL] Loss: 0.4919, Accuracy: 78.88%, AUC: 0.78
Epoch [64/100] - [TRAIN] Loss: 0.4806, Accuracy: 79.39%, AUC: 0.79 - [VAL] Loss: 0.4918, Accuracy: 78.88%, AUC: 0.78
New best model saved with validation metric: 25.1991
Epoch [65/100] - [TRAIN] Loss: 0.4799, Accuracy: 79.46%, AUC: 0.79 - [VAL] Loss: 0.4919, Accuracy: 78.91%, AUC: 0.78
Epoch [66/100] - [TRAIN] Loss: 0.4796, Accuracy: 79.31%, AUC: 0.79 - [VAL] Loss: 0.4940, Accuracy: 78.69%, AUC: 0.78
Epoch [67/100] - [TRAIN] Loss: 0.4784, Accuracy: 79.36%, AUC: 0.79 - [VAL] Loss: 0.4920, Accuracy: 78.81%, AUC: 0.78
Epoch [68/100] - [TRAIN] Loss: 0.4782, Accuracy: 79.38%, AUC: 0.79 - [VAL] Loss: 0.4924, Accuracy: 78.81%, AUC: 0.78
Epoch [69/100] - [TRAIN] Loss: 0.4779, Accuracy: 79.51%, AUC: 0.79 - [VAL] Loss: 0.4928, Accuracy: 78.79%, AUC: 0.78
Epoch [70/100] - [TRAIN] Loss: 0.4782, Accuracy: 79.50%, AUC: 0.79 - [VAL] Loss: 0.4923, Accuracy: 78.81%, AUC: 0.78
Epoch [71/100] - [TRAIN] Loss: 0.4771, Accuracy: 79.43%, AUC: 0.79 - [VAL] Loss: 0.4919, Accuracy: 78.83%, AUC: 0.78
Epoch [72/100] - [TRAIN] Loss: 0.4768, Accuracy: 79.54%, AUC: 0.79 - [VAL] Loss: 0.4929, Accuracy: 78.73%, AUC: 0.78
New best model saved with validation metric: 25.2078
Epoch [73/100] - [TRAIN] Loss: 0.4779, Accuracy: 79.56%, AUC: 0.79 - [VAL] Loss: 0.4919, Accuracy: 78.93%, AUC: 0.78
Epoch [74/100] - [TRAIN] Loss: 0.4767, Accuracy: 79.65%, AUC: 0.79 - [VAL] Loss: 0.4919, Accuracy: 78.91%, AUC: 0.78
Epoch [75/100] - [TRAIN] Loss: 0.4756, Accuracy: 79.62%, AUC: 0.79 - [VAL] Loss: 0.4919, Accuracy: 78.84%, AUC: 0.78
Epoch [76/100] - [TRAIN] Loss: 0.4755, Accuracy: 79.54%, AUC: 0.79 - [VAL] Loss: 0.4923, Accuracy: 78.83%, AUC: 0.78
Epoch [77/100] - [TRAIN] Loss: 0.4739, Accuracy: 79.65%, AUC: 0.79 - [VAL] Loss: 0.4927, Accuracy: 78.77%, AUC: 0.78
Epoch [78/100] - [TRAIN] Loss: 0.4773, Accuracy: 79.61%, AUC: 0.79 - [VAL] Loss: 0.4925, Accuracy: 78.73%, AUC: 0.78
New best model saved with validation metric: 25.2208
Epoch [79/100] - [TRAIN] Loss: 0.4747, Accuracy: 79.54%, AUC: 0.79 - [VAL] Loss: 0.4920, Accuracy: 78.98%, AUC: 0.78
New best model saved with validation metric: 25.2294
Epoch [80/100] - [TRAIN] Loss: 0.4748, Accuracy: 79.58%, AUC: 0.79 - [VAL] Loss: 0.4921, Accuracy: 79.00%, AUC: 0.78
Epoch [81/100] - [TRAIN] Loss: 0.4736, Accuracy: 79.69%, AUC: 0.79 - [VAL] Loss: 0.4921, Accuracy: 78.96%, AUC: 0.78
New best model saved with validation metric: 25.2641
Epoch [82/100] - [TRAIN] Loss: 0.4732, Accuracy: 79.62%, AUC: 0.79 - [VAL] Loss: 0.4926, Accuracy: 79.11%, AUC: 0.78
Epoch [83/100] - [TRAIN] Loss: 0.4747, Accuracy: 79.59%, AUC: 0.79 - [VAL] Loss: 0.4925, Accuracy: 78.91%, AUC: 0.78
Epoch [84/100] - [TRAIN] Loss: 0.4729, Accuracy: 79.59%, AUC: 0.79 - [VAL] Loss: 0.4941, Accuracy: 78.65%, AUC: 0.78
New best model saved with validation metric: 25.2727
Epoch [85/100] - [TRAIN] Loss: 0.4740, Accuracy: 79.67%, AUC: 0.79 - [VAL] Loss: 0.4931, Accuracy: 79.14%, AUC: 0.78
Epoch [86/100] - [TRAIN] Loss: 0.4721, Accuracy: 79.69%, AUC: 0.79 - [VAL] Loss: 0.4926, Accuracy: 78.89%, AUC: 0.78
Epoch [87/100] - [TRAIN] Loss: 0.4726, Accuracy: 79.69%, AUC: 0.79 - [VAL] Loss: 0.4925, Accuracy: 78.96%, AUC: 0.78
Epoch [88/100] - [TRAIN] Loss: 0.4733, Accuracy: 79.69%, AUC: 0.79 - [VAL] Loss: 0.4933, Accuracy: 78.83%, AUC: 0.78
Epoch [89/100] - [TRAIN] Loss: 0.4718, Accuracy: 79.67%, AUC: 0.79 - [VAL] Loss: 0.4929, Accuracy: 78.99%, AUC: 0.78
Epoch [90/100] - [TRAIN] Loss: 0.4698, Accuracy: 79.74%, AUC: 0.79 - [VAL] Loss: 0.4929, Accuracy: 78.87%, AUC: 0.78
Epoch [91/100] - [TRAIN] Loss: 0.4702, Accuracy: 79.67%, AUC: 0.79 - [VAL] Loss: 0.4939, Accuracy: 78.74%, AUC: 0.78
Epoch [92/100] - [TRAIN] Loss: 0.4707, Accuracy: 79.62%, AUC: 0.79 - [VAL] Loss: 0.4967, Accuracy: 78.60%, AUC: 0.78
Epoch [93/100] - [TRAIN] Loss: 0.4710, Accuracy: 79.67%, AUC: 0.79 - [VAL] Loss: 0.4941, Accuracy: 78.72%, AUC: 0.78
Epoch [94/100] - [TRAIN] Loss: 0.4701, Accuracy: 79.62%, AUC: 0.79 - [VAL] Loss: 0.4939, Accuracy: 78.74%, AUC: 0.78
Epoch [95/100] - [TRAIN] Loss: 0.4688, Accuracy: 79.96%, AUC: 0.79 - [VAL] Loss: 0.4937, Accuracy: 79.00%, AUC: 0.78
Epoch [96/100] - [TRAIN] Loss: 0.4688, Accuracy: 79.70%, AUC: 0.79 - [VAL] Loss: 0.4938, Accuracy: 79.10%, AUC: 0.78
Epoch [97/100] - [TRAIN] Loss: 0.4702, Accuracy: 79.62%, AUC: 0.79 - [VAL] Loss: 0.4932, Accuracy: 78.96%, AUC: 0.78
Epoch [98/100] - [TRAIN] Loss: 0.4682, Accuracy: 79.90%, AUC: 0.79 - [VAL] Loss: 0.4936, Accuracy: 78.87%, AUC: 0.78
Epoch [99/100] - [TRAIN] Loss: 0.4682, Accuracy: 79.74%, AUC: 0.79 - [VAL] Loss: 0.4937, Accuracy: 78.81%, AUC: 0.78
Epoch [100/100] - [TRAIN] Loss: 0.4688, Accuracy: 79.74%, AUC: 0.79 - [VAL] Loss: 0.4935, Accuracy: 78.87%, AUC: 0.78
Training finished!
Accuracy Score on test set: 79.49 %
AUC Score on test set: 0.79
Item: H3K9me3-H3K27ac-H3K27me3-H3K9ac-H3K4me3
Train set shape: (7399, 5, 4000) (7399,)
Validation set shape: (7377, 5, 4000) (7377,)
Test set shape: (7378, 5, 4000) (7378,)
New best model saved with validation metric: 19.4242
Epoch [1/100] - [TRAIN] Loss: 0.6410, Accuracy: 60.82%, AUC: 0.50 - [VAL] Loss: 0.6044, Accuracy: 60.82%, AUC: 0.50
Epoch [2/100] - [TRAIN] Loss: 0.5872, Accuracy: 60.82%, AUC: 0.50 - [VAL] Loss: 0.5692, Accuracy: 60.82%, AUC: 0.50
New best model saved with validation metric: 24.3853
Epoch [3/100] - [TRAIN] Loss: 0.5628, Accuracy: 61.41%, AUC: 0.51 - [VAL] Loss: 0.5505, Accuracy: 76.36%, AUC: 0.74
New best model saved with validation metric: 25.0000
Epoch [4/100] - [TRAIN] Loss: 0.5496, Accuracy: 77.33%, AUC: 0.75 - [VAL] Loss: 0.5406, Accuracy: 78.28%, AUC: 0.77
New best model saved with validation metric: 25.0952
Epoch [5/100] - [TRAIN] Loss: 0.5419, Accuracy: 78.21%, AUC: 0.77 - [VAL] Loss: 0.5339, Accuracy: 78.58%, AUC: 0.78
Epoch [6/100] - [TRAIN] Loss: 0.5365, Accuracy: 78.66%, AUC: 0.78 - [VAL] Loss: 0.5292, Accuracy: 78.35%, AUC: 0.78
Epoch [7/100] - [TRAIN] Loss: 0.5301, Accuracy: 78.66%, AUC: 0.78 - [VAL] Loss: 0.5251, Accuracy: 78.22%, AUC: 0.78
Epoch [8/100] - [TRAIN] Loss: 0.5271, Accuracy: 78.36%, AUC: 0.78 - [VAL] Loss: 0.5210, Accuracy: 78.32%, AUC: 0.78
Epoch [9/100] - [TRAIN] Loss: 0.5224, Accuracy: 78.46%, AUC: 0.78 - [VAL] Loss: 0.5180, Accuracy: 78.27%, AUC: 0.78
Epoch [10/100] - [TRAIN] Loss: 0.5196, Accuracy: 78.44%, AUC: 0.78 - [VAL] Loss: 0.5155, Accuracy: 78.09%, AUC: 0.78
Epoch [11/100] - [TRAIN] Loss: 0.5170, Accuracy: 78.36%, AUC: 0.78 - [VAL] Loss: 0.5135, Accuracy: 78.00%, AUC: 0.78
Epoch [12/100] - [TRAIN] Loss: 0.5141, Accuracy: 78.29%, AUC: 0.78 - [VAL] Loss: 0.5113, Accuracy: 78.08%, AUC: 0.78
Epoch [13/100] - [TRAIN] Loss: 0.5121, Accuracy: 78.29%, AUC: 0.78 - [VAL] Loss: 0.5097, Accuracy: 78.11%, AUC: 0.78
Epoch [14/100] - [TRAIN] Loss: 0.5107, Accuracy: 78.32%, AUC: 0.78 - [VAL] Loss: 0.5088, Accuracy: 77.89%, AUC: 0.78
Epoch [15/100] - [TRAIN] Loss: 0.5089, Accuracy: 78.23%, AUC: 0.78 - [VAL] Loss: 0.5073, Accuracy: 78.16%, AUC: 0.78
Epoch [16/100] - [TRAIN] Loss: 0.5089, Accuracy: 78.36%, AUC: 0.78 - [VAL] Loss: 0.5070, Accuracy: 77.90%, AUC: 0.78
Epoch [17/100] - [TRAIN] Loss: 0.5078, Accuracy: 78.38%, AUC: 0.78 - [VAL] Loss: 0.5061, Accuracy: 78.00%, AUC: 0.78
Epoch [18/100] - [TRAIN] Loss: 0.5046, Accuracy: 78.29%, AUC: 0.78 - [VAL] Loss: 0.5050, Accuracy: 78.11%, AUC: 0.78
Epoch [19/100] - [TRAIN] Loss: 0.5047, Accuracy: 78.46%, AUC: 0.78 - [VAL] Loss: 0.5040, Accuracy: 78.35%, AUC: 0.78
Epoch [20/100] - [TRAIN] Loss: 0.5032, Accuracy: 78.50%, AUC: 0.78 - [VAL] Loss: 0.5037, Accuracy: 78.19%, AUC: 0.78
Epoch [21/100] - [TRAIN] Loss: 0.5055, Accuracy: 78.59%, AUC: 0.78 - [VAL] Loss: 0.5033, Accuracy: 78.28%, AUC: 0.78
Epoch [22/100] - [TRAIN] Loss: 0.5013, Accuracy: 78.44%, AUC: 0.78 - [VAL] Loss: 0.5028, Accuracy: 78.26%, AUC: 0.78
Epoch [23/100] - [TRAIN] Loss: 0.5004, Accuracy: 78.55%, AUC: 0.78 - [VAL] Loss: 0.5019, Accuracy: 78.35%, AUC: 0.78
Epoch [24/100] - [TRAIN] Loss: 0.4999, Accuracy: 78.69%, AUC: 0.78 - [VAL] Loss: 0.5013, Accuracy: 78.38%, AUC: 0.78
Epoch [25/100] - [TRAIN] Loss: 0.5001, Accuracy: 78.70%, AUC: 0.78 - [VAL] Loss: 0.5008, Accuracy: 78.38%, AUC: 0.78
Epoch [26/100] - [TRAIN] Loss: 0.4990, Accuracy: 78.65%, AUC: 0.78 - [VAL] Loss: 0.5004, Accuracy: 78.39%, AUC: 0.78
Epoch [27/100] - [TRAIN] Loss: 0.4973, Accuracy: 78.79%, AUC: 0.78 - [VAL] Loss: 0.5004, Accuracy: 78.38%, AUC: 0.78
Epoch [28/100] - [TRAIN] Loss: 0.4973, Accuracy: 78.69%, AUC: 0.78 - [VAL] Loss: 0.4996, Accuracy: 78.43%, AUC: 0.78
Epoch [29/100] - [TRAIN] Loss: 0.4969, Accuracy: 78.90%, AUC: 0.78 - [VAL] Loss: 0.4993, Accuracy: 78.37%, AUC: 0.78
New best model saved with validation metric: 25.1299
Epoch [30/100] - [TRAIN] Loss: 0.4964, Accuracy: 78.83%, AUC: 0.78 - [VAL] Loss: 0.4986, Accuracy: 78.69%, AUC: 0.78
Epoch [31/100] - [TRAIN] Loss: 0.4956, Accuracy: 78.90%, AUC: 0.78 - [VAL] Loss: 0.4989, Accuracy: 78.35%, AUC: 0.78
Epoch [32/100] - [TRAIN] Loss: 0.4949, Accuracy: 78.86%, AUC: 0.78 - [VAL] Loss: 0.4981, Accuracy: 78.58%, AUC: 0.78
Epoch [33/100] - [TRAIN] Loss: 0.4940, Accuracy: 78.97%, AUC: 0.78 - [VAL] Loss: 0.4985, Accuracy: 78.32%, AUC: 0.78
New best model saved with validation metric: 25.1342
Epoch [34/100] - [TRAIN] Loss: 0.4937, Accuracy: 78.85%, AUC: 0.78 - [VAL] Loss: 0.4974, Accuracy: 78.70%, AUC: 0.78
Epoch [35/100] - [TRAIN] Loss: 0.4936, Accuracy: 78.92%, AUC: 0.78 - [VAL] Loss: 0.4972, Accuracy: 78.57%, AUC: 0.78
Epoch [36/100] - [TRAIN] Loss: 0.4934, Accuracy: 78.92%, AUC: 0.78 - [VAL] Loss: 0.4977, Accuracy: 78.43%, AUC: 0.78
Epoch [37/100] - [TRAIN] Loss: 0.4934, Accuracy: 78.89%, AUC: 0.78 - [VAL] Loss: 0.4977, Accuracy: 78.43%, AUC: 0.78
Epoch [38/100] - [TRAIN] Loss: 0.4924, Accuracy: 78.92%, AUC: 0.78 - [VAL] Loss: 0.4966, Accuracy: 78.66%, AUC: 0.78
Epoch [39/100] - [TRAIN] Loss: 0.4913, Accuracy: 78.93%, AUC: 0.78 - [VAL] Loss: 0.4963, Accuracy: 78.65%, AUC: 0.78
Epoch [40/100] - [TRAIN] Loss: 0.4903, Accuracy: 78.92%, AUC: 0.78 - [VAL] Loss: 0.4958, Accuracy: 78.70%, AUC: 0.78
Epoch [41/100] - [TRAIN] Loss: 0.4909, Accuracy: 79.05%, AUC: 0.78 - [VAL] Loss: 0.4957, Accuracy: 78.70%, AUC: 0.78
Epoch [42/100] - [TRAIN] Loss: 0.4904, Accuracy: 78.96%, AUC: 0.78 - [VAL] Loss: 0.4952, Accuracy: 78.69%, AUC: 0.78
New best model saved with validation metric: 25.1818
Epoch [43/100] - [TRAIN] Loss: 0.4897, Accuracy: 78.96%, AUC: 0.78 - [VAL] Loss: 0.4951, Accuracy: 78.85%, AUC: 0.78
Epoch [44/100] - [TRAIN] Loss: 0.4883, Accuracy: 79.13%, AUC: 0.78 - [VAL] Loss: 0.4952, Accuracy: 78.70%, AUC: 0.78
Epoch [45/100] - [TRAIN] Loss: 0.4887, Accuracy: 79.02%, AUC: 0.78 - [VAL] Loss: 0.4951, Accuracy: 78.70%, AUC: 0.78
Epoch [46/100] - [TRAIN] Loss: 0.4878, Accuracy: 79.02%, AUC: 0.78 - [VAL] Loss: 0.4956, Accuracy: 78.61%, AUC: 0.78
Epoch [47/100] - [TRAIN] Loss: 0.4865, Accuracy: 79.15%, AUC: 0.78 - [VAL] Loss: 0.4941, Accuracy: 78.79%, AUC: 0.78
Epoch [48/100] - [TRAIN] Loss: 0.4888, Accuracy: 79.01%, AUC: 0.78 - [VAL] Loss: 0.4946, Accuracy: 78.64%, AUC: 0.78
Epoch [49/100] - [TRAIN] Loss: 0.4866, Accuracy: 79.01%, AUC: 0.78 - [VAL] Loss: 0.4942, Accuracy: 78.73%, AUC: 0.78
Epoch [50/100] - [TRAIN] Loss: 0.4872, Accuracy: 79.06%, AUC: 0.78 - [VAL] Loss: 0.4939, Accuracy: 78.84%, AUC: 0.78
Epoch [51/100] - [TRAIN] Loss: 0.4871, Accuracy: 79.13%, AUC: 0.78 - [VAL] Loss: 0.4945, Accuracy: 78.65%, AUC: 0.78
Epoch [52/100] - [TRAIN] Loss: 0.4858, Accuracy: 79.01%, AUC: 0.78 - [VAL] Loss: 0.4936, Accuracy: 78.85%, AUC: 0.78
Epoch [53/100] - [TRAIN] Loss: 0.4866, Accuracy: 79.09%, AUC: 0.78 - [VAL] Loss: 0.4935, Accuracy: 78.83%, AUC: 0.78
Epoch [54/100] - [TRAIN] Loss: 0.4840, Accuracy: 79.12%, AUC: 0.78 - [VAL] Loss: 0.4943, Accuracy: 78.64%, AUC: 0.78
Epoch [55/100] - [TRAIN] Loss: 0.4841, Accuracy: 79.12%, AUC: 0.78 - [VAL] Loss: 0.4933, Accuracy: 78.84%, AUC: 0.78
Epoch [56/100] - [TRAIN] Loss: 0.4822, Accuracy: 79.16%, AUC: 0.78 - [VAL] Loss: 0.4930, Accuracy: 78.84%, AUC: 0.78
Epoch [57/100] - [TRAIN] Loss: 0.4819, Accuracy: 79.25%, AUC: 0.78 - [VAL] Loss: 0.4931, Accuracy: 78.83%, AUC: 0.78
Epoch [58/100] - [TRAIN] Loss: 0.4825, Accuracy: 79.08%, AUC: 0.78 - [VAL] Loss: 0.4929, Accuracy: 78.85%, AUC: 0.78
New best model saved with validation metric: 25.1861
Epoch [59/100] - [TRAIN] Loss: 0.4814, Accuracy: 79.08%, AUC: 0.78 - [VAL] Loss: 0.4930, Accuracy: 78.87%, AUC: 0.78
Epoch [60/100] - [TRAIN] Loss: 0.4823, Accuracy: 79.13%, AUC: 0.78 - [VAL] Loss: 0.4927, Accuracy: 78.84%, AUC: 0.78
Epoch [61/100] - [TRAIN] Loss: 0.4809, Accuracy: 79.21%, AUC: 0.78 - [VAL] Loss: 0.4934, Accuracy: 78.81%, AUC: 0.78
Epoch [62/100] - [TRAIN] Loss: 0.4810, Accuracy: 79.28%, AUC: 0.78 - [VAL] Loss: 0.4935, Accuracy: 78.77%, AUC: 0.78
Epoch [63/100] - [TRAIN] Loss: 0.4800, Accuracy: 79.17%, AUC: 0.78 - [VAL] Loss: 0.4932, Accuracy: 78.84%, AUC: 0.78
Epoch [64/100] - [TRAIN] Loss: 0.4801, Accuracy: 79.21%, AUC: 0.78 - [VAL] Loss: 0.4927, Accuracy: 78.83%, AUC: 0.78
New best model saved with validation metric: 25.1991
Epoch [65/100] - [TRAIN] Loss: 0.4807, Accuracy: 79.28%, AUC: 0.78 - [VAL] Loss: 0.4924, Accuracy: 78.91%, AUC: 0.78
Epoch [66/100] - [TRAIN] Loss: 0.4802, Accuracy: 79.31%, AUC: 0.78 - [VAL] Loss: 0.4934, Accuracy: 78.85%, AUC: 0.78
New best model saved with validation metric: 25.2121
Epoch [67/100] - [TRAIN] Loss: 0.4786, Accuracy: 79.46%, AUC: 0.79 - [VAL] Loss: 0.4924, Accuracy: 78.95%, AUC: 0.78
New best model saved with validation metric: 25.2208
Epoch [68/100] - [TRAIN] Loss: 0.4795, Accuracy: 79.38%, AUC: 0.79 - [VAL] Loss: 0.4929, Accuracy: 78.98%, AUC: 0.78
Epoch [69/100] - [TRAIN] Loss: 0.4804, Accuracy: 79.36%, AUC: 0.79 - [VAL] Loss: 0.4928, Accuracy: 78.85%, AUC: 0.78
Epoch [70/100] - [TRAIN] Loss: 0.4785, Accuracy: 79.29%, AUC: 0.79 - [VAL] Loss: 0.4923, Accuracy: 78.92%, AUC: 0.78
Epoch [71/100] - [TRAIN] Loss: 0.4774, Accuracy: 79.38%, AUC: 0.79 - [VAL] Loss: 0.4931, Accuracy: 78.93%, AUC: 0.78
Epoch [72/100] - [TRAIN] Loss: 0.4771, Accuracy: 79.44%, AUC: 0.79 - [VAL] Loss: 0.4927, Accuracy: 78.98%, AUC: 0.78
Epoch [73/100] - [TRAIN] Loss: 0.4784, Accuracy: 79.46%, AUC: 0.79 - [VAL] Loss: 0.4924, Accuracy: 78.98%, AUC: 0.78
New best model saved with validation metric: 25.2338
Epoch [74/100] - [TRAIN] Loss: 0.4779, Accuracy: 79.38%, AUC: 0.79 - [VAL] Loss: 0.4923, Accuracy: 79.02%, AUC: 0.78
Epoch [75/100] - [TRAIN] Loss: 0.4781, Accuracy: 79.66%, AUC: 0.79 - [VAL] Loss: 0.4925, Accuracy: 78.99%, AUC: 0.78
Epoch [76/100] - [TRAIN] Loss: 0.4764, Accuracy: 79.61%, AUC: 0.79 - [VAL] Loss: 0.4930, Accuracy: 78.87%, AUC: 0.78
New best model saved with validation metric: 25.2381
Epoch [77/100] - [TRAIN] Loss: 0.4756, Accuracy: 79.51%, AUC: 0.79 - [VAL] Loss: 0.4923, Accuracy: 79.03%, AUC: 0.78
Epoch [78/100] - [TRAIN] Loss: 0.4751, Accuracy: 79.63%, AUC: 0.79 - [VAL] Loss: 0.4923, Accuracy: 78.99%, AUC: 0.78
Epoch [79/100] - [TRAIN] Loss: 0.4759, Accuracy: 79.48%, AUC: 0.79 - [VAL] Loss: 0.4937, Accuracy: 78.85%, AUC: 0.78
Epoch [80/100] - [TRAIN] Loss: 0.4741, Accuracy: 79.61%, AUC: 0.79 - [VAL] Loss: 0.4926, Accuracy: 78.99%, AUC: 0.78
Epoch [81/100] - [TRAIN] Loss: 0.4749, Accuracy: 79.54%, AUC: 0.79 - [VAL] Loss: 0.4935, Accuracy: 78.81%, AUC: 0.78
Epoch [82/100] - [TRAIN] Loss: 0.4735, Accuracy: 79.51%, AUC: 0.79 - [VAL] Loss: 0.4923, Accuracy: 79.02%, AUC: 0.78
Epoch [83/100] - [TRAIN] Loss: 0.4743, Accuracy: 79.61%, AUC: 0.79 - [VAL] Loss: 0.4924, Accuracy: 79.00%, AUC: 0.78
Epoch [84/100] - [TRAIN] Loss: 0.4758, Accuracy: 79.55%, AUC: 0.79 - [VAL] Loss: 0.4934, Accuracy: 78.95%, AUC: 0.78
New best model saved with validation metric: 25.2684
Epoch [85/100] - [TRAIN] Loss: 0.4743, Accuracy: 79.54%, AUC: 0.79 - [VAL] Loss: 0.4925, Accuracy: 79.12%, AUC: 0.78
Epoch [86/100] - [TRAIN] Loss: 0.4733, Accuracy: 79.70%, AUC: 0.79 - [VAL] Loss: 0.4926, Accuracy: 79.11%, AUC: 0.78
Epoch [87/100] - [TRAIN] Loss: 0.4756, Accuracy: 79.65%, AUC: 0.79 - [VAL] Loss: 0.4927, Accuracy: 79.03%, AUC: 0.78
Epoch [88/100] - [TRAIN] Loss: 0.4726, Accuracy: 79.66%, AUC: 0.79 - [VAL] Loss: 0.4924, Accuracy: 79.02%, AUC: 0.78
Epoch [89/100] - [TRAIN] Loss: 0.4715, Accuracy: 79.67%, AUC: 0.79 - [VAL] Loss: 0.4925, Accuracy: 79.00%, AUC: 0.78
Epoch [90/100] - [TRAIN] Loss: 0.4721, Accuracy: 79.75%, AUC: 0.79 - [VAL] Loss: 0.4931, Accuracy: 78.93%, AUC: 0.78
Epoch [91/100] - [TRAIN] Loss: 0.4723, Accuracy: 79.70%, AUC: 0.79 - [VAL] Loss: 0.4938, Accuracy: 78.92%, AUC: 0.78
Epoch [92/100] - [TRAIN] Loss: 0.4718, Accuracy: 79.78%, AUC: 0.79 - [VAL] Loss: 0.4929, Accuracy: 79.07%, AUC: 0.78
Epoch [93/100] - [TRAIN] Loss: 0.4730, Accuracy: 79.77%, AUC: 0.79 - [VAL] Loss: 0.4941, Accuracy: 79.03%, AUC: 0.78
Epoch [94/100] - [TRAIN] Loss: 0.4714, Accuracy: 79.74%, AUC: 0.79 - [VAL] Loss: 0.4928, Accuracy: 79.02%, AUC: 0.78
Epoch [95/100] - [TRAIN] Loss: 0.4702, Accuracy: 79.70%, AUC: 0.79 - [VAL] Loss: 0.4941, Accuracy: 78.83%, AUC: 0.78
Epoch [96/100] - [TRAIN] Loss: 0.4713, Accuracy: 79.77%, AUC: 0.79 - [VAL] Loss: 0.4942, Accuracy: 78.93%, AUC: 0.78
Epoch [97/100] - [TRAIN] Loss: 0.4713, Accuracy: 79.74%, AUC: 0.79 - [VAL] Loss: 0.4929, Accuracy: 79.03%, AUC: 0.78
Epoch [98/100] - [TRAIN] Loss: 0.4695, Accuracy: 79.79%, AUC: 0.79 - [VAL] Loss: 0.4945, Accuracy: 78.87%, AUC: 0.78
Epoch [99/100] - [TRAIN] Loss: 0.4702, Accuracy: 79.89%, AUC: 0.79 - [VAL] Loss: 0.4927, Accuracy: 79.02%, AUC: 0.78
Epoch [100/100] - [TRAIN] Loss: 0.4712, Accuracy: 79.86%, AUC: 0.79 - [VAL] Loss: 0.4947, Accuracy: 79.06%, AUC: 0.78
Training finished!
Accuracy Score on test set: 79.34 %
AUC Score on test set: 0.79
Item: H3K9me3-H3K27me3-H3K4me3-H3K9ac-H3K27ac
Train set shape: (7399, 5, 4000) (7399,)
Validation set shape: (7377, 5, 4000) (7377,)
Test set shape: (7378, 5, 4000) (7378,)
New best model saved with validation metric: 19.4242
Epoch [1/100] - [TRAIN] Loss: 0.6336, Accuracy: 62.66%, AUC: 0.54 - [VAL] Loss: 0.5916, Accuracy: 60.82%, AUC: 0.50
Epoch [2/100] - [TRAIN] Loss: 0.5786, Accuracy: 60.82%, AUC: 0.50 - [VAL] Loss: 0.5622, Accuracy: 60.82%, AUC: 0.50
New best model saved with validation metric: 24.7965
Epoch [3/100] - [TRAIN] Loss: 0.5574, Accuracy: 68.29%, AUC: 0.61 - [VAL] Loss: 0.5461, Accuracy: 77.65%, AUC: 0.76
New best model saved with validation metric: 25.0866
Epoch [4/100] - [TRAIN] Loss: 0.5459, Accuracy: 78.17%, AUC: 0.76 - [VAL] Loss: 0.5367, Accuracy: 78.55%, AUC: 0.78
Epoch [5/100] - [TRAIN] Loss: 0.5384, Accuracy: 78.66%, AUC: 0.78 - [VAL] Loss: 0.5309, Accuracy: 78.50%, AUC: 0.78
Epoch [6/100] - [TRAIN] Loss: 0.5336, Accuracy: 78.48%, AUC: 0.78 - [VAL] Loss: 0.5274, Accuracy: 78.31%, AUC: 0.78
Epoch [7/100] - [TRAIN] Loss: 0.5298, Accuracy: 78.52%, AUC: 0.78 - [VAL] Loss: 0.5246, Accuracy: 78.20%, AUC: 0.78
Epoch [8/100] - [TRAIN] Loss: 0.5282, Accuracy: 78.42%, AUC: 0.78 - [VAL] Loss: 0.5226, Accuracy: 78.18%, AUC: 0.78
Epoch [9/100] - [TRAIN] Loss: 0.5242, Accuracy: 78.56%, AUC: 0.78 - [VAL] Loss: 0.5196, Accuracy: 78.15%, AUC: 0.78
Epoch [10/100] - [TRAIN] Loss: 0.5220, Accuracy: 78.39%, AUC: 0.78 - [VAL] Loss: 0.5175, Accuracy: 77.99%, AUC: 0.78
Epoch [11/100] - [TRAIN] Loss: 0.5210, Accuracy: 78.35%, AUC: 0.78 - [VAL] Loss: 0.5154, Accuracy: 78.03%, AUC: 0.78
Epoch [12/100] - [TRAIN] Loss: 0.5172, Accuracy: 78.28%, AUC: 0.78 - [VAL] Loss: 0.5137, Accuracy: 78.04%, AUC: 0.78
Epoch [13/100] - [TRAIN] Loss: 0.5155, Accuracy: 78.28%, AUC: 0.78 - [VAL] Loss: 0.5129, Accuracy: 77.85%, AUC: 0.78
Epoch [14/100] - [TRAIN] Loss: 0.5141, Accuracy: 78.29%, AUC: 0.78 - [VAL] Loss: 0.5108, Accuracy: 78.07%, AUC: 0.78
Epoch [15/100] - [TRAIN] Loss: 0.5124, Accuracy: 78.32%, AUC: 0.78 - [VAL] Loss: 0.5095, Accuracy: 78.15%, AUC: 0.78
Epoch [16/100] - [TRAIN] Loss: 0.5102, Accuracy: 78.31%, AUC: 0.78 - [VAL] Loss: 0.5088, Accuracy: 78.00%, AUC: 0.78
Epoch [17/100] - [TRAIN] Loss: 0.5084, Accuracy: 78.31%, AUC: 0.78 - [VAL] Loss: 0.5079, Accuracy: 78.07%, AUC: 0.78
Epoch [18/100] - [TRAIN] Loss: 0.5073, Accuracy: 78.33%, AUC: 0.78 - [VAL] Loss: 0.5066, Accuracy: 78.23%, AUC: 0.78
Epoch [19/100] - [TRAIN] Loss: 0.5056, Accuracy: 78.39%, AUC: 0.78 - [VAL] Loss: 0.5059, Accuracy: 78.23%, AUC: 0.78
Epoch [20/100] - [TRAIN] Loss: 0.5054, Accuracy: 78.40%, AUC: 0.78 - [VAL] Loss: 0.5049, Accuracy: 78.35%, AUC: 0.78
Epoch [21/100] - [TRAIN] Loss: 0.5042, Accuracy: 78.50%, AUC: 0.78 - [VAL] Loss: 0.5046, Accuracy: 78.24%, AUC: 0.78
Epoch [22/100] - [TRAIN] Loss: 0.5031, Accuracy: 78.47%, AUC: 0.78 - [VAL] Loss: 0.5040, Accuracy: 78.24%, AUC: 0.78
Epoch [23/100] - [TRAIN] Loss: 0.5029, Accuracy: 78.66%, AUC: 0.78 - [VAL] Loss: 0.5033, Accuracy: 78.28%, AUC: 0.78
Epoch [24/100] - [TRAIN] Loss: 0.5020, Accuracy: 78.58%, AUC: 0.78 - [VAL] Loss: 0.5034, Accuracy: 78.26%, AUC: 0.78
Epoch [25/100] - [TRAIN] Loss: 0.4999, Accuracy: 78.62%, AUC: 0.78 - [VAL] Loss: 0.5026, Accuracy: 78.26%, AUC: 0.78
Epoch [26/100] - [TRAIN] Loss: 0.5007, Accuracy: 78.69%, AUC: 0.78 - [VAL] Loss: 0.5015, Accuracy: 78.41%, AUC: 0.78
Epoch [27/100] - [TRAIN] Loss: 0.4989, Accuracy: 78.67%, AUC: 0.78 - [VAL] Loss: 0.5015, Accuracy: 78.30%, AUC: 0.78
Epoch [28/100] - [TRAIN] Loss: 0.4992, Accuracy: 78.75%, AUC: 0.78 - [VAL] Loss: 0.5010, Accuracy: 78.30%, AUC: 0.78
Epoch [29/100] - [TRAIN] Loss: 0.4982, Accuracy: 78.69%, AUC: 0.78 - [VAL] Loss: 0.5000, Accuracy: 78.42%, AUC: 0.78
Epoch [30/100] - [TRAIN] Loss: 0.4980, Accuracy: 78.79%, AUC: 0.78 - [VAL] Loss: 0.5000, Accuracy: 78.45%, AUC: 0.78
Epoch [31/100] - [TRAIN] Loss: 0.4960, Accuracy: 78.77%, AUC: 0.78 - [VAL] Loss: 0.4997, Accuracy: 78.43%, AUC: 0.78
Epoch [32/100] - [TRAIN] Loss: 0.4960, Accuracy: 78.77%, AUC: 0.78 - [VAL] Loss: 0.4995, Accuracy: 78.43%, AUC: 0.78
Epoch [33/100] - [TRAIN] Loss: 0.4950, Accuracy: 78.75%, AUC: 0.78 - [VAL] Loss: 0.4987, Accuracy: 78.46%, AUC: 0.78
Epoch [34/100] - [TRAIN] Loss: 0.4956, Accuracy: 78.85%, AUC: 0.78 - [VAL] Loss: 0.4989, Accuracy: 78.43%, AUC: 0.78
Epoch [35/100] - [TRAIN] Loss: 0.4943, Accuracy: 78.89%, AUC: 0.78 - [VAL] Loss: 0.4979, Accuracy: 78.45%, AUC: 0.78
Epoch [36/100] - [TRAIN] Loss: 0.4930, Accuracy: 78.86%, AUC: 0.78 - [VAL] Loss: 0.4989, Accuracy: 78.47%, AUC: 0.78
New best model saved with validation metric: 25.1255
Epoch [37/100] - [TRAIN] Loss: 0.4937, Accuracy: 78.98%, AUC: 0.78 - [VAL] Loss: 0.4970, Accuracy: 78.68%, AUC: 0.78
Epoch [38/100] - [TRAIN] Loss: 0.4921, Accuracy: 79.01%, AUC: 0.78 - [VAL] Loss: 0.4976, Accuracy: 78.43%, AUC: 0.78
Epoch [39/100] - [TRAIN] Loss: 0.4908, Accuracy: 78.93%, AUC: 0.78 - [VAL] Loss: 0.4965, Accuracy: 78.60%, AUC: 0.78
Epoch [40/100] - [TRAIN] Loss: 0.4914, Accuracy: 78.93%, AUC: 0.78 - [VAL] Loss: 0.4962, Accuracy: 78.62%, AUC: 0.78
Epoch [41/100] - [TRAIN] Loss: 0.4916, Accuracy: 78.98%, AUC: 0.78 - [VAL] Loss: 0.4962, Accuracy: 78.62%, AUC: 0.78
Epoch [42/100] - [TRAIN] Loss: 0.4907, Accuracy: 78.93%, AUC: 0.78 - [VAL] Loss: 0.4961, Accuracy: 78.62%, AUC: 0.78
Epoch [43/100] - [TRAIN] Loss: 0.4897, Accuracy: 78.98%, AUC: 0.78 - [VAL] Loss: 0.4965, Accuracy: 78.55%, AUC: 0.78
Epoch [44/100] - [TRAIN] Loss: 0.4887, Accuracy: 79.06%, AUC: 0.78 - [VAL] Loss: 0.4955, Accuracy: 78.65%, AUC: 0.78
Epoch [45/100] - [TRAIN] Loss: 0.4881, Accuracy: 79.02%, AUC: 0.78 - [VAL] Loss: 0.4961, Accuracy: 78.46%, AUC: 0.78
Epoch [46/100] - [TRAIN] Loss: 0.4877, Accuracy: 79.04%, AUC: 0.78 - [VAL] Loss: 0.4962, Accuracy: 78.47%, AUC: 0.78
Epoch [47/100] - [TRAIN] Loss: 0.4858, Accuracy: 79.04%, AUC: 0.78 - [VAL] Loss: 0.4957, Accuracy: 78.54%, AUC: 0.78
Epoch [48/100] - [TRAIN] Loss: 0.4873, Accuracy: 78.98%, AUC: 0.78 - [VAL] Loss: 0.4944, Accuracy: 78.68%, AUC: 0.78
Epoch [49/100] - [TRAIN] Loss: 0.4872, Accuracy: 79.12%, AUC: 0.78 - [VAL] Loss: 0.4955, Accuracy: 78.51%, AUC: 0.78
New best model saved with validation metric: 25.1299
Epoch [50/100] - [TRAIN] Loss: 0.4854, Accuracy: 79.08%, AUC: 0.78 - [VAL] Loss: 0.4941, Accuracy: 78.69%, AUC: 0.78
Epoch [51/100] - [TRAIN] Loss: 0.4840, Accuracy: 79.12%, AUC: 0.78 - [VAL] Loss: 0.4937, Accuracy: 78.69%, AUC: 0.78
Epoch [52/100] - [TRAIN] Loss: 0.4840, Accuracy: 79.06%, AUC: 0.78 - [VAL] Loss: 0.4940, Accuracy: 78.69%, AUC: 0.78
New best model saved with validation metric: 25.1342
Epoch [53/100] - [TRAIN] Loss: 0.4833, Accuracy: 79.19%, AUC: 0.78 - [VAL] Loss: 0.4942, Accuracy: 78.70%, AUC: 0.78
New best model saved with validation metric: 25.1429
Epoch [54/100] - [TRAIN] Loss: 0.4836, Accuracy: 79.06%, AUC: 0.78 - [VAL] Loss: 0.4934, Accuracy: 78.73%, AUC: 0.78
New best model saved with validation metric: 25.1472
Epoch [55/100] - [TRAIN] Loss: 0.4830, Accuracy: 79.20%, AUC: 0.78 - [VAL] Loss: 0.4936, Accuracy: 78.74%, AUC: 0.78
Epoch [56/100] - [TRAIN] Loss: 0.4818, Accuracy: 79.02%, AUC: 0.78 - [VAL] Loss: 0.4949, Accuracy: 78.61%, AUC: 0.78
Epoch [57/100] - [TRAIN] Loss: 0.4825, Accuracy: 79.29%, AUC: 0.79 - [VAL] Loss: 0.4936, Accuracy: 78.74%, AUC: 0.78
New best model saved with validation metric: 25.1558
Epoch [58/100] - [TRAIN] Loss: 0.4808, Accuracy: 79.28%, AUC: 0.79 - [VAL] Loss: 0.4928, Accuracy: 78.77%, AUC: 0.78
Epoch [59/100] - [TRAIN] Loss: 0.4809, Accuracy: 79.31%, AUC: 0.79 - [VAL] Loss: 0.4938, Accuracy: 78.68%, AUC: 0.78
New best model saved with validation metric: 25.1645
Epoch [60/100] - [TRAIN] Loss: 0.4813, Accuracy: 79.32%, AUC: 0.79 - [VAL] Loss: 0.4929, Accuracy: 78.80%, AUC: 0.78
Epoch [61/100] - [TRAIN] Loss: 0.4797, Accuracy: 79.28%, AUC: 0.79 - [VAL] Loss: 0.4939, Accuracy: 78.66%, AUC: 0.78
Epoch [62/100] - [TRAIN] Loss: 0.4800, Accuracy: 79.29%, AUC: 0.79 - [VAL] Loss: 0.4934, Accuracy: 78.74%, AUC: 0.78
New best model saved with validation metric: 25.1688
Epoch [63/100] - [TRAIN] Loss: 0.4790, Accuracy: 79.43%, AUC: 0.79 - [VAL] Loss: 0.4925, Accuracy: 78.81%, AUC: 0.78
New best model saved with validation metric: 25.1732
Epoch [64/100] - [TRAIN] Loss: 0.4782, Accuracy: 79.51%, AUC: 0.79 - [VAL] Loss: 0.4926, Accuracy: 78.83%, AUC: 0.78
Epoch [65/100] - [TRAIN] Loss: 0.4800, Accuracy: 79.32%, AUC: 0.79 - [VAL] Loss: 0.4930, Accuracy: 78.77%, AUC: 0.78
Epoch [66/100] - [TRAIN] Loss: 0.4780, Accuracy: 79.40%, AUC: 0.79 - [VAL] Loss: 0.4946, Accuracy: 78.65%, AUC: 0.78
Epoch [67/100] - [TRAIN] Loss: 0.4793, Accuracy: 79.34%, AUC: 0.79 - [VAL] Loss: 0.4959, Accuracy: 78.72%, AUC: 0.78
Epoch [68/100] - [TRAIN] Loss: 0.4781, Accuracy: 79.46%, AUC: 0.79 - [VAL] Loss: 0.4934, Accuracy: 78.77%, AUC: 0.78
Epoch [69/100] - [TRAIN] Loss: 0.4770, Accuracy: 79.59%, AUC: 0.79 - [VAL] Loss: 0.4938, Accuracy: 78.70%, AUC: 0.78
Epoch [70/100] - [TRAIN] Loss: 0.4759, Accuracy: 79.54%, AUC: 0.79 - [VAL] Loss: 0.4929, Accuracy: 78.77%, AUC: 0.78
Epoch [71/100] - [TRAIN] Loss: 0.4752, Accuracy: 79.56%, AUC: 0.79 - [VAL] Loss: 0.4924, Accuracy: 78.80%, AUC: 0.78
Epoch [72/100] - [TRAIN] Loss: 0.4757, Accuracy: 79.55%, AUC: 0.79 - [VAL] Loss: 0.4933, Accuracy: 78.73%, AUC: 0.78
Epoch [73/100] - [TRAIN] Loss: 0.4761, Accuracy: 79.52%, AUC: 0.79 - [VAL] Loss: 0.4925, Accuracy: 78.83%, AUC: 0.78
Epoch [74/100] - [TRAIN] Loss: 0.4746, Accuracy: 79.58%, AUC: 0.79 - [VAL] Loss: 0.4923, Accuracy: 78.81%, AUC: 0.78
Epoch [75/100] - [TRAIN] Loss: 0.4745, Accuracy: 79.48%, AUC: 0.79 - [VAL] Loss: 0.4926, Accuracy: 78.81%, AUC: 0.78
New best model saved with validation metric: 25.1775
Epoch [76/100] - [TRAIN] Loss: 0.4750, Accuracy: 79.50%, AUC: 0.79 - [VAL] Loss: 0.4929, Accuracy: 78.84%, AUC: 0.78
Epoch [77/100] - [TRAIN] Loss: 0.4746, Accuracy: 79.50%, AUC: 0.79 - [VAL] Loss: 0.4935, Accuracy: 78.73%, AUC: 0.78
Epoch [78/100] - [TRAIN] Loss: 0.4729, Accuracy: 79.61%, AUC: 0.79 - [VAL] Loss: 0.4932, Accuracy: 78.77%, AUC: 0.78
Epoch [79/100] - [TRAIN] Loss: 0.4729, Accuracy: 79.63%, AUC: 0.79 - [VAL] Loss: 0.4933, Accuracy: 78.73%, AUC: 0.78
New best model saved with validation metric: 25.2078
Epoch [80/100] - [TRAIN] Loss: 0.4745, Accuracy: 79.54%, AUC: 0.79 - [VAL] Loss: 0.4930, Accuracy: 78.93%, AUC: 0.78
Epoch [81/100] - [TRAIN] Loss: 0.4748, Accuracy: 79.65%, AUC: 0.79 - [VAL] Loss: 0.4942, Accuracy: 78.74%, AUC: 0.78
Epoch [82/100] - [TRAIN] Loss: 0.4728, Accuracy: 79.69%, AUC: 0.79 - [VAL] Loss: 0.4941, Accuracy: 78.81%, AUC: 0.78
Epoch [83/100] - [TRAIN] Loss: 0.4720, Accuracy: 79.75%, AUC: 0.79 - [VAL] Loss: 0.4932, Accuracy: 78.80%, AUC: 0.78
Epoch [84/100] - [TRAIN] Loss: 0.4722, Accuracy: 79.56%, AUC: 0.79 - [VAL] Loss: 0.4935, Accuracy: 78.89%, AUC: 0.78
Epoch [85/100] - [TRAIN] Loss: 0.4716, Accuracy: 79.71%, AUC: 0.79 - [VAL] Loss: 0.4927, Accuracy: 78.91%, AUC: 0.78
Epoch [86/100] - [TRAIN] Loss: 0.4707, Accuracy: 79.81%, AUC: 0.79 - [VAL] Loss: 0.4928, Accuracy: 78.92%, AUC: 0.78
New best model saved with validation metric: 25.2121
Epoch [87/100] - [TRAIN] Loss: 0.4716, Accuracy: 79.63%, AUC: 0.79 - [VAL] Loss: 0.4943, Accuracy: 78.95%, AUC: 0.78
Epoch [88/100] - [TRAIN] Loss: 0.4710, Accuracy: 79.84%, AUC: 0.79 - [VAL] Loss: 0.4938, Accuracy: 78.93%, AUC: 0.78
Epoch [89/100] - [TRAIN] Loss: 0.4699, Accuracy: 79.74%, AUC: 0.79 - [VAL] Loss: 0.4939, Accuracy: 78.81%, AUC: 0.78
Epoch [90/100] - [TRAIN] Loss: 0.4690, Accuracy: 79.71%, AUC: 0.79 - [VAL] Loss: 0.4962, Accuracy: 78.66%, AUC: 0.78
New best model saved with validation metric: 25.2165
Epoch [91/100] - [TRAIN] Loss: 0.4693, Accuracy: 79.77%, AUC: 0.79 - [VAL] Loss: 0.4932, Accuracy: 78.96%, AUC: 0.78
Epoch [92/100] - [TRAIN] Loss: 0.4686, Accuracy: 79.67%, AUC: 0.79 - [VAL] Loss: 0.4944, Accuracy: 78.85%, AUC: 0.78
New best model saved with validation metric: 25.2208
Epoch [93/100] - [TRAIN] Loss: 0.4680, Accuracy: 79.85%, AUC: 0.79 - [VAL] Loss: 0.4933, Accuracy: 78.98%, AUC: 0.78
Epoch [94/100] - [TRAIN] Loss: 0.4678, Accuracy: 80.01%, AUC: 0.79 - [VAL] Loss: 0.4938, Accuracy: 78.91%, AUC: 0.78
Epoch [95/100] - [TRAIN] Loss: 0.4674, Accuracy: 79.85%, AUC: 0.79 - [VAL] Loss: 0.4942, Accuracy: 78.98%, AUC: 0.78
Epoch [96/100] - [TRAIN] Loss: 0.4685, Accuracy: 79.79%, AUC: 0.79 - [VAL] Loss: 0.4969, Accuracy: 78.85%, AUC: 0.78
New best model saved with validation metric: 25.2251
Epoch [97/100] - [TRAIN] Loss: 0.4705, Accuracy: 79.81%, AUC: 0.79 - [VAL] Loss: 0.4939, Accuracy: 78.99%, AUC: 0.78
Epoch [98/100] - [TRAIN] Loss: 0.4665, Accuracy: 79.78%, AUC: 0.79 - [VAL] Loss: 0.4941, Accuracy: 78.95%, AUC: 0.78
Epoch [99/100] - [TRAIN] Loss: 0.4675, Accuracy: 79.97%, AUC: 0.79 - [VAL] Loss: 0.4952, Accuracy: 78.93%, AUC: 0.78
Epoch [100/100] - [TRAIN] Loss: 0.4671, Accuracy: 80.01%, AUC: 0.79 - [VAL] Loss: 0.4939, Accuracy: 78.96%, AUC: 0.78
Training finished!
Accuracy Score on test set: 79.43 %
AUC Score on test set: 0.79
Item: H3K9me3-H3K27me3-H3K4me3-H3K27ac-H3K9ac
Train set shape: (7399, 5, 4000) (7399,)
Validation set shape: (7377, 5, 4000) (7377,)
Test set shape: (7378, 5, 4000) (7378,)
New best model saved with validation metric: 19.4242
Epoch [1/100] - [TRAIN] Loss: 0.6421, Accuracy: 60.81%, AUC: 0.50 - [VAL] Loss: 0.6032, Accuracy: 60.82%, AUC: 0.50
Epoch [2/100] - [TRAIN] Loss: 0.5868, Accuracy: 60.82%, AUC: 0.50 - [VAL] Loss: 0.5675, Accuracy: 60.82%, AUC: 0.50
New best model saved with validation metric: 24.5974
Epoch [3/100] - [TRAIN] Loss: 0.5621, Accuracy: 62.71%, AUC: 0.53 - [VAL] Loss: 0.5489, Accuracy: 77.02%, AUC: 0.75
New best model saved with validation metric: 24.9697
Epoch [4/100] - [TRAIN] Loss: 0.5492, Accuracy: 77.63%, AUC: 0.76 - [VAL] Loss: 0.5392, Accuracy: 78.19%, AUC: 0.77
New best model saved with validation metric: 25.0693
Epoch [5/100] - [TRAIN] Loss: 0.5403, Accuracy: 78.23%, AUC: 0.77 - [VAL] Loss: 0.5326, Accuracy: 78.50%, AUC: 0.78
Epoch [6/100] - [TRAIN] Loss: 0.5343, Accuracy: 78.66%, AUC: 0.78 - [VAL] Loss: 0.5279, Accuracy: 78.30%, AUC: 0.78
Epoch [7/100] - [TRAIN] Loss: 0.5295, Accuracy: 78.71%, AUC: 0.78 - [VAL] Loss: 0.5238, Accuracy: 78.20%, AUC: 0.78
Epoch [8/100] - [TRAIN] Loss: 0.5266, Accuracy: 78.47%, AUC: 0.78 - [VAL] Loss: 0.5206, Accuracy: 78.18%, AUC: 0.78
Epoch [9/100] - [TRAIN] Loss: 0.5217, Accuracy: 78.35%, AUC: 0.78 - [VAL] Loss: 0.5173, Accuracy: 78.01%, AUC: 0.78
Epoch [10/100] - [TRAIN] Loss: 0.5182, Accuracy: 78.27%, AUC: 0.78 - [VAL] Loss: 0.5151, Accuracy: 77.90%, AUC: 0.78
Epoch [11/100] - [TRAIN] Loss: 0.5156, Accuracy: 78.38%, AUC: 0.78 - [VAL] Loss: 0.5127, Accuracy: 77.96%, AUC: 0.78
Epoch [12/100] - [TRAIN] Loss: 0.5149, Accuracy: 78.23%, AUC: 0.78 - [VAL] Loss: 0.5113, Accuracy: 77.78%, AUC: 0.78
Epoch [13/100] - [TRAIN] Loss: 0.5129, Accuracy: 78.35%, AUC: 0.78 - [VAL] Loss: 0.5099, Accuracy: 77.84%, AUC: 0.78
Epoch [14/100] - [TRAIN] Loss: 0.5093, Accuracy: 78.35%, AUC: 0.78 - [VAL] Loss: 0.5080, Accuracy: 78.05%, AUC: 0.78
Epoch [15/100] - [TRAIN] Loss: 0.5100, Accuracy: 78.44%, AUC: 0.78 - [VAL] Loss: 0.5072, Accuracy: 78.08%, AUC: 0.78
Epoch [16/100] - [TRAIN] Loss: 0.5073, Accuracy: 78.33%, AUC: 0.78 - [VAL] Loss: 0.5066, Accuracy: 77.93%, AUC: 0.78
Epoch [17/100] - [TRAIN] Loss: 0.5053, Accuracy: 78.33%, AUC: 0.78 - [VAL] Loss: 0.5054, Accuracy: 78.09%, AUC: 0.78
Epoch [18/100] - [TRAIN] Loss: 0.5052, Accuracy: 78.46%, AUC: 0.78 - [VAL] Loss: 0.5047, Accuracy: 78.16%, AUC: 0.78
Epoch [19/100] - [TRAIN] Loss: 0.5044, Accuracy: 78.48%, AUC: 0.78 - [VAL] Loss: 0.5039, Accuracy: 78.32%, AUC: 0.78
Epoch [20/100] - [TRAIN] Loss: 0.5035, Accuracy: 78.47%, AUC: 0.78 - [VAL] Loss: 0.5036, Accuracy: 78.18%, AUC: 0.78
Epoch [21/100] - [TRAIN] Loss: 0.5023, Accuracy: 78.58%, AUC: 0.78 - [VAL] Loss: 0.5031, Accuracy: 78.26%, AUC: 0.78
Epoch [22/100] - [TRAIN] Loss: 0.5020, Accuracy: 78.62%, AUC: 0.78 - [VAL] Loss: 0.5020, Accuracy: 78.43%, AUC: 0.78
Epoch [23/100] - [TRAIN] Loss: 0.5008, Accuracy: 78.71%, AUC: 0.78 - [VAL] Loss: 0.5026, Accuracy: 78.26%, AUC: 0.78
Epoch [24/100] - [TRAIN] Loss: 0.5002, Accuracy: 78.59%, AUC: 0.78 - [VAL] Loss: 0.5017, Accuracy: 78.32%, AUC: 0.78
Epoch [25/100] - [TRAIN] Loss: 0.4990, Accuracy: 78.77%, AUC: 0.78 - [VAL] Loss: 0.5012, Accuracy: 78.37%, AUC: 0.78
Epoch [26/100] - [TRAIN] Loss: 0.4988, Accuracy: 78.78%, AUC: 0.78 - [VAL] Loss: 0.5012, Accuracy: 78.28%, AUC: 0.78
Epoch [27/100] - [TRAIN] Loss: 0.4992, Accuracy: 78.66%, AUC: 0.78 - [VAL] Loss: 0.5001, Accuracy: 78.31%, AUC: 0.78
Epoch [28/100] - [TRAIN] Loss: 0.4973, Accuracy: 78.86%, AUC: 0.78 - [VAL] Loss: 0.4996, Accuracy: 78.42%, AUC: 0.78
Epoch [29/100] - [TRAIN] Loss: 0.4979, Accuracy: 78.92%, AUC: 0.78 - [VAL] Loss: 0.5001, Accuracy: 78.35%, AUC: 0.78
Epoch [30/100] - [TRAIN] Loss: 0.4985, Accuracy: 78.82%, AUC: 0.78 - [VAL] Loss: 0.4990, Accuracy: 78.37%, AUC: 0.78
Epoch [31/100] - [TRAIN] Loss: 0.4958, Accuracy: 78.82%, AUC: 0.78 - [VAL] Loss: 0.4985, Accuracy: 78.49%, AUC: 0.78
Epoch [32/100] - [TRAIN] Loss: 0.4954, Accuracy: 78.81%, AUC: 0.78 - [VAL] Loss: 0.4983, Accuracy: 78.49%, AUC: 0.78
New best model saved with validation metric: 25.1299
Epoch [33/100] - [TRAIN] Loss: 0.4950, Accuracy: 78.89%, AUC: 0.78 - [VAL] Loss: 0.4977, Accuracy: 78.69%, AUC: 0.78
Epoch [34/100] - [TRAIN] Loss: 0.4966, Accuracy: 78.89%, AUC: 0.78 - [VAL] Loss: 0.4987, Accuracy: 78.34%, AUC: 0.78
Epoch [35/100] - [TRAIN] Loss: 0.4938, Accuracy: 78.85%, AUC: 0.78 - [VAL] Loss: 0.4981, Accuracy: 78.35%, AUC: 0.78
Epoch [36/100] - [TRAIN] Loss: 0.4929, Accuracy: 78.82%, AUC: 0.78 - [VAL] Loss: 0.4968, Accuracy: 78.69%, AUC: 0.78
Epoch [37/100] - [TRAIN] Loss: 0.4924, Accuracy: 78.96%, AUC: 0.78 - [VAL] Loss: 0.4976, Accuracy: 78.37%, AUC: 0.78
Epoch [38/100] - [TRAIN] Loss: 0.4918, Accuracy: 78.98%, AUC: 0.78 - [VAL] Loss: 0.4964, Accuracy: 78.65%, AUC: 0.78
Epoch [39/100] - [TRAIN] Loss: 0.4919, Accuracy: 78.97%, AUC: 0.78 - [VAL] Loss: 0.4963, Accuracy: 78.62%, AUC: 0.78
Epoch [40/100] - [TRAIN] Loss: 0.4930, Accuracy: 78.93%, AUC: 0.78 - [VAL] Loss: 0.4964, Accuracy: 78.60%, AUC: 0.78
Epoch [41/100] - [TRAIN] Loss: 0.4900, Accuracy: 78.93%, AUC: 0.78 - [VAL] Loss: 0.4957, Accuracy: 78.65%, AUC: 0.78
Epoch [42/100] - [TRAIN] Loss: 0.4911, Accuracy: 78.90%, AUC: 0.78 - [VAL] Loss: 0.4958, Accuracy: 78.58%, AUC: 0.78
Epoch [43/100] - [TRAIN] Loss: 0.4898, Accuracy: 79.00%, AUC: 0.78 - [VAL] Loss: 0.4955, Accuracy: 78.55%, AUC: 0.78
Epoch [44/100] - [TRAIN] Loss: 0.4903, Accuracy: 78.93%, AUC: 0.78 - [VAL] Loss: 0.4956, Accuracy: 78.57%, AUC: 0.78
Epoch [45/100] - [TRAIN] Loss: 0.4876, Accuracy: 79.13%, AUC: 0.78 - [VAL] Loss: 0.4953, Accuracy: 78.58%, AUC: 0.78
Epoch [46/100] - [TRAIN] Loss: 0.4873, Accuracy: 79.05%, AUC: 0.78 - [VAL] Loss: 0.4944, Accuracy: 78.69%, AUC: 0.78
New best model saved with validation metric: 25.1342
Epoch [47/100] - [TRAIN] Loss: 0.4882, Accuracy: 79.01%, AUC: 0.78 - [VAL] Loss: 0.4943, Accuracy: 78.70%, AUC: 0.78
Epoch [48/100] - [TRAIN] Loss: 0.4871, Accuracy: 79.06%, AUC: 0.78 - [VAL] Loss: 0.4944, Accuracy: 78.65%, AUC: 0.78
Epoch [49/100] - [TRAIN] Loss: 0.4873, Accuracy: 79.05%, AUC: 0.78 - [VAL] Loss: 0.4949, Accuracy: 78.65%, AUC: 0.78
Epoch [50/100] - [TRAIN] Loss: 0.4871, Accuracy: 79.00%, AUC: 0.78 - [VAL] Loss: 0.4948, Accuracy: 78.65%, AUC: 0.78
New best model saved with validation metric: 25.1515
Epoch [51/100] - [TRAIN] Loss: 0.4854, Accuracy: 79.16%, AUC: 0.78 - [VAL] Loss: 0.4936, Accuracy: 78.76%, AUC: 0.78
Epoch [52/100] - [TRAIN] Loss: 0.4860, Accuracy: 79.32%, AUC: 0.78 - [VAL] Loss: 0.4956, Accuracy: 78.49%, AUC: 0.78
Epoch [53/100] - [TRAIN] Loss: 0.4853, Accuracy: 79.08%, AUC: 0.78 - [VAL] Loss: 0.4932, Accuracy: 78.73%, AUC: 0.78
New best model saved with validation metric: 25.1602
Epoch [54/100] - [TRAIN] Loss: 0.4860, Accuracy: 79.12%, AUC: 0.78 - [VAL] Loss: 0.4934, Accuracy: 78.79%, AUC: 0.78
Epoch [55/100] - [TRAIN] Loss: 0.4843, Accuracy: 79.17%, AUC: 0.78 - [VAL] Loss: 0.4932, Accuracy: 78.76%, AUC: 0.78
New best model saved with validation metric: 25.1645
Epoch [56/100] - [TRAIN] Loss: 0.4834, Accuracy: 79.24%, AUC: 0.78 - [VAL] Loss: 0.4931, Accuracy: 78.80%, AUC: 0.78
Epoch [57/100] - [TRAIN] Loss: 0.4842, Accuracy: 79.12%, AUC: 0.78 - [VAL] Loss: 0.4938, Accuracy: 78.72%, AUC: 0.78
Epoch [58/100] - [TRAIN] Loss: 0.4832, Accuracy: 79.17%, AUC: 0.78 - [VAL] Loss: 0.4937, Accuracy: 78.73%, AUC: 0.78
New best model saved with validation metric: 25.1775
Epoch [59/100] - [TRAIN] Loss: 0.4825, Accuracy: 79.36%, AUC: 0.79 - [VAL] Loss: 0.4929, Accuracy: 78.84%, AUC: 0.78
Epoch [60/100] - [TRAIN] Loss: 0.4826, Accuracy: 79.23%, AUC: 0.78 - [VAL] Loss: 0.4927, Accuracy: 78.83%, AUC: 0.78
Epoch [61/100] - [TRAIN] Loss: 0.4827, Accuracy: 79.27%, AUC: 0.78 - [VAL] Loss: 0.4944, Accuracy: 78.73%, AUC: 0.78
Epoch [62/100] - [TRAIN] Loss: 0.4816, Accuracy: 79.23%, AUC: 0.78 - [VAL] Loss: 0.4928, Accuracy: 78.80%, AUC: 0.78
Epoch [63/100] - [TRAIN] Loss: 0.4816, Accuracy: 79.25%, AUC: 0.78 - [VAL] Loss: 0.4925, Accuracy: 78.84%, AUC: 0.78
Epoch [64/100] - [TRAIN] Loss: 0.4808, Accuracy: 79.27%, AUC: 0.78 - [VAL] Loss: 0.4929, Accuracy: 78.83%, AUC: 0.78
Epoch [65/100] - [TRAIN] Loss: 0.4799, Accuracy: 79.52%, AUC: 0.79 - [VAL] Loss: 0.4940, Accuracy: 78.72%, AUC: 0.78
New best model saved with validation metric: 25.1861
Epoch [66/100] - [TRAIN] Loss: 0.4799, Accuracy: 79.39%, AUC: 0.79 - [VAL] Loss: 0.4922, Accuracy: 78.87%, AUC: 0.78
Epoch [67/100] - [TRAIN] Loss: 0.4791, Accuracy: 79.47%, AUC: 0.79 - [VAL] Loss: 0.4951, Accuracy: 78.58%, AUC: 0.78
Epoch [68/100] - [TRAIN] Loss: 0.4791, Accuracy: 79.32%, AUC: 0.79 - [VAL] Loss: 0.4953, Accuracy: 78.73%, AUC: 0.78
Epoch [69/100] - [TRAIN] Loss: 0.4794, Accuracy: 79.52%, AUC: 0.79 - [VAL] Loss: 0.4925, Accuracy: 78.84%, AUC: 0.78
Epoch [70/100] - [TRAIN] Loss: 0.4774, Accuracy: 79.55%, AUC: 0.79 - [VAL] Loss: 0.4925, Accuracy: 78.85%, AUC: 0.78
New best model saved with validation metric: 25.1991
Epoch [71/100] - [TRAIN] Loss: 0.4790, Accuracy: 79.36%, AUC: 0.79 - [VAL] Loss: 0.4923, Accuracy: 78.91%, AUC: 0.78
Epoch [72/100] - [TRAIN] Loss: 0.4775, Accuracy: 79.51%, AUC: 0.79 - [VAL] Loss: 0.4932, Accuracy: 78.87%, AUC: 0.78
Epoch [73/100] - [TRAIN] Loss: 0.4779, Accuracy: 79.54%, AUC: 0.79 - [VAL] Loss: 0.4921, Accuracy: 78.91%, AUC: 0.78
Epoch [74/100] - [TRAIN] Loss: 0.4770, Accuracy: 79.47%, AUC: 0.79 - [VAL] Loss: 0.4940, Accuracy: 78.74%, AUC: 0.78
Epoch [75/100] - [TRAIN] Loss: 0.4769, Accuracy: 79.51%, AUC: 0.79 - [VAL] Loss: 0.4922, Accuracy: 78.88%, AUC: 0.78
New best model saved with validation metric: 25.2424
Epoch [76/100] - [TRAIN] Loss: 0.4789, Accuracy: 79.63%, AUC: 0.79 - [VAL] Loss: 0.4921, Accuracy: 79.04%, AUC: 0.78
Epoch [77/100] - [TRAIN] Loss: 0.4749, Accuracy: 79.38%, AUC: 0.79 - [VAL] Loss: 0.4935, Accuracy: 78.79%, AUC: 0.78
Epoch [78/100] - [TRAIN] Loss: 0.4756, Accuracy: 79.56%, AUC: 0.79 - [VAL] Loss: 0.4933, Accuracy: 78.79%, AUC: 0.78
Epoch [79/100] - [TRAIN] Loss: 0.4771, Accuracy: 79.55%, AUC: 0.79 - [VAL] Loss: 0.4932, Accuracy: 78.87%, AUC: 0.78
Epoch [80/100] - [TRAIN] Loss: 0.4745, Accuracy: 79.65%, AUC: 0.79 - [VAL] Loss: 0.4928, Accuracy: 78.81%, AUC: 0.78
Epoch [81/100] - [TRAIN] Loss: 0.4744, Accuracy: 79.66%, AUC: 0.79 - [VAL] Loss: 0.4926, Accuracy: 78.88%, AUC: 0.78
Epoch [82/100] - [TRAIN] Loss: 0.4761, Accuracy: 79.73%, AUC: 0.79 - [VAL] Loss: 0.4929, Accuracy: 78.79%, AUC: 0.78
Epoch [83/100] - [TRAIN] Loss: 0.4734, Accuracy: 79.61%, AUC: 0.79 - [VAL] Loss: 0.4922, Accuracy: 78.98%, AUC: 0.78
Epoch [84/100] - [TRAIN] Loss: 0.4740, Accuracy: 79.65%, AUC: 0.79 - [VAL] Loss: 0.4924, Accuracy: 79.02%, AUC: 0.78
Epoch [85/100] - [TRAIN] Loss: 0.4718, Accuracy: 79.78%, AUC: 0.79 - [VAL] Loss: 0.4924, Accuracy: 79.02%, AUC: 0.78
Epoch [86/100] - [TRAIN] Loss: 0.4755, Accuracy: 79.86%, AUC: 0.79 - [VAL] Loss: 0.4942, Accuracy: 78.85%, AUC: 0.78
Epoch [87/100] - [TRAIN] Loss: 0.4730, Accuracy: 79.65%, AUC: 0.79 - [VAL] Loss: 0.4924, Accuracy: 78.96%, AUC: 0.78
Epoch [88/100] - [TRAIN] Loss: 0.4728, Accuracy: 79.61%, AUC: 0.79 - [VAL] Loss: 0.4931, Accuracy: 78.98%, AUC: 0.78
Epoch [89/100] - [TRAIN] Loss: 0.4721, Accuracy: 79.82%, AUC: 0.79 - [VAL] Loss: 0.4925, Accuracy: 78.95%, AUC: 0.78
Epoch [90/100] - [TRAIN] Loss: 0.4710, Accuracy: 79.67%, AUC: 0.79 - [VAL] Loss: 0.4932, Accuracy: 78.92%, AUC: 0.78
Epoch [91/100] - [TRAIN] Loss: 0.4723, Accuracy: 79.73%, AUC: 0.79 - [VAL] Loss: 0.4930, Accuracy: 78.88%, AUC: 0.78
Epoch [92/100] - [TRAIN] Loss: 0.4717, Accuracy: 79.77%, AUC: 0.79 - [VAL] Loss: 0.4936, Accuracy: 78.84%, AUC: 0.78
Epoch [93/100] - [TRAIN] Loss: 0.4712, Accuracy: 79.79%, AUC: 0.79 - [VAL] Loss: 0.4928, Accuracy: 79.03%, AUC: 0.78
Epoch [94/100] - [TRAIN] Loss: 0.4697, Accuracy: 79.92%, AUC: 0.79 - [VAL] Loss: 0.4933, Accuracy: 78.92%, AUC: 0.78
Epoch [95/100] - [TRAIN] Loss: 0.4700, Accuracy: 79.97%, AUC: 0.79 - [VAL] Loss: 0.4929, Accuracy: 78.89%, AUC: 0.78
Epoch [96/100] - [TRAIN] Loss: 0.4693, Accuracy: 79.88%, AUC: 0.79 - [VAL] Loss: 0.4965, Accuracy: 78.66%, AUC: 0.78
Epoch [97/100] - [TRAIN] Loss: 0.4702, Accuracy: 79.93%, AUC: 0.79 - [VAL] Loss: 0.4935, Accuracy: 79.02%, AUC: 0.78
Epoch [98/100] - [TRAIN] Loss: 0.4689, Accuracy: 79.78%, AUC: 0.79 - [VAL] Loss: 0.4956, Accuracy: 78.93%, AUC: 0.78
Epoch [99/100] - [TRAIN] Loss: 0.4694, Accuracy: 79.84%, AUC: 0.79 - [VAL] Loss: 0.4930, Accuracy: 78.96%, AUC: 0.78
Epoch [100/100] - [TRAIN] Loss: 0.4683, Accuracy: 79.82%, AUC: 0.79 - [VAL] Loss: 0.4930, Accuracy: 78.92%, AUC: 0.78
Training finished!
Accuracy Score on test set: 79.22 %
AUC Score on test set: 0.79
Item: H3K9me3-H3K27me3-H3K9ac-H3K4me3-H3K27ac
Train set shape: (7399, 5, 4000) (7399,)
Validation set shape: (7377, 5, 4000) (7377,)
Test set shape: (7378, 5, 4000) (7378,)
New best model saved with validation metric: 19.4242
Epoch [1/100] - [TRAIN] Loss: 0.6647, Accuracy: 60.70%, AUC: 0.50 - [VAL] Loss: 0.6367, Accuracy: 60.82%, AUC: 0.50
Epoch [2/100] - [TRAIN] Loss: 0.6172, Accuracy: 60.82%, AUC: 0.50 - [VAL] Loss: 0.5972, Accuracy: 60.82%, AUC: 0.50
Epoch [3/100] - [TRAIN] Loss: 0.5854, Accuracy: 60.82%, AUC: 0.50 - [VAL] Loss: 0.5691, Accuracy: 60.82%, AUC: 0.50
New best model saved with validation metric: 24.9264
Epoch [4/100] - [TRAIN] Loss: 0.5620, Accuracy: 66.37%, AUC: 0.58 - [VAL] Loss: 0.5485, Accuracy: 78.05%, AUC: 0.76
New best model saved with validation metric: 25.0043
Epoch [5/100] - [TRAIN] Loss: 0.5474, Accuracy: 78.29%, AUC: 0.77 - [VAL] Loss: 0.5373, Accuracy: 78.30%, AUC: 0.77
New best model saved with validation metric: 25.0087
Epoch [6/100] - [TRAIN] Loss: 0.5385, Accuracy: 78.47%, AUC: 0.77 - [VAL] Loss: 0.5320, Accuracy: 78.31%, AUC: 0.78
Epoch [7/100] - [TRAIN] Loss: 0.5324, Accuracy: 78.62%, AUC: 0.78 - [VAL] Loss: 0.5277, Accuracy: 78.24%, AUC: 0.78
Epoch [8/100] - [TRAIN] Loss: 0.5287, Accuracy: 78.44%, AUC: 0.78 - [VAL] Loss: 0.5240, Accuracy: 78.18%, AUC: 0.78
Epoch [9/100] - [TRAIN] Loss: 0.5252, Accuracy: 78.50%, AUC: 0.78 - [VAL] Loss: 0.5215, Accuracy: 78.00%, AUC: 0.78
Epoch [10/100] - [TRAIN] Loss: 0.5223, Accuracy: 78.36%, AUC: 0.78 - [VAL] Loss: 0.5183, Accuracy: 78.05%, AUC: 0.78
Epoch [11/100] - [TRAIN] Loss: 0.5195, Accuracy: 78.38%, AUC: 0.78 - [VAL] Loss: 0.5161, Accuracy: 78.01%, AUC: 0.78
Epoch [12/100] - [TRAIN] Loss: 0.5174, Accuracy: 78.33%, AUC: 0.78 - [VAL] Loss: 0.5144, Accuracy: 77.85%, AUC: 0.78
Epoch [13/100] - [TRAIN] Loss: 0.5171, Accuracy: 78.43%, AUC: 0.78 - [VAL] Loss: 0.5125, Accuracy: 77.92%, AUC: 0.78
Epoch [14/100] - [TRAIN] Loss: 0.5132, Accuracy: 78.35%, AUC: 0.78 - [VAL] Loss: 0.5113, Accuracy: 77.86%, AUC: 0.78
Epoch [15/100] - [TRAIN] Loss: 0.5123, Accuracy: 78.25%, AUC: 0.78 - [VAL] Loss: 0.5098, Accuracy: 77.97%, AUC: 0.78
Epoch [16/100] - [TRAIN] Loss: 0.5122, Accuracy: 78.35%, AUC: 0.78 - [VAL] Loss: 0.5089, Accuracy: 77.84%, AUC: 0.78
Epoch [17/100] - [TRAIN] Loss: 0.5096, Accuracy: 78.38%, AUC: 0.78 - [VAL] Loss: 0.5077, Accuracy: 78.09%, AUC: 0.78
Epoch [18/100] - [TRAIN] Loss: 0.5089, Accuracy: 78.32%, AUC: 0.78 - [VAL] Loss: 0.5068, Accuracy: 78.16%, AUC: 0.78
Epoch [19/100] - [TRAIN] Loss: 0.5063, Accuracy: 78.35%, AUC: 0.78 - [VAL] Loss: 0.5060, Accuracy: 78.18%, AUC: 0.78
Epoch [20/100] - [TRAIN] Loss: 0.5056, Accuracy: 78.42%, AUC: 0.78 - [VAL] Loss: 0.5053, Accuracy: 78.23%, AUC: 0.78
New best model saved with validation metric: 25.0216
Epoch [21/100] - [TRAIN] Loss: 0.5045, Accuracy: 78.38%, AUC: 0.78 - [VAL] Loss: 0.5045, Accuracy: 78.35%, AUC: 0.78
Epoch [22/100] - [TRAIN] Loss: 0.5038, Accuracy: 78.51%, AUC: 0.78 - [VAL] Loss: 0.5038, Accuracy: 78.35%, AUC: 0.78
Epoch [23/100] - [TRAIN] Loss: 0.5031, Accuracy: 78.59%, AUC: 0.78 - [VAL] Loss: 0.5038, Accuracy: 78.18%, AUC: 0.78
Epoch [24/100] - [TRAIN] Loss: 0.5037, Accuracy: 78.51%, AUC: 0.78 - [VAL] Loss: 0.5030, Accuracy: 78.32%, AUC: 0.78
New best model saved with validation metric: 25.0563
Epoch [25/100] - [TRAIN] Loss: 0.5019, Accuracy: 78.40%, AUC: 0.78 - [VAL] Loss: 0.5022, Accuracy: 78.46%, AUC: 0.78
Epoch [26/100] - [TRAIN] Loss: 0.5007, Accuracy: 78.65%, AUC: 0.78 - [VAL] Loss: 0.5019, Accuracy: 78.39%, AUC: 0.78
New best model saved with validation metric: 25.0606
Epoch [27/100] - [TRAIN] Loss: 0.4995, Accuracy: 78.55%, AUC: 0.78 - [VAL] Loss: 0.5013, Accuracy: 78.47%, AUC: 0.78
Epoch [28/100] - [TRAIN] Loss: 0.4999, Accuracy: 78.71%, AUC: 0.78 - [VAL] Loss: 0.5008, Accuracy: 78.47%, AUC: 0.78
Epoch [29/100] - [TRAIN] Loss: 0.5003, Accuracy: 78.59%, AUC: 0.78 - [VAL] Loss: 0.5009, Accuracy: 78.39%, AUC: 0.78
Epoch [30/100] - [TRAIN] Loss: 0.4992, Accuracy: 78.71%, AUC: 0.78 - [VAL] Loss: 0.5003, Accuracy: 78.37%, AUC: 0.78
Epoch [31/100] - [TRAIN] Loss: 0.4987, Accuracy: 78.83%, AUC: 0.78 - [VAL] Loss: 0.4999, Accuracy: 78.43%, AUC: 0.78
Epoch [32/100] - [TRAIN] Loss: 0.4983, Accuracy: 78.75%, AUC: 0.78 - [VAL] Loss: 0.4993, Accuracy: 78.38%, AUC: 0.78
Epoch [33/100] - [TRAIN] Loss: 0.4980, Accuracy: 78.81%, AUC: 0.78 - [VAL] Loss: 0.4990, Accuracy: 78.38%, AUC: 0.78
New best model saved with validation metric: 25.0649
Epoch [34/100] - [TRAIN] Loss: 0.4977, Accuracy: 78.88%, AUC: 0.78 - [VAL] Loss: 0.4986, Accuracy: 78.49%, AUC: 0.78
Epoch [35/100] - [TRAIN] Loss: 0.4967, Accuracy: 78.88%, AUC: 0.78 - [VAL] Loss: 0.4987, Accuracy: 78.41%, AUC: 0.78
New best model saved with validation metric: 25.0779
Epoch [36/100] - [TRAIN] Loss: 0.4947, Accuracy: 78.88%, AUC: 0.78 - [VAL] Loss: 0.4979, Accuracy: 78.53%, AUC: 0.78
Epoch [37/100] - [TRAIN] Loss: 0.4952, Accuracy: 78.90%, AUC: 0.78 - [VAL] Loss: 0.4988, Accuracy: 78.35%, AUC: 0.78
Epoch [38/100] - [TRAIN] Loss: 0.4951, Accuracy: 78.85%, AUC: 0.78 - [VAL] Loss: 0.4977, Accuracy: 78.42%, AUC: 0.78
Epoch [39/100] - [TRAIN] Loss: 0.4945, Accuracy: 78.86%, AUC: 0.78 - [VAL] Loss: 0.4973, Accuracy: 78.45%, AUC: 0.78
Epoch [40/100] - [TRAIN] Loss: 0.4928, Accuracy: 78.83%, AUC: 0.78 - [VAL] Loss: 0.4970, Accuracy: 78.43%, AUC: 0.78
Epoch [41/100] - [TRAIN] Loss: 0.4933, Accuracy: 78.81%, AUC: 0.78 - [VAL] Loss: 0.4969, Accuracy: 78.51%, AUC: 0.78
New best model saved with validation metric: 25.1255
Epoch [42/100] - [TRAIN] Loss: 0.4914, Accuracy: 78.88%, AUC: 0.78 - [VAL] Loss: 0.4960, Accuracy: 78.68%, AUC: 0.78
New best model saved with validation metric: 25.1299
Epoch [43/100] - [TRAIN] Loss: 0.4935, Accuracy: 78.88%, AUC: 0.78 - [VAL] Loss: 0.4958, Accuracy: 78.69%, AUC: 0.78
Epoch [44/100] - [TRAIN] Loss: 0.4905, Accuracy: 78.89%, AUC: 0.78 - [VAL] Loss: 0.4958, Accuracy: 78.66%, AUC: 0.78
Epoch [45/100] - [TRAIN] Loss: 0.4900, Accuracy: 79.05%, AUC: 0.78 - [VAL] Loss: 0.4961, Accuracy: 78.50%, AUC: 0.78
New best model saved with validation metric: 25.1515
Epoch [46/100] - [TRAIN] Loss: 0.4901, Accuracy: 78.88%, AUC: 0.78 - [VAL] Loss: 0.4950, Accuracy: 78.76%, AUC: 0.78
Epoch [47/100] - [TRAIN] Loss: 0.4900, Accuracy: 79.01%, AUC: 0.78 - [VAL] Loss: 0.4949, Accuracy: 78.76%, AUC: 0.78
New best model saved with validation metric: 25.1688
Epoch [48/100] - [TRAIN] Loss: 0.4901, Accuracy: 78.92%, AUC: 0.78 - [VAL] Loss: 0.4946, Accuracy: 78.81%, AUC: 0.78
Epoch [49/100] - [TRAIN] Loss: 0.4884, Accuracy: 79.06%, AUC: 0.78 - [VAL] Loss: 0.4953, Accuracy: 78.50%, AUC: 0.78
New best model saved with validation metric: 25.1818
Epoch [50/100] - [TRAIN] Loss: 0.4898, Accuracy: 78.93%, AUC: 0.78 - [VAL] Loss: 0.4942, Accuracy: 78.85%, AUC: 0.78
Epoch [51/100] - [TRAIN] Loss: 0.4884, Accuracy: 78.96%, AUC: 0.78 - [VAL] Loss: 0.4941, Accuracy: 78.84%, AUC: 0.78
Epoch [52/100] - [TRAIN] Loss: 0.4878, Accuracy: 78.97%, AUC: 0.78 - [VAL] Loss: 0.4941, Accuracy: 78.74%, AUC: 0.78
Epoch [53/100] - [TRAIN] Loss: 0.4883, Accuracy: 79.02%, AUC: 0.78 - [VAL] Loss: 0.4940, Accuracy: 78.76%, AUC: 0.78
Epoch [54/100] - [TRAIN] Loss: 0.4872, Accuracy: 79.06%, AUC: 0.78 - [VAL] Loss: 0.4936, Accuracy: 78.85%, AUC: 0.78
New best model saved with validation metric: 25.1991
Epoch [55/100] - [TRAIN] Loss: 0.4869, Accuracy: 79.11%, AUC: 0.78 - [VAL] Loss: 0.4935, Accuracy: 78.91%, AUC: 0.78
Epoch [56/100] - [TRAIN] Loss: 0.4857, Accuracy: 79.08%, AUC: 0.78 - [VAL] Loss: 0.4931, Accuracy: 78.85%, AUC: 0.78
Epoch [57/100] - [TRAIN] Loss: 0.4856, Accuracy: 79.13%, AUC: 0.78 - [VAL] Loss: 0.4929, Accuracy: 78.89%, AUC: 0.78
Epoch [58/100] - [TRAIN] Loss: 0.4851, Accuracy: 79.00%, AUC: 0.78 - [VAL] Loss: 0.4936, Accuracy: 78.68%, AUC: 0.78
Epoch [59/100] - [TRAIN] Loss: 0.4850, Accuracy: 79.16%, AUC: 0.78 - [VAL] Loss: 0.4930, Accuracy: 78.83%, AUC: 0.78
Epoch [60/100] - [TRAIN] Loss: 0.4832, Accuracy: 79.15%, AUC: 0.78 - [VAL] Loss: 0.4939, Accuracy: 78.66%, AUC: 0.78
Epoch [61/100] - [TRAIN] Loss: 0.4861, Accuracy: 79.11%, AUC: 0.78 - [VAL] Loss: 0.4924, Accuracy: 78.89%, AUC: 0.78
Epoch [62/100] - [TRAIN] Loss: 0.4841, Accuracy: 79.15%, AUC: 0.78 - [VAL] Loss: 0.4926, Accuracy: 78.83%, AUC: 0.78
Epoch [63/100] - [TRAIN] Loss: 0.4842, Accuracy: 79.24%, AUC: 0.78 - [VAL] Loss: 0.4924, Accuracy: 78.88%, AUC: 0.78
Epoch [64/100] - [TRAIN] Loss: 0.4830, Accuracy: 79.20%, AUC: 0.78 - [VAL] Loss: 0.4929, Accuracy: 78.83%, AUC: 0.78
Epoch [65/100] - [TRAIN] Loss: 0.4834, Accuracy: 79.17%, AUC: 0.78 - [VAL] Loss: 0.4920, Accuracy: 78.88%, AUC: 0.78
Epoch [66/100] - [TRAIN] Loss: 0.4817, Accuracy: 79.17%, AUC: 0.78 - [VAL] Loss: 0.4931, Accuracy: 78.72%, AUC: 0.78
Epoch [67/100] - [TRAIN] Loss: 0.4812, Accuracy: 79.24%, AUC: 0.78 - [VAL] Loss: 0.4927, Accuracy: 78.79%, AUC: 0.78
Epoch [68/100] - [TRAIN] Loss: 0.4803, Accuracy: 79.24%, AUC: 0.78 - [VAL] Loss: 0.4918, Accuracy: 78.89%, AUC: 0.78
New best model saved with validation metric: 25.2165
Epoch [69/100] - [TRAIN] Loss: 0.4803, Accuracy: 79.21%, AUC: 0.78 - [VAL] Loss: 0.4917, Accuracy: 78.96%, AUC: 0.78
Epoch [70/100] - [TRAIN] Loss: 0.4828, Accuracy: 79.20%, AUC: 0.78 - [VAL] Loss: 0.4921, Accuracy: 78.83%, AUC: 0.78
Epoch [71/100] - [TRAIN] Loss: 0.4808, Accuracy: 79.21%, AUC: 0.78 - [VAL] Loss: 0.4926, Accuracy: 78.83%, AUC: 0.78
Epoch [72/100] - [TRAIN] Loss: 0.4809, Accuracy: 79.25%, AUC: 0.78 - [VAL] Loss: 0.4929, Accuracy: 78.74%, AUC: 0.78
Epoch [73/100] - [TRAIN] Loss: 0.4791, Accuracy: 79.34%, AUC: 0.79 - [VAL] Loss: 0.4917, Accuracy: 78.88%, AUC: 0.78
New best model saved with validation metric: 25.2424
Epoch [74/100] - [TRAIN] Loss: 0.4784, Accuracy: 79.36%, AUC: 0.79 - [VAL] Loss: 0.4915, Accuracy: 79.04%, AUC: 0.78
Epoch [75/100] - [TRAIN] Loss: 0.4782, Accuracy: 79.35%, AUC: 0.79 - [VAL] Loss: 0.4915, Accuracy: 78.88%, AUC: 0.78
Epoch [76/100] - [TRAIN] Loss: 0.4774, Accuracy: 79.42%, AUC: 0.79 - [VAL] Loss: 0.4915, Accuracy: 78.88%, AUC: 0.78
Epoch [77/100] - [TRAIN] Loss: 0.4790, Accuracy: 79.42%, AUC: 0.79 - [VAL] Loss: 0.4923, Accuracy: 78.85%, AUC: 0.78
Epoch [78/100] - [TRAIN] Loss: 0.4794, Accuracy: 79.39%, AUC: 0.79 - [VAL] Loss: 0.4915, Accuracy: 78.93%, AUC: 0.78
New best model saved with validation metric: 25.2468
Epoch [79/100] - [TRAIN] Loss: 0.4768, Accuracy: 79.39%, AUC: 0.79 - [VAL] Loss: 0.4915, Accuracy: 79.06%, AUC: 0.78
Epoch [80/100] - [TRAIN] Loss: 0.4780, Accuracy: 79.39%, AUC: 0.79 - [VAL] Loss: 0.4924, Accuracy: 78.88%, AUC: 0.78
Epoch [81/100] - [TRAIN] Loss: 0.4763, Accuracy: 79.51%, AUC: 0.79 - [VAL] Loss: 0.4918, Accuracy: 78.91%, AUC: 0.78
Epoch [82/100] - [TRAIN] Loss: 0.4783, Accuracy: 79.55%, AUC: 0.79 - [VAL] Loss: 0.4948, Accuracy: 78.69%, AUC: 0.78
Epoch [83/100] - [TRAIN] Loss: 0.4776, Accuracy: 79.51%, AUC: 0.79 - [VAL] Loss: 0.4927, Accuracy: 78.99%, AUC: 0.78
Epoch [84/100] - [TRAIN] Loss: 0.4766, Accuracy: 79.38%, AUC: 0.79 - [VAL] Loss: 0.4914, Accuracy: 79.00%, AUC: 0.78
Epoch [85/100] - [TRAIN] Loss: 0.4777, Accuracy: 79.56%, AUC: 0.79 - [VAL] Loss: 0.4918, Accuracy: 79.02%, AUC: 0.78
Epoch [86/100] - [TRAIN] Loss: 0.4764, Accuracy: 79.51%, AUC: 0.79 - [VAL] Loss: 0.4920, Accuracy: 78.92%, AUC: 0.78
Epoch [87/100] - [TRAIN] Loss: 0.4746, Accuracy: 79.71%, AUC: 0.79 - [VAL] Loss: 0.4941, Accuracy: 78.80%, AUC: 0.78
Epoch [88/100] - [TRAIN] Loss: 0.4769, Accuracy: 79.66%, AUC: 0.79 - [VAL] Loss: 0.4927, Accuracy: 78.96%, AUC: 0.78
Epoch [89/100] - [TRAIN] Loss: 0.4759, Accuracy: 79.54%, AUC: 0.79 - [VAL] Loss: 0.4919, Accuracy: 79.00%, AUC: 0.78
Epoch [90/100] - [TRAIN] Loss: 0.4746, Accuracy: 79.65%, AUC: 0.79 - [VAL] Loss: 0.4922, Accuracy: 78.92%, AUC: 0.78
Epoch [91/100] - [TRAIN] Loss: 0.4742, Accuracy: 79.74%, AUC: 0.79 - [VAL] Loss: 0.4920, Accuracy: 79.00%, AUC: 0.78
Epoch [92/100] - [TRAIN] Loss: 0.4728, Accuracy: 79.66%, AUC: 0.79 - [VAL] Loss: 0.4937, Accuracy: 78.80%, AUC: 0.78
Epoch [93/100] - [TRAIN] Loss: 0.4740, Accuracy: 79.61%, AUC: 0.79 - [VAL] Loss: 0.4928, Accuracy: 78.91%, AUC: 0.78
New best model saved with validation metric: 25.2597
Epoch [94/100] - [TRAIN] Loss: 0.4746, Accuracy: 79.73%, AUC: 0.79 - [VAL] Loss: 0.4922, Accuracy: 79.10%, AUC: 0.78
Epoch [95/100] - [TRAIN] Loss: 0.4728, Accuracy: 79.81%, AUC: 0.79 - [VAL] Loss: 0.4919, Accuracy: 79.10%, AUC: 0.78
Epoch [96/100] - [TRAIN] Loss: 0.4733, Accuracy: 79.78%, AUC: 0.79 - [VAL] Loss: 0.4927, Accuracy: 78.95%, AUC: 0.78
Epoch [97/100] - [TRAIN] Loss: 0.4744, Accuracy: 79.62%, AUC: 0.79 - [VAL] Loss: 0.4953, Accuracy: 78.85%, AUC: 0.78
Epoch [98/100] - [TRAIN] Loss: 0.4718, Accuracy: 79.79%, AUC: 0.79 - [VAL] Loss: 0.4944, Accuracy: 78.87%, AUC: 0.78
New best model saved with validation metric: 25.2684
Epoch [99/100] - [TRAIN] Loss: 0.4717, Accuracy: 79.75%, AUC: 0.79 - [VAL] Loss: 0.4921, Accuracy: 79.12%, AUC: 0.78
Epoch [100/100] - [TRAIN] Loss: 0.4713, Accuracy: 79.79%, AUC: 0.79 - [VAL] Loss: 0.4928, Accuracy: 79.04%, AUC: 0.78
Training finished!
Accuracy Score on test set: 79.52 %
AUC Score on test set: 0.79
Item: H3K9me3-H3K27me3-H3K9ac-H3K27ac-H3K4me3
Train set shape: (7399, 5, 4000) (7399,)
Validation set shape: (7377, 5, 4000) (7377,)
Test set shape: (7378, 5, 4000) (7378,)
New best model saved with validation metric: 19.4242
Epoch [1/100] - [TRAIN] Loss: 0.6706, Accuracy: 59.14%, AUC: 0.53 - [VAL] Loss: 0.6408, Accuracy: 60.82%, AUC: 0.50
Epoch [2/100] - [TRAIN] Loss: 0.6185, Accuracy: 60.82%, AUC: 0.50 - [VAL] Loss: 0.5953, Accuracy: 60.82%, AUC: 0.50
New best model saved with validation metric: 23.8182
Epoch [3/100] - [TRAIN] Loss: 0.5827, Accuracy: 60.89%, AUC: 0.50 - [VAL] Loss: 0.5641, Accuracy: 74.58%, AUC: 0.71
New best model saved with validation metric: 24.9481
Epoch [4/100] - [TRAIN] Loss: 0.5567, Accuracy: 74.97%, AUC: 0.72 - [VAL] Loss: 0.5428, Accuracy: 78.12%, AUC: 0.77
Epoch [5/100] - [TRAIN] Loss: 0.5407, Accuracy: 78.15%, AUC: 0.77 - [VAL] Loss: 0.5307, Accuracy: 78.07%, AUC: 0.77
Epoch [6/100] - [TRAIN] Loss: 0.5313, Accuracy: 78.19%, AUC: 0.77 - [VAL] Loss: 0.5242, Accuracy: 78.00%, AUC: 0.78
Epoch [7/100] - [TRAIN] Loss: 0.5267, Accuracy: 78.11%, AUC: 0.78 - [VAL] Loss: 0.5202, Accuracy: 77.86%, AUC: 0.78
Epoch [8/100] - [TRAIN] Loss: 0.5221, Accuracy: 78.05%, AUC: 0.78 - [VAL] Loss: 0.5172, Accuracy: 77.82%, AUC: 0.78
Epoch [9/100] - [TRAIN] Loss: 0.5205, Accuracy: 77.92%, AUC: 0.78 - [VAL] Loss: 0.5152, Accuracy: 77.76%, AUC: 0.78
Epoch [10/100] - [TRAIN] Loss: 0.5165, Accuracy: 78.02%, AUC: 0.78 - [VAL] Loss: 0.5135, Accuracy: 77.52%, AUC: 0.78
Epoch [11/100] - [TRAIN] Loss: 0.5158, Accuracy: 77.85%, AUC: 0.78 - [VAL] Loss: 0.5117, Accuracy: 78.03%, AUC: 0.78
Epoch [12/100] - [TRAIN] Loss: 0.5131, Accuracy: 78.13%, AUC: 0.78 - [VAL] Loss: 0.5104, Accuracy: 77.85%, AUC: 0.78
Epoch [13/100] - [TRAIN] Loss: 0.5119, Accuracy: 78.06%, AUC: 0.78 - [VAL] Loss: 0.5092, Accuracy: 78.05%, AUC: 0.78
Epoch [14/100] - [TRAIN] Loss: 0.5101, Accuracy: 78.32%, AUC: 0.78 - [VAL] Loss: 0.5089, Accuracy: 77.59%, AUC: 0.78
Epoch [15/100] - [TRAIN] Loss: 0.5095, Accuracy: 78.16%, AUC: 0.78 - [VAL] Loss: 0.5074, Accuracy: 77.90%, AUC: 0.78
Epoch [16/100] - [TRAIN] Loss: 0.5079, Accuracy: 78.24%, AUC: 0.78 - [VAL] Loss: 0.5066, Accuracy: 78.03%, AUC: 0.78
Epoch [17/100] - [TRAIN] Loss: 0.5071, Accuracy: 78.25%, AUC: 0.78 - [VAL] Loss: 0.5066, Accuracy: 77.80%, AUC: 0.78
Epoch [18/100] - [TRAIN] Loss: 0.5055, Accuracy: 78.32%, AUC: 0.78 - [VAL] Loss: 0.5053, Accuracy: 78.12%, AUC: 0.78
Epoch [19/100] - [TRAIN] Loss: 0.5053, Accuracy: 78.44%, AUC: 0.78 - [VAL] Loss: 0.5051, Accuracy: 78.03%, AUC: 0.78
New best model saved with validation metric: 24.9567
Epoch [20/100] - [TRAIN] Loss: 0.5042, Accuracy: 78.35%, AUC: 0.78 - [VAL] Loss: 0.5041, Accuracy: 78.15%, AUC: 0.78
New best model saved with validation metric: 24.9610
Epoch [21/100] - [TRAIN] Loss: 0.5038, Accuracy: 78.39%, AUC: 0.78 - [VAL] Loss: 0.5036, Accuracy: 78.16%, AUC: 0.78
New best model saved with validation metric: 25.0130
Epoch [22/100] - [TRAIN] Loss: 0.5026, Accuracy: 78.43%, AUC: 0.78 - [VAL] Loss: 0.5027, Accuracy: 78.32%, AUC: 0.78
New best model saved with validation metric: 25.0606
Epoch [23/100] - [TRAIN] Loss: 0.5020, Accuracy: 78.54%, AUC: 0.78 - [VAL] Loss: 0.5020, Accuracy: 78.47%, AUC: 0.78
Epoch [24/100] - [TRAIN] Loss: 0.5010, Accuracy: 78.63%, AUC: 0.78 - [VAL] Loss: 0.5024, Accuracy: 78.27%, AUC: 0.78
Epoch [25/100] - [TRAIN] Loss: 0.5014, Accuracy: 78.61%, AUC: 0.78 - [VAL] Loss: 0.5014, Accuracy: 78.32%, AUC: 0.78
Epoch [26/100] - [TRAIN] Loss: 0.5004, Accuracy: 78.65%, AUC: 0.78 - [VAL] Loss: 0.5007, Accuracy: 78.45%, AUC: 0.78
Epoch [27/100] - [TRAIN] Loss: 0.4999, Accuracy: 78.59%, AUC: 0.78 - [VAL] Loss: 0.5009, Accuracy: 78.38%, AUC: 0.78
New best model saved with validation metric: 25.0909
Epoch [28/100] - [TRAIN] Loss: 0.4986, Accuracy: 78.59%, AUC: 0.78 - [VAL] Loss: 0.4996, Accuracy: 78.57%, AUC: 0.78
Epoch [29/100] - [TRAIN] Loss: 0.4976, Accuracy: 78.71%, AUC: 0.78 - [VAL] Loss: 0.4992, Accuracy: 78.54%, AUC: 0.78
Epoch [30/100] - [TRAIN] Loss: 0.4983, Accuracy: 78.73%, AUC: 0.78 - [VAL] Loss: 0.4990, Accuracy: 78.46%, AUC: 0.78
Epoch [31/100] - [TRAIN] Loss: 0.4965, Accuracy: 78.79%, AUC: 0.78 - [VAL] Loss: 0.4985, Accuracy: 78.46%, AUC: 0.78
Epoch [32/100] - [TRAIN] Loss: 0.4958, Accuracy: 78.88%, AUC: 0.78 - [VAL] Loss: 0.4987, Accuracy: 78.39%, AUC: 0.78
New best model saved with validation metric: 25.1126
Epoch [33/100] - [TRAIN] Loss: 0.4971, Accuracy: 78.90%, AUC: 0.78 - [VAL] Loss: 0.4976, Accuracy: 78.64%, AUC: 0.78
New best model saved with validation metric: 25.1169
Epoch [34/100] - [TRAIN] Loss: 0.4949, Accuracy: 78.89%, AUC: 0.78 - [VAL] Loss: 0.4972, Accuracy: 78.65%, AUC: 0.78
Epoch [35/100] - [TRAIN] Loss: 0.4949, Accuracy: 78.74%, AUC: 0.78 - [VAL] Loss: 0.4967, Accuracy: 78.62%, AUC: 0.78
Epoch [36/100] - [TRAIN] Loss: 0.4929, Accuracy: 78.82%, AUC: 0.78 - [VAL] Loss: 0.4966, Accuracy: 78.60%, AUC: 0.78
Epoch [37/100] - [TRAIN] Loss: 0.4924, Accuracy: 79.05%, AUC: 0.78 - [VAL] Loss: 0.4970, Accuracy: 78.47%, AUC: 0.78
Epoch [38/100] - [TRAIN] Loss: 0.4926, Accuracy: 78.73%, AUC: 0.78 - [VAL] Loss: 0.4958, Accuracy: 78.60%, AUC: 0.78
Epoch [39/100] - [TRAIN] Loss: 0.4911, Accuracy: 78.90%, AUC: 0.78 - [VAL] Loss: 0.4955, Accuracy: 78.64%, AUC: 0.78
New best model saved with validation metric: 25.1212
Epoch [40/100] - [TRAIN] Loss: 0.4920, Accuracy: 78.79%, AUC: 0.78 - [VAL] Loss: 0.4952, Accuracy: 78.66%, AUC: 0.78
Epoch [41/100] - [TRAIN] Loss: 0.4907, Accuracy: 79.01%, AUC: 0.78 - [VAL] Loss: 0.4953, Accuracy: 78.57%, AUC: 0.78
Epoch [42/100] - [TRAIN] Loss: 0.4920, Accuracy: 78.90%, AUC: 0.78 - [VAL] Loss: 0.4954, Accuracy: 78.60%, AUC: 0.78
Epoch [43/100] - [TRAIN] Loss: 0.4913, Accuracy: 79.04%, AUC: 0.78 - [VAL] Loss: 0.4946, Accuracy: 78.62%, AUC: 0.78
New best model saved with validation metric: 25.1385
Epoch [44/100] - [TRAIN] Loss: 0.4909, Accuracy: 78.94%, AUC: 0.78 - [VAL] Loss: 0.4945, Accuracy: 78.72%, AUC: 0.78
Epoch [45/100] - [TRAIN] Loss: 0.4899, Accuracy: 78.96%, AUC: 0.78 - [VAL] Loss: 0.4943, Accuracy: 78.65%, AUC: 0.78
Epoch [46/100] - [TRAIN] Loss: 0.4899, Accuracy: 79.02%, AUC: 0.78 - [VAL] Loss: 0.4945, Accuracy: 78.57%, AUC: 0.78
Epoch [47/100] - [TRAIN] Loss: 0.4886, Accuracy: 78.96%, AUC: 0.78 - [VAL] Loss: 0.4938, Accuracy: 78.69%, AUC: 0.78
Epoch [48/100] - [TRAIN] Loss: 0.4873, Accuracy: 78.79%, AUC: 0.78 - [VAL] Loss: 0.4942, Accuracy: 78.64%, AUC: 0.78
Epoch [49/100] - [TRAIN] Loss: 0.4877, Accuracy: 78.98%, AUC: 0.78 - [VAL] Loss: 0.4936, Accuracy: 78.70%, AUC: 0.78
Epoch [50/100] - [TRAIN] Loss: 0.4874, Accuracy: 79.06%, AUC: 0.78 - [VAL] Loss: 0.4939, Accuracy: 78.68%, AUC: 0.78
New best model saved with validation metric: 25.1472
Epoch [51/100] - [TRAIN] Loss: 0.4862, Accuracy: 79.04%, AUC: 0.78 - [VAL] Loss: 0.4930, Accuracy: 78.74%, AUC: 0.78
New best model saved with validation metric: 25.1818
Epoch [52/100] - [TRAIN] Loss: 0.4868, Accuracy: 79.08%, AUC: 0.78 - [VAL] Loss: 0.4925, Accuracy: 78.85%, AUC: 0.78
New best model saved with validation metric: 25.1905
Epoch [53/100] - [TRAIN] Loss: 0.4867, Accuracy: 78.97%, AUC: 0.78 - [VAL] Loss: 0.4924, Accuracy: 78.88%, AUC: 0.78
Epoch [54/100] - [TRAIN] Loss: 0.4844, Accuracy: 79.17%, AUC: 0.78 - [VAL] Loss: 0.4931, Accuracy: 78.68%, AUC: 0.78
Epoch [55/100] - [TRAIN] Loss: 0.4851, Accuracy: 79.12%, AUC: 0.78 - [VAL] Loss: 0.4929, Accuracy: 78.64%, AUC: 0.78
New best model saved with validation metric: 25.1948
Epoch [56/100] - [TRAIN] Loss: 0.4851, Accuracy: 79.25%, AUC: 0.78 - [VAL] Loss: 0.4922, Accuracy: 78.89%, AUC: 0.78
Epoch [57/100] - [TRAIN] Loss: 0.4839, Accuracy: 79.13%, AUC: 0.78 - [VAL] Loss: 0.4926, Accuracy: 78.66%, AUC: 0.78
Epoch [58/100] - [TRAIN] Loss: 0.4836, Accuracy: 79.15%, AUC: 0.78 - [VAL] Loss: 0.4919, Accuracy: 78.87%, AUC: 0.78
Epoch [59/100] - [TRAIN] Loss: 0.4831, Accuracy: 79.12%, AUC: 0.78 - [VAL] Loss: 0.4919, Accuracy: 78.87%, AUC: 0.78
Epoch [60/100] - [TRAIN] Loss: 0.4833, Accuracy: 79.19%, AUC: 0.78 - [VAL] Loss: 0.4924, Accuracy: 78.68%, AUC: 0.78
Epoch [61/100] - [TRAIN] Loss: 0.4820, Accuracy: 79.19%, AUC: 0.78 - [VAL] Loss: 0.4927, Accuracy: 78.68%, AUC: 0.78
Epoch [62/100] - [TRAIN] Loss: 0.4824, Accuracy: 79.23%, AUC: 0.78 - [VAL] Loss: 0.4916, Accuracy: 78.89%, AUC: 0.78
Epoch [63/100] - [TRAIN] Loss: 0.4813, Accuracy: 79.34%, AUC: 0.79 - [VAL] Loss: 0.4920, Accuracy: 78.76%, AUC: 0.78
Epoch [64/100] - [TRAIN] Loss: 0.4804, Accuracy: 79.19%, AUC: 0.78 - [VAL] Loss: 0.4917, Accuracy: 78.89%, AUC: 0.78
Epoch [65/100] - [TRAIN] Loss: 0.4816, Accuracy: 79.32%, AUC: 0.79 - [VAL] Loss: 0.4913, Accuracy: 78.89%, AUC: 0.78
Epoch [66/100] - [TRAIN] Loss: 0.4809, Accuracy: 79.32%, AUC: 0.79 - [VAL] Loss: 0.4942, Accuracy: 78.58%, AUC: 0.78
Epoch [67/100] - [TRAIN] Loss: 0.4799, Accuracy: 79.25%, AUC: 0.79 - [VAL] Loss: 0.4919, Accuracy: 78.79%, AUC: 0.78
Epoch [68/100] - [TRAIN] Loss: 0.4785, Accuracy: 79.27%, AUC: 0.79 - [VAL] Loss: 0.4927, Accuracy: 78.68%, AUC: 0.78
Epoch [69/100] - [TRAIN] Loss: 0.4798, Accuracy: 79.36%, AUC: 0.79 - [VAL] Loss: 0.4919, Accuracy: 78.77%, AUC: 0.78
Epoch [70/100] - [TRAIN] Loss: 0.4796, Accuracy: 79.27%, AUC: 0.79 - [VAL] Loss: 0.4917, Accuracy: 78.88%, AUC: 0.78
New best model saved with validation metric: 25.2035
Epoch [71/100] - [TRAIN] Loss: 0.4781, Accuracy: 79.28%, AUC: 0.78 - [VAL] Loss: 0.4913, Accuracy: 78.92%, AUC: 0.78
New best model saved with validation metric: 25.2381
Epoch [72/100] - [TRAIN] Loss: 0.4801, Accuracy: 79.44%, AUC: 0.79 - [VAL] Loss: 0.4913, Accuracy: 79.03%, AUC: 0.78
Epoch [73/100] - [TRAIN] Loss: 0.4776, Accuracy: 79.40%, AUC: 0.79 - [VAL] Loss: 0.4913, Accuracy: 78.98%, AUC: 0.78
Epoch [74/100] - [TRAIN] Loss: 0.4781, Accuracy: 79.44%, AUC: 0.79 - [VAL] Loss: 0.4915, Accuracy: 78.95%, AUC: 0.78
Epoch [75/100] - [TRAIN] Loss: 0.4778, Accuracy: 79.38%, AUC: 0.79 - [VAL] Loss: 0.4919, Accuracy: 78.88%, AUC: 0.78
Epoch [76/100] - [TRAIN] Loss: 0.4779, Accuracy: 79.52%, AUC: 0.79 - [VAL] Loss: 0.4912, Accuracy: 79.00%, AUC: 0.78
Epoch [77/100] - [TRAIN] Loss: 0.4768, Accuracy: 79.70%, AUC: 0.79 - [VAL] Loss: 0.4918, Accuracy: 78.93%, AUC: 0.78
Epoch [78/100] - [TRAIN] Loss: 0.4779, Accuracy: 79.36%, AUC: 0.79 - [VAL] Loss: 0.4916, Accuracy: 79.00%, AUC: 0.78
Epoch [79/100] - [TRAIN] Loss: 0.4776, Accuracy: 79.46%, AUC: 0.79 - [VAL] Loss: 0.4916, Accuracy: 78.92%, AUC: 0.78
Epoch [80/100] - [TRAIN] Loss: 0.4770, Accuracy: 79.63%, AUC: 0.79 - [VAL] Loss: 0.4916, Accuracy: 78.89%, AUC: 0.78
Epoch [81/100] - [TRAIN] Loss: 0.4754, Accuracy: 79.48%, AUC: 0.79 - [VAL] Loss: 0.4918, Accuracy: 78.85%, AUC: 0.78
Epoch [82/100] - [TRAIN] Loss: 0.4754, Accuracy: 79.54%, AUC: 0.79 - [VAL] Loss: 0.4916, Accuracy: 78.91%, AUC: 0.78
Epoch [83/100] - [TRAIN] Loss: 0.4753, Accuracy: 79.50%, AUC: 0.79 - [VAL] Loss: 0.4917, Accuracy: 78.92%, AUC: 0.78
Epoch [84/100] - [TRAIN] Loss: 0.4750, Accuracy: 79.55%, AUC: 0.79 - [VAL] Loss: 0.4922, Accuracy: 78.89%, AUC: 0.78
Epoch [85/100] - [TRAIN] Loss: 0.4736, Accuracy: 79.69%, AUC: 0.79 - [VAL] Loss: 0.4919, Accuracy: 78.91%, AUC: 0.78
Epoch [86/100] - [TRAIN] Loss: 0.4743, Accuracy: 79.52%, AUC: 0.79 - [VAL] Loss: 0.4915, Accuracy: 79.00%, AUC: 0.78
Epoch [87/100] - [TRAIN] Loss: 0.4743, Accuracy: 79.81%, AUC: 0.79 - [VAL] Loss: 0.4923, Accuracy: 78.87%, AUC: 0.78
Epoch [88/100] - [TRAIN] Loss: 0.4745, Accuracy: 79.70%, AUC: 0.79 - [VAL] Loss: 0.4922, Accuracy: 78.96%, AUC: 0.78
New best model saved with validation metric: 25.2468
Epoch [89/100] - [TRAIN] Loss: 0.4757, Accuracy: 79.79%, AUC: 0.79 - [VAL] Loss: 0.4916, Accuracy: 79.06%, AUC: 0.78
Epoch [90/100] - [TRAIN] Loss: 0.4738, Accuracy: 79.66%, AUC: 0.79 - [VAL] Loss: 0.4922, Accuracy: 78.88%, AUC: 0.78
Epoch [91/100] - [TRAIN] Loss: 0.4741, Accuracy: 79.59%, AUC: 0.79 - [VAL] Loss: 0.4927, Accuracy: 78.77%, AUC: 0.78
Epoch [92/100] - [TRAIN] Loss: 0.4726, Accuracy: 79.71%, AUC: 0.79 - [VAL] Loss: 0.4928, Accuracy: 79.00%, AUC: 0.78
Epoch [93/100] - [TRAIN] Loss: 0.4732, Accuracy: 79.84%, AUC: 0.79 - [VAL] Loss: 0.4925, Accuracy: 78.83%, AUC: 0.78
New best model saved with validation metric: 25.2684
Epoch [94/100] - [TRAIN] Loss: 0.4719, Accuracy: 79.78%, AUC: 0.79 - [VAL] Loss: 0.4920, Accuracy: 79.12%, AUC: 0.78
Epoch [95/100] - [TRAIN] Loss: 0.4731, Accuracy: 79.92%, AUC: 0.79 - [VAL] Loss: 0.4918, Accuracy: 79.11%, AUC: 0.78
New best model saved with validation metric: 25.2727
Epoch [96/100] - [TRAIN] Loss: 0.4716, Accuracy: 79.86%, AUC: 0.79 - [VAL] Loss: 0.4923, Accuracy: 79.14%, AUC: 0.79
Epoch [97/100] - [TRAIN] Loss: 0.4719, Accuracy: 79.70%, AUC: 0.79 - [VAL] Loss: 0.4931, Accuracy: 78.91%, AUC: 0.78
Epoch [98/100] - [TRAIN] Loss: 0.4694, Accuracy: 79.66%, AUC: 0.79 - [VAL] Loss: 0.4922, Accuracy: 79.04%, AUC: 0.78
Epoch [99/100] - [TRAIN] Loss: 0.4702, Accuracy: 79.88%, AUC: 0.79 - [VAL] Loss: 0.4923, Accuracy: 79.11%, AUC: 0.78
Epoch [100/100] - [TRAIN] Loss: 0.4709, Accuracy: 79.86%, AUC: 0.79 - [VAL] Loss: 0.4953, Accuracy: 78.68%, AUC: 0.78
Training finished!
Accuracy Score on test set: 79.41 %
AUC Score on test set: 0.79
Item: H3K9me3-H3K27me3-H3K27ac-H3K4me3-H3K9ac
Train set shape: (7399, 5, 4000) (7399,)
Validation set shape: (7377, 5, 4000) (7377,)
Test set shape: (7378, 5, 4000) (7378,)
New best model saved with validation metric: 19.4242
Epoch [1/100] - [TRAIN] Loss: 0.6883, Accuracy: 54.72%, AUC: 0.52 - [VAL] Loss: 0.6746, Accuracy: 60.82%, AUC: 0.50
Epoch [2/100] - [TRAIN] Loss: 0.6644, Accuracy: 60.82%, AUC: 0.50 - [VAL] Loss: 0.6507, Accuracy: 60.82%, AUC: 0.50
Epoch [3/100] - [TRAIN] Loss: 0.6382, Accuracy: 60.82%, AUC: 0.50 - [VAL] Loss: 0.6214, Accuracy: 60.82%, AUC: 0.50
Epoch [4/100] - [TRAIN] Loss: 0.6081, Accuracy: 60.82%, AUC: 0.50 - [VAL] Loss: 0.5900, Accuracy: 60.82%, AUC: 0.50
New best model saved with validation metric: 25.0087
Epoch [5/100] - [TRAIN] Loss: 0.5777, Accuracy: 65.24%, AUC: 0.57 - [VAL] Loss: 0.5595, Accuracy: 78.31%, AUC: 0.77
New best model saved with validation metric: 25.0649
Epoch [6/100] - [TRAIN] Loss: 0.5509, Accuracy: 78.35%, AUC: 0.77 - [VAL] Loss: 0.5367, Accuracy: 78.49%, AUC: 0.78
Epoch [7/100] - [TRAIN] Loss: 0.5340, Accuracy: 78.54%, AUC: 0.78 - [VAL] Loss: 0.5234, Accuracy: 78.15%, AUC: 0.78
Epoch [8/100] - [TRAIN] Loss: 0.5233, Accuracy: 78.29%, AUC: 0.78 - [VAL] Loss: 0.5165, Accuracy: 77.85%, AUC: 0.78
Epoch [9/100] - [TRAIN] Loss: 0.5171, Accuracy: 78.09%, AUC: 0.78 - [VAL] Loss: 0.5129, Accuracy: 77.92%, AUC: 0.78
Epoch [10/100] - [TRAIN] Loss: 0.5150, Accuracy: 77.98%, AUC: 0.78 - [VAL] Loss: 0.5109, Accuracy: 77.77%, AUC: 0.78
Epoch [11/100] - [TRAIN] Loss: 0.5110, Accuracy: 78.00%, AUC: 0.78 - [VAL] Loss: 0.5095, Accuracy: 77.55%, AUC: 0.78
Epoch [12/100] - [TRAIN] Loss: 0.5100, Accuracy: 78.06%, AUC: 0.78 - [VAL] Loss: 0.5079, Accuracy: 77.77%, AUC: 0.78
Epoch [13/100] - [TRAIN] Loss: 0.5090, Accuracy: 78.04%, AUC: 0.78 - [VAL] Loss: 0.5064, Accuracy: 77.90%, AUC: 0.78
Epoch [14/100] - [TRAIN] Loss: 0.5078, Accuracy: 78.09%, AUC: 0.78 - [VAL] Loss: 0.5056, Accuracy: 77.93%, AUC: 0.78
Epoch [15/100] - [TRAIN] Loss: 0.5061, Accuracy: 78.23%, AUC: 0.78 - [VAL] Loss: 0.5046, Accuracy: 78.04%, AUC: 0.78
Epoch [16/100] - [TRAIN] Loss: 0.5066, Accuracy: 78.13%, AUC: 0.78 - [VAL] Loss: 0.5039, Accuracy: 78.04%, AUC: 0.78
Epoch [17/100] - [TRAIN] Loss: 0.5031, Accuracy: 78.33%, AUC: 0.78 - [VAL] Loss: 0.5039, Accuracy: 77.94%, AUC: 0.78
Epoch [18/100] - [TRAIN] Loss: 0.5056, Accuracy: 78.38%, AUC: 0.78 - [VAL] Loss: 0.5025, Accuracy: 78.19%, AUC: 0.78
Epoch [19/100] - [TRAIN] Loss: 0.5031, Accuracy: 78.32%, AUC: 0.78 - [VAL] Loss: 0.5019, Accuracy: 78.23%, AUC: 0.78
Epoch [20/100] - [TRAIN] Loss: 0.5015, Accuracy: 78.35%, AUC: 0.78 - [VAL] Loss: 0.5013, Accuracy: 78.32%, AUC: 0.78
Epoch [21/100] - [TRAIN] Loss: 0.5012, Accuracy: 78.54%, AUC: 0.78 - [VAL] Loss: 0.5009, Accuracy: 78.37%, AUC: 0.78
Epoch [22/100] - [TRAIN] Loss: 0.5006, Accuracy: 78.47%, AUC: 0.78 - [VAL] Loss: 0.5006, Accuracy: 78.32%, AUC: 0.78
Epoch [23/100] - [TRAIN] Loss: 0.5010, Accuracy: 78.50%, AUC: 0.78 - [VAL] Loss: 0.5003, Accuracy: 78.35%, AUC: 0.78
Epoch [24/100] - [TRAIN] Loss: 0.4997, Accuracy: 78.44%, AUC: 0.78 - [VAL] Loss: 0.5005, Accuracy: 78.24%, AUC: 0.78
New best model saved with validation metric: 25.0693
Epoch [25/100] - [TRAIN] Loss: 0.4997, Accuracy: 78.51%, AUC: 0.78 - [VAL] Loss: 0.4993, Accuracy: 78.50%, AUC: 0.78
New best model saved with validation metric: 25.0779
Epoch [26/100] - [TRAIN] Loss: 0.5002, Accuracy: 78.56%, AUC: 0.78 - [VAL] Loss: 0.4989, Accuracy: 78.53%, AUC: 0.78
New best model saved with validation metric: 25.0996
Epoch [27/100] - [TRAIN] Loss: 0.4992, Accuracy: 78.65%, AUC: 0.78 - [VAL] Loss: 0.4984, Accuracy: 78.60%, AUC: 0.78
New best model saved with validation metric: 25.1212
Epoch [28/100] - [TRAIN] Loss: 0.4973, Accuracy: 78.61%, AUC: 0.78 - [VAL] Loss: 0.4981, Accuracy: 78.66%, AUC: 0.78
Epoch [29/100] - [TRAIN] Loss: 0.4974, Accuracy: 78.58%, AUC: 0.78 - [VAL] Loss: 0.4992, Accuracy: 78.42%, AUC: 0.78
Epoch [30/100] - [TRAIN] Loss: 0.4981, Accuracy: 78.61%, AUC: 0.78 - [VAL] Loss: 0.4976, Accuracy: 78.57%, AUC: 0.78
Epoch [31/100] - [TRAIN] Loss: 0.4969, Accuracy: 78.74%, AUC: 0.78 - [VAL] Loss: 0.4973, Accuracy: 78.65%, AUC: 0.78
Epoch [32/100] - [TRAIN] Loss: 0.4958, Accuracy: 78.74%, AUC: 0.78 - [VAL] Loss: 0.4975, Accuracy: 78.54%, AUC: 0.78
Epoch [33/100] - [TRAIN] Loss: 0.4959, Accuracy: 78.75%, AUC: 0.78 - [VAL] Loss: 0.4966, Accuracy: 78.65%, AUC: 0.78
Epoch [34/100] - [TRAIN] Loss: 0.4942, Accuracy: 78.73%, AUC: 0.78 - [VAL] Loss: 0.4962, Accuracy: 78.65%, AUC: 0.78
New best model saved with validation metric: 25.1472
Epoch [35/100] - [TRAIN] Loss: 0.4940, Accuracy: 78.92%, AUC: 0.78 - [VAL] Loss: 0.4959, Accuracy: 78.74%, AUC: 0.78
New best model saved with validation metric: 25.1602
Epoch [36/100] - [TRAIN] Loss: 0.4951, Accuracy: 78.67%, AUC: 0.78 - [VAL] Loss: 0.4957, Accuracy: 78.79%, AUC: 0.78
Epoch [37/100] - [TRAIN] Loss: 0.4951, Accuracy: 78.85%, AUC: 0.78 - [VAL] Loss: 0.4954, Accuracy: 78.79%, AUC: 0.78
Epoch [38/100] - [TRAIN] Loss: 0.4931, Accuracy: 79.05%, AUC: 0.78 - [VAL] Loss: 0.4959, Accuracy: 78.65%, AUC: 0.78
Epoch [39/100] - [TRAIN] Loss: 0.4936, Accuracy: 79.00%, AUC: 0.78 - [VAL] Loss: 0.4955, Accuracy: 78.64%, AUC: 0.78
Epoch [40/100] - [TRAIN] Loss: 0.4929, Accuracy: 78.86%, AUC: 0.78 - [VAL] Loss: 0.4952, Accuracy: 78.68%, AUC: 0.78
New best model saved with validation metric: 25.1688
Epoch [41/100] - [TRAIN] Loss: 0.4924, Accuracy: 78.79%, AUC: 0.78 - [VAL] Loss: 0.4945, Accuracy: 78.81%, AUC: 0.78
New best model saved with validation metric: 25.1732
Epoch [42/100] - [TRAIN] Loss: 0.4927, Accuracy: 78.96%, AUC: 0.78 - [VAL] Loss: 0.4943, Accuracy: 78.83%, AUC: 0.78
Epoch [43/100] - [TRAIN] Loss: 0.4904, Accuracy: 78.96%, AUC: 0.78 - [VAL] Loss: 0.4942, Accuracy: 78.77%, AUC: 0.78
Epoch [44/100] - [TRAIN] Loss: 0.4911, Accuracy: 79.02%, AUC: 0.78 - [VAL] Loss: 0.4943, Accuracy: 78.77%, AUC: 0.78
Epoch [45/100] - [TRAIN] Loss: 0.4906, Accuracy: 79.06%, AUC: 0.78 - [VAL] Loss: 0.4938, Accuracy: 78.76%, AUC: 0.78
Epoch [46/100] - [TRAIN] Loss: 0.4909, Accuracy: 78.94%, AUC: 0.78 - [VAL] Loss: 0.4937, Accuracy: 78.77%, AUC: 0.78
Epoch [47/100] - [TRAIN] Loss: 0.4918, Accuracy: 79.08%, AUC: 0.78 - [VAL] Loss: 0.4942, Accuracy: 78.68%, AUC: 0.78
Epoch [48/100] - [TRAIN] Loss: 0.4896, Accuracy: 78.97%, AUC: 0.78 - [VAL] Loss: 0.4939, Accuracy: 78.72%, AUC: 0.78
Epoch [49/100] - [TRAIN] Loss: 0.4900, Accuracy: 79.05%, AUC: 0.78 - [VAL] Loss: 0.4933, Accuracy: 78.80%, AUC: 0.78
Epoch [50/100] - [TRAIN] Loss: 0.4898, Accuracy: 79.16%, AUC: 0.78 - [VAL] Loss: 0.4931, Accuracy: 78.79%, AUC: 0.78
New best model saved with validation metric: 25.1775
Epoch [51/100] - [TRAIN] Loss: 0.4881, Accuracy: 79.04%, AUC: 0.78 - [VAL] Loss: 0.4929, Accuracy: 78.84%, AUC: 0.78
New best model saved with validation metric: 25.1861
Epoch [52/100] - [TRAIN] Loss: 0.4887, Accuracy: 79.13%, AUC: 0.78 - [VAL] Loss: 0.4926, Accuracy: 78.87%, AUC: 0.78
Epoch [53/100] - [TRAIN] Loss: 0.4885, Accuracy: 79.11%, AUC: 0.78 - [VAL] Loss: 0.4925, Accuracy: 78.87%, AUC: 0.78
Epoch [54/100] - [TRAIN] Loss: 0.4892, Accuracy: 79.01%, AUC: 0.78 - [VAL] Loss: 0.4925, Accuracy: 78.87%, AUC: 0.78
Epoch [55/100] - [TRAIN] Loss: 0.4879, Accuracy: 79.09%, AUC: 0.78 - [VAL] Loss: 0.4923, Accuracy: 78.83%, AUC: 0.78
Epoch [56/100] - [TRAIN] Loss: 0.4879, Accuracy: 79.16%, AUC: 0.78 - [VAL] Loss: 0.4923, Accuracy: 78.83%, AUC: 0.78
New best model saved with validation metric: 25.1948
Epoch [57/100] - [TRAIN] Loss: 0.4888, Accuracy: 79.20%, AUC: 0.78 - [VAL] Loss: 0.4921, Accuracy: 78.89%, AUC: 0.78
Epoch [58/100] - [TRAIN] Loss: 0.4853, Accuracy: 79.17%, AUC: 0.78 - [VAL] Loss: 0.4927, Accuracy: 78.72%, AUC: 0.78
Epoch [59/100] - [TRAIN] Loss: 0.4865, Accuracy: 79.06%, AUC: 0.78 - [VAL] Loss: 0.4920, Accuracy: 78.87%, AUC: 0.78
Epoch [60/100] - [TRAIN] Loss: 0.4854, Accuracy: 79.20%, AUC: 0.78 - [VAL] Loss: 0.4917, Accuracy: 78.85%, AUC: 0.78
Epoch [61/100] - [TRAIN] Loss: 0.4859, Accuracy: 79.05%, AUC: 0.78 - [VAL] Loss: 0.4920, Accuracy: 78.79%, AUC: 0.78
New best model saved with validation metric: 25.2208
Epoch [62/100] - [TRAIN] Loss: 0.4855, Accuracy: 79.19%, AUC: 0.78 - [VAL] Loss: 0.4916, Accuracy: 78.98%, AUC: 0.78
New best model saved with validation metric: 25.2251
Epoch [63/100] - [TRAIN] Loss: 0.4860, Accuracy: 79.11%, AUC: 0.78 - [VAL] Loss: 0.4916, Accuracy: 78.99%, AUC: 0.78
Epoch [64/100] - [TRAIN] Loss: 0.4855, Accuracy: 79.21%, AUC: 0.78 - [VAL] Loss: 0.4915, Accuracy: 78.95%, AUC: 0.78
Epoch [65/100] - [TRAIN] Loss: 0.4838, Accuracy: 79.17%, AUC: 0.78 - [VAL] Loss: 0.4923, Accuracy: 78.68%, AUC: 0.78
Epoch [66/100] - [TRAIN] Loss: 0.4840, Accuracy: 79.19%, AUC: 0.78 - [VAL] Loss: 0.4920, Accuracy: 78.73%, AUC: 0.78
Epoch [67/100] - [TRAIN] Loss: 0.4833, Accuracy: 79.32%, AUC: 0.79 - [VAL] Loss: 0.4914, Accuracy: 78.91%, AUC: 0.78
New best model saved with validation metric: 25.2294
Epoch [68/100] - [TRAIN] Loss: 0.4849, Accuracy: 79.16%, AUC: 0.78 - [VAL] Loss: 0.4914, Accuracy: 79.00%, AUC: 0.78
Epoch [69/100] - [TRAIN] Loss: 0.4829, Accuracy: 79.42%, AUC: 0.79 - [VAL] Loss: 0.4924, Accuracy: 78.70%, AUC: 0.78
Epoch [70/100] - [TRAIN] Loss: 0.4823, Accuracy: 79.31%, AUC: 0.79 - [VAL] Loss: 0.4916, Accuracy: 78.85%, AUC: 0.78
Epoch [71/100] - [TRAIN] Loss: 0.4833, Accuracy: 79.43%, AUC: 0.79 - [VAL] Loss: 0.4916, Accuracy: 78.84%, AUC: 0.78
New best model saved with validation metric: 25.2338
Epoch [72/100] - [TRAIN] Loss: 0.4832, Accuracy: 79.34%, AUC: 0.79 - [VAL] Loss: 0.4910, Accuracy: 79.02%, AUC: 0.78
New best model saved with validation metric: 25.2381
Epoch [73/100] - [TRAIN] Loss: 0.4832, Accuracy: 79.32%, AUC: 0.79 - [VAL] Loss: 0.4910, Accuracy: 79.03%, AUC: 0.78
Epoch [74/100] - [TRAIN] Loss: 0.4822, Accuracy: 79.32%, AUC: 0.78 - [VAL] Loss: 0.4918, Accuracy: 78.77%, AUC: 0.78
Epoch [75/100] - [TRAIN] Loss: 0.4816, Accuracy: 79.42%, AUC: 0.79 - [VAL] Loss: 0.4912, Accuracy: 78.88%, AUC: 0.78
Epoch [76/100] - [TRAIN] Loss: 0.4812, Accuracy: 79.46%, AUC: 0.79 - [VAL] Loss: 0.4923, Accuracy: 78.76%, AUC: 0.78
Epoch [77/100] - [TRAIN] Loss: 0.4807, Accuracy: 79.51%, AUC: 0.79 - [VAL] Loss: 0.4915, Accuracy: 78.88%, AUC: 0.78
New best model saved with validation metric: 25.2771
Epoch [78/100] - [TRAIN] Loss: 0.4813, Accuracy: 79.42%, AUC: 0.79 - [VAL] Loss: 0.4911, Accuracy: 79.15%, AUC: 0.78
Epoch [79/100] - [TRAIN] Loss: 0.4805, Accuracy: 79.42%, AUC: 0.79 - [VAL] Loss: 0.4916, Accuracy: 78.84%, AUC: 0.78
Epoch [80/100] - [TRAIN] Loss: 0.4809, Accuracy: 79.48%, AUC: 0.79 - [VAL] Loss: 0.4915, Accuracy: 78.84%, AUC: 0.78
Epoch [81/100] - [TRAIN] Loss: 0.4805, Accuracy: 79.47%, AUC: 0.79 - [VAL] Loss: 0.4916, Accuracy: 78.84%, AUC: 0.78
Epoch [82/100] - [TRAIN] Loss: 0.4790, Accuracy: 79.44%, AUC: 0.79 - [VAL] Loss: 0.4912, Accuracy: 78.85%, AUC: 0.78
Epoch [83/100] - [TRAIN] Loss: 0.4791, Accuracy: 79.52%, AUC: 0.79 - [VAL] Loss: 0.4912, Accuracy: 78.87%, AUC: 0.78
New best model saved with validation metric: 25.2944
Epoch [84/100] - [TRAIN] Loss: 0.4813, Accuracy: 79.52%, AUC: 0.79 - [VAL] Loss: 0.4913, Accuracy: 79.21%, AUC: 0.78
Epoch [85/100] - [TRAIN] Loss: 0.4791, Accuracy: 79.52%, AUC: 0.79 - [VAL] Loss: 0.4916, Accuracy: 78.83%, AUC: 0.78
Epoch [86/100] - [TRAIN] Loss: 0.4782, Accuracy: 79.51%, AUC: 0.79 - [VAL] Loss: 0.4912, Accuracy: 78.89%, AUC: 0.78
Epoch [87/100] - [TRAIN] Loss: 0.4797, Accuracy: 79.47%, AUC: 0.79 - [VAL] Loss: 0.4914, Accuracy: 78.83%, AUC: 0.78
Epoch [88/100] - [TRAIN] Loss: 0.4786, Accuracy: 79.65%, AUC: 0.79 - [VAL] Loss: 0.4931, Accuracy: 78.64%, AUC: 0.78
Epoch [89/100] - [TRAIN] Loss: 0.4784, Accuracy: 79.58%, AUC: 0.79 - [VAL] Loss: 0.4929, Accuracy: 78.65%, AUC: 0.78
Epoch [90/100] - [TRAIN] Loss: 0.4777, Accuracy: 79.54%, AUC: 0.79 - [VAL] Loss: 0.4925, Accuracy: 79.16%, AUC: 0.78
Epoch [91/100] - [TRAIN] Loss: 0.4776, Accuracy: 79.54%, AUC: 0.79 - [VAL] Loss: 0.4918, Accuracy: 78.76%, AUC: 0.78
Epoch [92/100] - [TRAIN] Loss: 0.4779, Accuracy: 79.47%, AUC: 0.79 - [VAL] Loss: 0.4913, Accuracy: 78.92%, AUC: 0.78
Epoch [93/100] - [TRAIN] Loss: 0.4778, Accuracy: 79.65%, AUC: 0.79 - [VAL] Loss: 0.4921, Accuracy: 78.70%, AUC: 0.78
New best model saved with validation metric: 25.3160
Epoch [94/100] - [TRAIN] Loss: 0.4776, Accuracy: 79.59%, AUC: 0.79 - [VAL] Loss: 0.4914, Accuracy: 79.27%, AUC: 0.79
Epoch [95/100] - [TRAIN] Loss: 0.4768, Accuracy: 79.55%, AUC: 0.79 - [VAL] Loss: 0.4918, Accuracy: 78.89%, AUC: 0.78
Epoch [96/100] - [TRAIN] Loss: 0.4764, Accuracy: 79.77%, AUC: 0.79 - [VAL] Loss: 0.4914, Accuracy: 78.98%, AUC: 0.78
Epoch [97/100] - [TRAIN] Loss: 0.4763, Accuracy: 79.59%, AUC: 0.79 - [VAL] Loss: 0.4917, Accuracy: 79.00%, AUC: 0.78
Epoch [98/100] - [TRAIN] Loss: 0.4754, Accuracy: 79.59%, AUC: 0.79 - [VAL] Loss: 0.4919, Accuracy: 78.95%, AUC: 0.78
Epoch [99/100] - [TRAIN] Loss: 0.4762, Accuracy: 79.63%, AUC: 0.79 - [VAL] Loss: 0.4914, Accuracy: 79.14%, AUC: 0.79
New best model saved with validation metric: 25.3203
Epoch [100/100] - [TRAIN] Loss: 0.4764, Accuracy: 79.58%, AUC: 0.79 - [VAL] Loss: 0.4913, Accuracy: 79.29%, AUC: 0.79
Training finished!
Accuracy Score on test set: 79.33 %
AUC Score on test set: 0.79
Item: H3K9me3-H3K27me3-H3K27ac-H3K9ac-H3K4me3
Train set shape: (7399, 5, 4000) (7399,)
Validation set shape: (7377, 5, 4000) (7377,)
Test set shape: (7378, 5, 4000) (7378,)
New best model saved with validation metric: 19.4242
Epoch [1/100] - [TRAIN] Loss: 0.6524, Accuracy: 60.94%, AUC: 0.51 - [VAL] Loss: 0.6171, Accuracy: 60.82%, AUC: 0.50
New best model saved with validation metric: 19.4329
Epoch [2/100] - [TRAIN] Loss: 0.5958, Accuracy: 60.82%, AUC: 0.50 - [VAL] Loss: 0.5708, Accuracy: 60.85%, AUC: 0.50
New best model saved with validation metric: 25.0216
Epoch [3/100] - [TRAIN] Loss: 0.5593, Accuracy: 73.04%, AUC: 0.69 - [VAL] Loss: 0.5422, Accuracy: 78.35%, AUC: 0.77
Epoch [4/100] - [TRAIN] Loss: 0.5399, Accuracy: 78.43%, AUC: 0.77 - [VAL] Loss: 0.5288, Accuracy: 78.11%, AUC: 0.78
Epoch [5/100] - [TRAIN] Loss: 0.5283, Accuracy: 78.11%, AUC: 0.77 - [VAL] Loss: 0.5215, Accuracy: 78.13%, AUC: 0.78
Epoch [6/100] - [TRAIN] Loss: 0.5245, Accuracy: 78.29%, AUC: 0.78 - [VAL] Loss: 0.5181, Accuracy: 77.82%, AUC: 0.78
Epoch [7/100] - [TRAIN] Loss: 0.5206, Accuracy: 78.09%, AUC: 0.78 - [VAL] Loss: 0.5153, Accuracy: 77.78%, AUC: 0.78
Epoch [8/100] - [TRAIN] Loss: 0.5178, Accuracy: 77.97%, AUC: 0.78 - [VAL] Loss: 0.5132, Accuracy: 77.69%, AUC: 0.78
Epoch [9/100] - [TRAIN] Loss: 0.5143, Accuracy: 78.04%, AUC: 0.78 - [VAL] Loss: 0.5112, Accuracy: 77.73%, AUC: 0.78
Epoch [10/100] - [TRAIN] Loss: 0.5133, Accuracy: 78.00%, AUC: 0.78 - [VAL] Loss: 0.5095, Accuracy: 78.00%, AUC: 0.78
Epoch [11/100] - [TRAIN] Loss: 0.5130, Accuracy: 78.09%, AUC: 0.78 - [VAL] Loss: 0.5089, Accuracy: 77.59%, AUC: 0.78
Epoch [12/100] - [TRAIN] Loss: 0.5124, Accuracy: 78.11%, AUC: 0.78 - [VAL] Loss: 0.5075, Accuracy: 77.88%, AUC: 0.78
Epoch [13/100] - [TRAIN] Loss: 0.5087, Accuracy: 78.13%, AUC: 0.78 - [VAL] Loss: 0.5065, Accuracy: 77.96%, AUC: 0.78
Epoch [14/100] - [TRAIN] Loss: 0.5081, Accuracy: 78.20%, AUC: 0.78 - [VAL] Loss: 0.5057, Accuracy: 77.99%, AUC: 0.78
Epoch [15/100] - [TRAIN] Loss: 0.5076, Accuracy: 78.35%, AUC: 0.78 - [VAL] Loss: 0.5051, Accuracy: 78.05%, AUC: 0.78
New best model saved with validation metric: 25.0519
Epoch [16/100] - [TRAIN] Loss: 0.5048, Accuracy: 78.35%, AUC: 0.78 - [VAL] Loss: 0.5038, Accuracy: 78.45%, AUC: 0.78
New best model saved with validation metric: 25.0606
Epoch [17/100] - [TRAIN] Loss: 0.5044, Accuracy: 78.42%, AUC: 0.78 - [VAL] Loss: 0.5032, Accuracy: 78.47%, AUC: 0.78
Epoch [18/100] - [TRAIN] Loss: 0.5030, Accuracy: 78.55%, AUC: 0.78 - [VAL] Loss: 0.5033, Accuracy: 78.16%, AUC: 0.78
Epoch [19/100] - [TRAIN] Loss: 0.5021, Accuracy: 78.46%, AUC: 0.78 - [VAL] Loss: 0.5028, Accuracy: 78.18%, AUC: 0.78
New best model saved with validation metric: 25.0779
Epoch [20/100] - [TRAIN] Loss: 0.5025, Accuracy: 78.55%, AUC: 0.78 - [VAL] Loss: 0.5016, Accuracy: 78.53%, AUC: 0.78
Epoch [21/100] - [TRAIN] Loss: 0.5016, Accuracy: 78.58%, AUC: 0.78 - [VAL] Loss: 0.5011, Accuracy: 78.43%, AUC: 0.78
Epoch [22/100] - [TRAIN] Loss: 0.5002, Accuracy: 78.56%, AUC: 0.78 - [VAL] Loss: 0.5010, Accuracy: 78.43%, AUC: 0.78
Epoch [23/100] - [TRAIN] Loss: 0.5015, Accuracy: 78.63%, AUC: 0.78 - [VAL] Loss: 0.5006, Accuracy: 78.42%, AUC: 0.78
Epoch [24/100] - [TRAIN] Loss: 0.5009, Accuracy: 78.61%, AUC: 0.78 - [VAL] Loss: 0.5002, Accuracy: 78.39%, AUC: 0.78
New best model saved with validation metric: 25.0996
Epoch [25/100] - [TRAIN] Loss: 0.4979, Accuracy: 78.71%, AUC: 0.78 - [VAL] Loss: 0.4994, Accuracy: 78.60%, AUC: 0.78
Epoch [26/100] - [TRAIN] Loss: 0.4996, Accuracy: 78.74%, AUC: 0.78 - [VAL] Loss: 0.4994, Accuracy: 78.42%, AUC: 0.78
Epoch [27/100] - [TRAIN] Loss: 0.4972, Accuracy: 78.78%, AUC: 0.78 - [VAL] Loss: 0.4988, Accuracy: 78.50%, AUC: 0.78
Epoch [28/100] - [TRAIN] Loss: 0.4962, Accuracy: 78.69%, AUC: 0.78 - [VAL] Loss: 0.4990, Accuracy: 78.34%, AUC: 0.78
Epoch [29/100] - [TRAIN] Loss: 0.4974, Accuracy: 78.73%, AUC: 0.78 - [VAL] Loss: 0.4982, Accuracy: 78.53%, AUC: 0.78
Epoch [30/100] - [TRAIN] Loss: 0.4958, Accuracy: 78.78%, AUC: 0.78 - [VAL] Loss: 0.4980, Accuracy: 78.49%, AUC: 0.78
Epoch [31/100] - [TRAIN] Loss: 0.4961, Accuracy: 78.70%, AUC: 0.78 - [VAL] Loss: 0.4978, Accuracy: 78.41%, AUC: 0.78
Epoch [32/100] - [TRAIN] Loss: 0.4944, Accuracy: 78.69%, AUC: 0.78 - [VAL] Loss: 0.4974, Accuracy: 78.50%, AUC: 0.78
Epoch [33/100] - [TRAIN] Loss: 0.4945, Accuracy: 78.92%, AUC: 0.78 - [VAL] Loss: 0.4978, Accuracy: 78.35%, AUC: 0.78
New best model saved with validation metric: 25.1558
Epoch [34/100] - [TRAIN] Loss: 0.4943, Accuracy: 78.73%, AUC: 0.78 - [VAL] Loss: 0.4965, Accuracy: 78.77%, AUC: 0.78
Epoch [35/100] - [TRAIN] Loss: 0.4940, Accuracy: 78.83%, AUC: 0.78 - [VAL] Loss: 0.4969, Accuracy: 78.39%, AUC: 0.78
Epoch [36/100] - [TRAIN] Loss: 0.4930, Accuracy: 78.83%, AUC: 0.78 - [VAL] Loss: 0.4960, Accuracy: 78.74%, AUC: 0.78
Epoch [37/100] - [TRAIN] Loss: 0.4921, Accuracy: 78.73%, AUC: 0.78 - [VAL] Loss: 0.4957, Accuracy: 78.73%, AUC: 0.78
Epoch [38/100] - [TRAIN] Loss: 0.4921, Accuracy: 78.88%, AUC: 0.78 - [VAL] Loss: 0.4968, Accuracy: 78.43%, AUC: 0.78
Epoch [39/100] - [TRAIN] Loss: 0.4930, Accuracy: 78.83%, AUC: 0.78 - [VAL] Loss: 0.4952, Accuracy: 78.77%, AUC: 0.78
Epoch [40/100] - [TRAIN] Loss: 0.4907, Accuracy: 78.88%, AUC: 0.78 - [VAL] Loss: 0.4953, Accuracy: 78.62%, AUC: 0.78
Epoch [41/100] - [TRAIN] Loss: 0.4913, Accuracy: 78.97%, AUC: 0.78 - [VAL] Loss: 0.4956, Accuracy: 78.57%, AUC: 0.78
Epoch [42/100] - [TRAIN] Loss: 0.4920, Accuracy: 78.88%, AUC: 0.78 - [VAL] Loss: 0.4962, Accuracy: 78.50%, AUC: 0.78
Epoch [43/100] - [TRAIN] Loss: 0.4901, Accuracy: 78.86%, AUC: 0.78 - [VAL] Loss: 0.4945, Accuracy: 78.72%, AUC: 0.78
Epoch [44/100] - [TRAIN] Loss: 0.4889, Accuracy: 78.96%, AUC: 0.78 - [VAL] Loss: 0.4950, Accuracy: 78.60%, AUC: 0.78
Epoch [45/100] - [TRAIN] Loss: 0.4903, Accuracy: 79.00%, AUC: 0.78 - [VAL] Loss: 0.4939, Accuracy: 78.77%, AUC: 0.78
Epoch [46/100] - [TRAIN] Loss: 0.4890, Accuracy: 79.01%, AUC: 0.78 - [VAL] Loss: 0.4939, Accuracy: 78.76%, AUC: 0.78
Epoch [47/100] - [TRAIN] Loss: 0.4881, Accuracy: 79.01%, AUC: 0.78 - [VAL] Loss: 0.4941, Accuracy: 78.68%, AUC: 0.78
Epoch [48/100] - [TRAIN] Loss: 0.4882, Accuracy: 79.05%, AUC: 0.78 - [VAL] Loss: 0.4942, Accuracy: 78.65%, AUC: 0.78
Epoch [49/100] - [TRAIN] Loss: 0.4869, Accuracy: 79.13%, AUC: 0.78 - [VAL] Loss: 0.4938, Accuracy: 78.68%, AUC: 0.78
Epoch [50/100] - [TRAIN] Loss: 0.4868, Accuracy: 78.94%, AUC: 0.78 - [VAL] Loss: 0.4937, Accuracy: 78.66%, AUC: 0.78
New best model saved with validation metric: 25.1861
Epoch [51/100] - [TRAIN] Loss: 0.4870, Accuracy: 79.01%, AUC: 0.78 - [VAL] Loss: 0.4930, Accuracy: 78.87%, AUC: 0.78
Epoch [52/100] - [TRAIN] Loss: 0.4856, Accuracy: 79.04%, AUC: 0.78 - [VAL] Loss: 0.4936, Accuracy: 78.72%, AUC: 0.78
Epoch [53/100] - [TRAIN] Loss: 0.4849, Accuracy: 79.08%, AUC: 0.78 - [VAL] Loss: 0.4935, Accuracy: 78.72%, AUC: 0.78
Epoch [54/100] - [TRAIN] Loss: 0.4858, Accuracy: 79.15%, AUC: 0.78 - [VAL] Loss: 0.4937, Accuracy: 78.70%, AUC: 0.78
Epoch [55/100] - [TRAIN] Loss: 0.4850, Accuracy: 79.16%, AUC: 0.78 - [VAL] Loss: 0.4930, Accuracy: 78.74%, AUC: 0.78
Epoch [56/100] - [TRAIN] Loss: 0.4858, Accuracy: 79.06%, AUC: 0.78 - [VAL] Loss: 0.4929, Accuracy: 78.81%, AUC: 0.78
Epoch [57/100] - [TRAIN] Loss: 0.4837, Accuracy: 79.02%, AUC: 0.78 - [VAL] Loss: 0.4934, Accuracy: 78.68%, AUC: 0.78
Epoch [58/100] - [TRAIN] Loss: 0.4828, Accuracy: 79.32%, AUC: 0.79 - [VAL] Loss: 0.4928, Accuracy: 78.81%, AUC: 0.78
New best model saved with validation metric: 25.1991
Epoch [59/100] - [TRAIN] Loss: 0.4845, Accuracy: 79.29%, AUC: 0.78 - [VAL] Loss: 0.4923, Accuracy: 78.91%, AUC: 0.78
Epoch [60/100] - [TRAIN] Loss: 0.4836, Accuracy: 79.17%, AUC: 0.78 - [VAL] Loss: 0.4922, Accuracy: 78.89%, AUC: 0.78
New best model saved with validation metric: 25.2121
Epoch [61/100] - [TRAIN] Loss: 0.4843, Accuracy: 79.19%, AUC: 0.78 - [VAL] Loss: 0.4923, Accuracy: 78.95%, AUC: 0.78
Epoch [62/100] - [TRAIN] Loss: 0.4817, Accuracy: 79.23%, AUC: 0.78 - [VAL] Loss: 0.4924, Accuracy: 78.84%, AUC: 0.78
Epoch [63/100] - [TRAIN] Loss: 0.4821, Accuracy: 79.24%, AUC: 0.78 - [VAL] Loss: 0.4931, Accuracy: 78.73%, AUC: 0.78
Epoch [64/100] - [TRAIN] Loss: 0.4813, Accuracy: 79.27%, AUC: 0.78 - [VAL] Loss: 0.4937, Accuracy: 78.68%, AUC: 0.78
Epoch [65/100] - [TRAIN] Loss: 0.4818, Accuracy: 79.20%, AUC: 0.78 - [VAL] Loss: 0.4922, Accuracy: 78.87%, AUC: 0.78
Epoch [66/100] - [TRAIN] Loss: 0.4818, Accuracy: 79.35%, AUC: 0.79 - [VAL] Loss: 0.4929, Accuracy: 78.77%, AUC: 0.78
Epoch [67/100] - [TRAIN] Loss: 0.4815, Accuracy: 79.15%, AUC: 0.78 - [VAL] Loss: 0.4922, Accuracy: 78.87%, AUC: 0.78
Epoch [68/100] - [TRAIN] Loss: 0.4801, Accuracy: 79.32%, AUC: 0.78 - [VAL] Loss: 0.4937, Accuracy: 78.72%, AUC: 0.78
Epoch [69/100] - [TRAIN] Loss: 0.4800, Accuracy: 79.24%, AUC: 0.78 - [VAL] Loss: 0.4923, Accuracy: 78.85%, AUC: 0.78
Epoch [70/100] - [TRAIN] Loss: 0.4797, Accuracy: 79.34%, AUC: 0.79 - [VAL] Loss: 0.4923, Accuracy: 78.91%, AUC: 0.78
New best model saved with validation metric: 25.2208
Epoch [71/100] - [TRAIN] Loss: 0.4801, Accuracy: 79.47%, AUC: 0.79 - [VAL] Loss: 0.4920, Accuracy: 78.98%, AUC: 0.78
Epoch [72/100] - [TRAIN] Loss: 0.4801, Accuracy: 79.36%, AUC: 0.79 - [VAL] Loss: 0.4919, Accuracy: 78.98%, AUC: 0.78
Epoch [73/100] - [TRAIN] Loss: 0.4794, Accuracy: 79.44%, AUC: 0.79 - [VAL] Loss: 0.4923, Accuracy: 78.81%, AUC: 0.78
Epoch [74/100] - [TRAIN] Loss: 0.4786, Accuracy: 79.43%, AUC: 0.79 - [VAL] Loss: 0.4927, Accuracy: 78.84%, AUC: 0.78
New best model saved with validation metric: 25.2294
Epoch [75/100] - [TRAIN] Loss: 0.4796, Accuracy: 79.35%, AUC: 0.79 - [VAL] Loss: 0.4922, Accuracy: 79.00%, AUC: 0.78
Epoch [76/100] - [TRAIN] Loss: 0.4780, Accuracy: 79.38%, AUC: 0.79 - [VAL] Loss: 0.4936, Accuracy: 78.81%, AUC: 0.78
Epoch [77/100] - [TRAIN] Loss: 0.4777, Accuracy: 79.39%, AUC: 0.79 - [VAL] Loss: 0.4921, Accuracy: 78.88%, AUC: 0.78
Epoch [78/100] - [TRAIN] Loss: 0.4767, Accuracy: 79.42%, AUC: 0.79 - [VAL] Loss: 0.4922, Accuracy: 78.89%, AUC: 0.78
Epoch [79/100] - [TRAIN] Loss: 0.4776, Accuracy: 79.35%, AUC: 0.79 - [VAL] Loss: 0.4931, Accuracy: 78.80%, AUC: 0.78
New best model saved with validation metric: 25.2381
Epoch [80/100] - [TRAIN] Loss: 0.4761, Accuracy: 79.46%, AUC: 0.79 - [VAL] Loss: 0.4921, Accuracy: 79.03%, AUC: 0.78
Epoch [81/100] - [TRAIN] Loss: 0.4771, Accuracy: 79.42%, AUC: 0.79 - [VAL] Loss: 0.4931, Accuracy: 78.88%, AUC: 0.78
Epoch [82/100] - [TRAIN] Loss: 0.4767, Accuracy: 79.39%, AUC: 0.79 - [VAL] Loss: 0.4921, Accuracy: 79.00%, AUC: 0.78
Epoch [83/100] - [TRAIN] Loss: 0.4750, Accuracy: 79.35%, AUC: 0.79 - [VAL] Loss: 0.4922, Accuracy: 78.95%, AUC: 0.78
Epoch [84/100] - [TRAIN] Loss: 0.4777, Accuracy: 79.44%, AUC: 0.79 - [VAL] Loss: 0.4926, Accuracy: 79.02%, AUC: 0.78
Epoch [85/100] - [TRAIN] Loss: 0.4758, Accuracy: 79.61%, AUC: 0.79 - [VAL] Loss: 0.4947, Accuracy: 78.68%, AUC: 0.78
Epoch [86/100] - [TRAIN] Loss: 0.4777, Accuracy: 79.47%, AUC: 0.79 - [VAL] Loss: 0.4932, Accuracy: 79.02%, AUC: 0.78
Epoch [87/100] - [TRAIN] Loss: 0.4756, Accuracy: 79.39%, AUC: 0.79 - [VAL] Loss: 0.4923, Accuracy: 79.03%, AUC: 0.78
New best model saved with validation metric: 25.2468
Epoch [88/100] - [TRAIN] Loss: 0.4782, Accuracy: 79.62%, AUC: 0.79 - [VAL] Loss: 0.4924, Accuracy: 79.06%, AUC: 0.78
Epoch [89/100] - [TRAIN] Loss: 0.4752, Accuracy: 79.69%, AUC: 0.79 - [VAL] Loss: 0.4946, Accuracy: 78.83%, AUC: 0.78
Epoch [90/100] - [TRAIN] Loss: 0.4746, Accuracy: 79.50%, AUC: 0.79 - [VAL] Loss: 0.4963, Accuracy: 78.68%, AUC: 0.78
New best model saved with validation metric: 25.2554
Epoch [91/100] - [TRAIN] Loss: 0.4750, Accuracy: 79.58%, AUC: 0.79 - [VAL] Loss: 0.4930, Accuracy: 79.08%, AUC: 0.79
Epoch [92/100] - [TRAIN] Loss: 0.4739, Accuracy: 79.58%, AUC: 0.79 - [VAL] Loss: 0.4943, Accuracy: 78.76%, AUC: 0.78
Epoch [93/100] - [TRAIN] Loss: 0.4742, Accuracy: 79.47%, AUC: 0.79 - [VAL] Loss: 0.4942, Accuracy: 78.80%, AUC: 0.78
New best model saved with validation metric: 25.2684
Epoch [94/100] - [TRAIN] Loss: 0.4735, Accuracy: 79.66%, AUC: 0.79 - [VAL] Loss: 0.4929, Accuracy: 79.12%, AUC: 0.78
Epoch [95/100] - [TRAIN] Loss: 0.4745, Accuracy: 79.65%, AUC: 0.79 - [VAL] Loss: 0.4934, Accuracy: 79.07%, AUC: 0.78
Epoch [96/100] - [TRAIN] Loss: 0.4731, Accuracy: 79.65%, AUC: 0.79 - [VAL] Loss: 0.4937, Accuracy: 78.88%, AUC: 0.78
Epoch [97/100] - [TRAIN] Loss: 0.4726, Accuracy: 79.81%, AUC: 0.79 - [VAL] Loss: 0.4927, Accuracy: 79.07%, AUC: 0.78
Epoch [98/100] - [TRAIN] Loss: 0.4726, Accuracy: 79.73%, AUC: 0.79 - [VAL] Loss: 0.4926, Accuracy: 79.08%, AUC: 0.78
Epoch [99/100] - [TRAIN] Loss: 0.4726, Accuracy: 79.77%, AUC: 0.79 - [VAL] Loss: 0.4935, Accuracy: 78.98%, AUC: 0.78
Epoch [100/100] - [TRAIN] Loss: 0.4718, Accuracy: 79.90%, AUC: 0.79 - [VAL] Loss: 0.4926, Accuracy: 79.10%, AUC: 0.78
Training finished!
Accuracy Score on test set: 79.32 %
AUC Score on test set: 0.79
Item: H3K27ac-H3K4me3-H3K9ac-H3K9me3-H3K27me3
Train set shape: (7399, 5, 4000) (7399,)
Validation set shape: (7377, 5, 4000) (7377,)
Test set shape: (7378, 5, 4000) (7378,)
New best model saved with validation metric: 19.4242
Epoch [1/100] - [TRAIN] Loss: 0.6701, Accuracy: 60.82%, AUC: 0.50 - [VAL] Loss: 0.6529, Accuracy: 60.82%, AUC: 0.50
Epoch [2/100] - [TRAIN] Loss: 0.6357, Accuracy: 60.82%, AUC: 0.50 - [VAL] Loss: 0.6165, Accuracy: 60.82%, AUC: 0.50
Epoch [3/100] - [TRAIN] Loss: 0.6019, Accuracy: 60.82%, AUC: 0.50 - [VAL] Loss: 0.5837, Accuracy: 60.82%, AUC: 0.50
New best model saved with validation metric: 24.0433
Epoch [4/100] - [TRAIN] Loss: 0.5737, Accuracy: 61.39%, AUC: 0.51 - [VAL] Loss: 0.5576, Accuracy: 75.29%, AUC: 0.72
New best model saved with validation metric: 24.8571
Epoch [5/100] - [TRAIN] Loss: 0.5521, Accuracy: 76.09%, AUC: 0.73 - [VAL] Loss: 0.5414, Accuracy: 77.84%, AUC: 0.76
New best model saved with validation metric: 24.9437
Epoch [6/100] - [TRAIN] Loss: 0.5402, Accuracy: 78.21%, AUC: 0.77 - [VAL] Loss: 0.5320, Accuracy: 78.11%, AUC: 0.77
New best model saved with validation metric: 24.9654
Epoch [7/100] - [TRAIN] Loss: 0.5322, Accuracy: 78.42%, AUC: 0.77 - [VAL] Loss: 0.5262, Accuracy: 78.18%, AUC: 0.78
New best model saved with validation metric: 24.9870
Epoch [8/100] - [TRAIN] Loss: 0.5264, Accuracy: 78.11%, AUC: 0.77 - [VAL] Loss: 0.5215, Accuracy: 78.24%, AUC: 0.78
Epoch [9/100] - [TRAIN] Loss: 0.5236, Accuracy: 78.12%, AUC: 0.78 - [VAL] Loss: 0.5185, Accuracy: 77.85%, AUC: 0.78
Epoch [10/100] - [TRAIN] Loss: 0.5204, Accuracy: 78.08%, AUC: 0.78 - [VAL] Loss: 0.5158, Accuracy: 77.77%, AUC: 0.78
Epoch [11/100] - [TRAIN] Loss: 0.5169, Accuracy: 78.05%, AUC: 0.78 - [VAL] Loss: 0.5139, Accuracy: 77.69%, AUC: 0.78
Epoch [12/100] - [TRAIN] Loss: 0.5144, Accuracy: 77.97%, AUC: 0.78 - [VAL] Loss: 0.5119, Accuracy: 77.74%, AUC: 0.78
Epoch [13/100] - [TRAIN] Loss: 0.5125, Accuracy: 78.02%, AUC: 0.78 - [VAL] Loss: 0.5101, Accuracy: 77.88%, AUC: 0.78
Epoch [14/100] - [TRAIN] Loss: 0.5110, Accuracy: 78.08%, AUC: 0.78 - [VAL] Loss: 0.5091, Accuracy: 77.74%, AUC: 0.78
Epoch [15/100] - [TRAIN] Loss: 0.5114, Accuracy: 78.16%, AUC: 0.78 - [VAL] Loss: 0.5078, Accuracy: 77.96%, AUC: 0.78
Epoch [16/100] - [TRAIN] Loss: 0.5075, Accuracy: 78.09%, AUC: 0.78 - [VAL] Loss: 0.5070, Accuracy: 77.78%, AUC: 0.78
Epoch [17/100] - [TRAIN] Loss: 0.5071, Accuracy: 78.15%, AUC: 0.78 - [VAL] Loss: 0.5064, Accuracy: 77.74%, AUC: 0.78
Epoch [18/100] - [TRAIN] Loss: 0.5064, Accuracy: 78.08%, AUC: 0.78 - [VAL] Loss: 0.5053, Accuracy: 78.09%, AUC: 0.78
New best model saved with validation metric: 24.9913
Epoch [19/100] - [TRAIN] Loss: 0.5046, Accuracy: 78.21%, AUC: 0.78 - [VAL] Loss: 0.5045, Accuracy: 78.26%, AUC: 0.78
New best model saved with validation metric: 25.0693
Epoch [20/100] - [TRAIN] Loss: 0.5046, Accuracy: 78.36%, AUC: 0.78 - [VAL] Loss: 0.5038, Accuracy: 78.50%, AUC: 0.78
Epoch [21/100] - [TRAIN] Loss: 0.5032, Accuracy: 78.42%, AUC: 0.78 - [VAL] Loss: 0.5042, Accuracy: 77.92%, AUC: 0.78
New best model saved with validation metric: 25.0952
Epoch [22/100] - [TRAIN] Loss: 0.5024, Accuracy: 78.31%, AUC: 0.78 - [VAL] Loss: 0.5027, Accuracy: 78.58%, AUC: 0.78
Epoch [23/100] - [TRAIN] Loss: 0.5022, Accuracy: 78.39%, AUC: 0.78 - [VAL] Loss: 0.5025, Accuracy: 78.38%, AUC: 0.78
Epoch [24/100] - [TRAIN] Loss: 0.5000, Accuracy: 78.50%, AUC: 0.78 - [VAL] Loss: 0.5022, Accuracy: 78.31%, AUC: 0.78
Epoch [25/100] - [TRAIN] Loss: 0.5010, Accuracy: 78.69%, AUC: 0.78 - [VAL] Loss: 0.5020, Accuracy: 78.27%, AUC: 0.78
Epoch [26/100] - [TRAIN] Loss: 0.4991, Accuracy: 78.62%, AUC: 0.78 - [VAL] Loss: 0.5010, Accuracy: 78.47%, AUC: 0.78
Epoch [27/100] - [TRAIN] Loss: 0.5017, Accuracy: 78.69%, AUC: 0.78 - [VAL] Loss: 0.5006, Accuracy: 78.51%, AUC: 0.78
Epoch [28/100] - [TRAIN] Loss: 0.4997, Accuracy: 78.70%, AUC: 0.78 - [VAL] Loss: 0.5002, Accuracy: 78.51%, AUC: 0.78
Epoch [29/100] - [TRAIN] Loss: 0.4986, Accuracy: 78.59%, AUC: 0.78 - [VAL] Loss: 0.5001, Accuracy: 78.46%, AUC: 0.78
Epoch [30/100] - [TRAIN] Loss: 0.4989, Accuracy: 78.71%, AUC: 0.78 - [VAL] Loss: 0.4997, Accuracy: 78.49%, AUC: 0.78
Epoch [31/100] - [TRAIN] Loss: 0.4974, Accuracy: 78.67%, AUC: 0.78 - [VAL] Loss: 0.5002, Accuracy: 78.31%, AUC: 0.78
Epoch [32/100] - [TRAIN] Loss: 0.4955, Accuracy: 78.71%, AUC: 0.78 - [VAL] Loss: 0.4990, Accuracy: 78.42%, AUC: 0.78
New best model saved with validation metric: 25.1039
Epoch [33/100] - [TRAIN] Loss: 0.4961, Accuracy: 78.86%, AUC: 0.78 - [VAL] Loss: 0.4983, Accuracy: 78.61%, AUC: 0.78
Epoch [34/100] - [TRAIN] Loss: 0.4953, Accuracy: 78.74%, AUC: 0.78 - [VAL] Loss: 0.4980, Accuracy: 78.58%, AUC: 0.78
Epoch [35/100] - [TRAIN] Loss: 0.4950, Accuracy: 78.93%, AUC: 0.78 - [VAL] Loss: 0.4979, Accuracy: 78.53%, AUC: 0.78
Epoch [36/100] - [TRAIN] Loss: 0.4937, Accuracy: 78.81%, AUC: 0.78 - [VAL] Loss: 0.4976, Accuracy: 78.53%, AUC: 0.78
Epoch [37/100] - [TRAIN] Loss: 0.4934, Accuracy: 78.75%, AUC: 0.78 - [VAL] Loss: 0.4976, Accuracy: 78.41%, AUC: 0.78
Epoch [38/100] - [TRAIN] Loss: 0.4935, Accuracy: 78.94%, AUC: 0.78 - [VAL] Loss: 0.4974, Accuracy: 78.42%, AUC: 0.78
New best model saved with validation metric: 25.1255
Epoch [39/100] - [TRAIN] Loss: 0.4925, Accuracy: 78.78%, AUC: 0.78 - [VAL] Loss: 0.4968, Accuracy: 78.68%, AUC: 0.78
Epoch [40/100] - [TRAIN] Loss: 0.4946, Accuracy: 78.89%, AUC: 0.78 - [VAL] Loss: 0.4970, Accuracy: 78.42%, AUC: 0.78
New best model saved with validation metric: 25.1299
Epoch [41/100] - [TRAIN] Loss: 0.4918, Accuracy: 78.88%, AUC: 0.78 - [VAL] Loss: 0.4964, Accuracy: 78.69%, AUC: 0.78
Epoch [42/100] - [TRAIN] Loss: 0.4913, Accuracy: 78.88%, AUC: 0.78 - [VAL] Loss: 0.4960, Accuracy: 78.66%, AUC: 0.78
Epoch [43/100] - [TRAIN] Loss: 0.4903, Accuracy: 79.06%, AUC: 0.78 - [VAL] Loss: 0.4961, Accuracy: 78.64%, AUC: 0.78
New best model saved with validation metric: 25.1602
Epoch [44/100] - [TRAIN] Loss: 0.4928, Accuracy: 78.85%, AUC: 0.78 - [VAL] Loss: 0.4959, Accuracy: 78.79%, AUC: 0.78
Epoch [45/100] - [TRAIN] Loss: 0.4911, Accuracy: 78.93%, AUC: 0.78 - [VAL] Loss: 0.4956, Accuracy: 78.69%, AUC: 0.78
Epoch [46/100] - [TRAIN] Loss: 0.4902, Accuracy: 79.00%, AUC: 0.78 - [VAL] Loss: 0.4951, Accuracy: 78.79%, AUC: 0.78
Epoch [47/100] - [TRAIN] Loss: 0.4895, Accuracy: 79.06%, AUC: 0.78 - [VAL] Loss: 0.4950, Accuracy: 78.74%, AUC: 0.78
Epoch [48/100] - [TRAIN] Loss: 0.4896, Accuracy: 79.11%, AUC: 0.78 - [VAL] Loss: 0.4958, Accuracy: 78.54%, AUC: 0.78
Epoch [49/100] - [TRAIN] Loss: 0.4899, Accuracy: 78.93%, AUC: 0.78 - [VAL] Loss: 0.4949, Accuracy: 78.73%, AUC: 0.78
New best model saved with validation metric: 25.1645
Epoch [50/100] - [TRAIN] Loss: 0.4890, Accuracy: 78.94%, AUC: 0.78 - [VAL] Loss: 0.4943, Accuracy: 78.80%, AUC: 0.78
Epoch [51/100] - [TRAIN] Loss: 0.4877, Accuracy: 79.09%, AUC: 0.78 - [VAL] Loss: 0.4943, Accuracy: 78.69%, AUC: 0.78
Epoch [52/100] - [TRAIN] Loss: 0.4882, Accuracy: 79.05%, AUC: 0.78 - [VAL] Loss: 0.4942, Accuracy: 78.69%, AUC: 0.78
Epoch [53/100] - [TRAIN] Loss: 0.4874, Accuracy: 79.09%, AUC: 0.78 - [VAL] Loss: 0.4945, Accuracy: 78.66%, AUC: 0.78
New best model saved with validation metric: 25.1732
Epoch [54/100] - [TRAIN] Loss: 0.4855, Accuracy: 79.13%, AUC: 0.78 - [VAL] Loss: 0.4937, Accuracy: 78.83%, AUC: 0.78
Epoch [55/100] - [TRAIN] Loss: 0.4865, Accuracy: 79.17%, AUC: 0.78 - [VAL] Loss: 0.4948, Accuracy: 78.66%, AUC: 0.78
New best model saved with validation metric: 25.1775
Epoch [56/100] - [TRAIN] Loss: 0.4867, Accuracy: 79.19%, AUC: 0.78 - [VAL] Loss: 0.4934, Accuracy: 78.84%, AUC: 0.78
Epoch [57/100] - [TRAIN] Loss: 0.4853, Accuracy: 79.23%, AUC: 0.78 - [VAL] Loss: 0.4940, Accuracy: 78.64%, AUC: 0.78
Epoch [58/100] - [TRAIN] Loss: 0.4869, Accuracy: 79.13%, AUC: 0.78 - [VAL] Loss: 0.4933, Accuracy: 78.83%, AUC: 0.78
Epoch [59/100] - [TRAIN] Loss: 0.4848, Accuracy: 79.13%, AUC: 0.78 - [VAL] Loss: 0.4940, Accuracy: 78.60%, AUC: 0.78
Epoch [60/100] - [TRAIN] Loss: 0.4841, Accuracy: 79.16%, AUC: 0.78 - [VAL] Loss: 0.4938, Accuracy: 78.55%, AUC: 0.78
Epoch [61/100] - [TRAIN] Loss: 0.4851, Accuracy: 79.25%, AUC: 0.79 - [VAL] Loss: 0.4932, Accuracy: 78.76%, AUC: 0.78
New best model saved with validation metric: 25.2035
Epoch [62/100] - [TRAIN] Loss: 0.4832, Accuracy: 79.31%, AUC: 0.79 - [VAL] Loss: 0.4928, Accuracy: 78.92%, AUC: 0.78
Epoch [63/100] - [TRAIN] Loss: 0.4849, Accuracy: 79.25%, AUC: 0.78 - [VAL] Loss: 0.4930, Accuracy: 78.74%, AUC: 0.78
Epoch [64/100] - [TRAIN] Loss: 0.4817, Accuracy: 79.24%, AUC: 0.79 - [VAL] Loss: 0.4933, Accuracy: 78.62%, AUC: 0.78
Epoch [65/100] - [TRAIN] Loss: 0.4843, Accuracy: 79.21%, AUC: 0.78 - [VAL] Loss: 0.4928, Accuracy: 78.80%, AUC: 0.78
Epoch [66/100] - [TRAIN] Loss: 0.4820, Accuracy: 79.29%, AUC: 0.79 - [VAL] Loss: 0.4928, Accuracy: 78.81%, AUC: 0.78
New best model saved with validation metric: 25.2078
Epoch [67/100] - [TRAIN] Loss: 0.4814, Accuracy: 79.31%, AUC: 0.79 - [VAL] Loss: 0.4925, Accuracy: 78.93%, AUC: 0.78
Epoch [68/100] - [TRAIN] Loss: 0.4831, Accuracy: 79.27%, AUC: 0.79 - [VAL] Loss: 0.4930, Accuracy: 78.73%, AUC: 0.78
Epoch [69/100] - [TRAIN] Loss: 0.4822, Accuracy: 79.50%, AUC: 0.79 - [VAL] Loss: 0.4929, Accuracy: 78.74%, AUC: 0.78
Epoch [70/100] - [TRAIN] Loss: 0.4818, Accuracy: 79.38%, AUC: 0.79 - [VAL] Loss: 0.4934, Accuracy: 78.68%, AUC: 0.78
Epoch [71/100] - [TRAIN] Loss: 0.4808, Accuracy: 79.40%, AUC: 0.79 - [VAL] Loss: 0.4926, Accuracy: 78.81%, AUC: 0.78
New best model saved with validation metric: 25.2338
Epoch [72/100] - [TRAIN] Loss: 0.4801, Accuracy: 79.40%, AUC: 0.79 - [VAL] Loss: 0.4927, Accuracy: 79.02%, AUC: 0.78
Epoch [73/100] - [TRAIN] Loss: 0.4812, Accuracy: 79.48%, AUC: 0.79 - [VAL] Loss: 0.4925, Accuracy: 78.92%, AUC: 0.78
Epoch [74/100] - [TRAIN] Loss: 0.4795, Accuracy: 79.46%, AUC: 0.79 - [VAL] Loss: 0.4927, Accuracy: 78.80%, AUC: 0.78
Epoch [75/100] - [TRAIN] Loss: 0.4810, Accuracy: 79.50%, AUC: 0.79 - [VAL] Loss: 0.4925, Accuracy: 78.91%, AUC: 0.78
Epoch [76/100] - [TRAIN] Loss: 0.4790, Accuracy: 79.52%, AUC: 0.79 - [VAL] Loss: 0.4932, Accuracy: 78.69%, AUC: 0.78
Epoch [77/100] - [TRAIN] Loss: 0.4790, Accuracy: 79.42%, AUC: 0.79 - [VAL] Loss: 0.4926, Accuracy: 78.83%, AUC: 0.78
Epoch [78/100] - [TRAIN] Loss: 0.4777, Accuracy: 79.36%, AUC: 0.79 - [VAL] Loss: 0.4930, Accuracy: 78.68%, AUC: 0.78
Epoch [79/100] - [TRAIN] Loss: 0.4773, Accuracy: 79.44%, AUC: 0.79 - [VAL] Loss: 0.4923, Accuracy: 78.89%, AUC: 0.78
Epoch [80/100] - [TRAIN] Loss: 0.4789, Accuracy: 79.52%, AUC: 0.79 - [VAL] Loss: 0.4925, Accuracy: 78.81%, AUC: 0.78
Epoch [81/100] - [TRAIN] Loss: 0.4781, Accuracy: 79.48%, AUC: 0.79 - [VAL] Loss: 0.4927, Accuracy: 78.70%, AUC: 0.78
Epoch [82/100] - [TRAIN] Loss: 0.4760, Accuracy: 79.56%, AUC: 0.79 - [VAL] Loss: 0.4931, Accuracy: 78.68%, AUC: 0.78
Epoch [83/100] - [TRAIN] Loss: 0.4766, Accuracy: 79.62%, AUC: 0.79 - [VAL] Loss: 0.4930, Accuracy: 78.66%, AUC: 0.78
Epoch [84/100] - [TRAIN] Loss: 0.4763, Accuracy: 79.65%, AUC: 0.79 - [VAL] Loss: 0.4925, Accuracy: 78.98%, AUC: 0.78
Epoch [85/100] - [TRAIN] Loss: 0.4777, Accuracy: 79.67%, AUC: 0.79 - [VAL] Loss: 0.4925, Accuracy: 78.96%, AUC: 0.78
Epoch [86/100] - [TRAIN] Loss: 0.4771, Accuracy: 79.58%, AUC: 0.79 - [VAL] Loss: 0.4924, Accuracy: 78.98%, AUC: 0.78
New best model saved with validation metric: 25.2424
Epoch [87/100] - [TRAIN] Loss: 0.4763, Accuracy: 79.58%, AUC: 0.79 - [VAL] Loss: 0.4924, Accuracy: 79.04%, AUC: 0.78
Epoch [88/100] - [TRAIN] Loss: 0.4743, Accuracy: 79.66%, AUC: 0.79 - [VAL] Loss: 0.4932, Accuracy: 78.77%, AUC: 0.78
Epoch [89/100] - [TRAIN] Loss: 0.4759, Accuracy: 79.74%, AUC: 0.79 - [VAL] Loss: 0.4926, Accuracy: 78.92%, AUC: 0.78
New best model saved with validation metric: 25.2727
Epoch [90/100] - [TRAIN] Loss: 0.4755, Accuracy: 79.78%, AUC: 0.79 - [VAL] Loss: 0.4923, Accuracy: 79.14%, AUC: 0.79
New best model saved with validation metric: 25.2771
Epoch [91/100] - [TRAIN] Loss: 0.4748, Accuracy: 79.59%, AUC: 0.79 - [VAL] Loss: 0.4925, Accuracy: 79.15%, AUC: 0.78
New best model saved with validation metric: 25.2900
Epoch [92/100] - [TRAIN] Loss: 0.4759, Accuracy: 79.73%, AUC: 0.79 - [VAL] Loss: 0.4925, Accuracy: 79.19%, AUC: 0.78
Epoch [93/100] - [TRAIN] Loss: 0.4742, Accuracy: 79.65%, AUC: 0.79 - [VAL] Loss: 0.4929, Accuracy: 79.07%, AUC: 0.78
Epoch [94/100] - [TRAIN] Loss: 0.4742, Accuracy: 79.63%, AUC: 0.79 - [VAL] Loss: 0.4928, Accuracy: 79.02%, AUC: 0.78
Epoch [95/100] - [TRAIN] Loss: 0.4738, Accuracy: 79.74%, AUC: 0.79 - [VAL] Loss: 0.4924, Accuracy: 79.16%, AUC: 0.79
Epoch [96/100] - [TRAIN] Loss: 0.4725, Accuracy: 79.88%, AUC: 0.79 - [VAL] Loss: 0.4925, Accuracy: 79.12%, AUC: 0.79
Epoch [97/100] - [TRAIN] Loss: 0.4743, Accuracy: 79.81%, AUC: 0.79 - [VAL] Loss: 0.4934, Accuracy: 78.96%, AUC: 0.78
Epoch [98/100] - [TRAIN] Loss: 0.4745, Accuracy: 79.96%, AUC: 0.79 - [VAL] Loss: 0.4928, Accuracy: 79.14%, AUC: 0.78
Epoch [99/100] - [TRAIN] Loss: 0.4724, Accuracy: 79.77%, AUC: 0.79 - [VAL] Loss: 0.4926, Accuracy: 79.16%, AUC: 0.79
Epoch [100/100] - [TRAIN] Loss: 0.4716, Accuracy: 79.81%, AUC: 0.79 - [VAL] Loss: 0.4937, Accuracy: 78.92%, AUC: 0.78
Training finished!
Accuracy Score on test set: 79.47 %
AUC Score on test set: 0.79
Item: H3K27ac-H3K4me3-H3K9ac-H3K27me3-H3K9me3
Train set shape: (7399, 5, 4000) (7399,)
Validation set shape: (7377, 5, 4000) (7377,)
Test set shape: (7378, 5, 4000) (7378,)
New best model saved with validation metric: 19.4242
Epoch [1/100] - [TRAIN] Loss: 0.6440, Accuracy: 60.82%, AUC: 0.50 - [VAL] Loss: 0.6081, Accuracy: 60.82%, AUC: 0.50
Epoch [2/100] - [TRAIN] Loss: 0.5921, Accuracy: 60.82%, AUC: 0.50 - [VAL] Loss: 0.5727, Accuracy: 60.82%, AUC: 0.50
New best model saved with validation metric: 23.9437
Epoch [3/100] - [TRAIN] Loss: 0.5663, Accuracy: 61.12%, AUC: 0.50 - [VAL] Loss: 0.5521, Accuracy: 74.98%, AUC: 0.72
New best model saved with validation metric: 24.8658
Epoch [4/100] - [TRAIN] Loss: 0.5496, Accuracy: 76.25%, AUC: 0.74 - [VAL] Loss: 0.5398, Accuracy: 77.86%, AUC: 0.76
New best model saved with validation metric: 24.9481
Epoch [5/100] - [TRAIN] Loss: 0.5398, Accuracy: 78.09%, AUC: 0.77 - [VAL] Loss: 0.5316, Accuracy: 78.12%, AUC: 0.77
Epoch [6/100] - [TRAIN] Loss: 0.5333, Accuracy: 78.46%, AUC: 0.77 - [VAL] Loss: 0.5262, Accuracy: 78.03%, AUC: 0.78
Epoch [7/100] - [TRAIN] Loss: 0.5281, Accuracy: 78.20%, AUC: 0.77 - [VAL] Loss: 0.5217, Accuracy: 77.96%, AUC: 0.78
Epoch [8/100] - [TRAIN] Loss: 0.5236, Accuracy: 78.20%, AUC: 0.78 - [VAL] Loss: 0.5186, Accuracy: 77.78%, AUC: 0.78
Epoch [9/100] - [TRAIN] Loss: 0.5216, Accuracy: 78.19%, AUC: 0.78 - [VAL] Loss: 0.5163, Accuracy: 77.65%, AUC: 0.78
Epoch [10/100] - [TRAIN] Loss: 0.5176, Accuracy: 78.06%, AUC: 0.78 - [VAL] Loss: 0.5137, Accuracy: 77.76%, AUC: 0.78
Epoch [11/100] - [TRAIN] Loss: 0.5145, Accuracy: 78.20%, AUC: 0.78 - [VAL] Loss: 0.5121, Accuracy: 77.70%, AUC: 0.78
Epoch [12/100] - [TRAIN] Loss: 0.5121, Accuracy: 78.09%, AUC: 0.78 - [VAL] Loss: 0.5103, Accuracy: 77.81%, AUC: 0.78
Epoch [13/100] - [TRAIN] Loss: 0.5115, Accuracy: 78.19%, AUC: 0.78 - [VAL] Loss: 0.5090, Accuracy: 77.96%, AUC: 0.78
Epoch [14/100] - [TRAIN] Loss: 0.5090, Accuracy: 78.23%, AUC: 0.78 - [VAL] Loss: 0.5079, Accuracy: 78.07%, AUC: 0.78
Epoch [15/100] - [TRAIN] Loss: 0.5080, Accuracy: 78.28%, AUC: 0.78 - [VAL] Loss: 0.5070, Accuracy: 78.08%, AUC: 0.78
Epoch [16/100] - [TRAIN] Loss: 0.5068, Accuracy: 78.32%, AUC: 0.78 - [VAL] Loss: 0.5063, Accuracy: 78.05%, AUC: 0.78
New best model saved with validation metric: 24.9610
Epoch [17/100] - [TRAIN] Loss: 0.5061, Accuracy: 78.32%, AUC: 0.78 - [VAL] Loss: 0.5055, Accuracy: 78.16%, AUC: 0.78
New best model saved with validation metric: 25.0043
Epoch [18/100] - [TRAIN] Loss: 0.5046, Accuracy: 78.32%, AUC: 0.78 - [VAL] Loss: 0.5047, Accuracy: 78.30%, AUC: 0.78
Epoch [19/100] - [TRAIN] Loss: 0.5047, Accuracy: 78.48%, AUC: 0.78 - [VAL] Loss: 0.5044, Accuracy: 78.15%, AUC: 0.78
New best model saved with validation metric: 25.0087
Epoch [20/100] - [TRAIN] Loss: 0.5037, Accuracy: 78.50%, AUC: 0.78 - [VAL] Loss: 0.5038, Accuracy: 78.31%, AUC: 0.78
New best model saved with validation metric: 25.0260
Epoch [21/100] - [TRAIN] Loss: 0.5022, Accuracy: 78.46%, AUC: 0.78 - [VAL] Loss: 0.5031, Accuracy: 78.37%, AUC: 0.78
Epoch [22/100] - [TRAIN] Loss: 0.5028, Accuracy: 78.61%, AUC: 0.78 - [VAL] Loss: 0.5026, Accuracy: 78.35%, AUC: 0.78
New best model saved with validation metric: 25.0303
Epoch [23/100] - [TRAIN] Loss: 0.5023, Accuracy: 78.54%, AUC: 0.78 - [VAL] Loss: 0.5022, Accuracy: 78.38%, AUC: 0.78
Epoch [24/100] - [TRAIN] Loss: 0.5006, Accuracy: 78.66%, AUC: 0.78 - [VAL] Loss: 0.5018, Accuracy: 78.38%, AUC: 0.78
Epoch [25/100] - [TRAIN] Loss: 0.4997, Accuracy: 78.65%, AUC: 0.78 - [VAL] Loss: 0.5014, Accuracy: 78.37%, AUC: 0.78
Epoch [26/100] - [TRAIN] Loss: 0.4983, Accuracy: 78.66%, AUC: 0.78 - [VAL] Loss: 0.5016, Accuracy: 78.32%, AUC: 0.78
Epoch [27/100] - [TRAIN] Loss: 0.4983, Accuracy: 78.66%, AUC: 0.78 - [VAL] Loss: 0.5005, Accuracy: 78.38%, AUC: 0.78
New best model saved with validation metric: 25.0563
Epoch [28/100] - [TRAIN] Loss: 0.4980, Accuracy: 78.77%, AUC: 0.78 - [VAL] Loss: 0.5000, Accuracy: 78.46%, AUC: 0.78
Epoch [29/100] - [TRAIN] Loss: 0.4982, Accuracy: 78.67%, AUC: 0.78 - [VAL] Loss: 0.5001, Accuracy: 78.45%, AUC: 0.78
Epoch [30/100] - [TRAIN] Loss: 0.4967, Accuracy: 78.86%, AUC: 0.78 - [VAL] Loss: 0.4996, Accuracy: 78.43%, AUC: 0.78
Epoch [31/100] - [TRAIN] Loss: 0.4977, Accuracy: 78.77%, AUC: 0.78 - [VAL] Loss: 0.4994, Accuracy: 78.43%, AUC: 0.78
Epoch [32/100] - [TRAIN] Loss: 0.4955, Accuracy: 78.67%, AUC: 0.78 - [VAL] Loss: 0.4990, Accuracy: 78.41%, AUC: 0.78
New best model saved with validation metric: 25.0952
Epoch [33/100] - [TRAIN] Loss: 0.4949, Accuracy: 78.83%, AUC: 0.78 - [VAL] Loss: 0.4983, Accuracy: 78.58%, AUC: 0.78
Epoch [34/100] - [TRAIN] Loss: 0.4947, Accuracy: 78.88%, AUC: 0.78 - [VAL] Loss: 0.4985, Accuracy: 78.43%, AUC: 0.78
Epoch [35/100] - [TRAIN] Loss: 0.4947, Accuracy: 78.85%, AUC: 0.78 - [VAL] Loss: 0.4980, Accuracy: 78.51%, AUC: 0.78
Epoch [36/100] - [TRAIN] Loss: 0.4936, Accuracy: 78.77%, AUC: 0.78 - [VAL] Loss: 0.4976, Accuracy: 78.54%, AUC: 0.78
Epoch [37/100] - [TRAIN] Loss: 0.4942, Accuracy: 78.88%, AUC: 0.78 - [VAL] Loss: 0.4973, Accuracy: 78.55%, AUC: 0.78
Epoch [38/100] - [TRAIN] Loss: 0.4948, Accuracy: 78.85%, AUC: 0.78 - [VAL] Loss: 0.4977, Accuracy: 78.51%, AUC: 0.78
Epoch [39/100] - [TRAIN] Loss: 0.4926, Accuracy: 78.88%, AUC: 0.78 - [VAL] Loss: 0.4971, Accuracy: 78.54%, AUC: 0.78
Epoch [40/100] - [TRAIN] Loss: 0.4910, Accuracy: 78.94%, AUC: 0.78 - [VAL] Loss: 0.4968, Accuracy: 78.53%, AUC: 0.78
Epoch [41/100] - [TRAIN] Loss: 0.4911, Accuracy: 78.94%, AUC: 0.78 - [VAL] Loss: 0.4974, Accuracy: 78.50%, AUC: 0.78
Epoch [42/100] - [TRAIN] Loss: 0.4912, Accuracy: 78.93%, AUC: 0.78 - [VAL] Loss: 0.4969, Accuracy: 78.50%, AUC: 0.78
Epoch [43/100] - [TRAIN] Loss: 0.4905, Accuracy: 78.92%, AUC: 0.78 - [VAL] Loss: 0.4965, Accuracy: 78.54%, AUC: 0.78
New best model saved with validation metric: 25.0996
Epoch [44/100] - [TRAIN] Loss: 0.4890, Accuracy: 78.88%, AUC: 0.78 - [VAL] Loss: 0.4957, Accuracy: 78.60%, AUC: 0.78
New best model saved with validation metric: 25.1039
Epoch [45/100] - [TRAIN] Loss: 0.4893, Accuracy: 78.97%, AUC: 0.78 - [VAL] Loss: 0.4963, Accuracy: 78.61%, AUC: 0.78
Epoch [46/100] - [TRAIN] Loss: 0.4884, Accuracy: 79.15%, AUC: 0.78 - [VAL] Loss: 0.4962, Accuracy: 78.53%, AUC: 0.78
Epoch [47/100] - [TRAIN] Loss: 0.4884, Accuracy: 79.11%, AUC: 0.78 - [VAL] Loss: 0.4959, Accuracy: 78.60%, AUC: 0.78
New best model saved with validation metric: 25.1169
Epoch [48/100] - [TRAIN] Loss: 0.4878, Accuracy: 79.04%, AUC: 0.78 - [VAL] Loss: 0.4953, Accuracy: 78.65%, AUC: 0.78
New best model saved with validation metric: 25.1255
Epoch [49/100] - [TRAIN] Loss: 0.4879, Accuracy: 79.16%, AUC: 0.78 - [VAL] Loss: 0.4953, Accuracy: 78.68%, AUC: 0.78
Epoch [50/100] - [TRAIN] Loss: 0.4869, Accuracy: 79.09%, AUC: 0.78 - [VAL] Loss: 0.4957, Accuracy: 78.62%, AUC: 0.78
Epoch [51/100] - [TRAIN] Loss: 0.4867, Accuracy: 79.05%, AUC: 0.78 - [VAL] Loss: 0.4946, Accuracy: 78.68%, AUC: 0.78
Epoch [52/100] - [TRAIN] Loss: 0.4865, Accuracy: 79.04%, AUC: 0.78 - [VAL] Loss: 0.4956, Accuracy: 78.62%, AUC: 0.78
Epoch [53/100] - [TRAIN] Loss: 0.4868, Accuracy: 79.04%, AUC: 0.78 - [VAL] Loss: 0.4954, Accuracy: 78.64%, AUC: 0.78
Epoch [54/100] - [TRAIN] Loss: 0.4863, Accuracy: 79.12%, AUC: 0.78 - [VAL] Loss: 0.4954, Accuracy: 78.62%, AUC: 0.78
Epoch [55/100] - [TRAIN] Loss: 0.4851, Accuracy: 79.11%, AUC: 0.78 - [VAL] Loss: 0.4945, Accuracy: 78.60%, AUC: 0.78
Epoch [56/100] - [TRAIN] Loss: 0.4837, Accuracy: 78.97%, AUC: 0.78 - [VAL] Loss: 0.4962, Accuracy: 78.58%, AUC: 0.78
New best model saved with validation metric: 25.1299
Epoch [57/100] - [TRAIN] Loss: 0.4840, Accuracy: 79.17%, AUC: 0.78 - [VAL] Loss: 0.4941, Accuracy: 78.69%, AUC: 0.78
New best model saved with validation metric: 25.1429
Epoch [58/100] - [TRAIN] Loss: 0.4858, Accuracy: 79.13%, AUC: 0.78 - [VAL] Loss: 0.4940, Accuracy: 78.73%, AUC: 0.78
Epoch [59/100] - [TRAIN] Loss: 0.4824, Accuracy: 79.09%, AUC: 0.78 - [VAL] Loss: 0.4939, Accuracy: 78.70%, AUC: 0.78
Epoch [60/100] - [TRAIN] Loss: 0.4821, Accuracy: 79.11%, AUC: 0.78 - [VAL] Loss: 0.4945, Accuracy: 78.66%, AUC: 0.78
Epoch [61/100] - [TRAIN] Loss: 0.4821, Accuracy: 79.25%, AUC: 0.78 - [VAL] Loss: 0.4941, Accuracy: 78.68%, AUC: 0.78
Epoch [62/100] - [TRAIN] Loss: 0.4822, Accuracy: 79.34%, AUC: 0.79 - [VAL] Loss: 0.4944, Accuracy: 78.61%, AUC: 0.78
New best model saved with validation metric: 25.2035
Epoch [63/100] - [TRAIN] Loss: 0.4822, Accuracy: 79.24%, AUC: 0.79 - [VAL] Loss: 0.4937, Accuracy: 78.92%, AUC: 0.78
Epoch [64/100] - [TRAIN] Loss: 0.4825, Accuracy: 79.38%, AUC: 0.79 - [VAL] Loss: 0.4947, Accuracy: 78.66%, AUC: 0.78
Epoch [65/100] - [TRAIN] Loss: 0.4804, Accuracy: 79.25%, AUC: 0.79 - [VAL] Loss: 0.4936, Accuracy: 78.89%, AUC: 0.78
New best model saved with validation metric: 25.2121
Epoch [66/100] - [TRAIN] Loss: 0.4806, Accuracy: 79.36%, AUC: 0.79 - [VAL] Loss: 0.4935, Accuracy: 78.95%, AUC: 0.78
Epoch [67/100] - [TRAIN] Loss: 0.4806, Accuracy: 79.35%, AUC: 0.79 - [VAL] Loss: 0.4938, Accuracy: 78.92%, AUC: 0.78
Epoch [68/100] - [TRAIN] Loss: 0.4798, Accuracy: 79.32%, AUC: 0.79 - [VAL] Loss: 0.4939, Accuracy: 78.68%, AUC: 0.78
Epoch [69/100] - [TRAIN] Loss: 0.4794, Accuracy: 79.32%, AUC: 0.79 - [VAL] Loss: 0.4942, Accuracy: 78.64%, AUC: 0.78
Epoch [70/100] - [TRAIN] Loss: 0.4805, Accuracy: 79.32%, AUC: 0.79 - [VAL] Loss: 0.4935, Accuracy: 78.91%, AUC: 0.78
Epoch [71/100] - [TRAIN] Loss: 0.4780, Accuracy: 79.44%, AUC: 0.79 - [VAL] Loss: 0.4941, Accuracy: 78.68%, AUC: 0.78
Epoch [72/100] - [TRAIN] Loss: 0.4777, Accuracy: 79.40%, AUC: 0.79 - [VAL] Loss: 0.4941, Accuracy: 78.65%, AUC: 0.78
Epoch [73/100] - [TRAIN] Loss: 0.4770, Accuracy: 79.36%, AUC: 0.79 - [VAL] Loss: 0.4941, Accuracy: 78.93%, AUC: 0.78
Epoch [74/100] - [TRAIN] Loss: 0.4774, Accuracy: 79.46%, AUC: 0.79 - [VAL] Loss: 0.4943, Accuracy: 78.65%, AUC: 0.78
Epoch [75/100] - [TRAIN] Loss: 0.4785, Accuracy: 79.51%, AUC: 0.79 - [VAL] Loss: 0.4956, Accuracy: 78.66%, AUC: 0.78
New best model saved with validation metric: 25.2294
Epoch [76/100] - [TRAIN] Loss: 0.4764, Accuracy: 79.56%, AUC: 0.79 - [VAL] Loss: 0.4937, Accuracy: 79.00%, AUC: 0.78
Epoch [77/100] - [TRAIN] Loss: 0.4773, Accuracy: 79.52%, AUC: 0.79 - [VAL] Loss: 0.4941, Accuracy: 78.65%, AUC: 0.78
Epoch [78/100] - [TRAIN] Loss: 0.4772, Accuracy: 79.47%, AUC: 0.79 - [VAL] Loss: 0.4940, Accuracy: 78.77%, AUC: 0.78
Epoch [79/100] - [TRAIN] Loss: 0.4769, Accuracy: 79.51%, AUC: 0.79 - [VAL] Loss: 0.4940, Accuracy: 78.99%, AUC: 0.78
Epoch [80/100] - [TRAIN] Loss: 0.4772, Accuracy: 79.54%, AUC: 0.79 - [VAL] Loss: 0.4951, Accuracy: 78.72%, AUC: 0.78
Epoch [81/100] - [TRAIN] Loss: 0.4750, Accuracy: 79.61%, AUC: 0.79 - [VAL] Loss: 0.4941, Accuracy: 78.77%, AUC: 0.78
Epoch [82/100] - [TRAIN] Loss: 0.4745, Accuracy: 79.70%, AUC: 0.79 - [VAL] Loss: 0.4939, Accuracy: 78.88%, AUC: 0.78
Epoch [83/100] - [TRAIN] Loss: 0.4755, Accuracy: 79.54%, AUC: 0.79 - [VAL] Loss: 0.4937, Accuracy: 78.89%, AUC: 0.78
Epoch [84/100] - [TRAIN] Loss: 0.4750, Accuracy: 79.59%, AUC: 0.79 - [VAL] Loss: 0.4941, Accuracy: 78.68%, AUC: 0.78
Epoch [85/100] - [TRAIN] Loss: 0.4736, Accuracy: 79.69%, AUC: 0.79 - [VAL] Loss: 0.4961, Accuracy: 78.69%, AUC: 0.78
Epoch [86/100] - [TRAIN] Loss: 0.4731, Accuracy: 79.56%, AUC: 0.79 - [VAL] Loss: 0.4938, Accuracy: 78.88%, AUC: 0.78
Epoch [87/100] - [TRAIN] Loss: 0.4747, Accuracy: 79.58%, AUC: 0.79 - [VAL] Loss: 0.4939, Accuracy: 78.91%, AUC: 0.78
New best model saved with validation metric: 25.2684
Epoch [88/100] - [TRAIN] Loss: 0.4750, Accuracy: 79.52%, AUC: 0.79 - [VAL] Loss: 0.4941, Accuracy: 79.12%, AUC: 0.78
Epoch [89/100] - [TRAIN] Loss: 0.4734, Accuracy: 79.75%, AUC: 0.79 - [VAL] Loss: 0.4941, Accuracy: 78.88%, AUC: 0.78
Epoch [90/100] - [TRAIN] Loss: 0.4740, Accuracy: 79.66%, AUC: 0.79 - [VAL] Loss: 0.4943, Accuracy: 78.72%, AUC: 0.78
Epoch [91/100] - [TRAIN] Loss: 0.4704, Accuracy: 79.77%, AUC: 0.79 - [VAL] Loss: 0.4938, Accuracy: 78.88%, AUC: 0.78
Epoch [92/100] - [TRAIN] Loss: 0.4715, Accuracy: 79.77%, AUC: 0.79 - [VAL] Loss: 0.4940, Accuracy: 79.10%, AUC: 0.78
Epoch [93/100] - [TRAIN] Loss: 0.4722, Accuracy: 79.63%, AUC: 0.79 - [VAL] Loss: 0.4937, Accuracy: 79.07%, AUC: 0.78
Epoch [94/100] - [TRAIN] Loss: 0.4704, Accuracy: 79.84%, AUC: 0.79 - [VAL] Loss: 0.4941, Accuracy: 78.79%, AUC: 0.78
Epoch [95/100] - [TRAIN] Loss: 0.4710, Accuracy: 79.93%, AUC: 0.79 - [VAL] Loss: 0.4954, Accuracy: 78.80%, AUC: 0.78
Epoch [96/100] - [TRAIN] Loss: 0.4703, Accuracy: 79.77%, AUC: 0.79 - [VAL] Loss: 0.4943, Accuracy: 79.03%, AUC: 0.78
Epoch [97/100] - [TRAIN] Loss: 0.4722, Accuracy: 79.62%, AUC: 0.79 - [VAL] Loss: 0.4940, Accuracy: 78.98%, AUC: 0.78
Epoch [98/100] - [TRAIN] Loss: 0.4700, Accuracy: 79.73%, AUC: 0.79 - [VAL] Loss: 0.4944, Accuracy: 79.08%, AUC: 0.78
Epoch [99/100] - [TRAIN] Loss: 0.4689, Accuracy: 79.94%, AUC: 0.79 - [VAL] Loss: 0.4951, Accuracy: 79.08%, AUC: 0.78
Epoch [100/100] - [TRAIN] Loss: 0.4698, Accuracy: 79.86%, AUC: 0.79 - [VAL] Loss: 0.4962, Accuracy: 78.81%, AUC: 0.78
Training finished!
Accuracy Score on test set: 79.30 %
AUC Score on test set: 0.79
Item: H3K27ac-H3K4me3-H3K9me3-H3K9ac-H3K27me3
Train set shape: (7399, 5, 4000) (7399,)
Validation set shape: (7377, 5, 4000) (7377,)
Test set shape: (7378, 5, 4000) (7378,)
New best model saved with validation metric: 19.4242
Epoch [1/100] - [TRAIN] Loss: 0.6720, Accuracy: 60.81%, AUC: 0.50 - [VAL] Loss: 0.6534, Accuracy: 60.82%, AUC: 0.50
Epoch [2/100] - [TRAIN] Loss: 0.6406, Accuracy: 60.82%, AUC: 0.50 - [VAL] Loss: 0.6238, Accuracy: 60.82%, AUC: 0.50
Epoch [3/100] - [TRAIN] Loss: 0.6131, Accuracy: 60.82%, AUC: 0.50 - [VAL] Loss: 0.5945, Accuracy: 60.82%, AUC: 0.50
Epoch [4/100] - [TRAIN] Loss: 0.5841, Accuracy: 60.82%, AUC: 0.50 - [VAL] Loss: 0.5666, Accuracy: 60.82%, AUC: 0.50
New best model saved with validation metric: 24.9481
Epoch [5/100] - [TRAIN] Loss: 0.5593, Accuracy: 70.62%, AUC: 0.65 - [VAL] Loss: 0.5451, Accuracy: 78.12%, AUC: 0.77
New best model saved with validation metric: 25.0433
Epoch [6/100] - [TRAIN] Loss: 0.5426, Accuracy: 78.33%, AUC: 0.77 - [VAL] Loss: 0.5319, Accuracy: 78.42%, AUC: 0.78
Epoch [7/100] - [TRAIN] Loss: 0.5318, Accuracy: 78.20%, AUC: 0.77 - [VAL] Loss: 0.5241, Accuracy: 78.18%, AUC: 0.78
Epoch [8/100] - [TRAIN] Loss: 0.5265, Accuracy: 78.23%, AUC: 0.78 - [VAL] Loss: 0.5195, Accuracy: 78.12%, AUC: 0.78
Epoch [9/100] - [TRAIN] Loss: 0.5221, Accuracy: 78.02%, AUC: 0.78 - [VAL] Loss: 0.5167, Accuracy: 77.81%, AUC: 0.78
Epoch [10/100] - [TRAIN] Loss: 0.5178, Accuracy: 78.08%, AUC: 0.78 - [VAL] Loss: 0.5141, Accuracy: 77.78%, AUC: 0.78
Epoch [11/100] - [TRAIN] Loss: 0.5157, Accuracy: 78.08%, AUC: 0.78 - [VAL] Loss: 0.5120, Accuracy: 77.76%, AUC: 0.78
Epoch [12/100] - [TRAIN] Loss: 0.5131, Accuracy: 78.13%, AUC: 0.78 - [VAL] Loss: 0.5104, Accuracy: 77.73%, AUC: 0.78
Epoch [13/100] - [TRAIN] Loss: 0.5114, Accuracy: 78.15%, AUC: 0.78 - [VAL] Loss: 0.5085, Accuracy: 77.77%, AUC: 0.78
Epoch [14/100] - [TRAIN] Loss: 0.5100, Accuracy: 78.23%, AUC: 0.78 - [VAL] Loss: 0.5071, Accuracy: 78.07%, AUC: 0.78
Epoch [15/100] - [TRAIN] Loss: 0.5099, Accuracy: 78.27%, AUC: 0.78 - [VAL] Loss: 0.5069, Accuracy: 77.61%, AUC: 0.78
Epoch [16/100] - [TRAIN] Loss: 0.5082, Accuracy: 78.16%, AUC: 0.78 - [VAL] Loss: 0.5050, Accuracy: 78.23%, AUC: 0.78
Epoch [17/100] - [TRAIN] Loss: 0.5067, Accuracy: 78.38%, AUC: 0.78 - [VAL] Loss: 0.5044, Accuracy: 78.13%, AUC: 0.78
Epoch [18/100] - [TRAIN] Loss: 0.5053, Accuracy: 78.24%, AUC: 0.78 - [VAL] Loss: 0.5042, Accuracy: 77.96%, AUC: 0.78
Epoch [19/100] - [TRAIN] Loss: 0.5063, Accuracy: 78.35%, AUC: 0.78 - [VAL] Loss: 0.5034, Accuracy: 78.13%, AUC: 0.78
Epoch [20/100] - [TRAIN] Loss: 0.5026, Accuracy: 78.47%, AUC: 0.78 - [VAL] Loss: 0.5026, Accuracy: 78.16%, AUC: 0.78
Epoch [21/100] - [TRAIN] Loss: 0.5019, Accuracy: 78.46%, AUC: 0.78 - [VAL] Loss: 0.5019, Accuracy: 78.22%, AUC: 0.78
Epoch [22/100] - [TRAIN] Loss: 0.5018, Accuracy: 78.44%, AUC: 0.78 - [VAL] Loss: 0.5017, Accuracy: 78.20%, AUC: 0.78
Epoch [23/100] - [TRAIN] Loss: 0.5028, Accuracy: 78.58%, AUC: 0.78 - [VAL] Loss: 0.5010, Accuracy: 78.38%, AUC: 0.78
New best model saved with validation metric: 25.0563
Epoch [24/100] - [TRAIN] Loss: 0.5011, Accuracy: 78.47%, AUC: 0.78 - [VAL] Loss: 0.5004, Accuracy: 78.46%, AUC: 0.78
Epoch [25/100] - [TRAIN] Loss: 0.4992, Accuracy: 78.65%, AUC: 0.78 - [VAL] Loss: 0.5000, Accuracy: 78.46%, AUC: 0.78
Epoch [26/100] - [TRAIN] Loss: 0.4989, Accuracy: 78.66%, AUC: 0.78 - [VAL] Loss: 0.5006, Accuracy: 78.27%, AUC: 0.78
New best model saved with validation metric: 25.1082
Epoch [27/100] - [TRAIN] Loss: 0.4991, Accuracy: 78.56%, AUC: 0.78 - [VAL] Loss: 0.4987, Accuracy: 78.62%, AUC: 0.78
Epoch [28/100] - [TRAIN] Loss: 0.4978, Accuracy: 78.66%, AUC: 0.78 - [VAL] Loss: 0.4994, Accuracy: 78.41%, AUC: 0.78
Epoch [29/100] - [TRAIN] Loss: 0.4974, Accuracy: 78.66%, AUC: 0.78 - [VAL] Loss: 0.4981, Accuracy: 78.58%, AUC: 0.78
Epoch [30/100] - [TRAIN] Loss: 0.4965, Accuracy: 78.73%, AUC: 0.78 - [VAL] Loss: 0.4978, Accuracy: 78.58%, AUC: 0.78
New best model saved with validation metric: 25.1299
Epoch [31/100] - [TRAIN] Loss: 0.4961, Accuracy: 78.79%, AUC: 0.78 - [VAL] Loss: 0.4974, Accuracy: 78.69%, AUC: 0.78
Epoch [32/100] - [TRAIN] Loss: 0.4960, Accuracy: 78.86%, AUC: 0.78 - [VAL] Loss: 0.4975, Accuracy: 78.51%, AUC: 0.78
Epoch [33/100] - [TRAIN] Loss: 0.4957, Accuracy: 78.81%, AUC: 0.78 - [VAL] Loss: 0.4974, Accuracy: 78.49%, AUC: 0.78
Epoch [34/100] - [TRAIN] Loss: 0.4951, Accuracy: 78.94%, AUC: 0.78 - [VAL] Loss: 0.4966, Accuracy: 78.68%, AUC: 0.78
New best model saved with validation metric: 25.1515
Epoch [35/100] - [TRAIN] Loss: 0.4943, Accuracy: 78.90%, AUC: 0.78 - [VAL] Loss: 0.4962, Accuracy: 78.76%, AUC: 0.78
Epoch [36/100] - [TRAIN] Loss: 0.4936, Accuracy: 78.82%, AUC: 0.78 - [VAL] Loss: 0.4965, Accuracy: 78.60%, AUC: 0.78
New best model saved with validation metric: 25.1688
Epoch [37/100] - [TRAIN] Loss: 0.4943, Accuracy: 78.94%, AUC: 0.78 - [VAL] Loss: 0.4958, Accuracy: 78.81%, AUC: 0.78
Epoch [38/100] - [TRAIN] Loss: 0.4936, Accuracy: 78.97%, AUC: 0.78 - [VAL] Loss: 0.4955, Accuracy: 78.72%, AUC: 0.78
Epoch [39/100] - [TRAIN] Loss: 0.4924, Accuracy: 78.88%, AUC: 0.78 - [VAL] Loss: 0.4954, Accuracy: 78.80%, AUC: 0.78
Epoch [40/100] - [TRAIN] Loss: 0.4917, Accuracy: 79.01%, AUC: 0.78 - [VAL] Loss: 0.4976, Accuracy: 78.47%, AUC: 0.78
Epoch [41/100] - [TRAIN] Loss: 0.4927, Accuracy: 78.97%, AUC: 0.78 - [VAL] Loss: 0.4963, Accuracy: 78.54%, AUC: 0.78
Epoch [42/100] - [TRAIN] Loss: 0.4915, Accuracy: 79.01%, AUC: 0.78 - [VAL] Loss: 0.4949, Accuracy: 78.76%, AUC: 0.78
Epoch [43/100] - [TRAIN] Loss: 0.4922, Accuracy: 79.04%, AUC: 0.78 - [VAL] Loss: 0.4946, Accuracy: 78.76%, AUC: 0.78
Epoch [44/100] - [TRAIN] Loss: 0.4915, Accuracy: 79.01%, AUC: 0.78 - [VAL] Loss: 0.4943, Accuracy: 78.76%, AUC: 0.78
Epoch [45/100] - [TRAIN] Loss: 0.4906, Accuracy: 78.93%, AUC: 0.78 - [VAL] Loss: 0.4940, Accuracy: 78.74%, AUC: 0.78
Epoch [46/100] - [TRAIN] Loss: 0.4909, Accuracy: 79.01%, AUC: 0.78 - [VAL] Loss: 0.4939, Accuracy: 78.80%, AUC: 0.78
New best model saved with validation metric: 25.1732
Epoch [47/100] - [TRAIN] Loss: 0.4897, Accuracy: 79.11%, AUC: 0.78 - [VAL] Loss: 0.4939, Accuracy: 78.83%, AUC: 0.78
Epoch [48/100] - [TRAIN] Loss: 0.4887, Accuracy: 79.02%, AUC: 0.78 - [VAL] Loss: 0.4936, Accuracy: 78.80%, AUC: 0.78
Epoch [49/100] - [TRAIN] Loss: 0.4893, Accuracy: 79.00%, AUC: 0.78 - [VAL] Loss: 0.4943, Accuracy: 78.65%, AUC: 0.78
Epoch [50/100] - [TRAIN] Loss: 0.4878, Accuracy: 79.00%, AUC: 0.78 - [VAL] Loss: 0.4933, Accuracy: 78.80%, AUC: 0.78
Epoch [51/100] - [TRAIN] Loss: 0.4888, Accuracy: 79.15%, AUC: 0.78 - [VAL] Loss: 0.4930, Accuracy: 78.83%, AUC: 0.78
Epoch [52/100] - [TRAIN] Loss: 0.4883, Accuracy: 79.13%, AUC: 0.78 - [VAL] Loss: 0.4931, Accuracy: 78.79%, AUC: 0.78
Epoch [53/100] - [TRAIN] Loss: 0.4881, Accuracy: 79.05%, AUC: 0.78 - [VAL] Loss: 0.4930, Accuracy: 78.76%, AUC: 0.78
Epoch [54/100] - [TRAIN] Loss: 0.4889, Accuracy: 79.11%, AUC: 0.78 - [VAL] Loss: 0.4935, Accuracy: 78.70%, AUC: 0.78
Epoch [55/100] - [TRAIN] Loss: 0.4864, Accuracy: 79.11%, AUC: 0.78 - [VAL] Loss: 0.4928, Accuracy: 78.77%, AUC: 0.78
Epoch [56/100] - [TRAIN] Loss: 0.4868, Accuracy: 79.15%, AUC: 0.78 - [VAL] Loss: 0.4926, Accuracy: 78.77%, AUC: 0.78
Epoch [57/100] - [TRAIN] Loss: 0.4853, Accuracy: 79.12%, AUC: 0.78 - [VAL] Loss: 0.4926, Accuracy: 78.76%, AUC: 0.78
Epoch [58/100] - [TRAIN] Loss: 0.4868, Accuracy: 79.13%, AUC: 0.78 - [VAL] Loss: 0.4922, Accuracy: 78.81%, AUC: 0.78
New best model saved with validation metric: 25.2208
Epoch [59/100] - [TRAIN] Loss: 0.4863, Accuracy: 79.23%, AUC: 0.78 - [VAL] Loss: 0.4922, Accuracy: 78.98%, AUC: 0.78
Epoch [60/100] - [TRAIN] Loss: 0.4856, Accuracy: 79.25%, AUC: 0.78 - [VAL] Loss: 0.4920, Accuracy: 78.83%, AUC: 0.78
Epoch [61/100] - [TRAIN] Loss: 0.4839, Accuracy: 79.29%, AUC: 0.78 - [VAL] Loss: 0.4927, Accuracy: 78.70%, AUC: 0.78
Epoch [62/100] - [TRAIN] Loss: 0.4837, Accuracy: 79.25%, AUC: 0.78 - [VAL] Loss: 0.4930, Accuracy: 78.69%, AUC: 0.78
Epoch [63/100] - [TRAIN] Loss: 0.4847, Accuracy: 79.13%, AUC: 0.78 - [VAL] Loss: 0.4926, Accuracy: 78.72%, AUC: 0.78
Epoch [64/100] - [TRAIN] Loss: 0.4843, Accuracy: 79.29%, AUC: 0.78 - [VAL] Loss: 0.4928, Accuracy: 78.70%, AUC: 0.78
Epoch [65/100] - [TRAIN] Loss: 0.4833, Accuracy: 79.29%, AUC: 0.79 - [VAL] Loss: 0.4922, Accuracy: 78.79%, AUC: 0.78
Epoch [66/100] - [TRAIN] Loss: 0.4829, Accuracy: 79.28%, AUC: 0.79 - [VAL] Loss: 0.4916, Accuracy: 78.91%, AUC: 0.78
Epoch [67/100] - [TRAIN] Loss: 0.4826, Accuracy: 79.27%, AUC: 0.78 - [VAL] Loss: 0.4919, Accuracy: 78.87%, AUC: 0.78
Epoch [68/100] - [TRAIN] Loss: 0.4818, Accuracy: 79.32%, AUC: 0.79 - [VAL] Loss: 0.4915, Accuracy: 78.98%, AUC: 0.78
Epoch [69/100] - [TRAIN] Loss: 0.4816, Accuracy: 79.23%, AUC: 0.78 - [VAL] Loss: 0.4914, Accuracy: 78.89%, AUC: 0.78
Epoch [70/100] - [TRAIN] Loss: 0.4810, Accuracy: 79.32%, AUC: 0.79 - [VAL] Loss: 0.4918, Accuracy: 78.81%, AUC: 0.78
Epoch [71/100] - [TRAIN] Loss: 0.4819, Accuracy: 79.42%, AUC: 0.79 - [VAL] Loss: 0.4913, Accuracy: 78.91%, AUC: 0.78
Epoch [72/100] - [TRAIN] Loss: 0.4820, Accuracy: 79.38%, AUC: 0.79 - [VAL] Loss: 0.4938, Accuracy: 78.58%, AUC: 0.78
Epoch [73/100] - [TRAIN] Loss: 0.4805, Accuracy: 79.54%, AUC: 0.79 - [VAL] Loss: 0.4924, Accuracy: 78.69%, AUC: 0.78
Epoch [74/100] - [TRAIN] Loss: 0.4814, Accuracy: 79.48%, AUC: 0.79 - [VAL] Loss: 0.4922, Accuracy: 78.72%, AUC: 0.78
New best model saved with validation metric: 25.2381
Epoch [75/100] - [TRAIN] Loss: 0.4799, Accuracy: 79.36%, AUC: 0.79 - [VAL] Loss: 0.4914, Accuracy: 79.03%, AUC: 0.78
Epoch [76/100] - [TRAIN] Loss: 0.4800, Accuracy: 79.35%, AUC: 0.79 - [VAL] Loss: 0.4917, Accuracy: 79.03%, AUC: 0.78
New best model saved with validation metric: 25.2424
Epoch [77/100] - [TRAIN] Loss: 0.4783, Accuracy: 79.40%, AUC: 0.79 - [VAL] Loss: 0.4913, Accuracy: 79.04%, AUC: 0.78
Epoch [78/100] - [TRAIN] Loss: 0.4791, Accuracy: 79.36%, AUC: 0.79 - [VAL] Loss: 0.4918, Accuracy: 78.73%, AUC: 0.78
Epoch [79/100] - [TRAIN] Loss: 0.4784, Accuracy: 79.38%, AUC: 0.79 - [VAL] Loss: 0.4923, Accuracy: 78.73%, AUC: 0.78
Epoch [80/100] - [TRAIN] Loss: 0.4778, Accuracy: 79.46%, AUC: 0.79 - [VAL] Loss: 0.4925, Accuracy: 78.69%, AUC: 0.78
Epoch [81/100] - [TRAIN] Loss: 0.4794, Accuracy: 79.40%, AUC: 0.79 - [VAL] Loss: 0.4913, Accuracy: 79.03%, AUC: 0.78
Epoch [82/100] - [TRAIN] Loss: 0.4781, Accuracy: 79.44%, AUC: 0.79 - [VAL] Loss: 0.4913, Accuracy: 78.95%, AUC: 0.78
Epoch [83/100] - [TRAIN] Loss: 0.4776, Accuracy: 79.46%, AUC: 0.79 - [VAL] Loss: 0.4932, Accuracy: 78.62%, AUC: 0.78
Epoch [84/100] - [TRAIN] Loss: 0.4795, Accuracy: 79.50%, AUC: 0.79 - [VAL] Loss: 0.4916, Accuracy: 78.99%, AUC: 0.78
Epoch [85/100] - [TRAIN] Loss: 0.4784, Accuracy: 79.56%, AUC: 0.79 - [VAL] Loss: 0.4918, Accuracy: 78.91%, AUC: 0.78
Epoch [86/100] - [TRAIN] Loss: 0.4760, Accuracy: 79.63%, AUC: 0.79 - [VAL] Loss: 0.4917, Accuracy: 79.00%, AUC: 0.78
Epoch [87/100] - [TRAIN] Loss: 0.4771, Accuracy: 79.55%, AUC: 0.79 - [VAL] Loss: 0.4918, Accuracy: 78.93%, AUC: 0.78
Epoch [88/100] - [TRAIN] Loss: 0.4763, Accuracy: 79.55%, AUC: 0.79 - [VAL] Loss: 0.4917, Accuracy: 78.93%, AUC: 0.78
New best model saved with validation metric: 25.2944
Epoch [89/100] - [TRAIN] Loss: 0.4755, Accuracy: 79.85%, AUC: 0.79 - [VAL] Loss: 0.4920, Accuracy: 79.21%, AUC: 0.78
Epoch [90/100] - [TRAIN] Loss: 0.4748, Accuracy: 79.54%, AUC: 0.79 - [VAL] Loss: 0.4915, Accuracy: 79.04%, AUC: 0.78
Epoch [91/100] - [TRAIN] Loss: 0.4767, Accuracy: 79.63%, AUC: 0.79 - [VAL] Loss: 0.4929, Accuracy: 78.74%, AUC: 0.78
Epoch [92/100] - [TRAIN] Loss: 0.4757, Accuracy: 79.70%, AUC: 0.79 - [VAL] Loss: 0.4918, Accuracy: 78.95%, AUC: 0.78
Epoch [93/100] - [TRAIN] Loss: 0.4755, Accuracy: 79.81%, AUC: 0.79 - [VAL] Loss: 0.4915, Accuracy: 79.00%, AUC: 0.78
Epoch [94/100] - [TRAIN] Loss: 0.4743, Accuracy: 79.75%, AUC: 0.79 - [VAL] Loss: 0.4921, Accuracy: 79.10%, AUC: 0.78
Epoch [95/100] - [TRAIN] Loss: 0.4743, Accuracy: 79.65%, AUC: 0.79 - [VAL] Loss: 0.4915, Accuracy: 79.04%, AUC: 0.78
Epoch [96/100] - [TRAIN] Loss: 0.4749, Accuracy: 79.82%, AUC: 0.79 - [VAL] Loss: 0.4916, Accuracy: 79.18%, AUC: 0.78
Epoch [97/100] - [TRAIN] Loss: 0.4738, Accuracy: 79.71%, AUC: 0.79 - [VAL] Loss: 0.4918, Accuracy: 78.99%, AUC: 0.78
Epoch [98/100] - [TRAIN] Loss: 0.4739, Accuracy: 79.71%, AUC: 0.79 - [VAL] Loss: 0.4917, Accuracy: 79.15%, AUC: 0.78
Epoch [99/100] - [TRAIN] Loss: 0.4736, Accuracy: 79.71%, AUC: 0.79 - [VAL] Loss: 0.4918, Accuracy: 79.08%, AUC: 0.78
Epoch [100/100] - [TRAIN] Loss: 0.4741, Accuracy: 79.82%, AUC: 0.79 - [VAL] Loss: 0.4923, Accuracy: 78.83%, AUC: 0.78
Training finished!
Accuracy Score on test set: 79.28 %
AUC Score on test set: 0.79
Item: H3K27ac-H3K4me3-H3K9me3-H3K27me3-H3K9ac
Train set shape: (7399, 5, 4000) (7399,)
Validation set shape: (7377, 5, 4000) (7377,)
Test set shape: (7378, 5, 4000) (7378,)
New best model saved with validation metric: 19.4242
Epoch [1/100] - [TRAIN] Loss: 0.6693, Accuracy: 59.39%, AUC: 0.52 - [VAL] Loss: 0.6346, Accuracy: 60.82%, AUC: 0.50
Epoch [2/100] - [TRAIN] Loss: 0.6084, Accuracy: 60.82%, AUC: 0.50 - [VAL] Loss: 0.5825, Accuracy: 60.82%, AUC: 0.50
New best model saved with validation metric: 24.8052
Epoch [3/100] - [TRAIN] Loss: 0.5700, Accuracy: 64.24%, AUC: 0.55 - [VAL] Loss: 0.5524, Accuracy: 77.67%, AUC: 0.76
New best model saved with validation metric: 25.0693
Epoch [4/100] - [TRAIN] Loss: 0.5474, Accuracy: 78.11%, AUC: 0.76 - [VAL] Loss: 0.5359, Accuracy: 78.50%, AUC: 0.78
Epoch [5/100] - [TRAIN] Loss: 0.5372, Accuracy: 78.50%, AUC: 0.77 - [VAL] Loss: 0.5278, Accuracy: 78.30%, AUC: 0.78
Epoch [6/100] - [TRAIN] Loss: 0.5284, Accuracy: 78.36%, AUC: 0.78 - [VAL] Loss: 0.5224, Accuracy: 78.12%, AUC: 0.78
Epoch [7/100] - [TRAIN] Loss: 0.5246, Accuracy: 78.29%, AUC: 0.78 - [VAL] Loss: 0.5184, Accuracy: 77.93%, AUC: 0.78
Epoch [8/100] - [TRAIN] Loss: 0.5200, Accuracy: 78.17%, AUC: 0.78 - [VAL] Loss: 0.5153, Accuracy: 77.88%, AUC: 0.78
Epoch [9/100] - [TRAIN] Loss: 0.5172, Accuracy: 78.21%, AUC: 0.78 - [VAL] Loss: 0.5132, Accuracy: 77.86%, AUC: 0.78
Epoch [10/100] - [TRAIN] Loss: 0.5146, Accuracy: 78.12%, AUC: 0.78 - [VAL] Loss: 0.5113, Accuracy: 77.93%, AUC: 0.78
Epoch [11/100] - [TRAIN] Loss: 0.5137, Accuracy: 78.24%, AUC: 0.78 - [VAL] Loss: 0.5097, Accuracy: 77.92%, AUC: 0.78
Epoch [12/100] - [TRAIN] Loss: 0.5125, Accuracy: 78.23%, AUC: 0.78 - [VAL] Loss: 0.5086, Accuracy: 77.84%, AUC: 0.78
Epoch [13/100] - [TRAIN] Loss: 0.5086, Accuracy: 78.23%, AUC: 0.78 - [VAL] Loss: 0.5077, Accuracy: 77.74%, AUC: 0.78
Epoch [14/100] - [TRAIN] Loss: 0.5084, Accuracy: 78.19%, AUC: 0.78 - [VAL] Loss: 0.5065, Accuracy: 78.04%, AUC: 0.78
Epoch [15/100] - [TRAIN] Loss: 0.5074, Accuracy: 78.27%, AUC: 0.78 - [VAL] Loss: 0.5058, Accuracy: 77.99%, AUC: 0.78
Epoch [16/100] - [TRAIN] Loss: 0.5066, Accuracy: 78.29%, AUC: 0.78 - [VAL] Loss: 0.5053, Accuracy: 78.03%, AUC: 0.78
Epoch [17/100] - [TRAIN] Loss: 0.5046, Accuracy: 78.36%, AUC: 0.78 - [VAL] Loss: 0.5046, Accuracy: 78.05%, AUC: 0.78
Epoch [18/100] - [TRAIN] Loss: 0.5042, Accuracy: 78.47%, AUC: 0.78 - [VAL] Loss: 0.5037, Accuracy: 78.24%, AUC: 0.78
Epoch [19/100] - [TRAIN] Loss: 0.5049, Accuracy: 78.36%, AUC: 0.78 - [VAL] Loss: 0.5031, Accuracy: 78.42%, AUC: 0.78
Epoch [20/100] - [TRAIN] Loss: 0.5019, Accuracy: 78.47%, AUC: 0.78 - [VAL] Loss: 0.5026, Accuracy: 78.42%, AUC: 0.78
Epoch [21/100] - [TRAIN] Loss: 0.5026, Accuracy: 78.59%, AUC: 0.78 - [VAL] Loss: 0.5027, Accuracy: 78.28%, AUC: 0.78
Epoch [22/100] - [TRAIN] Loss: 0.5007, Accuracy: 78.59%, AUC: 0.78 - [VAL] Loss: 0.5022, Accuracy: 78.34%, AUC: 0.78
Epoch [23/100] - [TRAIN] Loss: 0.4999, Accuracy: 78.62%, AUC: 0.78 - [VAL] Loss: 0.5017, Accuracy: 78.32%, AUC: 0.78
Epoch [24/100] - [TRAIN] Loss: 0.5005, Accuracy: 78.83%, AUC: 0.78 - [VAL] Loss: 0.5015, Accuracy: 78.35%, AUC: 0.78
Epoch [25/100] - [TRAIN] Loss: 0.4988, Accuracy: 78.62%, AUC: 0.78 - [VAL] Loss: 0.5008, Accuracy: 78.34%, AUC: 0.78
Epoch [26/100] - [TRAIN] Loss: 0.4988, Accuracy: 78.73%, AUC: 0.78 - [VAL] Loss: 0.5001, Accuracy: 78.41%, AUC: 0.78
Epoch [27/100] - [TRAIN] Loss: 0.4985, Accuracy: 78.75%, AUC: 0.78 - [VAL] Loss: 0.4997, Accuracy: 78.46%, AUC: 0.78
New best model saved with validation metric: 25.0823
Epoch [28/100] - [TRAIN] Loss: 0.4973, Accuracy: 78.77%, AUC: 0.78 - [VAL] Loss: 0.4992, Accuracy: 78.54%, AUC: 0.78
New best model saved with validation metric: 25.0866
Epoch [29/100] - [TRAIN] Loss: 0.4962, Accuracy: 78.78%, AUC: 0.78 - [VAL] Loss: 0.4988, Accuracy: 78.55%, AUC: 0.78
Epoch [30/100] - [TRAIN] Loss: 0.4963, Accuracy: 78.78%, AUC: 0.78 - [VAL] Loss: 0.4994, Accuracy: 78.32%, AUC: 0.78
Epoch [31/100] - [TRAIN] Loss: 0.4962, Accuracy: 78.86%, AUC: 0.78 - [VAL] Loss: 0.4986, Accuracy: 78.43%, AUC: 0.78
New best model saved with validation metric: 25.1082
Epoch [32/100] - [TRAIN] Loss: 0.4964, Accuracy: 78.88%, AUC: 0.78 - [VAL] Loss: 0.4978, Accuracy: 78.62%, AUC: 0.78
Epoch [33/100] - [TRAIN] Loss: 0.4952, Accuracy: 78.86%, AUC: 0.78 - [VAL] Loss: 0.4979, Accuracy: 78.41%, AUC: 0.78
New best model saved with validation metric: 25.1212
Epoch [34/100] - [TRAIN] Loss: 0.4939, Accuracy: 78.93%, AUC: 0.78 - [VAL] Loss: 0.4971, Accuracy: 78.66%, AUC: 0.78
Epoch [35/100] - [TRAIN] Loss: 0.4948, Accuracy: 78.94%, AUC: 0.78 - [VAL] Loss: 0.4968, Accuracy: 78.65%, AUC: 0.78
Epoch [36/100] - [TRAIN] Loss: 0.4934, Accuracy: 78.96%, AUC: 0.78 - [VAL] Loss: 0.4969, Accuracy: 78.53%, AUC: 0.78
Epoch [37/100] - [TRAIN] Loss: 0.4932, Accuracy: 78.83%, AUC: 0.78 - [VAL] Loss: 0.4966, Accuracy: 78.49%, AUC: 0.78
Epoch [38/100] - [TRAIN] Loss: 0.4915, Accuracy: 78.93%, AUC: 0.78 - [VAL] Loss: 0.4963, Accuracy: 78.55%, AUC: 0.78
New best model saved with validation metric: 25.1299
Epoch [39/100] - [TRAIN] Loss: 0.4922, Accuracy: 78.96%, AUC: 0.78 - [VAL] Loss: 0.4960, Accuracy: 78.69%, AUC: 0.78
New best model saved with validation metric: 25.1385
Epoch [40/100] - [TRAIN] Loss: 0.4909, Accuracy: 79.01%, AUC: 0.78 - [VAL] Loss: 0.4956, Accuracy: 78.72%, AUC: 0.78
Epoch [41/100] - [TRAIN] Loss: 0.4905, Accuracy: 79.11%, AUC: 0.78 - [VAL] Loss: 0.4961, Accuracy: 78.51%, AUC: 0.78
Epoch [42/100] - [TRAIN] Loss: 0.4907, Accuracy: 78.90%, AUC: 0.78 - [VAL] Loss: 0.4953, Accuracy: 78.72%, AUC: 0.78
Epoch [43/100] - [TRAIN] Loss: 0.4902, Accuracy: 79.00%, AUC: 0.78 - [VAL] Loss: 0.4956, Accuracy: 78.53%, AUC: 0.78
Epoch [44/100] - [TRAIN] Loss: 0.4893, Accuracy: 79.04%, AUC: 0.78 - [VAL] Loss: 0.4950, Accuracy: 78.65%, AUC: 0.78
New best model saved with validation metric: 25.1515
Epoch [45/100] - [TRAIN] Loss: 0.4894, Accuracy: 79.02%, AUC: 0.78 - [VAL] Loss: 0.4947, Accuracy: 78.76%, AUC: 0.78
Epoch [46/100] - [TRAIN] Loss: 0.4889, Accuracy: 79.06%, AUC: 0.78 - [VAL] Loss: 0.4946, Accuracy: 78.68%, AUC: 0.78
Epoch [47/100] - [TRAIN] Loss: 0.4886, Accuracy: 79.04%, AUC: 0.78 - [VAL] Loss: 0.4946, Accuracy: 78.66%, AUC: 0.78
Epoch [48/100] - [TRAIN] Loss: 0.4895, Accuracy: 78.98%, AUC: 0.78 - [VAL] Loss: 0.4943, Accuracy: 78.73%, AUC: 0.78
Epoch [49/100] - [TRAIN] Loss: 0.4864, Accuracy: 79.04%, AUC: 0.78 - [VAL] Loss: 0.4941, Accuracy: 78.70%, AUC: 0.78
Epoch [50/100] - [TRAIN] Loss: 0.4879, Accuracy: 79.13%, AUC: 0.78 - [VAL] Loss: 0.4940, Accuracy: 78.72%, AUC: 0.78
Epoch [51/100] - [TRAIN] Loss: 0.4867, Accuracy: 79.09%, AUC: 0.78 - [VAL] Loss: 0.4941, Accuracy: 78.72%, AUC: 0.78
Epoch [52/100] - [TRAIN] Loss: 0.4871, Accuracy: 79.04%, AUC: 0.78 - [VAL] Loss: 0.4945, Accuracy: 78.64%, AUC: 0.78
Epoch [53/100] - [TRAIN] Loss: 0.4855, Accuracy: 79.19%, AUC: 0.78 - [VAL] Loss: 0.4939, Accuracy: 78.68%, AUC: 0.78
Epoch [54/100] - [TRAIN] Loss: 0.4860, Accuracy: 79.24%, AUC: 0.78 - [VAL] Loss: 0.4942, Accuracy: 78.66%, AUC: 0.78
New best model saved with validation metric: 25.1558
Epoch [55/100] - [TRAIN] Loss: 0.4858, Accuracy: 79.20%, AUC: 0.78 - [VAL] Loss: 0.4932, Accuracy: 78.77%, AUC: 0.78
Epoch [56/100] - [TRAIN] Loss: 0.4841, Accuracy: 79.27%, AUC: 0.78 - [VAL] Loss: 0.4932, Accuracy: 78.73%, AUC: 0.78
New best model saved with validation metric: 25.1861
Epoch [57/100] - [TRAIN] Loss: 0.4830, Accuracy: 79.24%, AUC: 0.78 - [VAL] Loss: 0.4929, Accuracy: 78.87%, AUC: 0.78
Epoch [58/100] - [TRAIN] Loss: 0.4826, Accuracy: 79.12%, AUC: 0.78 - [VAL] Loss: 0.4931, Accuracy: 78.76%, AUC: 0.78
Epoch [59/100] - [TRAIN] Loss: 0.4823, Accuracy: 79.23%, AUC: 0.78 - [VAL] Loss: 0.4930, Accuracy: 78.83%, AUC: 0.78
Epoch [60/100] - [TRAIN] Loss: 0.4815, Accuracy: 79.29%, AUC: 0.79 - [VAL] Loss: 0.4934, Accuracy: 78.68%, AUC: 0.78
Epoch [61/100] - [TRAIN] Loss: 0.4820, Accuracy: 79.16%, AUC: 0.78 - [VAL] Loss: 0.4928, Accuracy: 78.84%, AUC: 0.78
Epoch [62/100] - [TRAIN] Loss: 0.4816, Accuracy: 79.34%, AUC: 0.79 - [VAL] Loss: 0.4930, Accuracy: 78.85%, AUC: 0.78
Epoch [63/100] - [TRAIN] Loss: 0.4817, Accuracy: 79.19%, AUC: 0.78 - [VAL] Loss: 0.4925, Accuracy: 78.87%, AUC: 0.78
Epoch [64/100] - [TRAIN] Loss: 0.4814, Accuracy: 79.28%, AUC: 0.78 - [VAL] Loss: 0.4940, Accuracy: 78.61%, AUC: 0.78
Epoch [65/100] - [TRAIN] Loss: 0.4804, Accuracy: 79.31%, AUC: 0.79 - [VAL] Loss: 0.4930, Accuracy: 78.80%, AUC: 0.78
New best model saved with validation metric: 25.1905
Epoch [66/100] - [TRAIN] Loss: 0.4803, Accuracy: 79.35%, AUC: 0.79 - [VAL] Loss: 0.4926, Accuracy: 78.88%, AUC: 0.78
Epoch [67/100] - [TRAIN] Loss: 0.4812, Accuracy: 79.24%, AUC: 0.78 - [VAL] Loss: 0.4942, Accuracy: 78.64%, AUC: 0.78
New best model saved with validation metric: 25.1991
Epoch [68/100] - [TRAIN] Loss: 0.4778, Accuracy: 79.39%, AUC: 0.79 - [VAL] Loss: 0.4924, Accuracy: 78.91%, AUC: 0.78
Epoch [69/100] - [TRAIN] Loss: 0.4796, Accuracy: 79.54%, AUC: 0.79 - [VAL] Loss: 0.4932, Accuracy: 78.79%, AUC: 0.78
Epoch [70/100] - [TRAIN] Loss: 0.4781, Accuracy: 79.25%, AUC: 0.78 - [VAL] Loss: 0.4925, Accuracy: 78.84%, AUC: 0.78
New best model saved with validation metric: 25.2078
Epoch [71/100] - [TRAIN] Loss: 0.4787, Accuracy: 79.48%, AUC: 0.79 - [VAL] Loss: 0.4925, Accuracy: 78.93%, AUC: 0.78
Epoch [72/100] - [TRAIN] Loss: 0.4781, Accuracy: 79.36%, AUC: 0.79 - [VAL] Loss: 0.4929, Accuracy: 78.84%, AUC: 0.78
Epoch [73/100] - [TRAIN] Loss: 0.4778, Accuracy: 79.39%, AUC: 0.79 - [VAL] Loss: 0.4928, Accuracy: 78.87%, AUC: 0.78
Epoch [74/100] - [TRAIN] Loss: 0.4787, Accuracy: 79.40%, AUC: 0.79 - [VAL] Loss: 0.4929, Accuracy: 78.88%, AUC: 0.78
Epoch [75/100] - [TRAIN] Loss: 0.4774, Accuracy: 79.50%, AUC: 0.79 - [VAL] Loss: 0.4928, Accuracy: 78.89%, AUC: 0.78
Epoch [76/100] - [TRAIN] Loss: 0.4774, Accuracy: 79.47%, AUC: 0.79 - [VAL] Loss: 0.4926, Accuracy: 78.93%, AUC: 0.78
Epoch [77/100] - [TRAIN] Loss: 0.4761, Accuracy: 79.40%, AUC: 0.79 - [VAL] Loss: 0.4935, Accuracy: 78.77%, AUC: 0.78
Epoch [78/100] - [TRAIN] Loss: 0.4772, Accuracy: 79.54%, AUC: 0.79 - [VAL] Loss: 0.4928, Accuracy: 78.87%, AUC: 0.78
Epoch [79/100] - [TRAIN] Loss: 0.4759, Accuracy: 79.51%, AUC: 0.79 - [VAL] Loss: 0.4928, Accuracy: 78.88%, AUC: 0.78
New best model saved with validation metric: 25.2121
Epoch [80/100] - [TRAIN] Loss: 0.4756, Accuracy: 79.73%, AUC: 0.79 - [VAL] Loss: 0.4926, Accuracy: 78.95%, AUC: 0.78
New best model saved with validation metric: 25.2468
Epoch [81/100] - [TRAIN] Loss: 0.4759, Accuracy: 79.51%, AUC: 0.79 - [VAL] Loss: 0.4932, Accuracy: 79.06%, AUC: 0.78
Epoch [82/100] - [TRAIN] Loss: 0.4745, Accuracy: 79.56%, AUC: 0.79 - [VAL] Loss: 0.4929, Accuracy: 78.91%, AUC: 0.78
Epoch [83/100] - [TRAIN] Loss: 0.4760, Accuracy: 79.61%, AUC: 0.79 - [VAL] Loss: 0.4927, Accuracy: 79.02%, AUC: 0.78
Epoch [84/100] - [TRAIN] Loss: 0.4747, Accuracy: 79.59%, AUC: 0.79 - [VAL] Loss: 0.4936, Accuracy: 78.77%, AUC: 0.78
Epoch [85/100] - [TRAIN] Loss: 0.4736, Accuracy: 79.84%, AUC: 0.79 - [VAL] Loss: 0.4934, Accuracy: 78.87%, AUC: 0.78
Epoch [86/100] - [TRAIN] Loss: 0.4733, Accuracy: 79.71%, AUC: 0.79 - [VAL] Loss: 0.4929, Accuracy: 78.92%, AUC: 0.78
Epoch [87/100] - [TRAIN] Loss: 0.4737, Accuracy: 79.69%, AUC: 0.79 - [VAL] Loss: 0.4952, Accuracy: 78.66%, AUC: 0.78
Epoch [88/100] - [TRAIN] Loss: 0.4753, Accuracy: 79.70%, AUC: 0.79 - [VAL] Loss: 0.4929, Accuracy: 78.95%, AUC: 0.78
Epoch [89/100] - [TRAIN] Loss: 0.4735, Accuracy: 79.46%, AUC: 0.79 - [VAL] Loss: 0.4929, Accuracy: 78.96%, AUC: 0.78
Epoch [90/100] - [TRAIN] Loss: 0.4735, Accuracy: 79.69%, AUC: 0.79 - [VAL] Loss: 0.4934, Accuracy: 78.91%, AUC: 0.78
Epoch [91/100] - [TRAIN] Loss: 0.4742, Accuracy: 79.75%, AUC: 0.79 - [VAL] Loss: 0.4929, Accuracy: 78.95%, AUC: 0.78
Epoch [92/100] - [TRAIN] Loss: 0.4725, Accuracy: 79.82%, AUC: 0.79 - [VAL] Loss: 0.4932, Accuracy: 79.02%, AUC: 0.78
Epoch [93/100] - [TRAIN] Loss: 0.4717, Accuracy: 79.62%, AUC: 0.79 - [VAL] Loss: 0.4941, Accuracy: 78.84%, AUC: 0.78
Epoch [94/100] - [TRAIN] Loss: 0.4716, Accuracy: 79.69%, AUC: 0.79 - [VAL] Loss: 0.4932, Accuracy: 78.96%, AUC: 0.78
Epoch [95/100] - [TRAIN] Loss: 0.4713, Accuracy: 79.73%, AUC: 0.79 - [VAL] Loss: 0.4930, Accuracy: 78.91%, AUC: 0.78
Epoch [96/100] - [TRAIN] Loss: 0.4704, Accuracy: 79.81%, AUC: 0.79 - [VAL] Loss: 0.4934, Accuracy: 79.06%, AUC: 0.78
Epoch [97/100] - [TRAIN] Loss: 0.4710, Accuracy: 79.78%, AUC: 0.79 - [VAL] Loss: 0.4952, Accuracy: 78.76%, AUC: 0.78
Epoch [98/100] - [TRAIN] Loss: 0.4713, Accuracy: 79.71%, AUC: 0.79 - [VAL] Loss: 0.4938, Accuracy: 78.92%, AUC: 0.78
Epoch [99/100] - [TRAIN] Loss: 0.4699, Accuracy: 79.74%, AUC: 0.79 - [VAL] Loss: 0.4933, Accuracy: 79.04%, AUC: 0.78
Epoch [100/100] - [TRAIN] Loss: 0.4700, Accuracy: 79.84%, AUC: 0.79 - [VAL] Loss: 0.4935, Accuracy: 78.96%, AUC: 0.78
Training finished!
Accuracy Score on test set: 79.30 %
AUC Score on test set: 0.79
Item: H3K27ac-H3K4me3-H3K27me3-H3K9ac-H3K9me3
Train set shape: (7399, 5, 4000) (7399,)
Validation set shape: (7377, 5, 4000) (7377,)
Test set shape: (7378, 5, 4000) (7378,)
New best model saved with validation metric: 19.4242
Epoch [1/100] - [TRAIN] Loss: 0.6610, Accuracy: 60.81%, AUC: 0.50 - [VAL] Loss: 0.6315, Accuracy: 60.82%, AUC: 0.50
Epoch [2/100] - [TRAIN] Loss: 0.6122, Accuracy: 60.82%, AUC: 0.50 - [VAL] Loss: 0.5908, Accuracy: 60.82%, AUC: 0.50
Epoch [3/100] - [TRAIN] Loss: 0.5788, Accuracy: 60.82%, AUC: 0.50 - [VAL] Loss: 0.5615, Accuracy: 60.82%, AUC: 0.50
New best model saved with validation metric: 24.8658
Epoch [4/100] - [TRAIN] Loss: 0.5551, Accuracy: 72.67%, AUC: 0.68 - [VAL] Loss: 0.5428, Accuracy: 77.86%, AUC: 0.76
New best model saved with validation metric: 24.9740
Epoch [5/100] - [TRAIN] Loss: 0.5415, Accuracy: 78.31%, AUC: 0.77 - [VAL] Loss: 0.5328, Accuracy: 78.20%, AUC: 0.77
Epoch [6/100] - [TRAIN] Loss: 0.5355, Accuracy: 78.17%, AUC: 0.77 - [VAL] Loss: 0.5268, Accuracy: 78.01%, AUC: 0.77
Epoch [7/100] - [TRAIN] Loss: 0.5276, Accuracy: 78.25%, AUC: 0.77 - [VAL] Loss: 0.5220, Accuracy: 78.00%, AUC: 0.78
Epoch [8/100] - [TRAIN] Loss: 0.5238, Accuracy: 78.23%, AUC: 0.78 - [VAL] Loss: 0.5185, Accuracy: 77.86%, AUC: 0.78
Epoch [9/100] - [TRAIN] Loss: 0.5198, Accuracy: 78.23%, AUC: 0.78 - [VAL] Loss: 0.5156, Accuracy: 77.86%, AUC: 0.78
Epoch [10/100] - [TRAIN] Loss: 0.5173, Accuracy: 78.19%, AUC: 0.78 - [VAL] Loss: 0.5135, Accuracy: 77.74%, AUC: 0.78
Epoch [11/100] - [TRAIN] Loss: 0.5157, Accuracy: 78.16%, AUC: 0.78 - [VAL] Loss: 0.5118, Accuracy: 77.81%, AUC: 0.78
Epoch [12/100] - [TRAIN] Loss: 0.5134, Accuracy: 78.24%, AUC: 0.78 - [VAL] Loss: 0.5104, Accuracy: 77.86%, AUC: 0.78
Epoch [13/100] - [TRAIN] Loss: 0.5122, Accuracy: 78.32%, AUC: 0.78 - [VAL] Loss: 0.5091, Accuracy: 77.88%, AUC: 0.78
Epoch [14/100] - [TRAIN] Loss: 0.5089, Accuracy: 78.29%, AUC: 0.78 - [VAL] Loss: 0.5079, Accuracy: 77.99%, AUC: 0.78
Epoch [15/100] - [TRAIN] Loss: 0.5083, Accuracy: 78.33%, AUC: 0.78 - [VAL] Loss: 0.5073, Accuracy: 77.96%, AUC: 0.78
Epoch [16/100] - [TRAIN] Loss: 0.5069, Accuracy: 78.21%, AUC: 0.78 - [VAL] Loss: 0.5059, Accuracy: 78.03%, AUC: 0.78
Epoch [17/100] - [TRAIN] Loss: 0.5069, Accuracy: 78.33%, AUC: 0.78 - [VAL] Loss: 0.5051, Accuracy: 78.12%, AUC: 0.78
Epoch [18/100] - [TRAIN] Loss: 0.5047, Accuracy: 78.43%, AUC: 0.78 - [VAL] Loss: 0.5046, Accuracy: 78.03%, AUC: 0.78
Epoch [19/100] - [TRAIN] Loss: 0.5036, Accuracy: 78.50%, AUC: 0.78 - [VAL] Loss: 0.5040, Accuracy: 78.09%, AUC: 0.78
Epoch [20/100] - [TRAIN] Loss: 0.5033, Accuracy: 78.47%, AUC: 0.78 - [VAL] Loss: 0.5033, Accuracy: 78.18%, AUC: 0.78
Epoch [21/100] - [TRAIN] Loss: 0.5016, Accuracy: 78.55%, AUC: 0.78 - [VAL] Loss: 0.5036, Accuracy: 78.15%, AUC: 0.78
Epoch [22/100] - [TRAIN] Loss: 0.5026, Accuracy: 78.52%, AUC: 0.78 - [VAL] Loss: 0.5025, Accuracy: 78.18%, AUC: 0.78
New best model saved with validation metric: 25.0519
Epoch [23/100] - [TRAIN] Loss: 0.5016, Accuracy: 78.61%, AUC: 0.78 - [VAL] Loss: 0.5016, Accuracy: 78.45%, AUC: 0.78
Epoch [24/100] - [TRAIN] Loss: 0.5000, Accuracy: 78.70%, AUC: 0.78 - [VAL] Loss: 0.5017, Accuracy: 78.26%, AUC: 0.78
Epoch [25/100] - [TRAIN] Loss: 0.4990, Accuracy: 78.66%, AUC: 0.78 - [VAL] Loss: 0.5016, Accuracy: 78.16%, AUC: 0.78
Epoch [26/100] - [TRAIN] Loss: 0.4998, Accuracy: 78.86%, AUC: 0.78 - [VAL] Loss: 0.5009, Accuracy: 78.32%, AUC: 0.78
Epoch [27/100] - [TRAIN] Loss: 0.4991, Accuracy: 78.73%, AUC: 0.78 - [VAL] Loss: 0.4998, Accuracy: 78.45%, AUC: 0.78
New best model saved with validation metric: 25.0736
Epoch [28/100] - [TRAIN] Loss: 0.4984, Accuracy: 78.85%, AUC: 0.78 - [VAL] Loss: 0.4995, Accuracy: 78.51%, AUC: 0.78
Epoch [29/100] - [TRAIN] Loss: 0.4968, Accuracy: 78.85%, AUC: 0.78 - [VAL] Loss: 0.4993, Accuracy: 78.49%, AUC: 0.78
Epoch [30/100] - [TRAIN] Loss: 0.4979, Accuracy: 78.69%, AUC: 0.78 - [VAL] Loss: 0.4993, Accuracy: 78.38%, AUC: 0.78
New best model saved with validation metric: 25.0779
Epoch [31/100] - [TRAIN] Loss: 0.4958, Accuracy: 78.82%, AUC: 0.78 - [VAL] Loss: 0.4983, Accuracy: 78.53%, AUC: 0.78
Epoch [32/100] - [TRAIN] Loss: 0.4956, Accuracy: 78.82%, AUC: 0.78 - [VAL] Loss: 0.4982, Accuracy: 78.50%, AUC: 0.78
Epoch [33/100] - [TRAIN] Loss: 0.4950, Accuracy: 78.97%, AUC: 0.78 - [VAL] Loss: 0.4990, Accuracy: 78.38%, AUC: 0.78
New best model saved with validation metric: 25.0866
Epoch [34/100] - [TRAIN] Loss: 0.4946, Accuracy: 78.86%, AUC: 0.78 - [VAL] Loss: 0.4973, Accuracy: 78.55%, AUC: 0.78
Epoch [35/100] - [TRAIN] Loss: 0.4936, Accuracy: 78.93%, AUC: 0.78 - [VAL] Loss: 0.4971, Accuracy: 78.55%, AUC: 0.78
Epoch [36/100] - [TRAIN] Loss: 0.4950, Accuracy: 78.89%, AUC: 0.78 - [VAL] Loss: 0.4973, Accuracy: 78.47%, AUC: 0.78
Epoch [37/100] - [TRAIN] Loss: 0.4938, Accuracy: 79.01%, AUC: 0.78 - [VAL] Loss: 0.4966, Accuracy: 78.53%, AUC: 0.78
Epoch [38/100] - [TRAIN] Loss: 0.4927, Accuracy: 78.92%, AUC: 0.78 - [VAL] Loss: 0.4962, Accuracy: 78.53%, AUC: 0.78
New best model saved with validation metric: 25.0952
Epoch [39/100] - [TRAIN] Loss: 0.4919, Accuracy: 78.94%, AUC: 0.78 - [VAL] Loss: 0.4958, Accuracy: 78.58%, AUC: 0.78
Epoch [40/100] - [TRAIN] Loss: 0.4927, Accuracy: 78.97%, AUC: 0.78 - [VAL] Loss: 0.4957, Accuracy: 78.54%, AUC: 0.78
Epoch [41/100] - [TRAIN] Loss: 0.4909, Accuracy: 79.02%, AUC: 0.78 - [VAL] Loss: 0.4966, Accuracy: 78.35%, AUC: 0.78
Epoch [42/100] - [TRAIN] Loss: 0.4898, Accuracy: 78.89%, AUC: 0.78 - [VAL] Loss: 0.4962, Accuracy: 78.41%, AUC: 0.78
Epoch [43/100] - [TRAIN] Loss: 0.4915, Accuracy: 79.06%, AUC: 0.78 - [VAL] Loss: 0.4953, Accuracy: 78.57%, AUC: 0.78
Epoch [44/100] - [TRAIN] Loss: 0.4893, Accuracy: 79.16%, AUC: 0.78 - [VAL] Loss: 0.4949, Accuracy: 78.58%, AUC: 0.78
Epoch [45/100] - [TRAIN] Loss: 0.4887, Accuracy: 79.12%, AUC: 0.78 - [VAL] Loss: 0.4946, Accuracy: 78.57%, AUC: 0.78
New best model saved with validation metric: 25.1385
Epoch [46/100] - [TRAIN] Loss: 0.4892, Accuracy: 79.13%, AUC: 0.78 - [VAL] Loss: 0.4943, Accuracy: 78.72%, AUC: 0.78
New best model saved with validation metric: 25.1688
Epoch [47/100] - [TRAIN] Loss: 0.4884, Accuracy: 79.05%, AUC: 0.78 - [VAL] Loss: 0.4940, Accuracy: 78.81%, AUC: 0.78
Epoch [48/100] - [TRAIN] Loss: 0.4875, Accuracy: 79.20%, AUC: 0.78 - [VAL] Loss: 0.4941, Accuracy: 78.73%, AUC: 0.78
Epoch [49/100] - [TRAIN] Loss: 0.4874, Accuracy: 79.12%, AUC: 0.78 - [VAL] Loss: 0.4938, Accuracy: 78.76%, AUC: 0.78
Epoch [50/100] - [TRAIN] Loss: 0.4863, Accuracy: 79.19%, AUC: 0.78 - [VAL] Loss: 0.4942, Accuracy: 78.62%, AUC: 0.78
Epoch [51/100] - [TRAIN] Loss: 0.4857, Accuracy: 79.17%, AUC: 0.78 - [VAL] Loss: 0.4941, Accuracy: 78.68%, AUC: 0.78
Epoch [52/100] - [TRAIN] Loss: 0.4867, Accuracy: 79.12%, AUC: 0.78 - [VAL] Loss: 0.4939, Accuracy: 78.74%, AUC: 0.78
New best model saved with validation metric: 25.1905
Epoch [53/100] - [TRAIN] Loss: 0.4862, Accuracy: 79.08%, AUC: 0.78 - [VAL] Loss: 0.4935, Accuracy: 78.88%, AUC: 0.78
Epoch [54/100] - [TRAIN] Loss: 0.4847, Accuracy: 79.11%, AUC: 0.78 - [VAL] Loss: 0.4929, Accuracy: 78.83%, AUC: 0.78
Epoch [55/100] - [TRAIN] Loss: 0.4847, Accuracy: 79.19%, AUC: 0.78 - [VAL] Loss: 0.4929, Accuracy: 78.77%, AUC: 0.78
Epoch [56/100] - [TRAIN] Loss: 0.4849, Accuracy: 79.23%, AUC: 0.78 - [VAL] Loss: 0.4926, Accuracy: 78.83%, AUC: 0.78
Epoch [57/100] - [TRAIN] Loss: 0.4833, Accuracy: 79.34%, AUC: 0.79 - [VAL] Loss: 0.4926, Accuracy: 78.81%, AUC: 0.78
Epoch [58/100] - [TRAIN] Loss: 0.4837, Accuracy: 79.34%, AUC: 0.79 - [VAL] Loss: 0.4930, Accuracy: 78.77%, AUC: 0.78
Epoch [59/100] - [TRAIN] Loss: 0.4827, Accuracy: 79.28%, AUC: 0.78 - [VAL] Loss: 0.4930, Accuracy: 78.77%, AUC: 0.78
Epoch [60/100] - [TRAIN] Loss: 0.4831, Accuracy: 79.31%, AUC: 0.79 - [VAL] Loss: 0.4930, Accuracy: 78.79%, AUC: 0.78
Epoch [61/100] - [TRAIN] Loss: 0.4819, Accuracy: 79.24%, AUC: 0.78 - [VAL] Loss: 0.4929, Accuracy: 78.73%, AUC: 0.78
Epoch [62/100] - [TRAIN] Loss: 0.4815, Accuracy: 79.25%, AUC: 0.78 - [VAL] Loss: 0.4927, Accuracy: 78.72%, AUC: 0.78
Epoch [63/100] - [TRAIN] Loss: 0.4811, Accuracy: 79.39%, AUC: 0.79 - [VAL] Loss: 0.4927, Accuracy: 78.76%, AUC: 0.78
New best model saved with validation metric: 25.2078
Epoch [64/100] - [TRAIN] Loss: 0.4813, Accuracy: 79.28%, AUC: 0.78 - [VAL] Loss: 0.4920, Accuracy: 78.93%, AUC: 0.78
Epoch [65/100] - [TRAIN] Loss: 0.4831, Accuracy: 79.40%, AUC: 0.79 - [VAL] Loss: 0.4920, Accuracy: 78.91%, AUC: 0.78
Epoch [66/100] - [TRAIN] Loss: 0.4812, Accuracy: 79.52%, AUC: 0.79 - [VAL] Loss: 0.4925, Accuracy: 78.73%, AUC: 0.78
Epoch [67/100] - [TRAIN] Loss: 0.4802, Accuracy: 79.38%, AUC: 0.79 - [VAL] Loss: 0.4921, Accuracy: 78.81%, AUC: 0.78
New best model saved with validation metric: 25.2121
Epoch [68/100] - [TRAIN] Loss: 0.4812, Accuracy: 79.42%, AUC: 0.79 - [VAL] Loss: 0.4918, Accuracy: 78.95%, AUC: 0.78
Epoch [69/100] - [TRAIN] Loss: 0.4808, Accuracy: 79.56%, AUC: 0.79 - [VAL] Loss: 0.4922, Accuracy: 78.81%, AUC: 0.78
Epoch [70/100] - [TRAIN] Loss: 0.4792, Accuracy: 79.35%, AUC: 0.78 - [VAL] Loss: 0.4924, Accuracy: 78.87%, AUC: 0.78
Epoch [71/100] - [TRAIN] Loss: 0.4798, Accuracy: 79.51%, AUC: 0.79 - [VAL] Loss: 0.4923, Accuracy: 78.91%, AUC: 0.78
Epoch [72/100] - [TRAIN] Loss: 0.4796, Accuracy: 79.48%, AUC: 0.79 - [VAL] Loss: 0.4951, Accuracy: 78.73%, AUC: 0.78
Epoch [73/100] - [TRAIN] Loss: 0.4798, Accuracy: 79.38%, AUC: 0.79 - [VAL] Loss: 0.4932, Accuracy: 78.76%, AUC: 0.78
Epoch [74/100] - [TRAIN] Loss: 0.4776, Accuracy: 79.44%, AUC: 0.79 - [VAL] Loss: 0.4924, Accuracy: 78.72%, AUC: 0.78
Epoch [75/100] - [TRAIN] Loss: 0.4784, Accuracy: 79.48%, AUC: 0.79 - [VAL] Loss: 0.4917, Accuracy: 78.88%, AUC: 0.78
Epoch [76/100] - [TRAIN] Loss: 0.4776, Accuracy: 79.56%, AUC: 0.79 - [VAL] Loss: 0.4932, Accuracy: 78.72%, AUC: 0.78
Epoch [77/100] - [TRAIN] Loss: 0.4787, Accuracy: 79.48%, AUC: 0.79 - [VAL] Loss: 0.4923, Accuracy: 78.81%, AUC: 0.78
Epoch [78/100] - [TRAIN] Loss: 0.4781, Accuracy: 79.50%, AUC: 0.79 - [VAL] Loss: 0.4917, Accuracy: 78.85%, AUC: 0.78
Epoch [79/100] - [TRAIN] Loss: 0.4774, Accuracy: 79.65%, AUC: 0.79 - [VAL] Loss: 0.4940, Accuracy: 78.77%, AUC: 0.78
Epoch [80/100] - [TRAIN] Loss: 0.4762, Accuracy: 79.54%, AUC: 0.79 - [VAL] Loss: 0.4928, Accuracy: 78.85%, AUC: 0.78
Epoch [81/100] - [TRAIN] Loss: 0.4754, Accuracy: 79.47%, AUC: 0.79 - [VAL] Loss: 0.4925, Accuracy: 78.95%, AUC: 0.78
Epoch [82/100] - [TRAIN] Loss: 0.4768, Accuracy: 79.50%, AUC: 0.79 - [VAL] Loss: 0.4920, Accuracy: 78.92%, AUC: 0.78
Epoch [83/100] - [TRAIN] Loss: 0.4757, Accuracy: 79.67%, AUC: 0.79 - [VAL] Loss: 0.4929, Accuracy: 78.92%, AUC: 0.78
Epoch [84/100] - [TRAIN] Loss: 0.4752, Accuracy: 79.63%, AUC: 0.79 - [VAL] Loss: 0.4919, Accuracy: 78.87%, AUC: 0.78
Epoch [85/100] - [TRAIN] Loss: 0.4754, Accuracy: 79.63%, AUC: 0.79 - [VAL] Loss: 0.4932, Accuracy: 78.87%, AUC: 0.78
New best model saved with validation metric: 25.2165
Epoch [86/100] - [TRAIN] Loss: 0.4739, Accuracy: 79.70%, AUC: 0.79 - [VAL] Loss: 0.4920, Accuracy: 78.96%, AUC: 0.78
Epoch [87/100] - [TRAIN] Loss: 0.4750, Accuracy: 79.67%, AUC: 0.79 - [VAL] Loss: 0.4928, Accuracy: 78.92%, AUC: 0.78
Epoch [88/100] - [TRAIN] Loss: 0.4747, Accuracy: 79.62%, AUC: 0.79 - [VAL] Loss: 0.4923, Accuracy: 78.93%, AUC: 0.78
Epoch [89/100] - [TRAIN] Loss: 0.4728, Accuracy: 79.61%, AUC: 0.79 - [VAL] Loss: 0.4923, Accuracy: 78.92%, AUC: 0.78
New best model saved with validation metric: 25.2208
Epoch [90/100] - [TRAIN] Loss: 0.4735, Accuracy: 79.63%, AUC: 0.79 - [VAL] Loss: 0.4922, Accuracy: 78.98%, AUC: 0.78
Epoch [91/100] - [TRAIN] Loss: 0.4743, Accuracy: 79.63%, AUC: 0.79 - [VAL] Loss: 0.4921, Accuracy: 78.93%, AUC: 0.78
Epoch [92/100] - [TRAIN] Loss: 0.4726, Accuracy: 79.84%, AUC: 0.79 - [VAL] Loss: 0.4933, Accuracy: 78.88%, AUC: 0.78
Epoch [93/100] - [TRAIN] Loss: 0.4729, Accuracy: 79.62%, AUC: 0.79 - [VAL] Loss: 0.4925, Accuracy: 78.91%, AUC: 0.78
New best model saved with validation metric: 25.2251
Epoch [94/100] - [TRAIN] Loss: 0.4717, Accuracy: 79.71%, AUC: 0.79 - [VAL] Loss: 0.4922, Accuracy: 78.99%, AUC: 0.78
Epoch [95/100] - [TRAIN] Loss: 0.4721, Accuracy: 79.77%, AUC: 0.79 - [VAL] Loss: 0.4925, Accuracy: 78.92%, AUC: 0.78
Epoch [96/100] - [TRAIN] Loss: 0.4721, Accuracy: 79.78%, AUC: 0.79 - [VAL] Loss: 0.4926, Accuracy: 78.96%, AUC: 0.78
Epoch [97/100] - [TRAIN] Loss: 0.4711, Accuracy: 79.75%, AUC: 0.79 - [VAL] Loss: 0.4925, Accuracy: 78.92%, AUC: 0.78
Epoch [98/100] - [TRAIN] Loss: 0.4719, Accuracy: 79.78%, AUC: 0.79 - [VAL] Loss: 0.4923, Accuracy: 78.95%, AUC: 0.78
Epoch [99/100] - [TRAIN] Loss: 0.4712, Accuracy: 79.82%, AUC: 0.79 - [VAL] Loss: 0.4953, Accuracy: 78.91%, AUC: 0.78
Epoch [100/100] - [TRAIN] Loss: 0.4716, Accuracy: 79.81%, AUC: 0.79 - [VAL] Loss: 0.4935, Accuracy: 78.98%, AUC: 0.78
Training finished!
Accuracy Score on test set: 79.53 %
AUC Score on test set: 0.79
Item: H3K27ac-H3K4me3-H3K27me3-H3K9me3-H3K9ac
Train set shape: (7399, 5, 4000) (7399,)
Validation set shape: (7377, 5, 4000) (7377,)
Test set shape: (7378, 5, 4000) (7378,)
New best model saved with validation metric: 19.4242
Epoch [1/100] - [TRAIN] Loss: 0.6498, Accuracy: 60.62%, AUC: 0.50 - [VAL] Loss: 0.6120, Accuracy: 60.82%, AUC: 0.50
Epoch [2/100] - [TRAIN] Loss: 0.5928, Accuracy: 60.82%, AUC: 0.50 - [VAL] Loss: 0.5704, Accuracy: 60.82%, AUC: 0.50
New best model saved with validation metric: 24.8485
Epoch [3/100] - [TRAIN] Loss: 0.5602, Accuracy: 69.81%, AUC: 0.64 - [VAL] Loss: 0.5453, Accuracy: 77.81%, AUC: 0.76
New best model saved with validation metric: 25.0303
Epoch [4/100] - [TRAIN] Loss: 0.5431, Accuracy: 78.19%, AUC: 0.77 - [VAL] Loss: 0.5332, Accuracy: 78.38%, AUC: 0.78
Epoch [5/100] - [TRAIN] Loss: 0.5331, Accuracy: 78.62%, AUC: 0.78 - [VAL] Loss: 0.5263, Accuracy: 78.26%, AUC: 0.78
Epoch [6/100] - [TRAIN] Loss: 0.5271, Accuracy: 78.32%, AUC: 0.78 - [VAL] Loss: 0.5220, Accuracy: 78.07%, AUC: 0.78
Epoch [7/100] - [TRAIN] Loss: 0.5230, Accuracy: 78.19%, AUC: 0.78 - [VAL] Loss: 0.5186, Accuracy: 77.88%, AUC: 0.78
Epoch [8/100] - [TRAIN] Loss: 0.5199, Accuracy: 78.21%, AUC: 0.78 - [VAL] Loss: 0.5161, Accuracy: 77.73%, AUC: 0.78
Epoch [9/100] - [TRAIN] Loss: 0.5173, Accuracy: 78.15%, AUC: 0.78 - [VAL] Loss: 0.5134, Accuracy: 77.93%, AUC: 0.78
Epoch [10/100] - [TRAIN] Loss: 0.5151, Accuracy: 78.21%, AUC: 0.78 - [VAL] Loss: 0.5116, Accuracy: 77.80%, AUC: 0.78
Epoch [11/100] - [TRAIN] Loss: 0.5118, Accuracy: 78.05%, AUC: 0.78 - [VAL] Loss: 0.5103, Accuracy: 77.69%, AUC: 0.78
Epoch [12/100] - [TRAIN] Loss: 0.5112, Accuracy: 78.21%, AUC: 0.78 - [VAL] Loss: 0.5087, Accuracy: 77.82%, AUC: 0.78
Epoch [13/100] - [TRAIN] Loss: 0.5090, Accuracy: 78.20%, AUC: 0.78 - [VAL] Loss: 0.5073, Accuracy: 77.90%, AUC: 0.78
Epoch [14/100] - [TRAIN] Loss: 0.5081, Accuracy: 78.29%, AUC: 0.78 - [VAL] Loss: 0.5063, Accuracy: 77.96%, AUC: 0.78
Epoch [15/100] - [TRAIN] Loss: 0.5072, Accuracy: 78.28%, AUC: 0.78 - [VAL] Loss: 0.5055, Accuracy: 78.00%, AUC: 0.78
Epoch [16/100] - [TRAIN] Loss: 0.5061, Accuracy: 78.36%, AUC: 0.78 - [VAL] Loss: 0.5052, Accuracy: 77.97%, AUC: 0.78
Epoch [17/100] - [TRAIN] Loss: 0.5047, Accuracy: 78.32%, AUC: 0.78 - [VAL] Loss: 0.5038, Accuracy: 78.20%, AUC: 0.78
Epoch [18/100] - [TRAIN] Loss: 0.5023, Accuracy: 78.46%, AUC: 0.78 - [VAL] Loss: 0.5031, Accuracy: 78.20%, AUC: 0.78
Epoch [19/100] - [TRAIN] Loss: 0.5020, Accuracy: 78.47%, AUC: 0.78 - [VAL] Loss: 0.5026, Accuracy: 78.23%, AUC: 0.78
Epoch [20/100] - [TRAIN] Loss: 0.5016, Accuracy: 78.59%, AUC: 0.78 - [VAL] Loss: 0.5024, Accuracy: 78.24%, AUC: 0.78
Epoch [21/100] - [TRAIN] Loss: 0.5018, Accuracy: 78.47%, AUC: 0.78 - [VAL] Loss: 0.5024, Accuracy: 78.16%, AUC: 0.78
Epoch [22/100] - [TRAIN] Loss: 0.5002, Accuracy: 78.48%, AUC: 0.78 - [VAL] Loss: 0.5010, Accuracy: 78.32%, AUC: 0.78
New best model saved with validation metric: 25.0606
Epoch [23/100] - [TRAIN] Loss: 0.4999, Accuracy: 78.61%, AUC: 0.78 - [VAL] Loss: 0.5003, Accuracy: 78.47%, AUC: 0.78
Epoch [24/100] - [TRAIN] Loss: 0.4996, Accuracy: 78.56%, AUC: 0.78 - [VAL] Loss: 0.5004, Accuracy: 78.37%, AUC: 0.78
Epoch [25/100] - [TRAIN] Loss: 0.4977, Accuracy: 78.85%, AUC: 0.78 - [VAL] Loss: 0.4996, Accuracy: 78.38%, AUC: 0.78
New best model saved with validation metric: 25.0649
Epoch [26/100] - [TRAIN] Loss: 0.4976, Accuracy: 78.73%, AUC: 0.78 - [VAL] Loss: 0.4990, Accuracy: 78.49%, AUC: 0.78
Epoch [27/100] - [TRAIN] Loss: 0.4979, Accuracy: 78.63%, AUC: 0.78 - [VAL] Loss: 0.4989, Accuracy: 78.42%, AUC: 0.78
Epoch [28/100] - [TRAIN] Loss: 0.4964, Accuracy: 78.85%, AUC: 0.78 - [VAL] Loss: 0.4989, Accuracy: 78.42%, AUC: 0.78
Epoch [29/100] - [TRAIN] Loss: 0.4957, Accuracy: 78.92%, AUC: 0.78 - [VAL] Loss: 0.4981, Accuracy: 78.49%, AUC: 0.78
Epoch [30/100] - [TRAIN] Loss: 0.4952, Accuracy: 78.90%, AUC: 0.78 - [VAL] Loss: 0.4976, Accuracy: 78.45%, AUC: 0.78
Epoch [31/100] - [TRAIN] Loss: 0.4957, Accuracy: 78.78%, AUC: 0.78 - [VAL] Loss: 0.4975, Accuracy: 78.45%, AUC: 0.78
New best model saved with validation metric: 25.0823
Epoch [32/100] - [TRAIN] Loss: 0.4935, Accuracy: 78.81%, AUC: 0.78 - [VAL] Loss: 0.4969, Accuracy: 78.54%, AUC: 0.78
Epoch [33/100] - [TRAIN] Loss: 0.4932, Accuracy: 78.90%, AUC: 0.78 - [VAL] Loss: 0.4967, Accuracy: 78.50%, AUC: 0.78
New best model saved with validation metric: 25.0996
Epoch [34/100] - [TRAIN] Loss: 0.4924, Accuracy: 78.93%, AUC: 0.78 - [VAL] Loss: 0.4959, Accuracy: 78.60%, AUC: 0.78
Epoch [35/100] - [TRAIN] Loss: 0.4931, Accuracy: 78.97%, AUC: 0.78 - [VAL] Loss: 0.4965, Accuracy: 78.55%, AUC: 0.78
Epoch [36/100] - [TRAIN] Loss: 0.4921, Accuracy: 78.83%, AUC: 0.78 - [VAL] Loss: 0.4961, Accuracy: 78.50%, AUC: 0.78
Epoch [37/100] - [TRAIN] Loss: 0.4910, Accuracy: 79.05%, AUC: 0.78 - [VAL] Loss: 0.4952, Accuracy: 78.60%, AUC: 0.78
New best model saved with validation metric: 25.1039
Epoch [38/100] - [TRAIN] Loss: 0.4920, Accuracy: 79.04%, AUC: 0.78 - [VAL] Loss: 0.4951, Accuracy: 78.61%, AUC: 0.78
New best model saved with validation metric: 25.1342
Epoch [39/100] - [TRAIN] Loss: 0.4895, Accuracy: 78.96%, AUC: 0.78 - [VAL] Loss: 0.4946, Accuracy: 78.70%, AUC: 0.78
Epoch [40/100] - [TRAIN] Loss: 0.4889, Accuracy: 79.04%, AUC: 0.78 - [VAL] Loss: 0.4946, Accuracy: 78.62%, AUC: 0.78
Epoch [41/100] - [TRAIN] Loss: 0.4906, Accuracy: 79.13%, AUC: 0.78 - [VAL] Loss: 0.4945, Accuracy: 78.70%, AUC: 0.78
New best model saved with validation metric: 25.1905
Epoch [42/100] - [TRAIN] Loss: 0.4892, Accuracy: 79.06%, AUC: 0.78 - [VAL] Loss: 0.4939, Accuracy: 78.88%, AUC: 0.78
Epoch [43/100] - [TRAIN] Loss: 0.4887, Accuracy: 79.11%, AUC: 0.78 - [VAL] Loss: 0.4936, Accuracy: 78.85%, AUC: 0.78
Epoch [44/100] - [TRAIN] Loss: 0.4886, Accuracy: 79.00%, AUC: 0.78 - [VAL] Loss: 0.4935, Accuracy: 78.73%, AUC: 0.78
Epoch [45/100] - [TRAIN] Loss: 0.4882, Accuracy: 79.02%, AUC: 0.78 - [VAL] Loss: 0.4938, Accuracy: 78.68%, AUC: 0.78
Epoch [46/100] - [TRAIN] Loss: 0.4868, Accuracy: 79.06%, AUC: 0.78 - [VAL] Loss: 0.4931, Accuracy: 78.76%, AUC: 0.78
Epoch [47/100] - [TRAIN] Loss: 0.4856, Accuracy: 79.11%, AUC: 0.78 - [VAL] Loss: 0.4928, Accuracy: 78.83%, AUC: 0.78
Epoch [48/100] - [TRAIN] Loss: 0.4872, Accuracy: 79.06%, AUC: 0.78 - [VAL] Loss: 0.4931, Accuracy: 78.73%, AUC: 0.78
Epoch [49/100] - [TRAIN] Loss: 0.4867, Accuracy: 79.11%, AUC: 0.78 - [VAL] Loss: 0.4934, Accuracy: 78.70%, AUC: 0.78
Epoch [50/100] - [TRAIN] Loss: 0.4856, Accuracy: 79.02%, AUC: 0.78 - [VAL] Loss: 0.4932, Accuracy: 78.72%, AUC: 0.78
New best model saved with validation metric: 25.1948
Epoch [51/100] - [TRAIN] Loss: 0.4844, Accuracy: 79.25%, AUC: 0.79 - [VAL] Loss: 0.4923, Accuracy: 78.89%, AUC: 0.78
Epoch [52/100] - [TRAIN] Loss: 0.4843, Accuracy: 79.13%, AUC: 0.78 - [VAL] Loss: 0.4932, Accuracy: 78.69%, AUC: 0.78
Epoch [53/100] - [TRAIN] Loss: 0.4824, Accuracy: 79.24%, AUC: 0.78 - [VAL] Loss: 0.4923, Accuracy: 78.73%, AUC: 0.78
Epoch [54/100] - [TRAIN] Loss: 0.4832, Accuracy: 79.15%, AUC: 0.78 - [VAL] Loss: 0.4921, Accuracy: 78.80%, AUC: 0.78
Epoch [55/100] - [TRAIN] Loss: 0.4835, Accuracy: 79.15%, AUC: 0.78 - [VAL] Loss: 0.4920, Accuracy: 78.83%, AUC: 0.78
Epoch [56/100] - [TRAIN] Loss: 0.4834, Accuracy: 79.21%, AUC: 0.78 - [VAL] Loss: 0.4919, Accuracy: 78.85%, AUC: 0.78
Epoch [57/100] - [TRAIN] Loss: 0.4819, Accuracy: 79.27%, AUC: 0.78 - [VAL] Loss: 0.4918, Accuracy: 78.87%, AUC: 0.78
Epoch [58/100] - [TRAIN] Loss: 0.4831, Accuracy: 79.32%, AUC: 0.79 - [VAL] Loss: 0.4920, Accuracy: 78.83%, AUC: 0.78
Epoch [59/100] - [TRAIN] Loss: 0.4834, Accuracy: 79.28%, AUC: 0.78 - [VAL] Loss: 0.4917, Accuracy: 78.84%, AUC: 0.78
Epoch [60/100] - [TRAIN] Loss: 0.4813, Accuracy: 79.27%, AUC: 0.78 - [VAL] Loss: 0.4922, Accuracy: 78.81%, AUC: 0.78
Epoch [61/100] - [TRAIN] Loss: 0.4813, Accuracy: 79.24%, AUC: 0.78 - [VAL] Loss: 0.4917, Accuracy: 78.81%, AUC: 0.78
Epoch [62/100] - [TRAIN] Loss: 0.4801, Accuracy: 79.28%, AUC: 0.78 - [VAL] Loss: 0.4916, Accuracy: 78.83%, AUC: 0.78
Epoch [63/100] - [TRAIN] Loss: 0.4795, Accuracy: 79.32%, AUC: 0.78 - [VAL] Loss: 0.4920, Accuracy: 78.79%, AUC: 0.78
Epoch [64/100] - [TRAIN] Loss: 0.4783, Accuracy: 79.38%, AUC: 0.79 - [VAL] Loss: 0.4919, Accuracy: 78.79%, AUC: 0.78
Epoch [65/100] - [TRAIN] Loss: 0.4789, Accuracy: 79.35%, AUC: 0.79 - [VAL] Loss: 0.4919, Accuracy: 78.79%, AUC: 0.78
Epoch [66/100] - [TRAIN] Loss: 0.4792, Accuracy: 79.28%, AUC: 0.78 - [VAL] Loss: 0.4916, Accuracy: 78.80%, AUC: 0.78
Epoch [67/100] - [TRAIN] Loss: 0.4787, Accuracy: 79.38%, AUC: 0.79 - [VAL] Loss: 0.4919, Accuracy: 78.83%, AUC: 0.78
Epoch [68/100] - [TRAIN] Loss: 0.4785, Accuracy: 79.38%, AUC: 0.79 - [VAL] Loss: 0.4922, Accuracy: 78.77%, AUC: 0.78
Epoch [69/100] - [TRAIN] Loss: 0.4789, Accuracy: 79.54%, AUC: 0.79 - [VAL] Loss: 0.4914, Accuracy: 78.85%, AUC: 0.78
Epoch [70/100] - [TRAIN] Loss: 0.4774, Accuracy: 79.51%, AUC: 0.79 - [VAL] Loss: 0.4926, Accuracy: 78.73%, AUC: 0.78
Epoch [71/100] - [TRAIN] Loss: 0.4782, Accuracy: 79.43%, AUC: 0.79 - [VAL] Loss: 0.4916, Accuracy: 78.88%, AUC: 0.78
New best model saved with validation metric: 25.2294
Epoch [72/100] - [TRAIN] Loss: 0.4769, Accuracy: 79.51%, AUC: 0.79 - [VAL] Loss: 0.4914, Accuracy: 79.00%, AUC: 0.78
Epoch [73/100] - [TRAIN] Loss: 0.4775, Accuracy: 79.46%, AUC: 0.79 - [VAL] Loss: 0.4928, Accuracy: 78.77%, AUC: 0.78
New best model saved with validation metric: 25.2511
Epoch [74/100] - [TRAIN] Loss: 0.4764, Accuracy: 79.56%, AUC: 0.79 - [VAL] Loss: 0.4917, Accuracy: 79.07%, AUC: 0.78
Epoch [75/100] - [TRAIN] Loss: 0.4753, Accuracy: 79.56%, AUC: 0.79 - [VAL] Loss: 0.4917, Accuracy: 78.83%, AUC: 0.78
Epoch [76/100] - [TRAIN] Loss: 0.4757, Accuracy: 79.52%, AUC: 0.79 - [VAL] Loss: 0.4917, Accuracy: 78.91%, AUC: 0.78
New best model saved with validation metric: 25.2987
Epoch [77/100] - [TRAIN] Loss: 0.4763, Accuracy: 79.50%, AUC: 0.79 - [VAL] Loss: 0.4918, Accuracy: 79.22%, AUC: 0.78
Epoch [78/100] - [TRAIN] Loss: 0.4751, Accuracy: 79.61%, AUC: 0.79 - [VAL] Loss: 0.4928, Accuracy: 78.80%, AUC: 0.78
Epoch [79/100] - [TRAIN] Loss: 0.4762, Accuracy: 79.59%, AUC: 0.79 - [VAL] Loss: 0.4943, Accuracy: 78.80%, AUC: 0.78
Epoch [80/100] - [TRAIN] Loss: 0.4735, Accuracy: 79.65%, AUC: 0.79 - [VAL] Loss: 0.4916, Accuracy: 79.02%, AUC: 0.78
Epoch [81/100] - [TRAIN] Loss: 0.4742, Accuracy: 79.69%, AUC: 0.79 - [VAL] Loss: 0.4920, Accuracy: 78.93%, AUC: 0.78
Epoch [82/100] - [TRAIN] Loss: 0.4746, Accuracy: 79.58%, AUC: 0.79 - [VAL] Loss: 0.4926, Accuracy: 78.91%, AUC: 0.78
Epoch [83/100] - [TRAIN] Loss: 0.4736, Accuracy: 79.66%, AUC: 0.79 - [VAL] Loss: 0.4916, Accuracy: 79.08%, AUC: 0.78
Epoch [84/100] - [TRAIN] Loss: 0.4747, Accuracy: 79.74%, AUC: 0.79 - [VAL] Loss: 0.4939, Accuracy: 78.74%, AUC: 0.78
Epoch [85/100] - [TRAIN] Loss: 0.4730, Accuracy: 79.67%, AUC: 0.79 - [VAL] Loss: 0.4924, Accuracy: 79.02%, AUC: 0.78
Epoch [86/100] - [TRAIN] Loss: 0.4730, Accuracy: 79.61%, AUC: 0.79 - [VAL] Loss: 0.4919, Accuracy: 79.06%, AUC: 0.78
Epoch [87/100] - [TRAIN] Loss: 0.4738, Accuracy: 79.70%, AUC: 0.79 - [VAL] Loss: 0.4922, Accuracy: 79.06%, AUC: 0.78
Epoch [88/100] - [TRAIN] Loss: 0.4730, Accuracy: 79.67%, AUC: 0.79 - [VAL] Loss: 0.4920, Accuracy: 79.06%, AUC: 0.78
Epoch [89/100] - [TRAIN] Loss: 0.4732, Accuracy: 79.65%, AUC: 0.79 - [VAL] Loss: 0.4920, Accuracy: 79.00%, AUC: 0.78
Epoch [90/100] - [TRAIN] Loss: 0.4731, Accuracy: 79.79%, AUC: 0.79 - [VAL] Loss: 0.4920, Accuracy: 79.15%, AUC: 0.78
Epoch [91/100] - [TRAIN] Loss: 0.4706, Accuracy: 79.81%, AUC: 0.79 - [VAL] Loss: 0.4950, Accuracy: 78.73%, AUC: 0.78
Epoch [92/100] - [TRAIN] Loss: 0.4709, Accuracy: 79.71%, AUC: 0.79 - [VAL] Loss: 0.4924, Accuracy: 79.11%, AUC: 0.79
Epoch [93/100] - [TRAIN] Loss: 0.4715, Accuracy: 79.79%, AUC: 0.79 - [VAL] Loss: 0.4921, Accuracy: 79.12%, AUC: 0.78
Epoch [94/100] - [TRAIN] Loss: 0.4696, Accuracy: 79.81%, AUC: 0.79 - [VAL] Loss: 0.4923, Accuracy: 79.16%, AUC: 0.79
Epoch [95/100] - [TRAIN] Loss: 0.4708, Accuracy: 79.78%, AUC: 0.79 - [VAL] Loss: 0.4930, Accuracy: 79.04%, AUC: 0.78
Epoch [96/100] - [TRAIN] Loss: 0.4697, Accuracy: 79.82%, AUC: 0.79 - [VAL] Loss: 0.4924, Accuracy: 79.15%, AUC: 0.78
Epoch [97/100] - [TRAIN] Loss: 0.4700, Accuracy: 79.82%, AUC: 0.79 - [VAL] Loss: 0.4927, Accuracy: 79.15%, AUC: 0.79
Epoch [98/100] - [TRAIN] Loss: 0.4719, Accuracy: 79.74%, AUC: 0.79 - [VAL] Loss: 0.4924, Accuracy: 79.11%, AUC: 0.78
Epoch [99/100] - [TRAIN] Loss: 0.4692, Accuracy: 79.85%, AUC: 0.79 - [VAL] Loss: 0.4928, Accuracy: 79.10%, AUC: 0.78
Epoch [100/100] - [TRAIN] Loss: 0.4689, Accuracy: 79.74%, AUC: 0.79 - [VAL] Loss: 0.4929, Accuracy: 79.12%, AUC: 0.78
Training finished!
Accuracy Score on test set: 79.29 %
AUC Score on test set: 0.79
Item: H3K27ac-H3K9ac-H3K4me3-H3K9me3-H3K27me3
Train set shape: (7399, 5, 4000) (7399,)
Validation set shape: (7377, 5, 4000) (7377,)
Test set shape: (7378, 5, 4000) (7378,)
New best model saved with validation metric: 19.4242
Epoch [1/100] - [TRAIN] Loss: 0.6643, Accuracy: 60.82%, AUC: 0.50 - [VAL] Loss: 0.6389, Accuracy: 60.82%, AUC: 0.50
Epoch [2/100] - [TRAIN] Loss: 0.6204, Accuracy: 60.82%, AUC: 0.50 - [VAL] Loss: 0.5994, Accuracy: 60.82%, AUC: 0.50
Epoch [3/100] - [TRAIN] Loss: 0.5876, Accuracy: 60.82%, AUC: 0.50 - [VAL] Loss: 0.5700, Accuracy: 60.82%, AUC: 0.50
New best model saved with validation metric: 24.6147
Epoch [4/100] - [TRAIN] Loss: 0.5636, Accuracy: 66.14%, AUC: 0.58 - [VAL] Loss: 0.5497, Accuracy: 77.08%, AUC: 0.75
New best model saved with validation metric: 25.0303
Epoch [5/100] - [TRAIN] Loss: 0.5481, Accuracy: 77.38%, AUC: 0.75 - [VAL] Loss: 0.5384, Accuracy: 78.38%, AUC: 0.77
Epoch [6/100] - [TRAIN] Loss: 0.5396, Accuracy: 78.44%, AUC: 0.77 - [VAL] Loss: 0.5314, Accuracy: 78.26%, AUC: 0.78
Epoch [7/100] - [TRAIN] Loss: 0.5322, Accuracy: 78.50%, AUC: 0.78 - [VAL] Loss: 0.5262, Accuracy: 78.23%, AUC: 0.78
Epoch [8/100] - [TRAIN] Loss: 0.5280, Accuracy: 78.29%, AUC: 0.78 - [VAL] Loss: 0.5225, Accuracy: 78.08%, AUC: 0.78
Epoch [9/100] - [TRAIN] Loss: 0.5245, Accuracy: 78.24%, AUC: 0.78 - [VAL] Loss: 0.5196, Accuracy: 77.97%, AUC: 0.78
Epoch [10/100] - [TRAIN] Loss: 0.5217, Accuracy: 78.23%, AUC: 0.78 - [VAL] Loss: 0.5167, Accuracy: 77.89%, AUC: 0.78
Epoch [11/100] - [TRAIN] Loss: 0.5176, Accuracy: 78.15%, AUC: 0.78 - [VAL] Loss: 0.5147, Accuracy: 77.71%, AUC: 0.78
Epoch [12/100] - [TRAIN] Loss: 0.5154, Accuracy: 78.11%, AUC: 0.78 - [VAL] Loss: 0.5127, Accuracy: 77.74%, AUC: 0.78
Epoch [13/100] - [TRAIN] Loss: 0.5132, Accuracy: 77.98%, AUC: 0.78 - [VAL] Loss: 0.5107, Accuracy: 78.08%, AUC: 0.78
Epoch [14/100] - [TRAIN] Loss: 0.5136, Accuracy: 78.16%, AUC: 0.78 - [VAL] Loss: 0.5096, Accuracy: 77.82%, AUC: 0.78
Epoch [15/100] - [TRAIN] Loss: 0.5115, Accuracy: 78.15%, AUC: 0.78 - [VAL] Loss: 0.5085, Accuracy: 77.84%, AUC: 0.78
Epoch [16/100] - [TRAIN] Loss: 0.5096, Accuracy: 78.31%, AUC: 0.78 - [VAL] Loss: 0.5079, Accuracy: 77.76%, AUC: 0.78
Epoch [17/100] - [TRAIN] Loss: 0.5073, Accuracy: 78.25%, AUC: 0.78 - [VAL] Loss: 0.5067, Accuracy: 77.89%, AUC: 0.78
Epoch [18/100] - [TRAIN] Loss: 0.5066, Accuracy: 78.25%, AUC: 0.78 - [VAL] Loss: 0.5058, Accuracy: 78.00%, AUC: 0.78
Epoch [19/100] - [TRAIN] Loss: 0.5058, Accuracy: 78.32%, AUC: 0.78 - [VAL] Loss: 0.5048, Accuracy: 78.37%, AUC: 0.78
Epoch [20/100] - [TRAIN] Loss: 0.5049, Accuracy: 78.25%, AUC: 0.78 - [VAL] Loss: 0.5042, Accuracy: 78.24%, AUC: 0.78
Epoch [21/100] - [TRAIN] Loss: 0.5041, Accuracy: 78.40%, AUC: 0.78 - [VAL] Loss: 0.5038, Accuracy: 78.19%, AUC: 0.78
Epoch [22/100] - [TRAIN] Loss: 0.5044, Accuracy: 78.43%, AUC: 0.78 - [VAL] Loss: 0.5033, Accuracy: 78.13%, AUC: 0.78
New best model saved with validation metric: 25.0390
Epoch [23/100] - [TRAIN] Loss: 0.5027, Accuracy: 78.39%, AUC: 0.78 - [VAL] Loss: 0.5025, Accuracy: 78.41%, AUC: 0.78
Epoch [24/100] - [TRAIN] Loss: 0.5011, Accuracy: 78.48%, AUC: 0.78 - [VAL] Loss: 0.5024, Accuracy: 78.26%, AUC: 0.78
Epoch [25/100] - [TRAIN] Loss: 0.5007, Accuracy: 78.61%, AUC: 0.78 - [VAL] Loss: 0.5018, Accuracy: 78.34%, AUC: 0.78
New best model saved with validation metric: 25.0476
Epoch [26/100] - [TRAIN] Loss: 0.5016, Accuracy: 78.54%, AUC: 0.78 - [VAL] Loss: 0.5012, Accuracy: 78.43%, AUC: 0.78
Epoch [27/100] - [TRAIN] Loss: 0.4988, Accuracy: 78.61%, AUC: 0.78 - [VAL] Loss: 0.5015, Accuracy: 78.30%, AUC: 0.78
Epoch [28/100] - [TRAIN] Loss: 0.4992, Accuracy: 78.59%, AUC: 0.78 - [VAL] Loss: 0.5005, Accuracy: 78.42%, AUC: 0.78
Epoch [29/100] - [TRAIN] Loss: 0.4992, Accuracy: 78.70%, AUC: 0.78 - [VAL] Loss: 0.5002, Accuracy: 78.41%, AUC: 0.78
New best model saved with validation metric: 25.0519
Epoch [30/100] - [TRAIN] Loss: 0.4977, Accuracy: 78.62%, AUC: 0.78 - [VAL] Loss: 0.4996, Accuracy: 78.45%, AUC: 0.78
New best model saved with validation metric: 25.1126
Epoch [31/100] - [TRAIN] Loss: 0.4977, Accuracy: 78.79%, AUC: 0.78 - [VAL] Loss: 0.4989, Accuracy: 78.64%, AUC: 0.78
Epoch [32/100] - [TRAIN] Loss: 0.4967, Accuracy: 78.92%, AUC: 0.78 - [VAL] Loss: 0.4999, Accuracy: 78.42%, AUC: 0.78
Epoch [33/100] - [TRAIN] Loss: 0.4959, Accuracy: 78.79%, AUC: 0.78 - [VAL] Loss: 0.4990, Accuracy: 78.47%, AUC: 0.78
Epoch [34/100] - [TRAIN] Loss: 0.4956, Accuracy: 78.78%, AUC: 0.78 - [VAL] Loss: 0.4983, Accuracy: 78.37%, AUC: 0.78
Epoch [35/100] - [TRAIN] Loss: 0.4960, Accuracy: 78.89%, AUC: 0.78 - [VAL] Loss: 0.4990, Accuracy: 78.42%, AUC: 0.78
Epoch [36/100] - [TRAIN] Loss: 0.4955, Accuracy: 78.74%, AUC: 0.78 - [VAL] Loss: 0.4980, Accuracy: 78.41%, AUC: 0.78
Epoch [37/100] - [TRAIN] Loss: 0.4937, Accuracy: 78.83%, AUC: 0.78 - [VAL] Loss: 0.4972, Accuracy: 78.51%, AUC: 0.78
Epoch [38/100] - [TRAIN] Loss: 0.4942, Accuracy: 78.89%, AUC: 0.78 - [VAL] Loss: 0.4972, Accuracy: 78.49%, AUC: 0.78
Epoch [39/100] - [TRAIN] Loss: 0.4938, Accuracy: 78.94%, AUC: 0.78 - [VAL] Loss: 0.4967, Accuracy: 78.53%, AUC: 0.78
New best model saved with validation metric: 25.1385
Epoch [40/100] - [TRAIN] Loss: 0.4929, Accuracy: 78.92%, AUC: 0.78 - [VAL] Loss: 0.4960, Accuracy: 78.72%, AUC: 0.78
Epoch [41/100] - [TRAIN] Loss: 0.4932, Accuracy: 78.96%, AUC: 0.78 - [VAL] Loss: 0.4963, Accuracy: 78.55%, AUC: 0.78
Epoch [42/100] - [TRAIN] Loss: 0.4909, Accuracy: 79.02%, AUC: 0.78 - [VAL] Loss: 0.4957, Accuracy: 78.66%, AUC: 0.78
New best model saved with validation metric: 25.1515
Epoch [43/100] - [TRAIN] Loss: 0.4909, Accuracy: 79.00%, AUC: 0.78 - [VAL] Loss: 0.4952, Accuracy: 78.76%, AUC: 0.78
New best model saved with validation metric: 25.1688
Epoch [44/100] - [TRAIN] Loss: 0.4902, Accuracy: 78.94%, AUC: 0.78 - [VAL] Loss: 0.4949, Accuracy: 78.81%, AUC: 0.78
Epoch [45/100] - [TRAIN] Loss: 0.4907, Accuracy: 79.04%, AUC: 0.78 - [VAL] Loss: 0.4954, Accuracy: 78.66%, AUC: 0.78
Epoch [46/100] - [TRAIN] Loss: 0.4893, Accuracy: 78.93%, AUC: 0.78 - [VAL] Loss: 0.4948, Accuracy: 78.76%, AUC: 0.78
Epoch [47/100] - [TRAIN] Loss: 0.4901, Accuracy: 79.08%, AUC: 0.78 - [VAL] Loss: 0.4946, Accuracy: 78.79%, AUC: 0.78
Epoch [48/100] - [TRAIN] Loss: 0.4901, Accuracy: 78.97%, AUC: 0.78 - [VAL] Loss: 0.4948, Accuracy: 78.70%, AUC: 0.78
Epoch [49/100] - [TRAIN] Loss: 0.4885, Accuracy: 79.06%, AUC: 0.78 - [VAL] Loss: 0.4939, Accuracy: 78.73%, AUC: 0.78
Epoch [50/100] - [TRAIN] Loss: 0.4877, Accuracy: 79.15%, AUC: 0.78 - [VAL] Loss: 0.4945, Accuracy: 78.64%, AUC: 0.78
Epoch [51/100] - [TRAIN] Loss: 0.4871, Accuracy: 79.09%, AUC: 0.78 - [VAL] Loss: 0.4941, Accuracy: 78.70%, AUC: 0.78
New best model saved with validation metric: 25.1732
Epoch [52/100] - [TRAIN] Loss: 0.4872, Accuracy: 78.97%, AUC: 0.78 - [VAL] Loss: 0.4934, Accuracy: 78.83%, AUC: 0.78
Epoch [53/100] - [TRAIN] Loss: 0.4861, Accuracy: 79.13%, AUC: 0.78 - [VAL] Loss: 0.4936, Accuracy: 78.73%, AUC: 0.78
New best model saved with validation metric: 25.1818
Epoch [54/100] - [TRAIN] Loss: 0.4863, Accuracy: 78.96%, AUC: 0.78 - [VAL] Loss: 0.4931, Accuracy: 78.85%, AUC: 0.78
Epoch [55/100] - [TRAIN] Loss: 0.4863, Accuracy: 79.06%, AUC: 0.78 - [VAL] Loss: 0.4928, Accuracy: 78.79%, AUC: 0.78
Epoch [56/100] - [TRAIN] Loss: 0.4857, Accuracy: 79.01%, AUC: 0.78 - [VAL] Loss: 0.4928, Accuracy: 78.81%, AUC: 0.78
Epoch [57/100] - [TRAIN] Loss: 0.4848, Accuracy: 79.17%, AUC: 0.78 - [VAL] Loss: 0.4933, Accuracy: 78.69%, AUC: 0.78
Epoch [58/100] - [TRAIN] Loss: 0.4846, Accuracy: 79.16%, AUC: 0.78 - [VAL] Loss: 0.4946, Accuracy: 78.55%, AUC: 0.78
New best model saved with validation metric: 25.1861
Epoch [59/100] - [TRAIN] Loss: 0.4840, Accuracy: 79.04%, AUC: 0.78 - [VAL] Loss: 0.4923, Accuracy: 78.87%, AUC: 0.78
Epoch [60/100] - [TRAIN] Loss: 0.4838, Accuracy: 79.21%, AUC: 0.78 - [VAL] Loss: 0.4928, Accuracy: 78.70%, AUC: 0.78
Epoch [61/100] - [TRAIN] Loss: 0.4845, Accuracy: 79.20%, AUC: 0.78 - [VAL] Loss: 0.4922, Accuracy: 78.85%, AUC: 0.78
Epoch [62/100] - [TRAIN] Loss: 0.4828, Accuracy: 79.21%, AUC: 0.78 - [VAL] Loss: 0.4931, Accuracy: 78.68%, AUC: 0.78
Epoch [63/100] - [TRAIN] Loss: 0.4826, Accuracy: 79.35%, AUC: 0.79 - [VAL] Loss: 0.4921, Accuracy: 78.84%, AUC: 0.78
Epoch [64/100] - [TRAIN] Loss: 0.4835, Accuracy: 79.13%, AUC: 0.78 - [VAL] Loss: 0.4924, Accuracy: 78.80%, AUC: 0.78
Epoch [65/100] - [TRAIN] Loss: 0.4818, Accuracy: 79.23%, AUC: 0.78 - [VAL] Loss: 0.4928, Accuracy: 78.70%, AUC: 0.78
Epoch [66/100] - [TRAIN] Loss: 0.4816, Accuracy: 79.19%, AUC: 0.78 - [VAL] Loss: 0.4918, Accuracy: 78.84%, AUC: 0.78
Epoch [67/100] - [TRAIN] Loss: 0.4815, Accuracy: 79.35%, AUC: 0.79 - [VAL] Loss: 0.4925, Accuracy: 78.69%, AUC: 0.78
Epoch [68/100] - [TRAIN] Loss: 0.4814, Accuracy: 79.43%, AUC: 0.79 - [VAL] Loss: 0.4924, Accuracy: 78.77%, AUC: 0.78
Epoch [69/100] - [TRAIN] Loss: 0.4809, Accuracy: 79.43%, AUC: 0.79 - [VAL] Loss: 0.4915, Accuracy: 78.87%, AUC: 0.78
Epoch [70/100] - [TRAIN] Loss: 0.4811, Accuracy: 79.23%, AUC: 0.78 - [VAL] Loss: 0.4932, Accuracy: 78.62%, AUC: 0.78
Epoch [71/100] - [TRAIN] Loss: 0.4801, Accuracy: 79.34%, AUC: 0.79 - [VAL] Loss: 0.4917, Accuracy: 78.76%, AUC: 0.78
Epoch [72/100] - [TRAIN] Loss: 0.4794, Accuracy: 79.50%, AUC: 0.79 - [VAL] Loss: 0.4916, Accuracy: 78.76%, AUC: 0.78
Epoch [73/100] - [TRAIN] Loss: 0.4793, Accuracy: 79.51%, AUC: 0.79 - [VAL] Loss: 0.4919, Accuracy: 78.72%, AUC: 0.78
Epoch [74/100] - [TRAIN] Loss: 0.4791, Accuracy: 79.42%, AUC: 0.79 - [VAL] Loss: 0.4922, Accuracy: 78.73%, AUC: 0.78
Epoch [75/100] - [TRAIN] Loss: 0.4799, Accuracy: 79.40%, AUC: 0.79 - [VAL] Loss: 0.4927, Accuracy: 78.68%, AUC: 0.78
Epoch [76/100] - [TRAIN] Loss: 0.4790, Accuracy: 79.47%, AUC: 0.79 - [VAL] Loss: 0.4932, Accuracy: 78.70%, AUC: 0.78
Epoch [77/100] - [TRAIN] Loss: 0.4788, Accuracy: 79.58%, AUC: 0.79 - [VAL] Loss: 0.4924, Accuracy: 78.66%, AUC: 0.78
New best model saved with validation metric: 25.2468
Epoch [78/100] - [TRAIN] Loss: 0.4765, Accuracy: 79.62%, AUC: 0.79 - [VAL] Loss: 0.4913, Accuracy: 79.06%, AUC: 0.78
New best model saved with validation metric: 25.2511
Epoch [79/100] - [TRAIN] Loss: 0.4770, Accuracy: 79.55%, AUC: 0.79 - [VAL] Loss: 0.4914, Accuracy: 79.07%, AUC: 0.78
Epoch [80/100] - [TRAIN] Loss: 0.4772, Accuracy: 79.50%, AUC: 0.79 - [VAL] Loss: 0.4916, Accuracy: 79.03%, AUC: 0.78
Epoch [81/100] - [TRAIN] Loss: 0.4773, Accuracy: 79.54%, AUC: 0.79 - [VAL] Loss: 0.4944, Accuracy: 78.70%, AUC: 0.78
Epoch [82/100] - [TRAIN] Loss: 0.4772, Accuracy: 79.81%, AUC: 0.79 - [VAL] Loss: 0.4914, Accuracy: 79.04%, AUC: 0.78
Epoch [83/100] - [TRAIN] Loss: 0.4772, Accuracy: 79.59%, AUC: 0.79 - [VAL] Loss: 0.4929, Accuracy: 78.73%, AUC: 0.78
Epoch [84/100] - [TRAIN] Loss: 0.4771, Accuracy: 79.55%, AUC: 0.79 - [VAL] Loss: 0.4915, Accuracy: 78.95%, AUC: 0.78
Epoch [85/100] - [TRAIN] Loss: 0.4775, Accuracy: 79.59%, AUC: 0.79 - [VAL] Loss: 0.4923, Accuracy: 78.79%, AUC: 0.78
Epoch [86/100] - [TRAIN] Loss: 0.4768, Accuracy: 79.62%, AUC: 0.79 - [VAL] Loss: 0.4915, Accuracy: 79.03%, AUC: 0.78
Epoch [87/100] - [TRAIN] Loss: 0.4765, Accuracy: 79.79%, AUC: 0.79 - [VAL] Loss: 0.4915, Accuracy: 78.99%, AUC: 0.78
Epoch [88/100] - [TRAIN] Loss: 0.4761, Accuracy: 79.85%, AUC: 0.79 - [VAL] Loss: 0.4917, Accuracy: 78.99%, AUC: 0.78
Epoch [89/100] - [TRAIN] Loss: 0.4751, Accuracy: 79.74%, AUC: 0.79 - [VAL] Loss: 0.4919, Accuracy: 78.91%, AUC: 0.78
Epoch [90/100] - [TRAIN] Loss: 0.4742, Accuracy: 79.67%, AUC: 0.79 - [VAL] Loss: 0.4925, Accuracy: 78.84%, AUC: 0.78
Epoch [91/100] - [TRAIN] Loss: 0.4745, Accuracy: 79.71%, AUC: 0.79 - [VAL] Loss: 0.4918, Accuracy: 79.02%, AUC: 0.78
Epoch [92/100] - [TRAIN] Loss: 0.4755, Accuracy: 79.71%, AUC: 0.79 - [VAL] Loss: 0.4916, Accuracy: 78.99%, AUC: 0.78
Epoch [93/100] - [TRAIN] Loss: 0.4741, Accuracy: 79.74%, AUC: 0.79 - [VAL] Loss: 0.4921, Accuracy: 78.96%, AUC: 0.78
Epoch [94/100] - [TRAIN] Loss: 0.4730, Accuracy: 79.75%, AUC: 0.79 - [VAL] Loss: 0.4956, Accuracy: 78.70%, AUC: 0.78
Epoch [95/100] - [TRAIN] Loss: 0.4745, Accuracy: 79.71%, AUC: 0.79 - [VAL] Loss: 0.4922, Accuracy: 78.99%, AUC: 0.78
Epoch [96/100] - [TRAIN] Loss: 0.4741, Accuracy: 79.73%, AUC: 0.79 - [VAL] Loss: 0.4919, Accuracy: 78.99%, AUC: 0.78
Epoch [97/100] - [TRAIN] Loss: 0.4734, Accuracy: 79.75%, AUC: 0.79 - [VAL] Loss: 0.4918, Accuracy: 78.98%, AUC: 0.78
Epoch [98/100] - [TRAIN] Loss: 0.4746, Accuracy: 79.75%, AUC: 0.79 - [VAL] Loss: 0.4919, Accuracy: 78.98%, AUC: 0.78
Epoch [99/100] - [TRAIN] Loss: 0.4713, Accuracy: 79.74%, AUC: 0.79 - [VAL] Loss: 0.4918, Accuracy: 79.02%, AUC: 0.78
Epoch [100/100] - [TRAIN] Loss: 0.4722, Accuracy: 79.86%, AUC: 0.79 - [VAL] Loss: 0.4926, Accuracy: 79.03%, AUC: 0.78
Training finished!
Accuracy Score on test set: 79.30 %
AUC Score on test set: 0.79
Item: H3K27ac-H3K9ac-H3K4me3-H3K27me3-H3K9me3
Train set shape: (7399, 5, 4000) (7399,)
Validation set shape: (7377, 5, 4000) (7377,)
Test set shape: (7378, 5, 4000) (7378,)
New best model saved with validation metric: 19.4242
Epoch [1/100] - [TRAIN] Loss: 0.6729, Accuracy: 60.78%, AUC: 0.50 - [VAL] Loss: 0.6526, Accuracy: 60.82%, AUC: 0.50
Epoch [2/100] - [TRAIN] Loss: 0.6354, Accuracy: 60.82%, AUC: 0.50 - [VAL] Loss: 0.6135, Accuracy: 60.82%, AUC: 0.50
Epoch [3/100] - [TRAIN] Loss: 0.5976, Accuracy: 60.82%, AUC: 0.50 - [VAL] Loss: 0.5768, Accuracy: 60.82%, AUC: 0.50
New best model saved with validation metric: 24.9394
Epoch [4/100] - [TRAIN] Loss: 0.5655, Accuracy: 69.71%, AUC: 0.63 - [VAL] Loss: 0.5498, Accuracy: 78.09%, AUC: 0.76
New best model saved with validation metric: 25.0823
Epoch [5/100] - [TRAIN] Loss: 0.5462, Accuracy: 78.13%, AUC: 0.76 - [VAL] Loss: 0.5348, Accuracy: 78.54%, AUC: 0.78
Epoch [6/100] - [TRAIN] Loss: 0.5355, Accuracy: 78.47%, AUC: 0.77 - [VAL] Loss: 0.5263, Accuracy: 78.39%, AUC: 0.78
Epoch [7/100] - [TRAIN] Loss: 0.5276, Accuracy: 78.31%, AUC: 0.77 - [VAL] Loss: 0.5208, Accuracy: 78.38%, AUC: 0.78
Epoch [8/100] - [TRAIN] Loss: 0.5225, Accuracy: 78.25%, AUC: 0.78 - [VAL] Loss: 0.5169, Accuracy: 78.16%, AUC: 0.78
Epoch [9/100] - [TRAIN] Loss: 0.5179, Accuracy: 78.28%, AUC: 0.78 - [VAL] Loss: 0.5145, Accuracy: 77.81%, AUC: 0.78
Epoch [10/100] - [TRAIN] Loss: 0.5159, Accuracy: 78.05%, AUC: 0.78 - [VAL] Loss: 0.5124, Accuracy: 77.66%, AUC: 0.78
Epoch [11/100] - [TRAIN] Loss: 0.5130, Accuracy: 78.13%, AUC: 0.78 - [VAL] Loss: 0.5105, Accuracy: 77.63%, AUC: 0.78
Epoch [12/100] - [TRAIN] Loss: 0.5115, Accuracy: 78.20%, AUC: 0.78 - [VAL] Loss: 0.5086, Accuracy: 77.86%, AUC: 0.78
Epoch [13/100] - [TRAIN] Loss: 0.5106, Accuracy: 78.20%, AUC: 0.78 - [VAL] Loss: 0.5074, Accuracy: 77.93%, AUC: 0.78
Epoch [14/100] - [TRAIN] Loss: 0.5085, Accuracy: 78.27%, AUC: 0.78 - [VAL] Loss: 0.5067, Accuracy: 77.73%, AUC: 0.78
Epoch [15/100] - [TRAIN] Loss: 0.5074, Accuracy: 78.24%, AUC: 0.78 - [VAL] Loss: 0.5058, Accuracy: 77.81%, AUC: 0.78
Epoch [16/100] - [TRAIN] Loss: 0.5056, Accuracy: 78.36%, AUC: 0.78 - [VAL] Loss: 0.5048, Accuracy: 78.00%, AUC: 0.78
Epoch [17/100] - [TRAIN] Loss: 0.5051, Accuracy: 78.31%, AUC: 0.78 - [VAL] Loss: 0.5041, Accuracy: 78.04%, AUC: 0.78
Epoch [18/100] - [TRAIN] Loss: 0.5031, Accuracy: 78.39%, AUC: 0.78 - [VAL] Loss: 0.5046, Accuracy: 77.78%, AUC: 0.78
Epoch [19/100] - [TRAIN] Loss: 0.5028, Accuracy: 78.43%, AUC: 0.78 - [VAL] Loss: 0.5030, Accuracy: 78.09%, AUC: 0.78
Epoch [20/100] - [TRAIN] Loss: 0.5016, Accuracy: 78.38%, AUC: 0.78 - [VAL] Loss: 0.5021, Accuracy: 78.31%, AUC: 0.78
Epoch [21/100] - [TRAIN] Loss: 0.5030, Accuracy: 78.42%, AUC: 0.78 - [VAL] Loss: 0.5017, Accuracy: 78.31%, AUC: 0.78
Epoch [22/100] - [TRAIN] Loss: 0.5019, Accuracy: 78.55%, AUC: 0.78 - [VAL] Loss: 0.5017, Accuracy: 78.15%, AUC: 0.78
Epoch [23/100] - [TRAIN] Loss: 0.4997, Accuracy: 78.46%, AUC: 0.78 - [VAL] Loss: 0.5008, Accuracy: 78.43%, AUC: 0.78
Epoch [24/100] - [TRAIN] Loss: 0.5004, Accuracy: 78.40%, AUC: 0.78 - [VAL] Loss: 0.5003, Accuracy: 78.43%, AUC: 0.78
Epoch [25/100] - [TRAIN] Loss: 0.4988, Accuracy: 78.75%, AUC: 0.78 - [VAL] Loss: 0.4999, Accuracy: 78.41%, AUC: 0.78
Epoch [26/100] - [TRAIN] Loss: 0.4990, Accuracy: 78.51%, AUC: 0.78 - [VAL] Loss: 0.4996, Accuracy: 78.43%, AUC: 0.78
Epoch [27/100] - [TRAIN] Loss: 0.4984, Accuracy: 78.75%, AUC: 0.78 - [VAL] Loss: 0.4994, Accuracy: 78.42%, AUC: 0.78
Epoch [28/100] - [TRAIN] Loss: 0.4985, Accuracy: 78.78%, AUC: 0.78 - [VAL] Loss: 0.4991, Accuracy: 78.39%, AUC: 0.78
New best model saved with validation metric: 25.1039
Epoch [29/100] - [TRAIN] Loss: 0.4965, Accuracy: 78.75%, AUC: 0.78 - [VAL] Loss: 0.4982, Accuracy: 78.61%, AUC: 0.78
New best model saved with validation metric: 25.1169
Epoch [30/100] - [TRAIN] Loss: 0.4966, Accuracy: 78.77%, AUC: 0.78 - [VAL] Loss: 0.4978, Accuracy: 78.65%, AUC: 0.78
Epoch [31/100] - [TRAIN] Loss: 0.4973, Accuracy: 78.98%, AUC: 0.78 - [VAL] Loss: 0.4975, Accuracy: 78.65%, AUC: 0.78
Epoch [32/100] - [TRAIN] Loss: 0.4941, Accuracy: 78.83%, AUC: 0.78 - [VAL] Loss: 0.4971, Accuracy: 78.58%, AUC: 0.78
Epoch [33/100] - [TRAIN] Loss: 0.4957, Accuracy: 78.92%, AUC: 0.78 - [VAL] Loss: 0.4969, Accuracy: 78.57%, AUC: 0.78
New best model saved with validation metric: 25.1342
Epoch [34/100] - [TRAIN] Loss: 0.4944, Accuracy: 78.79%, AUC: 0.78 - [VAL] Loss: 0.4965, Accuracy: 78.70%, AUC: 0.78
Epoch [35/100] - [TRAIN] Loss: 0.4930, Accuracy: 78.98%, AUC: 0.78 - [VAL] Loss: 0.4971, Accuracy: 78.35%, AUC: 0.78
Epoch [36/100] - [TRAIN] Loss: 0.4921, Accuracy: 78.94%, AUC: 0.78 - [VAL] Loss: 0.4962, Accuracy: 78.55%, AUC: 0.78
Epoch [37/100] - [TRAIN] Loss: 0.4933, Accuracy: 78.77%, AUC: 0.78 - [VAL] Loss: 0.4962, Accuracy: 78.55%, AUC: 0.78
Epoch [38/100] - [TRAIN] Loss: 0.4916, Accuracy: 78.88%, AUC: 0.78 - [VAL] Loss: 0.4957, Accuracy: 78.57%, AUC: 0.78
New best model saved with validation metric: 25.1688
Epoch [39/100] - [TRAIN] Loss: 0.4918, Accuracy: 78.94%, AUC: 0.78 - [VAL] Loss: 0.4952, Accuracy: 78.81%, AUC: 0.78
Epoch [40/100] - [TRAIN] Loss: 0.4914, Accuracy: 78.94%, AUC: 0.78 - [VAL] Loss: 0.4956, Accuracy: 78.55%, AUC: 0.78
Epoch [41/100] - [TRAIN] Loss: 0.4900, Accuracy: 79.00%, AUC: 0.78 - [VAL] Loss: 0.4959, Accuracy: 78.43%, AUC: 0.78
Epoch [42/100] - [TRAIN] Loss: 0.4907, Accuracy: 78.94%, AUC: 0.78 - [VAL] Loss: 0.4950, Accuracy: 78.62%, AUC: 0.78
Epoch [43/100] - [TRAIN] Loss: 0.4908, Accuracy: 79.00%, AUC: 0.78 - [VAL] Loss: 0.4953, Accuracy: 78.66%, AUC: 0.78
Epoch [44/100] - [TRAIN] Loss: 0.4903, Accuracy: 79.06%, AUC: 0.78 - [VAL] Loss: 0.4944, Accuracy: 78.68%, AUC: 0.78
Epoch [45/100] - [TRAIN] Loss: 0.4894, Accuracy: 78.93%, AUC: 0.78 - [VAL] Loss: 0.4941, Accuracy: 78.70%, AUC: 0.78
New best model saved with validation metric: 25.1905
Epoch [46/100] - [TRAIN] Loss: 0.4895, Accuracy: 78.98%, AUC: 0.78 - [VAL] Loss: 0.4938, Accuracy: 78.88%, AUC: 0.78
Epoch [47/100] - [TRAIN] Loss: 0.4882, Accuracy: 79.00%, AUC: 0.78 - [VAL] Loss: 0.4942, Accuracy: 78.70%, AUC: 0.78
Epoch [48/100] - [TRAIN] Loss: 0.4889, Accuracy: 79.16%, AUC: 0.78 - [VAL] Loss: 0.4939, Accuracy: 78.65%, AUC: 0.78
Epoch [49/100] - [TRAIN] Loss: 0.4880, Accuracy: 79.11%, AUC: 0.78 - [VAL] Loss: 0.4932, Accuracy: 78.77%, AUC: 0.78
Epoch [50/100] - [TRAIN] Loss: 0.4875, Accuracy: 79.01%, AUC: 0.78 - [VAL] Loss: 0.4931, Accuracy: 78.79%, AUC: 0.78
Epoch [51/100] - [TRAIN] Loss: 0.4867, Accuracy: 79.08%, AUC: 0.78 - [VAL] Loss: 0.4929, Accuracy: 78.79%, AUC: 0.78
Epoch [52/100] - [TRAIN] Loss: 0.4869, Accuracy: 79.16%, AUC: 0.78 - [VAL] Loss: 0.4936, Accuracy: 78.68%, AUC: 0.78
Epoch [53/100] - [TRAIN] Loss: 0.4858, Accuracy: 79.11%, AUC: 0.78 - [VAL] Loss: 0.4929, Accuracy: 78.70%, AUC: 0.78
Epoch [54/100] - [TRAIN] Loss: 0.4853, Accuracy: 79.09%, AUC: 0.78 - [VAL] Loss: 0.4925, Accuracy: 78.76%, AUC: 0.78
Epoch [55/100] - [TRAIN] Loss: 0.4872, Accuracy: 79.02%, AUC: 0.78 - [VAL] Loss: 0.4924, Accuracy: 78.80%, AUC: 0.78
Epoch [56/100] - [TRAIN] Loss: 0.4844, Accuracy: 79.16%, AUC: 0.78 - [VAL] Loss: 0.4928, Accuracy: 78.73%, AUC: 0.78
Epoch [57/100] - [TRAIN] Loss: 0.4862, Accuracy: 79.13%, AUC: 0.78 - [VAL] Loss: 0.4931, Accuracy: 78.64%, AUC: 0.78
Epoch [58/100] - [TRAIN] Loss: 0.4848, Accuracy: 79.11%, AUC: 0.78 - [VAL] Loss: 0.4921, Accuracy: 78.80%, AUC: 0.78
Epoch [59/100] - [TRAIN] Loss: 0.4836, Accuracy: 79.02%, AUC: 0.78 - [VAL] Loss: 0.4919, Accuracy: 78.85%, AUC: 0.78
Epoch [60/100] - [TRAIN] Loss: 0.4843, Accuracy: 79.31%, AUC: 0.79 - [VAL] Loss: 0.4921, Accuracy: 78.77%, AUC: 0.78
New best model saved with validation metric: 25.2294
Epoch [61/100] - [TRAIN] Loss: 0.4827, Accuracy: 79.16%, AUC: 0.78 - [VAL] Loss: 0.4918, Accuracy: 79.00%, AUC: 0.78
Epoch [62/100] - [TRAIN] Loss: 0.4833, Accuracy: 79.21%, AUC: 0.78 - [VAL] Loss: 0.4918, Accuracy: 78.88%, AUC: 0.78
Epoch [63/100] - [TRAIN] Loss: 0.4818, Accuracy: 79.15%, AUC: 0.78 - [VAL] Loss: 0.4927, Accuracy: 78.66%, AUC: 0.78
New best model saved with validation metric: 25.2338
Epoch [64/100] - [TRAIN] Loss: 0.4819, Accuracy: 79.25%, AUC: 0.79 - [VAL] Loss: 0.4916, Accuracy: 79.02%, AUC: 0.78
Epoch [65/100] - [TRAIN] Loss: 0.4819, Accuracy: 79.36%, AUC: 0.79 - [VAL] Loss: 0.4922, Accuracy: 78.80%, AUC: 0.78
Epoch [66/100] - [TRAIN] Loss: 0.4812, Accuracy: 79.29%, AUC: 0.78 - [VAL] Loss: 0.4917, Accuracy: 78.84%, AUC: 0.78
Epoch [67/100] - [TRAIN] Loss: 0.4807, Accuracy: 79.32%, AUC: 0.79 - [VAL] Loss: 0.4916, Accuracy: 78.83%, AUC: 0.78
Epoch [68/100] - [TRAIN] Loss: 0.4822, Accuracy: 79.32%, AUC: 0.79 - [VAL] Loss: 0.4921, Accuracy: 78.79%, AUC: 0.78
Epoch [69/100] - [TRAIN] Loss: 0.4803, Accuracy: 79.35%, AUC: 0.79 - [VAL] Loss: 0.4913, Accuracy: 79.00%, AUC: 0.78
Epoch [70/100] - [TRAIN] Loss: 0.4799, Accuracy: 79.38%, AUC: 0.79 - [VAL] Loss: 0.4919, Accuracy: 78.79%, AUC: 0.78
Epoch [71/100] - [TRAIN] Loss: 0.4799, Accuracy: 79.38%, AUC: 0.79 - [VAL] Loss: 0.4915, Accuracy: 78.85%, AUC: 0.78
Epoch [72/100] - [TRAIN] Loss: 0.4794, Accuracy: 79.39%, AUC: 0.79 - [VAL] Loss: 0.4924, Accuracy: 78.73%, AUC: 0.78
Epoch [73/100] - [TRAIN] Loss: 0.4797, Accuracy: 79.39%, AUC: 0.79 - [VAL] Loss: 0.4930, Accuracy: 78.70%, AUC: 0.78
Epoch [74/100] - [TRAIN] Loss: 0.4772, Accuracy: 79.36%, AUC: 0.79 - [VAL] Loss: 0.4913, Accuracy: 78.85%, AUC: 0.78
Epoch [75/100] - [TRAIN] Loss: 0.4783, Accuracy: 79.52%, AUC: 0.79 - [VAL] Loss: 0.4913, Accuracy: 78.88%, AUC: 0.78
Epoch [76/100] - [TRAIN] Loss: 0.4769, Accuracy: 79.65%, AUC: 0.79 - [VAL] Loss: 0.4915, Accuracy: 78.85%, AUC: 0.78
Epoch [77/100] - [TRAIN] Loss: 0.4780, Accuracy: 79.56%, AUC: 0.79 - [VAL] Loss: 0.4918, Accuracy: 78.83%, AUC: 0.78
Epoch [78/100] - [TRAIN] Loss: 0.4767, Accuracy: 79.56%, AUC: 0.79 - [VAL] Loss: 0.4922, Accuracy: 78.81%, AUC: 0.78
Epoch [79/100] - [TRAIN] Loss: 0.4776, Accuracy: 79.48%, AUC: 0.79 - [VAL] Loss: 0.4914, Accuracy: 78.92%, AUC: 0.78
Epoch [80/100] - [TRAIN] Loss: 0.4760, Accuracy: 79.55%, AUC: 0.79 - [VAL] Loss: 0.4915, Accuracy: 78.95%, AUC: 0.78
Epoch [81/100] - [TRAIN] Loss: 0.4761, Accuracy: 79.59%, AUC: 0.79 - [VAL] Loss: 0.4926, Accuracy: 78.83%, AUC: 0.78
Epoch [82/100] - [TRAIN] Loss: 0.4771, Accuracy: 79.58%, AUC: 0.79 - [VAL] Loss: 0.4915, Accuracy: 78.93%, AUC: 0.78
Epoch [83/100] - [TRAIN] Loss: 0.4756, Accuracy: 79.48%, AUC: 0.79 - [VAL] Loss: 0.4914, Accuracy: 78.99%, AUC: 0.78
Epoch [84/100] - [TRAIN] Loss: 0.4742, Accuracy: 79.77%, AUC: 0.79 - [VAL] Loss: 0.4914, Accuracy: 78.98%, AUC: 0.78
Epoch [85/100] - [TRAIN] Loss: 0.4753, Accuracy: 79.69%, AUC: 0.79 - [VAL] Loss: 0.4925, Accuracy: 78.91%, AUC: 0.78
Epoch [86/100] - [TRAIN] Loss: 0.4744, Accuracy: 79.63%, AUC: 0.79 - [VAL] Loss: 0.4923, Accuracy: 78.95%, AUC: 0.78
Epoch [87/100] - [TRAIN] Loss: 0.4754, Accuracy: 79.59%, AUC: 0.79 - [VAL] Loss: 0.4920, Accuracy: 78.92%, AUC: 0.78
New best model saved with validation metric: 25.2511
Epoch [88/100] - [TRAIN] Loss: 0.4762, Accuracy: 79.69%, AUC: 0.79 - [VAL] Loss: 0.4915, Accuracy: 79.07%, AUC: 0.78
Epoch [89/100] - [TRAIN] Loss: 0.4749, Accuracy: 79.70%, AUC: 0.79 - [VAL] Loss: 0.4917, Accuracy: 79.03%, AUC: 0.78
Epoch [90/100] - [TRAIN] Loss: 0.4735, Accuracy: 79.70%, AUC: 0.79 - [VAL] Loss: 0.4916, Accuracy: 79.02%, AUC: 0.78
Epoch [91/100] - [TRAIN] Loss: 0.4752, Accuracy: 79.85%, AUC: 0.79 - [VAL] Loss: 0.4918, Accuracy: 78.95%, AUC: 0.78
Epoch [92/100] - [TRAIN] Loss: 0.4730, Accuracy: 79.84%, AUC: 0.79 - [VAL] Loss: 0.4926, Accuracy: 78.95%, AUC: 0.78
Epoch [93/100] - [TRAIN] Loss: 0.4735, Accuracy: 79.70%, AUC: 0.79 - [VAL] Loss: 0.4918, Accuracy: 79.04%, AUC: 0.78
Epoch [94/100] - [TRAIN] Loss: 0.4727, Accuracy: 79.85%, AUC: 0.79 - [VAL] Loss: 0.4920, Accuracy: 79.04%, AUC: 0.78
Epoch [95/100] - [TRAIN] Loss: 0.4730, Accuracy: 79.82%, AUC: 0.79 - [VAL] Loss: 0.4922, Accuracy: 79.03%, AUC: 0.78
Epoch [96/100] - [TRAIN] Loss: 0.4722, Accuracy: 79.78%, AUC: 0.79 - [VAL] Loss: 0.4929, Accuracy: 79.02%, AUC: 0.79
Epoch [97/100] - [TRAIN] Loss: 0.4725, Accuracy: 79.90%, AUC: 0.79 - [VAL] Loss: 0.4931, Accuracy: 79.02%, AUC: 0.79
Epoch [98/100] - [TRAIN] Loss: 0.4718, Accuracy: 79.74%, AUC: 0.79 - [VAL] Loss: 0.4940, Accuracy: 78.99%, AUC: 0.79
Epoch [99/100] - [TRAIN] Loss: 0.4716, Accuracy: 79.78%, AUC: 0.79 - [VAL] Loss: 0.4926, Accuracy: 78.96%, AUC: 0.78
Epoch [100/100] - [TRAIN] Loss: 0.4734, Accuracy: 79.74%, AUC: 0.79 - [VAL] Loss: 0.4924, Accuracy: 78.99%, AUC: 0.78
Training finished!
Accuracy Score on test set: 79.49 %
AUC Score on test set: 0.79
Item: H3K27ac-H3K9ac-H3K9me3-H3K4me3-H3K27me3
Train set shape: (7399, 5, 4000) (7399,)
Validation set shape: (7377, 5, 4000) (7377,)
Test set shape: (7378, 5, 4000) (7378,)
New best model saved with validation metric: 19.4242
Epoch [1/100] - [TRAIN] Loss: 0.6486, Accuracy: 61.35%, AUC: 0.55 - [VAL] Loss: 0.6031, Accuracy: 60.82%, AUC: 0.50
Epoch [2/100] - [TRAIN] Loss: 0.5858, Accuracy: 60.82%, AUC: 0.50 - [VAL] Loss: 0.5677, Accuracy: 60.82%, AUC: 0.50
New best model saved with validation metric: 24.9307
Epoch [3/100] - [TRAIN] Loss: 0.5607, Accuracy: 68.33%, AUC: 0.61 - [VAL] Loss: 0.5471, Accuracy: 78.07%, AUC: 0.76
New best model saved with validation metric: 25.0260
Epoch [4/100] - [TRAIN] Loss: 0.5469, Accuracy: 78.42%, AUC: 0.77 - [VAL] Loss: 0.5361, Accuracy: 78.37%, AUC: 0.78
Epoch [5/100] - [TRAIN] Loss: 0.5383, Accuracy: 78.38%, AUC: 0.77 - [VAL] Loss: 0.5307, Accuracy: 78.34%, AUC: 0.78
Epoch [6/100] - [TRAIN] Loss: 0.5333, Accuracy: 78.35%, AUC: 0.78 - [VAL] Loss: 0.5269, Accuracy: 78.22%, AUC: 0.78
Epoch [7/100] - [TRAIN] Loss: 0.5297, Accuracy: 78.20%, AUC: 0.78 - [VAL] Loss: 0.5240, Accuracy: 78.12%, AUC: 0.78
Epoch [8/100] - [TRAIN] Loss: 0.5267, Accuracy: 78.25%, AUC: 0.78 - [VAL] Loss: 0.5209, Accuracy: 78.15%, AUC: 0.78
Epoch [9/100] - [TRAIN] Loss: 0.5228, Accuracy: 78.36%, AUC: 0.78 - [VAL] Loss: 0.5186, Accuracy: 78.18%, AUC: 0.78
Epoch [10/100] - [TRAIN] Loss: 0.5221, Accuracy: 78.25%, AUC: 0.78 - [VAL] Loss: 0.5171, Accuracy: 77.96%, AUC: 0.78
Epoch [11/100] - [TRAIN] Loss: 0.5196, Accuracy: 78.39%, AUC: 0.78 - [VAL] Loss: 0.5143, Accuracy: 78.08%, AUC: 0.78
Epoch [12/100] - [TRAIN] Loss: 0.5164, Accuracy: 78.29%, AUC: 0.78 - [VAL] Loss: 0.5127, Accuracy: 78.12%, AUC: 0.78
Epoch [13/100] - [TRAIN] Loss: 0.5162, Accuracy: 78.38%, AUC: 0.78 - [VAL] Loss: 0.5110, Accuracy: 78.28%, AUC: 0.78
Epoch [14/100] - [TRAIN] Loss: 0.5138, Accuracy: 78.33%, AUC: 0.78 - [VAL] Loss: 0.5098, Accuracy: 78.13%, AUC: 0.78
Epoch [15/100] - [TRAIN] Loss: 0.5112, Accuracy: 78.28%, AUC: 0.78 - [VAL] Loss: 0.5085, Accuracy: 78.27%, AUC: 0.78
Epoch [16/100] - [TRAIN] Loss: 0.5100, Accuracy: 78.20%, AUC: 0.78 - [VAL] Loss: 0.5075, Accuracy: 78.27%, AUC: 0.78
Epoch [17/100] - [TRAIN] Loss: 0.5084, Accuracy: 78.36%, AUC: 0.78 - [VAL] Loss: 0.5066, Accuracy: 78.16%, AUC: 0.78
Epoch [18/100] - [TRAIN] Loss: 0.5083, Accuracy: 78.33%, AUC: 0.78 - [VAL] Loss: 0.5058, Accuracy: 78.19%, AUC: 0.78
Epoch [19/100] - [TRAIN] Loss: 0.5061, Accuracy: 78.38%, AUC: 0.78 - [VAL] Loss: 0.5048, Accuracy: 78.27%, AUC: 0.78
Epoch [20/100] - [TRAIN] Loss: 0.5045, Accuracy: 78.40%, AUC: 0.78 - [VAL] Loss: 0.5043, Accuracy: 78.20%, AUC: 0.78
Epoch [21/100] - [TRAIN] Loss: 0.5046, Accuracy: 78.47%, AUC: 0.78 - [VAL] Loss: 0.5038, Accuracy: 78.32%, AUC: 0.78
Epoch [22/100] - [TRAIN] Loss: 0.5034, Accuracy: 78.62%, AUC: 0.78 - [VAL] Loss: 0.5031, Accuracy: 78.35%, AUC: 0.78
New best model saved with validation metric: 25.0563
Epoch [23/100] - [TRAIN] Loss: 0.5019, Accuracy: 78.48%, AUC: 0.78 - [VAL] Loss: 0.5022, Accuracy: 78.46%, AUC: 0.78
Epoch [24/100] - [TRAIN] Loss: 0.5009, Accuracy: 78.56%, AUC: 0.78 - [VAL] Loss: 0.5020, Accuracy: 78.41%, AUC: 0.78
Epoch [25/100] - [TRAIN] Loss: 0.5008, Accuracy: 78.61%, AUC: 0.78 - [VAL] Loss: 0.5009, Accuracy: 78.43%, AUC: 0.78
Epoch [26/100] - [TRAIN] Loss: 0.4996, Accuracy: 78.58%, AUC: 0.78 - [VAL] Loss: 0.5005, Accuracy: 78.39%, AUC: 0.78
Epoch [27/100] - [TRAIN] Loss: 0.5008, Accuracy: 78.59%, AUC: 0.78 - [VAL] Loss: 0.5006, Accuracy: 78.43%, AUC: 0.78
Epoch [28/100] - [TRAIN] Loss: 0.4986, Accuracy: 78.70%, AUC: 0.78 - [VAL] Loss: 0.4996, Accuracy: 78.42%, AUC: 0.78
Epoch [29/100] - [TRAIN] Loss: 0.4976, Accuracy: 78.74%, AUC: 0.78 - [VAL] Loss: 0.4994, Accuracy: 78.41%, AUC: 0.78
Epoch [30/100] - [TRAIN] Loss: 0.4992, Accuracy: 78.77%, AUC: 0.78 - [VAL] Loss: 0.4992, Accuracy: 78.45%, AUC: 0.78
New best model saved with validation metric: 25.0866
Epoch [31/100] - [TRAIN] Loss: 0.4972, Accuracy: 78.81%, AUC: 0.78 - [VAL] Loss: 0.4983, Accuracy: 78.55%, AUC: 0.78
Epoch [32/100] - [TRAIN] Loss: 0.4954, Accuracy: 78.75%, AUC: 0.78 - [VAL] Loss: 0.4982, Accuracy: 78.55%, AUC: 0.78
New best model saved with validation metric: 25.0952
Epoch [33/100] - [TRAIN] Loss: 0.4963, Accuracy: 78.79%, AUC: 0.78 - [VAL] Loss: 0.4975, Accuracy: 78.58%, AUC: 0.78
Epoch [34/100] - [TRAIN] Loss: 0.4946, Accuracy: 78.73%, AUC: 0.78 - [VAL] Loss: 0.4974, Accuracy: 78.57%, AUC: 0.78
Epoch [35/100] - [TRAIN] Loss: 0.4932, Accuracy: 78.89%, AUC: 0.78 - [VAL] Loss: 0.4970, Accuracy: 78.54%, AUC: 0.78
Epoch [36/100] - [TRAIN] Loss: 0.4937, Accuracy: 78.83%, AUC: 0.78 - [VAL] Loss: 0.4966, Accuracy: 78.55%, AUC: 0.78
New best model saved with validation metric: 25.1039
Epoch [37/100] - [TRAIN] Loss: 0.4935, Accuracy: 78.88%, AUC: 0.78 - [VAL] Loss: 0.4968, Accuracy: 78.61%, AUC: 0.78
Epoch [38/100] - [TRAIN] Loss: 0.4916, Accuracy: 78.85%, AUC: 0.78 - [VAL] Loss: 0.4960, Accuracy: 78.58%, AUC: 0.78
Epoch [39/100] - [TRAIN] Loss: 0.4933, Accuracy: 78.92%, AUC: 0.78 - [VAL] Loss: 0.4960, Accuracy: 78.57%, AUC: 0.78
Epoch [40/100] - [TRAIN] Loss: 0.4904, Accuracy: 78.78%, AUC: 0.78 - [VAL] Loss: 0.4959, Accuracy: 78.61%, AUC: 0.78
New best model saved with validation metric: 25.1082
Epoch [41/100] - [TRAIN] Loss: 0.4905, Accuracy: 78.93%, AUC: 0.78 - [VAL] Loss: 0.4953, Accuracy: 78.62%, AUC: 0.78
New best model saved with validation metric: 25.1212
Epoch [42/100] - [TRAIN] Loss: 0.4896, Accuracy: 78.96%, AUC: 0.78 - [VAL] Loss: 0.4948, Accuracy: 78.66%, AUC: 0.78
New best model saved with validation metric: 25.1342
Epoch [43/100] - [TRAIN] Loss: 0.4907, Accuracy: 78.88%, AUC: 0.78 - [VAL] Loss: 0.4954, Accuracy: 78.70%, AUC: 0.78
Epoch [44/100] - [TRAIN] Loss: 0.4888, Accuracy: 78.85%, AUC: 0.78 - [VAL] Loss: 0.4950, Accuracy: 78.64%, AUC: 0.78
Epoch [45/100] - [TRAIN] Loss: 0.4897, Accuracy: 78.86%, AUC: 0.78 - [VAL] Loss: 0.4947, Accuracy: 78.68%, AUC: 0.78
Epoch [46/100] - [TRAIN] Loss: 0.4873, Accuracy: 79.01%, AUC: 0.78 - [VAL] Loss: 0.4948, Accuracy: 78.64%, AUC: 0.78
Epoch [47/100] - [TRAIN] Loss: 0.4871, Accuracy: 78.98%, AUC: 0.78 - [VAL] Loss: 0.4939, Accuracy: 78.69%, AUC: 0.78
Epoch [48/100] - [TRAIN] Loss: 0.4875, Accuracy: 79.08%, AUC: 0.78 - [VAL] Loss: 0.4939, Accuracy: 78.70%, AUC: 0.78
Epoch [49/100] - [TRAIN] Loss: 0.4875, Accuracy: 78.94%, AUC: 0.78 - [VAL] Loss: 0.4944, Accuracy: 78.69%, AUC: 0.78
Epoch [50/100] - [TRAIN] Loss: 0.4865, Accuracy: 78.92%, AUC: 0.78 - [VAL] Loss: 0.4957, Accuracy: 78.58%, AUC: 0.78
New best model saved with validation metric: 25.1515
Epoch [51/100] - [TRAIN] Loss: 0.4857, Accuracy: 78.90%, AUC: 0.78 - [VAL] Loss: 0.4934, Accuracy: 78.76%, AUC: 0.78
New best model saved with validation metric: 25.1645
Epoch [52/100] - [TRAIN] Loss: 0.4848, Accuracy: 79.09%, AUC: 0.78 - [VAL] Loss: 0.4930, Accuracy: 78.80%, AUC: 0.78
Epoch [53/100] - [TRAIN] Loss: 0.4840, Accuracy: 79.11%, AUC: 0.78 - [VAL] Loss: 0.4930, Accuracy: 78.80%, AUC: 0.78
Epoch [54/100] - [TRAIN] Loss: 0.4844, Accuracy: 79.06%, AUC: 0.78 - [VAL] Loss: 0.4933, Accuracy: 78.79%, AUC: 0.78
Epoch [55/100] - [TRAIN] Loss: 0.4847, Accuracy: 79.00%, AUC: 0.78 - [VAL] Loss: 0.4928, Accuracy: 78.77%, AUC: 0.78
New best model saved with validation metric: 25.1688
Epoch [56/100] - [TRAIN] Loss: 0.4848, Accuracy: 79.09%, AUC: 0.78 - [VAL] Loss: 0.4929, Accuracy: 78.81%, AUC: 0.78
Epoch [57/100] - [TRAIN] Loss: 0.4824, Accuracy: 79.09%, AUC: 0.78 - [VAL] Loss: 0.4927, Accuracy: 78.80%, AUC: 0.78
Epoch [58/100] - [TRAIN] Loss: 0.4843, Accuracy: 79.09%, AUC: 0.78 - [VAL] Loss: 0.4937, Accuracy: 78.72%, AUC: 0.78
Epoch [59/100] - [TRAIN] Loss: 0.4825, Accuracy: 79.15%, AUC: 0.78 - [VAL] Loss: 0.4935, Accuracy: 78.73%, AUC: 0.78
Epoch [60/100] - [TRAIN] Loss: 0.4826, Accuracy: 79.11%, AUC: 0.78 - [VAL] Loss: 0.4926, Accuracy: 78.81%, AUC: 0.78
New best model saved with validation metric: 25.1905
Epoch [61/100] - [TRAIN] Loss: 0.4829, Accuracy: 79.02%, AUC: 0.78 - [VAL] Loss: 0.4926, Accuracy: 78.88%, AUC: 0.78
Epoch [62/100] - [TRAIN] Loss: 0.4821, Accuracy: 79.28%, AUC: 0.78 - [VAL] Loss: 0.4943, Accuracy: 78.76%, AUC: 0.78
Epoch [63/100] - [TRAIN] Loss: 0.4813, Accuracy: 79.17%, AUC: 0.78 - [VAL] Loss: 0.4926, Accuracy: 78.79%, AUC: 0.78
Epoch [64/100] - [TRAIN] Loss: 0.4816, Accuracy: 79.20%, AUC: 0.78 - [VAL] Loss: 0.4925, Accuracy: 78.87%, AUC: 0.78
New best model saved with validation metric: 25.1948
Epoch [65/100] - [TRAIN] Loss: 0.4802, Accuracy: 79.21%, AUC: 0.78 - [VAL] Loss: 0.4924, Accuracy: 78.89%, AUC: 0.78
Epoch [66/100] - [TRAIN] Loss: 0.4808, Accuracy: 79.24%, AUC: 0.78 - [VAL] Loss: 0.4935, Accuracy: 78.76%, AUC: 0.78
Epoch [67/100] - [TRAIN] Loss: 0.4818, Accuracy: 79.24%, AUC: 0.78 - [VAL] Loss: 0.4925, Accuracy: 78.88%, AUC: 0.78
New best model saved with validation metric: 25.1991
Epoch [68/100] - [TRAIN] Loss: 0.4784, Accuracy: 79.36%, AUC: 0.79 - [VAL] Loss: 0.4927, Accuracy: 78.91%, AUC: 0.78
Epoch [69/100] - [TRAIN] Loss: 0.4808, Accuracy: 79.19%, AUC: 0.78 - [VAL] Loss: 0.4939, Accuracy: 78.88%, AUC: 0.78
Epoch [70/100] - [TRAIN] Loss: 0.4780, Accuracy: 79.25%, AUC: 0.79 - [VAL] Loss: 0.4933, Accuracy: 78.83%, AUC: 0.78
New best model saved with validation metric: 25.2035
Epoch [71/100] - [TRAIN] Loss: 0.4781, Accuracy: 79.38%, AUC: 0.79 - [VAL] Loss: 0.4925, Accuracy: 78.92%, AUC: 0.78
Epoch [72/100] - [TRAIN] Loss: 0.4780, Accuracy: 79.29%, AUC: 0.78 - [VAL] Loss: 0.4925, Accuracy: 78.91%, AUC: 0.78
Epoch [73/100] - [TRAIN] Loss: 0.4790, Accuracy: 79.51%, AUC: 0.79 - [VAL] Loss: 0.4930, Accuracy: 78.83%, AUC: 0.78
New best model saved with validation metric: 25.2121
Epoch [74/100] - [TRAIN] Loss: 0.4781, Accuracy: 79.55%, AUC: 0.79 - [VAL] Loss: 0.4926, Accuracy: 78.95%, AUC: 0.78
Epoch [75/100] - [TRAIN] Loss: 0.4772, Accuracy: 79.43%, AUC: 0.79 - [VAL] Loss: 0.4925, Accuracy: 78.93%, AUC: 0.78
Epoch [76/100] - [TRAIN] Loss: 0.4774, Accuracy: 79.56%, AUC: 0.79 - [VAL] Loss: 0.4939, Accuracy: 78.87%, AUC: 0.78
Epoch [77/100] - [TRAIN] Loss: 0.4776, Accuracy: 79.36%, AUC: 0.79 - [VAL] Loss: 0.4931, Accuracy: 78.83%, AUC: 0.78
New best model saved with validation metric: 25.2208
Epoch [78/100] - [TRAIN] Loss: 0.4777, Accuracy: 79.44%, AUC: 0.79 - [VAL] Loss: 0.4926, Accuracy: 78.98%, AUC: 0.78
Epoch [79/100] - [TRAIN] Loss: 0.4762, Accuracy: 79.44%, AUC: 0.79 - [VAL] Loss: 0.4932, Accuracy: 78.85%, AUC: 0.78
New best model saved with validation metric: 25.2251
Epoch [80/100] - [TRAIN] Loss: 0.4763, Accuracy: 79.54%, AUC: 0.79 - [VAL] Loss: 0.4928, Accuracy: 78.99%, AUC: 0.78
New best model saved with validation metric: 25.2554
Epoch [81/100] - [TRAIN] Loss: 0.4763, Accuracy: 79.52%, AUC: 0.79 - [VAL] Loss: 0.4926, Accuracy: 79.08%, AUC: 0.78
Epoch [82/100] - [TRAIN] Loss: 0.4752, Accuracy: 79.54%, AUC: 0.79 - [VAL] Loss: 0.4927, Accuracy: 79.03%, AUC: 0.78
New best model saved with validation metric: 25.2727
Epoch [83/100] - [TRAIN] Loss: 0.4766, Accuracy: 79.48%, AUC: 0.79 - [VAL] Loss: 0.4927, Accuracy: 79.14%, AUC: 0.78
New best model saved with validation metric: 25.2771
Epoch [84/100] - [TRAIN] Loss: 0.4735, Accuracy: 79.71%, AUC: 0.79 - [VAL] Loss: 0.4930, Accuracy: 79.15%, AUC: 0.78
Epoch [85/100] - [TRAIN] Loss: 0.4748, Accuracy: 79.44%, AUC: 0.79 - [VAL] Loss: 0.4939, Accuracy: 78.80%, AUC: 0.78
Epoch [86/100] - [TRAIN] Loss: 0.4737, Accuracy: 79.62%, AUC: 0.79 - [VAL] Loss: 0.4936, Accuracy: 78.85%, AUC: 0.78
Epoch [87/100] - [TRAIN] Loss: 0.4734, Accuracy: 79.69%, AUC: 0.79 - [VAL] Loss: 0.4937, Accuracy: 78.84%, AUC: 0.78
Epoch [88/100] - [TRAIN] Loss: 0.4731, Accuracy: 79.65%, AUC: 0.79 - [VAL] Loss: 0.4947, Accuracy: 78.80%, AUC: 0.78
Epoch [89/100] - [TRAIN] Loss: 0.4724, Accuracy: 79.55%, AUC: 0.79 - [VAL] Loss: 0.4938, Accuracy: 78.85%, AUC: 0.78
Epoch [90/100] - [TRAIN] Loss: 0.4723, Accuracy: 79.62%, AUC: 0.79 - [VAL] Loss: 0.4936, Accuracy: 78.96%, AUC: 0.78
Epoch [91/100] - [TRAIN] Loss: 0.4727, Accuracy: 79.65%, AUC: 0.79 - [VAL] Loss: 0.4959, Accuracy: 78.76%, AUC: 0.78
Epoch [92/100] - [TRAIN] Loss: 0.4718, Accuracy: 79.59%, AUC: 0.79 - [VAL] Loss: 0.4941, Accuracy: 78.77%, AUC: 0.78
Epoch [93/100] - [TRAIN] Loss: 0.4735, Accuracy: 79.71%, AUC: 0.79 - [VAL] Loss: 0.4957, Accuracy: 78.80%, AUC: 0.78
Epoch [94/100] - [TRAIN] Loss: 0.4708, Accuracy: 79.61%, AUC: 0.79 - [VAL] Loss: 0.4937, Accuracy: 79.07%, AUC: 0.78
Epoch [95/100] - [TRAIN] Loss: 0.4712, Accuracy: 79.63%, AUC: 0.79 - [VAL] Loss: 0.4931, Accuracy: 79.10%, AUC: 0.78
Epoch [96/100] - [TRAIN] Loss: 0.4732, Accuracy: 79.75%, AUC: 0.79 - [VAL] Loss: 0.4935, Accuracy: 79.11%, AUC: 0.78
New best model saved with validation metric: 25.2814
Epoch [97/100] - [TRAIN] Loss: 0.4714, Accuracy: 79.77%, AUC: 0.79 - [VAL] Loss: 0.4931, Accuracy: 79.16%, AUC: 0.79
Epoch [98/100] - [TRAIN] Loss: 0.4707, Accuracy: 79.86%, AUC: 0.79 - [VAL] Loss: 0.4939, Accuracy: 79.07%, AUC: 0.78
Epoch [99/100] - [TRAIN] Loss: 0.4696, Accuracy: 79.66%, AUC: 0.79 - [VAL] Loss: 0.4935, Accuracy: 79.15%, AUC: 0.79
Epoch [100/100] - [TRAIN] Loss: 0.4717, Accuracy: 79.75%, AUC: 0.79 - [VAL] Loss: 0.4938, Accuracy: 79.11%, AUC: 0.78
Training finished!
Accuracy Score on test set: 79.34 %
AUC Score on test set: 0.79
Item: H3K27ac-H3K9ac-H3K9me3-H3K27me3-H3K4me3
Train set shape: (7399, 5, 4000) (7399,)
Validation set shape: (7377, 5, 4000) (7377,)
Test set shape: (7378, 5, 4000) (7378,)
New best model saved with validation metric: 19.4242
Epoch [1/100] - [TRAIN] Loss: 0.6649, Accuracy: 60.59%, AUC: 0.50 - [VAL] Loss: 0.6389, Accuracy: 60.82%, AUC: 0.50
Epoch [2/100] - [TRAIN] Loss: 0.6195, Accuracy: 60.82%, AUC: 0.50 - [VAL] Loss: 0.5992, Accuracy: 60.82%, AUC: 0.50
Epoch [3/100] - [TRAIN] Loss: 0.5877, Accuracy: 60.82%, AUC: 0.50 - [VAL] Loss: 0.5728, Accuracy: 60.82%, AUC: 0.50
New best model saved with validation metric: 19.5844
Epoch [4/100] - [TRAIN] Loss: 0.5660, Accuracy: 60.85%, AUC: 0.50 - [VAL] Loss: 0.5536, Accuracy: 61.33%, AUC: 0.51
New best model saved with validation metric: 25.0563
Epoch [5/100] - [TRAIN] Loss: 0.5514, Accuracy: 74.54%, AUC: 0.71 - [VAL] Loss: 0.5415, Accuracy: 78.46%, AUC: 0.77
New best model saved with validation metric: 25.0779
Epoch [6/100] - [TRAIN] Loss: 0.5408, Accuracy: 78.54%, AUC: 0.77 - [VAL] Loss: 0.5331, Accuracy: 78.53%, AUC: 0.78
Epoch [7/100] - [TRAIN] Loss: 0.5343, Accuracy: 78.65%, AUC: 0.78 - [VAL] Loss: 0.5283, Accuracy: 78.31%, AUC: 0.78
Epoch [8/100] - [TRAIN] Loss: 0.5313, Accuracy: 78.55%, AUC: 0.78 - [VAL] Loss: 0.5247, Accuracy: 78.19%, AUC: 0.78
Epoch [9/100] - [TRAIN] Loss: 0.5265, Accuracy: 78.36%, AUC: 0.78 - [VAL] Loss: 0.5215, Accuracy: 78.13%, AUC: 0.78
Epoch [10/100] - [TRAIN] Loss: 0.5234, Accuracy: 78.35%, AUC: 0.78 - [VAL] Loss: 0.5189, Accuracy: 78.11%, AUC: 0.78
Epoch [11/100] - [TRAIN] Loss: 0.5218, Accuracy: 78.28%, AUC: 0.78 - [VAL] Loss: 0.5164, Accuracy: 78.09%, AUC: 0.78
Epoch [12/100] - [TRAIN] Loss: 0.5192, Accuracy: 78.40%, AUC: 0.78 - [VAL] Loss: 0.5145, Accuracy: 78.03%, AUC: 0.78
Epoch [13/100] - [TRAIN] Loss: 0.5160, Accuracy: 78.19%, AUC: 0.78 - [VAL] Loss: 0.5126, Accuracy: 78.09%, AUC: 0.78
Epoch [14/100] - [TRAIN] Loss: 0.5153, Accuracy: 78.36%, AUC: 0.78 - [VAL] Loss: 0.5112, Accuracy: 78.04%, AUC: 0.78
Epoch [15/100] - [TRAIN] Loss: 0.5134, Accuracy: 78.25%, AUC: 0.78 - [VAL] Loss: 0.5098, Accuracy: 78.15%, AUC: 0.78
Epoch [16/100] - [TRAIN] Loss: 0.5115, Accuracy: 78.25%, AUC: 0.78 - [VAL] Loss: 0.5092, Accuracy: 77.84%, AUC: 0.78
Epoch [17/100] - [TRAIN] Loss: 0.5106, Accuracy: 78.31%, AUC: 0.78 - [VAL] Loss: 0.5085, Accuracy: 77.84%, AUC: 0.78
Epoch [18/100] - [TRAIN] Loss: 0.5104, Accuracy: 78.27%, AUC: 0.78 - [VAL] Loss: 0.5074, Accuracy: 77.96%, AUC: 0.78
Epoch [19/100] - [TRAIN] Loss: 0.5073, Accuracy: 78.20%, AUC: 0.78 - [VAL] Loss: 0.5060, Accuracy: 78.32%, AUC: 0.78
Epoch [20/100] - [TRAIN] Loss: 0.5073, Accuracy: 78.27%, AUC: 0.78 - [VAL] Loss: 0.5056, Accuracy: 78.13%, AUC: 0.78
Epoch [21/100] - [TRAIN] Loss: 0.5057, Accuracy: 78.51%, AUC: 0.78 - [VAL] Loss: 0.5046, Accuracy: 78.38%, AUC: 0.78
Epoch [22/100] - [TRAIN] Loss: 0.5047, Accuracy: 78.24%, AUC: 0.78 - [VAL] Loss: 0.5040, Accuracy: 78.45%, AUC: 0.78
Epoch [23/100] - [TRAIN] Loss: 0.5044, Accuracy: 78.51%, AUC: 0.78 - [VAL] Loss: 0.5034, Accuracy: 78.45%, AUC: 0.78
Epoch [24/100] - [TRAIN] Loss: 0.5040, Accuracy: 78.55%, AUC: 0.78 - [VAL] Loss: 0.5033, Accuracy: 78.28%, AUC: 0.78
Epoch [25/100] - [TRAIN] Loss: 0.5030, Accuracy: 78.58%, AUC: 0.78 - [VAL] Loss: 0.5024, Accuracy: 78.46%, AUC: 0.78
Epoch [26/100] - [TRAIN] Loss: 0.5017, Accuracy: 78.58%, AUC: 0.78 - [VAL] Loss: 0.5021, Accuracy: 78.47%, AUC: 0.78
Epoch [27/100] - [TRAIN] Loss: 0.5018, Accuracy: 78.56%, AUC: 0.78 - [VAL] Loss: 0.5014, Accuracy: 78.46%, AUC: 0.78
Epoch [28/100] - [TRAIN] Loss: 0.5012, Accuracy: 78.61%, AUC: 0.78 - [VAL] Loss: 0.5014, Accuracy: 78.43%, AUC: 0.78
Epoch [29/100] - [TRAIN] Loss: 0.5006, Accuracy: 78.65%, AUC: 0.78 - [VAL] Loss: 0.5005, Accuracy: 78.49%, AUC: 0.78
Epoch [30/100] - [TRAIN] Loss: 0.5001, Accuracy: 78.70%, AUC: 0.78 - [VAL] Loss: 0.5002, Accuracy: 78.45%, AUC: 0.78
Epoch [31/100] - [TRAIN] Loss: 0.4992, Accuracy: 78.70%, AUC: 0.78 - [VAL] Loss: 0.5001, Accuracy: 78.47%, AUC: 0.78
Epoch [32/100] - [TRAIN] Loss: 0.5004, Accuracy: 78.82%, AUC: 0.78 - [VAL] Loss: 0.5001, Accuracy: 78.49%, AUC: 0.78
Epoch [33/100] - [TRAIN] Loss: 0.4998, Accuracy: 78.85%, AUC: 0.78 - [VAL] Loss: 0.5000, Accuracy: 78.51%, AUC: 0.78
Epoch [34/100] - [TRAIN] Loss: 0.4971, Accuracy: 78.79%, AUC: 0.78 - [VAL] Loss: 0.4990, Accuracy: 78.47%, AUC: 0.78
New best model saved with validation metric: 25.0866
Epoch [35/100] - [TRAIN] Loss: 0.4981, Accuracy: 78.75%, AUC: 0.78 - [VAL] Loss: 0.4986, Accuracy: 78.55%, AUC: 0.78
New best model saved with validation metric: 25.1126
Epoch [36/100] - [TRAIN] Loss: 0.4953, Accuracy: 78.79%, AUC: 0.78 - [VAL] Loss: 0.4981, Accuracy: 78.64%, AUC: 0.78
Epoch [37/100] - [TRAIN] Loss: 0.4955, Accuracy: 78.77%, AUC: 0.78 - [VAL] Loss: 0.4977, Accuracy: 78.64%, AUC: 0.78
Epoch [38/100] - [TRAIN] Loss: 0.4954, Accuracy: 78.93%, AUC: 0.78 - [VAL] Loss: 0.4974, Accuracy: 78.62%, AUC: 0.78
New best model saved with validation metric: 25.1299
Epoch [39/100] - [TRAIN] Loss: 0.4969, Accuracy: 79.00%, AUC: 0.78 - [VAL] Loss: 0.4975, Accuracy: 78.69%, AUC: 0.78
Epoch [40/100] - [TRAIN] Loss: 0.4951, Accuracy: 78.83%, AUC: 0.78 - [VAL] Loss: 0.4970, Accuracy: 78.60%, AUC: 0.78
New best model saved with validation metric: 25.1429
Epoch [41/100] - [TRAIN] Loss: 0.4953, Accuracy: 78.90%, AUC: 0.78 - [VAL] Loss: 0.4965, Accuracy: 78.73%, AUC: 0.78
Epoch [42/100] - [TRAIN] Loss: 0.4939, Accuracy: 79.02%, AUC: 0.78 - [VAL] Loss: 0.4968, Accuracy: 78.64%, AUC: 0.78
Epoch [43/100] - [TRAIN] Loss: 0.4937, Accuracy: 79.00%, AUC: 0.78 - [VAL] Loss: 0.4960, Accuracy: 78.70%, AUC: 0.78
Epoch [44/100] - [TRAIN] Loss: 0.4930, Accuracy: 78.94%, AUC: 0.78 - [VAL] Loss: 0.4958, Accuracy: 78.70%, AUC: 0.78
Epoch [45/100] - [TRAIN] Loss: 0.4946, Accuracy: 79.05%, AUC: 0.78 - [VAL] Loss: 0.4956, Accuracy: 78.69%, AUC: 0.78
Epoch [46/100] - [TRAIN] Loss: 0.4928, Accuracy: 79.05%, AUC: 0.78 - [VAL] Loss: 0.4954, Accuracy: 78.69%, AUC: 0.78
Epoch [47/100] - [TRAIN] Loss: 0.4935, Accuracy: 79.04%, AUC: 0.78 - [VAL] Loss: 0.4959, Accuracy: 78.68%, AUC: 0.78
Epoch [48/100] - [TRAIN] Loss: 0.4907, Accuracy: 79.06%, AUC: 0.78 - [VAL] Loss: 0.4952, Accuracy: 78.65%, AUC: 0.78
Epoch [49/100] - [TRAIN] Loss: 0.4908, Accuracy: 78.96%, AUC: 0.78 - [VAL] Loss: 0.4947, Accuracy: 78.70%, AUC: 0.78
Epoch [50/100] - [TRAIN] Loss: 0.4916, Accuracy: 79.23%, AUC: 0.78 - [VAL] Loss: 0.4948, Accuracy: 78.68%, AUC: 0.78
Epoch [51/100] - [TRAIN] Loss: 0.4900, Accuracy: 79.11%, AUC: 0.78 - [VAL] Loss: 0.4945, Accuracy: 78.69%, AUC: 0.78
New best model saved with validation metric: 25.1515
Epoch [52/100] - [TRAIN] Loss: 0.4899, Accuracy: 79.05%, AUC: 0.78 - [VAL] Loss: 0.4941, Accuracy: 78.76%, AUC: 0.78
Epoch [53/100] - [TRAIN] Loss: 0.4893, Accuracy: 79.16%, AUC: 0.78 - [VAL] Loss: 0.4945, Accuracy: 78.68%, AUC: 0.78
New best model saved with validation metric: 25.1602
Epoch [54/100] - [TRAIN] Loss: 0.4886, Accuracy: 79.01%, AUC: 0.78 - [VAL] Loss: 0.4939, Accuracy: 78.79%, AUC: 0.78
Epoch [55/100] - [TRAIN] Loss: 0.4888, Accuracy: 79.00%, AUC: 0.78 - [VAL] Loss: 0.4936, Accuracy: 78.74%, AUC: 0.78
New best model saved with validation metric: 25.1645
Epoch [56/100] - [TRAIN] Loss: 0.4879, Accuracy: 79.05%, AUC: 0.78 - [VAL] Loss: 0.4934, Accuracy: 78.80%, AUC: 0.78
Epoch [57/100] - [TRAIN] Loss: 0.4880, Accuracy: 79.11%, AUC: 0.78 - [VAL] Loss: 0.4931, Accuracy: 78.77%, AUC: 0.78
Epoch [58/100] - [TRAIN] Loss: 0.4874, Accuracy: 79.06%, AUC: 0.78 - [VAL] Loss: 0.4930, Accuracy: 78.74%, AUC: 0.78
Epoch [59/100] - [TRAIN] Loss: 0.4872, Accuracy: 79.21%, AUC: 0.78 - [VAL] Loss: 0.4929, Accuracy: 78.73%, AUC: 0.78
Epoch [60/100] - [TRAIN] Loss: 0.4868, Accuracy: 79.05%, AUC: 0.78 - [VAL] Loss: 0.4936, Accuracy: 78.77%, AUC: 0.78
Epoch [61/100] - [TRAIN] Loss: 0.4861, Accuracy: 79.15%, AUC: 0.78 - [VAL] Loss: 0.4931, Accuracy: 78.72%, AUC: 0.78
New best model saved with validation metric: 25.1905
Epoch [62/100] - [TRAIN] Loss: 0.4872, Accuracy: 79.04%, AUC: 0.78 - [VAL] Loss: 0.4927, Accuracy: 78.88%, AUC: 0.78
Epoch [63/100] - [TRAIN] Loss: 0.4847, Accuracy: 79.27%, AUC: 0.78 - [VAL] Loss: 0.4930, Accuracy: 78.73%, AUC: 0.78
Epoch [64/100] - [TRAIN] Loss: 0.4857, Accuracy: 79.08%, AUC: 0.78 - [VAL] Loss: 0.4927, Accuracy: 78.77%, AUC: 0.78
Epoch [65/100] - [TRAIN] Loss: 0.4841, Accuracy: 79.16%, AUC: 0.78 - [VAL] Loss: 0.4923, Accuracy: 78.77%, AUC: 0.78
Epoch [66/100] - [TRAIN] Loss: 0.4835, Accuracy: 79.13%, AUC: 0.78 - [VAL] Loss: 0.4927, Accuracy: 78.76%, AUC: 0.78
Epoch [67/100] - [TRAIN] Loss: 0.4839, Accuracy: 79.13%, AUC: 0.78 - [VAL] Loss: 0.4926, Accuracy: 78.80%, AUC: 0.78
Epoch [68/100] - [TRAIN] Loss: 0.4850, Accuracy: 79.17%, AUC: 0.78 - [VAL] Loss: 0.4923, Accuracy: 78.76%, AUC: 0.78
Epoch [69/100] - [TRAIN] Loss: 0.4832, Accuracy: 79.23%, AUC: 0.78 - [VAL] Loss: 0.4928, Accuracy: 78.74%, AUC: 0.78
Epoch [70/100] - [TRAIN] Loss: 0.4843, Accuracy: 79.09%, AUC: 0.78 - [VAL] Loss: 0.4920, Accuracy: 78.81%, AUC: 0.78
Epoch [71/100] - [TRAIN] Loss: 0.4829, Accuracy: 79.20%, AUC: 0.78 - [VAL] Loss: 0.4917, Accuracy: 78.84%, AUC: 0.78
Epoch [72/100] - [TRAIN] Loss: 0.4818, Accuracy: 79.24%, AUC: 0.78 - [VAL] Loss: 0.4916, Accuracy: 78.85%, AUC: 0.78
Epoch [73/100] - [TRAIN] Loss: 0.4818, Accuracy: 79.23%, AUC: 0.78 - [VAL] Loss: 0.4923, Accuracy: 78.77%, AUC: 0.78
Epoch [74/100] - [TRAIN] Loss: 0.4821, Accuracy: 79.35%, AUC: 0.78 - [VAL] Loss: 0.4919, Accuracy: 78.87%, AUC: 0.78
Epoch [75/100] - [TRAIN] Loss: 0.4812, Accuracy: 79.32%, AUC: 0.78 - [VAL] Loss: 0.4938, Accuracy: 78.66%, AUC: 0.78
New best model saved with validation metric: 25.1948
Epoch [76/100] - [TRAIN] Loss: 0.4807, Accuracy: 79.16%, AUC: 0.78 - [VAL] Loss: 0.4919, Accuracy: 78.89%, AUC: 0.78
Epoch [77/100] - [TRAIN] Loss: 0.4805, Accuracy: 79.17%, AUC: 0.78 - [VAL] Loss: 0.4915, Accuracy: 78.83%, AUC: 0.78
Epoch [78/100] - [TRAIN] Loss: 0.4808, Accuracy: 79.27%, AUC: 0.78 - [VAL] Loss: 0.4917, Accuracy: 78.83%, AUC: 0.78
Epoch [79/100] - [TRAIN] Loss: 0.4816, Accuracy: 79.28%, AUC: 0.78 - [VAL] Loss: 0.4918, Accuracy: 78.89%, AUC: 0.78
Epoch [80/100] - [TRAIN] Loss: 0.4811, Accuracy: 79.35%, AUC: 0.78 - [VAL] Loss: 0.4913, Accuracy: 78.85%, AUC: 0.78
Epoch [81/100] - [TRAIN] Loss: 0.4818, Accuracy: 79.31%, AUC: 0.78 - [VAL] Loss: 0.4931, Accuracy: 78.81%, AUC: 0.78
Epoch [82/100] - [TRAIN] Loss: 0.4791, Accuracy: 79.58%, AUC: 0.79 - [VAL] Loss: 0.4914, Accuracy: 78.83%, AUC: 0.78
New best model saved with validation metric: 25.2078
Epoch [83/100] - [TRAIN] Loss: 0.4794, Accuracy: 79.31%, AUC: 0.78 - [VAL] Loss: 0.4916, Accuracy: 78.93%, AUC: 0.78
Epoch [84/100] - [TRAIN] Loss: 0.4781, Accuracy: 79.40%, AUC: 0.79 - [VAL] Loss: 0.4916, Accuracy: 78.92%, AUC: 0.78
New best model saved with validation metric: 25.2121
Epoch [85/100] - [TRAIN] Loss: 0.4780, Accuracy: 79.42%, AUC: 0.79 - [VAL] Loss: 0.4914, Accuracy: 78.95%, AUC: 0.78
Epoch [86/100] - [TRAIN] Loss: 0.4782, Accuracy: 79.48%, AUC: 0.79 - [VAL] Loss: 0.4913, Accuracy: 78.91%, AUC: 0.78
Epoch [87/100] - [TRAIN] Loss: 0.4770, Accuracy: 79.47%, AUC: 0.79 - [VAL] Loss: 0.4922, Accuracy: 78.93%, AUC: 0.78
Epoch [88/100] - [TRAIN] Loss: 0.4764, Accuracy: 79.36%, AUC: 0.79 - [VAL] Loss: 0.4915, Accuracy: 78.95%, AUC: 0.78
Epoch [89/100] - [TRAIN] Loss: 0.4787, Accuracy: 79.50%, AUC: 0.79 - [VAL] Loss: 0.4918, Accuracy: 78.95%, AUC: 0.78
Epoch [90/100] - [TRAIN] Loss: 0.4762, Accuracy: 79.32%, AUC: 0.78 - [VAL] Loss: 0.4915, Accuracy: 78.89%, AUC: 0.78
Epoch [91/100] - [TRAIN] Loss: 0.4765, Accuracy: 79.47%, AUC: 0.79 - [VAL] Loss: 0.4928, Accuracy: 78.95%, AUC: 0.78
Epoch [92/100] - [TRAIN] Loss: 0.4771, Accuracy: 79.46%, AUC: 0.79 - [VAL] Loss: 0.4914, Accuracy: 78.93%, AUC: 0.78
New best model saved with validation metric: 25.2294
Epoch [93/100] - [TRAIN] Loss: 0.4763, Accuracy: 79.44%, AUC: 0.79 - [VAL] Loss: 0.4916, Accuracy: 79.00%, AUC: 0.78
Epoch [94/100] - [TRAIN] Loss: 0.4780, Accuracy: 79.52%, AUC: 0.79 - [VAL] Loss: 0.4932, Accuracy: 78.91%, AUC: 0.78
Epoch [95/100] - [TRAIN] Loss: 0.4749, Accuracy: 79.51%, AUC: 0.79 - [VAL] Loss: 0.4927, Accuracy: 78.92%, AUC: 0.78
Epoch [96/100] - [TRAIN] Loss: 0.4753, Accuracy: 79.61%, AUC: 0.79 - [VAL] Loss: 0.4916, Accuracy: 78.98%, AUC: 0.78
New best model saved with validation metric: 25.2381
Epoch [97/100] - [TRAIN] Loss: 0.4761, Accuracy: 79.59%, AUC: 0.79 - [VAL] Loss: 0.4919, Accuracy: 79.03%, AUC: 0.78
Epoch [98/100] - [TRAIN] Loss: 0.4753, Accuracy: 79.66%, AUC: 0.79 - [VAL] Loss: 0.4925, Accuracy: 78.96%, AUC: 0.78
Epoch [99/100] - [TRAIN] Loss: 0.4742, Accuracy: 79.70%, AUC: 0.79 - [VAL] Loss: 0.4924, Accuracy: 78.95%, AUC: 0.78
Epoch [100/100] - [TRAIN] Loss: 0.4743, Accuracy: 79.65%, AUC: 0.79 - [VAL] Loss: 0.4935, Accuracy: 78.76%, AUC: 0.78
Training finished!
Accuracy Score on test set: 79.24 %
AUC Score on test set: 0.79
Item: H3K27ac-H3K9ac-H3K27me3-H3K4me3-H3K9me3
Train set shape: (7399, 5, 4000) (7399,)
Validation set shape: (7377, 5, 4000) (7377,)
Test set shape: (7378, 5, 4000) (7378,)
New best model saved with validation metric: 19.4242
Epoch [1/100] - [TRAIN] Loss: 0.6645, Accuracy: 62.48%, AUC: 0.55 - [VAL] Loss: 0.6299, Accuracy: 60.82%, AUC: 0.50
Epoch [2/100] - [TRAIN] Loss: 0.6076, Accuracy: 60.82%, AUC: 0.50 - [VAL] Loss: 0.5854, Accuracy: 60.82%, AUC: 0.50
Epoch [3/100] - [TRAIN] Loss: 0.5750, Accuracy: 60.82%, AUC: 0.50 - [VAL] Loss: 0.5614, Accuracy: 60.82%, AUC: 0.50
New best model saved with validation metric: 24.6190
Epoch [4/100] - [TRAIN] Loss: 0.5582, Accuracy: 69.21%, AUC: 0.63 - [VAL] Loss: 0.5469, Accuracy: 77.09%, AUC: 0.75
New best model saved with validation metric: 25.0563
Epoch [5/100] - [TRAIN] Loss: 0.5471, Accuracy: 77.75%, AUC: 0.76 - [VAL] Loss: 0.5386, Accuracy: 78.46%, AUC: 0.77
New best model saved with validation metric: 25.0823
Epoch [6/100] - [TRAIN] Loss: 0.5409, Accuracy: 78.36%, AUC: 0.77 - [VAL] Loss: 0.5342, Accuracy: 78.54%, AUC: 0.78
New best model saved with validation metric: 25.0996
Epoch [7/100] - [TRAIN] Loss: 0.5373, Accuracy: 78.59%, AUC: 0.78 - [VAL] Loss: 0.5306, Accuracy: 78.60%, AUC: 0.78
Epoch [8/100] - [TRAIN] Loss: 0.5334, Accuracy: 78.62%, AUC: 0.78 - [VAL] Loss: 0.5275, Accuracy: 78.49%, AUC: 0.78
Epoch [9/100] - [TRAIN] Loss: 0.5307, Accuracy: 78.56%, AUC: 0.78 - [VAL] Loss: 0.5245, Accuracy: 78.38%, AUC: 0.78
Epoch [10/100] - [TRAIN] Loss: 0.5279, Accuracy: 78.44%, AUC: 0.78 - [VAL] Loss: 0.5221, Accuracy: 78.34%, AUC: 0.78
Epoch [11/100] - [TRAIN] Loss: 0.5264, Accuracy: 78.46%, AUC: 0.78 - [VAL] Loss: 0.5198, Accuracy: 78.24%, AUC: 0.78
Epoch [12/100] - [TRAIN] Loss: 0.5235, Accuracy: 78.38%, AUC: 0.78 - [VAL] Loss: 0.5176, Accuracy: 78.26%, AUC: 0.78
Epoch [13/100] - [TRAIN] Loss: 0.5198, Accuracy: 78.35%, AUC: 0.78 - [VAL] Loss: 0.5156, Accuracy: 78.26%, AUC: 0.78
Epoch [14/100] - [TRAIN] Loss: 0.5190, Accuracy: 78.50%, AUC: 0.78 - [VAL] Loss: 0.5142, Accuracy: 78.11%, AUC: 0.78
Epoch [15/100] - [TRAIN] Loss: 0.5173, Accuracy: 78.36%, AUC: 0.78 - [VAL] Loss: 0.5133, Accuracy: 77.93%, AUC: 0.78
Epoch [16/100] - [TRAIN] Loss: 0.5143, Accuracy: 78.27%, AUC: 0.78 - [VAL] Loss: 0.5115, Accuracy: 78.07%, AUC: 0.78
Epoch [17/100] - [TRAIN] Loss: 0.5123, Accuracy: 78.32%, AUC: 0.78 - [VAL] Loss: 0.5101, Accuracy: 78.28%, AUC: 0.78
Epoch [18/100] - [TRAIN] Loss: 0.5115, Accuracy: 78.28%, AUC: 0.78 - [VAL] Loss: 0.5096, Accuracy: 77.90%, AUC: 0.78
Epoch [19/100] - [TRAIN] Loss: 0.5107, Accuracy: 78.33%, AUC: 0.78 - [VAL] Loss: 0.5083, Accuracy: 78.11%, AUC: 0.78
Epoch [20/100] - [TRAIN] Loss: 0.5092, Accuracy: 78.42%, AUC: 0.78 - [VAL] Loss: 0.5077, Accuracy: 78.05%, AUC: 0.78
Epoch [21/100] - [TRAIN] Loss: 0.5073, Accuracy: 78.33%, AUC: 0.78 - [VAL] Loss: 0.5067, Accuracy: 78.24%, AUC: 0.78
Epoch [22/100] - [TRAIN] Loss: 0.5072, Accuracy: 78.24%, AUC: 0.78 - [VAL] Loss: 0.5059, Accuracy: 78.38%, AUC: 0.78
Epoch [23/100] - [TRAIN] Loss: 0.5059, Accuracy: 78.48%, AUC: 0.78 - [VAL] Loss: 0.5053, Accuracy: 78.35%, AUC: 0.78
Epoch [24/100] - [TRAIN] Loss: 0.5044, Accuracy: 78.48%, AUC: 0.78 - [VAL] Loss: 0.5050, Accuracy: 78.23%, AUC: 0.78
Epoch [25/100] - [TRAIN] Loss: 0.5039, Accuracy: 78.52%, AUC: 0.78 - [VAL] Loss: 0.5041, Accuracy: 78.35%, AUC: 0.78
Epoch [26/100] - [TRAIN] Loss: 0.5029, Accuracy: 78.48%, AUC: 0.78 - [VAL] Loss: 0.5038, Accuracy: 78.26%, AUC: 0.78
Epoch [27/100] - [TRAIN] Loss: 0.5031, Accuracy: 78.51%, AUC: 0.78 - [VAL] Loss: 0.5030, Accuracy: 78.51%, AUC: 0.78
Epoch [28/100] - [TRAIN] Loss: 0.5017, Accuracy: 78.51%, AUC: 0.78 - [VAL] Loss: 0.5029, Accuracy: 78.32%, AUC: 0.78
Epoch [29/100] - [TRAIN] Loss: 0.5014, Accuracy: 78.69%, AUC: 0.78 - [VAL] Loss: 0.5023, Accuracy: 78.38%, AUC: 0.78
Epoch [30/100] - [TRAIN] Loss: 0.5002, Accuracy: 78.67%, AUC: 0.78 - [VAL] Loss: 0.5018, Accuracy: 78.41%, AUC: 0.78
Epoch [31/100] - [TRAIN] Loss: 0.5001, Accuracy: 78.73%, AUC: 0.78 - [VAL] Loss: 0.5013, Accuracy: 78.49%, AUC: 0.78
Epoch [32/100] - [TRAIN] Loss: 0.5001, Accuracy: 78.62%, AUC: 0.78 - [VAL] Loss: 0.5012, Accuracy: 78.47%, AUC: 0.78
Epoch [33/100] - [TRAIN] Loss: 0.4982, Accuracy: 78.82%, AUC: 0.78 - [VAL] Loss: 0.5006, Accuracy: 78.49%, AUC: 0.78
Epoch [34/100] - [TRAIN] Loss: 0.4971, Accuracy: 78.75%, AUC: 0.78 - [VAL] Loss: 0.5005, Accuracy: 78.50%, AUC: 0.78
Epoch [35/100] - [TRAIN] Loss: 0.4981, Accuracy: 78.67%, AUC: 0.78 - [VAL] Loss: 0.5000, Accuracy: 78.46%, AUC: 0.78
Epoch [36/100] - [TRAIN] Loss: 0.4972, Accuracy: 78.81%, AUC: 0.78 - [VAL] Loss: 0.4994, Accuracy: 78.53%, AUC: 0.78
Epoch [37/100] - [TRAIN] Loss: 0.4964, Accuracy: 78.83%, AUC: 0.78 - [VAL] Loss: 0.4989, Accuracy: 78.58%, AUC: 0.78
Epoch [38/100] - [TRAIN] Loss: 0.4959, Accuracy: 78.78%, AUC: 0.78 - [VAL] Loss: 0.4993, Accuracy: 78.43%, AUC: 0.78
New best model saved with validation metric: 25.1039
Epoch [39/100] - [TRAIN] Loss: 0.4969, Accuracy: 78.79%, AUC: 0.78 - [VAL] Loss: 0.4985, Accuracy: 78.61%, AUC: 0.78
Epoch [40/100] - [TRAIN] Loss: 0.4939, Accuracy: 78.79%, AUC: 0.78 - [VAL] Loss: 0.4979, Accuracy: 78.54%, AUC: 0.78
Epoch [41/100] - [TRAIN] Loss: 0.4937, Accuracy: 78.89%, AUC: 0.78 - [VAL] Loss: 0.4975, Accuracy: 78.60%, AUC: 0.78
Epoch [42/100] - [TRAIN] Loss: 0.4927, Accuracy: 78.90%, AUC: 0.78 - [VAL] Loss: 0.4974, Accuracy: 78.54%, AUC: 0.78
Epoch [43/100] - [TRAIN] Loss: 0.4927, Accuracy: 78.97%, AUC: 0.78 - [VAL] Loss: 0.4970, Accuracy: 78.60%, AUC: 0.78
Epoch [44/100] - [TRAIN] Loss: 0.4931, Accuracy: 78.93%, AUC: 0.78 - [VAL] Loss: 0.4972, Accuracy: 78.55%, AUC: 0.78
Epoch [45/100] - [TRAIN] Loss: 0.4910, Accuracy: 79.09%, AUC: 0.78 - [VAL] Loss: 0.4976, Accuracy: 78.53%, AUC: 0.78
New best model saved with validation metric: 25.1082
Epoch [46/100] - [TRAIN] Loss: 0.4915, Accuracy: 78.96%, AUC: 0.78 - [VAL] Loss: 0.4961, Accuracy: 78.62%, AUC: 0.78
Epoch [47/100] - [TRAIN] Loss: 0.4905, Accuracy: 78.98%, AUC: 0.78 - [VAL] Loss: 0.4960, Accuracy: 78.61%, AUC: 0.78
Epoch [48/100] - [TRAIN] Loss: 0.4917, Accuracy: 79.00%, AUC: 0.78 - [VAL] Loss: 0.4962, Accuracy: 78.60%, AUC: 0.78
New best model saved with validation metric: 25.1126
Epoch [49/100] - [TRAIN] Loss: 0.4903, Accuracy: 78.97%, AUC: 0.78 - [VAL] Loss: 0.4956, Accuracy: 78.64%, AUC: 0.78
Epoch [50/100] - [TRAIN] Loss: 0.4894, Accuracy: 79.13%, AUC: 0.78 - [VAL] Loss: 0.4953, Accuracy: 78.62%, AUC: 0.78
New best model saved with validation metric: 25.1255
Epoch [51/100] - [TRAIN] Loss: 0.4883, Accuracy: 78.89%, AUC: 0.78 - [VAL] Loss: 0.4956, Accuracy: 78.68%, AUC: 0.78
Epoch [52/100] - [TRAIN] Loss: 0.4875, Accuracy: 79.00%, AUC: 0.78 - [VAL] Loss: 0.4951, Accuracy: 78.66%, AUC: 0.78
Epoch [53/100] - [TRAIN] Loss: 0.4877, Accuracy: 79.04%, AUC: 0.78 - [VAL] Loss: 0.4952, Accuracy: 78.66%, AUC: 0.78
Epoch [54/100] - [TRAIN] Loss: 0.4876, Accuracy: 78.97%, AUC: 0.78 - [VAL] Loss: 0.4945, Accuracy: 78.65%, AUC: 0.78
Epoch [55/100] - [TRAIN] Loss: 0.4870, Accuracy: 79.05%, AUC: 0.78 - [VAL] Loss: 0.4946, Accuracy: 78.65%, AUC: 0.78
Epoch [56/100] - [TRAIN] Loss: 0.4858, Accuracy: 79.13%, AUC: 0.78 - [VAL] Loss: 0.4945, Accuracy: 78.66%, AUC: 0.78
Epoch [57/100] - [TRAIN] Loss: 0.4863, Accuracy: 78.96%, AUC: 0.78 - [VAL] Loss: 0.4942, Accuracy: 78.66%, AUC: 0.78
New best model saved with validation metric: 25.1515
Epoch [58/100] - [TRAIN] Loss: 0.4851, Accuracy: 79.17%, AUC: 0.78 - [VAL] Loss: 0.4938, Accuracy: 78.76%, AUC: 0.78
Epoch [59/100] - [TRAIN] Loss: 0.4852, Accuracy: 79.06%, AUC: 0.78 - [VAL] Loss: 0.4941, Accuracy: 78.69%, AUC: 0.78
Epoch [60/100] - [TRAIN] Loss: 0.4849, Accuracy: 79.13%, AUC: 0.78 - [VAL] Loss: 0.4944, Accuracy: 78.58%, AUC: 0.78
New best model saved with validation metric: 25.1775
Epoch [61/100] - [TRAIN] Loss: 0.4869, Accuracy: 79.04%, AUC: 0.78 - [VAL] Loss: 0.4935, Accuracy: 78.84%, AUC: 0.78
Epoch [62/100] - [TRAIN] Loss: 0.4837, Accuracy: 79.23%, AUC: 0.78 - [VAL] Loss: 0.4955, Accuracy: 78.64%, AUC: 0.78
Epoch [63/100] - [TRAIN] Loss: 0.4833, Accuracy: 79.00%, AUC: 0.78 - [VAL] Loss: 0.4934, Accuracy: 78.76%, AUC: 0.78
Epoch [64/100] - [TRAIN] Loss: 0.4834, Accuracy: 79.25%, AUC: 0.78 - [VAL] Loss: 0.4937, Accuracy: 78.68%, AUC: 0.78
Epoch [65/100] - [TRAIN] Loss: 0.4832, Accuracy: 79.09%, AUC: 0.78 - [VAL] Loss: 0.4933, Accuracy: 78.79%, AUC: 0.78
Epoch [66/100] - [TRAIN] Loss: 0.4841, Accuracy: 79.15%, AUC: 0.78 - [VAL] Loss: 0.4939, Accuracy: 78.68%, AUC: 0.78
Epoch [67/100] - [TRAIN] Loss: 0.4809, Accuracy: 79.29%, AUC: 0.79 - [VAL] Loss: 0.4954, Accuracy: 78.66%, AUC: 0.78
Epoch [68/100] - [TRAIN] Loss: 0.4808, Accuracy: 79.35%, AUC: 0.79 - [VAL] Loss: 0.4932, Accuracy: 78.70%, AUC: 0.78
Epoch [69/100] - [TRAIN] Loss: 0.4822, Accuracy: 79.21%, AUC: 0.78 - [VAL] Loss: 0.4935, Accuracy: 78.72%, AUC: 0.78
Epoch [70/100] - [TRAIN] Loss: 0.4800, Accuracy: 79.25%, AUC: 0.78 - [VAL] Loss: 0.4928, Accuracy: 78.84%, AUC: 0.78
Epoch [71/100] - [TRAIN] Loss: 0.4813, Accuracy: 79.29%, AUC: 0.78 - [VAL] Loss: 0.4929, Accuracy: 78.80%, AUC: 0.78
New best model saved with validation metric: 25.1905
Epoch [72/100] - [TRAIN] Loss: 0.4796, Accuracy: 79.24%, AUC: 0.78 - [VAL] Loss: 0.4926, Accuracy: 78.88%, AUC: 0.78
Epoch [73/100] - [TRAIN] Loss: 0.4793, Accuracy: 79.42%, AUC: 0.79 - [VAL] Loss: 0.4927, Accuracy: 78.87%, AUC: 0.78
Epoch [74/100] - [TRAIN] Loss: 0.4790, Accuracy: 79.25%, AUC: 0.78 - [VAL] Loss: 0.4928, Accuracy: 78.83%, AUC: 0.78
Epoch [75/100] - [TRAIN] Loss: 0.4790, Accuracy: 79.25%, AUC: 0.78 - [VAL] Loss: 0.4929, Accuracy: 78.88%, AUC: 0.78
New best model saved with validation metric: 25.2035
Epoch [76/100] - [TRAIN] Loss: 0.4792, Accuracy: 79.29%, AUC: 0.79 - [VAL] Loss: 0.4925, Accuracy: 78.92%, AUC: 0.78
Epoch [77/100] - [TRAIN] Loss: 0.4797, Accuracy: 79.38%, AUC: 0.79 - [VAL] Loss: 0.4937, Accuracy: 78.73%, AUC: 0.78
Epoch [78/100] - [TRAIN] Loss: 0.4789, Accuracy: 79.40%, AUC: 0.79 - [VAL] Loss: 0.4934, Accuracy: 78.74%, AUC: 0.78
Epoch [79/100] - [TRAIN] Loss: 0.4788, Accuracy: 79.32%, AUC: 0.79 - [VAL] Loss: 0.4931, Accuracy: 78.89%, AUC: 0.78
New best model saved with validation metric: 25.2208
Epoch [80/100] - [TRAIN] Loss: 0.4765, Accuracy: 79.43%, AUC: 0.79 - [VAL] Loss: 0.4925, Accuracy: 78.98%, AUC: 0.78
New best model saved with validation metric: 25.2294
Epoch [81/100] - [TRAIN] Loss: 0.4774, Accuracy: 79.54%, AUC: 0.79 - [VAL] Loss: 0.4924, Accuracy: 79.00%, AUC: 0.78
Epoch [82/100] - [TRAIN] Loss: 0.4772, Accuracy: 79.55%, AUC: 0.79 - [VAL] Loss: 0.4947, Accuracy: 78.69%, AUC: 0.78
Epoch [83/100] - [TRAIN] Loss: 0.4756, Accuracy: 79.52%, AUC: 0.79 - [VAL] Loss: 0.4929, Accuracy: 78.88%, AUC: 0.78
Epoch [84/100] - [TRAIN] Loss: 0.4758, Accuracy: 79.44%, AUC: 0.79 - [VAL] Loss: 0.4925, Accuracy: 78.96%, AUC: 0.78
Epoch [85/100] - [TRAIN] Loss: 0.4749, Accuracy: 79.55%, AUC: 0.79 - [VAL] Loss: 0.4931, Accuracy: 78.85%, AUC: 0.78
Epoch [86/100] - [TRAIN] Loss: 0.4771, Accuracy: 79.58%, AUC: 0.79 - [VAL] Loss: 0.4931, Accuracy: 78.83%, AUC: 0.78
New best model saved with validation metric: 25.2424
Epoch [87/100] - [TRAIN] Loss: 0.4755, Accuracy: 79.54%, AUC: 0.79 - [VAL] Loss: 0.4926, Accuracy: 79.04%, AUC: 0.78
Epoch [88/100] - [TRAIN] Loss: 0.4747, Accuracy: 79.67%, AUC: 0.79 - [VAL] Loss: 0.4931, Accuracy: 78.85%, AUC: 0.78
Epoch [89/100] - [TRAIN] Loss: 0.4746, Accuracy: 79.59%, AUC: 0.79 - [VAL] Loss: 0.4929, Accuracy: 78.88%, AUC: 0.78
Epoch [90/100] - [TRAIN] Loss: 0.4754, Accuracy: 79.63%, AUC: 0.79 - [VAL] Loss: 0.4927, Accuracy: 79.03%, AUC: 0.78
Epoch [91/100] - [TRAIN] Loss: 0.4747, Accuracy: 79.56%, AUC: 0.79 - [VAL] Loss: 0.4948, Accuracy: 78.74%, AUC: 0.78
Epoch [92/100] - [TRAIN] Loss: 0.4732, Accuracy: 79.61%, AUC: 0.79 - [VAL] Loss: 0.4931, Accuracy: 78.87%, AUC: 0.78
New best model saved with validation metric: 25.2468
Epoch [93/100] - [TRAIN] Loss: 0.4736, Accuracy: 79.78%, AUC: 0.79 - [VAL] Loss: 0.4929, Accuracy: 79.06%, AUC: 0.78
Epoch [94/100] - [TRAIN] Loss: 0.4742, Accuracy: 79.59%, AUC: 0.79 - [VAL] Loss: 0.4927, Accuracy: 78.96%, AUC: 0.78
Epoch [95/100] - [TRAIN] Loss: 0.4734, Accuracy: 79.61%, AUC: 0.79 - [VAL] Loss: 0.4930, Accuracy: 78.91%, AUC: 0.78
Epoch [96/100] - [TRAIN] Loss: 0.4728, Accuracy: 79.78%, AUC: 0.79 - [VAL] Loss: 0.4933, Accuracy: 78.89%, AUC: 0.78
Epoch [97/100] - [TRAIN] Loss: 0.4718, Accuracy: 79.79%, AUC: 0.79 - [VAL] Loss: 0.4930, Accuracy: 78.92%, AUC: 0.78
Epoch [98/100] - [TRAIN] Loss: 0.4734, Accuracy: 79.66%, AUC: 0.79 - [VAL] Loss: 0.4929, Accuracy: 79.03%, AUC: 0.78
Epoch [99/100] - [TRAIN] Loss: 0.4709, Accuracy: 79.66%, AUC: 0.79 - [VAL] Loss: 0.4933, Accuracy: 78.98%, AUC: 0.78
Epoch [100/100] - [TRAIN] Loss: 0.4720, Accuracy: 79.78%, AUC: 0.79 - [VAL] Loss: 0.4930, Accuracy: 79.00%, AUC: 0.78
Training finished!
Accuracy Score on test set: 79.45 %
AUC Score on test set: 0.79
Item: H3K27ac-H3K9ac-H3K27me3-H3K9me3-H3K4me3
Train set shape: (7399, 5, 4000) (7399,)
Validation set shape: (7377, 5, 4000) (7377,)
Test set shape: (7378, 5, 4000) (7378,)
New best model saved with validation metric: 19.4242
Epoch [1/100] - [TRAIN] Loss: 0.6653, Accuracy: 59.64%, AUC: 0.52 - [VAL] Loss: 0.6314, Accuracy: 60.82%, AUC: 0.50
Epoch [2/100] - [TRAIN] Loss: 0.6118, Accuracy: 60.82%, AUC: 0.50 - [VAL] Loss: 0.5900, Accuracy: 60.82%, AUC: 0.50
New best model saved with validation metric: 24.0130
Epoch [3/100] - [TRAIN] Loss: 0.5763, Accuracy: 60.86%, AUC: 0.50 - [VAL] Loss: 0.5590, Accuracy: 75.19%, AUC: 0.72
New best model saved with validation metric: 25.0216
Epoch [4/100] - [TRAIN] Loss: 0.5520, Accuracy: 76.69%, AUC: 0.74 - [VAL] Loss: 0.5388, Accuracy: 78.35%, AUC: 0.77
Epoch [5/100] - [TRAIN] Loss: 0.5379, Accuracy: 78.32%, AUC: 0.77 - [VAL] Loss: 0.5285, Accuracy: 78.34%, AUC: 0.78
Epoch [6/100] - [TRAIN] Loss: 0.5290, Accuracy: 78.29%, AUC: 0.78 - [VAL] Loss: 0.5224, Accuracy: 78.12%, AUC: 0.78
Epoch [7/100] - [TRAIN] Loss: 0.5246, Accuracy: 78.04%, AUC: 0.78 - [VAL] Loss: 0.5189, Accuracy: 77.89%, AUC: 0.78
Epoch [8/100] - [TRAIN] Loss: 0.5207, Accuracy: 78.11%, AUC: 0.78 - [VAL] Loss: 0.5162, Accuracy: 77.85%, AUC: 0.78
Epoch [9/100] - [TRAIN] Loss: 0.5194, Accuracy: 78.05%, AUC: 0.78 - [VAL] Loss: 0.5143, Accuracy: 77.65%, AUC: 0.78
Epoch [10/100] - [TRAIN] Loss: 0.5159, Accuracy: 78.15%, AUC: 0.78 - [VAL] Loss: 0.5121, Accuracy: 77.66%, AUC: 0.78
Epoch [11/100] - [TRAIN] Loss: 0.5142, Accuracy: 78.05%, AUC: 0.78 - [VAL] Loss: 0.5102, Accuracy: 77.86%, AUC: 0.78
Epoch [12/100] - [TRAIN] Loss: 0.5108, Accuracy: 78.06%, AUC: 0.78 - [VAL] Loss: 0.5088, Accuracy: 77.86%, AUC: 0.78
Epoch [13/100] - [TRAIN] Loss: 0.5110, Accuracy: 78.21%, AUC: 0.78 - [VAL] Loss: 0.5074, Accuracy: 77.97%, AUC: 0.78
Epoch [14/100] - [TRAIN] Loss: 0.5091, Accuracy: 78.20%, AUC: 0.78 - [VAL] Loss: 0.5065, Accuracy: 77.89%, AUC: 0.78
Epoch [15/100] - [TRAIN] Loss: 0.5070, Accuracy: 78.27%, AUC: 0.78 - [VAL] Loss: 0.5056, Accuracy: 77.90%, AUC: 0.78
Epoch [16/100] - [TRAIN] Loss: 0.5060, Accuracy: 78.19%, AUC: 0.78 - [VAL] Loss: 0.5047, Accuracy: 78.03%, AUC: 0.78
Epoch [17/100] - [TRAIN] Loss: 0.5059, Accuracy: 78.33%, AUC: 0.78 - [VAL] Loss: 0.5043, Accuracy: 77.93%, AUC: 0.78
Epoch [18/100] - [TRAIN] Loss: 0.5044, Accuracy: 78.29%, AUC: 0.78 - [VAL] Loss: 0.5035, Accuracy: 78.11%, AUC: 0.78
Epoch [19/100] - [TRAIN] Loss: 0.5028, Accuracy: 78.36%, AUC: 0.78 - [VAL] Loss: 0.5035, Accuracy: 77.93%, AUC: 0.78
Epoch [20/100] - [TRAIN] Loss: 0.5025, Accuracy: 78.38%, AUC: 0.78 - [VAL] Loss: 0.5021, Accuracy: 78.30%, AUC: 0.78
New best model saved with validation metric: 25.0433
Epoch [21/100] - [TRAIN] Loss: 0.5017, Accuracy: 78.51%, AUC: 0.78 - [VAL] Loss: 0.5015, Accuracy: 78.42%, AUC: 0.78
New best model saved with validation metric: 25.0779
Epoch [22/100] - [TRAIN] Loss: 0.5009, Accuracy: 78.55%, AUC: 0.78 - [VAL] Loss: 0.5009, Accuracy: 78.53%, AUC: 0.78
Epoch [23/100] - [TRAIN] Loss: 0.5001, Accuracy: 78.48%, AUC: 0.78 - [VAL] Loss: 0.5007, Accuracy: 78.34%, AUC: 0.78
Epoch [24/100] - [TRAIN] Loss: 0.4988, Accuracy: 78.65%, AUC: 0.78 - [VAL] Loss: 0.5003, Accuracy: 78.34%, AUC: 0.78
Epoch [25/100] - [TRAIN] Loss: 0.4996, Accuracy: 78.61%, AUC: 0.78 - [VAL] Loss: 0.4997, Accuracy: 78.46%, AUC: 0.78
Epoch [26/100] - [TRAIN] Loss: 0.4981, Accuracy: 78.67%, AUC: 0.78 - [VAL] Loss: 0.4991, Accuracy: 78.51%, AUC: 0.78
Epoch [27/100] - [TRAIN] Loss: 0.4976, Accuracy: 78.70%, AUC: 0.78 - [VAL] Loss: 0.4996, Accuracy: 78.34%, AUC: 0.78
Epoch [28/100] - [TRAIN] Loss: 0.4980, Accuracy: 78.70%, AUC: 0.78 - [VAL] Loss: 0.4984, Accuracy: 78.51%, AUC: 0.78
Epoch [29/100] - [TRAIN] Loss: 0.4975, Accuracy: 78.81%, AUC: 0.78 - [VAL] Loss: 0.4983, Accuracy: 78.45%, AUC: 0.78
Epoch [30/100] - [TRAIN] Loss: 0.4959, Accuracy: 78.96%, AUC: 0.78 - [VAL] Loss: 0.4982, Accuracy: 78.39%, AUC: 0.78
New best model saved with validation metric: 25.1169
Epoch [31/100] - [TRAIN] Loss: 0.4958, Accuracy: 78.81%, AUC: 0.78 - [VAL] Loss: 0.4969, Accuracy: 78.65%, AUC: 0.78
New best model saved with validation metric: 25.1212
Epoch [32/100] - [TRAIN] Loss: 0.4960, Accuracy: 78.81%, AUC: 0.78 - [VAL] Loss: 0.4966, Accuracy: 78.66%, AUC: 0.78
Epoch [33/100] - [TRAIN] Loss: 0.4943, Accuracy: 78.89%, AUC: 0.78 - [VAL] Loss: 0.4970, Accuracy: 78.41%, AUC: 0.78
Epoch [34/100] - [TRAIN] Loss: 0.4937, Accuracy: 78.83%, AUC: 0.78 - [VAL] Loss: 0.4964, Accuracy: 78.58%, AUC: 0.78
New best model saved with validation metric: 25.1472
Epoch [35/100] - [TRAIN] Loss: 0.4934, Accuracy: 78.90%, AUC: 0.78 - [VAL] Loss: 0.4956, Accuracy: 78.74%, AUC: 0.78
Epoch [36/100] - [TRAIN] Loss: 0.4920, Accuracy: 79.04%, AUC: 0.78 - [VAL] Loss: 0.4959, Accuracy: 78.62%, AUC: 0.78
Epoch [37/100] - [TRAIN] Loss: 0.4928, Accuracy: 78.96%, AUC: 0.78 - [VAL] Loss: 0.4954, Accuracy: 78.62%, AUC: 0.78
New best model saved with validation metric: 25.1558
Epoch [38/100] - [TRAIN] Loss: 0.4913, Accuracy: 78.90%, AUC: 0.78 - [VAL] Loss: 0.4946, Accuracy: 78.77%, AUC: 0.78
Epoch [39/100] - [TRAIN] Loss: 0.4913, Accuracy: 79.08%, AUC: 0.78 - [VAL] Loss: 0.4947, Accuracy: 78.77%, AUC: 0.78
Epoch [40/100] - [TRAIN] Loss: 0.4899, Accuracy: 79.04%, AUC: 0.78 - [VAL] Loss: 0.4944, Accuracy: 78.77%, AUC: 0.78
New best model saved with validation metric: 25.1732
Epoch [41/100] - [TRAIN] Loss: 0.4902, Accuracy: 79.09%, AUC: 0.78 - [VAL] Loss: 0.4940, Accuracy: 78.83%, AUC: 0.78
Epoch [42/100] - [TRAIN] Loss: 0.4890, Accuracy: 78.93%, AUC: 0.78 - [VAL] Loss: 0.4937, Accuracy: 78.80%, AUC: 0.78
Epoch [43/100] - [TRAIN] Loss: 0.4883, Accuracy: 79.15%, AUC: 0.78 - [VAL] Loss: 0.4952, Accuracy: 78.53%, AUC: 0.78
New best model saved with validation metric: 25.1991
Epoch [44/100] - [TRAIN] Loss: 0.4890, Accuracy: 78.97%, AUC: 0.78 - [VAL] Loss: 0.4932, Accuracy: 78.91%, AUC: 0.78
Epoch [45/100] - [TRAIN] Loss: 0.4886, Accuracy: 79.25%, AUC: 0.78 - [VAL] Loss: 0.4952, Accuracy: 78.54%, AUC: 0.78
Epoch [46/100] - [TRAIN] Loss: 0.4883, Accuracy: 79.06%, AUC: 0.78 - [VAL] Loss: 0.4931, Accuracy: 78.84%, AUC: 0.78
Epoch [47/100] - [TRAIN] Loss: 0.4874, Accuracy: 78.92%, AUC: 0.78 - [VAL] Loss: 0.4927, Accuracy: 78.89%, AUC: 0.78
New best model saved with validation metric: 25.2078
Epoch [48/100] - [TRAIN] Loss: 0.4871, Accuracy: 79.05%, AUC: 0.78 - [VAL] Loss: 0.4926, Accuracy: 78.93%, AUC: 0.78
Epoch [49/100] - [TRAIN] Loss: 0.4858, Accuracy: 79.13%, AUC: 0.78 - [VAL] Loss: 0.4929, Accuracy: 78.80%, AUC: 0.78
Epoch [50/100] - [TRAIN] Loss: 0.4857, Accuracy: 79.15%, AUC: 0.78 - [VAL] Loss: 0.4926, Accuracy: 78.81%, AUC: 0.78
Epoch [51/100] - [TRAIN] Loss: 0.4863, Accuracy: 79.23%, AUC: 0.78 - [VAL] Loss: 0.4926, Accuracy: 78.76%, AUC: 0.78
Epoch [52/100] - [TRAIN] Loss: 0.4854, Accuracy: 79.08%, AUC: 0.78 - [VAL] Loss: 0.4919, Accuracy: 78.92%, AUC: 0.78
Epoch [53/100] - [TRAIN] Loss: 0.4857, Accuracy: 79.17%, AUC: 0.78 - [VAL] Loss: 0.4919, Accuracy: 78.93%, AUC: 0.78
New best model saved with validation metric: 25.2121
Epoch [54/100] - [TRAIN] Loss: 0.4868, Accuracy: 79.16%, AUC: 0.78 - [VAL] Loss: 0.4918, Accuracy: 78.95%, AUC: 0.78
Epoch [55/100] - [TRAIN] Loss: 0.4842, Accuracy: 79.19%, AUC: 0.78 - [VAL] Loss: 0.4919, Accuracy: 78.85%, AUC: 0.78
Epoch [56/100] - [TRAIN] Loss: 0.4838, Accuracy: 79.09%, AUC: 0.78 - [VAL] Loss: 0.4916, Accuracy: 78.91%, AUC: 0.78
Epoch [57/100] - [TRAIN] Loss: 0.4828, Accuracy: 79.21%, AUC: 0.78 - [VAL] Loss: 0.4921, Accuracy: 78.77%, AUC: 0.78
New best model saved with validation metric: 25.2251
Epoch [58/100] - [TRAIN] Loss: 0.4822, Accuracy: 79.13%, AUC: 0.78 - [VAL] Loss: 0.4913, Accuracy: 78.99%, AUC: 0.78
Epoch [59/100] - [TRAIN] Loss: 0.4821, Accuracy: 79.21%, AUC: 0.78 - [VAL] Loss: 0.4915, Accuracy: 78.84%, AUC: 0.78
Epoch [60/100] - [TRAIN] Loss: 0.4819, Accuracy: 79.20%, AUC: 0.78 - [VAL] Loss: 0.4920, Accuracy: 78.79%, AUC: 0.78
Epoch [61/100] - [TRAIN] Loss: 0.4833, Accuracy: 79.20%, AUC: 0.78 - [VAL] Loss: 0.4914, Accuracy: 78.92%, AUC: 0.78
Epoch [62/100] - [TRAIN] Loss: 0.4823, Accuracy: 79.25%, AUC: 0.78 - [VAL] Loss: 0.4913, Accuracy: 78.93%, AUC: 0.78
Epoch [63/100] - [TRAIN] Loss: 0.4824, Accuracy: 79.32%, AUC: 0.79 - [VAL] Loss: 0.4910, Accuracy: 78.96%, AUC: 0.78
Epoch [64/100] - [TRAIN] Loss: 0.4829, Accuracy: 79.20%, AUC: 0.78 - [VAL] Loss: 0.4913, Accuracy: 78.88%, AUC: 0.78
Epoch [65/100] - [TRAIN] Loss: 0.4800, Accuracy: 79.23%, AUC: 0.78 - [VAL] Loss: 0.4916, Accuracy: 78.92%, AUC: 0.78
Epoch [66/100] - [TRAIN] Loss: 0.4803, Accuracy: 79.39%, AUC: 0.79 - [VAL] Loss: 0.4929, Accuracy: 78.68%, AUC: 0.78
Epoch [67/100] - [TRAIN] Loss: 0.4802, Accuracy: 79.27%, AUC: 0.79 - [VAL] Loss: 0.4909, Accuracy: 78.93%, AUC: 0.78
Epoch [68/100] - [TRAIN] Loss: 0.4795, Accuracy: 79.43%, AUC: 0.79 - [VAL] Loss: 0.4912, Accuracy: 78.93%, AUC: 0.78
Epoch [69/100] - [TRAIN] Loss: 0.4798, Accuracy: 79.46%, AUC: 0.79 - [VAL] Loss: 0.4912, Accuracy: 78.92%, AUC: 0.78
New best model saved with validation metric: 25.2381
Epoch [70/100] - [TRAIN] Loss: 0.4795, Accuracy: 79.23%, AUC: 0.78 - [VAL] Loss: 0.4911, Accuracy: 79.03%, AUC: 0.78
Epoch [71/100] - [TRAIN] Loss: 0.4797, Accuracy: 79.38%, AUC: 0.79 - [VAL] Loss: 0.4917, Accuracy: 78.88%, AUC: 0.78
Epoch [72/100] - [TRAIN] Loss: 0.4790, Accuracy: 79.48%, AUC: 0.79 - [VAL] Loss: 0.4910, Accuracy: 78.95%, AUC: 0.78
Epoch [73/100] - [TRAIN] Loss: 0.4782, Accuracy: 79.43%, AUC: 0.79 - [VAL] Loss: 0.4915, Accuracy: 78.96%, AUC: 0.78
Epoch [74/100] - [TRAIN] Loss: 0.4778, Accuracy: 79.47%, AUC: 0.79 - [VAL] Loss: 0.4914, Accuracy: 78.93%, AUC: 0.78
Epoch [75/100] - [TRAIN] Loss: 0.4782, Accuracy: 79.36%, AUC: 0.79 - [VAL] Loss: 0.4913, Accuracy: 78.91%, AUC: 0.78
Epoch [76/100] - [TRAIN] Loss: 0.4784, Accuracy: 79.48%, AUC: 0.79 - [VAL] Loss: 0.4911, Accuracy: 78.95%, AUC: 0.78
Epoch [77/100] - [TRAIN] Loss: 0.4783, Accuracy: 79.47%, AUC: 0.79 - [VAL] Loss: 0.4911, Accuracy: 78.98%, AUC: 0.78
Epoch [78/100] - [TRAIN] Loss: 0.4769, Accuracy: 79.44%, AUC: 0.79 - [VAL] Loss: 0.4916, Accuracy: 78.85%, AUC: 0.78
Epoch [79/100] - [TRAIN] Loss: 0.4779, Accuracy: 79.32%, AUC: 0.79 - [VAL] Loss: 0.4926, Accuracy: 78.83%, AUC: 0.78
Epoch [80/100] - [TRAIN] Loss: 0.4761, Accuracy: 79.65%, AUC: 0.79 - [VAL] Loss: 0.4911, Accuracy: 78.98%, AUC: 0.78
Epoch [81/100] - [TRAIN] Loss: 0.4763, Accuracy: 79.54%, AUC: 0.79 - [VAL] Loss: 0.4925, Accuracy: 78.84%, AUC: 0.78
New best model saved with validation metric: 25.2597
Epoch [82/100] - [TRAIN] Loss: 0.4758, Accuracy: 79.51%, AUC: 0.79 - [VAL] Loss: 0.4911, Accuracy: 79.10%, AUC: 0.78
New best model saved with validation metric: 25.2771
Epoch [83/100] - [TRAIN] Loss: 0.4775, Accuracy: 79.51%, AUC: 0.79 - [VAL] Loss: 0.4912, Accuracy: 79.15%, AUC: 0.79
Epoch [84/100] - [TRAIN] Loss: 0.4744, Accuracy: 79.65%, AUC: 0.79 - [VAL] Loss: 0.4918, Accuracy: 78.93%, AUC: 0.78
Epoch [85/100] - [TRAIN] Loss: 0.4750, Accuracy: 79.62%, AUC: 0.79 - [VAL] Loss: 0.4924, Accuracy: 78.91%, AUC: 0.78
Epoch [86/100] - [TRAIN] Loss: 0.4750, Accuracy: 79.63%, AUC: 0.79 - [VAL] Loss: 0.4911, Accuracy: 79.12%, AUC: 0.79
Epoch [87/100] - [TRAIN] Loss: 0.4749, Accuracy: 79.75%, AUC: 0.79 - [VAL] Loss: 0.4918, Accuracy: 79.10%, AUC: 0.79
Epoch [88/100] - [TRAIN] Loss: 0.4753, Accuracy: 79.85%, AUC: 0.79 - [VAL] Loss: 0.4926, Accuracy: 78.84%, AUC: 0.78
New best model saved with validation metric: 25.2900
Epoch [89/100] - [TRAIN] Loss: 0.4744, Accuracy: 79.73%, AUC: 0.79 - [VAL] Loss: 0.4913, Accuracy: 79.19%, AUC: 0.79
Epoch [90/100] - [TRAIN] Loss: 0.4727, Accuracy: 79.82%, AUC: 0.79 - [VAL] Loss: 0.4937, Accuracy: 78.79%, AUC: 0.78
New best model saved with validation metric: 25.2987
Epoch [91/100] - [TRAIN] Loss: 0.4735, Accuracy: 79.66%, AUC: 0.79 - [VAL] Loss: 0.4915, Accuracy: 79.22%, AUC: 0.78
Epoch [92/100] - [TRAIN] Loss: 0.4726, Accuracy: 79.67%, AUC: 0.79 - [VAL] Loss: 0.4920, Accuracy: 79.02%, AUC: 0.78
Epoch [93/100] - [TRAIN] Loss: 0.4739, Accuracy: 79.69%, AUC: 0.79 - [VAL] Loss: 0.4917, Accuracy: 79.10%, AUC: 0.79
Epoch [94/100] - [TRAIN] Loss: 0.4729, Accuracy: 79.94%, AUC: 0.79 - [VAL] Loss: 0.4929, Accuracy: 78.84%, AUC: 0.78
Epoch [95/100] - [TRAIN] Loss: 0.4717, Accuracy: 79.67%, AUC: 0.79 - [VAL] Loss: 0.4917, Accuracy: 79.21%, AUC: 0.79
Epoch [96/100] - [TRAIN] Loss: 0.4728, Accuracy: 79.82%, AUC: 0.79 - [VAL] Loss: 0.4917, Accuracy: 79.18%, AUC: 0.79
Epoch [97/100] - [TRAIN] Loss: 0.4715, Accuracy: 79.89%, AUC: 0.79 - [VAL] Loss: 0.4917, Accuracy: 79.22%, AUC: 0.79
Epoch [98/100] - [TRAIN] Loss: 0.4708, Accuracy: 79.96%, AUC: 0.79 - [VAL] Loss: 0.4919, Accuracy: 79.21%, AUC: 0.79
Epoch [99/100] - [TRAIN] Loss: 0.4723, Accuracy: 79.84%, AUC: 0.79 - [VAL] Loss: 0.4927, Accuracy: 79.00%, AUC: 0.79
Epoch [100/100] - [TRAIN] Loss: 0.4714, Accuracy: 79.70%, AUC: 0.79 - [VAL] Loss: 0.4918, Accuracy: 79.11%, AUC: 0.78
Training finished!
Accuracy Score on test set: 79.45 %
AUC Score on test set: 0.79
Item: H3K27ac-H3K9me3-H3K4me3-H3K9ac-H3K27me3
Train set shape: (7399, 5, 4000) (7399,)
Validation set shape: (7377, 5, 4000) (7377,)
Test set shape: (7378, 5, 4000) (7378,)
New best model saved with validation metric: 19.4242
Epoch [1/100] - [TRAIN] Loss: 0.6661, Accuracy: 60.82%, AUC: 0.50 - [VAL] Loss: 0.6507, Accuracy: 60.82%, AUC: 0.50
Epoch [2/100] - [TRAIN] Loss: 0.6359, Accuracy: 60.82%, AUC: 0.50 - [VAL] Loss: 0.6179, Accuracy: 60.82%, AUC: 0.50
Epoch [3/100] - [TRAIN] Loss: 0.6044, Accuracy: 60.82%, AUC: 0.50 - [VAL] Loss: 0.5873, Accuracy: 60.82%, AUC: 0.50
Epoch [4/100] - [TRAIN] Loss: 0.5782, Accuracy: 60.82%, AUC: 0.50 - [VAL] Loss: 0.5633, Accuracy: 60.82%, AUC: 0.50
New best model saved with validation metric: 23.8312
Epoch [5/100] - [TRAIN] Loss: 0.5611, Accuracy: 60.83%, AUC: 0.50 - [VAL] Loss: 0.5498, Accuracy: 74.62%, AUC: 0.71
New best model saved with validation metric: 24.9610
Epoch [6/100] - [TRAIN] Loss: 0.5508, Accuracy: 74.75%, AUC: 0.71 - [VAL] Loss: 0.5423, Accuracy: 78.16%, AUC: 0.77
New best model saved with validation metric: 25.1255
Epoch [7/100] - [TRAIN] Loss: 0.5436, Accuracy: 78.32%, AUC: 0.77 - [VAL] Loss: 0.5360, Accuracy: 78.68%, AUC: 0.78
Epoch [8/100] - [TRAIN] Loss: 0.5362, Accuracy: 78.62%, AUC: 0.77 - [VAL] Loss: 0.5302, Accuracy: 78.62%, AUC: 0.78
Epoch [9/100] - [TRAIN] Loss: 0.5316, Accuracy: 78.65%, AUC: 0.78 - [VAL] Loss: 0.5258, Accuracy: 78.37%, AUC: 0.78
Epoch [10/100] - [TRAIN] Loss: 0.5291, Accuracy: 78.32%, AUC: 0.78 - [VAL] Loss: 0.5221, Accuracy: 78.20%, AUC: 0.78
Epoch [11/100] - [TRAIN] Loss: 0.5238, Accuracy: 78.36%, AUC: 0.78 - [VAL] Loss: 0.5188, Accuracy: 78.09%, AUC: 0.78
Epoch [12/100] - [TRAIN] Loss: 0.5214, Accuracy: 78.28%, AUC: 0.78 - [VAL] Loss: 0.5167, Accuracy: 77.86%, AUC: 0.78
Epoch [13/100] - [TRAIN] Loss: 0.5192, Accuracy: 78.23%, AUC: 0.78 - [VAL] Loss: 0.5143, Accuracy: 77.86%, AUC: 0.78
Epoch [14/100] - [TRAIN] Loss: 0.5153, Accuracy: 78.15%, AUC: 0.78 - [VAL] Loss: 0.5124, Accuracy: 77.88%, AUC: 0.78
Epoch [15/100] - [TRAIN] Loss: 0.5138, Accuracy: 78.12%, AUC: 0.78 - [VAL] Loss: 0.5105, Accuracy: 78.11%, AUC: 0.78
Epoch [16/100] - [TRAIN] Loss: 0.5118, Accuracy: 78.17%, AUC: 0.78 - [VAL] Loss: 0.5092, Accuracy: 78.05%, AUC: 0.78
Epoch [17/100] - [TRAIN] Loss: 0.5105, Accuracy: 78.25%, AUC: 0.78 - [VAL] Loss: 0.5080, Accuracy: 78.08%, AUC: 0.78
Epoch [18/100] - [TRAIN] Loss: 0.5082, Accuracy: 78.33%, AUC: 0.78 - [VAL] Loss: 0.5071, Accuracy: 77.88%, AUC: 0.78
Epoch [19/100] - [TRAIN] Loss: 0.5076, Accuracy: 78.28%, AUC: 0.78 - [VAL] Loss: 0.5061, Accuracy: 78.08%, AUC: 0.78
Epoch [20/100] - [TRAIN] Loss: 0.5064, Accuracy: 78.39%, AUC: 0.78 - [VAL] Loss: 0.5056, Accuracy: 77.92%, AUC: 0.78
Epoch [21/100] - [TRAIN] Loss: 0.5056, Accuracy: 78.39%, AUC: 0.78 - [VAL] Loss: 0.5047, Accuracy: 78.03%, AUC: 0.78
Epoch [22/100] - [TRAIN] Loss: 0.5036, Accuracy: 78.35%, AUC: 0.78 - [VAL] Loss: 0.5035, Accuracy: 78.23%, AUC: 0.78
Epoch [23/100] - [TRAIN] Loss: 0.5034, Accuracy: 78.48%, AUC: 0.78 - [VAL] Loss: 0.5027, Accuracy: 78.43%, AUC: 0.78
Epoch [24/100] - [TRAIN] Loss: 0.5024, Accuracy: 78.56%, AUC: 0.78 - [VAL] Loss: 0.5020, Accuracy: 78.42%, AUC: 0.78
Epoch [25/100] - [TRAIN] Loss: 0.5022, Accuracy: 78.52%, AUC: 0.78 - [VAL] Loss: 0.5015, Accuracy: 78.39%, AUC: 0.78
Epoch [26/100] - [TRAIN] Loss: 0.5010, Accuracy: 78.51%, AUC: 0.78 - [VAL] Loss: 0.5007, Accuracy: 78.45%, AUC: 0.78
Epoch [27/100] - [TRAIN] Loss: 0.4996, Accuracy: 78.66%, AUC: 0.78 - [VAL] Loss: 0.5006, Accuracy: 78.34%, AUC: 0.78
Epoch [28/100] - [TRAIN] Loss: 0.4980, Accuracy: 78.63%, AUC: 0.78 - [VAL] Loss: 0.4999, Accuracy: 78.41%, AUC: 0.78
Epoch [29/100] - [TRAIN] Loss: 0.4987, Accuracy: 78.65%, AUC: 0.78 - [VAL] Loss: 0.4997, Accuracy: 78.38%, AUC: 0.78
Epoch [30/100] - [TRAIN] Loss: 0.4971, Accuracy: 78.74%, AUC: 0.78 - [VAL] Loss: 0.4992, Accuracy: 78.38%, AUC: 0.78
Epoch [31/100] - [TRAIN] Loss: 0.4966, Accuracy: 78.73%, AUC: 0.78 - [VAL] Loss: 0.4984, Accuracy: 78.50%, AUC: 0.78
Epoch [32/100] - [TRAIN] Loss: 0.4970, Accuracy: 78.65%, AUC: 0.78 - [VAL] Loss: 0.4982, Accuracy: 78.51%, AUC: 0.78
Epoch [33/100] - [TRAIN] Loss: 0.4958, Accuracy: 78.73%, AUC: 0.78 - [VAL] Loss: 0.4983, Accuracy: 78.43%, AUC: 0.78
Epoch [34/100] - [TRAIN] Loss: 0.4942, Accuracy: 78.75%, AUC: 0.78 - [VAL] Loss: 0.4974, Accuracy: 78.57%, AUC: 0.78
Epoch [35/100] - [TRAIN] Loss: 0.4943, Accuracy: 78.73%, AUC: 0.78 - [VAL] Loss: 0.4970, Accuracy: 78.62%, AUC: 0.78
Epoch [36/100] - [TRAIN] Loss: 0.4946, Accuracy: 78.82%, AUC: 0.78 - [VAL] Loss: 0.4966, Accuracy: 78.60%, AUC: 0.78
Epoch [37/100] - [TRAIN] Loss: 0.4934, Accuracy: 78.78%, AUC: 0.78 - [VAL] Loss: 0.4963, Accuracy: 78.58%, AUC: 0.78
Epoch [38/100] - [TRAIN] Loss: 0.4944, Accuracy: 78.86%, AUC: 0.78 - [VAL] Loss: 0.4961, Accuracy: 78.61%, AUC: 0.78
Epoch [39/100] - [TRAIN] Loss: 0.4923, Accuracy: 78.79%, AUC: 0.78 - [VAL] Loss: 0.4967, Accuracy: 78.53%, AUC: 0.78
Epoch [40/100] - [TRAIN] Loss: 0.4920, Accuracy: 78.83%, AUC: 0.78 - [VAL] Loss: 0.4957, Accuracy: 78.61%, AUC: 0.78
New best model saved with validation metric: 25.1342
Epoch [41/100] - [TRAIN] Loss: 0.4911, Accuracy: 78.79%, AUC: 0.78 - [VAL] Loss: 0.4951, Accuracy: 78.70%, AUC: 0.78
New best model saved with validation metric: 25.1472
Epoch [42/100] - [TRAIN] Loss: 0.4912, Accuracy: 78.93%, AUC: 0.78 - [VAL] Loss: 0.4949, Accuracy: 78.74%, AUC: 0.78
Epoch [43/100] - [TRAIN] Loss: 0.4900, Accuracy: 78.82%, AUC: 0.78 - [VAL] Loss: 0.4953, Accuracy: 78.61%, AUC: 0.78
Epoch [44/100] - [TRAIN] Loss: 0.4908, Accuracy: 78.92%, AUC: 0.78 - [VAL] Loss: 0.4948, Accuracy: 78.68%, AUC: 0.78
New best model saved with validation metric: 25.1558
Epoch [45/100] - [TRAIN] Loss: 0.4883, Accuracy: 79.04%, AUC: 0.78 - [VAL] Loss: 0.4943, Accuracy: 78.77%, AUC: 0.78
New best model saved with validation metric: 25.1688
Epoch [46/100] - [TRAIN] Loss: 0.4892, Accuracy: 78.83%, AUC: 0.78 - [VAL] Loss: 0.4941, Accuracy: 78.81%, AUC: 0.78
Epoch [47/100] - [TRAIN] Loss: 0.4889, Accuracy: 78.92%, AUC: 0.78 - [VAL] Loss: 0.4940, Accuracy: 78.76%, AUC: 0.78
Epoch [48/100] - [TRAIN] Loss: 0.4875, Accuracy: 78.90%, AUC: 0.78 - [VAL] Loss: 0.4939, Accuracy: 78.74%, AUC: 0.78
Epoch [49/100] - [TRAIN] Loss: 0.4878, Accuracy: 79.13%, AUC: 0.78 - [VAL] Loss: 0.4942, Accuracy: 78.66%, AUC: 0.78
Epoch [50/100] - [TRAIN] Loss: 0.4865, Accuracy: 79.15%, AUC: 0.78 - [VAL] Loss: 0.4933, Accuracy: 78.81%, AUC: 0.78
Epoch [51/100] - [TRAIN] Loss: 0.4869, Accuracy: 79.08%, AUC: 0.78 - [VAL] Loss: 0.4935, Accuracy: 78.80%, AUC: 0.78
Epoch [52/100] - [TRAIN] Loss: 0.4859, Accuracy: 79.01%, AUC: 0.78 - [VAL] Loss: 0.4935, Accuracy: 78.74%, AUC: 0.78
Epoch [53/100] - [TRAIN] Loss: 0.4849, Accuracy: 79.12%, AUC: 0.78 - [VAL] Loss: 0.4929, Accuracy: 78.81%, AUC: 0.78
New best model saved with validation metric: 25.1775
Epoch [54/100] - [TRAIN] Loss: 0.4860, Accuracy: 79.05%, AUC: 0.78 - [VAL] Loss: 0.4928, Accuracy: 78.84%, AUC: 0.78
Epoch [55/100] - [TRAIN] Loss: 0.4850, Accuracy: 79.05%, AUC: 0.78 - [VAL] Loss: 0.4926, Accuracy: 78.84%, AUC: 0.78
Epoch [56/100] - [TRAIN] Loss: 0.4854, Accuracy: 78.98%, AUC: 0.78 - [VAL] Loss: 0.4926, Accuracy: 78.84%, AUC: 0.78
Epoch [57/100] - [TRAIN] Loss: 0.4840, Accuracy: 79.23%, AUC: 0.78 - [VAL] Loss: 0.4931, Accuracy: 78.70%, AUC: 0.78
New best model saved with validation metric: 25.1905
Epoch [58/100] - [TRAIN] Loss: 0.4841, Accuracy: 79.23%, AUC: 0.79 - [VAL] Loss: 0.4925, Accuracy: 78.88%, AUC: 0.78
Epoch [59/100] - [TRAIN] Loss: 0.4840, Accuracy: 79.12%, AUC: 0.78 - [VAL] Loss: 0.4925, Accuracy: 78.83%, AUC: 0.78
Epoch [60/100] - [TRAIN] Loss: 0.4832, Accuracy: 79.28%, AUC: 0.79 - [VAL] Loss: 0.4925, Accuracy: 78.76%, AUC: 0.78
Epoch [61/100] - [TRAIN] Loss: 0.4836, Accuracy: 79.13%, AUC: 0.78 - [VAL] Loss: 0.4926, Accuracy: 78.73%, AUC: 0.78
Epoch [62/100] - [TRAIN] Loss: 0.4818, Accuracy: 79.21%, AUC: 0.78 - [VAL] Loss: 0.4922, Accuracy: 78.84%, AUC: 0.78
Epoch [63/100] - [TRAIN] Loss: 0.4824, Accuracy: 79.16%, AUC: 0.78 - [VAL] Loss: 0.4923, Accuracy: 78.81%, AUC: 0.78
Epoch [64/100] - [TRAIN] Loss: 0.4829, Accuracy: 79.19%, AUC: 0.78 - [VAL] Loss: 0.4926, Accuracy: 78.76%, AUC: 0.78
Epoch [65/100] - [TRAIN] Loss: 0.4832, Accuracy: 79.15%, AUC: 0.78 - [VAL] Loss: 0.4922, Accuracy: 78.88%, AUC: 0.78
Epoch [66/100] - [TRAIN] Loss: 0.4810, Accuracy: 79.24%, AUC: 0.79 - [VAL] Loss: 0.4920, Accuracy: 78.88%, AUC: 0.78
Epoch [67/100] - [TRAIN] Loss: 0.4829, Accuracy: 79.43%, AUC: 0.79 - [VAL] Loss: 0.4946, Accuracy: 78.65%, AUC: 0.78
Epoch [68/100] - [TRAIN] Loss: 0.4809, Accuracy: 79.39%, AUC: 0.79 - [VAL] Loss: 0.4930, Accuracy: 78.66%, AUC: 0.78
Epoch [69/100] - [TRAIN] Loss: 0.4810, Accuracy: 79.35%, AUC: 0.79 - [VAL] Loss: 0.4920, Accuracy: 78.87%, AUC: 0.78
New best model saved with validation metric: 25.1948
Epoch [70/100] - [TRAIN] Loss: 0.4809, Accuracy: 79.36%, AUC: 0.79 - [VAL] Loss: 0.4918, Accuracy: 78.89%, AUC: 0.78
Epoch [71/100] - [TRAIN] Loss: 0.4795, Accuracy: 79.28%, AUC: 0.79 - [VAL] Loss: 0.4924, Accuracy: 78.76%, AUC: 0.78
Epoch [72/100] - [TRAIN] Loss: 0.4791, Accuracy: 79.47%, AUC: 0.79 - [VAL] Loss: 0.4919, Accuracy: 78.88%, AUC: 0.78
Epoch [73/100] - [TRAIN] Loss: 0.4794, Accuracy: 79.39%, AUC: 0.79 - [VAL] Loss: 0.4920, Accuracy: 78.87%, AUC: 0.78
Epoch [74/100] - [TRAIN] Loss: 0.4795, Accuracy: 79.47%, AUC: 0.79 - [VAL] Loss: 0.4930, Accuracy: 78.79%, AUC: 0.78
Epoch [75/100] - [TRAIN] Loss: 0.4777, Accuracy: 79.46%, AUC: 0.79 - [VAL] Loss: 0.4920, Accuracy: 78.89%, AUC: 0.78
New best model saved with validation metric: 25.1991
Epoch [76/100] - [TRAIN] Loss: 0.4783, Accuracy: 79.36%, AUC: 0.79 - [VAL] Loss: 0.4920, Accuracy: 78.91%, AUC: 0.78
New best model saved with validation metric: 25.2165
Epoch [77/100] - [TRAIN] Loss: 0.4765, Accuracy: 79.69%, AUC: 0.79 - [VAL] Loss: 0.4921, Accuracy: 78.96%, AUC: 0.78
Epoch [78/100] - [TRAIN] Loss: 0.4785, Accuracy: 79.66%, AUC: 0.79 - [VAL] Loss: 0.4921, Accuracy: 78.87%, AUC: 0.78
Epoch [79/100] - [TRAIN] Loss: 0.4773, Accuracy: 79.52%, AUC: 0.79 - [VAL] Loss: 0.4927, Accuracy: 78.74%, AUC: 0.78
Epoch [80/100] - [TRAIN] Loss: 0.4771, Accuracy: 79.61%, AUC: 0.79 - [VAL] Loss: 0.4924, Accuracy: 78.80%, AUC: 0.78
Epoch [81/100] - [TRAIN] Loss: 0.4761, Accuracy: 79.48%, AUC: 0.79 - [VAL] Loss: 0.4922, Accuracy: 78.88%, AUC: 0.78
Epoch [82/100] - [TRAIN] Loss: 0.4769, Accuracy: 79.56%, AUC: 0.79 - [VAL] Loss: 0.4923, Accuracy: 78.95%, AUC: 0.78
Epoch [83/100] - [TRAIN] Loss: 0.4764, Accuracy: 79.56%, AUC: 0.79 - [VAL] Loss: 0.4927, Accuracy: 78.84%, AUC: 0.78
New best model saved with validation metric: 25.2727
Epoch [84/100] - [TRAIN] Loss: 0.4767, Accuracy: 79.56%, AUC: 0.79 - [VAL] Loss: 0.4923, Accuracy: 79.14%, AUC: 0.78
Epoch [85/100] - [TRAIN] Loss: 0.4756, Accuracy: 79.70%, AUC: 0.79 - [VAL] Loss: 0.4929, Accuracy: 78.85%, AUC: 0.78
Epoch [86/100] - [TRAIN] Loss: 0.4755, Accuracy: 79.61%, AUC: 0.79 - [VAL] Loss: 0.4930, Accuracy: 78.83%, AUC: 0.78
Epoch [87/100] - [TRAIN] Loss: 0.4763, Accuracy: 79.69%, AUC: 0.79 - [VAL] Loss: 0.4923, Accuracy: 79.04%, AUC: 0.78
Epoch [88/100] - [TRAIN] Loss: 0.4762, Accuracy: 79.62%, AUC: 0.79 - [VAL] Loss: 0.4928, Accuracy: 78.98%, AUC: 0.78
Epoch [89/100] - [TRAIN] Loss: 0.4746, Accuracy: 79.69%, AUC: 0.79 - [VAL] Loss: 0.4925, Accuracy: 79.12%, AUC: 0.78
Epoch [90/100] - [TRAIN] Loss: 0.4725, Accuracy: 79.85%, AUC: 0.79 - [VAL] Loss: 0.4936, Accuracy: 78.77%, AUC: 0.78
New best model saved with validation metric: 25.2857
Epoch [91/100] - [TRAIN] Loss: 0.4725, Accuracy: 79.63%, AUC: 0.79 - [VAL] Loss: 0.4927, Accuracy: 79.18%, AUC: 0.78
Epoch [92/100] - [TRAIN] Loss: 0.4739, Accuracy: 79.70%, AUC: 0.79 - [VAL] Loss: 0.4929, Accuracy: 79.02%, AUC: 0.78
Epoch [93/100] - [TRAIN] Loss: 0.4745, Accuracy: 79.85%, AUC: 0.79 - [VAL] Loss: 0.4937, Accuracy: 78.92%, AUC: 0.78
Epoch [94/100] - [TRAIN] Loss: 0.4739, Accuracy: 79.79%, AUC: 0.79 - [VAL] Loss: 0.4935, Accuracy: 78.93%, AUC: 0.78
Epoch [95/100] - [TRAIN] Loss: 0.4734, Accuracy: 79.71%, AUC: 0.79 - [VAL] Loss: 0.4932, Accuracy: 78.95%, AUC: 0.78
Epoch [96/100] - [TRAIN] Loss: 0.4741, Accuracy: 79.79%, AUC: 0.79 - [VAL] Loss: 0.4931, Accuracy: 79.03%, AUC: 0.78
Epoch [97/100] - [TRAIN] Loss: 0.4724, Accuracy: 79.66%, AUC: 0.79 - [VAL] Loss: 0.4931, Accuracy: 79.03%, AUC: 0.78
Epoch [98/100] - [TRAIN] Loss: 0.4723, Accuracy: 79.69%, AUC: 0.79 - [VAL] Loss: 0.4951, Accuracy: 78.84%, AUC: 0.78
Epoch [99/100] - [TRAIN] Loss: 0.4704, Accuracy: 79.85%, AUC: 0.79 - [VAL] Loss: 0.4936, Accuracy: 79.00%, AUC: 0.78
Epoch [100/100] - [TRAIN] Loss: 0.4703, Accuracy: 79.77%, AUC: 0.79 - [VAL] Loss: 0.4931, Accuracy: 79.12%, AUC: 0.78
Training finished!
Accuracy Score on test set: 79.62 %
AUC Score on test set: 0.79
Item: H3K27ac-H3K9me3-H3K4me3-H3K27me3-H3K9ac
Train set shape: (7399, 5, 4000) (7399,)
Validation set shape: (7377, 5, 4000) (7377,)
Test set shape: (7378, 5, 4000) (7378,)
New best model saved with validation metric: 19.4242
Epoch [1/100] - [TRAIN] Loss: 0.6622, Accuracy: 61.31%, AUC: 0.54 - [VAL] Loss: 0.6274, Accuracy: 60.82%, AUC: 0.50
Epoch [2/100] - [TRAIN] Loss: 0.6037, Accuracy: 60.82%, AUC: 0.50 - [VAL] Loss: 0.5814, Accuracy: 60.82%, AUC: 0.50
New best model saved with validation metric: 24.0563
Epoch [3/100] - [TRAIN] Loss: 0.5705, Accuracy: 61.86%, AUC: 0.52 - [VAL] Loss: 0.5554, Accuracy: 75.33%, AUC: 0.72
New best model saved with validation metric: 24.9957
Epoch [4/100] - [TRAIN] Loss: 0.5513, Accuracy: 76.97%, AUC: 0.75 - [VAL] Loss: 0.5400, Accuracy: 78.27%, AUC: 0.77
New best model saved with validation metric: 25.0346
Epoch [5/100] - [TRAIN] Loss: 0.5389, Accuracy: 78.28%, AUC: 0.77 - [VAL] Loss: 0.5317, Accuracy: 78.39%, AUC: 0.78
Epoch [6/100] - [TRAIN] Loss: 0.5328, Accuracy: 78.40%, AUC: 0.77 - [VAL] Loss: 0.5263, Accuracy: 78.19%, AUC: 0.78
Epoch [7/100] - [TRAIN] Loss: 0.5279, Accuracy: 78.43%, AUC: 0.78 - [VAL] Loss: 0.5223, Accuracy: 78.18%, AUC: 0.78
Epoch [8/100] - [TRAIN] Loss: 0.5240, Accuracy: 78.19%, AUC: 0.78 - [VAL] Loss: 0.5188, Accuracy: 78.05%, AUC: 0.78
Epoch [9/100] - [TRAIN] Loss: 0.5203, Accuracy: 78.16%, AUC: 0.78 - [VAL] Loss: 0.5163, Accuracy: 77.86%, AUC: 0.78
Epoch [10/100] - [TRAIN] Loss: 0.5165, Accuracy: 78.25%, AUC: 0.78 - [VAL] Loss: 0.5147, Accuracy: 77.62%, AUC: 0.78
Epoch [11/100] - [TRAIN] Loss: 0.5169, Accuracy: 78.11%, AUC: 0.78 - [VAL] Loss: 0.5121, Accuracy: 77.85%, AUC: 0.78
Epoch [12/100] - [TRAIN] Loss: 0.5147, Accuracy: 78.23%, AUC: 0.78 - [VAL] Loss: 0.5113, Accuracy: 77.59%, AUC: 0.78
Epoch [13/100] - [TRAIN] Loss: 0.5117, Accuracy: 78.27%, AUC: 0.78 - [VAL] Loss: 0.5099, Accuracy: 77.65%, AUC: 0.78
Epoch [14/100] - [TRAIN] Loss: 0.5094, Accuracy: 78.27%, AUC: 0.78 - [VAL] Loss: 0.5083, Accuracy: 77.82%, AUC: 0.78
Epoch [15/100] - [TRAIN] Loss: 0.5080, Accuracy: 78.16%, AUC: 0.78 - [VAL] Loss: 0.5071, Accuracy: 78.04%, AUC: 0.78
Epoch [16/100] - [TRAIN] Loss: 0.5075, Accuracy: 78.25%, AUC: 0.78 - [VAL] Loss: 0.5064, Accuracy: 77.99%, AUC: 0.78
Epoch [17/100] - [TRAIN] Loss: 0.5071, Accuracy: 78.39%, AUC: 0.78 - [VAL] Loss: 0.5057, Accuracy: 78.00%, AUC: 0.78
Epoch [18/100] - [TRAIN] Loss: 0.5050, Accuracy: 78.29%, AUC: 0.78 - [VAL] Loss: 0.5048, Accuracy: 78.24%, AUC: 0.78
Epoch [19/100] - [TRAIN] Loss: 0.5035, Accuracy: 78.39%, AUC: 0.78 - [VAL] Loss: 0.5041, Accuracy: 78.30%, AUC: 0.78
Epoch [20/100] - [TRAIN] Loss: 0.5037, Accuracy: 78.40%, AUC: 0.78 - [VAL] Loss: 0.5038, Accuracy: 78.18%, AUC: 0.78
Epoch [21/100] - [TRAIN] Loss: 0.5017, Accuracy: 78.39%, AUC: 0.78 - [VAL] Loss: 0.5029, Accuracy: 78.35%, AUC: 0.78
Epoch [22/100] - [TRAIN] Loss: 0.5022, Accuracy: 78.51%, AUC: 0.78 - [VAL] Loss: 0.5023, Accuracy: 78.37%, AUC: 0.78
Epoch [23/100] - [TRAIN] Loss: 0.5013, Accuracy: 78.58%, AUC: 0.78 - [VAL] Loss: 0.5019, Accuracy: 78.35%, AUC: 0.78
New best model saved with validation metric: 25.0476
Epoch [24/100] - [TRAIN] Loss: 0.5014, Accuracy: 78.66%, AUC: 0.78 - [VAL] Loss: 0.5014, Accuracy: 78.43%, AUC: 0.78
New best model saved with validation metric: 25.0563
Epoch [25/100] - [TRAIN] Loss: 0.4991, Accuracy: 78.55%, AUC: 0.78 - [VAL] Loss: 0.5008, Accuracy: 78.46%, AUC: 0.78
Epoch [26/100] - [TRAIN] Loss: 0.5001, Accuracy: 78.69%, AUC: 0.78 - [VAL] Loss: 0.5012, Accuracy: 78.30%, AUC: 0.78
Epoch [27/100] - [TRAIN] Loss: 0.4995, Accuracy: 78.70%, AUC: 0.78 - [VAL] Loss: 0.5000, Accuracy: 78.43%, AUC: 0.78
Epoch [28/100] - [TRAIN] Loss: 0.4985, Accuracy: 78.70%, AUC: 0.78 - [VAL] Loss: 0.5000, Accuracy: 78.41%, AUC: 0.78
Epoch [29/100] - [TRAIN] Loss: 0.4967, Accuracy: 78.83%, AUC: 0.78 - [VAL] Loss: 0.4996, Accuracy: 78.45%, AUC: 0.78
New best model saved with validation metric: 25.0779
Epoch [30/100] - [TRAIN] Loss: 0.4975, Accuracy: 78.78%, AUC: 0.78 - [VAL] Loss: 0.4987, Accuracy: 78.53%, AUC: 0.78
Epoch [31/100] - [TRAIN] Loss: 0.4969, Accuracy: 78.74%, AUC: 0.78 - [VAL] Loss: 0.4984, Accuracy: 78.51%, AUC: 0.78
Epoch [32/100] - [TRAIN] Loss: 0.4946, Accuracy: 78.86%, AUC: 0.78 - [VAL] Loss: 0.4994, Accuracy: 78.38%, AUC: 0.78
Epoch [33/100] - [TRAIN] Loss: 0.4966, Accuracy: 78.69%, AUC: 0.78 - [VAL] Loss: 0.4985, Accuracy: 78.45%, AUC: 0.78
Epoch [34/100] - [TRAIN] Loss: 0.4933, Accuracy: 78.93%, AUC: 0.78 - [VAL] Loss: 0.4976, Accuracy: 78.49%, AUC: 0.78
New best model saved with validation metric: 25.0996
Epoch [35/100] - [TRAIN] Loss: 0.4936, Accuracy: 78.79%, AUC: 0.78 - [VAL] Loss: 0.4972, Accuracy: 78.60%, AUC: 0.78
New best model saved with validation metric: 25.1039
Epoch [36/100] - [TRAIN] Loss: 0.4924, Accuracy: 79.00%, AUC: 0.78 - [VAL] Loss: 0.4970, Accuracy: 78.61%, AUC: 0.78
Epoch [37/100] - [TRAIN] Loss: 0.4920, Accuracy: 78.93%, AUC: 0.78 - [VAL] Loss: 0.4969, Accuracy: 78.47%, AUC: 0.78
New best model saved with validation metric: 25.1082
Epoch [38/100] - [TRAIN] Loss: 0.4916, Accuracy: 79.00%, AUC: 0.78 - [VAL] Loss: 0.4961, Accuracy: 78.62%, AUC: 0.78
New best model saved with validation metric: 25.1255
Epoch [39/100] - [TRAIN] Loss: 0.4915, Accuracy: 78.89%, AUC: 0.78 - [VAL] Loss: 0.4960, Accuracy: 78.68%, AUC: 0.78
Epoch [40/100] - [TRAIN] Loss: 0.4906, Accuracy: 78.92%, AUC: 0.78 - [VAL] Loss: 0.4956, Accuracy: 78.61%, AUC: 0.78
New best model saved with validation metric: 25.1299
Epoch [41/100] - [TRAIN] Loss: 0.4907, Accuracy: 78.89%, AUC: 0.78 - [VAL] Loss: 0.4954, Accuracy: 78.69%, AUC: 0.78
New best model saved with validation metric: 25.1342
Epoch [42/100] - [TRAIN] Loss: 0.4907, Accuracy: 78.92%, AUC: 0.78 - [VAL] Loss: 0.4956, Accuracy: 78.70%, AUC: 0.78
Epoch [43/100] - [TRAIN] Loss: 0.4898, Accuracy: 78.97%, AUC: 0.78 - [VAL] Loss: 0.4952, Accuracy: 78.65%, AUC: 0.78
Epoch [44/100] - [TRAIN] Loss: 0.4886, Accuracy: 79.00%, AUC: 0.78 - [VAL] Loss: 0.4949, Accuracy: 78.69%, AUC: 0.78
New best model saved with validation metric: 25.1385
Epoch [45/100] - [TRAIN] Loss: 0.4887, Accuracy: 79.06%, AUC: 0.78 - [VAL] Loss: 0.4946, Accuracy: 78.72%, AUC: 0.78
Epoch [46/100] - [TRAIN] Loss: 0.4890, Accuracy: 79.04%, AUC: 0.78 - [VAL] Loss: 0.4952, Accuracy: 78.65%, AUC: 0.78
Epoch [47/100] - [TRAIN] Loss: 0.4872, Accuracy: 78.90%, AUC: 0.78 - [VAL] Loss: 0.4941, Accuracy: 78.69%, AUC: 0.78
Epoch [48/100] - [TRAIN] Loss: 0.4875, Accuracy: 78.97%, AUC: 0.78 - [VAL] Loss: 0.4941, Accuracy: 78.68%, AUC: 0.78
Epoch [49/100] - [TRAIN] Loss: 0.4868, Accuracy: 79.06%, AUC: 0.78 - [VAL] Loss: 0.4935, Accuracy: 78.72%, AUC: 0.78
Epoch [50/100] - [TRAIN] Loss: 0.4867, Accuracy: 79.05%, AUC: 0.78 - [VAL] Loss: 0.4952, Accuracy: 78.61%, AUC: 0.78
Epoch [51/100] - [TRAIN] Loss: 0.4858, Accuracy: 79.11%, AUC: 0.78 - [VAL] Loss: 0.4940, Accuracy: 78.66%, AUC: 0.78
New best model saved with validation metric: 25.1732
Epoch [52/100] - [TRAIN] Loss: 0.4847, Accuracy: 79.01%, AUC: 0.78 - [VAL] Loss: 0.4931, Accuracy: 78.83%, AUC: 0.78
Epoch [53/100] - [TRAIN] Loss: 0.4867, Accuracy: 79.04%, AUC: 0.78 - [VAL] Loss: 0.4932, Accuracy: 78.74%, AUC: 0.78
New best model saved with validation metric: 25.1775
Epoch [54/100] - [TRAIN] Loss: 0.4842, Accuracy: 79.19%, AUC: 0.78 - [VAL] Loss: 0.4928, Accuracy: 78.84%, AUC: 0.78
New best model saved with validation metric: 25.1818
Epoch [55/100] - [TRAIN] Loss: 0.4841, Accuracy: 79.20%, AUC: 0.78 - [VAL] Loss: 0.4927, Accuracy: 78.85%, AUC: 0.78
Epoch [56/100] - [TRAIN] Loss: 0.4834, Accuracy: 79.09%, AUC: 0.78 - [VAL] Loss: 0.4926, Accuracy: 78.84%, AUC: 0.78
New best model saved with validation metric: 25.1861
Epoch [57/100] - [TRAIN] Loss: 0.4835, Accuracy: 79.25%, AUC: 0.78 - [VAL] Loss: 0.4926, Accuracy: 78.87%, AUC: 0.78
Epoch [58/100] - [TRAIN] Loss: 0.4823, Accuracy: 79.15%, AUC: 0.78 - [VAL] Loss: 0.4925, Accuracy: 78.83%, AUC: 0.78
Epoch [59/100] - [TRAIN] Loss: 0.4814, Accuracy: 79.19%, AUC: 0.78 - [VAL] Loss: 0.4924, Accuracy: 78.83%, AUC: 0.78
Epoch [60/100] - [TRAIN] Loss: 0.4825, Accuracy: 79.29%, AUC: 0.78 - [VAL] Loss: 0.4934, Accuracy: 78.65%, AUC: 0.78
Epoch [61/100] - [TRAIN] Loss: 0.4811, Accuracy: 79.27%, AUC: 0.79 - [VAL] Loss: 0.4924, Accuracy: 78.80%, AUC: 0.78
Epoch [62/100] - [TRAIN] Loss: 0.4818, Accuracy: 79.25%, AUC: 0.78 - [VAL] Loss: 0.4923, Accuracy: 78.83%, AUC: 0.78
Epoch [63/100] - [TRAIN] Loss: 0.4825, Accuracy: 79.39%, AUC: 0.79 - [VAL] Loss: 0.4925, Accuracy: 78.84%, AUC: 0.78
Epoch [64/100] - [TRAIN] Loss: 0.4805, Accuracy: 79.28%, AUC: 0.79 - [VAL] Loss: 0.4927, Accuracy: 78.85%, AUC: 0.78
Epoch [65/100] - [TRAIN] Loss: 0.4796, Accuracy: 79.34%, AUC: 0.79 - [VAL] Loss: 0.4922, Accuracy: 78.85%, AUC: 0.78
Epoch [66/100] - [TRAIN] Loss: 0.4813, Accuracy: 79.47%, AUC: 0.79 - [VAL] Loss: 0.4932, Accuracy: 78.84%, AUC: 0.78
New best model saved with validation metric: 25.1905
Epoch [67/100] - [TRAIN] Loss: 0.4793, Accuracy: 79.50%, AUC: 0.79 - [VAL] Loss: 0.4921, Accuracy: 78.88%, AUC: 0.78
New best model saved with validation metric: 25.1948
Epoch [68/100] - [TRAIN] Loss: 0.4795, Accuracy: 79.42%, AUC: 0.79 - [VAL] Loss: 0.4921, Accuracy: 78.89%, AUC: 0.78
Epoch [69/100] - [TRAIN] Loss: 0.4781, Accuracy: 79.47%, AUC: 0.79 - [VAL] Loss: 0.4922, Accuracy: 78.88%, AUC: 0.78
New best model saved with validation metric: 25.2035
Epoch [70/100] - [TRAIN] Loss: 0.4805, Accuracy: 79.51%, AUC: 0.79 - [VAL] Loss: 0.4919, Accuracy: 78.92%, AUC: 0.78
New best model saved with validation metric: 25.2078
Epoch [71/100] - [TRAIN] Loss: 0.4778, Accuracy: 79.40%, AUC: 0.79 - [VAL] Loss: 0.4921, Accuracy: 78.93%, AUC: 0.78
New best model saved with validation metric: 25.2121
Epoch [72/100] - [TRAIN] Loss: 0.4786, Accuracy: 79.65%, AUC: 0.79 - [VAL] Loss: 0.4920, Accuracy: 78.95%, AUC: 0.78
Epoch [73/100] - [TRAIN] Loss: 0.4763, Accuracy: 79.62%, AUC: 0.79 - [VAL] Loss: 0.4924, Accuracy: 78.88%, AUC: 0.78
Epoch [74/100] - [TRAIN] Loss: 0.4773, Accuracy: 79.67%, AUC: 0.79 - [VAL] Loss: 0.4923, Accuracy: 78.89%, AUC: 0.78
Epoch [75/100] - [TRAIN] Loss: 0.4777, Accuracy: 79.63%, AUC: 0.79 - [VAL] Loss: 0.4922, Accuracy: 78.93%, AUC: 0.78
Epoch [76/100] - [TRAIN] Loss: 0.4766, Accuracy: 79.51%, AUC: 0.79 - [VAL] Loss: 0.4926, Accuracy: 78.92%, AUC: 0.78
Epoch [77/100] - [TRAIN] Loss: 0.4763, Accuracy: 79.66%, AUC: 0.79 - [VAL] Loss: 0.4934, Accuracy: 78.83%, AUC: 0.78
Epoch [78/100] - [TRAIN] Loss: 0.4762, Accuracy: 79.73%, AUC: 0.79 - [VAL] Loss: 0.4922, Accuracy: 78.93%, AUC: 0.78
Epoch [79/100] - [TRAIN] Loss: 0.4757, Accuracy: 79.67%, AUC: 0.79 - [VAL] Loss: 0.4921, Accuracy: 78.95%, AUC: 0.78
New best model saved with validation metric: 25.2338
Epoch [80/100] - [TRAIN] Loss: 0.4741, Accuracy: 79.69%, AUC: 0.79 - [VAL] Loss: 0.4923, Accuracy: 79.02%, AUC: 0.78
Epoch [81/100] - [TRAIN] Loss: 0.4743, Accuracy: 79.70%, AUC: 0.79 - [VAL] Loss: 0.4927, Accuracy: 78.91%, AUC: 0.78
Epoch [82/100] - [TRAIN] Loss: 0.4740, Accuracy: 79.74%, AUC: 0.79 - [VAL] Loss: 0.4938, Accuracy: 78.84%, AUC: 0.78
Epoch [83/100] - [TRAIN] Loss: 0.4735, Accuracy: 79.66%, AUC: 0.79 - [VAL] Loss: 0.4938, Accuracy: 78.84%, AUC: 0.78
Epoch [84/100] - [TRAIN] Loss: 0.4732, Accuracy: 79.86%, AUC: 0.79 - [VAL] Loss: 0.4922, Accuracy: 78.99%, AUC: 0.78
Epoch [85/100] - [TRAIN] Loss: 0.4734, Accuracy: 79.77%, AUC: 0.79 - [VAL] Loss: 0.4923, Accuracy: 78.96%, AUC: 0.78
Epoch [86/100] - [TRAIN] Loss: 0.4724, Accuracy: 79.67%, AUC: 0.79 - [VAL] Loss: 0.4924, Accuracy: 79.00%, AUC: 0.78
New best model saved with validation metric: 25.2424
Epoch [87/100] - [TRAIN] Loss: 0.4728, Accuracy: 79.74%, AUC: 0.79 - [VAL] Loss: 0.4927, Accuracy: 79.04%, AUC: 0.79
Epoch [88/100] - [TRAIN] Loss: 0.4723, Accuracy: 79.89%, AUC: 0.79 - [VAL] Loss: 0.4931, Accuracy: 78.95%, AUC: 0.78
Epoch [89/100] - [TRAIN] Loss: 0.4719, Accuracy: 79.84%, AUC: 0.79 - [VAL] Loss: 0.4928, Accuracy: 79.03%, AUC: 0.78
Epoch [90/100] - [TRAIN] Loss: 0.4716, Accuracy: 79.81%, AUC: 0.79 - [VAL] Loss: 0.4931, Accuracy: 79.04%, AUC: 0.78
Epoch [91/100] - [TRAIN] Loss: 0.4712, Accuracy: 79.86%, AUC: 0.79 - [VAL] Loss: 0.4937, Accuracy: 78.98%, AUC: 0.78
Epoch [92/100] - [TRAIN] Loss: 0.4710, Accuracy: 79.89%, AUC: 0.79 - [VAL] Loss: 0.4932, Accuracy: 79.03%, AUC: 0.78
New best model saved with validation metric: 25.2511
Epoch [93/100] - [TRAIN] Loss: 0.4748, Accuracy: 79.88%, AUC: 0.79 - [VAL] Loss: 0.4953, Accuracy: 79.07%, AUC: 0.79
Epoch [94/100] - [TRAIN] Loss: 0.4703, Accuracy: 79.85%, AUC: 0.79 - [VAL] Loss: 0.4929, Accuracy: 79.06%, AUC: 0.78
Epoch [95/100] - [TRAIN] Loss: 0.4708, Accuracy: 79.77%, AUC: 0.79 - [VAL] Loss: 0.4950, Accuracy: 78.98%, AUC: 0.79
Epoch [96/100] - [TRAIN] Loss: 0.4703, Accuracy: 79.82%, AUC: 0.79 - [VAL] Loss: 0.4928, Accuracy: 79.00%, AUC: 0.78
Epoch [97/100] - [TRAIN] Loss: 0.4701, Accuracy: 79.92%, AUC: 0.79 - [VAL] Loss: 0.4951, Accuracy: 79.04%, AUC: 0.79
New best model saved with validation metric: 25.2641
Epoch [98/100] - [TRAIN] Loss: 0.4701, Accuracy: 79.89%, AUC: 0.79 - [VAL] Loss: 0.4932, Accuracy: 79.11%, AUC: 0.78
Epoch [99/100] - [TRAIN] Loss: 0.4686, Accuracy: 79.85%, AUC: 0.79 - [VAL] Loss: 0.4964, Accuracy: 78.79%, AUC: 0.78
New best model saved with validation metric: 25.2814
Epoch [100/100] - [TRAIN] Loss: 0.4693, Accuracy: 79.75%, AUC: 0.79 - [VAL] Loss: 0.4938, Accuracy: 79.16%, AUC: 0.79
Training finished!
Accuracy Score on test set: 79.49 %
AUC Score on test set: 0.79
Item: H3K27ac-H3K9me3-H3K9ac-H3K4me3-H3K27me3
Train set shape: (7399, 5, 4000) (7399,)
Validation set shape: (7377, 5, 4000) (7377,)
Test set shape: (7378, 5, 4000) (7378,)
New best model saved with validation metric: 19.4242
Epoch [1/100] - [TRAIN] Loss: 0.6656, Accuracy: 60.99%, AUC: 0.55 - [VAL] Loss: 0.6320, Accuracy: 60.82%, AUC: 0.50
Epoch [2/100] - [TRAIN] Loss: 0.6132, Accuracy: 60.82%, AUC: 0.50 - [VAL] Loss: 0.5925, Accuracy: 60.82%, AUC: 0.50
Epoch [3/100] - [TRAIN] Loss: 0.5809, Accuracy: 60.82%, AUC: 0.50 - [VAL] Loss: 0.5630, Accuracy: 60.82%, AUC: 0.50
New best model saved with validation metric: 24.9264
Epoch [4/100] - [TRAIN] Loss: 0.5572, Accuracy: 75.16%, AUC: 0.72 - [VAL] Loss: 0.5430, Accuracy: 78.05%, AUC: 0.77
Epoch [5/100] - [TRAIN] Loss: 0.5431, Accuracy: 78.06%, AUC: 0.77 - [VAL] Loss: 0.5331, Accuracy: 78.05%, AUC: 0.77
New best model saved with validation metric: 24.9437
Epoch [6/100] - [TRAIN] Loss: 0.5356, Accuracy: 78.24%, AUC: 0.77 - [VAL] Loss: 0.5271, Accuracy: 78.11%, AUC: 0.78
Epoch [7/100] - [TRAIN] Loss: 0.5297, Accuracy: 78.09%, AUC: 0.77 - [VAL] Loss: 0.5236, Accuracy: 77.96%, AUC: 0.78
Epoch [8/100] - [TRAIN] Loss: 0.5265, Accuracy: 78.16%, AUC: 0.78 - [VAL] Loss: 0.5213, Accuracy: 77.77%, AUC: 0.78
Epoch [9/100] - [TRAIN] Loss: 0.5237, Accuracy: 78.08%, AUC: 0.78 - [VAL] Loss: 0.5187, Accuracy: 77.73%, AUC: 0.78
Epoch [10/100] - [TRAIN] Loss: 0.5220, Accuracy: 78.11%, AUC: 0.78 - [VAL] Loss: 0.5170, Accuracy: 77.74%, AUC: 0.78
Epoch [11/100] - [TRAIN] Loss: 0.5196, Accuracy: 77.98%, AUC: 0.78 - [VAL] Loss: 0.5150, Accuracy: 77.84%, AUC: 0.78
Epoch [12/100] - [TRAIN] Loss: 0.5187, Accuracy: 78.09%, AUC: 0.78 - [VAL] Loss: 0.5137, Accuracy: 77.80%, AUC: 0.78
Epoch [13/100] - [TRAIN] Loss: 0.5167, Accuracy: 78.19%, AUC: 0.78 - [VAL] Loss: 0.5127, Accuracy: 77.77%, AUC: 0.78
Epoch [14/100] - [TRAIN] Loss: 0.5143, Accuracy: 78.12%, AUC: 0.78 - [VAL] Loss: 0.5113, Accuracy: 77.86%, AUC: 0.78
Epoch [15/100] - [TRAIN] Loss: 0.5142, Accuracy: 78.11%, AUC: 0.78 - [VAL] Loss: 0.5103, Accuracy: 77.96%, AUC: 0.78
Epoch [16/100] - [TRAIN] Loss: 0.5113, Accuracy: 78.25%, AUC: 0.78 - [VAL] Loss: 0.5098, Accuracy: 77.77%, AUC: 0.78
Epoch [17/100] - [TRAIN] Loss: 0.5100, Accuracy: 78.24%, AUC: 0.78 - [VAL] Loss: 0.5090, Accuracy: 77.90%, AUC: 0.78
Epoch [18/100] - [TRAIN] Loss: 0.5089, Accuracy: 78.28%, AUC: 0.78 - [VAL] Loss: 0.5078, Accuracy: 77.93%, AUC: 0.78
Epoch [19/100] - [TRAIN] Loss: 0.5089, Accuracy: 78.23%, AUC: 0.78 - [VAL] Loss: 0.5070, Accuracy: 78.03%, AUC: 0.78
Epoch [20/100] - [TRAIN] Loss: 0.5070, Accuracy: 78.29%, AUC: 0.78 - [VAL] Loss: 0.5068, Accuracy: 77.97%, AUC: 0.78
Epoch [21/100] - [TRAIN] Loss: 0.5076, Accuracy: 78.32%, AUC: 0.78 - [VAL] Loss: 0.5057, Accuracy: 78.11%, AUC: 0.78
New best model saved with validation metric: 24.9481
Epoch [22/100] - [TRAIN] Loss: 0.5077, Accuracy: 78.43%, AUC: 0.78 - [VAL] Loss: 0.5053, Accuracy: 78.12%, AUC: 0.78
Epoch [23/100] - [TRAIN] Loss: 0.5053, Accuracy: 78.39%, AUC: 0.78 - [VAL] Loss: 0.5047, Accuracy: 78.09%, AUC: 0.78
New best model saved with validation metric: 24.9827
Epoch [24/100] - [TRAIN] Loss: 0.5054, Accuracy: 78.54%, AUC: 0.78 - [VAL] Loss: 0.5040, Accuracy: 78.23%, AUC: 0.78
Epoch [25/100] - [TRAIN] Loss: 0.5039, Accuracy: 78.47%, AUC: 0.78 - [VAL] Loss: 0.5036, Accuracy: 78.23%, AUC: 0.78
Epoch [26/100] - [TRAIN] Loss: 0.5028, Accuracy: 78.50%, AUC: 0.78 - [VAL] Loss: 0.5035, Accuracy: 78.09%, AUC: 0.78
Epoch [27/100] - [TRAIN] Loss: 0.5017, Accuracy: 78.54%, AUC: 0.78 - [VAL] Loss: 0.5029, Accuracy: 78.15%, AUC: 0.78
Epoch [28/100] - [TRAIN] Loss: 0.5014, Accuracy: 78.61%, AUC: 0.78 - [VAL] Loss: 0.5032, Accuracy: 78.15%, AUC: 0.78
New best model saved with validation metric: 25.0260
Epoch [29/100] - [TRAIN] Loss: 0.5023, Accuracy: 78.56%, AUC: 0.78 - [VAL] Loss: 0.5016, Accuracy: 78.37%, AUC: 0.78
Epoch [30/100] - [TRAIN] Loss: 0.5015, Accuracy: 78.58%, AUC: 0.78 - [VAL] Loss: 0.5013, Accuracy: 78.34%, AUC: 0.78
Epoch [31/100] - [TRAIN] Loss: 0.4990, Accuracy: 78.66%, AUC: 0.78 - [VAL] Loss: 0.5015, Accuracy: 78.26%, AUC: 0.78
New best model saved with validation metric: 25.0693
Epoch [32/100] - [TRAIN] Loss: 0.4987, Accuracy: 78.56%, AUC: 0.78 - [VAL] Loss: 0.5003, Accuracy: 78.50%, AUC: 0.78
Epoch [33/100] - [TRAIN] Loss: 0.4990, Accuracy: 78.79%, AUC: 0.78 - [VAL] Loss: 0.4999, Accuracy: 78.38%, AUC: 0.78
Epoch [34/100] - [TRAIN] Loss: 0.4970, Accuracy: 78.78%, AUC: 0.78 - [VAL] Loss: 0.5004, Accuracy: 78.27%, AUC: 0.78
Epoch [35/100] - [TRAIN] Loss: 0.4968, Accuracy: 78.78%, AUC: 0.78 - [VAL] Loss: 0.4993, Accuracy: 78.37%, AUC: 0.78
Epoch [36/100] - [TRAIN] Loss: 0.4959, Accuracy: 78.71%, AUC: 0.78 - [VAL] Loss: 0.4988, Accuracy: 78.49%, AUC: 0.78
New best model saved with validation metric: 25.0996
Epoch [37/100] - [TRAIN] Loss: 0.4950, Accuracy: 78.79%, AUC: 0.78 - [VAL] Loss: 0.4983, Accuracy: 78.60%, AUC: 0.78
Epoch [38/100] - [TRAIN] Loss: 0.4969, Accuracy: 78.89%, AUC: 0.78 - [VAL] Loss: 0.4986, Accuracy: 78.35%, AUC: 0.78
Epoch [39/100] - [TRAIN] Loss: 0.4953, Accuracy: 78.78%, AUC: 0.78 - [VAL] Loss: 0.4978, Accuracy: 78.60%, AUC: 0.78
New best model saved with validation metric: 25.1126
Epoch [40/100] - [TRAIN] Loss: 0.4941, Accuracy: 78.93%, AUC: 0.78 - [VAL] Loss: 0.4976, Accuracy: 78.64%, AUC: 0.78
Epoch [41/100] - [TRAIN] Loss: 0.4948, Accuracy: 78.90%, AUC: 0.78 - [VAL] Loss: 0.4973, Accuracy: 78.61%, AUC: 0.78
Epoch [42/100] - [TRAIN] Loss: 0.4943, Accuracy: 78.98%, AUC: 0.78 - [VAL] Loss: 0.4972, Accuracy: 78.53%, AUC: 0.78
Epoch [43/100] - [TRAIN] Loss: 0.4922, Accuracy: 78.90%, AUC: 0.78 - [VAL] Loss: 0.4976, Accuracy: 78.35%, AUC: 0.78
New best model saved with validation metric: 25.1169
Epoch [44/100] - [TRAIN] Loss: 0.4923, Accuracy: 78.97%, AUC: 0.78 - [VAL] Loss: 0.4962, Accuracy: 78.65%, AUC: 0.78
Epoch [45/100] - [TRAIN] Loss: 0.4919, Accuracy: 79.02%, AUC: 0.78 - [VAL] Loss: 0.4960, Accuracy: 78.65%, AUC: 0.78
Epoch [46/100] - [TRAIN] Loss: 0.4914, Accuracy: 79.05%, AUC: 0.78 - [VAL] Loss: 0.4960, Accuracy: 78.62%, AUC: 0.78
New best model saved with validation metric: 25.1299
Epoch [47/100] - [TRAIN] Loss: 0.4906, Accuracy: 78.98%, AUC: 0.78 - [VAL] Loss: 0.4955, Accuracy: 78.69%, AUC: 0.78
Epoch [48/100] - [TRAIN] Loss: 0.4906, Accuracy: 79.08%, AUC: 0.78 - [VAL] Loss: 0.4953, Accuracy: 78.64%, AUC: 0.78
Epoch [49/100] - [TRAIN] Loss: 0.4898, Accuracy: 78.94%, AUC: 0.78 - [VAL] Loss: 0.4952, Accuracy: 78.68%, AUC: 0.78
New best model saved with validation metric: 25.1342
Epoch [50/100] - [TRAIN] Loss: 0.4900, Accuracy: 79.02%, AUC: 0.78 - [VAL] Loss: 0.4949, Accuracy: 78.70%, AUC: 0.78
Epoch [51/100] - [TRAIN] Loss: 0.4885, Accuracy: 79.15%, AUC: 0.78 - [VAL] Loss: 0.4945, Accuracy: 78.68%, AUC: 0.78
Epoch [52/100] - [TRAIN] Loss: 0.4886, Accuracy: 79.04%, AUC: 0.78 - [VAL] Loss: 0.4945, Accuracy: 78.68%, AUC: 0.78
Epoch [53/100] - [TRAIN] Loss: 0.4879, Accuracy: 79.04%, AUC: 0.78 - [VAL] Loss: 0.4946, Accuracy: 78.60%, AUC: 0.78
Epoch [54/100] - [TRAIN] Loss: 0.4870, Accuracy: 79.09%, AUC: 0.78 - [VAL] Loss: 0.4940, Accuracy: 78.68%, AUC: 0.78
Epoch [55/100] - [TRAIN] Loss: 0.4866, Accuracy: 79.01%, AUC: 0.78 - [VAL] Loss: 0.4939, Accuracy: 78.65%, AUC: 0.78
Epoch [56/100] - [TRAIN] Loss: 0.4863, Accuracy: 79.11%, AUC: 0.78 - [VAL] Loss: 0.4942, Accuracy: 78.58%, AUC: 0.78
Epoch [57/100] - [TRAIN] Loss: 0.4864, Accuracy: 79.01%, AUC: 0.78 - [VAL] Loss: 0.4943, Accuracy: 78.60%, AUC: 0.78
Epoch [58/100] - [TRAIN] Loss: 0.4858, Accuracy: 79.19%, AUC: 0.78 - [VAL] Loss: 0.4942, Accuracy: 78.57%, AUC: 0.78
Epoch [59/100] - [TRAIN] Loss: 0.4851, Accuracy: 79.06%, AUC: 0.78 - [VAL] Loss: 0.4934, Accuracy: 78.69%, AUC: 0.78
New best model saved with validation metric: 25.1515
Epoch [60/100] - [TRAIN] Loss: 0.4857, Accuracy: 79.11%, AUC: 0.78 - [VAL] Loss: 0.4931, Accuracy: 78.76%, AUC: 0.78
Epoch [61/100] - [TRAIN] Loss: 0.4850, Accuracy: 79.00%, AUC: 0.78 - [VAL] Loss: 0.4938, Accuracy: 78.58%, AUC: 0.78
Epoch [62/100] - [TRAIN] Loss: 0.4851, Accuracy: 79.16%, AUC: 0.78 - [VAL] Loss: 0.4936, Accuracy: 78.66%, AUC: 0.78
New best model saved with validation metric: 25.1645
Epoch [63/100] - [TRAIN] Loss: 0.4838, Accuracy: 79.12%, AUC: 0.78 - [VAL] Loss: 0.4928, Accuracy: 78.80%, AUC: 0.78
New best model saved with validation metric: 25.1732
Epoch [64/100] - [TRAIN] Loss: 0.4831, Accuracy: 79.05%, AUC: 0.78 - [VAL] Loss: 0.4927, Accuracy: 78.83%, AUC: 0.78
Epoch [65/100] - [TRAIN] Loss: 0.4848, Accuracy: 79.17%, AUC: 0.78 - [VAL] Loss: 0.4926, Accuracy: 78.83%, AUC: 0.78
Epoch [66/100] - [TRAIN] Loss: 0.4822, Accuracy: 79.13%, AUC: 0.78 - [VAL] Loss: 0.4927, Accuracy: 78.72%, AUC: 0.78
New best model saved with validation metric: 25.1991
Epoch [67/100] - [TRAIN] Loss: 0.4809, Accuracy: 79.11%, AUC: 0.78 - [VAL] Loss: 0.4924, Accuracy: 78.91%, AUC: 0.78
Epoch [68/100] - [TRAIN] Loss: 0.4812, Accuracy: 79.08%, AUC: 0.78 - [VAL] Loss: 0.4925, Accuracy: 78.80%, AUC: 0.78
Epoch [69/100] - [TRAIN] Loss: 0.4811, Accuracy: 79.28%, AUC: 0.79 - [VAL] Loss: 0.4923, Accuracy: 78.88%, AUC: 0.78
Epoch [70/100] - [TRAIN] Loss: 0.4813, Accuracy: 79.27%, AUC: 0.78 - [VAL] Loss: 0.4926, Accuracy: 78.76%, AUC: 0.78
Epoch [71/100] - [TRAIN] Loss: 0.4806, Accuracy: 79.38%, AUC: 0.79 - [VAL] Loss: 0.4947, Accuracy: 78.51%, AUC: 0.78
Epoch [72/100] - [TRAIN] Loss: 0.4799, Accuracy: 79.20%, AUC: 0.78 - [VAL] Loss: 0.4932, Accuracy: 78.69%, AUC: 0.78
Epoch [73/100] - [TRAIN] Loss: 0.4809, Accuracy: 79.23%, AUC: 0.78 - [VAL] Loss: 0.4921, Accuracy: 78.83%, AUC: 0.78
Epoch [74/100] - [TRAIN] Loss: 0.4783, Accuracy: 79.39%, AUC: 0.79 - [VAL] Loss: 0.4921, Accuracy: 78.87%, AUC: 0.78
Epoch [75/100] - [TRAIN] Loss: 0.4779, Accuracy: 79.25%, AUC: 0.78 - [VAL] Loss: 0.4933, Accuracy: 78.72%, AUC: 0.78
Epoch [76/100] - [TRAIN] Loss: 0.4780, Accuracy: 79.27%, AUC: 0.78 - [VAL] Loss: 0.4921, Accuracy: 78.85%, AUC: 0.78
Epoch [77/100] - [TRAIN] Loss: 0.4789, Accuracy: 79.52%, AUC: 0.79 - [VAL] Loss: 0.4923, Accuracy: 78.88%, AUC: 0.78
Epoch [78/100] - [TRAIN] Loss: 0.4796, Accuracy: 79.47%, AUC: 0.79 - [VAL] Loss: 0.4925, Accuracy: 78.83%, AUC: 0.78
Epoch [79/100] - [TRAIN] Loss: 0.4806, Accuracy: 79.40%, AUC: 0.79 - [VAL] Loss: 0.4927, Accuracy: 78.88%, AUC: 0.78
Epoch [80/100] - [TRAIN] Loss: 0.4776, Accuracy: 79.40%, AUC: 0.79 - [VAL] Loss: 0.4925, Accuracy: 78.81%, AUC: 0.78
Epoch [81/100] - [TRAIN] Loss: 0.4771, Accuracy: 79.47%, AUC: 0.79 - [VAL] Loss: 0.4939, Accuracy: 78.60%, AUC: 0.78
New best model saved with validation metric: 25.2554
Epoch [82/100] - [TRAIN] Loss: 0.4776, Accuracy: 79.55%, AUC: 0.79 - [VAL] Loss: 0.4921, Accuracy: 79.08%, AUC: 0.78
New best model saved with validation metric: 25.2597
Epoch [83/100] - [TRAIN] Loss: 0.4765, Accuracy: 79.51%, AUC: 0.79 - [VAL] Loss: 0.4921, Accuracy: 79.10%, AUC: 0.78
Epoch [84/100] - [TRAIN] Loss: 0.4763, Accuracy: 79.67%, AUC: 0.79 - [VAL] Loss: 0.4922, Accuracy: 78.99%, AUC: 0.78
Epoch [85/100] - [TRAIN] Loss: 0.4786, Accuracy: 79.51%, AUC: 0.79 - [VAL] Loss: 0.4944, Accuracy: 78.69%, AUC: 0.78
Epoch [86/100] - [TRAIN] Loss: 0.4755, Accuracy: 79.39%, AUC: 0.79 - [VAL] Loss: 0.4935, Accuracy: 78.70%, AUC: 0.78
Epoch [87/100] - [TRAIN] Loss: 0.4773, Accuracy: 79.51%, AUC: 0.79 - [VAL] Loss: 0.4923, Accuracy: 79.04%, AUC: 0.78
Epoch [88/100] - [TRAIN] Loss: 0.4767, Accuracy: 79.58%, AUC: 0.79 - [VAL] Loss: 0.4925, Accuracy: 79.03%, AUC: 0.78
Epoch [89/100] - [TRAIN] Loss: 0.4750, Accuracy: 79.63%, AUC: 0.79 - [VAL] Loss: 0.4924, Accuracy: 79.02%, AUC: 0.78
Epoch [90/100] - [TRAIN] Loss: 0.4735, Accuracy: 79.61%, AUC: 0.79 - [VAL] Loss: 0.4925, Accuracy: 78.88%, AUC: 0.78
Epoch [91/100] - [TRAIN] Loss: 0.4751, Accuracy: 79.62%, AUC: 0.79 - [VAL] Loss: 0.4945, Accuracy: 78.98%, AUC: 0.78
Epoch [92/100] - [TRAIN] Loss: 0.4765, Accuracy: 79.67%, AUC: 0.79 - [VAL] Loss: 0.4933, Accuracy: 78.81%, AUC: 0.78
Epoch [93/100] - [TRAIN] Loss: 0.4744, Accuracy: 79.61%, AUC: 0.79 - [VAL] Loss: 0.4934, Accuracy: 78.88%, AUC: 0.78
Epoch [94/100] - [TRAIN] Loss: 0.4738, Accuracy: 79.65%, AUC: 0.79 - [VAL] Loss: 0.4937, Accuracy: 79.02%, AUC: 0.78
Epoch [95/100] - [TRAIN] Loss: 0.4743, Accuracy: 79.63%, AUC: 0.79 - [VAL] Loss: 0.4926, Accuracy: 78.96%, AUC: 0.78
Epoch [96/100] - [TRAIN] Loss: 0.4728, Accuracy: 79.56%, AUC: 0.79 - [VAL] Loss: 0.4946, Accuracy: 78.83%, AUC: 0.78
Epoch [97/100] - [TRAIN] Loss: 0.4723, Accuracy: 79.78%, AUC: 0.79 - [VAL] Loss: 0.4927, Accuracy: 78.96%, AUC: 0.78
Epoch [98/100] - [TRAIN] Loss: 0.4733, Accuracy: 79.78%, AUC: 0.79 - [VAL] Loss: 0.4926, Accuracy: 78.95%, AUC: 0.78
Epoch [99/100] - [TRAIN] Loss: 0.4712, Accuracy: 79.84%, AUC: 0.79 - [VAL] Loss: 0.4926, Accuracy: 78.95%, AUC: 0.78
Epoch [100/100] - [TRAIN] Loss: 0.4715, Accuracy: 79.71%, AUC: 0.79 - [VAL] Loss: 0.4926, Accuracy: 78.96%, AUC: 0.78
Training finished!
Accuracy Score on test set: 79.37 %
AUC Score on test set: 0.79
Item: H3K27ac-H3K9me3-H3K9ac-H3K27me3-H3K4me3
Train set shape: (7399, 5, 4000) (7399,)
Validation set shape: (7377, 5, 4000) (7377,)
Test set shape: (7378, 5, 4000) (7378,)
New best model saved with validation metric: 19.4242
Epoch [1/100] - [TRAIN] Loss: 0.6457, Accuracy: 60.75%, AUC: 0.50 - [VAL] Loss: 0.6048, Accuracy: 60.82%, AUC: 0.50
Epoch [2/100] - [TRAIN] Loss: 0.5843, Accuracy: 60.82%, AUC: 0.50 - [VAL] Loss: 0.5645, Accuracy: 60.82%, AUC: 0.50
New best model saved with validation metric: 24.8052
Epoch [3/100] - [TRAIN] Loss: 0.5582, Accuracy: 68.83%, AUC: 0.62 - [VAL] Loss: 0.5453, Accuracy: 77.67%, AUC: 0.76
New best model saved with validation metric: 25.0130
Epoch [4/100] - [TRAIN] Loss: 0.5444, Accuracy: 77.93%, AUC: 0.76 - [VAL] Loss: 0.5354, Accuracy: 78.32%, AUC: 0.77
New best model saved with validation metric: 25.0433
Epoch [5/100] - [TRAIN] Loss: 0.5374, Accuracy: 78.44%, AUC: 0.77 - [VAL] Loss: 0.5293, Accuracy: 78.42%, AUC: 0.78
Epoch [6/100] - [TRAIN] Loss: 0.5312, Accuracy: 78.42%, AUC: 0.78 - [VAL] Loss: 0.5246, Accuracy: 78.15%, AUC: 0.78
Epoch [7/100] - [TRAIN] Loss: 0.5267, Accuracy: 78.31%, AUC: 0.78 - [VAL] Loss: 0.5205, Accuracy: 78.12%, AUC: 0.78
Epoch [8/100] - [TRAIN] Loss: 0.5211, Accuracy: 78.25%, AUC: 0.78 - [VAL] Loss: 0.5176, Accuracy: 78.00%, AUC: 0.78
Epoch [9/100] - [TRAIN] Loss: 0.5193, Accuracy: 78.27%, AUC: 0.78 - [VAL] Loss: 0.5153, Accuracy: 77.88%, AUC: 0.78
Epoch [10/100] - [TRAIN] Loss: 0.5155, Accuracy: 78.29%, AUC: 0.78 - [VAL] Loss: 0.5128, Accuracy: 77.94%, AUC: 0.78
Epoch [11/100] - [TRAIN] Loss: 0.5128, Accuracy: 78.29%, AUC: 0.78 - [VAL] Loss: 0.5114, Accuracy: 77.73%, AUC: 0.78
Epoch [12/100] - [TRAIN] Loss: 0.5120, Accuracy: 78.17%, AUC: 0.78 - [VAL] Loss: 0.5096, Accuracy: 77.85%, AUC: 0.78
Epoch [13/100] - [TRAIN] Loss: 0.5096, Accuracy: 78.17%, AUC: 0.78 - [VAL] Loss: 0.5084, Accuracy: 77.85%, AUC: 0.78
Epoch [14/100] - [TRAIN] Loss: 0.5078, Accuracy: 78.23%, AUC: 0.78 - [VAL] Loss: 0.5073, Accuracy: 77.88%, AUC: 0.78
Epoch [15/100] - [TRAIN] Loss: 0.5082, Accuracy: 78.27%, AUC: 0.78 - [VAL] Loss: 0.5065, Accuracy: 77.88%, AUC: 0.78
Epoch [16/100] - [TRAIN] Loss: 0.5061, Accuracy: 78.27%, AUC: 0.78 - [VAL] Loss: 0.5053, Accuracy: 78.16%, AUC: 0.78
Epoch [17/100] - [TRAIN] Loss: 0.5054, Accuracy: 78.28%, AUC: 0.78 - [VAL] Loss: 0.5053, Accuracy: 77.92%, AUC: 0.78
Epoch [18/100] - [TRAIN] Loss: 0.5045, Accuracy: 78.38%, AUC: 0.78 - [VAL] Loss: 0.5039, Accuracy: 78.28%, AUC: 0.78
Epoch [19/100] - [TRAIN] Loss: 0.5024, Accuracy: 78.51%, AUC: 0.78 - [VAL] Loss: 0.5035, Accuracy: 78.26%, AUC: 0.78
Epoch [20/100] - [TRAIN] Loss: 0.5023, Accuracy: 78.44%, AUC: 0.78 - [VAL] Loss: 0.5028, Accuracy: 78.31%, AUC: 0.78
Epoch [21/100] - [TRAIN] Loss: 0.5014, Accuracy: 78.51%, AUC: 0.78 - [VAL] Loss: 0.5023, Accuracy: 78.32%, AUC: 0.78
Epoch [22/100] - [TRAIN] Loss: 0.5007, Accuracy: 78.50%, AUC: 0.78 - [VAL] Loss: 0.5021, Accuracy: 78.26%, AUC: 0.78
New best model saved with validation metric: 25.0866
Epoch [23/100] - [TRAIN] Loss: 0.5005, Accuracy: 78.47%, AUC: 0.78 - [VAL] Loss: 0.5009, Accuracy: 78.55%, AUC: 0.78
Epoch [24/100] - [TRAIN] Loss: 0.4995, Accuracy: 78.69%, AUC: 0.78 - [VAL] Loss: 0.5006, Accuracy: 78.42%, AUC: 0.78
Epoch [25/100] - [TRAIN] Loss: 0.4986, Accuracy: 78.79%, AUC: 0.78 - [VAL] Loss: 0.5005, Accuracy: 78.35%, AUC: 0.78
Epoch [26/100] - [TRAIN] Loss: 0.4985, Accuracy: 78.79%, AUC: 0.78 - [VAL] Loss: 0.4998, Accuracy: 78.45%, AUC: 0.78
Epoch [27/100] - [TRAIN] Loss: 0.4979, Accuracy: 78.71%, AUC: 0.78 - [VAL] Loss: 0.4994, Accuracy: 78.47%, AUC: 0.78
Epoch [28/100] - [TRAIN] Loss: 0.4969, Accuracy: 78.77%, AUC: 0.78 - [VAL] Loss: 0.4990, Accuracy: 78.49%, AUC: 0.78
Epoch [29/100] - [TRAIN] Loss: 0.4988, Accuracy: 78.90%, AUC: 0.78 - [VAL] Loss: 0.4999, Accuracy: 78.32%, AUC: 0.78
Epoch [30/100] - [TRAIN] Loss: 0.4949, Accuracy: 78.92%, AUC: 0.78 - [VAL] Loss: 0.4983, Accuracy: 78.53%, AUC: 0.78
Epoch [31/100] - [TRAIN] Loss: 0.4950, Accuracy: 78.85%, AUC: 0.78 - [VAL] Loss: 0.4980, Accuracy: 78.54%, AUC: 0.78
New best model saved with validation metric: 25.1169
Epoch [32/100] - [TRAIN] Loss: 0.4944, Accuracy: 78.83%, AUC: 0.78 - [VAL] Loss: 0.4973, Accuracy: 78.65%, AUC: 0.78
New best model saved with validation metric: 25.1212
Epoch [33/100] - [TRAIN] Loss: 0.4936, Accuracy: 78.79%, AUC: 0.78 - [VAL] Loss: 0.4970, Accuracy: 78.66%, AUC: 0.78
Epoch [34/100] - [TRAIN] Loss: 0.4922, Accuracy: 78.92%, AUC: 0.78 - [VAL] Loss: 0.4974, Accuracy: 78.51%, AUC: 0.78
Epoch [35/100] - [TRAIN] Loss: 0.4929, Accuracy: 79.05%, AUC: 0.78 - [VAL] Loss: 0.4972, Accuracy: 78.47%, AUC: 0.78
Epoch [36/100] - [TRAIN] Loss: 0.4925, Accuracy: 78.94%, AUC: 0.78 - [VAL] Loss: 0.4964, Accuracy: 78.61%, AUC: 0.78
Epoch [37/100] - [TRAIN] Loss: 0.4918, Accuracy: 78.85%, AUC: 0.78 - [VAL] Loss: 0.4963, Accuracy: 78.60%, AUC: 0.78
Epoch [38/100] - [TRAIN] Loss: 0.4909, Accuracy: 78.92%, AUC: 0.78 - [VAL] Loss: 0.4963, Accuracy: 78.55%, AUC: 0.78
Epoch [39/100] - [TRAIN] Loss: 0.4923, Accuracy: 78.92%, AUC: 0.78 - [VAL] Loss: 0.4958, Accuracy: 78.53%, AUC: 0.78
Epoch [40/100] - [TRAIN] Loss: 0.4903, Accuracy: 78.97%, AUC: 0.78 - [VAL] Loss: 0.4952, Accuracy: 78.61%, AUC: 0.78
New best model saved with validation metric: 25.1732
Epoch [41/100] - [TRAIN] Loss: 0.4891, Accuracy: 78.93%, AUC: 0.78 - [VAL] Loss: 0.4946, Accuracy: 78.83%, AUC: 0.78
Epoch [42/100] - [TRAIN] Loss: 0.4901, Accuracy: 79.04%, AUC: 0.78 - [VAL] Loss: 0.4946, Accuracy: 78.72%, AUC: 0.78
Epoch [43/100] - [TRAIN] Loss: 0.4897, Accuracy: 79.04%, AUC: 0.78 - [VAL] Loss: 0.4942, Accuracy: 78.72%, AUC: 0.78
Epoch [44/100] - [TRAIN] Loss: 0.4884, Accuracy: 78.98%, AUC: 0.78 - [VAL] Loss: 0.4942, Accuracy: 78.74%, AUC: 0.78
Epoch [45/100] - [TRAIN] Loss: 0.4887, Accuracy: 79.02%, AUC: 0.78 - [VAL] Loss: 0.4942, Accuracy: 78.77%, AUC: 0.78
Epoch [46/100] - [TRAIN] Loss: 0.4864, Accuracy: 79.08%, AUC: 0.78 - [VAL] Loss: 0.4947, Accuracy: 78.54%, AUC: 0.78
Epoch [47/100] - [TRAIN] Loss: 0.4869, Accuracy: 79.04%, AUC: 0.78 - [VAL] Loss: 0.4939, Accuracy: 78.69%, AUC: 0.78
Epoch [48/100] - [TRAIN] Loss: 0.4866, Accuracy: 79.06%, AUC: 0.78 - [VAL] Loss: 0.4936, Accuracy: 78.81%, AUC: 0.78
Epoch [49/100] - [TRAIN] Loss: 0.4850, Accuracy: 79.19%, AUC: 0.78 - [VAL] Loss: 0.4934, Accuracy: 78.80%, AUC: 0.78
Epoch [50/100] - [TRAIN] Loss: 0.4849, Accuracy: 79.05%, AUC: 0.78 - [VAL] Loss: 0.4932, Accuracy: 78.79%, AUC: 0.78
Epoch [51/100] - [TRAIN] Loss: 0.4852, Accuracy: 79.09%, AUC: 0.78 - [VAL] Loss: 0.4931, Accuracy: 78.79%, AUC: 0.78
Epoch [52/100] - [TRAIN] Loss: 0.4839, Accuracy: 79.08%, AUC: 0.78 - [VAL] Loss: 0.4934, Accuracy: 78.81%, AUC: 0.78
New best model saved with validation metric: 25.1775
Epoch [53/100] - [TRAIN] Loss: 0.4838, Accuracy: 79.12%, AUC: 0.78 - [VAL] Loss: 0.4931, Accuracy: 78.84%, AUC: 0.78
Epoch [54/100] - [TRAIN] Loss: 0.4836, Accuracy: 79.21%, AUC: 0.78 - [VAL] Loss: 0.4928, Accuracy: 78.84%, AUC: 0.78
Epoch [55/100] - [TRAIN] Loss: 0.4837, Accuracy: 79.36%, AUC: 0.79 - [VAL] Loss: 0.4933, Accuracy: 78.77%, AUC: 0.78
Epoch [56/100] - [TRAIN] Loss: 0.4818, Accuracy: 79.13%, AUC: 0.78 - [VAL] Loss: 0.4927, Accuracy: 78.83%, AUC: 0.78
Epoch [57/100] - [TRAIN] Loss: 0.4837, Accuracy: 79.20%, AUC: 0.78 - [VAL] Loss: 0.4926, Accuracy: 78.83%, AUC: 0.78
New best model saved with validation metric: 25.1818
Epoch [58/100] - [TRAIN] Loss: 0.4829, Accuracy: 79.09%, AUC: 0.78 - [VAL] Loss: 0.4924, Accuracy: 78.85%, AUC: 0.78
Epoch [59/100] - [TRAIN] Loss: 0.4811, Accuracy: 79.32%, AUC: 0.78 - [VAL] Loss: 0.4943, Accuracy: 78.66%, AUC: 0.78
Epoch [60/100] - [TRAIN] Loss: 0.4816, Accuracy: 79.21%, AUC: 0.78 - [VAL] Loss: 0.4935, Accuracy: 78.72%, AUC: 0.78
Epoch [61/100] - [TRAIN] Loss: 0.4821, Accuracy: 79.31%, AUC: 0.79 - [VAL] Loss: 0.4935, Accuracy: 78.70%, AUC: 0.78
Epoch [62/100] - [TRAIN] Loss: 0.4823, Accuracy: 79.31%, AUC: 0.79 - [VAL] Loss: 0.4935, Accuracy: 78.73%, AUC: 0.78
Epoch [63/100] - [TRAIN] Loss: 0.4803, Accuracy: 79.28%, AUC: 0.78 - [VAL] Loss: 0.4929, Accuracy: 78.76%, AUC: 0.78
Epoch [64/100] - [TRAIN] Loss: 0.4797, Accuracy: 79.35%, AUC: 0.78 - [VAL] Loss: 0.4929, Accuracy: 78.79%, AUC: 0.78
Epoch [65/100] - [TRAIN] Loss: 0.4788, Accuracy: 79.34%, AUC: 0.78 - [VAL] Loss: 0.4922, Accuracy: 78.77%, AUC: 0.78
Epoch [66/100] - [TRAIN] Loss: 0.4805, Accuracy: 79.36%, AUC: 0.79 - [VAL] Loss: 0.4934, Accuracy: 78.72%, AUC: 0.78
Epoch [67/100] - [TRAIN] Loss: 0.4798, Accuracy: 79.38%, AUC: 0.79 - [VAL] Loss: 0.4927, Accuracy: 78.77%, AUC: 0.78
Epoch [68/100] - [TRAIN] Loss: 0.4788, Accuracy: 79.36%, AUC: 0.79 - [VAL] Loss: 0.4926, Accuracy: 78.77%, AUC: 0.78
Epoch [69/100] - [TRAIN] Loss: 0.4793, Accuracy: 79.40%, AUC: 0.79 - [VAL] Loss: 0.4922, Accuracy: 78.85%, AUC: 0.78
Epoch [70/100] - [TRAIN] Loss: 0.4772, Accuracy: 79.31%, AUC: 0.78 - [VAL] Loss: 0.4921, Accuracy: 78.85%, AUC: 0.78
Epoch [71/100] - [TRAIN] Loss: 0.4775, Accuracy: 79.55%, AUC: 0.79 - [VAL] Loss: 0.4927, Accuracy: 78.72%, AUC: 0.78
New best model saved with validation metric: 25.2208
Epoch [72/100] - [TRAIN] Loss: 0.4774, Accuracy: 79.50%, AUC: 0.79 - [VAL] Loss: 0.4919, Accuracy: 78.98%, AUC: 0.78
Epoch [73/100] - [TRAIN] Loss: 0.4764, Accuracy: 79.46%, AUC: 0.79 - [VAL] Loss: 0.4925, Accuracy: 78.73%, AUC: 0.78
Epoch [74/100] - [TRAIN] Loss: 0.4767, Accuracy: 79.54%, AUC: 0.79 - [VAL] Loss: 0.4930, Accuracy: 78.68%, AUC: 0.78
Epoch [75/100] - [TRAIN] Loss: 0.4770, Accuracy: 79.32%, AUC: 0.79 - [VAL] Loss: 0.4920, Accuracy: 78.93%, AUC: 0.78
Epoch [76/100] - [TRAIN] Loss: 0.4765, Accuracy: 79.46%, AUC: 0.79 - [VAL] Loss: 0.4926, Accuracy: 78.95%, AUC: 0.78
Epoch [77/100] - [TRAIN] Loss: 0.4762, Accuracy: 79.65%, AUC: 0.79 - [VAL] Loss: 0.4925, Accuracy: 78.88%, AUC: 0.78
New best model saved with validation metric: 25.2251
Epoch [78/100] - [TRAIN] Loss: 0.4772, Accuracy: 79.51%, AUC: 0.79 - [VAL] Loss: 0.4920, Accuracy: 78.99%, AUC: 0.78
Epoch [79/100] - [TRAIN] Loss: 0.4771, Accuracy: 79.51%, AUC: 0.79 - [VAL] Loss: 0.4919, Accuracy: 78.96%, AUC: 0.78
Epoch [80/100] - [TRAIN] Loss: 0.4756, Accuracy: 79.71%, AUC: 0.79 - [VAL] Loss: 0.4924, Accuracy: 78.98%, AUC: 0.78
New best model saved with validation metric: 25.2424
Epoch [81/100] - [TRAIN] Loss: 0.4747, Accuracy: 79.61%, AUC: 0.79 - [VAL] Loss: 0.4920, Accuracy: 79.04%, AUC: 0.78
New best model saved with validation metric: 25.2511
Epoch [82/100] - [TRAIN] Loss: 0.4734, Accuracy: 79.56%, AUC: 0.79 - [VAL] Loss: 0.4920, Accuracy: 79.07%, AUC: 0.78
Epoch [83/100] - [TRAIN] Loss: 0.4740, Accuracy: 79.63%, AUC: 0.79 - [VAL] Loss: 0.4922, Accuracy: 78.99%, AUC: 0.78
Epoch [84/100] - [TRAIN] Loss: 0.4726, Accuracy: 79.86%, AUC: 0.79 - [VAL] Loss: 0.4934, Accuracy: 78.84%, AUC: 0.78
Epoch [85/100] - [TRAIN] Loss: 0.4736, Accuracy: 79.66%, AUC: 0.79 - [VAL] Loss: 0.4936, Accuracy: 78.92%, AUC: 0.78
Epoch [86/100] - [TRAIN] Loss: 0.4732, Accuracy: 79.67%, AUC: 0.79 - [VAL] Loss: 0.4933, Accuracy: 78.88%, AUC: 0.78
Epoch [87/100] - [TRAIN] Loss: 0.4728, Accuracy: 79.67%, AUC: 0.79 - [VAL] Loss: 0.4921, Accuracy: 79.06%, AUC: 0.78
Epoch [88/100] - [TRAIN] Loss: 0.4725, Accuracy: 79.67%, AUC: 0.79 - [VAL] Loss: 0.4923, Accuracy: 79.00%, AUC: 0.78
Epoch [89/100] - [TRAIN] Loss: 0.4719, Accuracy: 79.84%, AUC: 0.79 - [VAL] Loss: 0.4926, Accuracy: 79.03%, AUC: 0.78
Epoch [90/100] - [TRAIN] Loss: 0.4723, Accuracy: 79.75%, AUC: 0.79 - [VAL] Loss: 0.4923, Accuracy: 79.07%, AUC: 0.78
Epoch [91/100] - [TRAIN] Loss: 0.4722, Accuracy: 79.82%, AUC: 0.79 - [VAL] Loss: 0.4930, Accuracy: 79.06%, AUC: 0.78
Epoch [92/100] - [TRAIN] Loss: 0.4721, Accuracy: 79.69%, AUC: 0.79 - [VAL] Loss: 0.4933, Accuracy: 79.06%, AUC: 0.78
New best model saved with validation metric: 25.2684
Epoch [93/100] - [TRAIN] Loss: 0.4725, Accuracy: 79.75%, AUC: 0.79 - [VAL] Loss: 0.4925, Accuracy: 79.12%, AUC: 0.78
Epoch [94/100] - [TRAIN] Loss: 0.4704, Accuracy: 79.84%, AUC: 0.79 - [VAL] Loss: 0.4927, Accuracy: 79.00%, AUC: 0.78
Epoch [95/100] - [TRAIN] Loss: 0.4699, Accuracy: 79.84%, AUC: 0.79 - [VAL] Loss: 0.4926, Accuracy: 79.11%, AUC: 0.78
Epoch [96/100] - [TRAIN] Loss: 0.4704, Accuracy: 79.82%, AUC: 0.79 - [VAL] Loss: 0.4923, Accuracy: 79.11%, AUC: 0.78
Epoch [97/100] - [TRAIN] Loss: 0.4714, Accuracy: 79.94%, AUC: 0.79 - [VAL] Loss: 0.4925, Accuracy: 79.11%, AUC: 0.78
Epoch [98/100] - [TRAIN] Loss: 0.4696, Accuracy: 79.97%, AUC: 0.79 - [VAL] Loss: 0.4944, Accuracy: 79.03%, AUC: 0.79
Epoch [99/100] - [TRAIN] Loss: 0.4687, Accuracy: 79.93%, AUC: 0.79 - [VAL] Loss: 0.4937, Accuracy: 79.07%, AUC: 0.79
Epoch [100/100] - [TRAIN] Loss: 0.4690, Accuracy: 79.89%, AUC: 0.79 - [VAL] Loss: 0.4930, Accuracy: 79.10%, AUC: 0.79
Training finished!
Accuracy Score on test set: 79.34 %
AUC Score on test set: 0.79
Item: H3K27ac-H3K9me3-H3K27me3-H3K4me3-H3K9ac
Train set shape: (7399, 5, 4000) (7399,)
Validation set shape: (7377, 5, 4000) (7377,)
Test set shape: (7378, 5, 4000) (7378,)
New best model saved with validation metric: 19.4242
Epoch [1/100] - [TRAIN] Loss: 0.6714, Accuracy: 59.85%, AUC: 0.52 - [VAL] Loss: 0.6439, Accuracy: 60.82%, AUC: 0.50
Epoch [2/100] - [TRAIN] Loss: 0.6252, Accuracy: 60.82%, AUC: 0.50 - [VAL] Loss: 0.6039, Accuracy: 60.82%, AUC: 0.50
Epoch [3/100] - [TRAIN] Loss: 0.5911, Accuracy: 60.82%, AUC: 0.50 - [VAL] Loss: 0.5737, Accuracy: 60.82%, AUC: 0.50
New best model saved with validation metric: 24.9177
Epoch [4/100] - [TRAIN] Loss: 0.5653, Accuracy: 64.87%, AUC: 0.56 - [VAL] Loss: 0.5511, Accuracy: 78.03%, AUC: 0.76
New best model saved with validation metric: 25.0736
Epoch [5/100] - [TRAIN] Loss: 0.5475, Accuracy: 78.32%, AUC: 0.77 - [VAL] Loss: 0.5365, Accuracy: 78.51%, AUC: 0.78
Epoch [6/100] - [TRAIN] Loss: 0.5374, Accuracy: 78.52%, AUC: 0.77 - [VAL] Loss: 0.5293, Accuracy: 78.31%, AUC: 0.78
Epoch [7/100] - [TRAIN] Loss: 0.5308, Accuracy: 78.42%, AUC: 0.78 - [VAL] Loss: 0.5241, Accuracy: 78.16%, AUC: 0.78
Epoch [8/100] - [TRAIN] Loss: 0.5262, Accuracy: 78.36%, AUC: 0.78 - [VAL] Loss: 0.5208, Accuracy: 78.12%, AUC: 0.78
Epoch [9/100] - [TRAIN] Loss: 0.5228, Accuracy: 78.28%, AUC: 0.78 - [VAL] Loss: 0.5179, Accuracy: 78.04%, AUC: 0.78
Epoch [10/100] - [TRAIN] Loss: 0.5200, Accuracy: 78.17%, AUC: 0.78 - [VAL] Loss: 0.5156, Accuracy: 77.96%, AUC: 0.78
Epoch [11/100] - [TRAIN] Loss: 0.5191, Accuracy: 78.29%, AUC: 0.78 - [VAL] Loss: 0.5143, Accuracy: 77.88%, AUC: 0.78
Epoch [12/100] - [TRAIN] Loss: 0.5152, Accuracy: 78.13%, AUC: 0.78 - [VAL] Loss: 0.5121, Accuracy: 78.00%, AUC: 0.78
Epoch [13/100] - [TRAIN] Loss: 0.5143, Accuracy: 78.28%, AUC: 0.78 - [VAL] Loss: 0.5112, Accuracy: 77.76%, AUC: 0.78
Epoch [14/100] - [TRAIN] Loss: 0.5132, Accuracy: 78.25%, AUC: 0.78 - [VAL] Loss: 0.5104, Accuracy: 77.51%, AUC: 0.78
Epoch [15/100] - [TRAIN] Loss: 0.5113, Accuracy: 78.25%, AUC: 0.78 - [VAL] Loss: 0.5087, Accuracy: 77.86%, AUC: 0.78
Epoch [16/100] - [TRAIN] Loss: 0.5104, Accuracy: 78.20%, AUC: 0.78 - [VAL] Loss: 0.5077, Accuracy: 77.92%, AUC: 0.78
Epoch [17/100] - [TRAIN] Loss: 0.5078, Accuracy: 78.20%, AUC: 0.78 - [VAL] Loss: 0.5066, Accuracy: 78.03%, AUC: 0.78
Epoch [18/100] - [TRAIN] Loss: 0.5072, Accuracy: 78.25%, AUC: 0.78 - [VAL] Loss: 0.5060, Accuracy: 77.94%, AUC: 0.78
Epoch [19/100] - [TRAIN] Loss: 0.5057, Accuracy: 78.29%, AUC: 0.78 - [VAL] Loss: 0.5050, Accuracy: 78.28%, AUC: 0.78
Epoch [20/100] - [TRAIN] Loss: 0.5049, Accuracy: 78.39%, AUC: 0.78 - [VAL] Loss: 0.5044, Accuracy: 78.26%, AUC: 0.78
Epoch [21/100] - [TRAIN] Loss: 0.5043, Accuracy: 78.40%, AUC: 0.78 - [VAL] Loss: 0.5041, Accuracy: 78.07%, AUC: 0.78
Epoch [22/100] - [TRAIN] Loss: 0.5034, Accuracy: 78.40%, AUC: 0.78 - [VAL] Loss: 0.5034, Accuracy: 78.28%, AUC: 0.78
Epoch [23/100] - [TRAIN] Loss: 0.5031, Accuracy: 78.55%, AUC: 0.78 - [VAL] Loss: 0.5027, Accuracy: 78.43%, AUC: 0.78
Epoch [24/100] - [TRAIN] Loss: 0.5040, Accuracy: 78.47%, AUC: 0.78 - [VAL] Loss: 0.5022, Accuracy: 78.45%, AUC: 0.78
Epoch [25/100] - [TRAIN] Loss: 0.5014, Accuracy: 78.62%, AUC: 0.78 - [VAL] Loss: 0.5023, Accuracy: 78.20%, AUC: 0.78
Epoch [26/100] - [TRAIN] Loss: 0.5007, Accuracy: 78.62%, AUC: 0.78 - [VAL] Loss: 0.5015, Accuracy: 78.38%, AUC: 0.78
Epoch [27/100] - [TRAIN] Loss: 0.4999, Accuracy: 78.70%, AUC: 0.78 - [VAL] Loss: 0.5013, Accuracy: 78.31%, AUC: 0.78
Epoch [28/100] - [TRAIN] Loss: 0.5007, Accuracy: 78.66%, AUC: 0.78 - [VAL] Loss: 0.5006, Accuracy: 78.45%, AUC: 0.78
Epoch [29/100] - [TRAIN] Loss: 0.4984, Accuracy: 78.74%, AUC: 0.78 - [VAL] Loss: 0.5006, Accuracy: 78.37%, AUC: 0.78
Epoch [30/100] - [TRAIN] Loss: 0.5001, Accuracy: 78.79%, AUC: 0.78 - [VAL] Loss: 0.4998, Accuracy: 78.45%, AUC: 0.78
Epoch [31/100] - [TRAIN] Loss: 0.4978, Accuracy: 78.88%, AUC: 0.78 - [VAL] Loss: 0.4994, Accuracy: 78.50%, AUC: 0.78
New best model saved with validation metric: 25.0823
Epoch [32/100] - [TRAIN] Loss: 0.4979, Accuracy: 78.74%, AUC: 0.78 - [VAL] Loss: 0.4991, Accuracy: 78.54%, AUC: 0.78
Epoch [33/100] - [TRAIN] Loss: 0.4981, Accuracy: 78.78%, AUC: 0.78 - [VAL] Loss: 0.4990, Accuracy: 78.47%, AUC: 0.78
Epoch [34/100] - [TRAIN] Loss: 0.4957, Accuracy: 78.85%, AUC: 0.78 - [VAL] Loss: 0.4983, Accuracy: 78.50%, AUC: 0.78
New best model saved with validation metric: 25.1645
Epoch [35/100] - [TRAIN] Loss: 0.4981, Accuracy: 78.86%, AUC: 0.78 - [VAL] Loss: 0.4979, Accuracy: 78.80%, AUC: 0.78
Epoch [36/100] - [TRAIN] Loss: 0.4958, Accuracy: 78.85%, AUC: 0.78 - [VAL] Loss: 0.4984, Accuracy: 78.41%, AUC: 0.78
Epoch [37/100] - [TRAIN] Loss: 0.4964, Accuracy: 78.89%, AUC: 0.78 - [VAL] Loss: 0.4976, Accuracy: 78.61%, AUC: 0.78
Epoch [38/100] - [TRAIN] Loss: 0.4952, Accuracy: 78.88%, AUC: 0.78 - [VAL] Loss: 0.4973, Accuracy: 78.65%, AUC: 0.78
Epoch [39/100] - [TRAIN] Loss: 0.4939, Accuracy: 78.88%, AUC: 0.78 - [VAL] Loss: 0.4974, Accuracy: 78.53%, AUC: 0.78
Epoch [40/100] - [TRAIN] Loss: 0.4943, Accuracy: 78.89%, AUC: 0.78 - [VAL] Loss: 0.4965, Accuracy: 78.74%, AUC: 0.78
Epoch [41/100] - [TRAIN] Loss: 0.4942, Accuracy: 78.89%, AUC: 0.78 - [VAL] Loss: 0.4966, Accuracy: 78.66%, AUC: 0.78
New best model saved with validation metric: 25.1732
Epoch [42/100] - [TRAIN] Loss: 0.4922, Accuracy: 78.93%, AUC: 0.78 - [VAL] Loss: 0.4959, Accuracy: 78.83%, AUC: 0.78
Epoch [43/100] - [TRAIN] Loss: 0.4926, Accuracy: 79.09%, AUC: 0.78 - [VAL] Loss: 0.4960, Accuracy: 78.66%, AUC: 0.78
Epoch [44/100] - [TRAIN] Loss: 0.4928, Accuracy: 78.98%, AUC: 0.78 - [VAL] Loss: 0.4954, Accuracy: 78.79%, AUC: 0.78
Epoch [45/100] - [TRAIN] Loss: 0.4912, Accuracy: 79.02%, AUC: 0.78 - [VAL] Loss: 0.4954, Accuracy: 78.77%, AUC: 0.78
Epoch [46/100] - [TRAIN] Loss: 0.4921, Accuracy: 78.88%, AUC: 0.78 - [VAL] Loss: 0.4951, Accuracy: 78.77%, AUC: 0.78
Epoch [47/100] - [TRAIN] Loss: 0.4906, Accuracy: 78.93%, AUC: 0.78 - [VAL] Loss: 0.4955, Accuracy: 78.69%, AUC: 0.78
Epoch [48/100] - [TRAIN] Loss: 0.4901, Accuracy: 78.94%, AUC: 0.78 - [VAL] Loss: 0.4951, Accuracy: 78.73%, AUC: 0.78
Epoch [49/100] - [TRAIN] Loss: 0.4899, Accuracy: 79.06%, AUC: 0.78 - [VAL] Loss: 0.4948, Accuracy: 78.83%, AUC: 0.78
Epoch [50/100] - [TRAIN] Loss: 0.4888, Accuracy: 78.96%, AUC: 0.78 - [VAL] Loss: 0.4948, Accuracy: 78.79%, AUC: 0.78
Epoch [51/100] - [TRAIN] Loss: 0.4886, Accuracy: 79.00%, AUC: 0.78 - [VAL] Loss: 0.4944, Accuracy: 78.77%, AUC: 0.78
Epoch [52/100] - [TRAIN] Loss: 0.4889, Accuracy: 79.08%, AUC: 0.78 - [VAL] Loss: 0.4942, Accuracy: 78.80%, AUC: 0.78
New best model saved with validation metric: 25.1948
Epoch [53/100] - [TRAIN] Loss: 0.4879, Accuracy: 79.01%, AUC: 0.78 - [VAL] Loss: 0.4936, Accuracy: 78.89%, AUC: 0.78
Epoch [54/100] - [TRAIN] Loss: 0.4873, Accuracy: 79.23%, AUC: 0.78 - [VAL] Loss: 0.4936, Accuracy: 78.73%, AUC: 0.78
Epoch [55/100] - [TRAIN] Loss: 0.4880, Accuracy: 79.02%, AUC: 0.78 - [VAL] Loss: 0.4933, Accuracy: 78.88%, AUC: 0.78
Epoch [56/100] - [TRAIN] Loss: 0.4879, Accuracy: 79.05%, AUC: 0.78 - [VAL] Loss: 0.4935, Accuracy: 78.76%, AUC: 0.78
Epoch [57/100] - [TRAIN] Loss: 0.4867, Accuracy: 79.20%, AUC: 0.78 - [VAL] Loss: 0.4938, Accuracy: 78.74%, AUC: 0.78
Epoch [58/100] - [TRAIN] Loss: 0.4878, Accuracy: 79.06%, AUC: 0.78 - [VAL] Loss: 0.4930, Accuracy: 78.85%, AUC: 0.78
Epoch [59/100] - [TRAIN] Loss: 0.4859, Accuracy: 78.94%, AUC: 0.78 - [VAL] Loss: 0.4945, Accuracy: 78.72%, AUC: 0.78
Epoch [60/100] - [TRAIN] Loss: 0.4868, Accuracy: 79.11%, AUC: 0.78 - [VAL] Loss: 0.4931, Accuracy: 78.73%, AUC: 0.78
Epoch [61/100] - [TRAIN] Loss: 0.4854, Accuracy: 79.15%, AUC: 0.78 - [VAL] Loss: 0.4926, Accuracy: 78.83%, AUC: 0.78
Epoch [62/100] - [TRAIN] Loss: 0.4851, Accuracy: 79.21%, AUC: 0.78 - [VAL] Loss: 0.4924, Accuracy: 78.88%, AUC: 0.78
Epoch [63/100] - [TRAIN] Loss: 0.4848, Accuracy: 79.11%, AUC: 0.78 - [VAL] Loss: 0.4932, Accuracy: 78.70%, AUC: 0.78
Epoch [64/100] - [TRAIN] Loss: 0.4838, Accuracy: 79.16%, AUC: 0.78 - [VAL] Loss: 0.4949, Accuracy: 78.66%, AUC: 0.78
Epoch [65/100] - [TRAIN] Loss: 0.4839, Accuracy: 79.08%, AUC: 0.78 - [VAL] Loss: 0.4924, Accuracy: 78.85%, AUC: 0.78
New best model saved with validation metric: 25.2035
Epoch [66/100] - [TRAIN] Loss: 0.4827, Accuracy: 79.23%, AUC: 0.78 - [VAL] Loss: 0.4921, Accuracy: 78.92%, AUC: 0.78
Epoch [67/100] - [TRAIN] Loss: 0.4833, Accuracy: 79.19%, AUC: 0.78 - [VAL] Loss: 0.4921, Accuracy: 78.89%, AUC: 0.78
Epoch [68/100] - [TRAIN] Loss: 0.4824, Accuracy: 79.43%, AUC: 0.79 - [VAL] Loss: 0.4942, Accuracy: 78.66%, AUC: 0.78
Epoch [69/100] - [TRAIN] Loss: 0.4828, Accuracy: 79.09%, AUC: 0.78 - [VAL] Loss: 0.4919, Accuracy: 78.92%, AUC: 0.78
Epoch [70/100] - [TRAIN] Loss: 0.4821, Accuracy: 79.27%, AUC: 0.78 - [VAL] Loss: 0.4918, Accuracy: 78.89%, AUC: 0.78
Epoch [71/100] - [TRAIN] Loss: 0.4839, Accuracy: 79.23%, AUC: 0.78 - [VAL] Loss: 0.4922, Accuracy: 78.88%, AUC: 0.78
Epoch [72/100] - [TRAIN] Loss: 0.4815, Accuracy: 79.27%, AUC: 0.78 - [VAL] Loss: 0.4917, Accuracy: 78.88%, AUC: 0.78
Epoch [73/100] - [TRAIN] Loss: 0.4829, Accuracy: 79.31%, AUC: 0.78 - [VAL] Loss: 0.4917, Accuracy: 78.87%, AUC: 0.78
Epoch [74/100] - [TRAIN] Loss: 0.4824, Accuracy: 79.21%, AUC: 0.78 - [VAL] Loss: 0.4919, Accuracy: 78.91%, AUC: 0.78
Epoch [75/100] - [TRAIN] Loss: 0.4814, Accuracy: 79.31%, AUC: 0.79 - [VAL] Loss: 0.4917, Accuracy: 78.89%, AUC: 0.78
Epoch [76/100] - [TRAIN] Loss: 0.4799, Accuracy: 79.43%, AUC: 0.79 - [VAL] Loss: 0.4919, Accuracy: 78.89%, AUC: 0.78
Epoch [77/100] - [TRAIN] Loss: 0.4812, Accuracy: 79.39%, AUC: 0.79 - [VAL] Loss: 0.4919, Accuracy: 78.89%, AUC: 0.78
Epoch [78/100] - [TRAIN] Loss: 0.4798, Accuracy: 79.50%, AUC: 0.79 - [VAL] Loss: 0.4918, Accuracy: 78.92%, AUC: 0.78
New best model saved with validation metric: 25.2121
Epoch [79/100] - [TRAIN] Loss: 0.4793, Accuracy: 79.35%, AUC: 0.79 - [VAL] Loss: 0.4915, Accuracy: 78.95%, AUC: 0.78
Epoch [80/100] - [TRAIN] Loss: 0.4797, Accuracy: 79.44%, AUC: 0.79 - [VAL] Loss: 0.4914, Accuracy: 78.95%, AUC: 0.78
Epoch [81/100] - [TRAIN] Loss: 0.4814, Accuracy: 79.39%, AUC: 0.79 - [VAL] Loss: 0.4919, Accuracy: 78.88%, AUC: 0.78
New best model saved with validation metric: 25.2727
Epoch [82/100] - [TRAIN] Loss: 0.4789, Accuracy: 79.52%, AUC: 0.79 - [VAL] Loss: 0.4917, Accuracy: 79.14%, AUC: 0.78
Epoch [83/100] - [TRAIN] Loss: 0.4809, Accuracy: 79.43%, AUC: 0.79 - [VAL] Loss: 0.4922, Accuracy: 78.88%, AUC: 0.78
Epoch [84/100] - [TRAIN] Loss: 0.4778, Accuracy: 79.58%, AUC: 0.79 - [VAL] Loss: 0.4917, Accuracy: 78.89%, AUC: 0.78
Epoch [85/100] - [TRAIN] Loss: 0.4778, Accuracy: 79.58%, AUC: 0.79 - [VAL] Loss: 0.4914, Accuracy: 78.93%, AUC: 0.78
Epoch [86/100] - [TRAIN] Loss: 0.4779, Accuracy: 79.56%, AUC: 0.79 - [VAL] Loss: 0.4916, Accuracy: 78.98%, AUC: 0.78
Epoch [87/100] - [TRAIN] Loss: 0.4787, Accuracy: 79.40%, AUC: 0.79 - [VAL] Loss: 0.4918, Accuracy: 78.92%, AUC: 0.78
Epoch [88/100] - [TRAIN] Loss: 0.4766, Accuracy: 79.62%, AUC: 0.79 - [VAL] Loss: 0.4914, Accuracy: 78.99%, AUC: 0.78
Epoch [89/100] - [TRAIN] Loss: 0.4762, Accuracy: 79.54%, AUC: 0.79 - [VAL] Loss: 0.4919, Accuracy: 78.93%, AUC: 0.78
Epoch [90/100] - [TRAIN] Loss: 0.4772, Accuracy: 79.59%, AUC: 0.79 - [VAL] Loss: 0.4934, Accuracy: 78.66%, AUC: 0.78
Epoch [91/100] - [TRAIN] Loss: 0.4756, Accuracy: 79.55%, AUC: 0.79 - [VAL] Loss: 0.4918, Accuracy: 78.95%, AUC: 0.78
Epoch [92/100] - [TRAIN] Loss: 0.4764, Accuracy: 79.55%, AUC: 0.79 - [VAL] Loss: 0.4915, Accuracy: 79.14%, AUC: 0.78
Epoch [93/100] - [TRAIN] Loss: 0.4766, Accuracy: 79.69%, AUC: 0.79 - [VAL] Loss: 0.4939, Accuracy: 78.69%, AUC: 0.78
Epoch [94/100] - [TRAIN] Loss: 0.4736, Accuracy: 79.62%, AUC: 0.79 - [VAL] Loss: 0.4917, Accuracy: 78.99%, AUC: 0.78
Epoch [95/100] - [TRAIN] Loss: 0.4763, Accuracy: 79.55%, AUC: 0.79 - [VAL] Loss: 0.4924, Accuracy: 78.91%, AUC: 0.78
Epoch [96/100] - [TRAIN] Loss: 0.4745, Accuracy: 79.58%, AUC: 0.79 - [VAL] Loss: 0.4919, Accuracy: 79.07%, AUC: 0.79
Epoch [97/100] - [TRAIN] Loss: 0.4747, Accuracy: 79.67%, AUC: 0.79 - [VAL] Loss: 0.4918, Accuracy: 78.98%, AUC: 0.78
Epoch [98/100] - [TRAIN] Loss: 0.4731, Accuracy: 79.75%, AUC: 0.79 - [VAL] Loss: 0.4922, Accuracy: 78.99%, AUC: 0.78
Epoch [99/100] - [TRAIN] Loss: 0.4743, Accuracy: 79.63%, AUC: 0.79 - [VAL] Loss: 0.4919, Accuracy: 79.07%, AUC: 0.79
Epoch [100/100] - [TRAIN] Loss: 0.4746, Accuracy: 79.73%, AUC: 0.79 - [VAL] Loss: 0.4934, Accuracy: 78.76%, AUC: 0.78
Training finished!
Accuracy Score on test set: 79.34 %
AUC Score on test set: 0.79
Item: H3K27ac-H3K9me3-H3K27me3-H3K9ac-H3K4me3
Train set shape: (7399, 5, 4000) (7399,)
Validation set shape: (7377, 5, 4000) (7377,)
Test set shape: (7378, 5, 4000) (7378,)
New best model saved with validation metric: 19.4242
Epoch [1/100] - [TRAIN] Loss: 0.6594, Accuracy: 60.52%, AUC: 0.50 - [VAL] Loss: 0.6273, Accuracy: 60.82%, AUC: 0.50
Epoch [2/100] - [TRAIN] Loss: 0.6076, Accuracy: 60.82%, AUC: 0.50 - [VAL] Loss: 0.5853, Accuracy: 60.82%, AUC: 0.50
Epoch [3/100] - [TRAIN] Loss: 0.5745, Accuracy: 61.02%, AUC: 0.50 - [VAL] Loss: 0.5583, Accuracy: 60.82%, AUC: 0.50
New best model saved with validation metric: 24.9567
Epoch [4/100] - [TRAIN] Loss: 0.5520, Accuracy: 75.59%, AUC: 0.73 - [VAL] Loss: 0.5401, Accuracy: 78.15%, AUC: 0.77
Epoch [5/100] - [TRAIN] Loss: 0.5398, Accuracy: 78.25%, AUC: 0.77 - [VAL] Loss: 0.5306, Accuracy: 78.15%, AUC: 0.77
Epoch [6/100] - [TRAIN] Loss: 0.5327, Accuracy: 78.24%, AUC: 0.77 - [VAL] Loss: 0.5250, Accuracy: 78.01%, AUC: 0.78
Epoch [7/100] - [TRAIN] Loss: 0.5266, Accuracy: 78.05%, AUC: 0.77 - [VAL] Loss: 0.5206, Accuracy: 78.01%, AUC: 0.78
Epoch [8/100] - [TRAIN] Loss: 0.5235, Accuracy: 78.12%, AUC: 0.78 - [VAL] Loss: 0.5175, Accuracy: 77.86%, AUC: 0.78
Epoch [9/100] - [TRAIN] Loss: 0.5203, Accuracy: 78.05%, AUC: 0.78 - [VAL] Loss: 0.5153, Accuracy: 77.73%, AUC: 0.78
Epoch [10/100] - [TRAIN] Loss: 0.5166, Accuracy: 78.09%, AUC: 0.78 - [VAL] Loss: 0.5127, Accuracy: 77.89%, AUC: 0.78
Epoch [11/100] - [TRAIN] Loss: 0.5151, Accuracy: 78.19%, AUC: 0.78 - [VAL] Loss: 0.5113, Accuracy: 77.80%, AUC: 0.78
Epoch [12/100] - [TRAIN] Loss: 0.5124, Accuracy: 78.16%, AUC: 0.78 - [VAL] Loss: 0.5095, Accuracy: 77.92%, AUC: 0.78
Epoch [13/100] - [TRAIN] Loss: 0.5099, Accuracy: 78.27%, AUC: 0.78 - [VAL] Loss: 0.5084, Accuracy: 77.99%, AUC: 0.78
Epoch [14/100] - [TRAIN] Loss: 0.5094, Accuracy: 78.27%, AUC: 0.78 - [VAL] Loss: 0.5076, Accuracy: 77.86%, AUC: 0.78
Epoch [15/100] - [TRAIN] Loss: 0.5084, Accuracy: 78.28%, AUC: 0.78 - [VAL] Loss: 0.5066, Accuracy: 78.04%, AUC: 0.78
New best model saved with validation metric: 24.9610
Epoch [16/100] - [TRAIN] Loss: 0.5067, Accuracy: 78.28%, AUC: 0.78 - [VAL] Loss: 0.5055, Accuracy: 78.16%, AUC: 0.78
New best model saved with validation metric: 25.0216
Epoch [17/100] - [TRAIN] Loss: 0.5068, Accuracy: 78.33%, AUC: 0.78 - [VAL] Loss: 0.5047, Accuracy: 78.35%, AUC: 0.78
Epoch [18/100] - [TRAIN] Loss: 0.5052, Accuracy: 78.20%, AUC: 0.78 - [VAL] Loss: 0.5044, Accuracy: 78.19%, AUC: 0.78
New best model saved with validation metric: 25.0260
Epoch [19/100] - [TRAIN] Loss: 0.5036, Accuracy: 78.52%, AUC: 0.78 - [VAL] Loss: 0.5033, Accuracy: 78.37%, AUC: 0.78
Epoch [20/100] - [TRAIN] Loss: 0.5026, Accuracy: 78.44%, AUC: 0.78 - [VAL] Loss: 0.5029, Accuracy: 78.37%, AUC: 0.78
Epoch [21/100] - [TRAIN] Loss: 0.5019, Accuracy: 78.63%, AUC: 0.78 - [VAL] Loss: 0.5027, Accuracy: 78.26%, AUC: 0.78
New best model saved with validation metric: 25.0519
Epoch [22/100] - [TRAIN] Loss: 0.5023, Accuracy: 78.48%, AUC: 0.78 - [VAL] Loss: 0.5018, Accuracy: 78.45%, AUC: 0.78
Epoch [23/100] - [TRAIN] Loss: 0.5018, Accuracy: 78.61%, AUC: 0.78 - [VAL] Loss: 0.5016, Accuracy: 78.38%, AUC: 0.78
New best model saved with validation metric: 25.0649
Epoch [24/100] - [TRAIN] Loss: 0.5001, Accuracy: 78.56%, AUC: 0.78 - [VAL] Loss: 0.5008, Accuracy: 78.49%, AUC: 0.78
Epoch [25/100] - [TRAIN] Loss: 0.4993, Accuracy: 78.67%, AUC: 0.78 - [VAL] Loss: 0.5003, Accuracy: 78.49%, AUC: 0.78
Epoch [26/100] - [TRAIN] Loss: 0.4985, Accuracy: 78.75%, AUC: 0.78 - [VAL] Loss: 0.5000, Accuracy: 78.45%, AUC: 0.78
Epoch [27/100] - [TRAIN] Loss: 0.4986, Accuracy: 78.88%, AUC: 0.78 - [VAL] Loss: 0.5010, Accuracy: 78.30%, AUC: 0.78
New best model saved with validation metric: 25.0693
Epoch [28/100] - [TRAIN] Loss: 0.4982, Accuracy: 78.77%, AUC: 0.78 - [VAL] Loss: 0.4991, Accuracy: 78.50%, AUC: 0.78
Epoch [29/100] - [TRAIN] Loss: 0.4963, Accuracy: 78.65%, AUC: 0.78 - [VAL] Loss: 0.4990, Accuracy: 78.49%, AUC: 0.78
Epoch [30/100] - [TRAIN] Loss: 0.4964, Accuracy: 78.66%, AUC: 0.78 - [VAL] Loss: 0.4992, Accuracy: 78.43%, AUC: 0.78
New best model saved with validation metric: 25.0866
Epoch [31/100] - [TRAIN] Loss: 0.4982, Accuracy: 78.73%, AUC: 0.78 - [VAL] Loss: 0.4981, Accuracy: 78.55%, AUC: 0.78
Epoch [32/100] - [TRAIN] Loss: 0.4956, Accuracy: 79.02%, AUC: 0.78 - [VAL] Loss: 0.4987, Accuracy: 78.42%, AUC: 0.78
Epoch [33/100] - [TRAIN] Loss: 0.4945, Accuracy: 78.86%, AUC: 0.78 - [VAL] Loss: 0.4975, Accuracy: 78.53%, AUC: 0.78
Epoch [34/100] - [TRAIN] Loss: 0.4954, Accuracy: 78.93%, AUC: 0.78 - [VAL] Loss: 0.4982, Accuracy: 78.43%, AUC: 0.78
Epoch [35/100] - [TRAIN] Loss: 0.4944, Accuracy: 78.93%, AUC: 0.78 - [VAL] Loss: 0.4972, Accuracy: 78.53%, AUC: 0.78
Epoch [36/100] - [TRAIN] Loss: 0.4932, Accuracy: 78.92%, AUC: 0.78 - [VAL] Loss: 0.4972, Accuracy: 78.55%, AUC: 0.78
New best model saved with validation metric: 25.0952
Epoch [37/100] - [TRAIN] Loss: 0.4924, Accuracy: 78.89%, AUC: 0.78 - [VAL] Loss: 0.4961, Accuracy: 78.58%, AUC: 0.78
New best model saved with validation metric: 25.1126
Epoch [38/100] - [TRAIN] Loss: 0.4922, Accuracy: 79.04%, AUC: 0.78 - [VAL] Loss: 0.4961, Accuracy: 78.64%, AUC: 0.78
Epoch [39/100] - [TRAIN] Loss: 0.4913, Accuracy: 78.85%, AUC: 0.78 - [VAL] Loss: 0.4956, Accuracy: 78.62%, AUC: 0.78
Epoch [40/100] - [TRAIN] Loss: 0.4925, Accuracy: 78.97%, AUC: 0.78 - [VAL] Loss: 0.4964, Accuracy: 78.58%, AUC: 0.78
Epoch [41/100] - [TRAIN] Loss: 0.4898, Accuracy: 79.06%, AUC: 0.78 - [VAL] Loss: 0.4960, Accuracy: 78.54%, AUC: 0.78
Epoch [42/100] - [TRAIN] Loss: 0.4927, Accuracy: 78.83%, AUC: 0.78 - [VAL] Loss: 0.4949, Accuracy: 78.57%, AUC: 0.78
Epoch [43/100] - [TRAIN] Loss: 0.4895, Accuracy: 79.06%, AUC: 0.78 - [VAL] Loss: 0.4957, Accuracy: 78.54%, AUC: 0.78
New best model saved with validation metric: 25.1212
Epoch [44/100] - [TRAIN] Loss: 0.4890, Accuracy: 79.17%, AUC: 0.78 - [VAL] Loss: 0.4944, Accuracy: 78.66%, AUC: 0.78
New best model saved with validation metric: 25.1255
Epoch [45/100] - [TRAIN] Loss: 0.4895, Accuracy: 79.01%, AUC: 0.78 - [VAL] Loss: 0.4944, Accuracy: 78.68%, AUC: 0.78
New best model saved with validation metric: 25.1342
Epoch [46/100] - [TRAIN] Loss: 0.4894, Accuracy: 78.96%, AUC: 0.78 - [VAL] Loss: 0.4943, Accuracy: 78.70%, AUC: 0.78
Epoch [47/100] - [TRAIN] Loss: 0.4881, Accuracy: 79.04%, AUC: 0.78 - [VAL] Loss: 0.4937, Accuracy: 78.68%, AUC: 0.78
Epoch [48/100] - [TRAIN] Loss: 0.4867, Accuracy: 79.09%, AUC: 0.78 - [VAL] Loss: 0.4954, Accuracy: 78.46%, AUC: 0.78
New best model saved with validation metric: 25.1429
Epoch [49/100] - [TRAIN] Loss: 0.4861, Accuracy: 79.05%, AUC: 0.78 - [VAL] Loss: 0.4933, Accuracy: 78.73%, AUC: 0.78
New best model saved with validation metric: 25.1472
Epoch [50/100] - [TRAIN] Loss: 0.4878, Accuracy: 79.12%, AUC: 0.78 - [VAL] Loss: 0.4936, Accuracy: 78.74%, AUC: 0.78
Epoch [51/100] - [TRAIN] Loss: 0.4874, Accuracy: 79.11%, AUC: 0.78 - [VAL] Loss: 0.4936, Accuracy: 78.73%, AUC: 0.78
Epoch [52/100] - [TRAIN] Loss: 0.4850, Accuracy: 79.04%, AUC: 0.78 - [VAL] Loss: 0.4938, Accuracy: 78.62%, AUC: 0.78
New best model saved with validation metric: 25.1558
Epoch [53/100] - [TRAIN] Loss: 0.4851, Accuracy: 79.23%, AUC: 0.78 - [VAL] Loss: 0.4928, Accuracy: 78.77%, AUC: 0.78
New best model saved with validation metric: 25.1602
Epoch [54/100] - [TRAIN] Loss: 0.4851, Accuracy: 79.08%, AUC: 0.78 - [VAL] Loss: 0.4926, Accuracy: 78.79%, AUC: 0.78
Epoch [55/100] - [TRAIN] Loss: 0.4849, Accuracy: 79.13%, AUC: 0.78 - [VAL] Loss: 0.4925, Accuracy: 78.79%, AUC: 0.78
Epoch [56/100] - [TRAIN] Loss: 0.4850, Accuracy: 79.23%, AUC: 0.78 - [VAL] Loss: 0.4926, Accuracy: 78.79%, AUC: 0.78
New best model saved with validation metric: 25.1732
Epoch [57/100] - [TRAIN] Loss: 0.4848, Accuracy: 79.17%, AUC: 0.78 - [VAL] Loss: 0.4925, Accuracy: 78.83%, AUC: 0.78
Epoch [58/100] - [TRAIN] Loss: 0.4831, Accuracy: 79.00%, AUC: 0.78 - [VAL] Loss: 0.4927, Accuracy: 78.81%, AUC: 0.78
Epoch [59/100] - [TRAIN] Loss: 0.4831, Accuracy: 79.16%, AUC: 0.78 - [VAL] Loss: 0.4922, Accuracy: 78.76%, AUC: 0.78
Epoch [60/100] - [TRAIN] Loss: 0.4844, Accuracy: 79.25%, AUC: 0.78 - [VAL] Loss: 0.4922, Accuracy: 78.83%, AUC: 0.78
New best model saved with validation metric: 25.1775
Epoch [61/100] - [TRAIN] Loss: 0.4837, Accuracy: 79.25%, AUC: 0.78 - [VAL] Loss: 0.4922, Accuracy: 78.84%, AUC: 0.78
New best model saved with validation metric: 25.1818
Epoch [62/100] - [TRAIN] Loss: 0.4819, Accuracy: 79.20%, AUC: 0.78 - [VAL] Loss: 0.4921, Accuracy: 78.85%, AUC: 0.78
New best model saved with validation metric: 25.1948
Epoch [63/100] - [TRAIN] Loss: 0.4823, Accuracy: 79.27%, AUC: 0.78 - [VAL] Loss: 0.4923, Accuracy: 78.89%, AUC: 0.78
Epoch [64/100] - [TRAIN] Loss: 0.4823, Accuracy: 79.31%, AUC: 0.78 - [VAL] Loss: 0.4924, Accuracy: 78.88%, AUC: 0.78
Epoch [65/100] - [TRAIN] Loss: 0.4802, Accuracy: 79.16%, AUC: 0.78 - [VAL] Loss: 0.4919, Accuracy: 78.89%, AUC: 0.78
Epoch [66/100] - [TRAIN] Loss: 0.4806, Accuracy: 79.36%, AUC: 0.79 - [VAL] Loss: 0.4922, Accuracy: 78.89%, AUC: 0.78
Epoch [67/100] - [TRAIN] Loss: 0.4800, Accuracy: 79.19%, AUC: 0.78 - [VAL] Loss: 0.4916, Accuracy: 78.89%, AUC: 0.78
Epoch [68/100] - [TRAIN] Loss: 0.4794, Accuracy: 79.36%, AUC: 0.79 - [VAL] Loss: 0.4922, Accuracy: 78.85%, AUC: 0.78
New best model saved with validation metric: 25.2338
Epoch [69/100] - [TRAIN] Loss: 0.4805, Accuracy: 79.35%, AUC: 0.79 - [VAL] Loss: 0.4919, Accuracy: 79.02%, AUC: 0.78
Epoch [70/100] - [TRAIN] Loss: 0.4795, Accuracy: 79.40%, AUC: 0.79 - [VAL] Loss: 0.4926, Accuracy: 78.77%, AUC: 0.78
Epoch [71/100] - [TRAIN] Loss: 0.4798, Accuracy: 79.21%, AUC: 0.78 - [VAL] Loss: 0.4924, Accuracy: 78.95%, AUC: 0.78
Epoch [72/100] - [TRAIN] Loss: 0.4782, Accuracy: 79.42%, AUC: 0.79 - [VAL] Loss: 0.4918, Accuracy: 78.99%, AUC: 0.78
New best model saved with validation metric: 25.2381
Epoch [73/100] - [TRAIN] Loss: 0.4766, Accuracy: 79.43%, AUC: 0.79 - [VAL] Loss: 0.4920, Accuracy: 79.03%, AUC: 0.78
Epoch [74/100] - [TRAIN] Loss: 0.4781, Accuracy: 79.36%, AUC: 0.79 - [VAL] Loss: 0.4918, Accuracy: 78.98%, AUC: 0.78
Epoch [75/100] - [TRAIN] Loss: 0.4781, Accuracy: 79.50%, AUC: 0.79 - [VAL] Loss: 0.4926, Accuracy: 78.84%, AUC: 0.78
Epoch [76/100] - [TRAIN] Loss: 0.4765, Accuracy: 79.56%, AUC: 0.79 - [VAL] Loss: 0.4916, Accuracy: 78.96%, AUC: 0.78
Epoch [77/100] - [TRAIN] Loss: 0.4758, Accuracy: 79.62%, AUC: 0.79 - [VAL] Loss: 0.4917, Accuracy: 78.98%, AUC: 0.78
Epoch [78/100] - [TRAIN] Loss: 0.4773, Accuracy: 79.55%, AUC: 0.79 - [VAL] Loss: 0.4916, Accuracy: 78.98%, AUC: 0.78
Epoch [79/100] - [TRAIN] Loss: 0.4758, Accuracy: 79.48%, AUC: 0.79 - [VAL] Loss: 0.4918, Accuracy: 78.92%, AUC: 0.78
New best model saved with validation metric: 25.2597
Epoch [80/100] - [TRAIN] Loss: 0.4771, Accuracy: 79.39%, AUC: 0.79 - [VAL] Loss: 0.4921, Accuracy: 79.10%, AUC: 0.78
Epoch [81/100] - [TRAIN] Loss: 0.4755, Accuracy: 79.70%, AUC: 0.79 - [VAL] Loss: 0.4919, Accuracy: 79.08%, AUC: 0.78
Epoch [82/100] - [TRAIN] Loss: 0.4756, Accuracy: 79.58%, AUC: 0.79 - [VAL] Loss: 0.4920, Accuracy: 78.93%, AUC: 0.78
Epoch [83/100] - [TRAIN] Loss: 0.4750, Accuracy: 79.55%, AUC: 0.79 - [VAL] Loss: 0.4917, Accuracy: 79.04%, AUC: 0.78
Epoch [84/100] - [TRAIN] Loss: 0.4754, Accuracy: 79.73%, AUC: 0.79 - [VAL] Loss: 0.4925, Accuracy: 78.89%, AUC: 0.78
Epoch [85/100] - [TRAIN] Loss: 0.4745, Accuracy: 79.59%, AUC: 0.79 - [VAL] Loss: 0.4985, Accuracy: 78.55%, AUC: 0.78
Epoch [86/100] - [TRAIN] Loss: 0.4746, Accuracy: 79.54%, AUC: 0.79 - [VAL] Loss: 0.4921, Accuracy: 78.93%, AUC: 0.78
Epoch [87/100] - [TRAIN] Loss: 0.4750, Accuracy: 79.61%, AUC: 0.79 - [VAL] Loss: 0.4921, Accuracy: 79.07%, AUC: 0.78
Epoch [88/100] - [TRAIN] Loss: 0.4728, Accuracy: 79.59%, AUC: 0.79 - [VAL] Loss: 0.4926, Accuracy: 78.89%, AUC: 0.78
Epoch [89/100] - [TRAIN] Loss: 0.4735, Accuracy: 79.61%, AUC: 0.79 - [VAL] Loss: 0.4922, Accuracy: 79.04%, AUC: 0.78
Epoch [90/100] - [TRAIN] Loss: 0.4742, Accuracy: 79.67%, AUC: 0.79 - [VAL] Loss: 0.4923, Accuracy: 78.96%, AUC: 0.78
Epoch [91/100] - [TRAIN] Loss: 0.4742, Accuracy: 79.74%, AUC: 0.79 - [VAL] Loss: 0.4919, Accuracy: 79.08%, AUC: 0.78
Epoch [92/100] - [TRAIN] Loss: 0.4726, Accuracy: 79.75%, AUC: 0.79 - [VAL] Loss: 0.4933, Accuracy: 78.81%, AUC: 0.78
Epoch [93/100] - [TRAIN] Loss: 0.4730, Accuracy: 79.77%, AUC: 0.79 - [VAL] Loss: 0.4930, Accuracy: 78.91%, AUC: 0.78
Epoch [94/100] - [TRAIN] Loss: 0.4735, Accuracy: 79.71%, AUC: 0.79 - [VAL] Loss: 0.4922, Accuracy: 79.04%, AUC: 0.78
Epoch [95/100] - [TRAIN] Loss: 0.4714, Accuracy: 79.89%, AUC: 0.79 - [VAL] Loss: 0.4934, Accuracy: 78.92%, AUC: 0.78
Epoch [96/100] - [TRAIN] Loss: 0.4715, Accuracy: 79.81%, AUC: 0.79 - [VAL] Loss: 0.4929, Accuracy: 78.96%, AUC: 0.78
Epoch [97/100] - [TRAIN] Loss: 0.4722, Accuracy: 79.74%, AUC: 0.79 - [VAL] Loss: 0.4923, Accuracy: 79.10%, AUC: 0.78
Epoch [98/100] - [TRAIN] Loss: 0.4717, Accuracy: 79.82%, AUC: 0.79 - [VAL] Loss: 0.4922, Accuracy: 79.10%, AUC: 0.78
Epoch [99/100] - [TRAIN] Loss: 0.4707, Accuracy: 79.75%, AUC: 0.79 - [VAL] Loss: 0.4949, Accuracy: 78.74%, AUC: 0.78
Epoch [100/100] - [TRAIN] Loss: 0.4709, Accuracy: 79.98%, AUC: 0.79 - [VAL] Loss: 0.4924, Accuracy: 79.10%, AUC: 0.78
Training finished!
Accuracy Score on test set: 79.34 %
AUC Score on test set: 0.79
Item: H3K27ac-H3K27me3-H3K4me3-H3K9ac-H3K9me3
Train set shape: (7399, 5, 4000) (7399,)
Validation set shape: (7377, 5, 4000) (7377,)
Test set shape: (7378, 5, 4000) (7378,)
New best model saved with validation metric: 19.4242
Epoch [1/100] - [TRAIN] Loss: 0.6629, Accuracy: 62.18%, AUC: 0.56 - [VAL] Loss: 0.6294, Accuracy: 60.82%, AUC: 0.50
Epoch [2/100] - [TRAIN] Loss: 0.6076, Accuracy: 60.82%, AUC: 0.50 - [VAL] Loss: 0.5849, Accuracy: 60.82%, AUC: 0.50
New best model saved with validation metric: 24.3030
Epoch [3/100] - [TRAIN] Loss: 0.5732, Accuracy: 61.24%, AUC: 0.51 - [VAL] Loss: 0.5558, Accuracy: 76.10%, AUC: 0.73
New best model saved with validation metric: 25.1429
Epoch [4/100] - [TRAIN] Loss: 0.5509, Accuracy: 77.70%, AUC: 0.76 - [VAL] Loss: 0.5382, Accuracy: 78.73%, AUC: 0.78
Epoch [5/100] - [TRAIN] Loss: 0.5378, Accuracy: 78.65%, AUC: 0.78 - [VAL] Loss: 0.5281, Accuracy: 78.18%, AUC: 0.78
Epoch [6/100] - [TRAIN] Loss: 0.5304, Accuracy: 78.21%, AUC: 0.78 - [VAL] Loss: 0.5227, Accuracy: 77.99%, AUC: 0.78
Epoch [7/100] - [TRAIN] Loss: 0.5236, Accuracy: 78.04%, AUC: 0.78 - [VAL] Loss: 0.5184, Accuracy: 78.08%, AUC: 0.78
Epoch [8/100] - [TRAIN] Loss: 0.5205, Accuracy: 78.08%, AUC: 0.78 - [VAL] Loss: 0.5163, Accuracy: 77.78%, AUC: 0.78
Epoch [9/100] - [TRAIN] Loss: 0.5185, Accuracy: 78.17%, AUC: 0.78 - [VAL] Loss: 0.5140, Accuracy: 77.81%, AUC: 0.78
Epoch [10/100] - [TRAIN] Loss: 0.5151, Accuracy: 77.97%, AUC: 0.78 - [VAL] Loss: 0.5117, Accuracy: 78.03%, AUC: 0.78
Epoch [11/100] - [TRAIN] Loss: 0.5140, Accuracy: 77.97%, AUC: 0.78 - [VAL] Loss: 0.5106, Accuracy: 77.80%, AUC: 0.78
Epoch [12/100] - [TRAIN] Loss: 0.5107, Accuracy: 78.21%, AUC: 0.78 - [VAL] Loss: 0.5096, Accuracy: 77.70%, AUC: 0.78
Epoch [13/100] - [TRAIN] Loss: 0.5107, Accuracy: 78.25%, AUC: 0.78 - [VAL] Loss: 0.5081, Accuracy: 77.80%, AUC: 0.78
Epoch [14/100] - [TRAIN] Loss: 0.5091, Accuracy: 78.16%, AUC: 0.78 - [VAL] Loss: 0.5064, Accuracy: 78.09%, AUC: 0.78
Epoch [15/100] - [TRAIN] Loss: 0.5071, Accuracy: 78.19%, AUC: 0.78 - [VAL] Loss: 0.5057, Accuracy: 77.96%, AUC: 0.78
Epoch [16/100] - [TRAIN] Loss: 0.5076, Accuracy: 78.28%, AUC: 0.78 - [VAL] Loss: 0.5048, Accuracy: 78.11%, AUC: 0.78
Epoch [17/100] - [TRAIN] Loss: 0.5047, Accuracy: 78.32%, AUC: 0.78 - [VAL] Loss: 0.5044, Accuracy: 78.00%, AUC: 0.78
Epoch [18/100] - [TRAIN] Loss: 0.5046, Accuracy: 78.28%, AUC: 0.78 - [VAL] Loss: 0.5029, Accuracy: 78.42%, AUC: 0.78
Epoch [19/100] - [TRAIN] Loss: 0.5036, Accuracy: 78.47%, AUC: 0.78 - [VAL] Loss: 0.5029, Accuracy: 78.19%, AUC: 0.78
Epoch [20/100] - [TRAIN] Loss: 0.5022, Accuracy: 78.39%, AUC: 0.78 - [VAL] Loss: 0.5017, Accuracy: 78.42%, AUC: 0.78
Epoch [21/100] - [TRAIN] Loss: 0.5023, Accuracy: 78.47%, AUC: 0.78 - [VAL] Loss: 0.5017, Accuracy: 78.32%, AUC: 0.78
Epoch [22/100] - [TRAIN] Loss: 0.5001, Accuracy: 78.35%, AUC: 0.78 - [VAL] Loss: 0.5003, Accuracy: 78.65%, AUC: 0.78
Epoch [23/100] - [TRAIN] Loss: 0.5004, Accuracy: 78.54%, AUC: 0.78 - [VAL] Loss: 0.5002, Accuracy: 78.46%, AUC: 0.78
Epoch [24/100] - [TRAIN] Loss: 0.5009, Accuracy: 78.48%, AUC: 0.78 - [VAL] Loss: 0.4993, Accuracy: 78.68%, AUC: 0.78
Epoch [25/100] - [TRAIN] Loss: 0.4994, Accuracy: 78.55%, AUC: 0.78 - [VAL] Loss: 0.4989, Accuracy: 78.69%, AUC: 0.78
Epoch [26/100] - [TRAIN] Loss: 0.4983, Accuracy: 78.63%, AUC: 0.78 - [VAL] Loss: 0.4987, Accuracy: 78.55%, AUC: 0.78
Epoch [27/100] - [TRAIN] Loss: 0.4969, Accuracy: 78.69%, AUC: 0.78 - [VAL] Loss: 0.4983, Accuracy: 78.54%, AUC: 0.78
Epoch [28/100] - [TRAIN] Loss: 0.4976, Accuracy: 78.66%, AUC: 0.78 - [VAL] Loss: 0.4980, Accuracy: 78.60%, AUC: 0.78
Epoch [29/100] - [TRAIN] Loss: 0.4965, Accuracy: 78.55%, AUC: 0.78 - [VAL] Loss: 0.4979, Accuracy: 78.55%, AUC: 0.78
Epoch [30/100] - [TRAIN] Loss: 0.4948, Accuracy: 78.67%, AUC: 0.78 - [VAL] Loss: 0.4975, Accuracy: 78.53%, AUC: 0.78
Epoch [31/100] - [TRAIN] Loss: 0.4951, Accuracy: 78.77%, AUC: 0.78 - [VAL] Loss: 0.4965, Accuracy: 78.62%, AUC: 0.78
Epoch [32/100] - [TRAIN] Loss: 0.4932, Accuracy: 78.81%, AUC: 0.78 - [VAL] Loss: 0.4963, Accuracy: 78.62%, AUC: 0.78
Epoch [33/100] - [TRAIN] Loss: 0.4938, Accuracy: 78.74%, AUC: 0.78 - [VAL] Loss: 0.4957, Accuracy: 78.73%, AUC: 0.78
Epoch [34/100] - [TRAIN] Loss: 0.4950, Accuracy: 78.85%, AUC: 0.78 - [VAL] Loss: 0.4960, Accuracy: 78.57%, AUC: 0.78
New best model saved with validation metric: 25.1515
Epoch [35/100] - [TRAIN] Loss: 0.4916, Accuracy: 78.75%, AUC: 0.78 - [VAL] Loss: 0.4950, Accuracy: 78.76%, AUC: 0.78
Epoch [36/100] - [TRAIN] Loss: 0.4915, Accuracy: 78.85%, AUC: 0.78 - [VAL] Loss: 0.4948, Accuracy: 78.73%, AUC: 0.78
New best model saved with validation metric: 25.1732
Epoch [37/100] - [TRAIN] Loss: 0.4910, Accuracy: 78.89%, AUC: 0.78 - [VAL] Loss: 0.4944, Accuracy: 78.83%, AUC: 0.78
Epoch [38/100] - [TRAIN] Loss: 0.4907, Accuracy: 78.92%, AUC: 0.78 - [VAL] Loss: 0.4950, Accuracy: 78.55%, AUC: 0.78
Epoch [39/100] - [TRAIN] Loss: 0.4906, Accuracy: 78.88%, AUC: 0.78 - [VAL] Loss: 0.4941, Accuracy: 78.69%, AUC: 0.78
Epoch [40/100] - [TRAIN] Loss: 0.4890, Accuracy: 78.94%, AUC: 0.78 - [VAL] Loss: 0.4947, Accuracy: 78.55%, AUC: 0.78
Epoch [41/100] - [TRAIN] Loss: 0.4903, Accuracy: 78.97%, AUC: 0.78 - [VAL] Loss: 0.4943, Accuracy: 78.62%, AUC: 0.78
Epoch [42/100] - [TRAIN] Loss: 0.4898, Accuracy: 78.98%, AUC: 0.78 - [VAL] Loss: 0.4935, Accuracy: 78.72%, AUC: 0.78
Epoch [43/100] - [TRAIN] Loss: 0.4874, Accuracy: 79.06%, AUC: 0.78 - [VAL] Loss: 0.4934, Accuracy: 78.64%, AUC: 0.78
Epoch [44/100] - [TRAIN] Loss: 0.4887, Accuracy: 79.01%, AUC: 0.78 - [VAL] Loss: 0.4937, Accuracy: 78.57%, AUC: 0.78
Epoch [45/100] - [TRAIN] Loss: 0.4879, Accuracy: 79.11%, AUC: 0.78 - [VAL] Loss: 0.4948, Accuracy: 78.61%, AUC: 0.78
New best model saved with validation metric: 25.1861
Epoch [46/100] - [TRAIN] Loss: 0.4889, Accuracy: 79.00%, AUC: 0.78 - [VAL] Loss: 0.4927, Accuracy: 78.87%, AUC: 0.78
Epoch [47/100] - [TRAIN] Loss: 0.4857, Accuracy: 79.12%, AUC: 0.78 - [VAL] Loss: 0.4930, Accuracy: 78.70%, AUC: 0.78
New best model saved with validation metric: 25.1905
Epoch [48/100] - [TRAIN] Loss: 0.4880, Accuracy: 79.17%, AUC: 0.78 - [VAL] Loss: 0.4924, Accuracy: 78.88%, AUC: 0.78
New best model saved with validation metric: 25.2251
Epoch [49/100] - [TRAIN] Loss: 0.4872, Accuracy: 79.21%, AUC: 0.78 - [VAL] Loss: 0.4922, Accuracy: 78.99%, AUC: 0.78
Epoch [50/100] - [TRAIN] Loss: 0.4851, Accuracy: 79.17%, AUC: 0.78 - [VAL] Loss: 0.4924, Accuracy: 78.81%, AUC: 0.78
Epoch [51/100] - [TRAIN] Loss: 0.4859, Accuracy: 79.12%, AUC: 0.78 - [VAL] Loss: 0.4925, Accuracy: 78.73%, AUC: 0.78
Epoch [52/100] - [TRAIN] Loss: 0.4852, Accuracy: 79.17%, AUC: 0.78 - [VAL] Loss: 0.4919, Accuracy: 78.99%, AUC: 0.78
Epoch [53/100] - [TRAIN] Loss: 0.4856, Accuracy: 79.27%, AUC: 0.79 - [VAL] Loss: 0.4920, Accuracy: 78.79%, AUC: 0.78
Epoch [54/100] - [TRAIN] Loss: 0.4838, Accuracy: 79.11%, AUC: 0.78 - [VAL] Loss: 0.4916, Accuracy: 78.87%, AUC: 0.78
Epoch [55/100] - [TRAIN] Loss: 0.4852, Accuracy: 79.21%, AUC: 0.78 - [VAL] Loss: 0.4919, Accuracy: 78.81%, AUC: 0.78
Epoch [56/100] - [TRAIN] Loss: 0.4834, Accuracy: 79.24%, AUC: 0.78 - [VAL] Loss: 0.4930, Accuracy: 78.68%, AUC: 0.78
Epoch [57/100] - [TRAIN] Loss: 0.4829, Accuracy: 79.21%, AUC: 0.79 - [VAL] Loss: 0.4914, Accuracy: 78.88%, AUC: 0.78
Epoch [58/100] - [TRAIN] Loss: 0.4824, Accuracy: 79.21%, AUC: 0.78 - [VAL] Loss: 0.4928, Accuracy: 78.70%, AUC: 0.78
Epoch [59/100] - [TRAIN] Loss: 0.4817, Accuracy: 79.20%, AUC: 0.78 - [VAL] Loss: 0.4912, Accuracy: 78.95%, AUC: 0.78
New best model saved with validation metric: 25.2338
Epoch [60/100] - [TRAIN] Loss: 0.4825, Accuracy: 79.29%, AUC: 0.79 - [VAL] Loss: 0.4914, Accuracy: 79.02%, AUC: 0.78
Epoch [61/100] - [TRAIN] Loss: 0.4818, Accuracy: 79.47%, AUC: 0.79 - [VAL] Loss: 0.4921, Accuracy: 78.80%, AUC: 0.78
Epoch [62/100] - [TRAIN] Loss: 0.4815, Accuracy: 79.39%, AUC: 0.79 - [VAL] Loss: 0.4917, Accuracy: 78.76%, AUC: 0.78
Epoch [63/100] - [TRAIN] Loss: 0.4825, Accuracy: 79.36%, AUC: 0.79 - [VAL] Loss: 0.4914, Accuracy: 78.84%, AUC: 0.78
New best model saved with validation metric: 25.2511
Epoch [64/100] - [TRAIN] Loss: 0.4802, Accuracy: 79.42%, AUC: 0.79 - [VAL] Loss: 0.4911, Accuracy: 79.07%, AUC: 0.78
Epoch [65/100] - [TRAIN] Loss: 0.4821, Accuracy: 79.31%, AUC: 0.79 - [VAL] Loss: 0.4910, Accuracy: 79.00%, AUC: 0.78
Epoch [66/100] - [TRAIN] Loss: 0.4798, Accuracy: 79.36%, AUC: 0.79 - [VAL] Loss: 0.4927, Accuracy: 78.69%, AUC: 0.78
Epoch [67/100] - [TRAIN] Loss: 0.4803, Accuracy: 79.40%, AUC: 0.79 - [VAL] Loss: 0.4925, Accuracy: 78.72%, AUC: 0.78
Epoch [68/100] - [TRAIN] Loss: 0.4798, Accuracy: 79.35%, AUC: 0.79 - [VAL] Loss: 0.4910, Accuracy: 78.89%, AUC: 0.78
Epoch [69/100] - [TRAIN] Loss: 0.4789, Accuracy: 79.48%, AUC: 0.79 - [VAL] Loss: 0.4918, Accuracy: 78.81%, AUC: 0.78
Epoch [70/100] - [TRAIN] Loss: 0.4792, Accuracy: 79.21%, AUC: 0.79 - [VAL] Loss: 0.4909, Accuracy: 78.93%, AUC: 0.78
Epoch [71/100] - [TRAIN] Loss: 0.4789, Accuracy: 79.40%, AUC: 0.79 - [VAL] Loss: 0.4913, Accuracy: 78.84%, AUC: 0.78
Epoch [72/100] - [TRAIN] Loss: 0.4791, Accuracy: 79.25%, AUC: 0.79 - [VAL] Loss: 0.4913, Accuracy: 78.98%, AUC: 0.78
Epoch [73/100] - [TRAIN] Loss: 0.4784, Accuracy: 79.39%, AUC: 0.79 - [VAL] Loss: 0.4917, Accuracy: 78.88%, AUC: 0.78
Epoch [74/100] - [TRAIN] Loss: 0.4775, Accuracy: 79.50%, AUC: 0.79 - [VAL] Loss: 0.4910, Accuracy: 78.99%, AUC: 0.78
Epoch [75/100] - [TRAIN] Loss: 0.4803, Accuracy: 79.50%, AUC: 0.79 - [VAL] Loss: 0.4928, Accuracy: 78.99%, AUC: 0.78
Epoch [76/100] - [TRAIN] Loss: 0.4784, Accuracy: 79.59%, AUC: 0.79 - [VAL] Loss: 0.4926, Accuracy: 78.84%, AUC: 0.78
Epoch [77/100] - [TRAIN] Loss: 0.4779, Accuracy: 79.47%, AUC: 0.79 - [VAL] Loss: 0.4939, Accuracy: 78.68%, AUC: 0.78
Epoch [78/100] - [TRAIN] Loss: 0.4761, Accuracy: 79.43%, AUC: 0.79 - [VAL] Loss: 0.4926, Accuracy: 78.77%, AUC: 0.78
Epoch [79/100] - [TRAIN] Loss: 0.4770, Accuracy: 79.47%, AUC: 0.79 - [VAL] Loss: 0.4917, Accuracy: 78.99%, AUC: 0.79
Epoch [80/100] - [TRAIN] Loss: 0.4769, Accuracy: 79.51%, AUC: 0.79 - [VAL] Loss: 0.4912, Accuracy: 79.02%, AUC: 0.78
Epoch [81/100] - [TRAIN] Loss: 0.4765, Accuracy: 79.48%, AUC: 0.79 - [VAL] Loss: 0.4917, Accuracy: 79.04%, AUC: 0.79
Epoch [82/100] - [TRAIN] Loss: 0.4761, Accuracy: 79.47%, AUC: 0.79 - [VAL] Loss: 0.4925, Accuracy: 78.84%, AUC: 0.78
Epoch [83/100] - [TRAIN] Loss: 0.4750, Accuracy: 79.55%, AUC: 0.79 - [VAL] Loss: 0.4919, Accuracy: 78.96%, AUC: 0.78
Epoch [84/100] - [TRAIN] Loss: 0.4763, Accuracy: 79.62%, AUC: 0.79 - [VAL] Loss: 0.4928, Accuracy: 78.84%, AUC: 0.78
New best model saved with validation metric: 25.2857
Epoch [85/100] - [TRAIN] Loss: 0.4752, Accuracy: 79.62%, AUC: 0.79 - [VAL] Loss: 0.4915, Accuracy: 79.18%, AUC: 0.78
Epoch [86/100] - [TRAIN] Loss: 0.4740, Accuracy: 79.61%, AUC: 0.79 - [VAL] Loss: 0.4912, Accuracy: 79.18%, AUC: 0.79
Epoch [87/100] - [TRAIN] Loss: 0.4748, Accuracy: 79.61%, AUC: 0.79 - [VAL] Loss: 0.4920, Accuracy: 79.07%, AUC: 0.79
Epoch [88/100] - [TRAIN] Loss: 0.4756, Accuracy: 79.52%, AUC: 0.79 - [VAL] Loss: 0.4920, Accuracy: 79.12%, AUC: 0.79
Epoch [89/100] - [TRAIN] Loss: 0.4753, Accuracy: 79.71%, AUC: 0.79 - [VAL] Loss: 0.4924, Accuracy: 78.99%, AUC: 0.79
Epoch [90/100] - [TRAIN] Loss: 0.4740, Accuracy: 79.59%, AUC: 0.79 - [VAL] Loss: 0.4937, Accuracy: 78.81%, AUC: 0.78
Epoch [91/100] - [TRAIN] Loss: 0.4735, Accuracy: 79.56%, AUC: 0.79 - [VAL] Loss: 0.4920, Accuracy: 79.10%, AUC: 0.79
Epoch [92/100] - [TRAIN] Loss: 0.4724, Accuracy: 79.56%, AUC: 0.79 - [VAL] Loss: 0.4922, Accuracy: 79.03%, AUC: 0.79
Epoch [93/100] - [TRAIN] Loss: 0.4731, Accuracy: 79.63%, AUC: 0.79 - [VAL] Loss: 0.4918, Accuracy: 79.16%, AUC: 0.79
New best model saved with validation metric: 25.2900
Epoch [94/100] - [TRAIN] Loss: 0.4732, Accuracy: 79.71%, AUC: 0.79 - [VAL] Loss: 0.4914, Accuracy: 79.19%, AUC: 0.79
Epoch [95/100] - [TRAIN] Loss: 0.4745, Accuracy: 79.69%, AUC: 0.79 - [VAL] Loss: 0.4925, Accuracy: 79.04%, AUC: 0.79
Epoch [96/100] - [TRAIN] Loss: 0.4728, Accuracy: 79.62%, AUC: 0.79 - [VAL] Loss: 0.4933, Accuracy: 78.81%, AUC: 0.78
Epoch [97/100] - [TRAIN] Loss: 0.4718, Accuracy: 79.77%, AUC: 0.79 - [VAL] Loss: 0.4941, Accuracy: 78.83%, AUC: 0.78
New best model saved with validation metric: 25.3074
Epoch [98/100] - [TRAIN] Loss: 0.4728, Accuracy: 79.71%, AUC: 0.79 - [VAL] Loss: 0.4915, Accuracy: 79.25%, AUC: 0.79
Epoch [99/100] - [TRAIN] Loss: 0.4714, Accuracy: 79.77%, AUC: 0.79 - [VAL] Loss: 0.4923, Accuracy: 79.10%, AUC: 0.79
Epoch [100/100] - [TRAIN] Loss: 0.4697, Accuracy: 79.88%, AUC: 0.79 - [VAL] Loss: 0.4921, Accuracy: 79.19%, AUC: 0.79
Training finished!
Accuracy Score on test set: 79.63 %
AUC Score on test set: 0.79
Item: H3K27ac-H3K27me3-H3K4me3-H3K9me3-H3K9ac
Train set shape: (7399, 5, 4000) (7399,)
Validation set shape: (7377, 5, 4000) (7377,)
Test set shape: (7378, 5, 4000) (7378,)
New best model saved with validation metric: 19.4242
Epoch [1/100] - [TRAIN] Loss: 0.6412, Accuracy: 60.82%, AUC: 0.50 - [VAL] Loss: 0.6058, Accuracy: 60.82%, AUC: 0.50
Epoch [2/100] - [TRAIN] Loss: 0.5924, Accuracy: 60.82%, AUC: 0.50 - [VAL] Loss: 0.5768, Accuracy: 60.82%, AUC: 0.50
Epoch [3/100] - [TRAIN] Loss: 0.5702, Accuracy: 60.82%, AUC: 0.50 - [VAL] Loss: 0.5579, Accuracy: 60.82%, AUC: 0.50
New best model saved with validation metric: 24.8918
Epoch [4/100] - [TRAIN] Loss: 0.5557, Accuracy: 68.18%, AUC: 0.61 - [VAL] Loss: 0.5461, Accuracy: 77.94%, AUC: 0.76
New best model saved with validation metric: 24.9827
Epoch [5/100] - [TRAIN] Loss: 0.5468, Accuracy: 78.28%, AUC: 0.76 - [VAL] Loss: 0.5398, Accuracy: 78.23%, AUC: 0.77
New best model saved with validation metric: 25.0649
Epoch [6/100] - [TRAIN] Loss: 0.5416, Accuracy: 78.44%, AUC: 0.77 - [VAL] Loss: 0.5351, Accuracy: 78.49%, AUC: 0.78
Epoch [7/100] - [TRAIN] Loss: 0.5357, Accuracy: 78.70%, AUC: 0.78 - [VAL] Loss: 0.5311, Accuracy: 78.38%, AUC: 0.78
Epoch [8/100] - [TRAIN] Loss: 0.5330, Accuracy: 78.74%, AUC: 0.78 - [VAL] Loss: 0.5277, Accuracy: 78.34%, AUC: 0.78
Epoch [9/100] - [TRAIN] Loss: 0.5302, Accuracy: 78.62%, AUC: 0.78 - [VAL] Loss: 0.5247, Accuracy: 78.16%, AUC: 0.78
Epoch [10/100] - [TRAIN] Loss: 0.5269, Accuracy: 78.62%, AUC: 0.78 - [VAL] Loss: 0.5222, Accuracy: 78.20%, AUC: 0.78
Epoch [11/100] - [TRAIN] Loss: 0.5240, Accuracy: 78.54%, AUC: 0.78 - [VAL] Loss: 0.5201, Accuracy: 78.15%, AUC: 0.78
Epoch [12/100] - [TRAIN] Loss: 0.5214, Accuracy: 78.51%, AUC: 0.78 - [VAL] Loss: 0.5184, Accuracy: 77.96%, AUC: 0.78
Epoch [13/100] - [TRAIN] Loss: 0.5181, Accuracy: 78.42%, AUC: 0.78 - [VAL] Loss: 0.5167, Accuracy: 77.86%, AUC: 0.78
Epoch [14/100] - [TRAIN] Loss: 0.5167, Accuracy: 78.42%, AUC: 0.78 - [VAL] Loss: 0.5148, Accuracy: 77.89%, AUC: 0.78
Epoch [15/100] - [TRAIN] Loss: 0.5149, Accuracy: 78.48%, AUC: 0.78 - [VAL] Loss: 0.5129, Accuracy: 78.05%, AUC: 0.78
Epoch [16/100] - [TRAIN] Loss: 0.5140, Accuracy: 78.40%, AUC: 0.78 - [VAL] Loss: 0.5127, Accuracy: 77.78%, AUC: 0.78
Epoch [17/100] - [TRAIN] Loss: 0.5124, Accuracy: 78.35%, AUC: 0.78 - [VAL] Loss: 0.5110, Accuracy: 77.93%, AUC: 0.78
Epoch [18/100] - [TRAIN] Loss: 0.5101, Accuracy: 78.39%, AUC: 0.78 - [VAL] Loss: 0.5099, Accuracy: 78.00%, AUC: 0.78
Epoch [19/100] - [TRAIN] Loss: 0.5101, Accuracy: 78.47%, AUC: 0.78 - [VAL] Loss: 0.5088, Accuracy: 78.22%, AUC: 0.78
Epoch [20/100] - [TRAIN] Loss: 0.5077, Accuracy: 78.47%, AUC: 0.78 - [VAL] Loss: 0.5091, Accuracy: 77.84%, AUC: 0.78
Epoch [21/100] - [TRAIN] Loss: 0.5074, Accuracy: 78.47%, AUC: 0.78 - [VAL] Loss: 0.5080, Accuracy: 77.93%, AUC: 0.78
Epoch [22/100] - [TRAIN] Loss: 0.5075, Accuracy: 78.46%, AUC: 0.78 - [VAL] Loss: 0.5075, Accuracy: 77.96%, AUC: 0.78
Epoch [23/100] - [TRAIN] Loss: 0.5060, Accuracy: 78.46%, AUC: 0.78 - [VAL] Loss: 0.5063, Accuracy: 78.16%, AUC: 0.78
Epoch [24/100] - [TRAIN] Loss: 0.5050, Accuracy: 78.58%, AUC: 0.78 - [VAL] Loss: 0.5058, Accuracy: 78.13%, AUC: 0.78
Epoch [25/100] - [TRAIN] Loss: 0.5035, Accuracy: 78.51%, AUC: 0.78 - [VAL] Loss: 0.5048, Accuracy: 78.22%, AUC: 0.78
Epoch [26/100] - [TRAIN] Loss: 0.5040, Accuracy: 78.50%, AUC: 0.78 - [VAL] Loss: 0.5048, Accuracy: 78.13%, AUC: 0.78
Epoch [27/100] - [TRAIN] Loss: 0.5020, Accuracy: 78.62%, AUC: 0.78 - [VAL] Loss: 0.5040, Accuracy: 78.13%, AUC: 0.78
Epoch [28/100] - [TRAIN] Loss: 0.5018, Accuracy: 78.55%, AUC: 0.78 - [VAL] Loss: 0.5033, Accuracy: 78.23%, AUC: 0.78
Epoch [29/100] - [TRAIN] Loss: 0.5011, Accuracy: 78.69%, AUC: 0.78 - [VAL] Loss: 0.5031, Accuracy: 78.18%, AUC: 0.78
Epoch [30/100] - [TRAIN] Loss: 0.5003, Accuracy: 78.65%, AUC: 0.78 - [VAL] Loss: 0.5031, Accuracy: 78.12%, AUC: 0.78
Epoch [31/100] - [TRAIN] Loss: 0.4985, Accuracy: 78.62%, AUC: 0.78 - [VAL] Loss: 0.5020, Accuracy: 78.34%, AUC: 0.78
Epoch [32/100] - [TRAIN] Loss: 0.4976, Accuracy: 78.85%, AUC: 0.78 - [VAL] Loss: 0.5020, Accuracy: 78.23%, AUC: 0.78
Epoch [33/100] - [TRAIN] Loss: 0.4985, Accuracy: 78.66%, AUC: 0.78 - [VAL] Loss: 0.5015, Accuracy: 78.18%, AUC: 0.78
Epoch [34/100] - [TRAIN] Loss: 0.4991, Accuracy: 78.71%, AUC: 0.78 - [VAL] Loss: 0.5006, Accuracy: 78.46%, AUC: 0.78
Epoch [35/100] - [TRAIN] Loss: 0.4962, Accuracy: 78.88%, AUC: 0.78 - [VAL] Loss: 0.5002, Accuracy: 78.43%, AUC: 0.78
Epoch [36/100] - [TRAIN] Loss: 0.4962, Accuracy: 78.71%, AUC: 0.78 - [VAL] Loss: 0.5019, Accuracy: 78.11%, AUC: 0.78
Epoch [37/100] - [TRAIN] Loss: 0.4955, Accuracy: 78.78%, AUC: 0.78 - [VAL] Loss: 0.4993, Accuracy: 78.43%, AUC: 0.78
Epoch [38/100] - [TRAIN] Loss: 0.4964, Accuracy: 78.97%, AUC: 0.78 - [VAL] Loss: 0.5001, Accuracy: 78.35%, AUC: 0.78
Epoch [39/100] - [TRAIN] Loss: 0.4953, Accuracy: 78.90%, AUC: 0.78 - [VAL] Loss: 0.4989, Accuracy: 78.42%, AUC: 0.78
Epoch [40/100] - [TRAIN] Loss: 0.4932, Accuracy: 78.88%, AUC: 0.78 - [VAL] Loss: 0.4985, Accuracy: 78.37%, AUC: 0.78
Epoch [41/100] - [TRAIN] Loss: 0.4928, Accuracy: 79.00%, AUC: 0.78 - [VAL] Loss: 0.4999, Accuracy: 78.20%, AUC: 0.78
Epoch [42/100] - [TRAIN] Loss: 0.4915, Accuracy: 78.96%, AUC: 0.78 - [VAL] Loss: 0.4978, Accuracy: 78.42%, AUC: 0.78
New best model saved with validation metric: 25.0952
Epoch [43/100] - [TRAIN] Loss: 0.4911, Accuracy: 78.98%, AUC: 0.78 - [VAL] Loss: 0.4974, Accuracy: 78.58%, AUC: 0.78
New best model saved with validation metric: 25.0996
Epoch [44/100] - [TRAIN] Loss: 0.4909, Accuracy: 78.98%, AUC: 0.78 - [VAL] Loss: 0.4972, Accuracy: 78.60%, AUC: 0.78
Epoch [45/100] - [TRAIN] Loss: 0.4908, Accuracy: 78.86%, AUC: 0.78 - [VAL] Loss: 0.4975, Accuracy: 78.34%, AUC: 0.78
Epoch [46/100] - [TRAIN] Loss: 0.4899, Accuracy: 79.04%, AUC: 0.78 - [VAL] Loss: 0.4972, Accuracy: 78.49%, AUC: 0.78
New best model saved with validation metric: 25.1212
Epoch [47/100] - [TRAIN] Loss: 0.4892, Accuracy: 78.81%, AUC: 0.78 - [VAL] Loss: 0.4963, Accuracy: 78.66%, AUC: 0.78
Epoch [48/100] - [TRAIN] Loss: 0.4890, Accuracy: 78.97%, AUC: 0.78 - [VAL] Loss: 0.4967, Accuracy: 78.55%, AUC: 0.78
Epoch [49/100] - [TRAIN] Loss: 0.4881, Accuracy: 78.92%, AUC: 0.78 - [VAL] Loss: 0.4970, Accuracy: 78.42%, AUC: 0.78
Epoch [50/100] - [TRAIN] Loss: 0.4877, Accuracy: 79.09%, AUC: 0.78 - [VAL] Loss: 0.4967, Accuracy: 78.51%, AUC: 0.78
New best model saved with validation metric: 25.1688
Epoch [51/100] - [TRAIN] Loss: 0.4881, Accuracy: 79.16%, AUC: 0.78 - [VAL] Loss: 0.4954, Accuracy: 78.81%, AUC: 0.78
New best model saved with validation metric: 25.1732
Epoch [52/100] - [TRAIN] Loss: 0.4868, Accuracy: 79.08%, AUC: 0.78 - [VAL] Loss: 0.4952, Accuracy: 78.83%, AUC: 0.78
Epoch [53/100] - [TRAIN] Loss: 0.4862, Accuracy: 79.00%, AUC: 0.78 - [VAL] Loss: 0.4950, Accuracy: 78.79%, AUC: 0.78
Epoch [54/100] - [TRAIN] Loss: 0.4857, Accuracy: 79.25%, AUC: 0.78 - [VAL] Loss: 0.4951, Accuracy: 78.73%, AUC: 0.78
Epoch [55/100] - [TRAIN] Loss: 0.4869, Accuracy: 79.16%, AUC: 0.78 - [VAL] Loss: 0.4955, Accuracy: 78.70%, AUC: 0.78
New best model saved with validation metric: 25.1818
Epoch [56/100] - [TRAIN] Loss: 0.4862, Accuracy: 79.17%, AUC: 0.78 - [VAL] Loss: 0.4945, Accuracy: 78.85%, AUC: 0.78
Epoch [57/100] - [TRAIN] Loss: 0.4841, Accuracy: 79.19%, AUC: 0.78 - [VAL] Loss: 0.4945, Accuracy: 78.80%, AUC: 0.78
Epoch [58/100] - [TRAIN] Loss: 0.4840, Accuracy: 79.29%, AUC: 0.79 - [VAL] Loss: 0.4946, Accuracy: 78.76%, AUC: 0.78
Epoch [59/100] - [TRAIN] Loss: 0.4837, Accuracy: 79.23%, AUC: 0.78 - [VAL] Loss: 0.4950, Accuracy: 78.68%, AUC: 0.78
New best model saved with validation metric: 25.1861
Epoch [60/100] - [TRAIN] Loss: 0.4829, Accuracy: 79.39%, AUC: 0.79 - [VAL] Loss: 0.4938, Accuracy: 78.87%, AUC: 0.78
Epoch [61/100] - [TRAIN] Loss: 0.4829, Accuracy: 79.24%, AUC: 0.78 - [VAL] Loss: 0.4954, Accuracy: 78.66%, AUC: 0.78
Epoch [62/100] - [TRAIN] Loss: 0.4825, Accuracy: 79.38%, AUC: 0.79 - [VAL] Loss: 0.4940, Accuracy: 78.77%, AUC: 0.78
Epoch [63/100] - [TRAIN] Loss: 0.4826, Accuracy: 79.35%, AUC: 0.79 - [VAL] Loss: 0.4944, Accuracy: 78.72%, AUC: 0.78
Epoch [64/100] - [TRAIN] Loss: 0.4819, Accuracy: 79.43%, AUC: 0.79 - [VAL] Loss: 0.4954, Accuracy: 78.61%, AUC: 0.78
Epoch [65/100] - [TRAIN] Loss: 0.4813, Accuracy: 79.32%, AUC: 0.79 - [VAL] Loss: 0.4938, Accuracy: 78.85%, AUC: 0.78
Epoch [66/100] - [TRAIN] Loss: 0.4801, Accuracy: 79.40%, AUC: 0.79 - [VAL] Loss: 0.4936, Accuracy: 78.84%, AUC: 0.78
Epoch [67/100] - [TRAIN] Loss: 0.4794, Accuracy: 79.40%, AUC: 0.79 - [VAL] Loss: 0.4934, Accuracy: 78.84%, AUC: 0.78
Epoch [68/100] - [TRAIN] Loss: 0.4801, Accuracy: 79.40%, AUC: 0.79 - [VAL] Loss: 0.4933, Accuracy: 78.81%, AUC: 0.78
Epoch [69/100] - [TRAIN] Loss: 0.4795, Accuracy: 79.51%, AUC: 0.79 - [VAL] Loss: 0.4932, Accuracy: 78.80%, AUC: 0.78
Epoch [70/100] - [TRAIN] Loss: 0.4779, Accuracy: 79.34%, AUC: 0.79 - [VAL] Loss: 0.4933, Accuracy: 78.79%, AUC: 0.78
Epoch [71/100] - [TRAIN] Loss: 0.4790, Accuracy: 79.55%, AUC: 0.79 - [VAL] Loss: 0.4935, Accuracy: 78.80%, AUC: 0.78
Epoch [72/100] - [TRAIN] Loss: 0.4774, Accuracy: 79.50%, AUC: 0.79 - [VAL] Loss: 0.4933, Accuracy: 78.80%, AUC: 0.78
Epoch [73/100] - [TRAIN] Loss: 0.4774, Accuracy: 79.34%, AUC: 0.79 - [VAL] Loss: 0.4950, Accuracy: 78.69%, AUC: 0.78
Epoch [74/100] - [TRAIN] Loss: 0.4758, Accuracy: 79.44%, AUC: 0.79 - [VAL] Loss: 0.4928, Accuracy: 78.81%, AUC: 0.78
New best model saved with validation metric: 25.2381
Epoch [75/100] - [TRAIN] Loss: 0.4758, Accuracy: 79.47%, AUC: 0.79 - [VAL] Loss: 0.4927, Accuracy: 79.03%, AUC: 0.78
Epoch [76/100] - [TRAIN] Loss: 0.4759, Accuracy: 79.58%, AUC: 0.79 - [VAL] Loss: 0.4932, Accuracy: 78.84%, AUC: 0.78
Epoch [77/100] - [TRAIN] Loss: 0.4763, Accuracy: 79.69%, AUC: 0.79 - [VAL] Loss: 0.4935, Accuracy: 78.70%, AUC: 0.78
Epoch [78/100] - [TRAIN] Loss: 0.4747, Accuracy: 79.63%, AUC: 0.79 - [VAL] Loss: 0.4925, Accuracy: 78.95%, AUC: 0.78
Epoch [79/100] - [TRAIN] Loss: 0.4758, Accuracy: 79.61%, AUC: 0.79 - [VAL] Loss: 0.4927, Accuracy: 78.85%, AUC: 0.78
Epoch [80/100] - [TRAIN] Loss: 0.4747, Accuracy: 79.61%, AUC: 0.79 - [VAL] Loss: 0.4931, Accuracy: 78.89%, AUC: 0.78
Epoch [81/100] - [TRAIN] Loss: 0.4745, Accuracy: 79.44%, AUC: 0.79 - [VAL] Loss: 0.4970, Accuracy: 78.70%, AUC: 0.78
Epoch [82/100] - [TRAIN] Loss: 0.4742, Accuracy: 79.50%, AUC: 0.79 - [VAL] Loss: 0.4954, Accuracy: 78.64%, AUC: 0.78
Epoch [83/100] - [TRAIN] Loss: 0.4732, Accuracy: 79.58%, AUC: 0.79 - [VAL] Loss: 0.4956, Accuracy: 78.73%, AUC: 0.78
Epoch [84/100] - [TRAIN] Loss: 0.4737, Accuracy: 79.63%, AUC: 0.79 - [VAL] Loss: 0.4931, Accuracy: 78.80%, AUC: 0.78
Epoch [85/100] - [TRAIN] Loss: 0.4720, Accuracy: 79.73%, AUC: 0.79 - [VAL] Loss: 0.4928, Accuracy: 78.92%, AUC: 0.78
Epoch [86/100] - [TRAIN] Loss: 0.4739, Accuracy: 79.77%, AUC: 0.79 - [VAL] Loss: 0.4945, Accuracy: 78.77%, AUC: 0.78
Epoch [87/100] - [TRAIN] Loss: 0.4716, Accuracy: 79.59%, AUC: 0.79 - [VAL] Loss: 0.4941, Accuracy: 78.74%, AUC: 0.78
Epoch [88/100] - [TRAIN] Loss: 0.4722, Accuracy: 79.71%, AUC: 0.79 - [VAL] Loss: 0.4929, Accuracy: 78.95%, AUC: 0.78
Epoch [89/100] - [TRAIN] Loss: 0.4717, Accuracy: 79.66%, AUC: 0.79 - [VAL] Loss: 0.4929, Accuracy: 78.91%, AUC: 0.78
Epoch [90/100] - [TRAIN] Loss: 0.4702, Accuracy: 79.66%, AUC: 0.79 - [VAL] Loss: 0.4963, Accuracy: 78.77%, AUC: 0.78
Epoch [91/100] - [TRAIN] Loss: 0.4702, Accuracy: 79.67%, AUC: 0.79 - [VAL] Loss: 0.4954, Accuracy: 78.81%, AUC: 0.78
Epoch [92/100] - [TRAIN] Loss: 0.4707, Accuracy: 79.81%, AUC: 0.79 - [VAL] Loss: 0.4953, Accuracy: 78.80%, AUC: 0.78
Epoch [93/100] - [TRAIN] Loss: 0.4699, Accuracy: 79.70%, AUC: 0.79 - [VAL] Loss: 0.4931, Accuracy: 78.88%, AUC: 0.78
Epoch [94/100] - [TRAIN] Loss: 0.4704, Accuracy: 79.70%, AUC: 0.79 - [VAL] Loss: 0.4953, Accuracy: 78.80%, AUC: 0.78
Epoch [95/100] - [TRAIN] Loss: 0.4703, Accuracy: 79.77%, AUC: 0.79 - [VAL] Loss: 0.4935, Accuracy: 78.92%, AUC: 0.78
Epoch [96/100] - [TRAIN] Loss: 0.4707, Accuracy: 79.73%, AUC: 0.79 - [VAL] Loss: 0.4969, Accuracy: 78.84%, AUC: 0.78
Epoch [97/100] - [TRAIN] Loss: 0.4686, Accuracy: 79.71%, AUC: 0.79 - [VAL] Loss: 0.4928, Accuracy: 78.95%, AUC: 0.78
Epoch [98/100] - [TRAIN] Loss: 0.4684, Accuracy: 79.74%, AUC: 0.79 - [VAL] Loss: 0.4939, Accuracy: 78.88%, AUC: 0.78
Epoch [99/100] - [TRAIN] Loss: 0.4672, Accuracy: 79.75%, AUC: 0.79 - [VAL] Loss: 0.4952, Accuracy: 78.85%, AUC: 0.78
Epoch [100/100] - [TRAIN] Loss: 0.4672, Accuracy: 79.89%, AUC: 0.79 - [VAL] Loss: 0.4933, Accuracy: 78.88%, AUC: 0.78
Training finished!
Accuracy Score on test set: 79.34 %
AUC Score on test set: 0.79
Item: H3K27ac-H3K27me3-H3K9ac-H3K4me3-H3K9me3
Train set shape: (7399, 5, 4000) (7399,)
Validation set shape: (7377, 5, 4000) (7377,)
Test set shape: (7378, 5, 4000) (7378,)
New best model saved with validation metric: 19.4242
Epoch [1/100] - [TRAIN] Loss: 0.6555, Accuracy: 61.39%, AUC: 0.52 - [VAL] Loss: 0.6227, Accuracy: 60.82%, AUC: 0.50
Epoch [2/100] - [TRAIN] Loss: 0.6055, Accuracy: 60.82%, AUC: 0.50 - [VAL] Loss: 0.5846, Accuracy: 60.82%, AUC: 0.50
New best model saved with validation metric: 24.2554
Epoch [3/100] - [TRAIN] Loss: 0.5741, Accuracy: 61.16%, AUC: 0.50 - [VAL] Loss: 0.5574, Accuracy: 75.95%, AUC: 0.73
New best model saved with validation metric: 25.1039
Epoch [4/100] - [TRAIN] Loss: 0.5528, Accuracy: 76.71%, AUC: 0.74 - [VAL] Loss: 0.5394, Accuracy: 78.61%, AUC: 0.78
Epoch [5/100] - [TRAIN] Loss: 0.5381, Accuracy: 78.65%, AUC: 0.78 - [VAL] Loss: 0.5290, Accuracy: 78.43%, AUC: 0.78
Epoch [6/100] - [TRAIN] Loss: 0.5304, Accuracy: 78.44%, AUC: 0.78 - [VAL] Loss: 0.5238, Accuracy: 78.31%, AUC: 0.78
Epoch [7/100] - [TRAIN] Loss: 0.5260, Accuracy: 78.25%, AUC: 0.78 - [VAL] Loss: 0.5209, Accuracy: 78.00%, AUC: 0.78
Epoch [8/100] - [TRAIN] Loss: 0.5239, Accuracy: 78.15%, AUC: 0.78 - [VAL] Loss: 0.5185, Accuracy: 77.86%, AUC: 0.78
Epoch [9/100] - [TRAIN] Loss: 0.5200, Accuracy: 78.13%, AUC: 0.78 - [VAL] Loss: 0.5166, Accuracy: 77.59%, AUC: 0.78
Epoch [10/100] - [TRAIN] Loss: 0.5172, Accuracy: 78.21%, AUC: 0.78 - [VAL] Loss: 0.5142, Accuracy: 77.73%, AUC: 0.78
Epoch [11/100] - [TRAIN] Loss: 0.5148, Accuracy: 78.19%, AUC: 0.78 - [VAL] Loss: 0.5122, Accuracy: 77.76%, AUC: 0.78
Epoch [12/100] - [TRAIN] Loss: 0.5134, Accuracy: 78.21%, AUC: 0.78 - [VAL] Loss: 0.5106, Accuracy: 77.81%, AUC: 0.78
Epoch [13/100] - [TRAIN] Loss: 0.5119, Accuracy: 78.13%, AUC: 0.78 - [VAL] Loss: 0.5093, Accuracy: 77.84%, AUC: 0.78
Epoch [14/100] - [TRAIN] Loss: 0.5100, Accuracy: 78.06%, AUC: 0.78 - [VAL] Loss: 0.5081, Accuracy: 77.82%, AUC: 0.78
Epoch [15/100] - [TRAIN] Loss: 0.5084, Accuracy: 78.21%, AUC: 0.78 - [VAL] Loss: 0.5079, Accuracy: 77.61%, AUC: 0.78
Epoch [16/100] - [TRAIN] Loss: 0.5078, Accuracy: 78.27%, AUC: 0.78 - [VAL] Loss: 0.5061, Accuracy: 77.96%, AUC: 0.78
Epoch [17/100] - [TRAIN] Loss: 0.5063, Accuracy: 78.32%, AUC: 0.78 - [VAL] Loss: 0.5055, Accuracy: 77.94%, AUC: 0.78
Epoch [18/100] - [TRAIN] Loss: 0.5051, Accuracy: 78.27%, AUC: 0.78 - [VAL] Loss: 0.5043, Accuracy: 78.19%, AUC: 0.78
Epoch [19/100] - [TRAIN] Loss: 0.5054, Accuracy: 78.48%, AUC: 0.78 - [VAL] Loss: 0.5036, Accuracy: 78.30%, AUC: 0.78
Epoch [20/100] - [TRAIN] Loss: 0.5032, Accuracy: 78.43%, AUC: 0.78 - [VAL] Loss: 0.5029, Accuracy: 78.35%, AUC: 0.78
Epoch [21/100] - [TRAIN] Loss: 0.5033, Accuracy: 78.54%, AUC: 0.78 - [VAL] Loss: 0.5026, Accuracy: 78.28%, AUC: 0.78
Epoch [22/100] - [TRAIN] Loss: 0.5016, Accuracy: 78.42%, AUC: 0.78 - [VAL] Loss: 0.5017, Accuracy: 78.42%, AUC: 0.78
Epoch [23/100] - [TRAIN] Loss: 0.5017, Accuracy: 78.54%, AUC: 0.78 - [VAL] Loss: 0.5021, Accuracy: 78.22%, AUC: 0.78
Epoch [24/100] - [TRAIN] Loss: 0.5008, Accuracy: 78.54%, AUC: 0.78 - [VAL] Loss: 0.5007, Accuracy: 78.46%, AUC: 0.78
Epoch [25/100] - [TRAIN] Loss: 0.5005, Accuracy: 78.54%, AUC: 0.78 - [VAL] Loss: 0.5003, Accuracy: 78.46%, AUC: 0.78
New best model saved with validation metric: 25.1082
Epoch [26/100] - [TRAIN] Loss: 0.4983, Accuracy: 78.70%, AUC: 0.78 - [VAL] Loss: 0.4996, Accuracy: 78.62%, AUC: 0.78
New best model saved with validation metric: 25.1169
Epoch [27/100] - [TRAIN] Loss: 0.4990, Accuracy: 78.82%, AUC: 0.78 - [VAL] Loss: 0.4992, Accuracy: 78.65%, AUC: 0.78
Epoch [28/100] - [TRAIN] Loss: 0.4971, Accuracy: 78.73%, AUC: 0.78 - [VAL] Loss: 0.4991, Accuracy: 78.49%, AUC: 0.78
Epoch [29/100] - [TRAIN] Loss: 0.4963, Accuracy: 78.77%, AUC: 0.78 - [VAL] Loss: 0.4985, Accuracy: 78.58%, AUC: 0.78
Epoch [30/100] - [TRAIN] Loss: 0.4960, Accuracy: 78.75%, AUC: 0.78 - [VAL] Loss: 0.4985, Accuracy: 78.51%, AUC: 0.78
Epoch [31/100] - [TRAIN] Loss: 0.4949, Accuracy: 78.62%, AUC: 0.78 - [VAL] Loss: 0.4978, Accuracy: 78.55%, AUC: 0.78
New best model saved with validation metric: 25.1299
Epoch [32/100] - [TRAIN] Loss: 0.4956, Accuracy: 78.73%, AUC: 0.78 - [VAL] Loss: 0.4973, Accuracy: 78.69%, AUC: 0.78
Epoch [33/100] - [TRAIN] Loss: 0.4941, Accuracy: 78.81%, AUC: 0.78 - [VAL] Loss: 0.4971, Accuracy: 78.57%, AUC: 0.78
Epoch [34/100] - [TRAIN] Loss: 0.4945, Accuracy: 78.78%, AUC: 0.78 - [VAL] Loss: 0.4967, Accuracy: 78.62%, AUC: 0.78
Epoch [35/100] - [TRAIN] Loss: 0.4939, Accuracy: 78.90%, AUC: 0.78 - [VAL] Loss: 0.4967, Accuracy: 78.54%, AUC: 0.78
Epoch [36/100] - [TRAIN] Loss: 0.4934, Accuracy: 78.86%, AUC: 0.78 - [VAL] Loss: 0.4965, Accuracy: 78.49%, AUC: 0.78
Epoch [37/100] - [TRAIN] Loss: 0.4919, Accuracy: 78.94%, AUC: 0.78 - [VAL] Loss: 0.4963, Accuracy: 78.47%, AUC: 0.78
New best model saved with validation metric: 25.1429
Epoch [38/100] - [TRAIN] Loss: 0.4915, Accuracy: 78.85%, AUC: 0.78 - [VAL] Loss: 0.4955, Accuracy: 78.73%, AUC: 0.78
Epoch [39/100] - [TRAIN] Loss: 0.4912, Accuracy: 78.96%, AUC: 0.78 - [VAL] Loss: 0.4955, Accuracy: 78.60%, AUC: 0.78
New best model saved with validation metric: 25.1515
Epoch [40/100] - [TRAIN] Loss: 0.4910, Accuracy: 78.98%, AUC: 0.78 - [VAL] Loss: 0.4950, Accuracy: 78.76%, AUC: 0.78
Epoch [41/100] - [TRAIN] Loss: 0.4902, Accuracy: 79.01%, AUC: 0.78 - [VAL] Loss: 0.4947, Accuracy: 78.74%, AUC: 0.78
Epoch [42/100] - [TRAIN] Loss: 0.4902, Accuracy: 79.09%, AUC: 0.78 - [VAL] Loss: 0.4948, Accuracy: 78.57%, AUC: 0.78
Epoch [43/100] - [TRAIN] Loss: 0.4890, Accuracy: 78.96%, AUC: 0.78 - [VAL] Loss: 0.4949, Accuracy: 78.51%, AUC: 0.78
Epoch [44/100] - [TRAIN] Loss: 0.4894, Accuracy: 79.01%, AUC: 0.78 - [VAL] Loss: 0.4946, Accuracy: 78.57%, AUC: 0.78
Epoch [45/100] - [TRAIN] Loss: 0.4879, Accuracy: 78.96%, AUC: 0.78 - [VAL] Loss: 0.4939, Accuracy: 78.74%, AUC: 0.78
Epoch [46/100] - [TRAIN] Loss: 0.4880, Accuracy: 79.11%, AUC: 0.78 - [VAL] Loss: 0.4943, Accuracy: 78.58%, AUC: 0.78
New best model saved with validation metric: 25.1991
Epoch [47/100] - [TRAIN] Loss: 0.4893, Accuracy: 78.97%, AUC: 0.78 - [VAL] Loss: 0.4936, Accuracy: 78.91%, AUC: 0.78
Epoch [48/100] - [TRAIN] Loss: 0.4872, Accuracy: 79.05%, AUC: 0.78 - [VAL] Loss: 0.4935, Accuracy: 78.73%, AUC: 0.78
Epoch [49/100] - [TRAIN] Loss: 0.4877, Accuracy: 79.17%, AUC: 0.78 - [VAL] Loss: 0.4941, Accuracy: 78.61%, AUC: 0.78
Epoch [50/100] - [TRAIN] Loss: 0.4873, Accuracy: 79.09%, AUC: 0.78 - [VAL] Loss: 0.4946, Accuracy: 78.51%, AUC: 0.78
Epoch [51/100] - [TRAIN] Loss: 0.4862, Accuracy: 79.21%, AUC: 0.78 - [VAL] Loss: 0.4934, Accuracy: 78.72%, AUC: 0.78
Epoch [52/100] - [TRAIN] Loss: 0.4849, Accuracy: 79.01%, AUC: 0.78 - [VAL] Loss: 0.4936, Accuracy: 78.68%, AUC: 0.78
Epoch [53/100] - [TRAIN] Loss: 0.4855, Accuracy: 79.05%, AUC: 0.78 - [VAL] Loss: 0.4937, Accuracy: 78.60%, AUC: 0.78
Epoch [54/100] - [TRAIN] Loss: 0.4863, Accuracy: 79.06%, AUC: 0.78 - [VAL] Loss: 0.4930, Accuracy: 78.72%, AUC: 0.78
New best model saved with validation metric: 25.2121
Epoch [55/100] - [TRAIN] Loss: 0.4852, Accuracy: 79.19%, AUC: 0.78 - [VAL] Loss: 0.4923, Accuracy: 78.95%, AUC: 0.78
Epoch [56/100] - [TRAIN] Loss: 0.4845, Accuracy: 79.08%, AUC: 0.78 - [VAL] Loss: 0.4924, Accuracy: 78.74%, AUC: 0.78
Epoch [57/100] - [TRAIN] Loss: 0.4838, Accuracy: 79.24%, AUC: 0.78 - [VAL] Loss: 0.4948, Accuracy: 78.53%, AUC: 0.78
Epoch [58/100] - [TRAIN] Loss: 0.4835, Accuracy: 79.23%, AUC: 0.78 - [VAL] Loss: 0.4949, Accuracy: 78.58%, AUC: 0.78
Epoch [59/100] - [TRAIN] Loss: 0.4849, Accuracy: 79.09%, AUC: 0.78 - [VAL] Loss: 0.4922, Accuracy: 78.72%, AUC: 0.78
Epoch [60/100] - [TRAIN] Loss: 0.4819, Accuracy: 79.19%, AUC: 0.78 - [VAL] Loss: 0.4932, Accuracy: 78.62%, AUC: 0.78
Epoch [61/100] - [TRAIN] Loss: 0.4826, Accuracy: 79.25%, AUC: 0.79 - [VAL] Loss: 0.4935, Accuracy: 78.57%, AUC: 0.78
Epoch [62/100] - [TRAIN] Loss: 0.4836, Accuracy: 79.25%, AUC: 0.79 - [VAL] Loss: 0.4921, Accuracy: 78.80%, AUC: 0.78
Epoch [63/100] - [TRAIN] Loss: 0.4824, Accuracy: 79.39%, AUC: 0.79 - [VAL] Loss: 0.4923, Accuracy: 78.74%, AUC: 0.78
Epoch [64/100] - [TRAIN] Loss: 0.4808, Accuracy: 79.23%, AUC: 0.79 - [VAL] Loss: 0.4917, Accuracy: 78.84%, AUC: 0.78
Epoch [65/100] - [TRAIN] Loss: 0.4801, Accuracy: 79.34%, AUC: 0.79 - [VAL] Loss: 0.4923, Accuracy: 78.72%, AUC: 0.78
Epoch [66/100] - [TRAIN] Loss: 0.4810, Accuracy: 79.31%, AUC: 0.79 - [VAL] Loss: 0.4916, Accuracy: 78.87%, AUC: 0.78
Epoch [67/100] - [TRAIN] Loss: 0.4793, Accuracy: 79.29%, AUC: 0.79 - [VAL] Loss: 0.4919, Accuracy: 78.83%, AUC: 0.78
Epoch [68/100] - [TRAIN] Loss: 0.4794, Accuracy: 79.40%, AUC: 0.79 - [VAL] Loss: 0.4915, Accuracy: 78.85%, AUC: 0.78
Epoch [69/100] - [TRAIN] Loss: 0.4793, Accuracy: 79.40%, AUC: 0.79 - [VAL] Loss: 0.4917, Accuracy: 78.80%, AUC: 0.78
Epoch [70/100] - [TRAIN] Loss: 0.4795, Accuracy: 79.43%, AUC: 0.79 - [VAL] Loss: 0.4922, Accuracy: 78.76%, AUC: 0.78
Epoch [71/100] - [TRAIN] Loss: 0.4781, Accuracy: 79.50%, AUC: 0.79 - [VAL] Loss: 0.4944, Accuracy: 78.65%, AUC: 0.78
Epoch [72/100] - [TRAIN] Loss: 0.4800, Accuracy: 79.29%, AUC: 0.79 - [VAL] Loss: 0.4928, Accuracy: 78.73%, AUC: 0.78
Epoch [73/100] - [TRAIN] Loss: 0.4793, Accuracy: 79.51%, AUC: 0.79 - [VAL] Loss: 0.4927, Accuracy: 78.74%, AUC: 0.78
Epoch [74/100] - [TRAIN] Loss: 0.4776, Accuracy: 79.58%, AUC: 0.79 - [VAL] Loss: 0.4920, Accuracy: 78.79%, AUC: 0.78
Epoch [75/100] - [TRAIN] Loss: 0.4780, Accuracy: 79.48%, AUC: 0.79 - [VAL] Loss: 0.4920, Accuracy: 78.74%, AUC: 0.78
Epoch [76/100] - [TRAIN] Loss: 0.4777, Accuracy: 79.62%, AUC: 0.79 - [VAL] Loss: 0.4914, Accuracy: 78.88%, AUC: 0.78
Epoch [77/100] - [TRAIN] Loss: 0.4772, Accuracy: 79.58%, AUC: 0.79 - [VAL] Loss: 0.4928, Accuracy: 78.74%, AUC: 0.78
Epoch [78/100] - [TRAIN] Loss: 0.4757, Accuracy: 79.55%, AUC: 0.79 - [VAL] Loss: 0.4927, Accuracy: 78.73%, AUC: 0.78
Epoch [79/100] - [TRAIN] Loss: 0.4754, Accuracy: 79.70%, AUC: 0.79 - [VAL] Loss: 0.4915, Accuracy: 78.83%, AUC: 0.78
New best model saved with validation metric: 25.2771
Epoch [80/100] - [TRAIN] Loss: 0.4765, Accuracy: 79.58%, AUC: 0.79 - [VAL] Loss: 0.4920, Accuracy: 79.15%, AUC: 0.78
Epoch [81/100] - [TRAIN] Loss: 0.4750, Accuracy: 79.70%, AUC: 0.79 - [VAL] Loss: 0.4919, Accuracy: 78.79%, AUC: 0.78
Epoch [82/100] - [TRAIN] Loss: 0.4750, Accuracy: 79.63%, AUC: 0.79 - [VAL] Loss: 0.4919, Accuracy: 79.08%, AUC: 0.78
Epoch [83/100] - [TRAIN] Loss: 0.4749, Accuracy: 79.47%, AUC: 0.79 - [VAL] Loss: 0.4920, Accuracy: 79.02%, AUC: 0.78
Epoch [84/100] - [TRAIN] Loss: 0.4756, Accuracy: 79.61%, AUC: 0.79 - [VAL] Loss: 0.4935, Accuracy: 78.77%, AUC: 0.78
Epoch [85/100] - [TRAIN] Loss: 0.4743, Accuracy: 79.71%, AUC: 0.79 - [VAL] Loss: 0.4931, Accuracy: 78.77%, AUC: 0.78
Epoch [86/100] - [TRAIN] Loss: 0.4748, Accuracy: 79.61%, AUC: 0.79 - [VAL] Loss: 0.4916, Accuracy: 78.98%, AUC: 0.78
Epoch [87/100] - [TRAIN] Loss: 0.4734, Accuracy: 79.67%, AUC: 0.79 - [VAL] Loss: 0.4927, Accuracy: 78.81%, AUC: 0.78
Epoch [88/100] - [TRAIN] Loss: 0.4729, Accuracy: 79.62%, AUC: 0.79 - [VAL] Loss: 0.4921, Accuracy: 79.10%, AUC: 0.78
Epoch [89/100] - [TRAIN] Loss: 0.4729, Accuracy: 79.67%, AUC: 0.79 - [VAL] Loss: 0.4922, Accuracy: 78.92%, AUC: 0.78
Epoch [90/100] - [TRAIN] Loss: 0.4731, Accuracy: 79.89%, AUC: 0.79 - [VAL] Loss: 0.4924, Accuracy: 78.87%, AUC: 0.78
Epoch [91/100] - [TRAIN] Loss: 0.4732, Accuracy: 79.66%, AUC: 0.79 - [VAL] Loss: 0.4922, Accuracy: 79.07%, AUC: 0.78
Epoch [92/100] - [TRAIN] Loss: 0.4716, Accuracy: 79.77%, AUC: 0.79 - [VAL] Loss: 0.4924, Accuracy: 79.11%, AUC: 0.78
Epoch [93/100] - [TRAIN] Loss: 0.4737, Accuracy: 79.73%, AUC: 0.79 - [VAL] Loss: 0.4925, Accuracy: 78.96%, AUC: 0.78
Epoch [94/100] - [TRAIN] Loss: 0.4714, Accuracy: 79.70%, AUC: 0.79 - [VAL] Loss: 0.4930, Accuracy: 78.95%, AUC: 0.78
Epoch [95/100] - [TRAIN] Loss: 0.4720, Accuracy: 79.69%, AUC: 0.79 - [VAL] Loss: 0.4924, Accuracy: 78.98%, AUC: 0.78
Epoch [96/100] - [TRAIN] Loss: 0.4718, Accuracy: 79.82%, AUC: 0.79 - [VAL] Loss: 0.4937, Accuracy: 78.85%, AUC: 0.78
Epoch [97/100] - [TRAIN] Loss: 0.4702, Accuracy: 79.82%, AUC: 0.79 - [VAL] Loss: 0.4929, Accuracy: 78.95%, AUC: 0.78
Epoch [98/100] - [TRAIN] Loss: 0.4720, Accuracy: 79.59%, AUC: 0.79 - [VAL] Loss: 0.4977, Accuracy: 78.58%, AUC: 0.78
Epoch [99/100] - [TRAIN] Loss: 0.4702, Accuracy: 79.70%, AUC: 0.79 - [VAL] Loss: 0.4927, Accuracy: 79.04%, AUC: 0.78
Epoch [100/100] - [TRAIN] Loss: 0.4700, Accuracy: 79.79%, AUC: 0.79 - [VAL] Loss: 0.4932, Accuracy: 78.92%, AUC: 0.78
Training finished!
Accuracy Score on test set: 79.45 %
AUC Score on test set: 0.79
Item: H3K27ac-H3K27me3-H3K9ac-H3K9me3-H3K4me3
Train set shape: (7399, 5, 4000) (7399,)
Validation set shape: (7377, 5, 4000) (7377,)
Test set shape: (7378, 5, 4000) (7378,)
New best model saved with validation metric: 19.4242
Epoch [1/100] - [TRAIN] Loss: 0.6488, Accuracy: 62.86%, AUC: 0.59 - [VAL] Loss: 0.6010, Accuracy: 60.82%, AUC: 0.50
New best model saved with validation metric: 19.4286
Epoch [2/100] - [TRAIN] Loss: 0.5801, Accuracy: 60.89%, AUC: 0.50 - [VAL] Loss: 0.5603, Accuracy: 60.84%, AUC: 0.50
New best model saved with validation metric: 24.9610
Epoch [3/100] - [TRAIN] Loss: 0.5531, Accuracy: 76.01%, AUC: 0.73 - [VAL] Loss: 0.5409, Accuracy: 78.16%, AUC: 0.77
New best model saved with validation metric: 25.0173
Epoch [4/100] - [TRAIN] Loss: 0.5399, Accuracy: 78.28%, AUC: 0.77 - [VAL] Loss: 0.5316, Accuracy: 78.34%, AUC: 0.77
Epoch [5/100] - [TRAIN] Loss: 0.5342, Accuracy: 78.58%, AUC: 0.78 - [VAL] Loss: 0.5269, Accuracy: 78.18%, AUC: 0.78
Epoch [6/100] - [TRAIN] Loss: 0.5296, Accuracy: 78.43%, AUC: 0.78 - [VAL] Loss: 0.5239, Accuracy: 78.12%, AUC: 0.78
Epoch [7/100] - [TRAIN] Loss: 0.5265, Accuracy: 78.43%, AUC: 0.78 - [VAL] Loss: 0.5207, Accuracy: 78.22%, AUC: 0.78
Epoch [8/100] - [TRAIN] Loss: 0.5223, Accuracy: 78.35%, AUC: 0.78 - [VAL] Loss: 0.5185, Accuracy: 78.12%, AUC: 0.78
Epoch [9/100] - [TRAIN] Loss: 0.5213, Accuracy: 78.33%, AUC: 0.78 - [VAL] Loss: 0.5166, Accuracy: 78.01%, AUC: 0.78
Epoch [10/100] - [TRAIN] Loss: 0.5197, Accuracy: 78.40%, AUC: 0.78 - [VAL] Loss: 0.5157, Accuracy: 77.73%, AUC: 0.78
Epoch [11/100] - [TRAIN] Loss: 0.5168, Accuracy: 78.09%, AUC: 0.78 - [VAL] Loss: 0.5135, Accuracy: 77.90%, AUC: 0.78
Epoch [12/100] - [TRAIN] Loss: 0.5145, Accuracy: 78.16%, AUC: 0.78 - [VAL] Loss: 0.5118, Accuracy: 78.00%, AUC: 0.78
Epoch [13/100] - [TRAIN] Loss: 0.5139, Accuracy: 78.29%, AUC: 0.78 - [VAL] Loss: 0.5111, Accuracy: 77.74%, AUC: 0.78
Epoch [14/100] - [TRAIN] Loss: 0.5105, Accuracy: 78.19%, AUC: 0.78 - [VAL] Loss: 0.5097, Accuracy: 77.85%, AUC: 0.78
Epoch [15/100] - [TRAIN] Loss: 0.5100, Accuracy: 78.28%, AUC: 0.78 - [VAL] Loss: 0.5087, Accuracy: 78.01%, AUC: 0.78
Epoch [16/100] - [TRAIN] Loss: 0.5095, Accuracy: 78.33%, AUC: 0.78 - [VAL] Loss: 0.5080, Accuracy: 78.07%, AUC: 0.78
Epoch [17/100] - [TRAIN] Loss: 0.5077, Accuracy: 78.35%, AUC: 0.78 - [VAL] Loss: 0.5070, Accuracy: 78.13%, AUC: 0.78
Epoch [18/100] - [TRAIN] Loss: 0.5075, Accuracy: 78.44%, AUC: 0.78 - [VAL] Loss: 0.5067, Accuracy: 78.01%, AUC: 0.78
Epoch [19/100] - [TRAIN] Loss: 0.5059, Accuracy: 78.35%, AUC: 0.78 - [VAL] Loss: 0.5064, Accuracy: 77.99%, AUC: 0.78
Epoch [20/100] - [TRAIN] Loss: 0.5048, Accuracy: 78.25%, AUC: 0.78 - [VAL] Loss: 0.5051, Accuracy: 78.34%, AUC: 0.78
Epoch [21/100] - [TRAIN] Loss: 0.5058, Accuracy: 78.44%, AUC: 0.78 - [VAL] Loss: 0.5049, Accuracy: 78.23%, AUC: 0.78
Epoch [22/100] - [TRAIN] Loss: 0.5038, Accuracy: 78.40%, AUC: 0.78 - [VAL] Loss: 0.5043, Accuracy: 78.30%, AUC: 0.78
Epoch [23/100] - [TRAIN] Loss: 0.5025, Accuracy: 78.48%, AUC: 0.78 - [VAL] Loss: 0.5041, Accuracy: 78.22%, AUC: 0.78
Epoch [24/100] - [TRAIN] Loss: 0.5028, Accuracy: 78.56%, AUC: 0.78 - [VAL] Loss: 0.5035, Accuracy: 78.28%, AUC: 0.78
Epoch [25/100] - [TRAIN] Loss: 0.5020, Accuracy: 78.65%, AUC: 0.78 - [VAL] Loss: 0.5028, Accuracy: 78.32%, AUC: 0.78
New best model saved with validation metric: 25.0303
Epoch [26/100] - [TRAIN] Loss: 0.4995, Accuracy: 78.59%, AUC: 0.78 - [VAL] Loss: 0.5022, Accuracy: 78.38%, AUC: 0.78
Epoch [27/100] - [TRAIN] Loss: 0.4997, Accuracy: 78.69%, AUC: 0.78 - [VAL] Loss: 0.5021, Accuracy: 78.30%, AUC: 0.78
Epoch [28/100] - [TRAIN] Loss: 0.4998, Accuracy: 78.71%, AUC: 0.78 - [VAL] Loss: 0.5019, Accuracy: 78.27%, AUC: 0.78
Epoch [29/100] - [TRAIN] Loss: 0.4985, Accuracy: 78.71%, AUC: 0.78 - [VAL] Loss: 0.5016, Accuracy: 78.26%, AUC: 0.78
Epoch [30/100] - [TRAIN] Loss: 0.4979, Accuracy: 78.85%, AUC: 0.78 - [VAL] Loss: 0.5012, Accuracy: 78.26%, AUC: 0.78
Epoch [31/100] - [TRAIN] Loss: 0.4984, Accuracy: 78.71%, AUC: 0.78 - [VAL] Loss: 0.5004, Accuracy: 78.24%, AUC: 0.78
Epoch [32/100] - [TRAIN] Loss: 0.4972, Accuracy: 78.67%, AUC: 0.78 - [VAL] Loss: 0.5001, Accuracy: 78.27%, AUC: 0.78
New best model saved with validation metric: 25.0606
Epoch [33/100] - [TRAIN] Loss: 0.4967, Accuracy: 78.83%, AUC: 0.78 - [VAL] Loss: 0.4995, Accuracy: 78.47%, AUC: 0.78
Epoch [34/100] - [TRAIN] Loss: 0.4959, Accuracy: 78.83%, AUC: 0.78 - [VAL] Loss: 0.4993, Accuracy: 78.28%, AUC: 0.78
Epoch [35/100] - [TRAIN] Loss: 0.4952, Accuracy: 78.83%, AUC: 0.78 - [VAL] Loss: 0.4991, Accuracy: 78.31%, AUC: 0.78
Epoch [36/100] - [TRAIN] Loss: 0.4939, Accuracy: 78.89%, AUC: 0.78 - [VAL] Loss: 0.4989, Accuracy: 78.26%, AUC: 0.78
Epoch [37/100] - [TRAIN] Loss: 0.4946, Accuracy: 78.79%, AUC: 0.78 - [VAL] Loss: 0.4984, Accuracy: 78.32%, AUC: 0.78
Epoch [38/100] - [TRAIN] Loss: 0.4930, Accuracy: 78.94%, AUC: 0.78 - [VAL] Loss: 0.4982, Accuracy: 78.35%, AUC: 0.78
Epoch [39/100] - [TRAIN] Loss: 0.4920, Accuracy: 78.94%, AUC: 0.78 - [VAL] Loss: 0.4979, Accuracy: 78.38%, AUC: 0.78
Epoch [40/100] - [TRAIN] Loss: 0.4916, Accuracy: 78.92%, AUC: 0.78 - [VAL] Loss: 0.4979, Accuracy: 78.32%, AUC: 0.78
New best model saved with validation metric: 25.1255
Epoch [41/100] - [TRAIN] Loss: 0.4930, Accuracy: 78.93%, AUC: 0.78 - [VAL] Loss: 0.4973, Accuracy: 78.68%, AUC: 0.78
Epoch [42/100] - [TRAIN] Loss: 0.4915, Accuracy: 79.06%, AUC: 0.78 - [VAL] Loss: 0.4975, Accuracy: 78.32%, AUC: 0.78
Epoch [43/100] - [TRAIN] Loss: 0.4910, Accuracy: 78.85%, AUC: 0.78 - [VAL] Loss: 0.4968, Accuracy: 78.54%, AUC: 0.78
Epoch [44/100] - [TRAIN] Loss: 0.4905, Accuracy: 79.04%, AUC: 0.78 - [VAL] Loss: 0.4964, Accuracy: 78.64%, AUC: 0.78
Epoch [45/100] - [TRAIN] Loss: 0.4890, Accuracy: 78.93%, AUC: 0.78 - [VAL] Loss: 0.4965, Accuracy: 78.65%, AUC: 0.78
New best model saved with validation metric: 25.1429
Epoch [46/100] - [TRAIN] Loss: 0.4883, Accuracy: 79.02%, AUC: 0.78 - [VAL] Loss: 0.4959, Accuracy: 78.73%, AUC: 0.78
Epoch [47/100] - [TRAIN] Loss: 0.4888, Accuracy: 79.02%, AUC: 0.78 - [VAL] Loss: 0.4958, Accuracy: 78.70%, AUC: 0.78
Epoch [48/100] - [TRAIN] Loss: 0.4888, Accuracy: 78.97%, AUC: 0.78 - [VAL] Loss: 0.4960, Accuracy: 78.65%, AUC: 0.78
New best model saved with validation metric: 25.1472
Epoch [49/100] - [TRAIN] Loss: 0.4887, Accuracy: 79.06%, AUC: 0.78 - [VAL] Loss: 0.4954, Accuracy: 78.74%, AUC: 0.78
Epoch [50/100] - [TRAIN] Loss: 0.4876, Accuracy: 79.21%, AUC: 0.78 - [VAL] Loss: 0.4968, Accuracy: 78.41%, AUC: 0.78
Epoch [51/100] - [TRAIN] Loss: 0.4865, Accuracy: 79.04%, AUC: 0.78 - [VAL] Loss: 0.4958, Accuracy: 78.68%, AUC: 0.78
New best model saved with validation metric: 25.1602
Epoch [52/100] - [TRAIN] Loss: 0.4851, Accuracy: 79.11%, AUC: 0.78 - [VAL] Loss: 0.4950, Accuracy: 78.79%, AUC: 0.78
Epoch [53/100] - [TRAIN] Loss: 0.4853, Accuracy: 79.08%, AUC: 0.78 - [VAL] Loss: 0.4956, Accuracy: 78.61%, AUC: 0.78
Epoch [54/100] - [TRAIN] Loss: 0.4854, Accuracy: 79.01%, AUC: 0.78 - [VAL] Loss: 0.4946, Accuracy: 78.76%, AUC: 0.78
Epoch [55/100] - [TRAIN] Loss: 0.4838, Accuracy: 79.25%, AUC: 0.78 - [VAL] Loss: 0.4949, Accuracy: 78.76%, AUC: 0.78
Epoch [56/100] - [TRAIN] Loss: 0.4857, Accuracy: 79.00%, AUC: 0.78 - [VAL] Loss: 0.4948, Accuracy: 78.79%, AUC: 0.78
Epoch [57/100] - [TRAIN] Loss: 0.4833, Accuracy: 79.13%, AUC: 0.78 - [VAL] Loss: 0.4943, Accuracy: 78.79%, AUC: 0.78
Epoch [58/100] - [TRAIN] Loss: 0.4825, Accuracy: 79.05%, AUC: 0.78 - [VAL] Loss: 0.4941, Accuracy: 78.77%, AUC: 0.78
New best model saved with validation metric: 25.1688
Epoch [59/100] - [TRAIN] Loss: 0.4844, Accuracy: 79.19%, AUC: 0.78 - [VAL] Loss: 0.4943, Accuracy: 78.81%, AUC: 0.78
Epoch [60/100] - [TRAIN] Loss: 0.4819, Accuracy: 79.16%, AUC: 0.78 - [VAL] Loss: 0.4944, Accuracy: 78.79%, AUC: 0.78
New best model saved with validation metric: 25.1732
Epoch [61/100] - [TRAIN] Loss: 0.4810, Accuracy: 79.25%, AUC: 0.79 - [VAL] Loss: 0.4940, Accuracy: 78.83%, AUC: 0.78
Epoch [62/100] - [TRAIN] Loss: 0.4806, Accuracy: 79.11%, AUC: 0.78 - [VAL] Loss: 0.4938, Accuracy: 78.80%, AUC: 0.78
Epoch [63/100] - [TRAIN] Loss: 0.4816, Accuracy: 79.17%, AUC: 0.78 - [VAL] Loss: 0.4939, Accuracy: 78.81%, AUC: 0.78
Epoch [64/100] - [TRAIN] Loss: 0.4811, Accuracy: 79.08%, AUC: 0.78 - [VAL] Loss: 0.4955, Accuracy: 78.68%, AUC: 0.78
New best model saved with validation metric: 25.1948
Epoch [65/100] - [TRAIN] Loss: 0.4810, Accuracy: 79.31%, AUC: 0.79 - [VAL] Loss: 0.4936, Accuracy: 78.89%, AUC: 0.78
Epoch [66/100] - [TRAIN] Loss: 0.4794, Accuracy: 79.31%, AUC: 0.79 - [VAL] Loss: 0.4944, Accuracy: 78.72%, AUC: 0.78
Epoch [67/100] - [TRAIN] Loss: 0.4806, Accuracy: 79.44%, AUC: 0.79 - [VAL] Loss: 0.4940, Accuracy: 78.81%, AUC: 0.78
New best model saved with validation metric: 25.1991
Epoch [68/100] - [TRAIN] Loss: 0.4811, Accuracy: 79.35%, AUC: 0.79 - [VAL] Loss: 0.4935, Accuracy: 78.91%, AUC: 0.78
Epoch [69/100] - [TRAIN] Loss: 0.4779, Accuracy: 79.46%, AUC: 0.79 - [VAL] Loss: 0.4941, Accuracy: 78.85%, AUC: 0.78
Epoch [70/100] - [TRAIN] Loss: 0.4781, Accuracy: 79.38%, AUC: 0.79 - [VAL] Loss: 0.4937, Accuracy: 78.88%, AUC: 0.78
Epoch [71/100] - [TRAIN] Loss: 0.4772, Accuracy: 79.50%, AUC: 0.79 - [VAL] Loss: 0.4937, Accuracy: 78.87%, AUC: 0.78
New best model saved with validation metric: 25.2468
Epoch [72/100] - [TRAIN] Loss: 0.4792, Accuracy: 79.46%, AUC: 0.79 - [VAL] Loss: 0.4934, Accuracy: 79.06%, AUC: 0.78
Epoch [73/100] - [TRAIN] Loss: 0.4775, Accuracy: 79.47%, AUC: 0.79 - [VAL] Loss: 0.4948, Accuracy: 78.57%, AUC: 0.78
Epoch [74/100] - [TRAIN] Loss: 0.4781, Accuracy: 79.50%, AUC: 0.79 - [VAL] Loss: 0.4959, Accuracy: 78.53%, AUC: 0.78
Epoch [75/100] - [TRAIN] Loss: 0.4764, Accuracy: 79.50%, AUC: 0.79 - [VAL] Loss: 0.4935, Accuracy: 78.89%, AUC: 0.78
Epoch [76/100] - [TRAIN] Loss: 0.4769, Accuracy: 79.59%, AUC: 0.79 - [VAL] Loss: 0.4935, Accuracy: 79.00%, AUC: 0.78
Epoch [77/100] - [TRAIN] Loss: 0.4766, Accuracy: 79.61%, AUC: 0.79 - [VAL] Loss: 0.4944, Accuracy: 78.69%, AUC: 0.78
Epoch [78/100] - [TRAIN] Loss: 0.4761, Accuracy: 79.52%, AUC: 0.79 - [VAL] Loss: 0.4936, Accuracy: 78.92%, AUC: 0.78
Epoch [79/100] - [TRAIN] Loss: 0.4758, Accuracy: 79.59%, AUC: 0.79 - [VAL] Loss: 0.4957, Accuracy: 78.66%, AUC: 0.78
Epoch [80/100] - [TRAIN] Loss: 0.4759, Accuracy: 79.67%, AUC: 0.79 - [VAL] Loss: 0.4946, Accuracy: 78.66%, AUC: 0.78
Epoch [81/100] - [TRAIN] Loss: 0.4748, Accuracy: 79.55%, AUC: 0.79 - [VAL] Loss: 0.4943, Accuracy: 78.68%, AUC: 0.78
Epoch [82/100] - [TRAIN] Loss: 0.4739, Accuracy: 79.69%, AUC: 0.79 - [VAL] Loss: 0.4935, Accuracy: 78.93%, AUC: 0.78
New best model saved with validation metric: 25.2814
Epoch [83/100] - [TRAIN] Loss: 0.4741, Accuracy: 79.75%, AUC: 0.79 - [VAL] Loss: 0.4937, Accuracy: 79.16%, AUC: 0.78
Epoch [84/100] - [TRAIN] Loss: 0.4733, Accuracy: 79.75%, AUC: 0.79 - [VAL] Loss: 0.4933, Accuracy: 78.93%, AUC: 0.78
Epoch [85/100] - [TRAIN] Loss: 0.4720, Accuracy: 79.77%, AUC: 0.79 - [VAL] Loss: 0.4936, Accuracy: 78.81%, AUC: 0.78
Epoch [86/100] - [TRAIN] Loss: 0.4722, Accuracy: 79.73%, AUC: 0.79 - [VAL] Loss: 0.4944, Accuracy: 79.16%, AUC: 0.78
Epoch [87/100] - [TRAIN] Loss: 0.4725, Accuracy: 79.75%, AUC: 0.79 - [VAL] Loss: 0.4942, Accuracy: 78.81%, AUC: 0.78
Epoch [88/100] - [TRAIN] Loss: 0.4733, Accuracy: 79.63%, AUC: 0.79 - [VAL] Loss: 0.4937, Accuracy: 79.12%, AUC: 0.78
Epoch [89/100] - [TRAIN] Loss: 0.4736, Accuracy: 79.79%, AUC: 0.79 - [VAL] Loss: 0.4936, Accuracy: 78.95%, AUC: 0.78
Epoch [90/100] - [TRAIN] Loss: 0.4716, Accuracy: 79.69%, AUC: 0.79 - [VAL] Loss: 0.4940, Accuracy: 79.02%, AUC: 0.78
Epoch [91/100] - [TRAIN] Loss: 0.4712, Accuracy: 79.79%, AUC: 0.79 - [VAL] Loss: 0.4949, Accuracy: 78.70%, AUC: 0.78
Epoch [92/100] - [TRAIN] Loss: 0.4708, Accuracy: 79.61%, AUC: 0.79 - [VAL] Loss: 0.4960, Accuracy: 78.68%, AUC: 0.78
Epoch [93/100] - [TRAIN] Loss: 0.4708, Accuracy: 79.82%, AUC: 0.79 - [VAL] Loss: 0.4940, Accuracy: 79.12%, AUC: 0.78
Epoch [94/100] - [TRAIN] Loss: 0.4703, Accuracy: 79.71%, AUC: 0.79 - [VAL] Loss: 0.4938, Accuracy: 79.03%, AUC: 0.78
Epoch [95/100] - [TRAIN] Loss: 0.4707, Accuracy: 79.90%, AUC: 0.79 - [VAL] Loss: 0.4938, Accuracy: 78.89%, AUC: 0.78
Epoch [96/100] - [TRAIN] Loss: 0.4702, Accuracy: 79.84%, AUC: 0.79 - [VAL] Loss: 0.4954, Accuracy: 78.72%, AUC: 0.78
Epoch [97/100] - [TRAIN] Loss: 0.4693, Accuracy: 79.81%, AUC: 0.79 - [VAL] Loss: 0.4948, Accuracy: 78.83%, AUC: 0.78
Epoch [98/100] - [TRAIN] Loss: 0.4694, Accuracy: 79.89%, AUC: 0.79 - [VAL] Loss: 0.4937, Accuracy: 78.99%, AUC: 0.78
Epoch [99/100] - [TRAIN] Loss: 0.4690, Accuracy: 79.96%, AUC: 0.79 - [VAL] Loss: 0.4940, Accuracy: 78.89%, AUC: 0.78
Epoch [100/100] - [TRAIN] Loss: 0.4680, Accuracy: 79.81%, AUC: 0.79 - [VAL] Loss: 0.4942, Accuracy: 78.92%, AUC: 0.78
Training finished!
Accuracy Score on test set: 79.40 %
AUC Score on test set: 0.79
Item: H3K27ac-H3K27me3-H3K9me3-H3K4me3-H3K9ac
Train set shape: (7399, 5, 4000) (7399,)
Validation set shape: (7377, 5, 4000) (7377,)
Test set shape: (7378, 5, 4000) (7378,)
New best model saved with validation metric: 19.4242
Epoch [1/100] - [TRAIN] Loss: 0.6516, Accuracy: 60.82%, AUC: 0.50 - [VAL] Loss: 0.6187, Accuracy: 60.82%, AUC: 0.50
Epoch [2/100] - [TRAIN] Loss: 0.6004, Accuracy: 60.82%, AUC: 0.50 - [VAL] Loss: 0.5777, Accuracy: 60.82%, AUC: 0.50
New best model saved with validation metric: 23.8009
Epoch [3/100] - [TRAIN] Loss: 0.5689, Accuracy: 60.82%, AUC: 0.50 - [VAL] Loss: 0.5525, Accuracy: 74.53%, AUC: 0.71
New best model saved with validation metric: 25.0260
Epoch [4/100] - [TRAIN] Loss: 0.5508, Accuracy: 75.09%, AUC: 0.72 - [VAL] Loss: 0.5394, Accuracy: 78.37%, AUC: 0.77
New best model saved with validation metric: 25.0519
Epoch [5/100] - [TRAIN] Loss: 0.5403, Accuracy: 78.56%, AUC: 0.77 - [VAL] Loss: 0.5313, Accuracy: 78.45%, AUC: 0.78
Epoch [6/100] - [TRAIN] Loss: 0.5319, Accuracy: 78.58%, AUC: 0.78 - [VAL] Loss: 0.5252, Accuracy: 78.28%, AUC: 0.78
Epoch [7/100] - [TRAIN] Loss: 0.5271, Accuracy: 78.43%, AUC: 0.78 - [VAL] Loss: 0.5211, Accuracy: 78.13%, AUC: 0.78
Epoch [8/100] - [TRAIN] Loss: 0.5226, Accuracy: 78.39%, AUC: 0.78 - [VAL] Loss: 0.5179, Accuracy: 77.85%, AUC: 0.78
Epoch [9/100] - [TRAIN] Loss: 0.5196, Accuracy: 78.32%, AUC: 0.78 - [VAL] Loss: 0.5149, Accuracy: 77.89%, AUC: 0.78
Epoch [10/100] - [TRAIN] Loss: 0.5178, Accuracy: 78.28%, AUC: 0.78 - [VAL] Loss: 0.5130, Accuracy: 77.78%, AUC: 0.78
Epoch [11/100] - [TRAIN] Loss: 0.5131, Accuracy: 78.27%, AUC: 0.78 - [VAL] Loss: 0.5104, Accuracy: 77.90%, AUC: 0.78
Epoch [12/100] - [TRAIN] Loss: 0.5114, Accuracy: 78.19%, AUC: 0.78 - [VAL] Loss: 0.5090, Accuracy: 77.84%, AUC: 0.78
Epoch [13/100] - [TRAIN] Loss: 0.5097, Accuracy: 78.27%, AUC: 0.78 - [VAL] Loss: 0.5073, Accuracy: 78.16%, AUC: 0.78
Epoch [14/100] - [TRAIN] Loss: 0.5093, Accuracy: 78.23%, AUC: 0.78 - [VAL] Loss: 0.5063, Accuracy: 78.12%, AUC: 0.78
Epoch [15/100] - [TRAIN] Loss: 0.5079, Accuracy: 78.35%, AUC: 0.78 - [VAL] Loss: 0.5056, Accuracy: 77.99%, AUC: 0.78
Epoch [16/100] - [TRAIN] Loss: 0.5058, Accuracy: 78.35%, AUC: 0.78 - [VAL] Loss: 0.5048, Accuracy: 78.05%, AUC: 0.78
Epoch [17/100] - [TRAIN] Loss: 0.5043, Accuracy: 78.33%, AUC: 0.78 - [VAL] Loss: 0.5043, Accuracy: 78.00%, AUC: 0.78
Epoch [18/100] - [TRAIN] Loss: 0.5034, Accuracy: 78.36%, AUC: 0.78 - [VAL] Loss: 0.5035, Accuracy: 78.09%, AUC: 0.78
Epoch [19/100] - [TRAIN] Loss: 0.5021, Accuracy: 78.44%, AUC: 0.78 - [VAL] Loss: 0.5026, Accuracy: 78.28%, AUC: 0.78
Epoch [20/100] - [TRAIN] Loss: 0.5029, Accuracy: 78.39%, AUC: 0.78 - [VAL] Loss: 0.5022, Accuracy: 78.34%, AUC: 0.78
Epoch [21/100] - [TRAIN] Loss: 0.5016, Accuracy: 78.52%, AUC: 0.78 - [VAL] Loss: 0.5018, Accuracy: 78.31%, AUC: 0.78
Epoch [22/100] - [TRAIN] Loss: 0.5013, Accuracy: 78.62%, AUC: 0.78 - [VAL] Loss: 0.5020, Accuracy: 78.23%, AUC: 0.78
Epoch [23/100] - [TRAIN] Loss: 0.4986, Accuracy: 78.50%, AUC: 0.78 - [VAL] Loss: 0.5004, Accuracy: 78.39%, AUC: 0.78
Epoch [24/100] - [TRAIN] Loss: 0.4995, Accuracy: 78.75%, AUC: 0.78 - [VAL] Loss: 0.5001, Accuracy: 78.39%, AUC: 0.78
Epoch [25/100] - [TRAIN] Loss: 0.4983, Accuracy: 78.73%, AUC: 0.78 - [VAL] Loss: 0.4994, Accuracy: 78.43%, AUC: 0.78
Epoch [26/100] - [TRAIN] Loss: 0.4974, Accuracy: 78.74%, AUC: 0.78 - [VAL] Loss: 0.4990, Accuracy: 78.41%, AUC: 0.78
Epoch [27/100] - [TRAIN] Loss: 0.4955, Accuracy: 78.74%, AUC: 0.78 - [VAL] Loss: 0.4985, Accuracy: 78.41%, AUC: 0.78
Epoch [28/100] - [TRAIN] Loss: 0.4951, Accuracy: 78.73%, AUC: 0.78 - [VAL] Loss: 0.4982, Accuracy: 78.43%, AUC: 0.78
Epoch [29/100] - [TRAIN] Loss: 0.4958, Accuracy: 78.74%, AUC: 0.78 - [VAL] Loss: 0.4982, Accuracy: 78.43%, AUC: 0.78
Epoch [30/100] - [TRAIN] Loss: 0.4943, Accuracy: 78.90%, AUC: 0.78 - [VAL] Loss: 0.4980, Accuracy: 78.37%, AUC: 0.78
New best model saved with validation metric: 25.0866
Epoch [31/100] - [TRAIN] Loss: 0.4948, Accuracy: 78.88%, AUC: 0.78 - [VAL] Loss: 0.4972, Accuracy: 78.55%, AUC: 0.78
Epoch [32/100] - [TRAIN] Loss: 0.4950, Accuracy: 78.90%, AUC: 0.78 - [VAL] Loss: 0.4971, Accuracy: 78.51%, AUC: 0.78
Epoch [33/100] - [TRAIN] Loss: 0.4932, Accuracy: 79.02%, AUC: 0.78 - [VAL] Loss: 0.4972, Accuracy: 78.35%, AUC: 0.78
New best model saved with validation metric: 25.0952
Epoch [34/100] - [TRAIN] Loss: 0.4922, Accuracy: 78.86%, AUC: 0.78 - [VAL] Loss: 0.4962, Accuracy: 78.58%, AUC: 0.78
Epoch [35/100] - [TRAIN] Loss: 0.4917, Accuracy: 78.97%, AUC: 0.78 - [VAL] Loss: 0.4973, Accuracy: 78.34%, AUC: 0.78
Epoch [36/100] - [TRAIN] Loss: 0.4911, Accuracy: 78.90%, AUC: 0.78 - [VAL] Loss: 0.4962, Accuracy: 78.50%, AUC: 0.78
Epoch [37/100] - [TRAIN] Loss: 0.4916, Accuracy: 78.96%, AUC: 0.78 - [VAL] Loss: 0.4958, Accuracy: 78.58%, AUC: 0.78
New best model saved with validation metric: 25.1299
Epoch [38/100] - [TRAIN] Loss: 0.4907, Accuracy: 79.04%, AUC: 0.78 - [VAL] Loss: 0.4951, Accuracy: 78.69%, AUC: 0.78
Epoch [39/100] - [TRAIN] Loss: 0.4892, Accuracy: 78.98%, AUC: 0.78 - [VAL] Loss: 0.4951, Accuracy: 78.68%, AUC: 0.78
New best model saved with validation metric: 25.1558
Epoch [40/100] - [TRAIN] Loss: 0.4892, Accuracy: 79.05%, AUC: 0.78 - [VAL] Loss: 0.4946, Accuracy: 78.77%, AUC: 0.78
Epoch [41/100] - [TRAIN] Loss: 0.4885, Accuracy: 78.94%, AUC: 0.78 - [VAL] Loss: 0.4952, Accuracy: 78.58%, AUC: 0.78
Epoch [42/100] - [TRAIN] Loss: 0.4882, Accuracy: 79.06%, AUC: 0.78 - [VAL] Loss: 0.4943, Accuracy: 78.77%, AUC: 0.78
Epoch [43/100] - [TRAIN] Loss: 0.4885, Accuracy: 79.01%, AUC: 0.78 - [VAL] Loss: 0.4943, Accuracy: 78.66%, AUC: 0.78
Epoch [44/100] - [TRAIN] Loss: 0.4876, Accuracy: 79.04%, AUC: 0.78 - [VAL] Loss: 0.4946, Accuracy: 78.57%, AUC: 0.78
New best model saved with validation metric: 25.1775
Epoch [45/100] - [TRAIN] Loss: 0.4867, Accuracy: 78.94%, AUC: 0.78 - [VAL] Loss: 0.4937, Accuracy: 78.84%, AUC: 0.78
Epoch [46/100] - [TRAIN] Loss: 0.4886, Accuracy: 79.16%, AUC: 0.78 - [VAL] Loss: 0.4939, Accuracy: 78.66%, AUC: 0.78
Epoch [47/100] - [TRAIN] Loss: 0.4861, Accuracy: 79.05%, AUC: 0.78 - [VAL] Loss: 0.4934, Accuracy: 78.74%, AUC: 0.78
Epoch [48/100] - [TRAIN] Loss: 0.4863, Accuracy: 79.01%, AUC: 0.78 - [VAL] Loss: 0.4933, Accuracy: 78.76%, AUC: 0.78
Epoch [49/100] - [TRAIN] Loss: 0.4853, Accuracy: 79.15%, AUC: 0.78 - [VAL] Loss: 0.4951, Accuracy: 78.49%, AUC: 0.78
Epoch [50/100] - [TRAIN] Loss: 0.4845, Accuracy: 79.12%, AUC: 0.78 - [VAL] Loss: 0.4948, Accuracy: 78.51%, AUC: 0.78
New best model saved with validation metric: 25.1818
Epoch [51/100] - [TRAIN] Loss: 0.4855, Accuracy: 79.02%, AUC: 0.78 - [VAL] Loss: 0.4930, Accuracy: 78.85%, AUC: 0.78
Epoch [52/100] - [TRAIN] Loss: 0.4837, Accuracy: 79.16%, AUC: 0.78 - [VAL] Loss: 0.4928, Accuracy: 78.77%, AUC: 0.78
Epoch [53/100] - [TRAIN] Loss: 0.4837, Accuracy: 79.16%, AUC: 0.78 - [VAL] Loss: 0.4927, Accuracy: 78.79%, AUC: 0.78
Epoch [54/100] - [TRAIN] Loss: 0.4848, Accuracy: 79.16%, AUC: 0.78 - [VAL] Loss: 0.4927, Accuracy: 78.80%, AUC: 0.78
Epoch [55/100] - [TRAIN] Loss: 0.4823, Accuracy: 79.15%, AUC: 0.78 - [VAL] Loss: 0.4933, Accuracy: 78.65%, AUC: 0.78
Epoch [56/100] - [TRAIN] Loss: 0.4825, Accuracy: 79.20%, AUC: 0.78 - [VAL] Loss: 0.4923, Accuracy: 78.81%, AUC: 0.78
Epoch [57/100] - [TRAIN] Loss: 0.4848, Accuracy: 79.20%, AUC: 0.78 - [VAL] Loss: 0.4935, Accuracy: 78.60%, AUC: 0.78
Epoch [58/100] - [TRAIN] Loss: 0.4809, Accuracy: 79.25%, AUC: 0.79 - [VAL] Loss: 0.4924, Accuracy: 78.79%, AUC: 0.78
Epoch [59/100] - [TRAIN] Loss: 0.4815, Accuracy: 79.28%, AUC: 0.79 - [VAL] Loss: 0.4921, Accuracy: 78.77%, AUC: 0.78
Epoch [60/100] - [TRAIN] Loss: 0.4798, Accuracy: 79.20%, AUC: 0.78 - [VAL] Loss: 0.4928, Accuracy: 78.70%, AUC: 0.78
Epoch [61/100] - [TRAIN] Loss: 0.4793, Accuracy: 79.24%, AUC: 0.79 - [VAL] Loss: 0.4924, Accuracy: 78.80%, AUC: 0.78
Epoch [62/100] - [TRAIN] Loss: 0.4793, Accuracy: 79.35%, AUC: 0.79 - [VAL] Loss: 0.4923, Accuracy: 78.80%, AUC: 0.78
Epoch [63/100] - [TRAIN] Loss: 0.4791, Accuracy: 79.36%, AUC: 0.79 - [VAL] Loss: 0.4932, Accuracy: 78.61%, AUC: 0.78
Epoch [64/100] - [TRAIN] Loss: 0.4786, Accuracy: 79.36%, AUC: 0.79 - [VAL] Loss: 0.4930, Accuracy: 78.65%, AUC: 0.78
New best model saved with validation metric: 25.1991
Epoch [65/100] - [TRAIN] Loss: 0.4784, Accuracy: 79.46%, AUC: 0.79 - [VAL] Loss: 0.4919, Accuracy: 78.91%, AUC: 0.78
Epoch [66/100] - [TRAIN] Loss: 0.4772, Accuracy: 79.52%, AUC: 0.79 - [VAL] Loss: 0.4933, Accuracy: 78.58%, AUC: 0.78
Epoch [67/100] - [TRAIN] Loss: 0.4777, Accuracy: 79.43%, AUC: 0.79 - [VAL] Loss: 0.4922, Accuracy: 78.80%, AUC: 0.78
New best model saved with validation metric: 25.2078
Epoch [68/100] - [TRAIN] Loss: 0.4794, Accuracy: 79.38%, AUC: 0.79 - [VAL] Loss: 0.4919, Accuracy: 78.93%, AUC: 0.78
Epoch [69/100] - [TRAIN] Loss: 0.4767, Accuracy: 79.48%, AUC: 0.79 - [VAL] Loss: 0.4920, Accuracy: 78.85%, AUC: 0.78
Epoch [70/100] - [TRAIN] Loss: 0.4771, Accuracy: 79.38%, AUC: 0.79 - [VAL] Loss: 0.4918, Accuracy: 78.93%, AUC: 0.78
Epoch [71/100] - [TRAIN] Loss: 0.4760, Accuracy: 79.62%, AUC: 0.79 - [VAL] Loss: 0.4930, Accuracy: 78.73%, AUC: 0.78
Epoch [72/100] - [TRAIN] Loss: 0.4774, Accuracy: 79.51%, AUC: 0.79 - [VAL] Loss: 0.4922, Accuracy: 78.87%, AUC: 0.78
Epoch [73/100] - [TRAIN] Loss: 0.4763, Accuracy: 79.73%, AUC: 0.79 - [VAL] Loss: 0.4921, Accuracy: 78.84%, AUC: 0.78
New best model saved with validation metric: 25.2381
Epoch [74/100] - [TRAIN] Loss: 0.4751, Accuracy: 79.56%, AUC: 0.79 - [VAL] Loss: 0.4921, Accuracy: 79.03%, AUC: 0.78
Epoch [75/100] - [TRAIN] Loss: 0.4754, Accuracy: 79.63%, AUC: 0.79 - [VAL] Loss: 0.4919, Accuracy: 78.95%, AUC: 0.78
Epoch [76/100] - [TRAIN] Loss: 0.4760, Accuracy: 79.61%, AUC: 0.79 - [VAL] Loss: 0.4921, Accuracy: 78.89%, AUC: 0.78
Epoch [77/100] - [TRAIN] Loss: 0.4748, Accuracy: 79.48%, AUC: 0.79 - [VAL] Loss: 0.4922, Accuracy: 78.89%, AUC: 0.78
Epoch [78/100] - [TRAIN] Loss: 0.4737, Accuracy: 79.58%, AUC: 0.79 - [VAL] Loss: 0.4920, Accuracy: 78.96%, AUC: 0.78
Epoch [79/100] - [TRAIN] Loss: 0.4738, Accuracy: 79.65%, AUC: 0.79 - [VAL] Loss: 0.4920, Accuracy: 78.89%, AUC: 0.78
Epoch [80/100] - [TRAIN] Loss: 0.4740, Accuracy: 79.66%, AUC: 0.79 - [VAL] Loss: 0.4927, Accuracy: 78.87%, AUC: 0.78
Epoch [81/100] - [TRAIN] Loss: 0.4731, Accuracy: 79.44%, AUC: 0.79 - [VAL] Loss: 0.4928, Accuracy: 78.87%, AUC: 0.78
Epoch [82/100] - [TRAIN] Loss: 0.4717, Accuracy: 79.63%, AUC: 0.79 - [VAL] Loss: 0.4921, Accuracy: 78.89%, AUC: 0.78
Epoch [83/100] - [TRAIN] Loss: 0.4721, Accuracy: 79.69%, AUC: 0.79 - [VAL] Loss: 0.4931, Accuracy: 78.88%, AUC: 0.78
Epoch [84/100] - [TRAIN] Loss: 0.4728, Accuracy: 79.81%, AUC: 0.79 - [VAL] Loss: 0.4929, Accuracy: 78.92%, AUC: 0.78
Epoch [85/100] - [TRAIN] Loss: 0.4712, Accuracy: 79.67%, AUC: 0.79 - [VAL] Loss: 0.4922, Accuracy: 78.99%, AUC: 0.78
Epoch [86/100] - [TRAIN] Loss: 0.4722, Accuracy: 79.58%, AUC: 0.79 - [VAL] Loss: 0.4925, Accuracy: 78.92%, AUC: 0.78
Epoch [87/100] - [TRAIN] Loss: 0.4714, Accuracy: 79.74%, AUC: 0.79 - [VAL] Loss: 0.4923, Accuracy: 78.99%, AUC: 0.78
Epoch [88/100] - [TRAIN] Loss: 0.4713, Accuracy: 79.74%, AUC: 0.79 - [VAL] Loss: 0.4949, Accuracy: 78.79%, AUC: 0.78
Epoch [89/100] - [TRAIN] Loss: 0.4710, Accuracy: 79.74%, AUC: 0.79 - [VAL] Loss: 0.4934, Accuracy: 78.88%, AUC: 0.78
Epoch [90/100] - [TRAIN] Loss: 0.4696, Accuracy: 79.66%, AUC: 0.79 - [VAL] Loss: 0.4926, Accuracy: 78.96%, AUC: 0.78
Epoch [91/100] - [TRAIN] Loss: 0.4710, Accuracy: 79.77%, AUC: 0.79 - [VAL] Loss: 0.4929, Accuracy: 78.92%, AUC: 0.78
Epoch [92/100] - [TRAIN] Loss: 0.4711, Accuracy: 79.70%, AUC: 0.79 - [VAL] Loss: 0.4926, Accuracy: 79.00%, AUC: 0.78
Epoch [93/100] - [TRAIN] Loss: 0.4689, Accuracy: 79.74%, AUC: 0.79 - [VAL] Loss: 0.4929, Accuracy: 78.96%, AUC: 0.78
New best model saved with validation metric: 25.2424
Epoch [94/100] - [TRAIN] Loss: 0.4700, Accuracy: 79.88%, AUC: 0.79 - [VAL] Loss: 0.4929, Accuracy: 79.04%, AUC: 0.78
Epoch [95/100] - [TRAIN] Loss: 0.4684, Accuracy: 79.78%, AUC: 0.79 - [VAL] Loss: 0.4936, Accuracy: 79.03%, AUC: 0.78
Epoch [96/100] - [TRAIN] Loss: 0.4677, Accuracy: 79.89%, AUC: 0.79 - [VAL] Loss: 0.4930, Accuracy: 78.99%, AUC: 0.78
Epoch [97/100] - [TRAIN] Loss: 0.4677, Accuracy: 79.79%, AUC: 0.79 - [VAL] Loss: 0.4935, Accuracy: 78.99%, AUC: 0.79
Epoch [98/100] - [TRAIN] Loss: 0.4679, Accuracy: 79.81%, AUC: 0.79 - [VAL] Loss: 0.4929, Accuracy: 79.04%, AUC: 0.78
Epoch [99/100] - [TRAIN] Loss: 0.4692, Accuracy: 79.75%, AUC: 0.79 - [VAL] Loss: 0.4931, Accuracy: 79.02%, AUC: 0.78
Epoch [100/100] - [TRAIN] Loss: 0.4663, Accuracy: 79.97%, AUC: 0.79 - [VAL] Loss: 0.4946, Accuracy: 78.91%, AUC: 0.79
Training finished!
Accuracy Score on test set: 79.44 %
AUC Score on test set: 0.79
Batch FINISHED!!!

Real-time duration: 12369.941677866 seconds
