Using cuda device
Loading the data ...
Loading the permutation list ...
Item: H3K4me3
Train set shape: (7399, 1, 4000) (7399,)
Validation set shape: (7377, 1, 4000) (7377,)
Test set shape: (7378, 1, 4000) (7378,)
New best model saved with validation metric: 19.4242
Epoch [1/100] - [TRAIN] Loss: 0.6345, Accuracy: 60.82%, AUC: 0.50 - [VAL] Loss: 0.5935, Accuracy: 60.82%, AUC: 0.50
New best model saved with validation metric: 24.8398
Epoch [2/100] - [TRAIN] Loss: 0.5735, Accuracy: 64.79%, AUC: 0.56 - [VAL] Loss: 0.5519, Accuracy: 77.78%, AUC: 0.76
Epoch [3/100] - [TRAIN] Loss: 0.5440, Accuracy: 77.98%, AUC: 0.77 - [VAL] Loss: 0.5333, Accuracy: 77.62%, AUC: 0.77
Epoch [4/100] - [TRAIN] Loss: 0.5294, Accuracy: 77.88%, AUC: 0.77 - [VAL] Loss: 0.5256, Accuracy: 77.67%, AUC: 0.77
Epoch [5/100] - [TRAIN] Loss: 0.5238, Accuracy: 77.85%, AUC: 0.77 - [VAL] Loss: 0.5230, Accuracy: 77.36%, AUC: 0.77
Epoch [6/100] - [TRAIN] Loss: 0.5208, Accuracy: 77.78%, AUC: 0.77 - [VAL] Loss: 0.5192, Accuracy: 77.65%, AUC: 0.77
Epoch [7/100] - [TRAIN] Loss: 0.5169, Accuracy: 77.89%, AUC: 0.77 - [VAL] Loss: 0.5174, Accuracy: 77.65%, AUC: 0.77
Epoch [8/100] - [TRAIN] Loss: 0.5163, Accuracy: 77.88%, AUC: 0.77 - [VAL] Loss: 0.5157, Accuracy: 77.69%, AUC: 0.77
Epoch [9/100] - [TRAIN] Loss: 0.5144, Accuracy: 78.02%, AUC: 0.77 - [VAL] Loss: 0.5154, Accuracy: 77.61%, AUC: 0.77
Epoch [10/100] - [TRAIN] Loss: 0.5119, Accuracy: 78.08%, AUC: 0.77 - [VAL] Loss: 0.5134, Accuracy: 77.69%, AUC: 0.77
Epoch [11/100] - [TRAIN] Loss: 0.5112, Accuracy: 78.02%, AUC: 0.77 - [VAL] Loss: 0.5132, Accuracy: 77.62%, AUC: 0.77
Epoch [12/100] - [TRAIN] Loss: 0.5100, Accuracy: 78.12%, AUC: 0.77 - [VAL] Loss: 0.5124, Accuracy: 77.65%, AUC: 0.77
Epoch [13/100] - [TRAIN] Loss: 0.5090, Accuracy: 78.27%, AUC: 0.78 - [VAL] Loss: 0.5121, Accuracy: 77.65%, AUC: 0.77
Epoch [14/100] - [TRAIN] Loss: 0.5097, Accuracy: 78.11%, AUC: 0.77 - [VAL] Loss: 0.5109, Accuracy: 77.74%, AUC: 0.77
Epoch [15/100] - [TRAIN] Loss: 0.5078, Accuracy: 78.20%, AUC: 0.77 - [VAL] Loss: 0.5105, Accuracy: 77.74%, AUC: 0.77
New best model saved with validation metric: 24.8485
Epoch [16/100] - [TRAIN] Loss: 0.5075, Accuracy: 78.16%, AUC: 0.77 - [VAL] Loss: 0.5100, Accuracy: 77.81%, AUC: 0.77
New best model saved with validation metric: 24.8918
Epoch [17/100] - [TRAIN] Loss: 0.5072, Accuracy: 78.31%, AUC: 0.77 - [VAL] Loss: 0.5094, Accuracy: 77.94%, AUC: 0.77
Epoch [18/100] - [TRAIN] Loss: 0.5054, Accuracy: 78.21%, AUC: 0.77 - [VAL] Loss: 0.5097, Accuracy: 77.82%, AUC: 0.77
Epoch [19/100] - [TRAIN] Loss: 0.5058, Accuracy: 78.27%, AUC: 0.77 - [VAL] Loss: 0.5099, Accuracy: 77.82%, AUC: 0.77
Epoch [20/100] - [TRAIN] Loss: 0.5052, Accuracy: 78.23%, AUC: 0.77 - [VAL] Loss: 0.5087, Accuracy: 77.92%, AUC: 0.77
Epoch [21/100] - [TRAIN] Loss: 0.5049, Accuracy: 78.39%, AUC: 0.78 - [VAL] Loss: 0.5083, Accuracy: 77.92%, AUC: 0.77
Epoch [22/100] - [TRAIN] Loss: 0.5039, Accuracy: 78.36%, AUC: 0.77 - [VAL] Loss: 0.5085, Accuracy: 77.94%, AUC: 0.77
New best model saved with validation metric: 24.8961
Epoch [23/100] - [TRAIN] Loss: 0.5056, Accuracy: 78.42%, AUC: 0.78 - [VAL] Loss: 0.5086, Accuracy: 77.96%, AUC: 0.77
Epoch [24/100] - [TRAIN] Loss: 0.5039, Accuracy: 78.42%, AUC: 0.78 - [VAL] Loss: 0.5090, Accuracy: 77.96%, AUC: 0.77
Epoch [25/100] - [TRAIN] Loss: 0.5033, Accuracy: 78.32%, AUC: 0.77 - [VAL] Loss: 0.5083, Accuracy: 77.93%, AUC: 0.77
New best model saved with validation metric: 24.9048
Epoch [26/100] - [TRAIN] Loss: 0.5030, Accuracy: 78.50%, AUC: 0.78 - [VAL] Loss: 0.5079, Accuracy: 77.99%, AUC: 0.77
New best model saved with validation metric: 24.9091
Epoch [27/100] - [TRAIN] Loss: 0.5028, Accuracy: 78.40%, AUC: 0.77 - [VAL] Loss: 0.5077, Accuracy: 78.00%, AUC: 0.77
New best model saved with validation metric: 24.9134
Epoch [28/100] - [TRAIN] Loss: 0.5031, Accuracy: 78.35%, AUC: 0.77 - [VAL] Loss: 0.5078, Accuracy: 78.01%, AUC: 0.77
Epoch [29/100] - [TRAIN] Loss: 0.5027, Accuracy: 78.39%, AUC: 0.77 - [VAL] Loss: 0.5069, Accuracy: 78.01%, AUC: 0.77
Epoch [30/100] - [TRAIN] Loss: 0.5035, Accuracy: 78.44%, AUC: 0.77 - [VAL] Loss: 0.5073, Accuracy: 77.94%, AUC: 0.77
New best model saved with validation metric: 24.9524
Epoch [31/100] - [TRAIN] Loss: 0.5022, Accuracy: 78.48%, AUC: 0.78 - [VAL] Loss: 0.5066, Accuracy: 78.13%, AUC: 0.77
Epoch [32/100] - [TRAIN] Loss: 0.5024, Accuracy: 78.50%, AUC: 0.77 - [VAL] Loss: 0.5070, Accuracy: 77.96%, AUC: 0.77
Epoch [33/100] - [TRAIN] Loss: 0.5028, Accuracy: 78.42%, AUC: 0.77 - [VAL] Loss: 0.5064, Accuracy: 78.13%, AUC: 0.77
Epoch [34/100] - [TRAIN] Loss: 0.5009, Accuracy: 78.50%, AUC: 0.78 - [VAL] Loss: 0.5073, Accuracy: 77.92%, AUC: 0.77
Epoch [35/100] - [TRAIN] Loss: 0.5005, Accuracy: 78.51%, AUC: 0.78 - [VAL] Loss: 0.5063, Accuracy: 78.08%, AUC: 0.77
Epoch [36/100] - [TRAIN] Loss: 0.5002, Accuracy: 78.62%, AUC: 0.78 - [VAL] Loss: 0.5067, Accuracy: 77.94%, AUC: 0.77
Epoch [37/100] - [TRAIN] Loss: 0.5014, Accuracy: 78.50%, AUC: 0.77 - [VAL] Loss: 0.5068, Accuracy: 77.94%, AUC: 0.77
Epoch [38/100] - [TRAIN] Loss: 0.5013, Accuracy: 78.43%, AUC: 0.77 - [VAL] Loss: 0.5066, Accuracy: 77.97%, AUC: 0.77
New best model saved with validation metric: 24.9784
Epoch [39/100] - [TRAIN] Loss: 0.5012, Accuracy: 78.44%, AUC: 0.77 - [VAL] Loss: 0.5060, Accuracy: 78.22%, AUC: 0.77
Epoch [40/100] - [TRAIN] Loss: 0.5018, Accuracy: 78.51%, AUC: 0.77 - [VAL] Loss: 0.5065, Accuracy: 77.99%, AUC: 0.77
Epoch [41/100] - [TRAIN] Loss: 0.4988, Accuracy: 78.56%, AUC: 0.78 - [VAL] Loss: 0.5059, Accuracy: 78.19%, AUC: 0.77
Epoch [42/100] - [TRAIN] Loss: 0.5007, Accuracy: 78.59%, AUC: 0.78 - [VAL] Loss: 0.5061, Accuracy: 78.01%, AUC: 0.77
Epoch [43/100] - [TRAIN] Loss: 0.4987, Accuracy: 78.56%, AUC: 0.78 - [VAL] Loss: 0.5059, Accuracy: 78.00%, AUC: 0.77
Epoch [44/100] - [TRAIN] Loss: 0.4999, Accuracy: 78.59%, AUC: 0.78 - [VAL] Loss: 0.5071, Accuracy: 77.90%, AUC: 0.77
Epoch [45/100] - [TRAIN] Loss: 0.4984, Accuracy: 78.55%, AUC: 0.77 - [VAL] Loss: 0.5058, Accuracy: 78.15%, AUC: 0.77
Epoch [46/100] - [TRAIN] Loss: 0.4992, Accuracy: 78.59%, AUC: 0.78 - [VAL] Loss: 0.5070, Accuracy: 77.99%, AUC: 0.77
Epoch [47/100] - [TRAIN] Loss: 0.4985, Accuracy: 78.50%, AUC: 0.77 - [VAL] Loss: 0.5057, Accuracy: 78.20%, AUC: 0.77
Epoch [48/100] - [TRAIN] Loss: 0.4974, Accuracy: 78.46%, AUC: 0.77 - [VAL] Loss: 0.5077, Accuracy: 77.89%, AUC: 0.77
Epoch [49/100] - [TRAIN] Loss: 0.4979, Accuracy: 78.58%, AUC: 0.78 - [VAL] Loss: 0.5058, Accuracy: 78.13%, AUC: 0.77
Epoch [50/100] - [TRAIN] Loss: 0.4972, Accuracy: 78.50%, AUC: 0.77 - [VAL] Loss: 0.5068, Accuracy: 77.94%, AUC: 0.77
Epoch [51/100] - [TRAIN] Loss: 0.4990, Accuracy: 78.62%, AUC: 0.78 - [VAL] Loss: 0.5071, Accuracy: 77.93%, AUC: 0.77
Epoch [52/100] - [TRAIN] Loss: 0.4982, Accuracy: 78.67%, AUC: 0.78 - [VAL] Loss: 0.5063, Accuracy: 77.96%, AUC: 0.77
Epoch [53/100] - [TRAIN] Loss: 0.4985, Accuracy: 78.65%, AUC: 0.78 - [VAL] Loss: 0.5076, Accuracy: 77.84%, AUC: 0.77
Epoch [54/100] - [TRAIN] Loss: 0.4971, Accuracy: 78.69%, AUC: 0.78 - [VAL] Loss: 0.5061, Accuracy: 77.99%, AUC: 0.77
Epoch [55/100] - [TRAIN] Loss: 0.4981, Accuracy: 78.71%, AUC: 0.78 - [VAL] Loss: 0.5062, Accuracy: 78.01%, AUC: 0.77
Epoch [56/100] - [TRAIN] Loss: 0.4973, Accuracy: 78.59%, AUC: 0.78 - [VAL] Loss: 0.5062, Accuracy: 78.00%, AUC: 0.77
Epoch [57/100] - [TRAIN] Loss: 0.4962, Accuracy: 78.63%, AUC: 0.78 - [VAL] Loss: 0.5058, Accuracy: 78.19%, AUC: 0.77
Epoch [58/100] - [TRAIN] Loss: 0.4966, Accuracy: 78.67%, AUC: 0.78 - [VAL] Loss: 0.5063, Accuracy: 77.99%, AUC: 0.77
Epoch [59/100] - [TRAIN] Loss: 0.4976, Accuracy: 78.55%, AUC: 0.77 - [VAL] Loss: 0.5068, Accuracy: 77.93%, AUC: 0.77
New best model saved with validation metric: 24.9827
Epoch [60/100] - [TRAIN] Loss: 0.4964, Accuracy: 78.58%, AUC: 0.77 - [VAL] Loss: 0.5056, Accuracy: 78.23%, AUC: 0.77
Epoch [61/100] - [TRAIN] Loss: 0.4963, Accuracy: 78.70%, AUC: 0.78 - [VAL] Loss: 0.5066, Accuracy: 77.92%, AUC: 0.77
Epoch [62/100] - [TRAIN] Loss: 0.4954, Accuracy: 78.59%, AUC: 0.78 - [VAL] Loss: 0.5057, Accuracy: 78.22%, AUC: 0.77
Epoch [63/100] - [TRAIN] Loss: 0.4963, Accuracy: 78.63%, AUC: 0.78 - [VAL] Loss: 0.5060, Accuracy: 78.09%, AUC: 0.77
Epoch [64/100] - [TRAIN] Loss: 0.4957, Accuracy: 78.65%, AUC: 0.78 - [VAL] Loss: 0.5058, Accuracy: 78.19%, AUC: 0.77
Epoch [65/100] - [TRAIN] Loss: 0.4954, Accuracy: 78.71%, AUC: 0.78 - [VAL] Loss: 0.5066, Accuracy: 77.94%, AUC: 0.77
Epoch [66/100] - [TRAIN] Loss: 0.4959, Accuracy: 78.69%, AUC: 0.78 - [VAL] Loss: 0.5059, Accuracy: 78.13%, AUC: 0.77
Epoch [67/100] - [TRAIN] Loss: 0.4956, Accuracy: 78.71%, AUC: 0.78 - [VAL] Loss: 0.5058, Accuracy: 78.19%, AUC: 0.77
Epoch [68/100] - [TRAIN] Loss: 0.4954, Accuracy: 78.71%, AUC: 0.78 - [VAL] Loss: 0.5072, Accuracy: 77.90%, AUC: 0.77
Epoch [69/100] - [TRAIN] Loss: 0.4956, Accuracy: 78.78%, AUC: 0.78 - [VAL] Loss: 0.5068, Accuracy: 78.01%, AUC: 0.77
Epoch [70/100] - [TRAIN] Loss: 0.4943, Accuracy: 78.63%, AUC: 0.78 - [VAL] Loss: 0.5057, Accuracy: 78.20%, AUC: 0.77
New best model saved with validation metric: 24.9870
Epoch [71/100] - [TRAIN] Loss: 0.4958, Accuracy: 78.79%, AUC: 0.78 - [VAL] Loss: 0.5056, Accuracy: 78.24%, AUC: 0.77
Epoch [72/100] - [TRAIN] Loss: 0.4955, Accuracy: 78.63%, AUC: 0.78 - [VAL] Loss: 0.5058, Accuracy: 78.24%, AUC: 0.77
Epoch [73/100] - [TRAIN] Loss: 0.4955, Accuracy: 78.70%, AUC: 0.78 - [VAL] Loss: 0.5059, Accuracy: 78.13%, AUC: 0.77
Epoch [74/100] - [TRAIN] Loss: 0.4943, Accuracy: 78.73%, AUC: 0.78 - [VAL] Loss: 0.5058, Accuracy: 78.20%, AUC: 0.77
Epoch [75/100] - [TRAIN] Loss: 0.4937, Accuracy: 78.79%, AUC: 0.78 - [VAL] Loss: 0.5061, Accuracy: 78.13%, AUC: 0.77
Epoch [76/100] - [TRAIN] Loss: 0.4936, Accuracy: 78.73%, AUC: 0.78 - [VAL] Loss: 0.5071, Accuracy: 77.97%, AUC: 0.77
Epoch [77/100] - [TRAIN] Loss: 0.4932, Accuracy: 78.69%, AUC: 0.78 - [VAL] Loss: 0.5074, Accuracy: 77.96%, AUC: 0.77
Epoch [78/100] - [TRAIN] Loss: 0.4935, Accuracy: 78.66%, AUC: 0.78 - [VAL] Loss: 0.5059, Accuracy: 78.16%, AUC: 0.77
Epoch [79/100] - [TRAIN] Loss: 0.4940, Accuracy: 78.85%, AUC: 0.78 - [VAL] Loss: 0.5060, Accuracy: 78.15%, AUC: 0.77
Epoch [80/100] - [TRAIN] Loss: 0.4937, Accuracy: 78.86%, AUC: 0.78 - [VAL] Loss: 0.5102, Accuracy: 77.90%, AUC: 0.77
Epoch [81/100] - [TRAIN] Loss: 0.4945, Accuracy: 78.69%, AUC: 0.78 - [VAL] Loss: 0.5060, Accuracy: 78.19%, AUC: 0.77
Epoch [82/100] - [TRAIN] Loss: 0.4944, Accuracy: 78.75%, AUC: 0.78 - [VAL] Loss: 0.5074, Accuracy: 78.04%, AUC: 0.77
Epoch [83/100] - [TRAIN] Loss: 0.4946, Accuracy: 78.67%, AUC: 0.78 - [VAL] Loss: 0.5059, Accuracy: 78.23%, AUC: 0.77
Epoch [84/100] - [TRAIN] Loss: 0.4938, Accuracy: 78.71%, AUC: 0.78 - [VAL] Loss: 0.5061, Accuracy: 78.18%, AUC: 0.77
Epoch [85/100] - [TRAIN] Loss: 0.4916, Accuracy: 78.75%, AUC: 0.78 - [VAL] Loss: 0.5060, Accuracy: 78.19%, AUC: 0.77
New best model saved with validation metric: 24.9957
Epoch [86/100] - [TRAIN] Loss: 0.4937, Accuracy: 78.69%, AUC: 0.78 - [VAL] Loss: 0.5059, Accuracy: 78.27%, AUC: 0.77
Epoch [87/100] - [TRAIN] Loss: 0.4929, Accuracy: 78.70%, AUC: 0.78 - [VAL] Loss: 0.5075, Accuracy: 78.07%, AUC: 0.77
New best model saved with validation metric: 25.0043
Epoch [88/100] - [TRAIN] Loss: 0.4919, Accuracy: 78.75%, AUC: 0.78 - [VAL] Loss: 0.5062, Accuracy: 78.30%, AUC: 0.77
Epoch [89/100] - [TRAIN] Loss: 0.4931, Accuracy: 78.81%, AUC: 0.78 - [VAL] Loss: 0.5065, Accuracy: 78.12%, AUC: 0.77
Epoch [90/100] - [TRAIN] Loss: 0.4933, Accuracy: 78.77%, AUC: 0.78 - [VAL] Loss: 0.5070, Accuracy: 78.12%, AUC: 0.77
Epoch [91/100] - [TRAIN] Loss: 0.4922, Accuracy: 78.65%, AUC: 0.78 - [VAL] Loss: 0.5061, Accuracy: 78.20%, AUC: 0.77
Epoch [92/100] - [TRAIN] Loss: 0.4921, Accuracy: 78.71%, AUC: 0.78 - [VAL] Loss: 0.5064, Accuracy: 78.19%, AUC: 0.77
Epoch [93/100] - [TRAIN] Loss: 0.4926, Accuracy: 78.85%, AUC: 0.78 - [VAL] Loss: 0.5068, Accuracy: 78.12%, AUC: 0.77
Epoch [94/100] - [TRAIN] Loss: 0.4906, Accuracy: 78.74%, AUC: 0.78 - [VAL] Loss: 0.5074, Accuracy: 78.08%, AUC: 0.77
Epoch [95/100] - [TRAIN] Loss: 0.4916, Accuracy: 78.75%, AUC: 0.78 - [VAL] Loss: 0.5068, Accuracy: 78.13%, AUC: 0.77
Epoch [96/100] - [TRAIN] Loss: 0.4925, Accuracy: 78.77%, AUC: 0.78 - [VAL] Loss: 0.5062, Accuracy: 78.27%, AUC: 0.77
Epoch [97/100] - [TRAIN] Loss: 0.4910, Accuracy: 78.69%, AUC: 0.78 - [VAL] Loss: 0.5061, Accuracy: 78.22%, AUC: 0.77
Epoch [98/100] - [TRAIN] Loss: 0.4921, Accuracy: 78.73%, AUC: 0.78 - [VAL] Loss: 0.5074, Accuracy: 78.09%, AUC: 0.77
Epoch [99/100] - [TRAIN] Loss: 0.4915, Accuracy: 78.90%, AUC: 0.78 - [VAL] Loss: 0.5066, Accuracy: 78.16%, AUC: 0.77
Epoch [100/100] - [TRAIN] Loss: 0.4907, Accuracy: 78.85%, AUC: 0.78 - [VAL] Loss: 0.5073, Accuracy: 78.12%, AUC: 0.77
Training finished!
Accuracy Score on test set: 78.48 %
AUC Score on test set: 0.77
Item: H3K9ac
Train set shape: (7399, 1, 4000) (7399,)
Validation set shape: (7377, 1, 4000) (7377,)
Test set shape: (7378, 1, 4000) (7378,)
New best model saved with validation metric: 19.4242
Epoch [1/100] - [TRAIN] Loss: 0.6598, Accuracy: 60.82%, AUC: 0.50 - [VAL] Loss: 0.6381, Accuracy: 60.82%, AUC: 0.50
Epoch [2/100] - [TRAIN] Loss: 0.6248, Accuracy: 60.82%, AUC: 0.50 - [VAL] Loss: 0.6027, Accuracy: 60.82%, AUC: 0.50
Epoch [3/100] - [TRAIN] Loss: 0.5918, Accuracy: 60.82%, AUC: 0.50 - [VAL] Loss: 0.5704, Accuracy: 60.82%, AUC: 0.50
New best model saved with validation metric: 24.9177
Epoch [4/100] - [TRAIN] Loss: 0.5656, Accuracy: 72.10%, AUC: 0.68 - [VAL] Loss: 0.5478, Accuracy: 78.03%, AUC: 0.78
Epoch [5/100] - [TRAIN] Loss: 0.5489, Accuracy: 77.98%, AUC: 0.77 - [VAL] Loss: 0.5351, Accuracy: 77.78%, AUC: 0.78
Epoch [6/100] - [TRAIN] Loss: 0.5402, Accuracy: 77.73%, AUC: 0.77 - [VAL] Loss: 0.5284, Accuracy: 77.66%, AUC: 0.78
Epoch [7/100] - [TRAIN] Loss: 0.5352, Accuracy: 77.63%, AUC: 0.77 - [VAL] Loss: 0.5249, Accuracy: 77.66%, AUC: 0.78
Epoch [8/100] - [TRAIN] Loss: 0.5321, Accuracy: 77.55%, AUC: 0.77 - [VAL] Loss: 0.5220, Accuracy: 77.52%, AUC: 0.78
Epoch [9/100] - [TRAIN] Loss: 0.5300, Accuracy: 77.58%, AUC: 0.77 - [VAL] Loss: 0.5205, Accuracy: 77.06%, AUC: 0.77
Epoch [10/100] - [TRAIN] Loss: 0.5271, Accuracy: 77.58%, AUC: 0.77 - [VAL] Loss: 0.5187, Accuracy: 77.08%, AUC: 0.77
Epoch [11/100] - [TRAIN] Loss: 0.5248, Accuracy: 77.56%, AUC: 0.77 - [VAL] Loss: 0.5166, Accuracy: 77.57%, AUC: 0.78
Epoch [12/100] - [TRAIN] Loss: 0.5247, Accuracy: 77.59%, AUC: 0.77 - [VAL] Loss: 0.5164, Accuracy: 76.93%, AUC: 0.77
Epoch [13/100] - [TRAIN] Loss: 0.5223, Accuracy: 77.52%, AUC: 0.77 - [VAL] Loss: 0.5141, Accuracy: 77.43%, AUC: 0.78
Epoch [14/100] - [TRAIN] Loss: 0.5205, Accuracy: 77.63%, AUC: 0.77 - [VAL] Loss: 0.5137, Accuracy: 77.23%, AUC: 0.78
Epoch [15/100] - [TRAIN] Loss: 0.5189, Accuracy: 77.70%, AUC: 0.77 - [VAL] Loss: 0.5120, Accuracy: 77.74%, AUC: 0.78
Epoch [16/100] - [TRAIN] Loss: 0.5178, Accuracy: 77.66%, AUC: 0.77 - [VAL] Loss: 0.5118, Accuracy: 77.40%, AUC: 0.78
Epoch [17/100] - [TRAIN] Loss: 0.5173, Accuracy: 77.83%, AUC: 0.78 - [VAL] Loss: 0.5126, Accuracy: 76.98%, AUC: 0.77
Epoch [18/100] - [TRAIN] Loss: 0.5156, Accuracy: 77.63%, AUC: 0.77 - [VAL] Loss: 0.5101, Accuracy: 77.73%, AUC: 0.78
Epoch [19/100] - [TRAIN] Loss: 0.5171, Accuracy: 77.74%, AUC: 0.77 - [VAL] Loss: 0.5096, Accuracy: 77.74%, AUC: 0.78
Epoch [20/100] - [TRAIN] Loss: 0.5152, Accuracy: 77.90%, AUC: 0.78 - [VAL] Loss: 0.5092, Accuracy: 77.73%, AUC: 0.78
Epoch [21/100] - [TRAIN] Loss: 0.5159, Accuracy: 77.83%, AUC: 0.77 - [VAL] Loss: 0.5082, Accuracy: 77.94%, AUC: 0.78
Epoch [22/100] - [TRAIN] Loss: 0.5125, Accuracy: 77.96%, AUC: 0.78 - [VAL] Loss: 0.5078, Accuracy: 77.76%, AUC: 0.78
Epoch [23/100] - [TRAIN] Loss: 0.5122, Accuracy: 77.92%, AUC: 0.78 - [VAL] Loss: 0.5073, Accuracy: 77.85%, AUC: 0.78
Epoch [24/100] - [TRAIN] Loss: 0.5122, Accuracy: 77.92%, AUC: 0.77 - [VAL] Loss: 0.5078, Accuracy: 77.65%, AUC: 0.78
New best model saved with validation metric: 25.0000
Epoch [25/100] - [TRAIN] Loss: 0.5112, Accuracy: 77.96%, AUC: 0.78 - [VAL] Loss: 0.5066, Accuracy: 78.28%, AUC: 0.78
Epoch [26/100] - [TRAIN] Loss: 0.5097, Accuracy: 78.16%, AUC: 0.78 - [VAL] Loss: 0.5060, Accuracy: 77.93%, AUC: 0.78
Epoch [27/100] - [TRAIN] Loss: 0.5108, Accuracy: 78.00%, AUC: 0.78 - [VAL] Loss: 0.5056, Accuracy: 78.01%, AUC: 0.78
Epoch [28/100] - [TRAIN] Loss: 0.5108, Accuracy: 78.04%, AUC: 0.78 - [VAL] Loss: 0.5058, Accuracy: 77.94%, AUC: 0.78
Epoch [29/100] - [TRAIN] Loss: 0.5094, Accuracy: 78.12%, AUC: 0.78 - [VAL] Loss: 0.5055, Accuracy: 77.93%, AUC: 0.78
Epoch [30/100] - [TRAIN] Loss: 0.5095, Accuracy: 78.17%, AUC: 0.78 - [VAL] Loss: 0.5050, Accuracy: 78.00%, AUC: 0.78
Epoch [31/100] - [TRAIN] Loss: 0.5086, Accuracy: 78.19%, AUC: 0.78 - [VAL] Loss: 0.5045, Accuracy: 78.18%, AUC: 0.78
Epoch [32/100] - [TRAIN] Loss: 0.5086, Accuracy: 78.19%, AUC: 0.78 - [VAL] Loss: 0.5048, Accuracy: 77.94%, AUC: 0.78
Epoch [33/100] - [TRAIN] Loss: 0.5067, Accuracy: 78.20%, AUC: 0.78 - [VAL] Loss: 0.5045, Accuracy: 77.99%, AUC: 0.78
Epoch [34/100] - [TRAIN] Loss: 0.5086, Accuracy: 78.17%, AUC: 0.78 - [VAL] Loss: 0.5048, Accuracy: 77.96%, AUC: 0.78
Epoch [35/100] - [TRAIN] Loss: 0.5073, Accuracy: 78.21%, AUC: 0.78 - [VAL] Loss: 0.5056, Accuracy: 77.92%, AUC: 0.78
Epoch [36/100] - [TRAIN] Loss: 0.5074, Accuracy: 78.31%, AUC: 0.78 - [VAL] Loss: 0.5034, Accuracy: 78.27%, AUC: 0.78
Epoch [37/100] - [TRAIN] Loss: 0.5057, Accuracy: 78.27%, AUC: 0.78 - [VAL] Loss: 0.5045, Accuracy: 77.99%, AUC: 0.78
Epoch [38/100] - [TRAIN] Loss: 0.5059, Accuracy: 78.24%, AUC: 0.78 - [VAL] Loss: 0.5031, Accuracy: 78.24%, AUC: 0.78
New best model saved with validation metric: 25.0043
Epoch [39/100] - [TRAIN] Loss: 0.5063, Accuracy: 78.33%, AUC: 0.78 - [VAL] Loss: 0.5031, Accuracy: 78.30%, AUC: 0.78
Epoch [40/100] - [TRAIN] Loss: 0.5037, Accuracy: 78.33%, AUC: 0.78 - [VAL] Loss: 0.5036, Accuracy: 78.11%, AUC: 0.78
Epoch [41/100] - [TRAIN] Loss: 0.5071, Accuracy: 78.36%, AUC: 0.78 - [VAL] Loss: 0.5026, Accuracy: 78.28%, AUC: 0.78
New best model saved with validation metric: 25.0216
Epoch [42/100] - [TRAIN] Loss: 0.5050, Accuracy: 78.32%, AUC: 0.78 - [VAL] Loss: 0.5032, Accuracy: 78.35%, AUC: 0.78
Epoch [43/100] - [TRAIN] Loss: 0.5048, Accuracy: 78.24%, AUC: 0.78 - [VAL] Loss: 0.5027, Accuracy: 78.28%, AUC: 0.78
Epoch [44/100] - [TRAIN] Loss: 0.5030, Accuracy: 78.29%, AUC: 0.78 - [VAL] Loss: 0.5026, Accuracy: 78.30%, AUC: 0.78
Epoch [45/100] - [TRAIN] Loss: 0.5028, Accuracy: 78.33%, AUC: 0.78 - [VAL] Loss: 0.5028, Accuracy: 78.18%, AUC: 0.78
Epoch [46/100] - [TRAIN] Loss: 0.5038, Accuracy: 78.38%, AUC: 0.78 - [VAL] Loss: 0.5026, Accuracy: 78.27%, AUC: 0.78
Epoch [47/100] - [TRAIN] Loss: 0.5030, Accuracy: 78.40%, AUC: 0.78 - [VAL] Loss: 0.5027, Accuracy: 78.24%, AUC: 0.78
New best model saved with validation metric: 25.0260
Epoch [48/100] - [TRAIN] Loss: 0.5039, Accuracy: 78.29%, AUC: 0.78 - [VAL] Loss: 0.5028, Accuracy: 78.37%, AUC: 0.78
Epoch [49/100] - [TRAIN] Loss: 0.5035, Accuracy: 78.43%, AUC: 0.78 - [VAL] Loss: 0.5041, Accuracy: 78.13%, AUC: 0.78
Epoch [50/100] - [TRAIN] Loss: 0.5021, Accuracy: 78.35%, AUC: 0.78 - [VAL] Loss: 0.5025, Accuracy: 78.27%, AUC: 0.78
Epoch [51/100] - [TRAIN] Loss: 0.5016, Accuracy: 78.40%, AUC: 0.78 - [VAL] Loss: 0.5021, Accuracy: 78.31%, AUC: 0.78
Epoch [52/100] - [TRAIN] Loss: 0.5023, Accuracy: 78.43%, AUC: 0.78 - [VAL] Loss: 0.5037, Accuracy: 78.18%, AUC: 0.78
Epoch [53/100] - [TRAIN] Loss: 0.5033, Accuracy: 78.31%, AUC: 0.78 - [VAL] Loss: 0.5024, Accuracy: 78.32%, AUC: 0.78
Epoch [54/100] - [TRAIN] Loss: 0.5011, Accuracy: 78.47%, AUC: 0.78 - [VAL] Loss: 0.5019, Accuracy: 78.30%, AUC: 0.78
Epoch [55/100] - [TRAIN] Loss: 0.5012, Accuracy: 78.42%, AUC: 0.78 - [VAL] Loss: 0.5019, Accuracy: 78.31%, AUC: 0.78
Epoch [56/100] - [TRAIN] Loss: 0.5014, Accuracy: 78.47%, AUC: 0.78 - [VAL] Loss: 0.5020, Accuracy: 78.31%, AUC: 0.78
Epoch [57/100] - [TRAIN] Loss: 0.5017, Accuracy: 78.56%, AUC: 0.78 - [VAL] Loss: 0.5026, Accuracy: 78.23%, AUC: 0.78
Epoch [58/100] - [TRAIN] Loss: 0.5013, Accuracy: 78.47%, AUC: 0.78 - [VAL] Loss: 0.5023, Accuracy: 78.24%, AUC: 0.78
Epoch [59/100] - [TRAIN] Loss: 0.4999, Accuracy: 78.43%, AUC: 0.78 - [VAL] Loss: 0.5025, Accuracy: 78.24%, AUC: 0.78
Epoch [60/100] - [TRAIN] Loss: 0.5006, Accuracy: 78.52%, AUC: 0.78 - [VAL] Loss: 0.5019, Accuracy: 78.32%, AUC: 0.78
Epoch [61/100] - [TRAIN] Loss: 0.4997, Accuracy: 78.47%, AUC: 0.78 - [VAL] Loss: 0.5030, Accuracy: 78.23%, AUC: 0.78
Epoch [62/100] - [TRAIN] Loss: 0.4989, Accuracy: 78.40%, AUC: 0.78 - [VAL] Loss: 0.5030, Accuracy: 78.23%, AUC: 0.78
Epoch [63/100] - [TRAIN] Loss: 0.5004, Accuracy: 78.47%, AUC: 0.78 - [VAL] Loss: 0.5028, Accuracy: 78.27%, AUC: 0.78
Epoch [64/100] - [TRAIN] Loss: 0.5009, Accuracy: 78.44%, AUC: 0.78 - [VAL] Loss: 0.5027, Accuracy: 78.32%, AUC: 0.78
Epoch [65/100] - [TRAIN] Loss: 0.4995, Accuracy: 78.51%, AUC: 0.78 - [VAL] Loss: 0.5019, Accuracy: 78.35%, AUC: 0.78
Epoch [66/100] - [TRAIN] Loss: 0.5013, Accuracy: 78.46%, AUC: 0.78 - [VAL] Loss: 0.5029, Accuracy: 78.30%, AUC: 0.78
Epoch [67/100] - [TRAIN] Loss: 0.4991, Accuracy: 78.44%, AUC: 0.78 - [VAL] Loss: 0.5030, Accuracy: 78.31%, AUC: 0.78
Epoch [68/100] - [TRAIN] Loss: 0.4996, Accuracy: 78.50%, AUC: 0.78 - [VAL] Loss: 0.5031, Accuracy: 78.30%, AUC: 0.78
Epoch [69/100] - [TRAIN] Loss: 0.4988, Accuracy: 78.48%, AUC: 0.78 - [VAL] Loss: 0.5044, Accuracy: 78.20%, AUC: 0.78
Epoch [70/100] - [TRAIN] Loss: 0.4993, Accuracy: 78.58%, AUC: 0.78 - [VAL] Loss: 0.5021, Accuracy: 78.32%, AUC: 0.78
Epoch [71/100] - [TRAIN] Loss: 0.4991, Accuracy: 78.47%, AUC: 0.78 - [VAL] Loss: 0.5024, Accuracy: 78.31%, AUC: 0.78
Epoch [72/100] - [TRAIN] Loss: 0.4982, Accuracy: 78.51%, AUC: 0.78 - [VAL] Loss: 0.5027, Accuracy: 78.32%, AUC: 0.78
Epoch [73/100] - [TRAIN] Loss: 0.4985, Accuracy: 78.44%, AUC: 0.78 - [VAL] Loss: 0.5028, Accuracy: 78.34%, AUC: 0.78
Epoch [74/100] - [TRAIN] Loss: 0.4993, Accuracy: 78.50%, AUC: 0.78 - [VAL] Loss: 0.5026, Accuracy: 78.28%, AUC: 0.78
Epoch [75/100] - [TRAIN] Loss: 0.4976, Accuracy: 78.65%, AUC: 0.78 - [VAL] Loss: 0.5023, Accuracy: 78.30%, AUC: 0.78
Epoch [76/100] - [TRAIN] Loss: 0.4977, Accuracy: 78.66%, AUC: 0.78 - [VAL] Loss: 0.5022, Accuracy: 78.35%, AUC: 0.78
Epoch [77/100] - [TRAIN] Loss: 0.4982, Accuracy: 78.59%, AUC: 0.78 - [VAL] Loss: 0.5025, Accuracy: 78.32%, AUC: 0.78
Epoch [78/100] - [TRAIN] Loss: 0.4979, Accuracy: 78.46%, AUC: 0.78 - [VAL] Loss: 0.5045, Accuracy: 78.31%, AUC: 0.78
Epoch [79/100] - [TRAIN] Loss: 0.4984, Accuracy: 78.48%, AUC: 0.78 - [VAL] Loss: 0.5030, Accuracy: 78.32%, AUC: 0.78
New best model saved with validation metric: 25.0390
Epoch [80/100] - [TRAIN] Loss: 0.4981, Accuracy: 78.55%, AUC: 0.78 - [VAL] Loss: 0.5025, Accuracy: 78.41%, AUC: 0.78
Epoch [81/100] - [TRAIN] Loss: 0.4978, Accuracy: 78.59%, AUC: 0.78 - [VAL] Loss: 0.5031, Accuracy: 78.31%, AUC: 0.78
New best model saved with validation metric: 25.0866
Epoch [82/100] - [TRAIN] Loss: 0.4960, Accuracy: 78.56%, AUC: 0.78 - [VAL] Loss: 0.5031, Accuracy: 78.55%, AUC: 0.78
Epoch [83/100] - [TRAIN] Loss: 0.4970, Accuracy: 78.54%, AUC: 0.78 - [VAL] Loss: 0.5034, Accuracy: 78.32%, AUC: 0.78
Epoch [84/100] - [TRAIN] Loss: 0.4960, Accuracy: 78.51%, AUC: 0.78 - [VAL] Loss: 0.5035, Accuracy: 78.32%, AUC: 0.78
Epoch [85/100] - [TRAIN] Loss: 0.4960, Accuracy: 78.65%, AUC: 0.78 - [VAL] Loss: 0.5033, Accuracy: 78.32%, AUC: 0.78
Epoch [86/100] - [TRAIN] Loss: 0.4982, Accuracy: 78.56%, AUC: 0.78 - [VAL] Loss: 0.5027, Accuracy: 78.34%, AUC: 0.78
Epoch [87/100] - [TRAIN] Loss: 0.4963, Accuracy: 78.56%, AUC: 0.78 - [VAL] Loss: 0.5026, Accuracy: 78.38%, AUC: 0.78
Epoch [88/100] - [TRAIN] Loss: 0.4957, Accuracy: 78.56%, AUC: 0.78 - [VAL] Loss: 0.5036, Accuracy: 78.31%, AUC: 0.78
Epoch [89/100] - [TRAIN] Loss: 0.4967, Accuracy: 78.62%, AUC: 0.78 - [VAL] Loss: 0.5027, Accuracy: 78.34%, AUC: 0.78
Epoch [90/100] - [TRAIN] Loss: 0.4978, Accuracy: 78.55%, AUC: 0.78 - [VAL] Loss: 0.5048, Accuracy: 78.20%, AUC: 0.78
Epoch [91/100] - [TRAIN] Loss: 0.4959, Accuracy: 78.51%, AUC: 0.78 - [VAL] Loss: 0.5054, Accuracy: 78.20%, AUC: 0.78
Epoch [92/100] - [TRAIN] Loss: 0.4958, Accuracy: 78.55%, AUC: 0.78 - [VAL] Loss: 0.5042, Accuracy: 78.30%, AUC: 0.78
Epoch [93/100] - [TRAIN] Loss: 0.4960, Accuracy: 78.58%, AUC: 0.78 - [VAL] Loss: 0.5029, Accuracy: 78.38%, AUC: 0.78
Epoch [94/100] - [TRAIN] Loss: 0.4955, Accuracy: 78.59%, AUC: 0.78 - [VAL] Loss: 0.5030, Accuracy: 78.35%, AUC: 0.78
Epoch [95/100] - [TRAIN] Loss: 0.4966, Accuracy: 78.62%, AUC: 0.78 - [VAL] Loss: 0.5039, Accuracy: 78.34%, AUC: 0.78
Epoch [96/100] - [TRAIN] Loss: 0.4959, Accuracy: 78.50%, AUC: 0.78 - [VAL] Loss: 0.5046, Accuracy: 78.31%, AUC: 0.78
Epoch [97/100] - [TRAIN] Loss: 0.4966, Accuracy: 78.54%, AUC: 0.78 - [VAL] Loss: 0.5031, Accuracy: 78.35%, AUC: 0.78
Epoch [98/100] - [TRAIN] Loss: 0.4959, Accuracy: 78.62%, AUC: 0.78 - [VAL] Loss: 0.5043, Accuracy: 78.27%, AUC: 0.78
Epoch [99/100] - [TRAIN] Loss: 0.4942, Accuracy: 78.50%, AUC: 0.78 - [VAL] Loss: 0.5033, Accuracy: 78.37%, AUC: 0.78
Epoch [100/100] - [TRAIN] Loss: 0.4954, Accuracy: 78.58%, AUC: 0.78 - [VAL] Loss: 0.5035, Accuracy: 78.37%, AUC: 0.78
Training finished!
Accuracy Score on test set: 78.73 %
AUC Score on test set: 0.78
Item: H3K9me3
Train set shape: (7399, 1, 4000) (7399,)
Validation set shape: (7377, 1, 4000) (7377,)
Test set shape: (7378, 1, 4000) (7378,)
New best model saved with validation metric: 19.4242
Epoch [1/100] - [TRAIN] Loss: 0.6833, Accuracy: 56.76%, AUC: 0.51 - [VAL] Loss: 0.6720, Accuracy: 60.82%, AUC: 0.50
Epoch [2/100] - [TRAIN] Loss: 0.6706, Accuracy: 60.82%, AUC: 0.50 - [VAL] Loss: 0.6698, Accuracy: 60.82%, AUC: 0.50
Epoch [3/100] - [TRAIN] Loss: 0.6704, Accuracy: 60.82%, AUC: 0.50 - [VAL] Loss: 0.6697, Accuracy: 60.82%, AUC: 0.50
Epoch [4/100] - [TRAIN] Loss: 0.6703, Accuracy: 60.82%, AUC: 0.50 - [VAL] Loss: 0.6697, Accuracy: 60.82%, AUC: 0.50
Epoch [5/100] - [TRAIN] Loss: 0.6698, Accuracy: 60.82%, AUC: 0.50 - [VAL] Loss: 0.6697, Accuracy: 60.82%, AUC: 0.50
Epoch [6/100] - [TRAIN] Loss: 0.6695, Accuracy: 60.82%, AUC: 0.50 - [VAL] Loss: 0.6697, Accuracy: 60.82%, AUC: 0.50
Epoch [7/100] - [TRAIN] Loss: 0.6691, Accuracy: 60.82%, AUC: 0.50 - [VAL] Loss: 0.6698, Accuracy: 60.82%, AUC: 0.50
Epoch [8/100] - [TRAIN] Loss: 0.6692, Accuracy: 60.82%, AUC: 0.50 - [VAL] Loss: 0.6697, Accuracy: 60.82%, AUC: 0.50
Epoch [9/100] - [TRAIN] Loss: 0.6696, Accuracy: 60.82%, AUC: 0.50 - [VAL] Loss: 0.6696, Accuracy: 60.82%, AUC: 0.50
Epoch [10/100] - [TRAIN] Loss: 0.6700, Accuracy: 60.82%, AUC: 0.50 - [VAL] Loss: 0.6696, Accuracy: 60.82%, AUC: 0.50
Epoch [11/100] - [TRAIN] Loss: 0.6695, Accuracy: 60.82%, AUC: 0.50 - [VAL] Loss: 0.6696, Accuracy: 60.82%, AUC: 0.50
Epoch [12/100] - [TRAIN] Loss: 0.6693, Accuracy: 60.82%, AUC: 0.50 - [VAL] Loss: 0.6696, Accuracy: 60.82%, AUC: 0.50
Epoch [13/100] - [TRAIN] Loss: 0.6700, Accuracy: 60.82%, AUC: 0.50 - [VAL] Loss: 0.6696, Accuracy: 60.82%, AUC: 0.50
Epoch [14/100] - [TRAIN] Loss: 0.6691, Accuracy: 60.82%, AUC: 0.50 - [VAL] Loss: 0.6697, Accuracy: 60.82%, AUC: 0.50
Epoch [15/100] - [TRAIN] Loss: 0.6700, Accuracy: 60.82%, AUC: 0.50 - [VAL] Loss: 0.6697, Accuracy: 60.82%, AUC: 0.50
Epoch [16/100] - [TRAIN] Loss: 0.6697, Accuracy: 60.82%, AUC: 0.50 - [VAL] Loss: 0.6696, Accuracy: 60.82%, AUC: 0.50
Epoch [17/100] - [TRAIN] Loss: 0.6699, Accuracy: 60.82%, AUC: 0.50 - [VAL] Loss: 0.6696, Accuracy: 60.82%, AUC: 0.50
Epoch [18/100] - [TRAIN] Loss: 0.6694, Accuracy: 60.82%, AUC: 0.50 - [VAL] Loss: 0.6696, Accuracy: 60.82%, AUC: 0.50
Epoch [19/100] - [TRAIN] Loss: 0.6698, Accuracy: 60.82%, AUC: 0.50 - [VAL] Loss: 0.6695, Accuracy: 60.82%, AUC: 0.50
Epoch [20/100] - [TRAIN] Loss: 0.6693, Accuracy: 60.82%, AUC: 0.50 - [VAL] Loss: 0.6696, Accuracy: 60.82%, AUC: 0.50
Epoch [21/100] - [TRAIN] Loss: 0.6691, Accuracy: 60.82%, AUC: 0.50 - [VAL] Loss: 0.6696, Accuracy: 60.82%, AUC: 0.50
Epoch [22/100] - [TRAIN] Loss: 0.6691, Accuracy: 60.82%, AUC: 0.50 - [VAL] Loss: 0.6695, Accuracy: 60.82%, AUC: 0.50
Epoch [23/100] - [TRAIN] Loss: 0.6692, Accuracy: 60.82%, AUC: 0.50 - [VAL] Loss: 0.6695, Accuracy: 60.82%, AUC: 0.50
Epoch [24/100] - [TRAIN] Loss: 0.6696, Accuracy: 60.82%, AUC: 0.50 - [VAL] Loss: 0.6697, Accuracy: 60.82%, AUC: 0.50
Epoch [25/100] - [TRAIN] Loss: 0.6693, Accuracy: 60.82%, AUC: 0.50 - [VAL] Loss: 0.6697, Accuracy: 60.82%, AUC: 0.50
Epoch [26/100] - [TRAIN] Loss: 0.6697, Accuracy: 60.82%, AUC: 0.50 - [VAL] Loss: 0.6695, Accuracy: 60.82%, AUC: 0.50
Epoch [27/100] - [TRAIN] Loss: 0.6690, Accuracy: 60.82%, AUC: 0.50 - [VAL] Loss: 0.6695, Accuracy: 60.82%, AUC: 0.50
Epoch [28/100] - [TRAIN] Loss: 0.6695, Accuracy: 60.82%, AUC: 0.50 - [VAL] Loss: 0.6695, Accuracy: 60.82%, AUC: 0.50
Epoch [29/100] - [TRAIN] Loss: 0.6694, Accuracy: 60.82%, AUC: 0.50 - [VAL] Loss: 0.6695, Accuracy: 60.82%, AUC: 0.50
Epoch [30/100] - [TRAIN] Loss: 0.6697, Accuracy: 60.82%, AUC: 0.50 - [VAL] Loss: 0.6695, Accuracy: 60.82%, AUC: 0.50
Epoch [31/100] - [TRAIN] Loss: 0.6694, Accuracy: 60.82%, AUC: 0.50 - [VAL] Loss: 0.6695, Accuracy: 60.82%, AUC: 0.50
Epoch [32/100] - [TRAIN] Loss: 0.6692, Accuracy: 60.82%, AUC: 0.50 - [VAL] Loss: 0.6695, Accuracy: 60.82%, AUC: 0.50
Epoch [33/100] - [TRAIN] Loss: 0.6697, Accuracy: 60.82%, AUC: 0.50 - [VAL] Loss: 0.6695, Accuracy: 60.82%, AUC: 0.50
Epoch [34/100] - [TRAIN] Loss: 0.6695, Accuracy: 60.82%, AUC: 0.50 - [VAL] Loss: 0.6695, Accuracy: 60.82%, AUC: 0.50
Epoch [35/100] - [TRAIN] Loss: 0.6692, Accuracy: 60.82%, AUC: 0.50 - [VAL] Loss: 0.6696, Accuracy: 60.82%, AUC: 0.50
Epoch [36/100] - [TRAIN] Loss: 0.6686, Accuracy: 60.82%, AUC: 0.50 - [VAL] Loss: 0.6695, Accuracy: 60.82%, AUC: 0.50
Epoch [37/100] - [TRAIN] Loss: 0.6694, Accuracy: 60.82%, AUC: 0.50 - [VAL] Loss: 0.6695, Accuracy: 60.82%, AUC: 0.50
Epoch [38/100] - [TRAIN] Loss: 0.6693, Accuracy: 60.82%, AUC: 0.50 - [VAL] Loss: 0.6694, Accuracy: 60.82%, AUC: 0.50
Epoch [39/100] - [TRAIN] Loss: 0.6692, Accuracy: 60.82%, AUC: 0.50 - [VAL] Loss: 0.6694, Accuracy: 60.82%, AUC: 0.50
Epoch [40/100] - [TRAIN] Loss: 0.6696, Accuracy: 60.82%, AUC: 0.50 - [VAL] Loss: 0.6696, Accuracy: 60.82%, AUC: 0.50
Epoch [41/100] - [TRAIN] Loss: 0.6691, Accuracy: 60.82%, AUC: 0.50 - [VAL] Loss: 0.6695, Accuracy: 60.82%, AUC: 0.50
Epoch [42/100] - [TRAIN] Loss: 0.6689, Accuracy: 60.82%, AUC: 0.50 - [VAL] Loss: 0.6697, Accuracy: 60.82%, AUC: 0.50
Epoch [43/100] - [TRAIN] Loss: 0.6691, Accuracy: 60.82%, AUC: 0.50 - [VAL] Loss: 0.6694, Accuracy: 60.82%, AUC: 0.50
Epoch [44/100] - [TRAIN] Loss: 0.6690, Accuracy: 60.82%, AUC: 0.50 - [VAL] Loss: 0.6696, Accuracy: 60.82%, AUC: 0.50
Epoch [45/100] - [TRAIN] Loss: 0.6690, Accuracy: 60.82%, AUC: 0.50 - [VAL] Loss: 0.6696, Accuracy: 60.82%, AUC: 0.50
Epoch [46/100] - [TRAIN] Loss: 0.6692, Accuracy: 60.82%, AUC: 0.50 - [VAL] Loss: 0.6697, Accuracy: 60.82%, AUC: 0.50
Epoch [47/100] - [TRAIN] Loss: 0.6692, Accuracy: 60.82%, AUC: 0.50 - [VAL] Loss: 0.6693, Accuracy: 60.82%, AUC: 0.50
Epoch [48/100] - [TRAIN] Loss: 0.6697, Accuracy: 60.82%, AUC: 0.50 - [VAL] Loss: 0.6693, Accuracy: 60.82%, AUC: 0.50
Epoch [49/100] - [TRAIN] Loss: 0.6692, Accuracy: 60.82%, AUC: 0.50 - [VAL] Loss: 0.6695, Accuracy: 60.82%, AUC: 0.50
Epoch [50/100] - [TRAIN] Loss: 0.6683, Accuracy: 60.82%, AUC: 0.50 - [VAL] Loss: 0.6697, Accuracy: 60.82%, AUC: 0.50
Epoch [51/100] - [TRAIN] Loss: 0.6685, Accuracy: 60.82%, AUC: 0.50 - [VAL] Loss: 0.6697, Accuracy: 60.82%, AUC: 0.50
Epoch [52/100] - [TRAIN] Loss: 0.6690, Accuracy: 60.82%, AUC: 0.50 - [VAL] Loss: 0.6693, Accuracy: 60.82%, AUC: 0.50
Epoch [53/100] - [TRAIN] Loss: 0.6691, Accuracy: 60.82%, AUC: 0.50 - [VAL] Loss: 0.6694, Accuracy: 60.82%, AUC: 0.50
Epoch [54/100] - [TRAIN] Loss: 0.6686, Accuracy: 60.82%, AUC: 0.50 - [VAL] Loss: 0.6696, Accuracy: 60.82%, AUC: 0.50
Epoch [55/100] - [TRAIN] Loss: 0.6691, Accuracy: 60.82%, AUC: 0.50 - [VAL] Loss: 0.6693, Accuracy: 60.82%, AUC: 0.50
Epoch [56/100] - [TRAIN] Loss: 0.6691, Accuracy: 60.82%, AUC: 0.50 - [VAL] Loss: 0.6694, Accuracy: 60.82%, AUC: 0.50
Epoch [57/100] - [TRAIN] Loss: 0.6689, Accuracy: 60.82%, AUC: 0.50 - [VAL] Loss: 0.6694, Accuracy: 60.82%, AUC: 0.50
Epoch [58/100] - [TRAIN] Loss: 0.6690, Accuracy: 60.82%, AUC: 0.50 - [VAL] Loss: 0.6695, Accuracy: 60.82%, AUC: 0.50
Epoch [59/100] - [TRAIN] Loss: 0.6691, Accuracy: 60.82%, AUC: 0.50 - [VAL] Loss: 0.6695, Accuracy: 60.82%, AUC: 0.50
Epoch [60/100] - [TRAIN] Loss: 0.6691, Accuracy: 60.82%, AUC: 0.50 - [VAL] Loss: 0.6695, Accuracy: 60.82%, AUC: 0.50
Epoch [61/100] - [TRAIN] Loss: 0.6685, Accuracy: 60.82%, AUC: 0.50 - [VAL] Loss: 0.6694, Accuracy: 60.82%, AUC: 0.50
Epoch [62/100] - [TRAIN] Loss: 0.6694, Accuracy: 60.82%, AUC: 0.50 - [VAL] Loss: 0.6693, Accuracy: 60.82%, AUC: 0.50
Epoch [63/100] - [TRAIN] Loss: 0.6689, Accuracy: 60.82%, AUC: 0.50 - [VAL] Loss: 0.6695, Accuracy: 60.82%, AUC: 0.50
Epoch [64/100] - [TRAIN] Loss: 0.6695, Accuracy: 60.82%, AUC: 0.50 - [VAL] Loss: 0.6692, Accuracy: 60.82%, AUC: 0.50
Epoch [65/100] - [TRAIN] Loss: 0.6687, Accuracy: 60.82%, AUC: 0.50 - [VAL] Loss: 0.6693, Accuracy: 60.82%, AUC: 0.50
Epoch [66/100] - [TRAIN] Loss: 0.6687, Accuracy: 60.82%, AUC: 0.50 - [VAL] Loss: 0.6692, Accuracy: 60.82%, AUC: 0.50
Epoch [67/100] - [TRAIN] Loss: 0.6692, Accuracy: 60.82%, AUC: 0.50 - [VAL] Loss: 0.6692, Accuracy: 60.82%, AUC: 0.50
Epoch [68/100] - [TRAIN] Loss: 0.6691, Accuracy: 60.82%, AUC: 0.50 - [VAL] Loss: 0.6691, Accuracy: 60.82%, AUC: 0.50
Epoch [69/100] - [TRAIN] Loss: 0.6685, Accuracy: 60.82%, AUC: 0.50 - [VAL] Loss: 0.6691, Accuracy: 60.82%, AUC: 0.50
Epoch [70/100] - [TRAIN] Loss: 0.6683, Accuracy: 60.82%, AUC: 0.50 - [VAL] Loss: 0.6694, Accuracy: 60.82%, AUC: 0.50
Epoch [71/100] - [TRAIN] Loss: 0.6686, Accuracy: 60.82%, AUC: 0.50 - [VAL] Loss: 0.6691, Accuracy: 60.82%, AUC: 0.50
Epoch [72/100] - [TRAIN] Loss: 0.6689, Accuracy: 60.82%, AUC: 0.50 - [VAL] Loss: 0.6691, Accuracy: 60.81%, AUC: 0.50
Epoch [73/100] - [TRAIN] Loss: 0.6687, Accuracy: 60.82%, AUC: 0.50 - [VAL] Loss: 0.6691, Accuracy: 60.81%, AUC: 0.50
Epoch [74/100] - [TRAIN] Loss: 0.6685, Accuracy: 60.82%, AUC: 0.50 - [VAL] Loss: 0.6692, Accuracy: 60.81%, AUC: 0.50
Epoch [75/100] - [TRAIN] Loss: 0.6695, Accuracy: 60.82%, AUC: 0.50 - [VAL] Loss: 0.6690, Accuracy: 60.81%, AUC: 0.50
Epoch [76/100] - [TRAIN] Loss: 0.6694, Accuracy: 60.82%, AUC: 0.50 - [VAL] Loss: 0.6690, Accuracy: 60.81%, AUC: 0.50
Epoch [77/100] - [TRAIN] Loss: 0.6687, Accuracy: 60.82%, AUC: 0.50 - [VAL] Loss: 0.6693, Accuracy: 60.81%, AUC: 0.50
Epoch [78/100] - [TRAIN] Loss: 0.6687, Accuracy: 60.82%, AUC: 0.50 - [VAL] Loss: 0.6693, Accuracy: 60.81%, AUC: 0.50
Epoch [79/100] - [TRAIN] Loss: 0.6686, Accuracy: 60.82%, AUC: 0.50 - [VAL] Loss: 0.6694, Accuracy: 60.81%, AUC: 0.50
Epoch [80/100] - [TRAIN] Loss: 0.6688, Accuracy: 60.82%, AUC: 0.50 - [VAL] Loss: 0.6691, Accuracy: 60.81%, AUC: 0.50
Epoch [81/100] - [TRAIN] Loss: 0.6684, Accuracy: 60.82%, AUC: 0.50 - [VAL] Loss: 0.6694, Accuracy: 60.81%, AUC: 0.50
Epoch [82/100] - [TRAIN] Loss: 0.6686, Accuracy: 60.82%, AUC: 0.50 - [VAL] Loss: 0.6692, Accuracy: 60.81%, AUC: 0.50
Epoch [83/100] - [TRAIN] Loss: 0.6683, Accuracy: 60.82%, AUC: 0.50 - [VAL] Loss: 0.6699, Accuracy: 60.81%, AUC: 0.50
Epoch [84/100] - [TRAIN] Loss: 0.6689, Accuracy: 60.82%, AUC: 0.50 - [VAL] Loss: 0.6695, Accuracy: 60.81%, AUC: 0.50
Epoch [85/100] - [TRAIN] Loss: 0.6682, Accuracy: 60.82%, AUC: 0.50 - [VAL] Loss: 0.6694, Accuracy: 60.81%, AUC: 0.50
Epoch [86/100] - [TRAIN] Loss: 0.6688, Accuracy: 60.83%, AUC: 0.50 - [VAL] Loss: 0.6692, Accuracy: 60.82%, AUC: 0.50
Epoch [87/100] - [TRAIN] Loss: 0.6681, Accuracy: 60.83%, AUC: 0.50 - [VAL] Loss: 0.6693, Accuracy: 60.82%, AUC: 0.50
New best model saved with validation metric: 19.4286
Epoch [88/100] - [TRAIN] Loss: 0.6687, Accuracy: 60.83%, AUC: 0.50 - [VAL] Loss: 0.6692, Accuracy: 60.84%, AUC: 0.50
Epoch [89/100] - [TRAIN] Loss: 0.6684, Accuracy: 60.83%, AUC: 0.50 - [VAL] Loss: 0.6695, Accuracy: 60.82%, AUC: 0.50
Epoch [90/100] - [TRAIN] Loss: 0.6686, Accuracy: 60.82%, AUC: 0.50 - [VAL] Loss: 0.6694, Accuracy: 60.84%, AUC: 0.50
Epoch [91/100] - [TRAIN] Loss: 0.6687, Accuracy: 60.82%, AUC: 0.50 - [VAL] Loss: 0.6690, Accuracy: 60.84%, AUC: 0.50
Epoch [92/100] - [TRAIN] Loss: 0.6684, Accuracy: 60.85%, AUC: 0.50 - [VAL] Loss: 0.6691, Accuracy: 60.84%, AUC: 0.50
Epoch [93/100] - [TRAIN] Loss: 0.6683, Accuracy: 60.85%, AUC: 0.50 - [VAL] Loss: 0.6697, Accuracy: 60.84%, AUC: 0.50
Epoch [94/100] - [TRAIN] Loss: 0.6685, Accuracy: 60.82%, AUC: 0.50 - [VAL] Loss: 0.6690, Accuracy: 60.84%, AUC: 0.50
Epoch [95/100] - [TRAIN] Loss: 0.6684, Accuracy: 60.86%, AUC: 0.50 - [VAL] Loss: 0.6693, Accuracy: 60.84%, AUC: 0.50
Epoch [96/100] - [TRAIN] Loss: 0.6684, Accuracy: 60.86%, AUC: 0.50 - [VAL] Loss: 0.6692, Accuracy: 60.84%, AUC: 0.50
Epoch [97/100] - [TRAIN] Loss: 0.6682, Accuracy: 60.83%, AUC: 0.50 - [VAL] Loss: 0.6692, Accuracy: 60.84%, AUC: 0.50
New best model saved with validation metric: 19.4329
Epoch [98/100] - [TRAIN] Loss: 0.6686, Accuracy: 60.87%, AUC: 0.50 - [VAL] Loss: 0.6691, Accuracy: 60.85%, AUC: 0.50
Epoch [99/100] - [TRAIN] Loss: 0.6686, Accuracy: 60.85%, AUC: 0.50 - [VAL] Loss: 0.6688, Accuracy: 60.85%, AUC: 0.50
Epoch [100/100] - [TRAIN] Loss: 0.6683, Accuracy: 60.91%, AUC: 0.50 - [VAL] Loss: 0.6693, Accuracy: 60.85%, AUC: 0.50
Training finished!
Accuracy Score on test set: 60.90 %
AUC Score on test set: 0.50
Item: H3K27ac
Train set shape: (7399, 1, 4000) (7399,)
Validation set shape: (7377, 1, 4000) (7377,)
Test set shape: (7378, 1, 4000) (7378,)
New best model saved with validation metric: 19.4242
Epoch [1/100] - [TRAIN] Loss: 0.6628, Accuracy: 59.05%, AUC: 0.50 - [VAL] Loss: 0.6377, Accuracy: 60.82%, AUC: 0.50
Epoch [2/100] - [TRAIN] Loss: 0.6244, Accuracy: 60.82%, AUC: 0.50 - [VAL] Loss: 0.6049, Accuracy: 60.82%, AUC: 0.50
New best model saved with validation metric: 24.6667
Epoch [3/100] - [TRAIN] Loss: 0.5940, Accuracy: 60.98%, AUC: 0.50 - [VAL] Loss: 0.5768, Accuracy: 77.24%, AUC: 0.78
Epoch [4/100] - [TRAIN] Loss: 0.5703, Accuracy: 73.35%, AUC: 0.71 - [VAL] Loss: 0.5583, Accuracy: 76.66%, AUC: 0.77
Epoch [5/100] - [TRAIN] Loss: 0.5550, Accuracy: 77.08%, AUC: 0.78 - [VAL] Loss: 0.5480, Accuracy: 76.36%, AUC: 0.77
Epoch [6/100] - [TRAIN] Loss: 0.5464, Accuracy: 76.74%, AUC: 0.77 - [VAL] Loss: 0.5427, Accuracy: 75.98%, AUC: 0.77
Epoch [7/100] - [TRAIN] Loss: 0.5429, Accuracy: 76.69%, AUC: 0.77 - [VAL] Loss: 0.5396, Accuracy: 75.94%, AUC: 0.77
Epoch [8/100] - [TRAIN] Loss: 0.5416, Accuracy: 76.66%, AUC: 0.77 - [VAL] Loss: 0.5384, Accuracy: 75.75%, AUC: 0.77
Epoch [9/100] - [TRAIN] Loss: 0.5374, Accuracy: 76.71%, AUC: 0.77 - [VAL] Loss: 0.5354, Accuracy: 75.97%, AUC: 0.77
Epoch [10/100] - [TRAIN] Loss: 0.5362, Accuracy: 76.75%, AUC: 0.77 - [VAL] Loss: 0.5360, Accuracy: 75.65%, AUC: 0.77
Epoch [11/100] - [TRAIN] Loss: 0.5343, Accuracy: 76.60%, AUC: 0.77 - [VAL] Loss: 0.5325, Accuracy: 76.05%, AUC: 0.77
Epoch [12/100] - [TRAIN] Loss: 0.5322, Accuracy: 76.75%, AUC: 0.77 - [VAL] Loss: 0.5309, Accuracy: 76.24%, AUC: 0.77
Epoch [13/100] - [TRAIN] Loss: 0.5322, Accuracy: 76.89%, AUC: 0.77 - [VAL] Loss: 0.5322, Accuracy: 75.84%, AUC: 0.77
Epoch [14/100] - [TRAIN] Loss: 0.5314, Accuracy: 76.81%, AUC: 0.77 - [VAL] Loss: 0.5286, Accuracy: 76.52%, AUC: 0.77
Epoch [15/100] - [TRAIN] Loss: 0.5292, Accuracy: 76.69%, AUC: 0.77 - [VAL] Loss: 0.5277, Accuracy: 76.52%, AUC: 0.77
Epoch [16/100] - [TRAIN] Loss: 0.5275, Accuracy: 76.89%, AUC: 0.77 - [VAL] Loss: 0.5267, Accuracy: 76.59%, AUC: 0.77
Epoch [17/100] - [TRAIN] Loss: 0.5264, Accuracy: 76.94%, AUC: 0.78 - [VAL] Loss: 0.5277, Accuracy: 76.14%, AUC: 0.77
Epoch [18/100] - [TRAIN] Loss: 0.5264, Accuracy: 76.89%, AUC: 0.77 - [VAL] Loss: 0.5254, Accuracy: 76.52%, AUC: 0.77
Epoch [19/100] - [TRAIN] Loss: 0.5248, Accuracy: 77.09%, AUC: 0.78 - [VAL] Loss: 0.5243, Accuracy: 76.67%, AUC: 0.78
Epoch [20/100] - [TRAIN] Loss: 0.5240, Accuracy: 76.97%, AUC: 0.78 - [VAL] Loss: 0.5236, Accuracy: 76.68%, AUC: 0.78
Epoch [21/100] - [TRAIN] Loss: 0.5234, Accuracy: 77.11%, AUC: 0.78 - [VAL] Loss: 0.5263, Accuracy: 76.16%, AUC: 0.77
Epoch [22/100] - [TRAIN] Loss: 0.5229, Accuracy: 77.02%, AUC: 0.78 - [VAL] Loss: 0.5238, Accuracy: 76.40%, AUC: 0.77
Epoch [23/100] - [TRAIN] Loss: 0.5221, Accuracy: 77.12%, AUC: 0.78 - [VAL] Loss: 0.5234, Accuracy: 76.40%, AUC: 0.77
Epoch [24/100] - [TRAIN] Loss: 0.5217, Accuracy: 77.15%, AUC: 0.78 - [VAL] Loss: 0.5215, Accuracy: 76.62%, AUC: 0.77
Epoch [25/100] - [TRAIN] Loss: 0.5204, Accuracy: 77.09%, AUC: 0.78 - [VAL] Loss: 0.5281, Accuracy: 76.11%, AUC: 0.77
Epoch [26/100] - [TRAIN] Loss: 0.5184, Accuracy: 77.17%, AUC: 0.78 - [VAL] Loss: 0.5250, Accuracy: 76.24%, AUC: 0.77
Epoch [27/100] - [TRAIN] Loss: 0.5192, Accuracy: 77.11%, AUC: 0.78 - [VAL] Loss: 0.5200, Accuracy: 76.66%, AUC: 0.78
Epoch [28/100] - [TRAIN] Loss: 0.5185, Accuracy: 77.19%, AUC: 0.78 - [VAL] Loss: 0.5199, Accuracy: 76.66%, AUC: 0.78
Epoch [29/100] - [TRAIN] Loss: 0.5164, Accuracy: 77.12%, AUC: 0.78 - [VAL] Loss: 0.5211, Accuracy: 76.52%, AUC: 0.77
Epoch [30/100] - [TRAIN] Loss: 0.5160, Accuracy: 77.31%, AUC: 0.78 - [VAL] Loss: 0.5186, Accuracy: 76.68%, AUC: 0.78
Epoch [31/100] - [TRAIN] Loss: 0.5169, Accuracy: 77.32%, AUC: 0.78 - [VAL] Loss: 0.5181, Accuracy: 76.71%, AUC: 0.78
Epoch [32/100] - [TRAIN] Loss: 0.5157, Accuracy: 77.21%, AUC: 0.78 - [VAL] Loss: 0.5187, Accuracy: 76.64%, AUC: 0.78
Epoch [33/100] - [TRAIN] Loss: 0.5144, Accuracy: 77.31%, AUC: 0.78 - [VAL] Loss: 0.5170, Accuracy: 76.78%, AUC: 0.78
Epoch [34/100] - [TRAIN] Loss: 0.5141, Accuracy: 77.38%, AUC: 0.78 - [VAL] Loss: 0.5165, Accuracy: 76.93%, AUC: 0.78
Epoch [35/100] - [TRAIN] Loss: 0.5134, Accuracy: 77.28%, AUC: 0.78 - [VAL] Loss: 0.5165, Accuracy: 77.13%, AUC: 0.78
Epoch [36/100] - [TRAIN] Loss: 0.5136, Accuracy: 77.39%, AUC: 0.78 - [VAL] Loss: 0.5161, Accuracy: 77.13%, AUC: 0.78
Epoch [37/100] - [TRAIN] Loss: 0.5123, Accuracy: 77.43%, AUC: 0.78 - [VAL] Loss: 0.5156, Accuracy: 77.13%, AUC: 0.78
Epoch [38/100] - [TRAIN] Loss: 0.5118, Accuracy: 77.44%, AUC: 0.78 - [VAL] Loss: 0.5170, Accuracy: 76.64%, AUC: 0.77
Epoch [39/100] - [TRAIN] Loss: 0.5117, Accuracy: 77.38%, AUC: 0.78 - [VAL] Loss: 0.5149, Accuracy: 77.08%, AUC: 0.78
Epoch [40/100] - [TRAIN] Loss: 0.5109, Accuracy: 77.42%, AUC: 0.78 - [VAL] Loss: 0.5161, Accuracy: 76.71%, AUC: 0.78
Epoch [41/100] - [TRAIN] Loss: 0.5107, Accuracy: 77.42%, AUC: 0.78 - [VAL] Loss: 0.5144, Accuracy: 77.10%, AUC: 0.78
Epoch [42/100] - [TRAIN] Loss: 0.5121, Accuracy: 77.55%, AUC: 0.78 - [VAL] Loss: 0.5142, Accuracy: 77.12%, AUC: 0.78
Epoch [43/100] - [TRAIN] Loss: 0.5097, Accuracy: 77.51%, AUC: 0.78 - [VAL] Loss: 0.5141, Accuracy: 77.10%, AUC: 0.78
Epoch [44/100] - [TRAIN] Loss: 0.5087, Accuracy: 77.39%, AUC: 0.78 - [VAL] Loss: 0.5161, Accuracy: 76.75%, AUC: 0.78
Epoch [45/100] - [TRAIN] Loss: 0.5089, Accuracy: 77.54%, AUC: 0.78 - [VAL] Loss: 0.5140, Accuracy: 77.06%, AUC: 0.78
Epoch [46/100] - [TRAIN] Loss: 0.5086, Accuracy: 77.48%, AUC: 0.78 - [VAL] Loss: 0.5145, Accuracy: 77.01%, AUC: 0.78
Epoch [47/100] - [TRAIN] Loss: 0.5092, Accuracy: 77.52%, AUC: 0.78 - [VAL] Loss: 0.5171, Accuracy: 76.75%, AUC: 0.78
Epoch [48/100] - [TRAIN] Loss: 0.5086, Accuracy: 77.52%, AUC: 0.78 - [VAL] Loss: 0.5142, Accuracy: 77.01%, AUC: 0.78
Epoch [49/100] - [TRAIN] Loss: 0.5075, Accuracy: 77.50%, AUC: 0.78 - [VAL] Loss: 0.5143, Accuracy: 77.00%, AUC: 0.78
Epoch [50/100] - [TRAIN] Loss: 0.5085, Accuracy: 77.50%, AUC: 0.78 - [VAL] Loss: 0.5133, Accuracy: 77.10%, AUC: 0.78
Epoch [51/100] - [TRAIN] Loss: 0.5077, Accuracy: 77.62%, AUC: 0.78 - [VAL] Loss: 0.5135, Accuracy: 77.09%, AUC: 0.78
Epoch [52/100] - [TRAIN] Loss: 0.5066, Accuracy: 77.48%, AUC: 0.78 - [VAL] Loss: 0.5133, Accuracy: 77.10%, AUC: 0.78
Epoch [53/100] - [TRAIN] Loss: 0.5067, Accuracy: 77.62%, AUC: 0.78 - [VAL] Loss: 0.5133, Accuracy: 77.09%, AUC: 0.78
Epoch [54/100] - [TRAIN] Loss: 0.5072, Accuracy: 77.63%, AUC: 0.78 - [VAL] Loss: 0.5138, Accuracy: 77.04%, AUC: 0.78
Epoch [55/100] - [TRAIN] Loss: 0.5060, Accuracy: 77.69%, AUC: 0.78 - [VAL] Loss: 0.5183, Accuracy: 76.82%, AUC: 0.78
Epoch [56/100] - [TRAIN] Loss: 0.5070, Accuracy: 77.70%, AUC: 0.78 - [VAL] Loss: 0.5134, Accuracy: 77.09%, AUC: 0.78
Epoch [57/100] - [TRAIN] Loss: 0.5048, Accuracy: 77.69%, AUC: 0.78 - [VAL] Loss: 0.5184, Accuracy: 76.86%, AUC: 0.78
Epoch [58/100] - [TRAIN] Loss: 0.5054, Accuracy: 77.65%, AUC: 0.78 - [VAL] Loss: 0.5136, Accuracy: 77.05%, AUC: 0.78
Epoch [59/100] - [TRAIN] Loss: 0.5055, Accuracy: 77.62%, AUC: 0.78 - [VAL] Loss: 0.5138, Accuracy: 77.02%, AUC: 0.78
Epoch [60/100] - [TRAIN] Loss: 0.5051, Accuracy: 77.63%, AUC: 0.78 - [VAL] Loss: 0.5133, Accuracy: 77.05%, AUC: 0.78
Epoch [61/100] - [TRAIN] Loss: 0.5053, Accuracy: 77.65%, AUC: 0.78 - [VAL] Loss: 0.5147, Accuracy: 77.00%, AUC: 0.78
Epoch [62/100] - [TRAIN] Loss: 0.5046, Accuracy: 77.58%, AUC: 0.78 - [VAL] Loss: 0.5135, Accuracy: 77.04%, AUC: 0.78
Epoch [63/100] - [TRAIN] Loss: 0.5052, Accuracy: 77.63%, AUC: 0.78 - [VAL] Loss: 0.5142, Accuracy: 77.01%, AUC: 0.78
Epoch [64/100] - [TRAIN] Loss: 0.5057, Accuracy: 77.59%, AUC: 0.78 - [VAL] Loss: 0.5144, Accuracy: 77.17%, AUC: 0.78
Epoch [65/100] - [TRAIN] Loss: 0.5043, Accuracy: 77.73%, AUC: 0.78 - [VAL] Loss: 0.5180, Accuracy: 76.96%, AUC: 0.78
Epoch [66/100] - [TRAIN] Loss: 0.5056, Accuracy: 77.70%, AUC: 0.78 - [VAL] Loss: 0.5135, Accuracy: 77.01%, AUC: 0.78
Epoch [67/100] - [TRAIN] Loss: 0.5051, Accuracy: 77.74%, AUC: 0.78 - [VAL] Loss: 0.5144, Accuracy: 77.05%, AUC: 0.78
Epoch [68/100] - [TRAIN] Loss: 0.5046, Accuracy: 77.75%, AUC: 0.78 - [VAL] Loss: 0.5143, Accuracy: 77.04%, AUC: 0.78
Epoch [69/100] - [TRAIN] Loss: 0.5026, Accuracy: 77.78%, AUC: 0.78 - [VAL] Loss: 0.5161, Accuracy: 77.04%, AUC: 0.78
Epoch [70/100] - [TRAIN] Loss: 0.5030, Accuracy: 77.69%, AUC: 0.78 - [VAL] Loss: 0.5141, Accuracy: 77.04%, AUC: 0.78
Epoch [71/100] - [TRAIN] Loss: 0.5045, Accuracy: 77.79%, AUC: 0.78 - [VAL] Loss: 0.5156, Accuracy: 77.04%, AUC: 0.78
Epoch [72/100] - [TRAIN] Loss: 0.5044, Accuracy: 77.62%, AUC: 0.78 - [VAL] Loss: 0.5139, Accuracy: 77.04%, AUC: 0.78
Epoch [73/100] - [TRAIN] Loss: 0.5033, Accuracy: 77.67%, AUC: 0.78 - [VAL] Loss: 0.5144, Accuracy: 77.04%, AUC: 0.78
Epoch [74/100] - [TRAIN] Loss: 0.5049, Accuracy: 77.79%, AUC: 0.78 - [VAL] Loss: 0.5150, Accuracy: 77.20%, AUC: 0.78
Epoch [75/100] - [TRAIN] Loss: 0.5020, Accuracy: 77.79%, AUC: 0.78 - [VAL] Loss: 0.5175, Accuracy: 77.00%, AUC: 0.78
Epoch [76/100] - [TRAIN] Loss: 0.5036, Accuracy: 77.79%, AUC: 0.78 - [VAL] Loss: 0.5147, Accuracy: 77.04%, AUC: 0.78
Epoch [77/100] - [TRAIN] Loss: 0.5026, Accuracy: 77.71%, AUC: 0.78 - [VAL] Loss: 0.5239, Accuracy: 76.86%, AUC: 0.78
Epoch [78/100] - [TRAIN] Loss: 0.5025, Accuracy: 77.74%, AUC: 0.78 - [VAL] Loss: 0.5138, Accuracy: 77.06%, AUC: 0.78
Epoch [79/100] - [TRAIN] Loss: 0.5022, Accuracy: 77.77%, AUC: 0.78 - [VAL] Loss: 0.5168, Accuracy: 77.00%, AUC: 0.78
Epoch [80/100] - [TRAIN] Loss: 0.5012, Accuracy: 77.83%, AUC: 0.78 - [VAL] Loss: 0.5136, Accuracy: 77.10%, AUC: 0.78
Epoch [81/100] - [TRAIN] Loss: 0.5022, Accuracy: 77.83%, AUC: 0.78 - [VAL] Loss: 0.5182, Accuracy: 76.96%, AUC: 0.78
Epoch [82/100] - [TRAIN] Loss: 0.5017, Accuracy: 77.85%, AUC: 0.78 - [VAL] Loss: 0.5160, Accuracy: 77.04%, AUC: 0.78
Epoch [83/100] - [TRAIN] Loss: 0.5028, Accuracy: 77.77%, AUC: 0.78 - [VAL] Loss: 0.5154, Accuracy: 77.24%, AUC: 0.78
Epoch [84/100] - [TRAIN] Loss: 0.5021, Accuracy: 77.86%, AUC: 0.78 - [VAL] Loss: 0.5141, Accuracy: 77.06%, AUC: 0.78
Epoch [85/100] - [TRAIN] Loss: 0.5012, Accuracy: 77.82%, AUC: 0.78 - [VAL] Loss: 0.5149, Accuracy: 77.08%, AUC: 0.78
Epoch [86/100] - [TRAIN] Loss: 0.5013, Accuracy: 77.88%, AUC: 0.78 - [VAL] Loss: 0.5159, Accuracy: 77.05%, AUC: 0.78
Epoch [87/100] - [TRAIN] Loss: 0.5023, Accuracy: 77.89%, AUC: 0.78 - [VAL] Loss: 0.5141, Accuracy: 77.06%, AUC: 0.78
Epoch [88/100] - [TRAIN] Loss: 0.5028, Accuracy: 77.83%, AUC: 0.78 - [VAL] Loss: 0.5190, Accuracy: 76.96%, AUC: 0.78
Epoch [89/100] - [TRAIN] Loss: 0.5019, Accuracy: 77.83%, AUC: 0.78 - [VAL] Loss: 0.5167, Accuracy: 77.04%, AUC: 0.78
Epoch [90/100] - [TRAIN] Loss: 0.5010, Accuracy: 77.82%, AUC: 0.78 - [VAL] Loss: 0.5146, Accuracy: 77.21%, AUC: 0.78
Epoch [91/100] - [TRAIN] Loss: 0.5000, Accuracy: 77.88%, AUC: 0.78 - [VAL] Loss: 0.5202, Accuracy: 76.94%, AUC: 0.78
Epoch [92/100] - [TRAIN] Loss: 0.5011, Accuracy: 77.88%, AUC: 0.78 - [VAL] Loss: 0.5152, Accuracy: 77.19%, AUC: 0.78
Epoch [93/100] - [TRAIN] Loss: 0.5017, Accuracy: 77.90%, AUC: 0.78 - [VAL] Loss: 0.5148, Accuracy: 77.08%, AUC: 0.78
Epoch [94/100] - [TRAIN] Loss: 0.5012, Accuracy: 77.81%, AUC: 0.78 - [VAL] Loss: 0.5142, Accuracy: 77.08%, AUC: 0.78
Epoch [95/100] - [TRAIN] Loss: 0.5001, Accuracy: 77.83%, AUC: 0.78 - [VAL] Loss: 0.5197, Accuracy: 76.97%, AUC: 0.78
Epoch [96/100] - [TRAIN] Loss: 0.5015, Accuracy: 77.83%, AUC: 0.78 - [VAL] Loss: 0.5147, Accuracy: 77.08%, AUC: 0.78
Epoch [97/100] - [TRAIN] Loss: 0.5002, Accuracy: 77.89%, AUC: 0.78 - [VAL] Loss: 0.5151, Accuracy: 77.08%, AUC: 0.78
Epoch [98/100] - [TRAIN] Loss: 0.5013, Accuracy: 77.82%, AUC: 0.78 - [VAL] Loss: 0.5156, Accuracy: 77.06%, AUC: 0.78
Epoch [99/100] - [TRAIN] Loss: 0.4999, Accuracy: 77.88%, AUC: 0.78 - [VAL] Loss: 0.5141, Accuracy: 77.08%, AUC: 0.78
Epoch [100/100] - [TRAIN] Loss: 0.5009, Accuracy: 77.85%, AUC: 0.78 - [VAL] Loss: 0.5185, Accuracy: 77.04%, AUC: 0.78
Training finished!
Accuracy Score on test set: 78.53 %
AUC Score on test set: 0.79
Item: H3K27me3
Train set shape: (7399, 1, 4000) (7399,)
Validation set shape: (7377, 1, 4000) (7377,)
Test set shape: (7378, 1, 4000) (7378,)
New best model saved with validation metric: 19.4242
Epoch [1/100] - [TRAIN] Loss: 0.6809, Accuracy: 60.81%, AUC: 0.50 - [VAL] Loss: 0.6733, Accuracy: 60.82%, AUC: 0.50
Epoch [2/100] - [TRAIN] Loss: 0.6716, Accuracy: 60.82%, AUC: 0.50 - [VAL] Loss: 0.6700, Accuracy: 60.82%, AUC: 0.50
Epoch [3/100] - [TRAIN] Loss: 0.6696, Accuracy: 60.82%, AUC: 0.50 - [VAL] Loss: 0.6694, Accuracy: 60.82%, AUC: 0.50
Epoch [4/100] - [TRAIN] Loss: 0.6692, Accuracy: 60.82%, AUC: 0.50 - [VAL] Loss: 0.6693, Accuracy: 60.82%, AUC: 0.50
Epoch [5/100] - [TRAIN] Loss: 0.6694, Accuracy: 60.82%, AUC: 0.50 - [VAL] Loss: 0.6693, Accuracy: 60.82%, AUC: 0.50
Epoch [6/100] - [TRAIN] Loss: 0.6688, Accuracy: 60.82%, AUC: 0.50 - [VAL] Loss: 0.6693, Accuracy: 60.82%, AUC: 0.50
Epoch [7/100] - [TRAIN] Loss: 0.6686, Accuracy: 60.82%, AUC: 0.50 - [VAL] Loss: 0.6689, Accuracy: 60.82%, AUC: 0.50
Epoch [8/100] - [TRAIN] Loss: 0.6684, Accuracy: 60.82%, AUC: 0.50 - [VAL] Loss: 0.6688, Accuracy: 60.82%, AUC: 0.50
Epoch [9/100] - [TRAIN] Loss: 0.6686, Accuracy: 60.82%, AUC: 0.50 - [VAL] Loss: 0.6686, Accuracy: 60.82%, AUC: 0.50
Epoch [10/100] - [TRAIN] Loss: 0.6681, Accuracy: 60.82%, AUC: 0.50 - [VAL] Loss: 0.6685, Accuracy: 60.82%, AUC: 0.50
Epoch [11/100] - [TRAIN] Loss: 0.6681, Accuracy: 60.82%, AUC: 0.50 - [VAL] Loss: 0.6686, Accuracy: 60.82%, AUC: 0.50
Epoch [12/100] - [TRAIN] Loss: 0.6676, Accuracy: 60.82%, AUC: 0.50 - [VAL] Loss: 0.6683, Accuracy: 60.82%, AUC: 0.50
Epoch [13/100] - [TRAIN] Loss: 0.6680, Accuracy: 60.82%, AUC: 0.50 - [VAL] Loss: 0.6680, Accuracy: 60.82%, AUC: 0.50
Epoch [14/100] - [TRAIN] Loss: 0.6673, Accuracy: 60.82%, AUC: 0.50 - [VAL] Loss: 0.6678, Accuracy: 60.82%, AUC: 0.50
Epoch [15/100] - [TRAIN] Loss: 0.6685, Accuracy: 60.82%, AUC: 0.50 - [VAL] Loss: 0.6674, Accuracy: 60.82%, AUC: 0.50
Epoch [16/100] - [TRAIN] Loss: 0.6672, Accuracy: 60.82%, AUC: 0.50 - [VAL] Loss: 0.6676, Accuracy: 60.82%, AUC: 0.50
Epoch [17/100] - [TRAIN] Loss: 0.6672, Accuracy: 60.82%, AUC: 0.50 - [VAL] Loss: 0.6674, Accuracy: 60.82%, AUC: 0.50
Epoch [18/100] - [TRAIN] Loss: 0.6666, Accuracy: 60.82%, AUC: 0.50 - [VAL] Loss: 0.6673, Accuracy: 60.82%, AUC: 0.50
Epoch [19/100] - [TRAIN] Loss: 0.6663, Accuracy: 60.82%, AUC: 0.50 - [VAL] Loss: 0.6669, Accuracy: 60.82%, AUC: 0.50
New best model saved with validation metric: 19.4286
Epoch [20/100] - [TRAIN] Loss: 0.6662, Accuracy: 60.82%, AUC: 0.50 - [VAL] Loss: 0.6667, Accuracy: 60.84%, AUC: 0.50
Epoch [21/100] - [TRAIN] Loss: 0.6667, Accuracy: 60.87%, AUC: 0.50 - [VAL] Loss: 0.6664, Accuracy: 60.84%, AUC: 0.50
New best model saved with validation metric: 19.4416
Epoch [22/100] - [TRAIN] Loss: 0.6667, Accuracy: 60.86%, AUC: 0.50 - [VAL] Loss: 0.6662, Accuracy: 60.88%, AUC: 0.50
Epoch [23/100] - [TRAIN] Loss: 0.6658, Accuracy: 60.87%, AUC: 0.50 - [VAL] Loss: 0.6660, Accuracy: 60.88%, AUC: 0.50
Epoch [24/100] - [TRAIN] Loss: 0.6660, Accuracy: 60.90%, AUC: 0.50 - [VAL] Loss: 0.6661, Accuracy: 60.88%, AUC: 0.50
New best model saved with validation metric: 19.4459
Epoch [25/100] - [TRAIN] Loss: 0.6657, Accuracy: 60.91%, AUC: 0.50 - [VAL] Loss: 0.6657, Accuracy: 60.89%, AUC: 0.50
New best model saved with validation metric: 19.4589
Epoch [26/100] - [TRAIN] Loss: 0.6654, Accuracy: 60.91%, AUC: 0.50 - [VAL] Loss: 0.6653, Accuracy: 60.93%, AUC: 0.50
Epoch [27/100] - [TRAIN] Loss: 0.6649, Accuracy: 60.95%, AUC: 0.50 - [VAL] Loss: 0.6653, Accuracy: 60.93%, AUC: 0.50
New best model saved with validation metric: 19.4892
Epoch [28/100] - [TRAIN] Loss: 0.6650, Accuracy: 61.02%, AUC: 0.50 - [VAL] Loss: 0.6649, Accuracy: 61.03%, AUC: 0.50
Epoch [29/100] - [TRAIN] Loss: 0.6649, Accuracy: 61.13%, AUC: 0.50 - [VAL] Loss: 0.6649, Accuracy: 61.03%, AUC: 0.50
New best model saved with validation metric: 19.4978
Epoch [30/100] - [TRAIN] Loss: 0.6647, Accuracy: 61.10%, AUC: 0.50 - [VAL] Loss: 0.6645, Accuracy: 61.05%, AUC: 0.50
New best model saved with validation metric: 19.5022
Epoch [31/100] - [TRAIN] Loss: 0.6643, Accuracy: 61.14%, AUC: 0.50 - [VAL] Loss: 0.6644, Accuracy: 61.07%, AUC: 0.50
New best model saved with validation metric: 19.5152
Epoch [32/100] - [TRAIN] Loss: 0.6637, Accuracy: 61.17%, AUC: 0.50 - [VAL] Loss: 0.6641, Accuracy: 61.11%, AUC: 0.50
New best model saved with validation metric: 19.5368
Epoch [33/100] - [TRAIN] Loss: 0.6633, Accuracy: 61.25%, AUC: 0.51 - [VAL] Loss: 0.6637, Accuracy: 61.18%, AUC: 0.50
Epoch [34/100] - [TRAIN] Loss: 0.6634, Accuracy: 61.25%, AUC: 0.51 - [VAL] Loss: 0.6639, Accuracy: 61.16%, AUC: 0.50
New best model saved with validation metric: 19.6147
Epoch [35/100] - [TRAIN] Loss: 0.6632, Accuracy: 61.28%, AUC: 0.51 - [VAL] Loss: 0.6632, Accuracy: 61.42%, AUC: 0.51
Epoch [36/100] - [TRAIN] Loss: 0.6622, Accuracy: 61.47%, AUC: 0.51 - [VAL] Loss: 0.6642, Accuracy: 61.18%, AUC: 0.50
New best model saved with validation metric: 19.6537
Epoch [37/100] - [TRAIN] Loss: 0.6627, Accuracy: 61.44%, AUC: 0.51 - [VAL] Loss: 0.6627, Accuracy: 61.54%, AUC: 0.51
Epoch [38/100] - [TRAIN] Loss: 0.6629, Accuracy: 61.55%, AUC: 0.51 - [VAL] Loss: 0.6625, Accuracy: 61.54%, AUC: 0.51
Epoch [39/100] - [TRAIN] Loss: 0.6622, Accuracy: 61.66%, AUC: 0.51 - [VAL] Loss: 0.6624, Accuracy: 61.54%, AUC: 0.51
New best model saved with validation metric: 19.7489
Epoch [40/100] - [TRAIN] Loss: 0.6620, Accuracy: 61.67%, AUC: 0.51 - [VAL] Loss: 0.6619, Accuracy: 61.84%, AUC: 0.51
Epoch [41/100] - [TRAIN] Loss: 0.6619, Accuracy: 61.75%, AUC: 0.51 - [VAL] Loss: 0.6619, Accuracy: 61.72%, AUC: 0.51
New best model saved with validation metric: 19.7749
Epoch [42/100] - [TRAIN] Loss: 0.6613, Accuracy: 61.79%, AUC: 0.51 - [VAL] Loss: 0.6613, Accuracy: 61.92%, AUC: 0.52
New best model saved with validation metric: 19.7879
Epoch [43/100] - [TRAIN] Loss: 0.6609, Accuracy: 61.79%, AUC: 0.51 - [VAL] Loss: 0.6610, Accuracy: 61.96%, AUC: 0.52
New best model saved with validation metric: 19.8485
Epoch [44/100] - [TRAIN] Loss: 0.6608, Accuracy: 61.99%, AUC: 0.52 - [VAL] Loss: 0.6608, Accuracy: 62.15%, AUC: 0.52
Epoch [45/100] - [TRAIN] Loss: 0.6602, Accuracy: 62.06%, AUC: 0.52 - [VAL] Loss: 0.6608, Accuracy: 61.91%, AUC: 0.52
Epoch [46/100] - [TRAIN] Loss: 0.6594, Accuracy: 62.08%, AUC: 0.52 - [VAL] Loss: 0.6610, Accuracy: 61.90%, AUC: 0.51
Epoch [47/100] - [TRAIN] Loss: 0.6598, Accuracy: 62.13%, AUC: 0.52 - [VAL] Loss: 0.6601, Accuracy: 62.03%, AUC: 0.52
New best model saved with validation metric: 19.9481
Epoch [48/100] - [TRAIN] Loss: 0.6594, Accuracy: 62.14%, AUC: 0.52 - [VAL] Loss: 0.6595, Accuracy: 62.46%, AUC: 0.52
New best model saved with validation metric: 19.9654
Epoch [49/100] - [TRAIN] Loss: 0.6591, Accuracy: 62.40%, AUC: 0.52 - [VAL] Loss: 0.6592, Accuracy: 62.52%, AUC: 0.52
Epoch [50/100] - [TRAIN] Loss: 0.6588, Accuracy: 62.40%, AUC: 0.52 - [VAL] Loss: 0.6590, Accuracy: 62.45%, AUC: 0.52
New best model saved with validation metric: 20.0823
Epoch [51/100] - [TRAIN] Loss: 0.6589, Accuracy: 62.45%, AUC: 0.52 - [VAL] Loss: 0.6592, Accuracy: 62.88%, AUC: 0.53
Epoch [52/100] - [TRAIN] Loss: 0.6584, Accuracy: 62.63%, AUC: 0.53 - [VAL] Loss: 0.6583, Accuracy: 62.61%, AUC: 0.53
Epoch [53/100] - [TRAIN] Loss: 0.6590, Accuracy: 62.82%, AUC: 0.53 - [VAL] Loss: 0.6580, Accuracy: 62.61%, AUC: 0.53
Epoch [54/100] - [TRAIN] Loss: 0.6572, Accuracy: 62.87%, AUC: 0.53 - [VAL] Loss: 0.6577, Accuracy: 62.71%, AUC: 0.53
Epoch [55/100] - [TRAIN] Loss: 0.6569, Accuracy: 62.99%, AUC: 0.53 - [VAL] Loss: 0.6578, Accuracy: 62.60%, AUC: 0.53
Epoch [56/100] - [TRAIN] Loss: 0.6565, Accuracy: 63.14%, AUC: 0.53 - [VAL] Loss: 0.6577, Accuracy: 62.61%, AUC: 0.53
Epoch [57/100] - [TRAIN] Loss: 0.6567, Accuracy: 63.14%, AUC: 0.53 - [VAL] Loss: 0.6572, Accuracy: 62.68%, AUC: 0.53
New best model saved with validation metric: 20.2078
Epoch [58/100] - [TRAIN] Loss: 0.6560, Accuracy: 63.16%, AUC: 0.53 - [VAL] Loss: 0.6564, Accuracy: 63.28%, AUC: 0.53
Epoch [59/100] - [TRAIN] Loss: 0.6555, Accuracy: 63.43%, AUC: 0.54 - [VAL] Loss: 0.6563, Accuracy: 63.07%, AUC: 0.53
New best model saved with validation metric: 20.3160
Epoch [60/100] - [TRAIN] Loss: 0.6552, Accuracy: 63.47%, AUC: 0.54 - [VAL] Loss: 0.6558, Accuracy: 63.62%, AUC: 0.54
New best model saved with validation metric: 20.3247
Epoch [61/100] - [TRAIN] Loss: 0.6555, Accuracy: 63.64%, AUC: 0.54 - [VAL] Loss: 0.6555, Accuracy: 63.64%, AUC: 0.54
Epoch [62/100] - [TRAIN] Loss: 0.6552, Accuracy: 63.60%, AUC: 0.54 - [VAL] Loss: 0.6551, Accuracy: 63.56%, AUC: 0.54
New best model saved with validation metric: 20.3420
Epoch [63/100] - [TRAIN] Loss: 0.6537, Accuracy: 63.74%, AUC: 0.54 - [VAL] Loss: 0.6549, Accuracy: 63.70%, AUC: 0.54
Epoch [64/100] - [TRAIN] Loss: 0.6541, Accuracy: 63.72%, AUC: 0.54 - [VAL] Loss: 0.6566, Accuracy: 63.06%, AUC: 0.53
Epoch [65/100] - [TRAIN] Loss: 0.6537, Accuracy: 63.81%, AUC: 0.54 - [VAL] Loss: 0.6542, Accuracy: 63.67%, AUC: 0.54
New best model saved with validation metric: 20.4156
Epoch [66/100] - [TRAIN] Loss: 0.6534, Accuracy: 63.97%, AUC: 0.54 - [VAL] Loss: 0.6544, Accuracy: 63.93%, AUC: 0.54
Epoch [67/100] - [TRAIN] Loss: 0.6530, Accuracy: 64.01%, AUC: 0.55 - [VAL] Loss: 0.6559, Accuracy: 63.32%, AUC: 0.54
Epoch [68/100] - [TRAIN] Loss: 0.6533, Accuracy: 64.04%, AUC: 0.55 - [VAL] Loss: 0.6534, Accuracy: 63.82%, AUC: 0.54
Epoch [69/100] - [TRAIN] Loss: 0.6529, Accuracy: 64.12%, AUC: 0.55 - [VAL] Loss: 0.6533, Accuracy: 63.81%, AUC: 0.54
Epoch [70/100] - [TRAIN] Loss: 0.6518, Accuracy: 64.18%, AUC: 0.55 - [VAL] Loss: 0.6553, Accuracy: 63.55%, AUC: 0.54
Epoch [71/100] - [TRAIN] Loss: 0.6526, Accuracy: 64.10%, AUC: 0.55 - [VAL] Loss: 0.6535, Accuracy: 63.68%, AUC: 0.54
Epoch [72/100] - [TRAIN] Loss: 0.6524, Accuracy: 64.28%, AUC: 0.55 - [VAL] Loss: 0.6525, Accuracy: 63.83%, AUC: 0.54
New best model saved with validation metric: 20.5152
Epoch [73/100] - [TRAIN] Loss: 0.6521, Accuracy: 64.17%, AUC: 0.55 - [VAL] Loss: 0.6523, Accuracy: 64.24%, AUC: 0.55
Epoch [74/100] - [TRAIN] Loss: 0.6517, Accuracy: 64.29%, AUC: 0.55 - [VAL] Loss: 0.6521, Accuracy: 63.93%, AUC: 0.54
New best model saved with validation metric: 20.5498
Epoch [75/100] - [TRAIN] Loss: 0.6507, Accuracy: 64.35%, AUC: 0.55 - [VAL] Loss: 0.6518, Accuracy: 64.35%, AUC: 0.55
Epoch [76/100] - [TRAIN] Loss: 0.6507, Accuracy: 64.47%, AUC: 0.55 - [VAL] Loss: 0.6514, Accuracy: 64.16%, AUC: 0.55
Epoch [77/100] - [TRAIN] Loss: 0.6512, Accuracy: 64.47%, AUC: 0.55 - [VAL] Loss: 0.6523, Accuracy: 63.93%, AUC: 0.54
Epoch [78/100] - [TRAIN] Loss: 0.6498, Accuracy: 64.37%, AUC: 0.55 - [VAL] Loss: 0.6511, Accuracy: 64.17%, AUC: 0.55
New best model saved with validation metric: 20.5671
Epoch [79/100] - [TRAIN] Loss: 0.6507, Accuracy: 64.44%, AUC: 0.55 - [VAL] Loss: 0.6510, Accuracy: 64.40%, AUC: 0.55
Epoch [80/100] - [TRAIN] Loss: 0.6510, Accuracy: 64.62%, AUC: 0.55 - [VAL] Loss: 0.6508, Accuracy: 64.40%, AUC: 0.55
Epoch [81/100] - [TRAIN] Loss: 0.6493, Accuracy: 64.64%, AUC: 0.56 - [VAL] Loss: 0.6516, Accuracy: 64.04%, AUC: 0.55
Epoch [82/100] - [TRAIN] Loss: 0.6498, Accuracy: 64.48%, AUC: 0.55 - [VAL] Loss: 0.6503, Accuracy: 64.36%, AUC: 0.55
Epoch [83/100] - [TRAIN] Loss: 0.6497, Accuracy: 64.59%, AUC: 0.55 - [VAL] Loss: 0.6505, Accuracy: 64.36%, AUC: 0.55
Epoch [84/100] - [TRAIN] Loss: 0.6489, Accuracy: 64.56%, AUC: 0.55 - [VAL] Loss: 0.6504, Accuracy: 64.34%, AUC: 0.55
Epoch [85/100] - [TRAIN] Loss: 0.6494, Accuracy: 64.66%, AUC: 0.56 - [VAL] Loss: 0.6502, Accuracy: 64.35%, AUC: 0.55
New best model saved with validation metric: 20.5887
Epoch [86/100] - [TRAIN] Loss: 0.6493, Accuracy: 64.75%, AUC: 0.56 - [VAL] Loss: 0.6499, Accuracy: 64.47%, AUC: 0.55
New best model saved with validation metric: 20.6104
Epoch [87/100] - [TRAIN] Loss: 0.6485, Accuracy: 64.59%, AUC: 0.55 - [VAL] Loss: 0.6514, Accuracy: 64.54%, AUC: 0.55
Epoch [88/100] - [TRAIN] Loss: 0.6492, Accuracy: 64.79%, AUC: 0.56 - [VAL] Loss: 0.6495, Accuracy: 64.46%, AUC: 0.55
Epoch [89/100] - [TRAIN] Loss: 0.6487, Accuracy: 64.79%, AUC: 0.56 - [VAL] Loss: 0.6500, Accuracy: 64.38%, AUC: 0.55
Epoch [90/100] - [TRAIN] Loss: 0.6478, Accuracy: 64.72%, AUC: 0.56 - [VAL] Loss: 0.6492, Accuracy: 64.46%, AUC: 0.55
Epoch [91/100] - [TRAIN] Loss: 0.6479, Accuracy: 64.82%, AUC: 0.56 - [VAL] Loss: 0.6521, Accuracy: 64.23%, AUC: 0.55
Epoch [92/100] - [TRAIN] Loss: 0.6481, Accuracy: 64.79%, AUC: 0.56 - [VAL] Loss: 0.6490, Accuracy: 64.51%, AUC: 0.55
Epoch [93/100] - [TRAIN] Loss: 0.6487, Accuracy: 64.90%, AUC: 0.56 - [VAL] Loss: 0.6490, Accuracy: 64.54%, AUC: 0.55
Epoch [94/100] - [TRAIN] Loss: 0.6482, Accuracy: 64.78%, AUC: 0.56 - [VAL] Loss: 0.6488, Accuracy: 64.46%, AUC: 0.55
Epoch [95/100] - [TRAIN] Loss: 0.6482, Accuracy: 64.89%, AUC: 0.56 - [VAL] Loss: 0.6505, Accuracy: 64.38%, AUC: 0.55
Epoch [96/100] - [TRAIN] Loss: 0.6478, Accuracy: 64.90%, AUC: 0.56 - [VAL] Loss: 0.6509, Accuracy: 64.38%, AUC: 0.55
Epoch [97/100] - [TRAIN] Loss: 0.6475, Accuracy: 64.95%, AUC: 0.56 - [VAL] Loss: 0.6486, Accuracy: 64.52%, AUC: 0.55
New best model saved with validation metric: 20.6147
Epoch [98/100] - [TRAIN] Loss: 0.6476, Accuracy: 64.87%, AUC: 0.56 - [VAL] Loss: 0.6485, Accuracy: 64.55%, AUC: 0.55
Epoch [99/100] - [TRAIN] Loss: 0.6468, Accuracy: 64.87%, AUC: 0.56 - [VAL] Loss: 0.6511, Accuracy: 64.38%, AUC: 0.55
Epoch [100/100] - [TRAIN] Loss: 0.6462, Accuracy: 64.90%, AUC: 0.56 - [VAL] Loss: 0.6517, Accuracy: 64.39%, AUC: 0.55
Training finished!
Accuracy Score on test set: 64.67 %
AUC Score on test set: 0.56
Item: H3K4me3-H3K9ac
Train set shape: (7399, 2, 4000) (7399,)
Validation set shape: (7377, 2, 4000) (7377,)
Test set shape: (7378, 2, 4000) (7378,)
New best model saved with validation metric: 19.4242
Epoch [1/100] - [TRAIN] Loss: 0.6494, Accuracy: 60.82%, AUC: 0.50 - [VAL] Loss: 0.6084, Accuracy: 60.82%, AUC: 0.50
New best model saved with validation metric: 24.9091
Epoch [2/100] - [TRAIN] Loss: 0.5850, Accuracy: 61.59%, AUC: 0.51 - [VAL] Loss: 0.5572, Accuracy: 78.00%, AUC: 0.76
New best model saved with validation metric: 24.9784
Epoch [3/100] - [TRAIN] Loss: 0.5500, Accuracy: 77.79%, AUC: 0.76 - [VAL] Loss: 0.5348, Accuracy: 78.22%, AUC: 0.77
Epoch [4/100] - [TRAIN] Loss: 0.5347, Accuracy: 78.33%, AUC: 0.77 - [VAL] Loss: 0.5242, Accuracy: 78.12%, AUC: 0.77
Epoch [5/100] - [TRAIN] Loss: 0.5256, Accuracy: 78.28%, AUC: 0.77 - [VAL] Loss: 0.5183, Accuracy: 77.89%, AUC: 0.78
Epoch [6/100] - [TRAIN] Loss: 0.5199, Accuracy: 78.06%, AUC: 0.77 - [VAL] Loss: 0.5141, Accuracy: 77.74%, AUC: 0.78
Epoch [7/100] - [TRAIN] Loss: 0.5184, Accuracy: 78.05%, AUC: 0.78 - [VAL] Loss: 0.5117, Accuracy: 77.71%, AUC: 0.78
Epoch [8/100] - [TRAIN] Loss: 0.5128, Accuracy: 78.19%, AUC: 0.78 - [VAL] Loss: 0.5101, Accuracy: 77.85%, AUC: 0.78
Epoch [9/100] - [TRAIN] Loss: 0.5130, Accuracy: 78.08%, AUC: 0.78 - [VAL] Loss: 0.5086, Accuracy: 77.80%, AUC: 0.78
Epoch [10/100] - [TRAIN] Loss: 0.5093, Accuracy: 78.15%, AUC: 0.78 - [VAL] Loss: 0.5071, Accuracy: 77.90%, AUC: 0.78
Epoch [11/100] - [TRAIN] Loss: 0.5071, Accuracy: 78.23%, AUC: 0.78 - [VAL] Loss: 0.5065, Accuracy: 77.92%, AUC: 0.78
Epoch [12/100] - [TRAIN] Loss: 0.5071, Accuracy: 78.24%, AUC: 0.78 - [VAL] Loss: 0.5054, Accuracy: 78.05%, AUC: 0.78
Epoch [13/100] - [TRAIN] Loss: 0.5064, Accuracy: 78.39%, AUC: 0.78 - [VAL] Loss: 0.5050, Accuracy: 78.03%, AUC: 0.78
Epoch [14/100] - [TRAIN] Loss: 0.5044, Accuracy: 78.29%, AUC: 0.78 - [VAL] Loss: 0.5045, Accuracy: 78.05%, AUC: 0.78
Epoch [15/100] - [TRAIN] Loss: 0.5042, Accuracy: 78.32%, AUC: 0.78 - [VAL] Loss: 0.5041, Accuracy: 78.08%, AUC: 0.78
Epoch [16/100] - [TRAIN] Loss: 0.5032, Accuracy: 78.38%, AUC: 0.78 - [VAL] Loss: 0.5041, Accuracy: 78.11%, AUC: 0.78
Epoch [17/100] - [TRAIN] Loss: 0.5025, Accuracy: 78.42%, AUC: 0.78 - [VAL] Loss: 0.5029, Accuracy: 78.18%, AUC: 0.78
Epoch [18/100] - [TRAIN] Loss: 0.5029, Accuracy: 78.55%, AUC: 0.78 - [VAL] Loss: 0.5024, Accuracy: 78.22%, AUC: 0.78
Epoch [19/100] - [TRAIN] Loss: 0.5014, Accuracy: 78.50%, AUC: 0.78 - [VAL] Loss: 0.5022, Accuracy: 78.18%, AUC: 0.78
Epoch [20/100] - [TRAIN] Loss: 0.5008, Accuracy: 78.51%, AUC: 0.78 - [VAL] Loss: 0.5024, Accuracy: 78.19%, AUC: 0.78
Epoch [21/100] - [TRAIN] Loss: 0.5006, Accuracy: 78.46%, AUC: 0.78 - [VAL] Loss: 0.5019, Accuracy: 78.16%, AUC: 0.78
New best model saved with validation metric: 24.9913
Epoch [22/100] - [TRAIN] Loss: 0.4998, Accuracy: 78.54%, AUC: 0.78 - [VAL] Loss: 0.5013, Accuracy: 78.26%, AUC: 0.78
New best model saved with validation metric: 25.0173
Epoch [23/100] - [TRAIN] Loss: 0.4984, Accuracy: 78.69%, AUC: 0.78 - [VAL] Loss: 0.5014, Accuracy: 78.34%, AUC: 0.78
Epoch [24/100] - [TRAIN] Loss: 0.4983, Accuracy: 78.74%, AUC: 0.78 - [VAL] Loss: 0.5015, Accuracy: 78.23%, AUC: 0.78
Epoch [25/100] - [TRAIN] Loss: 0.4986, Accuracy: 78.74%, AUC: 0.78 - [VAL] Loss: 0.5008, Accuracy: 78.24%, AUC: 0.78
Epoch [26/100] - [TRAIN] Loss: 0.4982, Accuracy: 78.71%, AUC: 0.78 - [VAL] Loss: 0.5009, Accuracy: 78.24%, AUC: 0.78
Epoch [27/100] - [TRAIN] Loss: 0.4981, Accuracy: 78.77%, AUC: 0.78 - [VAL] Loss: 0.5007, Accuracy: 78.23%, AUC: 0.78
Epoch [28/100] - [TRAIN] Loss: 0.4985, Accuracy: 78.74%, AUC: 0.78 - [VAL] Loss: 0.5007, Accuracy: 78.23%, AUC: 0.78
Epoch [29/100] - [TRAIN] Loss: 0.4961, Accuracy: 78.86%, AUC: 0.78 - [VAL] Loss: 0.5005, Accuracy: 78.23%, AUC: 0.78
Epoch [30/100] - [TRAIN] Loss: 0.4970, Accuracy: 78.74%, AUC: 0.78 - [VAL] Loss: 0.5009, Accuracy: 78.26%, AUC: 0.78
Epoch [31/100] - [TRAIN] Loss: 0.4967, Accuracy: 78.67%, AUC: 0.78 - [VAL] Loss: 0.4999, Accuracy: 78.31%, AUC: 0.78
Epoch [32/100] - [TRAIN] Loss: 0.4949, Accuracy: 78.89%, AUC: 0.78 - [VAL] Loss: 0.4999, Accuracy: 78.23%, AUC: 0.78
Epoch [33/100] - [TRAIN] Loss: 0.4962, Accuracy: 78.69%, AUC: 0.78 - [VAL] Loss: 0.4999, Accuracy: 78.24%, AUC: 0.78
Epoch [34/100] - [TRAIN] Loss: 0.4949, Accuracy: 78.90%, AUC: 0.78 - [VAL] Loss: 0.5001, Accuracy: 78.27%, AUC: 0.78
Epoch [35/100] - [TRAIN] Loss: 0.4959, Accuracy: 78.74%, AUC: 0.78 - [VAL] Loss: 0.5001, Accuracy: 78.26%, AUC: 0.78
Epoch [36/100] - [TRAIN] Loss: 0.4948, Accuracy: 78.83%, AUC: 0.78 - [VAL] Loss: 0.5001, Accuracy: 78.28%, AUC: 0.78
Epoch [37/100] - [TRAIN] Loss: 0.4933, Accuracy: 78.78%, AUC: 0.78 - [VAL] Loss: 0.4994, Accuracy: 78.34%, AUC: 0.78
Epoch [38/100] - [TRAIN] Loss: 0.4942, Accuracy: 78.69%, AUC: 0.78 - [VAL] Loss: 0.4993, Accuracy: 78.31%, AUC: 0.78
New best model saved with validation metric: 25.0260
Epoch [39/100] - [TRAIN] Loss: 0.4925, Accuracy: 78.79%, AUC: 0.78 - [VAL] Loss: 0.4992, Accuracy: 78.37%, AUC: 0.78
Epoch [40/100] - [TRAIN] Loss: 0.4925, Accuracy: 78.82%, AUC: 0.78 - [VAL] Loss: 0.4999, Accuracy: 78.26%, AUC: 0.78
Epoch [41/100] - [TRAIN] Loss: 0.4934, Accuracy: 78.83%, AUC: 0.78 - [VAL] Loss: 0.4993, Accuracy: 78.28%, AUC: 0.78
Epoch [42/100] - [TRAIN] Loss: 0.4917, Accuracy: 78.94%, AUC: 0.78 - [VAL] Loss: 0.4990, Accuracy: 78.34%, AUC: 0.78
Epoch [43/100] - [TRAIN] Loss: 0.4920, Accuracy: 78.83%, AUC: 0.78 - [VAL] Loss: 0.4996, Accuracy: 78.30%, AUC: 0.78
Epoch [44/100] - [TRAIN] Loss: 0.4912, Accuracy: 78.90%, AUC: 0.78 - [VAL] Loss: 0.4998, Accuracy: 78.27%, AUC: 0.78
New best model saved with validation metric: 25.0346
Epoch [45/100] - [TRAIN] Loss: 0.4922, Accuracy: 78.81%, AUC: 0.78 - [VAL] Loss: 0.4990, Accuracy: 78.39%, AUC: 0.78
New best model saved with validation metric: 25.0390
Epoch [46/100] - [TRAIN] Loss: 0.4915, Accuracy: 78.83%, AUC: 0.78 - [VAL] Loss: 0.4990, Accuracy: 78.41%, AUC: 0.78
Epoch [47/100] - [TRAIN] Loss: 0.4905, Accuracy: 78.93%, AUC: 0.78 - [VAL] Loss: 0.4988, Accuracy: 78.37%, AUC: 0.78
Epoch [48/100] - [TRAIN] Loss: 0.4912, Accuracy: 78.71%, AUC: 0.78 - [VAL] Loss: 0.4999, Accuracy: 78.31%, AUC: 0.78
Epoch [49/100] - [TRAIN] Loss: 0.4909, Accuracy: 79.01%, AUC: 0.78 - [VAL] Loss: 0.5001, Accuracy: 78.37%, AUC: 0.78
Epoch [50/100] - [TRAIN] Loss: 0.4894, Accuracy: 78.94%, AUC: 0.78 - [VAL] Loss: 0.4991, Accuracy: 78.41%, AUC: 0.78
New best model saved with validation metric: 25.0433
Epoch [51/100] - [TRAIN] Loss: 0.4898, Accuracy: 78.90%, AUC: 0.78 - [VAL] Loss: 0.4997, Accuracy: 78.42%, AUC: 0.78
New best model saved with validation metric: 25.0649
Epoch [52/100] - [TRAIN] Loss: 0.4910, Accuracy: 78.89%, AUC: 0.78 - [VAL] Loss: 0.4989, Accuracy: 78.49%, AUC: 0.78
Epoch [53/100] - [TRAIN] Loss: 0.4892, Accuracy: 78.90%, AUC: 0.78 - [VAL] Loss: 0.4989, Accuracy: 78.49%, AUC: 0.78
New best model saved with validation metric: 25.0736
Epoch [54/100] - [TRAIN] Loss: 0.4888, Accuracy: 78.93%, AUC: 0.78 - [VAL] Loss: 0.4989, Accuracy: 78.51%, AUC: 0.78
Epoch [55/100] - [TRAIN] Loss: 0.4890, Accuracy: 78.89%, AUC: 0.78 - [VAL] Loss: 0.4995, Accuracy: 78.51%, AUC: 0.78
Epoch [56/100] - [TRAIN] Loss: 0.4892, Accuracy: 78.89%, AUC: 0.78 - [VAL] Loss: 0.4988, Accuracy: 78.41%, AUC: 0.78
New best model saved with validation metric: 25.0779
Epoch [57/100] - [TRAIN] Loss: 0.4894, Accuracy: 79.08%, AUC: 0.78 - [VAL] Loss: 0.4994, Accuracy: 78.53%, AUC: 0.78
Epoch [58/100] - [TRAIN] Loss: 0.4882, Accuracy: 78.89%, AUC: 0.78 - [VAL] Loss: 0.4994, Accuracy: 78.47%, AUC: 0.78
Epoch [59/100] - [TRAIN] Loss: 0.4876, Accuracy: 78.89%, AUC: 0.78 - [VAL] Loss: 0.4997, Accuracy: 78.51%, AUC: 0.78
Epoch [60/100] - [TRAIN] Loss: 0.4869, Accuracy: 79.08%, AUC: 0.78 - [VAL] Loss: 0.4989, Accuracy: 78.43%, AUC: 0.78
New best model saved with validation metric: 25.0823
Epoch [61/100] - [TRAIN] Loss: 0.4886, Accuracy: 78.96%, AUC: 0.78 - [VAL] Loss: 0.4992, Accuracy: 78.54%, AUC: 0.78
Epoch [62/100] - [TRAIN] Loss: 0.4875, Accuracy: 79.01%, AUC: 0.78 - [VAL] Loss: 0.4989, Accuracy: 78.49%, AUC: 0.78
Epoch [63/100] - [TRAIN] Loss: 0.4858, Accuracy: 79.02%, AUC: 0.78 - [VAL] Loss: 0.4991, Accuracy: 78.51%, AUC: 0.78
Epoch [64/100] - [TRAIN] Loss: 0.4863, Accuracy: 78.86%, AUC: 0.78 - [VAL] Loss: 0.5001, Accuracy: 78.51%, AUC: 0.78
Epoch [65/100] - [TRAIN] Loss: 0.4875, Accuracy: 78.93%, AUC: 0.78 - [VAL] Loss: 0.4990, Accuracy: 78.50%, AUC: 0.78
New best model saved with validation metric: 25.0866
Epoch [66/100] - [TRAIN] Loss: 0.4855, Accuracy: 78.97%, AUC: 0.78 - [VAL] Loss: 0.4995, Accuracy: 78.55%, AUC: 0.78
Epoch [67/100] - [TRAIN] Loss: 0.4863, Accuracy: 78.96%, AUC: 0.78 - [VAL] Loss: 0.5001, Accuracy: 78.50%, AUC: 0.78
Epoch [68/100] - [TRAIN] Loss: 0.4863, Accuracy: 78.96%, AUC: 0.78 - [VAL] Loss: 0.5003, Accuracy: 78.53%, AUC: 0.78
Epoch [69/100] - [TRAIN] Loss: 0.4862, Accuracy: 79.00%, AUC: 0.78 - [VAL] Loss: 0.4993, Accuracy: 78.50%, AUC: 0.78
Epoch [70/100] - [TRAIN] Loss: 0.4841, Accuracy: 79.17%, AUC: 0.78 - [VAL] Loss: 0.4995, Accuracy: 78.49%, AUC: 0.78
Epoch [71/100] - [TRAIN] Loss: 0.4847, Accuracy: 79.12%, AUC: 0.78 - [VAL] Loss: 0.4996, Accuracy: 78.49%, AUC: 0.78
Epoch [72/100] - [TRAIN] Loss: 0.4859, Accuracy: 79.19%, AUC: 0.78 - [VAL] Loss: 0.5000, Accuracy: 78.43%, AUC: 0.78
Epoch [73/100] - [TRAIN] Loss: 0.4846, Accuracy: 79.00%, AUC: 0.78 - [VAL] Loss: 0.4994, Accuracy: 78.46%, AUC: 0.78
Epoch [74/100] - [TRAIN] Loss: 0.4834, Accuracy: 78.94%, AUC: 0.78 - [VAL] Loss: 0.4995, Accuracy: 78.41%, AUC: 0.78
New best model saved with validation metric: 25.0952
Epoch [75/100] - [TRAIN] Loss: 0.4858, Accuracy: 79.12%, AUC: 0.78 - [VAL] Loss: 0.5015, Accuracy: 78.58%, AUC: 0.78
Epoch [76/100] - [TRAIN] Loss: 0.4848, Accuracy: 79.15%, AUC: 0.78 - [VAL] Loss: 0.5012, Accuracy: 78.57%, AUC: 0.78
Epoch [77/100] - [TRAIN] Loss: 0.4849, Accuracy: 79.15%, AUC: 0.78 - [VAL] Loss: 0.4998, Accuracy: 78.49%, AUC: 0.78
Epoch [78/100] - [TRAIN] Loss: 0.4847, Accuracy: 79.15%, AUC: 0.78 - [VAL] Loss: 0.4997, Accuracy: 78.42%, AUC: 0.78
Epoch [79/100] - [TRAIN] Loss: 0.4828, Accuracy: 79.01%, AUC: 0.78 - [VAL] Loss: 0.5003, Accuracy: 78.50%, AUC: 0.78
Epoch [80/100] - [TRAIN] Loss: 0.4837, Accuracy: 79.20%, AUC: 0.78 - [VAL] Loss: 0.5000, Accuracy: 78.47%, AUC: 0.78
Epoch [81/100] - [TRAIN] Loss: 0.4826, Accuracy: 79.12%, AUC: 0.78 - [VAL] Loss: 0.4999, Accuracy: 78.49%, AUC: 0.78
Epoch [82/100] - [TRAIN] Loss: 0.4828, Accuracy: 79.08%, AUC: 0.78 - [VAL] Loss: 0.5002, Accuracy: 78.47%, AUC: 0.78
Epoch [83/100] - [TRAIN] Loss: 0.4823, Accuracy: 79.16%, AUC: 0.78 - [VAL] Loss: 0.5000, Accuracy: 78.47%, AUC: 0.78
Epoch [84/100] - [TRAIN] Loss: 0.4816, Accuracy: 79.23%, AUC: 0.78 - [VAL] Loss: 0.5001, Accuracy: 78.46%, AUC: 0.78
Epoch [85/100] - [TRAIN] Loss: 0.4818, Accuracy: 79.16%, AUC: 0.78 - [VAL] Loss: 0.5000, Accuracy: 78.49%, AUC: 0.78
Epoch [86/100] - [TRAIN] Loss: 0.4819, Accuracy: 79.08%, AUC: 0.78 - [VAL] Loss: 0.5003, Accuracy: 78.47%, AUC: 0.78
Epoch [87/100] - [TRAIN] Loss: 0.4822, Accuracy: 79.31%, AUC: 0.78 - [VAL] Loss: 0.5008, Accuracy: 78.47%, AUC: 0.78
Epoch [88/100] - [TRAIN] Loss: 0.4815, Accuracy: 79.31%, AUC: 0.78 - [VAL] Loss: 0.5003, Accuracy: 78.43%, AUC: 0.78
Epoch [89/100] - [TRAIN] Loss: 0.4819, Accuracy: 79.16%, AUC: 0.78 - [VAL] Loss: 0.5007, Accuracy: 78.51%, AUC: 0.78
Epoch [90/100] - [TRAIN] Loss: 0.4802, Accuracy: 79.12%, AUC: 0.78 - [VAL] Loss: 0.5013, Accuracy: 78.51%, AUC: 0.78
Epoch [91/100] - [TRAIN] Loss: 0.4816, Accuracy: 79.23%, AUC: 0.78 - [VAL] Loss: 0.5011, Accuracy: 78.53%, AUC: 0.78
Epoch [92/100] - [TRAIN] Loss: 0.4817, Accuracy: 79.16%, AUC: 0.78 - [VAL] Loss: 0.5005, Accuracy: 78.51%, AUC: 0.78
Epoch [93/100] - [TRAIN] Loss: 0.4798, Accuracy: 79.17%, AUC: 0.78 - [VAL] Loss: 0.5005, Accuracy: 78.51%, AUC: 0.78
Epoch [94/100] - [TRAIN] Loss: 0.4811, Accuracy: 79.27%, AUC: 0.78 - [VAL] Loss: 0.5025, Accuracy: 78.50%, AUC: 0.78
Epoch [95/100] - [TRAIN] Loss: 0.4795, Accuracy: 79.25%, AUC: 0.78 - [VAL] Loss: 0.5009, Accuracy: 78.45%, AUC: 0.78
Epoch [96/100] - [TRAIN] Loss: 0.4800, Accuracy: 79.44%, AUC: 0.79 - [VAL] Loss: 0.5025, Accuracy: 78.42%, AUC: 0.78
Epoch [97/100] - [TRAIN] Loss: 0.4814, Accuracy: 79.38%, AUC: 0.79 - [VAL] Loss: 0.5011, Accuracy: 78.45%, AUC: 0.78
Epoch [98/100] - [TRAIN] Loss: 0.4781, Accuracy: 79.27%, AUC: 0.78 - [VAL] Loss: 0.5014, Accuracy: 78.47%, AUC: 0.78
Epoch [99/100] - [TRAIN] Loss: 0.4811, Accuracy: 79.36%, AUC: 0.79 - [VAL] Loss: 0.5027, Accuracy: 78.47%, AUC: 0.78
Epoch [100/100] - [TRAIN] Loss: 0.4782, Accuracy: 79.27%, AUC: 0.78 - [VAL] Loss: 0.5014, Accuracy: 78.46%, AUC: 0.78
Training finished!
Accuracy Score on test set: 78.84 %
AUC Score on test set: 0.78
Item: H3K9ac-H3K4me3
Train set shape: (7399, 2, 4000) (7399,)
Validation set shape: (7377, 2, 4000) (7377,)
Test set shape: (7378, 2, 4000) (7378,)
New best model saved with validation metric: 19.4242
Epoch [1/100] - [TRAIN] Loss: 0.6453, Accuracy: 59.78%, AUC: 0.52 - [VAL] Loss: 0.5973, Accuracy: 60.82%, AUC: 0.50
New best model saved with validation metric: 24.8745
Epoch [2/100] - [TRAIN] Loss: 0.5771, Accuracy: 64.55%, AUC: 0.56 - [VAL] Loss: 0.5521, Accuracy: 77.89%, AUC: 0.76
New best model saved with validation metric: 24.9134
Epoch [3/100] - [TRAIN] Loss: 0.5444, Accuracy: 78.20%, AUC: 0.77 - [VAL] Loss: 0.5310, Accuracy: 78.01%, AUC: 0.77
Epoch [4/100] - [TRAIN] Loss: 0.5320, Accuracy: 77.96%, AUC: 0.77 - [VAL] Loss: 0.5231, Accuracy: 77.70%, AUC: 0.77
Epoch [5/100] - [TRAIN] Loss: 0.5239, Accuracy: 78.16%, AUC: 0.77 - [VAL] Loss: 0.5186, Accuracy: 77.73%, AUC: 0.77
Epoch [6/100] - [TRAIN] Loss: 0.5202, Accuracy: 78.11%, AUC: 0.77 - [VAL] Loss: 0.5174, Accuracy: 77.62%, AUC: 0.77
Epoch [7/100] - [TRAIN] Loss: 0.5185, Accuracy: 78.12%, AUC: 0.78 - [VAL] Loss: 0.5145, Accuracy: 77.90%, AUC: 0.78
Epoch [8/100] - [TRAIN] Loss: 0.5158, Accuracy: 78.24%, AUC: 0.78 - [VAL] Loss: 0.5133, Accuracy: 77.76%, AUC: 0.78
Epoch [9/100] - [TRAIN] Loss: 0.5157, Accuracy: 78.20%, AUC: 0.78 - [VAL] Loss: 0.5117, Accuracy: 77.84%, AUC: 0.77
Epoch [10/100] - [TRAIN] Loss: 0.5120, Accuracy: 78.28%, AUC: 0.78 - [VAL] Loss: 0.5108, Accuracy: 77.94%, AUC: 0.78
Epoch [11/100] - [TRAIN] Loss: 0.5109, Accuracy: 78.24%, AUC: 0.78 - [VAL] Loss: 0.5101, Accuracy: 77.92%, AUC: 0.78
Epoch [12/100] - [TRAIN] Loss: 0.5119, Accuracy: 78.13%, AUC: 0.78 - [VAL] Loss: 0.5097, Accuracy: 77.86%, AUC: 0.78
Epoch [13/100] - [TRAIN] Loss: 0.5095, Accuracy: 78.27%, AUC: 0.78 - [VAL] Loss: 0.5087, Accuracy: 77.94%, AUC: 0.78
Epoch [14/100] - [TRAIN] Loss: 0.5081, Accuracy: 78.35%, AUC: 0.78 - [VAL] Loss: 0.5076, Accuracy: 78.01%, AUC: 0.78
New best model saved with validation metric: 24.9221
Epoch [15/100] - [TRAIN] Loss: 0.5071, Accuracy: 78.38%, AUC: 0.78 - [VAL] Loss: 0.5073, Accuracy: 78.04%, AUC: 0.78
Epoch [16/100] - [TRAIN] Loss: 0.5068, Accuracy: 78.39%, AUC: 0.78 - [VAL] Loss: 0.5066, Accuracy: 77.97%, AUC: 0.78
Epoch [17/100] - [TRAIN] Loss: 0.5060, Accuracy: 78.33%, AUC: 0.78 - [VAL] Loss: 0.5067, Accuracy: 78.01%, AUC: 0.78
Epoch [18/100] - [TRAIN] Loss: 0.5048, Accuracy: 78.48%, AUC: 0.78 - [VAL] Loss: 0.5057, Accuracy: 77.96%, AUC: 0.78
New best model saved with validation metric: 24.9264
Epoch [19/100] - [TRAIN] Loss: 0.5043, Accuracy: 78.44%, AUC: 0.78 - [VAL] Loss: 0.5051, Accuracy: 78.05%, AUC: 0.78
Epoch [20/100] - [TRAIN] Loss: 0.5032, Accuracy: 78.56%, AUC: 0.78 - [VAL] Loss: 0.5051, Accuracy: 78.00%, AUC: 0.78
New best model saved with validation metric: 24.9394
Epoch [21/100] - [TRAIN] Loss: 0.5037, Accuracy: 78.51%, AUC: 0.78 - [VAL] Loss: 0.5045, Accuracy: 78.09%, AUC: 0.78
Epoch [22/100] - [TRAIN] Loss: 0.5044, Accuracy: 78.55%, AUC: 0.78 - [VAL] Loss: 0.5047, Accuracy: 78.05%, AUC: 0.78
Epoch [23/100] - [TRAIN] Loss: 0.5030, Accuracy: 78.46%, AUC: 0.78 - [VAL] Loss: 0.5046, Accuracy: 78.09%, AUC: 0.78
Epoch [24/100] - [TRAIN] Loss: 0.5018, Accuracy: 78.58%, AUC: 0.78 - [VAL] Loss: 0.5040, Accuracy: 78.07%, AUC: 0.78
Epoch [25/100] - [TRAIN] Loss: 0.5015, Accuracy: 78.58%, AUC: 0.78 - [VAL] Loss: 0.5039, Accuracy: 78.08%, AUC: 0.78
New best model saved with validation metric: 24.9524
Epoch [26/100] - [TRAIN] Loss: 0.5028, Accuracy: 78.59%, AUC: 0.78 - [VAL] Loss: 0.5034, Accuracy: 78.13%, AUC: 0.78
New best model saved with validation metric: 24.9610
Epoch [27/100] - [TRAIN] Loss: 0.5001, Accuracy: 78.70%, AUC: 0.78 - [VAL] Loss: 0.5030, Accuracy: 78.16%, AUC: 0.78
New best model saved with validation metric: 24.9740
Epoch [28/100] - [TRAIN] Loss: 0.5001, Accuracy: 78.65%, AUC: 0.78 - [VAL] Loss: 0.5033, Accuracy: 78.20%, AUC: 0.78
Epoch [29/100] - [TRAIN] Loss: 0.5003, Accuracy: 78.59%, AUC: 0.78 - [VAL] Loss: 0.5027, Accuracy: 78.19%, AUC: 0.78
Epoch [30/100] - [TRAIN] Loss: 0.4986, Accuracy: 78.62%, AUC: 0.78 - [VAL] Loss: 0.5042, Accuracy: 78.09%, AUC: 0.78
New best model saved with validation metric: 24.9827
Epoch [31/100] - [TRAIN] Loss: 0.4993, Accuracy: 78.67%, AUC: 0.78 - [VAL] Loss: 0.5021, Accuracy: 78.23%, AUC: 0.78
Epoch [32/100] - [TRAIN] Loss: 0.4993, Accuracy: 78.63%, AUC: 0.78 - [VAL] Loss: 0.5019, Accuracy: 78.23%, AUC: 0.78
Epoch [33/100] - [TRAIN] Loss: 0.4990, Accuracy: 78.67%, AUC: 0.78 - [VAL] Loss: 0.5020, Accuracy: 78.18%, AUC: 0.78
Epoch [34/100] - [TRAIN] Loss: 0.4975, Accuracy: 78.66%, AUC: 0.78 - [VAL] Loss: 0.5023, Accuracy: 78.13%, AUC: 0.78
Epoch [35/100] - [TRAIN] Loss: 0.4976, Accuracy: 78.75%, AUC: 0.78 - [VAL] Loss: 0.5027, Accuracy: 78.15%, AUC: 0.78
Epoch [36/100] - [TRAIN] Loss: 0.4980, Accuracy: 78.71%, AUC: 0.78 - [VAL] Loss: 0.5013, Accuracy: 78.18%, AUC: 0.77
Epoch [37/100] - [TRAIN] Loss: 0.4965, Accuracy: 78.69%, AUC: 0.78 - [VAL] Loss: 0.5016, Accuracy: 78.19%, AUC: 0.78
Epoch [38/100] - [TRAIN] Loss: 0.4968, Accuracy: 78.66%, AUC: 0.78 - [VAL] Loss: 0.5016, Accuracy: 78.19%, AUC: 0.78
New best model saved with validation metric: 25.0260
Epoch [39/100] - [TRAIN] Loss: 0.4955, Accuracy: 78.78%, AUC: 0.78 - [VAL] Loss: 0.5009, Accuracy: 78.37%, AUC: 0.78
Epoch [40/100] - [TRAIN] Loss: 0.4960, Accuracy: 78.82%, AUC: 0.78 - [VAL] Loss: 0.5029, Accuracy: 78.16%, AUC: 0.78
Epoch [41/100] - [TRAIN] Loss: 0.4963, Accuracy: 78.81%, AUC: 0.78 - [VAL] Loss: 0.5008, Accuracy: 78.18%, AUC: 0.78
Epoch [42/100] - [TRAIN] Loss: 0.4949, Accuracy: 78.82%, AUC: 0.78 - [VAL] Loss: 0.5014, Accuracy: 78.20%, AUC: 0.78
Epoch [43/100] - [TRAIN] Loss: 0.4949, Accuracy: 78.75%, AUC: 0.78 - [VAL] Loss: 0.5005, Accuracy: 78.23%, AUC: 0.78
Epoch [44/100] - [TRAIN] Loss: 0.4944, Accuracy: 78.75%, AUC: 0.78 - [VAL] Loss: 0.5008, Accuracy: 78.16%, AUC: 0.78
Epoch [45/100] - [TRAIN] Loss: 0.4944, Accuracy: 78.77%, AUC: 0.78 - [VAL] Loss: 0.5004, Accuracy: 78.23%, AUC: 0.78
Epoch [46/100] - [TRAIN] Loss: 0.4936, Accuracy: 78.83%, AUC: 0.78 - [VAL] Loss: 0.5007, Accuracy: 78.19%, AUC: 0.78
Epoch [47/100] - [TRAIN] Loss: 0.4940, Accuracy: 78.82%, AUC: 0.78 - [VAL] Loss: 0.5012, Accuracy: 78.20%, AUC: 0.78
Epoch [48/100] - [TRAIN] Loss: 0.4948, Accuracy: 78.82%, AUC: 0.78 - [VAL] Loss: 0.5003, Accuracy: 78.18%, AUC: 0.78
Epoch [49/100] - [TRAIN] Loss: 0.4925, Accuracy: 78.83%, AUC: 0.78 - [VAL] Loss: 0.5004, Accuracy: 78.18%, AUC: 0.78
Epoch [50/100] - [TRAIN] Loss: 0.4944, Accuracy: 78.75%, AUC: 0.78 - [VAL] Loss: 0.5002, Accuracy: 78.18%, AUC: 0.78
Epoch [51/100] - [TRAIN] Loss: 0.4922, Accuracy: 78.92%, AUC: 0.78 - [VAL] Loss: 0.5005, Accuracy: 78.15%, AUC: 0.77
Epoch [52/100] - [TRAIN] Loss: 0.4926, Accuracy: 78.83%, AUC: 0.78 - [VAL] Loss: 0.4996, Accuracy: 78.30%, AUC: 0.78
Epoch [53/100] - [TRAIN] Loss: 0.4913, Accuracy: 78.79%, AUC: 0.78 - [VAL] Loss: 0.4997, Accuracy: 78.26%, AUC: 0.78
Epoch [54/100] - [TRAIN] Loss: 0.4934, Accuracy: 78.77%, AUC: 0.78 - [VAL] Loss: 0.5003, Accuracy: 78.20%, AUC: 0.78
Epoch [55/100] - [TRAIN] Loss: 0.4915, Accuracy: 78.83%, AUC: 0.78 - [VAL] Loss: 0.4995, Accuracy: 78.31%, AUC: 0.78
Epoch [56/100] - [TRAIN] Loss: 0.4917, Accuracy: 78.88%, AUC: 0.78 - [VAL] Loss: 0.5012, Accuracy: 78.32%, AUC: 0.78
Epoch [57/100] - [TRAIN] Loss: 0.4899, Accuracy: 78.94%, AUC: 0.78 - [VAL] Loss: 0.4997, Accuracy: 78.23%, AUC: 0.78
Epoch [58/100] - [TRAIN] Loss: 0.4908, Accuracy: 78.96%, AUC: 0.78 - [VAL] Loss: 0.5011, Accuracy: 78.30%, AUC: 0.78
Epoch [59/100] - [TRAIN] Loss: 0.4911, Accuracy: 78.96%, AUC: 0.78 - [VAL] Loss: 0.4999, Accuracy: 78.28%, AUC: 0.78
Epoch [60/100] - [TRAIN] Loss: 0.4904, Accuracy: 78.92%, AUC: 0.78 - [VAL] Loss: 0.4994, Accuracy: 78.32%, AUC: 0.77
Epoch [61/100] - [TRAIN] Loss: 0.4902, Accuracy: 78.92%, AUC: 0.78 - [VAL] Loss: 0.4994, Accuracy: 78.30%, AUC: 0.78
Epoch [62/100] - [TRAIN] Loss: 0.4910, Accuracy: 78.83%, AUC: 0.78 - [VAL] Loss: 0.5021, Accuracy: 78.32%, AUC: 0.78
Epoch [63/100] - [TRAIN] Loss: 0.4897, Accuracy: 78.94%, AUC: 0.78 - [VAL] Loss: 0.4998, Accuracy: 78.35%, AUC: 0.78
Epoch [64/100] - [TRAIN] Loss: 0.4881, Accuracy: 78.97%, AUC: 0.78 - [VAL] Loss: 0.5006, Accuracy: 78.30%, AUC: 0.78
Epoch [65/100] - [TRAIN] Loss: 0.4889, Accuracy: 78.82%, AUC: 0.78 - [VAL] Loss: 0.4993, Accuracy: 78.26%, AUC: 0.77
Epoch [66/100] - [TRAIN] Loss: 0.4884, Accuracy: 78.96%, AUC: 0.78 - [VAL] Loss: 0.5005, Accuracy: 78.32%, AUC: 0.78
Epoch [67/100] - [TRAIN] Loss: 0.4897, Accuracy: 78.85%, AUC: 0.78 - [VAL] Loss: 0.4996, Accuracy: 78.27%, AUC: 0.78
Epoch [68/100] - [TRAIN] Loss: 0.4886, Accuracy: 78.92%, AUC: 0.78 - [VAL] Loss: 0.4995, Accuracy: 78.32%, AUC: 0.77
Epoch [69/100] - [TRAIN] Loss: 0.4888, Accuracy: 78.90%, AUC: 0.78 - [VAL] Loss: 0.5015, Accuracy: 78.30%, AUC: 0.78
Epoch [70/100] - [TRAIN] Loss: 0.4866, Accuracy: 78.92%, AUC: 0.78 - [VAL] Loss: 0.4995, Accuracy: 78.28%, AUC: 0.78
Epoch [71/100] - [TRAIN] Loss: 0.4860, Accuracy: 78.97%, AUC: 0.78 - [VAL] Loss: 0.5020, Accuracy: 78.34%, AUC: 0.78
Epoch [72/100] - [TRAIN] Loss: 0.4870, Accuracy: 78.90%, AUC: 0.78 - [VAL] Loss: 0.5002, Accuracy: 78.37%, AUC: 0.78
Epoch [73/100] - [TRAIN] Loss: 0.4871, Accuracy: 79.01%, AUC: 0.78 - [VAL] Loss: 0.4992, Accuracy: 78.35%, AUC: 0.78
Epoch [74/100] - [TRAIN] Loss: 0.4879, Accuracy: 78.97%, AUC: 0.78 - [VAL] Loss: 0.4994, Accuracy: 78.34%, AUC: 0.78
New best model saved with validation metric: 25.0303
Epoch [75/100] - [TRAIN] Loss: 0.4861, Accuracy: 79.04%, AUC: 0.78 - [VAL] Loss: 0.5014, Accuracy: 78.38%, AUC: 0.78
Epoch [76/100] - [TRAIN] Loss: 0.4870, Accuracy: 78.98%, AUC: 0.78 - [VAL] Loss: 0.4996, Accuracy: 78.32%, AUC: 0.78
Epoch [77/100] - [TRAIN] Loss: 0.4864, Accuracy: 79.05%, AUC: 0.78 - [VAL] Loss: 0.4995, Accuracy: 78.30%, AUC: 0.78
Epoch [78/100] - [TRAIN] Loss: 0.4863, Accuracy: 78.90%, AUC: 0.78 - [VAL] Loss: 0.4995, Accuracy: 78.30%, AUC: 0.78
Epoch [79/100] - [TRAIN] Loss: 0.4845, Accuracy: 79.02%, AUC: 0.78 - [VAL] Loss: 0.4999, Accuracy: 78.38%, AUC: 0.78
New best model saved with validation metric: 25.0390
Epoch [80/100] - [TRAIN] Loss: 0.4862, Accuracy: 78.98%, AUC: 0.78 - [VAL] Loss: 0.5000, Accuracy: 78.41%, AUC: 0.78
Epoch [81/100] - [TRAIN] Loss: 0.4870, Accuracy: 79.06%, AUC: 0.78 - [VAL] Loss: 0.4996, Accuracy: 78.34%, AUC: 0.78
Epoch [82/100] - [TRAIN] Loss: 0.4864, Accuracy: 79.09%, AUC: 0.78 - [VAL] Loss: 0.4995, Accuracy: 78.37%, AUC: 0.78
Epoch [83/100] - [TRAIN] Loss: 0.4842, Accuracy: 79.09%, AUC: 0.78 - [VAL] Loss: 0.4996, Accuracy: 78.37%, AUC: 0.78
Epoch [84/100] - [TRAIN] Loss: 0.4842, Accuracy: 78.96%, AUC: 0.78 - [VAL] Loss: 0.4998, Accuracy: 78.38%, AUC: 0.78
New best model saved with validation metric: 25.0433
Epoch [85/100] - [TRAIN] Loss: 0.4855, Accuracy: 79.13%, AUC: 0.78 - [VAL] Loss: 0.5000, Accuracy: 78.42%, AUC: 0.78
Epoch [86/100] - [TRAIN] Loss: 0.4850, Accuracy: 79.12%, AUC: 0.78 - [VAL] Loss: 0.5007, Accuracy: 78.38%, AUC: 0.78
Epoch [87/100] - [TRAIN] Loss: 0.4849, Accuracy: 79.00%, AUC: 0.78 - [VAL] Loss: 0.5013, Accuracy: 78.37%, AUC: 0.78
New best model saved with validation metric: 25.0519
Epoch [88/100] - [TRAIN] Loss: 0.4835, Accuracy: 79.16%, AUC: 0.78 - [VAL] Loss: 0.4998, Accuracy: 78.45%, AUC: 0.78
Epoch [89/100] - [TRAIN] Loss: 0.4844, Accuracy: 79.02%, AUC: 0.78 - [VAL] Loss: 0.4999, Accuracy: 78.39%, AUC: 0.78
Epoch [90/100] - [TRAIN] Loss: 0.4833, Accuracy: 79.13%, AUC: 0.78 - [VAL] Loss: 0.4997, Accuracy: 78.43%, AUC: 0.78
Epoch [91/100] - [TRAIN] Loss: 0.4837, Accuracy: 79.06%, AUC: 0.78 - [VAL] Loss: 0.5020, Accuracy: 78.35%, AUC: 0.78
Epoch [92/100] - [TRAIN] Loss: 0.4817, Accuracy: 79.06%, AUC: 0.78 - [VAL] Loss: 0.4998, Accuracy: 78.43%, AUC: 0.78
Epoch [93/100] - [TRAIN] Loss: 0.4825, Accuracy: 79.19%, AUC: 0.78 - [VAL] Loss: 0.5011, Accuracy: 78.42%, AUC: 0.78
Epoch [94/100] - [TRAIN] Loss: 0.4826, Accuracy: 79.31%, AUC: 0.78 - [VAL] Loss: 0.5003, Accuracy: 78.41%, AUC: 0.78
Epoch [95/100] - [TRAIN] Loss: 0.4838, Accuracy: 79.15%, AUC: 0.78 - [VAL] Loss: 0.5037, Accuracy: 78.38%, AUC: 0.78
Epoch [96/100] - [TRAIN] Loss: 0.4825, Accuracy: 79.08%, AUC: 0.78 - [VAL] Loss: 0.5007, Accuracy: 78.43%, AUC: 0.78
New best model saved with validation metric: 25.0563
Epoch [97/100] - [TRAIN] Loss: 0.4813, Accuracy: 79.04%, AUC: 0.78 - [VAL] Loss: 0.5006, Accuracy: 78.46%, AUC: 0.78
Epoch [98/100] - [TRAIN] Loss: 0.4800, Accuracy: 79.11%, AUC: 0.78 - [VAL] Loss: 0.5010, Accuracy: 78.41%, AUC: 0.78
Epoch [99/100] - [TRAIN] Loss: 0.4812, Accuracy: 79.23%, AUC: 0.78 - [VAL] Loss: 0.5017, Accuracy: 78.34%, AUC: 0.78
Epoch [100/100] - [TRAIN] Loss: 0.4820, Accuracy: 79.16%, AUC: 0.78 - [VAL] Loss: 0.5011, Accuracy: 78.41%, AUC: 0.78
Training finished!
Accuracy Score on test set: 78.75 %
AUC Score on test set: 0.78
Item: H3K4me3-H3K9me3
Train set shape: (7399, 2, 4000) (7399,)
Validation set shape: (7377, 2, 4000) (7377,)
Test set shape: (7378, 2, 4000) (7378,)
New best model saved with validation metric: 19.4242
Epoch [1/100] - [TRAIN] Loss: 0.6580, Accuracy: 60.82%, AUC: 0.50 - [VAL] Loss: 0.6360, Accuracy: 60.82%, AUC: 0.50
Epoch [2/100] - [TRAIN] Loss: 0.6196, Accuracy: 60.82%, AUC: 0.50 - [VAL] Loss: 0.5991, Accuracy: 60.82%, AUC: 0.50
New best model saved with validation metric: 24.8009
Epoch [3/100] - [TRAIN] Loss: 0.5853, Accuracy: 61.08%, AUC: 0.50 - [VAL] Loss: 0.5663, Accuracy: 77.66%, AUC: 0.76
New best model saved with validation metric: 24.8095
Epoch [4/100] - [TRAIN] Loss: 0.5579, Accuracy: 77.19%, AUC: 0.75 - [VAL] Loss: 0.5447, Accuracy: 77.69%, AUC: 0.77
Epoch [5/100] - [TRAIN] Loss: 0.5416, Accuracy: 77.85%, AUC: 0.77 - [VAL] Loss: 0.5339, Accuracy: 77.55%, AUC: 0.77
Epoch [6/100] - [TRAIN] Loss: 0.5320, Accuracy: 77.85%, AUC: 0.77 - [VAL] Loss: 0.5288, Accuracy: 77.61%, AUC: 0.77
Epoch [7/100] - [TRAIN] Loss: 0.5276, Accuracy: 77.90%, AUC: 0.77 - [VAL] Loss: 0.5259, Accuracy: 77.51%, AUC: 0.77
Epoch [8/100] - [TRAIN] Loss: 0.5234, Accuracy: 77.77%, AUC: 0.77 - [VAL] Loss: 0.5240, Accuracy: 77.44%, AUC: 0.77
Epoch [9/100] - [TRAIN] Loss: 0.5237, Accuracy: 77.86%, AUC: 0.77 - [VAL] Loss: 0.5220, Accuracy: 77.54%, AUC: 0.77
Epoch [10/100] - [TRAIN] Loss: 0.5214, Accuracy: 77.86%, AUC: 0.77 - [VAL] Loss: 0.5205, Accuracy: 77.61%, AUC: 0.77
Epoch [11/100] - [TRAIN] Loss: 0.5186, Accuracy: 77.92%, AUC: 0.77 - [VAL] Loss: 0.5198, Accuracy: 77.47%, AUC: 0.77
Epoch [12/100] - [TRAIN] Loss: 0.5168, Accuracy: 77.82%, AUC: 0.77 - [VAL] Loss: 0.5184, Accuracy: 77.65%, AUC: 0.77
Epoch [13/100] - [TRAIN] Loss: 0.5156, Accuracy: 77.97%, AUC: 0.77 - [VAL] Loss: 0.5173, Accuracy: 77.67%, AUC: 0.77
Epoch [14/100] - [TRAIN] Loss: 0.5159, Accuracy: 77.98%, AUC: 0.77 - [VAL] Loss: 0.5165, Accuracy: 77.62%, AUC: 0.77
Epoch [15/100] - [TRAIN] Loss: 0.5140, Accuracy: 78.00%, AUC: 0.77 - [VAL] Loss: 0.5157, Accuracy: 77.65%, AUC: 0.77
Epoch [16/100] - [TRAIN] Loss: 0.5133, Accuracy: 78.13%, AUC: 0.77 - [VAL] Loss: 0.5154, Accuracy: 77.62%, AUC: 0.77
Epoch [17/100] - [TRAIN] Loss: 0.5140, Accuracy: 77.98%, AUC: 0.77 - [VAL] Loss: 0.5143, Accuracy: 77.63%, AUC: 0.77
Epoch [18/100] - [TRAIN] Loss: 0.5118, Accuracy: 78.09%, AUC: 0.77 - [VAL] Loss: 0.5143, Accuracy: 77.63%, AUC: 0.77
Epoch [19/100] - [TRAIN] Loss: 0.5118, Accuracy: 78.04%, AUC: 0.77 - [VAL] Loss: 0.5132, Accuracy: 77.65%, AUC: 0.77
Epoch [20/100] - [TRAIN] Loss: 0.5105, Accuracy: 78.05%, AUC: 0.77 - [VAL] Loss: 0.5129, Accuracy: 77.65%, AUC: 0.77
Epoch [21/100] - [TRAIN] Loss: 0.5113, Accuracy: 78.13%, AUC: 0.77 - [VAL] Loss: 0.5129, Accuracy: 77.65%, AUC: 0.77
Epoch [22/100] - [TRAIN] Loss: 0.5096, Accuracy: 78.12%, AUC: 0.77 - [VAL] Loss: 0.5130, Accuracy: 77.62%, AUC: 0.77
New best model saved with validation metric: 24.8268
Epoch [23/100] - [TRAIN] Loss: 0.5082, Accuracy: 78.09%, AUC: 0.77 - [VAL] Loss: 0.5115, Accuracy: 77.74%, AUC: 0.77
Epoch [24/100] - [TRAIN] Loss: 0.5080, Accuracy: 78.27%, AUC: 0.78 - [VAL] Loss: 0.5114, Accuracy: 77.70%, AUC: 0.77
Epoch [25/100] - [TRAIN] Loss: 0.5087, Accuracy: 78.19%, AUC: 0.77 - [VAL] Loss: 0.5108, Accuracy: 77.73%, AUC: 0.77
New best model saved with validation metric: 24.8355
Epoch [26/100] - [TRAIN] Loss: 0.5088, Accuracy: 78.21%, AUC: 0.77 - [VAL] Loss: 0.5105, Accuracy: 77.77%, AUC: 0.77
Epoch [27/100] - [TRAIN] Loss: 0.5065, Accuracy: 78.20%, AUC: 0.77 - [VAL] Loss: 0.5103, Accuracy: 77.77%, AUC: 0.77
New best model saved with validation metric: 24.8701
Epoch [28/100] - [TRAIN] Loss: 0.5071, Accuracy: 78.16%, AUC: 0.77 - [VAL] Loss: 0.5097, Accuracy: 77.88%, AUC: 0.77
Epoch [29/100] - [TRAIN] Loss: 0.5077, Accuracy: 78.25%, AUC: 0.77 - [VAL] Loss: 0.5099, Accuracy: 77.81%, AUC: 0.77
Epoch [30/100] - [TRAIN] Loss: 0.5056, Accuracy: 78.23%, AUC: 0.77 - [VAL] Loss: 0.5101, Accuracy: 77.85%, AUC: 0.77
New best model saved with validation metric: 24.9221
Epoch [31/100] - [TRAIN] Loss: 0.5066, Accuracy: 78.23%, AUC: 0.77 - [VAL] Loss: 0.5090, Accuracy: 78.04%, AUC: 0.77
Epoch [32/100] - [TRAIN] Loss: 0.5068, Accuracy: 78.33%, AUC: 0.77 - [VAL] Loss: 0.5095, Accuracy: 77.82%, AUC: 0.77
Epoch [33/100] - [TRAIN] Loss: 0.5072, Accuracy: 78.32%, AUC: 0.77 - [VAL] Loss: 0.5098, Accuracy: 77.82%, AUC: 0.77
Epoch [34/100] - [TRAIN] Loss: 0.5056, Accuracy: 78.16%, AUC: 0.77 - [VAL] Loss: 0.5086, Accuracy: 77.94%, AUC: 0.77
Epoch [35/100] - [TRAIN] Loss: 0.5054, Accuracy: 78.38%, AUC: 0.77 - [VAL] Loss: 0.5096, Accuracy: 77.82%, AUC: 0.77
Epoch [36/100] - [TRAIN] Loss: 0.5055, Accuracy: 78.35%, AUC: 0.78 - [VAL] Loss: 0.5082, Accuracy: 78.00%, AUC: 0.77
Epoch [37/100] - [TRAIN] Loss: 0.5035, Accuracy: 78.44%, AUC: 0.78 - [VAL] Loss: 0.5084, Accuracy: 77.93%, AUC: 0.77
Epoch [38/100] - [TRAIN] Loss: 0.5043, Accuracy: 78.33%, AUC: 0.77 - [VAL] Loss: 0.5082, Accuracy: 77.94%, AUC: 0.77
Epoch [39/100] - [TRAIN] Loss: 0.5055, Accuracy: 78.39%, AUC: 0.77 - [VAL] Loss: 0.5090, Accuracy: 77.92%, AUC: 0.77
Epoch [40/100] - [TRAIN] Loss: 0.5027, Accuracy: 78.42%, AUC: 0.78 - [VAL] Loss: 0.5077, Accuracy: 77.90%, AUC: 0.77
Epoch [41/100] - [TRAIN] Loss: 0.5037, Accuracy: 78.47%, AUC: 0.78 - [VAL] Loss: 0.5076, Accuracy: 77.94%, AUC: 0.77
Epoch [42/100] - [TRAIN] Loss: 0.5024, Accuracy: 78.56%, AUC: 0.78 - [VAL] Loss: 0.5086, Accuracy: 77.96%, AUC: 0.77
Epoch [43/100] - [TRAIN] Loss: 0.5028, Accuracy: 78.40%, AUC: 0.77 - [VAL] Loss: 0.5080, Accuracy: 77.97%, AUC: 0.77
Epoch [44/100] - [TRAIN] Loss: 0.5032, Accuracy: 78.44%, AUC: 0.78 - [VAL] Loss: 0.5078, Accuracy: 77.96%, AUC: 0.77
New best model saved with validation metric: 24.9610
Epoch [45/100] - [TRAIN] Loss: 0.5036, Accuracy: 78.42%, AUC: 0.78 - [VAL] Loss: 0.5071, Accuracy: 78.16%, AUC: 0.77
Epoch [46/100] - [TRAIN] Loss: 0.5033, Accuracy: 78.44%, AUC: 0.77 - [VAL] Loss: 0.5081, Accuracy: 77.97%, AUC: 0.77
Epoch [47/100] - [TRAIN] Loss: 0.5010, Accuracy: 78.52%, AUC: 0.78 - [VAL] Loss: 0.5072, Accuracy: 77.90%, AUC: 0.77
Epoch [48/100] - [TRAIN] Loss: 0.5014, Accuracy: 78.48%, AUC: 0.78 - [VAL] Loss: 0.5067, Accuracy: 78.07%, AUC: 0.77
Epoch [49/100] - [TRAIN] Loss: 0.5023, Accuracy: 78.50%, AUC: 0.78 - [VAL] Loss: 0.5072, Accuracy: 77.90%, AUC: 0.77
Epoch [50/100] - [TRAIN] Loss: 0.5007, Accuracy: 78.63%, AUC: 0.78 - [VAL] Loss: 0.5067, Accuracy: 78.05%, AUC: 0.77
Epoch [51/100] - [TRAIN] Loss: 0.5007, Accuracy: 78.46%, AUC: 0.77 - [VAL] Loss: 0.5071, Accuracy: 77.92%, AUC: 0.77
Epoch [52/100] - [TRAIN] Loss: 0.5004, Accuracy: 78.52%, AUC: 0.78 - [VAL] Loss: 0.5065, Accuracy: 78.05%, AUC: 0.77
Epoch [53/100] - [TRAIN] Loss: 0.5026, Accuracy: 78.42%, AUC: 0.77 - [VAL] Loss: 0.5072, Accuracy: 78.01%, AUC: 0.77
Epoch [54/100] - [TRAIN] Loss: 0.5003, Accuracy: 78.55%, AUC: 0.78 - [VAL] Loss: 0.5065, Accuracy: 77.99%, AUC: 0.77
Epoch [55/100] - [TRAIN] Loss: 0.5003, Accuracy: 78.48%, AUC: 0.78 - [VAL] Loss: 0.5062, Accuracy: 78.12%, AUC: 0.77
Epoch [56/100] - [TRAIN] Loss: 0.5027, Accuracy: 78.44%, AUC: 0.77 - [VAL] Loss: 0.5066, Accuracy: 77.96%, AUC: 0.77
Epoch [57/100] - [TRAIN] Loss: 0.5003, Accuracy: 78.61%, AUC: 0.78 - [VAL] Loss: 0.5064, Accuracy: 77.94%, AUC: 0.77
Epoch [58/100] - [TRAIN] Loss: 0.5016, Accuracy: 78.55%, AUC: 0.78 - [VAL] Loss: 0.5064, Accuracy: 77.93%, AUC: 0.77
Epoch [59/100] - [TRAIN] Loss: 0.5007, Accuracy: 78.50%, AUC: 0.77 - [VAL] Loss: 0.5067, Accuracy: 77.93%, AUC: 0.77
Epoch [60/100] - [TRAIN] Loss: 0.5004, Accuracy: 78.52%, AUC: 0.78 - [VAL] Loss: 0.5066, Accuracy: 77.96%, AUC: 0.77
Epoch [61/100] - [TRAIN] Loss: 0.5013, Accuracy: 78.47%, AUC: 0.77 - [VAL] Loss: 0.5065, Accuracy: 77.92%, AUC: 0.77
Epoch [62/100] - [TRAIN] Loss: 0.4994, Accuracy: 78.55%, AUC: 0.78 - [VAL] Loss: 0.5065, Accuracy: 77.92%, AUC: 0.77
Epoch [63/100] - [TRAIN] Loss: 0.4988, Accuracy: 78.46%, AUC: 0.77 - [VAL] Loss: 0.5063, Accuracy: 77.94%, AUC: 0.77
Epoch [64/100] - [TRAIN] Loss: 0.4991, Accuracy: 78.55%, AUC: 0.78 - [VAL] Loss: 0.5062, Accuracy: 77.97%, AUC: 0.77
Epoch [65/100] - [TRAIN] Loss: 0.5004, Accuracy: 78.46%, AUC: 0.77 - [VAL] Loss: 0.5059, Accuracy: 78.09%, AUC: 0.77
Epoch [66/100] - [TRAIN] Loss: 0.5000, Accuracy: 78.50%, AUC: 0.77 - [VAL] Loss: 0.5060, Accuracy: 78.07%, AUC: 0.77
Epoch [67/100] - [TRAIN] Loss: 0.4996, Accuracy: 78.65%, AUC: 0.78 - [VAL] Loss: 0.5074, Accuracy: 77.90%, AUC: 0.77
Epoch [68/100] - [TRAIN] Loss: 0.4995, Accuracy: 78.50%, AUC: 0.77 - [VAL] Loss: 0.5059, Accuracy: 78.05%, AUC: 0.77
Epoch [69/100] - [TRAIN] Loss: 0.4994, Accuracy: 78.50%, AUC: 0.77 - [VAL] Loss: 0.5062, Accuracy: 77.96%, AUC: 0.77
Epoch [70/100] - [TRAIN] Loss: 0.4991, Accuracy: 78.61%, AUC: 0.78 - [VAL] Loss: 0.5069, Accuracy: 77.85%, AUC: 0.77
Epoch [71/100] - [TRAIN] Loss: 0.4978, Accuracy: 78.65%, AUC: 0.78 - [VAL] Loss: 0.5060, Accuracy: 78.04%, AUC: 0.77
Epoch [72/100] - [TRAIN] Loss: 0.4981, Accuracy: 78.69%, AUC: 0.78 - [VAL] Loss: 0.5061, Accuracy: 77.99%, AUC: 0.77
New best model saved with validation metric: 24.9740
Epoch [73/100] - [TRAIN] Loss: 0.4994, Accuracy: 78.65%, AUC: 0.78 - [VAL] Loss: 0.5056, Accuracy: 78.20%, AUC: 0.77
Epoch [74/100] - [TRAIN] Loss: 0.4984, Accuracy: 78.66%, AUC: 0.78 - [VAL] Loss: 0.5060, Accuracy: 78.05%, AUC: 0.77
Epoch [75/100] - [TRAIN] Loss: 0.4980, Accuracy: 78.69%, AUC: 0.78 - [VAL] Loss: 0.5057, Accuracy: 78.19%, AUC: 0.77
Epoch [76/100] - [TRAIN] Loss: 0.4980, Accuracy: 78.67%, AUC: 0.78 - [VAL] Loss: 0.5066, Accuracy: 77.89%, AUC: 0.77
Epoch [77/100] - [TRAIN] Loss: 0.4977, Accuracy: 78.66%, AUC: 0.78 - [VAL] Loss: 0.5055, Accuracy: 78.19%, AUC: 0.77
Epoch [78/100] - [TRAIN] Loss: 0.4978, Accuracy: 78.63%, AUC: 0.78 - [VAL] Loss: 0.5056, Accuracy: 78.20%, AUC: 0.77
Epoch [79/100] - [TRAIN] Loss: 0.4978, Accuracy: 78.69%, AUC: 0.78 - [VAL] Loss: 0.5072, Accuracy: 77.81%, AUC: 0.77
Epoch [80/100] - [TRAIN] Loss: 0.4962, Accuracy: 78.75%, AUC: 0.78 - [VAL] Loss: 0.5056, Accuracy: 78.16%, AUC: 0.77
Epoch [81/100] - [TRAIN] Loss: 0.4975, Accuracy: 78.75%, AUC: 0.78 - [VAL] Loss: 0.5065, Accuracy: 77.96%, AUC: 0.77
New best model saved with validation metric: 24.9913
Epoch [82/100] - [TRAIN] Loss: 0.4978, Accuracy: 78.54%, AUC: 0.77 - [VAL] Loss: 0.5056, Accuracy: 78.26%, AUC: 0.77
Epoch [83/100] - [TRAIN] Loss: 0.4959, Accuracy: 78.67%, AUC: 0.78 - [VAL] Loss: 0.5060, Accuracy: 78.04%, AUC: 0.77
Epoch [84/100] - [TRAIN] Loss: 0.4984, Accuracy: 78.48%, AUC: 0.77 - [VAL] Loss: 0.5056, Accuracy: 78.18%, AUC: 0.77
Epoch [85/100] - [TRAIN] Loss: 0.4971, Accuracy: 78.65%, AUC: 0.78 - [VAL] Loss: 0.5057, Accuracy: 78.15%, AUC: 0.77
Epoch [86/100] - [TRAIN] Loss: 0.4983, Accuracy: 78.62%, AUC: 0.78 - [VAL] Loss: 0.5055, Accuracy: 78.24%, AUC: 0.77
Epoch [87/100] - [TRAIN] Loss: 0.4965, Accuracy: 78.67%, AUC: 0.78 - [VAL] Loss: 0.5063, Accuracy: 78.01%, AUC: 0.77
Epoch [88/100] - [TRAIN] Loss: 0.4962, Accuracy: 78.73%, AUC: 0.78 - [VAL] Loss: 0.5055, Accuracy: 78.26%, AUC: 0.77
Epoch [89/100] - [TRAIN] Loss: 0.4969, Accuracy: 78.73%, AUC: 0.78 - [VAL] Loss: 0.5061, Accuracy: 77.97%, AUC: 0.77
Epoch [90/100] - [TRAIN] Loss: 0.4961, Accuracy: 78.58%, AUC: 0.77 - [VAL] Loss: 0.5058, Accuracy: 78.18%, AUC: 0.77
Epoch [91/100] - [TRAIN] Loss: 0.4972, Accuracy: 78.71%, AUC: 0.78 - [VAL] Loss: 0.5066, Accuracy: 77.94%, AUC: 0.77
Epoch [92/100] - [TRAIN] Loss: 0.4969, Accuracy: 78.70%, AUC: 0.78 - [VAL] Loss: 0.5062, Accuracy: 77.96%, AUC: 0.77
Epoch [93/100] - [TRAIN] Loss: 0.4962, Accuracy: 78.75%, AUC: 0.78 - [VAL] Loss: 0.5063, Accuracy: 77.96%, AUC: 0.77
Epoch [94/100] - [TRAIN] Loss: 0.4966, Accuracy: 78.74%, AUC: 0.78 - [VAL] Loss: 0.5060, Accuracy: 78.03%, AUC: 0.77
Epoch [95/100] - [TRAIN] Loss: 0.4952, Accuracy: 78.74%, AUC: 0.78 - [VAL] Loss: 0.5055, Accuracy: 78.24%, AUC: 0.77
Epoch [96/100] - [TRAIN] Loss: 0.4952, Accuracy: 78.73%, AUC: 0.78 - [VAL] Loss: 0.5073, Accuracy: 77.94%, AUC: 0.77
Epoch [97/100] - [TRAIN] Loss: 0.4953, Accuracy: 78.65%, AUC: 0.78 - [VAL] Loss: 0.5056, Accuracy: 78.20%, AUC: 0.77
Epoch [98/100] - [TRAIN] Loss: 0.4940, Accuracy: 78.74%, AUC: 0.78 - [VAL] Loss: 0.5077, Accuracy: 77.89%, AUC: 0.77
Epoch [99/100] - [TRAIN] Loss: 0.4942, Accuracy: 78.85%, AUC: 0.78 - [VAL] Loss: 0.5063, Accuracy: 77.94%, AUC: 0.77
Epoch [100/100] - [TRAIN] Loss: 0.4958, Accuracy: 78.71%, AUC: 0.78 - [VAL] Loss: 0.5056, Accuracy: 78.22%, AUC: 0.77
Training finished!
Accuracy Score on test set: 78.53 %
AUC Score on test set: 0.78
Item: H3K9me3-H3K4me3
Train set shape: (7399, 2, 4000) (7399,)
Validation set shape: (7377, 2, 4000) (7377,)
Test set shape: (7378, 2, 4000) (7378,)
New best model saved with validation metric: 19.4242
Epoch [1/100] - [TRAIN] Loss: 0.6635, Accuracy: 58.26%, AUC: 0.55 - [VAL] Loss: 0.6190, Accuracy: 60.82%, AUC: 0.50
New best model saved with validation metric: 24.7662
Epoch [2/100] - [TRAIN] Loss: 0.5956, Accuracy: 62.05%, AUC: 0.52 - [VAL] Loss: 0.5712, Accuracy: 77.55%, AUC: 0.76
New best model saved with validation metric: 24.8009
Epoch [3/100] - [TRAIN] Loss: 0.5564, Accuracy: 77.56%, AUC: 0.76 - [VAL] Loss: 0.5420, Accuracy: 77.66%, AUC: 0.77
Epoch [4/100] - [TRAIN] Loss: 0.5354, Accuracy: 77.97%, AUC: 0.77 - [VAL] Loss: 0.5289, Accuracy: 77.63%, AUC: 0.77
Epoch [5/100] - [TRAIN] Loss: 0.5273, Accuracy: 77.94%, AUC: 0.77 - [VAL] Loss: 0.5242, Accuracy: 77.52%, AUC: 0.77
Epoch [6/100] - [TRAIN] Loss: 0.5211, Accuracy: 77.86%, AUC: 0.77 - [VAL] Loss: 0.5212, Accuracy: 77.65%, AUC: 0.77
Epoch [7/100] - [TRAIN] Loss: 0.5197, Accuracy: 77.82%, AUC: 0.77 - [VAL] Loss: 0.5205, Accuracy: 77.35%, AUC: 0.77
New best model saved with validation metric: 24.8095
Epoch [8/100] - [TRAIN] Loss: 0.5176, Accuracy: 77.79%, AUC: 0.77 - [VAL] Loss: 0.5180, Accuracy: 77.69%, AUC: 0.77
Epoch [9/100] - [TRAIN] Loss: 0.5156, Accuracy: 77.94%, AUC: 0.77 - [VAL] Loss: 0.5174, Accuracy: 77.50%, AUC: 0.77
Epoch [10/100] - [TRAIN] Loss: 0.5166, Accuracy: 77.82%, AUC: 0.77 - [VAL] Loss: 0.5164, Accuracy: 77.55%, AUC: 0.77
New best model saved with validation metric: 24.8268
Epoch [11/100] - [TRAIN] Loss: 0.5140, Accuracy: 77.88%, AUC: 0.77 - [VAL] Loss: 0.5149, Accuracy: 77.74%, AUC: 0.77
Epoch [12/100] - [TRAIN] Loss: 0.5137, Accuracy: 78.11%, AUC: 0.77 - [VAL] Loss: 0.5143, Accuracy: 77.71%, AUC: 0.77
Epoch [13/100] - [TRAIN] Loss: 0.5119, Accuracy: 77.96%, AUC: 0.77 - [VAL] Loss: 0.5142, Accuracy: 77.66%, AUC: 0.77
Epoch [14/100] - [TRAIN] Loss: 0.5111, Accuracy: 78.09%, AUC: 0.77 - [VAL] Loss: 0.5132, Accuracy: 77.66%, AUC: 0.77
Epoch [15/100] - [TRAIN] Loss: 0.5113, Accuracy: 78.06%, AUC: 0.77 - [VAL] Loss: 0.5125, Accuracy: 77.74%, AUC: 0.77
Epoch [16/100] - [TRAIN] Loss: 0.5098, Accuracy: 78.12%, AUC: 0.77 - [VAL] Loss: 0.5119, Accuracy: 77.71%, AUC: 0.77
Epoch [17/100] - [TRAIN] Loss: 0.5107, Accuracy: 78.12%, AUC: 0.77 - [VAL] Loss: 0.5132, Accuracy: 77.63%, AUC: 0.77
Epoch [18/100] - [TRAIN] Loss: 0.5087, Accuracy: 78.13%, AUC: 0.77 - [VAL] Loss: 0.5110, Accuracy: 77.70%, AUC: 0.77
Epoch [19/100] - [TRAIN] Loss: 0.5085, Accuracy: 78.28%, AUC: 0.78 - [VAL] Loss: 0.5117, Accuracy: 77.70%, AUC: 0.77
Epoch [20/100] - [TRAIN] Loss: 0.5077, Accuracy: 78.11%, AUC: 0.77 - [VAL] Loss: 0.5105, Accuracy: 77.74%, AUC: 0.77
New best model saved with validation metric: 24.8658
Epoch [21/100] - [TRAIN] Loss: 0.5070, Accuracy: 78.11%, AUC: 0.77 - [VAL] Loss: 0.5101, Accuracy: 77.86%, AUC: 0.77
Epoch [22/100] - [TRAIN] Loss: 0.5072, Accuracy: 78.12%, AUC: 0.77 - [VAL] Loss: 0.5097, Accuracy: 77.86%, AUC: 0.77
Epoch [23/100] - [TRAIN] Loss: 0.5083, Accuracy: 78.24%, AUC: 0.77 - [VAL] Loss: 0.5094, Accuracy: 77.84%, AUC: 0.77
New best model saved with validation metric: 24.8788
Epoch [24/100] - [TRAIN] Loss: 0.5072, Accuracy: 78.21%, AUC: 0.77 - [VAL] Loss: 0.5091, Accuracy: 77.90%, AUC: 0.77
Epoch [25/100] - [TRAIN] Loss: 0.5061, Accuracy: 78.29%, AUC: 0.77 - [VAL] Loss: 0.5089, Accuracy: 77.86%, AUC: 0.77
Epoch [26/100] - [TRAIN] Loss: 0.5057, Accuracy: 78.20%, AUC: 0.77 - [VAL] Loss: 0.5087, Accuracy: 77.90%, AUC: 0.77
New best model saved with validation metric: 24.9004
Epoch [27/100] - [TRAIN] Loss: 0.5064, Accuracy: 78.21%, AUC: 0.77 - [VAL] Loss: 0.5083, Accuracy: 77.97%, AUC: 0.77
New best model saved with validation metric: 24.9177
Epoch [28/100] - [TRAIN] Loss: 0.5051, Accuracy: 78.29%, AUC: 0.77 - [VAL] Loss: 0.5082, Accuracy: 78.03%, AUC: 0.77
Epoch [29/100] - [TRAIN] Loss: 0.5049, Accuracy: 78.38%, AUC: 0.78 - [VAL] Loss: 0.5083, Accuracy: 77.92%, AUC: 0.77
Epoch [30/100] - [TRAIN] Loss: 0.5051, Accuracy: 78.33%, AUC: 0.77 - [VAL] Loss: 0.5078, Accuracy: 77.96%, AUC: 0.77
Epoch [31/100] - [TRAIN] Loss: 0.5044, Accuracy: 78.43%, AUC: 0.78 - [VAL] Loss: 0.5082, Accuracy: 77.96%, AUC: 0.77
Epoch [32/100] - [TRAIN] Loss: 0.5055, Accuracy: 78.47%, AUC: 0.78 - [VAL] Loss: 0.5075, Accuracy: 77.96%, AUC: 0.77
New best model saved with validation metric: 24.9351
Epoch [33/100] - [TRAIN] Loss: 0.5039, Accuracy: 78.36%, AUC: 0.77 - [VAL] Loss: 0.5074, Accuracy: 78.08%, AUC: 0.77
Epoch [34/100] - [TRAIN] Loss: 0.5035, Accuracy: 78.38%, AUC: 0.77 - [VAL] Loss: 0.5071, Accuracy: 77.97%, AUC: 0.77
Epoch [35/100] - [TRAIN] Loss: 0.5032, Accuracy: 78.33%, AUC: 0.77 - [VAL] Loss: 0.5074, Accuracy: 78.00%, AUC: 0.77
Epoch [36/100] - [TRAIN] Loss: 0.5031, Accuracy: 78.40%, AUC: 0.77 - [VAL] Loss: 0.5067, Accuracy: 78.00%, AUC: 0.77
Epoch [37/100] - [TRAIN] Loss: 0.5034, Accuracy: 78.42%, AUC: 0.77 - [VAL] Loss: 0.5068, Accuracy: 77.96%, AUC: 0.77
New best model saved with validation metric: 24.9394
Epoch [38/100] - [TRAIN] Loss: 0.5013, Accuracy: 78.35%, AUC: 0.77 - [VAL] Loss: 0.5065, Accuracy: 78.09%, AUC: 0.77
Epoch [39/100] - [TRAIN] Loss: 0.5021, Accuracy: 78.36%, AUC: 0.77 - [VAL] Loss: 0.5066, Accuracy: 77.93%, AUC: 0.77
Epoch [40/100] - [TRAIN] Loss: 0.5024, Accuracy: 78.43%, AUC: 0.77 - [VAL] Loss: 0.5065, Accuracy: 78.00%, AUC: 0.77
Epoch [41/100] - [TRAIN] Loss: 0.5003, Accuracy: 78.56%, AUC: 0.78 - [VAL] Loss: 0.5067, Accuracy: 77.93%, AUC: 0.77
Epoch [42/100] - [TRAIN] Loss: 0.5014, Accuracy: 78.51%, AUC: 0.78 - [VAL] Loss: 0.5061, Accuracy: 78.07%, AUC: 0.77
Epoch [43/100] - [TRAIN] Loss: 0.5009, Accuracy: 78.51%, AUC: 0.78 - [VAL] Loss: 0.5067, Accuracy: 77.99%, AUC: 0.77
Epoch [44/100] - [TRAIN] Loss: 0.5013, Accuracy: 78.61%, AUC: 0.78 - [VAL] Loss: 0.5070, Accuracy: 77.99%, AUC: 0.77
Epoch [45/100] - [TRAIN] Loss: 0.5002, Accuracy: 78.58%, AUC: 0.78 - [VAL] Loss: 0.5062, Accuracy: 77.93%, AUC: 0.77
New best model saved with validation metric: 24.9437
Epoch [46/100] - [TRAIN] Loss: 0.5011, Accuracy: 78.50%, AUC: 0.78 - [VAL] Loss: 0.5058, Accuracy: 78.11%, AUC: 0.77
Epoch [47/100] - [TRAIN] Loss: 0.4989, Accuracy: 78.56%, AUC: 0.78 - [VAL] Loss: 0.5057, Accuracy: 78.09%, AUC: 0.77
Epoch [48/100] - [TRAIN] Loss: 0.5013, Accuracy: 78.44%, AUC: 0.77 - [VAL] Loss: 0.5067, Accuracy: 77.92%, AUC: 0.77
Epoch [49/100] - [TRAIN] Loss: 0.5006, Accuracy: 78.51%, AUC: 0.78 - [VAL] Loss: 0.5057, Accuracy: 78.05%, AUC: 0.77
Epoch [50/100] - [TRAIN] Loss: 0.5000, Accuracy: 78.52%, AUC: 0.77 - [VAL] Loss: 0.5057, Accuracy: 78.05%, AUC: 0.77
Epoch [51/100] - [TRAIN] Loss: 0.4998, Accuracy: 78.52%, AUC: 0.77 - [VAL] Loss: 0.5065, Accuracy: 77.93%, AUC: 0.77
Epoch [52/100] - [TRAIN] Loss: 0.4991, Accuracy: 78.59%, AUC: 0.78 - [VAL] Loss: 0.5080, Accuracy: 77.99%, AUC: 0.77
Epoch [53/100] - [TRAIN] Loss: 0.4991, Accuracy: 78.44%, AUC: 0.77 - [VAL] Loss: 0.5066, Accuracy: 77.92%, AUC: 0.77
Epoch [54/100] - [TRAIN] Loss: 0.4987, Accuracy: 78.63%, AUC: 0.78 - [VAL] Loss: 0.5061, Accuracy: 77.94%, AUC: 0.77
Epoch [55/100] - [TRAIN] Loss: 0.4993, Accuracy: 78.48%, AUC: 0.77 - [VAL] Loss: 0.5063, Accuracy: 77.92%, AUC: 0.77
Epoch [56/100] - [TRAIN] Loss: 0.4981, Accuracy: 78.46%, AUC: 0.77 - [VAL] Loss: 0.5054, Accuracy: 78.04%, AUC: 0.77
Epoch [57/100] - [TRAIN] Loss: 0.4983, Accuracy: 78.56%, AUC: 0.78 - [VAL] Loss: 0.5055, Accuracy: 78.01%, AUC: 0.77
New best model saved with validation metric: 24.9870
Epoch [58/100] - [TRAIN] Loss: 0.4981, Accuracy: 78.59%, AUC: 0.78 - [VAL] Loss: 0.5052, Accuracy: 78.24%, AUC: 0.77
Epoch [59/100] - [TRAIN] Loss: 0.4978, Accuracy: 78.43%, AUC: 0.77 - [VAL] Loss: 0.5055, Accuracy: 78.08%, AUC: 0.77
Epoch [60/100] - [TRAIN] Loss: 0.4991, Accuracy: 78.61%, AUC: 0.78 - [VAL] Loss: 0.5056, Accuracy: 78.00%, AUC: 0.77
Epoch [61/100] - [TRAIN] Loss: 0.4987, Accuracy: 78.46%, AUC: 0.77 - [VAL] Loss: 0.5052, Accuracy: 78.22%, AUC: 0.77
Epoch [62/100] - [TRAIN] Loss: 0.4970, Accuracy: 78.71%, AUC: 0.78 - [VAL] Loss: 0.5081, Accuracy: 77.92%, AUC: 0.77
Epoch [63/100] - [TRAIN] Loss: 0.4972, Accuracy: 78.55%, AUC: 0.78 - [VAL] Loss: 0.5056, Accuracy: 78.03%, AUC: 0.77
Epoch [64/100] - [TRAIN] Loss: 0.4978, Accuracy: 78.73%, AUC: 0.78 - [VAL] Loss: 0.5056, Accuracy: 78.00%, AUC: 0.77
Epoch [65/100] - [TRAIN] Loss: 0.4992, Accuracy: 78.63%, AUC: 0.78 - [VAL] Loss: 0.5053, Accuracy: 78.13%, AUC: 0.77
Epoch [66/100] - [TRAIN] Loss: 0.4990, Accuracy: 78.62%, AUC: 0.78 - [VAL] Loss: 0.5060, Accuracy: 78.04%, AUC: 0.77
Epoch [67/100] - [TRAIN] Loss: 0.4976, Accuracy: 78.71%, AUC: 0.78 - [VAL] Loss: 0.5051, Accuracy: 78.22%, AUC: 0.77
Epoch [68/100] - [TRAIN] Loss: 0.4964, Accuracy: 78.44%, AUC: 0.77 - [VAL] Loss: 0.5051, Accuracy: 78.23%, AUC: 0.77
New best model saved with validation metric: 24.9913
Epoch [69/100] - [TRAIN] Loss: 0.4962, Accuracy: 78.74%, AUC: 0.78 - [VAL] Loss: 0.5052, Accuracy: 78.26%, AUC: 0.77
Epoch [70/100] - [TRAIN] Loss: 0.4969, Accuracy: 78.66%, AUC: 0.78 - [VAL] Loss: 0.5059, Accuracy: 77.97%, AUC: 0.77
Epoch [71/100] - [TRAIN] Loss: 0.4959, Accuracy: 78.54%, AUC: 0.77 - [VAL] Loss: 0.5057, Accuracy: 78.05%, AUC: 0.77
Epoch [72/100] - [TRAIN] Loss: 0.4958, Accuracy: 78.62%, AUC: 0.78 - [VAL] Loss: 0.5053, Accuracy: 78.18%, AUC: 0.77
New best model saved with validation metric: 24.9957
Epoch [73/100] - [TRAIN] Loss: 0.4965, Accuracy: 78.67%, AUC: 0.78 - [VAL] Loss: 0.5053, Accuracy: 78.27%, AUC: 0.77
Epoch [74/100] - [TRAIN] Loss: 0.4971, Accuracy: 78.61%, AUC: 0.78 - [VAL] Loss: 0.5056, Accuracy: 78.04%, AUC: 0.77
Epoch [75/100] - [TRAIN] Loss: 0.4955, Accuracy: 78.62%, AUC: 0.78 - [VAL] Loss: 0.5057, Accuracy: 78.01%, AUC: 0.77
New best model saved with validation metric: 25.0043
Epoch [76/100] - [TRAIN] Loss: 0.4968, Accuracy: 78.63%, AUC: 0.78 - [VAL] Loss: 0.5051, Accuracy: 78.30%, AUC: 0.77
Epoch [77/100] - [TRAIN] Loss: 0.4965, Accuracy: 78.83%, AUC: 0.78 - [VAL] Loss: 0.5052, Accuracy: 78.22%, AUC: 0.77
Epoch [78/100] - [TRAIN] Loss: 0.4948, Accuracy: 78.74%, AUC: 0.78 - [VAL] Loss: 0.5057, Accuracy: 78.00%, AUC: 0.77
New best model saved with validation metric: 25.0087
Epoch [79/100] - [TRAIN] Loss: 0.4954, Accuracy: 78.81%, AUC: 0.78 - [VAL] Loss: 0.5054, Accuracy: 78.31%, AUC: 0.77
Epoch [80/100] - [TRAIN] Loss: 0.4937, Accuracy: 78.75%, AUC: 0.78 - [VAL] Loss: 0.5057, Accuracy: 78.11%, AUC: 0.77
Epoch [81/100] - [TRAIN] Loss: 0.4962, Accuracy: 78.58%, AUC: 0.77 - [VAL] Loss: 0.5083, Accuracy: 77.86%, AUC: 0.77
Epoch [82/100] - [TRAIN] Loss: 0.4946, Accuracy: 78.69%, AUC: 0.78 - [VAL] Loss: 0.5054, Accuracy: 78.30%, AUC: 0.77
Epoch [83/100] - [TRAIN] Loss: 0.4945, Accuracy: 78.65%, AUC: 0.78 - [VAL] Loss: 0.5053, Accuracy: 78.20%, AUC: 0.77
Epoch [84/100] - [TRAIN] Loss: 0.4942, Accuracy: 78.73%, AUC: 0.78 - [VAL] Loss: 0.5059, Accuracy: 78.07%, AUC: 0.77
Epoch [85/100] - [TRAIN] Loss: 0.4940, Accuracy: 78.65%, AUC: 0.78 - [VAL] Loss: 0.5059, Accuracy: 78.08%, AUC: 0.77
Epoch [86/100] - [TRAIN] Loss: 0.4936, Accuracy: 78.69%, AUC: 0.78 - [VAL] Loss: 0.5057, Accuracy: 78.22%, AUC: 0.77
Epoch [87/100] - [TRAIN] Loss: 0.4947, Accuracy: 78.73%, AUC: 0.78 - [VAL] Loss: 0.5064, Accuracy: 77.92%, AUC: 0.77
Epoch [88/100] - [TRAIN] Loss: 0.4950, Accuracy: 78.67%, AUC: 0.78 - [VAL] Loss: 0.5066, Accuracy: 77.94%, AUC: 0.77
Epoch [89/100] - [TRAIN] Loss: 0.4936, Accuracy: 78.66%, AUC: 0.78 - [VAL] Loss: 0.5063, Accuracy: 77.92%, AUC: 0.77
Epoch [90/100] - [TRAIN] Loss: 0.4928, Accuracy: 78.73%, AUC: 0.78 - [VAL] Loss: 0.5061, Accuracy: 78.08%, AUC: 0.77
Epoch [91/100] - [TRAIN] Loss: 0.4927, Accuracy: 78.70%, AUC: 0.78 - [VAL] Loss: 0.5054, Accuracy: 78.24%, AUC: 0.77
Epoch [92/100] - [TRAIN] Loss: 0.4929, Accuracy: 78.69%, AUC: 0.78 - [VAL] Loss: 0.5056, Accuracy: 78.20%, AUC: 0.77
Epoch [93/100] - [TRAIN] Loss: 0.4932, Accuracy: 78.74%, AUC: 0.78 - [VAL] Loss: 0.5063, Accuracy: 78.03%, AUC: 0.77
Epoch [94/100] - [TRAIN] Loss: 0.4920, Accuracy: 78.89%, AUC: 0.78 - [VAL] Loss: 0.5059, Accuracy: 78.19%, AUC: 0.77
New best model saved with validation metric: 25.0173
Epoch [95/100] - [TRAIN] Loss: 0.4935, Accuracy: 78.78%, AUC: 0.78 - [VAL] Loss: 0.5055, Accuracy: 78.34%, AUC: 0.77
Epoch [96/100] - [TRAIN] Loss: 0.4935, Accuracy: 78.82%, AUC: 0.78 - [VAL] Loss: 0.5055, Accuracy: 78.24%, AUC: 0.77
Epoch [97/100] - [TRAIN] Loss: 0.4913, Accuracy: 78.85%, AUC: 0.78 - [VAL] Loss: 0.5058, Accuracy: 78.15%, AUC: 0.77
Epoch [98/100] - [TRAIN] Loss: 0.4924, Accuracy: 78.86%, AUC: 0.78 - [VAL] Loss: 0.5056, Accuracy: 78.23%, AUC: 0.77
Epoch [99/100] - [TRAIN] Loss: 0.4915, Accuracy: 78.73%, AUC: 0.78 - [VAL] Loss: 0.5063, Accuracy: 78.15%, AUC: 0.77
Epoch [100/100] - [TRAIN] Loss: 0.4925, Accuracy: 78.85%, AUC: 0.78 - [VAL] Loss: 0.5057, Accuracy: 78.23%, AUC: 0.77
Training finished!
Accuracy Score on test set: 78.63 %
AUC Score on test set: 0.78
Item: H3K4me3-H3K27ac
Train set shape: (7399, 2, 4000) (7399,)
Validation set shape: (7377, 2, 4000) (7377,)
Test set shape: (7378, 2, 4000) (7378,)
New best model saved with validation metric: 19.4242
Epoch [1/100] - [TRAIN] Loss: 0.6492, Accuracy: 62.20%, AUC: 0.55 - [VAL] Loss: 0.6074, Accuracy: 60.82%, AUC: 0.50
Epoch [2/100] - [TRAIN] Loss: 0.5883, Accuracy: 60.82%, AUC: 0.50 - [VAL] Loss: 0.5685, Accuracy: 60.82%, AUC: 0.50
New best model saved with validation metric: 25.0216
Epoch [3/100] - [TRAIN] Loss: 0.5580, Accuracy: 71.01%, AUC: 0.65 - [VAL] Loss: 0.5440, Accuracy: 78.35%, AUC: 0.77
New best model saved with validation metric: 25.0779
Epoch [4/100] - [TRAIN] Loss: 0.5407, Accuracy: 78.40%, AUC: 0.77 - [VAL] Loss: 0.5325, Accuracy: 78.53%, AUC: 0.78
Epoch [5/100] - [TRAIN] Loss: 0.5324, Accuracy: 78.63%, AUC: 0.78 - [VAL] Loss: 0.5273, Accuracy: 78.15%, AUC: 0.78
Epoch [6/100] - [TRAIN] Loss: 0.5276, Accuracy: 78.40%, AUC: 0.78 - [VAL] Loss: 0.5238, Accuracy: 77.96%, AUC: 0.78
Epoch [7/100] - [TRAIN] Loss: 0.5244, Accuracy: 78.42%, AUC: 0.78 - [VAL] Loss: 0.5204, Accuracy: 78.03%, AUC: 0.78
Epoch [8/100] - [TRAIN] Loss: 0.5209, Accuracy: 78.21%, AUC: 0.78 - [VAL] Loss: 0.5188, Accuracy: 77.66%, AUC: 0.78
Epoch [9/100] - [TRAIN] Loss: 0.5184, Accuracy: 78.15%, AUC: 0.78 - [VAL] Loss: 0.5160, Accuracy: 77.99%, AUC: 0.78
Epoch [10/100] - [TRAIN] Loss: 0.5156, Accuracy: 78.21%, AUC: 0.78 - [VAL] Loss: 0.5144, Accuracy: 77.86%, AUC: 0.78
Epoch [11/100] - [TRAIN] Loss: 0.5138, Accuracy: 78.20%, AUC: 0.78 - [VAL] Loss: 0.5129, Accuracy: 77.88%, AUC: 0.78
Epoch [12/100] - [TRAIN] Loss: 0.5119, Accuracy: 78.28%, AUC: 0.78 - [VAL] Loss: 0.5116, Accuracy: 77.89%, AUC: 0.78
Epoch [13/100] - [TRAIN] Loss: 0.5104, Accuracy: 78.32%, AUC: 0.78 - [VAL] Loss: 0.5106, Accuracy: 77.85%, AUC: 0.78
Epoch [14/100] - [TRAIN] Loss: 0.5088, Accuracy: 78.23%, AUC: 0.78 - [VAL] Loss: 0.5096, Accuracy: 77.90%, AUC: 0.78
Epoch [15/100] - [TRAIN] Loss: 0.5090, Accuracy: 78.35%, AUC: 0.78 - [VAL] Loss: 0.5094, Accuracy: 77.78%, AUC: 0.78
Epoch [16/100] - [TRAIN] Loss: 0.5083, Accuracy: 78.39%, AUC: 0.78 - [VAL] Loss: 0.5079, Accuracy: 78.05%, AUC: 0.78
Epoch [17/100] - [TRAIN] Loss: 0.5057, Accuracy: 78.40%, AUC: 0.78 - [VAL] Loss: 0.5074, Accuracy: 78.05%, AUC: 0.78
Epoch [18/100] - [TRAIN] Loss: 0.5051, Accuracy: 78.35%, AUC: 0.78 - [VAL] Loss: 0.5065, Accuracy: 78.18%, AUC: 0.78
Epoch [19/100] - [TRAIN] Loss: 0.5047, Accuracy: 78.46%, AUC: 0.78 - [VAL] Loss: 0.5062, Accuracy: 78.13%, AUC: 0.78
Epoch [20/100] - [TRAIN] Loss: 0.5034, Accuracy: 78.38%, AUC: 0.78 - [VAL] Loss: 0.5061, Accuracy: 78.05%, AUC: 0.78
Epoch [21/100] - [TRAIN] Loss: 0.5036, Accuracy: 78.44%, AUC: 0.78 - [VAL] Loss: 0.5060, Accuracy: 78.05%, AUC: 0.78
Epoch [22/100] - [TRAIN] Loss: 0.5023, Accuracy: 78.52%, AUC: 0.78 - [VAL] Loss: 0.5051, Accuracy: 78.09%, AUC: 0.78
Epoch [23/100] - [TRAIN] Loss: 0.5020, Accuracy: 78.44%, AUC: 0.78 - [VAL] Loss: 0.5039, Accuracy: 78.35%, AUC: 0.78
Epoch [24/100] - [TRAIN] Loss: 0.5010, Accuracy: 78.44%, AUC: 0.78 - [VAL] Loss: 0.5044, Accuracy: 78.23%, AUC: 0.78
Epoch [25/100] - [TRAIN] Loss: 0.5004, Accuracy: 78.42%, AUC: 0.78 - [VAL] Loss: 0.5044, Accuracy: 78.19%, AUC: 0.78
Epoch [26/100] - [TRAIN] Loss: 0.4999, Accuracy: 78.50%, AUC: 0.78 - [VAL] Loss: 0.5031, Accuracy: 78.30%, AUC: 0.78
Epoch [27/100] - [TRAIN] Loss: 0.5005, Accuracy: 78.66%, AUC: 0.78 - [VAL] Loss: 0.5033, Accuracy: 78.30%, AUC: 0.78
Epoch [28/100] - [TRAIN] Loss: 0.4988, Accuracy: 78.50%, AUC: 0.78 - [VAL] Loss: 0.5040, Accuracy: 78.23%, AUC: 0.78
Epoch [29/100] - [TRAIN] Loss: 0.4995, Accuracy: 78.56%, AUC: 0.78 - [VAL] Loss: 0.5025, Accuracy: 78.37%, AUC: 0.78
Epoch [30/100] - [TRAIN] Loss: 0.4977, Accuracy: 78.81%, AUC: 0.78 - [VAL] Loss: 0.5021, Accuracy: 78.34%, AUC: 0.78
Epoch [31/100] - [TRAIN] Loss: 0.4971, Accuracy: 78.55%, AUC: 0.78 - [VAL] Loss: 0.5012, Accuracy: 78.34%, AUC: 0.78
Epoch [32/100] - [TRAIN] Loss: 0.4974, Accuracy: 78.79%, AUC: 0.78 - [VAL] Loss: 0.5011, Accuracy: 78.32%, AUC: 0.78
Epoch [33/100] - [TRAIN] Loss: 0.4972, Accuracy: 78.69%, AUC: 0.78 - [VAL] Loss: 0.5006, Accuracy: 78.34%, AUC: 0.78
Epoch [34/100] - [TRAIN] Loss: 0.4954, Accuracy: 78.69%, AUC: 0.78 - [VAL] Loss: 0.5008, Accuracy: 78.39%, AUC: 0.78
Epoch [35/100] - [TRAIN] Loss: 0.4954, Accuracy: 78.71%, AUC: 0.78 - [VAL] Loss: 0.5001, Accuracy: 78.34%, AUC: 0.78
Epoch [36/100] - [TRAIN] Loss: 0.4959, Accuracy: 78.81%, AUC: 0.78 - [VAL] Loss: 0.5011, Accuracy: 78.28%, AUC: 0.78
Epoch [37/100] - [TRAIN] Loss: 0.4944, Accuracy: 78.73%, AUC: 0.78 - [VAL] Loss: 0.4994, Accuracy: 78.32%, AUC: 0.78
Epoch [38/100] - [TRAIN] Loss: 0.4951, Accuracy: 78.81%, AUC: 0.78 - [VAL] Loss: 0.5007, Accuracy: 78.31%, AUC: 0.78
Epoch [39/100] - [TRAIN] Loss: 0.4940, Accuracy: 78.71%, AUC: 0.78 - [VAL] Loss: 0.4991, Accuracy: 78.35%, AUC: 0.78
Epoch [40/100] - [TRAIN] Loss: 0.4941, Accuracy: 78.74%, AUC: 0.78 - [VAL] Loss: 0.4988, Accuracy: 78.42%, AUC: 0.78
Epoch [41/100] - [TRAIN] Loss: 0.4929, Accuracy: 78.83%, AUC: 0.78 - [VAL] Loss: 0.4992, Accuracy: 78.26%, AUC: 0.78
Epoch [42/100] - [TRAIN] Loss: 0.4922, Accuracy: 78.88%, AUC: 0.78 - [VAL] Loss: 0.4997, Accuracy: 78.32%, AUC: 0.78
Epoch [43/100] - [TRAIN] Loss: 0.4919, Accuracy: 78.81%, AUC: 0.78 - [VAL] Loss: 0.4988, Accuracy: 78.31%, AUC: 0.78
Epoch [44/100] - [TRAIN] Loss: 0.4910, Accuracy: 78.78%, AUC: 0.78 - [VAL] Loss: 0.4986, Accuracy: 78.27%, AUC: 0.78
Epoch [45/100] - [TRAIN] Loss: 0.4906, Accuracy: 78.88%, AUC: 0.78 - [VAL] Loss: 0.4995, Accuracy: 78.28%, AUC: 0.78
Epoch [46/100] - [TRAIN] Loss: 0.4901, Accuracy: 78.85%, AUC: 0.78 - [VAL] Loss: 0.5001, Accuracy: 78.19%, AUC: 0.78
New best model saved with validation metric: 25.0823
Epoch [47/100] - [TRAIN] Loss: 0.4909, Accuracy: 78.92%, AUC: 0.78 - [VAL] Loss: 0.4975, Accuracy: 78.54%, AUC: 0.78
Epoch [48/100] - [TRAIN] Loss: 0.4893, Accuracy: 78.85%, AUC: 0.78 - [VAL] Loss: 0.4998, Accuracy: 78.19%, AUC: 0.78
Epoch [49/100] - [TRAIN] Loss: 0.4895, Accuracy: 78.82%, AUC: 0.78 - [VAL] Loss: 0.4974, Accuracy: 78.47%, AUC: 0.78
Epoch [50/100] - [TRAIN] Loss: 0.4886, Accuracy: 78.93%, AUC: 0.78 - [VAL] Loss: 0.4974, Accuracy: 78.53%, AUC: 0.78
Epoch [51/100] - [TRAIN] Loss: 0.4878, Accuracy: 78.93%, AUC: 0.78 - [VAL] Loss: 0.4978, Accuracy: 78.32%, AUC: 0.78
Epoch [52/100] - [TRAIN] Loss: 0.4892, Accuracy: 78.90%, AUC: 0.78 - [VAL] Loss: 0.4973, Accuracy: 78.42%, AUC: 0.78
Epoch [53/100] - [TRAIN] Loss: 0.4884, Accuracy: 78.96%, AUC: 0.78 - [VAL] Loss: 0.4969, Accuracy: 78.53%, AUC: 0.78
Epoch [54/100] - [TRAIN] Loss: 0.4872, Accuracy: 78.98%, AUC: 0.78 - [VAL] Loss: 0.4973, Accuracy: 78.35%, AUC: 0.78
New best model saved with validation metric: 25.0909
Epoch [55/100] - [TRAIN] Loss: 0.4883, Accuracy: 79.02%, AUC: 0.78 - [VAL] Loss: 0.4967, Accuracy: 78.57%, AUC: 0.78
New best model saved with validation metric: 25.0952
Epoch [56/100] - [TRAIN] Loss: 0.4860, Accuracy: 79.02%, AUC: 0.78 - [VAL] Loss: 0.4965, Accuracy: 78.58%, AUC: 0.78
Epoch [57/100] - [TRAIN] Loss: 0.4856, Accuracy: 79.02%, AUC: 0.78 - [VAL] Loss: 0.4977, Accuracy: 78.37%, AUC: 0.78
Epoch [58/100] - [TRAIN] Loss: 0.4860, Accuracy: 78.98%, AUC: 0.78 - [VAL] Loss: 0.4984, Accuracy: 78.41%, AUC: 0.78
Epoch [59/100] - [TRAIN] Loss: 0.4849, Accuracy: 79.16%, AUC: 0.78 - [VAL] Loss: 0.4973, Accuracy: 78.39%, AUC: 0.78
Epoch [60/100] - [TRAIN] Loss: 0.4863, Accuracy: 79.12%, AUC: 0.78 - [VAL] Loss: 0.4971, Accuracy: 78.42%, AUC: 0.78
Epoch [61/100] - [TRAIN] Loss: 0.4851, Accuracy: 79.01%, AUC: 0.78 - [VAL] Loss: 0.4963, Accuracy: 78.55%, AUC: 0.78
Epoch [62/100] - [TRAIN] Loss: 0.4844, Accuracy: 79.19%, AUC: 0.78 - [VAL] Loss: 0.4992, Accuracy: 78.32%, AUC: 0.78
New best model saved with validation metric: 25.1126
Epoch [63/100] - [TRAIN] Loss: 0.4850, Accuracy: 79.13%, AUC: 0.78 - [VAL] Loss: 0.4959, Accuracy: 78.64%, AUC: 0.78
Epoch [64/100] - [TRAIN] Loss: 0.4830, Accuracy: 79.35%, AUC: 0.79 - [VAL] Loss: 0.4975, Accuracy: 78.46%, AUC: 0.78
Epoch [65/100] - [TRAIN] Loss: 0.4842, Accuracy: 79.05%, AUC: 0.78 - [VAL] Loss: 0.4959, Accuracy: 78.61%, AUC: 0.78
Epoch [66/100] - [TRAIN] Loss: 0.4831, Accuracy: 79.16%, AUC: 0.78 - [VAL] Loss: 0.4969, Accuracy: 78.54%, AUC: 0.78
Epoch [67/100] - [TRAIN] Loss: 0.4836, Accuracy: 79.25%, AUC: 0.79 - [VAL] Loss: 0.4966, Accuracy: 78.51%, AUC: 0.78
Epoch [68/100] - [TRAIN] Loss: 0.4837, Accuracy: 79.38%, AUC: 0.79 - [VAL] Loss: 0.4975, Accuracy: 78.47%, AUC: 0.78
Epoch [69/100] - [TRAIN] Loss: 0.4835, Accuracy: 79.31%, AUC: 0.79 - [VAL] Loss: 0.4960, Accuracy: 78.54%, AUC: 0.78
Epoch [70/100] - [TRAIN] Loss: 0.4819, Accuracy: 79.35%, AUC: 0.79 - [VAL] Loss: 0.4970, Accuracy: 78.60%, AUC: 0.78
Epoch [71/100] - [TRAIN] Loss: 0.4820, Accuracy: 79.32%, AUC: 0.79 - [VAL] Loss: 0.4970, Accuracy: 78.58%, AUC: 0.78
Epoch [72/100] - [TRAIN] Loss: 0.4805, Accuracy: 79.31%, AUC: 0.79 - [VAL] Loss: 0.4971, Accuracy: 78.60%, AUC: 0.78
Epoch [73/100] - [TRAIN] Loss: 0.4836, Accuracy: 79.16%, AUC: 0.78 - [VAL] Loss: 0.4958, Accuracy: 78.61%, AUC: 0.78
Epoch [74/100] - [TRAIN] Loss: 0.4826, Accuracy: 79.42%, AUC: 0.79 - [VAL] Loss: 0.4961, Accuracy: 78.51%, AUC: 0.78
New best model saved with validation metric: 25.1169
Epoch [75/100] - [TRAIN] Loss: 0.4809, Accuracy: 79.52%, AUC: 0.79 - [VAL] Loss: 0.4960, Accuracy: 78.65%, AUC: 0.78
Epoch [76/100] - [TRAIN] Loss: 0.4800, Accuracy: 79.24%, AUC: 0.78 - [VAL] Loss: 0.4989, Accuracy: 78.46%, AUC: 0.78
Epoch [77/100] - [TRAIN] Loss: 0.4815, Accuracy: 79.34%, AUC: 0.79 - [VAL] Loss: 0.4966, Accuracy: 78.54%, AUC: 0.78
Epoch [78/100] - [TRAIN] Loss: 0.4814, Accuracy: 79.29%, AUC: 0.78 - [VAL] Loss: 0.4962, Accuracy: 78.53%, AUC: 0.78
Epoch [79/100] - [TRAIN] Loss: 0.4818, Accuracy: 79.25%, AUC: 0.78 - [VAL] Loss: 0.4972, Accuracy: 78.51%, AUC: 0.78
Epoch [80/100] - [TRAIN] Loss: 0.4800, Accuracy: 79.35%, AUC: 0.79 - [VAL] Loss: 0.4959, Accuracy: 78.64%, AUC: 0.78
New best model saved with validation metric: 25.1255
Epoch [81/100] - [TRAIN] Loss: 0.4796, Accuracy: 79.50%, AUC: 0.79 - [VAL] Loss: 0.4964, Accuracy: 78.68%, AUC: 0.78
New best model saved with validation metric: 25.1342
Epoch [82/100] - [TRAIN] Loss: 0.4802, Accuracy: 79.51%, AUC: 0.79 - [VAL] Loss: 0.4961, Accuracy: 78.70%, AUC: 0.78
Epoch [83/100] - [TRAIN] Loss: 0.4798, Accuracy: 79.66%, AUC: 0.79 - [VAL] Loss: 0.5003, Accuracy: 78.26%, AUC: 0.78
Epoch [84/100] - [TRAIN] Loss: 0.4798, Accuracy: 79.36%, AUC: 0.79 - [VAL] Loss: 0.4968, Accuracy: 78.58%, AUC: 0.78
Epoch [85/100] - [TRAIN] Loss: 0.4791, Accuracy: 79.46%, AUC: 0.79 - [VAL] Loss: 0.4977, Accuracy: 78.51%, AUC: 0.78
Epoch [86/100] - [TRAIN] Loss: 0.4768, Accuracy: 79.42%, AUC: 0.79 - [VAL] Loss: 0.4964, Accuracy: 78.58%, AUC: 0.78
Epoch [87/100] - [TRAIN] Loss: 0.4785, Accuracy: 79.54%, AUC: 0.79 - [VAL] Loss: 0.4964, Accuracy: 78.57%, AUC: 0.78
Epoch [88/100] - [TRAIN] Loss: 0.4780, Accuracy: 79.54%, AUC: 0.79 - [VAL] Loss: 0.4973, Accuracy: 78.54%, AUC: 0.78
Epoch [89/100] - [TRAIN] Loss: 0.4755, Accuracy: 79.56%, AUC: 0.79 - [VAL] Loss: 0.4989, Accuracy: 78.49%, AUC: 0.78
Epoch [90/100] - [TRAIN] Loss: 0.4778, Accuracy: 79.55%, AUC: 0.79 - [VAL] Loss: 0.4973, Accuracy: 78.49%, AUC: 0.78
Epoch [91/100] - [TRAIN] Loss: 0.4778, Accuracy: 79.56%, AUC: 0.79 - [VAL] Loss: 0.4969, Accuracy: 78.46%, AUC: 0.78
Epoch [92/100] - [TRAIN] Loss: 0.4780, Accuracy: 79.50%, AUC: 0.79 - [VAL] Loss: 0.4966, Accuracy: 78.60%, AUC: 0.78
Epoch [93/100] - [TRAIN] Loss: 0.4769, Accuracy: 79.42%, AUC: 0.79 - [VAL] Loss: 0.4964, Accuracy: 78.61%, AUC: 0.78
Epoch [94/100] - [TRAIN] Loss: 0.4766, Accuracy: 79.44%, AUC: 0.79 - [VAL] Loss: 0.4967, Accuracy: 78.58%, AUC: 0.78
Epoch [95/100] - [TRAIN] Loss: 0.4769, Accuracy: 79.63%, AUC: 0.79 - [VAL] Loss: 0.4972, Accuracy: 78.47%, AUC: 0.78
Epoch [96/100] - [TRAIN] Loss: 0.4748, Accuracy: 79.48%, AUC: 0.79 - [VAL] Loss: 0.4975, Accuracy: 78.53%, AUC: 0.78
Epoch [97/100] - [TRAIN] Loss: 0.4755, Accuracy: 79.74%, AUC: 0.79 - [VAL] Loss: 0.4969, Accuracy: 78.57%, AUC: 0.78
Epoch [98/100] - [TRAIN] Loss: 0.4766, Accuracy: 79.62%, AUC: 0.79 - [VAL] Loss: 0.4990, Accuracy: 78.43%, AUC: 0.78
Epoch [99/100] - [TRAIN] Loss: 0.4739, Accuracy: 79.62%, AUC: 0.79 - [VAL] Loss: 0.4973, Accuracy: 78.53%, AUC: 0.78
Epoch [100/100] - [TRAIN] Loss: 0.4745, Accuracy: 79.71%, AUC: 0.79 - [VAL] Loss: 0.4976, Accuracy: 78.54%, AUC: 0.78
Training finished!
Accuracy Score on test set: 79.33 %
AUC Score on test set: 0.79
Item: H3K27ac-H3K4me3
Train set shape: (7399, 2, 4000) (7399,)
Validation set shape: (7377, 2, 4000) (7377,)
Test set shape: (7378, 2, 4000) (7378,)
New best model saved with validation metric: 19.4242
Epoch [1/100] - [TRAIN] Loss: 0.6439, Accuracy: 59.98%, AUC: 0.49 - [VAL] Loss: 0.5984, Accuracy: 60.82%, AUC: 0.50
New best model saved with validation metric: 24.9957
Epoch [2/100] - [TRAIN] Loss: 0.5775, Accuracy: 63.13%, AUC: 0.53 - [VAL] Loss: 0.5534, Accuracy: 78.27%, AUC: 0.77
New best model saved with validation metric: 25.0736
Epoch [3/100] - [TRAIN] Loss: 0.5457, Accuracy: 78.55%, AUC: 0.77 - [VAL] Loss: 0.5328, Accuracy: 78.51%, AUC: 0.78
Epoch [4/100] - [TRAIN] Loss: 0.5308, Accuracy: 78.46%, AUC: 0.78 - [VAL] Loss: 0.5236, Accuracy: 78.03%, AUC: 0.78
Epoch [5/100] - [TRAIN] Loss: 0.5240, Accuracy: 78.25%, AUC: 0.78 - [VAL] Loss: 0.5186, Accuracy: 78.09%, AUC: 0.78
Epoch [6/100] - [TRAIN] Loss: 0.5190, Accuracy: 78.36%, AUC: 0.78 - [VAL] Loss: 0.5167, Accuracy: 77.48%, AUC: 0.77
Epoch [7/100] - [TRAIN] Loss: 0.5153, Accuracy: 78.05%, AUC: 0.78 - [VAL] Loss: 0.5131, Accuracy: 77.70%, AUC: 0.78
Epoch [8/100] - [TRAIN] Loss: 0.5127, Accuracy: 78.16%, AUC: 0.78 - [VAL] Loss: 0.5107, Accuracy: 78.03%, AUC: 0.78
Epoch [9/100] - [TRAIN] Loss: 0.5107, Accuracy: 78.21%, AUC: 0.78 - [VAL] Loss: 0.5095, Accuracy: 77.74%, AUC: 0.78
Epoch [10/100] - [TRAIN] Loss: 0.5083, Accuracy: 78.13%, AUC: 0.78 - [VAL] Loss: 0.5082, Accuracy: 77.81%, AUC: 0.78
Epoch [11/100] - [TRAIN] Loss: 0.5078, Accuracy: 78.38%, AUC: 0.78 - [VAL] Loss: 0.5066, Accuracy: 78.18%, AUC: 0.78
Epoch [12/100] - [TRAIN] Loss: 0.5068, Accuracy: 78.36%, AUC: 0.78 - [VAL] Loss: 0.5064, Accuracy: 77.93%, AUC: 0.78
Epoch [13/100] - [TRAIN] Loss: 0.5044, Accuracy: 78.35%, AUC: 0.78 - [VAL] Loss: 0.5056, Accuracy: 77.97%, AUC: 0.78
Epoch [14/100] - [TRAIN] Loss: 0.5028, Accuracy: 78.39%, AUC: 0.78 - [VAL] Loss: 0.5042, Accuracy: 78.30%, AUC: 0.78
Epoch [15/100] - [TRAIN] Loss: 0.5038, Accuracy: 78.38%, AUC: 0.78 - [VAL] Loss: 0.5036, Accuracy: 78.34%, AUC: 0.78
Epoch [16/100] - [TRAIN] Loss: 0.5026, Accuracy: 78.52%, AUC: 0.78 - [VAL] Loss: 0.5032, Accuracy: 78.32%, AUC: 0.78
Epoch [17/100] - [TRAIN] Loss: 0.5016, Accuracy: 78.48%, AUC: 0.78 - [VAL] Loss: 0.5029, Accuracy: 78.24%, AUC: 0.78
Epoch [18/100] - [TRAIN] Loss: 0.5003, Accuracy: 78.38%, AUC: 0.78 - [VAL] Loss: 0.5020, Accuracy: 78.47%, AUC: 0.78
Epoch [19/100] - [TRAIN] Loss: 0.5003, Accuracy: 78.50%, AUC: 0.78 - [VAL] Loss: 0.5015, Accuracy: 78.39%, AUC: 0.78
Epoch [20/100] - [TRAIN] Loss: 0.4988, Accuracy: 78.67%, AUC: 0.78 - [VAL] Loss: 0.5016, Accuracy: 78.43%, AUC: 0.78
Epoch [21/100] - [TRAIN] Loss: 0.4977, Accuracy: 78.55%, AUC: 0.78 - [VAL] Loss: 0.5007, Accuracy: 78.39%, AUC: 0.78
Epoch [22/100] - [TRAIN] Loss: 0.5002, Accuracy: 78.71%, AUC: 0.78 - [VAL] Loss: 0.5011, Accuracy: 78.39%, AUC: 0.78
Epoch [23/100] - [TRAIN] Loss: 0.4967, Accuracy: 78.69%, AUC: 0.78 - [VAL] Loss: 0.5010, Accuracy: 78.35%, AUC: 0.78
Epoch [24/100] - [TRAIN] Loss: 0.4968, Accuracy: 78.74%, AUC: 0.78 - [VAL] Loss: 0.5008, Accuracy: 78.38%, AUC: 0.78
Epoch [25/100] - [TRAIN] Loss: 0.4962, Accuracy: 78.88%, AUC: 0.78 - [VAL] Loss: 0.4996, Accuracy: 78.39%, AUC: 0.78
Epoch [26/100] - [TRAIN] Loss: 0.4957, Accuracy: 78.73%, AUC: 0.78 - [VAL] Loss: 0.4996, Accuracy: 78.46%, AUC: 0.78
Epoch [27/100] - [TRAIN] Loss: 0.4967, Accuracy: 78.78%, AUC: 0.78 - [VAL] Loss: 0.4993, Accuracy: 78.42%, AUC: 0.78
Epoch [28/100] - [TRAIN] Loss: 0.4944, Accuracy: 78.67%, AUC: 0.78 - [VAL] Loss: 0.4985, Accuracy: 78.50%, AUC: 0.78
Epoch [29/100] - [TRAIN] Loss: 0.4949, Accuracy: 78.81%, AUC: 0.78 - [VAL] Loss: 0.4987, Accuracy: 78.37%, AUC: 0.78
Epoch [30/100] - [TRAIN] Loss: 0.4945, Accuracy: 78.75%, AUC: 0.78 - [VAL] Loss: 0.4982, Accuracy: 78.49%, AUC: 0.78
Epoch [31/100] - [TRAIN] Loss: 0.4927, Accuracy: 78.89%, AUC: 0.78 - [VAL] Loss: 0.4987, Accuracy: 78.37%, AUC: 0.78
Epoch [32/100] - [TRAIN] Loss: 0.4930, Accuracy: 78.85%, AUC: 0.78 - [VAL] Loss: 0.4977, Accuracy: 78.49%, AUC: 0.78
Epoch [33/100] - [TRAIN] Loss: 0.4918, Accuracy: 78.86%, AUC: 0.78 - [VAL] Loss: 0.4985, Accuracy: 78.32%, AUC: 0.78
Epoch [34/100] - [TRAIN] Loss: 0.4938, Accuracy: 78.85%, AUC: 0.78 - [VAL] Loss: 0.4976, Accuracy: 78.46%, AUC: 0.78
Epoch [35/100] - [TRAIN] Loss: 0.4908, Accuracy: 78.90%, AUC: 0.78 - [VAL] Loss: 0.4975, Accuracy: 78.43%, AUC: 0.78
Epoch [36/100] - [TRAIN] Loss: 0.4911, Accuracy: 78.96%, AUC: 0.78 - [VAL] Loss: 0.4973, Accuracy: 78.43%, AUC: 0.78
New best model saved with validation metric: 25.0952
Epoch [37/100] - [TRAIN] Loss: 0.4938, Accuracy: 78.93%, AUC: 0.78 - [VAL] Loss: 0.4969, Accuracy: 78.58%, AUC: 0.78
New best model saved with validation metric: 25.0996
Epoch [38/100] - [TRAIN] Loss: 0.4896, Accuracy: 78.98%, AUC: 0.78 - [VAL] Loss: 0.4966, Accuracy: 78.60%, AUC: 0.78
Epoch [39/100] - [TRAIN] Loss: 0.4900, Accuracy: 79.01%, AUC: 0.78 - [VAL] Loss: 0.4968, Accuracy: 78.46%, AUC: 0.78
Epoch [40/100] - [TRAIN] Loss: 0.4889, Accuracy: 78.96%, AUC: 0.78 - [VAL] Loss: 0.4980, Accuracy: 78.34%, AUC: 0.78
Epoch [41/100] - [TRAIN] Loss: 0.4904, Accuracy: 78.89%, AUC: 0.78 - [VAL] Loss: 0.4964, Accuracy: 78.58%, AUC: 0.78
Epoch [42/100] - [TRAIN] Loss: 0.4898, Accuracy: 78.90%, AUC: 0.78 - [VAL] Loss: 0.4967, Accuracy: 78.47%, AUC: 0.78
Epoch [43/100] - [TRAIN] Loss: 0.4879, Accuracy: 78.96%, AUC: 0.78 - [VAL] Loss: 0.4963, Accuracy: 78.57%, AUC: 0.78
Epoch [44/100] - [TRAIN] Loss: 0.4884, Accuracy: 79.08%, AUC: 0.78 - [VAL] Loss: 0.4961, Accuracy: 78.53%, AUC: 0.78
Epoch [45/100] - [TRAIN] Loss: 0.4877, Accuracy: 79.01%, AUC: 0.78 - [VAL] Loss: 0.4964, Accuracy: 78.50%, AUC: 0.78
Epoch [46/100] - [TRAIN] Loss: 0.4876, Accuracy: 79.00%, AUC: 0.78 - [VAL] Loss: 0.4960, Accuracy: 78.55%, AUC: 0.78
Epoch [47/100] - [TRAIN] Loss: 0.4877, Accuracy: 79.15%, AUC: 0.78 - [VAL] Loss: 0.4961, Accuracy: 78.55%, AUC: 0.78
Epoch [48/100] - [TRAIN] Loss: 0.4872, Accuracy: 79.05%, AUC: 0.78 - [VAL] Loss: 0.4967, Accuracy: 78.45%, AUC: 0.78
Epoch [49/100] - [TRAIN] Loss: 0.4865, Accuracy: 79.20%, AUC: 0.78 - [VAL] Loss: 0.4957, Accuracy: 78.58%, AUC: 0.78
New best model saved with validation metric: 25.1039
Epoch [50/100] - [TRAIN] Loss: 0.4870, Accuracy: 79.15%, AUC: 0.78 - [VAL] Loss: 0.4959, Accuracy: 78.61%, AUC: 0.78
Epoch [51/100] - [TRAIN] Loss: 0.4856, Accuracy: 79.13%, AUC: 0.78 - [VAL] Loss: 0.4957, Accuracy: 78.61%, AUC: 0.78
Epoch [52/100] - [TRAIN] Loss: 0.4855, Accuracy: 79.19%, AUC: 0.78 - [VAL] Loss: 0.4959, Accuracy: 78.58%, AUC: 0.78
Epoch [53/100] - [TRAIN] Loss: 0.4856, Accuracy: 79.13%, AUC: 0.78 - [VAL] Loss: 0.4971, Accuracy: 78.51%, AUC: 0.78
New best model saved with validation metric: 25.1299
Epoch [54/100] - [TRAIN] Loss: 0.4842, Accuracy: 79.19%, AUC: 0.78 - [VAL] Loss: 0.4955, Accuracy: 78.69%, AUC: 0.78
Epoch [55/100] - [TRAIN] Loss: 0.4858, Accuracy: 79.36%, AUC: 0.79 - [VAL] Loss: 0.4966, Accuracy: 78.57%, AUC: 0.78
Epoch [56/100] - [TRAIN] Loss: 0.4835, Accuracy: 79.21%, AUC: 0.78 - [VAL] Loss: 0.4954, Accuracy: 78.66%, AUC: 0.78
Epoch [57/100] - [TRAIN] Loss: 0.4840, Accuracy: 79.25%, AUC: 0.78 - [VAL] Loss: 0.4954, Accuracy: 78.60%, AUC: 0.78
Epoch [58/100] - [TRAIN] Loss: 0.4832, Accuracy: 79.20%, AUC: 0.78 - [VAL] Loss: 0.4977, Accuracy: 78.55%, AUC: 0.78
Epoch [59/100] - [TRAIN] Loss: 0.4817, Accuracy: 79.38%, AUC: 0.79 - [VAL] Loss: 0.4964, Accuracy: 78.53%, AUC: 0.78
Epoch [60/100] - [TRAIN] Loss: 0.4846, Accuracy: 79.31%, AUC: 0.79 - [VAL] Loss: 0.4955, Accuracy: 78.62%, AUC: 0.78
Epoch [61/100] - [TRAIN] Loss: 0.4835, Accuracy: 79.29%, AUC: 0.78 - [VAL] Loss: 0.4983, Accuracy: 78.46%, AUC: 0.78
Epoch [62/100] - [TRAIN] Loss: 0.4838, Accuracy: 79.47%, AUC: 0.79 - [VAL] Loss: 0.4969, Accuracy: 78.55%, AUC: 0.78
Epoch [63/100] - [TRAIN] Loss: 0.4826, Accuracy: 79.44%, AUC: 0.79 - [VAL] Loss: 0.4966, Accuracy: 78.57%, AUC: 0.78
Epoch [64/100] - [TRAIN] Loss: 0.4813, Accuracy: 79.35%, AUC: 0.79 - [VAL] Loss: 0.4955, Accuracy: 78.65%, AUC: 0.78
Epoch [65/100] - [TRAIN] Loss: 0.4817, Accuracy: 79.52%, AUC: 0.79 - [VAL] Loss: 0.4957, Accuracy: 78.60%, AUC: 0.78
Epoch [66/100] - [TRAIN] Loss: 0.4805, Accuracy: 79.32%, AUC: 0.79 - [VAL] Loss: 0.4956, Accuracy: 78.57%, AUC: 0.78
Epoch [67/100] - [TRAIN] Loss: 0.4820, Accuracy: 79.42%, AUC: 0.79 - [VAL] Loss: 0.4957, Accuracy: 78.64%, AUC: 0.78
Epoch [68/100] - [TRAIN] Loss: 0.4807, Accuracy: 79.51%, AUC: 0.79 - [VAL] Loss: 0.4970, Accuracy: 78.55%, AUC: 0.78
Epoch [69/100] - [TRAIN] Loss: 0.4827, Accuracy: 79.47%, AUC: 0.79 - [VAL] Loss: 0.4957, Accuracy: 78.54%, AUC: 0.78
Epoch [70/100] - [TRAIN] Loss: 0.4810, Accuracy: 79.44%, AUC: 0.79 - [VAL] Loss: 0.4957, Accuracy: 78.57%, AUC: 0.78
Epoch [71/100] - [TRAIN] Loss: 0.4791, Accuracy: 79.54%, AUC: 0.79 - [VAL] Loss: 0.4961, Accuracy: 78.62%, AUC: 0.78
Epoch [72/100] - [TRAIN] Loss: 0.4793, Accuracy: 79.40%, AUC: 0.79 - [VAL] Loss: 0.4959, Accuracy: 78.54%, AUC: 0.78
Epoch [73/100] - [TRAIN] Loss: 0.4797, Accuracy: 79.46%, AUC: 0.79 - [VAL] Loss: 0.4962, Accuracy: 78.57%, AUC: 0.78
Epoch [74/100] - [TRAIN] Loss: 0.4795, Accuracy: 79.40%, AUC: 0.79 - [VAL] Loss: 0.4960, Accuracy: 78.51%, AUC: 0.78
Epoch [75/100] - [TRAIN] Loss: 0.4781, Accuracy: 79.48%, AUC: 0.79 - [VAL] Loss: 0.4959, Accuracy: 78.53%, AUC: 0.78
Epoch [76/100] - [TRAIN] Loss: 0.4782, Accuracy: 79.38%, AUC: 0.79 - [VAL] Loss: 0.4959, Accuracy: 78.61%, AUC: 0.78
Epoch [77/100] - [TRAIN] Loss: 0.4778, Accuracy: 79.56%, AUC: 0.79 - [VAL] Loss: 0.4968, Accuracy: 78.51%, AUC: 0.78
Epoch [78/100] - [TRAIN] Loss: 0.4785, Accuracy: 79.61%, AUC: 0.79 - [VAL] Loss: 0.4959, Accuracy: 78.58%, AUC: 0.78
Epoch [79/100] - [TRAIN] Loss: 0.4787, Accuracy: 79.58%, AUC: 0.79 - [VAL] Loss: 0.4959, Accuracy: 78.47%, AUC: 0.78
Epoch [80/100] - [TRAIN] Loss: 0.4776, Accuracy: 79.54%, AUC: 0.79 - [VAL] Loss: 0.4978, Accuracy: 78.55%, AUC: 0.78
Epoch [81/100] - [TRAIN] Loss: 0.4781, Accuracy: 79.61%, AUC: 0.79 - [VAL] Loss: 0.4964, Accuracy: 78.54%, AUC: 0.78
Epoch [82/100] - [TRAIN] Loss: 0.4774, Accuracy: 79.62%, AUC: 0.79 - [VAL] Loss: 0.4967, Accuracy: 78.53%, AUC: 0.78
Epoch [83/100] - [TRAIN] Loss: 0.4779, Accuracy: 79.75%, AUC: 0.79 - [VAL] Loss: 0.4961, Accuracy: 78.60%, AUC: 0.78
Epoch [84/100] - [TRAIN] Loss: 0.4763, Accuracy: 79.73%, AUC: 0.79 - [VAL] Loss: 0.4963, Accuracy: 78.57%, AUC: 0.78
Epoch [85/100] - [TRAIN] Loss: 0.4759, Accuracy: 79.58%, AUC: 0.79 - [VAL] Loss: 0.4967, Accuracy: 78.54%, AUC: 0.78
Epoch [86/100] - [TRAIN] Loss: 0.4752, Accuracy: 79.47%, AUC: 0.79 - [VAL] Loss: 0.4976, Accuracy: 78.55%, AUC: 0.78
Epoch [87/100] - [TRAIN] Loss: 0.4747, Accuracy: 79.62%, AUC: 0.79 - [VAL] Loss: 0.4975, Accuracy: 78.55%, AUC: 0.78
Epoch [88/100] - [TRAIN] Loss: 0.4777, Accuracy: 79.63%, AUC: 0.79 - [VAL] Loss: 0.4967, Accuracy: 78.61%, AUC: 0.78
Epoch [89/100] - [TRAIN] Loss: 0.4753, Accuracy: 79.54%, AUC: 0.79 - [VAL] Loss: 0.4963, Accuracy: 78.55%, AUC: 0.78
Epoch [90/100] - [TRAIN] Loss: 0.4764, Accuracy: 79.67%, AUC: 0.79 - [VAL] Loss: 0.4983, Accuracy: 78.51%, AUC: 0.78
Epoch [91/100] - [TRAIN] Loss: 0.4742, Accuracy: 79.74%, AUC: 0.79 - [VAL] Loss: 0.4977, Accuracy: 78.51%, AUC: 0.78
Epoch [92/100] - [TRAIN] Loss: 0.4753, Accuracy: 79.63%, AUC: 0.79 - [VAL] Loss: 0.4964, Accuracy: 78.54%, AUC: 0.78
Epoch [93/100] - [TRAIN] Loss: 0.4756, Accuracy: 79.73%, AUC: 0.79 - [VAL] Loss: 0.4965, Accuracy: 78.54%, AUC: 0.78
Epoch [94/100] - [TRAIN] Loss: 0.4742, Accuracy: 79.65%, AUC: 0.79 - [VAL] Loss: 0.4971, Accuracy: 78.61%, AUC: 0.78
Epoch [95/100] - [TRAIN] Loss: 0.4746, Accuracy: 79.65%, AUC: 0.79 - [VAL] Loss: 0.4968, Accuracy: 78.54%, AUC: 0.78
Epoch [96/100] - [TRAIN] Loss: 0.4736, Accuracy: 79.67%, AUC: 0.79 - [VAL] Loss: 0.4971, Accuracy: 78.51%, AUC: 0.78
Epoch [97/100] - [TRAIN] Loss: 0.4724, Accuracy: 79.73%, AUC: 0.79 - [VAL] Loss: 0.4977, Accuracy: 78.54%, AUC: 0.78
Epoch [98/100] - [TRAIN] Loss: 0.4736, Accuracy: 79.77%, AUC: 0.79 - [VAL] Loss: 0.4988, Accuracy: 78.53%, AUC: 0.78
Epoch [99/100] - [TRAIN] Loss: 0.4738, Accuracy: 79.67%, AUC: 0.79 - [VAL] Loss: 0.4970, Accuracy: 78.49%, AUC: 0.78
Epoch [100/100] - [TRAIN] Loss: 0.4720, Accuracy: 79.71%, AUC: 0.79 - [VAL] Loss: 0.5000, Accuracy: 78.39%, AUC: 0.78
Training finished!
Accuracy Score on test set: 79.28 %
AUC Score on test set: 0.79
Item: H3K4me3-H3K27me3
Train set shape: (7399, 2, 4000) (7399,)
Validation set shape: (7377, 2, 4000) (7377,)
Test set shape: (7378, 2, 4000) (7378,)
New best model saved with validation metric: 19.4242
Epoch [1/100] - [TRAIN] Loss: 0.6523, Accuracy: 60.82%, AUC: 0.50 - [VAL] Loss: 0.6207, Accuracy: 60.82%, AUC: 0.50
Epoch [2/100] - [TRAIN] Loss: 0.6018, Accuracy: 60.82%, AUC: 0.50 - [VAL] Loss: 0.5792, Accuracy: 60.82%, AUC: 0.50
New best model saved with validation metric: 24.7056
Epoch [3/100] - [TRAIN] Loss: 0.5688, Accuracy: 67.78%, AUC: 0.61 - [VAL] Loss: 0.5526, Accuracy: 77.36%, AUC: 0.76
New best model saved with validation metric: 24.7879
Epoch [4/100] - [TRAIN] Loss: 0.5472, Accuracy: 77.69%, AUC: 0.76 - [VAL] Loss: 0.5383, Accuracy: 77.62%, AUC: 0.77
New best model saved with validation metric: 24.8139
Epoch [5/100] - [TRAIN] Loss: 0.5351, Accuracy: 77.73%, AUC: 0.77 - [VAL] Loss: 0.5304, Accuracy: 77.70%, AUC: 0.77
Epoch [6/100] - [TRAIN] Loss: 0.5305, Accuracy: 77.81%, AUC: 0.77 - [VAL] Loss: 0.5271, Accuracy: 77.40%, AUC: 0.77
Epoch [7/100] - [TRAIN] Loss: 0.5234, Accuracy: 77.71%, AUC: 0.77 - [VAL] Loss: 0.5228, Accuracy: 77.69%, AUC: 0.77
Epoch [8/100] - [TRAIN] Loss: 0.5216, Accuracy: 77.81%, AUC: 0.77 - [VAL] Loss: 0.5206, Accuracy: 77.62%, AUC: 0.77
Epoch [9/100] - [TRAIN] Loss: 0.5189, Accuracy: 77.86%, AUC: 0.77 - [VAL] Loss: 0.5188, Accuracy: 77.62%, AUC: 0.77
Epoch [10/100] - [TRAIN] Loss: 0.5169, Accuracy: 77.85%, AUC: 0.77 - [VAL] Loss: 0.5174, Accuracy: 77.59%, AUC: 0.77
Epoch [11/100] - [TRAIN] Loss: 0.5146, Accuracy: 77.90%, AUC: 0.77 - [VAL] Loss: 0.5168, Accuracy: 77.46%, AUC: 0.77
Epoch [12/100] - [TRAIN] Loss: 0.5147, Accuracy: 77.97%, AUC: 0.77 - [VAL] Loss: 0.5147, Accuracy: 77.67%, AUC: 0.77
Epoch [13/100] - [TRAIN] Loss: 0.5119, Accuracy: 78.05%, AUC: 0.77 - [VAL] Loss: 0.5142, Accuracy: 77.59%, AUC: 0.77
Epoch [14/100] - [TRAIN] Loss: 0.5120, Accuracy: 78.01%, AUC: 0.77 - [VAL] Loss: 0.5127, Accuracy: 77.67%, AUC: 0.77
Epoch [15/100] - [TRAIN] Loss: 0.5111, Accuracy: 78.09%, AUC: 0.77 - [VAL] Loss: 0.5119, Accuracy: 77.70%, AUC: 0.77
New best model saved with validation metric: 24.8182
Epoch [16/100] - [TRAIN] Loss: 0.5096, Accuracy: 78.11%, AUC: 0.77 - [VAL] Loss: 0.5115, Accuracy: 77.71%, AUC: 0.77
New best model saved with validation metric: 24.8225
Epoch [17/100] - [TRAIN] Loss: 0.5084, Accuracy: 78.20%, AUC: 0.78 - [VAL] Loss: 0.5108, Accuracy: 77.73%, AUC: 0.77
Epoch [18/100] - [TRAIN] Loss: 0.5081, Accuracy: 78.20%, AUC: 0.78 - [VAL] Loss: 0.5101, Accuracy: 77.67%, AUC: 0.77
Epoch [19/100] - [TRAIN] Loss: 0.5073, Accuracy: 78.27%, AUC: 0.78 - [VAL] Loss: 0.5097, Accuracy: 77.67%, AUC: 0.77
Epoch [20/100] - [TRAIN] Loss: 0.5076, Accuracy: 78.33%, AUC: 0.78 - [VAL] Loss: 0.5094, Accuracy: 77.71%, AUC: 0.77
New best model saved with validation metric: 24.8398
Epoch [21/100] - [TRAIN] Loss: 0.5071, Accuracy: 78.27%, AUC: 0.77 - [VAL] Loss: 0.5089, Accuracy: 77.78%, AUC: 0.77
New best model saved with validation metric: 24.8701
Epoch [22/100] - [TRAIN] Loss: 0.5051, Accuracy: 78.17%, AUC: 0.77 - [VAL] Loss: 0.5083, Accuracy: 77.88%, AUC: 0.77
Epoch [23/100] - [TRAIN] Loss: 0.5046, Accuracy: 78.33%, AUC: 0.78 - [VAL] Loss: 0.5079, Accuracy: 77.88%, AUC: 0.77
New best model saved with validation metric: 24.9307
Epoch [24/100] - [TRAIN] Loss: 0.5047, Accuracy: 78.27%, AUC: 0.78 - [VAL] Loss: 0.5072, Accuracy: 78.07%, AUC: 0.77
Epoch [25/100] - [TRAIN] Loss: 0.5034, Accuracy: 78.39%, AUC: 0.78 - [VAL] Loss: 0.5072, Accuracy: 77.94%, AUC: 0.77
Epoch [26/100] - [TRAIN] Loss: 0.5030, Accuracy: 78.29%, AUC: 0.77 - [VAL] Loss: 0.5067, Accuracy: 78.05%, AUC: 0.77
New best model saved with validation metric: 24.9351
Epoch [27/100] - [TRAIN] Loss: 0.5025, Accuracy: 78.43%, AUC: 0.78 - [VAL] Loss: 0.5064, Accuracy: 78.08%, AUC: 0.77
New best model saved with validation metric: 24.9524
Epoch [28/100] - [TRAIN] Loss: 0.5036, Accuracy: 78.47%, AUC: 0.78 - [VAL] Loss: 0.5060, Accuracy: 78.13%, AUC: 0.78
New best model saved with validation metric: 24.9567
Epoch [29/100] - [TRAIN] Loss: 0.5020, Accuracy: 78.51%, AUC: 0.78 - [VAL] Loss: 0.5060, Accuracy: 78.15%, AUC: 0.78
Epoch [30/100] - [TRAIN] Loss: 0.5023, Accuracy: 78.42%, AUC: 0.78 - [VAL] Loss: 0.5052, Accuracy: 78.12%, AUC: 0.77
New best model saved with validation metric: 24.9610
Epoch [31/100] - [TRAIN] Loss: 0.5006, Accuracy: 78.52%, AUC: 0.78 - [VAL] Loss: 0.5050, Accuracy: 78.16%, AUC: 0.77
Epoch [32/100] - [TRAIN] Loss: 0.5019, Accuracy: 78.56%, AUC: 0.78 - [VAL] Loss: 0.5048, Accuracy: 78.09%, AUC: 0.77
New best model saved with validation metric: 24.9654
Epoch [33/100] - [TRAIN] Loss: 0.4999, Accuracy: 78.59%, AUC: 0.78 - [VAL] Loss: 0.5045, Accuracy: 78.18%, AUC: 0.77
Epoch [34/100] - [TRAIN] Loss: 0.5005, Accuracy: 78.61%, AUC: 0.78 - [VAL] Loss: 0.5044, Accuracy: 78.16%, AUC: 0.77
Epoch [35/100] - [TRAIN] Loss: 0.4983, Accuracy: 78.78%, AUC: 0.78 - [VAL] Loss: 0.5043, Accuracy: 78.16%, AUC: 0.78
New best model saved with validation metric: 24.9784
Epoch [36/100] - [TRAIN] Loss: 0.4986, Accuracy: 78.56%, AUC: 0.78 - [VAL] Loss: 0.5039, Accuracy: 78.22%, AUC: 0.77
Epoch [37/100] - [TRAIN] Loss: 0.4989, Accuracy: 78.67%, AUC: 0.78 - [VAL] Loss: 0.5040, Accuracy: 78.16%, AUC: 0.78
New best model saved with validation metric: 24.9827
Epoch [38/100] - [TRAIN] Loss: 0.4987, Accuracy: 78.65%, AUC: 0.78 - [VAL] Loss: 0.5037, Accuracy: 78.23%, AUC: 0.78
New best model saved with validation metric: 25.0216
Epoch [39/100] - [TRAIN] Loss: 0.5001, Accuracy: 78.65%, AUC: 0.78 - [VAL] Loss: 0.5034, Accuracy: 78.35%, AUC: 0.78
Epoch [40/100] - [TRAIN] Loss: 0.4985, Accuracy: 78.88%, AUC: 0.78 - [VAL] Loss: 0.5038, Accuracy: 78.18%, AUC: 0.78
New best model saved with validation metric: 25.0260
Epoch [41/100] - [TRAIN] Loss: 0.4973, Accuracy: 78.69%, AUC: 0.78 - [VAL] Loss: 0.5029, Accuracy: 78.37%, AUC: 0.78
Epoch [42/100] - [TRAIN] Loss: 0.4982, Accuracy: 78.66%, AUC: 0.78 - [VAL] Loss: 0.5031, Accuracy: 78.31%, AUC: 0.78
Epoch [43/100] - [TRAIN] Loss: 0.4970, Accuracy: 78.78%, AUC: 0.78 - [VAL] Loss: 0.5029, Accuracy: 78.34%, AUC: 0.78
New best model saved with validation metric: 25.0693
Epoch [44/100] - [TRAIN] Loss: 0.4974, Accuracy: 78.82%, AUC: 0.78 - [VAL] Loss: 0.5025, Accuracy: 78.50%, AUC: 0.78
Epoch [45/100] - [TRAIN] Loss: 0.4965, Accuracy: 78.75%, AUC: 0.78 - [VAL] Loss: 0.5023, Accuracy: 78.50%, AUC: 0.78
New best model saved with validation metric: 25.0779
Epoch [46/100] - [TRAIN] Loss: 0.4954, Accuracy: 78.92%, AUC: 0.78 - [VAL] Loss: 0.5022, Accuracy: 78.53%, AUC: 0.78
Epoch [47/100] - [TRAIN] Loss: 0.4954, Accuracy: 78.86%, AUC: 0.78 - [VAL] Loss: 0.5021, Accuracy: 78.38%, AUC: 0.78
Epoch [48/100] - [TRAIN] Loss: 0.4962, Accuracy: 78.81%, AUC: 0.78 - [VAL] Loss: 0.5020, Accuracy: 78.43%, AUC: 0.78
Epoch [49/100] - [TRAIN] Loss: 0.4963, Accuracy: 78.79%, AUC: 0.78 - [VAL] Loss: 0.5018, Accuracy: 78.53%, AUC: 0.78
Epoch [50/100] - [TRAIN] Loss: 0.4944, Accuracy: 78.85%, AUC: 0.78 - [VAL] Loss: 0.5018, Accuracy: 78.45%, AUC: 0.78
Epoch [51/100] - [TRAIN] Loss: 0.4946, Accuracy: 78.88%, AUC: 0.78 - [VAL] Loss: 0.5019, Accuracy: 78.41%, AUC: 0.78
Epoch [52/100] - [TRAIN] Loss: 0.4944, Accuracy: 78.86%, AUC: 0.78 - [VAL] Loss: 0.5015, Accuracy: 78.51%, AUC: 0.78
Epoch [53/100] - [TRAIN] Loss: 0.4945, Accuracy: 78.74%, AUC: 0.78 - [VAL] Loss: 0.5016, Accuracy: 78.50%, AUC: 0.78
Epoch [54/100] - [TRAIN] Loss: 0.4944, Accuracy: 78.85%, AUC: 0.78 - [VAL] Loss: 0.5014, Accuracy: 78.51%, AUC: 0.78
Epoch [55/100] - [TRAIN] Loss: 0.4935, Accuracy: 78.75%, AUC: 0.78 - [VAL] Loss: 0.5013, Accuracy: 78.53%, AUC: 0.78
Epoch [56/100] - [TRAIN] Loss: 0.4932, Accuracy: 78.98%, AUC: 0.78 - [VAL] Loss: 0.5017, Accuracy: 78.49%, AUC: 0.78
Epoch [57/100] - [TRAIN] Loss: 0.4927, Accuracy: 78.90%, AUC: 0.78 - [VAL] Loss: 0.5025, Accuracy: 78.18%, AUC: 0.78
New best model saved with validation metric: 25.0909
Epoch [58/100] - [TRAIN] Loss: 0.4936, Accuracy: 78.94%, AUC: 0.78 - [VAL] Loss: 0.5011, Accuracy: 78.57%, AUC: 0.78
Epoch [59/100] - [TRAIN] Loss: 0.4932, Accuracy: 78.89%, AUC: 0.78 - [VAL] Loss: 0.5014, Accuracy: 78.53%, AUC: 0.78
Epoch [60/100] - [TRAIN] Loss: 0.4923, Accuracy: 78.98%, AUC: 0.78 - [VAL] Loss: 0.5010, Accuracy: 78.57%, AUC: 0.78
Epoch [61/100] - [TRAIN] Loss: 0.4920, Accuracy: 78.97%, AUC: 0.78 - [VAL] Loss: 0.5015, Accuracy: 78.47%, AUC: 0.78
Epoch [62/100] - [TRAIN] Loss: 0.4922, Accuracy: 79.02%, AUC: 0.78 - [VAL] Loss: 0.5011, Accuracy: 78.55%, AUC: 0.78
Epoch [63/100] - [TRAIN] Loss: 0.4922, Accuracy: 78.94%, AUC: 0.78 - [VAL] Loss: 0.5008, Accuracy: 78.55%, AUC: 0.78
Epoch [64/100] - [TRAIN] Loss: 0.4943, Accuracy: 78.97%, AUC: 0.78 - [VAL] Loss: 0.5013, Accuracy: 78.50%, AUC: 0.78
Epoch [65/100] - [TRAIN] Loss: 0.4917, Accuracy: 79.01%, AUC: 0.78 - [VAL] Loss: 0.5021, Accuracy: 78.32%, AUC: 0.78
Epoch [66/100] - [TRAIN] Loss: 0.4923, Accuracy: 79.00%, AUC: 0.78 - [VAL] Loss: 0.5007, Accuracy: 78.53%, AUC: 0.78
Epoch [67/100] - [TRAIN] Loss: 0.4912, Accuracy: 78.98%, AUC: 0.78 - [VAL] Loss: 0.5013, Accuracy: 78.38%, AUC: 0.78
Epoch [68/100] - [TRAIN] Loss: 0.4902, Accuracy: 79.08%, AUC: 0.78 - [VAL] Loss: 0.5007, Accuracy: 78.51%, AUC: 0.78
Epoch [69/100] - [TRAIN] Loss: 0.4904, Accuracy: 79.09%, AUC: 0.78 - [VAL] Loss: 0.5009, Accuracy: 78.50%, AUC: 0.78
Epoch [70/100] - [TRAIN] Loss: 0.4911, Accuracy: 79.01%, AUC: 0.78 - [VAL] Loss: 0.5008, Accuracy: 78.49%, AUC: 0.78
Epoch [71/100] - [TRAIN] Loss: 0.4911, Accuracy: 79.05%, AUC: 0.78 - [VAL] Loss: 0.5006, Accuracy: 78.51%, AUC: 0.78
Epoch [72/100] - [TRAIN] Loss: 0.4908, Accuracy: 79.02%, AUC: 0.78 - [VAL] Loss: 0.5004, Accuracy: 78.54%, AUC: 0.78
Epoch [73/100] - [TRAIN] Loss: 0.4893, Accuracy: 79.12%, AUC: 0.78 - [VAL] Loss: 0.5005, Accuracy: 78.51%, AUC: 0.78
Epoch [74/100] - [TRAIN] Loss: 0.4893, Accuracy: 79.05%, AUC: 0.78 - [VAL] Loss: 0.5005, Accuracy: 78.49%, AUC: 0.78
Epoch [75/100] - [TRAIN] Loss: 0.4906, Accuracy: 79.09%, AUC: 0.78 - [VAL] Loss: 0.5005, Accuracy: 78.49%, AUC: 0.78
Epoch [76/100] - [TRAIN] Loss: 0.4900, Accuracy: 78.93%, AUC: 0.78 - [VAL] Loss: 0.5020, Accuracy: 78.35%, AUC: 0.78
Epoch [77/100] - [TRAIN] Loss: 0.4892, Accuracy: 79.11%, AUC: 0.78 - [VAL] Loss: 0.5006, Accuracy: 78.50%, AUC: 0.78
New best model saved with validation metric: 25.1039
Epoch [78/100] - [TRAIN] Loss: 0.4878, Accuracy: 78.97%, AUC: 0.78 - [VAL] Loss: 0.5003, Accuracy: 78.61%, AUC: 0.78
Epoch [79/100] - [TRAIN] Loss: 0.4892, Accuracy: 79.15%, AUC: 0.78 - [VAL] Loss: 0.5011, Accuracy: 78.54%, AUC: 0.77
Epoch [80/100] - [TRAIN] Loss: 0.4897, Accuracy: 79.01%, AUC: 0.78 - [VAL] Loss: 0.5006, Accuracy: 78.49%, AUC: 0.78
Epoch [81/100] - [TRAIN] Loss: 0.4894, Accuracy: 79.12%, AUC: 0.78 - [VAL] Loss: 0.5006, Accuracy: 78.50%, AUC: 0.78
Epoch [82/100] - [TRAIN] Loss: 0.4883, Accuracy: 79.12%, AUC: 0.78 - [VAL] Loss: 0.5005, Accuracy: 78.51%, AUC: 0.78
Epoch [83/100] - [TRAIN] Loss: 0.4878, Accuracy: 79.12%, AUC: 0.78 - [VAL] Loss: 0.5006, Accuracy: 78.53%, AUC: 0.78
New best model saved with validation metric: 25.1082
Epoch [84/100] - [TRAIN] Loss: 0.4892, Accuracy: 79.09%, AUC: 0.78 - [VAL] Loss: 0.5003, Accuracy: 78.62%, AUC: 0.78
Epoch [85/100] - [TRAIN] Loss: 0.4878, Accuracy: 79.28%, AUC: 0.78 - [VAL] Loss: 0.5004, Accuracy: 78.62%, AUC: 0.78
Epoch [86/100] - [TRAIN] Loss: 0.4863, Accuracy: 79.29%, AUC: 0.78 - [VAL] Loss: 0.5024, Accuracy: 78.31%, AUC: 0.78
Epoch [87/100] - [TRAIN] Loss: 0.4887, Accuracy: 79.11%, AUC: 0.78 - [VAL] Loss: 0.5003, Accuracy: 78.61%, AUC: 0.78
Epoch [88/100] - [TRAIN] Loss: 0.4868, Accuracy: 79.17%, AUC: 0.78 - [VAL] Loss: 0.5006, Accuracy: 78.47%, AUC: 0.78
Epoch [89/100] - [TRAIN] Loss: 0.4879, Accuracy: 79.19%, AUC: 0.78 - [VAL] Loss: 0.5030, Accuracy: 78.54%, AUC: 0.77
Epoch [90/100] - [TRAIN] Loss: 0.4868, Accuracy: 79.20%, AUC: 0.78 - [VAL] Loss: 0.5004, Accuracy: 78.58%, AUC: 0.78
Epoch [91/100] - [TRAIN] Loss: 0.4871, Accuracy: 79.24%, AUC: 0.78 - [VAL] Loss: 0.5005, Accuracy: 78.60%, AUC: 0.78
Epoch [92/100] - [TRAIN] Loss: 0.4855, Accuracy: 79.13%, AUC: 0.78 - [VAL] Loss: 0.5004, Accuracy: 78.57%, AUC: 0.78
Epoch [93/100] - [TRAIN] Loss: 0.4863, Accuracy: 79.25%, AUC: 0.78 - [VAL] Loss: 0.5008, Accuracy: 78.54%, AUC: 0.78
New best model saved with validation metric: 25.1169
Epoch [94/100] - [TRAIN] Loss: 0.4850, Accuracy: 79.16%, AUC: 0.78 - [VAL] Loss: 0.5004, Accuracy: 78.65%, AUC: 0.78
Epoch [95/100] - [TRAIN] Loss: 0.4856, Accuracy: 79.05%, AUC: 0.78 - [VAL] Loss: 0.5006, Accuracy: 78.62%, AUC: 0.78
Epoch [96/100] - [TRAIN] Loss: 0.4860, Accuracy: 79.16%, AUC: 0.78 - [VAL] Loss: 0.5004, Accuracy: 78.64%, AUC: 0.78
Epoch [97/100] - [TRAIN] Loss: 0.4862, Accuracy: 79.20%, AUC: 0.78 - [VAL] Loss: 0.5010, Accuracy: 78.58%, AUC: 0.78
Epoch [98/100] - [TRAIN] Loss: 0.4856, Accuracy: 79.08%, AUC: 0.78 - [VAL] Loss: 0.5025, Accuracy: 78.39%, AUC: 0.78
Epoch [99/100] - [TRAIN] Loss: 0.4841, Accuracy: 79.25%, AUC: 0.78 - [VAL] Loss: 0.5010, Accuracy: 78.50%, AUC: 0.78
Epoch [100/100] - [TRAIN] Loss: 0.4853, Accuracy: 79.11%, AUC: 0.78 - [VAL] Loss: 0.5010, Accuracy: 78.53%, AUC: 0.78
Training finished!
Accuracy Score on test set: 78.76 %
AUC Score on test set: 0.78
Item: H3K27me3-H3K4me3
Train set shape: (7399, 2, 4000) (7399,)
Validation set shape: (7377, 2, 4000) (7377,)
Test set shape: (7378, 2, 4000) (7378,)
New best model saved with validation metric: 19.4242
Epoch [1/100] - [TRAIN] Loss: 0.6658, Accuracy: 58.99%, AUC: 0.51 - [VAL] Loss: 0.6361, Accuracy: 60.82%, AUC: 0.50
Epoch [2/100] - [TRAIN] Loss: 0.6146, Accuracy: 60.82%, AUC: 0.50 - [VAL] Loss: 0.5908, Accuracy: 60.82%, AUC: 0.50
New best model saved with validation metric: 24.7922
Epoch [3/100] - [TRAIN] Loss: 0.5745, Accuracy: 70.13%, AUC: 0.65 - [VAL] Loss: 0.5566, Accuracy: 77.63%, AUC: 0.76
Epoch [4/100] - [TRAIN] Loss: 0.5466, Accuracy: 77.63%, AUC: 0.76 - [VAL] Loss: 0.5355, Accuracy: 77.62%, AUC: 0.77
Epoch [5/100] - [TRAIN] Loss: 0.5306, Accuracy: 77.88%, AUC: 0.77 - [VAL] Loss: 0.5259, Accuracy: 77.62%, AUC: 0.77
Epoch [6/100] - [TRAIN] Loss: 0.5237, Accuracy: 77.79%, AUC: 0.77 - [VAL] Loss: 0.5221, Accuracy: 77.33%, AUC: 0.77
Epoch [7/100] - [TRAIN] Loss: 0.5193, Accuracy: 77.85%, AUC: 0.77 - [VAL] Loss: 0.5191, Accuracy: 77.51%, AUC: 0.77
Epoch [8/100] - [TRAIN] Loss: 0.5176, Accuracy: 77.77%, AUC: 0.77 - [VAL] Loss: 0.5173, Accuracy: 77.58%, AUC: 0.77
Epoch [9/100] - [TRAIN] Loss: 0.5153, Accuracy: 77.81%, AUC: 0.77 - [VAL] Loss: 0.5169, Accuracy: 77.46%, AUC: 0.77
Epoch [10/100] - [TRAIN] Loss: 0.5140, Accuracy: 77.83%, AUC: 0.77 - [VAL] Loss: 0.5151, Accuracy: 77.61%, AUC: 0.77
New best model saved with validation metric: 24.8009
Epoch [11/100] - [TRAIN] Loss: 0.5139, Accuracy: 77.90%, AUC: 0.77 - [VAL] Loss: 0.5138, Accuracy: 77.66%, AUC: 0.77
New best model saved with validation metric: 24.8225
Epoch [12/100] - [TRAIN] Loss: 0.5119, Accuracy: 78.11%, AUC: 0.77 - [VAL] Loss: 0.5130, Accuracy: 77.73%, AUC: 0.77
Epoch [13/100] - [TRAIN] Loss: 0.5105, Accuracy: 78.04%, AUC: 0.77 - [VAL] Loss: 0.5129, Accuracy: 77.61%, AUC: 0.77
Epoch [14/100] - [TRAIN] Loss: 0.5099, Accuracy: 78.15%, AUC: 0.77 - [VAL] Loss: 0.5124, Accuracy: 77.67%, AUC: 0.77
Epoch [15/100] - [TRAIN] Loss: 0.5095, Accuracy: 78.23%, AUC: 0.78 - [VAL] Loss: 0.5110, Accuracy: 77.69%, AUC: 0.77
New best model saved with validation metric: 24.8485
Epoch [16/100] - [TRAIN] Loss: 0.5075, Accuracy: 78.23%, AUC: 0.78 - [VAL] Loss: 0.5102, Accuracy: 77.81%, AUC: 0.77
Epoch [17/100] - [TRAIN] Loss: 0.5074, Accuracy: 78.21%, AUC: 0.77 - [VAL] Loss: 0.5099, Accuracy: 77.67%, AUC: 0.77
Epoch [18/100] - [TRAIN] Loss: 0.5071, Accuracy: 78.16%, AUC: 0.77 - [VAL] Loss: 0.5095, Accuracy: 77.70%, AUC: 0.77
New best model saved with validation metric: 24.8874
Epoch [19/100] - [TRAIN] Loss: 0.5072, Accuracy: 78.35%, AUC: 0.78 - [VAL] Loss: 0.5086, Accuracy: 77.93%, AUC: 0.77
Epoch [20/100] - [TRAIN] Loss: 0.5071, Accuracy: 78.32%, AUC: 0.78 - [VAL] Loss: 0.5085, Accuracy: 77.78%, AUC: 0.77
Epoch [21/100] - [TRAIN] Loss: 0.5057, Accuracy: 78.23%, AUC: 0.77 - [VAL] Loss: 0.5077, Accuracy: 77.93%, AUC: 0.77
Epoch [22/100] - [TRAIN] Loss: 0.5044, Accuracy: 78.29%, AUC: 0.77 - [VAL] Loss: 0.5081, Accuracy: 77.85%, AUC: 0.77
New best model saved with validation metric: 24.9221
Epoch [23/100] - [TRAIN] Loss: 0.5047, Accuracy: 78.48%, AUC: 0.78 - [VAL] Loss: 0.5071, Accuracy: 78.04%, AUC: 0.77
New best model saved with validation metric: 24.9307
Epoch [24/100] - [TRAIN] Loss: 0.5053, Accuracy: 78.32%, AUC: 0.77 - [VAL] Loss: 0.5068, Accuracy: 78.07%, AUC: 0.77
Epoch [25/100] - [TRAIN] Loss: 0.5044, Accuracy: 78.43%, AUC: 0.78 - [VAL] Loss: 0.5070, Accuracy: 77.93%, AUC: 0.77
Epoch [26/100] - [TRAIN] Loss: 0.5041, Accuracy: 78.40%, AUC: 0.78 - [VAL] Loss: 0.5060, Accuracy: 78.00%, AUC: 0.77
New best model saved with validation metric: 24.9524
Epoch [27/100] - [TRAIN] Loss: 0.5022, Accuracy: 78.36%, AUC: 0.78 - [VAL] Loss: 0.5060, Accuracy: 78.13%, AUC: 0.77
New best model saved with validation metric: 24.9567
Epoch [28/100] - [TRAIN] Loss: 0.5034, Accuracy: 78.61%, AUC: 0.78 - [VAL] Loss: 0.5058, Accuracy: 78.15%, AUC: 0.78
Epoch [29/100] - [TRAIN] Loss: 0.5022, Accuracy: 78.52%, AUC: 0.78 - [VAL] Loss: 0.5054, Accuracy: 78.05%, AUC: 0.77
Epoch [30/100] - [TRAIN] Loss: 0.5013, Accuracy: 78.40%, AUC: 0.78 - [VAL] Loss: 0.5049, Accuracy: 78.13%, AUC: 0.77
Epoch [31/100] - [TRAIN] Loss: 0.5021, Accuracy: 78.47%, AUC: 0.78 - [VAL] Loss: 0.5048, Accuracy: 78.08%, AUC: 0.77
Epoch [32/100] - [TRAIN] Loss: 0.5014, Accuracy: 78.54%, AUC: 0.78 - [VAL] Loss: 0.5051, Accuracy: 78.05%, AUC: 0.77
Epoch [33/100] - [TRAIN] Loss: 0.5012, Accuracy: 78.54%, AUC: 0.78 - [VAL] Loss: 0.5046, Accuracy: 78.03%, AUC: 0.77
New best model saved with validation metric: 24.9697
Epoch [34/100] - [TRAIN] Loss: 0.4999, Accuracy: 78.56%, AUC: 0.78 - [VAL] Loss: 0.5039, Accuracy: 78.19%, AUC: 0.77
New best model saved with validation metric: 25.0043
Epoch [35/100] - [TRAIN] Loss: 0.5011, Accuracy: 78.65%, AUC: 0.78 - [VAL] Loss: 0.5040, Accuracy: 78.30%, AUC: 0.77
Epoch [36/100] - [TRAIN] Loss: 0.5015, Accuracy: 78.65%, AUC: 0.78 - [VAL] Loss: 0.5045, Accuracy: 78.04%, AUC: 0.77
Epoch [37/100] - [TRAIN] Loss: 0.5006, Accuracy: 78.66%, AUC: 0.78 - [VAL] Loss: 0.5034, Accuracy: 78.26%, AUC: 0.77
Epoch [38/100] - [TRAIN] Loss: 0.4999, Accuracy: 78.67%, AUC: 0.78 - [VAL] Loss: 0.5035, Accuracy: 78.23%, AUC: 0.78
Epoch [39/100] - [TRAIN] Loss: 0.4991, Accuracy: 78.78%, AUC: 0.78 - [VAL] Loss: 0.5031, Accuracy: 78.23%, AUC: 0.77
Epoch [40/100] - [TRAIN] Loss: 0.4978, Accuracy: 78.78%, AUC: 0.78 - [VAL] Loss: 0.5032, Accuracy: 78.26%, AUC: 0.78
New best model saved with validation metric: 25.0173
Epoch [41/100] - [TRAIN] Loss: 0.4980, Accuracy: 78.83%, AUC: 0.78 - [VAL] Loss: 0.5029, Accuracy: 78.34%, AUC: 0.77
New best model saved with validation metric: 25.0346
Epoch [42/100] - [TRAIN] Loss: 0.4992, Accuracy: 78.78%, AUC: 0.78 - [VAL] Loss: 0.5025, Accuracy: 78.39%, AUC: 0.78
New best model saved with validation metric: 25.0476
Epoch [43/100] - [TRAIN] Loss: 0.4980, Accuracy: 78.56%, AUC: 0.78 - [VAL] Loss: 0.5024, Accuracy: 78.43%, AUC: 0.78
Epoch [44/100] - [TRAIN] Loss: 0.4968, Accuracy: 78.78%, AUC: 0.78 - [VAL] Loss: 0.5023, Accuracy: 78.34%, AUC: 0.78
Epoch [45/100] - [TRAIN] Loss: 0.4977, Accuracy: 78.86%, AUC: 0.78 - [VAL] Loss: 0.5026, Accuracy: 78.28%, AUC: 0.78
Epoch [46/100] - [TRAIN] Loss: 0.4973, Accuracy: 78.85%, AUC: 0.78 - [VAL] Loss: 0.5026, Accuracy: 78.27%, AUC: 0.78
Epoch [47/100] - [TRAIN] Loss: 0.4979, Accuracy: 78.77%, AUC: 0.78 - [VAL] Loss: 0.5021, Accuracy: 78.42%, AUC: 0.78
Epoch [48/100] - [TRAIN] Loss: 0.4964, Accuracy: 78.74%, AUC: 0.78 - [VAL] Loss: 0.5026, Accuracy: 78.23%, AUC: 0.78
Epoch [49/100] - [TRAIN] Loss: 0.4967, Accuracy: 78.75%, AUC: 0.78 - [VAL] Loss: 0.5021, Accuracy: 78.34%, AUC: 0.78
New best model saved with validation metric: 25.0563
Epoch [50/100] - [TRAIN] Loss: 0.4968, Accuracy: 78.85%, AUC: 0.78 - [VAL] Loss: 0.5015, Accuracy: 78.46%, AUC: 0.78
Epoch [51/100] - [TRAIN] Loss: 0.4965, Accuracy: 78.83%, AUC: 0.78 - [VAL] Loss: 0.5019, Accuracy: 78.39%, AUC: 0.78
New best model saved with validation metric: 25.0693
Epoch [52/100] - [TRAIN] Loss: 0.4964, Accuracy: 78.82%, AUC: 0.78 - [VAL] Loss: 0.5013, Accuracy: 78.50%, AUC: 0.78
Epoch [53/100] - [TRAIN] Loss: 0.4953, Accuracy: 78.88%, AUC: 0.78 - [VAL] Loss: 0.5014, Accuracy: 78.43%, AUC: 0.78
New best model saved with validation metric: 25.0823
Epoch [54/100] - [TRAIN] Loss: 0.4954, Accuracy: 78.78%, AUC: 0.78 - [VAL] Loss: 0.5011, Accuracy: 78.54%, AUC: 0.78
Epoch [55/100] - [TRAIN] Loss: 0.4953, Accuracy: 78.85%, AUC: 0.78 - [VAL] Loss: 0.5014, Accuracy: 78.42%, AUC: 0.78
Epoch [56/100] - [TRAIN] Loss: 0.4941, Accuracy: 78.90%, AUC: 0.78 - [VAL] Loss: 0.5018, Accuracy: 78.23%, AUC: 0.78
New best model saved with validation metric: 25.0909
Epoch [57/100] - [TRAIN] Loss: 0.4941, Accuracy: 78.94%, AUC: 0.78 - [VAL] Loss: 0.5009, Accuracy: 78.57%, AUC: 0.78
Epoch [58/100] - [TRAIN] Loss: 0.4957, Accuracy: 78.94%, AUC: 0.78 - [VAL] Loss: 0.5012, Accuracy: 78.51%, AUC: 0.78
Epoch [59/100] - [TRAIN] Loss: 0.4955, Accuracy: 78.92%, AUC: 0.78 - [VAL] Loss: 0.5009, Accuracy: 78.55%, AUC: 0.78
Epoch [60/100] - [TRAIN] Loss: 0.4933, Accuracy: 78.93%, AUC: 0.78 - [VAL] Loss: 0.5007, Accuracy: 78.54%, AUC: 0.78
Epoch [61/100] - [TRAIN] Loss: 0.4942, Accuracy: 78.92%, AUC: 0.78 - [VAL] Loss: 0.5014, Accuracy: 78.39%, AUC: 0.78
Epoch [62/100] - [TRAIN] Loss: 0.4941, Accuracy: 79.05%, AUC: 0.78 - [VAL] Loss: 0.5017, Accuracy: 78.31%, AUC: 0.78
Epoch [63/100] - [TRAIN] Loss: 0.4935, Accuracy: 78.96%, AUC: 0.78 - [VAL] Loss: 0.5007, Accuracy: 78.53%, AUC: 0.78
New best model saved with validation metric: 25.0952
Epoch [64/100] - [TRAIN] Loss: 0.4925, Accuracy: 78.83%, AUC: 0.78 - [VAL] Loss: 0.5006, Accuracy: 78.58%, AUC: 0.78
Epoch [65/100] - [TRAIN] Loss: 0.4929, Accuracy: 79.04%, AUC: 0.78 - [VAL] Loss: 0.5010, Accuracy: 78.46%, AUC: 0.78
Epoch [66/100] - [TRAIN] Loss: 0.4914, Accuracy: 78.88%, AUC: 0.78 - [VAL] Loss: 0.5006, Accuracy: 78.58%, AUC: 0.78
Epoch [67/100] - [TRAIN] Loss: 0.4921, Accuracy: 79.04%, AUC: 0.78 - [VAL] Loss: 0.5017, Accuracy: 78.41%, AUC: 0.78
Epoch [68/100] - [TRAIN] Loss: 0.4914, Accuracy: 78.94%, AUC: 0.78 - [VAL] Loss: 0.5007, Accuracy: 78.57%, AUC: 0.78
Epoch [69/100] - [TRAIN] Loss: 0.4919, Accuracy: 78.94%, AUC: 0.78 - [VAL] Loss: 0.5006, Accuracy: 78.58%, AUC: 0.78
Epoch [70/100] - [TRAIN] Loss: 0.4934, Accuracy: 79.12%, AUC: 0.78 - [VAL] Loss: 0.5017, Accuracy: 78.41%, AUC: 0.78
Epoch [71/100] - [TRAIN] Loss: 0.4910, Accuracy: 79.05%, AUC: 0.78 - [VAL] Loss: 0.5010, Accuracy: 78.42%, AUC: 0.78
Epoch [72/100] - [TRAIN] Loss: 0.4909, Accuracy: 79.00%, AUC: 0.78 - [VAL] Loss: 0.5011, Accuracy: 78.50%, AUC: 0.77
Epoch [73/100] - [TRAIN] Loss: 0.4909, Accuracy: 79.13%, AUC: 0.78 - [VAL] Loss: 0.5006, Accuracy: 78.51%, AUC: 0.78
Epoch [74/100] - [TRAIN] Loss: 0.4903, Accuracy: 78.96%, AUC: 0.78 - [VAL] Loss: 0.5007, Accuracy: 78.49%, AUC: 0.78
Epoch [75/100] - [TRAIN] Loss: 0.4901, Accuracy: 79.04%, AUC: 0.78 - [VAL] Loss: 0.5005, Accuracy: 78.51%, AUC: 0.78
New best model saved with validation metric: 25.1126
Epoch [76/100] - [TRAIN] Loss: 0.4912, Accuracy: 78.97%, AUC: 0.78 - [VAL] Loss: 0.5005, Accuracy: 78.64%, AUC: 0.78
Epoch [77/100] - [TRAIN] Loss: 0.4896, Accuracy: 78.97%, AUC: 0.78 - [VAL] Loss: 0.5003, Accuracy: 78.62%, AUC: 0.78
Epoch [78/100] - [TRAIN] Loss: 0.4905, Accuracy: 79.00%, AUC: 0.78 - [VAL] Loss: 0.5003, Accuracy: 78.58%, AUC: 0.78
Epoch [79/100] - [TRAIN] Loss: 0.4906, Accuracy: 79.06%, AUC: 0.78 - [VAL] Loss: 0.5003, Accuracy: 78.58%, AUC: 0.78
Epoch [80/100] - [TRAIN] Loss: 0.4891, Accuracy: 79.05%, AUC: 0.78 - [VAL] Loss: 0.5009, Accuracy: 78.43%, AUC: 0.78
Epoch [81/100] - [TRAIN] Loss: 0.4900, Accuracy: 78.93%, AUC: 0.78 - [VAL] Loss: 0.5004, Accuracy: 78.61%, AUC: 0.78
Epoch [82/100] - [TRAIN] Loss: 0.4908, Accuracy: 78.93%, AUC: 0.78 - [VAL] Loss: 0.5003, Accuracy: 78.61%, AUC: 0.78
Epoch [83/100] - [TRAIN] Loss: 0.4888, Accuracy: 79.02%, AUC: 0.78 - [VAL] Loss: 0.5003, Accuracy: 78.61%, AUC: 0.78
Epoch [84/100] - [TRAIN] Loss: 0.4891, Accuracy: 79.11%, AUC: 0.78 - [VAL] Loss: 0.5006, Accuracy: 78.60%, AUC: 0.78
Epoch [85/100] - [TRAIN] Loss: 0.4887, Accuracy: 79.02%, AUC: 0.78 - [VAL] Loss: 0.5011, Accuracy: 78.41%, AUC: 0.78
Epoch [86/100] - [TRAIN] Loss: 0.4904, Accuracy: 79.12%, AUC: 0.78 - [VAL] Loss: 0.5028, Accuracy: 78.38%, AUC: 0.78
Epoch [87/100] - [TRAIN] Loss: 0.4905, Accuracy: 78.98%, AUC: 0.78 - [VAL] Loss: 0.5003, Accuracy: 78.64%, AUC: 0.78
Epoch [88/100] - [TRAIN] Loss: 0.4887, Accuracy: 79.09%, AUC: 0.78 - [VAL] Loss: 0.5014, Accuracy: 78.43%, AUC: 0.78
Epoch [89/100] - [TRAIN] Loss: 0.4882, Accuracy: 78.96%, AUC: 0.78 - [VAL] Loss: 0.5004, Accuracy: 78.54%, AUC: 0.78
Epoch [90/100] - [TRAIN] Loss: 0.4897, Accuracy: 78.97%, AUC: 0.78 - [VAL] Loss: 0.5018, Accuracy: 78.53%, AUC: 0.77
Epoch [91/100] - [TRAIN] Loss: 0.4893, Accuracy: 79.05%, AUC: 0.78 - [VAL] Loss: 0.5005, Accuracy: 78.54%, AUC: 0.78
Epoch [92/100] - [TRAIN] Loss: 0.4889, Accuracy: 79.08%, AUC: 0.78 - [VAL] Loss: 0.5007, Accuracy: 78.50%, AUC: 0.78
Epoch [93/100] - [TRAIN] Loss: 0.4887, Accuracy: 79.16%, AUC: 0.78 - [VAL] Loss: 0.5004, Accuracy: 78.54%, AUC: 0.78
Epoch [94/100] - [TRAIN] Loss: 0.4876, Accuracy: 79.15%, AUC: 0.78 - [VAL] Loss: 0.5003, Accuracy: 78.64%, AUC: 0.78
Epoch [95/100] - [TRAIN] Loss: 0.4880, Accuracy: 79.17%, AUC: 0.78 - [VAL] Loss: 0.5005, Accuracy: 78.60%, AUC: 0.78
Epoch [96/100] - [TRAIN] Loss: 0.4877, Accuracy: 79.05%, AUC: 0.78 - [VAL] Loss: 0.5017, Accuracy: 78.46%, AUC: 0.78
Epoch [97/100] - [TRAIN] Loss: 0.4884, Accuracy: 79.04%, AUC: 0.78 - [VAL] Loss: 0.5004, Accuracy: 78.49%, AUC: 0.78
Epoch [98/100] - [TRAIN] Loss: 0.4870, Accuracy: 79.08%, AUC: 0.78 - [VAL] Loss: 0.5010, Accuracy: 78.39%, AUC: 0.78
Epoch [99/100] - [TRAIN] Loss: 0.4863, Accuracy: 79.21%, AUC: 0.78 - [VAL] Loss: 0.5004, Accuracy: 78.58%, AUC: 0.78
Epoch [100/100] - [TRAIN] Loss: 0.4879, Accuracy: 79.11%, AUC: 0.78 - [VAL] Loss: 0.5013, Accuracy: 78.43%, AUC: 0.78
Training finished!
Accuracy Score on test set: 78.69 %
AUC Score on test set: 0.78
Item: H3K9ac-H3K9me3
Train set shape: (7399, 2, 4000) (7399,)
Validation set shape: (7377, 2, 4000) (7377,)
Test set shape: (7378, 2, 4000) (7378,)
New best model saved with validation metric: 19.4242
Epoch [1/100] - [TRAIN] Loss: 0.6661, Accuracy: 60.82%, AUC: 0.50 - [VAL] Loss: 0.6468, Accuracy: 60.82%, AUC: 0.50
Epoch [2/100] - [TRAIN] Loss: 0.6367, Accuracy: 60.82%, AUC: 0.50 - [VAL] Loss: 0.6213, Accuracy: 60.82%, AUC: 0.50
Epoch [3/100] - [TRAIN] Loss: 0.6134, Accuracy: 60.82%, AUC: 0.50 - [VAL] Loss: 0.5984, Accuracy: 60.82%, AUC: 0.50
Epoch [4/100] - [TRAIN] Loss: 0.5923, Accuracy: 60.82%, AUC: 0.50 - [VAL] Loss: 0.5765, Accuracy: 60.82%, AUC: 0.50
New best model saved with validation metric: 24.9957
Epoch [5/100] - [TRAIN] Loss: 0.5732, Accuracy: 63.18%, AUC: 0.54 - [VAL] Loss: 0.5575, Accuracy: 78.27%, AUC: 0.78
Epoch [6/100] - [TRAIN] Loss: 0.5572, Accuracy: 77.43%, AUC: 0.76 - [VAL] Loss: 0.5440, Accuracy: 77.82%, AUC: 0.78
Epoch [7/100] - [TRAIN] Loss: 0.5469, Accuracy: 77.74%, AUC: 0.77 - [VAL] Loss: 0.5357, Accuracy: 77.50%, AUC: 0.77
Epoch [8/100] - [TRAIN] Loss: 0.5409, Accuracy: 77.67%, AUC: 0.77 - [VAL] Loss: 0.5304, Accuracy: 77.51%, AUC: 0.78
Epoch [9/100] - [TRAIN] Loss: 0.5370, Accuracy: 77.51%, AUC: 0.77 - [VAL] Loss: 0.5270, Accuracy: 77.59%, AUC: 0.78
Epoch [10/100] - [TRAIN] Loss: 0.5340, Accuracy: 77.54%, AUC: 0.77 - [VAL] Loss: 0.5247, Accuracy: 77.27%, AUC: 0.77
Epoch [11/100] - [TRAIN] Loss: 0.5306, Accuracy: 77.56%, AUC: 0.77 - [VAL] Loss: 0.5229, Accuracy: 77.23%, AUC: 0.77
Epoch [12/100] - [TRAIN] Loss: 0.5292, Accuracy: 77.36%, AUC: 0.77 - [VAL] Loss: 0.5205, Accuracy: 77.50%, AUC: 0.78
Epoch [13/100] - [TRAIN] Loss: 0.5276, Accuracy: 77.62%, AUC: 0.77 - [VAL] Loss: 0.5192, Accuracy: 77.32%, AUC: 0.78
Epoch [14/100] - [TRAIN] Loss: 0.5262, Accuracy: 77.42%, AUC: 0.77 - [VAL] Loss: 0.5183, Accuracy: 77.20%, AUC: 0.77
Epoch [15/100] - [TRAIN] Loss: 0.5235, Accuracy: 77.58%, AUC: 0.77 - [VAL] Loss: 0.5173, Accuracy: 77.17%, AUC: 0.77
Epoch [16/100] - [TRAIN] Loss: 0.5228, Accuracy: 77.31%, AUC: 0.77 - [VAL] Loss: 0.5155, Accuracy: 77.54%, AUC: 0.78
Epoch [17/100] - [TRAIN] Loss: 0.5213, Accuracy: 77.48%, AUC: 0.77 - [VAL] Loss: 0.5146, Accuracy: 77.58%, AUC: 0.78
Epoch [18/100] - [TRAIN] Loss: 0.5203, Accuracy: 77.66%, AUC: 0.77 - [VAL] Loss: 0.5143, Accuracy: 77.27%, AUC: 0.77
Epoch [19/100] - [TRAIN] Loss: 0.5197, Accuracy: 77.56%, AUC: 0.77 - [VAL] Loss: 0.5130, Accuracy: 77.63%, AUC: 0.78
Epoch [20/100] - [TRAIN] Loss: 0.5189, Accuracy: 77.71%, AUC: 0.77 - [VAL] Loss: 0.5124, Accuracy: 77.66%, AUC: 0.78
Epoch [21/100] - [TRAIN] Loss: 0.5203, Accuracy: 77.74%, AUC: 0.77 - [VAL] Loss: 0.5120, Accuracy: 77.67%, AUC: 0.78
Epoch [22/100] - [TRAIN] Loss: 0.5174, Accuracy: 77.73%, AUC: 0.77 - [VAL] Loss: 0.5116, Accuracy: 77.58%, AUC: 0.78
Epoch [23/100] - [TRAIN] Loss: 0.5166, Accuracy: 77.86%, AUC: 0.78 - [VAL] Loss: 0.5112, Accuracy: 77.62%, AUC: 0.78
Epoch [24/100] - [TRAIN] Loss: 0.5160, Accuracy: 77.79%, AUC: 0.77 - [VAL] Loss: 0.5102, Accuracy: 77.71%, AUC: 0.78
Epoch [25/100] - [TRAIN] Loss: 0.5155, Accuracy: 77.86%, AUC: 0.77 - [VAL] Loss: 0.5101, Accuracy: 77.61%, AUC: 0.78
Epoch [26/100] - [TRAIN] Loss: 0.5147, Accuracy: 77.90%, AUC: 0.78 - [VAL] Loss: 0.5092, Accuracy: 77.81%, AUC: 0.78
Epoch [27/100] - [TRAIN] Loss: 0.5137, Accuracy: 77.92%, AUC: 0.78 - [VAL] Loss: 0.5087, Accuracy: 77.84%, AUC: 0.78
Epoch [28/100] - [TRAIN] Loss: 0.5140, Accuracy: 77.94%, AUC: 0.78 - [VAL] Loss: 0.5093, Accuracy: 77.51%, AUC: 0.78
Epoch [29/100] - [TRAIN] Loss: 0.5129, Accuracy: 77.96%, AUC: 0.78 - [VAL] Loss: 0.5097, Accuracy: 77.47%, AUC: 0.78
Epoch [30/100] - [TRAIN] Loss: 0.5124, Accuracy: 78.17%, AUC: 0.78 - [VAL] Loss: 0.5080, Accuracy: 77.81%, AUC: 0.78
Epoch [31/100] - [TRAIN] Loss: 0.5120, Accuracy: 78.01%, AUC: 0.78 - [VAL] Loss: 0.5071, Accuracy: 78.05%, AUC: 0.78
Epoch [32/100] - [TRAIN] Loss: 0.5117, Accuracy: 77.89%, AUC: 0.77 - [VAL] Loss: 0.5073, Accuracy: 77.86%, AUC: 0.78
Epoch [33/100] - [TRAIN] Loss: 0.5104, Accuracy: 78.09%, AUC: 0.78 - [VAL] Loss: 0.5074, Accuracy: 77.81%, AUC: 0.78
Epoch [34/100] - [TRAIN] Loss: 0.5103, Accuracy: 78.08%, AUC: 0.78 - [VAL] Loss: 0.5077, Accuracy: 77.69%, AUC: 0.78
Epoch [35/100] - [TRAIN] Loss: 0.5100, Accuracy: 78.05%, AUC: 0.78 - [VAL] Loss: 0.5078, Accuracy: 77.58%, AUC: 0.78
Epoch [36/100] - [TRAIN] Loss: 0.5094, Accuracy: 78.15%, AUC: 0.78 - [VAL] Loss: 0.5058, Accuracy: 78.05%, AUC: 0.78
Epoch [37/100] - [TRAIN] Loss: 0.5093, Accuracy: 78.13%, AUC: 0.78 - [VAL] Loss: 0.5054, Accuracy: 78.07%, AUC: 0.78
Epoch [38/100] - [TRAIN] Loss: 0.5087, Accuracy: 78.25%, AUC: 0.78 - [VAL] Loss: 0.5055, Accuracy: 77.97%, AUC: 0.78
New best model saved with validation metric: 25.0043
Epoch [39/100] - [TRAIN] Loss: 0.5082, Accuracy: 78.17%, AUC: 0.78 - [VAL] Loss: 0.5049, Accuracy: 78.30%, AUC: 0.78
Epoch [40/100] - [TRAIN] Loss: 0.5074, Accuracy: 78.17%, AUC: 0.78 - [VAL] Loss: 0.5047, Accuracy: 78.20%, AUC: 0.78
Epoch [41/100] - [TRAIN] Loss: 0.5083, Accuracy: 78.12%, AUC: 0.78 - [VAL] Loss: 0.5045, Accuracy: 78.26%, AUC: 0.78
New best model saved with validation metric: 25.0173
Epoch [42/100] - [TRAIN] Loss: 0.5075, Accuracy: 78.13%, AUC: 0.78 - [VAL] Loss: 0.5042, Accuracy: 78.34%, AUC: 0.78
Epoch [43/100] - [TRAIN] Loss: 0.5068, Accuracy: 78.29%, AUC: 0.78 - [VAL] Loss: 0.5041, Accuracy: 78.31%, AUC: 0.78
Epoch [44/100] - [TRAIN] Loss: 0.5079, Accuracy: 78.17%, AUC: 0.78 - [VAL] Loss: 0.5041, Accuracy: 78.31%, AUC: 0.78
Epoch [45/100] - [TRAIN] Loss: 0.5076, Accuracy: 78.20%, AUC: 0.78 - [VAL] Loss: 0.5038, Accuracy: 78.28%, AUC: 0.78
Epoch [46/100] - [TRAIN] Loss: 0.5063, Accuracy: 78.33%, AUC: 0.78 - [VAL] Loss: 0.5037, Accuracy: 78.30%, AUC: 0.78
Epoch [47/100] - [TRAIN] Loss: 0.5055, Accuracy: 78.17%, AUC: 0.78 - [VAL] Loss: 0.5043, Accuracy: 78.09%, AUC: 0.78
Epoch [48/100] - [TRAIN] Loss: 0.5048, Accuracy: 78.35%, AUC: 0.78 - [VAL] Loss: 0.5035, Accuracy: 78.32%, AUC: 0.78
Epoch [49/100] - [TRAIN] Loss: 0.5049, Accuracy: 78.29%, AUC: 0.78 - [VAL] Loss: 0.5033, Accuracy: 78.27%, AUC: 0.78
Epoch [50/100] - [TRAIN] Loss: 0.5048, Accuracy: 78.33%, AUC: 0.78 - [VAL] Loss: 0.5032, Accuracy: 78.28%, AUC: 0.78
Epoch [51/100] - [TRAIN] Loss: 0.5040, Accuracy: 78.32%, AUC: 0.78 - [VAL] Loss: 0.5029, Accuracy: 78.28%, AUC: 0.78
Epoch [52/100] - [TRAIN] Loss: 0.5040, Accuracy: 78.32%, AUC: 0.78 - [VAL] Loss: 0.5032, Accuracy: 78.26%, AUC: 0.78
Epoch [53/100] - [TRAIN] Loss: 0.5033, Accuracy: 78.31%, AUC: 0.78 - [VAL] Loss: 0.5027, Accuracy: 78.27%, AUC: 0.78
Epoch [54/100] - [TRAIN] Loss: 0.5036, Accuracy: 78.46%, AUC: 0.78 - [VAL] Loss: 0.5038, Accuracy: 78.13%, AUC: 0.78
Epoch [55/100] - [TRAIN] Loss: 0.5022, Accuracy: 78.31%, AUC: 0.78 - [VAL] Loss: 0.5024, Accuracy: 78.30%, AUC: 0.78
Epoch [56/100] - [TRAIN] Loss: 0.5035, Accuracy: 78.44%, AUC: 0.78 - [VAL] Loss: 0.5023, Accuracy: 78.30%, AUC: 0.78
Epoch [57/100] - [TRAIN] Loss: 0.5025, Accuracy: 78.36%, AUC: 0.78 - [VAL] Loss: 0.5024, Accuracy: 78.31%, AUC: 0.78
Epoch [58/100] - [TRAIN] Loss: 0.5030, Accuracy: 78.48%, AUC: 0.78 - [VAL] Loss: 0.5033, Accuracy: 78.23%, AUC: 0.78
Epoch [59/100] - [TRAIN] Loss: 0.5038, Accuracy: 78.50%, AUC: 0.78 - [VAL] Loss: 0.5022, Accuracy: 78.32%, AUC: 0.78
Epoch [60/100] - [TRAIN] Loss: 0.5023, Accuracy: 78.48%, AUC: 0.78 - [VAL] Loss: 0.5046, Accuracy: 78.16%, AUC: 0.78
Epoch [61/100] - [TRAIN] Loss: 0.5014, Accuracy: 78.42%, AUC: 0.78 - [VAL] Loss: 0.5043, Accuracy: 78.12%, AUC: 0.78
Epoch [62/100] - [TRAIN] Loss: 0.5010, Accuracy: 78.48%, AUC: 0.78 - [VAL] Loss: 0.5036, Accuracy: 78.18%, AUC: 0.78
Epoch [63/100] - [TRAIN] Loss: 0.5012, Accuracy: 78.43%, AUC: 0.78 - [VAL] Loss: 0.5022, Accuracy: 78.32%, AUC: 0.78
Epoch [64/100] - [TRAIN] Loss: 0.5009, Accuracy: 78.52%, AUC: 0.78 - [VAL] Loss: 0.5019, Accuracy: 78.30%, AUC: 0.78
Epoch [65/100] - [TRAIN] Loss: 0.5016, Accuracy: 78.50%, AUC: 0.78 - [VAL] Loss: 0.5022, Accuracy: 78.28%, AUC: 0.78
Epoch [66/100] - [TRAIN] Loss: 0.4999, Accuracy: 78.44%, AUC: 0.78 - [VAL] Loss: 0.5022, Accuracy: 78.27%, AUC: 0.78
Epoch [67/100] - [TRAIN] Loss: 0.4999, Accuracy: 78.47%, AUC: 0.78 - [VAL] Loss: 0.5019, Accuracy: 78.32%, AUC: 0.78
New best model saved with validation metric: 25.0346
Epoch [68/100] - [TRAIN] Loss: 0.4998, Accuracy: 78.43%, AUC: 0.78 - [VAL] Loss: 0.5018, Accuracy: 78.39%, AUC: 0.78
Epoch [69/100] - [TRAIN] Loss: 0.4995, Accuracy: 78.54%, AUC: 0.78 - [VAL] Loss: 0.5019, Accuracy: 78.37%, AUC: 0.78
New best model saved with validation metric: 25.0736
Epoch [70/100] - [TRAIN] Loss: 0.5012, Accuracy: 78.51%, AUC: 0.78 - [VAL] Loss: 0.5027, Accuracy: 78.51%, AUC: 0.78
Epoch [71/100] - [TRAIN] Loss: 0.4993, Accuracy: 78.48%, AUC: 0.78 - [VAL] Loss: 0.5032, Accuracy: 78.26%, AUC: 0.78
Epoch [72/100] - [TRAIN] Loss: 0.4982, Accuracy: 78.47%, AUC: 0.78 - [VAL] Loss: 0.5021, Accuracy: 78.31%, AUC: 0.78
Epoch [73/100] - [TRAIN] Loss: 0.5001, Accuracy: 78.58%, AUC: 0.78 - [VAL] Loss: 0.5020, Accuracy: 78.43%, AUC: 0.78
Epoch [74/100] - [TRAIN] Loss: 0.4991, Accuracy: 78.50%, AUC: 0.78 - [VAL] Loss: 0.5020, Accuracy: 78.41%, AUC: 0.78
Epoch [75/100] - [TRAIN] Loss: 0.4995, Accuracy: 78.44%, AUC: 0.78 - [VAL] Loss: 0.5033, Accuracy: 78.30%, AUC: 0.78
Epoch [76/100] - [TRAIN] Loss: 0.4987, Accuracy: 78.58%, AUC: 0.78 - [VAL] Loss: 0.5019, Accuracy: 78.38%, AUC: 0.78
Epoch [77/100] - [TRAIN] Loss: 0.4993, Accuracy: 78.51%, AUC: 0.78 - [VAL] Loss: 0.5018, Accuracy: 78.42%, AUC: 0.78
Epoch [78/100] - [TRAIN] Loss: 0.4997, Accuracy: 78.51%, AUC: 0.78 - [VAL] Loss: 0.5021, Accuracy: 78.39%, AUC: 0.78
Epoch [79/100] - [TRAIN] Loss: 0.4979, Accuracy: 78.52%, AUC: 0.78 - [VAL] Loss: 0.5019, Accuracy: 78.42%, AUC: 0.78
Epoch [80/100] - [TRAIN] Loss: 0.4986, Accuracy: 78.55%, AUC: 0.78 - [VAL] Loss: 0.5018, Accuracy: 78.41%, AUC: 0.78
Epoch [81/100] - [TRAIN] Loss: 0.4972, Accuracy: 78.63%, AUC: 0.78 - [VAL] Loss: 0.5022, Accuracy: 78.42%, AUC: 0.78
Epoch [82/100] - [TRAIN] Loss: 0.4981, Accuracy: 78.58%, AUC: 0.78 - [VAL] Loss: 0.5020, Accuracy: 78.41%, AUC: 0.78
Epoch [83/100] - [TRAIN] Loss: 0.4972, Accuracy: 78.51%, AUC: 0.78 - [VAL] Loss: 0.5020, Accuracy: 78.41%, AUC: 0.78
Epoch [84/100] - [TRAIN] Loss: 0.4972, Accuracy: 78.47%, AUC: 0.78 - [VAL] Loss: 0.5024, Accuracy: 78.49%, AUC: 0.78
Epoch [85/100] - [TRAIN] Loss: 0.4973, Accuracy: 78.56%, AUC: 0.78 - [VAL] Loss: 0.5021, Accuracy: 78.38%, AUC: 0.78
Epoch [86/100] - [TRAIN] Loss: 0.4971, Accuracy: 78.54%, AUC: 0.78 - [VAL] Loss: 0.5020, Accuracy: 78.42%, AUC: 0.78
Epoch [87/100] - [TRAIN] Loss: 0.4970, Accuracy: 78.58%, AUC: 0.78 - [VAL] Loss: 0.5020, Accuracy: 78.42%, AUC: 0.78
Epoch [88/100] - [TRAIN] Loss: 0.4963, Accuracy: 78.58%, AUC: 0.78 - [VAL] Loss: 0.5022, Accuracy: 78.38%, AUC: 0.78
Epoch [89/100] - [TRAIN] Loss: 0.4978, Accuracy: 78.66%, AUC: 0.78 - [VAL] Loss: 0.5027, Accuracy: 78.34%, AUC: 0.78
Epoch [90/100] - [TRAIN] Loss: 0.4977, Accuracy: 78.56%, AUC: 0.78 - [VAL] Loss: 0.5038, Accuracy: 78.31%, AUC: 0.78
Epoch [91/100] - [TRAIN] Loss: 0.4968, Accuracy: 78.56%, AUC: 0.78 - [VAL] Loss: 0.5026, Accuracy: 78.41%, AUC: 0.78
Epoch [92/100] - [TRAIN] Loss: 0.4956, Accuracy: 78.58%, AUC: 0.78 - [VAL] Loss: 0.5024, Accuracy: 78.38%, AUC: 0.78
New best model saved with validation metric: 25.1039
Epoch [93/100] - [TRAIN] Loss: 0.4950, Accuracy: 78.58%, AUC: 0.78 - [VAL] Loss: 0.5034, Accuracy: 78.61%, AUC: 0.78
Epoch [94/100] - [TRAIN] Loss: 0.4970, Accuracy: 78.59%, AUC: 0.78 - [VAL] Loss: 0.5028, Accuracy: 78.38%, AUC: 0.78
Epoch [95/100] - [TRAIN] Loss: 0.4955, Accuracy: 78.63%, AUC: 0.78 - [VAL] Loss: 0.5038, Accuracy: 78.34%, AUC: 0.78
Epoch [96/100] - [TRAIN] Loss: 0.4968, Accuracy: 78.52%, AUC: 0.78 - [VAL] Loss: 0.5031, Accuracy: 78.45%, AUC: 0.78
Epoch [97/100] - [TRAIN] Loss: 0.4969, Accuracy: 78.56%, AUC: 0.78 - [VAL] Loss: 0.5026, Accuracy: 78.53%, AUC: 0.78
Epoch [98/100] - [TRAIN] Loss: 0.4963, Accuracy: 78.63%, AUC: 0.78 - [VAL] Loss: 0.5040, Accuracy: 78.31%, AUC: 0.78
Epoch [99/100] - [TRAIN] Loss: 0.4971, Accuracy: 78.62%, AUC: 0.78 - [VAL] Loss: 0.5042, Accuracy: 78.30%, AUC: 0.78
Epoch [100/100] - [TRAIN] Loss: 0.4953, Accuracy: 78.56%, AUC: 0.78 - [VAL] Loss: 0.5031, Accuracy: 78.38%, AUC: 0.78
Training finished!
Accuracy Score on test set: 78.71 %
AUC Score on test set: 0.78
Item: H3K9me3-H3K9ac
Train set shape: (7399, 2, 4000) (7399,)
Validation set shape: (7377, 2, 4000) (7377,)
Test set shape: (7378, 2, 4000) (7378,)
New best model saved with validation metric: 19.4242
Epoch [1/100] - [TRAIN] Loss: 0.6657, Accuracy: 60.05%, AUC: 0.50 - [VAL] Loss: 0.6412, Accuracy: 60.82%, AUC: 0.50
Epoch [2/100] - [TRAIN] Loss: 0.6288, Accuracy: 60.82%, AUC: 0.50 - [VAL] Loss: 0.6099, Accuracy: 60.82%, AUC: 0.50
Epoch [3/100] - [TRAIN] Loss: 0.5992, Accuracy: 60.82%, AUC: 0.50 - [VAL] Loss: 0.5781, Accuracy: 60.82%, AUC: 0.50
New best model saved with validation metric: 24.9221
Epoch [4/100] - [TRAIN] Loss: 0.5707, Accuracy: 71.97%, AUC: 0.68 - [VAL] Loss: 0.5522, Accuracy: 78.04%, AUC: 0.78
Epoch [5/100] - [TRAIN] Loss: 0.5516, Accuracy: 77.79%, AUC: 0.77 - [VAL] Loss: 0.5368, Accuracy: 77.78%, AUC: 0.78
Epoch [6/100] - [TRAIN] Loss: 0.5394, Accuracy: 77.63%, AUC: 0.77 - [VAL] Loss: 0.5287, Accuracy: 77.35%, AUC: 0.78
Epoch [7/100] - [TRAIN] Loss: 0.5335, Accuracy: 77.42%, AUC: 0.77 - [VAL] Loss: 0.5242, Accuracy: 77.59%, AUC: 0.78
Epoch [8/100] - [TRAIN] Loss: 0.5311, Accuracy: 77.36%, AUC: 0.77 - [VAL] Loss: 0.5224, Accuracy: 76.81%, AUC: 0.77
Epoch [9/100] - [TRAIN] Loss: 0.5283, Accuracy: 77.23%, AUC: 0.77 - [VAL] Loss: 0.5197, Accuracy: 77.25%, AUC: 0.78
Epoch [10/100] - [TRAIN] Loss: 0.5262, Accuracy: 77.52%, AUC: 0.77 - [VAL] Loss: 0.5182, Accuracy: 77.13%, AUC: 0.77
Epoch [11/100] - [TRAIN] Loss: 0.5250, Accuracy: 77.25%, AUC: 0.77 - [VAL] Loss: 0.5168, Accuracy: 77.27%, AUC: 0.78
Epoch [12/100] - [TRAIN] Loss: 0.5235, Accuracy: 77.43%, AUC: 0.77 - [VAL] Loss: 0.5154, Accuracy: 77.63%, AUC: 0.78
Epoch [13/100] - [TRAIN] Loss: 0.5225, Accuracy: 77.66%, AUC: 0.77 - [VAL] Loss: 0.5148, Accuracy: 77.28%, AUC: 0.78
Epoch [14/100] - [TRAIN] Loss: 0.5211, Accuracy: 77.66%, AUC: 0.77 - [VAL] Loss: 0.5137, Accuracy: 77.46%, AUC: 0.78
Epoch [15/100] - [TRAIN] Loss: 0.5197, Accuracy: 77.78%, AUC: 0.77 - [VAL] Loss: 0.5132, Accuracy: 77.35%, AUC: 0.78
Epoch [16/100] - [TRAIN] Loss: 0.5201, Accuracy: 77.52%, AUC: 0.77 - [VAL] Loss: 0.5121, Accuracy: 77.74%, AUC: 0.78
Epoch [17/100] - [TRAIN] Loss: 0.5186, Accuracy: 77.65%, AUC: 0.77 - [VAL] Loss: 0.5114, Accuracy: 77.84%, AUC: 0.78
Epoch [18/100] - [TRAIN] Loss: 0.5191, Accuracy: 77.78%, AUC: 0.77 - [VAL] Loss: 0.5110, Accuracy: 77.82%, AUC: 0.78
Epoch [19/100] - [TRAIN] Loss: 0.5165, Accuracy: 77.85%, AUC: 0.77 - [VAL] Loss: 0.5114, Accuracy: 77.36%, AUC: 0.78
Epoch [20/100] - [TRAIN] Loss: 0.5160, Accuracy: 77.94%, AUC: 0.78 - [VAL] Loss: 0.5103, Accuracy: 77.61%, AUC: 0.78
Epoch [21/100] - [TRAIN] Loss: 0.5145, Accuracy: 77.89%, AUC: 0.78 - [VAL] Loss: 0.5100, Accuracy: 77.59%, AUC: 0.78
Epoch [22/100] - [TRAIN] Loss: 0.5140, Accuracy: 78.01%, AUC: 0.78 - [VAL] Loss: 0.5113, Accuracy: 77.13%, AUC: 0.77
Epoch [23/100] - [TRAIN] Loss: 0.5155, Accuracy: 77.82%, AUC: 0.77 - [VAL] Loss: 0.5083, Accuracy: 77.88%, AUC: 0.78
Epoch [24/100] - [TRAIN] Loss: 0.5145, Accuracy: 78.12%, AUC: 0.78 - [VAL] Loss: 0.5088, Accuracy: 77.74%, AUC: 0.78
Epoch [25/100] - [TRAIN] Loss: 0.5128, Accuracy: 78.11%, AUC: 0.78 - [VAL] Loss: 0.5075, Accuracy: 77.90%, AUC: 0.78
Epoch [26/100] - [TRAIN] Loss: 0.5134, Accuracy: 78.09%, AUC: 0.78 - [VAL] Loss: 0.5072, Accuracy: 77.93%, AUC: 0.78
Epoch [27/100] - [TRAIN] Loss: 0.5125, Accuracy: 77.90%, AUC: 0.77 - [VAL] Loss: 0.5068, Accuracy: 77.94%, AUC: 0.78
New best model saved with validation metric: 24.9307
Epoch [28/100] - [TRAIN] Loss: 0.5119, Accuracy: 78.08%, AUC: 0.78 - [VAL] Loss: 0.5065, Accuracy: 78.07%, AUC: 0.78
Epoch [29/100] - [TRAIN] Loss: 0.5114, Accuracy: 78.09%, AUC: 0.78 - [VAL] Loss: 0.5067, Accuracy: 77.90%, AUC: 0.78
New best model saved with validation metric: 24.9784
Epoch [30/100] - [TRAIN] Loss: 0.5109, Accuracy: 78.12%, AUC: 0.78 - [VAL] Loss: 0.5060, Accuracy: 78.22%, AUC: 0.78
Epoch [31/100] - [TRAIN] Loss: 0.5100, Accuracy: 78.19%, AUC: 0.78 - [VAL] Loss: 0.5070, Accuracy: 77.76%, AUC: 0.78
Epoch [32/100] - [TRAIN] Loss: 0.5113, Accuracy: 78.12%, AUC: 0.78 - [VAL] Loss: 0.5059, Accuracy: 77.96%, AUC: 0.78
Epoch [33/100] - [TRAIN] Loss: 0.5096, Accuracy: 78.23%, AUC: 0.78 - [VAL] Loss: 0.5055, Accuracy: 77.94%, AUC: 0.78
Epoch [34/100] - [TRAIN] Loss: 0.5095, Accuracy: 78.11%, AUC: 0.78 - [VAL] Loss: 0.5052, Accuracy: 77.94%, AUC: 0.78
New best model saved with validation metric: 25.0087
Epoch [35/100] - [TRAIN] Loss: 0.5096, Accuracy: 78.17%, AUC: 0.78 - [VAL] Loss: 0.5051, Accuracy: 78.31%, AUC: 0.78
Epoch [36/100] - [TRAIN] Loss: 0.5087, Accuracy: 78.21%, AUC: 0.78 - [VAL] Loss: 0.5054, Accuracy: 77.92%, AUC: 0.78
New best model saved with validation metric: 25.0173
Epoch [37/100] - [TRAIN] Loss: 0.5078, Accuracy: 78.04%, AUC: 0.78 - [VAL] Loss: 0.5044, Accuracy: 78.34%, AUC: 0.78
Epoch [38/100] - [TRAIN] Loss: 0.5066, Accuracy: 78.15%, AUC: 0.78 - [VAL] Loss: 0.5041, Accuracy: 78.19%, AUC: 0.78
Epoch [39/100] - [TRAIN] Loss: 0.5074, Accuracy: 78.32%, AUC: 0.78 - [VAL] Loss: 0.5042, Accuracy: 78.11%, AUC: 0.78
Epoch [40/100] - [TRAIN] Loss: 0.5074, Accuracy: 78.29%, AUC: 0.78 - [VAL] Loss: 0.5046, Accuracy: 78.00%, AUC: 0.78
Epoch [41/100] - [TRAIN] Loss: 0.5060, Accuracy: 78.33%, AUC: 0.78 - [VAL] Loss: 0.5059, Accuracy: 77.80%, AUC: 0.78
Epoch [42/100] - [TRAIN] Loss: 0.5057, Accuracy: 78.20%, AUC: 0.78 - [VAL] Loss: 0.5034, Accuracy: 78.31%, AUC: 0.78
Epoch [43/100] - [TRAIN] Loss: 0.5060, Accuracy: 78.20%, AUC: 0.78 - [VAL] Loss: 0.5035, Accuracy: 78.30%, AUC: 0.78
Epoch [44/100] - [TRAIN] Loss: 0.5060, Accuracy: 78.36%, AUC: 0.78 - [VAL] Loss: 0.5037, Accuracy: 78.07%, AUC: 0.78
New best model saved with validation metric: 25.0216
Epoch [45/100] - [TRAIN] Loss: 0.5056, Accuracy: 78.39%, AUC: 0.78 - [VAL] Loss: 0.5030, Accuracy: 78.35%, AUC: 0.78
Epoch [46/100] - [TRAIN] Loss: 0.5047, Accuracy: 78.44%, AUC: 0.78 - [VAL] Loss: 0.5035, Accuracy: 78.09%, AUC: 0.78
Epoch [47/100] - [TRAIN] Loss: 0.5063, Accuracy: 78.43%, AUC: 0.78 - [VAL] Loss: 0.5029, Accuracy: 78.31%, AUC: 0.78
Epoch [48/100] - [TRAIN] Loss: 0.5042, Accuracy: 78.33%, AUC: 0.78 - [VAL] Loss: 0.5028, Accuracy: 78.34%, AUC: 0.78
Epoch [49/100] - [TRAIN] Loss: 0.5043, Accuracy: 78.43%, AUC: 0.78 - [VAL] Loss: 0.5029, Accuracy: 78.23%, AUC: 0.78
Epoch [50/100] - [TRAIN] Loss: 0.5038, Accuracy: 78.31%, AUC: 0.78 - [VAL] Loss: 0.5025, Accuracy: 78.26%, AUC: 0.78
Epoch [51/100] - [TRAIN] Loss: 0.5035, Accuracy: 78.39%, AUC: 0.78 - [VAL] Loss: 0.5026, Accuracy: 78.23%, AUC: 0.78
Epoch [52/100] - [TRAIN] Loss: 0.5024, Accuracy: 78.40%, AUC: 0.78 - [VAL] Loss: 0.5046, Accuracy: 77.94%, AUC: 0.78
Epoch [53/100] - [TRAIN] Loss: 0.5044, Accuracy: 78.51%, AUC: 0.78 - [VAL] Loss: 0.5024, Accuracy: 78.30%, AUC: 0.78
New best model saved with validation metric: 25.0260
Epoch [54/100] - [TRAIN] Loss: 0.5031, Accuracy: 78.29%, AUC: 0.78 - [VAL] Loss: 0.5023, Accuracy: 78.37%, AUC: 0.78
New best model saved with validation metric: 25.0303
Epoch [55/100] - [TRAIN] Loss: 0.5031, Accuracy: 78.47%, AUC: 0.78 - [VAL] Loss: 0.5025, Accuracy: 78.38%, AUC: 0.78
Epoch [56/100] - [TRAIN] Loss: 0.5023, Accuracy: 78.40%, AUC: 0.78 - [VAL] Loss: 0.5023, Accuracy: 78.27%, AUC: 0.78
Epoch [57/100] - [TRAIN] Loss: 0.5011, Accuracy: 78.58%, AUC: 0.78 - [VAL] Loss: 0.5046, Accuracy: 78.03%, AUC: 0.78
Epoch [58/100] - [TRAIN] Loss: 0.5022, Accuracy: 78.50%, AUC: 0.78 - [VAL] Loss: 0.5037, Accuracy: 78.13%, AUC: 0.78
New best model saved with validation metric: 25.0736
Epoch [59/100] - [TRAIN] Loss: 0.5023, Accuracy: 78.54%, AUC: 0.78 - [VAL] Loss: 0.5025, Accuracy: 78.51%, AUC: 0.78
Epoch [60/100] - [TRAIN] Loss: 0.5019, Accuracy: 78.46%, AUC: 0.78 - [VAL] Loss: 0.5028, Accuracy: 78.23%, AUC: 0.78
Epoch [61/100] - [TRAIN] Loss: 0.5036, Accuracy: 78.47%, AUC: 0.78 - [VAL] Loss: 0.5018, Accuracy: 78.35%, AUC: 0.78
Epoch [62/100] - [TRAIN] Loss: 0.5007, Accuracy: 78.51%, AUC: 0.78 - [VAL] Loss: 0.5019, Accuracy: 78.42%, AUC: 0.78
Epoch [63/100] - [TRAIN] Loss: 0.4998, Accuracy: 78.52%, AUC: 0.78 - [VAL] Loss: 0.5022, Accuracy: 78.32%, AUC: 0.78
New best model saved with validation metric: 25.0866
Epoch [64/100] - [TRAIN] Loss: 0.4999, Accuracy: 78.56%, AUC: 0.78 - [VAL] Loss: 0.5027, Accuracy: 78.55%, AUC: 0.78
Epoch [65/100] - [TRAIN] Loss: 0.4997, Accuracy: 78.61%, AUC: 0.78 - [VAL] Loss: 0.5026, Accuracy: 78.26%, AUC: 0.78
Epoch [66/100] - [TRAIN] Loss: 0.5009, Accuracy: 78.48%, AUC: 0.78 - [VAL] Loss: 0.5018, Accuracy: 78.38%, AUC: 0.78
Epoch [67/100] - [TRAIN] Loss: 0.5004, Accuracy: 78.56%, AUC: 0.78 - [VAL] Loss: 0.5035, Accuracy: 78.20%, AUC: 0.78
Epoch [68/100] - [TRAIN] Loss: 0.4993, Accuracy: 78.62%, AUC: 0.78 - [VAL] Loss: 0.5017, Accuracy: 78.41%, AUC: 0.78
Epoch [69/100] - [TRAIN] Loss: 0.4992, Accuracy: 78.54%, AUC: 0.78 - [VAL] Loss: 0.5035, Accuracy: 78.20%, AUC: 0.78
Epoch [70/100] - [TRAIN] Loss: 0.4994, Accuracy: 78.43%, AUC: 0.78 - [VAL] Loss: 0.5020, Accuracy: 78.49%, AUC: 0.78
Epoch [71/100] - [TRAIN] Loss: 0.4996, Accuracy: 78.48%, AUC: 0.78 - [VAL] Loss: 0.5022, Accuracy: 78.51%, AUC: 0.78
Epoch [72/100] - [TRAIN] Loss: 0.4998, Accuracy: 78.54%, AUC: 0.78 - [VAL] Loss: 0.5029, Accuracy: 78.30%, AUC: 0.78
Epoch [73/100] - [TRAIN] Loss: 0.4981, Accuracy: 78.63%, AUC: 0.78 - [VAL] Loss: 0.5026, Accuracy: 78.32%, AUC: 0.78
New best model saved with validation metric: 25.0909
Epoch [74/100] - [TRAIN] Loss: 0.5005, Accuracy: 78.48%, AUC: 0.78 - [VAL] Loss: 0.5035, Accuracy: 78.57%, AUC: 0.78
Epoch [75/100] - [TRAIN] Loss: 0.4987, Accuracy: 78.62%, AUC: 0.78 - [VAL] Loss: 0.5028, Accuracy: 78.30%, AUC: 0.78
Epoch [76/100] - [TRAIN] Loss: 0.4982, Accuracy: 78.50%, AUC: 0.78 - [VAL] Loss: 0.5027, Accuracy: 78.32%, AUC: 0.78
Epoch [77/100] - [TRAIN] Loss: 0.4980, Accuracy: 78.51%, AUC: 0.78 - [VAL] Loss: 0.5020, Accuracy: 78.42%, AUC: 0.78
Epoch [78/100] - [TRAIN] Loss: 0.4994, Accuracy: 78.50%, AUC: 0.78 - [VAL] Loss: 0.5027, Accuracy: 78.57%, AUC: 0.78
Epoch [79/100] - [TRAIN] Loss: 0.4991, Accuracy: 78.44%, AUC: 0.78 - [VAL] Loss: 0.5029, Accuracy: 78.55%, AUC: 0.78
Epoch [80/100] - [TRAIN] Loss: 0.4989, Accuracy: 78.58%, AUC: 0.78 - [VAL] Loss: 0.5022, Accuracy: 78.50%, AUC: 0.78
Epoch [81/100] - [TRAIN] Loss: 0.4976, Accuracy: 78.59%, AUC: 0.78 - [VAL] Loss: 0.5028, Accuracy: 78.31%, AUC: 0.78
Epoch [82/100] - [TRAIN] Loss: 0.4990, Accuracy: 78.56%, AUC: 0.78 - [VAL] Loss: 0.5026, Accuracy: 78.38%, AUC: 0.78
Epoch [83/100] - [TRAIN] Loss: 0.4975, Accuracy: 78.51%, AUC: 0.78 - [VAL] Loss: 0.5030, Accuracy: 78.34%, AUC: 0.78
Epoch [84/100] - [TRAIN] Loss: 0.4994, Accuracy: 78.62%, AUC: 0.78 - [VAL] Loss: 0.5029, Accuracy: 78.37%, AUC: 0.78
Epoch [85/100] - [TRAIN] Loss: 0.4971, Accuracy: 78.48%, AUC: 0.78 - [VAL] Loss: 0.5026, Accuracy: 78.35%, AUC: 0.78
Epoch [86/100] - [TRAIN] Loss: 0.4984, Accuracy: 78.54%, AUC: 0.78 - [VAL] Loss: 0.5024, Accuracy: 78.50%, AUC: 0.78
Epoch [87/100] - [TRAIN] Loss: 0.4983, Accuracy: 78.51%, AUC: 0.78 - [VAL] Loss: 0.5021, Accuracy: 78.38%, AUC: 0.78
Epoch [88/100] - [TRAIN] Loss: 0.4975, Accuracy: 78.69%, AUC: 0.78 - [VAL] Loss: 0.5024, Accuracy: 78.41%, AUC: 0.78
Epoch [89/100] - [TRAIN] Loss: 0.4974, Accuracy: 78.56%, AUC: 0.78 - [VAL] Loss: 0.5026, Accuracy: 78.41%, AUC: 0.78
Epoch [90/100] - [TRAIN] Loss: 0.4974, Accuracy: 78.58%, AUC: 0.78 - [VAL] Loss: 0.5025, Accuracy: 78.38%, AUC: 0.78
Epoch [91/100] - [TRAIN] Loss: 0.4965, Accuracy: 78.62%, AUC: 0.78 - [VAL] Loss: 0.5023, Accuracy: 78.43%, AUC: 0.78
Epoch [92/100] - [TRAIN] Loss: 0.4965, Accuracy: 78.56%, AUC: 0.78 - [VAL] Loss: 0.5024, Accuracy: 78.45%, AUC: 0.78
Epoch [93/100] - [TRAIN] Loss: 0.4960, Accuracy: 78.52%, AUC: 0.78 - [VAL] Loss: 0.5022, Accuracy: 78.43%, AUC: 0.78
Epoch [94/100] - [TRAIN] Loss: 0.4969, Accuracy: 78.62%, AUC: 0.78 - [VAL] Loss: 0.5022, Accuracy: 78.42%, AUC: 0.78
Epoch [95/100] - [TRAIN] Loss: 0.4955, Accuracy: 78.59%, AUC: 0.78 - [VAL] Loss: 0.5023, Accuracy: 78.42%, AUC: 0.78
Epoch [96/100] - [TRAIN] Loss: 0.4966, Accuracy: 78.58%, AUC: 0.78 - [VAL] Loss: 0.5025, Accuracy: 78.42%, AUC: 0.78
Epoch [97/100] - [TRAIN] Loss: 0.4961, Accuracy: 78.61%, AUC: 0.78 - [VAL] Loss: 0.5022, Accuracy: 78.42%, AUC: 0.78
Epoch [98/100] - [TRAIN] Loss: 0.4959, Accuracy: 78.59%, AUC: 0.78 - [VAL] Loss: 0.5025, Accuracy: 78.42%, AUC: 0.78
Epoch [99/100] - [TRAIN] Loss: 0.4948, Accuracy: 78.63%, AUC: 0.78 - [VAL] Loss: 0.5027, Accuracy: 78.45%, AUC: 0.78
Epoch [100/100] - [TRAIN] Loss: 0.4950, Accuracy: 78.55%, AUC: 0.78 - [VAL] Loss: 0.5047, Accuracy: 78.20%, AUC: 0.78
Training finished!
Accuracy Score on test set: 78.79 %
AUC Score on test set: 0.78
Item: H3K9ac-H3K27ac
Train set shape: (7399, 2, 4000) (7399,)
Validation set shape: (7377, 2, 4000) (7377,)
Test set shape: (7378, 2, 4000) (7378,)
New best model saved with validation metric: 19.4242
Epoch [1/100] - [TRAIN] Loss: 0.6531, Accuracy: 60.79%, AUC: 0.50 - [VAL] Loss: 0.6191, Accuracy: 60.82%, AUC: 0.50
Epoch [2/100] - [TRAIN] Loss: 0.6002, Accuracy: 60.82%, AUC: 0.50 - [VAL] Loss: 0.5783, Accuracy: 60.82%, AUC: 0.50
New best model saved with validation metric: 25.1991
Epoch [3/100] - [TRAIN] Loss: 0.5707, Accuracy: 61.33%, AUC: 0.51 - [VAL] Loss: 0.5544, Accuracy: 78.91%, AUC: 0.78
Epoch [4/100] - [TRAIN] Loss: 0.5542, Accuracy: 77.16%, AUC: 0.75 - [VAL] Loss: 0.5418, Accuracy: 78.57%, AUC: 0.78
Epoch [5/100] - [TRAIN] Loss: 0.5438, Accuracy: 78.32%, AUC: 0.78 - [VAL] Loss: 0.5339, Accuracy: 78.34%, AUC: 0.78
Epoch [6/100] - [TRAIN] Loss: 0.5393, Accuracy: 78.05%, AUC: 0.78 - [VAL] Loss: 0.5300, Accuracy: 77.77%, AUC: 0.78
Epoch [7/100] - [TRAIN] Loss: 0.5340, Accuracy: 77.88%, AUC: 0.78 - [VAL] Loss: 0.5252, Accuracy: 77.84%, AUC: 0.78
Epoch [8/100] - [TRAIN] Loss: 0.5312, Accuracy: 77.83%, AUC: 0.78 - [VAL] Loss: 0.5230, Accuracy: 77.63%, AUC: 0.78
Epoch [9/100] - [TRAIN] Loss: 0.5273, Accuracy: 77.85%, AUC: 0.78 - [VAL] Loss: 0.5198, Accuracy: 77.73%, AUC: 0.78
Epoch [10/100] - [TRAIN] Loss: 0.5231, Accuracy: 77.89%, AUC: 0.78 - [VAL] Loss: 0.5175, Accuracy: 77.82%, AUC: 0.78
Epoch [11/100] - [TRAIN] Loss: 0.5218, Accuracy: 77.98%, AUC: 0.78 - [VAL] Loss: 0.5160, Accuracy: 77.65%, AUC: 0.78
Epoch [12/100] - [TRAIN] Loss: 0.5211, Accuracy: 77.79%, AUC: 0.78 - [VAL] Loss: 0.5145, Accuracy: 77.73%, AUC: 0.78
Epoch [13/100] - [TRAIN] Loss: 0.5174, Accuracy: 77.90%, AUC: 0.78 - [VAL] Loss: 0.5128, Accuracy: 77.90%, AUC: 0.78
Epoch [14/100] - [TRAIN] Loss: 0.5170, Accuracy: 77.93%, AUC: 0.78 - [VAL] Loss: 0.5116, Accuracy: 77.90%, AUC: 0.78
Epoch [15/100] - [TRAIN] Loss: 0.5144, Accuracy: 77.92%, AUC: 0.78 - [VAL] Loss: 0.5103, Accuracy: 78.05%, AUC: 0.78
Epoch [16/100] - [TRAIN] Loss: 0.5141, Accuracy: 78.00%, AUC: 0.78 - [VAL] Loss: 0.5096, Accuracy: 77.94%, AUC: 0.78
Epoch [17/100] - [TRAIN] Loss: 0.5119, Accuracy: 78.09%, AUC: 0.78 - [VAL] Loss: 0.5094, Accuracy: 77.89%, AUC: 0.78
Epoch [18/100] - [TRAIN] Loss: 0.5119, Accuracy: 78.08%, AUC: 0.78 - [VAL] Loss: 0.5077, Accuracy: 78.13%, AUC: 0.78
Epoch [19/100] - [TRAIN] Loss: 0.5105, Accuracy: 78.06%, AUC: 0.78 - [VAL] Loss: 0.5069, Accuracy: 78.18%, AUC: 0.78
Epoch [20/100] - [TRAIN] Loss: 0.5099, Accuracy: 78.11%, AUC: 0.78 - [VAL] Loss: 0.5058, Accuracy: 78.19%, AUC: 0.78
Epoch [21/100] - [TRAIN] Loss: 0.5089, Accuracy: 78.28%, AUC: 0.78 - [VAL] Loss: 0.5056, Accuracy: 78.13%, AUC: 0.78
Epoch [22/100] - [TRAIN] Loss: 0.5081, Accuracy: 78.20%, AUC: 0.78 - [VAL] Loss: 0.5046, Accuracy: 78.16%, AUC: 0.78
Epoch [23/100] - [TRAIN] Loss: 0.5069, Accuracy: 78.24%, AUC: 0.78 - [VAL] Loss: 0.5037, Accuracy: 78.19%, AUC: 0.78
Epoch [24/100] - [TRAIN] Loss: 0.5056, Accuracy: 78.44%, AUC: 0.78 - [VAL] Loss: 0.5033, Accuracy: 78.18%, AUC: 0.78
Epoch [25/100] - [TRAIN] Loss: 0.5059, Accuracy: 78.40%, AUC: 0.78 - [VAL] Loss: 0.5028, Accuracy: 78.20%, AUC: 0.78
Epoch [26/100] - [TRAIN] Loss: 0.5034, Accuracy: 78.48%, AUC: 0.78 - [VAL] Loss: 0.5029, Accuracy: 78.12%, AUC: 0.78
Epoch [27/100] - [TRAIN] Loss: 0.5038, Accuracy: 78.32%, AUC: 0.78 - [VAL] Loss: 0.5025, Accuracy: 78.15%, AUC: 0.78
Epoch [28/100] - [TRAIN] Loss: 0.5043, Accuracy: 78.47%, AUC: 0.78 - [VAL] Loss: 0.5014, Accuracy: 78.09%, AUC: 0.78
Epoch [29/100] - [TRAIN] Loss: 0.5013, Accuracy: 78.50%, AUC: 0.78 - [VAL] Loss: 0.5022, Accuracy: 78.15%, AUC: 0.78
Epoch [30/100] - [TRAIN] Loss: 0.5022, Accuracy: 78.36%, AUC: 0.78 - [VAL] Loss: 0.5004, Accuracy: 78.15%, AUC: 0.78
Epoch [31/100] - [TRAIN] Loss: 0.5006, Accuracy: 78.50%, AUC: 0.78 - [VAL] Loss: 0.5005, Accuracy: 78.12%, AUC: 0.78
Epoch [32/100] - [TRAIN] Loss: 0.5000, Accuracy: 78.51%, AUC: 0.78 - [VAL] Loss: 0.5004, Accuracy: 78.11%, AUC: 0.78
Epoch [33/100] - [TRAIN] Loss: 0.4998, Accuracy: 78.48%, AUC: 0.78 - [VAL] Loss: 0.4995, Accuracy: 78.20%, AUC: 0.78
Epoch [34/100] - [TRAIN] Loss: 0.4987, Accuracy: 78.58%, AUC: 0.78 - [VAL] Loss: 0.4995, Accuracy: 78.15%, AUC: 0.78
Epoch [35/100] - [TRAIN] Loss: 0.4988, Accuracy: 78.65%, AUC: 0.78 - [VAL] Loss: 0.4989, Accuracy: 78.22%, AUC: 0.78
Epoch [36/100] - [TRAIN] Loss: 0.4994, Accuracy: 78.62%, AUC: 0.78 - [VAL] Loss: 0.4989, Accuracy: 78.22%, AUC: 0.78
Epoch [37/100] - [TRAIN] Loss: 0.4981, Accuracy: 78.56%, AUC: 0.78 - [VAL] Loss: 0.4982, Accuracy: 78.27%, AUC: 0.78
Epoch [38/100] - [TRAIN] Loss: 0.4972, Accuracy: 78.69%, AUC: 0.78 - [VAL] Loss: 0.4984, Accuracy: 78.22%, AUC: 0.78
Epoch [39/100] - [TRAIN] Loss: 0.4964, Accuracy: 78.63%, AUC: 0.78 - [VAL] Loss: 0.4984, Accuracy: 78.23%, AUC: 0.78
Epoch [40/100] - [TRAIN] Loss: 0.4947, Accuracy: 78.59%, AUC: 0.78 - [VAL] Loss: 0.4970, Accuracy: 78.41%, AUC: 0.78
Epoch [41/100] - [TRAIN] Loss: 0.4957, Accuracy: 78.65%, AUC: 0.78 - [VAL] Loss: 0.4970, Accuracy: 78.41%, AUC: 0.78
Epoch [42/100] - [TRAIN] Loss: 0.4954, Accuracy: 78.48%, AUC: 0.78 - [VAL] Loss: 0.4975, Accuracy: 78.27%, AUC: 0.78
Epoch [43/100] - [TRAIN] Loss: 0.4957, Accuracy: 78.67%, AUC: 0.78 - [VAL] Loss: 0.4966, Accuracy: 78.42%, AUC: 0.78
Epoch [44/100] - [TRAIN] Loss: 0.4944, Accuracy: 78.67%, AUC: 0.78 - [VAL] Loss: 0.4968, Accuracy: 78.35%, AUC: 0.78
Epoch [45/100] - [TRAIN] Loss: 0.4939, Accuracy: 78.65%, AUC: 0.78 - [VAL] Loss: 0.4964, Accuracy: 78.39%, AUC: 0.78
Epoch [46/100] - [TRAIN] Loss: 0.4939, Accuracy: 78.79%, AUC: 0.78 - [VAL] Loss: 0.4960, Accuracy: 78.42%, AUC: 0.78
Epoch [47/100] - [TRAIN] Loss: 0.4917, Accuracy: 78.75%, AUC: 0.78 - [VAL] Loss: 0.4967, Accuracy: 78.34%, AUC: 0.78
Epoch [48/100] - [TRAIN] Loss: 0.4938, Accuracy: 78.73%, AUC: 0.78 - [VAL] Loss: 0.4961, Accuracy: 78.39%, AUC: 0.78
Epoch [49/100] - [TRAIN] Loss: 0.4931, Accuracy: 78.78%, AUC: 0.78 - [VAL] Loss: 0.4968, Accuracy: 78.42%, AUC: 0.78
Epoch [50/100] - [TRAIN] Loss: 0.4921, Accuracy: 78.70%, AUC: 0.78 - [VAL] Loss: 0.4960, Accuracy: 78.53%, AUC: 0.78
Epoch [51/100] - [TRAIN] Loss: 0.4917, Accuracy: 78.79%, AUC: 0.78 - [VAL] Loss: 0.4965, Accuracy: 78.37%, AUC: 0.78
Epoch [52/100] - [TRAIN] Loss: 0.4918, Accuracy: 78.75%, AUC: 0.78 - [VAL] Loss: 0.4956, Accuracy: 78.51%, AUC: 0.78
Epoch [53/100] - [TRAIN] Loss: 0.4909, Accuracy: 78.74%, AUC: 0.78 - [VAL] Loss: 0.4955, Accuracy: 78.53%, AUC: 0.78
Epoch [54/100] - [TRAIN] Loss: 0.4898, Accuracy: 78.86%, AUC: 0.78 - [VAL] Loss: 0.4966, Accuracy: 78.35%, AUC: 0.78
Epoch [55/100] - [TRAIN] Loss: 0.4912, Accuracy: 78.82%, AUC: 0.78 - [VAL] Loss: 0.4958, Accuracy: 78.47%, AUC: 0.78
Epoch [56/100] - [TRAIN] Loss: 0.4896, Accuracy: 78.92%, AUC: 0.78 - [VAL] Loss: 0.4958, Accuracy: 78.49%, AUC: 0.78
Epoch [57/100] - [TRAIN] Loss: 0.4885, Accuracy: 78.90%, AUC: 0.78 - [VAL] Loss: 0.4975, Accuracy: 78.34%, AUC: 0.78
Epoch [58/100] - [TRAIN] Loss: 0.4893, Accuracy: 78.86%, AUC: 0.78 - [VAL] Loss: 0.4959, Accuracy: 78.50%, AUC: 0.78
Epoch [59/100] - [TRAIN] Loss: 0.4884, Accuracy: 78.86%, AUC: 0.78 - [VAL] Loss: 0.4955, Accuracy: 78.53%, AUC: 0.78
Epoch [60/100] - [TRAIN] Loss: 0.4889, Accuracy: 78.82%, AUC: 0.78 - [VAL] Loss: 0.4958, Accuracy: 78.58%, AUC: 0.78
Epoch [61/100] - [TRAIN] Loss: 0.4886, Accuracy: 78.89%, AUC: 0.78 - [VAL] Loss: 0.4967, Accuracy: 78.45%, AUC: 0.78
Epoch [62/100] - [TRAIN] Loss: 0.4871, Accuracy: 78.98%, AUC: 0.78 - [VAL] Loss: 0.4970, Accuracy: 78.45%, AUC: 0.78
Epoch [63/100] - [TRAIN] Loss: 0.4872, Accuracy: 78.94%, AUC: 0.78 - [VAL] Loss: 0.4958, Accuracy: 78.46%, AUC: 0.78
Epoch [64/100] - [TRAIN] Loss: 0.4880, Accuracy: 78.88%, AUC: 0.78 - [VAL] Loss: 0.4962, Accuracy: 78.50%, AUC: 0.78
Epoch [65/100] - [TRAIN] Loss: 0.4878, Accuracy: 78.98%, AUC: 0.78 - [VAL] Loss: 0.4975, Accuracy: 78.50%, AUC: 0.78
Epoch [66/100] - [TRAIN] Loss: 0.4864, Accuracy: 78.94%, AUC: 0.78 - [VAL] Loss: 0.4958, Accuracy: 78.57%, AUC: 0.78
Epoch [67/100] - [TRAIN] Loss: 0.4857, Accuracy: 79.09%, AUC: 0.79 - [VAL] Loss: 0.4971, Accuracy: 78.50%, AUC: 0.78
Epoch [68/100] - [TRAIN] Loss: 0.4862, Accuracy: 78.89%, AUC: 0.78 - [VAL] Loss: 0.4961, Accuracy: 78.54%, AUC: 0.78
Epoch [69/100] - [TRAIN] Loss: 0.4885, Accuracy: 78.93%, AUC: 0.78 - [VAL] Loss: 0.4964, Accuracy: 78.57%, AUC: 0.78
Epoch [70/100] - [TRAIN] Loss: 0.4863, Accuracy: 79.04%, AUC: 0.78 - [VAL] Loss: 0.4974, Accuracy: 78.43%, AUC: 0.78
Epoch [71/100] - [TRAIN] Loss: 0.4855, Accuracy: 78.96%, AUC: 0.78 - [VAL] Loss: 0.4963, Accuracy: 78.54%, AUC: 0.78
Epoch [72/100] - [TRAIN] Loss: 0.4870, Accuracy: 79.02%, AUC: 0.78 - [VAL] Loss: 0.4970, Accuracy: 78.51%, AUC: 0.78
Epoch [73/100] - [TRAIN] Loss: 0.4858, Accuracy: 79.08%, AUC: 0.79 - [VAL] Loss: 0.4973, Accuracy: 78.49%, AUC: 0.78
Epoch [74/100] - [TRAIN] Loss: 0.4859, Accuracy: 79.05%, AUC: 0.79 - [VAL] Loss: 0.4986, Accuracy: 78.41%, AUC: 0.78
Epoch [75/100] - [TRAIN] Loss: 0.4863, Accuracy: 79.01%, AUC: 0.78 - [VAL] Loss: 0.4976, Accuracy: 78.49%, AUC: 0.78
Epoch [76/100] - [TRAIN] Loss: 0.4841, Accuracy: 79.08%, AUC: 0.79 - [VAL] Loss: 0.4990, Accuracy: 78.42%, AUC: 0.78
Epoch [77/100] - [TRAIN] Loss: 0.4835, Accuracy: 78.86%, AUC: 0.78 - [VAL] Loss: 0.4968, Accuracy: 78.50%, AUC: 0.78
Epoch [78/100] - [TRAIN] Loss: 0.4844, Accuracy: 79.06%, AUC: 0.79 - [VAL] Loss: 0.4971, Accuracy: 78.47%, AUC: 0.78
Epoch [79/100] - [TRAIN] Loss: 0.4858, Accuracy: 79.02%, AUC: 0.78 - [VAL] Loss: 0.4986, Accuracy: 78.35%, AUC: 0.78
Epoch [80/100] - [TRAIN] Loss: 0.4845, Accuracy: 79.01%, AUC: 0.78 - [VAL] Loss: 0.4979, Accuracy: 78.49%, AUC: 0.78
Epoch [81/100] - [TRAIN] Loss: 0.4859, Accuracy: 78.97%, AUC: 0.78 - [VAL] Loss: 0.4981, Accuracy: 78.51%, AUC: 0.78
Epoch [82/100] - [TRAIN] Loss: 0.4854, Accuracy: 78.98%, AUC: 0.78 - [VAL] Loss: 0.4972, Accuracy: 78.51%, AUC: 0.78
Epoch [83/100] - [TRAIN] Loss: 0.4832, Accuracy: 79.08%, AUC: 0.79 - [VAL] Loss: 0.4984, Accuracy: 78.54%, AUC: 0.78
Epoch [84/100] - [TRAIN] Loss: 0.4842, Accuracy: 79.04%, AUC: 0.78 - [VAL] Loss: 0.4977, Accuracy: 78.54%, AUC: 0.78
Epoch [85/100] - [TRAIN] Loss: 0.4829, Accuracy: 79.09%, AUC: 0.79 - [VAL] Loss: 0.4977, Accuracy: 78.47%, AUC: 0.78
Epoch [86/100] - [TRAIN] Loss: 0.4827, Accuracy: 78.97%, AUC: 0.78 - [VAL] Loss: 0.4973, Accuracy: 78.53%, AUC: 0.78
Epoch [87/100] - [TRAIN] Loss: 0.4821, Accuracy: 79.00%, AUC: 0.78 - [VAL] Loss: 0.4974, Accuracy: 78.54%, AUC: 0.78
Epoch [88/100] - [TRAIN] Loss: 0.4816, Accuracy: 79.13%, AUC: 0.79 - [VAL] Loss: 0.4975, Accuracy: 78.53%, AUC: 0.78
Epoch [89/100] - [TRAIN] Loss: 0.4809, Accuracy: 79.20%, AUC: 0.79 - [VAL] Loss: 0.4990, Accuracy: 78.53%, AUC: 0.78
Epoch [90/100] - [TRAIN] Loss: 0.4816, Accuracy: 79.15%, AUC: 0.79 - [VAL] Loss: 0.4981, Accuracy: 78.47%, AUC: 0.78
Epoch [91/100] - [TRAIN] Loss: 0.4825, Accuracy: 79.17%, AUC: 0.79 - [VAL] Loss: 0.4989, Accuracy: 78.54%, AUC: 0.78
Epoch [92/100] - [TRAIN] Loss: 0.4807, Accuracy: 79.24%, AUC: 0.79 - [VAL] Loss: 0.4977, Accuracy: 78.53%, AUC: 0.78
Epoch [93/100] - [TRAIN] Loss: 0.4798, Accuracy: 79.19%, AUC: 0.79 - [VAL] Loss: 0.4982, Accuracy: 78.50%, AUC: 0.78
Epoch [94/100] - [TRAIN] Loss: 0.4810, Accuracy: 79.11%, AUC: 0.79 - [VAL] Loss: 0.4995, Accuracy: 78.53%, AUC: 0.78
Epoch [95/100] - [TRAIN] Loss: 0.4819, Accuracy: 79.20%, AUC: 0.79 - [VAL] Loss: 0.5018, Accuracy: 78.38%, AUC: 0.78
Epoch [96/100] - [TRAIN] Loss: 0.4807, Accuracy: 79.16%, AUC: 0.79 - [VAL] Loss: 0.4979, Accuracy: 78.55%, AUC: 0.78
Epoch [97/100] - [TRAIN] Loss: 0.4807, Accuracy: 79.36%, AUC: 0.79 - [VAL] Loss: 0.5007, Accuracy: 78.47%, AUC: 0.78
Epoch [98/100] - [TRAIN] Loss: 0.4799, Accuracy: 79.23%, AUC: 0.79 - [VAL] Loss: 0.4983, Accuracy: 78.58%, AUC: 0.78
Epoch [99/100] - [TRAIN] Loss: 0.4807, Accuracy: 79.24%, AUC: 0.79 - [VAL] Loss: 0.4990, Accuracy: 78.49%, AUC: 0.78
Epoch [100/100] - [TRAIN] Loss: 0.4791, Accuracy: 79.32%, AUC: 0.79 - [VAL] Loss: 0.4986, Accuracy: 78.49%, AUC: 0.78
Training finished!
Accuracy Score on test set: 78.96 %
AUC Score on test set: 0.78
Item: H3K27ac-H3K9ac
Train set shape: (7399, 2, 4000) (7399,)
Validation set shape: (7377, 2, 4000) (7377,)
Test set shape: (7378, 2, 4000) (7378,)
New best model saved with validation metric: 19.4242
Epoch [1/100] - [TRAIN] Loss: 0.6657, Accuracy: 60.72%, AUC: 0.50 - [VAL] Loss: 0.6398, Accuracy: 60.82%, AUC: 0.50
Epoch [2/100] - [TRAIN] Loss: 0.6249, Accuracy: 60.82%, AUC: 0.50 - [VAL] Loss: 0.6049, Accuracy: 60.82%, AUC: 0.50
Epoch [3/100] - [TRAIN] Loss: 0.5939, Accuracy: 60.82%, AUC: 0.50 - [VAL] Loss: 0.5739, Accuracy: 60.82%, AUC: 0.50
New best model saved with validation metric: 25.1082
Epoch [4/100] - [TRAIN] Loss: 0.5668, Accuracy: 69.90%, AUC: 0.64 - [VAL] Loss: 0.5513, Accuracy: 78.62%, AUC: 0.78
Epoch [5/100] - [TRAIN] Loss: 0.5496, Accuracy: 78.50%, AUC: 0.78 - [VAL] Loss: 0.5376, Accuracy: 77.86%, AUC: 0.78
Epoch [6/100] - [TRAIN] Loss: 0.5392, Accuracy: 78.01%, AUC: 0.78 - [VAL] Loss: 0.5296, Accuracy: 77.65%, AUC: 0.78
Epoch [7/100] - [TRAIN] Loss: 0.5330, Accuracy: 77.74%, AUC: 0.78 - [VAL] Loss: 0.5250, Accuracy: 77.65%, AUC: 0.78
Epoch [8/100] - [TRAIN] Loss: 0.5291, Accuracy: 77.70%, AUC: 0.78 - [VAL] Loss: 0.5227, Accuracy: 77.52%, AUC: 0.78
Epoch [9/100] - [TRAIN] Loss: 0.5298, Accuracy: 77.73%, AUC: 0.78 - [VAL] Loss: 0.5205, Accuracy: 77.54%, AUC: 0.78
Epoch [10/100] - [TRAIN] Loss: 0.5247, Accuracy: 77.73%, AUC: 0.78 - [VAL] Loss: 0.5180, Accuracy: 77.77%, AUC: 0.78
Epoch [11/100] - [TRAIN] Loss: 0.5239, Accuracy: 77.86%, AUC: 0.78 - [VAL] Loss: 0.5168, Accuracy: 77.58%, AUC: 0.78
Epoch [12/100] - [TRAIN] Loss: 0.5198, Accuracy: 77.82%, AUC: 0.78 - [VAL] Loss: 0.5157, Accuracy: 77.52%, AUC: 0.78
Epoch [13/100] - [TRAIN] Loss: 0.5188, Accuracy: 77.77%, AUC: 0.78 - [VAL] Loss: 0.5141, Accuracy: 77.61%, AUC: 0.78
Epoch [14/100] - [TRAIN] Loss: 0.5181, Accuracy: 77.83%, AUC: 0.78 - [VAL] Loss: 0.5125, Accuracy: 77.90%, AUC: 0.78
Epoch [15/100] - [TRAIN] Loss: 0.5165, Accuracy: 77.82%, AUC: 0.78 - [VAL] Loss: 0.5112, Accuracy: 78.07%, AUC: 0.78
Epoch [16/100] - [TRAIN] Loss: 0.5165, Accuracy: 77.96%, AUC: 0.78 - [VAL] Loss: 0.5113, Accuracy: 77.82%, AUC: 0.78
Epoch [17/100] - [TRAIN] Loss: 0.5141, Accuracy: 77.97%, AUC: 0.78 - [VAL] Loss: 0.5100, Accuracy: 77.90%, AUC: 0.78
Epoch [18/100] - [TRAIN] Loss: 0.5137, Accuracy: 78.06%, AUC: 0.78 - [VAL] Loss: 0.5094, Accuracy: 77.90%, AUC: 0.78
Epoch [19/100] - [TRAIN] Loss: 0.5129, Accuracy: 77.88%, AUC: 0.78 - [VAL] Loss: 0.5079, Accuracy: 78.09%, AUC: 0.78
Epoch [20/100] - [TRAIN] Loss: 0.5100, Accuracy: 78.05%, AUC: 0.78 - [VAL] Loss: 0.5075, Accuracy: 78.11%, AUC: 0.78
Epoch [21/100] - [TRAIN] Loss: 0.5100, Accuracy: 78.11%, AUC: 0.78 - [VAL] Loss: 0.5062, Accuracy: 78.15%, AUC: 0.78
Epoch [22/100] - [TRAIN] Loss: 0.5091, Accuracy: 78.13%, AUC: 0.78 - [VAL] Loss: 0.5062, Accuracy: 78.12%, AUC: 0.78
Epoch [23/100] - [TRAIN] Loss: 0.5080, Accuracy: 78.12%, AUC: 0.78 - [VAL] Loss: 0.5053, Accuracy: 78.16%, AUC: 0.78
Epoch [24/100] - [TRAIN] Loss: 0.5079, Accuracy: 78.24%, AUC: 0.78 - [VAL] Loss: 0.5047, Accuracy: 78.13%, AUC: 0.78
Epoch [25/100] - [TRAIN] Loss: 0.5086, Accuracy: 78.25%, AUC: 0.78 - [VAL] Loss: 0.5037, Accuracy: 78.16%, AUC: 0.78
Epoch [26/100] - [TRAIN] Loss: 0.5066, Accuracy: 78.29%, AUC: 0.78 - [VAL] Loss: 0.5034, Accuracy: 78.12%, AUC: 0.78
Epoch [27/100] - [TRAIN] Loss: 0.5051, Accuracy: 78.28%, AUC: 0.78 - [VAL] Loss: 0.5035, Accuracy: 78.16%, AUC: 0.78
Epoch [28/100] - [TRAIN] Loss: 0.5054, Accuracy: 78.32%, AUC: 0.78 - [VAL] Loss: 0.5022, Accuracy: 78.18%, AUC: 0.78
Epoch [29/100] - [TRAIN] Loss: 0.5040, Accuracy: 78.33%, AUC: 0.78 - [VAL] Loss: 0.5015, Accuracy: 78.11%, AUC: 0.78
Epoch [30/100] - [TRAIN] Loss: 0.5042, Accuracy: 78.42%, AUC: 0.78 - [VAL] Loss: 0.5031, Accuracy: 78.19%, AUC: 0.78
Epoch [31/100] - [TRAIN] Loss: 0.5039, Accuracy: 78.20%, AUC: 0.78 - [VAL] Loss: 0.5004, Accuracy: 78.20%, AUC: 0.78
Epoch [32/100] - [TRAIN] Loss: 0.5037, Accuracy: 78.40%, AUC: 0.78 - [VAL] Loss: 0.5023, Accuracy: 78.16%, AUC: 0.78
Epoch [33/100] - [TRAIN] Loss: 0.5011, Accuracy: 78.32%, AUC: 0.78 - [VAL] Loss: 0.4996, Accuracy: 78.32%, AUC: 0.78
Epoch [34/100] - [TRAIN] Loss: 0.5023, Accuracy: 78.47%, AUC: 0.78 - [VAL] Loss: 0.4995, Accuracy: 78.18%, AUC: 0.78
Epoch [35/100] - [TRAIN] Loss: 0.5028, Accuracy: 78.43%, AUC: 0.78 - [VAL] Loss: 0.4998, Accuracy: 78.15%, AUC: 0.78
Epoch [36/100] - [TRAIN] Loss: 0.4996, Accuracy: 78.51%, AUC: 0.78 - [VAL] Loss: 0.5013, Accuracy: 78.11%, AUC: 0.78
Epoch [37/100] - [TRAIN] Loss: 0.4994, Accuracy: 78.39%, AUC: 0.78 - [VAL] Loss: 0.4987, Accuracy: 78.18%, AUC: 0.78
Epoch [38/100] - [TRAIN] Loss: 0.5002, Accuracy: 78.52%, AUC: 0.78 - [VAL] Loss: 0.4988, Accuracy: 78.19%, AUC: 0.78
Epoch [39/100] - [TRAIN] Loss: 0.4990, Accuracy: 78.61%, AUC: 0.78 - [VAL] Loss: 0.4983, Accuracy: 78.16%, AUC: 0.78
Epoch [40/100] - [TRAIN] Loss: 0.4978, Accuracy: 78.61%, AUC: 0.78 - [VAL] Loss: 0.4975, Accuracy: 78.34%, AUC: 0.78
Epoch [41/100] - [TRAIN] Loss: 0.4979, Accuracy: 78.56%, AUC: 0.78 - [VAL] Loss: 0.4995, Accuracy: 78.15%, AUC: 0.78
Epoch [42/100] - [TRAIN] Loss: 0.4963, Accuracy: 78.56%, AUC: 0.78 - [VAL] Loss: 0.4979, Accuracy: 78.16%, AUC: 0.78
Epoch [43/100] - [TRAIN] Loss: 0.4962, Accuracy: 78.65%, AUC: 0.78 - [VAL] Loss: 0.4969, Accuracy: 78.35%, AUC: 0.78
Epoch [44/100] - [TRAIN] Loss: 0.4962, Accuracy: 78.71%, AUC: 0.78 - [VAL] Loss: 0.4966, Accuracy: 78.38%, AUC: 0.78
Epoch [45/100] - [TRAIN] Loss: 0.4966, Accuracy: 78.62%, AUC: 0.78 - [VAL] Loss: 0.4963, Accuracy: 78.43%, AUC: 0.78
Epoch [46/100] - [TRAIN] Loss: 0.4967, Accuracy: 78.62%, AUC: 0.78 - [VAL] Loss: 0.4962, Accuracy: 78.46%, AUC: 0.78
Epoch [47/100] - [TRAIN] Loss: 0.4956, Accuracy: 78.81%, AUC: 0.78 - [VAL] Loss: 0.4966, Accuracy: 78.28%, AUC: 0.78
Epoch [48/100] - [TRAIN] Loss: 0.4967, Accuracy: 78.56%, AUC: 0.78 - [VAL] Loss: 0.4962, Accuracy: 78.38%, AUC: 0.78
Epoch [49/100] - [TRAIN] Loss: 0.4948, Accuracy: 78.70%, AUC: 0.78 - [VAL] Loss: 0.4970, Accuracy: 78.27%, AUC: 0.78
Epoch [50/100] - [TRAIN] Loss: 0.4946, Accuracy: 78.85%, AUC: 0.78 - [VAL] Loss: 0.4957, Accuracy: 78.49%, AUC: 0.78
Epoch [51/100] - [TRAIN] Loss: 0.4943, Accuracy: 78.73%, AUC: 0.78 - [VAL] Loss: 0.4957, Accuracy: 78.39%, AUC: 0.78
New best model saved with validation metric: 25.1472
Epoch [52/100] - [TRAIN] Loss: 0.4935, Accuracy: 78.81%, AUC: 0.78 - [VAL] Loss: 0.4958, Accuracy: 78.74%, AUC: 0.78
Epoch [53/100] - [TRAIN] Loss: 0.4936, Accuracy: 78.82%, AUC: 0.78 - [VAL] Loss: 0.4964, Accuracy: 78.38%, AUC: 0.78
Epoch [54/100] - [TRAIN] Loss: 0.4928, Accuracy: 78.89%, AUC: 0.78 - [VAL] Loss: 0.4955, Accuracy: 78.41%, AUC: 0.78
Epoch [55/100] - [TRAIN] Loss: 0.4915, Accuracy: 78.85%, AUC: 0.78 - [VAL] Loss: 0.4963, Accuracy: 78.31%, AUC: 0.78
Epoch [56/100] - [TRAIN] Loss: 0.4923, Accuracy: 78.70%, AUC: 0.78 - [VAL] Loss: 0.4955, Accuracy: 78.42%, AUC: 0.78
Epoch [57/100] - [TRAIN] Loss: 0.4914, Accuracy: 78.85%, AUC: 0.78 - [VAL] Loss: 0.4955, Accuracy: 78.51%, AUC: 0.78
Epoch [58/100] - [TRAIN] Loss: 0.4904, Accuracy: 78.78%, AUC: 0.78 - [VAL] Loss: 0.4953, Accuracy: 78.64%, AUC: 0.78
Epoch [59/100] - [TRAIN] Loss: 0.4932, Accuracy: 78.85%, AUC: 0.78 - [VAL] Loss: 0.4959, Accuracy: 78.53%, AUC: 0.78
Epoch [60/100] - [TRAIN] Loss: 0.4906, Accuracy: 78.75%, AUC: 0.78 - [VAL] Loss: 0.4969, Accuracy: 78.32%, AUC: 0.78
Epoch [61/100] - [TRAIN] Loss: 0.4907, Accuracy: 78.89%, AUC: 0.78 - [VAL] Loss: 0.4951, Accuracy: 78.68%, AUC: 0.78
Epoch [62/100] - [TRAIN] Loss: 0.4928, Accuracy: 78.93%, AUC: 0.78 - [VAL] Loss: 0.4953, Accuracy: 78.51%, AUC: 0.78
Epoch [63/100] - [TRAIN] Loss: 0.4916, Accuracy: 78.85%, AUC: 0.78 - [VAL] Loss: 0.4963, Accuracy: 78.35%, AUC: 0.78
Epoch [64/100] - [TRAIN] Loss: 0.4910, Accuracy: 78.81%, AUC: 0.78 - [VAL] Loss: 0.4960, Accuracy: 78.43%, AUC: 0.78
Epoch [65/100] - [TRAIN] Loss: 0.4904, Accuracy: 78.75%, AUC: 0.78 - [VAL] Loss: 0.4962, Accuracy: 78.42%, AUC: 0.78
Epoch [66/100] - [TRAIN] Loss: 0.4903, Accuracy: 78.85%, AUC: 0.78 - [VAL] Loss: 0.4972, Accuracy: 78.32%, AUC: 0.78
Epoch [67/100] - [TRAIN] Loss: 0.4886, Accuracy: 79.00%, AUC: 0.78 - [VAL] Loss: 0.4960, Accuracy: 78.46%, AUC: 0.78
Epoch [68/100] - [TRAIN] Loss: 0.4890, Accuracy: 78.88%, AUC: 0.78 - [VAL] Loss: 0.4955, Accuracy: 78.62%, AUC: 0.78
Epoch [69/100] - [TRAIN] Loss: 0.4887, Accuracy: 78.94%, AUC: 0.78 - [VAL] Loss: 0.4981, Accuracy: 78.27%, AUC: 0.78
Epoch [70/100] - [TRAIN] Loss: 0.4878, Accuracy: 78.89%, AUC: 0.78 - [VAL] Loss: 0.4960, Accuracy: 78.45%, AUC: 0.78
Epoch [71/100] - [TRAIN] Loss: 0.4888, Accuracy: 78.93%, AUC: 0.78 - [VAL] Loss: 0.4954, Accuracy: 78.55%, AUC: 0.78
Epoch [72/100] - [TRAIN] Loss: 0.4892, Accuracy: 78.92%, AUC: 0.78 - [VAL] Loss: 0.4954, Accuracy: 78.57%, AUC: 0.78
Epoch [73/100] - [TRAIN] Loss: 0.4880, Accuracy: 78.86%, AUC: 0.78 - [VAL] Loss: 0.4962, Accuracy: 78.47%, AUC: 0.78
Epoch [74/100] - [TRAIN] Loss: 0.4879, Accuracy: 78.90%, AUC: 0.78 - [VAL] Loss: 0.4955, Accuracy: 78.58%, AUC: 0.78
Epoch [75/100] - [TRAIN] Loss: 0.4883, Accuracy: 79.00%, AUC: 0.78 - [VAL] Loss: 0.4965, Accuracy: 78.46%, AUC: 0.78
Epoch [76/100] - [TRAIN] Loss: 0.4887, Accuracy: 78.97%, AUC: 0.78 - [VAL] Loss: 0.4955, Accuracy: 78.54%, AUC: 0.78
Epoch [77/100] - [TRAIN] Loss: 0.4893, Accuracy: 78.96%, AUC: 0.78 - [VAL] Loss: 0.4972, Accuracy: 78.42%, AUC: 0.78
Epoch [78/100] - [TRAIN] Loss: 0.4875, Accuracy: 78.97%, AUC: 0.78 - [VAL] Loss: 0.4960, Accuracy: 78.50%, AUC: 0.78
Epoch [79/100] - [TRAIN] Loss: 0.4868, Accuracy: 78.90%, AUC: 0.78 - [VAL] Loss: 0.4970, Accuracy: 78.46%, AUC: 0.78
Epoch [80/100] - [TRAIN] Loss: 0.4866, Accuracy: 79.06%, AUC: 0.79 - [VAL] Loss: 0.4961, Accuracy: 78.46%, AUC: 0.78
Epoch [81/100] - [TRAIN] Loss: 0.4857, Accuracy: 79.00%, AUC: 0.78 - [VAL] Loss: 0.4962, Accuracy: 78.47%, AUC: 0.78
Epoch [82/100] - [TRAIN] Loss: 0.4871, Accuracy: 78.93%, AUC: 0.78 - [VAL] Loss: 0.5006, Accuracy: 78.30%, AUC: 0.78
Epoch [83/100] - [TRAIN] Loss: 0.4869, Accuracy: 78.96%, AUC: 0.78 - [VAL] Loss: 0.5007, Accuracy: 78.30%, AUC: 0.78
Epoch [84/100] - [TRAIN] Loss: 0.4855, Accuracy: 79.00%, AUC: 0.78 - [VAL] Loss: 0.4973, Accuracy: 78.42%, AUC: 0.78
Epoch [85/100] - [TRAIN] Loss: 0.4863, Accuracy: 78.96%, AUC: 0.78 - [VAL] Loss: 0.4966, Accuracy: 78.49%, AUC: 0.78
Epoch [86/100] - [TRAIN] Loss: 0.4853, Accuracy: 79.08%, AUC: 0.79 - [VAL] Loss: 0.4964, Accuracy: 78.43%, AUC: 0.78
Epoch [87/100] - [TRAIN] Loss: 0.4871, Accuracy: 79.08%, AUC: 0.78 - [VAL] Loss: 0.4986, Accuracy: 78.38%, AUC: 0.78
Epoch [88/100] - [TRAIN] Loss: 0.4854, Accuracy: 79.19%, AUC: 0.79 - [VAL] Loss: 0.4972, Accuracy: 78.50%, AUC: 0.78
Epoch [89/100] - [TRAIN] Loss: 0.4865, Accuracy: 78.89%, AUC: 0.78 - [VAL] Loss: 0.4975, Accuracy: 78.43%, AUC: 0.78
Epoch [90/100] - [TRAIN] Loss: 0.4859, Accuracy: 78.92%, AUC: 0.78 - [VAL] Loss: 0.4969, Accuracy: 78.43%, AUC: 0.78
Epoch [91/100] - [TRAIN] Loss: 0.4853, Accuracy: 79.09%, AUC: 0.79 - [VAL] Loss: 0.4979, Accuracy: 78.41%, AUC: 0.78
Epoch [92/100] - [TRAIN] Loss: 0.4854, Accuracy: 78.96%, AUC: 0.78 - [VAL] Loss: 0.4969, Accuracy: 78.46%, AUC: 0.78
Epoch [93/100] - [TRAIN] Loss: 0.4846, Accuracy: 79.04%, AUC: 0.78 - [VAL] Loss: 0.4968, Accuracy: 78.45%, AUC: 0.78
Epoch [94/100] - [TRAIN] Loss: 0.4857, Accuracy: 79.05%, AUC: 0.79 - [VAL] Loss: 0.4968, Accuracy: 78.45%, AUC: 0.78
Epoch [95/100] - [TRAIN] Loss: 0.4839, Accuracy: 79.08%, AUC: 0.79 - [VAL] Loss: 0.4968, Accuracy: 78.47%, AUC: 0.78
Epoch [96/100] - [TRAIN] Loss: 0.4845, Accuracy: 79.13%, AUC: 0.79 - [VAL] Loss: 0.4991, Accuracy: 78.35%, AUC: 0.78
Epoch [97/100] - [TRAIN] Loss: 0.4837, Accuracy: 79.09%, AUC: 0.79 - [VAL] Loss: 0.4978, Accuracy: 78.46%, AUC: 0.78
Epoch [98/100] - [TRAIN] Loss: 0.4852, Accuracy: 79.04%, AUC: 0.78 - [VAL] Loss: 0.4970, Accuracy: 78.43%, AUC: 0.78
Epoch [99/100] - [TRAIN] Loss: 0.4840, Accuracy: 79.11%, AUC: 0.79 - [VAL] Loss: 0.4985, Accuracy: 78.37%, AUC: 0.78
Epoch [100/100] - [TRAIN] Loss: 0.4824, Accuracy: 79.05%, AUC: 0.79 - [VAL] Loss: 0.4978, Accuracy: 78.43%, AUC: 0.78
Training finished!
Accuracy Score on test set: 79.07 %
AUC Score on test set: 0.79
Item: H3K9ac-H3K27me3
Train set shape: (7399, 2, 4000) (7399,)
Validation set shape: (7377, 2, 4000) (7377,)
Test set shape: (7378, 2, 4000) (7378,)
New best model saved with validation metric: 19.4242
Epoch [1/100] - [TRAIN] Loss: 0.6597, Accuracy: 60.45%, AUC: 0.51 - [VAL] Loss: 0.6279, Accuracy: 60.82%, AUC: 0.50
Epoch [2/100] - [TRAIN] Loss: 0.6126, Accuracy: 60.82%, AUC: 0.50 - [VAL] Loss: 0.5921, Accuracy: 60.82%, AUC: 0.50
New best model saved with validation metric: 24.3680
Epoch [3/100] - [TRAIN] Loss: 0.5838, Accuracy: 61.05%, AUC: 0.50 - [VAL] Loss: 0.5639, Accuracy: 76.30%, AUC: 0.75
New best model saved with validation metric: 24.9567
Epoch [4/100] - [TRAIN] Loss: 0.5603, Accuracy: 76.55%, AUC: 0.75 - [VAL] Loss: 0.5451, Accuracy: 78.15%, AUC: 0.78
Epoch [5/100] - [TRAIN] Loss: 0.5482, Accuracy: 77.98%, AUC: 0.77 - [VAL] Loss: 0.5349, Accuracy: 77.85%, AUC: 0.78
Epoch [6/100] - [TRAIN] Loss: 0.5402, Accuracy: 77.88%, AUC: 0.77 - [VAL] Loss: 0.5298, Accuracy: 77.74%, AUC: 0.78
Epoch [7/100] - [TRAIN] Loss: 0.5362, Accuracy: 77.88%, AUC: 0.78 - [VAL] Loss: 0.5265, Accuracy: 77.66%, AUC: 0.78
Epoch [8/100] - [TRAIN] Loss: 0.5325, Accuracy: 77.77%, AUC: 0.77 - [VAL] Loss: 0.5249, Accuracy: 77.39%, AUC: 0.78
Epoch [9/100] - [TRAIN] Loss: 0.5319, Accuracy: 77.65%, AUC: 0.77 - [VAL] Loss: 0.5218, Accuracy: 77.74%, AUC: 0.78
Epoch [10/100] - [TRAIN] Loss: 0.5306, Accuracy: 77.89%, AUC: 0.78 - [VAL] Loss: 0.5205, Accuracy: 77.44%, AUC: 0.78
Epoch [11/100] - [TRAIN] Loss: 0.5263, Accuracy: 77.66%, AUC: 0.77 - [VAL] Loss: 0.5189, Accuracy: 77.48%, AUC: 0.78
Epoch [12/100] - [TRAIN] Loss: 0.5254, Accuracy: 77.55%, AUC: 0.77 - [VAL] Loss: 0.5172, Accuracy: 77.73%, AUC: 0.78
Epoch [13/100] - [TRAIN] Loss: 0.5230, Accuracy: 77.89%, AUC: 0.78 - [VAL] Loss: 0.5159, Accuracy: 77.76%, AUC: 0.78
Epoch [14/100] - [TRAIN] Loss: 0.5240, Accuracy: 78.01%, AUC: 0.78 - [VAL] Loss: 0.5151, Accuracy: 77.66%, AUC: 0.78
Epoch [15/100] - [TRAIN] Loss: 0.5209, Accuracy: 77.94%, AUC: 0.78 - [VAL] Loss: 0.5141, Accuracy: 77.59%, AUC: 0.78
Epoch [16/100] - [TRAIN] Loss: 0.5206, Accuracy: 77.85%, AUC: 0.78 - [VAL] Loss: 0.5130, Accuracy: 77.81%, AUC: 0.78
Epoch [17/100] - [TRAIN] Loss: 0.5196, Accuracy: 77.85%, AUC: 0.78 - [VAL] Loss: 0.5119, Accuracy: 77.90%, AUC: 0.78
Epoch [18/100] - [TRAIN] Loss: 0.5188, Accuracy: 77.89%, AUC: 0.78 - [VAL] Loss: 0.5111, Accuracy: 77.85%, AUC: 0.78
Epoch [19/100] - [TRAIN] Loss: 0.5172, Accuracy: 78.01%, AUC: 0.78 - [VAL] Loss: 0.5112, Accuracy: 77.59%, AUC: 0.78
Epoch [20/100] - [TRAIN] Loss: 0.5162, Accuracy: 78.00%, AUC: 0.78 - [VAL] Loss: 0.5095, Accuracy: 78.13%, AUC: 0.78
Epoch [21/100] - [TRAIN] Loss: 0.5164, Accuracy: 78.04%, AUC: 0.78 - [VAL] Loss: 0.5089, Accuracy: 78.07%, AUC: 0.78
Epoch [22/100] - [TRAIN] Loss: 0.5133, Accuracy: 78.15%, AUC: 0.78 - [VAL] Loss: 0.5085, Accuracy: 78.00%, AUC: 0.78
Epoch [23/100] - [TRAIN] Loss: 0.5144, Accuracy: 78.19%, AUC: 0.78 - [VAL] Loss: 0.5089, Accuracy: 77.67%, AUC: 0.78
Epoch [24/100] - [TRAIN] Loss: 0.5130, Accuracy: 78.23%, AUC: 0.78 - [VAL] Loss: 0.5077, Accuracy: 78.04%, AUC: 0.78
New best model saved with validation metric: 24.9610
Epoch [25/100] - [TRAIN] Loss: 0.5129, Accuracy: 78.23%, AUC: 0.78 - [VAL] Loss: 0.5065, Accuracy: 78.16%, AUC: 0.78
New best model saved with validation metric: 24.9870
Epoch [26/100] - [TRAIN] Loss: 0.5111, Accuracy: 78.32%, AUC: 0.78 - [VAL] Loss: 0.5060, Accuracy: 78.24%, AUC: 0.78
Epoch [27/100] - [TRAIN] Loss: 0.5091, Accuracy: 78.39%, AUC: 0.78 - [VAL] Loss: 0.5057, Accuracy: 78.11%, AUC: 0.78
New best model saved with validation metric: 24.9957
Epoch [28/100] - [TRAIN] Loss: 0.5092, Accuracy: 78.32%, AUC: 0.78 - [VAL] Loss: 0.5049, Accuracy: 78.27%, AUC: 0.78
Epoch [29/100] - [TRAIN] Loss: 0.5089, Accuracy: 78.32%, AUC: 0.78 - [VAL] Loss: 0.5046, Accuracy: 78.16%, AUC: 0.78
Epoch [30/100] - [TRAIN] Loss: 0.5088, Accuracy: 78.40%, AUC: 0.78 - [VAL] Loss: 0.5055, Accuracy: 78.03%, AUC: 0.78
Epoch [31/100] - [TRAIN] Loss: 0.5073, Accuracy: 78.38%, AUC: 0.78 - [VAL] Loss: 0.5039, Accuracy: 78.22%, AUC: 0.78
Epoch [32/100] - [TRAIN] Loss: 0.5064, Accuracy: 78.35%, AUC: 0.78 - [VAL] Loss: 0.5034, Accuracy: 78.26%, AUC: 0.78
Epoch [33/100] - [TRAIN] Loss: 0.5052, Accuracy: 78.38%, AUC: 0.78 - [VAL] Loss: 0.5031, Accuracy: 78.22%, AUC: 0.78
New best model saved with validation metric: 25.0087
Epoch [34/100] - [TRAIN] Loss: 0.5078, Accuracy: 78.39%, AUC: 0.78 - [VAL] Loss: 0.5028, Accuracy: 78.31%, AUC: 0.78
Epoch [35/100] - [TRAIN] Loss: 0.5052, Accuracy: 78.43%, AUC: 0.78 - [VAL] Loss: 0.5032, Accuracy: 78.18%, AUC: 0.78
New best model saved with validation metric: 25.0649
Epoch [36/100] - [TRAIN] Loss: 0.5042, Accuracy: 78.35%, AUC: 0.78 - [VAL] Loss: 0.5020, Accuracy: 78.49%, AUC: 0.78
Epoch [37/100] - [TRAIN] Loss: 0.5040, Accuracy: 78.46%, AUC: 0.78 - [VAL] Loss: 0.5020, Accuracy: 78.31%, AUC: 0.78
Epoch [38/100] - [TRAIN] Loss: 0.5032, Accuracy: 78.52%, AUC: 0.78 - [VAL] Loss: 0.5012, Accuracy: 78.39%, AUC: 0.78
Epoch [39/100] - [TRAIN] Loss: 0.5033, Accuracy: 78.51%, AUC: 0.78 - [VAL] Loss: 0.5012, Accuracy: 78.35%, AUC: 0.78
Epoch [40/100] - [TRAIN] Loss: 0.5019, Accuracy: 78.48%, AUC: 0.78 - [VAL] Loss: 0.5013, Accuracy: 78.28%, AUC: 0.78
Epoch [41/100] - [TRAIN] Loss: 0.5024, Accuracy: 78.54%, AUC: 0.78 - [VAL] Loss: 0.5008, Accuracy: 78.37%, AUC: 0.78
Epoch [42/100] - [TRAIN] Loss: 0.5017, Accuracy: 78.66%, AUC: 0.78 - [VAL] Loss: 0.5007, Accuracy: 78.35%, AUC: 0.78
New best model saved with validation metric: 25.0693
Epoch [43/100] - [TRAIN] Loss: 0.5013, Accuracy: 78.61%, AUC: 0.78 - [VAL] Loss: 0.5001, Accuracy: 78.50%, AUC: 0.78
New best model saved with validation metric: 25.0736
Epoch [44/100] - [TRAIN] Loss: 0.5012, Accuracy: 78.51%, AUC: 0.78 - [VAL] Loss: 0.4996, Accuracy: 78.51%, AUC: 0.78
Epoch [45/100] - [TRAIN] Loss: 0.5001, Accuracy: 78.55%, AUC: 0.78 - [VAL] Loss: 0.4999, Accuracy: 78.41%, AUC: 0.78
Epoch [46/100] - [TRAIN] Loss: 0.5002, Accuracy: 78.63%, AUC: 0.78 - [VAL] Loss: 0.4997, Accuracy: 78.43%, AUC: 0.78
Epoch [47/100] - [TRAIN] Loss: 0.5005, Accuracy: 78.66%, AUC: 0.78 - [VAL] Loss: 0.5002, Accuracy: 78.42%, AUC: 0.78
Epoch [48/100] - [TRAIN] Loss: 0.5003, Accuracy: 78.69%, AUC: 0.78 - [VAL] Loss: 0.5005, Accuracy: 78.32%, AUC: 0.78
Epoch [49/100] - [TRAIN] Loss: 0.5000, Accuracy: 78.62%, AUC: 0.78 - [VAL] Loss: 0.4990, Accuracy: 78.51%, AUC: 0.78
Epoch [50/100] - [TRAIN] Loss: 0.4988, Accuracy: 78.70%, AUC: 0.78 - [VAL] Loss: 0.4999, Accuracy: 78.43%, AUC: 0.78
Epoch [51/100] - [TRAIN] Loss: 0.4984, Accuracy: 78.62%, AUC: 0.78 - [VAL] Loss: 0.4988, Accuracy: 78.50%, AUC: 0.78
New best model saved with validation metric: 25.0952
Epoch [52/100] - [TRAIN] Loss: 0.4973, Accuracy: 78.73%, AUC: 0.78 - [VAL] Loss: 0.4987, Accuracy: 78.58%, AUC: 0.78
Epoch [53/100] - [TRAIN] Loss: 0.4971, Accuracy: 78.71%, AUC: 0.78 - [VAL] Loss: 0.4983, Accuracy: 78.54%, AUC: 0.78
New best model saved with validation metric: 25.1082
Epoch [54/100] - [TRAIN] Loss: 0.4977, Accuracy: 78.66%, AUC: 0.78 - [VAL] Loss: 0.4983, Accuracy: 78.62%, AUC: 0.78
Epoch [55/100] - [TRAIN] Loss: 0.4973, Accuracy: 78.67%, AUC: 0.78 - [VAL] Loss: 0.4989, Accuracy: 78.49%, AUC: 0.78
Epoch [56/100] - [TRAIN] Loss: 0.4967, Accuracy: 78.78%, AUC: 0.78 - [VAL] Loss: 0.4981, Accuracy: 78.57%, AUC: 0.78
Epoch [57/100] - [TRAIN] Loss: 0.4965, Accuracy: 78.65%, AUC: 0.78 - [VAL] Loss: 0.4982, Accuracy: 78.53%, AUC: 0.78
New best model saved with validation metric: 25.1255
Epoch [58/100] - [TRAIN] Loss: 0.4965, Accuracy: 78.81%, AUC: 0.78 - [VAL] Loss: 0.4982, Accuracy: 78.68%, AUC: 0.78
Epoch [59/100] - [TRAIN] Loss: 0.4956, Accuracy: 78.70%, AUC: 0.78 - [VAL] Loss: 0.4979, Accuracy: 78.61%, AUC: 0.78
New best model saved with validation metric: 25.1299
Epoch [60/100] - [TRAIN] Loss: 0.4944, Accuracy: 78.66%, AUC: 0.78 - [VAL] Loss: 0.4984, Accuracy: 78.69%, AUC: 0.78
Epoch [61/100] - [TRAIN] Loss: 0.4955, Accuracy: 78.75%, AUC: 0.78 - [VAL] Loss: 0.4981, Accuracy: 78.65%, AUC: 0.78
Epoch [62/100] - [TRAIN] Loss: 0.4948, Accuracy: 78.83%, AUC: 0.78 - [VAL] Loss: 0.4983, Accuracy: 78.54%, AUC: 0.78
Epoch [63/100] - [TRAIN] Loss: 0.4951, Accuracy: 78.77%, AUC: 0.78 - [VAL] Loss: 0.4980, Accuracy: 78.68%, AUC: 0.78
Epoch [64/100] - [TRAIN] Loss: 0.4953, Accuracy: 78.75%, AUC: 0.78 - [VAL] Loss: 0.4980, Accuracy: 78.62%, AUC: 0.78
Epoch [65/100] - [TRAIN] Loss: 0.4954, Accuracy: 78.77%, AUC: 0.78 - [VAL] Loss: 0.4978, Accuracy: 78.68%, AUC: 0.78
Epoch [66/100] - [TRAIN] Loss: 0.4937, Accuracy: 78.73%, AUC: 0.78 - [VAL] Loss: 0.4982, Accuracy: 78.57%, AUC: 0.78
Epoch [67/100] - [TRAIN] Loss: 0.4941, Accuracy: 78.83%, AUC: 0.78 - [VAL] Loss: 0.4978, Accuracy: 78.66%, AUC: 0.78
Epoch [68/100] - [TRAIN] Loss: 0.4934, Accuracy: 78.77%, AUC: 0.78 - [VAL] Loss: 0.4978, Accuracy: 78.65%, AUC: 0.78
Epoch [69/100] - [TRAIN] Loss: 0.4950, Accuracy: 78.73%, AUC: 0.78 - [VAL] Loss: 0.4977, Accuracy: 78.64%, AUC: 0.78
New best model saved with validation metric: 25.1385
Epoch [70/100] - [TRAIN] Loss: 0.4920, Accuracy: 78.79%, AUC: 0.78 - [VAL] Loss: 0.4979, Accuracy: 78.72%, AUC: 0.78
Epoch [71/100] - [TRAIN] Loss: 0.4943, Accuracy: 78.78%, AUC: 0.78 - [VAL] Loss: 0.4979, Accuracy: 78.65%, AUC: 0.78
Epoch [72/100] - [TRAIN] Loss: 0.4945, Accuracy: 78.82%, AUC: 0.78 - [VAL] Loss: 0.4983, Accuracy: 78.64%, AUC: 0.78
Epoch [73/100] - [TRAIN] Loss: 0.4939, Accuracy: 78.83%, AUC: 0.78 - [VAL] Loss: 0.4981, Accuracy: 78.69%, AUC: 0.78
Epoch [74/100] - [TRAIN] Loss: 0.4943, Accuracy: 78.81%, AUC: 0.78 - [VAL] Loss: 0.4979, Accuracy: 78.62%, AUC: 0.78
Epoch [75/100] - [TRAIN] Loss: 0.4931, Accuracy: 78.89%, AUC: 0.78 - [VAL] Loss: 0.4982, Accuracy: 78.66%, AUC: 0.78
Epoch [76/100] - [TRAIN] Loss: 0.4919, Accuracy: 78.79%, AUC: 0.78 - [VAL] Loss: 0.4979, Accuracy: 78.70%, AUC: 0.78
New best model saved with validation metric: 25.1429
Epoch [77/100] - [TRAIN] Loss: 0.4924, Accuracy: 78.78%, AUC: 0.78 - [VAL] Loss: 0.4981, Accuracy: 78.73%, AUC: 0.78
Epoch [78/100] - [TRAIN] Loss: 0.4915, Accuracy: 78.79%, AUC: 0.78 - [VAL] Loss: 0.4980, Accuracy: 78.64%, AUC: 0.78
Epoch [79/100] - [TRAIN] Loss: 0.4914, Accuracy: 78.82%, AUC: 0.78 - [VAL] Loss: 0.4979, Accuracy: 78.66%, AUC: 0.78
Epoch [80/100] - [TRAIN] Loss: 0.4910, Accuracy: 78.79%, AUC: 0.78 - [VAL] Loss: 0.4980, Accuracy: 78.72%, AUC: 0.78
New best model saved with validation metric: 25.1472
Epoch [81/100] - [TRAIN] Loss: 0.4910, Accuracy: 78.93%, AUC: 0.78 - [VAL] Loss: 0.4986, Accuracy: 78.74%, AUC: 0.78
Epoch [82/100] - [TRAIN] Loss: 0.4921, Accuracy: 78.88%, AUC: 0.78 - [VAL] Loss: 0.4991, Accuracy: 78.74%, AUC: 0.78
Epoch [83/100] - [TRAIN] Loss: 0.4928, Accuracy: 78.94%, AUC: 0.78 - [VAL] Loss: 0.4980, Accuracy: 78.65%, AUC: 0.78
Epoch [84/100] - [TRAIN] Loss: 0.4912, Accuracy: 78.79%, AUC: 0.78 - [VAL] Loss: 0.4980, Accuracy: 78.69%, AUC: 0.78
Epoch [85/100] - [TRAIN] Loss: 0.4916, Accuracy: 78.83%, AUC: 0.78 - [VAL] Loss: 0.4984, Accuracy: 78.64%, AUC: 0.78
Epoch [86/100] - [TRAIN] Loss: 0.4898, Accuracy: 78.90%, AUC: 0.78 - [VAL] Loss: 0.4990, Accuracy: 78.61%, AUC: 0.78
Epoch [87/100] - [TRAIN] Loss: 0.4903, Accuracy: 78.89%, AUC: 0.78 - [VAL] Loss: 0.4991, Accuracy: 78.62%, AUC: 0.78
Epoch [88/100] - [TRAIN] Loss: 0.4908, Accuracy: 78.94%, AUC: 0.78 - [VAL] Loss: 0.4981, Accuracy: 78.66%, AUC: 0.78
Epoch [89/100] - [TRAIN] Loss: 0.4910, Accuracy: 78.85%, AUC: 0.78 - [VAL] Loss: 0.4983, Accuracy: 78.66%, AUC: 0.78
Epoch [90/100] - [TRAIN] Loss: 0.4904, Accuracy: 78.77%, AUC: 0.78 - [VAL] Loss: 0.4985, Accuracy: 78.70%, AUC: 0.78
Epoch [91/100] - [TRAIN] Loss: 0.4904, Accuracy: 78.89%, AUC: 0.78 - [VAL] Loss: 0.5004, Accuracy: 78.49%, AUC: 0.78
Epoch [92/100] - [TRAIN] Loss: 0.4892, Accuracy: 78.88%, AUC: 0.78 - [VAL] Loss: 0.4993, Accuracy: 78.62%, AUC: 0.78
Epoch [93/100] - [TRAIN] Loss: 0.4888, Accuracy: 78.90%, AUC: 0.78 - [VAL] Loss: 0.4982, Accuracy: 78.72%, AUC: 0.78
Epoch [94/100] - [TRAIN] Loss: 0.4898, Accuracy: 78.88%, AUC: 0.78 - [VAL] Loss: 0.4996, Accuracy: 78.61%, AUC: 0.78
Epoch [95/100] - [TRAIN] Loss: 0.4888, Accuracy: 78.90%, AUC: 0.78 - [VAL] Loss: 0.4983, Accuracy: 78.72%, AUC: 0.78
Epoch [96/100] - [TRAIN] Loss: 0.4898, Accuracy: 78.97%, AUC: 0.78 - [VAL] Loss: 0.4984, Accuracy: 78.72%, AUC: 0.78
Epoch [97/100] - [TRAIN] Loss: 0.4904, Accuracy: 78.75%, AUC: 0.78 - [VAL] Loss: 0.4985, Accuracy: 78.69%, AUC: 0.78
Epoch [98/100] - [TRAIN] Loss: 0.4891, Accuracy: 78.92%, AUC: 0.78 - [VAL] Loss: 0.4989, Accuracy: 78.68%, AUC: 0.78
Epoch [99/100] - [TRAIN] Loss: 0.4889, Accuracy: 78.89%, AUC: 0.78 - [VAL] Loss: 0.4984, Accuracy: 78.73%, AUC: 0.78
Epoch [100/100] - [TRAIN] Loss: 0.4901, Accuracy: 79.00%, AUC: 0.78 - [VAL] Loss: 0.4990, Accuracy: 78.74%, AUC: 0.78
Training finished!
Accuracy Score on test set: 79.01 %
AUC Score on test set: 0.78
Item: H3K27me3-H3K9ac
Train set shape: (7399, 2, 4000) (7399,)
Validation set shape: (7377, 2, 4000) (7377,)
Test set shape: (7378, 2, 4000) (7378,)
New best model saved with validation metric: 19.4242
Epoch [1/100] - [TRAIN] Loss: 0.6614, Accuracy: 60.82%, AUC: 0.50 - [VAL] Loss: 0.6423, Accuracy: 60.82%, AUC: 0.50
Epoch [2/100] - [TRAIN] Loss: 0.6305, Accuracy: 60.82%, AUC: 0.50 - [VAL] Loss: 0.6113, Accuracy: 60.82%, AUC: 0.50
Epoch [3/100] - [TRAIN] Loss: 0.6018, Accuracy: 60.82%, AUC: 0.50 - [VAL] Loss: 0.5816, Accuracy: 60.82%, AUC: 0.50
New best model saved with validation metric: 24.2251
Epoch [4/100] - [TRAIN] Loss: 0.5760, Accuracy: 61.64%, AUC: 0.51 - [VAL] Loss: 0.5586, Accuracy: 75.86%, AUC: 0.74
New best model saved with validation metric: 24.8658
Epoch [5/100] - [TRAIN] Loss: 0.5595, Accuracy: 76.12%, AUC: 0.74 - [VAL] Loss: 0.5441, Accuracy: 77.86%, AUC: 0.77
Epoch [6/100] - [TRAIN] Loss: 0.5490, Accuracy: 77.78%, AUC: 0.77 - [VAL] Loss: 0.5357, Accuracy: 77.82%, AUC: 0.78
Epoch [7/100] - [TRAIN] Loss: 0.5418, Accuracy: 77.75%, AUC: 0.77 - [VAL] Loss: 0.5300, Accuracy: 77.78%, AUC: 0.78
Epoch [8/100] - [TRAIN] Loss: 0.5365, Accuracy: 77.56%, AUC: 0.77 - [VAL] Loss: 0.5263, Accuracy: 77.59%, AUC: 0.78
Epoch [9/100] - [TRAIN] Loss: 0.5349, Accuracy: 77.75%, AUC: 0.77 - [VAL] Loss: 0.5254, Accuracy: 76.82%, AUC: 0.77
Epoch [10/100] - [TRAIN] Loss: 0.5313, Accuracy: 77.36%, AUC: 0.77 - [VAL] Loss: 0.5215, Accuracy: 77.36%, AUC: 0.77
Epoch [11/100] - [TRAIN] Loss: 0.5287, Accuracy: 77.58%, AUC: 0.77 - [VAL] Loss: 0.5197, Accuracy: 77.38%, AUC: 0.78
Epoch [12/100] - [TRAIN] Loss: 0.5258, Accuracy: 77.70%, AUC: 0.77 - [VAL] Loss: 0.5183, Accuracy: 77.19%, AUC: 0.77
Epoch [13/100] - [TRAIN] Loss: 0.5254, Accuracy: 77.38%, AUC: 0.77 - [VAL] Loss: 0.5166, Accuracy: 77.47%, AUC: 0.78
Epoch [14/100] - [TRAIN] Loss: 0.5226, Accuracy: 77.71%, AUC: 0.78 - [VAL] Loss: 0.5152, Accuracy: 77.58%, AUC: 0.78
Epoch [15/100] - [TRAIN] Loss: 0.5227, Accuracy: 77.69%, AUC: 0.78 - [VAL] Loss: 0.5141, Accuracy: 77.77%, AUC: 0.78
New best model saved with validation metric: 24.8874
Epoch [16/100] - [TRAIN] Loss: 0.5211, Accuracy: 77.58%, AUC: 0.77 - [VAL] Loss: 0.5130, Accuracy: 77.93%, AUC: 0.78
Epoch [17/100] - [TRAIN] Loss: 0.5185, Accuracy: 77.77%, AUC: 0.78 - [VAL] Loss: 0.5119, Accuracy: 77.80%, AUC: 0.78
Epoch [18/100] - [TRAIN] Loss: 0.5177, Accuracy: 77.83%, AUC: 0.78 - [VAL] Loss: 0.5110, Accuracy: 77.82%, AUC: 0.78
Epoch [19/100] - [TRAIN] Loss: 0.5173, Accuracy: 77.90%, AUC: 0.78 - [VAL] Loss: 0.5111, Accuracy: 77.44%, AUC: 0.78
Epoch [20/100] - [TRAIN] Loss: 0.5156, Accuracy: 77.94%, AUC: 0.78 - [VAL] Loss: 0.5097, Accuracy: 77.74%, AUC: 0.78
New best model saved with validation metric: 24.8918
Epoch [21/100] - [TRAIN] Loss: 0.5156, Accuracy: 77.90%, AUC: 0.78 - [VAL] Loss: 0.5089, Accuracy: 77.94%, AUC: 0.78
New best model saved with validation metric: 24.9048
Epoch [22/100] - [TRAIN] Loss: 0.5139, Accuracy: 78.01%, AUC: 0.78 - [VAL] Loss: 0.5081, Accuracy: 77.99%, AUC: 0.78
Epoch [23/100] - [TRAIN] Loss: 0.5136, Accuracy: 78.09%, AUC: 0.78 - [VAL] Loss: 0.5077, Accuracy: 77.94%, AUC: 0.78
Epoch [24/100] - [TRAIN] Loss: 0.5116, Accuracy: 78.21%, AUC: 0.78 - [VAL] Loss: 0.5081, Accuracy: 77.66%, AUC: 0.78
Epoch [25/100] - [TRAIN] Loss: 0.5113, Accuracy: 78.08%, AUC: 0.78 - [VAL] Loss: 0.5065, Accuracy: 77.99%, AUC: 0.78
New best model saved with validation metric: 24.9221
Epoch [26/100] - [TRAIN] Loss: 0.5118, Accuracy: 78.28%, AUC: 0.78 - [VAL] Loss: 0.5059, Accuracy: 78.04%, AUC: 0.78
New best model saved with validation metric: 24.9567
Epoch [27/100] - [TRAIN] Loss: 0.5104, Accuracy: 78.11%, AUC: 0.78 - [VAL] Loss: 0.5053, Accuracy: 78.15%, AUC: 0.78
Epoch [28/100] - [TRAIN] Loss: 0.5094, Accuracy: 78.27%, AUC: 0.78 - [VAL] Loss: 0.5054, Accuracy: 78.04%, AUC: 0.78
New best model saved with validation metric: 24.9697
Epoch [29/100] - [TRAIN] Loss: 0.5106, Accuracy: 78.27%, AUC: 0.78 - [VAL] Loss: 0.5045, Accuracy: 78.19%, AUC: 0.78
Epoch [30/100] - [TRAIN] Loss: 0.5098, Accuracy: 78.35%, AUC: 0.78 - [VAL] Loss: 0.5048, Accuracy: 78.03%, AUC: 0.78
Epoch [31/100] - [TRAIN] Loss: 0.5069, Accuracy: 78.27%, AUC: 0.78 - [VAL] Loss: 0.5039, Accuracy: 78.07%, AUC: 0.78
New best model saved with validation metric: 24.9957
Epoch [32/100] - [TRAIN] Loss: 0.5071, Accuracy: 78.23%, AUC: 0.78 - [VAL] Loss: 0.5031, Accuracy: 78.27%, AUC: 0.78
Epoch [33/100] - [TRAIN] Loss: 0.5081, Accuracy: 78.39%, AUC: 0.78 - [VAL] Loss: 0.5041, Accuracy: 77.97%, AUC: 0.78
New best model saved with validation metric: 25.0476
Epoch [34/100] - [TRAIN] Loss: 0.5080, Accuracy: 78.35%, AUC: 0.78 - [VAL] Loss: 0.5026, Accuracy: 78.43%, AUC: 0.78
Epoch [35/100] - [TRAIN] Loss: 0.5055, Accuracy: 78.38%, AUC: 0.78 - [VAL] Loss: 0.5021, Accuracy: 78.24%, AUC: 0.78
Epoch [36/100] - [TRAIN] Loss: 0.5064, Accuracy: 78.33%, AUC: 0.78 - [VAL] Loss: 0.5022, Accuracy: 78.22%, AUC: 0.78
Epoch [37/100] - [TRAIN] Loss: 0.5044, Accuracy: 78.48%, AUC: 0.78 - [VAL] Loss: 0.5023, Accuracy: 78.11%, AUC: 0.78
Epoch [38/100] - [TRAIN] Loss: 0.5048, Accuracy: 78.43%, AUC: 0.78 - [VAL] Loss: 0.5015, Accuracy: 78.24%, AUC: 0.78
Epoch [39/100] - [TRAIN] Loss: 0.5041, Accuracy: 78.51%, AUC: 0.78 - [VAL] Loss: 0.5011, Accuracy: 78.37%, AUC: 0.78
Epoch [40/100] - [TRAIN] Loss: 0.5037, Accuracy: 78.39%, AUC: 0.78 - [VAL] Loss: 0.5011, Accuracy: 78.30%, AUC: 0.78
Epoch [41/100] - [TRAIN] Loss: 0.5031, Accuracy: 78.46%, AUC: 0.78 - [VAL] Loss: 0.5006, Accuracy: 78.34%, AUC: 0.78
Epoch [42/100] - [TRAIN] Loss: 0.5028, Accuracy: 78.43%, AUC: 0.78 - [VAL] Loss: 0.5014, Accuracy: 78.16%, AUC: 0.78
New best model saved with validation metric: 25.0606
Epoch [43/100] - [TRAIN] Loss: 0.5009, Accuracy: 78.52%, AUC: 0.78 - [VAL] Loss: 0.5001, Accuracy: 78.47%, AUC: 0.78
Epoch [44/100] - [TRAIN] Loss: 0.5014, Accuracy: 78.55%, AUC: 0.78 - [VAL] Loss: 0.4999, Accuracy: 78.42%, AUC: 0.78
Epoch [45/100] - [TRAIN] Loss: 0.5003, Accuracy: 78.56%, AUC: 0.78 - [VAL] Loss: 0.5008, Accuracy: 78.28%, AUC: 0.78
Epoch [46/100] - [TRAIN] Loss: 0.5006, Accuracy: 78.61%, AUC: 0.78 - [VAL] Loss: 0.4996, Accuracy: 78.46%, AUC: 0.78
Epoch [47/100] - [TRAIN] Loss: 0.5015, Accuracy: 78.65%, AUC: 0.78 - [VAL] Loss: 0.4995, Accuracy: 78.46%, AUC: 0.78
Epoch [48/100] - [TRAIN] Loss: 0.4997, Accuracy: 78.69%, AUC: 0.78 - [VAL] Loss: 0.4992, Accuracy: 78.45%, AUC: 0.78
Epoch [49/100] - [TRAIN] Loss: 0.5001, Accuracy: 78.65%, AUC: 0.78 - [VAL] Loss: 0.4993, Accuracy: 78.47%, AUC: 0.78
New best model saved with validation metric: 25.0996
Epoch [50/100] - [TRAIN] Loss: 0.4997, Accuracy: 78.66%, AUC: 0.78 - [VAL] Loss: 0.4994, Accuracy: 78.60%, AUC: 0.78
Epoch [51/100] - [TRAIN] Loss: 0.4990, Accuracy: 78.62%, AUC: 0.78 - [VAL] Loss: 0.4988, Accuracy: 78.46%, AUC: 0.78
Epoch [52/100] - [TRAIN] Loss: 0.4984, Accuracy: 78.61%, AUC: 0.78 - [VAL] Loss: 0.5008, Accuracy: 78.32%, AUC: 0.78
Epoch [53/100] - [TRAIN] Loss: 0.4979, Accuracy: 78.61%, AUC: 0.78 - [VAL] Loss: 0.4993, Accuracy: 78.42%, AUC: 0.78
Epoch [54/100] - [TRAIN] Loss: 0.4987, Accuracy: 78.55%, AUC: 0.78 - [VAL] Loss: 0.5006, Accuracy: 78.31%, AUC: 0.78
Epoch [55/100] - [TRAIN] Loss: 0.4971, Accuracy: 78.71%, AUC: 0.78 - [VAL] Loss: 0.4990, Accuracy: 78.47%, AUC: 0.78
Epoch [56/100] - [TRAIN] Loss: 0.4961, Accuracy: 78.77%, AUC: 0.78 - [VAL] Loss: 0.4988, Accuracy: 78.45%, AUC: 0.78
Epoch [57/100] - [TRAIN] Loss: 0.4972, Accuracy: 78.73%, AUC: 0.78 - [VAL] Loss: 0.4985, Accuracy: 78.50%, AUC: 0.78
Epoch [58/100] - [TRAIN] Loss: 0.4966, Accuracy: 78.65%, AUC: 0.78 - [VAL] Loss: 0.4984, Accuracy: 78.53%, AUC: 0.78
Epoch [59/100] - [TRAIN] Loss: 0.4962, Accuracy: 78.66%, AUC: 0.78 - [VAL] Loss: 0.4981, Accuracy: 78.55%, AUC: 0.78
New best model saved with validation metric: 25.1039
Epoch [60/100] - [TRAIN] Loss: 0.4960, Accuracy: 78.81%, AUC: 0.78 - [VAL] Loss: 0.4983, Accuracy: 78.61%, AUC: 0.78
Epoch [61/100] - [TRAIN] Loss: 0.4951, Accuracy: 78.73%, AUC: 0.78 - [VAL] Loss: 0.4990, Accuracy: 78.45%, AUC: 0.78
Epoch [62/100] - [TRAIN] Loss: 0.4951, Accuracy: 78.67%, AUC: 0.78 - [VAL] Loss: 0.4991, Accuracy: 78.45%, AUC: 0.78
Epoch [63/100] - [TRAIN] Loss: 0.4958, Accuracy: 78.77%, AUC: 0.78 - [VAL] Loss: 0.4982, Accuracy: 78.53%, AUC: 0.78
Epoch [64/100] - [TRAIN] Loss: 0.4958, Accuracy: 78.79%, AUC: 0.78 - [VAL] Loss: 0.4982, Accuracy: 78.55%, AUC: 0.78
Epoch [65/100] - [TRAIN] Loss: 0.4960, Accuracy: 78.69%, AUC: 0.78 - [VAL] Loss: 0.4993, Accuracy: 78.47%, AUC: 0.78
Epoch [66/100] - [TRAIN] Loss: 0.4958, Accuracy: 78.77%, AUC: 0.78 - [VAL] Loss: 0.4981, Accuracy: 78.54%, AUC: 0.78
Epoch [67/100] - [TRAIN] Loss: 0.4972, Accuracy: 78.77%, AUC: 0.78 - [VAL] Loss: 0.4982, Accuracy: 78.58%, AUC: 0.78
Epoch [68/100] - [TRAIN] Loss: 0.4941, Accuracy: 78.69%, AUC: 0.78 - [VAL] Loss: 0.4979, Accuracy: 78.58%, AUC: 0.78
Epoch [69/100] - [TRAIN] Loss: 0.4956, Accuracy: 78.75%, AUC: 0.78 - [VAL] Loss: 0.4979, Accuracy: 78.60%, AUC: 0.78
New best model saved with validation metric: 25.1255
Epoch [70/100] - [TRAIN] Loss: 0.4949, Accuracy: 78.79%, AUC: 0.78 - [VAL] Loss: 0.4987, Accuracy: 78.68%, AUC: 0.78
Epoch [71/100] - [TRAIN] Loss: 0.4940, Accuracy: 78.79%, AUC: 0.78 - [VAL] Loss: 0.4982, Accuracy: 78.55%, AUC: 0.78
Epoch [72/100] - [TRAIN] Loss: 0.4946, Accuracy: 78.73%, AUC: 0.78 - [VAL] Loss: 0.4987, Accuracy: 78.68%, AUC: 0.78
Epoch [73/100] - [TRAIN] Loss: 0.4942, Accuracy: 78.81%, AUC: 0.78 - [VAL] Loss: 0.4995, Accuracy: 78.50%, AUC: 0.78
Epoch [74/100] - [TRAIN] Loss: 0.4939, Accuracy: 78.82%, AUC: 0.78 - [VAL] Loss: 0.4990, Accuracy: 78.50%, AUC: 0.78
Epoch [75/100] - [TRAIN] Loss: 0.4937, Accuracy: 78.74%, AUC: 0.78 - [VAL] Loss: 0.4980, Accuracy: 78.65%, AUC: 0.78
Epoch [76/100] - [TRAIN] Loss: 0.4932, Accuracy: 78.78%, AUC: 0.78 - [VAL] Loss: 0.4993, Accuracy: 78.51%, AUC: 0.78
Epoch [77/100] - [TRAIN] Loss: 0.4928, Accuracy: 78.78%, AUC: 0.78 - [VAL] Loss: 0.4981, Accuracy: 78.58%, AUC: 0.78
Epoch [78/100] - [TRAIN] Loss: 0.4928, Accuracy: 78.81%, AUC: 0.78 - [VAL] Loss: 0.4981, Accuracy: 78.57%, AUC: 0.78
Epoch [79/100] - [TRAIN] Loss: 0.4930, Accuracy: 78.79%, AUC: 0.78 - [VAL] Loss: 0.5000, Accuracy: 78.50%, AUC: 0.78
Epoch [80/100] - [TRAIN] Loss: 0.4931, Accuracy: 78.74%, AUC: 0.78 - [VAL] Loss: 0.4982, Accuracy: 78.65%, AUC: 0.78
Epoch [81/100] - [TRAIN] Loss: 0.4922, Accuracy: 78.85%, AUC: 0.78 - [VAL] Loss: 0.4990, Accuracy: 78.54%, AUC: 0.78
Epoch [82/100] - [TRAIN] Loss: 0.4923, Accuracy: 78.78%, AUC: 0.78 - [VAL] Loss: 0.4982, Accuracy: 78.57%, AUC: 0.78
New best model saved with validation metric: 25.1429
Epoch [83/100] - [TRAIN] Loss: 0.4940, Accuracy: 78.88%, AUC: 0.78 - [VAL] Loss: 0.4992, Accuracy: 78.73%, AUC: 0.78
Epoch [84/100] - [TRAIN] Loss: 0.4912, Accuracy: 78.82%, AUC: 0.78 - [VAL] Loss: 0.4987, Accuracy: 78.60%, AUC: 0.78
Epoch [85/100] - [TRAIN] Loss: 0.4919, Accuracy: 78.83%, AUC: 0.78 - [VAL] Loss: 0.4981, Accuracy: 78.66%, AUC: 0.78
Epoch [86/100] - [TRAIN] Loss: 0.4924, Accuracy: 78.86%, AUC: 0.78 - [VAL] Loss: 0.4984, Accuracy: 78.58%, AUC: 0.78
Epoch [87/100] - [TRAIN] Loss: 0.4922, Accuracy: 78.88%, AUC: 0.78 - [VAL] Loss: 0.4982, Accuracy: 78.69%, AUC: 0.78
Epoch [88/100] - [TRAIN] Loss: 0.4913, Accuracy: 78.79%, AUC: 0.78 - [VAL] Loss: 0.4981, Accuracy: 78.60%, AUC: 0.78
Epoch [89/100] - [TRAIN] Loss: 0.4906, Accuracy: 78.75%, AUC: 0.78 - [VAL] Loss: 0.4984, Accuracy: 78.57%, AUC: 0.78
Epoch [90/100] - [TRAIN] Loss: 0.4905, Accuracy: 78.89%, AUC: 0.78 - [VAL] Loss: 0.4982, Accuracy: 78.62%, AUC: 0.78
Epoch [91/100] - [TRAIN] Loss: 0.4920, Accuracy: 78.74%, AUC: 0.78 - [VAL] Loss: 0.4987, Accuracy: 78.61%, AUC: 0.78
Epoch [92/100] - [TRAIN] Loss: 0.4916, Accuracy: 78.86%, AUC: 0.78 - [VAL] Loss: 0.5022, Accuracy: 78.72%, AUC: 0.78
Epoch [93/100] - [TRAIN] Loss: 0.4919, Accuracy: 78.85%, AUC: 0.78 - [VAL] Loss: 0.4982, Accuracy: 78.66%, AUC: 0.78
Epoch [94/100] - [TRAIN] Loss: 0.4903, Accuracy: 78.86%, AUC: 0.78 - [VAL] Loss: 0.4989, Accuracy: 78.58%, AUC: 0.78
Epoch [95/100] - [TRAIN] Loss: 0.4919, Accuracy: 78.79%, AUC: 0.78 - [VAL] Loss: 0.4985, Accuracy: 78.61%, AUC: 0.78
Epoch [96/100] - [TRAIN] Loss: 0.4887, Accuracy: 78.89%, AUC: 0.78 - [VAL] Loss: 0.4985, Accuracy: 78.60%, AUC: 0.78
Epoch [97/100] - [TRAIN] Loss: 0.4905, Accuracy: 78.82%, AUC: 0.78 - [VAL] Loss: 0.4988, Accuracy: 78.58%, AUC: 0.78
Epoch [98/100] - [TRAIN] Loss: 0.4889, Accuracy: 78.90%, AUC: 0.78 - [VAL] Loss: 0.4998, Accuracy: 78.55%, AUC: 0.78
Epoch [99/100] - [TRAIN] Loss: 0.4895, Accuracy: 78.73%, AUC: 0.78 - [VAL] Loss: 0.4985, Accuracy: 78.62%, AUC: 0.78
Epoch [100/100] - [TRAIN] Loss: 0.4886, Accuracy: 78.85%, AUC: 0.78 - [VAL] Loss: 0.4999, Accuracy: 78.53%, AUC: 0.78
Training finished!
Accuracy Score on test set: 78.95 %
AUC Score on test set: 0.78
Item: H3K9me3-H3K27ac
Train set shape: (7399, 2, 4000) (7399,)
Validation set shape: (7377, 2, 4000) (7377,)
Test set shape: (7378, 2, 4000) (7378,)
New best model saved with validation metric: 19.4242
Epoch [1/100] - [TRAIN] Loss: 0.6768, Accuracy: 57.09%, AUC: 0.54 - [VAL] Loss: 0.6490, Accuracy: 60.82%, AUC: 0.50
Epoch [2/100] - [TRAIN] Loss: 0.6354, Accuracy: 60.82%, AUC: 0.50 - [VAL] Loss: 0.6225, Accuracy: 60.82%, AUC: 0.50
Epoch [3/100] - [TRAIN] Loss: 0.6137, Accuracy: 60.82%, AUC: 0.50 - [VAL] Loss: 0.6014, Accuracy: 60.82%, AUC: 0.50
Epoch [4/100] - [TRAIN] Loss: 0.5935, Accuracy: 60.82%, AUC: 0.50 - [VAL] Loss: 0.5822, Accuracy: 60.82%, AUC: 0.50
New best model saved with validation metric: 24.5628
Epoch [5/100] - [TRAIN] Loss: 0.5763, Accuracy: 64.58%, AUC: 0.56 - [VAL] Loss: 0.5669, Accuracy: 76.91%, AUC: 0.78
Epoch [6/100] - [TRAIN] Loss: 0.5627, Accuracy: 76.59%, AUC: 0.77 - [VAL] Loss: 0.5547, Accuracy: 76.62%, AUC: 0.77
Epoch [7/100] - [TRAIN] Loss: 0.5527, Accuracy: 76.97%, AUC: 0.78 - [VAL] Loss: 0.5471, Accuracy: 76.43%, AUC: 0.77
Epoch [8/100] - [TRAIN] Loss: 0.5476, Accuracy: 76.58%, AUC: 0.77 - [VAL] Loss: 0.5429, Accuracy: 76.24%, AUC: 0.77
Epoch [9/100] - [TRAIN] Loss: 0.5443, Accuracy: 76.59%, AUC: 0.77 - [VAL] Loss: 0.5409, Accuracy: 75.88%, AUC: 0.77
Epoch [10/100] - [TRAIN] Loss: 0.5410, Accuracy: 76.55%, AUC: 0.77 - [VAL] Loss: 0.5382, Accuracy: 76.24%, AUC: 0.77
Epoch [11/100] - [TRAIN] Loss: 0.5388, Accuracy: 76.55%, AUC: 0.77 - [VAL] Loss: 0.5372, Accuracy: 75.87%, AUC: 0.77
Epoch [12/100] - [TRAIN] Loss: 0.5372, Accuracy: 76.65%, AUC: 0.77 - [VAL] Loss: 0.5353, Accuracy: 76.22%, AUC: 0.77
Epoch [13/100] - [TRAIN] Loss: 0.5358, Accuracy: 76.62%, AUC: 0.77 - [VAL] Loss: 0.5349, Accuracy: 75.86%, AUC: 0.77
Epoch [14/100] - [TRAIN] Loss: 0.5349, Accuracy: 76.71%, AUC: 0.77 - [VAL] Loss: 0.5330, Accuracy: 76.43%, AUC: 0.77
Epoch [15/100] - [TRAIN] Loss: 0.5337, Accuracy: 76.71%, AUC: 0.77 - [VAL] Loss: 0.5321, Accuracy: 76.41%, AUC: 0.77
Epoch [16/100] - [TRAIN] Loss: 0.5329, Accuracy: 76.71%, AUC: 0.77 - [VAL] Loss: 0.5317, Accuracy: 76.18%, AUC: 0.77
Epoch [17/100] - [TRAIN] Loss: 0.5316, Accuracy: 76.77%, AUC: 0.77 - [VAL] Loss: 0.5310, Accuracy: 76.21%, AUC: 0.77
Epoch [18/100] - [TRAIN] Loss: 0.5314, Accuracy: 76.79%, AUC: 0.77 - [VAL] Loss: 0.5297, Accuracy: 76.59%, AUC: 0.77
Epoch [19/100] - [TRAIN] Loss: 0.5293, Accuracy: 76.96%, AUC: 0.78 - [VAL] Loss: 0.5295, Accuracy: 76.35%, AUC: 0.77
Epoch [20/100] - [TRAIN] Loss: 0.5310, Accuracy: 76.89%, AUC: 0.78 - [VAL] Loss: 0.5302, Accuracy: 76.07%, AUC: 0.77
Epoch [21/100] - [TRAIN] Loss: 0.5282, Accuracy: 76.83%, AUC: 0.77 - [VAL] Loss: 0.5290, Accuracy: 76.18%, AUC: 0.77
Epoch [22/100] - [TRAIN] Loss: 0.5288, Accuracy: 76.88%, AUC: 0.78 - [VAL] Loss: 0.5273, Accuracy: 76.43%, AUC: 0.77
Epoch [23/100] - [TRAIN] Loss: 0.5272, Accuracy: 77.04%, AUC: 0.78 - [VAL] Loss: 0.5263, Accuracy: 76.75%, AUC: 0.78
Epoch [24/100] - [TRAIN] Loss: 0.5269, Accuracy: 77.08%, AUC: 0.78 - [VAL] Loss: 0.5269, Accuracy: 76.32%, AUC: 0.77
Epoch [25/100] - [TRAIN] Loss: 0.5253, Accuracy: 77.08%, AUC: 0.78 - [VAL] Loss: 0.5270, Accuracy: 76.25%, AUC: 0.77
Epoch [26/100] - [TRAIN] Loss: 0.5243, Accuracy: 76.93%, AUC: 0.78 - [VAL] Loss: 0.5247, Accuracy: 76.68%, AUC: 0.78
Epoch [27/100] - [TRAIN] Loss: 0.5234, Accuracy: 76.98%, AUC: 0.78 - [VAL] Loss: 0.5243, Accuracy: 76.67%, AUC: 0.78
Epoch [28/100] - [TRAIN] Loss: 0.5254, Accuracy: 77.02%, AUC: 0.78 - [VAL] Loss: 0.5239, Accuracy: 76.66%, AUC: 0.78
Epoch [29/100] - [TRAIN] Loss: 0.5225, Accuracy: 77.04%, AUC: 0.78 - [VAL] Loss: 0.5232, Accuracy: 76.81%, AUC: 0.78
Epoch [30/100] - [TRAIN] Loss: 0.5226, Accuracy: 77.13%, AUC: 0.78 - [VAL] Loss: 0.5236, Accuracy: 76.54%, AUC: 0.77
Epoch [31/100] - [TRAIN] Loss: 0.5210, Accuracy: 77.12%, AUC: 0.78 - [VAL] Loss: 0.5227, Accuracy: 76.62%, AUC: 0.77
Epoch [32/100] - [TRAIN] Loss: 0.5207, Accuracy: 77.12%, AUC: 0.78 - [VAL] Loss: 0.5237, Accuracy: 76.45%, AUC: 0.77
Epoch [33/100] - [TRAIN] Loss: 0.5199, Accuracy: 77.16%, AUC: 0.78 - [VAL] Loss: 0.5229, Accuracy: 76.52%, AUC: 0.77
New best model saved with validation metric: 24.5844
Epoch [34/100] - [TRAIN] Loss: 0.5211, Accuracy: 77.17%, AUC: 0.78 - [VAL] Loss: 0.5208, Accuracy: 76.98%, AUC: 0.78
Epoch [35/100] - [TRAIN] Loss: 0.5185, Accuracy: 77.35%, AUC: 0.78 - [VAL] Loss: 0.5205, Accuracy: 76.71%, AUC: 0.78
Epoch [36/100] - [TRAIN] Loss: 0.5191, Accuracy: 77.33%, AUC: 0.78 - [VAL] Loss: 0.5201, Accuracy: 76.71%, AUC: 0.78
Epoch [37/100] - [TRAIN] Loss: 0.5180, Accuracy: 77.32%, AUC: 0.78 - [VAL] Loss: 0.5211, Accuracy: 76.62%, AUC: 0.77
Epoch [38/100] - [TRAIN] Loss: 0.5171, Accuracy: 77.20%, AUC: 0.78 - [VAL] Loss: 0.5200, Accuracy: 76.63%, AUC: 0.77
Epoch [39/100] - [TRAIN] Loss: 0.5158, Accuracy: 77.32%, AUC: 0.78 - [VAL] Loss: 0.5207, Accuracy: 76.60%, AUC: 0.77
Epoch [40/100] - [TRAIN] Loss: 0.5168, Accuracy: 77.35%, AUC: 0.78 - [VAL] Loss: 0.5194, Accuracy: 76.64%, AUC: 0.77
Epoch [41/100] - [TRAIN] Loss: 0.5166, Accuracy: 77.32%, AUC: 0.78 - [VAL] Loss: 0.5205, Accuracy: 76.64%, AUC: 0.78
Epoch [42/100] - [TRAIN] Loss: 0.5156, Accuracy: 77.21%, AUC: 0.78 - [VAL] Loss: 0.5177, Accuracy: 76.96%, AUC: 0.78
Epoch [43/100] - [TRAIN] Loss: 0.5156, Accuracy: 77.28%, AUC: 0.78 - [VAL] Loss: 0.5179, Accuracy: 76.77%, AUC: 0.78
Epoch [44/100] - [TRAIN] Loss: 0.5137, Accuracy: 77.39%, AUC: 0.78 - [VAL] Loss: 0.5173, Accuracy: 76.91%, AUC: 0.78
Epoch [45/100] - [TRAIN] Loss: 0.5145, Accuracy: 77.47%, AUC: 0.78 - [VAL] Loss: 0.5169, Accuracy: 76.97%, AUC: 0.78
Epoch [46/100] - [TRAIN] Loss: 0.5130, Accuracy: 77.42%, AUC: 0.78 - [VAL] Loss: 0.5172, Accuracy: 76.81%, AUC: 0.78
Epoch [47/100] - [TRAIN] Loss: 0.5125, Accuracy: 77.56%, AUC: 0.78 - [VAL] Loss: 0.5166, Accuracy: 76.96%, AUC: 0.78
New best model saved with validation metric: 24.6277
Epoch [48/100] - [TRAIN] Loss: 0.5129, Accuracy: 77.54%, AUC: 0.78 - [VAL] Loss: 0.5163, Accuracy: 77.12%, AUC: 0.78
Epoch [49/100] - [TRAIN] Loss: 0.5131, Accuracy: 77.51%, AUC: 0.78 - [VAL] Loss: 0.5155, Accuracy: 77.06%, AUC: 0.78
Epoch [50/100] - [TRAIN] Loss: 0.5108, Accuracy: 77.56%, AUC: 0.78 - [VAL] Loss: 0.5154, Accuracy: 77.02%, AUC: 0.78
Epoch [51/100] - [TRAIN] Loss: 0.5106, Accuracy: 77.59%, AUC: 0.78 - [VAL] Loss: 0.5165, Accuracy: 76.90%, AUC: 0.78
Epoch [52/100] - [TRAIN] Loss: 0.5104, Accuracy: 77.58%, AUC: 0.78 - [VAL] Loss: 0.5150, Accuracy: 77.01%, AUC: 0.78
Epoch [53/100] - [TRAIN] Loss: 0.5101, Accuracy: 77.66%, AUC: 0.78 - [VAL] Loss: 0.5147, Accuracy: 77.06%, AUC: 0.78
Epoch [54/100] - [TRAIN] Loss: 0.5088, Accuracy: 77.70%, AUC: 0.78 - [VAL] Loss: 0.5144, Accuracy: 77.08%, AUC: 0.78
Epoch [55/100] - [TRAIN] Loss: 0.5094, Accuracy: 77.67%, AUC: 0.78 - [VAL] Loss: 0.5166, Accuracy: 76.94%, AUC: 0.78
Epoch [56/100] - [TRAIN] Loss: 0.5082, Accuracy: 77.74%, AUC: 0.78 - [VAL] Loss: 0.5144, Accuracy: 77.01%, AUC: 0.78
Epoch [57/100] - [TRAIN] Loss: 0.5081, Accuracy: 77.69%, AUC: 0.78 - [VAL] Loss: 0.5142, Accuracy: 77.04%, AUC: 0.78
Epoch [58/100] - [TRAIN] Loss: 0.5074, Accuracy: 77.74%, AUC: 0.78 - [VAL] Loss: 0.5157, Accuracy: 76.97%, AUC: 0.78
Epoch [59/100] - [TRAIN] Loss: 0.5072, Accuracy: 77.78%, AUC: 0.78 - [VAL] Loss: 0.5185, Accuracy: 76.70%, AUC: 0.78
Epoch [60/100] - [TRAIN] Loss: 0.5069, Accuracy: 77.59%, AUC: 0.78 - [VAL] Loss: 0.5133, Accuracy: 77.12%, AUC: 0.78
Epoch [61/100] - [TRAIN] Loss: 0.5069, Accuracy: 77.70%, AUC: 0.78 - [VAL] Loss: 0.5136, Accuracy: 77.02%, AUC: 0.78
Epoch [62/100] - [TRAIN] Loss: 0.5079, Accuracy: 77.71%, AUC: 0.78 - [VAL] Loss: 0.5133, Accuracy: 77.04%, AUC: 0.78
Epoch [63/100] - [TRAIN] Loss: 0.5054, Accuracy: 77.73%, AUC: 0.78 - [VAL] Loss: 0.5131, Accuracy: 77.05%, AUC: 0.78
Epoch [64/100] - [TRAIN] Loss: 0.5097, Accuracy: 77.75%, AUC: 0.78 - [VAL] Loss: 0.5152, Accuracy: 76.98%, AUC: 0.78
Epoch [65/100] - [TRAIN] Loss: 0.5068, Accuracy: 77.78%, AUC: 0.78 - [VAL] Loss: 0.5133, Accuracy: 77.01%, AUC: 0.78
New best model saved with validation metric: 24.6753
Epoch [66/100] - [TRAIN] Loss: 0.5064, Accuracy: 77.82%, AUC: 0.78 - [VAL] Loss: 0.5140, Accuracy: 77.27%, AUC: 0.78
Epoch [67/100] - [TRAIN] Loss: 0.5053, Accuracy: 77.81%, AUC: 0.78 - [VAL] Loss: 0.5134, Accuracy: 77.20%, AUC: 0.78
Epoch [68/100] - [TRAIN] Loss: 0.5045, Accuracy: 77.75%, AUC: 0.78 - [VAL] Loss: 0.5129, Accuracy: 77.00%, AUC: 0.78
Epoch [69/100] - [TRAIN] Loss: 0.5041, Accuracy: 77.74%, AUC: 0.78 - [VAL] Loss: 0.5155, Accuracy: 77.00%, AUC: 0.78
Epoch [70/100] - [TRAIN] Loss: 0.5065, Accuracy: 77.77%, AUC: 0.78 - [VAL] Loss: 0.5129, Accuracy: 77.01%, AUC: 0.78
Epoch [71/100] - [TRAIN] Loss: 0.5049, Accuracy: 77.71%, AUC: 0.78 - [VAL] Loss: 0.5130, Accuracy: 76.98%, AUC: 0.78
Epoch [72/100] - [TRAIN] Loss: 0.5046, Accuracy: 77.81%, AUC: 0.78 - [VAL] Loss: 0.5133, Accuracy: 76.98%, AUC: 0.78
Epoch [73/100] - [TRAIN] Loss: 0.5050, Accuracy: 77.79%, AUC: 0.78 - [VAL] Loss: 0.5127, Accuracy: 77.15%, AUC: 0.78
Epoch [74/100] - [TRAIN] Loss: 0.5045, Accuracy: 77.85%, AUC: 0.78 - [VAL] Loss: 0.5143, Accuracy: 76.98%, AUC: 0.78
Epoch [75/100] - [TRAIN] Loss: 0.5030, Accuracy: 77.79%, AUC: 0.78 - [VAL] Loss: 0.5133, Accuracy: 76.98%, AUC: 0.78
Epoch [76/100] - [TRAIN] Loss: 0.5023, Accuracy: 77.81%, AUC: 0.78 - [VAL] Loss: 0.5132, Accuracy: 76.98%, AUC: 0.78
Epoch [77/100] - [TRAIN] Loss: 0.5029, Accuracy: 77.83%, AUC: 0.78 - [VAL] Loss: 0.5130, Accuracy: 77.02%, AUC: 0.78
Epoch [78/100] - [TRAIN] Loss: 0.5045, Accuracy: 77.75%, AUC: 0.78 - [VAL] Loss: 0.5130, Accuracy: 77.04%, AUC: 0.78
Epoch [79/100] - [TRAIN] Loss: 0.5020, Accuracy: 77.81%, AUC: 0.78 - [VAL] Loss: 0.5128, Accuracy: 77.09%, AUC: 0.78
Epoch [80/100] - [TRAIN] Loss: 0.5040, Accuracy: 77.78%, AUC: 0.78 - [VAL] Loss: 0.5131, Accuracy: 77.02%, AUC: 0.78
Epoch [81/100] - [TRAIN] Loss: 0.5018, Accuracy: 77.81%, AUC: 0.78 - [VAL] Loss: 0.5127, Accuracy: 77.08%, AUC: 0.78
Epoch [82/100] - [TRAIN] Loss: 0.5019, Accuracy: 77.81%, AUC: 0.78 - [VAL] Loss: 0.5149, Accuracy: 77.00%, AUC: 0.78
Epoch [83/100] - [TRAIN] Loss: 0.5023, Accuracy: 77.81%, AUC: 0.78 - [VAL] Loss: 0.5128, Accuracy: 77.05%, AUC: 0.78
Epoch [84/100] - [TRAIN] Loss: 0.5011, Accuracy: 77.78%, AUC: 0.78 - [VAL] Loss: 0.5158, Accuracy: 77.00%, AUC: 0.78
Epoch [85/100] - [TRAIN] Loss: 0.5014, Accuracy: 77.86%, AUC: 0.78 - [VAL] Loss: 0.5136, Accuracy: 77.05%, AUC: 0.78
Epoch [86/100] - [TRAIN] Loss: 0.5021, Accuracy: 77.82%, AUC: 0.78 - [VAL] Loss: 0.5167, Accuracy: 76.94%, AUC: 0.78
Epoch [87/100] - [TRAIN] Loss: 0.5016, Accuracy: 77.81%, AUC: 0.78 - [VAL] Loss: 0.5130, Accuracy: 77.06%, AUC: 0.78
Epoch [88/100] - [TRAIN] Loss: 0.5017, Accuracy: 77.88%, AUC: 0.78 - [VAL] Loss: 0.5138, Accuracy: 77.06%, AUC: 0.78
Epoch [89/100] - [TRAIN] Loss: 0.5012, Accuracy: 77.83%, AUC: 0.78 - [VAL] Loss: 0.5142, Accuracy: 77.05%, AUC: 0.78
Epoch [90/100] - [TRAIN] Loss: 0.5008, Accuracy: 77.83%, AUC: 0.78 - [VAL] Loss: 0.5164, Accuracy: 76.96%, AUC: 0.78
Epoch [91/100] - [TRAIN] Loss: 0.5014, Accuracy: 77.89%, AUC: 0.78 - [VAL] Loss: 0.5135, Accuracy: 77.06%, AUC: 0.78
Epoch [92/100] - [TRAIN] Loss: 0.5012, Accuracy: 77.93%, AUC: 0.78 - [VAL] Loss: 0.5162, Accuracy: 76.96%, AUC: 0.78
Epoch [93/100] - [TRAIN] Loss: 0.5025, Accuracy: 77.81%, AUC: 0.78 - [VAL] Loss: 0.5175, Accuracy: 76.93%, AUC: 0.78
Epoch [94/100] - [TRAIN] Loss: 0.5007, Accuracy: 77.78%, AUC: 0.78 - [VAL] Loss: 0.5153, Accuracy: 77.02%, AUC: 0.78
Epoch [95/100] - [TRAIN] Loss: 0.5003, Accuracy: 77.85%, AUC: 0.78 - [VAL] Loss: 0.5134, Accuracy: 77.06%, AUC: 0.78
Epoch [96/100] - [TRAIN] Loss: 0.5005, Accuracy: 77.78%, AUC: 0.78 - [VAL] Loss: 0.5135, Accuracy: 77.06%, AUC: 0.78
Epoch [97/100] - [TRAIN] Loss: 0.5008, Accuracy: 77.86%, AUC: 0.78 - [VAL] Loss: 0.5137, Accuracy: 77.06%, AUC: 0.78
Epoch [98/100] - [TRAIN] Loss: 0.5000, Accuracy: 77.88%, AUC: 0.78 - [VAL] Loss: 0.5134, Accuracy: 77.06%, AUC: 0.78
Epoch [99/100] - [TRAIN] Loss: 0.5001, Accuracy: 77.79%, AUC: 0.78 - [VAL] Loss: 0.5143, Accuracy: 77.08%, AUC: 0.78
Epoch [100/100] - [TRAIN] Loss: 0.4989, Accuracy: 77.88%, AUC: 0.78 - [VAL] Loss: 0.5141, Accuracy: 77.08%, AUC: 0.78
Training finished!
Accuracy Score on test set: 78.53 %
AUC Score on test set: 0.79
Item: H3K27ac-H3K9me3
Train set shape: (7399, 2, 4000) (7399,)
Validation set shape: (7377, 2, 4000) (7377,)
Test set shape: (7378, 2, 4000) (7378,)
New best model saved with validation metric: 19.4242
Epoch [1/100] - [TRAIN] Loss: 0.6685, Accuracy: 58.13%, AUC: 0.53 - [VAL] Loss: 0.6377, Accuracy: 60.82%, AUC: 0.50
Epoch [2/100] - [TRAIN] Loss: 0.6213, Accuracy: 60.82%, AUC: 0.50 - [VAL] Loss: 0.6027, Accuracy: 60.82%, AUC: 0.50
New best model saved with validation metric: 24.4113
Epoch [3/100] - [TRAIN] Loss: 0.5907, Accuracy: 61.01%, AUC: 0.50 - [VAL] Loss: 0.5749, Accuracy: 76.44%, AUC: 0.77
New best model saved with validation metric: 24.4719
Epoch [4/100] - [TRAIN] Loss: 0.5689, Accuracy: 73.05%, AUC: 0.70 - [VAL] Loss: 0.5579, Accuracy: 76.63%, AUC: 0.77
Epoch [5/100] - [TRAIN] Loss: 0.5554, Accuracy: 77.12%, AUC: 0.78 - [VAL] Loss: 0.5486, Accuracy: 76.60%, AUC: 0.77
Epoch [6/100] - [TRAIN] Loss: 0.5481, Accuracy: 76.97%, AUC: 0.78 - [VAL] Loss: 0.5443, Accuracy: 76.25%, AUC: 0.77
Epoch [7/100] - [TRAIN] Loss: 0.5456, Accuracy: 76.82%, AUC: 0.77 - [VAL] Loss: 0.5410, Accuracy: 76.39%, AUC: 0.77
Epoch [8/100] - [TRAIN] Loss: 0.5440, Accuracy: 76.83%, AUC: 0.77 - [VAL] Loss: 0.5398, Accuracy: 75.99%, AUC: 0.77
Epoch [9/100] - [TRAIN] Loss: 0.5418, Accuracy: 76.69%, AUC: 0.77 - [VAL] Loss: 0.5377, Accuracy: 76.26%, AUC: 0.77
Epoch [10/100] - [TRAIN] Loss: 0.5391, Accuracy: 76.77%, AUC: 0.77 - [VAL] Loss: 0.5369, Accuracy: 75.97%, AUC: 0.77
Epoch [11/100] - [TRAIN] Loss: 0.5378, Accuracy: 76.81%, AUC: 0.77 - [VAL] Loss: 0.5360, Accuracy: 75.93%, AUC: 0.77
Epoch [12/100] - [TRAIN] Loss: 0.5353, Accuracy: 76.62%, AUC: 0.77 - [VAL] Loss: 0.5342, Accuracy: 76.60%, AUC: 0.77
Epoch [13/100] - [TRAIN] Loss: 0.5348, Accuracy: 76.88%, AUC: 0.77 - [VAL] Loss: 0.5339, Accuracy: 76.06%, AUC: 0.77
Epoch [14/100] - [TRAIN] Loss: 0.5348, Accuracy: 76.78%, AUC: 0.77 - [VAL] Loss: 0.5323, Accuracy: 76.49%, AUC: 0.77
Epoch [15/100] - [TRAIN] Loss: 0.5328, Accuracy: 76.88%, AUC: 0.78 - [VAL] Loss: 0.5315, Accuracy: 76.44%, AUC: 0.77
Epoch [16/100] - [TRAIN] Loss: 0.5329, Accuracy: 76.85%, AUC: 0.77 - [VAL] Loss: 0.5310, Accuracy: 76.33%, AUC: 0.77
Epoch [17/100] - [TRAIN] Loss: 0.5306, Accuracy: 76.85%, AUC: 0.77 - [VAL] Loss: 0.5301, Accuracy: 76.39%, AUC: 0.77
Epoch [18/100] - [TRAIN] Loss: 0.5301, Accuracy: 76.81%, AUC: 0.77 - [VAL] Loss: 0.5291, Accuracy: 76.55%, AUC: 0.77
New best model saved with validation metric: 24.4935
Epoch [19/100] - [TRAIN] Loss: 0.5286, Accuracy: 76.88%, AUC: 0.77 - [VAL] Loss: 0.5285, Accuracy: 76.70%, AUC: 0.78
Epoch [20/100] - [TRAIN] Loss: 0.5279, Accuracy: 76.98%, AUC: 0.78 - [VAL] Loss: 0.5280, Accuracy: 76.47%, AUC: 0.77
Epoch [21/100] - [TRAIN] Loss: 0.5261, Accuracy: 76.98%, AUC: 0.78 - [VAL] Loss: 0.5277, Accuracy: 76.39%, AUC: 0.77
Epoch [22/100] - [TRAIN] Loss: 0.5267, Accuracy: 76.97%, AUC: 0.78 - [VAL] Loss: 0.5264, Accuracy: 76.63%, AUC: 0.77
Epoch [23/100] - [TRAIN] Loss: 0.5252, Accuracy: 77.06%, AUC: 0.78 - [VAL] Loss: 0.5273, Accuracy: 76.26%, AUC: 0.77
New best model saved with validation metric: 24.5325
Epoch [24/100] - [TRAIN] Loss: 0.5242, Accuracy: 76.97%, AUC: 0.78 - [VAL] Loss: 0.5252, Accuracy: 76.82%, AUC: 0.78
Epoch [25/100] - [TRAIN] Loss: 0.5247, Accuracy: 77.02%, AUC: 0.78 - [VAL] Loss: 0.5248, Accuracy: 76.58%, AUC: 0.77
Epoch [26/100] - [TRAIN] Loss: 0.5244, Accuracy: 77.08%, AUC: 0.78 - [VAL] Loss: 0.5257, Accuracy: 76.37%, AUC: 0.77
Epoch [27/100] - [TRAIN] Loss: 0.5226, Accuracy: 76.98%, AUC: 0.78 - [VAL] Loss: 0.5235, Accuracy: 76.71%, AUC: 0.78
Epoch [28/100] - [TRAIN] Loss: 0.5222, Accuracy: 77.08%, AUC: 0.78 - [VAL] Loss: 0.5228, Accuracy: 76.74%, AUC: 0.78
Epoch [29/100] - [TRAIN] Loss: 0.5202, Accuracy: 77.08%, AUC: 0.78 - [VAL] Loss: 0.5231, Accuracy: 76.52%, AUC: 0.77
Epoch [30/100] - [TRAIN] Loss: 0.5197, Accuracy: 77.11%, AUC: 0.78 - [VAL] Loss: 0.5222, Accuracy: 76.67%, AUC: 0.77
Epoch [31/100] - [TRAIN] Loss: 0.5206, Accuracy: 77.16%, AUC: 0.78 - [VAL] Loss: 0.5228, Accuracy: 76.51%, AUC: 0.77
Epoch [32/100] - [TRAIN] Loss: 0.5184, Accuracy: 77.19%, AUC: 0.78 - [VAL] Loss: 0.5210, Accuracy: 76.70%, AUC: 0.78
New best model saved with validation metric: 24.6061
Epoch [33/100] - [TRAIN] Loss: 0.5189, Accuracy: 77.15%, AUC: 0.78 - [VAL] Loss: 0.5205, Accuracy: 77.05%, AUC: 0.78
Epoch [34/100] - [TRAIN] Loss: 0.5180, Accuracy: 77.29%, AUC: 0.78 - [VAL] Loss: 0.5201, Accuracy: 76.68%, AUC: 0.77
Epoch [35/100] - [TRAIN] Loss: 0.5181, Accuracy: 77.15%, AUC: 0.78 - [VAL] Loss: 0.5199, Accuracy: 76.70%, AUC: 0.77
Epoch [36/100] - [TRAIN] Loss: 0.5161, Accuracy: 77.25%, AUC: 0.78 - [VAL] Loss: 0.5189, Accuracy: 76.98%, AUC: 0.78
Epoch [37/100] - [TRAIN] Loss: 0.5175, Accuracy: 77.33%, AUC: 0.78 - [VAL] Loss: 0.5205, Accuracy: 76.63%, AUC: 0.77
Epoch [38/100] - [TRAIN] Loss: 0.5153, Accuracy: 77.38%, AUC: 0.78 - [VAL] Loss: 0.5193, Accuracy: 76.64%, AUC: 0.77
Epoch [39/100] - [TRAIN] Loss: 0.5149, Accuracy: 77.32%, AUC: 0.78 - [VAL] Loss: 0.5177, Accuracy: 77.04%, AUC: 0.78
Epoch [40/100] - [TRAIN] Loss: 0.5135, Accuracy: 77.32%, AUC: 0.78 - [VAL] Loss: 0.5178, Accuracy: 76.82%, AUC: 0.78
Epoch [41/100] - [TRAIN] Loss: 0.5130, Accuracy: 77.33%, AUC: 0.78 - [VAL] Loss: 0.5169, Accuracy: 76.96%, AUC: 0.78
Epoch [42/100] - [TRAIN] Loss: 0.5116, Accuracy: 77.36%, AUC: 0.78 - [VAL] Loss: 0.5166, Accuracy: 76.97%, AUC: 0.78
Epoch [43/100] - [TRAIN] Loss: 0.5133, Accuracy: 77.42%, AUC: 0.78 - [VAL] Loss: 0.5174, Accuracy: 76.68%, AUC: 0.77
Epoch [44/100] - [TRAIN] Loss: 0.5117, Accuracy: 77.47%, AUC: 0.78 - [VAL] Loss: 0.5160, Accuracy: 77.02%, AUC: 0.78
Epoch [45/100] - [TRAIN] Loss: 0.5117, Accuracy: 77.55%, AUC: 0.78 - [VAL] Loss: 0.5160, Accuracy: 76.97%, AUC: 0.78
Epoch [46/100] - [TRAIN] Loss: 0.5094, Accuracy: 77.47%, AUC: 0.78 - [VAL] Loss: 0.5192, Accuracy: 76.70%, AUC: 0.78
Epoch [47/100] - [TRAIN] Loss: 0.5107, Accuracy: 77.58%, AUC: 0.78 - [VAL] Loss: 0.5159, Accuracy: 76.94%, AUC: 0.78
Epoch [48/100] - [TRAIN] Loss: 0.5090, Accuracy: 77.46%, AUC: 0.78 - [VAL] Loss: 0.5175, Accuracy: 76.71%, AUC: 0.78
Epoch [49/100] - [TRAIN] Loss: 0.5093, Accuracy: 77.59%, AUC: 0.78 - [VAL] Loss: 0.5156, Accuracy: 76.97%, AUC: 0.78
New best model saved with validation metric: 24.6104
Epoch [50/100] - [TRAIN] Loss: 0.5080, Accuracy: 77.58%, AUC: 0.78 - [VAL] Loss: 0.5147, Accuracy: 77.06%, AUC: 0.78
Epoch [51/100] - [TRAIN] Loss: 0.5081, Accuracy: 77.62%, AUC: 0.78 - [VAL] Loss: 0.5165, Accuracy: 76.87%, AUC: 0.78
Epoch [52/100] - [TRAIN] Loss: 0.5070, Accuracy: 77.59%, AUC: 0.78 - [VAL] Loss: 0.5146, Accuracy: 77.05%, AUC: 0.78
New best model saved with validation metric: 24.6234
Epoch [53/100] - [TRAIN] Loss: 0.5070, Accuracy: 77.61%, AUC: 0.78 - [VAL] Loss: 0.5142, Accuracy: 77.10%, AUC: 0.78
Epoch [54/100] - [TRAIN] Loss: 0.5075, Accuracy: 77.58%, AUC: 0.78 - [VAL] Loss: 0.5146, Accuracy: 77.06%, AUC: 0.78
New best model saved with validation metric: 24.6277
Epoch [55/100] - [TRAIN] Loss: 0.5077, Accuracy: 77.62%, AUC: 0.78 - [VAL] Loss: 0.5141, Accuracy: 77.12%, AUC: 0.78
Epoch [56/100] - [TRAIN] Loss: 0.5081, Accuracy: 77.79%, AUC: 0.78 - [VAL] Loss: 0.5139, Accuracy: 77.12%, AUC: 0.78
Epoch [57/100] - [TRAIN] Loss: 0.5050, Accuracy: 77.66%, AUC: 0.78 - [VAL] Loss: 0.5147, Accuracy: 77.05%, AUC: 0.78
New best model saved with validation metric: 24.6320
Epoch [58/100] - [TRAIN] Loss: 0.5064, Accuracy: 77.63%, AUC: 0.78 - [VAL] Loss: 0.5139, Accuracy: 77.13%, AUC: 0.78
Epoch [59/100] - [TRAIN] Loss: 0.5054, Accuracy: 77.77%, AUC: 0.78 - [VAL] Loss: 0.5138, Accuracy: 77.08%, AUC: 0.78
Epoch [60/100] - [TRAIN] Loss: 0.5050, Accuracy: 77.73%, AUC: 0.78 - [VAL] Loss: 0.5154, Accuracy: 77.00%, AUC: 0.78
Epoch [61/100] - [TRAIN] Loss: 0.5067, Accuracy: 77.79%, AUC: 0.78 - [VAL] Loss: 0.5139, Accuracy: 77.06%, AUC: 0.78
Epoch [62/100] - [TRAIN] Loss: 0.5039, Accuracy: 77.67%, AUC: 0.78 - [VAL] Loss: 0.5144, Accuracy: 77.06%, AUC: 0.78
Epoch [63/100] - [TRAIN] Loss: 0.5040, Accuracy: 77.75%, AUC: 0.78 - [VAL] Loss: 0.5137, Accuracy: 77.10%, AUC: 0.78
New best model saved with validation metric: 24.6407
Epoch [64/100] - [TRAIN] Loss: 0.5048, Accuracy: 77.73%, AUC: 0.78 - [VAL] Loss: 0.5145, Accuracy: 77.16%, AUC: 0.78
Epoch [65/100] - [TRAIN] Loss: 0.5051, Accuracy: 77.78%, AUC: 0.78 - [VAL] Loss: 0.5148, Accuracy: 77.01%, AUC: 0.78
Epoch [66/100] - [TRAIN] Loss: 0.5037, Accuracy: 77.74%, AUC: 0.78 - [VAL] Loss: 0.5143, Accuracy: 77.06%, AUC: 0.78
Epoch [67/100] - [TRAIN] Loss: 0.5061, Accuracy: 77.78%, AUC: 0.78 - [VAL] Loss: 0.5138, Accuracy: 77.10%, AUC: 0.78
Epoch [68/100] - [TRAIN] Loss: 0.5033, Accuracy: 77.78%, AUC: 0.78 - [VAL] Loss: 0.5148, Accuracy: 77.04%, AUC: 0.78
Epoch [69/100] - [TRAIN] Loss: 0.5032, Accuracy: 77.74%, AUC: 0.78 - [VAL] Loss: 0.5137, Accuracy: 77.12%, AUC: 0.78
Epoch [70/100] - [TRAIN] Loss: 0.5033, Accuracy: 77.89%, AUC: 0.78 - [VAL] Loss: 0.5150, Accuracy: 77.02%, AUC: 0.78
Epoch [71/100] - [TRAIN] Loss: 0.5015, Accuracy: 77.75%, AUC: 0.78 - [VAL] Loss: 0.5183, Accuracy: 76.98%, AUC: 0.78
Epoch [72/100] - [TRAIN] Loss: 0.5029, Accuracy: 77.75%, AUC: 0.78 - [VAL] Loss: 0.5144, Accuracy: 77.06%, AUC: 0.78
Epoch [73/100] - [TRAIN] Loss: 0.5026, Accuracy: 77.86%, AUC: 0.78 - [VAL] Loss: 0.5165, Accuracy: 77.00%, AUC: 0.78
Epoch [74/100] - [TRAIN] Loss: 0.5022, Accuracy: 77.77%, AUC: 0.78 - [VAL] Loss: 0.5142, Accuracy: 77.05%, AUC: 0.78
Epoch [75/100] - [TRAIN] Loss: 0.5035, Accuracy: 77.79%, AUC: 0.78 - [VAL] Loss: 0.5147, Accuracy: 77.00%, AUC: 0.78
Epoch [76/100] - [TRAIN] Loss: 0.5018, Accuracy: 77.82%, AUC: 0.78 - [VAL] Loss: 0.5175, Accuracy: 77.00%, AUC: 0.78
Epoch [77/100] - [TRAIN] Loss: 0.5022, Accuracy: 77.81%, AUC: 0.78 - [VAL] Loss: 0.5145, Accuracy: 77.00%, AUC: 0.78
Epoch [78/100] - [TRAIN] Loss: 0.5033, Accuracy: 77.82%, AUC: 0.78 - [VAL] Loss: 0.5138, Accuracy: 77.15%, AUC: 0.78
New best model saved with validation metric: 24.6537
Epoch [79/100] - [TRAIN] Loss: 0.5024, Accuracy: 77.86%, AUC: 0.78 - [VAL] Loss: 0.5171, Accuracy: 77.20%, AUC: 0.78
Epoch [80/100] - [TRAIN] Loss: 0.5017, Accuracy: 77.79%, AUC: 0.78 - [VAL] Loss: 0.5139, Accuracy: 77.16%, AUC: 0.78
Epoch [81/100] - [TRAIN] Loss: 0.5016, Accuracy: 77.90%, AUC: 0.78 - [VAL] Loss: 0.5140, Accuracy: 77.13%, AUC: 0.78
Epoch [82/100] - [TRAIN] Loss: 0.5023, Accuracy: 77.83%, AUC: 0.78 - [VAL] Loss: 0.5139, Accuracy: 77.15%, AUC: 0.78
Epoch [83/100] - [TRAIN] Loss: 0.5008, Accuracy: 77.86%, AUC: 0.78 - [VAL] Loss: 0.5142, Accuracy: 77.20%, AUC: 0.78
Epoch [84/100] - [TRAIN] Loss: 0.5009, Accuracy: 77.82%, AUC: 0.78 - [VAL] Loss: 0.5170, Accuracy: 76.98%, AUC: 0.78
Epoch [85/100] - [TRAIN] Loss: 0.5005, Accuracy: 77.82%, AUC: 0.78 - [VAL] Loss: 0.5183, Accuracy: 76.96%, AUC: 0.78
Epoch [86/100] - [TRAIN] Loss: 0.5016, Accuracy: 77.85%, AUC: 0.78 - [VAL] Loss: 0.5151, Accuracy: 77.01%, AUC: 0.78
Epoch [87/100] - [TRAIN] Loss: 0.5029, Accuracy: 77.86%, AUC: 0.78 - [VAL] Loss: 0.5153, Accuracy: 77.09%, AUC: 0.78
Epoch [88/100] - [TRAIN] Loss: 0.5026, Accuracy: 77.81%, AUC: 0.78 - [VAL] Loss: 0.5140, Accuracy: 77.15%, AUC: 0.78
New best model saved with validation metric: 24.6580
Epoch [89/100] - [TRAIN] Loss: 0.5006, Accuracy: 77.85%, AUC: 0.78 - [VAL] Loss: 0.5168, Accuracy: 77.21%, AUC: 0.78
Epoch [90/100] - [TRAIN] Loss: 0.5007, Accuracy: 77.86%, AUC: 0.78 - [VAL] Loss: 0.5166, Accuracy: 76.98%, AUC: 0.78
Epoch [91/100] - [TRAIN] Loss: 0.5001, Accuracy: 77.86%, AUC: 0.78 - [VAL] Loss: 0.5170, Accuracy: 77.00%, AUC: 0.78
Epoch [92/100] - [TRAIN] Loss: 0.4988, Accuracy: 77.85%, AUC: 0.78 - [VAL] Loss: 0.5153, Accuracy: 77.06%, AUC: 0.78
Epoch [93/100] - [TRAIN] Loss: 0.4997, Accuracy: 77.82%, AUC: 0.78 - [VAL] Loss: 0.5151, Accuracy: 77.06%, AUC: 0.78
Epoch [94/100] - [TRAIN] Loss: 0.5001, Accuracy: 77.86%, AUC: 0.78 - [VAL] Loss: 0.5141, Accuracy: 77.20%, AUC: 0.78
Epoch [95/100] - [TRAIN] Loss: 0.5002, Accuracy: 77.92%, AUC: 0.78 - [VAL] Loss: 0.5145, Accuracy: 77.06%, AUC: 0.78
Epoch [96/100] - [TRAIN] Loss: 0.4999, Accuracy: 77.85%, AUC: 0.78 - [VAL] Loss: 0.5142, Accuracy: 77.17%, AUC: 0.78
Epoch [97/100] - [TRAIN] Loss: 0.4987, Accuracy: 77.85%, AUC: 0.78 - [VAL] Loss: 0.5143, Accuracy: 77.10%, AUC: 0.78
Epoch [98/100] - [TRAIN] Loss: 0.4993, Accuracy: 77.86%, AUC: 0.78 - [VAL] Loss: 0.5149, Accuracy: 77.06%, AUC: 0.78
Epoch [99/100] - [TRAIN] Loss: 0.4999, Accuracy: 77.82%, AUC: 0.78 - [VAL] Loss: 0.5149, Accuracy: 77.06%, AUC: 0.78
Epoch [100/100] - [TRAIN] Loss: 0.4994, Accuracy: 77.85%, AUC: 0.78 - [VAL] Loss: 0.5148, Accuracy: 77.06%, AUC: 0.78
Training finished!
Accuracy Score on test set: 78.50 %
AUC Score on test set: 0.79
Item: H3K9me3-H3K27me3
Train set shape: (7399, 2, 4000) (7399,)
Validation set shape: (7377, 2, 4000) (7377,)
Test set shape: (7378, 2, 4000) (7378,)
New best model saved with validation metric: 19.4242
Epoch [1/100] - [TRAIN] Loss: 0.6834, Accuracy: 58.62%, AUC: 0.50 - [VAL] Loss: 0.6744, Accuracy: 60.82%, AUC: 0.50
Epoch [2/100] - [TRAIN] Loss: 0.6723, Accuracy: 60.82%, AUC: 0.50 - [VAL] Loss: 0.6703, Accuracy: 60.82%, AUC: 0.50
Epoch [3/100] - [TRAIN] Loss: 0.6703, Accuracy: 60.82%, AUC: 0.50 - [VAL] Loss: 0.6696, Accuracy: 60.82%, AUC: 0.50
Epoch [4/100] - [TRAIN] Loss: 0.6692, Accuracy: 60.82%, AUC: 0.50 - [VAL] Loss: 0.6694, Accuracy: 60.82%, AUC: 0.50
Epoch [5/100] - [TRAIN] Loss: 0.6692, Accuracy: 60.82%, AUC: 0.50 - [VAL] Loss: 0.6693, Accuracy: 60.82%, AUC: 0.50
Epoch [6/100] - [TRAIN] Loss: 0.6691, Accuracy: 60.82%, AUC: 0.50 - [VAL] Loss: 0.6691, Accuracy: 60.82%, AUC: 0.50
Epoch [7/100] - [TRAIN] Loss: 0.6688, Accuracy: 60.82%, AUC: 0.50 - [VAL] Loss: 0.6689, Accuracy: 60.82%, AUC: 0.50
Epoch [8/100] - [TRAIN] Loss: 0.6682, Accuracy: 60.82%, AUC: 0.50 - [VAL] Loss: 0.6688, Accuracy: 60.82%, AUC: 0.50
Epoch [9/100] - [TRAIN] Loss: 0.6685, Accuracy: 60.82%, AUC: 0.50 - [VAL] Loss: 0.6685, Accuracy: 60.82%, AUC: 0.50
Epoch [10/100] - [TRAIN] Loss: 0.6679, Accuracy: 60.82%, AUC: 0.50 - [VAL] Loss: 0.6683, Accuracy: 60.82%, AUC: 0.50
Epoch [11/100] - [TRAIN] Loss: 0.6676, Accuracy: 60.82%, AUC: 0.50 - [VAL] Loss: 0.6684, Accuracy: 60.82%, AUC: 0.50
Epoch [12/100] - [TRAIN] Loss: 0.6680, Accuracy: 60.82%, AUC: 0.50 - [VAL] Loss: 0.6680, Accuracy: 60.82%, AUC: 0.50
Epoch [13/100] - [TRAIN] Loss: 0.6685, Accuracy: 60.82%, AUC: 0.50 - [VAL] Loss: 0.6676, Accuracy: 60.82%, AUC: 0.50
Epoch [14/100] - [TRAIN] Loss: 0.6669, Accuracy: 60.82%, AUC: 0.50 - [VAL] Loss: 0.6676, Accuracy: 60.82%, AUC: 0.50
Epoch [15/100] - [TRAIN] Loss: 0.6672, Accuracy: 60.82%, AUC: 0.50 - [VAL] Loss: 0.6670, Accuracy: 60.82%, AUC: 0.50
Epoch [16/100] - [TRAIN] Loss: 0.6668, Accuracy: 60.83%, AUC: 0.50 - [VAL] Loss: 0.6668, Accuracy: 60.82%, AUC: 0.50
Epoch [17/100] - [TRAIN] Loss: 0.6669, Accuracy: 60.82%, AUC: 0.50 - [VAL] Loss: 0.6667, Accuracy: 60.82%, AUC: 0.50
New best model saved with validation metric: 19.4329
Epoch [18/100] - [TRAIN] Loss: 0.6664, Accuracy: 60.83%, AUC: 0.50 - [VAL] Loss: 0.6663, Accuracy: 60.85%, AUC: 0.50
New best model saved with validation metric: 19.4416
Epoch [19/100] - [TRAIN] Loss: 0.6663, Accuracy: 60.85%, AUC: 0.50 - [VAL] Loss: 0.6661, Accuracy: 60.88%, AUC: 0.50
Epoch [20/100] - [TRAIN] Loss: 0.6661, Accuracy: 60.87%, AUC: 0.50 - [VAL] Loss: 0.6660, Accuracy: 60.88%, AUC: 0.50
New best model saved with validation metric: 19.4502
Epoch [21/100] - [TRAIN] Loss: 0.6659, Accuracy: 60.90%, AUC: 0.50 - [VAL] Loss: 0.6655, Accuracy: 60.91%, AUC: 0.50
Epoch [22/100] - [TRAIN] Loss: 0.6651, Accuracy: 60.94%, AUC: 0.50 - [VAL] Loss: 0.6654, Accuracy: 60.91%, AUC: 0.50
New best model saved with validation metric: 19.4545
Epoch [23/100] - [TRAIN] Loss: 0.6651, Accuracy: 60.99%, AUC: 0.50 - [VAL] Loss: 0.6650, Accuracy: 60.92%, AUC: 0.50
New best model saved with validation metric: 19.5022
Epoch [24/100] - [TRAIN] Loss: 0.6647, Accuracy: 61.06%, AUC: 0.50 - [VAL] Loss: 0.6646, Accuracy: 61.07%, AUC: 0.50
Epoch [25/100] - [TRAIN] Loss: 0.6642, Accuracy: 61.16%, AUC: 0.50 - [VAL] Loss: 0.6644, Accuracy: 61.07%, AUC: 0.50
New best model saved with validation metric: 19.5108
Epoch [26/100] - [TRAIN] Loss: 0.6642, Accuracy: 61.24%, AUC: 0.51 - [VAL] Loss: 0.6640, Accuracy: 61.10%, AUC: 0.50
New best model saved with validation metric: 19.5281
Epoch [27/100] - [TRAIN] Loss: 0.6633, Accuracy: 61.21%, AUC: 0.51 - [VAL] Loss: 0.6636, Accuracy: 61.15%, AUC: 0.50
New best model saved with validation metric: 19.5584
Epoch [28/100] - [TRAIN] Loss: 0.6630, Accuracy: 61.28%, AUC: 0.51 - [VAL] Loss: 0.6633, Accuracy: 61.24%, AUC: 0.51
New best model saved with validation metric: 19.5931
Epoch [29/100] - [TRAIN] Loss: 0.6625, Accuracy: 61.39%, AUC: 0.51 - [VAL] Loss: 0.6629, Accuracy: 61.35%, AUC: 0.51
New best model saved with validation metric: 19.6537
Epoch [30/100] - [TRAIN] Loss: 0.6628, Accuracy: 61.39%, AUC: 0.51 - [VAL] Loss: 0.6624, Accuracy: 61.54%, AUC: 0.51
New best model saved with validation metric: 19.6883
Epoch [31/100] - [TRAIN] Loss: 0.6626, Accuracy: 61.56%, AUC: 0.51 - [VAL] Loss: 0.6621, Accuracy: 61.65%, AUC: 0.51
Epoch [32/100] - [TRAIN] Loss: 0.6613, Accuracy: 61.68%, AUC: 0.51 - [VAL] Loss: 0.6624, Accuracy: 61.42%, AUC: 0.51
Epoch [33/100] - [TRAIN] Loss: 0.6615, Accuracy: 61.81%, AUC: 0.51 - [VAL] Loss: 0.6618, Accuracy: 61.64%, AUC: 0.51
New best model saved with validation metric: 19.7662
Epoch [34/100] - [TRAIN] Loss: 0.6615, Accuracy: 61.79%, AUC: 0.51 - [VAL] Loss: 0.6610, Accuracy: 61.90%, AUC: 0.52
New best model saved with validation metric: 19.7706
Epoch [35/100] - [TRAIN] Loss: 0.6609, Accuracy: 61.97%, AUC: 0.52 - [VAL] Loss: 0.6607, Accuracy: 61.91%, AUC: 0.52
Epoch [36/100] - [TRAIN] Loss: 0.6606, Accuracy: 62.05%, AUC: 0.52 - [VAL] Loss: 0.6605, Accuracy: 61.91%, AUC: 0.52
New best model saved with validation metric: 19.8268
Epoch [37/100] - [TRAIN] Loss: 0.6600, Accuracy: 62.01%, AUC: 0.52 - [VAL] Loss: 0.6599, Accuracy: 62.08%, AUC: 0.52
Epoch [38/100] - [TRAIN] Loss: 0.6596, Accuracy: 62.17%, AUC: 0.52 - [VAL] Loss: 0.6598, Accuracy: 61.96%, AUC: 0.52
Epoch [39/100] - [TRAIN] Loss: 0.6593, Accuracy: 62.29%, AUC: 0.52 - [VAL] Loss: 0.6597, Accuracy: 62.00%, AUC: 0.52
Epoch [40/100] - [TRAIN] Loss: 0.6581, Accuracy: 62.36%, AUC: 0.52 - [VAL] Loss: 0.6608, Accuracy: 61.92%, AUC: 0.52
New best model saved with validation metric: 19.9437
Epoch [41/100] - [TRAIN] Loss: 0.6579, Accuracy: 62.36%, AUC: 0.52 - [VAL] Loss: 0.6584, Accuracy: 62.45%, AUC: 0.52
New best model saved with validation metric: 19.9913
Epoch [42/100] - [TRAIN] Loss: 0.6578, Accuracy: 62.56%, AUC: 0.53 - [VAL] Loss: 0.6579, Accuracy: 62.60%, AUC: 0.53
Epoch [43/100] - [TRAIN] Loss: 0.6573, Accuracy: 62.75%, AUC: 0.53 - [VAL] Loss: 0.6576, Accuracy: 62.59%, AUC: 0.53
New best model saved with validation metric: 20.0390
Epoch [44/100] - [TRAIN] Loss: 0.6570, Accuracy: 62.79%, AUC: 0.53 - [VAL] Loss: 0.6572, Accuracy: 62.75%, AUC: 0.53
Epoch [45/100] - [TRAIN] Loss: 0.6561, Accuracy: 62.97%, AUC: 0.53 - [VAL] Loss: 0.6573, Accuracy: 62.57%, AUC: 0.52
Epoch [46/100] - [TRAIN] Loss: 0.6556, Accuracy: 62.87%, AUC: 0.53 - [VAL] Loss: 0.6588, Accuracy: 62.46%, AUC: 0.52
New best model saved with validation metric: 20.0952
Epoch [47/100] - [TRAIN] Loss: 0.6560, Accuracy: 63.08%, AUC: 0.53 - [VAL] Loss: 0.6562, Accuracy: 62.93%, AUC: 0.53
Epoch [48/100] - [TRAIN] Loss: 0.6551, Accuracy: 63.13%, AUC: 0.53 - [VAL] Loss: 0.6560, Accuracy: 62.91%, AUC: 0.53
New best model saved with validation metric: 20.1039
Epoch [49/100] - [TRAIN] Loss: 0.6551, Accuracy: 63.32%, AUC: 0.54 - [VAL] Loss: 0.6558, Accuracy: 62.95%, AUC: 0.53
New best model saved with validation metric: 20.2165
Epoch [50/100] - [TRAIN] Loss: 0.6545, Accuracy: 63.48%, AUC: 0.54 - [VAL] Loss: 0.6549, Accuracy: 63.30%, AUC: 0.54
New best model saved with validation metric: 20.3290
Epoch [51/100] - [TRAIN] Loss: 0.6547, Accuracy: 63.56%, AUC: 0.54 - [VAL] Loss: 0.6546, Accuracy: 63.66%, AUC: 0.54
New best model saved with validation metric: 20.3420
Epoch [52/100] - [TRAIN] Loss: 0.6535, Accuracy: 63.70%, AUC: 0.54 - [VAL] Loss: 0.6542, Accuracy: 63.70%, AUC: 0.54
Epoch [53/100] - [TRAIN] Loss: 0.6534, Accuracy: 63.67%, AUC: 0.54 - [VAL] Loss: 0.6544, Accuracy: 63.43%, AUC: 0.54
Epoch [54/100] - [TRAIN] Loss: 0.6530, Accuracy: 63.89%, AUC: 0.54 - [VAL] Loss: 0.6543, Accuracy: 63.45%, AUC: 0.54
New best model saved with validation metric: 20.3810
Epoch [55/100] - [TRAIN] Loss: 0.6523, Accuracy: 63.87%, AUC: 0.54 - [VAL] Loss: 0.6531, Accuracy: 63.82%, AUC: 0.54
New best model saved with validation metric: 20.3896
Epoch [56/100] - [TRAIN] Loss: 0.6529, Accuracy: 64.00%, AUC: 0.55 - [VAL] Loss: 0.6528, Accuracy: 63.85%, AUC: 0.54
Epoch [57/100] - [TRAIN] Loss: 0.6525, Accuracy: 64.02%, AUC: 0.55 - [VAL] Loss: 0.6526, Accuracy: 63.82%, AUC: 0.54
Epoch [58/100] - [TRAIN] Loss: 0.6513, Accuracy: 64.12%, AUC: 0.55 - [VAL] Loss: 0.6524, Accuracy: 63.82%, AUC: 0.54
New best model saved with validation metric: 20.4545
Epoch [59/100] - [TRAIN] Loss: 0.6517, Accuracy: 64.17%, AUC: 0.55 - [VAL] Loss: 0.6520, Accuracy: 64.05%, AUC: 0.55
New best model saved with validation metric: 20.4632
Epoch [60/100] - [TRAIN] Loss: 0.6516, Accuracy: 64.22%, AUC: 0.55 - [VAL] Loss: 0.6517, Accuracy: 64.08%, AUC: 0.55
Epoch [61/100] - [TRAIN] Loss: 0.6508, Accuracy: 64.39%, AUC: 0.55 - [VAL] Loss: 0.6523, Accuracy: 63.82%, AUC: 0.54
Epoch [62/100] - [TRAIN] Loss: 0.6509, Accuracy: 64.13%, AUC: 0.55 - [VAL] Loss: 0.6512, Accuracy: 63.94%, AUC: 0.54
New best model saved with validation metric: 20.5844
Epoch [63/100] - [TRAIN] Loss: 0.6497, Accuracy: 64.28%, AUC: 0.55 - [VAL] Loss: 0.6519, Accuracy: 64.46%, AUC: 0.55
Epoch [64/100] - [TRAIN] Loss: 0.6487, Accuracy: 64.47%, AUC: 0.55 - [VAL] Loss: 0.6517, Accuracy: 63.86%, AUC: 0.54
Epoch [65/100] - [TRAIN] Loss: 0.6494, Accuracy: 64.47%, AUC: 0.55 - [VAL] Loss: 0.6507, Accuracy: 63.98%, AUC: 0.55
Epoch [66/100] - [TRAIN] Loss: 0.6492, Accuracy: 64.37%, AUC: 0.55 - [VAL] Loss: 0.6502, Accuracy: 64.39%, AUC: 0.55
Epoch [67/100] - [TRAIN] Loss: 0.6489, Accuracy: 64.35%, AUC: 0.55 - [VAL] Loss: 0.6504, Accuracy: 64.01%, AUC: 0.55
Epoch [68/100] - [TRAIN] Loss: 0.6481, Accuracy: 64.56%, AUC: 0.55 - [VAL] Loss: 0.6496, Accuracy: 64.34%, AUC: 0.55
New best model saved with validation metric: 20.6017
Epoch [69/100] - [TRAIN] Loss: 0.6483, Accuracy: 64.60%, AUC: 0.55 - [VAL] Loss: 0.6498, Accuracy: 64.51%, AUC: 0.55
Epoch [70/100] - [TRAIN] Loss: 0.6486, Accuracy: 64.60%, AUC: 0.55 - [VAL] Loss: 0.6492, Accuracy: 64.48%, AUC: 0.55
New best model saved with validation metric: 20.6277
Epoch [71/100] - [TRAIN] Loss: 0.6477, Accuracy: 64.74%, AUC: 0.56 - [VAL] Loss: 0.6497, Accuracy: 64.59%, AUC: 0.56
Epoch [72/100] - [TRAIN] Loss: 0.6483, Accuracy: 64.70%, AUC: 0.56 - [VAL] Loss: 0.6499, Accuracy: 64.06%, AUC: 0.55
Epoch [73/100] - [TRAIN] Loss: 0.6468, Accuracy: 64.60%, AUC: 0.56 - [VAL] Loss: 0.6488, Accuracy: 64.46%, AUC: 0.55
Epoch [74/100] - [TRAIN] Loss: 0.6488, Accuracy: 64.77%, AUC: 0.56 - [VAL] Loss: 0.6485, Accuracy: 64.54%, AUC: 0.55
Epoch [75/100] - [TRAIN] Loss: 0.6468, Accuracy: 64.77%, AUC: 0.56 - [VAL] Loss: 0.6487, Accuracy: 64.44%, AUC: 0.55
Epoch [76/100] - [TRAIN] Loss: 0.6471, Accuracy: 64.86%, AUC: 0.56 - [VAL] Loss: 0.6489, Accuracy: 64.43%, AUC: 0.55
New best model saved with validation metric: 20.6494
Epoch [77/100] - [TRAIN] Loss: 0.6477, Accuracy: 64.81%, AUC: 0.56 - [VAL] Loss: 0.6482, Accuracy: 64.66%, AUC: 0.56
Epoch [78/100] - [TRAIN] Loss: 0.6471, Accuracy: 64.87%, AUC: 0.56 - [VAL] Loss: 0.6482, Accuracy: 64.51%, AUC: 0.55
Epoch [79/100] - [TRAIN] Loss: 0.6467, Accuracy: 64.90%, AUC: 0.56 - [VAL] Loss: 0.6490, Accuracy: 64.46%, AUC: 0.55
New best model saved with validation metric: 20.6710
Epoch [80/100] - [TRAIN] Loss: 0.6462, Accuracy: 64.91%, AUC: 0.56 - [VAL] Loss: 0.6484, Accuracy: 64.73%, AUC: 0.56
Epoch [81/100] - [TRAIN] Loss: 0.6463, Accuracy: 64.95%, AUC: 0.56 - [VAL] Loss: 0.6479, Accuracy: 64.50%, AUC: 0.55
Epoch [82/100] - [TRAIN] Loss: 0.6463, Accuracy: 65.05%, AUC: 0.56 - [VAL] Loss: 0.6476, Accuracy: 64.71%, AUC: 0.56
Epoch [83/100] - [TRAIN] Loss: 0.6447, Accuracy: 65.14%, AUC: 0.56 - [VAL] Loss: 0.6516, Accuracy: 64.24%, AUC: 0.55
Epoch [84/100] - [TRAIN] Loss: 0.6461, Accuracy: 65.02%, AUC: 0.56 - [VAL] Loss: 0.6513, Accuracy: 64.31%, AUC: 0.55
Epoch [85/100] - [TRAIN] Loss: 0.6462, Accuracy: 65.14%, AUC: 0.56 - [VAL] Loss: 0.6472, Accuracy: 64.58%, AUC: 0.56
Epoch [86/100] - [TRAIN] Loss: 0.6450, Accuracy: 65.06%, AUC: 0.56 - [VAL] Loss: 0.6471, Accuracy: 64.71%, AUC: 0.56
New best model saved with validation metric: 20.6840
Epoch [87/100] - [TRAIN] Loss: 0.6455, Accuracy: 65.06%, AUC: 0.56 - [VAL] Loss: 0.6483, Accuracy: 64.77%, AUC: 0.56
Epoch [88/100] - [TRAIN] Loss: 0.6444, Accuracy: 65.17%, AUC: 0.56 - [VAL] Loss: 0.6491, Accuracy: 64.47%, AUC: 0.55
Epoch [89/100] - [TRAIN] Loss: 0.6458, Accuracy: 65.08%, AUC: 0.56 - [VAL] Loss: 0.6469, Accuracy: 64.67%, AUC: 0.56
Epoch [90/100] - [TRAIN] Loss: 0.6445, Accuracy: 65.06%, AUC: 0.56 - [VAL] Loss: 0.6513, Accuracy: 64.36%, AUC: 0.55
New best model saved with validation metric: 20.6926
Epoch [91/100] - [TRAIN] Loss: 0.6454, Accuracy: 65.24%, AUC: 0.56 - [VAL] Loss: 0.6469, Accuracy: 64.80%, AUC: 0.56
Epoch [92/100] - [TRAIN] Loss: 0.6447, Accuracy: 65.20%, AUC: 0.56 - [VAL] Loss: 0.6481, Accuracy: 64.55%, AUC: 0.55
Epoch [93/100] - [TRAIN] Loss: 0.6447, Accuracy: 65.27%, AUC: 0.56 - [VAL] Loss: 0.6479, Accuracy: 64.74%, AUC: 0.56
Epoch [94/100] - [TRAIN] Loss: 0.6454, Accuracy: 65.18%, AUC: 0.56 - [VAL] Loss: 0.6465, Accuracy: 64.78%, AUC: 0.56
Epoch [95/100] - [TRAIN] Loss: 0.6443, Accuracy: 65.24%, AUC: 0.56 - [VAL] Loss: 0.6470, Accuracy: 64.65%, AUC: 0.56
Epoch [96/100] - [TRAIN] Loss: 0.6440, Accuracy: 65.16%, AUC: 0.56 - [VAL] Loss: 0.6482, Accuracy: 64.55%, AUC: 0.55
New best model saved with validation metric: 20.6970
Epoch [97/100] - [TRAIN] Loss: 0.6442, Accuracy: 65.12%, AUC: 0.56 - [VAL] Loss: 0.6464, Accuracy: 64.81%, AUC: 0.56
Epoch [98/100] - [TRAIN] Loss: 0.6449, Accuracy: 65.24%, AUC: 0.56 - [VAL] Loss: 0.6474, Accuracy: 64.73%, AUC: 0.56
Epoch [99/100] - [TRAIN] Loss: 0.6448, Accuracy: 65.24%, AUC: 0.56 - [VAL] Loss: 0.6480, Accuracy: 64.54%, AUC: 0.55
Epoch [100/100] - [TRAIN] Loss: 0.6436, Accuracy: 65.16%, AUC: 0.56 - [VAL] Loss: 0.6467, Accuracy: 64.71%, AUC: 0.56
Training finished!
Accuracy Score on test set: 65.11 %
AUC Score on test set: 0.56
Item: H3K27me3-H3K9me3
Train set shape: (7399, 2, 4000) (7399,)
Validation set shape: (7377, 2, 4000) (7377,)
Test set shape: (7378, 2, 4000) (7378,)
New best model saved with validation metric: 19.4242
Epoch [1/100] - [TRAIN] Loss: 0.6876, Accuracy: 55.52%, AUC: 0.50 - [VAL] Loss: 0.6773, Accuracy: 60.82%, AUC: 0.50
Epoch [2/100] - [TRAIN] Loss: 0.6735, Accuracy: 60.82%, AUC: 0.50 - [VAL] Loss: 0.6707, Accuracy: 60.82%, AUC: 0.50
Epoch [3/100] - [TRAIN] Loss: 0.6703, Accuracy: 60.82%, AUC: 0.50 - [VAL] Loss: 0.6696, Accuracy: 60.82%, AUC: 0.50
Epoch [4/100] - [TRAIN] Loss: 0.6693, Accuracy: 60.82%, AUC: 0.50 - [VAL] Loss: 0.6694, Accuracy: 60.82%, AUC: 0.50
Epoch [5/100] - [TRAIN] Loss: 0.6690, Accuracy: 60.82%, AUC: 0.50 - [VAL] Loss: 0.6691, Accuracy: 60.82%, AUC: 0.50
Epoch [6/100] - [TRAIN] Loss: 0.6686, Accuracy: 60.82%, AUC: 0.50 - [VAL] Loss: 0.6688, Accuracy: 60.82%, AUC: 0.50
Epoch [7/100] - [TRAIN] Loss: 0.6686, Accuracy: 60.82%, AUC: 0.50 - [VAL] Loss: 0.6687, Accuracy: 60.82%, AUC: 0.50
Epoch [8/100] - [TRAIN] Loss: 0.6679, Accuracy: 60.82%, AUC: 0.50 - [VAL] Loss: 0.6682, Accuracy: 60.82%, AUC: 0.50
Epoch [9/100] - [TRAIN] Loss: 0.6682, Accuracy: 60.82%, AUC: 0.50 - [VAL] Loss: 0.6679, Accuracy: 60.82%, AUC: 0.50
Epoch [10/100] - [TRAIN] Loss: 0.6674, Accuracy: 60.82%, AUC: 0.50 - [VAL] Loss: 0.6677, Accuracy: 60.82%, AUC: 0.50
Epoch [11/100] - [TRAIN] Loss: 0.6672, Accuracy: 60.82%, AUC: 0.50 - [VAL] Loss: 0.6674, Accuracy: 60.82%, AUC: 0.50
Epoch [12/100] - [TRAIN] Loss: 0.6674, Accuracy: 60.82%, AUC: 0.50 - [VAL] Loss: 0.6671, Accuracy: 60.82%, AUC: 0.50
Epoch [13/100] - [TRAIN] Loss: 0.6670, Accuracy: 60.82%, AUC: 0.50 - [VAL] Loss: 0.6668, Accuracy: 60.82%, AUC: 0.50
Epoch [14/100] - [TRAIN] Loss: 0.6665, Accuracy: 60.85%, AUC: 0.50 - [VAL] Loss: 0.6666, Accuracy: 60.82%, AUC: 0.50
New best model saved with validation metric: 19.4329
Epoch [15/100] - [TRAIN] Loss: 0.6663, Accuracy: 60.85%, AUC: 0.50 - [VAL] Loss: 0.6663, Accuracy: 60.85%, AUC: 0.50
Epoch [16/100] - [TRAIN] Loss: 0.6661, Accuracy: 60.86%, AUC: 0.50 - [VAL] Loss: 0.6660, Accuracy: 60.85%, AUC: 0.50
New best model saved with validation metric: 19.4416
Epoch [17/100] - [TRAIN] Loss: 0.6655, Accuracy: 60.87%, AUC: 0.50 - [VAL] Loss: 0.6656, Accuracy: 60.88%, AUC: 0.50
New best model saved with validation metric: 19.4502
Epoch [18/100] - [TRAIN] Loss: 0.6653, Accuracy: 60.93%, AUC: 0.50 - [VAL] Loss: 0.6652, Accuracy: 60.91%, AUC: 0.50
Epoch [19/100] - [TRAIN] Loss: 0.6647, Accuracy: 60.97%, AUC: 0.50 - [VAL] Loss: 0.6652, Accuracy: 60.91%, AUC: 0.50
New best model saved with validation metric: 19.4935
Epoch [20/100] - [TRAIN] Loss: 0.6644, Accuracy: 60.99%, AUC: 0.50 - [VAL] Loss: 0.6644, Accuracy: 61.04%, AUC: 0.50
Epoch [21/100] - [TRAIN] Loss: 0.6640, Accuracy: 61.13%, AUC: 0.50 - [VAL] Loss: 0.6645, Accuracy: 61.04%, AUC: 0.50
New best model saved with validation metric: 19.5238
Epoch [22/100] - [TRAIN] Loss: 0.6635, Accuracy: 61.10%, AUC: 0.50 - [VAL] Loss: 0.6637, Accuracy: 61.14%, AUC: 0.50
New best model saved with validation metric: 19.5325
Epoch [23/100] - [TRAIN] Loss: 0.6635, Accuracy: 61.21%, AUC: 0.51 - [VAL] Loss: 0.6635, Accuracy: 61.16%, AUC: 0.50
New best model saved with validation metric: 19.5541
Epoch [24/100] - [TRAIN] Loss: 0.6631, Accuracy: 61.29%, AUC: 0.51 - [VAL] Loss: 0.6631, Accuracy: 61.23%, AUC: 0.51
New best model saved with validation metric: 19.5887
Epoch [25/100] - [TRAIN] Loss: 0.6629, Accuracy: 61.39%, AUC: 0.51 - [VAL] Loss: 0.6627, Accuracy: 61.34%, AUC: 0.51
New best model saved with validation metric: 19.5974
Epoch [26/100] - [TRAIN] Loss: 0.6620, Accuracy: 61.49%, AUC: 0.51 - [VAL] Loss: 0.6626, Accuracy: 61.37%, AUC: 0.51
New best model saved with validation metric: 19.7446
Epoch [27/100] - [TRAIN] Loss: 0.6618, Accuracy: 61.49%, AUC: 0.51 - [VAL] Loss: 0.6620, Accuracy: 61.83%, AUC: 0.51
Epoch [28/100] - [TRAIN] Loss: 0.6615, Accuracy: 61.82%, AUC: 0.51 - [VAL] Loss: 0.6618, Accuracy: 61.64%, AUC: 0.51
New best model saved with validation metric: 19.7532
Epoch [29/100] - [TRAIN] Loss: 0.6615, Accuracy: 61.81%, AUC: 0.51 - [VAL] Loss: 0.6611, Accuracy: 61.85%, AUC: 0.51
New best model saved with validation metric: 19.7619
Epoch [30/100] - [TRAIN] Loss: 0.6614, Accuracy: 61.83%, AUC: 0.51 - [VAL] Loss: 0.6608, Accuracy: 61.88%, AUC: 0.52
New best model saved with validation metric: 19.7662
Epoch [31/100] - [TRAIN] Loss: 0.6602, Accuracy: 62.10%, AUC: 0.52 - [VAL] Loss: 0.6604, Accuracy: 61.90%, AUC: 0.52
New best model saved with validation metric: 19.7835
Epoch [32/100] - [TRAIN] Loss: 0.6597, Accuracy: 62.13%, AUC: 0.52 - [VAL] Loss: 0.6600, Accuracy: 61.95%, AUC: 0.52
New best model saved with validation metric: 19.8009
Epoch [33/100] - [TRAIN] Loss: 0.6595, Accuracy: 62.14%, AUC: 0.52 - [VAL] Loss: 0.6597, Accuracy: 62.00%, AUC: 0.52
New best model saved with validation metric: 19.8571
Epoch [34/100] - [TRAIN] Loss: 0.6595, Accuracy: 62.31%, AUC: 0.52 - [VAL] Loss: 0.6592, Accuracy: 62.18%, AUC: 0.52
New best model saved with validation metric: 19.9221
Epoch [35/100] - [TRAIN] Loss: 0.6592, Accuracy: 62.49%, AUC: 0.52 - [VAL] Loss: 0.6588, Accuracy: 62.38%, AUC: 0.52
New best model saved with validation metric: 19.9351
Epoch [36/100] - [TRAIN] Loss: 0.6587, Accuracy: 62.48%, AUC: 0.52 - [VAL] Loss: 0.6586, Accuracy: 62.42%, AUC: 0.52
New best model saved with validation metric: 19.9697
Epoch [37/100] - [TRAIN] Loss: 0.6582, Accuracy: 62.59%, AUC: 0.52 - [VAL] Loss: 0.6581, Accuracy: 62.53%, AUC: 0.52
Epoch [38/100] - [TRAIN] Loss: 0.6573, Accuracy: 62.75%, AUC: 0.53 - [VAL] Loss: 0.6585, Accuracy: 62.40%, AUC: 0.52
Epoch [39/100] - [TRAIN] Loss: 0.6564, Accuracy: 62.89%, AUC: 0.53 - [VAL] Loss: 0.6577, Accuracy: 62.53%, AUC: 0.52
New best model saved with validation metric: 20.0087
Epoch [40/100] - [TRAIN] Loss: 0.6563, Accuracy: 62.93%, AUC: 0.53 - [VAL] Loss: 0.6573, Accuracy: 62.65%, AUC: 0.53
New best model saved with validation metric: 20.0519
Epoch [41/100] - [TRAIN] Loss: 0.6558, Accuracy: 63.18%, AUC: 0.53 - [VAL] Loss: 0.6567, Accuracy: 62.79%, AUC: 0.53
New best model saved with validation metric: 20.0693
Epoch [42/100] - [TRAIN] Loss: 0.6559, Accuracy: 63.17%, AUC: 0.53 - [VAL] Loss: 0.6564, Accuracy: 62.84%, AUC: 0.53
New best model saved with validation metric: 20.1212
Epoch [43/100] - [TRAIN] Loss: 0.6552, Accuracy: 63.17%, AUC: 0.53 - [VAL] Loss: 0.6559, Accuracy: 63.01%, AUC: 0.53
New best model saved with validation metric: 20.2424
Epoch [44/100] - [TRAIN] Loss: 0.6548, Accuracy: 63.39%, AUC: 0.54 - [VAL] Loss: 0.6553, Accuracy: 63.39%, AUC: 0.54
Epoch [45/100] - [TRAIN] Loss: 0.6540, Accuracy: 63.40%, AUC: 0.54 - [VAL] Loss: 0.6551, Accuracy: 63.35%, AUC: 0.54
New best model saved with validation metric: 20.3117
Epoch [46/100] - [TRAIN] Loss: 0.6540, Accuracy: 63.56%, AUC: 0.54 - [VAL] Loss: 0.6546, Accuracy: 63.60%, AUC: 0.54
Epoch [47/100] - [TRAIN] Loss: 0.6542, Accuracy: 63.79%, AUC: 0.54 - [VAL] Loss: 0.6546, Accuracy: 63.41%, AUC: 0.54
New best model saved with validation metric: 20.3333
Epoch [48/100] - [TRAIN] Loss: 0.6534, Accuracy: 63.81%, AUC: 0.54 - [VAL] Loss: 0.6539, Accuracy: 63.67%, AUC: 0.54
Epoch [49/100] - [TRAIN] Loss: 0.6531, Accuracy: 63.91%, AUC: 0.54 - [VAL] Loss: 0.6535, Accuracy: 63.67%, AUC: 0.54
Epoch [50/100] - [TRAIN] Loss: 0.6524, Accuracy: 63.85%, AUC: 0.54 - [VAL] Loss: 0.6534, Accuracy: 63.63%, AUC: 0.54
New best model saved with validation metric: 20.3377
Epoch [51/100] - [TRAIN] Loss: 0.6525, Accuracy: 64.08%, AUC: 0.55 - [VAL] Loss: 0.6530, Accuracy: 63.68%, AUC: 0.54
New best model saved with validation metric: 20.5541
Epoch [52/100] - [TRAIN] Loss: 0.6523, Accuracy: 63.98%, AUC: 0.55 - [VAL] Loss: 0.6546, Accuracy: 64.36%, AUC: 0.55
Epoch [53/100] - [TRAIN] Loss: 0.6515, Accuracy: 64.20%, AUC: 0.55 - [VAL] Loss: 0.6526, Accuracy: 63.71%, AUC: 0.54
Epoch [54/100] - [TRAIN] Loss: 0.6506, Accuracy: 64.33%, AUC: 0.55 - [VAL] Loss: 0.6522, Accuracy: 63.82%, AUC: 0.54
Epoch [55/100] - [TRAIN] Loss: 0.6503, Accuracy: 64.08%, AUC: 0.55 - [VAL] Loss: 0.6527, Accuracy: 63.67%, AUC: 0.54
Epoch [56/100] - [TRAIN] Loss: 0.6510, Accuracy: 64.17%, AUC: 0.55 - [VAL] Loss: 0.6513, Accuracy: 63.89%, AUC: 0.54
Epoch [57/100] - [TRAIN] Loss: 0.6499, Accuracy: 64.43%, AUC: 0.55 - [VAL] Loss: 0.6510, Accuracy: 64.08%, AUC: 0.55
Epoch [58/100] - [TRAIN] Loss: 0.6507, Accuracy: 64.39%, AUC: 0.55 - [VAL] Loss: 0.6509, Accuracy: 64.27%, AUC: 0.55
Epoch [59/100] - [TRAIN] Loss: 0.6493, Accuracy: 64.36%, AUC: 0.55 - [VAL] Loss: 0.6505, Accuracy: 64.05%, AUC: 0.55
Epoch [60/100] - [TRAIN] Loss: 0.6488, Accuracy: 64.39%, AUC: 0.55 - [VAL] Loss: 0.6502, Accuracy: 64.09%, AUC: 0.55
Epoch [61/100] - [TRAIN] Loss: 0.6491, Accuracy: 64.54%, AUC: 0.55 - [VAL] Loss: 0.6513, Accuracy: 63.90%, AUC: 0.54
Epoch [62/100] - [TRAIN] Loss: 0.6487, Accuracy: 64.36%, AUC: 0.55 - [VAL] Loss: 0.6502, Accuracy: 64.06%, AUC: 0.55
Epoch [63/100] - [TRAIN] Loss: 0.6483, Accuracy: 64.51%, AUC: 0.55 - [VAL] Loss: 0.6499, Accuracy: 64.06%, AUC: 0.55
New best model saved with validation metric: 20.5671
Epoch [64/100] - [TRAIN] Loss: 0.6486, Accuracy: 64.51%, AUC: 0.55 - [VAL] Loss: 0.6493, Accuracy: 64.40%, AUC: 0.55
Epoch [65/100] - [TRAIN] Loss: 0.6479, Accuracy: 64.64%, AUC: 0.56 - [VAL] Loss: 0.6491, Accuracy: 64.39%, AUC: 0.55
Epoch [66/100] - [TRAIN] Loss: 0.6477, Accuracy: 64.70%, AUC: 0.56 - [VAL] Loss: 0.6492, Accuracy: 64.24%, AUC: 0.55
Epoch [67/100] - [TRAIN] Loss: 0.6468, Accuracy: 64.87%, AUC: 0.56 - [VAL] Loss: 0.6490, Accuracy: 64.36%, AUC: 0.55
Epoch [68/100] - [TRAIN] Loss: 0.6465, Accuracy: 64.71%, AUC: 0.56 - [VAL] Loss: 0.6496, Accuracy: 64.21%, AUC: 0.55
Epoch [69/100] - [TRAIN] Loss: 0.6475, Accuracy: 64.77%, AUC: 0.56 - [VAL] Loss: 0.6488, Accuracy: 64.39%, AUC: 0.55
Epoch [70/100] - [TRAIN] Loss: 0.6467, Accuracy: 64.81%, AUC: 0.56 - [VAL] Loss: 0.6487, Accuracy: 64.39%, AUC: 0.55
New best model saved with validation metric: 20.6840
Epoch [71/100] - [TRAIN] Loss: 0.6469, Accuracy: 64.85%, AUC: 0.56 - [VAL] Loss: 0.6487, Accuracy: 64.77%, AUC: 0.56
Epoch [72/100] - [TRAIN] Loss: 0.6466, Accuracy: 64.85%, AUC: 0.56 - [VAL] Loss: 0.6480, Accuracy: 64.46%, AUC: 0.55
Epoch [73/100] - [TRAIN] Loss: 0.6461, Accuracy: 64.91%, AUC: 0.56 - [VAL] Loss: 0.6489, Accuracy: 64.40%, AUC: 0.55
Epoch [74/100] - [TRAIN] Loss: 0.6466, Accuracy: 64.78%, AUC: 0.56 - [VAL] Loss: 0.6480, Accuracy: 64.47%, AUC: 0.55
Epoch [75/100] - [TRAIN] Loss: 0.6464, Accuracy: 65.02%, AUC: 0.56 - [VAL] Loss: 0.6475, Accuracy: 64.54%, AUC: 0.55
Epoch [76/100] - [TRAIN] Loss: 0.6456, Accuracy: 65.04%, AUC: 0.56 - [VAL] Loss: 0.6476, Accuracy: 64.50%, AUC: 0.55
Epoch [77/100] - [TRAIN] Loss: 0.6455, Accuracy: 64.98%, AUC: 0.56 - [VAL] Loss: 0.6473, Accuracy: 64.58%, AUC: 0.55
Epoch [78/100] - [TRAIN] Loss: 0.6450, Accuracy: 64.95%, AUC: 0.56 - [VAL] Loss: 0.6478, Accuracy: 64.50%, AUC: 0.55
Epoch [79/100] - [TRAIN] Loss: 0.6451, Accuracy: 65.04%, AUC: 0.56 - [VAL] Loss: 0.6479, Accuracy: 64.47%, AUC: 0.55
Epoch [80/100] - [TRAIN] Loss: 0.6447, Accuracy: 64.97%, AUC: 0.56 - [VAL] Loss: 0.6471, Accuracy: 64.58%, AUC: 0.56
Epoch [81/100] - [TRAIN] Loss: 0.6448, Accuracy: 65.10%, AUC: 0.56 - [VAL] Loss: 0.6477, Accuracy: 64.47%, AUC: 0.55
Epoch [82/100] - [TRAIN] Loss: 0.6459, Accuracy: 65.12%, AUC: 0.56 - [VAL] Loss: 0.6468, Accuracy: 64.76%, AUC: 0.56
Epoch [83/100] - [TRAIN] Loss: 0.6443, Accuracy: 65.08%, AUC: 0.56 - [VAL] Loss: 0.6480, Accuracy: 64.74%, AUC: 0.56
Epoch [84/100] - [TRAIN] Loss: 0.6452, Accuracy: 65.06%, AUC: 0.56 - [VAL] Loss: 0.6468, Accuracy: 64.70%, AUC: 0.56
Epoch [85/100] - [TRAIN] Loss: 0.6453, Accuracy: 65.21%, AUC: 0.56 - [VAL] Loss: 0.6478, Accuracy: 64.50%, AUC: 0.55
Epoch [86/100] - [TRAIN] Loss: 0.6446, Accuracy: 65.16%, AUC: 0.56 - [VAL] Loss: 0.6481, Accuracy: 64.51%, AUC: 0.55
Epoch [87/100] - [TRAIN] Loss: 0.6444, Accuracy: 65.16%, AUC: 0.56 - [VAL] Loss: 0.6467, Accuracy: 64.71%, AUC: 0.56
Epoch [88/100] - [TRAIN] Loss: 0.6438, Accuracy: 65.18%, AUC: 0.56 - [VAL] Loss: 0.6483, Accuracy: 64.51%, AUC: 0.55
Epoch [89/100] - [TRAIN] Loss: 0.6439, Accuracy: 65.09%, AUC: 0.56 - [VAL] Loss: 0.6465, Accuracy: 64.71%, AUC: 0.56
Epoch [90/100] - [TRAIN] Loss: 0.6444, Accuracy: 65.18%, AUC: 0.56 - [VAL] Loss: 0.6466, Accuracy: 64.73%, AUC: 0.56
Epoch [91/100] - [TRAIN] Loss: 0.6446, Accuracy: 65.25%, AUC: 0.56 - [VAL] Loss: 0.6464, Accuracy: 64.70%, AUC: 0.56
Epoch [92/100] - [TRAIN] Loss: 0.6439, Accuracy: 65.13%, AUC: 0.56 - [VAL] Loss: 0.6462, Accuracy: 64.70%, AUC: 0.56
Epoch [93/100] - [TRAIN] Loss: 0.6439, Accuracy: 65.13%, AUC: 0.56 - [VAL] Loss: 0.6475, Accuracy: 64.62%, AUC: 0.56
Epoch [94/100] - [TRAIN] Loss: 0.6446, Accuracy: 65.20%, AUC: 0.56 - [VAL] Loss: 0.6472, Accuracy: 64.63%, AUC: 0.56
Epoch [95/100] - [TRAIN] Loss: 0.6439, Accuracy: 65.12%, AUC: 0.56 - [VAL] Loss: 0.6507, Accuracy: 64.48%, AUC: 0.55
Epoch [96/100] - [TRAIN] Loss: 0.6439, Accuracy: 65.29%, AUC: 0.57 - [VAL] Loss: 0.6477, Accuracy: 64.65%, AUC: 0.56
Epoch [97/100] - [TRAIN] Loss: 0.6431, Accuracy: 65.16%, AUC: 0.56 - [VAL] Loss: 0.6466, Accuracy: 64.73%, AUC: 0.56
Epoch [98/100] - [TRAIN] Loss: 0.6441, Accuracy: 65.33%, AUC: 0.57 - [VAL] Loss: 0.6460, Accuracy: 64.66%, AUC: 0.56
Epoch [99/100] - [TRAIN] Loss: 0.6423, Accuracy: 65.28%, AUC: 0.57 - [VAL] Loss: 0.6459, Accuracy: 64.70%, AUC: 0.56
Epoch [100/100] - [TRAIN] Loss: 0.6426, Accuracy: 65.29%, AUC: 0.57 - [VAL] Loss: 0.6486, Accuracy: 64.61%, AUC: 0.56
Training finished!
Accuracy Score on test set: 65.13 %
AUC Score on test set: 0.56
Item: H3K27ac-H3K27me3
Train set shape: (7399, 2, 4000) (7399,)
Validation set shape: (7377, 2, 4000) (7377,)
Test set shape: (7378, 2, 4000) (7378,)
New best model saved with validation metric: 19.4242
Epoch [1/100] - [TRAIN] Loss: 0.6669, Accuracy: 60.82%, AUC: 0.50 - [VAL] Loss: 0.6467, Accuracy: 60.82%, AUC: 0.50
Epoch [2/100] - [TRAIN] Loss: 0.6326, Accuracy: 60.82%, AUC: 0.50 - [VAL] Loss: 0.6169, Accuracy: 60.82%, AUC: 0.50
Epoch [3/100] - [TRAIN] Loss: 0.6056, Accuracy: 60.82%, AUC: 0.50 - [VAL] Loss: 0.5897, Accuracy: 60.82%, AUC: 0.50
New best model saved with validation metric: 23.8485
Epoch [4/100] - [TRAIN] Loss: 0.5825, Accuracy: 60.87%, AUC: 0.50 - [VAL] Loss: 0.5694, Accuracy: 74.68%, AUC: 0.74
New best model saved with validation metric: 24.5498
Epoch [5/100] - [TRAIN] Loss: 0.5656, Accuracy: 73.28%, AUC: 0.71 - [VAL] Loss: 0.5560, Accuracy: 76.87%, AUC: 0.78
Epoch [6/100] - [TRAIN] Loss: 0.5565, Accuracy: 77.15%, AUC: 0.78 - [VAL] Loss: 0.5491, Accuracy: 76.45%, AUC: 0.77
Epoch [7/100] - [TRAIN] Loss: 0.5488, Accuracy: 76.96%, AUC: 0.77 - [VAL] Loss: 0.5443, Accuracy: 76.44%, AUC: 0.77
Epoch [8/100] - [TRAIN] Loss: 0.5464, Accuracy: 76.89%, AUC: 0.77 - [VAL] Loss: 0.5419, Accuracy: 76.32%, AUC: 0.77
Epoch [9/100] - [TRAIN] Loss: 0.5438, Accuracy: 76.75%, AUC: 0.77 - [VAL] Loss: 0.5400, Accuracy: 76.16%, AUC: 0.77
Epoch [10/100] - [TRAIN] Loss: 0.5408, Accuracy: 76.73%, AUC: 0.77 - [VAL] Loss: 0.5379, Accuracy: 76.35%, AUC: 0.77
Epoch [11/100] - [TRAIN] Loss: 0.5390, Accuracy: 76.81%, AUC: 0.77 - [VAL] Loss: 0.5367, Accuracy: 76.07%, AUC: 0.77
Epoch [12/100] - [TRAIN] Loss: 0.5366, Accuracy: 76.69%, AUC: 0.77 - [VAL] Loss: 0.5348, Accuracy: 76.29%, AUC: 0.77
Epoch [13/100] - [TRAIN] Loss: 0.5360, Accuracy: 76.93%, AUC: 0.78 - [VAL] Loss: 0.5338, Accuracy: 76.17%, AUC: 0.77
Epoch [14/100] - [TRAIN] Loss: 0.5352, Accuracy: 76.85%, AUC: 0.77 - [VAL] Loss: 0.5332, Accuracy: 76.03%, AUC: 0.77
Epoch [15/100] - [TRAIN] Loss: 0.5334, Accuracy: 76.75%, AUC: 0.77 - [VAL] Loss: 0.5315, Accuracy: 76.32%, AUC: 0.77
Epoch [16/100] - [TRAIN] Loss: 0.5325, Accuracy: 76.85%, AUC: 0.77 - [VAL] Loss: 0.5305, Accuracy: 76.35%, AUC: 0.77
Epoch [17/100] - [TRAIN] Loss: 0.5307, Accuracy: 76.78%, AUC: 0.77 - [VAL] Loss: 0.5292, Accuracy: 76.59%, AUC: 0.77
Epoch [18/100] - [TRAIN] Loss: 0.5288, Accuracy: 76.96%, AUC: 0.78 - [VAL] Loss: 0.5288, Accuracy: 76.35%, AUC: 0.77
Epoch [19/100] - [TRAIN] Loss: 0.5298, Accuracy: 76.94%, AUC: 0.78 - [VAL] Loss: 0.5275, Accuracy: 76.63%, AUC: 0.77
Epoch [20/100] - [TRAIN] Loss: 0.5271, Accuracy: 76.97%, AUC: 0.78 - [VAL] Loss: 0.5272, Accuracy: 76.43%, AUC: 0.77
Epoch [21/100] - [TRAIN] Loss: 0.5281, Accuracy: 76.96%, AUC: 0.78 - [VAL] Loss: 0.5261, Accuracy: 76.60%, AUC: 0.77
Epoch [22/100] - [TRAIN] Loss: 0.5253, Accuracy: 76.98%, AUC: 0.78 - [VAL] Loss: 0.5254, Accuracy: 76.59%, AUC: 0.77
Epoch [23/100] - [TRAIN] Loss: 0.5250, Accuracy: 76.93%, AUC: 0.78 - [VAL] Loss: 0.5243, Accuracy: 76.72%, AUC: 0.78
Epoch [24/100] - [TRAIN] Loss: 0.5240, Accuracy: 77.09%, AUC: 0.78 - [VAL] Loss: 0.5241, Accuracy: 76.55%, AUC: 0.77
Epoch [25/100] - [TRAIN] Loss: 0.5225, Accuracy: 77.01%, AUC: 0.78 - [VAL] Loss: 0.5231, Accuracy: 76.70%, AUC: 0.78
Epoch [26/100] - [TRAIN] Loss: 0.5220, Accuracy: 77.16%, AUC: 0.78 - [VAL] Loss: 0.5222, Accuracy: 76.78%, AUC: 0.78
Epoch [27/100] - [TRAIN] Loss: 0.5216, Accuracy: 77.05%, AUC: 0.78 - [VAL] Loss: 0.5225, Accuracy: 76.58%, AUC: 0.77
Epoch [28/100] - [TRAIN] Loss: 0.5209, Accuracy: 77.13%, AUC: 0.78 - [VAL] Loss: 0.5210, Accuracy: 76.72%, AUC: 0.78
Epoch [29/100] - [TRAIN] Loss: 0.5191, Accuracy: 77.24%, AUC: 0.78 - [VAL] Loss: 0.5215, Accuracy: 76.58%, AUC: 0.77
Epoch [30/100] - [TRAIN] Loss: 0.5191, Accuracy: 77.16%, AUC: 0.78 - [VAL] Loss: 0.5206, Accuracy: 76.66%, AUC: 0.78
Epoch [31/100] - [TRAIN] Loss: 0.5183, Accuracy: 77.25%, AUC: 0.78 - [VAL] Loss: 0.5206, Accuracy: 76.59%, AUC: 0.77
Epoch [32/100] - [TRAIN] Loss: 0.5185, Accuracy: 77.16%, AUC: 0.78 - [VAL] Loss: 0.5191, Accuracy: 76.74%, AUC: 0.78
Epoch [33/100] - [TRAIN] Loss: 0.5172, Accuracy: 77.27%, AUC: 0.78 - [VAL] Loss: 0.5187, Accuracy: 76.74%, AUC: 0.78
Epoch [34/100] - [TRAIN] Loss: 0.5150, Accuracy: 77.25%, AUC: 0.78 - [VAL] Loss: 0.5181, Accuracy: 76.77%, AUC: 0.78
Epoch [35/100] - [TRAIN] Loss: 0.5146, Accuracy: 77.35%, AUC: 0.78 - [VAL] Loss: 0.5173, Accuracy: 76.86%, AUC: 0.78
Epoch [36/100] - [TRAIN] Loss: 0.5145, Accuracy: 77.43%, AUC: 0.78 - [VAL] Loss: 0.5183, Accuracy: 76.60%, AUC: 0.77
New best model saved with validation metric: 24.6061
Epoch [37/100] - [TRAIN] Loss: 0.5142, Accuracy: 77.40%, AUC: 0.78 - [VAL] Loss: 0.5163, Accuracy: 77.05%, AUC: 0.78
Epoch [38/100] - [TRAIN] Loss: 0.5133, Accuracy: 77.38%, AUC: 0.78 - [VAL] Loss: 0.5168, Accuracy: 76.72%, AUC: 0.78
Epoch [39/100] - [TRAIN] Loss: 0.5123, Accuracy: 77.43%, AUC: 0.78 - [VAL] Loss: 0.5167, Accuracy: 76.71%, AUC: 0.78
Epoch [40/100] - [TRAIN] Loss: 0.5113, Accuracy: 77.44%, AUC: 0.78 - [VAL] Loss: 0.5162, Accuracy: 76.77%, AUC: 0.78
New best model saved with validation metric: 24.6147
Epoch [41/100] - [TRAIN] Loss: 0.5114, Accuracy: 77.46%, AUC: 0.78 - [VAL] Loss: 0.5149, Accuracy: 77.08%, AUC: 0.78
New best model saved with validation metric: 24.6320
Epoch [42/100] - [TRAIN] Loss: 0.5106, Accuracy: 77.50%, AUC: 0.78 - [VAL] Loss: 0.5142, Accuracy: 77.13%, AUC: 0.78
Epoch [43/100] - [TRAIN] Loss: 0.5114, Accuracy: 77.44%, AUC: 0.78 - [VAL] Loss: 0.5144, Accuracy: 77.08%, AUC: 0.78
Epoch [44/100] - [TRAIN] Loss: 0.5099, Accuracy: 77.47%, AUC: 0.78 - [VAL] Loss: 0.5137, Accuracy: 77.06%, AUC: 0.78
Epoch [45/100] - [TRAIN] Loss: 0.5096, Accuracy: 77.47%, AUC: 0.78 - [VAL] Loss: 0.5136, Accuracy: 77.05%, AUC: 0.78
Epoch [46/100] - [TRAIN] Loss: 0.5099, Accuracy: 77.61%, AUC: 0.78 - [VAL] Loss: 0.5133, Accuracy: 77.04%, AUC: 0.78
Epoch [47/100] - [TRAIN] Loss: 0.5094, Accuracy: 77.52%, AUC: 0.78 - [VAL] Loss: 0.5130, Accuracy: 77.08%, AUC: 0.78
Epoch [48/100] - [TRAIN] Loss: 0.5076, Accuracy: 77.51%, AUC: 0.78 - [VAL] Loss: 0.5129, Accuracy: 77.01%, AUC: 0.78
Epoch [49/100] - [TRAIN] Loss: 0.5074, Accuracy: 77.52%, AUC: 0.78 - [VAL] Loss: 0.5122, Accuracy: 77.12%, AUC: 0.78
Epoch [50/100] - [TRAIN] Loss: 0.5076, Accuracy: 77.58%, AUC: 0.78 - [VAL] Loss: 0.5130, Accuracy: 77.00%, AUC: 0.78
Epoch [51/100] - [TRAIN] Loss: 0.5075, Accuracy: 77.50%, AUC: 0.78 - [VAL] Loss: 0.5119, Accuracy: 77.09%, AUC: 0.78
Epoch [52/100] - [TRAIN] Loss: 0.5061, Accuracy: 77.58%, AUC: 0.78 - [VAL] Loss: 0.5118, Accuracy: 77.06%, AUC: 0.78
Epoch [53/100] - [TRAIN] Loss: 0.5074, Accuracy: 77.51%, AUC: 0.78 - [VAL] Loss: 0.5117, Accuracy: 77.09%, AUC: 0.78
Epoch [54/100] - [TRAIN] Loss: 0.5058, Accuracy: 77.66%, AUC: 0.78 - [VAL] Loss: 0.5115, Accuracy: 77.06%, AUC: 0.78
Epoch [55/100] - [TRAIN] Loss: 0.5052, Accuracy: 77.61%, AUC: 0.78 - [VAL] Loss: 0.5110, Accuracy: 77.10%, AUC: 0.78
Epoch [56/100] - [TRAIN] Loss: 0.5041, Accuracy: 77.65%, AUC: 0.78 - [VAL] Loss: 0.5116, Accuracy: 77.01%, AUC: 0.78
Epoch [57/100] - [TRAIN] Loss: 0.5042, Accuracy: 77.70%, AUC: 0.78 - [VAL] Loss: 0.5123, Accuracy: 76.97%, AUC: 0.78
Epoch [58/100] - [TRAIN] Loss: 0.5038, Accuracy: 77.66%, AUC: 0.78 - [VAL] Loss: 0.5114, Accuracy: 77.04%, AUC: 0.78
Epoch [59/100] - [TRAIN] Loss: 0.5036, Accuracy: 77.61%, AUC: 0.78 - [VAL] Loss: 0.5111, Accuracy: 77.04%, AUC: 0.78
Epoch [60/100] - [TRAIN] Loss: 0.5041, Accuracy: 77.61%, AUC: 0.78 - [VAL] Loss: 0.5110, Accuracy: 77.05%, AUC: 0.78
Epoch [61/100] - [TRAIN] Loss: 0.5033, Accuracy: 77.62%, AUC: 0.78 - [VAL] Loss: 0.5104, Accuracy: 77.09%, AUC: 0.78
Epoch [62/100] - [TRAIN] Loss: 0.5038, Accuracy: 77.66%, AUC: 0.78 - [VAL] Loss: 0.5110, Accuracy: 77.04%, AUC: 0.78
Epoch [63/100] - [TRAIN] Loss: 0.5026, Accuracy: 77.66%, AUC: 0.78 - [VAL] Loss: 0.5114, Accuracy: 77.02%, AUC: 0.78
Epoch [64/100] - [TRAIN] Loss: 0.5031, Accuracy: 77.67%, AUC: 0.78 - [VAL] Loss: 0.5108, Accuracy: 77.04%, AUC: 0.78
Epoch [65/100] - [TRAIN] Loss: 0.5023, Accuracy: 77.63%, AUC: 0.78 - [VAL] Loss: 0.5103, Accuracy: 77.08%, AUC: 0.78
Epoch [66/100] - [TRAIN] Loss: 0.5013, Accuracy: 77.74%, AUC: 0.78 - [VAL] Loss: 0.5103, Accuracy: 77.10%, AUC: 0.78
Epoch [67/100] - [TRAIN] Loss: 0.5025, Accuracy: 77.79%, AUC: 0.78 - [VAL] Loss: 0.5102, Accuracy: 77.12%, AUC: 0.78
Epoch [68/100] - [TRAIN] Loss: 0.5014, Accuracy: 77.70%, AUC: 0.78 - [VAL] Loss: 0.5105, Accuracy: 77.02%, AUC: 0.78
Epoch [69/100] - [TRAIN] Loss: 0.5010, Accuracy: 77.70%, AUC: 0.78 - [VAL] Loss: 0.5118, Accuracy: 77.04%, AUC: 0.78
Epoch [70/100] - [TRAIN] Loss: 0.5000, Accuracy: 77.74%, AUC: 0.78 - [VAL] Loss: 0.5130, Accuracy: 77.02%, AUC: 0.78
New best model saved with validation metric: 24.6494
Epoch [71/100] - [TRAIN] Loss: 0.5006, Accuracy: 77.69%, AUC: 0.78 - [VAL] Loss: 0.5104, Accuracy: 77.19%, AUC: 0.78
Epoch [72/100] - [TRAIN] Loss: 0.5006, Accuracy: 77.67%, AUC: 0.78 - [VAL] Loss: 0.5120, Accuracy: 77.02%, AUC: 0.78
Epoch [73/100] - [TRAIN] Loss: 0.5002, Accuracy: 77.78%, AUC: 0.78 - [VAL] Loss: 0.5103, Accuracy: 77.12%, AUC: 0.78
Epoch [74/100] - [TRAIN] Loss: 0.5009, Accuracy: 77.77%, AUC: 0.78 - [VAL] Loss: 0.5114, Accuracy: 77.19%, AUC: 0.78
Epoch [75/100] - [TRAIN] Loss: 0.4984, Accuracy: 77.79%, AUC: 0.78 - [VAL] Loss: 0.5129, Accuracy: 77.01%, AUC: 0.78
Epoch [76/100] - [TRAIN] Loss: 0.5004, Accuracy: 77.83%, AUC: 0.78 - [VAL] Loss: 0.5111, Accuracy: 77.04%, AUC: 0.78
Epoch [77/100] - [TRAIN] Loss: 0.4990, Accuracy: 77.77%, AUC: 0.78 - [VAL] Loss: 0.5145, Accuracy: 77.02%, AUC: 0.78
Epoch [78/100] - [TRAIN] Loss: 0.5005, Accuracy: 77.75%, AUC: 0.78 - [VAL] Loss: 0.5118, Accuracy: 77.04%, AUC: 0.78
Epoch [79/100] - [TRAIN] Loss: 0.4988, Accuracy: 77.81%, AUC: 0.78 - [VAL] Loss: 0.5120, Accuracy: 77.04%, AUC: 0.78
Epoch [80/100] - [TRAIN] Loss: 0.4988, Accuracy: 77.75%, AUC: 0.78 - [VAL] Loss: 0.5130, Accuracy: 77.04%, AUC: 0.78
Epoch [81/100] - [TRAIN] Loss: 0.5006, Accuracy: 77.77%, AUC: 0.78 - [VAL] Loss: 0.5105, Accuracy: 77.10%, AUC: 0.78
Epoch [82/100] - [TRAIN] Loss: 0.5003, Accuracy: 77.77%, AUC: 0.78 - [VAL] Loss: 0.5113, Accuracy: 77.10%, AUC: 0.78
Epoch [83/100] - [TRAIN] Loss: 0.4998, Accuracy: 77.78%, AUC: 0.78 - [VAL] Loss: 0.5109, Accuracy: 77.06%, AUC: 0.78
Epoch [84/100] - [TRAIN] Loss: 0.4988, Accuracy: 77.85%, AUC: 0.78 - [VAL] Loss: 0.5109, Accuracy: 77.06%, AUC: 0.78
New best model saved with validation metric: 24.6623
Epoch [85/100] - [TRAIN] Loss: 0.4982, Accuracy: 77.83%, AUC: 0.78 - [VAL] Loss: 0.5115, Accuracy: 77.23%, AUC: 0.78
Epoch [86/100] - [TRAIN] Loss: 0.4989, Accuracy: 77.85%, AUC: 0.78 - [VAL] Loss: 0.5106, Accuracy: 77.09%, AUC: 0.78
Epoch [87/100] - [TRAIN] Loss: 0.4987, Accuracy: 77.82%, AUC: 0.78 - [VAL] Loss: 0.5126, Accuracy: 77.08%, AUC: 0.78
New best model saved with validation metric: 24.6667
Epoch [88/100] - [TRAIN] Loss: 0.4975, Accuracy: 77.83%, AUC: 0.78 - [VAL] Loss: 0.5108, Accuracy: 77.24%, AUC: 0.78
Epoch [89/100] - [TRAIN] Loss: 0.4982, Accuracy: 77.85%, AUC: 0.78 - [VAL] Loss: 0.5110, Accuracy: 77.10%, AUC: 0.78
Epoch [90/100] - [TRAIN] Loss: 0.4967, Accuracy: 77.83%, AUC: 0.78 - [VAL] Loss: 0.5117, Accuracy: 77.06%, AUC: 0.78
Epoch [91/100] - [TRAIN] Loss: 0.4993, Accuracy: 77.85%, AUC: 0.78 - [VAL] Loss: 0.5110, Accuracy: 77.24%, AUC: 0.78
Epoch [92/100] - [TRAIN] Loss: 0.4982, Accuracy: 77.83%, AUC: 0.78 - [VAL] Loss: 0.5111, Accuracy: 77.06%, AUC: 0.78
Epoch [93/100] - [TRAIN] Loss: 0.4969, Accuracy: 77.85%, AUC: 0.78 - [VAL] Loss: 0.5106, Accuracy: 77.13%, AUC: 0.78
Epoch [94/100] - [TRAIN] Loss: 0.4966, Accuracy: 77.83%, AUC: 0.78 - [VAL] Loss: 0.5156, Accuracy: 77.00%, AUC: 0.78
Epoch [95/100] - [TRAIN] Loss: 0.4971, Accuracy: 77.85%, AUC: 0.78 - [VAL] Loss: 0.5124, Accuracy: 77.08%, AUC: 0.78
Epoch [96/100] - [TRAIN] Loss: 0.4968, Accuracy: 77.81%, AUC: 0.78 - [VAL] Loss: 0.5108, Accuracy: 77.09%, AUC: 0.78
Epoch [97/100] - [TRAIN] Loss: 0.4967, Accuracy: 77.85%, AUC: 0.78 - [VAL] Loss: 0.5109, Accuracy: 77.16%, AUC: 0.78
Epoch [98/100] - [TRAIN] Loss: 0.4988, Accuracy: 77.85%, AUC: 0.78 - [VAL] Loss: 0.5123, Accuracy: 77.23%, AUC: 0.78
Epoch [99/100] - [TRAIN] Loss: 0.4979, Accuracy: 77.88%, AUC: 0.78 - [VAL] Loss: 0.5112, Accuracy: 77.10%, AUC: 0.78
Epoch [100/100] - [TRAIN] Loss: 0.4968, Accuracy: 77.88%, AUC: 0.78 - [VAL] Loss: 0.5130, Accuracy: 77.08%, AUC: 0.78
Training finished!
Accuracy Score on test set: 78.50 %
AUC Score on test set: 0.79
Item: H3K27me3-H3K27ac
Train set shape: (7399, 2, 4000) (7399,)
Validation set shape: (7377, 2, 4000) (7377,)
Test set shape: (7378, 2, 4000) (7378,)
New best model saved with validation metric: 19.4242
Epoch [1/100] - [TRAIN] Loss: 0.6777, Accuracy: 57.43%, AUC: 0.58 - [VAL] Loss: 0.6386, Accuracy: 60.82%, AUC: 0.50
Epoch [2/100] - [TRAIN] Loss: 0.6175, Accuracy: 60.82%, AUC: 0.50 - [VAL] Loss: 0.5971, Accuracy: 60.82%, AUC: 0.50
New best model saved with validation metric: 19.4416
Epoch [3/100] - [TRAIN] Loss: 0.5873, Accuracy: 60.89%, AUC: 0.50 - [VAL] Loss: 0.5736, Accuracy: 60.88%, AUC: 0.50
New best model saved with validation metric: 24.2381
Epoch [4/100] - [TRAIN] Loss: 0.5680, Accuracy: 71.54%, AUC: 0.68 - [VAL] Loss: 0.5587, Accuracy: 75.90%, AUC: 0.76
New best model saved with validation metric: 24.2900
Epoch [5/100] - [TRAIN] Loss: 0.5552, Accuracy: 76.54%, AUC: 0.77 - [VAL] Loss: 0.5496, Accuracy: 76.06%, AUC: 0.77
New best model saved with validation metric: 24.3333
Epoch [6/100] - [TRAIN] Loss: 0.5495, Accuracy: 76.50%, AUC: 0.77 - [VAL] Loss: 0.5445, Accuracy: 76.20%, AUC: 0.77
Epoch [7/100] - [TRAIN] Loss: 0.5444, Accuracy: 76.58%, AUC: 0.77 - [VAL] Loss: 0.5414, Accuracy: 76.13%, AUC: 0.77
Epoch [8/100] - [TRAIN] Loss: 0.5423, Accuracy: 76.67%, AUC: 0.77 - [VAL] Loss: 0.5403, Accuracy: 75.76%, AUC: 0.77
Epoch [9/100] - [TRAIN] Loss: 0.5403, Accuracy: 76.56%, AUC: 0.77 - [VAL] Loss: 0.5377, Accuracy: 76.05%, AUC: 0.77
Epoch [10/100] - [TRAIN] Loss: 0.5381, Accuracy: 76.59%, AUC: 0.77 - [VAL] Loss: 0.5363, Accuracy: 76.14%, AUC: 0.77
Epoch [11/100] - [TRAIN] Loss: 0.5376, Accuracy: 76.71%, AUC: 0.77 - [VAL] Loss: 0.5356, Accuracy: 75.95%, AUC: 0.77
New best model saved with validation metric: 24.3420
Epoch [12/100] - [TRAIN] Loss: 0.5354, Accuracy: 76.67%, AUC: 0.77 - [VAL] Loss: 0.5337, Accuracy: 76.22%, AUC: 0.77
New best model saved with validation metric: 24.3939
Epoch [13/100] - [TRAIN] Loss: 0.5340, Accuracy: 76.75%, AUC: 0.77 - [VAL] Loss: 0.5324, Accuracy: 76.39%, AUC: 0.77
Epoch [14/100] - [TRAIN] Loss: 0.5330, Accuracy: 76.81%, AUC: 0.77 - [VAL] Loss: 0.5316, Accuracy: 76.22%, AUC: 0.77
New best model saved with validation metric: 24.4805
Epoch [15/100] - [TRAIN] Loss: 0.5318, Accuracy: 76.78%, AUC: 0.77 - [VAL] Loss: 0.5302, Accuracy: 76.66%, AUC: 0.78
Epoch [16/100] - [TRAIN] Loss: 0.5301, Accuracy: 76.97%, AUC: 0.78 - [VAL] Loss: 0.5299, Accuracy: 76.20%, AUC: 0.77
Epoch [17/100] - [TRAIN] Loss: 0.5286, Accuracy: 76.94%, AUC: 0.78 - [VAL] Loss: 0.5285, Accuracy: 76.36%, AUC: 0.77
Epoch [18/100] - [TRAIN] Loss: 0.5288, Accuracy: 76.90%, AUC: 0.77 - [VAL] Loss: 0.5282, Accuracy: 76.26%, AUC: 0.77
Epoch [19/100] - [TRAIN] Loss: 0.5273, Accuracy: 77.00%, AUC: 0.78 - [VAL] Loss: 0.5266, Accuracy: 76.54%, AUC: 0.77
Epoch [20/100] - [TRAIN] Loss: 0.5256, Accuracy: 77.04%, AUC: 0.78 - [VAL] Loss: 0.5262, Accuracy: 76.35%, AUC: 0.77
New best model saved with validation metric: 24.4978
Epoch [21/100] - [TRAIN] Loss: 0.5247, Accuracy: 76.92%, AUC: 0.78 - [VAL] Loss: 0.5247, Accuracy: 76.71%, AUC: 0.78
Epoch [22/100] - [TRAIN] Loss: 0.5261, Accuracy: 76.94%, AUC: 0.77 - [VAL] Loss: 0.5251, Accuracy: 76.36%, AUC: 0.77
New best model saved with validation metric: 24.5195
Epoch [23/100] - [TRAIN] Loss: 0.5233, Accuracy: 76.93%, AUC: 0.77 - [VAL] Loss: 0.5232, Accuracy: 76.78%, AUC: 0.78
Epoch [24/100] - [TRAIN] Loss: 0.5222, Accuracy: 77.05%, AUC: 0.78 - [VAL] Loss: 0.5224, Accuracy: 76.75%, AUC: 0.78
Epoch [25/100] - [TRAIN] Loss: 0.5216, Accuracy: 77.20%, AUC: 0.78 - [VAL] Loss: 0.5218, Accuracy: 76.74%, AUC: 0.78
Epoch [26/100] - [TRAIN] Loss: 0.5216, Accuracy: 77.15%, AUC: 0.78 - [VAL] Loss: 0.5218, Accuracy: 76.59%, AUC: 0.77
Epoch [27/100] - [TRAIN] Loss: 0.5215, Accuracy: 77.15%, AUC: 0.78 - [VAL] Loss: 0.5209, Accuracy: 76.66%, AUC: 0.78
Epoch [28/100] - [TRAIN] Loss: 0.5193, Accuracy: 77.24%, AUC: 0.78 - [VAL] Loss: 0.5211, Accuracy: 76.56%, AUC: 0.77
Epoch [29/100] - [TRAIN] Loss: 0.5183, Accuracy: 77.13%, AUC: 0.78 - [VAL] Loss: 0.5193, Accuracy: 76.75%, AUC: 0.78
Epoch [30/100] - [TRAIN] Loss: 0.5165, Accuracy: 77.40%, AUC: 0.78 - [VAL] Loss: 0.5194, Accuracy: 76.63%, AUC: 0.77
New best model saved with validation metric: 24.5714
Epoch [31/100] - [TRAIN] Loss: 0.5153, Accuracy: 77.27%, AUC: 0.78 - [VAL] Loss: 0.5179, Accuracy: 76.94%, AUC: 0.78
New best model saved with validation metric: 24.6017
Epoch [32/100] - [TRAIN] Loss: 0.5143, Accuracy: 77.36%, AUC: 0.78 - [VAL] Loss: 0.5173, Accuracy: 77.04%, AUC: 0.78
Epoch [33/100] - [TRAIN] Loss: 0.5150, Accuracy: 77.32%, AUC: 0.78 - [VAL] Loss: 0.5168, Accuracy: 76.97%, AUC: 0.78
Epoch [34/100] - [TRAIN] Loss: 0.5136, Accuracy: 77.39%, AUC: 0.78 - [VAL] Loss: 0.5165, Accuracy: 76.87%, AUC: 0.78
Epoch [35/100] - [TRAIN] Loss: 0.5131, Accuracy: 77.48%, AUC: 0.78 - [VAL] Loss: 0.5159, Accuracy: 76.98%, AUC: 0.78
Epoch [36/100] - [TRAIN] Loss: 0.5133, Accuracy: 77.39%, AUC: 0.78 - [VAL] Loss: 0.5154, Accuracy: 77.01%, AUC: 0.78
Epoch [37/100] - [TRAIN] Loss: 0.5122, Accuracy: 77.46%, AUC: 0.78 - [VAL] Loss: 0.5155, Accuracy: 76.86%, AUC: 0.78
Epoch [38/100] - [TRAIN] Loss: 0.5108, Accuracy: 77.42%, AUC: 0.78 - [VAL] Loss: 0.5162, Accuracy: 76.70%, AUC: 0.78
New best model saved with validation metric: 24.6190
Epoch [39/100] - [TRAIN] Loss: 0.5100, Accuracy: 77.36%, AUC: 0.78 - [VAL] Loss: 0.5141, Accuracy: 77.09%, AUC: 0.78
Epoch [40/100] - [TRAIN] Loss: 0.5120, Accuracy: 77.50%, AUC: 0.78 - [VAL] Loss: 0.5140, Accuracy: 77.06%, AUC: 0.78
Epoch [41/100] - [TRAIN] Loss: 0.5093, Accuracy: 77.48%, AUC: 0.78 - [VAL] Loss: 0.5133, Accuracy: 77.05%, AUC: 0.78
New best model saved with validation metric: 24.6320
Epoch [42/100] - [TRAIN] Loss: 0.5096, Accuracy: 77.48%, AUC: 0.78 - [VAL] Loss: 0.5136, Accuracy: 77.13%, AUC: 0.78
Epoch [43/100] - [TRAIN] Loss: 0.5091, Accuracy: 77.63%, AUC: 0.78 - [VAL] Loss: 0.5129, Accuracy: 77.04%, AUC: 0.78
Epoch [44/100] - [TRAIN] Loss: 0.5081, Accuracy: 77.52%, AUC: 0.78 - [VAL] Loss: 0.5133, Accuracy: 76.94%, AUC: 0.78
Epoch [45/100] - [TRAIN] Loss: 0.5077, Accuracy: 77.54%, AUC: 0.78 - [VAL] Loss: 0.5126, Accuracy: 77.04%, AUC: 0.78
Epoch [46/100] - [TRAIN] Loss: 0.5073, Accuracy: 77.47%, AUC: 0.78 - [VAL] Loss: 0.5120, Accuracy: 77.04%, AUC: 0.78
Epoch [47/100] - [TRAIN] Loss: 0.5072, Accuracy: 77.51%, AUC: 0.78 - [VAL] Loss: 0.5117, Accuracy: 77.06%, AUC: 0.78
Epoch [48/100] - [TRAIN] Loss: 0.5062, Accuracy: 77.59%, AUC: 0.78 - [VAL] Loss: 0.5117, Accuracy: 77.02%, AUC: 0.78
Epoch [49/100] - [TRAIN] Loss: 0.5046, Accuracy: 77.55%, AUC: 0.78 - [VAL] Loss: 0.5113, Accuracy: 77.06%, AUC: 0.78
Epoch [50/100] - [TRAIN] Loss: 0.5043, Accuracy: 77.70%, AUC: 0.78 - [VAL] Loss: 0.5111, Accuracy: 77.08%, AUC: 0.78
Epoch [51/100] - [TRAIN] Loss: 0.5040, Accuracy: 77.63%, AUC: 0.78 - [VAL] Loss: 0.5111, Accuracy: 77.02%, AUC: 0.78
Epoch [52/100] - [TRAIN] Loss: 0.5040, Accuracy: 77.66%, AUC: 0.78 - [VAL] Loss: 0.5108, Accuracy: 77.06%, AUC: 0.78
Epoch [53/100] - [TRAIN] Loss: 0.5036, Accuracy: 77.70%, AUC: 0.78 - [VAL] Loss: 0.5107, Accuracy: 77.08%, AUC: 0.78
Epoch [54/100] - [TRAIN] Loss: 0.5028, Accuracy: 77.59%, AUC: 0.78 - [VAL] Loss: 0.5113, Accuracy: 76.98%, AUC: 0.78
Epoch [55/100] - [TRAIN] Loss: 0.5022, Accuracy: 77.58%, AUC: 0.78 - [VAL] Loss: 0.5107, Accuracy: 77.01%, AUC: 0.78
Epoch [56/100] - [TRAIN] Loss: 0.5030, Accuracy: 77.66%, AUC: 0.78 - [VAL] Loss: 0.5104, Accuracy: 77.06%, AUC: 0.78
Epoch [57/100] - [TRAIN] Loss: 0.5013, Accuracy: 77.67%, AUC: 0.78 - [VAL] Loss: 0.5107, Accuracy: 76.98%, AUC: 0.78
Epoch [58/100] - [TRAIN] Loss: 0.5022, Accuracy: 77.67%, AUC: 0.78 - [VAL] Loss: 0.5115, Accuracy: 76.97%, AUC: 0.78
Epoch [59/100] - [TRAIN] Loss: 0.5030, Accuracy: 77.74%, AUC: 0.78 - [VAL] Loss: 0.5120, Accuracy: 76.96%, AUC: 0.78
Epoch [60/100] - [TRAIN] Loss: 0.5008, Accuracy: 77.73%, AUC: 0.78 - [VAL] Loss: 0.5103, Accuracy: 77.05%, AUC: 0.78
Epoch [61/100] - [TRAIN] Loss: 0.5010, Accuracy: 77.67%, AUC: 0.78 - [VAL] Loss: 0.5109, Accuracy: 76.96%, AUC: 0.78
Epoch [62/100] - [TRAIN] Loss: 0.5001, Accuracy: 77.74%, AUC: 0.78 - [VAL] Loss: 0.5111, Accuracy: 77.00%, AUC: 0.78
Epoch [63/100] - [TRAIN] Loss: 0.4993, Accuracy: 77.73%, AUC: 0.78 - [VAL] Loss: 0.5110, Accuracy: 77.00%, AUC: 0.78
Epoch [64/100] - [TRAIN] Loss: 0.5021, Accuracy: 77.78%, AUC: 0.78 - [VAL] Loss: 0.5117, Accuracy: 77.00%, AUC: 0.78
Epoch [65/100] - [TRAIN] Loss: 0.5000, Accuracy: 77.79%, AUC: 0.78 - [VAL] Loss: 0.5103, Accuracy: 77.04%, AUC: 0.78
Epoch [66/100] - [TRAIN] Loss: 0.5001, Accuracy: 77.79%, AUC: 0.78 - [VAL] Loss: 0.5111, Accuracy: 77.06%, AUC: 0.78
Epoch [67/100] - [TRAIN] Loss: 0.4987, Accuracy: 77.77%, AUC: 0.78 - [VAL] Loss: 0.5104, Accuracy: 77.10%, AUC: 0.78
Epoch [68/100] - [TRAIN] Loss: 0.4992, Accuracy: 77.83%, AUC: 0.78 - [VAL] Loss: 0.5106, Accuracy: 77.06%, AUC: 0.78
New best model saved with validation metric: 24.6537
Epoch [69/100] - [TRAIN] Loss: 0.4992, Accuracy: 77.83%, AUC: 0.78 - [VAL] Loss: 0.5106, Accuracy: 77.20%, AUC: 0.78
Epoch [70/100] - [TRAIN] Loss: 0.4982, Accuracy: 77.77%, AUC: 0.78 - [VAL] Loss: 0.5105, Accuracy: 77.20%, AUC: 0.78
Epoch [71/100] - [TRAIN] Loss: 0.4984, Accuracy: 77.77%, AUC: 0.78 - [VAL] Loss: 0.5108, Accuracy: 77.06%, AUC: 0.78
Epoch [72/100] - [TRAIN] Loss: 0.4992, Accuracy: 77.77%, AUC: 0.78 - [VAL] Loss: 0.5120, Accuracy: 77.02%, AUC: 0.78
Epoch [73/100] - [TRAIN] Loss: 0.4982, Accuracy: 77.77%, AUC: 0.78 - [VAL] Loss: 0.5136, Accuracy: 77.01%, AUC: 0.78
Epoch [74/100] - [TRAIN] Loss: 0.4981, Accuracy: 77.82%, AUC: 0.78 - [VAL] Loss: 0.5113, Accuracy: 77.06%, AUC: 0.78
Epoch [75/100] - [TRAIN] Loss: 0.4982, Accuracy: 77.83%, AUC: 0.78 - [VAL] Loss: 0.5110, Accuracy: 77.05%, AUC: 0.78
Epoch [76/100] - [TRAIN] Loss: 0.4987, Accuracy: 77.82%, AUC: 0.78 - [VAL] Loss: 0.5110, Accuracy: 77.05%, AUC: 0.78
Epoch [77/100] - [TRAIN] Loss: 0.4975, Accuracy: 77.82%, AUC: 0.78 - [VAL] Loss: 0.5115, Accuracy: 77.05%, AUC: 0.78
Epoch [78/100] - [TRAIN] Loss: 0.4976, Accuracy: 77.81%, AUC: 0.78 - [VAL] Loss: 0.5106, Accuracy: 77.12%, AUC: 0.78
Epoch [79/100] - [TRAIN] Loss: 0.4985, Accuracy: 77.88%, AUC: 0.78 - [VAL] Loss: 0.5116, Accuracy: 77.05%, AUC: 0.78
Epoch [80/100] - [TRAIN] Loss: 0.4995, Accuracy: 77.85%, AUC: 0.78 - [VAL] Loss: 0.5113, Accuracy: 77.06%, AUC: 0.78
Epoch [81/100] - [TRAIN] Loss: 0.4978, Accuracy: 77.83%, AUC: 0.78 - [VAL] Loss: 0.5112, Accuracy: 77.08%, AUC: 0.78
Epoch [82/100] - [TRAIN] Loss: 0.4971, Accuracy: 77.83%, AUC: 0.78 - [VAL] Loss: 0.5110, Accuracy: 77.16%, AUC: 0.78
Epoch [83/100] - [TRAIN] Loss: 0.4958, Accuracy: 77.82%, AUC: 0.78 - [VAL] Loss: 0.5112, Accuracy: 77.09%, AUC: 0.78
Epoch [84/100] - [TRAIN] Loss: 0.4965, Accuracy: 77.81%, AUC: 0.78 - [VAL] Loss: 0.5116, Accuracy: 77.06%, AUC: 0.78
Epoch [85/100] - [TRAIN] Loss: 0.4970, Accuracy: 77.81%, AUC: 0.78 - [VAL] Loss: 0.5108, Accuracy: 77.12%, AUC: 0.78
Epoch [86/100] - [TRAIN] Loss: 0.4956, Accuracy: 77.88%, AUC: 0.78 - [VAL] Loss: 0.5140, Accuracy: 77.06%, AUC: 0.78
Epoch [87/100] - [TRAIN] Loss: 0.4948, Accuracy: 77.85%, AUC: 0.78 - [VAL] Loss: 0.5138, Accuracy: 77.08%, AUC: 0.78
Epoch [88/100] - [TRAIN] Loss: 0.4972, Accuracy: 77.86%, AUC: 0.78 - [VAL] Loss: 0.5138, Accuracy: 77.06%, AUC: 0.78
Epoch [89/100] - [TRAIN] Loss: 0.4972, Accuracy: 77.79%, AUC: 0.78 - [VAL] Loss: 0.5114, Accuracy: 77.15%, AUC: 0.78
Epoch [90/100] - [TRAIN] Loss: 0.4961, Accuracy: 77.79%, AUC: 0.78 - [VAL] Loss: 0.5119, Accuracy: 77.08%, AUC: 0.78
Epoch [91/100] - [TRAIN] Loss: 0.4944, Accuracy: 77.86%, AUC: 0.78 - [VAL] Loss: 0.5124, Accuracy: 77.06%, AUC: 0.78
Epoch [92/100] - [TRAIN] Loss: 0.4957, Accuracy: 77.92%, AUC: 0.78 - [VAL] Loss: 0.5113, Accuracy: 77.13%, AUC: 0.78
Epoch [93/100] - [TRAIN] Loss: 0.4957, Accuracy: 77.85%, AUC: 0.78 - [VAL] Loss: 0.5114, Accuracy: 77.10%, AUC: 0.78
Epoch [94/100] - [TRAIN] Loss: 0.4964, Accuracy: 77.89%, AUC: 0.78 - [VAL] Loss: 0.5113, Accuracy: 77.10%, AUC: 0.78
Epoch [95/100] - [TRAIN] Loss: 0.4953, Accuracy: 77.86%, AUC: 0.78 - [VAL] Loss: 0.5130, Accuracy: 77.08%, AUC: 0.78
Epoch [96/100] - [TRAIN] Loss: 0.4957, Accuracy: 77.83%, AUC: 0.78 - [VAL] Loss: 0.5113, Accuracy: 77.09%, AUC: 0.78
Epoch [97/100] - [TRAIN] Loss: 0.4949, Accuracy: 77.88%, AUC: 0.78 - [VAL] Loss: 0.5117, Accuracy: 77.10%, AUC: 0.78
Epoch [98/100] - [TRAIN] Loss: 0.4947, Accuracy: 77.70%, AUC: 0.78 - [VAL] Loss: 0.5113, Accuracy: 77.09%, AUC: 0.78
Epoch [99/100] - [TRAIN] Loss: 0.4948, Accuracy: 77.89%, AUC: 0.78 - [VAL] Loss: 0.5118, Accuracy: 77.10%, AUC: 0.78
Epoch [100/100] - [TRAIN] Loss: 0.4941, Accuracy: 77.89%, AUC: 0.78 - [VAL] Loss: 0.5116, Accuracy: 77.10%, AUC: 0.78
Training finished!
Accuracy Score on test set: 78.50 %
AUC Score on test set: 0.79
Item: H3K4me3-H3K9ac-H3K9me3
Train set shape: (7399, 3, 4000) (7399,)
Validation set shape: (7377, 3, 4000) (7377,)
Test set shape: (7378, 3, 4000) (7378,)
New best model saved with validation metric: 19.4242
Epoch [1/100] - [TRAIN] Loss: 0.6538, Accuracy: 61.17%, AUC: 0.51 - [VAL] Loss: 0.6177, Accuracy: 60.82%, AUC: 0.50
Epoch [2/100] - [TRAIN] Loss: 0.5973, Accuracy: 60.82%, AUC: 0.50 - [VAL] Loss: 0.5745, Accuracy: 60.82%, AUC: 0.50
New best model saved with validation metric: 24.9048
Epoch [3/100] - [TRAIN] Loss: 0.5634, Accuracy: 69.79%, AUC: 0.64 - [VAL] Loss: 0.5466, Accuracy: 77.99%, AUC: 0.77
New best model saved with validation metric: 24.9091
Epoch [4/100] - [TRAIN] Loss: 0.5448, Accuracy: 78.06%, AUC: 0.77 - [VAL] Loss: 0.5324, Accuracy: 78.00%, AUC: 0.77
Epoch [5/100] - [TRAIN] Loss: 0.5331, Accuracy: 78.05%, AUC: 0.77 - [VAL] Loss: 0.5251, Accuracy: 77.86%, AUC: 0.77
Epoch [6/100] - [TRAIN] Loss: 0.5276, Accuracy: 77.97%, AUC: 0.77 - [VAL] Loss: 0.5206, Accuracy: 77.76%, AUC: 0.77
Epoch [7/100] - [TRAIN] Loss: 0.5243, Accuracy: 77.92%, AUC: 0.77 - [VAL] Loss: 0.5175, Accuracy: 77.81%, AUC: 0.77
Epoch [8/100] - [TRAIN] Loss: 0.5222, Accuracy: 77.97%, AUC: 0.77 - [VAL] Loss: 0.5155, Accuracy: 77.61%, AUC: 0.77
Epoch [9/100] - [TRAIN] Loss: 0.5182, Accuracy: 78.04%, AUC: 0.78 - [VAL] Loss: 0.5140, Accuracy: 77.61%, AUC: 0.77
Epoch [10/100] - [TRAIN] Loss: 0.5162, Accuracy: 78.09%, AUC: 0.78 - [VAL] Loss: 0.5125, Accuracy: 77.66%, AUC: 0.78
Epoch [11/100] - [TRAIN] Loss: 0.5140, Accuracy: 78.06%, AUC: 0.78 - [VAL] Loss: 0.5111, Accuracy: 77.70%, AUC: 0.78
Epoch [12/100] - [TRAIN] Loss: 0.5132, Accuracy: 78.12%, AUC: 0.78 - [VAL] Loss: 0.5101, Accuracy: 77.73%, AUC: 0.78
Epoch [13/100] - [TRAIN] Loss: 0.5115, Accuracy: 78.08%, AUC: 0.78 - [VAL] Loss: 0.5098, Accuracy: 77.73%, AUC: 0.78
Epoch [14/100] - [TRAIN] Loss: 0.5128, Accuracy: 78.15%, AUC: 0.78 - [VAL] Loss: 0.5093, Accuracy: 77.80%, AUC: 0.78
Epoch [15/100] - [TRAIN] Loss: 0.5098, Accuracy: 78.25%, AUC: 0.78 - [VAL] Loss: 0.5078, Accuracy: 77.90%, AUC: 0.78
Epoch [16/100] - [TRAIN] Loss: 0.5082, Accuracy: 78.29%, AUC: 0.78 - [VAL] Loss: 0.5080, Accuracy: 77.82%, AUC: 0.78
Epoch [17/100] - [TRAIN] Loss: 0.5086, Accuracy: 78.12%, AUC: 0.78 - [VAL] Loss: 0.5069, Accuracy: 77.89%, AUC: 0.78
New best model saved with validation metric: 24.9437
Epoch [18/100] - [TRAIN] Loss: 0.5070, Accuracy: 78.24%, AUC: 0.78 - [VAL] Loss: 0.5061, Accuracy: 78.11%, AUC: 0.78
Epoch [19/100] - [TRAIN] Loss: 0.5063, Accuracy: 78.19%, AUC: 0.78 - [VAL] Loss: 0.5058, Accuracy: 78.03%, AUC: 0.78
New best model saved with validation metric: 24.9567
Epoch [20/100] - [TRAIN] Loss: 0.5054, Accuracy: 78.24%, AUC: 0.78 - [VAL] Loss: 0.5052, Accuracy: 78.15%, AUC: 0.78
Epoch [21/100] - [TRAIN] Loss: 0.5050, Accuracy: 78.46%, AUC: 0.78 - [VAL] Loss: 0.5057, Accuracy: 77.94%, AUC: 0.78
Epoch [22/100] - [TRAIN] Loss: 0.5043, Accuracy: 78.44%, AUC: 0.78 - [VAL] Loss: 0.5049, Accuracy: 78.15%, AUC: 0.78
Epoch [23/100] - [TRAIN] Loss: 0.5040, Accuracy: 78.44%, AUC: 0.78 - [VAL] Loss: 0.5051, Accuracy: 78.12%, AUC: 0.78
Epoch [24/100] - [TRAIN] Loss: 0.5046, Accuracy: 78.27%, AUC: 0.78 - [VAL] Loss: 0.5048, Accuracy: 78.11%, AUC: 0.78
Epoch [25/100] - [TRAIN] Loss: 0.5027, Accuracy: 78.36%, AUC: 0.78 - [VAL] Loss: 0.5039, Accuracy: 78.13%, AUC: 0.78
New best model saved with validation metric: 24.9610
Epoch [26/100] - [TRAIN] Loss: 0.5029, Accuracy: 78.46%, AUC: 0.78 - [VAL] Loss: 0.5035, Accuracy: 78.16%, AUC: 0.78
Epoch [27/100] - [TRAIN] Loss: 0.5016, Accuracy: 78.52%, AUC: 0.78 - [VAL] Loss: 0.5034, Accuracy: 78.15%, AUC: 0.78
New best model saved with validation metric: 24.9697
Epoch [28/100] - [TRAIN] Loss: 0.5027, Accuracy: 78.54%, AUC: 0.78 - [VAL] Loss: 0.5032, Accuracy: 78.19%, AUC: 0.78
Epoch [29/100] - [TRAIN] Loss: 0.5014, Accuracy: 78.59%, AUC: 0.78 - [VAL] Loss: 0.5026, Accuracy: 78.19%, AUC: 0.78
Epoch [30/100] - [TRAIN] Loss: 0.5002, Accuracy: 78.59%, AUC: 0.78 - [VAL] Loss: 0.5027, Accuracy: 78.13%, AUC: 0.78
Epoch [31/100] - [TRAIN] Loss: 0.5007, Accuracy: 78.65%, AUC: 0.78 - [VAL] Loss: 0.5029, Accuracy: 78.19%, AUC: 0.78
Epoch [32/100] - [TRAIN] Loss: 0.5001, Accuracy: 78.61%, AUC: 0.78 - [VAL] Loss: 0.5023, Accuracy: 78.19%, AUC: 0.78
Epoch [33/100] - [TRAIN] Loss: 0.5000, Accuracy: 78.71%, AUC: 0.78 - [VAL] Loss: 0.5022, Accuracy: 78.19%, AUC: 0.78
New best model saved with validation metric: 24.9740
Epoch [34/100] - [TRAIN] Loss: 0.4993, Accuracy: 78.61%, AUC: 0.78 - [VAL] Loss: 0.5022, Accuracy: 78.20%, AUC: 0.78
New best model saved with validation metric: 24.9957
Epoch [35/100] - [TRAIN] Loss: 0.4983, Accuracy: 78.59%, AUC: 0.78 - [VAL] Loss: 0.5017, Accuracy: 78.27%, AUC: 0.78
Epoch [36/100] - [TRAIN] Loss: 0.4979, Accuracy: 78.71%, AUC: 0.78 - [VAL] Loss: 0.5014, Accuracy: 78.27%, AUC: 0.78
Epoch [37/100] - [TRAIN] Loss: 0.4988, Accuracy: 78.67%, AUC: 0.78 - [VAL] Loss: 0.5013, Accuracy: 78.26%, AUC: 0.78
Epoch [38/100] - [TRAIN] Loss: 0.4974, Accuracy: 78.70%, AUC: 0.78 - [VAL] Loss: 0.5011, Accuracy: 78.27%, AUC: 0.78
Epoch [39/100] - [TRAIN] Loss: 0.4979, Accuracy: 78.77%, AUC: 0.78 - [VAL] Loss: 0.5010, Accuracy: 78.27%, AUC: 0.78
Epoch [40/100] - [TRAIN] Loss: 0.4972, Accuracy: 78.78%, AUC: 0.78 - [VAL] Loss: 0.5009, Accuracy: 78.26%, AUC: 0.78
Epoch [41/100] - [TRAIN] Loss: 0.4979, Accuracy: 78.73%, AUC: 0.78 - [VAL] Loss: 0.5009, Accuracy: 78.20%, AUC: 0.78
Epoch [42/100] - [TRAIN] Loss: 0.4973, Accuracy: 78.73%, AUC: 0.78 - [VAL] Loss: 0.5011, Accuracy: 78.27%, AUC: 0.78
New best model saved with validation metric: 25.0043
Epoch [43/100] - [TRAIN] Loss: 0.4985, Accuracy: 78.70%, AUC: 0.78 - [VAL] Loss: 0.5012, Accuracy: 78.30%, AUC: 0.78
Epoch [44/100] - [TRAIN] Loss: 0.4965, Accuracy: 78.70%, AUC: 0.78 - [VAL] Loss: 0.5006, Accuracy: 78.20%, AUC: 0.78
Epoch [45/100] - [TRAIN] Loss: 0.4956, Accuracy: 78.81%, AUC: 0.78 - [VAL] Loss: 0.5009, Accuracy: 78.26%, AUC: 0.78
Epoch [46/100] - [TRAIN] Loss: 0.4960, Accuracy: 78.82%, AUC: 0.78 - [VAL] Loss: 0.5005, Accuracy: 78.24%, AUC: 0.78
Epoch [47/100] - [TRAIN] Loss: 0.4953, Accuracy: 78.67%, AUC: 0.78 - [VAL] Loss: 0.5000, Accuracy: 78.30%, AUC: 0.78
Epoch [48/100] - [TRAIN] Loss: 0.4948, Accuracy: 78.75%, AUC: 0.78 - [VAL] Loss: 0.5000, Accuracy: 78.28%, AUC: 0.78
New best model saved with validation metric: 25.0087
Epoch [49/100] - [TRAIN] Loss: 0.4948, Accuracy: 78.79%, AUC: 0.78 - [VAL] Loss: 0.4998, Accuracy: 78.31%, AUC: 0.78
Epoch [50/100] - [TRAIN] Loss: 0.4957, Accuracy: 78.79%, AUC: 0.78 - [VAL] Loss: 0.5000, Accuracy: 78.30%, AUC: 0.78
Epoch [51/100] - [TRAIN] Loss: 0.4958, Accuracy: 78.75%, AUC: 0.78 - [VAL] Loss: 0.4998, Accuracy: 78.28%, AUC: 0.78
Epoch [52/100] - [TRAIN] Loss: 0.4951, Accuracy: 78.81%, AUC: 0.78 - [VAL] Loss: 0.5002, Accuracy: 78.23%, AUC: 0.78
Epoch [53/100] - [TRAIN] Loss: 0.4938, Accuracy: 78.69%, AUC: 0.78 - [VAL] Loss: 0.5008, Accuracy: 78.18%, AUC: 0.78
Epoch [54/100] - [TRAIN] Loss: 0.4944, Accuracy: 78.90%, AUC: 0.78 - [VAL] Loss: 0.4997, Accuracy: 78.28%, AUC: 0.78
Epoch [55/100] - [TRAIN] Loss: 0.4931, Accuracy: 78.71%, AUC: 0.78 - [VAL] Loss: 0.4995, Accuracy: 78.28%, AUC: 0.78
Epoch [56/100] - [TRAIN] Loss: 0.4929, Accuracy: 78.73%, AUC: 0.78 - [VAL] Loss: 0.4995, Accuracy: 78.30%, AUC: 0.78
Epoch [57/100] - [TRAIN] Loss: 0.4916, Accuracy: 78.81%, AUC: 0.78 - [VAL] Loss: 0.5001, Accuracy: 78.23%, AUC: 0.78
Epoch [58/100] - [TRAIN] Loss: 0.4924, Accuracy: 78.79%, AUC: 0.78 - [VAL] Loss: 0.4998, Accuracy: 78.31%, AUC: 0.78
New best model saved with validation metric: 25.0303
Epoch [59/100] - [TRAIN] Loss: 0.4918, Accuracy: 78.92%, AUC: 0.78 - [VAL] Loss: 0.4993, Accuracy: 78.38%, AUC: 0.78
Epoch [60/100] - [TRAIN] Loss: 0.4916, Accuracy: 78.93%, AUC: 0.78 - [VAL] Loss: 0.4998, Accuracy: 78.30%, AUC: 0.78
Epoch [61/100] - [TRAIN] Loss: 0.4935, Accuracy: 78.67%, AUC: 0.78 - [VAL] Loss: 0.4996, Accuracy: 78.32%, AUC: 0.78
Epoch [62/100] - [TRAIN] Loss: 0.4905, Accuracy: 78.85%, AUC: 0.78 - [VAL] Loss: 0.4999, Accuracy: 78.27%, AUC: 0.78
Epoch [63/100] - [TRAIN] Loss: 0.4903, Accuracy: 78.82%, AUC: 0.78 - [VAL] Loss: 0.4994, Accuracy: 78.34%, AUC: 0.78
Epoch [64/100] - [TRAIN] Loss: 0.4904, Accuracy: 78.88%, AUC: 0.78 - [VAL] Loss: 0.4994, Accuracy: 78.28%, AUC: 0.78
New best model saved with validation metric: 25.0433
Epoch [65/100] - [TRAIN] Loss: 0.4905, Accuracy: 78.82%, AUC: 0.78 - [VAL] Loss: 0.4992, Accuracy: 78.42%, AUC: 0.78
Epoch [66/100] - [TRAIN] Loss: 0.4913, Accuracy: 78.89%, AUC: 0.78 - [VAL] Loss: 0.4998, Accuracy: 78.26%, AUC: 0.78
Epoch [67/100] - [TRAIN] Loss: 0.4904, Accuracy: 78.88%, AUC: 0.78 - [VAL] Loss: 0.4996, Accuracy: 78.26%, AUC: 0.78
New best model saved with validation metric: 25.0476
Epoch [68/100] - [TRAIN] Loss: 0.4893, Accuracy: 78.86%, AUC: 0.78 - [VAL] Loss: 0.4992, Accuracy: 78.43%, AUC: 0.78
Epoch [69/100] - [TRAIN] Loss: 0.4905, Accuracy: 78.86%, AUC: 0.78 - [VAL] Loss: 0.4993, Accuracy: 78.41%, AUC: 0.78
Epoch [70/100] - [TRAIN] Loss: 0.4899, Accuracy: 78.74%, AUC: 0.78 - [VAL] Loss: 0.4995, Accuracy: 78.35%, AUC: 0.78
Epoch [71/100] - [TRAIN] Loss: 0.4904, Accuracy: 78.90%, AUC: 0.78 - [VAL] Loss: 0.4992, Accuracy: 78.41%, AUC: 0.78
Epoch [72/100] - [TRAIN] Loss: 0.4886, Accuracy: 78.90%, AUC: 0.78 - [VAL] Loss: 0.4996, Accuracy: 78.42%, AUC: 0.78
Epoch [73/100] - [TRAIN] Loss: 0.4881, Accuracy: 78.86%, AUC: 0.78 - [VAL] Loss: 0.4992, Accuracy: 78.39%, AUC: 0.78
Epoch [74/100] - [TRAIN] Loss: 0.4880, Accuracy: 78.88%, AUC: 0.78 - [VAL] Loss: 0.5023, Accuracy: 78.26%, AUC: 0.78
Epoch [75/100] - [TRAIN] Loss: 0.4880, Accuracy: 78.83%, AUC: 0.78 - [VAL] Loss: 0.4999, Accuracy: 78.41%, AUC: 0.78
Epoch [76/100] - [TRAIN] Loss: 0.4893, Accuracy: 78.93%, AUC: 0.78 - [VAL] Loss: 0.4994, Accuracy: 78.41%, AUC: 0.78
Epoch [77/100] - [TRAIN] Loss: 0.4882, Accuracy: 78.88%, AUC: 0.78 - [VAL] Loss: 0.4993, Accuracy: 78.39%, AUC: 0.78
Epoch [78/100] - [TRAIN] Loss: 0.4882, Accuracy: 79.01%, AUC: 0.78 - [VAL] Loss: 0.4995, Accuracy: 78.37%, AUC: 0.78
Epoch [79/100] - [TRAIN] Loss: 0.4880, Accuracy: 78.96%, AUC: 0.78 - [VAL] Loss: 0.4995, Accuracy: 78.35%, AUC: 0.78
New best model saved with validation metric: 25.0563
Epoch [80/100] - [TRAIN] Loss: 0.4878, Accuracy: 79.00%, AUC: 0.78 - [VAL] Loss: 0.5003, Accuracy: 78.46%, AUC: 0.78
Epoch [81/100] - [TRAIN] Loss: 0.4876, Accuracy: 78.86%, AUC: 0.78 - [VAL] Loss: 0.5006, Accuracy: 78.46%, AUC: 0.78
New best model saved with validation metric: 25.0649
Epoch [82/100] - [TRAIN] Loss: 0.4876, Accuracy: 78.83%, AUC: 0.78 - [VAL] Loss: 0.5004, Accuracy: 78.49%, AUC: 0.78
Epoch [83/100] - [TRAIN] Loss: 0.4865, Accuracy: 78.98%, AUC: 0.78 - [VAL] Loss: 0.4996, Accuracy: 78.38%, AUC: 0.78
Epoch [84/100] - [TRAIN] Loss: 0.4874, Accuracy: 78.90%, AUC: 0.78 - [VAL] Loss: 0.4996, Accuracy: 78.38%, AUC: 0.78
Epoch [85/100] - [TRAIN] Loss: 0.4871, Accuracy: 78.86%, AUC: 0.78 - [VAL] Loss: 0.5005, Accuracy: 78.46%, AUC: 0.78
Epoch [86/100] - [TRAIN] Loss: 0.4864, Accuracy: 78.85%, AUC: 0.78 - [VAL] Loss: 0.5000, Accuracy: 78.43%, AUC: 0.78
Epoch [87/100] - [TRAIN] Loss: 0.4859, Accuracy: 78.90%, AUC: 0.78 - [VAL] Loss: 0.5002, Accuracy: 78.43%, AUC: 0.78
Epoch [88/100] - [TRAIN] Loss: 0.4860, Accuracy: 79.01%, AUC: 0.78 - [VAL] Loss: 0.5001, Accuracy: 78.42%, AUC: 0.78
Epoch [89/100] - [TRAIN] Loss: 0.4868, Accuracy: 78.85%, AUC: 0.78 - [VAL] Loss: 0.4999, Accuracy: 78.41%, AUC: 0.78
Epoch [90/100] - [TRAIN] Loss: 0.4861, Accuracy: 79.09%, AUC: 0.78 - [VAL] Loss: 0.5011, Accuracy: 78.45%, AUC: 0.78
Epoch [91/100] - [TRAIN] Loss: 0.4876, Accuracy: 78.98%, AUC: 0.78 - [VAL] Loss: 0.4999, Accuracy: 78.47%, AUC: 0.78
Epoch [92/100] - [TRAIN] Loss: 0.4850, Accuracy: 78.98%, AUC: 0.78 - [VAL] Loss: 0.5003, Accuracy: 78.42%, AUC: 0.78
Epoch [93/100] - [TRAIN] Loss: 0.4847, Accuracy: 79.01%, AUC: 0.78 - [VAL] Loss: 0.4999, Accuracy: 78.49%, AUC: 0.78
Epoch [94/100] - [TRAIN] Loss: 0.4843, Accuracy: 79.13%, AUC: 0.78 - [VAL] Loss: 0.5013, Accuracy: 78.47%, AUC: 0.78
New best model saved with validation metric: 25.0736
Epoch [95/100] - [TRAIN] Loss: 0.4840, Accuracy: 79.05%, AUC: 0.78 - [VAL] Loss: 0.5000, Accuracy: 78.51%, AUC: 0.78
New best model saved with validation metric: 25.0779
Epoch [96/100] - [TRAIN] Loss: 0.4849, Accuracy: 79.00%, AUC: 0.78 - [VAL] Loss: 0.5002, Accuracy: 78.53%, AUC: 0.78
Epoch [97/100] - [TRAIN] Loss: 0.4856, Accuracy: 78.98%, AUC: 0.78 - [VAL] Loss: 0.5008, Accuracy: 78.43%, AUC: 0.78
Epoch [98/100] - [TRAIN] Loss: 0.4837, Accuracy: 79.17%, AUC: 0.78 - [VAL] Loss: 0.5016, Accuracy: 78.49%, AUC: 0.78
Epoch [99/100] - [TRAIN] Loss: 0.4833, Accuracy: 79.04%, AUC: 0.78 - [VAL] Loss: 0.5002, Accuracy: 78.51%, AUC: 0.78
Epoch [100/100] - [TRAIN] Loss: 0.4836, Accuracy: 79.08%, AUC: 0.78 - [VAL] Loss: 0.5011, Accuracy: 78.43%, AUC: 0.78
Training finished!
Accuracy Score on test set: 78.80 %
AUC Score on test set: 0.78
Item: H3K4me3-H3K9me3-H3K9ac
Train set shape: (7399, 3, 4000) (7399,)
Validation set shape: (7377, 3, 4000) (7377,)
Test set shape: (7378, 3, 4000) (7378,)
New best model saved with validation metric: 19.4242
Epoch [1/100] - [TRAIN] Loss: 0.6666, Accuracy: 60.60%, AUC: 0.57 - [VAL] Loss: 0.6302, Accuracy: 60.82%, AUC: 0.50
Epoch [2/100] - [TRAIN] Loss: 0.6130, Accuracy: 60.82%, AUC: 0.50 - [VAL] Loss: 0.5938, Accuracy: 60.82%, AUC: 0.50
Epoch [3/100] - [TRAIN] Loss: 0.5825, Accuracy: 60.82%, AUC: 0.50 - [VAL] Loss: 0.5674, Accuracy: 60.82%, AUC: 0.50
New best model saved with validation metric: 24.8874
Epoch [4/100] - [TRAIN] Loss: 0.5600, Accuracy: 70.85%, AUC: 0.65 - [VAL] Loss: 0.5476, Accuracy: 77.93%, AUC: 0.77
Epoch [5/100] - [TRAIN] Loss: 0.5445, Accuracy: 78.11%, AUC: 0.77 - [VAL] Loss: 0.5353, Accuracy: 77.93%, AUC: 0.77
Epoch [6/100] - [TRAIN] Loss: 0.5346, Accuracy: 78.09%, AUC: 0.77 - [VAL] Loss: 0.5275, Accuracy: 77.82%, AUC: 0.77
Epoch [7/100] - [TRAIN] Loss: 0.5307, Accuracy: 77.98%, AUC: 0.77 - [VAL] Loss: 0.5236, Accuracy: 77.70%, AUC: 0.77
Epoch [8/100] - [TRAIN] Loss: 0.5261, Accuracy: 77.75%, AUC: 0.77 - [VAL] Loss: 0.5210, Accuracy: 77.70%, AUC: 0.78
Epoch [9/100] - [TRAIN] Loss: 0.5223, Accuracy: 77.90%, AUC: 0.77 - [VAL] Loss: 0.5186, Accuracy: 77.62%, AUC: 0.77
Epoch [10/100] - [TRAIN] Loss: 0.5196, Accuracy: 77.89%, AUC: 0.77 - [VAL] Loss: 0.5169, Accuracy: 77.65%, AUC: 0.78
Epoch [11/100] - [TRAIN] Loss: 0.5187, Accuracy: 77.86%, AUC: 0.77 - [VAL] Loss: 0.5154, Accuracy: 77.73%, AUC: 0.78
Epoch [12/100] - [TRAIN] Loss: 0.5162, Accuracy: 78.00%, AUC: 0.77 - [VAL] Loss: 0.5142, Accuracy: 77.73%, AUC: 0.78
Epoch [13/100] - [TRAIN] Loss: 0.5157, Accuracy: 77.94%, AUC: 0.77 - [VAL] Loss: 0.5137, Accuracy: 77.57%, AUC: 0.78
Epoch [14/100] - [TRAIN] Loss: 0.5151, Accuracy: 78.04%, AUC: 0.78 - [VAL] Loss: 0.5122, Accuracy: 77.77%, AUC: 0.78
Epoch [15/100] - [TRAIN] Loss: 0.5139, Accuracy: 78.16%, AUC: 0.78 - [VAL] Loss: 0.5123, Accuracy: 77.67%, AUC: 0.78
Epoch [16/100] - [TRAIN] Loss: 0.5127, Accuracy: 78.09%, AUC: 0.78 - [VAL] Loss: 0.5109, Accuracy: 77.76%, AUC: 0.78
Epoch [17/100] - [TRAIN] Loss: 0.5103, Accuracy: 78.06%, AUC: 0.78 - [VAL] Loss: 0.5099, Accuracy: 77.82%, AUC: 0.78
Epoch [18/100] - [TRAIN] Loss: 0.5096, Accuracy: 78.17%, AUC: 0.78 - [VAL] Loss: 0.5093, Accuracy: 77.86%, AUC: 0.78
New best model saved with validation metric: 24.9004
Epoch [19/100] - [TRAIN] Loss: 0.5089, Accuracy: 78.20%, AUC: 0.78 - [VAL] Loss: 0.5086, Accuracy: 77.97%, AUC: 0.78
Epoch [20/100] - [TRAIN] Loss: 0.5107, Accuracy: 78.27%, AUC: 0.78 - [VAL] Loss: 0.5087, Accuracy: 77.84%, AUC: 0.78
New best model saved with validation metric: 24.9351
Epoch [21/100] - [TRAIN] Loss: 0.5081, Accuracy: 78.33%, AUC: 0.78 - [VAL] Loss: 0.5076, Accuracy: 78.08%, AUC: 0.78
Epoch [22/100] - [TRAIN] Loss: 0.5084, Accuracy: 78.40%, AUC: 0.78 - [VAL] Loss: 0.5071, Accuracy: 78.07%, AUC: 0.78
Epoch [23/100] - [TRAIN] Loss: 0.5072, Accuracy: 78.44%, AUC: 0.78 - [VAL] Loss: 0.5068, Accuracy: 78.08%, AUC: 0.78
Epoch [24/100] - [TRAIN] Loss: 0.5071, Accuracy: 78.36%, AUC: 0.78 - [VAL] Loss: 0.5063, Accuracy: 78.08%, AUC: 0.78
New best model saved with validation metric: 24.9394
Epoch [25/100] - [TRAIN] Loss: 0.5052, Accuracy: 78.42%, AUC: 0.78 - [VAL] Loss: 0.5060, Accuracy: 78.09%, AUC: 0.78
New best model saved with validation metric: 24.9437
Epoch [26/100] - [TRAIN] Loss: 0.5062, Accuracy: 78.42%, AUC: 0.78 - [VAL] Loss: 0.5059, Accuracy: 78.11%, AUC: 0.78
Epoch [27/100] - [TRAIN] Loss: 0.5048, Accuracy: 78.35%, AUC: 0.78 - [VAL] Loss: 0.5054, Accuracy: 78.08%, AUC: 0.78
New best model saved with validation metric: 24.9524
Epoch [28/100] - [TRAIN] Loss: 0.5054, Accuracy: 78.43%, AUC: 0.78 - [VAL] Loss: 0.5061, Accuracy: 78.13%, AUC: 0.78
Epoch [29/100] - [TRAIN] Loss: 0.5041, Accuracy: 78.52%, AUC: 0.78 - [VAL] Loss: 0.5054, Accuracy: 78.13%, AUC: 0.78
Epoch [30/100] - [TRAIN] Loss: 0.5023, Accuracy: 78.27%, AUC: 0.78 - [VAL] Loss: 0.5050, Accuracy: 78.08%, AUC: 0.78
New best model saved with validation metric: 24.9610
Epoch [31/100] - [TRAIN] Loss: 0.5029, Accuracy: 78.58%, AUC: 0.78 - [VAL] Loss: 0.5054, Accuracy: 78.16%, AUC: 0.78
Epoch [32/100] - [TRAIN] Loss: 0.5025, Accuracy: 78.44%, AUC: 0.78 - [VAL] Loss: 0.5048, Accuracy: 78.09%, AUC: 0.78
Epoch [33/100] - [TRAIN] Loss: 0.5023, Accuracy: 78.61%, AUC: 0.78 - [VAL] Loss: 0.5048, Accuracy: 78.16%, AUC: 0.78
Epoch [34/100] - [TRAIN] Loss: 0.5007, Accuracy: 78.54%, AUC: 0.78 - [VAL] Loss: 0.5044, Accuracy: 78.13%, AUC: 0.78
Epoch [35/100] - [TRAIN] Loss: 0.5010, Accuracy: 78.55%, AUC: 0.78 - [VAL] Loss: 0.5037, Accuracy: 78.04%, AUC: 0.78
Epoch [36/100] - [TRAIN] Loss: 0.5013, Accuracy: 78.67%, AUC: 0.78 - [VAL] Loss: 0.5040, Accuracy: 78.15%, AUC: 0.78
Epoch [37/100] - [TRAIN] Loss: 0.5004, Accuracy: 78.51%, AUC: 0.78 - [VAL] Loss: 0.5037, Accuracy: 78.11%, AUC: 0.78
Epoch [38/100] - [TRAIN] Loss: 0.5006, Accuracy: 78.54%, AUC: 0.78 - [VAL] Loss: 0.5031, Accuracy: 78.11%, AUC: 0.78
Epoch [39/100] - [TRAIN] Loss: 0.4986, Accuracy: 78.66%, AUC: 0.78 - [VAL] Loss: 0.5030, Accuracy: 78.15%, AUC: 0.78
Epoch [40/100] - [TRAIN] Loss: 0.4987, Accuracy: 78.65%, AUC: 0.78 - [VAL] Loss: 0.5027, Accuracy: 78.15%, AUC: 0.78
New best model saved with validation metric: 24.9697
Epoch [41/100] - [TRAIN] Loss: 0.4991, Accuracy: 78.65%, AUC: 0.78 - [VAL] Loss: 0.5028, Accuracy: 78.19%, AUC: 0.78
Epoch [42/100] - [TRAIN] Loss: 0.4989, Accuracy: 78.66%, AUC: 0.78 - [VAL] Loss: 0.5027, Accuracy: 78.19%, AUC: 0.78
Epoch [43/100] - [TRAIN] Loss: 0.4997, Accuracy: 78.74%, AUC: 0.78 - [VAL] Loss: 0.5022, Accuracy: 78.15%, AUC: 0.78
Epoch [44/100] - [TRAIN] Loss: 0.4978, Accuracy: 78.63%, AUC: 0.78 - [VAL] Loss: 0.5022, Accuracy: 78.18%, AUC: 0.78
Epoch [45/100] - [TRAIN] Loss: 0.4969, Accuracy: 78.65%, AUC: 0.78 - [VAL] Loss: 0.5025, Accuracy: 78.18%, AUC: 0.78
Epoch [46/100] - [TRAIN] Loss: 0.4976, Accuracy: 78.63%, AUC: 0.78 - [VAL] Loss: 0.5022, Accuracy: 78.19%, AUC: 0.78
Epoch [47/100] - [TRAIN] Loss: 0.4963, Accuracy: 78.79%, AUC: 0.78 - [VAL] Loss: 0.5021, Accuracy: 78.19%, AUC: 0.78
Epoch [48/100] - [TRAIN] Loss: 0.4971, Accuracy: 78.74%, AUC: 0.78 - [VAL] Loss: 0.5017, Accuracy: 78.16%, AUC: 0.78
New best model saved with validation metric: 24.9827
Epoch [49/100] - [TRAIN] Loss: 0.4954, Accuracy: 78.81%, AUC: 0.78 - [VAL] Loss: 0.5023, Accuracy: 78.23%, AUC: 0.78
Epoch [50/100] - [TRAIN] Loss: 0.4951, Accuracy: 78.77%, AUC: 0.78 - [VAL] Loss: 0.5015, Accuracy: 78.20%, AUC: 0.78
Epoch [51/100] - [TRAIN] Loss: 0.4959, Accuracy: 78.75%, AUC: 0.78 - [VAL] Loss: 0.5013, Accuracy: 78.15%, AUC: 0.78
Epoch [52/100] - [TRAIN] Loss: 0.4964, Accuracy: 78.79%, AUC: 0.78 - [VAL] Loss: 0.5015, Accuracy: 78.19%, AUC: 0.78
Epoch [53/100] - [TRAIN] Loss: 0.4946, Accuracy: 78.82%, AUC: 0.78 - [VAL] Loss: 0.5009, Accuracy: 78.18%, AUC: 0.78
New best model saved with validation metric: 25.0043
Epoch [54/100] - [TRAIN] Loss: 0.4953, Accuracy: 78.88%, AUC: 0.78 - [VAL] Loss: 0.5019, Accuracy: 78.30%, AUC: 0.78
Epoch [55/100] - [TRAIN] Loss: 0.4934, Accuracy: 78.83%, AUC: 0.78 - [VAL] Loss: 0.5009, Accuracy: 78.18%, AUC: 0.78
Epoch [56/100] - [TRAIN] Loss: 0.4952, Accuracy: 78.70%, AUC: 0.78 - [VAL] Loss: 0.5013, Accuracy: 78.16%, AUC: 0.78
Epoch [57/100] - [TRAIN] Loss: 0.4940, Accuracy: 78.73%, AUC: 0.78 - [VAL] Loss: 0.5010, Accuracy: 78.19%, AUC: 0.78
Epoch [58/100] - [TRAIN] Loss: 0.4937, Accuracy: 78.75%, AUC: 0.78 - [VAL] Loss: 0.5013, Accuracy: 78.26%, AUC: 0.78
Epoch [59/100] - [TRAIN] Loss: 0.4942, Accuracy: 78.88%, AUC: 0.78 - [VAL] Loss: 0.5015, Accuracy: 78.30%, AUC: 0.78
Epoch [60/100] - [TRAIN] Loss: 0.4929, Accuracy: 78.75%, AUC: 0.78 - [VAL] Loss: 0.5007, Accuracy: 78.20%, AUC: 0.78
Epoch [61/100] - [TRAIN] Loss: 0.4936, Accuracy: 78.86%, AUC: 0.78 - [VAL] Loss: 0.5010, Accuracy: 78.26%, AUC: 0.78
Epoch [62/100] - [TRAIN] Loss: 0.4919, Accuracy: 78.86%, AUC: 0.78 - [VAL] Loss: 0.5001, Accuracy: 78.28%, AUC: 0.78
New best model saved with validation metric: 25.0087
Epoch [63/100] - [TRAIN] Loss: 0.4926, Accuracy: 78.86%, AUC: 0.78 - [VAL] Loss: 0.5001, Accuracy: 78.31%, AUC: 0.78
Epoch [64/100] - [TRAIN] Loss: 0.4915, Accuracy: 78.69%, AUC: 0.78 - [VAL] Loss: 0.5006, Accuracy: 78.20%, AUC: 0.78
Epoch [65/100] - [TRAIN] Loss: 0.4907, Accuracy: 79.00%, AUC: 0.78 - [VAL] Loss: 0.5007, Accuracy: 78.27%, AUC: 0.78
Epoch [66/100] - [TRAIN] Loss: 0.4928, Accuracy: 78.79%, AUC: 0.78 - [VAL] Loss: 0.5000, Accuracy: 78.27%, AUC: 0.78
Epoch [67/100] - [TRAIN] Loss: 0.4923, Accuracy: 78.83%, AUC: 0.78 - [VAL] Loss: 0.5000, Accuracy: 78.26%, AUC: 0.78
Epoch [68/100] - [TRAIN] Loss: 0.4908, Accuracy: 78.94%, AUC: 0.78 - [VAL] Loss: 0.5004, Accuracy: 78.26%, AUC: 0.78
Epoch [69/100] - [TRAIN] Loss: 0.4914, Accuracy: 78.81%, AUC: 0.78 - [VAL] Loss: 0.5008, Accuracy: 78.27%, AUC: 0.78
Epoch [70/100] - [TRAIN] Loss: 0.4892, Accuracy: 78.83%, AUC: 0.78 - [VAL] Loss: 0.5001, Accuracy: 78.31%, AUC: 0.78
Epoch [71/100] - [TRAIN] Loss: 0.4906, Accuracy: 78.85%, AUC: 0.78 - [VAL] Loss: 0.5002, Accuracy: 78.30%, AUC: 0.78
Epoch [72/100] - [TRAIN] Loss: 0.4900, Accuracy: 78.73%, AUC: 0.78 - [VAL] Loss: 0.5001, Accuracy: 78.31%, AUC: 0.78
New best model saved with validation metric: 25.0260
Epoch [73/100] - [TRAIN] Loss: 0.4910, Accuracy: 78.86%, AUC: 0.78 - [VAL] Loss: 0.5011, Accuracy: 78.37%, AUC: 0.78
Epoch [74/100] - [TRAIN] Loss: 0.4893, Accuracy: 78.82%, AUC: 0.78 - [VAL] Loss: 0.5010, Accuracy: 78.35%, AUC: 0.78
Epoch [75/100] - [TRAIN] Loss: 0.4898, Accuracy: 78.78%, AUC: 0.78 - [VAL] Loss: 0.4997, Accuracy: 78.37%, AUC: 0.78
New best model saved with validation metric: 25.0303
Epoch [76/100] - [TRAIN] Loss: 0.4896, Accuracy: 78.92%, AUC: 0.78 - [VAL] Loss: 0.5005, Accuracy: 78.38%, AUC: 0.78
New best model saved with validation metric: 25.0476
Epoch [77/100] - [TRAIN] Loss: 0.4893, Accuracy: 78.79%, AUC: 0.78 - [VAL] Loss: 0.5005, Accuracy: 78.43%, AUC: 0.78
Epoch [78/100] - [TRAIN] Loss: 0.4890, Accuracy: 78.82%, AUC: 0.78 - [VAL] Loss: 0.5013, Accuracy: 78.32%, AUC: 0.78
Epoch [79/100] - [TRAIN] Loss: 0.4891, Accuracy: 78.93%, AUC: 0.78 - [VAL] Loss: 0.5001, Accuracy: 78.42%, AUC: 0.78
New best model saved with validation metric: 25.0693
Epoch [80/100] - [TRAIN] Loss: 0.4871, Accuracy: 78.89%, AUC: 0.78 - [VAL] Loss: 0.5004, Accuracy: 78.50%, AUC: 0.78
Epoch [81/100] - [TRAIN] Loss: 0.4865, Accuracy: 78.92%, AUC: 0.78 - [VAL] Loss: 0.4999, Accuracy: 78.37%, AUC: 0.78
New best model saved with validation metric: 25.0736
Epoch [82/100] - [TRAIN] Loss: 0.4877, Accuracy: 78.75%, AUC: 0.78 - [VAL] Loss: 0.5006, Accuracy: 78.51%, AUC: 0.78
Epoch [83/100] - [TRAIN] Loss: 0.4885, Accuracy: 78.96%, AUC: 0.78 - [VAL] Loss: 0.4997, Accuracy: 78.46%, AUC: 0.78
Epoch [84/100] - [TRAIN] Loss: 0.4864, Accuracy: 78.81%, AUC: 0.78 - [VAL] Loss: 0.4998, Accuracy: 78.47%, AUC: 0.78
Epoch [85/100] - [TRAIN] Loss: 0.4863, Accuracy: 79.08%, AUC: 0.78 - [VAL] Loss: 0.4999, Accuracy: 78.51%, AUC: 0.78
Epoch [86/100] - [TRAIN] Loss: 0.4869, Accuracy: 78.94%, AUC: 0.78 - [VAL] Loss: 0.5003, Accuracy: 78.49%, AUC: 0.78
Epoch [87/100] - [TRAIN] Loss: 0.4876, Accuracy: 78.96%, AUC: 0.78 - [VAL] Loss: 0.5000, Accuracy: 78.50%, AUC: 0.78
Epoch [88/100] - [TRAIN] Loss: 0.4859, Accuracy: 79.01%, AUC: 0.78 - [VAL] Loss: 0.5000, Accuracy: 78.43%, AUC: 0.78
New best model saved with validation metric: 25.0779
Epoch [89/100] - [TRAIN] Loss: 0.4864, Accuracy: 78.83%, AUC: 0.78 - [VAL] Loss: 0.5000, Accuracy: 78.53%, AUC: 0.78
Epoch [90/100] - [TRAIN] Loss: 0.4855, Accuracy: 78.82%, AUC: 0.78 - [VAL] Loss: 0.5013, Accuracy: 78.49%, AUC: 0.78
Epoch [91/100] - [TRAIN] Loss: 0.4846, Accuracy: 79.08%, AUC: 0.78 - [VAL] Loss: 0.4998, Accuracy: 78.49%, AUC: 0.78
Epoch [92/100] - [TRAIN] Loss: 0.4856, Accuracy: 78.96%, AUC: 0.78 - [VAL] Loss: 0.4999, Accuracy: 78.51%, AUC: 0.78
Epoch [93/100] - [TRAIN] Loss: 0.4868, Accuracy: 79.11%, AUC: 0.78 - [VAL] Loss: 0.5017, Accuracy: 78.47%, AUC: 0.78
Epoch [94/100] - [TRAIN] Loss: 0.4848, Accuracy: 78.98%, AUC: 0.78 - [VAL] Loss: 0.4999, Accuracy: 78.46%, AUC: 0.78
Epoch [95/100] - [TRAIN] Loss: 0.4845, Accuracy: 79.11%, AUC: 0.78 - [VAL] Loss: 0.4999, Accuracy: 78.51%, AUC: 0.78
Epoch [96/100] - [TRAIN] Loss: 0.4865, Accuracy: 79.05%, AUC: 0.78 - [VAL] Loss: 0.5019, Accuracy: 78.43%, AUC: 0.78
Epoch [97/100] - [TRAIN] Loss: 0.4844, Accuracy: 79.12%, AUC: 0.78 - [VAL] Loss: 0.5001, Accuracy: 78.51%, AUC: 0.78
Epoch [98/100] - [TRAIN] Loss: 0.4834, Accuracy: 79.05%, AUC: 0.78 - [VAL] Loss: 0.5001, Accuracy: 78.49%, AUC: 0.78
Epoch [99/100] - [TRAIN] Loss: 0.4842, Accuracy: 79.02%, AUC: 0.78 - [VAL] Loss: 0.5018, Accuracy: 78.49%, AUC: 0.78
Epoch [100/100] - [TRAIN] Loss: 0.4841, Accuracy: 79.21%, AUC: 0.78 - [VAL] Loss: 0.5007, Accuracy: 78.50%, AUC: 0.78
Training finished!
Accuracy Score on test set: 78.83 %
AUC Score on test set: 0.78
Item: H3K9ac-H3K4me3-H3K9me3
Train set shape: (7399, 3, 4000) (7399,)
Validation set shape: (7377, 3, 4000) (7377,)
Test set shape: (7378, 3, 4000) (7378,)
New best model saved with validation metric: 19.4242
Epoch [1/100] - [TRAIN] Loss: 0.6542, Accuracy: 60.82%, AUC: 0.50 - [VAL] Loss: 0.6251, Accuracy: 60.82%, AUC: 0.50
Epoch [2/100] - [TRAIN] Loss: 0.6066, Accuracy: 60.82%, AUC: 0.50 - [VAL] Loss: 0.5817, Accuracy: 60.82%, AUC: 0.50
New best model saved with validation metric: 24.9048
Epoch [3/100] - [TRAIN] Loss: 0.5709, Accuracy: 64.10%, AUC: 0.55 - [VAL] Loss: 0.5510, Accuracy: 77.99%, AUC: 0.76
New best model saved with validation metric: 25.0087
Epoch [4/100] - [TRAIN] Loss: 0.5488, Accuracy: 78.06%, AUC: 0.76 - [VAL] Loss: 0.5352, Accuracy: 78.31%, AUC: 0.77
Epoch [5/100] - [TRAIN] Loss: 0.5354, Accuracy: 78.24%, AUC: 0.77 - [VAL] Loss: 0.5266, Accuracy: 78.05%, AUC: 0.77
Epoch [6/100] - [TRAIN] Loss: 0.5290, Accuracy: 78.05%, AUC: 0.77 - [VAL] Loss: 0.5210, Accuracy: 78.07%, AUC: 0.78
Epoch [7/100] - [TRAIN] Loss: 0.5242, Accuracy: 78.05%, AUC: 0.77 - [VAL] Loss: 0.5178, Accuracy: 77.69%, AUC: 0.77
Epoch [8/100] - [TRAIN] Loss: 0.5202, Accuracy: 77.94%, AUC: 0.77 - [VAL] Loss: 0.5146, Accuracy: 77.76%, AUC: 0.77
Epoch [9/100] - [TRAIN] Loss: 0.5183, Accuracy: 78.01%, AUC: 0.78 - [VAL] Loss: 0.5127, Accuracy: 77.71%, AUC: 0.78
Epoch [10/100] - [TRAIN] Loss: 0.5158, Accuracy: 78.01%, AUC: 0.77 - [VAL] Loss: 0.5118, Accuracy: 77.57%, AUC: 0.78
Epoch [11/100] - [TRAIN] Loss: 0.5134, Accuracy: 78.06%, AUC: 0.78 - [VAL] Loss: 0.5100, Accuracy: 77.69%, AUC: 0.78
Epoch [12/100] - [TRAIN] Loss: 0.5115, Accuracy: 78.13%, AUC: 0.78 - [VAL] Loss: 0.5086, Accuracy: 77.74%, AUC: 0.78
Epoch [13/100] - [TRAIN] Loss: 0.5100, Accuracy: 78.06%, AUC: 0.78 - [VAL] Loss: 0.5075, Accuracy: 77.90%, AUC: 0.78
Epoch [14/100] - [TRAIN] Loss: 0.5085, Accuracy: 78.13%, AUC: 0.78 - [VAL] Loss: 0.5074, Accuracy: 77.76%, AUC: 0.78
Epoch [15/100] - [TRAIN] Loss: 0.5072, Accuracy: 78.21%, AUC: 0.78 - [VAL] Loss: 0.5060, Accuracy: 77.93%, AUC: 0.78
Epoch [16/100] - [TRAIN] Loss: 0.5067, Accuracy: 78.17%, AUC: 0.78 - [VAL] Loss: 0.5056, Accuracy: 77.85%, AUC: 0.78
Epoch [17/100] - [TRAIN] Loss: 0.5056, Accuracy: 78.23%, AUC: 0.78 - [VAL] Loss: 0.5047, Accuracy: 78.03%, AUC: 0.78
Epoch [18/100] - [TRAIN] Loss: 0.5056, Accuracy: 78.32%, AUC: 0.78 - [VAL] Loss: 0.5046, Accuracy: 77.99%, AUC: 0.78
Epoch [19/100] - [TRAIN] Loss: 0.5052, Accuracy: 78.25%, AUC: 0.78 - [VAL] Loss: 0.5041, Accuracy: 78.01%, AUC: 0.78
Epoch [20/100] - [TRAIN] Loss: 0.5034, Accuracy: 78.29%, AUC: 0.78 - [VAL] Loss: 0.5036, Accuracy: 78.08%, AUC: 0.78
Epoch [21/100] - [TRAIN] Loss: 0.5028, Accuracy: 78.28%, AUC: 0.78 - [VAL] Loss: 0.5032, Accuracy: 78.09%, AUC: 0.78
Epoch [22/100] - [TRAIN] Loss: 0.5036, Accuracy: 78.40%, AUC: 0.78 - [VAL] Loss: 0.5030, Accuracy: 78.15%, AUC: 0.78
Epoch [23/100] - [TRAIN] Loss: 0.5010, Accuracy: 78.38%, AUC: 0.78 - [VAL] Loss: 0.5025, Accuracy: 78.13%, AUC: 0.78
Epoch [24/100] - [TRAIN] Loss: 0.5014, Accuracy: 78.32%, AUC: 0.78 - [VAL] Loss: 0.5024, Accuracy: 78.16%, AUC: 0.78
Epoch [25/100] - [TRAIN] Loss: 0.5003, Accuracy: 78.50%, AUC: 0.78 - [VAL] Loss: 0.5022, Accuracy: 78.18%, AUC: 0.78
Epoch [26/100] - [TRAIN] Loss: 0.4997, Accuracy: 78.58%, AUC: 0.78 - [VAL] Loss: 0.5024, Accuracy: 78.12%, AUC: 0.78
Epoch [27/100] - [TRAIN] Loss: 0.4997, Accuracy: 78.47%, AUC: 0.78 - [VAL] Loss: 0.5019, Accuracy: 78.22%, AUC: 0.78
Epoch [28/100] - [TRAIN] Loss: 0.5000, Accuracy: 78.61%, AUC: 0.78 - [VAL] Loss: 0.5012, Accuracy: 78.22%, AUC: 0.78
Epoch [29/100] - [TRAIN] Loss: 0.5001, Accuracy: 78.55%, AUC: 0.78 - [VAL] Loss: 0.5008, Accuracy: 78.23%, AUC: 0.78
Epoch [30/100] - [TRAIN] Loss: 0.4990, Accuracy: 78.52%, AUC: 0.78 - [VAL] Loss: 0.5010, Accuracy: 78.23%, AUC: 0.78
Epoch [31/100] - [TRAIN] Loss: 0.4978, Accuracy: 78.56%, AUC: 0.78 - [VAL] Loss: 0.5004, Accuracy: 78.28%, AUC: 0.78
Epoch [32/100] - [TRAIN] Loss: 0.4988, Accuracy: 78.58%, AUC: 0.78 - [VAL] Loss: 0.5011, Accuracy: 78.27%, AUC: 0.78
Epoch [33/100] - [TRAIN] Loss: 0.4979, Accuracy: 78.63%, AUC: 0.78 - [VAL] Loss: 0.5005, Accuracy: 78.30%, AUC: 0.78
Epoch [34/100] - [TRAIN] Loss: 0.4967, Accuracy: 78.54%, AUC: 0.78 - [VAL] Loss: 0.5005, Accuracy: 78.28%, AUC: 0.78
Epoch [35/100] - [TRAIN] Loss: 0.4964, Accuracy: 78.73%, AUC: 0.78 - [VAL] Loss: 0.5001, Accuracy: 78.23%, AUC: 0.78
Epoch [36/100] - [TRAIN] Loss: 0.4962, Accuracy: 78.56%, AUC: 0.78 - [VAL] Loss: 0.5001, Accuracy: 78.24%, AUC: 0.78
Epoch [37/100] - [TRAIN] Loss: 0.4976, Accuracy: 78.61%, AUC: 0.78 - [VAL] Loss: 0.4997, Accuracy: 78.28%, AUC: 0.78
Epoch [38/100] - [TRAIN] Loss: 0.4961, Accuracy: 78.56%, AUC: 0.78 - [VAL] Loss: 0.5007, Accuracy: 78.31%, AUC: 0.78
Epoch [39/100] - [TRAIN] Loss: 0.4957, Accuracy: 78.66%, AUC: 0.78 - [VAL] Loss: 0.5004, Accuracy: 78.30%, AUC: 0.78
Epoch [40/100] - [TRAIN] Loss: 0.4962, Accuracy: 78.73%, AUC: 0.78 - [VAL] Loss: 0.4996, Accuracy: 78.30%, AUC: 0.78
Epoch [41/100] - [TRAIN] Loss: 0.4958, Accuracy: 78.82%, AUC: 0.78 - [VAL] Loss: 0.4996, Accuracy: 78.28%, AUC: 0.78
Epoch [42/100] - [TRAIN] Loss: 0.4964, Accuracy: 78.62%, AUC: 0.78 - [VAL] Loss: 0.4993, Accuracy: 78.27%, AUC: 0.78
Epoch [43/100] - [TRAIN] Loss: 0.4968, Accuracy: 78.65%, AUC: 0.78 - [VAL] Loss: 0.4993, Accuracy: 78.24%, AUC: 0.78
Epoch [44/100] - [TRAIN] Loss: 0.4946, Accuracy: 78.79%, AUC: 0.78 - [VAL] Loss: 0.4995, Accuracy: 78.31%, AUC: 0.78
New best model saved with validation metric: 25.0173
Epoch [45/100] - [TRAIN] Loss: 0.4946, Accuracy: 78.67%, AUC: 0.78 - [VAL] Loss: 0.4995, Accuracy: 78.34%, AUC: 0.78
Epoch [46/100] - [TRAIN] Loss: 0.4952, Accuracy: 78.88%, AUC: 0.78 - [VAL] Loss: 0.4989, Accuracy: 78.31%, AUC: 0.78
Epoch [47/100] - [TRAIN] Loss: 0.4944, Accuracy: 78.78%, AUC: 0.78 - [VAL] Loss: 0.5003, Accuracy: 78.27%, AUC: 0.78
Epoch [48/100] - [TRAIN] Loss: 0.4927, Accuracy: 78.77%, AUC: 0.78 - [VAL] Loss: 0.4989, Accuracy: 78.30%, AUC: 0.78
Epoch [49/100] - [TRAIN] Loss: 0.4935, Accuracy: 78.71%, AUC: 0.78 - [VAL] Loss: 0.4989, Accuracy: 78.26%, AUC: 0.78
Epoch [50/100] - [TRAIN] Loss: 0.4932, Accuracy: 78.85%, AUC: 0.78 - [VAL] Loss: 0.4994, Accuracy: 78.30%, AUC: 0.78
New best model saved with validation metric: 25.0216
Epoch [51/100] - [TRAIN] Loss: 0.4933, Accuracy: 78.82%, AUC: 0.78 - [VAL] Loss: 0.4987, Accuracy: 78.35%, AUC: 0.78
Epoch [52/100] - [TRAIN] Loss: 0.4945, Accuracy: 78.70%, AUC: 0.78 - [VAL] Loss: 0.5009, Accuracy: 78.24%, AUC: 0.78
New best model saved with validation metric: 25.0346
Epoch [53/100] - [TRAIN] Loss: 0.4925, Accuracy: 78.70%, AUC: 0.78 - [VAL] Loss: 0.4991, Accuracy: 78.39%, AUC: 0.78
Epoch [54/100] - [TRAIN] Loss: 0.4930, Accuracy: 78.82%, AUC: 0.78 - [VAL] Loss: 0.4992, Accuracy: 78.27%, AUC: 0.78
Epoch [55/100] - [TRAIN] Loss: 0.4911, Accuracy: 78.79%, AUC: 0.78 - [VAL] Loss: 0.4995, Accuracy: 78.30%, AUC: 0.78
Epoch [56/100] - [TRAIN] Loss: 0.4910, Accuracy: 78.88%, AUC: 0.78 - [VAL] Loss: 0.5001, Accuracy: 78.28%, AUC: 0.78
Epoch [57/100] - [TRAIN] Loss: 0.4924, Accuracy: 78.67%, AUC: 0.78 - [VAL] Loss: 0.4987, Accuracy: 78.30%, AUC: 0.78
Epoch [58/100] - [TRAIN] Loss: 0.4912, Accuracy: 78.69%, AUC: 0.78 - [VAL] Loss: 0.4987, Accuracy: 78.31%, AUC: 0.78
Epoch [59/100] - [TRAIN] Loss: 0.4920, Accuracy: 78.88%, AUC: 0.78 - [VAL] Loss: 0.4988, Accuracy: 78.34%, AUC: 0.78
Epoch [60/100] - [TRAIN] Loss: 0.4911, Accuracy: 78.89%, AUC: 0.78 - [VAL] Loss: 0.4998, Accuracy: 78.24%, AUC: 0.78
Epoch [61/100] - [TRAIN] Loss: 0.4904, Accuracy: 78.83%, AUC: 0.78 - [VAL] Loss: 0.5014, Accuracy: 78.32%, AUC: 0.78
Epoch [62/100] - [TRAIN] Loss: 0.4915, Accuracy: 78.73%, AUC: 0.78 - [VAL] Loss: 0.4988, Accuracy: 78.32%, AUC: 0.78
Epoch [63/100] - [TRAIN] Loss: 0.4895, Accuracy: 78.81%, AUC: 0.78 - [VAL] Loss: 0.4986, Accuracy: 78.35%, AUC: 0.78
Epoch [64/100] - [TRAIN] Loss: 0.4909, Accuracy: 78.81%, AUC: 0.78 - [VAL] Loss: 0.4987, Accuracy: 78.37%, AUC: 0.78
Epoch [65/100] - [TRAIN] Loss: 0.4900, Accuracy: 78.78%, AUC: 0.78 - [VAL] Loss: 0.4991, Accuracy: 78.35%, AUC: 0.78
Epoch [66/100] - [TRAIN] Loss: 0.4907, Accuracy: 78.86%, AUC: 0.78 - [VAL] Loss: 0.4998, Accuracy: 78.32%, AUC: 0.78
Epoch [67/100] - [TRAIN] Loss: 0.4908, Accuracy: 78.81%, AUC: 0.78 - [VAL] Loss: 0.4988, Accuracy: 78.37%, AUC: 0.78
Epoch [68/100] - [TRAIN] Loss: 0.4893, Accuracy: 78.93%, AUC: 0.78 - [VAL] Loss: 0.4994, Accuracy: 78.35%, AUC: 0.78
Epoch [69/100] - [TRAIN] Loss: 0.4881, Accuracy: 78.93%, AUC: 0.78 - [VAL] Loss: 0.4997, Accuracy: 78.32%, AUC: 0.78
Epoch [70/100] - [TRAIN] Loss: 0.4881, Accuracy: 78.90%, AUC: 0.78 - [VAL] Loss: 0.4991, Accuracy: 78.39%, AUC: 0.78
Epoch [71/100] - [TRAIN] Loss: 0.4884, Accuracy: 78.82%, AUC: 0.78 - [VAL] Loss: 0.4989, Accuracy: 78.38%, AUC: 0.78
Epoch [72/100] - [TRAIN] Loss: 0.4885, Accuracy: 78.88%, AUC: 0.78 - [VAL] Loss: 0.4990, Accuracy: 78.37%, AUC: 0.78
New best model saved with validation metric: 25.0390
Epoch [73/100] - [TRAIN] Loss: 0.4892, Accuracy: 79.00%, AUC: 0.78 - [VAL] Loss: 0.4992, Accuracy: 78.41%, AUC: 0.78
New best model saved with validation metric: 25.0563
Epoch [74/100] - [TRAIN] Loss: 0.4889, Accuracy: 78.89%, AUC: 0.78 - [VAL] Loss: 0.4994, Accuracy: 78.46%, AUC: 0.78
Epoch [75/100] - [TRAIN] Loss: 0.4875, Accuracy: 78.89%, AUC: 0.78 - [VAL] Loss: 0.4991, Accuracy: 78.37%, AUC: 0.78
Epoch [76/100] - [TRAIN] Loss: 0.4875, Accuracy: 78.96%, AUC: 0.78 - [VAL] Loss: 0.4993, Accuracy: 78.43%, AUC: 0.78
Epoch [77/100] - [TRAIN] Loss: 0.4886, Accuracy: 78.81%, AUC: 0.78 - [VAL] Loss: 0.4992, Accuracy: 78.39%, AUC: 0.78
Epoch [78/100] - [TRAIN] Loss: 0.4884, Accuracy: 78.90%, AUC: 0.78 - [VAL] Loss: 0.4994, Accuracy: 78.39%, AUC: 0.78
Epoch [79/100] - [TRAIN] Loss: 0.4881, Accuracy: 78.96%, AUC: 0.78 - [VAL] Loss: 0.5020, Accuracy: 78.35%, AUC: 0.78
Epoch [80/100] - [TRAIN] Loss: 0.4887, Accuracy: 78.88%, AUC: 0.78 - [VAL] Loss: 0.4997, Accuracy: 78.38%, AUC: 0.78
Epoch [81/100] - [TRAIN] Loss: 0.4866, Accuracy: 79.00%, AUC: 0.78 - [VAL] Loss: 0.5009, Accuracy: 78.42%, AUC: 0.78
Epoch [82/100] - [TRAIN] Loss: 0.4854, Accuracy: 78.90%, AUC: 0.78 - [VAL] Loss: 0.4995, Accuracy: 78.39%, AUC: 0.78
Epoch [83/100] - [TRAIN] Loss: 0.4877, Accuracy: 78.93%, AUC: 0.78 - [VAL] Loss: 0.4995, Accuracy: 78.45%, AUC: 0.78
Epoch [84/100] - [TRAIN] Loss: 0.4853, Accuracy: 78.90%, AUC: 0.78 - [VAL] Loss: 0.5000, Accuracy: 78.43%, AUC: 0.78
Epoch [85/100] - [TRAIN] Loss: 0.4852, Accuracy: 78.90%, AUC: 0.78 - [VAL] Loss: 0.5023, Accuracy: 78.32%, AUC: 0.78
Epoch [86/100] - [TRAIN] Loss: 0.4861, Accuracy: 78.89%, AUC: 0.78 - [VAL] Loss: 0.5014, Accuracy: 78.38%, AUC: 0.78
Epoch [87/100] - [TRAIN] Loss: 0.4864, Accuracy: 78.97%, AUC: 0.78 - [VAL] Loss: 0.5015, Accuracy: 78.46%, AUC: 0.78
Epoch [88/100] - [TRAIN] Loss: 0.4857, Accuracy: 78.94%, AUC: 0.78 - [VAL] Loss: 0.4996, Accuracy: 78.46%, AUC: 0.78
Epoch [89/100] - [TRAIN] Loss: 0.4854, Accuracy: 78.96%, AUC: 0.78 - [VAL] Loss: 0.5002, Accuracy: 78.41%, AUC: 0.78
Epoch [90/100] - [TRAIN] Loss: 0.4850, Accuracy: 78.89%, AUC: 0.78 - [VAL] Loss: 0.5002, Accuracy: 78.41%, AUC: 0.78
Epoch [91/100] - [TRAIN] Loss: 0.4846, Accuracy: 79.00%, AUC: 0.78 - [VAL] Loss: 0.5016, Accuracy: 78.39%, AUC: 0.78
Epoch [92/100] - [TRAIN] Loss: 0.4860, Accuracy: 79.06%, AUC: 0.78 - [VAL] Loss: 0.5003, Accuracy: 78.42%, AUC: 0.78
Epoch [93/100] - [TRAIN] Loss: 0.4849, Accuracy: 78.92%, AUC: 0.78 - [VAL] Loss: 0.5003, Accuracy: 78.43%, AUC: 0.78
Epoch [94/100] - [TRAIN] Loss: 0.4858, Accuracy: 78.93%, AUC: 0.78 - [VAL] Loss: 0.4999, Accuracy: 78.39%, AUC: 0.78
New best model saved with validation metric: 25.0779
Epoch [95/100] - [TRAIN] Loss: 0.4839, Accuracy: 78.90%, AUC: 0.78 - [VAL] Loss: 0.5000, Accuracy: 78.53%, AUC: 0.78
Epoch [96/100] - [TRAIN] Loss: 0.4842, Accuracy: 78.89%, AUC: 0.78 - [VAL] Loss: 0.5047, Accuracy: 78.37%, AUC: 0.78
Epoch [97/100] - [TRAIN] Loss: 0.4838, Accuracy: 79.00%, AUC: 0.78 - [VAL] Loss: 0.5002, Accuracy: 78.53%, AUC: 0.78
Epoch [98/100] - [TRAIN] Loss: 0.4833, Accuracy: 78.94%, AUC: 0.78 - [VAL] Loss: 0.5004, Accuracy: 78.51%, AUC: 0.78
Epoch [99/100] - [TRAIN] Loss: 0.4838, Accuracy: 78.97%, AUC: 0.78 - [VAL] Loss: 0.5003, Accuracy: 78.49%, AUC: 0.78
Epoch [100/100] - [TRAIN] Loss: 0.4832, Accuracy: 79.00%, AUC: 0.78 - [VAL] Loss: 0.5007, Accuracy: 78.46%, AUC: 0.78
Training finished!
Accuracy Score on test set: 78.71 %
AUC Score on test set: 0.78
Item: H3K9ac-H3K9me3-H3K4me3
Train set shape: (7399, 3, 4000) (7399,)
Validation set shape: (7377, 3, 4000) (7377,)
Test set shape: (7378, 3, 4000) (7378,)
New best model saved with validation metric: 19.4242
Epoch [1/100] - [TRAIN] Loss: 0.6592, Accuracy: 60.40%, AUC: 0.54 - [VAL] Loss: 0.6215, Accuracy: 60.82%, AUC: 0.50
Epoch [2/100] - [TRAIN] Loss: 0.6019, Accuracy: 60.82%, AUC: 0.50 - [VAL] Loss: 0.5806, Accuracy: 60.82%, AUC: 0.50
New best model saved with validation metric: 24.7706
Epoch [3/100] - [TRAIN] Loss: 0.5693, Accuracy: 65.06%, AUC: 0.57 - [VAL] Loss: 0.5533, Accuracy: 77.57%, AUC: 0.76
New best model saved with validation metric: 24.9307
Epoch [4/100] - [TRAIN] Loss: 0.5486, Accuracy: 77.59%, AUC: 0.76 - [VAL] Loss: 0.5369, Accuracy: 78.07%, AUC: 0.77
Epoch [5/100] - [TRAIN] Loss: 0.5378, Accuracy: 78.09%, AUC: 0.77 - [VAL] Loss: 0.5294, Accuracy: 77.90%, AUC: 0.77
Epoch [6/100] - [TRAIN] Loss: 0.5314, Accuracy: 78.12%, AUC: 0.77 - [VAL] Loss: 0.5252, Accuracy: 77.81%, AUC: 0.77
Epoch [7/100] - [TRAIN] Loss: 0.5266, Accuracy: 78.08%, AUC: 0.77 - [VAL] Loss: 0.5223, Accuracy: 77.73%, AUC: 0.78
Epoch [8/100] - [TRAIN] Loss: 0.5240, Accuracy: 77.88%, AUC: 0.77 - [VAL] Loss: 0.5197, Accuracy: 77.76%, AUC: 0.78
Epoch [9/100] - [TRAIN] Loss: 0.5208, Accuracy: 77.98%, AUC: 0.77 - [VAL] Loss: 0.5172, Accuracy: 77.81%, AUC: 0.78
Epoch [10/100] - [TRAIN] Loss: 0.5193, Accuracy: 78.27%, AUC: 0.78 - [VAL] Loss: 0.5157, Accuracy: 77.81%, AUC: 0.78
Epoch [11/100] - [TRAIN] Loss: 0.5179, Accuracy: 78.11%, AUC: 0.78 - [VAL] Loss: 0.5149, Accuracy: 77.69%, AUC: 0.78
Epoch [12/100] - [TRAIN] Loss: 0.5160, Accuracy: 78.11%, AUC: 0.78 - [VAL] Loss: 0.5135, Accuracy: 77.77%, AUC: 0.78
Epoch [13/100] - [TRAIN] Loss: 0.5145, Accuracy: 78.06%, AUC: 0.78 - [VAL] Loss: 0.5121, Accuracy: 77.90%, AUC: 0.78
Epoch [14/100] - [TRAIN] Loss: 0.5155, Accuracy: 78.17%, AUC: 0.78 - [VAL] Loss: 0.5124, Accuracy: 77.70%, AUC: 0.78
Epoch [15/100] - [TRAIN] Loss: 0.5132, Accuracy: 78.20%, AUC: 0.78 - [VAL] Loss: 0.5116, Accuracy: 77.73%, AUC: 0.78
Epoch [16/100] - [TRAIN] Loss: 0.5111, Accuracy: 78.13%, AUC: 0.78 - [VAL] Loss: 0.5100, Accuracy: 77.84%, AUC: 0.78
Epoch [17/100] - [TRAIN] Loss: 0.5098, Accuracy: 78.28%, AUC: 0.78 - [VAL] Loss: 0.5096, Accuracy: 77.89%, AUC: 0.78
Epoch [18/100] - [TRAIN] Loss: 0.5091, Accuracy: 78.27%, AUC: 0.78 - [VAL] Loss: 0.5090, Accuracy: 77.88%, AUC: 0.78
Epoch [19/100] - [TRAIN] Loss: 0.5088, Accuracy: 78.19%, AUC: 0.78 - [VAL] Loss: 0.5083, Accuracy: 77.96%, AUC: 0.78
Epoch [20/100] - [TRAIN] Loss: 0.5082, Accuracy: 78.36%, AUC: 0.78 - [VAL] Loss: 0.5077, Accuracy: 78.07%, AUC: 0.78
Epoch [21/100] - [TRAIN] Loss: 0.5064, Accuracy: 78.38%, AUC: 0.78 - [VAL] Loss: 0.5074, Accuracy: 78.01%, AUC: 0.78
Epoch [22/100] - [TRAIN] Loss: 0.5074, Accuracy: 78.35%, AUC: 0.78 - [VAL] Loss: 0.5075, Accuracy: 77.94%, AUC: 0.78
New best model saved with validation metric: 24.9610
Epoch [23/100] - [TRAIN] Loss: 0.5055, Accuracy: 78.31%, AUC: 0.78 - [VAL] Loss: 0.5064, Accuracy: 78.16%, AUC: 0.78
Epoch [24/100] - [TRAIN] Loss: 0.5048, Accuracy: 78.44%, AUC: 0.78 - [VAL] Loss: 0.5066, Accuracy: 78.01%, AUC: 0.78
Epoch [25/100] - [TRAIN] Loss: 0.5054, Accuracy: 78.29%, AUC: 0.78 - [VAL] Loss: 0.5056, Accuracy: 78.13%, AUC: 0.78
Epoch [26/100] - [TRAIN] Loss: 0.5045, Accuracy: 78.40%, AUC: 0.78 - [VAL] Loss: 0.5052, Accuracy: 78.05%, AUC: 0.78
Epoch [27/100] - [TRAIN] Loss: 0.5032, Accuracy: 78.50%, AUC: 0.78 - [VAL] Loss: 0.5055, Accuracy: 78.05%, AUC: 0.78
Epoch [28/100] - [TRAIN] Loss: 0.5031, Accuracy: 78.33%, AUC: 0.78 - [VAL] Loss: 0.5046, Accuracy: 78.07%, AUC: 0.78
Epoch [29/100] - [TRAIN] Loss: 0.5030, Accuracy: 78.50%, AUC: 0.78 - [VAL] Loss: 0.5051, Accuracy: 78.11%, AUC: 0.78
Epoch [30/100] - [TRAIN] Loss: 0.5036, Accuracy: 78.54%, AUC: 0.78 - [VAL] Loss: 0.5042, Accuracy: 78.11%, AUC: 0.78
Epoch [31/100] - [TRAIN] Loss: 0.5020, Accuracy: 78.47%, AUC: 0.78 - [VAL] Loss: 0.5039, Accuracy: 78.11%, AUC: 0.78
Epoch [32/100] - [TRAIN] Loss: 0.5012, Accuracy: 78.58%, AUC: 0.78 - [VAL] Loss: 0.5037, Accuracy: 78.09%, AUC: 0.78
Epoch [33/100] - [TRAIN] Loss: 0.5001, Accuracy: 78.50%, AUC: 0.78 - [VAL] Loss: 0.5035, Accuracy: 78.15%, AUC: 0.78
Epoch [34/100] - [TRAIN] Loss: 0.5007, Accuracy: 78.58%, AUC: 0.78 - [VAL] Loss: 0.5032, Accuracy: 78.11%, AUC: 0.78
Epoch [35/100] - [TRAIN] Loss: 0.4996, Accuracy: 78.67%, AUC: 0.78 - [VAL] Loss: 0.5031, Accuracy: 78.15%, AUC: 0.78
Epoch [36/100] - [TRAIN] Loss: 0.5001, Accuracy: 78.61%, AUC: 0.78 - [VAL] Loss: 0.5027, Accuracy: 78.12%, AUC: 0.78
Epoch [37/100] - [TRAIN] Loss: 0.4984, Accuracy: 78.63%, AUC: 0.78 - [VAL] Loss: 0.5025, Accuracy: 78.13%, AUC: 0.78
Epoch [38/100] - [TRAIN] Loss: 0.4985, Accuracy: 78.51%, AUC: 0.78 - [VAL] Loss: 0.5023, Accuracy: 78.16%, AUC: 0.78
New best model saved with validation metric: 24.9740
Epoch [39/100] - [TRAIN] Loss: 0.4989, Accuracy: 78.67%, AUC: 0.78 - [VAL] Loss: 0.5026, Accuracy: 78.20%, AUC: 0.78
Epoch [40/100] - [TRAIN] Loss: 0.4990, Accuracy: 78.69%, AUC: 0.78 - [VAL] Loss: 0.5029, Accuracy: 78.15%, AUC: 0.78
Epoch [41/100] - [TRAIN] Loss: 0.4974, Accuracy: 78.65%, AUC: 0.78 - [VAL] Loss: 0.5020, Accuracy: 78.20%, AUC: 0.78
Epoch [42/100] - [TRAIN] Loss: 0.4965, Accuracy: 78.63%, AUC: 0.78 - [VAL] Loss: 0.5017, Accuracy: 78.19%, AUC: 0.78
Epoch [43/100] - [TRAIN] Loss: 0.4979, Accuracy: 78.67%, AUC: 0.78 - [VAL] Loss: 0.5017, Accuracy: 78.19%, AUC: 0.78
Epoch [44/100] - [TRAIN] Loss: 0.4968, Accuracy: 78.79%, AUC: 0.78 - [VAL] Loss: 0.5013, Accuracy: 78.15%, AUC: 0.77
Epoch [45/100] - [TRAIN] Loss: 0.4959, Accuracy: 78.78%, AUC: 0.78 - [VAL] Loss: 0.5037, Accuracy: 78.18%, AUC: 0.78
Epoch [46/100] - [TRAIN] Loss: 0.4959, Accuracy: 78.75%, AUC: 0.78 - [VAL] Loss: 0.5016, Accuracy: 78.19%, AUC: 0.78
New best model saved with validation metric: 24.9784
Epoch [47/100] - [TRAIN] Loss: 0.4954, Accuracy: 78.77%, AUC: 0.78 - [VAL] Loss: 0.5016, Accuracy: 78.22%, AUC: 0.78
New best model saved with validation metric: 24.9870
Epoch [48/100] - [TRAIN] Loss: 0.4961, Accuracy: 78.79%, AUC: 0.78 - [VAL] Loss: 0.5014, Accuracy: 78.24%, AUC: 0.78
New best model saved with validation metric: 24.9957
Epoch [49/100] - [TRAIN] Loss: 0.4949, Accuracy: 78.81%, AUC: 0.78 - [VAL] Loss: 0.5016, Accuracy: 78.27%, AUC: 0.78
Epoch [50/100] - [TRAIN] Loss: 0.4953, Accuracy: 78.86%, AUC: 0.78 - [VAL] Loss: 0.5009, Accuracy: 78.19%, AUC: 0.78
Epoch [51/100] - [TRAIN] Loss: 0.4942, Accuracy: 78.75%, AUC: 0.78 - [VAL] Loss: 0.5012, Accuracy: 78.20%, AUC: 0.78
Epoch [52/100] - [TRAIN] Loss: 0.4946, Accuracy: 78.83%, AUC: 0.78 - [VAL] Loss: 0.5013, Accuracy: 78.26%, AUC: 0.78
Epoch [53/100] - [TRAIN] Loss: 0.4939, Accuracy: 78.77%, AUC: 0.78 - [VAL] Loss: 0.5014, Accuracy: 78.26%, AUC: 0.78
Epoch [54/100] - [TRAIN] Loss: 0.4927, Accuracy: 78.81%, AUC: 0.78 - [VAL] Loss: 0.5010, Accuracy: 78.23%, AUC: 0.78
Epoch [55/100] - [TRAIN] Loss: 0.4925, Accuracy: 78.82%, AUC: 0.78 - [VAL] Loss: 0.5008, Accuracy: 78.22%, AUC: 0.78
Epoch [56/100] - [TRAIN] Loss: 0.4925, Accuracy: 78.82%, AUC: 0.78 - [VAL] Loss: 0.5003, Accuracy: 78.23%, AUC: 0.77
Epoch [57/100] - [TRAIN] Loss: 0.4932, Accuracy: 78.79%, AUC: 0.78 - [VAL] Loss: 0.5016, Accuracy: 78.24%, AUC: 0.78
Epoch [58/100] - [TRAIN] Loss: 0.4929, Accuracy: 78.78%, AUC: 0.78 - [VAL] Loss: 0.5001, Accuracy: 78.23%, AUC: 0.78
Epoch [59/100] - [TRAIN] Loss: 0.4919, Accuracy: 78.82%, AUC: 0.78 - [VAL] Loss: 0.5005, Accuracy: 78.26%, AUC: 0.78
Epoch [60/100] - [TRAIN] Loss: 0.4913, Accuracy: 78.74%, AUC: 0.78 - [VAL] Loss: 0.5002, Accuracy: 78.16%, AUC: 0.78
Epoch [61/100] - [TRAIN] Loss: 0.4904, Accuracy: 78.93%, AUC: 0.78 - [VAL] Loss: 0.5008, Accuracy: 78.22%, AUC: 0.78
Epoch [62/100] - [TRAIN] Loss: 0.4906, Accuracy: 78.93%, AUC: 0.78 - [VAL] Loss: 0.5004, Accuracy: 78.26%, AUC: 0.78
Epoch [63/100] - [TRAIN] Loss: 0.4903, Accuracy: 78.78%, AUC: 0.78 - [VAL] Loss: 0.5003, Accuracy: 78.23%, AUC: 0.78
Epoch [64/100] - [TRAIN] Loss: 0.4902, Accuracy: 78.78%, AUC: 0.78 - [VAL] Loss: 0.4999, Accuracy: 78.23%, AUC: 0.78
Epoch [65/100] - [TRAIN] Loss: 0.4903, Accuracy: 78.77%, AUC: 0.78 - [VAL] Loss: 0.4998, Accuracy: 78.24%, AUC: 0.78
New best model saved with validation metric: 25.0043
Epoch [66/100] - [TRAIN] Loss: 0.4897, Accuracy: 78.94%, AUC: 0.78 - [VAL] Loss: 0.5011, Accuracy: 78.30%, AUC: 0.78
Epoch [67/100] - [TRAIN] Loss: 0.4900, Accuracy: 78.86%, AUC: 0.78 - [VAL] Loss: 0.5001, Accuracy: 78.24%, AUC: 0.78
New best model saved with validation metric: 25.0173
Epoch [68/100] - [TRAIN] Loss: 0.4923, Accuracy: 78.89%, AUC: 0.78 - [VAL] Loss: 0.5011, Accuracy: 78.34%, AUC: 0.78
Epoch [69/100] - [TRAIN] Loss: 0.4895, Accuracy: 78.83%, AUC: 0.78 - [VAL] Loss: 0.5001, Accuracy: 78.30%, AUC: 0.78
New best model saved with validation metric: 25.0260
Epoch [70/100] - [TRAIN] Loss: 0.4882, Accuracy: 78.82%, AUC: 0.78 - [VAL] Loss: 0.4998, Accuracy: 78.37%, AUC: 0.78
Epoch [71/100] - [TRAIN] Loss: 0.4884, Accuracy: 78.86%, AUC: 0.78 - [VAL] Loss: 0.4998, Accuracy: 78.34%, AUC: 0.78
Epoch [72/100] - [TRAIN] Loss: 0.4898, Accuracy: 78.85%, AUC: 0.78 - [VAL] Loss: 0.5005, Accuracy: 78.34%, AUC: 0.78
Epoch [73/100] - [TRAIN] Loss: 0.4887, Accuracy: 78.89%, AUC: 0.78 - [VAL] Loss: 0.5001, Accuracy: 78.32%, AUC: 0.78
New best model saved with validation metric: 25.0346
Epoch [74/100] - [TRAIN] Loss: 0.4885, Accuracy: 78.92%, AUC: 0.78 - [VAL] Loss: 0.5003, Accuracy: 78.39%, AUC: 0.78
Epoch [75/100] - [TRAIN] Loss: 0.4886, Accuracy: 78.77%, AUC: 0.78 - [VAL] Loss: 0.4999, Accuracy: 78.38%, AUC: 0.78
New best model saved with validation metric: 25.0433
Epoch [76/100] - [TRAIN] Loss: 0.4875, Accuracy: 78.79%, AUC: 0.78 - [VAL] Loss: 0.4997, Accuracy: 78.42%, AUC: 0.78
Epoch [77/100] - [TRAIN] Loss: 0.4874, Accuracy: 78.97%, AUC: 0.78 - [VAL] Loss: 0.5005, Accuracy: 78.41%, AUC: 0.78
Epoch [78/100] - [TRAIN] Loss: 0.4868, Accuracy: 78.92%, AUC: 0.78 - [VAL] Loss: 0.5000, Accuracy: 78.41%, AUC: 0.78
Epoch [79/100] - [TRAIN] Loss: 0.4869, Accuracy: 78.97%, AUC: 0.78 - [VAL] Loss: 0.5003, Accuracy: 78.42%, AUC: 0.78
Epoch [80/100] - [TRAIN] Loss: 0.4863, Accuracy: 78.96%, AUC: 0.78 - [VAL] Loss: 0.5000, Accuracy: 78.39%, AUC: 0.78
New best model saved with validation metric: 25.0519
Epoch [81/100] - [TRAIN] Loss: 0.4873, Accuracy: 79.02%, AUC: 0.78 - [VAL] Loss: 0.5012, Accuracy: 78.45%, AUC: 0.78
Epoch [82/100] - [TRAIN] Loss: 0.4880, Accuracy: 78.81%, AUC: 0.78 - [VAL] Loss: 0.5007, Accuracy: 78.42%, AUC: 0.78
New best model saved with validation metric: 25.0563
Epoch [83/100] - [TRAIN] Loss: 0.4853, Accuracy: 79.04%, AUC: 0.78 - [VAL] Loss: 0.5000, Accuracy: 78.46%, AUC: 0.78
Epoch [84/100] - [TRAIN] Loss: 0.4845, Accuracy: 78.97%, AUC: 0.78 - [VAL] Loss: 0.5016, Accuracy: 78.45%, AUC: 0.78
New best model saved with validation metric: 25.0779
Epoch [85/100] - [TRAIN] Loss: 0.4882, Accuracy: 78.79%, AUC: 0.78 - [VAL] Loss: 0.5009, Accuracy: 78.53%, AUC: 0.78
Epoch [86/100] - [TRAIN] Loss: 0.4854, Accuracy: 78.90%, AUC: 0.78 - [VAL] Loss: 0.4999, Accuracy: 78.46%, AUC: 0.78
Epoch [87/100] - [TRAIN] Loss: 0.4847, Accuracy: 79.06%, AUC: 0.78 - [VAL] Loss: 0.5000, Accuracy: 78.49%, AUC: 0.78
Epoch [88/100] - [TRAIN] Loss: 0.4849, Accuracy: 78.93%, AUC: 0.78 - [VAL] Loss: 0.5011, Accuracy: 78.42%, AUC: 0.78
Epoch [89/100] - [TRAIN] Loss: 0.4858, Accuracy: 79.01%, AUC: 0.78 - [VAL] Loss: 0.5005, Accuracy: 78.53%, AUC: 0.78
Epoch [90/100] - [TRAIN] Loss: 0.4850, Accuracy: 78.92%, AUC: 0.78 - [VAL] Loss: 0.4999, Accuracy: 78.43%, AUC: 0.78
Epoch [91/100] - [TRAIN] Loss: 0.4841, Accuracy: 79.11%, AUC: 0.78 - [VAL] Loss: 0.5003, Accuracy: 78.49%, AUC: 0.78
New best model saved with validation metric: 25.0823
Epoch [92/100] - [TRAIN] Loss: 0.4839, Accuracy: 79.05%, AUC: 0.78 - [VAL] Loss: 0.5005, Accuracy: 78.54%, AUC: 0.78
Epoch [93/100] - [TRAIN] Loss: 0.4828, Accuracy: 79.15%, AUC: 0.78 - [VAL] Loss: 0.5006, Accuracy: 78.46%, AUC: 0.78
Epoch [94/100] - [TRAIN] Loss: 0.4838, Accuracy: 79.00%, AUC: 0.78 - [VAL] Loss: 0.5001, Accuracy: 78.49%, AUC: 0.78
Epoch [95/100] - [TRAIN] Loss: 0.4844, Accuracy: 79.17%, AUC: 0.78 - [VAL] Loss: 0.5001, Accuracy: 78.46%, AUC: 0.78
Epoch [96/100] - [TRAIN] Loss: 0.4829, Accuracy: 78.98%, AUC: 0.78 - [VAL] Loss: 0.5006, Accuracy: 78.43%, AUC: 0.78
Epoch [97/100] - [TRAIN] Loss: 0.4842, Accuracy: 79.19%, AUC: 0.78 - [VAL] Loss: 0.4999, Accuracy: 78.47%, AUC: 0.78
Epoch [98/100] - [TRAIN] Loss: 0.4831, Accuracy: 79.12%, AUC: 0.78 - [VAL] Loss: 0.5000, Accuracy: 78.50%, AUC: 0.78
Epoch [99/100] - [TRAIN] Loss: 0.4827, Accuracy: 79.15%, AUC: 0.78 - [VAL] Loss: 0.5003, Accuracy: 78.53%, AUC: 0.78
Epoch [100/100] - [TRAIN] Loss: 0.4826, Accuracy: 79.24%, AUC: 0.78 - [VAL] Loss: 0.5017, Accuracy: 78.45%, AUC: 0.78
Training finished!
Accuracy Score on test set: 78.76 %
AUC Score on test set: 0.78
Item: H3K9me3-H3K4me3-H3K9ac
Train set shape: (7399, 3, 4000) (7399,)
Validation set shape: (7377, 3, 4000) (7377,)
Test set shape: (7378, 3, 4000) (7378,)
New best model saved with validation metric: 19.4242
Epoch [1/100] - [TRAIN] Loss: 0.6579, Accuracy: 60.82%, AUC: 0.50 - [VAL] Loss: 0.6338, Accuracy: 60.82%, AUC: 0.50
Epoch [2/100] - [TRAIN] Loss: 0.6179, Accuracy: 60.82%, AUC: 0.50 - [VAL] Loss: 0.5962, Accuracy: 60.82%, AUC: 0.50
Epoch [3/100] - [TRAIN] Loss: 0.5848, Accuracy: 60.82%, AUC: 0.50 - [VAL] Loss: 0.5659, Accuracy: 60.82%, AUC: 0.50
New best model saved with validation metric: 24.8831
Epoch [4/100] - [TRAIN] Loss: 0.5609, Accuracy: 65.09%, AUC: 0.56 - [VAL] Loss: 0.5484, Accuracy: 77.92%, AUC: 0.76
Epoch [5/100] - [TRAIN] Loss: 0.5473, Accuracy: 77.90%, AUC: 0.76 - [VAL] Loss: 0.5374, Accuracy: 77.86%, AUC: 0.77
Epoch [6/100] - [TRAIN] Loss: 0.5375, Accuracy: 78.15%, AUC: 0.77 - [VAL] Loss: 0.5303, Accuracy: 77.90%, AUC: 0.77
Epoch [7/100] - [TRAIN] Loss: 0.5305, Accuracy: 78.20%, AUC: 0.77 - [VAL] Loss: 0.5250, Accuracy: 77.71%, AUC: 0.77
Epoch [8/100] - [TRAIN] Loss: 0.5258, Accuracy: 78.24%, AUC: 0.78 - [VAL] Loss: 0.5224, Accuracy: 77.73%, AUC: 0.78
Epoch [9/100] - [TRAIN] Loss: 0.5226, Accuracy: 77.97%, AUC: 0.77 - [VAL] Loss: 0.5190, Accuracy: 77.78%, AUC: 0.78
Epoch [10/100] - [TRAIN] Loss: 0.5198, Accuracy: 78.02%, AUC: 0.78 - [VAL] Loss: 0.5167, Accuracy: 77.74%, AUC: 0.78
Epoch [11/100] - [TRAIN] Loss: 0.5173, Accuracy: 78.04%, AUC: 0.78 - [VAL] Loss: 0.5147, Accuracy: 77.78%, AUC: 0.77
Epoch [12/100] - [TRAIN] Loss: 0.5159, Accuracy: 77.92%, AUC: 0.77 - [VAL] Loss: 0.5132, Accuracy: 77.81%, AUC: 0.77
Epoch [13/100] - [TRAIN] Loss: 0.5139, Accuracy: 78.27%, AUC: 0.78 - [VAL] Loss: 0.5126, Accuracy: 77.82%, AUC: 0.78
New best model saved with validation metric: 24.9048
Epoch [14/100] - [TRAIN] Loss: 0.5124, Accuracy: 78.19%, AUC: 0.78 - [VAL] Loss: 0.5111, Accuracy: 77.99%, AUC: 0.78
Epoch [15/100] - [TRAIN] Loss: 0.5108, Accuracy: 78.17%, AUC: 0.78 - [VAL] Loss: 0.5103, Accuracy: 77.99%, AUC: 0.78
Epoch [16/100] - [TRAIN] Loss: 0.5119, Accuracy: 78.28%, AUC: 0.78 - [VAL] Loss: 0.5108, Accuracy: 77.65%, AUC: 0.78
Epoch [17/100] - [TRAIN] Loss: 0.5092, Accuracy: 78.17%, AUC: 0.78 - [VAL] Loss: 0.5089, Accuracy: 77.99%, AUC: 0.78
New best model saved with validation metric: 24.9134
Epoch [18/100] - [TRAIN] Loss: 0.5098, Accuracy: 78.29%, AUC: 0.78 - [VAL] Loss: 0.5087, Accuracy: 78.01%, AUC: 0.78
Epoch [19/100] - [TRAIN] Loss: 0.5075, Accuracy: 78.40%, AUC: 0.78 - [VAL] Loss: 0.5078, Accuracy: 77.99%, AUC: 0.78
New best model saved with validation metric: 24.9351
Epoch [20/100] - [TRAIN] Loss: 0.5090, Accuracy: 78.29%, AUC: 0.78 - [VAL] Loss: 0.5075, Accuracy: 78.08%, AUC: 0.78
New best model saved with validation metric: 24.9394
Epoch [21/100] - [TRAIN] Loss: 0.5063, Accuracy: 78.38%, AUC: 0.78 - [VAL] Loss: 0.5071, Accuracy: 78.09%, AUC: 0.78
Epoch [22/100] - [TRAIN] Loss: 0.5056, Accuracy: 78.27%, AUC: 0.78 - [VAL] Loss: 0.5065, Accuracy: 78.01%, AUC: 0.78
Epoch [23/100] - [TRAIN] Loss: 0.5060, Accuracy: 78.40%, AUC: 0.78 - [VAL] Loss: 0.5062, Accuracy: 78.05%, AUC: 0.78
Epoch [24/100] - [TRAIN] Loss: 0.5052, Accuracy: 78.36%, AUC: 0.78 - [VAL] Loss: 0.5055, Accuracy: 78.08%, AUC: 0.78
Epoch [25/100] - [TRAIN] Loss: 0.5051, Accuracy: 78.51%, AUC: 0.78 - [VAL] Loss: 0.5059, Accuracy: 78.07%, AUC: 0.78
Epoch [26/100] - [TRAIN] Loss: 0.5040, Accuracy: 78.47%, AUC: 0.78 - [VAL] Loss: 0.5053, Accuracy: 78.05%, AUC: 0.78
Epoch [27/100] - [TRAIN] Loss: 0.5039, Accuracy: 78.62%, AUC: 0.78 - [VAL] Loss: 0.5046, Accuracy: 78.08%, AUC: 0.78
Epoch [28/100] - [TRAIN] Loss: 0.5024, Accuracy: 78.40%, AUC: 0.78 - [VAL] Loss: 0.5048, Accuracy: 78.08%, AUC: 0.78
Epoch [29/100] - [TRAIN] Loss: 0.5013, Accuracy: 78.62%, AUC: 0.78 - [VAL] Loss: 0.5050, Accuracy: 78.09%, AUC: 0.78
Epoch [30/100] - [TRAIN] Loss: 0.5008, Accuracy: 78.44%, AUC: 0.78 - [VAL] Loss: 0.5042, Accuracy: 78.01%, AUC: 0.78
New best model saved with validation metric: 24.9654
Epoch [31/100] - [TRAIN] Loss: 0.5009, Accuracy: 78.42%, AUC: 0.78 - [VAL] Loss: 0.5034, Accuracy: 78.18%, AUC: 0.78
Epoch [32/100] - [TRAIN] Loss: 0.5027, Accuracy: 78.62%, AUC: 0.78 - [VAL] Loss: 0.5048, Accuracy: 78.12%, AUC: 0.78
Epoch [33/100] - [TRAIN] Loss: 0.5011, Accuracy: 78.63%, AUC: 0.78 - [VAL] Loss: 0.5028, Accuracy: 78.11%, AUC: 0.78
Epoch [34/100] - [TRAIN] Loss: 0.4991, Accuracy: 78.63%, AUC: 0.78 - [VAL] Loss: 0.5029, Accuracy: 78.12%, AUC: 0.78
Epoch [35/100] - [TRAIN] Loss: 0.4985, Accuracy: 78.63%, AUC: 0.78 - [VAL] Loss: 0.5025, Accuracy: 78.12%, AUC: 0.78
Epoch [36/100] - [TRAIN] Loss: 0.4978, Accuracy: 78.79%, AUC: 0.78 - [VAL] Loss: 0.5038, Accuracy: 78.18%, AUC: 0.78
Epoch [37/100] - [TRAIN] Loss: 0.4975, Accuracy: 78.77%, AUC: 0.78 - [VAL] Loss: 0.5021, Accuracy: 78.13%, AUC: 0.78
Epoch [38/100] - [TRAIN] Loss: 0.4982, Accuracy: 78.70%, AUC: 0.78 - [VAL] Loss: 0.5026, Accuracy: 78.12%, AUC: 0.78
Epoch [39/100] - [TRAIN] Loss: 0.4987, Accuracy: 78.61%, AUC: 0.78 - [VAL] Loss: 0.5042, Accuracy: 78.15%, AUC: 0.78
Epoch [40/100] - [TRAIN] Loss: 0.4976, Accuracy: 78.77%, AUC: 0.78 - [VAL] Loss: 0.5019, Accuracy: 78.16%, AUC: 0.78
Epoch [41/100] - [TRAIN] Loss: 0.4963, Accuracy: 78.71%, AUC: 0.78 - [VAL] Loss: 0.5013, Accuracy: 78.18%, AUC: 0.77
Epoch [42/100] - [TRAIN] Loss: 0.4957, Accuracy: 78.85%, AUC: 0.78 - [VAL] Loss: 0.5017, Accuracy: 78.18%, AUC: 0.78
Epoch [43/100] - [TRAIN] Loss: 0.4964, Accuracy: 78.77%, AUC: 0.78 - [VAL] Loss: 0.5010, Accuracy: 78.18%, AUC: 0.77
Epoch [44/100] - [TRAIN] Loss: 0.4960, Accuracy: 78.79%, AUC: 0.78 - [VAL] Loss: 0.5009, Accuracy: 78.16%, AUC: 0.77
New best model saved with validation metric: 24.9697
Epoch [45/100] - [TRAIN] Loss: 0.4967, Accuracy: 78.83%, AUC: 0.78 - [VAL] Loss: 0.5019, Accuracy: 78.19%, AUC: 0.78
Epoch [46/100] - [TRAIN] Loss: 0.4948, Accuracy: 78.66%, AUC: 0.78 - [VAL] Loss: 0.5013, Accuracy: 78.18%, AUC: 0.78
New best model saved with validation metric: 24.9740
Epoch [47/100] - [TRAIN] Loss: 0.4945, Accuracy: 78.75%, AUC: 0.78 - [VAL] Loss: 0.5008, Accuracy: 78.20%, AUC: 0.78
Epoch [48/100] - [TRAIN] Loss: 0.4954, Accuracy: 78.83%, AUC: 0.78 - [VAL] Loss: 0.5006, Accuracy: 78.13%, AUC: 0.77
Epoch [49/100] - [TRAIN] Loss: 0.4940, Accuracy: 78.79%, AUC: 0.78 - [VAL] Loss: 0.5004, Accuracy: 78.11%, AUC: 0.77
Epoch [50/100] - [TRAIN] Loss: 0.4938, Accuracy: 78.88%, AUC: 0.78 - [VAL] Loss: 0.5006, Accuracy: 78.20%, AUC: 0.78
New best model saved with validation metric: 24.9870
Epoch [51/100] - [TRAIN] Loss: 0.4944, Accuracy: 78.81%, AUC: 0.78 - [VAL] Loss: 0.5001, Accuracy: 78.24%, AUC: 0.77
Epoch [52/100] - [TRAIN] Loss: 0.4935, Accuracy: 78.73%, AUC: 0.78 - [VAL] Loss: 0.5001, Accuracy: 78.19%, AUC: 0.77
Epoch [53/100] - [TRAIN] Loss: 0.4935, Accuracy: 78.83%, AUC: 0.78 - [VAL] Loss: 0.5003, Accuracy: 78.19%, AUC: 0.78
Epoch [54/100] - [TRAIN] Loss: 0.4917, Accuracy: 78.92%, AUC: 0.78 - [VAL] Loss: 0.5003, Accuracy: 78.16%, AUC: 0.78
Epoch [55/100] - [TRAIN] Loss: 0.4916, Accuracy: 78.92%, AUC: 0.78 - [VAL] Loss: 0.5004, Accuracy: 78.22%, AUC: 0.78
Epoch [56/100] - [TRAIN] Loss: 0.4917, Accuracy: 78.86%, AUC: 0.78 - [VAL] Loss: 0.4997, Accuracy: 78.20%, AUC: 0.77
Epoch [57/100] - [TRAIN] Loss: 0.4910, Accuracy: 78.93%, AUC: 0.78 - [VAL] Loss: 0.5000, Accuracy: 78.15%, AUC: 0.77
Epoch [58/100] - [TRAIN] Loss: 0.4913, Accuracy: 78.82%, AUC: 0.78 - [VAL] Loss: 0.5000, Accuracy: 78.16%, AUC: 0.78
Epoch [59/100] - [TRAIN] Loss: 0.4910, Accuracy: 78.88%, AUC: 0.78 - [VAL] Loss: 0.4997, Accuracy: 78.13%, AUC: 0.77
New best model saved with validation metric: 25.0130
Epoch [60/100] - [TRAIN] Loss: 0.4910, Accuracy: 78.92%, AUC: 0.78 - [VAL] Loss: 0.4995, Accuracy: 78.32%, AUC: 0.78
Epoch [61/100] - [TRAIN] Loss: 0.4911, Accuracy: 78.79%, AUC: 0.78 - [VAL] Loss: 0.5003, Accuracy: 78.19%, AUC: 0.78
Epoch [62/100] - [TRAIN] Loss: 0.4899, Accuracy: 78.94%, AUC: 0.78 - [VAL] Loss: 0.5009, Accuracy: 78.31%, AUC: 0.78
Epoch [63/100] - [TRAIN] Loss: 0.4899, Accuracy: 78.78%, AUC: 0.78 - [VAL] Loss: 0.5004, Accuracy: 78.26%, AUC: 0.78
Epoch [64/100] - [TRAIN] Loss: 0.4903, Accuracy: 78.90%, AUC: 0.78 - [VAL] Loss: 0.4994, Accuracy: 78.32%, AUC: 0.78
New best model saved with validation metric: 25.0260
Epoch [65/100] - [TRAIN] Loss: 0.4894, Accuracy: 78.85%, AUC: 0.78 - [VAL] Loss: 0.4994, Accuracy: 78.37%, AUC: 0.78
Epoch [66/100] - [TRAIN] Loss: 0.4883, Accuracy: 78.86%, AUC: 0.78 - [VAL] Loss: 0.4995, Accuracy: 78.23%, AUC: 0.78
Epoch [67/100] - [TRAIN] Loss: 0.4886, Accuracy: 78.90%, AUC: 0.78 - [VAL] Loss: 0.4995, Accuracy: 78.23%, AUC: 0.78
Epoch [68/100] - [TRAIN] Loss: 0.4896, Accuracy: 78.88%, AUC: 0.78 - [VAL] Loss: 0.4993, Accuracy: 78.26%, AUC: 0.78
Epoch [69/100] - [TRAIN] Loss: 0.4883, Accuracy: 78.89%, AUC: 0.78 - [VAL] Loss: 0.4993, Accuracy: 78.34%, AUC: 0.78
Epoch [70/100] - [TRAIN] Loss: 0.4878, Accuracy: 78.89%, AUC: 0.78 - [VAL] Loss: 0.4996, Accuracy: 78.27%, AUC: 0.78
Epoch [71/100] - [TRAIN] Loss: 0.4879, Accuracy: 78.97%, AUC: 0.78 - [VAL] Loss: 0.5005, Accuracy: 78.22%, AUC: 0.78
Epoch [72/100] - [TRAIN] Loss: 0.4868, Accuracy: 78.90%, AUC: 0.78 - [VAL] Loss: 0.4996, Accuracy: 78.30%, AUC: 0.78
Epoch [73/100] - [TRAIN] Loss: 0.4872, Accuracy: 79.00%, AUC: 0.78 - [VAL] Loss: 0.4994, Accuracy: 78.30%, AUC: 0.78
New best model saved with validation metric: 25.0346
Epoch [74/100] - [TRAIN] Loss: 0.4856, Accuracy: 78.96%, AUC: 0.78 - [VAL] Loss: 0.5020, Accuracy: 78.39%, AUC: 0.78
New best model saved with validation metric: 25.0433
Epoch [75/100] - [TRAIN] Loss: 0.4871, Accuracy: 79.01%, AUC: 0.78 - [VAL] Loss: 0.5002, Accuracy: 78.42%, AUC: 0.78
Epoch [76/100] - [TRAIN] Loss: 0.4878, Accuracy: 79.00%, AUC: 0.78 - [VAL] Loss: 0.4995, Accuracy: 78.35%, AUC: 0.78
Epoch [77/100] - [TRAIN] Loss: 0.4871, Accuracy: 79.04%, AUC: 0.78 - [VAL] Loss: 0.4997, Accuracy: 78.32%, AUC: 0.78
Epoch [78/100] - [TRAIN] Loss: 0.4861, Accuracy: 78.81%, AUC: 0.78 - [VAL] Loss: 0.4996, Accuracy: 78.35%, AUC: 0.78
Epoch [79/100] - [TRAIN] Loss: 0.4858, Accuracy: 79.06%, AUC: 0.78 - [VAL] Loss: 0.4993, Accuracy: 78.34%, AUC: 0.78
New best model saved with validation metric: 25.0519
Epoch [80/100] - [TRAIN] Loss: 0.4852, Accuracy: 78.89%, AUC: 0.78 - [VAL] Loss: 0.5001, Accuracy: 78.45%, AUC: 0.78
Epoch [81/100] - [TRAIN] Loss: 0.4842, Accuracy: 79.15%, AUC: 0.78 - [VAL] Loss: 0.5004, Accuracy: 78.43%, AUC: 0.78
Epoch [82/100] - [TRAIN] Loss: 0.4846, Accuracy: 79.04%, AUC: 0.78 - [VAL] Loss: 0.4995, Accuracy: 78.41%, AUC: 0.78
Epoch [83/100] - [TRAIN] Loss: 0.4853, Accuracy: 79.01%, AUC: 0.78 - [VAL] Loss: 0.4996, Accuracy: 78.38%, AUC: 0.78
Epoch [84/100] - [TRAIN] Loss: 0.4841, Accuracy: 79.08%, AUC: 0.78 - [VAL] Loss: 0.4995, Accuracy: 78.41%, AUC: 0.78
Epoch [85/100] - [TRAIN] Loss: 0.4836, Accuracy: 79.01%, AUC: 0.78 - [VAL] Loss: 0.4999, Accuracy: 78.38%, AUC: 0.78
Epoch [86/100] - [TRAIN] Loss: 0.4855, Accuracy: 79.19%, AUC: 0.78 - [VAL] Loss: 0.4998, Accuracy: 78.38%, AUC: 0.78
Epoch [87/100] - [TRAIN] Loss: 0.4842, Accuracy: 79.29%, AUC: 0.78 - [VAL] Loss: 0.4999, Accuracy: 78.42%, AUC: 0.78
Epoch [88/100] - [TRAIN] Loss: 0.4833, Accuracy: 79.13%, AUC: 0.78 - [VAL] Loss: 0.4995, Accuracy: 78.39%, AUC: 0.78
Epoch [89/100] - [TRAIN] Loss: 0.4827, Accuracy: 79.08%, AUC: 0.78 - [VAL] Loss: 0.5027, Accuracy: 78.41%, AUC: 0.78
Epoch [90/100] - [TRAIN] Loss: 0.4848, Accuracy: 79.24%, AUC: 0.78 - [VAL] Loss: 0.5008, Accuracy: 78.35%, AUC: 0.78
Epoch [91/100] - [TRAIN] Loss: 0.4828, Accuracy: 79.15%, AUC: 0.78 - [VAL] Loss: 0.4999, Accuracy: 78.43%, AUC: 0.78
Epoch [92/100] - [TRAIN] Loss: 0.4808, Accuracy: 79.20%, AUC: 0.78 - [VAL] Loss: 0.4998, Accuracy: 78.43%, AUC: 0.78
Epoch [93/100] - [TRAIN] Loss: 0.4833, Accuracy: 79.11%, AUC: 0.78 - [VAL] Loss: 0.5014, Accuracy: 78.42%, AUC: 0.78
Epoch [94/100] - [TRAIN] Loss: 0.4816, Accuracy: 79.19%, AUC: 0.78 - [VAL] Loss: 0.5003, Accuracy: 78.37%, AUC: 0.78
Epoch [95/100] - [TRAIN] Loss: 0.4818, Accuracy: 79.24%, AUC: 0.78 - [VAL] Loss: 0.5010, Accuracy: 78.39%, AUC: 0.78
Epoch [96/100] - [TRAIN] Loss: 0.4812, Accuracy: 79.23%, AUC: 0.78 - [VAL] Loss: 0.5012, Accuracy: 78.42%, AUC: 0.78
Epoch [97/100] - [TRAIN] Loss: 0.4816, Accuracy: 79.24%, AUC: 0.78 - [VAL] Loss: 0.5015, Accuracy: 78.45%, AUC: 0.78
Epoch [98/100] - [TRAIN] Loss: 0.4831, Accuracy: 79.25%, AUC: 0.78 - [VAL] Loss: 0.5007, Accuracy: 78.39%, AUC: 0.78
New best model saved with validation metric: 25.0693
Epoch [99/100] - [TRAIN] Loss: 0.4795, Accuracy: 79.16%, AUC: 0.78 - [VAL] Loss: 0.5000, Accuracy: 78.50%, AUC: 0.78
Epoch [100/100] - [TRAIN] Loss: 0.4813, Accuracy: 79.25%, AUC: 0.78 - [VAL] Loss: 0.5013, Accuracy: 78.38%, AUC: 0.78
Training finished!
Accuracy Score on test set: 78.77 %
AUC Score on test set: 0.78
Item: H3K9me3-H3K9ac-H3K4me3
Train set shape: (7399, 3, 4000) (7399,)
Validation set shape: (7377, 3, 4000) (7377,)
Test set shape: (7378, 3, 4000) (7378,)
New best model saved with validation metric: 19.4242
Epoch [1/100] - [TRAIN] Loss: 0.6730, Accuracy: 60.72%, AUC: 0.50 - [VAL] Loss: 0.6535, Accuracy: 60.82%, AUC: 0.50
Epoch [2/100] - [TRAIN] Loss: 0.6360, Accuracy: 60.82%, AUC: 0.50 - [VAL] Loss: 0.6156, Accuracy: 60.82%, AUC: 0.50
Epoch [3/100] - [TRAIN] Loss: 0.6017, Accuracy: 60.82%, AUC: 0.50 - [VAL] Loss: 0.5825, Accuracy: 60.82%, AUC: 0.50
New best model saved with validation metric: 24.7403
Epoch [4/100] - [TRAIN] Loss: 0.5731, Accuracy: 62.98%, AUC: 0.53 - [VAL] Loss: 0.5565, Accuracy: 77.47%, AUC: 0.76
New best model saved with validation metric: 24.8788
Epoch [5/100] - [TRAIN] Loss: 0.5525, Accuracy: 78.09%, AUC: 0.76 - [VAL] Loss: 0.5397, Accuracy: 77.90%, AUC: 0.77
New best model saved with validation metric: 24.9567
Epoch [6/100] - [TRAIN] Loss: 0.5387, Accuracy: 78.39%, AUC: 0.77 - [VAL] Loss: 0.5303, Accuracy: 78.15%, AUC: 0.77
Epoch [7/100] - [TRAIN] Loss: 0.5319, Accuracy: 78.25%, AUC: 0.77 - [VAL] Loss: 0.5245, Accuracy: 77.99%, AUC: 0.77
Epoch [8/100] - [TRAIN] Loss: 0.5262, Accuracy: 78.16%, AUC: 0.77 - [VAL] Loss: 0.5209, Accuracy: 77.78%, AUC: 0.77
Epoch [9/100] - [TRAIN] Loss: 0.5230, Accuracy: 77.96%, AUC: 0.77 - [VAL] Loss: 0.5177, Accuracy: 77.89%, AUC: 0.78
Epoch [10/100] - [TRAIN] Loss: 0.5201, Accuracy: 77.94%, AUC: 0.77 - [VAL] Loss: 0.5155, Accuracy: 77.90%, AUC: 0.78
Epoch [11/100] - [TRAIN] Loss: 0.5168, Accuracy: 78.04%, AUC: 0.78 - [VAL] Loss: 0.5140, Accuracy: 77.86%, AUC: 0.78
Epoch [12/100] - [TRAIN] Loss: 0.5152, Accuracy: 78.12%, AUC: 0.78 - [VAL] Loss: 0.5124, Accuracy: 77.90%, AUC: 0.78
Epoch [13/100] - [TRAIN] Loss: 0.5156, Accuracy: 78.15%, AUC: 0.78 - [VAL] Loss: 0.5112, Accuracy: 77.96%, AUC: 0.78
Epoch [14/100] - [TRAIN] Loss: 0.5127, Accuracy: 78.17%, AUC: 0.78 - [VAL] Loss: 0.5103, Accuracy: 77.97%, AUC: 0.78
Epoch [15/100] - [TRAIN] Loss: 0.5113, Accuracy: 78.16%, AUC: 0.78 - [VAL] Loss: 0.5095, Accuracy: 77.94%, AUC: 0.78
Epoch [16/100] - [TRAIN] Loss: 0.5097, Accuracy: 78.23%, AUC: 0.78 - [VAL] Loss: 0.5085, Accuracy: 78.01%, AUC: 0.78
Epoch [17/100] - [TRAIN] Loss: 0.5092, Accuracy: 78.06%, AUC: 0.78 - [VAL] Loss: 0.5079, Accuracy: 78.03%, AUC: 0.78
Epoch [18/100] - [TRAIN] Loss: 0.5098, Accuracy: 78.23%, AUC: 0.78 - [VAL] Loss: 0.5072, Accuracy: 78.01%, AUC: 0.78
Epoch [19/100] - [TRAIN] Loss: 0.5072, Accuracy: 78.29%, AUC: 0.78 - [VAL] Loss: 0.5069, Accuracy: 78.07%, AUC: 0.78
Epoch [20/100] - [TRAIN] Loss: 0.5064, Accuracy: 78.19%, AUC: 0.78 - [VAL] Loss: 0.5061, Accuracy: 78.08%, AUC: 0.78
Epoch [21/100] - [TRAIN] Loss: 0.5051, Accuracy: 78.28%, AUC: 0.78 - [VAL] Loss: 0.5059, Accuracy: 78.08%, AUC: 0.78
Epoch [22/100] - [TRAIN] Loss: 0.5054, Accuracy: 78.35%, AUC: 0.78 - [VAL] Loss: 0.5054, Accuracy: 78.11%, AUC: 0.78
Epoch [23/100] - [TRAIN] Loss: 0.5047, Accuracy: 78.47%, AUC: 0.78 - [VAL] Loss: 0.5051, Accuracy: 78.12%, AUC: 0.78
Epoch [24/100] - [TRAIN] Loss: 0.5043, Accuracy: 78.35%, AUC: 0.78 - [VAL] Loss: 0.5049, Accuracy: 78.12%, AUC: 0.78
Epoch [25/100] - [TRAIN] Loss: 0.5048, Accuracy: 78.40%, AUC: 0.78 - [VAL] Loss: 0.5049, Accuracy: 78.07%, AUC: 0.78
Epoch [26/100] - [TRAIN] Loss: 0.5046, Accuracy: 78.36%, AUC: 0.78 - [VAL] Loss: 0.5042, Accuracy: 78.08%, AUC: 0.78
Epoch [27/100] - [TRAIN] Loss: 0.5038, Accuracy: 78.46%, AUC: 0.78 - [VAL] Loss: 0.5037, Accuracy: 78.12%, AUC: 0.78
Epoch [28/100] - [TRAIN] Loss: 0.5022, Accuracy: 78.48%, AUC: 0.78 - [VAL] Loss: 0.5035, Accuracy: 78.09%, AUC: 0.78
Epoch [29/100] - [TRAIN] Loss: 0.5006, Accuracy: 78.46%, AUC: 0.78 - [VAL] Loss: 0.5037, Accuracy: 78.09%, AUC: 0.78
Epoch [30/100] - [TRAIN] Loss: 0.5018, Accuracy: 78.56%, AUC: 0.78 - [VAL] Loss: 0.5031, Accuracy: 78.12%, AUC: 0.78
Epoch [31/100] - [TRAIN] Loss: 0.5012, Accuracy: 78.48%, AUC: 0.78 - [VAL] Loss: 0.5028, Accuracy: 78.09%, AUC: 0.78
Epoch [32/100] - [TRAIN] Loss: 0.5012, Accuracy: 78.59%, AUC: 0.78 - [VAL] Loss: 0.5026, Accuracy: 78.09%, AUC: 0.78
New best model saved with validation metric: 24.9654
Epoch [33/100] - [TRAIN] Loss: 0.4998, Accuracy: 78.50%, AUC: 0.78 - [VAL] Loss: 0.5030, Accuracy: 78.18%, AUC: 0.78
Epoch [34/100] - [TRAIN] Loss: 0.4992, Accuracy: 78.51%, AUC: 0.78 - [VAL] Loss: 0.5026, Accuracy: 78.13%, AUC: 0.78
Epoch [35/100] - [TRAIN] Loss: 0.5004, Accuracy: 78.58%, AUC: 0.78 - [VAL] Loss: 0.5022, Accuracy: 78.13%, AUC: 0.78
Epoch [36/100] - [TRAIN] Loss: 0.4996, Accuracy: 78.71%, AUC: 0.78 - [VAL] Loss: 0.5022, Accuracy: 78.13%, AUC: 0.78
New best model saved with validation metric: 24.9697
Epoch [37/100] - [TRAIN] Loss: 0.4989, Accuracy: 78.67%, AUC: 0.78 - [VAL] Loss: 0.5018, Accuracy: 78.19%, AUC: 0.78
Epoch [38/100] - [TRAIN] Loss: 0.4974, Accuracy: 78.65%, AUC: 0.78 - [VAL] Loss: 0.5020, Accuracy: 78.16%, AUC: 0.78
New best model saved with validation metric: 24.9740
Epoch [39/100] - [TRAIN] Loss: 0.4974, Accuracy: 78.63%, AUC: 0.78 - [VAL] Loss: 0.5016, Accuracy: 78.20%, AUC: 0.78
Epoch [40/100] - [TRAIN] Loss: 0.4981, Accuracy: 78.70%, AUC: 0.78 - [VAL] Loss: 0.5019, Accuracy: 78.20%, AUC: 0.78
Epoch [41/100] - [TRAIN] Loss: 0.4984, Accuracy: 78.67%, AUC: 0.78 - [VAL] Loss: 0.5012, Accuracy: 78.19%, AUC: 0.78
Epoch [42/100] - [TRAIN] Loss: 0.4961, Accuracy: 78.70%, AUC: 0.78 - [VAL] Loss: 0.5013, Accuracy: 78.19%, AUC: 0.78
New best model saved with validation metric: 24.9784
Epoch [43/100] - [TRAIN] Loss: 0.4987, Accuracy: 78.71%, AUC: 0.78 - [VAL] Loss: 0.5014, Accuracy: 78.22%, AUC: 0.78
Epoch [44/100] - [TRAIN] Loss: 0.4963, Accuracy: 78.78%, AUC: 0.78 - [VAL] Loss: 0.5008, Accuracy: 78.22%, AUC: 0.78
New best model saved with validation metric: 24.9827
Epoch [45/100] - [TRAIN] Loss: 0.4966, Accuracy: 78.77%, AUC: 0.78 - [VAL] Loss: 0.5012, Accuracy: 78.23%, AUC: 0.78
Epoch [46/100] - [TRAIN] Loss: 0.4953, Accuracy: 78.78%, AUC: 0.78 - [VAL] Loss: 0.5005, Accuracy: 78.19%, AUC: 0.78
Epoch [47/100] - [TRAIN] Loss: 0.4964, Accuracy: 78.73%, AUC: 0.78 - [VAL] Loss: 0.5008, Accuracy: 78.23%, AUC: 0.78
Epoch [48/100] - [TRAIN] Loss: 0.4960, Accuracy: 78.67%, AUC: 0.78 - [VAL] Loss: 0.5005, Accuracy: 78.22%, AUC: 0.78
Epoch [49/100] - [TRAIN] Loss: 0.4948, Accuracy: 78.81%, AUC: 0.78 - [VAL] Loss: 0.5003, Accuracy: 78.22%, AUC: 0.78
New best model saved with validation metric: 24.9870
Epoch [50/100] - [TRAIN] Loss: 0.4945, Accuracy: 78.90%, AUC: 0.78 - [VAL] Loss: 0.5002, Accuracy: 78.24%, AUC: 0.78
Epoch [51/100] - [TRAIN] Loss: 0.4944, Accuracy: 78.82%, AUC: 0.78 - [VAL] Loss: 0.5004, Accuracy: 78.23%, AUC: 0.78
Epoch [52/100] - [TRAIN] Loss: 0.4948, Accuracy: 78.74%, AUC: 0.78 - [VAL] Loss: 0.5006, Accuracy: 78.24%, AUC: 0.78
Epoch [53/100] - [TRAIN] Loss: 0.4943, Accuracy: 78.82%, AUC: 0.78 - [VAL] Loss: 0.5011, Accuracy: 78.18%, AUC: 0.78
Epoch [54/100] - [TRAIN] Loss: 0.4956, Accuracy: 78.83%, AUC: 0.78 - [VAL] Loss: 0.4999, Accuracy: 78.23%, AUC: 0.78
Epoch [55/100] - [TRAIN] Loss: 0.4933, Accuracy: 78.78%, AUC: 0.78 - [VAL] Loss: 0.5006, Accuracy: 78.23%, AUC: 0.78
Epoch [56/100] - [TRAIN] Loss: 0.4941, Accuracy: 78.83%, AUC: 0.78 - [VAL] Loss: 0.5003, Accuracy: 78.19%, AUC: 0.78
New best model saved with validation metric: 25.0173
Epoch [57/100] - [TRAIN] Loss: 0.4948, Accuracy: 78.77%, AUC: 0.78 - [VAL] Loss: 0.4997, Accuracy: 78.34%, AUC: 0.78
Epoch [58/100] - [TRAIN] Loss: 0.4922, Accuracy: 78.88%, AUC: 0.78 - [VAL] Loss: 0.5002, Accuracy: 78.18%, AUC: 0.78
Epoch [59/100] - [TRAIN] Loss: 0.4925, Accuracy: 78.77%, AUC: 0.78 - [VAL] Loss: 0.4994, Accuracy: 78.34%, AUC: 0.78
Epoch [60/100] - [TRAIN] Loss: 0.4928, Accuracy: 78.98%, AUC: 0.78 - [VAL] Loss: 0.4995, Accuracy: 78.34%, AUC: 0.78
Epoch [61/100] - [TRAIN] Loss: 0.4921, Accuracy: 78.85%, AUC: 0.78 - [VAL] Loss: 0.4999, Accuracy: 78.24%, AUC: 0.78
New best model saved with validation metric: 25.0216
Epoch [62/100] - [TRAIN] Loss: 0.4927, Accuracy: 78.70%, AUC: 0.78 - [VAL] Loss: 0.4993, Accuracy: 78.35%, AUC: 0.78
New best model saved with validation metric: 25.0303
Epoch [63/100] - [TRAIN] Loss: 0.4907, Accuracy: 78.89%, AUC: 0.78 - [VAL] Loss: 0.4994, Accuracy: 78.38%, AUC: 0.78
Epoch [64/100] - [TRAIN] Loss: 0.4920, Accuracy: 78.93%, AUC: 0.78 - [VAL] Loss: 0.4994, Accuracy: 78.30%, AUC: 0.78
Epoch [65/100] - [TRAIN] Loss: 0.4902, Accuracy: 78.96%, AUC: 0.78 - [VAL] Loss: 0.4998, Accuracy: 78.30%, AUC: 0.78
Epoch [66/100] - [TRAIN] Loss: 0.4904, Accuracy: 78.83%, AUC: 0.78 - [VAL] Loss: 0.5003, Accuracy: 78.28%, AUC: 0.78
Epoch [67/100] - [TRAIN] Loss: 0.4911, Accuracy: 78.81%, AUC: 0.78 - [VAL] Loss: 0.5000, Accuracy: 78.35%, AUC: 0.78
Epoch [68/100] - [TRAIN] Loss: 0.4906, Accuracy: 78.93%, AUC: 0.78 - [VAL] Loss: 0.5005, Accuracy: 78.31%, AUC: 0.78
New best model saved with validation metric: 25.0346
Epoch [69/100] - [TRAIN] Loss: 0.4902, Accuracy: 78.88%, AUC: 0.78 - [VAL] Loss: 0.4999, Accuracy: 78.39%, AUC: 0.78
Epoch [70/100] - [TRAIN] Loss: 0.4900, Accuracy: 78.96%, AUC: 0.78 - [VAL] Loss: 0.4994, Accuracy: 78.37%, AUC: 0.78
Epoch [71/100] - [TRAIN] Loss: 0.4902, Accuracy: 78.83%, AUC: 0.78 - [VAL] Loss: 0.4992, Accuracy: 78.35%, AUC: 0.78
New best model saved with validation metric: 25.0390
Epoch [72/100] - [TRAIN] Loss: 0.4902, Accuracy: 78.93%, AUC: 0.78 - [VAL] Loss: 0.4991, Accuracy: 78.41%, AUC: 0.78
New best model saved with validation metric: 25.0563
Epoch [73/100] - [TRAIN] Loss: 0.4909, Accuracy: 78.89%, AUC: 0.78 - [VAL] Loss: 0.4997, Accuracy: 78.46%, AUC: 0.78
Epoch [74/100] - [TRAIN] Loss: 0.4894, Accuracy: 78.83%, AUC: 0.78 - [VAL] Loss: 0.4991, Accuracy: 78.38%, AUC: 0.78
Epoch [75/100] - [TRAIN] Loss: 0.4893, Accuracy: 78.70%, AUC: 0.78 - [VAL] Loss: 0.4990, Accuracy: 78.35%, AUC: 0.78
Epoch [76/100] - [TRAIN] Loss: 0.4896, Accuracy: 78.96%, AUC: 0.78 - [VAL] Loss: 0.5000, Accuracy: 78.41%, AUC: 0.78
Epoch [77/100] - [TRAIN] Loss: 0.4889, Accuracy: 78.96%, AUC: 0.78 - [VAL] Loss: 0.4997, Accuracy: 78.45%, AUC: 0.78
Epoch [78/100] - [TRAIN] Loss: 0.4875, Accuracy: 78.86%, AUC: 0.78 - [VAL] Loss: 0.4997, Accuracy: 78.43%, AUC: 0.78
Epoch [79/100] - [TRAIN] Loss: 0.4878, Accuracy: 78.78%, AUC: 0.78 - [VAL] Loss: 0.4991, Accuracy: 78.38%, AUC: 0.78
Epoch [80/100] - [TRAIN] Loss: 0.4885, Accuracy: 78.96%, AUC: 0.78 - [VAL] Loss: 0.4992, Accuracy: 78.43%, AUC: 0.78
Epoch [81/100] - [TRAIN] Loss: 0.4896, Accuracy: 78.93%, AUC: 0.78 - [VAL] Loss: 0.4992, Accuracy: 78.45%, AUC: 0.78
Epoch [82/100] - [TRAIN] Loss: 0.4907, Accuracy: 78.88%, AUC: 0.78 - [VAL] Loss: 0.4993, Accuracy: 78.46%, AUC: 0.78
Epoch [83/100] - [TRAIN] Loss: 0.4864, Accuracy: 79.01%, AUC: 0.78 - [VAL] Loss: 0.4995, Accuracy: 78.32%, AUC: 0.78
Epoch [84/100] - [TRAIN] Loss: 0.4872, Accuracy: 79.01%, AUC: 0.78 - [VAL] Loss: 0.5010, Accuracy: 78.43%, AUC: 0.78
Epoch [85/100] - [TRAIN] Loss: 0.4870, Accuracy: 78.92%, AUC: 0.78 - [VAL] Loss: 0.4997, Accuracy: 78.45%, AUC: 0.78
Epoch [86/100] - [TRAIN] Loss: 0.4858, Accuracy: 78.97%, AUC: 0.78 - [VAL] Loss: 0.4992, Accuracy: 78.42%, AUC: 0.78
New best model saved with validation metric: 25.0606
Epoch [87/100] - [TRAIN] Loss: 0.4861, Accuracy: 78.97%, AUC: 0.78 - [VAL] Loss: 0.5001, Accuracy: 78.47%, AUC: 0.78
Epoch [88/100] - [TRAIN] Loss: 0.4862, Accuracy: 78.89%, AUC: 0.78 - [VAL] Loss: 0.4997, Accuracy: 78.42%, AUC: 0.78
Epoch [89/100] - [TRAIN] Loss: 0.4874, Accuracy: 78.93%, AUC: 0.78 - [VAL] Loss: 0.4997, Accuracy: 78.41%, AUC: 0.78
Epoch [90/100] - [TRAIN] Loss: 0.4861, Accuracy: 78.97%, AUC: 0.78 - [VAL] Loss: 0.4996, Accuracy: 78.37%, AUC: 0.78
Epoch [91/100] - [TRAIN] Loss: 0.4849, Accuracy: 78.97%, AUC: 0.78 - [VAL] Loss: 0.4998, Accuracy: 78.42%, AUC: 0.78
Epoch [92/100] - [TRAIN] Loss: 0.4858, Accuracy: 79.08%, AUC: 0.78 - [VAL] Loss: 0.5019, Accuracy: 78.39%, AUC: 0.78
Epoch [93/100] - [TRAIN] Loss: 0.4854, Accuracy: 79.05%, AUC: 0.78 - [VAL] Loss: 0.4997, Accuracy: 78.41%, AUC: 0.78
Epoch [94/100] - [TRAIN] Loss: 0.4860, Accuracy: 79.02%, AUC: 0.78 - [VAL] Loss: 0.4995, Accuracy: 78.41%, AUC: 0.78
Epoch [95/100] - [TRAIN] Loss: 0.4848, Accuracy: 78.96%, AUC: 0.78 - [VAL] Loss: 0.4996, Accuracy: 78.43%, AUC: 0.78
New best model saved with validation metric: 25.0649
Epoch [96/100] - [TRAIN] Loss: 0.4843, Accuracy: 79.04%, AUC: 0.78 - [VAL] Loss: 0.5001, Accuracy: 78.49%, AUC: 0.78
New best model saved with validation metric: 25.0736
Epoch [97/100] - [TRAIN] Loss: 0.4846, Accuracy: 79.01%, AUC: 0.78 - [VAL] Loss: 0.5003, Accuracy: 78.51%, AUC: 0.78
Epoch [98/100] - [TRAIN] Loss: 0.4847, Accuracy: 79.13%, AUC: 0.78 - [VAL] Loss: 0.5015, Accuracy: 78.51%, AUC: 0.78
Epoch [99/100] - [TRAIN] Loss: 0.4834, Accuracy: 78.97%, AUC: 0.78 - [VAL] Loss: 0.4999, Accuracy: 78.42%, AUC: 0.78
Epoch [100/100] - [TRAIN] Loss: 0.4844, Accuracy: 79.20%, AUC: 0.78 - [VAL] Loss: 0.4999, Accuracy: 78.49%, AUC: 0.78
Training finished!
Accuracy Score on test set: 78.77 %
AUC Score on test set: 0.78
Item: H3K4me3-H3K9ac-H3K27ac
Train set shape: (7399, 3, 4000) (7399,)
Validation set shape: (7377, 3, 4000) (7377,)
Test set shape: (7378, 3, 4000) (7378,)
New best model saved with validation metric: 19.4242
Epoch [1/100] - [TRAIN] Loss: 0.6278, Accuracy: 60.82%, AUC: 0.50 - [VAL] Loss: 0.5877, Accuracy: 60.82%, AUC: 0.50
New best model saved with validation metric: 24.9784
Epoch [2/100] - [TRAIN] Loss: 0.5725, Accuracy: 60.99%, AUC: 0.50 - [VAL] Loss: 0.5530, Accuracy: 78.22%, AUC: 0.76
New best model saved with validation metric: 25.1169
Epoch [3/100] - [TRAIN] Loss: 0.5493, Accuracy: 77.40%, AUC: 0.75 - [VAL] Loss: 0.5395, Accuracy: 78.65%, AUC: 0.78
Epoch [4/100] - [TRAIN] Loss: 0.5389, Accuracy: 78.73%, AUC: 0.78 - [VAL] Loss: 0.5311, Accuracy: 78.50%, AUC: 0.78
Epoch [5/100] - [TRAIN] Loss: 0.5320, Accuracy: 78.63%, AUC: 0.78 - [VAL] Loss: 0.5258, Accuracy: 78.42%, AUC: 0.78
Epoch [6/100] - [TRAIN] Loss: 0.5295, Accuracy: 78.58%, AUC: 0.78 - [VAL] Loss: 0.5225, Accuracy: 78.11%, AUC: 0.78
Epoch [7/100] - [TRAIN] Loss: 0.5242, Accuracy: 78.25%, AUC: 0.78 - [VAL] Loss: 0.5194, Accuracy: 77.84%, AUC: 0.78
Epoch [8/100] - [TRAIN] Loss: 0.5203, Accuracy: 78.40%, AUC: 0.78 - [VAL] Loss: 0.5159, Accuracy: 77.90%, AUC: 0.78
Epoch [9/100] - [TRAIN] Loss: 0.5164, Accuracy: 78.27%, AUC: 0.78 - [VAL] Loss: 0.5140, Accuracy: 77.74%, AUC: 0.78
Epoch [10/100] - [TRAIN] Loss: 0.5148, Accuracy: 78.17%, AUC: 0.78 - [VAL] Loss: 0.5114, Accuracy: 78.01%, AUC: 0.78
Epoch [11/100] - [TRAIN] Loss: 0.5117, Accuracy: 78.43%, AUC: 0.78 - [VAL] Loss: 0.5098, Accuracy: 77.96%, AUC: 0.78
Epoch [12/100] - [TRAIN] Loss: 0.5108, Accuracy: 78.28%, AUC: 0.78 - [VAL] Loss: 0.5090, Accuracy: 77.76%, AUC: 0.78
Epoch [13/100] - [TRAIN] Loss: 0.5086, Accuracy: 78.21%, AUC: 0.78 - [VAL] Loss: 0.5073, Accuracy: 78.09%, AUC: 0.78
Epoch [14/100] - [TRAIN] Loss: 0.5069, Accuracy: 78.35%, AUC: 0.78 - [VAL] Loss: 0.5067, Accuracy: 77.84%, AUC: 0.78
Epoch [15/100] - [TRAIN] Loss: 0.5055, Accuracy: 78.36%, AUC: 0.78 - [VAL] Loss: 0.5058, Accuracy: 77.89%, AUC: 0.78
Epoch [16/100] - [TRAIN] Loss: 0.5042, Accuracy: 78.51%, AUC: 0.78 - [VAL] Loss: 0.5044, Accuracy: 78.38%, AUC: 0.78
Epoch [17/100] - [TRAIN] Loss: 0.5046, Accuracy: 78.47%, AUC: 0.78 - [VAL] Loss: 0.5039, Accuracy: 78.26%, AUC: 0.78
Epoch [18/100] - [TRAIN] Loss: 0.5027, Accuracy: 78.42%, AUC: 0.78 - [VAL] Loss: 0.5033, Accuracy: 78.28%, AUC: 0.78
Epoch [19/100] - [TRAIN] Loss: 0.5018, Accuracy: 78.44%, AUC: 0.78 - [VAL] Loss: 0.5024, Accuracy: 78.47%, AUC: 0.78
Epoch [20/100] - [TRAIN] Loss: 0.4999, Accuracy: 78.44%, AUC: 0.78 - [VAL] Loss: 0.5024, Accuracy: 78.30%, AUC: 0.78
Epoch [21/100] - [TRAIN] Loss: 0.5001, Accuracy: 78.54%, AUC: 0.78 - [VAL] Loss: 0.5014, Accuracy: 78.43%, AUC: 0.78
Epoch [22/100] - [TRAIN] Loss: 0.4985, Accuracy: 78.55%, AUC: 0.78 - [VAL] Loss: 0.5018, Accuracy: 78.26%, AUC: 0.78
Epoch [23/100] - [TRAIN] Loss: 0.4990, Accuracy: 78.62%, AUC: 0.78 - [VAL] Loss: 0.5007, Accuracy: 78.47%, AUC: 0.78
Epoch [24/100] - [TRAIN] Loss: 0.4993, Accuracy: 78.70%, AUC: 0.78 - [VAL] Loss: 0.5018, Accuracy: 78.24%, AUC: 0.78
Epoch [25/100] - [TRAIN] Loss: 0.4967, Accuracy: 78.63%, AUC: 0.78 - [VAL] Loss: 0.4998, Accuracy: 78.55%, AUC: 0.78
Epoch [26/100] - [TRAIN] Loss: 0.4964, Accuracy: 78.70%, AUC: 0.78 - [VAL] Loss: 0.4996, Accuracy: 78.51%, AUC: 0.78
Epoch [27/100] - [TRAIN] Loss: 0.4954, Accuracy: 78.65%, AUC: 0.78 - [VAL] Loss: 0.4990, Accuracy: 78.64%, AUC: 0.78
Epoch [28/100] - [TRAIN] Loss: 0.4951, Accuracy: 78.74%, AUC: 0.78 - [VAL] Loss: 0.4989, Accuracy: 78.60%, AUC: 0.78
Epoch [29/100] - [TRAIN] Loss: 0.4957, Accuracy: 78.88%, AUC: 0.78 - [VAL] Loss: 0.4985, Accuracy: 78.58%, AUC: 0.78
Epoch [30/100] - [TRAIN] Loss: 0.4948, Accuracy: 78.85%, AUC: 0.78 - [VAL] Loss: 0.4984, Accuracy: 78.55%, AUC: 0.78
Epoch [31/100] - [TRAIN] Loss: 0.4930, Accuracy: 78.90%, AUC: 0.78 - [VAL] Loss: 0.4979, Accuracy: 78.54%, AUC: 0.78
Epoch [32/100] - [TRAIN] Loss: 0.4925, Accuracy: 78.90%, AUC: 0.78 - [VAL] Loss: 0.4987, Accuracy: 78.41%, AUC: 0.78
Epoch [33/100] - [TRAIN] Loss: 0.4936, Accuracy: 78.78%, AUC: 0.78 - [VAL] Loss: 0.4997, Accuracy: 78.34%, AUC: 0.78
Epoch [34/100] - [TRAIN] Loss: 0.4927, Accuracy: 78.73%, AUC: 0.78 - [VAL] Loss: 0.4977, Accuracy: 78.57%, AUC: 0.78
Epoch [35/100] - [TRAIN] Loss: 0.4913, Accuracy: 78.77%, AUC: 0.78 - [VAL] Loss: 0.4974, Accuracy: 78.57%, AUC: 0.78
Epoch [36/100] - [TRAIN] Loss: 0.4904, Accuracy: 78.88%, AUC: 0.78 - [VAL] Loss: 0.4966, Accuracy: 78.62%, AUC: 0.78
Epoch [37/100] - [TRAIN] Loss: 0.4904, Accuracy: 78.90%, AUC: 0.78 - [VAL] Loss: 0.4965, Accuracy: 78.58%, AUC: 0.78
Epoch [38/100] - [TRAIN] Loss: 0.4889, Accuracy: 78.97%, AUC: 0.78 - [VAL] Loss: 0.4967, Accuracy: 78.61%, AUC: 0.78
New best model saved with validation metric: 25.1212
Epoch [39/100] - [TRAIN] Loss: 0.4890, Accuracy: 78.89%, AUC: 0.78 - [VAL] Loss: 0.4961, Accuracy: 78.66%, AUC: 0.78
Epoch [40/100] - [TRAIN] Loss: 0.4910, Accuracy: 79.01%, AUC: 0.78 - [VAL] Loss: 0.4966, Accuracy: 78.55%, AUC: 0.78
Epoch [41/100] - [TRAIN] Loss: 0.4885, Accuracy: 78.97%, AUC: 0.78 - [VAL] Loss: 0.4966, Accuracy: 78.53%, AUC: 0.78
Epoch [42/100] - [TRAIN] Loss: 0.4882, Accuracy: 79.05%, AUC: 0.78 - [VAL] Loss: 0.4960, Accuracy: 78.61%, AUC: 0.78
Epoch [43/100] - [TRAIN] Loss: 0.4877, Accuracy: 78.93%, AUC: 0.78 - [VAL] Loss: 0.4966, Accuracy: 78.47%, AUC: 0.78
Epoch [44/100] - [TRAIN] Loss: 0.4863, Accuracy: 79.04%, AUC: 0.78 - [VAL] Loss: 0.4958, Accuracy: 78.57%, AUC: 0.78
New best model saved with validation metric: 25.1861
Epoch [45/100] - [TRAIN] Loss: 0.4864, Accuracy: 78.96%, AUC: 0.78 - [VAL] Loss: 0.4954, Accuracy: 78.87%, AUC: 0.78
Epoch [46/100] - [TRAIN] Loss: 0.4870, Accuracy: 78.97%, AUC: 0.78 - [VAL] Loss: 0.4952, Accuracy: 78.74%, AUC: 0.78
Epoch [47/100] - [TRAIN] Loss: 0.4861, Accuracy: 79.21%, AUC: 0.78 - [VAL] Loss: 0.4958, Accuracy: 78.60%, AUC: 0.78
Epoch [48/100] - [TRAIN] Loss: 0.4856, Accuracy: 79.04%, AUC: 0.78 - [VAL] Loss: 0.4951, Accuracy: 78.73%, AUC: 0.78
Epoch [49/100] - [TRAIN] Loss: 0.4847, Accuracy: 79.13%, AUC: 0.78 - [VAL] Loss: 0.4955, Accuracy: 78.64%, AUC: 0.78
Epoch [50/100] - [TRAIN] Loss: 0.4849, Accuracy: 79.09%, AUC: 0.78 - [VAL] Loss: 0.4959, Accuracy: 78.55%, AUC: 0.78
Epoch [51/100] - [TRAIN] Loss: 0.4857, Accuracy: 79.11%, AUC: 0.78 - [VAL] Loss: 0.4960, Accuracy: 78.61%, AUC: 0.78
New best model saved with validation metric: 25.1905
Epoch [52/100] - [TRAIN] Loss: 0.4843, Accuracy: 79.15%, AUC: 0.78 - [VAL] Loss: 0.4947, Accuracy: 78.88%, AUC: 0.78
Epoch [53/100] - [TRAIN] Loss: 0.4829, Accuracy: 79.08%, AUC: 0.78 - [VAL] Loss: 0.4959, Accuracy: 78.55%, AUC: 0.78
Epoch [54/100] - [TRAIN] Loss: 0.4823, Accuracy: 79.27%, AUC: 0.79 - [VAL] Loss: 0.4958, Accuracy: 78.55%, AUC: 0.78
Epoch [55/100] - [TRAIN] Loss: 0.4832, Accuracy: 79.24%, AUC: 0.79 - [VAL] Loss: 0.4954, Accuracy: 78.73%, AUC: 0.78
Epoch [56/100] - [TRAIN] Loss: 0.4826, Accuracy: 79.29%, AUC: 0.79 - [VAL] Loss: 0.4969, Accuracy: 78.47%, AUC: 0.78
Epoch [57/100] - [TRAIN] Loss: 0.4833, Accuracy: 79.19%, AUC: 0.78 - [VAL] Loss: 0.4952, Accuracy: 78.77%, AUC: 0.78
Epoch [58/100] - [TRAIN] Loss: 0.4815, Accuracy: 79.19%, AUC: 0.78 - [VAL] Loss: 0.4951, Accuracy: 78.74%, AUC: 0.78
Epoch [59/100] - [TRAIN] Loss: 0.4808, Accuracy: 79.29%, AUC: 0.79 - [VAL] Loss: 0.4955, Accuracy: 78.73%, AUC: 0.78
Epoch [60/100] - [TRAIN] Loss: 0.4815, Accuracy: 79.36%, AUC: 0.79 - [VAL] Loss: 0.4954, Accuracy: 78.77%, AUC: 0.78
Epoch [61/100] - [TRAIN] Loss: 0.4797, Accuracy: 79.31%, AUC: 0.79 - [VAL] Loss: 0.4968, Accuracy: 78.58%, AUC: 0.78
Epoch [62/100] - [TRAIN] Loss: 0.4791, Accuracy: 79.35%, AUC: 0.79 - [VAL] Loss: 0.4947, Accuracy: 78.80%, AUC: 0.78
Epoch [63/100] - [TRAIN] Loss: 0.4797, Accuracy: 79.46%, AUC: 0.79 - [VAL] Loss: 0.4963, Accuracy: 78.79%, AUC: 0.78
Epoch [64/100] - [TRAIN] Loss: 0.4804, Accuracy: 79.44%, AUC: 0.79 - [VAL] Loss: 0.4949, Accuracy: 78.81%, AUC: 0.78
Epoch [65/100] - [TRAIN] Loss: 0.4800, Accuracy: 79.39%, AUC: 0.79 - [VAL] Loss: 0.4954, Accuracy: 78.79%, AUC: 0.78
Epoch [66/100] - [TRAIN] Loss: 0.4797, Accuracy: 79.52%, AUC: 0.79 - [VAL] Loss: 0.4949, Accuracy: 78.83%, AUC: 0.78
Epoch [67/100] - [TRAIN] Loss: 0.4777, Accuracy: 79.51%, AUC: 0.79 - [VAL] Loss: 0.4964, Accuracy: 78.66%, AUC: 0.78
Epoch [68/100] - [TRAIN] Loss: 0.4780, Accuracy: 79.54%, AUC: 0.79 - [VAL] Loss: 0.4961, Accuracy: 78.76%, AUC: 0.78
Epoch [69/100] - [TRAIN] Loss: 0.4791, Accuracy: 79.51%, AUC: 0.79 - [VAL] Loss: 0.4972, Accuracy: 78.62%, AUC: 0.78
Epoch [70/100] - [TRAIN] Loss: 0.4788, Accuracy: 79.51%, AUC: 0.79 - [VAL] Loss: 0.4973, Accuracy: 78.58%, AUC: 0.78
Epoch [71/100] - [TRAIN] Loss: 0.4772, Accuracy: 79.48%, AUC: 0.79 - [VAL] Loss: 0.4956, Accuracy: 78.74%, AUC: 0.78
Epoch [72/100] - [TRAIN] Loss: 0.4768, Accuracy: 79.44%, AUC: 0.79 - [VAL] Loss: 0.4955, Accuracy: 78.81%, AUC: 0.78
Epoch [73/100] - [TRAIN] Loss: 0.4786, Accuracy: 79.56%, AUC: 0.79 - [VAL] Loss: 0.4952, Accuracy: 78.81%, AUC: 0.78
Epoch [74/100] - [TRAIN] Loss: 0.4764, Accuracy: 79.55%, AUC: 0.79 - [VAL] Loss: 0.4969, Accuracy: 78.74%, AUC: 0.78
Epoch [75/100] - [TRAIN] Loss: 0.4760, Accuracy: 79.36%, AUC: 0.79 - [VAL] Loss: 0.4977, Accuracy: 78.70%, AUC: 0.78
Epoch [76/100] - [TRAIN] Loss: 0.4756, Accuracy: 79.55%, AUC: 0.79 - [VAL] Loss: 0.4954, Accuracy: 78.83%, AUC: 0.78
Epoch [77/100] - [TRAIN] Loss: 0.4751, Accuracy: 79.48%, AUC: 0.79 - [VAL] Loss: 0.4959, Accuracy: 78.81%, AUC: 0.78
Epoch [78/100] - [TRAIN] Loss: 0.4749, Accuracy: 79.56%, AUC: 0.79 - [VAL] Loss: 0.4968, Accuracy: 78.77%, AUC: 0.78
Epoch [79/100] - [TRAIN] Loss: 0.4746, Accuracy: 79.61%, AUC: 0.79 - [VAL] Loss: 0.4993, Accuracy: 78.43%, AUC: 0.78
Epoch [80/100] - [TRAIN] Loss: 0.4735, Accuracy: 79.59%, AUC: 0.79 - [VAL] Loss: 0.4956, Accuracy: 78.80%, AUC: 0.78
Epoch [81/100] - [TRAIN] Loss: 0.4734, Accuracy: 79.66%, AUC: 0.79 - [VAL] Loss: 0.4973, Accuracy: 78.73%, AUC: 0.78
Epoch [82/100] - [TRAIN] Loss: 0.4744, Accuracy: 79.47%, AUC: 0.79 - [VAL] Loss: 0.4976, Accuracy: 78.69%, AUC: 0.78
Epoch [83/100] - [TRAIN] Loss: 0.4741, Accuracy: 79.77%, AUC: 0.79 - [VAL] Loss: 0.4959, Accuracy: 78.76%, AUC: 0.78
Epoch [84/100] - [TRAIN] Loss: 0.4753, Accuracy: 79.50%, AUC: 0.79 - [VAL] Loss: 0.5002, Accuracy: 78.53%, AUC: 0.78
Epoch [85/100] - [TRAIN] Loss: 0.4723, Accuracy: 79.65%, AUC: 0.79 - [VAL] Loss: 0.4964, Accuracy: 78.73%, AUC: 0.78
Epoch [86/100] - [TRAIN] Loss: 0.4738, Accuracy: 79.50%, AUC: 0.79 - [VAL] Loss: 0.4961, Accuracy: 78.79%, AUC: 0.78
Epoch [87/100] - [TRAIN] Loss: 0.4741, Accuracy: 79.58%, AUC: 0.79 - [VAL] Loss: 0.4968, Accuracy: 78.68%, AUC: 0.78
Epoch [88/100] - [TRAIN] Loss: 0.4698, Accuracy: 79.69%, AUC: 0.79 - [VAL] Loss: 0.4965, Accuracy: 78.79%, AUC: 0.78
Epoch [89/100] - [TRAIN] Loss: 0.4723, Accuracy: 79.56%, AUC: 0.79 - [VAL] Loss: 0.4979, Accuracy: 78.60%, AUC: 0.78
Epoch [90/100] - [TRAIN] Loss: 0.4706, Accuracy: 79.62%, AUC: 0.79 - [VAL] Loss: 0.4981, Accuracy: 78.61%, AUC: 0.78
Epoch [91/100] - [TRAIN] Loss: 0.4703, Accuracy: 79.73%, AUC: 0.79 - [VAL] Loss: 0.4986, Accuracy: 78.65%, AUC: 0.78
Epoch [92/100] - [TRAIN] Loss: 0.4713, Accuracy: 79.77%, AUC: 0.79 - [VAL] Loss: 0.4977, Accuracy: 78.68%, AUC: 0.78
Epoch [93/100] - [TRAIN] Loss: 0.4698, Accuracy: 79.66%, AUC: 0.79 - [VAL] Loss: 0.4971, Accuracy: 78.77%, AUC: 0.78
Epoch [94/100] - [TRAIN] Loss: 0.4709, Accuracy: 79.86%, AUC: 0.79 - [VAL] Loss: 0.4983, Accuracy: 78.66%, AUC: 0.78
Epoch [95/100] - [TRAIN] Loss: 0.4708, Accuracy: 79.66%, AUC: 0.79 - [VAL] Loss: 0.4971, Accuracy: 78.76%, AUC: 0.78
Epoch [96/100] - [TRAIN] Loss: 0.4696, Accuracy: 79.69%, AUC: 0.79 - [VAL] Loss: 0.4990, Accuracy: 78.62%, AUC: 0.78
Epoch [97/100] - [TRAIN] Loss: 0.4695, Accuracy: 79.75%, AUC: 0.79 - [VAL] Loss: 0.4977, Accuracy: 78.66%, AUC: 0.78
Epoch [98/100] - [TRAIN] Loss: 0.4693, Accuracy: 79.78%, AUC: 0.79 - [VAL] Loss: 0.4990, Accuracy: 78.65%, AUC: 0.78
Epoch [99/100] - [TRAIN] Loss: 0.4701, Accuracy: 80.00%, AUC: 0.79 - [VAL] Loss: 0.4992, Accuracy: 78.69%, AUC: 0.78
Epoch [100/100] - [TRAIN] Loss: 0.4678, Accuracy: 80.02%, AUC: 0.79 - [VAL] Loss: 0.5000, Accuracy: 78.53%, AUC: 0.78
Training finished!
Accuracy Score on test set: 79.22 %
AUC Score on test set: 0.79
Item: H3K4me3-H3K27ac-H3K9ac
Train set shape: (7399, 3, 4000) (7399,)
Validation set shape: (7377, 3, 4000) (7377,)
Test set shape: (7378, 3, 4000) (7378,)
New best model saved with validation metric: 19.4242
Epoch [1/100] - [TRAIN] Loss: 0.6589, Accuracy: 60.90%, AUC: 0.52 - [VAL] Loss: 0.6232, Accuracy: 60.82%, AUC: 0.50
Epoch [2/100] - [TRAIN] Loss: 0.6031, Accuracy: 60.82%, AUC: 0.50 - [VAL] Loss: 0.5820, Accuracy: 60.82%, AUC: 0.50
Epoch [3/100] - [TRAIN] Loss: 0.5719, Accuracy: 60.98%, AUC: 0.50 - [VAL] Loss: 0.5561, Accuracy: 60.78%, AUC: 0.50
New best model saved with validation metric: 25.0996
Epoch [4/100] - [TRAIN] Loss: 0.5512, Accuracy: 74.23%, AUC: 0.70 - [VAL] Loss: 0.5407, Accuracy: 78.60%, AUC: 0.78
Epoch [5/100] - [TRAIN] Loss: 0.5420, Accuracy: 78.46%, AUC: 0.77 - [VAL] Loss: 0.5332, Accuracy: 78.32%, AUC: 0.78
Epoch [6/100] - [TRAIN] Loss: 0.5344, Accuracy: 78.59%, AUC: 0.78 - [VAL] Loss: 0.5278, Accuracy: 78.39%, AUC: 0.78
Epoch [7/100] - [TRAIN] Loss: 0.5293, Accuracy: 78.43%, AUC: 0.78 - [VAL] Loss: 0.5241, Accuracy: 78.16%, AUC: 0.78
Epoch [8/100] - [TRAIN] Loss: 0.5252, Accuracy: 78.35%, AUC: 0.78 - [VAL] Loss: 0.5206, Accuracy: 78.01%, AUC: 0.78
Epoch [9/100] - [TRAIN] Loss: 0.5234, Accuracy: 78.13%, AUC: 0.78 - [VAL] Loss: 0.5187, Accuracy: 77.81%, AUC: 0.78
Epoch [10/100] - [TRAIN] Loss: 0.5200, Accuracy: 78.19%, AUC: 0.78 - [VAL] Loss: 0.5162, Accuracy: 77.82%, AUC: 0.78
Epoch [11/100] - [TRAIN] Loss: 0.5173, Accuracy: 78.11%, AUC: 0.78 - [VAL] Loss: 0.5137, Accuracy: 77.96%, AUC: 0.78
Epoch [12/100] - [TRAIN] Loss: 0.5148, Accuracy: 78.16%, AUC: 0.78 - [VAL] Loss: 0.5122, Accuracy: 77.80%, AUC: 0.78
Epoch [13/100] - [TRAIN] Loss: 0.5151, Accuracy: 78.15%, AUC: 0.78 - [VAL] Loss: 0.5110, Accuracy: 77.71%, AUC: 0.78
Epoch [14/100] - [TRAIN] Loss: 0.5132, Accuracy: 78.17%, AUC: 0.78 - [VAL] Loss: 0.5097, Accuracy: 77.80%, AUC: 0.78
Epoch [15/100] - [TRAIN] Loss: 0.5114, Accuracy: 78.32%, AUC: 0.78 - [VAL] Loss: 0.5087, Accuracy: 77.84%, AUC: 0.78
Epoch [16/100] - [TRAIN] Loss: 0.5092, Accuracy: 78.15%, AUC: 0.78 - [VAL] Loss: 0.5078, Accuracy: 77.85%, AUC: 0.78
Epoch [17/100] - [TRAIN] Loss: 0.5072, Accuracy: 78.24%, AUC: 0.78 - [VAL] Loss: 0.5076, Accuracy: 77.74%, AUC: 0.78
Epoch [18/100] - [TRAIN] Loss: 0.5078, Accuracy: 78.29%, AUC: 0.78 - [VAL] Loss: 0.5068, Accuracy: 77.84%, AUC: 0.78
Epoch [19/100] - [TRAIN] Loss: 0.5083, Accuracy: 78.31%, AUC: 0.78 - [VAL] Loss: 0.5059, Accuracy: 77.96%, AUC: 0.78
Epoch [20/100] - [TRAIN] Loss: 0.5049, Accuracy: 78.21%, AUC: 0.78 - [VAL] Loss: 0.5053, Accuracy: 77.96%, AUC: 0.78
Epoch [21/100] - [TRAIN] Loss: 0.5049, Accuracy: 78.29%, AUC: 0.78 - [VAL] Loss: 0.5042, Accuracy: 78.42%, AUC: 0.78
Epoch [22/100] - [TRAIN] Loss: 0.5049, Accuracy: 78.40%, AUC: 0.78 - [VAL] Loss: 0.5037, Accuracy: 78.35%, AUC: 0.78
New best model saved with validation metric: 25.1169
Epoch [23/100] - [TRAIN] Loss: 0.5019, Accuracy: 78.35%, AUC: 0.78 - [VAL] Loss: 0.5033, Accuracy: 78.65%, AUC: 0.78
Epoch [24/100] - [TRAIN] Loss: 0.5013, Accuracy: 78.47%, AUC: 0.78 - [VAL] Loss: 0.5038, Accuracy: 78.12%, AUC: 0.78
Epoch [25/100] - [TRAIN] Loss: 0.5011, Accuracy: 78.52%, AUC: 0.78 - [VAL] Loss: 0.5025, Accuracy: 78.22%, AUC: 0.78
Epoch [26/100] - [TRAIN] Loss: 0.5003, Accuracy: 78.47%, AUC: 0.78 - [VAL] Loss: 0.5025, Accuracy: 78.22%, AUC: 0.78
Epoch [27/100] - [TRAIN] Loss: 0.5009, Accuracy: 78.43%, AUC: 0.78 - [VAL] Loss: 0.5024, Accuracy: 78.22%, AUC: 0.78
Epoch [28/100] - [TRAIN] Loss: 0.4997, Accuracy: 78.48%, AUC: 0.78 - [VAL] Loss: 0.5011, Accuracy: 78.45%, AUC: 0.78
Epoch [29/100] - [TRAIN] Loss: 0.5000, Accuracy: 78.70%, AUC: 0.78 - [VAL] Loss: 0.5022, Accuracy: 78.20%, AUC: 0.78
Epoch [30/100] - [TRAIN] Loss: 0.4992, Accuracy: 78.73%, AUC: 0.78 - [VAL] Loss: 0.5013, Accuracy: 78.20%, AUC: 0.78
Epoch [31/100] - [TRAIN] Loss: 0.4973, Accuracy: 78.61%, AUC: 0.78 - [VAL] Loss: 0.5005, Accuracy: 78.43%, AUC: 0.78
Epoch [32/100] - [TRAIN] Loss: 0.4967, Accuracy: 78.63%, AUC: 0.78 - [VAL] Loss: 0.5000, Accuracy: 78.45%, AUC: 0.78
Epoch [33/100] - [TRAIN] Loss: 0.4989, Accuracy: 78.74%, AUC: 0.78 - [VAL] Loss: 0.5002, Accuracy: 78.43%, AUC: 0.78
Epoch [34/100] - [TRAIN] Loss: 0.4970, Accuracy: 78.75%, AUC: 0.78 - [VAL] Loss: 0.4992, Accuracy: 78.49%, AUC: 0.78
Epoch [35/100] - [TRAIN] Loss: 0.4968, Accuracy: 78.74%, AUC: 0.78 - [VAL] Loss: 0.4992, Accuracy: 78.46%, AUC: 0.78
Epoch [36/100] - [TRAIN] Loss: 0.4952, Accuracy: 78.82%, AUC: 0.78 - [VAL] Loss: 0.4994, Accuracy: 78.45%, AUC: 0.78
Epoch [37/100] - [TRAIN] Loss: 0.4944, Accuracy: 78.77%, AUC: 0.78 - [VAL] Loss: 0.4986, Accuracy: 78.49%, AUC: 0.78
New best model saved with validation metric: 25.1212
Epoch [38/100] - [TRAIN] Loss: 0.4952, Accuracy: 78.73%, AUC: 0.78 - [VAL] Loss: 0.4981, Accuracy: 78.66%, AUC: 0.78
Epoch [39/100] - [TRAIN] Loss: 0.4943, Accuracy: 78.88%, AUC: 0.78 - [VAL] Loss: 0.4981, Accuracy: 78.57%, AUC: 0.78
Epoch [40/100] - [TRAIN] Loss: 0.4929, Accuracy: 78.81%, AUC: 0.78 - [VAL] Loss: 0.4987, Accuracy: 78.45%, AUC: 0.78
Epoch [41/100] - [TRAIN] Loss: 0.4936, Accuracy: 78.88%, AUC: 0.78 - [VAL] Loss: 0.4981, Accuracy: 78.50%, AUC: 0.78
Epoch [42/100] - [TRAIN] Loss: 0.4921, Accuracy: 78.88%, AUC: 0.78 - [VAL] Loss: 0.4986, Accuracy: 78.42%, AUC: 0.78
New best model saved with validation metric: 25.1299
Epoch [43/100] - [TRAIN] Loss: 0.4922, Accuracy: 78.83%, AUC: 0.78 - [VAL] Loss: 0.4971, Accuracy: 78.69%, AUC: 0.78
Epoch [44/100] - [TRAIN] Loss: 0.4926, Accuracy: 78.98%, AUC: 0.78 - [VAL] Loss: 0.4971, Accuracy: 78.58%, AUC: 0.78
Epoch [45/100] - [TRAIN] Loss: 0.4911, Accuracy: 78.90%, AUC: 0.78 - [VAL] Loss: 0.4969, Accuracy: 78.68%, AUC: 0.78
Epoch [46/100] - [TRAIN] Loss: 0.4906, Accuracy: 78.94%, AUC: 0.78 - [VAL] Loss: 0.4970, Accuracy: 78.55%, AUC: 0.78
Epoch [47/100] - [TRAIN] Loss: 0.4911, Accuracy: 78.79%, AUC: 0.78 - [VAL] Loss: 0.4967, Accuracy: 78.58%, AUC: 0.78
Epoch [48/100] - [TRAIN] Loss: 0.4889, Accuracy: 78.92%, AUC: 0.78 - [VAL] Loss: 0.4970, Accuracy: 78.47%, AUC: 0.78
Epoch [49/100] - [TRAIN] Loss: 0.4892, Accuracy: 78.98%, AUC: 0.78 - [VAL] Loss: 0.4964, Accuracy: 78.64%, AUC: 0.78
Epoch [50/100] - [TRAIN] Loss: 0.4885, Accuracy: 78.97%, AUC: 0.78 - [VAL] Loss: 0.4976, Accuracy: 78.50%, AUC: 0.78
Epoch [51/100] - [TRAIN] Loss: 0.4890, Accuracy: 78.94%, AUC: 0.78 - [VAL] Loss: 0.4965, Accuracy: 78.58%, AUC: 0.78
Epoch [52/100] - [TRAIN] Loss: 0.4882, Accuracy: 79.00%, AUC: 0.78 - [VAL] Loss: 0.4963, Accuracy: 78.62%, AUC: 0.78
New best model saved with validation metric: 25.1515
Epoch [53/100] - [TRAIN] Loss: 0.4882, Accuracy: 78.93%, AUC: 0.78 - [VAL] Loss: 0.4956, Accuracy: 78.76%, AUC: 0.78
Epoch [54/100] - [TRAIN] Loss: 0.4883, Accuracy: 78.90%, AUC: 0.78 - [VAL] Loss: 0.4959, Accuracy: 78.76%, AUC: 0.78
Epoch [55/100] - [TRAIN] Loss: 0.4870, Accuracy: 79.13%, AUC: 0.78 - [VAL] Loss: 0.4956, Accuracy: 78.76%, AUC: 0.78
Epoch [56/100] - [TRAIN] Loss: 0.4868, Accuracy: 79.05%, AUC: 0.78 - [VAL] Loss: 0.4955, Accuracy: 78.74%, AUC: 0.78
Epoch [57/100] - [TRAIN] Loss: 0.4862, Accuracy: 79.06%, AUC: 0.78 - [VAL] Loss: 0.4967, Accuracy: 78.54%, AUC: 0.78
Epoch [58/100] - [TRAIN] Loss: 0.4874, Accuracy: 79.01%, AUC: 0.78 - [VAL] Loss: 0.4951, Accuracy: 78.72%, AUC: 0.78
Epoch [59/100] - [TRAIN] Loss: 0.4857, Accuracy: 79.15%, AUC: 0.78 - [VAL] Loss: 0.4950, Accuracy: 78.73%, AUC: 0.78
Epoch [60/100] - [TRAIN] Loss: 0.4853, Accuracy: 78.98%, AUC: 0.78 - [VAL] Loss: 0.4959, Accuracy: 78.64%, AUC: 0.78
Epoch [61/100] - [TRAIN] Loss: 0.4851, Accuracy: 79.01%, AUC: 0.78 - [VAL] Loss: 0.4953, Accuracy: 78.74%, AUC: 0.78
Epoch [62/100] - [TRAIN] Loss: 0.4859, Accuracy: 79.13%, AUC: 0.78 - [VAL] Loss: 0.4952, Accuracy: 78.73%, AUC: 0.78
Epoch [63/100] - [TRAIN] Loss: 0.4834, Accuracy: 79.15%, AUC: 0.78 - [VAL] Loss: 0.4951, Accuracy: 78.70%, AUC: 0.78
Epoch [64/100] - [TRAIN] Loss: 0.4838, Accuracy: 79.13%, AUC: 0.78 - [VAL] Loss: 0.4949, Accuracy: 78.73%, AUC: 0.78
New best model saved with validation metric: 25.1602
Epoch [65/100] - [TRAIN] Loss: 0.4840, Accuracy: 79.11%, AUC: 0.78 - [VAL] Loss: 0.4950, Accuracy: 78.79%, AUC: 0.78
Epoch [66/100] - [TRAIN] Loss: 0.4842, Accuracy: 79.21%, AUC: 0.78 - [VAL] Loss: 0.4965, Accuracy: 78.49%, AUC: 0.78
New best model saved with validation metric: 25.1818
Epoch [67/100] - [TRAIN] Loss: 0.4832, Accuracy: 79.09%, AUC: 0.78 - [VAL] Loss: 0.4948, Accuracy: 78.85%, AUC: 0.78
Epoch [68/100] - [TRAIN] Loss: 0.4828, Accuracy: 79.11%, AUC: 0.78 - [VAL] Loss: 0.4950, Accuracy: 78.72%, AUC: 0.78
Epoch [69/100] - [TRAIN] Loss: 0.4827, Accuracy: 79.24%, AUC: 0.79 - [VAL] Loss: 0.4963, Accuracy: 78.64%, AUC: 0.78
Epoch [70/100] - [TRAIN] Loss: 0.4831, Accuracy: 79.24%, AUC: 0.79 - [VAL] Loss: 0.4954, Accuracy: 78.74%, AUC: 0.78
Epoch [71/100] - [TRAIN] Loss: 0.4820, Accuracy: 79.27%, AUC: 0.79 - [VAL] Loss: 0.4952, Accuracy: 78.74%, AUC: 0.78
Epoch [72/100] - [TRAIN] Loss: 0.4814, Accuracy: 79.27%, AUC: 0.79 - [VAL] Loss: 0.4984, Accuracy: 78.43%, AUC: 0.78
New best model saved with validation metric: 25.1948
Epoch [73/100] - [TRAIN] Loss: 0.4801, Accuracy: 79.32%, AUC: 0.79 - [VAL] Loss: 0.4949, Accuracy: 78.89%, AUC: 0.78
Epoch [74/100] - [TRAIN] Loss: 0.4806, Accuracy: 79.29%, AUC: 0.79 - [VAL] Loss: 0.4955, Accuracy: 78.76%, AUC: 0.78
Epoch [75/100] - [TRAIN] Loss: 0.4802, Accuracy: 79.27%, AUC: 0.79 - [VAL] Loss: 0.4956, Accuracy: 78.76%, AUC: 0.78
Epoch [76/100] - [TRAIN] Loss: 0.4826, Accuracy: 79.13%, AUC: 0.78 - [VAL] Loss: 0.4958, Accuracy: 78.80%, AUC: 0.78
Epoch [77/100] - [TRAIN] Loss: 0.4811, Accuracy: 79.34%, AUC: 0.79 - [VAL] Loss: 0.4954, Accuracy: 78.76%, AUC: 0.78
Epoch [78/100] - [TRAIN] Loss: 0.4796, Accuracy: 79.29%, AUC: 0.79 - [VAL] Loss: 0.4961, Accuracy: 78.70%, AUC: 0.78
Epoch [79/100] - [TRAIN] Loss: 0.4791, Accuracy: 79.50%, AUC: 0.79 - [VAL] Loss: 0.4960, Accuracy: 78.66%, AUC: 0.78
Epoch [80/100] - [TRAIN] Loss: 0.4799, Accuracy: 79.50%, AUC: 0.79 - [VAL] Loss: 0.4984, Accuracy: 78.53%, AUC: 0.78
Epoch [81/100] - [TRAIN] Loss: 0.4792, Accuracy: 79.51%, AUC: 0.79 - [VAL] Loss: 0.4960, Accuracy: 78.68%, AUC: 0.78
Epoch [82/100] - [TRAIN] Loss: 0.4787, Accuracy: 79.50%, AUC: 0.79 - [VAL] Loss: 0.4958, Accuracy: 78.76%, AUC: 0.78
Epoch [83/100] - [TRAIN] Loss: 0.4790, Accuracy: 79.52%, AUC: 0.79 - [VAL] Loss: 0.4965, Accuracy: 78.62%, AUC: 0.78
Epoch [84/100] - [TRAIN] Loss: 0.4775, Accuracy: 79.31%, AUC: 0.79 - [VAL] Loss: 0.4968, Accuracy: 78.61%, AUC: 0.78
Epoch [85/100] - [TRAIN] Loss: 0.4769, Accuracy: 79.43%, AUC: 0.79 - [VAL] Loss: 0.4964, Accuracy: 78.60%, AUC: 0.78
Epoch [86/100] - [TRAIN] Loss: 0.4783, Accuracy: 79.40%, AUC: 0.79 - [VAL] Loss: 0.4962, Accuracy: 78.72%, AUC: 0.78
Epoch [87/100] - [TRAIN] Loss: 0.4777, Accuracy: 79.47%, AUC: 0.79 - [VAL] Loss: 0.4999, Accuracy: 78.47%, AUC: 0.78
Epoch [88/100] - [TRAIN] Loss: 0.4761, Accuracy: 79.40%, AUC: 0.79 - [VAL] Loss: 0.4961, Accuracy: 78.74%, AUC: 0.78
Epoch [89/100] - [TRAIN] Loss: 0.4777, Accuracy: 79.47%, AUC: 0.79 - [VAL] Loss: 0.4958, Accuracy: 78.83%, AUC: 0.78
Epoch [90/100] - [TRAIN] Loss: 0.4768, Accuracy: 79.58%, AUC: 0.79 - [VAL] Loss: 0.4960, Accuracy: 78.77%, AUC: 0.78
Epoch [91/100] - [TRAIN] Loss: 0.4755, Accuracy: 79.38%, AUC: 0.79 - [VAL] Loss: 0.4958, Accuracy: 78.79%, AUC: 0.78
Epoch [92/100] - [TRAIN] Loss: 0.4766, Accuracy: 79.54%, AUC: 0.79 - [VAL] Loss: 0.4962, Accuracy: 78.85%, AUC: 0.78
Epoch [93/100] - [TRAIN] Loss: 0.4743, Accuracy: 79.59%, AUC: 0.79 - [VAL] Loss: 0.4963, Accuracy: 78.70%, AUC: 0.78
Epoch [94/100] - [TRAIN] Loss: 0.4760, Accuracy: 79.44%, AUC: 0.79 - [VAL] Loss: 0.4963, Accuracy: 78.68%, AUC: 0.78
Epoch [95/100] - [TRAIN] Loss: 0.4758, Accuracy: 79.74%, AUC: 0.79 - [VAL] Loss: 0.4968, Accuracy: 78.65%, AUC: 0.78
Epoch [96/100] - [TRAIN] Loss: 0.4746, Accuracy: 79.66%, AUC: 0.79 - [VAL] Loss: 0.4962, Accuracy: 78.81%, AUC: 0.78
Epoch [97/100] - [TRAIN] Loss: 0.4742, Accuracy: 79.58%, AUC: 0.79 - [VAL] Loss: 0.4964, Accuracy: 78.87%, AUC: 0.78
Epoch [98/100] - [TRAIN] Loss: 0.4729, Accuracy: 79.61%, AUC: 0.79 - [VAL] Loss: 0.4965, Accuracy: 78.76%, AUC: 0.78
Epoch [99/100] - [TRAIN] Loss: 0.4737, Accuracy: 79.61%, AUC: 0.79 - [VAL] Loss: 0.4966, Accuracy: 78.84%, AUC: 0.78
Epoch [100/100] - [TRAIN] Loss: 0.4737, Accuracy: 79.58%, AUC: 0.79 - [VAL] Loss: 0.4968, Accuracy: 78.70%, AUC: 0.78
Training finished!
Accuracy Score on test set: 79.22 %
AUC Score on test set: 0.79
Item: H3K9ac-H3K4me3-H3K27ac
Train set shape: (7399, 3, 4000) (7399,)
Validation set shape: (7377, 3, 4000) (7377,)
Test set shape: (7378, 3, 4000) (7378,)
New best model saved with validation metric: 19.4242
Epoch [1/100] - [TRAIN] Loss: 0.6452, Accuracy: 62.31%, AUC: 0.56 - [VAL] Loss: 0.5962, Accuracy: 60.82%, AUC: 0.50
New best model saved with validation metric: 25.0087
Epoch [2/100] - [TRAIN] Loss: 0.5760, Accuracy: 62.78%, AUC: 0.53 - [VAL] Loss: 0.5542, Accuracy: 78.31%, AUC: 0.77
New best model saved with validation metric: 25.0346
Epoch [3/100] - [TRAIN] Loss: 0.5481, Accuracy: 78.31%, AUC: 0.77 - [VAL] Loss: 0.5356, Accuracy: 78.39%, AUC: 0.77
New best model saved with validation metric: 25.0606
Epoch [4/100] - [TRAIN] Loss: 0.5366, Accuracy: 78.69%, AUC: 0.78 - [VAL] Loss: 0.5282, Accuracy: 78.47%, AUC: 0.78
Epoch [5/100] - [TRAIN] Loss: 0.5305, Accuracy: 78.56%, AUC: 0.78 - [VAL] Loss: 0.5237, Accuracy: 78.38%, AUC: 0.78
Epoch [6/100] - [TRAIN] Loss: 0.5251, Accuracy: 78.32%, AUC: 0.78 - [VAL] Loss: 0.5196, Accuracy: 78.38%, AUC: 0.78
Epoch [7/100] - [TRAIN] Loss: 0.5229, Accuracy: 78.38%, AUC: 0.78 - [VAL] Loss: 0.5169, Accuracy: 78.08%, AUC: 0.78
Epoch [8/100] - [TRAIN] Loss: 0.5177, Accuracy: 78.25%, AUC: 0.78 - [VAL] Loss: 0.5142, Accuracy: 77.96%, AUC: 0.78
Epoch [9/100] - [TRAIN] Loss: 0.5161, Accuracy: 78.24%, AUC: 0.78 - [VAL] Loss: 0.5120, Accuracy: 77.94%, AUC: 0.78
Epoch [10/100] - [TRAIN] Loss: 0.5128, Accuracy: 78.17%, AUC: 0.78 - [VAL] Loss: 0.5100, Accuracy: 78.03%, AUC: 0.78
Epoch [11/100] - [TRAIN] Loss: 0.5112, Accuracy: 78.25%, AUC: 0.78 - [VAL] Loss: 0.5085, Accuracy: 78.03%, AUC: 0.78
Epoch [12/100] - [TRAIN] Loss: 0.5090, Accuracy: 78.24%, AUC: 0.78 - [VAL] Loss: 0.5072, Accuracy: 78.05%, AUC: 0.78
Epoch [13/100] - [TRAIN] Loss: 0.5070, Accuracy: 78.31%, AUC: 0.78 - [VAL] Loss: 0.5065, Accuracy: 77.94%, AUC: 0.78
Epoch [14/100] - [TRAIN] Loss: 0.5080, Accuracy: 78.35%, AUC: 0.78 - [VAL] Loss: 0.5054, Accuracy: 78.03%, AUC: 0.78
Epoch [15/100] - [TRAIN] Loss: 0.5056, Accuracy: 78.39%, AUC: 0.78 - [VAL] Loss: 0.5047, Accuracy: 78.03%, AUC: 0.78
Epoch [16/100] - [TRAIN] Loss: 0.5036, Accuracy: 78.48%, AUC: 0.78 - [VAL] Loss: 0.5039, Accuracy: 78.16%, AUC: 0.78
Epoch [17/100] - [TRAIN] Loss: 0.5039, Accuracy: 78.44%, AUC: 0.78 - [VAL] Loss: 0.5035, Accuracy: 78.12%, AUC: 0.78
Epoch [18/100] - [TRAIN] Loss: 0.5012, Accuracy: 78.42%, AUC: 0.78 - [VAL] Loss: 0.5026, Accuracy: 78.34%, AUC: 0.78
Epoch [19/100] - [TRAIN] Loss: 0.5045, Accuracy: 78.42%, AUC: 0.78 - [VAL] Loss: 0.5032, Accuracy: 78.15%, AUC: 0.78
New best model saved with validation metric: 25.0823
Epoch [20/100] - [TRAIN] Loss: 0.5002, Accuracy: 78.56%, AUC: 0.78 - [VAL] Loss: 0.5013, Accuracy: 78.54%, AUC: 0.78
Epoch [21/100] - [TRAIN] Loss: 0.5007, Accuracy: 78.62%, AUC: 0.78 - [VAL] Loss: 0.5009, Accuracy: 78.53%, AUC: 0.78
Epoch [22/100] - [TRAIN] Loss: 0.4988, Accuracy: 78.66%, AUC: 0.78 - [VAL] Loss: 0.5004, Accuracy: 78.49%, AUC: 0.78
New best model saved with validation metric: 25.0952
Epoch [23/100] - [TRAIN] Loss: 0.4985, Accuracy: 78.66%, AUC: 0.78 - [VAL] Loss: 0.4999, Accuracy: 78.58%, AUC: 0.78
Epoch [24/100] - [TRAIN] Loss: 0.4983, Accuracy: 78.66%, AUC: 0.78 - [VAL] Loss: 0.4997, Accuracy: 78.58%, AUC: 0.78
Epoch [25/100] - [TRAIN] Loss: 0.4970, Accuracy: 78.65%, AUC: 0.78 - [VAL] Loss: 0.4996, Accuracy: 78.43%, AUC: 0.78
Epoch [26/100] - [TRAIN] Loss: 0.4965, Accuracy: 78.66%, AUC: 0.78 - [VAL] Loss: 0.4997, Accuracy: 78.41%, AUC: 0.78
New best model saved with validation metric: 25.1169
Epoch [27/100] - [TRAIN] Loss: 0.4980, Accuracy: 78.67%, AUC: 0.78 - [VAL] Loss: 0.4984, Accuracy: 78.65%, AUC: 0.78
Epoch [28/100] - [TRAIN] Loss: 0.4966, Accuracy: 78.83%, AUC: 0.78 - [VAL] Loss: 0.4987, Accuracy: 78.51%, AUC: 0.78
Epoch [29/100] - [TRAIN] Loss: 0.4938, Accuracy: 78.83%, AUC: 0.78 - [VAL] Loss: 0.4988, Accuracy: 78.46%, AUC: 0.78
Epoch [30/100] - [TRAIN] Loss: 0.4950, Accuracy: 78.92%, AUC: 0.78 - [VAL] Loss: 0.4987, Accuracy: 78.49%, AUC: 0.78
New best model saved with validation metric: 25.1299
Epoch [31/100] - [TRAIN] Loss: 0.4937, Accuracy: 78.71%, AUC: 0.78 - [VAL] Loss: 0.4974, Accuracy: 78.69%, AUC: 0.78
Epoch [32/100] - [TRAIN] Loss: 0.4933, Accuracy: 78.89%, AUC: 0.78 - [VAL] Loss: 0.4977, Accuracy: 78.64%, AUC: 0.78
Epoch [33/100] - [TRAIN] Loss: 0.4926, Accuracy: 78.89%, AUC: 0.78 - [VAL] Loss: 0.4973, Accuracy: 78.64%, AUC: 0.78
Epoch [34/100] - [TRAIN] Loss: 0.4938, Accuracy: 78.89%, AUC: 0.78 - [VAL] Loss: 0.4969, Accuracy: 78.57%, AUC: 0.78
Epoch [35/100] - [TRAIN] Loss: 0.4921, Accuracy: 78.90%, AUC: 0.78 - [VAL] Loss: 0.4967, Accuracy: 78.57%, AUC: 0.78
Epoch [36/100] - [TRAIN] Loss: 0.4921, Accuracy: 78.92%, AUC: 0.78 - [VAL] Loss: 0.4975, Accuracy: 78.58%, AUC: 0.78
Epoch [37/100] - [TRAIN] Loss: 0.4916, Accuracy: 78.94%, AUC: 0.78 - [VAL] Loss: 0.4966, Accuracy: 78.54%, AUC: 0.78
Epoch [38/100] - [TRAIN] Loss: 0.4902, Accuracy: 78.92%, AUC: 0.78 - [VAL] Loss: 0.4964, Accuracy: 78.54%, AUC: 0.78
Epoch [39/100] - [TRAIN] Loss: 0.4903, Accuracy: 78.82%, AUC: 0.78 - [VAL] Loss: 0.4968, Accuracy: 78.53%, AUC: 0.78
Epoch [40/100] - [TRAIN] Loss: 0.4903, Accuracy: 78.96%, AUC: 0.78 - [VAL] Loss: 0.4957, Accuracy: 78.62%, AUC: 0.78
Epoch [41/100] - [TRAIN] Loss: 0.4909, Accuracy: 79.09%, AUC: 0.78 - [VAL] Loss: 0.4960, Accuracy: 78.62%, AUC: 0.78
Epoch [42/100] - [TRAIN] Loss: 0.4902, Accuracy: 78.96%, AUC: 0.78 - [VAL] Loss: 0.4963, Accuracy: 78.46%, AUC: 0.78
Epoch [43/100] - [TRAIN] Loss: 0.4884, Accuracy: 78.96%, AUC: 0.78 - [VAL] Loss: 0.4956, Accuracy: 78.64%, AUC: 0.78
Epoch [44/100] - [TRAIN] Loss: 0.4888, Accuracy: 79.01%, AUC: 0.78 - [VAL] Loss: 0.4963, Accuracy: 78.58%, AUC: 0.78
New best model saved with validation metric: 25.1472
Epoch [45/100] - [TRAIN] Loss: 0.4889, Accuracy: 78.92%, AUC: 0.78 - [VAL] Loss: 0.4952, Accuracy: 78.74%, AUC: 0.78
New best model saved with validation metric: 25.1558
Epoch [46/100] - [TRAIN] Loss: 0.4874, Accuracy: 79.02%, AUC: 0.78 - [VAL] Loss: 0.4950, Accuracy: 78.77%, AUC: 0.78
Epoch [47/100] - [TRAIN] Loss: 0.4868, Accuracy: 78.97%, AUC: 0.78 - [VAL] Loss: 0.4956, Accuracy: 78.61%, AUC: 0.78
Epoch [48/100] - [TRAIN] Loss: 0.4869, Accuracy: 79.06%, AUC: 0.78 - [VAL] Loss: 0.4955, Accuracy: 78.65%, AUC: 0.78
Epoch [49/100] - [TRAIN] Loss: 0.4878, Accuracy: 79.05%, AUC: 0.78 - [VAL] Loss: 0.4951, Accuracy: 78.77%, AUC: 0.78
New best model saved with validation metric: 25.1602
Epoch [50/100] - [TRAIN] Loss: 0.4852, Accuracy: 78.88%, AUC: 0.78 - [VAL] Loss: 0.4951, Accuracy: 78.79%, AUC: 0.78
New best model saved with validation metric: 25.1732
Epoch [51/100] - [TRAIN] Loss: 0.4864, Accuracy: 78.93%, AUC: 0.78 - [VAL] Loss: 0.4947, Accuracy: 78.83%, AUC: 0.78
Epoch [52/100] - [TRAIN] Loss: 0.4849, Accuracy: 78.92%, AUC: 0.78 - [VAL] Loss: 0.4950, Accuracy: 78.77%, AUC: 0.78
Epoch [53/100] - [TRAIN] Loss: 0.4868, Accuracy: 79.04%, AUC: 0.78 - [VAL] Loss: 0.4947, Accuracy: 78.76%, AUC: 0.78
Epoch [54/100] - [TRAIN] Loss: 0.4845, Accuracy: 79.00%, AUC: 0.78 - [VAL] Loss: 0.4955, Accuracy: 78.65%, AUC: 0.78
Epoch [55/100] - [TRAIN] Loss: 0.4850, Accuracy: 79.02%, AUC: 0.78 - [VAL] Loss: 0.4949, Accuracy: 78.74%, AUC: 0.78
Epoch [56/100] - [TRAIN] Loss: 0.4842, Accuracy: 78.97%, AUC: 0.78 - [VAL] Loss: 0.4947, Accuracy: 78.73%, AUC: 0.78
New best model saved with validation metric: 25.1818
Epoch [57/100] - [TRAIN] Loss: 0.4850, Accuracy: 79.13%, AUC: 0.78 - [VAL] Loss: 0.4945, Accuracy: 78.85%, AUC: 0.78
Epoch [58/100] - [TRAIN] Loss: 0.4851, Accuracy: 79.08%, AUC: 0.78 - [VAL] Loss: 0.4953, Accuracy: 78.74%, AUC: 0.78
Epoch [59/100] - [TRAIN] Loss: 0.4846, Accuracy: 79.11%, AUC: 0.78 - [VAL] Loss: 0.4956, Accuracy: 78.69%, AUC: 0.78
Epoch [60/100] - [TRAIN] Loss: 0.4841, Accuracy: 79.11%, AUC: 0.78 - [VAL] Loss: 0.4950, Accuracy: 78.81%, AUC: 0.78
Epoch [61/100] - [TRAIN] Loss: 0.4843, Accuracy: 79.05%, AUC: 0.78 - [VAL] Loss: 0.4949, Accuracy: 78.83%, AUC: 0.78
Epoch [62/100] - [TRAIN] Loss: 0.4840, Accuracy: 79.15%, AUC: 0.78 - [VAL] Loss: 0.4952, Accuracy: 78.76%, AUC: 0.78
Epoch [63/100] - [TRAIN] Loss: 0.4831, Accuracy: 79.09%, AUC: 0.78 - [VAL] Loss: 0.4961, Accuracy: 78.80%, AUC: 0.78
Epoch [64/100] - [TRAIN] Loss: 0.4829, Accuracy: 79.20%, AUC: 0.78 - [VAL] Loss: 0.4956, Accuracy: 78.80%, AUC: 0.78
Epoch [65/100] - [TRAIN] Loss: 0.4831, Accuracy: 79.23%, AUC: 0.78 - [VAL] Loss: 0.4953, Accuracy: 78.79%, AUC: 0.78
Epoch [66/100] - [TRAIN] Loss: 0.4805, Accuracy: 79.23%, AUC: 0.78 - [VAL] Loss: 0.4949, Accuracy: 78.84%, AUC: 0.78
Epoch [67/100] - [TRAIN] Loss: 0.4822, Accuracy: 79.17%, AUC: 0.78 - [VAL] Loss: 0.4962, Accuracy: 78.62%, AUC: 0.78
New best model saved with validation metric: 25.1861
Epoch [68/100] - [TRAIN] Loss: 0.4811, Accuracy: 79.23%, AUC: 0.78 - [VAL] Loss: 0.4953, Accuracy: 78.87%, AUC: 0.78
Epoch [69/100] - [TRAIN] Loss: 0.4806, Accuracy: 79.31%, AUC: 0.78 - [VAL] Loss: 0.4953, Accuracy: 78.87%, AUC: 0.78
Epoch [70/100] - [TRAIN] Loss: 0.4810, Accuracy: 79.25%, AUC: 0.78 - [VAL] Loss: 0.4964, Accuracy: 78.55%, AUC: 0.78
Epoch [71/100] - [TRAIN] Loss: 0.4801, Accuracy: 79.19%, AUC: 0.78 - [VAL] Loss: 0.4954, Accuracy: 78.72%, AUC: 0.78
Epoch [72/100] - [TRAIN] Loss: 0.4791, Accuracy: 79.27%, AUC: 0.78 - [VAL] Loss: 0.4957, Accuracy: 78.69%, AUC: 0.78
Epoch [73/100] - [TRAIN] Loss: 0.4801, Accuracy: 79.13%, AUC: 0.78 - [VAL] Loss: 0.4959, Accuracy: 78.68%, AUC: 0.78
Epoch [74/100] - [TRAIN] Loss: 0.4799, Accuracy: 79.32%, AUC: 0.79 - [VAL] Loss: 0.4954, Accuracy: 78.79%, AUC: 0.78
Epoch [75/100] - [TRAIN] Loss: 0.4776, Accuracy: 79.31%, AUC: 0.78 - [VAL] Loss: 0.4953, Accuracy: 78.85%, AUC: 0.78
Epoch [76/100] - [TRAIN] Loss: 0.4791, Accuracy: 79.28%, AUC: 0.78 - [VAL] Loss: 0.4954, Accuracy: 78.87%, AUC: 0.78
Epoch [77/100] - [TRAIN] Loss: 0.4784, Accuracy: 79.21%, AUC: 0.78 - [VAL] Loss: 0.4958, Accuracy: 78.76%, AUC: 0.78
Epoch [78/100] - [TRAIN] Loss: 0.4791, Accuracy: 79.35%, AUC: 0.78 - [VAL] Loss: 0.4989, Accuracy: 78.61%, AUC: 0.78
Epoch [79/100] - [TRAIN] Loss: 0.4781, Accuracy: 79.40%, AUC: 0.79 - [VAL] Loss: 0.4962, Accuracy: 78.74%, AUC: 0.78
New best model saved with validation metric: 25.1905
Epoch [80/100] - [TRAIN] Loss: 0.4781, Accuracy: 79.39%, AUC: 0.79 - [VAL] Loss: 0.4954, Accuracy: 78.88%, AUC: 0.78
Epoch [81/100] - [TRAIN] Loss: 0.4771, Accuracy: 79.44%, AUC: 0.79 - [VAL] Loss: 0.4962, Accuracy: 78.70%, AUC: 0.78
Epoch [82/100] - [TRAIN] Loss: 0.4764, Accuracy: 79.47%, AUC: 0.79 - [VAL] Loss: 0.4955, Accuracy: 78.85%, AUC: 0.78
Epoch [83/100] - [TRAIN] Loss: 0.4774, Accuracy: 79.44%, AUC: 0.79 - [VAL] Loss: 0.4960, Accuracy: 78.87%, AUC: 0.78
Epoch [84/100] - [TRAIN] Loss: 0.4791, Accuracy: 79.42%, AUC: 0.79 - [VAL] Loss: 0.4959, Accuracy: 78.74%, AUC: 0.78
New best model saved with validation metric: 25.1948
Epoch [85/100] - [TRAIN] Loss: 0.4767, Accuracy: 79.38%, AUC: 0.79 - [VAL] Loss: 0.4958, Accuracy: 78.89%, AUC: 0.78
Epoch [86/100] - [TRAIN] Loss: 0.4753, Accuracy: 79.55%, AUC: 0.79 - [VAL] Loss: 0.4957, Accuracy: 78.88%, AUC: 0.78
Epoch [87/100] - [TRAIN] Loss: 0.4768, Accuracy: 79.50%, AUC: 0.79 - [VAL] Loss: 0.4966, Accuracy: 78.77%, AUC: 0.78
Epoch [88/100] - [TRAIN] Loss: 0.4763, Accuracy: 79.35%, AUC: 0.79 - [VAL] Loss: 0.4959, Accuracy: 78.81%, AUC: 0.78
Epoch [89/100] - [TRAIN] Loss: 0.4767, Accuracy: 79.51%, AUC: 0.79 - [VAL] Loss: 0.4964, Accuracy: 78.80%, AUC: 0.78
Epoch [90/100] - [TRAIN] Loss: 0.4743, Accuracy: 79.66%, AUC: 0.79 - [VAL] Loss: 0.4973, Accuracy: 78.66%, AUC: 0.78
Epoch [91/100] - [TRAIN] Loss: 0.4766, Accuracy: 79.58%, AUC: 0.79 - [VAL] Loss: 0.4965, Accuracy: 78.81%, AUC: 0.78
Epoch [92/100] - [TRAIN] Loss: 0.4738, Accuracy: 79.58%, AUC: 0.79 - [VAL] Loss: 0.4964, Accuracy: 78.83%, AUC: 0.78
Epoch [93/100] - [TRAIN] Loss: 0.4744, Accuracy: 79.50%, AUC: 0.79 - [VAL] Loss: 0.4963, Accuracy: 78.85%, AUC: 0.78
Epoch [94/100] - [TRAIN] Loss: 0.4752, Accuracy: 79.55%, AUC: 0.79 - [VAL] Loss: 0.4963, Accuracy: 78.89%, AUC: 0.78
Epoch [95/100] - [TRAIN] Loss: 0.4730, Accuracy: 79.63%, AUC: 0.79 - [VAL] Loss: 0.4966, Accuracy: 78.76%, AUC: 0.78
Epoch [96/100] - [TRAIN] Loss: 0.4735, Accuracy: 79.62%, AUC: 0.79 - [VAL] Loss: 0.4966, Accuracy: 78.77%, AUC: 0.78
New best model saved with validation metric: 25.2035
Epoch [97/100] - [TRAIN] Loss: 0.4750, Accuracy: 79.71%, AUC: 0.79 - [VAL] Loss: 0.4965, Accuracy: 78.92%, AUC: 0.78
Epoch [98/100] - [TRAIN] Loss: 0.4712, Accuracy: 79.67%, AUC: 0.79 - [VAL] Loss: 0.4973, Accuracy: 78.80%, AUC: 0.78
Epoch [99/100] - [TRAIN] Loss: 0.4730, Accuracy: 79.61%, AUC: 0.79 - [VAL] Loss: 0.4980, Accuracy: 78.80%, AUC: 0.78
Epoch [100/100] - [TRAIN] Loss: 0.4720, Accuracy: 79.56%, AUC: 0.79 - [VAL] Loss: 0.4983, Accuracy: 78.66%, AUC: 0.78
Training finished!
Accuracy Score on test set: 79.24 %
AUC Score on test set: 0.79
Item: H3K9ac-H3K27ac-H3K4me3
Train set shape: (7399, 3, 4000) (7399,)
Validation set shape: (7377, 3, 4000) (7377,)
Test set shape: (7378, 3, 4000) (7378,)
New best model saved with validation metric: 19.4242
Epoch [1/100] - [TRAIN] Loss: 0.6512, Accuracy: 60.41%, AUC: 0.55 - [VAL] Loss: 0.6058, Accuracy: 60.82%, AUC: 0.50
Epoch [2/100] - [TRAIN] Loss: 0.5871, Accuracy: 60.82%, AUC: 0.50 - [VAL] Loss: 0.5670, Accuracy: 60.82%, AUC: 0.50
New best model saved with validation metric: 24.9913
Epoch [3/100] - [TRAIN] Loss: 0.5578, Accuracy: 73.01%, AUC: 0.68 - [VAL] Loss: 0.5423, Accuracy: 78.26%, AUC: 0.77
Epoch [4/100] - [TRAIN] Loss: 0.5401, Accuracy: 78.28%, AUC: 0.77 - [VAL] Loss: 0.5292, Accuracy: 78.24%, AUC: 0.78
Epoch [5/100] - [TRAIN] Loss: 0.5300, Accuracy: 78.24%, AUC: 0.77 - [VAL] Loss: 0.5230, Accuracy: 78.11%, AUC: 0.78
Epoch [6/100] - [TRAIN] Loss: 0.5256, Accuracy: 78.11%, AUC: 0.78 - [VAL] Loss: 0.5195, Accuracy: 78.05%, AUC: 0.78
Epoch [7/100] - [TRAIN] Loss: 0.5223, Accuracy: 78.13%, AUC: 0.78 - [VAL] Loss: 0.5173, Accuracy: 77.88%, AUC: 0.78
Epoch [8/100] - [TRAIN] Loss: 0.5206, Accuracy: 78.06%, AUC: 0.78 - [VAL] Loss: 0.5154, Accuracy: 77.65%, AUC: 0.78
Epoch [9/100] - [TRAIN] Loss: 0.5167, Accuracy: 78.01%, AUC: 0.78 - [VAL] Loss: 0.5130, Accuracy: 78.05%, AUC: 0.78
Epoch [10/100] - [TRAIN] Loss: 0.5146, Accuracy: 78.27%, AUC: 0.78 - [VAL] Loss: 0.5114, Accuracy: 77.92%, AUC: 0.78
Epoch [11/100] - [TRAIN] Loss: 0.5154, Accuracy: 78.20%, AUC: 0.78 - [VAL] Loss: 0.5115, Accuracy: 77.50%, AUC: 0.78
Epoch [12/100] - [TRAIN] Loss: 0.5129, Accuracy: 78.31%, AUC: 0.78 - [VAL] Loss: 0.5096, Accuracy: 77.63%, AUC: 0.78
Epoch [13/100] - [TRAIN] Loss: 0.5111, Accuracy: 78.29%, AUC: 0.78 - [VAL] Loss: 0.5086, Accuracy: 77.71%, AUC: 0.78
Epoch [14/100] - [TRAIN] Loss: 0.5085, Accuracy: 78.04%, AUC: 0.78 - [VAL] Loss: 0.5073, Accuracy: 78.23%, AUC: 0.78
Epoch [15/100] - [TRAIN] Loss: 0.5073, Accuracy: 78.35%, AUC: 0.78 - [VAL] Loss: 0.5073, Accuracy: 77.66%, AUC: 0.78
Epoch [16/100] - [TRAIN] Loss: 0.5075, Accuracy: 78.24%, AUC: 0.78 - [VAL] Loss: 0.5059, Accuracy: 78.23%, AUC: 0.78
Epoch [17/100] - [TRAIN] Loss: 0.5064, Accuracy: 78.31%, AUC: 0.78 - [VAL] Loss: 0.5058, Accuracy: 78.00%, AUC: 0.78
Epoch [18/100] - [TRAIN] Loss: 0.5046, Accuracy: 78.46%, AUC: 0.78 - [VAL] Loss: 0.5050, Accuracy: 78.15%, AUC: 0.78
New best model saved with validation metric: 25.0000
Epoch [19/100] - [TRAIN] Loss: 0.5050, Accuracy: 78.43%, AUC: 0.78 - [VAL] Loss: 0.5042, Accuracy: 78.28%, AUC: 0.78
New best model saved with validation metric: 25.0087
Epoch [20/100] - [TRAIN] Loss: 0.5037, Accuracy: 78.27%, AUC: 0.78 - [VAL] Loss: 0.5038, Accuracy: 78.31%, AUC: 0.78
Epoch [21/100] - [TRAIN] Loss: 0.5033, Accuracy: 78.61%, AUC: 0.78 - [VAL] Loss: 0.5036, Accuracy: 78.20%, AUC: 0.78
New best model saved with validation metric: 25.0173
Epoch [22/100] - [TRAIN] Loss: 0.5011, Accuracy: 78.47%, AUC: 0.78 - [VAL] Loss: 0.5030, Accuracy: 78.34%, AUC: 0.78
Epoch [23/100] - [TRAIN] Loss: 0.5033, Accuracy: 78.56%, AUC: 0.78 - [VAL] Loss: 0.5033, Accuracy: 78.24%, AUC: 0.78
Epoch [24/100] - [TRAIN] Loss: 0.5006, Accuracy: 78.50%, AUC: 0.78 - [VAL] Loss: 0.5026, Accuracy: 78.19%, AUC: 0.78
New best model saved with validation metric: 25.0216
Epoch [25/100] - [TRAIN] Loss: 0.5005, Accuracy: 78.62%, AUC: 0.78 - [VAL] Loss: 0.5015, Accuracy: 78.35%, AUC: 0.78
New best model saved with validation metric: 25.0260
Epoch [26/100] - [TRAIN] Loss: 0.4990, Accuracy: 78.50%, AUC: 0.78 - [VAL] Loss: 0.5013, Accuracy: 78.37%, AUC: 0.78
New best model saved with validation metric: 25.0303
Epoch [27/100] - [TRAIN] Loss: 0.4993, Accuracy: 78.78%, AUC: 0.78 - [VAL] Loss: 0.5009, Accuracy: 78.38%, AUC: 0.78
Epoch [28/100] - [TRAIN] Loss: 0.4980, Accuracy: 78.70%, AUC: 0.78 - [VAL] Loss: 0.5008, Accuracy: 78.37%, AUC: 0.78
Epoch [29/100] - [TRAIN] Loss: 0.4984, Accuracy: 78.70%, AUC: 0.78 - [VAL] Loss: 0.5005, Accuracy: 78.37%, AUC: 0.78
New best model saved with validation metric: 25.0909
Epoch [30/100] - [TRAIN] Loss: 0.4970, Accuracy: 78.79%, AUC: 0.78 - [VAL] Loss: 0.4997, Accuracy: 78.57%, AUC: 0.78
Epoch [31/100] - [TRAIN] Loss: 0.4966, Accuracy: 78.86%, AUC: 0.78 - [VAL] Loss: 0.4995, Accuracy: 78.55%, AUC: 0.78
Epoch [32/100] - [TRAIN] Loss: 0.4975, Accuracy: 78.75%, AUC: 0.78 - [VAL] Loss: 0.4994, Accuracy: 78.54%, AUC: 0.78
Epoch [33/100] - [TRAIN] Loss: 0.4966, Accuracy: 78.75%, AUC: 0.78 - [VAL] Loss: 0.5000, Accuracy: 78.28%, AUC: 0.78
Epoch [34/100] - [TRAIN] Loss: 0.4953, Accuracy: 78.85%, AUC: 0.78 - [VAL] Loss: 0.4989, Accuracy: 78.49%, AUC: 0.78
New best model saved with validation metric: 25.1385
Epoch [35/100] - [TRAIN] Loss: 0.4960, Accuracy: 78.90%, AUC: 0.78 - [VAL] Loss: 0.4985, Accuracy: 78.72%, AUC: 0.78
Epoch [36/100] - [TRAIN] Loss: 0.4957, Accuracy: 78.78%, AUC: 0.78 - [VAL] Loss: 0.4994, Accuracy: 78.41%, AUC: 0.78
Epoch [37/100] - [TRAIN] Loss: 0.4930, Accuracy: 78.81%, AUC: 0.78 - [VAL] Loss: 0.4982, Accuracy: 78.50%, AUC: 0.78
Epoch [38/100] - [TRAIN] Loss: 0.4932, Accuracy: 78.73%, AUC: 0.78 - [VAL] Loss: 0.4981, Accuracy: 78.51%, AUC: 0.78
Epoch [39/100] - [TRAIN] Loss: 0.4925, Accuracy: 78.78%, AUC: 0.78 - [VAL] Loss: 0.4976, Accuracy: 78.66%, AUC: 0.78
Epoch [40/100] - [TRAIN] Loss: 0.4918, Accuracy: 78.81%, AUC: 0.78 - [VAL] Loss: 0.4985, Accuracy: 78.41%, AUC: 0.78
Epoch [41/100] - [TRAIN] Loss: 0.4914, Accuracy: 78.81%, AUC: 0.78 - [VAL] Loss: 0.4980, Accuracy: 78.51%, AUC: 0.78
Epoch [42/100] - [TRAIN] Loss: 0.4923, Accuracy: 78.88%, AUC: 0.78 - [VAL] Loss: 0.4975, Accuracy: 78.54%, AUC: 0.78
Epoch [43/100] - [TRAIN] Loss: 0.4916, Accuracy: 78.90%, AUC: 0.78 - [VAL] Loss: 0.4968, Accuracy: 78.68%, AUC: 0.78
Epoch [44/100] - [TRAIN] Loss: 0.4921, Accuracy: 78.85%, AUC: 0.78 - [VAL] Loss: 0.4971, Accuracy: 78.60%, AUC: 0.78
Epoch [45/100] - [TRAIN] Loss: 0.4902, Accuracy: 79.01%, AUC: 0.78 - [VAL] Loss: 0.4970, Accuracy: 78.58%, AUC: 0.78
New best model saved with validation metric: 25.1472
Epoch [46/100] - [TRAIN] Loss: 0.4898, Accuracy: 78.86%, AUC: 0.78 - [VAL] Loss: 0.4963, Accuracy: 78.74%, AUC: 0.78
Epoch [47/100] - [TRAIN] Loss: 0.4894, Accuracy: 78.96%, AUC: 0.78 - [VAL] Loss: 0.4963, Accuracy: 78.74%, AUC: 0.78
Epoch [48/100] - [TRAIN] Loss: 0.4876, Accuracy: 79.00%, AUC: 0.78 - [VAL] Loss: 0.4972, Accuracy: 78.54%, AUC: 0.78
New best model saved with validation metric: 25.1515
Epoch [49/100] - [TRAIN] Loss: 0.4888, Accuracy: 79.06%, AUC: 0.78 - [VAL] Loss: 0.4958, Accuracy: 78.76%, AUC: 0.78
Epoch [50/100] - [TRAIN] Loss: 0.4882, Accuracy: 78.93%, AUC: 0.78 - [VAL] Loss: 0.4965, Accuracy: 78.70%, AUC: 0.78
Epoch [51/100] - [TRAIN] Loss: 0.4873, Accuracy: 78.96%, AUC: 0.78 - [VAL] Loss: 0.4960, Accuracy: 78.72%, AUC: 0.78
Epoch [52/100] - [TRAIN] Loss: 0.4881, Accuracy: 79.11%, AUC: 0.78 - [VAL] Loss: 0.4956, Accuracy: 78.76%, AUC: 0.78
Epoch [53/100] - [TRAIN] Loss: 0.4873, Accuracy: 79.02%, AUC: 0.78 - [VAL] Loss: 0.4962, Accuracy: 78.70%, AUC: 0.78
Epoch [54/100] - [TRAIN] Loss: 0.4873, Accuracy: 79.04%, AUC: 0.78 - [VAL] Loss: 0.4956, Accuracy: 78.74%, AUC: 0.78
Epoch [55/100] - [TRAIN] Loss: 0.4864, Accuracy: 79.06%, AUC: 0.78 - [VAL] Loss: 0.4957, Accuracy: 78.70%, AUC: 0.78
Epoch [56/100] - [TRAIN] Loss: 0.4859, Accuracy: 79.05%, AUC: 0.78 - [VAL] Loss: 0.4958, Accuracy: 78.69%, AUC: 0.78
Epoch [57/100] - [TRAIN] Loss: 0.4854, Accuracy: 79.19%, AUC: 0.78 - [VAL] Loss: 0.4973, Accuracy: 78.64%, AUC: 0.78
Epoch [58/100] - [TRAIN] Loss: 0.4870, Accuracy: 79.09%, AUC: 0.78 - [VAL] Loss: 0.4967, Accuracy: 78.62%, AUC: 0.78
New best model saved with validation metric: 25.1558
Epoch [59/100] - [TRAIN] Loss: 0.4856, Accuracy: 79.17%, AUC: 0.78 - [VAL] Loss: 0.4960, Accuracy: 78.77%, AUC: 0.78
Epoch [60/100] - [TRAIN] Loss: 0.4834, Accuracy: 79.13%, AUC: 0.78 - [VAL] Loss: 0.4952, Accuracy: 78.72%, AUC: 0.78
Epoch [61/100] - [TRAIN] Loss: 0.4845, Accuracy: 79.13%, AUC: 0.78 - [VAL] Loss: 0.4952, Accuracy: 78.72%, AUC: 0.78
Epoch [62/100] - [TRAIN] Loss: 0.4829, Accuracy: 79.15%, AUC: 0.78 - [VAL] Loss: 0.4955, Accuracy: 78.73%, AUC: 0.78
Epoch [63/100] - [TRAIN] Loss: 0.4835, Accuracy: 79.08%, AUC: 0.78 - [VAL] Loss: 0.4956, Accuracy: 78.76%, AUC: 0.78
Epoch [64/100] - [TRAIN] Loss: 0.4833, Accuracy: 79.20%, AUC: 0.78 - [VAL] Loss: 0.4961, Accuracy: 78.66%, AUC: 0.78
Epoch [65/100] - [TRAIN] Loss: 0.4833, Accuracy: 79.15%, AUC: 0.78 - [VAL] Loss: 0.4953, Accuracy: 78.74%, AUC: 0.78
Epoch [66/100] - [TRAIN] Loss: 0.4831, Accuracy: 79.15%, AUC: 0.78 - [VAL] Loss: 0.4952, Accuracy: 78.77%, AUC: 0.78
Epoch [67/100] - [TRAIN] Loss: 0.4821, Accuracy: 79.17%, AUC: 0.78 - [VAL] Loss: 0.4958, Accuracy: 78.64%, AUC: 0.78
New best model saved with validation metric: 25.1645
Epoch [68/100] - [TRAIN] Loss: 0.4823, Accuracy: 79.31%, AUC: 0.79 - [VAL] Loss: 0.4961, Accuracy: 78.80%, AUC: 0.78
Epoch [69/100] - [TRAIN] Loss: 0.4823, Accuracy: 79.19%, AUC: 0.78 - [VAL] Loss: 0.4954, Accuracy: 78.73%, AUC: 0.78
Epoch [70/100] - [TRAIN] Loss: 0.4813, Accuracy: 79.35%, AUC: 0.79 - [VAL] Loss: 0.4954, Accuracy: 78.76%, AUC: 0.78
Epoch [71/100] - [TRAIN] Loss: 0.4816, Accuracy: 79.20%, AUC: 0.78 - [VAL] Loss: 0.4953, Accuracy: 78.77%, AUC: 0.78
Epoch [72/100] - [TRAIN] Loss: 0.4801, Accuracy: 79.28%, AUC: 0.78 - [VAL] Loss: 0.4984, Accuracy: 78.49%, AUC: 0.78
New best model saved with validation metric: 25.1688
Epoch [73/100] - [TRAIN] Loss: 0.4799, Accuracy: 79.20%, AUC: 0.78 - [VAL] Loss: 0.4954, Accuracy: 78.81%, AUC: 0.78
Epoch [74/100] - [TRAIN] Loss: 0.4802, Accuracy: 79.21%, AUC: 0.78 - [VAL] Loss: 0.4954, Accuracy: 78.79%, AUC: 0.78
Epoch [75/100] - [TRAIN] Loss: 0.4797, Accuracy: 79.34%, AUC: 0.79 - [VAL] Loss: 0.4981, Accuracy: 78.58%, AUC: 0.78
Epoch [76/100] - [TRAIN] Loss: 0.4793, Accuracy: 79.31%, AUC: 0.79 - [VAL] Loss: 0.4957, Accuracy: 78.77%, AUC: 0.78
Epoch [77/100] - [TRAIN] Loss: 0.4793, Accuracy: 79.36%, AUC: 0.79 - [VAL] Loss: 0.4955, Accuracy: 78.77%, AUC: 0.78
Epoch [78/100] - [TRAIN] Loss: 0.4783, Accuracy: 79.48%, AUC: 0.79 - [VAL] Loss: 0.4963, Accuracy: 78.64%, AUC: 0.78
Epoch [79/100] - [TRAIN] Loss: 0.4804, Accuracy: 79.35%, AUC: 0.79 - [VAL] Loss: 0.4966, Accuracy: 78.61%, AUC: 0.78
Epoch [80/100] - [TRAIN] Loss: 0.4779, Accuracy: 79.34%, AUC: 0.79 - [VAL] Loss: 0.4959, Accuracy: 78.74%, AUC: 0.78
Epoch [81/100] - [TRAIN] Loss: 0.4780, Accuracy: 79.31%, AUC: 0.79 - [VAL] Loss: 0.4975, Accuracy: 78.55%, AUC: 0.78
Epoch [82/100] - [TRAIN] Loss: 0.4775, Accuracy: 79.28%, AUC: 0.79 - [VAL] Loss: 0.4958, Accuracy: 78.65%, AUC: 0.78
Epoch [83/100] - [TRAIN] Loss: 0.4782, Accuracy: 79.50%, AUC: 0.79 - [VAL] Loss: 0.4978, Accuracy: 78.55%, AUC: 0.78
Epoch [84/100] - [TRAIN] Loss: 0.4771, Accuracy: 79.32%, AUC: 0.79 - [VAL] Loss: 0.4961, Accuracy: 78.69%, AUC: 0.78
Epoch [85/100] - [TRAIN] Loss: 0.4777, Accuracy: 79.50%, AUC: 0.79 - [VAL] Loss: 0.4970, Accuracy: 78.64%, AUC: 0.78
Epoch [86/100] - [TRAIN] Loss: 0.4773, Accuracy: 79.38%, AUC: 0.79 - [VAL] Loss: 0.4983, Accuracy: 78.51%, AUC: 0.78
Epoch [87/100] - [TRAIN] Loss: 0.4765, Accuracy: 79.44%, AUC: 0.79 - [VAL] Loss: 0.4976, Accuracy: 78.53%, AUC: 0.78
Epoch [88/100] - [TRAIN] Loss: 0.4756, Accuracy: 79.52%, AUC: 0.79 - [VAL] Loss: 0.4989, Accuracy: 78.55%, AUC: 0.78
Epoch [89/100] - [TRAIN] Loss: 0.4779, Accuracy: 79.40%, AUC: 0.79 - [VAL] Loss: 0.4965, Accuracy: 78.66%, AUC: 0.78
Epoch [90/100] - [TRAIN] Loss: 0.4756, Accuracy: 79.51%, AUC: 0.79 - [VAL] Loss: 0.4983, Accuracy: 78.53%, AUC: 0.78
Epoch [91/100] - [TRAIN] Loss: 0.4751, Accuracy: 79.46%, AUC: 0.79 - [VAL] Loss: 0.4971, Accuracy: 78.50%, AUC: 0.78
Epoch [92/100] - [TRAIN] Loss: 0.4741, Accuracy: 79.55%, AUC: 0.79 - [VAL] Loss: 0.4962, Accuracy: 78.69%, AUC: 0.78
Epoch [93/100] - [TRAIN] Loss: 0.4771, Accuracy: 79.55%, AUC: 0.79 - [VAL] Loss: 0.4966, Accuracy: 78.76%, AUC: 0.78
Epoch [94/100] - [TRAIN] Loss: 0.4740, Accuracy: 79.71%, AUC: 0.79 - [VAL] Loss: 0.4979, Accuracy: 78.46%, AUC: 0.78
New best model saved with validation metric: 25.1732
Epoch [95/100] - [TRAIN] Loss: 0.4756, Accuracy: 79.47%, AUC: 0.79 - [VAL] Loss: 0.4969, Accuracy: 78.83%, AUC: 0.78
Epoch [96/100] - [TRAIN] Loss: 0.4737, Accuracy: 79.65%, AUC: 0.79 - [VAL] Loss: 0.5007, Accuracy: 78.49%, AUC: 0.78
New best model saved with validation metric: 25.1948
Epoch [97/100] - [TRAIN] Loss: 0.4747, Accuracy: 79.66%, AUC: 0.79 - [VAL] Loss: 0.4971, Accuracy: 78.89%, AUC: 0.78
Epoch [98/100] - [TRAIN] Loss: 0.4746, Accuracy: 79.73%, AUC: 0.79 - [VAL] Loss: 0.5005, Accuracy: 78.41%, AUC: 0.78
Epoch [99/100] - [TRAIN] Loss: 0.4760, Accuracy: 79.54%, AUC: 0.79 - [VAL] Loss: 0.4979, Accuracy: 78.65%, AUC: 0.78
Epoch [100/100] - [TRAIN] Loss: 0.4746, Accuracy: 79.65%, AUC: 0.79 - [VAL] Loss: 0.4979, Accuracy: 78.66%, AUC: 0.78
Training finished!
Accuracy Score on test set: 79.29 %
AUC Score on test set: 0.79
Item: H3K27ac-H3K4me3-H3K9ac
Train set shape: (7399, 3, 4000) (7399,)
Validation set shape: (7377, 3, 4000) (7377,)
Test set shape: (7378, 3, 4000) (7378,)
New best model saved with validation metric: 19.4242
Epoch [1/100] - [TRAIN] Loss: 0.6506, Accuracy: 62.72%, AUC: 0.56 - [VAL] Loss: 0.6073, Accuracy: 60.82%, AUC: 0.50
Epoch [2/100] - [TRAIN] Loss: 0.5860, Accuracy: 60.82%, AUC: 0.50 - [VAL] Loss: 0.5638, Accuracy: 60.82%, AUC: 0.50
New best model saved with validation metric: 24.9654
Epoch [3/100] - [TRAIN] Loss: 0.5550, Accuracy: 73.37%, AUC: 0.69 - [VAL] Loss: 0.5405, Accuracy: 78.18%, AUC: 0.77
New best model saved with validation metric: 25.0476
Epoch [4/100] - [TRAIN] Loss: 0.5384, Accuracy: 78.39%, AUC: 0.77 - [VAL] Loss: 0.5298, Accuracy: 78.43%, AUC: 0.78
Epoch [5/100] - [TRAIN] Loss: 0.5304, Accuracy: 78.55%, AUC: 0.78 - [VAL] Loss: 0.5236, Accuracy: 78.31%, AUC: 0.78
Epoch [6/100] - [TRAIN] Loss: 0.5253, Accuracy: 78.61%, AUC: 0.78 - [VAL] Loss: 0.5203, Accuracy: 78.11%, AUC: 0.78
Epoch [7/100] - [TRAIN] Loss: 0.5217, Accuracy: 78.36%, AUC: 0.78 - [VAL] Loss: 0.5170, Accuracy: 78.13%, AUC: 0.78
Epoch [8/100] - [TRAIN] Loss: 0.5190, Accuracy: 78.27%, AUC: 0.78 - [VAL] Loss: 0.5144, Accuracy: 78.05%, AUC: 0.78
Epoch [9/100] - [TRAIN] Loss: 0.5164, Accuracy: 78.11%, AUC: 0.78 - [VAL] Loss: 0.5122, Accuracy: 78.07%, AUC: 0.78
Epoch [10/100] - [TRAIN] Loss: 0.5138, Accuracy: 78.25%, AUC: 0.78 - [VAL] Loss: 0.5108, Accuracy: 77.80%, AUC: 0.78
Epoch [11/100] - [TRAIN] Loss: 0.5117, Accuracy: 78.24%, AUC: 0.78 - [VAL] Loss: 0.5090, Accuracy: 78.22%, AUC: 0.78
Epoch [12/100] - [TRAIN] Loss: 0.5100, Accuracy: 78.40%, AUC: 0.78 - [VAL] Loss: 0.5083, Accuracy: 77.86%, AUC: 0.78
Epoch [13/100] - [TRAIN] Loss: 0.5085, Accuracy: 78.27%, AUC: 0.78 - [VAL] Loss: 0.5070, Accuracy: 77.97%, AUC: 0.78
Epoch [14/100] - [TRAIN] Loss: 0.5086, Accuracy: 78.38%, AUC: 0.78 - [VAL] Loss: 0.5061, Accuracy: 78.08%, AUC: 0.78
Epoch [15/100] - [TRAIN] Loss: 0.5060, Accuracy: 78.36%, AUC: 0.78 - [VAL] Loss: 0.5056, Accuracy: 78.07%, AUC: 0.78
Epoch [16/100] - [TRAIN] Loss: 0.5053, Accuracy: 78.38%, AUC: 0.78 - [VAL] Loss: 0.5048, Accuracy: 78.18%, AUC: 0.78
Epoch [17/100] - [TRAIN] Loss: 0.5034, Accuracy: 78.50%, AUC: 0.78 - [VAL] Loss: 0.5044, Accuracy: 78.16%, AUC: 0.78
Epoch [18/100] - [TRAIN] Loss: 0.5051, Accuracy: 78.46%, AUC: 0.78 - [VAL] Loss: 0.5034, Accuracy: 78.38%, AUC: 0.78
New best model saved with validation metric: 25.0693
Epoch [19/100] - [TRAIN] Loss: 0.5027, Accuracy: 78.48%, AUC: 0.78 - [VAL] Loss: 0.5026, Accuracy: 78.50%, AUC: 0.78
Epoch [20/100] - [TRAIN] Loss: 0.5020, Accuracy: 78.65%, AUC: 0.78 - [VAL] Loss: 0.5022, Accuracy: 78.46%, AUC: 0.78
Epoch [21/100] - [TRAIN] Loss: 0.5010, Accuracy: 78.66%, AUC: 0.78 - [VAL] Loss: 0.5018, Accuracy: 78.47%, AUC: 0.78
Epoch [22/100] - [TRAIN] Loss: 0.5012, Accuracy: 78.69%, AUC: 0.78 - [VAL] Loss: 0.5017, Accuracy: 78.45%, AUC: 0.78
Epoch [23/100] - [TRAIN] Loss: 0.4994, Accuracy: 78.74%, AUC: 0.78 - [VAL] Loss: 0.5010, Accuracy: 78.47%, AUC: 0.78
Epoch [24/100] - [TRAIN] Loss: 0.4999, Accuracy: 78.69%, AUC: 0.78 - [VAL] Loss: 0.5005, Accuracy: 78.43%, AUC: 0.78
Epoch [25/100] - [TRAIN] Loss: 0.4998, Accuracy: 78.81%, AUC: 0.78 - [VAL] Loss: 0.5010, Accuracy: 78.46%, AUC: 0.78
Epoch [26/100] - [TRAIN] Loss: 0.4978, Accuracy: 78.78%, AUC: 0.78 - [VAL] Loss: 0.4998, Accuracy: 78.46%, AUC: 0.78
Epoch [27/100] - [TRAIN] Loss: 0.4967, Accuracy: 78.89%, AUC: 0.78 - [VAL] Loss: 0.5004, Accuracy: 78.38%, AUC: 0.78
Epoch [28/100] - [TRAIN] Loss: 0.4968, Accuracy: 78.81%, AUC: 0.78 - [VAL] Loss: 0.4997, Accuracy: 78.41%, AUC: 0.78
Epoch [29/100] - [TRAIN] Loss: 0.4957, Accuracy: 78.73%, AUC: 0.78 - [VAL] Loss: 0.4993, Accuracy: 78.43%, AUC: 0.78
Epoch [30/100] - [TRAIN] Loss: 0.4967, Accuracy: 78.75%, AUC: 0.78 - [VAL] Loss: 0.4990, Accuracy: 78.41%, AUC: 0.78
Epoch [31/100] - [TRAIN] Loss: 0.4964, Accuracy: 78.83%, AUC: 0.78 - [VAL] Loss: 0.4985, Accuracy: 78.50%, AUC: 0.78
Epoch [32/100] - [TRAIN] Loss: 0.4939, Accuracy: 78.88%, AUC: 0.78 - [VAL] Loss: 0.4991, Accuracy: 78.41%, AUC: 0.78
New best model saved with validation metric: 25.0823
Epoch [33/100] - [TRAIN] Loss: 0.4960, Accuracy: 78.83%, AUC: 0.78 - [VAL] Loss: 0.4984, Accuracy: 78.54%, AUC: 0.78
Epoch [34/100] - [TRAIN] Loss: 0.4938, Accuracy: 78.94%, AUC: 0.78 - [VAL] Loss: 0.4980, Accuracy: 78.50%, AUC: 0.78
Epoch [35/100] - [TRAIN] Loss: 0.4941, Accuracy: 78.93%, AUC: 0.78 - [VAL] Loss: 0.4980, Accuracy: 78.54%, AUC: 0.78
New best model saved with validation metric: 25.0909
Epoch [36/100] - [TRAIN] Loss: 0.4932, Accuracy: 78.78%, AUC: 0.78 - [VAL] Loss: 0.4972, Accuracy: 78.57%, AUC: 0.78
New best model saved with validation metric: 25.1039
Epoch [37/100] - [TRAIN] Loss: 0.4929, Accuracy: 79.00%, AUC: 0.78 - [VAL] Loss: 0.4975, Accuracy: 78.61%, AUC: 0.78
Epoch [38/100] - [TRAIN] Loss: 0.4921, Accuracy: 78.93%, AUC: 0.78 - [VAL] Loss: 0.4970, Accuracy: 78.57%, AUC: 0.78
New best model saved with validation metric: 25.1082
Epoch [39/100] - [TRAIN] Loss: 0.4922, Accuracy: 79.01%, AUC: 0.78 - [VAL] Loss: 0.4969, Accuracy: 78.62%, AUC: 0.78
Epoch [40/100] - [TRAIN] Loss: 0.4913, Accuracy: 78.98%, AUC: 0.78 - [VAL] Loss: 0.4965, Accuracy: 78.62%, AUC: 0.78
New best model saved with validation metric: 25.1126
Epoch [41/100] - [TRAIN] Loss: 0.4917, Accuracy: 78.97%, AUC: 0.78 - [VAL] Loss: 0.4965, Accuracy: 78.64%, AUC: 0.78
Epoch [42/100] - [TRAIN] Loss: 0.4907, Accuracy: 78.96%, AUC: 0.78 - [VAL] Loss: 0.4972, Accuracy: 78.49%, AUC: 0.78
Epoch [43/100] - [TRAIN] Loss: 0.4906, Accuracy: 79.01%, AUC: 0.78 - [VAL] Loss: 0.4966, Accuracy: 78.61%, AUC: 0.78
Epoch [44/100] - [TRAIN] Loss: 0.4901, Accuracy: 79.05%, AUC: 0.78 - [VAL] Loss: 0.4966, Accuracy: 78.60%, AUC: 0.78
Epoch [45/100] - [TRAIN] Loss: 0.4909, Accuracy: 79.02%, AUC: 0.78 - [VAL] Loss: 0.4963, Accuracy: 78.55%, AUC: 0.78
New best model saved with validation metric: 25.1212
Epoch [46/100] - [TRAIN] Loss: 0.4890, Accuracy: 78.97%, AUC: 0.78 - [VAL] Loss: 0.4959, Accuracy: 78.66%, AUC: 0.78
New best model saved with validation metric: 25.1429
Epoch [47/100] - [TRAIN] Loss: 0.4885, Accuracy: 79.13%, AUC: 0.78 - [VAL] Loss: 0.4954, Accuracy: 78.73%, AUC: 0.78
Epoch [48/100] - [TRAIN] Loss: 0.4880, Accuracy: 79.05%, AUC: 0.78 - [VAL] Loss: 0.4954, Accuracy: 78.70%, AUC: 0.78
Epoch [49/100] - [TRAIN] Loss: 0.4875, Accuracy: 78.96%, AUC: 0.78 - [VAL] Loss: 0.4957, Accuracy: 78.61%, AUC: 0.78
Epoch [50/100] - [TRAIN] Loss: 0.4870, Accuracy: 79.17%, AUC: 0.78 - [VAL] Loss: 0.4954, Accuracy: 78.69%, AUC: 0.78
New best model saved with validation metric: 25.1515
Epoch [51/100] - [TRAIN] Loss: 0.4868, Accuracy: 79.12%, AUC: 0.78 - [VAL] Loss: 0.4951, Accuracy: 78.76%, AUC: 0.78
Epoch [52/100] - [TRAIN] Loss: 0.4863, Accuracy: 79.00%, AUC: 0.78 - [VAL] Loss: 0.4950, Accuracy: 78.72%, AUC: 0.78
Epoch [53/100] - [TRAIN] Loss: 0.4865, Accuracy: 78.98%, AUC: 0.78 - [VAL] Loss: 0.4954, Accuracy: 78.70%, AUC: 0.78
Epoch [54/100] - [TRAIN] Loss: 0.4855, Accuracy: 79.17%, AUC: 0.78 - [VAL] Loss: 0.4957, Accuracy: 78.57%, AUC: 0.78
Epoch [55/100] - [TRAIN] Loss: 0.4842, Accuracy: 79.08%, AUC: 0.78 - [VAL] Loss: 0.4948, Accuracy: 78.73%, AUC: 0.78
Epoch [56/100] - [TRAIN] Loss: 0.4855, Accuracy: 79.13%, AUC: 0.78 - [VAL] Loss: 0.4958, Accuracy: 78.57%, AUC: 0.78
Epoch [57/100] - [TRAIN] Loss: 0.4856, Accuracy: 79.12%, AUC: 0.78 - [VAL] Loss: 0.4947, Accuracy: 78.74%, AUC: 0.78
Epoch [58/100] - [TRAIN] Loss: 0.4851, Accuracy: 79.13%, AUC: 0.78 - [VAL] Loss: 0.4947, Accuracy: 78.73%, AUC: 0.78
New best model saved with validation metric: 25.1558
Epoch [59/100] - [TRAIN] Loss: 0.4833, Accuracy: 79.16%, AUC: 0.78 - [VAL] Loss: 0.4946, Accuracy: 78.77%, AUC: 0.78
Epoch [60/100] - [TRAIN] Loss: 0.4845, Accuracy: 79.08%, AUC: 0.78 - [VAL] Loss: 0.4955, Accuracy: 78.69%, AUC: 0.78
New best model saved with validation metric: 25.1775
Epoch [61/100] - [TRAIN] Loss: 0.4837, Accuracy: 79.11%, AUC: 0.78 - [VAL] Loss: 0.4946, Accuracy: 78.84%, AUC: 0.78
New best model saved with validation metric: 25.1861
Epoch [62/100] - [TRAIN] Loss: 0.4855, Accuracy: 79.21%, AUC: 0.78 - [VAL] Loss: 0.4948, Accuracy: 78.87%, AUC: 0.78
Epoch [63/100] - [TRAIN] Loss: 0.4824, Accuracy: 79.24%, AUC: 0.78 - [VAL] Loss: 0.4973, Accuracy: 78.49%, AUC: 0.78
Epoch [64/100] - [TRAIN] Loss: 0.4818, Accuracy: 79.36%, AUC: 0.79 - [VAL] Loss: 0.4947, Accuracy: 78.84%, AUC: 0.78
Epoch [65/100] - [TRAIN] Loss: 0.4818, Accuracy: 79.35%, AUC: 0.79 - [VAL] Loss: 0.4958, Accuracy: 78.76%, AUC: 0.78
Epoch [66/100] - [TRAIN] Loss: 0.4810, Accuracy: 79.32%, AUC: 0.78 - [VAL] Loss: 0.4945, Accuracy: 78.83%, AUC: 0.78
Epoch [67/100] - [TRAIN] Loss: 0.4814, Accuracy: 79.43%, AUC: 0.79 - [VAL] Loss: 0.4948, Accuracy: 78.84%, AUC: 0.78
New best model saved with validation metric: 25.1905
Epoch [68/100] - [TRAIN] Loss: 0.4810, Accuracy: 79.38%, AUC: 0.78 - [VAL] Loss: 0.4947, Accuracy: 78.88%, AUC: 0.78
Epoch [69/100] - [TRAIN] Loss: 0.4810, Accuracy: 79.35%, AUC: 0.79 - [VAL] Loss: 0.4945, Accuracy: 78.80%, AUC: 0.78
Epoch [70/100] - [TRAIN] Loss: 0.4797, Accuracy: 79.42%, AUC: 0.79 - [VAL] Loss: 0.4948, Accuracy: 78.80%, AUC: 0.78
Epoch [71/100] - [TRAIN] Loss: 0.4810, Accuracy: 79.42%, AUC: 0.79 - [VAL] Loss: 0.4950, Accuracy: 78.84%, AUC: 0.78
Epoch [72/100] - [TRAIN] Loss: 0.4790, Accuracy: 79.42%, AUC: 0.79 - [VAL] Loss: 0.4947, Accuracy: 78.84%, AUC: 0.78
Epoch [73/100] - [TRAIN] Loss: 0.4787, Accuracy: 79.50%, AUC: 0.79 - [VAL] Loss: 0.4964, Accuracy: 78.55%, AUC: 0.78
Epoch [74/100] - [TRAIN] Loss: 0.4798, Accuracy: 79.44%, AUC: 0.79 - [VAL] Loss: 0.4961, Accuracy: 78.79%, AUC: 0.78
Epoch [75/100] - [TRAIN] Loss: 0.4786, Accuracy: 79.32%, AUC: 0.78 - [VAL] Loss: 0.4952, Accuracy: 78.79%, AUC: 0.78
Epoch [76/100] - [TRAIN] Loss: 0.4776, Accuracy: 79.35%, AUC: 0.78 - [VAL] Loss: 0.4958, Accuracy: 78.70%, AUC: 0.78
Epoch [77/100] - [TRAIN] Loss: 0.4797, Accuracy: 79.52%, AUC: 0.79 - [VAL] Loss: 0.4980, Accuracy: 78.58%, AUC: 0.78
Epoch [78/100] - [TRAIN] Loss: 0.4781, Accuracy: 79.48%, AUC: 0.79 - [VAL] Loss: 0.4954, Accuracy: 78.77%, AUC: 0.78
Epoch [79/100] - [TRAIN] Loss: 0.4776, Accuracy: 79.46%, AUC: 0.79 - [VAL] Loss: 0.4956, Accuracy: 78.73%, AUC: 0.78
Epoch [80/100] - [TRAIN] Loss: 0.4761, Accuracy: 79.66%, AUC: 0.79 - [VAL] Loss: 0.4996, Accuracy: 78.54%, AUC: 0.78
Epoch [81/100] - [TRAIN] Loss: 0.4774, Accuracy: 79.43%, AUC: 0.79 - [VAL] Loss: 0.4951, Accuracy: 78.83%, AUC: 0.78
Epoch [82/100] - [TRAIN] Loss: 0.4783, Accuracy: 79.43%, AUC: 0.79 - [VAL] Loss: 0.4952, Accuracy: 78.81%, AUC: 0.78
Epoch [83/100] - [TRAIN] Loss: 0.4768, Accuracy: 79.47%, AUC: 0.79 - [VAL] Loss: 0.4955, Accuracy: 78.80%, AUC: 0.78
Epoch [84/100] - [TRAIN] Loss: 0.4770, Accuracy: 79.59%, AUC: 0.79 - [VAL] Loss: 0.4956, Accuracy: 78.76%, AUC: 0.78
Epoch [85/100] - [TRAIN] Loss: 0.4762, Accuracy: 79.43%, AUC: 0.79 - [VAL] Loss: 0.4965, Accuracy: 78.72%, AUC: 0.78
Epoch [86/100] - [TRAIN] Loss: 0.4746, Accuracy: 79.67%, AUC: 0.79 - [VAL] Loss: 0.4964, Accuracy: 78.73%, AUC: 0.78
Epoch [87/100] - [TRAIN] Loss: 0.4743, Accuracy: 79.67%, AUC: 0.79 - [VAL] Loss: 0.4957, Accuracy: 78.74%, AUC: 0.78
Epoch [88/100] - [TRAIN] Loss: 0.4748, Accuracy: 79.56%, AUC: 0.79 - [VAL] Loss: 0.4967, Accuracy: 78.72%, AUC: 0.78
Epoch [89/100] - [TRAIN] Loss: 0.4765, Accuracy: 79.58%, AUC: 0.79 - [VAL] Loss: 0.4957, Accuracy: 78.85%, AUC: 0.78
Epoch [90/100] - [TRAIN] Loss: 0.4740, Accuracy: 79.63%, AUC: 0.79 - [VAL] Loss: 0.4961, Accuracy: 78.74%, AUC: 0.78
Epoch [91/100] - [TRAIN] Loss: 0.4754, Accuracy: 79.62%, AUC: 0.79 - [VAL] Loss: 0.4959, Accuracy: 78.80%, AUC: 0.78
Epoch [92/100] - [TRAIN] Loss: 0.4735, Accuracy: 79.55%, AUC: 0.79 - [VAL] Loss: 0.4971, Accuracy: 78.74%, AUC: 0.78
Epoch [93/100] - [TRAIN] Loss: 0.4745, Accuracy: 79.63%, AUC: 0.79 - [VAL] Loss: 0.4962, Accuracy: 78.76%, AUC: 0.78
Epoch [94/100] - [TRAIN] Loss: 0.4749, Accuracy: 79.66%, AUC: 0.79 - [VAL] Loss: 0.4978, Accuracy: 78.73%, AUC: 0.78
Epoch [95/100] - [TRAIN] Loss: 0.4732, Accuracy: 79.62%, AUC: 0.79 - [VAL] Loss: 0.4999, Accuracy: 78.60%, AUC: 0.78
Epoch [96/100] - [TRAIN] Loss: 0.4736, Accuracy: 79.67%, AUC: 0.79 - [VAL] Loss: 0.4966, Accuracy: 78.73%, AUC: 0.78
Epoch [97/100] - [TRAIN] Loss: 0.4715, Accuracy: 79.73%, AUC: 0.79 - [VAL] Loss: 0.4967, Accuracy: 78.73%, AUC: 0.78
Epoch [98/100] - [TRAIN] Loss: 0.4722, Accuracy: 79.58%, AUC: 0.79 - [VAL] Loss: 0.4981, Accuracy: 78.66%, AUC: 0.78
Epoch [99/100] - [TRAIN] Loss: 0.4719, Accuracy: 79.55%, AUC: 0.79 - [VAL] Loss: 0.4964, Accuracy: 78.76%, AUC: 0.78
Epoch [100/100] - [TRAIN] Loss: 0.4714, Accuracy: 79.69%, AUC: 0.79 - [VAL] Loss: 0.5002, Accuracy: 78.64%, AUC: 0.78
Training finished!
Accuracy Score on test set: 79.15 %
AUC Score on test set: 0.79
Item: H3K27ac-H3K9ac-H3K4me3
Train set shape: (7399, 3, 4000) (7399,)
Validation set shape: (7377, 3, 4000) (7377,)
Test set shape: (7378, 3, 4000) (7378,)
New best model saved with validation metric: 19.4242
Epoch [1/100] - [TRAIN] Loss: 0.6572, Accuracy: 61.08%, AUC: 0.51 - [VAL] Loss: 0.6242, Accuracy: 60.82%, AUC: 0.50
Epoch [2/100] - [TRAIN] Loss: 0.6024, Accuracy: 60.82%, AUC: 0.50 - [VAL] Loss: 0.5775, Accuracy: 60.82%, AUC: 0.50
New best model saved with validation metric: 25.1472
Epoch [3/100] - [TRAIN] Loss: 0.5638, Accuracy: 68.91%, AUC: 0.62 - [VAL] Loss: 0.5458, Accuracy: 78.74%, AUC: 0.78
Epoch [4/100] - [TRAIN] Loss: 0.5414, Accuracy: 78.52%, AUC: 0.77 - [VAL] Loss: 0.5302, Accuracy: 78.32%, AUC: 0.78
Epoch [5/100] - [TRAIN] Loss: 0.5302, Accuracy: 78.51%, AUC: 0.78 - [VAL] Loss: 0.5226, Accuracy: 78.11%, AUC: 0.78
Epoch [6/100] - [TRAIN] Loss: 0.5239, Accuracy: 78.25%, AUC: 0.78 - [VAL] Loss: 0.5187, Accuracy: 77.77%, AUC: 0.78
Epoch [7/100] - [TRAIN] Loss: 0.5204, Accuracy: 78.12%, AUC: 0.78 - [VAL] Loss: 0.5152, Accuracy: 77.70%, AUC: 0.78
Epoch [8/100] - [TRAIN] Loss: 0.5175, Accuracy: 78.08%, AUC: 0.78 - [VAL] Loss: 0.5124, Accuracy: 77.77%, AUC: 0.78
Epoch [9/100] - [TRAIN] Loss: 0.5152, Accuracy: 78.05%, AUC: 0.78 - [VAL] Loss: 0.5105, Accuracy: 77.82%, AUC: 0.78
Epoch [10/100] - [TRAIN] Loss: 0.5126, Accuracy: 78.06%, AUC: 0.78 - [VAL] Loss: 0.5093, Accuracy: 77.69%, AUC: 0.78
Epoch [11/100] - [TRAIN] Loss: 0.5099, Accuracy: 78.23%, AUC: 0.78 - [VAL] Loss: 0.5081, Accuracy: 77.65%, AUC: 0.78
Epoch [12/100] - [TRAIN] Loss: 0.5089, Accuracy: 78.15%, AUC: 0.78 - [VAL] Loss: 0.5068, Accuracy: 77.81%, AUC: 0.78
Epoch [13/100] - [TRAIN] Loss: 0.5077, Accuracy: 78.16%, AUC: 0.78 - [VAL] Loss: 0.5061, Accuracy: 77.78%, AUC: 0.78
Epoch [14/100] - [TRAIN] Loss: 0.5059, Accuracy: 78.36%, AUC: 0.78 - [VAL] Loss: 0.5052, Accuracy: 77.84%, AUC: 0.78
Epoch [15/100] - [TRAIN] Loss: 0.5055, Accuracy: 78.35%, AUC: 0.78 - [VAL] Loss: 0.5039, Accuracy: 78.31%, AUC: 0.78
Epoch [16/100] - [TRAIN] Loss: 0.5051, Accuracy: 78.32%, AUC: 0.78 - [VAL] Loss: 0.5033, Accuracy: 78.41%, AUC: 0.78
Epoch [17/100] - [TRAIN] Loss: 0.5032, Accuracy: 78.44%, AUC: 0.78 - [VAL] Loss: 0.5031, Accuracy: 78.07%, AUC: 0.78
Epoch [18/100] - [TRAIN] Loss: 0.5024, Accuracy: 78.38%, AUC: 0.78 - [VAL] Loss: 0.5021, Accuracy: 78.49%, AUC: 0.78
Epoch [19/100] - [TRAIN] Loss: 0.5032, Accuracy: 78.47%, AUC: 0.78 - [VAL] Loss: 0.5026, Accuracy: 78.03%, AUC: 0.78
Epoch [20/100] - [TRAIN] Loss: 0.5012, Accuracy: 78.31%, AUC: 0.78 - [VAL] Loss: 0.5014, Accuracy: 78.37%, AUC: 0.78
Epoch [21/100] - [TRAIN] Loss: 0.5004, Accuracy: 78.46%, AUC: 0.78 - [VAL] Loss: 0.5014, Accuracy: 78.27%, AUC: 0.78
Epoch [22/100] - [TRAIN] Loss: 0.5014, Accuracy: 78.62%, AUC: 0.78 - [VAL] Loss: 0.5013, Accuracy: 78.27%, AUC: 0.78
Epoch [23/100] - [TRAIN] Loss: 0.4993, Accuracy: 78.58%, AUC: 0.78 - [VAL] Loss: 0.5006, Accuracy: 78.34%, AUC: 0.78
Epoch [24/100] - [TRAIN] Loss: 0.4982, Accuracy: 78.62%, AUC: 0.78 - [VAL] Loss: 0.5002, Accuracy: 78.37%, AUC: 0.78
Epoch [25/100] - [TRAIN] Loss: 0.4988, Accuracy: 78.65%, AUC: 0.78 - [VAL] Loss: 0.4993, Accuracy: 78.58%, AUC: 0.78
Epoch [26/100] - [TRAIN] Loss: 0.4985, Accuracy: 78.62%, AUC: 0.78 - [VAL] Loss: 0.4991, Accuracy: 78.58%, AUC: 0.78
Epoch [27/100] - [TRAIN] Loss: 0.4966, Accuracy: 78.77%, AUC: 0.78 - [VAL] Loss: 0.4993, Accuracy: 78.38%, AUC: 0.78
Epoch [28/100] - [TRAIN] Loss: 0.4964, Accuracy: 78.62%, AUC: 0.78 - [VAL] Loss: 0.4984, Accuracy: 78.61%, AUC: 0.78
Epoch [29/100] - [TRAIN] Loss: 0.4963, Accuracy: 78.71%, AUC: 0.78 - [VAL] Loss: 0.4981, Accuracy: 78.65%, AUC: 0.78
Epoch [30/100] - [TRAIN] Loss: 0.4976, Accuracy: 78.93%, AUC: 0.78 - [VAL] Loss: 0.4983, Accuracy: 78.53%, AUC: 0.78
Epoch [31/100] - [TRAIN] Loss: 0.4965, Accuracy: 78.69%, AUC: 0.78 - [VAL] Loss: 0.4984, Accuracy: 78.46%, AUC: 0.78
Epoch [32/100] - [TRAIN] Loss: 0.4948, Accuracy: 78.86%, AUC: 0.78 - [VAL] Loss: 0.4991, Accuracy: 78.30%, AUC: 0.78
Epoch [33/100] - [TRAIN] Loss: 0.4942, Accuracy: 78.74%, AUC: 0.78 - [VAL] Loss: 0.4975, Accuracy: 78.60%, AUC: 0.78
Epoch [34/100] - [TRAIN] Loss: 0.4946, Accuracy: 78.86%, AUC: 0.78 - [VAL] Loss: 0.4970, Accuracy: 78.64%, AUC: 0.78
Epoch [35/100] - [TRAIN] Loss: 0.4935, Accuracy: 78.90%, AUC: 0.78 - [VAL] Loss: 0.4973, Accuracy: 78.55%, AUC: 0.78
Epoch [36/100] - [TRAIN] Loss: 0.4932, Accuracy: 78.81%, AUC: 0.78 - [VAL] Loss: 0.4972, Accuracy: 78.60%, AUC: 0.78
Epoch [37/100] - [TRAIN] Loss: 0.4921, Accuracy: 78.96%, AUC: 0.78 - [VAL] Loss: 0.4970, Accuracy: 78.60%, AUC: 0.78
Epoch [38/100] - [TRAIN] Loss: 0.4933, Accuracy: 78.75%, AUC: 0.78 - [VAL] Loss: 0.4967, Accuracy: 78.66%, AUC: 0.78
Epoch [39/100] - [TRAIN] Loss: 0.4930, Accuracy: 78.88%, AUC: 0.78 - [VAL] Loss: 0.4962, Accuracy: 78.73%, AUC: 0.78
Epoch [40/100] - [TRAIN] Loss: 0.4911, Accuracy: 79.00%, AUC: 0.78 - [VAL] Loss: 0.4965, Accuracy: 78.60%, AUC: 0.78
Epoch [41/100] - [TRAIN] Loss: 0.4906, Accuracy: 78.83%, AUC: 0.78 - [VAL] Loss: 0.4960, Accuracy: 78.72%, AUC: 0.78
Epoch [42/100] - [TRAIN] Loss: 0.4899, Accuracy: 78.93%, AUC: 0.78 - [VAL] Loss: 0.4957, Accuracy: 78.68%, AUC: 0.78
Epoch [43/100] - [TRAIN] Loss: 0.4911, Accuracy: 78.98%, AUC: 0.78 - [VAL] Loss: 0.4971, Accuracy: 78.50%, AUC: 0.78
New best model saved with validation metric: 25.1732
Epoch [44/100] - [TRAIN] Loss: 0.4898, Accuracy: 78.85%, AUC: 0.78 - [VAL] Loss: 0.4954, Accuracy: 78.83%, AUC: 0.78
Epoch [45/100] - [TRAIN] Loss: 0.4899, Accuracy: 78.86%, AUC: 0.78 - [VAL] Loss: 0.4964, Accuracy: 78.58%, AUC: 0.78
Epoch [46/100] - [TRAIN] Loss: 0.4897, Accuracy: 79.06%, AUC: 0.78 - [VAL] Loss: 0.4970, Accuracy: 78.49%, AUC: 0.78
Epoch [47/100] - [TRAIN] Loss: 0.4894, Accuracy: 78.93%, AUC: 0.78 - [VAL] Loss: 0.4951, Accuracy: 78.80%, AUC: 0.78
Epoch [48/100] - [TRAIN] Loss: 0.4903, Accuracy: 78.96%, AUC: 0.78 - [VAL] Loss: 0.4959, Accuracy: 78.66%, AUC: 0.78
Epoch [49/100] - [TRAIN] Loss: 0.4882, Accuracy: 79.05%, AUC: 0.78 - [VAL] Loss: 0.4954, Accuracy: 78.73%, AUC: 0.78
Epoch [50/100] - [TRAIN] Loss: 0.4879, Accuracy: 79.06%, AUC: 0.78 - [VAL] Loss: 0.4960, Accuracy: 78.58%, AUC: 0.78
Epoch [51/100] - [TRAIN] Loss: 0.4871, Accuracy: 79.08%, AUC: 0.78 - [VAL] Loss: 0.4952, Accuracy: 78.73%, AUC: 0.78
Epoch [52/100] - [TRAIN] Loss: 0.4879, Accuracy: 78.94%, AUC: 0.78 - [VAL] Loss: 0.4952, Accuracy: 78.72%, AUC: 0.78
Epoch [53/100] - [TRAIN] Loss: 0.4856, Accuracy: 79.11%, AUC: 0.78 - [VAL] Loss: 0.4950, Accuracy: 78.74%, AUC: 0.78
Epoch [54/100] - [TRAIN] Loss: 0.4862, Accuracy: 79.13%, AUC: 0.78 - [VAL] Loss: 0.4949, Accuracy: 78.77%, AUC: 0.78
Epoch [55/100] - [TRAIN] Loss: 0.4868, Accuracy: 79.12%, AUC: 0.78 - [VAL] Loss: 0.4949, Accuracy: 78.76%, AUC: 0.78
Epoch [56/100] - [TRAIN] Loss: 0.4846, Accuracy: 79.11%, AUC: 0.78 - [VAL] Loss: 0.4949, Accuracy: 78.76%, AUC: 0.78
Epoch [57/100] - [TRAIN] Loss: 0.4860, Accuracy: 79.09%, AUC: 0.78 - [VAL] Loss: 0.4957, Accuracy: 78.65%, AUC: 0.78
Epoch [58/100] - [TRAIN] Loss: 0.4844, Accuracy: 79.13%, AUC: 0.78 - [VAL] Loss: 0.4946, Accuracy: 78.83%, AUC: 0.78
Epoch [59/100] - [TRAIN] Loss: 0.4853, Accuracy: 79.15%, AUC: 0.78 - [VAL] Loss: 0.4955, Accuracy: 78.70%, AUC: 0.78
Epoch [60/100] - [TRAIN] Loss: 0.4856, Accuracy: 79.17%, AUC: 0.78 - [VAL] Loss: 0.4946, Accuracy: 78.80%, AUC: 0.78
Epoch [61/100] - [TRAIN] Loss: 0.4843, Accuracy: 79.13%, AUC: 0.78 - [VAL] Loss: 0.4956, Accuracy: 78.65%, AUC: 0.78
Epoch [62/100] - [TRAIN] Loss: 0.4835, Accuracy: 79.25%, AUC: 0.79 - [VAL] Loss: 0.4946, Accuracy: 78.83%, AUC: 0.78
Epoch [63/100] - [TRAIN] Loss: 0.4826, Accuracy: 79.24%, AUC: 0.78 - [VAL] Loss: 0.4956, Accuracy: 78.61%, AUC: 0.78
Epoch [64/100] - [TRAIN] Loss: 0.4836, Accuracy: 79.11%, AUC: 0.78 - [VAL] Loss: 0.4950, Accuracy: 78.72%, AUC: 0.78
Epoch [65/100] - [TRAIN] Loss: 0.4819, Accuracy: 79.06%, AUC: 0.78 - [VAL] Loss: 0.4947, Accuracy: 78.83%, AUC: 0.78
Epoch [66/100] - [TRAIN] Loss: 0.4837, Accuracy: 79.34%, AUC: 0.79 - [VAL] Loss: 0.4951, Accuracy: 78.73%, AUC: 0.78
Epoch [67/100] - [TRAIN] Loss: 0.4815, Accuracy: 79.31%, AUC: 0.79 - [VAL] Loss: 0.4966, Accuracy: 78.54%, AUC: 0.78
Epoch [68/100] - [TRAIN] Loss: 0.4808, Accuracy: 79.24%, AUC: 0.78 - [VAL] Loss: 0.4950, Accuracy: 78.69%, AUC: 0.78
Epoch [69/100] - [TRAIN] Loss: 0.4822, Accuracy: 79.31%, AUC: 0.79 - [VAL] Loss: 0.4955, Accuracy: 78.73%, AUC: 0.78
Epoch [70/100] - [TRAIN] Loss: 0.4812, Accuracy: 79.38%, AUC: 0.79 - [VAL] Loss: 0.4959, Accuracy: 78.66%, AUC: 0.78
New best model saved with validation metric: 25.1905
Epoch [71/100] - [TRAIN] Loss: 0.4807, Accuracy: 79.28%, AUC: 0.79 - [VAL] Loss: 0.4952, Accuracy: 78.88%, AUC: 0.78
Epoch [72/100] - [TRAIN] Loss: 0.4799, Accuracy: 79.39%, AUC: 0.79 - [VAL] Loss: 0.4951, Accuracy: 78.70%, AUC: 0.78
Epoch [73/100] - [TRAIN] Loss: 0.4796, Accuracy: 79.32%, AUC: 0.79 - [VAL] Loss: 0.4956, Accuracy: 78.65%, AUC: 0.78
Epoch [74/100] - [TRAIN] Loss: 0.4796, Accuracy: 79.47%, AUC: 0.79 - [VAL] Loss: 0.4956, Accuracy: 78.64%, AUC: 0.78
Epoch [75/100] - [TRAIN] Loss: 0.4798, Accuracy: 79.36%, AUC: 0.79 - [VAL] Loss: 0.4955, Accuracy: 78.65%, AUC: 0.78
Epoch [76/100] - [TRAIN] Loss: 0.4796, Accuracy: 79.29%, AUC: 0.79 - [VAL] Loss: 0.4965, Accuracy: 78.55%, AUC: 0.78
Epoch [77/100] - [TRAIN] Loss: 0.4796, Accuracy: 79.39%, AUC: 0.79 - [VAL] Loss: 0.4956, Accuracy: 78.77%, AUC: 0.78
Epoch [78/100] - [TRAIN] Loss: 0.4798, Accuracy: 79.35%, AUC: 0.79 - [VAL] Loss: 0.4953, Accuracy: 78.84%, AUC: 0.78
Epoch [79/100] - [TRAIN] Loss: 0.4793, Accuracy: 79.39%, AUC: 0.79 - [VAL] Loss: 0.4962, Accuracy: 78.83%, AUC: 0.78
Epoch [80/100] - [TRAIN] Loss: 0.4795, Accuracy: 79.34%, AUC: 0.79 - [VAL] Loss: 0.4971, Accuracy: 78.54%, AUC: 0.78
Epoch [81/100] - [TRAIN] Loss: 0.4789, Accuracy: 79.35%, AUC: 0.79 - [VAL] Loss: 0.4955, Accuracy: 78.87%, AUC: 0.78
Epoch [82/100] - [TRAIN] Loss: 0.4781, Accuracy: 79.47%, AUC: 0.79 - [VAL] Loss: 0.4978, Accuracy: 78.55%, AUC: 0.78
Epoch [83/100] - [TRAIN] Loss: 0.4775, Accuracy: 79.39%, AUC: 0.79 - [VAL] Loss: 0.4973, Accuracy: 78.51%, AUC: 0.78
Epoch [84/100] - [TRAIN] Loss: 0.4773, Accuracy: 79.48%, AUC: 0.79 - [VAL] Loss: 0.4983, Accuracy: 78.50%, AUC: 0.78
Epoch [85/100] - [TRAIN] Loss: 0.4771, Accuracy: 79.51%, AUC: 0.79 - [VAL] Loss: 0.4964, Accuracy: 78.68%, AUC: 0.78
Epoch [86/100] - [TRAIN] Loss: 0.4782, Accuracy: 79.48%, AUC: 0.79 - [VAL] Loss: 0.4961, Accuracy: 78.73%, AUC: 0.78
Epoch [87/100] - [TRAIN] Loss: 0.4775, Accuracy: 79.63%, AUC: 0.79 - [VAL] Loss: 0.4960, Accuracy: 78.73%, AUC: 0.78
Epoch [88/100] - [TRAIN] Loss: 0.4752, Accuracy: 79.40%, AUC: 0.79 - [VAL] Loss: 0.4962, Accuracy: 78.69%, AUC: 0.78
Epoch [89/100] - [TRAIN] Loss: 0.4759, Accuracy: 79.55%, AUC: 0.79 - [VAL] Loss: 0.4962, Accuracy: 78.72%, AUC: 0.78
Epoch [90/100] - [TRAIN] Loss: 0.4756, Accuracy: 79.54%, AUC: 0.79 - [VAL] Loss: 0.4965, Accuracy: 78.64%, AUC: 0.78
Epoch [91/100] - [TRAIN] Loss: 0.4761, Accuracy: 79.58%, AUC: 0.79 - [VAL] Loss: 0.4960, Accuracy: 78.81%, AUC: 0.78
Epoch [92/100] - [TRAIN] Loss: 0.4752, Accuracy: 79.63%, AUC: 0.79 - [VAL] Loss: 0.4972, Accuracy: 78.60%, AUC: 0.78
Epoch [93/100] - [TRAIN] Loss: 0.4751, Accuracy: 79.66%, AUC: 0.79 - [VAL] Loss: 0.4967, Accuracy: 78.74%, AUC: 0.78
Epoch [94/100] - [TRAIN] Loss: 0.4752, Accuracy: 79.67%, AUC: 0.79 - [VAL] Loss: 0.4984, Accuracy: 78.51%, AUC: 0.78
Epoch [95/100] - [TRAIN] Loss: 0.4750, Accuracy: 79.78%, AUC: 0.79 - [VAL] Loss: 0.4963, Accuracy: 78.88%, AUC: 0.78
Epoch [96/100] - [TRAIN] Loss: 0.4739, Accuracy: 79.69%, AUC: 0.79 - [VAL] Loss: 0.4986, Accuracy: 78.45%, AUC: 0.78
Epoch [97/100] - [TRAIN] Loss: 0.4750, Accuracy: 79.55%, AUC: 0.79 - [VAL] Loss: 0.4973, Accuracy: 78.60%, AUC: 0.78
Epoch [98/100] - [TRAIN] Loss: 0.4741, Accuracy: 79.79%, AUC: 0.79 - [VAL] Loss: 0.4996, Accuracy: 78.41%, AUC: 0.78
Epoch [99/100] - [TRAIN] Loss: 0.4739, Accuracy: 79.79%, AUC: 0.79 - [VAL] Loss: 0.4973, Accuracy: 78.70%, AUC: 0.78
Epoch [100/100] - [TRAIN] Loss: 0.4747, Accuracy: 79.63%, AUC: 0.79 - [VAL] Loss: 0.4975, Accuracy: 78.61%, AUC: 0.78
Training finished!
Accuracy Score on test set: 79.14 %
AUC Score on test set: 0.78
Item: H3K4me3-H3K9ac-H3K27me3
Train set shape: (7399, 3, 4000) (7399,)
Validation set shape: (7377, 3, 4000) (7377,)
Test set shape: (7378, 3, 4000) (7378,)
New best model saved with validation metric: 19.4242
Epoch [1/100] - [TRAIN] Loss: 0.6654, Accuracy: 60.82%, AUC: 0.50 - [VAL] Loss: 0.6469, Accuracy: 60.82%, AUC: 0.50
Epoch [2/100] - [TRAIN] Loss: 0.6326, Accuracy: 60.82%, AUC: 0.50 - [VAL] Loss: 0.6144, Accuracy: 60.82%, AUC: 0.50
Epoch [3/100] - [TRAIN] Loss: 0.6026, Accuracy: 60.82%, AUC: 0.50 - [VAL] Loss: 0.5849, Accuracy: 60.82%, AUC: 0.50
New best model saved with validation metric: 19.6580
Epoch [4/100] - [TRAIN] Loss: 0.5764, Accuracy: 60.82%, AUC: 0.50 - [VAL] Loss: 0.5600, Accuracy: 61.56%, AUC: 0.51
New best model saved with validation metric: 24.9870
Epoch [5/100] - [TRAIN] Loss: 0.5569, Accuracy: 72.23%, AUC: 0.67 - [VAL] Loss: 0.5437, Accuracy: 78.24%, AUC: 0.77
New best model saved with validation metric: 25.0216
Epoch [6/100] - [TRAIN] Loss: 0.5443, Accuracy: 78.46%, AUC: 0.77 - [VAL] Loss: 0.5339, Accuracy: 78.35%, AUC: 0.78
Epoch [7/100] - [TRAIN] Loss: 0.5358, Accuracy: 78.48%, AUC: 0.77 - [VAL] Loss: 0.5283, Accuracy: 78.09%, AUC: 0.77
Epoch [8/100] - [TRAIN] Loss: 0.5298, Accuracy: 78.40%, AUC: 0.78 - [VAL] Loss: 0.5232, Accuracy: 77.99%, AUC: 0.77
Epoch [9/100] - [TRAIN] Loss: 0.5265, Accuracy: 78.44%, AUC: 0.78 - [VAL] Loss: 0.5206, Accuracy: 77.88%, AUC: 0.78
Epoch [10/100] - [TRAIN] Loss: 0.5220, Accuracy: 78.11%, AUC: 0.78 - [VAL] Loss: 0.5174, Accuracy: 77.88%, AUC: 0.78
Epoch [11/100] - [TRAIN] Loss: 0.5199, Accuracy: 78.11%, AUC: 0.78 - [VAL] Loss: 0.5154, Accuracy: 77.89%, AUC: 0.78
Epoch [12/100] - [TRAIN] Loss: 0.5164, Accuracy: 78.05%, AUC: 0.78 - [VAL] Loss: 0.5138, Accuracy: 77.88%, AUC: 0.78
Epoch [13/100] - [TRAIN] Loss: 0.5153, Accuracy: 78.21%, AUC: 0.78 - [VAL] Loss: 0.5125, Accuracy: 77.89%, AUC: 0.78
Epoch [14/100] - [TRAIN] Loss: 0.5139, Accuracy: 78.20%, AUC: 0.78 - [VAL] Loss: 0.5114, Accuracy: 77.86%, AUC: 0.78
Epoch [15/100] - [TRAIN] Loss: 0.5119, Accuracy: 78.13%, AUC: 0.78 - [VAL] Loss: 0.5103, Accuracy: 77.93%, AUC: 0.78
Epoch [16/100] - [TRAIN] Loss: 0.5117, Accuracy: 78.25%, AUC: 0.78 - [VAL] Loss: 0.5096, Accuracy: 77.86%, AUC: 0.78
Epoch [17/100] - [TRAIN] Loss: 0.5099, Accuracy: 78.38%, AUC: 0.78 - [VAL] Loss: 0.5085, Accuracy: 78.07%, AUC: 0.78
Epoch [18/100] - [TRAIN] Loss: 0.5088, Accuracy: 78.28%, AUC: 0.78 - [VAL] Loss: 0.5078, Accuracy: 77.97%, AUC: 0.78
Epoch [19/100] - [TRAIN] Loss: 0.5073, Accuracy: 78.21%, AUC: 0.78 - [VAL] Loss: 0.5070, Accuracy: 78.00%, AUC: 0.78
Epoch [20/100] - [TRAIN] Loss: 0.5080, Accuracy: 78.29%, AUC: 0.78 - [VAL] Loss: 0.5065, Accuracy: 77.99%, AUC: 0.78
Epoch [21/100] - [TRAIN] Loss: 0.5063, Accuracy: 78.35%, AUC: 0.78 - [VAL] Loss: 0.5057, Accuracy: 78.08%, AUC: 0.78
Epoch [22/100] - [TRAIN] Loss: 0.5067, Accuracy: 78.33%, AUC: 0.78 - [VAL] Loss: 0.5051, Accuracy: 78.13%, AUC: 0.78
Epoch [23/100] - [TRAIN] Loss: 0.5057, Accuracy: 78.36%, AUC: 0.78 - [VAL] Loss: 0.5045, Accuracy: 78.11%, AUC: 0.78
Epoch [24/100] - [TRAIN] Loss: 0.5039, Accuracy: 78.40%, AUC: 0.78 - [VAL] Loss: 0.5041, Accuracy: 78.08%, AUC: 0.78
Epoch [25/100] - [TRAIN] Loss: 0.5027, Accuracy: 78.47%, AUC: 0.78 - [VAL] Loss: 0.5038, Accuracy: 78.09%, AUC: 0.78
Epoch [26/100] - [TRAIN] Loss: 0.5020, Accuracy: 78.55%, AUC: 0.78 - [VAL] Loss: 0.5036, Accuracy: 78.12%, AUC: 0.78
Epoch [27/100] - [TRAIN] Loss: 0.5025, Accuracy: 78.47%, AUC: 0.78 - [VAL] Loss: 0.5028, Accuracy: 78.13%, AUC: 0.78
Epoch [28/100] - [TRAIN] Loss: 0.5036, Accuracy: 78.54%, AUC: 0.78 - [VAL] Loss: 0.5025, Accuracy: 78.16%, AUC: 0.78
Epoch [29/100] - [TRAIN] Loss: 0.5019, Accuracy: 78.50%, AUC: 0.78 - [VAL] Loss: 0.5020, Accuracy: 78.18%, AUC: 0.78
Epoch [30/100] - [TRAIN] Loss: 0.5010, Accuracy: 78.51%, AUC: 0.78 - [VAL] Loss: 0.5017, Accuracy: 78.20%, AUC: 0.78
Epoch [31/100] - [TRAIN] Loss: 0.5015, Accuracy: 78.69%, AUC: 0.78 - [VAL] Loss: 0.5026, Accuracy: 78.15%, AUC: 0.78
Epoch [32/100] - [TRAIN] Loss: 0.5002, Accuracy: 78.43%, AUC: 0.78 - [VAL] Loss: 0.5014, Accuracy: 78.09%, AUC: 0.78
Epoch [33/100] - [TRAIN] Loss: 0.4997, Accuracy: 78.70%, AUC: 0.78 - [VAL] Loss: 0.5008, Accuracy: 78.24%, AUC: 0.78
Epoch [34/100] - [TRAIN] Loss: 0.4988, Accuracy: 78.75%, AUC: 0.78 - [VAL] Loss: 0.5010, Accuracy: 78.12%, AUC: 0.78
Epoch [35/100] - [TRAIN] Loss: 0.4984, Accuracy: 78.77%, AUC: 0.78 - [VAL] Loss: 0.5013, Accuracy: 78.19%, AUC: 0.78
Epoch [36/100] - [TRAIN] Loss: 0.4979, Accuracy: 78.85%, AUC: 0.78 - [VAL] Loss: 0.5003, Accuracy: 78.18%, AUC: 0.78
Epoch [37/100] - [TRAIN] Loss: 0.4971, Accuracy: 78.82%, AUC: 0.78 - [VAL] Loss: 0.5010, Accuracy: 78.18%, AUC: 0.78
Epoch [38/100] - [TRAIN] Loss: 0.4976, Accuracy: 78.69%, AUC: 0.78 - [VAL] Loss: 0.4998, Accuracy: 78.23%, AUC: 0.78
Epoch [39/100] - [TRAIN] Loss: 0.4984, Accuracy: 78.79%, AUC: 0.78 - [VAL] Loss: 0.4997, Accuracy: 78.26%, AUC: 0.78
Epoch [40/100] - [TRAIN] Loss: 0.4957, Accuracy: 78.79%, AUC: 0.78 - [VAL] Loss: 0.4993, Accuracy: 78.27%, AUC: 0.78
Epoch [41/100] - [TRAIN] Loss: 0.4955, Accuracy: 78.78%, AUC: 0.78 - [VAL] Loss: 0.4991, Accuracy: 78.27%, AUC: 0.78
Epoch [42/100] - [TRAIN] Loss: 0.4953, Accuracy: 78.79%, AUC: 0.78 - [VAL] Loss: 0.4988, Accuracy: 78.32%, AUC: 0.78
Epoch [43/100] - [TRAIN] Loss: 0.4952, Accuracy: 78.88%, AUC: 0.78 - [VAL] Loss: 0.4987, Accuracy: 78.26%, AUC: 0.78
New best model saved with validation metric: 25.0736
Epoch [44/100] - [TRAIN] Loss: 0.4961, Accuracy: 78.85%, AUC: 0.78 - [VAL] Loss: 0.4985, Accuracy: 78.51%, AUC: 0.78
Epoch [45/100] - [TRAIN] Loss: 0.4972, Accuracy: 78.85%, AUC: 0.78 - [VAL] Loss: 0.4986, Accuracy: 78.27%, AUC: 0.78
Epoch [46/100] - [TRAIN] Loss: 0.4939, Accuracy: 78.89%, AUC: 0.78 - [VAL] Loss: 0.4984, Accuracy: 78.24%, AUC: 0.78
Epoch [47/100] - [TRAIN] Loss: 0.4937, Accuracy: 78.88%, AUC: 0.78 - [VAL] Loss: 0.4990, Accuracy: 78.22%, AUC: 0.78
Epoch [48/100] - [TRAIN] Loss: 0.4939, Accuracy: 78.86%, AUC: 0.78 - [VAL] Loss: 0.4977, Accuracy: 78.47%, AUC: 0.78
Epoch [49/100] - [TRAIN] Loss: 0.4928, Accuracy: 78.83%, AUC: 0.78 - [VAL] Loss: 0.4979, Accuracy: 78.26%, AUC: 0.78
Epoch [50/100] - [TRAIN] Loss: 0.4943, Accuracy: 78.96%, AUC: 0.78 - [VAL] Loss: 0.4977, Accuracy: 78.34%, AUC: 0.78
Epoch [51/100] - [TRAIN] Loss: 0.4925, Accuracy: 78.96%, AUC: 0.78 - [VAL] Loss: 0.4974, Accuracy: 78.38%, AUC: 0.78
Epoch [52/100] - [TRAIN] Loss: 0.4926, Accuracy: 78.94%, AUC: 0.78 - [VAL] Loss: 0.4972, Accuracy: 78.50%, AUC: 0.78
Epoch [53/100] - [TRAIN] Loss: 0.4922, Accuracy: 78.93%, AUC: 0.78 - [VAL] Loss: 0.4971, Accuracy: 78.46%, AUC: 0.78
Epoch [54/100] - [TRAIN] Loss: 0.4908, Accuracy: 78.92%, AUC: 0.78 - [VAL] Loss: 0.4971, Accuracy: 78.37%, AUC: 0.78
Epoch [55/100] - [TRAIN] Loss: 0.4917, Accuracy: 78.93%, AUC: 0.78 - [VAL] Loss: 0.4972, Accuracy: 78.32%, AUC: 0.78
Epoch [56/100] - [TRAIN] Loss: 0.4919, Accuracy: 78.96%, AUC: 0.78 - [VAL] Loss: 0.4968, Accuracy: 78.42%, AUC: 0.78
Epoch [57/100] - [TRAIN] Loss: 0.4915, Accuracy: 78.96%, AUC: 0.78 - [VAL] Loss: 0.4974, Accuracy: 78.26%, AUC: 0.78
Epoch [58/100] - [TRAIN] Loss: 0.4915, Accuracy: 78.97%, AUC: 0.78 - [VAL] Loss: 0.4969, Accuracy: 78.35%, AUC: 0.78
Epoch [59/100] - [TRAIN] Loss: 0.4913, Accuracy: 78.97%, AUC: 0.78 - [VAL] Loss: 0.4965, Accuracy: 78.49%, AUC: 0.78
Epoch [60/100] - [TRAIN] Loss: 0.4905, Accuracy: 78.98%, AUC: 0.78 - [VAL] Loss: 0.4970, Accuracy: 78.32%, AUC: 0.78
Epoch [61/100] - [TRAIN] Loss: 0.4919, Accuracy: 78.96%, AUC: 0.78 - [VAL] Loss: 0.4964, Accuracy: 78.47%, AUC: 0.78
Epoch [62/100] - [TRAIN] Loss: 0.4900, Accuracy: 78.86%, AUC: 0.78 - [VAL] Loss: 0.4963, Accuracy: 78.38%, AUC: 0.78
New best model saved with validation metric: 25.0952
Epoch [63/100] - [TRAIN] Loss: 0.4901, Accuracy: 79.00%, AUC: 0.78 - [VAL] Loss: 0.4962, Accuracy: 78.58%, AUC: 0.78
Epoch [64/100] - [TRAIN] Loss: 0.4897, Accuracy: 79.04%, AUC: 0.78 - [VAL] Loss: 0.4961, Accuracy: 78.38%, AUC: 0.78
Epoch [65/100] - [TRAIN] Loss: 0.4889, Accuracy: 78.94%, AUC: 0.78 - [VAL] Loss: 0.4959, Accuracy: 78.50%, AUC: 0.78
Epoch [66/100] - [TRAIN] Loss: 0.4894, Accuracy: 78.93%, AUC: 0.78 - [VAL] Loss: 0.4960, Accuracy: 78.38%, AUC: 0.78
Epoch [67/100] - [TRAIN] Loss: 0.4878, Accuracy: 79.09%, AUC: 0.78 - [VAL] Loss: 0.4965, Accuracy: 78.38%, AUC: 0.78
Epoch [68/100] - [TRAIN] Loss: 0.4880, Accuracy: 79.02%, AUC: 0.78 - [VAL] Loss: 0.4958, Accuracy: 78.49%, AUC: 0.78
New best model saved with validation metric: 25.1082
Epoch [69/100] - [TRAIN] Loss: 0.4881, Accuracy: 78.90%, AUC: 0.78 - [VAL] Loss: 0.4958, Accuracy: 78.62%, AUC: 0.78
Epoch [70/100] - [TRAIN] Loss: 0.4890, Accuracy: 79.08%, AUC: 0.78 - [VAL] Loss: 0.4965, Accuracy: 78.38%, AUC: 0.78
Epoch [71/100] - [TRAIN] Loss: 0.4892, Accuracy: 79.11%, AUC: 0.78 - [VAL] Loss: 0.4977, Accuracy: 78.23%, AUC: 0.78
Epoch [72/100] - [TRAIN] Loss: 0.4871, Accuracy: 79.01%, AUC: 0.78 - [VAL] Loss: 0.4956, Accuracy: 78.50%, AUC: 0.78
Epoch [73/100] - [TRAIN] Loss: 0.4862, Accuracy: 79.16%, AUC: 0.78 - [VAL] Loss: 0.4956, Accuracy: 78.50%, AUC: 0.78
Epoch [74/100] - [TRAIN] Loss: 0.4870, Accuracy: 79.00%, AUC: 0.78 - [VAL] Loss: 0.4962, Accuracy: 78.35%, AUC: 0.78
Epoch [75/100] - [TRAIN] Loss: 0.4875, Accuracy: 79.15%, AUC: 0.78 - [VAL] Loss: 0.4959, Accuracy: 78.45%, AUC: 0.78
Epoch [76/100] - [TRAIN] Loss: 0.4859, Accuracy: 79.11%, AUC: 0.78 - [VAL] Loss: 0.4962, Accuracy: 78.37%, AUC: 0.78
Epoch [77/100] - [TRAIN] Loss: 0.4856, Accuracy: 79.06%, AUC: 0.78 - [VAL] Loss: 0.4955, Accuracy: 78.49%, AUC: 0.78
Epoch [78/100] - [TRAIN] Loss: 0.4858, Accuracy: 79.13%, AUC: 0.78 - [VAL] Loss: 0.4956, Accuracy: 78.41%, AUC: 0.78
Epoch [79/100] - [TRAIN] Loss: 0.4868, Accuracy: 79.04%, AUC: 0.78 - [VAL] Loss: 0.4954, Accuracy: 78.57%, AUC: 0.78
Epoch [80/100] - [TRAIN] Loss: 0.4853, Accuracy: 79.06%, AUC: 0.78 - [VAL] Loss: 0.4958, Accuracy: 78.38%, AUC: 0.78
Epoch [81/100] - [TRAIN] Loss: 0.4859, Accuracy: 79.02%, AUC: 0.78 - [VAL] Loss: 0.4957, Accuracy: 78.42%, AUC: 0.78
Epoch [82/100] - [TRAIN] Loss: 0.4853, Accuracy: 79.15%, AUC: 0.78 - [VAL] Loss: 0.4957, Accuracy: 78.43%, AUC: 0.78
Epoch [83/100] - [TRAIN] Loss: 0.4847, Accuracy: 79.02%, AUC: 0.78 - [VAL] Loss: 0.4959, Accuracy: 78.47%, AUC: 0.78
Epoch [84/100] - [TRAIN] Loss: 0.4844, Accuracy: 79.17%, AUC: 0.78 - [VAL] Loss: 0.4953, Accuracy: 78.50%, AUC: 0.78
Epoch [85/100] - [TRAIN] Loss: 0.4841, Accuracy: 79.09%, AUC: 0.78 - [VAL] Loss: 0.4959, Accuracy: 78.45%, AUC: 0.78
Epoch [86/100] - [TRAIN] Loss: 0.4842, Accuracy: 79.15%, AUC: 0.78 - [VAL] Loss: 0.4953, Accuracy: 78.47%, AUC: 0.78
Epoch [87/100] - [TRAIN] Loss: 0.4850, Accuracy: 79.00%, AUC: 0.78 - [VAL] Loss: 0.4959, Accuracy: 78.45%, AUC: 0.78
Epoch [88/100] - [TRAIN] Loss: 0.4840, Accuracy: 79.16%, AUC: 0.78 - [VAL] Loss: 0.4960, Accuracy: 78.43%, AUC: 0.78
Epoch [89/100] - [TRAIN] Loss: 0.4830, Accuracy: 79.12%, AUC: 0.78 - [VAL] Loss: 0.4962, Accuracy: 78.46%, AUC: 0.78
Epoch [90/100] - [TRAIN] Loss: 0.4827, Accuracy: 79.11%, AUC: 0.78 - [VAL] Loss: 0.4954, Accuracy: 78.45%, AUC: 0.78
Epoch [91/100] - [TRAIN] Loss: 0.4829, Accuracy: 79.09%, AUC: 0.78 - [VAL] Loss: 0.4955, Accuracy: 78.50%, AUC: 0.78
Epoch [92/100] - [TRAIN] Loss: 0.4842, Accuracy: 79.08%, AUC: 0.78 - [VAL] Loss: 0.4957, Accuracy: 78.53%, AUC: 0.78
Epoch [93/100] - [TRAIN] Loss: 0.4825, Accuracy: 79.16%, AUC: 0.78 - [VAL] Loss: 0.4955, Accuracy: 78.51%, AUC: 0.78
Epoch [94/100] - [TRAIN] Loss: 0.4812, Accuracy: 79.17%, AUC: 0.78 - [VAL] Loss: 0.4955, Accuracy: 78.45%, AUC: 0.78
Epoch [95/100] - [TRAIN] Loss: 0.4833, Accuracy: 79.09%, AUC: 0.78 - [VAL] Loss: 0.4960, Accuracy: 78.51%, AUC: 0.78
Epoch [96/100] - [TRAIN] Loss: 0.4820, Accuracy: 79.15%, AUC: 0.78 - [VAL] Loss: 0.4958, Accuracy: 78.51%, AUC: 0.78
Epoch [97/100] - [TRAIN] Loss: 0.4815, Accuracy: 79.15%, AUC: 0.78 - [VAL] Loss: 0.4956, Accuracy: 78.49%, AUC: 0.78
Epoch [98/100] - [TRAIN] Loss: 0.4814, Accuracy: 79.32%, AUC: 0.78 - [VAL] Loss: 0.4955, Accuracy: 78.43%, AUC: 0.78
Epoch [99/100] - [TRAIN] Loss: 0.4808, Accuracy: 79.19%, AUC: 0.78 - [VAL] Loss: 0.4956, Accuracy: 78.49%, AUC: 0.78
Epoch [100/100] - [TRAIN] Loss: 0.4803, Accuracy: 79.23%, AUC: 0.78 - [VAL] Loss: 0.4955, Accuracy: 78.46%, AUC: 0.78
Training finished!
Accuracy Score on test set: 78.63 %
AUC Score on test set: 0.78
Item: H3K4me3-H3K27me3-H3K9ac
Train set shape: (7399, 3, 4000) (7399,)
Validation set shape: (7377, 3, 4000) (7377,)
Test set shape: (7378, 3, 4000) (7378,)
New best model saved with validation metric: 19.4242
Epoch [1/100] - [TRAIN] Loss: 0.6742, Accuracy: 58.01%, AUC: 0.50 - [VAL] Loss: 0.6471, Accuracy: 60.82%, AUC: 0.50
Epoch [2/100] - [TRAIN] Loss: 0.6278, Accuracy: 60.82%, AUC: 0.50 - [VAL] Loss: 0.6030, Accuracy: 60.82%, AUC: 0.50
New best model saved with validation metric: 24.7749
Epoch [3/100] - [TRAIN] Loss: 0.5874, Accuracy: 62.72%, AUC: 0.53 - [VAL] Loss: 0.5643, Accuracy: 77.58%, AUC: 0.76
New best model saved with validation metric: 24.9091
Epoch [4/100] - [TRAIN] Loss: 0.5552, Accuracy: 77.58%, AUC: 0.76 - [VAL] Loss: 0.5381, Accuracy: 78.00%, AUC: 0.77
Epoch [5/100] - [TRAIN] Loss: 0.5350, Accuracy: 78.09%, AUC: 0.77 - [VAL] Loss: 0.5247, Accuracy: 77.63%, AUC: 0.77
Epoch [6/100] - [TRAIN] Loss: 0.5252, Accuracy: 77.97%, AUC: 0.77 - [VAL] Loss: 0.5184, Accuracy: 77.67%, AUC: 0.77
Epoch [7/100] - [TRAIN] Loss: 0.5210, Accuracy: 77.89%, AUC: 0.77 - [VAL] Loss: 0.5157, Accuracy: 77.62%, AUC: 0.78
Epoch [8/100] - [TRAIN] Loss: 0.5183, Accuracy: 77.83%, AUC: 0.77 - [VAL] Loss: 0.5136, Accuracy: 77.63%, AUC: 0.78
Epoch [9/100] - [TRAIN] Loss: 0.5155, Accuracy: 78.01%, AUC: 0.78 - [VAL] Loss: 0.5118, Accuracy: 77.66%, AUC: 0.78
Epoch [10/100] - [TRAIN] Loss: 0.5143, Accuracy: 78.00%, AUC: 0.78 - [VAL] Loss: 0.5112, Accuracy: 77.50%, AUC: 0.77
Epoch [11/100] - [TRAIN] Loss: 0.5136, Accuracy: 78.02%, AUC: 0.78 - [VAL] Loss: 0.5099, Accuracy: 77.63%, AUC: 0.78
Epoch [12/100] - [TRAIN] Loss: 0.5115, Accuracy: 78.00%, AUC: 0.78 - [VAL] Loss: 0.5084, Accuracy: 77.82%, AUC: 0.78
Epoch [13/100] - [TRAIN] Loss: 0.5095, Accuracy: 78.21%, AUC: 0.78 - [VAL] Loss: 0.5077, Accuracy: 77.80%, AUC: 0.78
Epoch [14/100] - [TRAIN] Loss: 0.5078, Accuracy: 78.21%, AUC: 0.78 - [VAL] Loss: 0.5069, Accuracy: 77.85%, AUC: 0.78
New best model saved with validation metric: 24.9134
Epoch [15/100] - [TRAIN] Loss: 0.5076, Accuracy: 78.09%, AUC: 0.78 - [VAL] Loss: 0.5060, Accuracy: 78.01%, AUC: 0.78
New best model saved with validation metric: 24.9437
Epoch [16/100] - [TRAIN] Loss: 0.5084, Accuracy: 78.21%, AUC: 0.78 - [VAL] Loss: 0.5054, Accuracy: 78.11%, AUC: 0.78
Epoch [17/100] - [TRAIN] Loss: 0.5066, Accuracy: 78.31%, AUC: 0.78 - [VAL] Loss: 0.5055, Accuracy: 77.97%, AUC: 0.78
Epoch [18/100] - [TRAIN] Loss: 0.5061, Accuracy: 78.29%, AUC: 0.78 - [VAL] Loss: 0.5049, Accuracy: 78.07%, AUC: 0.78
Epoch [19/100] - [TRAIN] Loss: 0.5046, Accuracy: 78.31%, AUC: 0.78 - [VAL] Loss: 0.5041, Accuracy: 78.11%, AUC: 0.78
Epoch [20/100] - [TRAIN] Loss: 0.5043, Accuracy: 78.31%, AUC: 0.78 - [VAL] Loss: 0.5038, Accuracy: 78.08%, AUC: 0.78
Epoch [21/100] - [TRAIN] Loss: 0.5052, Accuracy: 78.35%, AUC: 0.78 - [VAL] Loss: 0.5035, Accuracy: 78.07%, AUC: 0.78
Epoch [22/100] - [TRAIN] Loss: 0.5044, Accuracy: 78.43%, AUC: 0.78 - [VAL] Loss: 0.5040, Accuracy: 78.07%, AUC: 0.78
New best model saved with validation metric: 24.9913
Epoch [23/100] - [TRAIN] Loss: 0.5029, Accuracy: 78.38%, AUC: 0.78 - [VAL] Loss: 0.5025, Accuracy: 78.26%, AUC: 0.78
Epoch [24/100] - [TRAIN] Loss: 0.5016, Accuracy: 78.47%, AUC: 0.78 - [VAL] Loss: 0.5022, Accuracy: 78.19%, AUC: 0.78
Epoch [25/100] - [TRAIN] Loss: 0.5031, Accuracy: 78.62%, AUC: 0.78 - [VAL] Loss: 0.5024, Accuracy: 78.15%, AUC: 0.78
Epoch [26/100] - [TRAIN] Loss: 0.5010, Accuracy: 78.65%, AUC: 0.78 - [VAL] Loss: 0.5019, Accuracy: 78.18%, AUC: 0.78
Epoch [27/100] - [TRAIN] Loss: 0.5008, Accuracy: 78.52%, AUC: 0.78 - [VAL] Loss: 0.5017, Accuracy: 78.20%, AUC: 0.78
Epoch [28/100] - [TRAIN] Loss: 0.5003, Accuracy: 78.51%, AUC: 0.78 - [VAL] Loss: 0.5016, Accuracy: 78.19%, AUC: 0.78
Epoch [29/100] - [TRAIN] Loss: 0.5005, Accuracy: 78.65%, AUC: 0.78 - [VAL] Loss: 0.5012, Accuracy: 78.23%, AUC: 0.78
Epoch [30/100] - [TRAIN] Loss: 0.4986, Accuracy: 78.52%, AUC: 0.78 - [VAL] Loss: 0.5014, Accuracy: 78.22%, AUC: 0.78
Epoch [31/100] - [TRAIN] Loss: 0.5001, Accuracy: 78.67%, AUC: 0.78 - [VAL] Loss: 0.5008, Accuracy: 78.23%, AUC: 0.78
New best model saved with validation metric: 25.0173
Epoch [32/100] - [TRAIN] Loss: 0.4984, Accuracy: 78.61%, AUC: 0.78 - [VAL] Loss: 0.5000, Accuracy: 78.34%, AUC: 0.78
Epoch [33/100] - [TRAIN] Loss: 0.4999, Accuracy: 78.70%, AUC: 0.78 - [VAL] Loss: 0.5000, Accuracy: 78.32%, AUC: 0.78
Epoch [34/100] - [TRAIN] Loss: 0.4991, Accuracy: 78.71%, AUC: 0.78 - [VAL] Loss: 0.4999, Accuracy: 78.27%, AUC: 0.78
Epoch [35/100] - [TRAIN] Loss: 0.4974, Accuracy: 78.75%, AUC: 0.78 - [VAL] Loss: 0.4996, Accuracy: 78.30%, AUC: 0.78
Epoch [36/100] - [TRAIN] Loss: 0.4978, Accuracy: 78.75%, AUC: 0.78 - [VAL] Loss: 0.4996, Accuracy: 78.26%, AUC: 0.78
Epoch [37/100] - [TRAIN] Loss: 0.4958, Accuracy: 78.75%, AUC: 0.78 - [VAL] Loss: 0.4991, Accuracy: 78.31%, AUC: 0.78
New best model saved with validation metric: 25.0303
Epoch [38/100] - [TRAIN] Loss: 0.4959, Accuracy: 78.69%, AUC: 0.78 - [VAL] Loss: 0.4986, Accuracy: 78.38%, AUC: 0.78
Epoch [39/100] - [TRAIN] Loss: 0.4959, Accuracy: 78.79%, AUC: 0.78 - [VAL] Loss: 0.4986, Accuracy: 78.30%, AUC: 0.78
Epoch [40/100] - [TRAIN] Loss: 0.4964, Accuracy: 78.82%, AUC: 0.78 - [VAL] Loss: 0.4991, Accuracy: 78.30%, AUC: 0.78
Epoch [41/100] - [TRAIN] Loss: 0.4957, Accuracy: 78.92%, AUC: 0.78 - [VAL] Loss: 0.4989, Accuracy: 78.32%, AUC: 0.78
Epoch [42/100] - [TRAIN] Loss: 0.4963, Accuracy: 78.81%, AUC: 0.78 - [VAL] Loss: 0.4993, Accuracy: 78.32%, AUC: 0.78
New best model saved with validation metric: 25.0476
Epoch [43/100] - [TRAIN] Loss: 0.4943, Accuracy: 78.89%, AUC: 0.78 - [VAL] Loss: 0.4978, Accuracy: 78.43%, AUC: 0.78
Epoch [44/100] - [TRAIN] Loss: 0.4948, Accuracy: 78.78%, AUC: 0.78 - [VAL] Loss: 0.4977, Accuracy: 78.41%, AUC: 0.78
Epoch [45/100] - [TRAIN] Loss: 0.4935, Accuracy: 78.94%, AUC: 0.78 - [VAL] Loss: 0.4974, Accuracy: 78.42%, AUC: 0.78
Epoch [46/100] - [TRAIN] Loss: 0.4934, Accuracy: 78.86%, AUC: 0.78 - [VAL] Loss: 0.4974, Accuracy: 78.39%, AUC: 0.78
Epoch [47/100] - [TRAIN] Loss: 0.4949, Accuracy: 79.04%, AUC: 0.78 - [VAL] Loss: 0.4975, Accuracy: 78.31%, AUC: 0.78
New best model saved with validation metric: 25.0563
Epoch [48/100] - [TRAIN] Loss: 0.4938, Accuracy: 78.82%, AUC: 0.78 - [VAL] Loss: 0.4971, Accuracy: 78.46%, AUC: 0.78
Epoch [49/100] - [TRAIN] Loss: 0.4920, Accuracy: 78.78%, AUC: 0.78 - [VAL] Loss: 0.4969, Accuracy: 78.45%, AUC: 0.78
New best model saved with validation metric: 25.0693
Epoch [50/100] - [TRAIN] Loss: 0.4925, Accuracy: 78.92%, AUC: 0.78 - [VAL] Loss: 0.4968, Accuracy: 78.50%, AUC: 0.78
New best model saved with validation metric: 25.0866
Epoch [51/100] - [TRAIN] Loss: 0.4921, Accuracy: 78.98%, AUC: 0.78 - [VAL] Loss: 0.4968, Accuracy: 78.55%, AUC: 0.78
Epoch [52/100] - [TRAIN] Loss: 0.4917, Accuracy: 78.78%, AUC: 0.78 - [VAL] Loss: 0.4967, Accuracy: 78.41%, AUC: 0.78
Epoch [53/100] - [TRAIN] Loss: 0.4915, Accuracy: 78.85%, AUC: 0.78 - [VAL] Loss: 0.4965, Accuracy: 78.54%, AUC: 0.78
Epoch [54/100] - [TRAIN] Loss: 0.4905, Accuracy: 78.97%, AUC: 0.78 - [VAL] Loss: 0.4966, Accuracy: 78.39%, AUC: 0.78
Epoch [55/100] - [TRAIN] Loss: 0.4907, Accuracy: 78.85%, AUC: 0.78 - [VAL] Loss: 0.4972, Accuracy: 78.39%, AUC: 0.78
New best model saved with validation metric: 25.0996
Epoch [56/100] - [TRAIN] Loss: 0.4921, Accuracy: 78.88%, AUC: 0.78 - [VAL] Loss: 0.4963, Accuracy: 78.60%, AUC: 0.78
Epoch [57/100] - [TRAIN] Loss: 0.4901, Accuracy: 78.98%, AUC: 0.78 - [VAL] Loss: 0.4964, Accuracy: 78.41%, AUC: 0.78
Epoch [58/100] - [TRAIN] Loss: 0.4898, Accuracy: 78.98%, AUC: 0.78 - [VAL] Loss: 0.4964, Accuracy: 78.43%, AUC: 0.78
Epoch [59/100] - [TRAIN] Loss: 0.4902, Accuracy: 79.05%, AUC: 0.78 - [VAL] Loss: 0.4961, Accuracy: 78.46%, AUC: 0.78
Epoch [60/100] - [TRAIN] Loss: 0.4901, Accuracy: 78.96%, AUC: 0.78 - [VAL] Loss: 0.4962, Accuracy: 78.46%, AUC: 0.78
Epoch [61/100] - [TRAIN] Loss: 0.4889, Accuracy: 78.97%, AUC: 0.78 - [VAL] Loss: 0.4963, Accuracy: 78.46%, AUC: 0.78
Epoch [62/100] - [TRAIN] Loss: 0.4885, Accuracy: 78.96%, AUC: 0.78 - [VAL] Loss: 0.4960, Accuracy: 78.47%, AUC: 0.78
Epoch [63/100] - [TRAIN] Loss: 0.4874, Accuracy: 78.93%, AUC: 0.78 - [VAL] Loss: 0.4960, Accuracy: 78.45%, AUC: 0.78
Epoch [64/100] - [TRAIN] Loss: 0.4889, Accuracy: 78.86%, AUC: 0.78 - [VAL] Loss: 0.4971, Accuracy: 78.50%, AUC: 0.78
Epoch [65/100] - [TRAIN] Loss: 0.4884, Accuracy: 79.11%, AUC: 0.78 - [VAL] Loss: 0.4969, Accuracy: 78.51%, AUC: 0.78
Epoch [66/100] - [TRAIN] Loss: 0.4876, Accuracy: 78.94%, AUC: 0.78 - [VAL] Loss: 0.4958, Accuracy: 78.60%, AUC: 0.78
Epoch [67/100] - [TRAIN] Loss: 0.4890, Accuracy: 78.98%, AUC: 0.78 - [VAL] Loss: 0.4964, Accuracy: 78.46%, AUC: 0.78
Epoch [68/100] - [TRAIN] Loss: 0.4871, Accuracy: 79.01%, AUC: 0.78 - [VAL] Loss: 0.4958, Accuracy: 78.49%, AUC: 0.78
Epoch [69/100] - [TRAIN] Loss: 0.4888, Accuracy: 79.01%, AUC: 0.78 - [VAL] Loss: 0.4964, Accuracy: 78.51%, AUC: 0.78
Epoch [70/100] - [TRAIN] Loss: 0.4861, Accuracy: 79.09%, AUC: 0.78 - [VAL] Loss: 0.4968, Accuracy: 78.54%, AUC: 0.78
Epoch [71/100] - [TRAIN] Loss: 0.4870, Accuracy: 79.02%, AUC: 0.78 - [VAL] Loss: 0.4957, Accuracy: 78.58%, AUC: 0.78
Epoch [72/100] - [TRAIN] Loss: 0.4859, Accuracy: 79.04%, AUC: 0.78 - [VAL] Loss: 0.4958, Accuracy: 78.57%, AUC: 0.78
Epoch [73/100] - [TRAIN] Loss: 0.4857, Accuracy: 79.04%, AUC: 0.78 - [VAL] Loss: 0.4961, Accuracy: 78.53%, AUC: 0.78
Epoch [74/100] - [TRAIN] Loss: 0.4852, Accuracy: 79.11%, AUC: 0.78 - [VAL] Loss: 0.4957, Accuracy: 78.53%, AUC: 0.78
Epoch [75/100] - [TRAIN] Loss: 0.4865, Accuracy: 79.17%, AUC: 0.78 - [VAL] Loss: 0.4964, Accuracy: 78.54%, AUC: 0.78
Epoch [76/100] - [TRAIN] Loss: 0.4863, Accuracy: 79.09%, AUC: 0.78 - [VAL] Loss: 0.4957, Accuracy: 78.58%, AUC: 0.78
Epoch [77/100] - [TRAIN] Loss: 0.4846, Accuracy: 79.28%, AUC: 0.78 - [VAL] Loss: 0.4966, Accuracy: 78.54%, AUC: 0.78
Epoch [78/100] - [TRAIN] Loss: 0.4857, Accuracy: 79.02%, AUC: 0.78 - [VAL] Loss: 0.4957, Accuracy: 78.53%, AUC: 0.78
New best model saved with validation metric: 25.1039
Epoch [79/100] - [TRAIN] Loss: 0.4843, Accuracy: 79.16%, AUC: 0.78 - [VAL] Loss: 0.4968, Accuracy: 78.61%, AUC: 0.78
Epoch [80/100] - [TRAIN] Loss: 0.4842, Accuracy: 79.09%, AUC: 0.78 - [VAL] Loss: 0.4963, Accuracy: 78.58%, AUC: 0.78
Epoch [81/100] - [TRAIN] Loss: 0.4843, Accuracy: 78.97%, AUC: 0.78 - [VAL] Loss: 0.4957, Accuracy: 78.58%, AUC: 0.78
Epoch [82/100] - [TRAIN] Loss: 0.4841, Accuracy: 79.05%, AUC: 0.78 - [VAL] Loss: 0.4958, Accuracy: 78.53%, AUC: 0.78
Epoch [83/100] - [TRAIN] Loss: 0.4841, Accuracy: 79.00%, AUC: 0.78 - [VAL] Loss: 0.4972, Accuracy: 78.61%, AUC: 0.78
New best model saved with validation metric: 25.1169
Epoch [84/100] - [TRAIN] Loss: 0.4852, Accuracy: 79.11%, AUC: 0.78 - [VAL] Loss: 0.4964, Accuracy: 78.65%, AUC: 0.78
Epoch [85/100] - [TRAIN] Loss: 0.4827, Accuracy: 79.00%, AUC: 0.78 - [VAL] Loss: 0.4960, Accuracy: 78.58%, AUC: 0.78
Epoch [86/100] - [TRAIN] Loss: 0.4830, Accuracy: 79.02%, AUC: 0.78 - [VAL] Loss: 0.4960, Accuracy: 78.57%, AUC: 0.78
Epoch [87/100] - [TRAIN] Loss: 0.4814, Accuracy: 79.01%, AUC: 0.78 - [VAL] Loss: 0.4960, Accuracy: 78.57%, AUC: 0.78
Epoch [88/100] - [TRAIN] Loss: 0.4827, Accuracy: 79.12%, AUC: 0.78 - [VAL] Loss: 0.4962, Accuracy: 78.50%, AUC: 0.78
Epoch [89/100] - [TRAIN] Loss: 0.4810, Accuracy: 79.12%, AUC: 0.78 - [VAL] Loss: 0.4989, Accuracy: 78.50%, AUC: 0.78
New best model saved with validation metric: 25.1212
Epoch [90/100] - [TRAIN] Loss: 0.4811, Accuracy: 79.08%, AUC: 0.78 - [VAL] Loss: 0.4969, Accuracy: 78.66%, AUC: 0.78
Epoch [91/100] - [TRAIN] Loss: 0.4817, Accuracy: 79.24%, AUC: 0.78 - [VAL] Loss: 0.4979, Accuracy: 78.61%, AUC: 0.78
Epoch [92/100] - [TRAIN] Loss: 0.4818, Accuracy: 79.23%, AUC: 0.78 - [VAL] Loss: 0.4960, Accuracy: 78.58%, AUC: 0.78
Epoch [93/100] - [TRAIN] Loss: 0.4814, Accuracy: 79.05%, AUC: 0.78 - [VAL] Loss: 0.4961, Accuracy: 78.64%, AUC: 0.78
Epoch [94/100] - [TRAIN] Loss: 0.4813, Accuracy: 79.05%, AUC: 0.78 - [VAL] Loss: 0.4965, Accuracy: 78.61%, AUC: 0.78
Epoch [95/100] - [TRAIN] Loss: 0.4812, Accuracy: 79.24%, AUC: 0.78 - [VAL] Loss: 0.4959, Accuracy: 78.64%, AUC: 0.78
Epoch [96/100] - [TRAIN] Loss: 0.4803, Accuracy: 79.27%, AUC: 0.78 - [VAL] Loss: 0.4978, Accuracy: 78.65%, AUC: 0.78
Epoch [97/100] - [TRAIN] Loss: 0.4827, Accuracy: 79.12%, AUC: 0.78 - [VAL] Loss: 0.4961, Accuracy: 78.58%, AUC: 0.78
New best model saved with validation metric: 25.1299
Epoch [98/100] - [TRAIN] Loss: 0.4803, Accuracy: 79.20%, AUC: 0.78 - [VAL] Loss: 0.4975, Accuracy: 78.69%, AUC: 0.78
Epoch [99/100] - [TRAIN] Loss: 0.4803, Accuracy: 79.20%, AUC: 0.78 - [VAL] Loss: 0.4968, Accuracy: 78.65%, AUC: 0.78
Epoch [100/100] - [TRAIN] Loss: 0.4800, Accuracy: 79.21%, AUC: 0.78 - [VAL] Loss: 0.4963, Accuracy: 78.65%, AUC: 0.78
Training finished!
Accuracy Score on test set: 78.79 %
AUC Score on test set: 0.78
Item: H3K9ac-H3K4me3-H3K27me3
Train set shape: (7399, 3, 4000) (7399,)
Validation set shape: (7377, 3, 4000) (7377,)
Test set shape: (7378, 3, 4000) (7378,)
New best model saved with validation metric: 19.4242
Epoch [1/100] - [TRAIN] Loss: 0.6549, Accuracy: 60.75%, AUC: 0.50 - [VAL] Loss: 0.6169, Accuracy: 60.82%, AUC: 0.50
Epoch [2/100] - [TRAIN] Loss: 0.5959, Accuracy: 60.82%, AUC: 0.50 - [VAL] Loss: 0.5730, Accuracy: 60.82%, AUC: 0.50
New best model saved with validation metric: 24.9004
Epoch [3/100] - [TRAIN] Loss: 0.5637, Accuracy: 65.93%, AUC: 0.58 - [VAL] Loss: 0.5492, Accuracy: 77.97%, AUC: 0.76
Epoch [4/100] - [TRAIN] Loss: 0.5480, Accuracy: 78.23%, AUC: 0.77 - [VAL] Loss: 0.5382, Accuracy: 77.94%, AUC: 0.77
New best model saved with validation metric: 24.9697
Epoch [5/100] - [TRAIN] Loss: 0.5382, Accuracy: 78.15%, AUC: 0.77 - [VAL] Loss: 0.5317, Accuracy: 78.19%, AUC: 0.77
Epoch [6/100] - [TRAIN] Loss: 0.5313, Accuracy: 78.39%, AUC: 0.77 - [VAL] Loss: 0.5264, Accuracy: 78.09%, AUC: 0.77
Epoch [7/100] - [TRAIN] Loss: 0.5273, Accuracy: 78.43%, AUC: 0.78 - [VAL] Loss: 0.5232, Accuracy: 77.78%, AUC: 0.77
Epoch [8/100] - [TRAIN] Loss: 0.5233, Accuracy: 78.32%, AUC: 0.78 - [VAL] Loss: 0.5204, Accuracy: 77.76%, AUC: 0.77
Epoch [9/100] - [TRAIN] Loss: 0.5219, Accuracy: 78.25%, AUC: 0.78 - [VAL] Loss: 0.5181, Accuracy: 77.92%, AUC: 0.78
Epoch [10/100] - [TRAIN] Loss: 0.5191, Accuracy: 78.28%, AUC: 0.78 - [VAL] Loss: 0.5160, Accuracy: 77.92%, AUC: 0.78
Epoch [11/100] - [TRAIN] Loss: 0.5153, Accuracy: 78.23%, AUC: 0.78 - [VAL] Loss: 0.5140, Accuracy: 77.90%, AUC: 0.78
Epoch [12/100] - [TRAIN] Loss: 0.5138, Accuracy: 78.21%, AUC: 0.78 - [VAL] Loss: 0.5128, Accuracy: 77.85%, AUC: 0.78
Epoch [13/100] - [TRAIN] Loss: 0.5127, Accuracy: 78.31%, AUC: 0.78 - [VAL] Loss: 0.5112, Accuracy: 77.96%, AUC: 0.78
Epoch [14/100] - [TRAIN] Loss: 0.5118, Accuracy: 78.23%, AUC: 0.78 - [VAL] Loss: 0.5104, Accuracy: 77.90%, AUC: 0.78
Epoch [15/100] - [TRAIN] Loss: 0.5092, Accuracy: 78.35%, AUC: 0.78 - [VAL] Loss: 0.5092, Accuracy: 77.99%, AUC: 0.78
Epoch [16/100] - [TRAIN] Loss: 0.5087, Accuracy: 78.25%, AUC: 0.78 - [VAL] Loss: 0.5086, Accuracy: 77.97%, AUC: 0.78
Epoch [17/100] - [TRAIN] Loss: 0.5072, Accuracy: 78.35%, AUC: 0.78 - [VAL] Loss: 0.5077, Accuracy: 77.94%, AUC: 0.78
Epoch [18/100] - [TRAIN] Loss: 0.5073, Accuracy: 78.43%, AUC: 0.78 - [VAL] Loss: 0.5075, Accuracy: 78.00%, AUC: 0.78
Epoch [19/100] - [TRAIN] Loss: 0.5057, Accuracy: 78.43%, AUC: 0.78 - [VAL] Loss: 0.5069, Accuracy: 78.00%, AUC: 0.78
Epoch [20/100] - [TRAIN] Loss: 0.5045, Accuracy: 78.38%, AUC: 0.78 - [VAL] Loss: 0.5058, Accuracy: 78.01%, AUC: 0.78
Epoch [21/100] - [TRAIN] Loss: 0.5048, Accuracy: 78.58%, AUC: 0.78 - [VAL] Loss: 0.5055, Accuracy: 78.04%, AUC: 0.78
Epoch [22/100] - [TRAIN] Loss: 0.5036, Accuracy: 78.43%, AUC: 0.78 - [VAL] Loss: 0.5055, Accuracy: 77.99%, AUC: 0.78
Epoch [23/100] - [TRAIN] Loss: 0.5023, Accuracy: 78.50%, AUC: 0.78 - [VAL] Loss: 0.5048, Accuracy: 78.03%, AUC: 0.78
Epoch [24/100] - [TRAIN] Loss: 0.5024, Accuracy: 78.43%, AUC: 0.78 - [VAL] Loss: 0.5041, Accuracy: 78.04%, AUC: 0.78
Epoch [25/100] - [TRAIN] Loss: 0.5017, Accuracy: 78.54%, AUC: 0.78 - [VAL] Loss: 0.5038, Accuracy: 78.04%, AUC: 0.78
Epoch [26/100] - [TRAIN] Loss: 0.5026, Accuracy: 78.63%, AUC: 0.78 - [VAL] Loss: 0.5031, Accuracy: 78.15%, AUC: 0.78
Epoch [27/100] - [TRAIN] Loss: 0.5013, Accuracy: 78.63%, AUC: 0.78 - [VAL] Loss: 0.5027, Accuracy: 78.19%, AUC: 0.78
Epoch [28/100] - [TRAIN] Loss: 0.5001, Accuracy: 78.62%, AUC: 0.78 - [VAL] Loss: 0.5024, Accuracy: 78.19%, AUC: 0.78
Epoch [29/100] - [TRAIN] Loss: 0.4995, Accuracy: 78.66%, AUC: 0.78 - [VAL] Loss: 0.5028, Accuracy: 78.08%, AUC: 0.78
Epoch [30/100] - [TRAIN] Loss: 0.4994, Accuracy: 78.66%, AUC: 0.78 - [VAL] Loss: 0.5028, Accuracy: 78.08%, AUC: 0.78
New best model saved with validation metric: 24.9740
Epoch [31/100] - [TRAIN] Loss: 0.4986, Accuracy: 78.59%, AUC: 0.78 - [VAL] Loss: 0.5017, Accuracy: 78.20%, AUC: 0.78
New best model saved with validation metric: 25.0260
Epoch [32/100] - [TRAIN] Loss: 0.4976, Accuracy: 78.62%, AUC: 0.78 - [VAL] Loss: 0.5010, Accuracy: 78.37%, AUC: 0.78
Epoch [33/100] - [TRAIN] Loss: 0.4976, Accuracy: 78.83%, AUC: 0.78 - [VAL] Loss: 0.5014, Accuracy: 78.26%, AUC: 0.78
Epoch [34/100] - [TRAIN] Loss: 0.4977, Accuracy: 78.75%, AUC: 0.78 - [VAL] Loss: 0.5005, Accuracy: 78.22%, AUC: 0.78
Epoch [35/100] - [TRAIN] Loss: 0.4966, Accuracy: 78.83%, AUC: 0.78 - [VAL] Loss: 0.5006, Accuracy: 78.23%, AUC: 0.78
Epoch [36/100] - [TRAIN] Loss: 0.4965, Accuracy: 78.73%, AUC: 0.78 - [VAL] Loss: 0.5000, Accuracy: 78.27%, AUC: 0.78
Epoch [37/100] - [TRAIN] Loss: 0.4947, Accuracy: 78.82%, AUC: 0.78 - [VAL] Loss: 0.5002, Accuracy: 78.27%, AUC: 0.78
Epoch [38/100] - [TRAIN] Loss: 0.4946, Accuracy: 78.93%, AUC: 0.78 - [VAL] Loss: 0.4995, Accuracy: 78.27%, AUC: 0.78
New best model saved with validation metric: 25.0563
Epoch [39/100] - [TRAIN] Loss: 0.4946, Accuracy: 78.90%, AUC: 0.78 - [VAL] Loss: 0.4991, Accuracy: 78.46%, AUC: 0.78
New best model saved with validation metric: 25.0606
Epoch [40/100] - [TRAIN] Loss: 0.4940, Accuracy: 79.04%, AUC: 0.78 - [VAL] Loss: 0.4989, Accuracy: 78.47%, AUC: 0.78
Epoch [41/100] - [TRAIN] Loss: 0.4928, Accuracy: 78.93%, AUC: 0.78 - [VAL] Loss: 0.4989, Accuracy: 78.31%, AUC: 0.78
Epoch [42/100] - [TRAIN] Loss: 0.4936, Accuracy: 79.00%, AUC: 0.78 - [VAL] Loss: 0.4987, Accuracy: 78.32%, AUC: 0.78
Epoch [43/100] - [TRAIN] Loss: 0.4948, Accuracy: 78.90%, AUC: 0.78 - [VAL] Loss: 0.4994, Accuracy: 78.28%, AUC: 0.78
Epoch [44/100] - [TRAIN] Loss: 0.4924, Accuracy: 78.85%, AUC: 0.78 - [VAL] Loss: 0.4981, Accuracy: 78.45%, AUC: 0.78
New best model saved with validation metric: 25.0649
Epoch [45/100] - [TRAIN] Loss: 0.4923, Accuracy: 78.96%, AUC: 0.78 - [VAL] Loss: 0.4980, Accuracy: 78.49%, AUC: 0.78
Epoch [46/100] - [TRAIN] Loss: 0.4919, Accuracy: 79.06%, AUC: 0.78 - [VAL] Loss: 0.4977, Accuracy: 78.49%, AUC: 0.78
Epoch [47/100] - [TRAIN] Loss: 0.4917, Accuracy: 78.97%, AUC: 0.78 - [VAL] Loss: 0.4975, Accuracy: 78.46%, AUC: 0.78
Epoch [48/100] - [TRAIN] Loss: 0.4905, Accuracy: 79.05%, AUC: 0.78 - [VAL] Loss: 0.4983, Accuracy: 78.24%, AUC: 0.78
Epoch [49/100] - [TRAIN] Loss: 0.4912, Accuracy: 79.01%, AUC: 0.78 - [VAL] Loss: 0.4972, Accuracy: 78.46%, AUC: 0.78
Epoch [50/100] - [TRAIN] Loss: 0.4896, Accuracy: 79.00%, AUC: 0.78 - [VAL] Loss: 0.4972, Accuracy: 78.42%, AUC: 0.78
Epoch [51/100] - [TRAIN] Loss: 0.4911, Accuracy: 78.92%, AUC: 0.78 - [VAL] Loss: 0.4969, Accuracy: 78.46%, AUC: 0.78
Epoch [52/100] - [TRAIN] Loss: 0.4901, Accuracy: 78.97%, AUC: 0.78 - [VAL] Loss: 0.4971, Accuracy: 78.43%, AUC: 0.78
New best model saved with validation metric: 25.1039
Epoch [53/100] - [TRAIN] Loss: 0.4895, Accuracy: 79.06%, AUC: 0.78 - [VAL] Loss: 0.4974, Accuracy: 78.61%, AUC: 0.78
Epoch [54/100] - [TRAIN] Loss: 0.4891, Accuracy: 78.97%, AUC: 0.78 - [VAL] Loss: 0.4966, Accuracy: 78.47%, AUC: 0.78
Epoch [55/100] - [TRAIN] Loss: 0.4885, Accuracy: 79.00%, AUC: 0.78 - [VAL] Loss: 0.4968, Accuracy: 78.41%, AUC: 0.78
Epoch [56/100] - [TRAIN] Loss: 0.4898, Accuracy: 79.01%, AUC: 0.78 - [VAL] Loss: 0.4965, Accuracy: 78.47%, AUC: 0.78
Epoch [57/100] - [TRAIN] Loss: 0.4874, Accuracy: 79.05%, AUC: 0.78 - [VAL] Loss: 0.4974, Accuracy: 78.34%, AUC: 0.78
Epoch [58/100] - [TRAIN] Loss: 0.4884, Accuracy: 79.05%, AUC: 0.78 - [VAL] Loss: 0.4963, Accuracy: 78.54%, AUC: 0.78
Epoch [59/100] - [TRAIN] Loss: 0.4901, Accuracy: 78.98%, AUC: 0.78 - [VAL] Loss: 0.4965, Accuracy: 78.46%, AUC: 0.78
Epoch [60/100] - [TRAIN] Loss: 0.4863, Accuracy: 79.06%, AUC: 0.78 - [VAL] Loss: 0.4973, Accuracy: 78.38%, AUC: 0.78
Epoch [61/100] - [TRAIN] Loss: 0.4877, Accuracy: 78.98%, AUC: 0.78 - [VAL] Loss: 0.4964, Accuracy: 78.46%, AUC: 0.78
Epoch [62/100] - [TRAIN] Loss: 0.4868, Accuracy: 78.94%, AUC: 0.78 - [VAL] Loss: 0.4965, Accuracy: 78.43%, AUC: 0.78
Epoch [63/100] - [TRAIN] Loss: 0.4851, Accuracy: 79.09%, AUC: 0.78 - [VAL] Loss: 0.4958, Accuracy: 78.49%, AUC: 0.78
Epoch [64/100] - [TRAIN] Loss: 0.4857, Accuracy: 79.01%, AUC: 0.78 - [VAL] Loss: 0.4957, Accuracy: 78.49%, AUC: 0.78
Epoch [65/100] - [TRAIN] Loss: 0.4865, Accuracy: 79.02%, AUC: 0.78 - [VAL] Loss: 0.4958, Accuracy: 78.47%, AUC: 0.78
Epoch [66/100] - [TRAIN] Loss: 0.4865, Accuracy: 79.15%, AUC: 0.78 - [VAL] Loss: 0.4960, Accuracy: 78.47%, AUC: 0.78
Epoch [67/100] - [TRAIN] Loss: 0.4857, Accuracy: 79.20%, AUC: 0.78 - [VAL] Loss: 0.4957, Accuracy: 78.50%, AUC: 0.78
Epoch [68/100] - [TRAIN] Loss: 0.4851, Accuracy: 79.21%, AUC: 0.78 - [VAL] Loss: 0.4954, Accuracy: 78.45%, AUC: 0.78
Epoch [69/100] - [TRAIN] Loss: 0.4852, Accuracy: 79.17%, AUC: 0.78 - [VAL] Loss: 0.4956, Accuracy: 78.47%, AUC: 0.78
Epoch [70/100] - [TRAIN] Loss: 0.4829, Accuracy: 79.04%, AUC: 0.78 - [VAL] Loss: 0.4957, Accuracy: 78.49%, AUC: 0.78
Epoch [71/100] - [TRAIN] Loss: 0.4829, Accuracy: 79.06%, AUC: 0.78 - [VAL] Loss: 0.4954, Accuracy: 78.43%, AUC: 0.78
Epoch [72/100] - [TRAIN] Loss: 0.4834, Accuracy: 79.16%, AUC: 0.78 - [VAL] Loss: 0.4954, Accuracy: 78.47%, AUC: 0.78
Epoch [73/100] - [TRAIN] Loss: 0.4841, Accuracy: 78.97%, AUC: 0.78 - [VAL] Loss: 0.4959, Accuracy: 78.46%, AUC: 0.78
Epoch [74/100] - [TRAIN] Loss: 0.4829, Accuracy: 79.20%, AUC: 0.78 - [VAL] Loss: 0.4954, Accuracy: 78.46%, AUC: 0.78
Epoch [75/100] - [TRAIN] Loss: 0.4830, Accuracy: 79.16%, AUC: 0.78 - [VAL] Loss: 0.4953, Accuracy: 78.41%, AUC: 0.78
Epoch [76/100] - [TRAIN] Loss: 0.4819, Accuracy: 79.17%, AUC: 0.78 - [VAL] Loss: 0.4952, Accuracy: 78.46%, AUC: 0.78
Epoch [77/100] - [TRAIN] Loss: 0.4809, Accuracy: 79.11%, AUC: 0.78 - [VAL] Loss: 0.4958, Accuracy: 78.46%, AUC: 0.78
Epoch [78/100] - [TRAIN] Loss: 0.4813, Accuracy: 79.09%, AUC: 0.78 - [VAL] Loss: 0.4958, Accuracy: 78.45%, AUC: 0.78
Epoch [79/100] - [TRAIN] Loss: 0.4815, Accuracy: 79.25%, AUC: 0.78 - [VAL] Loss: 0.4957, Accuracy: 78.53%, AUC: 0.78
Epoch [80/100] - [TRAIN] Loss: 0.4829, Accuracy: 79.21%, AUC: 0.78 - [VAL] Loss: 0.4960, Accuracy: 78.54%, AUC: 0.78
Epoch [81/100] - [TRAIN] Loss: 0.4816, Accuracy: 79.27%, AUC: 0.78 - [VAL] Loss: 0.4956, Accuracy: 78.47%, AUC: 0.78
Epoch [82/100] - [TRAIN] Loss: 0.4803, Accuracy: 79.21%, AUC: 0.78 - [VAL] Loss: 0.4952, Accuracy: 78.49%, AUC: 0.78
Epoch [83/100] - [TRAIN] Loss: 0.4801, Accuracy: 79.19%, AUC: 0.78 - [VAL] Loss: 0.4951, Accuracy: 78.49%, AUC: 0.78
Epoch [84/100] - [TRAIN] Loss: 0.4816, Accuracy: 79.31%, AUC: 0.78 - [VAL] Loss: 0.4955, Accuracy: 78.53%, AUC: 0.78
Epoch [85/100] - [TRAIN] Loss: 0.4795, Accuracy: 79.29%, AUC: 0.78 - [VAL] Loss: 0.4953, Accuracy: 78.46%, AUC: 0.78
Epoch [86/100] - [TRAIN] Loss: 0.4811, Accuracy: 79.35%, AUC: 0.78 - [VAL] Loss: 0.4953, Accuracy: 78.51%, AUC: 0.78
Epoch [87/100] - [TRAIN] Loss: 0.4798, Accuracy: 79.17%, AUC: 0.78 - [VAL] Loss: 0.4952, Accuracy: 78.49%, AUC: 0.78
Epoch [88/100] - [TRAIN] Loss: 0.4784, Accuracy: 79.38%, AUC: 0.78 - [VAL] Loss: 0.4953, Accuracy: 78.53%, AUC: 0.78
Epoch [89/100] - [TRAIN] Loss: 0.4777, Accuracy: 79.31%, AUC: 0.78 - [VAL] Loss: 0.4953, Accuracy: 78.51%, AUC: 0.78
Epoch [90/100] - [TRAIN] Loss: 0.4783, Accuracy: 79.36%, AUC: 0.78 - [VAL] Loss: 0.4954, Accuracy: 78.53%, AUC: 0.78
Epoch [91/100] - [TRAIN] Loss: 0.4776, Accuracy: 79.21%, AUC: 0.78 - [VAL] Loss: 0.4961, Accuracy: 78.57%, AUC: 0.78
Epoch [92/100] - [TRAIN] Loss: 0.4783, Accuracy: 79.31%, AUC: 0.78 - [VAL] Loss: 0.4954, Accuracy: 78.54%, AUC: 0.78
Epoch [93/100] - [TRAIN] Loss: 0.4766, Accuracy: 79.32%, AUC: 0.78 - [VAL] Loss: 0.4960, Accuracy: 78.58%, AUC: 0.78
Epoch [94/100] - [TRAIN] Loss: 0.4774, Accuracy: 79.36%, AUC: 0.78 - [VAL] Loss: 0.4957, Accuracy: 78.57%, AUC: 0.78
Epoch [95/100] - [TRAIN] Loss: 0.4786, Accuracy: 79.39%, AUC: 0.79 - [VAL] Loss: 0.4955, Accuracy: 78.50%, AUC: 0.78
Epoch [96/100] - [TRAIN] Loss: 0.4774, Accuracy: 79.42%, AUC: 0.79 - [VAL] Loss: 0.4964, Accuracy: 78.58%, AUC: 0.78
Epoch [97/100] - [TRAIN] Loss: 0.4779, Accuracy: 79.39%, AUC: 0.78 - [VAL] Loss: 0.4956, Accuracy: 78.58%, AUC: 0.78
Epoch [98/100] - [TRAIN] Loss: 0.4760, Accuracy: 79.48%, AUC: 0.79 - [VAL] Loss: 0.4962, Accuracy: 78.51%, AUC: 0.78
Epoch [99/100] - [TRAIN] Loss: 0.4771, Accuracy: 79.43%, AUC: 0.79 - [VAL] Loss: 0.4970, Accuracy: 78.58%, AUC: 0.78
Epoch [100/100] - [TRAIN] Loss: 0.4769, Accuracy: 79.34%, AUC: 0.78 - [VAL] Loss: 0.4958, Accuracy: 78.60%, AUC: 0.78
Training finished!
Accuracy Score on test set: 78.73 %
AUC Score on test set: 0.78
Item: H3K9ac-H3K27me3-H3K4me3
Train set shape: (7399, 3, 4000) (7399,)
Validation set shape: (7377, 3, 4000) (7377,)
Test set shape: (7378, 3, 4000) (7378,)
New best model saved with validation metric: 19.4242
Epoch [1/100] - [TRAIN] Loss: 0.6626, Accuracy: 60.35%, AUC: 0.53 - [VAL] Loss: 0.6265, Accuracy: 60.82%, AUC: 0.50
Epoch [2/100] - [TRAIN] Loss: 0.6050, Accuracy: 60.82%, AUC: 0.50 - [VAL] Loss: 0.5817, Accuracy: 60.82%, AUC: 0.50
New best model saved with validation metric: 24.5022
Epoch [3/100] - [TRAIN] Loss: 0.5689, Accuracy: 67.96%, AUC: 0.61 - [VAL] Loss: 0.5529, Accuracy: 76.72%, AUC: 0.75
New best model saved with validation metric: 24.8312
Epoch [4/100] - [TRAIN] Loss: 0.5465, Accuracy: 77.44%, AUC: 0.76 - [VAL] Loss: 0.5360, Accuracy: 77.76%, AUC: 0.77
Epoch [5/100] - [TRAIN] Loss: 0.5335, Accuracy: 77.94%, AUC: 0.77 - [VAL] Loss: 0.5272, Accuracy: 77.71%, AUC: 0.77
Epoch [6/100] - [TRAIN] Loss: 0.5269, Accuracy: 77.94%, AUC: 0.77 - [VAL] Loss: 0.5225, Accuracy: 77.70%, AUC: 0.77
Epoch [7/100] - [TRAIN] Loss: 0.5230, Accuracy: 77.89%, AUC: 0.77 - [VAL] Loss: 0.5199, Accuracy: 77.59%, AUC: 0.77
Epoch [8/100] - [TRAIN] Loss: 0.5211, Accuracy: 78.02%, AUC: 0.77 - [VAL] Loss: 0.5179, Accuracy: 77.54%, AUC: 0.77
Epoch [9/100] - [TRAIN] Loss: 0.5185, Accuracy: 77.89%, AUC: 0.77 - [VAL] Loss: 0.5163, Accuracy: 77.58%, AUC: 0.77
Epoch [10/100] - [TRAIN] Loss: 0.5169, Accuracy: 78.01%, AUC: 0.77 - [VAL] Loss: 0.5147, Accuracy: 77.62%, AUC: 0.77
Epoch [11/100] - [TRAIN] Loss: 0.5156, Accuracy: 78.02%, AUC: 0.77 - [VAL] Loss: 0.5134, Accuracy: 77.74%, AUC: 0.77
Epoch [12/100] - [TRAIN] Loss: 0.5129, Accuracy: 78.21%, AUC: 0.78 - [VAL] Loss: 0.5126, Accuracy: 77.69%, AUC: 0.77
Epoch [13/100] - [TRAIN] Loss: 0.5119, Accuracy: 78.21%, AUC: 0.78 - [VAL] Loss: 0.5120, Accuracy: 77.70%, AUC: 0.77
New best model saved with validation metric: 24.8615
Epoch [14/100] - [TRAIN] Loss: 0.5109, Accuracy: 78.09%, AUC: 0.78 - [VAL] Loss: 0.5109, Accuracy: 77.85%, AUC: 0.78
Epoch [15/100] - [TRAIN] Loss: 0.5097, Accuracy: 78.25%, AUC: 0.78 - [VAL] Loss: 0.5104, Accuracy: 77.82%, AUC: 0.78
New best model saved with validation metric: 24.8745
Epoch [16/100] - [TRAIN] Loss: 0.5088, Accuracy: 78.24%, AUC: 0.78 - [VAL] Loss: 0.5095, Accuracy: 77.89%, AUC: 0.77
Epoch [17/100] - [TRAIN] Loss: 0.5082, Accuracy: 78.19%, AUC: 0.78 - [VAL] Loss: 0.5092, Accuracy: 77.82%, AUC: 0.77
New best model saved with validation metric: 24.8788
Epoch [18/100] - [TRAIN] Loss: 0.5092, Accuracy: 78.33%, AUC: 0.78 - [VAL] Loss: 0.5085, Accuracy: 77.90%, AUC: 0.78
New best model saved with validation metric: 24.8831
Epoch [19/100] - [TRAIN] Loss: 0.5074, Accuracy: 78.29%, AUC: 0.78 - [VAL] Loss: 0.5082, Accuracy: 77.92%, AUC: 0.78
Epoch [20/100] - [TRAIN] Loss: 0.5058, Accuracy: 78.40%, AUC: 0.78 - [VAL] Loss: 0.5073, Accuracy: 77.86%, AUC: 0.77
Epoch [21/100] - [TRAIN] Loss: 0.5064, Accuracy: 78.43%, AUC: 0.78 - [VAL] Loss: 0.5068, Accuracy: 77.90%, AUC: 0.77
Epoch [22/100] - [TRAIN] Loss: 0.5057, Accuracy: 78.36%, AUC: 0.78 - [VAL] Loss: 0.5065, Accuracy: 77.89%, AUC: 0.77
Epoch [23/100] - [TRAIN] Loss: 0.5069, Accuracy: 78.40%, AUC: 0.78 - [VAL] Loss: 0.5064, Accuracy: 77.90%, AUC: 0.77
New best model saved with validation metric: 24.8874
Epoch [24/100] - [TRAIN] Loss: 0.5032, Accuracy: 78.50%, AUC: 0.78 - [VAL] Loss: 0.5059, Accuracy: 77.93%, AUC: 0.77
New best model saved with validation metric: 24.8918
Epoch [25/100] - [TRAIN] Loss: 0.5031, Accuracy: 78.50%, AUC: 0.78 - [VAL] Loss: 0.5052, Accuracy: 77.94%, AUC: 0.77
New best model saved with validation metric: 24.9524
Epoch [26/100] - [TRAIN] Loss: 0.5024, Accuracy: 78.47%, AUC: 0.78 - [VAL] Loss: 0.5048, Accuracy: 78.13%, AUC: 0.78
Epoch [27/100] - [TRAIN] Loss: 0.5024, Accuracy: 78.43%, AUC: 0.78 - [VAL] Loss: 0.5045, Accuracy: 78.12%, AUC: 0.78
Epoch [28/100] - [TRAIN] Loss: 0.5022, Accuracy: 78.44%, AUC: 0.78 - [VAL] Loss: 0.5046, Accuracy: 78.07%, AUC: 0.78
Epoch [29/100] - [TRAIN] Loss: 0.5027, Accuracy: 78.58%, AUC: 0.78 - [VAL] Loss: 0.5039, Accuracy: 78.12%, AUC: 0.78
Epoch [30/100] - [TRAIN] Loss: 0.5011, Accuracy: 78.65%, AUC: 0.78 - [VAL] Loss: 0.5038, Accuracy: 78.12%, AUC: 0.78
New best model saved with validation metric: 24.9697
Epoch [31/100] - [TRAIN] Loss: 0.5007, Accuracy: 78.62%, AUC: 0.78 - [VAL] Loss: 0.5032, Accuracy: 78.19%, AUC: 0.78
New best model saved with validation metric: 24.9870
Epoch [32/100] - [TRAIN] Loss: 0.5007, Accuracy: 78.65%, AUC: 0.78 - [VAL] Loss: 0.5028, Accuracy: 78.24%, AUC: 0.78
New best model saved with validation metric: 25.0000
Epoch [33/100] - [TRAIN] Loss: 0.5001, Accuracy: 78.75%, AUC: 0.78 - [VAL] Loss: 0.5027, Accuracy: 78.28%, AUC: 0.78
New best model saved with validation metric: 25.0043
Epoch [34/100] - [TRAIN] Loss: 0.4994, Accuracy: 78.70%, AUC: 0.78 - [VAL] Loss: 0.5025, Accuracy: 78.30%, AUC: 0.78
New best model saved with validation metric: 25.0130
Epoch [35/100] - [TRAIN] Loss: 0.4997, Accuracy: 78.67%, AUC: 0.78 - [VAL] Loss: 0.5021, Accuracy: 78.32%, AUC: 0.78
Epoch [36/100] - [TRAIN] Loss: 0.4980, Accuracy: 78.81%, AUC: 0.78 - [VAL] Loss: 0.5017, Accuracy: 78.27%, AUC: 0.78
Epoch [37/100] - [TRAIN] Loss: 0.4978, Accuracy: 78.81%, AUC: 0.78 - [VAL] Loss: 0.5017, Accuracy: 78.27%, AUC: 0.78
Epoch [38/100] - [TRAIN] Loss: 0.4967, Accuracy: 78.75%, AUC: 0.78 - [VAL] Loss: 0.5018, Accuracy: 78.30%, AUC: 0.78
Epoch [39/100] - [TRAIN] Loss: 0.4969, Accuracy: 78.71%, AUC: 0.78 - [VAL] Loss: 0.5012, Accuracy: 78.24%, AUC: 0.78
New best model saved with validation metric: 25.0303
Epoch [40/100] - [TRAIN] Loss: 0.4964, Accuracy: 78.86%, AUC: 0.78 - [VAL] Loss: 0.5006, Accuracy: 78.38%, AUC: 0.78
Epoch [41/100] - [TRAIN] Loss: 0.4959, Accuracy: 78.81%, AUC: 0.78 - [VAL] Loss: 0.5005, Accuracy: 78.31%, AUC: 0.78
Epoch [42/100] - [TRAIN] Loss: 0.4973, Accuracy: 78.85%, AUC: 0.78 - [VAL] Loss: 0.5011, Accuracy: 78.22%, AUC: 0.78
Epoch [43/100] - [TRAIN] Loss: 0.4961, Accuracy: 78.89%, AUC: 0.78 - [VAL] Loss: 0.5011, Accuracy: 78.22%, AUC: 0.78
Epoch [44/100] - [TRAIN] Loss: 0.4939, Accuracy: 78.88%, AUC: 0.78 - [VAL] Loss: 0.4999, Accuracy: 78.34%, AUC: 0.78
New best model saved with validation metric: 25.0346
Epoch [45/100] - [TRAIN] Loss: 0.4944, Accuracy: 78.83%, AUC: 0.78 - [VAL] Loss: 0.4995, Accuracy: 78.39%, AUC: 0.78
Epoch [46/100] - [TRAIN] Loss: 0.4946, Accuracy: 79.00%, AUC: 0.78 - [VAL] Loss: 0.4998, Accuracy: 78.24%, AUC: 0.78
Epoch [47/100] - [TRAIN] Loss: 0.4940, Accuracy: 78.93%, AUC: 0.78 - [VAL] Loss: 0.4992, Accuracy: 78.30%, AUC: 0.78
Epoch [48/100] - [TRAIN] Loss: 0.4944, Accuracy: 78.86%, AUC: 0.78 - [VAL] Loss: 0.4989, Accuracy: 78.35%, AUC: 0.78
Epoch [49/100] - [TRAIN] Loss: 0.4933, Accuracy: 78.93%, AUC: 0.78 - [VAL] Loss: 0.4998, Accuracy: 78.27%, AUC: 0.78
Epoch [50/100] - [TRAIN] Loss: 0.4925, Accuracy: 78.94%, AUC: 0.78 - [VAL] Loss: 0.4986, Accuracy: 78.32%, AUC: 0.78
Epoch [51/100] - [TRAIN] Loss: 0.4923, Accuracy: 78.93%, AUC: 0.78 - [VAL] Loss: 0.4983, Accuracy: 78.35%, AUC: 0.78
New best model saved with validation metric: 25.0433
Epoch [52/100] - [TRAIN] Loss: 0.4911, Accuracy: 78.97%, AUC: 0.78 - [VAL] Loss: 0.4981, Accuracy: 78.42%, AUC: 0.78
Epoch [53/100] - [TRAIN] Loss: 0.4907, Accuracy: 78.97%, AUC: 0.78 - [VAL] Loss: 0.4982, Accuracy: 78.30%, AUC: 0.78
Epoch [54/100] - [TRAIN] Loss: 0.4912, Accuracy: 79.01%, AUC: 0.78 - [VAL] Loss: 0.4978, Accuracy: 78.32%, AUC: 0.78
Epoch [55/100] - [TRAIN] Loss: 0.4915, Accuracy: 78.89%, AUC: 0.78 - [VAL] Loss: 0.4976, Accuracy: 78.32%, AUC: 0.78
Epoch [56/100] - [TRAIN] Loss: 0.4897, Accuracy: 79.00%, AUC: 0.78 - [VAL] Loss: 0.4981, Accuracy: 78.26%, AUC: 0.78
Epoch [57/100] - [TRAIN] Loss: 0.4903, Accuracy: 78.92%, AUC: 0.78 - [VAL] Loss: 0.4974, Accuracy: 78.35%, AUC: 0.78
New best model saved with validation metric: 25.0476
Epoch [58/100] - [TRAIN] Loss: 0.4897, Accuracy: 79.01%, AUC: 0.78 - [VAL] Loss: 0.4971, Accuracy: 78.43%, AUC: 0.78
Epoch [59/100] - [TRAIN] Loss: 0.4892, Accuracy: 78.97%, AUC: 0.78 - [VAL] Loss: 0.4990, Accuracy: 78.37%, AUC: 0.78
Epoch [60/100] - [TRAIN] Loss: 0.4903, Accuracy: 79.08%, AUC: 0.78 - [VAL] Loss: 0.4974, Accuracy: 78.35%, AUC: 0.78
Epoch [61/100] - [TRAIN] Loss: 0.4896, Accuracy: 79.16%, AUC: 0.78 - [VAL] Loss: 0.4967, Accuracy: 78.41%, AUC: 0.78
Epoch [62/100] - [TRAIN] Loss: 0.4883, Accuracy: 79.08%, AUC: 0.78 - [VAL] Loss: 0.4967, Accuracy: 78.38%, AUC: 0.78
Epoch [63/100] - [TRAIN] Loss: 0.4877, Accuracy: 79.19%, AUC: 0.78 - [VAL] Loss: 0.4965, Accuracy: 78.37%, AUC: 0.78
Epoch [64/100] - [TRAIN] Loss: 0.4878, Accuracy: 78.97%, AUC: 0.78 - [VAL] Loss: 0.4965, Accuracy: 78.42%, AUC: 0.78
Epoch [65/100] - [TRAIN] Loss: 0.4870, Accuracy: 79.05%, AUC: 0.78 - [VAL] Loss: 0.4964, Accuracy: 78.39%, AUC: 0.78
Epoch [66/100] - [TRAIN] Loss: 0.4882, Accuracy: 79.02%, AUC: 0.78 - [VAL] Loss: 0.4966, Accuracy: 78.39%, AUC: 0.78
Epoch [67/100] - [TRAIN] Loss: 0.4860, Accuracy: 79.05%, AUC: 0.78 - [VAL] Loss: 0.4963, Accuracy: 78.39%, AUC: 0.78
Epoch [68/100] - [TRAIN] Loss: 0.4851, Accuracy: 79.12%, AUC: 0.78 - [VAL] Loss: 0.4963, Accuracy: 78.39%, AUC: 0.78
Epoch [69/100] - [TRAIN] Loss: 0.4867, Accuracy: 79.21%, AUC: 0.78 - [VAL] Loss: 0.4963, Accuracy: 78.41%, AUC: 0.78
New best model saved with validation metric: 25.0736
Epoch [70/100] - [TRAIN] Loss: 0.4867, Accuracy: 79.11%, AUC: 0.78 - [VAL] Loss: 0.4970, Accuracy: 78.51%, AUC: 0.78
Epoch [71/100] - [TRAIN] Loss: 0.4857, Accuracy: 79.21%, AUC: 0.78 - [VAL] Loss: 0.4960, Accuracy: 78.45%, AUC: 0.78
Epoch [72/100] - [TRAIN] Loss: 0.4862, Accuracy: 79.09%, AUC: 0.78 - [VAL] Loss: 0.4973, Accuracy: 78.50%, AUC: 0.78
Epoch [73/100] - [TRAIN] Loss: 0.4837, Accuracy: 79.12%, AUC: 0.78 - [VAL] Loss: 0.4956, Accuracy: 78.47%, AUC: 0.78
Epoch [74/100] - [TRAIN] Loss: 0.4842, Accuracy: 79.15%, AUC: 0.78 - [VAL] Loss: 0.4958, Accuracy: 78.43%, AUC: 0.78
Epoch [75/100] - [TRAIN] Loss: 0.4841, Accuracy: 79.05%, AUC: 0.78 - [VAL] Loss: 0.4956, Accuracy: 78.51%, AUC: 0.78
Epoch [76/100] - [TRAIN] Loss: 0.4846, Accuracy: 79.20%, AUC: 0.78 - [VAL] Loss: 0.4956, Accuracy: 78.45%, AUC: 0.78
Epoch [77/100] - [TRAIN] Loss: 0.4831, Accuracy: 79.16%, AUC: 0.78 - [VAL] Loss: 0.4955, Accuracy: 78.51%, AUC: 0.78
Epoch [78/100] - [TRAIN] Loss: 0.4838, Accuracy: 79.16%, AUC: 0.78 - [VAL] Loss: 0.4953, Accuracy: 78.50%, AUC: 0.78
Epoch [79/100] - [TRAIN] Loss: 0.4841, Accuracy: 79.28%, AUC: 0.78 - [VAL] Loss: 0.4955, Accuracy: 78.41%, AUC: 0.78
Epoch [80/100] - [TRAIN] Loss: 0.4838, Accuracy: 79.13%, AUC: 0.78 - [VAL] Loss: 0.4953, Accuracy: 78.38%, AUC: 0.78
New best model saved with validation metric: 25.0823
Epoch [81/100] - [TRAIN] Loss: 0.4842, Accuracy: 79.21%, AUC: 0.78 - [VAL] Loss: 0.4957, Accuracy: 78.54%, AUC: 0.78
Epoch [82/100] - [TRAIN] Loss: 0.4826, Accuracy: 79.19%, AUC: 0.78 - [VAL] Loss: 0.4953, Accuracy: 78.38%, AUC: 0.78
Epoch [83/100] - [TRAIN] Loss: 0.4833, Accuracy: 79.13%, AUC: 0.78 - [VAL] Loss: 0.4953, Accuracy: 78.54%, AUC: 0.78
Epoch [84/100] - [TRAIN] Loss: 0.4821, Accuracy: 79.27%, AUC: 0.78 - [VAL] Loss: 0.4953, Accuracy: 78.53%, AUC: 0.78
Epoch [85/100] - [TRAIN] Loss: 0.4810, Accuracy: 79.11%, AUC: 0.78 - [VAL] Loss: 0.4953, Accuracy: 78.51%, AUC: 0.78
Epoch [86/100] - [TRAIN] Loss: 0.4811, Accuracy: 79.34%, AUC: 0.78 - [VAL] Loss: 0.4960, Accuracy: 78.49%, AUC: 0.78
Epoch [87/100] - [TRAIN] Loss: 0.4801, Accuracy: 79.29%, AUC: 0.78 - [VAL] Loss: 0.4974, Accuracy: 78.50%, AUC: 0.78
Epoch [88/100] - [TRAIN] Loss: 0.4808, Accuracy: 79.25%, AUC: 0.78 - [VAL] Loss: 0.4964, Accuracy: 78.54%, AUC: 0.78
Epoch [89/100] - [TRAIN] Loss: 0.4813, Accuracy: 79.39%, AUC: 0.79 - [VAL] Loss: 0.4953, Accuracy: 78.35%, AUC: 0.78
New best model saved with validation metric: 25.0866
Epoch [90/100] - [TRAIN] Loss: 0.4800, Accuracy: 79.19%, AUC: 0.78 - [VAL] Loss: 0.4955, Accuracy: 78.55%, AUC: 0.78
Epoch [91/100] - [TRAIN] Loss: 0.4796, Accuracy: 79.19%, AUC: 0.78 - [VAL] Loss: 0.4968, Accuracy: 78.50%, AUC: 0.78
Epoch [92/100] - [TRAIN] Loss: 0.4806, Accuracy: 79.28%, AUC: 0.78 - [VAL] Loss: 0.4962, Accuracy: 78.55%, AUC: 0.78
New best model saved with validation metric: 25.0909
Epoch [93/100] - [TRAIN] Loss: 0.4792, Accuracy: 79.34%, AUC: 0.78 - [VAL] Loss: 0.4962, Accuracy: 78.57%, AUC: 0.78
Epoch [94/100] - [TRAIN] Loss: 0.4798, Accuracy: 79.21%, AUC: 0.78 - [VAL] Loss: 0.4956, Accuracy: 78.38%, AUC: 0.78
Epoch [95/100] - [TRAIN] Loss: 0.4795, Accuracy: 79.31%, AUC: 0.78 - [VAL] Loss: 0.4954, Accuracy: 78.35%, AUC: 0.78
Epoch [96/100] - [TRAIN] Loss: 0.4779, Accuracy: 79.42%, AUC: 0.79 - [VAL] Loss: 0.4955, Accuracy: 78.43%, AUC: 0.78
New best model saved with validation metric: 25.1082
Epoch [97/100] - [TRAIN] Loss: 0.4790, Accuracy: 79.38%, AUC: 0.78 - [VAL] Loss: 0.4971, Accuracy: 78.62%, AUC: 0.78
New best model saved with validation metric: 25.1126
Epoch [98/100] - [TRAIN] Loss: 0.4801, Accuracy: 79.25%, AUC: 0.78 - [VAL] Loss: 0.4960, Accuracy: 78.64%, AUC: 0.78
Epoch [99/100] - [TRAIN] Loss: 0.4780, Accuracy: 79.23%, AUC: 0.78 - [VAL] Loss: 0.4968, Accuracy: 78.60%, AUC: 0.78
New best model saved with validation metric: 25.1169
Epoch [100/100] - [TRAIN] Loss: 0.4772, Accuracy: 79.47%, AUC: 0.79 - [VAL] Loss: 0.4962, Accuracy: 78.65%, AUC: 0.78
Training finished!
Accuracy Score on test set: 78.94 %
AUC Score on test set: 0.78
Item: H3K27me3-H3K4me3-H3K9ac
Train set shape: (7399, 3, 4000) (7399,)
Validation set shape: (7377, 3, 4000) (7377,)
Test set shape: (7378, 3, 4000) (7378,)
New best model saved with validation metric: 19.4242
Epoch [1/100] - [TRAIN] Loss: 0.6601, Accuracy: 60.55%, AUC: 0.50 - [VAL] Loss: 0.6296, Accuracy: 60.82%, AUC: 0.50
Epoch [2/100] - [TRAIN] Loss: 0.6114, Accuracy: 60.82%, AUC: 0.50 - [VAL] Loss: 0.5902, Accuracy: 60.82%, AUC: 0.50
New best model saved with validation metric: 24.6407
Epoch [3/100] - [TRAIN] Loss: 0.5784, Accuracy: 61.02%, AUC: 0.50 - [VAL] Loss: 0.5593, Accuracy: 77.16%, AUC: 0.75
New best model saved with validation metric: 24.9437
Epoch [4/100] - [TRAIN] Loss: 0.5530, Accuracy: 76.20%, AUC: 0.74 - [VAL] Loss: 0.5396, Accuracy: 78.11%, AUC: 0.77
Epoch [5/100] - [TRAIN] Loss: 0.5388, Accuracy: 78.23%, AUC: 0.77 - [VAL] Loss: 0.5287, Accuracy: 78.07%, AUC: 0.77
Epoch [6/100] - [TRAIN] Loss: 0.5304, Accuracy: 78.01%, AUC: 0.77 - [VAL] Loss: 0.5234, Accuracy: 77.82%, AUC: 0.77
Epoch [7/100] - [TRAIN] Loss: 0.5242, Accuracy: 78.01%, AUC: 0.77 - [VAL] Loss: 0.5189, Accuracy: 77.93%, AUC: 0.78
Epoch [8/100] - [TRAIN] Loss: 0.5220, Accuracy: 77.90%, AUC: 0.77 - [VAL] Loss: 0.5164, Accuracy: 77.74%, AUC: 0.78
Epoch [9/100] - [TRAIN] Loss: 0.5184, Accuracy: 78.09%, AUC: 0.78 - [VAL] Loss: 0.5143, Accuracy: 77.66%, AUC: 0.77
Epoch [10/100] - [TRAIN] Loss: 0.5172, Accuracy: 77.97%, AUC: 0.78 - [VAL] Loss: 0.5125, Accuracy: 77.86%, AUC: 0.78
Epoch [11/100] - [TRAIN] Loss: 0.5166, Accuracy: 78.23%, AUC: 0.78 - [VAL] Loss: 0.5117, Accuracy: 77.61%, AUC: 0.78
Epoch [12/100] - [TRAIN] Loss: 0.5136, Accuracy: 78.17%, AUC: 0.78 - [VAL] Loss: 0.5098, Accuracy: 77.88%, AUC: 0.78
Epoch [13/100] - [TRAIN] Loss: 0.5117, Accuracy: 78.31%, AUC: 0.78 - [VAL] Loss: 0.5090, Accuracy: 77.76%, AUC: 0.78
Epoch [14/100] - [TRAIN] Loss: 0.5096, Accuracy: 78.29%, AUC: 0.78 - [VAL] Loss: 0.5083, Accuracy: 77.80%, AUC: 0.78
Epoch [15/100] - [TRAIN] Loss: 0.5081, Accuracy: 78.32%, AUC: 0.78 - [VAL] Loss: 0.5071, Accuracy: 77.86%, AUC: 0.78
Epoch [16/100] - [TRAIN] Loss: 0.5082, Accuracy: 78.39%, AUC: 0.78 - [VAL] Loss: 0.5062, Accuracy: 78.03%, AUC: 0.78
Epoch [17/100] - [TRAIN] Loss: 0.5082, Accuracy: 78.29%, AUC: 0.78 - [VAL] Loss: 0.5056, Accuracy: 78.04%, AUC: 0.78
Epoch [18/100] - [TRAIN] Loss: 0.5070, Accuracy: 78.28%, AUC: 0.78 - [VAL] Loss: 0.5054, Accuracy: 78.05%, AUC: 0.78
Epoch [19/100] - [TRAIN] Loss: 0.5044, Accuracy: 78.46%, AUC: 0.78 - [VAL] Loss: 0.5043, Accuracy: 78.08%, AUC: 0.78
Epoch [20/100] - [TRAIN] Loss: 0.5048, Accuracy: 78.42%, AUC: 0.78 - [VAL] Loss: 0.5040, Accuracy: 78.11%, AUC: 0.78
New best model saved with validation metric: 24.9524
Epoch [21/100] - [TRAIN] Loss: 0.5036, Accuracy: 78.33%, AUC: 0.78 - [VAL] Loss: 0.5034, Accuracy: 78.13%, AUC: 0.78
Epoch [22/100] - [TRAIN] Loss: 0.5021, Accuracy: 78.43%, AUC: 0.78 - [VAL] Loss: 0.5031, Accuracy: 78.11%, AUC: 0.78
New best model saved with validation metric: 24.9654
Epoch [23/100] - [TRAIN] Loss: 0.5033, Accuracy: 78.46%, AUC: 0.78 - [VAL] Loss: 0.5025, Accuracy: 78.18%, AUC: 0.78
Epoch [24/100] - [TRAIN] Loss: 0.5015, Accuracy: 78.51%, AUC: 0.78 - [VAL] Loss: 0.5024, Accuracy: 78.13%, AUC: 0.78
New best model saved with validation metric: 24.9697
Epoch [25/100] - [TRAIN] Loss: 0.5008, Accuracy: 78.50%, AUC: 0.78 - [VAL] Loss: 0.5019, Accuracy: 78.19%, AUC: 0.78
Epoch [26/100] - [TRAIN] Loss: 0.5000, Accuracy: 78.52%, AUC: 0.78 - [VAL] Loss: 0.5016, Accuracy: 78.16%, AUC: 0.78
Epoch [27/100] - [TRAIN] Loss: 0.5002, Accuracy: 78.66%, AUC: 0.78 - [VAL] Loss: 0.5014, Accuracy: 78.11%, AUC: 0.78
Epoch [28/100] - [TRAIN] Loss: 0.4996, Accuracy: 78.61%, AUC: 0.78 - [VAL] Loss: 0.5009, Accuracy: 78.16%, AUC: 0.78
Epoch [29/100] - [TRAIN] Loss: 0.4987, Accuracy: 78.59%, AUC: 0.78 - [VAL] Loss: 0.5020, Accuracy: 78.16%, AUC: 0.78
Epoch [30/100] - [TRAIN] Loss: 0.4977, Accuracy: 78.70%, AUC: 0.78 - [VAL] Loss: 0.5006, Accuracy: 78.11%, AUC: 0.78
Epoch [31/100] - [TRAIN] Loss: 0.4978, Accuracy: 78.73%, AUC: 0.78 - [VAL] Loss: 0.5004, Accuracy: 78.12%, AUC: 0.78
New best model saved with validation metric: 24.9827
Epoch [32/100] - [TRAIN] Loss: 0.4977, Accuracy: 78.62%, AUC: 0.78 - [VAL] Loss: 0.4999, Accuracy: 78.23%, AUC: 0.78
New best model saved with validation metric: 24.9913
Epoch [33/100] - [TRAIN] Loss: 0.4981, Accuracy: 78.67%, AUC: 0.78 - [VAL] Loss: 0.4995, Accuracy: 78.26%, AUC: 0.78
Epoch [34/100] - [TRAIN] Loss: 0.4970, Accuracy: 78.78%, AUC: 0.78 - [VAL] Loss: 0.5002, Accuracy: 78.23%, AUC: 0.78
New best model saved with validation metric: 24.9957
Epoch [35/100] - [TRAIN] Loss: 0.4962, Accuracy: 78.77%, AUC: 0.78 - [VAL] Loss: 0.4994, Accuracy: 78.27%, AUC: 0.78
Epoch [36/100] - [TRAIN] Loss: 0.4964, Accuracy: 78.75%, AUC: 0.78 - [VAL] Loss: 0.4992, Accuracy: 78.27%, AUC: 0.78
Epoch [37/100] - [TRAIN] Loss: 0.4948, Accuracy: 78.75%, AUC: 0.78 - [VAL] Loss: 0.4987, Accuracy: 78.27%, AUC: 0.78
Epoch [38/100] - [TRAIN] Loss: 0.4949, Accuracy: 78.85%, AUC: 0.78 - [VAL] Loss: 0.4988, Accuracy: 78.24%, AUC: 0.78
Epoch [39/100] - [TRAIN] Loss: 0.4948, Accuracy: 78.78%, AUC: 0.78 - [VAL] Loss: 0.4984, Accuracy: 78.20%, AUC: 0.78
New best model saved with validation metric: 25.0563
Epoch [40/100] - [TRAIN] Loss: 0.4960, Accuracy: 78.90%, AUC: 0.78 - [VAL] Loss: 0.4981, Accuracy: 78.46%, AUC: 0.78
Epoch [41/100] - [TRAIN] Loss: 0.4942, Accuracy: 78.83%, AUC: 0.78 - [VAL] Loss: 0.4981, Accuracy: 78.23%, AUC: 0.78
Epoch [42/100] - [TRAIN] Loss: 0.4933, Accuracy: 78.89%, AUC: 0.78 - [VAL] Loss: 0.4980, Accuracy: 78.24%, AUC: 0.78
Epoch [43/100] - [TRAIN] Loss: 0.4928, Accuracy: 78.86%, AUC: 0.78 - [VAL] Loss: 0.4981, Accuracy: 78.16%, AUC: 0.78
Epoch [44/100] - [TRAIN] Loss: 0.4929, Accuracy: 78.97%, AUC: 0.78 - [VAL] Loss: 0.4976, Accuracy: 78.46%, AUC: 0.78
Epoch [45/100] - [TRAIN] Loss: 0.4911, Accuracy: 78.93%, AUC: 0.78 - [VAL] Loss: 0.4982, Accuracy: 78.24%, AUC: 0.78
Epoch [46/100] - [TRAIN] Loss: 0.4921, Accuracy: 79.08%, AUC: 0.78 - [VAL] Loss: 0.4972, Accuracy: 78.39%, AUC: 0.78
Epoch [47/100] - [TRAIN] Loss: 0.4925, Accuracy: 78.90%, AUC: 0.78 - [VAL] Loss: 0.4971, Accuracy: 78.38%, AUC: 0.78
Epoch [48/100] - [TRAIN] Loss: 0.4911, Accuracy: 78.90%, AUC: 0.78 - [VAL] Loss: 0.4970, Accuracy: 78.39%, AUC: 0.78
Epoch [49/100] - [TRAIN] Loss: 0.4918, Accuracy: 78.97%, AUC: 0.78 - [VAL] Loss: 0.4971, Accuracy: 78.26%, AUC: 0.78
Epoch [50/100] - [TRAIN] Loss: 0.4908, Accuracy: 78.81%, AUC: 0.78 - [VAL] Loss: 0.4968, Accuracy: 78.41%, AUC: 0.78
Epoch [51/100] - [TRAIN] Loss: 0.4907, Accuracy: 79.08%, AUC: 0.78 - [VAL] Loss: 0.4979, Accuracy: 78.24%, AUC: 0.78
Epoch [52/100] - [TRAIN] Loss: 0.4922, Accuracy: 79.00%, AUC: 0.78 - [VAL] Loss: 0.4967, Accuracy: 78.42%, AUC: 0.78
New best model saved with validation metric: 25.0996
Epoch [53/100] - [TRAIN] Loss: 0.4899, Accuracy: 79.08%, AUC: 0.78 - [VAL] Loss: 0.4965, Accuracy: 78.60%, AUC: 0.78
Epoch [54/100] - [TRAIN] Loss: 0.4883, Accuracy: 78.92%, AUC: 0.78 - [VAL] Loss: 0.4968, Accuracy: 78.26%, AUC: 0.78
Epoch [55/100] - [TRAIN] Loss: 0.4904, Accuracy: 78.89%, AUC: 0.78 - [VAL] Loss: 0.4969, Accuracy: 78.28%, AUC: 0.78
Epoch [56/100] - [TRAIN] Loss: 0.4896, Accuracy: 78.97%, AUC: 0.78 - [VAL] Loss: 0.4966, Accuracy: 78.27%, AUC: 0.78
Epoch [57/100] - [TRAIN] Loss: 0.4894, Accuracy: 78.96%, AUC: 0.78 - [VAL] Loss: 0.4971, Accuracy: 78.30%, AUC: 0.78
Epoch [58/100] - [TRAIN] Loss: 0.4882, Accuracy: 79.00%, AUC: 0.78 - [VAL] Loss: 0.4961, Accuracy: 78.46%, AUC: 0.78
Epoch [59/100] - [TRAIN] Loss: 0.4888, Accuracy: 79.00%, AUC: 0.78 - [VAL] Loss: 0.4962, Accuracy: 78.37%, AUC: 0.78
New best model saved with validation metric: 25.1039
Epoch [60/100] - [TRAIN] Loss: 0.4870, Accuracy: 78.97%, AUC: 0.78 - [VAL] Loss: 0.4961, Accuracy: 78.61%, AUC: 0.78
Epoch [61/100] - [TRAIN] Loss: 0.4874, Accuracy: 79.05%, AUC: 0.78 - [VAL] Loss: 0.4959, Accuracy: 78.58%, AUC: 0.78
Epoch [62/100] - [TRAIN] Loss: 0.4869, Accuracy: 78.98%, AUC: 0.78 - [VAL] Loss: 0.4959, Accuracy: 78.49%, AUC: 0.78
Epoch [63/100] - [TRAIN] Loss: 0.4865, Accuracy: 79.05%, AUC: 0.78 - [VAL] Loss: 0.4961, Accuracy: 78.49%, AUC: 0.78
Epoch [64/100] - [TRAIN] Loss: 0.4857, Accuracy: 78.93%, AUC: 0.78 - [VAL] Loss: 0.4960, Accuracy: 78.50%, AUC: 0.78
Epoch [65/100] - [TRAIN] Loss: 0.4866, Accuracy: 79.05%, AUC: 0.78 - [VAL] Loss: 0.4961, Accuracy: 78.51%, AUC: 0.78
Epoch [66/100] - [TRAIN] Loss: 0.4871, Accuracy: 79.12%, AUC: 0.78 - [VAL] Loss: 0.4968, Accuracy: 78.39%, AUC: 0.78
Epoch [67/100] - [TRAIN] Loss: 0.4855, Accuracy: 79.01%, AUC: 0.78 - [VAL] Loss: 0.4956, Accuracy: 78.55%, AUC: 0.78
Epoch [68/100] - [TRAIN] Loss: 0.4848, Accuracy: 79.00%, AUC: 0.78 - [VAL] Loss: 0.4957, Accuracy: 78.57%, AUC: 0.78
Epoch [69/100] - [TRAIN] Loss: 0.4858, Accuracy: 79.08%, AUC: 0.78 - [VAL] Loss: 0.4958, Accuracy: 78.57%, AUC: 0.78
Epoch [70/100] - [TRAIN] Loss: 0.4856, Accuracy: 79.06%, AUC: 0.78 - [VAL] Loss: 0.4959, Accuracy: 78.58%, AUC: 0.78
Epoch [71/100] - [TRAIN] Loss: 0.4842, Accuracy: 79.06%, AUC: 0.78 - [VAL] Loss: 0.4964, Accuracy: 78.54%, AUC: 0.78
Epoch [72/100] - [TRAIN] Loss: 0.4842, Accuracy: 79.09%, AUC: 0.78 - [VAL] Loss: 0.4958, Accuracy: 78.60%, AUC: 0.78
Epoch [73/100] - [TRAIN] Loss: 0.4839, Accuracy: 79.12%, AUC: 0.78 - [VAL] Loss: 0.4960, Accuracy: 78.55%, AUC: 0.78
Epoch [74/100] - [TRAIN] Loss: 0.4833, Accuracy: 79.11%, AUC: 0.78 - [VAL] Loss: 0.4955, Accuracy: 78.58%, AUC: 0.78
New best model saved with validation metric: 25.1126
Epoch [75/100] - [TRAIN] Loss: 0.4837, Accuracy: 79.11%, AUC: 0.78 - [VAL] Loss: 0.4958, Accuracy: 78.64%, AUC: 0.78
Epoch [76/100] - [TRAIN] Loss: 0.4863, Accuracy: 79.08%, AUC: 0.78 - [VAL] Loss: 0.4967, Accuracy: 78.57%, AUC: 0.78
Epoch [77/100] - [TRAIN] Loss: 0.4831, Accuracy: 79.04%, AUC: 0.78 - [VAL] Loss: 0.4960, Accuracy: 78.62%, AUC: 0.78
Epoch [78/100] - [TRAIN] Loss: 0.4844, Accuracy: 79.04%, AUC: 0.78 - [VAL] Loss: 0.4958, Accuracy: 78.57%, AUC: 0.78
Epoch [79/100] - [TRAIN] Loss: 0.4826, Accuracy: 79.09%, AUC: 0.78 - [VAL] Loss: 0.4956, Accuracy: 78.61%, AUC: 0.78
New best model saved with validation metric: 25.1212
Epoch [80/100] - [TRAIN] Loss: 0.4824, Accuracy: 79.15%, AUC: 0.78 - [VAL] Loss: 0.4960, Accuracy: 78.66%, AUC: 0.78
Epoch [81/100] - [TRAIN] Loss: 0.4828, Accuracy: 79.20%, AUC: 0.78 - [VAL] Loss: 0.4954, Accuracy: 78.55%, AUC: 0.78
New best model saved with validation metric: 25.1299
Epoch [82/100] - [TRAIN] Loss: 0.4836, Accuracy: 79.23%, AUC: 0.78 - [VAL] Loss: 0.4961, Accuracy: 78.69%, AUC: 0.78
Epoch [83/100] - [TRAIN] Loss: 0.4810, Accuracy: 79.19%, AUC: 0.78 - [VAL] Loss: 0.4954, Accuracy: 78.60%, AUC: 0.78
Epoch [84/100] - [TRAIN] Loss: 0.4815, Accuracy: 79.27%, AUC: 0.78 - [VAL] Loss: 0.4957, Accuracy: 78.51%, AUC: 0.78
Epoch [85/100] - [TRAIN] Loss: 0.4818, Accuracy: 79.09%, AUC: 0.78 - [VAL] Loss: 0.4958, Accuracy: 78.60%, AUC: 0.78
Epoch [86/100] - [TRAIN] Loss: 0.4804, Accuracy: 79.32%, AUC: 0.78 - [VAL] Loss: 0.4974, Accuracy: 78.57%, AUC: 0.78
Epoch [87/100] - [TRAIN] Loss: 0.4808, Accuracy: 79.17%, AUC: 0.78 - [VAL] Loss: 0.4955, Accuracy: 78.61%, AUC: 0.78
Epoch [88/100] - [TRAIN] Loss: 0.4811, Accuracy: 79.17%, AUC: 0.78 - [VAL] Loss: 0.4957, Accuracy: 78.62%, AUC: 0.78
Epoch [89/100] - [TRAIN] Loss: 0.4792, Accuracy: 79.32%, AUC: 0.78 - [VAL] Loss: 0.4968, Accuracy: 78.64%, AUC: 0.78
Epoch [90/100] - [TRAIN] Loss: 0.4796, Accuracy: 79.28%, AUC: 0.78 - [VAL] Loss: 0.4966, Accuracy: 78.61%, AUC: 0.78
Epoch [91/100] - [TRAIN] Loss: 0.4790, Accuracy: 79.39%, AUC: 0.79 - [VAL] Loss: 0.4956, Accuracy: 78.57%, AUC: 0.78
Epoch [92/100] - [TRAIN] Loss: 0.4788, Accuracy: 79.39%, AUC: 0.79 - [VAL] Loss: 0.4955, Accuracy: 78.65%, AUC: 0.78
New best model saved with validation metric: 25.1472
Epoch [93/100] - [TRAIN] Loss: 0.4787, Accuracy: 79.25%, AUC: 0.78 - [VAL] Loss: 0.4958, Accuracy: 78.74%, AUC: 0.78
Epoch [94/100] - [TRAIN] Loss: 0.4802, Accuracy: 79.34%, AUC: 0.78 - [VAL] Loss: 0.4965, Accuracy: 78.68%, AUC: 0.78
Epoch [95/100] - [TRAIN] Loss: 0.4786, Accuracy: 79.43%, AUC: 0.79 - [VAL] Loss: 0.4956, Accuracy: 78.57%, AUC: 0.78
Epoch [96/100] - [TRAIN] Loss: 0.4798, Accuracy: 79.38%, AUC: 0.79 - [VAL] Loss: 0.4968, Accuracy: 78.57%, AUC: 0.78
Epoch [97/100] - [TRAIN] Loss: 0.4780, Accuracy: 79.34%, AUC: 0.78 - [VAL] Loss: 0.4966, Accuracy: 78.69%, AUC: 0.78
Epoch [98/100] - [TRAIN] Loss: 0.4774, Accuracy: 79.44%, AUC: 0.79 - [VAL] Loss: 0.4965, Accuracy: 78.72%, AUC: 0.78
Epoch [99/100] - [TRAIN] Loss: 0.4782, Accuracy: 79.44%, AUC: 0.79 - [VAL] Loss: 0.4969, Accuracy: 78.74%, AUC: 0.78
Epoch [100/100] - [TRAIN] Loss: 0.4767, Accuracy: 79.42%, AUC: 0.79 - [VAL] Loss: 0.4959, Accuracy: 78.55%, AUC: 0.78
Training finished!
Accuracy Score on test set: 78.91 %
AUC Score on test set: 0.78
Item: H3K27me3-H3K9ac-H3K4me3
Train set shape: (7399, 3, 4000) (7399,)
Validation set shape: (7377, 3, 4000) (7377,)
Test set shape: (7378, 3, 4000) (7378,)
New best model saved with validation metric: 19.4242
Epoch [1/100] - [TRAIN] Loss: 0.6638, Accuracy: 60.41%, AUC: 0.50 - [VAL] Loss: 0.6361, Accuracy: 60.82%, AUC: 0.50
Epoch [2/100] - [TRAIN] Loss: 0.6211, Accuracy: 60.82%, AUC: 0.50 - [VAL] Loss: 0.6050, Accuracy: 60.82%, AUC: 0.50
Epoch [3/100] - [TRAIN] Loss: 0.5942, Accuracy: 60.82%, AUC: 0.50 - [VAL] Loss: 0.5786, Accuracy: 60.82%, AUC: 0.50
New best model saved with validation metric: 24.8398
Epoch [4/100] - [TRAIN] Loss: 0.5716, Accuracy: 62.33%, AUC: 0.52 - [VAL] Loss: 0.5563, Accuracy: 77.78%, AUC: 0.76
New best model saved with validation metric: 24.8745
Epoch [5/100] - [TRAIN] Loss: 0.5525, Accuracy: 77.66%, AUC: 0.76 - [VAL] Loss: 0.5414, Accuracy: 77.89%, AUC: 0.77
New best model saved with validation metric: 24.9004
Epoch [6/100] - [TRAIN] Loss: 0.5423, Accuracy: 78.00%, AUC: 0.77 - [VAL] Loss: 0.5340, Accuracy: 77.97%, AUC: 0.77
Epoch [7/100] - [TRAIN] Loss: 0.5359, Accuracy: 78.19%, AUC: 0.77 - [VAL] Loss: 0.5287, Accuracy: 77.88%, AUC: 0.77
Epoch [8/100] - [TRAIN] Loss: 0.5306, Accuracy: 78.05%, AUC: 0.77 - [VAL] Loss: 0.5251, Accuracy: 77.90%, AUC: 0.77
Epoch [9/100] - [TRAIN] Loss: 0.5279, Accuracy: 77.98%, AUC: 0.77 - [VAL] Loss: 0.5222, Accuracy: 77.86%, AUC: 0.77
Epoch [10/100] - [TRAIN] Loss: 0.5252, Accuracy: 78.02%, AUC: 0.77 - [VAL] Loss: 0.5207, Accuracy: 77.63%, AUC: 0.77
Epoch [11/100] - [TRAIN] Loss: 0.5240, Accuracy: 77.98%, AUC: 0.77 - [VAL] Loss: 0.5188, Accuracy: 77.63%, AUC: 0.78
Epoch [12/100] - [TRAIN] Loss: 0.5213, Accuracy: 78.05%, AUC: 0.78 - [VAL] Loss: 0.5172, Accuracy: 77.58%, AUC: 0.78
Epoch [13/100] - [TRAIN] Loss: 0.5199, Accuracy: 77.96%, AUC: 0.77 - [VAL] Loss: 0.5155, Accuracy: 77.65%, AUC: 0.78
Epoch [14/100] - [TRAIN] Loss: 0.5172, Accuracy: 78.24%, AUC: 0.78 - [VAL] Loss: 0.5139, Accuracy: 77.77%, AUC: 0.78
Epoch [15/100] - [TRAIN] Loss: 0.5157, Accuracy: 78.27%, AUC: 0.78 - [VAL] Loss: 0.5136, Accuracy: 77.51%, AUC: 0.77
Epoch [16/100] - [TRAIN] Loss: 0.5133, Accuracy: 78.13%, AUC: 0.78 - [VAL] Loss: 0.5128, Accuracy: 77.63%, AUC: 0.78
Epoch [17/100] - [TRAIN] Loss: 0.5127, Accuracy: 78.27%, AUC: 0.78 - [VAL] Loss: 0.5109, Accuracy: 77.82%, AUC: 0.78
New best model saved with validation metric: 24.9091
Epoch [18/100] - [TRAIN] Loss: 0.5131, Accuracy: 78.21%, AUC: 0.78 - [VAL] Loss: 0.5101, Accuracy: 78.00%, AUC: 0.78
Epoch [19/100] - [TRAIN] Loss: 0.5098, Accuracy: 78.32%, AUC: 0.78 - [VAL] Loss: 0.5096, Accuracy: 77.84%, AUC: 0.78
New best model saved with validation metric: 24.9524
Epoch [20/100] - [TRAIN] Loss: 0.5102, Accuracy: 78.33%, AUC: 0.78 - [VAL] Loss: 0.5087, Accuracy: 78.13%, AUC: 0.78
Epoch [21/100] - [TRAIN] Loss: 0.5084, Accuracy: 78.27%, AUC: 0.78 - [VAL] Loss: 0.5083, Accuracy: 78.01%, AUC: 0.78
Epoch [22/100] - [TRAIN] Loss: 0.5082, Accuracy: 78.32%, AUC: 0.78 - [VAL] Loss: 0.5084, Accuracy: 77.89%, AUC: 0.78
Epoch [23/100] - [TRAIN] Loss: 0.5090, Accuracy: 78.36%, AUC: 0.78 - [VAL] Loss: 0.5071, Accuracy: 78.01%, AUC: 0.78
Epoch [24/100] - [TRAIN] Loss: 0.5070, Accuracy: 78.42%, AUC: 0.78 - [VAL] Loss: 0.5070, Accuracy: 78.00%, AUC: 0.78
Epoch [25/100] - [TRAIN] Loss: 0.5062, Accuracy: 78.51%, AUC: 0.78 - [VAL] Loss: 0.5075, Accuracy: 77.92%, AUC: 0.78
Epoch [26/100] - [TRAIN] Loss: 0.5053, Accuracy: 78.35%, AUC: 0.78 - [VAL] Loss: 0.5058, Accuracy: 78.05%, AUC: 0.78
Epoch [27/100] - [TRAIN] Loss: 0.5047, Accuracy: 78.42%, AUC: 0.78 - [VAL] Loss: 0.5051, Accuracy: 78.04%, AUC: 0.78
Epoch [28/100] - [TRAIN] Loss: 0.5050, Accuracy: 78.46%, AUC: 0.78 - [VAL] Loss: 0.5048, Accuracy: 78.07%, AUC: 0.78
Epoch [29/100] - [TRAIN] Loss: 0.5035, Accuracy: 78.56%, AUC: 0.78 - [VAL] Loss: 0.5045, Accuracy: 78.08%, AUC: 0.78
New best model saved with validation metric: 24.9740
Epoch [30/100] - [TRAIN] Loss: 0.5022, Accuracy: 78.48%, AUC: 0.78 - [VAL] Loss: 0.5039, Accuracy: 78.20%, AUC: 0.78
New best model saved with validation metric: 25.0216
Epoch [31/100] - [TRAIN] Loss: 0.5022, Accuracy: 78.51%, AUC: 0.78 - [VAL] Loss: 0.5039, Accuracy: 78.35%, AUC: 0.78
Epoch [32/100] - [TRAIN] Loss: 0.5031, Accuracy: 78.59%, AUC: 0.78 - [VAL] Loss: 0.5044, Accuracy: 78.05%, AUC: 0.78
Epoch [33/100] - [TRAIN] Loss: 0.5012, Accuracy: 78.43%, AUC: 0.78 - [VAL] Loss: 0.5032, Accuracy: 78.13%, AUC: 0.78
Epoch [34/100] - [TRAIN] Loss: 0.5010, Accuracy: 78.65%, AUC: 0.78 - [VAL] Loss: 0.5026, Accuracy: 78.32%, AUC: 0.78
New best model saved with validation metric: 25.0260
Epoch [35/100] - [TRAIN] Loss: 0.5007, Accuracy: 78.61%, AUC: 0.78 - [VAL] Loss: 0.5022, Accuracy: 78.37%, AUC: 0.78
Epoch [36/100] - [TRAIN] Loss: 0.5007, Accuracy: 78.73%, AUC: 0.78 - [VAL] Loss: 0.5020, Accuracy: 78.24%, AUC: 0.78
Epoch [37/100] - [TRAIN] Loss: 0.4983, Accuracy: 78.78%, AUC: 0.78 - [VAL] Loss: 0.5016, Accuracy: 78.24%, AUC: 0.78
Epoch [38/100] - [TRAIN] Loss: 0.4988, Accuracy: 78.71%, AUC: 0.78 - [VAL] Loss: 0.5018, Accuracy: 78.18%, AUC: 0.78
Epoch [39/100] - [TRAIN] Loss: 0.4980, Accuracy: 78.78%, AUC: 0.78 - [VAL] Loss: 0.5010, Accuracy: 78.28%, AUC: 0.78
Epoch [40/100] - [TRAIN] Loss: 0.4983, Accuracy: 78.67%, AUC: 0.78 - [VAL] Loss: 0.5008, Accuracy: 78.28%, AUC: 0.78
Epoch [41/100] - [TRAIN] Loss: 0.4967, Accuracy: 78.79%, AUC: 0.78 - [VAL] Loss: 0.5008, Accuracy: 78.30%, AUC: 0.78
Epoch [42/100] - [TRAIN] Loss: 0.4961, Accuracy: 78.75%, AUC: 0.78 - [VAL] Loss: 0.5005, Accuracy: 78.27%, AUC: 0.78
Epoch [43/100] - [TRAIN] Loss: 0.4962, Accuracy: 78.70%, AUC: 0.78 - [VAL] Loss: 0.5011, Accuracy: 78.22%, AUC: 0.78
Epoch [44/100] - [TRAIN] Loss: 0.4954, Accuracy: 78.83%, AUC: 0.78 - [VAL] Loss: 0.5009, Accuracy: 78.26%, AUC: 0.78
Epoch [45/100] - [TRAIN] Loss: 0.4959, Accuracy: 78.79%, AUC: 0.78 - [VAL] Loss: 0.4997, Accuracy: 78.27%, AUC: 0.78
Epoch [46/100] - [TRAIN] Loss: 0.4953, Accuracy: 78.74%, AUC: 0.78 - [VAL] Loss: 0.4993, Accuracy: 78.35%, AUC: 0.78
Epoch [47/100] - [TRAIN] Loss: 0.4947, Accuracy: 78.93%, AUC: 0.78 - [VAL] Loss: 0.5004, Accuracy: 78.26%, AUC: 0.78
Epoch [48/100] - [TRAIN] Loss: 0.4935, Accuracy: 78.96%, AUC: 0.78 - [VAL] Loss: 0.4990, Accuracy: 78.28%, AUC: 0.78
Epoch [49/100] - [TRAIN] Loss: 0.4927, Accuracy: 78.82%, AUC: 0.78 - [VAL] Loss: 0.4991, Accuracy: 78.26%, AUC: 0.78
Epoch [50/100] - [TRAIN] Loss: 0.4928, Accuracy: 78.92%, AUC: 0.78 - [VAL] Loss: 0.4993, Accuracy: 78.22%, AUC: 0.78
New best model saved with validation metric: 25.0346
Epoch [51/100] - [TRAIN] Loss: 0.4939, Accuracy: 78.96%, AUC: 0.78 - [VAL] Loss: 0.4983, Accuracy: 78.39%, AUC: 0.78
Epoch [52/100] - [TRAIN] Loss: 0.4927, Accuracy: 78.94%, AUC: 0.78 - [VAL] Loss: 0.4981, Accuracy: 78.37%, AUC: 0.78
Epoch [53/100] - [TRAIN] Loss: 0.4935, Accuracy: 78.90%, AUC: 0.78 - [VAL] Loss: 0.4990, Accuracy: 78.24%, AUC: 0.78
Epoch [54/100] - [TRAIN] Loss: 0.4916, Accuracy: 78.97%, AUC: 0.78 - [VAL] Loss: 0.4978, Accuracy: 78.38%, AUC: 0.78
Epoch [55/100] - [TRAIN] Loss: 0.4927, Accuracy: 78.82%, AUC: 0.78 - [VAL] Loss: 0.4978, Accuracy: 78.39%, AUC: 0.78
Epoch [56/100] - [TRAIN] Loss: 0.4926, Accuracy: 78.98%, AUC: 0.78 - [VAL] Loss: 0.4976, Accuracy: 78.38%, AUC: 0.78
Epoch [57/100] - [TRAIN] Loss: 0.4908, Accuracy: 78.85%, AUC: 0.78 - [VAL] Loss: 0.4987, Accuracy: 78.28%, AUC: 0.78
Epoch [58/100] - [TRAIN] Loss: 0.4926, Accuracy: 79.11%, AUC: 0.78 - [VAL] Loss: 0.4979, Accuracy: 78.37%, AUC: 0.78
New best model saved with validation metric: 25.0519
Epoch [59/100] - [TRAIN] Loss: 0.4896, Accuracy: 78.88%, AUC: 0.78 - [VAL] Loss: 0.4972, Accuracy: 78.45%, AUC: 0.78
New best model saved with validation metric: 25.0606
Epoch [60/100] - [TRAIN] Loss: 0.4920, Accuracy: 78.89%, AUC: 0.78 - [VAL] Loss: 0.4970, Accuracy: 78.47%, AUC: 0.78
Epoch [61/100] - [TRAIN] Loss: 0.4895, Accuracy: 78.92%, AUC: 0.78 - [VAL] Loss: 0.4969, Accuracy: 78.43%, AUC: 0.78
Epoch [62/100] - [TRAIN] Loss: 0.4902, Accuracy: 78.83%, AUC: 0.78 - [VAL] Loss: 0.4968, Accuracy: 78.45%, AUC: 0.78
New best model saved with validation metric: 25.0996
Epoch [63/100] - [TRAIN] Loss: 0.4905, Accuracy: 79.00%, AUC: 0.78 - [VAL] Loss: 0.4967, Accuracy: 78.60%, AUC: 0.78
Epoch [64/100] - [TRAIN] Loss: 0.4890, Accuracy: 79.06%, AUC: 0.78 - [VAL] Loss: 0.4966, Accuracy: 78.57%, AUC: 0.78
Epoch [65/100] - [TRAIN] Loss: 0.4882, Accuracy: 79.02%, AUC: 0.78 - [VAL] Loss: 0.4972, Accuracy: 78.41%, AUC: 0.78
Epoch [66/100] - [TRAIN] Loss: 0.4875, Accuracy: 79.05%, AUC: 0.78 - [VAL] Loss: 0.4968, Accuracy: 78.46%, AUC: 0.78
New best model saved with validation metric: 25.1082
Epoch [67/100] - [TRAIN] Loss: 0.4891, Accuracy: 78.98%, AUC: 0.78 - [VAL] Loss: 0.4966, Accuracy: 78.62%, AUC: 0.78
Epoch [68/100] - [TRAIN] Loss: 0.4879, Accuracy: 78.96%, AUC: 0.78 - [VAL] Loss: 0.4971, Accuracy: 78.41%, AUC: 0.78
Epoch [69/100] - [TRAIN] Loss: 0.4875, Accuracy: 78.92%, AUC: 0.78 - [VAL] Loss: 0.4981, Accuracy: 78.32%, AUC: 0.78
Epoch [70/100] - [TRAIN] Loss: 0.4860, Accuracy: 79.09%, AUC: 0.78 - [VAL] Loss: 0.4967, Accuracy: 78.43%, AUC: 0.78
Epoch [71/100] - [TRAIN] Loss: 0.4866, Accuracy: 78.98%, AUC: 0.78 - [VAL] Loss: 0.4961, Accuracy: 78.49%, AUC: 0.78
Epoch [72/100] - [TRAIN] Loss: 0.4873, Accuracy: 79.02%, AUC: 0.78 - [VAL] Loss: 0.4961, Accuracy: 78.55%, AUC: 0.78
Epoch [73/100] - [TRAIN] Loss: 0.4844, Accuracy: 79.05%, AUC: 0.78 - [VAL] Loss: 0.4960, Accuracy: 78.49%, AUC: 0.78
Epoch [74/100] - [TRAIN] Loss: 0.4872, Accuracy: 79.13%, AUC: 0.78 - [VAL] Loss: 0.4962, Accuracy: 78.54%, AUC: 0.78
Epoch [75/100] - [TRAIN] Loss: 0.4853, Accuracy: 79.02%, AUC: 0.78 - [VAL] Loss: 0.4961, Accuracy: 78.54%, AUC: 0.78
Epoch [76/100] - [TRAIN] Loss: 0.4872, Accuracy: 79.00%, AUC: 0.78 - [VAL] Loss: 0.4973, Accuracy: 78.42%, AUC: 0.78
Epoch [77/100] - [TRAIN] Loss: 0.4851, Accuracy: 79.16%, AUC: 0.78 - [VAL] Loss: 0.4959, Accuracy: 78.51%, AUC: 0.78
Epoch [78/100] - [TRAIN] Loss: 0.4863, Accuracy: 79.21%, AUC: 0.78 - [VAL] Loss: 0.4957, Accuracy: 78.57%, AUC: 0.78
Epoch [79/100] - [TRAIN] Loss: 0.4854, Accuracy: 79.09%, AUC: 0.78 - [VAL] Loss: 0.4967, Accuracy: 78.51%, AUC: 0.78
Epoch [80/100] - [TRAIN] Loss: 0.4845, Accuracy: 79.06%, AUC: 0.78 - [VAL] Loss: 0.4980, Accuracy: 78.47%, AUC: 0.78
Epoch [81/100] - [TRAIN] Loss: 0.4835, Accuracy: 79.16%, AUC: 0.78 - [VAL] Loss: 0.4972, Accuracy: 78.49%, AUC: 0.78
Epoch [82/100] - [TRAIN] Loss: 0.4859, Accuracy: 79.08%, AUC: 0.78 - [VAL] Loss: 0.4956, Accuracy: 78.50%, AUC: 0.78
Epoch [83/100] - [TRAIN] Loss: 0.4828, Accuracy: 78.93%, AUC: 0.78 - [VAL] Loss: 0.4956, Accuracy: 78.58%, AUC: 0.78
Epoch [84/100] - [TRAIN] Loss: 0.4832, Accuracy: 79.04%, AUC: 0.78 - [VAL] Loss: 0.4969, Accuracy: 78.51%, AUC: 0.78
Epoch [85/100] - [TRAIN] Loss: 0.4838, Accuracy: 79.06%, AUC: 0.78 - [VAL] Loss: 0.4958, Accuracy: 78.49%, AUC: 0.78
Epoch [86/100] - [TRAIN] Loss: 0.4821, Accuracy: 79.11%, AUC: 0.78 - [VAL] Loss: 0.4957, Accuracy: 78.47%, AUC: 0.78
Epoch [87/100] - [TRAIN] Loss: 0.4838, Accuracy: 78.97%, AUC: 0.78 - [VAL] Loss: 0.4956, Accuracy: 78.57%, AUC: 0.78
Epoch [88/100] - [TRAIN] Loss: 0.4819, Accuracy: 79.00%, AUC: 0.78 - [VAL] Loss: 0.4956, Accuracy: 78.58%, AUC: 0.78
Epoch [89/100] - [TRAIN] Loss: 0.4823, Accuracy: 79.09%, AUC: 0.78 - [VAL] Loss: 0.4957, Accuracy: 78.58%, AUC: 0.78
Epoch [90/100] - [TRAIN] Loss: 0.4812, Accuracy: 79.09%, AUC: 0.78 - [VAL] Loss: 0.4961, Accuracy: 78.54%, AUC: 0.78
Epoch [91/100] - [TRAIN] Loss: 0.4823, Accuracy: 79.24%, AUC: 0.78 - [VAL] Loss: 0.4957, Accuracy: 78.58%, AUC: 0.78
Epoch [92/100] - [TRAIN] Loss: 0.4816, Accuracy: 79.19%, AUC: 0.78 - [VAL] Loss: 0.4964, Accuracy: 78.54%, AUC: 0.78
New best model saved with validation metric: 25.1558
Epoch [93/100] - [TRAIN] Loss: 0.4816, Accuracy: 79.29%, AUC: 0.78 - [VAL] Loss: 0.5004, Accuracy: 78.77%, AUC: 0.78
Epoch [94/100] - [TRAIN] Loss: 0.4830, Accuracy: 79.11%, AUC: 0.78 - [VAL] Loss: 0.4958, Accuracy: 78.58%, AUC: 0.78
Epoch [95/100] - [TRAIN] Loss: 0.4818, Accuracy: 79.12%, AUC: 0.78 - [VAL] Loss: 0.4957, Accuracy: 78.55%, AUC: 0.78
Epoch [96/100] - [TRAIN] Loss: 0.4820, Accuracy: 79.25%, AUC: 0.78 - [VAL] Loss: 0.4964, Accuracy: 78.57%, AUC: 0.78
Epoch [97/100] - [TRAIN] Loss: 0.4811, Accuracy: 79.24%, AUC: 0.78 - [VAL] Loss: 0.4960, Accuracy: 78.53%, AUC: 0.78
Epoch [98/100] - [TRAIN] Loss: 0.4820, Accuracy: 79.20%, AUC: 0.78 - [VAL] Loss: 0.4962, Accuracy: 78.58%, AUC: 0.78
Epoch [99/100] - [TRAIN] Loss: 0.4812, Accuracy: 79.23%, AUC: 0.78 - [VAL] Loss: 0.4961, Accuracy: 78.58%, AUC: 0.78
Epoch [100/100] - [TRAIN] Loss: 0.4823, Accuracy: 79.06%, AUC: 0.78 - [VAL] Loss: 0.4958, Accuracy: 78.62%, AUC: 0.78
Training finished!
Accuracy Score on test set: 78.83 %
AUC Score on test set: 0.78
Item: H3K4me3-H3K9me3-H3K27ac
Train set shape: (7399, 3, 4000) (7399,)
Validation set shape: (7377, 3, 4000) (7377,)
Test set shape: (7378, 3, 4000) (7378,)
New best model saved with validation metric: 19.4242
Epoch [1/100] - [TRAIN] Loss: 0.6325, Accuracy: 63.18%, AUC: 0.54 - [VAL] Loss: 0.5914, Accuracy: 60.82%, AUC: 0.50
New best model saved with validation metric: 24.9351
Epoch [2/100] - [TRAIN] Loss: 0.5749, Accuracy: 60.95%, AUC: 0.50 - [VAL] Loss: 0.5574, Accuracy: 78.08%, AUC: 0.76
New best model saved with validation metric: 25.0087
Epoch [3/100] - [TRAIN] Loss: 0.5503, Accuracy: 76.56%, AUC: 0.74 - [VAL] Loss: 0.5388, Accuracy: 78.31%, AUC: 0.77
Epoch [4/100] - [TRAIN] Loss: 0.5389, Accuracy: 78.44%, AUC: 0.77 - [VAL] Loss: 0.5308, Accuracy: 78.28%, AUC: 0.78
Epoch [5/100] - [TRAIN] Loss: 0.5309, Accuracy: 78.50%, AUC: 0.78 - [VAL] Loss: 0.5252, Accuracy: 78.22%, AUC: 0.78
Epoch [6/100] - [TRAIN] Loss: 0.5262, Accuracy: 78.54%, AUC: 0.78 - [VAL] Loss: 0.5225, Accuracy: 77.90%, AUC: 0.78
Epoch [7/100] - [TRAIN] Loss: 0.5229, Accuracy: 78.42%, AUC: 0.78 - [VAL] Loss: 0.5193, Accuracy: 77.96%, AUC: 0.78
Epoch [8/100] - [TRAIN] Loss: 0.5200, Accuracy: 78.29%, AUC: 0.78 - [VAL] Loss: 0.5172, Accuracy: 77.86%, AUC: 0.78
Epoch [9/100] - [TRAIN] Loss: 0.5174, Accuracy: 78.24%, AUC: 0.78 - [VAL] Loss: 0.5149, Accuracy: 77.93%, AUC: 0.78
Epoch [10/100] - [TRAIN] Loss: 0.5145, Accuracy: 78.21%, AUC: 0.78 - [VAL] Loss: 0.5134, Accuracy: 77.86%, AUC: 0.78
Epoch [11/100] - [TRAIN] Loss: 0.5142, Accuracy: 78.27%, AUC: 0.78 - [VAL] Loss: 0.5118, Accuracy: 77.94%, AUC: 0.78
Epoch [12/100] - [TRAIN] Loss: 0.5121, Accuracy: 78.31%, AUC: 0.78 - [VAL] Loss: 0.5103, Accuracy: 78.07%, AUC: 0.78
Epoch [13/100] - [TRAIN] Loss: 0.5120, Accuracy: 78.28%, AUC: 0.78 - [VAL] Loss: 0.5097, Accuracy: 78.01%, AUC: 0.78
Epoch [14/100] - [TRAIN] Loss: 0.5094, Accuracy: 78.28%, AUC: 0.78 - [VAL] Loss: 0.5093, Accuracy: 77.85%, AUC: 0.78
Epoch [15/100] - [TRAIN] Loss: 0.5076, Accuracy: 78.39%, AUC: 0.78 - [VAL] Loss: 0.5081, Accuracy: 78.05%, AUC: 0.78
Epoch [16/100] - [TRAIN] Loss: 0.5070, Accuracy: 78.27%, AUC: 0.78 - [VAL] Loss: 0.5072, Accuracy: 78.08%, AUC: 0.78
Epoch [17/100] - [TRAIN] Loss: 0.5054, Accuracy: 78.29%, AUC: 0.78 - [VAL] Loss: 0.5069, Accuracy: 78.04%, AUC: 0.78
Epoch [18/100] - [TRAIN] Loss: 0.5071, Accuracy: 78.36%, AUC: 0.78 - [VAL] Loss: 0.5059, Accuracy: 78.15%, AUC: 0.78
Epoch [19/100] - [TRAIN] Loss: 0.5052, Accuracy: 78.48%, AUC: 0.78 - [VAL] Loss: 0.5056, Accuracy: 78.20%, AUC: 0.78
Epoch [20/100] - [TRAIN] Loss: 0.5031, Accuracy: 78.39%, AUC: 0.78 - [VAL] Loss: 0.5047, Accuracy: 78.27%, AUC: 0.78
Epoch [21/100] - [TRAIN] Loss: 0.5024, Accuracy: 78.46%, AUC: 0.78 - [VAL] Loss: 0.5047, Accuracy: 78.23%, AUC: 0.78
Epoch [22/100] - [TRAIN] Loss: 0.5016, Accuracy: 78.54%, AUC: 0.78 - [VAL] Loss: 0.5045, Accuracy: 78.24%, AUC: 0.78
Epoch [23/100] - [TRAIN] Loss: 0.5009, Accuracy: 78.44%, AUC: 0.78 - [VAL] Loss: 0.5043, Accuracy: 78.26%, AUC: 0.78
Epoch [24/100] - [TRAIN] Loss: 0.5005, Accuracy: 78.58%, AUC: 0.78 - [VAL] Loss: 0.5044, Accuracy: 78.23%, AUC: 0.78
Epoch [25/100] - [TRAIN] Loss: 0.4993, Accuracy: 78.54%, AUC: 0.78 - [VAL] Loss: 0.5030, Accuracy: 78.30%, AUC: 0.78
New best model saved with validation metric: 25.0303
Epoch [26/100] - [TRAIN] Loss: 0.4992, Accuracy: 78.62%, AUC: 0.78 - [VAL] Loss: 0.5024, Accuracy: 78.38%, AUC: 0.78
Epoch [27/100] - [TRAIN] Loss: 0.5002, Accuracy: 78.54%, AUC: 0.78 - [VAL] Loss: 0.5023, Accuracy: 78.35%, AUC: 0.78
Epoch [28/100] - [TRAIN] Loss: 0.4992, Accuracy: 78.65%, AUC: 0.78 - [VAL] Loss: 0.5031, Accuracy: 78.34%, AUC: 0.78
Epoch [29/100] - [TRAIN] Loss: 0.4981, Accuracy: 78.66%, AUC: 0.78 - [VAL] Loss: 0.5018, Accuracy: 78.30%, AUC: 0.78
Epoch [30/100] - [TRAIN] Loss: 0.4999, Accuracy: 78.75%, AUC: 0.78 - [VAL] Loss: 0.5017, Accuracy: 78.32%, AUC: 0.78
New best model saved with validation metric: 25.0390
Epoch [31/100] - [TRAIN] Loss: 0.4976, Accuracy: 78.55%, AUC: 0.78 - [VAL] Loss: 0.5008, Accuracy: 78.41%, AUC: 0.78
Epoch [32/100] - [TRAIN] Loss: 0.4963, Accuracy: 78.71%, AUC: 0.78 - [VAL] Loss: 0.5008, Accuracy: 78.32%, AUC: 0.78
Epoch [33/100] - [TRAIN] Loss: 0.4970, Accuracy: 78.69%, AUC: 0.78 - [VAL] Loss: 0.5003, Accuracy: 78.35%, AUC: 0.78
Epoch [34/100] - [TRAIN] Loss: 0.4955, Accuracy: 78.65%, AUC: 0.78 - [VAL] Loss: 0.5001, Accuracy: 78.39%, AUC: 0.78
Epoch [35/100] - [TRAIN] Loss: 0.4970, Accuracy: 78.59%, AUC: 0.78 - [VAL] Loss: 0.5000, Accuracy: 78.41%, AUC: 0.78
New best model saved with validation metric: 25.0649
Epoch [36/100] - [TRAIN] Loss: 0.4965, Accuracy: 78.65%, AUC: 0.78 - [VAL] Loss: 0.4995, Accuracy: 78.49%, AUC: 0.78
Epoch [37/100] - [TRAIN] Loss: 0.4946, Accuracy: 78.83%, AUC: 0.78 - [VAL] Loss: 0.4998, Accuracy: 78.31%, AUC: 0.78
Epoch [38/100] - [TRAIN] Loss: 0.4965, Accuracy: 78.81%, AUC: 0.78 - [VAL] Loss: 0.5014, Accuracy: 78.22%, AUC: 0.78
New best model saved with validation metric: 25.0909
Epoch [39/100] - [TRAIN] Loss: 0.4940, Accuracy: 78.77%, AUC: 0.78 - [VAL] Loss: 0.4989, Accuracy: 78.57%, AUC: 0.78
Epoch [40/100] - [TRAIN] Loss: 0.4944, Accuracy: 78.65%, AUC: 0.78 - [VAL] Loss: 0.4995, Accuracy: 78.37%, AUC: 0.78
New best model saved with validation metric: 25.0952
Epoch [41/100] - [TRAIN] Loss: 0.4936, Accuracy: 78.75%, AUC: 0.78 - [VAL] Loss: 0.4984, Accuracy: 78.58%, AUC: 0.78
Epoch [42/100] - [TRAIN] Loss: 0.4943, Accuracy: 78.78%, AUC: 0.78 - [VAL] Loss: 0.4999, Accuracy: 78.26%, AUC: 0.78
Epoch [43/100] - [TRAIN] Loss: 0.4939, Accuracy: 78.77%, AUC: 0.78 - [VAL] Loss: 0.4986, Accuracy: 78.58%, AUC: 0.78
Epoch [44/100] - [TRAIN] Loss: 0.4924, Accuracy: 78.83%, AUC: 0.78 - [VAL] Loss: 0.4994, Accuracy: 78.27%, AUC: 0.78
Epoch [45/100] - [TRAIN] Loss: 0.4923, Accuracy: 78.77%, AUC: 0.78 - [VAL] Loss: 0.5010, Accuracy: 78.18%, AUC: 0.78
Epoch [46/100] - [TRAIN] Loss: 0.4928, Accuracy: 78.75%, AUC: 0.78 - [VAL] Loss: 0.4977, Accuracy: 78.58%, AUC: 0.78
Epoch [47/100] - [TRAIN] Loss: 0.4925, Accuracy: 78.67%, AUC: 0.78 - [VAL] Loss: 0.4984, Accuracy: 78.47%, AUC: 0.78
Epoch [48/100] - [TRAIN] Loss: 0.4903, Accuracy: 78.85%, AUC: 0.78 - [VAL] Loss: 0.4976, Accuracy: 78.57%, AUC: 0.78
Epoch [49/100] - [TRAIN] Loss: 0.4906, Accuracy: 79.02%, AUC: 0.78 - [VAL] Loss: 0.4994, Accuracy: 78.23%, AUC: 0.78
Epoch [50/100] - [TRAIN] Loss: 0.4910, Accuracy: 78.73%, AUC: 0.78 - [VAL] Loss: 0.4974, Accuracy: 78.53%, AUC: 0.78
Epoch [51/100] - [TRAIN] Loss: 0.4894, Accuracy: 78.88%, AUC: 0.78 - [VAL] Loss: 0.4975, Accuracy: 78.51%, AUC: 0.78
New best model saved with validation metric: 25.1082
Epoch [52/100] - [TRAIN] Loss: 0.4890, Accuracy: 78.75%, AUC: 0.78 - [VAL] Loss: 0.4971, Accuracy: 78.62%, AUC: 0.78
Epoch [53/100] - [TRAIN] Loss: 0.4890, Accuracy: 78.86%, AUC: 0.78 - [VAL] Loss: 0.4970, Accuracy: 78.50%, AUC: 0.78
Epoch [54/100] - [TRAIN] Loss: 0.4891, Accuracy: 78.93%, AUC: 0.78 - [VAL] Loss: 0.4981, Accuracy: 78.47%, AUC: 0.78
Epoch [55/100] - [TRAIN] Loss: 0.4874, Accuracy: 78.98%, AUC: 0.78 - [VAL] Loss: 0.4973, Accuracy: 78.53%, AUC: 0.78
Epoch [56/100] - [TRAIN] Loss: 0.4887, Accuracy: 78.90%, AUC: 0.78 - [VAL] Loss: 0.4970, Accuracy: 78.55%, AUC: 0.78
Epoch [57/100] - [TRAIN] Loss: 0.4893, Accuracy: 78.77%, AUC: 0.78 - [VAL] Loss: 0.4968, Accuracy: 78.54%, AUC: 0.78
Epoch [58/100] - [TRAIN] Loss: 0.4883, Accuracy: 78.88%, AUC: 0.78 - [VAL] Loss: 0.4965, Accuracy: 78.51%, AUC: 0.78
Epoch [59/100] - [TRAIN] Loss: 0.4885, Accuracy: 78.92%, AUC: 0.78 - [VAL] Loss: 0.4966, Accuracy: 78.55%, AUC: 0.78
Epoch [60/100] - [TRAIN] Loss: 0.4856, Accuracy: 79.15%, AUC: 0.78 - [VAL] Loss: 0.4972, Accuracy: 78.47%, AUC: 0.78
Epoch [61/100] - [TRAIN] Loss: 0.4875, Accuracy: 78.94%, AUC: 0.78 - [VAL] Loss: 0.4963, Accuracy: 78.55%, AUC: 0.78
Epoch [62/100] - [TRAIN] Loss: 0.4863, Accuracy: 78.93%, AUC: 0.78 - [VAL] Loss: 0.4971, Accuracy: 78.47%, AUC: 0.78
Epoch [63/100] - [TRAIN] Loss: 0.4854, Accuracy: 78.92%, AUC: 0.78 - [VAL] Loss: 0.4973, Accuracy: 78.50%, AUC: 0.78
Epoch [64/100] - [TRAIN] Loss: 0.4853, Accuracy: 79.01%, AUC: 0.78 - [VAL] Loss: 0.4962, Accuracy: 78.54%, AUC: 0.78
Epoch [65/100] - [TRAIN] Loss: 0.4856, Accuracy: 79.01%, AUC: 0.78 - [VAL] Loss: 0.4962, Accuracy: 78.58%, AUC: 0.78
Epoch [66/100] - [TRAIN] Loss: 0.4854, Accuracy: 79.02%, AUC: 0.78 - [VAL] Loss: 0.4963, Accuracy: 78.62%, AUC: 0.78
Epoch [67/100] - [TRAIN] Loss: 0.4848, Accuracy: 79.06%, AUC: 0.78 - [VAL] Loss: 0.4967, Accuracy: 78.60%, AUC: 0.78
Epoch [68/100] - [TRAIN] Loss: 0.4841, Accuracy: 78.92%, AUC: 0.78 - [VAL] Loss: 0.4973, Accuracy: 78.50%, AUC: 0.78
Epoch [69/100] - [TRAIN] Loss: 0.4851, Accuracy: 79.17%, AUC: 0.78 - [VAL] Loss: 0.4960, Accuracy: 78.58%, AUC: 0.78
Epoch [70/100] - [TRAIN] Loss: 0.4835, Accuracy: 79.09%, AUC: 0.78 - [VAL] Loss: 0.4961, Accuracy: 78.60%, AUC: 0.78
New best model saved with validation metric: 25.1126
Epoch [71/100] - [TRAIN] Loss: 0.4830, Accuracy: 79.09%, AUC: 0.78 - [VAL] Loss: 0.4961, Accuracy: 78.64%, AUC: 0.78
Epoch [72/100] - [TRAIN] Loss: 0.4840, Accuracy: 79.21%, AUC: 0.78 - [VAL] Loss: 0.4962, Accuracy: 78.61%, AUC: 0.78
Epoch [73/100] - [TRAIN] Loss: 0.4837, Accuracy: 79.12%, AUC: 0.78 - [VAL] Loss: 0.4962, Accuracy: 78.61%, AUC: 0.78
Epoch [74/100] - [TRAIN] Loss: 0.4840, Accuracy: 79.24%, AUC: 0.78 - [VAL] Loss: 0.4982, Accuracy: 78.51%, AUC: 0.78
Epoch [75/100] - [TRAIN] Loss: 0.4816, Accuracy: 79.20%, AUC: 0.78 - [VAL] Loss: 0.4959, Accuracy: 78.61%, AUC: 0.78
Epoch [76/100] - [TRAIN] Loss: 0.4839, Accuracy: 79.21%, AUC: 0.78 - [VAL] Loss: 0.4961, Accuracy: 78.62%, AUC: 0.78
Epoch [77/100] - [TRAIN] Loss: 0.4826, Accuracy: 79.31%, AUC: 0.78 - [VAL] Loss: 0.4978, Accuracy: 78.49%, AUC: 0.78
New best model saved with validation metric: 25.1212
Epoch [78/100] - [TRAIN] Loss: 0.4812, Accuracy: 79.23%, AUC: 0.78 - [VAL] Loss: 0.4960, Accuracy: 78.66%, AUC: 0.78
Epoch [79/100] - [TRAIN] Loss: 0.4839, Accuracy: 79.05%, AUC: 0.78 - [VAL] Loss: 0.4995, Accuracy: 78.50%, AUC: 0.78
Epoch [80/100] - [TRAIN] Loss: 0.4846, Accuracy: 79.27%, AUC: 0.79 - [VAL] Loss: 0.4968, Accuracy: 78.64%, AUC: 0.78
Epoch [81/100] - [TRAIN] Loss: 0.4817, Accuracy: 79.23%, AUC: 0.78 - [VAL] Loss: 0.4966, Accuracy: 78.57%, AUC: 0.78
Epoch [82/100] - [TRAIN] Loss: 0.4799, Accuracy: 79.40%, AUC: 0.79 - [VAL] Loss: 0.4961, Accuracy: 78.64%, AUC: 0.78
Epoch [83/100] - [TRAIN] Loss: 0.4814, Accuracy: 79.39%, AUC: 0.79 - [VAL] Loss: 0.4984, Accuracy: 78.54%, AUC: 0.78
Epoch [84/100] - [TRAIN] Loss: 0.4812, Accuracy: 79.34%, AUC: 0.79 - [VAL] Loss: 0.4959, Accuracy: 78.65%, AUC: 0.78
Epoch [85/100] - [TRAIN] Loss: 0.4810, Accuracy: 79.34%, AUC: 0.78 - [VAL] Loss: 0.4965, Accuracy: 78.61%, AUC: 0.78
Epoch [86/100] - [TRAIN] Loss: 0.4800, Accuracy: 79.28%, AUC: 0.78 - [VAL] Loss: 0.4959, Accuracy: 78.60%, AUC: 0.78
Epoch [87/100] - [TRAIN] Loss: 0.4798, Accuracy: 79.28%, AUC: 0.78 - [VAL] Loss: 0.4960, Accuracy: 78.58%, AUC: 0.78
Epoch [88/100] - [TRAIN] Loss: 0.4811, Accuracy: 79.39%, AUC: 0.79 - [VAL] Loss: 0.4968, Accuracy: 78.61%, AUC: 0.78
Epoch [89/100] - [TRAIN] Loss: 0.4794, Accuracy: 79.44%, AUC: 0.79 - [VAL] Loss: 0.4960, Accuracy: 78.64%, AUC: 0.78
Epoch [90/100] - [TRAIN] Loss: 0.4792, Accuracy: 79.39%, AUC: 0.79 - [VAL] Loss: 0.4958, Accuracy: 78.61%, AUC: 0.78
Epoch [91/100] - [TRAIN] Loss: 0.4805, Accuracy: 79.43%, AUC: 0.79 - [VAL] Loss: 0.5000, Accuracy: 78.46%, AUC: 0.78
Epoch [92/100] - [TRAIN] Loss: 0.4774, Accuracy: 79.39%, AUC: 0.79 - [VAL] Loss: 0.4963, Accuracy: 78.62%, AUC: 0.78
Epoch [93/100] - [TRAIN] Loss: 0.4782, Accuracy: 79.44%, AUC: 0.79 - [VAL] Loss: 0.4966, Accuracy: 78.65%, AUC: 0.78
Epoch [94/100] - [TRAIN] Loss: 0.4775, Accuracy: 79.47%, AUC: 0.79 - [VAL] Loss: 0.4979, Accuracy: 78.61%, AUC: 0.78
Epoch [95/100] - [TRAIN] Loss: 0.4790, Accuracy: 79.43%, AUC: 0.79 - [VAL] Loss: 0.4967, Accuracy: 78.62%, AUC: 0.78
Epoch [96/100] - [TRAIN] Loss: 0.4776, Accuracy: 79.62%, AUC: 0.79 - [VAL] Loss: 0.4960, Accuracy: 78.53%, AUC: 0.78
Epoch [97/100] - [TRAIN] Loss: 0.4788, Accuracy: 79.52%, AUC: 0.79 - [VAL] Loss: 0.4965, Accuracy: 78.62%, AUC: 0.78
Epoch [98/100] - [TRAIN] Loss: 0.4790, Accuracy: 79.31%, AUC: 0.78 - [VAL] Loss: 0.4973, Accuracy: 78.51%, AUC: 0.78
Epoch [99/100] - [TRAIN] Loss: 0.4768, Accuracy: 79.48%, AUC: 0.79 - [VAL] Loss: 0.4966, Accuracy: 78.58%, AUC: 0.78
Epoch [100/100] - [TRAIN] Loss: 0.4776, Accuracy: 79.51%, AUC: 0.79 - [VAL] Loss: 0.4992, Accuracy: 78.64%, AUC: 0.78
Training finished!
Accuracy Score on test set: 79.14 %
AUC Score on test set: 0.79
Item: H3K4me3-H3K27ac-H3K9me3
Train set shape: (7399, 3, 4000) (7399,)
Validation set shape: (7377, 3, 4000) (7377,)
Test set shape: (7378, 3, 4000) (7378,)
New best model saved with validation metric: 19.4242
Epoch [1/100] - [TRAIN] Loss: 0.6654, Accuracy: 60.76%, AUC: 0.50 - [VAL] Loss: 0.6392, Accuracy: 60.82%, AUC: 0.50
Epoch [2/100] - [TRAIN] Loss: 0.6201, Accuracy: 60.82%, AUC: 0.50 - [VAL] Loss: 0.5995, Accuracy: 60.82%, AUC: 0.50
Epoch [3/100] - [TRAIN] Loss: 0.5861, Accuracy: 60.82%, AUC: 0.50 - [VAL] Loss: 0.5697, Accuracy: 60.82%, AUC: 0.50
New best model saved with validation metric: 24.9913
Epoch [4/100] - [TRAIN] Loss: 0.5607, Accuracy: 69.46%, AUC: 0.63 - [VAL] Loss: 0.5482, Accuracy: 78.26%, AUC: 0.77
Epoch [5/100] - [TRAIN] Loss: 0.5444, Accuracy: 78.31%, AUC: 0.77 - [VAL] Loss: 0.5357, Accuracy: 78.20%, AUC: 0.77
New best model saved with validation metric: 25.0216
Epoch [6/100] - [TRAIN] Loss: 0.5341, Accuracy: 78.52%, AUC: 0.77 - [VAL] Loss: 0.5286, Accuracy: 78.35%, AUC: 0.78
Epoch [7/100] - [TRAIN] Loss: 0.5280, Accuracy: 78.52%, AUC: 0.78 - [VAL] Loss: 0.5241, Accuracy: 78.20%, AUC: 0.78
Epoch [8/100] - [TRAIN] Loss: 0.5239, Accuracy: 78.36%, AUC: 0.78 - [VAL] Loss: 0.5208, Accuracy: 78.03%, AUC: 0.78
Epoch [9/100] - [TRAIN] Loss: 0.5208, Accuracy: 78.32%, AUC: 0.78 - [VAL] Loss: 0.5191, Accuracy: 77.82%, AUC: 0.78
Epoch [10/100] - [TRAIN] Loss: 0.5189, Accuracy: 78.23%, AUC: 0.78 - [VAL] Loss: 0.5161, Accuracy: 78.00%, AUC: 0.78
Epoch [11/100] - [TRAIN] Loss: 0.5161, Accuracy: 78.20%, AUC: 0.78 - [VAL] Loss: 0.5144, Accuracy: 77.96%, AUC: 0.78
Epoch [12/100] - [TRAIN] Loss: 0.5145, Accuracy: 78.12%, AUC: 0.78 - [VAL] Loss: 0.5141, Accuracy: 77.50%, AUC: 0.77
Epoch [13/100] - [TRAIN] Loss: 0.5129, Accuracy: 78.19%, AUC: 0.78 - [VAL] Loss: 0.5119, Accuracy: 77.85%, AUC: 0.78
Epoch [14/100] - [TRAIN] Loss: 0.5112, Accuracy: 77.96%, AUC: 0.77 - [VAL] Loss: 0.5106, Accuracy: 77.90%, AUC: 0.78
Epoch [15/100] - [TRAIN] Loss: 0.5089, Accuracy: 78.06%, AUC: 0.78 - [VAL] Loss: 0.5093, Accuracy: 78.00%, AUC: 0.78
Epoch [16/100] - [TRAIN] Loss: 0.5097, Accuracy: 78.16%, AUC: 0.78 - [VAL] Loss: 0.5084, Accuracy: 78.04%, AUC: 0.78
Epoch [17/100] - [TRAIN] Loss: 0.5079, Accuracy: 78.33%, AUC: 0.78 - [VAL] Loss: 0.5080, Accuracy: 77.93%, AUC: 0.78
Epoch [18/100] - [TRAIN] Loss: 0.5079, Accuracy: 78.28%, AUC: 0.78 - [VAL] Loss: 0.5071, Accuracy: 78.04%, AUC: 0.78
Epoch [19/100] - [TRAIN] Loss: 0.5052, Accuracy: 78.36%, AUC: 0.78 - [VAL] Loss: 0.5066, Accuracy: 78.08%, AUC: 0.78
Epoch [20/100] - [TRAIN] Loss: 0.5074, Accuracy: 78.31%, AUC: 0.78 - [VAL] Loss: 0.5060, Accuracy: 78.11%, AUC: 0.78
Epoch [21/100] - [TRAIN] Loss: 0.5037, Accuracy: 78.28%, AUC: 0.78 - [VAL] Loss: 0.5053, Accuracy: 78.16%, AUC: 0.78
Epoch [22/100] - [TRAIN] Loss: 0.5027, Accuracy: 78.43%, AUC: 0.78 - [VAL] Loss: 0.5054, Accuracy: 78.09%, AUC: 0.78
Epoch [23/100] - [TRAIN] Loss: 0.5041, Accuracy: 78.25%, AUC: 0.78 - [VAL] Loss: 0.5043, Accuracy: 78.34%, AUC: 0.78
Epoch [24/100] - [TRAIN] Loss: 0.5032, Accuracy: 78.39%, AUC: 0.78 - [VAL] Loss: 0.5043, Accuracy: 78.24%, AUC: 0.78
Epoch [25/100] - [TRAIN] Loss: 0.5024, Accuracy: 78.38%, AUC: 0.78 - [VAL] Loss: 0.5037, Accuracy: 78.31%, AUC: 0.78
New best model saved with validation metric: 25.0390
Epoch [26/100] - [TRAIN] Loss: 0.5009, Accuracy: 78.55%, AUC: 0.78 - [VAL] Loss: 0.5032, Accuracy: 78.41%, AUC: 0.78
Epoch [27/100] - [TRAIN] Loss: 0.5022, Accuracy: 78.52%, AUC: 0.78 - [VAL] Loss: 0.5027, Accuracy: 78.38%, AUC: 0.78
New best model saved with validation metric: 25.0563
Epoch [28/100] - [TRAIN] Loss: 0.5006, Accuracy: 78.50%, AUC: 0.78 - [VAL] Loss: 0.5022, Accuracy: 78.46%, AUC: 0.78
Epoch [29/100] - [TRAIN] Loss: 0.4998, Accuracy: 78.58%, AUC: 0.78 - [VAL] Loss: 0.5025, Accuracy: 78.39%, AUC: 0.78
Epoch [30/100] - [TRAIN] Loss: 0.5003, Accuracy: 78.54%, AUC: 0.78 - [VAL] Loss: 0.5020, Accuracy: 78.38%, AUC: 0.78
Epoch [31/100] - [TRAIN] Loss: 0.4995, Accuracy: 78.52%, AUC: 0.78 - [VAL] Loss: 0.5015, Accuracy: 78.39%, AUC: 0.78
Epoch [32/100] - [TRAIN] Loss: 0.4979, Accuracy: 78.51%, AUC: 0.78 - [VAL] Loss: 0.5010, Accuracy: 78.43%, AUC: 0.78
Epoch [33/100] - [TRAIN] Loss: 0.4993, Accuracy: 78.69%, AUC: 0.78 - [VAL] Loss: 0.5022, Accuracy: 78.38%, AUC: 0.78
Epoch [34/100] - [TRAIN] Loss: 0.4979, Accuracy: 78.52%, AUC: 0.78 - [VAL] Loss: 0.5009, Accuracy: 78.35%, AUC: 0.78
Epoch [35/100] - [TRAIN] Loss: 0.4968, Accuracy: 78.67%, AUC: 0.78 - [VAL] Loss: 0.5005, Accuracy: 78.38%, AUC: 0.78
New best model saved with validation metric: 25.0606
Epoch [36/100] - [TRAIN] Loss: 0.4979, Accuracy: 78.52%, AUC: 0.78 - [VAL] Loss: 0.4999, Accuracy: 78.47%, AUC: 0.78
Epoch [37/100] - [TRAIN] Loss: 0.4958, Accuracy: 78.65%, AUC: 0.78 - [VAL] Loss: 0.4999, Accuracy: 78.38%, AUC: 0.78
Epoch [38/100] - [TRAIN] Loss: 0.4970, Accuracy: 78.69%, AUC: 0.78 - [VAL] Loss: 0.5000, Accuracy: 78.37%, AUC: 0.78
Epoch [39/100] - [TRAIN] Loss: 0.4953, Accuracy: 78.67%, AUC: 0.78 - [VAL] Loss: 0.5000, Accuracy: 78.38%, AUC: 0.78
Epoch [40/100] - [TRAIN] Loss: 0.4961, Accuracy: 78.62%, AUC: 0.78 - [VAL] Loss: 0.4995, Accuracy: 78.34%, AUC: 0.78
Epoch [41/100] - [TRAIN] Loss: 0.4949, Accuracy: 78.71%, AUC: 0.78 - [VAL] Loss: 0.4992, Accuracy: 78.31%, AUC: 0.78
Epoch [42/100] - [TRAIN] Loss: 0.4939, Accuracy: 78.75%, AUC: 0.78 - [VAL] Loss: 0.4989, Accuracy: 78.39%, AUC: 0.78
New best model saved with validation metric: 25.0823
Epoch [43/100] - [TRAIN] Loss: 0.4944, Accuracy: 78.75%, AUC: 0.78 - [VAL] Loss: 0.4986, Accuracy: 78.54%, AUC: 0.78
Epoch [44/100] - [TRAIN] Loss: 0.4931, Accuracy: 78.79%, AUC: 0.78 - [VAL] Loss: 0.4986, Accuracy: 78.42%, AUC: 0.78
Epoch [45/100] - [TRAIN] Loss: 0.4937, Accuracy: 78.65%, AUC: 0.78 - [VAL] Loss: 0.4983, Accuracy: 78.53%, AUC: 0.78
Epoch [46/100] - [TRAIN] Loss: 0.4945, Accuracy: 78.85%, AUC: 0.78 - [VAL] Loss: 0.4991, Accuracy: 78.32%, AUC: 0.78
Epoch [47/100] - [TRAIN] Loss: 0.4919, Accuracy: 78.69%, AUC: 0.78 - [VAL] Loss: 0.4982, Accuracy: 78.51%, AUC: 0.78
New best model saved with validation metric: 25.0952
Epoch [48/100] - [TRAIN] Loss: 0.4925, Accuracy: 78.71%, AUC: 0.78 - [VAL] Loss: 0.4978, Accuracy: 78.58%, AUC: 0.78
Epoch [49/100] - [TRAIN] Loss: 0.4912, Accuracy: 78.73%, AUC: 0.78 - [VAL] Loss: 0.4977, Accuracy: 78.58%, AUC: 0.78
Epoch [50/100] - [TRAIN] Loss: 0.4916, Accuracy: 78.77%, AUC: 0.78 - [VAL] Loss: 0.4980, Accuracy: 78.49%, AUC: 0.78
New best model saved with validation metric: 25.1169
Epoch [51/100] - [TRAIN] Loss: 0.4906, Accuracy: 78.75%, AUC: 0.78 - [VAL] Loss: 0.4975, Accuracy: 78.65%, AUC: 0.78
Epoch [52/100] - [TRAIN] Loss: 0.4914, Accuracy: 78.77%, AUC: 0.78 - [VAL] Loss: 0.4982, Accuracy: 78.47%, AUC: 0.78
Epoch [53/100] - [TRAIN] Loss: 0.4909, Accuracy: 78.88%, AUC: 0.78 - [VAL] Loss: 0.4974, Accuracy: 78.61%, AUC: 0.78
Epoch [54/100] - [TRAIN] Loss: 0.4918, Accuracy: 78.71%, AUC: 0.78 - [VAL] Loss: 0.4970, Accuracy: 78.61%, AUC: 0.78
Epoch [55/100] - [TRAIN] Loss: 0.4901, Accuracy: 78.98%, AUC: 0.78 - [VAL] Loss: 0.4976, Accuracy: 78.54%, AUC: 0.78
Epoch [56/100] - [TRAIN] Loss: 0.4890, Accuracy: 78.82%, AUC: 0.78 - [VAL] Loss: 0.4970, Accuracy: 78.57%, AUC: 0.78
Epoch [57/100] - [TRAIN] Loss: 0.4901, Accuracy: 78.88%, AUC: 0.78 - [VAL] Loss: 0.4965, Accuracy: 78.65%, AUC: 0.78
Epoch [58/100] - [TRAIN] Loss: 0.4896, Accuracy: 78.92%, AUC: 0.78 - [VAL] Loss: 0.4969, Accuracy: 78.60%, AUC: 0.78
Epoch [59/100] - [TRAIN] Loss: 0.4895, Accuracy: 78.93%, AUC: 0.78 - [VAL] Loss: 0.4969, Accuracy: 78.55%, AUC: 0.78
Epoch [60/100] - [TRAIN] Loss: 0.4888, Accuracy: 78.93%, AUC: 0.78 - [VAL] Loss: 0.4968, Accuracy: 78.58%, AUC: 0.78
Epoch [61/100] - [TRAIN] Loss: 0.4893, Accuracy: 78.83%, AUC: 0.78 - [VAL] Loss: 0.4964, Accuracy: 78.61%, AUC: 0.78
Epoch [62/100] - [TRAIN] Loss: 0.4888, Accuracy: 78.79%, AUC: 0.78 - [VAL] Loss: 0.4966, Accuracy: 78.58%, AUC: 0.78
Epoch [63/100] - [TRAIN] Loss: 0.4889, Accuracy: 78.93%, AUC: 0.78 - [VAL] Loss: 0.4967, Accuracy: 78.61%, AUC: 0.78
Epoch [64/100] - [TRAIN] Loss: 0.4889, Accuracy: 79.02%, AUC: 0.78 - [VAL] Loss: 0.4960, Accuracy: 78.60%, AUC: 0.78
Epoch [65/100] - [TRAIN] Loss: 0.4872, Accuracy: 78.93%, AUC: 0.78 - [VAL] Loss: 0.4963, Accuracy: 78.55%, AUC: 0.78
Epoch [66/100] - [TRAIN] Loss: 0.4861, Accuracy: 79.06%, AUC: 0.78 - [VAL] Loss: 0.4969, Accuracy: 78.51%, AUC: 0.78
Epoch [67/100] - [TRAIN] Loss: 0.4867, Accuracy: 78.94%, AUC: 0.78 - [VAL] Loss: 0.4962, Accuracy: 78.57%, AUC: 0.78
Epoch [68/100] - [TRAIN] Loss: 0.4868, Accuracy: 78.96%, AUC: 0.78 - [VAL] Loss: 0.4959, Accuracy: 78.60%, AUC: 0.78
Epoch [69/100] - [TRAIN] Loss: 0.4856, Accuracy: 78.89%, AUC: 0.78 - [VAL] Loss: 0.4959, Accuracy: 78.61%, AUC: 0.78
Epoch [70/100] - [TRAIN] Loss: 0.4861, Accuracy: 79.11%, AUC: 0.78 - [VAL] Loss: 0.4964, Accuracy: 78.61%, AUC: 0.78
Epoch [71/100] - [TRAIN] Loss: 0.4855, Accuracy: 79.05%, AUC: 0.78 - [VAL] Loss: 0.4967, Accuracy: 78.60%, AUC: 0.78
Epoch [72/100] - [TRAIN] Loss: 0.4860, Accuracy: 79.08%, AUC: 0.78 - [VAL] Loss: 0.4958, Accuracy: 78.61%, AUC: 0.78
Epoch [73/100] - [TRAIN] Loss: 0.4852, Accuracy: 79.05%, AUC: 0.78 - [VAL] Loss: 0.4959, Accuracy: 78.62%, AUC: 0.78
New best model saved with validation metric: 25.1342
Epoch [74/100] - [TRAIN] Loss: 0.4852, Accuracy: 79.04%, AUC: 0.78 - [VAL] Loss: 0.4956, Accuracy: 78.70%, AUC: 0.78
Epoch [75/100] - [TRAIN] Loss: 0.4863, Accuracy: 78.98%, AUC: 0.78 - [VAL] Loss: 0.4956, Accuracy: 78.66%, AUC: 0.78
Epoch [76/100] - [TRAIN] Loss: 0.4845, Accuracy: 79.17%, AUC: 0.78 - [VAL] Loss: 0.4960, Accuracy: 78.64%, AUC: 0.78
Epoch [77/100] - [TRAIN] Loss: 0.4845, Accuracy: 79.13%, AUC: 0.78 - [VAL] Loss: 0.4958, Accuracy: 78.69%, AUC: 0.78
Epoch [78/100] - [TRAIN] Loss: 0.4834, Accuracy: 79.08%, AUC: 0.78 - [VAL] Loss: 0.4971, Accuracy: 78.58%, AUC: 0.78
Epoch [79/100] - [TRAIN] Loss: 0.4844, Accuracy: 79.16%, AUC: 0.78 - [VAL] Loss: 0.4957, Accuracy: 78.69%, AUC: 0.78
Epoch [80/100] - [TRAIN] Loss: 0.4842, Accuracy: 79.12%, AUC: 0.78 - [VAL] Loss: 0.4966, Accuracy: 78.68%, AUC: 0.78
New best model saved with validation metric: 25.1385
Epoch [81/100] - [TRAIN] Loss: 0.4822, Accuracy: 79.29%, AUC: 0.79 - [VAL] Loss: 0.4957, Accuracy: 78.72%, AUC: 0.78
Epoch [82/100] - [TRAIN] Loss: 0.4833, Accuracy: 79.17%, AUC: 0.78 - [VAL] Loss: 0.4963, Accuracy: 78.70%, AUC: 0.78
New best model saved with validation metric: 25.1429
Epoch [83/100] - [TRAIN] Loss: 0.4832, Accuracy: 79.21%, AUC: 0.78 - [VAL] Loss: 0.4955, Accuracy: 78.73%, AUC: 0.78
Epoch [84/100] - [TRAIN] Loss: 0.4828, Accuracy: 79.32%, AUC: 0.78 - [VAL] Loss: 0.4959, Accuracy: 78.69%, AUC: 0.78
Epoch [85/100] - [TRAIN] Loss: 0.4833, Accuracy: 79.35%, AUC: 0.79 - [VAL] Loss: 0.4973, Accuracy: 78.65%, AUC: 0.78
Epoch [86/100] - [TRAIN] Loss: 0.4815, Accuracy: 79.39%, AUC: 0.79 - [VAL] Loss: 0.4959, Accuracy: 78.70%, AUC: 0.78
Epoch [87/100] - [TRAIN] Loss: 0.4818, Accuracy: 79.28%, AUC: 0.78 - [VAL] Loss: 0.4969, Accuracy: 78.69%, AUC: 0.78
Epoch [88/100] - [TRAIN] Loss: 0.4816, Accuracy: 79.29%, AUC: 0.78 - [VAL] Loss: 0.4959, Accuracy: 78.68%, AUC: 0.78
Epoch [89/100] - [TRAIN] Loss: 0.4826, Accuracy: 79.12%, AUC: 0.78 - [VAL] Loss: 0.4956, Accuracy: 78.66%, AUC: 0.78
Epoch [90/100] - [TRAIN] Loss: 0.4804, Accuracy: 79.42%, AUC: 0.79 - [VAL] Loss: 0.4958, Accuracy: 78.65%, AUC: 0.78
Epoch [91/100] - [TRAIN] Loss: 0.4825, Accuracy: 79.38%, AUC: 0.79 - [VAL] Loss: 0.4956, Accuracy: 78.66%, AUC: 0.78
Epoch [92/100] - [TRAIN] Loss: 0.4816, Accuracy: 79.51%, AUC: 0.79 - [VAL] Loss: 0.4956, Accuracy: 78.68%, AUC: 0.78
Epoch [93/100] - [TRAIN] Loss: 0.4810, Accuracy: 79.36%, AUC: 0.79 - [VAL] Loss: 0.4956, Accuracy: 78.70%, AUC: 0.78
Epoch [94/100] - [TRAIN] Loss: 0.4811, Accuracy: 79.42%, AUC: 0.79 - [VAL] Loss: 0.4956, Accuracy: 78.68%, AUC: 0.78
Epoch [95/100] - [TRAIN] Loss: 0.4796, Accuracy: 79.42%, AUC: 0.79 - [VAL] Loss: 0.4961, Accuracy: 78.60%, AUC: 0.78
Epoch [96/100] - [TRAIN] Loss: 0.4792, Accuracy: 79.39%, AUC: 0.79 - [VAL] Loss: 0.4955, Accuracy: 78.66%, AUC: 0.78
Epoch [97/100] - [TRAIN] Loss: 0.4792, Accuracy: 79.39%, AUC: 0.79 - [VAL] Loss: 0.4954, Accuracy: 78.72%, AUC: 0.78
Epoch [98/100] - [TRAIN] Loss: 0.4791, Accuracy: 79.42%, AUC: 0.79 - [VAL] Loss: 0.4955, Accuracy: 78.72%, AUC: 0.78
Epoch [99/100] - [TRAIN] Loss: 0.4789, Accuracy: 79.54%, AUC: 0.79 - [VAL] Loss: 0.4958, Accuracy: 78.64%, AUC: 0.78
Epoch [100/100] - [TRAIN] Loss: 0.4788, Accuracy: 79.52%, AUC: 0.79 - [VAL] Loss: 0.4956, Accuracy: 78.69%, AUC: 0.78
Training finished!
Accuracy Score on test set: 79.15 %
AUC Score on test set: 0.78
Item: H3K9me3-H3K4me3-H3K27ac
Train set shape: (7399, 3, 4000) (7399,)
Validation set shape: (7377, 3, 4000) (7377,)
Test set shape: (7378, 3, 4000) (7378,)
New best model saved with validation metric: 19.4242
Epoch [1/100] - [TRAIN] Loss: 0.6638, Accuracy: 60.21%, AUC: 0.51 - [VAL] Loss: 0.6311, Accuracy: 60.82%, AUC: 0.50
Epoch [2/100] - [TRAIN] Loss: 0.6111, Accuracy: 60.82%, AUC: 0.50 - [VAL] Loss: 0.5878, Accuracy: 60.82%, AUC: 0.50
New best model saved with validation metric: 24.8095
Epoch [3/100] - [TRAIN] Loss: 0.5732, Accuracy: 66.90%, AUC: 0.59 - [VAL] Loss: 0.5552, Accuracy: 77.69%, AUC: 0.76
New best model saved with validation metric: 25.0000
Epoch [4/100] - [TRAIN] Loss: 0.5485, Accuracy: 78.29%, AUC: 0.77 - [VAL] Loss: 0.5354, Accuracy: 78.28%, AUC: 0.78
Epoch [5/100] - [TRAIN] Loss: 0.5320, Accuracy: 78.33%, AUC: 0.77 - [VAL] Loss: 0.5259, Accuracy: 77.94%, AUC: 0.78
Epoch [6/100] - [TRAIN] Loss: 0.5256, Accuracy: 78.21%, AUC: 0.78 - [VAL] Loss: 0.5204, Accuracy: 77.81%, AUC: 0.77
Epoch [7/100] - [TRAIN] Loss: 0.5200, Accuracy: 78.09%, AUC: 0.78 - [VAL] Loss: 0.5170, Accuracy: 77.76%, AUC: 0.77
Epoch [8/100] - [TRAIN] Loss: 0.5173, Accuracy: 78.13%, AUC: 0.78 - [VAL] Loss: 0.5149, Accuracy: 77.70%, AUC: 0.77
Epoch [9/100] - [TRAIN] Loss: 0.5147, Accuracy: 78.21%, AUC: 0.78 - [VAL] Loss: 0.5135, Accuracy: 77.70%, AUC: 0.78
Epoch [10/100] - [TRAIN] Loss: 0.5143, Accuracy: 78.11%, AUC: 0.78 - [VAL] Loss: 0.5117, Accuracy: 77.76%, AUC: 0.78
Epoch [11/100] - [TRAIN] Loss: 0.5105, Accuracy: 78.02%, AUC: 0.78 - [VAL] Loss: 0.5105, Accuracy: 77.82%, AUC: 0.78
Epoch [12/100] - [TRAIN] Loss: 0.5106, Accuracy: 78.16%, AUC: 0.78 - [VAL] Loss: 0.5093, Accuracy: 77.85%, AUC: 0.78
Epoch [13/100] - [TRAIN] Loss: 0.5086, Accuracy: 78.21%, AUC: 0.78 - [VAL] Loss: 0.5085, Accuracy: 77.92%, AUC: 0.78
Epoch [14/100] - [TRAIN] Loss: 0.5088, Accuracy: 78.32%, AUC: 0.78 - [VAL] Loss: 0.5080, Accuracy: 77.77%, AUC: 0.78
Epoch [15/100] - [TRAIN] Loss: 0.5075, Accuracy: 78.17%, AUC: 0.78 - [VAL] Loss: 0.5070, Accuracy: 77.88%, AUC: 0.78
Epoch [16/100] - [TRAIN] Loss: 0.5063, Accuracy: 78.47%, AUC: 0.78 - [VAL] Loss: 0.5067, Accuracy: 77.86%, AUC: 0.78
Epoch [17/100] - [TRAIN] Loss: 0.5055, Accuracy: 78.39%, AUC: 0.78 - [VAL] Loss: 0.5059, Accuracy: 77.97%, AUC: 0.78
Epoch [18/100] - [TRAIN] Loss: 0.5044, Accuracy: 78.40%, AUC: 0.78 - [VAL] Loss: 0.5051, Accuracy: 78.07%, AUC: 0.78
Epoch [19/100] - [TRAIN] Loss: 0.5031, Accuracy: 78.36%, AUC: 0.78 - [VAL] Loss: 0.5045, Accuracy: 78.09%, AUC: 0.78
Epoch [20/100] - [TRAIN] Loss: 0.5031, Accuracy: 78.47%, AUC: 0.78 - [VAL] Loss: 0.5052, Accuracy: 78.01%, AUC: 0.78
Epoch [21/100] - [TRAIN] Loss: 0.5028, Accuracy: 78.48%, AUC: 0.78 - [VAL] Loss: 0.5037, Accuracy: 78.15%, AUC: 0.78
Epoch [22/100] - [TRAIN] Loss: 0.5022, Accuracy: 78.38%, AUC: 0.78 - [VAL] Loss: 0.5035, Accuracy: 78.16%, AUC: 0.78
Epoch [23/100] - [TRAIN] Loss: 0.5009, Accuracy: 78.54%, AUC: 0.78 - [VAL] Loss: 0.5032, Accuracy: 78.20%, AUC: 0.78
Epoch [24/100] - [TRAIN] Loss: 0.5009, Accuracy: 78.54%, AUC: 0.78 - [VAL] Loss: 0.5028, Accuracy: 78.28%, AUC: 0.78
Epoch [25/100] - [TRAIN] Loss: 0.5011, Accuracy: 78.58%, AUC: 0.78 - [VAL] Loss: 0.5028, Accuracy: 78.26%, AUC: 0.78
New best model saved with validation metric: 25.0087
Epoch [26/100] - [TRAIN] Loss: 0.5020, Accuracy: 78.59%, AUC: 0.78 - [VAL] Loss: 0.5023, Accuracy: 78.31%, AUC: 0.78
Epoch [27/100] - [TRAIN] Loss: 0.4988, Accuracy: 78.61%, AUC: 0.78 - [VAL] Loss: 0.5018, Accuracy: 78.31%, AUC: 0.78
Epoch [28/100] - [TRAIN] Loss: 0.4985, Accuracy: 78.65%, AUC: 0.78 - [VAL] Loss: 0.5025, Accuracy: 78.30%, AUC: 0.78
New best model saved with validation metric: 25.0390
Epoch [29/100] - [TRAIN] Loss: 0.5003, Accuracy: 78.69%, AUC: 0.78 - [VAL] Loss: 0.5011, Accuracy: 78.41%, AUC: 0.78
Epoch [30/100] - [TRAIN] Loss: 0.4993, Accuracy: 78.50%, AUC: 0.78 - [VAL] Loss: 0.5007, Accuracy: 78.39%, AUC: 0.78
New best model saved with validation metric: 25.0649
Epoch [31/100] - [TRAIN] Loss: 0.4985, Accuracy: 78.70%, AUC: 0.78 - [VAL] Loss: 0.5004, Accuracy: 78.49%, AUC: 0.78
Epoch [32/100] - [TRAIN] Loss: 0.4981, Accuracy: 78.71%, AUC: 0.78 - [VAL] Loss: 0.5008, Accuracy: 78.37%, AUC: 0.78
Epoch [33/100] - [TRAIN] Loss: 0.4964, Accuracy: 78.69%, AUC: 0.78 - [VAL] Loss: 0.5003, Accuracy: 78.41%, AUC: 0.78
Epoch [34/100] - [TRAIN] Loss: 0.4968, Accuracy: 78.61%, AUC: 0.78 - [VAL] Loss: 0.5000, Accuracy: 78.35%, AUC: 0.78
Epoch [35/100] - [TRAIN] Loss: 0.4959, Accuracy: 78.75%, AUC: 0.78 - [VAL] Loss: 0.4999, Accuracy: 78.37%, AUC: 0.78
Epoch [36/100] - [TRAIN] Loss: 0.4956, Accuracy: 78.62%, AUC: 0.78 - [VAL] Loss: 0.5002, Accuracy: 78.37%, AUC: 0.78
Epoch [37/100] - [TRAIN] Loss: 0.4965, Accuracy: 78.62%, AUC: 0.78 - [VAL] Loss: 0.4996, Accuracy: 78.34%, AUC: 0.78
Epoch [38/100] - [TRAIN] Loss: 0.4968, Accuracy: 78.75%, AUC: 0.78 - [VAL] Loss: 0.4989, Accuracy: 78.46%, AUC: 0.78
Epoch [39/100] - [TRAIN] Loss: 0.4952, Accuracy: 78.67%, AUC: 0.78 - [VAL] Loss: 0.4988, Accuracy: 78.41%, AUC: 0.78
Epoch [40/100] - [TRAIN] Loss: 0.4954, Accuracy: 78.77%, AUC: 0.78 - [VAL] Loss: 0.4992, Accuracy: 78.38%, AUC: 0.78
Epoch [41/100] - [TRAIN] Loss: 0.4941, Accuracy: 78.81%, AUC: 0.78 - [VAL] Loss: 0.4984, Accuracy: 78.46%, AUC: 0.78
Epoch [42/100] - [TRAIN] Loss: 0.4938, Accuracy: 78.82%, AUC: 0.78 - [VAL] Loss: 0.4986, Accuracy: 78.39%, AUC: 0.78
Epoch [43/100] - [TRAIN] Loss: 0.4937, Accuracy: 78.89%, AUC: 0.78 - [VAL] Loss: 0.4981, Accuracy: 78.46%, AUC: 0.78
Epoch [44/100] - [TRAIN] Loss: 0.4939, Accuracy: 78.86%, AUC: 0.78 - [VAL] Loss: 0.4988, Accuracy: 78.35%, AUC: 0.78
Epoch [45/100] - [TRAIN] Loss: 0.4918, Accuracy: 78.73%, AUC: 0.78 - [VAL] Loss: 0.4990, Accuracy: 78.26%, AUC: 0.78
Epoch [46/100] - [TRAIN] Loss: 0.4927, Accuracy: 78.65%, AUC: 0.78 - [VAL] Loss: 0.4977, Accuracy: 78.49%, AUC: 0.78
Epoch [47/100] - [TRAIN] Loss: 0.4922, Accuracy: 78.86%, AUC: 0.78 - [VAL] Loss: 0.4979, Accuracy: 78.47%, AUC: 0.78
Epoch [48/100] - [TRAIN] Loss: 0.4934, Accuracy: 78.69%, AUC: 0.78 - [VAL] Loss: 0.4983, Accuracy: 78.42%, AUC: 0.78
New best model saved with validation metric: 25.0952
Epoch [49/100] - [TRAIN] Loss: 0.4923, Accuracy: 78.81%, AUC: 0.78 - [VAL] Loss: 0.4973, Accuracy: 78.58%, AUC: 0.78
Epoch [50/100] - [TRAIN] Loss: 0.4929, Accuracy: 78.75%, AUC: 0.78 - [VAL] Loss: 0.4971, Accuracy: 78.53%, AUC: 0.78
Epoch [51/100] - [TRAIN] Loss: 0.4903, Accuracy: 78.93%, AUC: 0.78 - [VAL] Loss: 0.4972, Accuracy: 78.50%, AUC: 0.78
Epoch [52/100] - [TRAIN] Loss: 0.4906, Accuracy: 78.82%, AUC: 0.78 - [VAL] Loss: 0.4972, Accuracy: 78.53%, AUC: 0.78
Epoch [53/100] - [TRAIN] Loss: 0.4913, Accuracy: 78.90%, AUC: 0.78 - [VAL] Loss: 0.4980, Accuracy: 78.46%, AUC: 0.78
New best model saved with validation metric: 25.0996
Epoch [54/100] - [TRAIN] Loss: 0.4897, Accuracy: 78.85%, AUC: 0.78 - [VAL] Loss: 0.4966, Accuracy: 78.60%, AUC: 0.78
Epoch [55/100] - [TRAIN] Loss: 0.4893, Accuracy: 78.88%, AUC: 0.78 - [VAL] Loss: 0.4968, Accuracy: 78.47%, AUC: 0.78
Epoch [56/100] - [TRAIN] Loss: 0.4882, Accuracy: 78.97%, AUC: 0.78 - [VAL] Loss: 0.4970, Accuracy: 78.47%, AUC: 0.78
Epoch [57/100] - [TRAIN] Loss: 0.4897, Accuracy: 78.86%, AUC: 0.78 - [VAL] Loss: 0.4966, Accuracy: 78.45%, AUC: 0.78
Epoch [58/100] - [TRAIN] Loss: 0.4896, Accuracy: 79.01%, AUC: 0.78 - [VAL] Loss: 0.4966, Accuracy: 78.49%, AUC: 0.78
Epoch [59/100] - [TRAIN] Loss: 0.4880, Accuracy: 78.94%, AUC: 0.78 - [VAL] Loss: 0.4988, Accuracy: 78.27%, AUC: 0.78
Epoch [60/100] - [TRAIN] Loss: 0.4875, Accuracy: 78.94%, AUC: 0.78 - [VAL] Loss: 0.4965, Accuracy: 78.46%, AUC: 0.78
Epoch [61/100] - [TRAIN] Loss: 0.4869, Accuracy: 79.00%, AUC: 0.78 - [VAL] Loss: 0.4973, Accuracy: 78.46%, AUC: 0.78
New best model saved with validation metric: 25.1126
Epoch [62/100] - [TRAIN] Loss: 0.4877, Accuracy: 78.81%, AUC: 0.78 - [VAL] Loss: 0.4962, Accuracy: 78.64%, AUC: 0.78
Epoch [63/100] - [TRAIN] Loss: 0.4880, Accuracy: 78.98%, AUC: 0.78 - [VAL] Loss: 0.4961, Accuracy: 78.53%, AUC: 0.78
Epoch [64/100] - [TRAIN] Loss: 0.4870, Accuracy: 79.04%, AUC: 0.78 - [VAL] Loss: 0.4962, Accuracy: 78.49%, AUC: 0.78
Epoch [65/100] - [TRAIN] Loss: 0.4879, Accuracy: 79.05%, AUC: 0.78 - [VAL] Loss: 0.4961, Accuracy: 78.47%, AUC: 0.78
Epoch [66/100] - [TRAIN] Loss: 0.4874, Accuracy: 78.81%, AUC: 0.78 - [VAL] Loss: 0.4971, Accuracy: 78.41%, AUC: 0.78
Epoch [67/100] - [TRAIN] Loss: 0.4871, Accuracy: 79.09%, AUC: 0.78 - [VAL] Loss: 0.4965, Accuracy: 78.45%, AUC: 0.78
Epoch [68/100] - [TRAIN] Loss: 0.4856, Accuracy: 79.06%, AUC: 0.78 - [VAL] Loss: 0.4962, Accuracy: 78.47%, AUC: 0.78
Epoch [69/100] - [TRAIN] Loss: 0.4862, Accuracy: 79.19%, AUC: 0.78 - [VAL] Loss: 0.4966, Accuracy: 78.42%, AUC: 0.78
Epoch [70/100] - [TRAIN] Loss: 0.4863, Accuracy: 79.11%, AUC: 0.78 - [VAL] Loss: 0.4958, Accuracy: 78.49%, AUC: 0.78
New best model saved with validation metric: 25.1255
Epoch [71/100] - [TRAIN] Loss: 0.4853, Accuracy: 79.09%, AUC: 0.78 - [VAL] Loss: 0.4957, Accuracy: 78.68%, AUC: 0.78
New best model saved with validation metric: 25.1299
Epoch [72/100] - [TRAIN] Loss: 0.4847, Accuracy: 79.21%, AUC: 0.78 - [VAL] Loss: 0.4957, Accuracy: 78.69%, AUC: 0.78
Epoch [73/100] - [TRAIN] Loss: 0.4857, Accuracy: 79.21%, AUC: 0.78 - [VAL] Loss: 0.4963, Accuracy: 78.49%, AUC: 0.78
Epoch [74/100] - [TRAIN] Loss: 0.4852, Accuracy: 79.23%, AUC: 0.78 - [VAL] Loss: 0.4956, Accuracy: 78.65%, AUC: 0.78
Epoch [75/100] - [TRAIN] Loss: 0.4839, Accuracy: 79.34%, AUC: 0.79 - [VAL] Loss: 0.4961, Accuracy: 78.49%, AUC: 0.78
Epoch [76/100] - [TRAIN] Loss: 0.4835, Accuracy: 79.08%, AUC: 0.78 - [VAL] Loss: 0.4974, Accuracy: 78.49%, AUC: 0.78
Epoch [77/100] - [TRAIN] Loss: 0.4853, Accuracy: 79.24%, AUC: 0.78 - [VAL] Loss: 0.4959, Accuracy: 78.55%, AUC: 0.78
Epoch [78/100] - [TRAIN] Loss: 0.4840, Accuracy: 79.39%, AUC: 0.79 - [VAL] Loss: 0.4956, Accuracy: 78.62%, AUC: 0.78
Epoch [79/100] - [TRAIN] Loss: 0.4833, Accuracy: 79.36%, AUC: 0.79 - [VAL] Loss: 0.4964, Accuracy: 78.58%, AUC: 0.78
Epoch [80/100] - [TRAIN] Loss: 0.4840, Accuracy: 79.32%, AUC: 0.79 - [VAL] Loss: 0.4957, Accuracy: 78.60%, AUC: 0.78
Epoch [81/100] - [TRAIN] Loss: 0.4834, Accuracy: 79.28%, AUC: 0.79 - [VAL] Loss: 0.4969, Accuracy: 78.55%, AUC: 0.78
Epoch [82/100] - [TRAIN] Loss: 0.4822, Accuracy: 79.47%, AUC: 0.79 - [VAL] Loss: 0.4970, Accuracy: 78.58%, AUC: 0.78
Epoch [83/100] - [TRAIN] Loss: 0.4839, Accuracy: 79.35%, AUC: 0.79 - [VAL] Loss: 0.4961, Accuracy: 78.53%, AUC: 0.78
Epoch [84/100] - [TRAIN] Loss: 0.4833, Accuracy: 79.43%, AUC: 0.79 - [VAL] Loss: 0.4960, Accuracy: 78.55%, AUC: 0.78
Epoch [85/100] - [TRAIN] Loss: 0.4824, Accuracy: 79.43%, AUC: 0.79 - [VAL] Loss: 0.4959, Accuracy: 78.61%, AUC: 0.78
Epoch [86/100] - [TRAIN] Loss: 0.4823, Accuracy: 79.34%, AUC: 0.79 - [VAL] Loss: 0.4965, Accuracy: 78.58%, AUC: 0.78
Epoch [87/100] - [TRAIN] Loss: 0.4809, Accuracy: 79.47%, AUC: 0.79 - [VAL] Loss: 0.4962, Accuracy: 78.62%, AUC: 0.78
New best model saved with validation metric: 25.1342
Epoch [88/100] - [TRAIN] Loss: 0.4813, Accuracy: 79.38%, AUC: 0.79 - [VAL] Loss: 0.4957, Accuracy: 78.70%, AUC: 0.78
Epoch [89/100] - [TRAIN] Loss: 0.4811, Accuracy: 79.52%, AUC: 0.79 - [VAL] Loss: 0.4956, Accuracy: 78.58%, AUC: 0.78
Epoch [90/100] - [TRAIN] Loss: 0.4819, Accuracy: 79.59%, AUC: 0.79 - [VAL] Loss: 0.4960, Accuracy: 78.62%, AUC: 0.78
Epoch [91/100] - [TRAIN] Loss: 0.4817, Accuracy: 79.48%, AUC: 0.79 - [VAL] Loss: 0.4966, Accuracy: 78.62%, AUC: 0.78
Epoch [92/100] - [TRAIN] Loss: 0.4805, Accuracy: 79.44%, AUC: 0.79 - [VAL] Loss: 0.4957, Accuracy: 78.65%, AUC: 0.78
Epoch [93/100] - [TRAIN] Loss: 0.4804, Accuracy: 79.44%, AUC: 0.79 - [VAL] Loss: 0.4958, Accuracy: 78.61%, AUC: 0.78
Epoch [94/100] - [TRAIN] Loss: 0.4801, Accuracy: 79.55%, AUC: 0.79 - [VAL] Loss: 0.4973, Accuracy: 78.62%, AUC: 0.78
Epoch [95/100] - [TRAIN] Loss: 0.4796, Accuracy: 79.46%, AUC: 0.79 - [VAL] Loss: 0.4966, Accuracy: 78.57%, AUC: 0.78
Epoch [96/100] - [TRAIN] Loss: 0.4788, Accuracy: 79.59%, AUC: 0.79 - [VAL] Loss: 0.4980, Accuracy: 78.54%, AUC: 0.78
Epoch [97/100] - [TRAIN] Loss: 0.4793, Accuracy: 79.47%, AUC: 0.79 - [VAL] Loss: 0.4960, Accuracy: 78.65%, AUC: 0.78
Epoch [98/100] - [TRAIN] Loss: 0.4810, Accuracy: 79.50%, AUC: 0.79 - [VAL] Loss: 0.4958, Accuracy: 78.58%, AUC: 0.78
Epoch [99/100] - [TRAIN] Loss: 0.4780, Accuracy: 79.44%, AUC: 0.79 - [VAL] Loss: 0.4960, Accuracy: 78.62%, AUC: 0.78
Epoch [100/100] - [TRAIN] Loss: 0.4797, Accuracy: 79.51%, AUC: 0.79 - [VAL] Loss: 0.4963, Accuracy: 78.66%, AUC: 0.78
Training finished!
Accuracy Score on test set: 79.25 %
AUC Score on test set: 0.79
Item: H3K9me3-H3K27ac-H3K4me3
Train set shape: (7399, 3, 4000) (7399,)
Validation set shape: (7377, 3, 4000) (7377,)
Test set shape: (7378, 3, 4000) (7378,)
New best model saved with validation metric: 19.4242
Epoch [1/100] - [TRAIN] Loss: 0.6597, Accuracy: 59.94%, AUC: 0.51 - [VAL] Loss: 0.6295, Accuracy: 60.82%, AUC: 0.50
Epoch [2/100] - [TRAIN] Loss: 0.6126, Accuracy: 60.82%, AUC: 0.50 - [VAL] Loss: 0.5923, Accuracy: 60.82%, AUC: 0.50
New best model saved with validation metric: 24.9870
Epoch [3/100] - [TRAIN] Loss: 0.5800, Accuracy: 61.17%, AUC: 0.50 - [VAL] Loss: 0.5623, Accuracy: 78.24%, AUC: 0.76
New best model saved with validation metric: 25.0000
Epoch [4/100] - [TRAIN] Loss: 0.5536, Accuracy: 77.21%, AUC: 0.75 - [VAL] Loss: 0.5419, Accuracy: 78.28%, AUC: 0.78
Epoch [5/100] - [TRAIN] Loss: 0.5384, Accuracy: 78.50%, AUC: 0.78 - [VAL] Loss: 0.5309, Accuracy: 78.18%, AUC: 0.78
Epoch [6/100] - [TRAIN] Loss: 0.5306, Accuracy: 78.48%, AUC: 0.78 - [VAL] Loss: 0.5255, Accuracy: 77.97%, AUC: 0.78
Epoch [7/100] - [TRAIN] Loss: 0.5251, Accuracy: 78.25%, AUC: 0.78 - [VAL] Loss: 0.5219, Accuracy: 77.86%, AUC: 0.78
Epoch [8/100] - [TRAIN] Loss: 0.5227, Accuracy: 78.11%, AUC: 0.78 - [VAL] Loss: 0.5199, Accuracy: 77.70%, AUC: 0.78
Epoch [9/100] - [TRAIN] Loss: 0.5189, Accuracy: 77.90%, AUC: 0.77 - [VAL] Loss: 0.5172, Accuracy: 77.92%, AUC: 0.78
Epoch [10/100] - [TRAIN] Loss: 0.5185, Accuracy: 78.15%, AUC: 0.78 - [VAL] Loss: 0.5173, Accuracy: 77.48%, AUC: 0.78
Epoch [11/100] - [TRAIN] Loss: 0.5160, Accuracy: 77.94%, AUC: 0.78 - [VAL] Loss: 0.5141, Accuracy: 77.81%, AUC: 0.78
Epoch [12/100] - [TRAIN] Loss: 0.5144, Accuracy: 78.00%, AUC: 0.78 - [VAL] Loss: 0.5127, Accuracy: 77.93%, AUC: 0.78
Epoch [13/100] - [TRAIN] Loss: 0.5135, Accuracy: 78.28%, AUC: 0.78 - [VAL] Loss: 0.5126, Accuracy: 77.54%, AUC: 0.78
Epoch [14/100] - [TRAIN] Loss: 0.5111, Accuracy: 78.12%, AUC: 0.78 - [VAL] Loss: 0.5115, Accuracy: 77.63%, AUC: 0.78
Epoch [15/100] - [TRAIN] Loss: 0.5095, Accuracy: 78.17%, AUC: 0.78 - [VAL] Loss: 0.5110, Accuracy: 77.62%, AUC: 0.78
Epoch [16/100] - [TRAIN] Loss: 0.5094, Accuracy: 78.19%, AUC: 0.78 - [VAL] Loss: 0.5091, Accuracy: 77.85%, AUC: 0.78
Epoch [17/100] - [TRAIN] Loss: 0.5076, Accuracy: 78.33%, AUC: 0.78 - [VAL] Loss: 0.5089, Accuracy: 77.74%, AUC: 0.78
Epoch [18/100] - [TRAIN] Loss: 0.5059, Accuracy: 78.21%, AUC: 0.78 - [VAL] Loss: 0.5078, Accuracy: 77.85%, AUC: 0.78
Epoch [19/100] - [TRAIN] Loss: 0.5051, Accuracy: 78.40%, AUC: 0.78 - [VAL] Loss: 0.5068, Accuracy: 78.04%, AUC: 0.78
Epoch [20/100] - [TRAIN] Loss: 0.5053, Accuracy: 78.32%, AUC: 0.78 - [VAL] Loss: 0.5072, Accuracy: 77.73%, AUC: 0.78
Epoch [21/100] - [TRAIN] Loss: 0.5038, Accuracy: 78.38%, AUC: 0.78 - [VAL] Loss: 0.5060, Accuracy: 78.03%, AUC: 0.78
Epoch [22/100] - [TRAIN] Loss: 0.5030, Accuracy: 78.35%, AUC: 0.78 - [VAL] Loss: 0.5055, Accuracy: 78.01%, AUC: 0.78
New best model saved with validation metric: 25.0216
Epoch [23/100] - [TRAIN] Loss: 0.5032, Accuracy: 78.44%, AUC: 0.78 - [VAL] Loss: 0.5044, Accuracy: 78.35%, AUC: 0.78
Epoch [24/100] - [TRAIN] Loss: 0.5022, Accuracy: 78.39%, AUC: 0.78 - [VAL] Loss: 0.5048, Accuracy: 78.07%, AUC: 0.78
Epoch [25/100] - [TRAIN] Loss: 0.5009, Accuracy: 78.39%, AUC: 0.78 - [VAL] Loss: 0.5042, Accuracy: 78.13%, AUC: 0.78
Epoch [26/100] - [TRAIN] Loss: 0.5009, Accuracy: 78.43%, AUC: 0.78 - [VAL] Loss: 0.5033, Accuracy: 78.28%, AUC: 0.78
Epoch [27/100] - [TRAIN] Loss: 0.5012, Accuracy: 78.58%, AUC: 0.78 - [VAL] Loss: 0.5037, Accuracy: 78.19%, AUC: 0.78
Epoch [28/100] - [TRAIN] Loss: 0.4998, Accuracy: 78.52%, AUC: 0.78 - [VAL] Loss: 0.5025, Accuracy: 78.34%, AUC: 0.78
Epoch [29/100] - [TRAIN] Loss: 0.4995, Accuracy: 78.52%, AUC: 0.78 - [VAL] Loss: 0.5025, Accuracy: 78.27%, AUC: 0.78
New best model saved with validation metric: 25.0693
Epoch [30/100] - [TRAIN] Loss: 0.4998, Accuracy: 78.61%, AUC: 0.78 - [VAL] Loss: 0.5016, Accuracy: 78.50%, AUC: 0.78
Epoch [31/100] - [TRAIN] Loss: 0.4995, Accuracy: 78.63%, AUC: 0.78 - [VAL] Loss: 0.5019, Accuracy: 78.34%, AUC: 0.78
Epoch [32/100] - [TRAIN] Loss: 0.4975, Accuracy: 78.52%, AUC: 0.78 - [VAL] Loss: 0.5015, Accuracy: 78.35%, AUC: 0.78
Epoch [33/100] - [TRAIN] Loss: 0.4984, Accuracy: 78.63%, AUC: 0.78 - [VAL] Loss: 0.5009, Accuracy: 78.38%, AUC: 0.78
Epoch [34/100] - [TRAIN] Loss: 0.4978, Accuracy: 78.51%, AUC: 0.78 - [VAL] Loss: 0.5006, Accuracy: 78.47%, AUC: 0.78
Epoch [35/100] - [TRAIN] Loss: 0.4969, Accuracy: 78.73%, AUC: 0.78 - [VAL] Loss: 0.5008, Accuracy: 78.34%, AUC: 0.78
Epoch [36/100] - [TRAIN] Loss: 0.4960, Accuracy: 78.66%, AUC: 0.78 - [VAL] Loss: 0.5011, Accuracy: 78.32%, AUC: 0.78
Epoch [37/100] - [TRAIN] Loss: 0.4981, Accuracy: 78.52%, AUC: 0.78 - [VAL] Loss: 0.5000, Accuracy: 78.39%, AUC: 0.78
Epoch [38/100] - [TRAIN] Loss: 0.4960, Accuracy: 78.52%, AUC: 0.78 - [VAL] Loss: 0.4996, Accuracy: 78.35%, AUC: 0.78
Epoch [39/100] - [TRAIN] Loss: 0.4947, Accuracy: 78.65%, AUC: 0.78 - [VAL] Loss: 0.4998, Accuracy: 78.31%, AUC: 0.78
Epoch [40/100] - [TRAIN] Loss: 0.4953, Accuracy: 78.67%, AUC: 0.78 - [VAL] Loss: 0.4990, Accuracy: 78.39%, AUC: 0.78
Epoch [41/100] - [TRAIN] Loss: 0.4938, Accuracy: 78.82%, AUC: 0.78 - [VAL] Loss: 0.4989, Accuracy: 78.38%, AUC: 0.78
Epoch [42/100] - [TRAIN] Loss: 0.4934, Accuracy: 78.81%, AUC: 0.78 - [VAL] Loss: 0.4985, Accuracy: 78.42%, AUC: 0.78
Epoch [43/100] - [TRAIN] Loss: 0.4934, Accuracy: 78.65%, AUC: 0.78 - [VAL] Loss: 0.5026, Accuracy: 78.09%, AUC: 0.78
Epoch [44/100] - [TRAIN] Loss: 0.4941, Accuracy: 78.66%, AUC: 0.78 - [VAL] Loss: 0.4984, Accuracy: 78.35%, AUC: 0.78
Epoch [45/100] - [TRAIN] Loss: 0.4926, Accuracy: 78.69%, AUC: 0.78 - [VAL] Loss: 0.4981, Accuracy: 78.32%, AUC: 0.78
New best model saved with validation metric: 25.0952
Epoch [46/100] - [TRAIN] Loss: 0.4920, Accuracy: 78.79%, AUC: 0.78 - [VAL] Loss: 0.4980, Accuracy: 78.58%, AUC: 0.78
Epoch [47/100] - [TRAIN] Loss: 0.4919, Accuracy: 78.62%, AUC: 0.78 - [VAL] Loss: 0.4983, Accuracy: 78.37%, AUC: 0.78
Epoch [48/100] - [TRAIN] Loss: 0.4916, Accuracy: 78.71%, AUC: 0.78 - [VAL] Loss: 0.4974, Accuracy: 78.43%, AUC: 0.78
Epoch [49/100] - [TRAIN] Loss: 0.4911, Accuracy: 78.67%, AUC: 0.78 - [VAL] Loss: 0.4978, Accuracy: 78.31%, AUC: 0.78
Epoch [50/100] - [TRAIN] Loss: 0.4913, Accuracy: 78.85%, AUC: 0.78 - [VAL] Loss: 0.4973, Accuracy: 78.38%, AUC: 0.78
Epoch [51/100] - [TRAIN] Loss: 0.4892, Accuracy: 78.96%, AUC: 0.78 - [VAL] Loss: 0.4972, Accuracy: 78.34%, AUC: 0.78
Epoch [52/100] - [TRAIN] Loss: 0.4900, Accuracy: 78.77%, AUC: 0.78 - [VAL] Loss: 0.4974, Accuracy: 78.30%, AUC: 0.78
Epoch [53/100] - [TRAIN] Loss: 0.4892, Accuracy: 78.77%, AUC: 0.78 - [VAL] Loss: 0.4967, Accuracy: 78.45%, AUC: 0.78
Epoch [54/100] - [TRAIN] Loss: 0.4895, Accuracy: 78.85%, AUC: 0.78 - [VAL] Loss: 0.4970, Accuracy: 78.37%, AUC: 0.78
Epoch [55/100] - [TRAIN] Loss: 0.4881, Accuracy: 78.89%, AUC: 0.78 - [VAL] Loss: 0.4966, Accuracy: 78.38%, AUC: 0.78
Epoch [56/100] - [TRAIN] Loss: 0.4894, Accuracy: 78.97%, AUC: 0.78 - [VAL] Loss: 0.4992, Accuracy: 78.27%, AUC: 0.78
New best model saved with validation metric: 25.1039
Epoch [57/100] - [TRAIN] Loss: 0.4891, Accuracy: 78.94%, AUC: 0.78 - [VAL] Loss: 0.4964, Accuracy: 78.61%, AUC: 0.78
Epoch [58/100] - [TRAIN] Loss: 0.4879, Accuracy: 78.90%, AUC: 0.78 - [VAL] Loss: 0.4967, Accuracy: 78.39%, AUC: 0.78
Epoch [59/100] - [TRAIN] Loss: 0.4882, Accuracy: 79.01%, AUC: 0.78 - [VAL] Loss: 0.4962, Accuracy: 78.51%, AUC: 0.78
Epoch [60/100] - [TRAIN] Loss: 0.4874, Accuracy: 78.98%, AUC: 0.78 - [VAL] Loss: 0.4990, Accuracy: 78.26%, AUC: 0.78
Epoch [61/100] - [TRAIN] Loss: 0.4887, Accuracy: 78.97%, AUC: 0.78 - [VAL] Loss: 0.4968, Accuracy: 78.39%, AUC: 0.78
Epoch [62/100] - [TRAIN] Loss: 0.4864, Accuracy: 79.05%, AUC: 0.78 - [VAL] Loss: 0.4965, Accuracy: 78.55%, AUC: 0.78
Epoch [63/100] - [TRAIN] Loss: 0.4859, Accuracy: 79.05%, AUC: 0.78 - [VAL] Loss: 0.4964, Accuracy: 78.39%, AUC: 0.78
Epoch [64/100] - [TRAIN] Loss: 0.4858, Accuracy: 79.17%, AUC: 0.78 - [VAL] Loss: 0.4965, Accuracy: 78.39%, AUC: 0.78
Epoch [65/100] - [TRAIN] Loss: 0.4853, Accuracy: 79.08%, AUC: 0.78 - [VAL] Loss: 0.4963, Accuracy: 78.42%, AUC: 0.78
New best model saved with validation metric: 25.1169
Epoch [66/100] - [TRAIN] Loss: 0.4854, Accuracy: 79.12%, AUC: 0.78 - [VAL] Loss: 0.4957, Accuracy: 78.65%, AUC: 0.78
Epoch [67/100] - [TRAIN] Loss: 0.4855, Accuracy: 79.20%, AUC: 0.78 - [VAL] Loss: 0.4962, Accuracy: 78.42%, AUC: 0.78
Epoch [68/100] - [TRAIN] Loss: 0.4855, Accuracy: 79.01%, AUC: 0.78 - [VAL] Loss: 0.4983, Accuracy: 78.38%, AUC: 0.78
Epoch [69/100] - [TRAIN] Loss: 0.4834, Accuracy: 79.21%, AUC: 0.79 - [VAL] Loss: 0.4956, Accuracy: 78.64%, AUC: 0.78
Epoch [70/100] - [TRAIN] Loss: 0.4851, Accuracy: 79.23%, AUC: 0.78 - [VAL] Loss: 0.4972, Accuracy: 78.42%, AUC: 0.78
Epoch [71/100] - [TRAIN] Loss: 0.4833, Accuracy: 79.09%, AUC: 0.78 - [VAL] Loss: 0.4964, Accuracy: 78.39%, AUC: 0.78
Epoch [72/100] - [TRAIN] Loss: 0.4835, Accuracy: 79.11%, AUC: 0.78 - [VAL] Loss: 0.4966, Accuracy: 78.43%, AUC: 0.78
Epoch [73/100] - [TRAIN] Loss: 0.4834, Accuracy: 79.21%, AUC: 0.78 - [VAL] Loss: 0.4956, Accuracy: 78.62%, AUC: 0.78
Epoch [74/100] - [TRAIN] Loss: 0.4845, Accuracy: 79.09%, AUC: 0.78 - [VAL] Loss: 0.4956, Accuracy: 78.64%, AUC: 0.78
Epoch [75/100] - [TRAIN] Loss: 0.4835, Accuracy: 79.13%, AUC: 0.78 - [VAL] Loss: 0.4961, Accuracy: 78.50%, AUC: 0.78
Epoch [76/100] - [TRAIN] Loss: 0.4813, Accuracy: 79.28%, AUC: 0.79 - [VAL] Loss: 0.4956, Accuracy: 78.58%, AUC: 0.78
Epoch [77/100] - [TRAIN] Loss: 0.4838, Accuracy: 79.29%, AUC: 0.79 - [VAL] Loss: 0.4956, Accuracy: 78.60%, AUC: 0.78
Epoch [78/100] - [TRAIN] Loss: 0.4825, Accuracy: 79.27%, AUC: 0.79 - [VAL] Loss: 0.4958, Accuracy: 78.53%, AUC: 0.78
Epoch [79/100] - [TRAIN] Loss: 0.4813, Accuracy: 79.23%, AUC: 0.79 - [VAL] Loss: 0.4961, Accuracy: 78.50%, AUC: 0.78
Epoch [80/100] - [TRAIN] Loss: 0.4808, Accuracy: 79.29%, AUC: 0.79 - [VAL] Loss: 0.4957, Accuracy: 78.57%, AUC: 0.78
Epoch [81/100] - [TRAIN] Loss: 0.4812, Accuracy: 79.31%, AUC: 0.79 - [VAL] Loss: 0.4960, Accuracy: 78.49%, AUC: 0.78
Epoch [82/100] - [TRAIN] Loss: 0.4810, Accuracy: 79.23%, AUC: 0.78 - [VAL] Loss: 0.4964, Accuracy: 78.54%, AUC: 0.78
Epoch [83/100] - [TRAIN] Loss: 0.4809, Accuracy: 79.35%, AUC: 0.79 - [VAL] Loss: 0.4958, Accuracy: 78.65%, AUC: 0.78
Epoch [84/100] - [TRAIN] Loss: 0.4813, Accuracy: 79.25%, AUC: 0.79 - [VAL] Loss: 0.4957, Accuracy: 78.58%, AUC: 0.78
Epoch [85/100] - [TRAIN] Loss: 0.4810, Accuracy: 79.25%, AUC: 0.79 - [VAL] Loss: 0.4960, Accuracy: 78.64%, AUC: 0.78
Epoch [86/100] - [TRAIN] Loss: 0.4799, Accuracy: 79.44%, AUC: 0.79 - [VAL] Loss: 0.4956, Accuracy: 78.60%, AUC: 0.78
Epoch [87/100] - [TRAIN] Loss: 0.4799, Accuracy: 79.31%, AUC: 0.79 - [VAL] Loss: 0.4959, Accuracy: 78.54%, AUC: 0.78
Epoch [88/100] - [TRAIN] Loss: 0.4807, Accuracy: 79.46%, AUC: 0.79 - [VAL] Loss: 0.4959, Accuracy: 78.55%, AUC: 0.78
Epoch [89/100] - [TRAIN] Loss: 0.4782, Accuracy: 79.50%, AUC: 0.79 - [VAL] Loss: 0.4962, Accuracy: 78.49%, AUC: 0.78
Epoch [90/100] - [TRAIN] Loss: 0.4783, Accuracy: 79.25%, AUC: 0.79 - [VAL] Loss: 0.4957, Accuracy: 78.60%, AUC: 0.78
Epoch [91/100] - [TRAIN] Loss: 0.4784, Accuracy: 79.35%, AUC: 0.79 - [VAL] Loss: 0.4959, Accuracy: 78.57%, AUC: 0.78
Epoch [92/100] - [TRAIN] Loss: 0.4784, Accuracy: 79.40%, AUC: 0.79 - [VAL] Loss: 0.4960, Accuracy: 78.62%, AUC: 0.78
Epoch [93/100] - [TRAIN] Loss: 0.4790, Accuracy: 79.40%, AUC: 0.79 - [VAL] Loss: 0.4959, Accuracy: 78.57%, AUC: 0.78
Epoch [94/100] - [TRAIN] Loss: 0.4794, Accuracy: 79.17%, AUC: 0.78 - [VAL] Loss: 0.4966, Accuracy: 78.57%, AUC: 0.78
Epoch [95/100] - [TRAIN] Loss: 0.4780, Accuracy: 79.35%, AUC: 0.79 - [VAL] Loss: 0.4966, Accuracy: 78.54%, AUC: 0.78
Epoch [96/100] - [TRAIN] Loss: 0.4771, Accuracy: 79.32%, AUC: 0.79 - [VAL] Loss: 0.4965, Accuracy: 78.55%, AUC: 0.78
Epoch [97/100] - [TRAIN] Loss: 0.4784, Accuracy: 79.47%, AUC: 0.79 - [VAL] Loss: 0.4962, Accuracy: 78.60%, AUC: 0.78
Epoch [98/100] - [TRAIN] Loss: 0.4768, Accuracy: 79.43%, AUC: 0.79 - [VAL] Loss: 0.4960, Accuracy: 78.61%, AUC: 0.78
Epoch [99/100] - [TRAIN] Loss: 0.4773, Accuracy: 79.50%, AUC: 0.79 - [VAL] Loss: 0.4962, Accuracy: 78.64%, AUC: 0.78
Epoch [100/100] - [TRAIN] Loss: 0.4767, Accuracy: 79.48%, AUC: 0.79 - [VAL] Loss: 0.4986, Accuracy: 78.47%, AUC: 0.78
Training finished!
Accuracy Score on test set: 79.10 %
AUC Score on test set: 0.79
Item: H3K27ac-H3K4me3-H3K9me3
Train set shape: (7399, 3, 4000) (7399,)
Validation set shape: (7377, 3, 4000) (7377,)
Test set shape: (7378, 3, 4000) (7378,)
New best model saved with validation metric: 19.4242
Epoch [1/100] - [TRAIN] Loss: 0.6574, Accuracy: 60.81%, AUC: 0.50 - [VAL] Loss: 0.6255, Accuracy: 60.82%, AUC: 0.50
Epoch [2/100] - [TRAIN] Loss: 0.6086, Accuracy: 60.82%, AUC: 0.50 - [VAL] Loss: 0.5885, Accuracy: 60.82%, AUC: 0.50
New best model saved with validation metric: 24.9957
Epoch [3/100] - [TRAIN] Loss: 0.5770, Accuracy: 61.22%, AUC: 0.51 - [VAL] Loss: 0.5584, Accuracy: 78.27%, AUC: 0.77
Epoch [4/100] - [TRAIN] Loss: 0.5529, Accuracy: 77.78%, AUC: 0.76 - [VAL] Loss: 0.5411, Accuracy: 78.05%, AUC: 0.77
Epoch [5/100] - [TRAIN] Loss: 0.5391, Accuracy: 78.11%, AUC: 0.77 - [VAL] Loss: 0.5311, Accuracy: 78.15%, AUC: 0.77
Epoch [6/100] - [TRAIN] Loss: 0.5314, Accuracy: 78.38%, AUC: 0.77 - [VAL] Loss: 0.5259, Accuracy: 78.03%, AUC: 0.77
Epoch [7/100] - [TRAIN] Loss: 0.5258, Accuracy: 78.31%, AUC: 0.78 - [VAL] Loss: 0.5223, Accuracy: 77.92%, AUC: 0.77
Epoch [8/100] - [TRAIN] Loss: 0.5221, Accuracy: 78.21%, AUC: 0.78 - [VAL] Loss: 0.5201, Accuracy: 77.66%, AUC: 0.77
Epoch [9/100] - [TRAIN] Loss: 0.5195, Accuracy: 78.28%, AUC: 0.78 - [VAL] Loss: 0.5178, Accuracy: 77.65%, AUC: 0.77
Epoch [10/100] - [TRAIN] Loss: 0.5187, Accuracy: 78.05%, AUC: 0.77 - [VAL] Loss: 0.5163, Accuracy: 77.71%, AUC: 0.77
Epoch [11/100] - [TRAIN] Loss: 0.5155, Accuracy: 78.16%, AUC: 0.78 - [VAL] Loss: 0.5145, Accuracy: 77.81%, AUC: 0.77
Epoch [12/100] - [TRAIN] Loss: 0.5138, Accuracy: 78.19%, AUC: 0.78 - [VAL] Loss: 0.5131, Accuracy: 77.81%, AUC: 0.77
Epoch [13/100] - [TRAIN] Loss: 0.5126, Accuracy: 78.28%, AUC: 0.78 - [VAL] Loss: 0.5127, Accuracy: 77.73%, AUC: 0.78
Epoch [14/100] - [TRAIN] Loss: 0.5115, Accuracy: 78.17%, AUC: 0.78 - [VAL] Loss: 0.5111, Accuracy: 77.84%, AUC: 0.78
Epoch [15/100] - [TRAIN] Loss: 0.5106, Accuracy: 78.27%, AUC: 0.78 - [VAL] Loss: 0.5100, Accuracy: 77.89%, AUC: 0.78
Epoch [16/100] - [TRAIN] Loss: 0.5091, Accuracy: 78.17%, AUC: 0.78 - [VAL] Loss: 0.5095, Accuracy: 77.86%, AUC: 0.78
Epoch [17/100] - [TRAIN] Loss: 0.5073, Accuracy: 78.20%, AUC: 0.78 - [VAL] Loss: 0.5092, Accuracy: 77.81%, AUC: 0.78
Epoch [18/100] - [TRAIN] Loss: 0.5070, Accuracy: 78.16%, AUC: 0.78 - [VAL] Loss: 0.5079, Accuracy: 77.94%, AUC: 0.78
Epoch [19/100] - [TRAIN] Loss: 0.5075, Accuracy: 78.32%, AUC: 0.78 - [VAL] Loss: 0.5073, Accuracy: 78.00%, AUC: 0.78
Epoch [20/100] - [TRAIN] Loss: 0.5059, Accuracy: 78.28%, AUC: 0.78 - [VAL] Loss: 0.5081, Accuracy: 77.77%, AUC: 0.78
Epoch [21/100] - [TRAIN] Loss: 0.5046, Accuracy: 78.36%, AUC: 0.78 - [VAL] Loss: 0.5061, Accuracy: 78.04%, AUC: 0.78
Epoch [22/100] - [TRAIN] Loss: 0.5040, Accuracy: 78.43%, AUC: 0.78 - [VAL] Loss: 0.5064, Accuracy: 78.03%, AUC: 0.78
Epoch [23/100] - [TRAIN] Loss: 0.5038, Accuracy: 78.42%, AUC: 0.78 - [VAL] Loss: 0.5058, Accuracy: 78.05%, AUC: 0.78
Epoch [24/100] - [TRAIN] Loss: 0.5036, Accuracy: 78.51%, AUC: 0.78 - [VAL] Loss: 0.5055, Accuracy: 78.11%, AUC: 0.78
Epoch [25/100] - [TRAIN] Loss: 0.5015, Accuracy: 78.56%, AUC: 0.78 - [VAL] Loss: 0.5048, Accuracy: 78.09%, AUC: 0.78
Epoch [26/100] - [TRAIN] Loss: 0.5020, Accuracy: 78.61%, AUC: 0.78 - [VAL] Loss: 0.5042, Accuracy: 78.09%, AUC: 0.78
Epoch [27/100] - [TRAIN] Loss: 0.5018, Accuracy: 78.59%, AUC: 0.78 - [VAL] Loss: 0.5042, Accuracy: 78.15%, AUC: 0.78
Epoch [28/100] - [TRAIN] Loss: 0.5010, Accuracy: 78.56%, AUC: 0.78 - [VAL] Loss: 0.5032, Accuracy: 78.23%, AUC: 0.78
Epoch [29/100] - [TRAIN] Loss: 0.4997, Accuracy: 78.67%, AUC: 0.78 - [VAL] Loss: 0.5031, Accuracy: 78.19%, AUC: 0.78
Epoch [30/100] - [TRAIN] Loss: 0.4999, Accuracy: 78.63%, AUC: 0.78 - [VAL] Loss: 0.5027, Accuracy: 78.22%, AUC: 0.78
Epoch [31/100] - [TRAIN] Loss: 0.5003, Accuracy: 78.51%, AUC: 0.78 - [VAL] Loss: 0.5029, Accuracy: 78.20%, AUC: 0.78
Epoch [32/100] - [TRAIN] Loss: 0.4992, Accuracy: 78.62%, AUC: 0.78 - [VAL] Loss: 0.5043, Accuracy: 78.01%, AUC: 0.78
Epoch [33/100] - [TRAIN] Loss: 0.4993, Accuracy: 78.58%, AUC: 0.78 - [VAL] Loss: 0.5023, Accuracy: 78.23%, AUC: 0.78
Epoch [34/100] - [TRAIN] Loss: 0.4967, Accuracy: 78.50%, AUC: 0.78 - [VAL] Loss: 0.5017, Accuracy: 78.24%, AUC: 0.78
New best model saved with validation metric: 25.0043
Epoch [35/100] - [TRAIN] Loss: 0.4985, Accuracy: 78.56%, AUC: 0.78 - [VAL] Loss: 0.5012, Accuracy: 78.30%, AUC: 0.78
New best model saved with validation metric: 25.0563
Epoch [36/100] - [TRAIN] Loss: 0.4984, Accuracy: 78.58%, AUC: 0.78 - [VAL] Loss: 0.5007, Accuracy: 78.46%, AUC: 0.78
Epoch [37/100] - [TRAIN] Loss: 0.4962, Accuracy: 78.67%, AUC: 0.78 - [VAL] Loss: 0.5005, Accuracy: 78.35%, AUC: 0.78
Epoch [38/100] - [TRAIN] Loss: 0.4982, Accuracy: 78.59%, AUC: 0.78 - [VAL] Loss: 0.5011, Accuracy: 78.30%, AUC: 0.78
Epoch [39/100] - [TRAIN] Loss: 0.4961, Accuracy: 78.65%, AUC: 0.78 - [VAL] Loss: 0.5014, Accuracy: 78.26%, AUC: 0.78
Epoch [40/100] - [TRAIN] Loss: 0.4952, Accuracy: 78.71%, AUC: 0.78 - [VAL] Loss: 0.5010, Accuracy: 78.27%, AUC: 0.78
Epoch [41/100] - [TRAIN] Loss: 0.4952, Accuracy: 78.66%, AUC: 0.78 - [VAL] Loss: 0.5006, Accuracy: 78.24%, AUC: 0.78
Epoch [42/100] - [TRAIN] Loss: 0.4956, Accuracy: 78.70%, AUC: 0.78 - [VAL] Loss: 0.4997, Accuracy: 78.31%, AUC: 0.78
Epoch [43/100] - [TRAIN] Loss: 0.4947, Accuracy: 78.69%, AUC: 0.78 - [VAL] Loss: 0.4995, Accuracy: 78.30%, AUC: 0.78
Epoch [44/100] - [TRAIN] Loss: 0.4931, Accuracy: 78.75%, AUC: 0.78 - [VAL] Loss: 0.4990, Accuracy: 78.42%, AUC: 0.78
Epoch [45/100] - [TRAIN] Loss: 0.4942, Accuracy: 78.77%, AUC: 0.78 - [VAL] Loss: 0.4991, Accuracy: 78.39%, AUC: 0.78
Epoch [46/100] - [TRAIN] Loss: 0.4939, Accuracy: 78.79%, AUC: 0.78 - [VAL] Loss: 0.4993, Accuracy: 78.32%, AUC: 0.78
Epoch [47/100] - [TRAIN] Loss: 0.4921, Accuracy: 78.77%, AUC: 0.78 - [VAL] Loss: 0.4991, Accuracy: 78.34%, AUC: 0.78
Epoch [48/100] - [TRAIN] Loss: 0.4932, Accuracy: 78.78%, AUC: 0.78 - [VAL] Loss: 0.4988, Accuracy: 78.34%, AUC: 0.78
Epoch [49/100] - [TRAIN] Loss: 0.4921, Accuracy: 78.82%, AUC: 0.78 - [VAL] Loss: 0.4994, Accuracy: 78.20%, AUC: 0.78
Epoch [50/100] - [TRAIN] Loss: 0.4911, Accuracy: 78.75%, AUC: 0.78 - [VAL] Loss: 0.4980, Accuracy: 78.39%, AUC: 0.78
Epoch [51/100] - [TRAIN] Loss: 0.4916, Accuracy: 78.75%, AUC: 0.78 - [VAL] Loss: 0.4995, Accuracy: 78.19%, AUC: 0.78
Epoch [52/100] - [TRAIN] Loss: 0.4911, Accuracy: 78.73%, AUC: 0.78 - [VAL] Loss: 0.4980, Accuracy: 78.35%, AUC: 0.78
Epoch [53/100] - [TRAIN] Loss: 0.4897, Accuracy: 78.82%, AUC: 0.78 - [VAL] Loss: 0.4979, Accuracy: 78.37%, AUC: 0.78
Epoch [54/100] - [TRAIN] Loss: 0.4904, Accuracy: 78.79%, AUC: 0.78 - [VAL] Loss: 0.4977, Accuracy: 78.42%, AUC: 0.78
Epoch [55/100] - [TRAIN] Loss: 0.4901, Accuracy: 78.88%, AUC: 0.78 - [VAL] Loss: 0.4971, Accuracy: 78.43%, AUC: 0.78
Epoch [56/100] - [TRAIN] Loss: 0.4899, Accuracy: 78.88%, AUC: 0.78 - [VAL] Loss: 0.4975, Accuracy: 78.46%, AUC: 0.78
Epoch [57/100] - [TRAIN] Loss: 0.4896, Accuracy: 78.83%, AUC: 0.78 - [VAL] Loss: 0.4970, Accuracy: 78.42%, AUC: 0.78
Epoch [58/100] - [TRAIN] Loss: 0.4887, Accuracy: 78.83%, AUC: 0.78 - [VAL] Loss: 0.4970, Accuracy: 78.45%, AUC: 0.78
Epoch [59/100] - [TRAIN] Loss: 0.4873, Accuracy: 78.93%, AUC: 0.78 - [VAL] Loss: 0.4979, Accuracy: 78.37%, AUC: 0.78
Epoch [60/100] - [TRAIN] Loss: 0.4880, Accuracy: 78.86%, AUC: 0.78 - [VAL] Loss: 0.4970, Accuracy: 78.42%, AUC: 0.78
New best model saved with validation metric: 25.0823
Epoch [61/100] - [TRAIN] Loss: 0.4873, Accuracy: 78.83%, AUC: 0.78 - [VAL] Loss: 0.4964, Accuracy: 78.54%, AUC: 0.78
Epoch [62/100] - [TRAIN] Loss: 0.4870, Accuracy: 79.02%, AUC: 0.78 - [VAL] Loss: 0.4982, Accuracy: 78.35%, AUC: 0.78
New best model saved with validation metric: 25.0952
Epoch [63/100] - [TRAIN] Loss: 0.4876, Accuracy: 78.97%, AUC: 0.78 - [VAL] Loss: 0.4963, Accuracy: 78.58%, AUC: 0.78
Epoch [64/100] - [TRAIN] Loss: 0.4884, Accuracy: 79.19%, AUC: 0.78 - [VAL] Loss: 0.4966, Accuracy: 78.49%, AUC: 0.78
Epoch [65/100] - [TRAIN] Loss: 0.4861, Accuracy: 79.16%, AUC: 0.78 - [VAL] Loss: 0.4962, Accuracy: 78.57%, AUC: 0.78
New best model saved with validation metric: 25.1082
Epoch [66/100] - [TRAIN] Loss: 0.4855, Accuracy: 79.01%, AUC: 0.78 - [VAL] Loss: 0.4960, Accuracy: 78.62%, AUC: 0.78
Epoch [67/100] - [TRAIN] Loss: 0.4857, Accuracy: 79.09%, AUC: 0.78 - [VAL] Loss: 0.4960, Accuracy: 78.61%, AUC: 0.78
Epoch [68/100] - [TRAIN] Loss: 0.4856, Accuracy: 79.04%, AUC: 0.78 - [VAL] Loss: 0.4972, Accuracy: 78.42%, AUC: 0.78
Epoch [69/100] - [TRAIN] Loss: 0.4851, Accuracy: 79.21%, AUC: 0.78 - [VAL] Loss: 0.4961, Accuracy: 78.58%, AUC: 0.78
Epoch [70/100] - [TRAIN] Loss: 0.4840, Accuracy: 79.08%, AUC: 0.78 - [VAL] Loss: 0.4961, Accuracy: 78.58%, AUC: 0.78
Epoch [71/100] - [TRAIN] Loss: 0.4842, Accuracy: 79.25%, AUC: 0.78 - [VAL] Loss: 0.4963, Accuracy: 78.43%, AUC: 0.78
Epoch [72/100] - [TRAIN] Loss: 0.4843, Accuracy: 79.11%, AUC: 0.78 - [VAL] Loss: 0.4957, Accuracy: 78.61%, AUC: 0.78
Epoch [73/100] - [TRAIN] Loss: 0.4838, Accuracy: 79.08%, AUC: 0.78 - [VAL] Loss: 0.4963, Accuracy: 78.47%, AUC: 0.78
New best model saved with validation metric: 25.1126
Epoch [74/100] - [TRAIN] Loss: 0.4852, Accuracy: 79.11%, AUC: 0.78 - [VAL] Loss: 0.4956, Accuracy: 78.64%, AUC: 0.78
Epoch [75/100] - [TRAIN] Loss: 0.4849, Accuracy: 79.24%, AUC: 0.78 - [VAL] Loss: 0.4959, Accuracy: 78.57%, AUC: 0.78
Epoch [76/100] - [TRAIN] Loss: 0.4828, Accuracy: 79.27%, AUC: 0.79 - [VAL] Loss: 0.4956, Accuracy: 78.58%, AUC: 0.78
Epoch [77/100] - [TRAIN] Loss: 0.4838, Accuracy: 79.17%, AUC: 0.78 - [VAL] Loss: 0.4956, Accuracy: 78.58%, AUC: 0.78
Epoch [78/100] - [TRAIN] Loss: 0.4819, Accuracy: 79.25%, AUC: 0.79 - [VAL] Loss: 0.4961, Accuracy: 78.60%, AUC: 0.78
Epoch [79/100] - [TRAIN] Loss: 0.4819, Accuracy: 79.28%, AUC: 0.79 - [VAL] Loss: 0.4958, Accuracy: 78.60%, AUC: 0.78
Epoch [80/100] - [TRAIN] Loss: 0.4822, Accuracy: 79.31%, AUC: 0.79 - [VAL] Loss: 0.4968, Accuracy: 78.53%, AUC: 0.78
Epoch [81/100] - [TRAIN] Loss: 0.4805, Accuracy: 79.16%, AUC: 0.78 - [VAL] Loss: 0.4956, Accuracy: 78.64%, AUC: 0.78
Epoch [82/100] - [TRAIN] Loss: 0.4814, Accuracy: 79.38%, AUC: 0.79 - [VAL] Loss: 0.4958, Accuracy: 78.58%, AUC: 0.78
Epoch [83/100] - [TRAIN] Loss: 0.4815, Accuracy: 79.31%, AUC: 0.79 - [VAL] Loss: 0.4959, Accuracy: 78.60%, AUC: 0.78
Epoch [84/100] - [TRAIN] Loss: 0.4802, Accuracy: 79.27%, AUC: 0.79 - [VAL] Loss: 0.4956, Accuracy: 78.64%, AUC: 0.78
Epoch [85/100] - [TRAIN] Loss: 0.4814, Accuracy: 79.32%, AUC: 0.79 - [VAL] Loss: 0.4973, Accuracy: 78.46%, AUC: 0.78
Epoch [86/100] - [TRAIN] Loss: 0.4797, Accuracy: 79.38%, AUC: 0.79 - [VAL] Loss: 0.4959, Accuracy: 78.61%, AUC: 0.78
Epoch [87/100] - [TRAIN] Loss: 0.4801, Accuracy: 79.25%, AUC: 0.78 - [VAL] Loss: 0.4979, Accuracy: 78.39%, AUC: 0.78
Epoch [88/100] - [TRAIN] Loss: 0.4805, Accuracy: 79.27%, AUC: 0.79 - [VAL] Loss: 0.4958, Accuracy: 78.62%, AUC: 0.78
Epoch [89/100] - [TRAIN] Loss: 0.4801, Accuracy: 79.40%, AUC: 0.79 - [VAL] Loss: 0.5007, Accuracy: 78.23%, AUC: 0.78
Epoch [90/100] - [TRAIN] Loss: 0.4828, Accuracy: 79.51%, AUC: 0.79 - [VAL] Loss: 0.4957, Accuracy: 78.61%, AUC: 0.78
Epoch [91/100] - [TRAIN] Loss: 0.4799, Accuracy: 79.28%, AUC: 0.78 - [VAL] Loss: 0.4976, Accuracy: 78.50%, AUC: 0.78
Epoch [92/100] - [TRAIN] Loss: 0.4787, Accuracy: 79.36%, AUC: 0.79 - [VAL] Loss: 0.4962, Accuracy: 78.54%, AUC: 0.78
Epoch [93/100] - [TRAIN] Loss: 0.4778, Accuracy: 79.39%, AUC: 0.79 - [VAL] Loss: 0.4962, Accuracy: 78.53%, AUC: 0.78
Epoch [94/100] - [TRAIN] Loss: 0.4793, Accuracy: 79.36%, AUC: 0.79 - [VAL] Loss: 0.4964, Accuracy: 78.51%, AUC: 0.78
Epoch [95/100] - [TRAIN] Loss: 0.4793, Accuracy: 79.50%, AUC: 0.79 - [VAL] Loss: 0.4984, Accuracy: 78.45%, AUC: 0.78
Epoch [96/100] - [TRAIN] Loss: 0.4783, Accuracy: 79.51%, AUC: 0.79 - [VAL] Loss: 0.4967, Accuracy: 78.51%, AUC: 0.78
Epoch [97/100] - [TRAIN] Loss: 0.4765, Accuracy: 79.52%, AUC: 0.79 - [VAL] Loss: 0.4972, Accuracy: 78.53%, AUC: 0.78
Epoch [98/100] - [TRAIN] Loss: 0.4777, Accuracy: 79.28%, AUC: 0.78 - [VAL] Loss: 0.4961, Accuracy: 78.61%, AUC: 0.78
Epoch [99/100] - [TRAIN] Loss: 0.4779, Accuracy: 79.54%, AUC: 0.79 - [VAL] Loss: 0.4962, Accuracy: 78.61%, AUC: 0.78
Epoch [100/100] - [TRAIN] Loss: 0.4771, Accuracy: 79.55%, AUC: 0.79 - [VAL] Loss: 0.4961, Accuracy: 78.61%, AUC: 0.78
Training finished!
Accuracy Score on test set: 79.05 %
AUC Score on test set: 0.78
Item: H3K27ac-H3K9me3-H3K4me3
Train set shape: (7399, 3, 4000) (7399,)
Validation set shape: (7377, 3, 4000) (7377,)
Test set shape: (7378, 3, 4000) (7378,)
New best model saved with validation metric: 19.4242
Epoch [1/100] - [TRAIN] Loss: 0.6577, Accuracy: 60.82%, AUC: 0.50 - [VAL] Loss: 0.6358, Accuracy: 60.82%, AUC: 0.50
Epoch [2/100] - [TRAIN] Loss: 0.6208, Accuracy: 60.82%, AUC: 0.50 - [VAL] Loss: 0.5994, Accuracy: 60.82%, AUC: 0.50
Epoch [3/100] - [TRAIN] Loss: 0.5856, Accuracy: 60.86%, AUC: 0.50 - [VAL] Loss: 0.5657, Accuracy: 60.82%, AUC: 0.50
New best model saved with validation metric: 24.9870
Epoch [4/100] - [TRAIN] Loss: 0.5568, Accuracy: 72.90%, AUC: 0.69 - [VAL] Loss: 0.5425, Accuracy: 78.24%, AUC: 0.77
New best model saved with validation metric: 24.9957
Epoch [5/100] - [TRAIN] Loss: 0.5395, Accuracy: 78.29%, AUC: 0.77 - [VAL] Loss: 0.5302, Accuracy: 78.27%, AUC: 0.78
Epoch [6/100] - [TRAIN] Loss: 0.5306, Accuracy: 78.24%, AUC: 0.77 - [VAL] Loss: 0.5253, Accuracy: 77.62%, AUC: 0.77
Epoch [7/100] - [TRAIN] Loss: 0.5240, Accuracy: 78.13%, AUC: 0.78 - [VAL] Loss: 0.5208, Accuracy: 77.97%, AUC: 0.77
Epoch [8/100] - [TRAIN] Loss: 0.5209, Accuracy: 78.16%, AUC: 0.78 - [VAL] Loss: 0.5188, Accuracy: 77.52%, AUC: 0.77
Epoch [9/100] - [TRAIN] Loss: 0.5195, Accuracy: 77.93%, AUC: 0.77 - [VAL] Loss: 0.5167, Accuracy: 77.65%, AUC: 0.77
Epoch [10/100] - [TRAIN] Loss: 0.5168, Accuracy: 78.00%, AUC: 0.78 - [VAL] Loss: 0.5154, Accuracy: 77.63%, AUC: 0.77
Epoch [11/100] - [TRAIN] Loss: 0.5149, Accuracy: 78.04%, AUC: 0.78 - [VAL] Loss: 0.5141, Accuracy: 77.69%, AUC: 0.78
Epoch [12/100] - [TRAIN] Loss: 0.5133, Accuracy: 78.02%, AUC: 0.78 - [VAL] Loss: 0.5128, Accuracy: 77.77%, AUC: 0.77
Epoch [13/100] - [TRAIN] Loss: 0.5127, Accuracy: 78.21%, AUC: 0.78 - [VAL] Loss: 0.5129, Accuracy: 77.38%, AUC: 0.77
Epoch [14/100] - [TRAIN] Loss: 0.5106, Accuracy: 77.98%, AUC: 0.78 - [VAL] Loss: 0.5110, Accuracy: 77.78%, AUC: 0.78
Epoch [15/100] - [TRAIN] Loss: 0.5094, Accuracy: 78.17%, AUC: 0.78 - [VAL] Loss: 0.5105, Accuracy: 77.74%, AUC: 0.78
Epoch [16/100] - [TRAIN] Loss: 0.5094, Accuracy: 78.02%, AUC: 0.78 - [VAL] Loss: 0.5095, Accuracy: 77.82%, AUC: 0.78
Epoch [17/100] - [TRAIN] Loss: 0.5081, Accuracy: 78.16%, AUC: 0.78 - [VAL] Loss: 0.5092, Accuracy: 77.74%, AUC: 0.78
Epoch [18/100] - [TRAIN] Loss: 0.5071, Accuracy: 78.29%, AUC: 0.78 - [VAL] Loss: 0.5085, Accuracy: 77.82%, AUC: 0.78
Epoch [19/100] - [TRAIN] Loss: 0.5070, Accuracy: 78.23%, AUC: 0.78 - [VAL] Loss: 0.5077, Accuracy: 78.01%, AUC: 0.78
Epoch [20/100] - [TRAIN] Loss: 0.5061, Accuracy: 78.32%, AUC: 0.78 - [VAL] Loss: 0.5072, Accuracy: 78.05%, AUC: 0.78
Epoch [21/100] - [TRAIN] Loss: 0.5049, Accuracy: 78.38%, AUC: 0.78 - [VAL] Loss: 0.5064, Accuracy: 78.11%, AUC: 0.78
Epoch [22/100] - [TRAIN] Loss: 0.5055, Accuracy: 78.28%, AUC: 0.78 - [VAL] Loss: 0.5060, Accuracy: 78.09%, AUC: 0.78
Epoch [23/100] - [TRAIN] Loss: 0.5051, Accuracy: 78.42%, AUC: 0.78 - [VAL] Loss: 0.5071, Accuracy: 77.82%, AUC: 0.78
Epoch [24/100] - [TRAIN] Loss: 0.5041, Accuracy: 78.38%, AUC: 0.78 - [VAL] Loss: 0.5053, Accuracy: 78.07%, AUC: 0.78
Epoch [25/100] - [TRAIN] Loss: 0.5055, Accuracy: 78.59%, AUC: 0.78 - [VAL] Loss: 0.5052, Accuracy: 78.15%, AUC: 0.78
Epoch [26/100] - [TRAIN] Loss: 0.5035, Accuracy: 78.50%, AUC: 0.78 - [VAL] Loss: 0.5057, Accuracy: 77.97%, AUC: 0.78
Epoch [27/100] - [TRAIN] Loss: 0.5013, Accuracy: 78.44%, AUC: 0.78 - [VAL] Loss: 0.5064, Accuracy: 77.85%, AUC: 0.78
Epoch [28/100] - [TRAIN] Loss: 0.5024, Accuracy: 78.40%, AUC: 0.78 - [VAL] Loss: 0.5038, Accuracy: 78.20%, AUC: 0.78
New best model saved with validation metric: 25.0173
Epoch [29/100] - [TRAIN] Loss: 0.5003, Accuracy: 78.51%, AUC: 0.78 - [VAL] Loss: 0.5032, Accuracy: 78.34%, AUC: 0.78
Epoch [30/100] - [TRAIN] Loss: 0.5003, Accuracy: 78.62%, AUC: 0.78 - [VAL] Loss: 0.5033, Accuracy: 78.27%, AUC: 0.78
Epoch [31/100] - [TRAIN] Loss: 0.5001, Accuracy: 78.61%, AUC: 0.78 - [VAL] Loss: 0.5034, Accuracy: 78.24%, AUC: 0.78
Epoch [32/100] - [TRAIN] Loss: 0.4994, Accuracy: 78.58%, AUC: 0.78 - [VAL] Loss: 0.5033, Accuracy: 78.26%, AUC: 0.78
Epoch [33/100] - [TRAIN] Loss: 0.4990, Accuracy: 78.54%, AUC: 0.78 - [VAL] Loss: 0.5020, Accuracy: 78.34%, AUC: 0.78
Epoch [34/100] - [TRAIN] Loss: 0.4989, Accuracy: 78.50%, AUC: 0.78 - [VAL] Loss: 0.5021, Accuracy: 78.23%, AUC: 0.78
Epoch [35/100] - [TRAIN] Loss: 0.4989, Accuracy: 78.59%, AUC: 0.78 - [VAL] Loss: 0.5018, Accuracy: 78.24%, AUC: 0.78
Epoch [36/100] - [TRAIN] Loss: 0.4973, Accuracy: 78.51%, AUC: 0.78 - [VAL] Loss: 0.5026, Accuracy: 78.24%, AUC: 0.78
Epoch [37/100] - [TRAIN] Loss: 0.4989, Accuracy: 78.52%, AUC: 0.78 - [VAL] Loss: 0.5021, Accuracy: 78.28%, AUC: 0.78
Epoch [38/100] - [TRAIN] Loss: 0.4963, Accuracy: 78.63%, AUC: 0.78 - [VAL] Loss: 0.5035, Accuracy: 78.11%, AUC: 0.78
Epoch [39/100] - [TRAIN] Loss: 0.4957, Accuracy: 78.63%, AUC: 0.78 - [VAL] Loss: 0.5020, Accuracy: 78.23%, AUC: 0.78
Epoch [40/100] - [TRAIN] Loss: 0.4959, Accuracy: 78.50%, AUC: 0.78 - [VAL] Loss: 0.5003, Accuracy: 78.27%, AUC: 0.78
Epoch [41/100] - [TRAIN] Loss: 0.4959, Accuracy: 78.59%, AUC: 0.78 - [VAL] Loss: 0.5005, Accuracy: 78.34%, AUC: 0.78
Epoch [42/100] - [TRAIN] Loss: 0.4953, Accuracy: 78.66%, AUC: 0.78 - [VAL] Loss: 0.5001, Accuracy: 78.27%, AUC: 0.78
New best model saved with validation metric: 25.0216
Epoch [43/100] - [TRAIN] Loss: 0.4955, Accuracy: 78.69%, AUC: 0.78 - [VAL] Loss: 0.4996, Accuracy: 78.35%, AUC: 0.78
Epoch [44/100] - [TRAIN] Loss: 0.4947, Accuracy: 78.62%, AUC: 0.78 - [VAL] Loss: 0.5016, Accuracy: 78.18%, AUC: 0.78
Epoch [45/100] - [TRAIN] Loss: 0.4958, Accuracy: 78.66%, AUC: 0.78 - [VAL] Loss: 0.5037, Accuracy: 78.07%, AUC: 0.78
New best model saved with validation metric: 25.0693
Epoch [46/100] - [TRAIN] Loss: 0.4943, Accuracy: 78.70%, AUC: 0.78 - [VAL] Loss: 0.4990, Accuracy: 78.50%, AUC: 0.78
Epoch [47/100] - [TRAIN] Loss: 0.4924, Accuracy: 78.66%, AUC: 0.78 - [VAL] Loss: 0.4988, Accuracy: 78.43%, AUC: 0.78
Epoch [48/100] - [TRAIN] Loss: 0.4916, Accuracy: 78.73%, AUC: 0.78 - [VAL] Loss: 0.4996, Accuracy: 78.31%, AUC: 0.78
Epoch [49/100] - [TRAIN] Loss: 0.4918, Accuracy: 78.73%, AUC: 0.78 - [VAL] Loss: 0.5004, Accuracy: 78.16%, AUC: 0.78
Epoch [50/100] - [TRAIN] Loss: 0.4922, Accuracy: 78.89%, AUC: 0.78 - [VAL] Loss: 0.4988, Accuracy: 78.34%, AUC: 0.78
New best model saved with validation metric: 25.0779
Epoch [51/100] - [TRAIN] Loss: 0.4932, Accuracy: 78.75%, AUC: 0.78 - [VAL] Loss: 0.4982, Accuracy: 78.53%, AUC: 0.78
New best model saved with validation metric: 25.1039
Epoch [52/100] - [TRAIN] Loss: 0.4916, Accuracy: 78.81%, AUC: 0.78 - [VAL] Loss: 0.4984, Accuracy: 78.61%, AUC: 0.78
Epoch [53/100] - [TRAIN] Loss: 0.4913, Accuracy: 78.73%, AUC: 0.78 - [VAL] Loss: 0.4980, Accuracy: 78.51%, AUC: 0.78
Epoch [54/100] - [TRAIN] Loss: 0.4922, Accuracy: 78.70%, AUC: 0.78 - [VAL] Loss: 0.4983, Accuracy: 78.32%, AUC: 0.78
Epoch [55/100] - [TRAIN] Loss: 0.4908, Accuracy: 78.81%, AUC: 0.78 - [VAL] Loss: 0.4978, Accuracy: 78.55%, AUC: 0.78
Epoch [56/100] - [TRAIN] Loss: 0.4900, Accuracy: 78.81%, AUC: 0.78 - [VAL] Loss: 0.4976, Accuracy: 78.53%, AUC: 0.78
Epoch [57/100] - [TRAIN] Loss: 0.4898, Accuracy: 78.86%, AUC: 0.78 - [VAL] Loss: 0.4974, Accuracy: 78.50%, AUC: 0.78
Epoch [58/100] - [TRAIN] Loss: 0.4892, Accuracy: 78.71%, AUC: 0.78 - [VAL] Loss: 0.4985, Accuracy: 78.20%, AUC: 0.78
Epoch [59/100] - [TRAIN] Loss: 0.4910, Accuracy: 78.81%, AUC: 0.78 - [VAL] Loss: 0.4978, Accuracy: 78.31%, AUC: 0.78
Epoch [60/100] - [TRAIN] Loss: 0.4893, Accuracy: 78.85%, AUC: 0.78 - [VAL] Loss: 0.4986, Accuracy: 78.20%, AUC: 0.78
Epoch [61/100] - [TRAIN] Loss: 0.4881, Accuracy: 78.77%, AUC: 0.78 - [VAL] Loss: 0.4970, Accuracy: 78.54%, AUC: 0.78
New best model saved with validation metric: 25.1169
Epoch [62/100] - [TRAIN] Loss: 0.4880, Accuracy: 79.09%, AUC: 0.78 - [VAL] Loss: 0.4970, Accuracy: 78.65%, AUC: 0.78
Epoch [63/100] - [TRAIN] Loss: 0.4891, Accuracy: 79.01%, AUC: 0.78 - [VAL] Loss: 0.4971, Accuracy: 78.47%, AUC: 0.78
Epoch [64/100] - [TRAIN] Loss: 0.4891, Accuracy: 78.96%, AUC: 0.78 - [VAL] Loss: 0.4982, Accuracy: 78.27%, AUC: 0.78
Epoch [65/100] - [TRAIN] Loss: 0.4859, Accuracy: 79.04%, AUC: 0.78 - [VAL] Loss: 0.4967, Accuracy: 78.53%, AUC: 0.78
Epoch [66/100] - [TRAIN] Loss: 0.4866, Accuracy: 78.93%, AUC: 0.78 - [VAL] Loss: 0.4970, Accuracy: 78.64%, AUC: 0.78
Epoch [67/100] - [TRAIN] Loss: 0.4863, Accuracy: 78.98%, AUC: 0.78 - [VAL] Loss: 0.4965, Accuracy: 78.51%, AUC: 0.78
Epoch [68/100] - [TRAIN] Loss: 0.4852, Accuracy: 79.05%, AUC: 0.78 - [VAL] Loss: 0.4975, Accuracy: 78.35%, AUC: 0.78
Epoch [69/100] - [TRAIN] Loss: 0.4881, Accuracy: 79.02%, AUC: 0.78 - [VAL] Loss: 0.4970, Accuracy: 78.34%, AUC: 0.78
Epoch [70/100] - [TRAIN] Loss: 0.4859, Accuracy: 79.17%, AUC: 0.78 - [VAL] Loss: 0.4978, Accuracy: 78.39%, AUC: 0.78
Epoch [71/100] - [TRAIN] Loss: 0.4851, Accuracy: 79.12%, AUC: 0.78 - [VAL] Loss: 0.4985, Accuracy: 78.28%, AUC: 0.78
Epoch [72/100] - [TRAIN] Loss: 0.4851, Accuracy: 79.02%, AUC: 0.78 - [VAL] Loss: 0.4967, Accuracy: 78.41%, AUC: 0.78
Epoch [73/100] - [TRAIN] Loss: 0.4861, Accuracy: 79.13%, AUC: 0.78 - [VAL] Loss: 0.4962, Accuracy: 78.54%, AUC: 0.78
Epoch [74/100] - [TRAIN] Loss: 0.4849, Accuracy: 79.16%, AUC: 0.78 - [VAL] Loss: 0.4963, Accuracy: 78.53%, AUC: 0.78
Epoch [75/100] - [TRAIN] Loss: 0.4840, Accuracy: 79.13%, AUC: 0.78 - [VAL] Loss: 0.4961, Accuracy: 78.53%, AUC: 0.78
Epoch [76/100] - [TRAIN] Loss: 0.4850, Accuracy: 79.09%, AUC: 0.78 - [VAL] Loss: 0.4985, Accuracy: 78.30%, AUC: 0.78
Epoch [77/100] - [TRAIN] Loss: 0.4858, Accuracy: 79.13%, AUC: 0.78 - [VAL] Loss: 0.4980, Accuracy: 78.42%, AUC: 0.78
Epoch [78/100] - [TRAIN] Loss: 0.4842, Accuracy: 79.19%, AUC: 0.78 - [VAL] Loss: 0.4967, Accuracy: 78.46%, AUC: 0.78
Epoch [79/100] - [TRAIN] Loss: 0.4830, Accuracy: 79.08%, AUC: 0.78 - [VAL] Loss: 0.4963, Accuracy: 78.47%, AUC: 0.78
Epoch [80/100] - [TRAIN] Loss: 0.4843, Accuracy: 79.12%, AUC: 0.78 - [VAL] Loss: 0.4960, Accuracy: 78.58%, AUC: 0.78
Epoch [81/100] - [TRAIN] Loss: 0.4844, Accuracy: 79.17%, AUC: 0.78 - [VAL] Loss: 0.4962, Accuracy: 78.51%, AUC: 0.78
Epoch [82/100] - [TRAIN] Loss: 0.4831, Accuracy: 79.11%, AUC: 0.78 - [VAL] Loss: 0.4966, Accuracy: 78.47%, AUC: 0.78
Epoch [83/100] - [TRAIN] Loss: 0.4828, Accuracy: 79.19%, AUC: 0.78 - [VAL] Loss: 0.4959, Accuracy: 78.60%, AUC: 0.78
Epoch [84/100] - [TRAIN] Loss: 0.4825, Accuracy: 79.38%, AUC: 0.79 - [VAL] Loss: 0.4963, Accuracy: 78.46%, AUC: 0.78
Epoch [85/100] - [TRAIN] Loss: 0.4821, Accuracy: 79.32%, AUC: 0.79 - [VAL] Loss: 0.4961, Accuracy: 78.53%, AUC: 0.78
Epoch [86/100] - [TRAIN] Loss: 0.4818, Accuracy: 79.24%, AUC: 0.78 - [VAL] Loss: 0.4992, Accuracy: 78.41%, AUC: 0.78
Epoch [87/100] - [TRAIN] Loss: 0.4835, Accuracy: 79.08%, AUC: 0.78 - [VAL] Loss: 0.4960, Accuracy: 78.61%, AUC: 0.78
Epoch [88/100] - [TRAIN] Loss: 0.4797, Accuracy: 79.46%, AUC: 0.79 - [VAL] Loss: 0.4967, Accuracy: 78.55%, AUC: 0.78
Epoch [89/100] - [TRAIN] Loss: 0.4814, Accuracy: 79.29%, AUC: 0.79 - [VAL] Loss: 0.4987, Accuracy: 78.35%, AUC: 0.78
Epoch [90/100] - [TRAIN] Loss: 0.4798, Accuracy: 79.20%, AUC: 0.78 - [VAL] Loss: 0.4960, Accuracy: 78.62%, AUC: 0.78
New best model saved with validation metric: 25.1212
Epoch [91/100] - [TRAIN] Loss: 0.4811, Accuracy: 79.40%, AUC: 0.79 - [VAL] Loss: 0.4960, Accuracy: 78.66%, AUC: 0.78
Epoch [92/100] - [TRAIN] Loss: 0.4786, Accuracy: 79.17%, AUC: 0.78 - [VAL] Loss: 0.4974, Accuracy: 78.49%, AUC: 0.78
Epoch [93/100] - [TRAIN] Loss: 0.4804, Accuracy: 79.34%, AUC: 0.79 - [VAL] Loss: 0.4961, Accuracy: 78.58%, AUC: 0.78
Epoch [94/100] - [TRAIN] Loss: 0.4811, Accuracy: 79.42%, AUC: 0.79 - [VAL] Loss: 0.4962, Accuracy: 78.64%, AUC: 0.78
Epoch [95/100] - [TRAIN] Loss: 0.4806, Accuracy: 79.36%, AUC: 0.79 - [VAL] Loss: 0.4976, Accuracy: 78.50%, AUC: 0.78
Epoch [96/100] - [TRAIN] Loss: 0.4785, Accuracy: 79.44%, AUC: 0.79 - [VAL] Loss: 0.4965, Accuracy: 78.55%, AUC: 0.78
Epoch [97/100] - [TRAIN] Loss: 0.4809, Accuracy: 79.44%, AUC: 0.79 - [VAL] Loss: 0.4970, Accuracy: 78.60%, AUC: 0.78
Epoch [98/100] - [TRAIN] Loss: 0.4809, Accuracy: 79.17%, AUC: 0.78 - [VAL] Loss: 0.4994, Accuracy: 78.35%, AUC: 0.78
Epoch [99/100] - [TRAIN] Loss: 0.4798, Accuracy: 79.23%, AUC: 0.78 - [VAL] Loss: 0.4964, Accuracy: 78.57%, AUC: 0.78
Epoch [100/100] - [TRAIN] Loss: 0.4792, Accuracy: 79.39%, AUC: 0.79 - [VAL] Loss: 0.5007, Accuracy: 78.26%, AUC: 0.78
Training finished!
Accuracy Score on test set: 79.33 %
AUC Score on test set: 0.79
Item: H3K4me3-H3K9me3-H3K27me3
Train set shape: (7399, 3, 4000) (7399,)
Validation set shape: (7377, 3, 4000) (7377,)
Test set shape: (7378, 3, 4000) (7378,)
New best model saved with validation metric: 19.4242
Epoch [1/100] - [TRAIN] Loss: 0.6557, Accuracy: 59.40%, AUC: 0.52 - [VAL] Loss: 0.6229, Accuracy: 60.82%, AUC: 0.50
Epoch [2/100] - [TRAIN] Loss: 0.6074, Accuracy: 60.82%, AUC: 0.50 - [VAL] Loss: 0.5893, Accuracy: 60.82%, AUC: 0.50
New best model saved with validation metric: 24.7922
Epoch [3/100] - [TRAIN] Loss: 0.5761, Accuracy: 64.18%, AUC: 0.55 - [VAL] Loss: 0.5611, Accuracy: 77.63%, AUC: 0.76
New best model saved with validation metric: 24.8355
Epoch [4/100] - [TRAIN] Loss: 0.5524, Accuracy: 77.69%, AUC: 0.76 - [VAL] Loss: 0.5423, Accuracy: 77.77%, AUC: 0.77
Epoch [5/100] - [TRAIN] Loss: 0.5375, Accuracy: 77.78%, AUC: 0.77 - [VAL] Loss: 0.5319, Accuracy: 77.54%, AUC: 0.77
Epoch [6/100] - [TRAIN] Loss: 0.5307, Accuracy: 77.83%, AUC: 0.77 - [VAL] Loss: 0.5278, Accuracy: 77.40%, AUC: 0.77
Epoch [7/100] - [TRAIN] Loss: 0.5252, Accuracy: 77.79%, AUC: 0.77 - [VAL] Loss: 0.5241, Accuracy: 77.54%, AUC: 0.77
Epoch [8/100] - [TRAIN] Loss: 0.5237, Accuracy: 77.70%, AUC: 0.77 - [VAL] Loss: 0.5224, Accuracy: 77.44%, AUC: 0.77
Epoch [9/100] - [TRAIN] Loss: 0.5203, Accuracy: 77.73%, AUC: 0.77 - [VAL] Loss: 0.5205, Accuracy: 77.57%, AUC: 0.77
Epoch [10/100] - [TRAIN] Loss: 0.5190, Accuracy: 77.73%, AUC: 0.77 - [VAL] Loss: 0.5202, Accuracy: 77.33%, AUC: 0.77
Epoch [11/100] - [TRAIN] Loss: 0.5173, Accuracy: 77.75%, AUC: 0.77 - [VAL] Loss: 0.5179, Accuracy: 77.65%, AUC: 0.77
Epoch [12/100] - [TRAIN] Loss: 0.5154, Accuracy: 77.97%, AUC: 0.77 - [VAL] Loss: 0.5176, Accuracy: 77.47%, AUC: 0.77
Epoch [13/100] - [TRAIN] Loss: 0.5152, Accuracy: 77.86%, AUC: 0.77 - [VAL] Loss: 0.5161, Accuracy: 77.77%, AUC: 0.77
Epoch [14/100] - [TRAIN] Loss: 0.5148, Accuracy: 77.94%, AUC: 0.77 - [VAL] Loss: 0.5152, Accuracy: 77.69%, AUC: 0.77
Epoch [15/100] - [TRAIN] Loss: 0.5147, Accuracy: 78.05%, AUC: 0.77 - [VAL] Loss: 0.5148, Accuracy: 77.65%, AUC: 0.77
New best model saved with validation metric: 24.8485
Epoch [16/100] - [TRAIN] Loss: 0.5115, Accuracy: 78.06%, AUC: 0.77 - [VAL] Loss: 0.5136, Accuracy: 77.81%, AUC: 0.77
Epoch [17/100] - [TRAIN] Loss: 0.5150, Accuracy: 78.12%, AUC: 0.77 - [VAL] Loss: 0.5144, Accuracy: 77.61%, AUC: 0.77
Epoch [18/100] - [TRAIN] Loss: 0.5102, Accuracy: 78.06%, AUC: 0.77 - [VAL] Loss: 0.5128, Accuracy: 77.66%, AUC: 0.77
Epoch [19/100] - [TRAIN] Loss: 0.5103, Accuracy: 78.11%, AUC: 0.77 - [VAL] Loss: 0.5122, Accuracy: 77.70%, AUC: 0.77
Epoch [20/100] - [TRAIN] Loss: 0.5099, Accuracy: 78.17%, AUC: 0.78 - [VAL] Loss: 0.5114, Accuracy: 77.70%, AUC: 0.77
New best model saved with validation metric: 24.8571
Epoch [21/100] - [TRAIN] Loss: 0.5084, Accuracy: 78.12%, AUC: 0.77 - [VAL] Loss: 0.5109, Accuracy: 77.84%, AUC: 0.77
Epoch [22/100] - [TRAIN] Loss: 0.5098, Accuracy: 78.17%, AUC: 0.77 - [VAL] Loss: 0.5107, Accuracy: 77.74%, AUC: 0.77
Epoch [23/100] - [TRAIN] Loss: 0.5078, Accuracy: 78.21%, AUC: 0.77 - [VAL] Loss: 0.5101, Accuracy: 77.82%, AUC: 0.77
New best model saved with validation metric: 24.8918
Epoch [24/100] - [TRAIN] Loss: 0.5076, Accuracy: 78.25%, AUC: 0.78 - [VAL] Loss: 0.5097, Accuracy: 77.94%, AUC: 0.77
Epoch [25/100] - [TRAIN] Loss: 0.5070, Accuracy: 78.23%, AUC: 0.77 - [VAL] Loss: 0.5106, Accuracy: 77.77%, AUC: 0.77
Epoch [26/100] - [TRAIN] Loss: 0.5063, Accuracy: 78.21%, AUC: 0.77 - [VAL] Loss: 0.5101, Accuracy: 77.85%, AUC: 0.77
New best model saved with validation metric: 24.9177
Epoch [27/100] - [TRAIN] Loss: 0.5062, Accuracy: 78.31%, AUC: 0.78 - [VAL] Loss: 0.5085, Accuracy: 78.03%, AUC: 0.77
Epoch [28/100] - [TRAIN] Loss: 0.5055, Accuracy: 78.35%, AUC: 0.78 - [VAL] Loss: 0.5087, Accuracy: 77.93%, AUC: 0.77
Epoch [29/100] - [TRAIN] Loss: 0.5049, Accuracy: 78.25%, AUC: 0.78 - [VAL] Loss: 0.5081, Accuracy: 77.94%, AUC: 0.77
Epoch [30/100] - [TRAIN] Loss: 0.5041, Accuracy: 78.36%, AUC: 0.78 - [VAL] Loss: 0.5079, Accuracy: 78.01%, AUC: 0.77
New best model saved with validation metric: 24.9221
Epoch [31/100] - [TRAIN] Loss: 0.5036, Accuracy: 78.43%, AUC: 0.78 - [VAL] Loss: 0.5076, Accuracy: 78.04%, AUC: 0.78
Epoch [32/100] - [TRAIN] Loss: 0.5041, Accuracy: 78.38%, AUC: 0.78 - [VAL] Loss: 0.5071, Accuracy: 78.04%, AUC: 0.77
New best model saved with validation metric: 24.9307
Epoch [33/100] - [TRAIN] Loss: 0.5025, Accuracy: 78.31%, AUC: 0.77 - [VAL] Loss: 0.5067, Accuracy: 78.07%, AUC: 0.77
Epoch [34/100] - [TRAIN] Loss: 0.5034, Accuracy: 78.47%, AUC: 0.78 - [VAL] Loss: 0.5065, Accuracy: 78.05%, AUC: 0.77
Epoch [35/100] - [TRAIN] Loss: 0.5039, Accuracy: 78.46%, AUC: 0.78 - [VAL] Loss: 0.5069, Accuracy: 78.05%, AUC: 0.78
Epoch [36/100] - [TRAIN] Loss: 0.5025, Accuracy: 78.43%, AUC: 0.78 - [VAL] Loss: 0.5061, Accuracy: 78.05%, AUC: 0.77
New best model saved with validation metric: 24.9394
Epoch [37/100] - [TRAIN] Loss: 0.5017, Accuracy: 78.40%, AUC: 0.78 - [VAL] Loss: 0.5065, Accuracy: 78.09%, AUC: 0.78
New best model saved with validation metric: 24.9567
Epoch [38/100] - [TRAIN] Loss: 0.5020, Accuracy: 78.55%, AUC: 0.78 - [VAL] Loss: 0.5059, Accuracy: 78.15%, AUC: 0.78
New best model saved with validation metric: 24.9610
Epoch [39/100] - [TRAIN] Loss: 0.5020, Accuracy: 78.50%, AUC: 0.78 - [VAL] Loss: 0.5058, Accuracy: 78.16%, AUC: 0.78
Epoch [40/100] - [TRAIN] Loss: 0.5022, Accuracy: 78.61%, AUC: 0.78 - [VAL] Loss: 0.5051, Accuracy: 78.16%, AUC: 0.77
Epoch [41/100] - [TRAIN] Loss: 0.5016, Accuracy: 78.52%, AUC: 0.78 - [VAL] Loss: 0.5054, Accuracy: 78.08%, AUC: 0.77
Epoch [42/100] - [TRAIN] Loss: 0.5002, Accuracy: 78.58%, AUC: 0.78 - [VAL] Loss: 0.5049, Accuracy: 78.15%, AUC: 0.77
Epoch [43/100] - [TRAIN] Loss: 0.5004, Accuracy: 78.58%, AUC: 0.78 - [VAL] Loss: 0.5052, Accuracy: 78.07%, AUC: 0.77
Epoch [44/100] - [TRAIN] Loss: 0.4996, Accuracy: 78.56%, AUC: 0.78 - [VAL] Loss: 0.5048, Accuracy: 78.11%, AUC: 0.77
Epoch [45/100] - [TRAIN] Loss: 0.4999, Accuracy: 78.61%, AUC: 0.78 - [VAL] Loss: 0.5046, Accuracy: 78.13%, AUC: 0.77
New best model saved with validation metric: 25.0173
Epoch [46/100] - [TRAIN] Loss: 0.4981, Accuracy: 78.65%, AUC: 0.78 - [VAL] Loss: 0.5041, Accuracy: 78.34%, AUC: 0.77
Epoch [47/100] - [TRAIN] Loss: 0.4989, Accuracy: 78.79%, AUC: 0.78 - [VAL] Loss: 0.5040, Accuracy: 78.19%, AUC: 0.78
New best model saved with validation metric: 25.0303
Epoch [48/100] - [TRAIN] Loss: 0.5011, Accuracy: 78.61%, AUC: 0.78 - [VAL] Loss: 0.5037, Accuracy: 78.38%, AUC: 0.78
Epoch [49/100] - [TRAIN] Loss: 0.4982, Accuracy: 78.69%, AUC: 0.78 - [VAL] Loss: 0.5044, Accuracy: 78.03%, AUC: 0.77
Epoch [50/100] - [TRAIN] Loss: 0.4979, Accuracy: 78.77%, AUC: 0.78 - [VAL] Loss: 0.5034, Accuracy: 78.37%, AUC: 0.78
Epoch [51/100] - [TRAIN] Loss: 0.4985, Accuracy: 78.85%, AUC: 0.78 - [VAL] Loss: 0.5042, Accuracy: 78.08%, AUC: 0.77
Epoch [52/100] - [TRAIN] Loss: 0.4973, Accuracy: 78.81%, AUC: 0.78 - [VAL] Loss: 0.5033, Accuracy: 78.35%, AUC: 0.77
Epoch [53/100] - [TRAIN] Loss: 0.4984, Accuracy: 78.74%, AUC: 0.78 - [VAL] Loss: 0.5034, Accuracy: 78.20%, AUC: 0.78
Epoch [54/100] - [TRAIN] Loss: 0.4972, Accuracy: 78.77%, AUC: 0.78 - [VAL] Loss: 0.5058, Accuracy: 78.04%, AUC: 0.78
Epoch [55/100] - [TRAIN] Loss: 0.4975, Accuracy: 78.69%, AUC: 0.78 - [VAL] Loss: 0.5032, Accuracy: 78.26%, AUC: 0.78
Epoch [56/100] - [TRAIN] Loss: 0.4967, Accuracy: 78.96%, AUC: 0.78 - [VAL] Loss: 0.5030, Accuracy: 78.22%, AUC: 0.78
Epoch [57/100] - [TRAIN] Loss: 0.4959, Accuracy: 78.69%, AUC: 0.78 - [VAL] Loss: 0.5040, Accuracy: 78.07%, AUC: 0.77
Epoch [58/100] - [TRAIN] Loss: 0.4969, Accuracy: 78.77%, AUC: 0.78 - [VAL] Loss: 0.5031, Accuracy: 78.24%, AUC: 0.78
New best model saved with validation metric: 25.0476
Epoch [59/100] - [TRAIN] Loss: 0.4962, Accuracy: 78.82%, AUC: 0.78 - [VAL] Loss: 0.5024, Accuracy: 78.43%, AUC: 0.78
Epoch [60/100] - [TRAIN] Loss: 0.4962, Accuracy: 78.85%, AUC: 0.78 - [VAL] Loss: 0.5023, Accuracy: 78.42%, AUC: 0.78
New best model saved with validation metric: 25.0779
Epoch [61/100] - [TRAIN] Loss: 0.4973, Accuracy: 78.92%, AUC: 0.78 - [VAL] Loss: 0.5021, Accuracy: 78.53%, AUC: 0.78
Epoch [62/100] - [TRAIN] Loss: 0.4951, Accuracy: 78.78%, AUC: 0.78 - [VAL] Loss: 0.5050, Accuracy: 78.04%, AUC: 0.78
Epoch [63/100] - [TRAIN] Loss: 0.4955, Accuracy: 78.78%, AUC: 0.78 - [VAL] Loss: 0.5021, Accuracy: 78.45%, AUC: 0.78
Epoch [64/100] - [TRAIN] Loss: 0.4951, Accuracy: 78.88%, AUC: 0.78 - [VAL] Loss: 0.5032, Accuracy: 78.09%, AUC: 0.77
New best model saved with validation metric: 25.0866
Epoch [65/100] - [TRAIN] Loss: 0.4957, Accuracy: 78.83%, AUC: 0.78 - [VAL] Loss: 0.5018, Accuracy: 78.55%, AUC: 0.78
Epoch [66/100] - [TRAIN] Loss: 0.4952, Accuracy: 78.86%, AUC: 0.78 - [VAL] Loss: 0.5028, Accuracy: 78.11%, AUC: 0.77
Epoch [67/100] - [TRAIN] Loss: 0.4963, Accuracy: 78.98%, AUC: 0.78 - [VAL] Loss: 0.5016, Accuracy: 78.54%, AUC: 0.78
New best model saved with validation metric: 25.0909
Epoch [68/100] - [TRAIN] Loss: 0.4945, Accuracy: 78.79%, AUC: 0.78 - [VAL] Loss: 0.5015, Accuracy: 78.57%, AUC: 0.78
Epoch [69/100] - [TRAIN] Loss: 0.4944, Accuracy: 78.74%, AUC: 0.78 - [VAL] Loss: 0.5017, Accuracy: 78.49%, AUC: 0.78
Epoch [70/100] - [TRAIN] Loss: 0.4935, Accuracy: 78.88%, AUC: 0.78 - [VAL] Loss: 0.5016, Accuracy: 78.47%, AUC: 0.78
New best model saved with validation metric: 25.1039
Epoch [71/100] - [TRAIN] Loss: 0.4930, Accuracy: 78.82%, AUC: 0.78 - [VAL] Loss: 0.5013, Accuracy: 78.61%, AUC: 0.78
Epoch [72/100] - [TRAIN] Loss: 0.4947, Accuracy: 79.05%, AUC: 0.78 - [VAL] Loss: 0.5029, Accuracy: 78.53%, AUC: 0.77
Epoch [73/100] - [TRAIN] Loss: 0.4928, Accuracy: 78.92%, AUC: 0.78 - [VAL] Loss: 0.5031, Accuracy: 78.07%, AUC: 0.77
Epoch [74/100] - [TRAIN] Loss: 0.4941, Accuracy: 78.88%, AUC: 0.78 - [VAL] Loss: 0.5016, Accuracy: 78.39%, AUC: 0.78
Epoch [75/100] - [TRAIN] Loss: 0.4915, Accuracy: 79.11%, AUC: 0.78 - [VAL] Loss: 0.5013, Accuracy: 78.58%, AUC: 0.78
Epoch [76/100] - [TRAIN] Loss: 0.4929, Accuracy: 78.96%, AUC: 0.78 - [VAL] Loss: 0.5025, Accuracy: 78.16%, AUC: 0.78
Epoch [77/100] - [TRAIN] Loss: 0.4931, Accuracy: 78.96%, AUC: 0.78 - [VAL] Loss: 0.5014, Accuracy: 78.39%, AUC: 0.78
Epoch [78/100] - [TRAIN] Loss: 0.4936, Accuracy: 78.88%, AUC: 0.78 - [VAL] Loss: 0.5011, Accuracy: 78.57%, AUC: 0.78
New best model saved with validation metric: 25.1082
Epoch [79/100] - [TRAIN] Loss: 0.4923, Accuracy: 78.97%, AUC: 0.78 - [VAL] Loss: 0.5009, Accuracy: 78.62%, AUC: 0.78
Epoch [80/100] - [TRAIN] Loss: 0.4919, Accuracy: 79.05%, AUC: 0.78 - [VAL] Loss: 0.5010, Accuracy: 78.58%, AUC: 0.78
New best model saved with validation metric: 25.1212
Epoch [81/100] - [TRAIN] Loss: 0.4919, Accuracy: 79.06%, AUC: 0.78 - [VAL] Loss: 0.5015, Accuracy: 78.66%, AUC: 0.78
Epoch [82/100] - [TRAIN] Loss: 0.4924, Accuracy: 78.85%, AUC: 0.78 - [VAL] Loss: 0.5013, Accuracy: 78.65%, AUC: 0.78
Epoch [83/100] - [TRAIN] Loss: 0.4927, Accuracy: 79.08%, AUC: 0.78 - [VAL] Loss: 0.5008, Accuracy: 78.55%, AUC: 0.78
Epoch [84/100] - [TRAIN] Loss: 0.4920, Accuracy: 79.13%, AUC: 0.78 - [VAL] Loss: 0.5008, Accuracy: 78.58%, AUC: 0.78
Epoch [85/100] - [TRAIN] Loss: 0.4930, Accuracy: 79.04%, AUC: 0.78 - [VAL] Loss: 0.5031, Accuracy: 78.16%, AUC: 0.78
Epoch [86/100] - [TRAIN] Loss: 0.4916, Accuracy: 79.00%, AUC: 0.78 - [VAL] Loss: 0.5007, Accuracy: 78.55%, AUC: 0.78
Epoch [87/100] - [TRAIN] Loss: 0.4904, Accuracy: 79.15%, AUC: 0.78 - [VAL] Loss: 0.5012, Accuracy: 78.39%, AUC: 0.78
Epoch [88/100] - [TRAIN] Loss: 0.4890, Accuracy: 79.04%, AUC: 0.78 - [VAL] Loss: 0.5011, Accuracy: 78.41%, AUC: 0.78
Epoch [89/100] - [TRAIN] Loss: 0.4911, Accuracy: 79.00%, AUC: 0.78 - [VAL] Loss: 0.5010, Accuracy: 78.45%, AUC: 0.78
Epoch [90/100] - [TRAIN] Loss: 0.4906, Accuracy: 79.06%, AUC: 0.78 - [VAL] Loss: 0.5005, Accuracy: 78.65%, AUC: 0.78
Epoch [91/100] - [TRAIN] Loss: 0.4900, Accuracy: 79.05%, AUC: 0.78 - [VAL] Loss: 0.5005, Accuracy: 78.54%, AUC: 0.78
Epoch [92/100] - [TRAIN] Loss: 0.4885, Accuracy: 79.06%, AUC: 0.78 - [VAL] Loss: 0.5005, Accuracy: 78.65%, AUC: 0.78
Epoch [93/100] - [TRAIN] Loss: 0.4912, Accuracy: 79.05%, AUC: 0.78 - [VAL] Loss: 0.5004, Accuracy: 78.65%, AUC: 0.78
Epoch [94/100] - [TRAIN] Loss: 0.4906, Accuracy: 79.09%, AUC: 0.78 - [VAL] Loss: 0.5005, Accuracy: 78.57%, AUC: 0.78
Epoch [95/100] - [TRAIN] Loss: 0.4886, Accuracy: 79.09%, AUC: 0.78 - [VAL] Loss: 0.5022, Accuracy: 78.32%, AUC: 0.78
Epoch [96/100] - [TRAIN] Loss: 0.4877, Accuracy: 79.02%, AUC: 0.78 - [VAL] Loss: 0.5014, Accuracy: 78.58%, AUC: 0.78
Epoch [97/100] - [TRAIN] Loss: 0.4885, Accuracy: 79.01%, AUC: 0.78 - [VAL] Loss: 0.5004, Accuracy: 78.66%, AUC: 0.78
Epoch [98/100] - [TRAIN] Loss: 0.4897, Accuracy: 79.04%, AUC: 0.78 - [VAL] Loss: 0.5011, Accuracy: 78.43%, AUC: 0.78
Epoch [99/100] - [TRAIN] Loss: 0.4885, Accuracy: 79.00%, AUC: 0.78 - [VAL] Loss: 0.5006, Accuracy: 78.51%, AUC: 0.78
Epoch [100/100] - [TRAIN] Loss: 0.4890, Accuracy: 79.01%, AUC: 0.78 - [VAL] Loss: 0.5006, Accuracy: 78.47%, AUC: 0.78
Training finished!
Accuracy Score on test set: 78.65 %
AUC Score on test set: 0.78
Batch FINISHED!!!

Real-time duration: 10350.370574942 seconds
