True Values,Predictions
0.0,4.8566837
0.0,4.8566837
0.0782644,4.8566837
0.00575578,4.8566837
13.9542,4.837567
0.0,4.8566837
0.66091,4.8566837
0.0879039,4.8566837
27.5158,26.09388
122.832,153.81836
15.1356,17.237333
57.7158,69.29159
3.77479,4.6154165
3.17463,4.8566837
9.45517,9.721526
12.3578,13.148917
3.95256,4.8566837
0.0,4.8566837
75.9546,86.87513
0.0,0.3602829
8.49454,9.323583
7.2347,7.2658825
0.0703577,0.15016127
0.0,4.8566837
0.0,3.1568894
38.21,13.911626
0.0,4.8566837
2.06445,10.970102
0.113605,74.22404
24.0097,12.385149
18.2853,9.030813
0.0607464,0.68151927
0.0,5.938424
62.0056,62.136658
0.0503269,-1.7937548
4.79727,4.8566837
16.9263,20.341396
0.042854,-0.13641477
11.7977,13.185168
0.0,4.8566837
16.5368,18.13376
20.7045,11.310957
5.59568,49.754116
0.0,0.18627524
23.1255,25.120604
5.34906,1.8326561
5.52779,10.775434
67.7821,67.962456
6.40323,31.36426
0.0921453,0.05750823
6.73907,7.271571
0.0,4.8566837
0.108294,0.29006648
4.43062,4.849678
0.0,0.1379888
27.5158,26.497889
5.74901,3.1749344
0.0367926,43.819733
0.223818,4.8566837
33.0915,32.434006
2.97393,3.1150098
6.77438,6.90716
0.0,4.8566837
5.20467,4.8913517
0.0362957,-0.10409665
16.8101,19.833853
11.3986,13.458084
0.326888,4.8566837
0.0230882,57.35096
0.0471918,4.8566837
0.0303503,4.8566837
10.3085,10.250017
0.0,4.8566837
0.144784,0.39091277
11.1251,13.056352
0.0,4.8566837
0.0615141,4.8566837
8.98122,8.70804
0.114685,14.492014
0.00805205,0.5941148
77.4792,95.818275
86.9453,96.63511
0.0,0.45311332
0.0,0.47487092
18.4586,25.278282
5.97234,6.44565
0.0,4.8566837
0.0,4.8566837
10.1753,10.6835575
10.6686,12.494041
0.0443369,0.03075695
11.0104,12.413429
13.7455,6.0261736
128.763,142.71956
23.569,27.468763
0.0,0.14173412
0.0,15.148865
0.0149761,-0.22357559
14.7039,0.6353333
12.3578,13.148917
619.796,300.48795
0.0,4.8566837
1.55502,5.899376
1.63821,3.979116
0.0,4.8566837
3.74162,3.451414
5.1564,2.3896096
12.8249,13.0202
0.0,4.8566837
4.0341,4.788624
0.233384,300.48795
0.0,4.8566837
4.40395,11.541525
0.143328,0.5471263
18.8009,22.865763
0.0,4.8566837
0.0,4.8566837
0.0,4.8566837
0.0,4.8566837
131.913,76.14605
5.85859,6.0479717
0.0,4.8566837
0.0,4.8566837
0.0,0.25757384
10.2142,6.4102917
15.332,16.351046
1.56213,4.8566837
185.622,4.8566837
46.8588,56.437157
9.31878,10.014315
12.7752,13.314978
7.79231,7.672476
5.83212,6.0804424
9.4149,9.993778
3.49699,2.2028997
10.0626,10.666953
0.0,4.8566837
1.54364,1.7597811
67.7957,20.458536
5.14796,5.7640657
0.0408511,2.1433525
0.0,0.050685644
229.09,262.51047
0.0,4.8566837
3.78142,4.483105
0.0455359,4.8566837
32.8961,9.654305
2.59898,4.2332063
26.5832,7.6313334
2.15237,10.556873
0.0,4.8566837
1.37625,4.8566837
0.287353,4.8566837
0.0,0.47487092
1.25708,1.7645476
22.6392,25.748137
0.0187744,4.8566837
2.21442,0.2593031
28.4181,28.883867
0.690993,13.714544
0.092315,0.27743626
35.2742,24.986555
21.6219,7.9820414
60.3717,68.85975
1.05603,1.3049018
17.4142,17.679737
0.16686,0.3519082
15.6106,16.48593
0.0264222,4.8566837
0.0,0.21068072
0.0,4.8566837
6.58066,7.075555
0.0,0.12471914
5.77299,6.1718493
0.0,4.8566837
49.0173,49.482918
8.16661,8.869013
0.0,4.8566837
2.93367,11.669968
6.51382,4.4523277
52.0819,56.66715
0.0229089,4.8933287
0.096906,4.8566837
0.0754227,4.8566837
10.2716,3.6910405
1.27446,9.752292
7.88354,7.822447
0.770695,0.40659785
5.02155,7.230358
0.0262705,4.8566837
0.0781199,0.6095638
2.39287,5.841117
1.87517,2.7594213
18.8462,21.704914
0.147257,4.8566837
16.3921,4.8566837
0.0,4.8143272
78.8296,46.75976
12.5145,13.055487
0.0,-0.17687559
0.745192,4.8566837
0.0,4.8566837
6.31848,5.855089
0.0,4.8566837
0.0,4.8566837
29.3384,35.030113
8.76789,0.20867896
28.7411,30.828707
7.88359,7.851533
0.0387366,4.8566837
0.0,4.8566837
0.0,4.931465
0.0,4.1431227
5.75467,5.95823
5.19545,17.356422
1.97158,2.1038547
3.62445,3.7210085
2.69744,1.0292046
15.2823,14.058407
4.74985,5.163702
41.2784,52.236385
41.4786,43.080635
0.0,4.8566837
188.562,13.790474
18.9655,21.231665
9.31878,10.014315
0.0,1.790966
12.3578,13.148917
0.0201047,46.53705
0.0,4.8566837
0.430381,3.1030374
26.5298,1.0904288
0.0,4.8566837
11.5865,27.411638
10.5992,10.941913
3.68977,4.3991213
13.3042,7.7401943
0.0,4.8566837
5.59568,41.300407
3.38696,3.7143323
13.4342,14.067795
0.0,4.8566837
16.7901,32.29315
24.2557,0.18396354
0.0,4.8566837
0.0,14.9226055
0.0,-0.025808096
9.18444,9.575428
0.0,4.8566837
12.3578,13.148917
0.0,4.8781414
0.0,0.021647215
4.42726,6.39223
2.59898,2.7116354
9.8331,12.697044
0.0,4.8566837
18.2676,21.587156
0.0558077,4.8566837
0.207426,4.8566837
32.8704,38.07798
21.3463,22.537851
0.0,4.8566837
197.497,102.33636
5.64259,2.1662955
257.44,142.0573
10.4559,10.737669
6.2425,45.533928
2.56689,3.8356678
13.3117,13.847376
38.7908,43.165195
0.0415987,0.63110304
0.0,4.8566837
0.0,4.8566837
4.74985,5.163702
1.03622,4.8566837
31.889,34.185295
0.0,10.810902
115.716,62.34256
21.3134,5.333104
0.0514485,11.790557
22.5227,24.673384
0.0606786,4.8566837
0.0,4.8566837
12.6291,14.051894
0.0177207,4.8566837
0.116024,0.8971162
0.0,0.42842722
0.0151055,4.8566837
5.16818,5.459592
6.5387,28.03437
0.0426607,4.8566837
15.4143,5.0051856
0.0339202,4.8566837
11.9164,3.1568894
0.0,2.6611927
11.8502,3.859647
12.5945,5.553773
0.0,4.8566837
0.0,4.8566837
0.0,4.8566837
0.0672646,4.8566837
4.64645,5.4342985
0.186552,0.3092518
0.223349,0.34593654
0.144784,0.39091277
0.0,35.82485
2.34811,14.260654
0.0129911,4.8566837
0.0,8.059584
16.0374,0.69357777
0.0,2.0095878
8.203,8.636429
0.132043,4.8566837
26.7264,43.424686
0.0,4.8566837
1.46693,7.2543135
23.5057,25.691618
36.5753,44.361095
11.2349,11.568139
16.4925,18.5343
0.0,0.33881664
0.0,0.3182335
51.2472,61.71302
0.0,4.8566837
19.6539,21.404207
6.87894,7.271903
30.4823,14.9226055
4.70154,10.885075
9.31878,10.014315
1.68702,12.375084
0.355747,0.6038408
23.6547,21.405754
14.8266,15.476001
0.0752463,4.8566837
0.0,5.731039
0.0,4.8566837
76.4643,65.483475
11.6645,11.9428
7.14585,4.8566837
0.0190806,0.4471197
0.0648146,0.27438354
18.9655,21.231665
77.0235,87.16328
0.202952,0.17782664
0.192117,4.8566837
0.106015,1.0387743
8.80649,8.375261
9.36233,3.2521951
0.0,4.8566837
0.598492,13.02319
3.08732,4.8566837
10.5992,10.941913
14.8348,8.12381
0.0285535,-0.10766053
1.26098,2.782336
2.28143,51.67359
0.0,4.8566837
0.0109604,4.8566837
0.0,53.520844
6.75583,7.9456615
13.3761,23.000782
0.0541491,4.8566837
0.483763,10.164336
10.6954,12.078433
0.0,4.8566837
0.0,4.8566837
0.0349605,6.5208416
8.54713,24.975496
8.30396,9.038848
13.9482,63.6483
8.7999,8.636836
9.95179,10.568497
20.328,11.346584
0.0,4.8566837
9.36233,3.2521951
0.269299,0.44660783
7.56243,4.9539576
0.0,4.8566837
0.23815,4.8566837
12.4414,13.43975
0.0315748,-0.16074324
0.730467,7.368451
0.0601238,4.8566837
6.28842,5.611575
14.8266,15.476001
0.0412964,0.82053137
8.57879,10.089748
0.163484,4.8566837
5.26338,3.9616249
0.36302,0.37147617
0.268727,4.8566837
11.9358,13.307661
0.49207,0.06813574
6.00461,5.691828
0.287353,4.8566837
0.276187,0.22237372
0.0320994,0.22693563
0.0582332,4.8566837
0.138989,0.045474768
0.0,0.40499973
0.0,4.8566837
1.13553,13.85677
1.06258,1.3485703
15.8812,18.432173
0.025486,3.43334
0.0,4.8566837
21.5912,20.70069
0.0303929,0.54155016
0.0,4.8566837
21.4343,10.983617
0.0,7.249527
0.0,0.18627524
23.5049,11.817104
9.40875,18.42424
0.663635,0.6008525
11.1051,7.6506224
7.32356,6.754055
0.0,4.8566837
1.84488,9.960146
6.70053,6.6256285
26.9294,25.841246
0.0394935,4.8566837
29.9351,29.034327
0.0183687,1.0576642
20.3765,6.6690655
0.0,4.8566837
10.4316,4.8566837
1.31195,4.8566837
60.3985,70.241295
2.66844,2.4808898
34.254,9.862732
0.0,-0.25021958
0.0,4.8566837
0.211532,4.8566837
12.0457,12.709533
3.42946,3.8989887
7.09675,10.269676
0.465225,0.5988493
0.0,4.8566837
5.52068,5.978548
0.0,4.8566837
16.1449,17.471405
42.7111,49.305725
0.0916607,2.0590448
28.7819,33.622902
18.0724,19.31154
0.94857,0.06789303
0.0,7.249527
0.0,4.8566837
5.52779,10.775434
1.54364,1.7597811
15.1751,6.7778015
3.8263,3.2075367
16.2454,18.249048
3.92803,8.861816
0.0,4.8566837
0.0,4.8566837
0.0,4.8566837
0.02025,4.8566837
0.571642,0.7061188
0.571642,4.8566837
7.59372,2.0229754
0.0,4.8566837
0.0683726,-0.037055016
0.0,0.76391697
0.0,4.8566837
1.15824,1.1491458
119.268,4.8566837
4.03114,4.1638746
3.8158,4.0358515
2.87896,3.2144268
43.9186,55.2541
7.39603,8.146403
0.0,4.8566837
0.0,2.6189532
31.889,34.185295
40.2252,46.243263
22.6272,21.577261
0.699727,13.992594
0.0,24.417212
0.0,4.8566837
13.2992,15.598097
0.10356,58.74369
0.301423,5.0051856
2.39114,2.8673043
0.181382,60.682953
0.240296,4.8566837
3.567,4.055519
0.0,4.8566837
1160.7,1043.3157
0.0,4.8566837
11.6645,11.9428
0.0,4.8566837
0.571642,0.7061188
71.0243,89.42919
53.7064,64.67248
0.205377,0.16064191
0.0,4.8566837
0.0324436,4.8566837
59.9702,77.3527
0.0,4.8566837
10.0159,9.368169
1.51571,1.6735079
0.0,14.833202
0.0844384,4.8566837
0.242381,0.6715529
0.0930278,4.8239937
7.75683,8.409401
0.0148986,4.8566837
1.66884,25.380217
0.0733279,4.8566837
0.150812,4.8566837
7.03447,7.212695
13.4342,14.067795
7.13458,7.3820124
0.0,4.8566837
0.0455585,4.8566837
3.93245,4.299712
0.0,4.8566837
1.78478,1.7320693
0.0,0.5779686
0.0,4.8566837
0.0,0.1281867
42.7111,49.305725
795.558,13.877808
27.8933,29.976143
3.53838,27.376333
0.0,4.8566837
53.941,62.660553
3.90281,1.8485641
154.968,187.64372
19.9297,23.57791
0.0,4.8566837
44.9807,46.468708
0.0,10.470619
4.95834,5.427643
0.0310379,4.8566837
0.0190806,0.4471197
9.01874,0.860111
4.1077,5.0475492
17.9272,29.424496
0.0,4.8566837
4.48371,4.8566837
0.086773,4.872633
0.443035,6.09361
0.365597,9.053485
8.26953,9.006361
0.0,14.458493
3.10796,29.214678
4.49545,16.588835
17.243,5.2714024
0.0,0.51609063
0.0978433,4.8566837
6.73429,6.850069
31.889,34.185295
17.4093,2.9964511
9.41273,10.667986
2.29465,11.543455
12.3578,13.148917
35.6083,39.321457
0.0,4.8566837
24.0658,26.228388
3.14507,18.634727
0.250134,4.8566837
158.563,180.5674
7.70166,7.563081
185.622,4.8566837
0.0,0.5152135
1.63159,4.8566837
0.0,0.06610799
88.4875,4.8566837
3.95256,3.6457527
7.51521,38.266754
0.095025,0.23018622
137.862,168.41634
19.4241,22.657553
0.0,4.8566837
0.0585232,4.112823
238.224,10.869859
6.33957,6.670088
19.1256,18.819372
13.4342,14.067795
5.39411,6.553546
16.1817,16.147072
0.0390588,4.8566837
12.3578,13.148917
0.0,4.8566837
0.0,0.10540199
0.0972054,4.8566837
8.42446,8.925864
0.125719,0.06610799
0.0,19.804647
0.0,7.1064014
4.92908,5.2514486
10.7948,11.072431
52.0819,56.66715
4.6505,5.1921825
11.6269,11.7436905
0.0478645,0.069907665
39.5207,47.655872
2.2972,6.928116
0.0933876,0.23260403
0.0,4.8566837
3.93496,4.0352077
0.147257,4.8566837
0.631495,4.0743237
4.74741,5.2549915
0.0,4.8566837
0.0,0.3280108
6.78017,8.5174265
9.18391,16.038942
20.9778,21.075485
0.0,0.111665726
11.6645,11.9428
1.58686,6.802454
0.0,0.23039508
0.0301525,0.15539813
0.825871,16.217165
11.0111,10.654024
0.0,4.8566837
0.0385982,4.8566837
2.02248,0.47487092
6.4931,6.816679
7.94747,7.9972124
164.459,186.68938
30.345,36.1662
1.14478,1.265573
1.24121,4.8566837
5.09374,15.022507
13.5696,3.7691953
0.0309695,1.4611113
91.3823,110.98661
1.60828,1.8595507
0.0,0.04668045
14.4902,16.573143
0.0,4.8566837
4.99855,4.9162436
0.0572685,4.8566837
0.249562,0.50931835
0.0,4.8566837
0.0,3.5965605
5.84351,6.9270964
0.0124043,10.684761
53.5033,60.823097
0.994498,38.183228
0.0,4.8566837
0.080121,4.8566837
0.0,4.8566837
3.32396,3.3803086
1.3833,8.273995
12.3842,4.65426
0.0,6.263584
14.3224,18.86429
0.0,4.8566837
0.430817,13.977143
0.0,4.8566837
0.0,35.78386
10.1699,10.621147
0.0256138,0.38000727
0.038988,5.4593573
8.4727,10.115168
14.7874,64.85902
12.3135,9.705928
1.96863,2.0283523
2.95128,1.7021961
3.17463,4.8566837
5.33753,5.3716626
17.243,5.2714024
8.8137,2.8282022
0.0,4.8566837
0.0,4.8566837
0.0,4.8566837
0.0,19.094358
3.84675,2.6617532
0.0,4.8566837
0.0342283,4.8566837
10.9407,11.417952
18.3232,26.655203
0.368738,4.8566837
13.1349,13.368748
4.91134,6.1304007
9.57138,14.090571
0.0,2.782336
0.284313,4.8566837
0.0916382,18.683687
157.205,69.87295
0.0408511,2.1433525
14.8348,8.12381
0.0,4.8566837
0.0,4.8566837
0.0,2.3896096
0.0423201,0.5171616
0.153789,4.8566837
0.0513269,56.62792
19.5016,20.90298
7.93916,8.388161
0.274148,1.8541946
0.0,4.8566837
1.06258,1.3485703
0.0,0.37163734
25.1705,28.258047
0.0546641,4.8566837
72.1933,2.2285445
0.31996,1.3866847
125.393,66.067795
0.0,4.8566837
0.0,0.55833673
0.316666,4.8566837
22.4628,4.8566837
17.5554,66.74557
0.160974,12.780966
0.0,4.8566837
0.0471679,4.8566837
2.84066,3.739849
3.68317,1.4611113
0.0,4.8566837
0.127807,4.8566837
6.33662,6.7036963
6.75941,22.339823
6.58066,7.075555
0.0,4.8566837
3.0564,4.0313087
1.1717,7.8794107
6.18583,6.412548
28.3844,26.723467
0.444659,4.8566837
0.368738,3.9610367
11.6645,11.9428
0.120171,5.66004
0.196355,1.9289083
1.14724,88.22138
75.4154,39.866688
4.87503,10.294974
0.0,4.8566837
3.44301,19.196825
0.138812,4.8566837
0.0,4.8566837
0.119957,2.866798
110.799,80.99625
0.02025,4.8566837
0.0139834,4.8566837
0.0594986,4.8566837
0.0,0.5362029
0.030774,0.37396026
13.3781,13.290603
19.7884,35.38308
5.39411,5.756133
4.16915,91.80787
0.0412964,-3.8252375
10.0255,4.103045
0.133885,4.8566837
158.563,180.5674
37.3936,9.3260565
0.0,4.8831997
5.43982,7.9048576
15.7833,-1.1553962
4.06206,3.4418263
3.01746,29.344204
0.0,4.879989
213.647,263.94766
0.0734236,1.1193163
0.0,4.8566837
26.7938,29.221478
0.0,4.8566837
0.0261162,-0.16732287
101.91,111.79792
13.1239,14.104409
5.3585,5.2802744
0.702268,-0.26354337
0.0,4.865308
1.70305,4.8566837
0.302419,4.8566837
0.100968,8.9964485
0.0,4.8566837
0.364178,21.091722
0.289861,0.40197968
2.22872,2.3804688
14.9777,15.42391
0.0,4.8566837
9.97045,176.2819
0.493416,4.5568485
0.044921,0.9004376
0.0,-0.022717476
47.5839,48.475883
0.0,4.8566837
5.75467,5.95823
15.9221,16.425434
0.0,4.8566837
0.0,4.8566837
4.21751,4.524046
35.4133,40.879303
20.7139,19.741213
0.318955,0.6890042
0.217464,1.3496306
0.0,0.4505818
132.356,154.74461
0.0739612,4.080084
5.75256,6.1317587
0.0,4.8566837
1.06258,1.3485703
0.0634393,0.50012183
0.0,4.8566837
0.0,4.8566837
8.98008,9.129857
0.0,0.3280108
4.27029,4.51101
15.6481,16.957449
3.04662,2.923135
12.5184,12.913078
6.58449,4.8566837
11.0266,4.632613
23.8569,27.642204
8.74897,8.830369
2.70275,37.69954
15.7891,16.062576
238.224,274.59384
0.0,19.162926
0.0552115,38.44886
0.277669,5.1282463
0.0,0.2353208
7.67185,7.0897636
72.0507,69.722496
14.6555,3.8787744
0.0466107,27.172594
37.053,36.268993
22.1832,10.777651
19.4241,22.657553
0.0,4.8566837
0.546353,4.8566837
0.0,4.8566837
0.394956,5.001643
38.704,44.115665
0.0,4.8566837
0.0,0.111665726
0.081201,-0.017951965
74.3385,81.497
0.0,4.8566837
6.82818,9.344559
397.601,229.2105
7.93361,8.276156
0.0,4.8566837
13.5817,32.941868
8.30447,5.4789724
0.0,4.8566837
0.0,4.8566837
0.0613384,54.451897
0.536926,0.86479664
0.0,4.8566837
0.0,2.2028997
0.0,0.94389033
6.32027,6.3978596
0.220335,48.27304
5.39411,5.756133
21.3463,22.537851
9.70645,-0.010614157
60.9116,70.69161
0.0219642,4.5964394
0.528339,5.814685
4.29189,4.823107
0.0261254,4.8566837
0.0,4.8566837
0.0,4.8566837
0.0391943,4.8566837
0.0,0.4863639
7.56916,3.9610367
1.83753,15.991273
0.0,4.8566837
0.00379472,4.1705036
0.641061,4.8566837
18.0396,24.764372
24.4512,15.085796
1.53993,78.51455
0.0100148,4.8566837
7.84897,23.818201
15.4143,5.0051856
0.0,4.8566837
8.46153,13.286955
5.78663,6.029257
0.030252,4.6438074
0.0,4.8566837
1.51667,1.3508606
0.0,4.8566837
0.0439948,4.8566837
74.3385,89.022194
9.4149,9.993778
2.70478,2.154253
12.766,13.123983
1.32143,6.787731
61.7468,48.58882
3.51916,12.498208
3.21659,11.171203
0.229703,28.932787
8.44341,4.369358
2.54224,3.117817
0.0,4.8566837
2.58962,12.018495
0.0272644,0.19233537
12.3578,13.148917
0.0,4.8566837
19.3196,23.717949
0.0,1.8334
63.9287,53.023277
0.0973819,4.8566837
0.026162,10.168278
0.0319017,0.6071284
0.0,4.8566837
5.59409,4.8566837
0.0,4.8566837
20.3765,7.249527
32.2659,38.754517
0.442296,10.373929
0.0,3.2567394
89.741,116.73589
6.54572,7.347904
2.49685,229.2105
0.0180422,3.6568506
8.17468,17.41277
8.18264,59.207397
103.289,113.11584
3.12215,3.4174232
4.34034,4.689167
26.1965,29.437435
4.85574,4.9219666
0.127069,19.099123
0.0,4.8566837
0.0,4.8377695
7.47546,8.654139
0.330019,4.8566837
20.9778,21.075485
0.0,4.8566837
0.0,0.7927182
49.0936,52.556553
0.0,4.8566837
0.0118156,4.8566837
0.0,4.8566837
0.0538038,0.43872714
0.0,0.19500113
15.3148,13.666528
4.85685,5.147638
12.9352,14.645377
23.6901,26.532804
0.473766,13.160412
47.556,16.163937
0.0,4.8566837
0.0126912,4.8566837
0.0,5.8948727
3.40206,3.2735171
0.0,4.8566837
0.053634,4.8566837
0.0,4.8566837
11.754,167.38014
0.0,4.005537
7.14585,7.5880413
30.3562,10.27773
18.0819,7.0142603
5.41516,5.9664717
18.7132,20.123621
8.83965,73.57081
0.0,0.06610799
0.0,4.8566837
27.4685,21.252403
9.66222,951.3709
0.530209,0.5683458
0.0,4.8566837
12.0114,12.3479
50.0068,16.382902
0.0,4.8566837
0.0,4.8566837
0.0,0.057890177
41.0927,12.840582
0.0,23.193987
0.0,5.6893883
1.08083,16.916613
6.32027,6.3978596
41.4786,43.080635
0.0,7.2196493
0.0215975,1.8485641
3.39243,10.953878
13.8882,13.682055
0.0,2.782336
4.74985,5.163702
0.0,8.660919
12.6946,65.05434
26.9829,29.93737
0.0,4.062127
0.0,4.8566837
16.961,19.208057
0.0506962,4.8566837
3.7689,4.5710974
11.9358,13.307661
5.52068,5.978548
0.926497,1.1410539
0.00596473,4.8566837
0.0,4.8566837
29.1625,32.692467
13.3136,14.437218
0.0,4.8566837
26.9925,33.195282
3.90281,1.8485641
13.2992,15.598097
0.079933,309.85107
0.341669,0.4840858
0.0,0.07280946
0.336746,44.731598
9.42113,10.12453
0.0,4.8566837
2.47703,4.8566837
0.086773,0.253891
71.0243,89.42919
1.59969,1.6505442
200.795,204.34871
0.242017,0.7872257
0.542523,7.890066
8.36011,8.052484
86.3551,90.77294
22.2234,91.88755
45.7714,48.799713
89.6832,99.89498
0.52848,7.1693
0.0,3.5685081
89.6832,99.89498
2.81398,2.7287858
26.0107,27.949347
4.88202,5.4622765
0.0170036,8.369411
0.411317,0.65487385
26.9514,31.2024
0.0522609,4.8566837
60.3458,59.577766
26.4642,12.150353
0.0,4.8566837
0.0,7.7632723
14.298,6.4662666
1.45222,4.8566837
8.74577,9.226991
0.0,4.8566837
28.3842,26.787336
7.13458,7.3820124
0.0227304,0.29170215
1.52858,4.8566837
0.756573,4.8566837
4.29189,4.823107
8.37909,50.537056
1.03649,103.325676
0.0398024,0.23449779
13.3234,30.148836
6.52047,7.146593
92.574,8.057844
0.136691,0.08621025
6.83028,2.152462
13.9017,10.969736
14.8348,8.12381
1.47888,5.2714024
5.35623,6.1835747
0.430381,3.1030374
24.6137,7.1628
0.104821,0.6890042
0.0189819,4.8566837
74.3385,81.497
397.601,229.2105
7.76978,6.4102917
1.27008,1.1868014
4.68474,5.504528
0.0631601,55.33744
21.9927,24.195234
0.0,0.111665726
11.5285,11.920683
0.0,4.8566837
23.5057,27.752672
29.2481,99.97265
0.118235,4.8566837
9.18444,9.575428
204.063,265.7512
0.0209403,4.8566837
55.2517,70.31471
1.18369,1.8546255
15.8452,24.939932
6.87519,7.1171637
0.217464,1.8082659
18.2872,9.478374
0.0,4.8566837
0.243547,4.8566837
0.0,4.8566837
12.3692,13.196636
115.716,62.34256
7.45222,8.361967
3.34477,37.137157
0.0,4.8566837
0.626267,4.8566837
0.0483388,4.8566837
0.00691066,4.8566837
16.8672,306.10886
0.0,4.8566837
3.85496,4.900152
0.0,4.8566837
0.104833,6.300969
1.53964,4.8566837
96.5523,113.474945
0.0,4.8566837
120.835,142.57597
2.5831,8.091555
0.0,4.8566837
11.3911,11.865977
3.6885,77.988335
0.0429134,4.267043
43.8842,30.862381
0.288072,0.5502796
0.0,4.8566837
1.06258,1.3485703
0.0705002,2.3870704
6.58066,7.075555
0.132446,4.8566837
38.5095,30.341656
0.0503724,1.2169836
1.99183,2.8053715
0.0,-0.14890075
0.0,4.8566837
0.0157039,0.065906525
11.0104,12.413429
0.0,3.1890776
0.0,4.8566837
8.78718,8.987149
0.149628,4.8566837
6.71538,14.657249
0.0,4.8566837
1.96747,8.481649
5.10486,5.2811804
0.0365421,5.7536783
7.67293,287.88843
0.051393,7.249527
6.72896,8.618287
0.0750536,2.1540475
0.0443425,44.580616
0.0,4.8566837
0.0,4.8566837
6.91316,40.990463
0.0840941,15.867149
0.0289529,4.8566837
3.81662,3.9056642
0.008585,4.8566837
0.0362889,4.8566837
17.6696,18.281578
0.0,0.19877863
6.28842,5.611575
0.0,4.8566837
3.24636,2.9926777
0.41119,4.8566837
37.1884,40.550037
19.3196,23.717949
0.0,-0.067643166
9.75266,11.222699
4.08312,4.9294043
0.166845,75.29815
0.299778,7.375533
4.14783,4.2706156
0.0178473,4.8566837
0.113443,4.8566837
5.78663,6.029257
3.30022,3.4453154
0.13315,0.55246997
0.0,4.8566837
5.20674,6.8389254
28.6632,4.8566837
1.22072,4.8566837
0.0361485,4.8566837
2.74767,40.8388
19.6435,20.945423
0.042854,4.8566837
19.6543,46.979225
0.775302,4.8566837
0.224466,4.8566837
0.0,4.8566837
0.00808029,0.11433101
37.2758,47.577614
0.0252895,4.8566837
0.0585681,4.8566837
1.18146,1.1868014
0.0,4.8566837
0.222996,0.5037267
0.0394029,0.10742116
24.6137,7.1628
22.9447,27.79553
0.0,13.874487
0.0,0.13059878
0.0329641,4.8566837
0.458915,4.8566837
8.24252,8.68864
19.633,22.437424
0.0,4.8566837
12.3578,13.148917
47.3053,6.7025414
4.0694,5.5412693
0.143577,4.8566837
100.959,112.42006
0.0,4.869831
0.0,4.8566837
5.78663,6.029257
4.75134,0.55499053
3.42381,2.950243
0.0154189,0.55246997
0.0,4.8566837
4.85285,5.2347193
9.51941,11.046768
9.4149,9.993778
9.77896,-0.4528997
0.0,3.1568894
30.4658,41.134308
0.0268512,0.6381545
8.49454,9.323583
3.02521,3.530551
0.0578393,0.030404806
0.0228675,4.8566837
0.0,4.8566837
0.0,0.22381186
2.08647,1.9686345
0.0,2.782336
0.0,4.8566837
21.4696,24.466742
5.06259,0.42505836
0.0,0.25344706
74.3385,89.022194
65.702,73.61378
0.0,4.8566837
0.0,-0.037055016
0.0,16.163937
1.42276,9.399614
0.00557245,0.11588073
0.56614,1.481664
10.5573,11.164912
24.1472,6.799755
0.138812,4.8566837
0.0272436,4.92707
0.0,6.2063437
22.6392,25.748137
0.0,0.111665726
0.365548,0.60037494
0.0,4.8566837
18.3977,8.256283
97.6646,109.670555
1.39755,1.0830104
0.0231969,4.8566837
9.68664,10.402142
6.56271,4.8566837
0.0,4.1431227
23.6853,25.874926
0.0074001,4.8566837
5.87127,3.7401233
0.0,4.8566837
0.0,4.8566837
4.25339,5.291581
3.49699,2.2686162
9.26417,10.03565
21.9853,0.38049674
0.119921,-1.3278143
30.1359,40.930134
0.0,4.8566837
0.0,12.092976
0.0,4.8566837
0.0169503,4.8566837
8.45355,3.9910772
25.6931,34.195194
23.9789,12.340939
0.528457,-1.1553962
738.118,818.02203
0.0,4.8566837
0.0,4.8566837
0.0403582,0.37380838
0.0283879,4.9207783
0.0,4.8566837
2.93284,3.3981757
12.0159,10.945965
0.00855462,4.9061704
12.7354,13.278662
12.6854,13.552587
162.718,91.80787
0.0498663,0.31957054
0.0,4.8566837
0.183,4.8566837
0.66808,1.6505133
10.6699,11.309048
1.74905,0.37237167
6.72939,17.382221
0.0257964,0.15958881
5.72321,34.9595
1.27604,7.6506224
0.102775,4.0701904
0.0,4.8566837
9.33881,9.961366
0.150147,44.580616
30.7603,12.133734
120.835,142.57597
6.08398,6.7073708
0.0318162,-0.22267032
0.0,0.111665726
0.0,-0.028168201
0.0134073,0.3308196
0.873785,4.8566837
0.0304709,0.10192084
0.02025,4.8566837
0.0730475,6.1217165
0.0,9.478374
0.0,12.794329
14.8348,7.4552298
0.318955,0.6890042
3.39633,2.441461
48.8198,4.8566837
26.5832,7.6313334
0.489212,0.13671279
15.1356,4.8566837
43.6408,25.458212
14.8373,19.175581
13.176,14.678697
0.0755944,0.20868373
18.1224,19.466864
0.0,4.8566837
0.835289,7.4552298
7.70336,4786.642
1231.18,1118.5333
8.49454,9.323583
5.00721,6.612235
21.088,22.541319
0.0,4.8566837
0.014625,4.8566837
0.398911,2.629919
0.0,0.13705993
0.0,4.8566837
24.9477,28.00031
0.0194222,4.8566837
0.430817,0.19430399
0.835289,8.12381
0.0,4.8566837
7.05002,7.39585
48.6082,17.007095
0.0783148,13.778061
32.2509,39.670822
0.0,4.8566837
0.571642,0.7061188
17.383,17.948362
0.0,0.35096645
0.148608,20.137291
7.33825,7.8069563
39.8775,39.596066
39.8526,48.407833
89.6832,99.89498
21.7924,27.122229
4.39582,1.8334
0.0157039,0.065906525
0.0,-0.014880657
0.0,4.8566837
0.0,4.8566837
21.069,14.906168
4.74609,5.077884
21.1507,20.188261
211.163,229.99657
14.4858,4.9514623
16.9792,0.13059878
9.31878,9.386761
10.5063,11.327765
2.24424,2.4347787
0.0946048,18.302273
0.0385982,4.8566837
0.697837,4.8566837
2.81891,2.8230715
0.0396249,0.25366807
7.93361,8.276156
11.613,13.235316
183.352,228.40782
59.8603,69.00692
0.0,0.10743666
0.547939,4.8566837
0.0,10.128634
20.2579,24.77574
0.0,4.8566837
0.0995542,4.8566837
0.0,5.798155
4.1897,3.8638945
37.1707,2.5136127
0.0,4.8566837
5.84351,6.9270964
0.0,4.8566837
14.1155,15.139936
127.197,135.18813
8.51378,8.786568
0.0,4.8566837
3.08732,4.8566837
4.1624,4.671032
24.5695,26.774214
30.8985,38.96291
7.18879,3.7656045
17.8586,19.561983
0.0,4.8566837
0.0404362,4.8566837
8.4627,3.402545
89.741,5.678625
0.362855,4.8566837
0.0757449,4.8566837
0.0,4.8566837
41.6039,46.930405
6.43976,7.2502146
0.0,4.8566837
4.68474,5.504528
0.713643,7.3299294
13.4667,12.900237
0.0215975,1.8485641
127.197,122.82642
0.0324436,4.8566837
70.6104,37.7099
3.95929,12.291414
68.4984,4.8566837
0.0,4.8566837
0.0,4.8566837
0.0,4.8566837
0.0630775,0.28349066
39.5927,42.910297
0.0,0.23039508
0.0145336,0.23546886
138.915,155.91638
0.0,4.8566837
0.0,4.8566837
4.08251,4.256359
0.0,1.748107
0.0484491,0.3485322
10.5708,11.102416
0.0,10.842541
0.0392231,6.5394564
0.38795,4.8566837
216.012,258.81772
0.00540989,4.8566837
6.68128,6.9278603
0.0,4.8566837
0.0,4.8566837
0.469032,6.163519
0.0,4.923706
2.36245,2.623506
0.0,4.8566837
0.423672,13.8510275
0.0734416,0.35305882
4.06891,4.2644773
31.8821,37.36007
0.0231081,-0.23689151
3.84675,2.6617532
3.2944,3.6034908
5.39411,6.669079
0.0,4.8566837
5.02841,1.4514351
0.0,4.8566837
7.25476,7.8526697
8.20827,16.15934
0.0,0.38495803
0.0,4.8566837
0.0479832,4.8566837
10.5758,39.174606
20.6422,10.472545
0.969841,0.39543104
0.0,4.8566837
7.18879,2.7343702
0.231526,4.8566837
0.0,4.8566837
28.6632,4.8566837
26.1965,28.959568
0.0,4.8566837
3.39633,1.5727346
28.7411,32.21133
0.0,4.8566837
5.24507,5.6877613
21.2036,22.944723
1.05183,1.700609
0.0,4.8566837
0.0,4.8566837
0.0,4.8566837
43.0485,19.435331
0.45884,4.8566837
0.026868,4.8566837
2.15402,2.2111144
1236.7,14.13374
0.229093,0.6848662
3.13777,2.285934
0.0,0.549711
0.0,0.22185588
0.0,4.8566837
1.86054,8.653458
20.6152,21.418512
0.0,4.8566837
4.06891,4.2644773
1.5047,1.9096749
0.00959419,4.8566837
9.4149,9.993778
0.620218,1.8087821
0.564027,33.245148
71.1906,175.41571
10.4744,10.745501
0.0,4.8566837
0.609691,15.085796
44.7779,37.104362
7.51723,7.458275
13.1864,6.0936146
0.0,4.8566837
0.0629288,4.8566837
4.64645,5.4342985
0.0,4.8566837
0.0,-0.09327102
3.09294,55.29225
2.7029,1.099088
0.0,4.8566837
0.0,4.8566837
0.0,4.8566837
0.0114788,4.8566837
0.0,4.8566837
5.86462,5.642733
32.7782,17.948984
63.3801,79.37226
0.0,4.8566837
0.245194,4.92649
0.0,-0.088697195
13.5943,14.833202
0.314102,4.8566837
24.1317,25.089487
123.679,147.40114
12.996,13.580406
8.90259,9.438943
21.9927,24.195234
5.73474,5.8602257
0.0,4.8566837
0.123251,11.60495
0.100433,12.378052
0.0,4.8566837
0.0735366,4.8566837
3.8263,4.0297074
2.26945,2.741539
0.0,13.385104
16.2677,10.024624
59.4852,77.56191
0.0,0.093910456
0.0,0.61053586
1.67707,2.558423
23.3344,13.866869
45.1169,0.80833316
3.298,3.9742305
106.185,117.7517
129.109,17.003607
0.0,0.36091018
0.337211,4.8566837
21.9927,24.195234
17.4509,18.330761
23.8795,26.53604
0.0,4.8566837
0.0,4.8566837
410.978,4.1493607
0.0,4.8566837
4.06813,9.044232
6.3395,14.317924
0.027453,0.097875595
33.4083,39.724884
0.685917,1.3839359
10.5788,45.444817
23.569,27.468763
48.1896,0.4299848
0.0743354,41.644684
8.71047,9.438548
0.0,0.25553703
6.18577,6.683341
0.0334164,4.8566837
0.0,40.017906
26.1025,31.187662
20.6152,21.604668
23.5057,25.691618
0.0709231,5.3157845
0.0,4.8566837
4.26125,4.8566837
115.716,62.34256
0.0,0.111665726
1.22844,1.7351987
1.46424,2.0429373
0.0,4.8566837
29.2481,39.288124
0.0,7.505348
0.0,4.8566837
4.26295,23.555681
15.4143,5.0051856
21.5036,121.89254
0.0538135,15.102237
0.0,4.8566837
27.1802,31.164524
1.18369,1.8546255
0.0,-0.013282061
0.0,4.8566837
0.0,0.3358991
0.0616941,4.8566837
18.9373,5.514825
0.0246216,4.8566837
0.0,0.3182335
158.563,180.5674
0.112294,4.8566837
0.0859006,4.8566837
0.123544,35.3658
0.0129563,0.29096866
0.0,4.8566837
0.0,4.8566837
0.0,7.604189
0.0,7.249527
7.81582,8.325723
0.0,4.8566837
0.0,4.8566837
1.80422,32.924637
12.7565,14.156174
0.0,-0.23024106
0.19791,4.8566837
19.0954,22.979513
3.46179,4.8566837
0.123353,4.8566837
23.5057,27.752672
0.808567,4.8566837
6.32027,6.3978596
0.0,3.6733792
0.0,2.4106748
2.09327,2.0840611
4.53858,65.50633
2.28143,51.67359
11.566,11.9072695
10.7303,11.137013
0.0,4.8566837
1.83466,1.7572653
58.1287,62.74858
0.0475146,0.10606742
0.0,21.97661
10.6178,11.437787
0.0,0.111665726
8.51378,8.786568
0.0,4.8566837
6.46963,4.8566837
10.5478,23.601019
5.39411,6.500372
45.9377,49.541794
0.0205246,2.8424168
0.0,4.8566837
0.0239739,4.8566837
2.56798,2.6757312
0.0,4.8566837
19.0873,20.94771
16.8101,19.833853
6.94836,7.6192265
0.463098,33.116993
29.9857,2.2336686
85.9824,17.005535
126.529,153.29561
43.7037,21.17584
0.40315,0.20121479
0.0,4.8566837
13.1672,6.1217165
0.0,4.8566837
0.0887828,4.8566837
9.11898,10.443961
12.3578,13.148917
0.0,4.8566837
0.0,4.8566837
25.1973,2.5402906
0.0,4.8566837
0.0,4.8566837
6.66568,6.912842
0.0,4.8566837
9.03346,9.427819
48.1875,50.320194
24.7055,25.895224
1.83141,4.6036243
305.136,331.45612
22.0206,24.416025
1.06308,1.0034118
3.93496,4.0352077
37.053,8.819019
28.8132,36.80677
0.0,4.8566837
0.136849,0.32167363
0.0742279,4.8566837
3.62445,3.7210085
0.0283879,0.30867958
60.5572,64.99036
7.75804,7.0897636
7.70401,4.8566837
3.1273,3.1349347
0.0329041,4.8566837
33.1188,38.608143
8.46153,13.286955
0.0,4.8566837
5.64726,24.802471
0.262684,9.514932
8.99935,5.3809037
8.65413,1.6421134
5.02841,1.4514351
0.0,4.8566837
13.3117,13.847376
0.674076,74.37737
0.0,7.6577387
0.0,4.8566837
78.4003,80.637596
2.8793,2.545924
49.2648,54.936066
24.2557,0.18396354
16.075,11.4350395
0.051393,5.798155
0.0,0.20480514
0.0672117,13.711088
0.0,4.8566837
0.208153,4.8566837
0.353558,4.8566837
0.0214133,4.8566837
0.0,4.8566837
5.32064,4.294073
21.6437,117.9049
0.0112561,3.8134952
20.7403,4.8566837
12.6712,13.066491
12.9084,5.954525
0.0260902,0.041317463
44.7525,49.146168
11.5815,12.045375
52.3091,55.187447
1.38387,1.473844
42.4572,54.714447
0.0101273,4.8566837
0.0,2.801363
0.0,0.34780097
279.087,194.17613
12.3578,13.148917
0.0,4.8566837
0.0,4.8566837
7.67185,7.0897636
0.0,3.8454683
8.35015,8.76868
9.87826,10.161339
0.0,4.8566837
10.1609,10.989557
0.0637817,4.8566837
0.0,4.8566837
0.0,4.8566837
22.1205,4.075018
0.00472057,4.8566837
23.569,27.468763
7.78391,8.089847
0.0,4.8717127
4.61561,10.957098
50.0979,58.400723
0.136463,0.4217484
0.789675,1.825561
202.176,113.76379
8.74772,9.919169
26.9514,31.2024
2.91784,3.1862152
0.0,4.8566837
0.0813706,0.75552917
66.9768,68.395836
36.7233,40.447243
13.8431,14.521889
0.890344,0.79247594
4.88125,6.739626
0.0,4.8566837
19.747,38.725906
0.0,0.3602829
6.77438,6.90716
0.0,4.8566837
0.00837214,-1.2410271
0.0,4.8566837
0.0198062,9.470032
0.0,0.8683245
181.385,44.580616
26.1965,28.959568
30.2705,37.883354
8.36754,8.387047
5.0881,3.0904448
12.3076,12.468419
14.9508,17.801487
0.0,4.8566837
0.0,0.049073458
0.0,4.8566837
194.475,219.00722
5.54151,1.748107
16.6061,16.716516
2.59898,2.7116354
0.0,4.8566837
0.0,4.8566837
0.0,4.8566837
0.0309796,0.32891548
8.7999,8.636836
0.0,102.33636
0.0217105,4.8566837
0.0219642,6.728957
0.0,0.4505818
0.0187744,4.8566837
0.0,4.8566837
17.243,5.2714024
4.99398,4.8566837
4.85574,7.0147324
0.0,4.8566837
0.0,4.8566837
0.0,4.8566837
1.42501,0.592885
3.75554,3.065064
0.0,4.8566837
0.0,1.3866847
0.129337,0.37698913
7.78391,8.089847
0.0146291,0.05276513
0.186278,0.3485322
0.0535501,7.916952
0.0,4.8566837
10.5121,11.108021
16.3086,14.828163
9.45517,9.721526
0.0315748,-0.18475819
6.90897,20.26425
0.0,4.8566837
24.3914,27.482859
5.60448,4.572007
0.0324436,4.8566837
20.1384,12.498208
8.57879,10.089748
3.13951,2.9859567
5.57925,22.457563
0.0324436,4.8566837
7.93361,8.276156
0.530209,0.5683458
7.0301,7.112543
0.00453811,-0.14310431
49.2648,54.936066
4.01476,4.409689
39.9277,41.705868
54.3977,74.47043
0.0607464,0.302114
0.530209,0.5683458
51.4147,4.8566837
1.93037,1.4827573
0.0,0.2593031
0.0,4.8566837
1.96186,115.97187
4.37095,4.4014463
1.88518,4.2857676
0.345062,1.1578538
5.22253,6.477309
1.13347,0.6202636
3.13722,0.23008633
7.13458,7.3820124
3.5795,3.7579162
0.0,4.8566837
0.0,4.8566837
13.4342,14.067795
7.88359,8.147453
0.392828,4.8566837
1.27604,8.345697
0.0,4.8566837
0.0,0.3280108
0.808567,0.15477252
0.0,4.8566837
0.145731,0.16629171
0.0,4.8566837
0.0,1.5484316
0.0,4.8566837
0.95381,2.558138
23.029,27.082758
0.0,4.8566837
0.0,4.8566837
7.38977,7.5934267
0.0,4.8566837
11.5717,9.831526
0.0,4.8566837
16.2393,16.968418
16.4978,17.293297
0.0,4.8566837
11.6269,11.7436905
0.147898,0.6884124
5.59568,41.300407
0.0527842,0.28233266
0.0,4.8566837
28.3832,27.802002
0.283806,4.8566837
69.8285,34.502068
52.2404,68.245224
0.0,4.8566837
146.641,160.72462
1.47163,9.156755
0.0349215,6.841713
1.51667,1.3508606
5.36827,5.685383
0.0384637,4.8566837
0.0,4.8566837
0.0,0.44583797
0.0377064,0.29170215
0.885176,3.2704055
3.7689,4.5710974
0.0238001,0.16850543
0.0,0.5988493
0.0,0.3178122
7.22575,1.9643149
1.16659,19.804647
0.299841,1.0595903
0.0,4.8566837
12.4505,13.834361
0.0396249,0.25366807
2.85747,3.2008204
0.0288431,4.8566837
0.0170318,4.8566837
31.5581,4.8566837
8.72191,8.357485
32.0779,39.26757
17.9272,26.09388
0.0528227,4.0435543
22.0206,24.416025
12.2861,13.195145
3.16447,9.635637
0.0,4.8566837
0.0,4.8848286
0.26799,0.8891032
0.209364,-0.20965171
0.0,4.8566837
0.0,0.07596946
9.13831,4.8566837
51.2023,1.1942849
3.51916,12.498208
0.797986,1.6867852
14.5233,16.3648
0.686096,4.8566837
3.48165,3.8967366
0.0,0.630533
0.0364445,0.14134741
22.2581,13.331354
7.24983,8.216472
0.0,4.8566837
29.3384,35.802914
0.0,4.8566837
0.127666,4.8566837
0.00982372,4.8566837
0.0,4.8566837
81.4655,4.8566837
22.869,28.375088
0.182946,12.468626
0.150147,44.580616
4.85285,5.2347193
5.24351,10.247949
0.174825,0.43214273
0.0,4.8566837
4.68474,5.504528
0.559344,4.8566837
0.0,7.23987
63.3801,79.37226
281.918,189.30931
14.6632,14.059564
0.0545806,0.26663852
0.0105662,1.8718824
6.70987,6.9050226
3.28943,3.374151
26.2865,4.8566837
0.0,4.8566837
4.88149,5.477124
2.05356,4.8566837
26.6045,68.28625
28.6632,4.8566837
0.129727,4.8566837
0.0,3.5685081
37.3251,42.033264
9.45517,9.721526
25.2788,30.417639
17.9272,25.590902
3.12215,3.4174232
0.0,4.8566837
0.0472634,4.8566837
4.07047,4.0570803
0.0,4.8566837
0.047583,44.580616
0.0352722,0.37465596
2.00074,10.602801
1.24093,1.6421642
0.810039,0.748729
4.52996,3.2704055
1.73772,10.375387
0.144043,0.5873959
5.93095,12.963959
0.0,4.8566837
5.41516,5.9664717
2.36245,4.470516
0.0,0.4505818
35.8779,40.451134
4.17273,4.8139563
0.0,6.349725
0.0,4.8566837
13.2992,15.598097
4.42726,5.0051856
13.3267,0.16805387
0.0,4.854884
0.0,4.8566837
0.0,1.9266393
2.17957,0.6890042
20.1227,20.896955
0.0444299,4.9071026
0.0,4.8566837
47.0054,56.48139
19.633,22.437426
0.0,4.8566837
3.40454,3.7176487
6.94055,2.5459075
0.000367701,0.40490556
0.348552,4.8566837
0.0,4.8566837
11.4908,3.3503582
0.0415572,4.94026
2.47586,1.6505133
0.216134,3.7615485
0.0,4.8566837
13.8431,14.353024
0.0,4.8566837
6.54606,4.6312866
53.941,62.660553
0.643755,51.98407
0.0,48.81002
95.6333,76.14605
0.0,4.8566837
0.0,19.259594
0.0,0.7893965
1.88867,3.1713018
18.8462,21.704914
0.0,4.8566837
0.0156715,4.8566837
0.0,4.8566837
1.41837,0.6527362
44.7525,49.146168
40.9894,25.22679
0.0,6.3801966
60.4931,14.468851
0.0643064,4.8566837
6.32027,6.3978596
8.49454,9.323583
0.0490229,4.8566837
11.5176,4.8566837
0.0,4.8566837
81.5749,52.221962
929.506,-0.7361822
0.0,3.3341627
8.26712,8.494885
4.86473,7.1103106
12.3692,6.3439903
18.2872,9.478374
0.0,4.808756
0.768857,0.12584996
0.0,4.8566837
0.0,4.8566837
0.490448,31.12462
11.9164,3.1568894
32.2663,35.04643
0.139701,4.8566837
8.30396,9.038848
16.0916,16.847153
4.23809,9.591761
0.0,0.2964995
0.0,4.8566837
4.09223,4.2435083
0.0818675,24.813221
0.0,4.8566837
16.4448,17.79155
0.0190347,4.8566837
0.116668,0.35096645
55.5987,67.23168
0.0,4.8566837
0.0222479,0.020928621
0.0,3.1973243
0.0,4.8566837
0.00521469,4.8566837
0.0,4.8566837
20.5605,22.2442
45.4482,49.028744
0.0,4.8566837
0.0626684,0.75458384
0.0,2.782336
0.0,4.8566837
0.0160634,-0.013282061
14.8348,8.12381
0.0490229,4.8566837
8.57879,10.089748
0.0,4.8566837
1.26871,1.4059212
9.28192,61.736664
0.0,4.1944385
12.6267,10.503028
0.0149743,5.323061
2.45441,9.683255
1.3366,3.5380306
35.7241,56.375454
19.736,18.964922
0.413808,0.39543104
0.0,0.10246539
10.7566,46.75976
0.0317417,0.23252177
0.0,4.8566837
0.556268,0.5037267
0.0,4.8566837
143.863,26.298712
2.09633,3.066352
228.807,266.90817
0.0,31.940952
0.0127622,0.13413334
0.0,4.8566837
0.09266,4.826542
12.3578,13.148917
0.0,4.8566837
0.0,4.8566837
0.0995036,4.8566837
2.91784,6.412054
0.072993,0.33956528
0.0,4.8566837
0.0310281,4.8566837
0.0,4.8566837
7.62417,5.001643
0.224348,4.9043937
10.7103,11.140257
0.0,0.34269953
18.2872,9.478374
3.08732,4.8566837
0.0,0.080133915
0.0095824,4.8566837
0.0443369,0.8713628
619.796,300.48795
2.47544,4.8566837
0.0117334,4.8566837
0.267752,2.4140234
86.3551,90.43273
0.0,4.8566837
36.112,44.05966
19.2521,5.566578
49.2648,57.138706
0.0,63.42833
7.29843,7.198408
2.66615,2.4883242
0.0129563,0.29096866
0.0,4.854884
0.0,4.8566837
8.51378,8.786568
92.574,34.95472
0.0,4.8566837
23.5057,27.752672
9.13831,4.87238
0.153628,0.30587697
23.6372,26.761515
28.2793,13.866869
0.135243,4.8566837
12.3122,4.8566837
1.96747,2.8560016
1.13518,1.2399375
0.0,0.111665726
0.0,4.8566837
0.0213519,4.8566837
44.6647,44.121407
0.0,4.8566837
3.66676,3.981777
0.0144449,0.31861424
0.0,0.05743909
9.3748,21.515463
0.0,0.25344706
0.0585232,4.112823
0.287353,4.8566837
8.18264,59.207397
0.0,0.21909666
0.0125772,4.8566837
0.0,4.8566837
3.68317,1.4611113
17.957,15.812299
1312.75,122.83114
0.0,14.297116
11.5735,10.707428
1.90929,2.3279486
0.506804,0.37131858
2.36522,1.3866847
0.0,4.8566837
10.455,11.266317
0.059642,4.8566837
77.9774,29.800203
1.70629,0.549711
0.130971,3.6478026
0.411539,6.0126934
89.8552,7.973631
0.0852943,4.8566837
3.84675,2.6617532
12.7498,13.367506
0.0448181,4.8566837
33.357,38.0186
31.889,34.185295
0.0,1.748107
11.7182,4.086809
0.620975,4.8566837
0.0,4.8566837
3.71083,27.041918
0.183732,4.9166317
0.0,4.8566837
0.900053,8.135305
16.0989,18.025581
5.53292,5.6957235
0.0546348,0.2687955
12.3122,12.620254
10.6593,5.8948727
0.0,4.8566837
95.5694,108.42368
0.0,0.34636903
14.9762,16.815664
0.787799,49.534813
0.051393,7.249527
7.59372,8.245632
0.0,4.8566837
88.227,51.67359
0.0,4.8566837
0.010088,4.8566837
4.47577,4.923975
0.0,9.444315
0.0,4.8566837
9.32373,4.8051167
4.28886,2.191834
46.9265,55.542763
0.0377064,0.29170215
36.2545,38.0183
60.3985,70.241295
0.0,4.8566837
29.961,34.34059
9.45215,14.010275
4.28139,4.6556973
12.9609,14.180794
1.84584,2.1385298
0.106452,8.578347
0.0,4.8566837
0.720367,19.703789
17.9953,10.174654
32.5693,39.856342
20.3765,7.249527
5.30152,10.946654
0.872144,0.83129406
135.592,163.90926
0.0224526,-0.28535628
2.59898,2.7116354
1.80628,7.7401943
0.0,4.8566837
0.00930226,4.8566837
0.0,4.8566837
0.210659,4.8566837
7.93361,8.276156
0.0,4.8566837
0.322485,4.8566837
0.673946,31.432718
0.0148117,4.8566837
0.0558323,-0.26167607
1.53848,691.49066
0.476896,0.5528481
10.8334,9.55501
43.1966,21.753681
8.44341,4.369358
19.4241,22.657553
28.1376,31.020144
0.0,4.8566837
7.70401,8.508042
29.3384,31.380774
0.0,4.8566837
123.482,134.86813
0.0,4.8566837
52.1071,8.288273
0.180045,0.24154377
38.0254,40.223293
3.48153,10.551159
4.85285,5.2347193
0.0205246,5.1834955
31.9031,2.611143
24.8424,26.080435
0.0339982,1.3866847
16.1268,19.790808
14.8534,15.396011
0.0,4.8566837
0.0,3.18501
0.0,0.31739902
7.84176,2.4559765
6.34268,7.3596983
0.346404,0.3485322
0.0,4.8566837
0.0647448,4.8566837
24.6134,26.924921
0.0541491,4.8566837
2.47586,1.6505133
0.0,4.8566837
7.89957,8.519215
0.0,4.8566837
5.72192,5.59752
0.0,4.8883457
0.0146291,8.062812
34.254,9.862732
1.93666,1.9686345
74.3385,81.497
10.3538,11.663293
1.68002,1.8764141
0.0,4.8566837
19.5867,6.694599
0.0317711,0.22043133
15.2572,16.50751
6.98341,6.9089518
0.0,4.8566837
11.7892,4.8566837
6.17851,9.085815
1.61219,4.369358
0.0100148,4.8566837
0.0,4.598468
0.521266,4.8566837
0.0,4.8566837
0.0,22.47725
0.0633151,0.40079403
0.0623884,4.8566837
18.6755,4.8566837
0.360221,0.52032614
0.0,4.8566837
2.73993,2.8143847
0.0,4.8566837
95.6333,76.14605
6.86443,7.8094997
11.3911,11.865977
12.3578,13.148917
0.0,0.3602829
0.0181711,4.8566837
0.0,4.8566837
0.0164366,4.8566837
5.64967,6.1769686
0.581551,2.183653
0.0,0.060052395
5.53292,5.6957235
0.532481,0.7650058
0.0,4.8566837
4.45915,5.5909824
14.1541,13.988659
4.26189,5.2151423
0.0,19.484894
123.482,134.86813
0.0,4.8566837
0.600362,1.3772867
11.6618,8.003741
6.70987,6.9050226
0.0,7.249527
0.0,4.8566837
5.14796,5.7640657
0.0,4.8566837
0.0,4.8566837
333.491,0.05492139
10.5869,11.87779
22.9224,54.09256
1.39764,1.5241368
92.3116,7.563081
53.7064,64.67248
4.29189,4.823107
5.91939,8.813189
0.0,4.8566837
259.033,7.9296036
0.835289,8.12381
0.00218881,4.8566837
0.0,4.8566837
11.0861,10.880793
2.08603,1.4825484
0.138812,4.8566837
21.9927,24.195234
6.70053,4.5804
0.0300559,-0.020982265
2.66844,2.4808898
0.0,4.8566837
142.75,31.051165
12.6111,13.342532
7.32787,6.4550724
35.8993,38.083614
0.0,4.8566837
4.18611,4.40749
53.3892,18.32084
2.91179,4.8566837
9.73291,10.00555
1.17427,2.63917
0.0144224,0.6134131
0.0466057,13.600087
0.486516,4.8566837
0.375689,3.7377484
0.0,1.5484316
0.0,4.8566837
17.8305,8.950996
8.18658,8.652781
23.8582,7.762789
0.0480407,0.46307993
24.1481,2.4744403
41.1289,39.21498
0.0,4.8566837
0.0,0.38495803
0.0661457,4.8566837
12.6881,13.224972
0.0552115,38.44886
0.0725104,4.8566837
0.0,4.8566837
114.038,126.37202
22.6392,25.748137
0.0173895,4.8566837
0.0,0.29170215
5.64967,6.1769686
0.0415193,4.8566837
7.88314,10.678962
0.0,4.8566837
22.2375,24.367083
0.0,4.8566837
0.364178,0.5337291
0.0,4.8566837
18.2872,9.478374
23.2156,24.414577
4.64645,5.4342985
0.26799,1.2847915
1.84488,7.4790096
0.0,4.8566837
0.0,4.8566837
0.899505,5.3689957
0.0,-0.674798
0.0501345,4.8566837
0.0,4.8566837
12.5219,13.476812
0.0911935,4.8567743
27.5158,25.590902
0.189837,4.8566837
13.6708,15.601298
0.26033,10.86797
3.65862,3.8236985
231.91,24.237207
187.407,205.33568
0.542442,4.8566837
7.92071,8.370293
0.0,4.8566837
0.0,4.8566837
59.7792,69.868324
0.108471,15.0540905
0.0629534,4.8566837
0.0,-0.26704764
39.8531,42.60332
5.40012,14.799625
7.05002,7.39585
58.9342,48.633892
8.67667,16.926405
3.16164,1.0595903
0.0,4.8566837
20.7848,19.576128
0.132209,0.13839364
3.99873,7.308138
0.0,4.8566837
0.0,4.8566837
18.2872,9.478374
0.0,0.40784264
17.2072,0.89423084
0.0,4.8566837
1.14091,0.6507344
0.0,24.979925
6.83995,7.235923
21.9927,24.195234
2.33652,14.118711
1.47614,1.4558988
0.229731,4.8566837
1.58275,1.4836013
9.20009,9.167644
0.0270571,4.8566837
0.0104026,3.4018636
19.4284,21.96364
10.2463,11.563179
1.55598,2.5227509
0.0,4.8566837
6.1345,6.700552
0.111079,0.35056043
9.4149,9.993778
14.6375,17.041195
61.7468,48.58882
19.1121,25.850468
0.336746,44.731598
0.148443,4.8566837
0.0,4.8566837
6.70987,6.9050226
7.88354,7.822447
0.0,4.8566837
2.88462,2.6141114
3.4731,-0.05741954
186.492,197.15155
0.0,4.8566837
0.0150878,4.8566837
15.8834,16.306076
17.3394,15.577676
1.70576,4.8566837
0.0,0.08289909
0.0,108.46271
6.97007,6.919401
4.0341,4.788624
0.0,4.8566837
0.0438842,7.6334944
0.0,4.8566837
0.250134,0.5364659
0.0289529,4.8566837
59.3129,12.747635
13.8754,-0.12522674
6.81054,7.576559
0.162525,4.8566837
0.0,4.8566837
7.1822,7.8062696
6.74333,15.33977
19.4241,22.657553
4.21751,4.4217596
17.0076,10.470788
0.223349,0.34593654
0.033392,-0.25396276
0.0,2.3896096
2.96836,18.32084
0.0,4.8566837
0.0735954,0.4176736
2.07538,11.467026
0.019213,0.7893965
5.97234,6.44565
0.0,4.8566837
0.0,0.087972164
3.3563,0.28272295
10.5992,10.941913
19.3636,16.038942
9.91484,4.9740863
0.0,4.8566837
0.0,4.8566837
0.0718392,1.9229134
0.0,4.8566837
0.0,4.8566837
1.73916,1.815307
0.153238,1.5087416
0.193732,89.52399
65.9041,75.90683
0.0260902,0.041317463
0.181098,4.8566837
0.0,-0.17299938
2.62049,5.0051856
13.1196,4.8566837
0.0,4.8566837
0.0,3.8561823
0.0718414,0.37855315
12.2933,13.228975
0.340281,38.266754
57.9342,50.233406
0.0,4.8566837
14.7658,8.784637
62.2321,68.94138
0.0413947,0.09268832
31.889,34.185295
15.9535,63.530674
17.6734,28.346403
0.0,4.8566837
0.0,4.8566837
22.5227,24.673384
134.521,155.092
0.0,0.4860928
5.39024,26.812979
13.6573,11.527796
0.0219642,4.65426
0.0299033,0.2687173
0.0,-0.51810074
11.7336,12.49995
0.0222586,4.8566837
0.0789655,0.73220134
1.20085,4.8566837
108.9,63.42833
0.114664,4.8566837
11.4049,11.932409
9.41915,18.958147
25.2146,164.32945
0.0,4.8566837
26.7357,69.77954
29.0844,34.35387
0.0,0.4896624
0.424285,0.5569403
0.0,23.407316
0.0,4.8566837
0.00368268,-1.0164521
0.727649,1.3384681
89.741,116.73589
0.0,4.8566837
9.91484,4.9740863
2.87073,3.0634053
0.0,4.8566837
15.6971,40.929184
46.5786,10.200587
0.0,4.8566837
0.0,4.8566837
69.8357,81.38003
0.0,4.8566837
0.0943112,8.153644
0.0,4.8566837
0.534143,0.841974
49.3187,61.265938
0.549255,4.8566837
0.0,4.8566837
0.0499555,0.10766244
0.0,4.8566837
71.0243,89.42919
0.435642,0.6890042
0.423189,17.95221
45.4518,59.23565
0.628994,0.90246034
6.89499,13.877808
2.1914,8.0925665
0.553941,0.4492569
0.0394935,4.8566837
131.913,76.14605
29.1625,32.692467
2.38675,2.7116191
0.0,3.3651361
1.93037,1.4827573
0.83869,4.8566837
26.3314,25.621992
0.216623,0.6447532
0.0495336,4.8566837
0.040789,8.635687
55.8569,21.460184
10.2463,10.025782
32.7516,7.729904
39.9574,45.208702
8.90506,9.136812
0.0,4.8566837
0.0,4.8566837
0.294262,-0.047048807
158.364,179.18729
0.0,4.9118867
0.0,4.8566837
0.308492,1.5511088
0.432429,4.8566837
0.0,4.8566837
0.0,4.8566837
4.36892,1.4302263
0.0,0.47487092
29.961,34.34059
27.1771,31.152594
1.3851,27.172594
8.61474,27.465136
0.0,0.6583853
0.0,4.8566837
0.0176443,4.8566837
0.0,0.3602829
0.0,4.8566837
0.00529184,4.8566837
21.4574,23.160341
0.0,2.6617532
3.66676,3.981777
19.5016,20.90298
29.2068,11.969782
0.0,4.8566837
14.9691,7.9103975
45.5749,69.87295
0.0,0.3427472
46.5089,49.42684
0.0126236,0.15452814
0.0,0.149338
21.9927,24.195234
0.0672431,4.8566837
0.0224868,1.0554252
13.4342,14.067795
0.0,0.1541152
0.0789607,40.552624
0.0,-0.9805374
0.839133,5.2714024
29.3097,10.684761
0.0,4.8566837
0.0,18.08384
14.1541,14.468851
0.0,4.8566837
3.42946,3.8989887
0.0,4.8081017
1.78228,1.7486564
9.51941,11.046768
1.87581,5.3857107
13.8527,15.968913
0.0,4.8566837
6.10661,5.6190176
8.54713,8.974219
2.12323,1.8785732
0.0,4.8566837
0.0,7.249527
0.236539,0.30386662
2.66716,27.480555
4.36892,1.4302263
1.52665,1.3053043
49.2648,54.936066
0.346506,3.1030374
0.0734416,0.35305882
9.34879,5.1591578
0.0,4.8566837
0.540344,40.95777
2.81657,2.062393
0.0,4.8566837
226.44,244.21304
0.0,4.8566837
7.93361,8.276156
20.8624,23.866188
0.0734236,1.1193163
18.2872,9.478374
42.7111,49.305725
0.02025,4.8566837
2.47472,2.629919
0.46427,0.18824697
0.324248,0.09839749
0.0859618,4.79012
0.0,4.8566837
16.4448,17.79155
0.0,4.8566837
0.125447,0.18396354
0.0,4.8566837
11.0977,4.4947457
19.3196,23.717949
0.0623884,4.8566837
9.97712,2.8416421
3.31398,4.8566837
0.571642,0.7061188
0.0,1.297137
0.0120289,0.54815507
9.57138,9.642072
0.0,4.8566837
0.0,4.8566837
0.0883291,0.31236553
87.9496,11.801847
1.96732,2.0271363
237.319,17.195602
13.4342,14.067795
0.610725,4.8566837
2.47586,1.6505133
50.7916,20.311098
0.0,4.8566837
0.0,4.8566837
0.53868,4.8566837
0.0,-0.19363594
0.0,4.8566837
74.3385,89.022194
4.75134,4.8566837
2.89723,0.92348874
0.127013,5.118018
0.0127124,2.5424225
39.4874,51.279804
4.50339,4.8015394
40.5102,49.591545
540.622,0.46910024
0.0927253,4.8566837
5.39369,38.298855
3.58947,7.6546164
0.027453,0.097875595
0.0,0.19877863
0.0,4.8566837
0.0,4.8566837
2.62049,5.0051856
4.74927,4.980673
0.0734416,0.35305882
0.108294,0.29006648
4.79727,5.0236664
0.803882,0.3485322
11.6675,12.917494
0.0,4.6110973
0.39772,4.8566837
0.5899,1.3866847
0.498276,0.6890042
22.0379,25.090189
0.0,4.8566837
0.0,4.8566837
3.05566,11.750927
0.1751,0.47062373
0.0,4.8566837
2.91784,3.1862152
0.300234,0.31570315
0.0,2.5840354
0.174863,4.8566837
0.0,4.8566837
2.47586,1.0818408
0.0,4.8566837
0.0238001,0.092101574
2.15317,2.4156597
4.24122,1.5839105
2.8793,2.545924
0.0,4.8566837
2.08647,1.9686345
0.0,4.8566837
0.0,4.8566837
0.0,4.8566837
4.1897,4.653957
0.0645255,5.4789724
36.5915,37.61053
1.34405,6.841713
0.0,4.8566837
0.0,4.8566837
0.353103,1.1360083
1.90472,8.784637
0.890859,0.72231364
5.59568,41.300407
146.641,160.72462
14.1121,13.666565
6.08398,6.7073708
0.0,0.36179876
0.0,4.8566837
8.38179,8.55364
0.966778,2.3916802
0.0,4.8566837
0.0240531,13.877808
5.27882,6.158208
19.4241,22.657553
82.7121,38.266754
13.1278,14.727609
16.3773,17.2521
0.0419176,4.8566837
0.217464,1.4280534
5.39701,5.936578
9.88996,10.647167
0.0,4.878377
39.9616,29.534668
0.051393,7.249527
0.0,10.128634
0.0,0.34636903
0.0,4.8566837
0.0,4.8566837
0.0134532,-0.4034493
23.5283,24.201014
0.0785744,16.161976
37.1852,4.8566837
18.2498,19.303347
12.3578,13.148917
0.0323811,0.19518805
15.4501,17.10544
0.0734416,0.35305882
0.0,4.8566837
0.0,4.8566837
0.0,4.8566837
10.3826,12.212831
4.83477,9.205171
0.0,4.8566837
0.103302,4.8923845
18.2979,19.213823
0.0,4.8566837
22.5788,0.15221453
0.0,4.8566837
8.21892,8.195449
0.0,48.555702
0.0,0.30918384
30.6708,49.960526
6.43976,7.2502146
11.7135,5.3689957
0.0552628,58.2019
11.3947,12.246195
0.0,-0.23260427
0.0,4.8566837
9.31878,10.014315
0.0222586,4.8566837
0.0192345,4.8566837
2.7544,3.5846872
0.0734416,0.35305882
0.0,4.8566837
233.507,110.33753
0.0,4.8566837
0.274167,4.8566837
60.3985,70.241295
0.0,191.10042
0.0,4.8566837
0.148869,7.703334
89.6832,99.89498
1.33569,23.699137
0.0,4.8566837
0.0251359,4.8566837
3.34978,4.1154313
26.988,28.87959
30.128,34.763638
0.0,4.8566837
4.59297,2.5963528
370.815,80.792366
9.18426,9.116591
0.0,0.3427472
2.50284,2.4979353
0.0,4.8566837
12.5936,16.411999
39.2243,43.095314
0.242037,4.8566837
30.6925,34.066696
7.70401,8.508042
127.197,158.8819
0.0,4.8566837
23.7563,7.3012295
1.19753,4.851918
0.0,0.27662015
0.0897363,2.8618858
0.0,4.8566837
32.6081,38.581055
0.0,0.22185588
0.0,4.8566837
61.6673,59.578537
0.0159109,-0.11889815
0.0,4.8566837
4.85685,5.147638
14.9497,4.8566837
0.0443369,0.03075695
0.0415193,4.8566837
0.0,6.3801966
1.30415,2.0803647
619.796,300.48795
2.8793,2.545924
18.209,33.06972
0.0,4.8566837
102.929,22.389948
5.34145,8.737708
2.47586,1.6505133
0.31996,1.3866847
1.21089,4.8566837
74.3385,89.022194
397.601,229.2105
0.0576959,4.8566837
0.0,4.8566837
0.0401582,4.8566837
0.0308414,7.069726
2.8163,2.8996725
1.70576,4.8566837
39.5927,42.910297
0.614049,1.1414144
0.182358,4.8566837
0.0,4.8566837
0.0,4.8566837
10.8422,11.783646
27.0281,31.28348
1.67192,4.369358
1.69555,2.6643405
16.0812,18.888475
0.0115032,0.494128
10.6686,12.494041
0.0,4.8566837
6.28842,5.611575
0.0,12.150353
0.00610409,0.05077362
38.0233,41.996918
0.0,4.8566837
0.0,4.8568707
0.0,4.8566837
18.209,18.045008
26.6208,29.069998
0.0,71.77915
0.0573763,0.19517016
0.0,4.8566837
89.6832,102.00617
0.0573763,4.8566837
3.41898,2.9384193
3.90281,1.8485641
22.0379,25.090189
0.0,4.8566837
67.4523,9.27484
0.156903,4.8566837
6.73907,7.271571
0.0309796,0.32891583
0.199732,0.9969318
0.0,0.35096645
0.0181711,4.8566837
0.0578019,2.1093187
0.0,0.149338
0.0,12.246195
0.207724,0.33669972
4.33643,-0.27056336
0.0,4.8566837
987.415,11.840292
0.473766,13.160412
20.3765,5.798155
8.99745,13.670564
0.26033,18.284065
0.0,0.111665726
0.0,4.8566837
1.61403,9.24936
11.2349,11.783667
20.3765,6.271969
0.0,4.8566837
0.0,4.8566837
1.00624,0.72343445
3.43098,3.7490673
0.219512,0.28070545
7.92102,4.8566837
0.0,4.8566837
23.5057,27.752672
73.7988,84.27184
0.0593326,4.27656
0.0,4.8566837
1.99104,11.4402485
0.106799,4.8566837
0.0,4.8566837
69.8357,81.38003
0.458468,-0.6539643
0.264436,0.6822121
7.72727,7.984972
0.0,4.8566837
1.42191,20.313005
0.0270327,4.8566837
0.0,4.8566837
0.0319741,4.8566837
17.3573,22.890203
5.78663,6.029257
0.051393,6.271969
0.246802,4.8566837
0.0,4.8566837
0.051393,7.249527
0.0317711,0.5565541
24.3086,28.260786
57.891,68.27497
0.0,4.8566837
40.1683,27.465136
0.0,4.8566837
0.0950008,4.8566837
0.0137033,0.37867618
20.3765,6.271969
5.57925,12.057994
12.2817,12.585445
24.6854,17.2952
7.2347,7.2658825
201.331,197.53719
9.9192,7.865629
8.4425,8.516864
69.8534,100.40197
0.111893,3.1448555
0.0,14.9226055
4.74985,5.163702
0.0,4.8566837
0.0274204,4.8566837
0.0,4.8566837
0.0,4.8566837
11.6058,9.622116
7.28997,7.780548
20.1227,20.613907
0.0,4.8566837
95.5694,9.662672
0.0,4.8566837
0.0,108.46271
4.92439,6.5223866
0.0140005,4.8566837
5.29286,5.6091757
0.504247,0.7120807
7.29843,7.198408
9.34879,5.1591578
82.423,88.36627
6.3236,4.999841
0.0,-0.0008330345
0.330802,6.0520267
0.0,4.8566837
15.7275,16.714138
28.003,30.024946
15.9535,63.530674
7.81563,3.3848581
0.0,0.3649633
0.0,4.8566837
92.574,13.877808
0.0,-0.19563603
230.705,243.39217
0.0,4.8566837
1.0646,0.9863906
27.7688,31.094542
0.0,4.8566837
11.2349,11.783667
0.0,7.7632723
3.31365,3.9028409
0.0,4.8566837
0.0,0.19199085
15.4538,5.7536783
9.18391,16.038942
23.5057,27.752672
76.9977,100.577126
17.0222,18.132738
0.0,4.8566837
3.80736,4.8566837
24.4617,26.159063
0.0,4.8566837
13.6032,14.156644
19.3196,23.717949
2.09633,4.316696
4.74741,5.2549915
18.836,19.883362
0.0,4.8566837
2.29405,1.4280534
26.988,28.87959
0.322745,3.9958322
8.59654,48.51518
0.0274204,4.8566837
0.511178,3.1822708
0.0799573,4.8566837
0.0,4.8566837
4.66756,5.2231574
0.0,4.8566837
39.4874,45.56108
8.20516,6.0047045
0.232211,50.52048
0.0,4.8566837
169.019,4.8566837
1125.9,312.0046
0.0170887,0.73482966
8.44341,4.369358
0.0,4.8566837
8.4425,8.516864
0.0,0.1895585
9.41098,0.58730125
0.0,-0.01714325
0.280038,153.85204
0.51474,7.0744896
0.123102,4.749035
1.12501,1.22195
0.0,4.8566837
21.7269,4.613334
0.0219642,6.728957
3.32243,13.097834
0.0,4.8566837
53.2671,60.201027
9.47172,9.748527
2.64652,2.8498602
0.0377064,0.29170215
111.051,35.494972
10.8471,7.9879417
0.00905912,4.900668
4.87841,6.495158
0.0,4.8566837
0.0272644,0.19233537
11.6645,11.9428
21.9108,26.865297
13.3558,5.661038
0.028893,0.45239878
29.2461,33.574562
127.197,122.82642
0.299788,-0.22267032
0.0,4.8566837
19.6877,21.40793
0.0,2.027365
7.7561,7.5448008
0.678751,4.8566837
2.91861,4.8566837
0.647028,44.580616
0.0,4.8566837
0.0,0.6947701
3.45128,3.7253056
4.74741,5.2549915
80.836,94.825485
0.0,0.21444798
0.0,0.21909666
3.81662,3.9056642
0.0,4.8566837
25.2336,10.797472
2.33011,4.8566837
51.2472,61.71302
5.22933,5.5675735
14.0998,13.874739
0.0230888,4.8566837
32.6296,60.158195
0.100459,4.8566837
9.53957,4.8566837
36.044,39.14782
8.98008,9.129857
0.0112075,4.8566837
7.7064,11.842367
0.0488949,4.8566837
25.8726,10.247949
0.645114,4.8566837
0.0713237,0.48059154
0.0,-1.3893607
0.080121,4.8566837
9.24237,8.563858
35.0216,36.078545
0.0,0.080133915
0.0,2.782336
0.0184449,4.8566837
10.2554,11.944146
3.72617,7.757251
0.0,0.03821349
26.1965,29.437435
7.93916,9.188904
3.72617,7.757251
149.689,4.8566837
19.1213,24.311262
40.4993,42.281464
11.3063,10.913897
0.125719,0.06610799
0.112871,4.8566837
4.26574,4.590539
1.55944,4.3357162
31.7686,24.443409
0.344931,1.1385775
1.2981,4.8566837
0.0367091,0.017475128
0.0,4.8566837
0.869482,47.438793
2.92734,2.6638055
0.0,4.8566837
200.795,204.34871
0.00964872,0.07510567
41.5651,45.491524
0.365597,0.24154377
0.816026,10.02529
0.0,0.4376111
208.249,158.28685
0.0,10.640742
33.1188,126.760216
0.0,4.8566837
42.3715,6.3801966
0.5899,1.3866847
0.0,4.8566837
0.0,0.46203113
19.3857,29.387564
1.00982,1.3470136
3.31146,0.88509774
0.0,4.8566837
196.96,247.71819
0.0,4.8566837
20.9778,21.075485
20.3065,22.270254
62.0056,62.136658
0.105902,44.67665
1.67192,4.369358
0.0,4.8566837
0.287353,4.8566837
0.0,4.8566837
0.0,4.8566837
69.2914,0.8372152
0.620975,4.8566837
1.93666,1.9686345
37.4822,42.548527
0.0735725,5.0284395
21.7269,4.613334
1.49141,1.7277489
47.556,16.163937
6.32027,6.3978596
0.0706443,36.79544
40.2252,46.243263
11.5061,11.56971
19.3196,23.717949
0.0227304,0.29170215
82.423,88.36627
0.0,-0.098223686
0.0,4.8566837
0.496241,2.268269
0.974311,5.434519
15.7976,17.332932
0.0929784,3.7171745
9.18391,16.038942
4.4131,-0.49952483
0.0,-0.08537555
50.5521,8.433789
66.5085,70.787
9.25745,10.196649
0.0471651,2.2850251
1.48575,1.0304487
5.52068,5.978548
0.0,4.8566837
14.2404,2.782336
22.5174,24.711546
14.2894,10.391573
0.0734416,0.35305882
0.0541491,4.8566837
65.8054,139.93462
29.0844,34.35387
0.0,-0.19363594
0.0995036,0.28403425
1.20083,1.0501442
21.2297,19.175581
0.0,-0.074611425
16.29,18.134222
37.887,18.89218
0.0372422,0.31288242
24.3026,19.861605
0.0,4.8566837
0.0,4.8566837
8.54155,9.269621
47.6788,24.686197
35.2742,24.986555
0.885176,3.2704055
0.0,4.8566837
0.0,0.27356982
0.0,4.8566837
0.0734416,0.35305882
0.00808029,0.11433101
0.0,4.8566837
0.0789607,7.262006
33.4851,17.466616
0.0,4.8566837
11.4008,11.6275625
0.00874122,0.053182602
0.0143126,4.8566837
22.5788,8.993771
2.57179,2.5848842
14.6294,7.7632723
0.0190806,0.4471197
0.0484491,0.3485322
38.7644,40.77128
0.0,0.3602829
0.0,0.053575754
8.30844,8.645094
0.170942,0.65478206
23.8908,19.88883
154.968,187.64372
27.4125,4.8566837
0.0,4.8566837
0.0,4.917244
0.0,0.35847402
7.13458,7.3820124
36.2545,38.0183
0.0,0.111665726
4.39634,4.2403526
8.18259,8.588451
0.0129072,4.8566837
0.8503,1.095427
0.0,0.9021721
86.3551,90.43273
115.716,62.34256
0.0376121,0.27565718
24.0097,29.13531
1.16065,11.536957
0.145632,4.8566837
0.388369,49.534813
0.0610322,4.8566837
0.0,3.7656045
0.0,4.8566837
0.0,4.8566837
21.5036,25.71441
0.0,4.8566837
0.0558077,4.8566837
8.46153,6.1542244
20.3765,7.249527
0.0,36.06173
15.662,30.004898
0.0413947,0.09268832
0.0,0.29251647
167.223,60.355934
0.201269,0.49377656
0.131854,0.6640563
0.0,3.4418263
1.3366,3.5380306
0.31996,1.3866847
4.42726,5.0051856
7.00393,7.507825
0.496241,2.268269
0.00982372,4.8566837
0.0,4.8566837
26.9925,28.548883
9.40205,10.064307
3.62445,3.7210085
0.0,4.8566837
7.80756,8.128725
7.54107,7.8007545
4.21318,5.1206837
2.30368,25.22679
0.168757,1.9089739
0.0,12.246195
8.74897,8.830369
22.5174,28.343
0.123055,4.8566837
1.26098,2.782336
0.0874501,11.792994
9.57138,9.642072
4.61178,4.964731
25.9758,4.8566837
0.0170975,0.33093143
36.1902,42.39337
6.89649,9.170337
9.25835,9.328007
0.0,4.8566837
8.73149,9.211229
0.00483917,4.944997
11.3911,11.865977
20.2034,21.584337
0.0616941,4.8566837
0.0,4.8566837
4.42681,4.7620516
22.9447,27.79553
0.868527,4.8566837
0.252591,4.8566837
0.0734416,0.35305882
2.29766,1.1986296
0.275986,13.190324
14.7008,-0.018438578
21.5036,24.33015
0.0,-0.42673516
11.731,59.273033
0.0,4.8566837
10.479,8.501951
0.471737,1.3169122
0.0226457,4.8566837
0.0,4.8566837
0.0,4.8566837
0.0181138,4.8566837
26.1965,29.437435
4.545,1.3866847
0.0,0.35844374
10.2115,11.122198
0.0194222,4.8566837
0.31996,1.3866847
0.0931813,4.8566837
4.33811,5.1955757
23.0079,24.797194
0.0,4.8566837
0.0,4.8566837
14.8558,15.955556
0.0126912,4.8566837
33.1188,52.94471
3.40206,3.2735171
42.2709,12.43387
0.181625,-0.86243224
0.0,1.3276942
0.876184,16.306076
20.4762,16.643913
0.0,4.8566837
0.656383,4.8566837
5.64259,4.9525275
0.0,4.8566837
0.0591538,4.8566837
0.0,4.8566837
58.088,68.8338
0.215631,24.218493
23.0886,24.449701
0.119957,2.866798
12.4414,12.289455
0.0317711,0.5565541
4.58484,4.309635
0.0485279,4.8566837
4.21751,4.4217596
0.0,4.8566837
0.0,13.385115
0.127514,0.3416376
0.814752,0.7602103
0.276195,4.8578396
0.868541,39.866688
47.8693,9.426945
135.348,180.40608
0.0,4.8566837
0.0,0.35847402
0.652652,0.61180305
4.0899,4.8566837
0.0,4.803385
1672.53,951.3709
9.67349,12.982625
2.92734,2.6638055
14.3224,18.86429
0.748226,1.0135267
0.0757449,0.40298033
44.8206,41.035645
0.144784,0.39091277
2.59898,2.7116354
12.4692,7.0064354
11.2349,11.783667
26.1965,29.437435
11.9358,13.307661
5.78663,6.029257
0.128932,4.8566837
5.4147,6.135947
6.32027,6.3978596
0.0,4.8566837
3.31974,7.2204523
1.00717,1.3165512
43.6408,25.458212
0.0507568,9.426945
11.5258,11.248528
0.214922,1.0974209
11.5518,4.8566837
0.0,4.8566837
397.601,229.2105
0.185664,0.7830596
3.29546,3.621457
22.6392,25.748137
0.0,4.8566837
0.0187635,4.8566837
0.0,4.8566837
0.66808,1.6505133
0.0490229,4.8566837
0.0,11.648756
7.21241,6.7621555
0.0,4.8566837
7.71801,11.353443
0.0,0.29251647
6.18238,4.8566837
2.16773,1.8193591
0.0,4.8566837
251.292,128.80788
0.0,2.6617532
0.051393,7.249527
0.0,4.8566837
0.0,318.40912
0.0,4.8566837
0.0,4.8566837
4.47958,7.98481
0.0,3.9568512
3.43098,3.7490673
13.3634,13.865692
0.937009,0.7892766
12.5311,15.015289
0.0719362,4.8566837
89.6832,99.89498
2.92301,4.8566837
0.178451,4.8566837
9.56915,10.052341
0.0,4.8566837
0.0,4.8566837
0.43431,0.2588339
25.2971,25.345152
0.0641311,0.39543104
0.0,4.8566837
0.0,148.29889
0.0,7.670929
14.6904,9.044232
0.314417,0.45345688
0.0,4.8566837
6.40439,6.802085
0.0131354,4.8566837
0.0,4.8566837
9.75614,5.504407
0.0,4.8566837
0.0263074,4.8566837
0.222996,0.5037267
11.6114,10.089748
7.27815,102.01273
0.144784,0.4376111
0.0,0.6890042
11.2831,11.787016
0.0,4.8566837
1.21707,0.55166173
5.16592,5.730132
11.6114,10.089748
0.43545,4.8566837
0.0,4.8566837
32.6296,60.158195
22.2012,10.560946
0.0,0.18340111
0.0932137,7.7604456
4.74985,5.163702
5.5232,4.8566837
0.275945,4.8566837
0.123151,4.8566837
9.07465,9.237203
0.582167,2.296315
26.4655,28.747686
18.1432,18.163881
0.530209,0.5683458
0.0489275,76.14605
0.785868,1.3332355
13.6716,13.815395
0.0,-1.6098797
0.099631,4.8566837
2.96133,10.580487
0.712285,7.762789
68.9289,78.86137
30.4823,14.9226055
0.0,4.8566837
0.0757449,4.8566837
29.8626,32.959377
4.51348,4.2782764
2.59898,2.4964333
5.85685,6.1643066
8.51798,9.011509
5.29084,5.8175573
5.4147,6.135947
2.56798,3.0178378
1.29001,1.2297463
0.257321,4.8566837
0.0,6.123333
20.3765,7.249527
13.3312,14.012993
0.0,4.8566837
10.2132,56.06169
57.049,4.8566837
0.0134822,-0.031788588
2.19107,5.599197
4.52996,3.2704055
0.0,0.13316846
2.68224,6.0047045
0.105614,4.8566837
0.0118933,63.497852
0.0,4.8566837
0.0,4.8566837
0.144784,0.39091277
26.9829,29.93737
0.0569825,4.8566837
0.0,4.8566837
12.4324,58.802692
0.0,4.8566837
38.4291,42.837063
13.2442,13.516561
0.0,12.852056
16.5966,16.311192
0.0436978,4.8566837
0.0651436,4.8566837
24.3914,20.162306
14.6375,4.8566837
0.0,-0.5382683
2.02652,1.1578538
2.18458,1.1792378
0.318429,16.51005
1.43546,4.8566837
0.0,0.1281867
0.512462,4.485879
0.0,4.8566837
1.61856,46.707817
0.0,0.09091735
2.85747,3.2008204
13.2385,17.031847
0.0973958,4.8566837
1.19533,1.0062659
3.84675,1.8716867
0.532481,0.7650058
6.79786,7.941614
0.0129563,0.29096866
0.0,0.060634375
15.4143,5.0051856
3.07596,3.625539
0.300234,0.31570315
5.80679,5.338394
11.0861,10.880793
0.0,4.8566837
4.85574,7.0147324
0.205377,0.22156453
38.0233,41.996918
0.0,4.8566837
2.08647,1.9686345
2.91784,3.1862152
2.70055,4.8566837
0.0,4.8566837
5.31933,6.1980343
0.0,4.8566837
5.54419,16.065979
4.55759,13.877202
0.0,24.813221
0.154268,4.8566837
0.0,0.34450412
6.86443,7.8094997
0.082366,4.8566837
30.7603,12.133734
0.287353,4.8566837
0.0,4.8566837
0.0,4.8566837
46.4472,66.859055
11.925,5.660616
13.4342,14.067795
0.476896,0.5528481
0.156659,4.8566837
0.0619506,4.8566837
0.0,4.8566837
5.90745,1.7659433
0.0534402,0.73220134
0.162755,21.003311
13.3117,13.847376
12.6673,54.69706
0.0,1.8687384
0.0132763,4.8566837
0.0,4.8566837
0.0,0.49742818
5.31933,6.1980343
0.112871,4.8566837
0.0,4.8766174
0.00927739,4.8566837
0.0774752,3.7401233
0.535937,4.8566837
164.174,28.611391
0.0,4.8566837
12.6388,13.479596
0.0,4.8566837
13.2992,15.598097
0.881826,4.8566837
0.056115,4.8566837
11.7977,13.185168
14.4675,15.845209
24.5398,29.442934
19.0973,10.86797
3.42946,3.8989887
1.62318,1.9887671
0.142322,4.8566837
13.8431,14.521889
12.8011,43.144497
0.218525,0.48159528
0.0,4.8566837
28.3842,32.779472
20.2765,19.81759
0.0,4.8566837
3.1782,2.1561012
9.95179,10.568497
0.0,4.8566837
20.1574,22.371798
13.8431,14.353024
0.0,13.286955
0.272188,0.045474768
6.5619,6.302104
6.82818,7.169672
0.0,0.4376111
0.182946,27.397596
0.00571813,4.8566837
20.3765,7.249527
0.0755944,0.20868373
0.134388,-0.12522674
0.0995542,0.83911896
228.807,266.90817
17.6053,19.999147
0.0,0.21945214
1.5047,1.9096749
0.0,4.8566837
4.37563,6.461768
4.12438,10.429527
35.7609,39.145386
0.0,4.8566837
0.0339982,1.3866847
6.73375,45.93088
11.9358,13.307661
0.0407668,4.8566837
0.0,4.8566837
0.0,2.7225668
0.762179,0.9422796
17.4509,18.330761
0.217464,1.8082659
10.455,11.266317
0.0,4.8566837
7.49617,9.602842
0.106379,-0.47443128
22.5511,9.466257
53.1995,56.039585
0.0654067,4.8566837
0.0,4.8566837
66.8852,0.75029325
0.0,8.758049
0.168411,9.5599
0.0,4.8566837
174.296,215.61418
2.26045,3.359596
0.041474,4.8566837
0.0,4.8566837
7.72727,7.984972
0.0,4.8566837
0.383809,4.8566837
11.7977,13.185168
5.09901,5.5381308
0.0257749,4.8566837
8.34417,8.597661
30.2599,35.011856
19.4241,22.657553
0.0,3.4077394
0.0,4.8566837
0.0,4.8566837
11.7739,11.952211
0.0,4.8566837
0.0,6.28518
0.632674,0.64364004
0.0,4.8566837
6.06853,1.7715132
0.0236888,-0.060501814
0.0,4.8566837
31.889,34.185295
3.29546,3.621457
0.0,4.8566837
4.54406,6.950575
0.0,4.8566837
0.211532,4.8566837
23.569,27.468763
0.0803971,4.8566837
12.6916,12.979036
0.0,4.8566837
7.18403,7.3456993
0.319336,0.76117945
17.5039,17.846243
0.0,0.111665726
258.84,114.11526
53.5033,60.823097
0.105389,4.8566837
4.56991,39.219997
7.29843,7.198408
6.32027,6.3978596
0.0465422,0.4371612
8.13805,3.213748
0.639668,4.8566837
74.3385,84.758766
0.0,4.8566837
18.1842,18.75017
0.328867,4.8566837
18.8538,18.391518
0.086773,0.253891
0.102832,0.41148448
21.5036,22.435013
0.0,4.8566837
0.0,4.8566837
19.4241,22.657553
0.0831501,4.8566837
9.79811,10.898926
10.2463,11.563179
0.524087,0.5094173
0.0,4.8566837
5.05006,4.8566837
30.0849,35.011856
4.0058,3.7615485
0.00808029,0.11433101
13.8586,14.927261
18.9248,46.688507
0.211054,4.8566837
10.5478,23.601019
0.301423,5.0051856
0.0,6.1542244
21.3993,11.60495
6.328,3.295908
0.0,6.3981466
8.74772,9.373311
0.0,4.8566837
1.16659,19.804647
56.992,57.62962
0.0,4.8566837
9.87826,10.161339
2.29225,4.220765
0.0546348,4.8566837
4.91671,3.9028409
0.301423,6.39223
8.80649,8.375261
8.94272,9.20483
0.0,2.5853205
3.61257,4.6448007
31.1438,0.06954074
0.521266,0.46167302
1.47888,5.2714024
0.134373,0.50931835
0.0,0.3602829
17.2867,8.731621
22.6392,25.748137
88.2999,106.67371
15.332,16.351046
22.0206,24.416025
0.431208,10.983617
8.67667,9.307163
0.113443,23.12493
0.559874,31.676424
0.0,4.8566837
0.0,4.8566837
69.591,87.11313
0.0,2.7248392
0.0,4.8566837
8.46153,13.286955
1.27604,7.6506224
0.0297383,0.11934686
9.60602,9.76267
10.8366,10.388254
25.3641,26.560175
9.91484,4.9740863
18.8914,20.806318
0.030774,0.37396026
4.75134,3.5685081
6.17822,10.932524
0.0563849,4.8566837
23.1255,25.120604
10.7073,11.459734
4.33481,21.774828
0.0908411,-0.5952673
0.0,1.2117813
5.64967,6.1769686
1.02305,1.830632
86.6865,115.2217
0.261045,4.8566837
0.0,4.8566837
0.0,4.8566837
5.64923,4.3215895
0.0,4.8566837
1148.4,13.872686
12.7752,13.314978
12.9993,13.415436
27.4685,21.252403
36.2545,43.236458
0.0,4.8566837
0.0,-0.15131164
1.11208,54.281075
0.0,4.8566837
7.03976,4.8566837
4.38561,15.128954
18.2498,19.303347
3.7505,20.475325
0.0129563,0.29096866
0.0,4.8566837
0.238702,0.98189974
0.0,4.8566837
0.124658,4.8566837
1.1301,3.859647
2057.03,8.976415
0.0822271,-0.62879395
8.95032,50.869415
25.4868,25.79723
0.0,0.20121479
1672.53,951.3709
0.0,0.5202632
25.8992,30.569622
17.9842,18.345009
5.59409,4.8566837
0.0,75.61326
0.0262574,0.1498785
0.152526,4.8566837
0.0,0.32585955
45.9039,60.8328
38.3952,4.8566837
0.0,21.97661
0.0,4.8566837
0.0722183,51.208794
0.0,4.8566837
0.0,4.8566837
0.0,4.8566837
7.29843,7.198408
0.0,4.8566837
0.0681974,4.8566837
0.0,4.8566837
15.3208,0.34617233
0.0,0.11348629
25.6865,28.67672
1.21027,4.8566837
0.0,4.8566837
0.0,3.0385838
6.24168,8.284155
16.9082,17.637049
0.454014,4.8566837
1.51978,1.3520498
16.1453,16.421602
0.0,4.8566837
0.0,4.8566837
0.0,28.062744
7.30451,4.1944385
0.0270743,4.8566837
5.96252,4.8566837
0.0,4.8566837
17.5039,17.846243
222.75,276.96066
74.3385,81.497
4.59627,12.949445
0.0,4.8566837
0.0198191,4.8566837
2.45846,3.551695
4.88202,5.4622765
15.332,16.351046
8.8373,3.43334
0.0,4.8566837
7.89957,8.519215
8.15758,8.53225
0.0,4.106757
46.0233,49.591545
0.0,4.8566837
23.5057,27.752672
8.58381,9.479221
0.0,4.8566837
1.41397,1.3823745
0.512127,3.2871778
0.535877,6.728957
0.656222,4.8566837
0.0,4.8566837
0.397739,11.203492
20.8624,23.866188
0.0,4.8566837
11.1964,12.2099
0.0,4.8566837
32.6081,38.581055
22.6392,25.748137
8.23375,8.477553
3.60174,1.9916751
11.2349,11.783667
0.127347,2.918043
1.11499,9.005523
0.0,4.8566837
0.501173,-0.38884854
0.029949,0.566067
9.63148,10.506562
1.17489,6.1770344
2.77831,10.396012
0.0,4.8566837
0.183247,0.43603706
17.9272,26.497889
20.497,22.708366
0.0,4.8566837
36.891,11.890504
85.5778,97.07186
0.0166872,4.833479
0.0645255,5.4789724
0.0,4.8566837
0.0,0.0837152
0.0382792,4.8566837
0.16748,-0.22267032
11.2349,11.568139
0.56614,1.481664
15.5377,47.347878
3.21659,11.171203
0.0,-0.23024106
0.0,4.8566837
0.597943,4.974682
0.482503,29.214678
3.10352,27.25583
0.0244278,0.0032129288
3.35149,2.0520718
20.945,21.523088
0.0200258,24.168749
17.1223,10.910445
6.85145,8.034133
3.60176,4.039651
0.02025,4.8566837
185.622,4.8566837
2.49685,229.2105
6.33952,6.3595
0.0,4.8566837
0.0438842,7.6334944
4.4869,5.139598
0.392561,4.8566837
3.92962,2.268269
1.45006,1.7604074
0.0105662,1.2169836
17.9889,116.7512
0.582328,5.434519
6.08398,6.7073708
0.430381,3.1030374
0.0214824,0.32585955
0.441196,0.09141755
0.0394029,0.10742116
0.0657912,0.13150859
7.88268,8.339259
0.26033,11.415976
0.0,4.8566837
38.3952,35.38308
4.22201,4.8900375
9.83226,9.8937435
0.0,4.8566837
0.0,4.8566837
0.0283879,0.30867958
32.2663,35.04643
1.72756,21.3304
14.8102,14.177915
47.7097,11.6876745
0.0,43.068703
0.0213137,-0.04223728
0.0,4.8566837
13.509,4.8566837
0.53919,1.724489
14.7048,14.243387
0.0,0.06934857
0.0278917,6.84861
16.8988,14.104405
6.73907,7.271571
120.835,142.57597
6.8158,370.9488
0.0,9.011772
7.00254,18.078665
0.0,4.8566837
13.3136,14.437218
0.127069,18.89218
6.54572,7.347904
0.0,4.8566837
178.517,60.74949
0.0,4.8566837
12.2701,12.908962
0.0,4.881694
1.40665,1.8880794
0.0274204,4.8566837
0.137484,16.872122
0.0,4.8566837
2.27419,10.523401
5.73474,5.8602257
0.0,4.8566837
0.0,4.8566837
0.0,4.8566837
0.0296009,4.8566837
1.17735,2.5963528
0.0438842,7.6334944
0.160392,3.322167
0.0,4.8566837
14.2386,15.686068
0.377764,6.083234
0.0,4.8566837
31.7122,53.96216
0.0,4.8566837
0.0,-0.26538253
0.0179047,4.9740863
0.0,4.8566837
0.0,0.7548373
0.0,4.8566837
12.9969,31.250738
108.9,32.16547
0.0,0.3280108
0.0261254,4.8566837
0.0,4.8566837
0.0,4.8566837
3.96255,4.4231014
60.3717,68.85975
0.0,6.6690655
0.0,4.8566837
0.0263781,4.8566837
2.68224,6.0047045
0.0,0.46789742
47.3513,14.031878
0.0407668,4.8566837
370.815,80.792366
30.7785,33.974205
0.0,0.21909666
0.0790217,4.8566837
0.53003,0.71564317
9.03346,9.427819
17.8236,221.42415
0.0,4.8566837
0.0,0.3178122
13.2992,15.598097
0.0579628,26.500563
0.0,4.8566837
0.121479,3.049744
0.0683726,-0.037055016
0.0,4.8566837
0.0,4.8566837
22.5174,24.711546
0.0,4.8566837
0.0,4.8566837
0.0,0.2581935
0.0,4.8566837
40.2252,46.243263
0.0276208,4.8566837
0.0,7.7632723
8.59654,20.408735
433.955,477.11618
22.4149,25.603548
0.168818,4.89834
45.9852,4.8566837
0.0,4.8566837
6.77438,6.90716
16.1453,16.421602
17.6613,18.156872
0.0,4.8566837
0.536924,0.64364004
0.0,4.8566837
8.31722,36.520473
15.3241,4.6110973
23.4437,24.808468
6.09898,5.728808
0.441484,12.364876
2.46857,4.8566837
0.0,0.13316846
0.165727,4.8566837
52.9832,26.164736
0.0930278,4.8566837
0.0,1.6951371
0.955229,2.6377728
31.889,34.185295
0.0898809,3.403498
0.97247,1.0146329
1090.25,-0.15014815
8.57879,10.089748
0.0,4.8566837
4.63619,5.655631
3.62445,3.7210085
1.85969,1.9435909
0.0,-0.28269553
0.0,4.8566837
7.80756,8.128725
9.18444,9.575428
8.60295,9.182328
0.0,4.8566837
0.0,0.07144904
0.0,1.5727346
13.6965,14.335344
56.992,57.62962
0.361531,0.42694283
96.6188,125.39095
0.0766251,10.694497
0.0,4.8566837
0.0648194,4.8566837
0.0180207,0.5003648
11.3771,7.530772
3.43723,3.7876058
11.3947,12.246195
10.3114,16.928062
0.0,0.630533
0.0,4.8566837
14.5324,8.800382
123.679,147.40114
9.9387,11.045301
0.0,2.3501406
7.93361,8.276156
18.8462,21.704914
3.68034,4.8566837
0.147257,4.8566837
38.0254,40.223293
3.80485,3.7555122
19.5867,13.877808
3.71311,4.5132895
6.86627,11.501342
0.235774,4.8566837
4.54025,4.540015
110.913,123.18625
4.252,4.658455
2.36147,-0.074145794
0.0226374,4.8566837
0.410641,25.954905
21.7269,4.613334
17.4135,20.922258
1.16449,4.1044254
0.0,4.8566837
0.269299,0.44660783
10.2067,11.139845
13.4342,14.067795
0.462918,0.99855304
21.4696,24.466742
36.3421,40.041054
11.3212,12.209208
19.1489,20.625425
0.0,4.8566837
0.0,3.6370513
13.7664,15.143654
15.8452,24.939932
0.310734,0.25055432
9.31878,9.61299
0.0575503,4.8566837
0.40315,0.20121479
19.8674,10.038982
0.0,4.8566837
0.0,0.3916943
5.89798,6.3031416
0.434756,4.8566837
0.241438,5.3242803
0.0304159,28.389235
0.0508101,0.8361299
7.88359,8.147453
5.02841,1.4514351
0.117386,0.51875067
0.0,4.8566837
13.6965,14.335344
5.91939,8.813189
20.2414,13.85677
13.2496,4.8566837
0.0,0.25553703
8.30447,5.4789724
0.123364,4.733964
86.3551,90.77294
9.85834,27.757715
8.61256,8.973833
3.8617,71.90491
0.23267,13.715931
12.3794,12.938503
0.0,1.5484316
0.0,4.8566837
0.396008,1.4203346
0.0,0.111665726
0.161006,0.44902968
0.0,4.4727316
0.0,4.8566837
2.64652,2.8498602
0.0,0.25624514
9.4149,9.993778
18.1396,21.83215
0.0,2.6617532
13.0144,4.8566837
0.0209738,4.8566837
0.121209,4.8566837
11.3911,11.865977
0.0,9.689532
0.0803287,4.8566837
8.203,170.2611
0.0,-0.025808096
0.524087,0.5094173
0.0,4.8566837
1.03734,1.5939751
0.0,4.8566837
7.77056,7.467762
0.0,73.22166
68.9289,78.86137
0.40574,4.8566837
12.3755,12.27815
3.60176,4.117256
14.4902,16.573143
0.104821,0.6890042
0.0,1.8687384
12.8303,63.661083
0.0,4.8566837
0.0,4.8566837
8.21892,28.237337
1.9201,29.797901
0.0,4.8566837
0.02025,4.8566837
0.0,4.8566837
6.38249,9.334601
0.0,3.7656045
0.0,3.0244188
0.0947648,4.8566837
38.012,29.387564
11.3911,11.865977
0.0486026,33.586025
39.7765,43.62056
0.105717,0.06721425
0.26033,11.415976
11.5518,11.120237
0.0,4.8566837
24.7055,31.104078
24.1123,7.269414
0.0,0.05743909
4.27692,4.839336
0.0211065,4.8566837
3.628,14.335774
0.0261254,4.8566837
22.0206,24.416025
26.1456,27.046368
0.0,4.8566837
38.4839,41.319107
0.0,4.8566837
0.0,4.8566837
0.0304184,4.8566837
20.6263,21.215609
0.0597723,4.8566837
17.5554,66.74557
0.0,4.8566837
7.96072,9.368169
0.0,4.8566837
0.153007,4.8566837
0.0174459,22.65972
11.4008,11.6275625
0.0,-0.23260427
0.0,24.813221
0.0,1.2169836
2.62049,5.0051856
1.02611,1.2994173
0.0,4.8566837
0.0,4.8566837
9.4149,9.993778
126.18,146.44026
2.7544,50.691856
0.0,2.6617532
26.0752,29.76583
20.6311,19.722239
0.024356,0.055502176
5.14796,6.025918
1.69762,2.1282103
0.0,0.630533
0.0,4.8566837
0.129307,4.8566837
0.0747703,0.2563486
0.542215,0.5249021
0.016778,-0.14512849
27.6241,32.59641
0.0,4.8566837
24.1123,7.269414
0.0,0.01063633
0.0,4.8566837
10.2809,66.59985
63.9398,22.781656
0.0,4.8566837
0.0,4.8566837
0.0,4.8566837
22.4149,23.920109
0.0,4.8566837
0.831891,0.96732736
0.526505,31.832132
2.87896,3.3047225
0.116024,0.8971162
115.353,122.96405
0.0,4.8566837
7.18879,3.7656045
0.0,4.8566837
0.0,4.8566837
42.5577,230.59534
20.9778,21.075485
0.0,0.53182006
0.0,4.8566837
0.196308,8.1911
0.096906,4.8566837
6.02159,6.92846
21.5605,25.121016
0.0,0.50843215
0.259034,4.87238
63.6629,73.012886
0.0,0.53182006
0.0,4.8566837
0.0,4.8566837
6.34788,0.80290127
2.74106,3.4371452
0.0805441,4.8566837
0.0527473,14.995259
27.3942,27.385466
0.766402,3.5346913
6.97007,4.8566837
21.6382,23.23577
0.0261254,4.8566837
3.40206,3.2735171
4.0899,0.5171616
0.0,4.8566837
16.167,21.794703
3.74306,4.0821533
11.9358,13.307661
126.38,63.530674
2.56689,3.8356678
0.033392,-0.043243885
0.0,4.8566837
0.0,4.8566837
18.2676,21.587156
0.0,4.8566837
0.0,4.8566837
0.288984,1.8394406
0.0,4.5935774
0.141534,0.5014291
16.4003,18.904253
0.018648,4.8566837
43.8743,10.610963
5.52068,5.978548
2.8793,2.545924
0.0703577,0.15016127
0.118235,4.8566837
0.0,0.4075501
0.0,4.8566837
0.0,4.8566837
0.0,-0.42673516
1.08497,11.203492
47.1426,57.545223
0.0,4.8566837
0.0,4.8566837
0.330469,0.14694381
10.5207,11.757415
0.0,4.8566837
92.3116,7.563081
0.0,4.8566837
4.40845,146.21385
0.275945,4.8566837
18.374,19.446714
6.10457,2.777603
13.2992,15.598097
2.3566,2.2738051
0.0,25.458212
0.0310379,4.8566837
1.00717,1.3165512
0.0169503,-0.16801596
0.0,0.111665726
6.73907,7.271571
0.0,3.6355147
0.241039,4.8566837
0.0,4.8566837
29.0894,31.505585
40.8006,50.859222
0.612532,0.184721
3.52253,2.0095878
0.853314,1.6642071
2.92734,2.6638055
5.22253,16.288824
7.65274,7.953807
4.56991,39.219997
32.9177,38.63943
11.0146,12.492714
37.8396,28.65961
9.60602,9.76267
32.3352,35.828247
43.2114,46.582695
86.3551,90.77294
0.0,0.18649077
0.0,4.8566837
1.55502,5.899376
0.0,14.9226055
2.38675,2.7116191
1.63293,1.7519588
803.796,928.19824
0.0,0.52887416
0.0,4.8566837
121.756,18.516953
9.68664,4.351302
0.0,4.8566837
74.3385,89.022194
9.84674,10.031189
0.0377064,0.29170215
25.8435,30.198496
1.19608,11.621435
0.138878,0.17278624
0.0,4.8566837
0.256596,1.1882927
0.0,4.8566837
0.0,4.8566837
0.0354814,0.030121803
0.0889348,4.8566837
10.7571,5.0361156
0.0,4.8566837
10.154,102.10561
1.40205,1.1728644
51.1107,67.86803
3.39375,4.8566837
14.6904,9.044232
5.43055,2.1576126
0.0,2.0590448
11.0146,12.492714
0.0,2.9577103
0.0,0.08423638
94.7963,113.06442
0.0,4.8566837
0.0367091,0.017475128
0.0,4.8566837
0.0,4.8566837
2117.69,2356.8623
0.0,4.8566837
0.0,4.8566837
0.530209,0.5683458
15.2827,7.0132637
15.1388,16.445011
9.66222,951.3709
0.0,7.249527
0.0685767,4.8566837
0.294691,4.8657293
48.3711,54.935944
0.00673864,2.2529898
0.0,4.8566837
0.0,4.8566837
0.170468,0.5033591
0.0,4.8566837
8.20516,6.0047045
0.0,1.3866847
67.0111,15.010778
17.3319,19.430214
11.6074,4.8566837
0.0,4.8566837
0.0,4.8566837
0.0274204,4.8566837
0.0,3.4418263
0.0,4.8566837
0.051393,7.249527
0.532481,0.7650058
22.6272,21.577261
89.6832,99.89498
24.4512,1.1017432
37.7274,9.883284
0.206719,0.39883733
0.0,4.8566837
13.6708,15.601298
4.70115,125.42714
0.0,-0.23260427
3.08732,4.8566837
0.02025,4.8566837
16.5723,14.326069
0.152698,0.5706439
0.0059639,0.17085004
0.0149006,0.20695114
0.0,4.8566837
0.0,0.12471914
0.00775797,4.8566837
5.62209,6.2528534
15.8592,13.937079
0.443035,6.09361
32.6296,60.158195
4.0694,5.5412693
47.1426,57.545223
6.86627,7.35962
0.860813,41.328728
0.948007,0.30918384
67.9757,21.568197
0.0,-0.19563603
8.85757,10.1242285
0.0422045,4.8566837
4.27029,4.51101
0.0,4.8566837
2.31526,2.8448367
0.0,4.8566837
0.0,0.1895585
0.0672117,13.711088
1.17065,0.16475105
0.493416,4.5568485
42.8467,47.210068
31.2435,35.197754
3.42946,3.8989887
52.0819,56.66715
22.6392,25.748137
1.02618,1.6239777
9.4149,9.993778
0.0,13.877808
12.9887,3.8856423
6.58449,4.8566837
0.0519234,0.26362252
8.38179,8.55364
78.0455,84.7142
11.684,11.8395405
0.989546,4.710267
95.5694,108.42368
0.0,4.8566837
0.0,0.6890042
0.00961352,4.92161
18.2498,19.303347
0.23567,0.20419574
11.2349,11.783667
33.8268,3.5748649
16.3631,26.496729
0.0,4.8566837
17.3394,17.52386
0.600218,32.016216
11.2831,11.787016
0.0396249,0.25366807
2.92561,2.7933054
68.1974,80.61436
0.931777,4.8566837
0.692599,4.8566837
0.0,4.8566837
0.0101568,4.8566837
0.051393,6.271969
0.0,0.111665726
0.0,4.8566837
22.0206,24.416025
0.194923,49.784405
14.1541,14.468851
41.2784,52.236385
12.9819,13.025116
0.449778,10.755313
0.0,4.8566837
3.37369,3.0287967
9.70621,7.4337015
0.0,4.8566837
0.0,4.8910713
9.68664,10.402142
0.182946,12.468626
14.5324,10.754381
35.5888,37.548264
1.20083,1.0501442
2.16714,1.8279891
11.0804,12.021313
5.54151,1.748107
46.7864,55.519043
0.0,0.14339423
13.3136,14.437218
0.234005,12.491653
0.0,0.263896
1.35178,3.8721335
0.430817,0.19430399
1.26999,1.692642
0.0585701,4.8566837
47.3378,21.97661
0.0,4.8566837
0.177711,-3.7670135e-05
0.183057,0.7267332
19.9297,23.57791
10.4071,5.6893883
0.02025,4.8566837
0.0,4.8566837
0.0,4.8566837
1.4025,4.8566837
20.2295,13.877808
0.0218479,4.8566837
11.7377,32.235527
0.363451,8.359729
10.5139,11.0397835
0.405692,0.3296702
5.59409,4.8566837
0.0,4.8566837
6.04863,5.2468348
0.107556,4.8566837
126.529,153.29561
4.49234,2.600593
0.0,0.6947701
7.15625,8.39796
0.0,4.8566837
1.55598,2.152462
0.175384,5.5350037
28.1376,31.020144
1.4259,1.3785949
122.958,14.297116
0.0,151.45122
31.889,34.185295
17.3394,17.52386
11.715,11.77749
13.0129,13.334994
1.63293,1.7519588
11.4176,12.956428
7.72854,8.4425
0.662085,1.8231528
0.709381,27.516985
0.0,6.9316397
0.0,4.8566837
0.0555846,2.3880444
0.873785,4.8566837
26.2397,14.812992
0.0154171,4.8566837
120.835,142.57597
7.72727,7.984972
0.052786,4.8566837
25.3766,29.069
0.0,0.09268832
0.0,4.8566837
1.3851,47.759857
3.81813,4.318429
0.0,4.8566837
0.0,0.2866192
0.0,4.8566837
9.07852,8.718251
0.0,0.6377847
16.2922,5.5702477
0.0,4.8566837
0.0667514,55.821327
0.0614976,4.8566837
21.3561,23.645535
32.5265,4.8566837
8.14611,9.4073715
0.0973958,4.8566837
40.2252,0.5308974
0.0,3.8787744
1.57767,4.8566837
0.0,4.8566837
4.27029,4.51101
13.8431,14.521889
0.0,4.8566837
0.0752463,4.8566837
5.64921,6.4624653
38.7328,51.372276
1.93666,1.9686345
0.571642,0.7061188
0.0,9.845102
26.0933,27.709064
89.6832,99.89498
0.0,0.35847402
11.1947,11.460031
0.02025,4.8566837
27.7434,29.741402
17.5213,51.021183
0.0,4.8566837
44.8789,7.490161
7.93361,8.276156
0.0286426,4.8566837
0.0463012,4.8566837
39.723,10.662348
0.353103,1.1360083
4.88734,4.094519
0.0,1.2117813
0.0,4.8566837
0.0,4.8566837
0.281248,4.8566837
0.0,4.8566837
2.48086,4.8566837
0.0105764,4.8566837
3.8263,3.2075367
0.0187414,4.8566837
0.0384244,0.5974016
7.70336,4786.642
154.968,187.64372
0.0,4.8566837
0.0657912,0.13150859
0.0,4.8566837
0.0,2.782336
0.0,4.8566837
60.3985,70.241295
13.7404,5.4485016
5.59409,4.8566837
1.17735,2.5963528
0.0,4.8566837
18.058,19.01633
0.0,3.3174615
0.0310379,4.8566837
0.0,4.8566837
8.35015,8.76868
28.4969,1.4675229
0.0,1.5160584
0.0,0.43532443
0.080073,4.8566837
0.18146,23.505407
8.54891,8.540891
1.26219,1.2905452
0.0319278,0.13105845
0.0995296,4.8566837
0.0,4.8566837
0.0,16.163937
3.84675,2.6617532
14.3356,18.335262
64.8804,30.405931
3.66676,3.981777
31.6466,36.043358
35.4146,11.648756
0.0,4.8566837
13.0285,13.057327
88.1568,48.27304
14.4592,22.774572
20.9074,3.2841723
12.7354,13.278662
0.0,4.8566837
0.0717698,0.7250788
0.0,4.8566837
5.78663,6.029257
0.0,20.593355
0.0,0.07596946
8.18569,8.722743
0.0,4.8566837
0.0,4.8566837
0.0,4.8566837
15.1905,6.929449
0.210919,7.0214443
48.6022,27.92665
0.0643346,-0.4706099
0.0407668,4.8566837
0.0,4.8566837
0.608544,18.617306
0.241125,5.1439924
0.0633712,0.32674026
6.71487,6.941662
17.3016,21.929686
0.0,4.8566837
0.0130336,0.5393207
3.33722,3.855464
31.889,34.185295
1220.51,962.468
11.2349,11.783667
2.98434,3.5240912
38.012,29.387564
26.5551,64.101906
6.08012,85.39413
11.5803,14.876632
2.2757,2.7822049
20.1227,20.613907
11.9639,14.546871
13.4078,22.541319
36.8233,30.148836
11.144,8.419846
76.8259,85.62574
0.340899,4.8566837
15.741,18.305754
27.528,7.323962
0.0,4.8566837
1.2634,1.5416114
0.122288,4.8566837
37.8184,46.488586
6.1125,7.271756
21.9927,24.195234
6.2082,6.8702555
47.7297,49.846848
11.5803,14.876632
0.3569,-0.32150364
16.7626,10.221821
6.00416,7.4144573
28.1376,31.020144
0.0,4.8566837
0.839133,5.2714024
9.66222,951.3709
1.48847,1.5340257
20.65,23.669481
12.766,13.123983
0.170468,0.5033591
1.63293,1.7519588
63.5438,71.38474
0.0,4.8566837
15.99,8.061381
0.0,0.40856338
0.0,4.8566837
0.0,4.8566837
0.0,4.8566837
0.0,4.8566837
10.2463,11.563179
85.6316,66.74557
17.7894,12.364876
0.0,4.8566837
10.411,5.271883
0.0,4.8566837
0.966778,1.9802101
7.14585,7.5880413
25.6866,28.17302
0.0,4.8566837
0.0,4.8566837
7.20484,11.229599
0.0115644,4.8566837
0.0231005,4.8566837
0.0,4.8566837
0.517011,0.2934878
0.0,4.8566837
1.31869,1.3380249
6.28008,4.8566837
2.30816,1.4423294
11.1811,12.740458
0.0,-0.025808096
1.93037,2.6031256
0.123718,4.8566837
11.7182,4.086809
0.0476741,55.33744
0.271209,0.60935426
6.51382,4.3357162
8.03788,8.258228
6.86627,7.35962
0.0,4.8566837
0.0,4.8566837
0.0,4.8566837
4.39554,3.0385838
0.0,4.8566837
5.45664,96.9477
0.534143,0.841974
0.209364,-0.20965171
88.227,51.67359
51.4147,29.38331
0.493416,4.5568485
0.0158971,4.8566837
0.196923,8.9964485
2.86354,18.222221
16.0687,16.334822
8.54155,9.269621
27.6502,31.582727
195.28,3.0317326
12.9157,11.427783
24.9532,28.18442
0.0463136,8.56604
3.74162,29.656778
12.4639,4.8566837
272.196,164.32945
1.12688,0.93492365
0.0,4.8566837
13.534,5.561005
11.6536,-0.1118269
30.4005,16.51005
0.152745,4.8566837
0.0,4.8566837
0.00992251,4.8566837
0.0,4.8566837
0.0222064,4.8566837
0.0145785,4.8566837
8.36754,8.387047
21.1404,20.914984
0.0,4.8566837
11.2831,11.787016
5.85685,6.1643066
0.0153356,4.8566837
10.4821,10.7122
2.1687,3.3676653
35.0216,36.078545
0.0,9.478374
78.8296,46.75976
0.763368,4.8566837
192.728,229.46152
0.0541491,4.8566837
0.754826,4.8566837
0.75264,1.1375754
0.0,4.8566837
9.59899,10.155543
30.345,36.1662
16.8498,81.506966
8.203,8.636429
4.8694,5.0267572
0.0,4.8566837
0.791812,2.5136127
0.387361,4.3724394
29.4276,28.340385
0.0,-0.22138429
0.0,4.8566837
2.08647,1.9686345
0.0571442,-0.1110363
49.2648,57.138706
27.0342,6.8353424
0.0119285,1.5839105
0.0,0.07596946
4.71181,4.8566837
5.1564,2.3896096
0.681433,11.178211
11.3911,11.865977
0.0,0.20404744
0.496241,2.268269
112.303,129.67032
21.9927,24.195234
2.94202,15.148865
8.20827,14.9226055
0.0,4.8566837
1672.53,951.3709
7.09776,8.0358925
0.0,4.8566837
0.0,4.8566837
12.8269,60.682953
3.51536,3.7711046
7.18879,3.7656045
14.5588,16.820425
0.839133,5.2714024
0.0,0.21909666
24.3086,28.260786
6.93717,2.2091513
0.0,4.6125164
0.164682,4.8566837
0.080121,4.8566837
0.0,0.6583853
3.4731,-0.05741954
0.205377,0.16064191
13.4342,14.067795
0.0,4.8566837
4.545,1.3866847
0.0,4.8566837
0.0,4.8566837
0.0,4.795905
5.61369,31.700233
0.620975,4.8566837
14.8319,20.781912
0.0128127,4.8566837
0.0,4.8566837
8.67667,9.307163
0.161331,4.8566837
0.0,4.8566837
84.2505,22.286718
6.59443,46.225555
7.18663,2.4226418
7.13458,7.3820124
10.8319,52.221962
0.0527068,4.8566837
16.1769,17.339941
7.28997,7.780548
0.0,4.8566837
5.48619,4.688011
0.048191,4.8566837
16.4061,52.022728
0.0,4.8566837
0.0,5.516034
4.06435,2.4454923
12.8443,8.407632
0.430646,4.4645586
41.1122,45.131733
0.0,3.3848581
2.46857,4.8566837
0.144784,0.4376111
2.738,3.8724716
11.7324,12.421506
4.51348,4.2782764
11.574,10.420974
0.0,11.626627
0.164682,4.8566837
12.4457,9.469541
2.66844,2.4808898
0.265303,4.8566837
4.64168,3.5975764
6.91163,7.621277
10.9545,11.820221
0.0633151,0.40079403
16.4925,18.5343
0.251745,11.940239
15.0677,14.898439
0.0,4.8566837
0.0842092,4.8566837
0.0,4.8566837
0.0,4.8566837
0.0228214,4.8566837
0.324999,7.4615526
0.0296726,4.8566837
0.126268,4.8566837
0.0279625,4.8566837
9.91484,4.9740863
0.0,4.8566837
0.040939,4.8566837
158.563,180.5674
6.1345,6.700552
0.216623,0.6447532
0.0,4.8566837
103.001,265.8394
9.463,4.8566837
7.24419,7.1671734
410.978,4.1493607
3.33156,13.717663
0.0,4.8566837
0.147257,4.8566837
15.7273,9.981682
0.0551446,0.18471003
0.00887042,4.8566837
0.0,2.0199342
4.74741,5.2549915
0.371223,9.37706
2.9242,2.866798
0.0,4.8566837
0.0361774,0.34514523
0.0,4.8566837
0.0243009,48.81002
22.6518,11.940239
11.2641,19.898466
26.276,22.606186
0.319634,4.6578226
0.0764985,4.8566837
4.64645,5.4342985
0.0,6.642866
5.03248,35.946033
4.85934,5.092077
14.8348,7.4552298
0.449709,5.351286
0.0,4.8566837
14.3224,18.86429
0.0254483,26.391996
4.6505,5.1921825
0.0,102.33636
122.353,61.70452
4.39634,4.2403526
2.64652,2.8498602
10.5139,5.3043985
0.0,0.042668343
0.548949,7.318034
46.0233,49.591545
5.69175,20.709173
0.0,4.8566837
0.0,4.8566837
13.2361,1.8107436
0.0803287,4.8566837
0.0505051,4.8566837
0.289539,12.701745
0.0,7.9103975
0.05699,4.8566837
12.3578,13.148917
0.392828,0.7642081
8.10299,8.322188
0.0,4.8566837
0.0265841,4.8566837
169.242,229.70998
1.23554,0.83927894
30.1359,40.930134
10.8913,2.9513896
0.0,4.8566837
0.0774752,3.7401233
22.6392,25.748137
13.1918,14.706455
115.716,62.34256
22.5027,24.988756
12.6572,14.901568
1.27604,7.6506224
11.2831,11.787016
11.6114,10.089748
13.1239,14.104409
0.0,4.8566837
8.14864,5.0523186
0.0,-3.7670135e-05
0.679415,0.7636242
0.0,4.8566837
0.0734236,1.1193163
9.68664,10.402142
9.03346,9.427819
41.0443,16.90258
0.0,4.8566837
0.109324,0.2775085
24.5835,26.135672
20.1295,23.357306
0.329182,11.081334
6.84802,8.880051
0.0655596,6.019966
0.0,4.8566837
0.0,0.3602829
4.26047,83.58966
4.24122,1.5839105
11.6536,-0.1118269
0.025486,3.43334
8.61474,27.465136
0.0645255,5.4789724
19.9248,14.855183
26.5434,12.714015
10.919,12.03339
28.9256,12.491653
0.0,7.249527
0.0980159,0.2617414
4.52907,4.8790092
0.0,4.8566837
0.0,4.8566837
0.0,4.8566837
0.0,4.8566837
0.0,4.8566837
0.133885,214.19029
0.0158816,4.8566837
0.0265851,0.25377345
0.0,4.8566837
3.88447,101.09554
0.0,4.8566837
52.2918,57.127586
5.65542,8.176504
2.33652,14.118711
42.2709,12.43387
0.0,4.8566837
0.0167702,0.47502756
0.353103,1.5430212
0.0,4.8566837
0.233062,0.8468983
0.0593236,0.4863639
0.0,4.8566837
0.700803,0.72689295
0.0,4.8566837
0.0,4.8566837
0.0,4.819439
8.87697,9.072144
29.102,29.6947
19.4687,21.04096
54.7708,15.072218
1.38841,1.4870381
8.40817,9.112444
0.802017,1.0022006
0.670411,0.30592847
0.168847,4.912113
4.75915,5.069044
0.0,4.8566837
0.281248,4.852992
0.095025,0.23018622
36.2545,38.0183
0.0185423,0.26436377
0.0,4.8566837
0.0439948,4.8566837
4.64859,4.423062
4.92439,6.5223866
13.3341,13.313801
0.203546,0.1342318
19.4241,22.657553
0.0,4.8566837
18.7897,22.031466
1.42503,6.174449
6.21711,6.333905
5.18852,12.336985
0.685463,36.520473
9.57138,9.642072
4.70951,182.64107
0.0,4.8566837
5.78663,6.029257
0.0,4.8169336
0.0,4.8566837
0.0,4.8566837
0.0683978,44.580616
12.8546,5.765587
0.0629815,0.13655543
29.1625,32.692467
65.8736,49.44862
27.0976,27.945185
13.3117,13.847376
74.3385,89.022194
7.79231,7.672476
0.0,4.8566837
0.0,4.8566837
16.8505,7.043563
0.0,4.8566837
6.6427,11.795218
8.7999,8.636836
0.302294,8.745829
0.0318162,-0.22267032
0.0,4.8566837
7.09103,23.767614
27.7483,9.366811
0.0,3.7656045
0.0198511,4.8566837
2.89538,3.1332035
0.0322283,0.25943375
0.0,4.8566837
12.2934,12.016901
0.0,4.8566837
0.915715,0.34250045
0.0,4.8566837
19.3196,23.717949
8.90006,191.04768
0.0,4.8566837
0.0,4.8566837
0.0,4.8566837
25.2743,36.249977
0.0156339,4.8566837
17.9272,26.497889
8.20516,6.0047045
45.9377,49.541794
0.406795,59.96865
28.1376,31.020144
8.79761,8.981589
0.0,4.8566837
0.139701,-0.07866025
0.0538038,0.73461723
0.0,21.97661
71.0243,89.42919
0.0,0.111665726
0.0178874,4.8566837
53.3411,19.804647
0.0,4.8566837
23.0079,24.797194
24.4617,26.159063
25.7322,18.990788
0.0,4.8566837
2.69684,16.40297
0.0168296,4.8566837
22.4628,4.8566837
169.985,57.3666
0.133885,4.8566837
0.0,4.8566837
0.112871,4.8566837
0.00727648,4.8566837
0.0,0.111665726
80.0908,100.10649
23.569,27.468763
0.0,0.1895585
0.0506783,4.8566837
18.3232,26.655203
0.0,4.8566837
0.0,4.8566837
20.3935,20.250635
31.4133,36.511715
0.0261254,4.8566837
0.125719,0.5202632
16.643,2.3493748
0.630093,0.87576365
0.0,4.8566837
31.889,34.185295
0.0,0.5171616
0.0,-0.03154874
0.0,25.458212
0.0,4.8566837
0.011101,0.12238288
20.6311,19.722239
13.3234,30.148836
5.78663,6.029257
0.0,4.974682
0.0,4.8566837
0.0,0.091148615
9.31878,10.014315
4.37563,6.461768
0.0471918,4.8566837
0.0,4.8566837
61.3507,39.79258
15.9221,16.425434
2.42901,2.9423406
13.4596,15.055723
4.54892,4.807493
2.26397,32.039303
35.0486,37.0143
0.0,4.8566837
0.441484,21.954224
0.624512,4.8566837
3.62445,3.7210085
10.4143,0.11359596
0.0,0.39091277
0.0,4.8566837
1.3366,3.5380306
0.0898018,0.15879774
9.9387,10.741481
0.0,4.8566837
3.51618,3.611201
0.966317,16.315191
11.2284,10.472545
0.0285757,0.11286092
0.0,4.8566837
91.3823,110.98661
6.68171,7.534734
0.0,5.1385455
20.6133,8.578526
0.288601,0.5393207
8.51378,8.786568
0.0955366,4.8566837
5.16818,5.459592
13.5853,15.194933
0.0,4.8566837
154.968,187.64372
6.87925,25.798452
0.167349,0.7559686
20.3765,7.249527
0.0,4.8566837
4.52996,0.9642098
0.0,7.944291
0.0629534,4.8566837
0.0,4.8124924
2.29766,1.1986296
14.7351,1.5286047
33.1131,4.2496495
1.27446,9.752292
0.0,4.8729134
32.9684,40.37105
0.0,4.8566837
0.0,4.8566837
0.128932,4.8566837
181.813,208.8964
0.00808029,0.11433101
44.5136,51.96826
0.0819871,4.8566837
0.0764985,4.8566837
50.567,50.528557
85.6316,66.74557
0.149905,7.19279
370.815,80.792366
0.0,-0.013681173
6.54572,7.347904
0.748226,1.0135267
2.18394,2.1801252
0.0,4.8566837
57.049,4.8566837
28.313,15.403614
0.115845,4.8566837
10.5353,10.8809395
68.9289,78.86137
0.234831,4.8566837
11.9164,3.1568894
4.1897,3.8638945
0.03749,0.32585955
0.534143,0.841974
0.0,4.076126
23.5057,27.752672
3.1273,3.1349347
0.0,4.8566837
0.0278073,16.752853
12.3079,12.146692
7.88354,7.822447
6.13331,5.921771
0.0170975,0.33093166
0.0214629,4.8566837
85.1751,113.03094
52.7444,28.124569
35.3348,18.841797
0.0388604,2.5868087
10.8023,56.934723
20.3765,5.798155
231.91,15.089226
9.31878,9.61299
69.4026,1118.5333
6.28842,5.611575
0.0,4.8566837
0.0,0.104325056
0.471161,4.8566837
0.0623884,4.8566837
26.234,27.61585
22.3609,26.022526
29.3384,35.030113
11.0977,4.4947457
16.8529,23.386211
0.0,1.5046619
0.0,4.8566837
9.30771,13.676767
74.4531,87.435265
181.96,201.00865
42.5758,48.700752
27.7434,30.21691
2.59898,2.4964333
17.8586,19.561983
0.0,4.8566837
0.0,4.8566837
0.0,4.8566837
0.0,4.8566837
30.36,12.656282
0.0,4.8566837
12.6111,13.342532
73.0222,4.235532
0.0324435,4.8566837
1.55502,5.899376
10.1436,10.297308
0.0,0.29170215
0.0420966,4.8566837
0.0,4.8143253
0.0129563,0.29096866
115.716,62.34256
0.105977,-0.006709099
0.0546641,4.8566837
0.0704301,-0.11025667
15.7275,16.714138
0.0148074,4.8566837
1.78663,1.7167447
1.12501,2.0354407
0.0,4.838311
0.0,4.8566837
3.42946,3.8989887
17.7602,20.092772
68.9565,81.26777
12.8546,5.765587
1.26519,1.6075499
0.0,4.8566837
0.0324739,9.981682
33.4603,39.398033
0.797986,1.6867852
8.88717,9.264636
0.0,-0.7070472
0.671246,0.8330412
0.839838,15.149454
0.0,4.8566837
0.0,4.8566837
4.29189,4.823107
0.154268,4.8566837
0.0,4.8566837
16.2904,17.676483
36.1719,21.748379
20.4143,20.798807
0.0,4.8566837
0.0528512,4.8566837
21.9927,24.195234
50.3607,3.3224216
0.689814,0.1743474
14.6375,14.709662
27.9572,36.643196
0.152325,7.396716
0.0,4.8566837
0.0,-0.3091395
0.0,4.8566837
0.027385,0.26654673
2.84066,3.739849
0.02025,4.8566837
0.0,1.5484316
10.2463,11.248542
0.0,4.8566837
0.0,4.8566837
0.0293181,4.047389
1.4467,2.5458508
0.0,4.8566837
87.0906,9.819817
0.21459,54.511547
0.041083,7.5473576
9.47653,5.899376
0.00703583,4.8566837
2.32627,1.6788452
0.077815,4.8566837
8.57879,10.089748
0.0,4.8566837
0.0,4.8566837
0.0,4.8566837
14.0233,25.009874
3.4621,10.024624
3.82122,9.170337
59.6986,1.5317944
54.8596,62.18491
18.2394,50.384605
0.0,4.8566837
13.1239,6.5714083
0.0,4.8566837
7.72727,7.984972
0.593276,9.0419035
16.961,19.208057
55.2517,70.31471
28.1987,8.762476
0.0,0.6604378
0.0400535,8.234673
0.0,4.8566837
2.84066,3.739849
0.0,4.8566837
13.3781,13.290603
9.36233,3.2521951
14.5392,39.30858
7.93361,8.276156
0.532195,0.114243746
16.6061,16.716516
0.695969,3.8991463
9.51941,11.046768
1.94248,29.606398
77.4792,95.818275
0.0,4.8566837
0.380775,4.8566837
0.0323811,0.19518805
0.0,4.8566837
0.0376121,0.27565718
4.7028,37.830727
0.233751,2.8471758
6.94055,2.5459075
89.9161,108.24831
16.2541,10.01021
0.0,4.8566837
0.051393,6.271969
0.0,4.8566837
0.0803971,4.8566837
1.20238,8.148238
0.0,9.390565
1.9817,2.5094821
0.0,4.8566837
11.0919,11.270342
80.3929,47.674202
0.0,-0.19363594
0.0,4.8566837
14.9189,16.5254
18.1842,18.75017
5.34605,3.8497145
2.3566,2.2738051
9.22554,5.2714024
0.0,4.8566837
0.0,4.8566837
0.0393917,4.8566837
0.0,4.8566837
0.340281,38.266754
0.0,36.228264
3.41662,3.6649437
37.3936,9.3260565
3.32871,2.8141637
67.0111,15.010778
0.0,4.8566837
0.0,-0.17299938
10.3601,10.661733
10.039,10.394412
0.0132778,0.11024237
0.0,4.8566837
30.5976,29.986574
24.5835,26.135672
9.56915,10.052341
0.0,4.8566837
0.0,0.79488826
9.20199,5.05269
0.561068,4.8566837
0.0645255,5.4789724
3.94202,3.2180958
0.0,0.35121512
6.33662,4.8566837
0.0415572,4.876665
5.03441,6.731846
0.132446,0.86366284
0.0757449,0.40298033
0.0,4.8566837
801.127,678.1346
0.0,4.8566837
44.0347,49.047092
32.6081,38.581055
0.096906,4.8566837
0.507646,0.8634007
3.93496,4.0352077
0.242037,11.351646
3.52253,2.0095878
5.0881,3.0904448
4.56991,39.219997
1.84062,2.1542683
0.02025,4.8566837
29.4994,31.848139
130.387,29.730955
738.118,818.02203
9.4149,9.993778
0.00973541,0.129421
12.3794,12.938503
9.66222,951.3709
0.0,1.9229134
0.0,4.8566837
1.58771,0.20867896
10.04,10.455734
0.0951901,1.907719
2.40825,73.007286
5.16818,5.459592
0.921524,0.8878052
55.2129,8.511737
0.0,4.8566837
21.5036,21.651865
7.53429,13.971212
24.9532,26.555534
4.35779,3.359596
0.0,4.8566837
0.0,4.8566837
0.0,0.111665726
7.06242,45.586193
6.71487,6.941662
0.0,4.8566837
10.6178,11.437787
7.72727,7.984972
0.492848,19.945217
0.873254,4.8566837
23.8582,7.762789
0.0,0.22739172
0.0,4.8566837
0.0503692,28.187994
0.0,0.07520461
11.3499,13.699127
9.37391,9.799446
32.2663,35.04643
1.26999,1.692642
0.0,0.13278604
16.9237,12.868074
22.6392,25.748137
0.0,4.6448007
0.0,4.8566837
0.00866662,4.8566837
0.0712323,0.1682651
5.90745,2.0008764
0.0,4.8566837
0.0,4.8566837
20.3765,5.798155
0.0415987,0.63110304
0.0527945,1.2717271
0.0,4.8566837
1.45222,4.8566837
0.0,4.8566837
0.0621603,0.16830325
57.3396,6.0600967
0.0,4.8566837
0.00683605,4.8566837
9.45517,9.721526
0.0199938,4.8566837
10.7553,13.049191
0.0,25.601961
0.0149743,4.8335447
0.0,4.8566837
110.799,80.99625
0.0,4.8566837
0.248463,1.3129863
11.3911,11.865977
35.7755,19.484894
0.144784,0.4376111
11.0146,12.492714
5.21638,5.5317698
7.5882,8.322998
3.50575,10.560872
4.545,1.3866847
0.0,4.8566837
0.0,4.8566837
0.0,0.28647208
7.65143,8.490904
255.378,167.38014
4.92304,3.389249
1.4467,2.5458508
21.4343,10.983617
4.3505,35.95296
11.2706,11.718504
1.55598,2.152462
7.75683,8.409401
0.0,4.8566837
6.68511,3.5357254
4.3151,5.2637625
0.0435377,0.53248143
31.7944,12.46068
0.0323968,4.8566837
13.5897,4.5935774
80.836,94.825485
0.0417562,4.8566837
0.0652797,4.8566837
0.0286426,4.8566837
12.3578,13.148917
0.0850534,4.8566837
0.0645255,5.4789724
2.91906,100.40197
3.31331,15.516518
0.0309568,4.8566837
8.8137,2.8282022
4.26574,4.590539
0.0,4.8566837
7.78329,-0.28007436
0.0,4.8566837
69.5907,22.51216
0.565411,0.62335896
76.9977,100.577126
0.0,4.8566837
0.0345443,1.7099036
10.8696,3.3827143
0.0262574,0.1498785
6.39448,65.67542
0.0,12.246195
11.1811,12.740458
102.047,65.05434
0.0,4.8566837
0.0,4.8566837
13.0144,6.975209
0.0,-0.66068625
0.0,4.8566837
25.8108,48.58882
9.08801,56.06169
0.0,4.8566837
0.0,4.8566837
49.0173,49.482918
0.0,0.50843215
0.0,4.8566837
17.0723,8.758049
22.6392,25.748137
2.6129,6.621011
0.496611,4.8566837
0.0,4.8566837
3.17315,3.663341
1.25708,1.0998352
4.04668,4.519497
0.242888,1.0406535
177.36,199.40508
0.041158,4.8566837
0.0,4.8566837
0.0,4.8566837
0.0,11.233549
0.0,11.236181
4.4391,8.995196
0.553941,0.4492569
0.0,4.8566837
5.39411,5.756133
19.9112,18.682154
31.8925,125.857895
15.9952,16.831045
12.39,36.172974
0.0,4.8566837
8.20827,14.9226055
0.75264,1.1375754
0.0,4.8566837
0.0,4.8566837
1.20083,1.0501442
0.0429052,0.65800214
0.0,0.078039885
5.74144,11.829437
0.160508,3.275495
3731.54,3587.9863
51.7546,61.32113
9.66222,951.3709
0.100224,5.176697
0.0146776,0.11198926
0.0219676,4.8566837
0.19907,11.310957
3.68977,4.3991213
0.310805,19.672045
0.013013,-0.28535628
12.3842,0.9170537
2.62049,5.0051856
0.0,4.8566837
0.143557,4.8566837
0.0,4.8566837
0.0,0.13705993
0.0651436,4.8566837
0.0,1.2847915
8.78468,9.467509
13.3605,0.17052245
0.587905,0.65478206
0.0,-0.26538253
62.4155,10.886356
0.0327247,-0.9935725
2.08579,3.6900163
6.39349,11.937212
11.613,5.5686846
0.492471,74.474846
27.5158,26.497889
0.68951,0.18752432
0.0,0.111665726
18.4826,106.68167
0.0150878,4.8566837
0.0,4.8566837
5.16245,5.0914936
29.149,32.245667
9.68664,10.402142
0.782975,0.97984946
26.4642,12.150353
0.0,0.44583797
0.027453,0.097875595
0.0,0.3916943
0.0,4.8566837
23.1255,25.120604
7.81582,8.325723
0.0352636,-3.7670135e-05
7.72727,7.984972
8.10573,4.8566837
0.0,4.321618
1.20482,12.136561
0.0,4.8566837
1.34405,6.841713
0.0,1.0677011
0.0339982,1.3866847
0.0,4.8566837
0.0174285,0.5477216
0.03437,1.3871028
0.0,4.8566837
145.657,145.85774
0.0634393,12.448211
2.18394,2.1801252
0.0,1.06897
0.0115032,0.18065286
60.0743,14.172182
0.0,0.27097368
0.0,4.8566837
0.0165863,4.8566837
0.0,4.8566837
0.0,4.8566837
0.0,4.8566837
0.0,75.61326
0.0,8.288965
15.6387,16.296013
0.041083,4.8566837
0.861373,11.97315
0.0,4.8566837
0.0,4.8566837
16.651,19.980558
14.0998,13.874739
1.27446,9.752292
0.086623,4.8566837
0.0735725,5.0284395
0.0475428,4.8566837
0.163732,6.5917873
0.232937,4.1431227
9.4149,9.993778
9.57138,9.829795
0.894353,1.0931704
25.8108,48.58882
15.2671,19.111383
0.0,0.19516158
0.0,4.8566837
38.012,29.387564
19.5991,18.862074
0.0803971,4.8566837
0.0261254,0.12247801
3.62055,3.9229887
0.0,6.6690655
5.78663,6.029257
3.44411,2.4248075
46.7275,54.06888
18.0396,24.764372
2.01795,4.8566837
18.53,20.652231
68.9289,78.86137
0.0,2.511414
0.0896572,6.741164
0.0,4.8566837
0.0,4.8566837
0.0,142.0573
0.0506962,6.2604675
0.11251,4.8566837
0.241715,11.245627
0.0,0.05907488
0.0,4.8566837
0.0,4.8566837
0.0,4.8566837
1.15678,4.4732533
0.265004,4.8566837
0.766402,3.5346913
2.24119,2.261118
15.3676,-0.061830997
0.03713,4.8566837
0.0215975,1.8485641
0.0,4.8566837
1.90472,8.784637
7.5882,10.417548
29.0894,31.505585
63.9287,53.023277
0.430817,0.19430399
0.0,4.775038
53.392,4.8566837
86.3551,90.43273
0.0,4.8566837
4.12583,136.92737
0.0,4.8566837
4.37563,6.461768
72.0507,74.51441
0.0,4.8566837
0.0,4.8566837
4.15016,5.611575
16.7626,10.221821
0.0,4.8566837
1.2552,4.8566837
6.81054,7.576559
4.4131,-0.49952483
0.0931813,4.8566837
36.1941,38.750214
3.30789,10.837593
22.0933,24.863672
0.0,4.8566837
0.0,2.4418018
21.2436,21.891333
15.1906,17.012632
1.00717,1.3165512
0.18877,0.79154253
3.47315,4.517021
7.67703,8.416877
0.438031,12.375084
12.7705,13.812153
80.0908,100.10649
10.919,11.565828
0.0,0.35987425
0.0730304,0.82971454
37.3936,9.3260565
0.534861,4.5568485
0.620032,5.6190176
22.6442,38.61248
0.0530535,1.508856
6.33747,6.3765497
47.6788,24.686197
31.889,34.185295
4.00067,0.9330795
13.7455,6.0261736
0.0,-0.9935725
3.08732,4.8566837
202.187,14.177915
12.8677,14.573057
0.02025,4.8566837
0.0541491,4.8566837
0.0,10.684761
46.7275,5.7125387
2.87614,4.8566837
0.0162918,39.855186
19.0798,19.62236
0.0,4.8566837
619.796,300.48795
0.0,3.905515
0.0,4.8566837
0.0,0.38639426
29.8053,31.902576
0.0,4.8566837
0.0,4.8566837
3.60053,4.168165
1.13347,0.6202636
11.308,11.83099
0.0,4.8566837
19.1647,30.563112
8.30447,5.4789724
1.11784,1.2100646
0.0,4.8566837
0.0,0.149338
0.138878,0.17278624
5.59568,49.754116
2.41248,4.8566837
37.3772,12.318619
0.0,4.8566837
16.457,17.460112
8.203,8.680534
2.42467,1.9229134
3.1273,3.1349347
2.22496,1.0217831
0.0713469,4.8566837
17.6053,19.999147
0.0167724,4.8566837
0.0,7.016288
0.105717,0.06721425
0.116538,4.8566837
0.0,4.8566837
15.4538,5.7536783
0.0,4.8566837
13.3341,13.313801
0.838692,3.403498
6.6255,4.8566837
0.0,4.8566837
18.2965,20.072935
0.174932,0.20049691
1.2714,1.5190041
4.74464,5.5002737
0.00832832,4.8566837
40.2252,46.243263
13.6716,13.815395
14.1028,13.700356
0.0105662,1.8326561
13.0144,14.424177
0.875072,0.6340463
0.0,13.385104
12.1094,12.739113
0.0607677,1.7430723
19.0535,18.985834
0.0,4.8566837
7.30478,4.8566837
0.025486,3.43334
0.0,0.22514772
0.68252,5.271883
0.0363823,4.8566837
13.3866,48.950462
0.0,4.8566837
0.921524,0.61368895
61.77,65.519226
0.0,4.8566837
0.0193289,4.8566837
11.9212,21.97661
0.0109827,4.9074726
0.249562,0.50931835
0.0,4.8566837
10.2809,11.31436
1.85569,1.2624757
0.185893,4.8566837
15.1568,28.756897
0.0,0.1379888
0.0,4.8566837
23.5057,27.752672
11.1811,12.740458
0.0,-0.023806095
0.0189604,4.8566837
5.75256,6.1317587
0.251745,11.940239
0.0,4.8566837
18.1698,161.47714
0.0317711,0.5565541
0.571642,0.69825053
3.50939,6.928116
0.645114,4.8566837
0.0,3.2107732
0.0,4.8566837
0.0,4.8566837
0.0,4.8566837
6.71604,7.213422
10.5992,10.941913
0.0,4.8566837
3.24739,14.61488
32.4123,16.315191
1.24908,2.0077956
0.0,4.8566837
30.6925,34.066696
3.04972,1.4469779
0.0980159,4.8566837
27.971,30.255562
1.45163,13.239247
619.796,300.48795
0.0,4.8566837
1.26519,1.6075499
0.0258166,4.8566837
0.129077,5.950019
0.0718414,0.37855315
7.63516,7.1516647
44.5126,23.75143
23.7004,16.217165
0.387816,4.8051167
15.0041,15.125582
2.83586,3.3600626
21.4787,11.459252
0.171019,0.43603706
5.59409,4.8566837
0.0,4.8566837
25.2295,67.81388
1.19608,53.486126
36.7901,50.724823
2.19219,1.5297782
9.22554,5.2714024
0.0,4.8566837
4.64846,5.664628
4.57112,2.9596133
24.9532,28.18442
54.3436,18.362198
0.162101,0.24350429
0.0230774,4.8566837
6.70987,6.9050226
0.0479309,4.8566837
0.675141,4.8566837
2.47586,1.6505133
0.111489,4.1431227
3.74162,3.451414
0.413002,156.55125
9.31878,9.61299
0.0,7.258151
0.237022,55.962097
1.91025,3.52824
0.438031,0.08705807
0.0,2.782336
0.0,4.3889036
0.0130855,1.1478295
1.21645,4.8566837
5.1839,4.0426397
11.1051,8.345697
0.0,0.06610799
0.0,4.8566837
12.5184,12.913078
11.3499,13.699127
0.0120289,42.671585
0.0603654,8.10651
6.31848,5.855089
0.530209,0.5683458
0.379956,58.990578
0.0,4.8566837
0.0131872,0.5624149
9.4149,9.993778
0.0,4.8566837
1.61219,4.369358
5.23978,40.427986
9.41833,3.2520304
19.3857,29.387564
0.0168296,4.8566837
0.0,4.8566837
24.5386,11.541119
6.40323,31.36426
53.3411,19.804647
1.02096,0.94663143
0.0,0.45457983
0.13323,4.8566837
0.0,15.030384
8.58183,23.566793
78.8657,89.06952
2.81657,2.062393
18.0201,19.292002
9.28526,7.0662155
9.31878,10.014315
4.78224,32.34001
0.468693,4.8566837
15.7976,17.332932
36.9073,0.4057243
0.014177,4.8566837
12.6111,13.342532
6.41239,0.89679456
89.6832,99.89498
4.86962,4.4662538
0.0995542,4.8566837
11.7058,11.9088545
0.0261254,4.8566837
0.0,4.8566837
0.0,3.4418263
1.52665,1.3053043
5.64675,21.964632
5.43982,7.9048576
0.144784,0.4376111
0.0,0.06610799
0.534143,0.841974
71.4958,73.74471
0.0,4.8566837
0.0,4.8566837
0.0,4.8566837
0.019213,4.8566837
18.727,18.476053
0.0,4.8566837
92.3816,12.087638
0.0,10.810902
2.0161,2.270256
1.99144,116.8174
0.0,4.8566837
5.20518,0.060634375
32.0479,33.3639
29.4994,33.289913
9.91484,4.9740863
11.715,11.77749
0.0,4.8566837
0.0,4.8566837
0.0,4.5935774
0.0755944,0.20868373
0.309085,0.43532443
2.01911,6.4102917
0.0,4.8566837
0.16082,0.5829406
0.104496,4.8566837
1.49569,2.7867167
1.20655,1.2539175
18.7877,0.73986673
0.0,4.8566837
6.30304,7.3060265
1.43498,1.7225915
0.609691,15.085796
70.3369,36.212242
24.4512,8.708912
23.5333,24.330797
0.237497,0.7006123
0.0,4.8566837
0.0,4.8566837
5.74927,1.8563149
0.0,4.8566837
27.1771,31.152594
0.0,4.8566837
13.234,5.773571
6.18605,7.35065
0.221825,0.62753224
3.78142,4.483105
30.7407,35.23487
18.916,24.046282
0.242017,0.7872257
0.0,4.8566837
7.54229,3.9568512
6.03438,6.112379
0.0708623,0.3769107
0.0476741,8.433789
22.8508,15.066412
6.42265,22.178102
2.0112,62.34256
0.0158971,4.8566837
0.0,4.8566837
20.9772,21.542603
12.5591,7.3973274
0.0538038,0.43872714
2.78856,4.8566837
0.0,5.333104
0.0,3.7656045
5.72192,6.2307987
8.56465,9.047935
23.1255,25.405935
23.5049,11.817104
0.301719,2.3059855
2.41969,13.702034
0.0,4.8566837
0.443727,16.48216
0.0,4.8566837
0.346442,4.8566837
0.0,4.8566837
4.06206,3.4418263
73.3554,92.580635
0.800597,4.8566837
10.5932,92.390045
7.78391,8.089847
17.7321,16.090868
15.7843,15.82835
5.59409,4.8566837
0.0,3.3341627
0.856165,30.433722
0.0,4.8566837
0.0657912,0.13150859
54.6051,25.166227
0.0657912,0.13150859
0.43431,0.2588339
0.0,0.42333817
9.9387,10.741481
0.346404,0.3485322
0.0393256,4.8566837
0.0,29.785965
10.1436,10.297308
0.00317201,108.45327
7.4921,7.8164825
0.249144,4.8566837
0.0630506,3.016094
1.99681,113.76379
0.0,4.8566837
0.034299,4.8566837
68.9289,78.86137
15.4517,17.799932
0.926497,1.1410539
5.91012,6.9989405
9.66222,1525.5311
6.33662,6.1778975
0.0153815,4.8566837
146.296,161.6443
0.0,4.8566837
0.0295758,4.8566837
0.000327993,0.045474768
0.0,4.8566837
0.184332,4.8566837
0.0289154,5.3857107
13.4114,8.641484
49.7618,54.650536
0.0,4.8566837
15.6971,40.929184
78.8296,46.75976
0.0,4.8566837
1.52665,1.3053043
0.636784,18.589895
0.97243,4.8566837
0.0,4.8566837
0.138839,4.8566837
0.0,4.8566837
7.88268,8.061804
76.7357,4.8566837
31.2841,35.2606
10.919,11.565828
3.10352,3.5376887
0.0,4.8566837
0.0,2.7440634
0.245379,2.8151674
23.5057,27.752672
2.19107,5.599197
4.25339,5.291581
0.0728837,4.8566837
7.54107,7.8007545
0.0,3.905515
0.015563,0.40367293
71.8092,60.158195
12.3842,4.5964394
0.0,2.782336
1.32434,32.4791
0.0,4.8566837
17.0624,16.17446
5.62209,6.2528534
7.18879,2.7343702
0.43431,0.2588339
20.3765,7.249527
0.0,4.8566837
21.4696,24.466742
0.0,4.8566837
0.0,4.8566837
1.26999,1.692642
8.87697,9.072144
0.144043,0.5873959
17.8849,34.955086
0.0,4.8566837
0.0,0.19233537
32.8704,38.07798
171.987,4.8566837
1.54364,1.7597811
0.0,4.8566837
110.799,80.99625
0.00641776,4.8566837
0.0,4.8566837
1.18369,1.8546255
0.0,4.8566837
4.3179,4.441534
0.0422045,4.8566837
0.759499,0.7866626
0.0,4.8566837
4.26047,20.953012
0.0,4.8566837
0.0,4.8566837
52.1765,83.80082
0.0,-0.043243885
14.0233,25.009874
0.0420966,4.8566837
44.7028,53.632565
57.7565,61.3535
0.153628,0.30587697
10.5207,11.282999
0.0,4.8566837
0.0,4.8566837
139.129,154.21706
3.31398,4.8566837
0.45884,4.8566837
7.56243,8.311887
0.0,4.8566837
27.6447,31.244547
0.817473,0.5685189
17.6696,18.281578
1160.7,1043.3157
11.3911,11.865977
4.252,4.658455
0.0854279,4.8566837
35.6753,47.825096
0.0,4.8408165
3.82681,3.9636905
2.50742,0.9969318
0.144985,22.87403
1.0497,4.8566837
0.00684662,0.025944948
0.0,4.8566837
28.3832,30.32308
1.63154,4.8566837
0.039932,4.8566837
0.0,4.6448007
0.0,4.8566837
0.0,4.8566837
95.5694,108.42368
36.044,39.14782
0.0959594,1.3821623
43.1512,34.067177
4.74985,5.163702
19.6435,20.945423
1.64904,4.608017
0.033392,-0.25396276
3.66676,3.981777
0.0,0.111665726
0.904192,7.3012295
11.7977,13.185168
0.0734416,0.35305882
7.13458,7.3820124
29.1625,32.692467
0.0228741,4.8566837
0.041684,0.021966219
30.8985,38.96291
5.07368,1.2270555
0.0,0.6883602
0.0,4.8566837
0.0,4.8566837
8.20516,6.0047045
0.0489275,76.14605
27.9249,8.813189
10.1091,4.8566837
7.93361,8.276156
17.5729,1.9491236
0.0194222,4.8566837
108.9,32.16547
9.91484,4.9740863
0.0,4.8566837
0.0,4.8566837
20.6573,24.107843
3.29546,3.621457
0.0,4.8566837
13.4342,14.067795
0.153703,4.8566837
0.0,4.8566837
0.0,4.8566837
17.5554,66.74557
0.018341,4.8566837
0.0,4.8566837
0.0755944,0.20868373
0.0683683,1.1059792
120.835,142.57597
12.3578,13.148917
11.7618,5.950019
0.0,4.8566837
44.7525,49.146168
0.0,4.8566837
0.0,0.27743626
0.128932,4.8566837
0.0,4.8566837
0.267747,1.9929504
0.643053,28.566385
162.718,91.80787
49.2308,35.514977
40.9999,6.742733
0.0,4.8566837
24.0067,8.084532
0.0614976,4.8566837
0.19158,0.27482367
0.643755,9.792397
0.0,9.478374
0.0,2.5853205
0.0,9.017027
0.647028,44.580616
4.07168,10.045736
0.111079,0.35056043
10.3538,10.616588
1.32434,103.33744
20.9668,16.099972
12.011,12.407939
143.863,161.77217
23.8673,29.17301
0.348336,0.26701546
1.02305,1.830632
0.0648194,4.8566837
8.51503,32.670345
7.63668,6.175894
0.0,4.8566837
0.28766,78.023766
7.28997,7.780548
35.8928,20.928682
4.21751,4.524046
0.786952,5.1837187
0.130149,11.480082
0.0,4.8566837
0.0,4.8566837
22.0206,24.416025
0.127783,2.7225668
0.0285535,-0.10766053
11.4053,12.041582
71.1906,175.41571
16.7382,50.24889
0.0,4.8566837
0.0,0.7521124
10.7009,12.093045
0.0,4.8566837
45.1028,24.660986
0.0,3.3341627
0.0,4.8566837
12.7498,13.367506
0.0,4.8566837
5.60303,6.0117416
7.72727,7.984972
0.0,4.8566837
77.0053,88.92786
3.75554,4.074351
0.759184,16.53626
0.0482792,5.600297
0.0610322,4.8566837
10.7396,11.684792
0.0,0.111665726
16.9595,17.17435
9.22554,5.2714024
10.1206,18.634727
0.0124682,0.21782589
0.102942,4.8566837
1.18089,4.8566837
0.111895,4.8566837
0.0,32.52641
1.71906,3.885494
23.0388,12.780966
0.0,4.8566837
0.432255,4.8566837
0.0,1.2169836
0.0,4.8566837
0.0,4.8566837
10.4071,3.2450035
0.0,4.8566837
0.0,4.8566837
9.66222,951.3709
0.0,4.8566837
0.0,4.8566837
0.0,4.8566837
0.0,4.8566837
0.0336482,99.051506
157.205,69.87295
81.5728,92.13642
0.0238001,0.16850543
0.0657912,0.13150859
0.0,4.8566837
5.00721,6.612235
13.6872,52.56517
0.0,4.8566837
0.0,4.8566837
0.0,4.8566837
0.0,4.8566837
3.92962,2.268269
0.0,0.68151927
0.046363,4.8566837
9.63188,14.699867
11.4074,13.16413
0.151593,4.8566837
36.044,39.14782
34.0964,36.162567
0.264293,4.8566837
0.0,4.8566837
5.16592,6.3462267
1.44316,1.504492
0.183,4.8566837
4.21318,5.1206837
38.0233,41.996918
2.15402,2.2111144
0.386341,66.30865
19.4241,22.657553
0.0,0.3427472
0.0,4.8566837
0.814287,10.651078
25.6265,61.34122
0.0856053,4.8566837
0.0,0.47907925
9.31295,3.4871302
9.45517,9.721526
39.6108,48.898685
5.78663,6.029257
19.633,22.437426
11.1051,7.6506224
0.104732,4.8566837
0.0,4.8566837
11.0804,12.021313
0.0,4.8566837
0.0519234,0.26362252
0.0,0.1895585
0.0621603,0.16830325
17.3449,-0.88393474
0.0,4.8566837
39.8546,11.69014
0.0,25.458212
9.26149,9.881745
0.32573,0.49742818
9.99413,7.7757025
0.0843749,0.6541493
0.0,4.8566837
43.4355,50.548584
11.9358,13.307661
13.6105,14.203699
0.0,4.8566837
0.0349215,6.841713
16.4925,18.5343
16.8671,11.005152
5.47925,0.44415236
0.0167702,0.47502756
0.0,0.10246527
26.9514,4.8566837
2.97333,6.829693
17.9842,18.345009
28.3832,30.32308
0.206309,4.343253
0.0,4.8566837
5.1564,2.3896096
0.0,4.8566837
0.879977,4.8566837
0.0,4.8566837
0.295629,2.4454923
2.0112,62.34256
93.0804,90.334465
0.0734416,0.35305882
112.108,56.90949
0.0,4.8566837
39.7229,47.864998
24.5863,12.468626
0.0352451,0.32444358
2.73993,2.8143847
30.7603,12.133734
0.0,3.1615505
0.301719,3.905515
0.0,0.6046026
0.230591,0.6174171
0.0,4.8566837
0.148812,0.20121479
0.0,4.8566837
45.1028,26.068192
25.9174,18.276615
0.119957,2.866798
5.21572,4.217677
1.18146,1.1868014
19.5991,18.862074
0.699727,13.992594
0.0209403,4.8566837
16.651,19.980558
0.0,4.8566837
0.0859299,7.3531075
26.0107,27.949347
4.22201,4.8900375
28.1376,31.020144
0.460856,4.8566837
0.0175409,0.068077326
25.8644,1.4111059
86.4956,85.462
0.0,0.0837152
0.0,4.8566837
0.0,1.6380196
13.3221,41.09166
22.7891,24.84384
3.1273,3.1349347
0.0,0.26271176
0.0265841,4.8566837
0.26325,2.3652556
5.72192,6.2307987
2.74767,40.8388
10.5121,11.108021
0.0,4.8566837
0.795791,4.8566837
0.784079,24.63232
0.0,4.8566837
9.66222,951.3709
6.42352,7.066162
21.2436,21.891333
9.80748,10.993445
5.35623,4.8224564
0.0322104,3.2871778
69.2168,22.22634
127.163,140.07835
0.46655,4.8566837
2.1209,24.686197
2.05754,10.247949
1.26676,4.8566837
20.3666,8.791084
12.2934,12.016901
39.734,52.986435
0.0,4.8566837
0.0,4.8566837
27.4069,24.764372
12.3122,12.620254
8.44341,4.369358
9.58822,5.4272118
0.0,4.8566837
0.0,4.8566837
11.6645,12.290024
6.18583,6.412548
0.0,42.930725
0.656222,0.6103256
0.0,4.8566837
18.0932,16.886105
9.77309,10.451109
37.8456,39.26201
0.232573,0.47487092
0.0,4.8566837
0.152411,4.8566837
0.0,4.8566837
0.0894583,2.230201
2.86956,44.67665
49.0391,60.844246
1.001,1123.9935
7.76978,6.4102917
8.74577,9.226991
12.8642,12.660162
25.7322,12.286743
9.31878,9.386761
0.139645,7.3810596
17.0285,6.6944466
8.4727,10.115168
0.0115032,4.8566837
0.0276267,-0.23674202
0.0,-0.00895977
5.78529,5.98333
0.0,4.8566837
0.0,4.8566837
0.0,4.8566837
0.711576,3.0904448
10.8713,11.43812
0.0,1.2722971
15.4141,17.62216
0.0,0.25943375
30.2375,31.95009
0.0,-0.032099724
0.0703577,5.619459
5.24507,5.6877613
0.0,4.8566837
0.0317711,0.22043133
63.4439,74.85215
0.820588,0.70094824
0.02025,4.8566837
7.93361,8.276156
25.6866,28.17302
0.530209,0.5683458
619.796,300.48795
0.0841613,2.9596133
95.5694,108.42368
0.118923,0.33108783
7.93361,8.276156
0.486171,1.8087821
0.0274204,4.8566837
0.210362,4.8566837
0.0,4.8566837
27.6714,27.644552
0.839133,5.2714024
6.86558,31.886057
1.17427,2.63917
0.0,4.8566837
0.158946,4.8566837
0.0,4.8566837
0.593276,10.42442
6.57163,6.7030115
0.183023,4.8566837
0.0,4.8566837
0.0,4.8179684
0.945871,0.102240086
0.0,14.9226055
2.98434,3.5240912
6.70987,6.9050226
0.42647,0.74988484
0.0,4.883792
449.819,545.8037
23.0025,3.7170148
18.7733,23.538786
3.56694,6.3967752
0.0,4.8566837
0.126526,10.777651
22.2375,24.367083
0.0,4.8566837
0.0131822,4.8566837
12.0386,7.7604456
0.534861,4.5568485
3.62445,3.7210085
11.2391,11.256102
0.624302,4.405608
0.259034,4.8566837
32.9738,56.245323
21.7949,25.234503
18.7259,25.384947
4.54608,4.8566837
0.0514544,4.8566837
31.6605,38.533394
4.87841,14.698376
12.2933,4.8566837
187.407,205.33568
95.6333,76.14605
0.0,4.8566837
6.66568,6.9442368
11.7618,5.950019
11.0146,12.492714
0.0,4.8566837
0.749724,7.5205593
19.8674,10.651078
0.0362418,0.49315405
0.0930992,4.8566837
0.0,4.8566837
40.1683,27.465136
4.78746,4.532007
35.7528,34.76578
0.0436748,4.3957214
38.0233,41.996918
0.083875,0.4871719
0.110904,0.14683914
25.2089,12.981487
48.3711,54.935944
0.0435404,4.8566837
2.0112,62.34256
0.0,4.8566837
0.0,4.8566837
0.0,2.027365
0.0,4.8566837
225.715,234.99437
0.0,4.8566837
0.0112633,-0.060005188
0.0,4.8566837
0.0,4.8566837
0.058586,4.8566837
11.4944,12.2421255
5.59568,49.754116
0.0,4.8566837
0.0,4.8566837
3.08239,3.5827389
0.095025,0.23018622
14.6555,3.8787744
5.6568,44.653168
0.0,4.8566837
0.0,4.8566837
13.6702,13.830097
7.76466,1.4750264
2.73699,2.8860738
16.8101,19.833853
0.0,4.8566837
0.0,1.7494099
127.057,0.24883342
0.0,13.866869
751.657,792.39545
0.0,4.8566837
25.7322,28.505362
10.6229,11.910646
1.42191,20.313005
0.0,0.12947035
7.30478,4.8566837
0.0,4.8566837
0.0,4.8566837
0.0246216,4.8566837
0.0149761,-0.22357559
5.20467,4.8913517
4.02702,6.4350195
17.7248,24.545965
60.3985,70.241295
0.0231005,4.8566837
43.3082,45.666397
0.0,0.302114
12.9585,19.381762
0.884516,3.52824
0.0,4.8566837
15.6575,15.038126
0.0,4.8566837
0.226083,4.8566837
0.630093,0.87576365
25.9484,29.009115
8.58243,3.9499671
0.0,9.478374
2.59898,2.7116354
0.0,0.3602829
0.494796,12.234654
0.0260902,0.041317463
0.0,0.23252177
14.6294,7.7632723
0.0,4.8566837
2.89538,-0.15968204
37.0849,37.861298
0.0,4.8566837
0.0,3.2871778
14.5233,16.3648
0.0,4.8566837
0.0587993,4.8566837
0.0134822,-0.031788588
0.0179047,4.9740863
3.93496,4.0352077
12.2933,13.228975
32.8704,75.88251
0.00557245,0.34780097
0.22883,0.45484972
0.0405151,4.8566837
0.0,4.8566837
11.6114,10.089748
0.183023,4.8566837
0.287353,4.8566837
110.851,115.0071
0.0160634,-0.35499382
1.23712,15.34964
9.18391,16.038942
0.424285,0.26013398
0.808567,4.8566837
0.635571,7.5274887
0.095,82.09498
12.3842,4.5964394
24.7117,27.35185
0.0,2.6818542
4.87841,14.698376
0.0435128,0.3257134
15.1536,15.354545
0.0,4.8566837
1.22844,1.7351987
24.8885,15.155231
3.40454,3.7176487
0.797986,1.6867852
0.0059639,0.17085004
0.0,4.8566837
16.4165,13.992594
4.83942,3.325059
929.506,0.27017474
26.8021,28.592945
0.112706,4.8566837
51.4147,29.38331
16.1532,5.9786777
0.592882,0.7371373
7.14585,7.5880413
2.49685,229.2105
0.0,0.04978752
15.5967,16.930346
0.571642,0.69825053
43.4606,4.1431227
0.215929,0.29349375
34.0732,39.180084
49.3187,56.46363
22.4149,25.603548
0.866662,0.7479243
0.0865347,4.8566837
0.0,4.8566837
0.0,4.8566837
8.45355,2.4825583
10.7303,28.57055
0.0224556,4.8566837
12.5145,13.055487
0.608552,14.855183
0.345062,1.1578538
19.053,20.353395
85.7132,0.65222573
0.0,4.8566837
0.151476,0.54393125
68.0121,85.170265
0.0222586,4.8566837
53.1266,59.8097
0.0266381,0.1930368
0.0,4.8566837
15.2454,14.015673
2.30452,2.2823043
2.05754,10.247949
0.546353,4.8566837
7.87126,10.988906
8.20827,14.9226055
0.0,4.8566837
0.021982,4.8566837
0.0,4.8566837
26.0587,152.01442
31.1072,35.06078
13.3042,7.7401943
16.9488,66.26348
0.757812,1.2238072
10.1873,11.81399
28.9256,12.491653
0.0,4.8566837
36.2545,43.236458
182.105,10.351305
0.0,0.080133915
0.0,4.8910236
2.47954,1.8423915
0.19158,0.5102136
0.0,4.8566837
39.8775,39.596066
20.0597,10.842541
0.0,4.8566837
12.3816,10.345348
0.0,0.12471914
5.85685,6.1643066
17.9208,10.128634
0.0,-0.25950718
74.3385,89.022194
0.0186963,4.8566837
0.0,1.7084558
5.40438,0.40534806
0.0519234,0.26362252
61.2563,70.54424
28.9819,32.92126
0.0362784,0.57641196
0.0,4.8566837
12.3842,4.65426
0.350372,126.93452
526.804,6.356756
0.0634336,4.8566837
0.272102,4.8566837
9.86318,10.184145
29.8393,77.98863
18.8462,21.704914
26.1965,29.437435
0.0,4.8566837
23.9859,31.098913
6.17527,6.5631676
12.3578,13.148917
0.0,4.8566837
1.05032,21.97661
63.6629,70.67791
1.28817,21.163685
26.0933,27.709064
0.0,4.8566837
0.0,13.769214
12.6408,12.686637
3.94202,3.2180958
86.786,102.48314
0.118235,4.8566837
7.93361,8.276156
0.304523,-0.014840126
17.243,5.2714024
9.4149,9.993778
0.322154,0.28285456
0.763943,1.9071796
0.0,4.8566837
0.0442276,4.8566837
1.18448,16.928062
0.0,4.8566837
0.0217221,80.02537
1.02282,1.9896209
0.0,4.8566837
4.4869,5.139598
23.9209,24.294443
6.54572,7.347904
0.221629,0.166857
10.9029,153.98131
18.459,22.311092
0.02025,4.8566837
0.182946,4.8566837
0.0,4.8566837
25.9474,11.476111
4.61967,5.12858
5.39411,5.442519
28.1784,12.189097
2048.89,846.233
0.0,4.8566837
5.35623,6.1835747
0.0,4.8566837
0.0,4.8566837
0.0,4.8566837
0.0,4.8566837
0.116452,0.5017562
14.1322,4.9274592
0.300234,0.31570315
4.41312,8.399551
0.0,4.8566837
0.0,4.8566837
12.3122,12.620254
0.883129,0.6392555
0.0,0.4376111
0.0,4.8566837
0.0,4.8566837
0.0,4.8566837
0.0,4.8566837
15.6481,4.4410295
20.9772,21.542603
0.740412,8.056846
13.3136,0.38052678
0.0,4.8566837
0.0,4.8566837
0.534143,0.841974
0.922114,2.1287425
60.5572,64.99036
27.4498,33.3743
21.9927,24.195234
1.09655,18.738358
39.6108,48.898685
0.0,0.21909666
1.50345,6.8563013
0.0,35.82485
39.7765,43.62056
0.0,4.8566837
0.0,0.29170215
2.02248,0.47487092
0.821348,0.01614976
1.62062,4.8566837
17.8076,42.596466
0.0,2.9195087
0.114333,4.8566837
3.6885,77.988335
0.601586,0.4182279
14.97,8.249122
7.4172,8.080803
0.0,0.0826118
4.89097,5.317342
0.0303929,0.54155016
0.0254356,4.8566837
4.52996,3.2704055
1.20423,19.865488
31.4517,0.66372633
0.0,4.8566837
29.9396,35.0998
0.0,4.8566837
0.0153356,-0.4390309
0.0304159,28.389235
17.383,17.948362
2.26397,54.924026
9.40459,50.583874
9.0536,25.348543
22.0206,24.416025
0.663635,0.6008525
0.192066,-0.23024106
6.18583,6.412548
12.4414,12.289455
0.0,6.134327
17.243,5.2714024
0.0993689,1.73436
46.6668,53.652298
1.2981,4.8566837
0.0,36.228264
45.4482,49.028744
0.110945,4.8566837
6.4931,6.816679
7.75683,8.409401
0.614049,1.1414144
2.95801,3.1089964
8.78232,9.296721
0.0,0.29901767
0.0880483,4.8566837
0.0,4.8566837
13.8754,-0.12522674
0.0643545,4.8566837
0.0541491,4.8566837
95.6333,76.14605
4.44712,4.2437696
0.0,4.823084
882.552,941.7662
1.61219,4.369358
0.92021,4.8566837
0.0,0.592885
163.777,41.98866
16.4307,124.81545
39.8526,41.87681
2.59898,2.7116354
0.13219,0.06859541
9.28804,8.683691
0.0,4.8566837
0.0095824,4.8566837
19.4562,20.203375
36.8578,39.97863
0.847076,0.8268819
12.1527,12.393238
16.651,19.980558
7.09776,7.4830294
0.0,0.50843215
0.127812,0.48263264
12.2014,20.016932
8.46703,5.8199368
36.2545,1.6545668
15.9548,17.649508
4.1573,33.39602
0.137176,4.8566837
0.787806,1.1230447
0.0,4.8566837
13.6142,31.74219
0.0,4.8566837
0.0,4.8566837
0.455084,12.11196
0.0,0.34269953
0.0,4.8566837
37.578,43.7902
4.67371,0.30504727
0.182946,12.468626
18.2872,9.478374
0.0,4.8566837
0.0,4.8566837
0.0443425,44.580616
0.26325,2.3652556
22.869,4.8566837
0.0671403,8.356873
0.0,4.0435543
0.0164459,-0.20638609
11.8307,11.562237
0.0,4.8768964
228.807,266.90817
13.1755,13.665122
0.0,4.8566837
0.472333,5.5702477
14.5591,14.351461
5.50912,6.9867067
0.0223268,4.8566837
0.0544411,4.8566837
0.108294,0.29006648
0.0,6.271969
0.0210097,0.3751061
0.0,4.8566837
11.3063,10.543022
0.0,-0.07540727
16.4307,35.782066
1.58275,1.4836013
0.0,4.8566837
11.6618,8.003741
0.44067,4.8566837
39.8526,41.87681
0.0,4.8667936
3.29977,3.0586703
0.0,4.8566837
7.8085,11.854892
3.66676,3.981777
0.809665,3.1132405
0.0,4.8566837
7.69518,10.902296
0.0,4.8566837
0.0252579,0.24354815
4.75134,3.5685081
0.445342,3.1885366
0.0477186,-0.19451094
11.9164,3.1568894
2.15402,2.2111144
8.2064,9.476731
6.37074,4.980673
23.7573,26.508202
61.8439,80.792366
2.7029,2.9840508
13.2992,15.598097
3.33134,24.311792
13.233,5.982627
26.1892,28.88465
4.47958,7.98481
4.61178,4.964731
0.0363376,4.8566837
16.2904,17.676483
0.0,-1.4642322
0.0352722,0.06916785
0.0,0.21909666
4.12438,8.295015
46.9646,53.23484
0.0,4.8566837
43.9491,10.455011
1.85577,3.100956
4.2222,4.475424
40.0693,41.614567
16.2904,17.676483
1.49141,1.7277489
0.0,4.8566837
0.0339982,1.3866847
5094.75,10.754324
0.353103,1.1360083
24.7117,27.35185
0.0,1.1032183
0.0479309,4.8566837
6.33747,2.4250145
0.105717,0.06721425
0.420006,5.692339
0.0,4.8566837
3.74741,12.864262
9.40351,10.181816
106.185,117.7517
16.4813,40.365444
3.47122,4.347287
23.8144,24.62276
0.0,4.8566837
0.0,4.8566837
21.4877,26.601511
24.7117,27.35185
0.0473213,1.3917027
0.0841613,2.9596133
0.0394029,0.10742116
0.5899,1.3866847
57.7565,61.3535
0.0,14.252809
1.83936,2.538806
0.0,4.8566837
0.235774,4.8566837
0.129545,2.0003107
0.088978,4.8566837
14.3497,15.53268
0.0,10.218198
0.0,4.8566837
0.0284757,114.64123
0.0,4.8566837
0.565411,0.62335896
11.3911,11.865977
1.51571,1.6735079
0.0,4.8566837
1.54364,1.7597811
27.7354,12.001305
13.4078,22.541319
9.07465,9.237203
24.5863,12.468626
5.5742,6.119605
0.248631,4.8566837
0.0121285,0.3833673
7.70039,7.8543367
0.324646,4.8566837
5.09374,15.022507
1.13365,4.8566837
0.0,0.34269953
0.5899,1.3866847
3.54183,44.999153
19.3196,23.717949
0.172067,8.288273
2.3316,4.8566837
8.42446,8.925864
0.0333265,3.716535
1.9201,29.797901
0.0,4.8566837
5.06259,3.7387266
1.30501,8.577481
34.1317,34.39362
0.0,4.8566837
0.0,4.8566837
17.2133,18.46543
19.8674,10.038982
1.50108,2.0910249
0.0,0.38495803
181.96,201.00865
5.5232,4.8566837
0.0,4.2462225
0.0,0.5988493
0.0,4.8566837
27.5158,26.497889
0.201958,1485.0111
0.0501567,4.8566837
305.067,6.471816
4.68552,4.2939353
12.4505,13.834361
0.052162,4.8566837
12.3571,12.8533745
258.84,114.11526
140.312,148.1637
20.3765,6.271969
13.8431,14.353024
3.1273,3.1349347
0.0,6.3837757
25.3641,26.560175
17.243,5.2714024
0.0,4.8566837
0.0,4.8566837
0.0,4.8566837
2.15402,2.2111144
0.0,8.135305
1.42191,28.11344
0.0310379,4.8566837
0.0,4.8566837
27.2008,27.93566
0.159075,16.194656
42.2843,22.583261
56.6998,0.27120328
0.0,4.8566837
0.0,4.8566837
9.92708,10.387603
47.8693,9.426945
6.77438,6.90716
5.1564,2.3896096
410.978,4.1493607
60.3985,70.241295
0.0,4.8566837
16.4925,18.5343
0.0443369,0.7196765
0.02025,4.8566837
15.4406,4.8566837
48.6134,6.395959
0.0,4.8566837
0.0,4.8566837
0.0,4.8566837
3.62445,38.543236
0.0,8.189819
0.825871,16.217165
2.96133,10.580487
4.3174,5.9253616
0.0,7.743085
0.0,4.8732977
0.0,4.8566837
0.348339,7.985923
0.0,4.8566837
4.22201,4.8900375
22.869,28.375088
29.4994,31.848139
0.284589,0.64011526
74.0086,18.846338
0.243955,4.8566837
0.803882,0.3485322
0.0356115,4.8566837
0.0169936,4.8566837
0.399107,18.764997
331.816,445.62714
0.0,4.8566837
0.0,4.8566837
27.393,20.551575
23.6901,26.532804
0.0,4.8566837
3.98391,13.936591
19.6435,20.945423
0.0,4.8566837
64.9969,82.00439
22.9447,26.683931
0.170752,4.8566837
1.13518,1.2399375
1.67707,2.558423
43.1164,47.20781
0.0439876,4.8566837
0.160588,4.8566837
1.55944,4.3357162
1.57676,21.070395
10.0159,9.368169
1040.91,6.9523134
10.2463,11.563179
2.3241,3.0879045
0.0,0.032243013
7.93916,8.388161
14.8394,41.08521
0.700803,0.72689295
19.0592,19.145319
0.0,4.8566837
4.27692,4.839336
6.60592,6.8714447
0.158944,4.8566837
0.0,4.8566837
0.0,0.2024467
0.0,4.8566837
13.4342,14.067795
0.301895,4.8566837
0.0,3.9568512
29.3384,31.380774
11.5783,13.006012
5.52068,5.978548
10.3818,11.124096
69.8357,81.38003
0.0,4.8566837
0.246759,4.8566837
0.228919,4.8566837
0.233632,0.15516663
9.99413,7.7757025
0.0,4.8566837
13.9082,13.295893
0.0,0.35096645
0.0,0.111665726
6.94569,4.8566837
0.0,4.8566837
0.0,4.8566837
7.54229,3.9568512
10.3748,12.324244
0.0,4.8566837
24.1555,4.8566837
36.9073,39.67662
0.0,4.8566837
12.7134,4.8566837
0.0471918,4.8566837
27.4744,52.08291
44.3922,51.8632
4.76564,4.8566837
0.0,4.8566837
45.9377,49.541794
0.0336751,4.8566837
1.71379,1.6254375
16.4448,17.79155
10.2968,10.803864
0.099298,35.66414
0.0,4.8566837
0.0,4.8566837
4.06206,3.4418263
0.011101,0.12238288
2.32215,18.08384
3.56139,25.777876
0.245293,16.17309
3.70929,3.4015982
0.0735687,0.25866747
9.66222,951.3709
99.5549,0.22602916
4.87503,5.4578943
48.3711,54.935944
78.2679,4.8566837
89.0259,21.961859
0.0319741,4.8566837
5.3114,4.109086
0.651057,4.8566837
3.85496,4.900152
2.85747,3.2008204
27.7688,31.094542
0.0,4.8566837
10.5735,11.215902
13.6364,15.139936
0.208071,17.13561
0.0,4.8566837
3.88411,15.155231
0.150105,0.42257142
6.18238,4.8566837
18.3674,9.43122
8.4425,61.372147
5.07368,1.2270555
8.51827,9.343704
0.0506962,4.8566837
0.0,24.979925
3.55422,4.9747887
23.5057,27.752672
0.0,0.078039885
0.0,4.8566837
0.0,175.82579
6.70987,6.9050226
10.2172,5.8766537
0.0,0.25366807
0.401151,0.11985779
7.15625,8.153327
2036.01,296.16965
0.0,4.8566837
0.051393,6.271969
7.79231,7.672476
23.569,27.468763
0.0,0.3970046
16.5723,14.326069
0.0,0.12947035
0.0,4.8566837
0.0,6.9728184
0.0,4.8566837
88.224,94.74918
0.0,4.8566837
3.36491,4.1570234
0.43431,0.2588339
8.40864,4.8566837
0.0,4.8566837
0.0525717,4.8566837
0.904666,11.657827
7.42939,48.06127
5.78663,6.029257
2.37217,9.065577
0.511169,15.240421
0.775171,3.991773
22.0206,24.416025
0.182358,4.8566837
0.192688,0.18986225
0.0,4.8566837
1.1457,10.894297
0.0,0.07520461
10.0219,19.137064
26.3449,27.068674
4.71745,4.8241024
106.022,18.187607
0.0,4.8566837
0.0310379,4.8566837
0.0,4.8566837
31.889,34.185295
0.0285757,-0.25237966
41.4786,43.080635
14.1798,15.037723
0.0,0.50843215
0.0,0.35847402
30.0849,35.011856
0.0,4.8566837
122.832,134.87737
0.0,4.8566837
0.0,4.8566837
0.0,4.8566837
394.63,505.64905
38.7378,41.455406
1.45222,4.8566837
0.39772,4.8566837
4.98572,5.05295
12.8546,4.9868317
55.6461,64.45174
1.52816,1.8422
107.268,130.72174
0.0,4.8566837
13.1918,14.706455
13.7172,4.358205
5.49693,22.172577
0.00457431,4.8566837
0.0,4.8507996
0.748226,1.0135267
25.7986,23.5715
0.0,4.8566837
0.0879039,7.0266523
0.0439876,4.8566837
11.3267,4.8566837
11.6433,6.09361
61.7468,48.58882
0.0144449,0.31861424
15.4126,15.033142
9.40349,9.211872
5.16,5.4688616
16.4448,17.79155
0.0,4.8566837
20.3765,6.271969
86.9453,96.63511
6.39448,3.7022529
35.2418,41.358944
24.3026,25.357311
0.0324739,9.981682
30.8985,38.96291
8.18569,8.722743
12.6019,55.13836
34.4712,5.22213
0.877677,71.09759
0.0968266,0.3035941
23.4271,25.880058
0.290254,0.52494836
79.2286,92.643394
0.0,4.5935774
8.62519,9.049173
0.609691,15.085796
0.264436,0.6822121
0.0,0.12471914
0.294262,-0.047048807
0.0,4.8566837
0.0350981,22.456127
16.3663,16.677795
0.0,2.2931604
0.0261254,4.8566837
0.622161,4.8566837
3.89551,4.4140463
0.0,11.931727
0.0308958,-0.257751
118.592,122.818794
0.0,57.384563
0.0229381,4.8498654
0.553941,0.4492569
0.0,4.3889036
0.718754,1.3160546
32.5265,4.8566837
0.0,4.8566837
9.4149,9.993778
3.92962,2.268269
17.6053,19.999147
16.2454,18.249048
21.7269,23.868387
1.50932,1.9778675
0.0,4.8566837
1.14091,0.6507344
0.0,0.09506297
0.775171,41.990448
0.0,0.29170215
4.25643,3.5346913
90.1931,78.77778
6.32027,6.3978596
18.8261,22.001377
1.74564,1.223449
18.6947,3.6959944
0.0,4.8566837
16.8505,4.8566837
0.835289,8.12381
0.0626873,1.22195
0.0,4.8566837
8.53334,9.242049
63.3801,79.37226
0.0,45.579544
23.5057,27.752672
30.6925,34.066696
0.0,0.12471914
0.0,-0.23260427
0.267421,4.8566837
10.6178,11.437787
0.0,-1.3252175
0.0,4.8566837
0.0,8.270874
0.210108,4.8566837
4.92439,6.5223866
27.4685,21.252403
10.3641,12.25669
65.7132,70.7061
7.94594,3.52824
0.0789607,7.262006
0.236539,4.8566837
8.4425,8.516864
0.0,4.8566837
6.18577,7.3915367
3.4258,4.11335
0.0,4.8566837
0.0,4.8566837
0.0845528,4.8566837
13.2992,15.598097
0.0,4.8566837
9.45008,9.592223
5.52068,5.978548
0.392164,5.3809037
26.1965,28.959568
0.0,4.8566837
0.0,4.8566837
0.0407668,4.8566837
22.2482,25.238588
0.233384,300.48795
0.0,0.630533
0.0,4.903945
1.16659,19.804647
14.5681,41.118515
0.0,4.8566837
0.0,4.8566837
32.6551,35.724403
0.0190519,4.8566837
26.9829,30.357779
0.192778,4.8566837
0.0,4.8566837
0.0285757,0.11286092
0.0697059,-0.14151621
13.3866,48.950462
0.0,4.8566837
0.0,4.8566837
86.7999,90.322075
0.0,4.8566837
5.6552,5.8565054
8.13618,49.624153
27.4685,21.252403
60.0505,19.34958
2.87896,3.2144268
0.0,4.8566837
18.374,19.446714
53.0483,62.125813
0.0,4.8566837
0.0,4.8566837
0.0,4.8566837
0.0,4.8566837
2109.74,2223.499
0.0628861,11.59227
0.0,4.8566837
38.7644,40.77128
8.07777,8.326925
8.96255,46.71943
4.29189,4.823107
0.0,4.8566837
0.835289,7.4552298
2.93284,3.3981757
0.0,2.782336
0.0244278,4.8566837
0.0,4.8566837
9.02859,8.955943
4.66513,0.5383084
0.0396249,0.25366807
0.0,17.953505
2.26295,24.98154
110.894,15.611233
8.61474,27.465136
0.53003,0.71564317
0.926497,1.1410539
0.0177513,4.8566837
1.65636,2.5939274
10.2515,10.850428
6.97012,6.878912
0.040753,4.8566837
0.39772,4.8566837
0.638611,4.8566837
0.0,4.8566837
22.6272,21.577261
9.73486,4.886648
93.6125,104.23119
0.888845,0.20867896
60.3985,70.241295
0.0,4.8566837
4.65514,14.3463955
2.1914,8.0925665
9.21908,0.5439732
0.0,4.8566837
0.0,4.8566837
0.196991,0.43872714
0.0546641,4.8566837
12.5184,12.913078
0.0,4.8566837
5.52068,5.978548
18.8009,22.865763
7.0301,9.912244
12.1107,13.396176
0.0258678,2.6946359
0.0,4.8566837
0.263235,4.8566837
4.47958,7.98481
77.2059,89.101974
0.0734686,4.086809
0.0145047,4.8566837
0.0,4.8566837
0.32237,0.6266763
1.64039,1.1629794
9.34879,5.672133
13.4247,13.415821
6.0461,11.927264
9.8235,0.31613135
0.0,4.8566837
0.0,6.9316397
0.0,4.8566837
0.0,4.8566837
0.0,1.3866847
19.0873,20.94771
0.0,4.8566837
0.0,0.19199085
0.233901,5.862713
0.871594,2.871923
1.45654,1.469075
0.0,4.8566837
1672.53,951.3709
13.7754,14.29957
17.7397,6.509906
106.545,32.964874
6.94009,7.114518
0.346506,3.1030374
0.00521469,4.8566837
0.0,4.8566837
5.59409,4.8566837
32.6081,38.58106
0.0,4.8566837
3.1782,0.22571445
0.0272436,4.92707
0.0,4.8566837
5.72321,34.9595
0.0,4.8566837
0.49026,29.163523
0.0,4.8566837
22.0206,24.416025
0.0,4.8566837
0.0,4.808756
0.0,4.8566837
9.32373,4.8051167
93.0901,100.69186
0.03394,4.8566837
0.0,4.8566837
9.79371,7.7619057
0.119256,4.8566837
0.0,0.13278604
51.2472,61.71302
3.12215,3.4174232
32.5265,4.8566837
35.8779,40.451134
0.0,4.8566837
5.05006,10.713474
4.4869,5.139598
0.0,4.8566837
16.9321,11.381771
0.0574672,12.292753
2.18261,70.21364
120.835,142.57597
71.4958,73.74471
0.0,4.8566837
131.913,76.14605
46.4183,59.543747
8.51378,8.786568
4.39634,4.2403526
45.6525,53.794487
0.0,3.18501
0.0,4.8566837
26.1206,11.771511
0.0,4.8566837
0.0,4.8566837
0.0179047,4.9740863
0.0,4.8566837
7.15171,7.2418985
0.0,4.8566837
11.2349,11.783667
17.5554,66.74557
0.0,4.8566837
27.6481,30.737047
0.0,6.2724104
3.29546,3.621457
0.030774,0.37396026
0.0244684,4.8566837
2.20592,5.6377096
0.0170887,0.73482966
7.34111,5.287822
69.457,30.852411
1.26098,2.782336
15.4143,5.0051856
0.0711453,4.8566837
2.60487,3.1929827
0.0,4.8566837
1.19533,1.0062659
0.0,4.8566837
25.7777,26.787584
0.0416263,6.5598364
88.2999,106.67371
10.2463,11.248542
0.0164971,4.8566837
0.0,0.39027286
0.0,4.8920574
1.47888,5.2714024
30.5976,29.986574
0.0,4.8566837
0.00671422,4.8566837
0.720367,19.703789
0.275986,13.190324
9.8331,40.96466
0.080121,4.8566837
0.144784,0.4376111
3.21194,3.9341085
0.0,-0.4147613
8.14611,9.4073715
0.0,82.00439
26.1965,28.959568
12.6291,14.051894
0.444659,12.158087
0.0,4.8566837
8.57879,10.089748
0.0,27.3184
2.73993,2.8143847
28.1376,31.020144
14.1949,14.252077
0.0,4.8566837
0.0,0.3602829
5.39411,5.442519
0.0,4.8566837
0.643,0.5389216
0.0,4.8566837
23.5049,11.817104
79.1213,32.4791
0.0,4.8566837
0.0,4.8566837
16.4448,17.79155
9.4149,9.993778
68.0011,4.8566837
3.93245,4.299712
0.0,4.8566837
0.0,4.8566837
6.83028,1.9213455
0.0450396,-0.10969424
0.0,4.8566837
12.2738,12.146578
0.0,4.8566837
0.0,4.8566837
1.50108,8.832425
1.51667,1.3508606
9.18705,9.584865
1.72625,11.890504
0.0198536,0.34015465
0.0,1.8716867
1.11784,1.2100646
26.9056,4.895158
0.0,0.38495803
79.1213,32.4791
117.136,15.406834
5.59409,4.8566837
83.9564,89.118835
7.92153,8.386638
2.24119,2.359502
4.85934,5.092077
10.6273,11.633703
5.62055,17.028252
0.0,4.8566837
0.0167724,4.8566837
0.0,0.12471914
0.0,4.8566837
8.48155,9.261659
1.06258,1.3485703
5.69351,0.48088264
13.0665,14.05912
0.0,4.8566837
33.3482,12.375084
0.0883291,0.45606327
2.8793,2.545924
0.160392,1.6057186
26.1965,28.959568
3.83202,0.8683245
3.8263,2.9906385
260.495,1.3210213
1.9342,6.134327
0.0,4.8566837
7.74843,28.550207
0.110281,4.8566837
0.0,4.8566837
146.641,160.72462
0.0,4.8566837
0.295121,30.027298
0.0,7.249527
0.0,4.8566837
8.98008,9.129857
26.7938,29.221478
0.126606,4.8566837
0.0,4.8566837
24.8391,26.882097
16.457,44.818375
410.978,142.24686
0.095025,0.23018622
54.0669,8.0357275
0.0,4.8566837
2.35078,5.9641848
9.73844,10.193972
5.73474,5.8602257
8.8498,8.946423
9.14676,12.410737
2.56798,3.0178378
26.8688,10.512243
2.0369,9.6325655
2.92734,22.038755
0.0,4.8566837
0.0,4.8566837
0.114256,4.8566837
9.45008,9.592223
52.2404,68.245224
10.919,11.565828
9.26417,10.03565
19.3196,23.717949
35.9871,73.999084
8.02989,8.815774
9.97045,9.652453
13.6965,14.335344
0.0,4.8566837
6.82818,7.169672
0.0,0.6890042
0.468849,13.367447
0.0,4.8566837
263.743,377.0104
0.0,0.53182006
3.02366,2.9615395
16.8505,4.8566837
9.59899,10.155543
57.7565,61.3535
0.18845,0.17707062
0.0,4.8566837
16.457,17.460112
6.19468,90.108376
0.0607464,0.302114
0.0,4.8566837
0.0,3.4418263
0.179337,3.2567394
0.0788493,4.8566837
0.0,4.8566837
0.0645255,5.4789724
31.7122,35.611023
0.0,0.544878
0.043272,48.424225
0.0,4.8566837
4.52907,4.8790092
46.5786,10.200587
0.168411,9.5599
0.0,4.8566837
0.0134182,4.8566837
26.0248,32.01526
1.13347,0.6202636
1.31698,7.5487404
0.0,0.17306185
170.727,195.77934
1.43893,3.2249784
7.67703,8.522525
6.45041,7.399912
15.892,10.874158
5.06259,3.7387266
0.0506962,4.8566837
0.0543723,4.8566837
8.51883,8.659095
0.0,3.3503582
0.0,4.8566837
0.0,36.245125
0.0,4.8566837
0.0,0.4376111
14.6375,14.709662
0.0930758,14.0319805
0.0,4.8566837
0.243653,4.8566837
0.0,4.8566837
4.2338,9.490283
7.42939,41.098557
0.571642,0.7061188
23.5057,27.752672
0.390753,0.3335333
0.256122,4.8566837
29.4862,31.772514
0.252204,4.8566837
0.322485,4.8566837
1.65984,3.3260603
10.6178,11.437787
0.0335382,0.24333882
2.01911,1.8391733
0.329325,11.890504
0.0,4.8566837
0.0,4.8566837
0.0,0.35482025
0.0,1.9229134
4.37563,6.461768
0.0,194.17613
0.498276,0.6890042
0.0,4.8566837
8.51827,9.343704
0.535877,6.728957
0.67179,5.814685
48.0737,21.03647
65.2633,79.772224
5.3692,35.144688
0.22721,4.8566837
0.0,4.8566837
0.246802,4.8566837
40.8927,22.974216
0.681433,11.178211
11.7324,12.421506
0.0,0.50843215
9.31878,9.386761
0.0,4.8566837
1.001,534.9211
0.047583,44.580616
0.0,4.8566837
49.2308,35.514977
0.0,0.076566696
0.0,3.6225677
33.1188,38.608143
0.0,0.3376913
13.8839,178.63335
8.30396,9.038848
0.0,4.8566837
60.3985,70.241295
3.75198,3.9303958
0.0924405,9.00075
10.411,5.271883
49.0936,34.732994
40.5104,12.411598
0.0932878,0.22415423
738.118,38.116608
8.94592,9.151758
0.0,2.3896096
0.0209403,4.8566837
0.0164465,6.9278603
2.61851,0.43603706
4.54834,2.312085
28.1376,31.020144
38.9799,21.473703
0.0803287,4.8566837
0.0,4.8566837
16.651,19.980558
0.0,4.8566837
22.2086,23.822695
4.54608,4.8566837
0.0,4.8566837
0.362688,4.9317875
1.9224,1.1260192
15.3548,15.824699
0.0227304,0.29170215
1.2981,4.8566837
0.0,-0.2099185
0.0,0.22514772
16.4448,17.79155
0.0,2.5813613
1672.53,951.3709
0.0,4.8566837
3.65587,3.6027007
0.0,4.8566837
0.0,4.8566837
26.037,26.870281
0.0,4.8566837
0.0317711,4.8566837
1.13553,13.85677
57.7565,61.3535
11.566,11.9072695
6.36949,7.486085
0.645114,4.8566837
0.0,30.405931
0.0,4.8566837
208.249,14.228072
0.0,4.8566837
0.542442,1.2977171
0.0,4.8566837
0.183057,2.1373816
0.0,0.39412975
8.30447,5.4789724
0.0,0.072939396
1.26098,2.782336
13.6542,13.406865
96.6188,125.39095
4.8807,5.0068026
0.0286426,4.8566837
13.1278,14.727609
0.530209,0.5683458
0.0,4.8566837
0.0175519,4.8566837
2.02248,0.7927182
0.299788,-0.22267032
0.0283075,4.8566837
7.2347,7.2658825
0.0,0.13278604
94.7963,113.06442
0.863657,23.75143
2.47586,1.6505133
11.8289,12.755152
0.0,-0.025808096
0.128932,4.8566837
28.4785,14.995259
0.0,4.8566837
7.54229,3.9568512
86.3551,90.43273
27.1519,34.031624
0.631495,4.0743237
0.299788,-0.22267032
0.0,0.1541152
1.20083,1.0501442
10.8115,24.75519
1.02523,1.0506458
0.0319017,0.6071284
0.0,0.08291292
0.276521,0.40026927
4.9666,2.9577103
0.0382284,0.56800866
0.0,4.8566837
0.52367,3.7022529
6.49026,61.948498
3.01974,5.445837
27.4069,24.764372
12.6465,11.353284
0.0,4.8566837
0.0,0.15850472
13.1349,13.368748
0.0,0.3280108
0.506249,4.1431227
76.1291,9.232961
32.4577,35.37361
7.15625,7.6174097
0.0,0.4585309
3.8263,2.9906385
0.0,4.8566837
2.98434,3.5240912
0.0,19.804647
0.20808,0.9177089
0.00929197,1.9552073
3.80485,4.726304
6.87979,24.812885
0.318302,4.852467
1.84446,4.8566837
0.0,4.8566837
5.72966,5.8199368
19.9297,23.57791
12.1992,114.61454
0.0107023,4.8566837
96.5523,113.474945
94.7963,113.06442
86.3551,90.77294
5.16818,5.459592
37.5751,19.945217
28.4785,14.995259
0.0,5.954525
36.1902,42.39337
2.26397,32.039303
1.56213,0.6996186
0.0,4.8566837
0.0,0.46203113
0.0,4.8566837
0.0,0.27250695
74.3385,89.022194
1.18369,1.8546255
0.0,4.8566837
0.0,0.5779686
0.0,4.8566837
14.7658,8.784637
0.0434396,0.32591176
0.109414,0.18936157
0.0,4.8566837
18.2498,19.303347
6.57556,0.9832895
0.0,3.5685081
5.34906,1.8718824
0.0,0.34514523
0.0,4.8566837
6.74107,7.3946066
0.144985,22.87403
2.38448,16.295948
0.454844,0.56200385
0.0,4.8566837
0.0,4.8566837
0.133885,0.3798139
14.747,15.754319
0.0,4.8566837
12.4639,4.8566837
5.85738,92.5271
6.71487,6.941662
35.7528,34.76578
0.0,4.8566837
0.0,42.682655
8.73149,9.211229
228.807,266.90817
0.0514544,4.8566837
0.0,4.8566837
0.0,4.8566837
0.472333,5.5702477
12.4326,7.3553
4.252,4.658455
5.34971,4.6640453
0.0,4.8566837
0.0,4.8566837
0.0344191,11.428996
0.0,4.8566837
11.8048,12.606004
18.2459,-0.17491913
0.0,0.09268832
0.0,4.8566837
4.33894,3.5380306
37.8767,41.798546
0.0344196,2.9329305
0.0205246,8.161625
0.0,4.8566837
6.8555,6.4463015
0.0,4.8566837
0.0284257,4.8566837
4.40395,5.0096426
13.2442,13.516561
0.0,4.8566837
0.0,0.30918384
4.70673,8.589417
43.29,47.788834
15.1388,16.445011
1.20083,2.366095
0.0,4.8566837
0.0,4.8566837
33.7824,40.318954
29.961,34.34059
0.0,4.8566837
0.0,4.7567053
0.401957,3.9099638
21.7949,28.117884
0.0214723,4.8566837
0.353415,4.8566837
0.0224096,-0.13099122
0.0148745,-0.05348754
0.0,4.8566837
0.0,17.465254
31.889,34.185295
44.7525,49.146168
18.8186,22.012419
0.0,0.21068072
0.0,4.8566837
17.542,6.841713
0.0,4.8566837
1.19568,5.4625063
8.78468,9.467509
13.4342,14.067795
0.0,4.8566837
1.73772,3.8171124
0.0,4.350013
0.010088,4.8566837
7.93361,8.276156
2.33652,14.118711
20.9772,21.542603
6.58449,4.8566837
32.9917,36.893238
0.0,4.8566837
0.0,4.8566837
0.571642,0.7061188
0.0,4.8566837
64.9969,32.52641
0.0,4.8566837
0.0,4.8566837
0.0,82.00439
0.196835,4.8566837
10.8713,11.43812
16.1284,16.197355
8.30447,2.883978
37.0203,15.352089
0.0,4.8566837
0.0,4.8566837
16.4448,17.79155
23.0079,24.797194
228.807,266.90817
0.0,4.8566837
0.0,4.8566837
3.66146,6.8258495
0.0,4.8566837
0.0,0.111665726
0.0630775,0.003636837
10.5992,10.941913
0.0,4.8566837
28.0864,30.23347
0.0,4.8566837
6.08398,6.7073708
0.0,-0.049369335
4.35779,3.359596
0.0,4.8566837
4.10174,4.1840687
0.0,6.6690655
0.0,4.8566837
0.484112,0.109906435
0.105717,0.06721425
0.0,4.8566837
1.59871,1.538101
0.0,4.8566837
7.00081,110.47462
6.32027,6.3978596
0.0,0.5250242
0.101706,-0.11319566
23.0309,25.333797
0.0883291,0.31236553
1.0646,0.9863906
19.1274,17.57806
0.0285757,0.11286092
18.2965,19.28529
6.2082,6.8702555
0.142605,29.71374
8.88717,9.728433
3.73849,12.50713
5.66459,4.8566837
26.8021,28.592945
13.5865,5.7945404
79.7199,105.99201
25.5902,2.3870704
0.0,4.8566837
0.0,4.8566837
0.074776,4.8566837
5.74144,15.787413
2.90269,2.4126158
13.2992,15.598097
0.0,140.93932
1.37359,10.174654
12.3357,15.370822
16.4118,17.316582
0.0,4.8566837
7.95659,7.586957
0.129307,4.8566837
194.475,0.64967847
0.628994,0.90246034
18.0932,16.886105
18.0886,12.563931
0.0134632,4.8566837
0.0717698,0.7250788
0.0,3.7714283
0.0,4.8566837
0.0,1.5046619
20.1295,23.357306
0.0115644,4.8566837
89.9161,98.50949
0.0,4.8566837
18.189,19.996393
12.2876,0.90425825
89.6832,99.89498
23.5049,11.817104
5.21638,5.5317698
0.0,4.8566837
0.0,4.8566837
1.51977,5.156947
15.91,16.283995
0.0649161,-0.42916203
35.6753,47.825096
6.37023,7.7244644
0.171858,0.3243091
13.7455,6.0261736
15.8812,18.432173
0.0657912,0.13150859
1.55944,4.3357162
0.0,4.8566837
13.3781,13.290603
1.21503,69.04439
0.232573,0.47487092
32.5693,39.856342
3.07596,3.625539
0.443346,4.220765
0.31996,1.3866847
0.0,0.630533
0.0,4.8566837
0.0,4.8566837
0.0587597,4.8566837
0.720744,39.90255
0.0,0.3602829
9.75266,11.222699
54.8596,62.18491
0.00917711,4.8566837
0.0373925,5.507389
22.2482,25.238588
86.3551,90.43273
25.6931,34.195194
0.596588,0.1644013
546.123,556.92377
32.2509,39.670822
3.42381,2.950243
7.38977,7.5934267
9.87826,10.161339
0.0,-0.123404264
0.00808029,0.11433101
0.0,4.8566837
0.0,0.3602829
0.0184828,8.297915
22.2012,21.861982
3.49067,0.6431627
1.16659,19.804647
0.829205,1.154804
0.540725,0.7417433
0.0,4.8566837
4.37095,4.4014463
61.77,65.519226
0.0,4.8566837
0.214515,3.871936
0.314389,12.346468
0.0,4.8566837
0.0,4.8566837
0.0587993,4.8566837
0.0293719,4.217677
0.0349215,6.841713
15.0328,15.801513
3.99476,3.9969027
0.0,2.782336
0.0,4.8566837
37.4649,43.4201
45.1259,60.963802
0.53003,0.71564317
0.0,4.8566837
0.0,-0.23260427
115.716,62.34256
4.33623,4.652589
3.8058,3.5863733
36.4471,13.566908
8.05031,8.446139
0.0362889,4.8566837
9.78208,11.005233
28.3986,30.557577
0.0105662,4.8566837
19.4241,22.657553
0.0,4.8566837
1.83466,1.7572653
0.0,4.8566837
79.1213,32.4791
100.202,48.325333
0.0,4.8566837
4.1897,3.8638945
1.87192,16.612982
0.0,9.390565
0.0367926,43.819733
11.9358,12.590055
44.1062,49.246597
18.6755,19.143618
3.6633,4.143284
0.0733279,4.8566837
7.44047,8.111281
0.0,0.354594
0.0,4.8566837
47.6788,24.686197
0.0219525,4.8566837
7.28997,7.780548
5.87878,10.431709
6.32027,6.3978596
6.17769,4.112823
0.0,4.8566837
197.497,102.33636
3.17463,16.98066
86.7261,4.9915485
0.0283075,4.8566837
0.0,4.8566837
0.0382792,4.8566837
0.0,-3.7670135e-05
0.0230356,4.8566837
0.0059639,0.17085004
4.97182,5.2357864
8.9007,4.8566837
0.241907,4.8566837
0.099298,35.66414
1.05518,15.284602
10.1753,10.6835575
10.2526,4.2403526
0.143577,4.8566837
45.9377,49.541794
13.2992,15.598097
0.0,4.8566837
3.96255,19.014156
0.230342,0.42092323
0.0194539,4.8566837
26.3643,8.10651
7.25476,7.8526697
0.0,4.8566837
3.43098,3.7490673
0.0,4.8566837
0.0,4.8566837
0.0,3.4077394
0.0,0.29170215
0.0,4.8566837
19.7844,21.344748
0.0,9.030813
0.0,4.8566837
0.0,4.9477005
18.7678,21.884449
1.62318,1.9887671
5.34906,1.8326561
18.2965,19.28529
0.26033,11.415976
0.0,0.32203007
654.473,175.82579
4.252,4.658455
0.0,4.8566837
19.3857,29.387564
27.5158,26.09388
55.2517,68.17969
3.1115,2.5853205
34.6455,377.0104
0.00788695,0.18824697
15.3164,15.842693
5.57964,5.0850577
6.37074,4.109495
2.15402,2.2111144
0.0,1.9089739
0.0,4.8566837
0.0,0.09984875
71.5502,96.946846
42.7111,49.305725
0.183172,2.2671533
7.24983,8.216472
8.06611,17.4011
0.0,4.8566837
0.0,0.2797768
10.919,11.565828
27.6481,4.8566837
6.41882,6.915636
0.0,4.8566837
0.165792,0.3090155
6.4931,6.816679
24.8285,31.799845
1.01234,8.915984
0.0,4.8566837
26.9925,33.195282
20.3821,21.859875
11.5976,12.097719
14.2404,2.782336
0.0,4.8566837
7.15902,7.193369
0.0384907,4.3739343
0.0,4.8566837
45.4518,59.23565
84.2655,110.340034
0.0572685,4.8566837
0.0120289,0.54815507
0.0,4.8566837
0.00532618,4.8566837
0.0609834,4.8566837
0.0,4.8566837
9.11947,9.460852
6.34516,3.1541188
25.1649,26.421385
0.952204,5.8329296
0.0,8.813189
22.0206,22.33604
1.62503,58.509285
0.0,0.060052395
32.2663,35.04643
4.23809,7.525302
14.363,12.401602
0.0,4.8566837
0.168818,25.783781
0.0,0.13921046
2.87073,3.0634053
0.0229089,4.8933287
0.0,155.56657
7.13458,7.3820124
4.11632,0.47261262
49.2648,54.936066
0.0110302,4.8566837
0.0,4.8566837
32.2509,39.670822
1.67315,2.9960976
8.26423,9.303795
0.141643,2.6695566
0.494796,12.234654
0.0,4.8566837
6.05584,6.4974813
20.2579,24.77574
0.197961,-0.21297145
0.0,4.8566837
0.0,4.8566837
0.00703583,4.8566837
0.218488,4.8566837
2.30486,2.2931604
6.11847,4.8566837
0.0,4.8566837
0.0,0.111665726
0.00575578,4.8566837
0.0,4.8566837
0.0,6.508235
0.0,4.8566837
0.0,4.8566837
99.9679,15.198711
29.0844,34.35387
72.3697,4.8566837
0.0,0.29170215
0.242017,0.35191822
0.0,10.033264
5.52068,5.978548
0.0683978,44.580616
2.90771,3.1253912
3.42946,3.8989887
17.1223,21.180576
0.0,13.866869
0.0503724,1.2169836
0.0,3.7832348
0.0,26.999783
0.196991,0.43872714
16.1769,17.339941
1.72756,21.3304
0.0,4.936578
54.4611,66.22271
10.5992,10.941913
36.044,39.14782
0.105136,9.426945
1.98644,21.748379
0.0,2.6617532
0.183023,0.56818473
6.02408,6.3837757
11.2459,11.671385
0.16082,0.5829406
0.0,4.8566837
67.9757,21.568197
5.64921,6.4624653
12.4639,4.8566837
2.23965,2.3403115
1.55944,4.4523277
0.0,4.8566837
0.0,4.8566837
0.0137095,2.5868087
118.592,122.818794
4.02535,4.310274
0.380248,1.5511813
27.5933,26.507025
0.0,4.8566837
5.39369,26.068192
19.2937,19.743984
0.489444,1.8136337
14.8363,16.342375
0.0,4.8566837
0.0468538,44.580616
0.539552,4.8566837
0.0,4.8566837
12.6563,13.887121
0.13732,7.902178
0.0230888,4.8566837
0.0266381,0.26196027
16.2573,0.31385422
37.887,19.099123
0.0,1.481664
43.0722,23.823847
2.90635,3.7497115
6.77438,6.90716
10.5992,10.941913
0.0,0.053575754
0.13315,0.55246997
100.183,118.6895
0.0115644,4.8566837
12.3122,13.092804
26.0107,27.949347
0.0,4.8566837
0.0,0.149338
0.0,15.338684
10.2515,10.850428
0.0471918,4.8566837
73.5802,41.098557
0.0125551,4.8566837
0.0,0.21909666
1.92986,2.5241008
0.0,4.8566837
0.0,4.8566837
0.611819,4.8566837
1.9224,1.1260192
3.68977,4.3991213
0.75264,1.1375754
8.61474,27.465136
0.0,30.405931
2.0464,4.8566837
0.709381,17.589647
57.7646,72.490776
0.97247,1.0146329
0.0349215,6.841713
0.0,4.8566837
0.0,4.8566837
0.0,4.8566837
36.7901,50.724823
89.6832,99.89498
0.24238,0.45534825
0.00968093,4.8566837
0.803882,0.3485322
0.0,0.7893965
0.205377,0.16064191
17.9806,20.737902
8.20958,116.8174
3.62445,3.7210085
18.24,19.349483
0.0649567,8.556344
0.0,-0.17192864
3.01422,12.964549
9.27328,12.699152
14.2189,15.109014
0.184863,6.169862
0.0,4.8566837
0.306576,0.5011573
0.0,9.017027
0.699727,13.992594
21.8819,14.657249
0.0,4.8566837
32.5781,34.746502
41.3471,44.081264
9.33523,4.587482
0.0703577,0.15016127
0.682235,0.46529245
3.41305,3.1549058
0.0,4.8566837
95.6333,76.14605
8.33035,33.63036
17.6696,18.281578
0.0,3.7656045
0.0,4.8566837
1.17427,2.63917
6.84802,8.880051
120.835,142.57597
11.3911,11.865977
0.0274204,4.8566837
61.2563,70.54424
0.0310379,4.8566837
0.0,4.8566837
8.44341,4.369358
0.051393,6.6690655
0.609691,15.116968
32.5668,4.8566837
42.4463,46.198795
0.0,4.8566837
2.3241,3.0879045
9.95858,4.391793
0.0,0.3232453
4.53626,4.064502
26.8887,29.447691
57.049,4.8566837
45.2152,49.585014
24.9386,13.769214
6.32595,6.326521
26.1965,28.959568
7.5427,4.27656
3.92962,2.1325574
2.20574,5.692339
0.536926,4.8566837
26.145,30.190992
16.6586,40.26341
5.19622,4.815447
8.26953,8.580109
4.3151,9.838928
19.4241,22.657553
0.0,4.8566837
0.0,0.1895585
98.2557,8.059584
35.0216,36.078545
31.8925,12.239742
0.0,4.8566837
27.7354,66.495094
0.847076,0.8268819
0.0,4.8566837
0.2253,2.4183798
1.06258,1.3485703
25.5367,28.414919
0.0978433,4.8566837
3.62445,3.7210085
1.5047,1.9096749
34.0699,40.820435
22.6518,11.940239
0.0,4.8566837
0.0705002,3.4077394
0.0302849,1.4736123
0.0381735,4.8566837
16.4448,17.79155
13.1349,13.368748
21.1686,4.8566837
0.845482,3.6501138
0.0,4.8239937
4.12461,4.1692047
11.0919,11.270342
11.3911,11.865977
13.3919,6.5598364
0.0,4.8566837
0.685934,1.5756729
0.0,0.6890042
1.34405,6.841713
5.16592,6.3462267
3.38631,2.9200423
11.566,11.9072695
0.254666,0.64364004
0.0,4.8566837
4.57112,2.9596133
0.0718392,4.8878903
26.1965,29.437435
0.0136227,4.8566837
0.3569,-0.32150364
2.32304,144.3816
0.70454,1.6978846
9.65741,20.846571
0.0239684,4.8566837
0.0146069,4.8566837
0.886279,4.8566837
0.0,4.8566837
15.9103,10.475769
1.20083,1.0501442
0.0,4.8566837
0.0,4.8566837
3.45836,4.2154512
0.0533205,0.13429713
138.872,145.91325
8.68572,8.826254
9.97059,12.149657
28.1376,31.020144
0.0,4.8566837
10.2526,4.2403526
4.01418,28.013628
21.7912,5.4168777
1.30596,1.1032183
3.80123,34.94448
0.0,4.8566837
37.5404,45.301586
0.0505051,4.8566837
2.85794,19.353592
8.46703,5.8199368
5.80388,5.8504896
0.0,4.191432
7.75683,8.409401
0.0211065,4.8566837
0.0,7.6098957
6.61661,7.089119
0.390753,8.358786
0.205377,0.16064191
2.38675,2.7116191
0.55758,9.998285
4.5581,6.1763477
17.5005,8.363088
2.36271,6.0126934
16.7044,56.484634
2.30816,0.5572443
194.475,-0.2728052
0.0,4.8566837
0.0272644,0.19233537
0.0219642,0.9170537
11.4922,11.9088335
1.3851,47.759857
0.0,4.8566837
20.3765,6.271969
44.0179,45.680176
0.0,5.333104
13.1998,14.593021
0.0,0.22784495
0.0578393,0.030404806
21.4343,10.983617
0.089359,6.9909363
86.9453,96.63511
0.0,4.8566837
0.0,14.969103
1.31869,1.3380249
32.4577,35.37361
31.889,34.185295
0.0,4.8566837
45.1614,0.37052703
0.0,4.8566837
4.29189,4.823107
0.0,4.8566837
0.0534402,0.73220134
26.2397,31.93842
0.0,4.8566837
0.0,4.8566837
9.40349,9.211872
0.734255,0.85417914
0.0,4.8566837
16.8671,11.005152
2.6963,2.8499246
14.8916,16.104866
2.73699,2.8860738
0.0,0.4061606
0.0,4.8566837
0.0,1.790966
1.65003,1.8260083
5.78529,7.542323
197.497,-0.2880423
0.747373,4.8566837
0.0,4.8566837
0.0,4.8566837
0.0,0.9376774
0.0,4.8566837
0.0,4.8566837
7.00099,-0.46463323
0.0,4.6110973
15.4888,4.8566837
23.0886,24.449701
0.0,4.8566837
4.545,1.3866847
1.42763,23.478113
2.02329,0.28564095
0.0,4.8566837
0.0,4.8566837
34.1317,34.39362
0.319678,3.0173988
0.699426,4.8566837
0.0,3.8561823
2.22496,1.0217831
0.0506783,4.8566837
2.93284,3.3981757
0.124035,4.8566837
0.0,4.8566837
0.721388,1.9631319
23.2925,27.78385
7.13458,7.3820124
4.87841,6.495158
0.0503214,4.8566837
11.9358,13.307661
18.4408,19.491594
7.14585,7.5880413
0.83686,1.4585445
2.74106,12.445947
10.4071,4.8566837
0.0441422,0.9839413
2.29766,1.1986296
0.0,4.8566837
0.0,4.8566837
0.535877,5.3670053
1.66884,25.380217
22.6392,25.748137
0.130615,0.23992133
1.69518,10.071201
7.20599,38.424004
0.0,-0.16394019
84.784,12.0246105
8.78718,8.987149
0.0,4.8566837
3.7689,4.5710974
17.5729,22.413887
66.723,78.216934
3.3563,0.28272295
40.5102,49.591545
0.834837,4.999841
0.0,4.8566837
0.0,4.8566837
66.0095,41.300407
0.0,4.8566837
0.0,4.8566837
15.0344,8.188501
0.158856,4.8566837
0.0,4.8566837
3.86845,4.420369
0.0,4.8566837
0.885176,3.2704055
1.82111,4.8566837
6.31848,5.855089
41.4786,43.080635
12.3578,13.148917
0.0130207,1.6944423
751.657,792.39545
0.346404,0.3485322
0.0,33.687515
4.86847,4.8566837
7.65143,8.490904
0.0,4.8566837
0.751724,0.20867896
8.4425,8.516864
88.7445,113.64955
0.0493707,0.41373038
20.3765,6.6690655
0.117648,13.0691185
37.7718,47.2749
0.0,4.8566837
0.0,4.8566837
0.0,4.8566837
0.0,0.111665726
4.52996,3.2704055
0.0,4.8566837
0.0,4.8566837
7.08421,8.727962
0.518322,2.0450506
428.302,4.8566837
0.0,0.07934022
6.60746,13.24312
0.0,194.17613
56.7611,41.09166
1.20655,9.121629
0.699279,11.238066
0.0,43.597755
20.3765,6.6690655
14.0942,7.0127087
20.6806,11.166636
0.125719,0.06610799
0.153151,0.1503563
0.0,4.8566837
1.00717,1.3165512
24.9296,27.654593
0.121209,4.8566837
0.0362889,4.8566837
12.8639,9.601827
1.63946,2.629416
16.8505,16.432894
0.0,4.8566837
0.0,4.8566837
0.0789774,-0.34578562
0.0,4.8566837
0.0322104,3.2871778
0.0610322,4.8566837
0.0,4.8566837
0.230925,9.282593
0.0,4.8566837
49.8151,63.388752
0.0,4.8566837
0.0,1.1651335
0.0,4.8566837
3.5795,3.7579162
13.5237,14.853956
0.0,4.8566837
9.28526,7.0662155
2.7153,3.820913
1.81068,4.3026276
15.8731,19.77817
7.63668,46.09964
4.50339,4.8015394
0.0129911,4.8566837
9.20009,9.167644
0.0,2.662075
0.0,4.8566837
19.3196,23.717949
0.0,4.8566837
0.0,1.9229134
0.530209,0.5683458
0.0,4.8566837
7.71497,8.53001
0.349096,4.8566837
0.153509,4.8566837
0.0,3.6027007
0.0,24.813221
10.0219,19.137064
0.0,4.8566837
27.2787,7.7442713
0.55758,9.998285
1.10776,1.3345137
0.220706,46.211876
0.318214,28.673258
12.766,13.123983
11.3947,12.246195
10.9794,5.7800856
10.5081,30.267046
0.0,4.8566837
20.3765,5.798155
19.6408,21.800028
10.7675,15.812299
0.0430212,4.8566837
0.237022,55.962097
34.1565,74.26411
0.0,2.2028997
4.4391,21.583694
22.6518,11.940239
5.05382,5.7632008
0.069534,4.8566837
0.0735954,0.4176736
15.0913,16.235088
49.2648,54.936066
14.399,14.852349
0.228301,-0.2916777
41.1289,39.21498
0.0481385,5.5702477
0.0420308,4.8566837
19.3477,21.36683
0.0,4.8566837
8.4425,8.516864
0.0,4.8566837
12.9157,11.427783
19.1878,17.29795
0.169882,0.045474768
8.74247,48.505966
0.0,4.8566837
0.0,-0.97515845
0.795791,4.8566837
5.90117,7.4914427
0.942564,1.0087199
0.0,11.890504
11.7739,11.952211
60.3985,70.241295
45.9377,49.541794
11.0977,4.4947457
11.8289,62.022995
0.0,0.48525572
0.0,4.8566837
0.0124043,15.26378
0.0,4.8566837
0.0,4.8566837
16.2018,17.440605
0.0293181,4.047389
90.8729,3.2335634
0.0,4.8566837
3.48253,4.8566837
0.0,4.8566837
8.24252,8.68864
0.0,0.39412975
5.09901,5.5381308
17.9272,26.497889
13.6708,15.601298
0.0,4.8566837
0.0,4.8566837
5.39411,5.507683
123.482,134.86813
17.0383,17.013216
24.4512,15.085796
9.56915,10.052341
2.59898,2.7116354
0.0145016,0.13150811
2.18394,2.1801252
0.0261254,4.8566837
0.058586,4.8566837
0.0,4.8566837
9.4149,9.993778
38.012,29.387564
0.377169,4.8566837
1.54195,1.8035638
0.0,4.8566837
0.0,4.8566837
3.08732,4.8566837
5.16818,5.459592
9.33523,9.258712
0.0593326,4.27656
2.47507,102.82001
0.0,3.9288628
6.32595,6.326521
3.02366,4.8566837
36.9143,40.745476
3.8283,1.1861551
5.64967,6.1769686
0.488137,4.8566837
11.5815,12.045375
0.348336,0.20685124
3.69528,3.5583997
0.0123709,-0.1342051
10.0115,5.3902397
9.57747,10.116555
317.826,350.66458
18.8462,20.401285
5.57721,5.950019
0.0,0.29170215
7.11917,7.3885317
0.0,4.8566837
0.519642,4.8566837
7.84176,2.4559765
0.535877,4.65426
0.0,4.8566837
46.1519,8.8146
15.4143,5.0051856
0.0196105,4.8566837
0.0,4.8566837
0.0,4.8566837
53.5033,60.823097
13.6658,14.085352
0.0218479,4.8566837
17.2254,26.28051
5.06028,54.286022
0.185092,11.108845
8.56692,1.744576
0.0,4.8566837
0.0,4.8566837
18.2965,19.28529
7.76466,1.4750264
0.645114,4.8566837
0.0,1.9265188
0.116668,0.35096645
0.0263083,4.8566837
17.8849,18.16767
0.0,2.6611927
45.2152,49.585014
3.75554,4.074351
2.61769,25.13607
0.0,4.8566837
0.0,4.8566837
17.6696,18.281578
13.4667,12.900237
14.1541,14.468851
0.148443,4.8566837
0.147257,4.8566837
6.80099,45.235226
40.1471,48.723015
1.07475,4.8566837
6.51382,4.3357162
8.71518,4.8566837
13.3605,4.3889036
6.12208,66.70535
7.50482,8.621974
5.90059,4.8041897
0.0,0.36679554
0.0,4.8566837
0.0,4.8566837
0.0105662,1.8718824
0.0,4.8566837
5.75256,6.1317587
3.93496,4.0352077
0.0,4.8566837
17.8586,19.561983
0.55758,9.430975
74.4531,87.435265
0.030774,0.37396026
0.0,0.5779686
0.18877,0.79154253
0.0,4.8566837
0.0,4.8566837
38.704,44.115665
0.444784,4.8566837
23.9847,14.592237
47.1426,57.545223
0.0438265,0.39121222
0.0315748,-0.16074324
0.0,4.8566837
0.0274204,4.8566837
0.0,4.0341406
3.72617,7.757251
3.92962,2.268269
9.36233,3.2521951
0.0,4.8566837
6.10661,7.386544
64.9261,55.581436
0.110281,4.8566837
11.3911,11.9491005
26.9954,30.895187
5.52028,21.506342
0.395607,4.3886385
0.0,4.8566837
10.2526,4.2403526
2.89538,3.1332035
0.0205246,4.8566837
0.0,0.3602829
0.0,0.29170215
1.14478,1.265573
0.0897234,4.8566837
18.7259,25.384947
60.0505,18.858736
89.6832,99.89498
0.0145899,4.8566837
293.299,164.6572
23.8582,7.762789
0.519284,21.824455
0.0,4.8566837
0.0383336,31.238768
52.0819,56.66715
0.683661,4.8566837
0.505088,164.6572
17.7008,18.206442
41.9503,44.976067
0.0,4.8566837
10.0159,9.368169
0.0196327,4.8566837
11.566,11.9072695
0.0,0.4505818
4.21751,4.524046
0.0281779,4.8566837
0.503129,0.31435776
1.93037,2.6031256
25.3032,2.4507408
0.0629123,9.609319
0.0,4.8566837
13.4078,22.541319
23.0654,1.2690325
0.113443,1.739141
4.82808,5.338439
0.0,-0.23260427
0.0933876,27.250603
3.80485,3.994414
0.0713469,4.8566837
0.0,4.8566837
0.0,4.8095055
3.68977,4.3991213
0.0362957,8.18665
0.0,4.8566837
0.00673864,4.8566837
5.72192,5.59752
0.0,4.8566837
0.0,4.8566837
0.0,-1.469796
1.19568,35.73149
0.0,7.604189
186.227,22.47725
0.0,4.8566837
4.6505,5.1921825
2.81786,20.871595
0.0,4.8566837
0.129077,5.950019
0.834837,4.8566837
17.5578,20.337723
4.55654,5.938711
54.8596,62.18491
92.8442,117.160255
11.5285,11.920683
0.0,4.8566837
0.0323811,0.19518805
32.7516,7.729904
6.4931,6.816679
0.0,0.111665726
0.0,0.40178847
17.9272,26.497889
17.0709,4.8566837
0.110217,4.8566837
2.26045,3.359596
0.0,0.111665726
0.0382119,4.8566837
11.5061,11.56971
0.0,0.39091277
1.40205,1.1728644
0.0,-1.4565127
0.360438,38.195847
0.0,4.8566837
0.0683978,44.580616
0.0198511,4.8566837
6.94553,7.8397017
4.13278,28.062744
73.5802,41.098557
7.28997,7.780548
12.4457,9.469541
0.259435,4.8566837
0.101265,2.171289
0.226083,4.8566837
22.2086,23.822695
0.0999994,-0.592211
0.68252,5.271883
4.33623,4.652589
0.0359843,4.8566837
39.5207,48.052696
0.0,6.5061817
11.308,11.83099
0.0589175,4.8566837
86.0813,102.922935
0.0129563,0.29096866
19.3196,23.717949
36.9143,40.745476
0.0174285,2.703683
28.3842,33.89784
0.403338,0.094033
0.0841203,-0.018162489
17.9208,10.128634
2.15402,2.2111144
0.0,4.8566837
0.0,0.30179286
32.8867,35.203808
11.925,5.660616
0.0,0.08329725
9.42536,9.47409
7.88359,7.851533
0.0,0.18966174
0.0289529,4.8566837
0.0,37.545685
4.52728,0.37052703
35.0216,36.078545
10.2968,10.803864
14.5538,16.032112
10.5992,10.941913
1.99982,2.97649
18.9817,17.929857
0.0,4.8566837
0.0903813,4.8566837
0.0324437,3.9000618
0.0,4.8566837
0.0355143,4.8769836
0.0,4.8566837
1.7788,1.3492193
0.0,4.8566837
0.0983347,4.8566837
0.0,4.8566837
12.9993,13.415436
23.6752,12.742446
0.0224391,4.8566837
0.0,4.8566837
0.0,4.8566837
0.0,4.8566837
0.0,0.3643589
0.0753003,4.8566837
0.0,4.8566837
4.12061,4.8566837
1.78476,1.5297537
27.3319,4.8566837
0.932083,1.0502269
1.32179,0.987241
0.0372422,0.5859206
18.1842,18.75017
22.0206,24.416025
0.0,4.8566837
0.0,4.8566837
0.299025,5.6693296
28.3925,33.06894
18.2676,21.587156
1.45705,1.4856343
0.0,4.8566837
0.0,4.764557
44.9703,62.916862
32.6296,60.158195
181.385,44.580616
3.28353,3.6862974
8.18259,55.485554
0.967653,-0.15749383
1.49482,26.790667
12.9585,19.381762
0.0,4.8566837
9.31878,10.014315
8.19347,3.7922301
5.69682,6.0517263
0.0,4.8566837
7.44745,50.24224
5.39411,5.507683
0.0,4.8566837
1.24542,1.576329
2.52507,9.124574
5.22933,5.9989767
0.0,23.193987
0.0,4.8566837
0.839133,5.2714024
60.4376,13.877808
11.0977,4.4947457
0.0335017,0.43409133
35.0216,36.078545
4.10174,3.9771059
0.0629288,4.8566837
0.0,4.8566837
21.9927,24.195234
0.0,2.3382785
0.092315,0.27743626
0.189148,19.865488
7.49652,28.293192
0.0285757,0.11286092
194.475,36.94407
7.00152,7.888788
13.8527,15.968913
0.0,4.8566837
13.443,57.49484
0.0,4.8566837
36.2545,8.750234
0.0634421,1.1959343
0.427559,40.808445
95.38,109.802635
1.06761,1.3898365
0.0464147,0.4061606
0.0,0.7927182
25.1238,63.530674
0.0,14.326069
3.51618,3.611201
1.73733,1.6130412
0.0,4.8566837
0.0,4.8566837
5.55705,120.721954
8.49649,8.70515
95.5694,108.42368
1.31759,1.3936145
19.5991,18.862074
6.01797,5.566578
0.0265841,4.8566837
3.80485,3.994414
0.0,42.537033
4.3827,11.814458
0.0,20.117567
0.0,4.8566837
7.78329,-0.28007436
13.9068,13.964853
0.101652,5.907667
30.4835,36.70861
6.71487,6.941662
0.0,4.8566837
0.0179047,4.9740863
21.3463,22.537851
13.7987,21.252403
10.7625,10.843056
0.55637,4.8566837
5.32794,14.889921
0.0,4.8566837
229.09,262.51047
4.03114,4.1638746
139.212,0.24784684
67.7254,86.84636
4.74985,5.163702
5.52068,5.978548
4.9399,-0.47381878
15.8834,16.306076
71.5502,96.946846
10.5154,26.995054
8.78718,8.987149
29.961,34.34059
0.207055,15.066412
55.562,65.66472
5.02841,1.4514351
1.14091,0.6507344
48.3711,54.935944
0.0544411,4.8566837
0.0,4.8566837
0.00478567,4.8923683
0.349331,10.518293
1.66252,14.481512
0.0258409,4.8566837
0.0,4.871607
3.60053,4.168165
0.0231124,4.8464365
0.28357,12.246195
0.0,4.8566837
0.0,24.813221
4.58484,4.309635
16.4448,17.79155
0.0,4.8566837
0.0,4.8566837
18.9655,21.231665
7.53906,8.101632
0.231132,0.44411826
0.0,4.8566837
0.0,4.8566837
0.0,4.8566837
0.0643545,4.8566837
2.36926,9.752292
135.8,44.778347
13.234,5.773571
0.0,4.8566837
0.0,4.8566837
47.6788,24.686197
1.55834,14.010275
1.9342,6.134327
0.0,4.8566837
3.78142,4.4831047
0.0,4.8566837
0.0,4.8566837
0.02025,4.8566837
11.879,23.908726
14.3224,18.86429
16.651,19.980558
24.5863,12.468626
13.3234,30.148836
0.0413769,4.8566837
0.0,4.8566837
9.4149,9.993778
29.1625,32.692467
0.0,4.8566837
0.111054,8.44759
0.0498663,0.31957054
158.364,179.18729
4.76267,5.1522274
0.0562142,4.8566837
0.0186084,0.30386662
8.24868,9.102619
3.55067,3.764918
0.966778,1.9802101
14.797,15.444557
1.59871,1.538101
10.479,8.501951
0.0,19.804647
0.0,-0.97515845
0.923912,68.70278
0.0,4.8566837
0.0,4.8566837
0.0390394,8.435219
0.0,4.8566837
0.323331,4.883762
0.0120871,0.9122329
0.363451,8.359729
0.0,4.8566837
0.68252,5.271883
0.0,20.064249
0.0,237.50804
3.4621,10.635017
0.096906,4.8566837
0.0,-0.39677787
11.9212,21.97661
5.34906,1.2169836
1.32143,4.4947457
18.2853,9.030813
52.3091,55.187447
7.5882,28.237337
1.06105,9.654305
13.0129,13.334994
0.156968,4.8566837
8.10573,2.9659228
14.0127,8.056846
0.026868,4.8566837
0.0,0.25366807
0.00805205,1.2054081
0.0105662,1.8326561
0.0,4.8566837
1.7845,2.2373927
2.17957,0.6890042
0.0,4.8566837
0.10863,4.6939735
3.08732,4.8566837
2.61957,3.1462424
7.90092,8.170279
20.3666,31.944563
0.31996,1.3866847
6.86627,7.35962
0.0,4.8566837
0.0239684,4.8566837
0.0,39.013702
1.01876,0.79995084
0.0,3.4852872
0.542442,4.8566837
0.0244684,4.8566837
0.0,4.8566837
5.7861,26.215178
9.14964,4.236667
7.96072,9.368169
3.46771,17.130472
0.829006,4.8566837
5.45671,9.856917
14.8348,7.4552298
52.2343,61.558384
5.39369,34.18692
0.0,14.9226055
0.0665804,4.881196
160.161,9.313424
28.4723,27.519379
0.0,0.060052395
0.0,-0.24211073
0.0,4.8566837
0.0,10.200587
26.1965,29.437435
43.4767,45.54917
0.0883291,0.45606327
0.0,4.8566837
4.252,4.658455
17.3229,18.314552
0.0,4.8566837
0.034088,10.589727
12.3578,13.148917
0.138031,4.8566837
0.0,-0.2916777
4.98572,5.05295
0.232211,118.194
17.5554,66.74557
0.0,4.8566837
26.5832,7.6313334
10.8169,4.5568485
0.0,0.42575574
3.28353,3.6862974
0.0,-0.5823753
16.4448,17.79155
0.0,-0.030165672
115.406,153.85204
68.0121,85.170265
16.2353,15.365988
155.242,95.60706
17.542,6.841713
7.88359,8.147453
1.58039,4.8566837
32.6296,60.158195
0.0,4.8566837
0.0254356,4.8566837
0.0,4.8566837
0.0501567,4.8566837
86.3551,90.43273
0.0,4.8877535
0.054314,1.4825484
13.1413,17.2947
0.0,4.8566837
0.0,4.8566837
0.0339269,1.7700639
33.0627,15.218266
0.0,4.8566837
0.033392,-0.043243885
0.0,4.8566837
5.65498,1.5212765
0.0,4.8566837
0.353415,4.8566837
0.0,4.8566837
0.182954,4.8566837
0.0,0.59118056
25.6865,8.426458
12.3578,13.148917
0.0,4.8566837
0.0,-0.25021958
0.0,4.8566837
4.85574,4.9219666
0.101507,4.8566837
15.1388,16.445011
0.0643346,-0.4706099
12.6332,13.87916
6.77438,6.90716
0.0,0.080133915
5.34906,1.8718824
89.9161,98.50949
0.700818,0.10680723
8.26953,8.580109
0.0,-0.19363594
0.0,0.36003208
0.0,0.20404744
0.0209461,4.8566837
0.0,4.8566837
0.01378,0.08423638
0.178423,0.019042015
0.0,-0.31902218
0.0667464,0.41679168
0.0633151,0.40079403
37.887,18.89218
0.0,4.8566837
0.0144449,0.31861424
0.0444264,4.8566837
0.0867852,29.077145
46.1337,63.802986
0.0,7.505348
18.301,6.54126
5.18211,9.902064
2.26397,4.8566837
0.278283,4.8566837
22.0206,24.416025
0.52367,3.7022529
5.15777,5.5984144
0.0139038,4.8566837
71.9291,5.178171
13.509,15.646843
36.8233,30.148836
0.597943,4.8566837
0.128067,0.5682275
0.0,4.8464365
0.182946,12.468626
1.67192,4.369358
0.00775797,4.8566837
2.59898,2.7116354
0.0,-0.13749719
0.132043,4.8566837
9.85463,45.67025
0.0,4.8566837
16.2904,17.676483
0.0,4.8566837
0.334246,5.2468605
21.5036,24.33015
0.0,4.8566837
47.1426,57.545223
1.67192,4.369358
2.08647,1.9686345
0.430106,4.87238
5.30943,5.771217
77.4792,95.818275
5.39411,5.442519
0.0,4.8566837
0.0,4.8566837
0.0,4.8566837
0.0,4.8566837
66.5703,28.062744
0.0,4.8566837
7.56531,7.995512
1.71906,10.560872
0.0,4.8566837
0.0,4.8566837
0.72781,0.8614826
0.0289529,4.8566837
0.974143,22.583261
70.3835,68.71966
0.0,4.8566837
50.4199,45.26964
0.0,3.4418263
49.3187,56.46363
0.665645,0.4074769
0.0,4.8566837
0.0,4.8566837
0.0,0.22457814
18.4408,19.491594
0.0,4.8566837
35.6337,34.44655
0.209847,23.908726
0.0629288,4.8566837
16.2677,10.635017
2.70478,2.154253
0.0,4.8566837
0.0,4.8566837
0.0,4.8566837
0.0,4.8566837
0.469417,4.8566837
0.20815,4.8566837
89.2021,15.011459
13.7987,21.252403
0.0,0.8762293
19.0957,17.990604
0.0,-0.23260427
43.0166,2.5093062
26.1605,30.3854
0.146754,1.4423294
15.0214,16.389635
0.0129563,0.29096866
0.0,4.8566837
0.0,4.8566837
13.8431,14.521889
8.71047,9.438548
9.99881,12.2249775
12.115,-0.47381878
228.807,266.90817
15.0968,25.30162
8.24252,8.68864
0.72045,6.484353
0.0,4.8566837
0.210907,4.8566837
0.0,4.8566837
0.0,2.9329305
0.0,4.8566837
2.59677,13.4597025
0.792368,3.8429124
2.86907,10.528498
0.0,4.859441
0.0,4.8566837
1063.86,1155.7328
0.477638,4.245311
0.0,4.8566837
49.3187,56.46363
0.0,2.545924
0.0,4.8566837
0.387361,4.3724394
15.842,16.808935
38.3952,35.38308
9.4149,9.993778
0.0,4.8566837
0.0,4.8566837
0.0,4.8566837
5.47233,5.509933
0.0,4.8566837
0.014177,4.8566837
0.55272,16.411999
0.0,0.5779686
33.357,38.0186
0.227111,4.8566837
9.40349,9.211872
2.54224,3.117817
36.1719,21.748379
0.0,4.8566837
0.0251359,4.8566837
0.886348,4.8566837
5.16169,11.578732
1083.88,95.15368
0.0134494,0.0837152
0.0,0.004360914
0.0373148,4.8566837
0.0,0.55833673
4.0341,4.788624
5.34906,1.2169836
73.2579,108.91584
0.0,4.8566837
0.0,4.8566837
0.0,4.8566837
7.72727,7.984972
0.535877,4.5964394
90.9355,99.91878
0.647028,44.580616
0.456626,0.100554705
8.25858,5.46627
11.7739,11.952211
11.6675,12.917494
13.1278,14.727609
0.0,68.79575
174.296,215.61418
0.0,4.8566837
6.84802,8.880051
1.20174,9.282593
134.521,155.092
28.244,47.82695
13.6708,15.601298
0.535877,4.5964394
22.6966,25.493773
82.1792,6.9154186
0.0,4.8566837
0.0,0.40633273
0.0,4.888131
0.134363,5.97812
0.02025,4.8566837
11.6114,10.089748
0.0,4.8566837
0.0,4.8566837
0.0,3.990667
0.404285,60.03119
22.0206,23.187183
26.1965,28.959568
0.0,-0.011168003
16.2677,10.024624
0.836706,4.8566837
4.37095,4.4014463
5.19622,12.404418
32.5668,4.8566837
0.0,0.25624514
0.0,7.249527
10.5733,11.491133
1.96582,2.7909179
6.54888,13.6670475
42.3715,6.3801966
16.651,19.980558
110.799,80.99625
139.129,154.21706
0.0,0.28272295
0.0610322,4.8566837
21.9927,24.195234
0.0,4.8566837
0.0,4.8566837
0.0,-0.42673516
0.0,4.8566837
6.18583,6.412548
18.2965,19.788347
0.0897234,4.8566837
0.172357,0.7120807
0.0163062,4.8566837
25.8108,48.58882
22.0206,24.416025
0.0,4.8566837
0.0757449,4.8566837
17.1126,19.063904
0.0362784,0.6569059
7.5427,4.27656
0.0189998,4.8566837
0.18013,4.8566837
0.40315,0.20121479
0.0,0.29170215
0.0,4.8566837
46.7864,55.519043
0.0,8.048627
41.2784,52.236385
0.0,4.8566837
3.79881,4.255166
36.044,39.14782
16.8505,16.432894
16.1532,5.9786777
0.16364,4.8566837
1180.83,1170.4927
0.0,4.8566837
6.7969,8.53502
0.0995542,4.8566837
16.8101,19.833853
14.0233,25.009874
8.49454,9.323583
4.0899,0.5171616
0.0,8.243018
73.6452,17.41277
48.0989,54.703545
23.5343,13.620028
17.6696,18.281578
16.4165,13.992594
72.8693,79.8281
0.0,4.8566837
31.6155,33.03713
0.0103819,20.013987
4.85574,4.9219666
0.0,4.8566837
0.0930373,17.915876
10.6332,7.016288
0.0733279,0.3519361
0.487577,4.8566837
19.5016,20.90298
96.1357,4.8566837
0.018194,5.411708
37.7821,18.243523
4.67141,11.849197
73.3554,95.50703
37.887,18.89218
0.013013,-0.28535628
15.3676,-0.061830997
228.807,266.90817
25.1649,26.675158
2.05782,4.8566837
10.2716,3.6910405
0.36302,8.572207
0.0,4.8566837
0.289089,4.879965
68.9289,78.86137
0.0201684,4.849103
0.571642,0.7061188
0.0,0.14339423
231.91,268.36108
0.0199723,4.8566837
0.295747,4.8566837
0.483763,10.164336
0.0413353,-0.76334405
0.0285535,-0.10766053
16.1543,5.2008724
6.32027,6.3978596
0.0285757,0.055630684
0.0140005,4.8566837
14.1155,15.139936
5.59409,4.8566837
4.10452,4.254275
0.0,4.8566837
1.25708,1.7645476
0.0,4.8566837
0.143577,4.8566837
0.0230888,4.8566837
0.0,0.111665726
0.0,3.2567394
0.0,4.8566837
0.500156,0.5444374
69.4026,1118.5333
5.17439,107.77192
7.24983,8.216472
0.0,4.8566837
1.16659,19.804647
0.0252579,-1.5010703
15.6971,40.929184
0.0,4.8566837
49.3187,56.46363
0.314698,5.3902397
10.9119,27.322226
0.0,4.8566837
2.87811,1.790966
8.32161,4.8566837
0.303486,4.8566837
0.409133,0.24157882
12.4884,6.644615
0.0,4.8566837
10.1609,10.989557
0.0,2.0205367
3.46595,4.119474
0.0,4.8566837
0.0310379,4.8566837
16.4448,17.79155
6.08398,6.7073708
19.3196,23.717949
0.193852,15.406834
0.0261254,0.3395779
0.0,4.8566837
15.348,12.292753
1.05541,4.8566837
0.00808029,0.11433101
0.218525,0.48159528
1.69662,44.358376
22.9634,16.331707
1.81713,2.439304
5.39411,6.553546
0.201977,-0.4381559
38.7644,40.77128
9.26149,9.881745
0.0,4.878708
0.0,4.8566837
5.05006,4.8566837
25.1973,26.077112
78.8657,89.06952
6.68585,6.7705984
0.766402,4.8566837
0.0,0.3280108
2.2831,1.5097144
1.63293,1.7519588
0.0,4.8566837
0.0,4.8566837
42.2534,24.979925
0.0,4.8566837
14.4733,14.9691925
0.196355,1.9289083
0.0,0.14000177
0.669699,8.900896
0.0,4.8566837
0.0,91.88755
0.0,4.8566837
0.0,4.8566837
3.5795,3.7579162
0.131497,4.8566837
0.03749,0.32585955
0.0,4.8566837
12.8278,6.27188
7.11185,7.7576694
0.0703373,4.8566837
46.9646,53.23484
1.74564,1.223449
0.0165132,4.8566837
0.586897,27.753263
27.4069,24.764372
0.0131004,4.8566837
0.0,0.23445988
6.95536,7.2338066
3.67181,4.3056664
1.43893,1.4569676
0.0,0.4505818
10.0053,10.616312
4.40566,2.3501406
2.61851,0.43603706
0.0,4.8566837
0.0,4.8363447
0.0,0.111665726
66.5222,65.59112
0.0,20.013987
0.0719362,4.8566837
12.2933,13.228975
21.9927,24.195234
3.80921,17.002815
2.37312,53.347313
9.68664,10.402142
11.1947,11.460031
1.80628,7.7401943
0.0,2.6617532
3.80485,3.994414
0.01066,0.0894146
4.37563,6.461768
1.02618,1.3154428
0.0,4.8566837
28.1376,31.020144
96.6188,125.39095
0.0,4.8566837
9.06062,0.7479243
0.0115644,4.8566837
0.0,4.8566837
0.0,4.8566837
7.4921,7.8164825
0.0683978,44.580616
13.2047,14.828163
0.290254,0.52494836
26.8874,21.543287
0.839133,5.2714024
7.34953,7.0949955
0.206719,0.39883733
14.6851,4.8566837
2.0112,62.34256
0.0,4.8566837
96.1357,4.8566837
3.12215,3.4174232
0.0385982,0.21316814
0.0863636,30.347387
0.0,4.8566837
598.347,614.2282
28.2056,11.934782
43.8743,17.534626
22.0829,4.8566837
10.0146,6.829693
0.0,0.31762528
0.0,4.8566837
5.83212,6.0804424
14.1322,7.19279
19.9297,23.57791
3.5795,4.381958
16.9595,17.17435
0.0296726,4.8566837
0.532077,1.7328434
0.142454,4.8566837
0.181888,-0.0024149418
74.3385,81.497
0.0129563,0.29096866
0.0,4.8566837
23.5057,27.752672
0.372758,3.43334
3.72053,26.766603
5.7861,6.4006577
0.0,-0.18119645
39.5927,42.910297
9.73486,4.886648
0.0341683,21.773455
0.970146,0.8245716
15.8731,19.77817
0.0757449,4.8566837
0.0505051,4.8566837
21.9927,24.195234
5.80313,12.923651
0.0,0.4869759
0.19443,0.6439345
2.36965,3.0074253
0.0,0.1541152
3.90281,1.8485641
9.51699,4.508401
3.07933,3.0620503
6.8555,6.4463015
0.0,4.8566837
0.0,5.660616
4.16915,91.80787
0.0,4.8566837
0.0,4.8566837
97.4455,63.661083
23.3684,3.3235888
31.8361,34.97972
1.10621,1.9823198
22.1656,40.53704
0.42647,0.57484484
7.66119,8.359729
0.797986,1.6867852
0.0,4.8566837
0.35243,3.6082435
0.331106,4.8566837
0.0,4.8566837
3.41305,3.1549058
0.225915,2.7589138
12.0715,46.746212
0.0,4.8566837
2.2831,1.5097144
0.0,47.556236
67.8708,4.8566837
23.3864,25.13451
21.4862,26.468523
16.2353,22.174788
0.205377,0.16064191
19.1213,24.311262
0.572656,-0.09704256
0.0,7.249527
1.00021,4.8566837
17.4698,13.612135
40.7339,46.160633
1.3366,4.895026
20.4762,27.660292
3.8058,3.5863733
68.0183,7.979295
4.15016,5.611575
0.0329641,4.8566837
7.88354,7.822447
0.0,4.8566837
0.286364,119.71208
0.766073,11.287329
0.0,19.804647
307.122,8.207883
0.152411,4.8566837
0.0157707,-0.20994449
43.9491,10.455011
40.1683,27.465136
13.3042,7.7401943
2.30368,25.22679
0.0355143,4.8769836
0.0,18.856354
126.095,148.19778
0.0,4.8566837
22.6392,25.748137
7.60944,9.55501
9.26417,10.03565
10.8052,4.8566837
0.0,0.5250242
0.0317711,0.5565541
0.0,4.8566837
0.0,0.2964995
1.65003,2.1622362
0.0,-0.05741954
55.234,54.024803
0.0,0.630533
5.87878,5.250141
0.0,4.8566837
0.0,1.9229134
0.0,0.5030451
12.2934,12.016901
0.0,69.87295
0.0,4.8566837
0.0,7.3397503
7.24983,8.216472
0.0310379,4.8566837
8.26953,8.580109
0.0261254,4.8566837
0.110945,4.8566837
0.0,4.8566837
7.1822,7.8062696
0.0,4.8566837
3.49067,0.6431627
10.5992,10.941913
141.193,104.384315
0.0120871,0.9122329
21.7949,25.234503
0.173933,4.0426397
6.43976,6.9597435
0.0,4.8566837
22.312,15.149454
0.010401,2.0985816
7.93361,8.276156
30.3886,40.97969
0.110705,4.8566837
16.4448,17.79155
5.78663,6.029257
0.310805,19.672045
0.0,4.8566837
0.0,1.9229134
26.1965,30.706251
84.2077,95.96775
0.0,4.8566837
12.1678,4.8566837
1.0596,5.505207
0.0159444,0.27499628
0.080121,4.8566837
13.7987,30.350187
174.296,215.61418
0.0693409,0.3939631
1.67037,1.5533321
0.0,-0.19563603
0.116721,2.0933497
5.78663,6.029257
3.02061,3.5988126
32.5265,4.8566837
0.0,0.04668045
30.6925,34.066696
11.9053,13.13937
0.564027,33.245148
47.4526,11.138431
7.22575,1.9643149
14.8373,19.175581
20.3765,6.6690655
5.1839,4.0426397
0.0,4.8566837
9.26417,10.03565
0.431208,10.983617
0.0,2.782336
4.54406,6.950575
0.0831002,4.8566837
0.0,4.8566837
0.0,0.111665726
25.7039,89.277596
10.6332,7.016288
23.7573,26.508202
875.743,-0.45483565
17.5729,22.413887
23.8774,3.2871778
216.012,258.81772
0.0,4.8566837
68.0121,85.170265
0.0,18.598934
4.252,4.658455
0.0,0.03135872
0.0,4.8566837
8.20827,14.9226055
0.0,4.8566837
0.0,0.06610799
0.0,4.8566837
0.299788,-0.22267032
0.0,4.8566837
0.0065704,4.8566837
6.32027,6.3978596
0.0,4.8566837
0.0424993,4.8566837
0.0,7.249527
0.116517,4.8566837
0.0339982,1.3866847
8.02989,8.815774
0.0,4.8566837
0.05843,4.8566837
0.0,4.8566837
0.692599,3.0655715
0.0233216,1.1230447
2.52583,2.6178832
53.5739,55.42707
53.4941,12.22983
0.534861,4.5568485
0.0,4.8566837
0.0431546,4.8566837
34.0732,39.180084
0.298784,120.50903
0.430106,4.87238
0.0,4.8474607
0.00734836,-0.09635353
9.98148,12.401602
12.0095,12.869617
0.0591675,4.8566837
5.25943,-0.20193124
0.0,28.062744
0.0,0.4376111
13.0292,13.574356
0.0,4.8566837
0.0,4.8566837
13.5394,14.952354
103.886,0.8811722
8.8137,2.8282022
0.196355,1.9289083
0.0,4.8566837
45.6011,9.374374
0.48296,9.185646
0.0,0.09506297
0.0,4.8566837
0.0950008,4.8566837
54.0669,8.0357275
41.7138,13.297618
3.77614,3.6652443
1.79176,13.620028
21.7269,4.613334
10.6428,11.279969
0.0,4.8566837
16.1817,16.147072
0.0,9.918172
0.0,4.8566837
5475.9,4.8566837
0.0,-0.032099724
27.454,13.502137
0.0,4.8566837
6.44702,7.062006
8.30447,5.4789724
0.0227273,4.3840084
0.0,1.3866847
0.0930278,4.8566837
13.3722,5.4593573
0.0,4.8566837
0.0289529,4.8566837
0.477638,4.245311
3.68977,4.3991213
36.891,11.890504
2.93284,3.3981757
17.5749,19.272278
0.0606786,4.8566837
0.0,4.8566837
0.0,2.782336
26.1206,11.771511
4.05046,4.6605225
0.0,4.8566837
9.33991,9.637644
0.0,4.8566837
0.845695,4.8566837
177.793,226.07181
0.0355344,0.030830383
0.0,4.8566837
5.1839,4.0426397
0.900053,8.135305
12.5304,6.263584
0.0,1.8716867
2.70478,2.154253
3.92962,2.268269
6.77438,6.90716
0.0,4.8566837
0.0,4.8566837
0.0,4.8566837
48.918,49.30513
6.61334,141.74184
2.45039,2.0706816
42.7882,53.07866
12.4457,9.469541
0.099321,11.817104
41.4786,43.080635
0.0,12.43387
53.3411,19.804647
16.6398,6.278387
0.0,4.5676966
0.423672,3.9970796
135.281,9.1730585
0.0,0.111665726
13.1864,6.0936146
26.5636,3.8110056
26.6832,31.741198
0.0,-0.028168201
0.365548,0.47563696
21.811,22.837404
0.0558077,4.8566837
5.47925,0.18490243
0.0527068,4.8566837
0.099321,11.817104
0.0,4.8566837
3.46591,47.460686
1.79644,18.632048
1.69518,10.071201
0.0,4.8566837
8.08271,8.942102
15.7146,7.3543043
3.32396,3.3803086
0.138031,4.8566837
7.38977,7.5934267
75.4154,39.866688
26.0752,21.882944
9.83226,9.8937435
1.58275,1.4836013
33.061,14.863387
0.0,6.0261736
0.0,4.8566837
0.609691,15.723102
9.56262,4.304393
41.0927,12.840582
0.0,4.8566837
54.8596,62.18491
0.05843,4.8566837
2.0161,2.270256
0.0239197,1.0227537
0.0786566,4.8566837
0.0,4.8566837
7.37709,2.1576126
16.0071,17.923677
0.0,4.8566837
11.3499,13.162309
9.8197,9.955863
0.283806,4.8566837
0.069534,4.8566837
18.8375,20.369007
18.9655,21.231665
5.25244,6.108878
248.611,265.3503
0.0,2.441461
12.2679,85.76783
0.0137033,0.37867618
30.6237,31.54497
0.216623,0.42253685
0.621602,35.6783
69.8534,29.758192
8.18569,8.722743
0.0,4.8566837
0.0,4.8566837
0.0,4.8566837
0.348336,0.20685124
0.520391,1.0217831
25.0795,29.163311
145.657,156.43648
7.42241,25.419497
0.0,4.8566837
4.17273,4.8139563
0.0,4.8566837
12.186,12.682459
1.99982,2.97649
6.03225,-1.5048473
0.743623,0.49856925
0.0,4.8566837
0.014401,0.15026402
0.0,4.8566837
0.233384,300.48795
4.252,4.658455
24.6134,26.924921
27.5158,26.09388
0.0158332,-0.2550795
12.5438,13.477591
0.0179047,4.9740863
0.214666,4.8566837
33.6491,37.743294
11.6269,12.132563
0.0,4.8566837
0.182791,4.8566837
0.0252579,0.24354815
0.0,4.8566837
0.0,4.8566837
0.0,4.8566837
0.06429,35.399727
11.7411,11.792019
7.18879,3.7656045
0.196942,4.8566837
63.5438,71.38474
0.571642,0.7061188
12.4882,15.602619
0.051393,6.6690655
0.0,4.8566837
0.0,4.8566837
46.7864,55.519043
0.0,0.46203113
0.0,-0.08879924
6.51382,4.4523277
0.0,4.8566837
0.02025,4.8566837
0.0,4.8566837
0.0227304,0.29170215
0.0252672,11.666235
16.2102,16.068638
0.0,4.8566837
0.0,4.8566837
0.0146291,9.23037
54.4611,66.22271
1.06258,1.3485703
8.24868,9.102619
29.961,34.34059
0.0,0.53182006
57.9342,48.756065
0.0,4.8566837
0.0,4.8566837
14.9374,16.47847
0.0,4.8566837
5.29064,10.367544
16.651,19.980558
0.0,0.3280108
0.612755,1.9790499
9.17639,9.779598
286.647,198.88803
4.85574,7.0147324
0.03872,4.8566837
8.58441,12.681022
0.0753512,-0.2653377
4.52996,3.2704055
47.3354,49.649246
0.0,4.3724394
0.0,0.37451935
19.3636,13.032046
0.0,5.2714024
0.153703,4.8566837
24.5863,12.468626
0.52367,65.67542
0.21938,4.8333244
0.0573763,0.19517016
0.223302,0.12775683
0.324646,4.8566837
0.0,23.6901
0.0,4.8566837
0.0,0.7058892
35.7528,34.76578
15.1311,12.03825
31.6391,35.024635
68.9289,78.86137
47.0054,56.48139
3.80604,4.8566837
0.104588,4.2007933
1.21628,1.8860974
0.0219642,6.728957
0.0,4.8474607
4.52996,3.2704055
6.17569,34.33537
12.2934,12.016901
6.09922,3.6370513
0.0,4.8566837
0.0,8.135305
12.1396,5.373787
1.78545,1.7878637
15.8592,13.937079
0.0,4.8566837
3.09294,4.10523
0.0855931,0.050340176
31.6466,36.043358
0.191738,4.8566837
0.0,4.8566837
0.0,4.8566837
0.0,4.8566837
0.080121,4.8566837
0.0,4.8566837
6.94088,6.9526634
0.0,34.65802
1.17735,2.5963528
0.0,4.8566837
0.0,4.8566837
11.8606,15.311694
5.83212,6.0804424
0.0,4.8566837
0.045982,0.07662034
0.0,0.2024467
0.0,4.8566837
0.0,6.2724104
0.486084,0.5829406
0.0,4.8566837
82.7146,75.64765
0.0,4.8566837
3.12215,3.4174232
0.0,4.8566837
0.0806803,10.197575
2.03327,2.1473172
0.0297383,0.11934686
0.0,-1.4226387
0.0,4.8566837
0.0,4.8566837
3.42381,2.950243
0.0852943,4.8566837
89.6832,102.00617
6.57803,7.3867607
9.95179,10.568497
0.0329746,9.502638
0.0,-0.14642906
3.45025,12.689781
195.28,3.0317326
1.25708,1.7645476
45.9377,49.541794
7.03849,7.8200655
0.0362889,4.8566837
22.0206,24.416025
21.6066,24.606424
6.93485,2.253353
0.0,4.8566837
6.70503,29.67431
4.82437,5.342948
0.473766,13.160412
2.15402,2.2111144
0.0,4.8566837
1.05032,21.97661
0.729187,35.19317
0.0,4.8566837
8.65669,8.589703
1.06258,1.3485703
4.52907,10.046584
3.41602,4.3881307
0.0,4.8566837
0.0,4.8566837
0.814287,10.038982
0.0,4.8566837
0.0,4.8566837
14.2975,84.47103
10.2526,4.2403526
0.0,4.8566837
40.2252,0.5308974
6.84285,8.526047
0.0,1.9229134
49.3187,56.46363
19.4241,22.657553
0.645114,4.8566837
0.0,0.065770864
3.29947,19.391813
3.29546,3.621457
8.78718,8.987149
4.69737,4.748475
1.22072,4.8566837
0.0363102,0.07560897
0.0297985,0.2815354
22.6392,25.748137
34.6966,39.21402
0.0,4.8566837
0.298915,24.550625
8.30396,9.143389
22.5331,23.713484
6.67046,54.065773
0.0,4.8566837
0.0,4.8566837
0.140786,4.8566837
0.0,4.8566837
0.0,4.8566837
0.0289172,5.462095
4.30371,5.481291
0.0609893,4.8566837
10.7009,12.093045
0.0,4.8566837
0.33863,4.8566837
0.0,4.8566837
29.0086,7.5279646
206.507,261.84808
0.0,4.8566837
891.877,905.89874
4.61178,4.964731
0.0,2.9329305
2.97333,6.829693
238.224,23.807117
0.0,4.8566837
7.72727,7.984972
1.53848,691.49066
5.64967,6.1769686
0.0,4.8566837
0.253644,4.8566837
14.9929,86.50132
29.3384,31.324263
0.0322007,68.71356
0.0,4.8566837
0.0,4.8566837
0.0472634,4.8566837
58.1102,36.228264
12.9993,13.415436
16.4448,17.79155
4.39634,4.2403526
2.47586,1.6505133
31.7232,35.478966
3.5171,0.929615
0.620218,1.8087826
0.230591,17.622995
0.0314092,4.8566837
0.0623884,4.8566837
0.256811,4.8566837
0.0475428,4.8566837
68.9289,78.86137
3.5795,3.7579162
2.97855,4.8566837
1.69762,2.1282103
0.0,4.8566837
15.9735,10.924194
0.556268,0.5657613
0.0,0.36425424
0.0,4.8566837
8.98008,9.129857
0.0,0.1895585
47.5839,9.65318
0.014271,0.15509772
0.233384,300.48795
0.03437,1.3871028
19.4562,20.203375
4.1897,4.653957
0.0,4.8566837
4.237,6.540083
0.0747703,0.2563486
19.0873,20.94771
8.74772,9.919169
0.165725,4.8566837
66.0095,41.300407
34.3872,24.939932
11.2641,19.898466
0.0396673,4.9007597
15.3628,16.733208
11.911,36.79544
5.64259,4.9525275
1.84594,4.918437
52.9514,58.564037
21.4206,4.8566837
0.556268,0.5037267
0.0,4.8566837
10.4508,4.8566837
21.9927,24.195234
0.782975,0.97984946
4.60452,4.8566837
0.430817,0.19430399
0.0,4.8566837
0.0324436,4.8566837
112.365,126.67869
11.2349,11.783667
0.0,-0.013282061
0.121934,4.8566837
103.116,31.443584
33.8268,41.668953
21.3463,22.537851
0.0,4.8566837
0.0,4.8566837
3.12215,3.4174232
0.0,4.8566837
0.0,4.8566837
0.0,4.8566837
0.18013,4.8566837
0.0891279,0.26526546
5.16,6.1829596
0.0,4.8566837
0.0,0.47487092
0.394956,5.001643
4.79727,4.8566837
0.0331224,0.72705317
166.297,31.241232
24.8424,26.080435
12.0457,12.709533
1.64473,21.798218
5.52068,5.978548
0.0,4.8566837
22.2207,23.19986
0.150147,44.580616
0.0,0.5152135
10.3538,9.821346
0.0,9.478374
0.161673,4.8566837
0.0,2.782336
0.0,4.8566837
0.0,4.809636
0.0,4.8566837
0.31557,6.9835043
0.0,4.8566837
2.66554,6.785222
4.39554,3.0385838
99.9945,108.48847
0.0754227,4.8566837
13.2085,13.086152
1.42799,1.2423832
2.56798,2.6757312
0.0,0.6062248
12.0159,13.067965
28.3986,30.557577
0.0,4.8566837
33.774,36.407303
7.93916,8.388161
5.35623,4.8224564
14.8348,8.12381
22.6994,30.696898
0.0,4.8566837
0.0,11.638187
16.7274,28.709227
0.0,4.8566837
0.267529,12.759388
0.0,4.8566837
15.1428,16.43643
4.28886,2.191834
29.2068,11.969782
0.0,4.8566837
128.636,147.3567
0.0,0.05303788
0.673946,31.432718
0.0,0.34015465
71.0243,89.42919
6.83028,2.152462
39.4874,45.56108
0.00485317,4.8566837
0.0,4.8566837
0.0276747,4.8566837
0.0,4.8566837
0.19443,0.6439345
0.432429,4.8566837
0.0,0.0081985
3.80485,3.994414
138.822,170.7119
0.0950608,4.8566837
62.2029,71.580696
11.8329,13.51549
3.79386,4.4511604
0.0621113,7.3973274
9.03346,9.427819
5.47233,5.509933
0.0534402,0.73220134
0.0,4.8566837
12.9993,13.415436
60.3985,70.241295
6.32027,6.3978596
0.0,4.8566837
0.0,4.8566837
1.2981,4.8566837
0.0,15.801356
0.0471666,4.8566837
0.0,0.87042165
0.00982299,4.8566837
0.548949,7.318034
0.731623,4.8566837
4.51348,4.2782764
0.11544,4.8566837
16.4448,17.79155
0.875072,1.6239777
441.86,76.911545
6.25644,5.745351
0.0,4.8566837
2.95917,3.0607624
0.387227,4.8566837
0.0,4.8566837
6.18605,7.35065
6.70289,18.08384
0.0,4.8566837
14.6294,7.7632723
47.7532,1.6589365
0.160392,1.6057186
12.6788,13.002974
88.2999,106.67371
0.491228,4.8566837
9.32437,30.026543
0.571642,0.7061188
0.133226,26.08719
0.0,4.8566837
26.2865,27.881565
0.0390604,4.8566837
0.350174,0.44663167
0.0,4.8566837
0.0,15.935298
0.496241,2.268269
8.77471,6.9316397
0.0153356,-0.4390309
0.185833,4.8566837
0.0,0.14999294
7.82945,11.342449
2.93396,57.92845
0.0,4.8566837
92.275,100.840416
69.8636,5.655631
46.9605,63.01653
0.0831501,4.8566837
0.0,0.3178122
1.43988,4.8566837
13.3899,12.780966
2.15402,2.2111144
0.242017,0.35191822
12.3578,13.148917
9.40351,10.181816
0.530209,0.5683458
0.0,4.8566837
7.00152,7.888788
13.8431,14.353024
3.6676,28.097372
0.0,4.8566837
50.5521,8.433789
0.0,4.8566837
7.64598,7.659215
8.74577,9.226991
0.097734,4.8566837
45.9497,12.93108
40.1683,27.465136
17.5554,66.74557
13.6872,52.56517
0.0,4.8566837
0.0,4.8566837
12.5184,12.913078
20.4535,17.460379
3.92962,2.268269
0.0,4.8566837
0.800597,4.8566837
0.0,4.8566837
23.5057,25.691618
7.18879,3.7656045
0.0,4.8566837
9.51941,10.140766
0.195798,4.8566837
0.0,4.8566837
25.3641,26.560175
0.012716,4.8566837
0.0,1.6067448
0.0,4.8566837
8.16196,24.792522
0.0,0.36179876
0.0,4.8566837
0.210907,1.1059792
0.0,0.17566204
46.7275,5.7125387
21.4343,10.983617
7.92071,8.370293
0.834837,4.999841
0.0440028,17.074205
0.0772649,4.8566837
0.19443,0.6439345
16.4448,17.79155
0.921524,0.8878052
0.0,20.433153
0.0,4.8566837
7.18879,3.7656045
0.0,9.848173
4.545,1.3866847
3.8234,21.542223
0.0,4.8566837
18.24,19.349483
54.4632,58.293007
0.0,4.8566837
0.529795,4.8566837
0.0,2.4418018
0.0,4.8566837
82.423,88.36627
13.1672,6.1217165
0.529947,91.22917
8.53085,7.968195
27.1519,2.017426
0.720367,4.8566837
3.42105,13.153593
0.0,4.8566837
11.3911,11.9491005
6.10661,5.6190176
0.0,4.8566837
0.0,4.8566837
0.0307666,5.8028736
7.95512,8.706966
0.0,4.8566837
6.89367,8.321661
0.0,4.8566837
0.0,4.8566837
4.22201,4.8900375
5.3686,0.090177774
10.5708,11.102416
10.0146,6.829693
19.0535,18.985834
0.0,4.8566837
0.0,4.8566837
14.8916,16.104866
53.0483,62.125813
0.0,0.40784264
0.106439,-0.11550975
1.00717,1.3165512
1.52594,0.3619132
0.0415987,0.63110304
0.0,4.8566837
27.7434,30.21691
0.027453,0.097875595
0.0,4.8566837
0.134373,0.32852387
25.7614,14.0319805
0.173196,8.10651
0.237729,1.2839735
42.1167,53.456543
0.0,4.8566837
0.0,4.8566837
6.43976,7.2502146
36.2545,13.466034
11.3911,11.9491005
17.6696,18.281578
5.78663,6.029257
4.545,1.3866847
5.79969,0.34250045
0.548949,7.318034
14.7455,4.8566837
7.68695,0.37171054
2.738,3.8724716
0.0,4.8566837
12.7752,13.314978
41.4786,20.894861
89.6832,102.00617
0.0,4.8566837
0.0,4.8566837
0.403338,0.094033
0.0,4.8566837
75.3521,88.84473
27.2276,27.2037
0.0,9.478374
0.051393,7.249527
0.0,2.0550804
4.88341,3.5593028
2.59898,2.7116354
57.2468,10.555878
45.7714,48.799713
0.0,4.8566837
2.90855,3.611201
2.7782,3.4415834
3.80485,4.726304
0.0,4.8566837
0.620975,4.8566837
5.22933,5.9989767
35.4146,11.648756
3.31974,7.2204523
0.0,0.630533
2.0112,62.34256
19.7847,10.02529
92.8442,117.160255
23.569,27.468763
27.4125,4.8566837
0.0,4.8566837
14.1939,14.143894
0.0,0.15850472
0.0,4.8566837
0.0,4.8566837
28.5582,7.6658287
3.02328,3.5014908
0.0,4.8566837
90.9479,13.66032
0.0,4.8566837
8.51378,8.786568
0.885176,3.2704055
0.0349215,6.841713
0.0,4.8566837
0.0258166,4.8566837
0.0,4.8566837
5.1564,2.3896096
0.217464,1.8082659
0.0852943,4.8566837
238.555,80.4676
10.4473,10.291765
0.0,4.8566837
0.0,4.8566837
0.153628,0.30587697
23.5057,27.752672
39.8526,7.9526033
0.0,4.8566837
0.0211065,4.8566837
0.478407,4.8566837
0.04007,4.931093
0.0247727,0.5593631
0.0647753,4.8566837
0.0,4.8566837
13.6915,13.563253
0.123364,4.733964
0.0,4.8566837
4.99855,4.9162436
5.65579,4.949054
5.62209,6.2528534
1.13347,0.6202636
0.0,0.1458323
0.0,4.8566837
0.0104508,0.5014987
3.8263,3.2075367
3.12729,0.36457968
16.8602,0.8207865
0.0541491,4.8566837
19.9297,31.04124
0.0362714,0.05396104
15.8452,24.939932
2.5717,10.641187
7.577,12.216525
0.0,4.8566837
0.0244386,7.9900026
1.98213,2.2902822
0.0,4.8566837
5.54281,0.80833316
108.9,32.16547
0.0814258,4.8566837
0.205377,0.16064191
3.62445,3.7210085
0.0,4.8566837
0.0,4.8566837
0.0722256,18.904282
24.2596,28.651503
13.7987,21.252403
42.3715,6.3801966
0.0,0.111665726
20.3765,5.798155
28.1376,31.020144
7.32787,7.410638
0.0527473,14.995259
53.5033,66.96232
0.0,4.8566837
115.716,62.34256
0.0,4.8566837
5.35409,5.9029274
0.0,-0.091447115
5.23978,5.369302
2.04185,118.76979
0.0,4.8566837
10.9407,11.417952
15.7407,16.422194
0.124035,4.8566837
0.0146014,4.8566837
0.0,4.8566837
15.9171,14.987936
0.0,4.8566837
24.5863,12.468626
17.9272,26.497889
0.353843,5.8766537
0.0,-0.3091395
0.227111,4.8566837
0.0,4.8566837
0.0,0.5779686
27.6481,29.192791
0.0327252,4.8566837
23.3703,21.97429
0.0410215,4.8566837
0.0,4.8566837
0.0,2.6617532
0.0,0.16850543
0.137928,1.1230447
0.0,4.8566837
0.0541491,4.8566837
6.72939,17.382221
0.0544411,4.8566837
8.36754,8.387047
118.592,122.818794
0.288601,0.5393207
2.36522,1.3866847
6.58495,7.5566883
0.0,5.544861
0.0,3.936887
9.98324,10.372794
0.0,4.8566837
17.0974,10.957098
0.0407668,4.8566837
0.0,4.8566837
51.4147,29.38331
52.3091,55.187447
8.8373,3.43334
0.0,4.8566837
13.4114,6.8334217
0.571642,0.7061188
0.55758,9.430975
6.39349,11.937212
38.704,44.115665
5.08154,5.5952225
9.12761,10.568658
0.0,4.8566837
3.56694,6.3967752
0.0672431,4.8566837
0.0301766,-0.06305909
0.0,4.8566837
1.00418,4.8566837
11.9358,13.307661
679.721,718.5396
15.6481,16.957449
61.6673,22.335878
0.0,4.8566837
3.7689,4.5710974
12.6931,14.542469
0.82062,5.514825
0.0,4.8566837
0.0983347,4.8566837
17.5578,20.337723
0.0,4.8566837
29.5091,35.256516
0.0280649,0.003469944
5.57964,5.0850577
1.55944,4.4523277
0.0929055,0.55756354
10.5708,11.102416
0.0,4.815298
1.90718,45.876457
0.0,37.7099
0.0,4.8566837
17.6053,19.999147
31.6466,36.043358
0.688051,1.0204971
0.0,4.8566837
0.368738,5.1451244
0.016778,4.098834
1.19094,4.8566837
0.0,0.0813458
0.0233073,4.8566837
1.04654,0.09839749
4.18634,4.605234
10.5992,10.941913
0.530209,0.5683458
16.1526,6.484353
0.0227304,0.29170215
4.21751,4.8566837
157.205,69.87295
0.0,4.8566837
9.5994,33.990936
7.58157,8.215142
10.094,9.816558
0.0,4.8566837
371.009,0.22381186
0.0,4.8566837
0.0,4.8566837
0.0,4.8566837
98.9403,50.725693
2.66615,2.4883242
30.2328,10.810902
0.465225,0.25060725
60.8617,71.00348
96.9964,26.599638
8.8373,3.43334
1.74564,1.223449
20.7938,-0.17353773
16.651,19.980558
0.0179047,4.9740863
0.0,4.8566837
49.3187,56.46089
29.1625,32.692467
0.0,4.8566837
0.0,4.8566837
0.690548,4.8566837
30.0052,12.047955
8.54891,8.540891
9.4149,9.993778
34.3872,24.939932
0.143328,0.5471263
3.34962,2.9400768
0.306591,1.5297537
0.0,4.8566837
0.0105311,0.11348629
11.8048,12.606004
0.193627,4.8566837
0.051393,7.249527
0.0,0.40867543
0.0,0.36179876
135.348,180.40608
1.02096,0.94663143
1.04382,8.091555
22.1781,21.888058
3.72328,27.525003
7.38977,7.5934267
7.89797,6.5917873
15.3317,16.323092
0.0,4.8566837
0.0,-0.030165672
6.84802,7.5096703
0.0,29.010952
7.13458,7.3820124
0.0,4.8566837
21.1058,23.432112
0.0,0.167202
7.85865,2.1206622
6.51382,4.3357162
0.0401582,4.8566837
0.0,4.8566837
0.0,4.8566837
7.67185,7.952382
57.3396,66.288734
0.0,4.8566837
9.60521,0.26526546
0.0,2.7619963
22.9447,61.34122
22.0206,24.416025
1.9201,29.797901
0.0,0.4377451
0.0,0.16850543
0.0,4.8566837
0.523938,3.7387266
17.8964,20.456228
1.68959,1.1375754
0.0270283,4.8566837
0.118235,4.8566837
9.59899,10.155543
0.0,4.8566837
0.0,258.09534
0.0,8.308432
18.1224,19.466864
11.0977,4.4947457
0.0102758,4.8566837
5.02155,7.230358
0.73739,4.8566837
39.0521,46.437073
30.4823,14.9226055
13.3605,4.3889036
0.0,4.8566837
0.40574,-0.23024106
0.0,4.8566837
0.0175659,0.25349402
1.69861,19.965193
12.2738,12.53628
74.6795,91.04656
1.18369,1.8546255
7.50482,8.621974
0.551782,0.2136476
5.35847,8.069574
20.1574,22.371798
8.18569,8.722743
80.0908,100.10649
28.1376,31.020144
0.387586,0.6233809
3.30789,10.837593
0.0105662,1.2169836
0.222996,0.5037267
0.0,-0.032099724
1.15544,3.417484
0.0,4.8566837
16.1453,16.421602
18.3856,4.8566837
0.0541491,4.8566837
8.94489,19.599037
10.6702,4.121831
0.0,0.34269953
8.51827,9.343704
0.0104653,4.8566837
60.2093,55.80606
0.0,26.164736
1.15643,4.8239937
15.3911,21.74169
45.9377,49.541794
3.84675,1.8716867
0.0324739,9.981682
88.224,94.74918
0.53003,0.71564317
0.0,4.8566837
0.600088,-0.14151621
21.411,29.165041
0.0,4.8566837
8.67667,9.307163
0.0,4.8566837
7.28674,0.06974602
4.80848,4.9294043
5.36806,5.2316113
0.0,0.1541152
3.41602,4.3881307
0.0,4.8566837
0.868541,39.866688
0.0,4.8566837
6.35632,8.188642
2.92734,2.6638055
0.0,0.28070545
0.053634,4.8566837
0.0109566,4.8566837
24.8391,24.818205
0.0,0.04668045
19.2937,19.743984
0.0,0.060052395
3.55422,4.9747887
0.0,4.8566837
0.0,0.4505818
0.0,0.060634375
2.48352,4.8566837
18.8462,20.401285
0.0,-0.28007436
97.7892,111.016685
0.0,4.8566837
74.3385,89.022194
72.1635,21.739992
0.0175253,4.8566837
8.80633,4.8566837
1.18369,1.8546255
24.01,10.58127
26.3643,8.10651
0.568928,4.8566837
4.47958,7.98481
11.925,5.660616
0.0556715,0.21097064
4.92681,44.243053
0.318196,33.240932
0.0,4.8566837
0.207055,15.066412
0.0,4.8566837
0.0,4.8239937
0.0,4.8566837
6.08398,6.7073708
7.9698,9.235674
0.0803287,4.8566837
9.50146,10.222174
0.05784,38.486626
0.0171162,4.8566837
0.487407,9.426945
14.8365,17.159431
0.0186586,4.8566837
0.0,4.8566837
0.0256659,4.8342957
0.0,4.8566837
0.0,0.5779686
0.0,-0.123404264
0.0,4.8566837
6.37074,5.4905643
0.38795,4.8566837
0.0,3.2567394
0.311563,11.233549
0.0,4.9228206
0.0095824,4.8566837
0.0,1.9229134
0.0,0.7927182
10.5992,10.941913
2.96133,10.580487
0.0,4.8566837
0.0,4.8566837
0.0,4.8566837
0.0,0.25943375
0.0,-0.25950718
0.00521469,4.8566837
0.0,4.8462124
0.709381,0.6976762
47.4526,11.138431
0.921524,0.8878052
0.0,4.8566837
19.0873,20.94771
0.0,4.8566837
22.5498,16.544844
3.8158,4.0358515
8.16661,8.869013
13.0123,8.055443
63.9287,53.023277
0.0372422,0.5859206
0.0,4.8566837
5.78663,6.029257
0.0,-0.10939503
0.0,4.8566837
9.31878,10.014315
19.1878,10.152254
0.0623884,4.8566837
17.0974,10.957098
0.0,4.8566837
3.90281,1.8485641
0.75264,1.1375754
0.0,6.703862
11.6433,6.09361
0.210886,4.8566837
0.0233073,4.8566837
5.31933,6.1980343
0.431369,6.484353
0.16686,0.3519082
21.4206,26.870281
0.0,-0.07866025
0.0,4.8566837
0.0,4.8566837
2.04957,0.16311765
1.84812,4.8566837
1.40311,1.1416104
0.0,0.62525916
0.0354006,4.8566837
5.54151,1.748107
0.0,4.8566837
0.0,0.07934022
0.0445317,0.045024633
0.0176443,4.8566837
0.0,4.8566837
9.4149,9.993778
21.9108,26.865297
0.0,0.09984875
0.944647,12.087638
0.720367,23.044035
19.1565,2.5978565
0.0,4.8566837
0.0,0.13278604
0.0,4.8566837
0.0,4.8566837
0.0274204,4.8566837
1231.18,65.71363
0.0,2.7343702
10.3601,10.661733
0.0,0.1541152
22.6392,25.748137
0.0,4.8566837
6.75583,7.9456615
0.0,4.8566837
0.0,0.6703801
0.180222,33.5719
4.12583,31.526495
3.78142,4.483105
0.571642,4.8566837
0.024356,0.055502176
221.788,259.74747
1.00717,1.3165512
0.0,-0.067555904
0.304523,-0.014840126
4.85934,5.092077
20.3765,6.6690655
0.0355344,0.059325457
0.0,4.8566837
0.0,4.8566837
46.1839,8.181364
0.0,0.21443915
0.712285,7.762789
0.0,4.8566837
1.58275,1.4836013
0.0278994,4.8566837
0.0247339,1.9779814
0.645114,4.8566837
0.0,4.8566837
0.0413947,0.09268832
0.251745,11.940239
0.0,4.8566837
0.0,4.8566837
5.42813,1.2061746
0.0,4.8566837
0.0,1.9229134
32.6081,38.581055
20.3793,30.587439
9.4149,9.993778
143.223,14.48416
0.0376121,0.27565718
7.24983,12.729239
3.90281,1.8485641
0.0,4.8566837
0.0,5.9786777
0.0,4.8566837
0.0,-0.047276735
41.4786,43.080635
37.4822,40.563408
1.91787,8.608819
35.8779,40.451134
4.61967,5.12858
5.64967,6.1769686
1.67606,1.06897
0.0533205,0.24959135
31.8361,34.97972
0.195798,4.8566837
4.252,4.658455
0.0,4.8566837
3.93245,183.29283
16.075,18.632582
0.156531,4.8566837
15.4888,4.8566837
0.0,4.8566837
7.77633,7.377264
4.51348,4.2782764
0.075898,0.198179
0.19158,0.27482367
6.04453,3.1030374
0.0,0.16365075
36.1924,7.913499
0.0,1.321861
0.0,4.8566837
0.0,-0.38101053
6.17769,4.112823
23.5057,27.752672
0.051393,7.249527
163.165,6.6280117
0.189067,13.877808
0.0,4.8566837
1045.48,534.9211
1.47888,5.2714024
2.47663,1.7838519
18.2498,19.303347
0.0,4.8566837
28.7141,0.14225435
0.836202,12.742446
6.7752,4.8566837
0.0,4.8566837
5.39369,24.660986
11.9358,13.307661
0.0,0.21909666
4.27785,4.8566837
0.0,4.8566837
0.391701,0.47123504
7.72727,7.984972
0.0,4.8566837
23.1255,25.120604
18.7132,19.361156
1.78476,1.5297537
16.4448,17.79155
0.0198062,4.8413334
0.0,4.8566837
0.0,0.111665726
16.2904,17.676483
1312.75,12.249635
0.0,0.20404744
0.0546641,4.8566837
0.0166473,4.8566837
0.0623884,4.8566837
0.0,4.8566837
16.167,4.8239937
1.80725,2.2108967
0.0,4.8566837
0.620975,4.8566837
1.17115,4.8566837
0.0264059,-0.32305384
25.1371,26.457817
4.85574,7.0147324
0.0165863,4.8566837
0.0,4.8566837
0.0,4.8566837
40.9894,25.22679
34.8431,46.71048
0.0,0.59118056
15.0934,8.1911
0.0,4.8566837
1.20083,1.0501442
0.0431546,4.8566837
0.0783148,13.778061
13.3234,30.148836
0.431208,10.983617
0.0,4.8566837
0.0328138,3.278539
0.0175519,4.8566837
10.775,11.856977
0.66808,1.6505133
17.2617,16.793468
0.0652121,4.8566837
0.0,5.660616
3.9038,19.426561
0.0,4.809636
0.0,2.3870704
0.948007,0.30918384
0.0757449,4.8566837
0.0,24.195856
15.8554,16.969748
127.197,2.1163535
4.63845,3.948346
7.56531,7.995512
131.913,76.14605
12.8278,6.27188
0.0,4.8566837
0.0,21.06775
0.0,18.447895
5.34906,1.2169836
16.4448,17.79155
0.0584078,0.19711876
14.0341,53.13571
0.0,0.6071284
1.15144,3.52824
0.0,4.8566837
17.243,5.2714024
24.7055,25.895224
0.0,4.8566837
5.54151,1.748107
9.47653,5.899376
0.0,4.8566837
5.38804,5.4090786
0.0,4.8566837
1.27446,9.752292
18.6327,20.495146
171.987,4.8566837
8.18569,8.722743
2.13995,11.87392
19.0443,20.199146
9.53228,7.987832
226.209,263.80313
0.0,4.8566837
0.0,4.8566837
3.43098,3.7490673
0.0,4.8566837
0.0,0.11588073
0.0810239,0.3022406
0.0107011,4.8566837
45.1614,6.7044134
0.0,4.8566837
0.0304709,0.10192084
7.34111,5.287822
0.0,0.111665726
0.03394,4.8566837
0.02025,4.8566837
0.0645255,5.4789724
5.1564,2.3896096
5.89065,9.741392
19.6408,21.800028
6.61661,10.497467
13.1106,13.594399
8.76368,9.638877
0.0,0.48301458
12.3578,13.148917
0.0,4.8566837
0.33863,4.8566837
0.0297015,4.8566837
4.28886,2.0450506
0.025486,3.43334
11.3911,11.865977
9.33523,9.258712
19.5016,20.90298
11.3911,11.865977
0.102663,4.8566837
0.029949,3.2520304
755.335,32.605995
127.057,47.244694
12.9993,13.415436
7.44957,4.9043937
0.0272456,4.8566837
0.0,0.50559354
323.72,4.8566837
1.02096,0.94663143
0.00807543,4.8566837
0.173498,4.8566837
25.8726,10.247949
10.9414,4.245311
211.163,229.99657
52.1071,8.288273
10.7396,11.684792
0.0,11.606579
0.0657912,0.13150859
0.080121,4.8566837
1.2714,4.8566837
0.0,0.2574973
31.6466,36.043358
6.32027,6.3978596
10.9808,11.014071
6.1193,7.4615526
22.2086,23.822695
24.7151,63.413277
0.0,4.8566837
0.140786,4.8566837
20.1486,28.2026
31.6073,37.746147
43.9011,47.631676
0.0181711,4.8566837
0.0,-0.067555904
2.47586,1.6505133
0.0,4.8566837
11.566,11.9072695
0.174932,0.20049691
7.88268,8.339259
2.29405,1.9579983
12.4639,4.8566837
1.26006,0.114243746
22.2555,24.899275
0.0,4.8566837
9.91484,4.9740863
29.7447,33.429974
1.69555,2.6643405
64.8804,30.405931
0.0,4.8566837
0.0,4.8566837
0.0,4.8566837
0.0,4.8566837
14.5422,68.79575
145.657,145.85774
45.6525,53.794487
0.202142,23.832434
0.0,4.8566837
0.00684528,4.6810327
3.95256,4.8566837
0.0,4.8566837
11.6114,10.089748
0.836064,4.8566837
81.5728,95.79876
0.0,4.8566837
0.0227304,0.29170215
3.84675,2.6617532
0.099321,11.817104
3.31365,3.9028409
57.049,4.8566837
0.0,4.8566837
0.00596473,4.8566837
0.0,4.8447886
2.61378,3.1096704
6.33662,4.8566837
0.0,4.8566837
0.0,4.350013
38.704,44.115665
34.3512,36.04777
4.03114,4.1638746
30.306,33.385616
10.8734,3.1954558
2.73699,2.8860738
11.5285,11.920683
0.0181138,0.119846344
0.0530535,1.508856
0.182358,4.8566837
0.0,4.8566837
9.27441,8.996053
0.00433382,4.8566837
16.6281,10.677246
0.28751,4.8566837
77.0235,98.67797
38.704,44.115665
0.0296009,4.8566837
0.0758396,4.8566837
0.0489275,76.14605
8.51378,8.786568
21.5146,12.246195
0.0657912,0.13150859
9.24052,9.538247
0.0,2.782336
0.0,1.9229134
0.0,4.8566837
1.7845,2.2373927
501.184,6.7525187
16.061,4.8566837
0.609691,16.968897
8.98122,8.70804
0.161006,0.44902968
0.0,34.329323
0.0,0.2568283
0.152698,0.5706439
0.0219642,6.728957
0.044806,0.17366767
14.3224,18.86429
0.0097177,4.8566837
3.28352,4.8566837
0.0,4.8566837
20.6263,21.215609
64.8804,30.405931
11.1811,12.740458
29.3879,31.012598
95.5694,108.42368
0.0,4.8566837
85.6316,66.74557
6.85145,8.034133
0.0,0.111665726
62.2277,15.938684
0.195212,0.14075828
0.020618,0.16365075
0.00610409,0.05077362
0.180045,9.053485
0.146124,2.285934
11.7411,11.792019
0.0,4.8566837
4.68443,4.599531
36.0404,6.211871
0.0478645,0.069907665
0.0,0.06610799
0.678751,4.8566837
5.64451,13.959972
0.361121,4.8566837
0.0,4.8566837
9.58637,10.307475
1.20083,1.0501442
11.104,4.8566837
0.749724,7.5205593
10.1635,10.2397785
0.0,2.0590448
115.406,153.85204
6.59443,46.225555
0.0274204,4.8566837
0.0,4.8566837
8.36759,8.896249
0.414039,4.8566837
5.05107,5.6560526
30.6925,34.066696
2.05356,4.8566837
19.8574,6.4528275
0.0,4.8566837
0.625926,4.8566837
0.292217,4.8566837
2.38815,2.5875366
20.1487,20.573067
145.657,156.43648
0.0,0.5988493
31.6525,33.24373
21.5036,22.435013
7.59087,7.9137774
72.3697,4.8566837
6.53582,8.357485
19.0973,11.415976
24.5835,9.989627
0.0,4.8566837
0.0,9.502638
0.0258179,10.554962
0.0501277,4.8566837
47.44,53.462887
24.1123,7.269414
0.18013,4.8566837
2.73699,2.8860738
0.568557,0.31338382
16.4118,4.8566837
0.0,4.8566837
1.67192,4.369358
0.0,4.8566837
15.2282,17.632242
0.0,4.868779
0.0,0.1553986
