y_test,y_pred
0.0,18.660683
0.0,18.660683
0.0782644,18.660683
0.00575578,18.660683
13.9542,18.660683
0.0,18.660683
0.66091,18.660683
0.0879039,18.660683
27.5158,18.660683
122.832,18.660683
15.1356,18.660683
57.7158,18.660683
3.77479,18.660683
3.17463,18.660683
9.45517,18.660683
12.3578,18.660683
3.95256,18.660683
0.0,18.660683
75.9546,18.660683
0.0,18.660683
8.49454,18.660683
7.2347,18.660683
0.0703577,18.660683
0.0,18.660683
0.0,18.660683
38.21,18.660683
0.0,18.660683
2.06445,18.660683
0.113605,18.660683
24.0097,18.660683
18.2853,18.660683
0.0607464,18.660683
0.0,18.660683
62.0056,18.660683
0.0503269,18.660683
4.79727,18.660683
16.9263,18.660683
0.042854,18.660683
11.7977,18.660683
0.0,18.660683
16.5368,18.660683
20.7045,18.660683
5.59568,18.660683
0.0,18.660683
23.1255,18.660683
5.34906,18.660683
5.52779,18.660683
67.7821,18.660683
6.40323,18.660683
0.0921453,18.660683
6.73907,18.660683
0.0,18.660683
0.108294,18.660683
4.43062,18.660683
0.0,18.660683
27.5158,18.660683
5.74901,18.660683
0.0367926,18.660683
0.223818,18.660683
33.0915,18.660683
2.97393,18.660683
6.77438,18.660683
0.0,18.660683
5.20467,18.660683
0.0362957,18.660683
16.8101,18.660683
11.3986,18.660683
0.326888,18.660683
0.0230882,18.660683
0.0471918,18.660683
0.0303503,18.660683
10.3085,18.660683
0.0,18.660683
0.144784,18.660683
11.1251,18.660683
0.0,18.660683
0.0615141,18.660683
8.98122,18.660683
0.114685,18.660683
0.00805205,18.660683
77.4792,18.660683
86.9453,18.660683
0.0,18.660683
0.0,18.660683
18.4586,18.660683
5.97234,18.660683
0.0,18.660683
0.0,18.660683
10.1753,18.660683
10.6686,18.660683
0.0443369,18.660683
11.0104,18.660683
13.7455,18.660683
128.763,18.660683
23.569,18.660683
0.0,18.660683
0.0,18.660683
0.0149761,18.660683
14.7039,18.660683
12.3578,18.660683
619.796,18.660683
0.0,18.660683
1.55502,18.660683
1.63821,18.660683
0.0,18.660683
3.74162,18.660683
5.1564,18.660683
12.8249,18.660683
0.0,18.660683
4.0341,18.660683
0.233384,18.660683
0.0,18.660683
4.40395,18.660683
0.143328,18.660683
18.8009,18.660683
0.0,18.660683
0.0,18.660683
0.0,18.660683
0.0,18.660683
131.913,18.660683
5.85859,18.660683
0.0,18.660683
0.0,18.660683
0.0,18.660683
10.2142,18.660683
15.332,18.660683
1.56213,18.660683
185.622,18.660683
46.8588,18.660683
9.31878,18.660683
12.7752,18.660683
7.79231,18.660683
5.83212,18.660683
9.4149,18.660683
3.49699,18.660683
10.0626,18.660683
0.0,18.660683
1.54364,18.660683
67.7957,18.660683
5.14796,18.660683
0.0408511,18.660683
0.0,18.660683
229.09,18.660683
0.0,18.660683
3.78142,18.660683
0.0455359,18.660683
32.8961,18.660683
2.59898,18.660683
26.5832,18.660683
2.15237,18.660683
0.0,18.660683
1.37625,18.660683
0.287353,18.660683
0.0,18.660683
1.25708,18.660683
22.6392,18.660683
0.0187744,18.660683
2.21442,18.660683
28.4181,18.660683
0.690993,18.660683
0.092315,18.660683
35.2742,18.660683
21.6219,18.660683
60.3717,18.660683
1.05603,18.660683
17.4142,18.660683
0.16686,18.660683
15.6106,18.660683
0.0264222,18.660683
0.0,18.660683
0.0,18.660683
6.58066,18.660683
0.0,18.660683
5.77299,18.660683
0.0,18.660683
49.0173,18.660683
8.16661,18.660683
0.0,18.660683
2.93367,18.660683
6.51382,18.660683
52.0819,18.660683
0.0229089,18.660683
0.096906,18.660683
0.0754227,18.660683
10.2716,18.660683
1.27446,18.660683
7.88354,18.660683
0.770695,18.660683
5.02155,18.660683
0.0262705,18.660683
0.0781199,18.660683
2.39287,18.660683
1.87517,18.660683
18.8462,18.660683
0.147257,18.660683
16.3921,18.660683
0.0,18.660683
78.8296,18.660683
12.5145,18.660683
0.0,18.660683
0.745192,18.660683
0.0,18.660683
6.31848,18.660683
0.0,18.660683
0.0,18.660683
29.3384,18.660683
8.76789,18.660683
28.7411,18.660683
7.88359,18.660683
0.0387366,18.660683
0.0,18.660683
0.0,18.660683
0.0,18.660683
5.75467,18.660683
5.19545,18.660683
1.97158,18.660683
3.62445,18.660683
2.69744,18.660683
15.2823,18.660683
4.74985,18.660683
41.2784,18.660683
41.4786,18.660683
0.0,18.660683
188.562,18.660683
18.9655,18.660683
9.31878,18.660683
0.0,18.660683
12.3578,18.660683
0.0201047,18.660683
0.0,18.660683
0.430381,18.660683
26.5298,18.660683
0.0,18.660683
11.5865,18.660683
10.5992,18.660683
3.68977,18.660683
13.3042,18.660683
0.0,18.660683
5.59568,18.660683
3.38696,18.660683
13.4342,18.660683
0.0,18.660683
16.7901,18.660683
24.2557,18.660683
0.0,18.660683
0.0,18.660683
0.0,18.660683
9.18444,18.660683
0.0,18.660683
12.3578,18.660683
0.0,18.660683
0.0,18.660683
4.42726,18.660683
2.59898,18.660683
9.8331,18.660683
0.0,18.660683
18.2676,18.660683
0.0558077,18.660683
0.207426,18.660683
32.8704,18.660683
21.3463,18.660683
0.0,18.660683
197.497,18.660683
5.64259,18.660683
257.44,18.660683
10.4559,18.660683
6.2425,18.660683
2.56689,18.660683
13.3117,18.660683
38.7908,18.660683
0.0415987,18.660683
0.0,18.660683
0.0,18.660683
4.74985,18.660683
1.03622,18.660683
31.889,18.660683
0.0,18.660683
115.716,18.660683
21.3134,18.660683
0.0514485,18.660683
22.5227,18.660683
0.0606786,18.660683
0.0,18.660683
12.6291,18.660683
0.0177207,18.660683
0.116024,18.660683
0.0,18.660683
0.0151055,18.660683
5.16818,18.660683
6.5387,18.660683
0.0426607,18.660683
15.4143,18.660683
0.0339202,18.660683
11.9164,18.660683
0.0,18.660683
11.8502,18.660683
12.5945,18.660683
0.0,18.660683
0.0,18.660683
0.0,18.660683
0.0672646,18.660683
4.64645,18.660683
0.186552,18.660683
0.223349,18.660683
0.144784,18.660683
0.0,18.660683
2.34811,18.660683
0.0129911,18.660683
0.0,18.660683
16.0374,18.660683
0.0,18.660683
8.203,18.660683
0.132043,18.660683
26.7264,18.660683
0.0,18.660683
1.46693,18.660683
23.5057,18.660683
36.5753,18.660683
11.2349,18.660683
16.4925,18.660683
0.0,18.660683
0.0,18.660683
51.2472,18.660683
0.0,18.660683
19.6539,18.660683
6.87894,18.660683
30.4823,18.660683
4.70154,18.660683
9.31878,18.660683
1.68702,18.660683
0.355747,18.660683
23.6547,18.660683
14.8266,18.660683
0.0752463,18.660683
0.0,18.660683
0.0,18.660683
76.4643,18.660683
11.6645,18.660683
7.14585,18.660683
0.0190806,18.660683
0.0648146,18.660683
18.9655,18.660683
77.0235,18.660683
0.202952,18.660683
0.192117,18.660683
0.106015,18.660683
8.80649,18.660683
9.36233,18.660683
0.0,18.660683
0.598492,18.660683
3.08732,18.660683
10.5992,18.660683
14.8348,18.660683
0.0285535,18.660683
1.26098,18.660683
2.28143,18.660683
0.0,18.660683
0.0109604,18.660683
0.0,18.660683
6.75583,18.660683
13.3761,18.660683
0.0541491,18.660683
0.483763,18.660683
10.6954,18.660683
0.0,18.660683
0.0,18.660683
0.0349605,18.660683
8.54713,18.660683
8.30396,18.660683
13.9482,18.660683
8.7999,18.660683
9.95179,18.660683
20.328,18.660683
0.0,18.660683
9.36233,18.660683
0.269299,18.660683
7.56243,18.660683
0.0,18.660683
0.23815,18.660683
12.4414,18.660683
0.0315748,18.660683
0.730467,18.660683
0.0601238,18.660683
6.28842,18.660683
14.8266,18.660683
0.0412964,18.660683
8.57879,18.660683
0.163484,18.660683
5.26338,18.660683
0.36302,18.660683
0.268727,18.660683
11.9358,18.660683
0.49207,18.660683
6.00461,18.660683
0.287353,18.660683
0.276187,18.660683
0.0320994,18.660683
0.0582332,18.660683
0.138989,18.660683
0.0,18.660683
0.0,18.660683
1.13553,18.660683
1.06258,18.660683
15.8812,18.660683
0.025486,18.660683
0.0,18.660683
21.5912,18.660683
0.0303929,18.660683
0.0,18.660683
21.4343,18.660683
0.0,18.660683
0.0,18.660683
23.5049,18.660683
9.40875,18.660683
0.663635,18.660683
11.1051,18.660683
7.32356,18.660683
0.0,18.660683
1.84488,18.660683
6.70053,18.660683
26.9294,18.660683
0.0394935,18.660683
29.9351,18.660683
0.0183687,18.660683
20.3765,18.660683
0.0,18.660683
10.4316,18.660683
1.31195,18.660683
60.3985,18.660683
2.66844,18.660683
34.254,18.660683
0.0,18.660683
0.0,18.660683
0.211532,18.660683
12.0457,18.660683
3.42946,18.660683
7.09675,18.660683
0.465225,18.660683
0.0,18.660683
5.52068,18.660683
0.0,18.660683
16.1449,18.660683
42.7111,18.660683
0.0916607,18.660683
28.7819,18.660683
18.0724,18.660683
0.94857,18.660683
0.0,18.660683
0.0,18.660683
5.52779,18.660683
1.54364,18.660683
15.1751,18.660683
3.8263,18.660683
16.2454,18.660683
3.92803,18.660683
0.0,18.660683
0.0,18.660683
0.0,18.660683
0.02025,18.660683
0.571642,18.660683
0.571642,18.660683
7.59372,18.660683
0.0,18.660683
0.0683726,18.660683
0.0,18.660683
0.0,18.660683
1.15824,18.660683
119.268,18.660683
4.03114,18.660683
3.8158,18.660683
2.87896,18.660683
43.9186,18.660683
7.39603,18.660683
0.0,18.660683
0.0,18.660683
31.889,18.660683
40.2252,18.660683
22.6272,18.660683
0.699727,18.660683
0.0,18.660683
0.0,18.660683
13.2992,18.660683
0.10356,18.660683
0.301423,18.660683
2.39114,18.660683
0.181382,18.660683
0.240296,18.660683
3.567,18.660683
0.0,18.660683
1160.7,18.660683
0.0,18.660683
11.6645,18.660683
0.0,18.660683
0.571642,18.660683
71.0243,18.660683
53.7064,18.660683
0.205377,18.660683
0.0,18.660683
0.0324436,18.660683
59.9702,18.660683
0.0,18.660683
10.0159,18.660683
1.51571,18.660683
0.0,18.660683
0.0844384,18.660683
0.242381,18.660683
0.0930278,18.660683
7.75683,18.660683
0.0148986,18.660683
1.66884,18.660683
0.0733279,18.660683
0.150812,18.660683
7.03447,18.660683
13.4342,18.660683
7.13458,18.660683
0.0,18.660683
0.0455585,18.660683
3.93245,18.660683
0.0,18.660683
1.78478,18.660683
0.0,18.660683
0.0,18.660683
0.0,18.660683
42.7111,18.660683
795.558,18.660683
27.8933,18.660683
3.53838,18.660683
0.0,18.660683
53.941,18.660683
3.90281,18.660683
154.968,18.660683
19.9297,18.660683
0.0,18.660683
44.9807,18.660683
0.0,18.660683
4.95834,18.660683
0.0310379,18.660683
0.0190806,18.660683
9.01874,18.660683
4.1077,18.660683
17.9272,18.660683
0.0,18.660683
4.48371,18.660683
0.086773,18.660683
0.443035,18.660683
0.365597,18.660683
8.26953,18.660683
0.0,18.660683
3.10796,18.660683
4.49545,18.660683
17.243,18.660683
0.0,18.660683
0.0978433,18.660683
6.73429,18.660683
31.889,18.660683
17.4093,18.660683
9.41273,18.660683
2.29465,18.660683
12.3578,18.660683
35.6083,18.660683
0.0,18.660683
24.0658,18.660683
3.14507,18.660683
0.250134,18.660683
158.563,18.660683
7.70166,18.660683
185.622,18.660683
0.0,18.660683
1.63159,18.660683
0.0,18.660683
88.4875,18.660683
3.95256,18.660683
7.51521,18.660683
0.095025,18.660683
137.862,18.660683
19.4241,18.660683
0.0,18.660683
0.0585232,18.660683
238.224,18.660683
6.33957,18.660683
19.1256,18.660683
13.4342,18.660683
5.39411,18.660683
16.1817,18.660683
0.0390588,18.660683
12.3578,18.660683
0.0,18.660683
0.0,18.660683
0.0972054,18.660683
8.42446,18.660683
0.125719,18.660683
0.0,18.660683
0.0,18.660683
4.92908,18.660683
10.7948,18.660683
52.0819,18.660683
4.6505,18.660683
11.6269,18.660683
0.0478645,18.660683
39.5207,18.660683
2.2972,18.660683
0.0933876,18.660683
0.0,18.660683
3.93496,18.660683
0.147257,18.660683
0.631495,18.660683
4.74741,18.660683
0.0,18.660683
0.0,18.660683
6.78017,18.660683
9.18391,18.660683
20.9778,18.660683
0.0,18.660683
11.6645,18.660683
1.58686,18.660683
0.0,18.660683
0.0301525,18.660683
0.825871,18.660683
11.0111,18.660683
0.0,18.660683
0.0385982,18.660683
2.02248,18.660683
6.4931,18.660683
7.94747,18.660683
164.459,18.660683
30.345,18.660683
1.14478,18.660683
1.24121,18.660683
5.09374,18.660683
13.5696,18.660683
0.0309695,18.660683
91.3823,18.660683
1.60828,18.660683
0.0,18.660683
14.4902,18.660683
0.0,18.660683
4.99855,18.660683
0.0572685,18.660683
0.249562,18.660683
0.0,18.660683
0.0,18.660683
5.84351,18.660683
0.0124043,18.660683
53.5033,18.660683
0.994498,18.660683
0.0,18.660683
0.080121,18.660683
0.0,18.660683
3.32396,18.660683
1.3833,18.660683
12.3842,18.660683
0.0,18.660683
14.3224,18.660683
0.0,18.660683
0.430817,18.660683
0.0,18.660683
0.0,18.660683
10.1699,18.660683
0.0256138,18.660683
0.038988,18.660683
8.4727,18.660683
14.7874,18.660683
12.3135,18.660683
1.96863,18.660683
2.95128,18.660683
3.17463,18.660683
5.33753,18.660683
17.243,18.660683
8.8137,18.660683
0.0,18.660683
0.0,18.660683
0.0,18.660683
0.0,18.660683
3.84675,18.660683
0.0,18.660683
0.0342283,18.660683
10.9407,18.660683
18.3232,18.660683
0.368738,18.660683
13.1349,18.660683
4.91134,18.660683
9.57138,18.660683
0.0,18.660683
0.284313,18.660683
0.0916382,18.660683
157.205,18.660683
0.0408511,18.660683
14.8348,18.660683
0.0,18.660683
0.0,18.660683
0.0,18.660683
0.0423201,18.660683
0.153789,18.660683
0.0513269,18.660683
19.5016,18.660683
7.93916,18.660683
0.274148,18.660683
0.0,18.660683
1.06258,18.660683
0.0,18.660683
25.1705,18.660683
0.0546641,18.660683
72.1933,18.660683
0.31996,18.660683
125.393,18.660683
0.0,18.660683
0.0,18.660683
0.316666,18.660683
22.4628,18.660683
17.5554,18.660683
0.160974,18.660683
0.0,18.660683
0.0471679,18.660683
2.84066,18.660683
3.68317,18.660683
0.0,18.660683
0.127807,18.660683
6.33662,18.660683
6.75941,18.660683
6.58066,18.660683
0.0,18.660683
3.0564,18.660683
1.1717,18.660683
6.18583,18.660683
28.3844,18.660683
0.444659,18.660683
0.368738,18.660683
11.6645,18.660683
0.120171,18.660683
0.196355,18.660683
1.14724,18.660683
75.4154,18.660683
4.87503,18.660683
0.0,18.660683
3.44301,18.660683
0.138812,18.660683
0.0,18.660683
0.119957,18.660683
110.799,18.660683
0.02025,18.660683
0.0139834,18.660683
0.0594986,18.660683
0.0,18.660683
0.030774,18.660683
13.3781,18.660683
19.7884,18.660683
5.39411,18.660683
4.16915,18.660683
0.0412964,18.660683
10.0255,18.660683
0.133885,18.660683
158.563,18.660683
37.3936,18.660683
0.0,18.660683
5.43982,18.660683
15.7833,18.660683
4.06206,18.660683
3.01746,18.660683
0.0,18.660683
213.647,18.660683
0.0734236,18.660683
0.0,18.660683
26.7938,18.660683
0.0,18.660683
0.0261162,18.660683
101.91,18.660683
13.1239,18.660683
5.3585,18.660683
0.702268,18.660683
0.0,18.660683
1.70305,18.660683
0.302419,18.660683
0.100968,18.660683
0.0,18.660683
0.364178,18.660683
0.289861,18.660683
2.22872,18.660683
14.9777,18.660683
0.0,18.660683
9.97045,18.660683
0.493416,18.660683
0.044921,18.660683
0.0,18.660683
47.5839,18.660683
0.0,18.660683
5.75467,18.660683
15.9221,18.660683
0.0,18.660683
0.0,18.660683
4.21751,18.660683
35.4133,18.660683
20.7139,18.660683
0.318955,18.660683
0.217464,18.660683
0.0,18.660683
132.356,18.660683
0.0739612,18.660683
5.75256,18.660683
0.0,18.660683
1.06258,18.660683
0.0634393,18.660683
0.0,18.660683
0.0,18.660683
8.98008,18.660683
0.0,18.660683
4.27029,18.660683
15.6481,18.660683
3.04662,18.660683
12.5184,18.660683
6.58449,18.660683
11.0266,18.660683
23.8569,18.660683
8.74897,18.660683
2.70275,18.660683
15.7891,18.660683
238.224,18.660683
0.0,18.660683
0.0552115,18.660683
0.277669,18.660683
0.0,18.660683
7.67185,18.660683
72.0507,18.660683
14.6555,18.660683
0.0466107,18.660683
37.053,18.660683
22.1832,18.660683
19.4241,18.660683
0.0,18.660683
0.546353,18.660683
0.0,18.660683
0.394956,18.660683
38.704,18.660683
0.0,18.660683
0.0,18.660683
0.081201,18.660683
74.3385,18.660683
0.0,18.660683
6.82818,18.660683
397.601,18.660683
7.93361,18.660683
0.0,18.660683
13.5817,18.660683
8.30447,18.660683
0.0,18.660683
0.0,18.660683
0.0613384,18.660683
0.536926,18.660683
0.0,18.660683
0.0,18.660683
0.0,18.660683
6.32027,18.660683
0.220335,18.660683
5.39411,18.660683
21.3463,18.660683
9.70645,18.660683
60.9116,18.660683
0.0219642,18.660683
0.528339,18.660683
4.29189,18.660683
0.0261254,18.660683
0.0,18.660683
0.0,18.660683
0.0391943,18.660683
0.0,18.660683
7.56916,18.660683
1.83753,18.660683
0.0,18.660683
0.00379472,18.660683
0.641061,18.660683
18.0396,18.660683
24.4512,18.660683
1.53993,18.660683
0.0100148,18.660683
7.84897,18.660683
15.4143,18.660683
0.0,18.660683
8.46153,18.660683
5.78663,18.660683
0.030252,18.660683
0.0,18.660683
1.51667,18.660683
0.0,18.660683
0.0439948,18.660683
74.3385,18.660683
9.4149,18.660683
2.70478,18.660683
12.766,18.660683
1.32143,18.660683
61.7468,18.660683
3.51916,18.660683
3.21659,18.660683
0.229703,18.660683
8.44341,18.660683
2.54224,18.660683
0.0,18.660683
2.58962,18.660683
0.0272644,18.660683
12.3578,18.660683
0.0,18.660683
19.3196,18.660683
0.0,18.660683
63.9287,18.660683
0.0973819,18.660683
0.026162,18.660683
0.0319017,18.660683
0.0,18.660683
5.59409,18.660683
0.0,18.660683
20.3765,18.660683
32.2659,18.660683
0.442296,18.660683
0.0,18.660683
89.741,18.660683
6.54572,18.660683
2.49685,18.660683
0.0180422,18.660683
8.17468,18.660683
8.18264,18.660683
103.289,18.660683
3.12215,18.660683
4.34034,18.660683
26.1965,18.660683
4.85574,18.660683
0.127069,18.660683
0.0,18.660683
0.0,18.660683
7.47546,18.660683
0.330019,18.660683
20.9778,18.660683
0.0,18.660683
0.0,18.660683
49.0936,18.660683
0.0,18.660683
0.0118156,18.660683
0.0,18.660683
0.0538038,18.660683
0.0,18.660683
15.3148,18.660683
4.85685,18.660683
12.9352,18.660683
23.6901,18.660683
0.473766,18.660683
47.556,18.660683
0.0,18.660683
0.0126912,18.660683
0.0,18.660683
3.40206,18.660683
0.0,18.660683
0.053634,18.660683
0.0,18.660683
11.754,18.660683
0.0,18.660683
7.14585,18.660683
30.3562,18.660683
18.0819,18.660683
5.41516,18.660683
18.7132,18.660683
8.83965,18.660683
0.0,18.660683
0.0,18.660683
27.4685,18.660683
9.66222,18.660683
0.530209,18.660683
0.0,18.660683
12.0114,18.660683
50.0068,18.660683
0.0,18.660683
0.0,18.660683
0.0,18.660683
41.0927,18.660683
0.0,18.660683
0.0,18.660683
1.08083,18.660683
6.32027,18.660683
41.4786,18.660683
0.0,18.660683
0.0215975,18.660683
3.39243,18.660683
13.8882,18.660683
0.0,18.660683
4.74985,18.660683
0.0,18.660683
12.6946,18.660683
26.9829,18.660683
0.0,18.660683
0.0,18.660683
16.961,18.660683
0.0506962,18.660683
3.7689,18.660683
11.9358,18.660683
5.52068,18.660683
0.926497,18.660683
0.00596473,18.660683
0.0,18.660683
29.1625,18.660683
13.3136,18.660683
0.0,18.660683
26.9925,18.660683
3.90281,18.660683
13.2992,18.660683
0.079933,18.660683
0.341669,18.660683
0.0,18.660683
0.336746,18.660683
9.42113,18.660683
0.0,18.660683
2.47703,18.660683
0.086773,18.660683
71.0243,18.660683
1.59969,18.660683
200.795,18.660683
0.242017,18.660683
0.542523,18.660683
8.36011,18.660683
86.3551,18.660683
22.2234,18.660683
45.7714,18.660683
89.6832,18.660683
0.52848,18.660683
0.0,18.660683
89.6832,18.660683
2.81398,18.660683
26.0107,18.660683
4.88202,18.660683
0.0170036,18.660683
0.411317,18.660683
26.9514,18.660683
0.0522609,18.660683
60.3458,18.660683
26.4642,18.660683
0.0,18.660683
0.0,18.660683
14.298,18.660683
1.45222,18.660683
8.74577,18.660683
0.0,18.660683
28.3842,18.660683
7.13458,18.660683
0.0227304,18.660683
1.52858,18.660683
0.756573,18.660683
4.29189,18.660683
8.37909,18.660683
1.03649,18.660683
0.0398024,18.660683
13.3234,18.660683
6.52047,18.660683
92.574,18.660683
0.136691,18.660683
6.83028,18.660683
13.9017,18.660683
14.8348,18.660683
1.47888,18.660683
5.35623,18.660683
0.430381,18.660683
24.6137,18.660683
0.104821,18.660683
0.0189819,18.660683
74.3385,18.660683
397.601,18.660683
7.76978,18.660683
1.27008,18.660683
4.68474,18.660683
0.0631601,18.660683
21.9927,18.660683
0.0,18.660683
11.5285,18.660683
0.0,18.660683
23.5057,18.660683
29.2481,18.660683
0.118235,18.660683
9.18444,18.660683
204.063,18.660683
0.0209403,18.660683
55.2517,18.660683
1.18369,18.660683
15.8452,18.660683
6.87519,18.660683
0.217464,18.660683
18.2872,18.660683
0.0,18.660683
0.243547,18.660683
0.0,18.660683
12.3692,18.660683
115.716,18.660683
7.45222,18.660683
3.34477,18.660683
0.0,18.660683
0.626267,18.660683
0.0483388,18.660683
0.00691066,18.660683
16.8672,18.660683
0.0,18.660683
3.85496,18.660683
0.0,18.660683
0.104833,18.660683
1.53964,18.660683
96.5523,18.660683
0.0,18.660683
120.835,18.660683
2.5831,18.660683
0.0,18.660683
11.3911,18.660683
3.6885,18.660683
0.0429134,18.660683
43.8842,18.660683
0.288072,18.660683
0.0,18.660683
1.06258,18.660683
0.0705002,18.660683
6.58066,18.660683
0.132446,18.660683
38.5095,18.660683
0.0503724,18.660683
1.99183,18.660683
0.0,18.660683
0.0,18.660683
0.0157039,18.660683
11.0104,18.660683
0.0,18.660683
0.0,18.660683
8.78718,18.660683
0.149628,18.660683
6.71538,18.660683
0.0,18.660683
1.96747,18.660683
5.10486,18.660683
0.0365421,18.660683
7.67293,18.660683
0.051393,18.660683
6.72896,18.660683
0.0750536,18.660683
0.0443425,18.660683
0.0,18.660683
0.0,18.660683
6.91316,18.660683
0.0840941,18.660683
0.0289529,18.660683
3.81662,18.660683
0.008585,18.660683
0.0362889,18.660683
17.6696,18.660683
0.0,18.660683
6.28842,18.660683
0.0,18.660683
3.24636,18.660683
0.41119,18.660683
37.1884,18.660683
19.3196,18.660683
0.0,18.660683
9.75266,18.660683
4.08312,18.660683
0.166845,18.660683
0.299778,18.660683
4.14783,18.660683
0.0178473,18.660683
0.113443,18.660683
5.78663,18.660683
3.30022,18.660683
0.13315,18.660683
0.0,18.660683
5.20674,18.660683
28.6632,18.660683
1.22072,18.660683
0.0361485,18.660683
2.74767,18.660683
19.6435,18.660683
0.042854,18.660683
19.6543,18.660683
0.775302,18.660683
0.224466,18.660683
0.0,18.660683
0.00808029,18.660683
37.2758,18.660683
0.0252895,18.660683
0.0585681,18.660683
1.18146,18.660683
0.0,18.660683
0.222996,18.660683
0.0394029,18.660683
24.6137,18.660683
22.9447,18.660683
0.0,18.660683
0.0,18.660683
0.0329641,18.660683
0.458915,18.660683
8.24252,18.660683
19.633,18.660683
0.0,18.660683
12.3578,18.660683
47.3053,18.660683
4.0694,18.660683
0.143577,18.660683
100.959,18.660683
0.0,18.660683
0.0,18.660683
5.78663,18.660683
4.75134,18.660683
3.42381,18.660683
0.0154189,18.660683
0.0,18.660683
4.85285,18.660683
9.51941,18.660683
9.4149,18.660683
9.77896,18.660683
0.0,18.660683
30.4658,18.660683
0.0268512,18.660683
8.49454,18.660683
3.02521,18.660683
0.0578393,18.660683
0.0228675,18.660683
0.0,18.660683
0.0,18.660683
2.08647,18.660683
0.0,18.660683
0.0,18.660683
21.4696,18.660683
5.06259,18.660683
0.0,18.660683
74.3385,18.660683
65.702,18.660683
0.0,18.660683
0.0,18.660683
0.0,18.660683
1.42276,18.660683
0.00557245,18.660683
0.56614,18.660683
10.5573,18.660683
24.1472,18.660683
0.138812,18.660683
0.0272436,18.660683
0.0,18.660683
22.6392,18.660683
0.0,18.660683
0.365548,18.660683
0.0,18.660683
18.3977,18.660683
97.6646,18.660683
1.39755,18.660683
0.0231969,18.660683
9.68664,18.660683
6.56271,18.660683
0.0,18.660683
23.6853,18.660683
0.0074001,18.660683
5.87127,18.660683
0.0,18.660683
0.0,18.660683
4.25339,18.660683
3.49699,18.660683
9.26417,18.660683
21.9853,18.660683
0.119921,18.660683
30.1359,18.660683
0.0,18.660683
0.0,18.660683
0.0,18.660683
0.0169503,18.660683
8.45355,18.660683
25.6931,18.660683
23.9789,18.660683
0.528457,18.660683
738.118,18.660683
0.0,18.660683
0.0,18.660683
0.0403582,18.660683
0.0283879,18.660683
0.0,18.660683
2.93284,18.660683
12.0159,18.660683
0.00855462,18.660683
12.7354,18.660683
12.6854,18.660683
162.718,18.660683
0.0498663,18.660683
0.0,18.660683
0.183,18.660683
0.66808,18.660683
10.6699,18.660683
1.74905,18.660683
6.72939,18.660683
0.0257964,18.660683
5.72321,18.660683
1.27604,18.660683
0.102775,18.660683
0.0,18.660683
9.33881,18.660683
0.150147,18.660683
30.7603,18.660683
120.835,18.660683
6.08398,18.660683
0.0318162,18.660683
0.0,18.660683
0.0,18.660683
0.0134073,18.660683
0.873785,18.660683
0.0304709,18.660683
0.02025,18.660683
0.0730475,18.660683
0.0,18.660683
0.0,18.660683
14.8348,18.660683
0.318955,18.660683
3.39633,18.660683
48.8198,18.660683
26.5832,18.660683
0.489212,18.660683
15.1356,18.660683
43.6408,18.660683
14.8373,18.660683
13.176,18.660683
0.0755944,18.660683
18.1224,18.660683
0.0,18.660683
0.835289,18.660683
7.70336,18.660683
1231.18,18.660683
8.49454,18.660683
5.00721,18.660683
21.088,18.660683
0.0,18.660683
0.014625,18.660683
0.398911,18.660683
0.0,18.660683
0.0,18.660683
24.9477,18.660683
0.0194222,18.660683
0.430817,18.660683
0.835289,18.660683
0.0,18.660683
7.05002,18.660683
48.6082,18.660683
0.0783148,18.660683
32.2509,18.660683
0.0,18.660683
0.571642,18.660683
17.383,18.660683
0.0,18.660683
0.148608,18.660683
7.33825,18.660683
39.8775,18.660683
39.8526,18.660683
89.6832,18.660683
21.7924,18.660683
4.39582,18.660683
0.0157039,18.660683
0.0,18.660683
0.0,18.660683
0.0,18.660683
21.069,18.660683
4.74609,18.660683
21.1507,18.660683
211.163,18.660683
14.4858,18.660683
16.9792,18.660683
9.31878,18.660683
10.5063,18.660683
2.24424,18.660683
0.0946048,18.660683
0.0385982,18.660683
0.697837,18.660683
2.81891,18.660683
0.0396249,18.660683
7.93361,18.660683
11.613,18.660683
183.352,18.660683
59.8603,18.660683
0.0,18.660683
0.547939,18.660683
0.0,18.660683
20.2579,18.660683
0.0,18.660683
0.0995542,18.660683
0.0,18.660683
4.1897,18.660683
37.1707,18.660683
0.0,18.660683
5.84351,18.660683
0.0,18.660683
14.1155,18.660683
127.197,18.660683
8.51378,18.660683
0.0,18.660683
3.08732,18.660683
4.1624,18.660683
24.5695,18.660683
30.8985,18.660683
7.18879,18.660683
17.8586,18.660683
0.0,18.660683
0.0404362,18.660683
8.4627,18.660683
89.741,18.660683
0.362855,18.660683
0.0757449,18.660683
0.0,18.660683
41.6039,18.660683
6.43976,18.660683
0.0,18.660683
4.68474,18.660683
0.713643,18.660683
13.4667,18.660683
0.0215975,18.660683
127.197,18.660683
0.0324436,18.660683
70.6104,18.660683
3.95929,18.660683
68.4984,18.660683
0.0,18.660683
0.0,18.660683
0.0,18.660683
0.0630775,18.660683
39.5927,18.660683
0.0,18.660683
0.0145336,18.660683
138.915,18.660683
0.0,18.660683
0.0,18.660683
4.08251,18.660683
0.0,18.660683
0.0484491,18.660683
10.5708,18.660683
0.0,18.660683
0.0392231,18.660683
0.38795,18.660683
216.012,18.660683
0.00540989,18.660683
6.68128,18.660683
0.0,18.660683
0.0,18.660683
0.469032,18.660683
0.0,18.660683
2.36245,18.660683
0.0,18.660683
0.423672,18.660683
0.0734416,18.660683
4.06891,18.660683
31.8821,18.660683
0.0231081,18.660683
3.84675,18.660683
3.2944,18.660683
5.39411,18.660683
0.0,18.660683
5.02841,18.660683
0.0,18.660683
7.25476,18.660683
8.20827,18.660683
0.0,18.660683
0.0,18.660683
0.0479832,18.660683
10.5758,18.660683
20.6422,18.660683
0.969841,18.660683
0.0,18.660683
7.18879,18.660683
0.231526,18.660683
0.0,18.660683
28.6632,18.660683
26.1965,18.660683
0.0,18.660683
3.39633,18.660683
28.7411,18.660683
0.0,18.660683
5.24507,18.660683
21.2036,18.660683
1.05183,18.660683
0.0,18.660683
0.0,18.660683
0.0,18.660683
43.0485,18.660683
0.45884,18.660683
0.026868,18.660683
2.15402,18.660683
1236.7,18.660683
0.229093,18.660683
3.13777,18.660683
0.0,18.660683
0.0,18.660683
0.0,18.660683
1.86054,18.660683
20.6152,18.660683
0.0,18.660683
4.06891,18.660683
1.5047,18.660683
0.00959419,18.660683
9.4149,18.660683
0.620218,18.660683
0.564027,18.660683
71.1906,18.660683
10.4744,18.660683
0.0,18.660683
0.609691,18.660683
44.7779,18.660683
7.51723,18.660683
13.1864,18.660683
0.0,18.660683
0.0629288,18.660683
4.64645,18.660683
0.0,18.660683
0.0,18.660683
3.09294,18.660683
2.7029,18.660683
0.0,18.660683
0.0,18.660683
0.0,18.660683
0.0114788,18.660683
0.0,18.660683
5.86462,18.660683
32.7782,18.660683
63.3801,18.660683
0.0,18.660683
0.245194,18.660683
0.0,18.660683
13.5943,18.660683
0.314102,18.660683
24.1317,18.660683
123.679,18.660683
12.996,18.660683
8.90259,18.660683
21.9927,18.660683
5.73474,18.660683
0.0,18.660683
0.123251,18.660683
0.100433,18.660683
0.0,18.660683
0.0735366,18.660683
3.8263,18.660683
2.26945,18.660683
0.0,18.660683
16.2677,18.660683
59.4852,18.660683
0.0,18.660683
0.0,18.660683
1.67707,18.660683
23.3344,18.660683
45.1169,18.660683
3.298,18.660683
106.185,18.660683
129.109,18.660683
0.0,18.660683
0.337211,18.660683
21.9927,18.660683
17.4509,18.660683
23.8795,18.660683
0.0,18.660683
0.0,18.660683
410.978,18.660683
0.0,18.660683
4.06813,18.660683
6.3395,18.660683
0.027453,18.660683
33.4083,18.660683
0.685917,18.660683
10.5788,18.660683
23.569,18.660683
48.1896,18.660683
0.0743354,18.660683
8.71047,18.660683
0.0,18.660683
6.18577,18.660683
0.0334164,18.660683
0.0,18.660683
26.1025,18.660683
20.6152,18.660683
23.5057,18.660683
0.0709231,18.660683
0.0,18.660683
4.26125,18.660683
115.716,18.660683
0.0,18.660683
1.22844,18.660683
1.46424,18.660683
0.0,18.660683
29.2481,18.660683
0.0,18.660683
0.0,18.660683
4.26295,18.660683
15.4143,18.660683
21.5036,18.660683
0.0538135,18.660683
0.0,18.660683
27.1802,18.660683
1.18369,18.660683
0.0,18.660683
0.0,18.660683
0.0,18.660683
0.0616941,18.660683
18.9373,18.660683
0.0246216,18.660683
0.0,18.660683
158.563,18.660683
0.112294,18.660683
0.0859006,18.660683
0.123544,18.660683
0.0129563,18.660683
0.0,18.660683
0.0,18.660683
0.0,18.660683
0.0,18.660683
7.81582,18.660683
0.0,18.660683
0.0,18.660683
1.80422,18.660683
12.7565,18.660683
0.0,18.660683
0.19791,18.660683
19.0954,18.660683
3.46179,18.660683
0.123353,18.660683
23.5057,18.660683
0.808567,18.660683
6.32027,18.660683
0.0,18.660683
0.0,18.660683
2.09327,18.660683
4.53858,18.660683
2.28143,18.660683
11.566,18.660683
10.7303,18.660683
0.0,18.660683
1.83466,18.660683
58.1287,18.660683
0.0475146,18.660683
0.0,18.660683
10.6178,18.660683
0.0,18.660683
8.51378,18.660683
0.0,18.660683
6.46963,18.660683
10.5478,18.660683
5.39411,18.660683
45.9377,18.660683
0.0205246,18.660683
0.0,18.660683
0.0239739,18.660683
2.56798,18.660683
0.0,18.660683
19.0873,18.660683
16.8101,18.660683
6.94836,18.660683
0.463098,18.660683
29.9857,18.660683
85.9824,18.660683
126.529,18.660683
43.7037,18.660683
0.40315,18.660683
0.0,18.660683
13.1672,18.660683
0.0,18.660683
0.0887828,18.660683
9.11898,18.660683
12.3578,18.660683
0.0,18.660683
0.0,18.660683
25.1973,18.660683
0.0,18.660683
0.0,18.660683
6.66568,18.660683
0.0,18.660683
9.03346,18.660683
48.1875,18.660683
24.7055,18.660683
1.83141,18.660683
305.136,18.660683
22.0206,18.660683
1.06308,18.660683
3.93496,18.660683
37.053,18.660683
28.8132,18.660683
0.0,18.660683
0.136849,18.660683
0.0742279,18.660683
3.62445,18.660683
0.0283879,18.660683
60.5572,18.660683
7.75804,18.660683
7.70401,18.660683
3.1273,18.660683
0.0329041,18.660683
33.1188,18.660683
8.46153,18.660683
0.0,18.660683
5.64726,18.660683
0.262684,18.660683
8.99935,18.660683
8.65413,18.660683
5.02841,18.660683
0.0,18.660683
13.3117,18.660683
0.674076,18.660683
0.0,18.660683
0.0,18.660683
78.4003,18.660683
2.8793,18.660683
49.2648,18.660683
24.2557,18.660683
16.075,18.660683
0.051393,18.660683
0.0,18.660683
0.0672117,18.660683
0.0,18.660683
0.208153,18.660683
0.353558,18.660683
0.0214133,18.660683
0.0,18.660683
5.32064,18.660683
21.6437,18.660683
0.0112561,18.660683
20.7403,18.660683
12.6712,18.660683
12.9084,18.660683
0.0260902,18.660683
44.7525,18.660683
11.5815,18.660683
52.3091,18.660683
1.38387,18.660683
42.4572,18.660683
0.0101273,18.660683
0.0,18.660683
0.0,18.660683
279.087,18.660683
12.3578,18.660683
0.0,18.660683
0.0,18.660683
7.67185,18.660683
0.0,18.660683
8.35015,18.660683
9.87826,18.660683
0.0,18.660683
10.1609,18.660683
0.0637817,18.660683
0.0,18.660683
0.0,18.660683
22.1205,18.660683
0.00472057,18.660683
23.569,18.660683
7.78391,18.660683
0.0,18.660683
4.61561,18.660683
50.0979,18.660683
0.136463,18.660683
0.789675,18.660683
202.176,18.660683
8.74772,18.660683
26.9514,18.660683
2.91784,18.660683
0.0,18.660683
0.0813706,18.660683
66.9768,18.660683
36.7233,18.660683
13.8431,18.660683
0.890344,18.660683
4.88125,18.660683
0.0,18.660683
19.747,18.660683
0.0,18.660683
6.77438,18.660683
0.0,18.660683
0.00837214,18.660683
0.0,18.660683
0.0198062,18.660683
0.0,18.660683
181.385,18.660683
26.1965,18.660683
30.2705,18.660683
8.36754,18.660683
5.0881,18.660683
12.3076,18.660683
14.9508,18.660683
0.0,18.660683
0.0,18.660683
0.0,18.660683
194.475,18.660683
5.54151,18.660683
16.6061,18.660683
2.59898,18.660683
0.0,18.660683
0.0,18.660683
0.0,18.660683
0.0309796,18.660683
8.7999,18.660683
0.0,18.660683
0.0217105,18.660683
0.0219642,18.660683
0.0,18.660683
0.0187744,18.660683
0.0,18.660683
17.243,18.660683
4.99398,18.660683
4.85574,18.660683
0.0,18.660683
0.0,18.660683
0.0,18.660683
1.42501,18.660683
3.75554,18.660683
0.0,18.660683
0.0,18.660683
0.129337,18.660683
7.78391,18.660683
0.0146291,18.660683
0.186278,18.660683
0.0535501,18.660683
0.0,18.660683
10.5121,18.660683
16.3086,18.660683
9.45517,18.660683
0.0315748,18.660683
6.90897,18.660683
0.0,18.660683
24.3914,18.660683
5.60448,18.660683
0.0324436,18.660683
20.1384,18.660683
8.57879,18.660683
3.13951,18.660683
5.57925,18.660683
0.0324436,18.660683
7.93361,18.660683
0.530209,18.660683
7.0301,18.660683
0.00453811,18.660683
49.2648,18.660683
4.01476,18.660683
39.9277,18.660683
54.3977,18.660683
0.0607464,18.660683
0.530209,18.660683
51.4147,18.660683
1.93037,18.660683
0.0,18.660683
0.0,18.660683
1.96186,18.660683
4.37095,18.660683
1.88518,18.660683
0.345062,18.660683
5.22253,18.660683
1.13347,18.660683
3.13722,18.660683
7.13458,18.660683
3.5795,18.660683
0.0,18.660683
0.0,18.660683
13.4342,18.660683
7.88359,18.660683
0.392828,18.660683
1.27604,18.660683
0.0,18.660683
0.0,18.660683
0.808567,18.660683
0.0,18.660683
0.145731,18.660683
0.0,18.660683
0.0,18.660683
0.0,18.660683
0.95381,18.660683
23.029,18.660683
0.0,18.660683
0.0,18.660683
7.38977,18.660683
0.0,18.660683
11.5717,18.660683
0.0,18.660683
16.2393,18.660683
16.4978,18.660683
0.0,18.660683
11.6269,18.660683
0.147898,18.660683
5.59568,18.660683
0.0527842,18.660683
0.0,18.660683
28.3832,18.660683
0.283806,18.660683
69.8285,18.660683
52.2404,18.660683
0.0,18.660683
146.641,18.660683
1.47163,18.660683
0.0349215,18.660683
1.51667,18.660683
5.36827,18.660683
0.0384637,18.660683
0.0,18.660683
0.0,18.660683
0.0377064,18.660683
0.885176,18.660683
3.7689,18.660683
0.0238001,18.660683
0.0,18.660683
0.0,18.660683
7.22575,18.660683
1.16659,18.660683
0.299841,18.660683
0.0,18.660683
12.4505,18.660683
0.0396249,18.660683
2.85747,18.660683
0.0288431,18.660683
0.0170318,18.660683
31.5581,18.660683
8.72191,18.660683
32.0779,18.660683
17.9272,18.660683
0.0528227,18.660683
22.0206,18.660683
12.2861,18.660683
3.16447,18.660683
0.0,18.660683
0.0,18.660683
0.26799,18.660683
0.209364,18.660683
0.0,18.660683
0.0,18.660683
9.13831,18.660683
51.2023,18.660683
3.51916,18.660683
0.797986,18.660683
14.5233,18.660683
0.686096,18.660683
3.48165,18.660683
0.0,18.660683
0.0364445,18.660683
22.2581,18.660683
7.24983,18.660683
0.0,18.660683
29.3384,18.660683
0.0,18.660683
0.127666,18.660683
0.00982372,18.660683
0.0,18.660683
81.4655,18.660683
22.869,18.660683
0.182946,18.660683
0.150147,18.660683
4.85285,18.660683
5.24351,18.660683
0.174825,18.660683
0.0,18.660683
4.68474,18.660683
0.559344,18.660683
0.0,18.660683
63.3801,18.660683
281.918,18.660683
14.6632,18.660683
0.0545806,18.660683
0.0105662,18.660683
6.70987,18.660683
3.28943,18.660683
26.2865,18.660683
0.0,18.660683
4.88149,18.660683
2.05356,18.660683
26.6045,18.660683
28.6632,18.660683
0.129727,18.660683
0.0,18.660683
37.3251,18.660683
9.45517,18.660683
25.2788,18.660683
17.9272,18.660683
3.12215,18.660683
0.0,18.660683
0.0472634,18.660683
4.07047,18.660683
0.0,18.660683
0.047583,18.660683
0.0352722,18.660683
2.00074,18.660683
1.24093,18.660683
0.810039,18.660683
4.52996,18.660683
1.73772,18.660683
0.144043,18.660683
5.93095,18.660683
0.0,18.660683
5.41516,18.660683
2.36245,18.660683
0.0,18.660683
35.8779,18.660683
4.17273,18.660683
0.0,18.660683
0.0,18.660683
13.2992,18.660683
4.42726,18.660683
13.3267,18.660683
0.0,18.660683
0.0,18.660683
0.0,18.660683
2.17957,18.660683
20.1227,18.660683
0.0444299,18.660683
0.0,18.660683
47.0054,18.660683
19.633,18.660683
0.0,18.660683
3.40454,18.660683
6.94055,18.660683
0.000367701,18.660683
0.348552,18.660683
0.0,18.660683
11.4908,18.660683
0.0415572,18.660683
2.47586,18.660683
0.216134,18.660683
0.0,18.660683
13.8431,18.660683
0.0,18.660683
6.54606,18.660683
53.941,18.660683
0.643755,18.660683
0.0,18.660683
95.6333,18.660683
0.0,18.660683
0.0,18.660683
0.0,18.660683
1.88867,18.660683
18.8462,18.660683
0.0,18.660683
0.0156715,18.660683
0.0,18.660683
1.41837,18.660683
44.7525,18.660683
40.9894,18.660683
0.0,18.660683
60.4931,18.660683
0.0643064,18.660683
6.32027,18.660683
8.49454,18.660683
0.0490229,18.660683
11.5176,18.660683
0.0,18.660683
81.5749,18.660683
929.506,18.660683
0.0,18.660683
8.26712,18.660683
4.86473,18.660683
12.3692,18.660683
18.2872,18.660683
0.0,18.660683
0.768857,18.660683
0.0,18.660683
0.0,18.660683
0.490448,18.660683
11.9164,18.660683
32.2663,18.660683
0.139701,18.660683
8.30396,18.660683
16.0916,18.660683
4.23809,18.660683
0.0,18.660683
0.0,18.660683
4.09223,18.660683
0.0818675,18.660683
0.0,18.660683
16.4448,18.660683
0.0190347,18.660683
0.116668,18.660683
55.5987,18.660683
0.0,18.660683
0.0222479,18.660683
0.0,18.660683
0.0,18.660683
0.00521469,18.660683
0.0,18.660683
20.5605,18.660683
45.4482,18.660683
0.0,18.660683
0.0626684,18.660683
0.0,18.660683
0.0,18.660683
0.0160634,18.660683
14.8348,18.660683
0.0490229,18.660683
8.57879,18.660683
0.0,18.660683
1.26871,18.660683
9.28192,18.660683
0.0,18.660683
12.6267,18.660683
0.0149743,18.660683
2.45441,18.660683
1.3366,18.660683
35.7241,18.660683
19.736,18.660683
0.413808,18.660683
0.0,18.660683
10.7566,18.660683
0.0317417,18.660683
0.0,18.660683
0.556268,18.660683
0.0,18.660683
143.863,18.660683
2.09633,18.660683
228.807,18.660683
0.0,18.660683
0.0127622,18.660683
0.0,18.660683
0.09266,18.660683
12.3578,18.660683
0.0,18.660683
0.0,18.660683
0.0995036,18.660683
2.91784,18.660683
0.072993,18.660683
0.0,18.660683
0.0310281,18.660683
0.0,18.660683
7.62417,18.660683
0.224348,18.660683
10.7103,18.660683
0.0,18.660683
18.2872,18.660683
3.08732,18.660683
0.0,18.660683
0.0095824,18.660683
0.0443369,18.660683
619.796,18.660683
2.47544,18.660683
0.0117334,18.660683
0.267752,18.660683
86.3551,18.660683
0.0,18.660683
36.112,18.660683
19.2521,18.660683
49.2648,18.660683
0.0,18.660683
7.29843,18.660683
2.66615,18.660683
0.0129563,18.660683
0.0,18.660683
0.0,18.660683
8.51378,18.660683
92.574,18.660683
0.0,18.660683
23.5057,18.660683
9.13831,18.660683
0.153628,18.660683
23.6372,18.660683
28.2793,18.660683
0.135243,18.660683
12.3122,18.660683
1.96747,18.660683
1.13518,18.660683
0.0,18.660683
0.0,18.660683
0.0213519,18.660683
44.6647,18.660683
0.0,18.660683
3.66676,18.660683
0.0144449,18.660683
0.0,18.660683
9.3748,18.660683
0.0,18.660683
0.0585232,18.660683
0.287353,18.660683
8.18264,18.660683
0.0,18.660683
0.0125772,18.660683
0.0,18.660683
3.68317,18.660683
17.957,18.660683
1312.75,18.660683
0.0,18.660683
11.5735,18.660683
1.90929,18.660683
0.506804,18.660683
2.36522,18.660683
0.0,18.660683
10.455,18.660683
0.059642,18.660683
77.9774,18.660683
1.70629,18.660683
0.130971,18.660683
0.411539,18.660683
89.8552,18.660683
0.0852943,18.660683
3.84675,18.660683
12.7498,18.660683
0.0448181,18.660683
33.357,18.660683
31.889,18.660683
0.0,18.660683
11.7182,18.660683
0.620975,18.660683
0.0,18.660683
3.71083,18.660683
0.183732,18.660683
0.0,18.660683
0.900053,18.660683
16.0989,18.660683
5.53292,18.660683
0.0546348,18.660683
12.3122,18.660683
10.6593,18.660683
0.0,18.660683
95.5694,18.660683
0.0,18.660683
14.9762,18.660683
0.787799,18.660683
0.051393,18.660683
7.59372,18.660683
0.0,18.660683
88.227,18.660683
0.0,18.660683
0.010088,18.660683
4.47577,18.660683
0.0,18.660683
0.0,18.660683
9.32373,18.660683
4.28886,18.660683
46.9265,18.660683
0.0377064,18.660683
36.2545,18.660683
60.3985,18.660683
0.0,18.660683
29.961,18.660683
9.45215,18.660683
4.28139,18.660683
12.9609,18.660683
1.84584,18.660683
0.106452,18.660683
0.0,18.660683
0.720367,18.660683
17.9953,18.660683
32.5693,18.660683
20.3765,18.660683
5.30152,18.660683
0.872144,18.660683
135.592,18.660683
0.0224526,18.660683
2.59898,18.660683
1.80628,18.660683
0.0,18.660683
0.00930226,18.660683
0.0,18.660683
0.210659,18.660683
7.93361,18.660683
0.0,18.660683
0.322485,18.660683
0.673946,18.660683
0.0148117,18.660683
0.0558323,18.660683
1.53848,18.660683
0.476896,18.660683
10.8334,18.660683
43.1966,18.660683
8.44341,18.660683
19.4241,18.660683
28.1376,18.660683
0.0,18.660683
7.70401,18.660683
29.3384,18.660683
0.0,18.660683
123.482,18.660683
0.0,18.660683
52.1071,18.660683
0.180045,18.660683
38.0254,18.660683
3.48153,18.660683
4.85285,18.660683
0.0205246,18.660683
31.9031,18.660683
24.8424,18.660683
0.0339982,18.660683
16.1268,18.660683
14.8534,18.660683
0.0,18.660683
0.0,18.660683
0.0,18.660683
7.84176,18.660683
6.34268,18.660683
0.346404,18.660683
0.0,18.660683
0.0647448,18.660683
24.6134,18.660683
0.0541491,18.660683
2.47586,18.660683
0.0,18.660683
7.89957,18.660683
0.0,18.660683
5.72192,18.660683
0.0,18.660683
0.0146291,18.660683
34.254,18.660683
1.93666,18.660683
74.3385,18.660683
10.3538,18.660683
1.68002,18.660683
0.0,18.660683
19.5867,18.660683
0.0317711,18.660683
15.2572,18.660683
6.98341,18.660683
0.0,18.660683
11.7892,18.660683
6.17851,18.660683
1.61219,18.660683
0.0100148,18.660683
0.0,18.660683
0.521266,18.660683
0.0,18.660683
0.0,18.660683
0.0633151,18.660683
0.0623884,18.660683
18.6755,18.660683
0.360221,18.660683
0.0,18.660683
2.73993,18.660683
0.0,18.660683
95.6333,18.660683
6.86443,18.660683
11.3911,18.660683
12.3578,18.660683
0.0,18.660683
0.0181711,18.660683
0.0,18.660683
0.0164366,18.660683
5.64967,18.660683
0.581551,18.660683
0.0,18.660683
5.53292,18.660683
0.532481,18.660683
0.0,18.660683
4.45915,18.660683
14.1541,18.660683
4.26189,18.660683
0.0,18.660683
123.482,18.660683
0.0,18.660683
0.600362,18.660683
11.6618,18.660683
6.70987,18.660683
0.0,18.660683
0.0,18.660683
5.14796,18.660683
0.0,18.660683
0.0,18.660683
333.491,18.660683
10.5869,18.660683
22.9224,18.660683
1.39764,18.660683
92.3116,18.660683
53.7064,18.660683
4.29189,18.660683
5.91939,18.660683
0.0,18.660683
259.033,18.660683
0.835289,18.660683
0.00218881,18.660683
0.0,18.660683
11.0861,18.660683
2.08603,18.660683
0.138812,18.660683
21.9927,18.660683
6.70053,18.660683
0.0300559,18.660683
2.66844,18.660683
0.0,18.660683
142.75,18.660683
12.6111,18.660683
7.32787,18.660683
35.8993,18.660683
0.0,18.660683
4.18611,18.660683
53.3892,18.660683
2.91179,18.660683
9.73291,18.660683
1.17427,18.660683
0.0144224,18.660683
0.0466057,18.660683
0.486516,18.660683
0.375689,18.660683
0.0,18.660683
0.0,18.660683
17.8305,18.660683
8.18658,18.660683
23.8582,18.660683
0.0480407,18.660683
24.1481,18.660683
41.1289,18.660683
0.0,18.660683
0.0,18.660683
0.0661457,18.660683
12.6881,18.660683
0.0552115,18.660683
0.0725104,18.660683
0.0,18.660683
114.038,18.660683
22.6392,18.660683
0.0173895,18.660683
0.0,18.660683
5.64967,18.660683
0.0415193,18.660683
7.88314,18.660683
0.0,18.660683
22.2375,18.660683
0.0,18.660683
0.364178,18.660683
0.0,18.660683
18.2872,18.660683
23.2156,18.660683
4.64645,18.660683
0.26799,18.660683
1.84488,18.660683
0.0,18.660683
0.0,18.660683
0.899505,18.660683
0.0,18.660683
0.0501345,18.660683
0.0,18.660683
12.5219,18.660683
0.0911935,18.660683
27.5158,18.660683
0.189837,18.660683
13.6708,18.660683
0.26033,18.660683
3.65862,18.660683
231.91,18.660683
187.407,18.660683
0.542442,18.660683
7.92071,18.660683
0.0,18.660683
0.0,18.660683
59.7792,18.660683
0.108471,18.660683
0.0629534,18.660683
0.0,18.660683
39.8531,18.660683
5.40012,18.660683
7.05002,18.660683
58.9342,18.660683
8.67667,18.660683
3.16164,18.660683
0.0,18.660683
20.7848,18.660683
0.132209,18.660683
3.99873,18.660683
0.0,18.660683
0.0,18.660683
18.2872,18.660683
0.0,18.660683
17.2072,18.660683
0.0,18.660683
1.14091,18.660683
0.0,18.660683
6.83995,18.660683
21.9927,18.660683
2.33652,18.660683
1.47614,18.660683
0.229731,18.660683
1.58275,18.660683
9.20009,18.660683
0.0270571,18.660683
0.0104026,18.660683
19.4284,18.660683
10.2463,18.660683
1.55598,18.660683
0.0,18.660683
6.1345,18.660683
0.111079,18.660683
9.4149,18.660683
14.6375,18.660683
61.7468,18.660683
19.1121,18.660683
0.336746,18.660683
0.148443,18.660683
0.0,18.660683
6.70987,18.660683
7.88354,18.660683
0.0,18.660683
2.88462,18.660683
3.4731,18.660683
186.492,18.660683
0.0,18.660683
0.0150878,18.660683
15.8834,18.660683
17.3394,18.660683
1.70576,18.660683
0.0,18.660683
0.0,18.660683
6.97007,18.660683
4.0341,18.660683
0.0,18.660683
0.0438842,18.660683
0.0,18.660683
0.250134,18.660683
0.0289529,18.660683
59.3129,18.660683
13.8754,18.660683
6.81054,18.660683
0.162525,18.660683
0.0,18.660683
7.1822,18.660683
6.74333,18.660683
19.4241,18.660683
4.21751,18.660683
17.0076,18.660683
0.223349,18.660683
0.033392,18.660683
0.0,18.660683
2.96836,18.660683
0.0,18.660683
0.0735954,18.660683
2.07538,18.660683
0.019213,18.660683
5.97234,18.660683
0.0,18.660683
0.0,18.660683
3.3563,18.660683
10.5992,18.660683
19.3636,18.660683
9.91484,18.660683
0.0,18.660683
0.0,18.660683
0.0718392,18.660683
0.0,18.660683
0.0,18.660683
1.73916,18.660683
0.153238,18.660683
0.193732,18.660683
65.9041,18.660683
0.0260902,18.660683
0.181098,18.660683
0.0,18.660683
2.62049,18.660683
13.1196,18.660683
0.0,18.660683
0.0,18.660683
0.0718414,18.660683
12.2933,18.660683
0.340281,18.660683
57.9342,18.660683
0.0,18.660683
14.7658,18.660683
62.2321,18.660683
0.0413947,18.660683
31.889,18.660683
15.9535,18.660683
17.6734,18.660683
0.0,18.660683
0.0,18.660683
22.5227,18.660683
134.521,18.660683
0.0,18.660683
5.39024,18.660683
13.6573,18.660683
0.0219642,18.660683
0.0299033,18.660683
0.0,18.660683
11.7336,18.660683
0.0222586,18.660683
0.0789655,18.660683
1.20085,18.660683
108.9,18.660683
0.114664,18.660683
11.4049,18.660683
9.41915,18.660683
25.2146,18.660683
0.0,18.660683
26.7357,18.660683
29.0844,18.660683
0.0,18.660683
0.424285,18.660683
0.0,18.660683
0.0,18.660683
0.00368268,18.660683
0.727649,18.660683
89.741,18.660683
0.0,18.660683
9.91484,18.660683
2.87073,18.660683
0.0,18.660683
15.6971,18.660683
46.5786,18.660683
0.0,18.660683
0.0,18.660683
69.8357,18.660683
0.0,18.660683
0.0943112,18.660683
0.0,18.660683
0.534143,18.660683
49.3187,18.660683
0.549255,18.660683
0.0,18.660683
0.0499555,18.660683
0.0,18.660683
71.0243,18.660683
0.435642,18.660683
0.423189,18.660683
45.4518,18.660683
0.628994,18.660683
6.89499,18.660683
2.1914,18.660683
0.553941,18.660683
0.0394935,18.660683
131.913,18.660683
29.1625,18.660683
2.38675,18.660683
0.0,18.660683
1.93037,18.660683
0.83869,18.660683
26.3314,18.660683
0.216623,18.660683
0.0495336,18.660683
0.040789,18.660683
55.8569,18.660683
10.2463,18.660683
32.7516,18.660683
39.9574,18.660683
8.90506,18.660683
0.0,18.660683
0.0,18.660683
0.294262,18.660683
158.364,18.660683
0.0,18.660683
0.0,18.660683
0.308492,18.660683
0.432429,18.660683
0.0,18.660683
0.0,18.660683
4.36892,18.660683
0.0,18.660683
29.961,18.660683
27.1771,18.660683
1.3851,18.660683
8.61474,18.660683
0.0,18.660683
0.0,18.660683
0.0176443,18.660683
0.0,18.660683
0.0,18.660683
0.00529184,18.660683
21.4574,18.660683
0.0,18.660683
3.66676,18.660683
19.5016,18.660683
29.2068,18.660683
0.0,18.660683
14.9691,18.660683
45.5749,18.660683
0.0,18.660683
46.5089,18.660683
0.0126236,18.660683
0.0,18.660683
21.9927,18.660683
0.0672431,18.660683
0.0224868,18.660683
13.4342,18.660683
0.0,18.660683
0.0789607,18.660683
0.0,18.660683
0.839133,18.660683
29.3097,18.660683
0.0,18.660683
0.0,18.660683
14.1541,18.660683
0.0,18.660683
3.42946,18.660683
0.0,18.660683
1.78228,18.660683
9.51941,18.660683
1.87581,18.660683
13.8527,18.660683
0.0,18.660683
6.10661,18.660683
8.54713,18.660683
2.12323,18.660683
0.0,18.660683
0.0,18.660683
0.236539,18.660683
2.66716,18.660683
4.36892,18.660683
1.52665,18.660683
49.2648,18.660683
0.346506,18.660683
0.0734416,18.660683
9.34879,18.660683
0.0,18.660683
0.540344,18.660683
2.81657,18.660683
0.0,18.660683
226.44,18.660683
0.0,18.660683
7.93361,18.660683
20.8624,18.660683
0.0734236,18.660683
18.2872,18.660683
42.7111,18.660683
0.02025,18.660683
2.47472,18.660683
0.46427,18.660683
0.324248,18.660683
0.0859618,18.660683
0.0,18.660683
16.4448,18.660683
0.0,18.660683
0.125447,18.660683
0.0,18.660683
11.0977,18.660683
19.3196,18.660683
0.0623884,18.660683
9.97712,18.660683
3.31398,18.660683
0.571642,18.660683
0.0,18.660683
0.0120289,18.660683
9.57138,18.660683
0.0,18.660683
0.0,18.660683
0.0883291,18.660683
87.9496,18.660683
1.96732,18.660683
237.319,18.660683
13.4342,18.660683
0.610725,18.660683
2.47586,18.660683
50.7916,18.660683
0.0,18.660683
0.0,18.660683
0.53868,18.660683
0.0,18.660683
0.0,18.660683
74.3385,18.660683
4.75134,18.660683
2.89723,18.660683
0.127013,18.660683
0.0127124,18.660683
39.4874,18.660683
4.50339,18.660683
40.5102,18.660683
540.622,18.660683
0.0927253,18.660683
5.39369,18.660683
3.58947,18.660683
0.027453,18.660683
0.0,18.660683
0.0,18.660683
0.0,18.660683
2.62049,18.660683
4.74927,18.660683
0.0734416,18.660683
0.108294,18.660683
4.79727,18.660683
0.803882,18.660683
11.6675,18.660683
0.0,18.660683
0.39772,18.660683
0.5899,18.660683
0.498276,18.660683
22.0379,18.660683
0.0,18.660683
0.0,18.660683
3.05566,18.660683
0.1751,18.660683
0.0,18.660683
2.91784,18.660683
0.300234,18.660683
0.0,18.660683
0.174863,18.660683
0.0,18.660683
2.47586,18.660683
0.0,18.660683
0.0238001,18.660683
2.15317,18.660683
4.24122,18.660683
2.8793,18.660683
0.0,18.660683
2.08647,18.660683
0.0,18.660683
0.0,18.660683
0.0,18.660683
4.1897,18.660683
0.0645255,18.660683
36.5915,18.660683
1.34405,18.660683
0.0,18.660683
0.0,18.660683
0.353103,18.660683
1.90472,18.660683
0.890859,18.660683
5.59568,18.660683
146.641,18.660683
14.1121,18.660683
6.08398,18.660683
0.0,18.660683
0.0,18.660683
8.38179,18.660683
0.966778,18.660683
0.0,18.660683
0.0240531,18.660683
5.27882,18.660683
19.4241,18.660683
82.7121,18.660683
13.1278,18.660683
16.3773,18.660683
0.0419176,18.660683
0.217464,18.660683
5.39701,18.660683
9.88996,18.660683
0.0,18.660683
39.9616,18.660683
0.051393,18.660683
0.0,18.660683
0.0,18.660683
0.0,18.660683
0.0,18.660683
0.0134532,18.660683
23.5283,18.660683
0.0785744,18.660683
37.1852,18.660683
18.2498,18.660683
12.3578,18.660683
0.0323811,18.660683
15.4501,18.660683
0.0734416,18.660683
0.0,18.660683
0.0,18.660683
0.0,18.660683
10.3826,18.660683
4.83477,18.660683
0.0,18.660683
0.103302,18.660683
18.2979,18.660683
0.0,18.660683
22.5788,18.660683
0.0,18.660683
8.21892,18.660683
0.0,18.660683
0.0,18.660683
30.6708,18.660683
6.43976,18.660683
11.7135,18.660683
0.0552628,18.660683
11.3947,18.660683
0.0,18.660683
0.0,18.660683
9.31878,18.660683
0.0222586,18.660683
0.0192345,18.660683
2.7544,18.660683
0.0734416,18.660683
0.0,18.660683
233.507,18.660683
0.0,18.660683
0.274167,18.660683
60.3985,18.660683
0.0,18.660683
0.0,18.660683
0.148869,18.660683
89.6832,18.660683
1.33569,18.660683
0.0,18.660683
0.0251359,18.660683
3.34978,18.660683
26.988,18.660683
30.128,18.660683
0.0,18.660683
4.59297,18.660683
370.815,18.660683
9.18426,18.660683
0.0,18.660683
2.50284,18.660683
0.0,18.660683
12.5936,18.660683
39.2243,18.660683
0.242037,18.660683
30.6925,18.660683
7.70401,18.660683
127.197,18.660683
0.0,18.660683
23.7563,18.660683
1.19753,18.660683
0.0,18.660683
0.0897363,18.660683
0.0,18.660683
32.6081,18.660683
0.0,18.660683
0.0,18.660683
61.6673,18.660683
0.0159109,18.660683
0.0,18.660683
4.85685,18.660683
14.9497,18.660683
0.0443369,18.660683
0.0415193,18.660683
0.0,18.660683
1.30415,18.660683
619.796,18.660683
2.8793,18.660683
18.209,18.660683
0.0,18.660683
102.929,18.660683
5.34145,18.660683
2.47586,18.660683
0.31996,18.660683
1.21089,18.660683
74.3385,18.660683
397.601,18.660683
0.0576959,18.660683
0.0,18.660683
0.0401582,18.660683
0.0308414,18.660683
2.8163,18.660683
1.70576,18.660683
39.5927,18.660683
0.614049,18.660683
0.182358,18.660683
0.0,18.660683
0.0,18.660683
10.8422,18.660683
27.0281,18.660683
1.67192,18.660683
1.69555,18.660683
16.0812,18.660683
0.0115032,18.660683
10.6686,18.660683
0.0,18.660683
6.28842,18.660683
0.0,18.660683
0.00610409,18.660683
38.0233,18.660683
0.0,18.660683
0.0,18.660683
0.0,18.660683
18.209,18.660683
26.6208,18.660683
0.0,18.660683
0.0573763,18.660683
0.0,18.660683
89.6832,18.660683
0.0573763,18.660683
3.41898,18.660683
3.90281,18.660683
22.0379,18.660683
0.0,18.660683
67.4523,18.660683
0.156903,18.660683
6.73907,18.660683
0.0309796,18.660683
0.199732,18.660683
0.0,18.660683
0.0181711,18.660683
0.0578019,18.660683
0.0,18.660683
0.0,18.660683
0.207724,18.660683
4.33643,18.660683
0.0,18.660683
987.415,18.660683
0.473766,18.660683
20.3765,18.660683
8.99745,18.660683
0.26033,18.660683
0.0,18.660683
0.0,18.660683
1.61403,18.660683
11.2349,18.660683
20.3765,18.660683
0.0,18.660683
0.0,18.660683
1.00624,18.660683
3.43098,18.660683
0.219512,18.660683
7.92102,18.660683
0.0,18.660683
23.5057,18.660683
73.7988,18.660683
0.0593326,18.660683
0.0,18.660683
1.99104,18.660683
0.106799,18.660683
0.0,18.660683
69.8357,18.660683
0.458468,18.660683
0.264436,18.660683
7.72727,18.660683
0.0,18.660683
1.42191,18.660683
0.0270327,18.660683
0.0,18.660683
0.0319741,18.660683
17.3573,18.660683
5.78663,18.660683
0.051393,18.660683
0.246802,18.660683
0.0,18.660683
0.051393,18.660683
0.0317711,18.660683
24.3086,18.660683
57.891,18.660683
0.0,18.660683
40.1683,18.660683
0.0,18.660683
0.0950008,18.660683
0.0137033,18.660683
20.3765,18.660683
5.57925,18.660683
12.2817,18.660683
24.6854,18.660683
7.2347,18.660683
201.331,18.660683
9.9192,18.660683
8.4425,18.660683
69.8534,18.660683
0.111893,18.660683
0.0,18.660683
4.74985,18.660683
0.0,18.660683
0.0274204,18.660683
0.0,18.660683
0.0,18.660683
11.6058,18.660683
7.28997,18.660683
20.1227,18.660683
0.0,18.660683
95.5694,18.660683
0.0,18.660683
0.0,18.660683
4.92439,18.660683
0.0140005,18.660683
5.29286,18.660683
0.504247,18.660683
7.29843,18.660683
9.34879,18.660683
82.423,18.660683
6.3236,18.660683
0.0,18.660683
0.330802,18.660683
0.0,18.660683
15.7275,18.660683
28.003,18.660683
15.9535,18.660683
7.81563,18.660683
0.0,18.660683
0.0,18.660683
92.574,18.660683
0.0,18.660683
230.705,18.660683
0.0,18.660683
1.0646,18.660683
27.7688,18.660683
0.0,18.660683
11.2349,18.660683
0.0,18.660683
3.31365,18.660683
0.0,18.660683
0.0,18.660683
15.4538,18.660683
9.18391,18.660683
23.5057,18.660683
76.9977,18.660683
17.0222,18.660683
0.0,18.660683
3.80736,18.660683
24.4617,18.660683
0.0,18.660683
13.6032,18.660683
19.3196,18.660683
2.09633,18.660683
4.74741,18.660683
18.836,18.660683
0.0,18.660683
2.29405,18.660683
26.988,18.660683
0.322745,18.660683
8.59654,18.660683
0.0274204,18.660683
0.511178,18.660683
0.0799573,18.660683
0.0,18.660683
4.66756,18.660683
0.0,18.660683
39.4874,18.660683
8.20516,18.660683
0.232211,18.660683
0.0,18.660683
169.019,18.660683
1125.9,18.660683
0.0170887,18.660683
8.44341,18.660683
0.0,18.660683
8.4425,18.660683
0.0,18.660683
9.41098,18.660683
0.0,18.660683
0.280038,18.660683
0.51474,18.660683
0.123102,18.660683
1.12501,18.660683
0.0,18.660683
21.7269,18.660683
0.0219642,18.660683
3.32243,18.660683
0.0,18.660683
53.2671,18.660683
9.47172,18.660683
2.64652,18.660683
0.0377064,18.660683
111.051,18.660683
10.8471,18.660683
0.00905912,18.660683
4.87841,18.660683
0.0,18.660683
0.0272644,18.660683
11.6645,18.660683
21.9108,18.660683
13.3558,18.660683
0.028893,18.660683
29.2461,18.660683
127.197,18.660683
0.299788,18.660683
0.0,18.660683
19.6877,18.660683
0.0,18.660683
7.7561,18.660683
0.678751,18.660683
2.91861,18.660683
0.647028,18.660683
0.0,18.660683
0.0,18.660683
3.45128,18.660683
4.74741,18.660683
80.836,18.660683
0.0,18.660683
0.0,18.660683
3.81662,18.660683
0.0,18.660683
25.2336,18.660683
2.33011,18.660683
51.2472,18.660683
5.22933,18.660683
14.0998,18.660683
0.0230888,18.660683
32.6296,18.660683
0.100459,18.660683
9.53957,18.660683
36.044,18.660683
8.98008,18.660683
0.0112075,18.660683
7.7064,18.660683
0.0488949,18.660683
25.8726,18.660683
0.645114,18.660683
0.0713237,18.660683
0.0,18.660683
0.080121,18.660683
9.24237,18.660683
35.0216,18.660683
0.0,18.660683
0.0,18.660683
0.0184449,18.660683
10.2554,18.660683
3.72617,18.660683
0.0,18.660683
26.1965,18.660683
7.93916,18.660683
3.72617,18.660683
149.689,18.660683
19.1213,18.660683
40.4993,18.660683
11.3063,18.660683
0.125719,18.660683
0.112871,18.660683
4.26574,18.660683
1.55944,18.660683
31.7686,18.660683
0.344931,18.660683
1.2981,18.660683
0.0367091,18.660683
0.0,18.660683
0.869482,18.660683
2.92734,18.660683
0.0,18.660683
200.795,18.660683
0.00964872,18.660683
41.5651,18.660683
0.365597,18.660683
0.816026,18.660683
0.0,18.660683
208.249,18.660683
0.0,18.660683
33.1188,18.660683
0.0,18.660683
42.3715,18.660683
0.5899,18.660683
0.0,18.660683
0.0,18.660683
19.3857,18.660683
1.00982,18.660683
3.31146,18.660683
0.0,18.660683
196.96,18.660683
0.0,18.660683
20.9778,18.660683
20.3065,18.660683
62.0056,18.660683
0.105902,18.660683
1.67192,18.660683
0.0,18.660683
0.287353,18.660683
0.0,18.660683
0.0,18.660683
69.2914,18.660683
0.620975,18.660683
1.93666,18.660683
37.4822,18.660683
0.0735725,18.660683
21.7269,18.660683
1.49141,18.660683
47.556,18.660683
6.32027,18.660683
0.0706443,18.660683
40.2252,18.660683
11.5061,18.660683
19.3196,18.660683
0.0227304,18.660683
82.423,18.660683
0.0,18.660683
0.0,18.660683
0.496241,18.660683
0.974311,18.660683
15.7976,18.660683
0.0929784,18.660683
9.18391,18.660683
4.4131,18.660683
0.0,18.660683
50.5521,18.660683
66.5085,18.660683
9.25745,18.660683
0.0471651,18.660683
1.48575,18.660683
5.52068,18.660683
0.0,18.660683
14.2404,18.660683
22.5174,18.660683
14.2894,18.660683
0.0734416,18.660683
0.0541491,18.660683
65.8054,18.660683
29.0844,18.660683
0.0,18.660683
0.0995036,18.660683
1.20083,18.660683
21.2297,18.660683
0.0,18.660683
16.29,18.660683
37.887,18.660683
0.0372422,18.660683
24.3026,18.660683
0.0,18.660683
0.0,18.660683
8.54155,18.660683
47.6788,18.660683
35.2742,18.660683
0.885176,18.660683
0.0,18.660683
0.0,18.660683
0.0,18.660683
0.0734416,18.660683
0.00808029,18.660683
0.0,18.660683
0.0789607,18.660683
33.4851,18.660683
0.0,18.660683
11.4008,18.660683
0.00874122,18.660683
0.0143126,18.660683
22.5788,18.660683
2.57179,18.660683
14.6294,18.660683
0.0190806,18.660683
0.0484491,18.660683
38.7644,18.660683
0.0,18.660683
0.0,18.660683
8.30844,18.660683
0.170942,18.660683
23.8908,18.660683
154.968,18.660683
27.4125,18.660683
0.0,18.660683
0.0,18.660683
0.0,18.660683
7.13458,18.660683
36.2545,18.660683
0.0,18.660683
4.39634,18.660683
8.18259,18.660683
0.0129072,18.660683
0.8503,18.660683
0.0,18.660683
86.3551,18.660683
115.716,18.660683
0.0376121,18.660683
24.0097,18.660683
1.16065,18.660683
0.145632,18.660683
0.388369,18.660683
0.0610322,18.660683
0.0,18.660683
0.0,18.660683
0.0,18.660683
21.5036,18.660683
0.0,18.660683
0.0558077,18.660683
8.46153,18.660683
20.3765,18.660683
0.0,18.660683
15.662,18.660683
0.0413947,18.660683
0.0,18.660683
167.223,18.660683
0.201269,18.660683
0.131854,18.660683
0.0,18.660683
1.3366,18.660683
0.31996,18.660683
4.42726,18.660683
7.00393,18.660683
0.496241,18.660683
0.00982372,18.660683
0.0,18.660683
26.9925,18.660683
9.40205,18.660683
3.62445,18.660683
0.0,18.660683
7.80756,18.660683
7.54107,18.660683
4.21318,18.660683
2.30368,18.660683
0.168757,18.660683
0.0,18.660683
8.74897,18.660683
22.5174,18.660683
0.123055,18.660683
1.26098,18.660683
0.0874501,18.660683
9.57138,18.660683
4.61178,18.660683
25.9758,18.660683
0.0170975,18.660683
36.1902,18.660683
6.89649,18.660683
9.25835,18.660683
0.0,18.660683
8.73149,18.660683
0.00483917,18.660683
11.3911,18.660683
20.2034,18.660683
0.0616941,18.660683
0.0,18.660683
4.42681,18.660683
22.9447,18.660683
0.868527,18.660683
0.252591,18.660683
0.0734416,18.660683
2.29766,18.660683
0.275986,18.660683
14.7008,18.660683
21.5036,18.660683
0.0,18.660683
11.731,18.660683
0.0,18.660683
10.479,18.660683
0.471737,18.660683
0.0226457,18.660683
0.0,18.660683
0.0,18.660683
0.0181138,18.660683
26.1965,18.660683
4.545,18.660683
0.0,18.660683
10.2115,18.660683
0.0194222,18.660683
0.31996,18.660683
0.0931813,18.660683
4.33811,18.660683
23.0079,18.660683
0.0,18.660683
0.0,18.660683
14.8558,18.660683
0.0126912,18.660683
33.1188,18.660683
3.40206,18.660683
42.2709,18.660683
0.181625,18.660683
0.0,18.660683
0.876184,18.660683
20.4762,18.660683
0.0,18.660683
0.656383,18.660683
5.64259,18.660683
0.0,18.660683
0.0591538,18.660683
0.0,18.660683
58.088,18.660683
0.215631,18.660683
23.0886,18.660683
0.119957,18.660683
12.4414,18.660683
0.0317711,18.660683
4.58484,18.660683
0.0485279,18.660683
4.21751,18.660683
0.0,18.660683
0.0,18.660683
0.127514,18.660683
0.814752,18.660683
0.276195,18.660683
0.868541,18.660683
47.8693,18.660683
135.348,18.660683
0.0,18.660683
0.0,18.660683
0.652652,18.660683
4.0899,18.660683
0.0,18.660683
1672.53,18.660683
9.67349,18.660683
2.92734,18.660683
14.3224,18.660683
0.748226,18.660683
0.0757449,18.660683
44.8206,18.660683
0.144784,18.660683
2.59898,18.660683
12.4692,18.660683
11.2349,18.660683
26.1965,18.660683
11.9358,18.660683
5.78663,18.660683
0.128932,18.660683
5.4147,18.660683
6.32027,18.660683
0.0,18.660683
3.31974,18.660683
1.00717,18.660683
43.6408,18.660683
0.0507568,18.660683
11.5258,18.660683
0.214922,18.660683
11.5518,18.660683
0.0,18.660683
397.601,18.660683
0.185664,18.660683
3.29546,18.660683
22.6392,18.660683
0.0,18.660683
0.0187635,18.660683
0.0,18.660683
0.66808,18.660683
0.0490229,18.660683
0.0,18.660683
7.21241,18.660683
0.0,18.660683
7.71801,18.660683
0.0,18.660683
6.18238,18.660683
2.16773,18.660683
0.0,18.660683
251.292,18.660683
0.0,18.660683
0.051393,18.660683
0.0,18.660683
0.0,18.660683
0.0,18.660683
0.0,18.660683
4.47958,18.660683
0.0,18.660683
3.43098,18.660683
13.3634,18.660683
0.937009,18.660683
12.5311,18.660683
0.0719362,18.660683
89.6832,18.660683
2.92301,18.660683
0.178451,18.660683
9.56915,18.660683
0.0,18.660683
0.0,18.660683
0.43431,18.660683
25.2971,18.660683
0.0641311,18.660683
0.0,18.660683
0.0,18.660683
0.0,18.660683
14.6904,18.660683
0.314417,18.660683
0.0,18.660683
6.40439,18.660683
0.0131354,18.660683
0.0,18.660683
9.75614,18.660683
0.0,18.660683
0.0263074,18.660683
0.222996,18.660683
11.6114,18.660683
7.27815,18.660683
0.144784,18.660683
0.0,18.660683
11.2831,18.660683
0.0,18.660683
1.21707,18.660683
5.16592,18.660683
11.6114,18.660683
0.43545,18.660683
0.0,18.660683
32.6296,18.660683
22.2012,18.660683
0.0,18.660683
0.0932137,18.660683
4.74985,18.660683
5.5232,18.660683
0.275945,18.660683
0.123151,18.660683
9.07465,18.660683
0.582167,18.660683
26.4655,18.660683
18.1432,18.660683
0.530209,18.660683
0.0489275,18.660683
0.785868,18.660683
13.6716,18.660683
0.0,18.660683
0.099631,18.660683
2.96133,18.660683
0.712285,18.660683
68.9289,18.660683
30.4823,18.660683
0.0,18.660683
0.0757449,18.660683
29.8626,18.660683
4.51348,18.660683
2.59898,18.660683
5.85685,18.660683
8.51798,18.660683
5.29084,18.660683
5.4147,18.660683
2.56798,18.660683
1.29001,18.660683
0.257321,18.660683
0.0,18.660683
20.3765,18.660683
13.3312,18.660683
0.0,18.660683
10.2132,18.660683
57.049,18.660683
0.0134822,18.660683
2.19107,18.660683
4.52996,18.660683
0.0,18.660683
2.68224,18.660683
0.105614,18.660683
0.0118933,18.660683
0.0,18.660683
0.0,18.660683
0.144784,18.660683
26.9829,18.660683
0.0569825,18.660683
0.0,18.660683
12.4324,18.660683
0.0,18.660683
38.4291,18.660683
13.2442,18.660683
0.0,18.660683
16.5966,18.660683
0.0436978,18.660683
0.0651436,18.660683
24.3914,18.660683
14.6375,18.660683
0.0,18.660683
2.02652,18.660683
2.18458,18.660683
0.318429,18.660683
1.43546,18.660683
0.0,18.660683
0.512462,18.660683
0.0,18.660683
1.61856,18.660683
0.0,18.660683
2.85747,18.660683
13.2385,18.660683
0.0973958,18.660683
1.19533,18.660683
3.84675,18.660683
0.532481,18.660683
6.79786,18.660683
0.0129563,18.660683
0.0,18.660683
15.4143,18.660683
3.07596,18.660683
0.300234,18.660683
5.80679,18.660683
11.0861,18.660683
0.0,18.660683
4.85574,18.660683
0.205377,18.660683
38.0233,18.660683
0.0,18.660683
2.08647,18.660683
2.91784,18.660683
2.70055,18.660683
0.0,18.660683
5.31933,18.660683
0.0,18.660683
5.54419,18.660683
4.55759,18.660683
0.0,18.660683
0.154268,18.660683
0.0,18.660683
6.86443,18.660683
0.082366,18.660683
30.7603,18.660683
0.287353,18.660683
0.0,18.660683
0.0,18.660683
46.4472,18.660683
11.925,18.660683
13.4342,18.660683
0.476896,18.660683
0.156659,18.660683
0.0619506,18.660683
0.0,18.660683
5.90745,18.660683
0.0534402,18.660683
0.162755,18.660683
13.3117,18.660683
12.6673,18.660683
0.0,18.660683
0.0132763,18.660683
0.0,18.660683
0.0,18.660683
5.31933,18.660683
0.112871,18.660683
0.0,18.660683
0.00927739,18.660683
0.0774752,18.660683
0.535937,18.660683
164.174,18.660683
0.0,18.660683
12.6388,18.660683
0.0,18.660683
13.2992,18.660683
0.881826,18.660683
0.056115,18.660683
11.7977,18.660683
14.4675,18.660683
24.5398,18.660683
19.0973,18.660683
3.42946,18.660683
1.62318,18.660683
0.142322,18.660683
13.8431,18.660683
12.8011,18.660683
0.218525,18.660683
0.0,18.660683
28.3842,18.660683
20.2765,18.660683
0.0,18.660683
3.1782,18.660683
9.95179,18.660683
0.0,18.660683
20.1574,18.660683
13.8431,18.660683
0.0,18.660683
0.272188,18.660683
6.5619,18.660683
6.82818,18.660683
0.0,18.660683
0.182946,18.660683
0.00571813,18.660683
20.3765,18.660683
0.0755944,18.660683
0.134388,18.660683
0.0995542,18.660683
228.807,18.660683
17.6053,18.660683
0.0,18.660683
1.5047,18.660683
0.0,18.660683
4.37563,18.660683
4.12438,18.660683
35.7609,18.660683
0.0,18.660683
0.0339982,18.660683
6.73375,18.660683
11.9358,18.660683
0.0407668,18.660683
0.0,18.660683
0.0,18.660683
0.762179,18.660683
17.4509,18.660683
0.217464,18.660683
10.455,18.660683
0.0,18.660683
7.49617,18.660683
0.106379,18.660683
22.5511,18.660683
53.1995,18.660683
0.0654067,18.660683
0.0,18.660683
66.8852,18.660683
0.0,18.660683
0.168411,18.660683
0.0,18.660683
174.296,18.660683
2.26045,18.660683
0.041474,18.660683
0.0,18.660683
7.72727,18.660683
0.0,18.660683
0.383809,18.660683
11.7977,18.660683
5.09901,18.660683
0.0257749,18.660683
8.34417,18.660683
30.2599,18.660683
19.4241,18.660683
0.0,18.660683
0.0,18.660683
0.0,18.660683
11.7739,18.660683
0.0,18.660683
0.0,18.660683
0.632674,18.660683
0.0,18.660683
6.06853,18.660683
0.0236888,18.660683
0.0,18.660683
31.889,18.660683
3.29546,18.660683
0.0,18.660683
4.54406,18.660683
0.0,18.660683
0.211532,18.660683
23.569,18.660683
0.0803971,18.660683
12.6916,18.660683
0.0,18.660683
7.18403,18.660683
0.319336,18.660683
17.5039,18.660683
0.0,18.660683
258.84,18.660683
53.5033,18.660683
0.105389,18.660683
4.56991,18.660683
7.29843,18.660683
6.32027,18.660683
0.0465422,18.660683
8.13805,18.660683
0.639668,18.660683
74.3385,18.660683
0.0,18.660683
18.1842,18.660683
0.328867,18.660683
18.8538,18.660683
0.086773,18.660683
0.102832,18.660683
21.5036,18.660683
0.0,18.660683
0.0,18.660683
19.4241,18.660683
0.0831501,18.660683
9.79811,18.660683
10.2463,18.660683
0.524087,18.660683
0.0,18.660683
5.05006,18.660683
30.0849,18.660683
4.0058,18.660683
0.00808029,18.660683
13.8586,18.660683
18.9248,18.660683
0.211054,18.660683
10.5478,18.660683
0.301423,18.660683
0.0,18.660683
21.3993,18.660683
6.328,18.660683
0.0,18.660683
8.74772,18.660683
0.0,18.660683
1.16659,18.660683
56.992,18.660683
0.0,18.660683
9.87826,18.660683
2.29225,18.660683
0.0546348,18.660683
4.91671,18.660683
0.301423,18.660683
8.80649,18.660683
8.94272,18.660683
0.0,18.660683
3.61257,18.660683
31.1438,18.660683
0.521266,18.660683
1.47888,18.660683
0.134373,18.660683
0.0,18.660683
17.2867,18.660683
22.6392,18.660683
88.2999,18.660683
15.332,18.660683
22.0206,18.660683
0.431208,18.660683
8.67667,18.660683
0.113443,18.660683
0.559874,18.660683
0.0,18.660683
0.0,18.660683
69.591,18.660683
0.0,18.660683
0.0,18.660683
8.46153,18.660683
1.27604,18.660683
0.0297383,18.660683
9.60602,18.660683
10.8366,18.660683
25.3641,18.660683
9.91484,18.660683
18.8914,18.660683
0.030774,18.660683
4.75134,18.660683
6.17822,18.660683
0.0563849,18.660683
23.1255,18.660683
10.7073,18.660683
4.33481,18.660683
0.0908411,18.660683
0.0,18.660683
5.64967,18.660683
1.02305,18.660683
86.6865,18.660683
0.261045,18.660683
0.0,18.660683
0.0,18.660683
5.64923,18.660683
0.0,18.660683
1148.4,18.660683
12.7752,18.660683
12.9993,18.660683
27.4685,18.660683
36.2545,18.660683
0.0,18.660683
0.0,18.660683
1.11208,18.660683
0.0,18.660683
7.03976,18.660683
4.38561,18.660683
18.2498,18.660683
3.7505,18.660683
0.0129563,18.660683
0.0,18.660683
0.238702,18.660683
0.0,18.660683
0.124658,18.660683
1.1301,18.660683
2057.03,18.660683
0.0822271,18.660683
8.95032,18.660683
25.4868,18.660683
0.0,18.660683
1672.53,18.660683
0.0,18.660683
25.8992,18.660683
17.9842,18.660683
5.59409,18.660683
0.0,18.660683
0.0262574,18.660683
0.152526,18.660683
0.0,18.660683
45.9039,18.660683
38.3952,18.660683
0.0,18.660683
0.0,18.660683
0.0722183,18.660683
0.0,18.660683
0.0,18.660683
0.0,18.660683
7.29843,18.660683
0.0,18.660683
0.0681974,18.660683
0.0,18.660683
15.3208,18.660683
0.0,18.660683
25.6865,18.660683
1.21027,18.660683
0.0,18.660683
0.0,18.660683
6.24168,18.660683
16.9082,18.660683
0.454014,18.660683
1.51978,18.660683
16.1453,18.660683
0.0,18.660683
0.0,18.660683
0.0,18.660683
7.30451,18.660683
0.0270743,18.660683
5.96252,18.660683
0.0,18.660683
17.5039,18.660683
222.75,18.660683
74.3385,18.660683
4.59627,18.660683
0.0,18.660683
0.0198191,18.660683
2.45846,18.660683
4.88202,18.660683
15.332,18.660683
8.8373,18.660683
0.0,18.660683
7.89957,18.660683
8.15758,18.660683
0.0,18.660683
46.0233,18.660683
0.0,18.660683
23.5057,18.660683
8.58381,18.660683
0.0,18.660683
1.41397,18.660683
0.512127,18.660683
0.535877,18.660683
0.656222,18.660683
0.0,18.660683
0.397739,18.660683
20.8624,18.660683
0.0,18.660683
11.1964,18.660683
0.0,18.660683
32.6081,18.660683
22.6392,18.660683
8.23375,18.660683
3.60174,18.660683
11.2349,18.660683
0.127347,18.660683
1.11499,18.660683
0.0,18.660683
0.501173,18.660683
0.029949,18.660683
9.63148,18.660683
1.17489,18.660683
2.77831,18.660683
0.0,18.660683
0.183247,18.660683
17.9272,18.660683
20.497,18.660683
0.0,18.660683
36.891,18.660683
85.5778,18.660683
0.0166872,18.660683
0.0645255,18.660683
0.0,18.660683
0.0,18.660683
0.0382792,18.660683
0.16748,18.660683
11.2349,18.660683
0.56614,18.660683
15.5377,18.660683
3.21659,18.660683
0.0,18.660683
0.0,18.660683
0.597943,18.660683
0.482503,18.660683
3.10352,18.660683
0.0244278,18.660683
3.35149,18.660683
20.945,18.660683
0.0200258,18.660683
17.1223,18.660683
6.85145,18.660683
3.60176,18.660683
0.02025,18.660683
185.622,18.660683
2.49685,18.660683
6.33952,18.660683
0.0,18.660683
0.0438842,18.660683
4.4869,18.660683
0.392561,18.660683
3.92962,18.660683
1.45006,18.660683
0.0105662,18.660683
17.9889,18.660683
0.582328,18.660683
6.08398,18.660683
0.430381,18.660683
0.0214824,18.660683
0.441196,18.660683
0.0394029,18.660683
0.0657912,18.660683
7.88268,18.660683
0.26033,18.660683
0.0,18.660683
38.3952,18.660683
4.22201,18.660683
9.83226,18.660683
0.0,18.660683
0.0,18.660683
0.0283879,18.660683
32.2663,18.660683
1.72756,18.660683
14.8102,18.660683
47.7097,18.660683
0.0,18.660683
0.0213137,18.660683
0.0,18.660683
13.509,18.660683
0.53919,18.660683
14.7048,18.660683
0.0,18.660683
0.0278917,18.660683
16.8988,18.660683
6.73907,18.660683
120.835,18.660683
6.8158,18.660683
0.0,18.660683
7.00254,18.660683
0.0,18.660683
13.3136,18.660683
0.127069,18.660683
6.54572,18.660683
0.0,18.660683
178.517,18.660683
0.0,18.660683
12.2701,18.660683
0.0,18.660683
1.40665,18.660683
0.0274204,18.660683
0.137484,18.660683
0.0,18.660683
2.27419,18.660683
5.73474,18.660683
0.0,18.660683
0.0,18.660683
0.0,18.660683
0.0296009,18.660683
1.17735,18.660683
0.0438842,18.660683
0.160392,18.660683
0.0,18.660683
14.2386,18.660683
0.377764,18.660683
0.0,18.660683
31.7122,18.660683
0.0,18.660683
0.0,18.660683
0.0179047,18.660683
0.0,18.660683
0.0,18.660683
0.0,18.660683
12.9969,18.660683
108.9,18.660683
0.0,18.660683
0.0261254,18.660683
0.0,18.660683
0.0,18.660683
3.96255,18.660683
60.3717,18.660683
0.0,18.660683
0.0,18.660683
0.0263781,18.660683
2.68224,18.660683
0.0,18.660683
47.3513,18.660683
0.0407668,18.660683
370.815,18.660683
30.7785,18.660683
0.0,18.660683
0.0790217,18.660683
0.53003,18.660683
9.03346,18.660683
17.8236,18.660683
0.0,18.660683
0.0,18.660683
13.2992,18.660683
0.0579628,18.660683
0.0,18.660683
0.121479,18.660683
0.0683726,18.660683
0.0,18.660683
0.0,18.660683
22.5174,18.660683
0.0,18.660683
0.0,18.660683
0.0,18.660683
0.0,18.660683
40.2252,18.660683
0.0276208,18.660683
0.0,18.660683
8.59654,18.660683
433.955,18.660683
22.4149,18.660683
0.168818,18.660683
45.9852,18.660683
0.0,18.660683
6.77438,18.660683
16.1453,18.660683
17.6613,18.660683
0.0,18.660683
0.536924,18.660683
0.0,18.660683
8.31722,18.660683
15.3241,18.660683
23.4437,18.660683
6.09898,18.660683
0.441484,18.660683
2.46857,18.660683
0.0,18.660683
0.165727,18.660683
52.9832,18.660683
0.0930278,18.660683
0.0,18.660683
0.955229,18.660683
31.889,18.660683
0.0898809,18.660683
0.97247,18.660683
1090.25,18.660683
8.57879,18.660683
0.0,18.660683
4.63619,18.660683
3.62445,18.660683
1.85969,18.660683
0.0,18.660683
0.0,18.660683
7.80756,18.660683
9.18444,18.660683
8.60295,18.660683
0.0,18.660683
0.0,18.660683
0.0,18.660683
13.6965,18.660683
56.992,18.660683
0.361531,18.660683
96.6188,18.660683
0.0766251,18.660683
0.0,18.660683
0.0648194,18.660683
0.0180207,18.660683
11.3771,18.660683
3.43723,18.660683
11.3947,18.660683
10.3114,18.660683
0.0,18.660683
0.0,18.660683
14.5324,18.660683
123.679,18.660683
9.9387,18.660683
0.0,18.660683
7.93361,18.660683
18.8462,18.660683
3.68034,18.660683
0.147257,18.660683
38.0254,18.660683
3.80485,18.660683
19.5867,18.660683
3.71311,18.660683
6.86627,18.660683
0.235774,18.660683
4.54025,18.660683
110.913,18.660683
4.252,18.660683
2.36147,18.660683
0.0226374,18.660683
0.410641,18.660683
21.7269,18.660683
17.4135,18.660683
1.16449,18.660683
0.0,18.660683
0.269299,18.660683
10.2067,18.660683
13.4342,18.660683
0.462918,18.660683
21.4696,18.660683
36.3421,18.660683
11.3212,18.660683
19.1489,18.660683
0.0,18.660683
0.0,18.660683
13.7664,18.660683
15.8452,18.660683
0.310734,18.660683
9.31878,18.660683
0.0575503,18.660683
0.40315,18.660683
19.8674,18.660683
0.0,18.660683
0.0,18.660683
5.89798,18.660683
0.434756,18.660683
0.241438,18.660683
0.0304159,18.660683
0.0508101,18.660683
7.88359,18.660683
5.02841,18.660683
0.117386,18.660683
0.0,18.660683
13.6965,18.660683
5.91939,18.660683
20.2414,18.660683
13.2496,18.660683
0.0,18.660683
8.30447,18.660683
0.123364,18.660683
86.3551,18.660683
9.85834,18.660683
8.61256,18.660683
3.8617,18.660683
0.23267,18.660683
12.3794,18.660683
0.0,18.660683
0.0,18.660683
0.396008,18.660683
0.0,18.660683
0.161006,18.660683
0.0,18.660683
0.0,18.660683
2.64652,18.660683
0.0,18.660683
9.4149,18.660683
18.1396,18.660683
0.0,18.660683
13.0144,18.660683
0.0209738,18.660683
0.121209,18.660683
11.3911,18.660683
0.0,18.660683
0.0803287,18.660683
8.203,18.660683
0.0,18.660683
0.524087,18.660683
0.0,18.660683
1.03734,18.660683
0.0,18.660683
7.77056,18.660683
0.0,18.660683
68.9289,18.660683
0.40574,18.660683
12.3755,18.660683
3.60176,18.660683
14.4902,18.660683
0.104821,18.660683
0.0,18.660683
12.8303,18.660683
0.0,18.660683
0.0,18.660683
8.21892,18.660683
1.9201,18.660683
0.0,18.660683
0.02025,18.660683
0.0,18.660683
6.38249,18.660683
0.0,18.660683
0.0,18.660683
0.0947648,18.660683
38.012,18.660683
11.3911,18.660683
0.0486026,18.660683
39.7765,18.660683
0.105717,18.660683
0.26033,18.660683
11.5518,18.660683
0.0,18.660683
24.7055,18.660683
24.1123,18.660683
0.0,18.660683
4.27692,18.660683
0.0211065,18.660683
3.628,18.660683
0.0261254,18.660683
22.0206,18.660683
26.1456,18.660683
0.0,18.660683
38.4839,18.660683
0.0,18.660683
0.0,18.660683
0.0304184,18.660683
20.6263,18.660683
0.0597723,18.660683
17.5554,18.660683
0.0,18.660683
7.96072,18.660683
0.0,18.660683
0.153007,18.660683
0.0174459,18.660683
11.4008,18.660683
0.0,18.660683
0.0,18.660683
0.0,18.660683
2.62049,18.660683
1.02611,18.660683
0.0,18.660683
0.0,18.660683
9.4149,18.660683
126.18,18.660683
2.7544,18.660683
0.0,18.660683
26.0752,18.660683
20.6311,18.660683
0.024356,18.660683
5.14796,18.660683
1.69762,18.660683
0.0,18.660683
0.0,18.660683
0.129307,18.660683
0.0747703,18.660683
0.542215,18.660683
0.016778,18.660683
27.6241,18.660683
0.0,18.660683
24.1123,18.660683
0.0,18.660683
0.0,18.660683
10.2809,18.660683
63.9398,18.660683
0.0,18.660683
0.0,18.660683
0.0,18.660683
22.4149,18.660683
0.0,18.660683
0.831891,18.660683
0.526505,18.660683
2.87896,18.660683
0.116024,18.660683
115.353,18.660683
0.0,18.660683
7.18879,18.660683
0.0,18.660683
0.0,18.660683
42.5577,18.660683
20.9778,18.660683
0.0,18.660683
0.0,18.660683
0.196308,18.660683
0.096906,18.660683
6.02159,18.660683
21.5605,18.660683
0.0,18.660683
0.259034,18.660683
63.6629,18.660683
0.0,18.660683
0.0,18.660683
0.0,18.660683
6.34788,18.660683
2.74106,18.660683
0.0805441,18.660683
0.0527473,18.660683
27.3942,18.660683
0.766402,18.660683
6.97007,18.660683
21.6382,18.660683
0.0261254,18.660683
3.40206,18.660683
4.0899,18.660683
0.0,18.660683
16.167,18.660683
3.74306,18.660683
11.9358,18.660683
126.38,18.660683
2.56689,18.660683
0.033392,18.660683
0.0,18.660683
0.0,18.660683
18.2676,18.660683
0.0,18.660683
0.0,18.660683
0.288984,18.660683
0.0,18.660683
0.141534,18.660683
16.4003,18.660683
0.018648,18.660683
43.8743,18.660683
5.52068,18.660683
2.8793,18.660683
0.0703577,18.660683
0.118235,18.660683
0.0,18.660683
0.0,18.660683
0.0,18.660683
0.0,18.660683
1.08497,18.660683
47.1426,18.660683
0.0,18.660683
0.0,18.660683
0.330469,18.660683
10.5207,18.660683
0.0,18.660683
92.3116,18.660683
0.0,18.660683
4.40845,18.660683
0.275945,18.660683
18.374,18.660683
6.10457,18.660683
13.2992,18.660683
2.3566,18.660683
0.0,18.660683
0.0310379,18.660683
1.00717,18.660683
0.0169503,18.660683
0.0,18.660683
6.73907,18.660683
0.0,18.660683
0.241039,18.660683
0.0,18.660683
29.0894,18.660683
40.8006,18.660683
0.612532,18.660683
3.52253,18.660683
0.853314,18.660683
2.92734,18.660683
5.22253,18.660683
7.65274,18.660683
4.56991,18.660683
32.9177,18.660683
11.0146,18.660683
37.8396,18.660683
9.60602,18.660683
32.3352,18.660683
43.2114,18.660683
86.3551,18.660683
0.0,18.660683
0.0,18.660683
1.55502,18.660683
0.0,18.660683
2.38675,18.660683
1.63293,18.660683
803.796,18.660683
0.0,18.660683
0.0,18.660683
121.756,18.660683
9.68664,18.660683
0.0,18.660683
74.3385,18.660683
9.84674,18.660683
0.0377064,18.660683
25.8435,18.660683
1.19608,18.660683
0.138878,18.660683
0.0,18.660683
0.256596,18.660683
0.0,18.660683
0.0,18.660683
0.0354814,18.660683
0.0889348,18.660683
10.7571,18.660683
0.0,18.660683
10.154,18.660683
1.40205,18.660683
51.1107,18.660683
3.39375,18.660683
14.6904,18.660683
5.43055,18.660683
0.0,18.660683
11.0146,18.660683
0.0,18.660683
0.0,18.660683
94.7963,18.660683
0.0,18.660683
0.0367091,18.660683
0.0,18.660683
0.0,18.660683
2117.69,18.660683
0.0,18.660683
0.0,18.660683
0.530209,18.660683
15.2827,18.660683
15.1388,18.660683
9.66222,18.660683
0.0,18.660683
0.0685767,18.660683
0.294691,18.660683
48.3711,18.660683
0.00673864,18.660683
0.0,18.660683
0.0,18.660683
0.170468,18.660683
0.0,18.660683
8.20516,18.660683
0.0,18.660683
67.0111,18.660683
17.3319,18.660683
11.6074,18.660683
0.0,18.660683
0.0,18.660683
0.0274204,18.660683
0.0,18.660683
0.0,18.660683
0.051393,18.660683
0.532481,18.660683
22.6272,18.660683
89.6832,18.660683
24.4512,18.660683
37.7274,18.660683
0.206719,18.660683
0.0,18.660683
13.6708,18.660683
4.70115,18.660683
0.0,18.660683
3.08732,18.660683
0.02025,18.660683
16.5723,18.660683
0.152698,18.660683
0.0059639,18.660683
0.0149006,18.660683
0.0,18.660683
0.0,18.660683
0.00775797,18.660683
5.62209,18.660683
15.8592,18.660683
0.443035,18.660683
32.6296,18.660683
4.0694,18.660683
47.1426,18.660683
6.86627,18.660683
0.860813,18.660683
0.948007,18.660683
67.9757,18.660683
0.0,18.660683
8.85757,18.660683
0.0422045,18.660683
4.27029,18.660683
0.0,18.660683
2.31526,18.660683
0.0,18.660683
0.0,18.660683
0.0672117,18.660683
1.17065,18.660683
0.493416,18.660683
42.8467,18.660683
31.2435,18.660683
3.42946,18.660683
52.0819,18.660683
22.6392,18.660683
1.02618,18.660683
9.4149,18.660683
0.0,18.660683
12.9887,18.660683
6.58449,18.660683
0.0519234,18.660683
8.38179,18.660683
78.0455,18.660683
11.684,18.660683
0.989546,18.660683
95.5694,18.660683
0.0,18.660683
0.0,18.660683
0.00961352,18.660683
18.2498,18.660683
0.23567,18.660683
11.2349,18.660683
33.8268,18.660683
16.3631,18.660683
0.0,18.660683
17.3394,18.660683
0.600218,18.660683
11.2831,18.660683
0.0396249,18.660683
2.92561,18.660683
68.1974,18.660683
0.931777,18.660683
0.692599,18.660683
0.0,18.660683
0.0101568,18.660683
0.051393,18.660683
0.0,18.660683
0.0,18.660683
22.0206,18.660683
0.194923,18.660683
14.1541,18.660683
41.2784,18.660683
12.9819,18.660683
0.449778,18.660683
0.0,18.660683
3.37369,18.660683
9.70621,18.660683
0.0,18.660683
0.0,18.660683
9.68664,18.660683
0.182946,18.660683
14.5324,18.660683
35.5888,18.660683
1.20083,18.660683
2.16714,18.660683
11.0804,18.660683
5.54151,18.660683
46.7864,18.660683
0.0,18.660683
13.3136,18.660683
0.234005,18.660683
0.0,18.660683
1.35178,18.660683
0.430817,18.660683
1.26999,18.660683
0.0585701,18.660683
47.3378,18.660683
0.0,18.660683
0.177711,18.660683
0.183057,18.660683
19.9297,18.660683
10.4071,18.660683
0.02025,18.660683
0.0,18.660683
0.0,18.660683
1.4025,18.660683
20.2295,18.660683
0.0218479,18.660683
11.7377,18.660683
0.363451,18.660683
10.5139,18.660683
0.405692,18.660683
5.59409,18.660683
0.0,18.660683
6.04863,18.660683
0.107556,18.660683
126.529,18.660683
4.49234,18.660683
0.0,18.660683
7.15625,18.660683
0.0,18.660683
1.55598,18.660683
0.175384,18.660683
28.1376,18.660683
1.4259,18.660683
122.958,18.660683
0.0,18.660683
31.889,18.660683
17.3394,18.660683
11.715,18.660683
13.0129,18.660683
1.63293,18.660683
11.4176,18.660683
7.72854,18.660683
0.662085,18.660683
0.709381,18.660683
0.0,18.660683
0.0,18.660683
0.0555846,18.660683
0.873785,18.660683
26.2397,18.660683
0.0154171,18.660683
120.835,18.660683
7.72727,18.660683
0.052786,18.660683
25.3766,18.660683
0.0,18.660683
0.0,18.660683
1.3851,18.660683
3.81813,18.660683
0.0,18.660683
0.0,18.660683
0.0,18.660683
9.07852,18.660683
0.0,18.660683
16.2922,18.660683
0.0,18.660683
0.0667514,18.660683
0.0614976,18.660683
21.3561,18.660683
32.5265,18.660683
8.14611,18.660683
0.0973958,18.660683
40.2252,18.660683
0.0,18.660683
1.57767,18.660683
0.0,18.660683
4.27029,18.660683
13.8431,18.660683
0.0,18.660683
0.0752463,18.660683
5.64921,18.660683
38.7328,18.660683
1.93666,18.660683
0.571642,18.660683
0.0,18.660683
26.0933,18.660683
89.6832,18.660683
0.0,18.660683
11.1947,18.660683
0.02025,18.660683
27.7434,18.660683
17.5213,18.660683
0.0,18.660683
44.8789,18.660683
7.93361,18.660683
0.0286426,18.660683
0.0463012,18.660683
39.723,18.660683
0.353103,18.660683
4.88734,18.660683
0.0,18.660683
0.0,18.660683
0.0,18.660683
0.281248,18.660683
0.0,18.660683
2.48086,18.660683
0.0105764,18.660683
3.8263,18.660683
0.0187414,18.660683
0.0384244,18.660683
7.70336,18.660683
154.968,18.660683
0.0,18.660683
0.0657912,18.660683
0.0,18.660683
0.0,18.660683
0.0,18.660683
60.3985,18.660683
13.7404,18.660683
5.59409,18.660683
1.17735,18.660683
0.0,18.660683
18.058,18.660683
0.0,18.660683
0.0310379,18.660683
0.0,18.660683
8.35015,18.660683
28.4969,18.660683
0.0,18.660683
0.0,18.660683
0.080073,18.660683
0.18146,18.660683
8.54891,18.660683
1.26219,18.660683
0.0319278,18.660683
0.0995296,18.660683
0.0,18.660683
0.0,18.660683
3.84675,18.660683
14.3356,18.660683
64.8804,18.660683
3.66676,18.660683
31.6466,18.660683
35.4146,18.660683
0.0,18.660683
13.0285,18.660683
88.1568,18.660683
14.4592,18.660683
20.9074,18.660683
12.7354,18.660683
0.0,18.660683
0.0717698,18.660683
0.0,18.660683
5.78663,18.660683
0.0,18.660683
0.0,18.660683
8.18569,18.660683
0.0,18.660683
0.0,18.660683
0.0,18.660683
15.1905,18.660683
0.210919,18.660683
48.6022,18.660683
0.0643346,18.660683
0.0407668,18.660683
0.0,18.660683
0.608544,18.660683
0.241125,18.660683
0.0633712,18.660683
6.71487,18.660683
17.3016,18.660683
0.0,18.660683
0.0130336,18.660683
3.33722,18.660683
31.889,18.660683
1220.51,18.660683
11.2349,18.660683
2.98434,18.660683
38.012,18.660683
26.5551,18.660683
6.08012,18.660683
11.5803,18.660683
2.2757,18.660683
20.1227,18.660683
11.9639,18.660683
13.4078,18.660683
36.8233,18.660683
11.144,18.660683
76.8259,18.660683
0.340899,18.660683
15.741,18.660683
27.528,18.660683
0.0,18.660683
1.2634,18.660683
0.122288,18.660683
37.8184,18.660683
6.1125,18.660683
21.9927,18.660683
6.2082,18.660683
47.7297,18.660683
11.5803,18.660683
0.3569,18.660683
16.7626,18.660683
6.00416,18.660683
28.1376,18.660683
0.0,18.660683
0.839133,18.660683
9.66222,18.660683
1.48847,18.660683
20.65,18.660683
12.766,18.660683
0.170468,18.660683
1.63293,18.660683
63.5438,18.660683
0.0,18.660683
15.99,18.660683
0.0,18.660683
0.0,18.660683
0.0,18.660683
0.0,18.660683
0.0,18.660683
10.2463,18.660683
85.6316,18.660683
17.7894,18.660683
0.0,18.660683
10.411,18.660683
0.0,18.660683
0.966778,18.660683
7.14585,18.660683
25.6866,18.660683
0.0,18.660683
0.0,18.660683
7.20484,18.660683
0.0115644,18.660683
0.0231005,18.660683
0.0,18.660683
0.517011,18.660683
0.0,18.660683
1.31869,18.660683
6.28008,18.660683
2.30816,18.660683
11.1811,18.660683
0.0,18.660683
1.93037,18.660683
0.123718,18.660683
11.7182,18.660683
0.0476741,18.660683
0.271209,18.660683
6.51382,18.660683
8.03788,18.660683
6.86627,18.660683
0.0,18.660683
0.0,18.660683
0.0,18.660683
4.39554,18.660683
0.0,18.660683
5.45664,18.660683
0.534143,18.660683
0.209364,18.660683
88.227,18.660683
51.4147,18.660683
0.493416,18.660683
0.0158971,18.660683
0.196923,18.660683
2.86354,18.660683
16.0687,18.660683
8.54155,18.660683
27.6502,18.660683
195.28,18.660683
12.9157,18.660683
24.9532,18.660683
0.0463136,18.660683
3.74162,18.660683
12.4639,18.660683
272.196,18.660683
1.12688,18.660683
0.0,18.660683
13.534,18.660683
11.6536,18.660683
30.4005,18.660683
0.152745,18.660683
0.0,18.660683
0.00992251,18.660683
0.0,18.660683
0.0222064,18.660683
0.0145785,18.660683
8.36754,18.660683
21.1404,18.660683
0.0,18.660683
11.2831,18.660683
5.85685,18.660683
0.0153356,18.660683
10.4821,18.660683
2.1687,18.660683
35.0216,18.660683
0.0,18.660683
78.8296,18.660683
0.763368,18.660683
192.728,18.660683
0.0541491,18.660683
0.754826,18.660683
0.75264,18.660683
0.0,18.660683
9.59899,18.660683
30.345,18.660683
16.8498,18.660683
8.203,18.660683
4.8694,18.660683
0.0,18.660683
0.791812,18.660683
0.387361,18.660683
29.4276,18.660683
0.0,18.660683
0.0,18.660683
2.08647,18.660683
0.0571442,18.660683
49.2648,18.660683
27.0342,18.660683
0.0119285,18.660683
0.0,18.660683
4.71181,18.660683
5.1564,18.660683
0.681433,18.660683
11.3911,18.660683
0.0,18.660683
0.496241,18.660683
112.303,18.660683
21.9927,18.660683
2.94202,18.660683
8.20827,18.660683
0.0,18.660683
1672.53,18.660683
7.09776,18.660683
0.0,18.660683
0.0,18.660683
12.8269,18.660683
3.51536,18.660683
7.18879,18.660683
14.5588,18.660683
0.839133,18.660683
0.0,18.660683
24.3086,18.660683
6.93717,18.660683
0.0,18.660683
0.164682,18.660683
0.080121,18.660683
0.0,18.660683
3.4731,18.660683
0.205377,18.660683
13.4342,18.660683
0.0,18.660683
4.545,18.660683
0.0,18.660683
0.0,18.660683
0.0,18.660683
5.61369,18.660683
0.620975,18.660683
14.8319,18.660683
0.0128127,18.660683
0.0,18.660683
8.67667,18.660683
0.161331,18.660683
0.0,18.660683
84.2505,18.660683
6.59443,18.660683
7.18663,18.660683
7.13458,18.660683
10.8319,18.660683
0.0527068,18.660683
16.1769,18.660683
7.28997,18.660683
0.0,18.660683
5.48619,18.660683
0.048191,18.660683
16.4061,18.660683
0.0,18.660683
0.0,18.660683
4.06435,18.660683
12.8443,18.660683
0.430646,18.660683
41.1122,18.660683
0.0,18.660683
2.46857,18.660683
0.144784,18.660683
2.738,18.660683
11.7324,18.660683
4.51348,18.660683
11.574,18.660683
0.0,18.660683
0.164682,18.660683
12.4457,18.660683
2.66844,18.660683
0.265303,18.660683
4.64168,18.660683
6.91163,18.660683
10.9545,18.660683
0.0633151,18.660683
16.4925,18.660683
0.251745,18.660683
15.0677,18.660683
0.0,18.660683
0.0842092,18.660683
0.0,18.660683
0.0,18.660683
0.0228214,18.660683
0.324999,18.660683
0.0296726,18.660683
0.126268,18.660683
0.0279625,18.660683
9.91484,18.660683
0.0,18.660683
0.040939,18.660683
158.563,18.660683
6.1345,18.660683
0.216623,18.660683
0.0,18.660683
103.001,18.660683
9.463,18.660683
7.24419,18.660683
410.978,18.660683
3.33156,18.660683
0.0,18.660683
0.147257,18.660683
15.7273,18.660683
0.0551446,18.660683
0.00887042,18.660683
0.0,18.660683
4.74741,18.660683
0.371223,18.660683
2.9242,18.660683
0.0,18.660683
0.0361774,18.660683
0.0,18.660683
0.0243009,18.660683
22.6518,18.660683
11.2641,18.660683
26.276,18.660683
0.319634,18.660683
0.0764985,18.660683
4.64645,18.660683
0.0,18.660683
5.03248,18.660683
4.85934,18.660683
14.8348,18.660683
0.449709,18.660683
0.0,18.660683
14.3224,18.660683
0.0254483,18.660683
4.6505,18.660683
0.0,18.660683
122.353,18.660683
4.39634,18.660683
2.64652,18.660683
10.5139,18.660683
0.0,18.660683
0.548949,18.660683
46.0233,18.660683
5.69175,18.660683
0.0,18.660683
0.0,18.660683
13.2361,18.660683
0.0803287,18.660683
0.0505051,18.660683
0.289539,18.660683
0.0,18.660683
0.05699,18.660683
12.3578,18.660683
0.392828,18.660683
8.10299,18.660683
0.0,18.660683
0.0265841,18.660683
169.242,18.660683
1.23554,18.660683
30.1359,18.660683
10.8913,18.660683
0.0,18.660683
0.0774752,18.660683
22.6392,18.660683
13.1918,18.660683
115.716,18.660683
22.5027,18.660683
12.6572,18.660683
1.27604,18.660683
11.2831,18.660683
11.6114,18.660683
13.1239,18.660683
0.0,18.660683
8.14864,18.660683
0.0,18.660683
0.679415,18.660683
0.0,18.660683
0.0734236,18.660683
9.68664,18.660683
9.03346,18.660683
41.0443,18.660683
0.0,18.660683
0.109324,18.660683
24.5835,18.660683
20.1295,18.660683
0.329182,18.660683
6.84802,18.660683
0.0655596,18.660683
0.0,18.660683
0.0,18.660683
4.26047,18.660683
4.24122,18.660683
11.6536,18.660683
0.025486,18.660683
8.61474,18.660683
0.0645255,18.660683
19.9248,18.660683
26.5434,18.660683
10.919,18.660683
28.9256,18.660683
0.0,18.660683
0.0980159,18.660683
4.52907,18.660683
0.0,18.660683
0.0,18.660683
0.0,18.660683
0.0,18.660683
0.0,18.660683
0.133885,18.660683
0.0158816,18.660683
0.0265851,18.660683
0.0,18.660683
3.88447,18.660683
0.0,18.660683
52.2918,18.660683
5.65542,18.660683
2.33652,18.660683
42.2709,18.660683
0.0,18.660683
0.0167702,18.660683
0.353103,18.660683
0.0,18.660683
0.233062,18.660683
0.0593236,18.660683
0.0,18.660683
0.700803,18.660683
0.0,18.660683
0.0,18.660683
0.0,18.660683
8.87697,18.660683
29.102,18.660683
19.4687,18.660683
54.7708,18.660683
1.38841,18.660683
8.40817,18.660683
0.802017,18.660683
0.670411,18.660683
0.168847,18.660683
4.75915,18.660683
0.0,18.660683
0.281248,18.660683
0.095025,18.660683
36.2545,18.660683
0.0185423,18.660683
0.0,18.660683
0.0439948,18.660683
4.64859,18.660683
4.92439,18.660683
13.3341,18.660683
0.203546,18.660683
19.4241,18.660683
0.0,18.660683
18.7897,18.660683
1.42503,18.660683
6.21711,18.660683
5.18852,18.660683
0.685463,18.660683
9.57138,18.660683
4.70951,18.660683
0.0,18.660683
5.78663,18.660683
0.0,18.660683
0.0,18.660683
0.0,18.660683
0.0683978,18.660683
12.8546,18.660683
0.0629815,18.660683
29.1625,18.660683
65.8736,18.660683
27.0976,18.660683
13.3117,18.660683
74.3385,18.660683
7.79231,18.660683
0.0,18.660683
0.0,18.660683
16.8505,18.660683
0.0,18.660683
6.6427,18.660683
8.7999,18.660683
0.302294,18.660683
0.0318162,18.660683
0.0,18.660683
7.09103,18.660683
27.7483,18.660683
0.0,18.660683
0.0198511,18.660683
2.89538,18.660683
0.0322283,18.660683
0.0,18.660683
12.2934,18.660683
0.0,18.660683
0.915715,18.660683
0.0,18.660683
19.3196,18.660683
8.90006,18.660683
0.0,18.660683
0.0,18.660683
0.0,18.660683
25.2743,18.660683
0.0156339,18.660683
17.9272,18.660683
8.20516,18.660683
45.9377,18.660683
0.406795,18.660683
28.1376,18.660683
8.79761,18.660683
0.0,18.660683
0.139701,18.660683
0.0538038,18.660683
0.0,18.660683
71.0243,18.660683
0.0,18.660683
0.0178874,18.660683
53.3411,18.660683
0.0,18.660683
23.0079,18.660683
24.4617,18.660683
25.7322,18.660683
0.0,18.660683
2.69684,18.660683
0.0168296,18.660683
22.4628,18.660683
169.985,18.660683
0.133885,18.660683
0.0,18.660683
0.112871,18.660683
0.00727648,18.660683
0.0,18.660683
80.0908,18.660683
23.569,18.660683
0.0,18.660683
0.0506783,18.660683
18.3232,18.660683
0.0,18.660683
0.0,18.660683
20.3935,18.660683
31.4133,18.660683
0.0261254,18.660683
0.125719,18.660683
16.643,18.660683
0.630093,18.660683
0.0,18.660683
31.889,18.660683
0.0,18.660683
0.0,18.660683
0.0,18.660683
0.0,18.660683
0.011101,18.660683
20.6311,18.660683
13.3234,18.660683
5.78663,18.660683
0.0,18.660683
0.0,18.660683
0.0,18.660683
9.31878,18.660683
4.37563,18.660683
0.0471918,18.660683
0.0,18.660683
61.3507,18.660683
15.9221,18.660683
2.42901,18.660683
13.4596,18.660683
4.54892,18.660683
2.26397,18.660683
35.0486,18.660683
0.0,18.660683
0.441484,18.660683
0.624512,18.660683
3.62445,18.660683
10.4143,18.660683
0.0,18.660683
0.0,18.660683
1.3366,18.660683
0.0898018,18.660683
9.9387,18.660683
0.0,18.660683
3.51618,18.660683
0.966317,18.660683
11.2284,18.660683
0.0285757,18.660683
0.0,18.660683
91.3823,18.660683
6.68171,18.660683
0.0,18.660683
20.6133,18.660683
0.288601,18.660683
8.51378,18.660683
0.0955366,18.660683
5.16818,18.660683
13.5853,18.660683
0.0,18.660683
154.968,18.660683
6.87925,18.660683
0.167349,18.660683
20.3765,18.660683
0.0,18.660683
4.52996,18.660683
0.0,18.660683
0.0629534,18.660683
0.0,18.660683
2.29766,18.660683
14.7351,18.660683
33.1131,18.660683
1.27446,18.660683
0.0,18.660683
32.9684,18.660683
0.0,18.660683
0.0,18.660683
0.128932,18.660683
181.813,18.660683
0.00808029,18.660683
44.5136,18.660683
0.0819871,18.660683
0.0764985,18.660683
50.567,18.660683
85.6316,18.660683
0.149905,18.660683
370.815,18.660683
0.0,18.660683
6.54572,18.660683
0.748226,18.660683
2.18394,18.660683
0.0,18.660683
57.049,18.660683
28.313,18.660683
0.115845,18.660683
10.5353,18.660683
68.9289,18.660683
0.234831,18.660683
11.9164,18.660683
4.1897,18.660683
0.03749,18.660683
0.534143,18.660683
0.0,18.660683
23.5057,18.660683
3.1273,18.660683
0.0,18.660683
0.0278073,18.660683
12.3079,18.660683
7.88354,18.660683
6.13331,18.660683
0.0170975,18.660683
0.0214629,18.660683
85.1751,18.660683
52.7444,18.660683
35.3348,18.660683
0.0388604,18.660683
10.8023,18.660683
20.3765,18.660683
231.91,18.660683
9.31878,18.660683
69.4026,18.660683
6.28842,18.660683
0.0,18.660683
0.0,18.660683
0.471161,18.660683
0.0623884,18.660683
26.234,18.660683
22.3609,18.660683
29.3384,18.660683
11.0977,18.660683
16.8529,18.660683
0.0,18.660683
0.0,18.660683
9.30771,18.660683
74.4531,18.660683
181.96,18.660683
42.5758,18.660683
27.7434,18.660683
2.59898,18.660683
17.8586,18.660683
0.0,18.660683
0.0,18.660683
0.0,18.660683
0.0,18.660683
30.36,18.660683
0.0,18.660683
12.6111,18.660683
73.0222,18.660683
0.0324435,18.660683
1.55502,18.660683
10.1436,18.660683
0.0,18.660683
0.0420966,18.660683
0.0,18.660683
0.0129563,18.660683
115.716,18.660683
0.105977,18.660683
0.0546641,18.660683
0.0704301,18.660683
15.7275,18.660683
0.0148074,18.660683
1.78663,18.660683
1.12501,18.660683
0.0,18.660683
0.0,18.660683
3.42946,18.660683
17.7602,18.660683
68.9565,18.660683
12.8546,18.660683
1.26519,18.660683
0.0,18.660683
0.0324739,18.660683
33.4603,18.660683
0.797986,18.660683
8.88717,18.660683
0.0,18.660683
0.671246,18.660683
0.839838,18.660683
0.0,18.660683
0.0,18.660683
4.29189,18.660683
0.154268,18.660683
0.0,18.660683
16.2904,18.660683
36.1719,18.660683
20.4143,18.660683
0.0,18.660683
0.0528512,18.660683
21.9927,18.660683
50.3607,18.660683
0.689814,18.660683
14.6375,18.660683
27.9572,18.660683
0.152325,18.660683
0.0,18.660683
0.0,18.660683
0.0,18.660683
0.027385,18.660683
2.84066,18.660683
0.02025,18.660683
0.0,18.660683
10.2463,18.660683
0.0,18.660683
0.0,18.660683
0.0293181,18.660683
1.4467,18.660683
0.0,18.660683
87.0906,18.660683
0.21459,18.660683
0.041083,18.660683
9.47653,18.660683
0.00703583,18.660683
2.32627,18.660683
0.077815,18.660683
8.57879,18.660683
0.0,18.660683
0.0,18.660683
0.0,18.660683
14.0233,18.660683
3.4621,18.660683
3.82122,18.660683
59.6986,18.660683
54.8596,18.660683
18.2394,18.660683
0.0,18.660683
13.1239,18.660683
0.0,18.660683
7.72727,18.660683
0.593276,18.660683
16.961,18.660683
55.2517,18.660683
28.1987,18.660683
0.0,18.660683
0.0400535,18.660683
0.0,18.660683
2.84066,18.660683
0.0,18.660683
13.3781,18.660683
9.36233,18.660683
14.5392,18.660683
7.93361,18.660683
0.532195,18.660683
16.6061,18.660683
0.695969,18.660683
9.51941,18.660683
1.94248,18.660683
77.4792,18.660683
0.0,18.660683
0.380775,18.660683
0.0323811,18.660683
0.0,18.660683
0.0376121,18.660683
4.7028,18.660683
0.233751,18.660683
6.94055,18.660683
89.9161,18.660683
16.2541,18.660683
0.0,18.660683
0.051393,18.660683
0.0,18.660683
0.0803971,18.660683
1.20238,18.660683
0.0,18.660683
1.9817,18.660683
0.0,18.660683
11.0919,18.660683
80.3929,18.660683
0.0,18.660683
0.0,18.660683
14.9189,18.660683
18.1842,18.660683
5.34605,18.660683
2.3566,18.660683
9.22554,18.660683
0.0,18.660683
0.0,18.660683
0.0393917,18.660683
0.0,18.660683
0.340281,18.660683
0.0,18.660683
3.41662,18.660683
37.3936,18.660683
3.32871,18.660683
67.0111,18.660683
0.0,18.660683
0.0,18.660683
10.3601,18.660683
10.039,18.660683
0.0132778,18.660683
0.0,18.660683
30.5976,18.660683
24.5835,18.660683
9.56915,18.660683
0.0,18.660683
0.0,18.660683
9.20199,18.660683
0.561068,18.660683
0.0645255,18.660683
3.94202,18.660683
0.0,18.660683
6.33662,18.660683
0.0415572,18.660683
5.03441,18.660683
0.132446,18.660683
0.0757449,18.660683
0.0,18.660683
801.127,18.660683
0.0,18.660683
44.0347,18.660683
32.6081,18.660683
0.096906,18.660683
0.507646,18.660683
3.93496,18.660683
0.242037,18.660683
3.52253,18.660683
5.0881,18.660683
4.56991,18.660683
1.84062,18.660683
0.02025,18.660683
29.4994,18.660683
130.387,18.660683
738.118,18.660683
9.4149,18.660683
0.00973541,18.660683
12.3794,18.660683
9.66222,18.660683
0.0,18.660683
0.0,18.660683
1.58771,18.660683
10.04,18.660683
0.0951901,18.660683
2.40825,18.660683
5.16818,18.660683
0.921524,18.660683
55.2129,18.660683
0.0,18.660683
21.5036,18.660683
7.53429,18.660683
24.9532,18.660683
4.35779,18.660683
0.0,18.660683
0.0,18.660683
0.0,18.660683
7.06242,18.660683
6.71487,18.660683
0.0,18.660683
10.6178,18.660683
7.72727,18.660683
0.492848,18.660683
0.873254,18.660683
23.8582,18.660683
0.0,18.660683
0.0,18.660683
0.0503692,18.660683
0.0,18.660683
11.3499,18.660683
9.37391,18.660683
32.2663,18.660683
1.26999,18.660683
0.0,18.660683
16.9237,18.660683
22.6392,18.660683
0.0,18.660683
0.0,18.660683
0.00866662,18.660683
0.0712323,18.660683
5.90745,18.660683
0.0,18.660683
0.0,18.660683
20.3765,18.660683
0.0415987,18.660683
0.0527945,18.660683
0.0,18.660683
1.45222,18.660683
0.0,18.660683
0.0621603,18.660683
57.3396,18.660683
0.0,18.660683
0.00683605,18.660683
9.45517,18.660683
0.0199938,18.660683
10.7553,18.660683
0.0,18.660683
0.0149743,18.660683
0.0,18.660683
110.799,18.660683
0.0,18.660683
0.248463,18.660683
11.3911,18.660683
35.7755,18.660683
0.144784,18.660683
11.0146,18.660683
5.21638,18.660683
7.5882,18.660683
3.50575,18.660683
4.545,18.660683
0.0,18.660683
0.0,18.660683
0.0,18.660683
7.65143,18.660683
255.378,18.660683
4.92304,18.660683
1.4467,18.660683
21.4343,18.660683
4.3505,18.660683
11.2706,18.660683
1.55598,18.660683
7.75683,18.660683
0.0,18.660683
6.68511,18.660683
4.3151,18.660683
0.0435377,18.660683
31.7944,18.660683
0.0323968,18.660683
13.5897,18.660683
80.836,18.660683
0.0417562,18.660683
0.0652797,18.660683
0.0286426,18.660683
12.3578,18.660683
0.0850534,18.660683
0.0645255,18.660683
2.91906,18.660683
3.31331,18.660683
0.0309568,18.660683
8.8137,18.660683
4.26574,18.660683
0.0,18.660683
7.78329,18.660683
0.0,18.660683
69.5907,18.660683
0.565411,18.660683
76.9977,18.660683
0.0,18.660683
0.0345443,18.660683
10.8696,18.660683
0.0262574,18.660683
6.39448,18.660683
0.0,18.660683
11.1811,18.660683
102.047,18.660683
0.0,18.660683
0.0,18.660683
13.0144,18.660683
0.0,18.660683
0.0,18.660683
25.8108,18.660683
9.08801,18.660683
0.0,18.660683
0.0,18.660683
49.0173,18.660683
0.0,18.660683
0.0,18.660683
17.0723,18.660683
22.6392,18.660683
2.6129,18.660683
0.496611,18.660683
0.0,18.660683
3.17315,18.660683
1.25708,18.660683
4.04668,18.660683
0.242888,18.660683
177.36,18.660683
0.041158,18.660683
0.0,18.660683
0.0,18.660683
0.0,18.660683
0.0,18.660683
4.4391,18.660683
0.553941,18.660683
0.0,18.660683
5.39411,18.660683
19.9112,18.660683
31.8925,18.660683
15.9952,18.660683
12.39,18.660683
0.0,18.660683
8.20827,18.660683
0.75264,18.660683
0.0,18.660683
0.0,18.660683
1.20083,18.660683
0.0429052,18.660683
0.0,18.660683
5.74144,18.660683
0.160508,18.660683
3731.54,18.660683
51.7546,18.660683
9.66222,18.660683
0.100224,18.660683
0.0146776,18.660683
0.0219676,18.660683
0.19907,18.660683
3.68977,18.660683
0.310805,18.660683
0.013013,18.660683
12.3842,18.660683
2.62049,18.660683
0.0,18.660683
0.143557,18.660683
0.0,18.660683
0.0,18.660683
0.0651436,18.660683
0.0,18.660683
8.78468,18.660683
13.3605,18.660683
0.587905,18.660683
0.0,18.660683
62.4155,18.660683
0.0327247,18.660683
2.08579,18.660683
6.39349,18.660683
11.613,18.660683
0.492471,18.660683
27.5158,18.660683
0.68951,18.660683
0.0,18.660683
18.4826,18.660683
0.0150878,18.660683
0.0,18.660683
5.16245,18.660683
29.149,18.660683
9.68664,18.660683
0.782975,18.660683
26.4642,18.660683
0.0,18.660683
0.027453,18.660683
0.0,18.660683
0.0,18.660683
23.1255,18.660683
7.81582,18.660683
0.0352636,18.660683
7.72727,18.660683
8.10573,18.660683
0.0,18.660683
1.20482,18.660683
0.0,18.660683
1.34405,18.660683
0.0,18.660683
0.0339982,18.660683
0.0,18.660683
0.0174285,18.660683
0.03437,18.660683
0.0,18.660683
145.657,18.660683
0.0634393,18.660683
2.18394,18.660683
0.0,18.660683
0.0115032,18.660683
60.0743,18.660683
0.0,18.660683
0.0,18.660683
0.0165863,18.660683
0.0,18.660683
0.0,18.660683
0.0,18.660683
0.0,18.660683
0.0,18.660683
15.6387,18.660683
0.041083,18.660683
0.861373,18.660683
0.0,18.660683
0.0,18.660683
16.651,18.660683
14.0998,18.660683
1.27446,18.660683
0.086623,18.660683
0.0735725,18.660683
0.0475428,18.660683
0.163732,18.660683
0.232937,18.660683
9.4149,18.660683
9.57138,18.660683
0.894353,18.660683
25.8108,18.660683
15.2671,18.660683
0.0,18.660683
0.0,18.660683
38.012,18.660683
19.5991,18.660683
0.0803971,18.660683
0.0261254,18.660683
3.62055,18.660683
0.0,18.660683
5.78663,18.660683
3.44411,18.660683
46.7275,18.660683
18.0396,18.660683
2.01795,18.660683
18.53,18.660683
68.9289,18.660683
0.0,18.660683
0.0896572,18.660683
0.0,18.660683
0.0,18.660683
0.0,18.660683
0.0506962,18.660683
0.11251,18.660683
0.241715,18.660683
0.0,18.660683
0.0,18.660683
0.0,18.660683
0.0,18.660683
1.15678,18.660683
0.265004,18.660683
0.766402,18.660683
2.24119,18.660683
15.3676,18.660683
0.03713,18.660683
0.0215975,18.660683
0.0,18.660683
1.90472,18.660683
7.5882,18.660683
29.0894,18.660683
63.9287,18.660683
0.430817,18.660683
0.0,18.660683
53.392,18.660683
86.3551,18.660683
0.0,18.660683
4.12583,18.660683
0.0,18.660683
4.37563,18.660683
72.0507,18.660683
0.0,18.660683
0.0,18.660683
4.15016,18.660683
16.7626,18.660683
0.0,18.660683
1.2552,18.660683
6.81054,18.660683
4.4131,18.660683
0.0931813,18.660683
36.1941,18.660683
3.30789,18.660683
22.0933,18.660683
0.0,18.660683
0.0,18.660683
21.2436,18.660683
15.1906,18.660683
1.00717,18.660683
0.18877,18.660683
3.47315,18.660683
7.67703,18.660683
0.438031,18.660683
12.7705,18.660683
80.0908,18.660683
10.919,18.660683
0.0,18.660683
0.0730304,18.660683
37.3936,18.660683
0.534861,18.660683
0.620032,18.660683
22.6442,18.660683
0.0530535,18.660683
6.33747,18.660683
47.6788,18.660683
31.889,18.660683
4.00067,18.660683
13.7455,18.660683
0.0,18.660683
3.08732,18.660683
202.187,18.660683
12.8677,18.660683
0.02025,18.660683
0.0541491,18.660683
0.0,18.660683
46.7275,18.660683
2.87614,18.660683
0.0162918,18.660683
19.0798,18.660683
0.0,18.660683
619.796,18.660683
0.0,18.660683
0.0,18.660683
0.0,18.660683
29.8053,18.660683
0.0,18.660683
0.0,18.660683
3.60053,18.660683
1.13347,18.660683
11.308,18.660683
0.0,18.660683
19.1647,18.660683
8.30447,18.660683
1.11784,18.660683
0.0,18.660683
0.0,18.660683
0.138878,18.660683
5.59568,18.660683
2.41248,18.660683
37.3772,18.660683
0.0,18.660683
16.457,18.660683
8.203,18.660683
2.42467,18.660683
3.1273,18.660683
2.22496,18.660683
0.0713469,18.660683
17.6053,18.660683
0.0167724,18.660683
0.0,18.660683
0.105717,18.660683
0.116538,18.660683
0.0,18.660683
15.4538,18.660683
0.0,18.660683
13.3341,18.660683
0.838692,18.660683
6.6255,18.660683
0.0,18.660683
18.2965,18.660683
0.174932,18.660683
1.2714,18.660683
4.74464,18.660683
0.00832832,18.660683
40.2252,18.660683
13.6716,18.660683
14.1028,18.660683
0.0105662,18.660683
13.0144,18.660683
0.875072,18.660683
0.0,18.660683
12.1094,18.660683
0.0607677,18.660683
19.0535,18.660683
0.0,18.660683
7.30478,18.660683
0.025486,18.660683
0.0,18.660683
0.68252,18.660683
0.0363823,18.660683
13.3866,18.660683
0.0,18.660683
0.921524,18.660683
61.77,18.660683
0.0,18.660683
0.0193289,18.660683
11.9212,18.660683
0.0109827,18.660683
0.249562,18.660683
0.0,18.660683
10.2809,18.660683
1.85569,18.660683
0.185893,18.660683
15.1568,18.660683
0.0,18.660683
0.0,18.660683
23.5057,18.660683
11.1811,18.660683
0.0,18.660683
0.0189604,18.660683
5.75256,18.660683
0.251745,18.660683
0.0,18.660683
18.1698,18.660683
0.0317711,18.660683
0.571642,18.660683
3.50939,18.660683
0.645114,18.660683
0.0,18.660683
0.0,18.660683
0.0,18.660683
0.0,18.660683
6.71604,18.660683
10.5992,18.660683
0.0,18.660683
3.24739,18.660683
32.4123,18.660683
1.24908,18.660683
0.0,18.660683
30.6925,18.660683
3.04972,18.660683
0.0980159,18.660683
27.971,18.660683
1.45163,18.660683
619.796,18.660683
0.0,18.660683
1.26519,18.660683
0.0258166,18.660683
0.129077,18.660683
0.0718414,18.660683
7.63516,18.660683
44.5126,18.660683
23.7004,18.660683
0.387816,18.660683
15.0041,18.660683
2.83586,18.660683
21.4787,18.660683
0.171019,18.660683
5.59409,18.660683
0.0,18.660683
25.2295,18.660683
1.19608,18.660683
36.7901,18.660683
2.19219,18.660683
9.22554,18.660683
0.0,18.660683
4.64846,18.660683
4.57112,18.660683
24.9532,18.660683
54.3436,18.660683
0.162101,18.660683
0.0230774,18.660683
6.70987,18.660683
0.0479309,18.660683
0.675141,18.660683
2.47586,18.660683
0.111489,18.660683
3.74162,18.660683
0.413002,18.660683
9.31878,18.660683
0.0,18.660683
0.237022,18.660683
1.91025,18.660683
0.438031,18.660683
0.0,18.660683
0.0,18.660683
0.0130855,18.660683
1.21645,18.660683
5.1839,18.660683
11.1051,18.660683
0.0,18.660683
0.0,18.660683
12.5184,18.660683
11.3499,18.660683
0.0120289,18.660683
0.0603654,18.660683
6.31848,18.660683
0.530209,18.660683
0.379956,18.660683
0.0,18.660683
0.0131872,18.660683
9.4149,18.660683
0.0,18.660683
1.61219,18.660683
5.23978,18.660683
9.41833,18.660683
19.3857,18.660683
0.0168296,18.660683
0.0,18.660683
24.5386,18.660683
6.40323,18.660683
53.3411,18.660683
1.02096,18.660683
0.0,18.660683
0.13323,18.660683
0.0,18.660683
8.58183,18.660683
78.8657,18.660683
2.81657,18.660683
18.0201,18.660683
9.28526,18.660683
9.31878,18.660683
4.78224,18.660683
0.468693,18.660683
15.7976,18.660683
36.9073,18.660683
0.014177,18.660683
12.6111,18.660683
6.41239,18.660683
89.6832,18.660683
4.86962,18.660683
0.0995542,18.660683
11.7058,18.660683
0.0261254,18.660683
0.0,18.660683
0.0,18.660683
1.52665,18.660683
5.64675,18.660683
5.43982,18.660683
0.144784,18.660683
0.0,18.660683
0.534143,18.660683
71.4958,18.660683
0.0,18.660683
0.0,18.660683
0.0,18.660683
0.019213,18.660683
18.727,18.660683
0.0,18.660683
92.3816,18.660683
0.0,18.660683
2.0161,18.660683
1.99144,18.660683
0.0,18.660683
5.20518,18.660683
32.0479,18.660683
29.4994,18.660683
9.91484,18.660683
11.715,18.660683
0.0,18.660683
0.0,18.660683
0.0,18.660683
0.0755944,18.660683
0.309085,18.660683
2.01911,18.660683
0.0,18.660683
0.16082,18.660683
0.104496,18.660683
1.49569,18.660683
1.20655,18.660683
18.7877,18.660683
0.0,18.660683
6.30304,18.660683
1.43498,18.660683
0.609691,18.660683
70.3369,18.660683
24.4512,18.660683
23.5333,18.660683
0.237497,18.660683
0.0,18.660683
0.0,18.660683
5.74927,18.660683
0.0,18.660683
27.1771,18.660683
0.0,18.660683
13.234,18.660683
6.18605,18.660683
0.221825,18.660683
3.78142,18.660683
30.7407,18.660683
18.916,18.660683
0.242017,18.660683
0.0,18.660683
7.54229,18.660683
6.03438,18.660683
0.0708623,18.660683
0.0476741,18.660683
22.8508,18.660683
6.42265,18.660683
2.0112,18.660683
0.0158971,18.660683
0.0,18.660683
20.9772,18.660683
12.5591,18.660683
0.0538038,18.660683
2.78856,18.660683
0.0,18.660683
0.0,18.660683
5.72192,18.660683
8.56465,18.660683
23.1255,18.660683
23.5049,18.660683
0.301719,18.660683
2.41969,18.660683
0.0,18.660683
0.443727,18.660683
0.0,18.660683
0.346442,18.660683
0.0,18.660683
4.06206,18.660683
73.3554,18.660683
0.800597,18.660683
10.5932,18.660683
7.78391,18.660683
17.7321,18.660683
15.7843,18.660683
5.59409,18.660683
0.0,18.660683
0.856165,18.660683
0.0,18.660683
0.0657912,18.660683
54.6051,18.660683
0.0657912,18.660683
0.43431,18.660683
0.0,18.660683
9.9387,18.660683
0.346404,18.660683
0.0393256,18.660683
0.0,18.660683
10.1436,18.660683
0.00317201,18.660683
7.4921,18.660683
0.249144,18.660683
0.0630506,18.660683
1.99681,18.660683
0.0,18.660683
0.034299,18.660683
68.9289,18.660683
15.4517,18.660683
0.926497,18.660683
5.91012,18.660683
9.66222,18.660683
6.33662,18.660683
0.0153815,18.660683
146.296,18.660683
0.0,18.660683
0.0295758,18.660683
0.000327993,18.660683
0.0,18.660683
0.184332,18.660683
0.0289154,18.660683
13.4114,18.660683
49.7618,18.660683
0.0,18.660683
15.6971,18.660683
78.8296,18.660683
0.0,18.660683
1.52665,18.660683
0.636784,18.660683
0.97243,18.660683
0.0,18.660683
0.138839,18.660683
0.0,18.660683
7.88268,18.660683
76.7357,18.660683
31.2841,18.660683
10.919,18.660683
3.10352,18.660683
0.0,18.660683
0.0,18.660683
0.245379,18.660683
23.5057,18.660683
2.19107,18.660683
4.25339,18.660683
0.0728837,18.660683
7.54107,18.660683
0.0,18.660683
0.015563,18.660683
71.8092,18.660683
12.3842,18.660683
0.0,18.660683
1.32434,18.660683
0.0,18.660683
17.0624,18.660683
5.62209,18.660683
7.18879,18.660683
0.43431,18.660683
20.3765,18.660683
0.0,18.660683
21.4696,18.660683
0.0,18.660683
0.0,18.660683
1.26999,18.660683
8.87697,18.660683
0.144043,18.660683
17.8849,18.660683
0.0,18.660683
0.0,18.660683
32.8704,18.660683
171.987,18.660683
1.54364,18.660683
0.0,18.660683
110.799,18.660683
0.00641776,18.660683
0.0,18.660683
1.18369,18.660683
0.0,18.660683
4.3179,18.660683
0.0422045,18.660683
0.759499,18.660683
0.0,18.660683
4.26047,18.660683
0.0,18.660683
0.0,18.660683
52.1765,18.660683
0.0,18.660683
14.0233,18.660683
0.0420966,18.660683
44.7028,18.660683
57.7565,18.660683
0.153628,18.660683
10.5207,18.660683
0.0,18.660683
0.0,18.660683
139.129,18.660683
3.31398,18.660683
0.45884,18.660683
7.56243,18.660683
0.0,18.660683
27.6447,18.660683
0.817473,18.660683
17.6696,18.660683
1160.7,18.660683
11.3911,18.660683
4.252,18.660683
0.0854279,18.660683
35.6753,18.660683
0.0,18.660683
3.82681,18.660683
2.50742,18.660683
0.144985,18.660683
1.0497,18.660683
0.00684662,18.660683
0.0,18.660683
28.3832,18.660683
1.63154,18.660683
0.039932,18.660683
0.0,18.660683
0.0,18.660683
0.0,18.660683
95.5694,18.660683
36.044,18.660683
0.0959594,18.660683
43.1512,18.660683
4.74985,18.660683
19.6435,18.660683
1.64904,18.660683
0.033392,18.660683
3.66676,18.660683
0.0,18.660683
0.904192,18.660683
11.7977,18.660683
0.0734416,18.660683
7.13458,18.660683
29.1625,18.660683
0.0228741,18.660683
0.041684,18.660683
30.8985,18.660683
5.07368,18.660683
0.0,18.660683
0.0,18.660683
0.0,18.660683
8.20516,18.660683
0.0489275,18.660683
27.9249,18.660683
10.1091,18.660683
7.93361,18.660683
17.5729,18.660683
0.0194222,18.660683
108.9,18.660683
9.91484,18.660683
0.0,18.660683
0.0,18.660683
20.6573,18.660683
3.29546,18.660683
0.0,18.660683
13.4342,18.660683
0.153703,18.660683
0.0,18.660683
0.0,18.660683
17.5554,18.660683
0.018341,18.660683
0.0,18.660683
0.0755944,18.660683
0.0683683,18.660683
120.835,18.660683
12.3578,18.660683
11.7618,18.660683
0.0,18.660683
44.7525,18.660683
0.0,18.660683
0.0,18.660683
0.128932,18.660683
0.0,18.660683
0.267747,18.660683
0.643053,18.660683
162.718,18.660683
49.2308,18.660683
40.9999,18.660683
0.0,18.660683
24.0067,18.660683
0.0614976,18.660683
0.19158,18.660683
0.643755,18.660683
0.0,18.660683
0.0,18.660683
0.0,18.660683
0.647028,18.660683
4.07168,18.660683
0.111079,18.660683
10.3538,18.660683
1.32434,18.660683
20.9668,18.660683
12.011,18.660683
143.863,18.660683
23.8673,18.660683
0.348336,18.660683
1.02305,18.660683
0.0648194,18.660683
8.51503,18.660683
7.63668,18.660683
0.0,18.660683
0.28766,18.660683
7.28997,18.660683
35.8928,18.660683
4.21751,18.660683
0.786952,18.660683
0.130149,18.660683
0.0,18.660683
0.0,18.660683
22.0206,18.660683
0.127783,18.660683
0.0285535,18.660683
11.4053,18.660683
71.1906,18.660683
16.7382,18.660683
0.0,18.660683
0.0,18.660683
10.7009,18.660683
0.0,18.660683
45.1028,18.660683
0.0,18.660683
0.0,18.660683
12.7498,18.660683
0.0,18.660683
5.60303,18.660683
7.72727,18.660683
0.0,18.660683
77.0053,18.660683
3.75554,18.660683
0.759184,18.660683
0.0482792,18.660683
0.0610322,18.660683
10.7396,18.660683
0.0,18.660683
16.9595,18.660683
9.22554,18.660683
10.1206,18.660683
0.0124682,18.660683
0.102942,18.660683
1.18089,18.660683
0.111895,18.660683
0.0,18.660683
1.71906,18.660683
23.0388,18.660683
0.0,18.660683
0.432255,18.660683
0.0,18.660683
0.0,18.660683
0.0,18.660683
10.4071,18.660683
0.0,18.660683
0.0,18.660683
9.66222,18.660683
0.0,18.660683
0.0,18.660683
0.0,18.660683
0.0,18.660683
0.0336482,18.660683
157.205,18.660683
81.5728,18.660683
0.0238001,18.660683
0.0657912,18.660683
0.0,18.660683
5.00721,18.660683
13.6872,18.660683
0.0,18.660683
0.0,18.660683
0.0,18.660683
0.0,18.660683
3.92962,18.660683
0.0,18.660683
0.046363,18.660683
9.63188,18.660683
11.4074,18.660683
0.151593,18.660683
36.044,18.660683
34.0964,18.660683
0.264293,18.660683
0.0,18.660683
5.16592,18.660683
1.44316,18.660683
0.183,18.660683
4.21318,18.660683
38.0233,18.660683
2.15402,18.660683
0.386341,18.660683
19.4241,18.660683
0.0,18.660683
0.0,18.660683
0.814287,18.660683
25.6265,18.660683
0.0856053,18.660683
0.0,18.660683
9.31295,18.660683
9.45517,18.660683
39.6108,18.660683
5.78663,18.660683
19.633,18.660683
11.1051,18.660683
0.104732,18.660683
0.0,18.660683
11.0804,18.660683
0.0,18.660683
0.0519234,18.660683
0.0,18.660683
0.0621603,18.660683
17.3449,18.660683
0.0,18.660683
39.8546,18.660683
0.0,18.660683
9.26149,18.660683
0.32573,18.660683
9.99413,18.660683
0.0843749,18.660683
0.0,18.660683
43.4355,18.660683
11.9358,18.660683
13.6105,18.660683
0.0,18.660683
0.0349215,18.660683
16.4925,18.660683
16.8671,18.660683
5.47925,18.660683
0.0167702,18.660683
0.0,18.660683
26.9514,18.660683
2.97333,18.660683
17.9842,18.660683
28.3832,18.660683
0.206309,18.660683
0.0,18.660683
5.1564,18.660683
0.0,18.660683
0.879977,18.660683
0.0,18.660683
0.295629,18.660683
2.0112,18.660683
93.0804,18.660683
0.0734416,18.660683
112.108,18.660683
0.0,18.660683
39.7229,18.660683
24.5863,18.660683
0.0352451,18.660683
2.73993,18.660683
30.7603,18.660683
0.0,18.660683
0.301719,18.660683
0.0,18.660683
0.230591,18.660683
0.0,18.660683
0.148812,18.660683
0.0,18.660683
45.1028,18.660683
25.9174,18.660683
0.119957,18.660683
5.21572,18.660683
1.18146,18.660683
19.5991,18.660683
0.699727,18.660683
0.0209403,18.660683
16.651,18.660683
0.0,18.660683
0.0859299,18.660683
26.0107,18.660683
4.22201,18.660683
28.1376,18.660683
0.460856,18.660683
0.0175409,18.660683
25.8644,18.660683
86.4956,18.660683
0.0,18.660683
0.0,18.660683
0.0,18.660683
13.3221,18.660683
22.7891,18.660683
3.1273,18.660683
0.0,18.660683
0.0265841,18.660683
0.26325,18.660683
5.72192,18.660683
2.74767,18.660683
10.5121,18.660683
0.0,18.660683
0.795791,18.660683
0.784079,18.660683
0.0,18.660683
9.66222,18.660683
6.42352,18.660683
21.2436,18.660683
9.80748,18.660683
5.35623,18.660683
0.0322104,18.660683
69.2168,18.660683
127.163,18.660683
0.46655,18.660683
2.1209,18.660683
2.05754,18.660683
1.26676,18.660683
20.3666,18.660683
12.2934,18.660683
39.734,18.660683
0.0,18.660683
0.0,18.660683
27.4069,18.660683
12.3122,18.660683
8.44341,18.660683
9.58822,18.660683
0.0,18.660683
0.0,18.660683
11.6645,18.660683
6.18583,18.660683
0.0,18.660683
0.656222,18.660683
0.0,18.660683
18.0932,18.660683
9.77309,18.660683
37.8456,18.660683
0.232573,18.660683
0.0,18.660683
0.152411,18.660683
0.0,18.660683
0.0894583,18.660683
2.86956,18.660683
49.0391,18.660683
1.001,18.660683
7.76978,18.660683
8.74577,18.660683
12.8642,18.660683
25.7322,18.660683
9.31878,18.660683
0.139645,18.660683
17.0285,18.660683
8.4727,18.660683
0.0115032,18.660683
0.0276267,18.660683
0.0,18.660683
5.78529,18.660683
0.0,18.660683
0.0,18.660683
0.0,18.660683
0.711576,18.660683
10.8713,18.660683
0.0,18.660683
15.4141,18.660683
0.0,18.660683
30.2375,18.660683
0.0,18.660683
0.0703577,18.660683
5.24507,18.660683
0.0,18.660683
0.0317711,18.660683
63.4439,18.660683
0.820588,18.660683
0.02025,18.660683
7.93361,18.660683
25.6866,18.660683
0.530209,18.660683
619.796,18.660683
0.0841613,18.660683
95.5694,18.660683
0.118923,18.660683
7.93361,18.660683
0.486171,18.660683
0.0274204,18.660683
0.210362,18.660683
0.0,18.660683
27.6714,18.660683
0.839133,18.660683
6.86558,18.660683
1.17427,18.660683
0.0,18.660683
0.158946,18.660683
0.0,18.660683
0.593276,18.660683
6.57163,18.660683
0.183023,18.660683
0.0,18.660683
0.0,18.660683
0.945871,18.660683
0.0,18.660683
2.98434,18.660683
6.70987,18.660683
0.42647,18.660683
0.0,18.660683
449.819,18.660683
23.0025,18.660683
18.7733,18.660683
3.56694,18.660683
0.0,18.660683
0.126526,18.660683
22.2375,18.660683
0.0,18.660683
0.0131822,18.660683
12.0386,18.660683
0.534861,18.660683
3.62445,18.660683
11.2391,18.660683
0.624302,18.660683
0.259034,18.660683
32.9738,18.660683
21.7949,18.660683
18.7259,18.660683
4.54608,18.660683
0.0514544,18.660683
31.6605,18.660683
4.87841,18.660683
12.2933,18.660683
187.407,18.660683
95.6333,18.660683
0.0,18.660683
6.66568,18.660683
11.7618,18.660683
11.0146,18.660683
0.0,18.660683
0.749724,18.660683
19.8674,18.660683
0.0362418,18.660683
0.0930992,18.660683
0.0,18.660683
40.1683,18.660683
4.78746,18.660683
35.7528,18.660683
0.0436748,18.660683
38.0233,18.660683
0.083875,18.660683
0.110904,18.660683
25.2089,18.660683
48.3711,18.660683
0.0435404,18.660683
2.0112,18.660683
0.0,18.660683
0.0,18.660683
0.0,18.660683
0.0,18.660683
225.715,18.660683
0.0,18.660683
0.0112633,18.660683
0.0,18.660683
0.0,18.660683
0.058586,18.660683
11.4944,18.660683
5.59568,18.660683
0.0,18.660683
0.0,18.660683
3.08239,18.660683
0.095025,18.660683
14.6555,18.660683
5.6568,18.660683
0.0,18.660683
0.0,18.660683
13.6702,18.660683
7.76466,18.660683
2.73699,18.660683
16.8101,18.660683
0.0,18.660683
0.0,18.660683
127.057,18.660683
0.0,18.660683
751.657,18.660683
0.0,18.660683
25.7322,18.660683
10.6229,18.660683
1.42191,18.660683
0.0,18.660683
7.30478,18.660683
0.0,18.660683
0.0,18.660683
0.0246216,18.660683
0.0149761,18.660683
5.20467,18.660683
4.02702,18.660683
17.7248,18.660683
60.3985,18.660683
0.0231005,18.660683
43.3082,18.660683
0.0,18.660683
12.9585,18.660683
0.884516,18.660683
0.0,18.660683
15.6575,18.660683
0.0,18.660683
0.226083,18.660683
0.630093,18.660683
25.9484,18.660683
8.58243,18.660683
0.0,18.660683
2.59898,18.660683
0.0,18.660683
0.494796,18.660683
0.0260902,18.660683
0.0,18.660683
14.6294,18.660683
0.0,18.660683
2.89538,18.660683
37.0849,18.660683
0.0,18.660683
0.0,18.660683
14.5233,18.660683
0.0,18.660683
0.0587993,18.660683
0.0134822,18.660683
0.0179047,18.660683
3.93496,18.660683
12.2933,18.660683
32.8704,18.660683
0.00557245,18.660683
0.22883,18.660683
0.0405151,18.660683
0.0,18.660683
11.6114,18.660683
0.183023,18.660683
0.287353,18.660683
110.851,18.660683
0.0160634,18.660683
1.23712,18.660683
9.18391,18.660683
0.424285,18.660683
0.808567,18.660683
0.635571,18.660683
0.095,18.660683
12.3842,18.660683
24.7117,18.660683
0.0,18.660683
4.87841,18.660683
0.0435128,18.660683
15.1536,18.660683
0.0,18.660683
1.22844,18.660683
24.8885,18.660683
3.40454,18.660683
0.797986,18.660683
0.0059639,18.660683
0.0,18.660683
16.4165,18.660683
4.83942,18.660683
929.506,18.660683
26.8021,18.660683
0.112706,18.660683
51.4147,18.660683
16.1532,18.660683
0.592882,18.660683
7.14585,18.660683
2.49685,18.660683
0.0,18.660683
15.5967,18.660683
0.571642,18.660683
43.4606,18.660683
0.215929,18.660683
34.0732,18.660683
49.3187,18.660683
22.4149,18.660683
0.866662,18.660683
0.0865347,18.660683
0.0,18.660683
0.0,18.660683
8.45355,18.660683
10.7303,18.660683
0.0224556,18.660683
12.5145,18.660683
0.608552,18.660683
0.345062,18.660683
19.053,18.660683
85.7132,18.660683
0.0,18.660683
0.151476,18.660683
68.0121,18.660683
0.0222586,18.660683
53.1266,18.660683
0.0266381,18.660683
0.0,18.660683
15.2454,18.660683
2.30452,18.660683
2.05754,18.660683
0.546353,18.660683
7.87126,18.660683
8.20827,18.660683
0.0,18.660683
0.021982,18.660683
0.0,18.660683
26.0587,18.660683
31.1072,18.660683
13.3042,18.660683
16.9488,18.660683
0.757812,18.660683
10.1873,18.660683
28.9256,18.660683
0.0,18.660683
36.2545,18.660683
182.105,18.660683
0.0,18.660683
0.0,18.660683
2.47954,18.660683
0.19158,18.660683
0.0,18.660683
39.8775,18.660683
20.0597,18.660683
0.0,18.660683
12.3816,18.660683
0.0,18.660683
5.85685,18.660683
17.9208,18.660683
0.0,18.660683
74.3385,18.660683
0.0186963,18.660683
0.0,18.660683
5.40438,18.660683
0.0519234,18.660683
61.2563,18.660683
28.9819,18.660683
0.0362784,18.660683
0.0,18.660683
12.3842,18.660683
0.350372,18.660683
526.804,18.660683
0.0634336,18.660683
0.272102,18.660683
9.86318,18.660683
29.8393,18.660683
18.8462,18.660683
26.1965,18.660683
0.0,18.660683
23.9859,18.660683
6.17527,18.660683
12.3578,18.660683
0.0,18.660683
1.05032,18.660683
63.6629,18.660683
1.28817,18.660683
26.0933,18.660683
0.0,18.660683
0.0,18.660683
12.6408,18.660683
3.94202,18.660683
86.786,18.660683
0.118235,18.660683
7.93361,18.660683
0.304523,18.660683
17.243,18.660683
9.4149,18.660683
0.322154,18.660683
0.763943,18.660683
0.0,18.660683
0.0442276,18.660683
1.18448,18.660683
0.0,18.660683
0.0217221,18.660683
1.02282,18.660683
0.0,18.660683
4.4869,18.660683
23.9209,18.660683
6.54572,18.660683
0.221629,18.660683
10.9029,18.660683
18.459,18.660683
0.02025,18.660683
0.182946,18.660683
0.0,18.660683
25.9474,18.660683
4.61967,18.660683
5.39411,18.660683
28.1784,18.660683
2048.89,18.660683
0.0,18.660683
5.35623,18.660683
0.0,18.660683
0.0,18.660683
0.0,18.660683
0.0,18.660683
0.116452,18.660683
14.1322,18.660683
0.300234,18.660683
4.41312,18.660683
0.0,18.660683
0.0,18.660683
12.3122,18.660683
0.883129,18.660683
0.0,18.660683
0.0,18.660683
0.0,18.660683
0.0,18.660683
0.0,18.660683
15.6481,18.660683
20.9772,18.660683
0.740412,18.660683
13.3136,18.660683
0.0,18.660683
0.0,18.660683
0.534143,18.660683
0.922114,18.660683
60.5572,18.660683
27.4498,18.660683
21.9927,18.660683
1.09655,18.660683
39.6108,18.660683
0.0,18.660683
1.50345,18.660683
0.0,18.660683
39.7765,18.660683
0.0,18.660683
0.0,18.660683
2.02248,18.660683
0.821348,18.660683
1.62062,18.660683
17.8076,18.660683
0.0,18.660683
0.114333,18.660683
3.6885,18.660683
0.601586,18.660683
14.97,18.660683
7.4172,18.660683
0.0,18.660683
4.89097,18.660683
0.0303929,18.660683
0.0254356,18.660683
4.52996,18.660683
1.20423,18.660683
31.4517,18.660683
0.0,18.660683
29.9396,18.660683
0.0,18.660683
0.0153356,18.660683
0.0304159,18.660683
17.383,18.660683
2.26397,18.660683
9.40459,18.660683
9.0536,18.660683
22.0206,18.660683
0.663635,18.660683
0.192066,18.660683
6.18583,18.660683
12.4414,18.660683
0.0,18.660683
17.243,18.660683
0.0993689,18.660683
46.6668,18.660683
1.2981,18.660683
0.0,18.660683
45.4482,18.660683
0.110945,18.660683
6.4931,18.660683
7.75683,18.660683
0.614049,18.660683
2.95801,18.660683
8.78232,18.660683
0.0,18.660683
0.0880483,18.660683
0.0,18.660683
13.8754,18.660683
0.0643545,18.660683
0.0541491,18.660683
95.6333,18.660683
4.44712,18.660683
0.0,18.660683
882.552,18.660683
1.61219,18.660683
0.92021,18.660683
0.0,18.660683
163.777,18.660683
16.4307,18.660683
39.8526,18.660683
2.59898,18.660683
0.13219,18.660683
9.28804,18.660683
0.0,18.660683
0.0095824,18.660683
19.4562,18.660683
36.8578,18.660683
0.847076,18.660683
12.1527,18.660683
16.651,18.660683
7.09776,18.660683
0.0,18.660683
0.127812,18.660683
12.2014,18.660683
8.46703,18.660683
36.2545,18.660683
15.9548,18.660683
4.1573,18.660683
0.137176,18.660683
0.787806,18.660683
0.0,18.660683
13.6142,18.660683
0.0,18.660683
0.0,18.660683
0.455084,18.660683
0.0,18.660683
0.0,18.660683
37.578,18.660683
4.67371,18.660683
0.182946,18.660683
18.2872,18.660683
0.0,18.660683
0.0,18.660683
0.0443425,18.660683
0.26325,18.660683
22.869,18.660683
0.0671403,18.660683
0.0,18.660683
0.0164459,18.660683
11.8307,18.660683
0.0,18.660683
228.807,18.660683
13.1755,18.660683
0.0,18.660683
0.472333,18.660683
14.5591,18.660683
5.50912,18.660683
0.0223268,18.660683
0.0544411,18.660683
0.108294,18.660683
0.0,18.660683
0.0210097,18.660683
0.0,18.660683
11.3063,18.660683
0.0,18.660683
16.4307,18.660683
1.58275,18.660683
0.0,18.660683
11.6618,18.660683
0.44067,18.660683
39.8526,18.660683
0.0,18.660683
3.29977,18.660683
0.0,18.660683
7.8085,18.660683
3.66676,18.660683
0.809665,18.660683
0.0,18.660683
7.69518,18.660683
0.0,18.660683
0.0252579,18.660683
4.75134,18.660683
0.445342,18.660683
0.0477186,18.660683
11.9164,18.660683
2.15402,18.660683
8.2064,18.660683
6.37074,18.660683
23.7573,18.660683
61.8439,18.660683
2.7029,18.660683
13.2992,18.660683
3.33134,18.660683
13.233,18.660683
26.1892,18.660683
4.47958,18.660683
4.61178,18.660683
0.0363376,18.660683
16.2904,18.660683
0.0,18.660683
0.0352722,18.660683
0.0,18.660683
4.12438,18.660683
46.9646,18.660683
0.0,18.660683
43.9491,18.660683
1.85577,18.660683
4.2222,18.660683
40.0693,18.660683
16.2904,18.660683
1.49141,18.660683
0.0,18.660683
0.0339982,18.660683
5094.75,18.660683
0.353103,18.660683
24.7117,18.660683
0.0,18.660683
0.0479309,18.660683
6.33747,18.660683
0.105717,18.660683
0.420006,18.660683
0.0,18.660683
3.74741,18.660683
9.40351,18.660683
106.185,18.660683
16.4813,18.660683
3.47122,18.660683
23.8144,18.660683
0.0,18.660683
0.0,18.660683
21.4877,18.660683
24.7117,18.660683
0.0473213,18.660683
0.0841613,18.660683
0.0394029,18.660683
0.5899,18.660683
57.7565,18.660683
0.0,18.660683
1.83936,18.660683
0.0,18.660683
0.235774,18.660683
0.129545,18.660683
0.088978,18.660683
14.3497,18.660683
0.0,18.660683
0.0,18.660683
0.0284757,18.660683
0.0,18.660683
0.565411,18.660683
11.3911,18.660683
1.51571,18.660683
0.0,18.660683
1.54364,18.660683
27.7354,18.660683
13.4078,18.660683
9.07465,18.660683
24.5863,18.660683
5.5742,18.660683
0.248631,18.660683
0.0121285,18.660683
7.70039,18.660683
0.324646,18.660683
5.09374,18.660683
1.13365,18.660683
0.0,18.660683
0.5899,18.660683
3.54183,18.660683
19.3196,18.660683
0.172067,18.660683
2.3316,18.660683
8.42446,18.660683
0.0333265,18.660683
1.9201,18.660683
0.0,18.660683
5.06259,18.660683
1.30501,18.660683
34.1317,18.660683
0.0,18.660683
0.0,18.660683
17.2133,18.660683
19.8674,18.660683
1.50108,18.660683
0.0,18.660683
181.96,18.660683
5.5232,18.660683
0.0,18.660683
0.0,18.660683
0.0,18.660683
27.5158,18.660683
0.201958,18.660683
0.0501567,18.660683
305.067,18.660683
4.68552,18.660683
12.4505,18.660683
0.052162,18.660683
12.3571,18.660683
258.84,18.660683
140.312,18.660683
20.3765,18.660683
13.8431,18.660683
3.1273,18.660683
0.0,18.660683
25.3641,18.660683
17.243,18.660683
0.0,18.660683
0.0,18.660683
0.0,18.660683
2.15402,18.660683
0.0,18.660683
1.42191,18.660683
0.0310379,18.660683
0.0,18.660683
27.2008,18.660683
0.159075,18.660683
42.2843,18.660683
56.6998,18.660683
0.0,18.660683
0.0,18.660683
9.92708,18.660683
47.8693,18.660683
6.77438,18.660683
5.1564,18.660683
410.978,18.660683
60.3985,18.660683
0.0,18.660683
16.4925,18.660683
0.0443369,18.660683
0.02025,18.660683
15.4406,18.660683
48.6134,18.660683
0.0,18.660683
0.0,18.660683
0.0,18.660683
3.62445,18.660683
0.0,18.660683
0.825871,18.660683
2.96133,18.660683
4.3174,18.660683
0.0,18.660683
0.0,18.660683
0.0,18.660683
0.348339,18.660683
0.0,18.660683
4.22201,18.660683
22.869,18.660683
29.4994,18.660683
0.284589,18.660683
74.0086,18.660683
0.243955,18.660683
0.803882,18.660683
0.0356115,18.660683
0.0169936,18.660683
0.399107,18.660683
331.816,18.660683
0.0,18.660683
0.0,18.660683
27.393,18.660683
23.6901,18.660683
0.0,18.660683
3.98391,18.660683
19.6435,18.660683
0.0,18.660683
64.9969,18.660683
22.9447,18.660683
0.170752,18.660683
1.13518,18.660683
1.67707,18.660683
43.1164,18.660683
0.0439876,18.660683
0.160588,18.660683
1.55944,18.660683
1.57676,18.660683
10.0159,18.660683
1040.91,18.660683
10.2463,18.660683
2.3241,18.660683
0.0,18.660683
7.93916,18.660683
14.8394,18.660683
0.700803,18.660683
19.0592,18.660683
0.0,18.660683
4.27692,18.660683
6.60592,18.660683
0.158944,18.660683
0.0,18.660683
0.0,18.660683
0.0,18.660683
13.4342,18.660683
0.301895,18.660683
0.0,18.660683
29.3384,18.660683
11.5783,18.660683
5.52068,18.660683
10.3818,18.660683
69.8357,18.660683
0.0,18.660683
0.246759,18.660683
0.228919,18.660683
0.233632,18.660683
9.99413,18.660683
0.0,18.660683
13.9082,18.660683
0.0,18.660683
0.0,18.660683
6.94569,18.660683
0.0,18.660683
0.0,18.660683
7.54229,18.660683
10.3748,18.660683
0.0,18.660683
24.1555,18.660683
36.9073,18.660683
0.0,18.660683
12.7134,18.660683
0.0471918,18.660683
27.4744,18.660683
44.3922,18.660683
4.76564,18.660683
0.0,18.660683
45.9377,18.660683
0.0336751,18.660683
1.71379,18.660683
16.4448,18.660683
10.2968,18.660683
0.099298,18.660683
0.0,18.660683
0.0,18.660683
4.06206,18.660683
0.011101,18.660683
2.32215,18.660683
3.56139,18.660683
0.245293,18.660683
3.70929,18.660683
0.0735687,18.660683
9.66222,18.660683
99.5549,18.660683
4.87503,18.660683
48.3711,18.660683
78.2679,18.660683
89.0259,18.660683
0.0319741,18.660683
5.3114,18.660683
0.651057,18.660683
3.85496,18.660683
2.85747,18.660683
27.7688,18.660683
0.0,18.660683
10.5735,18.660683
13.6364,18.660683
0.208071,18.660683
0.0,18.660683
3.88411,18.660683
0.150105,18.660683
6.18238,18.660683
18.3674,18.660683
8.4425,18.660683
5.07368,18.660683
8.51827,18.660683
0.0506962,18.660683
0.0,18.660683
3.55422,18.660683
23.5057,18.660683
0.0,18.660683
0.0,18.660683
0.0,18.660683
6.70987,18.660683
10.2172,18.660683
0.0,18.660683
0.401151,18.660683
7.15625,18.660683
2036.01,18.660683
0.0,18.660683
0.051393,18.660683
7.79231,18.660683
23.569,18.660683
0.0,18.660683
16.5723,18.660683
0.0,18.660683
0.0,18.660683
0.0,18.660683
0.0,18.660683
88.224,18.660683
0.0,18.660683
3.36491,18.660683
0.43431,18.660683
8.40864,18.660683
0.0,18.660683
0.0525717,18.660683
0.904666,18.660683
7.42939,18.660683
5.78663,18.660683
2.37217,18.660683
0.511169,18.660683
0.775171,18.660683
22.0206,18.660683
0.182358,18.660683
0.192688,18.660683
0.0,18.660683
1.1457,18.660683
0.0,18.660683
10.0219,18.660683
26.3449,18.660683
4.71745,18.660683
106.022,18.660683
0.0,18.660683
0.0310379,18.660683
0.0,18.660683
31.889,18.660683
0.0285757,18.660683
41.4786,18.660683
14.1798,18.660683
0.0,18.660683
0.0,18.660683
30.0849,18.660683
0.0,18.660683
122.832,18.660683
0.0,18.660683
0.0,18.660683
0.0,18.660683
394.63,18.660683
38.7378,18.660683
1.45222,18.660683
0.39772,18.660683
4.98572,18.660683
12.8546,18.660683
55.6461,18.660683
1.52816,18.660683
107.268,18.660683
0.0,18.660683
13.1918,18.660683
13.7172,18.660683
5.49693,18.660683
0.00457431,18.660683
0.0,18.660683
0.748226,18.660683
25.7986,18.660683
0.0,18.660683
0.0879039,18.660683
0.0439876,18.660683
11.3267,18.660683
11.6433,18.660683
61.7468,18.660683
0.0144449,18.660683
15.4126,18.660683
9.40349,18.660683
5.16,18.660683
16.4448,18.660683
0.0,18.660683
20.3765,18.660683
86.9453,18.660683
6.39448,18.660683
35.2418,18.660683
24.3026,18.660683
0.0324739,18.660683
30.8985,18.660683
8.18569,18.660683
12.6019,18.660683
34.4712,18.660683
0.877677,18.660683
0.0968266,18.660683
23.4271,18.660683
0.290254,18.660683
79.2286,18.660683
0.0,18.660683
8.62519,18.660683
0.609691,18.660683
0.264436,18.660683
0.0,18.660683
0.294262,18.660683
0.0,18.660683
0.0350981,18.660683
16.3663,18.660683
0.0,18.660683
0.0261254,18.660683
0.622161,18.660683
3.89551,18.660683
0.0,18.660683
0.0308958,18.660683
118.592,18.660683
0.0,18.660683
0.0229381,18.660683
0.553941,18.660683
0.0,18.660683
0.718754,18.660683
32.5265,18.660683
0.0,18.660683
9.4149,18.660683
3.92962,18.660683
17.6053,18.660683
16.2454,18.660683
21.7269,18.660683
1.50932,18.660683
0.0,18.660683
1.14091,18.660683
0.0,18.660683
0.775171,18.660683
0.0,18.660683
4.25643,18.660683
90.1931,18.660683
6.32027,18.660683
18.8261,18.660683
1.74564,18.660683
18.6947,18.660683
0.0,18.660683
16.8505,18.660683
0.835289,18.660683
0.0626873,18.660683
0.0,18.660683
8.53334,18.660683
63.3801,18.660683
0.0,18.660683
23.5057,18.660683
30.6925,18.660683
0.0,18.660683
0.0,18.660683
0.267421,18.660683
10.6178,18.660683
0.0,18.660683
0.0,18.660683
0.0,18.660683
0.210108,18.660683
4.92439,18.660683
27.4685,18.660683
10.3641,18.660683
65.7132,18.660683
7.94594,18.660683
0.0789607,18.660683
0.236539,18.660683
8.4425,18.660683
0.0,18.660683
6.18577,18.660683
3.4258,18.660683
0.0,18.660683
0.0,18.660683
0.0845528,18.660683
13.2992,18.660683
0.0,18.660683
9.45008,18.660683
5.52068,18.660683
0.392164,18.660683
26.1965,18.660683
0.0,18.660683
0.0,18.660683
0.0407668,18.660683
22.2482,18.660683
0.233384,18.660683
0.0,18.660683
0.0,18.660683
1.16659,18.660683
14.5681,18.660683
0.0,18.660683
0.0,18.660683
32.6551,18.660683
0.0190519,18.660683
26.9829,18.660683
0.192778,18.660683
0.0,18.660683
0.0285757,18.660683
0.0697059,18.660683
13.3866,18.660683
0.0,18.660683
0.0,18.660683
86.7999,18.660683
0.0,18.660683
5.6552,18.660683
8.13618,18.660683
27.4685,18.660683
60.0505,18.660683
2.87896,18.660683
0.0,18.660683
18.374,18.660683
53.0483,18.660683
0.0,18.660683
0.0,18.660683
0.0,18.660683
0.0,18.660683
2109.74,18.660683
0.0628861,18.660683
0.0,18.660683
38.7644,18.660683
8.07777,18.660683
8.96255,18.660683
4.29189,18.660683
0.0,18.660683
0.835289,18.660683
2.93284,18.660683
0.0,18.660683
0.0244278,18.660683
0.0,18.660683
9.02859,18.660683
4.66513,18.660683
0.0396249,18.660683
0.0,18.660683
2.26295,18.660683
110.894,18.660683
8.61474,18.660683
0.53003,18.660683
0.926497,18.660683
0.0177513,18.660683
1.65636,18.660683
10.2515,18.660683
6.97012,18.660683
0.040753,18.660683
0.39772,18.660683
0.638611,18.660683
0.0,18.660683
22.6272,18.660683
9.73486,18.660683
93.6125,18.660683
0.888845,18.660683
60.3985,18.660683
0.0,18.660683
4.65514,18.660683
2.1914,18.660683
9.21908,18.660683
0.0,18.660683
0.0,18.660683
0.196991,18.660683
0.0546641,18.660683
12.5184,18.660683
0.0,18.660683
5.52068,18.660683
18.8009,18.660683
7.0301,18.660683
12.1107,18.660683
0.0258678,18.660683
0.0,18.660683
0.263235,18.660683
4.47958,18.660683
77.2059,18.660683
0.0734686,18.660683
0.0145047,18.660683
0.0,18.660683
0.32237,18.660683
1.64039,18.660683
9.34879,18.660683
13.4247,18.660683
6.0461,18.660683
9.8235,18.660683
0.0,18.660683
0.0,18.660683
0.0,18.660683
0.0,18.660683
0.0,18.660683
19.0873,18.660683
0.0,18.660683
0.0,18.660683
0.233901,18.660683
0.871594,18.660683
1.45654,18.660683
0.0,18.660683
1672.53,18.660683
13.7754,18.660683
17.7397,18.660683
106.545,18.660683
6.94009,18.660683
0.346506,18.660683
0.00521469,18.660683
0.0,18.660683
5.59409,18.660683
32.6081,18.660683
0.0,18.660683
3.1782,18.660683
0.0272436,18.660683
0.0,18.660683
5.72321,18.660683
0.0,18.660683
0.49026,18.660683
0.0,18.660683
22.0206,18.660683
0.0,18.660683
0.0,18.660683
0.0,18.660683
9.32373,18.660683
93.0901,18.660683
0.03394,18.660683
0.0,18.660683
9.79371,18.660683
0.119256,18.660683
0.0,18.660683
51.2472,18.660683
3.12215,18.660683
32.5265,18.660683
35.8779,18.660683
0.0,18.660683
5.05006,18.660683
4.4869,18.660683
0.0,18.660683
16.9321,18.660683
0.0574672,18.660683
2.18261,18.660683
120.835,18.660683
71.4958,18.660683
0.0,18.660683
131.913,18.660683
46.4183,18.660683
8.51378,18.660683
4.39634,18.660683
45.6525,18.660683
0.0,18.660683
0.0,18.660683
26.1206,18.660683
0.0,18.660683
0.0,18.660683
0.0179047,18.660683
0.0,18.660683
7.15171,18.660683
0.0,18.660683
11.2349,18.660683
17.5554,18.660683
0.0,18.660683
27.6481,18.660683
0.0,18.660683
3.29546,18.660683
0.030774,18.660683
0.0244684,18.660683
2.20592,18.660683
0.0170887,18.660683
7.34111,18.660683
69.457,18.660683
1.26098,18.660683
15.4143,18.660683
0.0711453,18.660683
2.60487,18.660683
0.0,18.660683
1.19533,18.660683
0.0,18.660683
25.7777,18.660683
0.0416263,18.660683
88.2999,18.660683
10.2463,18.660683
0.0164971,18.660683
0.0,18.660683
0.0,18.660683
1.47888,18.660683
30.5976,18.660683
0.0,18.660683
0.00671422,18.660683
0.720367,18.660683
0.275986,18.660683
9.8331,18.660683
0.080121,18.660683
0.144784,18.660683
3.21194,18.660683
0.0,18.660683
8.14611,18.660683
0.0,18.660683
26.1965,18.660683
12.6291,18.660683
0.444659,18.660683
0.0,18.660683
8.57879,18.660683
0.0,18.660683
2.73993,18.660683
28.1376,18.660683
14.1949,18.660683
0.0,18.660683
0.0,18.660683
5.39411,18.660683
0.0,18.660683
0.643,18.660683
0.0,18.660683
23.5049,18.660683
79.1213,18.660683
0.0,18.660683
0.0,18.660683
16.4448,18.660683
9.4149,18.660683
68.0011,18.660683
3.93245,18.660683
0.0,18.660683
0.0,18.660683
6.83028,18.660683
0.0450396,18.660683
0.0,18.660683
12.2738,18.660683
0.0,18.660683
0.0,18.660683
1.50108,18.660683
1.51667,18.660683
9.18705,18.660683
1.72625,18.660683
0.0198536,18.660683
0.0,18.660683
1.11784,18.660683
26.9056,18.660683
0.0,18.660683
79.1213,18.660683
117.136,18.660683
5.59409,18.660683
83.9564,18.660683
7.92153,18.660683
2.24119,18.660683
4.85934,18.660683
10.6273,18.660683
5.62055,18.660683
0.0,18.660683
0.0167724,18.660683
0.0,18.660683
0.0,18.660683
8.48155,18.660683
1.06258,18.660683
5.69351,18.660683
13.0665,18.660683
0.0,18.660683
33.3482,18.660683
0.0883291,18.660683
2.8793,18.660683
0.160392,18.660683
26.1965,18.660683
3.83202,18.660683
3.8263,18.660683
260.495,18.660683
1.9342,18.660683
0.0,18.660683
7.74843,18.660683
0.110281,18.660683
0.0,18.660683
146.641,18.660683
0.0,18.660683
0.295121,18.660683
0.0,18.660683
0.0,18.660683
8.98008,18.660683
26.7938,18.660683
0.126606,18.660683
0.0,18.660683
24.8391,18.660683
16.457,18.660683
410.978,18.660683
0.095025,18.660683
54.0669,18.660683
0.0,18.660683
2.35078,18.660683
9.73844,18.660683
5.73474,18.660683
8.8498,18.660683
9.14676,18.660683
2.56798,18.660683
26.8688,18.660683
2.0369,18.660683
2.92734,18.660683
0.0,18.660683
0.0,18.660683
0.114256,18.660683
9.45008,18.660683
52.2404,18.660683
10.919,18.660683
9.26417,18.660683
19.3196,18.660683
35.9871,18.660683
8.02989,18.660683
9.97045,18.660683
13.6965,18.660683
0.0,18.660683
6.82818,18.660683
0.0,18.660683
0.468849,18.660683
0.0,18.660683
263.743,18.660683
0.0,18.660683
3.02366,18.660683
16.8505,18.660683
9.59899,18.660683
57.7565,18.660683
0.18845,18.660683
0.0,18.660683
16.457,18.660683
6.19468,18.660683
0.0607464,18.660683
0.0,18.660683
0.0,18.660683
0.179337,18.660683
0.0788493,18.660683
0.0,18.660683
0.0645255,18.660683
31.7122,18.660683
0.0,18.660683
0.043272,18.660683
0.0,18.660683
4.52907,18.660683
46.5786,18.660683
0.168411,18.660683
0.0,18.660683
0.0134182,18.660683
26.0248,18.660683
1.13347,18.660683
1.31698,18.660683
0.0,18.660683
170.727,18.660683
1.43893,18.660683
7.67703,18.660683
6.45041,18.660683
15.892,18.660683
5.06259,18.660683
0.0506962,18.660683
0.0543723,18.660683
8.51883,18.660683
0.0,18.660683
0.0,18.660683
0.0,18.660683
0.0,18.660683
0.0,18.660683
14.6375,18.660683
0.0930758,18.660683
0.0,18.660683
0.243653,18.660683
0.0,18.660683
4.2338,18.660683
7.42939,18.660683
0.571642,18.660683
23.5057,18.660683
0.390753,18.660683
0.256122,18.660683
29.4862,18.660683
0.252204,18.660683
0.322485,18.660683
1.65984,18.660683
10.6178,18.660683
0.0335382,18.660683
2.01911,18.660683
0.329325,18.660683
0.0,18.660683
0.0,18.660683
0.0,18.660683
0.0,18.660683
4.37563,18.660683
0.0,18.660683
0.498276,18.660683
0.0,18.660683
8.51827,18.660683
0.535877,18.660683
0.67179,18.660683
48.0737,18.660683
65.2633,18.660683
5.3692,18.660683
0.22721,18.660683
0.0,18.660683
0.246802,18.660683
40.8927,18.660683
0.681433,18.660683
11.7324,18.660683
0.0,18.660683
9.31878,18.660683
0.0,18.660683
1.001,18.660683
0.047583,18.660683
0.0,18.660683
49.2308,18.660683
0.0,18.660683
0.0,18.660683
33.1188,18.660683
0.0,18.660683
13.8839,18.660683
8.30396,18.660683
0.0,18.660683
60.3985,18.660683
3.75198,18.660683
0.0924405,18.660683
10.411,18.660683
49.0936,18.660683
40.5104,18.660683
0.0932878,18.660683
738.118,18.660683
8.94592,18.660683
0.0,18.660683
0.0209403,18.660683
0.0164465,18.660683
2.61851,18.660683
4.54834,18.660683
28.1376,18.660683
38.9799,18.660683
0.0803287,18.660683
0.0,18.660683
16.651,18.660683
0.0,18.660683
22.2086,18.660683
4.54608,18.660683
0.0,18.660683
0.362688,18.660683
1.9224,18.660683
15.3548,18.660683
0.0227304,18.660683
1.2981,18.660683
0.0,18.660683
0.0,18.660683
16.4448,18.660683
0.0,18.660683
1672.53,18.660683
0.0,18.660683
3.65587,18.660683
0.0,18.660683
0.0,18.660683
26.037,18.660683
0.0,18.660683
0.0317711,18.660683
1.13553,18.660683
57.7565,18.660683
11.566,18.660683
6.36949,18.660683
0.645114,18.660683
0.0,18.660683
0.0,18.660683
208.249,18.660683
0.0,18.660683
0.542442,18.660683
0.0,18.660683
0.183057,18.660683
0.0,18.660683
8.30447,18.660683
0.0,18.660683
1.26098,18.660683
13.6542,18.660683
96.6188,18.660683
4.8807,18.660683
0.0286426,18.660683
13.1278,18.660683
0.530209,18.660683
0.0,18.660683
0.0175519,18.660683
2.02248,18.660683
0.299788,18.660683
0.0283075,18.660683
7.2347,18.660683
0.0,18.660683
94.7963,18.660683
0.863657,18.660683
2.47586,18.660683
11.8289,18.660683
0.0,18.660683
0.128932,18.660683
28.4785,18.660683
0.0,18.660683
7.54229,18.660683
86.3551,18.660683
27.1519,18.660683
0.631495,18.660683
0.299788,18.660683
0.0,18.660683
1.20083,18.660683
10.8115,18.660683
1.02523,18.660683
0.0319017,18.660683
0.0,18.660683
0.276521,18.660683
4.9666,18.660683
0.0382284,18.660683
0.0,18.660683
0.52367,18.660683
6.49026,18.660683
3.01974,18.660683
27.4069,18.660683
12.6465,18.660683
0.0,18.660683
0.0,18.660683
13.1349,18.660683
0.0,18.660683
0.506249,18.660683
76.1291,18.660683
32.4577,18.660683
7.15625,18.660683
0.0,18.660683
3.8263,18.660683
0.0,18.660683
2.98434,18.660683
0.0,18.660683
0.20808,18.660683
0.00929197,18.660683
3.80485,18.660683
6.87979,18.660683
0.318302,18.660683
1.84446,18.660683
0.0,18.660683
5.72966,18.660683
19.9297,18.660683
12.1992,18.660683
0.0107023,18.660683
96.5523,18.660683
94.7963,18.660683
86.3551,18.660683
5.16818,18.660683
37.5751,18.660683
28.4785,18.660683
0.0,18.660683
36.1902,18.660683
2.26397,18.660683
1.56213,18.660683
0.0,18.660683
0.0,18.660683
0.0,18.660683
0.0,18.660683
74.3385,18.660683
1.18369,18.660683
0.0,18.660683
0.0,18.660683
0.0,18.660683
14.7658,18.660683
0.0434396,18.660683
0.109414,18.660683
0.0,18.660683
18.2498,18.660683
6.57556,18.660683
0.0,18.660683
5.34906,18.660683
0.0,18.660683
0.0,18.660683
6.74107,18.660683
0.144985,18.660683
2.38448,18.660683
0.454844,18.660683
0.0,18.660683
0.0,18.660683
0.133885,18.660683
14.747,18.660683
0.0,18.660683
12.4639,18.660683
5.85738,18.660683
6.71487,18.660683
35.7528,18.660683
0.0,18.660683
0.0,18.660683
8.73149,18.660683
228.807,18.660683
0.0514544,18.660683
0.0,18.660683
0.0,18.660683
0.472333,18.660683
12.4326,18.660683
4.252,18.660683
5.34971,18.660683
0.0,18.660683
0.0,18.660683
0.0344191,18.660683
0.0,18.660683
11.8048,18.660683
18.2459,18.660683
0.0,18.660683
0.0,18.660683
4.33894,18.660683
37.8767,18.660683
0.0344196,18.660683
0.0205246,18.660683
0.0,18.660683
6.8555,18.660683
0.0,18.660683
0.0284257,18.660683
4.40395,18.660683
13.2442,18.660683
0.0,18.660683
0.0,18.660683
4.70673,18.660683
43.29,18.660683
15.1388,18.660683
1.20083,18.660683
0.0,18.660683
0.0,18.660683
33.7824,18.660683
29.961,18.660683
0.0,18.660683
0.0,18.660683
0.401957,18.660683
21.7949,18.660683
0.0214723,18.660683
0.353415,18.660683
0.0224096,18.660683
0.0148745,18.660683
0.0,18.660683
0.0,18.660683
31.889,18.660683
44.7525,18.660683
18.8186,18.660683
0.0,18.660683
0.0,18.660683
17.542,18.660683
0.0,18.660683
1.19568,18.660683
8.78468,18.660683
13.4342,18.660683
0.0,18.660683
1.73772,18.660683
0.0,18.660683
0.010088,18.660683
7.93361,18.660683
2.33652,18.660683
20.9772,18.660683
6.58449,18.660683
32.9917,18.660683
0.0,18.660683
0.0,18.660683
0.571642,18.660683
0.0,18.660683
64.9969,18.660683
0.0,18.660683
0.0,18.660683
0.0,18.660683
0.196835,18.660683
10.8713,18.660683
16.1284,18.660683
8.30447,18.660683
37.0203,18.660683
0.0,18.660683
0.0,18.660683
16.4448,18.660683
23.0079,18.660683
228.807,18.660683
0.0,18.660683
0.0,18.660683
3.66146,18.660683
0.0,18.660683
0.0,18.660683
0.0630775,18.660683
10.5992,18.660683
0.0,18.660683
28.0864,18.660683
0.0,18.660683
6.08398,18.660683
0.0,18.660683
4.35779,18.660683
0.0,18.660683
4.10174,18.660683
0.0,18.660683
0.0,18.660683
0.484112,18.660683
0.105717,18.660683
0.0,18.660683
1.59871,18.660683
0.0,18.660683
7.00081,18.660683
6.32027,18.660683
0.0,18.660683
0.101706,18.660683
23.0309,18.660683
0.0883291,18.660683
1.0646,18.660683
19.1274,18.660683
0.0285757,18.660683
18.2965,18.660683
6.2082,18.660683
0.142605,18.660683
8.88717,18.660683
3.73849,18.660683
5.66459,18.660683
26.8021,18.660683
13.5865,18.660683
79.7199,18.660683
25.5902,18.660683
0.0,18.660683
0.0,18.660683
0.074776,18.660683
5.74144,18.660683
2.90269,18.660683
13.2992,18.660683
0.0,18.660683
1.37359,18.660683
12.3357,18.660683
16.4118,18.660683
0.0,18.660683
7.95659,18.660683
0.129307,18.660683
194.475,18.660683
0.628994,18.660683
18.0932,18.660683
18.0886,18.660683
0.0134632,18.660683
0.0717698,18.660683
0.0,18.660683
0.0,18.660683
0.0,18.660683
20.1295,18.660683
0.0115644,18.660683
89.9161,18.660683
0.0,18.660683
18.189,18.660683
12.2876,18.660683
89.6832,18.660683
23.5049,18.660683
5.21638,18.660683
0.0,18.660683
0.0,18.660683
1.51977,18.660683
15.91,18.660683
0.0649161,18.660683
35.6753,18.660683
6.37023,18.660683
0.171858,18.660683
13.7455,18.660683
15.8812,18.660683
0.0657912,18.660683
1.55944,18.660683
0.0,18.660683
13.3781,18.660683
1.21503,18.660683
0.232573,18.660683
32.5693,18.660683
3.07596,18.660683
0.443346,18.660683
0.31996,18.660683
0.0,18.660683
0.0,18.660683
0.0,18.660683
0.0587597,18.660683
0.720744,18.660683
0.0,18.660683
9.75266,18.660683
54.8596,18.660683
0.00917711,18.660683
0.0373925,18.660683
22.2482,18.660683
86.3551,18.660683
25.6931,18.660683
0.596588,18.660683
546.123,18.660683
32.2509,18.660683
3.42381,18.660683
7.38977,18.660683
9.87826,18.660683
0.0,18.660683
0.00808029,18.660683
0.0,18.660683
0.0,18.660683
0.0184828,18.660683
22.2012,18.660683
3.49067,18.660683
1.16659,18.660683
0.829205,18.660683
0.540725,18.660683
0.0,18.660683
4.37095,18.660683
61.77,18.660683
0.0,18.660683
0.214515,18.660683
0.314389,18.660683
0.0,18.660683
0.0,18.660683
0.0587993,18.660683
0.0293719,18.660683
0.0349215,18.660683
15.0328,18.660683
3.99476,18.660683
0.0,18.660683
0.0,18.660683
37.4649,18.660683
45.1259,18.660683
0.53003,18.660683
0.0,18.660683
0.0,18.660683
115.716,18.660683
4.33623,18.660683
3.8058,18.660683
36.4471,18.660683
8.05031,18.660683
0.0362889,18.660683
9.78208,18.660683
28.3986,18.660683
0.0105662,18.660683
19.4241,18.660683
0.0,18.660683
1.83466,18.660683
0.0,18.660683
79.1213,18.660683
100.202,18.660683
0.0,18.660683
4.1897,18.660683
1.87192,18.660683
0.0,18.660683
0.0367926,18.660683
11.9358,18.660683
44.1062,18.660683
18.6755,18.660683
3.6633,18.660683
0.0733279,18.660683
7.44047,18.660683
0.0,18.660683
0.0,18.660683
47.6788,18.660683
0.0219525,18.660683
7.28997,18.660683
5.87878,18.660683
6.32027,18.660683
6.17769,18.660683
0.0,18.660683
197.497,18.660683
3.17463,18.660683
86.7261,18.660683
0.0283075,18.660683
0.0,18.660683
0.0382792,18.660683
0.0,18.660683
0.0230356,18.660683
0.0059639,18.660683
4.97182,18.660683
8.9007,18.660683
0.241907,18.660683
0.099298,18.660683
1.05518,18.660683
10.1753,18.660683
10.2526,18.660683
0.143577,18.660683
45.9377,18.660683
13.2992,18.660683
0.0,18.660683
3.96255,18.660683
0.230342,18.660683
0.0194539,18.660683
26.3643,18.660683
7.25476,18.660683
0.0,18.660683
3.43098,18.660683
0.0,18.660683
0.0,18.660683
0.0,18.660683
0.0,18.660683
0.0,18.660683
19.7844,18.660683
0.0,18.660683
0.0,18.660683
0.0,18.660683
18.7678,18.660683
1.62318,18.660683
5.34906,18.660683
18.2965,18.660683
0.26033,18.660683
0.0,18.660683
654.473,18.660683
4.252,18.660683
0.0,18.660683
19.3857,18.660683
27.5158,18.660683
55.2517,18.660683
3.1115,18.660683
34.6455,18.660683
0.00788695,18.660683
15.3164,18.660683
5.57964,18.660683
6.37074,18.660683
2.15402,18.660683
0.0,18.660683
0.0,18.660683
0.0,18.660683
71.5502,18.660683
42.7111,18.660683
0.183172,18.660683
7.24983,18.660683
8.06611,18.660683
0.0,18.660683
0.0,18.660683
10.919,18.660683
27.6481,18.660683
6.41882,18.660683
0.0,18.660683
0.165792,18.660683
6.4931,18.660683
24.8285,18.660683
1.01234,18.660683
0.0,18.660683
26.9925,18.660683
20.3821,18.660683
11.5976,18.660683
14.2404,18.660683
0.0,18.660683
7.15902,18.660683
0.0384907,18.660683
0.0,18.660683
45.4518,18.660683
84.2655,18.660683
0.0572685,18.660683
0.0120289,18.660683
0.0,18.660683
0.00532618,18.660683
0.0609834,18.660683
0.0,18.660683
9.11947,18.660683
6.34516,18.660683
25.1649,18.660683
0.952204,18.660683
0.0,18.660683
22.0206,18.660683
1.62503,18.660683
0.0,18.660683
32.2663,18.660683
4.23809,18.660683
14.363,18.660683
0.0,18.660683
0.168818,18.660683
0.0,18.660683
2.87073,18.660683
0.0229089,18.660683
0.0,18.660683
7.13458,18.660683
4.11632,18.660683
49.2648,18.660683
0.0110302,18.660683
0.0,18.660683
32.2509,18.660683
1.67315,18.660683
8.26423,18.660683
0.141643,18.660683
0.494796,18.660683
0.0,18.660683
6.05584,18.660683
20.2579,18.660683
0.197961,18.660683
0.0,18.660683
0.0,18.660683
0.00703583,18.660683
0.218488,18.660683
2.30486,18.660683
6.11847,18.660683
0.0,18.660683
0.0,18.660683
0.00575578,18.660683
0.0,18.660683
0.0,18.660683
0.0,18.660683
0.0,18.660683
99.9679,18.660683
29.0844,18.660683
72.3697,18.660683
0.0,18.660683
0.242017,18.660683
0.0,18.660683
5.52068,18.660683
0.0683978,18.660683
2.90771,18.660683
3.42946,18.660683
17.1223,18.660683
0.0,18.660683
0.0503724,18.660683
0.0,18.660683
0.0,18.660683
0.196991,18.660683
16.1769,18.660683
1.72756,18.660683
0.0,18.660683
54.4611,18.660683
10.5992,18.660683
36.044,18.660683
0.105136,18.660683
1.98644,18.660683
0.0,18.660683
0.183023,18.660683
6.02408,18.660683
11.2459,18.660683
0.16082,18.660683
0.0,18.660683
67.9757,18.660683
5.64921,18.660683
12.4639,18.660683
2.23965,18.660683
1.55944,18.660683
0.0,18.660683
0.0,18.660683
0.0137095,18.660683
118.592,18.660683
4.02535,18.660683
0.380248,18.660683
27.5933,18.660683
0.0,18.660683
5.39369,18.660683
19.2937,18.660683
0.489444,18.660683
14.8363,18.660683
0.0,18.660683
0.0468538,18.660683
0.539552,18.660683
0.0,18.660683
12.6563,18.660683
0.13732,18.660683
0.0230888,18.660683
0.0266381,18.660683
16.2573,18.660683
37.887,18.660683
0.0,18.660683
43.0722,18.660683
2.90635,18.660683
6.77438,18.660683
10.5992,18.660683
0.0,18.660683
0.13315,18.660683
100.183,18.660683
0.0115644,18.660683
12.3122,18.660683
26.0107,18.660683
0.0,18.660683
0.0,18.660683
0.0,18.660683
10.2515,18.660683
0.0471918,18.660683
73.5802,18.660683
0.0125551,18.660683
0.0,18.660683
1.92986,18.660683
0.0,18.660683
0.0,18.660683
0.611819,18.660683
1.9224,18.660683
3.68977,18.660683
0.75264,18.660683
8.61474,18.660683
0.0,18.660683
2.0464,18.660683
0.709381,18.660683
57.7646,18.660683
0.97247,18.660683
0.0349215,18.660683
0.0,18.660683
0.0,18.660683
0.0,18.660683
36.7901,18.660683
89.6832,18.660683
0.24238,18.660683
0.00968093,18.660683
0.803882,18.660683
0.0,18.660683
0.205377,18.660683
17.9806,18.660683
8.20958,18.660683
3.62445,18.660683
18.24,18.660683
0.0649567,18.660683
0.0,18.660683
3.01422,18.660683
9.27328,18.660683
14.2189,18.660683
0.184863,18.660683
0.0,18.660683
0.306576,18.660683
0.0,18.660683
0.699727,18.660683
21.8819,18.660683
0.0,18.660683
32.5781,18.660683
41.3471,18.660683
9.33523,18.660683
0.0703577,18.660683
0.682235,18.660683
3.41305,18.660683
0.0,18.660683
95.6333,18.660683
8.33035,18.660683
17.6696,18.660683
0.0,18.660683
0.0,18.660683
1.17427,18.660683
6.84802,18.660683
120.835,18.660683
11.3911,18.660683
0.0274204,18.660683
61.2563,18.660683
0.0310379,18.660683
0.0,18.660683
8.44341,18.660683
0.051393,18.660683
0.609691,18.660683
32.5668,18.660683
42.4463,18.660683
0.0,18.660683
2.3241,18.660683
9.95858,18.660683
0.0,18.660683
4.53626,18.660683
26.8887,18.660683
57.049,18.660683
45.2152,18.660683
24.9386,18.660683
6.32595,18.660683
26.1965,18.660683
7.5427,18.660683
3.92962,18.660683
2.20574,18.660683
0.536926,18.660683
26.145,18.660683
16.6586,18.660683
5.19622,18.660683
8.26953,18.660683
4.3151,18.660683
19.4241,18.660683
0.0,18.660683
0.0,18.660683
98.2557,18.660683
35.0216,18.660683
31.8925,18.660683
0.0,18.660683
27.7354,18.660683
0.847076,18.660683
0.0,18.660683
0.2253,18.660683
1.06258,18.660683
25.5367,18.660683
0.0978433,18.660683
3.62445,18.660683
1.5047,18.660683
34.0699,18.660683
22.6518,18.660683
0.0,18.660683
0.0705002,18.660683
0.0302849,18.660683
0.0381735,18.660683
16.4448,18.660683
13.1349,18.660683
21.1686,18.660683
0.845482,18.660683
0.0,18.660683
4.12461,18.660683
11.0919,18.660683
11.3911,18.660683
13.3919,18.660683
0.0,18.660683
0.685934,18.660683
0.0,18.660683
1.34405,18.660683
5.16592,18.660683
3.38631,18.660683
11.566,18.660683
0.254666,18.660683
0.0,18.660683
4.57112,18.660683
0.0718392,18.660683
26.1965,18.660683
0.0136227,18.660683
0.3569,18.660683
2.32304,18.660683
0.70454,18.660683
9.65741,18.660683
0.0239684,18.660683
0.0146069,18.660683
0.886279,18.660683
0.0,18.660683
15.9103,18.660683
1.20083,18.660683
0.0,18.660683
0.0,18.660683
3.45836,18.660683
0.0533205,18.660683
138.872,18.660683
8.68572,18.660683
9.97059,18.660683
28.1376,18.660683
0.0,18.660683
10.2526,18.660683
4.01418,18.660683
21.7912,18.660683
1.30596,18.660683
3.80123,18.660683
0.0,18.660683
37.5404,18.660683
0.0505051,18.660683
2.85794,18.660683
8.46703,18.660683
5.80388,18.660683
0.0,18.660683
7.75683,18.660683
0.0211065,18.660683
0.0,18.660683
6.61661,18.660683
0.390753,18.660683
0.205377,18.660683
2.38675,18.660683
0.55758,18.660683
4.5581,18.660683
17.5005,18.660683
2.36271,18.660683
16.7044,18.660683
2.30816,18.660683
194.475,18.660683
0.0,18.660683
0.0272644,18.660683
0.0219642,18.660683
11.4922,18.660683
1.3851,18.660683
0.0,18.660683
20.3765,18.660683
44.0179,18.660683
0.0,18.660683
13.1998,18.660683
0.0,18.660683
0.0578393,18.660683
21.4343,18.660683
0.089359,18.660683
86.9453,18.660683
0.0,18.660683
0.0,18.660683
1.31869,18.660683
32.4577,18.660683
31.889,18.660683
0.0,18.660683
45.1614,18.660683
0.0,18.660683
4.29189,18.660683
0.0,18.660683
0.0534402,18.660683
26.2397,18.660683
0.0,18.660683
0.0,18.660683
9.40349,18.660683
0.734255,18.660683
0.0,18.660683
16.8671,18.660683
2.6963,18.660683
14.8916,18.660683
2.73699,18.660683
0.0,18.660683
0.0,18.660683
0.0,18.660683
1.65003,18.660683
5.78529,18.660683
197.497,18.660683
0.747373,18.660683
0.0,18.660683
0.0,18.660683
0.0,18.660683
0.0,18.660683
0.0,18.660683
7.00099,18.660683
0.0,18.660683
15.4888,18.660683
23.0886,18.660683
0.0,18.660683
4.545,18.660683
1.42763,18.660683
2.02329,18.660683
0.0,18.660683
0.0,18.660683
34.1317,18.660683
0.319678,18.660683
0.699426,18.660683
0.0,18.660683
2.22496,18.660683
0.0506783,18.660683
2.93284,18.660683
0.124035,18.660683
0.0,18.660683
0.721388,18.660683
23.2925,18.660683
7.13458,18.660683
4.87841,18.660683
0.0503214,18.660683
11.9358,18.660683
18.4408,18.660683
7.14585,18.660683
0.83686,18.660683
2.74106,18.660683
10.4071,18.660683
0.0441422,18.660683
2.29766,18.660683
0.0,18.660683
0.0,18.660683
0.535877,18.660683
1.66884,18.660683
22.6392,18.660683
0.130615,18.660683
1.69518,18.660683
7.20599,18.660683
0.0,18.660683
84.784,18.660683
8.78718,18.660683
0.0,18.660683
3.7689,18.660683
17.5729,18.660683
66.723,18.660683
3.3563,18.660683
40.5102,18.660683
0.834837,18.660683
0.0,18.660683
0.0,18.660683
66.0095,18.660683
0.0,18.660683
0.0,18.660683
15.0344,18.660683
0.158856,18.660683
0.0,18.660683
3.86845,18.660683
0.0,18.660683
0.885176,18.660683
1.82111,18.660683
6.31848,18.660683
41.4786,18.660683
12.3578,18.660683
0.0130207,18.660683
751.657,18.660683
0.346404,18.660683
0.0,18.660683
4.86847,18.660683
7.65143,18.660683
0.0,18.660683
0.751724,18.660683
8.4425,18.660683
88.7445,18.660683
0.0493707,18.660683
20.3765,18.660683
0.117648,18.660683
37.7718,18.660683
0.0,18.660683
0.0,18.660683
0.0,18.660683
0.0,18.660683
4.52996,18.660683
0.0,18.660683
0.0,18.660683
7.08421,18.660683
0.518322,18.660683
428.302,18.660683
0.0,18.660683
6.60746,18.660683
0.0,18.660683
56.7611,18.660683
1.20655,18.660683
0.699279,18.660683
0.0,18.660683
20.3765,18.660683
14.0942,18.660683
20.6806,18.660683
0.125719,18.660683
0.153151,18.660683
0.0,18.660683
1.00717,18.660683
24.9296,18.660683
0.121209,18.660683
0.0362889,18.660683
12.8639,18.660683
1.63946,18.660683
16.8505,18.660683
0.0,18.660683
0.0,18.660683
0.0789774,18.660683
0.0,18.660683
0.0322104,18.660683
0.0610322,18.660683
0.0,18.660683
0.230925,18.660683
0.0,18.660683
49.8151,18.660683
0.0,18.660683
0.0,18.660683
0.0,18.660683
3.5795,18.660683
13.5237,18.660683
0.0,18.660683
9.28526,18.660683
2.7153,18.660683
1.81068,18.660683
15.8731,18.660683
7.63668,18.660683
4.50339,18.660683
0.0129911,18.660683
9.20009,18.660683
0.0,18.660683
0.0,18.660683
19.3196,18.660683
0.0,18.660683
0.0,18.660683
0.530209,18.660683
0.0,18.660683
7.71497,18.660683
0.349096,18.660683
0.153509,18.660683
0.0,18.660683
0.0,18.660683
10.0219,18.660683
0.0,18.660683
27.2787,18.660683
0.55758,18.660683
1.10776,18.660683
0.220706,18.660683
0.318214,18.660683
12.766,18.660683
11.3947,18.660683
10.9794,18.660683
10.5081,18.660683
0.0,18.660683
20.3765,18.660683
19.6408,18.660683
10.7675,18.660683
0.0430212,18.660683
0.237022,18.660683
34.1565,18.660683
0.0,18.660683
4.4391,18.660683
22.6518,18.660683
5.05382,18.660683
0.069534,18.660683
0.0735954,18.660683
15.0913,18.660683
49.2648,18.660683
14.399,18.660683
0.228301,18.660683
41.1289,18.660683
0.0481385,18.660683
0.0420308,18.660683
19.3477,18.660683
0.0,18.660683
8.4425,18.660683
0.0,18.660683
12.9157,18.660683
19.1878,18.660683
0.169882,18.660683
8.74247,18.660683
0.0,18.660683
0.0,18.660683
0.795791,18.660683
5.90117,18.660683
0.942564,18.660683
0.0,18.660683
11.7739,18.660683
60.3985,18.660683
45.9377,18.660683
11.0977,18.660683
11.8289,18.660683
0.0,18.660683
0.0,18.660683
0.0124043,18.660683
0.0,18.660683
0.0,18.660683
16.2018,18.660683
0.0293181,18.660683
90.8729,18.660683
0.0,18.660683
3.48253,18.660683
0.0,18.660683
8.24252,18.660683
0.0,18.660683
5.09901,18.660683
17.9272,18.660683
13.6708,18.660683
0.0,18.660683
0.0,18.660683
5.39411,18.660683
123.482,18.660683
17.0383,18.660683
24.4512,18.660683
9.56915,18.660683
2.59898,18.660683
0.0145016,18.660683
2.18394,18.660683
0.0261254,18.660683
0.058586,18.660683
0.0,18.660683
9.4149,18.660683
38.012,18.660683
0.377169,18.660683
1.54195,18.660683
0.0,18.660683
0.0,18.660683
3.08732,18.660683
5.16818,18.660683
9.33523,18.660683
0.0593326,18.660683
2.47507,18.660683
0.0,18.660683
6.32595,18.660683
3.02366,18.660683
36.9143,18.660683
3.8283,18.660683
5.64967,18.660683
0.488137,18.660683
11.5815,18.660683
0.348336,18.660683
3.69528,18.660683
0.0123709,18.660683
10.0115,18.660683
9.57747,18.660683
317.826,18.660683
18.8462,18.660683
5.57721,18.660683
0.0,18.660683
7.11917,18.660683
0.0,18.660683
0.519642,18.660683
7.84176,18.660683
0.535877,18.660683
0.0,18.660683
46.1519,18.660683
15.4143,18.660683
0.0196105,18.660683
0.0,18.660683
0.0,18.660683
53.5033,18.660683
13.6658,18.660683
0.0218479,18.660683
17.2254,18.660683
5.06028,18.660683
0.185092,18.660683
8.56692,18.660683
0.0,18.660683
0.0,18.660683
18.2965,18.660683
7.76466,18.660683
0.645114,18.660683
0.0,18.660683
0.116668,18.660683
0.0263083,18.660683
17.8849,18.660683
0.0,18.660683
45.2152,18.660683
3.75554,18.660683
2.61769,18.660683
0.0,18.660683
0.0,18.660683
17.6696,18.660683
13.4667,18.660683
14.1541,18.660683
0.148443,18.660683
0.147257,18.660683
6.80099,18.660683
40.1471,18.660683
1.07475,18.660683
6.51382,18.660683
8.71518,18.660683
13.3605,18.660683
6.12208,18.660683
7.50482,18.660683
5.90059,18.660683
0.0,18.660683
0.0,18.660683
0.0,18.660683
0.0105662,18.660683
0.0,18.660683
5.75256,18.660683
3.93496,18.660683
0.0,18.660683
17.8586,18.660683
0.55758,18.660683
74.4531,18.660683
0.030774,18.660683
0.0,18.660683
0.18877,18.660683
0.0,18.660683
0.0,18.660683
38.704,18.660683
0.444784,18.660683
23.9847,18.660683
47.1426,18.660683
0.0438265,18.660683
0.0315748,18.660683
0.0,18.660683
0.0274204,18.660683
0.0,18.660683
3.72617,18.660683
3.92962,18.660683
9.36233,18.660683
0.0,18.660683
6.10661,18.660683
64.9261,18.660683
0.110281,18.660683
11.3911,18.660683
26.9954,18.660683
5.52028,18.660683
0.395607,18.660683
0.0,18.660683
10.2526,18.660683
2.89538,18.660683
0.0205246,18.660683
0.0,18.660683
0.0,18.660683
1.14478,18.660683
0.0897234,18.660683
18.7259,18.660683
60.0505,18.660683
89.6832,18.660683
0.0145899,18.660683
293.299,18.660683
23.8582,18.660683
0.519284,18.660683
0.0,18.660683
0.0383336,18.660683
52.0819,18.660683
0.683661,18.660683
0.505088,18.660683
17.7008,18.660683
41.9503,18.660683
0.0,18.660683
10.0159,18.660683
0.0196327,18.660683
11.566,18.660683
0.0,18.660683
4.21751,18.660683
0.0281779,18.660683
0.503129,18.660683
1.93037,18.660683
25.3032,18.660683
0.0629123,18.660683
0.0,18.660683
13.4078,18.660683
23.0654,18.660683
0.113443,18.660683
4.82808,18.660683
0.0,18.660683
0.0933876,18.660683
3.80485,18.660683
0.0713469,18.660683
0.0,18.660683
0.0,18.660683
3.68977,18.660683
0.0362957,18.660683
0.0,18.660683
0.00673864,18.660683
5.72192,18.660683
0.0,18.660683
0.0,18.660683
0.0,18.660683
1.19568,18.660683
0.0,18.660683
186.227,18.660683
0.0,18.660683
4.6505,18.660683
2.81786,18.660683
0.0,18.660683
0.129077,18.660683
0.834837,18.660683
17.5578,18.660683
4.55654,18.660683
54.8596,18.660683
92.8442,18.660683
11.5285,18.660683
0.0,18.660683
0.0323811,18.660683
32.7516,18.660683
6.4931,18.660683
0.0,18.660683
0.0,18.660683
17.9272,18.660683
17.0709,18.660683
0.110217,18.660683
2.26045,18.660683
0.0,18.660683
0.0382119,18.660683
11.5061,18.660683
0.0,18.660683
1.40205,18.660683
0.0,18.660683
0.360438,18.660683
0.0,18.660683
0.0683978,18.660683
0.0198511,18.660683
6.94553,18.660683
4.13278,18.660683
73.5802,18.660683
7.28997,18.660683
12.4457,18.660683
0.259435,18.660683
0.101265,18.660683
0.226083,18.660683
22.2086,18.660683
0.0999994,18.660683
0.68252,18.660683
4.33623,18.660683
0.0359843,18.660683
39.5207,18.660683
0.0,18.660683
11.308,18.660683
0.0589175,18.660683
86.0813,18.660683
0.0129563,18.660683
19.3196,18.660683
36.9143,18.660683
0.0174285,18.660683
28.3842,18.660683
0.403338,18.660683
0.0841203,18.660683
17.9208,18.660683
2.15402,18.660683
0.0,18.660683
0.0,18.660683
32.8867,18.660683
11.925,18.660683
0.0,18.660683
9.42536,18.660683
7.88359,18.660683
0.0,18.660683
0.0289529,18.660683
0.0,18.660683
4.52728,18.660683
35.0216,18.660683
10.2968,18.660683
14.5538,18.660683
10.5992,18.660683
1.99982,18.660683
18.9817,18.660683
0.0,18.660683
0.0903813,18.660683
0.0324437,18.660683
0.0,18.660683
0.0355143,18.660683
0.0,18.660683
1.7788,18.660683
0.0,18.660683
0.0983347,18.660683
0.0,18.660683
12.9993,18.660683
23.6752,18.660683
0.0224391,18.660683
0.0,18.660683
0.0,18.660683
0.0,18.660683
0.0,18.660683
0.0753003,18.660683
0.0,18.660683
4.12061,18.660683
1.78476,18.660683
27.3319,18.660683
0.932083,18.660683
1.32179,18.660683
0.0372422,18.660683
18.1842,18.660683
22.0206,18.660683
0.0,18.660683
0.0,18.660683
0.299025,18.660683
28.3925,18.660683
18.2676,18.660683
1.45705,18.660683
0.0,18.660683
0.0,18.660683
44.9703,18.660683
32.6296,18.660683
181.385,18.660683
3.28353,18.660683
8.18259,18.660683
0.967653,18.660683
1.49482,18.660683
12.9585,18.660683
0.0,18.660683
9.31878,18.660683
8.19347,18.660683
5.69682,18.660683
0.0,18.660683
7.44745,18.660683
5.39411,18.660683
0.0,18.660683
1.24542,18.660683
2.52507,18.660683
5.22933,18.660683
0.0,18.660683
0.0,18.660683
0.839133,18.660683
60.4376,18.660683
11.0977,18.660683
0.0335017,18.660683
35.0216,18.660683
4.10174,18.660683
0.0629288,18.660683
0.0,18.660683
21.9927,18.660683
0.0,18.660683
0.092315,18.660683
0.189148,18.660683
7.49652,18.660683
0.0285757,18.660683
194.475,18.660683
7.00152,18.660683
13.8527,18.660683
0.0,18.660683
13.443,18.660683
0.0,18.660683
36.2545,18.660683
0.0634421,18.660683
0.427559,18.660683
95.38,18.660683
1.06761,18.660683
0.0464147,18.660683
0.0,18.660683
25.1238,18.660683
0.0,18.660683
3.51618,18.660683
1.73733,18.660683
0.0,18.660683
0.0,18.660683
5.55705,18.660683
8.49649,18.660683
95.5694,18.660683
1.31759,18.660683
19.5991,18.660683
6.01797,18.660683
0.0265841,18.660683
3.80485,18.660683
0.0,18.660683
4.3827,18.660683
0.0,18.660683
0.0,18.660683
7.78329,18.660683
13.9068,18.660683
0.101652,18.660683
30.4835,18.660683
6.71487,18.660683
0.0,18.660683
0.0179047,18.660683
21.3463,18.660683
13.7987,18.660683
10.7625,18.660683
0.55637,18.660683
5.32794,18.660683
0.0,18.660683
229.09,18.660683
4.03114,18.660683
139.212,18.660683
67.7254,18.660683
4.74985,18.660683
5.52068,18.660683
4.9399,18.660683
15.8834,18.660683
71.5502,18.660683
10.5154,18.660683
8.78718,18.660683
29.961,18.660683
0.207055,18.660683
55.562,18.660683
5.02841,18.660683
1.14091,18.660683
48.3711,18.660683
0.0544411,18.660683
0.0,18.660683
0.00478567,18.660683
0.349331,18.660683
1.66252,18.660683
0.0258409,18.660683
0.0,18.660683
3.60053,18.660683
0.0231124,18.660683
0.28357,18.660683
0.0,18.660683
0.0,18.660683
4.58484,18.660683
16.4448,18.660683
0.0,18.660683
0.0,18.660683
18.9655,18.660683
7.53906,18.660683
0.231132,18.660683
0.0,18.660683
0.0,18.660683
0.0,18.660683
0.0643545,18.660683
2.36926,18.660683
135.8,18.660683
13.234,18.660683
0.0,18.660683
0.0,18.660683
47.6788,18.660683
1.55834,18.660683
1.9342,18.660683
0.0,18.660683
3.78142,18.660683
0.0,18.660683
0.0,18.660683
0.02025,18.660683
11.879,18.660683
14.3224,18.660683
16.651,18.660683
24.5863,18.660683
13.3234,18.660683
0.0413769,18.660683
0.0,18.660683
9.4149,18.660683
29.1625,18.660683
0.0,18.660683
0.111054,18.660683
0.0498663,18.660683
158.364,18.660683
4.76267,18.660683
0.0562142,18.660683
0.0186084,18.660683
8.24868,18.660683
3.55067,18.660683
0.966778,18.660683
14.797,18.660683
1.59871,18.660683
10.479,18.660683
0.0,18.660683
0.0,18.660683
0.923912,18.660683
0.0,18.660683
0.0,18.660683
0.0390394,18.660683
0.0,18.660683
0.323331,18.660683
0.0120871,18.660683
0.363451,18.660683
0.0,18.660683
0.68252,18.660683
0.0,18.660683
0.0,18.660683
3.4621,18.660683
0.096906,18.660683
0.0,18.660683
11.9212,18.660683
5.34906,18.660683
1.32143,18.660683
18.2853,18.660683
52.3091,18.660683
7.5882,18.660683
1.06105,18.660683
13.0129,18.660683
0.156968,18.660683
8.10573,18.660683
14.0127,18.660683
0.026868,18.660683
0.0,18.660683
0.00805205,18.660683
0.0105662,18.660683
0.0,18.660683
1.7845,18.660683
2.17957,18.660683
0.0,18.660683
0.10863,18.660683
3.08732,18.660683
2.61957,18.660683
7.90092,18.660683
20.3666,18.660683
0.31996,18.660683
6.86627,18.660683
0.0,18.660683
0.0239684,18.660683
0.0,18.660683
1.01876,18.660683
0.0,18.660683
0.542442,18.660683
0.0244684,18.660683
0.0,18.660683
5.7861,18.660683
9.14964,18.660683
7.96072,18.660683
3.46771,18.660683
0.829006,18.660683
5.45671,18.660683
14.8348,18.660683
52.2343,18.660683
5.39369,18.660683
0.0,18.660683
0.0665804,18.660683
160.161,18.660683
28.4723,18.660683
0.0,18.660683
0.0,18.660683
0.0,18.660683
0.0,18.660683
26.1965,18.660683
43.4767,18.660683
0.0883291,18.660683
0.0,18.660683
4.252,18.660683
17.3229,18.660683
0.0,18.660683
0.034088,18.660683
12.3578,18.660683
0.138031,18.660683
0.0,18.660683
4.98572,18.660683
0.232211,18.660683
17.5554,18.660683
0.0,18.660683
26.5832,18.660683
10.8169,18.660683
0.0,18.660683
3.28353,18.660683
0.0,18.660683
16.4448,18.660683
0.0,18.660683
115.406,18.660683
68.0121,18.660683
16.2353,18.660683
155.242,18.660683
17.542,18.660683
7.88359,18.660683
1.58039,18.660683
32.6296,18.660683
0.0,18.660683
0.0254356,18.660683
0.0,18.660683
0.0501567,18.660683
86.3551,18.660683
0.0,18.660683
0.054314,18.660683
13.1413,18.660683
0.0,18.660683
0.0,18.660683
0.0339269,18.660683
33.0627,18.660683
0.0,18.660683
0.033392,18.660683
0.0,18.660683
5.65498,18.660683
0.0,18.660683
0.353415,18.660683
0.0,18.660683
0.182954,18.660683
0.0,18.660683
25.6865,18.660683
12.3578,18.660683
0.0,18.660683
0.0,18.660683
0.0,18.660683
4.85574,18.660683
0.101507,18.660683
15.1388,18.660683
0.0643346,18.660683
12.6332,18.660683
6.77438,18.660683
0.0,18.660683
5.34906,18.660683
89.9161,18.660683
0.700818,18.660683
8.26953,18.660683
0.0,18.660683
0.0,18.660683
0.0,18.660683
0.0209461,18.660683
0.0,18.660683
0.01378,18.660683
0.178423,18.660683
0.0,18.660683
0.0667464,18.660683
0.0633151,18.660683
37.887,18.660683
0.0,18.660683
0.0144449,18.660683
0.0444264,18.660683
0.0867852,18.660683
46.1337,18.660683
0.0,18.660683
18.301,18.660683
5.18211,18.660683
2.26397,18.660683
0.278283,18.660683
22.0206,18.660683
0.52367,18.660683
5.15777,18.660683
0.0139038,18.660683
71.9291,18.660683
13.509,18.660683
36.8233,18.660683
0.597943,18.660683
0.128067,18.660683
0.0,18.660683
0.182946,18.660683
1.67192,18.660683
0.00775797,18.660683
2.59898,18.660683
0.0,18.660683
0.132043,18.660683
9.85463,18.660683
0.0,18.660683
16.2904,18.660683
0.0,18.660683
0.334246,18.660683
21.5036,18.660683
0.0,18.660683
47.1426,18.660683
1.67192,18.660683
2.08647,18.660683
0.430106,18.660683
5.30943,18.660683
77.4792,18.660683
5.39411,18.660683
0.0,18.660683
0.0,18.660683
0.0,18.660683
0.0,18.660683
66.5703,18.660683
0.0,18.660683
7.56531,18.660683
1.71906,18.660683
0.0,18.660683
0.0,18.660683
0.72781,18.660683
0.0289529,18.660683
0.974143,18.660683
70.3835,18.660683
0.0,18.660683
50.4199,18.660683
0.0,18.660683
49.3187,18.660683
0.665645,18.660683
0.0,18.660683
0.0,18.660683
0.0,18.660683
18.4408,18.660683
0.0,18.660683
35.6337,18.660683
0.209847,18.660683
0.0629288,18.660683
16.2677,18.660683
2.70478,18.660683
0.0,18.660683
0.0,18.660683
0.0,18.660683
0.0,18.660683
0.469417,18.660683
0.20815,18.660683
89.2021,18.660683
13.7987,18.660683
0.0,18.660683
19.0957,18.660683
0.0,18.660683
43.0166,18.660683
26.1605,18.660683
0.146754,18.660683
15.0214,18.660683
0.0129563,18.660683
0.0,18.660683
0.0,18.660683
13.8431,18.660683
8.71047,18.660683
9.99881,18.660683
12.115,18.660683
228.807,18.660683
15.0968,18.660683
8.24252,18.660683
0.72045,18.660683
0.0,18.660683
0.210907,18.660683
0.0,18.660683
0.0,18.660683
0.0,18.660683
2.59677,18.660683
0.792368,18.660683
2.86907,18.660683
0.0,18.660683
0.0,18.660683
1063.86,18.660683
0.477638,18.660683
0.0,18.660683
49.3187,18.660683
0.0,18.660683
0.0,18.660683
0.387361,18.660683
15.842,18.660683
38.3952,18.660683
9.4149,18.660683
0.0,18.660683
0.0,18.660683
0.0,18.660683
5.47233,18.660683
0.0,18.660683
0.014177,18.660683
0.55272,18.660683
0.0,18.660683
33.357,18.660683
0.227111,18.660683
9.40349,18.660683
2.54224,18.660683
36.1719,18.660683
0.0,18.660683
0.0251359,18.660683
0.886348,18.660683
5.16169,18.660683
1083.88,18.660683
0.0134494,18.660683
0.0,18.660683
0.0373148,18.660683
0.0,18.660683
4.0341,18.660683
5.34906,18.660683
73.2579,18.660683
0.0,18.660683
0.0,18.660683
0.0,18.660683
7.72727,18.660683
0.535877,18.660683
90.9355,18.660683
0.647028,18.660683
0.456626,18.660683
8.25858,18.660683
11.7739,18.660683
11.6675,18.660683
13.1278,18.660683
0.0,18.660683
174.296,18.660683
0.0,18.660683
6.84802,18.660683
1.20174,18.660683
134.521,18.660683
28.244,18.660683
13.6708,18.660683
0.535877,18.660683
22.6966,18.660683
82.1792,18.660683
0.0,18.660683
0.0,18.660683
0.0,18.660683
0.134363,18.660683
0.02025,18.660683
11.6114,18.660683
0.0,18.660683
0.0,18.660683
0.0,18.660683
0.404285,18.660683
22.0206,18.660683
26.1965,18.660683
0.0,18.660683
16.2677,18.660683
0.836706,18.660683
4.37095,18.660683
5.19622,18.660683
32.5668,18.660683
0.0,18.660683
0.0,18.660683
10.5733,18.660683
1.96582,18.660683
6.54888,18.660683
42.3715,18.660683
16.651,18.660683
110.799,18.660683
139.129,18.660683
0.0,18.660683
0.0610322,18.660683
21.9927,18.660683
0.0,18.660683
0.0,18.660683
0.0,18.660683
0.0,18.660683
6.18583,18.660683
18.2965,18.660683
0.0897234,18.660683
0.172357,18.660683
0.0163062,18.660683
25.8108,18.660683
22.0206,18.660683
0.0,18.660683
0.0757449,18.660683
17.1126,18.660683
0.0362784,18.660683
7.5427,18.660683
0.0189998,18.660683
0.18013,18.660683
0.40315,18.660683
0.0,18.660683
0.0,18.660683
46.7864,18.660683
0.0,18.660683
41.2784,18.660683
0.0,18.660683
3.79881,18.660683
36.044,18.660683
16.8505,18.660683
16.1532,18.660683
0.16364,18.660683
1180.83,18.660683
0.0,18.660683
6.7969,18.660683
0.0995542,18.660683
16.8101,18.660683
14.0233,18.660683
8.49454,18.660683
4.0899,18.660683
0.0,18.660683
73.6452,18.660683
48.0989,18.660683
23.5343,18.660683
17.6696,18.660683
16.4165,18.660683
72.8693,18.660683
0.0,18.660683
31.6155,18.660683
0.0103819,18.660683
4.85574,18.660683
0.0,18.660683
0.0930373,18.660683
10.6332,18.660683
0.0733279,18.660683
0.487577,18.660683
19.5016,18.660683
96.1357,18.660683
0.018194,18.660683
37.7821,18.660683
4.67141,18.660683
73.3554,18.660683
37.887,18.660683
0.013013,18.660683
15.3676,18.660683
228.807,18.660683
25.1649,18.660683
2.05782,18.660683
10.2716,18.660683
0.36302,18.660683
0.0,18.660683
0.289089,18.660683
68.9289,18.660683
0.0201684,18.660683
0.571642,18.660683
0.0,18.660683
231.91,18.660683
0.0199723,18.660683
0.295747,18.660683
0.483763,18.660683
0.0413353,18.660683
0.0285535,18.660683
16.1543,18.660683
6.32027,18.660683
0.0285757,18.660683
0.0140005,18.660683
14.1155,18.660683
5.59409,18.660683
4.10452,18.660683
0.0,18.660683
1.25708,18.660683
0.0,18.660683
0.143577,18.660683
0.0230888,18.660683
0.0,18.660683
0.0,18.660683
0.0,18.660683
0.500156,18.660683
69.4026,18.660683
5.17439,18.660683
7.24983,18.660683
0.0,18.660683
1.16659,18.660683
0.0252579,18.660683
15.6971,18.660683
0.0,18.660683
49.3187,18.660683
0.314698,18.660683
10.9119,18.660683
0.0,18.660683
2.87811,18.660683
8.32161,18.660683
0.303486,18.660683
0.409133,18.660683
12.4884,18.660683
0.0,18.660683
10.1609,18.660683
0.0,18.660683
3.46595,18.660683
0.0,18.660683
0.0310379,18.660683
16.4448,18.660683
6.08398,18.660683
19.3196,18.660683
0.193852,18.660683
0.0261254,18.660683
0.0,18.660683
15.348,18.660683
1.05541,18.660683
0.00808029,18.660683
0.218525,18.660683
1.69662,18.660683
22.9634,18.660683
1.81713,18.660683
5.39411,18.660683
0.201977,18.660683
38.7644,18.660683
9.26149,18.660683
0.0,18.660683
0.0,18.660683
5.05006,18.660683
25.1973,18.660683
78.8657,18.660683
6.68585,18.660683
0.766402,18.660683
0.0,18.660683
2.2831,18.660683
1.63293,18.660683
0.0,18.660683
0.0,18.660683
42.2534,18.660683
0.0,18.660683
14.4733,18.660683
0.196355,18.660683
0.0,18.660683
0.669699,18.660683
0.0,18.660683
0.0,18.660683
0.0,18.660683
0.0,18.660683
3.5795,18.660683
0.131497,18.660683
0.03749,18.660683
0.0,18.660683
12.8278,18.660683
7.11185,18.660683
0.0703373,18.660683
46.9646,18.660683
1.74564,18.660683
0.0165132,18.660683
0.586897,18.660683
27.4069,18.660683
0.0131004,18.660683
0.0,18.660683
6.95536,18.660683
3.67181,18.660683
1.43893,18.660683
0.0,18.660683
10.0053,18.660683
4.40566,18.660683
2.61851,18.660683
0.0,18.660683
0.0,18.660683
0.0,18.660683
66.5222,18.660683
0.0,18.660683
0.0719362,18.660683
12.2933,18.660683
21.9927,18.660683
3.80921,18.660683
2.37312,18.660683
9.68664,18.660683
11.1947,18.660683
1.80628,18.660683
0.0,18.660683
3.80485,18.660683
0.01066,18.660683
4.37563,18.660683
1.02618,18.660683
0.0,18.660683
28.1376,18.660683
96.6188,18.660683
0.0,18.660683
9.06062,18.660683
0.0115644,18.660683
0.0,18.660683
0.0,18.660683
7.4921,18.660683
0.0683978,18.660683
13.2047,18.660683
0.290254,18.660683
26.8874,18.660683
0.839133,18.660683
7.34953,18.660683
0.206719,18.660683
14.6851,18.660683
2.0112,18.660683
0.0,18.660683
96.1357,18.660683
3.12215,18.660683
0.0385982,18.660683
0.0863636,18.660683
0.0,18.660683
598.347,18.660683
28.2056,18.660683
43.8743,18.660683
22.0829,18.660683
10.0146,18.660683
0.0,18.660683
0.0,18.660683
5.83212,18.660683
14.1322,18.660683
19.9297,18.660683
3.5795,18.660683
16.9595,18.660683
0.0296726,18.660683
0.532077,18.660683
0.142454,18.660683
0.181888,18.660683
74.3385,18.660683
0.0129563,18.660683
0.0,18.660683
23.5057,18.660683
0.372758,18.660683
3.72053,18.660683
5.7861,18.660683
0.0,18.660683
39.5927,18.660683
9.73486,18.660683
0.0341683,18.660683
0.970146,18.660683
15.8731,18.660683
0.0757449,18.660683
0.0505051,18.660683
21.9927,18.660683
5.80313,18.660683
0.0,18.660683
0.19443,18.660683
2.36965,18.660683
0.0,18.660683
3.90281,18.660683
9.51699,18.660683
3.07933,18.660683
6.8555,18.660683
0.0,18.660683
0.0,18.660683
4.16915,18.660683
0.0,18.660683
0.0,18.660683
97.4455,18.660683
23.3684,18.660683
31.8361,18.660683
1.10621,18.660683
22.1656,18.660683
0.42647,18.660683
7.66119,18.660683
0.797986,18.660683
0.0,18.660683
0.35243,18.660683
0.331106,18.660683
0.0,18.660683
3.41305,18.660683
0.225915,18.660683
12.0715,18.660683
0.0,18.660683
2.2831,18.660683
0.0,18.660683
67.8708,18.660683
23.3864,18.660683
21.4862,18.660683
16.2353,18.660683
0.205377,18.660683
19.1213,18.660683
0.572656,18.660683
0.0,18.660683
1.00021,18.660683
17.4698,18.660683
40.7339,18.660683
1.3366,18.660683
20.4762,18.660683
3.8058,18.660683
68.0183,18.660683
4.15016,18.660683
0.0329641,18.660683
7.88354,18.660683
0.0,18.660683
0.286364,18.660683
0.766073,18.660683
0.0,18.660683
307.122,18.660683
0.152411,18.660683
0.0157707,18.660683
43.9491,18.660683
40.1683,18.660683
13.3042,18.660683
2.30368,18.660683
0.0355143,18.660683
0.0,18.660683
126.095,18.660683
0.0,18.660683
22.6392,18.660683
7.60944,18.660683
9.26417,18.660683
10.8052,18.660683
0.0,18.660683
0.0317711,18.660683
0.0,18.660683
0.0,18.660683
1.65003,18.660683
0.0,18.660683
55.234,18.660683
0.0,18.660683
5.87878,18.660683
0.0,18.660683
0.0,18.660683
0.0,18.660683
12.2934,18.660683
0.0,18.660683
0.0,18.660683
0.0,18.660683
7.24983,18.660683
0.0310379,18.660683
8.26953,18.660683
0.0261254,18.660683
0.110945,18.660683
0.0,18.660683
7.1822,18.660683
0.0,18.660683
3.49067,18.660683
10.5992,18.660683
141.193,18.660683
0.0120871,18.660683
21.7949,18.660683
0.173933,18.660683
6.43976,18.660683
0.0,18.660683
22.312,18.660683
0.010401,18.660683
7.93361,18.660683
30.3886,18.660683
0.110705,18.660683
16.4448,18.660683
5.78663,18.660683
0.310805,18.660683
0.0,18.660683
0.0,18.660683
26.1965,18.660683
84.2077,18.660683
0.0,18.660683
12.1678,18.660683
1.0596,18.660683
0.0159444,18.660683
0.080121,18.660683
13.7987,18.660683
174.296,18.660683
0.0693409,18.660683
1.67037,18.660683
0.0,18.660683
0.116721,18.660683
5.78663,18.660683
3.02061,18.660683
32.5265,18.660683
0.0,18.660683
30.6925,18.660683
11.9053,18.660683
0.564027,18.660683
47.4526,18.660683
7.22575,18.660683
14.8373,18.660683
20.3765,18.660683
5.1839,18.660683
0.0,18.660683
9.26417,18.660683
0.431208,18.660683
0.0,18.660683
4.54406,18.660683
0.0831002,18.660683
0.0,18.660683
0.0,18.660683
25.7039,18.660683
10.6332,18.660683
23.7573,18.660683
875.743,18.660683
17.5729,18.660683
23.8774,18.660683
216.012,18.660683
0.0,18.660683
68.0121,18.660683
0.0,18.660683
4.252,18.660683
0.0,18.660683
0.0,18.660683
8.20827,18.660683
0.0,18.660683
0.0,18.660683
0.0,18.660683
0.299788,18.660683
0.0,18.660683
0.0065704,18.660683
6.32027,18.660683
0.0,18.660683
0.0424993,18.660683
0.0,18.660683
0.116517,18.660683
0.0339982,18.660683
8.02989,18.660683
0.0,18.660683
0.05843,18.660683
0.0,18.660683
0.692599,18.660683
0.0233216,18.660683
2.52583,18.660683
53.5739,18.660683
53.4941,18.660683
0.534861,18.660683
0.0,18.660683
0.0431546,18.660683
34.0732,18.660683
0.298784,18.660683
0.430106,18.660683
0.0,18.660683
0.00734836,18.660683
9.98148,18.660683
12.0095,18.660683
0.0591675,18.660683
5.25943,18.660683
0.0,18.660683
0.0,18.660683
13.0292,18.660683
0.0,18.660683
0.0,18.660683
13.5394,18.660683
103.886,18.660683
8.8137,18.660683
0.196355,18.660683
0.0,18.660683
45.6011,18.660683
0.48296,18.660683
0.0,18.660683
0.0,18.660683
0.0950008,18.660683
54.0669,18.660683
41.7138,18.660683
3.77614,18.660683
1.79176,18.660683
21.7269,18.660683
10.6428,18.660683
0.0,18.660683
16.1817,18.660683
0.0,18.660683
0.0,18.660683
5475.9,18.660683
0.0,18.660683
27.454,18.660683
0.0,18.660683
6.44702,18.660683
8.30447,18.660683
0.0227273,18.660683
0.0,18.660683
0.0930278,18.660683
13.3722,18.660683
0.0,18.660683
0.0289529,18.660683
0.477638,18.660683
3.68977,18.660683
36.891,18.660683
2.93284,18.660683
17.5749,18.660683
0.0606786,18.660683
0.0,18.660683
0.0,18.660683
26.1206,18.660683
4.05046,18.660683
0.0,18.660683
9.33991,18.660683
0.0,18.660683
0.845695,18.660683
177.793,18.660683
0.0355344,18.660683
0.0,18.660683
5.1839,18.660683
0.900053,18.660683
12.5304,18.660683
0.0,18.660683
2.70478,18.660683
3.92962,18.660683
6.77438,18.660683
0.0,18.660683
0.0,18.660683
0.0,18.660683
48.918,18.660683
6.61334,18.660683
2.45039,18.660683
42.7882,18.660683
12.4457,18.660683
0.099321,18.660683
41.4786,18.660683
0.0,18.660683
53.3411,18.660683
16.6398,18.660683
0.0,18.660683
0.423672,18.660683
135.281,18.660683
0.0,18.660683
13.1864,18.660683
26.5636,18.660683
26.6832,18.660683
0.0,18.660683
0.365548,18.660683
21.811,18.660683
0.0558077,18.660683
5.47925,18.660683
0.0527068,18.660683
0.099321,18.660683
0.0,18.660683
3.46591,18.660683
1.79644,18.660683
1.69518,18.660683
0.0,18.660683
8.08271,18.660683
15.7146,18.660683
3.32396,18.660683
0.138031,18.660683
7.38977,18.660683
75.4154,18.660683
26.0752,18.660683
9.83226,18.660683
1.58275,18.660683
33.061,18.660683
0.0,18.660683
0.0,18.660683
0.609691,18.660683
9.56262,18.660683
41.0927,18.660683
0.0,18.660683
54.8596,18.660683
0.05843,18.660683
2.0161,18.660683
0.0239197,18.660683
0.0786566,18.660683
0.0,18.660683
7.37709,18.660683
16.0071,18.660683
0.0,18.660683
11.3499,18.660683
9.8197,18.660683
0.283806,18.660683
0.069534,18.660683
18.8375,18.660683
18.9655,18.660683
5.25244,18.660683
248.611,18.660683
0.0,18.660683
12.2679,18.660683
0.0137033,18.660683
30.6237,18.660683
0.216623,18.660683
0.621602,18.660683
69.8534,18.660683
8.18569,18.660683
0.0,18.660683
0.0,18.660683
0.0,18.660683
0.348336,18.660683
0.520391,18.660683
25.0795,18.660683
145.657,18.660683
7.42241,18.660683
0.0,18.660683
4.17273,18.660683
0.0,18.660683
12.186,18.660683
1.99982,18.660683
6.03225,18.660683
0.743623,18.660683
0.0,18.660683
0.014401,18.660683
0.0,18.660683
0.233384,18.660683
4.252,18.660683
24.6134,18.660683
27.5158,18.660683
0.0158332,18.660683
12.5438,18.660683
0.0179047,18.660683
0.214666,18.660683
33.6491,18.660683
11.6269,18.660683
0.0,18.660683
0.182791,18.660683
0.0252579,18.660683
0.0,18.660683
0.0,18.660683
0.0,18.660683
0.06429,18.660683
11.7411,18.660683
7.18879,18.660683
0.196942,18.660683
63.5438,18.660683
0.571642,18.660683
12.4882,18.660683
0.051393,18.660683
0.0,18.660683
0.0,18.660683
46.7864,18.660683
0.0,18.660683
0.0,18.660683
6.51382,18.660683
0.0,18.660683
0.02025,18.660683
0.0,18.660683
0.0227304,18.660683
0.0252672,18.660683
16.2102,18.660683
0.0,18.660683
0.0,18.660683
0.0146291,18.660683
54.4611,18.660683
1.06258,18.660683
8.24868,18.660683
29.961,18.660683
0.0,18.660683
57.9342,18.660683
0.0,18.660683
0.0,18.660683
14.9374,18.660683
0.0,18.660683
5.29064,18.660683
16.651,18.660683
0.0,18.660683
0.612755,18.660683
9.17639,18.660683
286.647,18.660683
4.85574,18.660683
0.03872,18.660683
8.58441,18.660683
0.0753512,18.660683
4.52996,18.660683
47.3354,18.660683
0.0,18.660683
0.0,18.660683
19.3636,18.660683
0.0,18.660683
0.153703,18.660683
24.5863,18.660683
0.52367,18.660683
0.21938,18.660683
0.0573763,18.660683
0.223302,18.660683
0.324646,18.660683
0.0,18.660683
0.0,18.660683
0.0,18.660683
35.7528,18.660683
15.1311,18.660683
31.6391,18.660683
68.9289,18.660683
47.0054,18.660683
3.80604,18.660683
0.104588,18.660683
1.21628,18.660683
0.0219642,18.660683
0.0,18.660683
4.52996,18.660683
6.17569,18.660683
12.2934,18.660683
6.09922,18.660683
0.0,18.660683
0.0,18.660683
12.1396,18.660683
1.78545,18.660683
15.8592,18.660683
0.0,18.660683
3.09294,18.660683
0.0855931,18.660683
31.6466,18.660683
0.191738,18.660683
0.0,18.660683
0.0,18.660683
0.0,18.660683
0.080121,18.660683
0.0,18.660683
6.94088,18.660683
0.0,18.660683
1.17735,18.660683
0.0,18.660683
0.0,18.660683
11.8606,18.660683
5.83212,18.660683
0.0,18.660683
0.045982,18.660683
0.0,18.660683
0.0,18.660683
0.0,18.660683
0.486084,18.660683
0.0,18.660683
82.7146,18.660683
0.0,18.660683
3.12215,18.660683
0.0,18.660683
0.0806803,18.660683
2.03327,18.660683
0.0297383,18.660683
0.0,18.660683
0.0,18.660683
0.0,18.660683
3.42381,18.660683
0.0852943,18.660683
89.6832,18.660683
6.57803,18.660683
9.95179,18.660683
0.0329746,18.660683
0.0,18.660683
3.45025,18.660683
195.28,18.660683
1.25708,18.660683
45.9377,18.660683
7.03849,18.660683
0.0362889,18.660683
22.0206,18.660683
21.6066,18.660683
6.93485,18.660683
0.0,18.660683
6.70503,18.660683
4.82437,18.660683
0.473766,18.660683
2.15402,18.660683
0.0,18.660683
1.05032,18.660683
0.729187,18.660683
0.0,18.660683
8.65669,18.660683
1.06258,18.660683
4.52907,18.660683
3.41602,18.660683
0.0,18.660683
0.0,18.660683
0.814287,18.660683
0.0,18.660683
0.0,18.660683
14.2975,18.660683
10.2526,18.660683
0.0,18.660683
40.2252,18.660683
6.84285,18.660683
0.0,18.660683
49.3187,18.660683
19.4241,18.660683
0.645114,18.660683
0.0,18.660683
3.29947,18.660683
3.29546,18.660683
8.78718,18.660683
4.69737,18.660683
1.22072,18.660683
0.0363102,18.660683
0.0297985,18.660683
22.6392,18.660683
34.6966,18.660683
0.0,18.660683
0.298915,18.660683
8.30396,18.660683
22.5331,18.660683
6.67046,18.660683
0.0,18.660683
0.0,18.660683
0.140786,18.660683
0.0,18.660683
0.0,18.660683
0.0289172,18.660683
4.30371,18.660683
0.0609893,18.660683
10.7009,18.660683
0.0,18.660683
0.33863,18.660683
0.0,18.660683
29.0086,18.660683
206.507,18.660683
0.0,18.660683
891.877,18.660683
4.61178,18.660683
0.0,18.660683
2.97333,18.660683
238.224,18.660683
0.0,18.660683
7.72727,18.660683
1.53848,18.660683
5.64967,18.660683
0.0,18.660683
0.253644,18.660683
14.9929,18.660683
29.3384,18.660683
0.0322007,18.660683
0.0,18.660683
0.0,18.660683
0.0472634,18.660683
58.1102,18.660683
12.9993,18.660683
16.4448,18.660683
4.39634,18.660683
2.47586,18.660683
31.7232,18.660683
3.5171,18.660683
0.620218,18.660683
0.230591,18.660683
0.0314092,18.660683
0.0623884,18.660683
0.256811,18.660683
0.0475428,18.660683
68.9289,18.660683
3.5795,18.660683
2.97855,18.660683
1.69762,18.660683
0.0,18.660683
15.9735,18.660683
0.556268,18.660683
0.0,18.660683
0.0,18.660683
8.98008,18.660683
0.0,18.660683
47.5839,18.660683
0.014271,18.660683
0.233384,18.660683
0.03437,18.660683
19.4562,18.660683
4.1897,18.660683
0.0,18.660683
4.237,18.660683
0.0747703,18.660683
19.0873,18.660683
8.74772,18.660683
0.165725,18.660683
66.0095,18.660683
34.3872,18.660683
11.2641,18.660683
0.0396673,18.660683
15.3628,18.660683
11.911,18.660683
5.64259,18.660683
1.84594,18.660683
52.9514,18.660683
21.4206,18.660683
0.556268,18.660683
0.0,18.660683
10.4508,18.660683
21.9927,18.660683
0.782975,18.660683
4.60452,18.660683
0.430817,18.660683
0.0,18.660683
0.0324436,18.660683
112.365,18.660683
11.2349,18.660683
0.0,18.660683
0.121934,18.660683
103.116,18.660683
33.8268,18.660683
21.3463,18.660683
0.0,18.660683
0.0,18.660683
3.12215,18.660683
0.0,18.660683
0.0,18.660683
0.0,18.660683
0.18013,18.660683
0.0891279,18.660683
5.16,18.660683
0.0,18.660683
0.0,18.660683
0.394956,18.660683
4.79727,18.660683
0.0331224,18.660683
166.297,18.660683
24.8424,18.660683
12.0457,18.660683
1.64473,18.660683
5.52068,18.660683
0.0,18.660683
22.2207,18.660683
0.150147,18.660683
0.0,18.660683
10.3538,18.660683
0.0,18.660683
0.161673,18.660683
0.0,18.660683
0.0,18.660683
0.0,18.660683
0.0,18.660683
0.31557,18.660683
0.0,18.660683
2.66554,18.660683
4.39554,18.660683
99.9945,18.660683
0.0754227,18.660683
13.2085,18.660683
1.42799,18.660683
2.56798,18.660683
0.0,18.660683
12.0159,18.660683
28.3986,18.660683
0.0,18.660683
33.774,18.660683
7.93916,18.660683
5.35623,18.660683
14.8348,18.660683
22.6994,18.660683
0.0,18.660683
0.0,18.660683
16.7274,18.660683
0.0,18.660683
0.267529,18.660683
0.0,18.660683
15.1428,18.660683
4.28886,18.660683
29.2068,18.660683
0.0,18.660683
128.636,18.660683
0.0,18.660683
0.673946,18.660683
0.0,18.660683
71.0243,18.660683
6.83028,18.660683
39.4874,18.660683
0.00485317,18.660683
0.0,18.660683
0.0276747,18.660683
0.0,18.660683
0.19443,18.660683
0.432429,18.660683
0.0,18.660683
3.80485,18.660683
138.822,18.660683
0.0950608,18.660683
62.2029,18.660683
11.8329,18.660683
3.79386,18.660683
0.0621113,18.660683
9.03346,18.660683
5.47233,18.660683
0.0534402,18.660683
0.0,18.660683
12.9993,18.660683
60.3985,18.660683
6.32027,18.660683
0.0,18.660683
0.0,18.660683
1.2981,18.660683
0.0,18.660683
0.0471666,18.660683
0.0,18.660683
0.00982299,18.660683
0.548949,18.660683
0.731623,18.660683
4.51348,18.660683
0.11544,18.660683
16.4448,18.660683
0.875072,18.660683
441.86,18.660683
6.25644,18.660683
0.0,18.660683
2.95917,18.660683
0.387227,18.660683
0.0,18.660683
6.18605,18.660683
6.70289,18.660683
0.0,18.660683
14.6294,18.660683
47.7532,18.660683
0.160392,18.660683
12.6788,18.660683
88.2999,18.660683
0.491228,18.660683
9.32437,18.660683
0.571642,18.660683
0.133226,18.660683
0.0,18.660683
26.2865,18.660683
0.0390604,18.660683
0.350174,18.660683
0.0,18.660683
0.0,18.660683
0.496241,18.660683
8.77471,18.660683
0.0153356,18.660683
0.185833,18.660683
0.0,18.660683
7.82945,18.660683
2.93396,18.660683
0.0,18.660683
92.275,18.660683
69.8636,18.660683
46.9605,18.660683
0.0831501,18.660683
0.0,18.660683
1.43988,18.660683
13.3899,18.660683
2.15402,18.660683
0.242017,18.660683
12.3578,18.660683
9.40351,18.660683
0.530209,18.660683
0.0,18.660683
7.00152,18.660683
13.8431,18.660683
3.6676,18.660683
0.0,18.660683
50.5521,18.660683
0.0,18.660683
7.64598,18.660683
8.74577,18.660683
0.097734,18.660683
45.9497,18.660683
40.1683,18.660683
17.5554,18.660683
13.6872,18.660683
0.0,18.660683
0.0,18.660683
12.5184,18.660683
20.4535,18.660683
3.92962,18.660683
0.0,18.660683
0.800597,18.660683
0.0,18.660683
23.5057,18.660683
7.18879,18.660683
0.0,18.660683
9.51941,18.660683
0.195798,18.660683
0.0,18.660683
25.3641,18.660683
0.012716,18.660683
0.0,18.660683
0.0,18.660683
8.16196,18.660683
0.0,18.660683
0.0,18.660683
0.210907,18.660683
0.0,18.660683
46.7275,18.660683
21.4343,18.660683
7.92071,18.660683
0.834837,18.660683
0.0440028,18.660683
0.0772649,18.660683
0.19443,18.660683
16.4448,18.660683
0.921524,18.660683
0.0,18.660683
0.0,18.660683
7.18879,18.660683
0.0,18.660683
4.545,18.660683
3.8234,18.660683
0.0,18.660683
18.24,18.660683
54.4632,18.660683
0.0,18.660683
0.529795,18.660683
0.0,18.660683
0.0,18.660683
82.423,18.660683
13.1672,18.660683
0.529947,18.660683
8.53085,18.660683
27.1519,18.660683
0.720367,18.660683
3.42105,18.660683
0.0,18.660683
11.3911,18.660683
6.10661,18.660683
0.0,18.660683
0.0,18.660683
0.0307666,18.660683
7.95512,18.660683
0.0,18.660683
6.89367,18.660683
0.0,18.660683
0.0,18.660683
4.22201,18.660683
5.3686,18.660683
10.5708,18.660683
10.0146,18.660683
19.0535,18.660683
0.0,18.660683
0.0,18.660683
14.8916,18.660683
53.0483,18.660683
0.0,18.660683
0.106439,18.660683
1.00717,18.660683
1.52594,18.660683
0.0415987,18.660683
0.0,18.660683
27.7434,18.660683
0.027453,18.660683
0.0,18.660683
0.134373,18.660683
25.7614,18.660683
0.173196,18.660683
0.237729,18.660683
42.1167,18.660683
0.0,18.660683
0.0,18.660683
6.43976,18.660683
36.2545,18.660683
11.3911,18.660683
17.6696,18.660683
5.78663,18.660683
4.545,18.660683
5.79969,18.660683
0.548949,18.660683
14.7455,18.660683
7.68695,18.660683
2.738,18.660683
0.0,18.660683
12.7752,18.660683
41.4786,18.660683
89.6832,18.660683
0.0,18.660683
0.0,18.660683
0.403338,18.660683
0.0,18.660683
75.3521,18.660683
27.2276,18.660683
0.0,18.660683
0.051393,18.660683
0.0,18.660683
4.88341,18.660683
2.59898,18.660683
57.2468,18.660683
45.7714,18.660683
0.0,18.660683
2.90855,18.660683
2.7782,18.660683
3.80485,18.660683
0.0,18.660683
0.620975,18.660683
5.22933,18.660683
35.4146,18.660683
3.31974,18.660683
0.0,18.660683
2.0112,18.660683
19.7847,18.660683
92.8442,18.660683
23.569,18.660683
27.4125,18.660683
0.0,18.660683
14.1939,18.660683
0.0,18.660683
0.0,18.660683
0.0,18.660683
28.5582,18.660683
3.02328,18.660683
0.0,18.660683
90.9479,18.660683
0.0,18.660683
8.51378,18.660683
0.885176,18.660683
0.0349215,18.660683
0.0,18.660683
0.0258166,18.660683
0.0,18.660683
5.1564,18.660683
0.217464,18.660683
0.0852943,18.660683
238.555,18.660683
10.4473,18.660683
0.0,18.660683
0.0,18.660683
0.153628,18.660683
23.5057,18.660683
39.8526,18.660683
0.0,18.660683
0.0211065,18.660683
0.478407,18.660683
0.04007,18.660683
0.0247727,18.660683
0.0647753,18.660683
0.0,18.660683
13.6915,18.660683
0.123364,18.660683
0.0,18.660683
4.99855,18.660683
5.65579,18.660683
5.62209,18.660683
1.13347,18.660683
0.0,18.660683
0.0,18.660683
0.0104508,18.660683
3.8263,18.660683
3.12729,18.660683
16.8602,18.660683
0.0541491,18.660683
19.9297,18.660683
0.0362714,18.660683
15.8452,18.660683
2.5717,18.660683
7.577,18.660683
0.0,18.660683
0.0244386,18.660683
1.98213,18.660683
0.0,18.660683
5.54281,18.660683
108.9,18.660683
0.0814258,18.660683
0.205377,18.660683
3.62445,18.660683
0.0,18.660683
0.0,18.660683
0.0722256,18.660683
24.2596,18.660683
13.7987,18.660683
42.3715,18.660683
0.0,18.660683
20.3765,18.660683
28.1376,18.660683
7.32787,18.660683
0.0527473,18.660683
53.5033,18.660683
0.0,18.660683
115.716,18.660683
0.0,18.660683
5.35409,18.660683
0.0,18.660683
5.23978,18.660683
2.04185,18.660683
0.0,18.660683
10.9407,18.660683
15.7407,18.660683
0.124035,18.660683
0.0146014,18.660683
0.0,18.660683
15.9171,18.660683
0.0,18.660683
24.5863,18.660683
17.9272,18.660683
0.353843,18.660683
0.0,18.660683
0.227111,18.660683
0.0,18.660683
0.0,18.660683
27.6481,18.660683
0.0327252,18.660683
23.3703,18.660683
0.0410215,18.660683
0.0,18.660683
0.0,18.660683
0.0,18.660683
0.137928,18.660683
0.0,18.660683
0.0541491,18.660683
6.72939,18.660683
0.0544411,18.660683
8.36754,18.660683
118.592,18.660683
0.288601,18.660683
2.36522,18.660683
6.58495,18.660683
0.0,18.660683
0.0,18.660683
9.98324,18.660683
0.0,18.660683
17.0974,18.660683
0.0407668,18.660683
0.0,18.660683
51.4147,18.660683
52.3091,18.660683
8.8373,18.660683
0.0,18.660683
13.4114,18.660683
0.571642,18.660683
0.55758,18.660683
6.39349,18.660683
38.704,18.660683
5.08154,18.660683
9.12761,18.660683
0.0,18.660683
3.56694,18.660683
0.0672431,18.660683
0.0301766,18.660683
0.0,18.660683
1.00418,18.660683
11.9358,18.660683
679.721,18.660683
15.6481,18.660683
61.6673,18.660683
0.0,18.660683
3.7689,18.660683
12.6931,18.660683
0.82062,18.660683
0.0,18.660683
0.0983347,18.660683
17.5578,18.660683
0.0,18.660683
29.5091,18.660683
0.0280649,18.660683
5.57964,18.660683
1.55944,18.660683
0.0929055,18.660683
10.5708,18.660683
0.0,18.660683
1.90718,18.660683
0.0,18.660683
0.0,18.660683
17.6053,18.660683
31.6466,18.660683
0.688051,18.660683
0.0,18.660683
0.368738,18.660683
0.016778,18.660683
1.19094,18.660683
0.0,18.660683
0.0233073,18.660683
1.04654,18.660683
4.18634,18.660683
10.5992,18.660683
0.530209,18.660683
16.1526,18.660683
0.0227304,18.660683
4.21751,18.660683
157.205,18.660683
0.0,18.660683
9.5994,18.660683
7.58157,18.660683
10.094,18.660683
0.0,18.660683
371.009,18.660683
0.0,18.660683
0.0,18.660683
0.0,18.660683
98.9403,18.660683
2.66615,18.660683
30.2328,18.660683
0.465225,18.660683
60.8617,18.660683
96.9964,18.660683
8.8373,18.660683
1.74564,18.660683
20.7938,18.660683
16.651,18.660683
0.0179047,18.660683
0.0,18.660683
49.3187,18.660683
29.1625,18.660683
0.0,18.660683
0.0,18.660683
0.690548,18.660683
30.0052,18.660683
8.54891,18.660683
9.4149,18.660683
34.3872,18.660683
0.143328,18.660683
3.34962,18.660683
0.306591,18.660683
0.0,18.660683
0.0105311,18.660683
11.8048,18.660683
0.193627,18.660683
0.051393,18.660683
0.0,18.660683
0.0,18.660683
135.348,18.660683
1.02096,18.660683
1.04382,18.660683
22.1781,18.660683
3.72328,18.660683
7.38977,18.660683
7.89797,18.660683
15.3317,18.660683
0.0,18.660683
0.0,18.660683
6.84802,18.660683
0.0,18.660683
7.13458,18.660683
0.0,18.660683
21.1058,18.660683
0.0,18.660683
7.85865,18.660683
6.51382,18.660683
0.0401582,18.660683
0.0,18.660683
0.0,18.660683
7.67185,18.660683
57.3396,18.660683
0.0,18.660683
9.60521,18.660683
0.0,18.660683
22.9447,18.660683
22.0206,18.660683
1.9201,18.660683
0.0,18.660683
0.0,18.660683
0.0,18.660683
0.523938,18.660683
17.8964,18.660683
1.68959,18.660683
0.0270283,18.660683
0.118235,18.660683
9.59899,18.660683
0.0,18.660683
0.0,18.660683
0.0,18.660683
18.1224,18.660683
11.0977,18.660683
0.0102758,18.660683
5.02155,18.660683
0.73739,18.660683
39.0521,18.660683
30.4823,18.660683
13.3605,18.660683
0.0,18.660683
0.40574,18.660683
0.0,18.660683
0.0175659,18.660683
1.69861,18.660683
12.2738,18.660683
74.6795,18.660683
1.18369,18.660683
7.50482,18.660683
0.551782,18.660683
5.35847,18.660683
20.1574,18.660683
8.18569,18.660683
80.0908,18.660683
28.1376,18.660683
0.387586,18.660683
3.30789,18.660683
0.0105662,18.660683
0.222996,18.660683
0.0,18.660683
1.15544,18.660683
0.0,18.660683
16.1453,18.660683
18.3856,18.660683
0.0541491,18.660683
8.94489,18.660683
10.6702,18.660683
0.0,18.660683
8.51827,18.660683
0.0104653,18.660683
60.2093,18.660683
0.0,18.660683
1.15643,18.660683
15.3911,18.660683
45.9377,18.660683
3.84675,18.660683
0.0324739,18.660683
88.224,18.660683
0.53003,18.660683
0.0,18.660683
0.600088,18.660683
21.411,18.660683
0.0,18.660683
8.67667,18.660683
0.0,18.660683
7.28674,18.660683
4.80848,18.660683
5.36806,18.660683
0.0,18.660683
3.41602,18.660683
0.0,18.660683
0.868541,18.660683
0.0,18.660683
6.35632,18.660683
2.92734,18.660683
0.0,18.660683
0.053634,18.660683
0.0109566,18.660683
24.8391,18.660683
0.0,18.660683
19.2937,18.660683
0.0,18.660683
3.55422,18.660683
0.0,18.660683
0.0,18.660683
0.0,18.660683
2.48352,18.660683
18.8462,18.660683
0.0,18.660683
97.7892,18.660683
0.0,18.660683
74.3385,18.660683
72.1635,18.660683
0.0175253,18.660683
8.80633,18.660683
1.18369,18.660683
24.01,18.660683
26.3643,18.660683
0.568928,18.660683
4.47958,18.660683
11.925,18.660683
0.0556715,18.660683
4.92681,18.660683
0.318196,18.660683
0.0,18.660683
0.207055,18.660683
0.0,18.660683
0.0,18.660683
0.0,18.660683
6.08398,18.660683
7.9698,18.660683
0.0803287,18.660683
9.50146,18.660683
0.05784,18.660683
0.0171162,18.660683
0.487407,18.660683
14.8365,18.660683
0.0186586,18.660683
0.0,18.660683
0.0256659,18.660683
0.0,18.660683
0.0,18.660683
0.0,18.660683
0.0,18.660683
6.37074,18.660683
0.38795,18.660683
0.0,18.660683
0.311563,18.660683
0.0,18.660683
0.0095824,18.660683
0.0,18.660683
0.0,18.660683
10.5992,18.660683
2.96133,18.660683
0.0,18.660683
0.0,18.660683
0.0,18.660683
0.0,18.660683
0.0,18.660683
0.00521469,18.660683
0.0,18.660683
0.709381,18.660683
47.4526,18.660683
0.921524,18.660683
0.0,18.660683
19.0873,18.660683
0.0,18.660683
22.5498,18.660683
3.8158,18.660683
8.16661,18.660683
13.0123,18.660683
63.9287,18.660683
0.0372422,18.660683
0.0,18.660683
5.78663,18.660683
0.0,18.660683
0.0,18.660683
9.31878,18.660683
19.1878,18.660683
0.0623884,18.660683
17.0974,18.660683
0.0,18.660683
3.90281,18.660683
0.75264,18.660683
0.0,18.660683
11.6433,18.660683
0.210886,18.660683
0.0233073,18.660683
5.31933,18.660683
0.431369,18.660683
0.16686,18.660683
21.4206,18.660683
0.0,18.660683
0.0,18.660683
0.0,18.660683
2.04957,18.660683
1.84812,18.660683
1.40311,18.660683
0.0,18.660683
0.0354006,18.660683
5.54151,18.660683
0.0,18.660683
0.0,18.660683
0.0445317,18.660683
0.0176443,18.660683
0.0,18.660683
9.4149,18.660683
21.9108,18.660683
0.0,18.660683
0.944647,18.660683
0.720367,18.660683
19.1565,18.660683
0.0,18.660683
0.0,18.660683
0.0,18.660683
0.0,18.660683
0.0274204,18.660683
1231.18,18.660683
0.0,18.660683
10.3601,18.660683
0.0,18.660683
22.6392,18.660683
0.0,18.660683
6.75583,18.660683
0.0,18.660683
0.0,18.660683
0.180222,18.660683
4.12583,18.660683
3.78142,18.660683
0.571642,18.660683
0.024356,18.660683
221.788,18.660683
1.00717,18.660683
0.0,18.660683
0.304523,18.660683
4.85934,18.660683
20.3765,18.660683
0.0355344,18.660683
0.0,18.660683
0.0,18.660683
46.1839,18.660683
0.0,18.660683
0.712285,18.660683
0.0,18.660683
1.58275,18.660683
0.0278994,18.660683
0.0247339,18.660683
0.645114,18.660683
0.0,18.660683
0.0413947,18.660683
0.251745,18.660683
0.0,18.660683
0.0,18.660683
5.42813,18.660683
0.0,18.660683
0.0,18.660683
32.6081,18.660683
20.3793,18.660683
9.4149,18.660683
143.223,18.660683
0.0376121,18.660683
7.24983,18.660683
3.90281,18.660683
0.0,18.660683
0.0,18.660683
0.0,18.660683
0.0,18.660683
41.4786,18.660683
37.4822,18.660683
1.91787,18.660683
35.8779,18.660683
4.61967,18.660683
5.64967,18.660683
1.67606,18.660683
0.0533205,18.660683
31.8361,18.660683
0.195798,18.660683
4.252,18.660683
0.0,18.660683
3.93245,18.660683
16.075,18.660683
0.156531,18.660683
15.4888,18.660683
0.0,18.660683
7.77633,18.660683
4.51348,18.660683
0.075898,18.660683
0.19158,18.660683
6.04453,18.660683
0.0,18.660683
36.1924,18.660683
0.0,18.660683
0.0,18.660683
0.0,18.660683
6.17769,18.660683
23.5057,18.660683
0.051393,18.660683
163.165,18.660683
0.189067,18.660683
0.0,18.660683
1045.48,18.660683
1.47888,18.660683
2.47663,18.660683
18.2498,18.660683
0.0,18.660683
28.7141,18.660683
0.836202,18.660683
6.7752,18.660683
0.0,18.660683
5.39369,18.660683
11.9358,18.660683
0.0,18.660683
4.27785,18.660683
0.0,18.660683
0.391701,18.660683
7.72727,18.660683
0.0,18.660683
23.1255,18.660683
18.7132,18.660683
1.78476,18.660683
16.4448,18.660683
0.0198062,18.660683
0.0,18.660683
0.0,18.660683
16.2904,18.660683
1312.75,18.660683
0.0,18.660683
0.0546641,18.660683
0.0166473,18.660683
0.0623884,18.660683
0.0,18.660683
16.167,18.660683
1.80725,18.660683
0.0,18.660683
0.620975,18.660683
1.17115,18.660683
0.0264059,18.660683
25.1371,18.660683
4.85574,18.660683
0.0165863,18.660683
0.0,18.660683
0.0,18.660683
40.9894,18.660683
34.8431,18.660683
0.0,18.660683
15.0934,18.660683
0.0,18.660683
1.20083,18.660683
0.0431546,18.660683
0.0783148,18.660683
13.3234,18.660683
0.431208,18.660683
0.0,18.660683
0.0328138,18.660683
0.0175519,18.660683
10.775,18.660683
0.66808,18.660683
17.2617,18.660683
0.0652121,18.660683
0.0,18.660683
3.9038,18.660683
0.0,18.660683
0.0,18.660683
0.948007,18.660683
0.0757449,18.660683
0.0,18.660683
15.8554,18.660683
127.197,18.660683
4.63845,18.660683
7.56531,18.660683
131.913,18.660683
12.8278,18.660683
0.0,18.660683
0.0,18.660683
0.0,18.660683
5.34906,18.660683
16.4448,18.660683
0.0584078,18.660683
14.0341,18.660683
0.0,18.660683
1.15144,18.660683
0.0,18.660683
17.243,18.660683
24.7055,18.660683
0.0,18.660683
5.54151,18.660683
9.47653,18.660683
0.0,18.660683
5.38804,18.660683
0.0,18.660683
1.27446,18.660683
18.6327,18.660683
171.987,18.660683
8.18569,18.660683
2.13995,18.660683
19.0443,18.660683
9.53228,18.660683
226.209,18.660683
0.0,18.660683
0.0,18.660683
3.43098,18.660683
0.0,18.660683
0.0,18.660683
0.0810239,18.660683
0.0107011,18.660683
45.1614,18.660683
0.0,18.660683
0.0304709,18.660683
7.34111,18.660683
0.0,18.660683
0.03394,18.660683
0.02025,18.660683
0.0645255,18.660683
5.1564,18.660683
5.89065,18.660683
19.6408,18.660683
6.61661,18.660683
13.1106,18.660683
8.76368,18.660683
0.0,18.660683
12.3578,18.660683
0.0,18.660683
0.33863,18.660683
0.0297015,18.660683
4.28886,18.660683
0.025486,18.660683
11.3911,18.660683
9.33523,18.660683
19.5016,18.660683
11.3911,18.660683
0.102663,18.660683
0.029949,18.660683
755.335,18.660683
127.057,18.660683
12.9993,18.660683
7.44957,18.660683
0.0272456,18.660683
0.0,18.660683
323.72,18.660683
1.02096,18.660683
0.00807543,18.660683
0.173498,18.660683
25.8726,18.660683
10.9414,18.660683
211.163,18.660683
52.1071,18.660683
10.7396,18.660683
0.0,18.660683
0.0657912,18.660683
0.080121,18.660683
1.2714,18.660683
0.0,18.660683
31.6466,18.660683
6.32027,18.660683
10.9808,18.660683
6.1193,18.660683
22.2086,18.660683
24.7151,18.660683
0.0,18.660683
0.140786,18.660683
20.1486,18.660683
31.6073,18.660683
43.9011,18.660683
0.0181711,18.660683
0.0,18.660683
2.47586,18.660683
0.0,18.660683
11.566,18.660683
0.174932,18.660683
7.88268,18.660683
2.29405,18.660683
12.4639,18.660683
1.26006,18.660683
22.2555,18.660683
0.0,18.660683
9.91484,18.660683
29.7447,18.660683
1.69555,18.660683
64.8804,18.660683
0.0,18.660683
0.0,18.660683
0.0,18.660683
0.0,18.660683
14.5422,18.660683
145.657,18.660683
45.6525,18.660683
0.202142,18.660683
0.0,18.660683
0.00684528,18.660683
3.95256,18.660683
0.0,18.660683
11.6114,18.660683
0.836064,18.660683
81.5728,18.660683
0.0,18.660683
0.0227304,18.660683
3.84675,18.660683
0.099321,18.660683
3.31365,18.660683
57.049,18.660683
0.0,18.660683
0.00596473,18.660683
0.0,18.660683
2.61378,18.660683
6.33662,18.660683
0.0,18.660683
0.0,18.660683
38.704,18.660683
34.3512,18.660683
4.03114,18.660683
30.306,18.660683
10.8734,18.660683
2.73699,18.660683
11.5285,18.660683
0.0181138,18.660683
0.0530535,18.660683
0.182358,18.660683
0.0,18.660683
9.27441,18.660683
0.00433382,18.660683
16.6281,18.660683
0.28751,18.660683
77.0235,18.660683
38.704,18.660683
0.0296009,18.660683
0.0758396,18.660683
0.0489275,18.660683
8.51378,18.660683
21.5146,18.660683
0.0657912,18.660683
9.24052,18.660683
0.0,18.660683
0.0,18.660683
0.0,18.660683
1.7845,18.660683
501.184,18.660683
16.061,18.660683
0.609691,18.660683
8.98122,18.660683
0.161006,18.660683
0.0,18.660683
0.0,18.660683
0.152698,18.660683
0.0219642,18.660683
0.044806,18.660683
14.3224,18.660683
0.0097177,18.660683
3.28352,18.660683
0.0,18.660683
20.6263,18.660683
64.8804,18.660683
11.1811,18.660683
29.3879,18.660683
95.5694,18.660683
0.0,18.660683
85.6316,18.660683
6.85145,18.660683
0.0,18.660683
62.2277,18.660683
0.195212,18.660683
0.020618,18.660683
0.00610409,18.660683
0.180045,18.660683
0.146124,18.660683
11.7411,18.660683
0.0,18.660683
4.68443,18.660683
36.0404,18.660683
0.0478645,18.660683
0.0,18.660683
0.678751,18.660683
5.64451,18.660683
0.361121,18.660683
0.0,18.660683
9.58637,18.660683
1.20083,18.660683
11.104,18.660683
0.749724,18.660683
10.1635,18.660683
0.0,18.660683
115.406,18.660683
6.59443,18.660683
0.0274204,18.660683
0.0,18.660683
8.36759,18.660683
0.414039,18.660683
5.05107,18.660683
30.6925,18.660683
2.05356,18.660683
19.8574,18.660683
0.0,18.660683
0.625926,18.660683
0.292217,18.660683
2.38815,18.660683
20.1487,18.660683
145.657,18.660683
0.0,18.660683
31.6525,18.660683
21.5036,18.660683
7.59087,18.660683
72.3697,18.660683
6.53582,18.660683
19.0973,18.660683
24.5835,18.660683
0.0,18.660683
0.0,18.660683
0.0258179,18.660683
0.0501277,18.660683
47.44,18.660683
24.1123,18.660683
0.18013,18.660683
2.73699,18.660683
0.568557,18.660683
16.4118,18.660683
0.0,18.660683
1.67192,18.660683
0.0,18.660683
15.2282,18.660683
0.0,18.660683
0.0,18.660683
