True Values,Predictions
0.0,3.866198
0.0,3.866198
0.0782644,3.866198
0.00575578,3.866198
13.9542,3.175953
0.0,3.866198
0.66091,3.866198
0.0879039,3.866198
27.5158,22.279345
122.832,115.4029
15.1356,14.63368
57.7158,57.479733
3.77479,10.42687
3.17463,3.866198
9.45517,8.687882
12.3578,12.354489
3.95256,3.866198
0.0,3.866198
75.9546,77.10822
0.0,-0.23992741
8.49454,8.351163
7.2347,8.7730875
0.0703577,-0.14065254
0.0,3.866198
0.0,3.5234146
38.21,11.372405
0.0,3.866198
2.06445,6.259657
0.113605,63.357815
24.0097,31.519869
18.2853,8.672116
0.0607464,-0.6264868
0.0,6.9968033
62.0056,61.264362
0.0503269,-0.6161722
4.79727,3.866198
16.9263,17.381645
0.042854,0.10394204
11.7977,11.808108
0.0,3.866198
16.5368,15.676749
20.7045,8.642273
5.59568,35.53922
0.0,-0.19739097
23.1255,22.977577
5.34906,1.0623897
5.52779,7.2669296
67.7821,65.906105
6.40323,24.606697
0.0921453,0.34998405
6.73907,5.9053326
0.0,3.866198
0.108294,-0.03961718
4.43062,3.6813612
0.0,-0.30155146
27.5158,22.795513
5.74901,4.182444
0.0367926,40.879143
0.223818,3.866198
33.0915,31.536636
2.97393,3.5556097
6.77438,6.699169
0.0,3.866198
5.20467,5.5462146
0.0362957,-0.09542787
16.8101,16.200735
11.3986,25.142065
0.326888,3.866198
0.0230882,39.68336
0.0471918,3.866198
0.0303503,3.866198
10.3085,10.645014
0.0,3.866198
0.144784,-0.18076289
11.1251,10.991664
0.0,3.866198
0.0615141,3.866198
8.98122,15.16555
0.114685,11.809899
0.00805205,0.13818586
77.4792,72.197426
86.9453,94.684074
0.0,0.19539487
0.0,-0.1940993
18.4586,14.976294
5.97234,5.115547
0.0,3.866198
0.0,3.866198
10.1753,9.951216
10.6686,9.711332
0.0443369,-0.3641144
11.0104,10.476917
13.7455,4.625928
128.763,123.83659
23.569,23.31148
0.0,-0.43532753
0.0,20.256893
0.0149761,-0.05842662
14.7039,1.9752555
12.3578,12.354489
619.796,274.28452
0.0,3.866198
1.55502,4.943609
1.63821,5.5727806
0.0,3.866198
3.74162,3.4410243
5.1564,4.8026876
12.8249,13.16238
0.0,3.866198
4.0341,3.0744796
0.233384,274.28452
0.0,3.866198
4.40395,51.185402
0.143328,-0.318851
18.8009,18.263952
0.0,3.866198
0.0,3.866198
0.0,3.866198
0.0,3.866198
131.913,71.18433
5.85859,5.9392405
0.0,3.866198
0.0,3.866198
0.0,-0.048319936
10.2142,6.013235
15.332,15.419632
1.56213,3.866198
185.622,3.866198
46.8588,46.783566
9.31878,8.991424
12.7752,12.219522
7.79231,7.0711656
5.83212,5.4596643
9.4149,9.329931
3.49699,2.315349
10.0626,10.33544
0.0,3.866198
1.54364,1.4766465
67.7957,20.245893
5.14796,5.211972
0.0408511,8.1342745
0.0,-0.26810443
229.09,216.70216
0.0,3.866198
3.78142,3.226221
0.0455359,3.866198
32.8961,9.068235
2.59898,2.1878586
26.5832,7.777649
2.15237,9.707067
0.0,3.866198
1.37625,3.866198
0.287353,3.866198
0.0,-0.1940993
1.25708,1.2049173
22.6392,23.197472
0.0187744,3.866198
2.21442,0.28771043
28.4181,29.08633
0.690993,9.928122
0.092315,-0.21078867
35.2742,33.837948
21.6219,24.526173
60.3717,59.31749
1.05603,-0.18726623
17.4142,16.624691
0.16686,-0.09281641
15.6106,14.991409
0.0264222,3.866198
0.0,0.015865207
0.0,3.866198
6.58066,5.854202
0.0,-0.26854706
5.77299,5.5180798
0.0,3.866198
49.0173,46.205387
8.16661,8.447303
0.0,3.866198
2.93367,6.0685353
6.51382,2.8785033
52.0819,52.614136
0.0229089,3.8024058
0.096906,3.866198
0.0754227,3.866198
10.2716,3.1575427
1.27446,11.794966
7.88354,8.433605
0.770695,1.0472271
5.02155,4.1738653
0.0262705,3.866198
0.0781199,-0.09009457
2.39287,4.073786
1.87517,2.6558666
18.8462,18.728897
0.147257,3.866198
16.3921,3.866198
0.0,3.850069
78.8296,44.897526
12.5145,12.120887
0.0,-0.5364593
0.745192,3.866198
0.0,3.866198
6.31848,6.3559885
0.0,3.866198
0.0,3.866198
29.3384,28.511024
8.76789,0.41130376
28.7411,28.59015
7.88359,6.993141
0.0387366,3.866198
0.0,3.866198
0.0,3.9372663
0.0,3.705986
5.75467,5.5307107
5.19545,31.615217
1.97158,1.1378452
3.62445,3.59053
2.69744,0.92171943
15.2823,17.214672
4.74985,4.5313725
41.2784,32.67907
41.4786,40.451424
0.0,3.866198
188.562,35.134487
18.9655,18.827375
9.31878,8.991424
0.0,2.0420651
12.3578,12.354489
0.0201047,15.650385
0.0,3.866198
0.430381,2.0364718
26.5298,2.243983
0.0,3.866198
11.5865,17.689545
10.5992,10.683914
3.68977,3.4361773
13.3042,6.6117535
0.0,3.866198
5.59568,34.261448
3.38696,16.37754
13.4342,13.051201
0.0,3.866198
16.7901,16.756718
24.2557,0.54813516
0.0,3.866198
0.0,13.026962
0.0,-0.2437396
9.18444,8.545317
0.0,3.866198
12.3578,12.354489
0.0,3.884366
0.0,-0.555868
4.42726,5.8567185
2.59898,2.4769878
9.8331,12.551556
0.0,3.866198
18.2676,17.576761
0.0558077,3.866198
0.207426,3.866198
32.8704,33.400444
21.3463,20.900272
0.0,3.866198
197.497,91.7618
5.64259,1.1719613
257.44,111.29949
10.4559,9.630692
6.2425,20.591532
2.56689,3.298986
13.3117,13.073896
38.7908,40.210224
0.0415987,0.36072493
0.0,3.866198
0.0,3.866198
4.74985,4.5313725
1.03622,3.866198
31.889,30.86285
0.0,10.657299
115.716,48.380005
21.3134,4.35765
0.0514485,11.287183
22.5227,21.913595
0.0606786,3.866198
0.0,3.866198
12.6291,13.150358
0.0177207,3.866198
0.116024,1.7109542
0.0,-0.36861742
0.0151055,3.866198
5.16818,5.488173
6.5387,14.6866455
0.0426607,3.866198
15.4143,4.7960305
0.0339202,3.866198
11.9164,3.5234146
0.0,1.2577593
11.8502,3.4691377
12.5945,3.7698689
0.0,3.866198
0.0,3.866198
0.0,3.866198
0.0672646,3.866198
4.64645,4.3009286
0.186552,0.7362896
0.223349,0.24789643
0.144784,-0.18076289
0.0,35.885117
2.34811,26.296707
0.0129911,3.866198
0.0,4.6261816
16.0374,26.022076
0.0,1.6185912
8.203,7.984654
0.132043,3.866198
26.7264,50.863907
0.0,3.866198
1.46693,4.3054156
23.5057,23.750252
36.5753,37.839832
11.2349,11.247646
16.4925,16.280605
0.0,0.040878415
0.0,-0.028482318
51.2472,50.106842
0.0,3.866198
19.6539,19.964773
6.87894,6.396353
30.4823,13.026962
4.70154,6.0645647
9.31878,8.991424
1.68702,11.738922
0.355747,0.51395357
23.6547,23.692314
14.8266,14.519199
0.0752463,3.866198
0.0,3.955937
0.0,3.866198
76.4643,15.966182
11.6645,10.749613
7.14585,3.866198
0.0190806,-0.26101696
0.0648146,0.56074405
18.9655,18.827375
77.0235,74.53715
0.202952,0.021903276
0.192117,3.866198
0.106015,1.7411793
8.80649,10.634297
9.36233,3.9815779
0.0,3.866198
0.598492,53.374733
3.08732,3.866198
10.5992,10.683914
14.8348,6.3731775
0.0285535,-0.12997317
1.26098,2.6361532
2.28143,42.481953
0.0,3.866198
0.0109604,3.866198
0.0,42.10541
6.75583,5.805629
13.3761,77.26912
0.0541491,3.866198
0.483763,9.136978
10.6954,10.25598
0.0,3.866198
0.0,3.866198
0.0349605,7.9769707
8.54713,60.866245
8.30396,7.878004
13.9482,52.449566
8.7999,9.5381155
9.95179,9.792655
20.328,44.863186
0.0,3.866198
9.36233,3.9815779
0.269299,-0.1685189
7.56243,1.3504635
0.0,3.866198
0.23815,3.866198
12.4414,12.276843
0.0315748,0.012181282
0.730467,5.854697
0.0601238,3.866198
6.28842,3.9295764
14.8266,14.519199
0.0412964,6.854805
8.57879,10.253339
0.163484,3.866198
5.26338,2.70708
0.36302,-0.17424405
0.268727,3.866198
11.9358,11.814865
0.49207,0.24118185
6.00461,6.1633234
0.287353,3.866198
0.276187,-0.048792005
0.0320994,-0.06834161
0.0582332,3.866198
0.138989,-0.24877763
0.0,-0.30646026
0.0,3.866198
1.13553,13.544327
1.06258,1.0229876
15.8812,14.668579
0.025486,2.9681478
0.0,3.866198
21.5912,22.924353
0.0303929,-0.081158996
0.0,3.866198
21.4343,8.982882
0.0,6.6619825
0.0,-0.19739097
23.5049,13.187
9.40875,17.627527
0.663635,0.9602191
11.1051,5.8177104
7.32356,5.925621
0.0,3.866198
1.84488,9.530608
6.70053,6.446148
26.9294,11.644199
0.0394935,3.866198
29.9351,32.484623
0.0183687,-0.34239233
20.3765,5.2011514
0.0,3.866198
10.4316,3.866198
1.31195,3.866198
60.3985,59.87875
2.66844,2.051628
34.254,12.981451
0.0,0.10516882
0.0,3.866198
0.211532,3.866198
12.0457,11.767435
3.42946,2.926651
7.09675,18.196041
0.465225,0.029443622
0.0,3.866198
5.52068,5.437191
0.0,3.866198
16.1449,16.34664
42.7111,40.255424
0.0916607,1.3023015
28.7819,30.003277
18.0724,17.737522
0.94857,0.5108386
0.0,6.6619825
0.0,3.866198
5.52779,7.2669296
1.54364,1.4766465
15.1751,20.259903
3.8263,2.7939782
16.2454,14.684788
3.92803,5.200404
0.0,3.866198
0.0,3.866198
0.0,3.866198
0.02025,3.866198
0.571642,0.5465895
0.571642,3.866198
7.59372,16.333225
0.0,3.866198
0.0683726,-0.038307786
0.0,0.85024714
0.0,3.866198
1.15824,0.70089316
119.268,3.866198
4.03114,3.6116285
3.8158,3.3950953
2.87896,2.2702641
43.9186,44.874817
7.39603,6.50857
0.0,3.866198
0.0,1.3641299
31.889,30.86285
40.2252,39.942543
22.6272,22.826422
0.699727,11.832598
0.0,13.991042
0.0,3.866198
13.2992,13.170211
0.10356,29.307766
0.301423,4.7960305
2.39114,2.3531294
0.181382,79.78874
0.240296,3.866198
3.567,3.2113419
0.0,3.866198
1160.7,1376.279
0.0,3.866198
11.6645,10.749613
0.0,3.866198
0.571642,0.5465895
71.0243,69.36857
53.7064,53.9268
0.205377,0.0763253
0.0,3.866198
0.0324436,3.866198
59.9702,42.795876
0.0,3.866198
10.0159,9.286448
1.51571,1.1830736
0.0,12.95639
0.0844384,3.866198
0.242381,0.037577152
0.0930278,4.486525
7.75683,7.517309
0.0148986,3.866198
1.66884,21.914999
0.0733279,3.866198
0.150812,3.866198
7.03447,5.957183
13.4342,13.051201
7.13458,7.0071945
0.0,3.866198
0.0455585,3.866198
3.93245,3.751593
0.0,3.866198
1.78478,1.7555753
0.0,-0.5493964
0.0,3.866198
0.0,-0.3904233
42.7111,40.255424
795.558,14.132381
27.8933,29.740042
3.53838,55.270878
0.0,3.866198
53.941,53.249302
3.90281,1.5315112
154.968,150.57994
19.9297,19.897888
0.0,3.866198
44.9807,42.330868
0.0,23.778397
4.95834,4.619131
0.0310379,3.866198
0.0190806,-0.26101696
9.01874,6.4330926
4.1077,3.6450214
17.9272,25.023697
0.0,3.866198
4.48371,3.866198
0.086773,3.9262967
0.443035,6.9004555
0.365597,9.891888
8.26953,9.323219
0.0,11.514053
3.10796,15.934785
4.49545,20.157207
17.243,5.6977654
0.0,0.20640719
0.0978433,3.866198
6.73429,6.963818
31.889,30.86285
17.4093,21.108326
9.41273,9.156488
2.29465,9.733015
12.3578,12.354489
35.6083,33.620686
0.0,3.866198
24.0658,25.025566
3.14507,15.959711
0.250134,3.866198
158.563,157.74602
7.70166,7.580614
185.622,3.866198
0.0,-0.55060637
1.63159,3.866198
0.0,-0.054055452
88.4875,3.866198
3.95256,4.227447
7.51521,34.040916
0.095025,-0.04601729
137.862,133.57185
19.4241,19.357958
0.0,3.866198
0.0585232,4.2585163
238.224,18.331068
6.33957,6.8557634
19.1256,17.283636
13.4342,13.051201
5.39411,4.85826
16.1817,15.890583
0.0390588,3.866198
12.3578,12.354489
0.0,3.866198
0.0,-0.10421717
0.0972054,3.866198
8.42446,8.339625
0.125719,-0.054055452
0.0,20.12592
0.0,4.4932084
4.92908,5.003652
10.7948,9.955368
52.0819,52.614136
4.6505,4.372197
11.6269,10.746547
0.0478645,-0.29623044
39.5207,40.66797
2.2972,4.9194775
0.0933876,-0.19122303
0.0,3.866198
3.93496,5.2598624
0.147257,3.866198
0.631495,3.1639872
4.74741,2.5294375
0.0,3.866198
0.0,-0.49189985
6.78017,31.789577
9.18391,14.972706
20.9778,20.879467
0.0,-0.017983794
11.6645,10.749613
1.58686,5.1225305
0.0,0.15575778
0.0301525,-0.47645473
0.825871,12.799488
11.0111,10.349182
0.0,3.866198
0.0385982,3.866198
2.02248,-0.1940993
6.4931,6.3528023
7.94747,7.591982
164.459,177.97789
30.345,30.677345
1.14478,2.564866
1.24121,3.866198
5.09374,31.79229
13.5696,4.191219
0.0309695,3.76268
91.3823,84.49911
1.60828,0.7116115
0.0,-0.21955562
14.4902,14.418837
0.0,3.866198
4.99855,4.684406
0.0572685,3.866198
0.249562,-0.08223307
0.0,3.866198
0.0,3.294129
5.84351,4.7582254
0.0124043,8.525902
53.5033,53.04762
0.994498,42.98172
0.0,3.866198
0.080121,3.866198
0.0,3.866198
3.32396,2.4036753
1.3833,7.986068
12.3842,3.8798866
0.0,4.7335024
14.3224,13.696756
0.0,3.866198
0.430817,18.361645
0.0,3.866198
0.0,33.46329
10.1699,8.427861
0.0256138,-0.1843251
0.038988,4.741801
8.4727,9.3337755
14.7874,14.385496
12.3135,18.770613
1.96863,1.8596164
2.95128,0.72675586
3.17463,3.866198
5.33753,5.396867
17.243,5.6977654
8.8137,2.3063788
0.0,3.866198
0.0,3.866198
0.0,3.866198
0.0,6.0870895
3.84675,1.7259667
0.0,3.866198
0.0342283,3.866198
10.9407,10.932291
18.3232,32.870647
0.368738,3.866198
13.1349,11.973072
4.91134,6.104054
9.57138,20.687428
0.0,2.6361532
0.284313,3.866198
0.0916382,17.154736
157.205,57.908955
0.0408511,8.1342745
14.8348,6.3731775
0.0,3.866198
0.0,3.866198
0.0,4.8026876
0.0423201,0.4186334
0.153789,3.866198
0.0513269,15.490902
19.5016,19.171928
7.93916,7.610563
0.274148,2.2458134
0.0,3.866198
1.06258,1.0229876
0.0,-0.08605504
25.1705,22.539902
0.0546641,3.866198
72.1933,0.035815477
0.31996,1.1392415
125.393,56.08388
0.0,3.866198
0.0,-0.10173422
0.316666,3.866198
22.4628,3.866198
17.5554,48.94886
0.160974,12.951613
0.0,3.866198
0.0471679,3.866198
2.84066,2.3420277
3.68317,3.76268
0.0,3.866198
0.127807,3.866198
6.33662,6.0908475
6.75941,21.058914
6.58066,5.854202
0.0,3.866198
3.0564,2.851295
1.1717,10.070728
6.18583,6.121459
28.3844,27.826454
0.444659,3.866198
0.368738,4.4278336
11.6645,10.749613
0.120171,3.8631701
0.196355,3.5813336
1.14724,19.245655
75.4154,36.516834
4.87503,9.844765
0.0,3.866198
3.44301,17.80027
0.138812,3.866198
0.0,3.866198
0.119957,2.060156
110.799,70.466194
0.02025,3.866198
0.0139834,3.866198
0.0594986,3.866198
0.0,0.9673898
0.030774,-0.16167104
13.3781,13.695937
19.7884,29.980682
5.39411,4.5444255
4.16915,84.21342
0.0412964,-1.5423149
10.0255,2.2757096
0.133885,3.866198
158.563,157.74602
37.3936,7.7816114
0.0,3.8795667
5.43982,5.260481
15.7833,0.4070369
4.06206,0.89971447
3.01746,24.415836
0.0,3.8134112
213.647,216.65532
0.0734236,0.53624487
0.0,3.866198
26.7938,26.431158
0.0,3.866198
0.0261162,-0.36270154
101.91,92.55581
13.1239,12.779419
5.3585,7.350521
0.702268,0.24006331
0.0,3.9272661
1.70305,3.866198
0.302419,3.866198
0.100968,7.5883446
0.0,3.866198
0.364178,5.885317
0.289861,0.044855356
2.22872,3.9469342
14.9777,11.804691
0.0,3.866198
9.97045,65.82536
0.493416,4.901303
0.044921,-0.59888256
0.0,-0.13726282
47.5839,45.39091
0.0,3.866198
5.75467,5.5307107
15.9221,15.664328
0.0,3.866198
0.0,3.866198
4.21751,3.9443235
35.4133,31.147327
20.7139,21.394886
0.318955,0.5342064
0.217464,1.3976902
0.0,-0.26010764
132.356,116.29383
0.0739612,4.0279927
5.75256,6.049918
0.0,3.866198
1.06258,1.0229876
0.0634393,0.21744955
0.0,3.866198
0.0,3.866198
8.98008,8.469708
0.0,-0.49189985
4.27029,3.7593331
15.6481,14.873714
3.04662,2.529086
12.5184,12.108688
6.58449,3.866198
11.0266,3.826126
23.8569,23.66432
8.74897,8.56972
2.70275,7.1415462
15.7891,12.363841
238.224,211.20949
0.0,18.597256
0.0552115,32.201984
0.277669,4.9653835
0.0,-0.490986
7.67185,6.0976944
72.0507,80.315094
14.6555,2.9704385
0.0466107,21.91793
37.053,39.366703
22.1832,10.523003
19.4241,19.357958
0.0,3.866198
0.546353,3.866198
0.0,3.866198
0.394956,4.3650446
38.704,38.16728
0.0,3.866198
0.0,-0.017983794
0.081201,0.107908845
74.3385,73.80331
0.0,3.866198
6.82818,8.486463
397.601,189.23189
7.93361,7.8773336
0.0,3.866198
13.5817,25.005932
8.30447,4.1312957
0.0,3.866198
0.0,3.866198
0.0613384,41.405178
0.536926,0.27746904
0.0,3.866198
0.0,2.315349
0.0,-0.089482784
6.32027,6.1703653
0.220335,39.699146
5.39411,4.5444255
21.3463,20.900272
9.70645,1.5773859
60.9116,55.934807
0.0219642,1.395626
0.528339,5.138508
4.29189,4.3294716
0.0261254,3.866198
0.0,3.866198
0.0,3.866198
0.0391943,3.866198
0.0,-0.14894086
7.56916,4.4278336
1.83753,86.544395
0.0,3.866198
0.00379472,17.35628
0.641061,3.866198
18.0396,21.580688
24.4512,14.005426
1.53993,31.176249
0.0100148,3.866198
7.84897,21.384657
15.4143,4.7960305
0.0,3.866198
8.46153,5.5002937
5.78663,5.3719907
0.030252,3.435758
0.0,3.866198
1.51667,1.4264425
0.0,3.866198
0.0439948,3.866198
74.3385,73.69287
9.4149,9.329931
2.70478,2.5950456
12.766,11.0426445
1.32143,6.2293415
61.7468,36.193783
3.51916,12.265114
3.21659,10.813452
0.229703,7.636917
8.44341,4.2606936
2.54224,1.6809975
0.0,3.866198
2.58962,20.729736
0.0272644,-0.31329358
12.3578,12.354489
0.0,3.866198
19.3196,19.011604
0.0,2.5516715
63.9287,29.868223
0.0973819,3.866198
0.026162,6.9789286
0.0319017,0.4341377
0.0,3.866198
5.59409,3.866198
0.0,3.866198
20.3765,6.6619825
32.2659,31.047321
0.442296,26.147884
0.0,4.2869425
89.741,86.724686
6.54572,6.517311
2.49685,189.23189
0.0180422,3.3131342
8.17468,12.65205
8.18264,8.782851
103.289,88.071945
3.12215,2.7023258
4.34034,4.10084
26.1965,25.64138
4.85574,4.886989
0.127069,18.081944
0.0,3.866198
0.0,3.9761505
7.47546,14.2680645
0.330019,3.866198
20.9778,20.879467
0.0,3.866198
0.0,-0.013439536
49.0936,48.988552
0.0,3.866198
0.0118156,3.866198
0.0,3.866198
0.0538038,0.21921599
0.0,-0.39409053
15.3148,15.203164
4.85685,2.5673919
12.9352,13.595972
23.6901,21.705078
0.473766,11.324505
47.556,14.2463455
0.0,3.866198
0.0126912,3.866198
0.0,5.29335
3.40206,3.1617799
0.0,3.866198
0.053634,3.866198
0.0,3.866198
11.754,120.86501
0.0,5.4663143
7.14585,6.8866816
30.3562,10.709871
18.0819,3.187386
5.41516,5.0629025
18.7132,18.43027
8.83965,28.399586
0.0,-0.054055452
0.0,3.866198
27.4685,19.250088
9.66222,820.99146
0.530209,0.3442906
0.0,3.866198
12.0114,11.319675
50.0068,14.984814
0.0,3.866198
0.0,3.866198
0.0,-0.82983243
41.0927,11.893332
0.0,22.894547
0.0,4.97865
1.08083,3.0180478
6.32027,6.1703653
41.4786,40.451424
0.0,6.70815
0.0215975,1.5315112
3.39243,27.02472
13.8882,14.023199
0.0,2.6361532
4.74985,4.5313725
0.0,11.692106
12.6946,59.882603
26.9829,26.801144
0.0,19.635183
0.0,3.866198
16.961,16.222956
0.0506962,3.866198
3.7689,3.7493997
11.9358,11.814865
5.52068,5.437191
0.926497,0.58368766
0.00596473,3.866198
0.0,3.866198
29.1625,28.606976
13.3136,13.153346
0.0,3.866198
26.9925,24.114462
3.90281,1.5315112
13.2992,13.170211
0.079933,297.1901
0.341669,-0.17145526
0.0,-0.29978895
0.336746,37.604458
9.42113,9.000459
0.0,3.866198
2.47703,3.866198
0.086773,0.045176864
71.0243,69.36857
1.59969,1.3414023
200.795,171.66936
0.242017,0.6430272
0.542523,7.544805
8.36011,7.0063043
86.3551,84.891396
22.2234,18.9069
45.7714,46.786324
89.6832,86.757835
0.52848,5.8927937
0.0,2.729792
89.6832,86.757835
2.81398,1.9039776
26.0107,26.43652
4.88202,5.0702014
0.0170036,4.88528
0.411317,0.27220738
26.9514,27.643362
0.0522609,3.866198
60.3458,60.909702
26.4642,11.749773
0.0,3.866198
0.0,6.044634
14.298,5.663072
1.45222,3.866198
8.74577,8.107533
0.0,3.866198
28.3842,29.262445
7.13458,7.0071945
0.0227304,0.27833402
1.52858,3.866198
0.756573,3.866198
4.29189,4.3294716
8.37909,52.767757
1.03649,38.78635
0.0398024,-0.24186146
13.3234,25.521713
6.52047,6.3730145
92.574,30.968983
0.136691,-0.11212587
6.83028,5.085964
13.9017,19.834644
14.8348,6.3731775
1.47888,5.6977654
5.35623,4.9138722
0.430381,2.0364718
24.6137,5.786227
0.104821,0.5342064
0.0189819,3.866198
74.3385,73.80331
397.601,189.23189
7.76978,6.013235
1.27008,1.5894703
4.68474,4.729363
0.0631601,53.041214
21.9927,22.009571
0.0,-0.017983794
11.5285,10.047248
0.0,3.866198
23.5057,23.115341
29.2481,46.73302
0.118235,3.866198
9.18444,8.545317
204.063,193.1769
0.0209403,3.866198
55.2517,55.228374
1.18369,0.9836472
15.8452,25.658615
6.87519,6.8413906
0.217464,1.5749614
18.2872,9.009785
0.0,3.866198
0.243547,3.866198
0.0,3.866198
12.3692,10.108674
115.716,48.380005
7.45222,6.686854
3.34477,32.939484
0.0,3.866198
0.626267,3.866198
0.0483388,3.866198
0.00691066,3.866198
16.8672,43.83272
0.0,3.866198
3.85496,3.6627173
0.0,3.866198
0.104833,10.100456
1.53964,3.866198
96.5523,95.17139
0.0,3.866198
120.835,119.7918
2.5831,11.901913
0.0,3.866198
11.3911,11.190102
3.6885,45.1395
0.0429134,2.9388103
43.8842,31.16017
0.288072,0.33062947
0.0,3.866198
1.06258,1.0229876
0.0705002,1.6044954
6.58066,5.854202
0.132446,3.866198
38.5095,20.0263
0.0503724,0.72654855
1.99183,1.7175628
0.0,0.29890263
0.0,3.866198
0.0157039,-0.009587169
11.0104,10.476917
0.0,-0.29131508
0.0,3.866198
8.78718,7.869418
0.149628,3.866198
6.71538,13.307188
0.0,3.866198
1.96747,16.728603
5.10486,4.1177464
0.0365421,6.070426
7.67293,196.48254
0.051393,6.6619825
6.72896,8.191679
0.0750536,9.130154
0.0443425,35.666943
0.0,3.866198
0.0,3.866198
6.91316,67.138756
0.0840941,12.508326
0.0289529,3.866198
3.81662,3.6549263
0.008585,3.866198
0.0362889,3.866198
17.6696,17.264772
0.0,-0.023824453
6.28842,3.9295764
0.0,3.866198
3.24636,2.9027734
0.41119,3.866198
37.1884,37.445816
19.3196,19.011604
0.0,-0.33597815
9.75266,9.258059
4.08312,4.8978353
0.166845,56.922985
0.299778,29.295958
4.14783,4.339443
0.0178473,3.866198
0.113443,3.866198
5.78663,5.3719907
3.30022,3.3522224
0.13315,-0.03557539
0.0,3.866198
5.20674,5.4324846
28.6632,3.866198
1.22072,3.866198
0.0361485,3.866198
2.74767,41.270847
19.6435,18.437252
0.042854,3.866198
19.6543,59.53092
0.775302,3.866198
0.224466,3.866198
0.0,3.866198
0.00808029,-0.09267032
37.2758,32.39868
0.0252895,3.866198
0.0585681,3.866198
1.18146,1.5894703
0.0,3.866198
0.222996,0.30583197
0.0394029,-0.096126914
24.6137,5.786227
22.9447,24.229542
0.0,12.370351
0.0,-0.87779963
0.0329641,3.866198
0.458915,3.866198
8.24252,8.2149
19.633,20.356197
0.0,3.866198
12.3578,12.354489
47.3053,5.505124
4.0694,3.9774714
0.143577,3.866198
100.959,101.015236
0.0,3.9241748
0.0,3.866198
5.78663,5.3719907
4.75134,-0.3101238
3.42381,3.0468469
0.0154189,-0.03557539
0.0,3.866198
4.85285,4.283793
9.51941,9.976409
9.4149,9.329931
9.77896,5.108913
0.0,3.5234146
30.4658,29.024418
0.0268512,-0.06598896
8.49454,8.351163
3.02521,2.705161
0.0578393,0.25645733
0.0228675,3.866198
0.0,3.866198
0.0,-0.024051428
2.08647,1.8828357
0.0,2.6361532
0.0,3.866198
21.4696,20.786184
5.06259,0.69779456
0.0,-0.07469696
74.3385,73.69287
65.702,62.283226
0.0,3.866198
0.0,-0.038307786
0.0,14.2463455
1.42276,4.439672
0.00557245,-0.41692722
0.56614,1.2931892
10.5573,8.828488
24.1472,4.3666034
0.138812,3.866198
0.0272436,7.646587
0.0,2.0485668
22.6392,23.197472
0.0,-0.017983794
0.365548,0.09266353
0.0,3.866198
18.3977,6.8531284
97.6646,96.43077
1.39755,1.1684173
0.0231969,3.866198
9.68664,9.841974
6.56271,3.866198
0.0,3.705986
23.6853,23.123064
0.0074001,3.866198
5.87127,2.979403
0.0,3.866198
0.0,3.866198
4.25339,4.404969
3.49699,1.1301343
9.26417,8.671762
21.9853,0.6106516
0.119921,4.7213845
30.1359,29.03419
0.0,3.866198
0.0,11.086123
0.0,3.866198
0.0169503,3.866198
8.45355,4.67021
25.6931,24.96673
23.9789,9.793945
0.528457,0.4070369
738.118,753.4822
0.0,3.866198
0.0,3.866198
0.0403582,0.08868492
0.0283879,3.874302
0.0,3.866198
2.93284,2.8589392
12.0159,4.0266657
0.00855462,3.8958325
12.7354,13.646442
12.6854,11.243569
162.718,84.21342
0.0498663,-0.34810138
0.0,3.866198
0.183,3.866198
0.66808,1.406546
10.6699,10.312403
1.74905,0.13704884
6.72939,5.7078557
0.0257964,0.056301355
5.72321,35.403873
1.27604,5.8177104
0.102775,2.8283453
0.0,3.866198
9.33881,7.9454126
0.150147,35.666943
30.7603,7.6577826
120.835,119.7918
6.08398,5.5733013
0.0318162,0.40841043
0.0,-0.017983794
0.0,-0.09469873
0.0134073,0.13527095
0.873785,3.866198
0.0304709,-0.3869344
0.02025,3.866198
0.0730475,6.220005
0.0,9.009785
0.0,14.659239
14.8348,7.5205436
0.318955,0.5342064
3.39633,0.83885014
48.8198,3.866198
26.5832,7.777649
0.489212,-0.14623821
15.1356,3.866198
43.6408,24.261974
14.8373,17.678143
13.176,13.961754
0.0755944,-0.4630915
18.1224,17.544018
0.0,3.866198
0.835289,7.5205436
7.70336,6001.939
1231.18,1177.8074
8.49454,8.351163
5.00721,4.8019953
21.088,15.60335
0.0,3.866198
0.014625,3.866198
0.398911,1.389003
0.0,-0.325114
0.0,3.866198
24.9477,21.230827
0.0194222,3.866198
0.430817,0.20602
0.835289,6.3731775
0.0,3.866198
7.05002,7.0871506
48.6082,29.714012
0.0783148,2.7794828
32.2509,32.89282
0.0,3.866198
0.571642,0.5465895
17.383,17.24972
0.0,-0.08334684
0.148608,18.758142
7.33825,7.191163
39.8775,35.547398
39.8526,42.161484
89.6832,86.757835
21.7924,20.501232
4.39582,2.5516715
0.0157039,-0.009587169
0.0,-0.11175048
0.0,3.866198
0.0,3.866198
21.069,15.300634
4.74609,5.0616875
21.1507,19.723644
211.163,207.52278
14.4858,4.7860622
16.9792,-0.87779963
9.31878,8.877858
10.5063,10.571186
2.24424,1.8436799
0.0946048,18.042072
0.0385982,3.866198
0.697837,3.866198
2.81891,5.266862
0.0396249,-0.070946455
7.93361,7.8773336
11.613,10.400521
183.352,189.06725
59.8603,58.45386
0.0,0.051823735
0.547939,3.866198
0.0,8.106533
20.2579,20.839792
0.0,3.866198
0.0995542,3.866198
0.0,5.187245
4.1897,4.226544
37.1707,3.5412173
0.0,3.866198
5.84351,4.7582254
0.0,3.866198
14.1155,13.796185
127.197,133.59804
8.51378,8.373174
0.0,3.866198
3.08732,3.866198
4.1624,2.7917347
24.5695,23.112148
30.8985,27.545633
7.18879,3.7531972
17.8586,17.516312
0.0,3.866198
0.0404362,3.866198
8.4627,3.534286
89.741,14.008915
0.362855,3.866198
0.0757449,3.866198
0.0,3.866198
41.6039,41.22256
6.43976,6.4065084
0.0,3.866198
4.68474,4.729363
0.713643,4.5532675
13.4667,22.396244
0.0215975,1.5315112
127.197,121.477486
0.0324436,3.866198
70.6104,33.743084
3.95929,18.799831
68.4984,3.866198
0.0,3.866198
0.0,3.866198
0.0,3.866198
0.0630775,-0.13667083
39.5927,38.799004
0.0,0.15575778
0.0145336,0.054707408
138.915,129.24283
0.0,3.866198
0.0,3.866198
4.08251,4.097648
0.0,1.6830322
0.0484491,0.052396894
10.5708,9.887643
0.0,8.666707
0.0392231,5.446603
0.38795,3.866198
216.012,207.87749
0.00540989,3.866198
6.68128,6.552099
0.0,3.866198
0.0,3.866198
0.469032,6.079885
0.0,3.7433324
2.36245,1.7940974
0.0,3.866198
0.423672,21.966057
0.0734416,-0.23923641
4.06891,2.781332
31.8821,29.201092
0.0231081,0.0050092936
3.84675,1.7259667
3.2944,3.1350565
5.39411,4.7090144
0.0,3.866198
5.02841,1.3626677
0.0,3.866198
7.25476,7.121182
8.20827,13.723786
0.0,0.42896533
0.0,3.866198
0.0479832,3.866198
10.5758,24.606148
20.6422,14.539584
0.969841,0.2996236
0.0,3.866198
7.18879,3.3133378
0.231526,3.866198
0.0,3.866198
28.6632,3.866198
26.1965,25.871492
0.0,3.866198
3.39633,1.0913783
28.7411,27.149342
0.0,3.866198
5.24507,4.916866
21.2036,17.77485
1.05183,0.5948869
0.0,3.866198
0.0,3.866198
0.0,3.866198
43.0485,16.856516
0.45884,3.866198
0.026868,3.866198
2.15402,1.9958214
1236.7,20.658222
0.229093,0.31697333
3.13777,1.3906676
0.0,0.7249825
0.0,-0.6535908
0.0,3.866198
1.86054,15.7014675
20.6152,21.44841
0.0,3.866198
4.06891,2.781332
1.5047,1.1892267
0.00959419,3.866198
9.4149,9.329931
0.620218,0.94492805
0.564027,11.841964
71.1906,207.03523
10.4744,9.656205
0.0,3.866198
0.609691,14.005426
44.7779,26.086662
7.51723,7.8152924
13.1864,41.61947
0.0,3.866198
0.0629288,3.866198
4.64645,4.3009286
0.0,3.866198
0.0,0.284253
3.09294,48.89006
2.7029,3.9422016
0.0,3.866198
0.0,3.866198
0.0,3.866198
0.0114788,3.866198
0.0,3.866198
5.86462,5.1475134
32.7782,16.770699
63.3801,64.98933
0.0,3.866198
0.245194,3.90596
0.0,-0.011049867
13.5943,12.95639
0.314102,3.866198
24.1317,27.428722
123.679,102.622154
12.996,12.398281
8.90259,9.133996
21.9927,22.009571
5.73474,5.267933
0.0,3.866198
0.123251,12.716263
0.100433,9.366097
0.0,3.866198
0.0735366,3.866198
3.8263,3.6634889
2.26945,2.0068617
0.0,11.915564
16.2677,8.322071
59.4852,58.388836
0.0,-0.41735327
0.0,-0.38177073
1.67707,1.8673383
23.3344,14.351009
45.1169,0.37951314
3.298,2.8970294
106.185,98.85984
129.109,15.326368
0.0,-0.37501776
0.337211,3.866198
21.9927,22.009571
17.4509,16.345297
23.8795,21.871323
0.0,3.866198
0.0,3.866198
410.978,4.107626
0.0,3.866198
4.06813,7.727068
6.3395,1.73006
0.027453,-0.12763774
33.4083,30.745644
0.685917,0.07198799
10.5788,19.839458
23.569,23.31148
48.1896,0.76416576
0.0743354,26.817726
8.71047,8.656872
0.0,-0.19364297
6.18577,6.4945393
0.0334164,3.866198
0.0,34.429924
26.1025,15.33369
20.6152,20.851177
23.5057,23.750252
0.0709231,3.0854158
0.0,3.866198
4.26125,3.866198
115.716,48.380005
0.0,-0.017983794
1.22844,0.91279674
1.46424,2.3833933
0.0,3.866198
29.2481,25.848053
0.0,6.9975524
0.0,3.866198
4.26295,28.463879
15.4143,4.7960305
21.5036,103.98
0.0538135,8.567909
0.0,3.866198
27.1802,26.407616
1.18369,0.9836472
0.0,-0.09875035
0.0,3.866198
0.0,0.1819948
0.0616941,3.866198
18.9373,5.078724
0.0246216,3.866198
0.0,-0.028482318
158.563,157.74602
0.112294,3.866198
0.0859006,3.866198
0.123544,26.638231
0.0129563,0.004994273
0.0,3.866198
0.0,3.866198
0.0,5.004954
0.0,6.6619825
7.81582,7.7842293
0.0,3.866198
0.0,3.866198
1.80422,16.025627
12.7565,12.087551
0.0,-0.20467007
0.19791,3.866198
19.0954,19.839458
3.46179,3.866198
0.123353,3.866198
23.5057,23.115341
0.808567,3.866198
6.32027,6.1703653
0.0,1.7559698
0.0,2.2595286
2.09327,2.5448751
4.53858,131.94034
2.28143,42.481953
11.566,11.085856
10.7303,10.266227
0.0,3.866198
1.83466,2.054024
58.1287,47.69559
0.0475146,-0.73370945
0.0,20.381378
10.6178,9.670429
0.0,-0.017983794
8.51378,8.373174
0.0,3.866198
6.46963,3.866198
10.5478,13.870415
5.39411,6.023523
45.9377,45.820583
0.0205246,1.2442067
0.0,3.866198
0.0239739,3.866198
2.56798,3.1615262
0.0,3.866198
19.0873,19.010433
16.8101,16.200735
6.94836,7.264785
0.463098,29.075798
29.9857,7.839615
85.9824,64.057655
126.529,126.4427
43.7037,9.566265
0.40315,-0.19329107
0.0,3.866198
13.1672,6.220005
0.0,3.866198
0.0887828,3.866198
9.11898,9.12208
12.3578,12.354489
0.0,3.866198
0.0,3.866198
25.1973,8.699528
0.0,3.866198
0.0,3.866198
6.66568,7.463339
0.0,3.866198
9.03346,9.106156
48.1875,47.88682
24.7055,22.698849
1.83141,3.1293998
305.136,310.35153
22.0206,21.328297
1.06308,0.8951863
3.93496,5.2598624
37.053,3.0404186
28.8132,30.78378
0.0,3.866198
0.136849,-0.17024457
0.0742279,3.866198
3.62445,3.59053
0.0283879,-0.18893337
60.5572,58.287483
7.75804,6.0976944
7.70401,3.866198
3.1273,2.1487217
0.0329041,3.866198
33.1188,23.806065
8.46153,5.5002937
0.0,3.866198
5.64726,26.196022
0.262684,4.806963
8.99935,4.275579
8.65413,-0.3041519
5.02841,1.3626677
0.0,3.866198
13.3117,13.073896
0.674076,63.470623
0.0,4.7857304
0.0,3.866198
78.4003,73.11925
2.8793,2.4306402
49.2648,47.43527
24.2557,0.54813516
16.075,19.70733
0.051393,5.187245
0.0,-0.32445872
0.0672117,10.497705
0.0,3.866198
0.208153,3.866198
0.353558,3.866198
0.0214133,3.866198
0.0,3.866198
5.32064,8.540373
21.6437,90.79298
0.0112561,2.2075803
20.7403,3.866198
12.6712,11.595052
12.9084,6.1108294
0.0260902,-0.16576374
44.7525,41.763916
11.5815,12.021083
52.3091,50.344128
1.38387,1.0270331
42.4572,40.78487
0.0101273,3.866198
0.0,2.1823118
0.0,0.11168325
279.087,154.53918
12.3578,12.354489
0.0,3.866198
0.0,3.866198
7.67185,6.0976944
0.0,3.2262845
8.35015,7.9419756
9.87826,10.297797
0.0,3.866198
10.1609,9.845526
0.0637817,3.866198
0.0,3.866198
0.0,3.866198
22.1205,2.0467074
0.00472057,3.866198
23.569,23.31148
7.78391,7.164917
0.0,3.8719997
4.61561,9.180494
50.0979,48.318653
0.136463,0.27645683
0.789675,-0.11314905
202.176,93.32535
8.74772,8.346685
26.9514,27.643362
2.91784,3.0130048
0.0,3.866198
0.0813706,0.8659123
66.9768,72.024414
36.7233,38.391247
13.8431,13.444008
0.890344,0.7569195
4.88125,4.8336763
0.0,3.866198
19.747,16.718592
0.0,-0.23992741
6.77438,6.699169
0.0,3.866198
0.00837214,-0.14162004
0.0,3.866198
0.0198062,4.545571
0.0,0.9456507
181.385,35.666943
26.1965,25.871492
30.2705,29.747145
8.36754,8.437724
5.0881,2.3341508
12.3076,12.479857
14.9508,13.465372
0.0,3.866198
0.0,-0.53153193
0.0,3.866198
194.475,194.92194
5.54151,1.6830322
16.6061,16.26006
2.59898,2.4769878
0.0,3.866198
0.0,3.866198
0.0,3.866198
0.0309796,-0.1389668
8.7999,9.5381155
0.0,91.7618
0.0217105,3.866198
0.0219642,5.1661534
0.0,-0.26010764
0.0187744,3.866198
0.0,3.866198
17.243,5.6977654
4.99398,3.866198
4.85574,4.3798995
0.0,3.866198
0.0,3.866198
0.0,3.866198
1.42501,0.87531734
3.75554,3.0879993
0.0,3.866198
0.0,1.1392415
0.129337,0.5226618
7.78391,7.164917
0.0146291,-0.035988808
0.186278,0.052396894
0.0535501,6.829462
0.0,3.866198
10.5121,10.509609
16.3086,14.419912
9.45517,8.687882
0.0315748,0.089258075
6.90897,23.799294
0.0,3.866198
24.3914,26.891024
5.60448,5.401013
0.0324436,3.866198
20.1384,12.265114
8.57879,10.253339
3.13951,3.3043709
5.57925,-0.6757597
0.0324436,3.866198
7.93361,7.8773336
0.530209,0.3442906
7.0301,7.7541156
0.00453811,-0.052240252
49.2648,47.43527
4.01476,4.571811
39.9277,33.86066
54.3977,56.746876
0.0607464,0.013241529
0.530209,0.3442906
51.4147,3.866198
1.93037,1.6695564
0.0,0.28771043
0.0,3.866198
1.96186,352.51114
4.37095,4.0335174
1.88518,4.2176013
0.345062,1.5089287
5.22253,7.888403
1.13347,0.9435514
3.13722,-1.2704948
7.13458,7.0071945
3.5795,3.3461437
0.0,3.866198
0.0,3.866198
13.4342,13.051201
7.88359,9.062129
0.392828,3.866198
1.27604,6.0310984
0.0,3.866198
0.0,-0.49189985
0.808567,1.8413804
0.0,3.866198
0.145731,-0.022550225
0.0,3.866198
0.0,1.3970326
0.0,3.866198
0.95381,7.7049823
23.029,21.598251
0.0,3.866198
0.0,3.866198
7.38977,7.0489306
0.0,3.866198
11.5717,5.3872223
0.0,3.866198
16.2393,15.988749
16.4978,16.669893
0.0,3.866198
11.6269,10.746547
0.147898,-0.5460274
5.59568,34.261448
0.0527842,-0.031292915
0.0,3.866198
28.3832,27.646465
0.283806,3.866198
69.8285,30.344152
52.2404,51.955875
0.0,3.866198
146.641,154.08345
1.47163,8.008417
0.0349215,6.850397
1.51667,1.4264425
5.36827,4.9517794
0.0384637,3.866198
0.0,3.866198
0.0,-0.05038941
0.0377064,0.27833402
0.885176,1.4035817
3.7689,3.7493997
0.0238001,-0.20091736
0.0,0.029443622
0.0,-0.19013822
7.22575,1.4824452
1.16659,20.12592
0.299841,4.5655427
0.0,3.866198
12.4505,10.471592
0.0396249,-0.070946455
2.85747,2.7864656
0.0288431,3.866198
0.0170318,3.866198
31.5581,3.866198
8.72191,6.6685076
32.0779,29.204391
17.9272,22.279345
0.0528227,1.9279295
22.0206,21.328297
12.2861,11.278902
3.16447,6.7229137
0.0,3.866198
0.0,3.9362574
0.26799,0.8479029
0.209364,-0.1208123
0.0,3.866198
0.0,-0.7080208
9.13831,3.866198
51.2023,0.25735056
3.51916,12.265114
0.797986,0.9020374
14.5233,14.419668
0.686096,3.866198
3.48165,3.3328605
0.0,-0.10952747
0.0364445,-0.24371898
22.2581,10.287762
7.24983,5.733925
0.0,3.866198
29.3384,28.617252
0.0,3.866198
0.127666,3.866198
0.00982372,3.866198
0.0,3.866198
81.4655,3.866198
22.869,19.473118
0.182946,11.174662
0.150147,35.666943
4.85285,4.283793
5.24351,11.653978
0.174825,1.5601254
0.0,3.866198
4.68474,4.729363
0.559344,3.866198
0.0,1.848632
63.3801,64.98933
281.918,114.216515
14.6632,10.631889
0.0545806,-0.052962005
0.0105662,1.1253334
6.70987,7.1466627
3.28943,3.8255463
26.2865,3.866198
0.0,3.866198
4.88149,4.572623
2.05356,3.866198
26.6045,4.876842
28.6632,3.866198
0.129727,3.866198
0.0,2.729792
37.3251,37.551914
9.45517,8.687882
25.2788,21.787336
17.9272,22.119137
3.12215,2.7023258
0.0,3.866198
0.0472634,3.866198
4.07047,3.685617
0.0,3.866198
0.047583,35.666943
0.0352722,-0.19736665
2.00074,13.15117
1.24093,0.76561105
0.810039,1.227244
4.52996,1.4035817
1.73772,16.210133
0.144043,0.095876336
5.93095,9.856678
0.0,3.866198
5.41516,5.0629025
2.36245,2.4544916
0.0,-0.26010764
35.8779,31.41035
4.17273,4.1619515
0.0,6.2007627
0.0,3.866198
13.2992,13.170211
4.42726,4.7960305
13.3267,0.19716513
0.0,3.8167324
0.0,3.866198
0.0,1.708425
2.17957,0.5342064
20.1227,18.1788
0.0444299,3.8903399
0.0,3.866198
47.0054,43.800797
19.633,20.3562
0.0,3.866198
3.40454,2.6790218
6.94055,0.8485018
0.000367701,0.19072616
0.348552,3.866198
0.0,3.866198
11.4908,4.5116205
0.0415572,4.2970133
2.47586,1.406546
0.216134,1.9749018
0.0,3.866198
13.8431,13.187809
0.0,3.866198
6.54606,9.684813
53.941,53.249302
0.643755,230.67674
0.0,29.783026
95.6333,71.18433
0.0,3.866198
0.0,4.529893
0.0,0.29014862
1.88867,3.750195
18.8462,18.728897
0.0,3.866198
0.0156715,3.866198
0.0,3.866198
1.41837,-0.08896065
44.7525,41.763916
40.9894,19.065723
0.0,4.985914
60.4931,13.841415
0.0643064,3.866198
6.32027,6.1703653
8.49454,8.351163
0.0490229,3.866198
11.5176,3.866198
0.0,3.866198
81.5749,45.60986
929.506,-0.22662103
0.0,5.960878
8.26712,8.246626
4.86473,4.6885104
12.3692,5.4624553
18.2872,9.009785
0.0,3.7944617
0.768857,-0.19515824
0.0,3.866198
0.0,3.866198
0.490448,24.780819
11.9164,3.5234146
32.2663,31.589314
0.139701,3.866198
8.30396,7.878004
16.0916,17.522373
4.23809,9.550173
0.0,-0.020365238
0.0,3.866198
4.09223,3.7257018
0.0818675,24.151876
0.0,3.866198
16.4448,16.23607
0.0190347,3.866198
0.116668,-0.08334684
55.5987,45.15091
0.0,3.866198
0.0222479,-0.153355
0.0,35.233868
0.0,3.866198
0.00521469,3.866198
0.0,3.866198
20.5605,20.195637
45.4482,42.60397
0.0,3.866198
0.0626684,1.3729025
0.0,2.6361532
0.0,3.866198
0.0160634,-0.09875035
14.8348,6.3731775
0.0490229,3.866198
8.57879,10.253339
0.0,3.866198
1.26871,1.0480086
9.28192,40.78993
0.0,3.7634006
12.6267,12.69401
0.0149743,2.714995
2.45441,6.607614
1.3366,2.6828446
35.7241,48.192142
19.736,20.075588
0.413808,0.2996236
0.0,-0.17313576
10.7566,44.897526
0.0317417,-0.30262458
0.0,3.866198
0.556268,0.30583197
0.0,3.866198
143.863,23.33698
2.09633,2.2300992
228.807,222.29715
0.0,20.230152
0.0127622,-0.019663334
0.0,3.866198
0.09266,1.8596177
12.3578,12.354489
0.0,3.866198
0.0,3.866198
0.0995036,3.866198
2.91784,9.055473
0.072993,-0.10171902
0.0,3.866198
0.0310281,3.866198
0.0,3.866198
7.62417,4.3650446
0.224348,3.706008
10.7103,7.8288584
0.0,-0.16877353
18.2872,9.009785
3.08732,3.866198
0.0,-0.3420545
0.0095824,3.866198
0.0443369,-0.11330938
619.796,274.28452
2.47544,3.866198
0.0117334,3.866198
0.267752,2.1024551
86.3551,85.720345
0.0,3.866198
36.112,34.554554
19.2521,5.4856033
49.2648,47.50713
0.0,50.93771
7.29843,6.7975883
2.66615,2.633699
0.0129563,0.004994273
0.0,3.8167324
0.0,3.866198
8.51378,8.373174
92.574,37.803772
0.0,3.866198
23.5057,23.115341
9.13831,4.7187157
0.153628,-0.360237
23.6372,23.263466
28.2793,14.351009
0.135243,3.866198
12.3122,3.866198
1.96747,1.4550699
1.13518,0.64399016
0.0,-0.017983794
0.0,3.866198
0.0213519,3.866198
44.6647,61.936848
0.0,3.866198
3.66676,3.0508008
0.0144449,-0.16495764
0.0,-0.15902972
9.3748,15.185628
0.0,-0.07469696
0.0585232,4.2585163
0.287353,3.866198
8.18264,8.782851
0.0,0.44601429
0.0125772,3.866198
0.0,3.866198
3.68317,3.76268
17.957,13.71776
1312.75,81.80678
0.0,13.627579
11.5735,11.124575
1.90929,2.2002928
0.506804,0.24507987
2.36522,1.1392415
0.0,3.866198
10.455,10.269268
0.059642,3.866198
77.9774,29.901901
1.70629,0.7249825
0.130971,14.6382885
0.411539,5.0727253
89.8552,28.120235
0.0852943,3.866198
3.84675,1.7259667
12.7498,13.695357
0.0448181,3.866198
33.357,34.920734
31.889,30.86285
0.0,1.6830322
11.7182,3.0793118
0.620975,3.866198
0.0,3.866198
3.71083,16.628351
0.183732,3.0397043
0.0,3.866198
0.900053,7.338723
16.0989,15.490345
5.53292,5.196902
0.0546348,4.9127145
12.3122,12.609555
10.6593,5.29335
0.0,3.866198
95.5694,93.81867
0.0,-0.59581435
14.9762,15.179176
0.787799,44.61699
0.051393,6.6619825
7.59372,7.411624
0.0,3.866198
88.227,42.481953
0.0,3.866198
0.010088,3.866198
4.47577,4.2268124
0.0,10.02005
0.0,3.866198
9.32373,3.528277
4.28886,1.6074375
46.9265,47.248505
0.0377064,0.27833402
36.2545,36.114452
60.3985,59.87875
0.0,3.866198
29.961,30.13402
9.45215,6.8930235
4.28139,3.14962
12.9609,12.985096
1.84584,1.3329356
0.106452,7.9288025
0.0,3.866198
0.720367,17.083939
17.9953,11.16809
32.5693,30.076145
20.3765,6.6619825
5.30152,14.377389
0.872144,0.37982965
135.592,133.46616
0.0224526,0.93504465
2.59898,2.4769878
1.80628,6.6117535
0.0,3.866198
0.00930226,3.866198
0.0,3.866198
0.210659,3.866198
7.93361,7.8773336
0.0,3.866198
0.322485,3.866198
0.673946,39.41151
0.0148117,3.866198
0.0558323,-0.15418279
1.53848,617.6985
0.476896,-0.013231993
10.8334,8.381195
43.1966,20.834663
8.44341,4.2606936
19.4241,19.357958
28.1376,27.366669
0.0,3.866198
7.70401,8.509597
29.3384,29.687634
0.0,3.866198
123.482,116.901344
0.0,3.866198
52.1071,7.6929255
0.180045,-0.4881364
38.0254,36.721027
3.48153,12.925087
4.85285,4.283793
0.0205246,4.569098
31.9031,12.764437
24.8424,23.767569
0.0339982,1.1392415
16.1268,16.40956
14.8534,14.550964
0.0,3.866198
0.0,7.2132616
0.0,-0.14999151
7.84176,1.6768183
6.34268,6.2151484
0.346404,0.052396894
0.0,3.866198
0.0647448,3.866198
24.6134,24.369364
0.0541491,3.866198
2.47586,1.406546
0.0,3.866198
7.89957,7.157503
0.0,3.866198
5.72192,5.583208
0.0,3.9289393
0.0146291,6.973293
34.254,12.981451
1.93666,1.8828357
74.3385,73.80331
10.3538,10.277657
1.68002,1.4526664
0.0,3.866198
19.5867,1.5451545
0.0317711,-0.4752438
15.2572,14.124107
6.98341,5.5444984
0.0,3.866198
11.7892,3.866198
6.17851,7.1356916
1.61219,4.2606936
0.0100148,3.866198
0.0,4.282809
0.521266,3.866198
0.0,3.866198
0.0,9.583014
0.0633151,-0.04176402
0.0623884,3.866198
18.6755,3.866198
0.360221,0.21615112
0.0,3.866198
2.73993,2.5299397
0.0,3.866198
95.6333,71.18433
6.86443,5.892364
11.3911,11.190102
12.3578,12.354489
0.0,-0.23992741
0.0181711,3.866198
0.0,3.866198
0.0164366,3.866198
5.64967,5.573017
0.581551,0.44258976
0.0,-0.0074944496
5.53292,5.196902
0.532481,0.3176931
0.0,3.866198
4.45915,7.3102283
14.1541,13.520475
4.26189,3.951107
0.0,16.760267
123.482,116.901344
0.0,3.866198
0.600362,0.3482951
11.6618,12.019957
6.70987,7.1466627
0.0,6.6619825
0.0,3.866198
5.14796,5.211972
0.0,3.866198
0.0,3.866198
333.491,0.33647692
10.5869,10.283377
22.9224,72.016304
1.39764,1.0622017
92.3116,7.580614
53.7064,53.9268
4.29189,4.3294716
5.91939,6.0932713
0.0,3.866198
259.033,6.033366
0.835289,6.3731775
0.00218881,3.866198
0.0,3.866198
11.0861,10.539255
2.08603,0.87200105
0.138812,3.866198
21.9927,22.009571
6.70053,4.94089
0.0300559,-0.34189332
2.66844,2.051628
0.0,3.866198
142.75,36.39784
12.6111,12.421971
7.32787,7.490059
35.8993,33.462437
0.0,3.866198
4.18611,4.196337
53.3892,18.171902
2.91179,3.866198
9.73291,8.682276
1.17427,2.051526
0.0144224,-0.428908
0.0466057,18.36004
0.486516,3.866198
0.375689,7.5947266
0.0,1.3970326
0.0,3.866198
17.8305,8.172555
8.18658,7.4921017
23.8582,6.6529617
0.0480407,-0.3317219
24.1481,0.19852293
41.1289,37.696083
0.0,3.866198
0.0,0.42896533
0.0661457,3.866198
12.6881,8.539766
0.0552115,32.201984
0.0725104,3.866198
0.0,3.866198
114.038,110.4184
22.6392,23.197472
0.0173895,3.866198
0.0,0.27833402
5.64967,5.573017
0.0415193,3.866198
7.88314,24.887716
0.0,3.866198
22.2375,11.758818
0.0,3.866198
0.364178,0.17180932
0.0,3.866198
18.2872,9.009785
23.2156,22.852818
4.64645,4.3009286
0.26799,1.0190974
1.84488,6.3056865
0.0,3.866198
0.0,3.866198
0.899505,7.543706
0.0,-2.1034317
0.0501345,3.866198
0.0,3.866198
12.5219,12.348944
0.0911935,3.8494358
27.5158,22.119137
0.189837,3.866198
13.6708,12.256832
0.26033,7.7221675
3.65862,3.087552
231.91,15.790997
187.407,191.30011
0.542442,3.866198
7.92071,7.788455
0.0,3.866198
0.0,3.866198
59.7792,57.4006
0.108471,15.754181
0.0629534,3.866198
0.0,-0.20346844
39.8531,36.555058
5.40012,22.982258
7.05002,7.0871506
58.9342,55.058147
8.67667,3.9431634
3.16164,4.5655427
0.0,3.866198
20.7848,21.426004
0.132209,-0.21738493
3.99873,4.9027414
0.0,3.866198
0.0,3.866198
18.2872,9.009785
0.0,0.71047556
17.2072,0.9476875
0.0,3.866198
1.14091,0.21422851
0.0,22.91371
6.83995,6.246405
21.9927,22.009571
2.33652,13.76726
1.47614,1.1516718
0.229731,3.866198
1.58275,1.5481302
9.20009,8.283608
0.0270571,3.866198
0.0104026,5.5446115
19.4284,19.450443
10.2463,10.127823
1.55598,3.0355167
0.0,3.866198
6.1345,5.295182
0.111079,-0.17247605
9.4149,9.329931
14.6375,15.003458
61.7468,36.193783
19.1121,20.537418
0.336746,37.604458
0.148443,3.866198
0.0,3.866198
6.70987,7.1466627
7.88354,8.433605
0.0,3.866198
2.88462,2.3458083
3.4731,-0.015090108
186.492,185.15831
0.0,3.866198
0.0150878,3.866198
15.8834,13.333582
17.3394,15.98879
1.70576,3.866198
0.0,-0.1002661
0.0,72.88468
6.97007,6.126933
4.0341,3.0744796
0.0,3.866198
0.0438842,6.6148653
0.0,3.866198
0.250134,0.15471756
0.0289529,3.866198
59.3129,11.391151
13.8754,0.26583564
6.81054,6.6966543
0.162525,3.866198
0.0,3.866198
7.1822,7.1494064
6.74333,10.76991
19.4241,19.357958
4.21751,3.8825846
17.0076,11.44185
0.223349,0.24789643
0.033392,-0.25335515
0.0,4.8026876
2.96836,18.171902
0.0,3.866198
0.0735954,-0.19793773
2.07538,12.129331
0.019213,0.29014862
5.97234,5.115547
0.0,3.866198
0.0,-0.35284686
3.3563,-0.5540389
10.5992,10.683914
19.3636,14.972706
9.91484,5.11223
0.0,3.866198
0.0,3.866198
0.0718392,1.3960203
0.0,3.866198
0.0,3.866198
1.73916,1.4531591
0.153238,0.29680908
0.193732,74.84545
65.9041,72.54772
0.0260902,-0.16576374
0.181098,3.866198
0.0,-0.11400807
2.62049,4.7960305
13.1196,3.866198
0.0,3.866198
0.0,3.8327284
0.0718414,-0.05761075
12.2933,12.892372
0.340281,34.040916
57.9342,56.826805
0.0,3.866198
14.7658,7.9147296
62.2321,60.239838
0.0413947,-0.109004855
31.889,30.86285
15.9535,51.116524
17.6734,12.512142
0.0,3.866198
0.0,3.866198
22.5227,21.913595
134.521,120.868126
0.0,1.1158966
5.39024,30.153234
13.6573,10.365384
0.0219642,3.8798866
0.0299033,-0.6438111
0.0,-0.13850415
11.7336,12.58411
0.0222586,3.866198
0.0789655,-0.5951518
1.20085,3.866198
108.9,50.93771
0.114664,3.866198
11.4049,10.685563
9.41915,3.7025733
25.2146,132.02611
0.0,3.866198
26.7357,21.852976
29.0844,27.996227
0.0,0.16932535
0.424285,0.74115217
0.0,21.924889
0.0,3.866198
0.00368268,7.0953584
0.727649,0.5419967
89.741,86.724686
0.0,3.866198
9.91484,5.11223
2.87073,2.5015707
0.0,3.866198
15.6971,69.80051
46.5786,7.7413235
0.0,3.866198
0.0,3.866198
69.8357,68.098656
0.0,3.866198
0.0943112,7.3837333
0.0,3.866198
0.534143,0.500718
49.3187,47.967396
0.549255,3.866198
0.0,3.866198
0.0499555,-0.59490645
0.0,3.866198
71.0243,69.36857
0.435642,0.5342064
0.423189,2.2067842
45.4518,46.327694
0.628994,0.5726948
6.89499,14.132381
2.1914,17.646988
0.553941,0.19492674
0.0394935,3.866198
131.913,71.18433
29.1625,28.606976
2.38675,2.0552297
0.0,1.9995121
1.93037,1.6695564
0.83869,3.866198
26.3314,23.637047
0.216623,-0.13333237
0.0495336,3.866198
0.040789,7.451103
55.8569,20.099373
10.2463,10.021673
32.7516,12.614777
39.9574,37.12886
8.90506,9.65269
0.0,3.866198
0.0,3.866198
0.294262,-0.17084777
158.364,147.46892
0.0,3.7632937
0.0,3.866198
0.308492,0.88949883
0.432429,3.866198
0.0,3.866198
0.0,3.866198
4.36892,1.3908099
0.0,-0.1940993
29.961,30.13402
27.1771,26.297686
1.3851,21.91793
8.61474,25.793669
0.0,-0.18136275
0.0,3.866198
0.0176443,3.866198
0.0,-0.23992741
0.0,3.866198
0.00529184,3.866198
21.4574,25.05655
0.0,1.7259667
3.66676,3.0508008
19.5016,19.171928
29.2068,10.888134
0.0,3.866198
14.9691,7.758749
45.5749,57.908955
0.0,1.1283269
46.5089,46.481396
0.0126236,-0.21146286
0.0,-0.19028759
21.9927,22.009571
0.0672431,3.866198
0.0224868,0.0062505007
13.4342,13.051201
0.0,-0.2998432
0.0789607,12.961807
0.0,-0.79604614
0.839133,5.6977654
29.3097,8.525902
0.0,3.866198
0.0,18.2087
14.1541,13.841415
0.0,3.866198
3.42946,2.926651
0.0,3.9023857
1.78228,1.3706565
9.51941,9.976409
1.87581,4.545197
13.8527,13.90707
0.0,3.866198
6.10661,4.9810157
8.54713,8.360402
2.12323,2.2379932
0.0,3.866198
0.0,6.6619825
0.236539,-0.24155343
2.66716,25.6579
4.36892,1.3908099
1.52665,1.5468612
49.2648,47.43527
0.346506,2.0364718
0.0734416,-0.23923641
9.34879,3.9463034
0.0,3.866198
0.540344,14.665215
2.81657,1.2570436
0.0,3.866198
226.44,222.6187
0.0,3.866198
7.93361,7.8773336
20.8624,20.661152
0.0734236,0.53624487
18.2872,9.009785
42.7111,40.255424
0.02025,3.866198
2.47472,1.389003
0.46427,0.29875088
0.324248,0.45861113
0.0859618,3.908175
0.0,3.866198
16.4448,16.23607
0.0,3.866198
0.125447,0.54813516
0.0,3.866198
11.0977,4.7533617
19.3196,19.011604
0.0623884,3.866198
9.97712,3.4167123
3.31398,3.866198
0.571642,0.5465895
0.0,5.7452626
0.0120289,0.36113656
9.57138,9.356445
0.0,3.866198
0.0,3.866198
0.0883291,0.18861663
87.9496,17.408943
1.96732,1.39282
237.319,12.064711
13.4342,13.051201
0.610725,3.866198
2.47586,1.406546
50.7916,7.660983
0.0,3.866198
0.0,3.866198
0.53868,3.866198
0.0,-0.22899199
0.0,3.866198
74.3385,73.69287
4.75134,3.866198
2.89723,1.3690935
0.127013,4.3920946
0.0127124,1.0951029
39.4874,41.605038
4.50339,4.138997
40.5102,44.586662
540.622,5.6182847
0.0927253,3.866198
5.39369,30.967636
3.58947,6.96106
0.027453,-0.12763774
0.0,-0.023824453
0.0,3.866198
0.0,3.866198
2.62049,4.7960305
4.74927,5.125788
0.0734416,-0.23923641
0.108294,-0.03961718
4.79727,4.145033
0.803882,0.052396894
11.6675,11.32457
0.0,2.1987128
0.39772,3.866198
0.5899,1.1392415
0.498276,0.5342064
22.0379,21.807667
0.0,3.866198
0.0,3.866198
3.05566,8.231386
0.1751,-0.1760329
0.0,3.866198
2.91784,3.0130048
0.300234,0.3052858
0.0,1.37803
0.174863,3.866198
0.0,3.866198
2.47586,1.0771726
0.0,3.866198
0.0238001,-0.030246854
2.15317,1.8058456
4.24122,1.0470523
2.8793,2.4306402
0.0,3.866198
2.08647,1.8828357
0.0,3.866198
0.0,3.866198
0.0,3.866198
4.1897,4.072947
0.0645255,4.1312957
36.5915,35.117123
1.34405,6.850397
0.0,3.866198
0.0,3.866198
0.353103,0.67343605
1.90472,7.9147296
0.890859,0.35572731
5.59568,34.261448
146.641,154.08345
14.1121,14.408364
6.08398,5.5733013
0.0,-0.1241703
0.0,3.866198
8.38179,8.888037
0.966778,6.5789566
0.0,3.866198
0.0240531,14.132381
5.27882,4.7259426
19.4241,19.357958
82.7121,34.040916
13.1278,13.096348
16.3773,17.919252
0.0419176,3.866198
0.217464,1.1730403
5.39701,5.7129745
9.88996,10.083673
0.0,3.9145193
39.9616,26.80862
0.051393,6.6619825
0.0,8.106533
0.0,-0.59581435
0.0,3.866198
0.0,3.866198
0.0134532,-0.27865636
23.5283,22.695326
0.0785744,14.76783
37.1852,3.866198
18.2498,16.87675
12.3578,12.354489
0.0323811,-0.16422379
15.4501,14.8121395
0.0734416,-0.23923641
0.0,3.866198
0.0,3.866198
0.0,3.866198
10.3826,9.693979
4.83477,12.433638
0.0,3.866198
0.103302,3.8831
18.2979,16.785652
0.0,3.866198
22.5788,-0.80455387
0.0,3.866198
8.21892,7.952776
0.0,21.638939
0.0,0.4116801
30.6708,61.605076
6.43976,6.4065084
11.7135,7.543706
0.0552628,24.228067
11.3947,10.569204
0.0,-0.2879058
0.0,3.866198
9.31878,8.991424
0.0222586,3.866198
0.0192345,3.866198
2.7544,2.801621
0.0734416,-0.23923641
0.0,3.866198
233.507,101.4372
0.0,3.866198
0.274167,3.866198
60.3985,59.87875
0.0,169.2112
0.0,3.866198
0.148869,8.583574
89.6832,86.757835
1.33569,14.013605
0.0,3.866198
0.0251359,3.866198
3.34978,3.2876887
26.988,26.598352
30.128,28.787142
0.0,3.866198
4.59297,2.5575023
370.815,56.453472
9.18426,8.962878
0.0,1.1283269
2.50284,2.4621286
0.0,3.866198
12.5936,14.113445
39.2243,42.17647
0.242037,3.866198
30.6925,29.971786
7.70401,8.509597
127.197,116.749344
0.0,3.866198
23.7563,6.55619
1.19753,3.8725166
0.0,-0.1525439
0.0897363,2.0855029
0.0,3.866198
32.6081,31.934004
0.0,-0.6535908
0.0,3.866198
61.6673,57.604885
0.0159109,-0.18045342
0.0,3.866198
4.85685,2.5673919
14.9497,3.866198
0.0443369,-0.3641144
0.0415193,3.866198
0.0,4.985914
1.30415,1.4077363
619.796,274.28452
2.8793,2.4306402
18.209,34.63352
0.0,3.866198
102.929,12.070047
5.34145,7.805106
2.47586,1.406546
0.31996,1.1392415
1.21089,3.866198
74.3385,73.69287
397.601,189.23189
0.0576959,3.866198
0.0,3.866198
0.0401582,3.866198
0.0308414,3.89357
2.8163,1.5782275
1.70576,3.866198
39.5927,38.799004
0.614049,-0.013989449
0.182358,3.866198
0.0,3.866198
0.0,3.866198
10.8422,8.767292
27.0281,25.495745
1.67192,4.2606936
1.69555,1.4133903
16.0812,13.960884
0.0115032,-0.40823638
10.6686,9.711332
0.0,3.866198
6.28842,3.9295764
0.0,11.749773
0.00610409,0.0810827
38.0233,37.90046
0.0,3.866198
0.0,3.8629684
0.0,3.866198
18.209,16.878622
26.6208,26.008991
0.0,38.52445
0.0573763,-1.0731043
0.0,3.866198
89.6832,83.1022
0.0573763,3.866198
3.41898,2.61173
3.90281,1.5315112
22.0379,21.807667
0.0,3.866198
67.4523,17.871061
0.156903,3.866198
6.73907,5.9053326
0.0309796,-0.1389668
0.199732,0.8669039
0.0,-0.08334684
0.0181711,3.866198
0.0578019,0.717273
0.0,-0.19028759
0.0,10.569204
0.207724,-0.082505584
4.33643,5.620549
0.0,3.866198
987.415,11.11495
0.473766,11.324505
20.3765,5.187245
8.99745,14.893885
0.26033,18.709608
0.0,-0.017983794
0.0,3.866198
1.61403,2.762178
11.2349,11.17753
20.3765,5.4613214
0.0,3.866198
0.0,3.866198
1.00624,0.9623344
3.43098,3.238513
0.219512,-0.12371576
7.92102,3.866198
0.0,3.866198
23.5057,23.115341
73.7988,67.84148
0.0593326,3.911593
0.0,3.866198
1.99104,32.037888
0.106799,3.866198
0.0,3.866198
69.8357,68.098656
0.458468,-0.454458
0.264436,0.7808261
7.72727,7.515543
0.0,3.866198
1.42191,18.815641
0.0270327,3.866198
0.0,3.866198
0.0319741,3.866198
17.3573,14.312417
5.78663,5.3719907
0.051393,5.4613214
0.246802,3.866198
0.0,3.866198
0.051393,6.6619825
0.0317711,-0.040454984
24.3086,23.350756
57.891,56.343918
0.0,3.866198
40.1683,25.793669
0.0,3.866198
0.0950008,3.866198
0.0137033,-0.42187703
20.3765,5.4613214
5.57925,5.4489927
12.2817,12.619688
24.6854,10.567682
7.2347,8.7730875
201.331,206.95592
9.9192,8.139541
8.4425,8.289351
69.8534,46.23351
0.111893,1.4849554
0.0,13.026962
4.74985,4.5313725
0.0,3.866198
0.0274204,3.866198
0.0,3.866198
0.0,3.866198
11.6058,18.50803
7.28997,6.760301
20.1227,19.607347
0.0,3.866198
95.5694,11.283167
0.0,3.866198
0.0,72.88468
4.92439,4.1846695
0.0140005,3.866198
5.29286,5.5651336
0.504247,0.11743617
7.29843,6.7975883
9.34879,3.9463034
82.423,80.56829
6.3236,4.110986
0.0,-0.38539588
0.330802,5.4891787
0.0,3.866198
15.7275,15.011393
28.003,29.292648
15.9535,51.116524
7.81563,3.8289008
0.0,-0.24245751
0.0,3.866198
92.574,14.132381
0.0,-0.1954397
230.705,228.14406
0.0,3.866198
1.0646,0.84022963
27.7688,26.905567
0.0,3.866198
11.2349,11.17753
0.0,6.044634
3.31365,3.8554177
0.0,3.866198
0.0,-0.4711994
15.4538,6.070426
9.18391,14.972706
23.5057,23.115341
76.9977,77.36056
17.0222,15.795408
0.0,3.866198
3.80736,3.866198
24.4617,22.942234
0.0,3.866198
13.6032,11.616941
19.3196,19.011604
2.09633,4.0865026
4.74741,2.5294375
18.836,17.369404
0.0,3.866198
2.29405,1.1730403
26.988,26.598352
0.322745,2.7595806
8.59654,24.052397
0.0274204,3.866198
0.511178,2.713447
0.0799573,3.866198
0.0,3.866198
4.66756,4.6626034
0.0,3.866198
39.4874,39.346706
8.20516,4.5938916
0.232211,63.05696
0.0,3.866198
169.019,3.866198
1125.9,283.6047
0.0170887,-0.19219983
8.44341,4.2606936
0.0,3.866198
8.4425,8.289351
0.0,-0.052807927
9.41098,0.17543864
0.0,-0.3966061
0.280038,114.78016
0.51474,0.4701829
0.123102,8.399233
1.12501,0.9290782
0.0,3.866198
21.7269,10.516954
0.0219642,5.1661534
3.32243,10.78092
0.0,3.866198
53.2671,50.320477
9.47172,10.074196
2.64652,1.8386887
0.0377064,0.27833402
111.051,21.045074
10.8471,9.348068
0.00905912,3.9959946
4.87841,5.313409
0.0,3.866198
0.0272644,-0.31329358
11.6645,10.749613
21.9108,21.62704
13.3558,3.7221284
0.028893,-0.18983686
29.2461,28.522491
127.197,121.477486
0.299788,0.40841043
0.0,3.866198
19.6877,14.912421
0.0,5.4337482
7.7561,6.0572505
0.678751,3.866198
2.91861,3.866198
0.647028,35.666943
0.0,3.866198
0.0,-0.11298978
3.45128,2.2032187
4.74741,2.5294375
80.836,82.724236
0.0,-0.26997435
0.0,0.44601429
3.81662,3.6549263
0.0,3.866198
25.2336,9.3514
2.33011,3.866198
51.2472,50.106842
5.22933,5.457677
14.0998,14.705283
0.0230888,3.866198
32.6296,59.490795
0.100459,3.866198
9.53957,3.866198
36.044,36.300877
8.98008,8.469708
0.0112075,3.866198
7.7064,21.524086
0.0488949,3.866198
25.8726,11.653978
0.645114,3.866198
0.0713237,-0.69987714
0.0,-1.0210484
0.080121,3.866198
9.24237,9.438961
35.0216,34.156498
0.0,-0.3420545
0.0,2.6361532
0.0184449,3.866198
10.2554,9.607286
3.72617,3.5152588
0.0,-0.30898893
26.1965,25.64138
7.93916,7.0274267
3.72617,3.5152588
149.689,3.866198
19.1213,18.960405
40.4993,38.636364
11.3063,10.909728
0.125719,-0.054055452
0.112871,3.866198
4.26574,3.591061
1.55944,3.6333218
31.7686,26.641493
0.344931,0.9854492
1.2981,3.866198
0.0367091,-0.19444156
0.0,3.866198
0.869482,35.52418
2.92734,2.5853512
0.0,3.866198
200.795,171.66936
0.00964872,-0.04416454
41.5651,38.311947
0.365597,-0.4881364
0.816026,25.092052
0.0,-0.042950273
208.249,83.52254
0.0,5.5053167
33.1188,85.394554
0.0,3.866198
42.3715,4.985914
0.5899,1.1392415
0.0,3.866198
0.0,-0.47946393
19.3857,29.130047
1.00982,0.69217455
3.31146,0.76295614
0.0,3.866198
196.96,185.90578
0.0,3.866198
20.9778,20.879467
20.3065,20.408224
62.0056,61.264362
0.105902,67.46145
1.67192,4.2606936
0.0,3.866198
0.287353,3.866198
0.0,3.866198
0.0,3.866198
69.2914,-0.550009
0.620975,3.866198
1.93666,1.8828357
37.4822,37.40503
0.0735725,3.022952
21.7269,10.516954
1.49141,4.456466
47.556,14.2463455
6.32027,6.1703653
0.0706443,31.589836
40.2252,39.942543
11.5061,11.757271
19.3196,19.011604
0.0227304,0.27833402
82.423,80.56829
0.0,-0.447608
0.0,3.866198
0.496241,1.7909089
0.974311,4.483662
15.7976,15.560166
0.0929784,5.8334293
9.18391,14.972706
4.4131,-0.6974375
0.0,-0.29386032
50.5521,5.8412824
66.5085,61.849438
9.25745,8.801189
0.0471651,2.1488833
1.48575,2.9507785
5.52068,5.437191
0.0,3.866198
14.2404,2.6361532
22.5174,22.766016
14.2894,17.754292
0.0734416,-0.23923641
0.0541491,3.866198
65.8054,54.219143
29.0844,27.996227
0.0,-0.22899199
0.0995036,0.3027444
1.20083,1.5006404
21.2297,17.678143
0.0,0.09601843
16.29,16.45308
37.887,16.569475
0.0372422,-0.10662067
24.3026,14.324511
0.0,3.866198
0.0,3.866198
8.54155,9.086739
47.6788,20.22385
35.2742,33.837948
0.885176,1.4035817
0.0,3.866198
0.0,-0.1702007
0.0,3.866198
0.0734416,-0.23923641
0.00808029,-0.09267032
0.0,3.866198
0.0789607,11.906177
33.4851,15.557752
0.0,3.866198
11.4008,10.12772
0.00874122,-0.04195702
0.0143126,3.866198
22.5788,8.359739
2.57179,2.2408247
14.6294,6.044634
0.0190806,-0.26101696
0.0484491,0.052396894
38.7644,37.960224
0.0,-0.23992741
0.0,0.09461796
8.30844,9.665646
0.170942,0.972525
23.8908,13.390291
154.968,150.57994
27.4125,3.866198
0.0,3.866198
0.0,3.8901849
0.0,-0.01282835
7.13458,7.0071945
36.2545,36.114452
0.0,-0.017983794
4.39634,4.5039983
8.18259,8.739414
0.0129072,3.866198
0.8503,2.8405085
0.0,-0.17667568
86.3551,85.720345
115.716,48.380005
0.0376121,-0.2515657
24.0097,22.610031
1.16065,10.715156
0.145632,3.866198
0.388369,44.61699
0.0610322,3.866198
0.0,3.7531972
0.0,3.866198
0.0,3.866198
21.5036,21.21866
0.0,3.866198
0.0558077,3.866198
8.46153,5.60879
20.3765,6.6619825
0.0,12.371973
15.662,18.474663
0.0413947,-0.109004855
0.0,-0.3120805
167.223,51.142437
0.201269,0.16181731
0.131854,0.103966594
0.0,0.89971447
1.3366,2.6828446
0.31996,1.1392415
4.42726,4.7960305
7.00393,6.785431
0.496241,1.7909089
0.00982372,3.866198
0.0,3.866198
26.9925,14.367807
9.40205,10.633062
3.62445,3.59053
0.0,3.866198
7.80756,5.7937646
7.54107,7.4205933
4.21318,4.1246467
2.30368,19.065723
0.168757,1.2431992
0.0,10.569204
8.74897,8.56972
22.5174,24.239523
0.123055,3.866198
1.26098,2.6361532
0.0874501,13.862234
9.57138,9.356445
4.61178,4.400274
25.9758,3.866198
0.0170975,-0.24984562
36.1902,30.242867
6.89649,9.330538
9.25835,7.802084
0.0,3.866198
8.73149,8.289749
0.00483917,4.135374
11.3911,11.190102
20.2034,18.684145
0.0616941,3.866198
0.0,3.866198
4.42681,5.2469482
22.9447,24.229542
0.868527,3.866198
0.252591,3.866198
0.0734416,-0.23923641
2.29766,2.112496
0.275986,10.352642
14.7008,-0.18872154
21.5036,20.607746
0.0,0.027911305
11.731,66.48304
0.0,3.866198
10.479,7.4635267
0.471737,-0.038621545
0.0226457,3.866198
0.0,3.866198
0.0,3.866198
0.0181138,3.866198
26.1965,25.64138
4.545,1.1392415
0.0,-0.123549104
10.2115,9.40415
0.0194222,3.866198
0.31996,1.1392415
0.0931813,3.866198
4.33811,4.0457425
23.0079,20.54805
0.0,3.866198
0.0,3.866198
14.8558,13.115124
0.0126912,3.866198
33.1188,33.318134
3.40206,3.1617799
42.2709,13.750459
0.181625,-0.2801683
0.0,1.499548
0.876184,13.333582
20.4762,46.75783
0.0,3.866198
0.656383,3.866198
5.64259,2.785325
0.0,3.866198
0.0591538,3.866198
0.0,3.866198
58.088,63.884655
0.215631,94.16331
23.0886,24.310925
0.119957,2.060156
12.4414,12.770427
0.0317711,-0.040454984
4.58484,4.0910907
0.0485279,3.866198
4.21751,3.8825846
0.0,3.866198
0.0,12.213057
0.127514,0.25083423
0.814752,0.92508304
0.276195,3.8897557
0.868541,36.516834
47.8693,8.904307
135.348,146.97633
0.0,3.866198
0.0,-0.01282835
0.652652,0.4284581
4.0899,3.866198
0.0,3.8656354
1672.53,820.99146
9.67349,15.779657
2.92734,2.5853512
14.3224,13.696756
0.748226,0.67399704
0.0757449,0.017958045
44.8206,43.64186
0.144784,-0.18076289
2.59898,2.4769878
12.4692,9.497727
11.2349,11.17753
26.1965,25.64138
11.9358,11.814865
5.78663,5.3719907
0.128932,3.866198
5.4147,5.254949
6.32027,6.1703653
0.0,3.866198
3.31974,4.415101
1.00717,0.70121646
43.6408,24.261974
0.0507568,8.904307
11.5258,11.39212
0.214922,1.0640066
11.5518,3.866198
0.0,3.866198
397.601,189.23189
0.185664,-0.6175411
3.29546,3.0076766
22.6392,23.197472
0.0,3.866198
0.0187635,3.866198
0.0,3.866198
0.66808,1.406546
0.0490229,3.866198
0.0,10.3542385
7.21241,7.764351
0.0,3.866198
7.71801,22.643898
0.0,-0.3120805
6.18238,3.866198
2.16773,1.5830996
0.0,3.866198
251.292,107.88668
0.0,1.7259667
0.051393,6.6619825
0.0,3.866198
0.0,295.89865
0.0,3.866198
0.0,3.866198
4.47958,12.836601
0.0,3.5025053
3.43098,3.238513
13.3634,13.3967285
0.937009,0.42897284
12.5311,12.34269
0.0719362,3.866198
89.6832,86.757835
2.92301,3.866198
0.178451,3.866198
9.56915,9.458183
0.0,3.866198
0.0,3.866198
0.43431,0.3814441
25.2971,23.718786
0.0641311,0.2996236
0.0,3.866198
0.0,236.66269
0.0,4.1051855
14.6904,7.727068
0.314417,1.483777
0.0,3.866198
6.40439,5.9477644
0.0131354,3.866198
0.0,3.866198
9.75614,4.6137805
0.0,3.866198
0.0263074,3.866198
0.222996,0.30583197
11.6114,10.253339
7.27815,87.03635
0.144784,-0.042950273
0.0,0.5342064
11.2831,13.494944
0.0,3.866198
1.21707,0.14679587
5.16592,4.7030416
11.6114,10.253339
0.43545,3.866198
0.0,3.866198
32.6296,59.490795
22.2012,78.83819
0.0,-0.27571487
0.0932137,5.6099386
4.74985,4.5313725
5.5232,3.866198
0.275945,3.866198
0.123151,3.866198
9.07465,8.893724
0.582167,2.121015
26.4655,28.161411
18.1432,17.090982
0.530209,0.3442906
0.0489275,71.18433
0.785868,0.469437
13.6716,13.113465
0.0,-1.2509886
0.099631,3.866198
2.96133,11.414242
0.712285,6.6529617
68.9289,65.970184
30.4823,13.026962
0.0,3.866198
0.0757449,3.866198
29.8626,28.27525
4.51348,4.603457
2.59898,2.2963815
5.85685,6.1052837
8.51798,8.528922
5.29084,5.3126125
5.4147,5.254949
2.56798,2.7259736
1.29001,1.0318245
0.257321,3.866198
0.0,5.339517
20.3765,6.6619825
13.3312,13.323516
0.0,3.866198
10.2132,51.076687
57.049,3.866198
0.0134822,-0.50550973
2.19107,1.7638923
4.52996,1.4035817
0.0,-0.27663016
2.68224,4.5938916
0.105614,3.866198
0.0118933,21.166868
0.0,3.866198
0.0,3.866198
0.144784,-0.18076289
26.9829,26.801144
0.0569825,3.866198
0.0,3.866198
12.4324,38.15548
0.0,3.866198
38.4291,36.0323
13.2442,13.038982
0.0,13.230949
16.5966,15.621627
0.0436978,3.866198
0.0651436,3.866198
24.3914,19.021048
14.6375,3.866198
0.0,-0.23300827
2.02652,1.5089287
2.18458,0.5461236
0.318429,14.858476
1.43546,3.866198
0.0,-0.3904233
0.512462,5.2407026
0.0,3.866198
1.61856,31.766933
0.0,0.14148545
2.85747,2.7864656
13.2385,11.322632
0.0973958,3.866198
1.19533,1.2940507
3.84675,1.5262046
0.532481,0.3176931
6.79786,7.1012173
0.0129563,0.004994273
0.0,0.15271342
15.4143,4.7960305
3.07596,1.9280337
0.300234,0.3052858
5.80679,5.431657
11.0861,10.539255
0.0,3.866198
4.85574,4.3798995
0.205377,0.030989528
38.0233,37.90046
0.0,3.866198
2.08647,1.8828357
2.91784,3.0130048
2.70055,3.866198
0.0,3.866198
5.31933,4.6514254
0.0,3.866198
5.54419,18.829521
4.55759,10.086908
0.0,24.151876
0.154268,3.866198
0.0,0.019256353
6.86443,5.892364
0.082366,3.866198
30.7603,7.6577826
0.287353,3.866198
0.0,3.866198
0.0,3.866198
46.4472,45.68204
11.925,5.363188
13.4342,13.051201
0.476896,-0.013231993
0.156659,3.866198
0.0619506,3.866198
0.0,3.866198
5.90745,1.675522
0.0534402,-0.5951518
0.162755,18.298138
13.3117,13.073896
12.6673,31.378368
0.0,9.606625
0.0132763,3.866198
0.0,3.866198
0.0,0.23559141
5.31933,4.6514254
0.112871,3.866198
0.0,3.8033557
0.00927739,3.866198
0.0774752,2.979403
0.535937,3.866198
164.174,16.052345
0.0,3.866198
12.6388,12.326698
0.0,3.866198
13.2992,13.170211
0.881826,3.866198
0.056115,3.866198
11.7977,11.808108
14.4675,14.65061
24.5398,24.282818
19.0973,7.7221675
3.42946,2.926651
1.62318,1.7978604
0.142322,3.866198
13.8431,13.444008
12.8011,23.492622
0.218525,-0.34591675
0.0,3.866198
28.3842,29.666481
20.2765,23.065275
0.0,3.866198
3.1782,1.197208
9.95179,9.792655
0.0,3.866198
20.1574,19.863003
13.8431,13.187809
0.0,5.5002937
0.272188,-0.24877763
6.5619,6.840765
6.82818,6.008609
0.0,-0.042950273
0.182946,22.523964
0.00571813,3.866198
20.3765,6.6619825
0.0755944,-0.4630915
0.134388,0.26583564
0.0995542,-0.08831465
228.807,222.29715
17.6053,17.315481
0.0,-0.093367696
1.5047,1.1892267
0.0,3.866198
4.37563,4.0096946
4.12438,11.896548
35.7609,37.446964
0.0,3.866198
0.0339982,1.1392415
6.73375,24.981178
11.9358,11.814865
0.0407668,3.866198
0.0,3.866198
0.0,1.8689841
0.762179,1.0498046
17.4509,16.345297
0.217464,1.5749614
10.455,10.269268
0.0,3.866198
7.49617,12.248496
0.106379,-0.0672065
22.5511,12.20565
53.1995,49.870216
0.0654067,3.866198
0.0,3.866198
66.8852,5.960614
0.0,8.125452
0.168411,7.583319
0.0,3.866198
174.296,170.7451
2.26045,3.2421722
0.041474,3.866198
0.0,3.866198
7.72727,7.515543
0.0,3.866198
0.383809,3.866198
11.7977,11.808108
5.09901,4.4690547
0.0257749,3.866198
8.34417,8.191113
30.2599,28.411018
19.4241,19.357958
0.0,3.2510614
0.0,3.866198
0.0,3.866198
11.7739,11.620466
0.0,3.866198
0.0,11.649892
0.632674,0.41429567
0.0,3.866198
6.06853,2.8729982
0.0236888,-0.043085814
0.0,3.866198
31.889,30.86285
3.29546,3.0076766
0.0,3.866198
4.54406,4.775249
0.0,3.866198
0.211532,3.866198
23.569,23.31148
0.0803971,3.866198
12.6916,12.447718
0.0,3.866198
7.18403,32.34594
0.319336,-0.10887897
17.5039,13.104467
0.0,-0.017983794
258.84,117.17123
53.5033,53.04762
0.105389,3.866198
4.56991,21.256557
7.29843,6.7975883
6.32027,6.1703653
0.0465422,1.2705184
8.13805,2.8363447
0.639668,3.866198
74.3385,73.41343
0.0,3.866198
18.1842,17.636106
0.328867,3.866198
18.8538,19.577942
0.086773,0.045176864
0.102832,0.09532845
21.5036,20.596031
0.0,3.866198
0.0,3.866198
19.4241,19.357958
0.0831501,3.866198
9.79811,6.653282
10.2463,10.127823
0.524087,0.19413316
0.0,3.866198
5.05006,3.866198
30.0849,28.411018
4.0058,1.9749018
0.00808029,-0.09267032
13.8586,14.955376
18.9248,38.132412
0.211054,3.866198
10.5478,13.870415
0.301423,4.7960305
0.0,5.60879
21.3993,12.716263
6.328,3.79002
0.0,5.739652
8.74772,8.5853615
0.0,3.866198
1.16659,20.12592
56.992,50.382854
0.0,3.866198
9.87826,10.297797
2.29225,2.1925387
0.0546348,3.866198
4.91671,3.8554177
0.301423,5.8567185
8.80649,10.634297
8.94272,9.382507
0.0,2.2946887
3.61257,3.5825214
31.1438,0.2354207
0.521266,-0.3174492
1.47888,5.6977654
0.134373,-0.08223307
0.0,-0.23992741
17.2867,6.9114265
22.6392,23.197472
88.2999,83.43626
15.332,15.419632
22.0206,21.328297
0.431208,8.982882
8.67667,8.485078
0.113443,13.060987
0.559874,28.887619
0.0,3.866198
0.0,3.866198
69.591,70.76093
0.0,3.446301
0.0,3.866198
8.46153,5.5002937
1.27604,5.8177104
0.0297383,-0.27424425
9.60602,10.174454
10.8366,7.1405096
25.3641,24.736717
9.91484,5.11223
18.8914,18.933548
0.030774,-0.16167104
4.75134,2.729792
6.17822,30.098623
0.0563849,3.866198
23.1255,22.977577
10.7073,9.998142
4.33481,8.170742
0.0908411,0.052648664
0.0,0.8464546
5.64967,5.573017
1.02305,1.4191312
86.6865,85.85806
0.261045,3.866198
0.0,3.866198
0.0,3.866198
5.64923,4.748091
0.0,3.866198
1148.4,12.074421
12.7752,12.219522
12.9993,12.889446
27.4685,19.250088
36.2545,36.615322
0.0,3.866198
0.0,-0.40807903
1.11208,31.625957
0.0,3.866198
7.03976,3.866198
4.38561,18.415277
18.2498,16.87675
3.7505,23.046558
0.0129563,0.004994273
0.0,3.866198
0.238702,10.447594
0.0,3.866198
0.124658,3.866198
1.1301,3.4691377
2057.03,11.888467
0.0822271,0.47459352
8.95032,41.68327
25.4868,24.546057
0.0,-0.19329107
1672.53,820.99146
0.0,-0.03910494
25.8992,22.315647
17.9842,18.948547
5.59409,3.866198
0.0,60.513462
0.0262574,-0.069238305
0.152526,3.866198
0.0,-0.15731394
45.9039,44.31767
38.3952,3.866198
0.0,20.381378
0.0,3.866198
0.0722183,6.3954973
0.0,3.866198
0.0,3.866198
0.0,3.866198
7.29843,6.7975883
0.0,3.866198
0.0681974,3.866198
0.0,3.866198
15.3208,0.8856909
0.0,-0.5641774
25.6865,24.604908
1.21027,3.866198
0.0,3.866198
0.0,1.9088756
6.24168,14.806601
16.9082,17.885223
0.454014,3.866198
1.51978,1.5212811
16.1453,15.565027
0.0,3.866198
0.0,3.866198
0.0,22.96875
7.30451,3.7634006
0.0270743,3.866198
5.96252,3.866198
0.0,3.866198
17.5039,13.104467
222.75,221.22821
74.3385,73.80331
4.59627,11.300219
0.0,3.866198
0.0198191,3.866198
2.45846,1.7707013
4.88202,5.0702014
15.332,15.419632
8.8373,2.9681478
0.0,3.866198
7.89957,7.157503
8.15758,7.706089
0.0,3.9160028
46.0233,44.586662
0.0,3.866198
23.5057,23.115341
8.58381,8.278993
0.0,3.866198
1.41397,0.88679373
0.512127,3.3443775
0.535877,5.1661534
0.656222,3.866198
0.0,3.866198
0.397739,5.0646853
20.8624,20.661152
0.0,3.866198
11.1964,10.641351
0.0,3.866198
32.6081,31.934004
22.6392,23.197472
8.23375,8.771963
3.60174,0.87409675
11.2349,11.17753
0.127347,1.545818
1.11499,7.209667
0.0,3.866198
0.501173,0.124987006
0.029949,-0.71916854
9.63148,9.718006
1.17489,5.4264092
2.77831,15.419243
0.0,3.866198
0.183247,0.72499335
17.9272,22.795513
20.497,19.67508
0.0,3.866198
36.891,9.117533
85.5778,78.28089
0.0166872,4.003527
0.0645255,4.1312957
0.0,3.866198
0.0,-0.11234462
0.0382792,3.866198
0.16748,0.40841043
11.2349,11.247646
0.56614,1.2931892
15.5377,24.450596
3.21659,10.813452
0.0,-0.20467007
0.0,3.866198
0.597943,4.594159
0.482503,15.934785
3.10352,26.912422
0.0244278,-0.42582822
3.35149,3.0480075
20.945,20.48489
0.0200258,19.24532
17.1223,33.87012
6.85145,5.061843
3.60176,3.5726457
0.02025,3.866198
185.622,3.866198
2.49685,189.23189
6.33952,5.798444
0.0,3.866198
0.0438842,6.6148653
4.4869,5.0503154
0.392561,3.866198
3.92962,1.7909089
1.45006,1.3956183
0.0105662,0.72654855
17.9889,40.172413
0.582328,4.483662
6.08398,5.5733013
0.430381,2.0364718
0.0214824,-0.15731394
0.441196,0.664551
0.0394029,-0.096126914
0.0657912,-0.3919338
7.88268,8.080298
0.26033,10.403315
0.0,3.866198
38.3952,29.980682
4.22201,4.4518995
9.83226,9.436789
0.0,3.866198
0.0,3.866198
0.0283879,-0.18893337
32.2663,31.589314
1.72756,14.446328
14.8102,16.43197
47.7097,12.183726
0.0,39.86027
0.0213137,-0.09605873
0.0,3.866198
13.509,3.866198
0.53919,0.23453724
14.7048,10.218721
0.0,-0.21025729
0.0278917,1.9806722
16.8988,12.251228
6.73907,5.9053326
120.835,119.7918
6.8158,321.70438
0.0,8.291918
7.00254,23.422829
0.0,3.866198
13.3136,13.153346
0.127069,16.569475
6.54572,6.517311
0.0,3.866198
178.517,143.1285
0.0,3.866198
12.2701,12.365147
0.0,3.91568
1.40665,3.2593303
0.0274204,3.866198
0.137484,9.921333
0.0,3.866198
2.27419,6.987532
5.73474,5.267933
0.0,3.866198
0.0,3.866198
0.0,3.866198
0.0296009,3.866198
1.17735,2.5575023
0.0438842,6.6148653
0.160392,2.3196445
0.0,3.866198
14.2386,12.549971
0.377764,11.000842
0.0,3.866198
31.7122,70.54568
0.0,3.866198
0.0,-0.06784272
0.0179047,5.11223
0.0,3.866198
0.0,0.1591047
0.0,3.866198
12.9969,6.680271
108.9,26.351345
0.0,-0.49189985
0.0261254,3.866198
0.0,3.866198
0.0,3.866198
3.96255,3.9715333
60.3717,59.31749
0.0,5.2011514
0.0,3.866198
0.0263781,3.866198
2.68224,4.5938916
0.0,0.27892196
47.3513,13.462123
0.0407668,3.866198
370.815,56.453472
30.7785,32.071674
0.0,0.44601429
0.0790217,3.866198
0.53003,0.37913394
9.03346,9.106156
17.8236,189.04498
0.0,3.866198
0.0,-0.19013822
13.2992,13.170211
0.0579628,13.194573
0.0,3.866198
0.121479,9.605518
0.0683726,-0.038307786
0.0,3.866198
0.0,3.866198
22.5174,22.766016
0.0,3.866198
0.0,3.866198
0.0,0.32890415
0.0,3.866198
40.2252,39.942543
0.0276208,3.866198
0.0,6.044634
8.59654,18.545097
433.955,401.8081
22.4149,21.7478
0.168818,3.9198132
45.9852,3.866198
0.0,3.866198
6.77438,6.699169
16.1453,15.565027
17.6613,17.651321
0.0,3.866198
0.536924,0.41429567
0.0,3.866198
8.31722,59.07238
15.3241,2.1987128
23.4437,48.528996
6.09898,5.794036
0.441484,9.387077
2.46857,3.866198
0.0,-0.27663016
0.165727,3.866198
52.9832,27.382797
0.0930278,3.866198
0.0,3.5260706
0.955229,1.0842819
31.889,30.86285
0.0898809,2.5657601
0.97247,0.7350559
1090.25,0.046076894
8.57879,10.253339
0.0,3.866198
4.63619,8.550233
3.62445,3.59053
1.85969,3.2388124
0.0,0.028377175
0.0,3.866198
7.80756,5.7937646
9.18444,8.545317
8.60295,8.006516
0.0,3.866198
0.0,-0.25909448
0.0,1.0913783
13.6965,13.265921
56.992,50.382854
0.361531,6.103462
96.6188,97.18813
0.0766251,33.571285
0.0,3.866198
0.0648194,3.866198
0.0180207,-0.03664422
11.3771,14.727048
3.43723,4.3714786
11.3947,10.569204
10.3114,5.060219
0.0,-0.10952747
0.0,3.866198
14.5324,5.8314743
123.679,102.622154
9.9387,10.472373
0.0,3.8534842
7.93361,7.8773336
18.8462,18.728897
3.68034,3.866198
0.147257,3.866198
38.0254,36.721027
3.80485,3.3154511
19.5867,14.132381
3.71311,5.957435
6.86627,30.869959
0.235774,3.866198
4.54025,3.8042183
110.913,116.47149
4.252,3.9329548
2.36147,1.4962912
0.0226374,3.866198
0.410641,19.475733
21.7269,10.516954
17.4135,18.574902
1.16449,3.0408726
0.0,3.866198
0.269299,-0.1685189
10.2067,9.400984
13.4342,13.051201
0.462918,0.81005836
21.4696,20.786184
36.3421,38.98664
11.3212,13.938871
19.1489,20.649559
0.0,3.866198
0.0,3.095284
13.7664,14.114489
15.8452,25.658615
0.310734,0.103158355
9.31878,8.467701
0.0575503,3.866198
0.40315,-0.19329107
19.8674,11.402784
0.0,3.866198
0.0,-0.011030078
5.89798,5.736862
0.434756,3.866198
0.241438,4.289673
0.0304159,28.540424
0.0508101,-0.2659893
7.88359,9.062129
5.02841,1.3626677
0.117386,4.3022323
0.0,3.866198
13.6965,13.265921
5.91939,6.0932713
20.2414,13.544327
13.2496,3.866198
0.0,-0.19364297
8.30447,4.1312957
0.123364,21.488005
86.3551,84.891396
9.85834,10.25893
8.61256,8.7963295
3.8617,56.724598
0.23267,12.887914
12.3794,11.350215
0.0,1.3970326
0.0,3.866198
0.396008,-1.2872528
0.0,-0.017983794
0.161006,-0.059212685
0.0,3.363604
0.0,3.866198
2.64652,1.8386887
0.0,-0.31979907
9.4149,9.329931
18.1396,19.107283
0.0,1.7259667
13.0144,3.866198
0.0209738,3.866198
0.121209,3.866198
11.3911,11.190102
0.0,1.4329817
0.0803287,3.866198
8.203,54.997845
0.0,-0.2437396
0.524087,0.19413316
0.0,3.866198
1.03734,0.3379377
0.0,3.866198
7.77056,8.267866
0.0,94.46905
68.9289,65.970184
0.40574,3.866198
12.3755,13.144631
3.60176,4.19088
14.4902,14.418837
0.104821,0.5342064
0.0,9.606625
12.8303,53.04025
0.0,3.866198
0.0,3.866198
8.21892,29.633331
1.9201,19.916168
0.0,3.866198
0.02025,3.866198
0.0,3.866198
6.38249,5.461689
0.0,3.7531972
0.0,2.0012197
0.0947648,3.866198
38.012,29.130047
11.3911,11.190102
0.0486026,33.011257
39.7765,38.915768
0.105717,-0.36675286
0.26033,10.403315
11.5518,11.234627
0.0,3.866198
24.7055,24.159063
24.1123,4.9534225
0.0,-0.15902972
4.27692,3.8639045
0.0211065,3.866198
3.628,13.837981
0.0261254,3.866198
22.0206,21.328297
26.1456,28.193636
0.0,3.866198
38.4839,37.267254
0.0,3.866198
0.0,3.866198
0.0304184,3.866198
20.6263,20.92496
0.0597723,3.866198
17.5554,48.94886
0.0,3.866198
7.96072,9.286448
0.0,3.866198
0.153007,3.866198
0.0174459,8.81283
11.4008,10.12772
0.0,-0.2879058
0.0,24.151876
0.0,0.72654855
2.62049,4.7960305
1.02611,1.2743646
0.0,3.866198
0.0,3.866198
9.4149,9.329931
126.18,128.1044
2.7544,19.739231
0.0,1.7259667
26.0752,29.633713
20.6311,15.512531
0.024356,-0.26324147
5.14796,4.6594424
1.69762,1.5329916
0.0,-0.10952747
0.0,3.866198
0.129307,3.866198
0.0747703,0.155254
0.542215,0.59572256
0.016778,-0.34359515
27.6241,5.254428
0.0,3.866198
24.1123,4.9534225
0.0,0.09787893
0.0,3.866198
10.2809,29.615154
63.9398,23.219658
0.0,3.866198
0.0,3.866198
0.0,3.866198
22.4149,22.804482
0.0,3.866198
0.831891,0.76263726
0.526505,21.4295
2.87896,2.8320885
0.116024,1.7109542
115.353,111.583145
0.0,3.866198
7.18879,3.7531972
0.0,3.866198
0.0,3.866198
42.5577,49.85242
20.9778,20.879467
0.0,-0.20965528
0.0,3.866198
0.196308,7.349719
0.096906,3.866198
6.02159,5.4588814
21.5605,21.396172
0.0,0.00065505505
0.259034,4.7187157
63.6629,58.09608
0.0,-0.20965528
0.0,3.866198
0.0,3.866198
6.34788,0.44943416
2.74106,1.8118187
0.0805441,3.866198
0.0527473,11.792548
27.3942,26.111704
0.766402,2.2239966
6.97007,3.866198
21.6382,17.908398
0.0261254,3.866198
3.40206,3.1617799
4.0899,0.4186334
0.0,3.866198
16.167,16.06427
3.74306,2.1678667
11.9358,11.814865
126.38,51.116524
2.56689,3.298986
0.033392,-0.3110577
0.0,3.866198
0.0,3.866198
18.2676,17.576761
0.0,3.866198
0.0,3.866198
0.288984,-0.34154308
0.0,6.8868423
0.141534,-0.28525603
16.4003,16.69453
0.018648,3.866198
43.8743,23.512987
5.52068,5.437191
2.8793,2.4306402
0.0703577,-0.14065254
0.118235,3.866198
0.0,0.7168944
0.0,3.866198
0.0,3.866198
0.0,0.027911305
1.08497,5.0646853
47.1426,49.714985
0.0,3.866198
0.0,3.866198
0.330469,0.32617283
10.5207,11.103526
0.0,3.866198
92.3116,7.580614
0.0,3.866198
4.40845,127.41198
0.275945,3.866198
18.374,18.025352
6.10457,1.3252733
13.2992,13.170211
2.3566,2.6216636
0.0,24.261974
0.0310379,3.866198
1.00717,0.70121646
0.0169503,-0.3638047
0.0,-0.017983794
6.73907,5.9053326
0.0,7.03048
0.241039,3.866198
0.0,3.866198
29.0894,27.396568
40.8006,39.026005
0.612532,-0.052162766
3.52253,1.6185912
0.853314,0.55841136
2.92734,2.5853512
5.22253,17.247341
7.65274,6.0230904
4.56991,21.256557
32.9177,32.8578
11.0146,10.584249
37.8396,25.815424
9.60602,10.174454
32.3352,27.26338
43.2114,42.91879
86.3551,84.891396
0.0,-0.46057463
0.0,3.866198
1.55502,4.943609
0.0,13.026962
2.38675,2.0552297
1.63293,1.4899961
803.796,789.8562
0.0,-0.1023041
0.0,3.866198
121.756,10.535184
9.68664,4.808443
0.0,3.866198
74.3385,73.69287
9.84674,9.2453375
0.0377064,0.27833402
25.8435,26.537159
1.19608,16.346998
0.138878,2.864789
0.0,3.866198
0.256596,-0.68861616
0.0,3.866198
0.0,3.866198
0.0354814,-0.03735411
0.0889348,3.866198
10.7571,4.002304
0.0,3.866198
10.154,60.42734
1.40205,1.0226723
51.1107,48.84454
3.39375,3.866198
14.6904,7.727068
5.43055,2.1541715
0.0,1.3023015
11.0146,10.584249
0.0,1.8203722
0.0,-0.23637402
94.7963,92.88594
0.0,3.866198
0.0367091,-0.19444156
0.0,3.866198
0.0,3.866198
2117.69,2122.8604
0.0,3.866198
0.0,3.866198
0.530209,0.3442906
15.2827,10.8282795
15.1388,16.002777
9.66222,820.99146
0.0,6.6619825
0.0685767,3.866198
0.294691,3.9150205
48.3711,46.16423
0.00673864,2.9562354
0.0,3.866198
0.0,3.866198
0.170468,0.68303645
0.0,3.866198
8.20516,4.5938916
0.0,1.1392415
67.0111,3.6753683
17.3319,15.515563
11.6074,3.866198
0.0,3.866198
0.0,3.866198
0.0274204,3.866198
0.0,0.89971447
0.0,3.866198
0.051393,6.6619825
0.532481,0.3176931
22.6272,22.826422
89.6832,86.757835
24.4512,0.42445743
37.7274,56.603188
0.206719,0.19443953
0.0,3.866198
13.6708,12.256832
4.70115,21.426924
0.0,-0.2879058
3.08732,3.866198
0.02025,3.866198
16.5723,3.9546614
0.152698,-0.28905165
0.0059639,-0.41499066
0.0149006,-0.04866016
0.0,3.866198
0.0,-0.26854706
0.00775797,3.866198
5.62209,5.140415
15.8592,17.052818
0.443035,6.9004555
32.6296,59.490795
4.0694,3.9774714
47.1426,49.714985
6.86627,6.8104734
0.860813,39.595097
0.948007,0.4116801
67.9757,14.10189
0.0,-0.1954397
8.85757,8.336893
0.0422045,3.866198
4.27029,3.7593331
0.0,3.866198
2.31526,1.5102862
0.0,3.866198
0.0,-0.052807927
0.0672117,10.497705
1.17065,-0.06345284
0.493416,4.901303
42.8467,36.48962
31.2435,31.614891
3.42946,2.926651
52.0819,52.614136
22.6392,23.197472
1.02618,0.6653248
9.4149,9.329931
0.0,14.132381
12.9887,2.570558
6.58449,3.866198
0.0519234,-0.22953475
8.38179,8.888037
78.0455,69.05134
11.684,11.216902
0.989546,4.867384
95.5694,93.81867
0.0,3.866198
0.0,0.5342064
0.00961352,3.9066787
18.2498,16.87675
0.23567,-0.10459077
11.2349,11.17753
33.8268,20.312992
16.3631,25.73866
0.0,3.866198
17.3394,17.550798
0.600218,5.1663156
11.2831,13.494944
0.0396249,-0.070946455
2.92561,2.8625603
68.1974,67.47828
0.931777,3.866198
0.692599,3.866198
0.0,3.866198
0.0101568,3.866198
0.051393,5.4613214
0.0,-0.017983794
0.0,3.866198
22.0206,21.328297
0.194923,38.885303
14.1541,13.841415
41.2784,32.67907
12.9819,12.972462
0.449778,14.504657
0.0,3.866198
3.37369,2.2241302
9.70621,3.936792
0.0,3.866198
0.0,3.8564978
9.68664,9.841974
0.182946,11.174662
14.5324,10.694582
35.5888,37.788715
1.20083,1.5006404
2.16714,2.0394092
11.0804,10.9573345
5.54151,1.6830322
46.7864,49.45045
0.0,-0.14659965
13.3136,13.153346
0.234005,11.525982
0.0,0.13237298
1.35178,2.5390897
0.430817,0.20602
1.26999,1.2861785
0.0585701,3.866198
47.3378,20.381378
0.0,3.866198
0.177711,-0.1581142
0.183057,0.1819948
19.9297,19.897888
10.4071,4.97865
0.02025,3.866198
0.0,3.866198
0.0,3.866198
1.4025,3.866198
20.2295,14.132381
0.0218479,3.866198
11.7377,2.6030626
0.363451,6.517316
10.5139,10.863084
0.405692,0.44218075
5.59409,3.866198
0.0,3.866198
6.04863,5.8092756
0.107556,3.866198
126.529,126.4427
4.49234,1.9506055
0.0,-0.11298978
7.15625,6.237793
0.0,3.866198
1.55598,5.085964
0.175384,11.230714
28.1376,27.366669
1.4259,0.71478474
122.958,13.627579
0.0,310.4774
31.889,30.86285
17.3394,17.550798
11.715,11.149532
13.0129,11.952867
1.63293,1.4899961
11.4176,9.753502
7.72854,7.4145527
0.662085,2.670803
0.709381,21.179996
0.0,5.418965
0.0,3.866198
0.0555846,4.5828867
0.873785,3.866198
26.2397,15.217002
0.0154171,3.866198
120.835,119.7918
7.72727,7.515543
0.052786,3.866198
25.3766,25.356033
0.0,-0.109004855
0.0,3.866198
1.3851,49.910793
3.81813,3.913931
0.0,3.866198
0.0,-0.48361385
0.0,3.866198
9.07852,8.82853
0.0,0.6605128
16.2922,5.690046
0.0,3.866198
0.0667514,23.349834
0.0614976,3.866198
21.3561,23.932644
32.5265,3.866198
8.14611,7.8466673
0.0973958,3.866198
40.2252,0.19311905
0.0,2.9704385
1.57767,3.866198
0.0,3.866198
4.27029,3.7593331
13.8431,13.444008
0.0,3.866198
0.0752463,3.866198
5.64921,5.5048323
38.7328,37.843166
1.93666,1.8828357
0.571642,0.5465895
0.0,4.324744
26.0933,25.567888
89.6832,86.757835
0.0,-0.01282835
11.1947,11.661697
0.02025,3.866198
27.7434,31.396729
17.5213,256.66125
0.0,3.866198
44.8789,22.157982
7.93361,7.8773336
0.0286426,3.866198
0.0463012,3.866198
39.723,23.166946
0.353103,0.67343605
4.88734,4.427646
0.0,0.8464546
0.0,3.866198
0.0,3.866198
0.281248,3.866198
0.0,3.866198
2.48086,3.866198
0.0105764,3.866198
3.8263,2.7939782
0.0187414,3.866198
0.0384244,1.6984017
7.70336,6001.939
154.968,150.57994
0.0,3.866198
0.0657912,-0.3919338
0.0,3.866198
0.0,2.6361532
0.0,3.866198
60.3985,59.87875
13.7404,4.6036663
5.59409,3.866198
1.17735,2.5575023
0.0,3.866198
18.058,17.662584
0.0,3.5450373
0.0310379,3.866198
0.0,3.866198
8.35015,7.9419756
28.4969,0.95966864
0.0,2.9028816
0.0,-0.24481285
0.080073,3.866198
0.18146,24.088844
8.54891,8.466598
1.26219,1.0188667
0.0319278,-0.2893349
0.0995296,3.866198
0.0,3.866198
0.0,14.2463455
3.84675,1.7259667
14.3356,13.884747
64.8804,26.5373
3.66676,3.0508008
31.6466,30.601717
35.4146,10.3542385
0.0,3.866198
13.0285,13.776898
88.1568,39.699146
14.4592,8.874522
20.9074,-0.08376968
12.7354,13.646442
0.0,3.866198
0.0717698,0.22544289
0.0,3.866198
5.78663,5.3719907
0.0,45.37389
0.0,-0.7080208
8.18569,7.1317997
0.0,3.866198
0.0,3.866198
0.0,3.866198
15.1905,5.230738
0.210919,10.303565
48.6022,30.030857
0.0643346,-1.2594675
0.0407668,3.866198
0.0,3.866198
0.608544,18.380993
0.241125,4.167209
0.0633712,0.31175327
6.71487,6.260577
17.3016,19.842632
0.0,3.866198
0.0130336,0.09530389
3.33722,2.8976088
31.889,30.86285
1220.51,842.79706
11.2349,11.17753
2.98434,3.361814
38.012,29.130047
26.5551,34.996685
6.08012,51.277294
11.5803,13.536629
2.2757,2.098352
20.1227,19.607347
11.9639,11.972555
13.4078,15.60335
36.8233,25.521713
11.144,8.862625
76.8259,70.49997
0.340899,3.866198
15.741,13.210751
27.528,55.457348
0.0,3.866198
1.2634,1.0793324
0.122288,3.866198
37.8184,37.134785
6.1125,4.4386907
21.9927,22.009571
6.2082,5.452959
47.7297,44.647312
11.5803,13.536629
0.3569,0.41299903
16.7626,16.744137
6.00416,6.003423
28.1376,27.366669
0.0,3.866198
0.839133,5.6977654
9.66222,820.99146
1.48847,1.5189388
20.65,21.183117
12.766,11.0426445
0.170468,0.68303645
1.63293,1.4899961
63.5438,62.268353
0.0,3.866198
15.99,23.626125
0.0,-0.29547727
0.0,3.866198
0.0,3.866198
0.0,3.866198
0.0,3.866198
10.2463,10.127823
85.6316,48.94886
17.7894,9.387077
0.0,3.866198
10.411,5.854756
0.0,3.866198
0.966778,2.012753
7.14585,6.8866816
25.6866,24.033325
0.0,3.866198
0.0,3.866198
7.20484,10.269743
0.0115644,3.866198
0.0231005,3.866198
0.0,3.866198
0.517011,-0.40216255
0.0,3.866198
1.31869,1.0022221
6.28008,3.866198
2.30816,1.5889187
11.1811,10.352197
0.0,-0.2437396
1.93037,1.4652051
0.123718,3.866198
11.7182,3.0793118
0.0476741,53.041214
0.271209,-0.94814885
6.51382,3.6333218
8.03788,7.356575
6.86627,6.8104734
0.0,3.866198
0.0,3.866198
0.0,3.866198
4.39554,1.9088756
0.0,3.866198
5.45664,265.884
0.534143,0.500718
0.209364,-0.1208123
88.227,42.481953
51.4147,9.666822
0.493416,4.901303
0.0158971,3.866198
0.196923,7.5883446
2.86354,18.041355
16.0687,15.212279
8.54155,9.086739
27.6502,29.896513
195.28,21.447077
12.9157,10.84663
24.9532,23.825092
0.0463136,164.1301
3.74162,15.5324135
12.4639,3.866198
272.196,132.02611
1.12688,0.95712245
0.0,3.866198
13.534,12.852205
11.6536,-0.31760395
30.4005,14.858476
0.152745,3.866198
0.0,3.866198
0.00992251,3.866198
0.0,3.866198
0.0222064,3.866198
0.0145785,3.866198
8.36754,8.437724
21.1404,21.389675
0.0,3.866198
11.2831,13.494944
5.85685,6.1052837
0.0153356,3.866198
10.4821,10.475613
2.1687,2.7862358
35.0216,34.156498
0.0,9.009785
78.8296,44.897526
0.763368,3.866198
192.728,203.89525
0.0541491,3.866198
0.754826,3.866198
0.75264,1.1751872
0.0,3.866198
9.59899,8.463975
30.345,30.677345
16.8498,41.61947
8.203,7.984654
4.8694,4.3778634
0.0,3.866198
0.791812,3.5412173
0.387361,3.0550294
29.4276,28.489428
0.0,-0.5078049
0.0,3.866198
2.08647,1.8828357
0.0571442,-0.15698564
49.2648,47.50713
27.0342,20.994183
0.0119285,1.0470523
0.0,-0.7080208
4.71181,3.866198
5.1564,4.8026876
0.681433,11.603474
11.3911,11.190102
0.0,-0.3338796
0.496241,1.7909089
112.303,109.60569
21.9927,22.009571
2.94202,20.256893
8.20827,13.026962
0.0,3.866198
1672.53,820.99146
7.09776,6.7263126
0.0,3.866198
0.0,3.866198
12.8269,79.78874
3.51536,4.016608
7.18879,3.7531972
14.5588,14.296665
0.839133,5.6977654
0.0,0.44601429
24.3086,23.350756
6.93717,1.5115355
0.0,3.790833
0.164682,3.866198
0.080121,3.866198
0.0,-0.18136275
3.4731,-0.015090108
0.205377,0.0763253
13.4342,13.051201
0.0,3.866198
4.545,1.1392415
0.0,3.866198
0.0,3.866198
0.0,3.8437233
5.61369,23.638695
0.620975,3.866198
14.8319,14.338208
0.0128127,3.866198
0.0,3.866198
8.67667,8.485078
0.161331,3.866198
0.0,3.866198
84.2505,13.810518
6.59443,44.020718
7.18663,3.8241377
7.13458,7.0071945
10.8319,45.60986
0.0527068,3.866198
16.1769,16.129684
7.28997,6.760301
0.0,3.866198
5.48619,4.649594
0.048191,3.866198
16.4061,29.407688
0.0,3.866198
0.0,3.4792438
4.06435,2.0632467
12.8443,39.569435
0.430646,9.367397
41.1122,35.583042
0.0,3.8289008
2.46857,3.866198
0.144784,-0.042950273
2.738,2.369852
11.7324,9.38501
4.51348,4.603457
11.574,10.403156
0.0,8.358507
0.164682,3.866198
12.4457,8.468472
2.66844,2.051628
0.265303,3.866198
4.64168,4.293399
6.91163,7.050599
10.9545,10.486048
0.0633151,-0.04176402
16.4925,16.280605
0.251745,10.226679
15.0677,14.595638
0.0,3.866198
0.0842092,3.866198
0.0,3.866198
0.0,3.866198
0.0228214,3.866198
0.324999,5.7424717
0.0296726,3.866198
0.126268,3.866198
0.0279625,3.866198
9.91484,5.11223
0.0,3.866198
0.040939,3.866198
158.563,157.74602
6.1345,5.295182
0.216623,-0.13333237
0.0,3.866198
103.001,218.13536
9.463,3.866198
7.24419,7.2341433
410.978,4.107626
3.33156,1.9379312
0.0,3.866198
0.147257,3.866198
15.7273,9.747769
0.0551446,-0.06665075
0.00887042,3.866198
0.0,1.0657244
4.74741,2.5294375
0.371223,15.785022
2.9242,2.060156
0.0,3.866198
0.0361774,0.06295645
0.0,3.866198
0.0243009,29.783026
22.6518,10.226679
11.2641,19.367992
26.276,26.124075
0.319634,16.589352
0.0764985,3.866198
4.64645,4.3009286
0.0,5.284912
5.03248,45.70088
4.85934,4.665986
14.8348,7.5205436
0.449709,6.351659
0.0,3.866198
14.3224,13.696756
0.0254483,16.171293
4.6505,4.372197
0.0,91.7618
122.353,56.772427
4.39634,4.5039983
2.64652,1.8386887
10.5139,4.736478
0.0,-0.39867294
0.548949,11.1547785
46.0233,44.586662
5.69175,16.130096
0.0,3.866198
0.0,3.866198
13.2361,0.33484685
0.0803287,3.866198
0.0505051,3.866198
0.289539,11.015749
0.0,7.758749
0.05699,3.866198
12.3578,12.354489
0.392828,0.1697061
8.10299,7.917061
0.0,3.866198
0.0265841,3.866198
169.242,169.52243
1.23554,0.2316128
30.1359,29.03419
10.8913,2.2559426
0.0,3.866198
0.0774752,2.979403
22.6392,23.197472
13.1918,12.722045
115.716,48.380005
22.5027,21.923302
12.6572,17.195133
1.27604,5.8177104
11.2831,13.494944
11.6114,10.253339
13.1239,12.779419
0.0,3.866198
8.14864,5.245372
0.0,-0.1581142
0.679415,0.4196366
0.0,3.866198
0.0734236,0.53624487
9.68664,9.841974
9.03346,9.106156
41.0443,11.720535
0.0,3.866198
0.109324,-0.03739631
24.5835,23.538742
20.1295,19.98904
0.329182,16.932182
6.84802,6.185275
0.0655596,4.168556
0.0,3.866198
0.0,-0.23992741
4.26047,35.061134
4.24122,1.0470523
11.6536,-0.31760395
0.025486,2.9681478
8.61474,25.793669
0.0645255,4.1312957
19.9248,16.333006
26.5434,7.656474
10.919,10.577808
28.9256,11.525982
0.0,6.6619825
0.0980159,-0.23673356
4.52907,4.5500703
0.0,3.866198
0.0,3.866198
0.0,3.866198
0.0,3.866198
0.0,3.866198
0.133885,208.12498
0.0158816,3.866198
0.0265851,-0.18120229
0.0,3.866198
3.88447,346.41632
0.0,3.866198
52.2918,52.547478
5.65542,4.652499
2.33652,13.76726
42.2709,13.750459
0.0,3.866198
0.0167702,-0.12660348
0.353103,1.1890246
0.0,3.866198
0.233062,0.5153259
0.0593236,-0.14894086
0.0,3.866198
0.700803,1.5707318
0.0,3.866198
0.0,3.866198
0.0,4.0656476
8.87697,8.654309
29.102,28.856245
19.4687,19.834263
54.7708,16.43133
1.38841,1.8097066
8.40817,7.548365
0.802017,0.5362071
0.670411,-0.033272624
0.168847,3.906744
4.75915,4.7444468
0.0,3.866198
0.281248,4.735055
0.095025,-0.04601729
36.2545,36.114452
0.0185423,-0.11104095
0.0,3.866198
0.0439948,3.866198
4.64859,4.506038
4.92439,4.1846695
13.3341,12.411952
0.203546,-0.060629964
19.4241,19.357958
0.0,3.866198
18.7897,18.302404
1.42503,0.81195724
6.21711,6.2509894
5.18852,10.906424
0.685463,59.07238
9.57138,9.356445
4.70951,134.84409
0.0,3.866198
5.78663,5.3719907
0.0,3.9380035
0.0,3.866198
0.0,3.866198
0.0683978,35.666943
12.8546,4.081583
0.0629815,-0.30340636
29.1625,28.606976
65.8736,56.450794
27.0976,29.434885
13.3117,13.073896
74.3385,73.69287
7.79231,7.0711656
0.0,3.866198
0.0,3.866198
16.8505,25.126858
0.0,3.866198
6.6427,8.632313
8.7999,9.5381155
0.302294,3.7307124
0.0318162,0.40841043
0.0,3.866198
7.09103,12.628527
27.7483,22.300327
0.0,3.7531972
0.0198511,3.866198
2.89538,2.251133
0.0322283,-0.20418
0.0,3.866198
12.2934,12.167236
0.0,3.866198
0.915715,4.941698
0.0,3.866198
19.3196,19.011604
8.90006,129.19794
0.0,3.866198
0.0,3.866198
0.0,3.866198
25.2743,56.49399
0.0156339,3.866198
17.9272,22.795513
8.20516,4.5938916
45.9377,45.820583
0.406795,10.545074
28.1376,27.366669
8.79761,8.007247
0.0,3.866198
0.139701,-0.47996986
0.0538038,-0.2539786
0.0,20.381378
71.0243,69.36857
0.0,-0.017983794
0.0178874,3.866198
53.3411,20.12592
0.0,3.866198
23.0079,20.54805
24.4617,22.942234
25.7322,3.4455643
0.0,3.866198
2.69684,15.1309395
0.0168296,3.866198
22.4628,3.866198
169.985,37.128017
0.133885,3.866198
0.0,3.866198
0.112871,3.866198
0.00727648,3.866198
0.0,-0.017983794
80.0908,78.01633
23.569,23.31148
0.0,-0.052807927
0.0506783,3.866198
18.3232,32.870647
0.0,3.866198
0.0,3.866198
20.3935,19.896923
31.4133,30.517334
0.0261254,3.866198
0.125719,-0.03910494
16.643,1.8107888
0.630093,0.26360416
0.0,3.866198
31.889,30.86285
0.0,0.4186334
0.0,-0.3133272
0.0,24.261974
0.0,3.866198
0.011101,-0.008859158
20.6311,15.512531
13.3234,25.521713
5.78663,5.3719907
0.0,4.594159
0.0,3.866198
0.0,-0.1476767
9.31878,8.991424
4.37563,4.0096946
0.0471918,3.866198
0.0,3.866198
61.3507,35.91981
15.9221,15.664328
2.42901,2.243034
13.4596,15.444585
4.54892,4.4828753
2.26397,30.257774
35.0486,33.34692
0.0,3.866198
0.441484,18.775925
0.624512,3.866198
3.62445,3.59053
10.4143,-0.09825301
0.0,-0.18076289
0.0,3.866198
1.3366,2.6828446
0.0898018,-0.6573185
9.9387,10.790567
0.0,3.866198
3.51618,2.815277
0.966317,11.339621
11.2284,14.539584
0.0285757,-0.010488868
0.0,3.866198
91.3823,84.49911
6.68171,7.274573
0.0,2.154509
20.6133,22.42104
0.288601,0.09530389
8.51378,8.373174
0.0955366,3.866198
5.16818,5.488173
13.5853,14.071045
0.0,3.866198
154.968,150.57994
6.87925,22.18416
0.167349,-0.12585676
20.3765,6.6619825
0.0,3.866198
4.52996,0.9998965
0.0,5.887289
0.0629534,3.866198
0.0,3.8836374
2.29766,2.112496
14.7351,12.004036
33.1131,1.3345691
1.27446,11.794966
0.0,3.862661
32.9684,34.271065
0.0,3.866198
0.0,3.866198
0.128932,3.866198
181.813,184.54712
0.00808029,-0.09267032
44.5136,53.599712
0.0819871,3.866198
0.0764985,3.866198
50.567,52.17442
85.6316,48.94886
0.149905,5.9922
370.815,56.453472
0.0,-0.12549984
6.54572,6.517311
0.748226,0.67399704
2.18394,2.479725
0.0,3.866198
57.049,3.866198
28.313,16.018337
0.115845,3.866198
10.5353,10.220849
68.9289,65.970184
0.234831,3.866198
11.9164,3.5234146
4.1897,4.226544
0.03749,-0.15731394
0.534143,0.500718
0.0,1.8888656
23.5057,23.115341
3.1273,2.1487217
0.0,3.866198
0.0278073,18.982182
12.3079,12.860147
7.88354,8.433605
6.13331,5.539169
0.0170975,-0.24984562
0.0214629,3.866198
85.1751,89.0255
52.7444,13.69317
35.3348,25.890984
0.0388604,2.1327484
10.8023,34.071175
20.3765,5.187245
231.91,22.749151
9.31878,8.467701
69.4026,1177.8074
6.28842,3.9295764
0.0,3.866198
0.0,-0.2596004
0.471161,3.866198
0.0623884,3.866198
26.234,26.879112
22.3609,21.0001
29.3384,28.511024
11.0977,4.7533617
16.8529,15.338197
0.0,0.9519979
0.0,3.866198
9.30771,30.357534
74.4531,74.69457
181.96,182.53839
42.5758,41.530743
27.7434,22.862286
2.59898,2.2963815
17.8586,17.516312
0.0,3.866198
0.0,3.866198
0.0,3.866198
0.0,3.866198
30.36,14.768238
0.0,3.866198
12.6111,12.421971
73.0222,3.7169147
0.0324435,3.866198
1.55502,4.943609
10.1436,10.950232
0.0,0.27833402
0.0420966,3.866198
0.0,3.892056
0.0129563,0.004994273
115.716,48.380005
0.105977,-0.20422876
0.0546641,3.866198
0.0704301,-0.25407863
15.7275,15.011393
0.0148074,3.866198
1.78663,1.9470022
1.12501,1.3158692
0.0,3.8323379
0.0,3.866198
3.42946,2.926651
17.7602,17.051802
68.9565,66.003395
12.8546,4.081583
1.26519,1.0389229
0.0,3.866198
0.0324739,9.747769
33.4603,35.483463
0.797986,0.9020374
8.88717,7.7409635
0.0,-0.22687519
0.671246,0.7206191
0.839838,10.643919
0.0,3.866198
0.0,3.866198
4.29189,4.3294716
0.154268,3.866198
0.0,3.866198
16.2904,18.223455
36.1719,17.955715
20.4143,20.916214
0.0,3.866198
0.0528512,3.866198
21.9927,22.009571
50.3607,1.0220791
0.689814,0.5510186
14.6375,14.154318
27.9572,25.505224
0.152325,7.6629148
0.0,3.866198
0.0,0.110138655
0.0,3.866198
0.027385,-0.16133094
2.84066,2.3420277
0.02025,3.866198
0.0,1.3970326
10.2463,9.91947
0.0,3.866198
0.0,3.866198
0.0293181,3.7674198
1.4467,1.3763443
0.0,3.866198
87.0906,15.252747
0.21459,37.5331
0.041083,6.7335663
9.47653,4.943609
0.00703583,3.866198
2.32627,1.115389
0.077815,3.866198
8.57879,10.253339
0.0,3.866198
0.0,3.866198
0.0,3.866198
14.0233,26.906837
3.4621,8.322071
3.82122,9.330538
59.6986,5.288432
54.8596,53.637936
18.2394,17.605436
0.0,3.866198
13.1239,12.77329
0.0,3.866198
7.72727,7.515543
0.593276,6.7893233
16.961,16.222956
55.2517,55.228374
28.1987,17.426655
0.0,-0.12119365
0.0400535,3.9031296
0.0,3.866198
2.84066,2.3420277
0.0,3.866198
13.3781,13.695937
9.36233,3.9815779
14.5392,19.52938
7.93361,7.8773336
0.532195,0.21605217
16.6061,16.26006
0.695969,3.0537252
9.51941,9.976409
1.94248,24.093424
77.4792,72.197426
0.0,3.866198
0.380775,3.866198
0.0323811,-0.16422379
0.0,3.866198
0.0376121,-0.2515657
4.7028,11.773844
0.233751,3.4757748
6.94055,0.8485018
89.9161,85.960686
16.2541,5.411129
0.0,3.866198
0.051393,5.4613214
0.0,3.866198
0.0803971,3.866198
1.20238,7.0094175
0.0,7.7010884
1.9817,1.7794677
0.0,3.866198
11.0919,11.0484915
80.3929,40.495728
0.0,-0.22899199
0.0,3.866198
14.9189,14.75624
18.1842,17.636106
5.34605,4.6228824
2.3566,2.6216636
9.22554,5.6977654
0.0,3.866198
0.0,3.866198
0.0393917,3.866198
0.0,3.866198
0.340281,34.040916
0.0,35.16586
3.41662,6.5181885
37.3936,7.7816114
3.32871,3.2846403
67.0111,3.6753683
0.0,3.866198
0.0,-0.11400807
10.3601,9.512141
10.039,7.5925903
0.0132778,-0.43561804
0.0,3.866198
30.5976,28.689201
24.5835,23.538742
9.56915,9.458183
0.0,3.866198
0.0,0.6640388
9.20199,4.0593805
0.561068,3.866198
0.0645255,4.1312957
3.94202,3.054123
0.0,-0.5827359
6.33662,3.866198
0.0415572,3.846799
5.03441,2.577426
0.132446,0.6483464
0.0757449,0.017958045
0.0,3.866198
801.127,848.652
0.0,3.866198
44.0347,47.60188
32.6081,31.934004
0.096906,3.866198
0.507646,-0.33558977
3.93496,5.2598624
0.242037,9.882055
3.52253,1.6185912
5.0881,2.3341508
4.56991,21.256557
1.84062,1.6043501
0.02025,3.866198
29.4994,27.741423
130.387,11.51612
738.118,753.4822
9.4149,9.329931
0.00973541,-0.38115704
12.3794,11.350215
9.66222,820.99146
0.0,1.3960203
0.0,3.866198
1.58771,0.41130376
10.04,9.218216
0.0951901,0.1117295
2.40825,54.022453
5.16818,5.488173
0.921524,0.7406298
55.2129,10.954026
0.0,3.866198
21.5036,21.281544
7.53429,10.78054
24.9532,26.335537
4.35779,3.2421722
0.0,3.866198
0.0,3.866198
0.0,-0.017983794
7.06242,29.812672
6.71487,6.260577
0.0,3.866198
10.6178,9.670429
7.72727,7.515543
0.492848,21.393265
0.873254,3.866198
23.8582,6.6529617
0.0,-0.32991064
0.0,3.866198
0.0503692,16.560886
0.0,-0.14828789
11.3499,11.7646675
9.37391,8.133054
32.2663,31.589314
1.26999,1.2861785
0.0,-0.11560893
16.9237,35.008236
22.6392,23.197472
0.0,3.5825214
0.0,3.866198
0.00866662,3.866198
0.0712323,0.25544035
5.90745,1.3951744
0.0,3.866198
0.0,3.866198
20.3765,5.187245
0.0415987,0.36072493
0.0527945,2.076499
0.0,3.866198
1.45222,3.866198
0.0,3.866198
0.0621603,-0.1687926
57.3396,3.652947
0.0,3.866198
0.00683605,3.866198
9.45517,8.687882
0.0199938,3.866198
10.7553,9.412988
0.0,22.89089
0.0149743,3.9249015
0.0,3.866198
110.799,70.466194
0.0,3.866198
0.248463,0.14510953
11.3911,11.190102
35.7755,16.760267
0.144784,-0.042950273
11.0146,10.584249
5.21638,5.016717
7.5882,7.8505
3.50575,17.009407
4.545,1.1392415
0.0,3.866198
0.0,3.866198
0.0,-0.35031986
7.65143,6.936018
255.378,120.86501
4.92304,3.3278365
1.4467,1.3763443
21.4343,8.982882
4.3505,16.527315
11.2706,11.379894
1.55598,5.085964
7.75683,7.517309
0.0,3.866198
6.68511,4.3910728
4.3151,4.0685
0.0435377,0.040362835
31.7944,68.52194
0.0323968,3.866198
13.5897,6.8868423
80.836,82.724236
0.0417562,3.866198
0.0652797,3.866198
0.0286426,3.866198
12.3578,12.354489
0.0850534,3.866198
0.0645255,4.1312957
2.91906,46.23351
3.31331,7.89342
0.0309568,3.866198
8.8137,2.3063788
4.26574,3.591061
0.0,3.866198
7.78329,-0.610216
0.0,3.866198
69.5907,21.930573
0.565411,0.7232245
76.9977,77.36056
0.0,3.866198
0.0345443,0.5528289
10.8696,5.3385916
0.0262574,-0.069238305
6.39448,82.55019
0.0,10.569204
11.1811,10.352197
102.047,59.882603
0.0,3.866198
0.0,3.866198
13.0144,11.274984
0.0,-0.43827617
0.0,3.866198
25.8108,36.193783
9.08801,51.076687
0.0,3.866198
0.0,3.866198
49.0173,46.205387
0.0,0.00065505505
0.0,3.866198
17.0723,8.125452
22.6392,23.197472
2.6129,5.5177197
0.496611,3.866198
0.0,3.866198
3.17315,2.8660884
1.25708,1.2535955
4.04668,4.765401
0.242888,-0.08549374
177.36,170.66924
0.041158,3.866198
0.0,3.866198
0.0,3.866198
0.0,8.291586
0.0,9.314255
4.4391,9.061953
0.553941,0.19492674
0.0,3.866198
5.39411,4.5444255
19.9112,18.027126
31.8925,20.536942
15.9952,15.2618885
12.39,41.05501
0.0,3.866198
8.20827,13.026962
0.75264,1.1751872
0.0,3.866198
0.0,3.866198
1.20083,1.5006404
0.0429052,-0.21589589
0.0,-0.49300253
5.74144,11.313538
0.160508,2.932773
3731.54,3525.1428
51.7546,22.335094
9.66222,820.99146
0.100224,3.9122248
0.0146776,-0.21623278
0.0219676,3.866198
0.19907,8.642273
3.68977,3.4361773
0.310805,17.07386
0.013013,0.93504465
12.3842,-0.34735298
2.62049,4.7960305
0.0,3.866198
0.143557,3.866198
0.0,3.866198
0.0,-0.325114
0.0651436,3.866198
0.0,1.0190974
8.78468,7.778392
13.3605,0.24184191
0.587905,0.972525
0.0,-0.06784272
62.4155,42.83391
0.0327247,-0.15377355
2.08579,3.2320242
6.39349,6.176024
11.613,7.456026
0.492471,78.901344
27.5158,22.795513
0.68951,0.29399586
0.0,-0.017983794
18.4826,32.292057
0.0150878,3.866198
0.0,3.866198
5.16245,4.123243
29.149,28.526209
9.68664,9.841974
0.782975,0.6592554
26.4642,11.749773
0.0,-0.05038941
0.027453,-0.12763774
0.0,-0.011030078
0.0,3.866198
23.1255,22.977577
7.81582,7.7842293
0.0352636,-0.1581142
7.72727,7.515543
8.10573,3.866198
0.0,6.1195927
1.20482,5.9349813
0.0,3.866198
1.34405,6.850397
0.0,1.1823245
0.0339982,1.1392415
0.0,3.866198
0.0174285,-0.16467977
0.03437,0.8471807
0.0,3.866198
145.657,148.50362
0.0634393,16.024311
2.18394,2.479725
0.0,0.59026325
0.0115032,-0.28780854
60.0743,48.601482
0.0,-0.074582815
0.0,3.866198
0.0165863,3.866198
0.0,3.866198
0.0,3.866198
0.0,3.866198
0.0,60.513462
0.0,11.885178
15.6387,116.749214
0.041083,3.866198
0.861373,10.517349
0.0,3.866198
0.0,3.866198
16.651,16.465904
14.0998,14.705283
1.27446,11.794966
0.086623,3.866198
0.0735725,3.022952
0.0475428,3.866198
0.163732,5.4917355
0.232937,3.705986
9.4149,9.329931
9.57138,9.365999
0.894353,0.43349826
25.8108,36.193783
15.2671,14.603604
0.0,0.009274244
0.0,3.866198
38.012,29.130047
19.5991,19.324564
0.0803971,3.866198
0.0261254,-0.118412614
3.62055,3.186421
0.0,5.2011514
5.78663,5.3719907
3.44411,3.2322087
46.7275,46.885483
18.0396,21.580688
2.01795,3.866198
18.53,31.839342
68.9289,65.970184
0.0,1.1884253
0.0896572,7.447649
0.0,3.866198
0.0,3.866198
0.0,111.29949
0.0506962,17.9744
0.11251,3.866198
0.241715,20.594818
0.0,-0.38951492
0.0,3.866198
0.0,3.866198
0.0,3.866198
1.15678,17.776615
0.265004,3.866198
0.766402,2.2239966
2.24119,1.6284127
15.3676,-0.73065007
0.03713,3.866198
0.0215975,1.5315112
0.0,3.866198
1.90472,7.9147296
7.5882,9.102729
29.0894,27.396568
63.9287,29.868223
0.430817,0.20602
0.0,2.2477033
53.392,3.866198
86.3551,85.720345
0.0,3.866198
4.12583,103.801956
0.0,3.866198
4.37563,4.0096946
72.0507,72.73025
0.0,3.866198
0.0,3.866198
4.15016,3.9295764
16.7626,16.744137
0.0,3.866198
1.2552,3.866198
6.81054,6.6966543
4.4131,-0.6974375
0.0931813,3.866198
36.1941,33.39071
3.30789,9.486362
22.0933,21.938465
0.0,3.866198
0.0,1.7717396
21.2436,20.17377
15.1906,15.519043
1.00717,0.70121646
0.18877,0.10044277
3.47315,4.6865506
7.67703,7.4142323
0.438031,11.738922
12.7705,13.156694
80.0908,78.01633
10.919,11.025186
0.0,-0.09467065
0.0730304,0.21376014
37.3936,7.7816114
0.534861,4.901303
0.620032,4.9810157
22.6442,21.652475
0.0530535,4.2698545
6.33747,6.231586
47.6788,20.22385
31.889,30.86285
4.00067,1.3925706
13.7455,4.625928
0.0,-0.15377355
3.08732,3.866198
202.187,16.43197
12.8677,11.625124
0.02025,3.866198
0.0541491,3.866198
0.0,8.525902
46.7275,10.679909
2.87614,3.866198
0.0162918,22.699703
19.0798,19.267822
0.0,3.866198
619.796,274.28452
0.0,2.231162
0.0,3.866198
0.0,0.41684222
29.8053,28.205435
0.0,3.866198
0.0,3.866198
3.60053,3.397194
1.13347,0.9435514
11.308,9.402029
0.0,3.866198
19.1647,13.856622
8.30447,4.1312957
1.11784,1.1865383
0.0,3.866198
0.0,-0.19028759
0.138878,2.864789
5.59568,35.53922
2.41248,3.866198
37.3772,11.358069
0.0,3.866198
16.457,20.527859
8.203,7.9766455
2.42467,1.3960203
3.1273,2.1487217
2.22496,1.1910437
0.0713469,3.866198
17.6053,17.315481
0.0167724,3.866198
0.0,4.8194375
0.105717,-0.36675286
0.116538,3.866198
0.0,3.866198
15.4538,6.070426
0.0,3.866198
13.3341,12.411952
0.838692,2.5657601
6.6255,3.866198
0.0,3.866198
18.2965,18.057964
0.174932,-0.37150633
1.2714,2.2149105
4.74464,4.5271807
0.00832832,3.866198
40.2252,39.942543
13.6716,13.113465
14.1028,10.28738
0.0105662,1.0623897
13.0144,12.983549
0.875072,0.5302985
0.0,11.915564
12.1094,10.973205
0.0607677,0.3754984
19.0535,18.543482
0.0,3.866198
7.30478,3.866198
0.025486,2.9681478
0.0,-0.44814587
0.68252,5.854756
0.0363823,3.866198
13.3866,28.222618
0.0,3.866198
0.921524,0.2365545
61.77,60.95
0.0,3.866198
0.0193289,3.866198
11.9212,20.381378
0.0109827,3.8837643
0.249562,-0.08223307
0.0,3.866198
10.2809,9.849233
1.85569,1.4518832
0.185893,3.866198
15.1568,11.417003
0.0,-0.30155146
0.0,3.866198
23.5057,23.115341
11.1811,10.352197
0.0,0.05559635
0.0189604,3.866198
5.75256,6.049918
0.251745,10.226679
0.0,3.866198
18.1698,144.61794
0.0317711,-0.040454984
0.571642,0.41850126
3.50939,4.9194775
0.645114,3.866198
0.0,1.8582046
0.0,3.866198
0.0,3.866198
0.0,3.866198
6.71604,6.282419
10.5992,10.683914
0.0,3.866198
3.24739,7.458602
32.4123,11.339621
1.24908,1.3649985
0.0,3.866198
30.6925,29.971786
3.04972,1.4046268
0.0980159,3.866198
27.971,28.02391
1.45163,13.197452
619.796,274.28452
0.0,3.866198
1.26519,1.0389229
0.0258166,3.866198
0.129077,5.3225956
0.0718414,-0.05761075
7.63516,7.2056932
44.5126,22.2112
23.7004,12.799488
0.387816,3.528277
15.0041,12.953602
2.83586,2.6034508
21.4787,10.639653
0.171019,0.72499335
5.59409,3.866198
0.0,3.866198
25.2295,61.55812
1.19608,22.114155
36.7901,34.134212
2.19219,1.2210013
9.22554,5.6977654
0.0,3.866198
4.64846,4.6834173
4.57112,2.5065641
24.9532,23.825092
54.3436,20.021305
0.162101,-0.21230316
0.0230774,3.866198
6.70987,7.1466627
0.0479309,3.866198
0.675141,3.866198
2.47586,1.406546
0.111489,3.705986
3.74162,3.4410243
0.413002,130.76991
9.31878,8.467701
0.0,7.395454
0.237022,44.650043
1.91025,3.004261
0.438031,0.85357654
0.0,2.6361532
0.0,3.3919854
0.0130855,0.59815276
1.21645,3.866198
5.1839,4.1189604
11.1051,6.0310984
0.0,-0.054055452
0.0,3.866198
12.5184,12.108688
11.3499,11.7646675
0.0120289,48.588123
0.0603654,6.7276955
6.31848,6.3559885
0.530209,0.3442906
0.379956,83.09903
0.0,3.866198
0.0131872,0.35043192
9.4149,9.329931
0.0,3.866198
1.61219,4.2606936
5.23978,10.174165
9.41833,1.9132024
19.3857,29.130047
0.0168296,3.866198
0.0,3.866198
24.5386,8.343213
6.40323,24.606697
53.3411,20.12592
1.02096,0.8760953
0.0,-0.09311211
0.13323,3.866198
0.0,14.087961
8.58183,21.32206
78.8657,77.67341
2.81657,1.2570436
18.0201,18.163864
9.28526,6.288553
9.31878,8.991424
4.78224,161.64316
0.468693,3.866198
15.7976,15.560166
36.9073,4.1550803
0.014177,3.866198
12.6111,12.421971
6.41239,1.0278032
89.6832,86.757835
4.86962,4.632981
0.0995542,3.866198
11.7058,10.119175
0.0261254,3.866198
0.0,3.866198
0.0,0.89971447
1.52665,1.5468612
5.64675,16.001762
5.43982,5.260481
0.144784,-0.042950273
0.0,-0.054055452
0.534143,0.500718
71.4958,70.78269
0.0,3.866198
0.0,3.866198
0.0,3.866198
0.019213,3.866198
18.727,16.446161
0.0,3.866198
92.3816,9.89583
0.0,10.657299
2.0161,1.9561919
1.99144,71.35588
0.0,3.866198
5.20518,0.15271342
32.0479,31.604061
29.4994,27.927212
9.91484,5.11223
11.715,11.149532
0.0,3.866198
0.0,3.866198
0.0,6.8868423
0.0755944,-0.4630915
0.309085,-0.24481285
2.01911,6.013235
0.0,3.866198
0.16082,0.6806189
0.104496,3.866198
1.49569,2.1040847
1.20655,0.5970448
18.7877,-1.0470527
0.0,3.866198
6.30304,4.3010035
1.43498,1.1705855
0.609691,14.005426
70.3369,21.427008
24.4512,7.15481
23.5333,22.579006
0.237497,-0.27884877
0.0,3.866198
0.0,3.866198
5.74927,3.0008187
0.0,3.866198
27.1771,26.297686
0.0,3.866198
13.234,6.3292637
6.18605,6.083956
0.221825,0.46791768
3.78142,3.226221
30.7407,31.795586
18.916,19.348045
0.242017,0.6430272
0.0,3.866198
7.54229,3.5025053
6.03438,5.58147
0.0708623,-0.13528955
0.0476741,5.8412824
22.8508,13.5665245
6.42265,27.726303
2.0112,48.380005
0.0158971,3.866198
0.0,3.866198
20.9772,21.705486
12.5591,5.9152107
0.0538038,0.21921599
2.78856,3.866198
0.0,4.35765
0.0,3.7531972
5.72192,5.8205094
8.56465,6.3506126
23.1255,29.721354
23.5049,13.187
0.301719,1.8430973
2.41969,12.805199
0.0,3.866198
0.443727,7.8579636
0.0,3.866198
0.346442,3.866198
0.0,3.866198
4.06206,0.89971447
73.3554,86.51183
0.800597,3.866198
10.5932,58.88463
7.78391,7.164917
17.7321,20.37915
15.7843,13.719728
5.59409,3.866198
0.0,5.960878
0.856165,19.70374
0.0,3.866198
0.0657912,-0.3919338
54.6051,23.646255
0.0657912,-0.3919338
0.43431,0.3814441
0.0,0.57808435
9.9387,10.790567
0.346404,0.052396894
0.0393256,3.866198
0.0,24.744125
10.1436,10.950232
0.00317201,233.73686
7.4921,6.7624054
0.249144,3.866198
0.0630506,2.2744317
1.99681,93.32535
0.0,3.866198
0.034299,3.866198
68.9289,65.970184
15.4517,15.912468
0.926497,0.58368766
5.91012,6.3608656
9.66222,1639.9075
6.33662,6.5688105
0.0153815,3.866198
146.296,143.17961
0.0,3.866198
0.0295758,3.866198
0.000327993,-0.24877763
0.0,3.866198
0.184332,3.866198
0.0289154,4.545197
13.4114,7.1392336
49.7618,52.195667
0.0,3.866198
15.6971,69.80051
78.8296,44.897526
0.0,3.866198
1.52665,1.5468612
0.636784,33.436787
0.97243,3.866198
0.0,3.866198
0.138839,3.866198
0.0,3.866198
7.88268,7.7964206
76.7357,3.866198
31.2841,33.340343
10.919,11.025186
3.10352,3.5890079
0.0,3.866198
0.0,1.956283
0.245379,2.061714
23.5057,23.115341
2.19107,1.7638923
4.25339,4.404969
0.0728837,3.866198
7.54107,7.4205933
0.0,2.231162
0.015563,-0.45435464
71.8092,59.490795
12.3842,1.395626
0.0,2.6361532
1.32434,29.082405
0.0,3.866198
17.0624,18.141376
5.62209,5.140415
7.18879,3.3133378
0.43431,0.3814441
20.3765,6.6619825
0.0,3.866198
21.4696,20.786184
0.0,3.866198
0.0,3.866198
1.26999,1.2861785
8.87697,8.654309
0.144043,0.095876336
17.8849,29.058554
0.0,3.866198
0.0,-0.31329358
32.8704,33.400444
171.987,3.866198
1.54364,1.4766465
0.0,3.866198
110.799,70.466194
0.00641776,3.866198
0.0,3.866198
1.18369,0.9836472
0.0,3.866198
4.3179,4.1637893
0.0422045,3.866198
0.759499,0.83751404
0.0,3.866198
4.26047,24.64162
0.0,3.866198
0.0,3.866198
52.1765,43.839577
0.0,-0.3110577
14.0233,26.906837
0.0420966,3.866198
44.7028,50.361965
57.7565,56.814404
0.153628,-0.360237
10.5207,10.076584
0.0,3.866198
0.0,3.866198
139.129,135.94202
3.31398,3.866198
0.45884,3.866198
7.56243,7.2596626
0.0,3.866198
27.6447,27.396622
0.817473,0.14315379
17.6696,17.264772
1160.7,1376.279
11.3911,11.190102
4.252,3.9329548
0.0854279,3.866198
35.6753,31.878885
0.0,3.937491
3.82681,4.0480223
2.50742,0.8669039
0.144985,112.98748
1.0497,3.866198
0.00684662,-0.5652441
0.0,3.866198
28.3832,27.521484
1.63154,3.866198
0.039932,3.866198
0.0,3.5825214
0.0,3.866198
0.0,3.866198
95.5694,93.81867
36.044,36.300877
0.0959594,0.9904292
43.1512,26.630676
4.74985,4.5313725
19.6435,18.437252
1.64904,5.0624504
0.033392,-0.25335515
3.66676,3.0508008
0.0,-0.017983794
0.904192,6.55619
11.7977,11.808108
0.0734416,-0.23923641
7.13458,7.0071945
29.1625,28.606976
0.0228741,3.866198
0.041684,-0.21849763
30.8985,27.545633
5.07368,0.04185009
0.0,-0.162597
0.0,3.866198
0.0,3.866198
8.20516,4.5938916
0.0489275,71.18433
27.9249,6.0932713
10.1091,3.866198
7.93361,7.8773336
17.5729,1.9578158
0.0194222,3.866198
108.9,26.351345
9.91484,5.11223
0.0,3.866198
0.0,3.866198
20.6573,20.203758
3.29546,3.0076766
0.0,3.866198
13.4342,13.051201
0.153703,3.866198
0.0,3.866198
0.0,3.866198
17.5554,48.94886
0.018341,3.866198
0.0,3.866198
0.0755944,-0.4630915
0.0683683,-0.6242565
120.835,119.7918
12.3578,12.354489
11.7618,5.3225956
0.0,3.866198
44.7525,41.763916
0.0,3.866198
0.0,-0.21078867
0.128932,3.866198
0.0,3.866198
0.267747,1.5684454
0.643053,10.037552
162.718,84.21342
49.2308,33.547848
40.9999,9.641441
0.0,3.866198
24.0067,6.933058
0.0614976,3.866198
0.19158,0.081305265
0.643755,9.063336
0.0,9.009785
0.0,2.2946887
0.0,6.50093
0.647028,35.666943
4.07168,4.959279
0.111079,-0.17247605
10.3538,10.052744
1.32434,69.56628
20.9668,6.404826
12.011,11.965161
143.863,137.73436
23.8673,22.179962
0.348336,0.1966964
1.02305,1.4191312
0.0648194,3.866198
8.51503,26.546196
7.63668,7.227867
0.0,3.866198
0.28766,76.46715
7.28997,6.760301
35.8928,11.208879
4.21751,3.9443235
0.786952,3.0278711
0.130149,9.7006645
0.0,3.866198
0.0,3.866198
22.0206,21.328297
0.127783,1.8689841
0.0285535,-0.12997317
11.4053,10.551819
71.1906,207.03523
16.7382,32.79326
0.0,3.866198
0.0,-0.48737895
10.7009,10.683117
0.0,3.866198
45.1028,24.62012
0.0,5.960878
0.0,3.866198
12.7498,13.695357
0.0,3.866198
5.60303,5.496408
7.72727,7.515543
0.0,3.866198
77.0053,74.16185
3.75554,3.4203396
0.759184,10.577624
0.0482792,10.563075
0.0610322,3.866198
10.7396,10.369144
0.0,-0.017983794
16.9595,17.113922
9.22554,5.6977654
10.1206,15.959711
0.0124682,-0.12426257
0.102942,3.866198
1.18089,3.866198
0.111895,3.866198
0.0,30.478624
1.71906,2.7958655
23.0388,12.951613
0.0,3.866198
0.432255,3.866198
0.0,0.72654855
0.0,3.866198
0.0,3.866198
10.4071,4.6301293
0.0,3.866198
0.0,3.866198
9.66222,820.99146
0.0,3.866198
0.0,3.866198
0.0,3.866198
0.0,3.866198
0.0336482,40.118587
157.205,57.908955
81.5728,79.460495
0.0238001,-0.20091736
0.0657912,-0.3919338
0.0,3.866198
5.00721,4.8019953
13.6872,20.664572
0.0,3.866198
0.0,3.866198
0.0,3.866198
0.0,3.866198
3.92962,1.7909089
0.0,-0.6264868
0.046363,3.866198
9.63188,26.67251
11.4074,13.975262
0.151593,3.866198
36.044,36.300877
34.0964,34.78687
0.264293,3.866198
0.0,3.866198
5.16592,3.392056
1.44316,1.1222638
0.183,3.866198
4.21318,4.1246467
38.0233,37.90046
2.15402,1.9958214
0.386341,15.09118
19.4241,19.357958
0.0,1.1283269
0.0,3.866198
0.814287,9.448858
25.6265,60.582684
0.0856053,3.866198
0.0,-0.3518747
9.31295,2.5745592
9.45517,8.687882
39.6108,36.07088
5.78663,5.3719907
19.633,20.3562
11.1051,5.8177104
0.104732,3.866198
0.0,3.866198
11.0804,10.9573345
0.0,3.866198
0.0519234,-0.22953475
0.0,-0.052807927
0.0621603,-0.1687926
17.3449,2.536717
0.0,3.866198
39.8546,11.71924
0.0,24.261974
9.26149,8.536517
0.32573,0.23559141
9.99413,9.574069
0.0843749,-0.03240621
0.0,3.866198
43.4355,42.386105
11.9358,11.814865
13.6105,11.544887
0.0,3.866198
0.0349215,6.850397
16.4925,16.280605
16.8671,114.58126
5.47925,-0.111748576
0.0167702,-0.12660348
0.0,-0.17313623
26.9514,3.866198
2.97333,6.5273466
17.9842,18.948547
28.3832,27.521484
0.206309,2.7750921
0.0,3.866198
5.1564,4.8026876
0.0,3.866198
0.879977,3.866198
0.0,3.866198
0.295629,2.0632467
2.0112,48.380005
93.0804,91.88627
0.0734416,-0.23923641
112.108,24.09868
0.0,3.866198
39.7229,37.602715
24.5863,11.174662
0.0352451,0.6138824
2.73993,2.5299397
30.7603,7.6577826
0.0,1.8975478
0.301719,2.231162
0.0,-0.30442846
0.230591,-0.14158428
0.0,3.866198
0.148812,-0.19329107
0.0,3.866198
45.1028,23.478348
25.9174,15.966797
0.119957,2.060156
5.21572,3.81249
1.18146,1.5894703
19.5991,19.324564
0.699727,11.832598
0.0209403,3.866198
16.651,16.465904
0.0,3.866198
0.0859299,10.567568
26.0107,26.43652
4.22201,4.4518995
28.1376,27.366669
0.460856,3.866198
0.0175409,0.11356914
25.8644,1.2702422
86.4956,83.799126
0.0,-0.11234462
0.0,3.866198
0.0,4.1589007
13.3221,32.56813
22.7891,21.25796
3.1273,2.1487217
0.0,-1.2443551
0.0265841,3.866198
0.26325,1.9215746
5.72192,5.8205094
2.74767,41.270847
10.5121,10.509609
0.0,3.866198
0.795791,3.866198
0.784079,42.454357
0.0,3.866198
9.66222,820.99146
6.42352,4.9233446
21.2436,20.17377
9.80748,10.449566
5.35623,4.9297266
0.0322104,3.3443775
69.2168,22.407642
127.163,123.30091
0.46655,3.866198
2.1209,20.22385
2.05754,11.653978
1.26676,3.866198
20.3666,5.5286303
12.2934,12.167236
39.734,37.93836
0.0,3.866198
0.0,3.866198
27.4069,21.580688
12.3122,12.609555
8.44341,4.2606936
9.58822,8.64909
0.0,3.866198
0.0,3.866198
11.6645,13.818872
6.18583,6.121459
0.0,36.3261
0.656222,0.4716226
0.0,3.866198
18.0932,18.273481
9.77309,8.44147
37.8456,35.525936
0.232573,-0.1940993
0.0,3.866198
0.152411,3.866198
0.0,3.866198
0.0894583,1.8698969
2.86956,67.46145
49.0391,46.24542
1.001,1026.2993
7.76978,6.013235
8.74577,8.107533
12.8642,12.259716
25.7322,13.86312
9.31878,8.877858
0.139645,5.5377674
17.0285,3.3903618
8.4727,9.3337755
0.0115032,3.866198
0.0276267,-0.013437986
0.0,-0.15185165
5.78529,5.382321
0.0,3.866198
0.0,3.866198
0.0,3.866198
0.711576,2.3341508
10.8713,10.265045
0.0,0.8048202
15.4141,13.102766
0.0,-0.20418
30.2375,29.965145
0.0,-0.25031626
0.0703577,3.1281404
5.24507,4.916866
0.0,3.866198
0.0317711,-0.4752438
63.4439,61.76208
0.820588,-0.5269085
0.02025,3.866198
7.93361,7.8773336
25.6866,24.033325
0.530209,0.3442906
619.796,274.28452
0.0841613,2.5065641
95.5694,93.81867
0.118923,-0.20902908
7.93361,7.8773336
0.486171,0.94492805
0.0274204,3.866198
0.210362,3.866198
0.0,3.866198
27.6714,5.9694552
0.839133,5.6977654
6.86558,20.905441
1.17427,2.051526
0.0,3.866198
0.158946,3.866198
0.0,3.866198
0.593276,9.513246
6.57163,6.0298743
0.183023,3.866198
0.0,3.866198
0.0,3.8243833
0.945871,0.519132
0.0,13.026962
2.98434,3.361814
6.70987,7.1466627
0.42647,0.6611756
0.0,3.8566952
449.819,441.19077
23.0025,7.024893
18.7733,18.35978
3.56694,3.1989932
0.0,3.866198
0.126526,10.523003
22.2375,11.758818
0.0,3.866198
0.0131822,3.866198
12.0386,5.6099386
0.534861,4.901303
3.62445,3.59053
11.2391,10.587893
0.624302,3.0004826
0.259034,3.866198
32.9738,16.694258
21.7949,20.683449
18.7259,17.995468
4.54608,3.866198
0.0514544,3.866198
31.6605,31.851473
4.87841,31.876762
12.2933,3.866198
187.407,191.30011
95.6333,71.18433
0.0,3.866198
6.66568,8.236795
11.7618,5.3225956
11.0146,10.584249
0.0,3.866198
0.749724,6.3438296
19.8674,9.448858
0.0362418,3.456832
0.0930992,3.866198
0.0,3.866198
40.1683,25.793669
4.78746,14.908563
35.7528,31.595488
0.0436748,30.820333
38.0233,37.90046
0.083875,0.74771297
0.110904,0.012724757
25.2089,13.267437
48.3711,46.16423
0.0435404,3.866198
2.0112,48.380005
0.0,3.866198
0.0,3.866198
0.0,5.4337482
0.0,3.866198
225.715,223.06563
0.0,3.866198
0.0112633,-0.16941822
0.0,3.866198
0.0,3.866198
0.058586,3.866198
11.4944,9.028725
5.59568,35.53922
0.0,3.866198
0.0,3.866198
3.08239,2.4342933
0.095025,-0.04601729
14.6555,2.9704385
5.6568,12.84364
0.0,3.866198
0.0,3.866198
13.6702,13.709087
7.76466,1.8028514
2.73699,3.2814555
16.8101,16.200735
0.0,3.866198
0.0,1.594649
127.057,-0.44829953
0.0,14.351009
751.657,660.1284
0.0,3.866198
25.7322,28.109089
10.6229,11.097998
1.42191,18.815641
0.0,-0.1798929
7.30478,3.866198
0.0,3.866198
0.0,3.866198
0.0246216,3.866198
0.0149761,-0.05842662
5.20467,5.5462146
4.02702,3.8666368
17.7248,16.197922
60.3985,59.87875
0.0231005,3.866198
43.3082,39.08421
0.0,0.013241529
12.9585,22.303135
0.884516,3.004261
0.0,3.866198
15.6575,15.258032
0.0,3.866198
0.226083,3.866198
0.630093,0.26360416
25.9484,27.562824
8.58243,5.1530585
0.0,9.009785
2.59898,2.4769878
0.0,-0.23992741
0.494796,12.204937
0.0260902,-0.16576374
0.0,-0.30262458
14.6294,6.044634
0.0,3.866198
2.89538,-0.19297248
37.0849,31.98461
0.0,3.866198
0.0,3.3443775
14.5233,14.419668
0.0,3.866198
0.0587993,3.866198
0.0134822,-0.50550973
0.0179047,5.11223
3.93496,5.2598624
12.2933,12.892372
32.8704,26.45946
0.00557245,0.11168325
0.22883,0.06931591
0.0405151,3.866198
0.0,3.866198
11.6114,10.253339
0.183023,3.866198
0.287353,3.866198
110.851,115.09838
0.0160634,-0.18472326
1.23712,47.57156
9.18391,14.972706
0.424285,-0.090730906
0.808567,3.866198
0.635571,6.1816416
0.095,78.0129
12.3842,1.395626
24.7117,24.227322
0.0,1.6852529
4.87841,31.876762
0.0435128,-0.00983274
15.1536,20.220165
0.0,3.866198
1.22844,0.91279674
24.8885,14.709557
3.40454,2.6790218
0.797986,0.9020374
0.0059639,-0.41499066
0.0,3.866198
16.4165,11.832598
4.83942,3.0922332
929.506,-0.3535949
26.8021,25.34874
0.112706,3.866198
51.4147,9.666822
16.1532,5.828152
0.592882,0.4929582
7.14585,6.8866816
2.49685,189.23189
0.0,-0.011421084
15.5967,13.336397
0.571642,0.41850126
43.4606,3.705986
0.215929,0.24272108
34.0732,34.132053
49.3187,48.699673
22.4149,21.7478
0.866662,-0.3029065
0.0865347,3.866198
0.0,3.866198
0.0,3.866198
8.45355,2.5005007
10.7303,6.3144093
0.0224556,3.866198
12.5145,12.120887
0.608552,16.333006
0.345062,1.5089287
19.053,18.832123
85.7132,0.55047023
0.0,3.866198
0.151476,0.015792966
68.0121,67.4063
0.0222586,3.866198
53.1266,50.449314
0.0266381,-0.19375336
0.0,3.866198
15.2454,10.639819
2.30452,2.128581
2.05754,11.653978
0.546353,3.866198
7.87126,25.344728
8.20827,13.026962
0.0,3.866198
0.021982,3.866198
0.0,3.866198
26.0587,118.848076
31.1072,31.126968
13.3042,6.6117535
16.9488,98.36298
0.757812,1.0575842
10.1873,10.10713
28.9256,11.525982
0.0,3.866198
36.2545,36.615322
182.105,8.880693
0.0,-0.3420545
0.0,3.9090009
2.47954,1.7894589
0.19158,0.3751433
0.0,3.866198
39.8775,35.547398
20.0597,8.666707
0.0,3.866198
12.3816,8.899047
0.0,-0.26854706
5.85685,6.1052837
17.9208,8.106533
0.0,-0.17804039
74.3385,73.69287
0.0186963,3.866198
0.0,2.4162297
5.40438,0.67340815
0.0519234,-0.22953475
61.2563,62.9212
28.9819,29.0877
0.0362784,-0.19677806
0.0,3.866198
12.3842,3.8798866
0.350372,108.98289
526.804,7.328722
0.0634336,3.866198
0.272102,3.866198
9.86318,8.824522
29.8393,36.240578
18.8462,18.728897
26.1965,25.64138
0.0,3.866198
23.9859,22.417547
6.17527,7.0144343
12.3578,12.354489
0.0,3.866198
1.05032,20.381378
63.6629,65.32414
1.28817,19.398006
26.0933,25.567888
0.0,3.866198
0.0,11.647092
12.6408,12.437124
3.94202,3.054123
86.786,85.35839
0.118235,3.866198
7.93361,7.8773336
0.304523,-0.06351435
17.243,5.6977654
9.4149,9.329931
0.322154,0.25878775
0.763943,1.3495015
0.0,3.866198
0.0442276,3.866198
1.18448,5.060219
0.0,3.866198
0.0217221,26.218634
1.02282,1.6763343
0.0,3.866198
4.4869,5.0503154
23.9209,24.097218
6.54572,6.517311
0.221629,0.045209527
10.9029,137.06657
18.459,19.632118
0.02025,3.866198
0.182946,3.866198
0.0,3.866198
25.9474,12.600225
4.61967,4.203637
5.39411,5.250928
28.1784,22.80861
2048.89,707.18286
0.0,3.866198
5.35623,4.9138722
0.0,3.866198
0.0,3.866198
0.0,3.866198
0.0,3.866198
0.116452,0.1350714
14.1322,4.1121225
0.300234,0.3052858
4.41312,9.002456
0.0,3.866198
0.0,3.866198
12.3122,12.609555
0.883129,-0.078458905
0.0,-0.042950273
0.0,3.866198
0.0,3.866198
0.0,3.866198
0.0,3.866198
15.6481,8.298183
20.9772,21.705486
0.740412,5.067452
13.3136,0.6781527
0.0,3.866198
0.0,3.866198
0.534143,0.500718
0.922114,1.7852176
60.5572,58.287483
27.4498,30.918194
21.9927,22.009571
1.09655,10.563685
39.6108,36.07088
0.0,0.44601429
1.50345,5.1083584
0.0,35.885117
39.7765,38.915768
0.0,3.866198
0.0,0.27833402
2.02248,-0.1940993
0.821348,0.4263202
1.62062,3.866198
17.8076,35.58131
0.0,1.6406155
0.114333,3.866198
3.6885,45.1395
0.601586,0.1440121
14.97,12.321924
7.4172,6.4797187
0.0,-0.21971577
4.89097,5.124005
0.0303929,-0.081158996
0.0254356,3.866198
4.52996,1.4035817
1.20423,19.842928
31.4517,-0.11259115
0.0,3.866198
29.9396,29.298304
0.0,3.866198
0.0153356,-0.352432
0.0304159,28.540424
17.383,17.24972
2.26397,43.14355
9.40459,32.771927
9.0536,19.315842
22.0206,21.328297
0.663635,0.9602191
0.192066,-0.20467007
6.18583,6.121459
12.4414,12.770427
0.0,5.433826
17.243,5.6977654
0.0993689,9.669527
46.6668,40.030346
1.2981,3.866198
0.0,35.16586
45.4482,42.60397
0.110945,3.866198
6.4931,6.3528023
7.75683,7.517309
0.614049,-0.013989449
2.95801,2.405726
8.78232,8.91537
0.0,0.03917277
0.0880483,3.866198
0.0,3.866198
13.8754,0.26583564
0.0643545,3.866198
0.0541491,3.866198
95.6333,71.18433
4.44712,3.1859045
0.0,3.8516955
882.552,822.44446
1.61219,4.2606936
0.92021,3.866198
0.0,0.87531734
163.777,30.093758
16.4307,260.69415
39.8526,37.525932
2.59898,2.4769878
0.13219,0.2465049
9.28804,8.85362
0.0,3.866198
0.0095824,3.866198
19.4562,18.336765
36.8578,37.059376
0.847076,0.24446094
12.1527,12.229355
16.651,16.465904
7.09776,5.317858
0.0,0.00065505505
0.127812,0.024955273
12.2014,41.456947
8.46703,6.726411
36.2545,24.172573
15.9548,15.655962
4.1573,10.630052
0.137176,3.866198
0.787806,0.94810593
0.0,3.866198
13.6142,23.971996
0.0,3.866198
0.0,3.866198
0.455084,11.817728
0.0,-0.16877353
0.0,3.866198
37.578,39.171375
4.67371,-0.49375713
0.182946,11.174662
18.2872,9.009785
0.0,3.866198
0.0,3.866198
0.0443425,35.666943
0.26325,1.9215746
22.869,3.866198
0.0671403,16.267042
0.0,1.9279295
0.0164459,-0.2729751
11.8307,12.446806
0.0,3.8873138
228.807,222.29715
13.1755,13.473755
0.0,3.866198
0.472333,5.690046
14.5591,13.749194
5.50912,13.2690525
0.0223268,3.866198
0.0544411,3.866198
0.108294,-0.03961718
0.0,5.4613214
0.0210097,-0.17062485
0.0,3.866198
11.3063,22.611599
0.0,-0.5305892
16.4307,27.054077
1.58275,1.5481302
0.0,3.866198
11.6618,12.019956
0.44067,3.866198
39.8526,37.525932
0.0,3.9739418
3.29977,3.0772629
0.0,3.866198
7.8085,30.01612
3.66676,3.0508008
0.809665,2.8578482
0.0,3.866198
7.69518,14.71876
0.0,3.866198
0.0252579,-0.2572714
4.75134,2.729792
0.445342,2.5136557
0.0477186,1.3953707
11.9164,3.5234146
2.15402,1.9958214
8.2064,14.21525
6.37074,5.125788
23.7573,23.411407
61.8439,56.453472
2.7029,2.4241843
13.2992,13.170211
3.33134,25.383842
13.233,5.696966
26.1892,30.102272
4.47958,12.836601
4.61178,4.400274
0.0363376,3.866198
16.2904,18.223455
0.0,-0.5257187
0.0352722,-0.1552583
0.0,0.44601429
4.12438,5.1006565
46.9646,46.026234
0.0,3.866198
43.9491,8.78255
1.85577,1.0500903
4.2222,4.08656
40.0693,40.8803
16.2904,18.223455
1.49141,4.456466
0.0,3.866198
0.0339982,1.1392415
5094.75,17.37727
0.353103,0.67343605
24.7117,24.227322
0.0,0.6878823
0.0479309,3.866198
6.33747,3.0513082
0.105717,-0.36675286
0.420006,4.6962657
0.0,3.866198
3.74741,12.955147
9.40351,8.491345
106.185,98.85984
16.4813,39.45827
3.47122,2.946797
23.8144,22.700802
0.0,3.866198
0.0,3.866198
21.4877,21.100285
24.7117,24.227322
0.0473213,3.4140348
0.0841613,2.5065641
0.0394029,-0.096126914
0.5899,1.1392415
57.7565,56.814404
0.0,9.737677
1.83936,1.480676
0.0,3.866198
0.235774,3.866198
0.129545,-0.18130076
0.088978,3.866198
14.3497,14.05241
0.0,9.64142
0.0,3.866198
0.0284757,60.27537
0.0,3.866198
0.565411,0.7232245
11.3911,11.190102
1.51571,1.1830736
0.0,3.866198
1.54364,1.4766465
27.7354,9.752314
13.4078,15.60335
9.07465,8.893724
24.5863,11.174662
5.5742,5.4029484
0.248631,3.866198
0.0121285,0.31295764
7.70039,7.0860915
0.324646,3.866198
5.09374,31.79229
1.13365,3.866198
0.0,-0.16877353
0.5899,1.1392415
3.54183,22.588528
19.3196,19.011604
0.172067,7.6929255
2.3316,3.866198
8.42446,8.339625
0.0333265,13.019941
1.9201,19.916168
0.0,3.866198
5.06259,1.8272458
1.30501,17.150867
34.1317,33.20319
0.0,3.866198
0.0,3.866198
17.2133,18.58709
19.8674,11.402784
1.50108,1.303092
0.0,0.42896533
181.96,182.53839
5.5232,3.866198
0.0,3.5342078
0.0,0.029443622
0.0,3.866198
27.5158,22.795513
0.201958,1602.0461
0.0501567,3.866198
305.067,6.418312
4.68552,4.108065
12.4505,10.471592
0.052162,3.866198
12.3571,12.993932
258.84,117.17123
140.312,134.99797
20.3765,5.4613214
13.8431,13.187809
3.1273,2.1487217
0.0,5.3935785
25.3641,24.736717
17.243,5.6977654
0.0,3.866198
0.0,3.866198
0.0,3.866198
2.15402,1.9958214
0.0,7.338723
1.42191,20.916172
0.0310379,3.866198
0.0,3.866198
27.2008,27.62454
0.159075,18.170006
42.2843,21.562397
56.6998,2.3940547
0.0,3.866198
0.0,3.866198
9.92708,9.2952175
47.8693,8.904307
6.77438,6.699169
5.1564,4.8026876
410.978,4.107626
60.3985,59.87875
0.0,3.866198
16.4925,16.280605
0.0443369,0.018969655
0.02025,3.866198
15.4406,3.866198
48.6134,5.0017366
0.0,3.866198
0.0,3.866198
0.0,3.866198
3.62445,34.483913
0.0,6.4748087
0.825871,12.799488
2.96133,11.414242
4.3174,13.586402
0.0,10.753761
0.0,3.902802
0.0,3.866198
0.348339,7.4530907
0.0,3.866198
4.22201,4.4518995
22.869,19.473118
29.4994,27.741423
0.284589,-0.19984996
74.0086,17.76764
0.243955,3.866198
0.803882,0.052396894
0.0356115,3.866198
0.0169936,3.866198
0.399107,18.489721
331.816,298.13364
0.0,3.866198
0.0,3.866198
27.393,17.067434
23.6901,21.705078
0.0,3.866198
3.98391,6.320865
19.6435,18.437252
0.0,3.866198
64.9969,56.11603
22.9447,22.633389
0.170752,3.866198
1.13518,0.64399016
1.67707,1.8673383
43.1164,42.535686
0.0439876,3.866198
0.160588,3.866198
1.55944,3.6333218
1.57676,9.167266
10.0159,9.286448
1040.91,4.4791694
10.2463,10.127823
2.3241,1.5846301
0.0,-0.2834605
7.93916,7.610563
14.8394,41.626766
0.700803,1.5707318
19.0592,20.054277
0.0,3.866198
4.27692,3.8639045
6.60592,6.242271
0.158944,3.866198
0.0,3.866198
0.0,-0.16575587
0.0,3.866198
13.4342,13.051201
0.301895,3.866198
0.0,3.5025053
29.3384,29.687634
11.5783,9.497647
5.52068,5.437191
10.3818,10.396423
69.8357,68.098656
0.0,3.866198
0.246759,3.866198
0.228919,3.866198
0.233632,0.92472327
9.99413,9.574069
0.0,3.866198
13.9082,14.035491
0.0,-0.08334684
0.0,-0.017983794
6.94569,3.866198
0.0,3.866198
0.0,3.866198
7.54229,3.5025053
10.3748,15.122592
0.0,3.866198
24.1555,3.866198
36.9073,34.06461
0.0,3.866198
12.7134,3.866198
0.0471918,3.866198
27.4744,29.449068
44.3922,43.730385
4.76564,3.866198
0.0,3.866198
45.9377,45.820583
0.0336751,3.866198
1.71379,1.566145
16.4448,16.23607
10.2968,9.95452
0.099298,6.752702
0.0,3.866198
0.0,3.866198
4.06206,0.89971447
0.011101,-0.008859158
2.32215,18.2087
3.56139,18.335281
0.245293,14.068119
3.70929,3.6206212
0.0735687,-0.47442663
9.66222,820.99146
99.5549,1.5194654
4.87503,4.051498
48.3711,46.16423
78.2679,3.866198
89.0259,22.19025
0.0319741,3.866198
5.3114,5.2709856
0.651057,3.866198
3.85496,3.6627173
2.85747,2.7864656
27.7688,26.905567
0.0,3.866198
10.5735,10.506427
13.6364,13.796185
0.208071,18.563454
0.0,3.866198
3.88411,14.709557
0.150105,-0.090809345
6.18238,3.866198
18.3674,10.423681
8.4425,16.519594
5.07368,0.04185009
8.51827,6.545521
0.0506962,3.866198
0.0,22.91371
3.55422,4.1634445
23.5057,23.115341
0.0,-0.49300253
0.0,3.866198
0.0,157.07823
6.70987,7.1466627
10.2172,5.3935046
0.0,-0.070946455
0.401151,-0.14754593
7.15625,6.8211346
2036.01,232.52246
0.0,3.866198
0.051393,5.4613214
7.79231,7.0711656
23.569,23.31148
0.0,-0.032972217
16.5723,3.9546614
0.0,-0.1798929
0.0,3.866198
0.0,5.746932
0.0,3.866198
88.224,84.328865
0.0,3.866198
3.36491,3.3726697
0.43431,0.3814441
8.40864,3.866198
0.0,3.866198
0.0525717,3.866198
0.904666,70.63811
7.42939,39.910275
5.78663,5.3719907
2.37217,9.500726
0.511169,16.369225
0.775171,4.879344
22.0206,21.328297
0.182358,3.866198
0.192688,-0.30486143
0.0,3.866198
1.1457,32.75966
0.0,-0.14828789
10.0219,26.841673
26.3449,25.803093
4.71745,4.7159314
106.022,24.719286
0.0,3.866198
0.0310379,3.866198
0.0,3.866198
31.889,30.86285
0.0285757,-0.086928785
41.4786,40.451424
14.1798,14.538045
0.0,0.00065505505
0.0,-0.01282835
30.0849,28.411018
0.0,3.866198
122.832,124.56237
0.0,3.866198
0.0,3.866198
0.0,3.866198
394.63,413.68607
38.7378,37.621265
1.45222,3.866198
0.39772,3.866198
4.98572,4.453926
12.8546,12.435875
55.6461,36.995777
1.52816,1.2460048
107.268,80.089584
0.0,3.866198
13.1918,12.722045
13.7172,4.76377
5.49693,18.758213
0.00457431,3.866198
0.0,3.9218397
0.748226,0.67399704
25.7986,23.695343
0.0,3.866198
0.0879039,8.898081
0.0439876,3.866198
11.3267,3.866198
11.6433,6.9004555
61.7468,36.193783
0.0144449,-0.16495764
15.4126,14.309337
9.40349,10.598047
5.16,4.6664653
16.4448,16.23607
0.0,3.866198
20.3765,5.4613214
86.9453,94.684074
6.39448,6.3509917
35.2418,29.581612
24.3026,22.055237
0.0324739,9.747769
30.8985,27.545633
8.18569,7.1317997
12.6019,45.327873
34.4712,-1.1907529
0.877677,69.51772
0.0968266,0.12927663
23.4271,20.501022
0.290254,0.11090338
79.2286,70.51802
0.0,6.8868423
8.62519,7.113886
0.609691,14.005426
0.264436,0.7808261
0.0,-0.26854706
0.294262,-0.17084777
0.0,3.866198
0.0350981,18.011505
16.3663,16.26069
0.0,1.6268528
0.0261254,3.866198
0.622161,3.866198
3.89551,3.0411077
0.0,13.160571
0.0308958,-0.04018271
118.592,116.563126
0.0,65.10974
0.0229381,3.9284458
0.553941,0.19492674
0.0,3.3919854
0.718754,0.49420595
32.5265,3.866198
0.0,3.866198
9.4149,9.329931
3.92962,1.7909089
17.6053,17.315481
16.2454,14.684788
21.7269,21.30975
1.50932,1.445144
0.0,3.866198
1.14091,0.21422851
0.0,-0.11911893
0.775171,19.993279
0.0,0.27833402
4.25643,2.2239966
90.1931,71.56777
6.32027,6.1703653
18.8261,18.345373
1.74564,1.032791
18.6947,-0.910879
0.0,3.866198
16.8505,3.866198
0.835289,6.3731775
0.0626873,0.9290782
0.0,3.866198
8.53334,8.458606
63.3801,64.98933
0.0,41.61947
23.5057,23.115341
30.6925,29.971786
0.0,-0.26854706
0.0,-0.2879058
0.267421,3.866198
10.6178,9.670429
0.0,-1.0555254
0.0,3.866198
0.0,7.0964518
0.210108,3.866198
4.92439,4.1846695
27.4685,19.250088
10.3641,11.169677
65.7132,65.536606
7.94594,3.004261
0.0789607,11.906177
0.236539,3.866198
8.4425,8.289351
0.0,3.866198
6.18577,6.6566424
3.4258,3.3415146
0.0,3.866198
0.0,3.866198
0.0845528,3.866198
13.2992,13.170211
0.0,3.866198
9.45008,9.73604
5.52068,5.437191
0.392164,4.275579
26.1965,25.871492
0.0,3.866198
0.0,3.866198
0.0407668,3.866198
22.2482,21.66383
0.233384,274.28452
0.0,-0.10952747
0.0,3.898477
1.16659,20.12592
14.5681,29.729826
0.0,3.866198
0.0,3.866198
32.6551,29.870903
0.0190519,3.866198
26.9829,26.032616
0.192778,3.866198
0.0,3.866198
0.0285757,-0.010488868
0.0697059,-0.032004237
13.3866,28.222618
0.0,3.866198
0.0,3.866198
86.7999,72.915184
0.0,3.866198
5.6552,5.0966825
8.13618,25.113476
27.4685,19.250088
60.0505,23.50074
2.87896,2.2702641
0.0,3.866198
18.374,18.025352
53.0483,53.673504
0.0,3.866198
0.0,3.866198
0.0,3.866198
0.0,3.866198
2109.74,1875.2078
0.0628861,9.731417
0.0,3.866198
38.7644,37.960224
8.07777,7.9748225
8.96255,28.664902
4.29189,4.3294716
0.0,3.866198
0.835289,7.5205436
2.93284,2.8589392
0.0,2.6361532
0.0244278,3.866198
0.0,3.866198
9.02859,10.249316
4.66513,1.8617177
0.0396249,-0.070946455
0.0,12.607599
2.26295,2.7625828
110.894,11.352092
8.61474,25.793669
0.53003,0.37913394
0.926497,0.58368766
0.0177513,3.866198
1.65636,1.3688908
10.2515,9.292153
6.97012,6.664613
0.040753,3.866198
0.39772,3.866198
0.638611,3.866198
0.0,3.866198
22.6272,22.826422
9.73486,3.4705443
93.6125,90.257706
0.888845,0.41130376
60.3985,59.87875
0.0,3.866198
4.65514,15.944189
2.1914,17.646988
9.21908,4.026867
0.0,3.866198
0.0,3.866198
0.196991,0.21921599
0.0546641,3.866198
12.5184,12.108688
0.0,3.866198
5.52068,5.437191
18.8009,18.263952
7.0301,6.0071926
12.1107,10.603483
0.0258678,-0.5632932
0.0,3.866198
0.263235,3.866198
4.47958,12.836601
77.2059,76.40044
0.0734686,3.0793118
0.0145047,3.866198
0.0,3.866198
0.32237,0.7441627
1.64039,-0.34911287
9.34879,9.7551985
13.4247,12.555059
6.0461,11.467356
9.8235,0.13548148
0.0,3.866198
0.0,5.418965
0.0,3.866198
0.0,3.866198
0.0,1.1392415
19.0873,19.010433
0.0,3.866198
0.0,-0.4711994
0.233901,4.9577847
0.871594,1.5576679
1.45654,0.977175
0.0,3.866198
1672.53,820.99146
13.7754,14.457222
17.7397,10.698708
106.545,16.90025
6.94009,6.463563
0.346506,2.0364718
0.00521469,3.866198
0.0,3.866198
5.59409,3.866198
32.6081,31.934004
0.0,3.866198
3.1782,-0.16797101
0.0272436,7.646587
0.0,3.866198
5.72321,35.403873
0.0,3.866198
0.49026,55.60011
0.0,3.866198
22.0206,21.328297
0.0,3.866198
0.0,3.7944617
0.0,3.866198
9.32373,3.528277
93.0901,85.137695
0.03394,3.866198
0.0,3.866198
9.79371,9.883289
0.119256,3.866198
0.0,-0.11560893
51.2472,50.106842
3.12215,2.7023258
32.5265,3.866198
35.8779,31.41035
0.0,3.866198
5.05006,3.9196267
4.4869,5.0503154
0.0,3.866198
16.9321,18.100946
0.0574672,13.146344
2.18261,105.79312
120.835,119.7918
71.4958,70.78269
0.0,3.866198
131.913,71.18433
46.4183,43.59818
8.51378,8.373174
4.39634,4.5039983
45.6525,45.871326
0.0,7.2132616
0.0,3.866198
26.1206,16.583052
0.0,3.866198
0.0,3.866198
0.0179047,5.11223
0.0,3.866198
7.15171,6.206596
0.0,3.866198
11.2349,11.17753
17.5554,48.94886
0.0,3.866198
27.6481,27.021646
0.0,4.363959
3.29546,3.0076766
0.030774,-0.16167104
0.0244684,3.866198
2.20592,7.161649
0.0170887,-0.19219983
7.34111,16.892542
69.457,25.122953
1.26098,2.6361532
15.4143,4.7960305
0.0711453,3.866198
2.60487,2.2109826
0.0,3.866198
1.19533,1.2940507
0.0,3.866198
25.7777,25.883549
0.0416263,5.707031
88.2999,83.43626
10.2463,9.91947
0.0164971,3.866198
0.0,-0.033260226
0.0,3.9048333
1.47888,5.6977654
30.5976,28.689201
0.0,3.866198
0.00671422,3.866198
0.720367,17.083939
0.275986,10.352642
9.8331,44.168182
0.080121,3.866198
0.144784,-0.042950273
3.21194,3.1155872
0.0,-0.32237613
8.14611,7.8466673
0.0,56.11603
26.1965,25.871492
12.6291,13.150358
0.444659,14.522686
0.0,3.866198
8.57879,10.253339
0.0,8.789747
2.73993,2.5299397
28.1376,27.366669
14.1949,15.350405
0.0,3.866198
0.0,-0.23992741
5.39411,5.250928
0.0,3.866198
0.643,0.8221873
0.0,3.866198
23.5049,13.187
79.1213,29.082405
0.0,3.866198
0.0,3.866198
16.4448,16.23607
9.4149,9.329931
68.0011,3.866198
3.93245,3.751593
0.0,3.866198
0.0,3.866198
6.83028,-0.0025001764
0.0450396,-0.26660347
0.0,3.866198
12.2738,12.076436
0.0,3.866198
0.0,3.866198
1.50108,9.016494
1.51667,1.4264425
9.18705,9.242416
1.72625,9.117533
0.0198536,-0.032628298
0.0,1.5262046
1.11784,1.1865383
26.9056,2.988182
0.0,0.42896533
79.1213,29.082405
117.136,15.1093235
5.59409,3.866198
83.9564,65.73913
7.92153,8.293336
2.24119,2.2940578
4.85934,4.665986
10.6273,9.285486
5.62055,9.257769
0.0,3.866198
0.0167724,3.866198
0.0,-0.26854706
0.0,3.866198
8.48155,8.167517
1.06258,1.0229876
5.69351,-0.14015996
13.0665,14.425433
0.0,3.866198
33.3482,11.738922
0.0883291,-0.21007049
2.8793,2.4306402
0.160392,1.4976529
26.1965,25.871492
3.83202,0.9456507
3.8263,3.4997382
260.495,-0.021139026
1.9342,5.433826
0.0,3.866198
7.74843,19.820139
0.110281,3.866198
0.0,3.866198
146.641,154.08345
0.0,3.866198
0.295121,14.865045
0.0,6.6619825
0.0,3.866198
8.98008,8.469708
26.7938,26.431158
0.126606,3.866198
0.0,3.866198
24.8391,24.959309
16.457,45.074924
410.978,114.004845
0.095025,-0.04601729
54.0669,13.407028
0.0,3.866198
2.35078,4.6320596
9.73844,9.473594
5.73474,5.267933
8.8498,7.612801
9.14676,21.299772
2.56798,2.7259736
26.8688,6.210644
2.0369,10.990947
2.92734,5.825117
0.0,3.866198
0.0,3.866198
0.114256,3.866198
9.45008,9.73604
52.2404,51.955875
10.919,11.025186
9.26417,8.671762
19.3196,19.011604
35.9871,75.468315
8.02989,6.355079
9.97045,10.33361
13.6965,13.265921
0.0,3.866198
6.82818,6.008609
0.0,0.5342064
0.468849,11.124779
0.0,3.866198
263.743,325.05362
0.0,-0.20965528
3.02366,3.063263
16.8505,3.866198
9.59899,8.463975
57.7565,56.814404
0.18845,0.030826688
0.0,3.866198
16.457,20.527859
6.19468,17.206356
0.0607464,0.013241529
0.0,3.866198
0.0,0.89971447
0.179337,4.2869425
0.0788493,3.866198
0.0,3.866198
0.0645255,4.1312957
31.7122,32.7391
0.0,-0.027904391
0.043272,57.92526
0.0,3.866198
4.52907,4.5500703
46.5786,7.7413235
0.168411,7.583319
0.0,3.866198
0.0134182,3.866198
26.0248,27.870663
1.13347,0.9435514
1.31698,7.2664223
0.0,-0.48662198
170.727,167.60965
1.43893,2.548522
7.67703,7.189303
6.45041,5.67789
15.892,9.648581
5.06259,1.8272458
0.0506962,3.866198
0.0543723,3.866198
8.51883,7.814085
0.0,4.5116205
0.0,3.866198
0.0,15.097704
0.0,3.866198
0.0,-0.042950273
14.6375,14.154318
0.0930758,12.789928
0.0,3.866198
0.243653,3.866198
0.0,3.866198
4.2338,11.196226
7.42939,34.928486
0.571642,0.5465895
23.5057,23.115341
0.390753,0.09185946
0.256122,3.866198
29.4862,31.03835
0.252204,3.866198
0.322485,3.866198
1.65984,4.2507944
10.6178,9.670429
0.0335382,0.9778832
2.01911,1.5547658
0.329325,9.117533
0.0,3.866198
0.0,3.866198
0.0,-0.2812931
0.0,1.3960203
4.37563,4.0096946
0.0,154.53918
0.498276,0.5342064
0.0,3.866198
8.51827,6.545521
0.535877,5.1661534
0.67179,5.138508
48.0737,19.50415
65.2633,54.832283
5.3692,21.77488
0.22721,3.866198
0.0,3.866198
0.246802,3.866198
40.8927,32.067654
0.681433,11.603474
11.7324,9.38501
0.0,0.00065505505
9.31878,8.877858
0.0,3.866198
1.001,472.26547
0.047583,35.666943
0.0,3.866198
49.2308,33.547848
0.0,-0.45332754
0.0,4.1272984
33.1188,23.806065
0.0,-0.16669905
13.8839,357.3743
8.30396,7.878004
0.0,3.866198
60.3985,59.87875
3.75198,3.0192962
0.0924405,35.7784
10.411,5.854756
49.0936,55.89458
40.5104,5.110647
0.0932878,0.035781264
738.118,20.752079
8.94592,8.322334
0.0,4.8026876
0.0209403,3.866198
0.0164465,6.552099
2.61851,0.72499335
4.54834,1.7310466
28.1376,27.366669
38.9799,16.227383
0.0803287,3.866198
0.0,3.866198
16.651,16.465904
0.0,3.866198
22.2086,21.519325
4.54608,3.866198
0.0,3.866198
0.362688,3.999394
1.9224,1.0974144
15.3548,13.867068
0.0227304,0.27833402
1.2981,3.866198
0.0,-0.28600085
0.0,-0.44814587
16.4448,16.23607
0.0,0.74029076
1672.53,820.99146
0.0,3.866198
3.65587,8.519504
0.0,3.866198
0.0,3.866198
26.037,22.59393
0.0,3.866198
0.0317711,3.866198
1.13553,13.544327
57.7565,56.814404
11.566,11.085856
6.36949,6.6168633
0.645114,3.866198
0.0,26.5373
0.0,3.866198
208.249,5.1285048
0.0,3.866198
0.542442,1.3829961
0.0,3.866198
0.183057,15.994325
0.0,0.021815062
8.30447,4.1312957
0.0,-0.2471577
1.26098,2.6361532
13.6542,12.03245
96.6188,97.18813
4.8807,4.6255746
0.0286426,3.866198
13.1278,13.096348
0.530209,0.3442906
0.0,3.866198
0.0175519,3.866198
2.02248,-0.013439536
0.299788,0.40841043
0.0283075,3.866198
7.2347,8.7730875
0.0,-0.11560893
94.7963,92.88594
0.863657,22.2112
2.47586,1.406546
11.8289,11.925535
0.0,-0.2437396
0.128932,3.866198
28.4785,11.792548
0.0,3.866198
7.54229,3.5025053
86.3551,85.720345
27.1519,23.629448
0.631495,3.1639872
0.299788,0.40841043
0.0,-0.2998432
1.20083,1.5006404
10.8115,33.85129
1.02523,0.5704136
0.0319017,0.4341377
0.0,-0.24226803
0.276521,1.1726152
4.9666,1.8203722
0.0382284,0.19902432
0.0,3.866198
0.52367,6.3509917
6.49026,15.453033
3.01974,5.0755205
27.4069,21.580688
12.6465,12.838882
0.0,3.866198
0.0,-0.1397199
13.1349,11.973072
0.0,-0.49189985
0.506249,3.705986
76.1291,22.322638
32.4577,29.631315
7.15625,6.504305
0.0,-0.17572427
3.8263,3.4997382
0.0,3.866198
2.98434,3.361814
0.0,20.12592
0.20808,0.8527453
0.00929197,0.05054462
3.80485,3.8670464
6.87979,15.213431
0.318302,3.8744035
1.84446,3.866198
0.0,3.866198
5.72966,6.726411
19.9297,19.897888
12.1992,40.184734
0.0107023,3.866198
96.5523,95.17139
94.7963,92.88594
86.3551,84.891396
5.16818,5.488173
37.5751,21.393265
28.4785,11.792548
0.0,6.1108294
36.1902,30.242867
2.26397,30.257774
1.56213,0.2384541
0.0,3.866198
0.0,-0.47946393
0.0,3.866198
0.0,-0.34413862
74.3385,73.69287
1.18369,0.9836472
0.0,3.866198
0.0,-0.5493964
0.0,3.866198
14.7658,7.9147296
0.0434396,-0.29189265
0.109414,0.65872514
0.0,3.866198
18.2498,16.87675
6.57556,0.9570501
0.0,2.729792
5.34906,1.1253334
0.0,0.06295645
0.0,3.866198
6.74107,6.2844806
0.144985,112.98748
2.38448,18.268559
0.454844,0.15199912
0.0,3.866198
0.0,3.866198
0.133885,-0.13794863
14.747,15.407951
0.0,3.866198
12.4639,3.866198
5.85738,168.71793
6.71487,6.260577
35.7528,31.595488
0.0,3.866198
0.0,36.615
8.73149,8.289749
228.807,222.29715
0.0514544,3.866198
0.0,3.866198
0.0,3.866198
0.472333,5.690046
12.4326,11.540579
4.252,3.9329548
5.34971,5.2737217
0.0,3.866198
0.0,3.866198
0.0344191,7.369222
0.0,3.866198
11.8048,11.559879
18.2459,1.6744782
0.0,-0.109004855
0.0,3.866198
4.33894,2.6828446
37.8767,38.431423
0.0344196,2.2582104
0.0205246,4.9433126
0.0,3.866198
6.8555,4.415188
0.0,3.866198
0.0284257,3.866198
4.40395,4.21491
13.2442,13.038982
0.0,3.866198
0.0,0.4116801
4.70673,22.04969
43.29,44.45804
15.1388,16.002777
1.20083,10.387292
0.0,3.866198
0.0,3.866198
33.7824,37.398495
29.961,30.13402
0.0,3.866198
0.0,3.6369395
0.401957,3.9972377
21.7949,20.978134
0.0214723,3.866198
0.353415,3.866198
0.0224096,-0.5096451
0.0148745,-0.10174739
0.0,3.866198
0.0,25.941105
31.889,30.86285
44.7525,41.763916
18.8186,18.600517
0.0,0.015865207
0.0,3.866198
17.542,6.850397
0.0,3.866198
1.19568,13.105612
8.78468,7.778392
13.4342,13.051201
0.0,3.866198
1.73772,1.7659494
0.0,4.8914585
0.010088,3.866198
7.93361,7.8773336
2.33652,13.76726
20.9772,21.705486
6.58449,3.866198
32.9917,30.989937
0.0,3.866198
0.0,3.866198
0.571642,0.5465895
0.0,3.866198
64.9969,30.478624
0.0,3.866198
0.0,3.866198
0.0,56.11603
0.196835,3.866198
10.8713,10.265045
16.1284,17.455235
8.30447,2.0994818
37.0203,11.248994
0.0,3.866198
0.0,3.866198
16.4448,16.23607
23.0079,20.54805
228.807,222.29715
0.0,3.866198
0.0,3.866198
3.66146,2.4613893
0.0,3.866198
0.0,-0.017983794
0.0630775,0.031261563
10.5992,10.683914
0.0,3.866198
28.0864,29.709484
0.0,3.866198
6.08398,5.5733013
0.0,-0.308787
4.35779,3.2421722
0.0,3.866198
4.10174,4.5999184
0.0,5.2011514
0.0,3.866198
0.484112,-0.009870172
0.105717,-0.36675286
0.0,3.866198
1.59871,1.8753096
0.0,3.866198
7.00081,16.837698
6.32027,6.1703653
0.0,-0.00532043
0.101706,0.28968966
23.0309,24.133009
0.0883291,0.18861663
1.0646,0.84022963
19.1274,10.672174
0.0285757,-0.010488868
18.2965,17.616488
6.2082,5.452959
0.142605,16.22457
8.88717,9.156243
3.73849,11.2678
5.66459,3.866198
26.8021,25.34874
13.5865,11.543132
79.7199,75.488106
25.5902,1.6044954
0.0,3.866198
0.0,3.866198
0.074776,3.866198
5.74144,15.997805
2.90269,4.9815245
13.2992,13.170211
0.0,51.60661
1.37359,11.16809
12.3357,11.016798
16.4118,15.310944
0.0,3.866198
7.95659,8.204899
0.129307,3.866198
194.475,0.17512012
0.628994,0.5726948
18.0932,18.273481
18.0886,19.099415
0.0134632,3.866198
0.0717698,0.22544289
0.0,2.453144
0.0,3.866198
0.0,0.9519979
20.1295,19.98904
0.0115644,3.866198
89.9161,76.59101
0.0,3.866198
18.189,16.398048
12.2876,1.248787
89.6832,86.757835
23.5049,13.187
5.21638,5.016717
0.0,3.866198
0.0,3.866198
1.51977,10.435603
15.91,15.134167
0.0649161,-0.2951826
35.6753,31.878885
6.37023,6.575474
0.171858,0.23718798
13.7455,4.625928
15.8812,14.668579
0.0657912,-0.3919338
1.55944,3.6333218
0.0,3.866198
13.3781,13.695937
1.21503,55.925667
0.232573,-0.1940993
32.5693,30.076145
3.07596,1.9280337
0.443346,2.1925387
0.31996,1.1392415
0.0,-0.10952747
0.0,3.866198
0.0,3.866198
0.0587597,3.866198
0.720744,13.145332
0.0,-0.23992741
9.75266,9.258059
54.8596,53.637936
0.00917711,3.866198
0.0373925,4.6811066
22.2482,21.66383
86.3551,85.720345
25.6931,24.96673
0.596588,-0.1747948
546.123,473.5519
32.2509,32.89282
3.42381,3.0468469
7.38977,7.0489306
9.87826,10.297797
0.0,0.12932563
0.00808029,-0.09267032
0.0,3.866198
0.0,-0.23992741
0.0184828,13.30443
22.2012,19.577972
3.49067,1.84751
1.16659,20.12592
0.829205,0.07438123
0.540725,0.72552407
0.0,3.866198
4.37095,4.0335174
61.77,60.95
0.0,3.866198
0.214515,16.703423
0.314389,11.131492
0.0,3.866198
0.0,3.866198
0.0587993,3.866198
0.0293719,3.81249
0.0349215,6.850397
15.0328,15.283701
3.99476,3.728425
0.0,2.6361532
0.0,3.866198
37.4649,35.493
45.1259,49.77955
0.53003,0.37913394
0.0,3.866198
0.0,-0.2879058
115.716,48.380005
4.33623,4.368944
3.8058,3.2639189
36.4471,23.872627
8.05031,6.9003315
0.0362889,3.866198
9.78208,12.66988
28.3986,27.092806
0.0105662,3.866198
19.4241,19.357958
0.0,3.866198
1.83466,2.054024
0.0,3.866198
79.1213,29.082405
100.202,41.18491
0.0,3.866198
4.1897,4.226544
1.87192,11.359966
0.0,7.7010884
0.0367926,40.879143
11.9358,12.136156
44.1062,49.04674
18.6755,14.703615
3.6633,3.8556323
0.0733279,3.866198
7.44047,7.739391
0.0,-0.32675195
0.0,3.866198
47.6788,20.22385
0.0219525,3.866198
7.28997,6.760301
5.87878,4.527055
6.32027,6.1703653
6.17769,4.2585163
0.0,3.866198
197.497,91.7618
3.17463,17.151424
86.7261,11.118561
0.0283075,3.866198
0.0,3.866198
0.0382792,3.866198
0.0,-0.1581142
0.0230356,3.866198
0.0059639,-0.41499066
4.97182,4.777398
8.9007,3.866198
0.241907,3.866198
0.099298,6.752702
1.05518,15.351599
10.1753,9.951216
10.2526,4.5039983
0.143577,3.866198
45.9377,45.820583
13.2992,13.170211
0.0,3.866198
3.96255,13.134462
0.230342,0.19679606
0.0194539,3.866198
26.3643,6.7276955
7.25476,7.121182
0.0,3.866198
3.43098,3.238513
0.0,3.866198
0.0,3.866198
0.0,3.2510614
0.0,0.27833402
0.0,3.866198
19.7844,18.700874
0.0,8.672116
0.0,3.866198
0.0,3.9268641
18.7678,17.866049
1.62318,1.7978604
5.34906,1.0623897
18.2965,17.616488
0.26033,10.403315
0.0,-0.21342462
654.473,157.07823
4.252,3.9329548
0.0,3.866198
19.3857,29.130047
27.5158,22.279345
55.2517,51.481926
3.1115,2.2946887
34.6455,325.05362
0.00788695,0.29875088
15.3164,15.463699
5.57964,5.3290534
6.37074,3.3272939
2.15402,1.9958214
0.0,1.2431992
0.0,3.866198
0.0,-0.10220814
71.5502,52.600708
42.7111,40.255424
0.183172,4.81522
7.24983,5.733925
8.06611,17.271816
0.0,3.866198
0.0,-0.316774
10.919,11.025186
27.6481,3.866198
6.41882,4.4498296
0.0,3.866198
0.165792,-0.34789622
6.4931,6.3528023
24.8285,26.366339
1.01234,6.671606
0.0,3.866198
26.9925,24.114462
20.3821,17.991661
11.5976,7.6301165
14.2404,2.6361532
0.0,3.866198
7.15902,6.2078166
0.0384907,0.4410671
0.0,3.866198
45.4518,46.327694
84.2655,86.05964
0.0572685,3.866198
0.0120289,0.36113656
0.0,3.866198
0.00532618,3.866198
0.0609834,3.866198
0.0,3.866198
9.11947,9.305248
6.34516,3.3786168
25.1649,6.9260206
0.952204,5.227897
0.0,6.0932713
22.0206,21.380249
1.62503,50.065666
0.0,-0.0074944496
32.2663,31.589314
4.23809,8.286785
14.363,12.131819
0.0,3.866198
0.168818,15.133106
0.0,-0.45721233
2.87073,2.5015707
0.0229089,3.8024058
0.0,122.596214
7.13458,7.0071945
4.11632,-0.33116615
49.2648,47.43527
0.0110302,3.866198
0.0,3.866198
32.2509,32.89282
1.67315,1.2337985
8.26423,8.53971
0.141643,3.6850271
0.494796,12.204937
0.0,3.866198
6.05584,5.673018
20.2579,20.839792
0.197961,7.9729633
0.0,3.866198
0.0,3.866198
0.00703583,3.866198
0.218488,3.866198
2.30486,1.6268528
6.11847,3.866198
0.0,3.866198
0.0,-0.017983794
0.00575578,3.866198
0.0,3.866198
0.0,3.1020994
0.0,3.866198
0.0,3.866198
99.9679,23.58212
29.0844,27.996227
72.3697,3.866198
0.0,0.27833402
0.242017,0.03956306
0.0,6.7278743
5.52068,5.437191
0.0683978,35.666943
2.90771,2.2679906
3.42946,2.926651
17.1223,15.350479
0.0,14.351009
0.0503724,0.72654855
0.0,3.0488267
0.0,14.56627
0.196991,0.21921599
16.1769,16.129684
1.72756,14.446328
0.0,3.8142467
54.4611,55.28668
10.5992,10.683914
36.044,36.300877
0.105136,8.904307
1.98644,17.955715
0.0,1.7259667
0.183023,0.08582938
6.02408,5.3935785
11.2459,9.929368
0.16082,0.6806189
0.0,3.866198
67.9757,14.10189
5.64921,5.5048323
12.4639,3.866198
2.23965,2.1248565
1.55944,2.8785033
0.0,3.866198
0.0,3.866198
0.0137095,2.1327484
118.592,116.563126
4.02535,3.7712255
0.380248,2.6733322
27.5933,25.58348
0.0,3.866198
5.39369,23.478348
19.2937,20.71199
0.489444,1.6476291
14.8363,13.301945
0.0,3.866198
0.0468538,35.666943
0.539552,3.866198
0.0,3.866198
12.6563,12.138073
0.13732,10.463934
0.0230888,3.866198
0.0266381,1.301368
16.2573,-0.28781998
37.887,18.081944
0.0,1.2931892
43.0722,6.8088665
2.90635,2.4774475
6.77438,6.699169
10.5992,10.683914
0.0,0.09461796
0.13315,-0.03557539
100.183,90.351494
0.0115644,3.866198
12.3122,12.188275
26.0107,26.43652
0.0,3.866198
0.0,-0.19028759
0.0,13.555307
10.2515,9.292153
0.0471918,3.866198
73.5802,34.928486
0.0125551,3.866198
0.0,0.44601429
1.92986,1.5493106
0.0,3.866198
0.0,3.866198
0.611819,3.866198
1.9224,1.0974144
3.68977,3.4361773
0.75264,1.1751872
8.61474,25.793669
0.0,26.5373
2.0464,3.866198
0.709381,10.431321
57.7646,59.68018
0.97247,0.7350559
0.0349215,6.850397
0.0,3.866198
0.0,3.866198
0.0,3.866198
36.7901,34.134212
89.6832,86.757835
0.24238,0.5404737
0.00968093,3.866198
0.803882,0.052396894
0.0,0.29014862
0.205377,0.0763253
17.9806,18.45283
8.20958,71.35588
3.62445,3.59053
18.24,17.388844
0.0649567,4.700364
0.0,-0.07417238
3.01422,23.824766
9.27328,10.519954
14.2189,14.442784
0.184863,81.57407
0.0,3.866198
0.306576,2.7748275
0.0,6.50093
0.699727,11.832598
21.8819,13.307188
0.0,3.866198
32.5781,34.539883
41.3471,18.20668
9.33523,3.2237906
0.0703577,-0.14065254
0.682235,0.6817316
3.41305,2.92002
0.0,3.866198
95.6333,71.18433
8.33035,26.897232
17.6696,17.264772
0.0,3.7531972
0.0,3.866198
1.17427,2.051526
6.84802,6.185275
120.835,119.7918
11.3911,11.190102
0.0274204,3.866198
61.2563,62.9212
0.0310379,3.866198
0.0,3.866198
8.44341,4.2606936
0.051393,5.2011514
0.609691,14.891075
32.5668,3.866198
42.4463,44.50896
0.0,3.866198
2.3241,1.5846301
9.95858,0.34912324
0.0,-0.032209873
4.53626,4.314087
26.8887,28.749214
57.049,3.866198
45.2152,42.167828
24.9386,11.647092
6.32595,5.1150384
26.1965,25.871492
7.5427,3.911593
3.92962,1.6233522
2.20574,4.6962657
0.536926,3.866198
26.145,22.929668
16.6586,33.056995
5.19622,4.7002907
8.26953,7.998197
4.3151,4.3089185
19.4241,19.357958
0.0,3.866198
0.0,-0.052807927
98.2557,4.6261816
35.0216,34.156498
31.8925,20.024326
0.0,3.866198
27.7354,64.65031
0.847076,0.24446094
0.0,3.866198
0.2253,1.8554431
1.06258,1.0229876
25.5367,25.761627
0.0978433,3.866198
3.62445,3.59053
1.5047,1.1892267
34.0699,32.982254
22.6518,10.226679
0.0,3.866198
0.0705002,3.2510614
0.0302849,0.4436401
0.0381735,3.866198
16.4448,16.23607
13.1349,11.973072
21.1686,3.866198
0.845482,3.3092093
0.0,4.486525
4.12461,2.5989861
11.0919,11.0484915
11.3911,11.190102
13.3919,5.707031
0.0,3.866198
0.685934,0.36254668
0.0,0.5342064
1.34405,6.850397
5.16592,3.392056
3.38631,3.1875849
11.566,11.085856
0.254666,0.41429567
0.0,3.866198
4.57112,2.5065641
0.0718392,3.9508858
26.1965,25.64138
0.0136227,3.866198
0.3569,0.41299903
2.32304,83.25721
0.70454,1.5219364
9.65741,14.719778
0.0239684,3.866198
0.0146069,3.866198
0.886279,3.866198
0.0,3.866198
15.9103,13.455034
1.20083,1.5006404
0.0,3.866198
0.0,3.866198
3.45836,3.4462342
0.0533205,-0.04297304
138.872,144.80196
8.68572,8.225041
9.97059,10.281646
28.1376,27.366669
0.0,3.866198
10.2526,4.5039983
4.01418,23.79286
21.7912,4.537816
1.30596,0.6878823
3.80123,17.611538
0.0,3.866198
37.5404,39.723587
0.0505051,3.866198
2.85794,16.414639
8.46703,6.726411
5.80388,6.5180373
0.0,4.3913193
7.75683,7.517309
0.0211065,3.866198
0.0,5.709356
6.61661,6.4564967
0.390753,15.485441
0.205377,0.0763253
2.38675,2.0552297
0.55758,7.8549557
4.5581,4.0715456
17.5005,19.343496
2.36271,5.0727253
16.7044,35.504456
2.30816,0.8593919
194.475,0.36013043
0.0,3.866198
0.0272644,-0.31329358
0.0219642,-0.34735298
11.4922,11.344199
1.3851,49.910793
0.0,3.866198
20.3765,5.4613214
44.0179,42.13636
0.0,4.35765
13.1998,13.600501
0.0,-0.34012687
0.0578393,0.25645733
21.4343,8.982882
0.089359,7.244936
86.9453,94.684074
0.0,3.866198
0.0,13.825491
1.31869,1.0022221
32.4577,29.631315
31.889,30.86285
0.0,3.866198
45.1614,1.1912416
0.0,3.866198
4.29189,4.3294716
0.0,3.866198
0.0534402,-0.5951518
26.2397,25.644691
0.0,3.866198
0.0,3.866198
9.40349,10.598047
0.734255,0.28352857
0.0,3.866198
16.8671,114.58126
2.6963,2.64672
14.8916,13.972649
2.73699,3.2814555
0.0,-0.15223849
0.0,3.866198
0.0,2.0420651
1.65003,1.3892841
5.78529,4.038125
197.497,-0.4684596
0.747373,3.866198
0.0,3.866198
0.0,3.866198
0.0,0.14717102
0.0,3.866198
0.0,3.866198
7.00099,0.7328497
0.0,2.1987128
15.4888,3.866198
23.0886,24.310925
0.0,3.866198
4.545,1.1392415
1.42763,8.729204
2.02329,0.00255692
0.0,3.866198
0.0,3.866198
34.1317,33.20319
0.319678,2.9962306
0.699426,3.866198
0.0,3.8327284
2.22496,1.1910437
0.0506783,3.866198
2.93284,2.8589392
0.124035,3.866198
0.0,3.866198
0.721388,1.0167068
23.2925,22.611359
7.13458,7.0071945
4.87841,5.313409
0.0503214,3.866198
11.9358,11.814865
18.4408,15.821417
7.14585,6.8866816
0.83686,2.6927857
2.74106,19.450882
10.4071,3.866198
0.0441422,0.19793034
2.29766,2.112496
0.0,3.866198
0.0,3.866198
0.535877,4.1883955
1.66884,21.915
22.6392,23.197472
0.130615,0.04416299
1.69518,8.827052
7.20599,43.94266
0.0,-0.51478827
84.784,24.683716
8.78718,7.869418
0.0,3.866198
3.7689,3.7493997
17.5729,17.200752
66.723,65.42902
3.3563,-0.5540389
40.5102,44.586662
0.834837,4.110986
0.0,3.866198
0.0,3.866198
66.0095,34.261448
0.0,3.866198
0.0,3.866198
15.0344,13.237694
0.158856,3.866198
0.0,3.866198
3.86845,3.6160374
0.0,3.866198
0.885176,1.4035817
1.82111,3.866198
6.31848,6.3559885
41.4786,40.451424
12.3578,12.354489
0.0130207,1.1996117
751.657,660.1284
0.346404,0.052396894
0.0,8.055204
4.86847,3.866198
7.65143,6.936018
0.0,3.866198
0.751724,0.41130376
8.4425,8.289351
88.7445,101.918755
0.0493707,-0.092010856
20.3765,5.2011514
0.117648,9.884539
37.7718,36.712646
0.0,3.866198
0.0,3.866198
0.0,3.866198
0.0,-0.017983794
4.52996,1.4035817
0.0,3.866198
0.0,3.866198
7.08421,6.745676
0.518322,2.4004064
428.302,3.866198
0.0,-0.23694992
6.60746,15.893321
0.0,154.53918
56.7611,32.56813
1.20655,33.27436
0.699279,8.09929
0.0,32.465523
20.3765,5.2011514
14.0942,6.0934
20.6806,9.841503
0.125719,-0.054055452
0.153151,0.12241137
0.0,3.866198
1.00717,0.70121646
24.9296,22.733402
0.121209,3.866198
0.0362889,3.866198
12.8639,8.871599
1.63946,2.5858984
16.8505,16.794289
0.0,3.866198
0.0,3.866198
0.0789774,-0.0346061
0.0,3.866198
0.0322104,3.3443775
0.0610322,3.866198
0.0,3.866198
0.230925,20.557932
0.0,3.866198
49.8151,56.685295
0.0,3.866198
0.0,0.84783113
0.0,3.866198
3.5795,3.3461437
13.5237,11.578727
0.0,3.866198
9.28526,6.288553
2.7153,3.6231532
1.81068,2.8310738
15.8731,10.450436
7.63668,51.762875
4.50339,4.138997
0.0129911,3.866198
9.20009,8.283608
0.0,40.35872
0.0,3.866198
19.3196,19.011604
0.0,3.866198
0.0,1.3960203
0.530209,0.3442906
0.0,3.866198
7.71497,7.891738
0.349096,3.866198
0.153509,3.866198
0.0,8.519504
0.0,24.151876
10.0219,26.841673
0.0,3.866198
27.2787,12.1556225
0.55758,7.8549557
1.10776,0.8834007
0.220706,34.179737
0.318214,21.569448
12.766,11.0426445
11.3947,10.569204
10.9794,4.4657254
10.5081,6.916924
0.0,3.866198
20.3765,5.187245
19.6408,19.3786
10.7675,13.71776
0.0430212,3.866198
0.237022,44.650043
34.1565,23.57805
0.0,2.315349
4.4391,8.915566
22.6518,10.226679
5.05382,18.717361
0.069534,3.866198
0.0735954,-0.19793773
15.0913,14.412193
49.2648,47.43527
14.399,14.165426
0.228301,0.15615487
41.1289,37.696083
0.0481385,5.690046
0.0420308,3.866198
19.3477,17.701283
0.0,3.866198
8.4425,8.289351
0.0,3.866198
12.9157,10.84663
19.1878,20.987057
0.169882,-0.24877763
8.74247,53.30835
0.0,3.866198
0.0,0.9652966
0.795791,3.866198
5.90117,5.236527
0.942564,0.5742153
0.0,9.117533
11.7739,11.620466
60.3985,59.87875
45.9377,45.820583
11.0977,4.7533617
11.8289,42.319668
0.0,0.66522086
0.0,3.866198
0.0124043,14.240179
0.0,3.866198
0.0,3.866198
16.2018,15.975092
0.0293181,3.7674198
90.8729,8.870858
0.0,3.866198
3.48253,3.866198
0.0,3.866198
8.24252,8.2149
0.0,0.021815062
5.09901,4.4690547
17.9272,22.795513
13.6708,12.256832
0.0,3.866198
0.0,3.866198
5.39411,5.259591
123.482,116.901344
17.0383,16.799482
24.4512,14.005426
9.56915,9.458183
2.59898,2.4769878
0.0145016,-2.2009315
2.18394,2.479725
0.0261254,3.866198
0.058586,3.866198
0.0,3.866198
9.4149,9.329931
38.012,29.130047
0.377169,3.866198
1.54195,0.0055977106
0.0,3.866198
0.0,3.866198
3.08732,3.866198
5.16818,5.488173
9.33523,9.01784
0.0593326,3.911593
2.47507,71.66571
0.0,3.6011977
6.32595,5.1150384
3.02366,3.866198
36.9143,35.833324
3.8283,1.2638557
5.64967,5.573017
0.488137,3.866198
11.5815,12.021083
0.348336,-0.027408957
3.69528,3.5717826
0.0123709,0.08881545
10.0115,5.227161
9.57747,9.376837
317.826,311.8271
18.8462,18.713642
5.57721,5.3225956
0.0,0.27833402
7.11917,6.438709
0.0,3.866198
0.519642,3.866198
7.84176,1.6768183
0.535877,3.8798866
0.0,3.866198
46.1519,42.472794
15.4143,4.7960305
0.0196105,3.866198
0.0,3.866198
0.0,3.866198
53.5033,53.04762
13.6658,12.226156
0.0218479,3.866198
17.2254,27.641777
5.06028,46.943012
0.185092,19.485514
8.56692,2.7318382
0.0,3.866198
0.0,3.866198
18.2965,17.616488
7.76466,1.8028514
0.645114,3.866198
0.0,8.351552
0.116668,-0.08334684
0.0263083,3.866198
17.8849,16.773455
0.0,1.2577593
45.2152,42.167828
3.75554,3.4203396
2.61769,25.648098
0.0,3.866198
0.0,3.866198
17.6696,17.264772
13.4667,22.396244
14.1541,13.841415
0.148443,3.866198
0.147257,3.866198
6.80099,45.563236
40.1471,40.402527
1.07475,3.866198
6.51382,3.6333218
8.71518,3.866198
13.3605,3.3919854
6.12208,50.30653
7.50482,6.910961
5.90059,5.796995
0.0,-0.46913636
0.0,3.866198
0.0,3.866198
0.0105662,1.1253334
0.0,3.866198
5.75256,6.049918
3.93496,5.2598624
0.0,3.866198
17.8586,17.516312
0.55758,8.154435
74.4531,74.69457
0.030774,-0.16167104
0.0,-0.5493964
0.18877,0.10044277
0.0,3.866198
0.0,3.866198
38.704,38.16728
0.444784,3.866198
23.9847,182.21935
47.1426,49.714985
0.0438265,-0.41727483
0.0315748,0.012181282
0.0,3.866198
0.0274204,3.866198
0.0,3.6025095
3.72617,3.5152588
3.92962,1.7909089
9.36233,3.9815779
0.0,3.866198
6.10661,5.62
64.9261,23.983032
0.110281,3.866198
11.3911,10.876737
26.9954,26.882347
5.52028,20.98418
0.395607,3.217455
0.0,3.866198
10.2526,4.5039983
2.89538,2.251133
0.0205246,3.866198
0.0,-0.23992741
0.0,0.27833402
1.14478,2.564866
0.0897234,3.866198
18.7259,17.995468
60.0505,46.155273
89.6832,86.757835
0.0145899,3.866198
293.299,132.509
23.8582,6.6529617
0.519284,10.35697
0.0,3.866198
0.0383336,52.468563
52.0819,52.614136
0.683661,3.866198
0.505088,132.509
17.7008,15.856997
41.9503,42.994152
0.0,3.866198
10.0159,9.286448
0.0196327,3.866198
11.566,11.085856
0.0,-0.26010764
4.21751,3.9443235
0.0281779,3.866198
0.503129,0.39300072
1.93037,1.4652051
25.3032,9.408659
0.0629123,8.398629
0.0,3.866198
13.4078,15.60335
23.0654,-0.7787801
0.113443,-0.16898692
4.82808,3.8091512
0.0,-0.2879058
0.0933876,9.009237
3.80485,3.7290096
0.0713469,3.866198
0.0,3.866198
0.0,3.8049288
3.68977,3.4361773
0.0362957,7.950682
0.0,3.866198
0.00673864,3.866198
5.72192,5.583208
0.0,3.866198
0.0,3.866198
0.0,-0.8773781
1.19568,8.685634
0.0,5.004954
186.227,9.583014
0.0,3.866198
4.6505,4.372197
2.81786,16.485956
0.0,3.866198
0.129077,5.3225956
0.834837,3.866198
17.5578,17.612125
4.55654,4.0350285
54.8596,53.637936
92.8442,101.87142
11.5285,10.047248
0.0,3.866198
0.0323811,-0.16422379
32.7516,12.614777
6.4931,6.3528023
0.0,-0.017983794
0.0,-0.26253414
17.9272,22.795513
17.0709,3.866198
0.110217,3.866198
2.26045,3.2421722
0.0,-0.017983794
0.0382119,3.866198
11.5061,11.757271
0.0,-0.18076289
1.40205,1.0226723
0.0,1.3095335
0.360438,46.998093
0.0,3.866198
0.0683978,35.666943
0.0198511,3.866198
6.94553,6.2776775
4.13278,22.96875
73.5802,34.928486
7.28997,6.760301
12.4457,8.468472
0.259435,3.866198
0.101265,2.4407382
0.226083,3.866198
22.2086,21.519325
0.0999994,-0.2791487
0.68252,5.854756
4.33623,4.368944
0.0359843,3.866198
39.5207,36.660847
0.0,35.37012
11.308,9.402029
0.0589175,3.866198
86.0813,87.9764
0.0129563,0.004994273
19.3196,19.011604
36.9143,35.833324
0.0174285,1.4099345
28.3842,28.280766
0.403338,0.05507624
0.0841203,-0.25528336
17.9208,8.106533
2.15402,1.9958214
0.0,3.866198
0.0,-0.36782658
32.8867,30.881832
11.925,5.363188
0.0,-0.109102726
9.42536,9.178078
7.88359,6.993141
0.0,-0.5226549
0.0289529,3.866198
0.0,37.551617
4.52728,1.1912416
35.0216,34.156498
10.2968,9.95452
14.5538,10.722695
10.5992,10.683914
1.99982,2.0077038
18.9817,38.625668
0.0,3.866198
0.0903813,3.866198
0.0324437,4.078614
0.0,3.866198
0.0355143,3.9678817
0.0,3.866198
1.7788,1.8334931
0.0,3.866198
0.0983347,3.866198
0.0,3.866198
12.9993,12.889446
23.6752,9.814219
0.0224391,3.866198
0.0,3.866198
0.0,3.866198
0.0,3.866198
0.0,0.45894408
0.0753003,3.866198
0.0,3.866198
4.12061,3.866198
1.78476,0.7620002
27.3319,3.866198
0.932083,1.0254248
1.32179,1.384063
0.0372422,-0.2692461
18.1842,17.636106
22.0206,21.328297
0.0,3.866198
0.0,3.866198
0.299025,5.428388
28.3925,27.77483
18.2676,17.576761
1.45705,1.4733742
0.0,3.866198
0.0,3.9020185
44.9703,9.694023
32.6296,59.490795
181.385,35.666943
3.28353,2.9976177
8.18259,35.378284
0.967653,-0.51058376
1.49482,17.79601
12.9585,22.303135
0.0,3.866198
9.31878,8.991424
8.19347,2.0618906
5.69682,4.5593734
0.0,3.866198
7.44745,46.180607
5.39411,5.259591
0.0,3.866198
1.24542,1.0477341
2.52507,8.062796
5.22933,4.7554607
0.0,22.894547
0.0,3.866198
0.839133,5.6977654
60.4376,14.132381
11.0977,4.7533617
0.0335017,-0.10454011
35.0216,34.156498
4.10174,4.0619693
0.0629288,3.866198
0.0,3.866198
21.9927,22.009571
0.0,2.9836998
0.092315,-0.21078867
0.189148,19.842928
7.49652,27.012135
0.0285757,-0.010488868
194.475,39.87213
7.00152,6.118733
13.8527,13.90707
0.0,3.866198
13.443,93.84733
0.0,3.866198
36.2545,5.922411
0.0634421,6.479145
0.427559,14.065304
95.38,93.54617
1.06761,1.4328288
0.0464147,-0.15223849
0.0,-0.013439536
25.1238,51.116524
0.0,3.9546614
3.51618,2.815277
1.73733,1.3895315
0.0,3.866198
0.0,3.866198
5.55705,105.75319
8.49649,8.811931
95.5694,93.81867
1.31759,0.08524859
19.5991,19.324564
6.01797,5.4856033
0.0265841,3.866198
3.80485,3.7290096
0.0,41.059124
4.3827,9.798542
0.0,5.4113684
0.0,3.866198
7.78329,-0.610216
13.9068,13.020658
0.101652,10.332264
30.4835,30.614105
6.71487,6.260577
0.0,3.866198
0.0179047,5.11223
21.3463,20.900272
13.7987,19.250088
10.7625,10.625597
0.55637,3.866198
5.32794,18.1216
0.0,3.866198
229.09,216.70216
4.03114,3.6116285
139.212,0.643453
67.7254,67.48295
4.74985,4.5313725
5.52068,5.437191
4.9399,-0.26208675
15.8834,13.333582
71.5502,52.600708
10.5154,22.911089
8.78718,7.869418
29.961,30.13402
0.207055,13.5665245
55.562,54.133186
5.02841,1.3626677
1.14091,0.21422851
48.3711,46.16423
0.0544411,3.866198
0.0,3.866198
0.00478567,3.8464022
0.349331,9.443367
1.66252,12.958725
0.0258409,3.866198
0.0,3.918261
3.60053,3.397194
0.0231124,3.80907
0.28357,10.569204
0.0,3.866198
0.0,24.151876
4.58484,4.0910907
16.4448,16.23607
0.0,3.866198
0.0,3.866198
18.9655,18.827375
7.53906,6.9287167
0.231132,-0.64066637
0.0,3.866198
0.0,3.866198
0.0,3.866198
0.0643545,3.866198
2.36926,11.794966
135.8,40.186916
13.234,6.3292637
0.0,3.866198
0.0,3.866198
47.6788,20.22385
1.55834,6.8930235
1.9342,5.433826
0.0,3.866198
3.78142,3.226221
0.0,3.866198
0.0,3.866198
0.02025,3.866198
11.879,26.172417
14.3224,13.696756
16.651,16.465904
24.5863,11.174662
13.3234,25.521713
0.0413769,3.866198
0.0,3.866198
9.4149,9.329931
29.1625,28.606976
0.0,3.866198
0.111054,7.915514
0.0498663,-0.34810138
158.364,147.46892
4.76267,4.62107
0.0562142,3.866198
0.0186084,-0.24155343
8.24868,8.921896
3.55067,4.3840775
0.966778,2.012753
14.797,14.100975
1.59871,1.8753096
10.479,7.4635267
0.0,20.12592
0.0,0.9652966
0.923912,59.365025
0.0,3.866198
0.0,3.866198
0.0390394,3.9353251
0.0,3.866198
0.323331,3.859632
0.0120871,-0.58514965
0.363451,6.517316
0.0,3.866198
0.68252,5.854756
0.0,14.265429
0.0,200.68794
3.4621,8.702541
0.096906,3.866198
0.0,-0.080590606
11.9212,20.381378
5.34906,0.72654855
1.32143,4.7533617
18.2853,8.672116
52.3091,50.344128
7.5882,29.633331
1.06105,9.068235
13.0129,11.952867
0.156968,3.866198
8.10573,2.6886258
14.0127,5.067452
0.026868,3.866198
0.0,-0.070946455
0.00805205,3.7044039
0.0105662,1.0623897
0.0,3.866198
1.7845,1.4400095
2.17957,0.5342064
0.0,3.866198
0.10863,2.6820662
3.08732,3.866198
2.61957,2.6458168
7.90092,7.5202613
20.3666,5.088031
0.31996,1.1392415
6.86627,6.8104734
0.0,3.866198
0.0239684,3.866198
0.0,12.972055
1.01876,0.7728373
0.0,1.9126302
0.542442,3.866198
0.0244684,3.866198
0.0,3.866198
5.7861,34.263035
9.14964,2.424963
7.96072,9.286448
3.46771,5.312373
0.829006,3.866198
5.45671,13.48595
14.8348,7.5205436
52.2343,54.843937
5.39369,31.004509
0.0,13.026962
0.0665804,3.8910222
160.161,29.647654
28.4723,24.264404
0.0,-0.0074944496
0.0,0.0029349327
0.0,3.866198
0.0,7.7413235
26.1965,25.64138
43.4767,43.70506
0.0883291,-0.21007049
0.0,3.866198
4.252,3.9329548
17.3229,16.051296
0.0,3.866198
0.034088,34.63775
12.3578,12.354489
0.138031,3.866198
0.0,0.15615487
4.98572,4.453926
0.232211,101.68601
17.5554,48.94886
0.0,3.866198
26.5832,7.777649
10.8169,4.901303
0.0,0.58203006
3.28353,2.9976177
0.0,-0.19701636
16.4448,16.23607
0.0,-0.2870345
115.406,114.78016
68.0121,67.4063
16.2353,14.935776
155.242,78.246994
17.542,6.850397
7.88359,9.062129
1.58039,3.866198
32.6296,59.490795
0.0,3.866198
0.0254356,3.866198
0.0,3.866198
0.0501567,3.866198
86.3551,85.720345
0.0,3.915627
0.054314,0.87200105
13.1413,16.71888
0.0,3.866198
0.0,3.866198
0.0339269,1.9600027
33.0627,12.839886
0.0,3.866198
0.033392,-0.3110577
0.0,3.866198
5.65498,11.636986
0.0,3.866198
0.353415,3.866198
0.0,3.866198
0.182954,3.866198
0.0,2.5208056
25.6865,21.385738
12.3578,12.354489
0.0,3.866198
0.0,0.10516882
0.0,3.866198
4.85574,4.886989
0.101507,3.866198
15.1388,16.002777
0.0643346,-1.2594675
12.6332,11.267647
6.77438,6.699169
0.0,-0.3420545
5.34906,1.1253334
89.9161,76.59101
0.700818,0.08210909
8.26953,7.998197
0.0,-0.22899199
0.0,-0.14684922
0.0,-0.3338796
0.0209461,3.866198
0.0,3.866198
0.01378,-0.23637402
0.178423,0.24210393
0.0,-0.94434893
0.0667464,-0.046346426
0.0633151,-0.04176402
37.887,16.569475
0.0,3.866198
0.0144449,-0.16495764
0.0444264,3.866198
0.0867852,11.420132
46.1337,45.96581
0.0,6.9975524
18.301,7.9084454
5.18211,4.9819365
2.26397,3.866198
0.278283,3.866198
22.0206,21.328297
0.52367,6.3509917
5.15777,4.8454213
0.0139038,3.866198
71.9291,6.268504
13.509,13.509724
36.8233,25.521713
0.597943,3.866198
0.128067,-0.027795434
0.0,3.80907
0.182946,11.174662
1.67192,4.2606936
0.00775797,3.866198
2.59898,2.4769878
0.0,-0.10515654
0.132043,3.866198
9.85463,40.822704
0.0,3.866198
16.2904,18.223455
0.0,3.866198
0.334246,34.71831
21.5036,20.607746
0.0,3.866198
47.1426,49.714985
1.67192,4.2606936
2.08647,1.8828357
0.430106,4.7187157
5.30943,5.540929
77.4792,72.197426
5.39411,5.250928
0.0,3.866198
0.0,3.866198
0.0,3.866198
0.0,3.866198
66.5703,22.96875
0.0,3.866198
7.56531,7.081008
1.71906,17.009407
0.0,3.866198
0.0,3.866198
0.72781,-0.14048922
0.0289529,3.866198
0.974143,21.562397
70.3835,127.64932
0.0,3.866198
50.4199,43.987022
0.0,0.89971447
49.3187,48.699673
0.665645,-0.033979177
0.0,3.866198
0.0,3.866198
0.0,-0.23102379
18.4408,15.821417
0.0,3.866198
35.6337,35.431217
0.209847,26.172417
0.0629288,3.866198
16.2677,8.702541
2.70478,2.5950456
0.0,3.866198
0.0,3.866198
0.0,3.866198
0.0,3.866198
0.469417,3.866198
0.20815,3.866198
89.2021,29.086563
13.7987,19.250088
0.0,0.4277457
19.0957,13.3763895
0.0,-0.2879058
43.0166,4.2939334
26.1605,27.729729
0.146754,1.5889187
15.0214,11.392735
0.0129563,0.004994273
0.0,3.866198
0.0,3.866198
13.8431,13.444008
8.71047,8.656872
9.99881,8.046267
12.115,-0.26208675
228.807,222.29715
15.0968,9.361252
8.24252,8.2149
0.72045,5.3646474
0.0,3.866198
0.210907,3.866198
0.0,3.866198
0.0,2.2582104
0.0,3.866198
2.59677,6.1809235
0.792368,3.9724522
2.86907,28.89531
0.0,3.8488255
0.0,3.866198
1063.86,1046.1929
0.477638,3.4371042
0.0,3.866198
49.3187,48.699673
0.0,2.4306402
0.0,3.866198
0.387361,3.0550294
15.842,15.421314
38.3952,29.980682
9.4149,9.329931
0.0,3.866198
0.0,3.866198
0.0,3.866198
5.47233,4.784774
0.0,3.866198
0.014177,3.866198
0.55272,14.113445
0.0,-0.5493964
33.357,34.920734
0.227111,3.866198
9.40349,10.598047
2.54224,1.6809975
36.1719,17.955715
0.0,3.866198
0.0251359,3.866198
0.886348,3.866198
5.16169,42.027634
1083.88,42.20709
0.0134494,-0.11234462
0.0,-0.18592727
0.0373148,3.866198
0.0,-0.10173422
4.0341,3.0744796
5.34906,0.72654855
73.2579,103.38649
0.0,3.866198
0.0,3.866198
0.0,3.866198
7.72727,7.515543
0.535877,1.395626
90.9355,95.040245
0.647028,35.666943
0.456626,0.17038345
8.25858,3.427054
11.7739,11.620466
11.6675,11.32457
13.1278,13.096348
0.0,126.85803
174.296,170.7451
0.0,3.866198
6.84802,6.185275
1.20174,20.557932
134.521,120.868126
28.244,21.048145
13.6708,12.256832
0.535877,1.395626
22.6966,22.393862
82.1792,8.301639
0.0,3.866198
0.0,0.8450805
0.0,3.860165
0.134363,5.768379
0.02025,3.866198
11.6114,10.253339
0.0,3.866198
0.0,3.866198
0.0,4.799992
0.404285,33.524933
22.0206,22.131876
26.1965,25.871492
0.0,-0.184335
16.2677,8.322071
0.836706,3.866198
4.37095,4.0335174
5.19622,20.155224
32.5668,3.866198
0.0,-0.31979907
0.0,6.6619825
10.5733,9.552114
1.96582,1.3007848
6.54888,18.328321
42.3715,4.985914
16.651,16.465904
110.799,70.466194
139.129,135.94202
0.0,-0.5540389
0.0610322,3.866198
21.9927,22.009571
0.0,3.866198
0.0,3.866198
0.0,0.027911305
0.0,3.866198
6.18583,6.121459
18.2965,18.176697
0.0897234,3.866198
0.172357,0.11743617
0.0163062,3.866198
25.8108,36.193783
22.0206,21.328297
0.0,3.866198
0.0757449,3.866198
17.1126,14.915131
0.0362784,0.21620262
7.5427,3.911593
0.0189998,3.866198
0.18013,3.866198
0.40315,-0.19329107
0.0,0.27833402
0.0,3.866198
46.7864,49.45045
0.0,6.888668
41.2784,32.67907
0.0,3.866198
3.79881,3.6334705
36.044,36.300877
16.8505,16.794289
16.1532,5.828152
0.16364,3.866198
1180.83,1184.116
0.0,3.866198
6.7969,5.508808
0.0995542,3.866198
16.8101,16.200735
14.0233,26.906837
8.49454,8.351163
4.0899,0.4186334
0.0,3.509726
73.6452,12.65205
48.0989,46.958492
23.5343,11.729977
17.6696,17.264772
16.4165,11.832598
72.8693,62.757404
0.0,3.866198
31.6155,30.109886
0.0103819,19.927269
4.85574,4.886989
0.0,3.866198
0.0930373,7.4632106
10.6332,4.8194375
0.0733279,-0.21449292
0.487577,3.866198
19.5016,19.171928
96.1357,3.866198
0.018194,8.357016
37.7821,88.68598
4.67141,7.1986074
73.3554,70.8565
37.887,16.569475
0.013013,0.93504465
15.3676,-0.73065007
228.807,222.29715
25.1649,27.152227
2.05782,3.866198
10.2716,3.1575427
0.36302,9.740351
0.0,3.866198
0.289089,3.9517531
68.9289,65.970184
0.0201684,3.8778162
0.571642,0.5465895
0.0,-0.14659965
231.91,224.76329
0.0199723,3.866198
0.295747,3.866198
0.483763,9.136978
0.0413353,-1.9643973
0.0285535,-0.12997317
16.1543,7.147771
6.32027,6.1703653
0.0285757,-0.4586159
0.0140005,3.866198
14.1155,13.796185
5.59409,3.866198
4.10452,4.172788
0.0,3.866198
1.25708,1.2049173
0.0,3.866198
0.143577,3.866198
0.0230888,3.866198
0.0,-0.017983794
0.0,4.2869425
0.0,3.866198
0.500156,0.26233757
69.4026,1177.8074
5.17439,97.74025
7.24983,5.733925
0.0,3.866198
1.16659,20.12592
0.0252579,-1.0692667
15.6971,69.80051
0.0,3.866198
49.3187,48.699673
0.314698,5.227161
10.9119,25.404966
0.0,3.866198
2.87811,2.0420651
8.32161,3.866198
0.303486,3.866198
0.409133,0.013043046
12.4884,19.585226
0.0,3.866198
10.1609,9.845526
0.0,0.19027913
3.46595,2.8928928
0.0,3.866198
0.0310379,3.866198
16.4448,16.23607
6.08398,5.5733013
19.3196,19.011604
0.193852,15.1093235
0.0261254,-0.2684189
0.0,3.866198
15.348,13.146344
1.05541,3.866198
0.00808029,-0.09267032
0.218525,-0.34591675
1.69662,20.818178
22.9634,19.960474
1.81713,2.2773604
5.39411,4.85826
0.201977,0.02728355
38.7644,37.960224
9.26149,8.536517
0.0,3.828093
0.0,3.866198
5.05006,3.866198
25.1973,24.31551
78.8657,77.67341
6.68585,10.58821
0.766402,3.866198
0.0,-0.49189985
2.2831,1.9329718
1.63293,1.4899961
0.0,3.866198
0.0,3.866198
42.2534,22.91371
0.0,3.866198
14.4733,14.388372
0.196355,3.5813336
0.0,-0.23816592
0.669699,12.422551
0.0,3.866198
0.0,18.9069
0.0,3.866198
0.0,3.866198
3.5795,3.3461437
0.131497,3.866198
0.03749,-0.15731394
0.0,3.866198
12.8278,6.0567503
7.11185,7.1663675
0.0703373,3.866198
46.9646,46.026234
1.74564,1.032791
0.0165132,3.866198
0.586897,24.50552
27.4069,21.580688
0.0131004,3.866198
0.0,-0.10878086
6.95536,6.6713266
3.67181,3.048195
1.43893,4.485131
0.0,-0.26010764
10.0053,10.386461
4.40566,3.8534842
2.61851,0.72499335
0.0,3.866198
0.0,3.8557758
0.0,-0.017983794
66.5222,58.738373
0.0,19.927269
0.0719362,3.866198
12.2933,12.892372
21.9927,22.009571
3.80921,6.8984213
2.37312,69.56121
9.68664,9.841974
11.1947,11.661697
1.80628,6.6117535
0.0,1.7259667
3.80485,3.7290096
0.01066,-0.2659734
4.37563,4.0096946
1.02618,0.39918554
0.0,3.866198
28.1376,27.366669
96.6188,97.18813
0.0,3.866198
9.06062,-0.3029065
0.0115644,3.866198
0.0,3.866198
0.0,3.866198
7.4921,6.7624054
0.0683978,35.666943
13.2047,14.419912
0.290254,0.11090338
26.8874,18.960705
0.839133,5.6977654
7.34953,6.5797815
0.206719,0.19443953
14.6851,3.866198
2.0112,48.380005
0.0,3.866198
96.1357,3.866198
3.12215,2.7023258
0.0385982,-0.27063966
0.0863636,11.800382
0.0,3.866198
598.347,626.58026
28.2056,22.027035
43.8743,12.442754
22.0829,3.866198
10.0146,6.5273466
0.0,0.014187276
0.0,3.866198
5.83212,5.4596643
14.1322,5.9922
19.9297,19.897888
3.5795,4.1378317
16.9595,17.113922
0.0296726,3.866198
0.532077,1.7761923
0.142454,3.866198
0.181888,0.38382673
74.3385,73.80331
0.0129563,0.004994273
0.0,3.866198
23.5057,23.115341
0.372758,2.9681478
3.72053,13.984861
5.7861,5.378808
0.0,-0.5244788
39.5927,38.799004
9.73486,3.4705443
0.0341683,19.497095
0.970146,0.8814231
15.8731,10.450436
0.0757449,3.866198
0.0505051,3.866198
21.9927,22.009571
5.80313,6.956086
0.0,0.09103811
0.19443,-0.0970546
2.36965,2.6224966
0.0,-0.2998432
3.90281,1.5315112
9.51699,15.371417
3.07933,2.057695
6.8555,4.415188
0.0,3.866198
0.0,5.363188
4.16915,84.21342
0.0,3.866198
0.0,3.866198
97.4455,53.04025
23.3684,4.992612
31.8361,30.91941
1.10621,0.86511075
22.1656,28.592896
0.42647,0.715953
7.66119,6.517316
0.797986,0.9020374
0.0,3.866198
0.35243,3.5851612
0.331106,3.866198
0.0,3.866198
3.41305,2.92002
0.225915,3.1332512
12.0715,34.332302
0.0,3.866198
2.2831,1.9329718
0.0,36.472713
67.8708,3.866198
23.3864,23.864655
21.4862,21.418556
16.2353,28.609196
0.205377,0.0763253
19.1213,18.960405
0.572656,0.035245538
0.0,6.6619825
1.00021,3.866198
17.4698,19.423248
40.7339,39.543324
1.3366,4.0264087
20.4762,114.42925
3.8058,3.2639189
68.0183,9.668902
4.15016,3.9295764
0.0329641,3.866198
7.88354,8.433605
0.0,3.866198
0.286364,57.81245
0.766073,10.341107
0.0,20.12592
307.122,11.639116
0.152411,3.866198
0.0157707,-0.26948345
43.9491,8.78255
40.1683,25.793669
13.3042,6.6117535
2.30368,19.065723
0.0355143,3.9678817
0.0,19.197422
126.095,109.89273
0.0,3.866198
22.6392,23.197472
7.60944,8.381195
9.26417,8.671762
10.8052,3.866198
0.0,-0.00532043
0.0317711,-0.040454984
0.0,3.866198
0.0,-0.020365238
1.65003,1.8422052
0.0,-0.015090108
55.234,48.374355
0.0,-0.10952747
5.87878,5.9603143
0.0,3.866198
0.0,1.3960203
0.0,0.053285718
12.2934,12.167236
0.0,57.908955
0.0,3.866198
0.0,7.236725
7.24983,5.733925
0.0310379,3.866198
8.26953,7.998197
0.0261254,3.866198
0.110945,3.866198
0.0,3.866198
7.1822,7.1494064
0.0,3.866198
3.49067,1.84751
10.5992,10.683914
141.193,116.864914
0.0120871,-0.58514965
21.7949,20.683449
0.173933,4.1189604
6.43976,7.763341
0.0,3.866198
22.312,10.643919
0.010401,1.1393281
7.93361,7.8773336
30.3886,25.202406
0.110705,3.866198
16.4448,16.23607
5.78663,5.3719907
0.310805,17.07386
0.0,3.866198
0.0,1.3960203
26.1965,25.654404
84.2077,83.48185
0.0,3.866198
12.1678,3.866198
1.0596,1.496328
0.0159444,0.1596502
0.080121,3.866198
13.7987,28.058035
174.296,170.7451
0.0693409,-0.029379725
1.67037,0.95219433
0.0,-0.1954397
0.116721,1.8681116
5.78663,5.3719907
3.02061,2.9251666
32.5265,3.866198
0.0,-0.21955562
30.6925,29.971786
11.9053,12.745029
0.564027,11.841964
47.4526,10.190437
7.22575,1.4824452
14.8373,17.678143
20.3765,5.2011514
5.1839,4.1189604
0.0,3.866198
9.26417,8.671762
0.431208,8.982882
0.0,2.6361532
4.54406,4.775249
0.0831002,3.866198
0.0,3.866198
0.0,-0.017983794
25.7039,36.05559
10.6332,4.8194375
23.7573,23.411407
875.743,0.03702414
17.5729,17.200752
23.8774,3.3443775
216.012,207.87749
0.0,3.866198
68.0121,67.4063
0.0,8.191423
4.252,3.9329548
0.0,-0.51335895
0.0,3.866198
8.20827,13.026962
0.0,3.866198
0.0,-0.054055452
0.0,3.866198
0.299788,0.40841043
0.0,3.866198
0.0065704,3.866198
6.32027,6.1703653
0.0,3.866198
0.0424993,3.866198
0.0,6.6619825
0.116517,3.866198
0.0339982,1.1392415
8.02989,6.355079
0.0,3.866198
0.05843,3.866198
0.0,3.866198
0.692599,4.1431737
0.0233216,0.94810593
2.52583,1.9207014
53.5739,28.613312
53.4941,6.9404087
0.534861,4.901303
0.0,3.866198
0.0431546,3.866198
34.0732,34.132053
0.298784,137.15291
0.430106,4.7187157
0.0,3.9202538
0.00734836,-0.20890707
9.98148,12.131819
12.0095,16.206894
0.0591675,3.866198
5.25943,0.5267532
0.0,22.96875
0.0,-0.042950273
13.0292,13.003775
0.0,3.866198
0.0,3.866198
13.5394,12.620862
103.886,0.57384527
8.8137,2.3063788
0.196355,3.5813336
0.0,3.866198
45.6011,3.5992842
0.48296,19.274593
0.0,-0.11911893
0.0,3.866198
0.0950008,3.866198
54.0669,13.407028
41.7138,10.903145
3.77614,3.1440663
1.79176,11.729977
21.7269,10.516954
10.6428,9.21653
0.0,3.866198
16.1817,15.890583
0.0,8.631254
0.0,3.866198
5475.9,3.866198
0.0,-0.25031626
27.454,10.801334
0.0,3.866198
6.44702,6.2227235
8.30447,4.1312957
0.0227273,4.271179
0.0,1.1392415
0.0930278,3.866198
13.3722,4.741801
0.0,3.866198
0.0289529,3.866198
0.477638,3.4371042
3.68977,3.4361773
36.891,9.117533
2.93284,2.8589392
17.5749,17.440182
0.0606786,3.866198
0.0,3.866198
0.0,2.6361532
26.1206,16.583052
4.05046,3.3537884
0.0,3.866198
9.33991,7.3111835
0.0,3.866198
0.845695,3.866198
177.793,172.21504
0.0355344,0.018949151
0.0,3.866198
5.1839,4.1189604
0.900053,7.338723
12.5304,4.7335024
0.0,1.5262046
2.70478,2.5950456
3.92962,1.7909089
6.77438,6.699169
0.0,3.866198
0.0,3.866198
0.0,3.866198
48.918,43.76598
6.61334,92.12118
2.45039,2.2642183
42.7882,39.827198
12.4457,8.468472
0.099321,13.187
41.4786,40.451424
0.0,13.750459
53.3411,20.12592
16.6398,6.074491
0.0,7.1559086
0.423672,5.170413
135.281,4.9011364
0.0,-0.017983794
13.1864,41.61947
26.5636,3.5909452
26.6832,25.519691
0.0,-0.09469873
0.365548,-0.26651013
21.811,21.138939
0.0558077,3.866198
5.47925,0.37376583
0.0527068,3.866198
0.099321,13.187
0.0,3.866198
3.46591,29.981695
1.79644,16.667986
1.69518,8.827052
0.0,3.866198
8.08271,7.907997
15.7146,5.4723883
3.32396,2.4036753
0.138031,3.866198
7.38977,7.0489306
75.4154,36.516834
26.0752,12.459624
9.83226,9.436789
1.58275,1.5481302
33.061,7.340092
0.0,4.625928
0.0,3.866198
0.609691,15.355932
9.56262,3.658473
41.0927,11.893332
0.0,3.866198
54.8596,53.637936
0.05843,3.866198
2.0161,1.9561919
0.0239197,1.553473
0.0786566,3.866198
0.0,3.866198
7.37709,2.1541715
16.0071,15.256443
0.0,3.866198
11.3499,11.680343
9.8197,9.342295
0.283806,3.866198
0.069534,3.866198
18.8375,18.979462
18.9655,18.827375
5.25244,6.645148
248.611,255.46321
0.0,0.83885014
12.2679,20.350529
0.0137033,-0.42187703
30.6237,26.656153
0.216623,-0.38601267
0.621602,20.06604
69.8534,27.23238
8.18569,7.1317997
0.0,3.866198
0.0,3.866198
0.0,3.866198
0.348336,-0.027408957
0.520391,1.1910437
25.0795,25.914333
145.657,132.95186
7.42241,14.082115
0.0,3.866198
4.17273,4.1619515
0.0,3.866198
12.186,11.896711
1.99982,2.0077038
6.03225,-0.3939587
0.743623,0.29188597
0.0,3.866198
0.014401,0.010621071
0.0,3.866198
0.233384,274.28452
4.252,3.9329548
24.6134,24.369364
27.5158,22.279345
0.0158332,-0.32454383
12.5438,11.692039
0.0179047,5.11223
0.214666,3.866198
33.6491,32.604713
11.6269,11.078949
0.0,3.866198
0.182791,3.866198
0.0252579,-0.2572714
0.0,3.866198
0.0,3.866198
0.0,3.866198
0.06429,44.73704
11.7411,12.08737
7.18879,3.7531972
0.196942,3.866198
63.5438,62.268353
0.571642,0.5465895
12.4882,12.233454
0.051393,5.2011514
0.0,3.866198
0.0,3.866198
46.7864,49.45045
0.0,-0.47946393
0.0,-0.28379655
6.51382,2.8785033
0.0,3.866198
0.02025,3.866198
0.0,3.866198
0.0227304,0.27833402
0.0252672,4.379411
16.2102,17.999155
0.0,3.866198
0.0,3.866198
0.0146291,6.286769
54.4611,55.28668
1.06258,1.0229876
8.24868,8.921896
29.961,30.13402
0.0,-0.20965528
57.9342,22.35537
0.0,3.866198
0.0,3.866198
14.9374,20.359484
0.0,3.866198
5.29064,11.732038
16.651,16.465904
0.0,-0.49189985
0.612755,0.92317355
9.17639,8.822418
286.647,96.7214
4.85574,4.3798995
0.03872,3.866198
8.58441,30.303696
0.0753512,-0.23448974
4.52996,1.4035817
47.3354,45.87347
0.0,3.0550294
0.0,-0.2533905
19.3636,11.745327
0.0,5.6977654
0.153703,3.866198
24.5863,11.174662
0.52367,82.55019
0.21938,3.6470141
0.0573763,-1.0731043
0.223302,0.048781514
0.324646,3.866198
0.0,22.820469
0.0,3.866198
0.0,-0.24416447
35.7528,31.595488
15.1311,3.1143832
31.6391,29.422115
68.9289,65.970184
47.0054,43.800797
3.80604,3.866198
0.104588,8.016874
1.21628,0.95708835
0.0219642,5.1661534
0.0,3.9202538
4.52996,1.4035817
6.17569,30.276943
12.2934,12.167236
6.09922,3.095284
0.0,3.866198
0.0,7.338723
12.1396,2.5214472
1.78545,1.4138647
15.8592,17.052818
0.0,3.866198
3.09294,2.93186
0.0855931,-0.25804615
31.6466,30.601717
0.191738,3.866198
0.0,3.866198
0.0,3.866198
0.0,3.866198
0.080121,3.866198
0.0,3.866198
6.94088,6.1754384
0.0,10.655642
1.17735,2.5575023
0.0,3.866198
0.0,3.866198
11.8606,9.835072
5.83212,5.4596643
0.0,3.866198
0.045982,-0.11355579
0.0,-0.16575587
0.0,3.866198
0.0,4.363959
0.486084,0.6806189
0.0,3.866198
82.7146,77.46946
0.0,3.866198
3.12215,2.7023258
0.0,3.866198
0.0806803,5.9978423
2.03327,2.7761889
0.0297383,-0.27424425
0.0,-1.1758085
0.0,3.866198
0.0,3.866198
3.42381,3.0468469
0.0852943,3.866198
89.6832,83.1022
6.57803,7.2651415
9.95179,9.792655
0.0329746,7.2367697
0.0,-0.35923755
3.45025,10.50544
195.28,21.447077
1.25708,1.2049173
45.9377,45.820583
7.03849,6.9637027
0.0362889,3.866198
22.0206,21.328297
21.6066,19.178158
6.93485,2.0791817
0.0,3.866198
6.70503,4.3020782
4.82437,3.5639324
0.473766,11.324505
2.15402,1.9958214
0.0,3.866198
1.05032,20.381378
0.729187,34.43737
0.0,3.866198
8.65669,7.760783
1.06258,1.0229876
4.52907,15.499289
3.41602,3.2569213
0.0,3.866198
0.0,3.866198
0.814287,11.402784
0.0,3.866198
0.0,3.866198
14.2975,96.92365
10.2526,4.5039983
0.0,3.866198
40.2252,0.19311905
6.84285,11.227371
0.0,1.3960203
49.3187,48.699673
19.4241,19.357958
0.645114,3.866198
0.0,-0.61540043
3.29947,23.074085
3.29546,3.0076766
8.78718,7.869418
4.69737,4.8183646
1.22072,3.866198
0.0363102,-0.5836804
0.0297985,-0.06493467
22.6392,23.197472
34.6966,31.566408
0.0,3.866198
0.298915,19.312061
8.30396,7.485425
22.5331,21.387115
6.67046,25.191181
0.0,3.866198
0.0,3.866198
0.140786,3.866198
0.0,3.866198
0.0,3.866198
0.0289172,-0.2685243
4.30371,4.7163715
0.0609893,3.866198
10.7009,10.683117
0.0,3.866198
0.33863,3.866198
0.0,3.866198
29.0086,11.935938
206.507,201.93922
0.0,3.866198
891.877,902.52136
4.61178,4.400274
0.0,2.2582104
2.97333,6.5273466
238.224,16.401348
0.0,3.866198
7.72727,7.515543
1.53848,617.6985
5.64967,5.573017
0.0,3.866198
0.253644,3.866198
14.9929,21.080387
29.3384,30.408058
0.0322007,33.066433
0.0,3.866198
0.0,3.866198
0.0472634,3.866198
58.1102,35.16586
12.9993,12.889446
16.4448,16.23607
4.39634,4.5039983
2.47586,1.406546
31.7232,32.640892
3.5171,0.4248749
0.620218,0.944928
0.230591,12.270725
0.0314092,3.866198
0.0623884,3.866198
0.256811,3.866198
0.0475428,3.866198
68.9289,65.970184
3.5795,3.3461437
2.97855,3.866198
1.69762,1.5329916
0.0,3.866198
15.9735,15.841562
0.556268,0.6422256
0.0,-0.09256899
0.0,3.866198
8.98008,8.469708
0.0,-0.052807927
47.5839,40.292156
0.014271,-0.082267046
0.233384,274.28452
0.03437,0.8471807
19.4562,18.336765
4.1897,4.072947
0.0,3.866198
4.237,3.6137753
0.0747703,0.155254
19.0873,19.010433
8.74772,8.346685
0.165725,3.866198
66.0095,34.261448
34.3872,25.658615
11.2641,19.367992
0.0396673,3.8811555
15.3628,15.306861
11.911,31.589836
5.64259,2.785325
1.84594,0.32963312
52.9514,49.236595
21.4206,3.866198
0.556268,0.30583197
0.0,3.866198
10.4508,3.866198
21.9927,22.009571
0.782975,0.6592554
4.60452,3.866198
0.430817,0.20602
0.0,3.866198
0.0324436,3.866198
112.365,112.79122
11.2349,11.17753
0.0,-0.09875035
0.121934,3.866198
103.116,43.484753
33.8268,29.834312
21.3463,20.900272
0.0,3.866198
0.0,3.866198
3.12215,2.7023258
0.0,3.866198
0.0,3.866198
0.0,3.866198
0.18013,3.866198
0.0891279,-0.014937043
5.16,4.316136
0.0,3.866198
0.0,-0.1940993
0.394956,4.3650446
4.79727,3.866198
0.0331224,0.019929051
166.297,68.03652
24.8424,23.767569
12.0457,11.767435
1.64473,12.780634
5.52068,5.437191
0.0,3.866198
22.2207,22.619629
0.150147,35.666943
0.0,-0.55060637
10.3538,10.017891
0.0,9.009785
0.161673,3.866198
0.0,2.6361532
0.0,3.866198
0.0,4.003776
0.0,3.866198
0.31557,7.452875
0.0,3.866198
2.66554,64.15359
4.39554,1.9088756
99.9945,96.920364
0.0754227,3.866198
13.2085,14.905109
1.42799,1.0357755
2.56798,3.1615262
0.0,-0.32457364
12.0159,11.560104
28.3986,27.092806
0.0,3.866198
33.774,11.2981415
7.93916,7.610563
5.35623,4.9297266
14.8348,6.3731775
22.6994,22.38349
0.0,3.866198
0.0,39.717945
16.7274,7.033991
0.0,3.866198
0.267529,6.5800724
0.0,3.866198
15.1428,15.59316
4.28886,1.6074375
29.2068,10.888134
0.0,3.866198
128.636,128.70244
0.0,-0.0018486977
0.673946,39.41151
0.0,-0.032628298
71.0243,69.36857
6.83028,5.085964
39.4874,39.346706
0.00485317,3.866198
0.0,3.866198
0.0276747,3.866198
0.0,3.866198
0.19443,-0.0970546
0.432429,3.866198
0.0,-0.6600255
3.80485,3.7290096
138.822,139.0713
0.0950608,3.866198
62.2029,54.598503
11.8329,10.182444
3.79386,3.2616153
0.0621113,5.9152107
9.03346,9.106156
5.47233,4.784774
0.0534402,-0.5951518
0.0,3.866198
12.9993,12.889446
60.3985,59.87875
6.32027,6.1703653
0.0,3.866198
0.0,3.866198
1.2981,3.866198
0.0,12.997374
0.0471666,3.866198
0.0,0.25118053
0.00982299,3.866198
0.548949,11.1547785
0.731623,3.866198
4.51348,4.603457
0.11544,3.866198
16.4448,16.23607
0.875072,0.6653248
441.86,35.554943
6.25644,6.004735
0.0,3.866198
2.95917,2.9813585
0.387227,3.866198
0.0,3.866198
6.18605,6.083956
6.70289,18.2087
0.0,3.866198
14.6294,6.044634
47.7532,1.9817084
0.160392,1.4976529
12.6788,12.437073
88.2999,83.43626
0.491228,3.866198
9.32437,31.618118
0.571642,0.5465895
0.133226,13.283189
0.0,3.866198
26.2865,24.139572
0.0390604,3.866198
0.350174,5.048497
0.0,3.866198
0.0,13.286238
0.496241,1.7909089
8.77471,5.418965
0.0153356,-0.352432
0.185833,3.866198
0.0,-0.27093923
7.82945,12.272288
2.93396,33.284584
0.0,3.866198
92.275,90.453804
69.8636,8.550233
46.9605,26.595148
0.0831501,3.866198
0.0,-0.19013822
1.43988,3.866198
13.3899,12.951613
2.15402,1.9958214
0.242017,0.03956306
12.3578,12.354489
9.40351,8.491345
0.530209,0.3442906
0.0,3.866198
7.00152,6.118733
13.8431,13.187809
3.6676,20.65679
0.0,3.866198
50.5521,5.8412824
0.0,3.866198
7.64598,6.9027386
8.74577,8.107533
0.097734,3.866198
45.9497,30.169762
40.1683,25.793669
17.5554,48.94886
13.6872,20.664572
0.0,3.866198
0.0,3.866198
12.5184,12.108688
20.4535,21.339752
3.92962,1.7909089
0.0,3.866198
0.800597,3.866198
0.0,3.866198
23.5057,23.750252
7.18879,3.7531972
0.0,3.866198
9.51941,9.528483
0.195798,3.866198
0.0,3.866198
25.3641,24.736717
0.012716,3.866198
0.0,1.9003073
0.0,3.866198
8.16196,12.384287
0.0,-0.1241703
0.0,3.866198
0.210907,-0.6242565
0.0,-0.15673625
46.7275,10.679909
21.4343,8.982882
7.92071,7.788455
0.834837,4.110986
0.0440028,4.8747087
0.0772649,3.866198
0.19443,-0.0970546
16.4448,16.23607
0.921524,0.7406298
0.0,9.564903
0.0,3.866198
7.18879,3.7531972
0.0,3.6319642
4.545,1.1392415
3.8234,17.072062
0.0,3.866198
18.24,17.388844
54.4632,54.524914
0.0,3.866198
0.529795,3.866198
0.0,1.7717396
0.0,3.866198
82.423,80.56829
13.1672,6.220005
0.529947,30.048647
8.53085,16.528837
27.1519,7.3492565
0.720367,3.866198
3.42105,10.891104
0.0,3.866198
11.3911,10.876737
6.10661,4.9810157
0.0,3.866198
0.0,3.866198
0.0307666,3.6834655
7.95512,7.8775597
0.0,3.866198
6.89367,6.9978456
0.0,3.866198
0.0,3.866198
4.22201,4.4518995
5.3686,0.08937514
10.5708,9.887643
10.0146,6.5273466
19.0535,18.543482
0.0,3.866198
0.0,3.866198
14.8916,13.972649
53.0483,53.673504
0.0,0.71047556
0.106439,0.9822669
1.00717,0.70121646
1.52594,-0.3050686
0.0415987,0.36072493
0.0,3.866198
27.7434,22.862286
0.027453,-0.12763774
0.0,3.866198
0.134373,-0.15095484
25.7614,12.789928
0.173196,6.7276955
0.237729,1.4830953
42.1167,39.196236
0.0,3.866198
0.0,3.866198
6.43976,6.4065084
36.2545,10.126625
11.3911,10.876737
17.6696,17.264772
5.78663,5.3719907
4.545,1.1392415
5.79969,4.941698
0.548949,11.1547785
14.7455,3.866198
7.68695,3.3402405
2.738,2.369852
0.0,3.866198
12.7752,12.219522
41.4786,43.43485
89.6832,83.1022
0.0,3.866198
0.0,3.866198
0.403338,0.05507624
0.0,3.866198
75.3521,79.75654
27.2276,27.026915
0.0,9.009785
0.051393,6.6619825
0.0,1.3524797
4.88341,4.3870287
2.59898,2.4769878
57.2468,15.256477
45.7714,46.786324
0.0,3.866198
2.90855,2.815277
2.7782,3.0920749
3.80485,3.8670464
0.0,3.866198
0.620975,3.866198
5.22933,4.7554607
35.4146,10.3542385
3.31974,4.415101
0.0,-0.10952747
2.0112,48.380005
19.7847,25.092052
92.8442,101.87142
23.569,23.31148
27.4125,3.866198
0.0,3.866198
14.1939,5.4275265
0.0,-0.1397199
0.0,3.866198
0.0,3.866198
28.5582,4.391783
3.02328,2.7703185
0.0,3.866198
90.9479,3.8129067
0.0,3.866198
8.51378,8.373174
0.885176,1.4035817
0.0349215,6.850397
0.0,3.866198
0.0258166,3.866198
0.0,3.866198
5.1564,4.8026876
0.217464,1.5749614
0.0852943,3.866198
238.555,26.107517
10.4473,10.304743
0.0,3.866198
0.0,3.866198
0.153628,-0.360237
23.5057,23.115341
39.8526,13.455754
0.0,3.866198
0.0211065,3.866198
0.478407,3.866198
0.04007,3.9238791
0.0247727,0.23894751
0.0647753,3.866198
0.0,3.866198
13.6915,13.231585
0.123364,21.488005
0.0,3.866198
4.99855,4.684406
5.65579,3.7642035
5.62209,5.140415
1.13347,0.9435514
0.0,-0.3743919
0.0,3.866198
0.0104508,0.13499582
3.8263,2.7939782
3.12729,0.37624896
16.8602,0.7831582
0.0541491,3.866198
19.9297,19.926643
0.0362714,2.2296028
15.8452,25.658615
2.5717,10.301741
7.577,17.882269
0.0,3.866198
0.0244386,1.3079319
1.98213,2.1784072
0.0,3.866198
5.54281,0.37951314
108.9,26.351345
0.0814258,3.866198
0.205377,0.0763253
3.62445,3.59053
0.0,3.866198
0.0,3.866198
0.0722256,15.3912525
24.2596,23.247513
13.7987,19.250088
42.3715,4.985914
0.0,-0.017983794
20.3765,5.187245
28.1376,27.366669
7.32787,6.4171176
0.0527473,11.792548
53.5033,52.971233
0.0,3.866198
115.716,48.380005
0.0,3.866198
5.35409,3.1635008
0.0,-0.1744585
5.23978,2.5447211
2.04185,79.30353
0.0,3.866198
10.9407,10.932291
15.7407,15.742082
0.124035,3.866198
0.0146014,3.866198
0.0,3.866198
15.9171,17.35371
0.0,3.866198
24.5863,11.174662
17.9272,22.795513
0.353843,5.3935046
0.0,0.110138655
0.227111,3.866198
0.0,3.866198
0.0,-0.5493964
27.6481,28.16872
0.0327252,3.866198
23.3703,9.362732
0.0410215,3.866198
0.0,3.866198
0.0,1.7259667
0.0,-0.20091736
0.137928,0.94810593
0.0,3.866198
0.0541491,3.866198
6.72939,5.7078557
0.0544411,3.866198
8.36754,8.437724
118.592,116.563126
0.288601,0.09530389
2.36522,1.1392415
6.58495,7.6563168
0.0,2.7226052
0.0,13.31294
9.98324,9.373223
0.0,3.866198
17.0974,9.180494
0.0407668,3.866198
0.0,3.866198
51.4147,9.666822
52.3091,50.344128
8.8373,2.9681478
0.0,3.866198
13.4114,6.2620153
0.571642,0.5465895
0.55758,8.154435
6.39349,6.176024
38.704,38.16728
5.08154,4.6018047
9.12761,7.981824
0.0,3.866198
3.56694,3.1989932
0.0672431,3.866198
0.0301766,-0.42393434
0.0,3.866198
1.00418,3.866198
11.9358,11.814865
679.721,626.96765
15.6481,14.873714
61.6673,18.350895
0.0,3.866198
3.7689,3.7493997
12.6931,12.453398
0.82062,5.078724
0.0,3.866198
0.0983347,3.866198
17.5578,17.612125
0.0,3.866198
29.5091,29.945541
0.0280649,-0.37211168
5.57964,5.3290534
1.55944,2.8785033
0.0929055,-1.0945505
10.5708,9.887643
0.0,3.9546037
1.90718,7.418292
0.0,33.743084
0.0,3.866198
17.6053,17.315481
31.6466,30.601717
0.688051,0.5135478
0.0,3.866198
0.368738,4.9831905
0.016778,5.9684734
1.19094,3.866198
0.0,0.08260286
0.0233073,3.866198
1.04654,0.45861113
4.18634,4.7793155
10.5992,10.683914
0.530209,0.3442906
16.1526,5.3646474
0.0227304,0.27833402
4.21751,3.866198
157.205,57.908955
0.0,3.866198
9.5994,26.148544
7.58157,7.2624373
10.094,9.118744
0.0,3.866198
371.009,-0.024051428
0.0,3.866198
0.0,3.866198
0.0,3.866198
98.9403,43.450504
2.66615,2.633699
30.2328,10.657299
0.465225,0.06955075
60.8617,60.720234
96.9964,30.959234
8.8373,2.9681478
1.74564,1.032791
20.7938,-0.20236647
16.651,16.465904
0.0179047,5.11223
0.0,3.866198
49.3187,48.752853
29.1625,28.606976
0.0,3.866198
0.0,3.866198
0.690548,3.866198
30.0052,24.75301
8.54891,8.466598
9.4149,9.329931
34.3872,25.658615
0.143328,-0.318851
3.34962,2.2366872
0.306591,0.7620002
0.0,3.866198
0.0105311,-0.5641774
11.8048,11.559879
0.193627,3.866198
0.051393,6.6619825
0.0,0.101525545
0.0,-0.1241703
135.348,146.97633
1.02096,0.8760953
1.04382,11.901913
22.1781,21.832058
3.72328,30.430756
7.38977,7.0489306
7.89797,5.4917355
15.3317,18.605911
0.0,3.866198
0.0,-0.2870345
6.84802,7.3517036
0.0,24.53215
7.13458,7.0071945
0.0,3.866198
21.1058,20.204178
0.0,-0.26262903
7.85865,1.2097894
6.51382,3.6333218
0.0401582,3.866198
0.0,3.866198
0.0,3.866198
7.67185,7.479002
57.3396,55.443157
0.0,3.866198
9.60521,-0.014937043
0.0,2.2126923
22.9447,60.582684
22.0206,21.328297
1.9201,19.916168
0.0,-0.015067697
0.0,-0.20091736
0.0,3.866198
0.523938,1.8272458
17.8964,18.521667
1.68959,1.1751872
0.0270283,3.866198
0.118235,3.866198
9.59899,8.463975
0.0,3.866198
0.0,218.90074
0.0,6.8455925
18.1224,17.544018
11.0977,4.7533617
0.0102758,3.866198
5.02155,4.1738653
0.73739,3.866198
39.0521,38.232372
30.4823,13.026962
13.3605,3.3919854
0.0,3.866198
0.40574,-0.20467007
0.0,3.866198
0.0175659,-0.53417885
1.69861,10.61516
12.2738,11.075646
74.6795,73.959526
1.18369,0.9836472
7.50482,6.910961
0.551782,0.45308232
5.35847,5.693628
20.1574,19.863003
8.18569,7.1317997
80.0908,78.01633
28.1376,27.366669
0.387586,0.85259163
3.30789,9.486362
0.0105662,0.72654855
0.222996,0.30583197
0.0,-0.25031626
1.15544,0.9308363
0.0,3.866198
16.1453,15.565027
18.3856,3.866198
0.0541491,3.866198
8.94489,20.039627
10.6702,4.141992
0.0,-0.16877353
8.51827,6.545521
0.0104653,3.866198
60.2093,65.830536
0.0,27.382797
1.15643,4.486525
15.3911,6.717763
45.9377,45.820583
3.84675,1.5262046
0.0324739,9.747769
88.224,84.328865
0.53003,0.37913394
0.0,3.866198
0.600088,-0.032004237
21.411,9.129247
0.0,3.866198
8.67667,8.485078
0.0,3.866198
7.28674,1.8620838
4.80848,4.8978353
5.36806,5.166462
0.0,-0.2998432
3.41602,3.2569213
0.0,3.866198
0.868541,36.516834
0.0,3.866198
6.35632,2.9283953
2.92734,2.5853512
0.0,-0.12371576
0.053634,3.866198
0.0109566,3.866198
24.8391,22.84509
0.0,-0.21955562
19.2937,20.71199
0.0,-0.0074944496
3.55422,4.1634445
0.0,3.866198
0.0,-0.26010764
0.0,0.15271342
2.48352,3.866198
18.8462,18.713642
0.0,-0.610216
97.7892,93.50544
0.0,3.866198
74.3385,73.69287
72.1635,18.32299
0.0175253,3.866198
8.80633,3.866198
1.18369,0.9836472
24.01,8.352706
26.3643,6.7276955
0.568928,3.866198
4.47958,12.836601
11.925,5.363188
0.0556715,-0.8390151
4.92681,59.597378
0.318196,13.3693
0.0,3.866198
0.207055,13.5665245
0.0,3.866198
0.0,4.486525
0.0,3.866198
6.08398,5.5733013
7.9698,4.486827
0.0803287,3.866198
9.50146,9.393347
0.05784,52.104126
0.0171162,3.866198
0.487407,8.904307
14.8365,14.962788
0.0186586,3.866198
0.0,3.866198
0.0256659,10.724562
0.0,3.866198
0.0,-0.5493964
0.0,0.12932563
0.0,3.866198
6.37074,5.2385025
0.38795,3.866198
0.0,4.2869425
0.311563,8.291586
0.0,3.9455543
0.0095824,3.866198
0.0,1.3960203
0.0,-0.013439536
10.5992,10.683914
2.96133,11.414242
0.0,3.866198
0.0,3.866198
0.0,3.866198
0.0,-0.20418
0.0,-0.17804039
0.00521469,3.866198
0.0,3.8913465
0.709381,1.3265232
47.4526,10.190437
0.921524,0.7406298
0.0,3.866198
19.0873,19.010433
0.0,3.866198
22.5498,14.459595
3.8158,3.3950953
8.16661,8.447303
13.0123,8.431425
63.9287,29.868223
0.0372422,-0.2692461
0.0,3.866198
5.78663,5.3719907
0.0,-0.03343892
0.0,3.866198
9.31878,8.991424
19.1878,27.07114
0.0623884,3.866198
17.0974,9.180494
0.0,3.866198
3.90281,1.5315112
0.75264,1.1751872
0.0,3.2192307
11.6433,6.9004555
0.210886,3.866198
0.0233073,3.866198
5.31933,4.6514254
0.431369,5.3646474
0.16686,-0.09281641
21.4206,22.59393
0.0,-0.47996986
0.0,3.866198
0.0,3.866198
2.04957,0.32130682
1.84812,3.866198
1.40311,1.568189
0.0,-0.2353183
0.0354006,3.866198
5.54151,1.6830322
0.0,3.866198
0.0,-0.23694992
0.0445317,0.07420504
0.0176443,3.866198
0.0,3.866198
9.4149,9.329931
21.9108,21.62704
0.0,-0.10220814
0.944647,9.89583
0.720367,6.840133
19.1565,5.9689565
0.0,3.866198
0.0,-0.11560893
0.0,3.866198
0.0,3.866198
0.0274204,3.866198
1231.18,67.74736
0.0,3.3133378
10.3601,9.512141
0.0,-0.2998432
22.6392,23.197472
0.0,3.866198
6.75583,5.805629
0.0,3.866198
0.0,-0.54210424
0.180222,31.108541
4.12583,14.8913555
3.78142,3.226221
0.571642,3.866198
0.024356,-0.26324147
221.788,222.6503
1.00717,0.70121646
0.0,-0.40405643
0.304523,-0.06351435
4.85934,4.665986
20.3765,5.2011514
0.0355344,0.051976442
0.0,3.866198
0.0,3.866198
46.1839,36.85997
0.0,0.43240368
0.712285,6.6529617
0.0,3.866198
1.58275,1.5481302
0.0278994,3.866198
0.0247339,1.2341518
0.645114,3.866198
0.0,3.866198
0.0413947,-0.109004855
0.251745,10.226679
0.0,3.866198
0.0,3.866198
5.42813,0.02359116
0.0,3.866198
0.0,1.3960203
32.6081,31.934004
20.3793,18.183802
9.4149,9.329931
143.223,18.430397
0.0376121,-0.2515657
7.24983,8.933642
3.90281,1.5315112
0.0,3.866198
0.0,5.828152
0.0,3.866198
0.0,-0.19063449
41.4786,40.451424
37.4822,35.490864
1.91787,21.859758
35.8779,31.41035
4.61967,4.203637
5.64967,5.573017
1.67606,0.59026325
0.0533205,0.049854755
31.8361,30.91941
0.195798,3.866198
4.252,3.9329548
0.0,3.866198
3.93245,83.25937
16.075,16.352837
0.156531,3.866198
15.4888,3.866198
0.0,3.866198
7.77633,3.527741
4.51348,4.603457
0.075898,-0.08001864
0.19158,0.081305265
6.04453,2.0364718
0.0,-0.31375182
36.1924,7.2434454
0.0,1.2874379
0.0,3.866198
0.0,-0.43164432
6.17769,4.2585163
23.5057,23.115341
0.051393,6.6619825
163.165,34.36022
0.189067,14.132381
0.0,3.866198
1045.48,472.26547
1.47888,5.6977654
2.47663,1.5880784
18.2498,16.87675
0.0,3.866198
28.7141,-0.29114383
0.836202,9.814219
6.7752,3.866198
0.0,3.866198
5.39369,24.62012
11.9358,11.814865
0.0,0.44601429
4.27785,3.866198
0.0,3.866198
0.391701,0.75616634
7.72727,7.515543
0.0,3.866198
23.1255,22.977577
18.7132,17.735096
1.78476,0.7620002
16.4448,16.23607
0.0198062,3.8324156
0.0,3.866198
0.0,-0.017983794
16.2904,18.223455
1312.75,38.118793
0.0,-0.3338796
0.0546641,3.866198
0.0166473,3.866198
0.0623884,3.866198
0.0,3.866198
16.167,4.486525
1.80725,1.7178282
0.0,3.866198
0.620975,3.866198
1.17115,3.866198
0.0264059,0.07716715
25.1371,24.38144
4.85574,4.3798995
0.0165863,3.866198
0.0,3.866198
0.0,3.866198
40.9894,19.065723
34.8431,33.566494
0.0,2.5208056
15.0934,7.349719
0.0,3.866198
1.20083,1.5006404
0.0431546,3.866198
0.0783148,2.7794828
13.3234,25.521713
0.431208,8.982882
0.0,3.866198
0.0328138,0.93265617
0.0175519,3.866198
10.775,10.91065
0.66808,1.406546
17.2617,14.281113
0.0652121,3.866198
0.0,5.363188
3.9038,16.40903
0.0,4.003776
0.0,1.6044954
0.948007,0.4116801
0.0757449,3.866198
0.0,34.053654
15.8554,14.414819
127.197,1.783047
4.63845,4.5421863
7.56531,7.081008
131.913,71.18433
12.8278,6.0567503
0.0,3.866198
0.0,12.789337
0.0,21.28986
5.34906,0.72654855
16.4448,16.23607
0.0584078,0.39439988
14.0341,24.346663
0.0,0.4341377
1.15144,3.004261
0.0,3.866198
17.243,5.6977654
24.7055,22.698849
0.0,3.866198
5.54151,1.6830322
9.47653,4.943609
0.0,3.866198
5.38804,4.6067414
0.0,3.866198
1.27446,11.794966
18.6327,17.129688
171.987,3.866198
8.18569,7.1317997
2.13995,10.779139
19.0443,18.965536
9.53228,15.5094
226.209,218.14024
0.0,3.866198
0.0,3.866198
3.43098,3.238513
0.0,3.866198
0.0,-0.41692722
0.0810239,-0.076072454
0.0107011,3.866198
45.1614,4.3135033
0.0,3.866198
0.0304709,-0.3869344
7.34111,16.892542
0.0,-0.017983794
0.03394,3.866198
0.02025,3.866198
0.0645255,4.1312957
5.1564,4.8026876
5.89065,20.376595
19.6408,19.3786
6.61661,6.4972935
13.1106,8.937871
8.76368,7.354799
0.0,-0.47296357
12.3578,12.354489
0.0,3.866198
0.33863,3.866198
0.0297015,3.866198
4.28886,2.4004064
0.025486,2.9681478
11.3911,11.190102
9.33523,9.01784
19.5016,19.171928
11.3911,11.190102
0.102663,3.866198
0.029949,1.9132024
755.335,88.33134
127.057,37.198185
12.9993,12.889446
7.44957,3.706008
0.0272456,3.866198
0.0,-0.2917546
323.72,3.866198
1.02096,0.8760953
0.00807543,3.866198
0.173498,3.866198
25.8726,11.653978
10.9414,3.4371042
211.163,207.52278
52.1071,7.6929255
10.7396,10.369144
0.0,9.606948
0.0657912,-0.3919338
0.080121,3.866198
1.2714,3.866198
0.0,-0.247697
31.6466,30.601717
6.32027,6.1703653
10.9808,10.788778
6.1193,5.7424717
22.2086,21.519325
24.7151,50.541584
0.0,3.866198
0.140786,3.866198
20.1486,22.093052
31.6073,28.634296
43.9011,42.53319
0.0181711,3.866198
0.0,-0.40405643
2.47586,1.406546
0.0,3.866198
11.566,11.085856
0.174932,-0.37150633
7.88268,8.080298
2.29405,1.0475383
12.4639,3.866198
1.26006,0.21605217
22.2555,22.431278
0.0,3.866198
9.91484,5.11223
29.7447,31.28106
1.69555,1.4133903
64.8804,26.5373
0.0,3.866198
0.0,3.866198
0.0,3.866198
0.0,3.866198
14.5422,126.85803
145.657,148.50362
45.6525,45.871326
0.202142,21.168118
0.0,3.866198
0.00684528,4.816367
3.95256,3.866198
0.0,3.866198
11.6114,10.253339
0.836064,3.866198
81.5728,87.46305
0.0,3.866198
0.0227304,0.27833402
3.84675,1.7259667
0.099321,13.187
3.31365,3.8554177
57.049,3.866198
0.0,3.866198
0.00596473,3.866198
0.0,3.8570623
2.61378,2.6365128
6.33662,3.866198
0.0,3.866198
0.0,4.8914585
38.704,38.16728
34.3512,31.156355
4.03114,3.6116285
30.306,28.632553
10.8734,3.649386
2.73699,3.2814555
11.5285,10.047248
0.0181138,-0.09082186
0.0530535,4.2698545
0.182358,3.866198
0.0,3.866198
9.27441,10.681289
0.00433382,3.866198
16.6281,17.240055
0.28751,3.866198
77.0235,75.312965
38.704,38.16728
0.0296009,3.866198
0.0758396,3.866198
0.0489275,71.18433
8.51378,8.373174
21.5146,10.569204
0.0657912,-0.3919338
9.24052,9.02783
0.0,2.6361532
0.0,1.3960203
0.0,3.866198
1.7845,1.4400095
501.184,12.5096655
16.061,3.866198
0.609691,16.341002
8.98122,15.16555
0.161006,-0.059212685
0.0,10.833203
0.0,-0.47299707
0.152698,-0.28905165
0.0219642,5.1661534
0.044806,0.07581222
14.3224,13.696756
0.0097177,3.866198
3.28352,3.866198
0.0,3.866198
20.6263,20.92496
64.8804,26.5373
11.1811,10.352197
29.3879,29.589705
95.5694,93.81867
0.0,3.866198
85.6316,48.94886
6.85145,5.061843
0.0,-0.017983794
62.2277,25.118732
0.195212,-0.32444167
0.020618,-0.31375182
0.00610409,0.0810827
0.180045,9.891888
0.146124,1.3906676
11.7411,12.08737
0.0,3.866198
4.68443,4.469146
36.0404,3.8861847
0.0478645,-0.29623044
0.0,-0.054055452
0.678751,3.866198
5.64451,10.7812805
0.361121,3.866198
0.0,3.866198
9.58637,8.743299
1.20083,1.5006404
11.104,3.866198
0.749724,6.3438296
10.1635,8.355882
0.0,1.3023015
115.406,114.78016
6.59443,44.020718
0.0274204,3.866198
0.0,3.866198
8.36759,8.289701
0.414039,3.866198
5.05107,4.9306927
30.6925,29.971786
2.05356,3.866198
19.8574,10.494244
0.0,3.866198
0.625926,3.866198
0.292217,3.866198
2.38815,2.7726355
20.1487,20.384468
145.657,132.95186
0.0,0.029443622
31.6525,28.378933
21.5036,20.596031
7.59087,6.194334
72.3697,3.866198
6.53582,6.6685076
19.0973,10.403315
24.5835,7.4412537
0.0,3.866198
0.0,7.2367697
0.0258179,10.674508
0.0501277,3.866198
47.44,11.7100525
24.1123,4.9534225
0.18013,3.866198
2.73699,3.2814555
0.568557,0.46466577
16.4118,3.866198
0.0,3.866198
1.67192,4.2606936
0.0,3.866198
15.2282,14.712792
0.0,3.9544878
0.0,-0.47645473
